tree
version=v4
num_class=1
num_tree_per_iteration=1
label_index=0
max_feature_idx=13
objective=huber
feature_names=Column_0 Column_1 Column_2 Column_3 Column_4 Column_5 Column_6 Column_7 Column_8 Column_9 Column_10 Column_11 Column_12 Column_13
feature_infos=[0.014999999999999999:0.95499999999999996] [-2.7577164466275352:2.6677210381128837] [0:0.22510995045958848] [-1.7320508075688836:1.7320508075688898] [0:0.20191272867256294] [-0.55999999999999994:0.53000000000000003] [2.5193080765053328:8.9645958316012049] [-0.99697853247246915:0.99996202555585101] [0:0.87864086105701866] [-2.6029797549941285:2.5159362324328876] [0.0099999999999998979:0.059999999999999998] [-0.99999284996075055:0.99999284996075055] [-0.99999284996075055:0.99999284996075055] [-0.58377772056674326:0.52829972744405018]
tree_sizes=754 769 770 769 768 768 769 770 770 775 769 771 769 776 769 769 769 769 769 770 767 768 771 779 771 771 769 777 772 772 769 769 774 778 770 771 772 771 773 771 771 770 769 770 769 768 770 770 773 771 771 782 771 770 771 770 776 772 771 770 771 771 776 768 771 770 781 771 771 775 771 772 773 771 781 774 770 773 783 771 772 776 785 774 776 775 776 776 774 775 774 772 776 776 781 777 775 782 777 775 780 781 779 781 780 783 781 781 781 780 782 785 771 783 783 782 783 782 773 695 784 784 785 783 785 784 782 785 785 784 781 786 785 787 784 783 786 783 779 781 783 778 692 692 690 690 692 690 789 692 693 693 787 690 694 696 688 786 786 788 786 786 693 692 784 696 695 697 691 694 695 694 696 788 696 694 695 696 696 699 695 696 695 698 697 700 694 697 699 696 789 698 697 695 790 699 697 698 694 700 697 698 698 696 694 698 698 694 696 694 699 699 789 696 792 699 696 699 697 697 700 696 698 697 698 695 701 698 697 700 696 696 786 785 698 695 700 694 783 697 699 703 787 699 702 698 698 792 695 790 701 703 786 698 785 792 700 702 793 702 700 793 700 789 703 787 796 702 702 790 787 794 701 704 703 795 788 700 701 697 794 792 793 792 704 698 795 791 793 704 789 793 790 792 792 703 786 789 704 792 788 790 702 783 792 789 705 784 794 793 791 789 785 699 792 698 705 704 784 795 784 793 785 783 701 792 785 706 785 792 702 785 702 699 786 705 697 785 706 790 700 702 705 698 704 788 705 612 697 704 521 706 704 524 704 612 521 786 706 701 522 700 701 527 790 700 608 792 706 526 525 518 704 696 612 790 526 785 525 703 526 703 525 790 608 704 794 700 701 521 702 525 697 791 609 605 790 703 706 610 524 702 793 700 525 610 704 523 791 612 700 704 610 698 525 788 517 613 525 703 522 702 790 520 706 525 705 521 787 607 701 792 608 705 521 523 705 613 519 791 702 703 609 794 522 707 525 612 526 519 607 791 706 613 527 787 522 523 614 608 706 795 521 612 524 792 612 523 794 610 707 523 613 522 609 608 702 786 793 614 610 519 793 522 613 609 521 794 793 610 611 611 790 610 783 522 521 703 613 791 609 792 521 524 608 791 706 788 786 521 612 525 523 795 609 795 612 790 610 794 787 790 523 609 608 705 794 794 523 614 788 611 796 522 707 702 609 703 793 613 788 611 613 704 704 702 523 706 609 704 614 705 702 789 704 704 523 526 701 612 704 795 703 612 702 705 703 614 705 524 792 612 610 788 609 523 614 793 522 611 707 706 797 705 613 610 703 612 523 613 785 523 791 705 703 610 618 612 793 700 615 614 700 707 618 706 522 612 704 789 706 616 614 791 609 607 522 615 609 526 795 706 612 704 615 524 611 704 796 701 706 702 702 613 704 706 613 613 701 614 521 611 611 611 527 792 614 607 521 522 708 527 786 526 521 612 614 527 525 615 524 612 614 793 697 524 696 527 612 611 701 612 524 522 527 613 613 614 613 702 607 610 523 523 527 525 610 797 703 524 523 790 524 702 613 705 705 706 795 612 705 707 793 617 702 524 526 611 705 706 612 615 705 702 705 709 707 614 527 523 614 614 702 707 791 614 524 614 613 524 703 791 794 525 704 615 704 793 703 522 527 524 610 612 615 791 696 701 794 521

Tree=0
num_leaves=7
num_cat=0
split_feature=0 0 0 8 6 3
split_gain=52.3298 8.43922 6.27198 1.89695 1.73496 0.916246
threshold=0.46000000000000002 0.58750000000000002 0.26000000000000006 0.67872459013342301 6.806497439499811 1.2602520756252071
decision_type=2 2 2 2 2 2
left_child=2 3 -1 -2 -4 -3
right_child=1 5 4 -5 -6 -7
leaf_value=-0.057526574621847321 -0.050947391616320413 -0.047465135701159129 -0.05451844536155951 -0.048366628201574502 -0.05246564189903738 -0.04571575927175632
leaf_weight=228 412 488 420 152 294 195
leaf_count=228 412 488 420 152 294 195
internal_value=-0.0511046 -0.0484203 -0.0546512 -0.0502378 -0.0536916 -0.0469334
internal_weight=2189 1247 942 564 714 683
internal_count=2189 1247 942 564 714 683
is_linear=0
shrinkage=1


Tree=1
num_leaves=7
num_cat=0
split_feature=0 0 0 8 6 8
split_gain=52.0078 8.2615 6.27198 1.89695 1.73496 0.633906
threshold=0.46000000000000002 0.58750000000000002 0.26000000000000006 0.67872459013342301 6.806497439499811 0.63387932992119733
decision_type=2 2 2 2 2 2
left_child=2 3 -1 -2 -4 -3
right_child=1 5 4 -5 -6 -7
leaf_value=-0.0068669527896995713 -0.00028776978417266187 0.0042302955407194981 -0.0038588235294117648 0.0022929936305732487 -0.001806020066889632 0.0028452342664395118
leaf_weight=228 412 405 420 152 294 278
leaf_count=228 412 405 420 152 294 278
internal_value=-0.000455961 0.00222015 -0.00399155 0.000421793 -0.00303199 0.00369131
internal_weight=2189 1247 942 564 714 683
internal_count=2189 1247 942 564 714 683
is_linear=0
shrinkage=0.02


Tree=2
num_leaves=7
num_cat=0
split_feature=0 0 0 6 3 3
split_gain=51.6927 8.08897 6.27198 1.73496 1.57114 0.880043
threshold=0.46000000000000002 0.58750000000000002 0.26000000000000006 6.806497439499811 -0.57735026918962495 1.2602520756252071
decision_type=2 2 2 2 2 2
left_child=2 4 -1 -4 -2 -3
right_child=1 5 3 -5 -6 -7
leaf_value=-0.0068669527896995713 0.0018500000000000001 0.0031357477995251543 -0.0038588235294117648 -0.001806020066889632 -0.00034759358288770055 0.0048505988322198393
leaf_weight=228 195 488 420 294 369 195
leaf_count=228 195 488 420 294 369 195
internal_value=-0.000466708 0.00220131 -0.00399155 -0.00303199 0.000421793 0.00365704
internal_weight=2189 1247 942 714 564 683
internal_count=2189 1247 942 714 564 683
is_linear=0
shrinkage=0.02


Tree=3
num_leaves=7
num_cat=0
split_feature=0 0 0 8 6 3
split_gain=51.3786 7.91822 6.27198 1.89695 1.73496 0.851903
threshold=0.46000000000000002 0.58750000000000002 0.26000000000000006 0.67872459013342301 6.806497439499811 1.2602520756252071
decision_type=2 2 2 2 2 2
left_child=2 3 -1 -2 -4 -3
right_child=1 5 4 -5 -6 -7
leaf_value=-0.0068669527896995713 -0.00028776978417266187 0.0031091606616973876 -0.0038588235294117648 0.0022929936305732487 -0.001806020066889632 0.0047982123903930187
leaf_weight=228 412 488 420 152 294 195
leaf_count=228 412 488 420 152 294 195
internal_value=-0.000477457 0.00218247 -0.00399155 0.000421793 -0.00303199 0.00362276
internal_weight=2189 1247 942 564 714 683
internal_count=2189 1247 942 564 714 683
is_linear=0
shrinkage=0.02


Tree=4
num_leaves=7
num_cat=0
split_feature=0 0 0 8 6 3
split_gain=51.0684 7.75088 6.27198 1.89695 1.73496 0.824581
threshold=0.46000000000000002 0.58750000000000002 0.26000000000000006 0.67872459013342301 6.806497439499811 1.2602520756252071
decision_type=2 2 2 2 2 2
left_child=2 3 -1 -2 -4 -3
right_child=1 5 4 -5 -6 -7
leaf_value=-0.0068669527896995713 -0.00028776978417266187 0.0030827990301240532 -0.0038588235294117648 0.0022929936305732487 -0.001806020066889632 0.004746391768008471
leaf_weight=228 412 488 420 152 294 195
leaf_count=228 412 488 420 152 294 195
internal_value=-0.000488105 0.00216382 -0.00399155 0.000421793 -0.00303199 0.00358881
internal_weight=2189 1247 942 564 714 683
internal_count=2189 1247 942 564 714 683
is_linear=0
shrinkage=0.02


Tree=5
num_leaves=7
num_cat=0
split_feature=0 0 0 8 6 3
split_gain=50.7607 7.58617 6.27198 1.89695 1.73496 0.79747
threshold=0.46000000000000002 0.58750000000000002 0.26000000000000006 0.67872459013342301 6.806497439499811 1.2602520756252071
decision_type=2 2 2 2 2 2
left_child=2 3 -1 -2 -4 -3
right_child=1 5 4 -5 -6 -7
leaf_value=-0.0068669527896995713 -0.00028776978417266187 0.0030566610033202607 -0.0038588235294117648 0.0022929936305732487 -0.001806020066889632 0.0046946175403892992
leaf_weight=228 412 488 420 152 294 195
leaf_count=228 412 488 420 152 294 195
internal_value=-0.000498698 0.00214525 -0.00399155 0.000421793 -0.00303199 0.00355503
internal_weight=2189 1247 942 564 714 683
internal_count=2189 1247 942 564 714 683
is_linear=0
shrinkage=0.02


Tree=6
num_leaves=7
num_cat=0
split_feature=0 0 0 8 6 3
split_gain=50.4532 7.42288 6.27198 1.89695 1.73496 0.769627
threshold=0.46000000000000002 0.58750000000000002 0.26000000000000006 0.67872459013342301 6.806497439499811 1.2602520756252071
decision_type=2 2 2 2 2 2
left_child=2 3 -1 -2 -4 -3
right_child=1 5 4 -5 -6 -7
leaf_value=-0.0068669527896995713 -0.00028776978417266187 0.0030307443974951459 -0.0038588235294117648 0.0022929936305732487 -0.001806020066889632 0.0046420378640294078
leaf_weight=228 412 488 420 152 294 195
leaf_count=228 412 488 420 152 294 195
internal_value=-0.000509314 0.00212665 -0.00399155 0.000421793 -0.00303199 0.00352117
internal_weight=2189 1247 942 564 714 683
internal_count=2189 1247 942 564 714 683
is_linear=0
shrinkage=0.02


Tree=7
num_leaves=7
num_cat=0
split_feature=0 0 0 6 8 0
split_gain=50.1447 7.27551 6.27198 1.73496 1.44643 0.890596
threshold=0.46000000000000002 0.55000000000000016 0.26000000000000006 6.806497439499811 0.59875449435983441 0.58750000000000002
decision_type=2 2 2 2 2 2
left_child=2 4 -1 -4 -2 -3
right_child=1 5 3 -5 -6 -7
leaf_value=-0.0068669527896995713 -0.0013333333333333333 0.0017088607594936708 -0.0038588235294117648 -0.001806020066889632 0.0010176991150442479 0.0034870910563311259
leaf_weight=228 190 153 420 294 221 683
leaf_count=228 190 153 420 294 221 683
internal_value=-0.000520001 0.00210792 -0.00399155 -0.00303199 -7.21154e-05 0.00317374
internal_weight=2189 1247 942 714 411 836
internal_count=2189 1247 942 714 411 836
is_linear=0
shrinkage=0.02


Tree=8
num_leaves=7
num_cat=0
split_feature=0 0 0 6 8 0
split_gain=49.8345 7.15007 6.27198 1.73496 1.44643 0.853924
threshold=0.46000000000000002 0.55000000000000016 0.26000000000000006 6.806497439499811 0.59875449435983441 0.58750000000000002
decision_type=2 2 2 2 2 2
left_child=2 4 -1 -4 -2 -3
right_child=1 5 3 -5 -6 -7
leaf_value=-0.0068669527896995713 -0.0013333333333333333 0.0017088607594936708 -0.0038588235294117648 -0.001806020066889632 0.0010176991150442479 0.0034527270726556346
leaf_weight=228 190 153 420 294 221 683
leaf_count=228 190 153 420 294 221 683
internal_value=-0.000530777 0.00208904 -0.00399155 -0.00303199 -7.21154e-05 0.00314563
internal_weight=2189 1247 942 714 411 836
internal_count=2189 1247 942 714 411 836
is_linear=0
shrinkage=0.02


Tree=9
num_leaves=7
num_cat=0
split_feature=0 0 0 8 13 0
split_gain=49.5283 7.02693 6.27198 1.44643 0.833803 0.818342
threshold=0.46000000000000002 0.55000000000000016 0.26000000000000006 0.59875449435983441 -0.10518091328739557 0.58750000000000002
decision_type=2 2 2 2 8 2
left_child=2 3 -1 -2 -4 -3
right_child=1 5 4 -5 -6 -7
leaf_value=-0.0068669527896995713 -0.0013333333333333333 0.0017088607594936708 -0.0018274111675126903 0.0010176991150442479 -0.0034535104364326373 0.0034187014974913629
leaf_weight=228 190 153 192 221 522 683
leaf_count=228 190 153 192 221 522 683
internal_value=-0.000541446 0.00207034 -0.00399155 -7.21154e-05 -0.00303199 0.0031178
internal_weight=2189 1247 942 411 714 836
internal_count=2189 1247 942 411 714 836
is_linear=0
shrinkage=0.02


Tree=10
num_leaves=7
num_cat=0
split_feature=0 0 0 6 8 0
split_gain=49.2261 6.90605 6.27198 1.73496 1.44643 0.78382
threshold=0.46000000000000002 0.55000000000000016 0.26000000000000006 6.806497439499811 0.59875449435983441 0.58750000000000002
decision_type=2 2 2 2 2 2
left_child=2 4 -1 -4 -2 -3
right_child=1 5 3 -5 -6 -7
leaf_value=-0.0068669527896995713 -0.0013333333333333333 0.0017088607594936708 -0.0038588235294117648 -0.001806020066889632 0.0010176991150442479 0.003385007588062869
leaf_weight=228 190 153 420 294 221 683
leaf_count=228 190 153 420 294 221 683
internal_value=-0.000552012 0.00205183 -0.00399155 -0.00303199 -7.21154e-05 0.00309023
internal_weight=2189 1247 942 714 411 836
internal_count=2189 1247 942 714 411 836
is_linear=0
shrinkage=0.02


Tree=11
num_leaves=7
num_cat=0
split_feature=0 0 0 6 8 0
split_gain=48.9249 6.78628 6.27198 1.73496 1.44643 0.750027
threshold=0.46000000000000002 0.55000000000000016 0.26000000000000006 6.806497439499811 0.59875449435983441 0.58750000000000002
decision_type=2 2 2 2 2 2
left_child=2 4 -1 -4 -2 -3
right_child=1 5 3 -5 -6 -7
leaf_value=-0.0068669527896995713 -0.0013333333333333333 0.0017088607594936708 -0.0038588235294117648 -0.001806020066889632 0.0010176991150442479 0.0033513325153914997
leaf_weight=228 190 153 420 294 221 683
leaf_count=228 190 153 420 294 221 683
internal_value=-0.000562572 0.00203332 -0.00399155 -0.00303199 -7.21154e-05 0.00306268
internal_weight=2189 1247 942 714 411 836
internal_count=2189 1247 942 714 411 836
is_linear=0
shrinkage=0.02


Tree=12
num_leaves=7
num_cat=0
split_feature=0 0 0 6 8 6
split_gain=48.6269 6.66847 6.27198 1.73496 1.44643 0.734328
threshold=0.46000000000000002 0.55000000000000016 0.26000000000000006 6.806497439499811 0.59875449435983441 6.7490115411977269
decision_type=2 2 2 2 2 2
left_child=2 4 -1 -4 -2 -3
right_child=1 5 3 -5 -6 -7
leaf_value=-0.0068669527896995713 -0.0013333333333333333 0.0035867505751422837 -0.0038588235294117648 -0.001806020066889632 0.0010176991150442479 0.002312506275083968
leaf_weight=228 190 463 420 294 221 373
leaf_count=228 190 463 420 294 221 373
internal_value=-0.000573051 0.00201496 -0.00399155 -0.00303199 -7.21154e-05 0.00303535
internal_weight=2189 1247 942 714 411 836
internal_count=2189 1247 942 714 411 836
is_linear=0
shrinkage=0.02


Tree=13
num_leaves=7
num_cat=0
split_feature=0 0 0 8 13 0
split_gain=48.3593 6.56321 6.27198 1.44643 0.833803 0.688215
threshold=0.46000000000000002 0.55000000000000016 0.26000000000000006 0.59875449435983441 -0.10518091328739557 0.58750000000000002
decision_type=2 2 2 2 8 2
left_child=2 3 -1 -2 -4 -3
right_child=1 5 4 -5 -6 -7
leaf_value=-0.0068669527896995713 -0.0013333333333333333 0.0017088607594936708 -0.0018274111675126903 0.0010176991150442479 -0.0034535104364326373 0.003287809878035427
leaf_weight=228 190 153 192 221 522 683
leaf_count=228 190 153 192 221 522 683
internal_value=-0.000582492 0.00199841 -0.00399155 -7.21154e-05 -0.00303199 0.00301072
internal_weight=2189 1247 942 411 714 836
internal_count=2189 1247 942 411 714 836
is_linear=0
shrinkage=0.02


Tree=14
num_leaves=7
num_cat=0
split_feature=0 0 0 6 8 6
split_gain=48.0531 6.4435 6.27198 1.73496 1.44643 0.724554
threshold=0.46000000000000002 0.55000000000000016 0.26000000000000006 6.806497439499811 0.59875449435983441 6.7490115411977269
decision_type=2 2 2 2 2 2
left_child=2 4 -1 -4 -2 -3
right_child=1 5 3 -5 -6 -7
leaf_value=-0.0068669527896995713 -0.0013333333333333333 0.0035295585800821966 -0.0038588235294117648 -0.001806020066889632 0.0010176991150442479 0.0022656612480601306
leaf_weight=228 190 463 420 294 221 373
leaf_count=228 190 463 420 294 221 373
internal_value=-0.000593321 0.00197944 -0.00399155 -0.00303199 -7.21154e-05 0.00298247
internal_weight=2189 1247 942 714 411 836
internal_count=2189 1247 942 714 411 836
is_linear=0
shrinkage=0.02


Tree=15
num_leaves=7
num_cat=0
split_feature=0 0 0 6 8 6
split_gain=47.7742 6.33505 6.27198 1.73496 1.44643 0.711882
threshold=0.46000000000000002 0.55000000000000016 0.26000000000000006 6.806497439499811 0.59875449435983441 6.7490115411977269
decision_type=2 2 2 2 2 2
left_child=2 4 -1 -4 -2 -3
right_child=1 5 3 -5 -6 -7
leaf_value=-0.0068669527896995713 -0.0013333333333333333 0.003498938883949294 -0.0038588235294117648 -0.001806020066889632 0.0010176991150442479 0.0022461214125471772
leaf_weight=228 190 463 420 294 221 373
leaf_count=228 190 463 420 294 221 373
internal_value=-0.000603219 0.00196209 -0.00399155 -0.00303199 -7.21154e-05 0.00295664
internal_weight=2189 1247 942 714 411 836
internal_count=2189 1247 942 714 411 836
is_linear=0
shrinkage=0.02


Tree=16
num_leaves=7
num_cat=0
split_feature=0 0 0 6 8 6
split_gain=47.4985 6.27198 6.22845 1.73496 1.44643 0.699432
threshold=0.46000000000000002 0.26000000000000006 0.55000000000000016 6.806497439499811 0.59875449435983441 6.7490115411977269
decision_type=2 2 2 2 2 2
left_child=1 -1 4 -3 -2 -4
right_child=2 3 5 -5 -6 -7
leaf_value=-0.0068669527896995713 -0.0013333333333333333 -0.0038588235294117648 0.0034685848990821432 -0.001806020066889632 0.0010176991150442479 0.0022267501500666774
leaf_weight=228 190 420 463 294 221 373
leaf_count=228 190 420 463 294 221 373
internal_value=-0.000613031 -0.00399155 0.0019449 -0.00303199 -7.21154e-05 0.00293105
internal_weight=2189 942 1247 714 411 836
internal_count=2189 942 1247 714 411 836
is_linear=0
shrinkage=0.02


Tree=17
num_leaves=7
num_cat=0
split_feature=0 0 0 6 8 6
split_gain=47.2241 6.27198 6.12298 1.73496 1.44643 0.686829
threshold=0.46000000000000002 0.26000000000000006 0.55000000000000016 6.806497439499811 0.59875449435983441 6.7490115411977269
decision_type=2 2 2 2 2 2
left_child=1 -1 4 -3 -2 -4
right_child=2 3 5 -5 -6 -7
leaf_value=-0.0068669527896995713 -0.0013333333333333333 -0.0038588235294117648 0.0034381970091380627 -0.001806020066889632 0.0010176991150442479 0.0022075459744446179
leaf_weight=228 190 420 463 294 221 373
leaf_count=228 190 420 463 294 221 373
internal_value=-0.000622822 -0.00399155 0.00192774 -0.00303199 -7.21154e-05 0.0029055
internal_weight=2189 942 1247 714 411 836
internal_count=2189 942 1247 714 411 836
is_linear=0
shrinkage=0.02


Tree=18
num_leaves=7
num_cat=0
split_feature=0 0 0 6 8 6
split_gain=46.9477 6.27198 6.01733 1.73496 1.44643 0.673366
threshold=0.46000000000000002 0.26000000000000006 0.55000000000000016 6.806497439499811 0.59875449435983441 6.7490115411977269
decision_type=2 2 2 2 2 2
left_child=1 -1 4 -3 -2 -4
right_child=2 3 5 -5 -6 -7
leaf_value=-0.0068669527896995713 -0.0013333333333333333 -0.0038588235294117648 0.0034071944230514711 -0.001806020066889632 0.0010176991150442479 0.0021885073493436847
leaf_weight=228 190 420 463 294 221 373
leaf_count=228 190 420 463 294 221 373
internal_value=-0.000632715 -0.00399155 0.0019104 -0.00303199 -7.21154e-05 0.00287969
internal_weight=2189 942 1247 714 411 836
internal_count=2189 942 1247 714 411 836
is_linear=0
shrinkage=0.02


Tree=19
num_leaves=7
num_cat=0
split_feature=0 0 0 6 8 6
split_gain=46.6741 6.27198 5.91334 1.73496 1.44643 0.660291
threshold=0.46000000000000002 0.26000000000000006 0.55000000000000016 6.806497439499811 0.59875449435983441 6.7490115411977269
decision_type=2 2 2 2 2 2
left_child=1 -1 4 -3 -2 -4
right_child=2 3 5 -5 -6 -7
leaf_value=-0.0068669527896995713 -0.0013333333333333333 -0.0038588235294117648 0.0033764715273824769 -0.001806020066889632 0.0010176991150442479 0.0021695350736340201
leaf_weight=228 190 420 463 294 221 373
leaf_count=228 190 420 463 294 221 373
internal_value=-0.000642537 -0.00399155 0.00189319 -0.00303199 -7.21154e-05 0.00285407
internal_weight=2189 942 1247 714 411 836
internal_count=2189 942 1247 714 411 836
is_linear=0
shrinkage=0.02


Tree=20
num_leaves=7
num_cat=0
split_feature=0 0 0 6 8 6
split_gain=46.4 6.27198 5.80976 1.73496 1.44643 0.647412
threshold=0.46000000000000002 0.26000000000000006 0.55000000000000016 6.806497439499811 0.59875449435983441 6.7490115411977269
decision_type=2 2 2 2 2 2
left_child=1 -1 4 -3 -2 -4
right_child=2 3 5 -5 -6 -7
leaf_value=-0.0068669527896995713 -0.0013333333333333333 -0.0038588235294117648 0.0033456468048831847 -0.001806020066889632 0.0010176991150442479 0.0021504137390071436
leaf_weight=228 190 420 463 294 221 373
leaf_count=228 190 420 463 294 221 373
internal_value=-0.000652407 -0.00399155 0.00187589 -0.00303199 -7.21154e-05 0.00282832
internal_weight=2189 942 1247 714 411 836
internal_count=2189 942 1247 714 411 836
is_linear=0
shrinkage=0.02


Tree=21
num_leaves=7
num_cat=0
split_feature=0 0 0 6 8 6
split_gain=46.1226 6.27198 5.70561 1.73496 1.44643 0.633582
threshold=0.46000000000000002 0.26000000000000006 0.55000000000000016 6.806497439499811 0.59875449435983441 6.7490115411977269
decision_type=2 2 2 2 2 2
left_child=1 -1 4 -3 -2 -4
right_child=2 3 5 -5 -6 -7
leaf_value=-0.0068669527896995713 -0.0013333333333333333 -0.0038588235294117648 0.003314049079711748 -0.001806020066889632 0.0010176991150442479 0.0021314127267234857
leaf_weight=228 190 420 463 294 221 373
leaf_count=228 190 420 463 294 221 373
internal_value=-0.000662421 -0.00399155 0.00185835 -0.00303199 -7.21154e-05 0.0028022
internal_weight=2189 942 1247 714 411 836
internal_count=2189 942 1247 714 411 836
is_linear=0
shrinkage=0.02


Tree=22
num_leaves=7
num_cat=0
split_feature=0 0 0 6 8 8
split_gain=45.8487 6.27198 5.60335 1.73496 1.44643 0.628039
threshold=0.46000000000000002 0.26000000000000006 0.55000000000000016 6.806497439499811 0.59875449435983441 0.63387932992119733
decision_type=2 2 2 2 2 2
left_child=1 -1 4 -3 -2 -4
right_child=2 3 5 -5 -6 -7
leaf_value=-0.0068669527896995713 -0.0013333333333333333 -0.0038588235294117648 0.0032585471865093831 -0.001806020066889632 0.0010176991150442479 0.0020735782911226654
leaf_weight=228 190 420 485 294 221 351
leaf_count=228 190 420 485 294 221 351
internal_value=-0.000672342 -0.00399155 0.00184096 -0.00303199 -7.21154e-05 0.00277632
internal_weight=2189 942 1247 714 411 836
internal_count=2189 942 1247 714 411 836
is_linear=0
shrinkage=0.02


Tree=23
num_leaves=7
num_cat=0
split_feature=5 5 5 4 3 7
split_gain=30.549 2.77729 2.57531 2.92071 1.59217 1.00094
threshold=-0.042500000000000003 0.080000000000000043 -0.20999999999999991 0.040311288741492778 -0.57735026918963528 -0.49326140889570363
decision_type=2 2 2 2 2 2
left_child=2 4 -1 -4 -2 -3
right_child=1 5 3 -5 -6 -7
leaf_value=-0.0061111111111111114 0.0016216010661939016 0.0034472710386528604 -0.0040571116392429055 -0.0010471204188481676 -0.00027524175859398121 0.0015872823573336318
leaf_weight=157 255 166 450 186 551 424
leaf_count=157 255 166 450 186 551 424
internal_value=-0.000682305 0.00109851 -0.00380449 -0.00319187 0.000331174 0.00213517
internal_weight=2189 1396 793 636 806 590
internal_count=2189 1396 793 636 806 590
is_linear=0
shrinkage=0.02


Tree=24
num_leaves=7
num_cat=0
split_feature=0 0 0 6 8 2
split_gain=45.415 6.27198 5.44273 1.73496 1.44643 0.667627
threshold=0.46000000000000002 0.26000000000000006 0.55000000000000016 6.806497439499811 0.59875449435983441 0.033628304294860141
decision_type=2 2 2 2 2 2
left_child=1 -1 4 -3 -2 -4
right_child=2 3 5 -5 -6 -7
leaf_value=-0.0068669527896995713 -0.0013333333333333333 -0.0038588235294117648 0.0038295328964269601 -0.001806020066889632 0.0010176991150442479 0.0023951893208747489
leaf_weight=228 190 420 186 294 221 650
leaf_count=228 190 420 186 294 221 650
internal_value=-0.000688109 -0.00399155 0.00181333 -0.00303199 -7.21154e-05 0.00273518
internal_weight=2189 942 1247 714 411 836
internal_count=2189 942 1247 714 411 836
is_linear=0
shrinkage=0.02


Tree=25
num_leaves=7
num_cat=0
split_feature=0 0 0 6 8 2
split_gain=45.1514 6.27198 5.34587 1.73496 1.44643 0.666756
threshold=0.46000000000000002 0.26000000000000006 0.55000000000000016 6.806497439499811 0.59875449435983441 0.033628304294860141
decision_type=2 2 2 2 2 2
left_child=1 -1 4 -3 -2 -4
right_child=2 3 5 -5 -6 -7
leaf_value=-0.0068669527896995713 -0.0013333333333333333 -0.0038588235294117648 0.0038027029074923532 -0.001806020066889632 0.0010176991150442479 0.0023707844185507821
leaf_weight=228 190 420 186 294 221 650
leaf_count=228 190 420 186 294 221 650
internal_value=-0.00069773 -0.00399155 0.00179647 -0.00303199 -7.21154e-05 0.00271008
internal_weight=2189 942 1247 714 411 836
internal_count=2189 942 1247 714 411 836
is_linear=0
shrinkage=0.02


Tree=26
num_leaves=7
num_cat=0
split_feature=0 0 0 6 8 6
split_gain=44.8884 6.27198 5.24983 1.73496 1.44643 0.625741
threshold=0.46000000000000002 0.26000000000000006 0.55000000000000016 6.806497439499811 0.59875449435983441 6.7490115411977269
decision_type=2 2 2 2 2 2
left_child=1 -1 4 -3 -2 -4
right_child=2 3 5 -5 -6 -7
leaf_value=-0.0068669527896995713 -0.0013333333333333333 -0.0038588235294117648 0.0031917615027095263 -0.001806020066889632 0.0010176991150442479 0.0020220003579004063
leaf_weight=228 190 420 463 294 221 373
leaf_count=228 190 420 463 294 221 373
internal_value=-0.000707356 -0.00399155 0.0017796 -0.00303199 -7.21154e-05 0.00268497
internal_weight=2189 942 1247 714 411 836
internal_count=2189 942 1247 714 411 836
is_linear=0
shrinkage=0.02


Tree=27
num_leaves=7
num_cat=0
split_feature=5 5 4 5 3 7
split_gain=29.8826 2.57383 2.9228 2.54547 1.59704 0.996324
threshold=-0.042500000000000003 -0.20999999999999991 0.040311288741492778 0.080000000000000043 -0.57735026918963528 -0.49326140889570363
decision_type=2 2 2 2 2 2
left_child=1 -1 -3 4 -2 -5
right_child=3 2 -4 5 -6 -7
leaf_value=-0.0061111111111111114 0.0016020947584810738 -0.004058175431503044 -0.0010471204188481676 0.0033434272274832457 -0.00029754531321872914 0.001492004109273007
leaf_weight=157 255 450 186 166 551 424
leaf_count=157 255 450 186 166 551 424
internal_value=-0.000717213 -0.0038051 -0.00319262 0.00104419 0.000309629 0.00203663
internal_weight=2189 793 636 1396 806 590
internal_count=2189 793 636 1396 806 590
is_linear=0
shrinkage=0.02


Tree=28
num_leaves=7
num_cat=0
split_feature=0 0 0 6 8 2
split_gain=44.4683 6.27198 5.09768 1.73496 1.44643 0.693812
threshold=0.46000000000000002 0.26000000000000006 0.55000000000000016 6.806497439499811 0.59875449435983441 0.033628304294860141
decision_type=2 2 2 2 2 2
left_child=1 -1 4 -3 -2 -4
right_child=2 3 5 -5 -6 -7
leaf_value=-0.0068669527896995713 -0.0013333333333333333 -0.0038588235294117648 0.0037541991228930145 -0.001806020066889632 0.0010176991150442479 0.0023009927104518726
leaf_weight=228 190 420 186 294 221 650
leaf_count=228 190 420 186 294 221 650
internal_value=-0.000722788 -0.00399155 0.00175256 -0.00303199 -7.21154e-05 0.00264471
internal_weight=2189 942 1247 714 411 836
internal_count=2189 942 1247 714 411 836
is_linear=0
shrinkage=0.02


Tree=29
num_leaves=7
num_cat=0
split_feature=0 0 0 6 8 2
split_gain=44.2113 6.27198 5.00534 1.73496 1.44643 0.691048
threshold=0.46000000000000002 0.26000000000000006 0.55000000000000016 6.806497439499811 0.59875449435983441 0.033628304294860141
decision_type=2 2 2 2 2 2
left_child=1 -1 4 -3 -2 -4
right_child=2 3 5 -5 -6 -7
leaf_value=-0.0068669527896995713 -0.0013333333333333333 -0.0038588235294117648 0.0037264580116546297 -0.001806020066889632 0.0010176991150442479 0.0022773349084942475
leaf_weight=228 190 420 186 294 221 650
leaf_count=228 190 420 186 294 221 650
internal_value=-0.000732266 -0.00399155 0.00173595 -0.00303199 -7.21154e-05 0.00261999
internal_weight=2189 942 1247 714 411 836
internal_count=2189 942 1247 714 411 836
is_linear=0
shrinkage=0.02


Tree=30
num_leaves=7
num_cat=0
split_feature=0 0 0 6 8 2
split_gain=43.956 6.27198 4.91416 1.73496 1.44643 0.688209
threshold=0.46000000000000002 0.26000000000000006 0.55000000000000016 6.806497439499811 0.59875449435983441 0.033628304294860141
decision_type=2 2 2 2 2 2
left_child=1 -1 4 -3 -2 -4
right_child=2 3 5 -5 -6 -7
leaf_value=-0.0068669527896995713 -0.0013333333333333333 -0.0038588235294117648 0.0036987534486225449 -0.001806020066889632 0.0010176991150442479 0.002253776337404003
leaf_weight=228 190 420 186 294 221 650
leaf_count=228 190 420 186 294 221 650
internal_value=-0.000741711 -0.00399155 0.0017194 -0.00303199 -7.21154e-05 0.00259535
internal_weight=2189 942 1247 714 411 836
internal_count=2189 942 1247 714 411 836
is_linear=0
shrinkage=0.02


Tree=31
num_leaves=7
num_cat=0
split_feature=0 0 0 6 8 6
split_gain=43.7022 6.27198 4.82413 1.73496 1.44643 0.615698
threshold=0.46000000000000002 0.26000000000000006 0.55000000000000016 6.806497439499811 0.59875449435983441 6.7490115411977269
decision_type=2 2 2 2 2 2
left_child=1 -1 4 -3 -2 -4
right_child=2 3 5 -5 -6 -7
leaf_value=-0.0068669527896995713 -0.0013333333333333333 -0.0038588235294117648 0.0030718219551480672 -0.001806020066889632 0.0010176991150442479 0.0019164589532557382
leaf_weight=228 190 420 463 294 221 373
leaf_count=228 190 420 463 294 221 373
internal_value=-0.000751124 -0.00399155 0.0017029 -0.00303199 -7.21154e-05 0.00257079
internal_weight=2189 942 1247 714 411 836
internal_count=2189 942 1247 714 411 836
is_linear=0
shrinkage=0.02


Tree=32
num_leaves=7
num_cat=0
split_feature=0 0 0 6 3 2
split_gain=43.4408 6.27198 4.73199 1.73496 1.36264 0.693836
threshold=0.46000000000000002 0.26000000000000006 0.55000000000000016 6.806497439499811 -0.53452248382484868 0.033628304294860141
decision_type=2 2 2 2 2 2
left_child=1 -1 4 -3 -2 -4
right_child=2 3 5 -5 -6 -7
leaf_value=-0.0068669527896995713 0.0014193548387096775 -0.0038588235294117648 0.0036508883261341229 -0.001806020066889632 -0.00093984962406015032 0.0022036317426512258
leaf_weight=228 150 420 186 294 261 650
leaf_count=228 150 420 186 294 261 650
internal_value=-0.000760848 -0.00399155 0.00168586 -0.00303199 -7.21154e-05 0.00254542
internal_weight=2189 942 1247 714 411 836
internal_count=2189 942 1247 714 411 836
is_linear=0
shrinkage=0.02


Tree=33
num_leaves=7
num_cat=0
split_feature=0 0 0 8 13 2
split_gain=43.1886 6.27198 4.64368 1.44643 0.833803 0.689817
threshold=0.46000000000000002 0.26000000000000006 0.55000000000000016 0.59875449435983441 -0.10518091328739557 0.033628304294860141
decision_type=2 2 2 2 8 2
left_child=1 -1 3 -2 -3 -4
right_child=2 4 5 -5 -6 -7
leaf_value=-0.0068669527896995713 -0.0013333333333333333 -0.0018274111675126903 0.0036224543876672917 0.0010176991150442479 -0.0034535104364326373 0.0021804062668731765
leaf_weight=228 190 192 186 221 522 650
leaf_count=228 190 192 186 221 522 650
internal_value=-0.000770258 -0.00399155 0.00166937 -7.21154e-05 -0.00303199 0.00252087
internal_weight=2189 942 1247 411 714 836
internal_count=2189 942 1247 411 714 836
is_linear=0
shrinkage=0.02


Tree=34
num_leaves=7
num_cat=0
split_feature=0 0 0 6 8 2
split_gain=42.9376 6.27198 4.55637 1.73496 1.44643 0.685229
threshold=0.46000000000000002 0.26000000000000006 0.55000000000000016 6.806497439499811 0.59875449435983441 0.033628304294860141
decision_type=2 2 2 2 2 2
left_child=1 -1 4 -3 -2 -4
right_child=2 3 5 -5 -6 -7
leaf_value=-0.0068669527896995713 -0.0013333333333333333 -0.0038588235294117648 0.0035936470757145923 -0.001806020066889632 0.0010176991150442479 0.002157346918210316
leaf_weight=228 190 420 186 294 221 650
leaf_count=228 190 420 186 294 221 650
internal_value=-0.00077965 -0.00399155 0.00165291 -0.00303199 -7.21154e-05 0.00249637
internal_weight=2189 942 1247 714 411 836
internal_count=2189 942 1247 714 411 836
is_linear=0
shrinkage=0.02


Tree=35
num_leaves=7
num_cat=0
split_feature=0 0 0 6 8 2
split_gain=42.688 6.27198 4.47008 1.73496 1.44643 0.680852
threshold=0.46000000000000002 0.26000000000000006 0.55000000000000016 6.806497439499811 0.59875449435983441 0.033628304294860141
decision_type=2 2 2 2 2 2
left_child=1 -1 4 -3 -2 -4
right_child=2 3 5 -5 -6 -7
leaf_value=-0.0068669527896995713 -0.0013333333333333333 -0.0038588235294117648 0.0035650483822128225 -0.001806020066889632 0.0010176991150442479 0.0021343010914910104
leaf_weight=228 190 420 186 294 221 650
leaf_count=228 190 420 186 294 221 650
internal_value=-0.000789019 -0.00399155 0.00163649 -0.00303199 -7.21154e-05 0.00247193
internal_weight=2189 942 1247 714 411 836
internal_count=2189 942 1247 714 411 836
is_linear=0
shrinkage=0.02


Tree=36
num_leaves=7
num_cat=0
split_feature=0 0 0 6 8 2
split_gain=42.4385 6.27198 4.38445 1.73496 1.44643 0.675439
threshold=0.46000000000000002 0.26000000000000006 0.55000000000000016 6.806497439499811 0.59875449435983441 0.033628304294860141
decision_type=2 2 2 2 2 2
left_child=1 -1 4 -3 -2 -4
right_child=2 3 5 -5 -6 -7
leaf_value=-0.0068669527896995713 -0.0013333333333333333 -0.0038588235294117648 0.0035356312492833089 -0.001806020066889632 0.0010176991150442479 0.0021114313244705893
leaf_weight=228 190 420 186 294 221 650
leaf_count=228 190 420 186 294 221 650
internal_value=-0.000798408 -0.00399155 0.00162004 -0.00303199 -7.21154e-05 0.00244744
internal_weight=2189 942 1247 714 411 836
internal_count=2189 942 1247 714 411 836
is_linear=0
shrinkage=0.02


Tree=37
num_leaves=7
num_cat=0
split_feature=0 0 0 6 8 0
split_gain=42.1919 6.27198 4.30036 1.73496 1.44643 0.672246
threshold=0.46000000000000002 0.26000000000000006 0.55000000000000016 6.806497439499811 0.59875449435983441 0.73000000000000009
decision_type=2 2 2 2 2 2
left_child=1 -1 4 -3 -2 -4
right_child=2 3 5 -5 -6 -7
leaf_value=-0.0068669527896995713 -0.0013333333333333333 -0.0038588235294117648 0.0027617977705001835 -0.001806020066889632 0.0010176991150442479 0.0014106034203874985
leaf_weight=228 190 420 620 294 221 216
leaf_count=228 190 420 620 294 221 216
internal_value=-0.000807718 -0.00399155 0.00160373 -0.00303199 -7.21154e-05 0.00242315
internal_weight=2189 942 1247 714 411 836
internal_count=2189 942 1247 714 411 836
is_linear=0
shrinkage=0.02


Tree=38
num_leaves=7
num_cat=0
split_feature=0 0 0 6 3 0
split_gain=41.9622 6.27198 4.22257 1.73496 1.36264 0.674635
threshold=0.46000000000000002 0.26000000000000006 0.55000000000000016 6.806497439499811 -0.53452248382484868 0.73000000000000009
decision_type=2 2 2 2 2 2
left_child=1 -1 4 -3 -2 -4
right_child=2 3 5 -5 -6 -7
leaf_value=-0.0068669527896995713 0.0014193548387096775 -0.0038588235294117648 0.0027394973139762881 -0.001806020066889632 -0.00093984962406015032 0.0013873699669014006
leaf_weight=228 150 420 620 294 261 216
leaf_count=228 150 420 620 294 261 216
internal_value=-0.000816411 -0.00399155 0.00158849 -0.00303199 -7.21154e-05 0.00240047
internal_weight=2189 942 1247 714 411 836
internal_count=2189 942 1247 714 411 836
is_linear=0
shrinkage=0.02


Tree=39
num_leaves=7
num_cat=0
split_feature=0 0 0 6 8 0
split_gain=41.7347 6.27198 4.14599 1.73496 1.44643 0.676648
threshold=0.46000000000000002 0.26000000000000006 0.55000000000000016 6.806497439499811 0.59875449435983441 0.73000000000000009
decision_type=2 2 2 2 2 2
left_child=1 -1 4 -3 -2 -4
right_child=2 3 5 -5 -6 -7
leaf_value=-0.0068669527896995713 -0.0013333333333333333 -0.0038588235294117648 0.0027172574424743651 -0.001806020066889632 0.0010176991150442479 0.0013645191817455904
leaf_weight=228 190 420 620 294 221 216
leaf_count=228 190 420 620 294 221 216
internal_value=-0.000825048 -0.00399155 0.00157336 -0.00303199 -7.21154e-05 0.00237794
internal_weight=2189 942 1247 714 411 836
internal_count=2189 942 1247 714 411 836
is_linear=0
shrinkage=0.02


Tree=40
num_leaves=7
num_cat=0
split_feature=0 0 0 6 8 2
split_gain=41.5099 6.27198 4.07082 1.73496 1.44643 0.683408
threshold=0.46000000000000002 0.26000000000000006 0.55000000000000016 6.806497439499811 0.59875449435983441 0.033628304294860141
decision_type=2 2 2 2 2 2
left_child=1 -1 4 -3 -2 -4
right_child=2 3 5 -5 -6 -7
leaf_value=-0.0068669527896995713 -0.0013333333333333333 -0.0038588235294117648 0.003446184828955466 -0.001806020066889632 0.0010176991150442479 0.0020196226289893949
leaf_weight=228 190 420 186 294 221 650
leaf_count=228 190 420 186 294 221 650
internal_value=-0.000833603 -0.00399155 0.00155837 -0.00303199 -7.21154e-05 0.00235562
internal_weight=2189 942 1247 714 411 836
internal_count=2189 942 1247 714 411 836
is_linear=0
shrinkage=0.02


Tree=41
num_leaves=7
num_cat=0
split_feature=0 0 0 6 8 0
split_gain=41.272 6.27198 3.99179 1.73496 1.44643 0.698661
threshold=0.46000000000000002 0.26000000000000006 0.55000000000000016 6.806497439499811 0.59875449435983441 0.73000000000000009
decision_type=2 2 2 2 2 2
left_child=1 -1 4 -3 -2 -4
right_child=2 3 5 -5 -6 -7
leaf_value=-0.0068669527896995713 -0.0013333333333333333 -0.0038588235294117648 0.0026760627512931825 -0.001806020066889632 0.0010176991150442479 0.0013059401867028359
leaf_weight=228 190 420 620 294 221 216
leaf_count=228 190 420 620 294 221 216
internal_value=-0.000842684 -0.00399155 0.00154245 -0.00303199 -7.21154e-05 0.00233193
internal_weight=2189 942 1247 714 411 836
internal_count=2189 942 1247 714 411 836
is_linear=0
shrinkage=0.02


Tree=42
num_leaves=7
num_cat=0
split_feature=0 0 0 6 8 0
split_gain=41.0534 6.27198 3.9197 1.73496 1.44643 0.699649
threshold=0.46000000000000002 0.26000000000000006 0.55000000000000016 6.806497439499811 0.59875449435983441 0.73000000000000009
decision_type=2 2 2 2 2 2
left_child=1 -1 4 -3 -2 -4
right_child=2 3 5 -5 -6 -7
leaf_value=-0.0068669527896995713 -0.0013333333333333333 -0.0038588235294117648 0.0026543117084503179 -0.001806020066889632 0.0010176991150442479 0.0012844305572719461
leaf_weight=228 190 420 620 294 221 216
leaf_count=228 190 420 620 294 221 216
internal_value=-0.000851047 -0.00399155 0.0015278 -0.00303199 -7.21154e-05 0.00231011
internal_weight=2189 942 1247 714 411 836
internal_count=2189 942 1247 714 411 836
is_linear=0
shrinkage=0.02


Tree=43
num_leaves=7
num_cat=0
split_feature=0 0 0 6 8 0
split_gain=40.8373 6.27198 3.84884 1.73496 1.44643 0.700349
threshold=0.46000000000000002 0.26000000000000006 0.55000000000000016 6.806497439499811 0.59875449435983441 0.73000000000000009
decision_type=2 2 2 2 2 2
left_child=1 -1 4 -3 -2 -4
right_child=2 3 5 -5 -6 -7
leaf_value=-0.0068669527896995713 -0.0013333333333333333 -0.0038588235294117648 0.002632676567077637 -0.001806020066889632 0.0010176991150442479 0.0012632752307458904
leaf_weight=228 190 420 620 294 221 216
leaf_count=228 190 420 620 294 221 216
internal_value=-0.000859341 -0.00399155 0.00151326 -0.00303199 -7.21154e-05 0.00228847
internal_weight=2189 942 1247 714 411 836
internal_count=2189 942 1247 714 411 836
is_linear=0
shrinkage=0.02


Tree=44
num_leaves=7
num_cat=0
split_feature=0 0 0 6 8 0
split_gain=40.623 6.27198 3.77904 1.73496 1.44643 0.700696
threshold=0.46000000000000002 0.26000000000000006 0.55000000000000016 6.806497439499811 0.59875449435983441 0.73000000000000009
decision_type=2 2 2 2 2 2
left_child=1 -1 4 -3 -2 -4
right_child=2 3 5 -5 -6 -7
leaf_value=-0.0068669527896995713 -0.0013333333333333333 -0.0038588235294117648 0.0026110905237197875 -0.001806020066889632 0.0010176991150442479 0.001242468357950078
leaf_weight=228 190 420 620 294 221 216
leaf_count=228 190 420 620 294 221 216
internal_value=-0.000867586 -0.00399155 0.00149882 -0.00303199 -7.21154e-05 0.00226696
internal_weight=2189 942 1247 714 411 836
internal_count=2189 942 1247 714 411 836
is_linear=0
shrinkage=0.02


Tree=45
num_leaves=7
num_cat=0
split_feature=0 0 0 6 8 0
split_gain=40.4082 6.27198 3.70954 1.73496 1.44643 0.70036
threshold=0.46000000000000002 0.26000000000000006 0.55000000000000016 6.806497439499811 0.59875449435983441 0.73000000000000009
decision_type=2 2 2 2 2 2
left_child=1 -1 4 -3 -2 -4
right_child=2 3 5 -5 -6 -7
leaf_value=-0.0068669527896995713 -0.0013333333333333333 -0.0038588235294117648 0.0025892400956153872 -0.001806020066889632 0.0010176991150442479 0.001222004153474963
leaf_weight=228 190 420 620 294 221 216
leaf_count=228 190 420 620 294 221 216
internal_value=-0.000875871 -0.00399155 0.0014843 -0.00303199 -7.21154e-05 0.00224535
internal_weight=2189 942 1247 714 411 836
internal_count=2189 942 1247 714 411 836
is_linear=0
shrinkage=0.02


Tree=46
num_leaves=7
num_cat=0
split_feature=0 0 0 6 8 0
split_gain=40.1931 6.27198 3.64044 1.73496 1.44643 0.699392
threshold=0.46000000000000002 0.26000000000000006 0.55000000000000016 6.806497439499811 0.59875449435983441 0.73000000000000009
decision_type=2 2 2 2 2 2
left_child=1 -1 4 -3 -2 -4
right_child=2 3 5 -5 -6 -7
leaf_value=-0.0068669527896995713 -0.0013333333333333333 -0.0038588235294117648 0.002567165201187134 -0.001806020066889632 0.0010176991150442479 0.0012018770380662037
leaf_weight=228 190 420 620 294 221 216
leaf_count=228 190 420 620 294 221 216
internal_value=-0.000884187 -0.00399155 0.00146972 -0.00303199 -7.21154e-05 0.00222365
internal_weight=2189 942 1247 714 411 836
internal_count=2189 942 1247 714 411 836
is_linear=0
shrinkage=0.02


Tree=47
num_leaves=7
num_cat=0
split_feature=0 0 0 6 8 2
split_gain=39.9788 6.27198 3.57201 1.73496 1.44643 0.700273
threshold=0.46000000000000002 0.26000000000000006 0.55000000000000016 6.806497439499811 0.59875449435983441 0.033628304294860141
decision_type=2 2 2 2 2 2
left_child=1 -1 4 -3 -2 -4
right_child=2 3 5 -5 -6 -7
leaf_value=-0.0068669527896995713 -0.0013333333333333333 -0.0038588235294117648 0.0032994183974038244 -0.001806020066889632 0.0010176991150442479 0.0018651384501398064
leaf_weight=228 190 420 186 294 221 650
leaf_count=228 190 420 186 294 221 650
internal_value=-0.0008925 -0.00399155 0.00145516 -0.00303199 -7.21154e-05 0.00220197
internal_weight=2189 942 1247 714 411 836
internal_count=2189 942 1247 714 411 836
is_linear=0
shrinkage=0.02


Tree=48
num_leaves=7
num_cat=0
split_feature=0 0 0 6 3 0
split_gain=39.7516 6.27198 3.50002 1.73496 1.36264 0.715338
threshold=0.46000000000000002 0.26000000000000006 0.55000000000000016 6.806497439499811 -0.53452248382484868 0.73000000000000009
decision_type=2 2 2 2 2 2
left_child=1 -1 4 -3 -2 -4
right_child=2 3 5 -5 -6 -7
leaf_value=-0.0068669527896995713 0.0014193548387096775 -0.0038588235294117648 0.0025258517088890078 -0.001806020066889632 -0.00093984962406015032 0.0011485059080830863
leaf_weight=228 150 420 620 294 261 216
leaf_count=228 150 420 620 294 261 216
internal_value=-0.000901332 -0.00399155 0.00143968 -0.00303199 -7.21154e-05 0.00217893
internal_weight=2189 942 1247 714 411 836
internal_count=2189 942 1247 714 411 836
is_linear=0
shrinkage=0.02


Tree=49
num_leaves=7
num_cat=0
split_feature=0 0 0 6 8 0
split_gain=39.5396 6.27198 3.43329 1.73496 1.44643 0.712659
threshold=0.46000000000000002 0.26000000000000006 0.55000000000000016 6.806497439499811 0.59875449435983441 0.73000000000000009
decision_type=2 2 2 2 2 2
left_child=1 -1 4 -3 -2 -4
right_child=2 3 5 -5 -6 -7
leaf_value=-0.0068669527896995713 -0.0013333333333333333 -0.0038588235294117648 0.0025035150327682495 -0.001806020066889632 0.0010176991150442479 0.0011295893335213456
leaf_weight=228 190 420 620 294 221 216
leaf_count=228 190 420 620 294 221 216
internal_value=-0.000909601 -0.00399155 0.00142519 -0.00303199 -7.21154e-05 0.00215736
internal_weight=2189 942 1247 714 411 836
internal_count=2189 942 1247 714 411 836
is_linear=0
shrinkage=0.02


Tree=50
num_leaves=7
num_cat=0
split_feature=0 0 0 6 8 0
split_gain=39.3274 6.27198 3.36701 1.73496 1.44643 0.709414
threshold=0.46000000000000002 0.26000000000000006 0.55000000000000016 6.806497439499811 0.59875449435983441 0.73000000000000009
decision_type=2 2 2 2 2 2
left_child=1 -1 4 -3 -2 -4
right_child=2 3 5 -5 -6 -7
leaf_value=-0.0068669527896995713 -0.0013333333333333333 -0.0038588235294117648 0.0024809820775985717 -0.001806020066889632 0.0010176991150442479 0.0011109843495358794
leaf_weight=228 190 420 620 294 221 216
leaf_count=228 190 420 620 294 221 216
internal_value=-0.000917894 -0.00399155 0.00141066 -0.00303199 -7.21154e-05 0.00213572
internal_weight=2189 942 1247 714 411 836
internal_count=2189 942 1247 714 411 836
is_linear=0
shrinkage=0.02


Tree=51
num_leaves=7
num_cat=0
split_feature=5 5 4 8 11 11
split_gain=26.1574 2.54997 2.95668 1.96297 2.73793 1.73015
threshold=-0.042500000000000003 -0.20999999999999991 0.040311288741492778 0.57051972402662965 0.52805577372935819 -0.25498871422459274
decision_type=2 2 2 2 2 2
left_child=1 -1 -3 4 -2 -5
right_child=3 2 -4 5 -6 -7
leaf_value=-0.0061111111111111114 0.00081860478451021776 -0.0040753284234267013 -0.0010471204188481676 0.00023110570758581162 -0.0021573296852448846 0.0020501712607473481
leaf_weight=157 346 450 186 355 186 509
leaf_count=157 346 450 186 355 186 509
internal_value=-0.000926166 -0.00381488 -0.0032048 0.000722531 -0.000232253 0.00130838
internal_weight=2189 793 636 1396 532 864
internal_count=2189 793 636 1396 532 864
is_linear=0
shrinkage=0.02


Tree=52
num_leaves=7
num_cat=0
split_feature=0 0 0 6 8 2
split_gain=39.0277 6.27198 3.27414 1.73496 1.44643 0.712776
threshold=0.46000000000000002 0.26000000000000006 0.55000000000000016 6.806497439499811 0.59875449435983441 0.033628304294860141
decision_type=2 2 2 2 2 2
left_child=1 -1 4 -3 -2 -4
right_child=2 3 5 -5 -6 -7
leaf_value=-0.0068669527896995713 -0.0013333333333333333 -0.0038588235294117648 0.003208402010626818 -0.001806020066889632 0.0010176991150442479 0.0017672391947472596
leaf_weight=228 190 420 186 294 221 650
leaf_count=228 190 420 186 294 221 650
internal_value=-0.000929651 -0.00399155 0.00139005 -0.00303199 -7.21154e-05 0.00210505
internal_weight=2189 942 1247 714 411 836
internal_count=2189 942 1247 714 411 836
is_linear=0
shrinkage=0.02


Tree=53
num_leaves=7
num_cat=0
split_feature=0 0 0 6 8 0
split_gain=38.8071 6.27198 3.20641 1.73496 1.44643 0.726334
threshold=0.46000000000000002 0.26000000000000006 0.55000000000000016 6.806497439499811 0.59875449435983441 0.73000000000000009
decision_type=2 2 2 2 2 2
left_child=1 -1 4 -3 -2 -4
right_child=2 3 5 -5 -6 -7
leaf_value=-0.0068669527896995713 -0.0013333333333333333 -0.0038588235294117648 0.0024312634820938114 -0.001806020066889632 0.0010176991150442479 0.0010486933698127577
leaf_weight=228 190 420 620 294 221 216
leaf_count=228 190 420 620 294 221 216
internal_value=-0.000938331 -0.00399155 0.00137484 -0.00303199 -7.21154e-05 0.0020824
internal_weight=2189 942 1247 714 411 836
internal_count=2189 942 1247 714 411 836
is_linear=0
shrinkage=0.02


Tree=54
num_leaves=7
num_cat=0
split_feature=0 0 0 6 8 0
split_gain=38.6009 6.27198 3.14355 1.73496 1.44643 0.721584
threshold=0.46000000000000002 0.26000000000000006 0.55000000000000016 6.806497439499811 0.59875449435983441 0.73000000000000009
decision_type=2 2 2 2 2 2
left_child=1 -1 4 -3 -2 -4
right_child=2 3 5 -5 -6 -7
leaf_value=-0.0068669527896995713 -0.0013333333333333333 -0.0038588235294117648 0.0024088039875030517 -0.001806020066889632 0.0010176991150442479 0.0010314207675348444
leaf_weight=228 190 420 620 294 221 216
leaf_count=228 190 420 620 294 221 216
internal_value=-0.000946469 -0.00399155 0.00136058 -0.00303199 -7.21154e-05 0.00206117
internal_weight=2189 942 1247 714 411 836
internal_count=2189 942 1247 714 411 836
is_linear=0
shrinkage=0.02


Tree=55
num_leaves=7
num_cat=0
split_feature=0 0 0 6 8 0
split_gain=38.3964 6.27198 3.0817 1.73496 1.44643 0.716602
threshold=0.46000000000000002 0.26000000000000006 0.55000000000000016 6.806497439499811 0.59875449435983441 0.73000000000000009
decision_type=2 2 2 2 2 2
left_child=1 -1 4 -3 -2 -4
right_child=2 3 5 -5 -6 -7
leaf_value=-0.0068669527896995713 -0.0013333333333333333 -0.0038588235294117648 0.0023864187240600588 -0.001806020066889632 0.0010176991150442479 0.0010144326567430705
leaf_weight=228 190 420 620 294 221 216
leaf_count=228 190 420 620 294 221 216
internal_value=-0.000954557 -0.00399155 0.00134641 -0.00303199 -7.21154e-05 0.00204007
internal_weight=2189 942 1247 714 411 836
internal_count=2189 942 1247 714 411 836
is_linear=0
shrinkage=0.02


Tree=56
num_leaves=7
num_cat=0
split_feature=0 0 0 8 13 3
split_gain=38.1944 6.27198 3.02102 1.44643 0.833803 0.71615
threshold=0.46000000000000002 0.26000000000000006 0.55000000000000016 0.59875449435983441 -0.10518091328739557 0.57735026918962229
decision_type=2 2 2 2 8 2
left_child=1 -1 3 -2 -3 -4
right_child=2 4 5 -5 -6 -7
leaf_value=-0.0068669527896995713 -0.0013333333333333333 -0.0018274111675126903 0.0027257799071641396 0.0010176991150442479 -0.0034535104364326373 0.0015026612481256008
leaf_weight=228 190 192 344 221 522 492
leaf_count=228 190 192 344 221 522 492
internal_value=-0.000962571 -0.00399155 0.00133236 -7.21154e-05 -0.00303199 0.00201917
internal_weight=2189 942 1247 411 714 836
internal_count=2189 942 1247 411 714 836
is_linear=0
shrinkage=0.02


Tree=57
num_leaves=7
num_cat=0
split_feature=0 0 0 6 8 0
split_gain=37.9814 6.27198 2.95751 1.73496 1.44643 0.727044
threshold=0.46000000000000002 0.26000000000000006 0.55000000000000016 6.806497439499811 0.59875449435983441 0.73000000000000009
decision_type=2 2 2 2 2 2
left_child=1 -1 4 -3 -2 -4
right_child=2 3 5 -5 -6 -7
leaf_value=-0.0068669527896995713 -0.0013333333333333333 -0.0038588235294117648 0.0023455851125717166 -0.001806020066889632 0.0010176991150442479 0.00096622257481847481
leaf_weight=228 190 420 620 294 221 216
leaf_count=228 190 420 620 294 221 216
internal_value=-0.000971046 -0.00399155 0.00131751 -0.00303199 -7.21154e-05 0.00199706
internal_weight=2189 942 1247 714 411 836
internal_count=2189 942 1247 714 411 836
is_linear=0
shrinkage=0.02


Tree=58
num_leaves=7
num_cat=0
split_feature=0 0 0 6 8 0
split_gain=37.7848 6.27198 2.89934 1.73496 1.44643 0.721327
threshold=0.46000000000000002 0.26000000000000006 0.55000000000000016 6.806497439499811 0.59875449435983441 0.73000000000000009
decision_type=2 2 2 2 2 2
left_child=1 -1 4 -3 -2 -4
right_child=2 3 5 -5 -6 -7
leaf_value=-0.0068669527896995713 -0.0013333333333333333 -0.0038588235294117648 0.0023236837668418882 -0.001806020066889632 0.0010176991150442479 0.00095030832324046388
leaf_weight=228 190 420 620 294 221 216
leaf_count=228 190 420 620 294 221 216
internal_value=-0.000978888 -0.00399155 0.00130377 -0.00303199 -7.21154e-05 0.0019766
internal_weight=2189 942 1247 714 411 836
internal_count=2189 942 1247 714 411 836
is_linear=0
shrinkage=0.02


Tree=59
num_leaves=7
num_cat=0
split_feature=0 0 0 6 8 2
split_gain=37.59 6.27198 2.84214 1.73496 1.44643 0.723499
threshold=0.46000000000000002 0.26000000000000006 0.55000000000000016 6.806497439499811 0.59875449435983441 0.033628304294860141
decision_type=2 2 2 2 2 2
left_child=1 -1 4 -3 -2 -4
right_child=2 3 5 -5 -6 -7
leaf_value=-0.0068669527896995713 -0.0013333333333333333 -0.0038588235294117648 0.0030628462993973838 -0.001806020066889632 0.0010176991150442479 0.0016186701436064969
leaf_weight=228 190 420 186 294 221 650
leaf_count=228 190 420 186 294 221 650
internal_value=-0.000986676 -0.00399155 0.00129012 -0.00303199 -7.21154e-05 0.00195628
internal_weight=2189 942 1247 714 411 836
internal_count=2189 942 1247 714 411 836
is_linear=0
shrinkage=0.02


Tree=60
num_leaves=7
num_cat=0
split_feature=0 0 0 6 8 0
split_gain=37.3842 6.27198 2.78218 1.73496 1.44643 0.728829
threshold=0.46000000000000002 0.26000000000000006 0.55000000000000016 6.806497439499811 0.59875449435983441 0.73000000000000009
decision_type=2 2 2 2 2 2
left_child=1 -1 4 -3 -2 -4
right_child=2 3 5 -5 -6 -7
leaf_value=-0.0068669527896995713 -0.0013333333333333333 -0.0038588235294117648 0.002283365058898926 -0.001806020066889632 0.0010176991150442479 0.00090512046473505332
leaf_weight=228 190 420 620 294 221 216
leaf_count=228 190 420 620 294 221 216
internal_value=-0.000994925 -0.00399155 0.00127567 -0.00303199 -7.21154e-05 0.00193476
internal_weight=2189 942 1247 714 411 836
internal_count=2189 942 1247 714 411 836
is_linear=0
shrinkage=0.02


Tree=61
num_leaves=7
num_cat=0
split_feature=0 0 0 6 8 0
split_gain=37.1929 6.27198 2.72684 1.73496 1.44643 0.722131
threshold=0.46000000000000002 0.26000000000000006 0.55000000000000016 6.806497439499811 0.59875449435983441 0.73000000000000009
decision_type=2 2 2 2 2 2
left_child=1 -1 4 -3 -2 -4
right_child=2 3 5 -5 -6 -7
leaf_value=-0.0068669527896995713 -0.0013333333333333333 -0.0038588235294117648 0.0022616333804130555 -0.001806020066889632 0.0010176991150442479 0.00089021258441756624
leaf_weight=228 190 420 620 294 221 216
leaf_count=228 190 420 620 294 221 216
internal_value=-0.00100262 -0.00399155 0.00126219 -0.00303199 -7.21154e-05 0.00191469
internal_weight=2189 942 1247 714 411 836
internal_count=2189 942 1247 714 411 836
is_linear=0
shrinkage=0.02


Tree=62
num_leaves=7
num_cat=0
split_feature=0 0 0 8 13 3
split_gain=37.0025 6.27198 2.67219 1.44643 0.833803 0.719794
threshold=0.46000000000000002 0.26000000000000006 0.55000000000000016 0.59875449435983441 -0.10518091328739557 0.57735026918962229
decision_type=2 2 2 2 8 2
left_child=1 -1 3 -2 -3 -4
right_child=2 4 5 -5 -6 -7
leaf_value=-0.0068669527896995713 -0.0013333333333333333 -0.0018274111675126903 0.0026008951470634784 0.0010176991150442479 -0.0034535104364326373 0.0013797001060570631
leaf_weight=228 190 192 344 221 522 492
leaf_count=228 190 192 344 221 522 492
internal_value=-0.00101029 -0.00399155 0.00124874 -7.21154e-05 -0.00303199 0.00189468
internal_weight=2189 942 1247 411 714 836
internal_count=2189 942 1247 411 714 836
is_linear=0
shrinkage=0.02


Tree=63
num_leaves=7
num_cat=0
split_feature=0 0 0 6 8 0
split_gain=36.8 6.27198 2.61454 1.73496 1.44643 0.728655
threshold=0.46000000000000002 0.26000000000000006 0.55000000000000016 6.806497439499811 0.59875449435983441 0.73000000000000009
decision_type=2 2 2 2 2 2
left_child=1 -1 4 -3 -2 -4
right_child=2 3 5 -5 -6 -7
leaf_value=-0.0068669527896995713 -0.0013333333333333333 -0.0038588235294117648 0.0022215875544548038 -0.001806020066889632 0.0010176991150442479 0.00084608435443269585
leaf_weight=228 190 420 620 294 221 216
leaf_count=228 190 420 620 294 221 216
internal_value=-0.00101847 -0.00399155 0.00123441 -0.00303199 -7.21154e-05 0.00187334
internal_weight=2189 942 1247 714 411 836
internal_count=2189 942 1247 714 411 836
is_linear=0
shrinkage=0.02


Tree=64
num_leaves=7
num_cat=0
split_feature=0 0 0 6 8 2
split_gain=36.6124 6.27198 2.56154 1.73496 1.44643 0.725377
threshold=0.46000000000000002 0.26000000000000006 0.55000000000000016 6.806497439499811 0.59875449435983441 0.033628304294860141
decision_type=2 2 2 2 2 2
left_child=1 -1 4 -3 -2 -4
right_child=2 3 5 -5 -6 -7
leaf_value=-0.0068669527896995713 -0.0013333333333333333 -0.0038588235294117648 0.0029585132831756356 -0.001806020066889632 0.0010176991150442479 0.0015171373394986202
leaf_weight=228 190 420 186 294 221 650
leaf_count=228 190 420 186 294 221 650
internal_value=-0.00102607 -0.00399155 0.00122109 -0.00303199 -7.21154e-05 0.00185351
internal_weight=2189 942 1247 714 411 836
internal_count=2189 942 1247 714 411 836
is_linear=0
shrinkage=0.02


Tree=65
num_leaves=7
num_cat=0
split_feature=0 0 0 6 8 0
split_gain=36.4162 6.27198 2.50654 1.73496 1.44643 0.73267
threshold=0.46000000000000002 0.26000000000000006 0.55000000000000016 6.806497439499811 0.59875449435983441 0.73000000000000009
decision_type=2 2 2 2 2 2
left_child=1 -1 4 -3 -2 -4
right_child=2 3 5 -5 -6 -7
leaf_value=-0.0068669527896995713 -0.0013333333333333333 -0.0038588235294117648 0.0021817031455039979 -0.001806020066889632 0.0010176991150442479 0.00080429099607639588
leaf_weight=228 190 420 620 294 221 216
leaf_count=228 190 420 620 294 221 216
internal_value=-0.00103404 -0.00399155 0.00120712 -0.00303199 -7.21154e-05 0.00183271
internal_weight=2189 942 1247 714 411 836
internal_count=2189 942 1247 714 411 836
is_linear=0
shrinkage=0.02


Tree=66
num_leaves=7
num_cat=0
split_feature=5 5 4 8 11 11
split_gain=24.1794 2.50587 2.97713 1.8993 2.61268 1.60747
threshold=-0.042500000000000003 -0.20999999999999991 0.040311288741492778 0.57051972402662965 0.52805577372935819 -0.25498871422459274
decision_type=2 2 2 2 2 2
left_child=1 -1 -3 4 -2 -5
right_child=3 2 -4 5 -6 -7
leaf_value=-0.0060950011677212189 0.00063568460070488294 -0.0040856411601160906 -0.0010471204188481676 8.5504677638204555e-05 -0.0022720920000010763 0.0018366692491883145
leaf_weight=157 346 450 186 355 186 509
leaf_count=157 346 450 186 355 186 509
internal_value=-0.00104028 -0.00381749 -0.00321212 0.000545314 -0.000392634 0.00112178
internal_weight=2189 793 636 1396 532 864
internal_count=2189 793 636 1396 532 864
is_linear=0
shrinkage=0.02


Tree=67
num_leaves=7
num_cat=0
split_feature=0 0 0 6 8 0
split_gain=35.9819 6.09376 2.43697 1.73496 1.44643 0.727644
threshold=0.46000000000000002 0.26000000000000006 0.55000000000000016 6.806497439499811 0.59875449435983441 0.73000000000000009
decision_type=2 2 2 2 2 2
left_child=1 -1 4 -3 -2 -4
right_child=2 3 5 -5 -6 -7
leaf_value=-0.0068133746861388242 -0.0013333333333333333 -0.0038588235294117648 0.0021537784047126773 -0.001806020066889632 0.0010176991150442479 0.00078191879860702821
leaf_weight=228 190 420 620 294 221 216
leaf_count=228 190 420 620 294 221 216
internal_value=-0.00103856 -0.00397837 0.00118923 -0.00303199 -7.21154e-05 0.00180608
internal_weight=2189 942 1247 714 411 836
internal_count=2189 942 1247 714 411 836
is_linear=0
shrinkage=0.02


Tree=68
num_leaves=7
num_cat=0
split_feature=0 0 0 6 8 2
split_gain=35.4781 5.78422 2.38725 1.73496 1.44643 0.728085
threshold=0.46000000000000002 0.26000000000000006 0.55000000000000016 6.806497439499811 0.59875449435983441 0.033628304294860141
decision_type=2 2 2 2 2 2
left_child=1 -1 4 -3 -2 -4
right_child=2 3 5 -5 -6 -7
leaf_value=-0.0067184531663108792 -0.0013333333333333333 -0.0038588235294117648 0.0028919898092512686 -0.001806020066889632 0.0010176991150442479 0.0014509034511199549
leaf_weight=228 190 420 186 294 221 650
leaf_count=228 190 420 186 294 221 650
internal_value=-0.00103586 -0.00395502 0.00117629 -0.00303199 -7.21154e-05 0.00178682
internal_weight=2189 942 1247 714 411 836
internal_count=2189 942 1247 714 411 836
is_linear=0
shrinkage=0.02


Tree=69
num_leaves=7
num_cat=0
split_feature=0 0 0 6 3 0
split_gain=34.9558 5.48856 2.33567 1.80833 1.36264 0.730018
threshold=0.46000000000000002 0.29000000000000009 0.55000000000000016 6.6728047069333796 -0.53452248382484868 0.73000000000000009
decision_type=2 2 2 2 2 2
left_child=1 -1 4 -3 -2 -4
right_child=2 3 5 -5 -6 -7
leaf_value=-0.0061440182022460101 0.0014193548387096775 -0.0039365079365079369 0.0021146890883445742 -0.0017664670658682636 -0.00093984962406015032 0.00074227378075946077
leaf_weight=303 150 310 620 329 261 216
leaf_count=303 150 310 620 329 261 216
internal_value=-0.00103311 -0.00393068 0.00116272 -0.00284161 -7.21154e-05 0.00176661
internal_weight=2189 942 1247 639 411 836
internal_count=2189 942 1247 639 411 836
is_linear=0
shrinkage=0.02


Tree=70
num_leaves=7
num_cat=0
split_feature=0 0 0 6 3 3
split_gain=34.4458 5.23405 2.28783 1.80833 1.36264 0.722918
threshold=0.46000000000000002 0.29000000000000009 0.55000000000000016 6.6728047069333796 -0.53452248382484868 0.57735026918962229
decision_type=2 2 2 2 2 2
left_child=1 -1 4 -3 -2 -4
right_child=2 3 5 -5 -6 -7
leaf_value=-0.0060684798135385888 0.0014193548387096775 -0.0039365079365079369 0.0024531052649597557 -0.0017664670658682636 -0.00093984962406015032 0.0012347325324212058
leaf_weight=303 150 310 344 329 261 492
leaf_count=303 150 310 344 329 261 492
internal_value=-0.00102976 -0.00390612 0.00115 -0.00284161 -7.21154e-05 0.00174768
internal_weight=2189 942 1247 639 411 836
internal_count=2189 942 1247 639 411 836
is_linear=0
shrinkage=0.02


Tree=71
num_leaves=7
num_cat=0
split_feature=0 0 0 6 8 0
split_gain=33.9249 4.98315 2.23734 1.80833 1.44643 0.732297
threshold=0.46000000000000002 0.29000000000000009 0.55000000000000016 6.6728047069333796 0.59875449435983441 0.73000000000000009
decision_type=2 2 2 2 2 2
left_child=1 -1 4 -3 -2 -4
right_child=2 3 5 -5 -6 -7
leaf_value=-0.0059922296157130951 -0.0013333333333333333 -0.0039365079365079369 0.0020759175739288329 -0.0017664670658682636 0.0010176991150442479 0.00070298543272590539
leaf_weight=303 190 310 620 329 221 216
leaf_count=303 190 310 620 329 221 216
internal_value=-0.0010268 -0.00388132 0.00113643 -0.00284161 -7.21154e-05 0.00172748
internal_weight=2189 942 1247 639 411 836
internal_count=2189 942 1247 639 411 836
is_linear=0
shrinkage=0.02


Tree=72
num_leaves=7
num_cat=0
split_feature=0 0 0 6 8 2
split_gain=33.4248 4.74072 2.19112 1.80833 1.44643 0.726398
threshold=0.46000000000000002 0.29000000000000009 0.55000000000000016 6.6728047069333796 0.59875449435983441 0.033628304294860141
decision_type=2 2 2 2 2 2
left_child=1 -1 4 -3 -2 -4
right_child=2 3 5 -5 -6 -7
leaf_value=-0.0059167430346662355 -0.0013333333333333333 -0.0039365079365079369 0.0028107248985876588 -0.0017664670658682636 0.0010176991150442479 0.0013744103313096665
leaf_weight=303 190 310 186 329 221 650
leaf_count=303 190 310 186 329 221 650
internal_value=-0.00102337 -0.00385677 0.00112387 -0.00284161 -7.21154e-05 0.00170878
internal_weight=2189 942 1247 639 411 836
internal_count=2189 942 1247 639 411 836
is_linear=0
shrinkage=0.02


Tree=73
num_leaves=7
num_cat=0
split_feature=0 0 0 6 8 0
split_gain=32.9231 4.50715 2.14279 1.80833 1.44643 0.732184
threshold=0.46000000000000002 0.29000000000000009 0.55000000000000016 6.6728047069333796 0.59875449435983441 0.73000000000000009
decision_type=2 2 2 2 2 2
left_child=1 -1 4 -3 -2 -4
right_child=2 3 5 -5 -6 -7
leaf_value=-0.0058422074225041778 -0.0013333333333333333 -0.0039365079365079369 0.002037284026622772 -0.0017664670658682636 0.0010176991150442479 0.00066590989099939808
leaf_weight=303 190 310 620 329 221 216
leaf_count=303 190 310 620 329 221 216
internal_value=-0.00102048 -0.00383252 0.0011106 -0.00284161 -7.21154e-05 0.00168902
internal_weight=2189 942 1247 639 411 836
internal_count=2189 942 1247 639 411 836
is_linear=0
shrinkage=0.02


Tree=74
num_leaves=7
num_cat=0
split_feature=5 5 4 8 11 11
split_gain=21.0956 1.88827 2.78212 1.84872 2.53109 1.54679
threshold=-0.042500000000000003 -0.20999999999999991 0.040311288741492778 0.57051972402662965 0.52805577372935819 -0.25498871422459274
decision_type=2 2 2 2 2 2
left_child=1 -1 -3 4 -2 -5
right_child=3 2 -4 5 -6 -7
leaf_value=-0.0055990961856312227 0.00055197906359350922 -0.0039251343208354912 -0.00098876341475242113 1.7179981729795042e-05 -0.0023104778139886122 0.0017339869216990436
leaf_weight=157 346 450 186 355 186 509
leaf_count=157 346 450 186 355 186 509
internal_value=-0.0010173 -0.00361133 -0.0030808 0.000463881 -0.000460999 0.00103274
internal_weight=2189 793 636 1396 532 864
internal_count=2189 793 636 1396 532 864
is_linear=0
shrinkage=0.02


Tree=75
num_leaves=7
num_cat=0
split_feature=0 0 0 6 3 2
split_gain=32.1542 4.12388 2.08203 1.80833 1.36264 0.724698
threshold=0.46000000000000002 0.29000000000000009 0.55000000000000016 6.6728047069333796 -0.53452248382484868 0.033628304294860141
decision_type=2 2 2 2 2 2
left_child=1 -1 4 -3 -2 -4
right_child=2 3 5 -5 -6 -7
leaf_value=-0.0057156789186712988 0.0014193548387096775 -0.0039365079365079369 0.0027634520438641155 -0.0017664670658682636 -0.00093984962406015032 0.0013305154793930437
leaf_weight=303 150 310 186 329 261 650
leaf_count=303 150 310 186 329 261 650
internal_value=-0.00101236 -0.00379137 0.0010937 -0.00284161 -7.21154e-05 0.00166386
internal_weight=2189 942 1247 639 411 836
internal_count=2189 942 1247 639 411 836
is_linear=0
shrinkage=0.02


Tree=76
num_leaves=7
num_cat=0
split_feature=0 0 0 6 8 0
split_gain=31.676 3.9132 2.03575 1.80833 1.44643 0.732852
threshold=0.46000000000000002 0.29000000000000009 0.55000000000000016 6.6728047069333796 0.59875449435983441 0.73000000000000009
decision_type=2 2 2 2 2 2
left_child=1 -1 4 -3 -2 -4
right_child=2 3 5 -5 -6 -7
leaf_value=-0.005643675981403945 -0.0013333333333333333 -0.0039365079365079369 0.0019927012710571289 -0.0017664670658682636 0.0010176991150442479 0.00062237980028580697
leaf_weight=303 190 310 620 329 221 216
leaf_count=303 190 310 620 329 221 216
internal_value=-0.00100969 -0.00376795 0.00108066 -0.00284161 -7.21154e-05 0.00164445
internal_weight=2189 942 1247 639 411 836
internal_count=2189 942 1247 639 411 836
is_linear=0
shrinkage=0.02


Tree=77
num_leaves=7
num_cat=0
split_feature=0 0 0 6 8 0
split_gain=31.2149 3.71045 1.99264 1.80833 1.44643 0.721642
threshold=0.46000000000000002 0.29000000000000009 0.55000000000000016 6.6728047069333796 0.59875449435983441 0.73000000000000009
decision_type=2 2 2 2 2 2
left_child=1 -1 4 -3 -2 -4
right_child=2 3 5 -5 -6 -7
leaf_value=-0.0055725804416390211 -0.0013333333333333333 -0.0039365079365079369 0.0019717231636047364 -0.0017664670658682636 0.0010176991150442479 0.00061212884291703075
leaf_weight=303 190 310 620 329 221 216
leaf_count=303 190 310 620 329 221 216
internal_value=-0.00100672 -0.00374483 0.00106838 -0.00284161 -7.21154e-05 0.00162617
internal_weight=2189 942 1247 639 411 836
internal_count=2189 942 1247 639 411 836
is_linear=0
shrinkage=0.02


Tree=78
num_leaves=7
num_cat=0
split_feature=5 8 11 13 5 11
split_gain=19.7332 1.81015 2.47964 1.70018 2.17913 1.50765
threshold=-0.042500000000000003 0.57051972402662965 0.52805577372935819 0.17311693211767895 -0.12000000000000001 -0.25498871422459274
decision_type=2 2 2 10 2 2
left_child=3 2 -2 4 -1 -3
right_child=1 5 -4 -5 -6 -7
leaf_value=-0.0041649365223060224 0.00051680551852468419 -1.0475101350392731e-05 -0.0023166063505941662 -0.0051372862037490398 -0.0017036927479370512 0.0016840856892948225
leaf_weight=290 346 355 186 199 304 509
leaf_count=290 346 355 186 199 304 509
internal_value=-0.0010038 0.000428819 -0.00048617 -0.00351266 -0.00293005 0.000991771
internal_weight=2189 1396 532 793 594 864
internal_count=2189 1396 532 793 594 864
is_linear=0
shrinkage=0.02


Tree=79
num_leaves=7
num_cat=0
split_feature=0 0 0 6 8 3
split_gain=30.4896 3.37373 1.93567 1.80833 1.44643 0.725213
threshold=0.46000000000000002 0.29000000000000009 0.55000000000000016 6.6728047069333796 0.59875449435983441 0.57735026918962229
decision_type=2 2 2 2 2 2
left_child=1 -1 4 -3 -2 -4
right_child=2 3 5 -5 -6 -7
leaf_value=-0.0054501859572800727 -0.0013333333333333333 -0.0039365079365079369 0.002306215385145863 -0.0017664670658682636 0.0010176991150442479 0.0010908731874603203
leaf_weight=303 190 310 344 329 221 492
leaf_count=303 190 310 344 329 221 492
internal_value=-0.000998917 -0.00370502 0.00105194 -0.00284161 -7.21154e-05 0.0016017
internal_weight=2189 942 1247 639 411 836
internal_count=2189 942 1247 639 411 836
is_linear=0
shrinkage=0.02


Tree=80
num_leaves=7
num_cat=0
split_feature=0 0 0 6 8 2
split_gain=30.042 3.19166 1.89217 1.80833 1.44643 0.725732
threshold=0.46000000000000002 0.29000000000000009 0.55000000000000016 6.6728047069333796 0.59875449435983441 0.033628304294860141
decision_type=2 2 2 2 2 2
left_child=1 -1 4 -3 -2 -4
right_child=2 3 5 -5 -6 -7
leaf_value=-0.0053815277869051145 -0.0013333333333333333 -0.0039365079365079369 0.0026812175243936909 -0.0017664670658682636 0.0010176991150442479 0.001250393473806272
leaf_weight=303 190 310 186 329 221 650
leaf_count=303 190 310 186 329 221 650
internal_value=-0.000996532 -0.00368269 0.00103923 -0.00284161 -7.21154e-05 0.00158278
internal_weight=2189 942 1247 639 411 836
internal_count=2189 942 1247 639 411 836
is_linear=0
shrinkage=0.02


Tree=81
num_leaves=7
num_cat=0
split_feature=0 0 0 3 3 0
split_gain=29.6042 3.02197 1.84998 1.62273 1.36264 0.729881
threshold=0.46000000000000002 0.30750000000000005 0.55000000000000016 -1.1187326252153913 -0.53452248382484868 0.73000000000000009
decision_type=2 2 2 2 2 2
left_child=1 -1 4 -3 -2 -4
right_child=2 3 5 -5 -6 -7
leaf_value=-0.0050995386570044186 0.0014193548387096775 -0.00096969696969696967 0.0019114986004829407 -0.0033726415094339625 -0.00093984962406015032 0.00054670406385362829
leaf_weight=363 150 160 620 419 261 216
leaf_count=363 150 160 620 419 261 216
internal_value=-0.00099413 -0.00366064 0.00102676 -0.0027226 -7.21154e-05 0.00156422
internal_weight=2189 942 1247 579 411 836
internal_count=2189 942 1247 579 411 836
is_linear=0
shrinkage=0.02


Tree=82
num_leaves=7
num_cat=0
split_feature=5 8 11 13 5 11
split_gain=18.4747 1.7741 2.42982 1.53613 2.02424 1.47107
threshold=-0.042500000000000003 0.57051972402662965 0.52805577372935819 0.17311693211767895 -0.12000000000000001 -0.25498871422459274
decision_type=2 2 2 10 2 2
left_child=3 2 -2 4 -1 -3
right_child=1 5 -4 -5 -6 -7
leaf_value=-0.0040545778234126204 0.00048204196717834203 -3.7763894509731068e-05 -0.0023229748442530123 -0.0049661916523587469 -0.0016808504097670027 0.0016357380143413864
leaf_weight=290 346 355 186 199 304 509
leaf_count=290 346 355 186 199 304 509
internal_value=-0.000991752 0.000394492 -0.000511157 -0.00341928 -0.00286391 0.000951869
internal_weight=2189 1396 532 793 594 864
internal_count=2189 1396 532 793 594 864
is_linear=0
shrinkage=0.02


Tree=83
num_leaves=7
num_cat=0
split_feature=0 0 0 3 8 2
split_gain=28.9381 2.77253 1.79768 1.62273 1.44643 0.721827
threshold=0.46000000000000002 0.30750000000000005 0.55000000000000016 -1.1187326252153913 0.59875449435983441 0.033628304294860141
decision_type=2 2 2 2 2 2
left_child=1 -1 4 -3 -2 -4
right_child=2 3 5 -5 -6 -7
leaf_value=-0.0050033607220520146 -0.0013333333333333333 -0.00096969696969696967 0.0026355361862410425 -0.0033726415094339625 0.0010176991150442479 0.001209949623736489
leaf_weight=363 190 160 186 419 221 650
leaf_count=363 190 160 186 419 221 650
internal_value=-0.000986934 -0.00362327 0.00101111 -0.0027226 -7.21154e-05 0.00154091
internal_weight=2189 942 1247 579 411 836
internal_count=2189 942 1247 579 411 836
is_linear=0
shrinkage=0.02


Tree=84
num_leaves=7
num_cat=0
split_feature=0 0 0 3 8 0
split_gain=28.5313 2.64014 1.75753 1.62273 1.44643 0.727323
threshold=0.46000000000000002 0.30750000000000005 0.55000000000000016 -1.1187326252153913 0.59875449435983441 0.73000000000000009
decision_type=2 2 2 2 2 2
left_child=1 -1 4 -3 -2 -4
right_child=2 3 5 -5 -6 -7
leaf_value=-0.0049506078871048012 -0.0013333333333333333 -0.00096969696969696967 0.0018693369297981264 -0.0033726415094339625 0.0010176991150442479 0.00050827049110843312
leaf_weight=363 190 160 620 419 221 216
leaf_count=363 190 160 620 419 221 216
internal_value=-0.000985032 -0.00360277 0.000998932 -0.0027226 -7.21154e-05 0.00152279
internal_weight=2189 942 1247 579 411 836
internal_count=2189 942 1247 579 411 836
is_linear=0
shrinkage=0.02


Tree=85
num_leaves=7
num_cat=0
split_feature=0 0 0 3 8 3
split_gain=28.1405 2.51222 1.72056 1.62273 1.44643 0.718657
threshold=0.46000000000000002 0.30750000000000005 0.55000000000000016 -1.1187326252153913 0.59875449435983441 0.57735026918962229
decision_type=2 2 2 2 2 2
left_child=1 -1 4 -3 -2 -4
right_child=2 3 5 -5 -6 -7
leaf_value=-0.0048984112120840865 -0.0013333333333333333 -0.00096969696969696967 0.0022061388581500183 -0.0033726415094339625 0.0010176991150442479 0.0009990563064483809
leaf_weight=363 190 160 344 419 221 492
leaf_count=363 190 160 344 419 221 492
internal_value=-0.000982745 -0.00358249 0.000987599 -0.0027226 -7.21154e-05 0.00150591
internal_weight=2189 942 1247 579 411 836
internal_count=2189 942 1247 579 411 836
is_linear=0
shrinkage=0.02


Tree=86
num_leaves=7
num_cat=0
split_feature=0 0 0 3 8 0
split_gain=27.7465 2.38867 1.68176 1.62273 1.44643 0.723998
threshold=0.46000000000000002 0.30750000000000005 0.55000000000000016 -1.1187326252153913 0.59875449435983441 0.73000000000000009
decision_type=2 2 2 2 2 2
left_child=1 -1 4 -3 -2 -4
right_child=2 3 5 -5 -6 -7
leaf_value=-0.0048467649810987976 -0.0013333333333333333 -0.00096969696969696967 0.0018336771736145018 -0.0033726415094339625 0.0010176991150442479 0.00047678040218333047
leaf_weight=363 190 160 620 419 221 216
leaf_count=363 190 160 620 419 221 216
internal_value=-0.000980945 -0.00356242 0.000975572 -0.0027226 -7.21154e-05 0.00148801
internal_weight=2189 942 1247 579 411 836
internal_count=2189 942 1247 579 411 836
is_linear=0
shrinkage=0.02


Tree=87
num_leaves=7
num_cat=0
split_feature=0 0 0 3 8 2
split_gain=27.3683 2.26938 1.64613 1.62273 1.44643 0.713092
threshold=0.46000000000000002 0.30750000000000005 0.55000000000000016 -1.1187326252153913 0.59875449435983441 0.033628304294860141
decision_type=2 2 2 2 2 2
left_child=1 -1 4 -3 -2 -4
right_child=2 3 5 -5 -6 -7
leaf_value=-0.0047956631138272908 -0.0013333333333333333 -0.00096969696969696967 0.0025580665411632409 -0.0033726415094339625 0.0010176991150442479 0.0011432767185517623
leaf_weight=363 190 160 186 419 221 650
leaf_count=363 190 160 186 419 221 650
internal_value=-0.000978745 -0.00354256 0.000964407 -0.0027226 -7.21154e-05 0.00147139
internal_weight=2189 942 1247 579 411 836
internal_count=2189 942 1247 579 411 836
is_linear=0
shrinkage=0.02


Tree=88
num_leaves=7
num_cat=0
split_feature=0 0 3 0 8 0
split_gain=26.9887 2.15423 1.62273 1.60919 1.44643 0.718736
threshold=0.46000000000000002 0.30750000000000005 -1.1187326252153913 0.55000000000000016 0.59875449435983441 0.73000000000000009
decision_type=2 2 2 2 2 2
left_child=1 -1 -3 4 -2 -5
right_child=3 2 -4 5 -6 -7
leaf_value=-0.0047451001891623372 -0.0013333333333333333 -0.00096969696969696967 -0.0033726415094339625 0.0017982904133796694 0.0010176991150442479 0.00044728034618152598
leaf_weight=363 190 160 419 620 221 216
leaf_count=363 190 160 419 620 221 216
internal_value=-0.000976945 -0.00352291 -0.0027226 0.0009527 -7.21154e-05 0.00145396
internal_weight=2189 942 579 1247 411 836
internal_count=2189 942 579 1247 411 836
is_linear=0
shrinkage=0.02


Tree=89
num_leaves=7
num_cat=0
split_feature=0 0 3 0 8 3
split_gain=26.624 2.04313 1.62273 1.57518 1.44643 0.706832
threshold=0.46000000000000002 0.30750000000000005 -1.1187326252153913 0.55000000000000016 0.59875449435983441 0.57735026918962229
decision_type=2 2 2 2 2 2
left_child=1 -1 -3 4 -2 -5
right_child=3 2 -4 5 -6 -7
leaf_value=-0.0046950702838923618 -0.0013333333333333333 -0.00096969696969696967 -0.0033726415094339625 0.0021315365247321673 0.0010176991150442479 0.00093608114933520106
leaf_weight=363 190 160 419 344 221 492
leaf_count=363 190 160 419 344 221 492
internal_value=-0.000974771 -0.00350347 -0.0027226 0.000941804 -7.21154e-05 0.00143774
internal_weight=2189 942 579 1247 411 836
internal_count=2189 942 579 1247 411 836
is_linear=0
shrinkage=0.02


Tree=90
num_leaves=7
num_cat=0
split_feature=0 0 3 0 8 0
split_gain=26.2561 1.93597 1.62273 1.53947 1.44643 0.714176
threshold=0.46000000000000002 0.30750000000000005 -1.1187326252153913 0.55000000000000016 0.59875449435983441 0.73000000000000009
decision_type=2 2 2 2 2 2
left_child=1 -1 -3 4 -2 -5
right_child=3 2 -4 5 -6 -7
leaf_value=-0.0046455680044448899 -0.0013333333333333333 -0.00096969696969696967 -0.0033726415094339625 0.001763677932739258 0.0010176991150442479 0.00041789620915613226
leaf_weight=363 190 160 419 620 221 216
leaf_count=363 190 160 419 620 221 216
internal_value=-0.00097307 -0.00348423 -0.0027226 0.000930235 -7.21154e-05 0.00142052
internal_weight=2189 942 579 1247 411 836
internal_count=2189 942 579 1247 411 836
is_linear=0
shrinkage=0.02


Tree=91
num_leaves=7
num_cat=0
split_feature=0 0 3 0 8 2
split_gain=25.9041 1.83266 1.62273 1.50694 1.44643 0.7032
threshold=0.46000000000000002 0.30750000000000005 -1.1187326252153913 0.55000000000000016 0.59875449435983441 0.033628304294860141
decision_type=2 2 2 2 2 2
left_child=1 -1 -3 4 -2 -5
right_child=3 2 -4 5 -6 -7
leaf_value=-0.004596587498874768 -0.0013333333333333333 -0.00096969696969696967 -0.0033726415094339625 0.0024826055464300654 0.0010176991150442479 0.0010796005160668652
leaf_weight=363 190 160 419 186 221 650
leaf_count=363 190 160 419 186 221 650
internal_value=-0.000970934 -0.0034652 -0.0027226 0.000919581 -7.21154e-05 0.00140466
internal_weight=2189 942 579 1247 411 836
internal_count=2189 942 579 1247 411 836
is_linear=0
shrinkage=0.02


Tree=92
num_leaves=7
num_cat=0
split_feature=0 0 3 0 8 0
split_gain=25.5503 1.73309 1.62273 1.47312 1.44643 0.708063
threshold=0.46000000000000002 0.30750000000000005 -1.1187326252153913 0.55000000000000016 0.59875449435983441 0.73000000000000009
decision_type=2 2 2 2 2 2
left_child=1 -1 -3 4 -2 -5
right_child=3 2 -4 5 -6 -7
leaf_value=-0.0045481235614937285 -0.0013333333333333333 -0.00096969696969696967 -0.0033726415094339625 0.0017296063151359558 0.0010176991150442479 0.00039043825495844851
leaf_weight=363 190 160 419 620 221 216
leaf_count=363 190 160 419 620 221 216
internal_value=-0.000969197 -0.00344637 -0.0027226 0.000908379 -7.21154e-05 0.00138798
internal_weight=2189 942 579 1247 411 836
internal_count=2189 942 579 1247 411 836
is_linear=0
shrinkage=0.02


Tree=93
num_leaves=7
num_cat=0
split_feature=0 0 3 0 8 0
split_gain=25.2107 1.63717 1.62273 1.44208 1.44643 0.695408
threshold=0.46000000000000002 0.30750000000000005 -1.1187326252153913 0.55000000000000016 0.59875449435983441 0.73000000000000009
decision_type=2 2 2 2 2 2
left_child=1 -1 -3 4 -2 -5
right_child=3 2 -4 5 -6 -7
leaf_value=-0.0045001704909879234 -0.0013333333333333333 -0.00096969696969696967 -0.0033726415094339625 0.0017110595688819886 0.0010176991150442479 0.00038400749803933721
leaf_weight=363 190 160 419 620 221 216
leaf_count=363 190 160 419 620 221 216
internal_value=-0.000967085 -0.00342773 -0.0027226 0.000897986 -7.21154e-05 0.00137251
internal_weight=2189 942 579 1247 411 836
internal_count=2189 942 579 1247 411 836
is_linear=0
shrinkage=0.02


Tree=94
num_leaves=7
num_cat=0
split_feature=5 8 11 6 8 13
split_gain=15.1197 1.70389 2.33227 1.56236 1.85645 1.52772
threshold=-0.042500000000000003 0.57051972402662965 0.52805577372935819 6.8610619149350596 0.62631221940170956 0.14625982936704016
decision_type=2 2 2 2 2 8
left_child=3 2 -2 4 -1 -5
right_child=1 -3 -4 5 -6 -7
leaf_value=-0.0026282732636947943 0.00037651167991451727 0.00083572562796147324 -0.0023723959723116919 -0.00081188202850402346 -0.005277278530705083 -0.0035318046464369846
leaf_weight=241 346 864 186 184 217 151
leaf_count=241 346 864 186 184 217 151
internal_value=-0.000965016 0.000289274 -0.000597713 -0.00316105 -0.00392681 -0.00207179
internal_weight=2189 1396 532 793 458 335
internal_count=2189 1396 532 793 458 335
is_linear=0
shrinkage=0.02


Tree=95
num_leaves=7
num_cat=0
split_feature=0 0 13 0 8 2
split_gain=24.7031 1.50137 1.60946 1.40398 1.44643 0.699054
threshold=0.46000000000000002 0.33000000000000007 0.15938715992082589 0.55000000000000016 0.59875449435983441 0.033628304294860141
decision_type=2 2 8 2 2 2
left_child=1 -1 -3 4 -2 -5
right_child=3 2 -4 5 -6 -7
leaf_value=-0.0042950053478396219 -0.0013333333333333333 -0.0018406593406593407 -0.0042944785276073623 0.0024271216674851674 0.0010176991150442479 0.0010298219287362773
leaf_weight=425 190 359 158 186 221 650
leaf_count=425 190 359 158 186 221 650
internal_value=-0.000961139 -0.00339689 -0.00262452 0.000885075 -7.21154e-05 0.00135329
internal_weight=2189 942 517 1247 411 836
internal_count=2189 942 517 1247 411 836
is_linear=0
shrinkage=0.02


Tree=96
num_leaves=7
num_cat=0
split_feature=0 0 13 0 3 3
split_gain=24.376 1.42742 1.60946 1.3724 1.36264 0.6967
threshold=0.46000000000000002 0.33000000000000007 0.15938715992082589 0.55000000000000016 -0.53452248382484868 0.57735026918962229
decision_type=2 2 8 2 2 2
left_child=1 -1 -3 4 -2 -5
right_child=3 2 -4 5 -6 -7
leaf_value=-0.0042562504521636074 0.0014193548387096775 -0.0018406593406593407 -0.0042944785276073623 0.0020249945769636201 -0.00093984962406015032 0.00084068915241030631
leaf_weight=425 150 359 158 344 261 492
leaf_count=425 150 359 158 344 261 492
internal_value=-0.000959727 -0.00337929 -0.00262452 0.000874238 -7.21154e-05 0.00133715
internal_weight=2189 942 517 1247 411 836
internal_count=2189 942 517 1247 411 836
is_linear=0
shrinkage=0.02


Tree=97
num_leaves=7
num_cat=0
split_feature=5 8 11 6 8 13
split_gain=14.4668 1.67608 2.29441 1.59891 1.84782 1.46269
threshold=-0.042500000000000003 0.57051972402662965 0.52805577372935819 6.8610619149350596 0.62631221940170956 0.14625982936704016
decision_type=2 2 2 2 2 8
left_child=3 2 -2 4 -1 -5
right_child=1 -3 -4 5 -6 -7
leaf_value=-0.0025860515842592814 0.00035548436118454331 0.00081061272164611141 -0.0023711803614976205 -0.00077522216650544029 -0.0052265348117630766 -0.0034357598538582142
leaf_weight=241 346 864 186 184 217 151
leaf_count=241 346 864 186 184 217 151
internal_value=-0.000958365 0.000268595 -0.000611025 -0.00310646 -0.00388004 -0.00200734
internal_weight=2189 1396 532 793 458 335
internal_count=2189 1396 532 793 458 335
is_linear=0
shrinkage=0.02


Tree=98
num_leaves=7
num_cat=0
split_feature=0 6 0 0 8 13
split_gain=23.8872 1.39078 1.41978 1.33428 1.44643 1.03495
threshold=0.46000000000000002 6.6728047069333796 0.29000000000000009 0.55000000000000016 0.59875449435983441 -0.073746685215074576
decision_type=2 2 2 2 2 10
left_child=1 5 -3 4 -2 -1
right_child=3 2 -4 -5 -6 -7
leaf_value=-0.0027322743399233757 -0.0013333333333333333 -0.00400224377817296 -0.0017664670658682636 0.0013174331433573841 0.0010176991150442479 -0.0049575415105684428
leaf_weight=153 190 183 329 836 221 277
leaf_count=153 190 183 329 836 221 277
internal_value=-0.000954506 -0.00334968 -0.00259656 0.000860991 -7.21154e-05 -0.00420627
internal_weight=2189 942 512 1247 411 430
internal_count=2189 942 512 1247 411 430
is_linear=0
shrinkage=0.02


Tree=99
num_leaves=7
num_cat=0
split_feature=0 6 0 0 8 13
split_gain=23.567 1.39781 1.35305 1.3031 1.44643 1.01677
threshold=0.46000000000000002 6.6728047069333796 0.29000000000000009 0.55000000000000016 0.59875449435983441 -0.073746685215074576
decision_type=2 2 2 2 2 10
left_child=1 5 -3 4 -2 -1
right_child=3 2 -4 -5 -6 -7
leaf_value=-0.00272812404587299 -0.0013333333333333333 -0.0039511513107634609 -0.0017664670658682636 0.0013010886060815931 0.0010176991150442479 -0.0049357423968348938
leaf_weight=153 190 183 329 836 221 277
leaf_count=153 190 183 329 836 221 277
internal_value=-0.000953293 -0.00333235 -0.00257798 0.000850012 -7.21154e-05 -0.00419063
internal_weight=2189 942 512 1247 411 430
internal_count=2189 942 512 1247 411 430
is_linear=0
shrinkage=0.02


Tree=100
num_leaves=7
num_cat=0
split_feature=0 6 0 0 8 13
split_gain=23.2522 1.40451 1.2887 1.27264 1.44643 0.998829
threshold=0.46000000000000002 6.6728047069333796 0.29000000000000009 0.55000000000000016 0.59875449435983441 -0.073746685215074576
decision_type=2 2 2 2 2 10
left_child=1 5 -3 4 -2 -1
right_child=3 2 -4 -5 -6 -7
leaf_value=-0.0027239800782143313 -0.0013333333333333333 -0.0039007111179067732 -0.0017664670658682636 0.0012849371545415431 0.0010176991150442479 -0.0049140391176474008
leaf_weight=153 190 183 329 836 221 277
leaf_count=153 190 183 329 836 221 277
internal_value=-0.000952074 -0.00331519 -0.00255964 0.000839163 -7.21154e-05 -0.00417505
internal_weight=2189 942 512 1247 411 430
internal_count=2189 942 512 1247 411 430
is_linear=0
shrinkage=0.02


Tree=101
num_leaves=7
num_cat=0
split_feature=0 6 13 0 8 13
split_gain=22.9428 1.41087 1.25676 1.24292 1.44643 0.981132
threshold=0.46000000000000002 6.6728047069333796 0.14187684884001375 0.55000000000000016 0.59875449435983441 -0.073746685215074576
decision_type=2 2 8 2 2 10
left_child=1 5 -3 4 -2 -1
right_child=3 2 -4 -5 -6 -7
leaf_value=-0.0027198423765882663 -0.0013333333333333333 -0.0016119519431015542 -0.003648732415047185 0.0012689862016745702 0.0010176991150442479 -0.0048924313031189831
leaf_weight=153 190 285 227 836 221 277
leaf_count=153 190 285 227 836 221 277
internal_value=-0.000950846 -0.00329818 -0.00254153 0.000828448 -7.21154e-05 -0.00415954
internal_weight=2189 942 512 1247 411 430
internal_count=2189 942 512 1247 411 430
is_linear=0
shrinkage=0.02


Tree=102
num_leaves=7
num_cat=0
split_feature=0 6 13 0 8 13
split_gain=22.6675 1.40751 1.23551 1.21389 1.44643 0.963674
threshold=0.46000000000000002 6.6728047069333796 0.14187684884001375 0.55000000000000016 0.59875449435983441 -0.073746685215074576
decision_type=2 2 8 2 2 10
left_child=1 5 -3 4 -2 -1
right_child=3 2 -4 -5 -6 -7
leaf_value=-0.0027157109636294693 -0.0013333333333333333 -0.0016065046458408751 -0.0036263996722369356 0.00125322617766227 0.0010176991150442479 -0.0048709184734533869
leaf_weight=153 190 285 227 836 221 277
leaf_count=153 190 285 227 836 221 277
internal_value=-0.000950743 -0.00328394 -0.00252845 0.000817862 -7.21154e-05 -0.0041441
internal_weight=2189 942 512 1247 411 430
internal_count=2189 942 512 1247 411 430
is_linear=0
shrinkage=0.02


Tree=103
num_leaves=7
num_cat=0
split_feature=0 6 13 0 8 13
split_gain=22.3957 1.40413 1.21459 1.1855 1.44643 0.946452
threshold=0.46000000000000002 6.6728047069333796 0.14187684884001375 0.55000000000000016 0.59875449435983441 -0.073746685215074576
decision_type=2 2 8 2 2 10
left_child=1 5 -3 4 -2 -1
right_child=3 2 -4 -5 -6 -7
leaf_value=-0.0027115858355654947 -0.0013333333333333333 -0.0016010757458621058 -0.0036042035782131655 0.0012376230348878309 0.0010176991150442479 -0.0048495002503090717
leaf_weight=153 190 285 227 836 221 277
leaf_count=153 190 285 227 836 221 277
internal_value=-0.000950609 -0.00326977 -0.00251545 0.000807381 -7.21154e-05 -0.00412871
internal_weight=2189 942 512 1247 411 430
internal_count=2189 942 512 1247 411 430
is_linear=0
shrinkage=0.02


Tree=104
num_leaves=7
num_cat=0
split_feature=0 6 13 0 8 13
split_gain=22.1272 1.40062 1.19399 1.15771 1.44643 0.929375
threshold=0.46000000000000002 6.6728047069333796 0.14187684884001375 0.55000000000000016 0.59875449435983441 -0.073746685215074576
decision_type=2 2 8 2 2 10
left_child=1 5 -3 4 -2 -1
right_child=3 2 -4 -5 -6 -7
leaf_value=-0.002707466977306559 -0.0013333333333333333 -0.0015956652328885834 -0.003582143367364489 0.0012221711353392216 0.0010176991150442479 -0.0048280889070625851
leaf_weight=153 190 285 227 836 221 277
leaf_count=153 190 285 227 836 221 277
internal_value=-0.000950435 -0.00325565 -0.00250251 0.000797002 -7.21154e-05 -0.00411334
internal_weight=2189 942 512 1247 411 430
internal_count=2189 942 512 1247 411 430
is_linear=0
shrinkage=0.02


Tree=105
num_leaves=7
num_cat=0
split_feature=0 6 13 1 0 13
split_gain=21.8611 1.3966 1.17371 1.13938 1.07234 0.912113
threshold=0.46000000000000002 6.6728047069333796 0.14187684884001375 -0.65375069840741251 0.55000000000000016 -0.073746685215074576
decision_type=2 2 8 2 2 10
left_child=1 5 -3 -2 -5 -1
right_child=3 2 -4 4 -6 -7
leaf_value=-0.002703354373762879 0.0023061939847399617 -0.0015902729609916949 -0.0035602181738820572 -0.00044444444444444447 0.00094156438277854463 -0.0048063528241840663
leaf_weight=153 166 285 227 310 771 277
leaf_count=153 166 285 227 310 771 277
internal_value=-0.000950163 -0.00324147 -0.00248965 0.000786752 0.00054388 -0.00409775
internal_weight=2189 942 512 1247 1081 430
internal_count=2189 942 512 1247 1081 430
is_linear=0
shrinkage=0.02


Tree=106
num_leaves=7
num_cat=0
split_feature=0 6 13 1 0 5
split_gain=21.613 1.39502 1.69663 1.14168 1.05373 1.04063
threshold=0.46000000000000002 6.806497439499811 0.14187684884001375 -0.65375069840741251 0.55000000000000016 -0.042500000000000003
decision_type=2 2 8 2 2 2
left_child=1 5 -3 -2 -5 -1
right_child=3 2 -4 4 -6 -7
leaf_value=-0.0045718014727176076 0.0022991809998339379 -0.0010871008979646784 -0.0036465694886796615 -0.00044444444444444447 0.00092945508279035957 -0.0025213494232722688
leaf_weight=350 166 223 199 310 771 170
leaf_count=350 166 223 199 310 771 170
internal_value=-0.000948755 -0.00322702 -0.00232262 0.000778288 0.000535228 -0.00393186
internal_weight=2189 942 422 1247 1081 520
internal_count=2189 942 422 1247 1081 520
is_linear=0
shrinkage=0.02


Tree=107
num_leaves=7
num_cat=0
split_feature=0 6 13 1 0 5
split_gain=21.3628 1.3907 1.67085 1.14386 1.03553 1.01682
threshold=0.46000000000000002 6.806497439499811 0.14187684884001375 -0.65375069840741251 0.55000000000000016 -0.042500000000000003
decision_type=2 2 8 2 2 2
left_child=1 5 -3 -2 -5 -1
right_child=3 2 -4 4 -6 -7
leaf_value=-0.0045488433502089811 0.0022921893192313567 -0.0010831911365191142 -0.0036233316186596366 -0.00044444444444444447 0.00091750152992353456 -0.0025196204934801376
leaf_weight=350 166 223 199 310 771 170
leaf_count=350 166 223 199 310 771 170
internal_value=-0.000947108 -0.00321214 -0.00230943 0.000769925 0.000526686 -0.00391576
internal_weight=2189 942 422 1247 1081 520
internal_count=2189 942 422 1247 1081 520
is_linear=0
shrinkage=0.02


Tree=108
num_leaves=7
num_cat=0
split_feature=0 6 13 1 0 5
split_gain=21.1129 1.3854 1.64545 1.14593 1.01771 0.992507
threshold=0.46000000000000002 6.806497439499811 0.14187684884001375 -0.65375069840741251 0.55000000000000016 -0.042500000000000003
decision_type=2 2 8 2 2 2
left_child=1 5 -3 -2 -5 -1
right_child=3 2 -4 4 -6 -7
leaf_value=-0.0045252084597735337 0.0022852189289896113 -0.0010792954632064752 -0.0036002417288574519 -0.00044444444444444447 0.00090570169561014508 -0.0025178927557809013
leaf_weight=350 166 223 199 310 771 170
leaf_count=350 166 223 199 310 771 170
internal_value=-0.000945311 -0.00319705 -0.00229632 0.000761659 0.000518255 -0.0038992
internal_weight=2189 942 422 1247 1081 520
internal_count=2189 942 422 1247 1081 520
is_linear=0
shrinkage=0.02


Tree=109
num_leaves=7
num_cat=0
split_feature=0 6 13 1 0 5
split_gain=20.8633 1.37915 1.62042 1.14788 1.00028 0.967765
threshold=0.46000000000000002 6.806497439499811 0.14187684884001375 -0.65375069840741251 0.55000000000000016 -0.042500000000000003
decision_type=2 2 8 2 2 2
left_child=1 5 -3 -2 -5 -1
right_child=3 2 -4 4 -6 -7
leaf_value=-0.0045009334154531991 0.0022782697367389297 -0.0010754137734572094 -0.0035772990245445105 -0.00044444444444444447 0.0008940536101959579 -0.0025161661999566214
leaf_weight=350 166 223 199 310 771 170
leaf_count=350 166 223 199 310 771 170
internal_value=-0.00094337 -0.00318176 -0.00228329 0.00075349 0.000509931 -0.00388221
internal_weight=2189 942 422 1247 1081 520
internal_count=2189 942 422 1247 1081 520
is_linear=0
shrinkage=0.02


Tree=110
num_leaves=7
num_cat=0
split_feature=0 6 1 0 5 0
split_gain=20.6123 1.37145 1.14971 0.983209 0.942159 0.702444
threshold=0.46000000000000002 6.806497439499811 -0.65375069840741251 0.55000000000000016 -0.042500000000000003 0.31750000000000006
decision_type=2 2 2 2 2 2
left_child=1 4 -2 -4 -1 -3
right_child=2 5 3 -5 -6 -7
leaf_value=-0.0044755941679779912 0.0022713416675378007 -0.0031344657990277983 -0.00044444444444444447 0.00088255188553582054 -0.0025144408294132774 -0.0014473684210526317
leaf_weight=350 166 199 310 771 170 223
leaf_count=350 166 199 310 771 170 223
internal_value=-0.000941219 -0.0031661 0.000745415 0.000501713 -0.0038645 -0.00227033
internal_weight=2189 942 1247 1081 520 422
internal_count=2189 942 1247 1081 520 422
is_linear=0
shrinkage=0.02


Tree=111
num_leaves=7
num_cat=0
split_feature=0 6 13 1 0 13
split_gain=20.3465 1.36726 1.58501 1.15148 0.966436 0.935772
threshold=0.46000000000000002 6.806497439499811 0.14187684884001375 -0.65375069840741251 0.55000000000000016 -0.067312471538886059
decision_type=2 2 8 2 2 8
left_child=1 5 -3 -2 -5 -1
right_child=3 2 -4 4 -6 -7
leaf_value=-0.0024724288582801818 0.0022644346429590593 -0.0010602729336211556 -0.0035345279147811965 -0.00044444444444444447 0.00087115230354638045 -0.0044411865870157882
leaf_weight=165 166 223 199 310 771 355
leaf_count=165 166 223 199 310 771 355
internal_value=-0.000938329 -0.00314881 -0.00225477 0.000737406 0.000493567 -0.00384598
internal_weight=2189 942 422 1247 1081 520
internal_count=2189 942 422 1247 1081 520
is_linear=0
shrinkage=0.02


Tree=112
num_leaves=7
num_cat=0
split_feature=0 6 13 3 0 3
split_gain=20.096 1.35784 1.56089 1.0507 1.52446 1.04239
threshold=0.46000000000000002 6.806497439499811 0.14187684884001375 -0.56319329553259945 0.55000000000000016 -1.1832159566199201
decision_type=2 2 8 2 2 2
left_child=1 -1 -3 5 -5 -2
right_child=3 2 -4 4 -6 -7
leaf_value=-0.0038274751265843709 0.00045081801998669342 -0.0010564597134004559 -0.0035120039681593579 -0.00089887640449438206 0.0008912608739320378 0.002726145053696301
leaf_weight=520 150 223 199 262 660 175
leaf_count=520 150 223 199 262 660 175
internal_value=-0.00093595 -0.00313278 -0.00224197 0.00072945 0.000380462 0.00169874
internal_weight=2189 942 422 1247 922 325
internal_count=2189 942 422 1247 922 325
is_linear=0
shrinkage=0.02


Tree=113
num_leaves=7
num_cat=0
split_feature=0 6 13 1 0 13
split_gain=19.8418 1.35003 1.53712 1.1609 0.930153 0.901116
threshold=0.46000000000000002 6.806497439499811 0.14187684884001375 -0.65375069840741251 0.55000000000000016 -0.067312471538886059
decision_type=2 2 8 2 2 8
left_child=1 5 -3 -2 -5 -1
right_child=3 2 -4 4 -6 -7
leaf_value=-0.0024596555338186376 0.0022535206020226953 -0.001052660183948383 -0.0034896235723121494 -0.00044444444444444447 0.00084615003434009852 -0.0043946265180905657
leaf_weight=165 166 223 199 310 771 355
leaf_count=165 166 223 199 310 771 355
internal_value=-0.000934427 -0.00311731 -0.00222925 0.000720419 0.000475702 -0.00380992
internal_weight=2189 942 422 1247 1081 520
internal_count=2189 942 422 1247 1081 520
is_linear=0
shrinkage=0.02


Tree=114
num_leaves=7
num_cat=0
split_feature=0 6 13 1 0 13
split_gain=19.5841 1.33621 1.5137 1.16197 0.914484 0.879029
threshold=0.46000000000000002 6.806497439499811 0.14187684884001375 -0.65375069840741251 0.55000000000000016 -0.067312471538886059
decision_type=2 2 8 2 2 8
left_child=1 5 -3 -2 -5 -1
right_child=3 2 -4 4 -6 -7
leaf_value=-0.0024537437207558578 0.0022464042257147225 -0.0010488742459238622 -0.0034673858244045107 -0.00044444444444444447 0.00083520241940427645 -0.0043670708835124973
leaf_weight=165 166 223 199 310 771 355
leaf_count=165 166 223 199 310 771 355
internal_value=-0.000931413 -0.00310008 -0.0022166 0.000712662 0.000467879 -0.00378911
internal_weight=2189 942 422 1247 1081 520
internal_count=2189 942 422 1247 1081 520
is_linear=0
shrinkage=0.02


Tree=115
num_leaves=7
num_cat=0
split_feature=0 6 1 0 5 0
split_gain=19.3195 1.31919 1.16293 0.899148 0.814043 0.58526
threshold=0.46000000000000002 6.806497439499811 -0.65375069840741251 0.55000000000000016 -0.042500000000000003 0.31750000000000006
decision_type=2 2 2 2 2 2
left_child=1 4 -2 -4 -1 -3
right_child=2 5 3 -5 -6 -7
leaf_value=-0.0043378325163478584 0.0022393103161750479 -0.0029956978559494019 -0.00044444444444444447 0.00082439647441413062 -0.002500075204031808 -0.0014473684210526317
leaf_weight=350 166 199 310 771 170 223
leaf_count=350 166 199 310 771 170 223
internal_value=-0.000927945 -0.00308191 0.000704995 0.000460158 -0.00376656 -0.00220403
internal_weight=2189 942 1247 1081 520 422
internal_count=2189 942 1247 1081 520 422
is_linear=0
shrinkage=0.02


Tree=116
num_leaves=7
num_cat=0
split_feature=0 6 13 1 0 13
split_gain=19.0344 1.30253 1.4807 1.16379 0.884123 0.835689
threshold=0.46000000000000002 6.806497439499811 0.14187684884001375 -0.65375069840741251 0.55000000000000016 -0.067312471538886059
decision_type=2 2 8 2 2 8
left_child=1 5 -3 -2 -5 -1
right_child=3 2 -4 4 -6 -7
leaf_value=-0.0024365356319090902 0.0022322388010763985 -0.0010343280094757415 -0.0034261994765085336 -0.00044444444444444447 0.00081372048262957984 -0.0043061319986979173
leaf_weight=165 166 223 199 310 771 355
leaf_count=165 166 223 199 310 771 355
internal_value=-0.000923441 -0.00306145 -0.00218916 0.000697412 0.00045253 -0.00374175
internal_weight=2189 942 422 1247 1081 520
internal_count=2189 942 422 1247 1081 520
is_linear=0
shrinkage=0.02


Tree=117
num_leaves=7
num_cat=0
split_feature=0 6 13 1 0 13
split_gain=18.7614 1.28083 1.45814 1.16456 0.869401 0.808659
threshold=0.46000000000000002 6.806497439499811 0.14187684884001375 -0.65375069840741251 0.55000000000000016 -0.067312471538886059
decision_type=2 2 8 2 2 8
left_child=1 5 -3 -2 -5 -1
right_child=3 2 -4 4 -6 -7
leaf_value=-0.0024302292886902305 0.002225189640333778 -0.0010306080835953094 -0.0034043658042655273 -0.00044444444444444447 0.00080317148649837033 -0.0042724319323897367
leaf_weight=165 166 223 199 310 771 355
leaf_count=165 166 223 199 310 771 355
internal_value=-0.000919287 -0.0030419 -0.00217674 0.000689911 0.000444992 -0.0037166
internal_weight=2189 942 422 1247 1081 520
internal_count=2189 942 422 1247 1081 520
is_linear=0
shrinkage=0.02


Tree=118
num_leaves=7
num_cat=0
split_feature=0 6 13 3 0 3
split_gain=18.486 1.25741 1.4359 1.05294 1.41521 1.02944
threshold=0.46000000000000002 6.806497439499811 0.14187684884001375 -0.56319329553259945 0.55000000000000016 -1.1832159566199201
decision_type=2 2 8 2 2 2
left_child=1 -1 -3 5 -5 -2
right_child=3 2 -4 4 -6 -7
leaf_value=-0.0036904381104878015 0.00041384407463333301 -0.0010269014615761607 -0.0033826713789911833 -0.00089887640449438206 0.00082574799473404431 0.002673437486713131
leaf_weight=520 150 223 199 262 660 175
leaf_count=520 150 223 199 262 660 175
internal_value=-0.000914855 -0.00302184 -0.0021644 0.000682498 0.000333465 0.00165262
internal_weight=2189 942 422 1247 922 325
internal_count=2189 942 422 1247 922 325
is_linear=0
shrinkage=0.02


Tree=119
num_leaves=6
num_cat=0
split_feature=0 1 0 13 3
split_gain=18.207 1.1725 0.837247 0.832819 0.813654
threshold=0.46000000000000002 -0.65375069840741251 0.55000000000000016 -0.10518091328739557 -1.175261878461817
decision_type=2 2 2 8 2
left_child=3 -2 -3 -1 -5
right_child=1 2 -4 4 -6
leaf_value=-0.0018439730518573039 0.0022143209503408066 -0.00044444444444444447 0.00077981704051979382 -0.0022449826766615328 -0.0037970264471403445
leaf_weight=217 166 310 771 225 500
leaf_count=217 166 310 771 225 500
internal_value=-0.000911312 0.000673951 0.000428304 -0.00300233 -0.00333403
internal_weight=2189 1247 1081 942 725
internal_count=2189 1247 1081 942 725
is_linear=0
shrinkage=0.02


Tree=120
num_leaves=7
num_cat=0
split_feature=0 6 13 1 0 13
split_gain=17.9414 1.22282 1.39993 1.17243 0.823515 0.739765
threshold=0.46000000000000002 6.806497439499811 0.14187684884001375 -0.65375069840741251 0.55000000000000016 -0.067312471538886059
decision_type=2 2 8 2 2 8
left_child=1 5 -3 -2 -5 -1
right_child=3 2 -4 4 -6 -7
leaf_value=-0.0024057043860940372 0.0022069498626460806 -0.0010138873886643795 -0.0033399615743580986 -0.00044444444444444447 0.00076970756391656514 -0.0041753188711073667
leaf_weight=165 166 223 199 310 771 355
leaf_count=165 166 223 199 310 771 355
internal_value=-0.000906983 -0.00298269 -0.00213705 0.000666679 0.00042108 -0.00364207
internal_weight=2189 942 422 1247 1081 520
internal_count=2189 942 422 1247 1081 520
is_linear=0
shrinkage=0.02


Tree=121
num_leaves=7
num_cat=0
split_feature=0 6 13 1 0 13
split_gain=17.6598 1.19469 1.37857 1.17208 0.810073 0.710954
threshold=0.46000000000000002 6.806497439499811 0.14187684884001375 -0.65375069840741251 0.55000000000000016 -0.067312471538886059
decision_type=2 2 8 2 2 8
left_child=1 5 -3 -2 -5 -1
right_child=3 2 -4 4 -6 -7
leaf_value=-0.0023980627375490525 0.0021994643017911077 -0.0010102409699506928 -0.0033186775592027929 -0.00044444444444444447 0.00075972913090678498 -0.0041366574764251703
leaf_weight=165 166 223 199 310 771 355
leaf_count=165 166 223 199 310 771 355
internal_value=-0.000901802 -0.00296115 -0.00212493 0.000659471 0.00041395 -0.00361308
internal_weight=2189 942 422 1247 1081 520
internal_count=2189 942 422 1247 1081 520
is_linear=0
shrinkage=0.02


Tree=122
num_leaves=7
num_cat=0
split_feature=0 1 6 13 0 13
split_gain=17.3772 1.17163 1.16535 1.35752 0.796913 0.682705
threshold=0.46000000000000002 -0.65375069840741251 6.806497439499811 0.14187684884001375 0.55000000000000016 -0.081266600300271011
decision_type=2 2 2 8 2 8
left_child=2 -2 5 -4 -3 -1
right_child=1 4 3 -5 -6 -7
leaf_value=-0.0023265049540543859 0.0021920041400089597 -0.00044444444444444447 -0.0010066076459591849 -0.0032975290525777668 0.00074988005680944199 -0.0040688871383987449
leaf_weight=153 166 310 223 199 771 367
leaf_count=153 166 310 223 199 771 367
internal_value=-0.000896389 0.000652348 -0.00293919 -0.00211289 0.000406912 -0.00358326
internal_weight=2189 1247 942 422 1081 520
internal_count=2189 1247 942 422 1081 520
is_linear=0
shrinkage=0.02


Tree=123
num_leaves=7
num_cat=0
split_feature=0 1 6 13 0 13
split_gain=17.094 1.17111 1.13498 1.33677 0.784021 0.654688
threshold=0.46000000000000002 -0.65375069840741251 6.806497439499811 0.14187684884001375 0.55000000000000016 -0.081266600300271011
decision_type=2 2 2 8 2 8
left_child=2 -2 5 -4 -3 -1
right_child=1 4 3 -5 -6 -7
leaf_value=-0.0023187467908557459 0.0021845692779585632 -0.00044444444444444447 -0.0010029873539481246 -0.003276515465741064 0.00074015279912666447 -0.0040290390820272512
leaf_weight=153 166 310 223 199 771 367
leaf_count=153 166 310 223 199 771 367
internal_value=-0.000890763 0.000645303 -0.00291685 -0.00210091 0.000399962 -0.00355269
internal_weight=2189 1247 942 422 1081 520
internal_count=2189 1247 942 422 1081 520
is_linear=0
shrinkage=0.02


Tree=124
num_leaves=7
num_cat=0
split_feature=0 1 6 13 0 13
split_gain=16.8038 1.17051 1.10178 1.31633 0.771332 0.62552
threshold=0.46000000000000002 -0.65375069840741251 6.806497439499811 0.14187684884001375 0.55000000000000016 -0.081266600300271011
decision_type=2 2 2 8 2 8
left_child=2 -2 5 -4 -3 -1
right_child=1 4 3 -5 -6 -7
leaf_value=-0.0023105284684821021 0.0021771322809464749 -0.00044444444444444447 -0.00099938015143076595 -0.0032556356781837988 0.00073050028176365551 -0.0039867263679863301
leaf_weight=153 166 310 223 199 771 367
leaf_count=153 166 310 223 199 771 367
internal_value=-0.000884675 0.000638305 -0.00289349 -0.00208901 0.000393065 -0.00352024
internal_weight=2189 1247 942 422 1081 520
internal_count=2189 1247 942 422 1081 520
is_linear=0
shrinkage=0.02


Tree=125
num_leaves=7
num_cat=0
split_feature=0 1 6 13 0 13
split_gain=16.5119 1.16939 1.06744 1.29618 0.75891 0.595875
threshold=0.46000000000000002 -0.65375069840741251 6.806497439499811 0.14187684884001375 0.55000000000000016 -0.081266600300271011
decision_type=2 2 2 8 2 8
left_child=2 -2 5 -4 -3 -1
right_child=1 4 3 -5 -6 -7
leaf_value=-0.0023022908877722826 0.0021693918997781319 -0.00044444444444444447 -0.00099578587109582471 -0.0032348889828312634 0.00072097366872710448 -0.003943103631978394
leaf_weight=153 166 310 223 199 771 367
leaf_count=153 166 310 223 199 771 367
internal_value=-0.000878355 0.000631343 -0.00286964 -0.00207718 0.000386257 -0.00348685
internal_weight=2189 1247 942 422 1081 520
internal_count=2189 1247 942 422 1081 520
is_linear=0
shrinkage=0.02


Tree=126
num_leaves=7
num_cat=0
split_feature=0 1 6 13 0 13
split_gain=16.222 1.168 1.0331 1.27633 0.746738 0.566869
threshold=0.46000000000000002 -0.65375069840741251 6.806497439499811 0.14187684884001375 0.55000000000000016 -0.081266600300271011
decision_type=2 2 2 8 2 8
left_child=2 -2 5 -4 -3 -1
right_child=1 4 3 -5 -6 -7
leaf_value=-0.0022938394301299809 0.0021615262678143575 -0.00044444444444444447 -0.00099220453908568929 -0.0032142744841528875 0.00071156369273481191 -0.0038992100954055786
leaf_weight=153 166 310 223 199 771 367
leaf_count=153 166 310 223 199 771 367
internal_value=-0.000871957 0.000624436 -0.00284569 -0.00206542 0.000379534 -0.00345321
internal_weight=2189 1247 942 422 1081 520
internal_count=2189 1247 942 422 1081 520
is_linear=0
shrinkage=0.02


Tree=127
num_leaves=7
num_cat=0
split_feature=0 1 6 13 0 13
split_gain=15.9337 1.16643 0.998622 1.25677 0.734807 0.538217
threshold=0.46000000000000002 -0.65375069840741251 6.806497439499811 0.14187684884001375 0.55000000000000016 -0.081266600300271011
decision_type=2 2 2 8 2 8
left_child=2 -2 5 -4 -3 -1
right_child=1 4 3 -5 -6 -7
leaf_value=-0.0022853016419501246 0.0021536150679253695 -0.00044444444444444447 -0.00098863607435895691 -0.0031937913771937876 0.0007022656772235293 -0.0038548338861875637
leaf_weight=153 166 310 223 199 771 367
leaf_count=153 166 310 223 199 771 367
internal_value=-0.000865448 0.000617593 -0.00282156 -0.00205373 0.00037289 -0.00341919
internal_weight=2189 1247 942 422 1081 520
internal_count=2189 1247 942 422 1081 520
is_linear=0
shrinkage=0.02


Tree=128
num_leaves=7
num_cat=0
split_feature=0 1 6 13 0 13
split_gain=15.643 1.16428 0.962917 1.23749 0.723127 0.510251
threshold=0.46000000000000002 -0.65375069840741251 6.806497439499811 0.14187684884001375 0.55000000000000016 -0.081266600300271011
decision_type=2 2 2 8 2 8
left_child=2 -2 5 -4 -3 -1
right_child=1 4 3 -5 -6 -7
leaf_value=-0.0022757554450367071 0.002145343685185003 -0.00044444444444444447 -0.00098508046123019439 -0.0031734387722669867 0.00069308916091818137 -0.0038093428017311197
leaf_weight=153 166 310 223 199 771 367
leaf_count=153 166 310 223 199 771 367
internal_value=-0.000858675 0.000610776 -0.00279686 -0.00204211 0.000366333 -0.00338409
internal_weight=2189 1247 942 422 1081 520
internal_count=2189 1247 942 422 1081 520
is_linear=0
shrinkage=0.02


Tree=129
num_leaves=7
num_cat=0
split_feature=0 1 6 0 5 12
split_gain=15.3465 1.16201 0.924925 0.71169 0.424868 0.335537
threshold=0.46000000000000002 -0.65375069840741251 6.806497439499811 0.55000000000000016 -0.040000000000000001 0.22023637241864494
decision_type=2 2 2 2 2 2
left_child=2 -2 4 -3 -1 -4
right_child=1 3 5 -5 -6 -7
leaf_value=-0.0037617775418091349 0.0021370634122898705 -0.00044444444444444447 -0.0015595686220520241 0.00068403255423355705 -0.0023623463493832471 -0.0028067490650761514
leaf_weight=356 166 310 272 771 164 150
leaf_count=356 166 310 272 771 164 150
internal_value=-0.00085143 0.000604031 -0.00277116 0.000359861 -0.00334712 -0.00203055
internal_weight=2189 1247 942 1081 520 422
internal_count=2189 1247 942 1081 520 422
is_linear=0
shrinkage=0.02


Tree=130
num_leaves=7
num_cat=0
split_feature=0 8 0 6 13 13
split_gain=15.051 1.05133 1.68857 0.883854 1.21173 0.46363
threshold=0.46000000000000002 0.70620924014597641 0.53000000000000014 6.806497439499811 0.14187684884001375 -0.081266600300271011
decision_type=2 2 2 2 8 8
left_child=3 2 -2 5 -5 -1
right_child=1 -3 -4 4 -6 -7
leaf_value=-0.0022456852563574347 -0.0010181818181818183 0.0018568831040910935 0.00080890047440486043 -0.00097417822271062622 -0.0031396092839685143 -0.003715792509817308
leaf_weight=153 270 214 763 223 199 367
leaf_count=153 270 214 763 223 199 367
internal_value=-0.000844026 0.000597359 0.000328743 -0.00274518 -0.00202012 -0.00330875
internal_weight=2189 1247 1033 942 422 520
internal_count=2189 1247 1033 942 422 520
is_linear=0
shrinkage=0.02


Tree=131
num_leaves=7
num_cat=0
split_feature=0 1 6 13 0 13
split_gain=14.7354 1.16658 0.844381 1.19313 0.684579 0.437028
threshold=0.46000000000000002 -0.65375069840741251 6.806497439499811 0.14187684884001375 0.55000000000000016 -0.081266600300271011
decision_type=2 2 2 8 2 8
left_child=2 -2 5 -4 -3 -1
right_child=1 4 3 -5 -6 -7
leaf_value=-0.0022330788721012162 0.0021248185678183684 -0.00044444444444444447 -0.00097067459894899732 -0.0031196019652427408 0.00066226990701570402 -0.0036661952133140259
leaf_weight=153 166 310 223 199 771 367
leaf_count=153 166 310 223 199 771 367
internal_value=-0.000837328 0.00058887 -0.00271844 -0.00200869 0.000344311 -0.00326981
internal_weight=2189 1247 942 422 1081 520
internal_count=2189 1247 942 422 1081 520
is_linear=0
shrinkage=0.02


Tree=132
num_leaves=7
num_cat=0
split_feature=5 3 6 8 5 13
split_gain=7.52806 1.42303 1.28807 1.69634 1.26715 0.947605
threshold=-0.040000000000000001 -0.57735026918963528 6.8610619149350596 0.62631221940170956 0.030000000000000002 0.057357436572658634
decision_type=2 2 2 2 2 8
left_child=2 5 3 -1 -3 -2
right_child=1 4 -4 -5 -6 -7
leaf_value=-0.0018191991681121736 0.0022549728427234796 -0.0013390489867976252 -0.0013812380064429574 -0.0042722438540293544 0.00016929993045456391 9.6208281953882738e-05
leaf_weight=246 166 313 341 226 741 156
leaf_count=246 166 313 341 226 741 156
internal_value=-0.000829465 7.35482e-05 -0.00234892 -0.00302622 -0.000282833 0.00122657
internal_weight=2189 1376 813 472 1054 322
internal_count=2189 1376 813 472 1054 322
is_linear=0
shrinkage=0.02


Tree=133
num_leaves=7
num_cat=0
split_feature=0 1 6 13 0 13
split_gain=14.2526 1.16574 0.773729 1.17113 0.671146 0.403411
threshold=0.46000000000000002 -0.65375069840741251 6.806497439499811 0.14187684884001375 0.55000000000000016 -0.081266600300271011
decision_type=2 2 2 8 2 8
left_child=2 -2 5 -4 -3 -1
right_child=1 4 3 -5 -6 -7
leaf_value=-0.0021997494071344789 0.0021162764318505226 -0.00044444444444444447 -0.00096180637154662826 -0.0030908384071845637 0.00065132751796855449 -0.0035827089381474321
leaf_weight=153 166 310 223 199 771 367
leaf_count=153 166 310 223 199 771 367
internal_value=-0.000821713 0.000580921 -0.00267175 -0.00199022 0.000336492 -0.00320063
internal_weight=2189 1247 942 422 1081 520
internal_count=2189 1247 942 422 1081 520
is_linear=0
shrinkage=0.02


Tree=134
num_leaves=7
num_cat=0
split_feature=5 3 5 6 8 13
split_gain=7.20782 1.40199 1.23441 1.21528 1.65616 0.931725
threshold=-0.040000000000000001 -0.57735026918963528 0.030000000000000002 6.8610619149350596 0.62631221940170956 0.057357436572658634
decision_type=2 2 2 2 2 8
left_child=3 5 -3 4 -1 -2
right_child=1 2 -4 -5 -6 -7
leaf_value=-0.0017671131873985685 0.002234007320502958 -0.0013264193098828103 0.00016234048546401748 -0.0013601575843516112 -0.0041893371655827476 9.3474717614073192e-05
leaf_weight=246 166 313 741 341 226 156
leaf_count=246 166 313 741 341 226 156
internal_value=-0.000813823 6.97823e-05 -0.000283943 -0.00230061 -0.00295866 0.00121427
internal_weight=2189 1376 1054 813 472 322
internal_count=2189 1376 1054 813 472 322
is_linear=0
shrinkage=0.02


Tree=135
num_leaves=7
num_cat=0
split_feature=0 1 6 0 3 8
split_gain=13.7793 1.16453 0.705638 0.658105 0.346417 0.334051
threshold=0.46000000000000002 -0.65375069840741251 6.806497439499811 0.55000000000000016 -1.0841266730011272 0.62727333878313296
decision_type=2 2 2 2 2 2
left_child=2 -2 5 -3 -4 -1
right_child=1 3 4 -5 -6 -7
leaf_value=-0.0025724992839849161 0.0021076040187774344 -0.00044444444444444447 -0.0011412206176788576 0.00064059929633285067 -0.0024012163464343077 -0.0037512289187988314
leaf_weight=287 166 310 150 771 272 233
leaf_count=287 166 310 150 771 272 233
internal_value=-0.000806054 0.000573087 -0.00262512 0.000328826 -0.00197196 -0.00313136
internal_weight=2189 1247 942 1081 422 520
internal_count=2189 1247 942 1081 422 520
is_linear=0
shrinkage=0.02


Tree=136
num_leaves=7
num_cat=0
split_feature=0 1 6 13 0 13
split_gain=13.5108 1.16052 0.668866 1.1432 0.647998 0.358858
threshold=0.46000000000000002 -0.65375069840741251 6.806497439499811 0.14187684884001375 0.55000000000000016 -0.081266600300271011
decision_type=2 2 2 8 2 8
left_child=2 -2 5 -4 -3 -1
right_child=1 4 3 -5 -6 -7
leaf_value=-0.0021436536180067666 0.0020984833944610684 -0.00044444444444444447 -0.00094696310789961567 -0.0030503076168836331 0.00063221206883108899 -0.0034558517357674979
leaf_weight=153 166 310 223 199 771 367
leaf_count=153 166 310 223 199 771 367
internal_value=-0.000799001 0.000566643 -0.00260026 -0.00196293 0.000322833 -0.00309386
internal_weight=2189 1247 942 422 1081 520
internal_count=2189 1247 942 422 1081 520
is_linear=0
shrinkage=0.02


Tree=137
num_leaves=7
num_cat=0
split_feature=0 8 0 6 13 13
split_gain=13.2309 1.04163 1.5207 0.633981 1.12566 0.336569
threshold=0.46000000000000002 0.70760871252844459 0.53000000000000014 6.806497439499811 0.14187684884001375 -0.081266600300271011
decision_type=2 2 2 2 8 8
left_child=3 2 -2 5 -5 -1
right_child=1 -3 -4 4 -6 -7
leaf_value=-0.0021297812103470669 -0.00097826086956521747 0.0018386520171221696 0.00075147529237648558 -0.00094355734293920951 -0.0030308693793474461 -0.0034068009249305217
leaf_weight=153 271 207 769 223 199 367
leaf_count=153 271 207 769 223 199 367
internal_value=-0.00079117 0.000560252 0.000298222 -0.00257367 -0.00195182 -0.00305492
internal_weight=2189 1247 1040 942 422 520
internal_count=2189 1247 1040 942 422 520
is_linear=0
shrinkage=0.02


Tree=138
num_leaves=7
num_cat=0
split_feature=0 1 6 6 13 8
split_gain=12.9413 1.16187 0.640978 0.600281 1.10836 0.326255
threshold=0.46000000000000002 -0.65375069840741251 6.3102813845302252 6.806497439499811 0.14187684884001375 0.62727333878313296
decision_type=2 2 2 2 8 2
left_child=3 -2 -3 5 -5 -1
right_child=1 2 -4 4 -6 -7
leaf_value=-0.0024682354090148455 0.0020848112766854248 0.0010787768658811173 1.8616184435041663e-06 -0.0009401638596727137 -0.0030115550128268259 -0.0036253455707005097
leaf_weight=287 166 304 777 223 199 233
leaf_count=287 166 304 777 223 199 233
internal_value=-0.000784399 0.000552157 0.000308285 -0.00254728 -0.00194078 -0.0030163
internal_weight=2189 1247 1081 942 422 520
internal_count=2189 1247 1081 942 422 520
is_linear=0
shrinkage=0.02


Tree=139
num_leaves=7
num_cat=0
split_feature=0 8 0 6 13 8
split_gain=12.6979 1.03126 1.49571 0.569406 1.09133 0.315802
threshold=0.46000000000000002 0.70760871252844459 0.53000000000000014 6.806497439499811 0.14187684884001375 0.62727333878313296
decision_type=2 2 2 2 8 2
left_child=3 2 -2 5 -5 -1
right_child=1 -3 -4 4 -6 -7
leaf_value=-0.0024395184423009011 -0.00097826086956521747 0.0018202763107025399 0.0007371695225309936 -0.00093678257705872518 -0.0029923637342803618 -0.0035791029536924443
leaf_weight=287 271 207 769 223 199 233
leaf_count=287 271 207 769 223 199 233
internal_value=-0.000775627 0.000548297 0.000287626 -0.00252185 -0.00192981 -0.00297936
internal_weight=2189 1247 1040 942 422 520
internal_count=2189 1247 1040 942 422 520
is_linear=0
shrinkage=0.02


Tree=140
num_leaves=7
num_cat=0
split_feature=5 3 5 4 13 13
split_gain=6.26334 1.37763 1.13831 1.08111 1.063 0.90434
threshold=-0.040000000000000001 -0.57735026918963528 0.030000000000000002 0.040311288741492778 0.17783620522466556 0.057357436572658634
decision_type=2 2 2 2 8 8
left_child=3 5 -3 4 -1 -2
right_child=1 2 -4 -5 -6 -7
leaf_value=-0.0019857161285850291 0.0021936522119771146 -0.001297142163926513 0.00013259250276170212 -0.0011199272369083605 -0.0039197270643143425 8.5054675799719288e-05
leaf_weight=349 166 313 741 280 184 156
leaf_count=349 166 313 741 280 184 156
internal_value=-0.000769243 5.44758e-05 -0.000296107 -0.0021552 -0.00268359 0.00118902
internal_weight=2189 1376 1054 813 533 322
internal_count=2189 1376 1054 813 533 322
is_linear=0
shrinkage=0.02


Tree=141
num_leaves=7
num_cat=0
split_feature=0 1 6 6 13 8
split_gain=12.2631 1.15913 0.630426 0.527599 1.06 0.305526
threshold=0.46000000000000002 -0.65375069840741251 6.3102813845302252 6.806497439499811 0.14187684884001375 0.62727333878313296
decision_type=2 2 2 2 8 2
left_child=3 -2 -3 5 -5 -1
right_child=1 2 -4 4 -6 -7
leaf_value=-0.0023891336868887077 0.0020696759764214012 0.001059502050292627 -8.4467668769895419e-06 -0.00092782467080835705 -0.0029538932501101027 -0.0035089441057012862
leaf_weight=287 166 304 777 223 199 233
leaf_count=287 166 304 777 223 199 233
internal_value=-0.000762169 0.000538894 0.000295378 -0.00247824 -0.00190665 -0.00291953
internal_weight=2189 1247 1081 942 422 520
internal_count=2189 1247 1081 942 422 520
is_linear=0
shrinkage=0.02


Tree=142
num_leaves=6
num_cat=0
split_feature=0 8 0 3 9
split_gain=12.0288 1.02023 1.46826 0.517397 0.851618
threshold=0.46000000000000002 0.70760871252844459 0.53000000000000014 -1.175261878461817 0.83277673940762009
decision_type=2 2 2 2 2
left_child=3 2 -2 -1 -5
right_child=1 -3 -4 4 -6
leaf_value=-0.0016634632261108152 -0.00097826086956521747 0.0018002135024564165 0.00072131566871775829 -0.003243239902326841 -0.0016321346458961377
leaf_weight=273 271 207 769 462 207
leaf_count=273 271 207 769 462 207
internal_value=-0.000753466 0.000535099 0.000275884 -0.00245306 -0.00276054
internal_weight=2189 1247 1040 942 669
internal_count=2189 1247 1040 942 669
is_linear=0
shrinkage=0.02


Tree=143
num_leaves=6
num_cat=0
split_feature=0 1 6 3 9
split_gain=11.7785 1.15555 0.618917 0.507412 0.829646
threshold=0.46000000000000002 -0.65375069840741251 6.3102813845302252 -1.175261878461817 0.83277673940762009
decision_type=2 2 2 2 2
left_child=3 -2 -3 -1 -5
right_child=1 2 -4 4 -6
leaf_value=-0.0016477132454621706 0.002055609209669961 0.0010412813333679943 -1.6822061594337455e-05 -0.0032107108773970754 -0.0016199706213654214
leaf_weight=273 166 304 777 462 207
leaf_count=273 166 304 777 462 207
internal_value=-0.000747853 0.000527245 0.000284163 -0.00242967 -0.00273418
internal_weight=2189 1247 1081 942 669
internal_count=2189 1247 1081 942 669
is_linear=0
shrinkage=0.02


Tree=144
num_leaves=6
num_cat=0
split_feature=0 1 6 3 9
split_gain=11.564 1.14662 0.607045 0.497419 0.80802
threshold=0.46000000000000002 -0.65375069840741251 6.3102813845302252 -1.175261878461817 0.83277673940762009
decision_type=2 2 2 2 2
left_child=3 -2 -3 -1 -5
right_child=1 2 -4 4 -6
leaf_value=-0.0016320658812848784 0.0020459923287581283 0.0010312391990120599 -1.6666747426585582e-05 -0.0031782021876065581 -0.0016077744721804024
leaf_weight=273 166 304 777 462 207
leaf_count=273 166 304 777 462 207
internal_value=-0.000739881 0.00052355 0.000281418 -0.00240632 -0.00270782
internal_weight=2189 1247 1081 942 669
internal_count=2189 1247 1081 942 669
is_linear=0
shrinkage=0.02


Tree=145
num_leaves=6
num_cat=0
split_feature=0 1 6 3 9
split_gain=11.353 1.13775 0.5954 0.487537 0.786962
threshold=0.46000000000000002 -0.65375069840741251 6.3102813845302252 -1.175261878461817 0.83277673940762009
decision_type=2 2 2 2 2
left_child=3 -2 -3 -1 -5
right_child=1 2 -4 4 -6
leaf_value=-0.0016165671363580143 0.0020364204284391905 0.0010212939221210006 -1.6512864920170143e-05 -0.0031459437754220577 -0.0015955661771432409
leaf_weight=273 166 304 777 462 207
leaf_count=273 166 304 777 462 207
internal_value=-0.000731963 0.000519884 0.000278699 -0.00238313 -0.00268163
internal_weight=2189 1247 1081 942 669
internal_count=2189 1247 1081 942 669
is_linear=0
shrinkage=0.02


Tree=146
num_leaves=6
num_cat=0
split_feature=0 1 6 3 9
split_gain=11.1448 1.12894 0.583979 0.477839 0.766526
threshold=0.46000000000000002 -0.65375069840741251 6.3102813845302252 -1.175261878461817 0.83277673940762009
decision_type=2 2 2 2 2
left_child=3 -2 -3 -1 -5
right_child=1 2 -4 4 -6
leaf_value=-0.0016010932238410703 0.002026893318745128 0.0010114445550062823 -1.6360400340465063e-05 -0.0031138950822440156 -0.0015832517731864499
leaf_weight=273 166 304 777 462 207
leaf_count=273 166 304 777 462 207
internal_value=-0.000724066 0.000516247 0.000276006 -0.00236002 -0.00265555
internal_weight=2189 1247 1081 942 669
internal_count=2189 1247 1081 942 669
is_linear=0
shrinkage=0.02


Tree=147
num_leaves=6
num_cat=0
split_feature=0 1 6 3 9
split_gain=10.9394 1.11995 0.572778 0.468328 0.74669
threshold=0.46000000000000002 -0.65375069840741251 6.3102813845302252 -1.175261878461817 0.83277673940762009
decision_type=2 2 2 2 2
left_child=3 -2 -3 -1 -5
right_child=1 2 -4 4 -6
leaf_value=-0.0015856582398037259 0.0020172223387754451 0.0010016901587500784 -1.6209350278377152e-05 -0.003082074216014568 -0.0015708546199888554
leaf_weight=273 166 304 777 462 207
leaf_count=273 166 304 777 462 207
internal_value=-0.000716213 0.000512613 0.000273339 -0.00233703 -0.0026296
internal_weight=2189 1247 1081 942 669
internal_count=2189 1247 1081 942 669
is_linear=0
shrinkage=0.02


Tree=148
num_leaves=7
num_cat=0
split_feature=5 3 3 4 13 13
split_gain=5.31287 1.32475 1.10575 1.02248 0.964559 0.870924
threshold=-0.040000000000000001 -0.57735026918963528 1.4211458514382584 0.040311288741492778 0.17783620522466556 0.057357436572658634
decision_type=2 2 2 2 8 8
left_child=3 5 -3 4 -1 -2
right_child=1 2 -4 -5 -6 -7
leaf_value=-0.0018349271145580853 0.0021486864786333681 -0.00062621209499314075 0.00095345836770203377 -0.00098135592226396545 -0.0036739986724954434 7.9548024798031919e-05
leaf_weight=349 166 834 220 280 184 156
leaf_count=349 166 834 220 280 184 156
internal_value=-0.000708417 5.02309e-05 -0.000293545 -0.00198489 -0.00249805 0.00116279
internal_weight=2189 1376 1054 813 533 322
internal_count=2189 1376 1054 813 533 322
is_linear=0
shrinkage=0.02


Tree=149
num_leaves=6
num_cat=0
split_feature=0 8 0 3 9
split_gain=10.6097 1.01465 1.40994 0.458671 0.720705
threshold=0.46000000000000002 0.70760871252844459 0.53000000000000014 -1.175261878461817 0.83277673940762009
decision_type=2 2 2 2 2
left_child=3 2 -2 -1 -5
right_child=1 -3 -4 4 -6
leaf_value=-0.0015545246508910501 -0.00097826086956521747 0.0017704867718319568 0.00068714448908411294 -0.0030313468649504783 -0.0015464578568935394
leaf_weight=273 271 207 769 462 207
leaf_count=273 271 207 769 462 207
internal_value=-0.000701209 0.00050894 0.000250574 -0.00229741 -0.00258678
internal_weight=2189 1247 1040 942 669
internal_count=2189 1247 1040 942 669
is_linear=0
shrinkage=0.02


Tree=150
num_leaves=6
num_cat=0
split_feature=0 1 0 3 9
split_gain=10.3808 1.11305 0.551066 0.449007 0.701197
threshold=0.46000000000000002 -0.65375069840741251 0.55000000000000016 -1.175261878461817 0.83277673940762009
decision_type=2 2 2 2 2
left_child=3 -2 -3 -1 -5
right_child=1 2 -4 4 -6
leaf_value=-0.0015395385841671511 0.0020012129241960093 -0.00044444444444444447 0.00054820656557999481 -0.0029995629574297838 -0.0015343487951553093
leaf_weight=273 166 310 771 462 207
leaf_count=273 166 310 771 462 207
internal_value=-0.00069574 0.00050129 0.000262807 -0.00227462 -0.00256095
internal_weight=2189 1247 1081 942 669
internal_count=2189 1247 1081 942 669
is_linear=0
shrinkage=0.02


Tree=151
num_leaves=6
num_cat=0
split_feature=0 1 6 3 9
split_gain=10.168 1.10716 0.561066 0.439278 0.681775
threshold=0.46000000000000002 -0.65375069840741251 6.3102813845302252 -1.175261878461817 0.83277673940762009
decision_type=2 2 2 2 2
left_child=3 -2 -3 -1 -5
right_child=1 2 -4 4 -6
leaf_value=-0.0015246969890251433 0.0019913824172744974 0.00097849826012741067 -2.8864790280849753e-05 -0.0029677022208621211 -0.0015223345540042194
leaf_weight=273 166 304 777 462 207
leaf_count=273 166 304 777 462 207
internal_value=-0.000689247 0.000495455 0.000257628 -0.00225187 -0.00253509
internal_weight=2189 1247 1081 942 669
internal_count=2189 1247 1081 942 669
is_linear=0
shrinkage=0.02


Tree=152
num_leaves=7
num_cat=0
split_feature=5 3 3 4 13 13
split_gain=4.87474 1.2941 1.07301 0.984756 0.906995 0.84843
threshold=-0.040000000000000001 -0.57735026918963528 1.4211458514382584 0.040311288741492778 0.17783620522466556 0.057357436572658634
decision_type=2 2 2 2 8 8
left_child=3 5 -3 4 -1 -2
right_child=1 2 -4 -5 -6 -7
leaf_value=-0.0017649619643297573 0.0021178869445595823 -0.00062226288853139934 0.0009338787866135438 -0.00092063266352603317 -0.0035475071894113348 7.5739861830421116e-05
leaf_weight=349 166 834 220 280 184 156
leaf_count=349 166 834 220 280 184 156
internal_value=-0.000681522 4.51824e-05 -0.000294576 -0.00190422 -0.00240758 0.00114481
internal_weight=2189 1376 1054 813 533 322
internal_count=2189 1376 1054 813 533 322
is_linear=0
shrinkage=0.02


Tree=153
num_leaves=6
num_cat=0
split_feature=0 1 6 3 9
split_gain=9.85593 1.09534 0.549363 0.429073 0.656286
threshold=0.46000000000000002 -0.65375069840741251 6.3102813845302252 -1.175261878461817 0.83277673940762009
decision_type=2 2 2 2 2
left_child=3 -2 -3 -1 -5
right_child=1 2 -4 4 -6
leaf_value=-0.0014948388376681927 0.0019798002073987886 0.000968642993430791 -2.8161374075562142e-05 -0.0029172283021745133 -0.0014988098813677733
leaf_weight=273 166 304 777 462 207
leaf_count=273 166 304 777 462 207
internal_value=-0.000674487 0.00049188 0.00025533 -0.00221294 -0.00249272
internal_weight=2189 1247 1081 942 669
internal_count=2189 1247 1081 942 669
is_linear=0
shrinkage=0.02


Tree=154
num_leaves=6
num_cat=0
split_feature=0 1 9 3 9
split_gain=9.66875 1.08578 0.543635 0.419623 0.638237
threshold=0.46000000000000002 -0.65375069840741251 0.68957964053149101 -1.175261878461817 0.83277673940762009
decision_type=2 2 2 2 2
left_child=3 -2 -3 -1 -5
right_child=1 2 -4 4 -6
leaf_value=-0.0014804281771397419 0.001969739772945817 -4.2541722293438959e-05 0.00093012523265188622 -0.0028861195254249288 -0.0014867911220721479
leaf_weight=273 166 756 325 462 207
leaf_count=273 166 756 325 462 207
internal_value=-0.000666902 0.000488333 0.000252824 -0.00219068 -0.00246739
internal_weight=2189 1247 1081 942 669
internal_count=2189 1247 1081 942 669
is_linear=0
shrinkage=0.02


Tree=155
num_leaves=6
num_cat=0
split_feature=0 1 6 3 13
split_gain=9.48551 1.07605 0.53954 0.410382 0.487561
threshold=0.46000000000000002 -0.65375069840741251 6.3838354156080479 -1.175261878461817 -0.067312471538886059
decision_type=2 2 2 2 8
left_child=3 -2 -3 -1 -5
right_child=1 2 -4 4 -6
leaf_value=-0.0014661564238423067 0.0019596031212318712 0.00089281850722657972 -5.8557663045364221e-05 -0.0015706585375767834 -0.0028118576275332325
leaf_weight=273 166 348 733 207 462
leaf_count=273 166 348 733 207 462
internal_value=-0.000659374 0.000484857 0.000250414 -0.00216865 -0.00244231
internal_weight=2189 1247 1081 942 669
internal_count=2189 1247 1081 942 669
is_linear=0
shrinkage=0.02


Tree=156
num_leaves=6
num_cat=0
split_feature=0 1 9 3 9
split_gain=9.30314 1.0666 0.533972 0.401143 0.61085
threshold=0.46000000000000002 -0.65375069840741251 0.68957964053149101 -1.175261878461817 0.83277673940762009
decision_type=2 2 2 2 2
left_child=3 -2 -3 -1 -5
right_child=1 2 -4 4 -6
leaf_value=-0.00145194909930658 0.001949518613560855 -4.4846257740085883e-05 0.00091912215458454967 -0.0028268830028284797 -0.0014577071663905989
leaf_weight=273 166 756 325 462 207
leaf_count=273 166 756 325 462 207
internal_value=-0.000651905 0.00048127 0.000247866 -0.0021466 -0.00241719
internal_weight=2189 1247 1081 942 669
internal_count=2189 1247 1081 942 669
is_linear=0
shrinkage=0.02


Tree=157
num_leaves=7
num_cat=0
split_feature=0 1 6 3 3 9
split_gain=9.12568 1.05683 0.530236 0.397152 0.839969 0.74073
threshold=0.46000000000000002 -0.65375069840741251 6.3102813845302252 -0.65184896033616979 0.22941573387055716 -0.58082508174783887
decision_type=2 2 2 2 2 2
left_child=3 -2 -3 5 -5 -1
right_child=1 2 -4 4 -6 -7
leaf_value=-0.00063025481253862385 0.0019393339121376563 0.00094629020555228192 -3.2977118297382394e-05 -0.0035769085601199098 -0.0017519210343775544 -0.0022617586845734036
leaf_weight=175 166 304 777 192 248 327
leaf_count=175 166 304 777 192 248 327
internal_value=-0.000644483 0.000477829 0.000245502 -0.00212485 -0.00257952 -0.00170483
internal_weight=2189 1247 1081 942 440 502
internal_count=2189 1247 1081 942 440 502
is_linear=0
shrinkage=0.02


Tree=158
num_leaves=7
num_cat=0
split_feature=0 8 0 3 3 9
split_gain=8.95059 1.00573 1.33504 0.392068 0.820756 0.721987
threshold=0.46000000000000002 0.70760871252844459 0.53000000000000014 -0.65184896033616979 0.22941573387055716 -0.58082508174783887
decision_type=2 2 2 2 2 2
left_child=3 2 -2 5 -5 -1
right_child=1 -3 -4 4 -6 -7
leaf_value=-0.00062514274319012963 -0.00097826086956521747 0.0017302129416779247 0.00064221198973486574 -0.0035408577224627365 -0.0017365484440279573 -0.0022360073362129281
leaf_weight=175 271 207 769 192 248 327
leaf_count=175 271 207 769 192 248 327
internal_value=-0.000637146 0.000474343 0.000217294 -0.00210325 -0.00255482 -0.00168615
internal_weight=2189 1247 1040 942 440 502
internal_count=2189 1247 1040 942 440 502
is_linear=0
shrinkage=0.02


Tree=159
num_leaves=7
num_cat=0
split_feature=5 3 3 4 13 13
split_gain=4.20442 1.24251 1.03071 0.938804 0.835176 0.822162
threshold=-0.040000000000000001 -0.57735026918963528 1.4211458514382584 0.040311288741492778 0.17783620522466556 0.057357436572658634
decision_type=2 2 2 2 8 8
left_child=3 5 -3 4 -1 -2
right_child=1 2 -4 -5 -6 -7
leaf_value=-0.001643296805562946 0.0020782672693375605 -0.00061118349676043753 0.00091397986631426553 -0.00080972164764738929 -0.0033510299634050438 6.8199412885659976e-05
leaf_weight=349 166 834 220 280 184 156
leaf_count=349 166 834 220 280 184 156
internal_value=-0.000632004 4.28865e-05 -0.000290026 -0.00176753 -0.0022585 0.00112038
internal_weight=2189 1376 1054 813 533 322
internal_count=2189 1376 1054 813 533 322
is_linear=0
shrinkage=0.02


Tree=160
num_leaves=7
num_cat=0
split_feature=0 1 12 3 3 9
split_gain=8.64677 1.04917 0.525692 0.388698 0.798508 0.702816
threshold=0.46000000000000002 -0.65375069840741251 -0.90468766747321816 -0.65184896033616979 0.22941573387055716 -0.58082508174783887
decision_type=2 2 2 2 2 2
left_child=3 -2 -3 5 -5 -1
right_child=1 2 -4 4 -6 -7
leaf_value=-0.00060554405798514681 0.0019232066755580624 0.0013140743176542943 5.5759378363633067e-05 -0.003487917134150636 -0.0017085152793778733 -0.0021943596844752151
leaf_weight=175 166 150 931 192 248 327
leaf_count=175 166 150 931 192 248 327
internal_value=-0.000625414 0.000467045 0.00023561 -0.00206642 -0.00251545 -0.00165192
internal_weight=2189 1247 1081 942 440 502
internal_count=2189 1247 1081 942 440 502
is_linear=0
shrinkage=0.02


Tree=161
num_leaves=7
num_cat=0
split_feature=0 1 9 3 3 9
split_gain=8.47914 1.03949 0.522794 0.383263 0.779466 0.68494
threshold=0.46000000000000002 -0.65375069840741251 0.68957964053149101 -0.65184896033616979 0.22941573387055716 -0.58082508174783887
decision_type=2 2 2 2 2 2
left_child=3 -2 -3 5 -5 -1
right_child=1 2 -4 4 -6 -7
leaf_value=-0.0006006324514746666 0.0019130845380979672 -5.6259190396291945e-05 0.00089750195589537423 -0.0034517985998373953 -0.0016933885028239768 -0.0021692435124731927
leaf_weight=175 166 756 325 192 248 327
leaf_count=175 166 756 325 192 248 327
internal_value=-0.000618156 0.000463658 0.000233299 -0.00204513 -0.00249086 -0.00163373
internal_weight=2189 1247 1081 942 440 502
internal_count=2189 1247 1081 942 440 502
is_linear=0
shrinkage=0.02


Tree=162
num_leaves=6
num_cat=0
split_feature=0 1 6 0 13
split_gain=8.31492 1.02984 0.51928 0.376702 0.537393
threshold=0.46000000000000002 -0.65375069840741251 6.3102813845302252 0.26000000000000006 0.17783620522466556
decision_type=2 2 2 2 8
left_child=3 -2 -3 -1 -5
right_child=1 2 -4 4 -6
leaf_value=-0.001268770864209392 0.0019030156622678912 0.00092457837107196505 -4.4453442930374916e-05 -0.0018857378198166763 -0.0031779393041976773
leaf_weight=228 166 304 777 521 193
leaf_count=228 166 304 777 521 193
internal_value=-0.000610942 0.000460342 0.000231061 -0.00202403 -0.0022547
internal_weight=2189 1247 1081 942 714
internal_count=2189 1247 1081 942 714
is_linear=0
shrinkage=0.02


Tree=163
num_leaves=6
num_cat=0
split_feature=0 1 8 0 13
split_gain=8.16885 1.02036 0.517685 0.380695 0.531371
threshold=0.46000000000000002 -0.65375069840741251 0.70902032728097553 0.26000000000000006 0.17783620522466556
decision_type=2 2 2 2 8
left_child=3 -2 -3 -1 -5
right_child=1 2 -4 4 -6
leaf_value=-0.0012476428300781824 0.001892999806250745 3.652898682016737e-05 0.0012217001756653189 -0.0018703220937641854 -0.0031549662351608278
leaf_weight=228 166 910 171 521 193
leaf_count=228 166 910 171 521 193
internal_value=-0.000604844 0.000456986 0.000228769 -0.00200546 -0.0022371
internal_weight=2189 1247 1081 942 714
internal_count=2189 1247 1081 942 714
is_linear=0
shrinkage=0.02


Tree=164
num_leaves=7
num_cat=0
split_feature=5 8 11 11 4 13
split_gain=3.81095 1.2135 1.59016 1.1813 0.909496 0.790442
threshold=-0.040000000000000001 0.57551116111238565 0.41895690178062478 -0.25498871422459274 0.040311288741492778 0.17783620522466556
decision_type=2 2 2 2 2 8
left_child=4 2 -2 -3 5 -1
right_child=1 3 -4 -5 -6 -7
leaf_value=-0.0015651912111683756 0.00019161931728360368 -0.00036962280536262604 -0.001997960706207716 0.001154511988764276 -0.00073867493815589372 -0.0032247416564711818
leaf_weight=349 330 344 216 486 280 184
leaf_count=349 330 344 216 486 280 184
internal_value=-0.000598708 4.38162e-05 -0.000684858 0.000524392 -0.0016798 -0.00216274
internal_weight=2189 1376 546 830 813 533
internal_count=2189 1376 546 830 813 533
is_linear=0
shrinkage=0.02


Tree=165
num_leaves=6
num_cat=0
split_feature=0 1 9 0 13
split_gain=7.92087 1.01585 0.513234 0.403557 0.520164
threshold=0.46000000000000002 -0.65375069840741251 0.68957964053149101 0.26000000000000006 0.17783620522466556
decision_type=2 2 2 2 8
left_child=3 -2 -3 -1 -5
right_child=1 2 -4 4 -6
leaf_value=-0.0011963001923243886 0.0018854758478918968 -6.1903731984976044e-05 0.0008830644512605486 -0.0018470241373029497 -0.0031178357565041742
leaf_weight=228 166 756 325 521 193
leaf_count=228 166 756 325 521 193
internal_value=-0.000592929 0.000452651 0.000224956 -0.00197213 -0.00220983
internal_weight=2189 1247 1081 942 714
internal_count=2189 1247 1081 942 714
is_linear=0
shrinkage=0.02


Tree=166
num_leaves=6
num_cat=0
split_feature=0 1 6 0 13
split_gain=7.78211 1.00636 0.512137 0.406708 0.514145
threshold=0.46000000000000002 -0.65375069840741251 6.3838354156080479 0.26000000000000006 0.17783620522466556
decision_type=2 2 2 2 8
left_child=3 -2 -3 -1 -5
right_child=1 2 -4 4 -6
leaf_value=-0.0011763789507964139 0.001875526969980078 0.00084869262135110106 -7.8097661707277711e-05 -0.0018318546645541608 -0.0030950188817399919
leaf_weight=228 166 348 733 521 193
leaf_count=228 166 348 733 521 193
internal_value=-0.000586964 0.000449415 0.000222792 -0.00195403 -0.00219245
internal_weight=2189 1247 1081 942 714
internal_count=2189 1247 1081 942 714
is_linear=0
shrinkage=0.02


Tree=167
num_leaves=6
num_cat=0
split_feature=0 1 12 0 13
split_gain=7.64423 0.996906 0.509556 0.409556 0.507749
threshold=0.46000000000000002 -0.65375069840741251 -0.90468766747321816 0.26000000000000006 0.17783620522466556
decision_type=2 2 2 2 8
left_child=3 -2 -3 -1 -5
right_child=1 2 -4 4 -6
leaf_value=-0.0011567894717910258 0.0018654364029392165 0.001282262825782621 4.3488812226959824e-05 -0.0018168097723119611 -0.0030718707767399874
leaf_weight=228 166 150 931 521 193
leaf_count=228 166 150 931 521 193
internal_value=-0.000581111 0.000446043 0.000220494 -0.00193601 -0.00217507
internal_weight=2189 1247 1081 942 714
internal_count=2189 1247 1081 942 714
is_linear=0
shrinkage=0.02


Tree=168
num_leaves=6
num_cat=0
split_feature=0 1 8 0 13
split_gain=7.50879 0.987432 0.504974 0.412113 0.501064
threshold=0.46000000000000002 -0.65375069840741251 0.70902032728097553 0.26000000000000006 0.17783620522466556
decision_type=2 2 2 2 8
left_child=3 -2 -3 -1 -5
right_child=1 2 -4 4 -6
leaf_value=-0.001137526194553007 0.0018554001562950903 2.8480491631783933e-05 0.0011989624181825836 -0.00180187572884469 -0.0030484676722324256
leaf_weight=228 166 910 171 521 193
leaf_count=228 166 910 171 521 193
internal_value=-0.00057524 0.000442772 0.000218303 -0.00191809 -0.0021577
internal_weight=2189 1247 1081 942 714
internal_count=2189 1247 1081 942 714
is_linear=0
shrinkage=0.02


Tree=169
num_leaves=6
num_cat=0
split_feature=0 1 9 0 13
split_gain=7.3763 0.97783 0.502973 0.414395 0.494391
threshold=0.46000000000000002 -0.65375069840741251 0.68957964053149101 0.26000000000000006 0.17783620522466556
decision_type=2 2 2 2 8
left_child=3 -2 -3 -1 -5
right_child=1 2 -4 4 -6
leaf_value=-0.0011185836919899151 0.0018454178766897547 -6.7630318616192282e-05 0.00086781086876042981 -0.001786976368255035 -0.0030250653112777553
leaf_weight=228 166 756 325 521 193
leaf_count=228 166 756 325 521 193
internal_value=-0.00056931 0.000439678 0.000216308 -0.00190026 -0.00214035
internal_weight=2189 1247 1081 942 714
internal_count=2189 1247 1081 942 714
is_linear=0
shrinkage=0.02


Tree=170
num_leaves=6
num_cat=0
split_feature=0 1 6 0 13
split_gain=7.24409 0.968466 0.502752 0.416226 0.486904
threshold=0.46000000000000002 -0.65375069840741251 6.3102813845302252 0.26000000000000006 0.17783620522466556
decision_type=2 2 2 2 8
left_child=3 -2 -3 -1 -5
right_child=1 2 -4 4 -6
leaf_value=-0.0010999566322999962 0.0018354893179490554 0.00089661241270161699 -5.6805323809087565e-05 -0.0017721641675600989 -0.0030007670834811045
leaf_weight=228 166 304 777 521 193
leaf_count=228 166 304 777 521 193
internal_value=-0.0005634 0.000436502 0.000214209 -0.00188237 -0.00212282
internal_weight=2189 1247 1081 942 714
internal_count=2189 1247 1081 942 714
is_linear=0
shrinkage=0.02


Tree=171
num_leaves=6
num_cat=0
split_feature=0 8 0 0 13
split_gain=7.11208 0.96617 1.33048 0.417536 0.478638
threshold=0.46000000000000002 0.70620924014597641 0.53000000000000014 0.26000000000000006 0.17783620522466556
decision_type=2 2 2 2 8
left_child=3 2 -2 -1 -5
right_child=1 -3 -4 4 -6
leaf_value=-0.0010816397585070696 -0.0010181818181818183 0.0016401893378035527 0.00060322761245364142 -0.0017573527816130636 -0.0029755011712661902
leaf_weight=228 270 214 763 521 193
leaf_count=228 270 214 763 521 193
internal_value=-0.000557456 0.000433291 0.000176569 -0.00186435 -0.00210503
internal_weight=2189 1247 1033 942 714
internal_count=2189 1247 1033 942 714
is_linear=0
shrinkage=0.02


Tree=172
num_leaves=6
num_cat=0
split_feature=0 1 12 0 13
split_gain=6.95818 0.96311 0.497958 0.418474 0.46999
threshold=0.46000000000000002 -0.65375069840741251 -0.90468766747321816 0.26000000000000006 0.17783620522466556
decision_type=2 2 2 2 8
left_child=3 -2 -3 -1 -5
right_child=1 2 -4 4 -6
leaf_value=-0.0010636279261930818 0.0018213984740582127 0.0012542915077572087 2.9782247356473446e-05 -0.0017425856685457119 -0.0029497512482633491
leaf_weight=228 166 150 931 521 193
leaf_count=228 166 150 931 521 193
internal_value=-0.000553658 0.000426318 0.000204688 -0.00184633 -0.00208714
internal_weight=2189 1247 1081 942 714
internal_count=2189 1247 1081 942 714
is_linear=0
shrinkage=0.02


Tree=173
num_leaves=7
num_cat=0
split_feature=5 3 3 4 13 13
split_gain=3.20729 1.1667 0.980456 0.869947 0.781765 0.701611
threshold=-0.040000000000000001 -0.57735026918963528 1.4211458514382584 0.040311288741492778 0.057357436572658634 0.17783620522466556
decision_type=2 2 2 2 8 8
left_child=3 4 -3 5 -2 -1
right_child=1 2 -4 -5 -6 -7
leaf_value=-0.0014490158666493531 0.0020199635421192788 -0.00059402747838025306 0.00089348185744343527 -0.00062166633783725274 6.0118557596058582e-05 -0.003011165095700158
leaf_weight=349 166 834 220 280 156 184
leaf_count=349 166 834 220 280 156 184
internal_value=-0.00054763 4.18083e-05 -0.000280789 -0.00153941 0.00108591 -0.00201127
internal_weight=2189 1376 1054 813 322 533
internal_count=2189 1376 1054 813 322 533
is_linear=0
shrinkage=0.02


Tree=174
num_leaves=6
num_cat=0
split_feature=0 8 0 0 13
split_gain=6.74159 0.955018 1.23826 0.435618 0.451227
threshold=0.46000000000000002 0.70760871252844459 0.53000000000000014 0.26000000000000006 0.17783620522466556
decision_type=2 2 2 2 8
left_child=3 2 -2 -1 -5
right_child=1 -3 -4 4 -6
leaf_value=-0.0010182638926823253 -0.00097826086956521747 0.0016468473852014626 0.00058226628223607361 -0.0017210936115721787 -0.0029047532846229246
leaf_weight=228 271 207 769 521 193
leaf_count=228 271 207 769 521 193
internal_value=-0.000541425 0.000423168 0.000172894 -0.00181382 -0.00205902
internal_weight=2189 1247 1040 942 714
internal_count=2189 1247 1040 942 714
is_linear=0
shrinkage=0.02


Tree=175
num_leaves=6
num_cat=0
split_feature=0 1 6 0 13
split_gain=6.59328 0.955455 0.492525 0.435309 0.441046
threshold=0.46000000000000002 -0.65375069840741251 6.3838354156080479 0.26000000000000006 0.17783620522466556
decision_type=2 2 2 2 8
left_child=3 -2 -3 -1 -5
right_child=1 2 -4 4 -6
leaf_value=-0.0010013073925808265 0.0018058956505959496 0.00080952608544331982 -9.923804389359556e-05 -0.0017066312028881261 -0.0028771728457826556
leaf_weight=228 166 348 733 521 193
leaf_count=228 166 348 733 521 193
internal_value=-0.000537529 0.0004164 0.000195695 -0.00179585 -0.00204085
internal_weight=2189 1247 1081 942 714
internal_count=2189 1247 1081 942 714
is_linear=0
shrinkage=0.02


Tree=176
num_leaves=6
num_cat=0
split_feature=0 8 0 0 13
split_gain=6.46921 0.94519 1.22006 0.43484 0.430975
threshold=0.46000000000000002 0.70760871252844459 0.53000000000000014 0.26000000000000006 0.17783620522466556
decision_type=2 2 2 2 8
left_child=3 2 -2 -1 -5
right_child=1 -3 -4 4 -6
leaf_value=-0.00098463325317581338 -0.00097826086956521747 0.0016306405495698476 0.00057073477367468621 -0.0016922903094908131 -0.0028497153309860611
leaf_weight=228 271 207 769 521 193
leaf_count=228 271 207 769 521 193
internal_value=-0.000531615 0.000413294 0.000164353 -0.00177804 -0.00202279
internal_weight=2189 1247 1040 942 714
internal_count=2189 1247 1040 942 714
is_linear=0
shrinkage=0.02


Tree=177
num_leaves=6
num_cat=0
split_feature=0 8 0 0 13
split_gain=6.32635 0.934078 1.20911 0.434191 0.422666
threshold=0.46000000000000002 0.70760871252844459 0.53000000000000014 0.26000000000000006 0.21436319846336771
decision_type=2 2 2 2 8
left_child=3 2 -2 -1 -5
right_child=1 -3 -4 4 -6
leaf_value=-0.00096823679019453191 -0.00097826086956521747 0.0016167954859578595 0.0005637591181970286 -0.0017243022774141577 -0.0029699810743331911
leaf_weight=228 271 207 769 564 150
leaf_count=228 271 207 769 564 150
internal_value=-0.000527787 0.000406638 0.000159186 -0.00176037 -0.00200483
internal_weight=2189 1247 1040 942 714
internal_count=2189 1247 1040 942 714
is_linear=0
shrinkage=0.02


Tree=178
num_leaves=6
num_cat=0
split_feature=0 1 9 0 3
split_gain=6.18667 0.953537 0.490761 0.43344 0.418902
threshold=0.46000000000000002 -0.65375069840741251 0.68957964053149101 0.26000000000000006 -1.1187326252153913
decision_type=2 2 2 2 2
left_child=3 -2 -3 -1 -5
right_child=1 2 -4 4 -6
leaf_value=-0.00095211337084678111 0.0017880989903072168 -0.00010061550026933286 0.00082324326810053069 -0.0011670669768620464 -0.002293965531131936
leaf_weight=228 166 756 325 201 513
leaf_count=228 166 756 325 201 513
internal_value=-0.000524004 0.000400053 0.000179652 -0.00174291 -0.00198705
internal_weight=2189 1247 1081 942 714
internal_count=2189 1247 1081 942 714
is_linear=0
shrinkage=0.02


Tree=179
num_leaves=6
num_cat=0
split_feature=0 1 12 0 13
split_gain=6.06889 0.943966 0.486464 0.432186 0.413612
threshold=0.46000000000000002 -0.65375069840741251 -0.90468766747321816 0.26000000000000006 0.21436319846336771
decision_type=2 2 2 2 8
left_child=3 -2 -3 -1 -5
right_child=1 2 -4 4 -6
leaf_value=-0.00093625842309816721 0.0017782343174630438 0.0012152952644222928 5.1443763704110802e-06 -0.0016917702707548762 -0.0029231021192766007
leaf_weight=228 166 150 931 564 150
leaf_count=228 166 150 931 564 150
internal_value=-0.000518041 0.000397176 0.000177888 -0.00172529 -0.00196898
internal_weight=2189 1247 1081 942 714
internal_count=2189 1247 1081 942 714
is_linear=0
shrinkage=0.02


Tree=180
num_leaves=6
num_cat=0
split_feature=0 8 0 0 11
split_gain=5.95441 0.923264 1.25817 0.431091 0.40657
threshold=0.46000000000000002 0.70620924014597641 0.53000000000000014 0.26000000000000006 -0.53401422584055924
decision_type=2 2 2 2 2
left_child=3 2 -2 -1 -5
right_child=1 -3 -4 4 -6
leaf_value=-0.00092066751305381624 -0.0010181818181818183 0.001573983636540127 0.00055848100965780157 -0.0026359040974601499 -0.0015786752933987015
leaf_weight=228 270 214 763 241 473
leaf_count=228 270 214 763 241 473
internal_value=-0.000512278 0.000394262 0.000143462 -0.00170808 -0.00195138
internal_weight=2189 1247 1033 942 714
internal_count=2189 1247 1033 942 714
is_linear=0
shrinkage=0.02


Tree=181
num_leaves=6
num_cat=0
split_feature=0 8 0 0 11
split_gain=5.82465 0.912684 1.17549 0.430534 0.404164
threshold=0.46000000000000002 0.70760871252844459 0.53000000000000014 0.26000000000000006 -0.53401422584055924
decision_type=2 2 2 2 2
left_child=3 2 -2 -1 -5
right_child=1 -3 -4 4 -6
leaf_value=-0.00090533623399908451 -0.00097826086956521747 0.0015838804338039515 0.00054213592024224939 -0.0026168312980392118 -0.001563350918028644
leaf_weight=228 271 207 769 241 473
leaf_count=228 271 207 769 241 473
internal_value=-0.00050892 0.000387696 0.000143171 -0.00169162 -0.00193466
internal_weight=2189 1247 1040 942 714
internal_count=2189 1247 1040 942 714
is_linear=0
shrinkage=0.02


Tree=182
num_leaves=6
num_cat=0
split_feature=0 1 6 0 13
split_gain=5.69826 0.941002 0.484388 0.429866 0.403366
threshold=0.46000000000000002 -0.65375069840741251 6.3102813845302252 0.26000000000000006 0.21436319846336771
decision_type=2 2 2 2 8
left_child=3 -2 -3 -1 -5
right_child=1 2 -4 4 -6
leaf_value=-0.00089026024764955302 0.001760147429174847 0.00083232913666606717 -0.00010329965441880742 -0.0016448856615224078 -0.0028591637611389159
leaf_weight=228 166 304 777 564 150
leaf_count=228 166 304 777 564 150
internal_value=-0.000505536 0.000381306 0.00016244 -0.00167533 -0.0019181
internal_weight=2189 1247 1081 942 714
internal_count=2189 1247 1081 942 714
is_linear=0
shrinkage=0.02


Tree=183
num_leaves=6
num_cat=0
split_feature=0 1 9 0 11
split_gain=5.5907 0.931184 0.480076 0.428416 0.406055
threshold=0.46000000000000002 -0.65375069840741251 0.68957964053149101 0.26000000000000006 -0.53401422584055924
decision_type=2 2 2 2 2
left_child=3 -2 -3 -1 -5
right_child=1 2 -4 4 -6
leaf_value=-0.00087543531708707116 0.0017501308686203427 -0.00011631485157671939 0.00079736382878300819 -0.0025835192361013675 -0.0015297072309081025
leaf_weight=228 166 756 325 241 473
leaf_count=228 166 756 325 241 473
internal_value=-0.000499925 0.000378504 0.000160787 -0.00165863 -0.0019009
internal_weight=2189 1247 1081 942 714
internal_count=2189 1247 1081 942 714
is_linear=0
shrinkage=0.02


Tree=184
num_leaves=6
num_cat=0
split_feature=0 1 6 0 11
split_gain=5.48795 0.921321 0.475263 0.427404 0.403454
threshold=0.46000000000000002 -0.65375069840741251 6.3102813845302252 0.26000000000000006 -0.53401422584055924
decision_type=2 2 2 2 2
left_child=3 -2 -3 -1 -5
right_child=1 2 -4 4 -6
leaf_value=-0.00086085724504464682 0.00174010087654256 0.00082275470574069947 -0.00010401255797411381 -0.0025645933039789275 -0.0015147301935002394
leaf_weight=228 166 304 777 241 473
leaf_count=228 166 304 777 241 473
internal_value=-0.000494558 0.000375759 0.000159202 -0.00164257 -0.00188447
internal_weight=2189 1247 1081 942 714
internal_count=2189 1247 1081 942 714
is_linear=0
shrinkage=0.02


Tree=185
num_leaves=6
num_cat=0
split_feature=0 1 12 0 11
split_gain=5.38647 0.91162 0.474731 0.426192 0.400562
threshold=0.46000000000000002 -0.65375069840741251 -0.90468766747321816 0.26000000000000006 -0.53401422584055924
decision_type=2 2 2 2 2
left_child=3 -2 -3 -1 -5
right_child=1 2 -4 4 -6
leaf_value=-0.00084652193977853259 0.0017301283707047066 0.0011824035115179515 -1.2969634208119768e-05 -0.0025454653872222432 -0.0014998997885063603
leaf_weight=228 166 150 931 241 473
leaf_count=228 166 150 931 241 473
internal_value=-0.000489239 0.000372991 0.000157581 -0.00162659 -0.00186806
internal_weight=2189 1247 1081 942 714
internal_count=2189 1247 1081 942 714
is_linear=0
shrinkage=0.02


Tree=186
num_leaves=6
num_cat=0
split_feature=0 8 0 0 11
split_gain=5.28665 0.903473 1.14212 0.42481 0.397453
threshold=0.46000000000000002 0.70760871252844459 0.53000000000000014 0.26000000000000006 -0.53401422584055924
decision_type=2 2 2 2 2
left_child=3 2 -2 -1 -5
right_child=1 -3 -4 4 -6
leaf_value=-0.00083242534344032601 -0.00097826086956521747 0.0015603533170168409 0.00052036667646038844 -0.00252621918674407 -0.0014852145563608431
leaf_weight=228 271 207 769 241 473
leaf_count=228 271 207 769 241 473
internal_value=-0.000483947 0.000370255 0.000127047 -0.0016107 -0.00185171
internal_weight=2189 1247 1040 942 714
internal_count=2189 1247 1040 942 714
is_linear=0
shrinkage=0.02


Tree=187
num_leaves=6
num_cat=0
split_feature=0 1 9 0 11
split_gain=5.17 0.904892 0.470147 0.423292 0.394422
threshold=0.46000000000000002 -0.65375069840741251 0.68957964053149101 0.26000000000000006 -0.53401422584055924
decision_type=2 2 2 2 2
left_child=3 -2 -3 -1 -5
right_child=1 2 -4 4 -6
leaf_value=-0.00081856350242579955 0.0017161360799133429 -0.00012470388801526106 0.00077944176850106689 -0.0025071184930762626 -0.0014705890529325318
leaf_weight=228 166 756 325 241 473
leaf_count=228 166 756 325 241 473
internal_value=-0.000480694 0.000364038 0.000149462 -0.00159495 -0.00183546
internal_weight=2189 1247 1081 942 714
internal_count=2189 1247 1081 942 714
is_linear=0
shrinkage=0.02


Tree=188
num_leaves=6
num_cat=0
split_feature=0 1 8 0 11
split_gain=5.0739 0.895268 0.467021 0.421595 0.391536
threshold=0.46000000000000002 -0.65375069840741251 0.57551116111238565 0.26000000000000006 -0.53401422584055924
decision_type=2 2 2 2 2
left_child=3 -2 -3 -1 -5
right_child=1 2 -4 4 -6
leaf_value=-0.00080493248359583998 0.0017063009101701411 -0.00037790143955944547 0.00047351426368836668 -0.0024881622207358601 -0.0014559446811426634
leaf_weight=228 166 413 668 241 473
leaf_count=228 166 413 668 241 473
internal_value=-0.000475428 0.000361414 0.000147986 -0.00157928 -0.00181923
internal_weight=2189 1247 1081 942 714
internal_count=2189 1247 1081 942 714
is_linear=0
shrinkage=0.02


Tree=189
num_leaves=6
num_cat=0
split_feature=0 1 6 0 11
split_gain=4.97923 0.885857 0.46678 0.41982 0.38865
threshold=0.46000000000000002 -0.65375069840741251 6.3838354156080479 0.26000000000000006 -0.53401422584055924
decision_type=2 2 2 2 2
left_child=3 -2 -3 -1 -5
right_child=1 2 -4 4 -6
leaf_value=-0.00079152846125318257 0.0016965221086440727 0.00074408063257413862 -0.00014043764309038919 -0.0024693492854513774 -0.0014414461698990986
leaf_weight=228 166 348 733 241 473
leaf_count=228 166 348 733 241 473
internal_value=-0.000470271 0.000358724 0.000146425 -0.00156378 -0.00180316
internal_weight=2189 1247 1081 942 714
internal_count=2189 1247 1081 942 714
is_linear=0
shrinkage=0.02


Tree=190
num_leaves=7
num_cat=0
split_feature=5 3 3 4 13 13
split_gain=2.25151 1.11514 0.924631 0.796866 0.73655 0.571995
threshold=-0.040000000000000001 -0.57735026918963528 1.4211458514382584 0.040311288741492778 0.057357436572658634 0.17783620522466556
decision_type=2 2 2 2 8 8
left_child=3 4 -3 5 -2 -1
right_child=1 2 -4 -5 -6 -7
leaf_value=-0.0012412838136914087 0.0019561709698333206 -0.00059075847845879768 0.00085385802251597247 -0.00042207343170517375 5.3993483530993792e-05 -0.0026482715800641076
leaf_weight=349 166 834 220 280 156 184
leaf_count=349 166 834 220 280 156 184
internal_value=-0.000465159 2.87255e-05 -0.000286618 -0.00129612 0.00104954 -0.0017471
internal_weight=2189 1376 1054 813 322 533
internal_count=2189 1376 1054 813 322 533
is_linear=0
shrinkage=0.02


Tree=191
num_leaves=6
num_cat=0
split_feature=0 1 12 0 11
split_gain=4.82137 0.87445 0.464628 0.43129 0.386384
threshold=0.46000000000000002 -0.65375069840741251 -0.90468766747321816 0.26000000000000006 -0.53401422584055924
decision_type=2 2 2 2 2
left_child=3 -2 -3 -1 -5
right_child=1 2 -4 4 -6
leaf_value=-0.00075484052556267119 0.0016852226180204175 0.0011590056745335461 -2.352882864433301e-05 -0.0024417599417814397 -0.0014179148366012335
leaf_weight=228 166 150 931 241 473
leaf_count=228 166 150 931 241 473
internal_value=-0.000459671 0.000356067 0.000145141 -0.00153571 -0.00177808
internal_weight=2189 1247 1081 942 714
internal_count=2189 1247 1081 942 714
is_linear=0
shrinkage=0.02


Tree=192
num_leaves=6
num_cat=0
split_feature=0 8 0 0 11
split_gain=4.73141 0.889369 1.18184 0.428926 0.383149
threshold=0.46000000000000002 0.70620924014597641 0.53000000000000014 0.26000000000000006 -0.53401422584055924
decision_type=2 2 2 2 2
left_child=3 2 -2 -1 -5
right_child=1 -3 -4 4 -6
leaf_value=-0.00074227065455504239 -0.0010181818181818183 0.0015112508443656237 0.00050984413552214393 -0.0024229008153202089 -0.0014037950012723772
leaf_weight=228 270 214 763 241 473
leaf_count=228 270 214 763 241 473
internal_value=-0.000454636 0.000353454 0.000107476 -0.00152059 -0.00176224
internal_weight=2189 1247 1033 942 714
internal_count=2189 1247 1033 942 714
is_linear=0
shrinkage=0.02


Tree=193
num_leaves=6
num_cat=0
split_feature=0 8 0 0 11
split_gain=4.62538 0.878864 1.10237 0.426481 0.379938
threshold=0.46000000000000002 0.70760871252844459 0.53000000000000014 0.26000000000000006 -0.53401422584055924
decision_type=2 2 2 2 2
left_child=3 2 -2 -1 -5
right_child=1 -3 -4 4 -6
leaf_value=-0.00072991009529823909 -0.00097826086956521747 0.0015210599566009204 0.00049402482701749455 -0.0024041760755263695 -0.0013897881310854
leaf_weight=228 271 207 769 241 473
leaf_count=228 271 207 769 241 473
internal_value=-0.000451675 0.000347316 0.000107536 -0.00150561 -0.00174652
internal_weight=2189 1247 1040 942 714
internal_count=2189 1247 1040 942 714
is_linear=0
shrinkage=0.02


Tree=194
num_leaves=7
num_cat=0
split_feature=5 3 3 4 13 3
split_gain=2.05682 1.09515 0.900437 0.77108 0.718646 0.550296
threshold=-0.040000000000000001 -0.57735026918963528 1.4211458514382584 0.040311288741492778 0.057357436572658634 0.22941573387055716
decision_type=2 2 2 2 8 2
left_child=3 4 -3 5 -2 -1
right_child=1 2 -4 -5 -6 -7
leaf_value=-0.0020896562594206222 0.0019306596096915504 -0.00058912537979790159 0.00083650101721286776 -0.00038375810416121231 5.1795440430966967e-05 -0.00064103304390694682
leaf_weight=381 166 834 220 280 156 152
leaf_count=381 166 834 220 280 156 152
internal_value=-0.000448588 2.34746e-05 -0.000289012 -0.00124281 0.00103511 -0.00168634
internal_weight=2189 1376 1054 813 322 533
internal_count=2189 1376 1054 813 322 533
is_linear=0
shrinkage=0.02


Tree=195
num_leaves=6
num_cat=0
split_feature=0 1 9 0 11
split_gain=4.46339 0.868852 0.459122 0.435177 0.377674
threshold=0.46000000000000002 -0.65375069840741251 0.68957964053149101 0.26000000000000006 -0.53401422584055924
decision_type=2 2 2 2 2
left_child=3 -2 -3 -1 -5
right_child=1 2 -4 4 -6
leaf_value=-0.00069667123577881265 0.0016663445646694878 -0.00013953705031899603 0.00075388858573172579 -0.0023770063424982677 -0.0013666640870491332
leaf_weight=228 166 756 325 241 473
leaf_count=228 166 756 325 241 473
internal_value=-0.000443388 0.000341486 0.000131303 -0.0014787 -0.00172185
internal_weight=2189 1247 1081 942 714
internal_count=2189 1247 1081 942 714
is_linear=0
shrinkage=0.02


Tree=196
num_leaves=6
num_cat=0
split_feature=0 8 0 0 11
split_gain=4.37844 0.867494 1.15826 0.431847 0.373495
threshold=0.46000000000000002 0.70620924014597641 0.53000000000000014 0.26000000000000006 -0.53401422584055924
decision_type=2 2 2 2 2
left_child=3 2 -2 -1 -5
right_child=1 -3 -4 4 -6
leaf_value=-0.00068507001123714855 -0.0010181818181818183 0.0014824644983512218 0.00049450932262440502 -0.0023572889297473719 -0.0013528830791866432
leaf_weight=228 270 214 763 241 473
leaf_count=228 270 214 763 241 473
internal_value=-0.000438354 0.000339012 9.61302e-05 -0.00146377 -0.00170594
internal_weight=2189 1247 1033 942 714
internal_count=2189 1247 1033 942 714
is_linear=0
shrinkage=0.02


Tree=197
num_leaves=6
num_cat=0
split_feature=0 1 6 0 11
split_gain=4.2774 0.862046 0.457604 0.428301 0.368874
threshold=0.46000000000000002 -0.65375069840741251 6.3102813845302252 0.26000000000000006 -0.53401422584055924
decision_type=2 2 2 2 2
left_child=3 -2 -3 -1 -5
right_child=1 2 -4 4 -6
leaf_value=-0.00067366198025036264 0.0016526680489816863 0.00077488073706080598 -0.00013439416825828496 -0.0023371322525710596 -0.0013392382885122898
leaf_weight=228 166 304 777 241 473
leaf_count=228 166 304 777 241 473
internal_value=-0.000435326 0.000333026 0.000123703 -0.00144884 -0.00168997
internal_weight=2189 1247 1081 942 714
internal_count=2189 1247 1081 942 714
is_linear=0
shrinkage=0.02


Tree=198
num_leaves=6
num_cat=0
split_feature=0 8 0 0 13
split_gain=4.1945 0.858114 1.07463 0.424568 0.36535
threshold=0.46000000000000002 0.70760871252844459 0.53000000000000014 0.26000000000000006 0.21436319846336771
decision_type=2 2 2 2 8
left_child=3 2 -2 -1 -5
right_child=1 -3 -4 4 -6
leaf_value=-0.00066244391700484725 -0.00097826086956521747 0.001490364644966387 0.00047536165792812674 -0.0014170103526702036 -0.0025632643853464431
leaf_weight=228 271 207 769 564 150
leaf_count=228 271 207 769 564 150
internal_value=-0.000430286 0.000330581 9.37128e-05 -0.00143393 -0.00167397
internal_weight=2189 1247 1040 942 714
internal_count=2189 1247 1040 942 714
is_linear=0
shrinkage=0.02


Tree=199
num_leaves=6
num_cat=0
split_feature=0 1 12 0 11
split_gain=4.09381 0.855183 0.453845 0.419945 0.366426
threshold=0.46000000000000002 -0.65375069840741251 -0.90468766747321816 0.26000000000000006 -0.53401422584055924
decision_type=2 2 2 2 2
left_child=3 -2 -3 -1 -5
right_child=1 2 -4 4 -6
leaf_value=-0.00065141266315791745 0.0016391550064936541 0.001118397792080237 -5.0221523312298564e-05 -0.0023013823897373386 -0.0013082052199910378
leaf_weight=228 166 150 931 241 473
leaf_count=228 166 150 931 241 473
internal_value=-0.000426892 0.000324792 0.000116339 -0.00141842 -0.00165711
internal_weight=2189 1247 1081 942 714
internal_count=2189 1247 1081 942 714
is_linear=0
shrinkage=0.02


Tree=200
num_leaves=6
num_cat=0
split_feature=0 8 0 0 11
split_gain=4.01344 0.847989 1.0613 0.415883 0.361555
threshold=0.46000000000000002 0.70760871252844459 0.53000000000000014 0.26000000000000006 -0.53401422584055924
decision_type=2 2 2 2 2
left_child=3 2 -2 -1 -5
right_child=1 -3 -4 4 -6
leaf_value=-0.00064056511057037138 -0.00097826086956521747 0.0014753540679988152 0.00046630858922574564 -0.0022809120891540031 -0.0012946126182957175
leaf_weight=228 271 207 769 241 473
leaf_count=228 271 207 769 241 473
internal_value=-0.000421825 0.000322442 8.70075e-05 -0.00140357 -0.00164107
internal_weight=2189 1247 1040 942 714
internal_count=2189 1247 1040 942 714
is_linear=0
shrinkage=0.02


Tree=201
num_leaves=6
num_cat=0
split_feature=0 1 6 0 11
split_gain=3.91869 0.848284 0.448687 0.41169 0.356515
threshold=0.46000000000000002 -0.65375069840741251 6.3102813845302252 0.26000000000000006 -0.53401422584055924
decision_type=2 2 2 2 2
left_child=3 -2 -3 -1 -5
right_child=1 2 -4 4 -6
leaf_value=-0.00062989817796346964 0.0016257801855919741 0.00075400200711629533 -0.00014633101321247113 -0.0022602884568334596 -0.0012811181890665239
leaf_weight=228 166 304 777 241 473
leaf_count=228 166 304 777 241 473
internal_value=-0.000418691 0.000316745 0.000109167 -0.00138878 -0.00162504
internal_weight=2189 1247 1081 942 714
internal_count=2189 1247 1081 942 714
is_linear=0
shrinkage=0.02


Tree=202
num_leaves=6
num_cat=0
split_feature=0 1 9 0 13
split_gain=3.84092 0.838973 0.448742 0.407407 0.345286
threshold=0.46000000000000002 -0.65375069840741251 0.68957964053149101 0.26000000000000006 0.21436319846336771
decision_type=2 2 2 2 8
left_child=3 -2 -3 -1 -5
right_child=1 2 -4 4 -6
leaf_value=-0.00061940889405846084 0.0016162727101248476 -0.00015963237229202302 0.00072357262768359338 -0.0013596223873497105 -0.0024728741434312637
leaf_weight=228 166 756 325 564 150
leaf_count=228 166 756 325 564 150
internal_value=-0.000413656 0.000314442 0.00010801 -0.00137407 -0.00160907
internal_weight=2189 1247 1081 942 714
internal_count=2189 1247 1081 942 714
is_linear=0
shrinkage=0.02


Tree=203
num_leaves=6
num_cat=0
split_feature=0 8 0 0 11
split_gain=3.76152 0.838385 1.11197 0.402307 0.353476
threshold=0.46000000000000002 0.70620924014597641 0.53000000000000014 0.26000000000000006 -0.53401422584055924
decision_type=2 2 2 2 2
left_child=3 2 -2 -1 -5
right_child=1 -3 -4 4 -6
leaf_value=-0.00060909427958240835 -0.0010181818181818183 0.0014362546002075552 0.00046394391425868284 -0.0022241323871341179 -0.0012504450665108829
leaf_weight=228 270 214 763 241 473
leaf_count=228 270 214 763 241 473
internal_value=-0.00040835 0.000312179 7.35153e-05 -0.00135878 -0.00159228
internal_weight=2189 1247 1033 942 714
internal_count=2189 1247 1033 942 714
is_linear=0
shrinkage=0.02


Tree=204
num_leaves=6
num_cat=0
split_feature=0 8 0 0 11
split_gain=3.6709 0.82846 1.03537 0.397847 0.348217
threshold=0.46000000000000002 0.70760871252844459 0.53000000000000014 0.26000000000000006 -0.53401422584055924
decision_type=2 2 2 2 2
left_child=3 2 -2 -1 -5
right_child=1 -3 -4 4 -6
leaf_value=-0.00059895141537864838 -0.00097826086956521747 0.0014460288160392698 0.0004485316591343941 -0.0022034293752375661 -0.0012372122100207596
leaf_weight=228 271 207 769 241 473
leaf_count=228 271 207 769 241 473
internal_value=-0.000405317 0.000306487 7.38407e-05 -0.00134423 -0.0015764
internal_weight=2189 1247 1040 942 714
internal_count=2189 1247 1040 942 714
is_linear=0
shrinkage=0.02


Tree=205
num_leaves=6
num_cat=0
split_feature=0 1 12 0 11
split_gain=3.58257 0.83432 0.443406 0.393333 0.342932
threshold=0.46000000000000002 -0.65375069840741251 -0.90468766747321816 0.26000000000000006 -0.53401422584055924
decision_type=2 2 2 2 2
left_child=3 -2 -3 -1 -5
right_child=1 2 -4 4 -6
leaf_value=-0.00058897746670911241 0.0015991507915436829 0.0010856631427342374 -6.9370408216808496e-05 -0.0021827564721669606 -0.0012240878869798893
leaf_weight=228 166 150 931 241 473
leaf_count=228 166 150 931 241 473
internal_value=-0.000402234 0.00030096 9.51631e-05 -0.00132978 -0.0015606
internal_weight=2189 1247 1081 942 714
internal_count=2189 1247 1081 942 714
is_linear=0
shrinkage=0.02


Tree=206
num_leaves=6
num_cat=0
split_feature=0 1 6 0 11
split_gain=3.51045 0.824879 0.440687 0.388789 0.337663
threshold=0.46000000000000002 -0.65375069840741251 6.3838354156080479 0.26000000000000006 -0.53401422584055924
decision_type=2 2 2 2 2
left_child=3 -2 -3 -1 -5
right_child=1 2 -4 4 -6
leaf_value=-0.00057916959787643015 0.0015896120037044786 0.00067499939450550901 -0.00018430380661136453 -0.0021621711297733028 -0.0012110782286861453
leaf_weight=228 166 348 733 241 473
leaf_count=228 166 348 733 241 473
internal_value=-0.00039729 0.000298788 9.41608e-05 -0.00131546 -0.00154491
internal_weight=2189 1247 1081 942 714
internal_count=2189 1247 1081 942 714
is_linear=0
shrinkage=0.02


Tree=207
num_leaves=6
num_cat=0
split_feature=0 8 0 0 11
split_gain=3.43937 0.81983 1.01844 0.384234 0.33251
threshold=0.46000000000000002 0.70760871252844459 0.53000000000000014 0.26000000000000006 -0.53401422584055924
decision_type=2 2 2 2 2
left_child=3 2 -2 -1 -5
right_child=1 -3 -4 4 -6
leaf_value=-0.00056952505632275677 -0.00097826086956521747 0.0014301308433367116 0.0004368122208850562 -0.0021417799168001344 -0.0011981566823925434
leaf_weight=228 271 207 769 241 473
leaf_count=228 271 207 769 241 473
internal_value=-0.000392441 0.00029655 6.51604e-05 -0.00130126 -0.00152934
internal_weight=2189 1247 1040 942 714
internal_count=2189 1247 1040 942 714
is_linear=0
shrinkage=0.02


Tree=208
num_leaves=6
num_cat=0
split_feature=0 1 9 0 3
split_gain=3.35597 0.817913 0.438381 0.379661 0.330685
threshold=0.46000000000000002 -0.65375069840741251 0.68957964053149101 0.26000000000000006 -1.1187326252153913
decision_type=2 2 2 2 2
left_child=3 -2 -3 -1 -5
right_child=1 2 -4 4 -6
leaf_value=-0.00056004112210652341 0.0015764789515289299 -0.0001770331005069183 0.0006958702762865207 -0.00079708196584460812 -0.0017843382313674941
leaf_weight=228 166 756 325 201 513
leaf_count=228 166 756 325 201 513
internal_value=-0.000389463 0.000291129 8.73987e-05 -0.0012872 -0.00151389
internal_weight=2189 1247 1081 942 714
internal_count=2189 1247 1081 942 714
is_linear=0
shrinkage=0.02


Tree=209
num_leaves=6
num_cat=0
split_feature=0 8 0 0 11
split_gain=3.2862 0.809705 1.07399 0.374549 0.328929
threshold=0.46000000000000002 0.70620924014597641 0.53000000000000014 0.26000000000000006 -0.53401422584055924
decision_type=2 2 2 2 2
left_child=3 2 -2 -1 -5
right_child=1 -3 -4 4 -6
leaf_value=-0.00055071511269894795 -0.0010181818181818183 0.0013937289900354801 0.00043839206591314908 -0.0021064386753047383 -0.0011690517293608837
leaf_weight=228 270 214 763 241 473
leaf_count=228 270 214 763 241 473
internal_value=-0.00038441 0.000289067 5.46099e-05 -0.00127276 -0.0014979
internal_weight=2189 1247 1033 942 714
internal_count=2189 1247 1033 942 714
is_linear=0
shrinkage=0.02


Tree=210
num_leaves=6
num_cat=0
split_feature=0 1 6 0 11
split_gain=3.20566 0.810914 0.433249 0.369959 0.324035
threshold=0.46000000000000002 -0.65375069840741251 6.3102813845302252 0.26000000000000006 -0.53401422584055924
decision_type=2 2 2 2 2
left_child=3 -2 -3 -1 -5
right_child=1 2 -4 4 -6
leaf_value=-0.00054154440376891601 0.0015634548081880251 0.00071451935267247688 -0.00017012571090135054 -0.0020865730686885557 -0.0011563829179837613
leaf_weight=228 166 304 777 241 473
leaf_count=228 166 304 777 241 473
internal_value=-0.000381554 0.000283625 8.07994e-05 -0.00125895 -0.00148268
internal_weight=2189 1247 1081 942 714
internal_count=2189 1247 1081 942 714
is_linear=0
shrinkage=0.02


Tree=211
num_leaves=6
num_cat=0
split_feature=0 1 8 0 11
split_gain=3.14076 0.801708 0.432079 0.365394 0.319208
threshold=0.46000000000000002 -0.65375069840741251 0.57551116111238565 0.26000000000000006 -0.53401422584055924
decision_type=2 2 2 2 2
left_child=3 -2 -3 -1 -5
right_child=1 2 -4 4 -6
leaf_value=-0.00053252641543298322 0.0015541289449391656 -0.00042552764507377649 0.00039325396612755002 -0.0020668948217620695 -0.0011438513986735165
leaf_weight=228 166 413 668 241 473
leaf_count=228 166 413 668 241 473
internal_value=-0.000376823 0.000281586 7.99165e-05 -0.0012453 -0.00146762
internal_weight=2189 1247 1081 942 714
internal_count=2189 1247 1081 942 714
is_linear=0
shrinkage=0.02


Tree=212
num_leaves=7
num_cat=0
split_feature=5 3 3 4 13 3
split_gain=1.39144 1.04969 0.850242 0.726202 0.675838 0.525969
threshold=-0.040000000000000001 -0.57735026918963528 1.4211458514382584 0.040311288741492778 0.057357436572658634 0.22941573387055716
decision_type=2 2 2 2 8 2
left_child=3 4 -3 5 -2 -1
right_child=1 2 -4 -5 -6 -7
leaf_value=-0.0018488172935852733 0.0018750202422144644 -0.00058138896595657261 0.0008039838201450443 -0.00019561728678251566 5.2885288800697149e-05 -0.0004420036656461704
leaf_weight=381 166 834 220 280 156 152
leaf_count=381 166 834 220 280 156 152
internal_value=-0.000372167 1.61144e-05 -0.000289791 -0.00102541 0.00100655 -0.00145546
internal_weight=2189 1376 1054 813 322 533
internal_count=2189 1376 1054 813 322 533
is_linear=0
shrinkage=0.02


Tree=213
num_leaves=6
num_cat=0
split_feature=0 8 0 0 3
split_gain=3.03557 0.797127 0.992246 0.369093 0.316434
threshold=0.46000000000000002 0.70760871252844459 0.53000000000000014 0.26000000000000006 -1.1187326252153913
decision_type=2 2 2 2 2
left_child=3 2 -2 -1 -5
right_child=1 -3 -4 4 -6
leaf_value=-0.00050604263600361713 -0.00097826086956521747 0.0013974452579618027 0.00041848211519065787 -0.00074511197874846976 -0.001709013578399268
leaf_weight=228 271 207 769 201 513
leaf_count=228 271 207 769 201 513
internal_value=-0.000367596 0.000279683 5.15839e-05 -0.0012214 -0.00144473
internal_weight=2189 1247 1040 942 714
internal_count=2189 1247 1040 942 714
is_linear=0
shrinkage=0.02


Tree=214
num_leaves=7
num_cat=0
split_feature=5 3 8 4 13 3
split_gain=1.32611 1.03137 0.833863 0.706424 0.662154 0.512352
threshold=-0.040000000000000001 -0.57735026918963528 0.57051972402662965 0.040311288741492778 0.057357436572658634 0.22941573387055716
decision_type=2 2 2 2 8 2
left_child=3 4 -3 5 -2 -1
right_child=1 2 -4 -5 -6 -7
leaf_value=-0.0018147005918652901 0.0018558111443451187 -0.0009950235948880861 0.00015614069902853591 -0.00018413439759036953 5.2220875871662766e-05 -0.00042667422799547768
leaf_weight=381 166 405 649 280 156 152
leaf_count=381 166 405 649 280 156 152
internal_value=-0.000364646 1.44154e-05 -0.000288804 -0.00100237 0.000996181 -0.00142651
internal_weight=2189 1376 1054 813 322 533
internal_count=2189 1376 1054 813 322 533
is_linear=0
shrinkage=0.02


Tree=215
num_leaves=6
num_cat=0
split_feature=0 1 12 0 11
split_gain=2.91964 0.790826 0.43419 0.371996 0.319775
threshold=0.46000000000000002 -0.65375069840741251 -0.90468766747321816 0.26000000000000006 0.16289174797225395
decision_type=2 2 2 2 2
left_child=3 -2 -3 -1 -5
right_child=1 2 -4 4 -6
leaf_value=-0.00048024648728544619 0.0015385370208113864 0.0010545926811473985 -8.831986138705586e-05 -0.0018236293462798117 -0.00094915957045345366
leaf_weight=228 166 150 931 378 336
leaf_count=228 166 150 931 378 336
internal_value=-0.000360131 0.000274668 7.43964e-05 -0.00119748 -0.00142158
internal_weight=2189 1247 1081 942 714
internal_count=2189 1247 1081 942 714
is_linear=0
shrinkage=0.02


Tree=216
num_leaves=6
num_cat=0
split_feature=0 8 0 0 11
split_gain=2.86081 0.783476 1.04931 0.367028 0.315045
threshold=0.46000000000000002 0.70620924014597641 0.53000000000000014 0.26000000000000006 0.16289174797225395
decision_type=2 2 2 2 2
left_child=3 2 -2 -1 -5
right_child=1 -3 -4 4 -6
leaf_value=-0.00047224925471221936 -0.0010181818181818183 0.0013593346560820427 0.0004215532521463198 -0.0018061072809266671 -0.00093830407801960916
leaf_weight=228 270 214 763 378 336
leaf_count=228 270 214 763 378 336
internal_value=-0.000355646 0.000272721 4.21512e-05 -0.00118451 -0.00140709
internal_weight=2189 1247 1033 942 714
internal_count=2189 1247 1033 942 714
is_linear=0
shrinkage=0.02


Tree=217
num_leaves=6
num_cat=0
split_feature=0 1 9 0 3
split_gain=2.79008 0.784026 0.427527 0.362071 0.304313
threshold=0.46000000000000002 -0.65375069840741251 0.68957964053149101 0.26000000000000006 -1.1187326252153913
decision_type=2 2 2 2 2
left_child=3 -2 -3 -1 -5
right_child=1 2 -4 4 -6
leaf_value=-0.00046438518623809449 0.0015258581147730699 -0.00019298051686616205 0.00066901355844245047 -0.00070766453170081943 -0.0016517179312623145
leaf_weight=228 166 756 325 201 513
leaf_count=228 166 756 325 201 513
internal_value=-0.000353114 0.000267443 6.80629e-05 -0.00117167 -0.00139272
internal_weight=2189 1247 1081 942 714
internal_count=2189 1247 1081 942 714
is_linear=0
shrinkage=0.02


Tree=218
num_leaves=6
num_cat=0
split_feature=0 1 6 0 11
split_gain=2.73164 0.775039 0.427279 0.35655 0.313175
threshold=0.46000000000000002 -0.65375069840741251 6.3838354156080479 0.26000000000000006 -0.53401422584055924
decision_type=2 2 2 2 2
left_child=3 -2 -3 -1 -5
right_child=1 2 -4 4 -6
leaf_value=-0.00045665208234295824 0.0015167565162331736 0.0006393592986416748 -0.00020672024639391498 -0.0019694643461607335 -0.0010587882708804877
leaf_weight=228 166 348 733 241 473
leaf_count=228 166 348 733 241 473
internal_value=-0.000348445 0.000265575 6.73428e-05 -0.00115838 -0.00137773
internal_weight=2189 1247 1081 942 714
internal_count=2189 1247 1081 942 714
is_linear=0
shrinkage=0.02


Tree=219
num_leaves=6
num_cat=0
split_feature=0 8 0 0 11
split_gain=2.67587 0.774811 0.967886 0.351578 0.309565
threshold=0.46000000000000002 0.70760871252844459 0.53000000000000014 0.26000000000000006 0.16289174797225395
decision_type=2 2 2 2 2
left_child=3 2 -2 -1 -5
right_child=1 -3 -4 4 -6
leaf_value=-0.00044904773998925612 -0.00097826086956521747 0.001365618294847356 0.00040122089254758888 -0.0017586142198223981 -0.00089977305306017928
leaf_weight=228 271 207 769 378 336
leaf_count=228 271 207 769 378 336
internal_value=-0.000344095 0.000263623 3.8799e-05 -0.00114572 -0.00136352
internal_weight=2189 1247 1040 942 714
internal_count=2189 1247 1040 942 714
is_linear=0
shrinkage=0.02


Tree=220
num_leaves=6
num_cat=0
split_feature=0 1 12 0 4
split_gain=2.60966 0.768375 0.424446 0.346737 0.293905
threshold=0.46000000000000002 -0.65375069840741251 -0.90468766747321816 0.26000000000000006 0.039607448794387184
decision_type=2 2 2 2 2
left_child=3 -2 -3 -1 -5
right_child=1 2 -4 4 -6
leaf_value=-0.00044157003672082025 0.0015043007832957289 0.0010303360639260181 -9.9650901537308954e-05 -0.0016174304657143579 -0.0007093681132092196
leaf_weight=228 166 150 931 498 216
leaf_count=228 166 150 931 498 216
internal_value=-0.000341641 0.000258518 6.11684e-05 -0.00113329 -0.00134957
internal_weight=2189 1247 1081 942 714
internal_count=2189 1247 1081 942 714
is_linear=0
shrinkage=0.02


Tree=221
num_leaves=6
num_cat=0
split_feature=0 1 6 0 11
split_gain=2.55521 0.759578 0.41878 0.341449 0.307408
threshold=0.46000000000000002 -0.65375069840741251 6.3102813845302252 0.26000000000000006 0.16289174797225395
decision_type=2 2 2 2 2
left_child=3 -2 -3 -1 -5
right_child=1 2 -4 4 -6
leaf_value=-0.00043421685247973824 0.0014953277582487865 0.0006835928323496327 -0.00018612067289876721 -0.0017285128789844464 -0.0008736936420289653
leaf_weight=228 166 304 777 378 336
leaf_count=228 166 304 777 378 336
internal_value=-0.000337164 0.000256697 6.04823e-05 -0.00112051 -0.00133512
internal_weight=2189 1247 1081 942 714
internal_count=2189 1247 1081 942 714
is_linear=0
shrinkage=0.02


Tree=222
num_leaves=6
num_cat=0
split_feature=0 8 0 0 11
split_gain=2.50347 0.766169 0.953825 0.336661 0.304496
threshold=0.46000000000000002 0.70760871252844459 0.53000000000000014 0.26000000000000006 -0.53401422584055924
decision_type=2 2 2 2 2
left_child=3 2 -2 -1 -5
right_child=1 -3 -4 4 -6
leaf_value=-0.00042698611869065032 -0.00097826086956521747 0.0013507051853120398 0.00039115907003482188 -0.0019040105764458819 -0.0010077373147260194
leaf_weight=228 271 207 769 241 473
leaf_count=228 271 207 769 241 473
internal_value=-0.000332938 0.000254877 3.13465e-05 -0.00110831 -0.0013214
internal_weight=2189 1247 1040 942 714
internal_count=2189 1247 1040 942 714
is_linear=0
shrinkage=0.02


Tree=223
num_leaves=6
num_cat=0
split_feature=0 1 9 0 11
split_gain=2.44056 0.752932 0.418467 0.331751 0.30021
threshold=0.46000000000000002 -0.65375069840741251 0.68957964053149101 0.26000000000000006 0.16289174797225395
decision_type=2 2 2 2 2
left_child=3 -2 -3 -1 -5
right_child=1 2 -4 4 -6
leaf_value=-0.0004198757882026132 0.0014830649861989661 -0.00020365373886517112 0.00064913806442354783 -0.0016962022647533965 -0.00085195511142529352
leaf_weight=228 166 756 325 378 336
leaf_count=228 166 756 325 378 336
internal_value=-0.000330517 0.000249872 5.45443e-05 -0.00109609 -0.0013076
internal_weight=2189 1247 1081 942 714
internal_count=2189 1247 1081 942 714
is_linear=0
shrinkage=0.02


Tree=224
num_leaves=6
num_cat=0
split_feature=0 8 0 0 11
split_gain=2.39088 0.756264 1.00947 0.326928 0.296453
threshold=0.46000000000000002 0.70620924014597641 0.53000000000000014 0.26000000000000006 -0.53401422584055924
decision_type=2 2 2 2 2
left_child=3 2 -2 -1 -5
right_child=1 -3 -4 4 -6
leaf_value=-0.00041288386822514267 -0.0010181818181818183 0.0013157197757152051 0.00039394130317001934 -0.0018686312000925948 -0.00098471525136895771
leaf_weight=228 270 214 763 241 473
leaf_count=228 270 214 763 241 473
internal_value=-0.000326294 0.000248155 2.17215e-05 -0.00108403 -0.00129399
internal_weight=2189 1247 1033 942 714
internal_count=2189 1247 1033 942 714
is_linear=0
shrinkage=0.02


Tree=225
num_leaves=6
num_cat=0
split_feature=0 8 0 0 11
split_gain=2.33006 0.747032 0.937154 0.322057 0.29279
threshold=0.46000000000000002 0.70760871252844459 0.53000000000000014 0.26000000000000006 0.16289174797225395
decision_type=2 2 2 2 2
left_child=3 2 -2 -1 -5
right_child=1 -3 -4 4 -6
leaf_value=-0.00040600837747938132 -0.00097826086956521747 0.0013251717257278287 0.00037913479749293811 -0.001664016976680208 -0.00083073375948712971
leaf_weight=228 271 207 769 378 336
leaf_count=228 271 207 769 378 336
internal_value=-0.00032398 0.00024312 2.24405e-05 -0.00107202 -0.00128039
internal_weight=2189 1247 1040 942 714
internal_count=2189 1247 1040 942 714
is_linear=0
shrinkage=0.02


Tree=226
num_leaves=6
num_cat=0
split_feature=0 1 12 0 11
split_gain=2.27111 0.748316 0.414785 0.317258 0.288242
threshold=0.46000000000000002 -0.65375069840741251 -0.90468766747321816 0.26000000000000006 -0.53401422584055924
decision_type=2 2 2 2 2
left_child=3 -2 -3 -1 -5
right_child=1 2 -4 4 -6
leaf_value=-0.00039924737721553689 0.0014676411861651822 0.0010016957836285715 -0.00011532827773299089 -0.0018333804643735651 -0.0009621925963766905
leaf_weight=228 166 150 931 241 473
leaf_count=228 166 150 931 241 473
internal_value=-0.000321642 0.000238245 4.35687e-05 -0.00106015 -0.00126695
internal_weight=2189 1247 1081 942 714
internal_count=2189 1247 1081 942 714
is_linear=0
shrinkage=0.02


Tree=227
num_leaves=6
num_cat=0
split_feature=0 1 6 0 11
split_gain=2.22402 0.739685 0.411619 0.312357 0.285122
threshold=0.46000000000000002 -0.65375069840741251 6.3838354156080479 0.26000000000000006 0.16289174797225395
decision_type=2 2 2 2 2
left_child=3 -2 -3 -1 -5
right_child=1 2 -4 4 -6
leaf_value=-0.00039259896913439418 0.001458886831519548 0.00060457257447083597 -0.00022582575619513507 -0.0016318925810544982 -0.00081001782172586217
leaf_weight=228 166 348 733 378 336
leaf_count=228 166 348 733 378 336
internal_value=-0.000317449 0.000236601 4.30522e-05 -0.00104826 -0.00125345
internal_weight=2189 1247 1081 942 714
internal_count=2189 1247 1081 942 714
is_linear=0
shrinkage=0.02


Tree=228
num_leaves=6
num_cat=0
split_feature=0 8 0 0 4
split_gain=2.17786 0.7389 0.924174 0.307565 0.281987
threshold=0.46000000000000002 0.70760871252844459 0.53000000000000014 0.26000000000000006 0.039607448794387184
decision_type=2 2 2 2 2
left_child=3 2 -2 -1 -5
right_child=1 -3 -4 4 -6
leaf_value=-0.00038606126117220251 -0.00097826086956521747 0.0013110379369947007 0.00036970003990914303 -0.0015019371187236627 -0.00061629281998759481
leaf_weight=228 271 207 769 498 216
leaf_count=228 271 207 769 498 216
internal_value=-0.000313373 0.000234894 1.54525e-05 -0.00103657 -0.00124016
internal_weight=2189 1247 1040 942 714
internal_count=2189 1247 1040 942 714
is_linear=0
shrinkage=0.02


Tree=229
num_leaves=6
num_cat=0
split_feature=0 1 12 0 6
split_gain=2.12081 0.733158 0.405974 0.302437 0.290452
threshold=0.46000000000000002 -0.65375069840741251 -0.90468766747321816 0.26000000000000006 7.0169369801544637
decision_type=2 2 2 2 2
left_child=3 -2 -3 -1 -5
right_child=1 2 -4 4 -6
leaf_value=-0.00037963243880880751 0.0014469885878395617 0.00098536067287768089 -0.00011972834506957594 -0.00097852105144205135 -0.0019311658923442548
leaf_weight=228 166 150 931 537 177
leaf_count=228 166 150 931 537 177
internal_value=-0.000310932 0.000230112 3.74449e-05 -0.00102459 -0.00122647
internal_weight=2189 1247 1081 942 714
internal_count=2189 1247 1081 942 714
is_linear=0
shrinkage=0.02


Tree=230
num_leaves=6
num_cat=0
split_feature=0 8 0 0 6
split_gain=2.07813 0.730014 0.979593 0.298063 0.288722
threshold=0.46000000000000002 0.70620924014597641 0.53000000000000014 0.26000000000000006 7.0169369801544637
decision_type=2 2 2 2 2
left_child=3 2 -2 -1 -5
right_child=1 -3 -4 4 -6
leaf_value=-0.00037331065202987249 -0.0010181818181818183 0.0012774069280284948 0.00037288554491775962 -0.00096683413780043487 -0.0019162194905700265
leaf_weight=228 270 214 763 537 177
leaf_count=228 270 214 763 537 177
internal_value=-0.000307032 0.000228537 6.14268e-06 -0.00101347 -0.00121387
internal_weight=2189 1247 1033 942 714
internal_count=2189 1247 1033 942 714
is_linear=0
shrinkage=0.02


Tree=231
num_leaves=6
num_cat=0
split_feature=0 1 9 0 6
split_gain=2.02547 0.726649 0.408018 0.293711 0.286907
threshold=0.46000000000000002 -0.65375069840741251 0.68957964053149101 0.26000000000000006 7.0169369801544637
decision_type=2 2 2 2 2
left_child=3 -2 -3 -1 -5
right_child=1 2 -4 4 -6
leaf_value=-0.00036709416162046754 0.0014351810678316836 -0.0002229085387558029 0.00061914425929584973 -0.00095527492381109966 -0.001901268765821562
leaf_weight=228 166 756 325 537 177
leaf_count=228 166 756 325 537 177
internal_value=-0.000305024 0.000223722 3.19376e-05 -0.00100245 -0.00120138
internal_weight=2189 1247 1081 942 714
internal_count=2189 1247 1081 942 714
is_linear=0
shrinkage=0.02


Tree=232
num_leaves=7
num_cat=0
split_feature=5 3 3 4 7 4
split_gain=0.901245 0.989869 0.799849 0.65531 0.626495 0.43903
threshold=-0.040000000000000001 -0.57735026918963528 1.4211458514382584 0.039607448794387184 -0.18586166265259088 0.020615528128088315
decision_type=2 2 2 2 2 2
left_child=3 4 -3 5 -2 -1
right_child=1 2 -4 -5 -6 -7
leaf_value=-0.00060840502292274 8.1645365669784785e-05 -0.00056852387103345915 0.00077519386003000877 -5.5915987859033563e-05 0.0018353400466800949 -0.0017802343318859737
leaf_weight=246 161 834 220 287 161 280
leaf_count=246 161 834 220 287 161 280
internal_value=-0.000301166 1.133e-05 -0.000285716 -0.0008269 0.000973149 -0.00124308
internal_weight=2189 1376 1054 813 322 526
internal_count=2189 1376 1054 813 322 526
is_linear=0
shrinkage=0.02


Tree=233
num_leaves=7
num_cat=0
split_feature=0 3 12 7 0 6
split_gain=1.95751 0.721931 1.34134 1.10546 0.293508 0.285146
threshold=0.46000000000000002 0.65094455490411829 0.65647056117556235 -0.27294014804564465 0.26000000000000006 7.0169369801544637
decision_type=2 2 2 2 2 2
left_child=4 2 -2 -3 -1 -6
right_child=1 3 -4 -5 5 -7
leaf_value=-0.00034841089465459531 0.0001336276256952877 0.00090837062104772077 0.0021968516598137987 -0.00087117871053789449 -0.00093670957862671022 -0.0018790639887799273
leaf_weight=228 467 207 168 405 537 177
leaf_count=228 467 207 168 405 537 177
internal_value=-0.000297332 0.000222459 0.000692387 -0.000266789 -0.000982963 -0.00118176
internal_weight=2189 1247 635 612 942 714
internal_count=2189 1247 635 612 942 714
is_linear=0
shrinkage=0.02


Tree=234
num_leaves=6
num_cat=0
split_feature=0 8 0 0 6
split_gain=1.91641 0.720146 0.902868 0.289066 0.283152
threshold=0.46000000000000002 0.70760871252844459 0.53000000000000014 0.26000000000000006 7.0169369801544637
decision_type=2 2 2 2 2
left_child=3 2 -2 -1 -5
right_child=1 -3 -4 4 -6
leaf_value=-0.00034260903513098987 -0.00097826086956521747 0.0012828562841838542 0.00035406900071045647 -0.00092547596655648571 -0.0018641603124010695
leaf_weight=228 271 207 769 537 177
leaf_count=228 271 207 769 537 177
internal_value=-0.000293846 0.000220459 3.87503e-06 -0.000972242 -0.00116952
internal_weight=2189 1247 1040 942 714
internal_count=2189 1247 1040 942 714
is_linear=0
shrinkage=0.02


Tree=235
num_leaves=6
num_cat=0
split_feature=0 1 9 0 6
split_gain=1.8677 0.715627 0.404311 0.284649 0.281043
threshold=0.46000000000000002 -0.65375069840741251 0.68957964053149101 0.26000000000000006 7.0169369801544637
decision_type=2 2 2 2 2
left_child=3 -2 -3 -1 -5
right_child=1 2 -4 4 -6
leaf_value=-0.00033690378837319403 0.001418070110835527 -0.000228113724640387 0.00061010088153522126 -0.00091437709342509629 -0.0018492060637736057
leaf_weight=228 166 756 325 537 177
leaf_count=228 166 756 325 537 177
internal_value=-0.000291895 0.000215838 2.55421e-05 -0.000961612 -0.00115737
internal_weight=2189 1247 1081 942 714
internal_count=2189 1247 1081 942 714
is_linear=0
shrinkage=0.02


Tree=236
num_leaves=6
num_cat=0
split_feature=0 8 0 0 11
split_gain=1.82997 0.710528 0.958573 0.280287 0.279444
threshold=0.46000000000000002 0.70620924014597641 0.53000000000000014 0.26000000000000006 0.16289174797225395
decision_type=2 2 2 2 2
left_child=3 2 -2 -1 -5
right_child=1 -3 -4 4 -6
leaf_value=-0.00033129354483196148 -0.0010181818181818183 0.0012491692747861214 0.00035787962717980312 -0.0015188386958510695 -0.00070905499094742132
leaf_weight=228 270 214 763 378 336
leaf_count=228 270 214 763 378 336
internal_value=-0.000288184 0.000214393 -4.95997e-06 -0.000951103 -0.00114534
internal_weight=2189 1247 1033 942 714
internal_count=2189 1247 1033 942 714
is_linear=0
shrinkage=0.02


Tree=237
num_leaves=6
num_cat=0
split_feature=0 1 6 0 6
split_gain=1.78163 0.708834 0.403538 0.27559 0.280066
threshold=0.46000000000000002 -0.65375069840741251 6.3838354156080479 0.26000000000000006 7.0169369801544637
decision_type=2 2 2 2 2
left_child=3 -2 -3 -1 -5
right_child=1 2 -4 4 -6
leaf_value=-0.00032577672661501962 0.0014062265716275277 0.00057642066128362 -0.00024576827553798115 -0.00089072450830487743 -0.0018229225867397185
leaf_weight=228 166 348 733 537 177
leaf_count=228 166 348 733 537 177
internal_value=-0.000286183 0.000209716 2.03495e-05 -0.000940286 -0.00113289
internal_weight=2189 1247 1081 942 714
internal_count=2189 1247 1081 942 714
is_linear=0
shrinkage=0.02


Tree=238
num_leaves=7
num_cat=0
split_feature=0 3 13 13 0 6
split_gain=1.74516 0.706761 1.53022 1.404 0.271282 0.277647
threshold=0.46000000000000002 0.65094455490411829 0.13409431945150677 0.076703014414507512 0.26000000000000006 7.0169369801544637
decision_type=2 2 8 10 2 2
left_child=4 2 -2 -3 -1 -6
right_child=1 3 -4 -5 5 -7
leaf_value=-0.00032035176766148963 0.0013293858210564639 -0.00084001197055472198 -0.00077208844449352747 0.0013214857898619699 -0.00088004238656086246 -0.0018078985024284531
leaf_weight=228 437 454 198 158 537 177
leaf_count=228 437 454 198 158 537 177
internal_value=-0.000282576 0.00020822 0.00067321 -0.000275791 -0.00092995 -0.00112103
internal_weight=2189 1247 635 612 942 714
internal_count=2189 1247 635 612 942 714
is_linear=0
shrinkage=0.02


Tree=239
num_leaves=6
num_cat=0
split_feature=0 8 0 1 12
split_gain=1.70826 0.702884 0.88213 0.269311 0.539513
threshold=0.46000000000000002 0.70760871252844459 0.53000000000000014 0.023841392560418881 0.22023637241864494
decision_type=2 2 2 2 2
left_child=3 2 -2 4 -1
right_child=1 -3 -4 -5 -6
leaf_value=-0.000270825092577272 -0.00097826086956521747 0.001255982240995849 0.00033867972765180452 -0.0016298651259936646 -0.0013366602967769682
leaf_weight=427 271 207 769 173 342
leaf_count=427 271 207 769 173 342
internal_value=-0.000279183 0.000206395 -7.52334e-06 -0.000919676 -0.00075041
internal_weight=2189 1247 1040 942 769
internal_count=2189 1247 1040 942 769
is_linear=0
shrinkage=0.02


Tree=240
num_leaves=6
num_cat=0
split_feature=0 8 0 0 6
split_gain=1.66016 0.694005 0.876499 0.269121 0.278457
threshold=0.46000000000000002 0.70760871252844459 0.53000000000000014 0.26000000000000006 7.0169369801544637
decision_type=2 2 2 2 2
left_child=3 2 -2 -1 -5
right_child=1 -3 -4 4 -6
leaf_value=-0.00030157342673051509 -0.00097826086956521747 0.0012448442748413896 0.00033447028793068484 -0.00085756306938579614 -0.0017857175377699044
leaf_weight=228 271 207 769 537 177
leaf_count=228 271 207 769 537 177
internal_value=-0.000276791 0.000201907 -1.06411e-05 -0.000908201 -0.00109847
internal_weight=2189 1247 1040 942 714
internal_count=2189 1247 1040 942 714
is_linear=0
shrinkage=0.02


Tree=241
num_leaves=6
num_cat=0
split_feature=0 1 12 1 12
split_gain=1.61682 0.700958 0.398704 0.264771 0.524574
threshold=0.46000000000000002 -0.65375069840741251 -0.90468766747321816 0.023841392560418881 0.22023637241864494
decision_type=2 2 2 2 2
left_child=3 -2 -3 4 -1
right_child=1 2 -4 -5 -6
leaf_value=-0.00025763391103181575 0.0013873057603313213 0.00094870371276873256 -0.00014642314892486096 -0.0016019114759865771 -0.0013084363269080174
leaf_weight=427 166 150 931 173 342
leaf_count=427 166 150 931 173 342
internal_value=-0.00027495 0.000197465 9.20535e-06 -0.000898063 -0.000730394
internal_weight=2189 1247 1081 942 769
internal_count=2189 1247 1081 942 769
is_linear=0
shrinkage=0.02


Tree=242
num_leaves=7
num_cat=0
split_feature=0 3 13 13 0 6
split_gain=1.57976 0.691746 1.50277 1.37748 0.266628 0.278365
threshold=0.46000000000000002 0.65094455490411829 0.13409431945150677 0.076703014414507512 0.26000000000000006 7.0169369801544637
decision_type=2 2 8 10 2 2
left_child=4 2 -2 -3 -1 -6
right_child=1 3 -4 -5 5 -7
leaf_value=-0.00028345118392690571 0.0013064956901662423 -0.00084144994333205838 -0.00077592075348194018 0.0012995837373727579 -0.00083562173416693714 -0.0017626757019168729
leaf_weight=228 437 454 198 158 537 177
leaf_count=228 437 454 198 158 537 177
internal_value=-0.000270826 0.000196139 0.000656186 -0.000282647 -0.000886756 -0.0010761
internal_weight=2189 1247 635 612 942 714
internal_count=2189 1247 635 612 942 714
is_linear=0
shrinkage=0.02


Tree=243
num_leaves=6
num_cat=0
split_feature=0 1 9 0 6
split_gain=1.54576 0.689947 0.401638 0.262082 0.274987
threshold=0.46000000000000002 -0.65375069840741251 0.68957964053149101 0.26000000000000006 7.0169369801544637
decision_type=2 2 2 2 2
left_child=3 -2 -3 -1 -5
right_child=1 2 -4 4 -6
leaf_value=-0.00027873105741237878 0.0013748346508769263 -0.00024512388454334084 0.00059030786055055528 -0.00082559255216394401 -0.0017467922529021463
leaf_weight=228 166 756 325 537 177
leaf_count=228 166 756 325 537 177
internal_value=-0.000267535 0.000194376 7.60803e-06 -0.000876802 -0.00106452
internal_weight=2189 1247 1081 942 714
internal_count=2189 1247 1081 942 714
is_linear=0
shrinkage=0.02


Tree=244
num_leaves=6
num_cat=0
split_feature=0 8 0 1 12
split_gain=1.51379 0.684915 0.863277 0.259409 0.510204
threshold=0.46000000000000002 0.70760871252844459 0.53000000000000014 0.023841392560418881 0.22023637241864494
decision_type=2 2 2 2 2
left_child=3 2 -2 4 -1
right_child=1 -3 -4 -5 -6
leaf_value=-0.00023525717754468875 -0.00097826086956521747 0.0012292013360398278 0.00032453336468079549 -0.0015631018888749434 -0.0012712284947828704
leaf_weight=427 271 207 769 173 342
leaf_count=427 271 207 769 173 342
internal_value=-0.000263993 0.000193115 -1.80011e-05 -0.000866927 -0.000701224
internal_weight=2189 1247 1040 942 769
internal_count=2189 1247 1040 942 769
is_linear=0
shrinkage=0.02


Tree=245
num_leaves=6
num_cat=0
split_feature=0 8 0 0 6
split_gain=1.47038 0.67628 0.857916 0.259357 0.274472
threshold=0.46000000000000002 0.70760871252844459 0.53000000000000014 0.26000000000000006 7.0169369801544637
decision_type=2 2 2 2 2
left_child=3 2 -2 -1 -5
right_child=1 -3 -4 4 -6
leaf_value=-0.00026148485635355304 -0.00097826086956521747 0.0012183008769215172 0.00032048298409978742 -0.00080432871830859304 -0.0017237942461129075
leaf_weight=228 271 207 769 537 177
leaf_count=228 271 207 769 537 177
internal_value=-0.000261745 0.000188765 -2.10011e-05 -0.000855969 -0.00104267
internal_weight=2189 1247 1040 942 714
internal_count=2189 1247 1040 942 714
is_linear=0
shrinkage=0.02


Tree=246
num_leaves=6
num_cat=0
split_feature=0 1 6 0 6
split_gain=1.43133 0.684722 0.396701 0.254803 0.270903
threshold=0.46000000000000002 -0.65375069840741251 6.3102813845302252 0.26000000000000006 7.0169369801544637
decision_type=2 2 2 2 2
left_child=3 -2 -3 -1 -5
right_child=1 2 -4 4 -6
leaf_value=-0.00025713051745244363 0.001360442009672784 0.00060515176049738063 -0.00024127894625811458 -0.00079465303721243169 -0.0017079350974533584
leaf_weight=228 166 304 777 537 177
leaf_count=228 166 304 777 537 177
internal_value=-0.000260032 0.000184463 -1.55455e-06 -0.000846312 -0.00103136
internal_weight=2189 1247 1081 942 714
internal_count=2189 1247 1081 942 714
is_linear=0
shrinkage=0.02


Tree=247
num_leaves=7
num_cat=0
split_feature=5 3 3 4 7 4
split_gain=0.641791 0.937951 0.777801 0.617758 0.597183 0.407899
threshold=-0.040000000000000001 -0.57735026918963528 1.4211458514382584 0.039607448794387184 -0.18586166265259088 0.020615528128088315
decision_type=2 2 2 2 2 2
left_child=3 4 -3 5 -2 -1
right_child=1 2 -4 -5 -6 -7
leaf_value=-0.00049534434653017152 7.318914856716811e-05 -0.00056091348963347148 0.00076415681329866246 4.6545338804182947e-05 0.0017851449152544499 -0.0016213064868852759
leaf_weight=246 161 834 220 287 161 280
leaf_count=246 161 834 220 287 161 280
internal_value=-0.000256609 7.10523e-06 -0.000282031 -0.00070026 0.000943374 -0.00110434
internal_weight=2189 1376 1054 813 322 526
internal_count=2189 1376 1054 813 322 526
is_linear=0
shrinkage=0.02


Tree=248
num_leaves=6
num_cat=0
split_feature=0 1 9 1 12
split_gain=1.3812 0.675226 0.392363 0.2571 0.496492
threshold=0.46000000000000002 -0.65375069840741251 0.68957964053149101 0.023841392560418881 0.22023637241864494
decision_type=2 2 2 2 2
left_child=3 -2 -3 4 -1
right_child=1 2 -4 -5 -6
leaf_value=-0.00020527286420541781 0.0013512301397079613 -0.00025104651061613628 0.00057468220034162651 -0.00152143577092819 -0.0012267627409237949
leaf_weight=427 166 756 325 173 342
leaf_count=427 166 756 325 173 342
internal_value=-0.0002532 0.000183434 -1.2903e-06 -0.000829124 -0.000664554
internal_weight=2189 1247 1081 942 769
internal_count=2189 1247 1081 942 769
is_linear=0
shrinkage=0.02


Tree=249
num_leaves=7
num_cat=0
split_feature=0 3 13 13 0 11
split_gain=1.34954 0.66968 1.46772 1.36617 0.254754 0.270313
threshold=0.46000000000000002 0.65094455490411829 0.13409431945150677 -0.0019280105981377745 0.26000000000000006 0.16289174797225395
decision_type=2 2 8 10 2 2
left_child=4 2 -2 -3 -1 -6
right_child=1 3 -4 -5 5 -7
leaf_value=-0.00023026560980810628 0.0012776849386640465 -0.0010022049837090483 -0.00078015077767407365 0.0009419361076939965 -0.0013696320409407503 -0.00057772435750429933
leaf_weight=228 437 388 198 224 378 336
leaf_count=228 437 388 198 224 378 336
internal_value=-0.000249326 0.000182271 0.000634947 -0.000288757 -0.000818611 -0.00100358
internal_weight=2189 1247 635 612 942 714
internal_count=2189 1247 635 612 942 714
is_linear=0
shrinkage=0.02


Tree=250
num_leaves=6
num_cat=0
split_feature=0 8 0 1 12
split_gain=1.31911 0.667266 0.845641 0.25177 0.482288
threshold=0.46000000000000002 0.70760871252844459 0.53000000000000014 0.023841392560418881 0.22023637241864494
decision_type=2 2 2 2 2
left_child=3 2 -2 4 -1
right_child=1 -3 -4 -5 -6
leaf_value=-0.00019383754581212998 -0.00097826086956521747 0.0012030803839750764 0.00031116159018538218 -0.0014939598588461288 -0.0012004657039252414
leaf_weight=427 271 207 769 173 342
leaf_count=427 271 207 769 173 342
internal_value=-0.000246277 0.000180425 -2.79052e-05 -0.000809107 -0.000646382
internal_weight=2189 1247 1040 942 769
internal_count=2189 1247 1040 942 769
is_linear=0
shrinkage=0.02


Tree=251
num_leaves=6
num_cat=0
split_feature=0 1 12 0 6
split_gain=1.28072 0.665979 0.389055 0.251403 0.272227
threshold=0.46000000000000002 -0.65375069840741251 -0.90468766747321816 0.26000000000000006 7.0169369801544637
decision_type=2 2 2 2 2
left_child=3 -2 -3 -1 -5
right_child=1 2 -4 4 -6
leaf_value=-0.00021475717849038189 0.0013359812710281701 0.00092091551867704241 -0.00016087880686699595 -0.00074613136448983331 -0.0016595799222097294
leaf_weight=228 166 150 931 537 177
leaf_count=228 166 150 931 537 177
internal_value=-0.000244245 0.000176208 -7.21976e-06 -0.000798823 -0.000982541
internal_weight=2189 1247 1081 942 714
internal_count=2189 1247 1081 942 714
is_linear=0
shrinkage=0.02


Tree=252
num_leaves=7
num_cat=0
split_feature=0 8 0 8 8 2
split_gain=1.25411 0.658931 0.838486 0.247658 1.03646 0.526171
threshold=0.46000000000000002 0.70760871252844459 0.53000000000000014 0.62420717845410556 0.58084891601119126 0.058807553198936303
decision_type=2 2 2 2 2 2
left_child=3 2 -2 4 -1 -5
right_child=1 -3 -4 5 -6 -7
leaf_value=-0.0010574201171532 -0.00097826086956521747 0.0011913034558089731 0.00030569708892276624 -0.00058618852314148246 0.00086633854879523227 -0.0020703197977965391
leaf_weight=378 271 207 769 257 154 153
leaf_count=378 271 207 769 257 154 153
internal_value=-0.000241007 0.000175053 -3.19526e-05 -0.000789795 -0.000497661 -0.00115829
internal_weight=2189 1247 1040 942 532 410
internal_count=2189 1247 1040 942 532 410
is_linear=0
shrinkage=0.02


Tree=253
num_leaves=6
num_cat=0
split_feature=0 1 0 0 6
split_gain=1.21466 0.659439 0.388307 0.25072 0.270862
threshold=0.46000000000000002 -0.65375069840741251 0.73000000000000009 0.26000000000000006 7.0169369801544637
decision_type=2 2 2 2 2
left_child=3 -2 -3 -1 -5
right_child=1 2 -4 4 -6
leaf_value=-0.00019590547811959433 0.0013249609902588246 0.00017753486453188122 -0.0007644647216694388 -0.00072657421973578611 -0.0016370322776364757
leaf_weight=228 166 867 214 537 177
leaf_count=228 166 867 214 537 177
internal_value=-0.000238573 0.000170895 -1.1609e-05 -0.000778658 -0.000962091
internal_weight=2189 1247 1081 942 714
internal_count=2189 1247 1081 942 714
is_linear=0
shrinkage=0.02


Tree=254
num_leaves=7
num_cat=0
split_feature=0 3 13 13 1 12
split_gain=1.19248 0.651478 1.44255 1.33799 0.248827 0.46965
threshold=0.46000000000000002 0.65094455490411829 0.13409431945150677 0.076703014414507512 0.023841392560418881 0.22023637241864494
decision_type=2 2 8 10 2 2
left_child=4 2 -2 -3 5 -1
right_child=1 3 -4 -5 -6 -7
leaf_value=-0.00016227641962123692 0.0012547650491414231 -0.0008441632767212994 -0.00078521995855669678 0.001266040705727196 -0.0014499509861964858 -0.0011551519331954399
leaf_weight=427 437 454 198 158 173 342
leaf_count=427 437 454 198 158 173 342
internal_value=-0.0002347 0.000171007 0.00061751 -0.000293527 -0.000769834 -0.000608451
internal_weight=2189 1247 635 612 942 769
internal_count=2189 1247 635 612 942 769
is_linear=0
shrinkage=0.02


Tree=255
num_leaves=7
num_cat=0
split_feature=6 4 5 12 6 9
split_gain=0.541736 0.660687 0.592974 0.917357 0.731701 0.298747
threshold=6.2978454895644704 0.016996731711975934 -0.042500000000000003 -0.54076038619914868 6.8610619149350596 0.48281890872402294
decision_type=2 2 2 2 2 2
left_child=1 -1 4 -4 -2 -3
right_child=2 5 3 -5 -6 -7
leaf_value=0.0012571450884585607 -0.0016503981663110226 0.00026193969016324501 -0.00096539359944101055 0.00031305303378274281 -0.00026693253197214185 -0.00085849478470686916
leaf_weight=186 280 240 333 664 335 151
leaf_count=186 280 240 333 664 335 151
internal_value=-0.00023137 0.000292723 -0.000419289 -0.000116637 -0.000905033 -0.000176136
internal_weight=2189 577 1612 997 615 391
internal_count=2189 577 1612 997 615 391
is_linear=0
shrinkage=0.02


Tree=256
num_leaves=6
num_cat=0
split_feature=0 8 0 0 11
split_gain=1.14682 0.652088 0.8305 0.248739 0.266356
threshold=0.46000000000000002 0.70760871252844459 0.53000000000000014 0.26000000000000006 0.16289174797225395
decision_type=2 2 2 2 2
left_child=3 2 -2 -1 -5
right_child=1 -3 -4 4 -6
leaf_value=-0.00017338144063326039 -0.00097826086956521747 0.0011803782370022745 0.00029957108921476686 -0.0012987198246832616 -0.00051467183922742472
leaf_weight=228 271 207 769 378 336
leaf_count=228 271 207 769 378 336
internal_value=-0.000228442 0.000169416 -3.64899e-05 -0.000753232 -0.000935901
internal_weight=2189 1247 1040 942 714
internal_count=2189 1247 1040 942 714
is_linear=0
shrinkage=0.02


Tree=257
num_leaves=6
num_cat=0
split_feature=0 1 9 1 12
split_gain=1.11505 0.650304 0.392651 0.247184 0.455792
threshold=0.46000000000000002 -0.65375069840741251 0.68957964053149101 0.023841392560418881 0.22023637241864494
decision_type=2 2 2 2 2
left_child=3 -2 -3 4 -1
right_child=1 2 -4 -5 -6
leaf_value=-0.00014453542556751658 0.0013113633068332895 -0.00026568025206504805 0.00056035398719849936 -0.0014218809422147408 -0.0011224101726046256
leaf_weight=427 166 756 325 173 342
leaf_count=427 166 756 325 173 342
internal_value=-0.000226998 0.000165317 -1.58986e-05 -0.000744467 -0.00058387
internal_weight=2189 1247 1081 942 769
internal_count=2189 1247 1081 942 769
is_linear=0
shrinkage=0.02


Tree=258
num_leaves=7
num_cat=0
split_feature=0 8 0 13 12 7
split_gain=1.08938 0.64336 0.885996 0.247263 0.55886 0.315619
threshold=0.46000000000000002 0.70620924014597641 0.53000000000000014 0.098146693399670984 -0.66749245881647024 -0.78813045141706783
decision_type=2 2 2 10 2 2
left_child=3 2 -2 4 -1 -5
right_child=1 -3 -4 5 -6 -7
leaf_value=6.3143164062729251e-05 -0.0010181818181818183 0.0011489625995403348 0.00030477905720999843 -0.00098070221681949461 -0.0013441494553944105 0.00020977261525384396
leaf_weight=151 270 214 763 153 437 201
leaf_count=151 270 214 763 153 437 201
internal_value=-0.000223477 0.000164292 -4.42483e-05 -0.000734954 -0.000985268 -0.000311247
internal_weight=2189 1247 1033 942 588 354
internal_count=2189 1247 1033 942 588 354
is_linear=0
shrinkage=0.02


Tree=259
num_leaves=6
num_cat=0
split_feature=0 1 12 0 6
split_gain=1.05677 0.643911 0.385372 0.245038 0.275165
threshold=0.46000000000000002 -0.65375069840741251 -0.90468766747321816 0.26000000000000006 7.0169369801544637
decision_type=2 2 2 2 2
left_child=3 -2 -3 -1 -5
right_child=1 2 -4 4 -6
leaf_value=-0.00015059934962488903 0.0013005467957397652 0.00090363949543285753 -0.00017302835264524773 -0.00067046145341493116 -0.001585776665053525
leaf_weight=228 166 150 931 537 177
leaf_count=228 166 150 931 537 177
internal_value=-0.000221781 0.000160146 -2.01569e-05 -0.000725545 -0.000906817
internal_weight=2189 1247 1081 942 714
internal_count=2189 1247 1081 942 714
is_linear=0
shrinkage=0.02


Tree=260
num_leaves=6
num_cat=0
split_feature=0 1 1 1 12
split_gain=1.03494 0.636148 0.385027 0.243139 0.439601
threshold=0.46000000000000002 -0.65375069840741251 1.6828604122544897 0.023841392560418881 0.22023637241864494
decision_type=2 2 2 2 2
left_child=3 -2 -3 4 -1
right_child=1 2 -4 -5 -6
leaf_value=-0.00012704901811149384 0.0012926370354249465 -0.00019526730827107842 0.00078539524217828734 -0.001388805066183042 -0.0010871691487243759
leaf_weight=427 166 891 190 173 342
leaf_count=427 166 891 190 173 342
internal_value=-0.000218827 0.000159132 -2.00805e-05 -0.00071736 -0.000558311
internal_weight=2189 1247 1081 942 769
internal_count=2189 1247 1081 942 769
is_linear=0
shrinkage=0.02


Tree=261
num_leaves=7
num_cat=0
split_feature=0 3 13 13 13 12
split_gain=1.0106 0.636008 1.41371 1.31758 0.242798 0.540309
threshold=0.46000000000000002 0.65094455490411829 0.13409431945150677 -0.0019280105981377745 0.098146693399670984 -0.66749245881647024
decision_type=2 2 8 10 10 2
left_child=4 2 -2 -3 5 -1
right_child=1 3 -4 -5 -6 -7
leaf_value=7.4322082054538603e-05 0.0012300393366669958 -0.0010015280771960265 -0.00078931826630175995 0.00090781499774044772 -0.00028873060279315687 -0.0013090395841460962
leaf_weight=151 437 388 198 224 354 437
leaf_count=151 437 388 198 224 354 437
internal_value=-0.000215552 0.000157935 0.000599134 -0.00030099 -0.00070819 -0.000956157
internal_weight=2189 1247 635 612 942 588
internal_count=2189 1247 635 612 942 588
is_linear=0
shrinkage=0.02


Tree=262
num_leaves=6
num_cat=0
split_feature=0 8 0 0 6
split_gain=0.985732 0.635163 0.812332 0.242603 0.274935
threshold=0.46000000000000002 0.70760871252844459 0.53000000000000014 0.26000000000000006 7.0169369801544637
decision_type=2 2 2 2 2
left_child=3 2 -2 -1 -5
right_child=1 -3 -4 4 -6
leaf_value=-0.00012762456598727615 -0.00097826086956521747 0.0011540379867403558 0.00028552564855806951 -0.00064363828774307923 -0.0015576111156861861
leaf_weight=228 271 207 769 537 177
leaf_count=228 271 207 769 537 177
internal_value=-0.000212589 0.000156272 -4.6893e-05 -0.000699127 -0.000879468
internal_weight=2189 1247 1040 942 714
internal_count=2189 1247 1040 942 714
is_linear=0
shrinkage=0.02


Tree=263
num_leaves=7
num_cat=0
split_feature=0 1 9 8 8 2
split_gain=0.958498 0.627553 0.388129 0.240663 1.00068 0.50017
threshold=0.46000000000000002 -0.65375069840741251 0.68957964053149101 0.62420717845410556 0.58084891601119126 0.058807553198936303
decision_type=2 2 2 2 2 2
left_child=3 -2 -3 4 -1 -5
right_child=1 2 -4 5 -6 -7
leaf_value=-0.00095510788378609689 0.0012781473329802704 -0.00027394516081775635 0.00054732444684134059 -0.0004978999140039655 0.0009342670867090705 -0.0019420351990413131
leaf_weight=378 166 756 325 257 154 153
leaf_count=378 166 756 325 257 154 153
internal_value=-0.000211413 0.000152323 -2.56494e-05 -0.000691182 -0.000404577 -0.00105371
internal_weight=2189 1247 1081 942 532 410
internal_count=2189 1247 1081 942 532 410
is_linear=0
shrinkage=0.02


Tree=264
num_leaves=6
num_cat=0
split_feature=0 8 0 1 12
split_gain=0.933816 0.626524 0.806331 0.241311 0.424244
threshold=0.46000000000000002 0.70760871252844459 0.53000000000000014 0.023841392560418881 0.22023637241864494
decision_type=2 2 2 2 2
left_child=3 2 -2 4 -1
right_child=1 -3 -4 -5 -6
leaf_value=-9.9738339324378301e-05 -0.00097826086956521747 0.0011423673278834442 0.00028085209521012575 -0.0013494654518834662 -0.0010425658951720132
leaf_weight=427 271 207 769 173 342
leaf_count=427 271 207 769 173 342
internal_value=-0.000207612 0.000151407 -5.03545e-05 -0.000681164 -0.000523071
internal_weight=2189 1247 1040 942 769
internal_count=2189 1247 1040 942 769
is_linear=0
shrinkage=0.02


Tree=265
num_leaves=7
num_cat=0
split_feature=0 3 12 7 0 6
split_gain=0.905586 0.62271 1.27531 1.02316 0.241926 0.274631
threshold=0.46000000000000002 0.65094455490411829 0.65647056117556235 -0.27294014804564465 0.26000000000000006 7.0169369801544637
decision_type=2 2 2 2 2 2
left_child=4 2 -2 -3 -1 -6
right_child=1 3 -4 -5 5 -7
leaf_value=-0.00010231434143759918 4.0269624760031107e-05 0.00082461872565305256 0.0020509500478561211 -0.00088769982986879059 -0.00061715781303789343 -0.0015297082033786144
leaf_weight=228 467 207 168 405 537 177
leaf_count=228 467 207 168 405 537 177
internal_value=-0.000206045 0.000147511 0.000584096 -0.000306544 -0.000672382 -0.000852443
internal_weight=2189 1247 635 612 942 714
internal_count=2189 1247 635 612 942 714
is_linear=0
shrinkage=0.02


Tree=266
num_leaves=7
num_cat=0
split_feature=0 8 0 13 12 7
split_gain=0.885669 0.618706 0.799411 0.238928 0.520505 0.301311
threshold=0.46000000000000002 0.70760871252844459 0.53000000000000014 0.098146693399670984 -0.66749245881647024 -0.78813045141706783
decision_type=2 2 2 10 2 2
left_child=3 2 -2 4 -1 -5
right_child=1 -3 -4 5 -6 -7
leaf_value=0.00010001651656169157 -0.00097826086956521747 0.001130880277822418 0.00027544193769966371 -0.00090379621385584905 -0.0012569387594229494 0.00025866263653422951
leaf_weight=151 271 207 769 153 437 201
leaf_count=151 271 207 769 153 437 201
internal_value=-0.000203528 0.000146117 -5.43617e-05 -0.000664709 -0.000910564 -0.000249346
internal_weight=2189 1247 1040 942 588 354
internal_count=2189 1247 1040 942 588 354
is_linear=0
shrinkage=0.02


Tree=267
num_leaves=6
num_cat=0
split_feature=0 1 0 1 12
split_gain=0.858492 0.619602 0.386986 0.236993 0.409232
threshold=0.46000000000000002 -0.65375069840741251 0.73000000000000009 0.023841392560418881 0.22023637241864494
decision_type=2 2 2 2 2
left_child=3 -2 -3 4 -1
right_child=1 2 -4 -5 -6
leaf_value=-8.3944903238228089e-05 0.001260956679552532 0.00015441050727364668 -0.00078600104481458112 -0.0013179748074224826 -0.0010097403297071972
leaf_weight=427 166 867 214 173 342
leaf_count=427 166 867 214 173 342
internal_value=-0.000201964 0.000142281 -3.45196e-05 -0.000656012 -0.00049954
internal_weight=2189 1247 1081 942 769
internal_count=2189 1247 1081 942 769
is_linear=0
shrinkage=0.02


Tree=268
num_leaves=6
num_cat=0
split_feature=0 1 9 0 6
split_gain=0.841081 0.610748 0.385134 0.237407 0.272303
threshold=0.46000000000000002 -0.65375069840741251 0.68957964053149101 0.26000000000000006 7.0169369801544637
decision_type=2 2 2 2 2
left_child=3 -2 -3 -1 -5
right_child=1 2 -4 4 -6
leaf_value=-8.3246590242853043e-05 0.0012532876991280164 -0.00028020745105815029 0.00053789245062084358 -0.00059193897868654389 -0.0014998422055454044
leaf_weight=228 166 756 325 537 177
leaf_count=228 166 756 325 537 177
internal_value=-0.000198095 0.000142635 -3.29036e-05 -0.000647517 -0.000825872
internal_weight=2189 1247 1081 942 714
internal_count=2189 1247 1081 942 714
is_linear=0
shrinkage=0.02


Tree=269
num_leaves=7
num_cat=0
split_feature=0 8 0 8 8 2
split_gain=0.823634 0.609519 0.855734 0.234317 0.971972 0.48238
threshold=0.46000000000000002 0.70620924014597641 0.53000000000000014 0.62420717845410556 0.58084891601119126 0.058807553198936303
decision_type=2 2 2 2 2 2
left_child=3 2 -2 4 -1 -5
right_child=1 -3 -4 5 -6 -7
leaf_value=-0.00090077749052262497 -0.0010181818181818183 0.0011002437027328603 0.00028200690917401516 -0.00045264127550518696 0.00096093572207591826 -0.0018695219396871422
leaf_weight=378 270 214 763 257 154 153
leaf_count=378 270 214 763 257 154 153
internal_value=-0.000195374 0.000141801 -6.1097e-05 -0.000640111 -0.000357931 -0.000997534
internal_weight=2189 1247 1033 942 532 410
internal_count=2189 1247 1033 942 532 410
is_linear=0
shrinkage=0.02


Tree=270
num_leaves=7
num_cat=0
split_feature=0 3 13 13 0 6
split_gain=0.795927 0.606816 1.378 1.28735 0.235446 0.26934
threshold=0.46000000000000002 0.65094455490411829 0.13409431945150677 0.076703014414507512 0.26000000000000006 7.0169369801544637
decision_type=2 2 8 10 2 2
left_child=4 2 -2 -3 -1 -6
right_child=1 3 -4 -5 5 -7
leaf_value=-6.9143086104242075e-05 0.0011918931476215041 -0.00085024676949175355 -0.00080156264689021514 0.0012197752533469098 -0.00057589190417550143 -0.0014784139951506815
leaf_weight=228 437 454 198 158 537 177
leaf_count=228 437 454 198 158 537 177
internal_value=-0.000193553 0.000137907 0.000568906 -0.000310275 -0.000630745 -0.000808352
internal_weight=2189 1247 635 612 942 714
internal_count=2189 1247 635 612 942 714
is_linear=0
shrinkage=0.02


Tree=271
num_leaves=7
num_cat=0
split_feature=0 1 0 13 12 0
split_gain=0.778349 0.602923 0.415354 0.234635 0.501025 0.29211
threshold=0.46000000000000002 -0.7222351369243537 0.73000000000000009 0.098146693399670984 -0.66749245881647024 0.30000000000000004
decision_type=2 2 2 10 2 2
left_child=3 -2 -3 4 -1 -5
right_child=1 2 -4 5 -6 -7
leaf_value=0.00012366476564262157 0.0012832031644647941 0.00016280435042586726 -0.00080857879534993447 0.00044887987659462996 -0.0012069073423945525 -0.00069802910945061857
leaf_weight=151 155 877 215 150 437 204
leaf_count=151 155 877 215 150 437 204
internal_value=-0.000191183 0.000136596 -3.12615e-05 -0.00062352 -0.000867051 -0.000212567
internal_weight=2189 1247 1092 942 588 354
internal_count=2189 1247 1092 942 588 354
is_linear=0
shrinkage=0.02


Tree=272
num_leaves=6
num_cat=0
split_feature=0 8 0 1 12
split_gain=0.763508 0.601662 0.788673 0.232636 0.395239
threshold=0.46000000000000002 0.70760871252844459 0.53000000000000014 0.023841392560418881 0.22023637241864494
decision_type=2 2 2 2 2
left_child=3 2 -2 4 -1
right_child=1 -3 -4 -5 -6
leaf_value=-5.3043926600366829e-05 -0.00097826086956521747 0.0011081652198797354 0.0002670013314102192 -0.001271060613936253 -0.00096247132067093556
leaf_weight=427 271 207 769 173 342
leaf_count=427 271 207 769 173 342
internal_value=-0.00018758 0.000137053 -6.06134e-05 -0.000615778 -0.000461101
internal_weight=2189 1247 1040 942 769
internal_count=2189 1247 1040 942 769
is_linear=0
shrinkage=0.02


Tree=273
num_leaves=6
num_cat=0
split_feature=6 4 4 4 9
split_gain=0.519738 0.640142 0.512065 0.76014 0.279113
threshold=6.2978454895644704 0.016996731711975934 0.012990381056766588 0.019202864369671505 0.48281890872402294
decision_type=2 2 2 2 2
left_child=1 -1 -2 -4 -3
right_child=2 4 3 -5 -6
leaf_value=0.0012760934409202706 -0.0011418373587088687 0.00028784640178996688 0.00089184859767556192 -0.00041112486666801959 -0.00079488898890140726
leaf_weight=186 279 240 208 1125 151
leaf_count=186 279 240 208 1125 151
internal_value=-0.000186251 0.000326896 -0.000370371 -0.000205237 -0.000135051
internal_weight=2189 577 1612 1333 391
internal_count=2189 577 1612 1333 391
is_linear=0
shrinkage=0.02


Tree=274
num_leaves=6
num_cat=0
split_feature=0 8 0 1 12
split_gain=0.736299 0.595265 0.786057 0.228752 0.383872
threshold=0.46000000000000002 0.70760871252844459 0.53000000000000014 0.023841392560418881 0.22023637241864494
decision_type=2 2 2 2 2
left_child=3 2 -2 4 -1
right_child=1 -3 -4 -5 -6
leaf_value=-4.9400951506363021e-05 -0.00097826086956521747 0.0011003990694968347 0.00026493613552530741 -0.0012545321802242418 -0.00094561756820678289
leaf_weight=427 271 207 769 173 342
leaf_count=427 271 207 769 173 342
internal_value=-0.000184335 0.000134461 -6.2143e-05 -0.000604833 -0.000451512
internal_weight=2189 1247 1040 942 769
internal_count=2189 1247 1040 942 769
is_linear=0
shrinkage=0.02


Tree=275
num_leaves=7
num_cat=0
split_feature=0 1 0 13 12 7
split_gain=0.713308 0.59574 0.406294 0.228428 0.479336 0.287589
threshold=0.46000000000000002 -0.7222351369243537 0.73000000000000009 0.098146693399670984 -0.66749245881647024 -0.78813045141706783
decision_type=2 2 2 10 2 2
left_child=3 -2 -3 4 -1 -5
right_child=1 2 -4 5 -6 -7
leaf_value=0.00013156138050059477 0.0012705079606794242 0.00015587702004952767 -0.00080485845330986196 -0.00083154741238472584 -0.001169588203074166 0.00030358546377313371
leaf_weight=151 155 877 215 153 437 201
leaf_count=151 155 877 215 153 437 201
internal_value=-0.000183038 0.000130748 -3.60851e-05 -0.000596917 -0.000837158 -0.000191771
internal_weight=2189 1247 1092 942 588 354
internal_count=2189 1247 1092 942 588 354
is_linear=0
shrinkage=0.02


Tree=276
num_leaves=7
num_cat=0
split_feature=0 3 13 13 8 8
split_gain=0.698721 0.58786 1.35528 1.25716 0.227854 0.943321
threshold=0.46000000000000002 0.65094455490411829 0.13409431945150677 0.076703014414507512 0.62420717845410556 0.58084891601119126
decision_type=2 2 8 10 2 2
left_child=4 2 -2 -3 5 -1
right_child=1 3 -4 -5 -6 -7
leaf_value=-0.00084634947811810222 0.0011733383378351098 -0.00084344199198158152 -0.0008035286372811923 0.0012021803881035991 -0.00094112989874220042 0.00098738978353311423
leaf_weight=378 437 454 198 158 410 154
leaf_count=378 437 454 198 158 410 154
internal_value=-0.000179312 0.000131242 0.000555468 -0.000309861 -0.00058894 -0.000311279
internal_weight=2189 1247 635 612 942 532
internal_count=2189 1247 635 612 942 532
is_linear=0
shrinkage=0.02


Tree=277
num_leaves=6
num_cat=0
split_feature=0 8 0 0 6
split_gain=0.680168 0.587447 0.780609 0.229202 0.269614
threshold=0.46000000000000002 0.70760871252844459 0.53000000000000014 0.26000000000000006 7.0169369801544637
decision_type=2 2 2 2 2
left_child=3 2 -2 -1 -5
right_child=1 -3 -4 4 -6
leaf_value=-2.744822926787348e-05 -0.00097826086956521747 0.0010895348162369733 0.00026062446308426933 -0.00052402461806786457 -0.0014253312087321019
leaf_weight=228 271 207 769 537 177
leaf_count=228 271 207 769 537 177
internal_value=-0.000176446 0.000129956 -6.53365e-05 -0.000580599 -0.000755816
internal_weight=2189 1247 1040 942 714
internal_count=2189 1247 1040 942 714
is_linear=0
shrinkage=0.02


Tree=278
num_leaves=6
num_cat=0
split_feature=0 1 8 1 12
split_gain=0.660425 0.586841 0.400664 0.22484 0.370304
threshold=0.46000000000000002 -0.7222351369243537 0.57551116111238565 0.023841392560418881 0.22023637241864494
decision_type=2 2 2 2 2
left_child=3 -2 -3 4 -1
right_child=1 2 -4 -5 -6
leaf_value=-2.745149139728811e-05 0.0012575068816950081 -0.00052134957539306441 0.00026248350057127311 -0.0012176064276293423 -0.00090741600580942908
leaf_weight=427 155 419 673 173 342
leaf_count=427 155 419 673 173 342
internal_value=-0.00017564 0.000126288 -3.92784e-05 -0.000573882 -0.000422135
internal_weight=2189 1247 1092 942 769
internal_count=2189 1247 1092 942 769
is_linear=0
shrinkage=0.02


Tree=279
num_leaves=6
num_cat=0
split_feature=0 1 0 0 11
split_gain=0.644839 0.57997 0.394291 0.22444 0.259333
threshold=0.46000000000000002 -0.7222351369243537 0.73000000000000009 0.26000000000000006 0.16289174797225395
decision_type=2 2 2 2 2
left_child=3 -2 -3 -1 -5
right_child=1 2 -4 4 -6
leaf_value=-1.9123049356970665e-05 0.0012501190360635519 0.00015007013332546433 -0.00079637220637893981 -0.0010964026498576681 -0.0003282176460688415
leaf_weight=228 155 877 215 378 336
leaf_count=228 155 877 215 378 336
internal_value=-0.000172799 0.000125542 -3.9052e-05 -0.000566315 -0.0007397
internal_weight=2189 1247 1092 942 714
internal_count=2189 1247 1092 942 714
is_linear=0
shrinkage=0.02


Tree=280
num_leaves=7
num_cat=0
split_feature=0 8 0 13 12 0
split_gain=0.633273 0.576536 0.777098 0.223271 0.461127 0.278544
threshold=0.46000000000000002 0.70760871252844459 0.53000000000000014 0.098146693399670984 -0.66749245881647024 0.30000000000000004
decision_type=2 2 2 10 2 2
left_child=3 2 -2 4 -1 -5
right_child=1 -3 -4 5 -6 -7
leaf_value=0.00015244831713155294 -0.00097826086956521747 0.0010766868135410818 0.00025783807315108023 0.00048543545609760667 -0.0011230918159076261 -0.000634087161584334
leaf_weight=151 271 207 769 150 437 204
leaf_count=151 271 207 769 150 437 204
internal_value=-0.000169591 0.000126058 -6.74003e-05 -0.000559563 -0.000797006 -0.000159559
internal_weight=2189 1247 1040 942 588 354
internal_count=2189 1247 1040 942 588 354
is_linear=0
shrinkage=0.02


Tree=281
num_leaves=7
num_cat=0
split_feature=6 4 12 8 7 9
split_gain=0.504616 0.623318 0.506728 0.918718 0.770783 0.266719
threshold=6.2978454895644704 0.016996731711975934 -0.41269759118738164 0.563744715242394 -0.68617777850501704 0.48281890872402294
decision_type=2 2 2 2 2 2
left_child=1 -1 4 -4 -2 -3
right_child=2 5 3 -5 -6 -7
leaf_value=0.0012735535017170832 -0.0020158238184584936 0.00029415291623801601 -0.00087612543247498416 0.00037244318773623603 -0.0003801949030798168 -0.00076419028560989173
leaf_weight=186 152 240 363 651 446 151
leaf_count=186 152 240 363 651 446 151
internal_value=-0.000168615 0.000336946 -0.000350058 -7.66354e-05 -0.000809208 -0.000119056
internal_weight=2189 577 1612 1014 598 391
internal_count=2189 577 1612 1014 598 391
is_linear=0
shrinkage=0.02


Tree=282
num_leaves=7
num_cat=0
split_feature=0 1 1 8 8 2
split_gain=0.610299 0.572074 0.385963 0.224671 0.907911 0.461051
threshold=0.46000000000000002 -0.65375069840741251 1.6828604122544897 0.62420717845410556 0.58084891601119126 0.058807553198936303
decision_type=2 2 2 2 2 2
left_child=3 -2 -3 4 -1 -5
right_child=1 2 -4 5 -6 -7
leaf_value=-0.00079949855454285526 0.0011984184263982096 -0.00022161771509023051 0.00076026303235154891 -0.00036827057287210725 0.00099927364514683782 -0.0017508881010963949
leaf_weight=378 166 891 190 257 154 153
leaf_count=378 166 891 190 257 154 153
internal_value=-0.000166745 0.000123492 -4.63335e-05 -0.000549578 -0.000274345 -0.000899102
internal_weight=2189 1247 1081 942 532 410
internal_count=2189 1247 1081 942 532 410
is_linear=0
shrinkage=0.02


Tree=283
num_leaves=7
num_cat=0
split_feature=0 3 13 13 0 6
split_gain=0.593696 0.572143 1.33074 1.23434 0.221727 0.251145
threshold=0.46000000000000002 0.65094455490411829 0.13409431945150677 -0.0019280105981377745 0.40750000000000008 6.2848987245293868
decision_type=2 2 8 10 2 2
left_child=4 2 -2 -3 5 -1
right_child=1 3 -4 -5 -6 -7
leaf_value=0.00032737471969661915 0.0011534344719836649 -0.00099044910628519204 -0.00080536418140228158 0.00085771589779892873 -0.0010899388737383143 -0.00056423823720392838
leaf_weight=159 437 388 198 224 221 562
leaf_count=159 437 388 198 224 221 562
internal_value=-0.000163656 0.000122603 0.000541139 -0.000312528 -0.000541246 -0.000366713
internal_weight=2189 1247 635 612 942 721
internal_count=2189 1247 635 612 942 721
is_linear=0
shrinkage=0.02


Tree=284
num_leaves=6
num_cat=0
split_feature=0 8 0 1 13
split_gain=0.579087 0.568449 0.771239 0.219819 0.364628
threshold=0.46000000000000002 0.70760871252844459 0.53000000000000014 0.023841392560418881 -0.10706280201821936
decision_type=2 2 2 2 8
left_child=3 2 -2 4 -1
right_child=1 -3 -4 -5 -6
leaf_value=0.00044192054127095015 -0.00097826086956521747 0.0010651685426616823 0.00025317439375215425 -0.0011704281533367177 -0.00061054339884307051
leaf_weight=164 271 207 769 173 605
leaf_count=164 271 207 769 173 605
internal_value=-0.000161491 0.000121224 -7.08546e-05 -0.000534407 -0.000384686
internal_weight=2189 1247 1040 942 769
internal_count=2189 1247 1040 942 769
is_linear=0
shrinkage=0.02


Tree=285
num_leaves=6
num_cat=0
split_feature=0 1 9 0 6
split_gain=0.559959 0.564893 0.396511 0.219741 0.264536
threshold=0.46000000000000002 -0.7222351369243537 0.68957964053149101 0.26000000000000006 7.0169369801544637
decision_type=2 2 2 2 2
left_child=3 -2 -3 -1 -5
right_child=1 2 -4 4 -6
leaf_value=1.3650843889608405e-05 0.0012275189220963512 -0.00029421526952604283 0.00053196915289367523 -0.00046974452714198633 -0.001361044900757926
leaf_weight=228 155 764 328 537 177
leaf_count=228 155 764 328 537 177
internal_value=-0.000160362 0.00011765 -4.47637e-05 -0.000527066 -0.000698625
internal_weight=2189 1247 1092 942 714
internal_count=2189 1247 1092 942 714
is_linear=0
shrinkage=0.02


Tree=286
num_leaves=7
num_cat=0
split_feature=0 3 3 13 13 12
split_gain=0.548359 0.561476 1.18133 0.729678 0.22106 0.448422
threshold=0.46000000000000002 -0.56319329553259945 -1.1832159566199201 0.084986242868075337 0.098146693399670984 -0.66749245881647024
decision_type=2 2 2 10 10 2
left_child=4 2 -2 -3 5 -1
right_child=1 3 -4 -5 -6 -7
leaf_value=0.00017831263729395011 -0.00047158624386535057 -0.00047381645590176161 0.0019188167816804101 0.00078949210360646253 -0.00012356229004525376 -0.0010787728628590366
leaf_weight=151 150 677 175 245 354 437
leaf_count=151 150 677 175 245 354 437
internal_value=-0.000158085 0.00011703 0.000825125 -0.000135674 -0.000520971 -0.000757168
internal_weight=2189 1247 325 922 942 588
internal_count=2189 1247 325 922 942 588
is_linear=0
shrinkage=0.02


Tree=287
num_leaves=7
num_cat=0
split_feature=0 8 0 8 8 2
split_gain=0.535359 0.560179 0.765432 0.21948 0.879491 0.445114
threshold=0.46000000000000002 0.70760871252844459 0.53000000000000014 0.62420717845410556 0.58084891601119126 0.058807553198936303
decision_type=2 2 2 2 2 2
left_child=3 2 -2 4 -1 -5
right_child=1 -3 -4 5 -6 -7
leaf_value=-0.00075944493765463727 -0.00097826086956521747 0.0010534272541286246 0.00024853559269254563 -0.00033834027325492782 0.0010107740595843057 -0.0016960775367090408
leaf_weight=378 271 207 769 257 154 153
leaf_count=378 271 207 769 257 154 153
internal_value=-0.000155463 0.000116368 -7.42904e-05 -0.000514023 -0.000242373 -0.000859338
internal_weight=2189 1247 1040 942 532 410
internal_count=2189 1247 1040 942 532 410
is_linear=0
shrinkage=0.02


Tree=288
num_leaves=7
num_cat=0
split_feature=6 4 12 4 7 9
split_gain=0.484469 0.608389 0.500086 0.891305 0.747252 0.257918
threshold=6.2978454895644704 0.016996731711975934 -0.41269759118738164 0.050187149749711821 -0.68617777850501704 0.48281890872402294
decision_type=2 2 2 2 2 2
left_child=1 -1 4 -4 -2 -3
right_child=2 5 3 -5 -6 -7
leaf_value=0.0012665324247593344 -0.0019760011108058274 0.00029684468693270976 -0.00035347055418906914 0.0011266072730767758 -0.00036571530525587051 -0.00074384751550566686
leaf_weight=186 152 240 816 198 446 151
leaf_count=186 152 240 816 198 446 151
internal_value=-0.00015409 0.000341228 -0.000331891 -6.03514e-05 -0.00078801 -0.000109377
internal_weight=2189 577 1612 1014 598 391
internal_count=2189 577 1612 1014 598 391
is_linear=0
shrinkage=0.02


Tree=289
num_leaves=6
num_cat=0
split_feature=0 1 9 5 9
split_gain=0.512504 0.557376 0.393304 0.218263 0.303956
threshold=0.46000000000000002 -0.7222351369243537 0.68957964053149101 -0.0074999999999999503 0.83277673940762009
decision_type=2 2 2 2 2
left_child=3 -2 -3 4 -1
right_child=1 2 -4 -5 -6
leaf_value=-0.00061508773890262306 0.0012159789089200787 -0.00029622709767054888 0.00052661295564895546 -0.0011433251193591527 0.00024406757127462317
leaf_weight=539 155 764 328 170 233
leaf_count=539 155 764 328 170 233
internal_value=-0.000152453 0.000113514 -4.77999e-05 -0.000503275 -0.000355881
internal_weight=2189 1247 1092 942 772
internal_count=2189 1247 1092 942 772
is_linear=0
shrinkage=0.02


Tree=290
num_leaves=7
num_cat=0
split_feature=0 8 0 7 9 0
split_gain=0.50063 0.553896 0.821733 0.219309 0.49051 0.195472
threshold=0.46000000000000002 0.70620924014597641 0.53000000000000014 -0.53672757228240564 0.83277673940762009 0.34750000000000003
decision_type=2 2 2 2 2 2
left_child=3 2 -2 5 -5 -1
right_child=1 -3 -4 4 -6 -7
leaf_value=0.00044727066777955002 -0.0010181818181818183 0.0010266320697312587 0.00025594214866335582 -0.0011759429651714522 -5.7978389603136251e-05 -0.00055404045120362308
leaf_weight=152 270 214 763 368 272 150
leaf_count=152 270 214 763 368 272 150
internal_value=-0.00014993 0.000112936 -8.03819e-05 -0.000496665 -0.000704941 -5.09928e-05
internal_weight=2189 1247 1033 942 640 302
internal_count=2189 1247 1033 942 640 302
is_linear=0
shrinkage=0.02


Tree=291
num_leaves=7
num_cat=0
split_feature=0 0 8 13 12 7
split_gain=0.48379 0.556526 1.04077 0.218924 0.437511 0.268889
threshold=0.46000000000000002 0.73000000000000009 0.70760871252844459 0.098146693399670984 -0.66749245881647024 -0.78813045141706783
decision_type=2 2 2 10 2 2
left_child=3 2 -2 4 -1 -5
right_child=1 -3 -4 5 -6 -7
leaf_value=0.00019844589325097894 1.2511949570856029e-05 -0.00080238838873938467 0.0016856604399314769 -0.00071443853198397387 -0.001042666264738028 0.00038253135780252304
leaf_weight=151 856 216 175 153 437 201
leaf_count=151 856 216 175 153 437 201
internal_value=-0.000149096 0.000109316 0.000303274 -0.000489948 -0.000724959 -9.49299e-05
internal_weight=2189 1247 1031 942 588 354
internal_count=2189 1247 1031 942 588 354
is_linear=0
shrinkage=0.02


Tree=292
num_leaves=7
num_cat=0
split_feature=6 1 0 12 8 7
split_gain=0.474392 0.598283 0.595972 0.49384 0.874847 0.726384
threshold=6.2978454895644704 1.1107802363348951 0.45000000000000007 -0.41269759118738164 0.563744715242394 -0.68617777850501704
decision_type=2 2 2 2 2 2
left_child=1 2 -1 5 -5 -2
right_child=3 -3 -4 4 -6 -7
leaf_value=-7.6692299779706406e-05 -0.0019465588189803871 -0.00071688104527676188 0.0014152930520378569 -0.00083249370307147855 0.00038587471680352238 -0.00035895141545774008
leaf_weight=198 152 152 227 363 651 446
leaf_count=198 152 152 227 363 651 446
internal_value=-0.000146076 0.000344036 0.000727394 -0.000322029 -5.22315e-05 -0.000775285
internal_weight=2189 577 425 1612 1014 598
internal_count=2189 577 425 1612 1014 598
is_linear=0
shrinkage=0.02


Tree=293
num_leaves=7
num_cat=0
split_feature=0 3 13 13 0 11
split_gain=0.468848 0.547505 1.30078 1.20732 0.2173 0.251804
threshold=0.46000000000000002 0.65094455490411829 0.13409431945150677 -0.0019280105981377745 0.26000000000000006 0.16289174797225395
decision_type=2 2 8 10 2 2
left_child=4 2 -2 -3 -1 -6
right_child=1 3 -4 -5 5 -7
leaf_value=5.7217980087474955e-05 0.0011252403762760442 -0.00098568179615170161 -0.00081123338819577768 0.00084218020010007528 -0.0010012968355308314 -0.00024632099961255653
leaf_weight=228 437 388 198 224 378 336
leaf_count=228 437 388 198 224 378 336
internal_value=-0.000144028 0.000110353 0.000519806 -0.000315257 -0.000479578 -0.000650198
internal_weight=2189 1247 635 612 942 714
internal_count=2189 1247 635 612 942 714
is_linear=0
shrinkage=0.02


Tree=294
num_leaves=7
num_cat=0
split_feature=6 1 0 12 4 7
split_gain=0.465402 0.654547 0.644032 0.516428 0.838285 0.727418
threshold=6.3102813845302252 1.1288404553473865 0.45000000000000007 -0.41269759118738164 0.050187149749711821 -0.68617777850501704
decision_type=2 2 2 2 2 2
left_child=1 2 -1 5 -5 -2
right_child=3 -3 -4 4 -6 -7
leaf_value=-0.0001028548818899364 -0.0019645684282145193 -0.00077423265868216558 0.0014328969287915958 -0.00032705437671279162 0.0011118496432992639 -0.00036717463886771844
leaf_weight=200 150 152 234 812 197 444
leaf_count=200 150 152 234 812 197 444
internal_value=-0.000142277 0.000338109 0.000732066 -0.000318395 -4.20215e-05 -0.000783589
internal_weight=2189 586 434 1603 1009 594
internal_count=2189 586 434 1603 1009 594
is_linear=0
shrinkage=0.02


Tree=295
num_leaves=6
num_cat=0
split_feature=6 4 4 4 9
split_gain=0.458085 0.58385 0.491556 0.735202 0.255271
threshold=6.2978454895644704 0.016996731711975934 0.012990381056766588 0.019202864369671505 0.48281890872402294
decision_type=2 2 2 2 2
left_child=1 -1 -2 -4 -3
right_child=2 4 3 -5 -6
leaf_value=0.0012476598635725482 -0.0010689790848918048 0.00030372429190545668 0.00092687538934285653 -0.00035435386062022798 -0.00073156757841412066
leaf_weight=186 279 240 208 1125 151
leaf_count=186 279 240 208 1125 151
internal_value=-0.00014038 0.000341222 -0.000313287 -0.000151716 -0.000100283
internal_weight=2189 577 1612 1333 391
internal_count=2189 577 1612 1333 391
is_linear=0
shrinkage=0.02


Tree=296
num_leaves=7
num_cat=0
split_feature=8 8 11 8 8 12
split_gain=0.450615 1.61733 1.03945 0.948361 0.774621 0.620806
threshold=0.57551116111238565 0.62970646628472782 0.41895690178062478 0.70902032728097553 0.49629164925098346 0.25495355649645252
decision_type=2 2 2 2 2 2
left_child=2 5 -1 -3 -4 -2
right_child=1 3 4 -5 -6 -7
leaf_value=4.4235796763918785e-05 0.0017744223524617856 -0.00085461387594840447 -0.00042917947136086122 0.00045896501553893346 -0.0024171699177954467 0.00020169401520423678
leaf_weight=527 239 592 164 344 150 173
leaf_count=527 239 592 164 344 150 173
internal_value=-0.000138935 8.78307e-05 -0.000500779 -0.000371972 -0.00140186 0.00112437
internal_weight=2189 1348 841 936 314 412
internal_count=2189 1348 841 936 314 412
is_linear=0
shrinkage=0.02


Tree=297
num_leaves=7
num_cat=0
split_feature=6 1 0 12 8 7
split_gain=0.451407 0.638974 0.630516 0.509496 0.824039 0.710361
threshold=6.3102813845302252 1.1288404553473865 0.45000000000000007 -0.41269759118738164 0.563744715242394 -0.68617777850501704
decision_type=2 2 2 2 2 2
left_child=1 2 -1 5 -5 -2
right_child=3 -3 -4 4 -6 -7
leaf_value=-0.00010126284882426262 -0.0019400208538338064 -0.00076342426483655813 0.0014183002568305973 -0.00079757203288019106 0.00038863359233834395 -0.00036149611219531445
leaf_weight=200 150 152 234 360 649 444
leaf_count=200 150 152 234 360 649 444
internal_value=-0.000137468 0.00033563 0.000724863 -0.000310922 -3.64373e-05 -0.00077298
internal_weight=2189 586 434 1603 1009 594
internal_count=2189 586 434 1603 1009 594
is_linear=0
shrinkage=0.02


Tree=298
num_leaves=6
num_cat=0
split_feature=6 13 4 4 12
split_gain=0.44417 0.570429 0.480353 0.720672 0.318232
threshold=6.2978454895644704 -0.1584305484496801 0.012990381056766588 0.019202864369671505 0.27602180919430425
decision_type=2 10 2 2 2
left_child=1 -1 -2 -4 -3
right_child=2 4 3 -5 -6
leaf_value=-0.00070182205768875216 -0.001052846093120998 0.0011804454909403797 0.00092173061062507497 -0.00034676226988368856 7.9437259624086354e-05
leaf_weight=151 279 242 208 1125 184
leaf_count=151 279 242 208 1125 184
internal_value=-0.000135561 0.000338659 -0.000305826 -0.000146123 0.000711331
internal_weight=2189 577 1612 1333 426
internal_count=2189 577 1612 1333 426
is_linear=0
shrinkage=0.02


Tree=299
num_leaves=7
num_cat=0
split_feature=0 3 3 13 7 9
split_gain=0.440623 0.535336 1.16416 0.706343 0.223648 0.478974
threshold=0.46000000000000002 -0.56319329553259945 -1.1832159566199201 0.084986242868075337 -0.53672757228240564 0.83277673940762009
decision_type=2 2 2 10 2 2
left_child=4 2 -2 -3 -1 -6
right_child=1 3 -4 -5 5 -7
leaf_value=-1.0072797687014366e-05 -0.0004829713979495629 -0.00046695907314135926 0.0018896921391909321 0.00077598733596503737 -0.001135141793938089 -3.0920123782291311e-05
leaf_weight=302 150 677 175 245 368 272
leaf_count=302 150 677 175 245 368 272
internal_value=-0.000134116 0.000112472 0.000803891 -0.000134271 -0.000459414 -0.000669725
internal_weight=2189 1247 325 922 942 640
internal_count=2189 1247 325 922 942 640
is_linear=0
shrinkage=0.02


Tree=300
num_leaves=7
num_cat=0
split_feature=6 1 0 12 8 7
split_gain=0.435363 0.55984 0.550277 0.468243 0.828037 0.681987
threshold=6.2978454895644704 1.1107802363348951 0.45000000000000007 -0.41269759118738164 0.563744715242394 -0.68617777850501704
decision_type=2 2 2 2 2 2
left_child=1 2 -1 5 -5 -2
right_child=3 -3 -4 4 -6 -7
leaf_value=-6.431416824019602e-05 -0.0018765024061368149 -0.00068859839177198097 0.0013695481376208621 -0.0007968248411223454 0.00038848985845461577 -0.00033837556281434724
leaf_weight=198 152 152 227 363 651 446
leaf_count=198 152 152 227 363 651 446
internal_value=-0.000131737 0.000337748 0.000708557 -0.000300309 -3.76665e-05 -0.000741655
internal_weight=2189 577 425 1612 1014 598
internal_count=2189 577 425 1612 1014 598
is_linear=0
shrinkage=0.02


Tree=301
num_leaves=7
num_cat=0
split_feature=0 1 1 7 9 0
split_gain=0.425493 0.536783 0.400971 0.22131 0.464828 0.1916
threshold=0.46000000000000002 -0.65375069840741251 1.6828604122544897 -0.53672757228240564 0.83277673940762009 0.34750000000000003
decision_type=2 2 2 2 2 2
left_child=3 -2 -3 5 -5 -1
right_child=1 2 -4 4 -6 -7
leaf_value=0.00048981961335951255 0.0011536883859083666 -0.00023067385095470986 0.00077012318148253825 -0.0011172410581091134 -2.9466979757005129e-05 -0.00050144360046232902
leaf_weight=152 166 891 190 368 272 150
leaf_count=152 166 891 190 368 272 150
internal_value=-0.000129874 0.000112437 -5.20348e-05 -0.000449541 -0.000658749 -2.67778e-06
internal_weight=2189 1247 1081 942 640 302
internal_count=2189 1247 1081 942 640 302
is_linear=0
shrinkage=0.02


Tree=302
num_leaves=6
num_cat=0
split_feature=6 1 0 4 4
split_gain=0.428953 0.620109 0.598419 0.481986 0.676178
threshold=6.3102813845302252 1.1288404553473865 0.45000000000000007 0.012990381056766588 0.019202864369671505
decision_type=2 2 2 2 2
left_child=1 2 -1 -2 -5
right_child=3 -3 -4 4 -6
leaf_value=-8.8179341812686225e-05 -0.001049437784652799 -0.00074929049950401498 0.0013924318034724025 0.00090281255304884014 -0.00033111758168694126
leaf_weight=200 276 152 234 206 1121
leaf_count=200 276 152 234 206 1121
internal_value=-0.000127694 0.000333462 0.000716889 -0.000296789 -0.000136896
internal_weight=2189 586 434 1603 1327
internal_count=2189 586 434 1603 1327
is_linear=0
shrinkage=0.02


Tree=303
num_leaves=7
num_cat=0
split_feature=8 8 11 8 5 8
split_gain=0.421456 1.57778 1.02826 0.928208 0.861559 0.759678
threshold=0.57551116111238565 0.62970646628472782 0.41895690178062478 0.70760871252844459 0.012499999999999957 0.49629164925098346
decision_type=2 2 2 2 2 2
left_child=2 4 -1 -3 -2 -4
right_child=1 3 5 -5 -6 -7
leaf_value=6.5922629144182779e-05 0.00026680429982566418 -0.00085596967355481212 -0.00040949955847136374 0.00043210873765590256 0.0020969372524860573 -0.0023775341318499656
leaf_weight=527 224 576 164 360 188 150
leaf_count=527 224 576 164 360 188 150
internal_value=-0.000126 9.32804e-05 -0.000475948 -0.000360891 0.00111704 -0.00137217
internal_weight=2189 1348 841 936 412 314
internal_count=2189 1348 841 936 412 314
is_linear=0
shrinkage=0.02


Tree=304
num_leaves=7
num_cat=0
split_feature=6 13 12 4 7 12
split_gain=0.423897 0.55926 0.459945 0.840229 0.668675 0.313606
threshold=6.2978454895644704 -0.1584305484496801 -0.41269759118738164 0.050187149749711821 -0.68617777850501704 0.27602180919430425
decision_type=2 10 2 2 2 2
left_child=1 -1 4 -4 -2 -3
right_child=2 5 3 -5 -6 -7
leaf_value=-0.00069201101756427824 -0.001852398585753551 0.0011729645961330005 -0.00031575959478419882 0.0011212586014178294 -0.00032947326194651905 7.9953487686536945e-05
leaf_weight=151 152 242 816 198 446 184
leaf_count=151 152 242 816 198 446 184
internal_value=-0.00012496 0.000338281 -0.000291306 -3.10335e-05 -0.000728721 0.00070727
internal_weight=2189 577 1612 1014 598 426
internal_count=2189 577 1612 1014 598 426
is_linear=0
shrinkage=0.02


Tree=305
num_leaves=7
num_cat=0
split_feature=6 1 12 12 8 7
split_gain=0.415592 0.609588 0.606012 0.481885 0.776183 0.672181
threshold=6.3102813845302252 1.1288404553473865 0.33819047981375155 -0.41269759118738164 0.563744715242394 -0.68617777850501704
decision_type=2 2 2 2 2 2
left_child=1 2 -1 5 -5 -2
right_child=3 -3 -4 4 -6 -7
leaf_value=0.0013840856645797297 -0.0018745642386737368 -0.00074321940292123776 -0.00010674869298723898 -0.00076192837626966716 0.00038931135371945432 -0.0003393073908296022
leaf_weight=236 150 152 198 360 649 444
leaf_count=236 150 152 198 360 649 444
internal_value=-0.000123606 0.000330303 0.000710466 -0.00029005 -2.31699e-05 -0.00073941
internal_weight=2189 586 434 1603 1009 594
internal_count=2189 586 434 1603 1009 594
is_linear=0
shrinkage=0.02


Tree=306
num_leaves=6
num_cat=0
split_feature=6 4 4 4 9
split_gain=0.407099 0.554087 0.456992 0.694474 0.247226
threshold=6.2978454895644704 0.016996731711975934 0.012990381056766588 0.019202864369671505 0.48281890872402294
decision_type=2 2 2 2 2
left_child=1 -1 -2 -4 -3
right_child=2 4 3 -5 -6
leaf_value=0.0012147863376861271 -0.0010138263649136668 0.00029924197569109346 0.00091865877677717116 -0.00032652146432680631 -0.00071960413488201234
leaf_weight=186 279 240 208 1125 151
leaf_count=186 279 240 208 1125 151
internal_value=-0.000122216 0.000331753 -0.000285233 -0.000129518 -9.83433e-05
internal_weight=2189 577 1612 1333 391
internal_count=2189 577 1612 1333 391
is_linear=0
shrinkage=0.02


Tree=307
num_leaves=7
num_cat=0
split_feature=8 8 11 8 5 8
split_gain=0.40563 1.53786 1.01569 0.909514 0.841595 0.744061
threshold=0.57551116111238565 0.62970646628472782 0.41895690178062478 0.70760871252844459 0.012499999999999957 0.49629164925098346
decision_type=2 2 2 2 2 2
left_child=2 4 -1 -3 -2 -4
right_child=1 3 5 -5 -6 -7
leaf_value=7.4178323436780539e-05 0.00026451315421724945 -0.00084433387276490511 -0.00040240854664138086 0.0004306893744952466 0.0020733414177295461 -0.0023499840225183195
leaf_weight=527 224 576 164 360 188 150
leaf_count=527 224 576 164 360 188 150
internal_value=-0.000120975 9.41405e-05 -0.000464293 -0.000354258 0.00110486 -0.00135503
internal_weight=2189 1348 841 936 412 314
internal_count=2189 1348 841 936 412 314
is_linear=0
shrinkage=0.02


Tree=308
num_leaves=7
num_cat=0
split_feature=6 1 12 12 8 7
split_gain=0.400569 0.595484 0.596463 0.473354 0.753097 0.656313
threshold=6.3102813845302252 1.1288404553473865 0.33819047981375155 -0.41269759118738164 0.55938766524497197 -0.68617777850501704
decision_type=2 2 2 2 2 2
left_child=1 2 -1 5 -5 -2
right_child=3 -3 -4 4 -6 -7
leaf_value=0.0013696796145614748 -0.0018504215032012473 -0.00073537944982148668 -0.00010928921130820743 -0.00076402593130445759 0.00037788240756787871 -0.00033343246586222557
leaf_weight=236 150 152 198 349 660 444
leaf_count=236 150 152 198 349 660 444
internal_value=-0.000119985 0.000325639 0.000701383 -0.000283395 -1.89087e-05 -0.000728759
internal_weight=2189 586 434 1603 1009 594
internal_count=2189 586 434 1603 1009 594
is_linear=0
shrinkage=0.02


Tree=309
num_leaves=7
num_cat=0
split_feature=0 8 3 0 11 11
split_gain=0.398004 0.864028 0.901233 0.653548 0.843428 0.362301
threshold=0.53000000000000014 0.70838667803574429 -0.65184896033616979 0.67250000000000021 0.64278301372990121 -0.30070364944600442
decision_type=2 2 2 2 2 2
left_child=1 2 -1 4 -2 -5
right_child=3 -3 -4 5 -6 -7
leaf_value=3.0669429260053373e-05 0.0011925739604633689 0.00082507080376430719 -0.0011305906937601061 -0.0010964473055355484 -0.00050739176356034467 0.00012222482545955763
leaf_weight=511 361 206 555 171 168 217
leaf_count=511 361 206 555 171 168 217
internal_value=-0.000118666 -0.000347076 -0.000576382 0.000198332 0.000653002 -0.000421987
internal_weight=2189 1272 1066 917 529 388
internal_count=2189 1272 1066 917 529 388
is_linear=0
shrinkage=0.02


Tree=310
num_leaves=7
num_cat=0
split_feature=6 13 12 6 11 12
split_gain=0.391598 0.540461 0.436748 0.937776 0.630142 0.2994
threshold=6.2978454895644704 -0.1584305484496801 0.49999642498037516 6.9372218260358371 -0.91367850754269908 0.26250496533184259
decision_type=2 10 2 2 2 2
left_child=1 -1 4 -4 -2 -3
right_child=2 5 3 -5 -6 -7
leaf_value=-0.00068498738638411922 0.00035225364690025652 0.0011498870780140313 -0.00036768296928198983 0.0014974415280328247 -0.00075795588474233402 8.3214077727956917e-05
leaf_weight=151 265 240 340 152 855 186
leaf_count=151 265 240 340 152 855 186
internal_value=-0.000117469 0.000327763 -0.000277357 0.000217802 -0.000494874 0.000690525
internal_weight=2189 577 1612 492 1120 426
internal_count=2189 577 1612 492 1120 426
is_linear=0
shrinkage=0.02


Tree=311
num_leaves=7
num_cat=0
split_feature=0 8 3 0 8 8
split_gain=0.391074 0.849968 0.882842 0.63882 0.743201 0.622539
threshold=0.53000000000000014 0.70838667803574429 -0.65184896033616979 0.63750000000000007 0.57312841967914008 0.64369948696152635
decision_type=2 2 2 2 2 2
left_child=1 2 -1 4 -2 -5
right_child=3 -3 -4 5 -6 -7
leaf_value=3.0638051089332547e-05 -0.00031391308466090429 0.00081980812288291087 -0.0011187094221323994 0.00027085787093162722 0.0014341446642692273 -0.0011575750491066557
leaf_weight=511 153 206 555 317 255 192
leaf_count=511 153 206 555 317 255 192
internal_value=-0.000116333 -0.000342747 -0.000570185 0.000197889 0.000782759 -0.000273981
internal_weight=2189 1272 1066 917 408 509
internal_count=2189 1272 1066 917 408 509
is_linear=0
shrinkage=0.02


Tree=312
num_leaves=7
num_cat=0
split_feature=8 8 11 8 5 8
split_gain=0.383955 1.49782 0.993428 0.870878 0.811535 0.726706
threshold=0.57551116111238565 0.62970646628472782 0.41895690178062478 0.70902032728097553 0.012499999999999957 0.49629164925098346
decision_type=2 2 2 2 2 2
left_child=2 4 -1 -3 -2 -4
right_child=1 3 5 -5 -6 -7
leaf_value=8.321299327929554e-05 0.00026617058955425782 -0.00081098955383577338 -0.00038904189280945171 0.00044773459861476651 0.0020425916937242593 -0.002313391085593931
leaf_weight=527 224 592 164 344 188 150
leaf_count=527 224 592 164 344 188 150
internal_value=-0.000115215 9.40664e-05 -0.000449237 -0.000348461 0.00109154 -0.00133017
internal_weight=2189 1348 841 936 412 314
internal_count=2189 1348 841 936 412 314
is_linear=0
shrinkage=0.02


Tree=313
num_leaves=6
num_cat=0
split_feature=6 1 12 6 4
split_gain=0.386179 0.581832 0.581604 0.45588 0.663641
threshold=6.3102813845302252 1.1288404553473865 0.33819047981375155 6.457091344760892 0.012990381056766588
decision_type=2 2 2 2 2
left_child=1 2 -1 -2 -5
right_child=3 -3 -4 4 -6
leaf_value=0.0013545719459189171 -0.0012356240234591743 -0.00072555555209404769 -0.00010590198867279908 -0.0011041386604917294 3.8604099162365641e-05
leaf_weight=236 171 152 198 240 1192
leaf_count=236 171 152 198 240 1192
internal_value=-0.000114281 0.000323251 0.000694655 -0.000274736 -0.000156092
internal_weight=2189 586 434 1603 1432
internal_count=2189 586 434 1603 1432
is_linear=0
shrinkage=0.02


Tree=314
num_leaves=7
num_cat=0
split_feature=0 8 5 0 11 11
split_gain=0.379774 0.825466 0.727322 0.622921 0.821114 0.357151
threshold=0.53000000000000014 0.70838667803574429 -0.0074999999999999503 0.67250000000000021 0.64278301372990121 -0.30070364944600442
decision_type=2 2 2 2 2 2
left_child=1 2 -1 4 -2 -5
right_child=3 -3 -4 5 -6 -7
leaf_value=-0.000222913218910251 0.0011729813074499694 0.00080959821269975464 -0.0013697978384365702 -0.0010786103516461894 -0.00050428538825470588 0.00013119650341576671
leaf_weight=757 361 206 309 171 168 217
leaf_count=757 361 206 309 171 168 217
internal_value=-0.00011294 -0.000336062 -0.000560202 0.000196703 0.00064058 -0.000408931
internal_weight=2189 1272 1066 917 529 388
internal_count=2189 1272 1066 917 529 388
is_linear=0
shrinkage=0.02


Tree=315
num_leaves=6
num_cat=0
split_feature=0 8 3 0 2
split_gain=0.37422 0.811578 0.860851 0.612001 0.763295
threshold=0.53000000000000014 0.70838667803574429 -0.65184896033616979 0.73000000000000009 0.055533288838989975
decision_type=2 2 2 2 2
left_child=1 2 -1 4 -2
right_child=3 -3 -4 -5 -6
leaf_value=3.7149679883159408e-05 1.2497670090034698e-05 0.00080215452733268676 -0.001097729592201566 -0.0007248707261215422 0.0014037615613338827
leaf_weight=511 468 206 555 216 233
leaf_count=511 468 206 555 216 233
internal_value=-0.000112349 -0.000333833 -0.000556078 0.000195022 0.000481596
internal_weight=2189 1272 1066 917 701
internal_count=2189 1272 1066 917 701
is_linear=0
shrinkage=0.02


Tree=316
num_leaves=6
num_cat=0
split_feature=6 4 4 4 9
split_gain=0.377534 0.536535 0.429284 0.692321 0.239132
threshold=6.2978454895644704 0.016996731711975934 0.012990381056766588 0.019202864369671505 0.48281890872402294
decision_type=2 2 2 2 2
left_child=1 -1 -2 -4 -3
right_child=2 4 3 -5 -6
leaf_value=0.0011947411992367727 -0.00097448106161581068 0.00029361610139282991 0.00092902377798733575 -0.00031419193326697516 -0.0007084172870963812
leaf_weight=186 279 240 208 1125 151
leaf_count=186 279 240 208 1125 151
internal_value=-0.000111344 0.000325805 -0.000268341 -0.000117455 -9.74171e-05
internal_weight=2189 577 1612 1333 391
internal_count=2189 577 1612 1333 391
is_linear=0
shrinkage=0.02


Tree=317
num_leaves=6
num_cat=0
split_feature=6 4 4 4 9
split_gain=0.369757 0.524574 0.420829 0.676886 0.233535
threshold=6.2978454895644704 0.016996731711975934 0.012990381056766588 0.019202864369671505 0.48281890872402294
decision_type=2 2 2 2 2
left_child=1 -1 -2 -4 -3
right_child=2 4 3 -5 -6
leaf_value=0.0011816053110277232 -0.00096473625928334057 0.0002903563600242594 0.00091855590039330748 -0.00031072367759693445 -0.00069987994582893756
leaf_weight=186 279 240 208 1125 151
leaf_count=186 279 240 208 1125 151
internal_value=-0.000110213 0.00032241 -0.000265585 -0.000116192 -9.60706e-05
internal_weight=2189 577 1612 1333 391
internal_count=2189 577 1612 1333 391
is_linear=0
shrinkage=0.02


Tree=318
num_leaves=7
num_cat=0
split_feature=8 8 11 2 5 8
split_gain=0.36783 1.46943 0.975605 0.863112 0.78331 0.712028
threshold=0.57551116111238565 0.62970646628472782 0.41895690178062478 0.069829981799204924 0.012499999999999957 0.49629164925098346
decision_type=2 2 2 2 2 2
left_child=2 4 -1 -3 -2 -4
right_child=1 3 5 -5 -6 -7
leaf_value=9.1541834014530909e-05 0.00027252748055489303 -1.4847090914413476e-05 -0.00037772897272728958 -0.0014623989666781515 0.0020181133699062924 -0.0022822248354073494
leaf_weight=527 224 728 164 208 188 150
leaf_count=527 224 728 164 208 188 150
internal_value=-0.000109093 9.5736e-05 -0.000436029 -0.000342587 0.0010837 -0.00130903
internal_weight=2189 1348 841 936 412 314
internal_count=2189 1348 841 936 412 314
is_linear=0
shrinkage=0.02


Tree=319
num_leaves=7
num_cat=0
split_feature=6 4 12 4 9 1
split_gain=0.363196 0.512104 0.426332 0.794375 0.620283 0.232465
threshold=6.2978454895644704 0.016996731711975934 -0.41269759118738164 0.050187149749711821 -0.80186410663739316 0.19402966521139645
decision_type=2 2 2 2 2 2
left_child=1 -1 4 -4 -2 -3
right_child=2 5 3 -5 -6 -7
leaf_value=0.0011697640370928648 -0.0016788885846607765 0.00041607265233209261 -0.00028835536935231985 0.0011088932055998318 -0.00026613338303948337 -0.00054855972337558578
leaf_weight=186 172 185 816 198 426 206
leaf_count=186 172 185 816 198 426 206
internal_value=-0.000107916 0.000320846 -0.000261906 -1.14175e-05 -0.000683029 -9.26573e-05
internal_weight=2189 577 1612 1014 598 391
internal_count=2189 577 1612 1014 598 391
is_linear=0
shrinkage=0.02


Tree=320
num_leaves=7
num_cat=0
split_feature=8 8 11 8 5 8
split_gain=0.360663 1.43168 0.956973 0.847233 0.763791 0.696703
threshold=0.57551116111238565 0.62970646628472782 0.41895690178062478 0.66271355720864966 0.012499999999999957 0.49629164925098346
decision_type=2 2 2 2 2 2
left_child=2 4 -1 -3 -2 -4
right_child=1 3 5 -5 -6 -7
leaf_value=9.1909640573693404e-05 0.00027012722038025419 -0.0012852240694499815 -0.0003739772802053471 4.2682717330898249e-05 0.0019938581220750153 -0.0022578811655722319
leaf_weight=527 224 264 164 672 188 150
leaf_count=527 224 264 164 672 188 150
internal_value=-0.000106852 9.5968e-05 -0.000430588 -0.000336694 0.00107116 -0.00129522
internal_weight=2189 1348 841 936 412 314
internal_count=2189 1348 841 936 412 314
is_linear=0
shrinkage=0.02


Tree=321
num_leaves=7
num_cat=0
split_feature=6 1 12 12 4 7
split_gain=0.355968 0.560678 0.578001 0.449046 0.747596 0.624249
threshold=6.3102813845302252 1.1288404553473865 0.33819047981375155 -0.41269759118738164 0.050187149749711821 -0.68617777850501704
decision_type=2 2 2 2 2 2
left_child=1 2 -1 5 -5 -2
right_child=3 -3 -4 4 -6 -7
leaf_value=0.0013364951635606557 -0.0017876968213146732 -0.00071551798446886964 -0.00011915459811430552 -0.0002719441514688509 0.0010868815764655719 -0.00030857254391020676
leaf_weight=236 150 152 198 812 197 444
leaf_count=236 150 152 198 812 197 444
internal_value=-0.000106062 0.000313994 0.000678604 -0.000260118 -2.59201e-06 -0.000693893
internal_weight=2189 586 434 1603 1009 594
internal_count=2189 586 434 1603 1009 594
is_linear=0
shrinkage=0.02


Tree=322
num_leaves=7
num_cat=0
split_feature=0 3 5 3 0 3
split_gain=0.35463 0.62383 1.31933 0.707759 0.597033 0.527167
threshold=0.53000000000000014 -0.65184896033616979 -0.042500000000000003 0.33032974099227724 0.63750000000000007 0.60676105254578439
decision_type=2 2 2 2 2 2
left_child=1 2 -1 -3 5 -2
right_child=4 3 -4 -5 -6 -7
leaf_value=-0.00040957879158416786 0.001442074347977285 -0.0014764793176456528 0.0016828366218169042 -0.00015753133428305629 -0.00026192578264233086 1.1185400261737333e-05
leaf_weight=458 211 290 158 366 509 197
leaf_count=458 211 290 158 366 509 197
internal_value=-0.000104932 -0.000320547 0.00013634 -0.000747361 0.000194271 0.000759679
internal_weight=2189 1272 616 656 917 408
internal_count=2189 1272 616 656 917 408
is_linear=0
shrinkage=0.02


Tree=323
num_leaves=7
num_cat=0
split_feature=8 8 11 2 5 8
split_gain=0.35253 1.39859 0.939842 0.83662 0.740979 0.680478
threshold=0.57551116111238565 0.62970646628472782 0.41895690178062478 0.069829981799204924 0.012499999999999957 0.49629164925098346
decision_type=2 2 2 2 2 2
left_child=2 4 -1 -3 -2 -4
right_child=1 3 5 -5 -6 -7
leaf_value=9.5134299927692221e-05 0.00027264535069205359 -7.0767962970322382e-06 -0.00036905990417539718 -0.0014321872542072261 0.001970637919057952 -0.0022308739982545376
leaf_weight=527 224 728 164 208 188 150
leaf_count=527 224 728 164 208 188 150
internal_value=-0.000102561 9.79495e-05 -0.00042263 -0.000329695 0.0010618 -0.00127949
internal_weight=2189 1348 841 936 412 314
internal_count=2189 1348 841 936 412 314
is_linear=0
shrinkage=0.02


Tree=324
num_leaves=6
num_cat=0
split_feature=6 13 6 4 9
split_gain=0.348813 0.515588 0.415787 0.622941 0.202669
threshold=6.2978454895644704 -0.1584305484496801 6.457091344760892 0.012990381056766588 -0.68076232528059843
decision_type=2 10 2 2 2
left_child=1 -1 -2 -4 -3
right_child=2 4 3 -5 -6
leaf_value=-0.00067043178571531397 -0.0011448907297406648 0.0012394269305514172 -0.0010551150172369136 5.1985210937478189e-05 0.00033250914635204207
leaf_weight=151 180 155 240 1192 271
leaf_count=151 180 155 240 1192 271
internal_value=-0.000101453 0.000318717 -0.00025237 -0.000136588 0.000673041
internal_weight=2189 577 1612 1432 426
internal_count=2189 577 1612 1432 426
is_linear=0
shrinkage=0.02


Tree=325
num_leaves=7
num_cat=0
split_feature=6 1 12 12 4 9
split_gain=0.34181 0.548001 0.567765 0.440415 0.726805 0.613493
threshold=6.3102813845302252 1.1288404553473865 0.33819047981375155 -0.41269759118738164 0.050187149749711821 -0.80186410663739316
decision_type=2 2 2 2 2 2
left_child=1 2 -1 5 -5 -2
right_child=3 -3 -4 4 -6 -7
leaf_value=0.0013238879331074563 -0.0016777845987251828 -0.00070643287172813889 -0.00011879991923500165 -0.00026178674859942633 0.0010780113881988691 -0.00026612665249134627
leaf_weight=236 170 152 198 812 197 424
leaf_count=236 170 152 198 812 197 424
internal_value=-0.000100215 0.000311389 0.000671846 -0.000251183 3.82498e-06 -0.000680769
internal_weight=2189 586 434 1603 1009 594
internal_count=2189 586 434 1603 1009 594
is_linear=0
shrinkage=0.02


Tree=326
num_leaves=7
num_cat=0
split_feature=8 8 11 8 5 8
split_gain=0.345776 1.36225 0.922978 0.828377 0.724919 0.666445
threshold=0.57551116111238565 0.62970646628472782 0.41895690178062478 0.66271355720864966 0.012499999999999957 0.49629164925098346
decision_type=2 2 2 2 2 2
left_child=2 4 -1 -3 -2 -4
right_child=1 3 5 -5 -6 -7
leaf_value=9.6941858957192502e-05 0.0002701029828932608 -0.0012605536707978155 -0.00036431356063167727 5.2426148942318178e-05 0.0019496069621738686 -0.0022067902232970923
leaf_weight=527 224 264 164 672 188 150
leaf_count=527 224 264 164 672 188 150
internal_value=-9.91418e-05 9.94318e-05 -0.000416133 -0.000322632 0.00105067 -0.00126527
internal_weight=2189 1348 841 936 412 314
internal_count=2189 1348 841 936 412 314
is_linear=0
shrinkage=0.02


Tree=327
num_leaves=6
num_cat=0
split_feature=7 12 7 13 5
split_gain=0.338237 1.34034 0.804967 0.753913 0.666487
threshold=-0.53672757228240564 -0.66749245881647024 -0.33504394213048982 0.21436319846336771 -0.12000000000000001
decision_type=2 2 2 8 2
left_child=1 -1 -2 -3 -4
right_child=2 3 4 -5 -6
leaf_value=-0.0011845334191698561 -0.0015246882603053799 0.0015046222627362502 -0.0010400681598302054 -0.00010767430500450111 0.00011043696928751266
leaf_weight=176 173 275 240 197 1128
leaf_count=176 173 275 240 197 1128
internal_value=-9.84242e-05 0.000283528 -0.000259435 0.000837618 -9.44586e-05
internal_weight=2189 648 1541 472 1368
internal_count=2189 648 1541 472 1368
is_linear=0
shrinkage=0.02


Tree=328
num_leaves=7
num_cat=0
split_feature=8 8 11 8 5 8
split_gain=0.33701 1.32895 0.904735 0.816941 0.703573 0.651336
threshold=0.57551116111238565 0.62970646628472782 0.41895690178062478 0.70902032728097553 0.012499999999999957 0.49629164925098346
decision_type=2 2 2 2 2 2
left_child=2 4 -1 -3 -2 -4
right_child=1 3 5 -5 -6 -7
leaf_value=9.8081201882122603e-05 0.00026956468983248331 -0.00076580789547032947 -0.00035990893691998613 0.00045319467288792867 0.0019242617605649745 -0.0021813698791177762
leaf_weight=527 224 592 164 344 188 150
leaf_count=527 224 592 164 344 188 150
internal_value=-9.69313e-05 9.9106e-05 -0.000409879 -0.000317771 0.00103864 -0.00125059
internal_weight=2189 1348 841 936 412 314
internal_count=2189 1348 841 936 412 314
is_linear=0
shrinkage=0.02


Tree=329
num_leaves=7
num_cat=0
split_feature=6 13 12 6 11 12
split_gain=0.337878 0.505149 0.408841 0.912625 0.574777 0.291599
threshold=6.2978454895644704 -0.1584305484496801 0.49999642498037516 6.9372218260358371 -0.91367850754269908 0.26250496533184259
decision_type=2 10 2 2 2 2
left_child=1 -1 4 -4 -2 -3
right_child=2 5 3 -5 -6 -7
leaf_value=-0.00066175969699636486 0.00035365059268143442 0.001121380898721364 -0.00034359204495136721 0.0014964596099152742 -0.00070648083680980775 6.9092070947142796e-05
leaf_weight=151 265 240 340 152 855 186
leaf_count=151 265 240 340 152 855 186
internal_value=-9.61634e-05 0.000317355 -0.000244702 0.000234215 -0.000455189 0.000668062
internal_weight=2189 577 1612 492 1120 426
internal_count=2189 577 1612 492 1120 426
is_linear=0
shrinkage=0.02


Tree=330
num_leaves=6
num_cat=0
split_feature=6 13 6 4 12
split_gain=0.331379 0.493876 0.404263 0.607755 0.285595
threshold=6.2978454895644704 -0.1584305484496801 6.457091344760892 0.012990381056766588 0.26250496533184259
decision_type=2 10 2 2 2
left_child=1 -1 -2 -4 -3
right_child=2 4 3 -5 -6
leaf_value=-0.00065386949023470674 -0.0011224005276312095 0.0011096636064312593 -0.0010354874662826864 5.8015222729665352e-05 6.8267317518045767e-05
leaf_weight=151 180 240 240 1192 186
leaf_count=151 180 240 240 1192 186
internal_value=-9.52558e-05 0.000314266 -0.000242359 -0.000128219 0.000661036
internal_weight=2189 577 1612 1432 426
internal_count=2189 577 1612 1432 426
is_linear=0
shrinkage=0.02


Tree=331
num_leaves=7
num_cat=0
split_feature=8 8 11 2 5 8
split_gain=0.33078 1.29419 0.883624 0.811868 0.688956 0.637101
threshold=0.57551116111238565 0.62970646628472782 0.41895690178062478 0.069829981799204924 0.012499999999999957 0.49629164925098346
decision_type=2 2 2 2 2 2
left_child=2 4 -1 -3 -2 -4
right_child=1 3 5 -5 -6 -7
leaf_value=9.7862919442411657e-05 0.00026625389648056447 6.4477701112373869e-06 -0.00035414554208679645 -0.0013973303199548957 0.0019036574247220791 -0.0021555140468502237
leaf_weight=527 224 728 164 208 188 150
leaf_count=527 224 728 164 208 188 150
internal_value=-9.40836e-05 0.000100128 -0.000404128 -0.00031127 0.00102729 -0.00123497
internal_weight=2189 1348 841 936 412 314
internal_count=2189 1348 841 936 412 314
is_linear=0
shrinkage=0.02


Tree=332
num_leaves=6
num_cat=0
split_feature=7 12 7 13 2
split_gain=0.32953 1.3064 0.792029 0.735925 0.655619
threshold=-0.53672757228240564 -0.66749245881647024 -0.33504394213048982 0.21436319846336771 0.023752145924519141
decision_type=2 2 2 8 2
left_child=1 -1 -2 -3 -4
right_child=2 3 4 -5 -6
leaf_value=-0.00116547335510384 -0.0015070282427809565 0.0014899270593720887 0.0010710460472612353 -0.00010309289716700516 -0.00025226149505969559
leaf_weight=176 173 275 166 197 1202
leaf_count=176 173 275 166 197 1202
internal_value=-9.30618e-05 0.000283927 -0.000251993 0.000830933 -8.83691e-05
internal_weight=2189 648 1541 472 1368
internal_count=2189 648 1541 472 1368
is_linear=0
shrinkage=0.02


Tree=333
num_leaves=6
num_cat=0
split_feature=6 1 12 6 12
split_gain=0.326141 0.542302 0.55689 0.425278 0.598933
threshold=6.3102813845302252 1.1288404553473865 0.33819047981375155 6.457091344760892 -0.42607537243983401
decision_type=2 2 2 2 2
left_child=1 2 -1 -2 -5
right_child=3 -3 -4 4 -6
leaf_value=0.0013146471348108096 -0.0011671820961386072 -0.00070221349241057773 -0.00011423092613024225 -0.00065745921383604858 0.00018742186478326342
leaf_weight=236 171 152 198 527 905
leaf_count=236 171 152 198 527 905
internal_value=-9.17251e-05 0.000310311 0.000668886 -0.000239203 -0.000124714
internal_weight=2189 586 434 1603 1432
internal_count=2189 586 434 1603 1432
is_linear=0
shrinkage=0.02


Tree=334
num_leaves=7
num_cat=0
split_feature=8 8 11 8 5 8
split_gain=0.324052 1.25997 0.869147 0.805747 0.675447 0.621619
threshold=0.57551116111238565 0.62970646628472782 0.41895690178062478 0.70902032728097553 0.012499999999999957 0.49629164925098346
decision_type=2 2 2 2 2 2
left_child=2 4 -1 -3 -2 -4
right_child=1 3 5 -5 -6 -7
leaf_value=0.00010031259902297778 0.00026287366046395366 -0.00074935078789732364 -0.00035141687247813982 0.00046120645989727947 0.0018841215434431103 -0.0021308329382670982
leaf_weight=527 224 592 164 344 188 150
leaf_count=527 224 592 164 344 188 150
internal_value=-9.06427e-05 0.000101576 -0.00039752 -0.000304359 0.00101639 -0.00122153
internal_weight=2189 1348 841 936 412 314
internal_count=2189 1348 841 936 412 314
is_linear=0
shrinkage=0.02


Tree=335
num_leaves=6
num_cat=0
split_feature=7 12 7 13 2
split_gain=0.322596 1.27058 0.775912 0.719727 0.644374
threshold=-0.53672757228240564 -0.66749245881647024 -0.33504394213048982 0.21436319846336771 0.023752145924519141
decision_type=2 2 2 8 2
left_child=1 -1 -2 -3 -4
right_child=2 3 4 -5 -6
leaf_value=-0.0011463674443557817 -0.0014893868679358635 0.001474192477496607 0.0010641676340012523 -0.00010121491544022419 -0.00024773764536390429
leaf_weight=176 173 275 166 197 1202
leaf_count=176 173 275 166 197 1202
internal_value=-8.99369e-05 0.000283057 -0.000247191 0.000822492 -8.52489e-05
internal_weight=2189 648 1541 472 1368
internal_count=2189 648 1541 472 1368
is_linear=0
shrinkage=0.02


Tree=336
num_leaves=6
num_cat=0
split_feature=6 1 12 6 4
split_gain=0.321327 0.530984 0.550187 0.416396 0.595542
threshold=6.3102813845302252 1.1288404553473865 0.33819047981375155 6.457091344760892 0.012990381056766588
decision_type=2 2 2 2 2
left_child=1 2 -1 -2 -5
right_child=3 -3 -4 4 -6
leaf_value=0.0013070860496602365 -0.001153240432309262 -0.00069152492738794541 -0.00011317427601582678 -0.001019840987712829 6.2604154222438679e-05
leaf_weight=236 171 152 198 240 1192
leaf_count=236 171 152 198 240 1192
internal_value=-8.86191e-05 0.00031043 0.000665224 -0.000235009 -0.000121729
internal_weight=2189 586 434 1603 1432
internal_count=2189 586 434 1603 1432
is_linear=0
shrinkage=0.02


Tree=337
num_leaves=7
num_cat=0
split_feature=8 8 11 8 5 8
split_gain=0.315986 1.22874 0.854347 0.795839 0.661737 0.606895
threshold=0.57551116111238565 0.62970646628472782 0.41895690178062478 0.66271355720864966 0.012499999999999957 0.49629164925098346
decision_type=2 2 2 2 2 2
left_child=2 4 -1 -3 -2 -4
right_child=1 3 5 -5 -6 -7
leaf_value=0.00010294741753110648 0.00025982606749347202 -0.0012179686284025087 -0.00034779902861712601 6.8858411457827062e-05 0.0018645243303623495 -0.002106038987982057
leaf_weight=527 224 264 164 672 188 150
leaf_count=527 224 264 164 672 188 150
internal_value=-8.75611e-05 0.000102245 -0.000390598 -0.000298636 0.00100564 -0.00120757
internal_weight=2189 1348 841 936 412 314
internal_count=2189 1348 841 936 412 314
is_linear=0
shrinkage=0.02


Tree=338
num_leaves=6
num_cat=0
split_feature=7 12 7 13 2
split_gain=0.315635 1.24241 0.758857 0.702746 0.634627
threshold=-0.53672757228240564 -0.66749245881647024 -0.33504394213048982 0.21436319846336771 0.023752145924519141
decision_type=2 2 2 8 2
left_child=1 -1 -2 -3 -4
right_child=2 3 4 -5 -6
leaf_value=-0.0011315303005391311 -0.0014709726260096001 0.0014593568470196001 0.0010583148585164061 -9.7413481591214035e-05 -0.00024362553473877973
leaf_weight=176 173 275 166 197 1202
leaf_count=176 173 275 166 197 1202
internal_value=-8.69562e-05 0.000281984 -0.000242508 0.000815393 -8.23628e-05
internal_weight=2189 648 1541 472 1368
internal_count=2189 648 1541 472 1368
is_linear=0
shrinkage=0.02


Tree=339
num_leaves=7
num_cat=0
split_feature=6 13 12 6 0 12
split_gain=0.315698 0.481439 0.387152 0.888141 0.548563 0.281207
threshold=6.2978454895644704 -0.1584305484496801 0.49999642498037516 6.9372218260358371 0.55000000000000016 0.26250496533184259
decision_type=2 10 2 2 2 2
left_child=1 -1 4 -4 -2 -3
right_child=2 5 3 -5 -6 -7
leaf_value=-0.00064192014203096439 -0.00077377281257094981 0.0011015304788490948 -0.00033336115502954824 0.0014818737767659021 0.0001387192075301499 6.8154005109483662e-05
leaf_weight=151 702 240 340 152 418 186
leaf_count=151 702 240 340 152 418 186
internal_value=-8.56799e-05 0.000314008 -0.000229273 0.000236709 -0.000434115 0.000656363
internal_weight=2189 577 1612 492 1120 426
internal_count=2189 577 1612 492 1120 426
is_linear=0
shrinkage=0.02


Tree=340
num_leaves=6
num_cat=0
split_feature=8 11 8 8 13
split_gain=0.308403 0.69617 0.676047 1.20434 0.620281
threshold=0.70902032728097553 0.10882993669133921 0.63387932992119733 0.57551116111238565 -0.09989237062127905
decision_type=2 2 2 2 10
left_child=2 -2 3 -1 -4
right_child=1 -3 4 -5 -6
leaf_value=-0.00038447264160842022 -0.00051361200066260353 0.00126997395651415 -0.0016128122127333352 0.00088974170103522433 -0.00023760396243752081
leaf_weight=841 157 187 210 452 342
leaf_count=841 157 187 210 452 342
internal_value=-8.53351e-05 0.000460257 -0.00018803 6.26719e-05 -0.000770562
internal_weight=2189 344 1845 1293 552
internal_count=2189 344 1845 1293 552
is_linear=0
shrinkage=0.02


Tree=341
num_leaves=6
num_cat=0
split_feature=7 7 12 7 5
split_gain=0.305074 1.2288 1.40461 0.74664 0.629037
threshold=-0.53672757228240564 -0.71998814116665588 -0.25881719453618979 -0.33504394213048982 -0.12000000000000001
decision_type=2 2 2 2 2
left_child=1 2 -1 -2 -5
right_child=3 -3 -4 4 -6
leaf_value=-0.0014752550259511047 -0.001456065079003698 0.0016131593324916111 0.00072296186269936609 -0.00099738040494219389 0.00012030916741415399
leaf_weight=209 173 189 250 240 1128
leaf_count=209 173 189 250 240 1128
internal_value=-8.46052e-05 0.000278107 -0.00028308 -0.000237534 -7.86948e-05
internal_weight=2189 648 459 1541 1368
internal_count=2189 648 459 1541 1368
is_linear=0
shrinkage=0.02


Tree=342
num_leaves=6
num_cat=0
split_feature=6 4 4 4 1
split_gain=0.310772 0.478464 0.381045 0.678597 0.22259
threshold=6.2978454895644704 0.016996731711975934 0.012990381056766588 0.019202864369671505 0.19402966521139645
decision_type=2 2 2 2 2
left_child=1 -1 -2 -4 -3
right_child=2 4 3 -5 -6
leaf_value=0.0011338132715184262 -0.00089099106057481453 0.00041127431662263056 0.00095214957318885229 -0.00027860935060389799 -0.00053262771399674046
leaf_weight=186 279 185 208 1125 206
leaf_count=186 279 185 208 1125 206
internal_value=-8.32936e-05 0.000313258 -0.000225765 -8.37225e-05 -8.64705e-05
internal_weight=2189 577 1612 1333 391
internal_count=2189 577 1612 1333 391
is_linear=0
shrinkage=0.02


Tree=343
num_leaves=6
num_cat=0
split_feature=6 1 12 6 12
split_gain=0.304171 0.513243 0.542045 0.407141 0.565232
threshold=6.3102813845302252 1.1288404553473865 0.33819047981375155 6.457091344760892 -0.42607537243983401
decision_type=2 2 2 2 2
left_child=1 2 -1 -2 -5
right_child=3 -3 -4 4 -6
leaf_value=0.0012916282687676275 -0.0011329074158162587 -0.00067937284779206965 -0.00011796327193125423 -0.00063053290382433769 0.0001902166539598461
leaf_weight=236 171 152 198 527 905
leaf_count=236 171 152 198 527 905
internal_value=-8.25268e-05 0.00030571 0.000654524 -0.000224961 -0.000112976
internal_weight=2189 586 434 1603 1432
internal_count=2189 586 434 1603 1432
is_linear=0
shrinkage=0.02


Tree=344
num_leaves=6
num_cat=0
split_feature=8 11 8 8 13
split_gain=0.303384 0.681063 0.662224 1.17832 0.608259
threshold=0.70902032728097553 0.10882993669133921 0.63387932992119733 0.57551116111238565 -0.09989237062127905
decision_type=2 2 2 2 10
left_child=2 -2 3 -1 -4
right_child=1 -3 4 -5 -6
leaf_value=-0.00037759103849431145 -0.00050376476260063083 0.0012604249388944787 -0.0015939918480120426 0.00088278294637742199 -0.00023224058340945059
leaf_weight=841 157 187 210 452 342
leaf_count=841 157 187 210 452 342
internal_value=-8.15471e-05 0.000459575 -0.000183409 6.47071e-05 -0.000759956
internal_weight=2189 344 1845 1293 552
internal_count=2189 344 1845 1293 552
is_linear=0
shrinkage=0.02


Tree=345
num_leaves=7
num_cat=0
split_feature=0 8 3 0 8 8
split_gain=0.298435 0.765291 0.83027 0.557314 0.652013 0.519526
threshold=0.53000000000000014 0.70838667803574429 -0.65184896033616979 0.63750000000000007 0.57312841967914008 0.64369948696152635
decision_type=2 2 2 2 2 2
left_child=1 2 -1 4 -2 -5
right_child=3 -3 -4 5 -6 -7
leaf_value=8.7501269534172489e-05 -0.00028754206020620803 0.00082401516057233114 -0.0010265920426879478 0.0002504457499736469 0.0013499183356761933 -0.0010544394265368656
leaf_weight=511 153 206 555 317 255 192
leaf_count=511 153 206 555 317 255 192
internal_value=-8.08603e-05 -0.000278679 -0.000494623 0.000193564 0.000739824 -0.000247239
internal_weight=2189 1272 1066 917 408 509
internal_count=2189 1272 1066 917 408 509
is_linear=0
shrinkage=0.02


Tree=346
num_leaves=6
num_cat=0
split_feature=6 4 4 4 9
split_gain=0.298165 0.465911 0.372441 0.670631 0.218044
threshold=6.2978454895644704 0.016996731711975934 0.012990381056766588 0.019202864369671505 0.48281890872402294
decision_type=2 2 2 2 2
left_child=1 -1 -2 -4 -3
right_child=2 4 3 -5 -6
leaf_value=0.0011180380575300357 -0.00087732280101987829 0.00028717112497483589 0.00095051118760793832 -0.00027299478358642685 -0.00066962578966736034
leaf_weight=186 279 240 208 1125 151
leaf_count=186 279 240 208 1125 151
internal_value=-8.01022e-05 0.000308317 -0.000219657 -7.92416e-05 -8.6123e-05
internal_weight=2189 577 1612 1333 391
internal_count=2189 577 1612 1333 391
is_linear=0
shrinkage=0.02


Tree=347
num_leaves=5
num_cat=0
split_feature=1 1 0 7
split_gain=0.297559 0.641088 0.760709 0.681092
threshold=1.6961643565743085 1.0448177854782881 0.63000000000000012 0.80323818428152671
decision_type=2 2 2 2
left_child=1 3 -3 -1
right_child=-2 2 -4 -5
leaf_value=-0.00015542186819396685 0.00064654528722167006 -0.0019110849014965883 -7.5497174927709158e-05 0.00098608916316832596
leaf_weight=1388 200 161 199 241
leaf_count=1388 200 161 199 241
internal_value=-7.93184e-05 -0.000153744 -0.000911347 1.59579e-05
internal_weight=2189 1989 360 1629
internal_count=2189 1989 360 1629
is_linear=0
shrinkage=0.02


Tree=348
num_leaves=6
num_cat=0
split_feature=6 1 0 6 4
split_gain=0.291872 0.496557 0.548099 0.398791 0.564583
threshold=6.3102813845302252 1.0956838268688791 0.45000000000000007 6.457091344760892 0.012990381056766588
decision_type=2 2 2 2 2
left_child=1 2 -1 -2 -5
right_child=3 -3 -4 4 -6
leaf_value=-0.00011627693256226982 -0.0011169939450602132 -0.00065110112580916166 0.001305517077604507 -0.00098207643713650052 7.1829829735365532e-05
leaf_weight=200 171 156 230 240 1192
leaf_count=200 171 156 230 240 1192
internal_value=-7.8891e-05 0.000301409 0.000650482 -0.00021842 -0.000107605
internal_weight=2189 586 430 1603 1432
internal_count=2189 586 430 1603 1432
is_linear=0
shrinkage=0.02


Tree=349
num_leaves=6
num_cat=0
split_feature=7 7 12 7 2
split_gain=0.299232 1.19941 1.36293 0.730332 0.613971
threshold=-0.53672757228240564 -0.71998814116665588 -0.25881719453618979 -0.33504394213048982 0.023752145924519141
decision_type=2 2 2 2 2
left_child=1 2 -1 -2 -5
right_child=3 -3 -4 4 -6
leaf_value=-0.0014472992846167813 -0.0014342114266029068 0.001600560532983623 0.00071802790609060542 0.0010499133012796705 -0.00023064555750169054
leaf_weight=209 173 189 250 166 1202
leaf_count=209 173 189 250 166 1202
internal_value=-7.76025e-05 0.000281598 -0.000272899 -0.000229071 -7.19986e-05
internal_weight=2189 648 459 1541 1368
internal_count=2189 648 459 1541 1368
is_linear=0
shrinkage=0.02


Tree=350
num_leaves=4
num_cat=0
split_feature=1 1 6
split_gain=0.292498 0.668246 0.579124
threshold=1.7216747252834843 1.4233333598151916 6.2978454895644704
decision_type=2 2 2
left_child=1 2 -1
right_child=-2 -3 -4
leaf_value=0.00055781191082837113 0.00067600771410282327 -0.0013664925850532723 -0.00024746228268851306
leaf_weight=478 184 160 1367
leaf_count=478 184 160 1367
internal_value=-7.64817e-05 -0.000147048 -3.78892e-05
internal_weight=2189 2005 1845
internal_count=2189 2005 1845
is_linear=0
shrinkage=0.02


Tree=351
num_leaves=6
num_cat=0
split_feature=7 7 12 7 5
split_gain=0.292252 1.17195 1.33312 0.716266 0.611501
threshold=-0.53672757228240564 -0.71998814116665588 -0.25881719453618979 -0.33504394213048982 -0.12000000000000001
decision_type=2 2 2 2 2
left_child=1 2 -1 -2 -5
right_child=3 -3 -4 4 -6
leaf_value=-0.0014304411347964168 -0.0014189811646310466 0.0015829472213361854 0.00071106893193049765 -0.00097576361103933679 0.00012622400736152659
leaf_weight=209 173 189 250 240 1128
leaf_count=209 173 189 250 240 1128
internal_value=-7.58108e-05 0.000279173 -0.000268948 -0.000225504 -6.99565e-05
internal_weight=2189 648 459 1541 1368
internal_count=2189 648 459 1541 1368
is_linear=0
shrinkage=0.02


Tree=352
num_leaves=6
num_cat=0
split_feature=8 11 8 8 13
split_gain=0.290548 0.666358 0.646857 1.14156 0.596385
threshold=0.70902032728097553 0.10882993669133921 0.63387932992119733 0.57551116111238565 -0.09989237062127905
decision_type=2 2 2 2 10
left_child=2 -2 3 -1 -4
right_child=1 -3 4 -5 -6
leaf_value=-0.00036448067696500861 -0.00049796808625996846 0.0012470773299780075 -0.0015699472150137259 0.00087608798070763869 -0.00022172636792978931
leaf_weight=841 157 187 210 452 342
leaf_count=841 157 187 210 452 342
internal_value=-7.46072e-05 0.000454923 -0.000174301 7.08949e-05 -0.000744125
internal_weight=2189 344 1845 1293 552
internal_count=2189 344 1845 1293 552
is_linear=0
shrinkage=0.02


Tree=353
num_leaves=4
num_cat=0
split_feature=6 11 8
split_gain=0.284915 0.456013 0.59414
threshold=5.7734328999469158 -0.95892293223302472 0.70902032728097553
decision_type=2 2 2
left_child=-1 -2 -3
right_child=1 2 -4
leaf_value=0.00062320470652885661 0.00076330289592721858 -0.00041138260414261117 0.00056043266878146741
leaf_weight=207 193 1491 298
leaf_count=207 193 1491 298
internal_value=-7.40036e-05 -0.000148205 -0.000248393
internal_weight=2189 1982 1789
internal_count=2189 1982 1789
is_linear=0
shrinkage=0.02


Tree=354
num_leaves=6
num_cat=0
split_feature=7 7 12 7 2
split_gain=0.282804 1.14685 1.30227 0.702153 0.599534
threshold=-0.53672757228240564 -0.71998814116665588 -0.25881719453618979 -0.33504394213048982 0.023752145924519141
decision_type=2 2 2 2 2
left_child=1 2 -1 -2 -5
right_child=3 -3 -4 4 -6
leaf_value=-0.001414059873955394 -0.0014019726865579574 0.0015658717340016834 0.00070252894303377933 0.0010422973960028058 -0.00022310756621442507
leaf_weight=209 173 189 250 166 1202
leaf_count=209 173 189 250 166 1202
internal_value=-7.30601e-05 0.000276134 -0.000266086 -0.000220316 -6.63204e-05
internal_weight=2189 648 459 1541 1368
internal_count=2189 648 459 1541 1368
is_linear=0
shrinkage=0.02


Tree=355
num_leaves=5
num_cat=0
split_feature=1 1 0 7
split_gain=0.283103 0.624007 0.759219 0.668512
threshold=1.6961643565743085 1.0448177854782881 0.63000000000000012 0.80323818428152671
decision_type=2 2 2 2
left_child=1 3 -3 -1
right_child=-2 2 -4 -5
leaf_value=-0.00014700473705908367 0.00063599568868919116 -0.0018907804841018585 -5.7479232201848057e-05 0.00098391843615175498
leaf_weight=1388 200 161 199 241
leaf_count=1388 200 161 199 241
internal_value=-7.19917e-05 -0.000144598 -0.000892042 2.28068e-05
internal_weight=2189 1989 360 1629
internal_count=2189 1989 360 1629
is_linear=0
shrinkage=0.02


Tree=356
num_leaves=4
num_cat=0
split_feature=6 1 3
split_gain=0.279486 0.446035 0.644237
threshold=5.7734328999469158 1.6961643565743085 0.65845992462025038
decision_type=2 2 2
left_child=-1 2 -2
right_child=1 -3 -4
leaf_value=0.00061886033502015327 6.211498851711998e-06 0.00083525142654338304 -0.00081953776915879727
leaf_weight=207 1287 165 530
leaf_count=207 1287 165 530
internal_value=-7.16665e-05 -0.000145161 -0.000236239
internal_weight=2189 1982 1817
internal_count=2189 1982 1817
is_linear=0
shrinkage=0.02


Tree=357
num_leaves=7
num_cat=0
split_feature=8 8 11 2 12 8
split_gain=0.277628 1.12628 0.851131 0.781118 0.680412 0.589866
threshold=0.57551116111238565 0.62970646628472782 0.41895690178062478 0.069829981799204924 0.25495355649645252 0.49629164925098346
decision_type=2 2 2 2 2 2
left_child=2 4 -1 -3 -2 -4
right_child=1 3 5 -5 -6 -7
leaf_value=0.0001373302894539403 0.0016521067325728105 3.4568678196341735e-05 -0.00032355440339657682 -0.001342186812516914 1.2049779499975148e-05 -0.0020561211724435132
leaf_weight=527 239 728 164 208 173 150
leaf_count=527 239 728 164 208 173 150
internal_value=-7.09243e-05 0.000106956 -0.000354988 -0.000276883 0.000971844 -0.00117047
internal_weight=2189 1348 841 936 412 314
internal_count=2189 1348 841 936 412 314
is_linear=0
shrinkage=0.02


Tree=358
num_leaves=6
num_cat=0
split_feature=7 12 7 13 5
split_gain=0.278667 1.13057 0.684867 0.665089 0.592044
threshold=-0.53672757228240564 -0.66749245881647024 -0.33504394213048982 0.21436319846336771 -0.12000000000000001
decision_type=2 2 2 8 2
left_child=1 -1 -2 -3 -4
right_child=2 3 4 -5 -6
leaf_value=-0.0010717360897231538 -0.0013830702164827774 0.0014120197030383032 -0.00095526091516854206 -0.00010229739510352807 0.00012904594358079802
leaf_weight=176 173 275 240 197 1128
leaf_count=176 173 275 240 197 1128
internal_value=-6.9872e-05 0.000276749 -0.000216052 0.000785538 -6.39693e-05
internal_weight=2189 648 1541 472 1368
internal_count=2189 648 1541 472 1368
is_linear=0
shrinkage=0.02


Tree=359
num_leaves=6
num_cat=0
split_feature=8 8 8 13 2
split_gain=0.277852 0.626804 1.08686 0.587695 0.41057
threshold=0.70902032728097553 0.63387932992119733 0.57551116111238565 -0.09989237062127905 0.045211693260448979
decision_type=2 2 2 10 2
left_child=1 2 -1 -3 -2
right_child=4 3 -4 -5 -6
leaf_value=-0.00034970110143594287 0.00121243170199868 -0.0015468728117818058 0.00086078641540829413 -0.00020874669855884586 -0.00016363987755594833
leaf_weight=841 151 210 452 342 193
leaf_count=841 151 210 452 342 193
internal_value=-6.87064e-05 -0.000166206 7.51404e-05 -0.000727132 0.000449108
internal_weight=2189 1845 1293 552 344
internal_count=2189 1845 1293 552 344
is_linear=0
shrinkage=0.02


Tree=360
num_leaves=4
num_cat=0
split_feature=4 3 6
split_gain=0.276206 0.39839 0.545585
threshold=0.067961386095340942 -1.4598709212088288 5.7734328999469158
decision_type=2 2 2
left_child=1 -1 -3
right_child=-2 2 -4
leaf_value=-0.00095476676520154374 0.00071416294087884495 0.0010058491153498465 -0.00015087755565870215
leaf_weight=206 162 176 1645
leaf_count=206 162 176 1645
internal_value=-6.79489e-05 -0.00013206 -3.66316e-05
internal_weight=2189 2027 1821
internal_count=2189 2027 1821
is_linear=0
shrinkage=0.02


Tree=361
num_leaves=6
num_cat=0
split_feature=8 11 8 8 13
split_gain=0.2741 0.651908 0.613441 1.06154 0.575564
threshold=0.70902032728097553 0.10882993669133921 0.63387932992119733 0.57551116111238565 -0.09989237062127905
decision_type=2 2 2 2 10
left_child=2 -2 3 -1 -4
right_child=1 -3 4 -5 -6
leaf_value=-0.00034527946670317305 -0.00049546681321513506 0.0012305109186612148 -0.0015303239841988787 0.00085102274358737201 -0.00020609012038664361
leaf_weight=841 157 187 210 452 342
leaf_count=841 157 187 210 452 342
internal_value=-6.73334e-05 0.00044697 -0.000164174 7.45847e-05 -0.00071909
internal_weight=2189 344 1845 1293 552
internal_count=2189 344 1845 1293 552
is_linear=0
shrinkage=0.02


Tree=362
num_leaves=6
num_cat=0
split_feature=6 1 12 6 4
split_gain=0.270552 0.487558 0.546903 0.391347 0.551761
threshold=6.3102813845302252 1.1288404553473865 0.33819047981375155 6.457091344760892 0.012990381056766588
decision_type=2 2 2 2 2
left_child=1 2 -1 -2 -5
right_child=3 -3 -4 4 -6
leaf_value=0.0012792641899830573 -0.0010912629920428365 -0.00066082711917330404 -0.00013625750556734982 -0.00095594662640775959 8.5888171627644512e-05
leaf_weight=236 171 152 198 240 1192
leaf_count=236 171 152 198 240 1192
internal_value=-6.68043e-05 0.000299311 0.000639277 -0.000201157 -9.14397e-05
internal_weight=2189 586 434 1603 1432
internal_count=2189 586 434 1603 1432
is_linear=0
shrinkage=0.02


Tree=363
num_leaves=4
num_cat=0
split_feature=4 3 3
split_gain=0.269029 0.391717 0.536194
threshold=0.067961386095340942 -1.4598709212088288 -0.65184896033616979
decision_type=2 2 2
left_child=1 -1 -3
right_child=-2 2 -4
leaf_value=-0.00094503576933490155 0.00070590295590471466 0.00050098774193482656 -0.00025327425712468819
leaf_weight=206 162 526 1295
leaf_count=206 162 526 1295
internal_value=-6.59748e-05 -0.000129249 -3.46287e-05
internal_weight=2189 2027 1821
internal_count=2189 2027 1821
is_linear=0
shrinkage=0.02


Tree=364
num_leaves=7
num_cat=0
split_feature=0 8 3 0 8 8
split_gain=0.269303 0.723974 0.802907 0.526298 0.618495 0.492465
threshold=0.53000000000000014 0.70838667803574429 -0.65184896033616979 0.63750000000000007 0.57312841967914008 0.64369948696152635
decision_type=2 2 2 2 2 2
left_child=1 2 -1 4 -2 -5
right_child=3 -3 -4 5 -6 -7
leaf_value=0.00010874386127792703 -0.00027476593097553977 0.00081894131724930138 -0.00098665316079028071 0.00025120911379315839 0.0013201743284097084 -0.0010191811889830769
leaf_weight=511 153 206 555 317 255 192
leaf_count=511 153 206 555 317 255 192
internal_value=-6.54851e-05 -0.00025342 -0.000463505 0.000195166 0.000725986 -0.000233248
internal_weight=2189 1272 1066 917 408 509
internal_count=2189 1272 1066 917 408 509
is_linear=0
shrinkage=0.02


Tree=365
num_leaves=6
num_cat=0
split_feature=7 7 12 7 1
split_gain=0.267956 1.11832 1.26155 0.673549 0.58839
threshold=-0.53672757228240564 -0.71998814116665588 -0.25881719453618979 -0.33504394213048982 1.0601705307504095
decision_type=2 2 2 2 2
left_child=1 2 -1 -2 -5
right_child=3 -3 -4 4 -6
leaf_value=-0.0013903480364558089 -0.0013655628606132912 0.0015485804457308666 0.0006928726421742171 0.00019640415985407969 -0.00073067044666338347
leaf_weight=209 173 189 250 996 372
leaf_count=209 173 189 250 996 372
internal_value=-6.48859e-05 0.000274996 -0.000260457 -0.000208236 -5.74379e-05
internal_weight=2189 648 459 1541 1368
internal_count=2189 648 459 1541 1368
is_linear=0
shrinkage=0.02


Tree=366
num_leaves=5
num_cat=0
split_feature=1 1 0 6
split_gain=0.269206 0.600041 0.757163 0.484767
threshold=1.6961643565743085 1.0448177854782881 0.63000000000000012 6.5762397356601552
decision_type=2 2 2 2
left_child=1 3 -3 -1
right_child=-2 2 -4 -5
leaf_value=0.0004431743069130075 0.00062612803998153392 -0.0018653720276183392 -3.5146306161586126e-05 -0.00025665474596672474
leaf_weight=664 200 161 199 965
leaf_count=664 200 161 199 965
internal_value=-6.42374e-05 -0.000135052 -0.000868004 2.90872e-05
internal_weight=2189 1989 360 1629
internal_count=2189 1989 360 1629
is_linear=0
shrinkage=0.02


Tree=367
num_leaves=7
num_cat=0
split_feature=0 8 3 0 11 11
split_gain=0.264151 0.708585 0.783237 0.513684 0.800874 0.361682
threshold=0.53000000000000014 0.70838667803574429 -0.65184896033616979 0.67250000000000021 0.64278301372990121 -0.30070364944600442
decision_type=2 2 2 2 2 2
left_child=1 2 -1 4 -2 -5
right_child=3 -3 -4 5 -6 -7
leaf_value=0.00010696978336236216 0.0011228635372807745 0.00081051177779980609 -0.00097492983999888688 -0.001030327947506025 -0.00053304378352413292 0.00018625075133362162
leaf_weight=511 361 206 555 171 168 217
leaf_count=511 361 206 555 171 168 217
internal_value=-6.42593e-05 -0.000250389 -0.00045823 0.000193884 0.000596913 -0.000356209
internal_weight=2189 1272 1066 917 529 388
internal_count=2189 1272 1066 917 529 388
is_linear=0
shrinkage=0.02


Tree=368
num_leaves=6
num_cat=0
split_feature=7 7 12 7 5
split_gain=0.263483 1.09198 1.23328 0.657075 0.586955
threshold=-0.53672757228240564 -0.71998814116665588 -0.25881719453618979 -0.33504394213048982 -0.12000000000000001
decision_type=2 2 2 2 2
left_child=1 2 -1 -2 -5
right_child=3 -3 -4 4 -6
leaf_value=-0.0013729117556734048 -0.0013488782815677062 0.0015318824355874555 0.00068682728833792839 -0.00094431939215057199 0.00013530841745483044
leaf_weight=209 173 189 250 240 1128
leaf_count=209 173 189 250 240 1128
internal_value=-6.36423e-05 0.000273389 -0.000255737 -0.000205792 -5.68491e-05
internal_weight=2189 648 459 1541 1368
internal_count=2189 648 459 1541 1368
is_linear=0
shrinkage=0.02


Tree=369
num_leaves=4
num_cat=0
split_feature=6 11 11
split_gain=0.263178 0.435308 0.584316
threshold=5.7734328999469158 -0.95892293223302472 -0.7298473806936866
decision_type=2 2 2
left_child=-1 -2 -3
right_child=1 2 -4
leaf_value=0.00060746746063056699 0.00075659540952230354 -0.0010200530885332458 -6.6298737760379123e-05
leaf_weight=207 193 306 1483
leaf_count=207 193 306 1483
internal_value=-6.25798e-05 -0.000133912 -0.000231822
internal_weight=2189 1982 1789
internal_count=2189 1982 1789
is_linear=0
shrinkage=0.02


Tree=370
num_leaves=4
num_cat=0
split_feature=4 3 11
split_gain=0.261265 0.392697 0.527164
threshold=0.067961386095340942 -1.4598709212088288 0.94334592595852951
decision_type=2 2 2
left_child=1 -1 -3
right_child=-2 2 -4
leaf_value=-0.00094106752029289077 0.0006987396377964157 -0.00015324422234518333 0.0009009283360873544
leaf_weight=206 162 1611 210
leaf_count=206 162 1611 210
internal_value=-6.19046e-05 -0.000124266 -2.95417e-05
internal_weight=2189 2027 1821
internal_count=2189 2027 1821
is_linear=0
shrinkage=0.02


Tree=371
num_leaves=4
num_cat=0
split_feature=1 1 6
split_gain=0.258523 0.648044 0.529968
threshold=1.7216747252834843 1.4233333598151916 6.2978454895644704
decision_type=2 2 2
left_child=1 2 -1
right_child=-2 -3 -4
leaf_value=0.00054962445675216102 0.000646118727936434 -0.001328492871415096 -0.00022070819051121194
leaf_weight=478 184 160 1367
leaf_count=478 184 160 1367
internal_value=-6.12707e-05 -0.000127634 -2.01854e-05
internal_weight=2189 2005 1845
internal_count=2189 2005 1845
is_linear=0
shrinkage=0.02


Tree=372
num_leaves=6
num_cat=0
split_feature=7 12 7 13 5
split_gain=0.257826 1.06817 0.644592 0.640829 0.579165
threshold=-0.53672757228240564 -0.66749245881647024 -0.33504394213048982 0.21436319846336771 0.069999999999999993
decision_type=2 2 2 8 2
left_child=1 -1 -2 -3 -4
right_child=2 3 4 -5 -6
leaf_value=-0.0010381585380814338 -0.0013335538934916259 0.0013821051432917428 0.00023232851700883404 -0.00010425064250559427 -0.00064153016800811509
leaf_weight=176 173 275 922 197 446
leaf_count=176 173 275 922 197 446
internal_value=-6.07612e-05 0.000272625 -0.00020138 0.000767151 -5.38686e-05
internal_weight=2189 648 1541 472 1368
internal_count=2189 648 1541 472 1368
is_linear=0
shrinkage=0.02


Tree=373
num_leaves=6
num_cat=0
split_feature=8 11 8 8 9
split_gain=0.255747 0.633328 0.601383 1.02249 0.5342
threshold=0.70902032728097553 0.10882993669133921 0.63387932992119733 0.57551116111238565 -0.7399282977319388
decision_type=2 2 2 2 2
left_child=2 -2 3 -1 -4
right_child=1 -3 4 -5 -6
leaf_value=-0.0003292139140772358 -0.00049198087005887503 0.0012091689484683835 0.00020674426679033787 0.00084488832664368282 -0.0011223510166853228
leaf_weight=841 157 187 175 452 377
leaf_count=841 157 187 175 452 377
internal_value=-5.99205e-05 0.000436847 -0.000153473 8.2896e-05 -0.000702916
internal_weight=2189 344 1845 1293 552
internal_count=2189 344 1845 1293 552
is_linear=0
shrinkage=0.02


Tree=374
num_leaves=5
num_cat=0
split_feature=1 1 0 7
split_gain=0.254707 0.585882 0.753113 0.652966
threshold=1.6961643565743085 1.0448177854782881 0.63000000000000012 0.80323818428152671
decision_type=2 2 2 2
left_child=1 3 -3 -1
right_child=-2 2 -4 -5
leaf_value=-0.00013398114294321822 0.00061209580674199612 -0.0018472417219575629 -2.2250841698134502e-05 0.00098372146364550362
leaf_weight=1388 200 161 199 241
leaf_count=1388 200 161 199 241
internal_value=-5.94083e-05 -0.000128296 -0.000852552 3.38799e-05
internal_weight=2189 1989 360 1629
internal_count=2189 1989 360 1629
is_linear=0
shrinkage=0.02


Tree=375
num_leaves=7
num_cat=0
split_feature=13 1 7 1 6 9
split_gain=0.25463 0.79263 0.999452 0.659355 0.650914 0.436663
threshold=0.076703014414507512 0.45824351919978773 -0.81899109865213215 1.0448177854782881 6.9937402960692037 0.19961955692354902
decision_type=10 2 2 2 2 2
left_child=3 2 -2 4 -1 -5
right_child=1 -3 -4 5 -6 -7
leaf_value=-0.00024980188369911336 -0.0014382307172689419 0.0011571852203905656 0.00041530222426233596 -0.0017311288598894834 0.00087927206958244956 -0.00037792619909142135
leaf_weight=750 171 246 339 150 275 258
leaf_count=750 171 246 339 150 275 258
internal_value=-5.92229e-05 0.000236779 -0.000214106 -0.000215663 5.59182e-05 -0.000890362
internal_weight=2189 756 510 1433 1025 408
internal_count=2189 756 510 1433 1025 408
is_linear=0
shrinkage=0.02


Tree=376
num_leaves=4
num_cat=0
split_feature=6 11 11
split_gain=0.254712 0.423794 0.571842
threshold=5.7734328999469158 -0.95892293223302472 -0.7298473806936866
decision_type=2 2 2
left_child=-1 -2 -3
right_child=1 2 -4
leaf_value=0.00060083244306711862 0.00075011183507740504 -0.0010049014369630737 -6.1401572669618409e-05
leaf_weight=207 193 306 1483
leaf_count=207 193 306 1483
internal_value=-5.83369e-05 -0.000128519 -0.000225134
internal_weight=2189 1982 1789
internal_count=2189 1982 1789
is_linear=0
shrinkage=0.02


Tree=377
num_leaves=7
num_cat=0
split_feature=0 3 5 3 0 3
split_gain=0.25268 0.561977 1.23008 0.717315 0.495032 0.498099
threshold=0.53000000000000014 -0.65184896033616979 -0.042500000000000003 0.33032974099227724 0.63750000000000007 0.44721359549995826
decision_type=2 2 2 2 2 2
left_child=1 2 -1 -3 5 -2
right_child=4 3 -4 -5 -6 -7
leaf_value=-0.00033420345482474789 0.0014333393116189978 -0.001378828598762531 0.0016863996028168801 -5.2715106657015867e-05 -0.00022077420747255481 4.2023103345524176e-05
leaf_weight=458 193 290 158 366 509 215
leaf_count=458 193 290 158 366 509 215
internal_value=-5.77012e-05 -0.000239753 0.000193473 -0.00064495 0.00019476 0.000709555
internal_weight=2189 1272 616 656 917 408
internal_count=2189 1272 616 656 917 408
is_linear=0
shrinkage=0.02


Tree=378
num_leaves=4
num_cat=0
split_feature=4 3 11
split_gain=0.252422 0.392182 0.51381
threshold=0.067961386095340942 -1.4598709212088288 0.94334592595852951
decision_type=2 2 2
left_child=1 -1 -3
right_child=-2 2 -4
leaf_value=-0.00093346422055396317 0.00069174435597560012 -0.0001447030276513303 0.00089602705041423093
leaf_weight=206 162 1611 210
leaf_count=206 162 1611 210
internal_value=-5.58951e-05 -0.000117202 -2.25598e-05
internal_weight=2189 2027 1821
internal_count=2189 2027 1821
is_linear=0
shrinkage=0.02


Tree=379
num_leaves=6
num_cat=0
split_feature=7 7 12 7 2
split_gain=0.250589 1.05566 1.18589 0.629388 0.572917
threshold=-0.53672757228240564 -0.71998814116665588 -0.25881719453618979 -0.33504394213048982 0.023752145924519141
decision_type=2 2 2 2 2
left_child=1 2 -1 -2 -5
right_child=3 -3 -4 4 -6
leaf_value=-0.0013424903655829448 -0.0013127009801859602 0.0015107056926743888 0.0006772686597781584 0.0010354252098596583 -0.00020154694401504244
leaf_weight=209 173 189 250 166 1202
leaf_count=209 173 189 250 166 1202
internal_value=-5.53249e-05 0.000273335 -0.00024696 -0.000193965 -4.82225e-05
internal_weight=2189 648 459 1541 1368
internal_count=2189 648 459 1541 1368
is_linear=0
shrinkage=0.02


Tree=380
num_leaves=4
num_cat=0
split_feature=6 11 11
split_gain=0.248901 0.413923 0.556129
threshold=5.7734328999469158 -0.95892293223302472 -0.7298473806936866
decision_type=2 2 2
left_child=-1 -2 -3
right_child=1 2 -4
leaf_value=0.00059715081297326831 0.0007444935863498937 -0.00098829223298231138 -5.7858098032308488e-05
leaf_weight=207 193 306 1483
leaf_count=207 193 306 1483
internal_value=-5.44421e-05 -0.000123826 -0.000219315
internal_weight=2189 1982 1789
internal_count=2189 1982 1789
is_linear=0
shrinkage=0.02


Tree=381
num_leaves=6
num_cat=0
split_feature=8 11 8 8 13
split_gain=0.247449 0.617003 0.590932 0.99509 0.551825
threshold=0.70902032728097553 0.10882993669133921 0.63387932992119733 0.57551116111238565 -0.09989237062127905
decision_type=2 2 2 2 10
left_child=2 -2 3 -1 -4
right_child=1 -3 4 -5 -6
leaf_value=-0.00031818232958669607 -0.0004820887790417966 0.0011970450448340368 -0.0014848221468111112 0.00084009201065392627 -0.00018845731145581527
leaf_weight=841 157 187 210 452 342
leaf_count=841 157 187 210 452 342
internal_value=-5.38548e-05 0.000434769 -0.000145887 8.83974e-05 -0.000690541
internal_weight=2189 344 1845 1293 552
internal_count=2189 344 1845 1293 552
is_linear=0
shrinkage=0.02


Tree=382
num_leaves=4
num_cat=0
split_feature=4 3 6
split_gain=0.246575 0.386294 0.505106
threshold=0.067961386095340942 -1.4598709212088288 5.7734328999469158
decision_type=2 2 2
left_child=1 -1 -3
right_child=-2 2 -4
leaf_value=-0.00092415814435272802 0.00068546976344827234 0.00098288511090721545 -0.00013009237257312193
leaf_weight=206 162 176 1645
leaf_count=206 162 176 1645
internal_value=-5.34522e-05 -0.000114049 -2.01261e-05
internal_weight=2189 2027 1821
internal_count=2189 2027 1821
is_linear=0
shrinkage=0.02


Tree=383
num_leaves=7
num_cat=0
split_feature=13 13 4 1 0 6
split_gain=0.245208 0.776352 0.839625 0.64897 1.001 0.646022
threshold=0.076703014414507512 0.13965283492518399 0.043011626335213167 1.0448177854782881 0.60750000000000004 6.9937402960692037
decision_type=10 10 2 2 2 2
left_child=3 -2 -3 5 -5 -1
right_child=1 2 -4 4 -6 -7
leaf_value=-0.00024173401264529306 0.0012362364109192567 -0.00066440173619597854 0.0010629257366438455 -0.0021463263477048567 -0.00011051481292218311 0.00088309895055967245
leaf_weight=750 216 387 153 150 258 275
leaf_count=750 216 387 153 150 258 275
internal_value=-5.30002e-05 0.000237457 -0.000169731 -0.000206528 -0.000875898 6.28724e-05
internal_weight=2189 756 540 1433 408 1025
internal_count=2189 756 540 1433 408 1025
is_linear=0
shrinkage=0.02


Tree=384
num_leaves=5
num_cat=0
split_feature=1 1 0 7
split_gain=0.245009 0.57242 0.750003 0.64179
threshold=1.6961643565743085 1.0448177854782881 0.63000000000000012 0.80323818428152671
decision_type=2 2 2 2
left_child=1 3 -3 -1
right_child=-2 2 -4 -5
leaf_value=-0.00012690222862745554 0.00060539987378912727 -0.0018292699682425303 -8.4036715926748582e-06 0.00098119919476519538
leaf_weight=1388 200 161 199 241
leaf_count=1388 200 161 199 241
internal_value=-5.3175e-05 -0.000120749 -0.000836639 3.9535e-05
internal_weight=2189 1989 360 1629
internal_count=2189 1989 360 1629
is_linear=0
shrinkage=0.02


Tree=385
num_leaves=6
num_cat=0
split_feature=7 7 5 7 5
split_gain=0.24429 1.02818 1.02096 0.616449 0.574417
threshold=-0.53672757228240564 -0.71998814116665588 0.029999999999999947 -0.33504394213048982 -0.12000000000000001
decision_type=2 2 2 2 2
left_child=1 2 -1 -2 -5
right_child=3 -3 -4 4 -6
leaf_value=-0.0010166406189259613 -0.0012971252668125743 0.0014925880957702079 0.00088174628188426147 -0.00092368951937829959 0.00014433213601991148
leaf_weight=272 173 189 187 240 1128
leaf_count=272 173 189 187 240 1128
internal_value=-5.30611e-05 0.000271436 -0.000242056 -0.000189951 -4.57215e-05
internal_weight=2189 648 459 1541 1368
internal_count=2189 648 459 1541 1368
is_linear=0
shrinkage=0.02


Tree=386
num_leaves=7
num_cat=0
split_feature=13 13 1 0 6 1
split_gain=0.243943 0.757287 0.643846 0.983366 0.632886 0.594296
threshold=0.076703014414507512 0.13965283492518399 1.0448177854782881 0.60750000000000004 6.9937402960692037 0.45824351919978773
decision_type=10 10 2 2 2 2
left_child=2 -2 4 -4 -1 -3
right_child=1 5 3 -5 -6 -7
leaf_value=-0.00023827829460200192 0.0012241571435569977 -0.00061408213781595066 -0.0021310280119219132 -0.00011314932202491839 0.00087506125007556486 0.00079567028505896976
leaf_weight=750 216 369 150 258 275 171
leaf_count=750 216 369 150 258 275 171
internal_value=-5.19784e-05 0.000237727 -0.000205112 -0.000871834 6.32204e-05 -0.000164456
internal_weight=2189 756 1433 408 1025 540
internal_count=2189 756 1433 408 1025 540
is_linear=0
shrinkage=0.02


Tree=387
num_leaves=6
num_cat=0
split_feature=6 1 12 6 12
split_gain=0.242718 0.463947 0.542903 0.381671 0.503648
threshold=6.3102813845302252 1.1288404553473865 0.33819047981375155 6.457091344760892 -0.42607537243983401
decision_type=2 2 2 2 2
left_child=1 2 -1 -2 -5
right_child=3 -3 -4 4 -6
leaf_value=0.0012640082080659159 -0.0010582697819005592 -0.00064191779520682952 -0.00014611424323116324 -0.00055963690412531462 0.00021505105544705516
leaf_weight=236 171 152 198 527 905
leaf_count=236 171 152 198 527 905
internal_value=-5.20065e-05 0.000294727 0.000626343 -0.000179282 -7.10023e-05
internal_weight=2189 586 434 1603 1432
internal_count=2189 586 434 1603 1432
is_linear=0
shrinkage=0.02


Tree=388
num_leaves=6
num_cat=0
split_feature=8 11 8 8 4
split_gain=0.242378 0.603504 0.580488 0.967375 0.542989
threshold=0.70902032728097553 0.10882993669133921 0.63387932992119733 0.57551116111238565 0.021650635094610973
decision_type=2 2 2 2 2
left_child=2 -2 3 -1 -4
right_child=1 -3 4 -5 -6
leaf_value=-0.00031112960349310444 -0.00047458833485933738 0.0011861086949829769 0.00012378127078040385 0.00083090423767840076 -0.0011644243918169813
leaf_weight=841 157 187 208 452 344
leaf_count=841 157 187 208 452 344
internal_value=-5.13498e-05 0.000432234 -0.000142438 8.97593e-05 -0.00068226
internal_weight=2189 344 1845 1293 552
internal_count=2189 344 1845 1293 552
is_linear=0
shrinkage=0.02


Tree=389
num_leaves=4
num_cat=0
split_feature=1 1 6
split_gain=0.239852 0.625148 0.500042
threshold=1.7216747252834843 1.4233333598151916 6.2978454895644704
decision_type=2 2 2
left_child=1 2 -1
right_child=-2 -3 -4
leaf_value=0.00054410784968076656 0.00063041558972111455 -0.0012943068715517943 -0.00020415647051931135
leaf_weight=478 184 160 1367
leaf_count=478 184 160 1367
internal_value=-5.09164e-05 -0.000114855 -9.35059e-06
internal_weight=2189 2005 1845
internal_count=2189 2005 1845
is_linear=0
shrinkage=0.02


Tree=390
num_leaves=6
num_cat=0
split_feature=7 12 7 2 12
split_gain=0.237885 1.01605 0.604838 0.565303 0.44636
threshold=-0.53672757228240564 -0.66749245881647024 -0.33504394213048982 0.023752145924519141 0.372743538275639
decision_type=2 2 2 2 2
left_child=1 -1 -2 -4 -3
right_child=2 4 3 -5 -6
leaf_value=-0.0010087647241957033 -0.0012823041459398992 0.0013133278631508119 0.0010336447343753095 -0.00019507321949709477 8.3143187753622301e-05
leaf_weight=176 173 254 166 1202 218
leaf_count=176 173 254 166 1202 218
internal_value=-5.05213e-05 0.000269688 -0.000185608 -4.27532e-05 0.000751977
internal_weight=2189 648 1541 1368 472
internal_count=2189 648 1541 1368 472
is_linear=0
shrinkage=0.02


Tree=391
num_leaves=4
num_cat=0
split_feature=4 3 3
split_gain=0.237837 0.38073 0.49816
threshold=0.067961386095340942 -1.4598709212088288 -0.65184896033616979
decision_type=2 2 2
left_child=1 -1 -3
right_child=-2 2 -4
leaf_value=-0.00091329600277987991 0.00067617409737100328 0.00050040520716672528 -0.00022660550432550595
leaf_weight=206 162 526 1295
leaf_count=206 162 526 1295
internal_value=-4.95243e-05 -0.000109044 -1.58116e-05
internal_weight=2189 2027 1821
internal_count=2189 2027 1821
is_linear=0
shrinkage=0.02


Tree=392
num_leaves=6
num_cat=0
split_feature=8 11 8 8 4
split_gain=0.23746 0.58831 0.567375 0.942074 0.532193
threshold=0.70902032728097553 0.10882993669133921 0.63387932992119733 0.57551116111238565 0.021650635094610973
decision_type=2 2 2 2 2
left_child=2 -2 3 -1 -4
right_child=1 -3 4 -5 -6
leaf_value=-0.00030543246645542042 -0.00046595258017381036 0.0011737447810810408 0.0001248768134755323 0.00082157003057583622 -0.0011504110349022001
leaf_weight=841 157 187 208 452 344
leaf_count=841 157 187 208 452 344
internal_value=-4.92062e-05 0.00042944 -0.000139369 9.01862e-05 -0.00067306
internal_weight=2189 344 1845 1293 552
internal_count=2189 344 1845 1293 552
is_linear=0
shrinkage=0.02


Tree=393
num_leaves=7
num_cat=0
split_feature=13 13 4 1 6 9
split_gain=0.238033 0.74182 0.811705 0.622282 0.628463 0.428333
threshold=0.076703014414507512 0.13965283492518399 0.043011626335213167 1.0448177854782881 6.9937402960692037 0.19961955692354902
decision_type=10 10 2 2 2 2
left_child=3 -2 -3 4 -1 -5
right_child=1 2 -4 5 -6 -7
leaf_value=-0.0002367175502474389 0.0012136741075243346 -0.00064712243924857054 0.0010512163471194762 -0.0016880074653609265 0.00087272532613548849 -0.0003486380510088835
leaf_weight=750 216 387 153 150 275 258
leaf_count=750 216 387 153 150 275 258
internal_value=-4.87919e-05 0.000237375 -0.000160697 -0.000200064 6.37295e-05 -0.000855528
internal_weight=2189 756 540 1433 1025 408
internal_count=2189 756 540 1433 1025 408
is_linear=0
shrinkage=0.02


Tree=394
num_leaves=5
num_cat=0
split_feature=1 3 0 8
split_gain=0.238991 0.50533 0.621012 0.366498
threshold=-1.5557202461387629 -0.65184896033616979 0.53000000000000014 0.6251708986130261
decision_type=2 2 2 2
left_child=-1 3 -3 -2
right_child=1 2 -4 -5
leaf_value=-0.00062114535635228528 0.0010264769915255324 -0.00061965206685883189 0.00022410075997342233 -6.8675767573894882e-06
leaf_weight=252 287 656 735 259
leaf_count=252 287 656 735 259
internal_value=-4.80727e-05 2.78902e-05 -0.00017461 0.000540686
internal_weight=2189 1937 1391 546
internal_count=2189 1937 1391 546
is_linear=0
shrinkage=0.02


Tree=395
num_leaves=5
num_cat=0
split_feature=1 1 0 6
split_gain=0.235435 0.548198 0.742479 0.448164
threshold=1.6961643565743085 1.0448177854782881 0.63000000000000012 6.5762397356601552
decision_type=2 2 2 2
left_child=1 3 -3 -1
right_child=-2 2 -4 -5
leaf_value=0.00044083426739903578 0.00059769385535179118 -0.0018023393563477389 8.935302418346206e-06 -0.00023206473788073688
leaf_weight=664 200 161 199 965
leaf_count=664 200 161 199 965
internal_value=-4.78683e-05 -0.000114117 -0.0008147 4.27266e-05
internal_weight=2189 1989 360 1629
internal_count=2189 1989 360 1629
is_linear=0
shrinkage=0.02


Tree=396
num_leaves=7
num_cat=0
split_feature=13 1 7 1 0 6
split_gain=0.234012 0.725121 0.95664 0.609484 0.980375 0.619464
threshold=0.076703014414507512 0.45824351919978773 -0.81899109865213215 1.0448177854782881 0.60750000000000004 6.9937402960692037
decision_type=10 2 2 2 2 2
left_child=3 2 -2 5 -5 -1
right_child=1 -3 -4 4 -6 -7
leaf_value=-0.00023527173642439163 -0.0013933658409355718 0.0011159863259524582 0.00041996872274551632 -0.0021039787934672449 -8.9684099630902409e-05 0.00086619936117702829
leaf_weight=750 171 246 339 150 258 275
leaf_count=750 171 246 339 150 258 275
internal_value=-4.80622e-05 0.000235676 -0.000195657 -0.000198051 -0.00084674 6.30152e-05
internal_weight=2189 756 510 1433 408 1025
internal_count=2189 756 510 1433 408 1025
is_linear=0
shrinkage=0.02


Tree=397
num_leaves=6
num_cat=0
split_feature=8 11 8 8 13
split_gain=0.233029 0.575884 0.552773 0.916477 0.536819
threshold=0.70902032728097553 0.10882993669133921 0.63387932992119733 0.57551116111238565 -0.09989237062127905
decision_type=2 2 2 2 10
left_child=2 -2 3 -1 -4
right_child=1 -3 4 -5 -6
leaf_value=-0.00030118019639868861 -0.00045998858011983058 0.0011623159065372118 -0.0014476867552066957 0.0008104058647583315 -0.00016939838141100938
leaf_weight=841 157 187 210 452 342
leaf_count=841 157 187 210 452 342
internal_value=-4.82363e-05 0.000425921 -0.000137555 8.9027e-05 -0.000664334
internal_weight=2189 344 1845 1293 552
internal_count=2189 344 1845 1293 552
is_linear=0
shrinkage=0.02


Tree=398
num_leaves=6
num_cat=0
split_feature=7 7 12 7 5
split_gain=0.23067 0.990821 1.14324 0.594294 0.569818
threshold=-0.53672757228240564 -0.71998814116665588 -0.25881719453618979 -0.33504394213048982 -0.12000000000000001
decision_type=2 2 2 2 2
left_child=1 2 -1 -2 -5
right_child=3 -3 -4 4 -6
leaf_value=-0.0013123503052324891 -0.0012679968241685897 0.0014661885692363547 0.00067072424449610938 -0.00091377623977937879 0.00014995497166368592
leaf_weight=209 173 189 250 240 1128
leaf_count=209 173 189 250 240 1128
internal_value=-4.78794e-05 0.000267431 -0.000236656 -0.000180905 -3.93126e-05
internal_weight=2189 648 459 1541 1368
internal_count=2189 648 459 1541 1368
is_linear=0
shrinkage=0.02


Tree=399
num_leaves=5
num_cat=0
split_feature=1 3 0 8
split_gain=0.231128 0.497254 0.594063 0.358384
threshold=-1.5557202461387629 -0.65184896033616979 0.53000000000000014 0.6251708986130261
decision_type=2 2 2 2
left_child=-1 3 -3 -2
right_child=1 2 -4 -5
leaf_value=-0.00061052878119109439 0.0010168052296001106 -0.00060840933821086586 0.0002168401966755974 -5.0693828432651406e-06
leaf_weight=252 287 656 735 259
leaf_count=252 287 656 735 259
internal_value=-4.69617e-05 2.77405e-05 -0.000173135 0.000536423
internal_weight=2189 1937 1391 546
internal_count=2189 1937 1391 546
is_linear=0
shrinkage=0.02


Tree=400
num_leaves=4
num_cat=0
split_feature=4 3 6
split_gain=0.231206 0.377446 0.489047
threshold=0.067961386095340942 -1.4598709212088288 5.7734328999469158
decision_type=2 2 2
left_child=1 -1 -3
right_child=-2 2 -4
leaf_value=-0.00090621186248181272 0.00066875294401605955 0.00097429904268632602 -0.0001208394586951754
leaf_weight=206 162 176 1645
leaf_count=206 162 176 1645
internal_value=-4.67484e-05 -0.000105437 -1.26161e-05
internal_weight=2189 2027 1821
internal_count=2189 2027 1821
is_linear=0
shrinkage=0.02


Tree=401
num_leaves=6
num_cat=0
split_feature=8 11 8 8 13
split_gain=0.229792 0.563457 0.537858 0.894406 0.526825
threshold=0.70902032728097553 0.10882993669133921 0.63387932992119733 0.57551116111238565 -0.09989237062127905
decision_type=2 2 2 2 10
left_child=2 -2 3 -1 -4
right_child=1 -3 4 -5 -6
leaf_value=-0.00029703177785804719 -0.0004518747596245512 0.0011528781157236761 -0.0014306919076588266 0.000801088805158859 -0.00016442527798586862
leaf_weight=841 157 187 210 452 342
leaf_count=841 157 187 210 452 342
internal_value=-4.63522e-05 0.000424495 -0.000135052 8.84505e-05 -0.000654676
internal_weight=2189 344 1845 1293 552
internal_count=2189 344 1845 1293 552
is_linear=0
shrinkage=0.02


Tree=402
num_leaves=7
num_cat=0
split_feature=13 13 4 1 0 7
split_gain=0.226682 0.717911 0.782929 0.608951 0.964362 0.61577
threshold=0.076703014414507512 0.13965283492518399 0.043011626335213167 1.0448177854782881 0.60750000000000004 0.80323818428152671
decision_type=10 10 2 2 2 2
left_child=3 -2 -3 5 -5 -1
right_child=1 2 -4 4 -6 -7
leaf_value=-0.00020398120389069171 0.0011936819731422207 -0.0006360790699620005 0.0010318863485008478 -0.0020889764235865684 -9.1151861923644066e-05 0.00094535241649699867
leaf_weight=786 216 387 153 150 258 239
leaf_count=786 216 387 153 150 258 239
internal_value=-4.60112e-05 0.000233244 -0.000158358 -0.000193635 -0.000842044 6.72979e-05
internal_weight=2189 756 540 1433 408 1025
internal_count=2189 756 540 1433 408 1025
is_linear=0
shrinkage=0.02


Tree=403
num_leaves=6
num_cat=0
split_feature=6 4 6 4 3
split_gain=0.225017 0.461351 0.377858 0.535035 0.199895
threshold=6.3102813845302252 0.016996731711975934 6.457091344760892 0.012990381056766588 0.57735026918962229
decision_type=2 2 2 2 2
left_child=1 -1 -2 -4 -3
right_child=2 4 3 -5 -6
leaf_value=0.0010810164865866607 -0.0010433367664650591 0.0003041515811134807 -0.00091242717134253114 0.00011344306514010614 -0.00058814276727168146
leaf_weight=191 171 215 240 1192 180
leaf_count=191 171 215 240 1192 180
internal_value=-4.62144e-05 0.000287625 -0.000168769 -6.1067e-05 -0.000104733
internal_weight=2189 586 1603 1432 395
internal_count=2189 586 1603 1432 395
is_linear=0
shrinkage=0.02


Tree=404
num_leaves=4
num_cat=0
split_feature=1 1 11
split_gain=0.227451 0.490381 0.452646
threshold=-1.5557202461387629 -1.1423723315208596 0.94334592595852951
decision_type=2 2 2
left_child=-1 -2 -3
right_child=1 2 -4
leaf_value=-0.00060479670373454742 0.00089554130640538893 -0.00020383740200076452 0.00081725883112308026
leaf_weight=252 225 1521 191
leaf_count=252 225 1521 191
internal_value=-4.57299e-05 2.83735e-05 -8.78702e-05
internal_weight=2189 1937 1712
internal_count=2189 1937 1712
is_linear=0
shrinkage=0.02


Tree=405
num_leaves=5
num_cat=0
split_feature=1 1 0 7
split_gain=0.227626 0.541419 0.719435 0.617825
threshold=1.6961643565743085 1.0448177854782881 0.63000000000000012 0.80323818428152671
decision_type=2 2 2 2
left_child=1 3 -3 -1
right_child=-2 2 -4 -5
leaf_value=-0.00011771913597290723 0.00058964428196309085 -0.0017786902763757362 4.3653875735460545e-06 0.00096950274538173064
leaf_weight=1388 200 161 199 241
leaf_count=1388 200 161 199 241
internal_value=-4.5114e-05 -0.000110259 -0.000806499 4.56028e-05
internal_weight=2189 1989 360 1629
internal_count=2189 1989 360 1629
is_linear=0
shrinkage=0.02


Tree=406
num_leaves=6
num_cat=0
split_feature=7 12 7 2 12
split_gain=0.226576 0.96675 0.582513 0.557539 0.433065
threshold=-0.53672757228240564 -0.66749245881647024 -0.33504394213048982 0.023752145924519141 0.372743538275639
decision_type=2 2 2 2 2
left_child=1 -1 -2 -4 -3
right_child=2 4 3 -5 -6
leaf_value=-0.00097968616139514184 -0.0012531830678403565 0.0012907536046329567 0.0010322059073338383 -0.00018803927412487306 7.9100368515225007e-05
leaf_weight=176 173 254 166 1202 218
leaf_count=176 173 254 166 1202 218
internal_value=-4.50781e-05 0.000267414 -0.000176923 -3.67489e-05 0.000737829
internal_weight=2189 648 1541 1368 472
internal_count=2189 648 1541 1368 472
is_linear=0
shrinkage=0.02


Tree=407
num_leaves=4
num_cat=0
split_feature=4 3 6
split_gain=0.223389 0.372251 0.47839
threshold=0.067961386095340942 -1.4598709212088288 5.7734328999469158
decision_type=2 2 2
left_child=1 -1 -3
right_child=-2 2 -4
leaf_value=-0.00089706556213869579 0.0006591641028623604 0.00096644381730102047 -0.00011669537838633087
leaf_weight=206 162 176 1645
leaf_count=206 162 176 1645
internal_value=-4.41301e-05 -0.000101822 -9.65008e-06
internal_weight=2189 2027 1821
internal_count=2189 2027 1821
is_linear=0
shrinkage=0.02


Tree=408
num_leaves=7
num_cat=0
split_feature=13 13 4 1 0 6
split_gain=0.222999 0.703683 0.76359 0.599405 0.952905 0.613686
threshold=0.076703014414507512 0.13965283492518399 0.043011626335213167 1.0448177854782881 0.60750000000000004 6.9937402960692037
decision_type=10 10 2 2 2 2
left_child=3 -2 -3 5 -5 -1
right_child=1 2 -4 4 -6 -7
leaf_value=-0.00022823725455742798 0.0011840775881459878 -0.00062630945558859303 0.0010209190133440343 -0.0020729911519635109 -8.7144338973344597e-05 0.00086809301755524113
leaf_weight=750 216 387 153 150 258 275
leaf_count=750 216 387 153 150 258 275
internal_value=-4.37615e-05 0.00023321 -0.00015451 -0.000190185 -0.000833493 6.86863e-05
internal_weight=2189 756 540 1433 408 1025
internal_count=2189 756 540 1433 408 1025
is_linear=0
shrinkage=0.02


Tree=409
num_leaves=5
num_cat=0
split_feature=1 3 0 1
split_gain=0.223534 0.481537 0.56781 0.353494
threshold=-1.5557202461387629 -0.65184896033616979 0.53000000000000014 -0.65375069840741251
decision_type=2 2 2 2
left_child=-1 3 -3 -2
right_child=1 2 -4 -5
leaf_value=-0.00059823629662851129 0.00091554910819150283 -0.00059377581718041031 0.0002130296879355179 -0.00013275703482761763
leaf_weight=252 344 656 735 202
leaf_count=252 344 656 735 202
internal_value=-4.40039e-05 2.94552e-05 -0.000168226 0.000530029
internal_weight=2189 1937 1391 546
internal_count=2189 1937 1391 546
is_linear=0
shrinkage=0.02


Tree=410
num_leaves=6
num_cat=0
split_feature=8 11 8 8 4
split_gain=0.221875 0.550786 0.529106 0.865456 0.527418
threshold=0.70902032728097553 0.10882993669133921 0.63387932992119733 0.57551116111238565 0.021650635094610973
decision_type=2 2 2 2 2
left_child=2 -2 3 -1 -4
right_child=1 -3 4 -5 -6
leaf_value=-0.00028872573694289086 -0.0004477994734626896 0.0011387902046287007 0.00014728991367237671 0.00079148157615509056 -0.001121807686632958
leaf_weight=841 157 187 208 452 344
leaf_count=841 157 187 208 452 344
internal_value=-4.40241e-05 0.000418637 -0.000131185 9.04816e-05 -0.000646568
internal_weight=2189 344 1845 1293 552
internal_count=2189 344 1845 1293 552
is_linear=0
shrinkage=0.02


Tree=411
num_leaves=6
num_cat=0
split_feature=7 7 12 7 5
split_gain=0.221935 0.962703 1.10524 0.571904 0.556938
threshold=-0.53672757228240564 -0.71998814116665588 -0.25881719453618979 -0.33504394213048982 0.069999999999999993
decision_type=2 2 2 2 2
left_child=1 2 -1 -2 -5
right_child=3 -3 -4 4 -6
leaf_value=-0.0012889548975791537 -0.0012405509315365716 0.0014472433989963583 0.00066087779820914953 0.0002453330191160716 -0.00061157827597512079
leaf_weight=209 173 189 250 922 446
leaf_count=209 173 189 250 922 446
internal_value=-4.36479e-05 0.000265624 -0.000231277 -0.000174137 -3.52499e-05
internal_weight=2189 648 459 1541 1368
internal_count=2189 648 459 1541 1368
is_linear=0
shrinkage=0.02


Tree=412
num_leaves=5
num_cat=0
split_feature=1 1 6 7
split_gain=0.221368 0.528587 0.707499 0.604205
threshold=1.6961643565743085 1.0448177854782881 6.6728047069333796 0.80323818428152671
decision_type=2 2 2 2
left_child=1 3 -3 -1
right_child=-2 2 -4 -5
leaf_value=-0.00011478210233114474 0.00058294869467570651 -0.0016928280389727243 6.6840230610406914e-05 0.00096039091094919453
leaf_weight=1388 200 174 186 241
leaf_count=1388 200 174 186 241
internal_value=-4.30176e-05 -0.000107264 -0.000795205 4.67348e-05
internal_weight=2189 1989 360 1629
internal_count=2189 1989 360 1629
is_linear=0
shrinkage=0.02


Tree=413
num_leaves=6
num_cat=0
split_feature=6 4 6 4 1
split_gain=0.220719 0.450774 0.366499 0.52491 0.205482
threshold=6.3102813845302252 0.016996731711975934 6.457091344760892 0.012990381056766588 0.19402966521139645
decision_type=2 2 2 2 2
left_child=1 -1 -2 -4 -3
right_child=2 4 3 -5 -6
leaf_value=0.001072465850691292 -0.0010250970913594673 0.00038094118296315795 -0.00090098994628203162 0.00011512359711658615 -0.00052203728178472711
leaf_weight=191 171 185 240 1192 210
leaf_count=191 171 185 240 1192 210
internal_value=-4.23941e-05 0.00028823 -0.000163779 -5.77172e-05 -9.9648e-05
internal_weight=2189 586 1603 1432 395
internal_count=2189 586 1603 1432 395
is_linear=0
shrinkage=0.02


Tree=414
num_leaves=4
num_cat=0
split_feature=1 1 11
split_gain=0.221417 0.468489 0.440298
threshold=-1.5557202461387629 -1.1423723315208596 0.94334592595852951
decision_type=2 2 2
left_child=-1 -2 -3
right_child=1 2 -4
leaf_value=-0.00059355850028896032 0.00087873446223649967 -0.00019686318294442385 0.00081019968835028763
leaf_weight=252 225 1521 191
leaf_count=252 225 1521 191
internal_value=-4.19552e-05 3.11508e-05 -8.24776e-05
internal_weight=2189 1937 1712
internal_count=2189 1937 1712
is_linear=0
shrinkage=0.02


Tree=415
num_leaves=7
num_cat=0
split_feature=13 13 4 1 0 6
split_gain=0.219014 0.687699 0.745627 0.577539 0.949997 0.602293
threshold=0.076703014414507512 0.13965283492518399 0.043011626335213167 1.0448177854782881 0.60750000000000004 6.9937402960692037
decision_type=10 10 2 2 2 2
left_child=3 -2 -3 5 -5 -1
right_child=1 2 -4 4 -6 -7
leaf_value=-0.0002265423482487484 0.001173097750138306 -0.00061645056971633026 0.0010112777796774349 -0.002055546897072946 -7.3033716988186762e-05 0.00085956335372091935
leaf_weight=750 216 387 153 150 258 275
leaf_count=750 216 387 153 150 258 275
internal_value=-4.13817e-05 0.000233098 -0.000150214 -0.000186495 -0.00081796 6.761e-05
internal_weight=2189 756 540 1433 408 1025
internal_count=2189 756 540 1433 408 1025
is_linear=0
shrinkage=0.02


Tree=416
num_leaves=4
num_cat=0
split_feature=1 1 6
split_gain=0.218989 0.590617 0.462085
threshold=1.7216747252834843 1.4233333598151916 6.2978454895644704
decision_type=2 2 2
left_child=1 2 -1
right_child=-2 -3 -4
leaf_value=0.00053178931192608692 0.00060935818272391483 -0.001249162463838178 -0.00018751410133462535
leaf_weight=478 184 160 1367
leaf_count=478 184 160 1367
internal_value=-4.164e-05 -0.00010275 -2.24383e-07
internal_weight=2189 2005 1845
internal_count=2189 2005 1845
is_linear=0
shrinkage=0.02


Tree=417
num_leaves=5
num_cat=0
split_feature=1 3 11 8
split_gain=0.217972 0.457141 0.514226 0.350827
threshold=-1.5557202461387629 -0.65184896033616979 0.94334592595852951 0.6251708986130261
decision_type=2 2 2 2
left_child=-1 3 -3 -2
right_child=1 2 -4 -5
leaf_value=-0.00058865374469326025 0.00099419300761775515 -0.00030329837585885643 0.00087054416635895472 -1.6629723417502124e-05
leaf_weight=252 287 1226 165 259
leaf_count=252 287 1226 165 259
internal_value=-4.13572e-05 3.11773e-05 -0.000161438 0.0005189
internal_weight=2189 1937 1391 546
internal_count=2189 1937 1391 546
is_linear=0
shrinkage=0.02


Tree=418
num_leaves=4
num_cat=0
split_feature=4 3 6
split_gain=0.217547 0.371277 0.469355
threshold=0.067961386095340942 -1.4598709212088288 5.7734328999469158
decision_type=2 2 2
left_child=1 -1 -3
right_child=-2 2 -4
leaf_value=-0.00089174894379866773 0.00065341721642985494 0.00096131418450884733 -0.00011154817799811787
leaf_weight=206 162 176 1645
leaf_count=206 162 176 1645
internal_value=-4.06085e-05 -9.75471e-05 -5.50746e-06
internal_weight=2189 2027 1821
internal_count=2189 2027 1821
is_linear=0
shrinkage=0.02


Tree=419
num_leaves=6
num_cat=0
split_feature=7 7 12 7 5
split_gain=0.218129 0.941139 1.07638 0.56166 0.568725
threshold=-0.53672757228240564 -0.71998814116665588 -0.25881719453618979 -0.33504394213048982 -0.12000000000000001
decision_type=2 2 2 2 2
left_child=1 2 -1 -2 -5
right_child=3 -3 -4 4 -6
leaf_value=-0.0012688221113819403 -0.0012264668677405067 0.0014346192573610039 0.0006553728768017654 -0.00090566876593368994 0.00015703596895094552
leaf_weight=209 173 189 250 240 1128
leaf_count=209 173 189 250 240 1128
internal_value=-4.0278e-05 0.000266322 -0.000225017 -0.00016965 -3.20226e-05
internal_weight=2189 648 459 1541 1368
internal_count=2189 648 459 1541 1368
is_linear=0
shrinkage=0.02


Tree=420
num_leaves=4
num_cat=0
split_feature=1 1 1
split_gain=0.217899 0.832684 0.487539
threshold=-1.7211808224759986 -1.4417817795394339 -1.1423723315208596
decision_type=2 2 2
left_child=-1 -2 -3
right_child=1 2 -4
leaf_value=0.00067623756914340623 -0.0014893262917647445 0.0010246795852568043 -8.0597380956209911e-05
leaf_weight=153 153 171 1712
leaf_count=153 153 171 1712
internal_value=-3.94303e-05 -9.47357e-05 2.22235e-05
internal_weight=2189 2036 1883
internal_count=2189 2036 1883
is_linear=0
shrinkage=0.02


Tree=421
num_leaves=6
num_cat=0
split_feature=8 11 8 8 4
split_gain=0.216928 0.593865 0.508228 0.94687 0.533562
threshold=0.71126633097041159 0.10882993669133921 0.62970646628472782 0.57551116111238565 0.033400940280482509
decision_type=2 2 2 2 2
left_child=2 -2 3 -1 -4
right_child=1 -3 4 -5 -6
leaf_value=-0.00027924329179946852 -0.00049193699267295425 0.0011754760982729889 -5.8588989320577685e-05 0.00088529979427651076 -0.0012527166320568453
leaf_weight=841 152 184 331 412 269
leaf_count=841 152 184 331 412 269
internal_value=-3.87736e-05 0.000425017 -0.000123789 0.000105668 -0.000599885
internal_weight=2189 336 1853 1253 600
internal_count=2189 336 1853 1253 600
is_linear=0
shrinkage=0.02


Tree=422
num_leaves=7
num_cat=0
split_feature=13 1 7 1 0 6
split_gain=0.215514 0.677937 0.919153 0.57096 0.941704 0.595866
threshold=0.076703014414507512 0.45824351919978773 -0.81899109865213215 1.0448177854782881 0.60750000000000004 6.9937402960692037
decision_type=10 2 2 2 2 2
left_child=3 2 -2 5 -5 -1
right_child=1 -3 -4 4 -6 -7
leaf_value=-0.00022234575413182896 -0.0013573430783369326 0.001085003569816792 0.00042006903877759324 -0.0020424206891367512 -6.8665658123348577e-05 0.00085795402069925337
leaf_weight=750 171 246 339 150 258 275
leaf_count=750 171 246 339 150 258 275
internal_value=-3.84371e-05 0.000233833 -0.000183279 -0.000182391 -0.000810252 7.02486e-05
internal_weight=2189 756 510 1433 408 1025
internal_count=2189 756 510 1433 408 1025
is_linear=0
shrinkage=0.02


Tree=423
num_leaves=4
num_cat=0
split_feature=1 1 1
split_gain=0.214198 0.809823 0.477672
threshold=-1.7211808224759986 -1.4417817795394339 -1.1423723315208596
decision_type=2 2 2
left_child=-1 -2 -3
right_child=1 2 -4
leaf_value=0.0006708907025359289 -0.001468820681631907 0.0010140968051531342 -7.9938874199226266e-05
leaf_weight=153 153 171 1712
leaf_count=153 153 171 1712
internal_value=-3.86723e-05 -9.35069e-05 2.18358e-05
internal_weight=2189 2036 1883
internal_count=2189 2036 1883
is_linear=0
shrinkage=0.02


Tree=424
num_leaves=6
num_cat=0
split_feature=7 7 12 7 5
split_gain=0.213556 0.912225 1.05337 0.551872 0.558867
threshold=-0.53672757228240564 -0.71998814116665588 -0.25881719453618979 -0.33504394213048982 -0.12000000000000001
decision_type=2 2 2 2 2
left_child=1 2 -1 -2 -5
right_child=3 -3 -4 4 -6
leaf_value=-0.0012510444707034955 -0.0012136055978755414 0.0014155370139123239 0.00065244843241046456 -0.00089567188744561516 0.00015778044729624255
leaf_weight=209 173 189 250 240 1128
leaf_count=209 173 189 250 240 1128
internal_value=-3.8027e-05 0.000265337 -0.000218425 -0.000166039 -2.96244e-05
internal_weight=2189 648 459 1541 1368
internal_count=2189 648 459 1541 1368
is_linear=0
shrinkage=0.02


Tree=425
num_leaves=4
num_cat=0
split_feature=4 3 6
split_gain=0.213474 0.363246 0.460384
threshold=0.067961386095340942 -1.4598709212088288 5.7734328999469158
decision_type=2 2 2
left_child=1 -1 -3
right_child=-2 2 -4
leaf_value=-0.00087918231803350041 0.00065027953055826662 0.00095494232965679575 -0.00010761644446077601
leaf_weight=206 162 176 1645
leaf_count=206 162 176 1645
internal_value=-3.72075e-05 -9.36171e-05 -2.58629e-06
internal_weight=2189 2027 1821
internal_count=2189 2027 1821
is_linear=0
shrinkage=0.02


Tree=426
num_leaves=6
num_cat=0
split_feature=8 11 8 8 13
split_gain=0.213022 0.527298 0.508715 0.820108 0.514195
threshold=0.70902032728097553 0.10882993669133921 0.63387932992119733 0.57551116111238565 -0.09989237062127905
decision_type=2 2 2 2 10
left_child=2 -2 3 -1 -4
right_child=1 -3 4 -5 -6
leaf_value=-0.00027416766992435478 -0.00043151014764364928 0.0011209831913098849 -0.0013942951955074488 0.00077736857763941944 -0.00014366231460838179
leaf_weight=841 157 187 210 452 342
leaf_count=841 157 187 210 452 342
internal_value=-3.69137e-05 0.000416402 -0.000122331 9.50012e-05 -0.000627692
internal_weight=2189 344 1845 1293 552
internal_count=2189 344 1845 1293 552
is_linear=0
shrinkage=0.02


Tree=427
num_leaves=4
num_cat=0
split_feature=1 1 1
split_gain=0.210701 0.781791 0.473063
threshold=-1.7211808224759986 -1.4417817795394339 -1.1423723315208596
decision_type=2 2 2
left_child=-1 -2 -3
right_child=1 2 -4
leaf_value=0.00066707159233385632 -0.001442359853683252 0.0010097296413997272 -7.9015498508934139e-05
leaf_weight=153 153 171 1712
leaf_count=153 153 171 1712
internal_value=-3.66694e-05 -9.10583e-05 2.22684e-05
internal_weight=2189 2036 1883
internal_count=2189 2036 1883
is_linear=0
shrinkage=0.02


Tree=428
num_leaves=7
num_cat=0
split_feature=13 13 1 0 6 3
split_gain=0.210105 0.663865 0.568336 0.931 0.587761 0.525861
threshold=0.076703014414507512 0.13965283492518399 1.0448177854782881 0.60750000000000004 6.9937402960692037 0.81649658092772637
decision_type=10 10 2 2 2 2
left_child=2 -2 4 -4 -1 -3
right_child=1 5 3 -5 -6 -7
leaf_value=-0.00021676790689130541 0.0011563328069917082 -0.00053701561272425388 -0.002029755332777577 -6.727089165736914e-05 0.0008561661881893608 0.00082745931474433379
leaf_weight=750 216 386 150 258 275 154
leaf_count=750 216 386 150 258 275 154
internal_value=-3.60506e-05 0.000232776 -0.00017819 -0.000804611 7.38512e-05 -0.000143866
internal_weight=2189 756 1433 408 1025 540
internal_count=2189 756 1433 408 1025 540
is_linear=0
shrinkage=0.02


Tree=429
num_leaves=5
num_cat=0
split_feature=1 1 0 6
split_gain=0.210071 0.510179 0.698456 0.421182
threshold=1.6961643565743085 1.0448177854782881 0.63000000000000012 6.5762397356601552
decision_type=2 2 2 2
left_child=1 3 -3 -1
right_child=-2 2 -4 -5
leaf_value=0.00043827619767985868 0.00057345339460241631 -0.0017326867670179849 2.3701033020259665e-05 -0.00021406234128667118
leaf_weight=664 200 161 199 965
leaf_count=664 200 161 199 965
internal_value=-3.63112e-05 -9.89091e-05 -0.00077477 5.23662e-05
internal_weight=2189 1989 360 1629
internal_count=2189 1989 360 1629
is_linear=0
shrinkage=0.02


Tree=430
num_leaves=6
num_cat=0
split_feature=8 11 8 8 4
split_gain=0.207571 0.569953 0.490446 0.904046 0.527729
threshold=0.71126633097041159 0.10882993669133921 0.62970646628472782 0.57551116111238565 0.033400940280482509
decision_type=2 2 2 2 2
left_child=2 -2 3 -1 -4
right_child=1 -3 4 -5 -6
leaf_value=-0.00027051128420635319 -0.00048127669122538698 0.0011522324544269219 -4.9303062507879947e-05 0.00086739647802137442 -0.001236736040798621
leaf_weight=841 152 184 331 412 269
leaf_count=841 152 184 331 412 269
internal_value=-3.66309e-05 0.000417043 -0.000119795 0.000105606 -0.00058749
internal_weight=2189 336 1853 1253 600
internal_count=2189 336 1853 1253 600
is_linear=0
shrinkage=0.02


Tree=431
num_leaves=7
num_cat=0
split_feature=13 13 4 3 5 9
split_gain=0.207994 0.649775 0.724312 0.480363 0.90827 0.745372
threshold=0.076703014414507512 0.13965283492518399 0.043011626335213167 0.65094455490411829 -0.059999999999999908 0.68957964053149101
decision_type=10 10 2 2 2 2
left_child=3 -2 -3 4 -1 -5
right_child=1 2 -4 5 -6 -7
leaf_value=-0.00063349479995414867 0.0011448587774092593 -0.00060105004618853108 0.001003218001297003 -0.0012778624112628608 0.00067523084746371864 0.00016063487423069553
leaf_weight=363 216 387 153 311 496 263
leaf_count=363 216 387 153 311 496 263
internal_value=-3.63169e-05 0.000231157 -0.000141474 -0.00017774 0.000121718 -0.000623065
internal_weight=2189 756 540 1433 859 574
internal_count=2189 756 540 1433 859 574
is_linear=0
shrinkage=0.02


Tree=432
num_leaves=5
num_cat=0
split_feature=1 1 6 7
split_gain=0.208007 0.499513 0.692675 0.591892
threshold=1.6961643565743085 1.0448177854782881 6.6728047069333796 0.80323818428152671
decision_type=2 2 2 2
left_child=1 3 -3 -1
right_child=-2 2 -4 -5
leaf_value=-0.00010794451312759186 0.00057130021999431092 -0.0016547026639601331 8.59493862942921e-05 0.00095622322294951938
leaf_weight=1388 200 174 186 241
leaf_count=1388 200 174 186 241
internal_value=-3.54579e-05 -9.77489e-05 -0.000766508 5.19365e-05
internal_weight=2189 1989 360 1629
internal_count=2189 1989 360 1629
is_linear=0
shrinkage=0.02


Tree=433
num_leaves=6
num_cat=0
split_feature=7 12 13 7 12
split_gain=0.206504 0.89034 0.571557 0.540456 0.548187
threshold=-0.53672757228240564 -0.66749245881647024 0.21436319846336771 -0.33504394213048982 0.49999642498037516
decision_type=2 2 8 2 2
left_child=1 -1 -3 -2 -5
right_child=3 2 -4 4 -6
leaf_value=-0.00093350474009398386 -0.0011974862568195532 0.0012955595393668773 -0.00010795344550180996 -0.00029940305787596851 0.00055572932900647672
leaf_weight=176 173 275 197 932 436
leaf_count=176 173 275 197 932 436
internal_value=-3.49275e-05 0.000263378 0.00071478 -0.000160813 -2.58296e-05
internal_weight=2189 648 472 1541 1368
internal_count=2189 648 472 1541 1368
is_linear=0
shrinkage=0.02


Tree=434
num_leaves=4
num_cat=0
split_feature=1 1 1
split_gain=0.20622 0.759192 0.466256
threshold=-1.7211808224759986 -1.4417817795394339 -1.1423723315208596
decision_type=2 2 2
left_child=-1 -2 -3
right_child=1 2 -4
leaf_value=0.00066149963216290261 -0.0014201499319994892 0.0010034804993219123 -7.7404047413493182e-05
leaf_weight=153 153 171 1712
leaf_count=153 153 171 1712
internal_value=-3.47115e-05 -8.85222e-05 2.31514e-05
internal_weight=2189 2036 1883
internal_count=2189 2036 1883
is_linear=0
shrinkage=0.02


Tree=435
num_leaves=4
num_cat=0
split_feature=4 5 6
split_gain=0.204948 0.362332 0.499945
threshold=0.067961386095340942 0.16250000000000003 5.7930113956896294
decision_type=2 2 2
left_child=1 2 -1
right_child=-2 -3 -4
leaf_value=0.0010159695891012565 0.00063949102261187348 -0.00086377121694601589 -0.00010538520365565395
leaf_weight=171 162 211 1645
leaf_count=171 162 211 1645
internal_value=-3.41178e-05 -8.93944e-05 2.70459e-06
internal_weight=2189 2027 1816
internal_count=2189 2027 1816
is_linear=0
shrinkage=0.02


Tree=436
num_leaves=6
num_cat=0
split_feature=7 7 12 7 5
split_gain=0.202884 0.887274 1.01685 0.529223 0.5478
threshold=-0.53672757228240564 -0.71998814116665588 -0.25881719453618979 -0.33504394213048982 -0.12000000000000001
decision_type=2 2 2 2 2
left_child=1 2 -1 -2 -5
right_child=3 -3 -4 4 -6
leaf_value=-0.0012295318570175148 -0.0011841698389739423 0.0013964880702383431 0.00064067170390055763 -0.00088220136365568151 0.00016076581763312803
leaf_weight=209 173 189 250 240 1128
leaf_count=209 173 189 250 240 1128
internal_value=-3.35477e-05 0.000262129 -0.000214975 -0.000158327 -2.47572e-05
internal_weight=2189 648 459 1541 1368
internal_count=2189 648 459 1541 1368
is_linear=0
shrinkage=0.02


Tree=437
num_leaves=5
num_cat=0
split_feature=0 8 11 5
split_gain=0.20353 0.435655 0.946801 0.881581
threshold=0.73000000000000009 0.57551116111238565 0.41895690178062478 -0.049999999999999996
decision_type=2 2 2 2
left_child=1 2 -1 -3
right_child=-2 3 -4 -5
leaf_value=0.00021446910371088375 -0.00060836229447145816 -0.00041005603518876201 -0.0012310083308651792 0.00069137150966456921
leaf_weight=467 216 470 290 746
leaf_count=467 216 470 290 746
internal_value=-3.27815e-05 3.16104e-05 -0.000343724 0.000265719
internal_weight=2189 1973 757 1216
internal_count=2189 1973 757 1216
is_linear=0
shrinkage=0.02


Tree=438
num_leaves=4
num_cat=0
split_feature=1 1 1
split_gain=0.202813 0.73266 0.46299
threshold=-1.7211808224759986 -1.4417817795394339 -1.1423723315208596
decision_type=2 2 2
left_child=-1 -2 -3
right_child=1 2 -4
leaf_value=0.00065861472170328412 -0.001393334032655281 0.0010014047269280789 -7.5687579621452935e-05
leaf_weight=153 153 171 1712
leaf_count=153 153 171 1712
internal_value=-3.18113e-05 -8.51813e-05 2.45189e-05
internal_weight=2189 2036 1883
internal_count=2189 2036 1883
is_linear=0
shrinkage=0.02


Tree=439
num_leaves=7
num_cat=0
split_feature=13 1 7 1 0 6
split_gain=0.201279 0.637191 0.891742 0.547451 0.928937 0.584405
threshold=0.076703014414507512 0.45824351919978773 -0.81899109865213215 1.0448177854782881 0.60750000000000004 6.9937402960692037
decision_type=10 2 2 2 2 2
left_child=3 2 -2 5 -5 -1
right_child=1 -3 -4 4 -6 -7
leaf_value=-0.00021284190609755107 -0.0013290506387474209 0.0010570354082536295 0.00042162419174632682 -0.0020089594548748386 -4.9031199599676426e-05 0.00085703045982726117
leaf_weight=750 171 246 339 150 258 275
leaf_count=750 171 246 339 150 258 275
internal_value=-3.12531e-05 0.000231855 -0.000172571 -0.000170383 -0.000785191 7.6964e-05
internal_weight=2189 756 510 1433 408 1025
internal_count=2189 756 510 1433 408 1025
is_linear=0
shrinkage=0.02


Tree=440
num_leaves=6
num_cat=0
split_feature=6 11 12 6 12
split_gain=0.201225 0.438487 0.78596 0.354914 0.454523
threshold=6.3102813845302252 -0.14132996553085345 0.25495355649645252 6.457091344760892 -0.42607537243983401
decision_type=2 2 2 2 2
left_child=1 -1 -3 -2 -5
right_child=3 2 -4 4 -6
leaf_value=-0.00049414186648150181 -0.00099505513850917018 0.0014563916142828562 -0.00032002468447104264 -0.00050741772877911976 0.00022849262795784605
leaf_weight=191 171 217 178 527 905
leaf_count=191 171 217 178 527 905
internal_value=-3.15611e-05 0.000284099 0.000661886 -0.00014748 -4.31579e-05
internal_weight=2189 586 395 1603 1432
internal_count=2189 586 395 1603 1432
is_linear=0
shrinkage=0.02


Tree=441
num_leaves=6
num_cat=0
split_feature=8 11 8 8 4
split_gain=0.201184 0.555484 0.488097 0.869566 0.523001
threshold=0.71126633097041159 0.10882993669133921 0.62970646628472782 0.57551116111238565 0.033400940280482509
decision_type=2 2 2 2 2
left_child=2 -2 3 -1 -4
right_child=1 -3 4 -5 -6
leaf_value=-0.00025722575729248282 -0.00047156992914143265 0.0011411250936250552 -4.4043235933973589e-05 0.00085878547147861118 -0.0012260623305061335
leaf_weight=841 152 184 331 412 269
leaf_count=841 152 184 331 412 269
internal_value=-3.12684e-05 0.000415355 -0.000113153 0.000111686 -0.000579735
internal_weight=2189 336 1853 1253 600
internal_count=2189 336 1853 1253 600
is_linear=0
shrinkage=0.02


Tree=442
num_leaves=5
num_cat=0
split_feature=1 1 0 7
split_gain=0.200873 0.490761 0.69389 0.576676
threshold=1.6961643565743085 1.0448177854782881 0.63000000000000012 0.80323818428152671
decision_type=2 2 2 2
left_child=1 3 -3 -1
right_child=-2 2 -4 -5
leaf_value=-0.00010171408608404696 0.00056523004728482992 -0.0017099097810954933 4.0325330926719415e-05 0.00094869186244223545
leaf_weight=1388 200 161 199 241
leaf_count=1388 200 161 199 241
internal_value=-3.10192e-05 -9.22408e-05 -0.00075512 5.61141e-05
internal_weight=2189 1989 360 1629
internal_count=2189 1989 360 1629
is_linear=0
shrinkage=0.02


Tree=443
num_leaves=7
num_cat=0
split_feature=13 13 4 3 5 9
split_gain=0.200498 0.629378 0.70184 0.464182 0.882028 0.723072
threshold=0.076703014414507512 0.13965283492518399 0.043011626335213167 0.65094455490411829 -0.059999999999999908 0.68957964053149101
decision_type=10 10 2 2 2 2
left_child=3 -2 -3 4 -1 -5
right_child=1 2 -4 5 -6 -7
leaf_value=-0.00061992185556015978 0.001130677344610944 -0.00058774983798443546 0.00099142097219636163 -0.0012527220541647419 0.00066976924519335289 0.00016400683143023235
leaf_weight=363 216 387 153 311 496 263
leaf_count=363 216 387 153 311 496 263
internal_value=-3.11563e-05 0.000231441 -0.000135327 -0.000170016 0.000124332 -0.000607783
internal_weight=2189 756 540 1433 859 574
internal_count=2189 756 540 1433 859 574
is_linear=0
shrinkage=0.02


Tree=444
num_leaves=4
num_cat=0
split_feature=1 1 1
split_gain=0.199407 0.71011 0.455623
threshold=-1.7211808224759986 -1.4417817795394339 -1.1423723315208596
decision_type=2 2 2
left_child=-1 -2 -3
right_child=1 2 -4
leaf_value=0.00065424024889280995 -0.0013711469040305318 0.00099379705162308801 -7.4692253205365457e-05
leaf_weight=153 153 171 1712
leaf_count=153 153 171 1712
internal_value=-3.03599e-05 -8.32825e-05 2.47149e-05
internal_weight=2189 2036 1883
internal_count=2189 2036 1883
is_linear=0
shrinkage=0.02


Tree=445
num_leaves=6
num_cat=0
split_feature=7 7 12 7 2
split_gain=0.198115 0.859236 0.991784 0.519537 0.540815
threshold=-0.53672757228240564 -0.71998814116665588 -0.25881719453618979 -0.33504394213048982 0.023752145924519141
decision_type=2 2 2 2 2
left_child=1 2 -1 -2 -5
right_child=3 -3 -4 4 -6
leaf_value=-0.0012092024686791995 -0.0011695305315589303 0.0013786390601398097 0.00063778576504110412 0.0010319417254313042 -0.00016985101953283921
leaf_weight=209 173 189 250 166 1202
leaf_count=209 173 189 250 166 1202
internal_value=-2.98097e-05 0.000262361 -0.000207185 -0.000153121 -2.07925e-05
internal_weight=2189 648 459 1541 1368
internal_count=2189 648 459 1541 1368
is_linear=0
shrinkage=0.02


Tree=446
num_leaves=4
num_cat=0
split_feature=4 3 3
split_gain=0.198482 0.360035 0.442197
threshold=0.067961386095340942 -1.4598709212088288 -0.65184896033616979
decision_type=2 2 2
left_child=1 -1 -3
right_child=-2 2 -4
leaf_value=-0.0008656814383338449 0.00063369451023772086 0.00049330357559070894 -0.00019165378270061831
leaf_weight=206 162 526 1295
leaf_count=206 162 526 1295
internal_value=-2.91876e-05 -8.35947e-05 7.00673e-06
internal_weight=2189 2027 1821
internal_count=2189 2027 1821
is_linear=0
shrinkage=0.02


Tree=447
num_leaves=5
num_cat=0
split_feature=0 8 0 0
split_gain=0.198186 0.421037 0.576982 0.368029
threshold=0.73000000000000009 0.70902032728097553 0.55000000000000016 0.46750000000000003
decision_type=2 2 2 2
left_child=1 2 -1 -3
right_child=-2 3 -4 -5
leaf_value=-0.00034472812038876437 -0.00059704194805685988 1.3513792830236761e-06 0.00045514556861162697 0.0013648688038696815
leaf_weight=1139 216 154 522 158
leaf_count=1139 216 154 522 158
internal_value=-2.90634e-05 3.44698e-05 -9.27414e-05 0.000702487
internal_weight=2189 1973 1661 312
internal_count=2189 1973 1661 312
is_linear=0
shrinkage=0.02


Tree=448
num_leaves=4
num_cat=0
split_feature=6 11 11
split_gain=0.197956 0.375802 0.546745
threshold=5.7734328999469158 -0.95892293223302472 -0.7298473806936866
decision_type=2 2 2
left_child=-1 -2 -3
right_child=1 2 -4
leaf_value=0.00055240308420732897 0.0007366839308536263 -0.00094402133636895284 -2.1621073078383614e-05
leaf_weight=207 193 306 1483
leaf_count=207 193 306 1483
internal_value=-2.86189e-05 -9.05382e-05 -0.000181585
internal_weight=2189 1982 1789
internal_count=2189 1982 1789
is_linear=0
shrinkage=0.02


Tree=449
num_leaves=4
num_cat=0
split_feature=1 1 1
split_gain=0.195733 0.689528 0.44639
threshold=-1.7211808224759986 -1.4417817795394339 -1.1423723315208596
decision_type=2 2 2
left_child=-1 -2 -3
right_child=1 2 -4
leaf_value=0.00064994477083364242 -0.0013498142352301918 0.00098487782361520327 -7.273067754736926e-05
leaf_weight=153 153 171 1712
leaf_count=153 153 171 1712
internal_value=-2.83133e-05 -8.075e-05 2.56673e-05
internal_weight=2189 2036 1883
internal_count=2189 2036 1883
is_linear=0
shrinkage=0.02


Tree=450
num_leaves=5
num_cat=0
split_feature=1 1 0 7
split_gain=0.195409 0.480605 0.689861 0.564251
threshold=1.6961643565743085 1.0448177854782881 0.63000000000000012 0.80323818428152671
decision_type=2 2 2 2
left_child=1 3 -3 -1
right_child=-2 2 -4 -5
leaf_value=-9.750804734407197e-05 0.00056028192994616384 -0.001696189938180418 4.8753542611010227e-05 0.0009415241783272809
leaf_weight=1388 200 161 199 241
leaf_count=1388 200 161 199 241
internal_value=-2.7793e-05 -8.81823e-05 -0.000744169 5.86207e-05
internal_weight=2189 1989 360 1629
internal_count=2189 1989 360 1629
is_linear=0
shrinkage=0.02


Tree=451
num_leaves=7
num_cat=0
split_feature=13 1 7 1 0 6
split_gain=0.195817 0.613541 0.864835 0.529317 0.914697 0.578041
threshold=0.076703014414507512 0.45824351919978773 -0.81899109865213215 1.0448177854782881 0.60750000000000004 6.9937402960692037
decision_type=10 2 2 2 2 2
left_child=3 2 -2 5 -5 -1
right_child=1 -3 -4 4 -6 -7
leaf_value=-0.00021022267832416142 -0.0013042699169785589 0.0010412546194462752 0.00041977180602517303 -0.0019840846628912034 -3.9426375963077122e-05 0.00085381087219242797
leaf_weight=750 171 246 339 150 258 275
leaf_count=750 171 246 339 150 258 275
internal_value=-2.79619e-05 0.000231544 -0.00016534 -0.000165197 -0.000769739 7.80087e-05
internal_weight=2189 756 510 1433 408 1025
internal_count=2189 756 510 1433 408 1025
is_linear=0
shrinkage=0.02


Tree=452
num_leaves=6
num_cat=0
split_feature=7 12 13 7 12
split_gain=0.195448 0.838037 0.547227 0.509039 0.53794
threshold=-0.53672757228240564 -0.66749245881647024 0.21436319846336771 -0.33504394213048982 0.49999642498037516
decision_type=2 2 8 2 2
left_child=1 -1 -3 -2 -5
right_child=3 2 -4 4 -6
leaf_value=-0.00089936955415165221 -0.0011568605860831278 0.0012680903473436566 -0.00010523510949875202 -0.00029081627274187542 0.00055628292014346669
leaf_weight=176 173 275 197 932 436
leaf_count=176 173 275 197 932 436
internal_value=-2.82923e-05 0.000261902 0.000699807 -0.000150773 -1.97918e-05
internal_weight=2189 648 472 1541 1368
internal_count=2189 648 472 1541 1368
is_linear=0
shrinkage=0.02


Tree=453
num_leaves=5
num_cat=0
split_feature=0 8 11 5
split_gain=0.195382 0.411942 0.932705 0.847266
threshold=0.73000000000000009 0.57551116111238565 0.41895690178062478 -0.049999999999999996
decision_type=2 2 2 2
left_child=1 2 -1 -3
right_child=-2 3 -4 -5
leaf_value=0.00022387577302914119 -0.00059208610197276348 -0.00039992614807622315 -0.0012107298173310267 0.0006798612151001041
leaf_weight=467 216 470 290 746
leaf_count=467 216 470 290 746
internal_value=-2.81386e-05 3.49418e-05 -0.000330047 0.000262581
internal_weight=2189 1973 757 1216
internal_count=2189 1973 757 1216
is_linear=0
shrinkage=0.02


Tree=454
num_leaves=4
num_cat=0
split_feature=6 11 11
split_gain=0.194924 0.365015 0.540885
threshold=5.7734328999469158 -0.95892293223302472 -0.7298473806936866
decision_type=2 2 2
left_child=-1 -2 -3
right_child=1 2 -4
leaf_value=0.00054932380478965332 0.00072658589777696613 -0.00093674457738313749 -1.9308785926387896e-05
leaf_weight=207 193 306 1483
leaf_count=207 193 306 1483
internal_value=-2.72281e-05 -8.86739e-05 -0.000178405
internal_weight=2189 1982 1789
internal_count=2189 1982 1789
is_linear=0
shrinkage=0.02


Tree=455
num_leaves=7
num_cat=0
split_feature=4 4 6 6 8 8
split_gain=0.193389 0.62372 0.803617 0.516306 0.461338 0.773441
threshold=0.022360679774997932 0.012990381056766588 6.3763187007330879 6.9070250122021024 0.70838667803574429 0.63387932992119733
decision_type=2 2 2 2 2 2
left_child=1 2 -1 -3 5 -2
right_child=4 3 -4 -5 -6 -7
leaf_value=0.00076266834135074464 3.9338146262213609e-06 0.00019224763183127235 -0.0010249442188421999 0.0015980968793947801 0.00066284408880031953 -0.0011407820306766224
leaf_weight=158 783 278 259 164 214 333
leaf_count=158 783 278 259 164 214 333
internal_value=-2.69405e-05 0.000206266 -0.000346612 0.000725916 -0.000177769 -0.000341199
internal_weight=2189 859 417 442 1330 1116
internal_count=2189 859 417 442 1330 1116
is_linear=0
shrinkage=0.02


Tree=456
num_leaves=4
num_cat=0
split_feature=1 1 1
split_gain=0.193359 0.66472 0.442032
threshold=-1.7211808224759986 -1.4417817795394339 -1.1423723315208596
decision_type=2 2 2
left_child=-1 -2 -3
right_child=1 2 -4
leaf_value=0.00064739552855342807 -0.0013248788455760554 0.00098014825998689044 -7.2285401482725202e-05
leaf_weight=153 153 171 1712
leaf_count=153 153 171 1712
internal_value=-2.67321e-05 -7.88529e-05 2.56314e-05
internal_weight=2189 2036 1883
internal_count=2189 2036 1883
is_linear=0
shrinkage=0.02


Tree=457
num_leaves=4
num_cat=0
split_feature=4 5 6
split_gain=0.192814 0.354191 0.480389
threshold=0.067961386095340942 0.16250000000000003 5.7930113956896294
decision_type=2 2 2
left_child=1 2 -1
right_child=-2 -3 -4
leaf_value=0.0010043993506472114 0.00062710593720134017 -0.00084549451384831364 -9.4807365367358386e-05
leaf_weight=171 162 211 1645
leaf_count=171 162 211 1645
internal_value=-2.62343e-05 -7.98645e-05 1.11709e-05
internal_weight=2189 2027 1816
internal_count=2189 2027 1816
is_linear=0
shrinkage=0.02


Tree=458
num_leaves=5
num_cat=0
split_feature=3 1 5 8
split_gain=0.191668 0.444216 0.639653 0.426357
threshold=-1.4598709212088288 -1.1025883594698003 -0.12000000000000001 0.69128836675760452
decision_type=2 2 2 2
left_child=-1 2 -2 -3
right_child=1 3 -4 -5
leaf_value=-0.00057071015250353041 -0.00012738588438586482 -0.00027289143493007008 0.0015598351203384457 0.00051732392891326215
leaf_weight=226 188 1266 166 343
leaf_count=226 188 1266 166 343
internal_value=-2.57539e-05 3.82775e-05 0.000674502 -0.000103356
internal_weight=2189 1963 354 1609
internal_count=2189 1963 354 1609
is_linear=0
shrinkage=0.02


Tree=459
num_leaves=5
num_cat=0
split_feature=3 3 2 12
split_gain=0.191409 0.463638 0.723197 0.68632
threshold=1.4749351247390081 0.65094455490411829 0.05759585850417457 0.88700449101594991
decision_type=2 2 2 2
left_child=1 3 -3 -1
right_child=-2 2 -4 -5
leaf_value=-7.9861940489299286e-05 0.00051043875495895375 -0.001111518130020254 0.0003591487672567263 0.0011604154695745645
leaf_weight=1185 233 357 209 205
leaf_count=1185 233 357 209 205
internal_value=-2.52396e-05 -9.01888e-05 -0.000570073 0.00010656
internal_weight=2189 1956 566 1390
internal_count=2189 1956 566 1390
is_linear=0
shrinkage=0.02


Tree=460
num_leaves=6
num_cat=0
split_feature=7 7 5 7 5
split_gain=0.190831 0.830573 0.865109 0.501264 0.529877
threshold=-0.53672757228240564 -0.71998814116665588 0.029999999999999947 -0.33504394213048982 -0.12000000000000001
decision_type=2 2 2 2 2
left_child=1 2 -1 -2 -5
right_child=3 -3 -4 4 -6
leaf_value=-0.0009135576563514097 -0.0011448133821871259 0.0013588188422037309 0.00083381627993124607 -0.00085980007477218711 0.00016595893493250987
leaf_weight=272 173 189 187 240 1128
leaf_count=272 173 189 187 240 1128
internal_value=-2.54094e-05 0.000261329 -0.000200351 -0.00014644 -1.64745e-05
internal_weight=2189 648 459 1541 1368
internal_count=2189 648 459 1541 1368
is_linear=0
shrinkage=0.02


Tree=461
num_leaves=7
num_cat=0
split_feature=4 4 6 11 11 11
split_gain=0.189685 0.610243 0.782201 0.585879 0.718668 0.534896
threshold=0.022360679774997932 0.012990381056766588 6.3763187007330879 -0.047505974168386061 0.43246931552312901 -0.40643766183195668
decision_type=2 2 2 2 2 2
left_child=1 2 -1 5 -5 -2
right_child=3 -3 -4 4 -6 -7
leaf_value=0.00075384125860545074 -0.00027799203908736157 0.00072035438285294659 -0.0010097778451480818 0.0011522015897296857 -0.00022271016608546221 -0.0016215015332011553
leaf_weight=158 506 442 259 224 449 151
leaf_count=158 506 442 259 224 449 151
internal_value=-2.45995e-05 0.000206358 -0.000340534 -0.000173981 0.000240035 -0.000596689
internal_weight=2189 859 417 1330 673 657
internal_count=2189 859 417 1330 673 657
is_linear=0
shrinkage=0.02


Tree=462
num_leaves=4
num_cat=0
split_feature=1 1 1
split_gain=0.190091 0.643937 0.433586
threshold=-1.7211808224759986 -1.4417817795394339 -1.1423723315208596
decision_type=2 2 2
left_child=-1 -2 -3
right_child=1 2 -4
leaf_value=0.00064374036763321691 -0.0013027361802509219 0.00097184334561461582 -7.0487526150662499e-05
leaf_weight=153 153 171 1712
leaf_count=153 153 171 1712
internal_value=-2.466e-05 -7.63425e-05 2.64922e-05
internal_weight=2189 2036 1883
internal_count=2189 2036 1883
is_linear=0
shrinkage=0.02


Tree=463
num_leaves=5
num_cat=0
split_feature=0 8 11 5
split_gain=0.189096 0.400697 0.9166 0.824567
threshold=0.73000000000000009 0.57551116111238565 0.41895690178062478 -0.049999999999999996
decision_type=2 2 2 2
left_child=1 2 -1 -3
right_child=-2 3 -4 -5
leaf_value=0.00022695124820622093 -0.00057899577317946924 -0.00039123216661575595 -0.0011951833095922434 0.00067400675731402312
leaf_weight=467 216 470 290 746
leaf_count=467 216 470 290 746
internal_value=-2.41898e-05 3.78593e-05 -0.000322123 0.000262362
internal_weight=2189 1973 757 1216
internal_count=2189 1973 757 1216
is_linear=0
shrinkage=0.02


Tree=464
num_leaves=4
num_cat=0
split_feature=4 5 6
split_gain=0.188483 0.350375 0.469334
threshold=0.067961386095340942 0.16250000000000003 5.7930113956896294
decision_type=2 2 2
left_child=1 2 -1
right_child=-2 -3 -4
leaf_value=0.00099590183558492828 0.00062262350477419054 -0.00083785514530501561 -9.0584604561313024e-05
leaf_weight=171 162 211 1645
leaf_count=171 162 211 1645
internal_value=-2.33293e-05 -7.63595e-05 1.41758e-05
internal_weight=2189 2027 1816
internal_count=2189 2027 1816
is_linear=0
shrinkage=0.02


Tree=465
num_leaves=7
num_cat=0
split_feature=13 13 4 1 0 6
split_gain=0.187049 0.605294 0.681113 0.525349 0.914608 0.572227
threshold=0.076703014414507512 0.13965283492518399 0.043011626335213167 1.0448177854782881 0.60750000000000004 6.9937402960692037
decision_type=10 10 2 2 2 2
left_child=3 -2 -3 5 -5 -1
right_child=1 2 -4 4 -6 -7
leaf_value=-0.00020158097164594378 0.0011125872286281029 -0.00057470657247923017 0.0009809544505669347 -0.0019735832368173905 -2.9226685053059839e-05 0.0008571025768427977
leaf_weight=750 216 387 153 150 258 275
leaf_count=750 216 387 153 150 258 275
internal_value=-2.28848e-05 0.000230733 -0.00012898 -0.000157022 -0.000759303 8.52379e-05
internal_weight=2189 756 540 1433 408 1025
internal_count=2189 756 540 1433 408 1025
is_linear=0
shrinkage=0.02


Tree=466
num_leaves=5
num_cat=0
split_feature=3 3 12 12
split_gain=0.188178 0.461401 0.68758 0.665156
threshold=1.4749351247390081 0.65094455490411829 0.25495355649645252 0.88700449101594991
decision_type=2 2 2 2
left_child=1 3 -3 -1
right_child=-2 2 -4 -5
leaf_value=-7.4989590772325885e-05 0.00050781785968315456 -2.6306531987123644e-06 -0.0014208040460736474 0.0011460241103666792
leaf_weight=1185 233 344 222 205
leaf_count=1185 233 344 222 205
internal_value=-2.33147e-05 -8.77171e-05 -0.000566446 0.00010855
internal_weight=2189 1956 566 1390
internal_count=2189 1956 566 1390
is_linear=0
shrinkage=0.02


Tree=467
num_leaves=4
num_cat=0
split_feature=3 6 12
split_gain=0.188397 0.423078 0.37614
threshold=-1.4598709212088288 5.7734328999469158 -0.42607537243983401
decision_type=2 2 2
left_child=-1 -2 -3
right_child=1 2 -4
leaf_value=-0.00056343668444864289 0.00091960428632455432 -0.00044243713749746362 0.00016213206265897119
leaf_weight=226 192 641 1130
leaf_count=226 192 641 1130
internal_value=-2.31478e-05 4.0329e-05 -5.73167e-05
internal_weight=2189 1963 1771
internal_count=2189 1963 1771
is_linear=0
shrinkage=0.02


Tree=468
num_leaves=7
num_cat=0
split_feature=4 4 6 11 11 11
split_gain=0.186875 0.600693 0.76161 0.577106 0.694158 0.523418
threshold=0.022360679774997932 0.012990381056766588 6.3763187007330879 -0.047505974168386061 0.43246931552312901 -0.40643766183195668
decision_type=2 2 2 2 2 2
left_child=1 2 -1 5 -5 -2
right_child=3 -3 -4 4 -6 -7
leaf_value=0.00074355100395809282 -0.00027549985171078823 0.00071623243434746373 -0.00099670259932860402 0.0011361301899175912 -0.00021515406345095207 -0.0016045251369956907
leaf_weight=158 506 442 259 224 449 151
leaf_count=158 506 442 259 224 449 151
internal_value=-2.29568e-05 0.000206279 -0.000336329 -0.00017123 0.000239666 -0.000590765
internal_weight=2189 859 417 1330 673 657
internal_count=2189 859 417 1330 673 657
is_linear=0
shrinkage=0.02


Tree=469
num_leaves=5
num_cat=0
split_feature=1 1 0 7
split_gain=0.187073 0.474615 0.677561 0.551496
threshold=1.6961643565743085 1.0448177854782881 0.63000000000000012 0.80323818428152671
decision_type=2 2 2 2
left_child=1 3 -3 -1
right_child=-2 2 -4 -5
leaf_value=-9.0616939712900133e-05 0.00055236441192036876 -0.0016775040840169035 5.1733201401600361e-05 0.00093661246034771023
leaf_weight=1388 200 161 199 241
leaf_count=1388 200 161 199 241
internal_value=-2.30174e-05 -8.21138e-05 -0.000734006 6.3756e-05
internal_weight=2189 1989 360 1629
internal_count=2189 1989 360 1629
is_linear=0
shrinkage=0.02


Tree=470
num_leaves=6
num_cat=0
split_feature=7 12 13 7 2
split_gain=0.186323 0.811529 0.529155 0.492097 0.525236
threshold=-0.53672757228240564 -0.66749245881647024 0.21436319846336771 -0.33504394213048982 0.023752145924519141
decision_type=2 2 8 2 2
left_child=1 -1 -3 -2 -5
right_child=3 2 -4 4 -6
leaf_value=-0.00088269135096619795 -0.001132030219030619 0.0012498213827992523 -0.00010069721325365181 0.0010233695981533904 -0.00016098372935774246
leaf_weight=176 173 275 197 166 1202
leaf_count=176 173 275 197 166 1202
internal_value=-2.32318e-05 0.000260095 0.000691005 -0.000142828 -1.40649e-05
internal_weight=2189 648 472 1541 1368
internal_count=2189 648 472 1541 1368
is_linear=0
shrinkage=0.02


Tree=471
num_leaves=4
num_cat=0
split_feature=1 1 1
split_gain=0.185954 0.623545 0.426477
threshold=-1.7211808224759986 -1.4417817795394339 -1.1423723315208596
decision_type=2 2 2
left_child=-1 -2 -3
right_child=1 2 -4
leaf_value=0.00063842692350544322 -0.0012805940303362057 0.00096498265924641264 -6.8769710460565465e-05
leaf_weight=153 153 171 1712
leaf_count=153 153 171 1712
internal_value=-2.26541e-05 -7.37749e-05 2.74149e-05
internal_weight=2189 2036 1883
internal_count=2189 2036 1883
is_linear=0
shrinkage=0.02


Tree=472
num_leaves=5
num_cat=0
split_feature=3 1 5 8
split_gain=0.183728 0.443031 0.618812 0.410977
threshold=-1.4598709212088288 -1.1025883594698003 -0.12000000000000001 0.69128836675760452
decision_type=2 2 2 2
left_child=-1 2 -2 -3
right_child=1 3 -4 -5
leaf_value=-0.00055575640098034563 -0.00011316373826057645 -0.00026742150308518511 0.0015466162645699163 0.00050840928814716469
leaf_weight=226 188 1266 166 343
leaf_count=226 188 1266 166 343
internal_value=-2.22039e-05 4.04799e-05 0.000675852 -0.00010097
internal_weight=2189 1963 354 1609
internal_count=2189 1963 354 1609
is_linear=0
shrinkage=0.02


Tree=473
num_leaves=4
num_cat=0
split_feature=4 5 6
split_gain=0.183284 0.341286 0.450233
threshold=0.067961386095340942 0.16250000000000003 5.7930113956896294
decision_type=2 2 2
left_child=1 2 -1
right_child=-2 -3 -4
leaf_value=0.00097684861398936998 0.00061523587450602586 -0.00082559296906715139 -8.729941451174179e-05
leaf_weight=171 162 211 1645
leaf_count=171 162 211 1645
internal_value=-2.17422e-05 -7.40388e-05 1.5311e-05
internal_weight=2189 2027 1816
internal_count=2189 2027 1816
is_linear=0
shrinkage=0.02


Tree=474
num_leaves=5
num_cat=0
split_feature=3 3 12 3
split_gain=0.18361 0.448425 0.678598 0.654528
threshold=1.4749351247390081 0.65094455490411829 0.25495355649645252 0.22941573387055716
decision_type=2 2 2 2
left_child=1 3 -3 -1
right_child=-2 2 -4 -5
leaf_value=-6.2702611472509952e-05 0.00050332243882996201 3.1462139189830397e-06 -0.001405649878715969 0.001202918506774401
leaf_weight=1206 233 344 222 184
leaf_count=1206 233 344 222 184
internal_value=-2.13195e-05 -8.49392e-05 -0.000556891 0.000108544
internal_weight=2189 1956 566 1390
internal_count=2189 1956 566 1390
is_linear=0
shrinkage=0.02


Tree=475
num_leaves=5
num_cat=0
split_feature=1 1 0 6
split_gain=0.182325 0.461456 0.673023 0.377764
threshold=1.6961643565743085 1.0448177854782881 0.63000000000000012 6.5762397356601552
decision_type=2 2 2 2
left_child=1 3 -3 -1
right_child=-2 2 -4 -5
leaf_value=0.00042995769104200602 0.00054705838054395855 -0.0016624497038772307 6.0773133414377482e-05 -0.00018786017245435414
leaf_weight=664 200 161 199 965
leaf_count=664 200 161 199 965
internal_value=-2.09684e-05 -7.93137e-05 -0.000722107 6.45149e-05
internal_weight=2189 1989 360 1629
internal_count=2189 1989 360 1629
is_linear=0
shrinkage=0.02


Tree=476
num_leaves=6
num_cat=0
split_feature=7 7 12 7 5
split_gain=0.182584 0.805566 0.938768 0.483612 0.519716
threshold=-0.53672757228240564 -0.71998814116665588 -0.25881719453618979 -0.33504394213048982 0.069999999999999993
decision_type=2 2 2 2 2
left_child=1 2 -1 -2 -5
right_child=3 -3 -4 4 -6
leaf_value=-0.0011705878394151054 -0.0011204741058708954 0.00133985616878808 0.0006263294147975816 0.00025876591519323033 -0.00056900557647861889
leaf_weight=209 173 189 250 922 446
leaf_count=209 173 189 250 922 446
internal_value=-2.14447e-05 0.00025902 -0.000195672 -0.000139838 -1.21963e-05
internal_weight=2189 648 459 1541 1368
internal_count=2189 648 459 1541 1368
is_linear=0
shrinkage=0.02


Tree=477
num_leaves=7
num_cat=0
split_feature=4 4 6 6 8 8
split_gain=0.182339 0.590652 0.737782 0.512685 0.439196 0.772964
threshold=0.022360679774997932 0.012990381056766588 6.3763187007330879 6.9070250122021024 0.70838667803574429 0.63387932992119733
decision_type=2 2 2 2 2 2
left_child=1 2 -1 -3 5 -2
right_child=4 3 -4 -5 -6 -7
leaf_value=0.00073020764575139883 1.7947907379927674e-05 0.000179509441516372 -0.00098262202163920003 0.0015801252836579202 0.00065263420232831082 -0.0011263280507375505
leaf_weight=158 783 278 259 164 214 333
leaf_count=158 783 278 259 164 214 333
internal_value=-2.10461e-05 0.000205387 -0.000332674 0.000711057 -0.000167512 -0.00032699
internal_weight=2189 859 417 442 1330 1116
internal_count=2189 859 417 442 1330 1116
is_linear=0
shrinkage=0.02


Tree=478
num_leaves=7
num_cat=0
split_feature=13 13 4 1 0 6
split_gain=0.180775 0.590372 0.673327 0.505204 0.905849 0.571992
threshold=0.076703014414507512 0.13965283492518399 0.043011626335213167 1.0448177854782881 0.60750000000000004 6.9937402960692037
decision_type=10 10 2 2 2 2
left_child=3 -2 -3 5 -5 -1
right_child=1 2 -4 4 -6 -7
leaf_value=-0.00020196441754803606 0.0010993390414986036 -0.00057001466782673313 0.00097672474759194668 -0.0019518396142990358 -1.705659868128371e-05 0.00085650123193460929
leaf_weight=750 216 387 153 150 258 275
leaf_count=750 216 387 153 150 258 275
internal_value=-2.08993e-05 0.000228424 -0.000126832 -0.00015277 -0.000743392 8.47934e-05
internal_weight=2189 756 540 1433 408 1025
internal_count=2189 756 540 1433 408 1025
is_linear=0
shrinkage=0.02


Tree=479
num_leaves=5
num_cat=0
split_feature=3 1 5 8
split_gain=0.182766 0.430513 0.611932 0.398353
threshold=-1.4598709212088288 -1.1025883594698003 -0.12000000000000001 0.69128836675760452
decision_type=2 2 2 2
left_child=-1 2 -2 -3
right_child=1 3 -4 -5
leaf_value=-0.00055350721852039499 -0.00011701200565159166 -0.00026215288344401367 0.0015334141817847974 0.00050166630374813646
leaf_weight=226 188 1266 166 343
leaf_count=226 188 1266 166 343
internal_value=-2.13519e-05 4.11657e-05 0.000667494 -9.82754e-05
internal_weight=2189 1963 354 1609
internal_count=2189 1963 354 1609
is_linear=0
shrinkage=0.02


Tree=480
num_leaves=5
num_cat=0
split_feature=3 3 2 3
split_gain=0.182048 0.430635 0.718291 0.644955
threshold=1.4749351247390081 0.65094455490411829 0.05759585850417457 0.22941573387055716
decision_type=2 2 2 2
left_child=1 3 -3 -1
right_child=-2 2 -4 -5
leaf_value=-6.4602190780343403e-05 0.00050152203749020063 -0.0010864034364288107 0.00037896560645383722 0.0011917235256818238
leaf_weight=1206 233 357 209 184
leaf_count=1206 233 357 209 184
internal_value=-2.08818e-05 -8.4231e-05 -0.000546724 0.000105378
internal_weight=2189 1956 566 1390
internal_count=2189 1956 566 1390
is_linear=0
shrinkage=0.02


Tree=481
num_leaves=4
num_cat=0
split_feature=1 1 7
split_gain=0.180269 0.552197 0.416375
threshold=1.7216747252834843 1.4233333598151916 0.80323818428152671
decision_type=2 2 2
left_child=1 2 -1
right_child=-2 -3 -4
leaf_value=-0.0001031602323530673 0.00056970861570099023 -0.001184868981857135 0.00073631826581319515
leaf_weight=1572 184 160 273
leaf_count=1572 184 160 273
internal_value=-2.08823e-05 -7.63635e-05 2.27096e-05
internal_weight=2189 2005 1845
internal_count=2189 2005 1845
is_linear=0
shrinkage=0.02


Tree=482
num_leaves=7
num_cat=0
split_feature=4 4 6 11 11 8
split_gain=0.180306 0.578436 0.724902 0.56074 0.684303 0.521143
threshold=0.022360679774997932 0.012990381056766588 6.3763187007330879 -0.047505974168386061 0.43246931552312901 0.54345814358213973
decision_type=2 2 2 2 2 2
left_child=1 2 -1 5 -5 -2
right_child=3 -3 -4 4 -6 -7
leaf_value=0.00072553429481190591 0.00032037613769755408 0.00070488811563023312 -0.00097226228332147001 0.0011287555949738063 -0.00021290660103206576 -0.00092716829547957985
leaf_weight=158 183 442 259 224 449 474
leaf_count=158 183 442 259 224 449 474
internal_value=-2.06872e-05 0.000204479 -0.000327998 -0.000166335 0.000238681 -0.000579884
internal_weight=2189 859 417 1330 673 657
internal_count=2189 859 417 1330 673 657
is_linear=0
shrinkage=0.02


Tree=483
num_leaves=4
num_cat=0
split_feature=1 1 1
split_gain=0.179849 0.614941 0.40872
threshold=-1.7211808224759986 -1.4417817795394339 -1.1423723315208596
decision_type=2 2 2
left_child=-1 -2 -3
right_child=1 2 -4
leaf_value=0.00062926817840094906 -0.0012696078612728493 0.00094717803290801726 -6.4826502010856325e-05
leaf_weight=153 153 171 1712
leaf_count=153 153 171 1712
internal_value=-2.08648e-05 -7.11425e-05 2.93412e-05
internal_weight=2189 2036 1883
internal_count=2189 2036 1883
is_linear=0
shrinkage=0.02


Tree=484
num_leaves=5
num_cat=0
split_feature=0 8 11 5
split_gain=0.178372 0.385737 0.894543 0.82621
threshold=0.73000000000000009 0.57551116111238565 0.41895690178062478 -0.049999999999999996
decision_type=2 2 2 2
left_child=1 2 -1 -3
right_child=-2 3 -4 -5
leaf_value=0.00022900604343996776 -0.00055927729010421306 -0.00039413454899270284 -0.0011758836356733564 0.00067215439997008559
leaf_weight=467 216 470 290 746
leaf_count=467 216 470 290 746
internal_value=-2.04289e-05 3.98277e-05 -0.000313379 0.000260093
internal_weight=2189 1973 757 1216
internal_count=2189 1973 757 1216
is_linear=0
shrinkage=0.02


Tree=485
num_leaves=5
num_cat=0
split_feature=3 3 2 3
split_gain=0.177684 0.423865 0.705702 0.629381
threshold=1.4749351247390081 0.65094455490411829 0.05759585850417457 0.22941573387055716
decision_type=2 2 2 2
left_child=1 3 -3 -1
right_child=-2 2 -4 -5
leaf_value=-6.2022950932072842e-05 0.00049648060854680896 -0.0010759868654962731 0.00037647284348397384 0.0011790463093313433
leaf_weight=1206 233 357 209 184
leaf_count=1206 233 357 209 184
internal_value=-1.96216e-05 -8.22091e-05 -0.000541054 0.0001059
internal_weight=2189 1956 566 1390
internal_count=2189 1956 566 1390
is_linear=0
shrinkage=0.02


Tree=486
num_leaves=4
num_cat=0
split_feature=1 1 1
split_gain=0.177718 0.594221 0.40253
threshold=-1.7211808224759986 -1.4417817795394339 -1.1423723315208596
decision_type=2 2 2
left_child=-1 -2 -3
right_child=1 2 -4
leaf_value=0.00062663343755669804 -0.0012477179667971369 0.0009400200417175339 -6.4292353574165823e-05
leaf_weight=153 153 171 1712
leaf_count=153 153 171 1712
internal_value=-1.96344e-05 -6.96158e-05 2.91597e-05
internal_weight=2189 2036 1883
internal_count=2189 2036 1883
is_linear=0
shrinkage=0.02


Tree=487
num_leaves=7
num_cat=0
split_feature=13 13 4 1 0 6
split_gain=0.177344 0.577277 0.661022 0.499967 0.895957 0.563352
threshold=0.076703014414507512 0.13965283492518399 0.043011626335213167 1.0448177854782881 0.60750000000000004 6.9937402960692037
decision_type=10 10 2 2 2 2
left_child=3 -2 -3 5 -5 -1
right_child=1 2 -4 4 -6 -7
leaf_value=-0.00019810728592773444 0.0010889258322346012 -0.0005627121259422726 0.00096982059458011326 -0.0019392172405796669 -1.5064555280284156e-05 0.00085233835989077182
leaf_weight=750 216 387 153 150 258 275
leaf_count=750 216 387 153 150 258 275
internal_value=-1.92141e-05 0.000227728 -0.000123581 -0.000149831 -0.000737387 8.64891e-05
internal_weight=2189 756 540 1433 408 1025
internal_count=2189 756 540 1433 408 1025
is_linear=0
shrinkage=0.02


Tree=488
num_leaves=7
num_cat=0
split_feature=4 4 6 11 11 11
split_gain=0.178864 0.567674 0.71065 0.554533 0.662392 0.504626
threshold=0.022360679774997932 0.012990381056766588 6.3763187007330879 -0.047505974168386061 0.43246931552312901 -0.40643766183195668
decision_type=2 2 2 2 2 2
left_child=1 2 -1 5 -5 -2
right_child=3 -3 -4 4 -6 -7
leaf_value=0.00072017132461733803 -0.00026648025060302182 0.00070032173471829494 -0.00096083455786080761 0.0011137304398511827 -0.0002062954976929081 -0.0015713547592951307
leaf_weight=158 506 442 259 224 449 151
leaf_count=158 506 442 259 224 449 151
internal_value=-1.96651e-05 0.000204597 -0.00032292 -0.000164732 0.000238033 -0.000575986
internal_weight=2189 859 417 1330 673 657
internal_count=2189 859 417 1330 673 657
is_linear=0
shrinkage=0.02


Tree=489
num_leaves=5
num_cat=0
split_feature=1 1 6 7
split_gain=0.177925 0.447373 0.668704 0.533713
threshold=1.6961643565743085 1.0448177854782881 6.6728047069333796 0.80323818428152671
decision_type=2 2 2 2
left_child=1 3 -3 -1
right_child=-2 2 -4 -5
leaf_value=-8.7648854282656536e-05 0.00054137171244975633 -0.0015830690778438107 0.00012622005077010675 0.00092288537391999026
leaf_weight=1388 200 174 186 241
leaf_count=1388 200 174 186 241
internal_value=-1.97562e-05 -7.73954e-05 -0.000710305 6.42197e-05
internal_weight=2189 1989 360 1629
internal_count=2189 1989 360 1629
is_linear=0
shrinkage=0.02


Tree=490
num_leaves=5
num_cat=0
split_feature=3 1 5 8
split_gain=0.17734 0.426102 0.598894 0.38374
threshold=-1.4598709212088288 -1.1025883594698003 -0.12000000000000001 0.69128836675760452
decision_type=2 2 2 2
left_child=-1 2 -2 -3
right_child=1 3 -4 -5
leaf_value=-0.00054359036621746504 -0.00011092656670521868 -0.00025738435009689336 0.0015219321057244003 0.00049229403673042274
leaf_weight=226 188 1266 166 343
leaf_count=226 188 1266 166 343
internal_value=-1.93915e-05 4.21872e-05 0.000665297 -9.6541e-05
internal_weight=2189 1963 354 1609
internal_count=2189 1963 354 1609
is_linear=0
shrinkage=0.02


Tree=491
num_leaves=5
num_cat=0
split_feature=3 3 2 12
split_gain=0.176109 0.409755 0.691021 0.626101
threshold=1.4749351247390081 0.65094455490411829 0.05759585850417457 0.88700449101594991
decision_type=2 2 2 2
left_child=1 3 -3 -1
right_child=-2 2 -4 -5
leaf_value=-7.4372951351437555e-05 0.00049485560256142577 -0.0010617546011174089 0.00037547619986156368 0.0011102486717115556
leaf_weight=1185 233 357 209 205
leaf_count=1185 233 357 209 205
internal_value=-1.89513e-05 -8.1262e-05 -0.000532405 0.000103691
internal_weight=2189 1956 566 1390
internal_count=2189 1956 566 1390
is_linear=0
shrinkage=0.02


Tree=492
num_leaves=7
num_cat=0
split_feature=4 4 6 11 11 8
split_gain=0.175869 0.55558 0.695928 0.543142 0.643967 0.511902
threshold=0.022360679774997932 0.012990381056766588 6.3763187007330879 -0.047505974168386061 0.43246931552312901 0.54345814358213973
decision_type=2 2 2 2 2 2
left_child=1 2 -1 5 -5 -2
right_child=3 -3 -4 4 -6 -7
leaf_value=0.0007135471459363867 0.00032212290431105317 0.00069361893667950676 -0.00094994711400376577 0.001099019104017018 -0.00020252450605462582 -0.0009142308785397334
leaf_weight=158 183 442 259 224 449 474
leaf_count=158 183 442 259 224 449 474
internal_value=-1.91697e-05 0.000203206 -0.000318668 -0.000163017 0.000235589 -0.000570026
internal_weight=2189 859 417 1330 673 657
internal_count=2189 859 417 1330 673 657
is_linear=0
shrinkage=0.02


Tree=493
num_leaves=5
num_cat=0
split_feature=0 8 11 5
split_gain=0.17562 0.374961 0.867824 0.817748
threshold=0.73000000000000009 0.57551116111238565 0.41895690178062478 -0.049999999999999996
decision_type=2 2 2 2
left_child=1 2 -1 -3
right_child=-2 3 -4 -5
leaf_value=0.0002264151490250034 -0.0005540232341570624 -0.00039325570455066072 -0.001157328984668573 0.00066755408235142299
leaf_weight=467 216 470 290 746
leaf_count=467 216 470 290 746
internal_value=-1.93467e-05 4.04411e-05 -0.000307801 0.000257606
internal_weight=2189 1973 757 1216
internal_count=2189 1973 757 1216
is_linear=0
shrinkage=0.02


Tree=494
num_leaves=7
num_cat=0
split_feature=8 8 11 2 12 8
split_gain=0.175457 0.80204 0.776697 0.765306 0.754704 0.723692
threshold=0.62970646628472782 0.57551116111238565 0.41895690178062478 0.069829981799204924 0.25495355649645252 0.70902032728097553
decision_type=2 2 2 2 2 2
left_child=1 2 -1 5 -3 -2
right_child=3 4 -4 -5 -6 -7
leaf_value=0.00025090706870800123 -0.00038924686548412793 0.001570011339213348 -0.00099772688119634289 -0.001279591621878951 -0.00015282030222581679 0.0009142038489130329
leaf_weight=527 466 239 314 208 173 262
leaf_count=527 466 239 314 208 173 262
internal_value=-1.8554e-05 0.000136 -0.000218431 -0.000225075 0.000853431 8.28883e-05
internal_weight=2189 1253 841 936 412 728
internal_count=2189 1253 841 936 412 728
is_linear=0
shrinkage=0.02


Tree=495
num_leaves=4
num_cat=0
split_feature=1 1 1
split_gain=0.175695 0.579107 0.391727
threshold=-1.7211808224759986 -1.4417817795394339 -1.1423723315208596
decision_type=2 2 2
left_child=-1 -2 -3
right_child=1 2 -4
leaf_value=0.00062460105488949184 -0.0012306957247392924 0.00092838874426723285 -6.2355913365439849e-05
leaf_weight=153 153 171 1712
leaf_count=153 153 171 1712
internal_value=-1.79725e-05 -6.7672e-05 2.98365e-05
internal_weight=2189 2036 1883
internal_count=2189 2036 1883
is_linear=0
shrinkage=0.02


Tree=496
num_leaves=4
num_cat=0
split_feature=4 5 6
split_gain=0.175011 0.333365 0.440071
threshold=0.067961386095340942 0.16250000000000003 5.7930113956896294
decision_type=2 2 2
left_child=1 2 -1
right_child=-2 -3 -4
leaf_value=0.00097022568379026618 0.0006048519861700381 -0.00081146644902657021 -8.18466581178434e-05
leaf_weight=171 162 211 1645
leaf_count=171 162 211 1645
internal_value=-1.75724e-05 -6.86831e-05 1.96116e-05
internal_weight=2189 2027 1816
internal_count=2189 2027 1816
is_linear=0
shrinkage=0.02


Tree=497
num_leaves=6
num_cat=0
split_feature=7 7 12 7 5
split_gain=0.174656 0.787152 0.914733 0.479377 0.524607
threshold=-0.53672757228240564 -0.71998814116665588 -0.25881719453618979 -0.33504394213048982 -0.12000000000000001
decision_type=2 2 2 2 2
left_child=1 2 -1 -2 -5
right_child=3 -3 -4 4 -6
leaf_value=-0.0011547358233751468 -0.0011093321216681495 0.00132550819904169 0.00061902532403759075 -0.00084509943973995298 0.0001755439508513162
leaf_weight=209 173 189 250 240 1128
leaf_count=209 173 189 250 240 1128
internal_value=-1.71981e-05 0.0002571 -0.000192375 -0.000133001 -5.94178e-06
internal_weight=2189 648 459 1541 1368
internal_count=2189 648 459 1541 1368
is_linear=0
shrinkage=0.02


Tree=498
num_leaves=5
num_cat=0
split_feature=3 1 5 8
split_gain=0.172896 0.425184 0.579079 0.371298
threshold=-1.4598709212088288 -1.1025883594698003 -0.12000000000000001 0.69128836675760452
decision_type=2 2 2 2
left_child=-1 2 -2 -3
right_child=1 3 -4 -5
leaf_value=-0.00053420458464465987 -9.6955451477376896e-05 -0.00025261431159766685 0.0015089418413389843 0.00048480966761333587
leaf_weight=226 188 1266 166 343
leaf_count=226 188 1266 166 343
internal_value=-1.66106e-05 4.41858e-05 0.00066662 -9.43984e-05
internal_weight=2189 1963 354 1609
internal_count=2189 1963 354 1609
is_linear=0
shrinkage=0.02


Tree=499
num_leaves=7
num_cat=0
split_feature=8 8 11 2 12 8
split_gain=0.173829 0.785238 0.762587 0.741746 0.740361 0.704869
threshold=0.62970646628472782 0.57551116111238565 0.41895690178062478 0.069829981799204924 0.25495355649645252 0.70902032728097553
decision_type=2 2 2 2 2 2
left_child=1 2 -1 5 -3 -2
right_child=3 4 -4 -5 -6 -7
leaf_value=0.00025194048671458002 -0.00038453670040132867 0.0015572266706425819 -0.00098528515916101664 -0.0012599295151049376 -0.00014920760035054401 0.00090185051871557846
leaf_weight=527 466 239 314 208 173 262
leaf_count=527 466 239 314 208 173 262
internal_value=-1.62065e-05 0.000137624 -0.000213089 -0.000221772 0.000847492 8.14151e-05
internal_weight=2189 1253 841 936 412 728
internal_count=2189 1253 841 936 412 728
is_linear=0
shrinkage=0.02


Tree=500
num_leaves=5
num_cat=0
split_feature=3 3 2 3
split_gain=0.173389 0.407621 0.689152 0.619231
threshold=1.4749351247390081 0.65094455490411829 0.05759585850417457 0.22941573387055716
decision_type=2 2 2 2
left_child=1 3 -3 -1
right_child=-2 2 -4 -5
leaf_value=-5.9610205463428498e-05 0.00049415013752877716 -0.0010561199044777873 0.0003791089572945923 0.0011714164711406859
leaf_weight=1206 233 357 209 184
leaf_count=1206 233 357 209 184
internal_value=-1.56648e-05 -7.74994e-05 -0.000527471 0.00010696
internal_weight=2189 1956 566 1390
internal_count=2189 1956 566 1390
is_linear=0
shrinkage=0.02


Tree=501
num_leaves=7
num_cat=0
split_feature=4 4 6 11 11 8
split_gain=0.17304 0.545704 0.679028 0.542622 0.617331 0.498811
threshold=0.022360679774997932 0.012990381056766588 6.3763187007330879 -0.047505974168386061 0.39272944514985558 0.54345814358213973
decision_type=2 2 2 2 2 2
left_child=1 2 -1 5 -5 -2
right_child=3 -3 -4 4 -6 -7
leaf_value=0.00070717323993493733 0.00031548359355470661 0.00069087569748720273 -0.00093597684769933535 0.0011473942482217144 -0.00015989656932161828 -0.00090500264661143564
leaf_weight=158 183 442 259 203 470 474
leaf_count=158 183 442 259 203 470 474
internal_value=-1.57181e-05 0.000204853 -0.00031239 -0.000158411 0.000239981 -0.000565235
internal_weight=2189 859 417 1330 673 657
internal_count=2189 859 417 1330 673 657
is_linear=0
shrinkage=0.02


Tree=502
num_leaves=4
num_cat=0
split_feature=1 1 1
split_gain=0.173658 0.562981 0.385534
threshold=-1.7211808224759986 -1.4417817795394339 -1.1423723315208596
decision_type=2 2 2
left_child=-1 -2 -3
right_child=1 2 -4
leaf_value=0.00062291656314289272 -0.0012120465911509279 0.0009222279755737294 -6.0655384099016855e-05
leaf_weight=153 153 171 1712
leaf_count=153 153 171 1712
internal_value=-1.59142e-05 -6.5329e-05 3.08087e-05
internal_weight=2189 2036 1883
internal_count=2189 2036 1883
is_linear=0
shrinkage=0.02


Tree=503
num_leaves=4
num_cat=0
split_feature=4 5 6
split_gain=0.171882 0.327286 0.432257
threshold=0.067961386095340942 0.16250000000000003 5.7930113956896294
decision_type=2 2 2
left_child=1 2 -1
right_child=-2 -3 -4
leaf_value=0.00096341745392816279 0.00060128924205605063 -0.00080217742074401705 -7.9273841352992211e-05
leaf_weight=171 162 211 1645
leaf_count=171 162 211 1645
internal_value=-1.55403e-05 -6.61962e-05 2.12848e-05
internal_weight=2189 2027 1816
internal_count=2189 2027 1816
is_linear=0
shrinkage=0.02


Tree=504
num_leaves=5
num_cat=0
split_feature=1 1 6 7
split_gain=0.17138 0.438671 0.651939 0.524516
threshold=1.6961643565743085 1.0448177854782881 6.6728047069333796 0.80323818428152671
decision_type=2 2 2 2
left_child=1 3 -3 -1
right_child=-2 2 -4 -5
leaf_value=-8.2122061852667964e-05 0.00053550688523753751 -0.0015602588237591047 0.00012740445005127195 0.00091967548262630774
leaf_weight=1388 200 174 186 241
leaf_count=1388 200 174 186 241
internal_value=-1.5191e-05 -7.17693e-05 -0.000698499 6.84481e-05
internal_weight=2189 1989 360 1629
internal_count=2189 1989 360 1629
is_linear=0
shrinkage=0.02


Tree=505
num_leaves=7
num_cat=0
split_feature=13 1 7 1 0 3
split_gain=0.171772 0.568847 0.836012 0.487446 0.892249 0.565088
threshold=0.076703014414507512 0.45824351919978773 -0.81899109865213215 1.0448177854782881 0.60750000000000004 0.33032974099227724
decision_type=10 2 2 2 2 2
left_child=3 2 -2 5 -5 -1
right_child=1 -3 -4 4 -6 -7
leaf_value=-0.00019099338426384414 -0.0012739116160016487 0.0010077833022506708 0.00042112347570997204 -0.0019229388563863693 -3.0083175369683553e-06 0.00086833190232392973
leaf_weight=756 171 246 339 150 258 269
leaf_count=756 171 246 339 150 258 269
internal_value=-1.48852e-05 0.000228136 -0.000154062 -0.000143442 -0.0007236 8.98806e-05
internal_weight=2189 756 510 1433 408 1025
internal_count=2189 756 510 1433 408 1025
is_linear=0
shrinkage=0.02


Tree=506
num_leaves=6
num_cat=0
split_feature=7 12 13 7 12
split_gain=0.170712 0.773694 0.512572 0.472668 0.511749
threshold=-0.53672757228240564 -0.66749245881647024 0.21436319846336771 -0.33504394213048982 0.49999642498037516
decision_type=2 2 8 2 2
left_child=1 -1 -3 -2 -5
right_child=3 2 -4 4 -6
leaf_value=-0.00085994185658573119 -0.0010992342478784031 0.0012266400913275512 -0.00010247454787189565 -0.00026800161691630019 0.00055821502403316005
leaf_weight=176 173 275 197 932 436
leaf_count=176 173 275 197 932 436
internal_value=-1.52682e-05 0.000255911 0.000676644 -0.00012976 -3.60138e-06
internal_weight=2189 648 472 1541 1368
internal_count=2189 648 472 1541 1368
is_linear=0
shrinkage=0.02


Tree=507
num_leaves=7
num_cat=0
split_feature=4 4 6 11 11 6
split_gain=0.170076 0.537442 0.660986 0.529242 0.604716 0.49189
threshold=0.022360679774997932 0.012990381056766588 6.3763187007330879 -0.047505974168386061 0.39272944514985558 6.9070250122021024
decision_type=2 2 2 2 2 2
left_child=1 2 -1 -2 -5 -3
right_child=3 5 -4 4 -6 -7
leaf_value=0.00069605608190769798 -0.00055850322263349087 0.00016529931124075983 -0.00092513273337813606 0.0011348202456541074 -0.00015903924728106512 0.0015369635237623335
leaf_weight=158 657 278 259 203 470 164
leaf_count=158 657 278 259 203 470 164
internal_value=-1.52605e-05 0.000203413 -0.0003099 -0.000156727 0.000236724 0.000685742
internal_weight=2189 859 417 1330 673 442
internal_count=2189 859 417 1330 673 442
is_linear=0
shrinkage=0.02


Tree=508
num_leaves=7
num_cat=0
split_feature=8 8 11 12 2 8
split_gain=0.17042 0.768161 0.743431 0.733545 0.726591 0.69171
threshold=0.62970646628472782 0.57551116111238565 0.41895690178062478 0.25495355649645252 0.069829981799204924 0.70902032728097553
decision_type=2 2 2 2 2 2
left_child=1 2 -1 -3 5 -2
right_child=4 3 -4 -5 -6 -7
leaf_value=0.0002492517274384268 -0.00038038303638608716 0.0015455596655851505 -0.000972333969114068 -0.00015289477009870363 -0.0012463650572389154 0.00089394039753475671
leaf_weight=527 466 239 314 173 208 262
leaf_count=527 466 239 314 173 208 262
internal_value=-1.53261e-05 0.000136986 -0.000209897 0.000839092 -0.000218867 8.12028e-05
internal_weight=2189 1253 841 412 936 728
internal_count=2189 1253 841 412 936 728
is_linear=0
shrinkage=0.02


Tree=509
num_leaves=4
num_cat=0
split_feature=1 1 1
split_gain=0.170316 0.54608 0.425538
threshold=-1.7211808224759986 -1.4305877017710358 -1.1423723315208596
decision_type=2 2 2
left_child=-1 -2 -3
right_child=1 2 -4
leaf_value=0.00061784530141025407 -0.0011596409798025373 0.00099754624678349011 -6.0009512317789443e-05
leaf_weight=153 162 162 1712
leaf_count=153 162 162 1712
internal_value=-1.4807e-05 -6.37463e-05 3.38233e-05
internal_weight=2189 2036 1874
internal_count=2189 2036 1874
is_linear=0
shrinkage=0.02


Tree=510
num_leaves=5
num_cat=0
split_feature=3 3 12 3
split_gain=0.170475 0.403766 0.668882 0.604435
threshold=1.4749351247390081 0.65094455490411829 0.25495355649645252 0.22941573387055716
decision_type=2 2 2 2
left_child=1 3 -3 -1
right_child=-2 2 -4 -5
leaf_value=-5.6730057484901747e-05 0.00049109019049513748 3.2023069766326073e-05 -0.0013662448127565309 0.0011595064642095062
leaf_weight=1206 233 344 222 184
leaf_count=1206 233 344 222 184
internal_value=-1.44191e-05 -7.57343e-05 -0.000523575 0.000107847
internal_weight=2189 1956 566 1390
internal_count=2189 1956 566 1390
is_linear=0
shrinkage=0.02


Tree=511
num_leaves=4
num_cat=0
split_feature=4 3 11
split_gain=0.168013 0.318976 0.448089
threshold=0.067961386095340942 -1.4598709212088288 0.94334592595852951
decision_type=2 2 2
left_child=1 -1 -3
right_child=-2 2 -4
leaf_value=-0.00080037881823541315 0.00059569627475409117 -9.3171606163060914e-05 0.00087872305618555749
leaf_weight=206 162 1611 210
leaf_count=206 162 1611 210
internal_value=-1.4147e-05 -6.42322e-05 2.10077e-05
internal_weight=2189 2027 1821
internal_count=2189 2027 1821
is_linear=0
shrinkage=0.02


Tree=512
num_leaves=4
num_cat=0
split_feature=1 1 1
split_gain=0.167422 0.528711 0.416506
threshold=-1.7211808224759986 -1.4305877017710358 -1.1423723315208596
decision_type=2 2 2
left_child=-1 -2 -3
right_child=1 2 -4
leaf_value=0.00061323998590247545 -0.0011408610790577566 0.00098691069952513413 -5.9361876980209023e-05
leaf_weight=153 162 162 1712
leaf_count=153 162 162 1712
internal_value=-1.40119e-05 -6.25351e-05 3.34698e-05
internal_weight=2189 2036 1874
internal_count=2189 2036 1874
is_linear=0
shrinkage=0.02


Tree=513
num_leaves=7
num_cat=0
split_feature=13 13 4 1 0 6
split_gain=0.167979 0.560734 0.657814 0.483662 0.882714 0.560507
threshold=0.076703014414507512 0.13965283492518399 0.043011626335213167 1.0448177854782881 0.60750000000000004 6.9937402960692037
decision_type=10 10 2 2 2 2
left_child=3 -2 -3 5 -5 -1
right_child=1 2 -4 4 -6 -7
leaf_value=-0.00019226798541005085 0.0010754477465103856 -0.00055766696698383942 0.00097112943830935262 -0.0019115861481235875 -1.9614906634554664e-06 0.00085553238274795659
leaf_weight=750 216 387 153 150 258 275
leaf_count=750 216 387 153 150 258 275
internal_value=-1.36363e-05 0.000226685 -0.000119572 -0.000140768 -0.000718672 9.16376e-05
internal_weight=2189 756 540 1433 408 1025
internal_count=2189 756 540 1433 408 1025
is_linear=0
shrinkage=0.02


Tree=514
num_leaves=5
num_cat=0
split_feature=3 3 2 3
split_gain=0.168273 0.395026 0.679664 0.591838
threshold=1.4749351247390081 0.65094455490411829 0.05759585850417457 0.22941573387055716
decision_type=2 2 2 2
left_child=1 3 -3 -1
right_child=-2 2 -4 -5
leaf_value=-5.6348263876926782e-05 0.00048807221230025554 -0.0010430654051368901 0.00038217208700180578 0.0011471465665714017
leaf_weight=1206 233 357 209 184
leaf_count=1206 233 357 209 184
internal_value=-1.41617e-05 -7.508e-05 -0.000518047 0.000106504
internal_weight=2189 1956 566 1390
internal_count=2189 1956 566 1390
is_linear=0
shrinkage=0.02


Tree=515
num_leaves=7
num_cat=0
split_feature=4 4 11 11 4 11
split_gain=0.168771 0.527304 0.523925 0.590835 0.509924 0.488112
threshold=0.022360679774997932 0.012990381056766588 -0.047505974168386061 0.39272944514985558 0.0070710678118654927 -0.40643766183195668
decision_type=2 2 2 2 2 2
left_child=1 4 5 -4 -1 -2
right_child=2 -3 3 -5 -6 -7
leaf_value=0.00047884129983511694 -0.00025065669635904923 0.0006813399181013689 0.0011240210700242852 -0.00015491640672798414 -0.00091498003545836804 -0.0015337932849219308
leaf_weight=183 506 442 203 470 234 151
leaf_count=183 506 442 203 470 234 151
internal_value=-1.42413e-05 0.000203589 -0.000155166 0.0002363 -0.000304877 -0.00055492
internal_weight=2189 859 1330 673 417 657
internal_count=2189 859 1330 673 417 657
is_linear=0
shrinkage=0.02


Tree=516
num_leaves=5
num_cat=0
split_feature=0 8 11 5
split_gain=0.166938 0.349469 0.805959 0.78979
threshold=0.73000000000000009 0.57551116111238565 0.41895690178062478 -0.049999999999999996
decision_type=2 2 2 2
left_child=1 2 -1 -3
right_child=-2 3 -4 -5
leaf_value=0.00022262775101299375 -0.00053552454956954688 -0.00038594449913423312 -0.0011108551210786957 0.00065657568217494528
leaf_weight=467 216 470 290 746
leaf_count=467 216 470 290 746
internal_value=-1.42243e-05 4.4056e-05 -0.000292155 0.000253698
internal_weight=2189 1973 757 1216
internal_count=2189 1973 757 1216
is_linear=0
shrinkage=0.02


Tree=517
num_leaves=7
num_cat=0
split_feature=8 8 12 2 11 8
split_gain=0.168806 0.742766 0.71725 0.716005 0.712953 0.677632
threshold=0.62970646628472782 0.57551116111238565 0.25495355649645252 0.069829981799204924 0.41895690178062478 0.70902032728097553
decision_type=2 2 2 2 2 2
left_child=1 4 -3 5 -1 -2
right_child=3 2 -4 -5 -6 -7
leaf_value=0.00024659719169951708 -0.00037507619219016473 0.0015270682006356779 -0.00015238672416406065 -0.0012360560160773553 -0.00094967537549168145 0.00088621573170824921
leaf_weight=527 466 239 173 208 314 262
leaf_count=527 466 239 173 208 314 262
internal_value=-1.34905e-05 0.000138095 0.000828489 -0.000216069 -0.000203022 8.17991e-05
internal_weight=2189 1253 412 936 841 728
internal_count=2189 1253 412 936 841 728
is_linear=0
shrinkage=0.02


Tree=518
num_leaves=5
num_cat=0
split_feature=1 1 0 7
split_gain=0.166353 0.434761 0.644907 0.512164
threshold=1.6961643565743085 1.0448177854782881 0.63000000000000012 0.80323818428152671
decision_type=2 2 2 2
left_child=1 3 -3 -1
right_child=-2 2 -4 -5
leaf_value=-7.7956696785133996e-05 0.00052956011820947985 -0.0016131847603134361 7.3342258518666723e-05 0.00091197992408746263
leaf_weight=1388 200 161 199 241
leaf_count=1388 200 161 199 241
internal_value=-1.29962e-05 -6.8743e-05 -0.000692676 7.08405e-05
internal_weight=2189 1989 360 1629
internal_count=2189 1989 360 1629
is_linear=0
shrinkage=0.02


Tree=519
num_leaves=7
num_cat=0
split_feature=13 13 4 1 3 9
split_gain=0.166512 0.549103 0.644709 0.478963 0.55176 0.415833
threshold=0.076703014414507512 0.13965283492518399 0.043011626335213167 1.0448177854782881 0.33032974099227724 0.19961955692354902
decision_type=10 10 2 2 2 2
left_child=3 -2 -3 4 -1 -5
right_child=1 2 -4 5 -6 -7
leaf_value=-0.0001861651550822998 0.0010658733571491867 -0.00055042141543912737 0.00096306506049218064 -0.0015343345874064271 0.00086059806635603315 -0.00021848655132286447
leaf_weight=756 216 387 153 150 269 258
leaf_count=756 216 387 153 150 269 258
internal_value=-1.33065e-05 0.000225962 -0.000116699 -0.000139883 9.13905e-05 -0.000714973
internal_weight=2189 756 540 1433 1025 408
internal_count=2189 756 540 1433 1025 408
is_linear=0
shrinkage=0.02


Tree=520
num_leaves=7
num_cat=0
split_feature=8 8 12 2 11 8
split_gain=0.165987 0.725754 0.702966 0.698832 0.69781 0.66409
threshold=0.62970646628472782 0.57551116111238565 0.25495355649645252 0.069829981799204924 0.41895690178062478 0.70902032728097553
decision_type=2 2 2 2 2 2
left_child=1 4 -3 5 -1 -2
right_child=3 2 -4 -5 -6 -7
leaf_value=0.00024502951328195607 -0.00037178985158825833 0.0015114402017159174 -0.0001511991840755839 -0.0012214631270923316 -0.0009384655699989289 0.00087683466077374112
leaf_weight=527 466 239 173 208 314 262
leaf_count=527 466 239 173 208 314 262
internal_value=-1.29019e-05 0.000137411 0.000819851 -0.000213783 -0.000199781 8.04936e-05
internal_weight=2189 1253 412 936 841 728
internal_count=2189 1253 412 936 841 728
is_linear=0
shrinkage=0.02


Tree=521
num_leaves=7
num_cat=0
split_feature=4 11 11 4 6 8
split_gain=0.165839 0.525372 0.567512 0.51932 0.650874 0.487012
threshold=0.022360679774997932 -0.047505974168386061 0.39272944514985558 0.012990381056766588 6.3763187007330879 0.54345814358213973
decision_type=2 2 2 2 2 2
left_child=3 5 -3 4 -1 -2
right_child=1 2 -4 -5 -6 -7
leaf_value=0.00069701361072826789 0.00031768997715652346 0.0011098731348801476 -0.00014362175576879005 0.00067762285087078443 -0.0009116673210607559 -0.00088817240843488119
leaf_weight=158 183 203 470 442 259 474
leaf_count=158 183 203 470 442 259 474
internal_value=-1.2418e-05 -0.000152117 0.000239872 0.000203507 -0.000301107 -0.00055243
internal_weight=2189 1330 673 859 417 657
internal_count=2189 1330 673 859 417 657
is_linear=0
shrinkage=0.02


Tree=522
num_leaves=4
num_cat=0
split_feature=1 1 1
split_gain=0.166756 0.512618 0.370135
threshold=-1.7211808224759986 -1.4417817795394339 -1.1423723315208596
decision_type=2 2 2
left_child=-1 -2 -3
right_child=1 2 -4
leaf_value=0.00061335118045393797 -0.0011553035414986949 0.00090408932134530265 -5.8964351538921846e-05
leaf_weight=153 153 171 1712
leaf_count=153 153 171 1712
internal_value=-1.26484e-05 -6.10779e-05 3.06557e-05
internal_weight=2189 2036 1883
internal_count=2189 2036 1883
is_linear=0
shrinkage=0.02


Tree=523
num_leaves=5
num_cat=0
split_feature=3 3 2 3
split_gain=0.16627 0.391682 0.674967 0.575884
threshold=1.4749351247390081 0.65094455490411829 0.05759585850417457 0.22941573387055716
decision_type=2 2 2 2
left_child=1 3 -3 -1
right_child=-2 2 -4 -5
leaf_value=-5.2724123155582051e-05 0.00048691070255111251 -0.0010371792731351265 0.00038309391527044997 0.0011344472180544424
leaf_weight=1206 233 357 209 184
leaf_count=1206 233 357 209 184
internal_value=-1.23202e-05 -7.28787e-05 -0.00051397 0.000107929
internal_weight=2189 1956 566 1390
internal_count=2189 1956 566 1390
is_linear=0
shrinkage=0.02


Tree=524
num_leaves=5
num_cat=0
split_feature=1 1 0 7
split_gain=0.164308 0.425759 0.636193 0.503758
threshold=1.6961643565743085 1.0448177854782881 0.63000000000000012 0.80323818428152671
decision_type=2 2 2 2
left_child=1 3 -3 -1
right_child=-2 2 -4 -5
leaf_value=-7.7265361257931067e-05 0.0005267888914066844 -0.0015995367140655059 7.5497308903768679e-05 0.000904513774146288
leaf_weight=1388 200 161 199 241
leaf_count=1388 200 161 199 241
internal_value=-1.24203e-05 -6.78244e-05 -0.000685265 7.03058e-05
internal_weight=2189 1989 360 1629
internal_count=2189 1989 360 1629
is_linear=0
shrinkage=0.02


Tree=525
num_leaves=6
num_cat=0
split_feature=7 12 13 7 12
split_gain=0.16534 0.760688 0.50136 0.459929 0.511096
threshold=-0.53672757228240564 -0.66749245881647024 0.21436319846336771 -0.33504394213048982 0.49999642498037516
decision_type=2 2 8 2 2
left_child=1 -1 -3 -2 -5
right_child=3 2 -4 4 -6
leaf_value=-0.00085230064496027503 -0.0010817356038775839 0.0012152624660208989 -9.9280682901879507e-05 -0.00026521889070599822 0.00056047092611075729
leaf_weight=176 173 275 197 932 436
leaf_count=176 173 275 197 932 436
internal_value=-1.27343e-05 0.000254138 0.000671318 -0.000125415 -9.77729e-07
internal_weight=2189 648 472 1541 1368
internal_count=2189 648 472 1541 1368
is_linear=0
shrinkage=0.02


Tree=526
num_leaves=7
num_cat=0
split_feature=4 11 11 11 0 8
split_gain=0.163803 0.513343 0.555096 0.511908 0.530469 0.476205
threshold=0.022360679774997932 -0.047505974168386061 0.39272944514985558 0.88524145855887515 0.38750000000000007 0.54345814358213973
decision_type=2 2 2 2 2 2
left_child=3 5 -3 4 -1 -2
right_child=1 2 -4 -5 -6 -7
leaf_value=-0.00038693038107554792 0.00031313893945635041 0.0010963242664897386 -0.00014337307607179114 -0.00081005821998682487 0.00079746744685091245 -0.00087928677564934061
leaf_weight=215 183 203 470 158 486 474
leaf_count=215 183 203 470 158 486 474
internal_value=-1.27542e-05 -0.000151592 0.00023589 0.000201843 0.000434039 -0.000547293
internal_weight=2189 1330 673 859 701 657
internal_count=2189 1330 673 859 701 657
is_linear=0
shrinkage=0.02


Tree=527
num_leaves=7
num_cat=0
split_feature=13 1 7 1 0 3
split_gain=0.164586 0.535019 0.822092 0.470505 0.861899 0.540816
threshold=0.076703014414507512 0.45824351919978773 -0.81899109865213215 1.0448177854782881 0.60750000000000004 0.33032974099227724
decision_type=10 2 2 2 2 2
left_child=3 2 -2 5 -5 -1
right_child=1 -3 -4 4 -6 -7
leaf_value=-0.00018397702036808527 -0.0012559187815746886 0.00098141395928434639 0.00042491718145631533 -0.0018871617245097313 -2.2011618714198866e-07 0.00085235433272097983
leaf_weight=756 171 246 339 150 258 269
leaf_count=756 171 246 339 150 258 269
internal_value=-1.25637e-05 0.000225315 -0.000145379 -0.000138407 -0.000708397 9.08142e-05
internal_weight=2189 756 510 1433 408 1025
internal_count=2189 756 510 1433 408 1025
is_linear=0
shrinkage=0.02


Tree=528
num_leaves=4
num_cat=0
split_feature=1 1 1
split_gain=0.164803 0.493725 0.410122
threshold=-1.7211808224759986 -1.4305877017710358 -1.1423723315208596
decision_type=2 2 2
left_child=-1 -2 -3
right_child=1 2 -4
leaf_value=0.00060934432428565968 -0.0011031600346364928 0.00097776070111682154 -6.0460818365656153e-05
leaf_weight=153 162 162 1712
leaf_count=153 162 162 1712
internal_value=-1.29793e-05 -6.11234e-05 3.16524e-05
internal_weight=2189 2036 1874
internal_count=2189 2036 1874
is_linear=0
shrinkage=0.02


Tree=529
num_leaves=5
num_cat=0
split_feature=0 8 5 11
split_gain=0.164214 0.333895 0.763949 0.752917
threshold=0.73000000000000009 0.57551116111238565 -0.049999999999999996 0.41895690178062478
decision_type=2 2 2 2
left_child=1 3 -3 -1
right_child=-2 2 -4 -5
leaf_value=0.00021410095445420572 -0.00052965545446856366 -0.00037900519754835655 0.00064632041944059405 -0.0010747623104080202
leaf_weight=467 216 470 746 290
leaf_count=467 216 470 746 290
internal_value=-1.26226e-05 4.51769e-05 0.000250089 -0.000283464
internal_weight=2189 1973 1216 757
internal_count=2189 1973 1216 757
is_linear=0
shrinkage=0.02


Tree=530
num_leaves=7
num_cat=0
split_feature=8 8 12 11 8 0
split_gain=0.16417 0.708682 0.698647 0.659732 0.624336 0.667781
threshold=0.62970646628472782 0.57551116111238565 0.25495355649645252 0.41895690178062478 0.66271355720864966 0.61750000000000005
decision_type=2 2 2 2 2 2
left_child=1 3 -3 -1 -2 -6
right_child=4 2 -4 -5 5 -7
leaf_value=0.00023687529167111787 -0.0010260412224038715 0.0015014045280938755 -0.00015599177255598681 -0.00091388260022201356 0.00049164809497028502 -0.00092093961058907178
leaf_weight=527 264 239 173 314 494 178
leaf_count=527 264 239 173 314 494 178
internal_value=-1.1914e-05 0.000137572 0.000811933 -0.000195639 -0.000211695 0.000113442
internal_weight=2189 1253 412 841 936 672
internal_count=2189 1253 412 841 936 672
is_linear=0
shrinkage=0.02


Tree=531
num_leaves=5
num_cat=0
split_feature=3 3 2 12
split_gain=0.162903 0.389111 0.659406 0.563926
threshold=1.4749351247390081 0.65094455490411829 0.05759585850417457 0.88700449101594991
decision_type=2 2 2 2
left_child=1 3 -3 -1
right_child=-2 2 -4 -5
leaf_value=-6.0225026674682137e-05 0.00048268898413712238 -0.0010281776718715544 0.00037566906500555505 0.0010640658090511957
leaf_weight=1185 233 357 209 205
leaf_count=1185 233 357 209 205
internal_value=-1.1459e-05 -7.14029e-05 -0.000511046 0.000108807
internal_weight=2189 1956 566 1390
internal_count=2189 1956 566 1390
is_linear=0
shrinkage=0.02


Tree=532
num_leaves=7
num_cat=0
split_feature=4 4 6 11 11 11
split_gain=0.162545 0.511793 0.630413 0.508891 0.533319 0.477376
threshold=0.022360679774997932 0.012990381056766588 6.3763187007330879 -0.047505974168386061 0.39272944514985558 -0.40643766183195668
decision_type=2 2 2 2 2 2
left_child=1 2 -1 5 -5 -2
right_child=3 -3 -4 4 -6 -7
leaf_value=0.00068343008274178202 -0.00024319293245139172 0.00067268889410404585 -0.00089978789191015747 0.0010791168703760308 -0.00013605063950495892 -0.0015120544287119395
leaf_weight=158 506 442 259 203 470 151
leaf_count=158 506 442 259 203 470 151
internal_value=-1.17469e-05 0.000202022 -0.000298922 -0.000150052 0.000235741 -0.000544036
internal_weight=2189 859 417 1330 673 657
internal_count=2189 859 417 1330 673 657
is_linear=0
shrinkage=0.02


Tree=533
num_leaves=4
num_cat=0
split_feature=1 1 1
split_gain=0.161927 0.478171 0.36149
threshold=-1.7211808224759986 -1.4417817795394339 -1.1423723315208596
decision_type=2 2 2
left_child=-1 -2 -3
right_child=1 2 -4
leaf_value=0.00060495680893618098 -0.0011164561536051098 0.00089214153544162403 -5.9598777430796755e-05
leaf_weight=153 153 171 1712
leaf_count=153 153 171 1712
internal_value=-1.19102e-05 -5.96346e-05 2.89649e-05
internal_weight=2189 2036 1883
internal_count=2189 2036 1883
is_linear=0
shrinkage=0.02


Tree=534
num_leaves=6
num_cat=0
split_feature=7 7 12 7 5
split_gain=0.161058 0.747839 0.878236 0.452648 0.507973
threshold=-0.53672757228240564 -0.71998814116665588 -0.25881719453618979 -0.33504394213048982 -0.12000000000000001
decision_type=2 2 2 2 2
left_child=1 2 -1 -2 -5
right_child=3 -3 -4 4 -6
leaf_value=-0.0011293095086753438 -0.0010715336634599592 0.0012931769615346469 0.00060869611651801013 -0.00082513885515295344 0.00017919215116486906
leaf_weight=209 173 189 250 240 1128
leaf_count=209 173 189 250 240 1128
internal_value=-1.15979e-05 0.000251794 -0.000186325 -0.000122812 6.30508e-07
internal_weight=2189 648 459 1541 1368
internal_count=2189 648 459 1541 1368
is_linear=0
shrinkage=0.02


Tree=535
num_leaves=6
num_cat=0
split_feature=5 5 0 8 5
split_gain=0.163713 0.703842 0.691074 0.706538 0.609511
threshold=0.055000000000000084 0.030000000000000002 0.55750000000000022 0.63387932992119733 0.0099999999999999829
decision_type=2 2 2 2 2
left_child=1 4 -2 -4 -1
right_child=2 -3 3 -5 -6
leaf_value=0.0001124628234707339 -0.00136831583422527 0.0013056909414503359 0.00066445236024651616 -0.00075382278590155252 -0.0012133472099240068
leaf_weight=1131 166 169 336 234 153
leaf_count=1131 166 169 336 234 153
internal_value=-1.10885e-05 0.000111961 -0.000253127 8.07211e-05 -4.96129e-05
internal_weight=2189 1453 736 570 1284
internal_count=2189 1453 736 570 1284
is_linear=0
shrinkage=0.02


Tree=536
num_leaves=5
num_cat=0
split_feature=1 1 6 7
split_gain=0.16023 0.426726 0.623608 0.491868
threshold=1.6961643565743085 1.0448177854782881 6.6728047069333796 0.80323818428152671
decision_type=2 2 2 2
left_child=1 3 -3 -1
right_child=-2 2 -4 -5
leaf_value=-7.4142647934204644e-05 0.00052058965129005478 -0.0015275667770635649 0.00012305465979131026 0.00089598475750990035
leaf_weight=1388 200 174 186 241
leaf_count=1388 200 174 186 241
internal_value=-1.18863e-05 -6.65995e-05 -0.000684743 7.16839e-05
internal_weight=2189 1989 360 1629
internal_count=2189 1989 360 1629
is_linear=0
shrinkage=0.02


Tree=537
num_leaves=6
num_cat=0
split_feature=5 5 0 8 5
split_gain=0.161347 0.69363 0.683408 0.689039 0.598595
threshold=0.055000000000000084 0.030000000000000002 0.55750000000000022 0.63387932992119733 0.0099999999999999829
decision_type=2 2 2 2 2
left_child=1 4 -2 -4 -1
right_child=2 -3 3 -5 -6
leaf_value=0.00011076779691934526 -0.0013608850146594801 0.0012955815312532901 0.0006565484923755756 -0.00074405321771489402 -0.0012031169526891996
leaf_weight=1131 166 169 336 234 153
leaf_count=1131 166 169 336 234 153
internal_value=-1.16163e-05 0.000110542 -0.000251899 8.00945e-05 -4.98528e-05
internal_weight=2189 1453 736 570 1284
internal_count=2189 1453 736 570 1284
is_linear=0
shrinkage=0.02


Tree=538
num_leaves=7
num_cat=0
split_feature=13 13 4 1 0 6
split_gain=0.161322 0.529178 0.632684 0.461434 0.849257 0.551181
threshold=0.076703014414507512 0.13965283492518399 0.043011626335213167 1.0448177854782881 0.60750000000000004 6.9937402960692037
decision_type=10 10 2 2 2 2
left_child=3 -2 -3 5 -5 -1
right_child=1 2 -4 4 -6 -7
leaf_value=-0.00019152764273090025 0.0010476278199085215 -0.00054297543671808922 0.00095632197052428994 -0.0018715561397614018 1.463656722720245e-06 0.00084751745774857613
leaf_weight=750 216 387 153 150 258 275
leaf_count=750 216 387 153 150 258 275
internal_value=-1.24095e-05 0.000223099 -0.000113298 -0.000136999 -0.000701468 9.00015e-05
internal_weight=2189 756 540 1433 408 1025
internal_count=2189 756 540 1433 408 1025
is_linear=0
shrinkage=0.02


Tree=539
num_leaves=5
num_cat=0
split_feature=3 1 5 8
split_gain=0.161736 0.433719 0.564728 0.359927
threshold=-1.4598709212088288 -1.1025883594698003 -0.12000000000000001 0.69128836675760452
decision_type=2 2 2 2
left_child=-1 2 -2 -3
right_child=1 3 -4 -5
leaf_value=-0.0005135694872668553 -7.9961014108387312e-05 -0.00024990265218637747 0.0015062818992120481 0.00047614472044762979
leaf_weight=226 188 1266 166 343
leaf_count=226 188 1266 166 343
internal_value=-1.29538e-05 4.58404e-05 0.000674489 -9.41313e-05
internal_weight=2189 1963 354 1609
internal_count=2189 1963 354 1609
is_linear=0
shrinkage=0.02


Tree=540
num_leaves=7
num_cat=0
split_feature=4 4 6 11 11 6
split_gain=0.161623 0.502099 0.619319 0.498353 0.521385 0.4692
threshold=0.022360679774997932 0.012990381056766588 6.3763187007330879 -0.047505974168386061 0.39272944514985558 6.9070250122021024
decision_type=2 2 2 2 2 2
left_child=1 2 -1 -2 -5 -3
right_child=3 5 -4 4 -6 -7
leaf_value=0.00067803586062775603 -0.0005403949600662699 0.00015850726249315133 -0.00089118321281575572 0.0010651641429061645 -0.00013631874355610069 0.0014980919301901122
leaf_weight=158 657 278 259 203 470 164
leaf_count=158 657 278 259 203 470 164
internal_value=-1.26054e-05 0.000200559 -0.000295622 -0.000150516 0.000231272 0.000666745
internal_weight=2189 859 417 1330 673 442
internal_count=2189 859 417 1330 673 442
is_linear=0
shrinkage=0.02


Tree=541
num_leaves=5
num_cat=0
split_feature=3 3 12 3
split_gain=0.161415 0.381389 0.656967 0.561011
threshold=1.4749351247390081 0.65094455490411829 0.25495355649645252 0.22941573387055716
decision_type=2 2 2 2
left_child=1 3 -3 -1
right_child=-2 2 -4 -5
leaf_value=-5.2496862184301689e-05 0.00047920445371575713 4.2863084793218914e-05 -0.0013427442935556183 0.001119242279843314
leaf_weight=1206 233 344 222 184
leaf_count=1206 233 344 222 184
internal_value=-1.26846e-05 -7.23512e-05 -0.000507607 0.000106067
internal_weight=2189 1956 566 1390
internal_count=2189 1956 566 1390
is_linear=0
shrinkage=0.02


Tree=542
num_leaves=5
num_cat=0
split_feature=0 8 0 0
split_gain=0.160361 0.323417 0.429247 0.327682
threshold=0.73000000000000009 0.70902032728097553 0.55000000000000016 0.46750000000000003
decision_type=2 2 2 2
left_child=1 2 -1 -3
right_child=-2 3 -4 -5
leaf_value=-0.00028422644285125323 -0.00052336475210068372 -3.0434431754193219e-05 0.00040566633753231113 0.0012551658255679455
leaf_weight=1139 216 154 522 158
leaf_count=1139 216 154 522 158
internal_value=-1.24337e-05 4.46836e-05 -6.68481e-05 0.000630136
internal_weight=2189 1973 1661 312
internal_count=2189 1973 1661 312
is_linear=0
shrinkage=0.02


Tree=543
num_leaves=6
num_cat=0
split_feature=5 5 0 8 5
split_gain=0.16172 0.678571 0.669762 0.677404 0.589351
threshold=0.055000000000000084 0.030000000000000002 0.55750000000000022 0.63387932992119733 0.0099999999999999829
decision_type=2 2 2 2 2
left_child=1 4 -2 -4 -1
right_child=2 -3 3 -5 -6
leaf_value=0.00011084512424262563 -0.0013505916820283524 0.0012822248643108954 0.00064754409114338592 -0.00074117540091175828 -0.0011928536622678931
leaf_weight=1131 166 169 336 234 153
leaf_count=1131 166 169 336 234 153
internal_value=-1.21802e-05 0.000110121 -0.000252739 7.59506e-05 -4.85266e-05
internal_weight=2189 1453 736 570 1284
internal_count=2189 1453 736 570 1284
is_linear=0
shrinkage=0.02


Tree=544
num_leaves=6
num_cat=0
split_feature=5 5 0 8 5
split_gain=0.160606 0.668222 0.662526 0.658457 0.579921
threshold=0.055000000000000084 0.030000000000000002 0.55750000000000022 0.63387932992119733 0.0099999999999999829
decision_type=2 2 2 2 2
left_child=1 4 -2 -4 -1
right_child=2 -3 3 -5 -6
leaf_value=0.00010958445606249857 -0.0013445890477003411 0.001272055482218877 0.00063778345331773594 -0.00073137573992821813 -0.0011836430048452148
leaf_weight=1131 166 169 336 234 153
leaf_count=1131 166 169 336 234 153
internal_value=-1.29578e-05 0.000108923 -0.000252685 7.42354e-05 -4.85087e-05
internal_weight=2189 1453 736 570 1284
internal_count=2189 1453 736 570 1284
is_linear=0
shrinkage=0.02


Tree=545
num_leaves=6
num_cat=0
split_feature=5 5 0 8 5
split_gain=0.159489 0.65803 0.655386 0.640041 0.570644
threshold=0.055000000000000084 0.030000000000000002 0.55750000000000022 0.63387932992119733 0.0099999999999999829
decision_type=2 2 2 2 2
left_child=1 4 -2 -4 -1
right_child=2 -3 3 -5 -6
leaf_value=0.00010833812808465461 -0.0013386131003934737 0.0012619667727735706 0.00062816996843952826 -0.00072170568161758996 -0.0011745034972842358
leaf_weight=1131 166 169 336 234 153
leaf_count=1131 166 169 336 234 153
internal_value=-1.372e-05 0.000107739 -0.000252611 7.25536e-05 -4.84868e-05
internal_weight=2189 1453 736 570 1284
internal_count=2189 1453 736 570 1284
is_linear=0
shrinkage=0.02


Tree=546
num_leaves=4
num_cat=0
split_feature=1 1 1
split_gain=0.158789 0.467786 0.394018
threshold=-1.7211808224759986 -1.4305877017710358 -1.1423723315208596
decision_type=2 2 2
left_child=-1 -2 -3
right_child=1 2 -4
leaf_value=0.00059640043874896031 -0.0010760134421421417 0.00095594264343827075 -6.1689235684155431e-05
leaf_weight=153 162 162 1712
leaf_count=153 162 162 1712
internal_value=-1.44672e-05 -6.17208e-05 2.85907e-05
internal_weight=2189 2036 1874
internal_count=2189 2036 1874
is_linear=0
shrinkage=0.02


Tree=547
num_leaves=6
num_cat=0
split_feature=7 12 13 7 2
split_gain=0.158661 0.728567 0.485015 0.448723 0.504627
threshold=-0.53672757228240564 -0.66749245881647024 0.21436319846336771 -0.33504394213048982 0.023752145924519141
decision_type=2 2 8 2 2
left_child=1 -1 -3 -2 -5
right_child=3 2 -4 4 -6
leaf_value=-0.00083548320206982022 -0.0010690810980034595 0.0011906222820439977 -0.00010221577694381375 0.0010152623205505616 -0.00014561948817632837
leaf_weight=176 173 275 197 166 1202
leaf_count=176 173 275 197 166 1202
internal_value=-1.41044e-05 0.000247326 0.000655611 -0.000124482 -1.568e-06
internal_weight=2189 648 472 1541 1368
internal_count=2189 648 472 1541 1368
is_linear=0
shrinkage=0.02


Tree=548
num_leaves=5
num_cat=0
split_feature=3 3 2 3
split_gain=0.158268 0.374431 0.642789 0.548445
threshold=1.4749351247390081 0.65094455490411829 0.05759585850417457 0.22941573387055716
decision_type=2 2 2 2
left_child=1 3 -3 -1
right_child=-2 2 -4 -5
leaf_value=-5.2715344580419481e-05 0.00047342692650541535 -0.0010145691081943269 0.00037146851128820228 0.001105824693077781
leaf_weight=1206 233 357 209 184
leaf_count=1206 233 357 209 184
internal_value=-1.3647e-05 -7.27268e-05 -0.000503993 0.000104059
internal_weight=2189 1956 566 1390
internal_count=2189 1956 566 1390
is_linear=0
shrinkage=0.02


Tree=549
num_leaves=6
num_cat=0
split_feature=5 5 0 8 5
split_gain=0.159489 0.647599 0.646595 0.622236 0.562406
threshold=0.055000000000000084 0.030000000000000002 0.55750000000000022 0.63387932992119733 0.0099999999999999829
decision_type=2 2 2 2 2
left_child=1 4 -2 -4 -1
right_child=2 -3 3 -5 -6
leaf_value=0.00010843268471739656 -0.0013313079921648517 0.001252775033828856 0.00061821654442215709 -0.00071274902800168196 -0.0011651148253320894
leaf_weight=1131 166 169 336 234 153
leaf_count=1131 166 169 336 234 153
internal_value=-1.37259e-05 0.000107733 -0.000252617 7.03736e-05 -4.72526e-05
internal_weight=2189 1453 736 570 1284
internal_count=2189 1453 736 570 1284
is_linear=0
shrinkage=0.02


Tree=550
num_leaves=5
num_cat=0
split_feature=0 8 5 11
split_gain=0.158778 0.327972 0.765585 0.716539
threshold=0.73000000000000009 0.57551116111238565 -0.049999999999999996 0.41895690178062478
decision_type=2 2 2 2
left_child=1 3 -3 -1
right_child=-2 2 -4 -5
leaf_value=0.00020212472232958398 -0.00052286376674897652 -0.00038426919685382595 0.00064213384509572726 -0.0010552580762867641
leaf_weight=467 216 470 746 290
leaf_count=467 216 470 746 290
internal_value=-1.44651e-05 4.23743e-05 0.000245467 -0.000283331
internal_weight=2189 1973 1216 757
internal_count=2189 1973 1216 757
is_linear=0
shrinkage=0.02


Tree=551
num_leaves=6
num_cat=0
split_feature=5 0 5 8 5
split_gain=0.159923 0.640614 0.634391 0.607428 0.556841
threshold=0.055000000000000084 0.55750000000000022 0.030000000000000002 0.63387932992119733 0.0099999999999999829
decision_type=2 2 2 2 2
left_child=2 -2 4 -3 -1
right_child=1 3 -4 -5 -6
leaf_value=0.00010939227619608472 -0.0013266421423146599 0.00060984514802701147 0.0012411911492289484 -0.00070518608666784977 -0.0011578368751591519
leaf_weight=1131 166 336 169 234 153
leaf_count=1131 166 336 169 234 153
internal_value=-1.37372e-05 -0.000252953 0.000107887 6.85526e-05 -4.55148e-05
internal_weight=2189 736 1453 570 1284
internal_count=2189 736 1453 570 1284
is_linear=0
shrinkage=0.02


Tree=552
num_leaves=6
num_cat=0
split_feature=5 0 5 8 5
split_gain=0.158761 0.633763 0.624723 0.590444 0.547926
threshold=0.055000000000000084 0.55750000000000022 0.030000000000000002 0.63387932992119733 0.0099999999999999829
decision_type=2 2 2 2 2
left_child=2 -2 4 -3 -1
right_child=1 3 -4 -5 -6
leaf_value=0.00010814813315756882 -0.0013207459488981648 0.000600652758221045 0.0012313472353264517 -0.0006958622972346515 -0.0011488966103878958
leaf_weight=1131 166 336 169 234 153
leaf_count=1131 166 336 169 234 153
internal_value=-1.44718e-05 -0.000252815 0.000106711 6.69765e-05 -4.55154e-05
internal_weight=2189 736 1453 570 1284
internal_count=2189 736 1453 570 1284
is_linear=0
shrinkage=0.02


Tree=553
num_leaves=7
num_cat=0
split_feature=4 11 11 4 6 6
split_gain=0.158859 0.492658 0.509246 0.491906 0.602957 0.462499
threshold=0.022360679774997932 -0.047505974168386061 0.39272944514985558 0.012990381056766588 6.3763187007330879 6.9070250122021024
decision_type=2 2 2 2 2 2
left_child=3 -2 -3 4 -1 -5
right_child=1 2 -4 5 -6 -7
leaf_value=0.00066581603599586553 -0.00053955198168892447 0.0010518292873950067 -0.00013557843482611996 0.00015307742804486317 -0.00088256517294653218 0.0014829608783836767
leaf_weight=158 657 203 470 278 259 164
leaf_count=158 657 203 470 278 259 164
internal_value=-1.51917e-05 -0.000151912 0.0002277 0.000196148 -0.000294951 0.000657587
internal_weight=2189 1330 673 859 417 442
internal_count=2189 1330 673 859 417 442
is_linear=0
shrinkage=0.02


Tree=554
num_leaves=6
num_cat=0
split_feature=5 0 5 8 5
split_gain=0.158303 0.626025 0.614407 0.574816 0.540139
threshold=0.055000000000000084 0.55750000000000022 0.030000000000000002 0.63387932992119733 0.0099999999999999829
decision_type=2 2 2 2 2
left_child=2 -2 4 -3 -1
right_child=1 3 -4 -5 -6
leaf_value=0.00010737309520728034 -0.0013146262933984834 0.00059118982521483201 0.0012210819523396164 -0.00068804935756759048 -0.0011407065450484994
leaf_weight=1131 166 336 169 234 153
leaf_count=1131 166 336 169 234 153
internal_value=-1.52401e-05 -0.000253238 0.00010577 6.46121e-05 -4.51946e-05
internal_weight=2189 736 1453 570 1284
internal_count=2189 736 1453 570 1284
is_linear=0
shrinkage=0.02


Tree=555
num_leaves=6
num_cat=0
split_feature=5 0 5 8 5
split_gain=0.157128 0.619367 0.605043 0.558747 0.531492
threshold=0.055000000000000084 0.55750000000000022 0.030000000000000002 0.63387932992119733 0.0099999999999999829
decision_type=2 2 2 2 2
left_child=2 -2 4 -3 -1
right_child=1 3 -4 -5 -6
leaf_value=0.00010615191065163588 -0.0013087835010380771 0.00058227863337208252 0.0012113975160808741 -0.0006789521249018466 -0.0011318985549615154
leaf_weight=1131 166 336 169 234 153
leaf_count=1131 166 336 169 234 153
internal_value=-1.59447e-05 -0.000253056 0.000104617 6.31086e-05 -4.51912e-05
internal_weight=2189 736 1453 570 1284
internal_count=2189 736 1453 570 1284
is_linear=0
shrinkage=0.02


Tree=556
num_leaves=4
num_cat=0
split_feature=1 1 1
split_gain=0.156321 0.452272 0.387316
threshold=-1.7211808224759986 -1.4305877017710358 -1.1423723315208596
decision_type=2 2 2
left_child=-1 -2 -3
right_child=1 2 -4
leaf_value=0.00058947343449992473 -0.0010608453427658913 0.00094473017056188185 -6.4206971723453969e-05
leaf_weight=153 162 162 1712
leaf_count=153 162 162 1712
internal_value=-1.66353e-05 -6.35152e-05 2.52935e-05
internal_weight=2189 2036 1874
internal_count=2189 2036 1874
is_linear=0
shrinkage=0.02


Tree=557
num_leaves=4
num_cat=0
split_feature=6 11 11
split_gain=0.157116 0.334261 0.549326
threshold=5.7734328999469158 -0.95892293223302472 -0.7298473806936866
decision_type=2 2 2
left_child=-1 -2 -3
right_child=1 2 -4
leaf_value=0.00050134755973594333 0.00070866025269332553 -0.00092156397717798255 2.9230696056538851e-06
leaf_weight=207 193 306 1483
leaf_count=207 193 306 1483
internal_value=-1.62518e-05 -7.14354e-05 -0.000157334
internal_weight=2189 1982 1789
internal_count=2189 1982 1789
is_linear=0
shrinkage=0.02


Tree=558
num_leaves=6
num_cat=0
split_feature=7 7 12 7 2
split_gain=0.15656 0.71929 0.848667 0.44492 0.499472
threshold=-0.53672757228240564 -0.71998814116665588 -0.25881719453618979 -0.33504394213048982 0.023752145924519141
decision_type=2 2 2 2 2
left_child=1 2 -1 -2 -5
right_child=3 -3 -4 4 -6
leaf_value=-0.001112960225175718 -0.001066292575377385 0.0012649570738407063 0.00059554962933465255 0.0010083239505949773 -0.00014661407984430341
leaf_weight=209 173 189 250 166 1202
leaf_count=209 173 189 250 166 1202
internal_value=-1.6065e-05 0.000243635 -0.000186009 -0.000125705 -3.30648e-06
internal_weight=2189 648 459 1541 1368
internal_count=2189 648 459 1541 1368
is_linear=0
shrinkage=0.02


Tree=559
num_leaves=5
num_cat=0
split_feature=0 8 5 11
split_gain=0.156021 0.329936 0.762259 0.703402
threshold=0.73000000000000009 0.57551116111238565 -0.049999999999999996 0.82534105708871219
decision_type=2 2 2 2
left_child=1 3 -3 -1
right_child=-2 2 -4 -5
leaf_value=2.0942269079539368e-05 -0.00051958510037448382 -0.00038393385879891483 0.00064023466393247383 -0.00148844668377311
leaf_weight=607 216 470 746 150
leaf_count=607 216 470 746 150
internal_value=-1.56213e-05 4.07255e-05 0.000244429 -0.000285948
internal_weight=2189 1973 1216 757
internal_count=2189 1973 1216 757
is_linear=0
shrinkage=0.02


Tree=560
num_leaves=6
num_cat=0
split_feature=5 0 5 8 5
split_gain=0.156658 0.613763 0.592079 0.546839 0.528133
threshold=0.055000000000000084 0.55750000000000022 0.030000000000000002 0.63387932992119733 0.0099999999999999829
decision_type=2 2 2 2 2
left_child=2 -2 4 -3 -1
right_child=1 3 -4 -5 -6
leaf_value=0.00010813723510271839 -0.0013025937669458446 0.00057667974898826515 0.0012003420552388689 -0.0006710403456638088 -0.0011259914651701721
leaf_weight=1131 166 336 169 234 153
leaf_count=1131 166 336 169 234 153
internal_value=-1.48941e-05 -0.000251652 0.000105485 6.30768e-05 -4.27174e-05
internal_weight=2189 736 1453 570 1284
internal_count=2189 736 1453 570 1284
is_linear=0
shrinkage=0.02


Tree=561
num_leaves=7
num_cat=0
split_feature=4 11 0 11 11 11
split_gain=0.155922 0.486629 0.495838 0.480089 0.495946 0.46128
threshold=0.022360679774997932 0.88524145855887515 0.38750000000000007 -0.047505974168386061 0.39272944514985558 -0.40643766183195668
decision_type=2 2 2 2 2 2
left_child=1 2 -1 5 -5 -2
right_child=3 -3 -4 4 -6 -7
leaf_value=-0.00037354888546344066 -0.00023799854770864117 -0.00079279331416120191 0.00077154247820365024 0.0010369895615608235 -0.00013480325781397128 -0.0014852660294705764
leaf_weight=215 506 158 486 203 470 151
leaf_count=215 506 158 486 203 470 151
internal_value=-1.5604e-05 0.000193775 0.000420179 -0.000151054 0.000223691 -0.000533714
internal_weight=2189 859 701 1330 673 657
internal_count=2189 859 701 1330 673 657
is_linear=0
shrinkage=0.02


Tree=562
num_leaves=6
num_cat=0
split_feature=5 0 5 8 1
split_gain=0.157643 0.604445 0.580652 0.532549 0.525519
threshold=0.055000000000000084 0.55750000000000022 0.030000000000000002 0.63387932992119733 0.19402966521139645
decision_type=2 2 2 2 2
left_child=2 -2 4 -3 -1
right_child=1 3 -4 -5 -6
leaf_value=0.00014474779871731451 -0.0012957378036794606 0.00056641617366365402 0.001189688910976395 -0.00066488823062393454 -0.00091500618318629155
leaf_weight=1062 166 336 169 234 222
leaf_count=1062 166 336 169 234 222
internal_value=-1.53082e-05 -0.000252809 0.000105449 5.95472e-05 -4.13192e-05
internal_weight=2189 736 1453 570 1284
internal_count=2189 736 1453 570 1284
is_linear=0
shrinkage=0.02


Tree=563
num_leaves=5
num_cat=0
split_feature=3 3 12 3
split_gain=0.156769 0.373324 0.643538 0.532409
threshold=1.4749351247390081 0.65094455490411829 0.25495355649645252 0.22941573387055716
decision_type=2 2 2 2
left_child=1 3 -3 -1
right_child=-2 2 -4 -5
leaf_value=-5.2718749159484067e-05 0.00046877520393184976 3.9445175954412918e-05 -0.0013319677882180354 0.0010887561367686701
leaf_weight=1206 233 344 222 184
leaf_count=1206 233 344 222 184
internal_value=-1.59933e-05 -7.47873e-05 -0.000505412 0.000101744
internal_weight=2189 1956 566 1390
internal_count=2189 1956 566 1390
is_linear=0
shrinkage=0.02


Tree=564
num_leaves=6
num_cat=0
split_feature=5 0 5 7 8
split_gain=0.156451 0.597747 0.571497 0.525245 0.51753
threshold=0.055000000000000084 0.55750000000000022 0.030000000000000002 -0.75896085734227436 0.63387932992119733
decision_type=2 2 2 2 2
left_child=2 -2 3 -1 -3
right_child=1 4 -4 -5 -6
leaf_value=-0.00086024117814044335 -0.0012894460456500277 0.00055798953506345193 0.001180246422259972 0.00015730142242685426 -0.0006558278114749236
leaf_weight=247 166 336 169 1037 234
leaf_count=247 166 336 169 1037 234
internal_value=-1.57126e-05 -0.000252313 0.000104589 -4.10184e-05 5.83158e-05
internal_weight=2189 736 1453 1284 570
internal_count=2189 736 1453 1284 570
is_linear=0
shrinkage=0.02


Tree=565
num_leaves=6
num_cat=0
split_feature=7 12 13 7 5
split_gain=0.156441 0.700954 0.467021 0.438223 0.492086
threshold=-0.53672757228240564 -0.66749245881647024 0.21436319846336771 -0.33504394213048982 -0.12000000000000001
decision_type=2 2 8 2 2
left_child=1 -1 -3 -2 -5
right_child=3 2 -4 4 -6
leaf_value=-0.00081857104080816656 -0.001059150069211662 0.0011689915337816015 -9.9652095451158032e-05 -0.00081692710287194247 0.00017157432509771984
leaf_weight=176 173 275 197 240 1128
leaf_count=176 173 275 197 240 1128
internal_value=-1.60691e-05 0.000243532 0.000644 -0.000125668 -4.19041e-06
internal_weight=2189 648 472 1541 1368
internal_count=2189 648 472 1541 1368
is_linear=0
shrinkage=0.02


Tree=566
num_leaves=6
num_cat=0
split_feature=5 0 5 5 8
split_gain=0.158859 0.589405 0.559399 0.521794 0.503057
threshold=0.055000000000000084 0.55750000000000022 0.030000000000000002 0.0099999999999999829 0.63387932992119733
decision_type=2 2 2 2 2
left_child=2 -2 3 -1 -3
right_child=1 4 -4 -5 -6
leaf_value=0.00011158871320910461 -0.0012837793115983932 0.00054722976047648776 0.0011699340680892442 -0.0011151062961243375 -0.00064949014929910375
leaf_weight=1131 166 336 169 153 234
leaf_count=1131 166 336 169 153 234
internal_value=-1.5498e-05 -0.000253912 0.000105725 -3.83414e-05 5.4569e-05
internal_weight=2189 736 1453 1284 570
internal_count=2189 736 1453 1284 570
is_linear=0
shrinkage=0.02


Tree=567
num_leaves=5
num_cat=0
split_feature=0 8 9 0
split_gain=0.156822 0.333404 0.355741 0.313443
threshold=0.73000000000000009 0.70902032728097553 -0.58082508174783887 0.46750000000000003
decision_type=2 2 2 2
left_child=1 2 -1 -3
right_child=-2 3 -4 -5
leaf_value=0.00032756549254629827 -0.00052143910549195453 -1.1889719105554076e-05 -0.00028548916921426743 0.0012460290856567994
leaf_weight=575 216 154 1086 158
leaf_count=575 216 154 1086 158
internal_value=-1.61834e-05 4.03092e-05 -7.29176e-05 0.000634739
internal_weight=2189 1973 1661 312
internal_count=2189 1973 1661 312
is_linear=0
shrinkage=0.02


Tree=568
num_leaves=6
num_cat=0
split_feature=5 0 5 7 12
split_gain=0.156606 0.584888 0.548869 0.520894 0.430587
threshold=0.055000000000000084 0.55750000000000022 0.030000000000000002 -0.75896085734227436 -0.71000616126719407
decision_type=2 2 2 2 2
left_child=2 -2 3 -1 -3
right_child=1 4 -4 -5 -6
leaf_value=-0.00085375481998429647 -0.0012782117476065956 0.00095295305363833909 0.0011589263556203966 0.00015956140799077979 -0.00027603561560355511
leaf_weight=247 166 151 169 1037 419
leaf_count=247 166 151 169 1037 419
internal_value=-1.55801e-05 -0.000252298 0.00010478 -3.79234e-05 5.4994e-05
internal_weight=2189 736 1453 1284 570
internal_count=2189 736 1453 1284 570
is_linear=0
shrinkage=0.02


Tree=569
num_leaves=4
num_cat=0
split_feature=4 5 6
split_gain=0.156594 0.330399 0.417183
threshold=0.067961386095340942 0.16250000000000003 5.7734328999469158
decision_type=2 2 2
left_child=1 2 -1
right_child=-2 -3 -4
leaf_value=0.00097024525635594722 0.00057293460058873726 -0.00080364955976687351 -7.2894522940590201e-05
leaf_weight=164 162 211 1652
leaf_count=164 162 211 1652
internal_value=-1.58263e-05 -6.41747e-05 2.37151e-05
internal_weight=2189 2027 1816
internal_count=2189 2027 1816
is_linear=0
shrinkage=0.02


Tree=570
num_leaves=7
num_cat=0
split_feature=13 13 4 1 0 6
split_gain=0.154845 0.494761 0.622135 0.45742 0.800211 0.54515
threshold=0.076703014414507512 0.13965283492518399 0.043011626335213167 1.0448177854782881 0.60750000000000004 6.9937402960692037
decision_type=10 10 2 2 2 2
left_child=3 -2 -3 5 -5 -1
right_child=1 2 -4 4 -6 -7
leaf_value=-0.00019149233928159964 0.0010125328763045699 -0.00053610235043527856 0.00095063541448510056 -0.001835337060113107 -1.6848860094288344e-05 0.00084185024454823832
leaf_weight=750 216 387 153 150 258 275
leaf_count=750 216 387 153 150 258 275
internal_value=-1.54736e-05 0.000215267 -0.000110003 -0.000137529 -0.000699536 8.84867e-05
internal_weight=2189 756 540 1433 408 1025
internal_count=2189 756 540 1433 408 1025
is_linear=0
shrinkage=0.02


Tree=571
num_leaves=5
num_cat=0
split_feature=3 1 5 8
split_gain=0.155301 0.437243 0.544842 0.38973
threshold=-1.4598709212088288 -1.1025883594698003 -0.12000000000000001 0.69128836675760452
decision_type=2 2 2 2
left_child=-1 2 -2 -3
right_child=1 3 -4 -5
leaf_value=-0.00050649114298327818 -6.8418359760330136e-05 -0.00026093708200033614 0.001489886701303093 0.00049457352033056238
leaf_weight=226 188 1266 166 343
leaf_count=226 188 1266 166 343
internal_value=-1.59403e-05 4.16801e-05 0.000672885 -9.88472e-05
internal_weight=2189 1963 354 1609
internal_count=2189 1963 354 1609
is_linear=0
shrinkage=0.02


Tree=572
num_leaves=5
num_cat=0
split_feature=3 3 2 12
split_gain=0.154896 0.365517 0.627601 0.526998
threshold=1.4749351247390081 0.65094455490411829 0.05759585850417457 0.88700449101594991
decision_type=2 2 2 2
left_child=1 3 -3 -1
right_child=-2 2 -4 -5
leaf_value=-6.2716312831690335e-05 0.00046629928708851278 -0.0010046048379806771 0.00036498772862767712 0.001024127608968965
leaf_weight=1185 233 357 209 205
leaf_count=1185 233 357 209 205
internal_value=-1.55633e-05 -7.40057e-05 -0.000500104 0.00010067
internal_weight=2189 1956 566 1390
internal_count=2189 1956 566 1390
is_linear=0
shrinkage=0.02


Tree=573
num_leaves=7
num_cat=0
split_feature=4 4 6 11 11 6
split_gain=0.155011 0.483935 0.580437 0.46906 0.483523 0.456374
threshold=0.022360679774997932 0.012990381056766588 6.3763187007330879 -0.047505974168386061 0.39272944514985558 6.9070250122021024
decision_type=2 2 2 2 2 2
left_child=1 2 -1 -2 -5 -3
right_child=3 5 -4 4 -6 -7
leaf_value=0.00064861201646914876 -0.00052909084270761719 0.00014954805361393298 -0.0008706243045515183 0.0010226196452612596 -0.0001343953164343379 0.0014705357772915365
leaf_weight=158 657 278 259 203 470 164
leaf_count=158 657 278 259 203 470 164
internal_value=-1.58019e-05 0.000192965 -0.000294126 -0.000150855 0.000219568 0.000650655
internal_weight=2189 859 417 1330 673 442
internal_count=2189 859 417 1330 673 442
is_linear=0
shrinkage=0.02


Tree=574
num_leaves=5
num_cat=0
split_feature=1 1 6 7
split_gain=0.153631 0.423088 0.579865 0.494835
threshold=1.6961643565743085 1.0448177854782881 6.6728047069333796 0.80323818428152671
decision_type=2 2 2 2
left_child=1 3 -3 -1
right_child=-2 2 -4 -5
leaf_value=-7.7947646389227819e-05 0.00050557657782692562 -0.0014975742260566471 9.4658415228206461e-05 0.00089509532911839285
leaf_weight=1388 200 174 186 241
leaf_count=1388 200 174 186 241
internal_value=-1.58297e-05 -6.9395e-05 -0.000684893 6.83062e-05
internal_weight=2189 1989 360 1629
internal_count=2189 1989 360 1629
is_linear=0
shrinkage=0.02


Tree=575
num_leaves=4
num_cat=0
split_feature=1 1 1
split_gain=0.152623 0.439195 0.383821
threshold=-1.7211808224759986 -1.4305877017710358 -1.1423723315208596
decision_type=2 2 2
left_child=-1 -2 -3
right_child=1 2 -4
leaf_value=0.00058338816572405124 -0.0010446368055808508 0.00094096049667798912 -6.3414948144368939e-05
leaf_weight=153 162 162 1712
leaf_count=153 162 162 1712
internal_value=-1.55069e-05 -6.18312e-05 2.56822e-05
internal_weight=2189 2036 1874
internal_count=2189 2036 1874
is_linear=0
shrinkage=0.02


Tree=576
num_leaves=5
num_cat=0
split_feature=3 1 5 8
split_gain=0.152866 0.426516 0.533855 0.378765
threshold=-1.4598709212088288 -1.1025883594698003 -0.12000000000000001 0.69128836675760452
decision_type=2 2 2 2
left_child=-1 2 -2 -3
right_child=1 3 -4 -5
leaf_value=-0.00050182138535076481 -6.8329625372133109e-05 -0.00025655646997036445 0.0014741691830976492 0.00048824886871694494
leaf_weight=226 188 1266 166 343
leaf_count=226 188 1266 166 343
internal_value=-1.51313e-05 4.20339e-05 0.000665447 -9.67613e-05
internal_weight=2189 1963 354 1609
internal_count=2189 1963 354 1609
is_linear=0
shrinkage=0.02


Tree=577
num_leaves=7
num_cat=0
split_feature=4 4 6 11 7 11
split_gain=0.152184 0.474007 0.569645 0.459686 0.480032 0.449563
threshold=0.022360679774997932 0.012990381056766588 6.3763187007330879 -0.047505974168386061 0.64893677003572325 -0.40643766183195668
decision_type=2 2 2 2 2 2
left_child=1 2 -1 5 -5 -2
right_child=3 -3 -4 4 -6 -7
leaf_value=0.00064393207642244048 -0.00023111697288189965 0.00064506902023853 -0.00086110001394638068 0.00052314275430035198 -0.00070149928572375256 -0.0014623725783484331
leaf_weight=158 506 442 259 507 166 151
leaf_count=158 506 442 259 507 166 151
internal_value=-1.47501e-05 0.000192102 -0.000289975 -0.000148568 0.000218131 -0.000523007
internal_weight=2189 859 417 1330 673 657
internal_count=2189 859 417 1330 673 657
is_linear=0
shrinkage=0.02


Tree=578
num_leaves=4
num_cat=0
split_feature=4 5 6
split_gain=0.152353 0.320749 0.408331
threshold=0.067961386095340942 0.16250000000000003 5.7734328999469158
decision_type=2 2 2
left_child=1 2 -1
right_child=-2 -3 -4
leaf_value=0.0009605595077244708 0.00056595508761363785 -0.00079106494003941335 -7.145484745787434e-05
leaf_weight=164 162 211 1652
leaf_count=164 162 211 1652
internal_value=-1.47774e-05 -6.24686e-05 2.41262e-05
internal_weight=2189 2027 1816
internal_count=2189 2027 1816
is_linear=0
shrinkage=0.02


Tree=579
num_leaves=5
num_cat=0
split_feature=3 3 2 3
split_gain=0.152753 0.354302 0.620197 0.525429
threshold=1.4749351247390081 0.65094455490411829 0.05759585850417457 0.22941573387055716
decision_type=2 2 2 2
left_child=1 3 -3 -1
right_child=-2 2 -4 -5
leaf_value=-5.3946129504928071e-05 0.00046407542173836791 -0.00099352522351835648 0.00036789588354937036 0.0010800169859446153
leaf_weight=1206 233 357 209 184
leaf_count=1206 233 357 209 184
internal_value=-1.44403e-05 -7.24793e-05 -0.00049199 9.94942e-05
internal_weight=2189 1956 566 1390
internal_count=2189 1956 566 1390
is_linear=0
shrinkage=0.02


Tree=580
num_leaves=6
num_cat=0
split_feature=7 7 12 7 5
split_gain=0.150539 0.684257 0.820075 0.436296 0.487257
threshold=-0.53672757228240564 -0.71998814116665588 -0.25881719453618979 -0.33504394213048982 -0.12000000000000001
decision_type=2 2 2 2 2
left_child=1 2 -1 -2 -5
right_child=3 -3 -4 4 -6
leaf_value=-0.0010901700734883269 -0.0010534567294529186 0.0012362705740103133 0.00058929551688967927 -0.00080958240581391274 0.00017405591838021533
leaf_weight=209 173 189 250 240 1128
leaf_count=209 173 189 250 240 1128
internal_value=-1.45156e-05 0.000240139 -0.000178935 -0.00012203 -8.31998e-07
internal_weight=2189 648 459 1541 1368
internal_count=2189 648 459 1541 1368
is_linear=0
shrinkage=0.02


Tree=581
num_leaves=6
num_cat=0
split_feature=5 7 5 5 9
split_gain=0.152482 0.545703 0.540463 0.512658 0.437401
threshold=0.055000000000000084 -0.49326140889570363 0.030000000000000002 0.0099999999999999829 0.18570674627409386
decision_type=2 2 2 2 2
left_child=2 -2 3 -1 -3
right_child=1 4 -4 -5 -6
leaf_value=0.00011176140151215343 0.00061317986882300523 -0.0013358757445390151 0.0011508057947302688 -0.0011041457000884073 -0.00014702782327954641
leaf_weight=1131 207 192 169 153 337
leaf_count=1131 207 192 169 153 337
internal_value=-1.39976e-05 -0.00024758 0.000104764 -3.68457e-05 -0.000586987
internal_weight=2189 736 1453 1284 529
internal_count=2189 736 1453 1284 529
is_linear=0
shrinkage=0.02


Tree=582
num_leaves=7
num_cat=0
split_feature=4 11 0 11 11 11
split_gain=0.149504 0.472186 0.474773 0.446747 0.473697 0.438854
threshold=0.022360679774997932 0.88524145855887515 0.38750000000000007 -0.047505974168386061 0.39272944514985558 -0.40643766183195668
decision_type=2 2 2 2 2 2
left_child=1 2 -1 5 -5 -2
right_child=3 -3 -4 4 -6 -7
leaf_value=-0.00036261830420169811 -0.00022731270110726707 -0.00078072572079847106 0.00075792127760229613 0.0010097958716281798 -0.00013538688199325025 -0.0014437974285400018
leaf_weight=215 506 158 486 203 470 151
leaf_count=215 506 158 486 203 470 151
internal_value=-1.39268e-05 0.000191094 0.000414112 -0.000146562 0.000214939 -0.000515694
internal_weight=2189 859 701 1330 673 657
internal_count=2189 859 701 1330 673 657
is_linear=0
shrinkage=0.02


Tree=583
num_leaves=6
num_cat=0
split_feature=5 0 5 8 7
split_gain=0.151398 0.574402 0.530017 0.509104 0.506605
threshold=0.055000000000000084 0.55750000000000022 0.030000000000000002 0.63387932992119733 -0.75896085734227436
decision_type=2 2 2 2 2
left_child=2 -2 4 -3 -1
right_child=1 3 -4 -5 -6
leaf_value=-0.00084012761081029327 -0.0012630884795945291 0.00055367336419934697 0.0011405629437181285 -0.00065022293578591739 0.00015919239721001767
leaf_weight=247 166 336 169 234 1037
leaf_count=247 166 336 169 234 1037
internal_value=-1.36575e-05 -0.000246409 0.000104681 5.80858e-05 -3.55575e-05
internal_weight=2189 736 1453 570 1284
internal_count=2189 736 1453 570 1284
is_linear=0
shrinkage=0.02


Tree=584
num_leaves=5
num_cat=0
split_feature=0 8 11 11
split_gain=0.151162 0.319611 0.694805 0.647058
threshold=0.73000000000000009 0.57551116111238565 0.41895690178062478 0.93189648440777262
decision_type=2 2 2 2
left_child=1 2 -1 -3
right_child=-2 3 -4 -5
leaf_value=0.00019795760744442705 -0.00051007871443355178 6.0278740685201637e-05 -0.0010402155138465371 0.0014108173916025496
leaf_weight=467 216 1057 290 159
leaf_count=467 216 1057 290 159
internal_value=-1.40223e-05 4.14371e-05 -0.000280089 0.000241925
internal_weight=2189 1973 757 1216
internal_count=2189 1973 757 1216
is_linear=0
shrinkage=0.02


Tree=585
num_leaves=5
num_cat=0
split_feature=1 1 2 7
split_gain=0.150255 0.412206 0.569502 0.486601
threshold=1.6961643565743085 1.0448177854782881 0.05603739404952051 0.80323818428152671
decision_type=2 2 2 2
left_child=1 3 -3 -1
right_child=-2 2 -4 -5
leaf_value=-7.5670649187095464e-05 0.00050207066270182047 -0.0014324427704865994 0.00014513665815401409 0.0008892451366220367
leaf_weight=1388 200 185 175 241
leaf_count=1388 200 185 175 241
internal_value=-1.35688e-05 -6.65469e-05 -0.000674081 6.93666e-05
internal_weight=2189 1989 360 1629
internal_count=2189 1989 360 1629
is_linear=0
shrinkage=0.02


Tree=586
num_leaves=6
num_cat=0
split_feature=5 0 5 5 8
split_gain=0.149441 0.568758 0.523098 0.50492 0.497276
threshold=0.055000000000000084 0.55750000000000022 0.030000000000000002 0.0099999999999999829 0.63387932992119733
decision_type=2 2 2 2 2
left_child=2 -2 3 -1 -3
right_child=1 4 -4 -5 -6
leaf_value=0.00011222885067799722 -0.0012564145123357313 0.00054804042279136525 0.0011331712861877234 -0.0010944662952819203 -0.00064178950891724822
leaf_weight=1131 166 336 169 153 234
leaf_count=1131 166 336 169 153 234
internal_value=-1.3498e-05 -0.000244741 0.000104073 -3.52472e-05 5.82506e-05
internal_weight=2189 736 1453 1284 570
internal_count=2189 736 1453 1284 570
is_linear=0
shrinkage=0.02


Tree=587
num_leaves=5
num_cat=0
split_feature=3 3 12 3
split_gain=0.150246 0.347438 0.628993 0.513757
threshold=1.4749351247390081 0.65094455490411829 0.25495355649645252 0.22941573387055716
decision_type=2 2 2 2
left_child=1 3 -3 -1
right_child=-2 2 -4 -5
leaf_value=-5.3177945594427124e-05 0.00046038277611574704 5.1313730445090035e-05 -0.0013043479864985072 0.0010681199569195982
leaf_weight=1206 233 344 222 184
leaf_count=1206 233 344 222 184
internal_value=-1.41893e-05 -7.17503e-05 -0.000487178 9.85492e-05
internal_weight=2189 1956 566 1390
internal_count=2189 1956 566 1390
is_linear=0
shrinkage=0.02


Tree=588
num_leaves=4
num_cat=0
split_feature=1 1 1
split_gain=0.149303 0.428112 0.376509
threshold=-1.7211808224759986 -1.4305877017710358 -1.1423723315208596
decision_type=2 2 2
left_child=-1 -2 -3
right_child=1 2 -4
leaf_value=0.00057840093651998642 -0.0010300863982864216 0.00093315592923753714 -6.1608169499180462e-05
leaf_weight=153 162 162 1712
leaf_count=153 162 162 1712
internal_value=-1.39386e-05 -5.97592e-05 2.66396e-05
internal_weight=2189 2036 1874
internal_count=2189 2036 1874
is_linear=0
shrinkage=0.02


Tree=589
num_leaves=5
num_cat=0
split_feature=3 1 5 8
split_gain=0.149239 0.421499 0.519603 0.373815
threshold=-1.4598709212088288 -1.1025883594698003 -0.12000000000000001 0.69128836675760452
decision_type=2 2 2 2
left_child=-1 2 -2 -3
right_child=1 3 -4 -5
leaf_value=-0.00049446561608616736 -6.1435516286699262e-05 -0.0002538312237373979 0.0014604784940418444 0.00048608917903540465
leaf_weight=226 188 1266 166 343
leaf_count=226 188 1266 166 343
internal_value=-1.35812e-05 4.28985e-05 0.000662632 -9.50808e-05
internal_weight=2189 1963 354 1609
internal_count=2189 1963 354 1609
is_linear=0
shrinkage=0.02


Tree=590
num_leaves=7
num_cat=0
split_feature=4 4 6 6 8 8
split_gain=0.148506 0.465603 0.552601 0.446154 0.403268 0.615492
threshold=0.022360679774997932 0.012990381056766588 6.3763187007330879 6.9070250122021024 0.70838667803574429 0.63387932992119733
decision_type=2 2 2 2 2 2
left_child=1 2 -1 -3 5 -2
right_child=4 3 -4 -5 -6 -7
leaf_value=0.00063318478257789568 9.5821569657761625e-06 0.0001446578221053359 -0.00084917127188721979 0.0014506968486600847 0.0006403725191984819 -0.0010115434738157108
leaf_weight=158 783 278 259 164 214 333
leaf_count=158 783 278 259 164 214 333
internal_value=-1.32067e-05 0.000191127 -0.000286664 0.000640058 -0.0001454 -0.000298261
internal_weight=2189 859 417 442 1330 1116
internal_count=2189 859 417 442 1330 1116
is_linear=0
shrinkage=0.02


Tree=591
num_leaves=4
num_cat=0
split_feature=4 5 1
split_gain=0.147924 0.31762 0.408658
threshold=0.067961386095340942 0.16250000000000003 1.5808502484300997
decision_type=2 2 2
left_child=1 2 -1
right_child=-2 -3 -4
leaf_value=-6.6444522656648947e-05 0.00055908640952568927 -0.00078516950211013434 0.00099475848646658782
leaf_weight=1662 162 211 154
leaf_count=1662 162 211 154
internal_value=-1.31384e-05 -6.01344e-05 2.60316e-05
internal_weight=2189 2027 1816
internal_count=2189 2027 1816
is_linear=0
shrinkage=0.02


Tree=592
num_leaves=7
num_cat=0
split_feature=13 1 7 1 0 3
split_gain=0.147849 0.487452 0.774527 0.438658 0.794595 0.52358
threshold=0.076703014414507512 0.45824351919978773 -0.81899109865213215 1.0448177854782881 0.60750000000000004 0.33032974099227724
decision_type=10 2 2 2 2 2
left_child=3 2 -2 5 -5 -1
right_child=1 -3 -4 4 -6 -7
leaf_value=-0.00018114429408269499 -0.0012191017579012127 0.0009343556944369913 0.00041238476250518314 -0.0018142591969620798 -2.4449505166862402e-06 0.00083853890319324253
leaf_weight=756 171 246 339 150 258 269
leaf_count=756 171 246 339 150 258 269
internal_value=-1.2818e-05 0.000212644 -0.000141168 -0.000132089 -0.000682453 8.92319e-05
internal_weight=2189 756 510 1433 408 1025
internal_count=2189 756 510 1433 408 1025
is_linear=0
shrinkage=0.02


Tree=593
num_leaves=6
num_cat=0
split_feature=7 12 12 7 12
split_gain=0.147933 0.67221 0.464106 0.431549 0.486818
threshold=-0.53672757228240564 -0.66749245881647024 0.53404496678479341 -0.33504394213048982 0.49999642498037516
decision_type=2 2 2 2 2
left_child=1 -1 -3 -2 -5
right_child=3 2 -4 4 -6
leaf_value=-0.00080085689181369317 -0.0010461129290784258 0.0011347147482882374 -0.00013858293343595968 -0.00025713145456315596 0.00054870860583556484
leaf_weight=176 173 284 188 932 436
leaf_count=176 173 284 188 932 436
internal_value=-1.31854e-05 0.000239251 0.000631417 -0.000119767 7.63527e-07
internal_weight=2189 648 472 1541 1368
internal_count=2189 648 472 1541 1368
is_linear=0
shrinkage=0.02


Tree=594
num_leaves=6
num_cat=0
split_feature=5 0 5 1 8
split_gain=0.147538 0.560491 0.513231 0.499838 0.483676
threshold=0.055000000000000084 0.55750000000000022 0.030000000000000002 0.19402966521139645 0.63387932992119733
decision_type=2 2 2 2 2
left_child=2 -2 3 -1 -3
right_child=1 4 -4 -5 -6
leaf_value=0.0001472058513960273 -0.0012471103015742457 0.00054100576580448829 0.0011231148338758912 -0.00088632408989027206 -0.00063244184479604494
leaf_weight=1062 166 336 169 222 234
leaf_count=1062 166 336 169 222 234
internal_value=-1.30499e-05 -0.000242816 0.000103769 -3.42335e-05 5.79641e-05
internal_weight=2189 736 1453 1284 570
internal_count=2189 736 1453 1284 570
is_linear=0
shrinkage=0.02


Tree=595
num_leaves=5
num_cat=0
split_feature=3 3 12 3
split_gain=0.147007 0.341287 0.615599 0.501168
threshold=1.4749351247390081 0.65094455490411829 0.25495355649645252 0.22941573387055716
decision_type=2 2 2 2
left_child=1 3 -3 -1
right_child=-2 2 -4 -5
leaf_value=-5.1739755440172671e-05 0.00045570139737971944 5.0334440775076861e-05 -0.0012908213657041342 0.0010557369002333237
leaf_weight=1206 233 344 222 184
leaf_count=1206 233 344 222 184
internal_value=-1.37262e-05 -7.06641e-05 -0.000482399 9.812e-05
internal_weight=2189 1956 566 1390
internal_count=2189 1956 566 1390
is_linear=0
shrinkage=0.02


Tree=596
num_leaves=5
num_cat=0
split_feature=0 13 7 12
split_gain=0.146704 0.259729 0.492003 0.378329
threshold=0.25000000000000006 0.21436319846336771 -0.50528816922609676 -0.039586810352949316
decision_type=2 8 2 2
left_child=-1 2 -2 -3
right_child=1 3 -4 -5
leaf_value=0.00048929493161406197 0.00066906817990972046 -0.0010426536185269501 -0.00015028428759813678 0.00023210424623346028
leaf_weight=205 380 227 1224 153
leaf_count=205 380 227 1224 153
internal_value=-1.34819e-05 -6.65316e-05 4.53026e-05 -0.000533047
internal_weight=2189 1984 1604 380
internal_count=2189 1984 1604 380
is_linear=0
shrinkage=0.02


Tree=597
num_leaves=5
num_cat=0
split_feature=3 1 5 11
split_gain=0.146746 0.415178 0.542418 0.464304
threshold=-1.4598709212088288 -1.1254799116944252 -0.12000000000000001 0.94334592595852951
decision_type=2 2 2 2
left_child=-1 2 -2 -3
right_child=1 3 -4 -5
leaf_value=-0.00049052523188514727 -6.0649201071885218e-05 -0.00021213729176408039 0.0015353898033853384 0.000842020760448009
leaf_weight=226 184 1442 153 184
leaf_count=226 184 1442 153 184
internal_value=-1.36751e-05 4.23314e-05 0.000675815 -9.0632e-05
internal_weight=2189 1963 337 1626
internal_count=2189 1963 337 1626
is_linear=0
shrinkage=0.02


Tree=598
num_leaves=7
num_cat=0
split_feature=4 11 0 11 11 8
split_gain=0.145913 0.467651 0.46484 0.436724 0.471012 0.438272
threshold=0.022360679774997932 0.88524145855887515 0.38750000000000007 -0.047505974168386061 0.39272944514985558 0.54345814358213973
decision_type=2 2 2 2 2 2
left_child=1 2 -1 5 -5 -2
right_child=3 -3 -4 4 -6 -7
leaf_value=-0.00035725899404761468 0.00031597631304782436 -0.00077775392991324965 0.00075151507888044288 0.0010058258891177292 -0.00013609978787502961 -0.0008277075222449373
leaf_weight=215 183 158 486 203 470 474
leaf_count=215 183 158 486 203 470 474
internal_value=-1.31636e-05 0.000189379 0.000411327 -0.000144198 0.000213222 -0.000509167
internal_weight=2189 859 701 1330 673 657
internal_count=2189 859 701 1330 673 657
is_linear=0
shrinkage=0.02


Tree=599
num_leaves=6
num_cat=0
split_feature=5 0 5 5 8
split_gain=0.146417 0.553206 0.50549 0.492885 0.470011
threshold=0.055000000000000084 0.55750000000000022 0.030000000000000002 0.0099999999999999829 0.63387932992119733
decision_type=2 2 2 2 2
left_child=2 -2 3 -1 -3
right_child=1 4 -4 -5 -6
leaf_value=0.00011214405317293992 -0.001239611277062642 0.00053312896266717472 0.0011150296528063628 -0.0010800819466762906 -0.00062362393093486339
leaf_weight=1131 166 336 169 153 234
leaf_count=1131 166 336 169 153 234
internal_value=-1.29739e-05 -0.000241866 0.0001034 -3.35588e-05 5.6958e-05
internal_weight=2189 736 1453 1284 570
internal_count=2189 736 1453 1284 570
is_linear=0
shrinkage=0.02


Tree=600
num_leaves=5
num_cat=0
split_feature=0 8 5 1
split_gain=0.146368 0.318871 0.753611 0.663565
threshold=0.73000000000000009 0.57551116111238565 -0.049999999999999996 -0.64507896092290562
decision_type=2 2 2 2
left_child=1 3 -3 -1
right_child=-2 2 -4 -5
leaf_value=0.00046012495174822739 -0.00050178564016652464 -0.00038360542425101531 0.00063472965146884946 -0.00074767158478935322
leaf_weight=293 216 470 746 464
leaf_count=293 216 470 746 464
internal_value=-1.36581e-05 4.09144e-05 0.000241171 -0.000280237
internal_weight=2189 1973 1216 757
internal_count=2189 1973 1216 757
is_linear=0
shrinkage=0.02


Tree=601
num_leaves=5
num_cat=0
split_feature=3 3 2 12
split_gain=0.145825 0.331625 0.608596 0.495241
threshold=1.4749351247390081 0.65094455490411829 0.05759585850417457 0.88700449101594991
decision_type=2 2 2 2
left_child=1 3 -3 -1
right_child=-2 2 -4 -5
leaf_value=-6.1836171918744305e-05 0.00045441353701430707 -0.00097256204198263791 0.00037591217024604469 0.00099175051478336438
leaf_weight=1185 233 357 209 205
leaf_count=1185 233 357 209 205
internal_value=-1.31218e-05 -6.98316e-05 -0.000475696 9.65466e-05
internal_weight=2189 1956 566 1390
internal_count=2189 1956 566 1390
is_linear=0
shrinkage=0.02


Tree=602
num_leaves=6
num_cat=0
split_feature=5 0 5 7 8
split_gain=0.145182 0.5476 0.497375 0.491774 0.461619
threshold=0.055000000000000084 0.55750000000000022 0.030000000000000002 -0.75896085734227436 0.63387932992119733
decision_type=2 2 2 2 2
left_child=2 -2 3 -1 -3
right_child=1 4 -4 -5 -6
leaf_value=-0.0008260665359378595 -0.0012339831000651445 0.00052790836398824341 0.0011059765975344285 0.00015851597513823865 -0.00061846947338369733
leaf_weight=247 166 336 169 1037 234
leaf_count=247 166 336 169 1037 234
internal_value=-1.33837e-05 -0.000241307 0.0001025 -3.33554e-05 5.60044e-05
internal_weight=2189 736 1453 1284 570
internal_count=2189 736 1453 1284 570
is_linear=0
shrinkage=0.02


Tree=603
num_leaves=6
num_cat=0
split_feature=7 12 12 7 5
split_gain=0.145565 0.652297 0.456549 0.428538 0.48492
threshold=-0.53672757228240564 -0.66749245881647024 0.53404496678479341 -0.33504394213048982 -0.12000000000000001
decision_type=2 2 2 2 2
left_child=1 -1 -3 -2 -5
right_child=3 2 -4 4 -6
leaf_value=-0.00078792599642145042 -0.0010425690368139656 0.0011221704076795121 -0.00014064834243256039 -0.00080616551011382625 0.00017511199913600037
leaf_weight=176 173 284 188 240 1128
leaf_count=176 173 284 188 240 1128
internal_value=-1.37368e-05 0.000236673 0.000622981 -0.000119461 6.49195e-07
internal_weight=2189 648 472 1541 1368
internal_count=2189 648 472 1541 1368
is_linear=0
shrinkage=0.02


Tree=604
num_leaves=5
num_cat=0
split_feature=0 13 7 12
split_gain=0.147749 0.252415 0.481528 0.369556
threshold=0.25000000000000006 0.21436319846336771 -0.50528816922609676 -0.039586810352949316
decision_type=2 8 2 2
left_child=-1 2 -2 -3
right_child=1 3 -4 -5
leaf_value=0.00049152980998180633 0.00066106790739834287 -0.0010298387661118638 -0.00014951406300607448 0.00023003809154033663
leaf_weight=205 380 227 1224 153
leaf_count=205 380 227 1224 153
internal_value=-1.30342e-05 -6.62736e-05 4.39766e-05 -0.000526173
internal_weight=2189 1984 1604 380
internal_count=2189 1984 1604 380
is_linear=0
shrinkage=0.02


Tree=605
num_leaves=6
num_cat=0
split_feature=5 0 5 13 8
split_gain=0.146099 0.540662 0.48845 0.490514 0.448561
threshold=0.055000000000000084 0.55750000000000022 0.030000000000000002 -0.20206964746887332 0.63387932992119733
decision_type=2 2 2 10 2
left_child=2 -2 3 -1 -3
right_child=1 4 -4 -5 -6
leaf_value=0.00079085297634990163 -0.0012282402529136132 0.00051875904041664717 0.0010974473911926322 -0.00021588569483137416 -0.00061128601626683982
leaf_weight=232 166 336 169 1052 234
leaf_count=232 166 336 169 1052 234
internal_value=-1.32328e-05 -0.000241875 0.000103016 -3.16207e-05 5.35643e-05
internal_weight=2189 736 1453 1284 570
internal_count=2189 736 1453 1284 570
is_linear=0
shrinkage=0.02


Tree=606
num_leaves=4
num_cat=0
split_feature=1 1 1
split_gain=0.145668 0.419407 0.365859
threshold=-1.7211808224759986 -1.4305877017710358 -1.1423723315208596
decision_type=2 2 2
left_child=-1 -2 -3
right_child=1 2 -4
leaf_value=0.0005715978871795196 -0.0010191580285262428 0.00092037103544574921 -6.0222831947078645e-05
leaf_weight=153 162 162 1712
leaf_count=153 162 162 1712
internal_value=-1.34857e-05 -5.87457e-05 2.67692e-05
internal_weight=2189 2036 1874
internal_count=2189 2036 1874
is_linear=0
shrinkage=0.02


Tree=607
num_leaves=5
num_cat=0
split_feature=0 8 5 11
split_gain=0.145035 0.317424 0.736438 0.674438
threshold=0.73000000000000009 0.57551116111238565 -0.049999999999999996 0.41895690178062478
decision_type=2 2 2 2
left_child=1 3 -3 -1
right_child=-2 2 -4 -5
leaf_value=0.00019177186141536431 -0.00049904447586204001 -0.00037665461974316524 0.00063002088687540137 -0.00102813976707521
leaf_weight=467 216 470 746 290
leaf_count=467 216 470 746 290
internal_value=-1.31445e-05 4.11779e-05 0.000240978 -0.000279245
internal_weight=2189 1973 1216 757
internal_count=2189 1973 1216 757
is_linear=0
shrinkage=0.02


Tree=608
num_leaves=6
num_cat=0
split_feature=5 0 5 5 8
split_gain=0.146422 0.536208 0.477662 0.490662 0.438255
threshold=0.055000000000000084 0.55750000000000022 0.030000000000000002 0.0099999999999999829 0.63387932992119733
decision_type=2 2 2 2 2
left_child=2 -2 3 -1 -3
right_child=1 4 -4 -5 -6
leaf_value=0.00011610955916181973 -0.0012236631589455597 0.00051267474788361264 0.0010872885372339824 -0.0010734202573665335 -0.00060431265872299181
leaf_weight=1131 166 336 169 153 234
leaf_count=1131 166 336 169 153 234
internal_value=-1.24735e-05 -0.00024137 0.000103901 -2.92474e-05 5.28545e-05
internal_weight=2189 736 1453 1284 570
internal_count=2189 736 1453 1284 570
is_linear=0
shrinkage=0.02


Tree=609
num_leaves=7
num_cat=0
split_feature=3 6 5 8 8 8
split_gain=0.145935 0.502907 0.605166 0.318134 0.998118 0.447462
threshold=-0.65184896033616979 7.0432341202032038 -0.040000000000000001 0.57312841967914008 0.53367766718687648 0.63124824774900201
decision_type=2 2 2 2 2 2
left_child=1 2 -1 4 -2 -5
right_child=3 -3 -4 5 -6 -7
leaf_value=-0.00063118206486818265 4.4599350346473482e-05 0.0010140523412243813 0.00067225998972842641 0.00073516343428822999 -0.0018423660455882782 -0.0002233303874041434
leaf_weight=348 374 216 234 289 155 573
leaf_count=348 374 216 234 289 155 573
internal_value=-1.31513e-05 0.000201704 -0.000105855 -0.000136692 -0.000520366 0.000100407
internal_weight=2189 798 582 1391 529 862
internal_count=2189 798 582 1391 529 862
is_linear=0
shrinkage=0.02


Tree=610
num_leaves=6
num_cat=0
split_feature=5 0 5 7 12
split_gain=0.14634 0.529746 0.469185 0.486265 0.428736
threshold=0.055000000000000084 0.55750000000000022 0.030000000000000002 -0.75896085734227436 -0.71000616126719407
decision_type=2 2 2 2 2
left_child=2 -2 3 -1 -3
right_child=1 4 -4 -5 -6
leaf_value=-0.00081655611293316485 -0.0012178476023683815 0.00094702216456286046 0.0010783032024407695 0.00016249183950710669 -0.00027931513006135576
leaf_weight=247 166 151 169 1037 419
leaf_count=247 166 151 169 1037 419
internal_value=-1.26604e-05 -0.000241493 0.000103683 -2.82821e-05 5.09667e-05
internal_weight=2189 736 1453 1284 570
internal_count=2189 736 1453 1284 570
is_linear=0
shrinkage=0.02


Tree=611
num_leaves=5
num_cat=0
split_feature=0 13 7 12
split_gain=0.146105 0.245597 0.474949 0.366391
threshold=0.25000000000000006 0.21436319846336771 -0.50528816922609676 -0.039586810352949316
decision_type=2 8 2 2
left_child=-1 2 -2 -3
right_child=1 3 -4 -5
leaf_value=0.00048882000262771429 0.0006557449380468045 -0.0010210383851442422 -0.00014928025770000357 0.00023333585526369796
leaf_weight=205 380 227 1224 153
leaf_count=205 380 227 1224 153
internal_value=-1.29286e-05 -6.5871e-05 4.28815e-05 -0.000519516
internal_weight=2189 1984 1604 380
internal_count=2189 1984 1604 380
is_linear=0
shrinkage=0.02


Tree=612
num_leaves=5
num_cat=0
split_feature=3 3 4 11
split_gain=0.145757 0.377629 0.555537 0.538908
threshold=-1.4598709212088288 -0.65184896033616979 0.040620192023179812 0.94334592595852951
decision_type=2 2 2 2
left_child=-1 2 -2 -3
right_child=1 3 -4 -5
leaf_value=-0.0004883652989897732 5.6077417990923041e-05 -0.00028062467841120551 0.0013983778329566122 0.00092093307144172924
leaf_weight=226 398 1226 174 165
leaf_count=226 398 1226 174 165
internal_value=-1.31239e-05 4.26923e-05 0.000472979 -0.000135308
internal_weight=2189 1963 572 1391
internal_count=2189 1963 572 1391
is_linear=0
shrinkage=0.02


Tree=613
num_leaves=7
num_cat=0
split_feature=4 4 6 6 11 7
split_gain=0.145478 0.460102 0.530983 0.441266 0.431949 0.466505
threshold=0.022360679774997932 0.012990381056766588 6.3763187007330879 6.9070250122021024 -0.047505974168386061 0.64893677003572325
decision_type=2 2 2 2 2 2
left_child=1 2 -1 -3 -2 -6
right_child=4 3 -4 -5 5 -7
leaf_value=0.00061618782262792067 -0.00050665994158599896 0.00014299724983255453 -0.00083692747835867169 0.0014418419569416643 0.00051247135226731191 -0.00069477117480165509
leaf_weight=158 657 278 259 164 507 166
leaf_count=158 657 278 259 164 507 166
internal_value=-1.28533e-05 0.000189386 -0.000285569 0.000635659 -0.000143692 0.000211769
internal_weight=2189 859 417 442 1330 673
internal_count=2189 859 417 442 1330 673
is_linear=0
shrinkage=0.02


Tree=614
num_leaves=5
num_cat=0
split_feature=1 1 6 8
split_gain=0.145942 0.400924 0.551948 0.376777
threshold=1.6961643565743085 1.0448177854782881 6.6728047069333796 0.53367766718687648
decision_type=2 2 2 2
left_child=1 3 -3 -1
right_child=-2 2 -4 -5
leaf_value=0.0005733277779714815 0.00049536970110110388 -0.0014570754326037106 9.6264870310719107e-05 -0.00011348415762913162
leaf_weight=430 200 174 186 1199
leaf_count=430 200 174 186 1199
internal_value=-1.28152e-05 -6.50287e-05 -0.000664192 6.90102e-05
internal_weight=2189 1989 360 1629
internal_count=2189 1989 360 1629
is_linear=0
shrinkage=0.02


Tree=615
num_leaves=5
num_cat=0
split_feature=3 3 12 3
split_gain=0.144116 0.323204 0.600065 0.492833
threshold=1.4749351247390081 0.65094455490411829 0.25495355649645252 0.22941573387055716
decision_type=2 2 2 2
left_child=1 3 -3 -1
right_child=-2 2 -4 -5
leaf_value=-5.3380176363071439e-05 0.00045213179592387513 5.6168636010911717e-05 -0.001267873298398338 0.0010448430463789948
leaf_weight=1206 233 344 222 184
leaf_count=1206 233 344 222 184
internal_value=-1.2655e-05 -6.90324e-05 -0.00046971 9.522e-05
internal_weight=2189 1956 566 1390
internal_count=2189 1956 566 1390
is_linear=0
shrinkage=0.02


Tree=616
num_leaves=4
num_cat=0
split_feature=1 1 1
split_gain=0.143277 0.411387 0.356638
threshold=-1.7211808224759986 -1.4305877017710358 -1.1423723315208596
decision_type=2 2 2
left_child=-1 -2 -3
right_child=1 2 -4
leaf_value=0.00056783652887974355 -0.0010084976538078871 0.0009096459625010005 -5.8512863573977856e-05
leaf_weight=153 162 162 1712
leaf_count=153 162 162 1712
internal_value=-1.24233e-05 -5.73125e-05 2.73785e-05
internal_weight=2189 2036 1874
internal_count=2189 2036 1874
is_linear=0
shrinkage=0.02


Tree=617
num_leaves=5
num_cat=0
split_feature=3 1 5 11
split_gain=0.142635 0.404056 0.531274 0.455581
threshold=-1.4598709212088288 -1.1254799116944252 -0.12000000000000001 0.94334592595852951
decision_type=2 2 2 2
left_child=-1 2 -2 -3
right_child=1 3 -4 -5
leaf_value=-0.00048222107997212508 -6.0783076671656793e-05 -0.00020841991456300177 0.0015187558858313515 0.00083578368522000139
leaf_weight=226 184 1442 153 184
leaf_count=226 184 1442 153 184
internal_value=-1.20958e-05 4.31173e-05 0.000668057 -8.80567e-05
internal_weight=2189 1963 337 1626
internal_count=2189 1963 337 1626
is_linear=0
shrinkage=0.02


Tree=618
num_leaves=5
num_cat=0
split_feature=1 1 0 7
split_gain=0.142983 0.388918 0.551952 0.48765
threshold=1.6961643565743085 1.0448177854782881 0.63000000000000012 0.80323818428152671
decision_type=2 2 2 2
left_child=1 3 -3 -1
right_child=-2 2 -4 -5
leaf_value=-7.6465955244280981e-05 0.00049139667097933412 -0.001504987470345594 5.5548819192849539e-05 0.00088948842338702793
leaf_weight=1388 200 161 199 241
leaf_count=1388 200 161 199 241
internal_value=-1.16055e-05 -6.32893e-05 -0.000653414 6.87253e-05
internal_weight=2189 1989 360 1629
internal_count=2189 1989 360 1629
is_linear=0
shrinkage=0.02


Tree=619
num_leaves=4
num_cat=0
split_feature=6 11 11
split_gain=0.142479 0.31622 0.542992
threshold=5.7734328999469158 -0.95892293223302472 -0.73985129771130442
decision_type=2 2 2
left_child=-1 -2 -3
right_child=1 2 -4
leaf_value=0.00048100266177295091 0.00069428437751614398 -0.00091985594912312257 8.8202390366266269e-06
leaf_weight=207 193 298 1491
leaf_count=207 193 298 1491
internal_value=-1.18871e-05 -6.44454e-05 -0.000148005
internal_weight=2189 1982 1789
internal_count=2189 1982 1789
is_linear=0
shrinkage=0.02


Tree=620
num_leaves=7
num_cat=0
split_feature=4 11 0 11 11 11
split_gain=0.142615 0.462668 0.44335 0.421603 0.461957 0.422175
threshold=0.022360679774997932 0.88524145855887515 0.38750000000000007 -0.047505974168386061 0.39272944514985558 -0.40643766183195668
decision_type=2 2 2 2 2 2
left_child=1 2 -1 5 -5 -2
right_child=3 -3 -4 4 -6 -7
leaf_value=-0.00034146609468999403 -0.00021710279650545138 -0.00077346939316085125 0.00074146722837459375 0.00099484130229729288 -0.00013604598842365177 -0.0014101434016648012
leaf_weight=215 506 158 486 203 470 151
leaf_count=215 506 158 486 203 470 151
internal_value=-1.17386e-05 0.000188498 0.00040926 -0.000141286 0.00020989 -0.000499882
internal_weight=2189 859 701 1330 673 657
internal_count=2189 859 701 1330 673 657
is_linear=0
shrinkage=0.02


Tree=621
num_leaves=6
num_cat=0
split_feature=5 0 5 13 8
split_gain=0.142504 0.521632 0.463657 0.48321 0.427749
threshold=0.055000000000000084 0.55750000000000022 0.030000000000000002 -0.20206964746887332 0.63387932992119733
decision_type=2 2 2 10 2
left_child=2 -2 3 -1 -3
right_child=1 4 -4 -5 -6
leaf_value=0.00078842067825784796 -0.0012061764275905682 0.00050713713740884901 0.0010721579570344638 -0.00021079189574051659 -0.00059638278387393409
leaf_weight=232 166 336 169 1052 234
leaf_count=232 166 336 169 1052 234
internal_value=-1.15104e-05 -0.000237325 0.000103295 -2.78909e-05 5.28666e-05
internal_weight=2189 736 1453 1284 570
internal_count=2189 736 1453 1284 570
is_linear=0
shrinkage=0.02


Tree=622
num_leaves=5
num_cat=0
split_feature=0 8 5 11
split_gain=0.142838 0.313469 0.723929 0.666212
threshold=0.73000000000000009 0.57551116111238565 -0.049999999999999996 0.82534105708871219
decision_type=2 2 2 2
left_child=1 3 -3 -1
right_child=-2 2 -4 -5
leaf_value=2.2357361011885814e-05 -0.00049398415295535709 -0.00037169717273331787 0.00062639973695872335 -0.0014465723617843563
leaf_weight=607 216 470 746 150
leaf_count=607 216 470 746 150
internal_value=-1.1776e-05 4.21305e-05 0.00024068 -0.000276294
internal_weight=2189 1973 1216 757
internal_count=2189 1973 1216 757
is_linear=0
shrinkage=0.02


Tree=623
num_leaves=6
num_cat=0
split_feature=5 7 5 5 9
split_gain=0.14306 0.503978 0.453111 0.485876 0.435295
threshold=0.055000000000000084 -0.49326140889570363 0.030000000000000002 0.0099999999999999829 0.18570674627409386
decision_type=2 2 2 2 2
left_child=2 -2 3 -1 -3
right_child=1 4 -4 -5 -6
leaf_value=0.00011885692710973057 0.00058982404399463332 -0.0013105627942149561 0.0010616951190663138 -0.00106485438568494 -0.00012500383494944687
leaf_weight=1131 207 192 169 153 337
leaf_count=1131 207 192 169 153 337
internal_value=-1.11122e-05 -0.000237368 0.000103916 -2.57762e-05 -0.000563543
internal_weight=2189 736 1453 1284 529
internal_count=2189 736 1453 1284 529
is_linear=0
shrinkage=0.02


Tree=624
num_leaves=5
num_cat=0
split_feature=0 13 0 12
split_gain=0.143284 0.24418 0.443999 0.361558
threshold=0.25000000000000006 0.21436319846336771 0.33000000000000007 -0.039586810352949316
decision_type=2 8 2 2
left_child=-1 2 -2 -3
right_child=1 3 -4 -5
leaf_value=0.00048580268281511963 -0.00089446312701069435 -0.0010140475807390336 0.00016194655910906631 0.00023202075257520134
leaf_weight=205 174 227 1430 153
leaf_count=205 174 227 1430 153
internal_value=-1.10742e-05 -6.3507e-05 4.49251e-05 -0.000515844
internal_weight=2189 1984 1604 380
internal_count=2189 1984 1604 380
is_linear=0
shrinkage=0.02


Tree=625
num_leaves=4
num_cat=0
split_feature=1 1 1
split_gain=0.141058 0.399807 0.349781
threshold=-1.7211808224759986 -1.4305877017710358 -1.1423723315208596
decision_type=2 2 2
left_child=-1 -2 -3
right_child=1 2 -4
leaf_value=0.00056483391135978174 -0.00099315771561194052 0.00090177757647390408 -5.7029786963671033e-05
leaf_weight=153 162 162 1712
leaf_count=153 162 162 1712
internal_value=-1.09102e-05 -5.54535e-05 2.80344e-05
internal_weight=2189 2036 1874
internal_count=2189 2036 1874
is_linear=0
shrinkage=0.02


Tree=626
num_leaves=5
num_cat=0
split_feature=3 3 2 3
split_gain=0.140744 0.314351 0.60187 0.483288
threshold=1.4749351247390081 0.65094455490411829 0.05759585850417457 0.22941573387055716
decision_type=2 2 2 2
left_child=1 3 -3 -1
right_child=-2 2 -4 -5
leaf_value=-5.1497013678598901e-05 0.00044870975262978504 -0.00095563338467148933 0.00038522076677959677 0.0010360429903107976
leaf_weight=1206 233 357 209 184
leaf_count=1206 233 357 209 184
internal_value=-1.06016e-05 -6.63196e-05 -0.000461475 9.56625e-05
internal_weight=2189 1956 566 1390
internal_count=2189 1956 566 1390
is_linear=0
shrinkage=0.02


Tree=627
num_leaves=6
num_cat=0
split_feature=5 0 5 5 8
split_gain=0.142164 0.516323 0.446036 0.476959 0.420722
threshold=0.055000000000000084 0.55750000000000022 0.030000000000000002 0.0099999999999999829 0.63387932992119733
decision_type=2 2 2 2 2
left_child=2 -2 3 -1 -3
right_child=1 4 -4 -5 -6
leaf_value=0.00011857193610358338 -0.0012001663644672835 0.00050297652306362901 0.0010542262679075652 -0.0010542260468760624 -0.0005914405946888685
leaf_weight=1131 166 336 169 153 234
leaf_count=1131 166 336 169 153 234
internal_value=-1.07121e-05 -0.000236259 0.000103954 -2.47246e-05 5.24534e-05
internal_weight=2189 736 1453 1284 570
internal_count=2189 736 1453 1284 570
is_linear=0
shrinkage=0.02


Tree=628
num_leaves=7
num_cat=0
split_feature=4 4 4 11 11 7
split_gain=0.141328 0.454074 0.516421 0.430986 0.414825 0.459377
threshold=0.022360679774997932 0.012990381056766588 0.0070710678118654927 0.40623832058116227 -0.047505974168386061 0.64893677003572325
decision_type=2 2 2 2 2 2
left_child=1 2 -1 -3 -2 -6
right_child=4 3 -4 -5 5 -7
leaf_value=0.00050441020140498682 -0.00049605212665867798 0.0011179730950582384 -0.00089803579325737075 -0.00015711398457310028 0.00050639940087876317 -0.00069156909574569366
leaf_weight=183 657 272 234 170 507 166
leaf_count=183 657 272 234 170 507 166
internal_value=-1.13884e-05 0.000187942 -0.00028389 0.000631283 -0.000140351 0.000207991
internal_weight=2189 859 417 442 1330 673
internal_count=2189 859 417 442 1330 673
is_linear=0
shrinkage=0.02


Tree=629
num_leaves=6
num_cat=0
split_feature=9 7 12 7 13
split_gain=0.140963 0.630465 0.514372 0.790538 0.286395
threshold=0.68957964053149101 0.45176576994162831 -0.66749245881647024 0.68237470517714838 0.20661838876563146
decision_type=2 2 2 2 8
left_child=1 4 -2 -4 -1
right_child=2 -3 3 -5 -6
leaf_value=0.00020986677201781316 0.0011083677468129009 -0.001318946654365582 0.00095750739433664138 -0.00069601102803323975 -0.00042165429221461653
leaf_weight=949 186 152 174 322 406
leaf_count=949 186 152 174 322 406
internal_value=-1.12421e-05 -0.000119155 0.000226341 -0.000112179 1.9789e-05
internal_weight=2189 1507 682 496 1355
internal_count=2189 1507 682 496 1355
is_linear=0
shrinkage=0.02


Tree=630
num_leaves=6
num_cat=0
split_feature=5 0 5 13 12
split_gain=0.140631 0.511064 0.438919 0.480527 0.410478
threshold=0.055000000000000084 0.55750000000000022 0.030000000000000002 -0.20206964746887332 -0.71000616126719407
decision_type=2 2 2 10 2
left_child=2 -2 3 -1 -3
right_child=1 4 -4 -5 -6
leaf_value=0.00078937763246051372 -0.0011943625766587885 0.00092861859703985742 0.0010456570878661045 -0.00020705431455908416 -0.0002713266062662269
leaf_weight=232 166 151 169 1052 419
leaf_count=232 166 151 169 1052 419
internal_value=-1.10499e-05 -0.000235376 0.000102998 -2.465e-05 5.18644e-05
internal_weight=2189 736 1453 1284 570
internal_count=2189 736 1453 1284 570
is_linear=0
shrinkage=0.02


Tree=631
num_leaves=6
num_cat=0
split_feature=3 11 0 6 5
split_gain=0.140453 0.531261 0.704556 0.501002 0.592203
threshold=-0.65184896033616979 0.94334592595852951 0.53000000000000014 7.0432341202032038 -0.040000000000000001
decision_type=2 2 2 2 2
left_child=3 2 -2 4 -1
right_child=1 -3 -4 -5 -6
leaf_value=-0.0006270646027331545 -0.00078542342293076218 0.00091627822872525193 0.00017224186499557802 0.0010103610007100787 0.00066234953222196215
leaf_weight=348 573 165 653 216 234
leaf_count=348 573 165 653 216 234
internal_value=-1.12282e-05 -0.00013243 -0.000276718 0.000199549 -0.000107414
internal_weight=2189 1391 1226 798 582
internal_count=2189 1391 1226 798 582
is_linear=0
shrinkage=0.02


Tree=632
num_leaves=6
num_cat=0
split_feature=5 0 5 1 12
split_gain=0.144199 0.500973 0.428291 0.472049 0.399187
threshold=0.055000000000000084 0.55750000000000022 0.030000000000000002 0.19402966521139645 -0.71000616126719407
decision_type=2 2 2 2 2
left_child=2 -2 3 -1 -3
right_child=1 4 -4 -5 -6
leaf_value=0.00015464410769036119 -0.0011876354540823497 0.00091091095914658249 0.0010356460509008203 -0.0008497364517908528 -0.00027240655035711827
leaf_weight=1062 166 151 169 222 419
leaf_count=1062 166 151 169 222 419
internal_value=-1.10148e-05 -0.00023817 0.00010447 -2.1633e-05 4.62639e-05
internal_weight=2189 736 1453 1284 570
internal_count=2189 736 1453 1284 570
is_linear=0
shrinkage=0.02


Tree=633
num_leaves=5
num_cat=0
split_feature=0 9 4 9
split_gain=0.14386 0.212447 0.941728 0.689695
threshold=0.73000000000000009 -0.58082508174783887 0.043011626335213167 -0.31765053189638592
decision_type=2 2 2 2
left_child=1 2 -1 -3
right_child=-2 3 -4 -5
leaf_value=-0.00013558026734754238 -0.00049550838934940317 -0.0013522817910462395 0.0014949927354222024 6.2403168420569787e-05
leaf_weight=502 216 152 192 1127
leaf_count=502 216 152 192 1127
internal_value=-1.15774e-05 4.2521e-05 0.000322996 -0.000110333
internal_weight=2189 1973 694 1279
internal_count=2189 1973 694 1279
is_linear=0
shrinkage=0.02


Tree=634
num_leaves=6
num_cat=0
split_feature=5 0 5 7 8
split_gain=0.141631 0.497311 0.421292 0.473976 0.408619
threshold=0.055000000000000084 0.55750000000000022 0.030000000000000002 -0.75896085734227436 0.63387932992119733
decision_type=2 2 2 2 2
left_child=2 -2 3 -1 -3
right_child=1 4 -4 -5 -6
leaf_value=-0.00080000941255425537 -0.0011822375023399878 0.00049116835099183396 0.0010268650067723946 0.00016658445776528689 -0.00058738473911913876
leaf_weight=247 166 336 169 1037 234
leaf_count=247 166 336 169 1037 234
internal_value=-1.1124e-05 -0.000236247 0.000103329 -2.17388e-05 4.71364e-05
internal_weight=2189 736 1453 1284 570
internal_count=2189 736 1453 1284 570
is_linear=0
shrinkage=0.02


Tree=635
num_leaves=6
num_cat=0
split_feature=5 7 9 5 13
split_gain=0.14076 0.489038 0.426204 0.414436 0.470499
threshold=0.055000000000000084 -0.49326140889570363 0.18570674627409386 0.030000000000000002 -0.20206964746887332
decision_type=2 2 2 2 10
left_child=3 -2 -3 4 -1
right_child=1 2 -4 -5 -6
leaf_value=0.00078404270705888788 0.00057894538990265853 -0.0012963894947531261 -0.00012328362434813807 0.0010186028691415471 -0.00020193616625407488
leaf_weight=232 207 192 337 169 1052
leaf_count=232 207 192 337 169 1052
internal_value=-1.1489e-05 -0.000235918 -0.000557213 0.000102612 -2.1434e-05
internal_weight=2189 736 529 1453 1284
internal_count=2189 736 529 1453 1284
is_linear=0
shrinkage=0.02


Tree=636
num_leaves=5
num_cat=0
split_feature=0 12 3 3
split_gain=0.141242 0.23105 0.521375 0.417025
threshold=0.25000000000000006 0.79334766778371346 0.57422090700294814 1.0894638921855397
decision_type=2 2 2 2
left_child=-1 3 -3 -2
right_child=1 2 -4 -5
leaf_value=0.00048227377997578261 -0.00036096462415700892 0.00094391885122902626 -0.00053887780946798819 0.00037400631371631543
leaf_weight=205 1181 239 151 413
leaf_count=205 1181 239 151 413
internal_value=-1.10486e-05 -6.31062e-05 0.000370256 -0.000169962
internal_weight=2189 1984 390 1594
internal_count=2189 1984 390 1594
is_linear=0
shrinkage=0.02


Tree=637
num_leaves=5
num_cat=0
split_feature=3 1 5 11
split_gain=0.141532 0.401113 0.52352 0.453941
threshold=-1.4598709212088288 -1.1254799116944252 -0.12000000000000001 0.94334592595852951
decision_type=2 2 2 2
left_child=-1 2 -2 -3
right_child=1 3 -4 -5
leaf_value=-0.0004796898167870649 -5.7309631131362744e-05 -0.00020723262428706376 0.0015107354026028439 0.00083508853763483574
leaf_weight=226 184 1442 153 184
leaf_count=226 184 1442 153 184
internal_value=-1.13845e-05 4.36132e-05 0.000666271 -8.70839e-05
internal_weight=2189 1963 337 1626
internal_count=2189 1963 337 1626
is_linear=0
shrinkage=0.02


Tree=638
num_leaves=6
num_cat=0
split_feature=4 11 6 8 0
split_gain=0.140096 0.450339 0.438306 0.406666 0.601522
threshold=0.022360679774997932 0.88524145855887515 6.9488252026742376 0.70838667803574429 0.38000000000000006
decision_type=2 2 2 2 2
left_child=1 2 -1 4 -2
right_child=3 -3 -4 -5 -6
leaf_value=7.6988225248286944e-05 0.00044759647268140891 -0.00076152412675069704 0.0011635561660369377 0.00064972612564558301 -0.00058114422569701817
leaf_weight=493 312 158 208 214 804
leaf_count=493 312 158 208 214 804
internal_value=-1.09017e-05 0.000187557 0.000405351 -0.000139302 -0.000292826
internal_weight=2189 859 701 1330 1116
internal_count=2189 859 701 1330 1116
is_linear=0
shrinkage=0.02


Tree=639
num_leaves=5
num_cat=0
split_feature=1 3 11 0
split_gain=0.139865 0.381807 0.518763 0.464314
threshold=-1.5557202461387629 -0.65184896033616979 0.94334592595852951 0.5375000000000002
decision_type=2 2 2 2
left_child=-1 3 -3 -2
right_child=1 2 -4 -5
leaf_value=-0.00044967057655387875 0.00086311951681154275 -0.00027185027457124559 0.00090702280857487291 -0.0004083596817047403
leaf_weight=252 387 1226 165 159
leaf_count=252 387 1226 165 159
internal_value=-1.12339e-05 4.68167e-05 -0.000129265 0.000492508
internal_weight=2189 1937 1391 546
internal_count=2189 1937 1391 546
is_linear=0
shrinkage=0.02


Tree=640
num_leaves=4
num_cat=0
split_feature=1 1 1
split_gain=0.139985 0.3976 0.330921
threshold=-1.7211808224759986 -1.4305877017710358 -1.1423723315208596
decision_type=2 2 2
left_child=-1 -2 -3
right_child=1 2 -4
leaf_value=0.00056291675625392526 -0.0009901195472910788 0.00087810894044974971 -5.4492245088713802e-05
leaf_weight=153 162 162 1712
leaf_count=153 162 162 1712
internal_value=-1.06327e-05 -5.50068e-05 2.82496e-05
internal_weight=2189 2036 1874
internal_count=2189 2036 1874
is_linear=0
shrinkage=0.02


Tree=641
num_leaves=5
num_cat=0
split_feature=1 1 2 7
split_gain=0.139972 0.379118 0.541221 0.480486
threshold=1.6961643565743085 1.0448177854782881 0.05603739404952051 0.80323818428152671
decision_type=2 2 2 2
left_child=1 3 -3 -1
right_child=-2 2 -4 -5
leaf_value=-7.5256541714072904e-05 0.00048734383703005025 -0.0013834405202222497 0.00015417650631732412 0.00088357710957194014
leaf_weight=1388 200 185 175 241
leaf_count=1388 200 185 175 241
internal_value=-1.03322e-05 -6.14716e-05 -0.000644115 6.88663e-05
internal_weight=2189 1989 360 1629
internal_count=2189 1989 360 1629
is_linear=0
shrinkage=0.02


Tree=642
num_leaves=5
num_cat=0
split_feature=3 1 5 11
split_gain=0.14031 0.38468 0.51796 0.441356
threshold=-1.4598709212088288 -1.1254799116944252 -0.12000000000000001 0.94334592595852951
decision_type=2 2 2 2
left_child=-1 2 -2 -3
right_child=1 3 -4 -5
leaf_value=-0.00047656309603435267 -6.526951327003421e-05 -0.00020199843994666821 0.0014942218766612579 0.00082576659389170352
leaf_weight=226 184 1442 153 184
leaf_count=226 184 1442 153 184
internal_value=-1.02811e-05 4.44763e-05 0.000654243 -8.35205e-05
internal_weight=2189 1963 337 1626
internal_count=2189 1963 337 1626
is_linear=0
shrinkage=0.02


Tree=643
num_leaves=5
num_cat=0
split_feature=3 3 2 3
split_gain=0.140193 0.296355 0.586952 0.479843
threshold=1.4749351247390081 0.65094455490411829 0.05759585850417457 0.22941573387055716
decision_type=2 2 2 2
left_child=1 3 -3 -1
right_child=-2 2 -4 -5
leaf_value=-5.4763809316821395e-05 0.00044859604988278464 -0.0009371218541559882 0.00038692664234544295 0.0010288839697561881
leaf_weight=1206 233 357 209 184
leaf_count=1206 233 357 209 184
internal_value=-9.81306e-06 -6.54236e-05 -0.000449099 9.18567e-05
internal_weight=2189 1956 566 1390
internal_count=2189 1956 566 1390
is_linear=0
shrinkage=0.02


Tree=644
num_leaves=4
num_cat=0
split_feature=6 11 11
split_gain=0.139109 0.314832 0.528419
threshold=5.7734328999469158 -0.95892293223302472 -0.73985129771130442
decision_type=2 2 2
left_child=-1 -2 -3
right_child=1 2 -4
leaf_value=0.00047709409962408243 0.00069518695538393167 -0.00090666920000844007 9.4575395175821731e-06
leaf_weight=207 193 298 1491
leaf_count=207 193 298 1491
internal_value=-9.92768e-06 -6.18648e-05 -0.000145247
internal_weight=2189 1982 1789
internal_count=2189 1982 1789
is_linear=0
shrinkage=0.02


Tree=645
num_leaves=7
num_cat=0
split_feature=4 11 6 11 11 11
split_gain=0.138685 0.448295 0.42869 0.398555 0.452628 0.416812
threshold=0.022360679774997932 0.88524145855887515 6.9488252026742376 -0.047505974168386061 0.39272944514985558 -0.40643766183195668
decision_type=2 2 2 2 2 2
left_child=1 2 -1 5 -5 -2
right_child=3 -3 -4 4 -6 -7
leaf_value=8.0165822852784434e-05 -0.00020535380112502992 -0.00075927658132248865 0.0011547996846198196 0.00098088457108588042 -0.00013850112049595308 -0.0013906116510042921
leaf_weight=493 506 158 208 203 470 151
leaf_count=493 506 158 208 203 470 151
internal_value=-9.80056e-06 0.000187654 0.00040495 -0.000137554 0.000203888 -0.00048621
internal_weight=2189 859 701 1330 673 657
internal_count=2189 859 701 1330 673 657
is_linear=0
shrinkage=0.02


Tree=646
num_leaves=5
num_cat=0
split_feature=3 5 0 13
split_gain=0.137471 0.292087 0.725769 0.665974
threshold=1.4749351247390081 0.055000000000000084 0.58750000000000002 -0.18952745395024276
decision_type=2 2 2 8
left_child=1 3 -3 -1
right_child=-2 2 -4 -5
leaf_value=0.0013232423687816425 0.00044406006730967707 -0.0015032047583732043 1.5710247514237249e-05 -6.1603613008182518e-05
leaf_weight=152 233 173 429 1202
leaf_count=152 233 173 429 1202
internal_value=-9.87804e-06 -6.49458e-05 -0.000429575 9.81556e-05
internal_weight=2189 1956 602 1354
internal_count=2189 1956 602 1354
is_linear=0
shrinkage=0.02


Tree=647
num_leaves=5
num_cat=0
split_feature=5 8 5 11
split_gain=0.13809 0.272913 0.793563 0.64684
threshold=0.16250000000000003 0.57551116111238565 0.090000000000000066 0.82534105708871219
decision_type=2 2 2 2
left_child=1 3 -3 -1
right_child=-2 2 -4 -5
leaf_value=5.50359849915588e-05 -0.00043469788127519941 2.1544246946247423e-05 0.0014766147387721999 -0.0013826083209520826
leaf_weight=587 264 1013 171 154
leaf_count=587 264 1013 171 154
internal_value=-1.01964e-05 4.89963e-05 0.00023702 -0.00025101
internal_weight=2189 1925 1184 741
internal_count=2189 1925 1184 741
is_linear=0
shrinkage=0.02


Tree=648
num_leaves=4
num_cat=0
split_feature=4 5 1
split_gain=0.138125 0.305011 0.407559
threshold=0.067961386095340942 0.16250000000000003 1.5808502484300997
decision_type=2 2 2
left_child=1 2 -1
right_child=-2 -3 -4
leaf_value=-6.348887131614784e-05 0.00054279866865362058 -0.00076605834622804885 0.00099628879097085339
leaf_weight=1662 162 211 154
leaf_count=1662 162 211 154
internal_value=-1.014e-05 -5.55584e-05 2.88709e-05
internal_weight=2189 2027 1816
internal_count=2189 2027 1816
is_linear=0
shrinkage=0.02


Tree=649
num_leaves=4
num_cat=0
split_feature=1 1 1
split_gain=0.136838 0.388509 0.360302
threshold=-1.7211808224759986 -1.4173762108646724 -1.1423723315208596
decision_type=2 2 2
left_child=-1 -2 -3
right_child=1 2 -4
leaf_value=0.00055720381123379253 -0.00095198716267160227 0.00094482683980413071 -5.323484965949116e-05
leaf_weight=153 171 153 1712
leaf_count=153 171 153 1712
internal_value=-9.86013e-06 -5.37341e-05 3.0951e-05
internal_weight=2189 2036 1865
internal_count=2189 2036 1865
is_linear=0
shrinkage=0.02


Tree=650
num_leaves=6
num_cat=0
split_feature=7 12 12 7 5
split_gain=0.136679 0.637221 0.452021 0.424531 0.488742
threshold=-0.53672757228240564 -0.66749245881647024 0.53404496678479341 -0.33504394213048982 -0.12000000000000001
decision_type=2 2 2 2 2
left_child=1 -1 -3 -2 -5
right_child=3 2 -4 4 -6
leaf_value=-0.00077958383682333147 -0.0010307806268794819 0.0011116346563164235 -0.00014480209474820088 -0.00080248801626398101 0.00018264974560752996
leaf_weight=176 173 284 188 240 1128
leaf_count=176 173 284 188 240 1128
internal_value=-9.54212e-06 0.000233095 0.000614917 -0.000111996 7.52556e-06
internal_weight=2189 648 472 1541 1368
internal_count=2189 648 472 1541 1368
is_linear=0
shrinkage=0.02


Tree=651
num_leaves=4
num_cat=0
split_feature=6 11 11
split_gain=0.137111 0.305078 0.522586
threshold=5.7734328999469158 -0.95892293223302472 -0.73985129771130442
decision_type=2 2 2
left_child=-1 -2 -3
right_child=1 2 -4
leaf_value=0.00047462992107645026 0.00068478660799111389 -0.00089973380366530856 1.1316857498822694e-05
leaf_weight=207 193 298 1491
leaf_count=207 193 298 1491
internal_value=-8.87877e-06 -6.04437e-05 -0.000142525
internal_weight=2189 1982 1789
internal_count=2189 1982 1789
is_linear=0
shrinkage=0.02


Tree=652
num_leaves=7
num_cat=0
split_feature=4 4 6 6 8 0
split_gain=0.136412 0.442806 0.516375 0.418186 0.393541 0.595135
threshold=0.022360679774997932 0.012990381056766588 6.3763187007330879 6.9070250122021024 0.70838667803574429 0.38000000000000006
decision_type=2 2 2 2 2 2
left_child=1 2 -1 -3 5 -2
right_child=4 3 -4 -5 -6 -7
leaf_value=0.0006103271267953917 0.00044993704014765514 0.00014513879974928847 -0.00082263385741195342 0.001409698122445516 0.00064070894297841761 -0.0005732982962510844
leaf_weight=158 312 278 259 164 214 804
leaf_count=158 312 278 259 164 214 804
internal_value=-8.76562e-06 0.000187062 -0.000278891 0.000624862 -0.00013547 -0.000286502
internal_weight=2189 859 417 442 1330 1116
internal_count=2189 859 417 442 1330 1116
is_linear=0
shrinkage=0.02


Tree=653
num_leaves=4
num_cat=0
split_feature=4 4 4
split_gain=0.13689 0.525227 0.444326
threshold=0.0070710678118654927 0.011180339887498969 0.016393596310755005
decision_type=2 2 2
left_child=-1 -2 -3
right_child=1 2 -4
leaf_value=0.00050700199782868175 -0.0010789192190566838 0.00088584201332451398 -7.0283348873199973e-05
leaf_weight=183 178 216 1612
leaf_count=183 178 216 1612
internal_value=-9.11711e-06 -5.73443e-05 4.48025e-05
internal_weight=2189 2006 1828
internal_count=2189 2006 1828
is_linear=0
shrinkage=0.02


Tree=654
num_leaves=4
num_cat=0
split_feature=4 5 1
split_gain=0.136603 0.29623 0.39903
threshold=0.067961386095340942 0.16250000000000003 1.5808502484300997
decision_type=2 2 2
left_child=1 2 -1
right_child=-2 -3 -4
leaf_value=-6.2334499313567574e-05 0.00054090232828152393 -0.0007543467771581534 0.00098629632437566544
leaf_weight=1662 162 211 154
leaf_count=1662 162 211 154
internal_value=-8.97845e-06 -5.41483e-05 2.90552e-05
internal_weight=2189 2027 1816
internal_count=2189 2027 1816
is_linear=0
shrinkage=0.02


Tree=655
num_leaves=5
num_cat=0
split_feature=3 1 4 11
split_gain=0.135832 0.38076 0.507656 0.43762
threshold=-1.4598709212088288 -1.1254799116944252 0.040311288741492778 0.94334592595852951
decision_type=2 2 2 2
left_child=-1 2 -2 -3
right_child=1 3 -4 -5
leaf_value=-0.00046750446497281268 -8.1295837088596871e-05 -0.00020017165214540315 0.0014593549211298121 0.00082323147321523979
leaf_weight=226 179 1442 158 184
leaf_count=226 179 1442 158 184
internal_value=-8.7214e-06 4.51518e-05 0.000651802 -8.21935e-05
internal_weight=2189 1963 337 1626
internal_count=2189 1963 337 1626
is_linear=0
shrinkage=0.02


Tree=656
num_leaves=5
num_cat=0
split_feature=1 3 11 0
split_gain=0.138004 0.374153 0.497293 0.449995
threshold=-1.5557202461387629 -0.65184896033616979 0.94334592595852951 0.5375000000000002
decision_type=2 2 2 2
left_child=-1 3 -3 -2
right_child=1 2 -4 -5
leaf_value=-0.00044401249048800175 0.00085518474045728711 -0.0002647644190964494 0.00088945078158148504 -0.00039662593745671935
leaf_weight=252 387 1226 165 159
leaf_count=252 387 1226 165 159
internal_value=-8.49764e-06 4.91593e-05 -0.000125156 0.000490355
internal_weight=2189 1937 1391 546
internal_count=2189 1937 1391 546
is_linear=0
shrinkage=0.02


Tree=657
num_leaves=4
num_cat=0
split_feature=4 4 4
split_gain=0.135068 0.513041 0.436775
threshold=0.0070710678118654927 0.011180339887498969 0.016393596310755005
decision_type=2 2 2
left_child=-1 -2 -3
right_child=1 2 -4
leaf_value=0.00050472893666703893 -0.0010655038338997452 0.00087896533074948878 -6.9001507341863737e-05
leaf_weight=183 178 216 1612
leaf_count=183 178 216 1612
internal_value=-7.94087e-06 -5.58485e-05 4.51041e-05
internal_weight=2189 2006 1828
internal_count=2189 2006 1828
is_linear=0
shrinkage=0.02


Tree=658
num_leaves=4
num_cat=0
split_feature=6 1 1
split_gain=0.134904 0.265008 0.383668
threshold=5.7734328999469158 1.6961643565743085 1.0000000180025095e-35
decision_type=2 2 2
left_child=-1 2 -2
right_child=1 -3 -4
leaf_value=0.00047178332232881141 0.00012979110112739889 0.00069644751372363633 -0.00045377773719834001
leaf_weight=207 1012 165 805
leaf_count=207 1012 165 805
internal_value=-7.81599e-06 -5.89665e-05 -0.000129288
internal_weight=2189 1982 1817
internal_count=2189 1982 1817
is_linear=0
shrinkage=0.02


Tree=659
num_leaves=5
num_cat=0
split_feature=1 3 11 0
split_gain=0.135935 0.366291 0.487843 0.438434
threshold=-1.5557202461387629 -0.65184896033616979 0.94334592595852951 0.5375000000000002
decision_type=2 2 2 2
left_child=-1 3 -3 -2
right_child=1 2 -4 -5
leaf_value=-0.00044002989239778716 0.00084607110765270066 -0.00026132327304606589 0.00088187000910094112 -0.00038958852477485271
leaf_weight=252 387 1226 165 159
leaf_count=252 387 1226 165 159
internal_value=-7.79005e-06 4.94317e-05 -0.000123045 0.000485966
internal_weight=2189 1937 1391 546
internal_count=2189 1937 1391 546
is_linear=0
shrinkage=0.02


Tree=660
num_leaves=4
num_cat=0
split_feature=1 1 1
split_gain=0.135507 0.384349 0.337576
threshold=-1.7211808224759986 -1.4173762108646724 -1.1423723315208596
decision_type=2 2 2
left_child=-1 -2 -3
right_child=1 2 -4
leaf_value=0.00055704317182741613 -0.00094435006423736927 0.00091788687161169951 -4.8189678820757006e-05
leaf_weight=153 171 153 1712
leaf_count=153 171 153 1712
internal_value=-7.25084e-06 -5.09168e-05 3.33072e-05
internal_weight=2189 2036 1865
internal_count=2189 2036 1865
is_linear=0
shrinkage=0.02


Tree=661
num_leaves=5
num_cat=0
split_feature=3 3 2 3
split_gain=0.134111 0.287172 0.591918 0.477432
threshold=1.4749351247390081 0.65094455490411829 0.05759585850417457 0.22941573387055716
decision_type=2 2 2 2
left_child=1 3 -3 -1
right_child=-2 2 -4 -5
leaf_value=-5.2799871571102074e-05 0.00044138965627350731 -0.00092917646287852976 0.00040031385834048128 0.0010281274105032915
leaf_weight=1206 233 357 209 184
leaf_count=1206 233 357 209 184
internal_value=-6.95922e-06 -6.13561e-05 -0.000439045 9.34591e-05
internal_weight=2189 1956 566 1390
internal_count=2189 1956 566 1390
is_linear=0
shrinkage=0.02


Tree=662
num_leaves=5
num_cat=0
split_feature=7 7 6 7
split_gain=0.134217 0.341616 0.599451 0.416427
threshold=-0.91629030964546387 -0.53672757228240564 6.9284888441698183 -0.33504394213048982
decision_type=2 2 2 2
left_child=-1 2 -2 -3
right_child=1 3 -4 -5
leaf_value=-0.00055212282915850601 -1.5680870762738731e-05 -0.0010183234630267691 0.0014489093540387965 1.0015624347658393e-05
leaf_weight=162 319 173 167 1368
leaf_count=162 319 173 167 1368
internal_value=-7.10247e-06 3.77075e-05 0.000497213 -0.000108351
internal_weight=2189 2027 486 1541
internal_count=2189 2027 486 1541
is_linear=0
shrinkage=0.02


Tree=663
num_leaves=7
num_cat=0
split_feature=4 11 0 11 7 8
split_gain=0.134162 0.447453 0.436317 0.385811 0.45736 0.420886
threshold=0.022360679774997932 0.88524145855887515 0.38750000000000007 -0.047505974168386061 0.64893677003572325 0.54345814358213973
decision_type=2 2 2 2 2 2
left_child=1 2 -1 5 -5 -2
right_child=3 -3 -4 4 -6 -7
leaf_value=-0.00034051216368838637 0.00033238207121959277 -0.0007589222096832343 0.00073377537987784867 0.00050095598014294747 -0.00069435078026086898 -0.00078801678470651851
leaf_weight=215 183 158 486 507 166 474
leaf_count=215 183 158 486 507 166 474
internal_value=-7.08752e-06 0.000187114 0.000404208 -0.000132747 0.000203179 -0.000475789
internal_weight=2189 859 701 1330 673 657
internal_count=2189 859 701 1330 673 657
is_linear=0
shrinkage=0.02


Tree=664
num_leaves=6
num_cat=0
split_feature=9 7 12 7 6
split_gain=0.135456 0.613626 0.498008 0.77866 0.332984
threshold=0.68957964053149101 0.45176576994162831 -0.66749245881647024 0.68237470517714838 6.583975990163613
decision_type=2 2 2 2 2
left_child=1 4 -2 -4 -1
right_child=2 -3 3 -5 -6
leaf_value=0.0004039600701451626 0.0010938668485513904 -0.0012963513288184242 0.00095444027393863531 -0.00068659647991624459 -0.00023272536373288195
leaf_weight=546 186 152 174 322 809
leaf_count=546 186 152 174 322 809
internal_value=-6.89484e-06 -0.000112688 0.000225992 -0.00010713 2.43703e-05
internal_weight=2189 1507 682 496 1355
internal_count=2189 1507 682 496 1355
is_linear=0
shrinkage=0.02


Tree=665
num_leaves=4
num_cat=0
split_feature=1 1 1
split_gain=0.133426 0.374014 0.332628
threshold=-1.7211808224759986 -1.4173762108646724 -1.1423723315208596
decision_type=2 2 2
left_child=-1 -2 -3
right_child=1 2 -4
leaf_value=0.00055306101269442351 -0.00093155182091736195 0.00091094446607977385 -4.8025571767267337e-05
leaf_weight=153 171 153 1712
leaf_count=153 171 153 1712
internal_value=-6.88248e-06 -5.02125e-05 3.28713e-05
internal_weight=2189 2036 1865
internal_count=2189 2036 1865
is_linear=0
shrinkage=0.02


Tree=666
num_leaves=6
num_cat=0
split_feature=9 7 12 7 6
split_gain=0.133162 0.600761 0.487187 0.762803 0.326
threshold=0.68957964053149101 0.45176576994162831 -0.66749245881647024 0.68237470517714838 6.583975990163613
decision_type=2 2 2 2 2
left_child=1 4 -2 -4 -1
right_child=2 -3 3 -5 -6
leaf_value=0.00039970623779942213 0.0010826961020207646 -0.0012826853575018846 0.0009455102058868939 -0.00067872922639690045 -0.00023026685857346183
leaf_weight=546 186 152 174 322 809
leaf_count=546 186 152 174 322 809
internal_value=-6.60158e-06 -0.000111495 0.000224304 -0.000105186 2.41183e-05
internal_weight=2189 1507 682 496 1355
internal_count=2189 1507 682 496 1355
is_linear=0
shrinkage=0.02


Tree=667
num_leaves=4
num_cat=0
split_feature=4 4 4
split_gain=0.133211 0.501228 0.424182
threshold=0.0070710678118654927 0.011180339887498969 0.016393596310755005
decision_type=2 2 2
left_child=-1 -2 -3
right_child=1 2 -4
leaf_value=0.00050253733658192168 -0.0010521373038480436 0.00086735950749182054 -6.6842699187595931e-05
leaf_weight=183 178 216 1612
leaf_count=183 178 216 1612
internal_value=-6.59175e-06 -5.41717e-05 4.56093e-05
internal_weight=2189 2006 1828
internal_count=2189 2006 1828
is_linear=0
shrinkage=0.02


Tree=668
num_leaves=5
num_cat=0
split_feature=3 1 5 11
split_gain=0.13279 0.362859 0.516782 0.41613
threshold=-1.4598709212088288 -1.1254799116944252 -0.12000000000000001 0.94334592595852951
decision_type=2 2 2 2
left_child=-1 2 -2 -3
right_child=1 3 -4 -5
leaf_value=-0.00046010241370035332 -7.933421161459394e-05 -0.00019259510809296914 0.0014780384752917093 0.00080535814756153043
leaf_weight=226 184 1442 153 184
leaf_count=226 184 1442 153 184
internal_value=-6.48139e-06 4.67802e-05 0.000638994 -7.75429e-05
internal_weight=2189 1963 337 1626
internal_count=2189 1963 337 1626
is_linear=0
shrinkage=0.02


Tree=669
num_leaves=5
num_cat=0
split_feature=3 3 2 3
split_gain=0.13264 0.281152 0.582511 0.467882
threshold=1.4749351247390081 0.65094455490411829 0.05759585850417457 0.22941573387055716
decision_type=2 2 2 2
left_child=1 3 -3 -1
right_child=-2 2 -4 -5
leaf_value=-5.1769946017752469e-05 0.00043981911759322681 -0.00092010048874595991 0.00039876313664935199 0.0010182922661659264
leaf_weight=1206 233 357 209 184
leaf_count=1206 233 357 209 184
internal_value=-6.06212e-06 -6.01618e-05 -0.000433872 9.30207e-05
internal_weight=2189 1956 566 1390
internal_count=2189 1956 566 1390
is_linear=0
shrinkage=0.02


Tree=670
num_leaves=6
num_cat=0
split_feature=8 1 12 11 13
split_gain=0.132377 0.764696 0.833001 0.640174 0.559348
threshold=0.55655796918789979 1.0601705307504095 -0.35224199195645661 0.93189648440777262 0.20661838876563146
decision_type=2 2 2 2 8
left_child=1 2 -1 4 -2
right_child=3 -3 -4 -5 -6
leaf_value=0.0011937973078820136 0.00016519276694655367 -0.001325268495569075 -0.00043658598150342592 0.0011793982916666816 -0.00083046946098509517
leaf_weight=192 1001 183 340 187 286
leaf_count=192 1001 183 340 187 286
internal_value=-6.21367e-06 -0.000228604 0.00015746 0.00010207 -5.84231e-05
internal_weight=2189 715 532 1474 1287
internal_count=2189 715 532 1474 1287
is_linear=0
shrinkage=0.02


Tree=671
num_leaves=5
num_cat=0
split_feature=1 3 11 0
split_gain=0.131599 0.356284 0.46758 0.429522
threshold=-1.5557202461387629 -0.65184896033616979 0.94334592595852951 0.5375000000000002
decision_type=2 2 2 2
left_child=-1 3 -3 -2
right_child=1 2 -4 -5
leaf_value=-0.00043140405379525653 0.0008371418960420985 -0.00025529982035757957 0.00086389800814418681 -0.0003858894159699359
leaf_weight=252 387 1226 165 159
leaf_count=252 387 1226 165 159
internal_value=-6.11144e-06 5.01866e-05 -0.000119922 0.000480715
internal_weight=2189 1937 1391 546
internal_count=2189 1937 1391 546
is_linear=0
shrinkage=0.02


Tree=672
num_leaves=4
num_cat=0
split_feature=4 5 1
split_gain=0.132689 0.285139 0.400121
threshold=0.067961386095340942 0.16250000000000003 1.5808502484300997
decision_type=2 2 2
left_child=1 2 -1
right_child=-2 -3 -4
leaf_value=-6.0015318339945327e-05 0.00053634614115553034 -0.00073708630002278772 0.00099005082259013221
leaf_weight=1662 162 211 154
leaf_count=1662 162 211 154
internal_value=-5.59175e-06 -5.01172e-05 3.15061e-05
internal_weight=2189 2027 1816
internal_count=2189 2027 1816
is_linear=0
shrinkage=0.02


Tree=673
num_leaves=4
num_cat=0
split_feature=1 1 3
split_gain=0.131937 0.3702 0.317108
threshold=-1.7211808224759986 -1.4173762108646724 -0.65184896033616979
decision_type=2 2 2
left_child=-1 -2 -3
right_child=1 2 -4
leaf_value=0.00055142926433878142 -0.00092530235507927666 0.00047813388940903486 -0.00011826117170057634
leaf_weight=153 171 474 1391
leaf_count=153 171 474 1391
internal_value=-5.3755e-06 -4.84663e-05 3.41891e-05
internal_weight=2189 2036 1865
internal_count=2189 2036 1865
is_linear=0
shrinkage=0.02


Tree=674
num_leaves=4
num_cat=0
split_feature=4 4 4
split_gain=0.131421 0.492845 0.413876
threshold=0.0070710678118654927 0.011180339887498969 0.016393596310755005
decision_type=2 2 2
left_child=-1 -2 -3
right_child=1 2 -4
leaf_value=0.00050064857977323552 -0.0010418934683961783 0.00085833613116007587 -6.4449800107421919e-05
leaf_weight=183 178 216 1612
leaf_count=183 178 216 1612
internal_value=-5.04449e-06 -5.23071e-05 4.66323e-05
internal_weight=2189 2006 1828
internal_count=2189 2006 1828
is_linear=0
shrinkage=0.02


Tree=675
num_leaves=5
num_cat=0
split_feature=7 7 6 7
split_gain=0.131429 0.330234 0.596791 0.410897
threshold=-0.91629030964546387 -0.53672757228240564 6.9284888441698183 -0.33504394213048982
decision_type=2 2 2 2
left_child=-1 2 -2 -3
right_child=1 3 -4 -5
leaf_value=-0.00054428546985020175 -2.0512951678814895e-05 -0.0010081372373172324 0.001440751572453612 1.3340092072916575e-05
leaf_weight=162 319 173 167 1368
leaf_count=162 319 173 167 1368
internal_value=-4.95218e-06 3.93851e-05 0.000491167 -0.000104225
internal_weight=2189 2027 486 1541
internal_count=2189 2027 486 1541
is_linear=0
shrinkage=0.02


Tree=676
num_leaves=5
num_cat=0
split_feature=3 3 2 12
split_gain=0.130821 0.271037 0.579454 0.465201
threshold=1.4749351247390081 0.65094455490411829 0.05759585850417457 0.88700449101594991
decision_type=2 2 2 2
left_child=1 3 -3 -1
right_child=-2 2 -4 -5
leaf_value=-6.1788520080667428e-05 0.0004378482231776379 -0.00091059981072218632 0.00040471355163679398 0.00095933909090014096
leaf_weight=1185 233 357 209 205
leaf_count=1185 233 357 209 205
internal_value=-4.96248e-06 -5.86923e-05 -0.000425619 9.17082e-05
internal_weight=2189 1956 566 1390
internal_count=2189 1956 566 1390
is_linear=0
shrinkage=0.02


Tree=677
num_leaves=5
num_cat=0
split_feature=3 1 4 11
split_gain=0.131241 0.352769 0.509936 0.397786
threshold=-1.4598709212088288 -1.1254799116944252 0.040311288741492778 0.94334592595852951
decision_type=2 2 2 2
left_child=-1 2 -2 -3
right_child=1 3 -4 -5
leaf_value=-0.00045626786472961241 -0.00010261830656141366 -0.00018742671025850639 0.0014409730738697379 0.00078828027167618668
leaf_weight=226 179 1442 158 184
leaf_count=226 179 1442 158 184
internal_value=-5.29741e-06 4.76501e-05 0.00063157 -7.49365e-05
internal_weight=2189 1963 337 1626
internal_count=2189 1963 337 1626
is_linear=0
shrinkage=0.02


Tree=678
num_leaves=5
num_cat=0
split_feature=1 3 11 0
split_gain=0.131444 0.344299 0.452942 0.421505
threshold=-1.5557202461387629 -0.65184896033616979 0.94334592595852951 0.5375000000000002
decision_type=2 2 2 2
left_child=-1 3 -3 -2
right_child=1 2 -4 -5
leaf_value=-0.00043016916494236732 0.00082745318556126039 -0.00024933730593294654 0.00085219573384315208 -0.00038407979348515416
leaf_weight=252 387 1226 165 159
leaf_count=252 387 1226 165 159
internal_value=-5.12391e-06 5.11388e-05 -0.00011609 0.00047436
internal_weight=2189 1937 1391 546
internal_count=2189 1937 1391 546
is_linear=0
shrinkage=0.02


Tree=679
num_leaves=6
num_cat=0
split_feature=4 11 0 8 0
split_gain=0.130732 0.454607 0.43784 0.382506 0.565724
threshold=0.022360679774997932 0.88524145855887515 0.38750000000000007 0.70838667803574429 0.38000000000000006
decision_type=2 2 2 2 2
left_child=1 2 -1 4 -2
right_child=3 -3 -4 -5 -6
leaf_value=-0.00034013072657994184 0.0004404108657632743 -0.00076647945354046997 0.00073604241451684794 0.00063651520854551087 -0.00055720999545955335
leaf_weight=215 312 158 486 214 804
leaf_count=215 312 158 486 214 804
internal_value=-4.62347e-06 0.000187074 0.000405904 -0.000128671 -0.000277585
internal_weight=2189 859 701 1330 1116
internal_count=2189 859 701 1330 1116
is_linear=0
shrinkage=0.02


Tree=680
num_leaves=5
num_cat=0
split_feature=3 3 9 3
split_gain=0.130982 0.287161 0.698839 0.46522
threshold=1.4211458514382584 0.65094455490411829 0.68957964053149101 0.22941573387055716
decision_type=2 2 2 2
left_child=1 3 -3 -1
right_child=-2 2 -4 -5
leaf_value=-5.5164251012979867e-05 0.00040786740949584377 -0.00094061728049134915 0.00060144181335021907 0.0010118407881128844
leaf_weight=1206 265 366 168 184
leaf_count=1206 265 366 168 184
internal_value=-4.7226e-06 -6.24601e-05 -0.000454396 8.92e-05
internal_weight=2189 1924 534 1390
internal_count=2189 1924 534 1390
is_linear=0
shrinkage=0.02


Tree=681
num_leaves=5
num_cat=0
split_feature=1 3 0 8
split_gain=0.129652 0.336807 0.413003 0.302139
threshold=-1.5557202461387629 -0.65184896033616979 0.5375000000000002 0.57312841967914008
decision_type=2 2 2 2
left_child=-1 2 -2 -3
right_child=1 3 -4 -5
leaf_value=-0.00042673498453710094 0.00081938239855380553 -0.00048805674545428533 -0.00037987429733819718 0.00011685091778721913
leaf_weight=252 387 529 159 862
leaf_count=252 387 529 159 862
internal_value=-4.5966e-06 5.12801e-05 0.00046987 -0.000114121
internal_weight=2189 1937 546 1391
internal_count=2189 1937 546 1391
is_linear=0
shrinkage=0.02


Tree=682
num_leaves=4
num_cat=0
split_feature=1 1 6
split_gain=0.130219 0.366211 0.306896
threshold=-1.7211808224759986 -1.4173762108646724 7.3270471244119868
decision_type=2 2 2
left_child=-1 -2 -3
right_child=1 2 -4
leaf_value=0.00054896050035552701 -0.00091911784316339024 0.00011924619781934706 -0.00074296038450235549
leaf_weight=153 171 1687 178
leaf_count=153 171 1687 178
internal_value=-4.20518e-06 -4.70171e-05 3.51887e-05
internal_weight=2189 2036 1865
internal_count=2189 2036 1865
is_linear=0
shrinkage=0.02


Tree=683
num_leaves=4
num_cat=0
split_feature=4 5 1
split_gain=0.12975 0.276233 0.396764
threshold=0.067961386095340942 0.16250000000000003 1.5808502484300997
decision_type=2 2 2
left_child=1 2 -1
right_child=-2 -3 -4
leaf_value=-5.8756519522819334e-05 0.00053197870510602425 -0.00072410806028293099 0.00098689585197834096
leaf_weight=1662 162 211 154
leaf_count=1662 162 211 154
internal_value=-3.91868e-06 -4.79518e-05 3.23829e-05
internal_weight=2189 2027 1816
internal_count=2189 2027 1816
is_linear=0
shrinkage=0.02


Tree=684
num_leaves=4
num_cat=0
split_feature=4 4 4
split_gain=0.129776 0.483612 0.404094
threshold=0.0070710678118654927 0.011180339887498969 0.016393596310755005
decision_type=2 2 2
left_child=-1 -2 -3
right_child=1 2 -4
leaf_value=0.00049879271717880795 -0.0010309651025311379 0.00084936716018573334 -6.2450556609966492e-05
leaf_weight=183 178 216 1612
leaf_count=183 178 216 1612
internal_value=-3.72196e-06 -5.06907e-05 4.73146e-05
internal_weight=2189 2006 1828
internal_count=2189 2006 1828
is_linear=0
shrinkage=0.02


Tree=685
num_leaves=4
num_cat=0
split_feature=6 11 11
split_gain=0.129457 0.314009 0.49332
threshold=5.7734328999469158 -0.95892293223302472 -0.73985129771130442
decision_type=2 2 2
left_child=-1 -2 -3
right_child=1 2 -4
leaf_value=0.00046616831431201032 0.00070227295026239578 -0.00087274638693871922 1.2421688232396576e-05
leaf_weight=207 193 298 1491
leaf_count=207 193 298 1491
internal_value=-3.63791e-06 -5.3754e-05 -0.000137045
internal_weight=2189 1982 1789
internal_count=2189 1982 1789
is_linear=0
shrinkage=0.02


Tree=686
num_leaves=5
num_cat=0
split_feature=7 7 6 7
split_gain=0.129114 0.32709 0.586359 0.40099
threshold=-0.91629030964546387 -0.53672757228240564 6.9284888441698183 -0.33504394213048982
decision_type=2 2 2 2
left_child=-1 2 -2 -3
right_child=1 3 -4 -5
leaf_value=-0.00053816271165084699 -1.7265986779095306e-05 -0.00099553149325637088 0.00143121698140275 1.3555315928906747e-05
leaf_weight=162 319 173 167 1368
leaf_count=162 319 173 167 1368
internal_value=-3.59671e-06 4.03455e-05 0.00048997 -0.000102583
internal_weight=2189 2027 486 1541
internal_count=2189 2027 486 1541
is_linear=0
shrinkage=0.02


Tree=687
num_leaves=7
num_cat=0
split_feature=4 11 0 11 11 11
split_gain=0.128104 0.446241 0.430928 0.366934 0.458803 0.415597
threshold=0.022360679774997932 0.88524145855887515 0.38750000000000007 -0.047505974168386061 0.39272944514985558 -0.40643766183195668
decision_type=2 2 2 2 2 2
left_child=1 2 -1 5 -5 -2
right_child=3 -3 -4 4 -6 -7
leaf_value=-0.00033718826654843397 -0.00018080468256976055 -0.00075861195245174916 0.00073046009532363749 0.0009834603815509651 -0.00014351047056629078 -0.0013639271585569263
leaf_weight=215 506 158 486 203 470 151
leaf_count=215 506 158 486 203 470 151
internal_value=-3.62389e-06 0.000186135 0.000402938 -0.000126421 0.000201169 -0.000460973
internal_weight=2189 859 701 1330 673 657
internal_count=2189 859 701 1330 673 657
is_linear=0
shrinkage=0.02


Tree=688
num_leaves=6
num_cat=0
split_feature=9 7 12 7 13
split_gain=0.127226 0.585851 0.477968 0.750926 0.293908
threshold=0.68957964053149101 0.45176576994162831 -0.66749245881647024 0.68237470517714838 0.20661838876563146
decision_type=2 2 2 2 8
left_child=1 4 -2 -4 -1
right_child=2 -3 3 -5 -6
leaf_value=0.00022042698830971886 0.0010724550203288568 -0.0012625740952552503 0.00093834617065250163 -0.00067319811552489582 -0.00041932911806428792
leaf_weight=949 186 152 174 322 406
leaf_count=949 186 152 174 322 406
internal_value=-3.47036e-06 -0.000106006 0.000222223 -0.000104135 2.78993e-05
internal_weight=2189 1507 682 496 1355
internal_count=2189 1507 682 496 1355
is_linear=0
shrinkage=0.02


Tree=689
num_leaves=4
num_cat=0
split_feature=3 6 12
split_gain=0.12738 0.344753 0.363351
threshold=-1.4598709212088288 5.7734328999469158 -0.42607537243983401
decision_type=2 2 2
left_child=-1 -2 -3
right_child=1 2 -4
leaf_value=-0.00044769632691785577 0.00084245874976673104 -0.00041797893438286411 0.00017620723547171881
leaf_weight=226 192 641 1130
leaf_count=226 192 641 1130
internal_value=-3.40595e-06 4.87526e-05 -3.94252e-05
internal_weight=2189 1963 1771
internal_count=2189 1963 1771
is_linear=0
shrinkage=0.02


Tree=690
num_leaves=4
num_cat=0
split_feature=1 1 11
split_gain=0.128276 0.354527 0.306002
threshold=-1.7211808224759986 -1.4173762108646724 0.94334592595852951
decision_type=2 2 2
left_child=-1 -2 -3
right_child=1 2 -4
leaf_value=0.00054559364425655038 -0.00090399527604776353 -5.7083773474750417e-05 0.00074483504610915871
leaf_weight=153 171 1655 210
leaf_count=153 171 1655 210
internal_value=-3.42703e-06 -4.592e-05 3.49628e-05
internal_weight=2189 2036 1865
internal_count=2189 2036 1865
is_linear=0
shrinkage=0.02


Tree=691
num_leaves=7
num_cat=0
split_feature=13 13 3 1 0 6
split_gain=0.126784 0.461685 0.446427 0.393297 0.784432 0.54925
threshold=0.076703014414507512 0.13965283492518399 0.81649658092772637 1.0448177854782881 0.60750000000000004 6.9937402960692037
decision_type=10 10 2 2 2 2
left_child=3 -2 -3 5 -5 -1
right_child=1 2 -4 4 -6 -7
leaf_value=-0.00018509143632867479 0.00097585083533297565 -0.00047093040198194881 0.00078617115628044562 -0.0017592471482292299 4.0141212684899119e-05 0.00085214545358238466
leaf_weight=750 216 386 154 150 258 275
leaf_count=750 216 386 154 150 258 275
internal_value=-3.07157e-06 0.00020569 -0.0001085 -0.000113539 -0.000634688 9.59774e-05
internal_weight=2189 756 540 1433 408 1025
internal_count=2189 756 540 1433 408 1025
is_linear=0
shrinkage=0.02


Tree=692
num_leaves=4
num_cat=0
split_feature=4 5 1
split_gain=0.126484 0.272301 0.390257
threshold=0.067961386095340942 0.16250000000000003 1.5808502484300997
decision_type=2 2 2
left_child=1 2 -1
right_child=-2 -3 -4
leaf_value=-5.7701902450082594e-05 0.00052551613546194078 -0.00071839836537643958 0.00097934077909720015
leaf_weight=1662 162 211 154
leaf_count=1662 162 211 154
internal_value=-3.59469e-06 -4.70708e-05 3.26887e-05
internal_weight=2189 2027 1816
internal_count=2189 2027 1816
is_linear=0
shrinkage=0.02


Tree=693
num_leaves=6
num_cat=0
split_feature=4 11 0 8 8
split_gain=0.126784 0.442689 0.419674 0.371757 0.566251
threshold=0.022360679774997932 0.88524145855887515 0.38750000000000007 0.70838667803574429 0.63387932992119733
decision_type=2 2 2 2 2
left_child=1 2 -1 4 -2
right_child=3 -3 -4 -5 -6
leaf_value=-0.0003291442711911672 2.2807998363629486e-05 -0.00075560691669309071 0.0007245155936865755 0.00062878027118181117 -0.00095653747590038283
leaf_weight=215 783 158 486 214 333
leaf_count=215 783 158 486 214 333
internal_value=-3.40592e-06 0.000185372 0.000401311 -0.000125569 -0.000272379
internal_weight=2189 859 701 1330 1116
internal_count=2189 859 701 1330 1116
is_linear=0
shrinkage=0.02


Tree=694
num_leaves=5
num_cat=0
split_feature=0 13 0 7
split_gain=0.125996 0.236405 0.446099 0.339046
threshold=0.25000000000000006 0.21436319846336771 0.33000000000000007 -0.71473632476810967
decision_type=2 8 2 2
left_child=-1 2 -2 -3
right_child=1 3 -4 -5
leaf_value=0.00046274039741963085 -0.00088734792131805725 -0.0010625214839935083 0.0001715717991146353 0.00012292996524496282
leaf_weight=205 174 197 1430 183
leaf_count=205 174 197 1430 183
internal_value=-3.17811e-06 -5.23621e-05 5.4301e-05 -0.000497451
internal_weight=2189 1984 1604 380
internal_count=2189 1984 1604 380
is_linear=0
shrinkage=0.02


Tree=695
num_leaves=6
num_cat=0
split_feature=7 12 12 7 5
split_gain=0.127907 0.619899 0.447283 0.393769 0.513406
threshold=-0.53672757228240564 -0.66749245881647024 0.53404496678479341 -0.33504394213048982 -0.12000000000000001
decision_type=2 2 2 2 2
left_child=1 -1 -3 -2 -5
right_child=3 2 -4 4 -6
leaf_value=-0.00076732730454680362 -0.00098719106019171088 0.0011022152878008911 -0.000147545083348731 -0.00081744977498274989 0.00019224030304926598
leaf_weight=176 173 284 188 240 1128
leaf_count=176 173 284 188 240 1128
internal_value=-3.1947e-06 0.000231513 0.000608101 -0.00010232 1.27699e-05
internal_weight=2189 648 472 1541 1368
internal_count=2189 648 472 1541 1368
is_linear=0
shrinkage=0.02


Tree=696
num_leaves=6
num_cat=0
split_feature=5 0 8 5 13
split_gain=0.12935 0.493527 0.423749 0.408484 0.469181
threshold=0.055000000000000084 0.55750000000000022 0.63387932992119733 0.030000000000000002 -0.20206964746887332
decision_type=2 2 2 2 10
left_child=3 -2 -3 4 -1
right_child=1 2 -4 -5 -6
leaf_value=0.00078792255485768306 -0.0011601571499081382 0.00051645579181141784 -0.00058191331337248929 0.0010161541380930221 -0.00019667149781059587
leaf_weight=232 166 336 234 169 1052
leaf_count=232 166 336 234 169 1052
internal_value=-2.59163e-06 -0.00021775 6.44072e-05 0.000106767 -1.64035e-05
internal_weight=2189 736 570 1453 1284
internal_count=2189 736 570 1453 1284
is_linear=0
shrinkage=0.02


Tree=697
num_leaves=6
num_cat=0
split_feature=5 0 11 5 5
split_gain=0.128791 0.488096 0.413535 0.401691 0.462246
threshold=0.055000000000000084 0.55750000000000022 0.60875707634060972 0.030000000000000002 0.0099999999999999829
decision_type=2 2 2 2 2
left_child=3 -2 -3 4 -1
right_child=1 2 -4 -5 -6
leaf_value=0.00012504857054499181 -0.0011548652207990836 0.00040059084446419143 -0.00078101309207099753 0.0010079493850801439 -0.0010295140065394249
leaf_weight=1131 166 409 161 169 153
leaf_count=1131 166 409 161 169 153
internal_value=-2.96735e-06 -0.000217659 6.29503e-05 0.000106156 -1.59876e-05
internal_weight=2189 736 570 1453 1284
internal_count=2189 736 570 1453 1284
is_linear=0
shrinkage=0.02


Tree=698
num_leaves=7
num_cat=0
split_feature=13 13 4 1 0 6
split_gain=0.128547 0.448876 0.599304 0.394742 0.767544 0.535954
threshold=0.076703014414507512 0.13965283492518399 0.043011626335213167 1.0448177854782881 0.60750000000000004 6.9937402960692037
decision_type=10 10 2 2 2 2
left_child=3 -2 -3 5 -5 -1
right_child=1 2 -4 4 -6 -7
leaf_value=-0.00018266597524939092 0.00096590900321689131 -0.00052156175984775322 0.00093762573914284099 -0.0017494105576507507 3.0668883269277365e-05 0.00084193956153467292
leaf_weight=750 216 387 153 150 258 275
leaf_count=750 216 387 153 150 258 275
internal_value=-3.69367e-06 0.000206516 -0.000103316 -0.000114925 -0.000637028 9.49808e-05
internal_weight=2189 756 540 1433 408 1025
internal_count=2189 756 540 1433 408 1025
is_linear=0
shrinkage=0.02


Tree=699
num_leaves=5
num_cat=0
split_feature=0 8 5 11
split_gain=0.128512 0.296353 0.729743 0.653679
threshold=0.73000000000000009 0.57551116111238565 -0.049999999999999996 0.48098532983081138
decision_type=2 2 2 2
left_child=1 3 -3 -1
right_child=-2 2 -4 -5
leaf_value=0.00018573823518673927 -0.00046162008816730314 -0.00037488232907397965 0.0006272070605206129 -0.0010250792365155902
leaf_weight=479 216 470 746 278
leaf_count=479 216 470 746 278
internal_value=-4.21821e-06 4.68975e-05 0.000239937 -0.00026273
internal_weight=2189 1973 1216 757
internal_count=2189 1973 1216 757
is_linear=0
shrinkage=0.02


Tree=700
num_leaves=6
num_cat=0
split_feature=5 0 8 5 7
split_gain=0.129369 0.479757 0.413357 0.393038 0.46132
threshold=0.055000000000000084 0.55750000000000022 0.63387932992119733 0.030000000000000002 -0.75896085734227436
decision_type=2 2 2 2 2
left_child=3 -2 -3 4 -1
right_child=1 2 -4 -5 -6
leaf_value=-0.00078292942819340784 -0.0011479777428838943 0.00050591416131224361 -0.00057889486900745079 0.00099775154622614207 0.00017066849564781301
leaf_weight=247 166 336 234 169 1037
leaf_count=247 166 336 234 169 1037
internal_value=-3.64458e-06 -0.000218817 5.94102e-05 0.000105725 -1.50982e-05
internal_weight=2189 736 570 1453 1284
internal_count=2189 736 570 1453 1284
is_linear=0
shrinkage=0.02


Tree=701
num_leaves=6
num_cat=0
split_feature=5 0 8 5 13
split_gain=0.128621 0.474402 0.401809 0.386568 0.457945
threshold=0.055000000000000084 0.55750000000000022 0.63387932992119733 0.030000000000000002 -0.20206964746887332
decision_type=2 2 2 2 10
left_child=3 -2 -3 4 -1
right_child=1 2 -4 -5 -6
leaf_value=0.00077976004672452876 -0.0011426070811804275 0.00049825869900067929 -0.00057128930900822623 0.00098960897379458479 -0.00019297239134289049
leaf_weight=232 166 336 234 169 1052
leaf_count=232 166 336 234 169 1052
internal_value=-4.09957e-06 -0.000218647 5.80314e-05 0.000104954 -1.4871e-05
internal_weight=2189 736 570 1453 1284
internal_count=2189 736 570 1453 1284
is_linear=0
shrinkage=0.02


Tree=702
num_leaves=7
num_cat=0
split_feature=13 13 4 1 0 3
split_gain=0.130006 0.434985 0.583817 0.390305 0.754361 0.53257
threshold=0.076703014414507512 0.13965283492518399 0.043011626335213167 1.0448177854782881 0.60750000000000004 0.33032974099227724
decision_type=10 10 2 2 2 2
left_child=3 -2 -3 5 -5 -1
right_child=1 2 -4 4 -6 -7
leaf_value=-0.00018027319026432944 0.0009544992666653088 -0.00051091225457973769 0.00092928598645213945 -0.0017382479016819308 2.654957637711368e-05 0.00084813148550600846
leaf_weight=756 216 387 153 150 258 269
leaf_count=756 216 387 153 150 258 269
internal_value=-4.44478e-06 0.000206957 -9.80742e-05 -0.000116304 -0.000635462 9.24273e-05
internal_weight=2189 756 540 1433 408 1025
internal_count=2189 756 540 1433 408 1025
is_linear=0
shrinkage=0.02


Tree=703
num_leaves=5
num_cat=0
split_feature=0 13 9 12
split_gain=0.129451 0.289569 0.417769 0.244568
threshold=0.26000000000000006 0.21436319846336771 -0.58082508174783887 -0.19508892711266859
decision_type=2 8 2 2
left_child=-1 2 -2 -3
right_child=1 3 -4 -5
leaf_value=0.00044084529572914954 0.00056679411185553332 -0.0010225177402040217 -0.00014618563653383409 -2.909302087136487e-06
leaf_weight=228 458 200 1129 174
leaf_count=228 458 200 1129 174
internal_value=-4.90829e-06 -5.77242e-05 6.07105e-05 -0.000554451
internal_weight=2189 1961 1587 374
internal_count=2189 1961 1587 374
is_linear=0
shrinkage=0.02


Tree=704
num_leaves=6
num_cat=0
split_feature=8 1 12 11 13
split_gain=0.127902 0.749579 0.823418 0.616666 0.531489
threshold=0.55655796918789979 1.0601705307504095 -0.35224199195645661 0.93189648440777262 0.20661838876563146
decision_type=2 2 2 2 8
left_child=1 2 -1 4 -2
right_child=3 -3 -4 -5 -6
leaf_value=0.0011887646912299285 0.000161697420232122 -0.0013095673040902994 -0.00043222098904526857 0.0011586088337026013 -0.00080885194096056367
leaf_weight=192 1001 183 340 187 286
leaf_count=192 1001 183 340 187 286
internal_value=-5.18854e-06 -0.000223789 0.000158418 0.000101247 -5.62758e-05
internal_weight=2189 715 532 1474 1287
internal_count=2189 715 532 1474 1287
is_linear=0
shrinkage=0.02


Tree=705
num_leaves=4
num_cat=0
split_feature=1 1 1
split_gain=0.127716 0.339726 0.309535
threshold=-1.7211808224759986 -1.4173762108646724 -1.1423723315208596
decision_type=2 2 2
left_child=-1 -2 -3
right_child=1 2 -4
leaf_value=0.00054271530130100025 -0.00088747841564657968 0.00087872014522458175 -4.6362487941516057e-05
leaf_weight=153 171 153 1712
leaf_count=153 171 153 1712
internal_value=-5.11112e-06 -4.75075e-05 3.16756e-05
internal_weight=2189 2036 1865
internal_count=2189 2036 1865
is_linear=0
shrinkage=0.02


Tree=706
num_leaves=4
num_cat=0
split_feature=4 4 4
split_gain=0.127022 0.477694 0.392696
threshold=0.0070710678118654927 0.011180339887498969 0.01732050807568879
decision_type=2 2 2
left_child=-1 -2 -3
right_child=1 2 -4
leaf_value=0.00049231157085779023 -0.0010255682238891639 0.00076139139804719963 -7.3495007551733463e-05
leaf_weight=183 178 258 1570
leaf_count=183 178 258 1570
internal_value=-4.84645e-06 -5.13116e-05 4.60945e-05
internal_weight=2189 2006 1828
internal_count=2189 2006 1828
is_linear=0
shrinkage=0.02


Tree=707
num_leaves=5
num_cat=0
split_feature=3 3 2 12
split_gain=0.127228 0.289982 0.69974 0.450635
threshold=1.4211458514382584 0.65094455490411829 0.05759585850417457 0.88700449101594991
decision_type=2 2 2 2
left_child=1 3 -3 -1
right_child=-2 2 -4 -5
leaf_value=-6.031779898770795e-05 0.00040189831308089197 -0.00099924965265144722 0.00049113943687407297 0.00094469808970045822
leaf_weight=1185 265 339 195 205
leaf_count=1185 265 339 195 205
internal_value=-4.73702e-06 -6.1641e-05 -0.000455499 9.07587e-05
internal_weight=2189 1924 534 1390
internal_count=2189 1924 534 1390
is_linear=0
shrinkage=0.02


Tree=708
num_leaves=6
num_cat=0
split_feature=7 12 12 7 12
split_gain=0.126483 0.600571 0.436173 0.392935 0.47694
threshold=-0.53672757228240564 -0.66749245881647024 0.53404496678479341 -0.33504394213048982 0.49999642498037516
decision_type=2 2 2 2 2
left_child=1 -1 -3 -2 -5
right_child=3 2 -4 4 -6
leaf_value=-0.00075487227148237485 -0.00098762528945984889 0.0010868883378494364 -0.00014722116397080913 -0.0002440218253706243 0.00055360165423341552
leaf_weight=176 173 284 188 932 436
leaf_count=176 173 284 188 932 436
internal_value=-5.12409e-06 0.000228277 0.000598946 -0.000103692 1.12818e-05
internal_weight=2189 648 472 1541 1368
internal_count=2189 648 472 1541 1368
is_linear=0
shrinkage=0.02


Tree=709
num_leaves=6
num_cat=0
split_feature=5 0 11 5 13
split_gain=0.127016 0.464051 0.404088 0.382391 0.455288
threshold=0.055000000000000084 0.55750000000000022 0.60875707634060972 0.030000000000000002 -0.20206964746887332
decision_type=2 2 2 2 10
left_child=3 -2 -3 4 -1
right_child=1 2 -4 -5 -6
leaf_value=0.00077644498515795548 -0.00113210713000674 0.00038919069637993807 -0.00077882368981568937 0.00098315273993648594 -0.00019346166179816539
leaf_weight=232 166 409 161 169 1052
leaf_count=232 166 409 161 169 1052
internal_value=-5.08343e-06 -0.000218286 5.53743e-05 0.00010329 -1.58817e-05
internal_weight=2189 736 570 1453 1284
internal_count=2189 736 570 1453 1284
is_linear=0
shrinkage=0.02


Tree=710
num_leaves=5
num_cat=0
split_feature=0 8 5 11
split_gain=0.127644 0.292227 0.717318 0.637338
threshold=0.73000000000000009 0.57551116111238565 -0.049999999999999996 0.48098532983081138
decision_type=2 2 2 2
left_child=1 3 -3 -1
right_child=-2 2 -4 -5
leaf_value=0.00018095132552062293 -0.0004612338651531077 -0.00037230166328602204 0.00062121782889626876 -0.0010146507346433301
leaf_weight=479 216 470 746 278
leaf_count=479 216 470 746 278
internal_value=-5.38154e-06 4.5564e-05 0.000237257 -0.000261897
internal_weight=2189 1973 1216 757
internal_count=2189 1973 1216 757
is_linear=0
shrinkage=0.02


Tree=711
num_leaves=5
num_cat=0
split_feature=0 13 7 7
split_gain=0.128596 0.281101 0.423693 0.341909
threshold=0.26000000000000006 0.21436319846336771 -0.50528816922609676 -0.71473632476810967
decision_type=2 8 2 2
left_child=-1 2 -2 -3
right_child=1 3 -4 -5
leaf_value=0.00043947864969884538 0.00063807920430311539 -0.0011212645228387732 -0.00012423568416343472 7.9318655915157775e-05
leaf_weight=228 379 193 1208 181
leaf_count=228 379 193 1208 181
internal_value=-4.8013e-06 -5.74428e-05 5.92491e-05 -0.000546853
internal_weight=2189 1961 1587 374
internal_count=2189 1961 1587 374
is_linear=0
shrinkage=0.02


Tree=712
num_leaves=6
num_cat=0
split_feature=5 0 8 5 5
split_gain=0.127209 0.459004 0.395376 0.374265 0.454822
threshold=0.055000000000000084 0.55750000000000022 0.63387932992119733 0.030000000000000002 0.0099999999999999829
decision_type=2 2 2 2 2
left_child=3 -2 -3 4 -1
right_child=1 2 -4 -5 -6
leaf_value=0.00012525345795515484 -0.0011273950752284793 0.0004903413510300653 -0.00057060238199939785 0.00097372528748993566 -0.0010199992195997812
leaf_weight=1131 166 336 234 169 153
leaf_count=1131 166 336 234 169 153
internal_value=-5.19411e-06 -0.000218559 5.36216e-05 0.000103262 -1.46408e-05
internal_weight=2189 736 570 1453 1284
internal_count=2189 736 570 1453 1284
is_linear=0
shrinkage=0.02


Tree=713
num_leaves=6
num_cat=0
split_feature=8 11 8 4 8
split_gain=0.127031 0.48829 0.338066 0.620247 0.591565
threshold=0.70760871252844459 0.10882993669133921 0.62970646628472782 0.034910600109422395 0.61139239594205474
decision_type=2 2 2 2 2
left_child=2 -2 4 -4 -1
right_child=1 -3 3 -5 -6
leaf_value=-5.7452761403048315e-05 -0.00044608377800403821 0.0010121516566156282 7.4593780614937676e-05 -0.0012515301811824127 0.0012270816891087276
leaf_weight=1093 168 192 341 235 160
leaf_count=1093 168 192 341 235 160
internal_value=-5.90295e-06 0.000334853 -7.37036e-05 -0.000472561 0.000110799
internal_weight=2189 360 1829 576 1253
internal_count=2189 360 1829 576 1253
is_linear=0
shrinkage=0.02


Tree=714
num_leaves=6
num_cat=0
split_feature=5 0 12 5 7
split_gain=0.126219 0.453304 0.394889 0.368515 0.44902
threshold=0.055000000000000084 0.55750000000000022 -0.71000616126719407 0.030000000000000002 -0.75896085734227436
decision_type=2 2 2 2 2
left_child=3 -2 -3 4 -1
right_child=1 2 -4 -5 -6
leaf_value=-0.00077233950950719027 -0.0011215608850208638 0.0009120440693834844 -0.00026489748072976312 0.00096593006695995379 0.00016846036317940595
leaf_weight=247 166 151 419 169 1037
leaf_count=247 166 151 419 169 1037
internal_value=-5.85533e-06 -0.000218387 5.21084e-05 0.00010218 -1.48129e-05
internal_weight=2189 736 570 1453 1284
internal_count=2189 736 570 1453 1284
is_linear=0
shrinkage=0.02


Tree=715
num_leaves=6
num_cat=0
split_feature=7 12 12 7 5
split_gain=0.127062 0.589092 0.427979 0.385988 0.505092
threshold=-0.53672757228240564 -0.66749245881647024 0.53404496678479341 -0.33504394213048982 -0.12000000000000001
decision_type=2 2 2 2 2
left_child=1 -1 -3 -2 -5
right_child=3 2 -4 4 -6
leaf_value=-0.00074597237212326159 -0.00098105572053529527 0.0010781895101737477 -0.00014430495258903258 -0.00081446660112836694 0.00018701300212658451
leaf_weight=176 173 284 188 240 1128
leaf_count=176 173 284 188 240 1128
internal_value=-6.18122e-06 0.000227756 0.000594855 -0.000104972 8.98865e-06
internal_weight=2189 648 472 1541 1368
internal_count=2189 648 472 1541 1368
is_linear=0
shrinkage=0.02


Tree=716
num_leaves=6
num_cat=0
split_feature=5 7 2 5 5
split_gain=0.127725 0.438489 0.424057 0.360629 0.450462
threshold=0.055000000000000084 -0.49326140889570363 0.075071977865520181 0.030000000000000002 0.0099999999999999829
decision_type=2 2 2 2 2
left_child=3 -2 -3 4 -1
right_child=1 2 -4 -5 -6
leaf_value=0.00012659320225537441 0.00055220163591482838 -0.0008798268792360865 0.0003597881114236406 0.00095757836904162652 -0.0010131565736064428
leaf_weight=1131 207 377 152 169 153
leaf_count=1131 207 377 152 169 153
internal_value=-5.55634e-06 -0.000219353 -0.000523609 0.000103121 -1.26213e-05
internal_weight=2189 736 529 1453 1284
internal_count=2189 736 529 1453 1284
is_linear=0
shrinkage=0.02


Tree=717
num_leaves=5
num_cat=0
split_feature=0 12 3 3
split_gain=0.127715 0.220267 0.487033 0.406849
threshold=0.25000000000000006 0.79334766778371346 0.57422090700294814 1.0894638921855397
decision_type=2 2 2 2
left_child=-1 3 -3 -2
right_child=1 2 -4 -5
leaf_value=0.00046334825907390391 -0.00034827865320367782 0.00092222155545090075 -0.00051103989005638051 0.00037763965381774499
leaf_weight=205 1181 239 151 413
leaf_count=205 1181 239 151 413
internal_value=-5.74391e-06 -5.52565e-05 0.000367848 -0.000159603
internal_weight=2189 1984 390 1594
internal_count=2189 1984 390 1594
is_linear=0
shrinkage=0.02


Tree=718
num_leaves=4
num_cat=0
split_feature=4 4 4
split_gain=0.126115 0.467141 0.382895
threshold=0.0070710678118654927 0.011180339887498969 0.016393596310755005
decision_type=2 2 2
left_child=-1 -2 -3
right_child=1 2 -4
leaf_value=0.00048923511583199523 -0.0010158770744398726 0.00082461885876144493 -6.2955583393990692e-05
leaf_weight=183 178 216 1612
leaf_count=183 178 216 1612
internal_value=-6.14754e-06 -5.24435e-05 4.38852e-05
internal_weight=2189 2006 1828
internal_count=2189 2006 1828
is_linear=0
shrinkage=0.02


Tree=719
num_leaves=4
num_cat=0
split_feature=1 1 11
split_gain=0.12623 0.325887 0.307529
threshold=-1.7211808224759986 -1.4173762108646724 0.94334592595852951
decision_type=2 2 2
left_child=-1 -2 -3
right_child=1 2 -4
leaf_value=0.00053859726620154294 -0.00087086521872234619 -6.2885361187635497e-05 0.00074102555461184579
leaf_weight=153 171 1655 210
leaf_count=153 171 1655 210
internal_value=-6.03606e-06 -4.8183e-05 2.93748e-05
internal_weight=2189 2036 1865
internal_count=2189 2036 1865
is_linear=0
shrinkage=0.02


Tree=720
num_leaves=5
num_cat=0
split_feature=3 1 5 11
split_gain=0.125318 0.364641 0.514394 0.384855
threshold=-1.4598709212088288 -1.1254799116944252 -0.12000000000000001 0.94334592595852951
decision_type=2 2 2 2
left_child=-1 2 -2 -3
right_child=1 3 -4 -5
leaf_value=-0.00044633574084302182 -7.6975061178759298e-05 -0.00018917974064391863 0.001476847004717145 0.00077054912138139889
leaf_weight=226 184 1442 153 184
leaf_count=226 184 1442 153 184
internal_value=-5.66058e-06 4.60794e-05 0.000639747 -7.85465e-05
internal_weight=2189 1963 337 1626
internal_count=2189 1963 337 1626
is_linear=0
shrinkage=0.02


Tree=721
num_leaves=5
num_cat=0
split_feature=0 13 0 7
split_gain=0.125125 0.22015 0.416479 0.321055
threshold=0.25000000000000006 0.21436319846336771 0.33000000000000007 -0.71473632476810967
decision_type=2 8 2 2
left_child=-1 2 -2 -3
right_child=1 3 -4 -5
leaf_value=0.00045903866000229581 -0.00086117203360717423 -0.0010336653574711026 0.00016198245491980552 0.00011989891776775426
leaf_weight=205 174 197 1430 183
leaf_count=205 174 197 1430 183
internal_value=-5.27177e-06 -5.42807e-05 4.86607e-05 -0.000483791
internal_weight=2189 1984 1604 380
internal_count=2189 1984 1604 380
is_linear=0
shrinkage=0.02


Tree=722
num_leaves=6
num_cat=0
split_feature=8 11 8 4 8
split_gain=0.125457 0.476358 0.329346 0.606715 0.579362
threshold=0.70760871252844459 0.10882993669133921 0.62970646628472782 0.034910600109422395 0.61139239594205474
decision_type=2 2 2 2 2
left_child=2 -2 4 -4 -1
right_child=1 -3 3 -5 -6
leaf_value=-5.7053282414525892e-05 -0.00043802594593753011 0.0010023149957662913 7.4805225444334492e-05 -0.0012367599467591694 0.0012141630747461354
leaf_weight=1093 168 192 341 235 160
leaf_count=1093 168 192 341 235 160
internal_value=-5.27339e-06 0.000333363 -7.2654e-05 -0.000466334 0.000109453
internal_weight=2189 360 1829 576 1253
internal_count=2189 360 1829 576 1253
is_linear=0
shrinkage=0.02


Tree=723
num_leaves=6
num_cat=0
split_feature=5 0 11 5 13
split_gain=0.12536 0.446769 0.395961 0.355121 0.444147
threshold=0.055000000000000084 0.55750000000000022 0.60875707634060972 0.030000000000000002 -0.20206964746887332
decision_type=2 2 2 2 10
left_child=3 -2 -3 4 -1
right_child=1 2 -4 -5 -6
leaf_value=0.00077013120255609859 -0.001113685481032433 0.00038196360656054791 -0.00077423892421535703 0.00095033452257342718 -0.00018783411995921675
leaf_weight=232 166 409 161 169 1052
leaf_count=232 166 409 161 169 1052
internal_value=-5.23806e-06 -0.000217046 5.14944e-05 0.000102427 -1.24279e-05
internal_weight=2189 736 570 1453 1284
internal_count=2189 736 570 1453 1284
is_linear=0
shrinkage=0.02


Tree=724
num_leaves=7
num_cat=0
split_feature=13 1 7 1 0 6
split_gain=0.126276 0.420961 0.712369 0.376488 0.741722 0.526199
threshold=0.076703014414507512 0.45824351919978773 -0.81899109865213215 1.0448177854782881 0.60750000000000004 6.9937402960692037
decision_type=10 2 2 2 2 2
left_child=3 2 -2 5 -5 -1
right_child=1 -3 -4 4 -6 -7
leaf_value=-0.00018583876560966404 -0.0011598613228918774 0.00087349484090236905 0.00040475750583640927 -0.0017191607894436007 3.0709169439868759e-05 0.00082938909357679739
leaf_weight=750 171 246 339 150 258 275
leaf_count=750 171 246 339 150 258 275
internal_value=-5.52623e-06 0.000202823 -0.000126017 -0.000115767 -0.00062565 8.92434e-05
internal_weight=2189 756 510 1433 408 1025
internal_count=2189 756 510 1433 408 1025
is_linear=0
shrinkage=0.02


Tree=725
num_leaves=5
num_cat=0
split_feature=0 9 4 9
split_gain=0.126888 0.206716 0.924268 0.643662
threshold=0.73000000000000009 -0.58082508174783887 0.043011626335213167 -0.31765053189638592
decision_type=2 2 2 2
left_child=1 2 -1 -3
right_child=-2 3 -4 -5
leaf_value=-0.00013284794256528308 -0.0004604839709191267 -0.0013057645140912763 0.0014825493282624308 6.0892659496571936e-05
leaf_weight=502 216 152 192 1127
leaf_count=502 216 152 192 1127
internal_value=-5.98595e-06 4.48098e-05 0.000321471 -0.000105977
internal_weight=2189 1973 694 1279
internal_count=2189 1973 694 1279
is_linear=0
shrinkage=0.02


Tree=726
num_leaves=4
num_cat=0
split_feature=5 6 11
split_gain=0.125532 0.364005 0.367079
threshold=0.16250000000000003 5.7734328999469158 -0.96591891988149814
decision_type=2 2 2
left_child=1 -1 -3
right_child=-2 2 -4
leaf_value=0.00091258853966935303 -0.00041031746938605563 0.00088012511840488458 -0.00012740276378003679
leaf_weight=173 264 154 1598
leaf_count=173 264 154 1598
internal_value=-5.57036e-06 5.0857e-05 -3.65889e-05
internal_weight=2189 1925 1752
internal_count=2189 1925 1752
is_linear=0
shrinkage=0.02


Tree=727
num_leaves=5
num_cat=0
split_feature=3 1 5 11
split_gain=0.124186 0.360072 0.50828 0.381084
threshold=-1.4598709212088288 -1.1254799116944252 -0.12000000000000001 0.94334592595852951
decision_type=2 2 2 2
left_child=-1 2 -2 -3
right_child=1 3 -4 -5
leaf_value=-0.00044391341201025685 -7.6248336401053531e-05 -0.00018766285785163817 0.0014683187065964354 0.00076735087422772296
leaf_weight=226 184 1442 153 184
leaf_count=226 184 1442 153 184
internal_value=-5.23219e-06 4.62727e-05 0.000636209 -7.75713e-05
internal_weight=2189 1963 337 1626
internal_count=2189 1963 337 1626
is_linear=0
shrinkage=0.02


Tree=728
num_leaves=5
num_cat=0
split_feature=3 5 0 13
split_gain=0.124221 0.269777 0.68376 0.635418
threshold=1.4749351247390081 0.055000000000000084 0.58750000000000002 -0.18952745395024276
decision_type=2 2 2 8
left_child=1 3 -3 -1
right_child=-2 2 -4 -5
leaf_value=0.0012961719963391117 0.00042664381147150982 -0.0014497426566615534 2.4455921678301719e-05 -5.6540544736337964e-05
leaf_weight=152 233 173 429 1202
leaf_count=152 233 173 429 1202
internal_value=-4.85165e-06 -5.72084e-05 -0.000407645 9.95251e-05
internal_weight=2189 1956 602 1354
internal_count=2189 1956 602 1354
is_linear=0
shrinkage=0.02


Tree=729
num_leaves=4
num_cat=0
split_feature=4 4 4
split_gain=0.123645 0.458601 0.37627
threshold=0.0070710678118654927 0.011180339887498969 0.01732050807568879
decision_type=2 2 2
left_child=-1 -2 -3
right_child=1 2 -4
leaf_value=0.00048529038884419397 -0.0010056446097750481 0.00074456318008922354 -7.267466529701201e-05
leaf_weight=183 178 258 1570
leaf_count=183 178 258 1570
internal_value=-5.21461e-06 -5.10569e-05 4.43849e-05
internal_weight=2189 2006 1828
internal_count=2189 2006 1828
is_linear=0
shrinkage=0.02


Tree=730
num_leaves=6
num_cat=0
split_feature=8 11 8 4 8
split_gain=0.123314 0.466211 0.322114 0.596383 0.561448
threshold=0.70760871252844459 0.10882993669133921 0.62970646628472782 0.034910600109422395 0.61139239594205474
decision_type=2 2 2 2 2
left_child=2 -2 4 -4 -1
right_child=1 -3 3 -5 -6
leaf_value=-5.5722384440045945e-05 -0.00043251658305310442 0.0009924108968801834 7.5257778022373687e-05 -0.0012250787740534482 0.0011956882545385847
leaf_weight=1093 168 192 341 235 160
leaf_count=1093 168 192 341 235 160
internal_value=-5.10244e-06 0.000330629 -7.19053e-05 -0.000461239 0.000108192
internal_weight=2189 360 1829 576 1253
internal_count=2189 360 1829 576 1253
is_linear=0
shrinkage=0.02


Tree=731
num_leaves=7
num_cat=0
split_feature=13 1 7 1 0 3
split_gain=0.123607 0.412525 0.699034 0.368187 0.735873 0.521523
threshold=0.076703014414507512 0.45824351919978773 -0.81899109865213215 1.0448177854782881 0.60750000000000004 0.33032974099227724
decision_type=10 2 2 2 2 2
left_child=3 2 -2 5 -5 -1
right_child=1 -3 -4 4 -6 -7
leaf_value=-0.0001812503915726796 -0.0011485956146299774 0.00086497770173408356 0.00040130879052476095 -0.0017075693136261356 3.5300378797455429e-05 0.00083642686139384333
leaf_weight=756 171 246 339 150 258 269
leaf_count=756 171 246 339 150 258 269
internal_value=-5.07431e-06 0.00020106 -0.000124471 -0.000114145 -0.000618376 8.85917e-05
internal_weight=2189 756 510 1433 408 1025
internal_count=2189 756 510 1433 408 1025
is_linear=0
shrinkage=0.02


Tree=732
num_leaves=7
num_cat=0
split_feature=1 13 0 9 13 4
split_gain=0.124502 0.678925 1.02795 0.558599 0.553775 0.901913
threshold=0.19402966521139645 0.02526839567068383 0.58750000000000002 -0.89911574048663512 -0.10518091328739557 0.012990381056766588
decision_type=2 10 2 2 10 2
left_child=4 2 -2 -3 -1 -6
right_child=1 3 -4 -5 5 -7
leaf_value=0.00076565089337429196 -0.0015272209736236666 -0.00017154268562899664 9.1673618052635683e-05 0.0013891400351961395 -0.0014713830010084337 0.00017777239923630683
leaf_weight=373 256 206 392 159 162 641
leaf_count=373 256 206 392 159 162 641
internal_value=-5.49259e-06 -0.000167571 -0.000554686 0.000517901 0.000134239 -0.00016198
internal_weight=2189 1013 648 365 1176 803
internal_count=2189 1013 648 365 1176 803
is_linear=0
shrinkage=0.02


Tree=733
num_leaves=4
num_cat=0
split_feature=5 6 11
split_gain=0.124623 0.353402 0.362012
threshold=0.16250000000000003 5.7734328999469158 -0.96591891988149814
decision_type=2 2 2
left_child=1 -1 -3
right_child=-2 2 -4
leaf_value=0.00089890600619000509 -0.00040968528315364329 0.00087402094528957642 -0.00012652936873170859
leaf_weight=173 264 154 1598
leaf_count=173 264 154 1598
internal_value=-6.40716e-06 4.98176e-05 -3.63445e-05
internal_weight=2189 1925 1752
internal_count=2189 1925 1752
is_linear=0
shrinkage=0.02


Tree=734
num_leaves=6
num_cat=0
split_feature=7 7 13 7 5
split_gain=0.124923 0.566566 0.633749 0.38251 0.49795
threshold=-0.53672757228240564 -0.71998814116665588 0.20661838876563146 -0.33504394213048982 -0.12000000000000001
decision_type=2 2 8 2 2
left_child=1 2 -1 -2 -5
right_child=3 -3 -4 4 -6
leaf_value=0.00063859953800396582 -0.0009761528018469598 0.0011322932177194461 -0.00083624830301333637 -0.00080819569001620514 0.00018617879847986898
leaf_weight=212 173 189 247 240 1128
leaf_count=212 173 189 247 240 1128
internal_value=-6.06935e-06 0.00022589 -0.000155514 -0.000104025 9.41925e-06
internal_weight=2189 648 459 1541 1368
internal_count=2189 648 459 1541 1368
is_linear=0
shrinkage=0.02


Tree=735
num_leaves=5
num_cat=0
split_feature=0 13 7 7
split_gain=0.127329 0.268733 0.403991 0.321182
threshold=0.26000000000000006 0.21436319846336771 -0.50528816922609676 -0.71473632476810967
decision_type=2 8 2 2
left_child=-1 2 -2 -3
right_child=1 3 -4 -5
leaf_value=0.00043644510042681778 0.00062129560802228899 -0.0010932594038207423 -0.00012308208412749528 7.0519009805334516e-05
leaf_weight=228 379 193 1208 181
leaf_count=228 379 193 1208 181
internal_value=-5.64183e-06 -5.80213e-05 5.60797e-05 -0.00053654
internal_weight=2189 1961 1587 374
internal_count=2189 1961 1587 374
is_linear=0
shrinkage=0.02


Tree=736
num_leaves=6
num_cat=0
split_feature=5 0 12 4 11
split_gain=0.124842 0.427245 0.392545 0.350923 0.315107
threshold=0.055000000000000084 0.55750000000000022 -0.71000616126719407 0.050187149749711821 0.12659573043494146
decision_type=2 2 2 2 2
left_child=3 -2 -3 4 -1
right_child=1 2 -4 -5 -6
leaf_value=-0.00034522713862141684 -0.00109420955529687 0.00090269149818386022 -0.00027074004773858864 0.00079525574777321317 0.00029684026825374792
leaf_weight=632 166 151 419 238 583
leaf_count=632 166 151 419 238 583
internal_value=-6.01832e-06 -0.000217387 4.52628e-05 0.000101426 -3.71866e-05
internal_weight=2189 736 570 1453 1215
internal_count=2189 736 570 1453 1215
is_linear=0
shrinkage=0.02


Tree=737
num_leaves=7
num_cat=0
split_feature=1 3 13 0 4 9
split_gain=0.124817 0.867673 0.665274 1.01446 0.638446 0.546844
threshold=0.19402966521139645 0.33032974099227724 0.02526839567068383 0.58750000000000002 0.040311288741492778 -0.89911574048663512
decision_type=2 2 10 2 2 2
left_child=1 4 3 -2 -1 -4
right_child=2 -3 5 -5 -6 -7
leaf_value=-0.0004412308700960374 -0.0015182246620342194 0.0014159735406140208 -0.00017242634024524012 9.0025487072620375e-05 0.00063387175083468928 0.0013717000760782578
leaf_weight=681 256 174 206 392 321 159
leaf_count=681 256 174 206 392 321 159
internal_value=-6.61923e-06 0.000133291 -0.000168899 -0.000552093 -9.53746e-05 0.000509667
internal_weight=2189 1176 1013 648 1002 365
internal_count=2189 1176 1013 648 1002 365
is_linear=0
shrinkage=0.02


Tree=738
num_leaves=6
num_cat=0
split_feature=0 8 5 1 6
split_gain=0.126243 0.28709 0.882728 0.655735 0.276766
threshold=0.65750000000000008 0.57551116111238565 -0.049999999999999996 -0.64507896092290562 6.7616769289743024
decision_type=2 2 2 2 2
left_child=1 3 -3 -1 -2
right_child=4 2 -4 -5 -6
leaf_value=0.00046078112280795457 0.00016866068374201459 -0.00038456530764307157 0.00076198855722935978 -0.00078435755531171877 -0.00084867840136889847
leaf_weight=291 222 468 618 391 199
leaf_count=291 222 468 618 391 199
internal_value=-7.40169e-06 6.68952e-05 0.000268395 -0.000253587 -0.000316536
internal_weight=2189 1768 1086 682 421
internal_count=2189 1768 1086 682 421
is_linear=0
shrinkage=0.02


Tree=739
num_leaves=4
num_cat=0
split_feature=9 1 1
split_gain=0.125304 0.291335 0.375706
threshold=1.2683162636658116 -1.5557202461387629 -1.1423723315208596
decision_type=2 2 2
left_child=1 -1 -3
right_child=-2 2 -4
leaf_value=-0.00072069626065698552 0.00045419211341986358 0.00083237031617557306 -7.460901526433319e-05
leaf_weight=228 208 202 1551
leaf_count=228 208 202 1551
internal_value=-6.82328e-06 -5.62504e-05 3.19733e-05
internal_weight=2189 1981 1753
internal_count=2189 1981 1753
is_linear=0
shrinkage=0.02


Tree=740
num_leaves=4
num_cat=0
split_feature=4 4 4
split_gain=0.12526 0.444493 0.370263
threshold=0.0070710678118654927 0.011180339887498969 0.020615528128088315
decision_type=2 2 2
left_child=-1 -2 -3
right_child=1 2 -4
leaf_value=0.00048695045468853193 -0.00099267695396833256 0.00056016515568339093 -0.00011424180602767117
leaf_weight=183 178 418 1410
leaf_count=183 178 418 1410
internal_value=-6.75273e-06 -5.28902e-05 4.10789e-05
internal_weight=2189 2006 1828
internal_count=2189 2006 1828
is_linear=0
shrinkage=0.02


Tree=741
num_leaves=4
num_cat=0
split_feature=1 1 3
split_gain=0.124751 0.321889 0.304171
threshold=-1.7211808224759986 -1.4173762108646724 -0.65184896033616979
decision_type=2 2 2
left_child=-1 -2 -3
right_child=1 2 -4
leaf_value=0.00053477907093548317 -0.0008661720458291132 0.00046333477967506228 -0.00012076368990795717
leaf_weight=153 171 474 1391
leaf_count=153 171 474 1391
internal_value=-6.65448e-06 -4.85522e-05 2.85301e-05
internal_weight=2189 2036 1865
internal_count=2189 2036 1865
is_linear=0
shrinkage=0.02


Tree=742
num_leaves=5
num_cat=0
split_feature=1 1 6 7
split_gain=0.124102 0.347907 0.517084 0.466798
threshold=1.6961643565743085 1.0448177854782881 6.6728047069333796 0.80323818428152671
decision_type=2 2 2 2
left_child=1 3 -3 -1
right_child=-2 2 -4 -5
leaf_value=-7.1682964371967247e-05 0.00046230105183473445 -0.0013801106545741166 0.00012269623870156821 0.00087339900668740754
leaf_weight=1388 200 174 186 241
leaf_count=1388 200 174 186 241
internal_value=-6.30416e-06 -5.44649e-05 -0.000612616 7.03805e-05
internal_weight=2189 1989 360 1629
internal_count=2189 1989 360 1629
is_linear=0
shrinkage=0.02


Tree=743
num_leaves=5
num_cat=0
split_feature=3 3 2 3
split_gain=0.122674 0.28491 0.688631 0.445581
threshold=1.4211458514382584 0.65094455490411829 0.05759585850417457 0.22941573387055716
decision_type=2 2 2 2
left_child=1 3 -3 -1
right_child=-2 2 -4 -5
leaf_value=-5.2179816073425039e-05 0.00039321651403507627 -0.00099176375340903188 0.00048675322418566795 0.00099206521887844671
leaf_weight=1206 265 339 195 184
leaf_count=1206 265 339 195 184
internal_value=-6.07888e-06 -6.19521e-05 -0.000452349 8.91115e-05
internal_weight=2189 1924 534 1390
internal_count=2189 1924 534 1390
is_linear=0
shrinkage=0.02


Tree=744
num_leaves=5
num_cat=0
split_feature=0 9 4 9
split_gain=0.123969 0.203449 0.901507 0.628506
threshold=0.73000000000000009 -0.58082508174783887 0.043011626335213167 -0.31765053189638592
decision_type=2 2 2 2
left_child=1 2 -1 -3
right_child=-2 3 -4 -5
leaf_value=-0.00013031750514228964 -0.00045553610398859734 -0.0012912524559377148 0.0014650716546563631 5.9221504559919779e-05
leaf_weight=502 216 152 192 1127
leaf_count=502 216 152 192 1127
internal_value=-6.29591e-06 4.39132e-05 0.000318381 -0.000105676
internal_weight=2189 1973 694 1279
internal_count=2189 1973 694 1279
is_linear=0
shrinkage=0.02


Tree=745
num_leaves=7
num_cat=0
split_feature=4 11 6 11 7 8
split_gain=0.124877 0.433184 0.405875 0.358849 0.44905 0.405515
threshold=0.022360679774997932 0.88524145855887515 6.9488252026742376 -0.047505974168386061 0.64893677003572325 0.54345814358213973
decision_type=2 2 2 2 2 2
left_child=1 2 -1 5 -5 -2
right_child=3 -3 -4 4 -6 -7
leaf_value=7.9058634190180569e-05 0.00033515054378361302 -0.00074932532864937021 0.0011247190063985442 0.00049193803045000095 -0.00069243113120897996 -0.00076445969560602579
leaf_weight=493 183 158 208 507 166 474
leaf_count=493 183 158 208 507 166 474
internal_value=-5.88196e-06 0.000181477 0.000395094 -0.000127117 0.000196853 -0.000457958
internal_weight=2189 859 701 1330 673 657
internal_count=2189 859 701 1330 673 657
is_linear=0
shrinkage=0.02


Tree=746
num_leaves=6
num_cat=0
split_feature=9 7 1 1 6
split_gain=0.123914 0.558629 0.476924 1.02645 0.313365
threshold=0.68957964053149101 0.45176576994162831 -0.85681185164145901 0.17844576144109639 6.583975990163613
decision_type=2 2 2 2 2
left_child=1 4 -2 -4 -1
right_child=2 -3 3 -5 -6
leaf_value=0.00039182625522291101 -0.00058076044438140737 -0.0012365571064222012 0.001853181560226699 -9.6308912242544281e-05 -0.00022581758038243806
leaf_weight=546 205 152 158 319 809
leaf_count=546 205 152 158 319 809
internal_value=-5.99539e-06 -0.000107182 0.000216746 0.00056196 2.35888e-05
internal_weight=2189 1507 682 477 1355
internal_count=2189 1507 682 477 1355
is_linear=0
shrinkage=0.02


Tree=747
num_leaves=6
num_cat=0
split_feature=3 6 5 11 0
split_gain=0.123488 0.495185 0.590024 0.437359 0.587628
threshold=-0.65184896033616979 7.0432341202032038 -0.040000000000000001 0.94334592595852951 0.53000000000000014
decision_type=2 2 2 2 2
left_child=1 2 -1 4 -2
right_child=3 -3 -4 -5 -6
leaf_value=-0.00063191736881702311 -0.0007149271418865783 0.0009979640463223824 0.0006551400906792121 0.0008320937124902711 0.00015965765379270181
leaf_weight=348 573 216 234 165 653
leaf_count=348 573 216 234 165 653
internal_value=-5.76824e-06 0.000191858 -0.000113268 -0.000119425 -0.000250344
internal_weight=2189 798 582 1391 1226
internal_count=2189 798 582 1391 1226
is_linear=0
shrinkage=0.02


Tree=748
num_leaves=7
num_cat=0
split_feature=0 8 5 5 8 11
split_gain=0.126466 0.452552 1.02972 0.832903 0.331922 0.351405
threshold=0.63750000000000007 0.57551116111238565 -0.049999999999999996 0.0099999999999999829 0.57410842025289999 0.061411466896023205
decision_type=2 2 2 2 2 2
left_child=1 3 -3 -1 -2 -6
right_child=4 2 -4 -5 5 -7
leaf_value=0.00018140619162009818 0.0003700976511747175 -0.00035530551628977204 0.00090860007265419296 -0.0013198906126949523 -0.0013062503900367855 1.5894852025118079e-05
leaf_weight=428 192 467 565 220 163 154
leaf_count=428 192 467 565 220 163 154
internal_value=-5.57986e-06 7.82026e-05 0.000337703 -0.000334497 -0.000280182 -0.000673673
internal_weight=2189 1680 1032 648 509 317
internal_count=2189 1680 1032 648 509 317
is_linear=0
shrinkage=0.02


Tree=749
num_leaves=4
num_cat=0
split_feature=1 1 6
split_gain=0.124596 0.311012 0.30727
threshold=-1.7211808224759986 -1.4173762108646724 7.3270471244119868
decision_type=2 2 2
left_child=-1 -2 -3
right_child=1 2 -4
leaf_value=0.00053588520202054824 -0.00085077039965571286 0.00011280956147893622 -0.0007499146450926739
leaf_weight=153 171 1687 178
leaf_count=153 171 1687 178
internal_value=-5.20799e-06 -4.70829e-05 2.86842e-05
internal_weight=2189 2036 1865
internal_count=2189 2036 1865
is_linear=0
shrinkage=0.02


end of trees

feature_importances:
Column_0=849
Column_8=406
Column_1=400
Column_6=337
Column_3=266
Column_5=243
Column_11=242
Column_13=242
Column_4=207
Column_7=204
Column_12=174
Column_9=80
Column_2=73

parameters:
[boosting: gbdt]
[objective: huber]
[metric: huber]
[tree_learner: serial]
[device_type: cpu]
[data_sample_strategy: bagging]
[data: ]
[valid: ]
[num_iterations: 750]
[learning_rate: 0.02]
[num_leaves: 7]
[num_threads: 4]
[seed: 0]
[deterministic: 0]
[force_col_wise: 0]
[force_row_wise: 0]
[histogram_pool_size: -1]
[max_depth: 3]
[min_data_in_leaf: 150]
[min_sum_hessian_in_leaf: 0.001]
[bagging_fraction: 0.9]
[pos_bagging_fraction: 1]
[neg_bagging_fraction: 1]
[bagging_freq: 0]
[bagging_seed: 7719]
[bagging_by_query: 0]
[feature_fraction: 0.9]
[feature_fraction_bynode: 1]
[feature_fraction_seed: 2437]
[extra_trees: 0]
[extra_seed: 11797]
[early_stopping_round: 0]
[early_stopping_min_delta: 0]
[first_metric_only: 0]
[max_delta_step: 0]
[lambda_l1: 0]
[lambda_l2: 5]
[linear_lambda: 0]
[min_gain_to_split: 0]
[drop_rate: 0.1]
[max_drop: 50]
[skip_drop: 0.5]
[xgboost_dart_mode: 0]
[uniform_drop: 0]
[drop_seed: 21238]
[top_rate: 0.2]
[other_rate: 0.1]
[min_data_per_group: 100]
[max_cat_threshold: 32]
[cat_l2: 10]
[cat_smooth: 10]
[max_cat_to_onehot: 4]
[top_k: 20]
[monotone_constraints: ]
[monotone_constraints_method: basic]
[monotone_penalty: 0]
[feature_contri: ]
[forcedsplits_filename: ]
[refit_decay_rate: 0.9]
[cegb_tradeoff: 1]
[cegb_penalty_split: 0]
[cegb_penalty_feature_lazy: ]
[cegb_penalty_feature_coupled: ]
[path_smooth: 0]
[interaction_constraints: ]
[verbosity: -1]
[saved_feature_importance_type: 0]
[use_quantized_grad: 0]
[num_grad_quant_bins: 4]
[quant_train_renew_leaf: 0]
[stochastic_rounding: 1]
[linear_tree: 0]
[max_bin: 255]
[max_bin_by_feature: ]
[min_data_in_bin: 3]
[bin_construct_sample_cnt: 200000]
[data_random_seed: 38]
[is_enable_sparse: 1]
[enable_bundle: 1]
[use_missing: 1]
[zero_as_missing: 0]
[feature_pre_filter: 1]
[pre_partition: 0]
[two_round: 0]
[header: 0]
[label_column: ]
[weight_column: ]
[group_column: ]
[ignore_column: ]
[categorical_feature: ]
[forcedbins_filename: ]
[precise_float_parser: 0]
[parser_config_file: ]
[objective_seed: 8855]
[num_class: 1]
[is_unbalance: 0]
[scale_pos_weight: 1]
[sigmoid: 1]
[boost_from_average: 1]
[reg_sqrt: 0]
[alpha: 0.5]
[fair_c: 1]
[poisson_max_delta_step: 0.7]
[tweedie_variance_power: 1.5]
[lambdarank_truncation_level: 30]
[lambdarank_norm: 1]
[label_gain: ]
[lambdarank_position_bias_regularization: 0]
[eval_at: ]
[multi_error_top_k: 1]
[auc_mu_weights: ]
[num_machines: 1]
[local_listen_port: 12400]
[time_out: 120]
[machine_list_filename: ]
[machines: ]
[gpu_platform_id: -1]
[gpu_device_id: -1]
[gpu_use_dp: 0]
[num_gpu: 1]

end of parameters

pandas_categorical:null
