timestamp_utc,ticker,title,event_ticker,close_time,status,yes_bid,yes_ask,no_bid,no_ask,yes_mid,last_price,volume,open_interest,best_yes_bid_qty,best_no_bid_qty,yes_levels_json,no_levels_json
2026-05-16T12:15:12.252Z,KXBTC15M-26MAY160830-30,BTC price up in next 15 mins?,KXBTC15M-26MAY160830,2026-05-16T12:30:00Z,active,0.51,0.52,0.48,0.49,0.515,0.52,972.76,712.65,550.07,181.12,"[[""0.4200"",""151.00""],[""0.4300"",""327.00""],[""0.4400"",""126.00""],[""0.4500"",""151.00""],[""0.4600"",""126.00""],[""0.4700"",""125.00""],[""0.4800"",""553.00""],[""0.4900"",""1723.00""],[""0.5000"",""10.00""],[""0.5100"",""550.07""]]","[[""0.3900"",""284.56""],[""0.4000"",""324.00""],[""0.4100"",""244.00""],[""0.4200"",""301.00""],[""0.4300"",""244.00""],[""0.4400"",""128.00""],[""0.4500"",""1731.00""],[""0.4600"",""526.00""],[""0.4700"",""176.00""],[""0.4800"",""181.12""]]"
2026-05-16T12:15:14.248Z,KXBTC15M-26MAY160830-30,BTC price up in next 15 mins?,KXBTC15M-26MAY160830,2026-05-16T12:30:00Z,active,0.51,0.52,0.48,0.49,0.515,0.52,972.76,712.65,402.96,151.19,"[[""0.4200"",""151.00""],[""0.4300"",""327.00""],[""0.4400"",""126.00""],[""0.4500"",""151.00""],[""0.4600"",""126.00""],[""0.4700"",""125.00""],[""0.4800"",""555.00""],[""0.4900"",""185.00""],[""0.5000"",""1700.00""],[""0.5100"",""402.96""]]","[[""0.3900"",""284.56""],[""0.4000"",""324.00""],[""0.4100"",""244.00""],[""0.4200"",""301.00""],[""0.4300"",""244.00""],[""0.4400"",""126.00""],[""0.4500"",""1706.00""],[""0.4600"",""569.00""],[""0.4700"",""145.00""],[""0.4800"",""151.19""]]"
2026-05-16T12:15:16.248Z,KXBTC15M-26MAY160830-30,BTC price up in next 15 mins?,KXBTC15M-26MAY160830,2026-05-16T12:30:00Z,active,0.51,0.52,0.48,0.49,0.515,0.52,972.76,712.65,591.32,144.62,"[[""0.4200"",""151.00""],[""0.4300"",""327.00""],[""0.4400"",""126.00""],[""0.4500"",""151.00""],[""0.4600"",""126.00""],[""0.4700"",""125.00""],[""0.4800"",""155.00""],[""0.4900"",""544.00""],[""0.5000"",""2688.00""],[""0.5100"",""591.32""]]","[[""0.3800"",""259.63""],[""0.3900"",""284.56""],[""0.4000"",""324.00""],[""0.4100"",""394.00""],[""0.4200"",""551.00""],[""0.4300"",""244.00""],[""0.4400"",""126.00""],[""0.4500"",""1706.00""],[""0.4600"",""1205.37""],[""0.4700"",""144.62""]]"
2026-05-16T12:15:18.255Z,KXBTC15M-26MAY160830-30,BTC price up in next 15 mins?,KXBTC15M-26MAY160830,2026-05-16T12:30:00Z,active,0.51,0.52,0.48,0.49,0.515,0.52,972.76,712.65,402.63,35.67,"[[""0.4200"",""151.00""],[""0.4300"",""327.00""],[""0.4400"",""126.00""],[""0.4500"",""151.00""],[""0.4600"",""126.00""],[""0.4700"",""625.00""],[""0.4800"",""155.00""],[""0.4900"",""542.00""],[""0.5000"",""2705.00""],[""0.5100"",""402.63""]]","[[""0.3900"",""284.56""],[""0.4000"",""324.00""],[""0.4100"",""269.00""],[""0.4200"",""701.00""],[""0.4300"",""244.00""],[""0.4400"",""128.00""],[""0.4500"",""166.00""],[""0.4600"",""2675.37""],[""0.4700"",""125.00""],[""0.4800"",""35.67""]]"
2026-05-16T12:15:20.250Z,KXBTC15M-26MAY160830-30,BTC price up in next 15 mins?,KXBTC15M-26MAY160830,2026-05-16T12:30:00Z,active,0.51,0.52,0.48,0.49,0.515,0.52,972.76,712.65,395.72,93.77,"[[""0.4200"",""151.00""],[""0.4300"",""327.00""],[""0.4400"",""126.00""],[""0.4500"",""151.00""],[""0.4600"",""126.00""],[""0.4700"",""125.00""],[""0.4800"",""655.00""],[""0.4900"",""544.00""],[""0.5000"",""2709.00""],[""0.5100"",""395.72""]]","[[""0.3900"",""284.56""],[""0.4000"",""324.00""],[""0.4100"",""269.00""],[""0.4200"",""701.00""],[""0.4300"",""244.00""],[""0.4400"",""128.00""],[""0.4500"",""166.00""],[""0.4600"",""2665.37""],[""0.4700"",""160.00""],[""0.4800"",""93.77""]]"
2026-05-16T12:15:22.260Z,KXBTC15M-26MAY160830-30,BTC price up in next 15 mins?,KXBTC15M-26MAY160830,2026-05-16T12:30:00Z,active,0.51,0.52,0.48,0.49,0.515,0.52,972.76,712.65,383.72,162.79,"[[""0.4200"",""151.00""],[""0.4300"",""327.00""],[""0.4400"",""126.00""],[""0.4500"",""320.00""],[""0.4600"",""126.00""],[""0.4700"",""125.00""],[""0.4800"",""653.00""],[""0.4900"",""585.00""],[""0.5000"",""2840.00""],[""0.5100"",""383.72""]]","[[""0.3800"",""659.63""],[""0.3900"",""284.56""],[""0.4000"",""324.00""],[""0.4100"",""269.00""],[""0.4200"",""701.00""],[""0.4300"",""263.00""],[""0.4400"",""128.00""],[""0.4500"",""211.00""],[""0.4600"",""2665.37""],[""0.4700"",""162.79""]]"
2026-05-16T12:15:24.248Z,KXBTC15M-26MAY160830-30,BTC price up in next 15 mins?,KXBTC15M-26MAY160830,2026-05-16T12:30:00Z,active,0.51,0.52,0.48,0.49,0.515,0.52,972.76,712.65,129.19,376.79,"[[""0.4300"",""327.00""],[""0.4400"",""126.00""],[""0.4500"",""320.00""],[""0.4600"",""126.00""],[""0.4700"",""125.00""],[""0.4800"",""653.00""],[""0.4900"",""542.00""],[""0.5000"",""292.00""],[""0.5100"",""2935.72""],[""0.5200"",""129.19""]]","[[""0.3800"",""259.63""],[""0.3900"",""282.00""],[""0.4000"",""324.00""],[""0.4100"",""269.00""],[""0.4200"",""701.00""],[""0.4300"",""265.00""],[""0.4400"",""128.00""],[""0.4500"",""2749.37""],[""0.4600"",""152.00""],[""0.4700"",""376.79""]]"
2026-05-16T12:15:26.254Z,KXBTC15M-26MAY160830-30,BTC price up in next 15 mins?,KXBTC15M-26MAY160830,2026-05-16T12:30:00Z,active,0.51,0.52,0.48,0.49,0.515,0.52,972.76,712.65,1.0,402.06,"[[""0.4300"",""345.00""],[""0.4400"",""126.00""],[""0.4500"",""391.00""],[""0.4600"",""126.00""],[""0.4700"",""625.00""],[""0.4800"",""153.00""],[""0.4900"",""544.00""],[""0.5000"",""2832.00""],[""0.5100"",""436.42""],[""0.5200"",""1.00""]]","[[""0.3800"",""259.63""],[""0.3900"",""282.00""],[""0.4000"",""324.00""],[""0.4100"",""419.00""],[""0.4200"",""553.00""],[""0.4300"",""263.00""],[""0.4400"",""128.00""],[""0.4500"",""209.00""],[""0.4600"",""2665.37""],[""0.4700"",""402.06""]]"
2026-05-16T12:15:28.250Z,KXBTC15M-26MAY160830-30,BTC price up in next 15 mins?,KXBTC15M-26MAY160830,2026-05-16T12:30:00Z,active,0.51,0.52,0.48,0.49,0.515,0.52,972.76,712.65,151.0,149.43,"[[""0.4300"",""345.00""],[""0.4400"",""126.00""],[""0.4500"",""391.00""],[""0.4600"",""276.00""],[""0.4700"",""125.00""],[""0.4800"",""653.00""],[""0.4900"",""544.00""],[""0.5000"",""2832.00""],[""0.5100"",""455.72""],[""0.5200"",""151.00""]]","[[""0.3800"",""259.63""],[""0.3900"",""282.00""],[""0.4000"",""324.00""],[""0.4100"",""419.00""],[""0.4200"",""553.00""],[""0.4300"",""263.00""],[""0.4400"",""128.00""],[""0.4500"",""1209.37""],[""0.4600"",""1692.00""],[""0.4700"",""149.43""]]"
2026-05-16T12:15:30.250Z,KXBTC15M-26MAY160830-30,BTC price up in next 15 mins?,KXBTC15M-26MAY160830,2026-05-16T12:30:00Z,active,0.51,0.52,0.48,0.49,0.515,0.52,972.76,712.65,10.0,691.25,"[[""0.4400"",""526.00""],[""0.4500"",""391.00""],[""0.4600"",""141.00""],[""0.4700"",""275.00""],[""0.4800"",""151.00""],[""0.4900"",""127.00""],[""0.5000"",""790.00""],[""0.5100"",""404.72""],[""0.5200"",""3105.15""],[""0.5300"",""10.00""]]","[[""0.3600"",""590.77""],[""0.3700"",""269.00""],[""0.3800"",""257.00""],[""0.3900"",""282.00""],[""0.4000"",""484.00""],[""0.4100"",""669.00""],[""0.4200"",""155.00""],[""0.4300"",""246.00""],[""0.4400"",""2675.37""],[""0.4500"",""691.25""]]"
2026-05-16T12:15:32.253Z,KXBTC15M-26MAY160830-30,BTC price up in next 15 mins?,KXBTC15M-26MAY160830,2026-05-16T12:30:00Z,active,0.51,0.52,0.48,0.49,0.515,0.52,972.76,712.65,679.69,2566.4,"[[""0.4400"",""126.00""],[""0.4500"",""391.00""],[""0.4600"",""126.00""],[""0.4700"",""290.00""],[""0.4800"",""151.00""],[""0.4900"",""129.00""],[""0.5000"",""853.00""],[""0.5100"",""406.72""],[""0.5200"",""3123.15""],[""0.5300"",""679.69""]]","[[""0.3500"",""314.85""],[""0.3600"",""990.77""],[""0.3700"",""271.70""],[""0.3800"",""257.00""],[""0.3900"",""282.00""],[""0.4000"",""484.00""],[""0.4100"",""669.00""],[""0.4200"",""198.00""],[""0.4300"",""549.00""],[""0.4400"",""2566.40""]]"
2026-05-16T12:15:34.264Z,KXBTC15M-26MAY160830-30,BTC price up in next 15 mins?,KXBTC15M-26MAY160830,2026-05-16T12:30:00Z,active,0.51,0.52,0.48,0.49,0.515,0.52,972.76,712.65,671.49,350.0,"[[""0.4400"",""126.00""],[""0.4500"",""391.00""],[""0.4600"",""276.00""],[""0.4700"",""200.00""],[""0.4800"",""166.00""],[""0.4900"",""129.00""],[""0.5000"",""850.00""],[""0.5100"",""847.72""],[""0.5200"",""2709.15""],[""0.5300"",""671.49""]]","[[""0.3700"",""271.70""],[""0.3800"",""257.00""],[""0.3900"",""282.00""],[""0.4000"",""334.00""],[""0.4100"",""434.00""],[""0.4200"",""553.00""],[""0.4300"",""304.00""],[""0.4400"",""2533.95""],[""0.4500"",""130.00""],[""0.4600"",""350.00""]]"
2026-05-16T12:15:36.256Z,KXBTC15M-26MAY160830-30,BTC price up in next 15 mins?,KXBTC15M-26MAY160830,2026-05-16T12:30:00Z,active,0.51,0.52,0.48,0.49,0.515,0.52,972.76,712.65,440.46,575.0,"[[""0.4400"",""126.00""],[""0.4500"",""391.00""],[""0.4600"",""276.00""],[""0.4700"",""200.00""],[""0.4800"",""166.00""],[""0.4900"",""129.00""],[""0.5000"",""850.00""],[""0.5100"",""847.72""],[""0.5200"",""2709.15""],[""0.5300"",""440.46""]]","[[""0.3700"",""271.70""],[""0.3800"",""257.00""],[""0.3900"",""282.00""],[""0.4000"",""334.00""],[""0.4100"",""434.00""],[""0.4200"",""553.00""],[""0.4300"",""304.00""],[""0.4400"",""2519.95""],[""0.4500"",""12.00""],[""0.4600"",""575.00""]]"
2026-05-16T12:15:38.248Z,KXBTC15M-26MAY160830-30,BTC price up in next 15 mins?,KXBTC15M-26MAY160830,2026-05-16T12:30:00Z,active,0.51,0.52,0.48,0.49,0.515,0.52,972.76,712.65,2511.96,160.0,"[[""0.4300"",""745.00""],[""0.4400"",""126.00""],[""0.4500"",""541.00""],[""0.4600"",""126.00""],[""0.4700"",""125.00""],[""0.4800"",""168.00""],[""0.4900"",""129.00""],[""0.5000"",""860.00""],[""0.5100"",""853.72""],[""0.5200"",""2511.96""]]","[[""0.3800"",""259.63""],[""0.3900"",""282.00""],[""0.4000"",""334.00""],[""0.4100"",""359.00""],[""0.4200"",""703.00""],[""0.4300"",""251.00""],[""0.4400"",""2529.95""],[""0.4500"",""168.00""],[""0.4600"",""514.00""],[""0.4700"",""160.00""]]"
2026-05-16T12:15:40.255Z,KXBTC15M-26MAY160830-30,BTC price up in next 15 mins?,KXBTC15M-26MAY160830,2026-05-16T12:30:00Z,active,0.51,0.52,0.48,0.49,0.515,0.52,972.76,712.65,30.91,715.58,"[[""0.4400"",""126.00""],[""0.4500"",""541.00""],[""0.4600"",""201.00""],[""0.4700"",""125.00""],[""0.4800"",""168.00""],[""0.4900"",""129.00""],[""0.5000"",""2400.03""],[""0.5100"",""1845.87""],[""0.5200"",""115.70""],[""0.5300"",""30.91""]]","[[""0.3700"",""671.70""],[""0.3800"",""259.63""],[""0.3900"",""282.00""],[""0.4000"",""334.00""],[""0.4100"",""284.00""],[""0.4200"",""701.00""],[""0.4300"",""253.00""],[""0.4400"",""127.00""],[""0.4500"",""2718.95""],[""0.4600"",""715.58""]]"
2026-05-16T12:15:42.266Z,KXBTC15M-26MAY160830-30,BTC price up in next 15 mins?,KXBTC15M-26MAY160830,2026-05-16T12:30:00Z,active,0.52,0.54,0.46,0.48,0.53,0.53,9962.73,7990.84,163.45,753.94,"[[""0.4400"",""126.00""],[""0.4500"",""541.00""],[""0.4600"",""126.00""],[""0.4700"",""125.00""],[""0.4800"",""168.00""],[""0.4900"",""129.00""],[""0.5000"",""2400.03""],[""0.5100"",""1879.87""],[""0.5200"",""145.00""],[""0.5300"",""163.45""]]","[[""0.3700"",""671.70""],[""0.3800"",""259.63""],[""0.3900"",""282.00""],[""0.4000"",""334.00""],[""0.4100"",""284.00""],[""0.4200"",""701.00""],[""0.4300"",""253.00""],[""0.4400"",""127.00""],[""0.4500"",""2838.95""],[""0.4600"",""753.94""]]"
2026-05-16T12:15:44.255Z,KXBTC15M-26MAY160830-30,BTC price up in next 15 mins?,KXBTC15M-26MAY160830,2026-05-16T12:30:00Z,active,0.52,0.54,0.46,0.48,0.53,0.53,9962.73,7990.84,174.44,288.05,"[[""0.4400"",""201.00""],[""0.4500"",""391.00""],[""0.4600"",""276.00""],[""0.4700"",""125.00""],[""0.4800"",""168.00""],[""0.4900"",""127.00""],[""0.5000"",""786.00""],[""0.5100"",""2485.75""],[""0.5200"",""1163.15""],[""0.5300"",""174.44""]]","[[""0.3700"",""271.70""],[""0.3800"",""257.00""],[""0.3900"",""282.00""],[""0.4000"",""334.00""],[""0.4100"",""434.00""],[""0.4200"",""551.00""],[""0.4300"",""253.00""],[""0.4400"",""2665.95""],[""0.4500"",""673.00""],[""0.4600"",""288.05""]]"
2026-05-16T12:15:46.248Z,KXBTC15M-26MAY160830-30,BTC price up in next 15 mins?,KXBTC15M-26MAY160830,2026-05-16T12:30:00Z,active,0.52,0.54,0.46,0.48,0.53,0.53,9962.73,7990.84,1209.15,235.33,"[[""0.4300"",""345.00""],[""0.4400"",""126.00""],[""0.4500"",""541.00""],[""0.4600"",""126.00""],[""0.4700"",""125.00""],[""0.4800"",""168.00""],[""0.4900"",""129.00""],[""0.5000"",""760.00""],[""0.5100"",""2485.75""],[""0.5200"",""1209.15""]]","[[""0.3800"",""259.63""],[""0.3900"",""282.00""],[""0.4000"",""344.00""],[""0.4100"",""284.00""],[""0.4200"",""701.00""],[""0.4300"",""253.00""],[""0.4400"",""2665.95""],[""0.4500"",""687.60""],[""0.4600"",""119.05""],[""0.4700"",""235.33""]]"
2026-05-16T12:15:48.252Z,KXBTC15M-26MAY160830-30,BTC price up in next 15 mins?,KXBTC15M-26MAY160830,2026-05-16T12:30:00Z,active,0.52,0.54,0.46,0.48,0.53,0.53,9962.73,7990.84,126.92,123.19,"[[""0.4400"",""126.00""],[""0.4500"",""541.00""],[""0.4600"",""126.00""],[""0.4700"",""125.00""],[""0.4800"",""168.00""],[""0.4900"",""127.00""],[""0.5000"",""803.00""],[""0.5100"",""3442.90""],[""0.5200"",""166.00""],[""0.5300"",""126.92""]]","[[""0.3700"",""272.70""],[""0.3800"",""258.00""],[""0.3900"",""283.00""],[""0.4000"",""346.00""],[""0.4100"",""286.00""],[""0.4200"",""703.00""],[""0.4300"",""255.00""],[""0.4400"",""1665.58""],[""0.4500"",""1798.37""],[""0.4600"",""123.19""]]"
2026-05-16T12:15:50.250Z,KXBTC15M-26MAY160830-30,BTC price up in next 15 mins?,KXBTC15M-26MAY160830,2026-05-16T12:30:00Z,active,0.52,0.54,0.46,0.48,0.53,0.53,9962.73,7990.84,202.0,287.85,"[[""0.4300"",""745.00""],[""0.4400"",""201.00""],[""0.4500"",""541.00""],[""0.4600"",""126.00""],[""0.4700"",""125.00""],[""0.4800"",""168.00""],[""0.4900"",""129.00""],[""0.5000"",""1303.00""],[""0.5100"",""2950.90""],[""0.5200"",""202.00""]]","[[""0.3800"",""260.63""],[""0.3900"",""283.00""],[""0.4000"",""346.00""],[""0.4100"",""286.00""],[""0.4200"",""703.00""],[""0.4300"",""255.00""],[""0.4400"",""129.00""],[""0.4500"",""2741.95""],[""0.4600"",""670.94""],[""0.4700"",""287.85""]]"
2026-05-16T12:15:52.264Z,KXBTC15M-26MAY160830-30,BTC price up in next 15 mins?,KXBTC15M-26MAY160830,2026-05-16T12:30:00Z,active,0.52,0.54,0.46,0.48,0.53,0.53,9962.73,7990.84,385.09,75.0,"[[""0.4200"",""551.00""],[""0.4300"",""345.00""],[""0.4400"",""351.00""],[""0.4500"",""391.00""],[""0.4600"",""128.00""],[""0.4700"",""127.00""],[""0.4800"",""168.00""],[""0.4900"",""170.00""],[""0.5000"",""3800.18""],[""0.5100"",""385.09""]]","[[""0.3900"",""285.56""],[""0.4000"",""346.00""],[""0.4100"",""286.00""],[""0.4200"",""153.00""],[""0.4300"",""803.00""],[""0.4400"",""127.00""],[""0.4500"",""2669.95""],[""0.4600"",""706.00""],[""0.4700"",""169.68""],[""0.4800"",""75.00""]]"
2026-05-16T12:15:54.255Z,KXBTC15M-26MAY160830-30,BTC price up in next 15 mins?,KXBTC15M-26MAY160830,2026-05-16T12:30:00Z,active,0.52,0.54,0.46,0.48,0.53,0.53,9962.73,7990.84,165.95,1704.9,"[[""0.4200"",""151.00""],[""0.4300"",""345.00""],[""0.4400"",""276.00""],[""0.4500"",""891.00""],[""0.4600"",""2666.18""],[""0.4700"",""140.00""],[""0.4800"",""526.00""],[""0.4900"",""29.00""],[""0.5000"",""233.00""],[""0.5100"",""165.95""]]","[[""0.3900"",""285.56""],[""0.4000"",""346.00""],[""0.4100"",""271.00""],[""0.4200"",""168.00""],[""0.4300"",""403.00""],[""0.4400"",""127.00""],[""0.4500"",""527.00""],[""0.4600"",""125.00""],[""0.4700"",""2005.78""],[""0.4800"",""1704.90""]]"
2026-05-16T12:15:56.255Z,KXBTC15M-26MAY160830-30,BTC price up in next 15 mins?,KXBTC15M-26MAY160830,2026-05-16T12:30:00Z,active,0.52,0.54,0.46,0.48,0.53,0.53,9962.73,7990.84,28.67,3218.9,"[[""0.4200"",""151.00""],[""0.4300"",""347.00""],[""0.4400"",""128.00""],[""0.4500"",""393.00""],[""0.4600"",""626.00""],[""0.4700"",""1665.03""],[""0.4800"",""1543.15""],[""0.4900"",""173.00""],[""0.5000"",""243.00""],[""0.5100"",""28.67""]]","[[""0.3900"",""285.56""],[""0.4000"",""346.00""],[""0.4100"",""271.00""],[""0.4200"",""168.00""],[""0.4300"",""251.00""],[""0.4400"",""127.00""],[""0.4500"",""572.00""],[""0.4600"",""275.00""],[""0.4700"",""150.00""],[""0.4800"",""3218.90""]]"
2026-05-16T12:15:58.248Z,KXBTC15M-26MAY160830-30,BTC price up in next 15 mins?,KXBTC15M-26MAY160830,2026-05-16T12:30:00Z,active,0.52,0.54,0.46,0.48,0.53,0.53,9962.73,7990.84,183.53,1708.78,"[[""0.3600"",""789.00""],[""0.3700"",""764.00""],[""0.3800"",""257.00""],[""0.3900"",""282.00""],[""0.4000"",""1799.03""],[""0.4100"",""1901.15""],[""0.4200"",""126.00""],[""0.4300"",""620.00""],[""0.4400"",""3.00""],[""0.4500"",""183.53""]]","[[""0.4400"",""127.00""],[""0.4500"",""127.00""],[""0.4600"",""275.00""],[""0.4700"",""152.00""],[""0.4800"",""125.00""],[""0.4900"",""419.33""],[""0.5000"",""125.37""],[""0.5100"",""292.00""],[""0.5200"",""1625.37""],[""0.5300"",""1708.78""]]"
2026-05-16T12:16:00.253Z,KXBTC15M-26MAY160830-30,BTC price up in next 15 mins?,KXBTC15M-26MAY160830,2026-05-16T12:30:00Z,active,0.52,0.54,0.46,0.48,0.53,0.53,9962.73,7990.84,284.0,495.0,"[[""0.3100"",""796.00""],[""0.3200"",""527.00""],[""0.3300"",""151.00""],[""0.3400"",""125.00""],[""0.3500"",""556.00""],[""0.3600"",""789.00""],[""0.3700"",""307.00""],[""0.3800"",""1797.03""],[""0.3900"",""1688.15""],[""0.4000"",""284.00""]]","[[""0.5000"",""424.00""],[""0.5100"",""150.00""],[""0.5200"",""140.00""],[""0.5300"",""527.00""],[""0.5400"",""125.00""],[""0.5500"",""169.00""],[""0.5600"",""240.29""],[""0.5700"",""2496.07""],[""0.5800"",""30.00""],[""0.5900"",""495.00""]]"
2026-05-16T12:16:02.271Z,KXBTC15M-26MAY160830-30,BTC price up in next 15 mins?,KXBTC15M-26MAY160830,2026-05-16T12:30:00Z,active,0.52,0.54,0.46,0.48,0.53,0.53,9962.73,7990.84,1048.13,809.95,"[[""0.3100"",""646.00""],[""0.3200"",""350.00""],[""0.3300"",""153.00""],[""0.3400"",""125.00""],[""0.3500"",""553.00""],[""0.3600"",""789.00""],[""0.3700"",""264.00""],[""0.3800"",""315.00""],[""0.3900"",""2226.03""],[""0.4000"",""1048.13""]]","[[""0.5000"",""425.00""],[""0.5100"",""150.00""],[""0.5200"",""130.00""],[""0.5300"",""125.00""],[""0.5400"",""525.00""],[""0.5500"",""320.00""],[""0.5600"",""1090.58""],[""0.5700"",""1675.89""],[""0.5800"",""154.00""],[""0.5900"",""809.95""]]"
2026-05-16T12:16:04.255Z,KXBTC15M-26MAY160830-30,BTC price up in next 15 mins?,KXBTC15M-26MAY160830,2026-05-16T12:30:00Z,active,0.52,0.54,0.46,0.48,0.53,0.53,9962.73,7990.84,426.68,415.0,"[[""0.3100"",""127.00""],[""0.3200"",""359.00""],[""0.3300"",""153.00""],[""0.3400"",""125.00""],[""0.3500"",""1053.00""],[""0.3600"",""289.00""],[""0.3700"",""264.00""],[""0.3800"",""723.00""],[""0.3900"",""1811.03""],[""0.4000"",""426.68""]]","[[""0.5000"",""425.00""],[""0.5100"",""150.00""],[""0.5200"",""125.00""],[""0.5300"",""125.00""],[""0.5400"",""525.00""],[""0.5500"",""320.00""],[""0.5600"",""1090.58""],[""0.5700"",""1675.89""],[""0.5800"",""173.27""],[""0.5900"",""415.00""]]"
2026-05-16T12:16:06.258Z,KXBTC15M-26MAY160830-30,BTC price up in next 15 mins?,KXBTC15M-26MAY160830,2026-05-16T12:30:00Z,active,0.52,0.54,0.46,0.48,0.53,0.53,9962.73,7990.84,2103.06,303.78,"[[""0.3100"",""125.00""],[""0.3200"",""125.00""],[""0.3300"",""151.00""],[""0.3400"",""127.00""],[""0.3500"",""703.00""],[""0.3600"",""789.00""],[""0.3700"",""283.00""],[""0.3800"",""1282.25""],[""0.3900"",""300.00""],[""0.4000"",""2103.06""]]","[[""0.5000"",""126.00""],[""0.5100"",""169.00""],[""0.5200"",""675.00""],[""0.5300"",""200.00""],[""0.5400"",""125.00""],[""0.5500"",""151.00""],[""0.5600"",""1685.89""],[""0.5700"",""1127.29""],[""0.5800"",""28.00""],[""0.5900"",""303.78""]]"
2026-05-16T12:16:08.258Z,KXBTC15M-26MAY160830-30,BTC price up in next 15 mins?,KXBTC15M-26MAY160830,2026-05-16T12:30:00Z,active,0.52,0.54,0.46,0.48,0.53,0.53,9962.73,7990.84,612.11,222.71,"[[""0.3100"",""125.00""],[""0.3200"",""125.00""],[""0.3300"",""151.00""],[""0.3400"",""277.00""],[""0.3500"",""553.00""],[""0.3600"",""789.00""],[""0.3700"",""283.00""],[""0.3800"",""2807.75""],[""0.3900"",""273.00""],[""0.4000"",""612.11""]]","[[""0.5000"",""141.00""],[""0.5100"",""169.00""],[""0.5200"",""130.00""],[""0.5300"",""750.00""],[""0.5400"",""125.00""],[""0.5500"",""151.00""],[""0.5600"",""125.00""],[""0.5700"",""2678.18""],[""0.5800"",""28.00""],[""0.5900"",""222.71""]]"
2026-05-16T12:16:10.257Z,KXBTC15M-26MAY160830-30,BTC price up in next 15 mins?,KXBTC15M-26MAY160830,2026-05-16T12:30:00Z,active,0.52,0.54,0.46,0.48,0.53,0.53,9962.73,7990.84,138.42,949.0,"[[""0.2900"",""1048.00""],[""0.3000"",""159.00""],[""0.3100"",""125.00""],[""0.3200"",""1670.50""],[""0.3300"",""1151.25""],[""0.3400"",""125.00""],[""0.3500"",""441.00""],[""0.3600"",""539.00""],[""0.3700"",""139.00""],[""0.3800"",""138.42""]]","[[""0.5200"",""125.00""],[""0.5300"",""125.00""],[""0.5400"",""275.00""],[""0.5500"",""151.00""],[""0.5600"",""125.00""],[""0.5700"",""525.00""],[""0.5800"",""150.00""],[""0.5900"",""165.00""],[""0.6000"",""2673.18""],[""0.6100"",""949.00""]]"
2026-05-16T12:16:12.249Z,KXBTC15M-26MAY160830-30,BTC price up in next 15 mins?,KXBTC15M-26MAY160830,2026-05-16T12:30:00Z,active,0.52,0.54,0.46,0.48,0.53,0.53,9962.73,7990.84,759.0,844.0,"[[""0.2700"",""159.00""],[""0.2800"",""626.00""],[""0.2900"",""276.00""],[""0.3000"",""159.00""],[""0.3100"",""125.00""],[""0.3200"",""1688.50""],[""0.3300"",""1170.25""],[""0.3400"",""171.00""],[""0.3500"",""438.00""],[""0.3600"",""759.00""]]","[[""0.5400"",""125.00""],[""0.5500"",""151.00""],[""0.5600"",""144.00""],[""0.5700"",""525.00""],[""0.5800"",""300.00""],[""0.5900"",""128.00""],[""0.6000"",""126.00""],[""0.6100"",""2670.18""],[""0.6200"",""157.00""],[""0.6300"",""844.00""]]"
2026-05-16T12:16:14.267Z,KXBTC15M-26MAY160830-30,BTC price up in next 15 mins?,KXBTC15M-26MAY160830,2026-05-16T12:30:00Z,active,0.36,0.38,0.62,0.64,0.37,0.37,20331.62,15070.00,1003.34,611.0,"[[""0.2600"",""178.00""],[""0.2700"",""278.00""],[""0.2800"",""128.00""],[""0.2900"",""776.00""],[""0.3000"",""159.00""],[""0.3100"",""125.00""],[""0.3200"",""1665.50""],[""0.3300"",""226.00""],[""0.3400"",""1268.25""],[""0.3500"",""1003.34""]]","[[""0.5500"",""151.00""],[""0.5600"",""144.00""],[""0.5700"",""525.00""],[""0.5800"",""300.00""],[""0.5900"",""128.00""],[""0.6000"",""126.00""],[""0.6100"",""127.00""],[""0.6200"",""1177.29""],[""0.6300"",""1734.37""],[""0.6400"",""611.00""]]"
2026-05-16T12:16:16.266Z,KXBTC15M-26MAY160830-30,BTC price up in next 15 mins?,KXBTC15M-26MAY160830,2026-05-16T12:30:00Z,active,0.36,0.38,0.62,0.64,0.37,0.37,20331.62,15070.00,1315.18,703.0,"[[""0.2600"",""178.00""],[""0.2700"",""273.00""],[""0.2800"",""126.00""],[""0.2900"",""276.00""],[""0.3000"",""659.00""],[""0.3100"",""125.00""],[""0.3200"",""125.00""],[""0.3300"",""1753.50""],[""0.3400"",""1154.25""],[""0.3500"",""1315.18""]]","[[""0.5500"",""151.00""],[""0.5600"",""144.00""],[""0.5700"",""525.00""],[""0.5800"",""300.00""],[""0.5900"",""128.00""],[""0.6000"",""126.00""],[""0.6100"",""127.00""],[""0.6200"",""1177.29""],[""0.6300"",""1677.89""],[""0.6400"",""703.00""]]"
2026-05-16T12:16:18.254Z,KXBTC15M-26MAY160830-30,BTC price up in next 15 mins?,KXBTC15M-26MAY160830,2026-05-16T12:30:00Z,active,0.36,0.38,0.62,0.64,0.37,0.37,20331.62,15070.00,478.39,3363.43,"[[""0.2600"",""180.00""],[""0.2700"",""777.00""],[""0.2800"",""276.00""],[""0.2900"",""201.00""],[""0.3000"",""159.00""],[""0.3100"",""149.00""],[""0.3200"",""2665.75""],[""0.3300"",""183.00""],[""0.3400"",""385.34""],[""0.3500"",""478.39""]]","[[""0.5500"",""151.00""],[""0.5600"",""144.00""],[""0.5700"",""125.00""],[""0.5800"",""150.00""],[""0.5900"",""678.00""],[""0.6000"",""126.00""],[""0.6100"",""125.00""],[""0.6200"",""179.00""],[""0.6300"",""127.00""],[""0.6400"",""3363.43""]]"
2026-05-16T12:16:20.261Z,KXBTC15M-26MAY160830-30,BTC price up in next 15 mins?,KXBTC15M-26MAY160830,2026-05-16T12:30:00Z,active,0.36,0.38,0.62,0.64,0.37,0.37,20331.62,15070.00,24.0,766.11,"[[""0.2100"",""603.00""],[""0.2200"",""357.00""],[""0.2300"",""426.00""],[""0.2400"",""1550.00""],[""0.2500"",""178.00""],[""0.2600"",""128.00""],[""0.2700"",""1821.50""],[""0.2800"",""1126.25""],[""0.2900"",""526.00""],[""0.3000"",""24.00""]]","[[""0.6000"",""127.66""],[""0.6100"",""126.63""],[""0.6200"",""151.61""],[""0.6300"",""126.58""],[""0.6400"",""676.56""],[""0.6500"",""127.53""],[""0.6600"",""170.51""],[""0.6700"",""125.00""],[""0.6800"",""2668.18""],[""0.6900"",""766.11""]]"
2026-05-16T12:16:22.261Z,KXBTC15M-26MAY160830-30,BTC price up in next 15 mins?,KXBTC15M-26MAY160830,2026-05-16T12:30:00Z,active,0.36,0.38,0.62,0.64,0.37,0.37,20331.62,15070.00,538.0,417.63,"[[""0.2000"",""389.00""],[""0.2100"",""181.00""],[""0.2200"",""357.00""],[""0.2300"",""1001.00""],[""0.2400"",""977.00""],[""0.2500"",""157.00""],[""0.2600"",""128.00""],[""0.2700"",""1854.50""],[""0.2800"",""1136.25""],[""0.2900"",""538.00""]]","[[""0.6100"",""126.63""],[""0.6200"",""151.61""],[""0.6300"",""526.58""],[""0.6400"",""276.56""],[""0.6500"",""126.53""],[""0.6600"",""170.51""],[""0.6700"",""126.49""],[""0.6800"",""2666.18""],[""0.6900"",""165.00""],[""0.7000"",""417.63""]]"
2026-05-16T12:16:24.258Z,KXBTC15M-26MAY160830-30,BTC price up in next 15 mins?,KXBTC15M-26MAY160830,2026-05-16T12:30:00Z,active,0.36,0.38,0.62,0.64,0.37,0.37,20331.62,15070.00,483.9,714.02,"[[""0.2000"",""386.00""],[""0.2100"",""181.00""],[""0.2200"",""353.00""],[""0.2300"",""431.00""],[""0.2400"",""1477.00""],[""0.2500"",""157.00""],[""0.2600"",""1128.25""],[""0.2700"",""1854.50""],[""0.2800"",""126.00""],[""0.2900"",""483.90""]]","[[""0.6100"",""126.63""],[""0.6200"",""151.61""],[""0.6300"",""526.58""],[""0.6400"",""276.56""],[""0.6500"",""126.53""],[""0.6600"",""170.51""],[""0.6700"",""153.49""],[""0.6800"",""85.25""],[""0.6900"",""2683.18""],[""0.7000"",""714.02""]]"
2026-05-16T12:16:26.260Z,KXBTC15M-26MAY160830-30,BTC price up in next 15 mins?,KXBTC15M-26MAY160830,2026-05-16T12:30:00Z,active,0.36,0.38,0.62,0.64,0.37,0.37,20331.62,15070.00,25.0,677.0,"[[""0.1900"",""164.00""],[""0.2000"",""384.00""],[""0.2100"",""181.00""],[""0.2200"",""1078.00""],[""0.2300"",""281.00""],[""0.2400"",""977.00""],[""0.2500"",""157.00""],[""0.2600"",""571.00""],[""0.2700"",""2782.92""],[""0.2800"",""25.00""]]","[[""0.6200"",""151.61""],[""0.6300"",""201.58""],[""0.6400"",""126.56""],[""0.6500"",""276.53""],[""0.6600"",""170.51""],[""0.6700"",""128.49""],[""0.6800"",""86.72""],[""0.6900"",""3098.18""],[""0.7000"",""217.00""],[""0.7100"",""677.00""]]"
2026-05-16T12:16:28.254Z,KXBTC15M-26MAY160830-30,BTC price up in next 15 mins?,KXBTC15M-26MAY160830,2026-05-16T12:30:00Z,active,0.36,0.38,0.62,0.64,0.37,0.37,20331.62,15070.00,103.0,745.09,"[[""0.1700"",""186.00""],[""0.1800"",""211.00""],[""0.1900"",""662.00""],[""0.2000"",""436.00""],[""0.2100"",""181.00""],[""0.2200"",""812.00""],[""0.2300"",""2781.75""],[""0.2400"",""950.00""],[""0.2500"",""13.00""],[""0.2600"",""103.00""]]","[[""0.6400"",""127.56""],[""0.6500"",""276.53""],[""0.6600"",""151.51""],[""0.6700"",""126.49""],[""0.6800"",""86.72""],[""0.6900"",""156.44""],[""0.7000"",""125.00""],[""0.7100"",""115.35""],[""0.7200"",""3147.18""],[""0.7300"",""745.09""]]"
2026-05-16T12:16:30.268Z,KXBTC15M-26MAY160830-30,BTC price up in next 15 mins?,KXBTC15M-26MAY160830,2026-05-16T12:30:00Z,active,0.36,0.38,0.62,0.64,0.37,0.37,20331.62,15070.00,154.56,75.0,"[[""0.2500"",""237.00""],[""0.2600"",""227.00""],[""0.2700"",""125.00""],[""0.2800"",""130.00""],[""0.2900"",""300.00""],[""0.3000"",""525.00""],[""0.3100"",""105.00""],[""0.3200"",""618.00""],[""0.3300"",""2665.75""],[""0.3400"",""154.56""]]","[[""0.5600"",""125.00""],[""0.5700"",""125.00""],[""0.5800"",""305.00""],[""0.5900"",""131.69""],[""0.6000"",""132.66""],[""0.6100"",""126.63""],[""0.6200"",""1692.50""],[""0.6300"",""1385.29""],[""0.6400"",""1100.83""],[""0.6500"",""75.00""]]"
2026-05-16T12:16:32.265Z,KXBTC15M-26MAY160830-30,BTC price up in next 15 mins?,KXBTC15M-26MAY160830,2026-05-16T12:30:00Z,active,0.36,0.38,0.62,0.64,0.37,0.37,20331.62,15070.00,147.32,73.34,"[[""0.2500"",""237.00""],[""0.2600"",""227.00""],[""0.2700"",""125.00""],[""0.2800"",""130.00""],[""0.2900"",""300.00""],[""0.3000"",""525.00""],[""0.3100"",""105.00""],[""0.3200"",""623.00""],[""0.3300"",""2697.75""],[""0.3400"",""147.32""]]","[[""0.5600"",""125.00""],[""0.5700"",""125.00""],[""0.5800"",""300.00""],[""0.5900"",""128.00""],[""0.6000"",""138.00""],[""0.6100"",""125.00""],[""0.6200"",""1690.89""],[""0.6300"",""1135.29""],[""0.6400"",""1110.83""],[""0.6500"",""73.34""]]"
2026-05-16T12:16:34.264Z,KXBTC15M-26MAY160830-30,BTC price up in next 15 mins?,KXBTC15M-26MAY160830,2026-05-16T12:30:00Z,active,0.36,0.38,0.62,0.64,0.37,0.37,20331.62,15070.00,1540.5,75.0,"[[""0.2500"",""237.00""],[""0.2600"",""227.00""],[""0.2700"",""125.00""],[""0.2800"",""130.00""],[""0.2900"",""300.00""],[""0.3000"",""525.00""],[""0.3100"",""105.00""],[""0.3200"",""123.00""],[""0.3300"",""1759.50""],[""0.3400"",""1540.50""]]","[[""0.5600"",""126.78""],[""0.5700"",""126.75""],[""0.5800"",""316.72""],[""0.5900"",""131.69""],[""0.6000"",""137.66""],[""0.6100"",""126.63""],[""0.6200"",""1692.50""],[""0.6300"",""1877.87""],[""0.6400"",""660.00""],[""0.6500"",""75.00""]]"
2026-05-16T12:16:36.250Z,KXBTC15M-26MAY160830-30,BTC price up in next 15 mins?,KXBTC15M-26MAY160830,2026-05-16T12:30:00Z,active,0.36,0.38,0.62,0.64,0.37,0.37,20331.62,15070.00,25.0,249.59,"[[""0.2500"",""257.00""],[""0.2600"",""227.00""],[""0.2700"",""164.00""],[""0.2800"",""130.00""],[""0.2900"",""300.00""],[""0.3000"",""525.00""],[""0.3100"",""105.00""],[""0.3200"",""3120.52""],[""0.3300"",""210.00""],[""0.3400"",""25.00""]]","[[""0.5600"",""125.00""],[""0.5700"",""125.00""],[""0.5800"",""334.00""],[""0.5900"",""130.00""],[""0.6000"",""136.00""],[""0.6100"",""125.00""],[""0.6200"",""150.00""],[""0.6300"",""2666.18""],[""0.6400"",""1113.00""],[""0.6500"",""249.59""]]"
2026-05-16T12:16:38.256Z,KXBTC15M-26MAY160830-30,BTC price up in next 15 mins?,KXBTC15M-26MAY160830,2026-05-16T12:30:00Z,active,0.36,0.38,0.62,0.64,0.37,0.37,20331.62,15070.00,175.58,622.57,"[[""0.2400"",""849.00""],[""0.2500"",""232.00""],[""0.2600"",""227.00""],[""0.2700"",""164.00""],[""0.2800"",""280.00""],[""0.2900"",""150.00""],[""0.3000"",""525.00""],[""0.3100"",""107.00""],[""0.3200"",""3120.52""],[""0.3300"",""175.58""]]","[[""0.5600"",""126.78""],[""0.5700"",""126.75""],[""0.5800"",""170.72""],[""0.5900"",""294.69""],[""0.6000"",""137.66""],[""0.6100"",""126.63""],[""0.6200"",""151.61""],[""0.6300"",""1667.47""],[""0.6400"",""1705.29""],[""0.6500"",""622.57""]]"
2026-05-16T12:16:40.265Z,KXBTC15M-26MAY160830-30,BTC price up in next 15 mins?,KXBTC15M-26MAY160830,2026-05-16T12:30:00Z,active,0.36,0.38,0.62,0.64,0.37,0.37,20331.62,15070.00,230.83,275.47,"[[""0.2400"",""849.00""],[""0.2500"",""232.00""],[""0.2600"",""227.00""],[""0.2700"",""174.00""],[""0.2800"",""355.00""],[""0.2900"",""150.00""],[""0.3000"",""525.00""],[""0.3100"",""148.00""],[""0.3200"",""3122.52""],[""0.3300"",""230.83""]]","[[""0.5600"",""126.78""],[""0.5700"",""126.75""],[""0.5800"",""170.72""],[""0.5900"",""294.69""],[""0.6000"",""137.66""],[""0.6100"",""126.63""],[""0.6200"",""151.61""],[""0.6300"",""1669.47""],[""0.6400"",""2025.29""],[""0.6500"",""275.47""]]"
2026-05-16T12:16:42.266Z,KXBTC15M-26MAY160830-30,BTC price up in next 15 mins?,KXBTC15M-26MAY160830,2026-05-16T12:30:00Z,active,0.36,0.38,0.62,0.64,0.37,0.37,20331.62,15070.00,26.23,80.78,"[[""0.2400"",""849.00""],[""0.2500"",""184.00""],[""0.2600"",""227.00""],[""0.2700"",""224.00""],[""0.2800"",""130.00""],[""0.2900"",""300.00""],[""0.3000"",""525.00""],[""0.3100"",""105.00""],[""0.3200"",""3122.52""],[""0.3300"",""26.23""]]","[[""0.5700"",""125.00""],[""0.5800"",""319.00""],[""0.5900"",""218.00""],[""0.6000"",""136.00""],[""0.6100"",""125.00""],[""0.6200"",""152.00""],[""0.6300"",""1667.89""],[""0.6400"",""2025.29""],[""0.6500"",""255.59""],[""0.6600"",""80.78""]]"
2026-05-16T12:16:44.263Z,KXBTC15M-26MAY160830-30,BTC price up in next 15 mins?,KXBTC15M-26MAY160830,2026-05-16T12:30:00Z,active,0.33,0.34,0.66,0.67,0.335,0.34,29591.38,19863.42,214.58,9.0,"[[""0.2400"",""849.00""],[""0.2500"",""184.00""],[""0.2600"",""227.00""],[""0.2700"",""224.00""],[""0.2800"",""130.00""],[""0.2900"",""305.00""],[""0.3000"",""525.00""],[""0.3100"",""105.00""],[""0.3200"",""3102.43""],[""0.3300"",""214.58""]]","[[""0.5700"",""126.75""],[""0.5800"",""320.72""],[""0.5900"",""219.69""],[""0.6000"",""132.66""],[""0.6100"",""126.63""],[""0.6200"",""153.61""],[""0.6300"",""1674.47""],[""0.6400"",""2025.29""],[""0.6500"",""251.93""],[""0.6600"",""9.00""]]"
2026-05-16T12:16:46.267Z,KXBTC15M-26MAY160830-30,BTC price up in next 15 mins?,KXBTC15M-26MAY160830,2026-05-16T12:30:00Z,active,0.33,0.34,0.66,0.67,0.335,0.34,29591.38,19863.42,113.58,304.63,"[[""0.2400"",""849.00""],[""0.2500"",""184.00""],[""0.2600"",""227.00""],[""0.2700"",""224.00""],[""0.2800"",""130.00""],[""0.2900"",""305.00""],[""0.3000"",""525.00""],[""0.3100"",""148.00""],[""0.3200"",""3070.43""],[""0.3300"",""113.58""]]","[[""0.5600"",""126.78""],[""0.5700"",""126.75""],[""0.5800"",""335.72""],[""0.5900"",""129.69""],[""0.6000"",""132.66""],[""0.6100"",""126.63""],[""0.6200"",""153.61""],[""0.6300"",""1674.47""],[""0.6400"",""2239.29""],[""0.6500"",""304.63""]]"
2026-05-16T12:16:48.261Z,KXBTC15M-26MAY160830-30,BTC price up in next 15 mins?,KXBTC15M-26MAY160830,2026-05-16T12:30:00Z,active,0.33,0.34,0.66,0.67,0.335,0.34,29591.38,19863.42,1763.08,2.0,"[[""0.2400"",""849.00""],[""0.2500"",""184.00""],[""0.2600"",""227.00""],[""0.2700"",""224.00""],[""0.2800"",""130.00""],[""0.2900"",""305.00""],[""0.3000"",""725.00""],[""0.3100"",""148.00""],[""0.3200"",""1652.25""],[""0.3300"",""1763.08""]]","[[""0.5700"",""126.75""],[""0.5800"",""335.72""],[""0.5900"",""204.69""],[""0.6000"",""132.66""],[""0.6100"",""126.63""],[""0.6200"",""153.61""],[""0.6300"",""1674.47""],[""0.6400"",""2050.29""],[""0.6500"",""176.04""],[""0.6600"",""2.00""]]"
2026-05-16T12:16:50.244Z,KXBTC15M-26MAY160830-30,BTC price up in next 15 mins?,KXBTC15M-26MAY160830,2026-05-16T12:30:00Z,active,0.33,0.34,0.66,0.67,0.335,0.34,29591.38,19863.42,1632.3,133.0,"[[""0.2400"",""849.00""],[""0.2500"",""184.00""],[""0.2600"",""229.00""],[""0.2700"",""224.00""],[""0.2800"",""125.00""],[""0.2900"",""305.00""],[""0.3000"",""325.00""],[""0.3100"",""1048.00""],[""0.3200"",""1182.25""],[""0.3300"",""1632.30""]]","[[""0.5700"",""126.75""],[""0.5800"",""335.72""],[""0.5900"",""129.69""],[""0.6000"",""207.66""],[""0.6100"",""126.63""],[""0.6200"",""153.61""],[""0.6300"",""1674.47""],[""0.6400"",""1525.29""],[""0.6500"",""676.04""],[""0.6600"",""133.00""]]"
2026-05-16T12:16:52.252Z,KXBTC15M-26MAY160830-30,BTC price up in next 15 mins?,KXBTC15M-26MAY160830,2026-05-16T12:30:00Z,active,0.33,0.34,0.66,0.67,0.335,0.34,29591.38,19863.42,1524.58,88.0,"[[""0.2400"",""849.00""],[""0.2500"",""184.00""],[""0.2600"",""227.00""],[""0.2700"",""174.00""],[""0.2800"",""127.00""],[""0.2900"",""205.00""],[""0.3000"",""475.00""],[""0.3100"",""2005.25""],[""0.3200"",""1787.72""],[""0.3300"",""1524.58""]]","[[""0.5700"",""276.75""],[""0.5800"",""185.72""],[""0.5900"",""129.69""],[""0.6000"",""132.66""],[""0.6100"",""126.63""],[""0.6200"",""151.61""],[""0.6300"",""568.58""],[""0.6400"",""1667.89""],[""0.6500"",""1341.84""],[""0.6600"",""88.00""]]"
2026-05-16T12:16:54.260Z,KXBTC15M-26MAY160830-30,BTC price up in next 15 mins?,KXBTC15M-26MAY160830,2026-05-16T12:30:00Z,active,0.33,0.34,0.66,0.67,0.335,0.34,29591.38,19863.42,1394.18,1807.43,"[[""0.2400"",""849.00""],[""0.2500"",""182.00""],[""0.2600"",""227.00""],[""0.2700"",""174.00""],[""0.2800"",""125.00""],[""0.2900"",""207.00""],[""0.3000"",""518.00""],[""0.3100"",""2005.25""],[""0.3200"",""1862.72""],[""0.3300"",""1394.18""]]","[[""0.5600"",""126.78""],[""0.5700"",""276.75""],[""0.5800"",""170.72""],[""0.5900"",""144.69""],[""0.6000"",""132.66""],[""0.6100"",""126.63""],[""0.6200"",""151.61""],[""0.6300"",""568.58""],[""0.6400"",""1745.89""],[""0.6500"",""1807.43""]]"
2026-05-16T12:16:56.258Z,KXBTC15M-26MAY160830-30,BTC price up in next 15 mins?,KXBTC15M-26MAY160830,2026-05-16T12:30:00Z,active,0.33,0.34,0.66,0.67,0.335,0.34,29591.38,19863.42,1142.4,98.0,"[[""0.2400"",""849.00""],[""0.2500"",""184.00""],[""0.2600"",""227.00""],[""0.2700"",""174.00""],[""0.2800"",""127.00""],[""0.2900"",""355.00""],[""0.3000"",""325.00""],[""0.3100"",""1048.00""],[""0.3200"",""2830.97""],[""0.3300"",""1142.40""]]","[[""0.5700"",""125.00""],[""0.5800"",""319.00""],[""0.5900"",""143.00""],[""0.6000"",""206.00""],[""0.6100"",""125.00""],[""0.6200"",""150.00""],[""0.6300"",""567.00""],[""0.6400"",""2668.73""],[""0.6500"",""781.59""],[""0.6600"",""98.00""]]"
2026-05-16T12:16:58.268Z,KXBTC15M-26MAY160830-30,BTC price up in next 15 mins?,KXBTC15M-26MAY160830,2026-05-16T12:30:00Z,active,0.33,0.34,0.66,0.67,0.335,0.34,29591.38,19863.42,1092.57,75.0,"[[""0.2400"",""849.00""],[""0.2500"",""182.00""],[""0.2600"",""227.00""],[""0.2700"",""249.00""],[""0.2800"",""277.00""],[""0.2900"",""205.00""],[""0.3000"",""725.00""],[""0.3100"",""648.00""],[""0.3200"",""2860.97""],[""0.3300"",""1092.57""]]","[[""0.5700"",""125.00""],[""0.5800"",""170.72""],[""0.5900"",""294.69""],[""0.6000"",""132.66""],[""0.6100"",""126.63""],[""0.6200"",""151.61""],[""0.6300"",""168.58""],[""0.6400"",""3358.73""],[""0.6500"",""237.13""],[""0.6600"",""75.00""]]"
2026-05-16T12:17:00.278Z,KXBTC15M-26MAY160830-30,BTC price up in next 15 mins?,KXBTC15M-26MAY160830,2026-05-16T12:30:00Z,active,0.33,0.34,0.66,0.67,0.335,0.34,29591.38,19863.42,200.0,3730.52,"[[""0.1900"",""562.00""],[""0.2000"",""329.18""],[""0.2100"",""227.00""],[""0.2200"",""482.00""],[""0.2300"",""525.00""],[""0.2400"",""1325.00""],[""0.2500"",""209.00""],[""0.2600"",""1767.72""],[""0.2700"",""1165.25""],[""0.3000"",""200.00""]]","[[""0.6000"",""131.00""],[""0.6100"",""125.00""],[""0.6200"",""150.00""],[""0.6300"",""125.00""],[""0.6400"",""125.00""],[""0.6500"",""1275.84""],[""0.6600"",""152.51""],[""0.6700"",""125.00""],[""0.6800"",""247.00""],[""0.6900"",""3730.52""]]"
2026-05-16T12:17:02.266Z,KXBTC15M-26MAY160830-30,BTC price up in next 15 mins?,KXBTC15M-26MAY160830,2026-05-16T12:30:00Z,active,0.33,0.34,0.66,0.67,0.335,0.34,29591.38,19863.42,105.0,2724.3,"[[""0.1800"",""155.00""],[""0.1900"",""162.00""],[""0.2000"",""335.18""],[""0.2100"",""552.00""],[""0.2200"",""775.00""],[""0.2300"",""144.00""],[""0.2400"",""2196.72""],[""0.2500"",""192.00""],[""0.2600"",""1127.25""],[""0.2700"",""105.00""]]","[[""0.6300"",""126.58""],[""0.6400"",""126.56""],[""0.6500"",""1296.37""],[""0.6600"",""228.51""],[""0.6700"",""126.49""],[""0.6800"",""126.47""],[""0.6900"",""110.07""],[""0.7000"",""1125.00""],[""0.7100"",""168.00""],[""0.7200"",""2724.30""]]"
2026-05-16T12:17:04.270Z,KXBTC15M-26MAY160830-30,BTC price up in next 15 mins?,KXBTC15M-26MAY160830,2026-05-16T12:30:00Z,active,0.33,0.34,0.66,0.67,0.335,0.34,29591.38,19863.42,2.0,2318.89,"[[""0.1700"",""241.00""],[""0.1800"",""155.00""],[""0.1900"",""664.00""],[""0.2000"",""408.18""],[""0.2100"",""702.00""],[""0.2200"",""1708.72""],[""0.2300"",""1144.25""],[""0.2400"",""625.00""],[""0.2500"",""63.00""],[""0.2600"",""2.00""]]","[[""0.6400"",""126.56""],[""0.6500"",""1146.37""],[""0.6600"",""303.51""],[""0.6700"",""126.49""],[""0.6800"",""126.47""],[""0.6900"",""110.07""],[""0.7000"",""126.00""],[""0.7100"",""125.00""],[""0.7200"",""1530.00""],[""0.7300"",""2318.89""]]"
2026-05-16T12:17:06.255Z,KXBTC15M-26MAY160830-30,BTC price up in next 15 mins?,KXBTC15M-26MAY160830,2026-05-16T12:30:00Z,active,0.33,0.34,0.66,0.67,0.335,0.34,29591.38,19863.42,1194.39,63.0,"[[""0.1700"",""190.00""],[""0.1800"",""155.00""],[""0.1900"",""162.00""],[""0.2000"",""533.18""],[""0.2100"",""552.00""],[""0.2200"",""625.00""],[""0.2300"",""189.00""],[""0.2400"",""625.00""],[""0.2500"",""1736.72""],[""0.2600"",""1194.39""]]","[[""0.6400"",""126.56""],[""0.6500"",""1146.37""],[""0.6600"",""153.51""],[""0.6700"",""351.49""],[""0.6800"",""126.47""],[""0.6900"",""132.07""],[""0.7000"",""1127.42""],[""0.7100"",""1675.79""],[""0.7200"",""632.00""],[""0.7300"",""63.00""]]"
2026-05-16T12:17:08.266Z,KXBTC15M-26MAY160830-30,BTC price up in next 15 mins?,KXBTC15M-26MAY160830,2026-05-16T12:30:00Z,active,0.33,0.34,0.66,0.67,0.335,0.34,29591.38,19863.42,213.14,314.8,"[[""0.1700"",""190.00""],[""0.1800"",""155.00""],[""0.1900"",""162.00""],[""0.2000"",""538.18""],[""0.2100"",""1052.00""],[""0.2200"",""127.00""],[""0.2300"",""187.00""],[""0.2400"",""1625.39""],[""0.2500"",""1756.72""],[""0.2600"",""213.14""]]","[[""0.6400"",""136.56""],[""0.6500"",""1147.37""],[""0.6600"",""153.51""],[""0.6700"",""352.49""],[""0.6800"",""126.47""],[""0.6900"",""132.07""],[""0.7000"",""1127.42""],[""0.7100"",""1665.79""],[""0.7200"",""613.00""],[""0.7300"",""314.80""]]"
2026-05-16T12:17:10.267Z,KXBTC15M-26MAY160830-30,BTC price up in next 15 mins?,KXBTC15M-26MAY160830,2026-05-16T12:30:00Z,active,0.33,0.34,0.66,0.67,0.335,0.34,29591.38,19863.42,145.7,101.0,"[[""0.1400"",""144.00""],[""0.1500"",""653.00""],[""0.1600"",""280.00""],[""0.1700"",""270.00""],[""0.1800"",""132.00""],[""0.1900"",""587.00""],[""0.2000"",""125.00""],[""0.2100"",""124.00""],[""0.2200"",""3200.11""],[""0.2300"",""145.70""]]","[[""0.6700"",""127.49""],[""0.6800"",""526.47""],[""0.6900"",""110.07""],[""0.7000"",""127.42""],[""0.7100"",""275.00""],[""0.7200"",""525.00""],[""0.7300"",""150.00""],[""0.7400"",""3165.79""],[""0.7500"",""142.00""],[""0.7600"",""101.00""]]"
2026-05-16T12:17:12.264Z,KXBTC15M-26MAY160830-30,BTC price up in next 15 mins?,KXBTC15M-26MAY160830,2026-05-16T12:30:00Z,active,0.33,0.34,0.66,0.67,0.335,0.34,29591.38,19863.42,1210.39,155.98,"[[""0.1300"",""170.00""],[""0.1400"",""472.00""],[""0.1500"",""651.00""],[""0.1600"",""158.00""],[""0.1700"",""186.00""],[""0.1800"",""163.00""],[""0.1900"",""737.00""],[""0.2000"",""228.00""],[""0.2100"",""2244.65""],[""0.2200"",""1210.39""]]","[[""0.6700"",""127.49""],[""0.6800"",""276.47""],[""0.6900"",""110.07""],[""0.7000"",""127.42""],[""0.7100"",""126.40""],[""0.7200"",""526.38""],[""0.7300"",""170.36""],[""0.7400"",""1132.00""],[""0.7500"",""2258.79""],[""0.7600"",""155.98""]]"
2026-05-16T12:17:14.256Z,KXBTC15M-26MAY160830-30,BTC price up in next 15 mins?,KXBTC15M-26MAY160830,2026-05-16T12:30:00Z,active,0.22,0.24,0.76,0.78,0.22999999999999998,0.24,40915.41,26690.09,511.0,2372.79,"[[""0.1500"",""707.00""],[""0.1600"",""233.00""],[""0.1700"",""186.00""],[""0.1800"",""313.00""],[""0.1900"",""587.00""],[""0.2000"",""187.00""],[""0.2100"",""2183.65""],[""0.2200"",""1005.69""],[""0.2300"",""43.00""],[""0.2400"",""511.00""]]","[[""0.6600"",""154.51""],[""0.6700"",""127.49""],[""0.6800"",""126.47""],[""0.6900"",""260.07""],[""0.7000"",""127.42""],[""0.7100"",""126.40""],[""0.7200"",""526.38""],[""0.7300"",""169.00""],[""0.7400"",""1447.00""],[""0.7500"",""2372.79""]]"
2026-05-16T12:17:16.308Z,KXBTC15M-26MAY160830-30,BTC price up in next 15 mins?,KXBTC15M-26MAY160830,2026-05-16T12:30:00Z,active,0.22,0.24,0.76,0.78,0.22999999999999998,0.24,40915.41,26690.09,66.47,102.94,"[[""0.1400"",""472.00""],[""0.1500"",""705.00""],[""0.1600"",""233.00""],[""0.1700"",""186.00""],[""0.1800"",""313.00""],[""0.1900"",""187.00""],[""0.2000"",""187.00""],[""0.2100"",""2183.65""],[""0.2200"",""1410.69""],[""0.2300"",""66.47""]]","[[""0.6700"",""127.49""],[""0.6800"",""126.47""],[""0.6900"",""260.07""],[""0.7000"",""202.42""],[""0.7100"",""126.40""],[""0.7200"",""126.38""],[""0.7300"",""572.36""],[""0.7400"",""1130.00""],[""0.7500"",""2397.98""],[""0.7600"",""102.94""]]"
2026-05-16T12:17:18.251Z,KXBTC15M-26MAY160830-30,BTC price up in next 15 mins?,KXBTC15M-26MAY160830,2026-05-16T12:30:00Z,active,0.22,0.24,0.76,0.78,0.22999999999999998,0.24,40915.41,26690.09,626.0,500.0,"[[""0.1500"",""705.00""],[""0.1600"",""158.00""],[""0.1700"",""336.00""],[""0.1800"",""158.00""],[""0.1900"",""187.00""],[""0.2000"",""185.00""],[""0.2100"",""686.00""],[""0.2200"",""2513.34""],[""0.2300"",""1150.00""],[""0.2400"",""626.00""]]","[[""0.6600"",""164.51""],[""0.6700"",""142.49""],[""0.6800"",""126.47""],[""0.6900"",""112.07""],[""0.7000"",""352.42""],[""0.7100"",""528.40""],[""0.7200"",""126.38""],[""0.7300"",""1197.36""],[""0.7400"",""1680.06""],[""0.7500"",""500.00""]]"
2026-05-16T12:17:20.263Z,KXBTC15M-26MAY160830-30,BTC price up in next 15 mins?,KXBTC15M-26MAY160830,2026-05-16T12:30:00Z,active,0.22,0.24,0.76,0.78,0.22999999999999998,0.24,40915.41,26690.09,968.0,2408.74,"[[""0.1400"",""472.00""],[""0.1500"",""655.00""],[""0.1600"",""158.00""],[""0.1700"",""336.00""],[""0.1800"",""288.00""],[""0.1900"",""187.00""],[""0.2000"",""2225.65""],[""0.2100"",""1143.69""],[""0.2200"",""580.00""],[""0.2300"",""968.00""]]","[[""0.6700"",""142.49""],[""0.6800"",""126.47""],[""0.6900"",""310.07""],[""0.7000"",""277.42""],[""0.7100"",""128.40""],[""0.7200"",""126.38""],[""0.7300"",""571.00""],[""0.7400"",""130.00""],[""0.7500"",""1125.00""],[""0.7600"",""2408.74""]]"
2026-05-16T12:17:22.248Z,KXBTC15M-26MAY160830-30,BTC price up in next 15 mins?,KXBTC15M-26MAY160830,2026-05-16T12:30:00Z,active,0.22,0.24,0.76,0.78,0.22999999999999998,0.24,40915.41,26690.09,957.0,1801.85,"[[""0.1400"",""472.00""],[""0.1500"",""655.00""],[""0.1600"",""158.00""],[""0.1700"",""411.00""],[""0.1800"",""213.00""],[""0.1900"",""187.00""],[""0.2000"",""2225.65""],[""0.2100"",""1545.69""],[""0.2200"",""214.00""],[""0.2300"",""957.00""]]","[[""0.6700"",""142.49""],[""0.6800"",""126.47""],[""0.6900"",""310.07""],[""0.7000"",""277.42""],[""0.7100"",""126.40""],[""0.7200"",""128.38""],[""0.7300"",""570.36""],[""0.7400"",""132.00""],[""0.7500"",""1208.00""],[""0.7600"",""1801.85""]]"
2026-05-16T12:17:24.259Z,KXBTC15M-26MAY160830-30,BTC price up in next 15 mins?,KXBTC15M-26MAY160830,2026-05-16T12:30:00Z,active,0.22,0.24,0.76,0.78,0.22999999999999998,0.24,40915.41,26690.09,31.0,125.0,"[[""0.1200"",""1035.00""],[""0.1300"",""170.00""],[""0.1400"",""472.00""],[""0.1500"",""655.00""],[""0.1600"",""808.00""],[""0.1700"",""1801.65""],[""0.1800"",""213.00""],[""0.1900"",""1462.69""],[""0.2000"",""137.00""],[""0.2100"",""31.00""]]","[[""0.6800"",""126.47""],[""0.6900"",""310.07""],[""0.7000"",""128.42""],[""0.7100"",""276.40""],[""0.7200"",""128.38""],[""0.7300"",""170.36""],[""0.7400"",""130.00""],[""0.7500"",""127.00""],[""0.7600"",""3715.98""],[""0.7700"",""125.00""]]"
2026-05-16T12:17:26.260Z,KXBTC15M-26MAY160830-30,BTC price up in next 15 mins?,KXBTC15M-26MAY160830,2026-05-16T12:30:00Z,active,0.22,0.24,0.76,0.78,0.22999999999999998,0.24,40915.41,26690.09,1106.28,19.0,"[[""0.1100"",""757.00""],[""0.1200"",""743.00""],[""0.1300"",""316.00""],[""0.1400"",""298.00""],[""0.1500"",""655.00""],[""0.1600"",""158.00""],[""0.1700"",""710.00""],[""0.1800"",""1698.65""],[""0.1900"",""589.00""],[""0.2000"",""1106.28""]]","[[""0.7000"",""128.42""],[""0.7100"",""425.40""],[""0.7200"",""126.38""],[""0.7300"",""226.36""],[""0.7400"",""278.35""],[""0.7500"",""150.33""],[""0.7600"",""1551.31""],[""0.7700"",""1701.79""],[""0.7800"",""147.00""],[""0.7900"",""19.00""]]"
2026-05-16T12:17:28.266Z,KXBTC15M-26MAY160830-30,BTC price up in next 15 mins?,KXBTC15M-26MAY160830,2026-05-16T12:30:00Z,active,0.22,0.24,0.76,0.78,0.22999999999999998,0.24,40915.41,26690.09,971.01,516.87,"[[""0.1200"",""743.00""],[""0.1300"",""166.00""],[""0.1400"",""373.00""],[""0.1500"",""730.00""],[""0.1600"",""158.00""],[""0.1700"",""205.00""],[""0.1800"",""663.00""],[""0.1900"",""589.00""],[""0.2000"",""1636.24""],[""0.2100"",""971.01""]]","[[""0.6900"",""310.07""],[""0.7000"",""128.42""],[""0.7100"",""425.40""],[""0.7200"",""126.38""],[""0.7300"",""301.36""],[""0.7400"",""135.35""],[""0.7500"",""1145.33""],[""0.7600"",""2090.79""],[""0.7700"",""258.00""],[""0.7800"",""516.87""]]"
2026-05-16T12:17:30.274Z,KXBTC15M-26MAY160830-30,BTC price up in next 15 mins?,KXBTC15M-26MAY160830,2026-05-16T12:30:00Z,active,0.22,0.24,0.76,0.78,0.22999999999999998,0.24,40915.41,26690.09,147.64,391.64,"[[""0.1200"",""743.00""],[""0.1300"",""316.00""],[""0.1400"",""173.00""],[""0.1500"",""655.00""],[""0.1600"",""208.00""],[""0.1700"",""705.00""],[""0.1800"",""163.00""],[""0.1900"",""632.00""],[""0.2000"",""2629.25""],[""0.2100"",""147.64""]]","[[""0.6900"",""110.07""],[""0.7000"",""128.42""],[""0.7100"",""425.40""],[""0.7200"",""201.38""],[""0.7300"",""351.36""],[""0.7400"",""285.35""],[""0.7500"",""1145.33""],[""0.7600"",""2090.79""],[""0.7700"",""235.00""],[""0.7800"",""391.64""]]"
2026-05-16T12:17:32.265Z,KXBTC15M-26MAY160830-30,BTC price up in next 15 mins?,KXBTC15M-26MAY160830,2026-05-16T12:30:00Z,active,0.22,0.24,0.76,0.78,0.22999999999999998,0.24,40915.41,26690.09,23.0,541.9,"[[""0.1200"",""743.00""],[""0.1300"",""316.00""],[""0.1400"",""173.00""],[""0.1500"",""730.00""],[""0.1600"",""208.00""],[""0.1700"",""705.00""],[""0.1800"",""560.00""],[""0.1900"",""235.00""],[""0.2000"",""2587.21""],[""0.2100"",""23.00""]]","[[""0.6900"",""110.07""],[""0.7000"",""128.42""],[""0.7100"",""425.40""],[""0.7200"",""126.38""],[""0.7300"",""356.36""],[""0.7400"",""276.35""],[""0.7500"",""1147.33""],[""0.7600"",""2277.79""],[""0.7700"",""253.00""],[""0.7800"",""541.90""]]"
2026-05-16T12:17:34.254Z,KXBTC15M-26MAY160830-30,BTC price up in next 15 mins?,KXBTC15M-26MAY160830,2026-05-16T12:30:00Z,active,0.22,0.24,0.76,0.78,0.22999999999999998,0.24,40915.41,26690.09,515.13,627.0,"[[""0.1200"",""743.00""],[""0.1300"",""316.00""],[""0.1400"",""248.00""],[""0.1500"",""655.00""],[""0.1600"",""208.00""],[""0.1700"",""705.00""],[""0.1800"",""560.00""],[""0.1900"",""1775.20""],[""0.2000"",""1106.01""],[""0.2100"",""515.13""]]","[[""0.6900"",""110.07""],[""0.7000"",""128.42""],[""0.7100"",""425.40""],[""0.7200"",""126.38""],[""0.7300"",""356.36""],[""0.7400"",""276.35""],[""0.7500"",""147.33""],[""0.7600"",""3090.79""],[""0.7700"",""392.00""],[""0.7800"",""627.00""]]"
2026-05-16T12:17:36.259Z,KXBTC15M-26MAY160830-30,BTC price up in next 15 mins?,KXBTC15M-26MAY160830,2026-05-16T12:30:00Z,active,0.22,0.24,0.76,0.78,0.22999999999999998,0.24,40915.41,26690.09,68.82,652.0,"[[""0.1200"",""743.00""],[""0.1300"",""316.00""],[""0.1400"",""248.00""],[""0.1500"",""655.00""],[""0.1600"",""208.00""],[""0.1700"",""705.00""],[""0.1800"",""560.00""],[""0.1900"",""1775.20""],[""0.2000"",""1106.01""],[""0.2100"",""68.82""]]","[[""0.6900"",""110.07""],[""0.7000"",""128.42""],[""0.7100"",""425.40""],[""0.7200"",""126.38""],[""0.7300"",""356.36""],[""0.7400"",""276.35""],[""0.7500"",""147.33""],[""0.7600"",""3090.79""],[""0.7700"",""392.00""],[""0.7800"",""652.00""]]"
2026-05-16T12:17:38.265Z,KXBTC15M-26MAY160830-30,BTC price up in next 15 mins?,KXBTC15M-26MAY160830,2026-05-16T12:30:00Z,active,0.22,0.24,0.76,0.78,0.22999999999999998,0.24,40915.41,26690.09,1220.54,172.39,"[[""0.1100"",""757.00""],[""0.1200"",""743.00""],[""0.1300"",""316.00""],[""0.1400"",""173.00""],[""0.1500"",""655.00""],[""0.1600"",""208.00""],[""0.1700"",""705.00""],[""0.1800"",""560.00""],[""0.1900"",""1775.20""],[""0.2000"",""1220.54""]]","[[""0.7000"",""128.42""],[""0.7100"",""425.40""],[""0.7200"",""126.38""],[""0.7300"",""431.36""],[""0.7400"",""276.35""],[""0.7500"",""147.33""],[""0.7600"",""1551.31""],[""0.7700"",""1767.79""],[""0.7800"",""180.00""],[""0.7900"",""172.39""]]"
2026-05-16T12:17:40.271Z,KXBTC15M-26MAY160830-30,BTC price up in next 15 mins?,KXBTC15M-26MAY160830,2026-05-16T12:30:00Z,active,0.22,0.24,0.76,0.78,0.22999999999999998,0.24,40915.41,26690.09,887.03,525.37,"[[""0.1100"",""757.00""],[""0.1200"",""743.00""],[""0.1300"",""316.00""],[""0.1400"",""248.00""],[""0.1500"",""655.00""],[""0.1600"",""708.00""],[""0.1700"",""205.00""],[""0.1800"",""560.00""],[""0.1900"",""1775.20""],[""0.2000"",""887.03""]]","[[""0.7000"",""128.42""],[""0.7100"",""425.40""],[""0.7200"",""126.38""],[""0.7300"",""356.36""],[""0.7400"",""276.35""],[""0.7500"",""147.33""],[""0.7600"",""1551.31""],[""0.7700"",""1767.79""],[""0.7800"",""180.00""],[""0.7900"",""525.37""]]"
2026-05-16T12:17:42.266Z,KXBTC15M-26MAY160830-30,BTC price up in next 15 mins?,KXBTC15M-26MAY160830,2026-05-16T12:30:00Z,active,0.22,0.24,0.76,0.78,0.22999999999999998,0.24,40915.41,26690.09,2821.2,1.0,"[[""0.1600"",""607.00""],[""0.1700"",""186.00""],[""0.1800"",""158.00""],[""0.1900"",""237.00""],[""0.2000"",""131.00""],[""0.2100"",""130.00""],[""0.2200"",""102.35""],[""0.2300"",""1050.00""],[""0.2400"",""168.00""],[""0.2500"",""2821.20""]]","[[""0.6500"",""1164.37""],[""0.6600"",""229.51""],[""0.6700"",""127.49""],[""0.6800"",""126.47""],[""0.6900"",""110.07""],[""0.7000"",""1686.21""],[""0.7100"",""1691.40""],[""0.7200"",""125.00""],[""0.7300"",""726.36""],[""0.7400"",""1.00""]]"
2026-05-16T12:17:44.268Z,KXBTC15M-26MAY160830-30,BTC price up in next 15 mins?,KXBTC15M-26MAY160830,2026-05-16T12:30:00Z,active,0.25,0.26,0.74,0.75,0.255,0.25,53232.74,36007.42,173.14,925.54,"[[""0.1700"",""186.00""],[""0.1800"",""308.00""],[""0.1900"",""237.00""],[""0.2000"",""225.00""],[""0.2100"",""230.00""],[""0.2200"",""103.35""],[""0.2300"",""674.00""],[""0.2400"",""568.00""],[""0.2500"",""2665.20""],[""0.2600"",""173.14""]]","[[""0.6400"",""136.56""],[""0.6500"",""1164.37""],[""0.6600"",""173.51""],[""0.6700"",""127.49""],[""0.6800"",""126.67""],[""0.6900"",""288.07""],[""0.7000"",""2669.21""],[""0.7100"",""542.00""],[""0.7200"",""125.00""],[""0.7300"",""925.54""]]"
2026-05-16T12:17:46.262Z,KXBTC15M-26MAY160830-30,BTC price up in next 15 mins?,KXBTC15M-26MAY160830,2026-05-16T12:30:00Z,active,0.25,0.26,0.74,0.75,0.255,0.25,53232.74,36007.42,77.14,1027.97,"[[""0.1700"",""186.00""],[""0.1800"",""308.00""],[""0.1900"",""237.00""],[""0.2000"",""225.00""],[""0.2100"",""230.00""],[""0.2200"",""101.35""],[""0.2300"",""1076.00""],[""0.2400"",""168.00""],[""0.2500"",""2665.20""],[""0.2600"",""77.14""]]","[[""0.6400"",""136.56""],[""0.6500"",""1164.37""],[""0.6600"",""173.51""],[""0.6700"",""127.49""],[""0.6800"",""126.67""],[""0.6900"",""260.07""],[""0.7000"",""145.42""],[""0.7100"",""3082.79""],[""0.7200"",""125.00""],[""0.7300"",""1027.97""]]"
2026-05-16T12:17:48.265Z,KXBTC15M-26MAY160830-30,BTC price up in next 15 mins?,KXBTC15M-26MAY160830,2026-05-16T12:30:00Z,active,0.25,0.26,0.74,0.75,0.255,0.25,53232.74,36007.42,56.1,685.68,"[[""0.1700"",""186.00""],[""0.1800"",""308.00""],[""0.1900"",""237.00""],[""0.2000"",""225.00""],[""0.2100"",""230.00""],[""0.2200"",""111.35""],[""0.2300"",""1076.00""],[""0.2400"",""168.00""],[""0.2500"",""2712.20""],[""0.2600"",""56.10""]]","[[""0.6400"",""151.56""],[""0.6500"",""1149.37""],[""0.6600"",""173.51""],[""0.6700"",""127.49""],[""0.6800"",""126.67""],[""0.6900"",""260.07""],[""0.7000"",""1671.21""],[""0.7100"",""1132.00""],[""0.7200"",""562.00""],[""0.7300"",""685.68""]]"
2026-05-16T12:17:50.265Z,KXBTC15M-26MAY160830-30,BTC price up in next 15 mins?,KXBTC15M-26MAY160830,2026-05-16T12:30:00Z,active,0.25,0.26,0.74,0.75,0.255,0.25,53232.74,36007.42,3202.86,130.0,"[[""0.1600"",""308.00""],[""0.1700"",""186.00""],[""0.1800"",""177.00""],[""0.1900"",""237.00""],[""0.2000"",""131.00""],[""0.2100"",""230.00""],[""0.2200"",""111.35""],[""0.2300"",""152.00""],[""0.2400"",""568.00""],[""0.2500"",""3202.86""]]","[[""0.6500"",""1428.37""],[""0.6600"",""169.51""],[""0.6700"",""127.49""],[""0.6800"",""201.67""],[""0.6900"",""112.07""],[""0.7000"",""2669.95""],[""0.7100"",""1210.40""],[""0.7200"",""10.00""],[""0.7300"",""19.00""],[""0.7400"",""130.00""]]"
2026-05-16T12:17:52.258Z,KXBTC15M-26MAY160830-30,BTC price up in next 15 mins?,KXBTC15M-26MAY160830,2026-05-16T12:30:00Z,active,0.25,0.26,0.74,0.75,0.255,0.25,53232.74,36007.42,151.0,1015.99,"[[""0.1900"",""387.00""],[""0.2000"",""131.00""],[""0.2100"",""230.00""],[""0.2200"",""111.35""],[""0.2300"",""150.00""],[""0.2400"",""570.00""],[""0.2500"",""625.00""],[""0.2600"",""2730.14""],[""0.2700"",""138.84""],[""0.2800"",""151.00""]]","[[""0.6200"",""151.61""],[""0.6300"",""141.58""],[""0.6400"",""146.56""],[""0.6500"",""1129.37""],[""0.6600"",""154.51""],[""0.6700"",""127.49""],[""0.6800"",""276.67""],[""0.6900"",""2663.16""],[""0.7000"",""347.00""],[""0.7100"",""1015.99""]]"
2026-05-16T12:17:54.263Z,KXBTC15M-26MAY160830-30,BTC price up in next 15 mins?,KXBTC15M-26MAY160830,2026-05-16T12:30:00Z,active,0.25,0.26,0.74,0.75,0.255,0.25,53232.74,36007.42,17.0,413.09,"[[""0.1900"",""237.00""],[""0.2000"",""206.00""],[""0.2100"",""244.00""],[""0.2200"",""111.35""],[""0.2300"",""150.00""],[""0.2400"",""527.00""],[""0.2500"",""668.00""],[""0.2600"",""2645.14""],[""0.2700"",""118.19""],[""0.2800"",""17.00""]]","[[""0.6200"",""151.61""],[""0.6300"",""141.58""],[""0.6400"",""146.56""],[""0.6500"",""1134.37""],[""0.6600"",""573.51""],[""0.6700"",""127.49""],[""0.6800"",""126.67""],[""0.6900"",""2802.16""],[""0.7000"",""163.00""],[""0.7100"",""413.09""]]"
2026-05-16T12:17:56.271Z,KXBTC15M-26MAY160830-30,BTC price up in next 15 mins?,KXBTC15M-26MAY160830,2026-05-16T12:30:00Z,active,0.25,0.26,0.74,0.75,0.255,0.25,53232.74,36007.42,157.85,704.42,"[[""0.1900"",""237.00""],[""0.2000"",""206.00""],[""0.2100"",""244.00""],[""0.2200"",""111.35""],[""0.2300"",""150.00""],[""0.2400"",""1027.00""],[""0.2500"",""168.00""],[""0.2600"",""2645.14""],[""0.2700"",""108.19""],[""0.2800"",""157.85""]]","[[""0.6200"",""151.61""],[""0.6300"",""141.58""],[""0.6400"",""146.56""],[""0.6500"",""1134.37""],[""0.6600"",""573.51""],[""0.6700"",""127.49""],[""0.6800"",""126.67""],[""0.6900"",""2060.51""],[""0.7000"",""150.00""],[""0.7100"",""704.42""]]"
2026-05-16T12:17:58.262Z,KXBTC15M-26MAY160830-30,BTC price up in next 15 mins?,KXBTC15M-26MAY160830,2026-05-16T12:30:00Z,active,0.25,0.26,0.74,0.75,0.255,0.25,53232.74,36007.42,13.12,792.44,"[[""0.1900"",""237.00""],[""0.2000"",""206.00""],[""0.2100"",""244.00""],[""0.2200"",""111.35""],[""0.2300"",""150.00""],[""0.2400"",""1027.00""],[""0.2500"",""173.00""],[""0.2600"",""2645.14""],[""0.2700"",""103.19""],[""0.2800"",""13.12""]]","[[""0.6200"",""151.61""],[""0.6300"",""126.58""],[""0.6400"",""161.56""],[""0.6500"",""1129.37""],[""0.6600"",""173.51""],[""0.6700"",""532.49""],[""0.6800"",""126.67""],[""0.6900"",""2829.51""],[""0.7000"",""150.00""],[""0.7100"",""792.44""]]"
2026-05-16T12:18:00.261Z,KXBTC15M-26MAY160830-30,BTC price up in next 15 mins?,KXBTC15M-26MAY160830,2026-05-16T12:30:00Z,active,0.25,0.26,0.74,0.75,0.255,0.25,53232.74,36007.42,128.12,603.41,"[[""0.1800"",""126.00""],[""0.1900"",""159.00""],[""0.2000"",""206.00""],[""0.2100"",""294.00""],[""0.2200"",""111.35""],[""0.2300"",""150.00""],[""0.2400"",""1027.00""],[""0.2500"",""173.00""],[""0.2600"",""2645.14""],[""0.2700"",""128.12""]]","[[""0.6300"",""126.58""],[""0.6400"",""146.56""],[""0.6500"",""1129.37""],[""0.6600"",""188.51""],[""0.6700"",""532.49""],[""0.6800"",""126.67""],[""0.6900"",""2670.95""],[""0.7000"",""310.00""],[""0.7100"",""103.44""],[""0.7200"",""603.41""]]"
2026-05-16T12:18:02.261Z,KXBTC15M-26MAY160830-30,BTC price up in next 15 mins?,KXBTC15M-26MAY160830,2026-05-16T12:30:00Z,active,0.25,0.26,0.74,0.75,0.255,0.25,53232.74,36007.42,240.14,500.0,"[[""0.1700"",""275.00""],[""0.1800"",""125.00""],[""0.1900"",""158.00""],[""0.2000"",""131.00""],[""0.2100"",""294.00""],[""0.2200"",""111.35""],[""0.2300"",""650.00""],[""0.2400"",""527.00""],[""0.2500"",""2713.32""],[""0.2600"",""240.14""]]","[[""0.6400"",""146.56""],[""0.6500"",""1129.37""],[""0.6600"",""263.51""],[""0.6700"",""532.49""],[""0.6800"",""126.67""],[""0.6900"",""128.44""],[""0.7000"",""2841.51""],[""0.7100"",""135.00""],[""0.7200"",""136.00""],[""0.7300"",""500.00""]]"
2026-05-16T12:18:04.271Z,KXBTC15M-26MAY160830-30,BTC price up in next 15 mins?,KXBTC15M-26MAY160830,2026-05-16T12:30:00Z,active,0.25,0.26,0.74,0.75,0.255,0.25,53232.74,36007.42,203.48,383.06,"[[""0.1700"",""303.00""],[""0.1800"",""125.00""],[""0.1900"",""158.00""],[""0.2000"",""631.00""],[""0.2100"",""294.00""],[""0.2200"",""111.35""],[""0.2300"",""150.00""],[""0.2400"",""527.00""],[""0.2500"",""2736.32""],[""0.2600"",""203.48""]]","[[""0.6400"",""146.56""],[""0.6500"",""1129.37""],[""0.6600"",""263.51""],[""0.6700"",""532.49""],[""0.6800"",""126.67""],[""0.6900"",""2669.95""],[""0.7000"",""301.42""],[""0.7100"",""148.99""],[""0.7200"",""161.00""],[""0.7300"",""383.06""]]"
2026-05-16T12:18:06.270Z,KXBTC15M-26MAY160830-30,BTC price up in next 15 mins?,KXBTC15M-26MAY160830,2026-05-16T12:30:00Z,active,0.25,0.26,0.74,0.75,0.255,0.25,53232.74,36007.42,218.57,294.72,"[[""0.1600"",""424.00""],[""0.1700"",""303.00""],[""0.1800"",""625.00""],[""0.1900"",""233.00""],[""0.2000"",""131.00""],[""0.2100"",""294.00""],[""0.2200"",""111.35""],[""0.2300"",""1690.32""],[""0.2400"",""1527.00""],[""0.2500"",""218.57""]]","[[""0.6500"",""1129.37""],[""0.6600"",""188.51""],[""0.6700"",""532.49""],[""0.6800"",""201.67""],[""0.6900"",""128.44""],[""0.7000"",""301.42""],[""0.7100"",""1667.17""],[""0.7200"",""1125.74""],[""0.7300"",""151.00""],[""0.7400"",""294.72""]]"
2026-05-16T12:18:08.261Z,KXBTC15M-26MAY160830-30,BTC price up in next 15 mins?,KXBTC15M-26MAY160830,2026-05-16T12:30:00Z,active,0.25,0.26,0.74,0.75,0.255,0.25,53232.74,36007.42,73.38,493.38,"[[""0.1600"",""424.00""],[""0.1700"",""803.00""],[""0.1800"",""125.00""],[""0.1900"",""158.00""],[""0.2000"",""131.00""],[""0.2100"",""299.00""],[""0.2200"",""111.35""],[""0.2300"",""1692.32""],[""0.2400"",""1542.00""],[""0.2500"",""73.38""]]","[[""0.6500"",""1129.37""],[""0.6600"",""188.51""],[""0.6700"",""527.49""],[""0.6800"",""201.67""],[""0.6900"",""126.44""],[""0.7000"",""303.42""],[""0.7100"",""168.40""],[""0.7200"",""2761.21""],[""0.7300"",""135.00""],[""0.7400"",""493.38""]]"
2026-05-16T12:18:10.258Z,KXBTC15M-26MAY160830-30,BTC price up in next 15 mins?,KXBTC15M-26MAY160830,2026-05-16T12:30:00Z,active,0.25,0.26,0.74,0.75,0.255,0.25,53232.74,36007.42,1224.0,456.12,"[[""0.1500"",""616.00""],[""0.1600"",""578.00""],[""0.1700"",""653.00""],[""0.1800"",""125.00""],[""0.1900"",""158.00""],[""0.2000"",""131.00""],[""0.2100"",""294.00""],[""0.2200"",""159.35""],[""0.2300"",""2092.32""],[""0.2400"",""1224.00""]]","[[""0.6600"",""188.51""],[""0.6700"",""127.49""],[""0.6800"",""601.67""],[""0.6900"",""126.44""],[""0.7000"",""158.42""],[""0.7100"",""313.40""],[""0.7200"",""2734.21""],[""0.7300"",""126.00""],[""0.7400"",""28.00""],[""0.7500"",""456.12""]]"
2026-05-16T12:18:12.264Z,KXBTC15M-26MAY160830-30,BTC price up in next 15 mins?,KXBTC15M-26MAY160830,2026-05-16T12:30:00Z,active,0.25,0.26,0.74,0.75,0.255,0.25,53232.74,36007.42,224.0,59.76,"[[""0.1500"",""616.00""],[""0.1600"",""578.00""],[""0.1700"",""653.00""],[""0.1800"",""125.00""],[""0.1900"",""158.00""],[""0.2000"",""131.00""],[""0.2100"",""294.00""],[""0.2200"",""159.35""],[""0.2300"",""3092.32""],[""0.2400"",""224.00""]]","[[""0.6600"",""188.51""],[""0.6700"",""127.49""],[""0.6800"",""601.67""],[""0.6900"",""126.44""],[""0.7000"",""158.42""],[""0.7100"",""313.40""],[""0.7200"",""2735.59""],[""0.7300"",""136.00""],[""0.7400"",""165.00""],[""0.7500"",""59.76""]]"
2026-05-16T12:18:14.263Z,KXBTC15M-26MAY160830-30,BTC price up in next 15 mins?,KXBTC15M-26MAY160830,2026-05-16T12:30:00Z,active,0.24,0.25,0.75,0.76,0.245,0.25,62816.26,42847.71,231.77,292.4,"[[""0.1500"",""616.00""],[""0.1600"",""578.00""],[""0.1700"",""653.00""],[""0.1800"",""125.00""],[""0.1900"",""158.00""],[""0.2000"",""131.00""],[""0.2100"",""294.00""],[""0.2200"",""161.35""],[""0.2300"",""3090.32""],[""0.2400"",""231.77""]]","[[""0.6600"",""188.51""],[""0.6700"",""127.49""],[""0.6800"",""601.67""],[""0.6900"",""126.44""],[""0.7000"",""158.42""],[""0.7100"",""313.40""],[""0.7200"",""2548.59""],[""0.7300"",""343.40""],[""0.7400"",""43.69""],[""0.7500"",""292.40""]]"
2026-05-16T12:18:16.258Z,KXBTC15M-26MAY160830-30,BTC price up in next 15 mins?,KXBTC15M-26MAY160830,2026-05-16T12:30:00Z,active,0.24,0.25,0.75,0.76,0.245,0.25,62816.26,42847.71,125.0,588.0,"[[""0.1600"",""578.00""],[""0.1700"",""153.00""],[""0.1800"",""700.00""],[""0.1900"",""158.00""],[""0.2000"",""131.00""],[""0.2100"",""294.00""],[""0.2200"",""161.35""],[""0.2300"",""3090.32""],[""0.2400"",""125.95""],[""0.2500"",""125.00""]]","[[""0.6500"",""1129.37""],[""0.6600"",""188.51""],[""0.6700"",""127.49""],[""0.6800"",""526.67""],[""0.6900"",""126.44""],[""0.7000"",""158.42""],[""0.7100"",""313.40""],[""0.7200"",""2547.21""],[""0.7300"",""136.00""],[""0.7400"",""588.00""]]"
2026-05-16T12:18:18.258Z,KXBTC15M-26MAY160830-30,BTC price up in next 15 mins?,KXBTC15M-26MAY160830,2026-05-16T12:30:00Z,active,0.24,0.25,0.75,0.76,0.245,0.25,62816.26,42847.71,217.58,500.78,"[[""0.1500"",""616.00""],[""0.1600"",""578.00""],[""0.1700"",""653.00""],[""0.1800"",""125.00""],[""0.1900"",""158.00""],[""0.2000"",""131.00""],[""0.2100"",""294.00""],[""0.2200"",""161.35""],[""0.2300"",""3100.32""],[""0.2400"",""217.58""]]","[[""0.6600"",""188.51""],[""0.6700"",""127.49""],[""0.6800"",""601.67""],[""0.6900"",""126.44""],[""0.7000"",""158.42""],[""0.7100"",""313.40""],[""0.7200"",""2548.59""],[""0.7300"",""126.00""],[""0.7400"",""140.00""],[""0.7500"",""500.78""]]"
2026-05-16T12:18:20.263Z,KXBTC15M-26MAY160830-30,BTC price up in next 15 mins?,KXBTC15M-26MAY160830,2026-05-16T12:30:00Z,active,0.24,0.25,0.75,0.76,0.245,0.25,62816.26,42847.71,3095.26,307.69,"[[""0.1400"",""137.00""],[""0.1500"",""616.00""],[""0.1600"",""578.00""],[""0.1700"",""653.00""],[""0.1800"",""125.00""],[""0.1900"",""158.00""],[""0.2000"",""131.00""],[""0.2100"",""144.00""],[""0.2200"",""1258.13""],[""0.2300"",""3095.26""]]","[[""0.6700"",""127.49""],[""0.6800"",""526.67""],[""0.6900"",""126.44""],[""0.7000"",""158.42""],[""0.7100"",""276.40""],[""0.7200"",""1547.85""],[""0.7300"",""1128.10""],[""0.7400"",""125.00""],[""0.7500"",""225.00""],[""0.7600"",""307.69""]]"
2026-05-16T12:18:22.252Z,KXBTC15M-26MAY160830-30,BTC price up in next 15 mins?,KXBTC15M-26MAY160830,2026-05-16T12:30:00Z,active,0.24,0.25,0.75,0.76,0.245,0.25,62816.26,42847.71,2070.4,230.07,"[[""0.1400"",""137.00""],[""0.1500"",""766.00""],[""0.1600"",""428.00""],[""0.1700"",""653.00""],[""0.1800"",""125.00""],[""0.1900"",""158.00""],[""0.2000"",""131.00""],[""0.2100"",""144.00""],[""0.2200"",""2260.13""],[""0.2300"",""2070.40""]]","[[""0.6700"",""142.49""],[""0.6800"",""526.67""],[""0.6900"",""126.44""],[""0.7000"",""233.42""],[""0.7100"",""126.40""],[""0.7200"",""157.08""],[""0.7300"",""2668.87""],[""0.7400"",""175.00""],[""0.7500"",""150.00""],[""0.7600"",""230.07""]]"
2026-05-16T12:18:24.274Z,KXBTC15M-26MAY160830-30,BTC price up in next 15 mins?,KXBTC15M-26MAY160830,2026-05-16T12:30:00Z,active,0.24,0.25,0.75,0.76,0.245,0.25,62816.26,42847.71,1403.78,500.0,"[[""0.1600"",""129.00""],[""0.1700"",""153.00""],[""0.1800"",""144.00""],[""0.1900"",""208.00""],[""0.2000"",""131.00""],[""0.2100"",""625.00""],[""0.2200"",""113.35""],[""0.2300"",""2700.00""],[""0.2400"",""168.00""],[""0.2500"",""1403.78""]]","[[""0.6500"",""1428.37""],[""0.6600"",""154.51""],[""0.6700"",""127.49""],[""0.6800"",""201.67""],[""0.6900"",""545.44""],[""0.7000"",""1157.16""],[""0.7100"",""1669.17""],[""0.7200"",""2.38""],[""0.7300"",""12.36""],[""0.7400"",""500.00""]]"
2026-05-16T12:18:26.267Z,KXBTC15M-26MAY160830-30,BTC price up in next 15 mins?,KXBTC15M-26MAY160830,2026-05-16T12:30:00Z,active,0.24,0.25,0.75,0.76,0.245,0.25,62816.26,42847.71,1573.0,545.94,"[[""0.1600"",""129.00""],[""0.1700"",""153.00""],[""0.1800"",""294.00""],[""0.1900"",""283.00""],[""0.2000"",""131.00""],[""0.2100"",""625.00""],[""0.2200"",""111.35""],[""0.2300"",""150.00""],[""0.2400"",""2480.78""],[""0.2500"",""1573.00""]]","[[""0.6500"",""1428.37""],[""0.6600"",""154.51""],[""0.6700"",""127.49""],[""0.6800"",""131.67""],[""0.6900"",""297.44""],[""0.7000"",""1552.16""],[""0.7100"",""1667.17""],[""0.7200"",""147.00""],[""0.7300"",""1.00""],[""0.7400"",""545.94""]]"
2026-05-16T12:18:28.277Z,KXBTC15M-26MAY160830-30,BTC price up in next 15 mins?,KXBTC15M-26MAY160830,2026-05-16T12:30:00Z,active,0.24,0.25,0.75,0.76,0.245,0.25,62816.26,42847.71,1177.23,403.93,"[[""0.1600"",""131.00""],[""0.1700"",""153.00""],[""0.1800"",""294.00""],[""0.1900"",""158.00""],[""0.2000"",""131.00""],[""0.2100"",""675.00""],[""0.2200"",""111.35""],[""0.2300"",""150.00""],[""0.2400"",""2880.78""],[""0.2500"",""1177.23""]]","[[""0.6500"",""1428.37""],[""0.6600"",""154.51""],[""0.6700"",""127.49""],[""0.6800"",""131.67""],[""0.6900"",""297.44""],[""0.7000"",""589.42""],[""0.7100"",""2667.91""],[""0.7200"",""147.00""],[""0.7300"",""1.00""],[""0.7400"",""403.93""]]"
2026-05-16T12:18:30.262Z,KXBTC15M-26MAY160830-30,BTC price up in next 15 mins?,KXBTC15M-26MAY160830,2026-05-16T12:30:00Z,active,0.24,0.25,0.75,0.76,0.245,0.25,62816.26,42847.71,122.0,283.85,"[[""0.1600"",""129.00""],[""0.1700"",""153.00""],[""0.1800"",""294.00""],[""0.1900"",""233.00""],[""0.2000"",""131.00""],[""0.2100"",""718.00""],[""0.2200"",""116.35""],[""0.2300"",""1150.03""],[""0.2400"",""2904.78""],[""0.2500"",""122.00""]]","[[""0.6500"",""1428.37""],[""0.6600"",""154.51""],[""0.6700"",""127.49""],[""0.6800"",""126.67""],[""0.6900"",""297.44""],[""0.7000"",""594.42""],[""0.7100"",""1667.17""],[""0.7200"",""1126.74""],[""0.7300"",""35.00""],[""0.7400"",""283.85""]]"
2026-05-16T12:18:32.272Z,KXBTC15M-26MAY160830-30,BTC price up in next 15 mins?,KXBTC15M-26MAY160830,2026-05-16T12:30:00Z,active,0.24,0.25,0.75,0.76,0.245,0.25,62816.26,42847.71,141.0,125.0,"[[""0.1200"",""777.00""],[""0.1300"",""131.00""],[""0.1400"",""936.00""],[""0.1500"",""616.00""],[""0.1600"",""275.00""],[""0.1700"",""153.00""],[""0.1800"",""1684.00""],[""0.1900"",""1217.03""],[""0.2000"",""418.00""],[""0.2200"",""141.00""]]","[[""0.6800"",""126.67""],[""0.6900"",""145.44""],[""0.7000"",""156.42""],[""0.7100"",""276.40""],[""0.7200"",""127.38""],[""0.7300"",""126.00""],[""0.7400"",""568.00""],[""0.7500"",""2693.51""],[""0.7600"",""954.35""],[""0.7700"",""125.00""]]"
2026-05-16T12:18:34.258Z,KXBTC15M-26MAY160830-30,BTC price up in next 15 mins?,KXBTC15M-26MAY160830,2026-05-16T12:30:00Z,active,0.24,0.25,0.75,0.76,0.245,0.25,62816.26,42847.71,607.67,481.79,"[[""0.1100"",""611.00""],[""0.1200"",""702.00""],[""0.1300"",""281.00""],[""0.1400"",""137.00""],[""0.1500"",""616.00""],[""0.1600"",""625.00""],[""0.1700"",""203.00""],[""0.1800"",""144.00""],[""0.1900"",""2874.03""],[""0.2000"",""607.67""]]","[[""0.7000"",""151.42""],[""0.7100"",""126.40""],[""0.7200"",""127.38""],[""0.7300"",""207.36""],[""0.7400"",""145.35""],[""0.7500"",""552.33""],[""0.7600"",""171.31""],[""0.7700"",""2666.51""],[""0.7800"",""32.00""],[""0.7900"",""481.79""]]"
2026-05-16T12:18:36.275Z,KXBTC15M-26MAY160830-30,BTC price up in next 15 mins?,KXBTC15M-26MAY160830,2026-05-16T12:30:00Z,active,0.24,0.25,0.75,0.76,0.245,0.25,62816.26,42847.71,8.0,3243.02,"[[""0.1000"",""1024.00""],[""0.1100"",""611.00""],[""0.1200"",""1202.00""],[""0.1300"",""356.00""],[""0.1400"",""137.00""],[""0.1500"",""3156.03""],[""0.1600"",""125.00""],[""0.1700"",""724.25""],[""0.1800"",""19.00""],[""0.1900"",""8.00""]]","[[""0.7100"",""128.40""],[""0.7200"",""127.38""],[""0.7300"",""127.36""],[""0.7400"",""295.35""],[""0.7500"",""157.33""],[""0.7600"",""126.31""],[""0.7700"",""126.29""],[""0.7800"",""570.00""],[""0.7900"",""337.00""],[""0.8000"",""3243.02""]]"
2026-05-16T12:18:38.281Z,KXBTC15M-26MAY160830-30,BTC price up in next 15 mins?,KXBTC15M-26MAY160830,2026-05-16T12:30:00Z,active,0.24,0.25,0.75,0.76,0.245,0.25,62816.26,42847.71,4.0,3215.17,"[[""0.1000"",""1074.00""],[""0.1100"",""761.00""],[""0.1200"",""702.00""],[""0.1300"",""706.00""],[""0.1400"",""137.00""],[""0.1500"",""2156.00""],[""0.1600"",""1125.03""],[""0.1700"",""373.00""],[""0.1800"",""419.00""],[""0.1900"",""4.00""]]","[[""0.7100"",""126.40""],[""0.7200"",""127.38""],[""0.7300"",""127.36""],[""0.7400"",""145.35""],[""0.7500"",""157.33""],[""0.7600"",""276.31""],[""0.7700"",""526.29""],[""0.7800"",""170.00""],[""0.7900"",""337.00""],[""0.8000"",""3215.17""]]"
2026-05-16T12:18:40.286Z,KXBTC15M-26MAY160830-30,BTC price up in next 15 mins?,KXBTC15M-26MAY160830,2026-05-16T12:30:00Z,active,0.24,0.25,0.75,0.76,0.245,0.25,62816.26,42847.71,466.0,2277.77,"[[""0.0920"",""625.00""],[""0.0940"",""125.00""],[""0.0960"",""125.00""],[""0.0980"",""125.00""],[""0.1000"",""1026.00""],[""0.1100"",""1852.00""],[""0.1200"",""702.00""],[""0.1300"",""1246.03""],[""0.1400"",""585.00""],[""0.1500"",""466.00""]]","[[""0.7500"",""152.33""],[""0.7600"",""276.31""],[""0.7700"",""126.29""],[""0.7800"",""125.00""],[""0.7900"",""150.00""],[""0.8000"",""560.00""],[""0.8100"",""125.00""],[""0.8200"",""46.51""],[""0.8300"",""1158.39""],[""0.8400"",""2277.77""]]"
2026-05-16T12:18:42.270Z,KXBTC15M-26MAY160830-30,BTC price up in next 15 mins?,KXBTC15M-26MAY160830,2026-05-16T12:30:00Z,active,0.24,0.25,0.75,0.76,0.245,0.25,62816.26,42847.71,969.87,1924.77,"[[""0.0920"",""125.00""],[""0.0940"",""125.00""],[""0.0960"",""125.00""],[""0.0980"",""125.00""],[""0.1000"",""1526.00""],[""0.1100"",""312.00""],[""0.1200"",""2242.00""],[""0.1300"",""193.00""],[""0.1400"",""2230.81""],[""0.1500"",""969.87""]]","[[""0.7500"",""154.33""],[""0.7600"",""425.31""],[""0.7700"",""126.29""],[""0.7800"",""206.28""],[""0.7900"",""301.26""],[""0.8000"",""526.25""],[""0.8100"",""169.23""],[""0.8200"",""1044.90""],[""0.8300"",""152.00""],[""0.8400"",""1924.77""]]"
2026-05-16T12:18:44.266Z,KXBTC15M-26MAY160830-30,BTC price up in next 15 mins?,KXBTC15M-26MAY160830,2026-05-16T12:30:00Z,active,0.15,0.16,0.84,0.85,0.155,0.16,71390.40,46421.00,325.02,1899.24,"[[""0.0940"",""125.00""],[""0.0950"",""75.00""],[""0.0960"",""125.00""],[""0.0980"",""125.00""],[""0.1000"",""1574.00""],[""0.1100"",""312.00""],[""0.1200"",""2242.00""],[""0.1300"",""193.00""],[""0.1400"",""2630.81""],[""0.1500"",""325.02""]]","[[""0.7500"",""154.33""],[""0.7600"",""425.31""],[""0.7700"",""126.29""],[""0.7800"",""131.28""],[""0.7900"",""301.26""],[""0.8000"",""126.25""],[""0.8100"",""669.23""],[""0.8200"",""1063.90""],[""0.8300"",""150.00""],[""0.8400"",""1899.24""]]"
2026-05-16T12:18:46.262Z,KXBTC15M-26MAY160830-30,BTC price up in next 15 mins?,KXBTC15M-26MAY160830,2026-05-16T12:30:00Z,active,0.15,0.16,0.84,0.85,0.155,0.16,71390.40,46421.00,1322.83,1443.09,"[[""0.0920"",""125.00""],[""0.0940"",""125.00""],[""0.0960"",""125.00""],[""0.0980"",""125.00""],[""0.1000"",""1574.00""],[""0.1100"",""312.00""],[""0.1200"",""2242.00""],[""0.1300"",""593.00""],[""0.1400"",""2220.81""],[""0.1500"",""1322.83""]]","[[""0.7500"",""152.33""],[""0.7600"",""427.31""],[""0.7700"",""126.29""],[""0.7800"",""131.28""],[""0.7900"",""151.26""],[""0.8000"",""276.25""],[""0.8100"",""669.23""],[""0.8200"",""1063.90""],[""0.8300"",""150.00""],[""0.8400"",""1443.09""]]"
2026-05-16T12:18:48.273Z,KXBTC15M-26MAY160830-30,BTC price up in next 15 mins?,KXBTC15M-26MAY160830,2026-05-16T12:30:00Z,active,0.15,0.16,0.84,0.85,0.155,0.16,71390.40,46421.00,188.85,2297.3,"[[""0.0920"",""625.00""],[""0.0940"",""125.00""],[""0.0960"",""200.00""],[""0.0980"",""125.00""],[""0.1000"",""1074.00""],[""0.1100"",""312.00""],[""0.1200"",""2242.00""],[""0.1300"",""1577.03""],[""0.1400"",""195.00""],[""0.1500"",""188.85""]]","[[""0.7500"",""152.33""],[""0.7600"",""425.31""],[""0.7700"",""126.29""],[""0.7800"",""131.28""],[""0.7900"",""152.26""],[""0.8000"",""276.25""],[""0.8100"",""626.23""],[""0.8200"",""106.51""],[""0.8300"",""1345.39""],[""0.8400"",""2297.30""]]"
2026-05-16T12:18:50.261Z,KXBTC15M-26MAY160830-30,BTC price up in next 15 mins?,KXBTC15M-26MAY160830,2026-05-16T12:30:00Z,active,0.15,0.16,0.84,0.85,0.155,0.16,71390.40,46421.00,85.0,1008.61,"[[""0.0910"",""100.00""],[""0.0920"",""625.00""],[""0.0940"",""125.00""],[""0.0960"",""125.00""],[""0.0980"",""125.00""],[""0.1000"",""1479.00""],[""0.1100"",""312.00""],[""0.1200"",""2244.00""],[""0.1300"",""2972.84""],[""0.1400"",""85.00""]]","[[""0.7600"",""425.31""],[""0.7700"",""126.29""],[""0.7800"",""201.28""],[""0.7900"",""152.26""],[""0.8000"",""277.25""],[""0.8100"",""226.23""],[""0.8200"",""112.72""],[""0.8300"",""1318.39""],[""0.8400"",""1701.02""],[""0.8500"",""1008.61""]]"
2026-05-16T12:18:52.278Z,KXBTC15M-26MAY160830-30,BTC price up in next 15 mins?,KXBTC15M-26MAY160830,2026-05-16T12:30:00Z,active,0.15,0.16,0.84,0.85,0.155,0.16,71390.40,46421.00,75.46,916.24,"[[""0.0910"",""100.00""],[""0.0920"",""125.00""],[""0.0940"",""125.00""],[""0.0960"",""125.00""],[""0.0980"",""125.00""],[""0.1000"",""1929.00""],[""0.1100"",""355.00""],[""0.1200"",""754.00""],[""0.1300"",""4482.84""],[""0.1400"",""75.46""]]","[[""0.7600"",""825.31""],[""0.7700"",""126.29""],[""0.7800"",""201.28""],[""0.7900"",""152.26""],[""0.8000"",""277.25""],[""0.8100"",""126.23""],[""0.8200"",""112.72""],[""0.8300"",""2692.41""],[""0.8400"",""153.00""],[""0.8500"",""916.24""]]"
2026-05-16T12:18:54.269Z,KXBTC15M-26MAY160830-30,BTC price up in next 15 mins?,KXBTC15M-26MAY160830,2026-05-16T12:30:00Z,active,0.15,0.16,0.84,0.85,0.155,0.16,71390.40,46421.00,515.46,188.7,"[[""0.0910"",""100.00""],[""0.0920"",""625.00""],[""0.0940"",""125.00""],[""0.0960"",""125.00""],[""0.0980"",""125.00""],[""0.1000"",""1029.00""],[""0.1100"",""312.00""],[""0.1200"",""3294.06""],[""0.1300"",""187.00""],[""0.1400"",""515.46""]]","[[""0.7600"",""825.31""],[""0.7700"",""126.29""],[""0.7800"",""201.28""],[""0.7900"",""152.26""],[""0.8000"",""297.25""],[""0.8100"",""526.23""],[""0.8200"",""112.72""],[""0.8300"",""152.00""],[""0.8400"",""2865.41""],[""0.8500"",""188.70""]]"
2026-05-16T12:18:56.272Z,KXBTC15M-26MAY160830-30,BTC price up in next 15 mins?,KXBTC15M-26MAY160830,2026-05-16T12:30:00Z,active,0.15,0.16,0.84,0.85,0.155,0.16,71390.40,46421.00,85.0,93.21,"[[""0.0910"",""100.00""],[""0.0920"",""125.00""],[""0.0940"",""125.00""],[""0.0960"",""125.00""],[""0.0980"",""125.00""],[""0.1000"",""1529.00""],[""0.1100"",""312.00""],[""0.1200"",""2294.00""],[""0.1300"",""3411.84""],[""0.1400"",""85.00""]]","[[""0.7600"",""825.31""],[""0.7700"",""126.29""],[""0.7800"",""126.28""],[""0.7900"",""227.26""],[""0.8000"",""297.25""],[""0.8100"",""526.23""],[""0.8200"",""112.72""],[""0.8300"",""152.00""],[""0.8400"",""2866.41""],[""0.8500"",""93.21""]]"
2026-05-16T12:18:58.274Z,KXBTC15M-26MAY160830-30,BTC price up in next 15 mins?,KXBTC15M-26MAY160830,2026-05-16T12:30:00Z,active,0.15,0.16,0.84,0.85,0.155,0.16,71390.40,46421.00,459.3,728.63,"[[""0.0900"",""513.00""],[""0.0910"",""100.00""],[""0.0920"",""125.00""],[""0.0940"",""125.00""],[""0.0960"",""125.00""],[""0.0980"",""125.00""],[""0.1000"",""1029.00""],[""0.1100"",""2852.06""],[""0.1200"",""2583.78""],[""0.1300"",""459.30""]]","[[""0.7700"",""126.29""],[""0.7800"",""126.28""],[""0.7900"",""152.26""],[""0.8000"",""277.25""],[""0.8100"",""126.23""],[""0.8200"",""469.72""],[""0.8300"",""196.20""],[""0.8400"",""311.00""],[""0.8500"",""2673.41""],[""0.8600"",""728.63""]]"
2026-05-16T12:19:00.282Z,KXBTC15M-26MAY160830-30,BTC price up in next 15 mins?,KXBTC15M-26MAY160830,2026-05-16T12:30:00Z,active,0.15,0.16,0.84,0.85,0.155,0.16,71390.40,46421.00,2362.3,500.0,"[[""0.0880"",""126.00""],[""0.0900"",""260.00""],[""0.0910"",""100.00""],[""0.0920"",""125.00""],[""0.0940"",""125.00""],[""0.0960"",""525.00""],[""0.0980"",""125.00""],[""0.1000"",""852.00""],[""0.1100"",""2831.06""],[""0.1200"",""2362.30""]]","[[""0.7800"",""126.28""],[""0.7900"",""152.26""],[""0.8000"",""352.25""],[""0.8100"",""126.23""],[""0.8200"",""469.72""],[""0.8300"",""153.20""],[""0.8400"",""354.00""],[""0.8500"",""1695.02""],[""0.8600"",""1141.39""],[""0.8700"",""500.00""]]"
2026-05-16T12:19:02.288Z,KXBTC15M-26MAY160830-30,BTC price up in next 15 mins?,KXBTC15M-26MAY160830,2026-05-16T12:30:00Z,active,0.15,0.16,0.84,0.85,0.155,0.16,71390.40,46421.00,2401.3,265.5,"[[""0.0900"",""300.00""],[""0.0910"",""100.00""],[""0.0920"",""525.00""],[""0.0940"",""125.00""],[""0.0950"",""43.00""],[""0.0960"",""125.00""],[""0.0980"",""125.00""],[""0.1000"",""852.00""],[""0.1100"",""2833.06""],[""0.1200"",""2401.30""]]","[[""0.7800"",""126.28""],[""0.7900"",""152.26""],[""0.8000"",""202.25""],[""0.8100"",""276.23""],[""0.8200"",""469.72""],[""0.8300"",""151.20""],[""0.8400"",""191.19""],[""0.8500"",""2695.41""],[""0.8600"",""141.00""],[""0.8700"",""265.50""]]"
2026-05-16T12:19:04.264Z,KXBTC15M-26MAY160830-30,BTC price up in next 15 mins?,KXBTC15M-26MAY160830,2026-05-16T12:30:00Z,active,0.15,0.16,0.84,0.85,0.155,0.16,71390.40,46421.00,1826.54,575.15,"[[""0.0900"",""700.00""],[""0.0910"",""100.00""],[""0.0920"",""125.00""],[""0.0940"",""125.00""],[""0.0950"",""43.00""],[""0.0960"",""125.00""],[""0.0980"",""125.00""],[""0.1000"",""886.00""],[""0.1100"",""3103.84""],[""0.1200"",""1826.54""]]","[[""0.7800"",""126.28""],[""0.7900"",""651.26""],[""0.8000"",""527.25""],[""0.8100"",""575.23""],[""0.8200"",""50.72""],[""0.8300"",""151.20""],[""0.8400"",""1731.21""],[""0.8500"",""1144.39""],[""0.8600"",""542.00""],[""0.8700"",""575.15""]]"
2026-05-16T12:19:06.257Z,KXBTC15M-26MAY160830-30,BTC price up in next 15 mins?,KXBTC15M-26MAY160830,2026-05-16T12:30:00Z,active,0.15,0.16,0.84,0.85,0.155,0.16,71390.40,46421.00,25.0,96.19,"[[""0.0910"",""100.00""],[""0.0920"",""125.00""],[""0.0940"",""125.00""],[""0.0960"",""125.00""],[""0.0980"",""125.00""],[""0.1000"",""867.00""],[""0.1100"",""272.00""],[""0.1200"",""567.00""],[""0.1300"",""2090.78""],[""0.1400"",""25.00""]]","[[""0.7500"",""172.33""],[""0.7600"",""148.31""],[""0.7700"",""127.29""],[""0.7800"",""126.28""],[""0.7900"",""152.26""],[""0.8000"",""527.25""],[""0.8100"",""1666.23""],[""0.8200"",""1600.72""],[""0.8300"",""153.20""],[""0.8400"",""96.19""]]"
2026-05-16T12:19:08.271Z,KXBTC15M-26MAY160830-30,BTC price up in next 15 mins?,KXBTC15M-26MAY160830,2026-05-16T12:30:00Z,active,0.15,0.16,0.84,0.85,0.155,0.16,71390.40,46421.00,211.17,583.0,"[[""0.0910"",""100.00""],[""0.0920"",""125.00""],[""0.0940"",""125.00""],[""0.0960"",""125.00""],[""0.0980"",""525.00""],[""0.1000"",""975.00""],[""0.1100"",""272.00""],[""0.1200"",""774.00""],[""0.1300"",""4387.78""],[""0.1400"",""211.17""]]","[[""0.7600"",""148.31""],[""0.7700"",""426.29""],[""0.7800"",""126.28""],[""0.7900"",""302.26""],[""0.8000"",""527.25""],[""0.8100"",""145.23""],[""0.8200"",""2590.72""],[""0.8300"",""195.00""],[""0.8400"",""660.00""],[""0.8500"",""583.00""]]"
2026-05-16T12:19:10.266Z,KXBTC15M-26MAY160830-30,BTC price up in next 15 mins?,KXBTC15M-26MAY160830,2026-05-16T12:30:00Z,active,0.15,0.16,0.84,0.85,0.155,0.16,71390.40,46421.00,1755.02,605.99,"[[""0.0910"",""100.00""],[""0.0920"",""125.00""],[""0.0940"",""125.00""],[""0.0960"",""125.00""],[""0.0980"",""125.00""],[""0.1000"",""1375.00""],[""0.1100"",""772.00""],[""0.1200"",""274.00""],[""0.1300"",""2862.78""],[""0.1400"",""1755.02""]]","[[""0.7600"",""148.31""],[""0.7700"",""426.29""],[""0.7800"",""126.28""],[""0.7900"",""377.26""],[""0.8000"",""527.25""],[""0.8100"",""145.23""],[""0.8200"",""1590.72""],[""0.8300"",""1195.00""],[""0.8400"",""584.00""],[""0.8500"",""605.99""]]"
2026-05-16T12:19:12.273Z,KXBTC15M-26MAY160830-30,BTC price up in next 15 mins?,KXBTC15M-26MAY160830,2026-05-16T12:30:00Z,active,0.15,0.16,0.84,0.85,0.155,0.16,71390.40,46421.00,181.0,1136.38,"[[""0.0980"",""125.00""],[""0.1000"",""970.00""],[""0.1100"",""571.00""],[""0.1200"",""290.00""],[""0.1300"",""140.00""],[""0.1400"",""275.00""],[""0.1500"",""1467.20""],[""0.1600"",""2184.02""],[""0.1700"",""1114.78""],[""0.1800"",""181.00""]]","[[""0.7200"",""126.38""],[""0.7300"",""277.36""],[""0.7400"",""145.35""],[""0.7500"",""182.33""],[""0.7600"",""148.31""],[""0.7700"",""127.29""],[""0.7800"",""615.28""],[""0.7900"",""2091.00""],[""0.8000"",""1047.00""],[""0.8100"",""1136.38""]]"
2026-05-16T12:19:14.266Z,KXBTC15M-26MAY160830-30,BTC price up in next 15 mins?,KXBTC15M-26MAY160830,2026-05-16T12:30:00Z,active,0.17,0.18,0.82,0.83,0.175,0.17,85901.18,54059.11,194.0,1063.85,"[[""0.0960"",""125.00""],[""0.0980"",""125.00""],[""0.1000"",""970.00""],[""0.1100"",""571.00""],[""0.1200"",""290.00""],[""0.1300"",""140.00""],[""0.1400"",""275.00""],[""0.1500"",""1967.20""],[""0.1600"",""2661.80""],[""0.1700"",""194.00""]]","[[""0.7200"",""126.38""],[""0.7300"",""277.36""],[""0.7400"",""145.35""],[""0.7500"",""182.33""],[""0.7600"",""148.31""],[""0.7700"",""127.29""],[""0.7800"",""615.28""],[""0.7900"",""2091.00""],[""0.8000"",""1047.00""],[""0.8100"",""1063.85""]]"
2026-05-16T12:19:16.272Z,KXBTC15M-26MAY160830-30,BTC price up in next 15 mins?,KXBTC15M-26MAY160830,2026-05-16T12:30:00Z,active,0.17,0.18,0.82,0.83,0.175,0.17,85901.18,54059.11,287.46,36.52,"[[""0.0960"",""125.00""],[""0.0980"",""125.00""],[""0.1000"",""970.00""],[""0.1100"",""646.00""],[""0.1200"",""215.00""],[""0.1300"",""292.00""],[""0.1400"",""125.00""],[""0.1500"",""1967.20""],[""0.1600"",""2669.80""],[""0.1700"",""287.46""]]","[[""0.7300"",""127.36""],[""0.7400"",""295.35""],[""0.7500"",""182.33""],[""0.7600"",""148.31""],[""0.7700"",""127.29""],[""0.7800"",""615.28""],[""0.7900"",""2092.26""],[""0.8000"",""531.00""],[""0.8100"",""1178.68""],[""0.8200"",""36.52""]]"
2026-05-16T12:19:18.265Z,KXBTC15M-26MAY160830-30,BTC price up in next 15 mins?,KXBTC15M-26MAY160830,2026-05-16T12:30:00Z,active,0.17,0.18,0.82,0.83,0.175,0.17,85901.18,54059.11,10.0,648.39,"[[""0.0980"",""125.00""],[""0.1000"",""978.00""],[""0.1100"",""347.00""],[""0.1200"",""215.00""],[""0.1300"",""292.00""],[""0.1400"",""168.00""],[""0.1500"",""967.20""],[""0.1600"",""2715.02""],[""0.1700"",""1192.78""],[""0.1800"",""10.00""]]","[[""0.7200"",""126.38""],[""0.7300"",""127.36""],[""0.7400"",""276.35""],[""0.7500"",""182.33""],[""0.7600"",""148.31""],[""0.7700"",""127.29""],[""0.7800"",""613.28""],[""0.7900"",""2091.00""],[""0.8000"",""1545.72""],[""0.8100"",""648.39""]]"
2026-05-16T12:19:20.270Z,KXBTC15M-26MAY160830-30,BTC price up in next 15 mins?,KXBTC15M-26MAY160830,2026-05-16T12:30:00Z,active,0.17,0.18,0.82,0.83,0.175,0.17,85901.18,54059.11,25.0,622.59,"[[""0.0960"",""125.00""],[""0.0980"",""125.00""],[""0.1000"",""978.00""],[""0.1100"",""272.00""],[""0.1200"",""215.00""],[""0.1300"",""292.00""],[""0.1400"",""187.00""],[""0.1500"",""967.20""],[""0.1600"",""3810.78""],[""0.1700"",""25.00""]]","[[""0.7200"",""126.38""],[""0.7300"",""426.36""],[""0.7400"",""276.35""],[""0.7500"",""182.33""],[""0.7600"",""148.31""],[""0.7700"",""127.29""],[""0.7800"",""613.28""],[""0.7900"",""2111.26""],[""0.8000"",""1534.97""],[""0.8100"",""622.59""]]"
2026-05-16T12:19:22.267Z,KXBTC15M-26MAY160830-30,BTC price up in next 15 mins?,KXBTC15M-26MAY160830,2026-05-16T12:30:00Z,active,0.17,0.18,0.82,0.83,0.175,0.17,85901.18,54059.11,147.82,16.0,"[[""0.0960"",""125.00""],[""0.0980"",""125.00""],[""0.1000"",""978.00""],[""0.1100"",""272.00""],[""0.1200"",""215.00""],[""0.1300"",""292.00""],[""0.1400"",""187.00""],[""0.1500"",""967.20""],[""0.1600"",""3680.78""],[""0.1700"",""147.82""]]","[[""0.7300"",""426.36""],[""0.7400"",""276.35""],[""0.7500"",""182.33""],[""0.7600"",""148.31""],[""0.7700"",""127.29""],[""0.7800"",""613.28""],[""0.7900"",""2111.26""],[""0.8000"",""1534.72""],[""0.8100"",""622.59""],[""0.8200"",""16.00""]]"
2026-05-16T12:19:24.270Z,KXBTC15M-26MAY160830-30,BTC price up in next 15 mins?,KXBTC15M-26MAY160830,2026-05-16T12:30:00Z,active,0.17,0.18,0.82,0.83,0.175,0.17,85901.18,54059.11,105.58,5.5,"[[""0.0960"",""125.00""],[""0.0980"",""125.00""],[""0.1000"",""978.00""],[""0.1100"",""272.00""],[""0.1200"",""365.00""],[""0.1300"",""142.00""],[""0.1400"",""544.00""],[""0.1500"",""610.20""],[""0.1600"",""3637.90""],[""0.1700"",""105.58""]]","[[""0.7300"",""426.36""],[""0.7400"",""126.35""],[""0.7500"",""332.33""],[""0.7600"",""223.31""],[""0.7700"",""127.29""],[""0.7800"",""613.28""],[""0.7900"",""2111.26""],[""0.8000"",""1721.72""],[""0.8100"",""579.59""],[""0.8200"",""5.50""]]"
2026-05-16T12:19:26.267Z,KXBTC15M-26MAY160830-30,BTC price up in next 15 mins?,KXBTC15M-26MAY160830,2026-05-16T12:30:00Z,active,0.17,0.18,0.82,0.83,0.175,0.17,85901.18,54059.11,156.58,644.53,"[[""0.0960"",""125.00""],[""0.0980"",""125.00""],[""0.1000"",""978.00""],[""0.1100"",""352.00""],[""0.1200"",""360.00""],[""0.1300"",""142.00""],[""0.1400"",""544.00""],[""0.1500"",""610.20""],[""0.1600"",""3507.90""],[""0.1700"",""156.58""]]","[[""0.7200"",""126.38""],[""0.7300"",""425.36""],[""0.7400"",""126.35""],[""0.7500"",""333.33""],[""0.7600"",""148.31""],[""0.7700"",""127.29""],[""0.7800"",""570.28""],[""0.7900"",""1711.26""],[""0.8000"",""2116.72""],[""0.8100"",""644.53""]]"
2026-05-16T12:19:28.271Z,KXBTC15M-26MAY160830-30,BTC price up in next 15 mins?,KXBTC15M-26MAY160830,2026-05-16T12:30:00Z,active,0.17,0.18,0.82,0.83,0.175,0.17,85901.18,54059.11,140.0,500.86,"[[""0.0980"",""125.00""],[""0.1000"",""978.00""],[""0.1100"",""272.00""],[""0.1200"",""360.00""],[""0.1300"",""142.00""],[""0.1400"",""544.00""],[""0.1500"",""615.20""],[""0.1600"",""3480.90""],[""0.1700"",""236.58""],[""0.1800"",""140.00""]]","[[""0.7200"",""126.38""],[""0.7300"",""425.36""],[""0.7400"",""126.35""],[""0.7500"",""408.33""],[""0.7600"",""148.31""],[""0.7700"",""132.29""],[""0.7800"",""613.28""],[""0.7900"",""2110.00""],[""0.8000"",""1541.84""],[""0.8100"",""500.86""]]"
2026-05-16T12:19:30.261Z,KXBTC15M-26MAY160830-30,BTC price up in next 15 mins?,KXBTC15M-26MAY160830,2026-05-16T12:30:00Z,active,0.17,0.18,0.82,0.83,0.175,0.17,85901.18,54059.11,275.41,677.58,"[[""0.0960"",""125.00""],[""0.0980"",""125.00""],[""0.1000"",""978.00""],[""0.1100"",""272.00""],[""0.1200"",""360.00""],[""0.1300"",""142.00""],[""0.1400"",""544.00""],[""0.1500"",""615.20""],[""0.1600"",""2606.14""],[""0.1700"",""275.41""]]","[[""0.7200"",""126.38""],[""0.7300"",""425.36""],[""0.7400"",""126.35""],[""0.7500"",""333.33""],[""0.7600"",""148.31""],[""0.7700"",""132.29""],[""0.7800"",""613.28""],[""0.7900"",""2111.26""],[""0.8000"",""1531.84""],[""0.8100"",""677.58""]]"
2026-05-16T12:19:32.271Z,KXBTC15M-26MAY160830-30,BTC price up in next 15 mins?,KXBTC15M-26MAY160830,2026-05-16T12:30:00Z,active,0.17,0.18,0.82,0.83,0.175,0.17,85901.18,54059.11,274.78,589.0,"[[""0.0960"",""125.00""],[""0.0980"",""125.00""],[""0.1000"",""978.00""],[""0.1100"",""347.00""],[""0.1200"",""210.00""],[""0.1300"",""290.00""],[""0.1400"",""646.00""],[""0.1500"",""515.20""],[""0.1600"",""2630.14""],[""0.1700"",""274.78""]]","[[""0.7300"",""425.36""],[""0.7400"",""276.35""],[""0.7500"",""183.33""],[""0.7600"",""148.31""],[""0.7700"",""132.29""],[""0.7800"",""569.28""],[""0.7900"",""1713.26""],[""0.8000"",""1973.84""],[""0.8100"",""135.00""],[""0.8200"",""589.00""]]"
2026-05-16T12:19:34.270Z,KXBTC15M-26MAY160830-30,BTC price up in next 15 mins?,KXBTC15M-26MAY160830,2026-05-16T12:30:00Z,active,0.17,0.18,0.82,0.83,0.175,0.17,85901.18,54059.11,50.0,691.5,"[[""0.0980"",""125.00""],[""0.1000"",""978.00""],[""0.1100"",""347.00""],[""0.1200"",""360.00""],[""0.1300"",""142.00""],[""0.1400"",""144.00""],[""0.1500"",""1015.20""],[""0.1600"",""2580.14""],[""0.1700"",""281.58""],[""0.1800"",""50.00""]]","[[""0.7200"",""146.38""],[""0.7300"",""425.36""],[""0.7400"",""126.35""],[""0.7500"",""333.33""],[""0.7600"",""148.31""],[""0.7700"",""132.29""],[""0.7800"",""569.28""],[""0.7900"",""1713.26""],[""0.8000"",""1786.84""],[""0.8100"",""691.50""]]"
2026-05-16T12:19:36.267Z,KXBTC15M-26MAY160830-30,BTC price up in next 15 mins?,KXBTC15M-26MAY160830,2026-05-16T12:30:00Z,active,0.17,0.18,0.82,0.83,0.175,0.17,85901.18,54059.11,237.15,615.0,"[[""0.0980"",""125.00""],[""0.1000"",""978.00""],[""0.1100"",""347.00""],[""0.1200"",""360.00""],[""0.1300"",""142.00""],[""0.1400"",""144.00""],[""0.1500"",""1015.20""],[""0.1600"",""2572.14""],[""0.1700"",""151.58""],[""0.1800"",""237.15""]]","[[""0.7200"",""146.38""],[""0.7300"",""425.36""],[""0.7400"",""126.35""],[""0.7500"",""333.33""],[""0.7600"",""148.31""],[""0.7700"",""132.29""],[""0.7800"",""569.28""],[""0.7900"",""1712.00""],[""0.8000"",""1973.84""],[""0.8100"",""615.00""]]"
2026-05-16T12:19:38.272Z,KXBTC15M-26MAY160830-30,BTC price up in next 15 mins?,KXBTC15M-26MAY160830,2026-05-16T12:30:00Z,active,0.17,0.18,0.82,0.83,0.175,0.17,85901.18,54059.11,325.0,723.16,"[[""0.0980"",""125.00""],[""0.1000"",""978.00""],[""0.1100"",""347.00""],[""0.1200"",""360.00""],[""0.1300"",""142.00""],[""0.1400"",""144.00""],[""0.1500"",""1015.20""],[""0.1600"",""2548.14""],[""0.1700"",""158.58""],[""0.1800"",""325.00""]]","[[""0.7200"",""146.38""],[""0.7300"",""425.36""],[""0.7400"",""126.35""],[""0.7500"",""333.33""],[""0.7600"",""148.31""],[""0.7700"",""132.29""],[""0.7800"",""169.28""],[""0.7900"",""2112.00""],[""0.8000"",""1983.84""],[""0.8100"",""723.16""]]"
2026-05-16T12:19:40.274Z,KXBTC15M-26MAY160830-30,BTC price up in next 15 mins?,KXBTC15M-26MAY160830,2026-05-16T12:30:00Z,active,0.17,0.18,0.82,0.83,0.175,0.17,85901.18,54059.11,325.0,713.2,"[[""0.0980"",""125.00""],[""0.1000"",""978.00""],[""0.1100"",""497.00""],[""0.1200"",""210.00""],[""0.1300"",""142.00""],[""0.1400"",""144.00""],[""0.1500"",""1015.20""],[""0.1600"",""2548.14""],[""0.1700"",""158.58""],[""0.1800"",""325.00""]]","[[""0.7200"",""146.38""],[""0.7300"",""425.36""],[""0.7400"",""126.35""],[""0.7500"",""183.33""],[""0.7600"",""298.31""],[""0.7700"",""132.29""],[""0.7800"",""169.28""],[""0.7900"",""2112.00""],[""0.8000"",""1983.84""],[""0.8100"",""713.20""]]"
2026-05-16T12:19:42.262Z,KXBTC15M-26MAY160830-30,BTC price up in next 15 mins?,KXBTC15M-26MAY160830,2026-05-16T12:30:00Z,active,0.17,0.18,0.82,0.83,0.175,0.17,85901.18,54059.11,1675.14,40.0,"[[""0.0980"",""125.00""],[""0.1000"",""978.00""],[""0.1100"",""272.00""],[""0.1200"",""509.00""],[""0.1300"",""215.00""],[""0.1400"",""277.00""],[""0.1500"",""472.20""],[""0.1600"",""668.00""],[""0.1700"",""1192.58""],[""0.1800"",""1675.14""]]","[[""0.7200"",""145.38""],[""0.7300"",""276.36""],[""0.7400"",""126.35""],[""0.7500"",""173.33""],[""0.7600"",""148.31""],[""0.7700"",""132.29""],[""0.7800"",""2665.72""],[""0.7900"",""553.00""],[""0.8000"",""995.12""],[""0.8100"",""40.00""]]"
2026-05-16T12:19:44.274Z,KXBTC15M-26MAY160830-30,BTC price up in next 15 mins?,KXBTC15M-26MAY160830,2026-05-16T12:30:00Z,active,0.18,0.19,0.81,0.82,0.185,0.19,91632.87,56466.71,157.32,110.21,"[[""0.0980"",""125.00""],[""0.1000"",""978.00""],[""0.1100"",""441.00""],[""0.1200"",""285.00""],[""0.1300"",""142.00""],[""0.1400"",""525.00""],[""0.1500"",""165.20""],[""0.1600"",""625.00""],[""0.1700"",""2657.72""],[""0.1800"",""157.32""]]","[[""0.7200"",""126.38""],[""0.7300"",""126.36""],[""0.7400"",""126.35""],[""0.7500"",""672.33""],[""0.7600"",""298.31""],[""0.7700"",""431.29""],[""0.7800"",""1666.28""],[""0.7900"",""1170.72""],[""0.8000"",""1441.12""],[""0.8100"",""110.21""]]"
2026-05-16T12:19:46.276Z,KXBTC15M-26MAY160830-30,BTC price up in next 15 mins?,KXBTC15M-26MAY160830,2026-05-16T12:30:00Z,active,0.18,0.19,0.81,0.82,0.185,0.19,91632.87,56466.71,568.0,271.84,"[[""0.0890"",""50.00""],[""0.0900"",""2000.00""],[""0.0910"",""100.00""],[""0.0920"",""125.00""],[""0.0940"",""125.00""],[""0.0960"",""125.00""],[""0.0980"",""125.00""],[""0.1000"",""1991.00""],[""0.1100"",""282.00""],[""0.1200"",""568.00""]]","[[""0.7800"",""126.28""],[""0.7900"",""151.00""],[""0.8000"",""310.41""],[""0.8100"",""659.00""],[""0.8200"",""125.00""],[""0.8300"",""892.00""],[""0.8400"",""2665.00""],[""0.8500"",""127.00""],[""0.8600"",""206.12""],[""0.8700"",""271.84""]]"
2026-05-16T12:19:48.270Z,KXBTC15M-26MAY160830-30,BTC price up in next 15 mins?,KXBTC15M-26MAY160830,2026-05-16T12:30:00Z,active,0.18,0.19,0.81,0.82,0.185,0.19,91632.87,56466.71,136.0,579.92,"[[""0.0880"",""126.00""],[""0.0900"",""3019.00""],[""0.0910"",""100.00""],[""0.0920"",""125.00""],[""0.0940"",""125.00""],[""0.0950"",""10.00""],[""0.0960"",""125.00""],[""0.0980"",""125.00""],[""0.1000"",""1033.00""],[""0.1100"",""136.00""]]","[[""0.7900"",""151.00""],[""0.8000"",""236.66""],[""0.8100"",""775.23""],[""0.8200"",""201.21""],[""0.8300"",""450.20""],[""0.8400"",""146.19""],[""0.8500"",""145.17""],[""0.8600"",""535.12""],[""0.8700"",""2915.00""],[""0.8800"",""579.92""]]"
2026-05-16T12:19:50.279Z,KXBTC15M-26MAY160830-30,BTC price up in next 15 mins?,KXBTC15M-26MAY160830,2026-05-16T12:30:00Z,active,0.18,0.19,0.81,0.82,0.185,0.19,91632.87,56466.71,1153.0,362.06,"[[""0.0840"",""125.00""],[""0.0860"",""125.00""],[""0.0880"",""126.00""],[""0.0900"",""3019.00""],[""0.0910"",""100.00""],[""0.0920"",""125.00""],[""0.0940"",""2091.76""],[""0.0960"",""125.00""],[""0.0980"",""125.00""],[""0.1000"",""1153.00""]]","[[""0.8000"",""236.66""],[""0.8100"",""775.23""],[""0.8200"",""126.21""],[""0.8300"",""450.20""],[""0.8400"",""126.19""],[""0.8500"",""145.17""],[""0.8600"",""493.28""],[""0.8700"",""2990.00""],[""0.8800"",""100.38""],[""0.8900"",""362.06""]]"
2026-05-16T12:19:52.270Z,KXBTC15M-26MAY160830-30,BTC price up in next 15 mins?,KXBTC15M-26MAY160830,2026-05-16T12:30:00Z,active,0.18,0.19,0.81,0.82,0.185,0.19,91632.87,56466.71,1067.47,472.31,"[[""0.0840"",""125.00""],[""0.0860"",""125.00""],[""0.0880"",""126.00""],[""0.0900"",""3019.00""],[""0.0910"",""2066.76""],[""0.0920"",""125.00""],[""0.0940"",""125.00""],[""0.0960"",""125.00""],[""0.0980"",""125.00""],[""0.1000"",""1067.47""]]","[[""0.8000"",""127.25""],[""0.8100"",""884.64""],[""0.8200"",""126.21""],[""0.8300"",""506.20""],[""0.8400"",""126.19""],[""0.8500"",""145.17""],[""0.8600"",""493.28""],[""0.8700"",""2880.00""],[""0.8800"",""281.92""],[""0.8900"",""472.31""]]"
2026-05-16T12:19:54.274Z,KXBTC15M-26MAY160830-30,BTC price up in next 15 mins?,KXBTC15M-26MAY160830,2026-05-16T12:30:00Z,active,0.18,0.19,0.81,0.82,0.185,0.19,91632.87,56466.71,215.0,371.43,"[[""0.0840"",""125.00""],[""0.0860"",""125.00""],[""0.0880"",""126.00""],[""0.0900"",""3000.00""],[""0.0910"",""100.00""],[""0.0920"",""125.00""],[""0.0940"",""2091.76""],[""0.0960"",""125.00""],[""0.0980"",""87.75""],[""0.1000"",""215.00""]]","[[""0.8000"",""142.25""],[""0.8100"",""235.64""],[""0.8200"",""276.21""],[""0.8300"",""207.20""],[""0.8400"",""166.19""],[""0.8500"",""169.17""],[""0.8600"",""493.28""],[""0.8700"",""1895.00""],[""0.8800"",""1280.32""],[""0.8900"",""371.43""]]"
2026-05-16T12:19:56.276Z,KXBTC15M-26MAY160830-30,BTC price up in next 15 mins?,KXBTC15M-26MAY160830,2026-05-16T12:30:00Z,active,0.18,0.19,0.81,0.82,0.185,0.19,91632.87,56466.71,157.84,115.26,"[[""0.0860"",""125.00""],[""0.0880"",""126.00""],[""0.0900"",""3000.00""],[""0.0910"",""100.00""],[""0.0920"",""125.00""],[""0.0930"",""43.00""],[""0.0940"",""125.00""],[""0.0960"",""2257.76""],[""0.0980"",""87.75""],[""0.1000"",""157.84""]]","[[""0.8000"",""142.25""],[""0.8100"",""385.64""],[""0.8200"",""625.21""],[""0.8300"",""282.20""],[""0.8400"",""465.19""],[""0.8500"",""126.17""],[""0.8600"",""536.28""],[""0.8700"",""1914.00""],[""0.8800"",""1334.63""],[""0.8900"",""115.26""]]"
2026-05-16T12:19:58.263Z,KXBTC15M-26MAY160830-30,BTC price up in next 15 mins?,KXBTC15M-26MAY160830,2026-05-16T12:30:00Z,active,0.18,0.19,0.81,0.82,0.185,0.19,91632.87,56466.71,164.84,237.78,"[[""0.0860"",""125.00""],[""0.0880"",""126.00""],[""0.0900"",""3000.00""],[""0.0910"",""100.00""],[""0.0920"",""125.00""],[""0.0940"",""125.00""],[""0.0960"",""125.00""],[""0.0970"",""10.00""],[""0.0980"",""87.75""],[""0.1000"",""164.84""]]","[[""0.8000"",""142.25""],[""0.8100"",""235.64""],[""0.8200"",""775.21""],[""0.8300"",""207.20""],[""0.8400"",""465.19""],[""0.8500"",""126.17""],[""0.8600"",""536.28""],[""0.8700"",""1914.00""],[""0.8800"",""1301.63""],[""0.8900"",""237.78""]]"
2026-05-16T12:20:00.267Z,KXBTC15M-26MAY160830-30,BTC price up in next 15 mins?,KXBTC15M-26MAY160830,2026-05-16T12:30:00Z,active,0.18,0.19,0.81,0.82,0.185,0.19,91632.87,56466.71,24.75,928.0,"[[""0.0800"",""154.00""],[""0.0820"",""125.00""],[""0.0840"",""125.00""],[""0.0860"",""125.00""],[""0.0880"",""126.00""],[""0.0900"",""2800.00""],[""0.0920"",""125.00""],[""0.0930"",""2132.76""],[""0.0940"",""135.00""],[""0.0960"",""24.75""]]","[[""0.8100"",""250.64""],[""0.8200"",""775.21""],[""0.8300"",""207.20""],[""0.8400"",""540.19""],[""0.8500"",""126.17""],[""0.8600"",""534.28""],[""0.8700"",""1916.00""],[""0.8800"",""1291.63""],[""0.8900"",""35.08""],[""0.9000"",""928.00""]]"
2026-05-16T12:20:02.269Z,KXBTC15M-26MAY160830-30,BTC price up in next 15 mins?,KXBTC15M-26MAY160830,2026-05-16T12:30:00Z,active,0.18,0.19,0.81,0.82,0.185,0.19,91632.87,56466.71,19.72,407.54,"[[""0.0820"",""125.00""],[""0.0840"",""125.00""],[""0.0850"",""43.00""],[""0.0860"",""125.00""],[""0.0880"",""126.00""],[""0.0900"",""2958.00""],[""0.0920"",""1965.38""],[""0.0940"",""125.00""],[""0.0950"",""10.00""],[""0.0960"",""19.72""]]","[[""0.8100"",""270.64""],[""0.8200"",""625.21""],[""0.8300"",""301.20""],[""0.8400"",""521.19""],[""0.8500"",""127.17""],[""0.8600"",""134.28""],[""0.8700"",""2329.00""],[""0.8800"",""1293.63""],[""0.8900"",""539.00""],[""0.9000"",""407.54""]]"
2026-05-16T12:20:04.276Z,KXBTC15M-26MAY160830-30,BTC price up in next 15 mins?,KXBTC15M-26MAY160830,2026-05-16T12:30:00Z,active,0.18,0.19,0.81,0.82,0.185,0.19,91632.87,56466.71,145.13,483.0,"[[""0.0820"",""125.00""],[""0.0830"",""43.00""],[""0.0840"",""125.00""],[""0.0860"",""125.00""],[""0.0880"",""126.00""],[""0.0890"",""10.00""],[""0.0900"",""2258.38""],[""0.0910"",""13.00""],[""0.0920"",""125.00""],[""0.0940"",""145.13""]]","[[""0.8200"",""775.21""],[""0.8300"",""152.20""],[""0.8400"",""596.19""],[""0.8500"",""127.17""],[""0.8600"",""101.28""],[""0.8700"",""832.00""],[""0.8800"",""2833.63""],[""0.8900"",""159.00""],[""0.9000"",""270.33""],[""0.9020"",""483.00""]]"
2026-05-16T12:20:06.276Z,KXBTC15M-26MAY160830-30,BTC price up in next 15 mins?,KXBTC15M-26MAY160830,2026-05-16T12:30:00Z,active,0.18,0.19,0.81,0.82,0.185,0.19,91632.87,56466.71,1166.0,75.0,"[[""0.0560"",""175.00""],[""0.0580"",""168.00""],[""0.0600"",""1931.00""],[""0.0620"",""125.00""],[""0.0640"",""125.00""],[""0.0650"",""1841.38""],[""0.0660"",""1.00""],[""0.0670"",""125.00""],[""0.0680"",""13.00""],[""0.0700"",""1166.00""]]","[[""0.9060"",""125.00""],[""0.9090"",""291.00""],[""0.9100"",""5.00""],[""0.9130"",""125.00""],[""0.9140"",""400.00""],[""0.9150"",""125.00""],[""0.9160"",""10.00""],[""0.9170"",""125.00""],[""0.9220"",""500.00""],[""0.9230"",""75.00""]]"
2026-05-16T12:20:08.275Z,KXBTC15M-26MAY160830-30,BTC price up in next 15 mins?,KXBTC15M-26MAY160830,2026-05-16T12:30:00Z,active,0.18,0.19,0.81,0.82,0.185,0.19,91632.87,56466.71,189.72,75.0,"[[""0.0730"",""125.00""],[""0.0760"",""125.00""],[""0.0800"",""2684.00""],[""0.0810"",""43.00""],[""0.0830"",""125.00""],[""0.0860"",""1500.00""],[""0.0870"",""125.00""],[""0.0890"",""134.00""],[""0.0930"",""149.00""],[""0.0960"",""189.72""]]","[[""0.8200"",""677.21""],[""0.8300"",""451.20""],[""0.8400"",""182.19""],[""0.8500"",""127.17""],[""0.8600"",""184.28""],[""0.8700"",""2073.00""],[""0.8800"",""1527.00""],[""0.8900"",""630.00""],[""0.9000"",""307.33""],[""0.9030"",""75.00""]]"
2026-05-16T12:20:10.266Z,KXBTC15M-26MAY160830-30,BTC price up in next 15 mins?,KXBTC15M-26MAY160830,2026-05-16T12:30:00Z,active,0.18,0.19,0.81,0.82,0.185,0.19,91632.87,56466.71,152.95,64.4,"[[""0.0720"",""500.00""],[""0.0730"",""125.00""],[""0.0760"",""125.00""],[""0.0800"",""2684.00""],[""0.0810"",""43.00""],[""0.0830"",""125.00""],[""0.0870"",""1625.00""],[""0.0890"",""134.00""],[""0.0930"",""149.00""],[""0.0960"",""152.95""]]","[[""0.8200"",""635.21""],[""0.8300"",""500.20""],[""0.8400"",""182.19""],[""0.8500"",""127.17""],[""0.8600"",""144.28""],[""0.8700"",""2473.00""],[""0.8800"",""1167.00""],[""0.8900"",""630.00""],[""0.9000"",""308.33""],[""0.9030"",""64.40""]]"
2026-05-16T12:20:12.266Z,KXBTC15M-26MAY160830-30,BTC price up in next 15 mins?,KXBTC15M-26MAY160830,2026-05-16T12:30:00Z,active,0.18,0.19,0.81,0.82,0.185,0.19,91632.87,56466.71,75.0,450.29,"[[""0.0760"",""125.00""],[""0.0770"",""500.00""],[""0.0800"",""2819.00""],[""0.0820"",""1500.00""],[""0.0830"",""125.00""],[""0.0860"",""53.00""],[""0.0870"",""125.00""],[""0.0890"",""124.00""],[""0.0900"",""14.06""],[""0.0910"",""75.00""]]","[[""0.8200"",""625.21""],[""0.8300"",""609.61""],[""0.8400"",""182.19""],[""0.8500"",""202.17""],[""0.8600"",""101.28""],[""0.8700"",""554.00""],[""0.8800"",""2107.00""],[""0.8900"",""1581.62""],[""0.9000"",""286.98""],[""0.9020"",""450.29""]]"
2026-05-16T12:20:14.269Z,KXBTC15M-26MAY160830-30,BTC price up in next 15 mins?,KXBTC15M-26MAY160830,2026-05-16T12:30:00Z,active,0.09,0.096,0.904,0.91,0.093,0.091,102352.61,61713.28,26.0,603.18,"[[""0.0730"",""125.00""],[""0.0760"",""125.00""],[""0.0770"",""500.00""],[""0.0780"",""1500.00""],[""0.0800"",""2805.00""],[""0.0830"",""125.00""],[""0.0840"",""43.00""],[""0.0860"",""125.00""],[""0.0870"",""19.00""],[""0.0920"",""26.00""]]","[[""0.8100"",""126.23""],[""0.8200"",""278.21""],[""0.8300"",""310.61""],[""0.8400"",""187.19""],[""0.8500"",""626.17""],[""0.8600"",""400.28""],[""0.8700"",""536.14""],[""0.8800"",""2105.00""],[""0.8900"",""1536.64""],[""0.9020"",""603.18""]]"
2026-05-16T12:20:16.278Z,KXBTC15M-26MAY160830-30,BTC price up in next 15 mins?,KXBTC15M-26MAY160830,2026-05-16T12:30:00Z,active,0.09,0.096,0.904,0.91,0.093,0.091,102352.61,61713.28,26.0,155.85,"[[""0.0640"",""125.00""],[""0.0660"",""1.00""],[""0.0670"",""125.00""],[""0.0700"",""325.00""],[""0.0730"",""125.00""],[""0.0760"",""125.00""],[""0.0770"",""1500.00""],[""0.0800"",""3951.56""],[""0.0830"",""10.00""],[""0.0840"",""26.00""]]","[[""0.8500"",""626.17""],[""0.8600"",""400.28""],[""0.8700"",""536.14""],[""0.8800"",""2105.00""],[""0.8900"",""1559.64""],[""0.9010"",""125.00""],[""0.9020"",""375.00""],[""0.9030"",""135.00""],[""0.9050"",""125.00""],[""0.9070"",""155.85""]]"
2026-05-16T12:20:18.272Z,KXBTC15M-26MAY160830-30,BTC price up in next 15 mins?,KXBTC15M-26MAY160830,2026-05-16T12:30:00Z,active,0.09,0.096,0.904,0.91,0.093,0.091,102352.61,61713.28,75.0,17.0,"[[""0.0660"",""1.00""],[""0.0670"",""125.00""],[""0.0700"",""330.00""],[""0.0730"",""125.00""],[""0.0760"",""125.00""],[""0.0770"",""1500.00""],[""0.0780"",""13.00""],[""0.0790"",""1510.00""],[""0.0800"",""2423.43""],[""0.0840"",""75.00""]]","[[""0.8600"",""400.28""],[""0.8700"",""536.14""],[""0.8800"",""2105.00""],[""0.8900"",""1097.02""],[""0.9010"",""125.00""],[""0.9020"",""375.00""],[""0.9030"",""125.00""],[""0.9050"",""125.00""],[""0.9070"",""86.89""],[""0.9080"",""17.00""]]"
2026-05-16T12:20:20.269Z,KXBTC15M-26MAY160830-30,BTC price up in next 15 mins?,KXBTC15M-26MAY160830,2026-05-16T12:30:00Z,active,0.09,0.096,0.904,0.91,0.093,0.091,102352.61,61713.28,75.0,16.0,"[[""0.0700"",""1870.43""],[""0.0730"",""168.00""],[""0.0760"",""125.00""],[""0.0770"",""1500.00""],[""0.0790"",""125.00""],[""0.0800"",""1135.00""],[""0.0820"",""137.00""],[""0.0850"",""10.00""],[""0.0900"",""192.00""],[""0.0910"",""75.00""]]","[[""0.8500"",""631.17""],[""0.8600"",""390.28""],[""0.8700"",""493.14""],[""0.8800"",""618.00""],[""0.8900"",""2637.02""],[""0.9010"",""125.00""],[""0.9020"",""375.00""],[""0.9030"",""125.00""],[""0.9050"",""125.00""],[""0.9060"",""16.00""]]"
2026-05-16T12:20:22.284Z,KXBTC15M-26MAY160830-30,BTC price up in next 15 mins?,KXBTC15M-26MAY160830,2026-05-16T12:30:00Z,active,0.09,0.096,0.904,0.91,0.093,0.091,102352.61,61713.28,94.45,44.31,"[[""0.0700"",""2865.84""],[""0.0730"",""125.00""],[""0.0740"",""43.00""],[""0.0760"",""125.00""],[""0.0770"",""1500.00""],[""0.0790"",""125.00""],[""0.0800"",""280.00""],[""0.0810"",""1500.00""],[""0.0820"",""13.00""],[""0.0850"",""94.45""]]","[[""0.8600"",""390.28""],[""0.8700"",""493.14""],[""0.8800"",""618.00""],[""0.8900"",""2637.02""],[""0.9010"",""125.00""],[""0.9020"",""375.00""],[""0.9030"",""125.00""],[""0.9050"",""125.00""],[""0.9060"",""26.30""],[""0.9080"",""44.31""]]"
2026-05-16T12:20:24.284Z,KXBTC15M-26MAY160830-30,BTC price up in next 15 mins?,KXBTC15M-26MAY160830,2026-05-16T12:30:00Z,active,0.09,0.096,0.904,0.91,0.093,0.091,102352.61,61713.28,945.32,125.0,"[[""0.0740"",""43.00""],[""0.0760"",""125.00""],[""0.0770"",""1500.00""],[""0.0790"",""125.00""],[""0.0800"",""135.00""],[""0.0810"",""1500.00""],[""0.0860"",""10.00""],[""0.0880"",""12.00""],[""0.0900"",""95.00""],[""0.0940"",""945.32""]]","[[""0.8400"",""203.38""],[""0.8500"",""631.17""],[""0.8600"",""390.28""],[""0.8700"",""493.14""],[""0.8800"",""608.00""],[""0.8900"",""2647.02""],[""0.9010"",""125.00""],[""0.9020"",""375.00""],[""0.9030"",""125.00""],[""0.9050"",""125.00""]]"
2026-05-16T12:20:26.269Z,KXBTC15M-26MAY160830-30,BTC price up in next 15 mins?,KXBTC15M-26MAY160830,2026-05-16T12:30:00Z,active,0.09,0.096,0.904,0.91,0.093,0.091,102352.61,61713.28,107.68,10.0,"[[""0.0700"",""1130.38""],[""0.0720"",""125.00""],[""0.0740"",""125.00""],[""0.0750"",""1500.00""],[""0.0760"",""125.00""],[""0.0780"",""125.00""],[""0.0790"",""10.00""],[""0.0800"",""255.00""],[""0.0830"",""125.00""],[""0.0840"",""107.68""]]","[[""0.8700"",""493.14""],[""0.8800"",""565.00""],[""0.8900"",""1107.02""],[""0.9000"",""1583.00""],[""0.9010"",""125.00""],[""0.9020"",""500.00""],[""0.9030"",""125.00""],[""0.9040"",""28.12""],[""0.9050"",""15.00""],[""0.9090"",""10.00""]]"
2026-05-16T12:20:28.269Z,KXBTC15M-26MAY160830-30,BTC price up in next 15 mins?,KXBTC15M-26MAY160830,2026-05-16T12:30:00Z,active,0.09,0.096,0.904,0.91,0.093,0.091,102352.61,61713.28,154.92,42.0,"[[""0.0670"",""125.00""],[""0.0700"",""1130.38""],[""0.0720"",""125.00""],[""0.0740"",""125.00""],[""0.0760"",""125.00""],[""0.0770"",""1500.00""],[""0.0780"",""125.00""],[""0.0790"",""14.00""],[""0.0800"",""255.00""],[""0.0830"",""154.92""]]","[[""0.8600"",""390.28""],[""0.8700"",""493.14""],[""0.8800"",""565.00""],[""0.8900"",""1107.02""],[""0.9000"",""1583.00""],[""0.9010"",""125.00""],[""0.9020"",""500.00""],[""0.9030"",""135.00""],[""0.9080"",""17.00""],[""0.9090"",""42.00""]]"
2026-05-16T12:20:30.264Z,KXBTC15M-26MAY160830-30,BTC price up in next 15 mins?,KXBTC15M-26MAY160830,2026-05-16T12:30:00Z,active,0.09,0.096,0.904,0.91,0.093,0.091,102352.61,61713.28,1000.0,33.19,"[[""0.0740"",""125.00""],[""0.0760"",""125.00""],[""0.0770"",""1500.00""],[""0.0780"",""125.00""],[""0.0800"",""125.00""],[""0.0830"",""124.82""],[""0.0840"",""10.00""],[""0.0860"",""137.00""],[""0.0900"",""130.00""],[""0.0910"",""1000.00""]]","[[""0.8400"",""182.19""],[""0.8500"",""631.17""],[""0.8600"",""390.28""],[""0.8700"",""492.00""],[""0.8800"",""608.00""],[""0.8900"",""1107.02""],[""0.9000"",""1540.00""],[""0.9010"",""125.00""],[""0.9020"",""515.00""],[""0.9030"",""33.19""]]"
2026-05-16T12:20:32.272Z,KXBTC15M-26MAY160830-30,BTC price up in next 15 mins?,KXBTC15M-26MAY160830,2026-05-16T12:30:00Z,active,0.09,0.096,0.904,0.91,0.093,0.091,102352.61,61713.28,125.0,648.71,"[[""0.0760"",""125.00""],[""0.0780"",""125.00""],[""0.0800"",""1225.38""],[""0.0830"",""124.82""],[""0.0860"",""125.00""],[""0.0900"",""1755.00""],[""0.0910"",""718.00""],[""0.0930"",""135.00""],[""0.0960"",""138.00""],[""0.0990"",""125.00""]]","[[""0.8000"",""141.25""],[""0.8100"",""126.23""],[""0.8200"",""886.21""],[""0.8300"",""310.61""],[""0.8400"",""126.19""],[""0.8500"",""132.17""],[""0.8600"",""147.28""],[""0.8700"",""1892.00""],[""0.8800"",""3636.62""],[""0.8900"",""648.71""]]"
2026-05-16T12:20:34.268Z,KXBTC15M-26MAY160830-30,BTC price up in next 15 mins?,KXBTC15M-26MAY160830,2026-05-16T12:30:00Z,active,0.09,0.096,0.904,0.91,0.093,0.091,102352.61,61713.28,282.39,154.79,"[[""0.0830"",""124.82""],[""0.0860"",""125.00""],[""0.0900"",""1665.00""],[""0.0910"",""718.00""],[""0.0920"",""909.00""],[""0.0930"",""125.00""],[""0.0960"",""93.00""],[""0.0970"",""43.00""],[""0.1000"",""1125.38""],[""0.1100"",""282.39""]]","[[""0.7900"",""302.26""],[""0.8000"",""126.25""],[""0.8100"",""126.23""],[""0.8200"",""736.21""],[""0.8300"",""310.61""],[""0.8400"",""131.19""],[""0.8500"",""597.17""],[""0.8600"",""2723.00""],[""0.8700"",""2786.62""],[""0.8800"",""154.79""]]"
2026-05-16T12:20:36.270Z,KXBTC15M-26MAY160830-30,BTC price up in next 15 mins?,KXBTC15M-26MAY160830,2026-05-16T12:30:00Z,active,0.09,0.096,0.904,0.91,0.093,0.091,102352.61,61713.28,270.39,103.87,"[[""0.0800"",""380.00""],[""0.0830"",""124.82""],[""0.0860"",""125.00""],[""0.0900"",""1665.00""],[""0.0910"",""718.00""],[""0.0920"",""409.00""],[""0.0930"",""125.00""],[""0.0960"",""136.00""],[""0.1000"",""3125.38""],[""0.1100"",""270.39""]]","[[""0.7900"",""302.26""],[""0.8000"",""126.25""],[""0.8100"",""126.23""],[""0.8200"",""736.21""],[""0.8300"",""310.61""],[""0.8400"",""131.19""],[""0.8500"",""597.17""],[""0.8600"",""3223.00""],[""0.8700"",""2271.62""],[""0.8800"",""103.87""]]"
2026-05-16T12:20:38.278Z,KXBTC15M-26MAY160830-30,BTC price up in next 15 mins?,KXBTC15M-26MAY160830,2026-05-16T12:30:00Z,active,0.09,0.096,0.904,0.91,0.093,0.091,102352.61,61713.28,176.0,76.9,"[[""0.0860"",""125.00""],[""0.0900"",""125.00""],[""0.0910"",""718.00""],[""0.0920"",""409.00""],[""0.0930"",""125.00""],[""0.0960"",""93.00""],[""0.0980"",""43.00""],[""0.1000"",""4165.38""],[""0.1100"",""727.39""],[""0.1200"",""176.00""]]","[[""0.7800"",""136.28""],[""0.7900"",""302.26""],[""0.8000"",""126.25""],[""0.8100"",""126.23""],[""0.8200"",""126.21""],[""0.8300"",""310.61""],[""0.8400"",""160.19""],[""0.8500"",""3209.00""],[""0.8600"",""3237.62""],[""0.8700"",""76.90""]]"
2026-05-16T12:20:40.271Z,KXBTC15M-26MAY160830-30,BTC price up in next 15 mins?,KXBTC15M-26MAY160830,2026-05-16T12:30:00Z,active,0.09,0.096,0.904,0.91,0.093,0.091,102352.61,61713.28,176.0,47.74,"[[""0.0900"",""125.00""],[""0.0910"",""718.00""],[""0.0920"",""409.00""],[""0.0930"",""125.00""],[""0.0960"",""93.00""],[""0.0970"",""43.00""],[""0.0980"",""50.00""],[""0.1000"",""4184.38""],[""0.1100"",""727.39""],[""0.1200"",""176.00""]]","[[""0.7800"",""136.28""],[""0.7900"",""302.26""],[""0.8000"",""625.25""],[""0.8100"",""425.23""],[""0.8200"",""126.21""],[""0.8300"",""310.61""],[""0.8400"",""131.19""],[""0.8500"",""3220.00""],[""0.8600"",""3264.62""],[""0.8700"",""47.74""]]"
2026-05-16T12:20:42.284Z,KXBTC15M-26MAY160830-30,BTC price up in next 15 mins?,KXBTC15M-26MAY160830,2026-05-16T12:30:00Z,active,0.09,0.096,0.904,0.91,0.093,0.091,102352.61,61713.28,176.0,2412.36,"[[""0.0870"",""400.00""],[""0.0900"",""2665.38""],[""0.0910"",""718.00""],[""0.0920"",""509.00""],[""0.0930"",""125.00""],[""0.0960"",""136.00""],[""0.0980"",""50.00""],[""0.1000"",""1644.00""],[""0.1100"",""208.44""],[""0.1200"",""176.00""]]","[[""0.7800"",""136.28""],[""0.7900"",""152.26""],[""0.8000"",""775.25""],[""0.8100"",""425.23""],[""0.8200"",""126.21""],[""0.8300"",""201.20""],[""0.8400"",""131.19""],[""0.8500"",""1289.41""],[""0.8600"",""2750.00""],[""0.8700"",""2412.36""]]"
2026-05-16T12:20:44.290Z,KXBTC15M-26MAY160830-30,BTC price up in next 15 mins?,KXBTC15M-26MAY160830,2026-05-16T12:30:00Z,active,0.12,0.13,0.87,0.88,0.125,0.13,118053.29,70859.71,185.0,522.73,"[[""0.0860"",""125.00""],[""0.0900"",""2665.38""],[""0.0910"",""718.00""],[""0.0920"",""509.00""],[""0.0930"",""125.00""],[""0.0960"",""136.00""],[""0.0980"",""50.00""],[""0.1000"",""144.00""],[""0.1100"",""598.44""],[""0.1200"",""185.00""]]","[[""0.7800"",""136.28""],[""0.7900"",""152.26""],[""0.8000"",""625.25""],[""0.8100"",""575.23""],[""0.8200"",""126.21""],[""0.8300"",""201.20""],[""0.8400"",""531.19""],[""0.8500"",""846.41""],[""0.8600"",""2924.00""],[""0.8700"",""522.73""]]"
2026-05-16T12:20:46.275Z,KXBTC15M-26MAY160830-30,BTC price up in next 15 mins?,KXBTC15M-26MAY160830,2026-05-16T12:30:00Z,active,0.12,0.13,0.87,0.88,0.125,0.13,118053.29,70859.71,130.0,234.46,"[[""0.0900"",""1665.00""],[""0.0910"",""718.00""],[""0.0920"",""9.00""],[""0.0930"",""125.00""],[""0.0940"",""43.00""],[""0.0960"",""93.00""],[""0.0980"",""50.00""],[""0.1000"",""1646.38""],[""0.1100"",""551.00""],[""0.1200"",""130.00""]]","[[""0.7800"",""136.28""],[""0.7900"",""152.26""],[""0.8000"",""625.25""],[""0.8100"",""575.23""],[""0.8200"",""126.21""],[""0.8300"",""601.20""],[""0.8400"",""131.19""],[""0.8500"",""837.41""],[""0.8600"",""3414.00""],[""0.8700"",""234.46""]]"
2026-05-16T12:20:48.282Z,KXBTC15M-26MAY160830-30,BTC price up in next 15 mins?,KXBTC15M-26MAY160830,2026-05-16T12:30:00Z,active,0.12,0.13,0.87,0.88,0.125,0.13,118053.29,70859.71,637.37,199.92,"[[""0.0860"",""125.00""],[""0.0900"",""1665.00""],[""0.0910"",""818.00""],[""0.0920"",""9.00""],[""0.0930"",""125.00""],[""0.0940"",""43.00""],[""0.0960"",""93.00""],[""0.0980"",""50.00""],[""0.1000"",""3442.38""],[""0.1100"",""637.37""]]","[[""0.7800"",""136.28""],[""0.7900"",""152.26""],[""0.8000"",""625.25""],[""0.8100"",""575.23""],[""0.8200"",""126.21""],[""0.8300"",""601.20""],[""0.8400"",""131.19""],[""0.8500"",""837.41""],[""0.8600"",""3414.00""],[""0.8700"",""199.92""]]"
2026-05-16T12:20:50.271Z,KXBTC15M-26MAY160830-30,BTC price up in next 15 mins?,KXBTC15M-26MAY160830,2026-05-16T12:30:00Z,active,0.12,0.13,0.87,0.88,0.125,0.13,118053.29,70859.71,519.95,125.0,"[[""0.0830"",""124.82""],[""0.0860"",""125.00""],[""0.0900"",""2665.38""],[""0.0910"",""818.00""],[""0.0920"",""509.00""],[""0.0930"",""168.00""],[""0.0960"",""93.00""],[""0.0980"",""50.00""],[""0.1000"",""1942.00""],[""0.1100"",""519.95""]]","[[""0.7900"",""152.26""],[""0.8000"",""625.25""],[""0.8100"",""575.23""],[""0.8200"",""126.21""],[""0.8300"",""601.20""],[""0.8400"",""131.19""],[""0.8500"",""838.58""],[""0.8600"",""2906.00""],[""0.8700"",""699.92""],[""0.8800"",""125.00""]]"
2026-05-16T12:20:52.284Z,KXBTC15M-26MAY160830-30,BTC price up in next 15 mins?,KXBTC15M-26MAY160830,2026-05-16T12:30:00Z,active,0.12,0.13,0.87,0.88,0.125,0.13,118053.29,70859.71,2342.0,52.5,"[[""0.0800"",""230.00""],[""0.0830"",""124.82""],[""0.0860"",""125.00""],[""0.0900"",""2665.38""],[""0.0910"",""818.00""],[""0.0920"",""552.00""],[""0.0930"",""125.00""],[""0.0960"",""93.00""],[""0.0980"",""50.00""],[""0.1000"",""2342.00""]]","[[""0.7900"",""152.26""],[""0.8000"",""625.25""],[""0.8100"",""575.23""],[""0.8200"",""126.21""],[""0.8300"",""601.20""],[""0.8400"",""131.19""],[""0.8500"",""838.58""],[""0.8600"",""2740.00""],[""0.8700"",""699.92""],[""0.8800"",""52.50""]]"
2026-05-16T12:20:54.275Z,KXBTC15M-26MAY160830-30,BTC price up in next 15 mins?,KXBTC15M-26MAY160830,2026-05-16T12:30:00Z,active,0.12,0.13,0.87,0.88,0.125,0.13,118053.29,70859.71,231.0,3200.46,"[[""0.0830"",""124.82""],[""0.0860"",""125.00""],[""0.0900"",""2665.38""],[""0.0910"",""818.00""],[""0.0920"",""509.00""],[""0.0930"",""125.00""],[""0.0960"",""93.00""],[""0.0980"",""50.00""],[""0.1000"",""2212.00""],[""0.1100"",""231.00""]]","[[""0.7800"",""136.28""],[""0.7900"",""152.26""],[""0.8000"",""625.25""],[""0.8100"",""575.23""],[""0.8200"",""126.21""],[""0.8300"",""201.20""],[""0.8400"",""131.19""],[""0.8500"",""638.58""],[""0.8600"",""974.00""],[""0.8700"",""3200.46""]]"
2026-05-16T12:20:56.266Z,KXBTC15M-26MAY160830-30,BTC price up in next 15 mins?,KXBTC15M-26MAY160830,2026-05-16T12:30:00Z,active,0.12,0.13,0.87,0.88,0.125,0.13,118053.29,70859.71,229.0,3210.46,"[[""0.0830"",""124.82""],[""0.0860"",""125.00""],[""0.0900"",""2665.38""],[""0.0910"",""818.00""],[""0.0920"",""509.00""],[""0.0930"",""125.00""],[""0.0960"",""93.00""],[""0.0980"",""50.00""],[""0.1000"",""2212.00""],[""0.1100"",""229.00""]]","[[""0.7800"",""136.28""],[""0.7900"",""152.26""],[""0.8000"",""625.25""],[""0.8100"",""425.23""],[""0.8200"",""276.21""],[""0.8300"",""201.20""],[""0.8400"",""131.19""],[""0.8500"",""638.58""],[""0.8600"",""974.00""],[""0.8700"",""3210.46""]]"
2026-05-16T12:20:58.279Z,KXBTC15M-26MAY160830-30,BTC price up in next 15 mins?,KXBTC15M-26MAY160830,2026-05-16T12:30:00Z,active,0.12,0.13,0.87,0.88,0.125,0.13,118053.29,70859.71,145.09,540.05,"[[""0.0830"",""124.82""],[""0.0860"",""125.00""],[""0.0900"",""1125.38""],[""0.0910"",""818.00""],[""0.0920"",""9.00""],[""0.0930"",""125.00""],[""0.0960"",""93.00""],[""0.0980"",""50.00""],[""0.1000"",""2222.00""],[""0.1100"",""145.09""]]","[[""0.7900"",""152.26""],[""0.8000"",""625.25""],[""0.8100"",""425.23""],[""0.8200"",""276.21""],[""0.8300"",""201.20""],[""0.8400"",""131.19""],[""0.8500"",""638.58""],[""0.8600"",""800.00""],[""0.8700"",""2791.00""],[""0.8800"",""540.05""]]"
2026-05-16T12:21:00.278Z,KXBTC15M-26MAY160830-30,BTC price up in next 15 mins?,KXBTC15M-26MAY160830,2026-05-16T12:30:00Z,active,0.12,0.13,0.87,0.88,0.125,0.13,118053.29,70859.71,75.0,557.6,"[[""0.0830"",""124.82""],[""0.0860"",""125.00""],[""0.0900"",""1125.38""],[""0.0910"",""818.00""],[""0.0920"",""9.00""],[""0.0930"",""125.00""],[""0.0960"",""93.00""],[""0.0980"",""52.00""],[""0.1000"",""2243.00""],[""0.1100"",""75.00""]]","[[""0.7900"",""152.26""],[""0.8000"",""625.25""],[""0.8100"",""425.23""],[""0.8200"",""279.21""],[""0.8300"",""201.20""],[""0.8400"",""131.19""],[""0.8500"",""638.58""],[""0.8600"",""801.16""],[""0.8700"",""2609.00""],[""0.8800"",""557.60""]]"
2026-05-16T12:21:02.285Z,KXBTC15M-26MAY160830-30,BTC price up in next 15 mins?,KXBTC15M-26MAY160830,2026-05-16T12:30:00Z,active,0.12,0.13,0.87,0.88,0.125,0.13,118053.29,70859.71,26.0,2147.45,"[[""0.0800"",""1765.00""],[""0.0830"",""124.82""],[""0.0860"",""125.00""],[""0.0900"",""1125.38""],[""0.0910"",""818.00""],[""0.0920"",""9.00""],[""0.0930"",""125.00""],[""0.0960"",""95.00""],[""0.1000"",""2210.00""],[""0.1100"",""26.00""]]","[[""0.7900"",""152.26""],[""0.8000"",""625.25""],[""0.8100"",""425.23""],[""0.8200"",""276.21""],[""0.8300"",""201.20""],[""0.8400"",""126.19""],[""0.8500"",""641.58""],[""0.8600"",""746.00""],[""0.8700"",""1270.00""],[""0.8800"",""2147.45""]]"
2026-05-16T12:21:04.283Z,KXBTC15M-26MAY160830-30,BTC price up in next 15 mins?,KXBTC15M-26MAY160830,2026-05-16T12:30:00Z,active,0.12,0.13,0.87,0.88,0.125,0.13,118053.29,70859.71,25.0,2274.62,"[[""0.0800"",""1765.00""],[""0.0830"",""124.82""],[""0.0860"",""125.00""],[""0.0900"",""1125.38""],[""0.0910"",""818.00""],[""0.0920"",""9.00""],[""0.0930"",""125.00""],[""0.0960"",""95.00""],[""0.1000"",""2340.00""],[""0.1100"",""25.00""]]","[[""0.7900"",""152.26""],[""0.8000"",""625.25""],[""0.8100"",""575.23""],[""0.8200"",""126.21""],[""0.8300"",""201.20""],[""0.8400"",""126.19""],[""0.8500"",""641.58""],[""0.8600"",""746.00""],[""0.8700"",""1094.00""],[""0.8800"",""2274.62""]]"
2026-05-16T12:21:06.286Z,KXBTC15M-26MAY160830-30,BTC price up in next 15 mins?,KXBTC15M-26MAY160830,2026-05-16T12:30:00Z,active,0.12,0.13,0.87,0.88,0.125,0.13,118053.29,70859.71,387.0,2240.0,"[[""0.0860"",""125.00""],[""0.0900"",""125.00""],[""0.0910"",""818.00""],[""0.0920"",""9.00""],[""0.0930"",""168.00""],[""0.0940"",""2.00""],[""0.0950"",""400.00""],[""0.0960"",""93.00""],[""0.0990"",""1666.00""],[""0.1000"",""387.00""]]","[[""0.8000"",""625.25""],[""0.8100"",""425.23""],[""0.8200"",""276.21""],[""0.8300"",""208.18""],[""0.8400"",""126.19""],[""0.8500"",""241.58""],[""0.8600"",""1147.16""],[""0.8700"",""86.00""],[""0.8800"",""1205.00""],[""0.8900"",""2240.00""]]"
2026-05-16T12:21:08.286Z,KXBTC15M-26MAY160830-30,BTC price up in next 15 mins?,KXBTC15M-26MAY160830,2026-05-16T12:30:00Z,active,0.12,0.13,0.87,0.88,0.125,0.13,118053.29,70859.71,1857.14,2237.83,"[[""0.0780"",""125.00""],[""0.0800"",""1225.38""],[""0.0830"",""124.82""],[""0.0860"",""127.00""],[""0.0900"",""125.00""],[""0.0910"",""1218.00""],[""0.0920"",""9.00""],[""0.0930"",""125.00""],[""0.0960"",""93.00""],[""0.1000"",""1857.14""]]","[[""0.8000"",""625.25""],[""0.8100"",""425.23""],[""0.8200"",""126.21""],[""0.8300"",""351.20""],[""0.8400"",""126.19""],[""0.8500"",""241.58""],[""0.8600"",""1145.16""],[""0.8700"",""116.00""],[""0.8800"",""1191.00""],[""0.8900"",""2237.83""]]"
2026-05-16T12:21:10.296Z,KXBTC15M-26MAY160830-30,BTC price up in next 15 mins?,KXBTC15M-26MAY160830,2026-05-16T12:30:00Z,active,0.12,0.13,0.87,0.88,0.125,0.13,118053.29,70859.71,58.02,2140.79,"[[""0.0830"",""124.82""],[""0.0840"",""2.00""],[""0.0860"",""125.00""],[""0.0900"",""525.00""],[""0.0910"",""818.00""],[""0.0920"",""9.00""],[""0.0930"",""125.00""],[""0.0960"",""93.00""],[""0.0970"",""1666.00""],[""0.1000"",""58.02""]]","[[""0.8000"",""625.25""],[""0.8100"",""425.23""],[""0.8200"",""126.21""],[""0.8300"",""351.20""],[""0.8400"",""126.19""],[""0.8500"",""241.58""],[""0.8600"",""1145.16""],[""0.8700"",""116.00""],[""0.8800"",""1191.00""],[""0.8900"",""2140.79""]]"
2026-05-16T12:21:12.279Z,KXBTC15M-26MAY160830-30,BTC price up in next 15 mins?,KXBTC15M-26MAY160830,2026-05-16T12:30:00Z,active,0.12,0.13,0.87,0.88,0.125,0.13,118053.29,70859.71,177.02,2116.47,"[[""0.0840"",""2.00""],[""0.0860"",""125.00""],[""0.0900"",""525.00""],[""0.0910"",""818.00""],[""0.0920"",""9.00""],[""0.0930"",""125.00""],[""0.0960"",""93.00""],[""0.0970"",""1666.00""],[""0.0990"",""10.00""],[""0.1000"",""177.02""]]","[[""0.8000"",""625.25""],[""0.8100"",""425.23""],[""0.8200"",""126.21""],[""0.8300"",""351.20""],[""0.8400"",""126.19""],[""0.8500"",""132.17""],[""0.8600"",""1145.16""],[""0.8700"",""88.00""],[""0.8800"",""1324.41""],[""0.8900"",""2116.47""]]"
2026-05-16T12:21:14.281Z,KXBTC15M-26MAY160830-30,BTC price up in next 15 mins?,KXBTC15M-26MAY160830,2026-05-16T12:30:00Z,active,0.1,0.11,0.89,0.9,0.10500000000000001,0.11,120482.57,71493.55,189.86,2435.52,"[[""0.0810"",""2.00""],[""0.0830"",""124.82""],[""0.0860"",""125.00""],[""0.0870"",""400.00""],[""0.0900"",""144.00""],[""0.0910"",""818.00""],[""0.0920"",""1675.00""],[""0.0930"",""125.00""],[""0.0960"",""103.00""],[""0.1000"",""189.86""]]","[[""0.8000"",""625.25""],[""0.8100"",""425.23""],[""0.8200"",""126.21""],[""0.8300"",""358.18""],[""0.8400"",""126.19""],[""0.8500"",""132.17""],[""0.8600"",""1145.16""],[""0.8700"",""88.00""],[""0.8800"",""1464.41""],[""0.8900"",""2435.52""]]"
2026-05-16T12:21:16.271Z,KXBTC15M-26MAY160830-30,BTC price up in next 15 mins?,KXBTC15M-26MAY160830,2026-05-16T12:30:00Z,active,0.1,0.11,0.89,0.9,0.10500000000000001,0.11,120482.57,71493.55,108.86,1942.5,"[[""0.0830"",""124.82""],[""0.0860"",""525.00""],[""0.0890"",""13.00""],[""0.0900"",""1810.00""],[""0.0910"",""818.00""],[""0.0920"",""9.00""],[""0.0930"",""125.00""],[""0.0940"",""20.13""],[""0.0960"",""10.00""],[""0.1000"",""108.86""]]","[[""0.8000"",""625.25""],[""0.8100"",""425.23""],[""0.8200"",""126.21""],[""0.8300"",""201.20""],[""0.8400"",""276.19""],[""0.8500"",""132.17""],[""0.8600"",""1145.16""],[""0.8700"",""88.00""],[""0.8800"",""1464.41""],[""0.8900"",""1942.50""]]"
2026-05-16T12:21:18.278Z,KXBTC15M-26MAY160830-30,BTC price up in next 15 mins?,KXBTC15M-26MAY160830,2026-05-16T12:30:00Z,active,0.1,0.11,0.89,0.9,0.10500000000000001,0.11,120482.57,71493.55,130.61,3241.95,"[[""0.0740"",""125.00""],[""0.0760"",""127.00""],[""0.0780"",""125.00""],[""0.0800"",""656.00""],[""0.0830"",""124.82""],[""0.0850"",""10.00""],[""0.0860"",""125.00""],[""0.0910"",""818.00""],[""0.0920"",""29.57""],[""0.1000"",""130.61""]]","[[""0.8000"",""126.25""],[""0.8100"",""126.23""],[""0.8200"",""126.21""],[""0.8300"",""700.20""],[""0.8400"",""425.19""],[""0.8500"",""282.17""],[""0.8600"",""726.16""],[""0.8700"",""462.00""],[""0.8800"",""501.41""],[""0.8900"",""3241.95""]]"
2026-05-16T12:21:20.274Z,KXBTC15M-26MAY160830-30,BTC price up in next 15 mins?,KXBTC15M-26MAY160830,2026-05-16T12:30:00Z,active,0.1,0.11,0.89,0.9,0.10500000000000001,0.11,120482.57,71493.55,29.57,35.98,"[[""0.0740"",""127.00""],[""0.0760"",""125.00""],[""0.0770"",""14.00""],[""0.0780"",""125.00""],[""0.0790"",""400.00""],[""0.0800"",""244.00""],[""0.0830"",""124.82""],[""0.0850"",""10.00""],[""0.0910"",""818.00""],[""0.0920"",""29.57""]]","[[""0.8500"",""282.17""],[""0.8600"",""726.16""],[""0.8700"",""462.00""],[""0.8800"",""501.41""],[""0.8900"",""2634.34""],[""0.9000"",""10.00""],[""0.9010"",""125.00""],[""0.9020"",""500.00""],[""0.9030"",""125.00""],[""0.9040"",""35.98""]]"
2026-05-16T12:21:22.281Z,KXBTC15M-26MAY160830-30,BTC price up in next 15 mins?,KXBTC15M-26MAY160830,2026-05-16T12:30:00Z,active,0.1,0.11,0.89,0.9,0.10500000000000001,0.11,120482.57,71493.55,75.0,495.9,"[[""0.0740"",""127.00""],[""0.0760"",""125.00""],[""0.0780"",""125.00""],[""0.0790"",""400.00""],[""0.0800"",""244.00""],[""0.0830"",""124.82""],[""0.0860"",""10.00""],[""0.0870"",""125.00""],[""0.0910"",""674.56""],[""0.0920"",""75.00""]]","[[""0.8200"",""126.21""],[""0.8300"",""700.20""],[""0.8400"",""425.19""],[""0.8500"",""282.17""],[""0.8600"",""726.16""],[""0.8700"",""462.00""],[""0.8800"",""501.41""],[""0.8900"",""2594.99""],[""0.9000"",""10.00""],[""0.9020"",""495.90""]]"
2026-05-16T12:21:24.277Z,KXBTC15M-26MAY160830-30,BTC price up in next 15 mins?,KXBTC15M-26MAY160830,2026-05-16T12:30:00Z,active,0.1,0.11,0.89,0.9,0.10500000000000001,0.11,120482.57,71493.55,749.56,1.0,"[[""0.0720"",""127.00""],[""0.0740"",""125.00""],[""0.0760"",""125.00""],[""0.0770"",""400.00""],[""0.0780"",""125.00""],[""0.0800"",""244.00""],[""0.0830"",""124.82""],[""0.0860"",""10.00""],[""0.0870"",""125.00""],[""0.0910"",""749.56""]]","[[""0.8300"",""700.20""],[""0.8400"",""425.19""],[""0.8500"",""282.17""],[""0.8600"",""126.16""],[""0.8700"",""462.00""],[""0.8800"",""1101.41""],[""0.8900"",""2594.99""],[""0.9000"",""10.00""],[""0.9020"",""495.90""],[""0.9030"",""1.00""]]"
2026-05-16T12:21:26.280Z,KXBTC15M-26MAY160830-30,BTC price up in next 15 mins?,KXBTC15M-26MAY160830,2026-05-16T12:30:00Z,active,0.1,0.11,0.89,0.9,0.10500000000000001,0.11,120482.57,71493.55,1257.0,500.0,"[[""0.0860"",""125.00""],[""0.0890"",""125.00""],[""0.0920"",""625.00""],[""0.0940"",""125.00""],[""0.0960"",""150.00""],[""0.0970"",""2.00""],[""0.0990"",""125.00""],[""0.1000"",""1583.00""],[""0.1100"",""2155.00""],[""0.1200"",""1257.00""]]","[[""0.7800"",""136.28""],[""0.7900"",""152.26""],[""0.8000"",""126.25""],[""0.8100"",""201.23""],[""0.8200"",""126.21""],[""0.8300"",""201.20""],[""0.8400"",""1542.19""],[""0.8500"",""1671.00""],[""0.8600"",""143.00""],[""0.8700"",""500.00""]]"
2026-05-16T12:21:28.278Z,KXBTC15M-26MAY160830-30,BTC price up in next 15 mins?,KXBTC15M-26MAY160830,2026-05-16T12:30:00Z,active,0.1,0.11,0.89,0.9,0.10500000000000001,0.11,120482.57,71493.55,807.39,443.64,"[[""0.0860"",""125.00""],[""0.0890"",""125.00""],[""0.0900"",""150.00""],[""0.0920"",""625.00""],[""0.0940"",""125.00""],[""0.0960"",""150.00""],[""0.0990"",""125.00""],[""0.1000"",""1540.00""],[""0.1100"",""1125.00""],[""0.1200"",""807.39""]]","[[""0.7800"",""291.28""],[""0.7900"",""154.26""],[""0.8000"",""126.25""],[""0.8100"",""126.23""],[""0.8200"",""526.21""],[""0.8300"",""201.20""],[""0.8400"",""151.19""],[""0.8500"",""1136.00""],[""0.8600"",""1673.00""],[""0.8700"",""443.64""]]"
2026-05-16T12:21:30.284Z,KXBTC15M-26MAY160830-30,BTC price up in next 15 mins?,KXBTC15M-26MAY160830,2026-05-16T12:30:00Z,active,0.1,0.11,0.89,0.9,0.10500000000000001,0.11,120482.57,71493.55,157.29,2285.3,"[[""0.0860"",""125.00""],[""0.0890"",""125.00""],[""0.0920"",""625.00""],[""0.0940"",""125.00""],[""0.0960"",""150.00""],[""0.0990"",""125.00""],[""0.1000"",""1540.00""],[""0.1100"",""2644.00""],[""0.1200"",""627.00""],[""0.1300"",""157.29""]]","[[""0.7700"",""127.29""],[""0.7800"",""440.28""],[""0.7900"",""304.26""],[""0.8000"",""126.25""],[""0.8100"",""126.23""],[""0.8200"",""526.21""],[""0.8300"",""201.20""],[""0.8400"",""168.00""],[""0.8500"",""3156.68""],[""0.8600"",""2285.30""]]"
2026-05-16T12:21:32.274Z,KXBTC15M-26MAY160830-30,BTC price up in next 15 mins?,KXBTC15M-26MAY160830,2026-05-16T12:30:00Z,active,0.1,0.11,0.89,0.9,0.10500000000000001,0.11,120482.57,71493.55,357.88,604.6,"[[""0.0830"",""175.00""],[""0.0860"",""125.00""],[""0.0890"",""125.00""],[""0.0900"",""2545.00""],[""0.0920"",""125.00""],[""0.0940"",""125.00""],[""0.0960"",""254.00""],[""0.0990"",""125.00""],[""0.1000"",""1536.00""],[""0.1100"",""357.88""]]","[[""0.7900"",""302.26""],[""0.8000"",""126.25""],[""0.8100"",""126.23""],[""0.8200"",""126.21""],[""0.8300"",""206.20""],[""0.8400"",""171.19""],[""0.8500"",""2157.85""],[""0.8600"",""3064.30""],[""0.8700"",""167.00""],[""0.8800"",""604.60""]]"
2026-05-16T12:21:34.279Z,KXBTC15M-26MAY160830-30,BTC price up in next 15 mins?,KXBTC15M-26MAY160830,2026-05-16T12:30:00Z,active,0.1,0.11,0.89,0.9,0.10500000000000001,0.11,120482.57,71493.55,282.13,622.6,"[[""0.0830"",""175.00""],[""0.0860"",""125.00""],[""0.0890"",""125.00""],[""0.0900"",""2564.00""],[""0.0920"",""125.00""],[""0.0940"",""125.00""],[""0.0960"",""150.00""],[""0.0990"",""125.00""],[""0.1000"",""36.00""],[""0.1100"",""282.13""]]","[[""0.7900"",""152.26""],[""0.8000"",""775.25""],[""0.8100"",""126.23""],[""0.8200"",""425.21""],[""0.8300"",""206.20""],[""0.8400"",""128.19""],[""0.8500"",""2157.85""],[""0.8600"",""3083.30""],[""0.8700"",""176.00""],[""0.8800"",""622.60""]]"
2026-05-16T12:21:36.273Z,KXBTC15M-26MAY160830-30,BTC price up in next 15 mins?,KXBTC15M-26MAY160830,2026-05-16T12:30:00Z,active,0.1,0.11,0.89,0.9,0.10500000000000001,0.11,120482.57,71493.55,247.0,345.47,"[[""0.0870"",""107.00""],[""0.0890"",""125.00""],[""0.0900"",""1000.00""],[""0.0910"",""1500.00""],[""0.0920"",""125.00""],[""0.0940"",""125.00""],[""0.0950"",""11.00""],[""0.0960"",""150.00""],[""0.0990"",""125.00""],[""0.1000"",""247.00""]]","[[""0.8000"",""126.25""],[""0.8100"",""276.23""],[""0.8200"",""126.21""],[""0.8300"",""276.20""],[""0.8400"",""126.19""],[""0.8500"",""129.17""],[""0.8600"",""125.46""],[""0.8700"",""3090.00""],[""0.8800"",""61.00""],[""0.8900"",""345.47""]]"
2026-05-16T12:21:38.291Z,KXBTC15M-26MAY160830-30,BTC price up in next 15 mins?,KXBTC15M-26MAY160830,2026-05-16T12:30:00Z,active,0.1,0.11,0.89,0.9,0.10500000000000001,0.11,120482.57,71493.55,25.0,43.0,"[[""0.0780"",""125.00""],[""0.0800"",""193.01""],[""0.0830"",""175.00""],[""0.0860"",""135.00""],[""0.0890"",""125.00""],[""0.0900"",""130.00""],[""0.0920"",""125.00""],[""0.0930"",""20.35""],[""0.0950"",""2.00""],[""0.0960"",""25.00""]]","[[""0.8300"",""351.20""],[""0.8400"",""126.19""],[""0.8500"",""127.17""],[""0.8600"",""127.46""],[""0.8700"",""150.00""],[""0.8800"",""525.00""],[""0.8900"",""2981.86""],[""0.9000"",""10.00""],[""0.9010"",""102.00""],[""0.9030"",""43.00""]]"
2026-05-16T12:21:40.279Z,KXBTC15M-26MAY160830-30,BTC price up in next 15 mins?,KXBTC15M-26MAY160830,2026-05-16T12:30:00Z,active,0.1,0.11,0.89,0.9,0.10500000000000001,0.11,120482.57,71493.55,25.0,106.12,"[[""0.0760"",""125.00""],[""0.0780"",""125.00""],[""0.0800"",""201.01""],[""0.0830"",""175.00""],[""0.0860"",""135.00""],[""0.0890"",""125.00""],[""0.0900"",""130.00""],[""0.0920"",""127.00""],[""0.0930"",""33.35""],[""0.0960"",""25.00""]]","[[""0.8200"",""136.21""],[""0.8300"",""850.20""],[""0.8400"",""126.19""],[""0.8500"",""426.17""],[""0.8600"",""127.46""],[""0.8700"",""169.00""],[""0.8800"",""525.00""],[""0.8900"",""2981.86""],[""0.9000"",""10.00""],[""0.9010"",""106.12""]]"
2026-05-16T12:21:42.280Z,KXBTC15M-26MAY160830-30,BTC price up in next 15 mins?,KXBTC15M-26MAY160830,2026-05-16T12:30:00Z,active,0.1,0.11,0.89,0.9,0.10500000000000001,0.11,120482.57,71493.55,23.92,5020.04,"[[""0.0760"",""125.00""],[""0.0780"",""125.00""],[""0.0800"",""201.01""],[""0.0830"",""185.00""],[""0.0860"",""125.00""],[""0.0890"",""127.00""],[""0.0900"",""130.00""],[""0.0920"",""125.00""],[""0.0930"",""33.35""],[""0.0960"",""23.92""]]","[[""0.8000"",""126.25""],[""0.8100"",""126.23""],[""0.8200"",""136.21""],[""0.8300"",""850.20""],[""0.8400"",""126.19""],[""0.8500"",""426.17""],[""0.8600"",""127.46""],[""0.8700"",""169.00""],[""0.8800"",""525.00""],[""0.8900"",""5020.04""]]"
2026-05-16T12:21:44.281Z,KXBTC15M-26MAY160830-30,BTC price up in next 15 mins?,KXBTC15M-26MAY160830,2026-05-16T12:30:00Z,active,0.092,0.098,0.902,0.908,0.095,0.092,128012.59,74794.98,91.12,500.0,"[[""0.0760"",""125.00""],[""0.0780"",""125.00""],[""0.0800"",""201.01""],[""0.0820"",""1500.00""],[""0.0830"",""175.00""],[""0.0860"",""125.00""],[""0.0890"",""137.00""],[""0.0900"",""160.00""],[""0.0910"",""13.00""],[""0.0920"",""91.12""]]","[[""0.8200"",""126.21""],[""0.8300"",""850.20""],[""0.8400"",""126.19""],[""0.8500"",""469.17""],[""0.8600"",""127.46""],[""0.8700"",""169.00""],[""0.8800"",""525.00""],[""0.8900"",""4727.68""],[""0.9000"",""5.00""],[""0.9020"",""500.00""]]"
2026-05-16T12:21:46.292Z,KXBTC15M-26MAY160830-30,BTC price up in next 15 mins?,KXBTC15M-26MAY160830,2026-05-16T12:30:00Z,active,0.092,0.098,0.902,0.908,0.095,0.092,128012.59,74794.98,147.0,2017.68,"[[""0.0700"",""125.00""],[""0.0720"",""125.00""],[""0.0740"",""125.00""],[""0.0760"",""125.00""],[""0.0780"",""125.00""],[""0.0800"",""201.01""],[""0.0830"",""175.00""],[""0.0860"",""135.00""],[""0.0870"",""14.00""],[""0.0900"",""147.00""]]","[[""0.8300"",""850.20""],[""0.8400"",""126.19""],[""0.8500"",""426.17""],[""0.8600"",""125.46""],[""0.8700"",""171.00""],[""0.8800"",""568.00""],[""0.8900"",""2665.00""],[""0.9000"",""148.00""],[""0.9020"",""498.44""],[""0.9090"",""2017.68""]]"
2026-05-16T12:21:48.281Z,KXBTC15M-26MAY160830-30,BTC price up in next 15 mins?,KXBTC15M-26MAY160830,2026-05-16T12:30:00Z,active,0.092,0.098,0.902,0.908,0.095,0.092,128012.59,74794.98,75.0,99.91,"[[""0.0530"",""125.00""],[""0.0550"",""126.00""],[""0.0580"",""125.00""],[""0.0600"",""256.90""],[""0.0610"",""43.00""],[""0.0630"",""10.00""],[""0.0650"",""1500.00""],[""0.0670"",""115.00""],[""0.0690"",""25.00""],[""0.0740"",""75.00""]]","[[""0.9080"",""125.00""],[""0.9110"",""125.00""],[""0.9130"",""125.00""],[""0.9150"",""125.00""],[""0.9170"",""141.00""],[""0.9190"",""125.00""],[""0.9200"",""10.00""],[""0.9210"",""77.10""],[""0.9220"",""500.00""],[""0.9250"",""99.91""]]"
2026-05-16T12:21:50.273Z,KXBTC15M-26MAY160830-30,BTC price up in next 15 mins?,KXBTC15M-26MAY160830,2026-05-16T12:30:00Z,active,0.092,0.098,0.902,0.908,0.095,0.092,128012.59,74794.98,96.0,88.61,"[[""0.0500"",""2930.22""],[""0.0530"",""125.00""],[""0.0550"",""126.00""],[""0.0580"",""125.00""],[""0.0600"",""19.00""],[""0.0610"",""1543.00""],[""0.0630"",""10.00""],[""0.0670"",""115.00""],[""0.0690"",""25.00""],[""0.0700"",""96.00""]]","[[""0.9080"",""125.00""],[""0.9100"",""2540.00""],[""0.9110"",""125.00""],[""0.9130"",""125.00""],[""0.9150"",""125.00""],[""0.9170"",""141.00""],[""0.9190"",""125.00""],[""0.9210"",""77.10""],[""0.9220"",""500.00""],[""0.9250"",""88.61""]]"
2026-05-16T12:21:52.286Z,KXBTC15M-26MAY160830-30,BTC price up in next 15 mins?,KXBTC15M-26MAY160830,2026-05-16T12:30:00Z,active,0.092,0.098,0.902,0.908,0.095,0.092,128012.59,74794.98,11.93,108.83,"[[""0.0460"",""125.00""],[""0.0500"",""2930.22""],[""0.0530"",""125.00""],[""0.0550"",""126.00""],[""0.0580"",""125.00""],[""0.0600"",""62.00""],[""0.0610"",""125.00""],[""0.0630"",""10.00""],[""0.0670"",""115.00""],[""0.0690"",""11.93""]]","[[""0.9080"",""125.00""],[""0.9100"",""2540.00""],[""0.9110"",""125.00""],[""0.9130"",""125.00""],[""0.9150"",""125.00""],[""0.9170"",""125.00""],[""0.9190"",""125.00""],[""0.9210"",""94.10""],[""0.9220"",""333.00""],[""0.9230"",""108.83""]]"
2026-05-16T12:21:54.276Z,KXBTC15M-26MAY160830-30,BTC price up in next 15 mins?,KXBTC15M-26MAY160830,2026-05-16T12:30:00Z,active,0.092,0.098,0.902,0.908,0.095,0.092,128012.59,74794.98,500.0,25.0,"[[""0.0420"",""125.00""],[""0.0440"",""1.00""],[""0.0460"",""125.00""],[""0.0500"",""264.32""],[""0.0520"",""14.00""],[""0.0530"",""10.00""],[""0.0550"",""1.00""],[""0.0590"",""119.00""],[""0.0600"",""129.81""],[""0.0620"",""500.00""]]","[[""0.9210"",""77.10""],[""0.9250"",""125.00""],[""0.9270"",""125.00""],[""0.9300"",""125.00""],[""0.9320"",""543.00""],[""0.9330"",""125.00""],[""0.9340"",""16.00""],[""0.9350"",""125.00""],[""0.9360"",""10.00""],[""0.9370"",""25.00""]]"
2026-05-16T12:21:56.273Z,KXBTC15M-26MAY160830-30,BTC price up in next 15 mins?,KXBTC15M-26MAY160830,2026-05-16T12:30:00Z,active,0.092,0.098,0.902,0.908,0.095,0.092,128012.59,74794.98,75.0,130.25,"[[""0.0420"",""125.00""],[""0.0440"",""1.00""],[""0.0460"",""125.00""],[""0.0470"",""43.00""],[""0.0500"",""293.32""],[""0.0550"",""1.00""],[""0.0580"",""13.00""],[""0.0600"",""247.81""],[""0.0630"",""511.25""],[""0.0640"",""75.00""]]","[[""0.9190"",""125.00""],[""0.9200"",""2559.00""],[""0.9210"",""77.10""],[""0.9220"",""43.00""],[""0.9250"",""125.00""],[""0.9270"",""125.00""],[""0.9300"",""125.00""],[""0.9320"",""500.00""],[""0.9330"",""125.00""],[""0.9350"",""130.25""]]"
2026-05-16T12:21:58.280Z,KXBTC15M-26MAY160830-30,BTC price up in next 15 mins?,KXBTC15M-26MAY160830,2026-05-16T12:30:00Z,active,0.092,0.098,0.902,0.908,0.095,0.092,128012.59,74794.98,119.0,10.0,"[[""0.0400"",""590.00""],[""0.0410"",""50.00""],[""0.0420"",""125.00""],[""0.0440"",""1.00""],[""0.0460"",""168.00""],[""0.0490"",""10.00""],[""0.0500"",""1783.32""],[""0.0550"",""1.00""],[""0.0580"",""14.00""],[""0.0590"",""119.00""]]","[[""0.9250"",""125.00""],[""0.9270"",""125.00""],[""0.9300"",""2665.00""],[""0.9310"",""16.00""],[""0.9320"",""500.00""],[""0.9330"",""125.00""],[""0.9350"",""120.25""],[""0.9370"",""25.00""],[""0.9380"",""125.00""],[""0.9390"",""10.00""]]"
2026-05-16T12:22:00.286Z,KXBTC15M-26MAY160830-30,BTC price up in next 15 mins?,KXBTC15M-26MAY160830,2026-05-16T12:30:00Z,active,0.092,0.098,0.902,0.908,0.095,0.092,128012.59,74794.98,119.0,141.93,"[[""0.0410"",""50.00""],[""0.0420"",""125.00""],[""0.0440"",""1.00""],[""0.0450"",""43.00""],[""0.0460"",""125.00""],[""0.0490"",""1500.00""],[""0.0500"",""76.32""],[""0.0550"",""1.00""],[""0.0580"",""14.00""],[""0.0590"",""119.00""]]","[[""0.9250"",""125.00""],[""0.9260"",""43.00""],[""0.9270"",""125.00""],[""0.9300"",""2665.00""],[""0.9310"",""16.00""],[""0.9320"",""500.00""],[""0.9330"",""125.00""],[""0.9350"",""120.25""],[""0.9370"",""25.00""],[""0.9380"",""141.93""]]"
2026-05-16T12:22:02.287Z,KXBTC15M-26MAY160830-30,BTC price up in next 15 mins?,KXBTC15M-26MAY160830,2026-05-16T12:30:00Z,active,0.092,0.098,0.902,0.908,0.095,0.092,128012.59,74794.98,119.0,54.19,"[[""0.0400"",""590.00""],[""0.0410"",""50.00""],[""0.0420"",""125.00""],[""0.0440"",""44.00""],[""0.0460"",""125.00""],[""0.0490"",""1500.00""],[""0.0500"",""366.32""],[""0.0550"",""1.00""],[""0.0560"",""14.00""],[""0.0590"",""119.00""]]","[[""0.9210"",""77.10""],[""0.9250"",""125.00""],[""0.9270"",""168.00""],[""0.9300"",""2665.00""],[""0.9310"",""16.00""],[""0.9320"",""500.00""],[""0.9330"",""125.00""],[""0.9350"",""120.25""],[""0.9370"",""25.00""],[""0.9380"",""54.19""]]"
2026-05-16T12:22:04.274Z,KXBTC15M-26MAY160830-30,BTC price up in next 15 mins?,KXBTC15M-26MAY160830,2026-05-16T12:30:00Z,active,0.092,0.098,0.902,0.908,0.095,0.092,128012.59,74794.98,10.0,102.69,"[[""0.0370"",""125.00""],[""0.0390"",""125.00""],[""0.0400"",""595.00""],[""0.0410"",""142.89""],[""0.0430"",""125.00""],[""0.0440"",""1500.00""],[""0.0450"",""125.00""],[""0.0470"",""125.00""],[""0.0480"",""17.00""],[""0.0490"",""10.00""]]","[[""0.9270"",""125.00""],[""0.9300"",""2670.00""],[""0.9330"",""125.00""],[""0.9350"",""120.25""],[""0.9370"",""68.00""],[""0.9380"",""20.00""],[""0.9390"",""125.00""],[""0.9400"",""10.00""],[""0.9410"",""32.00""],[""0.9420"",""102.69""]]"
2026-05-16T12:22:06.282Z,KXBTC15M-26MAY160830-30,BTC price up in next 15 mins?,KXBTC15M-26MAY160830,2026-05-16T12:30:00Z,active,0.092,0.098,0.902,0.908,0.095,0.092,128012.59,74794.98,145.57,75.0,"[[""0.0400"",""465.00""],[""0.0410"",""142.89""],[""0.0430"",""125.00""],[""0.0440"",""1500.00""],[""0.0450"",""125.00""],[""0.0470"",""125.00""],[""0.0490"",""10.00""],[""0.0500"",""230.00""],[""0.0510"",""15.00""],[""0.0520"",""145.57""]]","[[""0.9340"",""115.00""],[""0.9350"",""120.25""],[""0.9360"",""43.00""],[""0.9370"",""42.00""],[""0.9380"",""20.00""],[""0.9390"",""125.00""],[""0.9400"",""10.00""],[""0.9410"",""32.00""],[""0.9420"",""100.11""],[""0.9430"",""75.00""]]"
2026-05-16T12:22:08.294Z,KXBTC15M-26MAY160830-30,BTC price up in next 15 mins?,KXBTC15M-26MAY160830,2026-05-16T12:30:00Z,active,0.092,0.098,0.902,0.908,0.095,0.092,128012.59,74794.98,146.85,10.0,"[[""0.0330"",""126.00""],[""0.0350"",""168.00""],[""0.0370"",""125.00""],[""0.0390"",""125.00""],[""0.0400"",""1965.00""],[""0.0410"",""142.89""],[""0.0430"",""135.00""],[""0.0440"",""13.00""],[""0.0490"",""125.00""],[""0.0500"",""146.85""]]","[[""0.9350"",""120.25""],[""0.9370"",""185.00""],[""0.9380"",""20.00""],[""0.9390"",""125.00""],[""0.9400"",""2540.00""],[""0.9410"",""32.00""],[""0.9420"",""500.00""],[""0.9430"",""142.00""],[""0.9440"",""107.95""],[""0.9460"",""10.00""]]"
2026-05-16T12:22:10.279Z,KXBTC15M-26MAY160830-30,BTC price up in next 15 mins?,KXBTC15M-26MAY160830,2026-05-16T12:30:00Z,active,0.092,0.098,0.902,0.908,0.095,0.092,128012.59,74794.98,128.0,92.84,"[[""0.0300"",""719.68""],[""0.0310"",""101.00""],[""0.0320"",""204.00""],[""0.0330"",""126.00""],[""0.0350"",""125.00""],[""0.0400"",""2095.00""],[""0.0410"",""17.89""],[""0.0420"",""13.00""],[""0.0430"",""10.00""],[""0.0460"",""128.00""]]","[[""0.9380"",""137.00""],[""0.9390"",""125.00""],[""0.9400"",""2540.00""],[""0.9410"",""32.00""],[""0.9420"",""543.00""],[""0.9430"",""125.00""],[""0.9450"",""10.00""],[""0.9460"",""125.00""],[""0.9470"",""16.00""],[""0.9490"",""92.84""]]"
2026-05-16T12:22:12.283Z,KXBTC15M-26MAY160830-30,BTC price up in next 15 mins?,KXBTC15M-26MAY160830,2026-05-16T12:30:00Z,active,0.092,0.098,0.902,0.908,0.095,0.092,128012.59,74794.98,12.0,75.0,"[[""0.0320"",""204.00""],[""0.0330"",""126.00""],[""0.0350"",""125.00""],[""0.0380"",""125.00""],[""0.0400"",""614.00""],[""0.0410"",""142.89""],[""0.0420"",""1500.00""],[""0.0430"",""10.00""],[""0.0450"",""129.00""],[""0.0460"",""12.00""]]","[[""0.9350"",""120.25""],[""0.9370"",""25.00""],[""0.9380"",""137.00""],[""0.9390"",""125.00""],[""0.9400"",""2540.00""],[""0.9410"",""32.00""],[""0.9420"",""510.00""],[""0.9430"",""142.00""],[""0.9440"",""43.00""],[""0.9450"",""75.00""]]"
2026-05-16T12:22:14.288Z,KXBTC15M-26MAY160830-30,BTC price up in next 15 mins?,KXBTC15M-26MAY160830,2026-05-16T12:30:00Z,active,0.042,0.048,0.952,0.958,0.045,0.048,138392.95,78054.37,10.0,172.13,"[[""0.0310"",""101.00""],[""0.0320"",""346.00""],[""0.0330"",""169.00""],[""0.0350"",""125.00""],[""0.0370"",""1500.00""],[""0.0380"",""125.00""],[""0.0400"",""595.00""],[""0.0410"",""51.36""],[""0.0430"",""14.00""],[""0.0440"",""10.00""]]","[[""0.9350"",""120.25""],[""0.9370"",""25.00""],[""0.9380"",""20.00""],[""0.9390"",""243.00""],[""0.9400"",""2545.00""],[""0.9410"",""50.00""],[""0.9430"",""125.00""],[""0.9440"",""10.00""],[""0.9450"",""75.00""],[""0.9520"",""172.13""]]"
2026-05-16T12:22:16.294Z,KXBTC15M-26MAY160830-30,BTC price up in next 15 mins?,KXBTC15M-26MAY160830,2026-05-16T12:30:00Z,active,0.042,0.048,0.952,0.958,0.045,0.048,138392.95,78054.37,144.77,128.79,"[[""0.0330"",""126.00""],[""0.0340"",""43.00""],[""0.0350"",""125.00""],[""0.0380"",""125.00""],[""0.0390"",""1500.00""],[""0.0400"",""595.00""],[""0.0410"",""51.36""],[""0.0440"",""135.00""],[""0.0450"",""14.00""],[""0.0470"",""144.77""]]","[[""0.9280"",""2.00""],[""0.9300"",""144.00""],[""0.9330"",""125.00""],[""0.9350"",""120.25""],[""0.9370"",""25.00""],[""0.9380"",""20.00""],[""0.9390"",""243.00""],[""0.9400"",""2545.00""],[""0.9420"",""500.00""],[""0.9440"",""128.79""]]"
2026-05-16T12:22:18.283Z,KXBTC15M-26MAY160830-30,BTC price up in next 15 mins?,KXBTC15M-26MAY160830,2026-05-16T12:30:00Z,active,0.042,0.048,0.952,0.958,0.045,0.048,138392.95,78054.37,93.77,107.92,"[[""0.0310"",""101.00""],[""0.0320"",""204.00""],[""0.0330"",""126.00""],[""0.0340"",""43.00""],[""0.0350"",""125.00""],[""0.0380"",""125.00""],[""0.0400"",""595.00""],[""0.0410"",""1551.36""],[""0.0440"",""149.00""],[""0.0470"",""93.77""]]","[[""0.9330"",""125.00""],[""0.9350"",""120.25""],[""0.9370"",""25.00""],[""0.9380"",""20.00""],[""0.9390"",""243.00""],[""0.9400"",""2545.00""],[""0.9420"",""500.00""],[""0.9430"",""16.00""],[""0.9440"",""10.00""],[""0.9450"",""107.92""]]"
2026-05-16T12:22:20.292Z,KXBTC15M-26MAY160830-30,BTC price up in next 15 mins?,KXBTC15M-26MAY160830,2026-05-16T12:30:00Z,active,0.042,0.048,0.952,0.958,0.045,0.048,138392.95,78054.37,10.0,107.76,"[[""0.0340"",""43.00""],[""0.0350"",""125.00""],[""0.0380"",""125.00""],[""0.0400"",""603.00""],[""0.0410"",""51.36""],[""0.0420"",""1500.00""],[""0.0440"",""125.00""],[""0.0470"",""74.00""],[""0.0480"",""16.00""],[""0.0490"",""10.00""]]","[[""0.9280"",""2.00""],[""0.9300"",""144.00""],[""0.9330"",""1748.04""],[""0.9350"",""120.25""],[""0.9370"",""25.00""],[""0.9380"",""35.00""],[""0.9390"",""304.00""],[""0.9400"",""2545.00""],[""0.9420"",""500.00""],[""0.9430"",""107.76""]]"
2026-05-16T12:22:22.274Z,KXBTC15M-26MAY160830-30,BTC price up in next 15 mins?,KXBTC15M-26MAY160830,2026-05-16T12:30:00Z,active,0.042,0.048,0.952,0.958,0.045,0.048,138392.95,78054.37,75.0,450.8,"[[""0.0320"",""346.00""],[""0.0330"",""126.00""],[""0.0340"",""43.00""],[""0.0350"",""125.00""],[""0.0380"",""133.00""],[""0.0390"",""1500.00""],[""0.0400"",""595.00""],[""0.0410"",""27.00""],[""0.0420"",""1022.13""],[""0.0430"",""75.00""]]","[[""0.9380"",""20.00""],[""0.9390"",""286.00""],[""0.9400"",""2545.00""],[""0.9420"",""125.00""],[""0.9440"",""125.00""],[""0.9460"",""125.00""],[""0.9470"",""17.00""],[""0.9480"",""10.00""],[""0.9500"",""125.00""],[""0.9520"",""450.80""]]"
2026-05-16T12:22:24.295Z,KXBTC15M-26MAY160830-30,BTC price up in next 15 mins?,KXBTC15M-26MAY160830,2026-05-16T12:30:00Z,active,0.042,0.048,0.952,0.958,0.045,0.048,138392.95,78054.37,172.79,1020.2,"[[""0.0320"",""204.00""],[""0.0330"",""169.00""],[""0.0350"",""125.00""],[""0.0360"",""1500.00""],[""0.0370"",""8.00""],[""0.0380"",""125.00""],[""0.0400"",""595.00""],[""0.0410"",""125.00""],[""0.0420"",""1000.00""],[""0.0430"",""172.79""]]","[[""0.9350"",""120.25""],[""0.9370"",""25.00""],[""0.9380"",""20.00""],[""0.9390"",""243.00""],[""0.9400"",""2545.00""],[""0.9410"",""43.00""],[""0.9420"",""148.00""],[""0.9440"",""113.30""],[""0.9450"",""10.00""],[""0.9500"",""1020.20""]]"
2026-05-16T12:22:26.267Z,KXBTC15M-26MAY160830-30,BTC price up in next 15 mins?,KXBTC15M-26MAY160830,2026-05-16T12:30:00Z,active,0.042,0.048,0.952,0.958,0.045,0.048,138392.95,78054.37,1000.0,493.73,"[[""0.0310"",""244.00""],[""0.0320"",""247.00""],[""0.0330"",""126.00""],[""0.0350"",""125.00""],[""0.0370"",""1508.00""],[""0.0380"",""125.00""],[""0.0390"",""10.00""],[""0.0400"",""600.00""],[""0.0410"",""125.00""],[""0.0420"",""1000.00""]]","[[""0.9300"",""146.00""],[""0.9330"",""125.00""],[""0.9350"",""120.25""],[""0.9370"",""25.00""],[""0.9380"",""20.00""],[""0.9390"",""125.00""],[""0.9400"",""2663.00""],[""0.9420"",""176.00""],[""0.9500"",""1048.20""],[""0.9520"",""493.73""]]"
2026-05-16T12:22:28.275Z,KXBTC15M-26MAY160830-30,BTC price up in next 15 mins?,KXBTC15M-26MAY160830,2026-05-16T12:30:00Z,active,0.042,0.048,0.952,0.958,0.045,0.048,138392.95,78054.37,1021.26,75.0,"[[""0.0250"",""1.00""],[""0.0260"",""125.00""],[""0.0280"",""168.00""],[""0.0300"",""820.68""],[""0.0310"",""101.00""],[""0.0320"",""204.00""],[""0.0330"",""1626.00""],[""0.0340"",""8.00""],[""0.0400"",""619.00""],[""0.0420"",""1021.26""]]","[[""0.9400"",""2545.00""],[""0.9420"",""125.00""],[""0.9450"",""129.00""],[""0.9460"",""125.00""],[""0.9470"",""43.00""],[""0.9480"",""125.00""],[""0.9500"",""1145.20""],[""0.9510"",""32.71""],[""0.9520"",""75.27""],[""0.9530"",""75.00""]]"
2026-05-16T12:22:30.284Z,KXBTC15M-26MAY160830-30,BTC price up in next 15 mins?,KXBTC15M-26MAY160830,2026-05-16T12:30:00Z,active,0.042,0.048,0.952,0.958,0.045,0.048,138392.95,78054.37,96.61,532.68,"[[""0.0290"",""189.00""],[""0.0300"",""676.68""],[""0.0310"",""101.00""],[""0.0320"",""204.00""],[""0.0330"",""126.00""],[""0.0340"",""8.00""],[""0.0350"",""1500.00""],[""0.0400"",""619.00""],[""0.0420"",""763.08""],[""0.0430"",""96.61""]]","[[""0.9370"",""25.00""],[""0.9380"",""22.00""],[""0.9390"",""125.00""],[""0.9400"",""2545.00""],[""0.9420"",""125.00""],[""0.9450"",""172.00""],[""0.9460"",""125.00""],[""0.9480"",""153.00""],[""0.9500"",""1128.67""],[""0.9520"",""532.68""]]"
2026-05-16T12:22:32.296Z,KXBTC15M-26MAY160830-30,BTC price up in next 15 mins?,KXBTC15M-26MAY160830,2026-05-16T12:30:00Z,active,0.042,0.048,0.952,0.958,0.045,0.048,138392.95,78054.37,96.61,532.68,"[[""0.0290"",""146.00""],[""0.0300"",""695.68""],[""0.0310"",""101.00""],[""0.0320"",""204.00""],[""0.0330"",""126.00""],[""0.0340"",""8.00""],[""0.0360"",""1500.00""],[""0.0400"",""619.00""],[""0.0420"",""763.08""],[""0.0430"",""96.61""]]","[[""0.9370"",""25.00""],[""0.9380"",""2.00""],[""0.9390"",""125.00""],[""0.9400"",""2564.00""],[""0.9420"",""2237.90""],[""0.9450"",""129.00""],[""0.9460"",""125.00""],[""0.9480"",""178.00""],[""0.9500"",""1144.67""],[""0.9520"",""532.68""]]"
2026-05-16T12:22:34.288Z,KXBTC15M-26MAY160830-30,BTC price up in next 15 mins?,KXBTC15M-26MAY160830,2026-05-16T12:30:00Z,active,0.042,0.048,0.952,0.958,0.045,0.048,138392.95,78054.37,682.15,11.5,"[[""0.0250"",""44.00""],[""0.0260"",""125.00""],[""0.0280"",""125.00""],[""0.0300"",""680.68""],[""0.0310"",""101.00""],[""0.0320"",""204.00""],[""0.0330"",""1626.00""],[""0.0340"",""24.00""],[""0.0400"",""598.00""],[""0.0420"",""682.15""]]","[[""0.9450"",""121.00""],[""0.9460"",""125.00""],[""0.9480"",""133.00""],[""0.9500"",""1147.67""],[""0.9510"",""2155.90""],[""0.9520"",""532.68""],[""0.9530"",""125.00""],[""0.9540"",""10.00""],[""0.9550"",""17.00""],[""0.9570"",""11.50""]]"
2026-05-16T12:22:36.278Z,KXBTC15M-26MAY160830-30,BTC price up in next 15 mins?,KXBTC15M-26MAY160830,2026-05-16T12:30:00Z,active,0.042,0.048,0.952,0.958,0.045,0.048,138392.95,78054.37,757.15,152.19,"[[""0.0280"",""125.00""],[""0.0300"",""661.68""],[""0.0310"",""101.00""],[""0.0320"",""204.00""],[""0.0330"",""126.00""],[""0.0340"",""1500.00""],[""0.0360"",""16.00""],[""0.0380"",""10.00""],[""0.0400"",""598.00""],[""0.0420"",""757.15""]]","[[""0.9400"",""2841.00""],[""0.9420"",""525.00""],[""0.9430"",""2.00""],[""0.9460"",""369.00""],[""0.9480"",""125.00""],[""0.9490"",""8.00""],[""0.9500"",""1133.67""],[""0.9510"",""2122.90""],[""0.9520"",""500.00""],[""0.9530"",""152.19""]]"
2026-05-16T12:22:38.300Z,KXBTC15M-26MAY160830-30,BTC price up in next 15 mins?,KXBTC15M-26MAY160830,2026-05-16T12:30:00Z,active,0.042,0.048,0.952,0.958,0.045,0.048,138392.95,78054.37,96.61,168.0,"[[""0.0300"",""680.68""],[""0.0310"",""101.00""],[""0.0320"",""204.00""],[""0.0330"",""1.00""],[""0.0360"",""1500.00""],[""0.0370"",""13.00""],[""0.0380"",""10.00""],[""0.0400"",""598.00""],[""0.0420"",""655.02""],[""0.0430"",""96.61""]]","[[""0.9400"",""2841.00""],[""0.9420"",""525.00""],[""0.9430"",""2.00""],[""0.9460"",""247.00""],[""0.9480"",""2378.90""],[""0.9500"",""1152.67""],[""0.9510"",""16.00""],[""0.9520"",""500.00""],[""0.9530"",""91.19""],[""0.9560"",""168.00""]]"
2026-05-16T12:22:40.283Z,KXBTC15M-26MAY160830-30,BTC price up in next 15 mins?,KXBTC15M-26MAY160830,2026-05-16T12:30:00Z,active,0.042,0.048,0.952,0.958,0.045,0.048,138392.95,78054.37,15.0,2.0,"[[""0.0400"",""468.00""],[""0.0410"",""125.00""],[""0.0420"",""655.02""],[""0.0430"",""125.00""],[""0.0460"",""1718.00""],[""0.0490"",""125.00""],[""0.0500"",""145.00""],[""0.0520"",""57.69""],[""0.0550"",""75.00""],[""0.0560"",""15.00""]]","[[""0.9250"",""400.00""],[""0.9260"",""125.00""],[""0.9270"",""2.00""],[""0.9280"",""125.00""],[""0.9300"",""2540.00""],[""0.9310"",""140.00""],[""0.9320"",""500.00""],[""0.9340"",""240.00""],[""0.9370"",""10.00""],[""0.9400"",""2.00""]]"
2026-05-16T12:22:42.277Z,KXBTC15M-26MAY160830-30,BTC price up in next 15 mins?,KXBTC15M-26MAY160830,2026-05-16T12:30:00Z,active,0.042,0.048,0.952,0.958,0.045,0.048,138392.95,78054.37,137.0,886.01,"[[""0.0330"",""126.00""],[""0.0350"",""125.00""],[""0.0380"",""125.00""],[""0.0400"",""606.00""],[""0.0410"",""125.00""],[""0.0420"",""698.02""],[""0.0430"",""125.00""],[""0.0440"",""1700.00""],[""0.0450"",""30.65""],[""0.0460"",""137.00""]]","[[""0.9280"",""125.00""],[""0.9310"",""125.00""],[""0.9320"",""400.00""],[""0.9330"",""3166.57""],[""0.9340"",""125.00""],[""0.9370"",""125.00""],[""0.9380"",""25.00""],[""0.9400"",""2667.00""],[""0.9420"",""510.00""],[""0.9520"",""886.01""]]"
2026-05-16T12:22:44.291Z,KXBTC15M-26MAY160830-30,BTC price up in next 15 mins?,KXBTC15M-26MAY160830,2026-05-16T12:30:00Z,active,0.046,0.048,0.952,0.954,0.047,0.05,145599.94,81298.37,62.0,877.81,"[[""0.0350"",""125.00""],[""0.0380"",""125.00""],[""0.0390"",""51.00""],[""0.0400"",""2117.00""],[""0.0410"",""125.00""],[""0.0420"",""655.02""],[""0.0430"",""146.61""],[""0.0440"",""200.00""],[""0.0450"",""10.00""],[""0.0460"",""62.00""]]","[[""0.9300"",""21.00""],[""0.9310"",""525.00""],[""0.9330"",""45.00""],[""0.9340"",""125.00""],[""0.9370"",""125.00""],[""0.9380"",""25.00""],[""0.9400"",""2667.00""],[""0.9420"",""527.00""],[""0.9500"",""10.00""],[""0.9520"",""877.81""]]"
2026-05-16T12:22:46.284Z,KXBTC15M-26MAY160830-30,BTC price up in next 15 mins?,KXBTC15M-26MAY160830,2026-05-16T12:30:00Z,active,0.046,0.048,0.952,0.954,0.047,0.05,145599.94,81298.37,13.0,785.21,"[[""0.0360"",""1500.00""],[""0.0380"",""133.00""],[""0.0390"",""43.00""],[""0.0400"",""599.00""],[""0.0410"",""125.00""],[""0.0420"",""655.02""],[""0.0430"",""146.61""],[""0.0440"",""200.00""],[""0.0450"",""10.00""],[""0.0460"",""13.00""]]","[[""0.9300"",""2.00""],[""0.9310"",""525.00""],[""0.9340"",""127.00""],[""0.9350"",""43.00""],[""0.9370"",""125.00""],[""0.9380"",""25.00""],[""0.9400"",""2786.00""],[""0.9420"",""527.00""],[""0.9500"",""10.00""],[""0.9520"",""785.21""]]"
2026-05-16T12:22:48.287Z,KXBTC15M-26MAY160830-30,BTC price up in next 15 mins?,KXBTC15M-26MAY160830,2026-05-16T12:30:00Z,active,0.046,0.048,0.952,0.954,0.047,0.05,145599.94,81298.37,194.98,401.35,"[[""0.0320"",""204.00""],[""0.0330"",""126.00""],[""0.0350"",""1625.00""],[""0.0380"",""133.00""],[""0.0390"",""53.00""],[""0.0400"",""618.00""],[""0.0410"",""125.00""],[""0.0420"",""669.02""],[""0.0430"",""146.61""],[""0.0440"",""194.98""]]","[[""0.9370"",""125.00""],[""0.9380"",""25.00""],[""0.9400"",""2687.00""],[""0.9430"",""125.00""],[""0.9460"",""16.00""],[""0.9490"",""10.00""],[""0.9500"",""10.00""],[""0.9520"",""1252.53""],[""0.9540"",""262.00""],[""0.9550"",""401.35""]]"
2026-05-16T12:22:50.286Z,KXBTC15M-26MAY160830-30,BTC price up in next 15 mins?,KXBTC15M-26MAY160830,2026-05-16T12:30:00Z,active,0.046,0.048,0.952,0.954,0.047,0.05,145599.94,81298.37,185.52,435.81,"[[""0.0330"",""126.00""],[""0.0350"",""125.00""],[""0.0360"",""8.00""],[""0.0380"",""168.00""],[""0.0390"",""10.00""],[""0.0400"",""631.00""],[""0.0410"",""125.00""],[""0.0420"",""655.02""],[""0.0430"",""21.61""],[""0.0440"",""185.52""]]","[[""0.9380"",""25.00""],[""0.9400"",""2687.00""],[""0.9430"",""125.00""],[""0.9460"",""125.00""],[""0.9470"",""18.00""],[""0.9490"",""10.00""],[""0.9500"",""10.00""],[""0.9520"",""1252.53""],[""0.9540"",""262.00""],[""0.9550"",""435.81""]]"
2026-05-16T12:22:52.273Z,KXBTC15M-26MAY160830-30,BTC price up in next 15 mins?,KXBTC15M-26MAY160830,2026-05-16T12:30:00Z,active,0.046,0.048,0.952,0.954,0.047,0.05,145599.94,81298.37,134.64,241.7,"[[""0.0350"",""125.00""],[""0.0360"",""8.00""],[""0.0370"",""43.00""],[""0.0380"",""125.00""],[""0.0390"",""10.00""],[""0.0400"",""630.00""],[""0.0410"",""125.00""],[""0.0420"",""655.02""],[""0.0440"",""185.52""],[""0.0450"",""134.64""]]","[[""0.9370"",""168.00""],[""0.9380"",""25.00""],[""0.9400"",""2686.00""],[""0.9420"",""500.00""],[""0.9430"",""125.00""],[""0.9460"",""125.00""],[""0.9490"",""26.00""],[""0.9500"",""11.00""],[""0.9520"",""752.53""],[""0.9540"",""241.70""]]"
2026-05-16T12:22:54.269Z,KXBTC15M-26MAY160830-30,BTC price up in next 15 mins?,KXBTC15M-26MAY160830,2026-05-16T12:30:00Z,active,0.046,0.048,0.952,0.954,0.047,0.05,145599.94,81298.37,124.0,494.23,"[[""0.0320"",""204.00""],[""0.0330"",""126.00""],[""0.0350"",""125.00""],[""0.0380"",""168.00""],[""0.0400"",""627.00""],[""0.0410"",""125.00""],[""0.0420"",""663.02""],[""0.0430"",""12.00""],[""0.0440"",""142.59""],[""0.0470"",""124.00""]]","[[""0.9310"",""125.00""],[""0.9320"",""2.00""],[""0.9360"",""43.00""],[""0.9370"",""25.00""],[""0.9400"",""1561.00""],[""0.9420"",""500.00""],[""0.9450"",""18.00""],[""0.9470"",""10.00""],[""0.9500"",""11.00""],[""0.9520"",""494.23""]]"
2026-05-16T12:22:56.281Z,KXBTC15M-26MAY160830-30,BTC price up in next 15 mins?,KXBTC15M-26MAY160830,2026-05-16T12:30:00Z,active,0.046,0.048,0.952,0.954,0.047,0.05,145599.94,81298.37,20.0,20.0,"[[""0.0320"",""204.00""],[""0.0330"",""126.00""],[""0.0350"",""125.00""],[""0.0380"",""168.00""],[""0.0400"",""628.00""],[""0.0410"",""147.00""],[""0.0420"",""655.02""],[""0.0440"",""142.59""],[""0.0470"",""144.77""],[""0.0480"",""20.00""]]","[[""0.9340"",""2.00""],[""0.9350"",""125.00""],[""0.9360"",""43.00""],[""0.9370"",""25.00""],[""0.9380"",""125.00""],[""0.9400"",""2562.00""],[""0.9420"",""500.00""],[""0.9430"",""32.76""],[""0.9470"",""16.00""],[""0.9500"",""20.00""]]"
2026-05-16T12:22:58.284Z,KXBTC15M-26MAY160830-30,BTC price up in next 15 mins?,KXBTC15M-26MAY160830,2026-05-16T12:30:00Z,active,0.046,0.048,0.952,0.954,0.047,0.05,145599.94,81298.37,20.0,48.23,"[[""0.0330"",""126.00""],[""0.0350"",""125.00""],[""0.0380"",""125.00""],[""0.0390"",""43.00""],[""0.0400"",""636.00""],[""0.0410"",""139.00""],[""0.0420"",""655.02""],[""0.0440"",""142.59""],[""0.0470"",""125.00""],[""0.0480"",""20.00""]]","[[""0.9300"",""402.00""],[""0.9310"",""125.00""],[""0.9320"",""2.00""],[""0.9340"",""125.00""],[""0.9350"",""43.00""],[""0.9400"",""2562.00""],[""0.9420"",""500.00""],[""0.9430"",""32.76""],[""0.9470"",""26.00""],[""0.9500"",""48.23""]]"
2026-05-16T12:23:00.283Z,KXBTC15M-26MAY160830-30,BTC price up in next 15 mins?,KXBTC15M-26MAY160830,2026-05-16T12:30:00Z,active,0.046,0.048,0.952,0.954,0.047,0.05,145599.94,81298.37,44.45,29.73,"[[""0.0330"",""126.00""],[""0.0350"",""125.00""],[""0.0380"",""1625.00""],[""0.0390"",""14.00""],[""0.0400"",""628.00""],[""0.0410"",""168.00""],[""0.0420"",""663.02""],[""0.0440"",""142.59""],[""0.0470"",""125.00""],[""0.0480"",""44.45""]]","[[""0.9310"",""125.00""],[""0.9320"",""443.00""],[""0.9330"",""2.00""],[""0.9340"",""125.00""],[""0.9400"",""2562.00""],[""0.9420"",""500.00""],[""0.9430"",""32.76""],[""0.9470"",""10.00""],[""0.9490"",""16.00""],[""0.9500"",""29.73""]]"
2026-05-16T12:23:02.283Z,KXBTC15M-26MAY160830-30,BTC price up in next 15 mins?,KXBTC15M-26MAY160830,2026-05-16T12:30:00Z,active,0.046,0.048,0.952,0.954,0.047,0.05,145599.94,81298.37,32.45,10.98,"[[""0.0330"",""126.00""],[""0.0350"",""125.00""],[""0.0380"",""125.00""],[""0.0390"",""57.00""],[""0.0400"",""628.00""],[""0.0410"",""125.00""],[""0.0420"",""663.02""],[""0.0440"",""142.59""],[""0.0470"",""125.00""],[""0.0480"",""32.45""]]","[[""0.9340"",""125.00""],[""0.9350"",""43.00""],[""0.9360"",""2.00""],[""0.9370"",""25.00""],[""0.9400"",""2680.00""],[""0.9420"",""500.00""],[""0.9430"",""32.76""],[""0.9470"",""10.00""],[""0.9480"",""22.00""],[""0.9490"",""10.98""]]"
2026-05-16T12:23:04.275Z,KXBTC15M-26MAY160830-30,BTC price up in next 15 mins?,KXBTC15M-26MAY160830,2026-05-16T12:30:00Z,active,0.046,0.048,0.952,0.954,0.047,0.05,145599.94,81298.37,10.0,490.44,"[[""0.0330"",""126.00""],[""0.0350"",""125.00""],[""0.0380"",""125.00""],[""0.0390"",""1543.00""],[""0.0400"",""488.00""],[""0.0410"",""125.00""],[""0.0420"",""663.02""],[""0.0440"",""125.00""],[""0.0470"",""19.66""],[""0.0480"",""10.00""]]","[[""0.9300"",""2561.18""],[""0.9310"",""125.00""],[""0.9320"",""3164.57""],[""0.9340"",""525.00""],[""0.9360"",""45.00""],[""0.9370"",""25.00""],[""0.9380"",""143.00""],[""0.9400"",""1.00""],[""0.9410"",""119.00""],[""0.9420"",""490.44""]]"
2026-05-16T12:23:06.290Z,KXBTC15M-26MAY160830-30,BTC price up in next 15 mins?,KXBTC15M-26MAY160830,2026-05-16T12:30:00Z,active,0.046,0.048,0.952,0.954,0.047,0.05,145599.94,81298.37,10.0,2.0,"[[""0.0410"",""125.00""],[""0.0420"",""655.02""],[""0.0440"",""125.00""],[""0.0470"",""19.66""],[""0.0500"",""125.00""],[""0.0520"",""168.00""],[""0.0550"",""125.00""],[""0.0570"",""125.00""],[""0.0610"",""138.00""],[""0.0630"",""10.00""]]","[[""0.9110"",""125.00""],[""0.9130"",""125.00""],[""0.9150"",""125.00""],[""0.9180"",""168.00""],[""0.9190"",""400.00""],[""0.9200"",""2701.18""],[""0.9220"",""500.00""],[""0.9230"",""125.00""],[""0.9260"",""18.00""],[""0.9300"",""2.00""]]"
2026-05-16T12:23:08.284Z,KXBTC15M-26MAY160830-30,BTC price up in next 15 mins?,KXBTC15M-26MAY160830,2026-05-16T12:30:00Z,active,0.046,0.048,0.952,0.954,0.047,0.05,145599.94,81298.37,270.0,1.13,"[[""0.0810"",""125.00""],[""0.0830"",""125.00""],[""0.0870"",""125.00""],[""0.0890"",""125.00""],[""0.0900"",""1670.00""],[""0.0920"",""500.00""],[""0.0930"",""125.00""],[""0.0950"",""150.00""],[""0.0970"",""525.00""],[""0.0990"",""270.00""]]","[[""0.7900"",""152.26""],[""0.8000"",""146.25""],[""0.8100"",""127.23""],[""0.8200"",""126.21""],[""0.8300"",""151.20""],[""0.8400"",""554.39""],[""0.8500"",""296.17""],[""0.8600"",""637.16""],[""0.8700"",""2576.14""],[""0.8800"",""1.13""]]"
2026-05-16T12:23:10.296Z,KXBTC15M-26MAY160830-30,BTC price up in next 15 mins?,KXBTC15M-26MAY160830,2026-05-16T12:30:00Z,active,0.046,0.048,0.952,0.954,0.047,0.05,145599.94,81298.37,509.0,2696.13,"[[""0.0830"",""125.00""],[""0.0870"",""125.00""],[""0.0890"",""125.00""],[""0.0900"",""1540.00""],[""0.0930"",""125.00""],[""0.0950"",""150.00""],[""0.0970"",""125.00""],[""0.0990"",""125.00""],[""0.1100"",""1037.00""],[""0.1200"",""509.00""]]","[[""0.7800"",""131.28""],[""0.7900"",""152.26""],[""0.8000"",""146.25""],[""0.8100"",""129.23""],[""0.8200"",""526.21""],[""0.8300"",""194.20""],[""0.8400"",""126.39""],[""0.8500"",""824.00""],[""0.8600"",""144.00""],[""0.8700"",""2696.13""]]"
2026-05-16T12:23:12.290Z,KXBTC15M-26MAY160830-30,BTC price up in next 15 mins?,KXBTC15M-26MAY160830,2026-05-16T12:30:00Z,active,0.046,0.048,0.952,0.954,0.047,0.05,145599.94,81298.37,383.0,2640.38,"[[""0.0870"",""125.00""],[""0.0890"",""125.00""],[""0.0900"",""1540.00""],[""0.0930"",""125.00""],[""0.0950"",""150.00""],[""0.0970"",""125.00""],[""0.0990"",""125.00""],[""0.1000"",""529.00""],[""0.1100"",""528.00""],[""0.1200"",""383.00""]]","[[""0.7800"",""141.28""],[""0.7900"",""152.26""],[""0.8000"",""146.25""],[""0.8100"",""127.23""],[""0.8200"",""547.21""],[""0.8300"",""151.20""],[""0.8400"",""126.39""],[""0.8500"",""324.00""],[""0.8600"",""634.00""],[""0.8700"",""2640.38""]]"
2026-05-16T12:23:14.294Z,KXBTC15M-26MAY160830-30,BTC price up in next 15 mins?,KXBTC15M-26MAY160830,2026-05-16T12:30:00Z,active,0.12,0.13,0.87,0.88,0.125,0.13,151876.81,84477.76,234.88,2351.75,"[[""0.0890"",""125.00""],[""0.0900"",""1000.00""],[""0.0920"",""500.00""],[""0.0930"",""125.00""],[""0.0950"",""150.00""],[""0.0970"",""135.00""],[""0.0990"",""125.00""],[""0.1000"",""405.00""],[""0.1100"",""250.00""],[""0.1200"",""234.88""]]","[[""0.7800"",""136.28""],[""0.7900"",""152.26""],[""0.8000"",""146.25""],[""0.8100"",""127.23""],[""0.8200"",""133.21""],[""0.8300"",""594.20""],[""0.8400"",""126.39""],[""0.8500"",""295.00""],[""0.8600"",""6306.70""],[""0.8700"",""2351.75""]]"
2026-05-16T12:23:16.279Z,KXBTC15M-26MAY160830-30,BTC price up in next 15 mins?,KXBTC15M-26MAY160830,2026-05-16T12:30:00Z,active,0.12,0.13,0.87,0.88,0.125,0.13,151876.81,84477.76,147.88,8433.38,"[[""0.0890"",""125.00""],[""0.0900"",""1540.00""],[""0.0930"",""125.00""],[""0.0950"",""150.00""],[""0.0970"",""125.00""],[""0.0980"",""2.00""],[""0.0990"",""125.00""],[""0.1000"",""429.00""],[""0.1100"",""161.00""],[""0.1200"",""147.88""]]","[[""0.7800"",""640.28""],[""0.7900"",""152.26""],[""0.8000"",""445.25""],[""0.8100"",""127.23""],[""0.8200"",""126.21""],[""0.8300"",""551.20""],[""0.8400"",""190.39""],[""0.8500"",""295.00""],[""0.8600"",""126.00""],[""0.8700"",""8433.38""]]"
2026-05-16T12:23:18.292Z,KXBTC15M-26MAY160830-30,BTC price up in next 15 mins?,KXBTC15M-26MAY160830,2026-05-16T12:30:00Z,active,0.12,0.13,0.87,0.88,0.125,0.13,151876.81,84477.76,106.88,8018.38,"[[""0.0890"",""125.00""],[""0.0900"",""1540.00""],[""0.0910"",""2.00""],[""0.0930"",""125.00""],[""0.0950"",""150.00""],[""0.0970"",""125.00""],[""0.0990"",""125.00""],[""0.1000"",""454.00""],[""0.1100"",""150.00""],[""0.1200"",""106.88""]]","[[""0.7800"",""635.28""],[""0.7900"",""152.26""],[""0.8000"",""445.25""],[""0.8100"",""127.23""],[""0.8200"",""126.21""],[""0.8300"",""551.20""],[""0.8400"",""195.39""],[""0.8500"",""295.00""],[""0.8600"",""126.00""],[""0.8700"",""8018.38""]]"
2026-05-16T12:23:20.281Z,KXBTC15M-26MAY160830-30,BTC price up in next 15 mins?,KXBTC15M-26MAY160830,2026-05-16T12:30:00Z,active,0.12,0.13,0.87,0.88,0.125,0.13,151876.81,84477.76,10.0,4860.69,"[[""0.0420"",""849.02""],[""0.0430"",""4.00""],[""0.0440"",""125.00""],[""0.0450"",""400.00""],[""0.0500"",""1654.00""],[""0.0520"",""113.00""],[""0.0540"",""2.00""],[""0.0560"",""88.00""],[""0.0600"",""112.00""],[""0.0680"",""10.00""]]","[[""0.9130"",""10.00""],[""0.9140"",""125.00""],[""0.9160"",""125.00""],[""0.9180"",""152.00""],[""0.9190"",""125.00""],[""0.9220"",""500.00""],[""0.9230"",""125.00""],[""0.9260"",""149.00""],[""0.9290"",""125.00""],[""0.9300"",""4860.69""]]"
2026-05-16T12:23:22.287Z,KXBTC15M-26MAY160830-30,BTC price up in next 15 mins?,KXBTC15M-26MAY160830,2026-05-16T12:30:00Z,active,0.12,0.13,0.87,0.88,0.125,0.13,151876.81,84477.76,75.0,509.25,"[[""0.0420"",""655.02""],[""0.0430"",""2.00""],[""0.0440"",""125.00""],[""0.0450"",""400.00""],[""0.0470"",""125.00""],[""0.0500"",""1790.00""],[""0.0570"",""23.00""],[""0.0600"",""130.00""],[""0.0620"",""1685.00""],[""0.0630"",""75.00""]]","[[""0.9140"",""125.00""],[""0.9160"",""125.00""],[""0.9190"",""125.00""],[""0.9200"",""2540.31""],[""0.9230"",""125.00""],[""0.9260"",""125.00""],[""0.9290"",""4983.69""],[""0.9300"",""42.00""],[""0.9310"",""17.00""],[""0.9320"",""509.25""]]"
2026-05-16T12:23:24.283Z,KXBTC15M-26MAY160830-30,BTC price up in next 15 mins?,KXBTC15M-26MAY160830,2026-05-16T12:30:00Z,active,0.12,0.13,0.87,0.88,0.125,0.13,151876.81,84477.76,75.0,384.25,"[[""0.0500"",""125.00""],[""0.0530"",""1625.00""],[""0.0550"",""10.00""],[""0.0560"",""125.00""],[""0.0570"",""8.00""],[""0.0590"",""125.00""],[""0.0600"",""142.00""],[""0.0630"",""5.00""],[""0.0640"",""900.00""],[""0.0650"",""75.00""]]","[[""0.9160"",""125.00""],[""0.9190"",""125.00""],[""0.9200"",""2540.31""],[""0.9230"",""125.00""],[""0.9260"",""125.00""],[""0.9270"",""17.00""],[""0.9280"",""4850.69""],[""0.9290"",""238.00""],[""0.9300"",""23.00""],[""0.9320"",""384.25""]]"
2026-05-16T12:23:26.285Z,KXBTC15M-26MAY160830-30,BTC price up in next 15 mins?,KXBTC15M-26MAY160830,2026-05-16T12:30:00Z,active,0.12,0.13,0.87,0.88,0.125,0.13,151876.81,84477.76,225.0,384.25,"[[""0.0470"",""125.00""],[""0.0500"",""1665.00""],[""0.0530"",""125.00""],[""0.0550"",""10.00""],[""0.0560"",""133.00""],[""0.0590"",""525.00""],[""0.0600"",""142.00""],[""0.0630"",""125.00""],[""0.0650"",""142.31""],[""0.0670"",""225.00""]]","[[""0.9100"",""1540.18""],[""0.9120"",""125.00""],[""0.9140"",""125.00""],[""0.9170"",""25.00""],[""0.9200"",""1020.13""],[""0.9230"",""8.00""],[""0.9240"",""4850.69""],[""0.9270"",""27.00""],[""0.9300"",""140.00""],[""0.9320"",""384.25""]]"
2026-05-16T12:23:28.286Z,KXBTC15M-26MAY160830-30,BTC price up in next 15 mins?,KXBTC15M-26MAY160830,2026-05-16T12:30:00Z,active,0.12,0.13,0.87,0.88,0.125,0.13,151876.81,84477.76,43.96,2.0,"[[""0.0620"",""500.00""],[""0.0630"",""125.00""],[""0.0650"",""125.00""],[""0.0670"",""150.00""],[""0.0700"",""2234.00""],[""0.0720"",""125.00""],[""0.0740"",""135.00""],[""0.0750"",""8.00""],[""0.0760"",""125.00""],[""0.0790"",""43.96""]]","[[""0.8800"",""145.13""],[""0.8900"",""159.00""],[""0.9000"",""1670.18""],[""0.9010"",""25.00""],[""0.9020"",""500.00""],[""0.9070"",""10.00""],[""0.9100"",""1000.13""],[""0.9110"",""30.72""],[""0.9180"",""109.00""],[""0.9200"",""2.00""]]"
2026-05-16T12:23:30.290Z,KXBTC15M-26MAY160830-30,BTC price up in next 15 mins?,KXBTC15M-26MAY160830,2026-05-16T12:30:00Z,active,0.12,0.13,0.87,0.88,0.125,0.13,151876.81,84477.76,140.0,31.72,"[[""0.0670"",""193.00""],[""0.0700"",""1834.00""],[""0.0720"",""525.00""],[""0.0730"",""10.00""],[""0.0740"",""125.00""],[""0.0760"",""125.00""],[""0.0790"",""21.96""],[""0.0800"",""30.00""],[""0.0830"",""125.00""],[""0.0840"",""140.00""]]","[[""0.8700"",""155.14""],[""0.8800"",""187.00""],[""0.8900"",""1665.18""],[""0.9000"",""145.00""],[""0.9010"",""25.00""],[""0.9020"",""500.00""],[""0.9070"",""5261.94""],[""0.9080"",""10.00""],[""0.9100"",""1000.13""],[""0.9110"",""31.72""]]"
2026-05-16T12:23:32.286Z,KXBTC15M-26MAY160830-30,BTC price up in next 15 mins?,KXBTC15M-26MAY160830,2026-05-16T12:30:00Z,active,0.12,0.13,0.87,0.88,0.125,0.13,151876.81,84477.76,125.0,5233.2,"[[""0.0700"",""1835.00""],[""0.0720"",""125.00""],[""0.0740"",""525.00""],[""0.0760"",""125.00""],[""0.0790"",""17.05""],[""0.0800"",""130.00""],[""0.0830"",""135.00""],[""0.0840"",""4.91""],[""0.0850"",""12.00""],[""0.0860"",""125.00""]]","[[""0.8400"",""126.39""],[""0.8500"",""735.17""],[""0.8600"",""828.16""],[""0.8700"",""155.14""],[""0.8800"",""187.00""],[""0.8900"",""1675.18""],[""0.9000"",""1144.13""],[""0.9020"",""500.00""],[""0.9070"",""105.00""],[""0.9080"",""5233.20""]]"
2026-05-16T12:23:34.279Z,KXBTC15M-26MAY160830-30,BTC price up in next 15 mins?,KXBTC15M-26MAY160830,2026-05-16T12:30:00Z,active,0.12,0.13,0.87,0.88,0.125,0.13,151876.81,84477.76,4.91,458.0,"[[""0.0670"",""150.00""],[""0.0700"",""1835.00""],[""0.0710"",""400.00""],[""0.0720"",""125.00""],[""0.0740"",""125.00""],[""0.0760"",""125.00""],[""0.0790"",""17.05""],[""0.0800"",""160.00""],[""0.0820"",""22.00""],[""0.0840"",""4.91""]]","[[""0.8600"",""828.16""],[""0.8700"",""165.14""],[""0.8800"",""144.00""],[""0.8900"",""168.00""],[""0.9000"",""2680.31""],[""0.9030"",""150.00""],[""0.9040"",""15.00""],[""0.9060"",""125.00""],[""0.9080"",""5233.20""],[""0.9120"",""458.00""]]"
2026-05-16T12:23:36.289Z,KXBTC15M-26MAY160830-30,BTC price up in next 15 mins?,KXBTC15M-26MAY160830,2026-05-16T12:30:00Z,active,0.12,0.13,0.87,0.88,0.125,0.13,151876.81,84477.76,640.0,121.77,"[[""0.0680"",""114.00""],[""0.0700"",""1834.00""],[""0.0720"",""125.00""],[""0.0730"",""1512.00""],[""0.0740"",""525.00""],[""0.0750"",""10.00""],[""0.0760"",""125.00""],[""0.0790"",""17.05""],[""0.0800"",""165.31""],[""0.0810"",""640.00""]]","[[""0.8500"",""735.17""],[""0.8600"",""828.16""],[""0.8700"",""165.14""],[""0.8800"",""145.13""],[""0.8900"",""1708.18""],[""0.9000"",""1130.13""],[""0.9020"",""510.00""],[""0.9030"",""150.00""],[""0.9060"",""5358.20""],[""0.9120"",""121.77""]]"
2026-05-16T12:23:38.286Z,KXBTC15M-26MAY160830-30,BTC price up in next 15 mins?,KXBTC15M-26MAY160830,2026-05-16T12:30:00Z,active,0.12,0.13,0.87,0.88,0.125,0.13,151876.81,84477.76,291.0,6243.33,"[[""0.0860"",""125.00""],[""0.0890"",""125.00""],[""0.0900"",""1540.00""],[""0.0920"",""627.00""],[""0.0940"",""125.00""],[""0.0960"",""125.00""],[""0.0970"",""10.00""],[""0.0990"",""122.97""],[""0.1000"",""550.00""],[""0.1100"",""291.00""]]","[[""0.7900"",""661.26""],[""0.8000"",""146.25""],[""0.8100"",""129.23""],[""0.8200"",""159.41""],[""0.8300"",""151.20""],[""0.8400"",""533.39""],[""0.8500"",""279.17""],[""0.8600"",""128.00""],[""0.8700"",""2221.18""],[""0.8800"",""6243.33""]]"
2026-05-16T12:23:40.294Z,KXBTC15M-26MAY160830-30,BTC price up in next 15 mins?,KXBTC15M-26MAY160830,2026-05-16T12:30:00Z,active,0.12,0.13,0.87,0.88,0.125,0.13,151876.81,84477.76,127.0,5245.2,"[[""0.0890"",""125.00""],[""0.0920"",""125.00""],[""0.0940"",""125.00""],[""0.0950"",""43.00""],[""0.0960"",""125.00""],[""0.0970"",""2.00""],[""0.0990"",""122.97""],[""0.1000"",""1510.00""],[""0.1100"",""2297.45""],[""0.1200"",""127.00""]]","[[""0.7800"",""126.28""],[""0.7900"",""651.26""],[""0.8000"",""146.25""],[""0.8100"",""428.23""],[""0.8200"",""559.41""],[""0.8300"",""153.20""],[""0.8400"",""184.39""],[""0.8500"",""1775.18""],[""0.8600"",""1545.13""],[""0.8700"",""5245.20""]]"
2026-05-16T12:23:42.277Z,KXBTC15M-26MAY160830-30,BTC price up in next 15 mins?,KXBTC15M-26MAY160830,2026-05-16T12:30:00Z,active,0.12,0.13,0.87,0.88,0.125,0.13,151876.81,84477.76,168.0,106.54,"[[""0.0890"",""125.00""],[""0.0920"",""125.00""],[""0.0940"",""125.00""],[""0.0960"",""125.00""],[""0.0990"",""122.97""],[""0.1000"",""1.00""],[""0.1100"",""127.00""],[""0.1200"",""3125.00""],[""0.1300"",""2328.45""],[""0.1400"",""168.00""]]","[[""0.7600"",""126.31""],[""0.7700"",""127.29""],[""0.7800"",""141.28""],[""0.7900"",""152.26""],[""0.8000"",""548.25""],[""0.8100"",""172.23""],[""0.8200"",""1709.59""],[""0.8300"",""1014.33""],[""0.8400"",""500.20""],[""0.8500"",""106.54""]]"
2026-05-16T12:23:44.285Z,KXBTC15M-26MAY160830-30,BTC price up in next 15 mins?,KXBTC15M-26MAY160830,2026-05-16T12:30:00Z,active,0.12,0.13,0.87,0.88,0.125,0.13,151876.81,84477.76,125.0,5330.84,"[[""0.0990"",""122.97""],[""0.1000"",""1.00""],[""0.1100"",""127.00""],[""0.1200"",""125.00""],[""0.1300"",""151.00""],[""0.1400"",""330.45""],[""0.1500"",""1125.00""],[""0.1600"",""2076.72""],[""0.1700"",""660.00""],[""0.1800"",""125.00""]]","[[""0.7200"",""146.38""],[""0.7300"",""775.36""],[""0.7400"",""126.55""],[""0.7500"",""452.33""],[""0.7600"",""126.31""],[""0.7700"",""527.29""],[""0.7800"",""1681.46""],[""0.7900"",""682.26""],[""0.8000"",""1021.38""],[""0.8100"",""5330.84""]]"
2026-05-16T12:23:46.282Z,KXBTC15M-26MAY160830-30,BTC price up in next 15 mins?,KXBTC15M-26MAY160830,2026-05-16T12:30:00Z,active,0.18,0.19,0.81,0.82,0.185,0.19,156325.29,85515.93,2197.91,169.0,"[[""0.0960"",""125.00""],[""0.0990"",""122.97""],[""0.1100"",""125.00""],[""0.1200"",""125.00""],[""0.1300"",""149.00""],[""0.1400"",""248.00""],[""0.1500"",""127.00""],[""0.1600"",""1126.00""],[""0.1700"",""640.45""],[""0.1800"",""2197.91""]]","[[""0.7200"",""626.38""],[""0.7300"",""126.36""],[""0.7400"",""136.55""],[""0.7500"",""153.33""],[""0.7600"",""2066.49""],[""0.7700"",""127.29""],[""0.7800"",""1143.41""],[""0.7900"",""151.00""],[""0.8000"",""145.00""],[""0.8100"",""169.00""]]"
2026-05-16T12:23:48.284Z,KXBTC15M-26MAY160830-30,BTC price up in next 15 mins?,KXBTC15M-26MAY160830,2026-05-16T12:30:00Z,active,0.18,0.19,0.81,0.82,0.185,0.19,156325.29,85515.93,2158.36,112.9,"[[""0.0960"",""125.00""],[""0.0990"",""122.97""],[""0.1100"",""125.00""],[""0.1200"",""125.00""],[""0.1300"",""149.00""],[""0.1400"",""1205.00""],[""0.1500"",""146.00""],[""0.1600"",""573.00""],[""0.1700"",""280.00""],[""0.1800"",""2158.36""]]","[[""0.7200"",""126.38""],[""0.7300"",""626.36""],[""0.7400"",""126.55""],[""0.7500"",""153.33""],[""0.7600"",""526.31""],[""0.7700"",""1698.47""],[""0.7800"",""184.28""],[""0.7900"",""151.00""],[""0.8000"",""6403.97""],[""0.8100"",""112.90""]]"
2026-05-16T12:23:50.285Z,KXBTC15M-26MAY160830-30,BTC price up in next 15 mins?,KXBTC15M-26MAY160830,2026-05-16T12:30:00Z,active,0.18,0.19,0.81,0.82,0.185,0.19,156325.29,85515.93,783.91,4544.22,"[[""0.0960"",""125.00""],[""0.0990"",""122.97""],[""0.1100"",""125.00""],[""0.1200"",""200.00""],[""0.1300"",""149.00""],[""0.1400"",""130.00""],[""0.1500"",""1146.00""],[""0.1600"",""570.00""],[""0.1700"",""391.45""],[""0.1800"",""783.91""]]","[[""0.7200"",""126.38""],[""0.7300"",""126.36""],[""0.7400"",""626.55""],[""0.7500"",""153.33""],[""0.7600"",""2066.49""],[""0.7700"",""148.29""],[""0.7800"",""174.28""],[""0.7900"",""1161.13""],[""0.8000"",""243.00""],[""0.8100"",""4544.22""]]"
2026-05-16T12:23:52.293Z,KXBTC15M-26MAY160830-30,BTC price up in next 15 mins?,KXBTC15M-26MAY160830,2026-05-16T12:30:00Z,active,0.18,0.19,0.81,0.82,0.185,0.19,156325.29,85515.93,2206.91,3751.79,"[[""0.0960"",""125.00""],[""0.0990"",""122.97""],[""0.1100"",""125.00""],[""0.1200"",""200.00""],[""0.1300"",""149.00""],[""0.1400"",""130.00""],[""0.1500"",""191.00""],[""0.1600"",""1605.45""],[""0.1700"",""261.00""],[""0.1800"",""2206.91""]]","[[""0.7200"",""126.38""],[""0.7300"",""626.36""],[""0.7400"",""126.55""],[""0.7500"",""153.33""],[""0.7600"",""526.31""],[""0.7700"",""1686.47""],[""0.7800"",""133.28""],[""0.7900"",""1161.13""],[""0.8000"",""228.00""],[""0.8100"",""3751.79""]]"
2026-05-16T12:23:54.293Z,KXBTC15M-26MAY160830-30,BTC price up in next 15 mins?,KXBTC15M-26MAY160830,2026-05-16T12:30:00Z,active,0.18,0.19,0.81,0.82,0.185,0.19,156325.29,85515.93,2080.91,3849.3,"[[""0.0960"",""125.00""],[""0.0990"",""122.97""],[""0.1100"",""125.00""],[""0.1200"",""200.00""],[""0.1300"",""149.00""],[""0.1400"",""130.00""],[""0.1500"",""591.00""],[""0.1600"",""1125.00""],[""0.1700"",""341.45""],[""0.1800"",""2080.91""]]","[[""0.7200"",""126.38""],[""0.7300"",""626.36""],[""0.7400"",""126.55""],[""0.7500"",""153.33""],[""0.7600"",""126.31""],[""0.7700"",""2086.47""],[""0.7800"",""176.28""],[""0.7900"",""1186.13""],[""0.8000"",""228.00""],[""0.8100"",""3849.30""]]"
2026-05-16T12:23:56.290Z,KXBTC15M-26MAY160830-30,BTC price up in next 15 mins?,KXBTC15M-26MAY160830,2026-05-16T12:30:00Z,active,0.18,0.19,0.81,0.82,0.185,0.19,156325.29,85515.93,2265.91,3739.06,"[[""0.0960"",""125.00""],[""0.0990"",""122.97""],[""0.1100"",""125.00""],[""0.1200"",""125.00""],[""0.1300"",""149.00""],[""0.1400"",""130.00""],[""0.1500"",""591.00""],[""0.1600"",""1205.45""],[""0.1700"",""273.00""],[""0.1800"",""2265.91""]]","[[""0.7200"",""126.38""],[""0.7300"",""626.36""],[""0.7400"",""126.55""],[""0.7500"",""153.33""],[""0.7600"",""126.31""],[""0.7700"",""2086.47""],[""0.7800"",""176.28""],[""0.7900"",""1186.13""],[""0.8000"",""228.00""],[""0.8100"",""3739.06""]]"
2026-05-16T12:23:58.300Z,KXBTC15M-26MAY160830-30,BTC price up in next 15 mins?,KXBTC15M-26MAY160830,2026-05-16T12:30:00Z,active,0.18,0.19,0.81,0.82,0.185,0.19,156325.29,85515.93,745.0,134.72,"[[""0.0960"",""125.00""],[""0.0990"",""122.97""],[""0.1100"",""125.00""],[""0.1200"",""125.00""],[""0.1300"",""149.00""],[""0.1400"",""130.00""],[""0.1500"",""191.00""],[""0.1600"",""3065.62""],[""0.1700"",""343.45""],[""0.1800"",""745.00""]]","[[""0.7200"",""126.38""],[""0.7300"",""626.36""],[""0.7400"",""126.55""],[""0.7500"",""153.33""],[""0.7600"",""126.31""],[""0.7700"",""546.29""],[""0.7800"",""1716.46""],[""0.7900"",""1186.13""],[""0.8000"",""3785.06""],[""0.8100"",""134.72""]]"
2026-05-16T12:24:00.290Z,KXBTC15M-26MAY160830-30,BTC price up in next 15 mins?,KXBTC15M-26MAY160830,2026-05-16T12:30:00Z,active,0.18,0.19,0.81,0.82,0.185,0.19,156325.29,85515.93,373.47,3775.9,"[[""0.0960"",""125.00""],[""0.0990"",""122.97""],[""0.1100"",""125.00""],[""0.1200"",""200.00""],[""0.1300"",""149.00""],[""0.1400"",""130.00""],[""0.1500"",""591.00""],[""0.1600"",""2746.07""],[""0.1700"",""183.00""],[""0.1800"",""373.47""]]","[[""0.7200"",""126.38""],[""0.7300"",""126.36""],[""0.7400"",""626.55""],[""0.7500"",""153.33""],[""0.7600"",""126.31""],[""0.7700"",""546.29""],[""0.7800"",""176.28""],[""0.7900"",""1726.18""],[""0.8000"",""1141.13""],[""0.8100"",""3775.90""]]"
2026-05-16T12:24:02.295Z,KXBTC15M-26MAY160830-30,BTC price up in next 15 mins?,KXBTC15M-26MAY160830,2026-05-16T12:30:00Z,active,0.18,0.19,0.81,0.82,0.185,0.19,156325.29,85515.93,2.0,3303.61,"[[""0.0920"",""125.00""],[""0.0940"",""125.00""],[""0.0960"",""125.00""],[""0.0990"",""122.97""],[""0.1000"",""4.00""],[""0.1100"",""525.00""],[""0.1200"",""170.00""],[""0.1300"",""2700.00""],[""0.1400"",""22.00""],[""0.1500"",""2.00""]]","[[""0.7500"",""153.33""],[""0.7600"",""126.31""],[""0.7700"",""132.29""],[""0.7800"",""126.28""],[""0.7900"",""676.00""],[""0.8000"",""100.00""],[""0.8100"",""78.00""],[""0.8200"",""3075.13""],[""0.8300"",""172.00""],[""0.8400"",""3303.61""]]"
2026-05-16T12:24:04.291Z,KXBTC15M-26MAY160830-30,BTC price up in next 15 mins?,KXBTC15M-26MAY160830,2026-05-16T12:30:00Z,active,0.18,0.19,0.81,0.82,0.185,0.19,156325.29,85515.93,503.0,3615.87,"[[""0.0890"",""125.00""],[""0.0920"",""125.00""],[""0.0940"",""125.00""],[""0.0960"",""125.00""],[""0.0990"",""122.97""],[""0.1100"",""144.00""],[""0.1200"",""168.00""],[""0.1300"",""3252.00""],[""0.1400"",""173.00""],[""0.1500"",""503.00""]]","[[""0.7500"",""452.33""],[""0.7600"",""126.31""],[""0.7700"",""627.29""],[""0.7800"",""133.28""],[""0.7900"",""177.26""],[""0.8000"",""503.25""],[""0.8100"",""96.23""],[""0.8200"",""172.21""],[""0.8300"",""2698.13""],[""0.8400"",""3615.87""]]"
2026-05-16T12:24:06.294Z,KXBTC15M-26MAY160830-30,BTC price up in next 15 mins?,KXBTC15M-26MAY160830,2026-05-16T12:30:00Z,active,0.18,0.19,0.81,0.82,0.185,0.19,156325.29,85515.93,530.0,250.0,"[[""0.0800"",""1005.00""],[""0.0820"",""125.00""],[""0.0850"",""10.00""],[""0.0860"",""125.00""],[""0.0890"",""125.00""],[""0.0900"",""2.00""],[""0.0920"",""125.00""],[""0.0980"",""425.00""],[""0.1000"",""226.00""],[""0.1100"",""530.00""]]","[[""0.7900"",""177.26""],[""0.8000"",""101.25""],[""0.8100"",""77.23""],[""0.8200"",""629.21""],[""0.8300"",""554.00""],[""0.8400"",""248.01""],[""0.8500"",""2720.62""],[""0.8600"",""125.00""],[""0.8700"",""3110.61""],[""0.8800"",""250.00""]]"
2026-05-16T12:24:08.296Z,KXBTC15M-26MAY160830-30,BTC price up in next 15 mins?,KXBTC15M-26MAY160830,2026-05-16T12:30:00Z,active,0.18,0.19,0.81,0.82,0.185,0.19,156325.29,85515.93,530.0,2782.4,"[[""0.0850"",""10.00""],[""0.0860"",""125.00""],[""0.0890"",""125.00""],[""0.0900"",""2.00""],[""0.0920"",""125.00""],[""0.0950"",""168.00""],[""0.0960"",""400.00""],[""0.0980"",""150.00""],[""0.1000"",""224.00""],[""0.1100"",""530.00""]]","[[""0.7900"",""187.26""],[""0.8000"",""251.25""],[""0.8100"",""77.23""],[""0.8200"",""1128.21""],[""0.8300"",""153.20""],[""0.8400"",""608.20""],[""0.8500"",""194.17""],[""0.8600"",""125.00""],[""0.8700"",""3135.61""],[""0.8800"",""2782.40""]]"
2026-05-16T12:24:10.298Z,KXBTC15M-26MAY160830-30,BTC price up in next 15 mins?,KXBTC15M-26MAY160830,2026-05-16T12:30:00Z,active,0.18,0.19,0.81,0.82,0.185,0.19,156325.29,85515.93,959.0,2393.05,"[[""0.0800"",""1024.00""],[""0.0820"",""125.00""],[""0.0830"",""400.00""],[""0.0860"",""125.00""],[""0.0890"",""135.00""],[""0.0900"",""1502.00""],[""0.0920"",""125.00""],[""0.0950"",""168.00""],[""0.0980"",""150.00""],[""0.1000"",""959.00""]]","[[""0.7900"",""187.26""],[""0.8000"",""251.25""],[""0.8100"",""77.23""],[""0.8200"",""703.21""],[""0.8300"",""952.20""],[""0.8400"",""206.20""],[""0.8500"",""596.17""],[""0.8600"",""145.16""],[""0.8700"",""3135.61""],[""0.8800"",""2393.05""]]"
2026-05-16T12:24:12.284Z,KXBTC15M-26MAY160830-30,BTC price up in next 15 mins?,KXBTC15M-26MAY160830,2026-05-16T12:30:00Z,active,0.18,0.19,0.81,0.82,0.185,0.19,156325.29,85515.93,378.62,2624.05,"[[""0.0860"",""125.00""],[""0.0890"",""125.00""],[""0.0900"",""2.00""],[""0.0920"",""125.00""],[""0.0930"",""43.00""],[""0.0950"",""125.00""],[""0.0970"",""104.00""],[""0.0980"",""150.00""],[""0.0990"",""10.00""],[""0.1000"",""378.62""]]","[[""0.7900"",""187.26""],[""0.8000"",""251.25""],[""0.8100"",""77.23""],[""0.8200"",""628.21""],[""0.8300"",""1027.20""],[""0.8400"",""205.20""],[""0.8500"",""596.17""],[""0.8600"",""145.16""],[""0.8700"",""150.00""],[""0.8800"",""2624.05""]]"
2026-05-16T12:24:14.292Z,KXBTC15M-26MAY160830-30,BTC price up in next 15 mins?,KXBTC15M-26MAY160830,2026-05-16T12:30:00Z,active,0.18,0.19,0.81,0.82,0.185,0.19,156325.29,85515.93,244.46,106.52,"[[""0.0820"",""525.00""],[""0.0860"",""125.00""],[""0.0880"",""107.00""],[""0.0890"",""125.00""],[""0.0900"",""2.00""],[""0.0920"",""125.00""],[""0.0930"",""1500.00""],[""0.0950"",""125.00""],[""0.0980"",""150.00""],[""0.1000"",""244.46""]]","[[""0.8000"",""251.25""],[""0.8100"",""576.23""],[""0.8200"",""631.21""],[""0.8300"",""151.20""],[""0.8400"",""205.20""],[""0.8500"",""526.17""],[""0.8600"",""128.16""],[""0.8700"",""193.00""],[""0.8800"",""5650.17""],[""0.8900"",""106.52""]]"
2026-05-16T12:24:16.286Z,KXBTC15M-26MAY160830-30,BTC price up in next 15 mins?,KXBTC15M-26MAY160830,2026-05-16T12:30:00Z,active,0.1,0.11,0.89,0.9,0.10500000000000001,0.1,166086.40,82824.62,223.01,35.52,"[[""0.0800"",""2945.00""],[""0.0820"",""125.00""],[""0.0860"",""125.00""],[""0.0890"",""125.00""],[""0.0900"",""2.00""],[""0.0920"",""1625.00""],[""0.0950"",""125.00""],[""0.0970"",""10.00""],[""0.0980"",""150.00""],[""0.1000"",""223.01""]]","[[""0.8000"",""251.25""],[""0.8100"",""576.23""],[""0.8200"",""131.21""],[""0.8300"",""651.20""],[""0.8400"",""205.20""],[""0.8500"",""526.17""],[""0.8600"",""128.16""],[""0.8700"",""203.00""],[""0.8800"",""5595.17""],[""0.8900"",""35.52""]]"
2026-05-16T12:24:18.280Z,KXBTC15M-26MAY160830-30,BTC price up in next 15 mins?,KXBTC15M-26MAY160830,2026-05-16T12:30:00Z,active,0.1,0.11,0.89,0.9,0.10500000000000001,0.1,166086.40,82824.62,655.01,2842.61,"[[""0.0860"",""125.00""],[""0.0870"",""400.00""],[""0.0890"",""125.00""],[""0.0900"",""1521.00""],[""0.0920"",""125.00""],[""0.0950"",""125.00""],[""0.0960"",""43.00""],[""0.0980"",""150.00""],[""0.0990"",""10.00""],[""0.1000"",""655.01""]]","[[""0.7900"",""187.26""],[""0.8000"",""251.25""],[""0.8100"",""576.23""],[""0.8200"",""930.21""],[""0.8300"",""153.20""],[""0.8400"",""205.20""],[""0.8500"",""569.17""],[""0.8600"",""128.16""],[""0.8700"",""3172.61""],[""0.8800"",""2842.61""]]"
2026-05-16T12:24:20.294Z,KXBTC15M-26MAY160830-30,BTC price up in next 15 mins?,KXBTC15M-26MAY160830,2026-05-16T12:30:00Z,active,0.1,0.11,0.89,0.9,0.10500000000000001,0.1,166086.40,82824.62,627.85,18.0,"[[""0.0800"",""2545.00""],[""0.0820"",""125.00""],[""0.0860"",""125.00""],[""0.0890"",""125.00""],[""0.0900"",""1521.00""],[""0.0920"",""125.00""],[""0.0950"",""125.00""],[""0.0960"",""10.00""],[""0.0980"",""150.00""],[""0.1000"",""627.85""]]","[[""0.8000"",""101.25""],[""0.8100"",""726.23""],[""0.8200"",""930.21""],[""0.8300"",""153.20""],[""0.8400"",""205.20""],[""0.8500"",""526.17""],[""0.8600"",""128.16""],[""0.8700"",""212.00""],[""0.8800"",""5713.01""],[""0.8900"",""18.00""]]"
2026-05-16T12:24:22.296Z,KXBTC15M-26MAY160830-30,BTC price up in next 15 mins?,KXBTC15M-26MAY160830,2026-05-16T12:30:00Z,active,0.1,0.11,0.89,0.9,0.10500000000000001,0.1,166086.40,82824.62,517.85,5786.77,"[[""0.0790"",""17.05""],[""0.0800"",""2545.00""],[""0.0820"",""125.00""],[""0.0860"",""125.00""],[""0.0890"",""125.00""],[""0.0900"",""10.00""],[""0.0920"",""125.00""],[""0.0950"",""125.00""],[""0.0980"",""150.00""],[""0.1000"",""517.85""]]","[[""0.7900"",""187.26""],[""0.8000"",""101.25""],[""0.8100"",""227.23""],[""0.8200"",""629.21""],[""0.8300"",""153.20""],[""0.8400"",""207.20""],[""0.8500"",""128.17""],[""0.8600"",""526.16""],[""0.8700"",""203.00""],[""0.8800"",""5786.77""]]"
2026-05-16T12:24:24.292Z,KXBTC15M-26MAY160830-30,BTC price up in next 15 mins?,KXBTC15M-26MAY160830,2026-05-16T12:30:00Z,active,0.1,0.11,0.89,0.9,0.10500000000000001,0.1,166086.40,82824.62,500.0,2534.77,"[[""0.0800"",""1000.00""],[""0.0820"",""125.00""],[""0.0860"",""125.00""],[""0.0890"",""125.00""],[""0.0900"",""1670.00""],[""0.0920"",""135.00""],[""0.0940"",""11.00""],[""0.0950"",""125.00""],[""0.0980"",""125.00""],[""0.1000"",""500.00""]]","[[""0.8000"",""101.25""],[""0.8100"",""227.23""],[""0.8200"",""629.21""],[""0.8300"",""153.20""],[""0.8400"",""202.20""],[""0.8500"",""128.17""],[""0.8600"",""174.16""],[""0.8700"",""1692.00""],[""0.8800"",""1719.65""],[""0.8900"",""2534.77""]]"
2026-05-16T12:24:26.282Z,KXBTC15M-26MAY160830-30,BTC price up in next 15 mins?,KXBTC15M-26MAY160830,2026-05-16T12:30:00Z,active,0.1,0.11,0.89,0.9,0.10500000000000001,0.1,166086.40,82824.62,585.53,2679.29,"[[""0.0800"",""1000.00""],[""0.0820"",""125.00""],[""0.0860"",""125.00""],[""0.0890"",""125.00""],[""0.0900"",""1540.00""],[""0.0920"",""125.00""],[""0.0950"",""125.00""],[""0.0960"",""11.00""],[""0.0980"",""125.00""],[""0.1000"",""585.53""]]","[[""0.8000"",""101.25""],[""0.8100"",""77.23""],[""0.8200"",""779.21""],[""0.8300"",""153.20""],[""0.8400"",""200.20""],[""0.8500"",""126.17""],[""0.8600"",""181.16""],[""0.8700"",""2095.00""],[""0.8800"",""1217.65""],[""0.8900"",""2679.29""]]"
2026-05-16T12:24:28.288Z,KXBTC15M-26MAY160830-30,BTC price up in next 15 mins?,KXBTC15M-26MAY160830,2026-05-16T12:30:00Z,active,0.1,0.11,0.89,0.9,0.10500000000000001,0.1,166086.40,82824.62,463.43,2921.77,"[[""0.0790"",""17.05""],[""0.0800"",""1000.00""],[""0.0820"",""125.00""],[""0.0860"",""125.00""],[""0.0890"",""125.00""],[""0.0900"",""1540.00""],[""0.0920"",""125.00""],[""0.0950"",""135.00""],[""0.0980"",""125.00""],[""0.1000"",""463.43""]]","[[""0.8000"",""101.25""],[""0.8100"",""77.23""],[""0.8200"",""778.21""],[""0.8300"",""952.20""],[""0.8400"",""202.20""],[""0.8500"",""526.17""],[""0.8600"",""133.16""],[""0.8700"",""203.00""],[""0.8800"",""2778.65""],[""0.8900"",""2921.77""]]"
2026-05-16T12:24:30.291Z,KXBTC15M-26MAY160830-30,BTC price up in next 15 mins?,KXBTC15M-26MAY160830,2026-05-16T12:30:00Z,active,0.1,0.11,0.89,0.9,0.10500000000000001,0.1,166086.40,82824.62,62.0,25.0,"[[""0.0470"",""168.00""],[""0.0480"",""12.00""],[""0.0500"",""2666.00""],[""0.0520"",""500.00""],[""0.0530"",""125.00""],[""0.0540"",""10.00""],[""0.0560"",""1500.00""],[""0.0570"",""120.00""],[""0.0580"",""140.24""],[""0.0630"",""62.00""]]","[[""0.9160"",""125.00""],[""0.9180"",""125.00""],[""0.9200"",""125.00""],[""0.9220"",""125.00""],[""0.9250"",""125.00""],[""0.9270"",""10.00""],[""0.9290"",""125.00""],[""0.9330"",""166.89""],[""0.9340"",""32.00""],[""0.9350"",""25.00""]]"
2026-05-16T12:24:32.292Z,KXBTC15M-26MAY160830-30,BTC price up in next 15 mins?,KXBTC15M-26MAY160830,2026-05-16T12:30:00Z,active,0.1,0.11,0.89,0.9,0.10500000000000001,0.1,166086.40,82824.62,40.0,8.0,"[[""0.0300"",""2081.68""],[""0.0310"",""101.00""],[""0.0320"",""329.00""],[""0.0330"",""44.00""],[""0.0340"",""138.00""],[""0.0400"",""1146.00""],[""0.0420"",""1155.02""],[""0.0430"",""1666.00""],[""0.0450"",""159.65""],[""0.0460"",""40.00""]]","[[""0.9350"",""25.00""],[""0.9370"",""135.00""],[""0.9390"",""125.00""],[""0.9400"",""465.00""],[""0.9410"",""125.00""],[""0.9430"",""125.00""],[""0.9450"",""125.00""],[""0.9470"",""125.00""],[""0.9490"",""125.00""],[""0.9500"",""8.00""]]"
2026-05-16T12:24:34.293Z,KXBTC15M-26MAY160830-30,BTC price up in next 15 mins?,KXBTC15M-26MAY160830,2026-05-16T12:30:00Z,active,0.1,0.11,0.89,0.9,0.10500000000000001,0.1,166086.40,82824.62,148.02,209.0,"[[""0.0220"",""374.00""],[""0.0230"",""1257.00""],[""0.0250"",""1.00""],[""0.0290"",""7.00""],[""0.0300"",""416.68""],[""0.0310"",""101.00""],[""0.0320"",""704.00""],[""0.0330"",""11.00""],[""0.0400"",""16.00""],[""0.0420"",""148.02""]]","[[""0.9410"",""125.00""],[""0.9430"",""525.00""],[""0.9450"",""246.00""],[""0.9470"",""125.00""],[""0.9490"",""117.13""],[""0.9500"",""798.00""],[""0.9520"",""10.00""],[""0.9530"",""97.97""],[""0.9550"",""166.00""],[""0.9570"",""209.00""]]"
2026-05-16T12:24:36.291Z,KXBTC15M-26MAY160830-30,BTC price up in next 15 mins?,KXBTC15M-26MAY160830,2026-05-16T12:30:00Z,active,0.1,0.11,0.89,0.9,0.10500000000000001,0.1,166086.40,82824.62,142.0,109.68,"[[""0.0200"",""4231.55""],[""0.0210"",""190.00""],[""0.0220"",""891.00""],[""0.0230"",""3405.00""],[""0.0250"",""1.00""],[""0.0290"",""7.00""],[""0.0300"",""426.68""],[""0.0310"",""101.00""],[""0.0320"",""204.00""],[""0.0330"",""142.00""]]","[[""0.9500"",""500.00""],[""0.9520"",""500.00""],[""0.9530"",""97.97""],[""0.9550"",""10.00""],[""0.9570"",""150.00""],[""0.9580"",""166.00""],[""0.9600"",""724.00""],[""0.9620"",""125.00""],[""0.9640"",""125.00""],[""0.9660"",""109.68""]]"
2026-05-16T12:24:38.285Z,KXBTC15M-26MAY160830-30,BTC price up in next 15 mins?,KXBTC15M-26MAY160830,2026-05-16T12:30:00Z,active,0.1,0.11,0.89,0.9,0.10500000000000001,0.1,166086.40,82824.62,25.02,26.21,"[[""0.0200"",""2691.55""],[""0.0210"",""190.00""],[""0.0220"",""874.00""],[""0.0250"",""1.00""],[""0.0270"",""10.00""],[""0.0290"",""153.00""],[""0.0300"",""416.68""],[""0.0310"",""101.00""],[""0.0320"",""204.00""],[""0.0330"",""25.02""]]","[[""0.9500"",""2541.00""],[""0.9520"",""502.00""],[""0.9530"",""624.97""],[""0.9570"",""125.00""],[""0.9600"",""1228.00""],[""0.9610"",""10.00""],[""0.9620"",""125.00""],[""0.9640"",""291.00""],[""0.9650"",""18.00""],[""0.9660"",""26.21""]]"
2026-05-16T12:24:40.285Z,KXBTC15M-26MAY160830-30,BTC price up in next 15 mins?,KXBTC15M-26MAY160830,2026-05-16T12:30:00Z,active,0.1,0.11,0.89,0.9,0.10500000000000001,0.1,166086.40,82824.62,129.07,125.0,"[[""0.0170"",""4.00""],[""0.0200"",""2710.55""],[""0.0210"",""190.00""],[""0.0220"",""874.00""],[""0.0250"",""19.00""],[""0.0270"",""10.00""],[""0.0290"",""7.00""],[""0.0300"",""416.68""],[""0.0310"",""244.00""],[""0.0320"",""129.07""]]","[[""0.9520"",""500.00""],[""0.9530"",""97.97""],[""0.9570"",""125.00""],[""0.9580"",""10.00""],[""0.9600"",""425.00""],[""0.9620"",""125.00""],[""0.9630"",""340.70""],[""0.9640"",""125.00""],[""0.9650"",""44.07""],[""0.9670"",""125.00""]]"
2026-05-16T12:24:42.294Z,KXBTC15M-26MAY160830-30,BTC price up in next 15 mins?,KXBTC15M-26MAY160830,2026-05-16T12:30:00Z,active,0.1,0.11,0.89,0.9,0.10500000000000001,0.1,166086.40,82824.62,244.0,1068.0,"[[""0.0200"",""2691.55""],[""0.0210"",""190.00""],[""0.0220"",""874.00""],[""0.0230"",""28.15""],[""0.0250"",""1.00""],[""0.0260"",""16.00""],[""0.0270"",""10.00""],[""0.0290"",""7.00""],[""0.0300"",""416.68""],[""0.0310"",""244.00""]]","[[""0.9500"",""2940.00""],[""0.9510"",""2.00""],[""0.9530"",""224.97""],[""0.9570"",""125.00""],[""0.9580"",""10.00""],[""0.9600"",""426.00""],[""0.9620"",""625.00""],[""0.9630"",""204.00""],[""0.9640"",""310.00""],[""0.9670"",""1068.00""]]"
2026-05-16T12:24:44.304Z,KXBTC15M-26MAY160830-30,BTC price up in next 15 mins?,KXBTC15M-26MAY160830,2026-05-16T12:30:00Z,active,0.1,0.11,0.89,0.9,0.10500000000000001,0.1,166086.40,82824.62,126.57,4.93,"[[""0.0170"",""4.00""],[""0.0190"",""125.00""],[""0.0200"",""4250.55""],[""0.0210"",""190.00""],[""0.0220"",""874.00""],[""0.0250"",""1.00""],[""0.0270"",""159.00""],[""0.0290"",""24.00""],[""0.0300"",""416.68""],[""0.0310"",""126.57""]]","[[""0.9530"",""99.97""],[""0.9570"",""125.00""],[""0.9580"",""10.00""],[""0.9600"",""450.00""],[""0.9620"",""643.00""],[""0.9630"",""204.00""],[""0.9640"",""125.00""],[""0.9660"",""166.00""],[""0.9670"",""423.18""],[""0.9680"",""4.93""]]"
2026-05-16T12:24:46.300Z,KXBTC15M-26MAY160830-30,BTC price up in next 15 mins?,KXBTC15M-26MAY160830,2026-05-16T12:30:00Z,active,0.031,0.032,0.968,0.969,0.0315,0.032,176119.02,84042.99,101.0,73.76,"[[""0.0170"",""4.00""],[""0.0190"",""125.00""],[""0.0200"",""4250.55""],[""0.0210"",""2354.00""],[""0.0220"",""874.00""],[""0.0250"",""1.00""],[""0.0270"",""159.00""],[""0.0290"",""22.00""],[""0.0300"",""416.68""],[""0.0310"",""101.00""]]","[[""0.9540"",""130.00""],[""0.9570"",""125.00""],[""0.9580"",""10.00""],[""0.9600"",""450.00""],[""0.9620"",""643.00""],[""0.9630"",""204.00""],[""0.9640"",""125.00""],[""0.9650"",""166.00""],[""0.9670"",""536.39""],[""0.9680"",""73.76""]]"
2026-05-16T12:24:48.288Z,KXBTC15M-26MAY160830-30,BTC price up in next 15 mins?,KXBTC15M-26MAY160830,2026-05-16T12:30:00Z,active,0.031,0.032,0.968,0.969,0.0315,0.032,176119.02,84042.99,412.25,826.39,"[[""0.0170"",""4.00""],[""0.0190"",""125.00""],[""0.0200"",""4250.55""],[""0.0210"",""190.00""],[""0.0220"",""874.00""],[""0.0250"",""1.00""],[""0.0260"",""16.00""],[""0.0270"",""159.00""],[""0.0290"",""7.00""],[""0.0300"",""412.25""]]","[[""0.9550"",""400.00""],[""0.9570"",""127.00""],[""0.9600"",""450.00""],[""0.9610"",""60.00""],[""0.9620"",""668.00""],[""0.9630"",""204.00""],[""0.9640"",""125.00""],[""0.9650"",""27.49""],[""0.9660"",""210.00""],[""0.9670"",""826.39""]]"
2026-05-16T12:24:50.295Z,KXBTC15M-26MAY160830-30,BTC price up in next 15 mins?,KXBTC15M-26MAY160830,2026-05-16T12:30:00Z,active,0.031,0.032,0.968,0.969,0.0315,0.032,176119.02,84042.99,317.76,891.56,"[[""0.0150"",""251.00""],[""0.0170"",""4.00""],[""0.0200"",""4250.55""],[""0.0210"",""190.00""],[""0.0220"",""874.00""],[""0.0250"",""153.00""],[""0.0260"",""16.00""],[""0.0270"",""10.00""],[""0.0290"",""7.00""],[""0.0300"",""317.76""]]","[[""0.9570"",""125.00""],[""0.9580"",""400.00""],[""0.9600"",""452.00""],[""0.9610"",""60.00""],[""0.9620"",""625.00""],[""0.9630"",""204.00""],[""0.9640"",""125.00""],[""0.9650"",""98.92""],[""0.9660"",""210.00""],[""0.9670"",""891.56""]]"
2026-05-16T12:24:52.282Z,KXBTC15M-26MAY160830-30,BTC price up in next 15 mins?,KXBTC15M-26MAY160830,2026-05-16T12:30:00Z,active,0.031,0.032,0.968,0.969,0.0315,0.032,176119.02,84042.99,297.76,60.66,"[[""0.0150"",""251.00""],[""0.0170"",""4.00""],[""0.0200"",""2691.55""],[""0.0210"",""190.00""],[""0.0220"",""874.00""],[""0.0240"",""154.00""],[""0.0250"",""1.00""],[""0.0270"",""10.00""],[""0.0290"",""29.00""],[""0.0300"",""297.76""]]","[[""0.9570"",""255.00""],[""0.9600"",""431.00""],[""0.9610"",""460.00""],[""0.9620"",""647.00""],[""0.9630"",""204.00""],[""0.9640"",""125.00""],[""0.9650"",""118.92""],[""0.9660"",""191.00""],[""0.9670"",""787.98""],[""0.9680"",""60.66""]]"
2026-05-16T12:24:54.289Z,KXBTC15M-26MAY160830-30,BTC price up in next 15 mins?,KXBTC15M-26MAY160830,2026-05-16T12:30:00Z,active,0.031,0.032,0.968,0.969,0.0315,0.032,176119.02,84042.99,1.0,125.0,"[[""0.0120"",""668.00""],[""0.0130"",""1703.00""],[""0.0150"",""251.00""],[""0.0170"",""4.00""],[""0.0200"",""2691.55""],[""0.0210"",""190.00""],[""0.0220"",""874.00""],[""0.0230"",""156.00""],[""0.0240"",""32.00""],[""0.0250"",""1.00""]]","[[""0.9600"",""863.00""],[""0.9610"",""60.00""],[""0.9620"",""625.00""],[""0.9630"",""206.00""],[""0.9640"",""525.00""],[""0.9650"",""230.00""],[""0.9660"",""191.00""],[""0.9670"",""1017.98""],[""0.9690"",""17.00""],[""0.9710"",""125.00""]]"
2026-05-16T12:24:56.313Z,KXBTC15M-26MAY160830-30,BTC price up in next 15 mins?,KXBTC15M-26MAY160830,2026-05-16T12:30:00Z,active,0.031,0.032,0.968,0.969,0.0315,0.032,176119.02,84042.99,103.68,148.52,"[[""0.0120"",""668.00""],[""0.0130"",""1703.00""],[""0.0150"",""251.00""],[""0.0170"",""4.00""],[""0.0200"",""1691.55""],[""0.0210"",""190.00""],[""0.0220"",""1032.00""],[""0.0230"",""22.00""],[""0.0240"",""10.00""],[""0.0250"",""103.68""]]","[[""0.9600"",""2270.00""],[""0.9610"",""60.00""],[""0.9620"",""760.00""],[""0.9630"",""204.00""],[""0.9640"",""525.00""],[""0.9650"",""232.00""],[""0.9660"",""25.00""],[""0.9670"",""917.98""],[""0.9690"",""184.00""],[""0.9710"",""148.52""]]"
2026-05-16T12:24:58.281Z,KXBTC15M-26MAY160830-30,BTC price up in next 15 mins?,KXBTC15M-26MAY160830,2026-05-16T12:30:00Z,active,0.031,0.032,0.968,0.969,0.0315,0.032,176119.02,84042.99,156.0,100.0,"[[""0.0120"",""668.00""],[""0.0130"",""1703.00""],[""0.0140"",""2283.05""],[""0.0150"",""251.00""],[""0.0170"",""4.00""],[""0.0180"",""125.00""],[""0.0200"",""1701.55""],[""0.0210"",""207.00""],[""0.0220"",""615.81""],[""0.0230"",""156.00""]]","[[""0.9620"",""125.00""],[""0.9630"",""204.00""],[""0.9640"",""125.00""],[""0.9650"",""230.00""],[""0.9660"",""470.00""],[""0.9670"",""917.98""],[""0.9680"",""10.00""],[""0.9700"",""49.95""],[""0.9720"",""776.19""],[""0.9730"",""100.00""]]"
2026-05-16T12:25:00.295Z,KXBTC15M-26MAY160830-30,BTC price up in next 15 mins?,KXBTC15M-26MAY160830,2026-05-16T12:30:00Z,active,0.031,0.032,0.968,0.969,0.0315,0.032,176119.02,84042.99,707.29,443.0,"[[""0.0100"",""3759.37""],[""0.0110"",""9.00""],[""0.0120"",""625.00""],[""0.0130"",""1703.00""],[""0.0150"",""251.00""],[""0.0160"",""17.00""],[""0.0170"",""14.00""],[""0.0180"",""125.00""],[""0.0190"",""165.00""],[""0.0200"",""707.29""]]","[[""0.9650"",""230.00""],[""0.9660"",""25.00""],[""0.9670"",""768.98""],[""0.9680"",""10.00""],[""0.9700"",""148.00""],[""0.9710"",""443.00""],[""0.9720"",""873.00""],[""0.9740"",""40.32""],[""0.9750"",""2.51""],[""0.9760"",""443.00""]]"
2026-05-16T12:25:02.311Z,KXBTC15M-26MAY160830-30,BTC price up in next 15 mins?,KXBTC15M-26MAY160830,2026-05-16T12:30:00Z,active,0.031,0.032,0.968,0.969,0.0315,0.032,176119.02,84042.99,75.0,87.22,"[[""0.0100"",""6157.37""],[""0.0110"",""1.00""],[""0.0120"",""625.00""],[""0.0130"",""1720.00""],[""0.0150"",""251.00""],[""0.0170"",""14.00""],[""0.0180"",""125.00""],[""0.0190"",""165.00""],[""0.0200"",""570.29""],[""0.0210"",""75.00""]]","[[""0.9650"",""230.00""],[""0.9660"",""25.00""],[""0.9670"",""627.98""],[""0.9680"",""152.00""],[""0.9700"",""152.00""],[""0.9710"",""400.00""],[""0.9720"",""875.00""],[""0.9730"",""43.00""],[""0.9760"",""443.00""],[""0.9770"",""87.22""]]"
2026-05-16T12:25:04.299Z,KXBTC15M-26MAY160830-30,BTC price up in next 15 mins?,KXBTC15M-26MAY160830,2026-05-16T12:30:00Z,active,0.031,0.032,0.968,0.969,0.0315,0.032,176119.02,84042.99,140.89,71.0,"[[""0.0080"",""1.00""],[""0.0100"",""3824.37""],[""0.0110"",""2334.00""],[""0.0120"",""625.00""],[""0.0130"",""1682.00""],[""0.0140"",""18.00""],[""0.0150"",""428.00""],[""0.0170"",""185.00""],[""0.0200"",""549.12""],[""0.0210"",""140.89""]]","[[""0.9640"",""125.00""],[""0.9650"",""230.00""],[""0.9660"",""25.00""],[""0.9670"",""627.98""],[""0.9700"",""581.00""],[""0.9710"",""10.00""],[""0.9720"",""873.00""],[""0.9750"",""2.00""],[""0.9760"",""886.00""],[""0.9780"",""71.00""]]"
2026-05-16T12:25:06.291Z,KXBTC15M-26MAY160830-30,BTC price up in next 15 mins?,KXBTC15M-26MAY160830,2026-05-16T12:30:00Z,active,0.031,0.032,0.968,0.969,0.0315,0.032,176119.02,84042.99,391.01,24.0,"[[""0.0060"",""1.00""],[""0.0080"",""1.00""],[""0.0100"",""3899.37""],[""0.0110"",""1.00""],[""0.0120"",""625.00""],[""0.0130"",""1655.00""],[""0.0140"",""181.00""],[""0.0150"",""150.00""],[""0.0170"",""14.00""],[""0.0200"",""391.01""]]","[[""0.9650"",""230.00""],[""0.9660"",""25.00""],[""0.9670"",""627.98""],[""0.9700"",""936.00""],[""0.9710"",""10.00""],[""0.9720"",""1020.00""],[""0.9730"",""125.00""],[""0.9760"",""246.22""],[""0.9770"",""400.00""],[""0.9780"",""24.00""]]"
2026-05-16T12:25:08.296Z,KXBTC15M-26MAY160830-30,BTC price up in next 15 mins?,KXBTC15M-26MAY160830,2026-05-16T12:30:00Z,active,0.031,0.032,0.968,0.969,0.0315,0.032,176119.02,84042.99,326.96,17.0,"[[""0.0060"",""1.00""],[""0.0080"",""1.00""],[""0.0100"",""3880.37""],[""0.0110"",""1.00""],[""0.0120"",""668.00""],[""0.0130"",""1655.00""],[""0.0140"",""181.00""],[""0.0150"",""126.00""],[""0.0170"",""33.00""],[""0.0200"",""326.96""]]","[[""0.9640"",""125.00""],[""0.9650"",""230.00""],[""0.9660"",""25.00""],[""0.9670"",""627.98""],[""0.9700"",""138.00""],[""0.9710"",""10.00""],[""0.9720"",""1020.00""],[""0.9730"",""125.00""],[""0.9760"",""168.20""],[""0.9770"",""17.00""]]"
2026-05-16T12:25:10.288Z,KXBTC15M-26MAY160830-30,BTC price up in next 15 mins?,KXBTC15M-26MAY160830,2026-05-16T12:30:00Z,active,0.031,0.032,0.968,0.969,0.0315,0.032,176119.02,84042.99,988.65,110.0,"[[""0.0010"",""4966.00""],[""0.0020"",""2800.00""],[""0.0030"",""714.00""],[""0.0060"",""1.00""],[""0.0080"",""2334.00""],[""0.0090"",""10.00""],[""0.0100"",""940.22""],[""0.0110"",""1.00""],[""0.0120"",""668.00""],[""0.0130"",""988.65""]]","[[""0.9700"",""532.00""],[""0.9710"",""43.00""],[""0.9720"",""873.00""],[""0.9730"",""125.00""],[""0.9760"",""243.07""],[""0.9770"",""43.22""],[""0.9800"",""5.00""],[""0.9830"",""15.00""],[""0.9840"",""663.55""],[""0.9850"",""110.00""]]"
2026-05-16T12:25:12.283Z,KXBTC15M-26MAY160830-30,BTC price up in next 15 mins?,KXBTC15M-26MAY160830,2026-05-16T12:30:00Z,active,0.031,0.032,0.968,0.969,0.0315,0.032,176119.02,84042.99,834.41,26.0,"[[""0.0010"",""4566.00""],[""0.0020"",""2800.00""],[""0.0030"",""714.00""],[""0.0060"",""1.00""],[""0.0080"",""1.00""],[""0.0090"",""2333.00""],[""0.0100"",""1015.22""],[""0.0110"",""1.00""],[""0.0120"",""678.00""],[""0.0130"",""834.41""]]","[[""0.9710"",""43.00""],[""0.9720"",""373.00""],[""0.9730"",""125.00""],[""0.9760"",""89.07""],[""0.9770"",""156.00""],[""0.9790"",""290.00""],[""0.9800"",""6.00""],[""0.9810"",""10.00""],[""0.9820"",""402.85""],[""0.9840"",""26.00""]]"
2026-05-16T12:25:14.292Z,KXBTC15M-26MAY160830-30,BTC price up in next 15 mins?,KXBTC15M-26MAY160830,2026-05-16T12:30:00Z,active,0.031,0.032,0.968,0.969,0.0315,0.032,176119.02,84042.99,75.0,23.0,"[[""0.0020"",""2800.00""],[""0.0030"",""714.00""],[""0.0060"",""1.00""],[""0.0070"",""2333.00""],[""0.0080"",""1.00""],[""0.0100"",""918.15""],[""0.0110"",""1.00""],[""0.0120"",""653.00""],[""0.0130"",""812.41""],[""0.0140"",""75.00""]]","[[""0.9670"",""627.98""],[""0.9700"",""1029.00""],[""0.9720"",""373.00""],[""0.9730"",""228.00""],[""0.9760"",""89.07""],[""0.9790"",""450.00""],[""0.9800"",""172.00""],[""0.9810"",""10.00""],[""0.9820"",""421.85""],[""0.9840"",""23.00""]]"
2026-05-16T12:25:16.290Z,KXBTC15M-26MAY160830-30,BTC price up in next 15 mins?,KXBTC15M-26MAY160830,2026-05-16T12:30:00Z,active,0.013,0.018,0.982,0.987,0.0155,0.018,185552.53,86538.43,1763.65,14.5,"[[""0.0020"",""2800.00""],[""0.0030"",""714.00""],[""0.0060"",""1.00""],[""0.0070"",""2333.00""],[""0.0080"",""1.00""],[""0.0090"",""10.00""],[""0.0100"",""1017.15""],[""0.0110"",""1.00""],[""0.0120"",""625.00""],[""0.0130"",""1763.65""]]","[[""0.9700"",""2569.00""],[""0.9720"",""373.00""],[""0.9730"",""185.00""],[""0.9740"",""43.00""],[""0.9760"",""89.07""],[""0.9790"",""450.00""],[""0.9800"",""201.00""],[""0.9820"",""380.78""],[""0.9830"",""16.00""],[""0.9840"",""14.50""]]"
2026-05-16T12:25:18.284Z,KXBTC15M-26MAY160830-30,BTC price up in next 15 mins?,KXBTC15M-26MAY160830,2026-05-16T12:30:00Z,active,0.013,0.018,0.982,0.987,0.0155,0.018,185552.53,86538.43,1500.1,188.55,"[[""0.0010"",""4564.00""],[""0.0020"",""2800.00""],[""0.0030"",""714.00""],[""0.0060"",""1.00""],[""0.0080"",""2334.00""],[""0.0100"",""918.15""],[""0.0110"",""1.00""],[""0.0120"",""635.00""],[""0.0130"",""1500.10""]]","[[""0.9700"",""2569.00""],[""0.9720"",""373.00""],[""0.9730"",""185.00""],[""0.9740"",""43.00""],[""0.9760"",""89.07""],[""0.9790"",""460.00""],[""0.9800"",""201.00""],[""0.9810"",""15.00""],[""0.9820"",""500.00""],[""0.9840"",""188.55""]]"
2026-05-16T12:25:20.301Z,KXBTC15M-26MAY160830-30,BTC price up in next 15 mins?,KXBTC15M-26MAY160830,2026-05-16T12:30:00Z,active,0.013,0.018,0.982,0.987,0.0155,0.018,185552.53,86538.43,57.66,154.19,"[[""0.0010"",""4564.00""],[""0.0020"",""1735.00""],[""0.0030"",""714.00""],[""0.0060"",""1.00""],[""0.0080"",""2344.00""],[""0.0090"",""57.66""]]","[[""0.9760"",""214.07""],[""0.9780"",""125.00""],[""0.9790"",""160.00""],[""0.9800"",""201.00""],[""0.9810"",""125.00""],[""0.9820"",""500.00""],[""0.9830"",""625.00""],[""0.9840"",""330.94""],[""0.9850"",""64.97""],[""0.9900"",""154.19""]]"
2026-05-16T12:25:22.285Z,KXBTC15M-26MAY160830-30,BTC price up in next 15 mins?,KXBTC15M-26MAY160830,2026-05-16T12:30:00Z,active,0.013,0.018,0.982,0.987,0.0155,0.018,185552.53,86538.43,622.36,370.97,"[[""0.0010"",""4566.00""],[""0.0020"",""2127.00""],[""0.0030"",""400.00""],[""0.0060"",""9.00""],[""0.0080"",""1.00""],[""0.0110"",""2343.00""],[""0.0120"",""43.00""],[""0.0150"",""622.36""]]","[[""0.9670"",""627.98""],[""0.9700"",""174.00""],[""0.9720"",""973.00""],[""0.9730"",""185.00""],[""0.9760"",""231.07""],[""0.9780"",""125.00""],[""0.9800"",""258.00""],[""0.9810"",""135.00""],[""0.9830"",""625.00""],[""0.9840"",""370.97""]]"
2026-05-16T12:25:24.296Z,KXBTC15M-26MAY160830-30,BTC price up in next 15 mins?,KXBTC15M-26MAY160830,2026-05-16T12:30:00Z,active,0.013,0.018,0.982,0.987,0.0155,0.018,185552.53,86538.43,547.36,625.0,"[[""0.0010"",""4976.00""],[""0.0020"",""2112.00""],[""0.0030"",""1381.00""],[""0.0050"",""8.00""],[""0.0060"",""1.00""],[""0.0080"",""1.00""],[""0.0100"",""94.00""],[""0.0110"",""2343.00""],[""0.0120"",""43.00""],[""0.0150"",""547.36""]]","[[""0.9720"",""873.00""],[""0.9730"",""185.00""],[""0.9740"",""100.00""],[""0.9750"",""152.00""],[""0.9760"",""214.07""],[""0.9770"",""17.00""],[""0.9780"",""125.00""],[""0.9800"",""139.00""],[""0.9810"",""135.00""],[""0.9830"",""625.00""]]"
2026-05-16T12:25:26.311Z,KXBTC15M-26MAY160830-30,BTC price up in next 15 mins?,KXBTC15M-26MAY160830,2026-05-16T12:30:00Z,active,0.013,0.018,0.982,0.987,0.0155,0.018,185552.53,86538.43,139.36,100.0,"[[""0.0100"",""94.00""],[""0.0110"",""125.00""],[""0.0130"",""335.00""],[""0.0140"",""10.00""],[""0.0150"",""625.00""],[""0.0170"",""125.00""],[""0.0180"",""21.00""],[""0.0190"",""125.00""],[""0.0200"",""5.00""],[""0.0210"",""139.36""]]","[[""0.9570"",""525.00""],[""0.9580"",""2.00""],[""0.9600"",""3858.00""],[""0.9610"",""1233.00""],[""0.9630"",""329.00""],[""0.9650"",""220.46""],[""0.9700"",""26.00""],[""0.9720"",""500.00""],[""0.9730"",""220.00""],[""0.9740"",""100.00""]]"
2026-05-16T12:25:28.307Z,KXBTC15M-26MAY160830-30,BTC price up in next 15 mins?,KXBTC15M-26MAY160830,2026-05-16T12:30:00Z,active,0.013,0.018,0.982,0.987,0.0155,0.018,185552.53,86538.43,134.36,108.85,"[[""0.0090"",""2333.00""],[""0.0100"",""2634.00""],[""0.0110"",""125.00""],[""0.0130"",""335.00""],[""0.0140"",""10.00""],[""0.0150"",""625.00""],[""0.0160"",""31.50""],[""0.0170"",""125.00""],[""0.0180"",""20.00""],[""0.0190"",""134.36""]]","[[""0.9610"",""1233.00""],[""0.9630"",""329.00""],[""0.9650"",""220.46""],[""0.9680"",""125.00""],[""0.9700"",""121.00""],[""0.9720"",""500.00""],[""0.9730"",""71.00""],[""0.9740"",""151.00""],[""0.9750"",""51.26""],[""0.9800"",""108.85""]]"
2026-05-16T12:25:30.292Z,KXBTC15M-26MAY160830-30,BTC price up in next 15 mins?,KXBTC15M-26MAY160830,2026-05-16T12:30:00Z,active,0.013,0.018,0.982,0.987,0.0155,0.018,185552.53,86538.43,5.0,109.26,"[[""0.0060"",""1.00""],[""0.0080"",""1.00""],[""0.0100"",""2634.00""],[""0.0110"",""2458.00""],[""0.0130"",""150.00""],[""0.0140"",""181.00""],[""0.0150"",""625.00""],[""0.0170"",""135.00""],[""0.0190"",""33.36""],[""0.0200"",""5.00""]]","[[""0.9630"",""329.00""],[""0.9650"",""220.46""],[""0.9660"",""43.00""],[""0.9680"",""125.00""],[""0.9700"",""131.00""],[""0.9710"",""125.00""],[""0.9720"",""500.00""],[""0.9730"",""61.00""],[""0.9740"",""171.00""],[""0.9750"",""109.26""]]"
2026-05-16T12:25:32.299Z,KXBTC15M-26MAY160830-30,BTC price up in next 15 mins?,KXBTC15M-26MAY160830,2026-05-16T12:30:00Z,active,0.013,0.018,0.982,0.987,0.0155,0.018,185552.53,86538.43,75.0,44.26,"[[""0.0060"",""1.00""],[""0.0080"",""1.00""],[""0.0100"",""4892.00""],[""0.0110"",""125.00""],[""0.0120"",""43.00""],[""0.0130"",""160.00""],[""0.0140"",""181.00""],[""0.0150"",""265.04""],[""0.0160"",""31.50""],[""0.0200"",""75.00""]]","[[""0.9610"",""1233.00""],[""0.9630"",""329.00""],[""0.9650"",""220.46""],[""0.9680"",""125.00""],[""0.9700"",""164.00""],[""0.9710"",""125.00""],[""0.9720"",""500.00""],[""0.9730"",""61.00""],[""0.9740"",""143.00""],[""0.9750"",""44.26""]]"
2026-05-16T12:25:34.285Z,KXBTC15M-26MAY160830-30,BTC price up in next 15 mins?,KXBTC15M-26MAY160830,2026-05-16T12:30:00Z,active,0.013,0.018,0.982,0.987,0.0155,0.018,185552.53,86538.43,141.84,125.29,"[[""0.0020"",""2989.00""],[""0.0030"",""400.00""],[""0.0060"",""1.00""],[""0.0080"",""1.00""],[""0.0100"",""2559.00""],[""0.0110"",""2458.00""],[""0.0130"",""193.00""],[""0.0140"",""181.00""],[""0.0150"",""265.04""],[""0.0170"",""141.84""]]","[[""0.9610"",""1183.00""],[""0.9630"",""379.00""],[""0.9650"",""220.46""],[""0.9680"",""125.00""],[""0.9690"",""43.00""],[""0.9700"",""121.00""],[""0.9710"",""135.00""],[""0.9720"",""500.00""],[""0.9730"",""210.00""],[""0.9740"",""125.29""]]"
2026-05-16T12:25:36.299Z,KXBTC15M-26MAY160830-30,BTC price up in next 15 mins?,KXBTC15M-26MAY160830,2026-05-16T12:30:00Z,active,0.013,0.018,0.982,0.987,0.0155,0.018,185552.53,86538.43,365.21,136.97,"[[""0.0010"",""4574.00""],[""0.0020"",""2434.00""],[""0.0030"",""400.00""],[""0.0060"",""1.00""],[""0.0080"",""1.00""],[""0.0100"",""2634.00""],[""0.0110"",""2458.00""],[""0.0130"",""193.00""],[""0.0170"",""35.00""],[""0.0200"",""365.21""]]","[[""0.9610"",""1183.00""],[""0.9630"",""379.00""],[""0.9650"",""220.46""],[""0.9680"",""125.00""],[""0.9690"",""43.00""],[""0.9700"",""121.00""],[""0.9710"",""135.00""],[""0.9720"",""500.00""],[""0.9730"",""210.00""],[""0.9740"",""136.97""]]"
2026-05-16T12:25:38.289Z,KXBTC15M-26MAY160830-30,BTC price up in next 15 mins?,KXBTC15M-26MAY160830,2026-05-16T12:30:00Z,active,0.013,0.018,0.982,0.987,0.0155,0.018,185552.53,86538.43,440.21,54.36,"[[""0.0010"",""4574.00""],[""0.0020"",""2434.00""],[""0.0030"",""400.00""],[""0.0060"",""1.00""],[""0.0080"",""1.00""],[""0.0100"",""2559.00""],[""0.0110"",""2458.00""],[""0.0130"",""378.00""],[""0.0170"",""35.00""],[""0.0200"",""440.21""]]","[[""0.9630"",""379.00""],[""0.9650"",""220.46""],[""0.9680"",""125.00""],[""0.9690"",""43.00""],[""0.9700"",""121.00""],[""0.9710"",""135.00""],[""0.9720"",""500.00""],[""0.9730"",""95.33""],[""0.9750"",""152.00""],[""0.9760"",""54.36""]]"
2026-05-16T12:25:40.296Z,KXBTC15M-26MAY160830-30,BTC price up in next 15 mins?,KXBTC15M-26MAY160830,2026-05-16T12:30:00Z,active,0.013,0.018,0.982,0.987,0.0155,0.018,185552.53,86538.43,100.65,207.26,"[[""0.0020"",""2434.00""],[""0.0030"",""400.00""],[""0.0060"",""1.00""],[""0.0080"",""1.00""],[""0.0100"",""2609.00""],[""0.0110"",""125.00""],[""0.0130"",""378.00""],[""0.0170"",""35.00""],[""0.0200"",""365.21""],[""0.0210"",""100.65""]]","[[""0.9600"",""4170.00""],[""0.9610"",""1183.00""],[""0.9630"",""329.00""],[""0.9650"",""270.46""],[""0.9680"",""125.00""],[""0.9700"",""164.00""],[""0.9710"",""135.00""],[""0.9720"",""500.00""],[""0.9730"",""61.00""],[""0.9750"",""207.26""]]"
2026-05-16T12:25:42.302Z,KXBTC15M-26MAY160830-30,BTC price up in next 15 mins?,KXBTC15M-26MAY160830,2026-05-16T12:30:00Z,active,0.013,0.018,0.982,0.987,0.0155,0.018,185552.53,86538.43,75.0,37.36,"[[""0.0060"",""1.00""],[""0.0080"",""1.00""],[""0.0100"",""4923.00""],[""0.0110"",""125.00""],[""0.0130"",""150.00""],[""0.0140"",""43.00""],[""0.0160"",""174.00""],[""0.0170"",""36.00""],[""0.0200"",""336.21""],[""0.0210"",""75.00""]]","[[""0.9610"",""1183.00""],[""0.9630"",""329.00""],[""0.9650"",""270.46""],[""0.9680"",""168.00""],[""0.9700"",""121.00""],[""0.9710"",""135.00""],[""0.9720"",""647.00""],[""0.9730"",""61.00""],[""0.9750"",""20.00""],[""0.9760"",""37.36""]]"
2026-05-16T12:25:44.294Z,KXBTC15M-26MAY160830-30,BTC price up in next 15 mins?,KXBTC15M-26MAY160830,2026-05-16T12:30:00Z,active,0.013,0.018,0.982,0.987,0.0155,0.018,185552.53,86538.43,366.41,100.0,"[[""0.0030"",""400.00""],[""0.0060"",""1.00""],[""0.0080"",""1.00""],[""0.0100"",""5017.00""],[""0.0110"",""125.00""],[""0.0130"",""193.00""],[""0.0160"",""174.00""],[""0.0170"",""10.00""],[""0.0190"",""25.00""],[""0.0200"",""366.41""]]","[[""0.9610"",""1585.00""],[""0.9630"",""329.00""],[""0.9650"",""220.46""],[""0.9670"",""50.00""],[""0.9680"",""125.00""],[""0.9700"",""121.00""],[""0.9710"",""135.00""],[""0.9720"",""464.60""],[""0.9740"",""16.00""],[""0.9750"",""100.00""]]"
2026-05-16T12:25:46.294Z,KXBTC15M-26MAY160830-30,BTC price up in next 15 mins?,KXBTC15M-26MAY160830,2026-05-16T12:30:00Z,active,0.02,0.024,0.976,0.98,0.022,0.028,196063.30,90874.95,52.83,194.29,"[[""0.0060"",""1.00""],[""0.0080"",""1.00""],[""0.0100"",""5017.00""],[""0.0110"",""125.00""],[""0.0120"",""43.00""],[""0.0130"",""150.00""],[""0.0160"",""174.00""],[""0.0170"",""10.00""],[""0.0200"",""327.21""],[""0.0210"",""52.83""]]","[[""0.9600"",""3768.00""],[""0.9610"",""1585.00""],[""0.9630"",""329.00""],[""0.9650"",""220.46""],[""0.9670"",""50.00""],[""0.9680"",""125.00""],[""0.9700"",""183.00""],[""0.9710"",""135.00""],[""0.9720"",""243.47""],[""0.9730"",""194.29""]]"
2026-05-16T12:25:48.286Z,KXBTC15M-26MAY160830-30,BTC price up in next 15 mins?,KXBTC15M-26MAY160830,2026-05-16T12:30:00Z,active,0.02,0.024,0.976,0.98,0.022,0.028,196063.30,90874.95,81.39,234.96,"[[""0.0030"",""400.00""],[""0.0060"",""1.00""],[""0.0080"",""1.00""],[""0.0100"",""2974.00""],[""0.0110"",""125.00""],[""0.0120"",""43.00""],[""0.0130"",""150.00""],[""0.0150"",""177.00""],[""0.0170"",""10.00""],[""0.0200"",""81.39""]]","[[""0.9620"",""400.00""],[""0.9630"",""329.00""],[""0.9650"",""220.46""],[""0.9670"",""50.00""],[""0.9680"",""125.00""],[""0.9700"",""140.00""],[""0.9710"",""178.00""],[""0.9720"",""78.47""],[""0.9730"",""169.00""],[""0.9750"",""234.96""]]"
2026-05-16T12:25:50.291Z,KXBTC15M-26MAY160830-30,BTC price up in next 15 mins?,KXBTC15M-26MAY160830,2026-05-16T12:30:00Z,active,0.02,0.024,0.976,0.98,0.022,0.028,196063.30,90874.95,21.0,200.12,"[[""0.0030"",""400.00""],[""0.0060"",""1.00""],[""0.0080"",""1.00""],[""0.0100"",""2974.00""],[""0.0110"",""125.00""],[""0.0130"",""193.00""],[""0.0160"",""174.00""],[""0.0170"",""10.00""],[""0.0200"",""161.39""],[""0.0210"",""21.00""]]","[[""0.9570"",""125.00""],[""0.9600"",""4170.00""],[""0.9610"",""1183.00""],[""0.9630"",""329.00""],[""0.9650"",""220.46""],[""0.9680"",""125.00""],[""0.9690"",""93.00""],[""0.9700"",""147.00""],[""0.9710"",""281.00""],[""0.9720"",""200.12""]]"
2026-05-16T12:25:52.287Z,KXBTC15M-26MAY160830-30,BTC price up in next 15 mins?,KXBTC15M-26MAY160830,2026-05-16T12:30:00Z,active,0.02,0.024,0.976,0.98,0.022,0.028,196063.30,90874.95,181.5,134.29,"[[""0.0030"",""400.00""],[""0.0060"",""1.00""],[""0.0080"",""1.00""],[""0.0100"",""2984.00""],[""0.0110"",""125.00""],[""0.0120"",""43.00""],[""0.0130"",""150.00""],[""0.0150"",""177.00""],[""0.0170"",""10.00""],[""0.0200"",""181.50""]]","[[""0.9600"",""3768.00""],[""0.9610"",""1585.00""],[""0.9630"",""329.00""],[""0.9650"",""220.46""],[""0.9680"",""125.00""],[""0.9690"",""50.00""],[""0.9700"",""190.00""],[""0.9710"",""281.00""],[""0.9720"",""71.76""],[""0.9740"",""134.29""]]"
2026-05-16T12:25:54.300Z,KXBTC15M-26MAY160830-30,BTC price up in next 15 mins?,KXBTC15M-26MAY160830,2026-05-16T12:30:00Z,active,0.02,0.024,0.976,0.98,0.022,0.028,196063.30,90874.95,54.83,109.29,"[[""0.0060"",""1.00""],[""0.0080"",""1.00""],[""0.0100"",""2984.00""],[""0.0110"",""125.00""],[""0.0120"",""43.00""],[""0.0130"",""150.00""],[""0.0150"",""177.00""],[""0.0170"",""10.00""],[""0.0200"",""156.30""],[""0.0210"",""54.83""]]","[[""0.9570"",""125.00""],[""0.9600"",""3768.00""],[""0.9610"",""1585.00""],[""0.9630"",""329.00""],[""0.9650"",""220.46""],[""0.9680"",""125.00""],[""0.9700"",""189.00""],[""0.9710"",""331.00""],[""0.9720"",""89.76""],[""0.9740"",""109.29""]]"
2026-05-16T12:25:56.290Z,KXBTC15M-26MAY160830-30,BTC price up in next 15 mins?,KXBTC15M-26MAY160830,2026-05-16T12:30:00Z,active,0.02,0.024,0.976,0.98,0.022,0.028,196063.30,90874.95,66.54,75.0,"[[""0.0020"",""1177.00""],[""0.0030"",""400.00""],[""0.0060"",""1.00""],[""0.0080"",""1.00""],[""0.0100"",""2984.00""],[""0.0110"",""125.00""],[""0.0130"",""193.00""],[""0.0160"",""299.00""],[""0.0170"",""10.00""],[""0.0200"",""66.54""]]","[[""0.9620"",""400.00""],[""0.9630"",""329.00""],[""0.9640"",""1250.00""],[""0.9650"",""220.46""],[""0.9660"",""10.00""],[""0.9680"",""125.00""],[""0.9700"",""333.00""],[""0.9710"",""50.00""],[""0.9720"",""500.00""],[""0.9730"",""75.00""]]"
2026-05-16T12:25:58.300Z,KXBTC15M-26MAY160830-30,BTC price up in next 15 mins?,KXBTC15M-26MAY160830,2026-05-16T12:30:00Z,active,0.02,0.024,0.976,0.98,0.022,0.028,196063.30,90874.95,281.54,91.4,"[[""0.0020"",""1177.00""],[""0.0030"",""400.00""],[""0.0060"",""1.00""],[""0.0080"",""1.00""],[""0.0100"",""2984.00""],[""0.0110"",""125.00""],[""0.0120"",""43.00""],[""0.0130"",""150.00""],[""0.0160"",""299.00""],[""0.0200"",""281.54""]]","[[""0.9610"",""452.00""],[""0.9630"",""329.00""],[""0.9640"",""1250.00""],[""0.9650"",""220.46""],[""0.9660"",""10.00""],[""0.9680"",""125.00""],[""0.9700"",""290.00""],[""0.9710"",""93.00""],[""0.9720"",""500.00""],[""0.9730"",""91.40""]]"
2026-05-16T12:26:00.318Z,KXBTC15M-26MAY160830-30,BTC price up in next 15 mins?,KXBTC15M-26MAY160830,2026-05-16T12:30:00Z,active,0.02,0.024,0.976,0.98,0.022,0.028,196063.30,90874.95,76.92,169.24,"[[""0.0010"",""4574.00""],[""0.0020"",""1177.00""],[""0.0030"",""400.00""],[""0.0060"",""1.00""],[""0.0080"",""2334.00""],[""0.0100"",""10078.00""],[""0.0110"",""125.00""],[""0.0130"",""193.00""],[""0.0160"",""76.92""]]","[[""0.9630"",""329.00""],[""0.9640"",""1652.00""],[""0.9650"",""220.46""],[""0.9660"",""10.00""],[""0.9680"",""125.00""],[""0.9700"",""189.00""],[""0.9710"",""271.00""],[""0.9720"",""500.00""],[""0.9730"",""111.00""],[""0.9750"",""169.24""]]"
2026-05-16T12:26:02.292Z,KXBTC15M-26MAY160830-30,BTC price up in next 15 mins?,KXBTC15M-26MAY160830,2026-05-16T12:30:00Z,active,0.02,0.024,0.976,0.98,0.022,0.028,196063.30,90874.95,64.0,61.24,"[[""0.0030"",""400.00""],[""0.0060"",""1.00""],[""0.0080"",""2334.00""],[""0.0100"",""10078.00""],[""0.0110"",""125.00""],[""0.0120"",""43.00""],[""0.0130"",""150.00""],[""0.0150"",""177.00""],[""0.0160"",""10.00""],[""0.0180"",""64.00""]]","[[""0.9600"",""3768.00""],[""0.9610"",""50.00""],[""0.9630"",""329.00""],[""0.9640"",""1652.00""],[""0.9650"",""220.46""],[""0.9680"",""125.00""],[""0.9700"",""189.00""],[""0.9710"",""135.00""],[""0.9720"",""554.26""],[""0.9730"",""61.24""]]"
2026-05-16T12:26:04.309Z,KXBTC15M-26MAY160830-30,BTC price up in next 15 mins?,KXBTC15M-26MAY160830,2026-05-16T12:30:00Z,active,0.02,0.024,0.976,0.98,0.022,0.028,196063.30,90874.95,75.0,500.0,"[[""0.0010"",""4574.00""],[""0.0020"",""1177.00""],[""0.0030"",""400.00""],[""0.0060"",""1.00""],[""0.0080"",""2342.00""],[""0.0100"",""10778.43""],[""0.0110"",""75.00""]]","[[""0.9680"",""125.00""],[""0.9700"",""789.00""],[""0.9710"",""135.00""],[""0.9730"",""49.35""],[""0.9740"",""125.00""],[""0.9760"",""279.00""],[""0.9770"",""18.00""],[""0.9780"",""125.00""],[""0.9800"",""168.00""],[""0.9820"",""500.00""]]"
2026-05-16T12:26:06.307Z,KXBTC15M-26MAY160830-30,BTC price up in next 15 mins?,KXBTC15M-26MAY160830,2026-05-16T12:30:00Z,active,0.02,0.024,0.976,0.98,0.022,0.028,196063.30,90874.95,141.0,158.0,"[[""0.0010"",""4574.00""],[""0.0020"",""1177.00""],[""0.0030"",""400.00""],[""0.0060"",""1.00""],[""0.0080"",""9.00""],[""0.0100"",""7738.00""],[""0.0110"",""10.00""],[""0.0120"",""2333.00""],[""0.0150"",""141.00""]]","[[""0.9650"",""220.46""],[""0.9680"",""125.00""],[""0.9700"",""784.00""],[""0.9710"",""125.00""],[""0.9720"",""500.00""],[""0.9740"",""125.00""],[""0.9760"",""125.00""],[""0.9780"",""125.00""],[""0.9790"",""43.00""],[""0.9800"",""158.00""]]"
2026-05-16T12:26:08.293Z,KXBTC15M-26MAY160830-30,BTC price up in next 15 mins?,KXBTC15M-26MAY160830,2026-05-16T12:30:00Z,active,0.02,0.024,0.976,0.98,0.022,0.028,196063.30,90874.95,99.6,191.41,"[[""0.0010"",""4574.00""],[""0.0020"",""1177.00""],[""0.0030"",""400.00""],[""0.0060"",""1.00""],[""0.0070"",""8.00""],[""0.0080"",""1.00""],[""0.0100"",""12478.00""],[""0.0110"",""10.00""],[""0.0120"",""189.00""],[""0.0150"",""99.60""]]","[[""0.9650"",""620.46""],[""0.9680"",""125.00""],[""0.9700"",""770.00""],[""0.9710"",""125.00""],[""0.9720"",""500.00""],[""0.9730"",""20.00""],[""0.9740"",""125.00""],[""0.9760"",""279.00""],[""0.9780"",""168.00""],[""0.9800"",""191.41""]]"
2026-05-16T12:26:10.310Z,KXBTC15M-26MAY160830-30,BTC price up in next 15 mins?,KXBTC15M-26MAY160830,2026-05-16T12:30:00Z,active,0.02,0.024,0.976,0.98,0.022,0.028,196063.30,90874.95,58.76,28.21,"[[""0.0010"",""4574.00""],[""0.0020"",""1177.00""],[""0.0030"",""400.00""],[""0.0060"",""1.00""],[""0.0070"",""8.00""],[""0.0080"",""1.00""],[""0.0100"",""9946.00""],[""0.0110"",""10.00""],[""0.0120"",""189.00""],[""0.0130"",""58.76""]]","[[""0.9680"",""125.00""],[""0.9700"",""141.00""],[""0.9710"",""125.00""],[""0.9730"",""20.00""],[""0.9740"",""125.00""],[""0.9760"",""279.00""],[""0.9780"",""168.00""],[""0.9800"",""135.33""],[""0.9820"",""543.00""],[""0.9830"",""28.21""]]"
2026-05-16T12:26:12.292Z,KXBTC15M-26MAY160830-30,BTC price up in next 15 mins?,KXBTC15M-26MAY160830,2026-05-16T12:30:00Z,active,0.02,0.024,0.976,0.98,0.022,0.028,196063.30,90874.95,68.0,519.75,"[[""0.0010"",""4574.00""],[""0.0020"",""1177.00""],[""0.0030"",""400.00""],[""0.0060"",""9.00""],[""0.0080"",""1.00""],[""0.0100"",""9946.00""],[""0.0110"",""204.00""],[""0.0120"",""68.00""]]","[[""0.9710"",""125.00""],[""0.9730"",""20.00""],[""0.9740"",""125.00""],[""0.9760"",""125.00""],[""0.9770"",""156.00""],[""0.9780"",""125.00""],[""0.9790"",""43.00""],[""0.9800"",""125.33""],[""0.9810"",""16.00""],[""0.9820"",""519.75""]]"
2026-05-16T12:26:14.291Z,KXBTC15M-26MAY160830-30,BTC price up in next 15 mins?,KXBTC15M-26MAY160830,2026-05-16T12:30:00Z,active,0.02,0.024,0.976,0.98,0.022,0.028,196063.30,90874.95,255.09,41.9,"[[""0.0010"",""4574.00""],[""0.0020"",""1177.00""],[""0.0030"",""400.00""],[""0.0060"",""9.00""],[""0.0080"",""1.00""],[""0.0100"",""9946.00""],[""0.0110"",""255.09""]]","[[""0.9700"",""421.00""],[""0.9710"",""125.00""],[""0.9730"",""20.00""],[""0.9740"",""125.00""],[""0.9760"",""125.00""],[""0.9770"",""166.00""],[""0.9780"",""125.00""],[""0.9800"",""829.33""],[""0.9820"",""491.75""],[""0.9830"",""41.90""]]"
2026-05-16T12:26:16.307Z,KXBTC15M-26MAY160830-30,BTC price up in next 15 mins?,KXBTC15M-26MAY160830,2026-05-16T12:30:00Z,active,0.011,0.013,0.987,0.989,0.012,0.013,202387.88,92514.82,255.09,735.52,"[[""0.0010"",""4574.00""],[""0.0020"",""1177.00""],[""0.0030"",""400.00""],[""0.0060"",""9.00""],[""0.0080"",""2334.00""],[""0.0100"",""7538.00""],[""0.0110"",""255.09""]]","[[""0.9710"",""125.00""],[""0.9730"",""20.00""],[""0.9740"",""125.00""],[""0.9760"",""125.00""],[""0.9770"",""166.00""],[""0.9780"",""125.00""],[""0.9800"",""1022.33""],[""0.9820"",""491.75""],[""0.9830"",""41.90""],[""0.9870"",""735.52""]]"
2026-05-16T12:26:18.307Z,KXBTC15M-26MAY160830-30,BTC price up in next 15 mins?,KXBTC15M-26MAY160830,2026-05-16T12:30:00Z,active,0.011,0.013,0.987,0.989,0.012,0.013,202387.88,92514.82,7738.0,51.9,"[[""0.0010"",""4574.00""],[""0.0020"",""1177.00""],[""0.0030"",""400.00""],[""0.0050"",""8.00""],[""0.0060"",""1.00""],[""0.0080"",""2344.00""],[""0.0090"",""18.00""],[""0.0100"",""7738.00""]]","[[""0.9710"",""125.00""],[""0.9730"",""20.00""],[""0.9740"",""125.00""],[""0.9760"",""125.00""],[""0.9770"",""156.00""],[""0.9780"",""125.00""],[""0.9800"",""979.33""],[""0.9810"",""43.00""],[""0.9820"",""476.75""],[""0.9840"",""51.90""]]"
2026-05-16T12:26:20.300Z,KXBTC15M-26MAY160830-30,BTC price up in next 15 mins?,KXBTC15M-26MAY160830,2026-05-16T12:30:00Z,active,0.011,0.013,0.987,0.989,0.012,0.013,202387.88,92514.82,149.0,500.0,"[[""0.0010"",""4574.00""],[""0.0020"",""1177.00""],[""0.0030"",""400.00""],[""0.0050"",""8.00""],[""0.0060"",""1.00""],[""0.0080"",""2334.00""],[""0.0100"",""7738.00""],[""0.0120"",""149.00""]]","[[""0.9700"",""830.00""],[""0.9710"",""125.00""],[""0.9730"",""20.00""],[""0.9740"",""125.00""],[""0.9760"",""125.00""],[""0.9770"",""166.00""],[""0.9780"",""125.00""],[""0.9800"",""361.33""],[""0.9810"",""61.00""],[""0.9820"",""500.00""]]"
2026-05-16T12:26:22.292Z,KXBTC15M-26MAY160830-30,BTC price up in next 15 mins?,KXBTC15M-26MAY160830,2026-05-16T12:30:00Z,active,0.011,0.013,0.987,0.989,0.012,0.013,202387.88,92514.82,137.0,10.0,"[[""0.0010"",""4574.00""],[""0.0020"",""1177.00""],[""0.0030"",""400.00""],[""0.0050"",""8.00""],[""0.0060"",""1.00""],[""0.0080"",""2334.00""],[""0.0090"",""10.00""],[""0.0100"",""7738.00""],[""0.0120"",""137.00""]]","[[""0.9710"",""125.00""],[""0.9730"",""20.00""],[""0.9740"",""125.00""],[""0.9760"",""125.00""],[""0.9770"",""156.00""],[""0.9780"",""125.00""],[""0.9800"",""872.33""],[""0.9810"",""64.00""],[""0.9820"",""108.06""],[""0.9830"",""10.00""]]"
2026-05-16T12:26:24.293Z,KXBTC15M-26MAY160830-30,BTC price up in next 15 mins?,KXBTC15M-26MAY160830,2026-05-16T12:30:00Z,active,0.011,0.013,0.987,0.989,0.012,0.013,202387.88,92514.82,75.0,848.33,"[[""0.0030"",""400.00""],[""0.0060"",""1.00""],[""0.0070"",""8.00""],[""0.0080"",""1.00""],[""0.0100"",""10078.00""],[""0.0110"",""194.00""],[""0.0120"",""2333.00""],[""0.0130"",""38.76""],[""0.0150"",""36.00""],[""0.0160"",""75.00""]]","[[""0.9690"",""1156.00""],[""0.9700"",""37.00""],[""0.9710"",""125.00""],[""0.9720"",""510.00""],[""0.9730"",""20.00""],[""0.9740"",""125.00""],[""0.9760"",""125.00""],[""0.9770"",""62.00""],[""0.9780"",""125.00""],[""0.9800"",""848.33""]]"
2026-05-16T12:26:26.294Z,KXBTC15M-26MAY160830-30,BTC price up in next 15 mins?,KXBTC15M-26MAY160830,2026-05-16T12:30:00Z,active,0.011,0.013,0.987,0.989,0.012,0.013,202387.88,92514.82,26.0,965.41,"[[""0.0020"",""1177.00""],[""0.0030"",""400.00""],[""0.0060"",""1.00""],[""0.0080"",""1.00""],[""0.0100"",""10134.00""],[""0.0110"",""194.00""],[""0.0130"",""2333.00""],[""0.0140"",""36.00""],[""0.0150"",""10.00""],[""0.0160"",""26.00""]]","[[""0.9690"",""1156.00""],[""0.9700"",""337.00""],[""0.9710"",""125.00""],[""0.9720"",""510.00""],[""0.9730"",""169.00""],[""0.9740"",""125.00""],[""0.9760"",""168.00""],[""0.9770"",""19.00""],[""0.9780"",""125.00""],[""0.9800"",""965.41""]]"
2026-05-16T12:26:28.295Z,KXBTC15M-26MAY160830-30,BTC price up in next 15 mins?,KXBTC15M-26MAY160830,2026-05-16T12:30:00Z,active,0.011,0.013,0.987,0.989,0.012,0.013,202387.88,92514.82,107.52,125.0,"[[""0.0010"",""4974.00""],[""0.0020"",""1177.00""],[""0.0030"",""400.00""],[""0.0060"",""1.00""],[""0.0080"",""1.00""],[""0.0100"",""10184.00""],[""0.0160"",""174.00""],[""0.0170"",""2333.00""],[""0.0180"",""10.00""],[""0.0190"",""107.52""]]","[[""0.9630"",""329.00""],[""0.9650"",""220.46""],[""0.9680"",""125.00""],[""0.9690"",""1166.00""],[""0.9700"",""81.00""],[""0.9710"",""125.00""],[""0.9720"",""500.00""],[""0.9730"",""20.00""],[""0.9740"",""142.00""],[""0.9760"",""125.00""]]"
2026-05-16T12:26:30.298Z,KXBTC15M-26MAY160830-30,BTC price up in next 15 mins?,KXBTC15M-26MAY160830,2026-05-16T12:30:00Z,active,0.011,0.013,0.987,0.989,0.012,0.013,202387.88,92514.82,2507.0,447.9,"[[""0.0010"",""4574.00""],[""0.0020"",""1177.00""],[""0.0030"",""400.00""],[""0.0060"",""1.00""],[""0.0080"",""1.00""],[""0.0100"",""10267.00""],[""0.0110"",""43.00""],[""0.0140"",""125.00""],[""0.0150"",""10.00""],[""0.0160"",""2507.00""]]","[[""0.9650"",""220.46""],[""0.9680"",""168.00""],[""0.9690"",""1166.00""],[""0.9700"",""182.00""],[""0.9710"",""125.00""],[""0.9720"",""500.00""],[""0.9730"",""20.00""],[""0.9740"",""145.00""],[""0.9770"",""14.67""],[""0.9800"",""447.90""]]"
2026-05-16T12:26:32.290Z,KXBTC15M-26MAY160830-30,BTC price up in next 15 mins?,KXBTC15M-26MAY160830,2026-05-16T12:30:00Z,active,0.011,0.013,0.987,0.989,0.012,0.013,202387.88,92514.82,266.0,1382.9,"[[""0.0010"",""4574.00""],[""0.0020"",""1177.00""],[""0.0030"",""400.00""],[""0.0060"",""1.00""],[""0.0080"",""1.00""],[""0.0100"",""10211.00""],[""0.0140"",""2458.00""],[""0.0150"",""10.00""],[""0.0160"",""266.00""]]","[[""0.9650"",""220.46""],[""0.9680"",""168.00""],[""0.9690"",""1156.00""],[""0.9700"",""201.00""],[""0.9710"",""125.00""],[""0.9720"",""510.00""],[""0.9730"",""20.00""],[""0.9740"",""125.00""],[""0.9760"",""18.00""],[""0.9800"",""1382.90""]]"
2026-05-16T12:26:34.298Z,KXBTC15M-26MAY160830-30,BTC price up in next 15 mins?,KXBTC15M-26MAY160830,2026-05-16T12:30:00Z,active,0.011,0.013,0.987,0.989,0.012,0.013,202387.88,92514.82,127.0,35.0,"[[""0.0010"",""4574.00""],[""0.0020"",""1177.00""],[""0.0030"",""408.00""],[""0.0060"",""16.00""],[""0.0080"",""1.00""],[""0.0090"",""2333.00""],[""0.0100"",""7644.00""],[""0.0110"",""194.00""],[""0.0120"",""127.00""]]","[[""0.9690"",""1156.00""],[""0.9700"",""532.00""],[""0.9710"",""125.00""],[""0.9730"",""20.00""],[""0.9740"",""125.00""],[""0.9750"",""10.00""],[""0.9760"",""43.00""],[""0.9800"",""1387.90""],[""0.9820"",""500.00""],[""0.9840"",""35.00""]]"
2026-05-16T12:26:36.303Z,KXBTC15M-26MAY160830-30,BTC price up in next 15 mins?,KXBTC15M-26MAY160830,2026-05-16T12:30:00Z,active,0.011,0.013,0.987,0.989,0.012,0.013,202387.88,92514.82,127.0,39.0,"[[""0.0010"",""4574.00""],[""0.0020"",""1177.00""],[""0.0030"",""408.00""],[""0.0060"",""21.00""],[""0.0080"",""1.00""],[""0.0090"",""2333.00""],[""0.0100"",""7644.00""],[""0.0110"",""194.00""],[""0.0120"",""127.00""]]","[[""0.9690"",""1156.00""],[""0.9700"",""830.00""],[""0.9710"",""125.00""],[""0.9730"",""20.00""],[""0.9740"",""276.00""],[""0.9750"",""10.00""],[""0.9760"",""43.00""],[""0.9800"",""1261.90""],[""0.9820"",""500.00""],[""0.9830"",""39.00""]]"
2026-05-16T12:26:38.308Z,KXBTC15M-26MAY160830-30,BTC price up in next 15 mins?,KXBTC15M-26MAY160830,2026-05-16T12:30:00Z,active,0.011,0.013,0.987,0.989,0.012,0.013,202387.88,92514.82,44.09,549.09,"[[""0.0010"",""4574.00""],[""0.0020"",""1177.00""],[""0.0030"",""408.00""],[""0.0060"",""1.00""],[""0.0080"",""1.00""],[""0.0090"",""2343.00""],[""0.0100"",""7644.00""],[""0.0110"",""44.09""]]","[[""0.9660"",""400.00""],[""0.9680"",""125.00""],[""0.9690"",""1156.00""],[""0.9700"",""830.00""],[""0.9710"",""125.00""],[""0.9730"",""20.00""],[""0.9740"",""276.00""],[""0.9790"",""43.00""],[""0.9800"",""1407.90""],[""0.9820"",""549.09""]]"
2026-05-16T12:26:40.299Z,KXBTC15M-26MAY160830-30,BTC price up in next 15 mins?,KXBTC15M-26MAY160830,2026-05-16T12:30:00Z,active,0.011,0.013,0.987,0.989,0.012,0.013,202387.88,92514.82,7868.0,482.7,"[[""0.0010"",""4574.00""],[""0.0020"",""1177.00""],[""0.0030"",""408.00""],[""0.0060"",""1.00""],[""0.0080"",""1.00""],[""0.0090"",""2343.00""],[""0.0100"",""7868.00""]]","[[""0.9660"",""402.00""],[""0.9680"",""125.00""],[""0.9690"",""1156.00""],[""0.9700"",""830.00""],[""0.9710"",""125.00""],[""0.9730"",""20.00""],[""0.9740"",""276.00""],[""0.9800"",""1450.98""],[""0.9810"",""43.00""],[""0.9820"",""482.70""]]"
2026-05-16T12:26:42.294Z,KXBTC15M-26MAY160830-30,BTC price up in next 15 mins?,KXBTC15M-26MAY160830,2026-05-16T12:30:00Z,active,0.011,0.013,0.987,0.989,0.012,0.013,202387.88,92514.82,517.3,1383.9,"[[""0.0030"",""400.00""],[""0.0060"",""1.00""],[""0.0080"",""9.00""],[""0.0100"",""10259.00""],[""0.0110"",""2333.00""],[""0.0120"",""42.00""],[""0.0130"",""185.00""],[""0.0140"",""43.00""],[""0.0160"",""36.00""],[""0.0180"",""517.30""]]","[[""0.9650"",""220.46""],[""0.9680"",""125.00""],[""0.9690"",""1156.00""],[""0.9700"",""37.00""],[""0.9710"",""125.00""],[""0.9720"",""510.00""],[""0.9730"",""20.00""],[""0.9740"",""125.00""],[""0.9760"",""20.00""],[""0.9800"",""1383.90""]]"
2026-05-16T12:26:44.293Z,KXBTC15M-26MAY160830-30,BTC price up in next 15 mins?,KXBTC15M-26MAY160830,2026-05-16T12:30:00Z,active,0.011,0.013,0.987,0.989,0.012,0.013,202387.88,92514.82,426.17,1426.98,"[[""0.0030"",""400.00""],[""0.0060"",""1.00""],[""0.0080"",""1.00""],[""0.0100"",""10278.00""],[""0.0130"",""125.00""],[""0.0140"",""2514.00""],[""0.0150"",""43.00""],[""0.0160"",""10.00""],[""0.0170"",""23.00""],[""0.0180"",""426.17""]]","[[""0.9640"",""2.00""],[""0.9650"",""220.46""],[""0.9680"",""125.00""],[""0.9700"",""56.00""],[""0.9710"",""125.00""],[""0.9720"",""510.00""],[""0.9730"",""20.00""],[""0.9740"",""125.00""],[""0.9760"",""21.00""],[""0.9800"",""1426.98""]]"
2026-05-16T12:26:46.286Z,KXBTC15M-26MAY160830-30,BTC price up in next 15 mins?,KXBTC15M-26MAY160830,2026-05-16T12:30:00Z,active,0.019,0.02,0.98,0.981,0.0195,0.02,205557.69,94737.29,77.0,1286.98,"[[""0.0020"",""1177.00""],[""0.0030"",""400.00""],[""0.0060"",""1.00""],[""0.0080"",""1.00""],[""0.0100"",""10303.00""],[""0.0120"",""8.00""],[""0.0130"",""125.00""],[""0.0160"",""2632.00""],[""0.0180"",""426.17""],[""0.0190"",""77.00""]]","[[""0.9630"",""329.00""],[""0.9650"",""220.46""],[""0.9660"",""139.00""],[""0.9680"",""125.00""],[""0.9690"",""10.00""],[""0.9700"",""38.00""],[""0.9710"",""125.00""],[""0.9720"",""518.00""],[""0.9730"",""20.00""],[""0.9800"",""1286.98""]]"
2026-05-16T12:26:48.288Z,KXBTC15M-26MAY160830-30,BTC price up in next 15 mins?,KXBTC15M-26MAY160830,2026-05-16T12:30:00Z,active,0.019,0.02,0.98,0.981,0.0195,0.02,205557.69,94737.29,31.0,411.16,"[[""0.0030"",""400.00""],[""0.0060"",""1.00""],[""0.0080"",""1.00""],[""0.0100"",""10311.00""],[""0.0130"",""125.00""],[""0.0150"",""2333.00""],[""0.0160"",""299.00""],[""0.0180"",""426.17""],[""0.0190"",""10.00""],[""0.0200"",""31.00""]]","[[""0.9610"",""52.00""],[""0.9630"",""329.00""],[""0.9640"",""10.00""],[""0.9650"",""220.46""],[""0.9670"",""141.00""],[""0.9680"",""125.00""],[""0.9700"",""81.00""],[""0.9710"",""125.00""],[""0.9720"",""500.00""],[""0.9730"",""411.16""]]"
2026-05-16T12:26:50.311Z,KXBTC15M-26MAY160830-30,BTC price up in next 15 mins?,KXBTC15M-26MAY160830,2026-05-16T12:30:00Z,active,0.019,0.02,0.98,0.981,0.0195,0.02,205557.69,94737.29,73.52,298.24,"[[""0.0020"",""1177.00""],[""0.0030"",""400.00""],[""0.0060"",""1.00""],[""0.0080"",""1.00""],[""0.0100"",""10303.00""],[""0.0130"",""125.00""],[""0.0140"",""8.00""],[""0.0160"",""2632.00""],[""0.0180"",""426.17""],[""0.0190"",""73.52""]]","[[""0.9600"",""849.00""],[""0.9610"",""52.00""],[""0.9630"",""329.00""],[""0.9640"",""10.00""],[""0.9650"",""220.46""],[""0.9670"",""141.00""],[""0.9680"",""125.00""],[""0.9700"",""81.00""],[""0.9710"",""145.00""],[""0.9720"",""298.24""]]"
2026-05-16T12:26:52.302Z,KXBTC15M-26MAY160830-30,BTC price up in next 15 mins?,KXBTC15M-26MAY160830,2026-05-16T12:30:00Z,active,0.019,0.02,0.98,0.981,0.0195,0.02,205557.69,94737.29,24.0,316.24,"[[""0.0030"",""400.00""],[""0.0060"",""1.00""],[""0.0080"",""1.00""],[""0.0100"",""10209.00""],[""0.0130"",""133.00""],[""0.0140"",""43.00""],[""0.0160"",""2458.00""],[""0.0180"",""594.17""],[""0.0190"",""85.00""],[""0.0210"",""24.00""]]","[[""0.9590"",""400.00""],[""0.9600"",""432.00""],[""0.9610"",""93.00""],[""0.9630"",""329.00""],[""0.9640"",""10.00""],[""0.9650"",""220.46""],[""0.9680"",""267.00""],[""0.9700"",""38.00""],[""0.9710"",""125.00""],[""0.9720"",""316.24""]]"
2026-05-16T12:26:54.306Z,KXBTC15M-26MAY160830-30,BTC price up in next 15 mins?,KXBTC15M-26MAY160830,2026-05-16T12:30:00Z,active,0.019,0.02,0.98,0.981,0.0195,0.02,205557.69,94737.29,54.2,308.95,"[[""0.0060"",""1.00""],[""0.0080"",""1.00""],[""0.0100"",""10303.00""],[""0.0120"",""8.00""],[""0.0130"",""125.00""],[""0.0160"",""2458.00""],[""0.0170"",""171.00""],[""0.0180"",""426.17""],[""0.0190"",""10.00""],[""0.0200"",""54.20""]]","[[""0.9570"",""125.00""],[""0.9600"",""1230.00""],[""0.9610"",""452.00""],[""0.9630"",""329.00""],[""0.9640"",""10.00""],[""0.9650"",""220.46""],[""0.9680"",""267.00""],[""0.9700"",""100.00""],[""0.9710"",""125.00""],[""0.9720"",""308.95""]]"
2026-05-16T12:26:56.307Z,KXBTC15M-26MAY160830-30,BTC price up in next 15 mins?,KXBTC15M-26MAY160830,2026-05-16T12:30:00Z,active,0.019,0.02,0.98,0.981,0.0195,0.02,205557.69,94737.29,351.17,363.48,"[[""0.0020"",""1177.00""],[""0.0030"",""400.00""],[""0.0060"",""1.00""],[""0.0080"",""1.00""],[""0.0100"",""7763.00""],[""0.0120"",""10.00""],[""0.0130"",""2458.00""],[""0.0160"",""125.00""],[""0.0170"",""171.00""],[""0.0180"",""351.17""]]","[[""0.9630"",""329.00""],[""0.9650"",""220.46""],[""0.9680"",""267.00""],[""0.9700"",""57.00""],[""0.9710"",""125.00""],[""0.9720"",""233.04""],[""0.9730"",""34.33""],[""0.9750"",""26.00""],[""0.9800"",""139.00""],[""0.9810"",""363.48""]]"
2026-05-16T12:26:58.294Z,KXBTC15M-26MAY160830-30,BTC price up in next 15 mins?,KXBTC15M-26MAY160830,2026-05-16T12:30:00Z,active,0.019,0.02,0.98,0.981,0.0195,0.02,205557.69,94737.29,325.17,302.67,"[[""0.0020"",""1177.00""],[""0.0030"",""400.00""],[""0.0060"",""1.00""],[""0.0080"",""9.00""],[""0.0100"",""7763.00""],[""0.0110"",""2333.00""],[""0.0120"",""10.00""],[""0.0130"",""125.00""],[""0.0150"",""201.00""],[""0.0180"",""325.17""]]","[[""0.9680"",""125.00""],[""0.9690"",""143.00""],[""0.9700"",""57.00""],[""0.9710"",""125.00""],[""0.9720"",""192.04""],[""0.9730"",""125.00""],[""0.9740"",""43.00""],[""0.9780"",""27.00""],[""0.9800"",""139.00""],[""0.9810"",""302.67""]]"
2026-05-16T12:27:00.308Z,KXBTC15M-26MAY160830-30,BTC price up in next 15 mins?,KXBTC15M-26MAY160830,2026-05-16T12:30:00Z,active,0.019,0.02,0.98,0.981,0.0195,0.02,205557.69,94737.29,11.17,248.21,"[[""0.0020"",""1177.00""],[""0.0030"",""400.00""],[""0.0060"",""1.00""],[""0.0080"",""9.00""],[""0.0100"",""7763.00""],[""0.0110"",""2333.00""],[""0.0120"",""52.00""],[""0.0130"",""125.00""],[""0.0150"",""202.00""],[""0.0180"",""11.17""]]","[[""0.9680"",""125.00""],[""0.9690"",""143.00""],[""0.9700"",""337.00""],[""0.9710"",""125.00""],[""0.9720"",""192.04""],[""0.9730"",""125.00""],[""0.9740"",""43.00""],[""0.9780"",""25.00""],[""0.9800"",""139.00""],[""0.9810"",""248.21""]]"
2026-05-16T12:27:02.308Z,KXBTC15M-26MAY160830-30,BTC price up in next 15 mins?,KXBTC15M-26MAY160830,2026-05-16T12:30:00Z,active,0.019,0.02,0.98,0.981,0.0195,0.02,205557.69,94737.29,11.17,159.0,"[[""0.0030"",""400.00""],[""0.0060"",""1.00""],[""0.0080"",""1.00""],[""0.0090"",""2343.00""],[""0.0100"",""7763.00""],[""0.0110"",""25.09""],[""0.0130"",""125.00""],[""0.0150"",""18.00""],[""0.0160"",""174.00""],[""0.0180"",""11.17""]]","[[""0.9660"",""402.00""],[""0.9680"",""125.00""],[""0.9690"",""143.00""],[""0.9700"",""362.00""],[""0.9710"",""125.00""],[""0.9720"",""192.04""],[""0.9730"",""125.00""],[""0.9780"",""53.00""],[""0.9790"",""16.00""],[""0.9800"",""159.00""]]"
2026-05-16T12:27:04.296Z,KXBTC15M-26MAY160830-30,BTC price up in next 15 mins?,KXBTC15M-26MAY160830,2026-05-16T12:30:00Z,active,0.019,0.02,0.98,0.981,0.0195,0.02,205557.69,94737.29,23.0,543.0,"[[""0.0010"",""4574.00""],[""0.0020"",""1177.00""],[""0.0030"",""400.00""],[""0.0050"",""2341.00""],[""0.0060"",""1.00""],[""0.0080"",""1.00""],[""0.0100"",""7644.00""],[""0.0120"",""10.00""],[""0.0130"",""223.76""],[""0.0140"",""23.00""]]","[[""0.9690"",""400.00""],[""0.9700"",""77.00""],[""0.9710"",""125.00""],[""0.9720"",""2.00""],[""0.9730"",""125.00""],[""0.9740"",""10.00""],[""0.9760"",""125.00""],[""0.9790"",""18.00""],[""0.9800"",""176.03""],[""0.9820"",""543.00""]]"
2026-05-16T12:27:06.298Z,KXBTC15M-26MAY160830-30,BTC price up in next 15 mins?,KXBTC15M-26MAY160830,2026-05-16T12:30:00Z,active,0.019,0.02,0.98,0.981,0.0195,0.02,205557.69,94737.29,73.76,538.0,"[[""0.0010"",""4574.00""],[""0.0020"",""1177.00""],[""0.0030"",""400.00""],[""0.0040"",""8.00""],[""0.0060"",""2334.00""],[""0.0080"",""1.00""],[""0.0100"",""7719.00""],[""0.0120"",""199.00""],[""0.0130"",""73.76""]]","[[""0.9700"",""52.00""],[""0.9710"",""125.00""],[""0.9720"",""2.00""],[""0.9730"",""125.00""],[""0.9740"",""161.00""],[""0.9760"",""125.00""],[""0.9790"",""14.00""],[""0.9800"",""209.57""],[""0.9810"",""8.00""],[""0.9820"",""538.00""]]"
2026-05-16T12:27:08.315Z,KXBTC15M-26MAY160830-30,BTC price up in next 15 mins?,KXBTC15M-26MAY160830,2026-05-16T12:30:00Z,active,0.019,0.02,0.98,0.981,0.0195,0.02,205557.69,94737.29,68.76,462.54,"[[""0.0010"",""4574.00""],[""0.0020"",""1177.00""],[""0.0030"",""400.00""],[""0.0040"",""8.00""],[""0.0060"",""2334.00""],[""0.0080"",""1.00""],[""0.0100"",""7738.00""],[""0.0120"",""199.00""],[""0.0130"",""68.76""]]","[[""0.9700"",""850.00""],[""0.9710"",""125.00""],[""0.9720"",""2.00""],[""0.9730"",""125.00""],[""0.9740"",""161.00""],[""0.9760"",""125.00""],[""0.9770"",""43.00""],[""0.9800"",""113.73""],[""0.9810"",""13.00""],[""0.9820"",""462.54""]]"
2026-05-16T12:27:10.322Z,KXBTC15M-26MAY160830-30,BTC price up in next 15 mins?,KXBTC15M-26MAY160830,2026-05-16T12:30:00Z,active,0.019,0.02,0.98,0.981,0.0195,0.02,205557.69,94737.29,65.76,543.0,"[[""0.0010"",""4574.00""],[""0.0020"",""1177.00""],[""0.0030"",""400.00""],[""0.0040"",""8.00""],[""0.0060"",""2334.00""],[""0.0080"",""1.00""],[""0.0100"",""7663.00""],[""0.0120"",""199.00""],[""0.0130"",""65.76""]]","[[""0.9700"",""1250.00""],[""0.9710"",""1111.00""],[""0.9720"",""361.00""],[""0.9730"",""125.00""],[""0.9740"",""10.00""],[""0.9750"",""152.00""],[""0.9760"",""125.00""],[""0.9800"",""178.73""],[""0.9810"",""43.00""],[""0.9820"",""543.00""]]"
2026-05-16T12:27:12.298Z,KXBTC15M-26MAY160830-30,BTC price up in next 15 mins?,KXBTC15M-26MAY160830,2026-05-16T12:30:00Z,active,0.019,0.02,0.98,0.981,0.0195,0.02,205557.69,94737.29,59.0,123.4,"[[""0.0010"",""4574.00""],[""0.0020"",""1177.00""],[""0.0030"",""408.00""],[""0.0060"",""2334.00""],[""0.0080"",""1.00""],[""0.0100"",""5773.30""],[""0.0120"",""59.00""]]","[[""0.9680"",""125.00""],[""0.9690"",""2.00""],[""0.9700"",""1250.00""],[""0.9710"",""1111.00""],[""0.9720"",""361.00""],[""0.9730"",""125.00""],[""0.9760"",""135.00""],[""0.9790"",""160.00""],[""0.9800"",""138.73""],[""0.9820"",""123.40""]]"
2026-05-16T12:27:14.296Z,KXBTC15M-26MAY160830-30,BTC price up in next 15 mins?,KXBTC15M-26MAY160830,2026-05-16T12:30:00Z,active,0.019,0.02,0.98,0.981,0.0195,0.02,205557.69,94737.29,27.0,500.0,"[[""0.0010"",""4574.00""],[""0.0020"",""1177.00""],[""0.0030"",""400.00""],[""0.0050"",""8.00""],[""0.0060"",""2334.00""],[""0.0080"",""1.00""],[""0.0100"",""6789.30""],[""0.0120"",""43.00""],[""0.0130"",""27.00""]]","[[""0.9680"",""125.00""],[""0.9690"",""2.00""],[""0.9700"",""1249.00""],[""0.9710"",""1111.00""],[""0.9720"",""361.00""],[""0.9730"",""125.00""],[""0.9760"",""135.00""],[""0.9790"",""160.00""],[""0.9800"",""138.73""],[""0.9820"",""500.00""]]"
2026-05-16T12:27:16.315Z,KXBTC15M-26MAY160830-30,BTC price up in next 15 mins?,KXBTC15M-26MAY160830,2026-05-16T12:30:00Z,active,0.013,0.018,0.982,0.987,0.0155,0.018,213098.49,98446.68,139.56,283.55,"[[""0.0010"",""4574.00""],[""0.0020"",""1177.00""],[""0.0030"",""400.00""],[""0.0050"",""8.00""],[""0.0060"",""2334.00""],[""0.0080"",""1.00""],[""0.0100"",""5698.30""],[""0.0130"",""139.56""]]","[[""0.9690"",""402.00""],[""0.9700"",""849.00""],[""0.9710"",""1111.00""],[""0.9720"",""361.00""],[""0.9730"",""125.00""],[""0.9760"",""135.00""],[""0.9790"",""160.00""],[""0.9800"",""138.73""],[""0.9810"",""13.00""],[""0.9820"",""283.55""]]"
2026-05-16T12:27:18.304Z,KXBTC15M-26MAY160830-30,BTC price up in next 15 mins?,KXBTC15M-26MAY160830,2026-05-16T12:30:00Z,active,0.013,0.018,0.982,0.987,0.0155,0.018,213098.49,98446.68,113.76,91.95,"[[""0.0010"",""4580.00""],[""0.0020"",""1177.00""],[""0.0030"",""400.00""],[""0.0040"",""8.00""],[""0.0060"",""2334.00""],[""0.0080"",""1.00""],[""0.0100"",""5607.11""],[""0.0130"",""113.76""]]","[[""0.9690"",""2.00""],[""0.9700"",""1249.00""],[""0.9710"",""1111.00""],[""0.9720"",""361.00""],[""0.9730"",""125.00""],[""0.9760"",""135.00""],[""0.9790"",""160.00""],[""0.9800"",""138.73""],[""0.9820"",""525.10""],[""0.9830"",""91.95""]]"
2026-05-16T12:27:20.306Z,KXBTC15M-26MAY160830-30,BTC price up in next 15 mins?,KXBTC15M-26MAY160830,2026-05-16T12:30:00Z,active,0.013,0.018,0.982,0.987,0.0155,0.018,213098.49,98446.68,25.0,91.95,"[[""0.0010"",""4580.00""],[""0.0020"",""1177.00""],[""0.0030"",""1598.00""],[""0.0040"",""8.00""],[""0.0060"",""2334.00""],[""0.0080"",""1.00""],[""0.0090"",""22.00""],[""0.0100"",""5590.11""],[""0.0110"",""25.09""],[""0.0130"",""25.00""]]","[[""0.9700"",""1249.00""],[""0.9710"",""1111.00""],[""0.9720"",""361.00""],[""0.9730"",""125.00""],[""0.9740"",""43.00""],[""0.9760"",""135.00""],[""0.9790"",""160.00""],[""0.9800"",""138.73""],[""0.9820"",""525.10""],[""0.9830"",""91.95""]]"
2026-05-16T12:27:22.304Z,KXBTC15M-26MAY160830-30,BTC price up in next 15 mins?,KXBTC15M-26MAY160830,2026-05-16T12:30:00Z,active,0.013,0.018,0.982,0.987,0.0155,0.018,213098.49,98446.68,133.76,61.95,"[[""0.0010"",""4580.00""],[""0.0020"",""1177.00""],[""0.0030"",""1598.00""],[""0.0040"",""2341.00""],[""0.0060"",""1.00""],[""0.0080"",""1.00""],[""0.0100"",""5577.86""],[""0.0130"",""133.76""]]","[[""0.9680"",""125.00""],[""0.9700"",""1251.00""],[""0.9710"",""1111.00""],[""0.9720"",""361.00""],[""0.9730"",""125.00""],[""0.9740"",""43.00""],[""0.9760"",""135.00""],[""0.9800"",""301.73""],[""0.9820"",""415.69""],[""0.9830"",""61.95""]]"
2026-05-16T12:27:24.310Z,KXBTC15M-26MAY160830-30,BTC price up in next 15 mins?,KXBTC15M-26MAY160830,2026-05-16T12:30:00Z,active,0.013,0.018,0.982,0.987,0.0155,0.018,213098.49,98446.68,119.76,61.95,"[[""0.0010"",""4580.00""],[""0.0020"",""1177.00""],[""0.0030"",""1598.00""],[""0.0040"",""2341.00""],[""0.0060"",""1.00""],[""0.0080"",""1.00""],[""0.0100"",""5577.86""],[""0.0130"",""119.76""]]","[[""0.9700"",""851.00""],[""0.9710"",""1511.00""],[""0.9720"",""361.00""],[""0.9730"",""125.00""],[""0.9740"",""43.00""],[""0.9760"",""135.00""],[""0.9800"",""301.73""],[""0.9810"",""16.00""],[""0.9820"",""415.69""],[""0.9830"",""61.95""]]"
2026-05-16T12:27:26.294Z,KXBTC15M-26MAY160830-30,BTC price up in next 15 mins?,KXBTC15M-26MAY160830,2026-05-16T12:30:00Z,active,0.013,0.018,0.982,0.987,0.0155,0.018,213098.49,98446.68,15.0,161.17,"[[""0.0010"",""4580.00""],[""0.0020"",""3510.00""],[""0.0030"",""1606.00""],[""0.0060"",""1.00""],[""0.0080"",""1.00""],[""0.0100"",""5652.86""],[""0.0130"",""15.00""]]","[[""0.9680"",""125.00""],[""0.9700"",""849.00""],[""0.9710"",""1513.00""],[""0.9720"",""361.00""],[""0.9730"",""125.00""],[""0.9760"",""178.00""],[""0.9800"",""226.73""],[""0.9810"",""165.00""],[""0.9820"",""427.69""],[""0.9830"",""161.17""]]"
2026-05-16T12:27:28.313Z,KXBTC15M-26MAY160830-30,BTC price up in next 15 mins?,KXBTC15M-26MAY160830,2026-05-16T12:30:00Z,active,0.013,0.018,0.982,0.987,0.0155,0.018,213098.49,98446.68,34.09,148.52,"[[""0.0010"",""4580.00""],[""0.0020"",""1177.00""],[""0.0030"",""1598.00""],[""0.0060"",""1.00""],[""0.0070"",""10.00""],[""0.0080"",""1.00""],[""0.0100"",""5623.86""],[""0.0110"",""34.09""]]","[[""0.9700"",""51.00""],[""0.9710"",""1111.00""],[""0.9720"",""363.00""],[""0.9730"",""525.00""],[""0.9760"",""168.00""],[""0.9790"",""10.00""],[""0.9800"",""207.73""],[""0.9810"",""165.00""],[""0.9820"",""415.69""],[""0.9830"",""148.52""]]"
2026-05-16T12:27:30.306Z,KXBTC15M-26MAY160830-30,BTC price up in next 15 mins?,KXBTC15M-26MAY160830,2026-05-16T12:30:00Z,active,0.013,0.018,0.982,0.987,0.0155,0.018,213098.49,98446.68,120.09,415.69,"[[""0.0010"",""4580.00""],[""0.0020"",""1177.00""],[""0.0030"",""1598.00""],[""0.0060"",""1.00""],[""0.0070"",""10.00""],[""0.0080"",""1.00""],[""0.0100"",""5548.86""],[""0.0110"",""120.09""]]","[[""0.9700"",""51.00""],[""0.9710"",""1111.00""],[""0.9720"",""363.00""],[""0.9730"",""525.00""],[""0.9760"",""125.00""],[""0.9770"",""43.00""],[""0.9790"",""10.00""],[""0.9800"",""1005.73""],[""0.9810"",""165.00""],[""0.9820"",""415.69""]]"
2026-05-16T12:27:32.310Z,KXBTC15M-26MAY160830-30,BTC price up in next 15 mins?,KXBTC15M-26MAY160830,2026-05-16T12:30:00Z,active,0.013,0.018,0.982,0.987,0.0155,0.018,213098.49,98446.68,139.0,360.0,"[[""0.0010"",""4580.00""],[""0.0020"",""1185.00""],[""0.0030"",""1598.00""],[""0.0060"",""1.00""],[""0.0070"",""10.00""],[""0.0080"",""1.00""],[""0.0100"",""5548.86""],[""0.0120"",""139.00""]]","[[""0.9700"",""51.00""],[""0.9710"",""125.00""],[""0.9720"",""4.00""],[""0.9730"",""125.00""],[""0.9740"",""400.00""],[""0.9760"",""125.00""],[""0.9790"",""53.00""],[""0.9800"",""1006.73""],[""0.9820"",""725.90""],[""0.9830"",""360.00""]]"
2026-05-16T12:27:34.308Z,KXBTC15M-26MAY160830-30,BTC price up in next 15 mins?,KXBTC15M-26MAY160830,2026-05-16T12:30:00Z,active,0.013,0.018,0.982,0.987,0.0155,0.018,213098.49,98446.68,5246.55,41.52,"[[""0.0010"",""4580.00""],[""0.0020"",""1177.00""],[""0.0030"",""1598.00""],[""0.0060"",""1.00""],[""0.0070"",""10.00""],[""0.0080"",""20.00""],[""0.0100"",""5246.55""]]","[[""0.9700"",""51.00""],[""0.9710"",""125.00""],[""0.9720"",""2.00""],[""0.9730"",""125.00""],[""0.9740"",""2.00""],[""0.9760"",""525.00""],[""0.9800"",""208.73""],[""0.9810"",""43.00""],[""0.9820"",""435.90""],[""0.9840"",""41.52""]]"
2026-05-16T12:27:36.320Z,KXBTC15M-26MAY160830-30,BTC price up in next 15 mins?,KXBTC15M-26MAY160830,2026-05-16T12:30:00Z,active,0.013,0.018,0.982,0.987,0.0155,0.018,213098.49,98446.68,1.0,4980.0,"[[""0.0010"",""4580.00""],[""0.0020"",""1177.00""],[""0.0030"",""400.00""],[""0.0040"",""10.00""],[""0.0050"",""111.00""],[""0.0060"",""1.00""]]","[[""0.9730"",""125.00""],[""0.9760"",""125.00""],[""0.9770"",""2.00""],[""0.9780"",""400.00""],[""0.9800"",""499.27""],[""0.9820"",""550.90""],[""0.9870"",""10.00""],[""0.9890"",""125.00""],[""0.9900"",""1000.00""],[""0.9920"",""4980.00""]]"
2026-05-16T12:27:38.312Z,KXBTC15M-26MAY160830-30,BTC price up in next 15 mins?,KXBTC15M-26MAY160830,2026-05-16T12:30:00Z,active,0.013,0.018,0.982,0.987,0.0155,0.018,213098.49,98446.68,10.0,10.0,"[[""0.0010"",""3063.97""],[""0.0040"",""10.00""]]","[[""0.9730"",""125.00""],[""0.9760"",""127.00""],[""0.9770"",""400.00""],[""0.9800"",""474.27""],[""0.9820"",""550.90""],[""0.9890"",""304.00""],[""0.9900"",""823.00""],[""0.9910"",""15.00""],[""0.9920"",""605.11""],[""0.9930"",""10.00""]]"
2026-05-16T12:27:40.303Z,KXBTC15M-26MAY160830-30,BTC price up in next 15 mins?,KXBTC15M-26MAY160830,2026-05-16T12:30:00Z,active,0.013,0.018,0.982,0.987,0.0155,0.018,213098.49,98446.68,127.0,4960.0,"[[""0.0010"",""3073.97""],[""0.0020"",""127.00""]]","[[""0.9800"",""474.27""],[""0.9810"",""10.00""],[""0.9820"",""570.90""],[""0.9830"",""1028.00""],[""0.9860"",""10.00""],[""0.9890"",""304.00""],[""0.9900"",""823.00""],[""0.9910"",""35.00""],[""0.9920"",""605.11""],[""0.9930"",""4960.00""]]"
2026-05-16T12:27:42.306Z,KXBTC15M-26MAY160830-30,BTC price up in next 15 mins?,KXBTC15M-26MAY160830,2026-05-16T12:30:00Z,active,0.013,0.018,0.982,0.987,0.0155,0.018,213098.49,98446.68,3173.97,372.0,"[[""0.0010"",""3173.97""]]","[[""0.9820"",""570.90""],[""0.9830"",""1028.00""],[""0.9860"",""10.00""],[""0.9890"",""304.00""],[""0.9900"",""1351.00""],[""0.9910"",""20.00""],[""0.9920"",""605.11""],[""0.9930"",""720.00""],[""0.9950"",""15.00""],[""0.9980"",""372.00""]]"
2026-05-16T12:27:44.301Z,KXBTC15M-26MAY160830-30,BTC price up in next 15 mins?,KXBTC15M-26MAY160830,2026-05-16T12:30:00Z,active,0.013,0.018,0.982,0.987,0.0155,0.018,213098.49,98446.68,3314.82,322.0,"[[""0.0010"",""3314.82""]]","[[""0.9810"",""10.00""],[""0.9820"",""570.90""],[""0.9830"",""1028.00""],[""0.9860"",""10.00""],[""0.9890"",""304.00""],[""0.9900"",""1391.00""],[""0.9910"",""20.00""],[""0.9930"",""720.00""],[""0.9960"",""10.00""],[""0.9980"",""322.00""]]"
2026-05-16T12:27:46.299Z,KXBTC15M-26MAY160830-30,BTC price up in next 15 mins?,KXBTC15M-26MAY160830,2026-05-16T12:30:00Z,active,0.013,0.018,0.982,0.987,0.0155,0.018,213098.49,98446.68,3172.74,5021.0,"[[""0.0010"",""3172.74""]]","[[""0.9800"",""469.27""],[""0.9810"",""10.00""],[""0.9820"",""570.90""],[""0.9830"",""1028.00""],[""0.9890"",""304.00""],[""0.9900"",""1512.00""],[""0.9910"",""20.00""],[""0.9930"",""720.00""],[""0.9950"",""15.00""],[""0.9980"",""5021.00""]]"
2026-05-16T12:27:48.303Z,KXBTC15M-26MAY160830-30,BTC price up in next 15 mins?,KXBTC15M-26MAY160830,2026-05-16T12:30:00Z,active,0.001,0.002,0.998,0.999,0.0015,0.001,227665.03,104566.86,3136.74,4921.0,"[[""0.0010"",""3136.74""]]","[[""0.9800"",""469.27""],[""0.9810"",""10.00""],[""0.9820"",""570.90""],[""0.9830"",""1028.00""],[""0.9890"",""304.00""],[""0.9900"",""1472.00""],[""0.9910"",""20.00""],[""0.9930"",""720.00""],[""0.9950"",""15.00""],[""0.9980"",""4921.00""]]"
2026-05-16T12:27:50.292Z,KXBTC15M-26MAY160830-30,BTC price up in next 15 mins?,KXBTC15M-26MAY160830,2026-05-16T12:30:00Z,active,0.001,0.002,0.998,0.999,0.0015,0.001,227665.03,104566.86,2395.74,4458.25,"[[""0.0010"",""2395.74""]]","[[""0.9800"",""317.27""],[""0.9810"",""10.00""],[""0.9820"",""570.90""],[""0.9830"",""1028.00""],[""0.9890"",""304.00""],[""0.9900"",""1472.00""],[""0.9910"",""20.00""],[""0.9930"",""720.00""],[""0.9950"",""15.00""],[""0.9980"",""4458.25""]]"
2026-05-16T12:27:52.326Z,KXBTC15M-26MAY160830-30,BTC price up in next 15 mins?,KXBTC15M-26MAY160830,2026-05-16T12:30:00Z,active,0.001,0.002,0.998,0.999,0.0015,0.001,227665.03,104566.86,2454.74,4004.25,"[[""0.0010"",""2454.74""]]","[[""0.9800"",""317.27""],[""0.9810"",""10.00""],[""0.9820"",""569.90""],[""0.9830"",""1028.00""],[""0.9890"",""304.00""],[""0.9900"",""1472.00""],[""0.9910"",""20.00""],[""0.9930"",""720.00""],[""0.9950"",""15.00""],[""0.9980"",""4004.25""]]"
2026-05-16T12:27:54.296Z,KXBTC15M-26MAY160830-30,BTC price up in next 15 mins?,KXBTC15M-26MAY160830,2026-05-16T12:30:00Z,active,0.001,0.002,0.998,0.999,0.0015,0.001,227665.03,104566.86,2454.74,4004.25,"[[""0.0010"",""2454.74""]]","[[""0.9810"",""10.00""],[""0.9820"",""569.90""],[""0.9830"",""1028.00""],[""0.9890"",""304.00""],[""0.9900"",""1501.00""],[""0.9910"",""20.00""],[""0.9930"",""720.00""],[""0.9940"",""10.00""],[""0.9950"",""15.00""],[""0.9980"",""4004.25""]]"
2026-05-16T12:27:56.298Z,KXBTC15M-26MAY160830-30,BTC price up in next 15 mins?,KXBTC15M-26MAY160830,2026-05-16T12:30:00Z,active,0.001,0.002,0.998,0.999,0.0015,0.001,227665.03,104566.86,2454.74,4004.25,"[[""0.0010"",""2454.74""]]","[[""0.9810"",""10.00""],[""0.9820"",""569.90""],[""0.9830"",""1028.00""],[""0.9890"",""304.00""],[""0.9900"",""1521.00""],[""0.9910"",""20.00""],[""0.9930"",""5459.25""],[""0.9940"",""10.00""],[""0.9950"",""15.00""],[""0.9980"",""4004.25""]]"
2026-05-16T12:27:58.304Z,KXBTC15M-26MAY160830-30,BTC price up in next 15 mins?,KXBTC15M-26MAY160830,2026-05-16T12:30:00Z,active,0.001,0.002,0.998,0.999,0.0015,0.001,227665.03,104566.86,2454.74,4004.25,"[[""0.0010"",""2454.74""]]","[[""0.9810"",""10.00""],[""0.9820"",""569.90""],[""0.9830"",""1028.00""],[""0.9890"",""304.00""],[""0.9900"",""693.00""],[""0.9910"",""20.00""],[""0.9930"",""5459.25""],[""0.9940"",""10.00""],[""0.9950"",""15.00""],[""0.9980"",""4004.25""]]"
2026-05-16T12:28:00.301Z,KXBTC15M-26MAY160830-30,BTC price up in next 15 mins?,KXBTC15M-26MAY160830,2026-05-16T12:30:00Z,active,0.001,0.002,0.998,0.999,0.0015,0.001,227665.03,104566.86,2454.74,4004.25,"[[""0.0010"",""2454.74""]]","[[""0.9810"",""10.00""],[""0.9820"",""569.90""],[""0.9830"",""1028.00""],[""0.9890"",""304.00""],[""0.9900"",""1526.00""],[""0.9910"",""20.00""],[""0.9930"",""5459.25""],[""0.9940"",""10.00""],[""0.9950"",""15.00""],[""0.9980"",""4004.25""]]"
2026-05-16T12:28:02.300Z,KXBTC15M-26MAY160830-30,BTC price up in next 15 mins?,KXBTC15M-26MAY160830,2026-05-16T12:30:00Z,active,0.001,0.002,0.998,0.999,0.0015,0.001,227665.03,104566.86,2454.74,4004.25,"[[""0.0010"",""2454.74""]]","[[""0.9810"",""10.00""],[""0.9820"",""508.73""],[""0.9830"",""1028.00""],[""0.9890"",""362.00""],[""0.9900"",""808.00""],[""0.9910"",""20.00""],[""0.9930"",""5459.25""],[""0.9940"",""10.00""],[""0.9950"",""15.00""],[""0.9980"",""4004.25""]]"
2026-05-16T12:28:04.307Z,KXBTC15M-26MAY160830-30,BTC price up in next 15 mins?,KXBTC15M-26MAY160830,2026-05-16T12:30:00Z,active,0.001,0.002,0.998,0.999,0.0015,0.001,227665.03,104566.86,2454.74,3154.25,"[[""0.0010"",""2454.74""]]","[[""0.9810"",""10.00""],[""0.9820"",""225.18""],[""0.9830"",""1028.00""],[""0.9890"",""362.00""],[""0.9900"",""6296.00""],[""0.9910"",""20.00""],[""0.9930"",""5459.25""],[""0.9940"",""10.00""],[""0.9960"",""12.00""],[""0.9980"",""3154.25""]]"
2026-05-16T12:28:06.315Z,KXBTC15M-26MAY160830-30,BTC price up in next 15 mins?,KXBTC15M-26MAY160830,2026-05-16T12:30:00Z,active,0.001,0.002,0.998,0.999,0.0015,0.001,227665.03,104566.86,2454.74,3154.25,"[[""0.0010"",""2454.74""]]","[[""0.9810"",""10.00""],[""0.9820"",""225.18""],[""0.9830"",""1028.00""],[""0.9890"",""362.00""],[""0.9900"",""6305.00""],[""0.9910"",""131.00""],[""0.9930"",""5459.25""],[""0.9940"",""10.00""],[""0.9960"",""12.00""],[""0.9980"",""3154.25""]]"
2026-05-16T12:28:08.300Z,KXBTC15M-26MAY160830-30,BTC price up in next 15 mins?,KXBTC15M-26MAY160830,2026-05-16T12:30:00Z,active,0.001,0.002,0.998,0.999,0.0015,0.001,227665.03,104566.86,2454.74,3154.25,"[[""0.0010"",""2454.74""]]","[[""0.9820"",""225.18""],[""0.9830"",""1028.00""],[""0.9870"",""50.00""],[""0.9890"",""168.00""],[""0.9900"",""6300.00""],[""0.9910"",""131.00""],[""0.9930"",""5478.25""],[""0.9940"",""10.00""],[""0.9960"",""12.00""],[""0.9980"",""3154.25""]]"
2026-05-16T12:28:10.297Z,KXBTC15M-26MAY160830-30,BTC price up in next 15 mins?,KXBTC15M-26MAY160830,2026-05-16T12:30:00Z,active,0.001,0.002,0.998,0.999,0.0015,0.001,227665.03,104566.86,2454.74,3154.25,"[[""0.0010"",""2454.74""]]","[[""0.9820"",""225.18""],[""0.9830"",""1028.00""],[""0.9870"",""50.00""],[""0.9890"",""362.00""],[""0.9900"",""7079.00""],[""0.9910"",""131.00""],[""0.9930"",""5478.25""],[""0.9940"",""10.00""],[""0.9950"",""15.00""],[""0.9980"",""3154.25""]]"
2026-05-16T12:28:12.291Z,KXBTC15M-26MAY160830-30,BTC price up in next 15 mins?,KXBTC15M-26MAY160830,2026-05-16T12:30:00Z,active,0.001,0.002,0.998,0.999,0.0015,0.001,227665.03,104566.86,2454.74,2691.5,"[[""0.0010"",""2454.74""]]","[[""0.9820"",""225.18""],[""0.9830"",""1028.00""],[""0.9870"",""50.00""],[""0.9890"",""362.00""],[""0.9900"",""7064.00""],[""0.9910"",""131.00""],[""0.9930"",""5478.25""],[""0.9940"",""10.00""],[""0.9960"",""10.00""],[""0.9980"",""2691.50""]]"
2026-05-16T12:28:14.296Z,KXBTC15M-26MAY160830-30,BTC price up in next 15 mins?,KXBTC15M-26MAY160830,2026-05-16T12:30:00Z,active,0.001,0.002,0.998,0.999,0.0015,0.001,227665.03,104566.86,2454.74,2691.5,"[[""0.0010"",""2454.74""]]","[[""0.9820"",""205.18""],[""0.9830"",""1028.00""],[""0.9870"",""50.00""],[""0.9890"",""362.00""],[""0.9900"",""7054.00""],[""0.9910"",""131.00""],[""0.9930"",""5478.25""],[""0.9940"",""10.00""],[""0.9960"",""10.00""],[""0.9980"",""2691.50""]]"
2026-05-16T12:28:16.306Z,KXBTC15M-26MAY160830-30,BTC price up in next 15 mins?,KXBTC15M-26MAY160830,2026-05-16T12:30:00Z,active,0.001,0.002,0.998,0.999,0.0015,0.001,227665.03,104566.86,150.85,2691.5,"[[""0.0010"",""150.85""]]","[[""0.9870"",""50.00""],[""0.9890"",""362.00""],[""0.9900"",""7040.00""],[""0.9910"",""131.00""],[""0.9930"",""4978.25""],[""0.9940"",""1015.00""],[""0.9950"",""977.00""],[""0.9960"",""10.00""],[""0.9970"",""2257.00""],[""0.9980"",""2691.50""]]"
2026-05-16T12:28:18.315Z,KXBTC15M-26MAY160830-30,BTC price up in next 15 mins?,KXBTC15M-26MAY160830,2026-05-16T12:30:00Z,active,0.001,0.002,0.998,0.999,0.0015,0.001,234185.27,108785.22,3230.85,4675.5,"[[""0.0010"",""3230.85""]]","[[""0.9830"",""63.00""],[""0.9870"",""50.00""],[""0.9890"",""362.00""],[""0.9900"",""7054.00""],[""0.9910"",""131.00""],[""0.9930"",""4978.25""],[""0.9940"",""1015.00""],[""0.9960"",""10.00""],[""0.9970"",""1250.00""],[""0.9980"",""4675.50""]]"
2026-05-16T12:28:20.308Z,KXBTC15M-26MAY160830-30,BTC price up in next 15 mins?,KXBTC15M-26MAY160830,2026-05-16T12:30:00Z,active,0.001,0.002,0.998,0.999,0.0015,0.001,234185.27,108785.22,1739.46,4675.5,"[[""0.0010"",""1739.46""]]","[[""0.9830"",""63.00""],[""0.9870"",""50.00""],[""0.9890"",""362.00""],[""0.9900"",""7054.00""],[""0.9910"",""131.00""],[""0.9930"",""4978.25""],[""0.9940"",""1015.00""],[""0.9960"",""10.00""],[""0.9970"",""1250.00""],[""0.9980"",""4675.50""]]"
2026-05-16T12:28:22.306Z,KXBTC15M-26MAY160830-30,BTC price up in next 15 mins?,KXBTC15M-26MAY160830,2026-05-16T12:30:00Z,active,0.001,0.002,0.998,0.999,0.0015,0.001,234185.27,108785.22,1739.46,4675.5,"[[""0.0010"",""1739.46""]]","[[""0.9830"",""63.00""],[""0.9870"",""50.00""],[""0.9890"",""168.00""],[""0.9900"",""6256.00""],[""0.9910"",""131.00""],[""0.9930"",""239.00""],[""0.9940"",""1015.00""],[""0.9960"",""10.00""],[""0.9970"",""1250.00""],[""0.9980"",""4675.50""]]"
2026-05-16T12:28:24.308Z,KXBTC15M-26MAY160830-30,BTC price up in next 15 mins?,KXBTC15M-26MAY160830,2026-05-16T12:30:00Z,active,0.001,0.002,0.998,0.999,0.0015,0.001,234185.27,108785.22,1739.46,3816.87,"[[""0.0010"",""1739.46""]]","[[""0.9830"",""63.00""],[""0.9870"",""50.00""],[""0.9890"",""362.00""],[""0.9900"",""7054.00""],[""0.9910"",""131.00""],[""0.9930"",""239.00""],[""0.9940"",""1015.00""],[""0.9960"",""10.00""],[""0.9970"",""1250.00""],[""0.9980"",""3816.87""]]"
2026-05-16T12:28:26.312Z,KXBTC15M-26MAY160830-30,BTC price up in next 15 mins?,KXBTC15M-26MAY160830,2026-05-16T12:30:00Z,active,0.001,0.002,0.998,0.999,0.0015,0.001,234185.27,108785.22,1532.28,3816.87,"[[""0.0010"",""1532.28""]]","[[""0.9830"",""63.00""],[""0.9870"",""50.00""],[""0.9890"",""362.00""],[""0.9900"",""7054.00""],[""0.9910"",""20.00""],[""0.9930"",""239.00""],[""0.9940"",""1015.00""],[""0.9960"",""10.00""],[""0.9970"",""1250.00""],[""0.9980"",""3816.87""]]"
2026-05-16T12:28:28.308Z,KXBTC15M-26MAY160830-30,BTC price up in next 15 mins?,KXBTC15M-26MAY160830,2026-05-16T12:30:00Z,active,0.001,0.002,0.998,0.999,0.0015,0.001,234185.27,108785.22,,154.18,[],"[[""0.9890"",""362.00""],[""0.9900"",""7090.00""],[""0.9910"",""20.00""],[""0.9930"",""239.00""],[""0.9940"",""1015.00""],[""0.9950"",""111.00""],[""0.9960"",""10.00""],[""0.9970"",""1250.00""],[""0.9980"",""3816.87""],[""0.9990"",""154.18""]]"
2026-05-16T12:28:30.311Z,KXBTC15M-26MAY160830-30,BTC price up in next 15 mins?,KXBTC15M-26MAY160830,2026-05-16T12:30:00Z,active,0.001,0.002,0.998,0.999,0.0015,0.001,234185.27,108785.22,,2512.18,[],"[[""0.9890"",""287.00""],[""0.9900"",""6392.00""],[""0.9910"",""20.00""],[""0.9930"",""239.00""],[""0.9940"",""1015.00""],[""0.9950"",""111.00""],[""0.9960"",""10.00""],[""0.9970"",""1250.00""],[""0.9980"",""6896.87""],[""0.9990"",""2512.18""]]"
2026-05-16T12:28:32.309Z,KXBTC15M-26MAY160830-30,BTC price up in next 15 mins?,KXBTC15M-26MAY160830,2026-05-16T12:30:00Z,active,0.001,0.002,0.998,0.999,0.0015,0.001,234185.27,108785.22,,2512.18,[],"[[""0.9890"",""287.00""],[""0.9900"",""6356.00""],[""0.9910"",""20.00""],[""0.9930"",""239.00""],[""0.9940"",""1015.00""],[""0.9950"",""111.00""],[""0.9960"",""10.00""],[""0.9970"",""1250.00""],[""0.9980"",""6896.87""],[""0.9990"",""2512.18""]]"
2026-05-16T12:28:34.311Z,KXBTC15M-26MAY160830-30,BTC price up in next 15 mins?,KXBTC15M-26MAY160830,2026-05-16T12:30:00Z,active,0.001,0.002,0.998,0.999,0.0015,0.001,234185.27,108785.22,,2512.18,[],"[[""0.9890"",""287.00""],[""0.9900"",""6356.00""],[""0.9910"",""20.00""],[""0.9930"",""239.00""],[""0.9940"",""1015.00""],[""0.9950"",""111.00""],[""0.9960"",""10.00""],[""0.9970"",""1250.00""],[""0.9980"",""6896.87""],[""0.9990"",""2512.18""]]"
2026-05-16T12:28:36.303Z,KXBTC15M-26MAY160830-30,BTC price up in next 15 mins?,KXBTC15M-26MAY160830,2026-05-16T12:30:00Z,active,0.001,0.002,0.998,0.999,0.0015,0.001,234185.27,108785.22,,2512.18,[],"[[""0.9890"",""287.00""],[""0.9900"",""6342.00""],[""0.9910"",""20.00""],[""0.9930"",""239.00""],[""0.9940"",""1015.00""],[""0.9950"",""111.00""],[""0.9960"",""10.00""],[""0.9970"",""1250.00""],[""0.9980"",""6896.87""],[""0.9990"",""2512.18""]]"
2026-05-16T12:28:38.311Z,KXBTC15M-26MAY160830-30,BTC price up in next 15 mins?,KXBTC15M-26MAY160830,2026-05-16T12:30:00Z,active,0.001,0.002,0.998,0.999,0.0015,0.001,234185.27,108785.22,,2512.18,[],"[[""0.9890"",""287.00""],[""0.9900"",""6282.00""],[""0.9910"",""20.00""],[""0.9930"",""239.00""],[""0.9940"",""1015.00""],[""0.9950"",""111.00""],[""0.9960"",""10.00""],[""0.9970"",""1250.00""],[""0.9980"",""6896.87""],[""0.9990"",""2512.18""]]"
2026-05-16T12:28:40.310Z,KXBTC15M-26MAY160830-30,BTC price up in next 15 mins?,KXBTC15M-26MAY160830,2026-05-16T12:30:00Z,active,0.001,0.002,0.998,0.999,0.0015,0.001,234185.27,108785.22,,9669.18,[],"[[""0.9870"",""50.00""],[""0.9890"",""287.00""],[""0.9900"",""6382.00""],[""0.9910"",""20.00""],[""0.9930"",""239.00""],[""0.9940"",""1015.00""],[""0.9950"",""111.00""],[""0.9970"",""1250.00""],[""0.9980"",""6896.87""],[""0.9990"",""9669.18""]]"
2026-05-16T12:28:42.292Z,KXBTC15M-26MAY160830-30,BTC price up in next 15 mins?,KXBTC15M-26MAY160830,2026-05-16T12:30:00Z,active,0.001,0.002,0.998,0.999,0.0015,0.001,234185.27,108785.22,,9669.18,[],"[[""0.9870"",""50.00""],[""0.9890"",""287.00""],[""0.9900"",""6342.00""],[""0.9910"",""20.00""],[""0.9930"",""239.00""],[""0.9940"",""1015.00""],[""0.9950"",""111.00""],[""0.9970"",""1250.00""],[""0.9980"",""6896.87""],[""0.9990"",""9669.18""]]"
2026-05-16T12:28:44.310Z,KXBTC15M-26MAY160830-30,BTC price up in next 15 mins?,KXBTC15M-26MAY160830,2026-05-16T12:30:00Z,active,0.001,0.002,0.998,0.999,0.0015,0.001,234185.27,108785.22,,9669.18,[],"[[""0.9870"",""50.00""],[""0.9890"",""287.00""],[""0.9900"",""6342.00""],[""0.9910"",""20.00""],[""0.9930"",""239.00""],[""0.9940"",""1015.00""],[""0.9950"",""111.00""],[""0.9970"",""1250.00""],[""0.9980"",""6896.87""],[""0.9990"",""9669.18""]]"
2026-05-16T12:28:46.316Z,KXBTC15M-26MAY160830-30,BTC price up in next 15 mins?,KXBTC15M-26MAY160830,2026-05-16T12:30:00Z,active,0.001,0.002,0.998,0.999,0.0015,0.001,234185.27,108785.22,,9891.18,[],"[[""0.9870"",""50.00""],[""0.9890"",""287.00""],[""0.9900"",""6378.00""],[""0.9910"",""30.00""],[""0.9930"",""239.00""],[""0.9940"",""1015.00""],[""0.9950"",""111.00""],[""0.9970"",""1250.00""],[""0.9980"",""6739.86""],[""0.9990"",""9891.18""]]"
2026-05-16T12:28:48.297Z,KXBTC15M-26MAY160830-30,BTC price up in next 15 mins?,KXBTC15M-26MAY160830,2026-05-16T12:30:00Z,active,,0.001,0.999,1.0,0.001,0.001,238541.76,111885.22,,9891.18,[],"[[""0.9870"",""50.00""],[""0.9890"",""287.00""],[""0.9900"",""6378.00""],[""0.9910"",""30.00""],[""0.9930"",""239.00""],[""0.9940"",""1015.00""],[""0.9950"",""111.00""],[""0.9970"",""1250.00""],[""0.9980"",""6739.86""],[""0.9990"",""9891.18""]]"
2026-05-16T12:28:50.307Z,KXBTC15M-26MAY160830-30,BTC price up in next 15 mins?,KXBTC15M-26MAY160830,2026-05-16T12:30:00Z,active,,0.001,0.999,1.0,0.001,0.001,238541.76,111885.22,,9891.18,[],"[[""0.9880"",""50.00""],[""0.9890"",""287.00""],[""0.9900"",""6242.00""],[""0.9910"",""30.00""],[""0.9930"",""239.00""],[""0.9940"",""1015.00""],[""0.9950"",""111.00""],[""0.9970"",""1250.00""],[""0.9980"",""6739.86""],[""0.9990"",""9891.18""]]"
2026-05-16T12:28:52.302Z,KXBTC15M-26MAY160830-30,BTC price up in next 15 mins?,KXBTC15M-26MAY160830,2026-05-16T12:30:00Z,active,,0.001,0.999,1.0,0.001,0.001,238541.76,111885.22,,9891.18,[],"[[""0.9880"",""50.00""],[""0.9890"",""287.00""],[""0.9900"",""6372.00""],[""0.9910"",""30.00""],[""0.9930"",""239.00""],[""0.9940"",""1015.00""],[""0.9950"",""111.00""],[""0.9970"",""1250.00""],[""0.9980"",""6739.86""],[""0.9990"",""9891.18""]]"
2026-05-16T12:28:54.308Z,KXBTC15M-26MAY160830-30,BTC price up in next 15 mins?,KXBTC15M-26MAY160830,2026-05-16T12:30:00Z,active,,0.001,0.999,1.0,0.001,0.001,238541.76,111885.22,,8939.18,[],"[[""0.9880"",""50.00""],[""0.9890"",""93.00""],[""0.9900"",""6538.00""],[""0.9910"",""30.00""],[""0.9930"",""239.00""],[""0.9940"",""1015.00""],[""0.9950"",""111.00""],[""0.9970"",""1250.00""],[""0.9980"",""6739.86""],[""0.9990"",""8939.18""]]"
2026-05-16T12:28:56.312Z,KXBTC15M-26MAY160830-30,BTC price up in next 15 mins?,KXBTC15M-26MAY160830,2026-05-16T12:30:00Z,active,,0.001,0.999,1.0,0.001,0.001,238541.76,111885.22,,8939.18,[],"[[""0.9880"",""50.00""],[""0.9890"",""287.00""],[""0.9900"",""6508.00""],[""0.9910"",""30.00""],[""0.9930"",""239.00""],[""0.9940"",""1015.00""],[""0.9950"",""111.00""],[""0.9970"",""1250.00""],[""0.9980"",""6739.86""],[""0.9990"",""8939.18""]]"
2026-05-16T12:28:58.312Z,KXBTC15M-26MAY160830-30,BTC price up in next 15 mins?,KXBTC15M-26MAY160830,2026-05-16T12:30:00Z,active,,0.001,0.999,1.0,0.001,0.001,238541.76,111885.22,,10239.18,[],"[[""0.9880"",""50.00""],[""0.9890"",""287.00""],[""0.9900"",""6408.00""],[""0.9910"",""30.00""],[""0.9930"",""239.00""],[""0.9940"",""1015.00""],[""0.9950"",""111.00""],[""0.9970"",""1250.00""],[""0.9980"",""6739.86""],[""0.9990"",""10239.18""]]"
2026-05-16T12:29:00.312Z,KXBTC15M-26MAY160830-30,BTC price up in next 15 mins?,KXBTC15M-26MAY160830,2026-05-16T12:30:00Z,active,,0.001,0.999,1.0,0.001,0.001,238541.76,111885.22,,10239.18,[],"[[""0.9880"",""50.00""],[""0.9890"",""287.00""],[""0.9900"",""6513.00""],[""0.9910"",""30.00""],[""0.9930"",""239.00""],[""0.9940"",""1015.00""],[""0.9950"",""111.00""],[""0.9970"",""1250.00""],[""0.9980"",""6739.86""],[""0.9990"",""10239.18""]]"
2026-05-16T12:29:02.315Z,KXBTC15M-26MAY160830-30,BTC price up in next 15 mins?,KXBTC15M-26MAY160830,2026-05-16T12:30:00Z,active,,0.001,0.999,1.0,0.001,0.001,238541.76,111885.22,,11450.18,[],"[[""0.9880"",""50.00""],[""0.9890"",""287.00""],[""0.9900"",""6664.00""],[""0.9910"",""30.00""],[""0.9930"",""239.00""],[""0.9940"",""1015.00""],[""0.9950"",""111.00""],[""0.9970"",""1250.00""],[""0.9980"",""6739.86""],[""0.9990"",""11450.18""]]"
2026-05-16T12:29:04.298Z,KXBTC15M-26MAY160830-30,BTC price up in next 15 mins?,KXBTC15M-26MAY160830,2026-05-16T12:30:00Z,active,,0.001,0.999,1.0,0.001,0.001,238541.76,111885.22,,12136.18,[],"[[""0.9880"",""50.00""],[""0.9890"",""287.00""],[""0.9900"",""6518.00""],[""0.9910"",""40.00""],[""0.9930"",""239.00""],[""0.9940"",""1015.00""],[""0.9950"",""111.00""],[""0.9970"",""1250.00""],[""0.9980"",""6739.86""],[""0.9990"",""12136.18""]]"
2026-05-16T12:29:06.305Z,KXBTC15M-26MAY160830-30,BTC price up in next 15 mins?,KXBTC15M-26MAY160830,2026-05-16T12:30:00Z,active,,0.001,0.999,1.0,0.001,0.001,238541.76,111885.22,,12136.18,[],"[[""0.9880"",""50.00""],[""0.9890"",""287.00""],[""0.9900"",""6522.00""],[""0.9910"",""40.00""],[""0.9930"",""239.00""],[""0.9940"",""1015.00""],[""0.9950"",""111.00""],[""0.9970"",""1250.00""],[""0.9980"",""6739.86""],[""0.9990"",""12136.18""]]"
2026-05-16T12:29:08.314Z,KXBTC15M-26MAY160830-30,BTC price up in next 15 mins?,KXBTC15M-26MAY160830,2026-05-16T12:30:00Z,active,,0.001,0.999,1.0,0.001,0.001,238541.76,111885.22,,12136.18,[],"[[""0.9880"",""50.00""],[""0.9890"",""287.00""],[""0.9900"",""6406.00""],[""0.9910"",""40.00""],[""0.9930"",""239.00""],[""0.9940"",""1015.00""],[""0.9950"",""111.00""],[""0.9970"",""1250.00""],[""0.9980"",""6739.86""],[""0.9990"",""12136.18""]]"
2026-05-16T12:29:10.303Z,KXBTC15M-26MAY160830-30,BTC price up in next 15 mins?,KXBTC15M-26MAY160830,2026-05-16T12:30:00Z,active,,0.001,0.999,1.0,0.001,0.001,238541.76,111885.22,,12136.18,[],"[[""0.9890"",""287.00""],[""0.9900"",""6456.30""],[""0.9910"",""40.00""],[""0.9920"",""232.00""],[""0.9930"",""239.00""],[""0.9940"",""1015.00""],[""0.9950"",""111.00""],[""0.9970"",""1250.00""],[""0.9980"",""6739.86""],[""0.9990"",""12136.18""]]"
2026-05-16T12:29:12.317Z,KXBTC15M-26MAY160830-30,BTC price up in next 15 mins?,KXBTC15M-26MAY160830,2026-05-16T12:30:00Z,active,,0.001,0.999,1.0,0.001,0.001,238541.76,111885.22,,12131.18,[],"[[""0.9890"",""287.00""],[""0.9900"",""6436.30""],[""0.9910"",""40.00""],[""0.9920"",""232.00""],[""0.9930"",""239.00""],[""0.9940"",""1015.00""],[""0.9950"",""111.00""],[""0.9970"",""1250.00""],[""0.9980"",""6739.86""],[""0.9990"",""12131.18""]]"
2026-05-16T12:29:14.320Z,KXBTC15M-26MAY160830-30,BTC price up in next 15 mins?,KXBTC15M-26MAY160830,2026-05-16T12:30:00Z,active,,0.001,0.999,1.0,0.001,0.001,238541.76,111885.22,,12131.18,[],"[[""0.9890"",""287.00""],[""0.9900"",""6456.30""],[""0.9910"",""40.00""],[""0.9920"",""232.00""],[""0.9930"",""239.00""],[""0.9940"",""1015.00""],[""0.9950"",""111.00""],[""0.9970"",""1250.00""],[""0.9980"",""6739.86""],[""0.9990"",""12131.18""]]"
2026-05-16T12:29:16.316Z,KXBTC15M-26MAY160830-30,BTC price up in next 15 mins?,KXBTC15M-26MAY160830,2026-05-16T12:30:00Z,active,,0.001,0.999,1.0,0.001,0.001,238541.76,111885.22,,12131.18,[],"[[""0.9890"",""287.00""],[""0.9900"",""6495.30""],[""0.9910"",""40.00""],[""0.9920"",""232.00""],[""0.9930"",""239.00""],[""0.9940"",""1015.00""],[""0.9950"",""111.00""],[""0.9970"",""1250.00""],[""0.9980"",""6739.86""],[""0.9990"",""12131.18""]]"
2026-05-16T12:29:18.310Z,KXBTC15M-26MAY160830-30,BTC price up in next 15 mins?,KXBTC15M-26MAY160830,2026-05-16T12:30:00Z,active,,0.001,0.999,1.0,0.001,0.001,239498.76,112842.22,,12131.18,[],"[[""0.9890"",""287.00""],[""0.9900"",""6519.30""],[""0.9910"",""40.00""],[""0.9920"",""232.00""],[""0.9930"",""239.00""],[""0.9940"",""1015.00""],[""0.9950"",""111.00""],[""0.9970"",""1250.00""],[""0.9980"",""6739.86""],[""0.9990"",""12131.18""]]"
2026-05-16T12:29:20.317Z,KXBTC15M-26MAY160830-30,BTC price up in next 15 mins?,KXBTC15M-26MAY160830,2026-05-16T12:30:00Z,active,,0.001,0.999,1.0,0.001,0.001,239498.76,112842.22,,12562.18,[],"[[""0.9890"",""93.00""],[""0.9900"",""6604.30""],[""0.9910"",""40.00""],[""0.9920"",""232.00""],[""0.9930"",""239.00""],[""0.9940"",""1015.00""],[""0.9950"",""111.00""],[""0.9970"",""1250.00""],[""0.9980"",""6739.86""],[""0.9990"",""12562.18""]]"
2026-05-16T12:29:22.325Z,KXBTC15M-26MAY160830-30,BTC price up in next 15 mins?,KXBTC15M-26MAY160830,2026-05-16T12:30:00Z,active,,0.001,0.999,1.0,0.001,0.001,239498.76,112842.22,,13751.18,[],"[[""0.9890"",""93.00""],[""0.9900"",""6624.30""],[""0.9910"",""40.00""],[""0.9920"",""232.00""],[""0.9930"",""239.00""],[""0.9940"",""1015.00""],[""0.9950"",""111.00""],[""0.9970"",""1250.00""],[""0.9980"",""6739.86""],[""0.9990"",""13751.18""]]"
2026-05-16T12:29:24.311Z,KXBTC15M-26MAY160830-30,BTC price up in next 15 mins?,KXBTC15M-26MAY160830,2026-05-16T12:30:00Z,active,,0.001,0.999,1.0,0.001,0.001,239498.76,112842.22,,13751.18,[],"[[""0.9890"",""93.00""],[""0.9900"",""6565.30""],[""0.9910"",""40.00""],[""0.9920"",""232.00""],[""0.9930"",""239.00""],[""0.9940"",""1015.00""],[""0.9950"",""111.00""],[""0.9970"",""1250.00""],[""0.9980"",""6739.86""],[""0.9990"",""13751.18""]]"
2026-05-16T12:29:26.324Z,KXBTC15M-26MAY160830-30,BTC price up in next 15 mins?,KXBTC15M-26MAY160830,2026-05-16T12:30:00Z,active,,0.001,0.999,1.0,0.001,0.001,239498.76,112842.22,,13751.18,[],"[[""0.9890"",""93.00""],[""0.9900"",""6565.30""],[""0.9910"",""40.00""],[""0.9920"",""232.00""],[""0.9930"",""239.00""],[""0.9940"",""1015.00""],[""0.9950"",""111.00""],[""0.9970"",""1250.00""],[""0.9980"",""6739.86""],[""0.9990"",""13751.18""]]"
2026-05-16T12:29:28.306Z,KXBTC15M-26MAY160830-30,BTC price up in next 15 mins?,KXBTC15M-26MAY160830,2026-05-16T12:30:00Z,active,,0.001,0.999,1.0,0.001,0.001,239498.76,112842.22,,13751.18,[],"[[""0.9890"",""93.00""],[""0.9900"",""6565.30""],[""0.9910"",""40.00""],[""0.9920"",""232.00""],[""0.9930"",""239.00""],[""0.9940"",""1015.00""],[""0.9950"",""111.00""],[""0.9970"",""1250.00""],[""0.9980"",""6739.86""],[""0.9990"",""13751.18""]]"
2026-05-16T12:29:30.315Z,KXBTC15M-26MAY160830-30,BTC price up in next 15 mins?,KXBTC15M-26MAY160830,2026-05-16T12:30:00Z,active,,0.001,0.999,1.0,0.001,0.001,239498.76,112842.22,,13751.18,[],"[[""0.9890"",""93.00""],[""0.9900"",""6605.30""],[""0.9910"",""40.00""],[""0.9920"",""232.00""],[""0.9930"",""239.00""],[""0.9940"",""1015.00""],[""0.9950"",""111.00""],[""0.9970"",""1250.00""],[""0.9980"",""6739.86""],[""0.9990"",""13751.18""]]"
2026-05-16T12:29:32.302Z,KXBTC15M-26MAY160830-30,BTC price up in next 15 mins?,KXBTC15M-26MAY160830,2026-05-16T12:30:00Z,active,,0.001,0.999,1.0,0.001,0.001,239498.76,112842.22,,13771.18,[],"[[""0.9890"",""93.00""],[""0.9900"",""6671.30""],[""0.9910"",""40.00""],[""0.9920"",""232.00""],[""0.9930"",""239.00""],[""0.9940"",""1015.00""],[""0.9950"",""111.00""],[""0.9970"",""1250.00""],[""0.9980"",""6739.86""],[""0.9990"",""13771.18""]]"
2026-05-16T12:29:34.313Z,KXBTC15M-26MAY160830-30,BTC price up in next 15 mins?,KXBTC15M-26MAY160830,2026-05-16T12:30:00Z,active,,0.001,0.999,1.0,0.001,0.001,239498.76,112842.22,,13771.18,[],"[[""0.9880"",""50.00""],[""0.9890"",""287.00""],[""0.9900"",""6671.30""],[""0.9910"",""40.00""],[""0.9920"",""232.00""],[""0.9930"",""239.00""],[""0.9940"",""1015.00""],[""0.9970"",""1250.00""],[""0.9980"",""6739.86""],[""0.9990"",""13771.18""]]"
2026-05-16T12:29:36.319Z,KXBTC15M-26MAY160830-30,BTC price up in next 15 mins?,KXBTC15M-26MAY160830,2026-05-16T12:30:00Z,active,,0.001,0.999,1.0,0.001,0.001,239498.76,112842.22,,13751.18,[],"[[""0.9880"",""50.00""],[""0.9890"",""93.00""],[""0.9900"",""6671.30""],[""0.9910"",""40.00""],[""0.9920"",""232.00""],[""0.9930"",""239.00""],[""0.9940"",""1015.00""],[""0.9970"",""1361.00""],[""0.9980"",""6739.86""],[""0.9990"",""13751.18""]]"
2026-05-16T12:29:38.310Z,KXBTC15M-26MAY160830-30,BTC price up in next 15 mins?,KXBTC15M-26MAY160830,2026-05-16T12:30:00Z,active,,0.001,0.999,1.0,0.001,0.001,239498.76,112842.22,,13632.18,[],"[[""0.9880"",""50.00""],[""0.9890"",""287.00""],[""0.9900"",""7557.30""],[""0.9910"",""40.00""],[""0.9920"",""232.00""],[""0.9930"",""239.00""],[""0.9940"",""1015.00""],[""0.9970"",""1361.00""],[""0.9980"",""6739.86""],[""0.9990"",""13632.18""]]"
2026-05-16T12:29:40.318Z,KXBTC15M-26MAY160830-30,BTC price up in next 15 mins?,KXBTC15M-26MAY160830,2026-05-16T12:30:00Z,active,,0.001,0.999,1.0,0.001,0.001,239498.76,112842.22,,13652.18,[],"[[""0.9880"",""50.00""],[""0.9890"",""93.00""],[""0.9900"",""7657.30""],[""0.9910"",""40.00""],[""0.9920"",""232.00""],[""0.9930"",""239.00""],[""0.9940"",""1015.00""],[""0.9970"",""1361.00""],[""0.9980"",""6739.86""],[""0.9990"",""13652.18""]]"
2026-05-16T12:29:42.297Z,KXBTC15M-26MAY160830-30,BTC price up in next 15 mins?,KXBTC15M-26MAY160830,2026-05-16T12:30:00Z,active,,0.001,0.999,1.0,0.001,0.001,239498.76,112842.22,,13652.18,[],"[[""0.9880"",""50.00""],[""0.9890"",""287.00""],[""0.9900"",""7662.30""],[""0.9910"",""40.00""],[""0.9920"",""232.00""],[""0.9930"",""239.00""],[""0.9940"",""1015.00""],[""0.9970"",""1361.00""],[""0.9980"",""6739.86""],[""0.9990"",""13652.18""]]"
2026-05-16T12:29:44.314Z,KXBTC15M-26MAY160830-30,BTC price up in next 15 mins?,KXBTC15M-26MAY160830,2026-05-16T12:30:00Z,active,,0.001,0.999,1.0,0.001,0.001,239498.76,112842.22,,13652.18,[],"[[""0.9880"",""50.00""],[""0.9890"",""287.00""],[""0.9900"",""7648.30""],[""0.9910"",""40.00""],[""0.9920"",""232.00""],[""0.9930"",""239.00""],[""0.9940"",""1015.00""],[""0.9970"",""1361.00""],[""0.9980"",""6739.86""],[""0.9990"",""13652.18""]]"
2026-05-16T12:29:46.317Z,KXBTC15M-26MAY160830-30,BTC price up in next 15 mins?,KXBTC15M-26MAY160830,2026-05-16T12:30:00Z,active,,0.001,0.999,1.0,0.001,0.001,239498.76,112842.22,,13652.18,[],"[[""0.9880"",""50.00""],[""0.9890"",""287.00""],[""0.9900"",""7653.30""],[""0.9910"",""40.00""],[""0.9920"",""232.00""],[""0.9930"",""239.00""],[""0.9940"",""1015.00""],[""0.9970"",""1361.00""],[""0.9980"",""6739.86""],[""0.9990"",""13652.18""]]"
2026-05-16T12:29:48.316Z,KXBTC15M-26MAY160830-30,BTC price up in next 15 mins?,KXBTC15M-26MAY160830,2026-05-16T12:30:00Z,active,,0.001,0.999,1.0,0.001,0.001,239617.76,112842.22,,13652.18,[],"[[""0.9880"",""50.00""],[""0.9890"",""287.00""],[""0.9900"",""7653.30""],[""0.9910"",""40.00""],[""0.9920"",""232.00""],[""0.9930"",""239.00""],[""0.9940"",""1015.00""],[""0.9970"",""1361.00""],[""0.9980"",""6739.86""],[""0.9990"",""13652.18""]]"
2026-05-16T12:29:50.306Z,KXBTC15M-26MAY160830-30,BTC price up in next 15 mins?,KXBTC15M-26MAY160830,2026-05-16T12:30:00Z,active,,0.001,0.999,1.0,0.001,0.001,239617.76,112842.22,,13699.18,[],"[[""0.9890"",""287.00""],[""0.9900"",""7683.30""],[""0.9910"",""40.00""],[""0.9920"",""232.00""],[""0.9930"",""239.00""],[""0.9940"",""1015.00""],[""0.9960"",""47.00""],[""0.9970"",""1408.00""],[""0.9980"",""6786.86""],[""0.9990"",""13699.18""]]"
2026-05-16T12:29:52.313Z,KXBTC15M-26MAY160830-30,BTC price up in next 15 mins?,KXBTC15M-26MAY160830,2026-05-16T12:30:00Z,active,,0.001,0.999,1.0,0.001,0.001,239617.76,112842.22,,13699.18,[],"[[""0.9890"",""287.00""],[""0.9900"",""7652.30""],[""0.9910"",""40.00""],[""0.9920"",""232.00""],[""0.9930"",""239.00""],[""0.9940"",""1015.00""],[""0.9960"",""47.00""],[""0.9970"",""1408.00""],[""0.9980"",""6786.86""],[""0.9990"",""13699.18""]]"
2026-05-16T12:29:54.319Z,KXBTC15M-26MAY160830-30,BTC price up in next 15 mins?,KXBTC15M-26MAY160830,2026-05-16T12:30:00Z,active,,0.001,0.999,1.0,0.001,0.001,239617.76,112842.22,,13679.18,[],"[[""0.9890"",""287.00""],[""0.9900"",""7632.30""],[""0.9910"",""40.00""],[""0.9920"",""232.00""],[""0.9930"",""239.00""],[""0.9940"",""1015.00""],[""0.9960"",""47.00""],[""0.9970"",""1408.00""],[""0.9980"",""6786.86""],[""0.9990"",""13679.18""]]"
2026-05-16T12:29:56.315Z,KXBTC15M-26MAY160830-30,BTC price up in next 15 mins?,KXBTC15M-26MAY160830,2026-05-16T12:30:00Z,active,,0.001,0.999,1.0,0.001,0.001,239617.76,112842.22,,13457.18,[],"[[""0.9890"",""287.00""],[""0.9900"",""7668.30""],[""0.9910"",""40.00""],[""0.9920"",""232.00""],[""0.9930"",""239.00""],[""0.9940"",""1015.00""],[""0.9960"",""47.00""],[""0.9970"",""1408.00""],[""0.9980"",""6786.86""],[""0.9990"",""13457.18""]]"
2026-05-16T12:29:58.307Z,KXBTC15M-26MAY160830-30,BTC price up in next 15 mins?,KXBTC15M-26MAY160830,2026-05-16T12:30:00Z,active,,0.001,0.999,1.0,0.001,0.001,239617.76,112842.22,,10457.18,[],"[[""0.9890"",""287.00""],[""0.9900"",""7668.30""],[""0.9910"",""40.00""],[""0.9920"",""232.00""],[""0.9930"",""220.00""],[""0.9940"",""1015.00""],[""0.9960"",""47.00""],[""0.9970"",""1408.00""],[""0.9980"",""6786.86""],[""0.9990"",""10457.18""]]"
2026-05-16T12:30:00.332Z,KXBTC15M-26MAY160830-30,BTC price up in next 15 mins?,KXBTC15M-26MAY160830,2026-05-16T12:30:00Z,closed,,0.001,0.999,1.0,0.001,0.001,239617.76,112842.22,,9259.18,[],"[[""0.9830"",""63.00""],[""0.9890"",""287.00""],[""0.9900"",""7602.00""],[""0.9910"",""20.00""],[""0.9930"",""220.00""],[""0.9940"",""1015.00""],[""0.9960"",""47.00""],[""0.9970"",""1408.00""],[""0.9980"",""6786.86""],[""0.9990"",""9259.18""]]"
2026-05-16T12:30:02.316Z,KXBTC15M-26MAY160830-30,BTC price up in next 15 mins?,KXBTC15M-26MAY160830,2026-05-16T12:30:00Z,closed,,0.001,0.999,1.0,0.001,0.001,239617.76,112842.22,,,[],[]
2026-05-16T12:30:04.311Z,KXBTC15M-26MAY160830-30,BTC price up in next 15 mins?,KXBTC15M-26MAY160830,2026-05-16T12:30:00Z,closed,,0.001,0.999,1.0,0.001,0.001,239617.76,112842.22,,,[],[]
2026-05-16T12:30:06.322Z,KXBTC15M-26MAY160830-30,BTC price up in next 15 mins?,KXBTC15M-26MAY160830,2026-05-16T12:30:00Z,closed,,0.001,0.999,1.0,0.001,0.001,239617.76,112842.22,,,[],[]
2026-05-16T12:30:08.313Z,KXBTC15M-26MAY160830-30,BTC price up in next 15 mins?,KXBTC15M-26MAY160830,2026-05-16T12:30:00Z,closed,,0.001,0.999,1.0,0.001,0.001,239617.76,112842.22,,,[],[]
2026-05-16T12:30:10.302Z,KXBTC15M-26MAY160830-30,BTC price up in next 15 mins?,KXBTC15M-26MAY160830,2026-05-16T12:30:00Z,closed,,0.001,0.999,1.0,0.001,0.001,239617.76,112842.22,,,[],[]
2026-05-16T12:30:12.302Z,KXBTC15M-26MAY160830-30,BTC price up in next 15 mins?,KXBTC15M-26MAY160830,2026-05-16T12:30:00Z,closed,,0.001,0.999,1.0,0.001,0.001,239617.76,112842.22,,,[],[]
2026-05-16T12:30:14.320Z,KXBTC15M-26MAY160830-30,BTC price up in next 15 mins?,KXBTC15M-26MAY160830,2026-05-16T12:30:00Z,closed,,0.001,0.999,1.0,0.001,0.001,239617.76,112842.22,,,[],[]
2026-05-16T12:30:16.321Z,KXBTC15M-26MAY160830-30,BTC price up in next 15 mins?,KXBTC15M-26MAY160830,2026-05-16T12:30:00Z,closed,,0.001,0.999,1.0,0.001,0.001,239617.76,112842.22,,,[],[]
