2026-06-04T19:41:54.409Z | START kalshi_trader live=False contracts=2 band=0.60-0.80 entry_seconds=600 retry_attempts=10 stop_loss=$10.0000
2026-06-04T19:41:57.211Z | BALANCE START | Kalshi $12.9300
2026-06-04T19:41:57.212Z | STOP_LOSS baseline set to $12.9300

CONTRACT KXBTC15M-26JUN041545-45 | close 2026-06-04T19:45:00Z | K target 64047.60
STATUS T=180.8s | K 63821.65 - 225.95 | yes_mid=0.0055 trade=--
2026-06-04T19:42:02.825Z | BALANCE T=180.8s T10m | Kalshi $12.9300 drawdown=0.0000
STATUS T=10m KXBTC15M-26JUN041545-45 | yes_mid=0.0060 decision=SKIP reason=more likely side 0.9940 outside band 0.60-0.80 | counts S=0 U=0 K=1
STATUS T=173.7s | K 63806.18 - 241.42 | yes_mid=0.0065 trade=skip
STATUS T=170.8s | K 63806.18 - 241.42 | yes_mid=0.0075 trade=skip
STATUS T=167.2s | K 63817.41 - 230.19 | yes_mid=0.0085 trade=skip
STATUS T=163.3s | K 63831.13 - 216.47 | yes_mid=0.0075 trade=skip
STATUS T=159.9s | K 63831.13 - 216.47 | yes_mid=0.0075 trade=skip
STATUS T=156.6s | K 63817.41 - 230.19 | yes_mid=0.0075 trade=skip
STATUS T=152.9s | K 63810.83 - 236.77 | yes_mid=0.0045 trade=skip
STATUS T=149.6s | K 63810.83 - 236.77 | yes_mid=0.0065 trade=skip
STATUS T=146.5s | K 63831.13 - 216.47 | yes_mid=0.0045 trade=skip
STATUS T=143.2s | K 63816.15 - 231.45 | yes_mid=0.0045 trade=skip
STATUS T=138.9s | K 63806.55 - 241.05 | yes_mid=0.0025 trade=skip
STATUS T=135.0s | K 63817.41 - 230.19 | yes_mid=0.0025 trade=skip
STATUS T=130.5s | K 63806.18 - 241.42 | yes_mid=0.0025 trade=skip
STATUS T=126.4s | K 63806.18 - 241.42 | yes_mid=0.0025 trade=skip
STATUS T=122.0s | K 63784.06 - 263.54 | yes_mid=0.0025 trade=skip
STATUS T=118.3s | K 63831.13 - 216.47 | yes_mid=0.0015 trade=skip
STATUS T=114.4s | K 63807.10 - 240.50 | yes_mid=0.0015 trade=skip
STATUS T=110.0s | K 63821.65 - 225.95 | yes_mid=0.0015 trade=skip
STATUS T=105.1s | K 63807.10 - 240.50 | yes_mid=0.0015 trade=skip
STATUS T=101.3s | K 63821.65 - 225.95 | yes_mid=0.0010 trade=skip orderbook=INVALID no_ask:price_missing_or_out_of_range:None
STATUS T=97.0s | K 63821.65 - 225.95 | yes_mid=0.0015 trade=skip
STATUS T=92.9s | K 63821.65 - 225.95 | yes_mid=0.0010 trade=skip orderbook=INVALID no_ask:price_missing_or_out_of_range:None
STATUS T=89.2s | K 63806.55 - 241.05 | yes_mid=0.0010 trade=skip orderbook=INVALID no_ask:price_missing_or_out_of_range:None
STATUS T=85.7s | K 63807.10 - 240.50 | yes_mid=0.0010 trade=skip orderbook=INVALID no_ask:price_missing_or_out_of_range:None
STATUS T=82.1s | K 63804.01 - 243.59 | yes_mid=0.0010 trade=skip orderbook=INVALID no_ask:price_missing_or_out_of_range:None
STATUS T=77.7s | K 63807.10 - 240.50 | yes_mid=0.0010 trade=skip orderbook=INVALID no_ask:price_missing_or_out_of_range:None
STATUS T=73.9s | K 63821.65 - 225.95 | yes_mid=0.0010 trade=skip orderbook=INVALID no_ask:price_missing_or_out_of_range:None
STATUS T=70.6s | K 63807.10 - 240.50 | yes_mid=0.0010 trade=skip orderbook=INVALID no_ask:price_missing_or_out_of_range:None
STATUS T=67.1s | K 63788.00 - 259.60 | yes_mid=0.0010 trade=skip orderbook=INVALID no_ask:price_missing_or_out_of_range:None
STATUS T=63.4s | K 63784.06 - 263.54 | yes_mid=0.0010 trade=skip orderbook=INVALID no_ask:price_missing_or_out_of_range:None
STATUS T=59.2s | K 63730.79 - 316.81 | yes_mid=0.0010 trade=skip orderbook=INVALID no_ask:price_missing_or_out_of_range:None
STATUS T=55.2s | K 63730.79 - 316.81 | yes_mid=0.0010 trade=skip orderbook=INVALID no_ask:price_missing_or_out_of_range:None
STATUS T=51.2s | K 63787.93 - 259.67 | yes_mid=0.0010 trade=skip orderbook=INVALID no_ask:price_missing_or_out_of_range:None
STATUS T=46.8s | K 63787.93 - 259.67 | yes_mid=0.0010 trade=skip orderbook=INVALID no_ask:price_missing_or_out_of_range:None
STATUS T=42.3s | K 63784.06 - 263.54 | yes_mid=0.0010 trade=skip orderbook=INVALID no_ask:price_missing_or_out_of_range:None
STATUS T=38.5s | K 63807.10 - 240.50 | yes_mid=0.0010 trade=skip orderbook=INVALID no_ask:price_missing_or_out_of_range:None
STATUS T=34.1s | K 63740.12 - 307.48 | yes_mid=0.0010 trade=skip orderbook=INVALID no_ask:price_missing_or_out_of_range:None
STATUS T=28.1s | K 63781.09 - 266.51 | yes_mid=0.0010 trade=skip orderbook=INVALID no_ask:price_missing_or_out_of_range:None
STATUS T=24.1s | K 63807.10 - 240.50 | yes_mid=0.0010 trade=skip orderbook=INVALID no_ask:price_missing_or_out_of_range:None
STATUS T=20.8s | K 63781.09 - 266.51 | yes_mid=0.0010 trade=skip orderbook=INVALID no_ask:price_missing_or_out_of_range:None
STATUS T=17.6s | K 63788.00 - 259.60 | yes_mid=0.0010 trade=skip orderbook=INVALID no_ask:price_missing_or_out_of_range:None
STATUS T=14.2s | K 63730.79 - 316.81 | yes_mid=0.0010 trade=skip orderbook=INVALID no_ask:price_missing_or_out_of_range:None
STATUS T=10.6s | K 63787.93 - 259.67 | yes_mid=0.0010 trade=skip orderbook=INVALID no_ask:price_missing_or_out_of_range:None
STATUS T=7.2s | K 63730.79 - 316.81 | yes_mid=0.0010 trade=skip orderbook=INVALID no_ask:price_missing_or_out_of_range:None
STATUS T=3.6s | K 63787.93 - 259.67 | yes_mid=0.0010 trade=skip orderbook=INVALID no_ask:price_missing_or_out_of_range:None
STATUS T=0.1s | K 63702.19 - 345.41 | yes_mid=0.0010 trade=skip orderbook=INVALID no_ask:price_missing_or_out_of_range:None
STATUS T=-4.7s | K 63712.07 - 335.53 | yes_mid=-- trade=skip orderbook=INVALID yes_ask:price_missing_or_out_of_range:None; no_ask:price_missing_or_out_of_range:None
2026-06-04T19:45:07.469Z | BALANCE T=-6.7s OUTCOME | Kalshi $12.9300 drawdown=0.0000
OUTCOME KXBTC15M-26JUN041545-45 | K price=63730.79 target=64047.60 target_source=observed_source_snapshot actual=NO trade= status=skip result=skipped correct=-- | counts S=0 U=0 K=1

CONTRACT KXBTC15M-26JUN041600-00 | close 2026-06-04T20:00:00Z | K target 63719.04
STATUS T=869.3s | K 63685.21 - 33.83 | yes_mid=0.4250 trade=--
STATUS T=865.2s | K 63712.07 - 6.97 | yes_mid=0.3950 trade=--
STATUS T=862.2s | K 63704.75 - 14.29 | yes_mid=0.3750 trade=--
STATUS T=858.4s | K 63692.49 - 26.55 | yes_mid=0.3450 trade=--
STATUS T=854.1s | K 63712.07 - 6.97 | yes_mid=0.3350 trade=--
STATUS T=850.3s | K 63658.88 - 60.16 | yes_mid=0.3550 trade=--
STATUS T=846.9s | K 63712.07 - 6.97 | yes_mid=0.3550 trade=--
STATUS T=843.4s | K 63710.72 - 8.32 | yes_mid=0.3550 trade=--
STATUS T=839.8s | K 63710.72 - 8.32 | yes_mid=0.3450 trade=--
STATUS T=835.4s | K 63710.72 - 8.32 | yes_mid=0.3450 trade=--
STATUS T=831.4s | K 63653.62 - 65.42 | yes_mid=0.3350 trade=--
STATUS T=827.0s | K 63653.62 - 65.42 | yes_mid=0.3150 trade=--
STATUS T=823.1s | K 63710.72 - 8.32 | yes_mid=0.3650 trade=--
STATUS T=819.6s | K 63653.62 - 65.42 | yes_mid=0.3850 trade=--
STATUS T=816.0s | K 63712.07 - 6.97 | yes_mid=0.3650 trade=--
STATUS T=812.6s | K 63702.19 - 16.85 | yes_mid=0.3850 trade=--
STATUS T=808.3s | K 63702.19 - 16.85 | yes_mid=0.4150 trade=--
STATUS T=804.5s | K 63692.49 - 26.55 | yes_mid=0.3850 trade=--
STATUS T=800.8s | K 63692.49 - 26.55 | yes_mid=0.3900 trade=--
STATUS T=797.5s | K 63710.72 - 8.32 | yes_mid=0.3450 trade=--
STATUS T=794.1s | K 63710.72 - 8.32 | yes_mid=0.3150 trade=--
STATUS T=790.3s | K 63704.75 - 14.29 | yes_mid=0.3150 trade=--
STATUS T=786.2s | K 63710.72 - 8.32 | yes_mid=0.3050 trade=--
STATUS T=782.7s | K 63653.62 - 65.42 | yes_mid=0.3050 trade=--
STATUS T=779.5s | K 63658.88 - 60.16 | yes_mid=0.3050 trade=--
STATUS T=776.1s | K 63677.96 - 41.08 | yes_mid=0.3050 trade=--
STATUS T=772.0s | K 63677.96 - 41.08 | yes_mid=0.2850 trade=--
STATUS T=768.1s | K 63643.05 - 75.99 | yes_mid=0.3050 trade=--
STATUS T=764.2s | K 63643.05 - 75.99 | yes_mid=0.3050 trade=--
STATUS T=760.7s | K 63658.88 - 60.16 | yes_mid=0.3050 trade=--
STATUS T=757.0s | K 63677.96 - 41.08 | yes_mid=0.3050 trade=--
STATUS T=753.2s | K 63637.12 - 81.92 | yes_mid=0.3050 trade=--
STATUS T=748.8s | K 63653.62 - 65.42 | yes_mid=0.2850 trade=--
STATUS T=745.0s | K 63653.62 - 65.42 | yes_mid=0.3350 trade=--
STATUS T=741.5s | K 63642.71 - 76.33 | yes_mid=0.3550 trade=--
STATUS T=738.5s | K 63665.31 - 53.73 | yes_mid=0.3550 trade=--
STATUS T=735.3s | K 63642.71 - 76.33 | yes_mid=0.3550 trade=--
STATUS T=731.3s | K 63642.71 - 76.33 | yes_mid=0.3850 trade=--
STATUS T=727.3s | K 63635.74 - 83.30 | yes_mid=0.3650 trade=--
STATUS T=723.2s | K 63635.74 - 83.30 | yes_mid=0.3400 trade=--
STATUS T=719.2s | K 63643.05 - 75.99 | yes_mid=0.3250 trade=--
STATUS T=715.3s | K 63661.08 - 57.96 | yes_mid=0.3450 trade=--
STATUS T=711.5s | K 63677.96 - 41.08 | yes_mid=0.3550 trade=--
STATUS T=708.1s | K 63676.08 - 42.96 | yes_mid=0.3650 trade=--
STATUS T=705.0s | K 63677.96 - 41.08 | yes_mid=0.3650 trade=--
STATUS T=701.3s | K 63661.08 - 57.96 | yes_mid=0.3550 trade=--
STATUS T=698.5s | K 63639.74 - 79.30 | yes_mid=0.4050 trade=--
STATUS T=694.6s | K 63642.71 - 76.33 | yes_mid=0.3950 trade=--
STATUS T=691.0s | K 63635.25 - 83.79 | yes_mid=0.4350 trade=--
STATUS T=687.0s | K 63635.25 - 83.79 | yes_mid=0.3950 trade=--
STATUS T=683.1s | K 63643.05 - 75.99 | yes_mid=0.3750 trade=--
STATUS T=679.3s | K 63661.08 - 57.96 | yes_mid=0.3950 trade=--
STATUS T=675.6s | K 63679.86 - 39.18 | yes_mid=0.3700 trade=--
STATUS T=671.1s | K 63679.86 - 39.18 | yes_mid=0.3650 trade=--
STATUS T=666.9s | K 63665.31 - 53.73 | yes_mid=0.3450 trade=--
STATUS T=662.9s | K 63671.25 - 47.79 | yes_mid=0.3250 trade=--
STATUS T=659.0s | K 63657.45 - 61.59 | yes_mid=0.3350 trade=--
STATUS T=655.8s | K 63635.74 - 83.30 | yes_mid=0.3350 trade=--
STATUS T=651.7s | K 63635.74 - 83.30 | yes_mid=0.3650 trade=--
STATUS T=648.2s | K 63679.86 - 39.18 | yes_mid=0.3700 trade=--
STATUS T=644.5s | K 63665.59 - 53.45 | yes_mid=0.3850 trade=--
STATUS T=640.6s | K 63657.45 - 61.59 | yes_mid=0.4350 trade=--
STATUS T=637.1s | K 63661.08 - 57.96 | yes_mid=0.4450 trade=--
STATUS T=633.3s | K 63665.31 - 53.73 | yes_mid=0.3950 trade=--
STATUS T=629.5s | K 63676.08 - 42.96 | yes_mid=0.3900 trade=--
STATUS T=625.6s | K 63679.86 - 39.18 | yes_mid=0.3650 trade=--
STATUS T=622.1s | K 63665.59 - 53.45 | yes_mid=0.3450 trade=--
STATUS T=618.4s | K 63671.74 - 47.30 | yes_mid=0.3450 trade=--
STATUS T=615.0s | K 63671.25 - 47.79 | yes_mid=0.3350 trade=--
STATUS T=611.0s | K 63665.59 - 53.45 | yes_mid=0.3250 trade=--
STATUS T=607.5s | K 63671.25 - 47.79 | yes_mid=0.3450 trade=--
STATUS T=604.0s | K 63671.25 - 47.79 | yes_mid=0.3250 trade=--
STATUS T=597.8s | K 63671.74 - 47.30 | yes_mid=0.3050 trade=--
2026-06-04T19:50:06.095Z | BALANCE T=597.8s T10m | Kalshi $12.9300 drawdown=0.0000
STATUS T=10m KXBTC15M-26JUN041600-00 | yes_mid=0.3050 selected=NO selected_prob=0.6950 band=0.60-0.80 contracts=2
ORDER DRY_RUN KXBTC15M-26JUN041600-00 NO | ask=72.0c qty=195.28 order_id=-- would buy 2 NO at best ask 72.0c | counts S=0 U=0 K=1
STATUS T=588.2s | K 63671.74 - 47.30 | yes_mid=0.2850 trade=dry_run
STATUS T=584.7s | K 63671.25 - 47.79 | yes_mid=0.3350 trade=dry_run
STATUS T=581.3s | K 63665.59 - 53.45 | yes_mid=0.2950 trade=dry_run
STATUS T=577.3s | K 63659.85 - 59.19 | yes_mid=0.3050 trade=dry_run
STATUS T=573.9s | K 63657.45 - 61.59 | yes_mid=0.3250 trade=dry_run
STATUS T=570.3s | K 63665.59 - 53.45 | yes_mid=0.3250 trade=dry_run
STATUS T=566.7s | K 63671.74 - 47.30 | yes_mid=0.2850 trade=dry_run
2026-06-04T19:52:26.737Z | START kalshi_trader live=True contracts=2 band=0.60-0.80 entry_seconds=600 retry_attempts=10 stop_loss=$10.0000
2026-06-04T19:52:28.422Z | BALANCE START | Kalshi $12.9300
2026-06-04T19:52:28.422Z | STOP_LOSS baseline set to $12.9300

CONTRACT KXBTC15M-26JUN041600-00 | close 2026-06-04T20:00:00Z | K target 63719.04
STATUS T=449.4s | K 63646.38 - 72.66 | yes_mid=0.1650 trade=--
2026-06-04T19:52:32.900Z | BALANCE T=449.4s T10m | Kalshi $12.9300 drawdown=0.0000
STATUS T=10m KXBTC15M-26JUN041600-00 | yes_mid=0.1650 decision=SKIP reason=more likely side 0.8350 outside band 0.60-0.80 | counts S=0 U=0 K=1
STATUS T=386.8s | K 63645.04 - 74.00 | yes_mid=0.1850 trade=skip
STATUS T=326.1s | K 63587.81 - 131.23 | yes_mid=0.0425 trade=skip
STATUS T=265.6s | K 63569.11 - 149.93 | yes_mid=0.0210 trade=skip
STATUS T=204.5s | K 63492.18 - 226.86 | yes_mid=0.0100 trade=skip
STATUS T=141.4s | K 63482.84 - 236.20 | yes_mid=0.0035 trade=skip
STATUS T=79.6s | K 63525.76 - 193.28 | yes_mid=0.0010 trade=skip orderbook=INVALID no_ask:price_missing_or_out_of_range:None
STATUS T=17.7s | K 63628.37 - 90.67 | yes_mid=0.0010 trade=skip orderbook=INVALID no_ask:price_missing_or_out_of_range:None
2026-06-04T20:00:05.634Z | BALANCE T=-2.0s OUTCOME | Kalshi $12.9300 drawdown=0.0000
OUTCOME KXBTC15M-26JUN041600-00 | K price=63621.54 target=63719.04 target_source=observed_source_snapshot actual=NO trade= status=skip result=skipped correct=-- | counts S=0 U=0 K=1
2026-06-04T20:00:07.927Z | POLL FETCH ERROR RuntimeError: GET /markets failed: HTTP 429 {"error":{"code":"too_many_requests","message":"too many requests"}}
2026-06-04T20:00:12.879Z | POLL FETCH ERROR RuntimeError: GET /markets failed: HTTP 429 {"error":{"code":"too_many_requests","message":"too many requests"}}

CONTRACT KXBTC15M-26JUN041615-15 | close 2026-06-04T20:15:00Z | K target 63598.59
STATUS T=865.2s | K 63558.89 - 39.70 | yes_mid=0.3050 trade=--
STATUS T=802.3s | K 63471.30 - 127.29 | yes_mid=0.2750 trade=--
STATUS T=741.7s | K 63454.56 - 144.03 | yes_mid=0.1850 trade=--
STATUS T=678.1s | K 63495.03 - 103.56 | yes_mid=0.1150 trade=--
STATUS T=616.5s | K 63434.89 - 163.70 | yes_mid=0.0465 trade=--
2026-06-04T20:05:04.821Z | BALANCE T=598.8s T10m | Kalshi $12.9300 drawdown=0.0000
STATUS T=10m KXBTC15M-26JUN041615-15 | yes_mid=0.0410 decision=SKIP reason=more likely side 0.9590 outside band 0.60-0.80 | counts S=0 U=0 K=2
STATUS T=554.9s | K 63342.68 - 255.91 | yes_mid=0.0380 trade=skip
STATUS T=492.5s | K 63321.26 - 277.33 | yes_mid=0.0290 trade=skip
STATUS T=430.4s | K 63223.40 - 375.19 | yes_mid=0.0150 trade=skip
STATUS T=369.3s | K 63223.40 - 375.19 | yes_mid=0.0095 trade=skip
STATUS T=308.1s | K 63289.00 - 309.59 | yes_mid=0.0155 trade=skip
STATUS T=246.4s | K 63289.00 - 309.59 | yes_mid=0.0340 trade=skip
STATUS T=184.3s | K 63366.76 - 231.83 | yes_mid=0.0130 trade=skip
STATUS T=123.3s | K 63354.98 - 243.61 | yes_mid=0.0150 trade=skip
STATUS T=62.9s | K 63457.05 - 141.54 | yes_mid=0.0015 trade=skip
STATUS T=2.8s | K 63444.27 - 154.32 | yes_mid=0.0010 trade=skip orderbook=INVALID no_ask:price_missing_or_out_of_range:None
2026-06-04T20:15:06.588Z | BALANCE T=-5.8s OUTCOME | Kalshi $12.9300 drawdown=0.0000
OUTCOME KXBTC15M-26JUN041615-15 | K price=63461.95 target=63598.59 target_source=observed_source_snapshot actual=NO trade= status=skip result=skipped correct=-- | counts S=0 U=0 K=2

CONTRACT KXBTC15M-26JUN041630-30 | close 2026-06-04T20:30:00Z | K target 63441.31
STATUS T=890.6s | K 63457.05 + 15.74 | yes_mid=0.5400 trade=--
STATUS T=829.8s | K 63450.92 + 9.61 | yes_mid=0.3750 trade=--
STATUS T=768.8s | K 63447.69 + 6.38 | yes_mid=0.4650 trade=--
STATUS T=705.7s | K 63471.72 + 30.41 | yes_mid=0.3650 trade=--
STATUS T=642.3s | K 63393.74 - 47.57 | yes_mid=0.2750 trade=--
2026-06-04T20:20:05.219Z | BALANCE T=598.5s T10m | Kalshi $12.9300 drawdown=0.0000
STATUS T=10m KXBTC15M-26JUN041630-30 | yes_mid=0.1950 decision=SKIP reason=more likely side 0.8050 outside band 0.60-0.80 | counts S=0 U=0 K=3
STATUS T=580.2s | K 63302.11 - 139.20 | yes_mid=0.2650 trade=skip
STATUS T=520.1s | K 63334.99 - 106.32 | yes_mid=0.0975 trade=skip
STATUS T=458.4s | K 63291.81 - 149.50 | yes_mid=0.1350 trade=skip
STATUS T=397.0s | K 63327.91 - 113.40 | yes_mid=0.0585 trade=skip
STATUS T=334.1s | K 63256.19 - 185.12 | yes_mid=0.0425 trade=skip
STATUS T=272.5s | K 63284.43 - 156.88 | yes_mid=0.0225 trade=skip
STATUS T=210.2s | K 63245.35 - 195.96 | yes_mid=0.0045 trade=skip
STATUS T=147.3s | K 63149.03 - 292.28 | yes_mid=0.0015 trade=skip
STATUS T=83.5s | K 63161.53 - 279.78 | yes_mid=0.0010 trade=skip orderbook=INVALID no_ask:price_missing_or_out_of_range:None
STATUS T=22.9s | K 63183.47 - 257.84 | yes_mid=0.0010 trade=skip orderbook=INVALID no_ask:price_missing_or_out_of_range:None
2026-06-04T20:30:07.460Z | BALANCE T=-6.3s OUTCOME | Kalshi $12.9300 drawdown=0.0000
OUTCOME KXBTC15M-26JUN041630-30 | K price=63254.22 target=63441.31 target_source=observed_source_snapshot actual=NO trade= status=skip result=skipped correct=-- | counts S=0 U=0 K=3

CONTRACT KXBTC15M-26JUN041645-45 | close 2026-06-04T20:45:00Z | K target 63188.73
STATUS T=888.5s | K 63151.88 - 36.85 | yes_mid=0.7250 trade=--
STATUS T=825.2s | K 63274.91 + 86.18 | yes_mid=0.8050 trade=--
STATUS T=763.1s | K 63442.56 + 253.83 | yes_mid=0.9045 trade=--
STATUS T=701.7s | K 63366.27 + 177.54 | yes_mid=0.9285 trade=--
STATUS T=638.4s | K 63473.78 + 285.05 | yes_mid=0.9490 trade=--
2026-06-04T20:35:07.386Z | BALANCE T=596.0s T10m | Kalshi $12.9300 drawdown=0.0000
STATUS T=10m KXBTC15M-26JUN041645-45 | yes_mid=0.9485 decision=SKIP reason=more likely side 0.9485 outside band 0.60-0.80 | counts S=0 U=0 K=4
STATUS T=576.0s | K 63461.46 + 272.73 | yes_mid=0.9585 trade=skip
STATUS T=512.8s | K 63463.20 + 274.47 | yes_mid=0.8950 trade=skip
STATUS T=449.4s | K 63409.79 + 221.06 | yes_mid=0.9430 trade=skip
STATUS T=388.6s | K 63424.40 + 235.67 | yes_mid=0.9720 trade=skip
STATUS T=326.0s | K 63468.14 + 279.41 | yes_mid=0.9875 trade=skip
STATUS T=265.0s | K 63454.83 + 266.10 | yes_mid=0.9955 trade=skip
STATUS T=203.6s | K 63519.02 + 330.29 | yes_mid=0.9975 trade=skip
STATUS T=142.2s | K 63585.28 + 396.55 | yes_mid=0.9990 trade=skip orderbook=INVALID yes_ask:price_missing_or_out_of_range:None
STATUS T=81.7s | K 63599.80 + 411.07 | yes_mid=0.9990 trade=skip orderbook=INVALID yes_ask:price_missing_or_out_of_range:None
STATUS T=18.6s | K 63548.49 + 359.76 | yes_mid=0.9990 trade=skip orderbook=INVALID yes_ask:price_missing_or_out_of_range:None
2026-06-04T20:45:07.529Z | BALANCE T=-5.1s OUTCOME | Kalshi $12.9300 drawdown=0.0000
OUTCOME KXBTC15M-26JUN041645-45 | K price=63548.49 target=63188.73 target_source=observed_source_snapshot actual=YES trade= status=skip result=skipped correct=-- | counts S=0 U=0 K=4

CONTRACT KXBTC15M-26JUN041700-00 | close 2026-06-04T21:00:00Z | K target 63532.07
STATUS T=889.4s | K 63599.94 + 67.87 | yes_mid=0.4250 trade=--
STATUS T=827.2s | K 63533.08 + 1.01 | yes_mid=0.5850 trade=--
STATUS T=765.6s | K 63509.65 - 22.42 | yes_mid=0.5050 trade=--
STATUS T=702.4s | K 63527.99 - 4.08 | yes_mid=0.1750 trade=--
STATUS T=642.1s | K 63446.24 - 85.83 | yes_mid=0.2750 trade=--
2026-06-04T20:50:04.508Z | BALANCE T=598.1s T10m | Kalshi $12.9300 drawdown=0.0000
STATUS T=10m KXBTC15M-26JUN041700-00 | yes_mid=0.2950 selected=NO selected_prob=0.7050 band=0.60-0.80 contracts=2
ORDER FILLED KXBTC15M-26JUN041700-00 NO | ask=70.0c qty=941.53 order_id=83b653a1-b8fd-4cb7-8846-ed3d7959294d filled 2 at 70.0c | counts S=0 U=0 K=4
STATUS T=580.5s | K 63483.88 - 48.19 | yes_mid=0.2950 trade=filled
STATUS T=518.7s | K 63490.08 - 41.99 | yes_mid=0.3450 trade=filled
STATUS T=457.7s | K 63460.78 - 71.29 | yes_mid=0.3350 trade=filled
STATUS T=395.2s | K 63446.61 - 85.46 | yes_mid=0.2450 trade=filled
STATUS T=333.5s | K 63475.43 - 56.64 | yes_mid=0.3150 trade=filled
STATUS T=270.1s | K 63511.21 - 20.86 | yes_mid=0.4650 trade=filled
STATUS T=208.2s | K 63526.61 - 5.46 | yes_mid=0.7050 trade=filled
STATUS T=146.8s | K 63492.18 - 39.89 | yes_mid=0.2200 trade=filled
STATUS T=86.7s | K 63492.18 - 39.89 | yes_mid=0.4950 trade=filled
STATUS T=26.3s | K 63566.29 + 34.22 | yes_mid=0.9980 trade=filled orderbook=INVALID yes_ask:price_missing_or_out_of_range:None
2026-06-04T21:00:10.246Z | BALANCE T=-7.2s OUTCOME | Kalshi $11.5000 drawdown=1.4300
OUTCOME KXBTC15M-26JUN041700-00 | K price=63586.36 target=63532.07 target_source=observed_source_snapshot actual=YES trade=NO status=filled result=unsuccessful correct=0 | counts S=0 U=1 K=4

CONTRACT KXBTC15M-26JUN041715-15 | close 2026-06-04T21:15:00Z | K target 63578.90
STATUS T=886.2s | K 63585.21 + 6.31 | yes_mid=0.4400 trade=--
STATUS T=823.0s | K 63587.16 + 8.26 | yes_mid=0.5900 trade=--
STATUS T=759.8s | K 63639.67 + 60.77 | yes_mid=0.7600 trade=--
STATUS T=696.5s | K 63676.42 + 97.52 | yes_mid=0.7650 trade=--
STATUS T=633.5s | K 63689.36 + 110.46 | yes_mid=0.7750 trade=--
2026-06-04T21:05:06.406Z | BALANCE T=596.2s T10m | Kalshi $11.5000 drawdown=1.4300
STATUS T=10m KXBTC15M-26JUN041715-15 | yes_mid=0.8350 decision=SKIP reason=more likely side 0.8350 outside band 0.60-0.80 | counts S=0 U=1 K=5
STATUS T=571.7s | K 63679.48 + 100.58 | yes_mid=0.8550 trade=skip
STATUS T=508.5s | K 63795.05 + 216.15 | yes_mid=0.8800 trade=skip
STATUS T=446.4s | K 63767.57 + 188.67 | yes_mid=0.9315 trade=skip
STATUS T=383.9s | K 63735.00 + 156.10 | yes_mid=0.9380 trade=skip
STATUS T=320.2s | K 63790.45 + 211.55 | yes_mid=0.9775 trade=skip
STATUS T=259.3s | K 63791.71 + 212.81 | yes_mid=0.9855 trade=skip
STATUS T=197.9s | K 63760.27 + 181.37 | yes_mid=0.9745 trade=skip
STATUS T=137.2s | K 63801.83 + 222.93 | yes_mid=0.9925 trade=skip
STATUS T=75.0s | K 63715.71 + 136.81 | yes_mid=0.9985 trade=skip
STATUS T=14.6s | K 63721.38 + 142.48 | yes_mid=0.9990 trade=skip orderbook=INVALID yes_ask:price_missing_or_out_of_range:None
2026-06-04T21:15:07.655Z | BALANCE T=-6.7s OUTCOME | Kalshi $11.5000 drawdown=1.4300
OUTCOME KXBTC15M-26JUN041715-15 | K price=63746.88 target=63578.90 target_source=observed_source_snapshot actual=YES trade= status=skip result=skipped correct=-- | counts S=0 U=1 K=5

CONTRACT KXBTC15M-26JUN041730-30 | close 2026-06-04T21:30:00Z | K target 63740.94
STATUS T=884.5s | K 63737.30 - 3.64 | yes_mid=0.4650 trade=--
STATUS T=824.1s | K 63743.35 + 2.41 | yes_mid=0.4950 trade=--
STATUS T=762.9s | K 63732.89 - 8.05 | yes_mid=0.4250 trade=--
STATUS T=700.5s | K 63707.19 - 33.75 | yes_mid=0.1850 trade=--
STATUS T=636.8s | K 63716.22 - 24.72 | yes_mid=0.0745 trade=--
2026-06-04T21:20:03.624Z | BALANCE T=600.0s T10m | Kalshi $11.5000 drawdown=1.4300
STATUS T=10m KXBTC15M-26JUN041730-30 | yes_mid=0.1650 decision=SKIP reason=more likely side 0.8350 outside band 0.60-0.80 | counts S=0 U=1 K=6
STATUS T=575.3s | K 63570.33 - 170.61 | yes_mid=0.1450 trade=skip
STATUS T=515.2s | K 63549.22 - 191.72 | yes_mid=0.0665 trade=skip
STATUS T=454.2s | K 63523.96 - 216.98 | yes_mid=0.0345 trade=skip
STATUS T=393.9s | K 63486.49 - 254.45 | yes_mid=0.0200 trade=skip
STATUS T=333.3s | K 63500.86 - 240.08 | yes_mid=0.0295 trade=skip
STATUS T=272.5s | K 63499.92 - 241.02 | yes_mid=0.0145 trade=skip
STATUS T=211.6s | K 63533.17 - 207.77 | yes_mid=0.0085 trade=skip
STATUS T=148.1s | K 63528.01 - 212.93 | yes_mid=0.0035 trade=skip
STATUS T=85.5s | K 63569.54 - 171.40 | yes_mid=0.0010 trade=skip orderbook=INVALID no_ask:price_missing_or_out_of_range:None
STATUS T=24.2s | K 63415.45 - 325.49 | yes_mid=0.0010 trade=skip orderbook=INVALID no_ask:price_missing_or_out_of_range:None
2026-06-04T21:30:07.823Z | BALANCE T=-7.0s OUTCOME | Kalshi $11.5000 drawdown=1.4300
OUTCOME KXBTC15M-26JUN041730-30 | K price=63501.29 target=63740.94 target_source=observed_source_snapshot actual=NO trade= status=skip result=skipped correct=-- | counts S=0 U=1 K=6

CONTRACT KXBTC15M-26JUN041745-45 | close 2026-06-04T21:45:00Z | K target 63432.13
STATUS T=884.4s | K 63454.66 + 22.53 | yes_mid=0.5350 trade=--
STATUS T=821.9s | K 63457.39 + 25.26 | yes_mid=0.4450 trade=--
2026-06-04T21:33:09.702Z | START kalshi_trader live=True contracts=2 band=0.55-0.80 entry_seconds=630 retry_attempts=10 stop_loss=$10.0000
2026-06-04T21:33:11.538Z | BALANCE START | Kalshi $11.5000
2026-06-04T21:33:11.538Z | STOP_LOSS baseline set to $11.5000

CONTRACT KXBTC15M-26JUN041745-45 | close 2026-06-04T21:45:00Z | K target 63432.13
STATUS T=706.0s | K 63399.75 - 32.38 | yes_mid=0.5150 trade=--
STATUS T=642.6s | K 63455.39 + 23.26 | yes_mid=0.2150 trade=--
2026-06-04T21:34:33.607Z | BALANCE T=629.2s T630s | Kalshi $11.5000 drawdown=0.0000
STATUS T=630s KXBTC15M-26JUN041745-45 | yes_mid=0.2900 selected=NO selected_prob=0.7100 band=0.55-0.80 contracts=2
ORDER FILLED KXBTC15M-26JUN041745-45 NO | ask=71.0c qty=2012.66 order_id=9be92793-8df5-4b63-9b00-10dedfb7672c filled 2 at 70.0c | counts S=0 U=0 K=0
STATUS T=582.5s | K 63456.46 + 24.33 | yes_mid=0.2250 trade=filled
STATUS T=519.0s | K 63357.42 - 74.71 | yes_mid=0.2450 trade=filled
STATUS T=458.3s | K 63362.68 - 69.45 | yes_mid=0.0750 trade=filled
STATUS T=396.5s | K 63349.08 - 83.05 | yes_mid=0.2050 trade=filled
STATUS T=334.0s | K 63281.53 - 150.60 | yes_mid=0.0420 trade=filled
STATUS T=270.9s | K 63265.80 - 166.33 | yes_mid=0.0205 trade=filled
STATUS T=210.2s | K 63233.13 - 199.00 | yes_mid=0.0030 trade=filled
STATUS T=148.6s | K 63158.10 - 274.03 | yes_mid=0.0055 trade=filled
STATUS T=88.1s | K 63158.10 - 274.03 | yes_mid=0.0210 trade=filled
STATUS T=25.0s | K 63300.46 - 131.67 | yes_mid=0.0265 trade=filled
2026-06-04T21:45:06.706Z | BALANCE T=-5.5s OUTCOME | Kalshi $12.0700 drawdown=-0.5700
OUTCOME KXBTC15M-26JUN041745-45 | K price=63344.32 target=63432.13 target_source=observed_source_snapshot actual=NO trade=NO status=filled result=successful correct=1 | counts S=1 U=0 K=0

CONTRACT KXBTC15M-26JUN041800-00 | close 2026-06-04T22:00:00Z | K target 63397.86
STATUS T=880.5s | K 63340.79 - 57.07 | yes_mid=0.6650 trade=--
STATUS T=819.5s | K 63459.33 + 61.47 | yes_mid=0.4050 trade=--
STATUS T=755.7s | K 63342.04 - 55.82 | yes_mid=0.4050 trade=--
STATUS T=695.6s | K 63354.56 - 43.30 | yes_mid=0.5150 trade=--
STATUS T=634.9s | K 63370.94 - 26.92 | yes_mid=0.4350 trade=--
2026-06-04T21:49:34.180Z | BALANCE T=628.4s T630s | Kalshi $12.0700 drawdown=-0.5700
STATUS T=630s KXBTC15M-26JUN041800-00 | yes_mid=0.4050 selected=NO selected_prob=0.5950 band=0.55-0.80 contracts=2
ORDER FILLED KXBTC15M-26JUN041800-00 NO | ask=58.0c qty=2667.39 order_id=fa87fd04-ee69-4478-8357-491135f678c5 filled 2 at 58.0c | counts S=1 U=0 K=0
STATUS T=574.4s | K 63384.32 - 13.54 | yes_mid=0.2950 trade=filled
STATUS T=511.8s | K 63309.83 - 88.03 | yes_mid=0.2250 trade=filled
STATUS T=450.1s | K 63292.63 - 105.23 | yes_mid=0.1250 trade=filled
STATUS T=389.3s | K 63292.63 - 105.23 | yes_mid=0.2650 trade=filled
STATUS T=326.1s | K 63350.02 - 47.84 | yes_mid=0.4850 trade=filled
STATUS T=265.3s | K 63355.49 - 42.37 | yes_mid=0.2150 trade=filled
STATUS T=202.3s | K 63342.44 - 55.42 | yes_mid=0.0545 trade=filled
STATUS T=139.4s | K 63263.24 - 134.62 | yes_mid=0.0180 trade=filled
STATUS T=76.8s | K 63240.81 - 157.05 | yes_mid=0.0010 trade=filled orderbook=INVALID no_ask:price_missing_or_out_of_range:None
STATUS T=15.7s | K 63229.54 - 168.32 | yes_mid=0.0010 trade=filled orderbook=INVALID no_ask:price_missing_or_out_of_range:None
2026-06-04T22:00:07.536Z | BALANCE T=-6.7s OUTCOME | Kalshi $12.8700 drawdown=-1.3700
OUTCOME KXBTC15M-26JUN041800-00 | K price=63208.99 target=63397.86 target_source=observed_source_snapshot actual=NO trade=NO status=filled result=successful correct=1 | counts S=2 U=0 K=0

CONTRACT KXBTC15M-26JUN041815-15 | close 2026-06-04T22:15:00Z | K target 63232.72
STATUS T=878.5s | K 63239.38 + 6.66 | yes_mid=0.4450 trade=--
STATUS T=817.5s | K 63182.62 - 50.10 | yes_mid=0.5550 trade=--
STATUS T=754.5s | K 63256.83 + 24.11 | yes_mid=0.7250 trade=--
STATUS T=692.0s | K 63430.86 + 198.14 | yes_mid=0.8550 trade=--
STATUS T=631.3s | K 63392.37 + 159.65 | yes_mid=0.7250 trade=--
2026-06-04T22:04:35.618Z | BALANCE T=627.3s T630s | Kalshi $12.8700 drawdown=-1.3700
STATUS T=630s KXBTC15M-26JUN041815-15 | yes_mid=0.5950 selected=YES selected_prob=0.5950 band=0.55-0.80 contracts=2
ORDER FILLED KXBTC15M-26JUN041815-15 YES | ask=61.0c qty=824.84 order_id=1d6da1c9-cd1e-4977-af0c-d892546446a8 filled 2 at 60.0c | counts S=2 U=0 K=0
STATUS T=567.8s | K 63400.89 + 168.17 | yes_mid=0.5350 trade=filled
STATUS T=506.1s | K 63339.94 + 107.22 | yes_mid=0.5350 trade=filled
STATUS T=443.0s | K 63209.98 - 22.74 | yes_mid=0.3650 trade=filled
STATUS T=380.1s | K 63166.49 - 66.23 | yes_mid=0.4150 trade=filled
STATUS T=318.3s | K 63192.87 - 39.85 | yes_mid=0.6550 trade=filled
STATUS T=254.8s | K 63229.45 - 3.27 | yes_mid=0.3850 trade=filled
STATUS T=193.7s | K 63279.27 + 46.55 | yes_mid=0.6750 trade=filled
STATUS T=132.2s | K 63250.07 + 17.35 | yes_mid=0.7750 trade=filled
STATUS T=70.6s | K 63212.78 - 19.94 | yes_mid=0.1550 trade=filled
STATUS T=9.2s | K 63272.58 + 39.86 | yes_mid=0.0030 trade=filled
2026-06-04T22:15:07.455Z | BALANCE T=-6.6s OUTCOME | Kalshi $11.6400 drawdown=-0.1400
OUTCOME KXBTC15M-26JUN041815-15 | K price=63200.64 target=63232.72 target_source=observed_source_snapshot actual=NO trade=YES status=filled result=unsuccessful correct=0 | counts S=2 U=1 K=0

CONTRACT KXBTC15M-26JUN041830-30 | close 2026-06-04T22:30:00Z | K target 63220.92
STATUS T=879.2s | K 63232.80 + 11.88 | yes_mid=0.6750 trade=--
STATUS T=817.2s | K 63264.92 + 44.00 | yes_mid=0.6250 trade=--
STATUS T=754.5s | K 63313.65 + 92.73 | yes_mid=0.7050 trade=--
STATUS T=692.8s | K 63307.47 + 86.55 | yes_mid=0.6550 trade=--
STATUS T=632.2s | K 63339.18 + 118.26 | yes_mid=0.6950 trade=--
2026-06-04T22:19:35.300Z | BALANCE T=628.1s T630s | Kalshi $11.6400 drawdown=-0.1400
STATUS T=630s KXBTC15M-26JUN041830-30 | yes_mid=0.7150 selected=YES selected_prob=0.7150 band=0.55-0.80 contracts=2
2026-06-04T22:19:38.338Z | ORDER RETRY 1/10 YES post error RuntimeError: POST /portfolio/orders failed: HTTP 409 {"error":{"code":"fill_or_kill_insufficient_resting_volume","message":"fill or kill insufficient resting volume"}}
ORDER FILLED KXBTC15M-26JUN041830-30 YES | ask=77.0c qty=135.14 order_id=0502a1e3-b7c5-4219-b251-55894688a1c4 filled 2 at 77.0c | counts S=2 U=1 K=0
STATUS T=568.6s | K 63305.02 + 84.10 | yes_mid=0.7550 trade=filled
STATUS T=508.5s | K 63328.80 + 107.88 | yes_mid=0.8250 trade=filled
STATUS T=447.8s | K 63343.55 + 122.63 | yes_mid=0.6550 trade=filled
STATUS T=384.5s | K 63338.27 + 117.35 | yes_mid=0.9075 trade=filled
STATUS T=322.5s | K 63372.46 + 151.54 | yes_mid=0.9375 trade=filled
STATUS T=260.4s | K 63264.71 + 43.79 | yes_mid=0.8350 trade=filled
STATUS T=199.8s | K 63276.46 + 55.54 | yes_mid=0.7350 trade=filled
STATUS T=139.6s | K 63330.10 + 109.18 | yes_mid=0.9535 trade=filled
STATUS T=79.4s | K 63342.45 + 121.53 | yes_mid=0.9945 trade=filled
STATUS T=16.5s | K 63302.54 + 81.62 | yes_mid=0.9985 trade=filled
2026-06-04T22:30:07.195Z | BALANCE T=-6.3s OUTCOME | Kalshi $12.0800 drawdown=-0.5800
OUTCOME KXBTC15M-26JUN041830-30 | K price=63302.54 target=63220.92 target_source=observed_source_snapshot actual=YES trade=YES status=filled result=successful correct=1 | counts S=3 U=1 K=0

CONTRACT KXBTC15M-26JUN041845-45 | close 2026-06-04T22:45:00Z | K target 63298.02
STATUS T=874.1s | K 63339.98 + 41.96 | yes_mid=0.5250 trade=--
STATUS T=812.9s | K 63298.52 + 0.50 | yes_mid=0.5950 trade=--
STATUS T=749.7s | K 63247.96 - 50.06 | yes_mid=0.4050 trade=--
STATUS T=688.0s | K 63355.72 + 57.70 | yes_mid=0.4750 trade=--
STATUS T=627.1s | K 63247.83 - 50.19 | yes_mid=0.3350 trade=--
2026-06-04T22:34:35.712Z | BALANCE T=627.1s T630s | Kalshi $12.0800 drawdown=-0.5800
STATUS T=630s KXBTC15M-26JUN041845-45 | yes_mid=0.3150 selected=NO selected_prob=0.6850 band=0.55-0.80 contracts=2
ORDER FILLED KXBTC15M-26JUN041845-45 NO | ask=67.0c qty=258.97 order_id=92e8e613-fda5-4f17-938a-cac9664074e3 filled 2 at 67.0c | counts S=3 U=1 K=0
STATUS T=564.3s | K 63232.45 - 65.57 | yes_mid=0.4650 trade=filled
STATUS T=503.0s | K 63230.56 - 67.46 | yes_mid=0.5350 trade=filled
STATUS T=441.2s | K 63329.04 + 31.02 | yes_mid=0.5850 trade=filled
STATUS T=377.7s | K 63292.34 - 5.68 | yes_mid=0.5450 trade=filled
STATUS T=315.7s | K 63339.60 + 41.58 | yes_mid=0.7550 trade=filled
STATUS T=252.2s | K 63412.35 + 114.33 | yes_mid=0.9480 trade=filled
STATUS T=190.1s | K 63404.61 + 106.59 | yes_mid=0.9800 trade=filled
STATUS T=129.4s | K 63448.80 + 150.78 | yes_mid=0.9870 trade=filled
STATUS T=65.5s | K 63440.40 + 142.38 | yes_mid=0.9980 trade=filled
STATUS T=4.6s | K 63427.23 + 129.21 | yes_mid=0.9990 trade=filled orderbook=INVALID yes_ask:price_missing_or_out_of_range:None
2026-06-04T22:45:07.498Z | BALANCE T=-6.6s OUTCOME | Kalshi $10.7000 drawdown=0.8000
OUTCOME KXBTC15M-26JUN041845-45 | K price=63433.82 target=63298.02 target_source=observed_source_snapshot actual=YES trade=NO status=filled result=unsuccessful correct=0 | counts S=3 U=2 K=0

CONTRACT KXBTC15M-26JUN041900-00 | close 2026-06-04T23:00:00Z | K target 63439.89
STATUS T=869.5s | K 63426.40 - 13.49 | yes_mid=0.5350 trade=--
STATUS T=809.3s | K 63489.30 + 49.41 | yes_mid=0.5200 trade=--
STATUS T=748.2s | K 63489.11 + 49.22 | yes_mid=0.4450 trade=--
STATUS T=688.1s | K 63475.28 + 35.39 | yes_mid=0.7850 trade=--
2026-06-04T22:49:34.327Z | BALANCE T=628.3s T630s | Kalshi $10.7000 drawdown=0.8000
STATUS T=630s KXBTC15M-26JUN041900-00 | yes_mid=0.7950 selected=YES selected_prob=0.7950 band=0.55-0.80 contracts=2
ORDER FILLED KXBTC15M-26JUN041900-00 YES | ask=80.0c qty=430.0 order_id=ea5b71ca-4673-4043-b5e2-10e75fa4db9d filled 2 at 80.0c | counts S=3 U=2 K=0
STATUS T=619.1s | K 63436.18 - 3.71 | yes_mid=0.7850 trade=filled
STATUS T=556.6s | K 63543.45 + 103.56 | yes_mid=0.7550 trade=filled
STATUS T=494.7s | K 63582.06 + 142.17 | yes_mid=0.7750 trade=filled
STATUS T=432.3s | K 63515.86 + 75.97 | yes_mid=0.8250 trade=filled
STATUS T=369.2s | K 63532.24 + 92.35 | yes_mid=0.8980 trade=filled
STATUS T=306.5s | K 63584.58 + 144.69 | yes_mid=0.9255 trade=filled
STATUS T=245.5s | K 63572.05 + 132.16 | yes_mid=0.9585 trade=filled
STATUS T=182.7s | K 63582.27 + 142.38 | yes_mid=0.9930 trade=filled
STATUS T=121.8s | K 63669.91 + 230.02 | yes_mid=0.9985 trade=filled
STATUS T=58.8s | K 63681.81 + 241.92 | yes_mid=0.9990 trade=filled orderbook=INVALID yes_ask:price_missing_or_out_of_range:None
STATUS T=-5.3s | K 63702.81 + 262.92 | yes_mid=-- trade=filled orderbook=INVALID yes_ask:price_missing_or_out_of_range:None; no_ask:price_missing_or_out_of_range:None
2026-06-04T23:00:08.328Z | BALANCE T=-7.3s OUTCOME | Kalshi $11.0800 drawdown=0.4200
OUTCOME KXBTC15M-26JUN041900-00 | K price=63708.46 target=63439.89 target_source=observed_source_snapshot actual=YES trade=YES status=filled result=successful correct=1 | counts S=4 U=2 K=0

CONTRACT KXBTC15M-26JUN041915-15 | close 2026-06-04T23:15:00Z | K target 63692.33
STATUS T=868.2s | K 63681.18 - 11.15 | yes_mid=0.3550 trade=--
STATUS T=805.8s | K 63640.55 - 51.78 | yes_mid=0.4150 trade=--
STATUS T=742.9s | K 63633.07 - 59.26 | yes_mid=0.4150 trade=--
STATUS T=678.9s | K 63653.79 - 38.54 | yes_mid=0.3950 trade=--
2026-06-04T23:04:35.877Z | BALANCE T=627.0s T630s | Kalshi $11.0800 drawdown=0.4200
STATUS T=630s KXBTC15M-26JUN041915-15 | yes_mid=0.7050 selected=YES selected_prob=0.7050 band=0.55-0.80 contracts=2
ORDER FILLED KXBTC15M-26JUN041915-15 YES | ask=72.0c qty=455.0 order_id=4fd2c838-fb76-444d-bde3-281a39eef578 filled 2 at 72.0c | counts S=4 U=2 K=0
STATUS T=616.2s | K 63683.60 - 8.73 | yes_mid=0.6850 trade=filled
STATUS T=553.8s | K 63683.60 - 8.73 | yes_mid=0.7050 trade=filled
STATUS T=492.3s | K 63730.09 + 37.76 | yes_mid=0.6150 trade=filled
STATUS T=429.5s | K 63753.75 + 61.42 | yes_mid=0.7150 trade=filled
STATUS T=367.8s | K 63758.76 + 66.43 | yes_mid=0.7250 trade=filled
STATUS T=304.4s | K 63758.76 + 66.43 | yes_mid=0.6050 trade=filled
STATUS T=241.3s | K 63700.67 + 8.34 | yes_mid=0.1350 trade=filled
STATUS T=180.8s | K 63692.22 - 0.11 | yes_mid=0.0455 trade=filled
STATUS T=116.5s | K 63588.60 - 103.73 | yes_mid=0.0145 trade=filled
STATUS T=56.1s | K 63580.82 - 111.51 | yes_mid=0.0010 trade=filled orderbook=INVALID no_ask:price_missing_or_out_of_range:None

CONTRACT KXBTC15M-26JUN041930-30 | close 2026-06-04T23:30:00Z | K target 63563.94
STATUS T=895.7s | K 63555.38 - 8.56 | yes_mid=0.3800 trade=--
STATUS T=835.3s | K 63556.99 - 6.95 | yes_mid=0.4750 trade=--
STATUS T=773.3s | K 63548.28 - 15.66 | yes_mid=0.2550 trade=--
STATUS T=712.6s | K 63447.00 - 116.94 | yes_mid=0.1850 trade=--
STATUS T=652.1s | K 63466.55 - 97.39 | yes_mid=0.1050 trade=--
2026-06-04T23:19:34.809Z | BALANCE T=628.4s T630s | Kalshi $9.6100 drawdown=1.8900
STATUS T=630s KXBTC15M-26JUN041930-30 | yes_mid=0.0905 decision=SKIP reason=more likely side 0.9095 outside band 0.55-0.80 | counts S=4 U=2 K=1
STATUS T=590.6s | K 63383.60 - 180.34 | yes_mid=0.0795 trade=skip
STATUS T=529.3s | K 63361.75 - 202.19 | yes_mid=0.0895 trade=skip
STATUS T=467.9s | K 63401.53 - 162.41 | yes_mid=0.1250 trade=skip
STATUS T=407.8s | K 63400.05 - 163.89 | yes_mid=0.0495 trade=skip
STATUS T=344.6s | K 63414.23 - 149.71 | yes_mid=0.0195 trade=skip
STATUS T=283.8s | K 63359.68 - 204.26 | yes_mid=0.0240 trade=skip
STATUS T=223.3s | K 63396.47 - 167.47 | yes_mid=0.0115 trade=skip
STATUS T=159.8s | K 63400.12 - 163.82 | yes_mid=0.0075 trade=skip
STATUS T=98.5s | K 63410.79 - 153.15 | yes_mid=0.0325 trade=skip
STATUS T=38.1s | K 63450.82 - 113.12 | yes_mid=0.0010 trade=skip orderbook=INVALID no_ask:price_missing_or_out_of_range:None
2026-06-04T23:30:07.314Z | BALANCE T=-6.5s OUTCOME | Kalshi $9.6100 drawdown=1.8900
OUTCOME KXBTC15M-26JUN041930-30 | K price=63467.90 target=63563.94 target_source=observed_source_snapshot actual=NO trade= status=skip result=skipped correct=-- | counts S=4 U=2 K=1

CONTRACT KXBTC15M-26JUN041945-45 | close 2026-06-04T23:45:00Z | K target 63437.03
STATUS T=889.8s | K 63438.01 + 0.98 | yes_mid=0.5050 trade=--
STATUS T=829.4s | K 63412.55 - 24.48 | yes_mid=0.4750 trade=--
STATUS T=769.3s | K 63474.57 + 37.54 | yes_mid=0.7350 trade=--
STATUS T=706.4s | K 63469.86 + 32.83 | yes_mid=0.7050 trade=--
STATUS T=644.9s | K 63506.63 + 69.60 | yes_mid=0.7750 trade=--
2026-06-04T23:34:36.009Z | BALANCE T=627.2s T630s | Kalshi $9.6100 drawdown=1.8900
STATUS T=630s KXBTC15M-26JUN041945-45 | yes_mid=0.7650 selected=YES selected_prob=0.7650 band=0.55-0.80 contracts=2
ORDER FILLED KXBTC15M-26JUN041945-45 YES | ask=78.0c qty=433.48 order_id=db5ce55a-8e0f-427e-9a88-ac4a5ee791c5 filled 2 at 78.0c | counts S=4 U=2 K=1
STATUS T=583.8s | K 63513.30 + 76.27 | yes_mid=0.8550 trade=filled
STATUS T=522.4s | K 63533.73 + 96.70 | yes_mid=0.9095 trade=filled
STATUS T=460.9s | K 63611.24 + 174.21 | yes_mid=0.9095 trade=filled
STATUS T=397.4s | K 63597.85 + 160.82 | yes_mid=0.9335 trade=filled
STATUS T=335.7s | K 63632.94 + 195.91 | yes_mid=0.9610 trade=filled
STATUS T=273.0s | K 63645.85 + 208.82 | yes_mid=0.9935 trade=filled
STATUS T=212.8s | K 63671.98 + 234.95 | yes_mid=0.9960 trade=filled
STATUS T=150.8s | K 63671.98 + 234.95 | yes_mid=0.9990 trade=filled orderbook=INVALID yes_ask:price_missing_or_out_of_range:None
STATUS T=88.8s | K 63678.10 + 241.07 | yes_mid=0.9990 trade=filled orderbook=INVALID yes_ask:price_missing_or_out_of_range:None
STATUS T=27.2s | K 63699.79 + 262.76 | yes_mid=0.9985 trade=filled
2026-06-04T23:45:06.925Z | BALANCE T=-6.0s OUTCOME | Kalshi $10.0300 drawdown=1.4700
OUTCOME KXBTC15M-26JUN041945-45 | K price=63695.03 target=63437.03 target_source=observed_source_snapshot actual=YES trade=YES status=filled result=successful correct=1 | counts S=5 U=2 K=1

CONTRACT KXBTC15M-26JUN042000-00 | close 2026-06-05T00:00:00Z | K target 63701.19
STATUS T=890.3s | K 63700.80 - 0.39 | yes_mid=0.4650 trade=--
STATUS T=828.7s | K 63699.79 - 1.40 | yes_mid=0.4150 trade=--
STATUS T=766.5s | K 63675.47 - 25.72 | yes_mid=0.3550 trade=--
STATUS T=705.9s | K 63656.00 - 45.19 | yes_mid=0.4050 trade=--
STATUS T=644.5s | K 63665.57 - 35.62 | yes_mid=0.3950 trade=--
2026-06-04T23:49:34.487Z | BALANCE T=628.7s T630s | Kalshi $10.0300 drawdown=1.4700
STATUS T=630s KXBTC15M-26JUN042000-00 | yes_mid=0.4050 selected=NO selected_prob=0.5950 band=0.55-0.80 contracts=2
ORDER FILLED KXBTC15M-26JUN042000-00 NO | ask=59.0c qty=3945.9 order_id=fd9d487f-33e9-402e-8279-494940f50ed1 filled 2 at 53.0c | counts S=5 U=2 K=1
STATUS T=581.8s | K 63665.57 - 35.62 | yes_mid=0.6150 trade=filled
STATUS T=521.0s | K 63714.74 + 13.55 | yes_mid=0.8150 trade=filled
STATUS T=459.0s | K 63776.52 + 75.33 | yes_mid=0.7950 trade=filled
STATUS T=396.1s | K 63817.45 + 116.26 | yes_mid=0.8650 trade=filled
STATUS T=333.0s | K 63761.50 + 60.31 | yes_mid=0.8150 trade=filled
STATUS T=271.5s | K 63780.45 + 79.26 | yes_mid=0.9265 trade=filled
STATUS T=209.0s | K 63826.18 + 124.99 | yes_mid=0.9325 trade=filled
STATUS T=148.9s | K 63820.89 + 119.70 | yes_mid=0.7650 trade=filled
STATUS T=85.3s | K 63796.84 + 95.65 | yes_mid=0.9940 trade=filled
STATUS T=23.4s | K 63800.53 + 99.34 | yes_mid=0.9990 trade=filled orderbook=INVALID yes_ask:price_missing_or_out_of_range:None
2026-06-05T00:00:07.078Z | BALANCE T=-6.2s OUTCOME | Kalshi $8.9400 drawdown=2.5600
OUTCOME KXBTC15M-26JUN042000-00 | K price=63792.82 target=63701.19 target_source=observed_source_snapshot actual=YES trade=NO status=filled result=unsuccessful correct=0 | counts S=5 U=3 K=1

CONTRACT KXBTC15M-26JUN042015-15 | close 2026-06-05T00:15:00Z | K target 63815.34
STATUS T=889.8s | K 63793.39 - 21.95 | yes_mid=0.3450 trade=--
STATUS T=827.7s | K 63821.97 + 6.63 | yes_mid=0.2850 trade=--
STATUS T=766.5s | K 63744.14 - 71.20 | yes_mid=0.1850 trade=--
STATUS T=704.9s | K 63699.01 - 116.33 | yes_mid=0.2850 trade=--
STATUS T=644.1s | K 63750.52 - 64.82 | yes_mid=0.1650 trade=--
2026-06-05T00:04:33.207Z | BALANCE T=629.3s T630s | Kalshi $8.9400 drawdown=2.5600
STATUS T=630s KXBTC15M-26JUN042015-15 | yes_mid=0.1550 decision=SKIP reason=more likely side 0.8450 outside band 0.55-0.80 | counts S=5 U=3 K=2
STATUS T=581.2s | K 63699.53 - 115.81 | yes_mid=0.2150 trade=skip
STATUS T=520.7s | K 63725.91 - 89.43 | yes_mid=0.1850 trade=skip
STATUS T=459.6s | K 63727.89 - 87.45 | yes_mid=0.2250 trade=skip
STATUS T=397.0s | K 63716.39 - 98.95 | yes_mid=0.1250 trade=skip
STATUS T=337.0s | K 63731.10 - 84.24 | yes_mid=0.1650 trade=skip
STATUS T=274.1s | K 63744.22 - 71.12 | yes_mid=0.2750 trade=skip
STATUS T=211.0s | K 63749.42 - 65.92 | yes_mid=0.0540 trade=skip
STATUS T=149.4s | K 63693.59 - 121.75 | yes_mid=0.0025 trade=skip
STATUS T=87.7s | K 63646.03 - 169.31 | yes_mid=0.0015 trade=skip
STATUS T=25.4s | K 63596.66 - 218.68 | yes_mid=0.0010 trade=skip orderbook=INVALID no_ask:price_missing_or_out_of_range:None
2026-06-05T00:15:05.414Z | BALANCE T=-4.6s OUTCOME | Kalshi $8.9400 drawdown=2.5600
OUTCOME KXBTC15M-26JUN042015-15 | K price=63639.42 target=63815.34 target_source=observed_source_snapshot actual=NO trade= status=skip result=skipped correct=-- | counts S=5 U=3 K=2
2026-06-05T00:15:07.655Z | POLL FETCH ERROR RuntimeError: GET /markets failed: HTTP 429 {"error":{"code":"too_many_requests","message":"too many requests"}}

CONTRACT KXBTC15M-26JUN042030-30 | close 2026-06-05T00:30:00Z | K target 63599.08
STATUS T=885.7s | K 63596.66 - 2.42 | yes_mid=0.5150 trade=--
STATUS T=823.4s | K 63603.68 + 4.60 | yes_mid=0.5350 trade=--
STATUS T=762.1s | K 63614.59 + 15.51 | yes_mid=0.4750 trade=--
STATUS T=701.4s | K 63586.19 - 12.89 | yes_mid=0.3150 trade=--
STATUS T=639.0s | K 63558.49 - 40.59 | yes_mid=0.4650 trade=--
2026-06-05T00:19:36.006Z | BALANCE T=626.4s T630s | Kalshi $8.9400 drawdown=2.5600
STATUS T=630s KXBTC15M-26JUN042030-30 | yes_mid=0.6550 selected=YES selected_prob=0.6550 band=0.55-0.80 contracts=2
ORDER FILLED KXBTC15M-26JUN042030-30 YES | ask=63.0c qty=495.02 order_id=f5df2806-6c3d-485b-b189-34dbc6d85d73 filled 2 at 63.0c | counts S=5 U=3 K=2
STATUS T=576.0s | K 63621.86 + 22.78 | yes_mid=0.8950 trade=filled
STATUS T=514.7s | K 63805.99 + 206.91 | yes_mid=0.8450 trade=filled
STATUS T=452.4s | K 63777.95 + 178.87 | yes_mid=0.8450 trade=filled
STATUS T=390.2s | K 63730.31 + 131.23 | yes_mid=0.9610 trade=filled
STATUS T=329.7s | K 63730.31 + 131.23 | yes_mid=0.9680 trade=filled
STATUS T=266.4s | K 63768.17 + 169.09 | yes_mid=0.9355 trade=filled
STATUS T=204.6s | K 63768.17 + 169.09 | yes_mid=0.9130 trade=filled
STATUS T=142.0s | K 63672.71 + 73.63 | yes_mid=0.9680 trade=filled
STATUS T=80.2s | K 63766.13 + 167.05 | yes_mid=0.9990 trade=filled orderbook=INVALID yes_ask:price_missing_or_out_of_range:None
STATUS T=18.9s | K 63766.13 + 167.05 | yes_mid=0.9990 trade=filled orderbook=INVALID yes_ask:price_missing_or_out_of_range:None
2026-06-05T00:30:06.497Z | BALANCE T=-5.6s OUTCOME | Kalshi $9.6400 drawdown=1.8600
OUTCOME KXBTC15M-26JUN042030-30 | K price=63829.31 target=63599.08 target_source=observed_source_snapshot actual=YES trade=YES status=filled result=successful correct=1 | counts S=6 U=3 K=2

CONTRACT KXBTC15M-26JUN042045-45 | close 2026-06-05T00:45:00Z | K target 63799.39
STATUS T=885.6s | K 63782.54 - 16.85 | yes_mid=0.5950 trade=--
STATUS T=822.0s | K 63834.00 + 34.61 | yes_mid=0.6650 trade=--
STATUS T=758.3s | K 63834.00 + 34.61 | yes_mid=0.6050 trade=--
STATUS T=697.3s | K 63800.89 + 1.50 | yes_mid=0.5100 trade=--
STATUS T=631.8s | K 63800.89 + 1.50 | yes_mid=0.5450 trade=--
2026-06-05T00:34:34.007Z | BALANCE T=628.6s T630s | Kalshi $9.6400 drawdown=1.8600
STATUS T=630s KXBTC15M-26JUN042045-45 | yes_mid=0.5350 decision=SKIP reason=more likely side 0.5350 outside band 0.55-0.80 | counts S=6 U=3 K=3
STATUS T=571.4s | K 63817.37 + 17.98 | yes_mid=0.3850 trade=skip
STATUS T=510.1s | K 63829.84 + 30.45 | yes_mid=0.3750 trade=skip
STATUS T=447.2s | K 63732.41 - 66.98 | yes_mid=0.1050 trade=skip
STATUS T=385.6s | K 63691.56 - 107.83 | yes_mid=0.1450 trade=skip
STATUS T=325.1s | K 63693.17 - 106.22 | yes_mid=0.2950 trade=skip
STATUS T=262.8s | K 63786.01 - 13.38 | yes_mid=0.2950 trade=skip
STATUS T=200.3s | K 63754.20 - 45.19 | yes_mid=0.1350 trade=skip
STATUS T=137.9s | K 63761.43 - 37.96 | yes_mid=0.0085 trade=skip
STATUS T=76.5s | K 63674.99 - 124.40 | yes_mid=0.0020 trade=skip
STATUS T=16.0s | K 63676.15 - 123.24 | yes_mid=0.0010 trade=skip orderbook=INVALID no_ask:price_missing_or_out_of_range:None
2026-06-05T00:45:07.393Z | BALANCE T=-6.6s OUTCOME | Kalshi $9.6400 drawdown=1.8600
OUTCOME KXBTC15M-26JUN042045-45 | K price=63672.64 target=63799.39 target_source=observed_source_snapshot actual=NO trade= status=skip result=skipped correct=-- | counts S=6 U=3 K=3

CONTRACT KXBTC15M-26JUN042100-00 | close 2026-06-05T01:00:00Z | K target 63656.79
STATUS T=879.8s | K 63647.25 - 9.54 | yes_mid=0.5750 trade=--
STATUS T=819.5s | K 63634.15 - 22.64 | yes_mid=0.5950 trade=--
STATUS T=756.7s | K 63663.50 + 6.71 | yes_mid=0.6450 trade=--
STATUS T=695.7s | K 63697.39 + 40.60 | yes_mid=0.6550 trade=--
STATUS T=634.4s | K 63699.65 + 42.86 | yes_mid=0.6450 trade=--
2026-06-05T00:49:36.328Z | BALANCE T=626.8s T630s | Kalshi $9.6400 drawdown=1.8600
STATUS T=630s KXBTC15M-26JUN042100-00 | yes_mid=0.6350 selected=YES selected_prob=0.6350 band=0.55-0.80 contracts=2
2026-06-05T00:49:39.610Z | ORDER RETRY 1/10 YES post error RuntimeError: POST /portfolio/orders failed: HTTP 409 {"error":{"code":"fill_or_kill_insufficient_resting_volume","message":"fill or kill insufficient resting volume"}}
ORDER FILLED KXBTC15M-26JUN042100-00 YES | ask=61.0c qty=4889.85 order_id=441291cd-b41b-493d-b305-fa84ecae4060 filled 2 at 61.0c | counts S=6 U=3 K=3
STATUS T=574.0s | K 63673.13 + 16.34 | yes_mid=0.3750 trade=filled
STATUS T=513.9s | K 63630.55 - 26.24 | yes_mid=0.3150 trade=filled
STATUS T=451.1s | K 63627.41 - 29.38 | yes_mid=0.1750 trade=filled
STATUS T=390.0s | K 63536.19 - 120.60 | yes_mid=0.0435 trade=filled
STATUS T=327.3s | K 63466.77 - 190.02 | yes_mid=0.0340 trade=filled
STATUS T=265.3s | K 63452.76 - 204.03 | yes_mid=0.0045 trade=filled
STATUS T=201.7s | K 63397.98 - 258.81 | yes_mid=0.0035 trade=filled
STATUS T=141.3s | K 63400.87 - 255.92 | yes_mid=0.0015 trade=filled
STATUS T=80.1s | K 63390.30 - 266.49 | yes_mid=0.0010 trade=filled orderbook=INVALID no_ask:price_missing_or_out_of_range:None
STATUS T=17.3s | K 63406.05 - 250.74 | yes_mid=0.0010 trade=filled orderbook=INVALID no_ask:price_missing_or_out_of_range:None
2026-06-05T01:00:11.691Z | BALANCE T=-7.6s OUTCOME | Kalshi $8.3900 drawdown=3.1100
OUTCOME KXBTC15M-26JUN042100-00 | K price=63363.35 target=63656.79 target_source=observed_source_snapshot actual=NO trade=YES status=filled result=unsuccessful correct=0 | counts S=6 U=4 K=3

CONTRACT KXBTC15M-26JUN042115-15 | close 2026-06-05T01:15:00Z | K target 63352.53
STATUS T=880.2s | K 63339.92 - 12.61 | yes_mid=0.5150 trade=--
STATUS T=817.7s | K 63339.92 - 12.61 | yes_mid=0.3250 trade=--
STATUS T=756.9s | K 63172.29 - 180.24 | yes_mid=0.2050 trade=--
STATUS T=695.0s | K 63210.05 - 142.48 | yes_mid=0.1250 trade=--
STATUS T=632.1s | K 63151.64 - 200.89 | yes_mid=0.0775 trade=--
2026-06-05T01:04:34.088Z | BALANCE T=628.4s T630s | Kalshi $8.3900 drawdown=3.1100
STATUS T=630s KXBTC15M-26JUN042115-15 | yes_mid=0.0760 decision=SKIP reason=more likely side 0.9240 outside band 0.55-0.80 | counts S=6 U=4 K=4
STATUS T=569.7s | K 63025.15 - 327.38 | yes_mid=0.0780 trade=skip
STATUS T=508.5s | K 63084.73 - 267.80 | yes_mid=0.0550 trade=skip
STATUS T=445.8s | K 63124.90 - 227.63 | yes_mid=0.1850 trade=skip
STATUS T=385.7s | K 63131.06 - 221.47 | yes_mid=0.0530 trade=skip
STATUS T=324.2s | K 63170.01 - 182.52 | yes_mid=0.0280 trade=skip
STATUS T=260.9s | K 63072.07 - 280.46 | yes_mid=0.0245 trade=skip
STATUS T=199.0s | K 63079.37 - 273.16 | yes_mid=0.0080 trade=skip
STATUS T=136.1s | K 63129.90 - 222.63 | yes_mid=0.0080 trade=skip
STATUS T=74.5s | K 63197.28 - 155.25 | yes_mid=0.0010 trade=skip orderbook=INVALID no_ask:price_missing_or_out_of_range:None
STATUS T=14.2s | K 63241.98 - 110.55 | yes_mid=0.0010 trade=skip orderbook=INVALID no_ask:price_missing_or_out_of_range:None
2026-06-05T01:15:05.784Z | BALANCE T=-2.2s OUTCOME | Kalshi $8.3900 drawdown=3.1100
OUTCOME KXBTC15M-26JUN042115-15 | K price=63217.62 target=63352.53 target_source=observed_source_snapshot actual=NO trade= status=skip result=skipped correct=-- | counts S=6 U=4 K=4

CONTRACT KXBTC15M-26JUN042130-30 | close 2026-06-05T01:30:00Z | K target 63243.21
STATUS T=875.3s | K 63218.95 - 24.26 | yes_mid=0.5250 trade=--
STATUS T=814.3s | K 63230.20 - 13.01 | yes_mid=0.3850 trade=--
STATUS T=753.4s | K 63239.19 - 4.02 | yes_mid=0.5650 trade=--
STATUS T=691.0s | K 63185.03 - 58.18 | yes_mid=0.7250 trade=--
STATUS T=630.5s | K 63332.70 + 89.49 | yes_mid=0.6850 trade=--
2026-06-05T01:19:36.294Z | BALANCE T=626.6s T630s | Kalshi $8.3900 drawdown=3.1100
STATUS T=630s KXBTC15M-26JUN042130-30 | yes_mid=0.5750 selected=YES selected_prob=0.5750 band=0.55-0.80 contracts=2
ORDER FILLED KXBTC15M-26JUN042130-30 YES | ask=60.0c qty=3.0 order_id=5393bab9-9982-493a-a284-f223fab28438 filled 2 at 60.0c | counts S=6 U=4 K=4
STATUS T=567.3s | K 63251.81 + 8.60 | yes_mid=0.5050 trade=filled
STATUS T=503.3s | K 63251.15 + 7.94 | yes_mid=0.4750 trade=filled
STATUS T=441.1s | K 63099.02 - 144.19 | yes_mid=0.1550 trade=filled
STATUS T=379.0s | K 63113.30 - 129.91 | yes_mid=0.1750 trade=filled
STATUS T=318.5s | K 63138.64 - 104.57 | yes_mid=0.3050 trade=filled
STATUS T=257.5s | K 63196.36 - 46.85 | yes_mid=0.3850 trade=filled
STATUS T=196.2s | K 63209.01 - 34.20 | yes_mid=0.4350 trade=filled
STATUS T=133.1s | K 63221.14 - 22.07 | yes_mid=0.3950 trade=filled
STATUS T=70.0s | K 63213.45 - 29.76 | yes_mid=0.3650 trade=filled
STATUS T=8.0s | K 63213.45 - 29.76 | yes_mid=0.9955 trade=filled
2026-06-05T01:30:08.197Z | BALANCE T=-7.4s OUTCOME | Kalshi $9.1600 drawdown=2.3400
OUTCOME KXBTC15M-26JUN042130-30 | K price=63240.64 target=63243.21 target_source=observed_source_snapshot actual=NO trade=YES status=filled result=unsuccessful correct=0 | counts S=6 U=5 K=4

CONTRACT KXBTC15M-26JUN042145-45 | close 2026-06-05T01:45:00Z | K target 63253.92
STATUS T=870.3s | K 63254.95 + 1.03 | yes_mid=0.8600 trade=--
STATUS T=809.5s | K 63439.22 + 185.30 | yes_mid=0.8150 trade=--
STATUS T=746.9s | K 63491.20 + 237.28 | yes_mid=0.7850 trade=--
STATUS T=685.4s | K 63417.89 + 163.97 | yes_mid=0.7950 trade=--
2026-06-05T01:34:35.846Z | BALANCE T=626.9s T630s | Kalshi $9.1600 drawdown=2.3400
STATUS T=630s KXBTC15M-26JUN042145-45 | yes_mid=0.6700 selected=YES selected_prob=0.6700 band=0.55-0.80 contracts=2
ORDER FILLED KXBTC15M-26JUN042145-45 YES | ask=68.0c qty=1106.0 order_id=41dd3555-f884-4921-85c1-05270e01de42 filled 2 at 68.0c | counts S=6 U=5 K=4
STATUS T=616.5s | K 63396.76 + 142.84 | yes_mid=0.6750 trade=filled
STATUS T=555.7s | K 63329.32 + 75.40 | yes_mid=0.8450 trade=filled
STATUS T=492.7s | K 63346.83 + 92.91 | yes_mid=0.9075 trade=filled
STATUS T=430.3s | K 63443.85 + 189.93 | yes_mid=0.8750 trade=filled
STATUS T=369.3s | K 63290.82 + 36.90 | yes_mid=0.3350 trade=filled
STATUS T=306.2s | K 63290.82 + 36.90 | yes_mid=0.4250 trade=filled
STATUS T=244.4s | K 63264.26 + 10.34 | yes_mid=0.5950 trade=filled
STATUS T=182.9s | K 63230.13 - 23.79 | yes_mid=0.5900 trade=filled
STATUS T=122.1s | K 63250.93 - 2.99 | yes_mid=0.3750 trade=filled
STATUS T=59.7s | K 63250.93 - 2.99 | yes_mid=0.9735 trade=filled
STATUS T=-4.3s | K 63364.39 + 110.47 | yes_mid=-- trade=filled orderbook=INVALID yes_ask:price_missing_or_out_of_range:None; no_ask:price_missing_or_out_of_range:None
2026-06-05T01:45:07.130Z | BALANCE T=-6.3s OUTCOME | Kalshi $9.7600 drawdown=1.7400
OUTCOME KXBTC15M-26JUN042145-45 | K price=63284.74 target=63253.92 target_source=observed_source_snapshot actual=YES trade=YES status=filled result=successful correct=1 | counts S=7 U=5 K=4

CONTRACT KXBTC15M-26JUN042200-00 | close 2026-06-05T02:00:00Z | K target 63331.21
STATUS T=868.5s | K 63284.74 - 46.47 | yes_mid=0.3950 trade=--
STATUS T=805.9s | K 63270.38 - 60.83 | yes_mid=0.4150 trade=--
STATUS T=742.2s | K 63326.74 - 4.47 | yes_mid=0.3250 trade=--
STATUS T=680.5s | K 63279.16 - 52.05 | yes_mid=0.3250 trade=--
2026-06-05T01:49:35.290Z | BALANCE T=627.4s T630s | Kalshi $9.7600 drawdown=1.7400
STATUS T=630s KXBTC15M-26JUN042200-00 | yes_mid=0.2950 selected=NO selected_prob=0.7050 band=0.55-0.80 contracts=2
2026-06-05T01:49:38.016Z | ORDER RETRY 1/10 NO post error RuntimeError: POST /portfolio/orders failed: HTTP 409 {"error":{"code":"fill_or_kill_insufficient_resting_volume","message":"fill or kill insufficient resting volume"}}
ORDER FILLED KXBTC15M-26JUN042200-00 NO | ask=74.0c qty=1261.62 order_id=82d18633-5120-4618-8c2b-6cd0bef9f766 filled 2 at 73.0c | counts S=7 U=5 K=4
STATUS T=614.1s | K 63261.75 - 69.46 | yes_mid=0.2950 trade=filled
STATUS T=552.8s | K 63261.75 - 69.46 | yes_mid=0.1450 trade=filled
STATUS T=490.4s | K 63186.07 - 145.14 | yes_mid=0.2350 trade=filled
STATUS T=427.7s | K 63181.71 - 149.50 | yes_mid=0.1350 trade=filled
STATUS T=365.4s | K 63256.00 - 75.21 | yes_mid=0.2550 trade=filled
STATUS T=305.3s | K 63280.06 - 51.15 | yes_mid=0.2250 trade=filled
STATUS T=242.6s | K 63258.05 - 73.16 | yes_mid=0.2750 trade=filled
STATUS T=180.1s | K 63379.61 + 48.40 | yes_mid=0.5150 trade=filled
STATUS T=116.5s | K 63347.34 + 16.13 | yes_mid=0.0995 trade=filled
STATUS T=54.2s | K 63360.51 + 29.30 | yes_mid=0.1750 trade=filled
2026-06-05T02:00:05.481Z | BALANCE T=-2.0s OUTCOME | Kalshi $10.2800 drawdown=1.2200
OUTCOME KXBTC15M-26JUN042200-00 | K price=63312.96 target=63331.21 target_source=observed_source_snapshot actual=NO trade=NO status=filled result=successful correct=1 | counts S=8 U=5 K=4
2026-06-05T02:00:07.738Z | POLL FETCH ERROR RuntimeError: GET /markets failed: HTTP 429 {"error":{"code":"too_many_requests","message":"too many requests"}}
2026-06-05T02:00:12.737Z | POLL FETCH ERROR RuntimeError: GET /markets failed: HTTP 429 {"error":{"code":"too_many_requests","message":"too many requests"}}

CONTRACT KXBTC15M-26JUN042215-15 | close 2026-06-05T02:15:00Z | K target 63312.88
STATUS T=865.4s | K 63302.66 - 10.22 | yes_mid=0.5150 trade=--
STATUS T=805.0s | K 63290.36 - 22.52 | yes_mid=0.3550 trade=--
STATUS T=743.9s | K 63337.80 + 24.92 | yes_mid=0.2450 trade=--
STATUS T=682.5s | K 63312.94 + 0.06 | yes_mid=0.4950 trade=--
2026-06-05T02:04:35.554Z | BALANCE T=626.7s T630s | Kalshi $10.2800 drawdown=1.2200
STATUS T=630s KXBTC15M-26JUN042215-15 | yes_mid=0.4000 selected=NO selected_prob=0.6000 band=0.55-0.80 contracts=2
2026-06-05T02:04:37.932Z | ORDER RETRY 1/10 NO post error RuntimeError: POST /portfolio/orders failed: HTTP 409 {"error":{"code":"fill_or_kill_insufficient_resting_volume","message":"fill or kill insufficient resting volume"}}
ORDER FILLED KXBTC15M-26JUN042215-15 NO | ask=64.0c qty=331.76 order_id=acd2cd21-468a-470e-aa13-b441da70705d filled 2 at 64.0c | counts S=8 U=5 K=4
STATUS T=614.9s | K 63308.99 - 3.89 | yes_mid=0.3600 trade=filled
STATUS T=552.3s | K 63264.94 - 47.94 | yes_mid=0.2500 trade=filled
STATUS T=490.5s | K 63242.77 - 70.11 | yes_mid=0.2050 trade=filled
STATUS T=426.9s | K 63217.34 - 95.54 | yes_mid=0.0995 trade=filled
STATUS T=363.6s | K 63140.30 - 172.58 | yes_mid=0.0620 trade=filled
STATUS T=301.8s | K 63166.85 - 146.03 | yes_mid=0.0710 trade=filled
STATUS T=238.0s | K 63166.85 - 146.03 | yes_mid=0.0795 trade=filled
STATUS T=175.1s | K 63181.47 - 131.41 | yes_mid=0.0310 trade=filled
STATUS T=112.2s | K 63169.61 - 143.27 | yes_mid=0.0040 trade=filled
STATUS T=52.1s | K 63144.11 - 168.77 | yes_mid=0.0010 trade=filled orderbook=INVALID no_ask:price_missing_or_out_of_range:None

CONTRACT KXBTC15M-26JUN042230-30 | close 2026-06-05T02:30:00Z | K target 63121.74
STATUS T=896.5s | K 63144.11 + 22.37 | yes_mid=0.5550 trade=--
STATUS T=836.3s | K 63145.30 + 23.56 | yes_mid=0.6350 trade=--
STATUS T=775.7s | K 63177.60 + 55.86 | yes_mid=0.5150 trade=--
STATUS T=712.2s | K 63166.61 + 44.87 | yes_mid=0.5450 trade=--
STATUS T=648.9s | K 63093.99 - 27.75 | yes_mid=0.3050 trade=--
2026-06-05T02:19:33.892Z | BALANCE T=629.3s T630s | Kalshi $10.9600 drawdown=0.5400
STATUS T=630s KXBTC15M-26JUN042230-30 | yes_mid=0.2650 selected=NO selected_prob=0.7350 band=0.55-0.80 contracts=2
2026-06-05T02:19:36.494Z | ORDER RETRY 1/10 NO more likely side 0.8150 outside band 0.55-0.80
2026-06-05T02:19:39.695Z | ORDER RETRY 2/10 NO more likely side 0.8150 outside band 0.55-0.80
2026-06-05T02:19:42.412Z | ORDER RETRY 3/10 NO more likely side 0.8050 outside band 0.55-0.80
2026-06-05T02:19:45.454Z | ORDER RETRY 4/10 NO more likely side 0.8250 outside band 0.55-0.80
2026-06-05T02:19:48.176Z | ORDER RETRY 5/10 NO more likely side 0.8350 outside band 0.55-0.80
2026-06-05T02:19:50.577Z | ORDER RETRY 6/10 NO more likely side 0.8300 outside band 0.55-0.80
2026-06-05T02:19:52.816Z | ORDER RETRY 7/10 NO more likely side 0.8350 outside band 0.55-0.80
2026-06-05T02:19:55.209Z | ORDER RETRY 8/10 NO more likely side 0.8250 outside band 0.55-0.80
2026-06-05T02:19:56.740Z | ORDER RETRY 9/10 NO more likely side 0.8250 outside band 0.55-0.80
2026-06-05T02:19:58.808Z | ORDER RETRY 10/10 NO more likely side 0.8250 outside band 0.55-0.80
ORDER SKIP KXBTC15M-26JUN042230-30 NO | ask=83.0c qty=3389.87 order_id=-- no fill/valid liquidity after 10 attempts; last=more likely side 0.8250 outside band 0.55-0.80 | counts S=8 U=5 K=5
STATUS T=588.3s | K 63089.36 - 32.38 | yes_mid=0.2150 trade=skip
STATUS T=526.6s | K 62937.81 - 183.93 | yes_mid=0.0515 trade=skip
STATUS T=464.6s | K 62808.49 - 313.25 | yes_mid=0.0640 trade=skip
STATUS T=404.5s | K 62767.11 - 354.63 | yes_mid=0.0490 trade=skip
STATUS T=343.0s | K 62830.65 - 291.09 | yes_mid=0.0345 trade=skip
STATUS T=281.7s | K 62794.54 - 327.20 | yes_mid=0.0245 trade=skip
STATUS T=220.4s | K 62822.79 - 298.95 | yes_mid=0.0110 trade=skip
STATUS T=158.9s | K 62796.84 - 324.90 | yes_mid=0.0035 trade=skip
STATUS T=95.6s | K 62775.99 - 345.75 | yes_mid=0.0010 trade=skip orderbook=INVALID no_ask:price_missing_or_out_of_range:None
STATUS T=34.6s | K 62775.99 - 345.75 | yes_mid=0.0010 trade=skip orderbook=INVALID no_ask:price_missing_or_out_of_range:None
2026-06-05T02:30:04.842Z | BALANCE T=-2.2s OUTCOME | Kalshi $10.9600 drawdown=0.5400
OUTCOME KXBTC15M-26JUN042230-30 | K price=62696.59 target=63121.74 target_source=observed_source_snapshot actual=NO trade=NO status=skip result=skipped correct=-- | counts S=8 U=5 K=5

CONTRACT KXBTC15M-26JUN042245-45 | close 2026-06-05T02:45:00Z | K target 62668.25
STATUS T=892.2s | K 62666.75 - 1.50 | yes_mid=0.4250 trade=--
STATUS T=827.8s | K 62663.44 - 4.81 | yes_mid=0.5150 trade=--
STATUS T=767.4s | K 62706.21 + 37.96 | yes_mid=0.6100 trade=--
STATUS T=705.3s | K 62729.98 + 61.73 | yes_mid=0.6450 trade=--
STATUS T=645.1s | K 62729.98 + 61.73 | yes_mid=0.6050 trade=--
2026-06-05T02:34:34.827Z | BALANCE T=627.8s T630s | Kalshi $10.9600 drawdown=0.5400
STATUS T=630s KXBTC15M-26JUN042245-45 | yes_mid=0.7150 selected=YES selected_prob=0.7150 band=0.55-0.80 contracts=2
2026-06-05T02:34:37.208Z | ORDER RETRY 1/10 YES post error RuntimeError: POST /portfolio/orders failed: HTTP 409 {"error":{"code":"fill_or_kill_insufficient_resting_volume","message":"fill or kill insufficient resting volume"}}
ORDER FILLED KXBTC15M-26JUN042245-45 YES | ask=75.0c qty=549.5 order_id=b0ec924f-1515-4bfc-9899-0e7573cc59e7 filled 2 at 75.0c | counts S=8 U=5 K=5
STATUS T=584.5s | K 62734.04 + 65.79 | yes_mid=0.7450 trade=filled
STATUS T=524.1s | K 62761.89 + 93.64 | yes_mid=0.8650 trade=filled
STATUS T=463.9s | K 62784.82 + 116.57 | yes_mid=0.8450 trade=filled
STATUS T=400.9s | K 62816.02 + 147.77 | yes_mid=0.8950 trade=filled
STATUS T=339.3s | K 62828.35 + 160.10 | yes_mid=0.9295 trade=filled
STATUS T=277.1s | K 62845.74 + 177.49 | yes_mid=0.9575 trade=filled
STATUS T=216.6s | K 62835.68 + 167.43 | yes_mid=0.9745 trade=filled
STATUS T=156.4s | K 62810.41 + 142.16 | yes_mid=0.8550 trade=filled
STATUS T=95.0s | K 62672.43 + 4.18 | yes_mid=0.0420 trade=filled
STATUS T=32.2s | K 62672.43 + 4.18 | yes_mid=0.9705 trade=filled
2026-06-05T02:45:05.063Z | BALANCE T=-2.7s OUTCOME | Kalshi $11.4400 drawdown=0.0600
OUTCOME KXBTC15M-26JUN042245-45 | K price=62685.23 target=62668.25 target_source=observed_source_snapshot actual=YES trade=YES status=filled result=successful correct=1 | counts S=9 U=5 K=5

CONTRACT KXBTC15M-26JUN042300-00 | close 2026-06-05T03:00:00Z | K target 62707.00
STATUS T=892.1s | K 62591.99 - 115.01 | yes_mid=0.4850 trade=--
STATUS T=828.8s | K 62718.84 + 11.84 | yes_mid=0.6350 trade=--
STATUS T=765.3s | K 62768.19 + 61.19 | yes_mid=0.4450 trade=--
STATUS T=705.0s | K 62680.77 - 26.23 | yes_mid=0.4300 trade=--
STATUS T=642.4s | K 62678.86 - 28.14 | yes_mid=0.3750 trade=--
2026-06-05T02:49:35.609Z | BALANCE T=627.5s T630s | Kalshi $11.4400 drawdown=0.0600
STATUS T=630s KXBTC15M-26JUN042300-00 | yes_mid=0.4050 selected=NO selected_prob=0.5950 band=0.55-0.80 contracts=2
ORDER FILLED KXBTC15M-26JUN042300-00 NO | ask=60.0c qty=594.0 order_id=768ede66-2e47-4a88-871a-e1a3c2661b3b filled 2 at 59.0c | counts S=9 U=5 K=5
STATUS T=580.9s | K 62673.02 - 33.98 | yes_mid=0.4150 trade=filled
STATUS T=518.2s | K 62719.26 + 12.26 | yes_mid=0.6050 trade=filled
STATUS T=457.0s | K 62728.68 + 21.68 | yes_mid=0.4050 trade=filled
STATUS T=396.6s | K 62732.84 + 25.84 | yes_mid=0.5250 trade=filled
STATUS T=334.2s | K 62686.78 - 20.22 | yes_mid=0.2050 trade=filled
STATUS T=271.9s | K 62686.30 - 20.70 | yes_mid=0.1650 trade=filled
STATUS T=208.6s | K 62608.49 - 98.51 | yes_mid=0.0705 trade=filled
STATUS T=148.6s | K 62611.00 - 96.00 | yes_mid=0.0710 trade=filled
STATUS T=86.2s | K 62612.81 - 94.19 | yes_mid=0.0010 trade=filled orderbook=INVALID no_ask:price_missing_or_out_of_range:None
STATUS T=25.0s | K 62544.67 - 162.33 | yes_mid=0.0010 trade=filled orderbook=INVALID no_ask:price_missing_or_out_of_range:None
2026-06-05T03:00:08.913Z | BALANCE T=-6.3s OUTCOME | Kalshi $12.2200 drawdown=-0.7200
OUTCOME KXBTC15M-26JUN042300-00 | K price=62538.60 target=62707.00 target_source=observed_source_snapshot actual=NO trade=NO status=filled result=successful correct=1 | counts S=10 U=5 K=5

CONTRACT KXBTC15M-26JUN042315-15 | close 2026-06-05T03:15:00Z | K target 62547.94
STATUS T=887.0s | K 62541.80 - 6.14 | yes_mid=0.5550 trade=--
STATUS T=826.1s | K 62556.97 + 9.03 | yes_mid=0.4250 trade=--
STATUS T=763.1s | K 62569.48 + 21.54 | yes_mid=0.2850 trade=--
STATUS T=702.4s | K 62484.02 - 63.92 | yes_mid=0.3950 trade=--
STATUS T=640.9s | K 62533.44 - 14.50 | yes_mid=0.3050 trade=--
2026-06-05T03:04:33.370Z | BALANCE T=629.4s T630s | Kalshi $12.2200 drawdown=-0.7200
STATUS T=630s KXBTC15M-26JUN042315-15 | yes_mid=0.3950 selected=NO selected_prob=0.6050 band=0.55-0.80 contracts=2
ORDER FILLED KXBTC15M-26JUN042315-15 NO | ask=60.0c qty=2036.0 order_id=a89bbab4-8b7f-4555-b3ef-025c6020d5e4 filled 2 at 60.0c | counts S=10 U=5 K=5
STATUS T=580.9s | K 62543.63 - 4.31 | yes_mid=0.2650 trade=filled
STATUS T=518.1s | K 62435.31 - 112.63 | yes_mid=0.2350 trade=filled
STATUS T=457.5s | K 62384.04 - 163.90 | yes_mid=0.1400 trade=filled
STATUS T=397.4s | K 62370.41 - 177.53 | yes_mid=0.0995 trade=filled
STATUS T=335.1s | K 62378.77 - 169.17 | yes_mid=0.0565 trade=filled
STATUS T=274.3s | K 62319.21 - 228.73 | yes_mid=0.0370 trade=filled
STATUS T=214.1s | K 62349.35 - 198.59 | yes_mid=0.0055 trade=filled
STATUS T=151.6s | K 62293.49 - 254.45 | yes_mid=0.0045 trade=filled
STATUS T=90.1s | K 62338.73 - 209.21 | yes_mid=0.0015 trade=filled
STATUS T=28.0s | K 62315.37 - 232.57 | yes_mid=0.0010 trade=filled orderbook=INVALID no_ask:price_missing_or_out_of_range:None
2026-06-05T03:15:08.168Z | BALANCE T=-6.6s OUTCOME | Kalshi $12.9900 drawdown=-1.4900
OUTCOME KXBTC15M-26JUN042315-15 | K price=62315.96 target=62547.94 target_source=observed_source_snapshot actual=NO trade=NO status=filled result=successful correct=1 | counts S=11 U=5 K=5

CONTRACT KXBTC15M-26JUN042330-30 | close 2026-06-05T03:30:00Z | K target 62319.83
STATUS T=883.9s | K 62322.42 + 2.59 | yes_mid=0.5650 trade=--
STATUS T=822.1s | K 62330.70 + 10.87 | yes_mid=0.7550 trade=--
STATUS T=760.9s | K 62521.60 + 201.77 | yes_mid=0.8950 trade=--
STATUS T=699.1s | K 62550.43 + 230.60 | yes_mid=0.9315 trade=--
STATUS T=635.4s | K 62600.59 + 280.76 | yes_mid=0.9505 trade=--
2026-06-05T03:19:33.851Z | BALANCE T=628.5s T630s | Kalshi $12.9900 drawdown=-1.4900
STATUS T=630s KXBTC15M-26JUN042330-30 | yes_mid=0.9470 decision=SKIP reason=more likely side 0.9470 outside band 0.55-0.80 | counts S=11 U=5 K=6
STATUS T=573.1s | K 62743.41 + 423.58 | yes_mid=0.9270 trade=skip
STATUS T=511.1s | K 62743.41 + 423.58 | yes_mid=0.9140 trade=skip
STATUS T=450.8s | K 62532.38 + 212.55 | yes_mid=0.8850 trade=skip
STATUS T=389.3s | K 62578.51 + 258.68 | yes_mid=0.9760 trade=skip
STATUS T=328.6s | K 62516.18 + 196.35 | yes_mid=0.9595 trade=skip
STATUS T=266.4s | K 62611.83 + 292.00 | yes_mid=0.9835 trade=skip
STATUS T=204.8s | K 62594.65 + 274.82 | yes_mid=0.9820 trade=skip
STATUS T=143.7s | K 62518.28 + 198.45 | yes_mid=0.9920 trade=skip
STATUS T=79.6s | K 62511.98 + 192.15 | yes_mid=0.9990 trade=skip orderbook=INVALID yes_ask:price_missing_or_out_of_range:None
STATUS T=16.1s | K 62566.83 + 247.00 | yes_mid=0.9990 trade=skip orderbook=INVALID yes_ask:price_missing_or_out_of_range:None
2026-06-05T03:30:07.796Z | BALANCE T=-6.9s OUTCOME | Kalshi $12.9900 drawdown=-1.4900
OUTCOME KXBTC15M-26JUN042330-30 | K price=62466.04 target=62319.83 target_source=observed_source_snapshot actual=YES trade= status=skip result=skipped correct=-- | counts S=11 U=5 K=6

CONTRACT KXBTC15M-26JUN042345-45 | close 2026-06-05T03:45:00Z | K target 62522.98
STATUS T=884.3s | K 62525.65 + 2.67 | yes_mid=0.6650 trade=--
STATUS T=822.1s | K 62543.32 + 20.34 | yes_mid=0.7950 trade=--
STATUS T=759.7s | K 62714.67 + 191.69 | yes_mid=0.8850 trade=--
STATUS T=697.4s | K 62741.37 + 218.39 | yes_mid=0.8550 trade=--
STATUS T=633.4s | K 62747.72 + 224.74 | yes_mid=0.8600 trade=--
2026-06-05T03:34:35.543Z | BALANCE T=626.8s T630s | Kalshi $12.9900 drawdown=-1.4900
STATUS T=630s KXBTC15M-26JUN042345-45 | yes_mid=0.8650 decision=SKIP reason=more likely side 0.8650 outside band 0.55-0.80 | counts S=11 U=5 K=7
STATUS T=572.5s | K 62761.13 + 238.15 | yes_mid=0.8150 trade=skip
STATUS T=509.4s | K 62786.09 + 263.11 | yes_mid=0.8450 trade=skip
STATUS T=448.1s | K 62660.02 + 137.04 | yes_mid=0.8400 trade=skip
STATUS T=386.4s | K 62690.51 + 167.53 | yes_mid=0.7850 trade=skip
STATUS T=322.5s | K 62664.00 + 141.02 | yes_mid=0.8650 trade=skip
STATUS T=259.3s | K 62638.87 + 115.89 | yes_mid=0.9685 trade=skip
STATUS T=199.1s | K 62638.87 + 115.89 | yes_mid=0.8650 trade=skip
STATUS T=135.9s | K 62597.06 + 74.08 | yes_mid=0.7350 trade=skip
STATUS T=72.9s | K 62586.49 + 63.51 | yes_mid=0.8650 trade=skip
STATUS T=9.8s | K 62611.14 + 88.16 | yes_mid=0.9990 trade=skip orderbook=INVALID yes_ask:price_missing_or_out_of_range:None
2026-06-05T03:45:06.560Z | BALANCE T=-5.3s OUTCOME | Kalshi $12.9900 drawdown=-1.4900
OUTCOME KXBTC15M-26JUN042345-45 | K price=62545.27 target=62522.98 target_source=observed_source_snapshot actual=YES trade= status=skip result=skipped correct=-- | counts S=11 U=5 K=7

CONTRACT KXBTC15M-26JUN050000-00 | close 2026-06-05T04:00:00Z | K target 62602.52
STATUS T=879.0s | K 62572.81 - 29.71 | yes_mid=0.4950 trade=--
STATUS T=818.1s | K 62621.49 + 18.97 | yes_mid=0.6850 trade=--
STATUS T=754.2s | K 62650.88 + 48.36 | yes_mid=0.7650 trade=--
STATUS T=693.6s | K 62725.08 + 122.56 | yes_mid=0.7850 trade=--
STATUS T=630.2s | K 62720.67 + 118.15 | yes_mid=0.7950 trade=--
2026-06-05T03:49:35.929Z | BALANCE T=626.8s T630s | Kalshi $12.9900 drawdown=-1.4900
STATUS T=630s KXBTC15M-26JUN050000-00 | yes_mid=0.8050 decision=SKIP reason=more likely side 0.8050 outside band 0.55-0.80 | counts S=11 U=5 K=8
STATUS T=567.0s | K 62759.19 + 156.67 | yes_mid=0.8050 trade=skip
STATUS T=506.1s | K 62720.18 + 117.66 | yes_mid=0.8450 trade=skip
STATUS T=443.5s | K 62733.67 + 131.15 | yes_mid=0.8450 trade=skip
STATUS T=382.9s | K 62730.68 + 128.16 | yes_mid=0.7250 trade=skip
STATUS T=322.5s | K 62638.67 + 36.15 | yes_mid=0.8350 trade=skip
STATUS T=260.3s | K 62708.69 + 106.17 | yes_mid=0.9005 trade=skip
STATUS T=198.4s | K 62725.15 + 122.63 | yes_mid=0.9710 trade=skip
STATUS T=138.2s | K 62745.70 + 143.18 | yes_mid=0.9915 trade=skip
STATUS T=75.2s | K 62689.72 + 87.20 | yes_mid=0.9885 trade=skip
STATUS T=13.0s | K 62638.98 + 36.46 | yes_mid=0.9990 trade=skip orderbook=INVALID yes_ask:price_missing_or_out_of_range:None
2026-06-05T04:00:07.079Z | BALANCE T=-6.1s OUTCOME | Kalshi $12.9900 drawdown=-1.4900
OUTCOME KXBTC15M-26JUN050000-00 | K price=62650.02 target=62602.52 target_source=observed_source_snapshot actual=YES trade= status=skip result=skipped correct=-- | counts S=11 U=5 K=8

CONTRACT KXBTC15M-26JUN050015-15 | close 2026-06-05T04:15:00Z | K target 62650.53
STATUS T=880.1s | K 62638.98 - 11.55 | yes_mid=0.5550 trade=--
STATUS T=817.2s | K 62641.39 - 9.14 | yes_mid=0.2900 trade=--
STATUS T=755.4s | K 62623.03 - 27.50 | yes_mid=0.3650 trade=--
STATUS T=695.3s | K 62544.01 - 106.52 | yes_mid=0.2050 trade=--
STATUS T=631.6s | K 62568.68 - 81.85 | yes_mid=0.1450 trade=--
2026-06-05T04:04:35.066Z | BALANCE T=627.7s T630s | Kalshi $12.9900 drawdown=-1.4900
STATUS T=630s KXBTC15M-26JUN050015-15 | yes_mid=0.2250 selected=NO selected_prob=0.7750 band=0.55-0.80 contracts=2
2026-06-05T04:04:38.970Z | ORDER RETRY 1/10 NO post error RuntimeError: POST /portfolio/orders failed: HTTP 409 {"error":{"code":"fill_or_kill_insufficient_resting_volume","message":"fill or kill insufficient resting volume"}}
ORDER FILLED KXBTC15M-26JUN050015-15 NO | ask=60.0c qty=1274.55 order_id=ce3e8845-bbde-4cad-a991-eec56d650f7d filled 2 at 60.0c | counts S=11 U=5 K=8
STATUS T=568.9s | K 62500.40 - 150.13 | yes_mid=0.2350 trade=filled
STATUS T=505.3s | K 62582.61 - 67.92 | yes_mid=0.7350 trade=filled
STATUS T=444.1s | K 62596.16 - 54.37 | yes_mid=0.9255 trade=filled
STATUS T=381.0s | K 62836.13 + 185.60 | yes_mid=0.9045 trade=filled
STATUS T=319.8s | K 62865.28 + 214.75 | yes_mid=0.9255 trade=filled
STATUS T=258.9s | K 62847.86 + 197.33 | yes_mid=0.9525 trade=filled
STATUS T=196.5s | K 62730.70 + 80.17 | yes_mid=0.8950 trade=filled
STATUS T=134.2s | K 62783.14 + 132.61 | yes_mid=0.9625 trade=filled
STATUS T=72.8s | K 62749.05 + 98.52 | yes_mid=0.9920 trade=filled
STATUS T=9.8s | K 62764.65 + 114.12 | yes_mid=0.9990 trade=filled orderbook=INVALID yes_ask:price_missing_or_out_of_range:None
2026-06-05T04:15:06.260Z | BALANCE T=-5.3s OUTCOME | Kalshi $11.7600 drawdown=-0.2600
OUTCOME KXBTC15M-26JUN050015-15 | K price=62771.85 target=62650.53 target_source=observed_source_snapshot actual=YES trade=NO status=filled result=unsuccessful correct=0 | counts S=11 U=6 K=8

CONTRACT KXBTC15M-26JUN050030-30 | close 2026-06-05T04:30:00Z | K target 62783.40
STATUS T=876.0s | K 62794.08 + 10.68 | yes_mid=0.5050 trade=--
STATUS T=812.7s | K 62815.06 + 31.66 | yes_mid=0.4250 trade=--
STATUS T=752.6s | K 62801.44 + 18.04 | yes_mid=0.3550 trade=--
STATUS T=689.8s | K 62701.22 - 82.18 | yes_mid=0.1950 trade=--
STATUS T=629.0s | K 62701.22 - 82.18 | yes_mid=0.1950 trade=--
2026-06-05T04:19:33.052Z | BALANCE T=629.0s T630s | Kalshi $11.7600 drawdown=-0.2600
STATUS T=630s KXBTC15M-26JUN050030-30 | yes_mid=0.1950 decision=SKIP reason=more likely side 0.8050 outside band 0.55-0.80 | counts S=11 U=6 K=9
STATUS T=567.4s | K 62636.15 - 147.25 | yes_mid=0.1450 trade=skip
STATUS T=507.3s | K 62631.65 - 151.75 | yes_mid=0.2050 trade=skip
STATUS T=444.7s | K 62660.17 - 123.23 | yes_mid=0.2150 trade=skip
STATUS T=383.0s | K 62684.07 - 99.33 | yes_mid=0.2950 trade=skip
STATUS T=320.6s | K 62733.57 - 49.83 | yes_mid=0.3850 trade=skip
STATUS T=256.9s | K 62762.54 - 20.86 | yes_mid=0.8900 trade=skip
STATUS T=195.0s | K 62749.58 - 33.82 | yes_mid=0.9860 trade=skip
STATUS T=133.7s | K 63141.53 + 358.13 | yes_mid=0.9945 trade=skip
STATUS T=73.6s | K 63136.16 + 352.76 | yes_mid=0.9990 trade=skip orderbook=INVALID yes_ask:price_missing_or_out_of_range:None
STATUS T=10.5s | K 63140.40 + 357.00 | yes_mid=0.9990 trade=skip orderbook=INVALID yes_ask:price_missing_or_out_of_range:None
2026-06-05T04:30:05.940Z | BALANCE T=-2.7s OUTCOME | Kalshi $11.7600 drawdown=-0.2600
OUTCOME KXBTC15M-26JUN050030-30 | K price=63136.59 target=62783.40 target_source=observed_source_snapshot actual=YES trade= status=skip result=skipped correct=-- | counts S=11 U=6 K=9
2026-06-05T04:30:08.186Z | POLL FETCH ERROR RuntimeError: GET /markets failed: HTTP 429 {"error":{"code":"too_many_requests","message":"too many requests"}}

CONTRACT KXBTC15M-26JUN050045-45 | close 2026-06-05T04:45:00Z | K target 63140.54
STATUS T=874.9s | K 63140.40 - 0.14 | yes_mid=0.3900 trade=--
STATUS T=814.8s | K 63143.15 + 2.61 | yes_mid=0.2550 trade=--
STATUS T=753.6s | K 62970.61 - 169.93 | yes_mid=0.2650 trade=--
STATUS T=693.0s | K 63029.03 - 111.51 | yes_mid=0.2550 trade=--
STATUS T=630.1s | K 63026.58 - 113.96 | yes_mid=0.2200 trade=--
2026-06-05T04:34:35.933Z | BALANCE T=626.5s T630s | Kalshi $11.7600 drawdown=-0.2600
STATUS T=630s KXBTC15M-26JUN050045-45 | yes_mid=0.2250 selected=NO selected_prob=0.7750 band=0.55-0.80 contracts=2
ORDER FILLED KXBTC15M-26JUN050045-45 NO | ask=79.0c qty=1040.14 order_id=8f3ed47c-de05-4af3-aabb-e926004016a1 filled 2 at 79.0c | counts S=11 U=6 K=9
STATUS T=567.8s | K 63032.60 - 107.94 | yes_mid=0.2550 trade=filled
STATUS T=506.8s | K 63135.40 - 5.14 | yes_mid=0.3750 trade=filled
STATUS T=442.3s | K 63041.60 - 98.94 | yes_mid=0.3150 trade=filled
STATUS T=379.0s | K 63049.31 - 91.23 | yes_mid=0.2850 trade=filled
STATUS T=315.5s | K 63080.50 - 60.04 | yes_mid=0.2050 trade=filled
STATUS T=255.4s | K 63073.94 - 66.60 | yes_mid=0.1550 trade=filled
STATUS T=194.5s | K 63034.30 - 106.24 | yes_mid=0.0860 trade=filled
STATUS T=132.4s | K 63013.94 - 126.60 | yes_mid=0.0140 trade=filled
STATUS T=69.2s | K 63013.94 - 126.60 | yes_mid=0.0010 trade=filled orderbook=INVALID no_ask:price_missing_or_out_of_range:None
STATUS T=7.5s | K 62940.65 - 199.89 | yes_mid=0.0010 trade=filled orderbook=INVALID no_ask:price_missing_or_out_of_range:None
2026-06-05T04:45:07.738Z | BALANCE T=-6.9s OUTCOME | Kalshi $12.1500 drawdown=-0.6500
OUTCOME KXBTC15M-26JUN050045-45 | K price=62939.60 target=63140.54 target_source=observed_source_snapshot actual=NO trade=NO status=filled result=successful correct=1 | counts S=12 U=6 K=9

CONTRACT KXBTC15M-26JUN050100-00 | close 2026-06-05T05:00:00Z | K target 62950.55
STATUS T=873.4s | K 62958.53 + 7.98 | yes_mid=0.6250 trade=--
STATUS T=811.2s | K 62992.76 + 42.21 | yes_mid=0.3250 trade=--
STATUS T=749.7s | K 63004.38 + 53.83 | yes_mid=0.2250 trade=--
STATUS T=687.2s | K 62830.57 - 119.98 | yes_mid=0.2350 trade=--
STATUS T=626.7s | K 62813.58 - 136.97 | yes_mid=0.2150 trade=--
2026-06-05T04:49:36.021Z | BALANCE T=626.7s T630s | Kalshi $12.1500 drawdown=-0.6500
STATUS T=630s KXBTC15M-26JUN050100-00 | yes_mid=0.2150 selected=NO selected_prob=0.7850 band=0.55-0.80 contracts=2
ORDER FILLED KXBTC15M-26JUN050100-00 NO | ask=79.0c qty=41.91 order_id=8dd984ab-9f7a-4233-bd98-b27d600a97d4 filled 2 at 79.0c | counts S=12 U=6 K=9
STATUS T=563.1s | K 62907.87 - 42.68 | yes_mid=0.6850 trade=filled
STATUS T=501.3s | K 62907.87 - 42.68 | yes_mid=0.7300 trade=filled
STATUS T=439.7s | K 63042.11 + 91.56 | yes_mid=0.8250 trade=filled
STATUS T=376.3s | K 63077.27 + 126.72 | yes_mid=0.8350 trade=filled
STATUS T=316.1s | K 63131.75 + 181.20 | yes_mid=0.9755 trade=filled
STATUS T=253.0s | K 63118.37 + 167.82 | yes_mid=0.9735 trade=filled
STATUS T=189.5s | K 63190.60 + 240.05 | yes_mid=0.9860 trade=filled
STATUS T=127.7s | K 63184.80 + 234.25 | yes_mid=0.9955 trade=filled
STATUS T=65.3s | K 63161.33 + 210.78 | yes_mid=0.9990 trade=filled orderbook=INVALID yes_ask:price_missing_or_out_of_range:None
STATUS T=4.2s | K 63196.66 + 246.11 | yes_mid=0.9990 trade=filled orderbook=INVALID yes_ask:price_missing_or_out_of_range:None
2026-06-05T05:00:07.432Z | BALANCE T=-6.5s OUTCOME | Kalshi $10.5500 drawdown=0.9500
OUTCOME KXBTC15M-26JUN050100-00 | K price=63527.12 target=62950.55 target_source=observed_source_snapshot actual=YES trade=NO status=filled result=unsuccessful correct=0 | counts S=12 U=7 K=9

CONTRACT KXBTC15M-26JUN050115-15 | close 2026-06-05T05:15:00Z | K target 63544.52
STATUS T=868.6s | K 63623.91 + 79.39 | yes_mid=0.5650 trade=--
STATUS T=806.9s | K 63431.74 - 112.78 | yes_mid=0.2950 trade=--
STATUS T=744.7s | K 63480.88 - 63.64 | yes_mid=0.3150 trade=--
STATUS T=683.5s | K 63482.04 - 62.48 | yes_mid=0.2150 trade=--
2026-06-05T05:04:35.221Z | BALANCE T=627.3s T630s | Kalshi $10.5500 drawdown=0.9500
STATUS T=630s KXBTC15M-26JUN050115-15 | yes_mid=0.2050 selected=NO selected_prob=0.7950 band=0.55-0.80 contracts=2
2026-06-05T05:04:38.010Z | ORDER RETRY 1/10 NO more likely side 0.8050 outside band 0.55-0.80
2026-06-05T05:04:40.094Z | ORDER RETRY 2/10 NO more likely side 0.8050 outside band 0.55-0.80
2026-06-05T05:04:42.175Z | ORDER RETRY 3/10 NO more likely side 0.8050 outside band 0.55-0.80
2026-06-05T05:04:44.668Z | ORDER RETRY 4/10 NO more likely side 0.8150 outside band 0.55-0.80
2026-06-05T05:04:47.215Z | ORDER RETRY 5/10 NO more likely side 0.8350 outside band 0.55-0.80
2026-06-05T05:04:49.700Z | ORDER RETRY 6/10 NO more likely side 0.8400 outside band 0.55-0.80
2026-06-05T05:04:51.775Z | ORDER RETRY 7/10 NO more likely side 0.8350 outside band 0.55-0.80
2026-06-05T05:04:54.176Z | ORDER RETRY 8/10 NO more likely side 0.8450 outside band 0.55-0.80
2026-06-05T05:04:57.062Z | ORDER RETRY 9/10 NO more likely side 0.8350 outside band 0.55-0.80
2026-06-05T05:04:59.218Z | ORDER RETRY 10/10 NO more likely side 0.8450 outside band 0.55-0.80
ORDER SKIP KXBTC15M-26JUN050115-15 NO | ask=85.0c qty=1344.3 order_id=-- no fill/valid liquidity after 10 attempts; last=more likely side 0.8450 outside band 0.55-0.80 | counts S=12 U=7 K=10
STATUS T=596.2s | K 63396.08 - 148.44 | yes_mid=0.1750 trade=skip
STATUS T=534.5s | K 63348.87 - 195.65 | yes_mid=0.3150 trade=skip
STATUS T=471.2s | K 63356.71 - 187.81 | yes_mid=0.2450 trade=skip
STATUS T=409.6s | K 63427.13 - 117.39 | yes_mid=0.1950 trade=skip
STATUS T=347.9s | K 63423.11 - 121.41 | yes_mid=0.0520 trade=skip
STATUS T=286.2s | K 63352.87 - 191.65 | yes_mid=0.0520 trade=skip
STATUS T=225.3s | K 63334.39 - 210.13 | yes_mid=0.0735 trade=skip
STATUS T=162.2s | K 63374.62 - 169.90 | yes_mid=0.0085 trade=skip
STATUS T=100.9s | K 63305.74 - 238.78 | yes_mid=0.0015 trade=skip
STATUS T=38.0s | K 63297.05 - 247.47 | yes_mid=0.0010 trade=skip orderbook=INVALID no_ask:price_missing_or_out_of_range:None
2026-06-05T05:15:03.212Z | POLL FETCH ERROR RuntimeError: GET /markets failed: HTTP 429 {"error":{"code":"too_many_requests","message":"too many requests"}}
2026-06-05T05:15:07.782Z | BALANCE T=-5.2s OUTCOME | Kalshi $10.5500 drawdown=0.9500
OUTCOME KXBTC15M-26JUN050115-15 | K price=63290.18 target=63544.52 target_source=observed_source_snapshot actual=NO trade=NO status=skip result=skipped correct=-- | counts S=12 U=7 K=10

CONTRACT KXBTC15M-26JUN050130-30 | close 2026-06-05T05:30:00Z | K target 63312.16
STATUS T=889.4s | K 63300.63 - 11.53 | yes_mid=0.5450 trade=--
STATUS T=827.7s | K 63294.15 - 18.01 | yes_mid=0.4050 trade=--
STATUS T=764.1s | K 63273.24 - 38.92 | yes_mid=0.4000 trade=--
STATUS T=703.7s | K 63260.33 - 51.83 | yes_mid=0.3850 trade=--
STATUS T=640.1s | K 63242.21 - 69.95 | yes_mid=0.3700 trade=--
2026-06-05T05:19:33.134Z | BALANCE T=629.8s T630s | Kalshi $10.5500 drawdown=0.9500
STATUS T=630s KXBTC15M-26JUN050130-30 | yes_mid=0.3850 selected=NO selected_prob=0.6150 band=0.55-0.80 contracts=2
ORDER FILLED KXBTC15M-26JUN050130-30 NO | ask=62.0c qty=75.0 order_id=83c50d5d-50f5-4677-bffa-550d44b0992b filled 2 at 61.0c | counts S=12 U=7 K=10
STATUS T=578.9s | K 63278.94 - 33.22 | yes_mid=0.3950 trade=filled
STATUS T=515.9s | K 63270.22 - 41.94 | yes_mid=0.8250 trade=filled
STATUS T=454.1s | K 63412.09 + 99.93 | yes_mid=0.4850 trade=filled
STATUS T=393.9s | K 63365.86 + 53.70 | yes_mid=0.6650 trade=filled
STATUS T=331.4s | K 63358.63 + 46.47 | yes_mid=0.4850 trade=filled
STATUS T=268.8s | K 63342.93 + 30.77 | yes_mid=0.7000 trade=filled
STATUS T=206.0s | K 63315.19 + 3.03 | yes_mid=0.7750 trade=filled
STATUS T=142.5s | K 63373.51 + 61.35 | yes_mid=0.9850 trade=filled
STATUS T=82.0s | K 63457.39 + 145.23 | yes_mid=0.9955 trade=filled
STATUS T=20.2s | K 63425.05 + 112.89 | yes_mid=0.9990 trade=filled orderbook=INVALID yes_ask:price_missing_or_out_of_range:None
2026-06-05T05:30:09.529Z | BALANCE T=-6.6s OUTCOME | Kalshi $9.3000 drawdown=2.2000
OUTCOME KXBTC15M-26JUN050130-30 | K price=63422.22 target=63312.16 target_source=observed_source_snapshot actual=YES trade=NO status=filled result=unsuccessful correct=0 | counts S=12 U=8 K=10

CONTRACT KXBTC15M-26JUN050145-45 | close 2026-06-05T05:45:00Z | K target 63425.95
STATUS T=887.7s | K 63451.10 + 25.15 | yes_mid=0.5650 trade=--
STATUS T=826.8s | K 63448.64 + 22.69 | yes_mid=0.6350 trade=--
STATUS T=764.4s | K 63405.82 - 20.13 | yes_mid=0.4850 trade=--
STATUS T=701.0s | K 63405.82 - 20.13 | yes_mid=0.5200 trade=--
STATUS T=640.0s | K 63329.38 - 96.57 | yes_mid=0.2450 trade=--
2026-06-05T05:34:33.375Z | BALANCE T=629.0s T630s | Kalshi $9.3000 drawdown=2.2000
STATUS T=630s KXBTC15M-26JUN050145-45 | yes_mid=0.2450 selected=NO selected_prob=0.7550 band=0.55-0.80 contracts=2
ORDER FILLED KXBTC15M-26JUN050145-45 NO | ask=76.0c qty=1813.74 order_id=ace0f929-a21d-44db-9b84-437e753654ac filled 2 at 74.0c | counts S=12 U=8 K=10
STATUS T=578.2s | K 63329.38 - 96.57 | yes_mid=0.1250 trade=filled
STATUS T=517.2s | K 63175.26 - 250.69 | yes_mid=0.0545 trade=filled
STATUS T=456.0s | K 63175.26 - 250.69 | yes_mid=0.0630 trade=filled
STATUS T=395.4s | K 63118.67 - 307.28 | yes_mid=0.0325 trade=filled
STATUS T=332.1s | K 63074.22 - 351.73 | yes_mid=0.0295 trade=filled
STATUS T=269.0s | K 63124.67 - 301.28 | yes_mid=0.0235 trade=filled
STATUS T=207.6s | K 62961.54 - 464.41 | yes_mid=0.0040 trade=filled
STATUS T=145.6s | K 62962.31 - 463.64 | yes_mid=0.0010 trade=filled orderbook=INVALID no_ask:price_missing_or_out_of_range:None
STATUS T=84.1s | K 62885.43 - 540.52 | yes_mid=0.0010 trade=filled orderbook=INVALID no_ask:price_missing_or_out_of_range:None
STATUS T=21.7s | K 62870.97 - 554.98 | yes_mid=0.0010 trade=filled orderbook=INVALID no_ask:price_missing_or_out_of_range:None
2026-06-05T05:45:06.025Z | BALANCE T=-5.1s OUTCOME | Kalshi $9.7900 drawdown=1.7100
OUTCOME KXBTC15M-26JUN050145-45 | K price=62867.20 target=63425.95 target_source=observed_source_snapshot actual=NO trade=NO status=filled result=successful correct=1 | counts S=13 U=8 K=10

CONTRACT KXBTC15M-26JUN050200-00 | close 2026-06-05T06:00:00Z | K target 62847.12
STATUS T=891.2s | K 62887.90 + 40.78 | yes_mid=0.5350 trade=--
STATUS T=829.3s | K 62870.97 + 23.85 | yes_mid=0.3350 trade=--
STATUS T=768.9s | K 62733.17 - 113.95 | yes_mid=0.2550 trade=--
STATUS T=707.7s | K 62733.17 - 113.95 | yes_mid=0.2750 trade=--
STATUS T=645.3s | K 62643.58 - 203.54 | yes_mid=0.3200 trade=--
2026-06-05T05:49:33.798Z | BALANCE T=629.2s T630s | Kalshi $9.7900 drawdown=1.7100
STATUS T=630s KXBTC15M-26JUN050200-00 | yes_mid=0.3150 selected=NO selected_prob=0.6850 band=0.55-0.80 contracts=2
2026-06-05T05:49:36.730Z | ORDER RETRY 1/10 NO post error RuntimeError: POST /portfolio/orders failed: HTTP 409 {"error":{"code":"fill_or_kill_insufficient_resting_volume","message":"fill or kill insufficient resting volume"}}
ORDER FILLED KXBTC15M-26JUN050200-00 NO | ask=72.0c qty=1362.08 order_id=65235dc6-67e1-4a15-b70e-11b68f0feba1 filled 2 at 72.0c | counts S=13 U=8 K=10
STATUS T=584.2s | K 62704.21 - 142.91 | yes_mid=0.2750 trade=filled
STATUS T=521.7s | K 62724.35 - 122.77 | yes_mid=0.3650 trade=filled
STATUS T=460.7s | K 62805.80 - 41.32 | yes_mid=0.6400 trade=filled
STATUS T=398.2s | K 62814.26 - 32.86 | yes_mid=0.3550 trade=filled
STATUS T=337.2s | K 62741.66 - 105.46 | yes_mid=0.1850 trade=filled
STATUS T=275.2s | K 62695.30 - 151.82 | yes_mid=0.0940 trade=filled
STATUS T=213.7s | K 62695.30 - 151.82 | yes_mid=0.0205 trade=filled
STATUS T=153.2s | K 62635.67 - 211.45 | yes_mid=0.0045 trade=filled
STATUS T=90.8s | K 62564.72 - 282.40 | yes_mid=0.0010 trade=filled orderbook=INVALID no_ask:price_missing_or_out_of_range:None
STATUS T=29.5s | K 62248.49 - 598.63 | yes_mid=0.0010 trade=filled orderbook=INVALID no_ask:price_missing_or_out_of_range:None
2026-06-05T06:00:09.606Z | BALANCE T=-7.4s OUTCOME | Kalshi $10.3200 drawdown=1.1800
OUTCOME KXBTC15M-26JUN050200-00 | K price=62226.75 target=62847.12 target_source=observed_source_snapshot actual=NO trade=NO status=filled result=successful correct=1 | counts S=14 U=8 K=10

CONTRACT KXBTC15M-26JUN050215-15 | close 2026-06-05T06:15:00Z | K target 62269.21
STATUS T=887.3s | K 62445.48 + 176.27 | yes_mid=0.5150 trade=--
STATUS T=825.4s | K 62248.49 - 20.72 | yes_mid=0.4550 trade=--
STATUS T=762.2s | K 62358.40 + 89.19 | yes_mid=0.6800 trade=--
STATUS T=701.0s | K 62406.09 + 136.88 | yes_mid=0.2950 trade=--
STATUS T=639.4s | K 62101.47 - 167.74 | yes_mid=0.3750 trade=--
2026-06-05T06:04:35.690Z | BALANCE T=627.4s T630s | Kalshi $10.3200 drawdown=1.1800
STATUS T=630s KXBTC15M-26JUN050215-15 | yes_mid=0.3050 selected=NO selected_prob=0.6950 band=0.55-0.80 contracts=2
ORDER FILLED KXBTC15M-26JUN050215-15 NO | ask=70.0c qty=91.91 order_id=93f28746-d0ca-496d-9aa9-47d32ca6ef96 filled 2 at 70.0c | counts S=14 U=8 K=10
STATUS T=575.1s | K 62159.96 - 109.25 | yes_mid=0.4650 trade=filled
STATUS T=511.3s | K 62365.93 + 96.72 | yes_mid=0.7850 trade=filled
STATUS T=449.3s | K 62244.69 - 24.52 | yes_mid=0.8750 trade=filled
STATUS T=385.7s | K 62561.93 + 292.72 | yes_mid=0.9050 trade=filled
STATUS T=321.1s | K 62447.66 + 178.45 | yes_mid=0.8150 trade=filled
STATUS T=259.8s | K 62443.30 + 174.09 | yes_mid=0.7450 trade=filled
STATUS T=196.5s | K 62371.15 + 101.94 | yes_mid=0.8850 trade=filled
STATUS T=134.3s | K 62441.52 + 172.31 | yes_mid=0.6350 trade=filled
STATUS T=71.7s | K 62228.85 - 40.36 | yes_mid=0.1150 trade=filled
STATUS T=10.1s | K 62174.62 - 94.59 | yes_mid=0.0010 trade=filled orderbook=INVALID no_ask:price_missing_or_out_of_range:None
2026-06-05T06:15:07.071Z | BALANCE T=-5.5s OUTCOME | Kalshi $10.8900 drawdown=0.6100
OUTCOME KXBTC15M-26JUN050215-15 | K price=62083.38 target=62269.21 target_source=observed_source_snapshot actual=NO trade=NO status=filled result=successful correct=1 | counts S=15 U=8 K=10

CONTRACT KXBTC15M-26JUN050230-30 | close 2026-06-05T06:30:00Z | K target 62073.67
STATUS T=885.0s | K 62092.41 + 18.74 | yes_mid=0.5750 trade=--
STATUS T=821.3s | K 62020.73 - 52.94 | yes_mid=0.3750 trade=--
STATUS T=759.3s | K 62143.50 + 69.83 | yes_mid=0.3450 trade=--
STATUS T=696.7s | K 61972.25 - 101.42 | yes_mid=0.4150 trade=--
STATUS T=633.3s | K 61960.49 - 113.18 | yes_mid=0.2650 trade=--
2026-06-05T06:19:33.470Z | BALANCE T=629.0s T630s | Kalshi $10.8900 drawdown=0.6100
STATUS T=630s KXBTC15M-26JUN050230-30 | yes_mid=0.2850 selected=NO selected_prob=0.7150 band=0.55-0.80 contracts=2
ORDER FILLED KXBTC15M-26JUN050230-30 NO | ask=72.0c qty=238.0 order_id=719167c8-b564-4ce5-88a5-adf384356027 filled 2 at 72.0c | counts S=15 U=8 K=10
STATUS T=572.9s | K 61960.49 - 113.18 | yes_mid=0.3650 trade=filled
STATUS T=510.2s | K 61849.02 - 224.65 | yes_mid=0.1450 trade=filled
STATUS T=449.1s | K 61374.76 - 698.91 | yes_mid=0.0845 trade=filled
STATUS T=385.9s | K 61374.76 - 698.91 | yes_mid=0.0595 trade=filled
STATUS T=323.6s | K 61130.28 - 943.39 | yes_mid=0.0285 trade=filled
STATUS T=260.5s | K 61441.87 - 631.80 | yes_mid=0.0260 trade=filled
STATUS T=197.9s | K 61436.06 - 637.61 | yes_mid=0.0185 trade=filled
STATUS T=137.0s | K 61398.15 - 675.52 | yes_mid=0.0075 trade=filled
STATUS T=74.7s | K 61725.32 - 348.35 | yes_mid=0.0095 trade=filled
STATUS T=14.2s | K 61656.63 - 417.04 | yes_mid=0.0010 trade=filled orderbook=INVALID no_ask:price_missing_or_out_of_range:None
2026-06-05T06:30:07.030Z | BALANCE T=-6.2s OUTCOME | Kalshi $11.4200 drawdown=0.0800
OUTCOME KXBTC15M-26JUN050230-30 | K price=61617.23 target=62073.67 target_source=observed_source_snapshot actual=NO trade=NO status=filled result=successful correct=1 | counts S=16 U=8 K=10

CONTRACT KXBTC15M-26JUN050245-45 | close 2026-06-05T06:45:00Z | K target 61596.45
STATUS T=879.0s | K 61560.60 - 35.85 | yes_mid=0.5950 trade=--
STATUS T=817.7s | K 61640.78 + 44.33 | yes_mid=0.6150 trade=--
STATUS T=755.0s | K 61806.13 + 209.68 | yes_mid=0.7550 trade=--
STATUS T=693.3s | K 61886.06 + 289.61 | yes_mid=0.7950 trade=--
STATUS T=631.2s | K 61880.45 + 284.00 | yes_mid=0.6950 trade=--
2026-06-05T06:34:36.654Z | BALANCE T=627.1s T630s | Kalshi $11.4200 drawdown=0.0800
STATUS T=630s KXBTC15M-26JUN050245-45 | yes_mid=0.7200 selected=YES selected_prob=0.7200 band=0.55-0.80 contracts=2
ORDER FILLED KXBTC15M-26JUN050245-45 YES | ask=71.0c qty=155.0 order_id=8937fe71-9bd8-4e42-9faf-d2e6da3ce20b filled 2 at 71.0c | counts S=16 U=8 K=10
STATUS T=567.2s | K 61937.00 + 340.55 | yes_mid=0.5650 trade=filled
STATUS T=505.0s | K 61660.54 + 64.09 | yes_mid=0.8250 trade=filled
STATUS T=443.7s | K 61746.64 + 150.19 | yes_mid=0.7250 trade=filled
STATUS T=383.2s | K 61737.47 + 141.02 | yes_mid=0.7850 trade=filled
STATUS T=321.7s | K 61691.86 + 95.41 | yes_mid=0.8950 trade=filled
STATUS T=258.7s | K 61828.13 + 231.68 | yes_mid=0.8850 trade=filled
STATUS T=198.2s | K 61752.27 + 155.82 | yes_mid=0.9235 trade=filled
STATUS T=136.4s | K 61801.28 + 204.83 | yes_mid=0.9620 trade=filled
STATUS T=73.7s | K 61868.01 + 271.56 | yes_mid=0.9875 trade=filled
STATUS T=11.2s | K 62125.39 + 528.94 | yes_mid=0.9990 trade=filled orderbook=INVALID yes_ask:price_missing_or_out_of_range:None
2026-06-05T06:45:05.473Z | BALANCE T=-2.3s OUTCOME | Kalshi $11.9800 drawdown=-0.4800
OUTCOME KXBTC15M-26JUN050245-45 | K price=61794.33 target=61596.45 target_source=observed_source_snapshot actual=YES trade=YES status=filled result=successful correct=1 | counts S=17 U=8 K=10
2026-06-05T06:45:12.773Z | POLL FETCH ERROR RuntimeError: GET /markets failed: HTTP 429 {"error":{"code":"too_many_requests","message":"too many requests"}}

CONTRACT KXBTC15M-26JUN050300-00 | close 2026-06-05T07:00:00Z | K target 62047.66
STATUS T=876.6s | K 61875.54 - 172.12 | yes_mid=0.5650 trade=--
STATUS T=814.7s | K 61926.02 - 121.64 | yes_mid=0.3150 trade=--
STATUS T=753.2s | K 61926.02 - 121.64 | yes_mid=0.3550 trade=--
STATUS T=690.9s | K 61996.51 - 51.15 | yes_mid=0.4750 trade=--
STATUS T=629.7s | K 61907.94 - 139.72 | yes_mid=0.2650 trade=--
2026-06-05T06:49:33.936Z | BALANCE T=629.7s T630s | Kalshi $11.9800 drawdown=-0.4800
STATUS T=630s KXBTC15M-26JUN050300-00 | yes_mid=0.2650 selected=NO selected_prob=0.7350 band=0.55-0.80 contracts=2
ORDER FILLED KXBTC15M-26JUN050300-00 NO | ask=74.0c qty=3215.45 order_id=2e1667c7-33a1-4f81-9b67-19a5ab811715 filled 2 at 74.0c | counts S=17 U=8 K=10
STATUS T=565.7s | K 61811.25 - 236.41 | yes_mid=0.1550 trade=filled
STATUS T=501.7s | K 61855.90 - 191.76 | yes_mid=0.2750 trade=filled
STATUS T=438.5s | K 61770.68 - 276.98 | yes_mid=0.1150 trade=filled
STATUS T=375.5s | K 61870.90 - 176.76 | yes_mid=0.2050 trade=filled
STATUS T=312.8s | K 61954.86 - 92.80 | yes_mid=0.2050 trade=filled
STATUS T=252.6s | K 61935.44 - 112.22 | yes_mid=0.2650 trade=filled
STATUS T=190.5s | K 61994.00 - 53.66 | yes_mid=0.1350 trade=filled
STATUS T=128.7s | K 61920.95 - 126.71 | yes_mid=0.0625 trade=filled
STATUS T=67.4s | K 61939.53 - 108.13 | yes_mid=0.0055 trade=filled
STATUS T=6.5s | K 61884.86 - 162.80 | yes_mid=0.0010 trade=filled orderbook=INVALID no_ask:price_missing_or_out_of_range:None
2026-06-05T07:00:10.498Z | BALANCE T=-6.6s OUTCOME | Kalshi $12.4700 drawdown=-0.9700
OUTCOME KXBTC15M-26JUN050300-00 | K price=61970.71 target=62047.66 target_source=observed_source_snapshot actual=NO trade=NO status=filled result=successful correct=1 | counts S=18 U=8 K=10

CONTRACT KXBTC15M-26JUN050315-15 | close 2026-06-05T07:15:00Z | K target 61868.44
STATUS T=875.1s | K 61884.86 + 16.42 | yes_mid=0.5450 trade=--
STATUS T=812.8s | K 61901.92 + 33.48 | yes_mid=0.3950 trade=--
STATUS T=751.5s | K 61617.32 - 251.12 | yes_mid=0.2650 trade=--
STATUS T=690.1s | K 61779.33 - 89.11 | yes_mid=0.1750 trade=--
STATUS T=628.3s | K 61721.02 - 147.42 | yes_mid=0.1950 trade=--
2026-06-05T07:04:34.487Z | BALANCE T=628.3s T630s | Kalshi $12.4700 drawdown=-0.9700
STATUS T=630s KXBTC15M-26JUN050315-15 | yes_mid=0.1950 decision=SKIP reason=more likely side 0.8050 outside band 0.55-0.80 | counts S=18 U=8 K=11
STATUS T=566.5s | K 61652.69 - 215.75 | yes_mid=0.1700 trade=skip
STATUS T=503.9s | K 61656.43 - 212.01 | yes_mid=0.0725 trade=skip
STATUS T=440.8s | K 61467.73 - 400.71 | yes_mid=0.0475 trade=skip
STATUS T=380.6s | K 61554.44 - 314.00 | yes_mid=0.1250 trade=skip
STATUS T=318.1s | K 61500.30 - 368.14 | yes_mid=0.0590 trade=skip
STATUS T=255.3s | K 61560.34 - 308.10 | yes_mid=0.0235 trade=skip
STATUS T=193.3s | K 61460.29 - 408.15 | yes_mid=0.0070 trade=skip
STATUS T=130.3s | K 61410.92 - 457.52 | yes_mid=0.0065 trade=skip
STATUS T=69.4s | K 61432.01 - 436.43 | yes_mid=0.0030 trade=skip
STATUS T=6.8s | K 61445.30 - 423.14 | yes_mid=0.0010 trade=skip orderbook=INVALID no_ask:price_missing_or_out_of_range:None
2026-06-05T07:15:06.406Z | BALANCE T=-5.5s OUTCOME | Kalshi $12.4700 drawdown=-0.9700
OUTCOME KXBTC15M-26JUN050315-15 | K price=61504.15 target=61868.44 target_source=observed_source_snapshot actual=NO trade= status=skip result=skipped correct=-- | counts S=18 U=8 K=11

CONTRACT KXBTC15M-26JUN050330-30 | close 2026-06-05T07:30:00Z | K target 61478.53
STATUS T=874.9s | K 61491.16 + 12.63 | yes_mid=0.6050 trade=--
STATUS T=813.8s | K 61543.90 + 65.37 | yes_mid=0.6550 trade=--
STATUS T=753.5s | K 61543.11 + 64.58 | yes_mid=0.6650 trade=--
STATUS T=693.3s | K 61587.61 + 109.08 | yes_mid=0.7850 trade=--
STATUS T=633.0s | K 61653.83 + 175.30 | yes_mid=0.7650 trade=--
2026-06-05T07:19:33.371Z | BALANCE T=629.1s T630s | Kalshi $12.4700 drawdown=-0.9700
STATUS T=630s KXBTC15M-26JUN050330-30 | yes_mid=0.7750 selected=YES selected_prob=0.7750 band=0.55-0.80 contracts=2
ORDER FILLED KXBTC15M-26JUN050330-30 YES | ask=78.0c qty=369.0 order_id=9ba46cae-5a41-4f10-a0c4-b16ae0116938 filled 2 at 78.0c | counts S=18 U=8 K=11
STATUS T=569.3s | K 61704.79 + 226.26 | yes_mid=0.7150 trade=filled
STATUS T=506.6s | K 61639.48 + 160.95 | yes_mid=0.8250 trade=filled
STATUS T=443.0s | K 61721.00 + 242.47 | yes_mid=0.8955 trade=filled
STATUS T=379.5s | K 61723.92 + 245.39 | yes_mid=0.9555 trade=filled
STATUS T=316.2s | K 61813.31 + 334.78 | yes_mid=0.9520 trade=filled
STATUS T=255.9s | K 61892.31 + 413.78 | yes_mid=0.9575 trade=filled
STATUS T=194.2s | K 62029.11 + 550.58 | yes_mid=0.9955 trade=filled
STATUS T=134.2s | K 61842.00 + 363.47 | yes_mid=0.9970 trade=filled
STATUS T=71.1s | K 62184.77 + 706.24 | yes_mid=0.9990 trade=filled orderbook=INVALID yes_ask:price_missing_or_out_of_range:None
STATUS T=10.5s | K 62206.47 + 727.94 | yes_mid=0.9990 trade=filled orderbook=INVALID yes_ask:price_missing_or_out_of_range:None
2026-06-05T07:30:08.132Z | BALANCE T=-6.9s OUTCOME | Kalshi $12.8800 drawdown=-1.3800
OUTCOME KXBTC15M-26JUN050330-30 | K price=62201.49 target=61478.53 target_source=observed_source_snapshot actual=YES trade=YES status=filled result=successful correct=1 | counts S=19 U=8 K=11

CONTRACT KXBTC15M-26JUN050345-45 | close 2026-06-05T07:45:00Z | K target 62177.66
STATUS T=874.0s | K 62207.35 + 29.69 | yes_mid=0.6450 trade=--
STATUS T=811.3s | K 62295.03 + 117.37 | yes_mid=0.5150 trade=--
STATUS T=748.5s | K 62293.64 + 115.98 | yes_mid=0.6250 trade=--
STATUS T=686.3s | K 62270.91 + 93.25 | yes_mid=0.7150 trade=--
2026-06-05T07:34:35.864Z | BALANCE T=627.1s T630s | Kalshi $12.8800 drawdown=-1.3800
STATUS T=630s KXBTC15M-26JUN050345-45 | yes_mid=0.7750 selected=YES selected_prob=0.7750 band=0.55-0.80 contracts=2
2026-06-05T07:34:39.532Z | ORDER RETRY 1/10 YES post error RuntimeError: POST /portfolio/orders failed: HTTP 409 {"error":{"code":"fill_or_kill_insufficient_resting_volume","message":"fill or kill insufficient resting volume"}}
2026-06-05T07:34:41.695Z | ORDER RETRY 2/10 YES more likely side 0.8050 outside band 0.55-0.80
ORDER FILLED KXBTC15M-26JUN050345-45 YES | ask=80.0c qty=1277.66 order_id=4f9737a4-4acd-4f95-bcaa-e80004a7082e filled 2 at 79.0c | counts S=19 U=8 K=11
STATUS T=610.7s | K 62412.52 + 234.86 | yes_mid=0.7950 trade=filled
STATUS T=548.9s | K 62407.24 + 229.58 | yes_mid=0.8450 trade=filled
STATUS T=488.8s | K 62502.64 + 324.98 | yes_mid=0.8650 trade=filled
STATUS T=427.4s | K 62620.77 + 443.11 | yes_mid=0.9660 trade=filled
STATUS T=367.0s | K 62739.99 + 562.33 | yes_mid=0.9695 trade=filled
STATUS T=304.6s | K 62714.20 + 536.54 | yes_mid=0.9795 trade=filled
STATUS T=242.9s | K 62757.11 + 579.45 | yes_mid=0.9935 trade=filled
STATUS T=181.3s | K 62632.69 + 455.03 | yes_mid=0.9990 trade=filled orderbook=INVALID yes_ask:price_missing_or_out_of_range:None
STATUS T=119.8s | K 62805.30 + 627.64 | yes_mid=0.9990 trade=filled orderbook=INVALID yes_ask:price_missing_or_out_of_range:None
STATUS T=56.9s | K 62820.42 + 642.76 | yes_mid=0.9990 trade=filled orderbook=INVALID yes_ask:price_missing_or_out_of_range:None
2026-06-05T07:45:06.486Z | BALANCE T=-4.8s OUTCOME | Kalshi $13.2800 drawdown=-1.7800
OUTCOME KXBTC15M-26JUN050345-45 | K price=62802.70 target=62177.66 target_source=observed_source_snapshot actual=YES trade=YES status=filled result=successful correct=1 | counts S=20 U=8 K=11

CONTRACT KXBTC15M-26JUN050400-00 | close 2026-06-05T08:00:00Z | K target 62790.98
STATUS T=869.4s | K 62805.47 + 14.49 | yes_mid=0.5750 trade=--
STATUS T=809.3s | K 62801.71 + 10.73 | yes_mid=0.5150 trade=--
STATUS T=746.7s | K 62773.96 - 17.02 | yes_mid=0.4850 trade=--
STATUS T=684.0s | K 62773.96 - 17.02 | yes_mid=0.6450 trade=--
2026-06-05T07:49:33.126Z | BALANCE T=629.4s T630s | Kalshi $13.2800 drawdown=-1.7800
STATUS T=630s KXBTC15M-26JUN050400-00 | yes_mid=0.6550 selected=YES selected_prob=0.6550 band=0.55-0.80 contracts=2
ORDER FILLED KXBTC15M-26JUN050400-00 YES | ask=61.0c qty=3458.45 order_id=263132f8-6e94-43de-bafb-20005edfa1c9 filled 2 at 61.0c | counts S=20 U=8 K=11
STATUS T=619.9s | K 62865.21 + 74.23 | yes_mid=0.5550 trade=filled
STATUS T=556.3s | K 62809.66 + 18.68 | yes_mid=0.5450 trade=filled
STATUS T=496.2s | K 62789.46 - 1.52 | yes_mid=0.6850 trade=filled
STATUS T=435.8s | K 62865.90 + 74.92 | yes_mid=0.7200 trade=filled
STATUS T=372.0s | K 62865.90 + 74.92 | yes_mid=0.6050 trade=filled
STATUS T=311.4s | K 62836.31 + 45.33 | yes_mid=0.7350 trade=filled
STATUS T=249.2s | K 62813.03 + 22.05 | yes_mid=0.5550 trade=filled
STATUS T=188.2s | K 62822.41 + 31.43 | yes_mid=0.7550 trade=filled
STATUS T=125.3s | K 62859.61 + 68.63 | yes_mid=0.8960 trade=filled
STATUS T=62.4s | K 62931.12 + 140.14 | yes_mid=0.9815 trade=filled
STATUS T=1.2s | K 62943.37 + 152.39 | yes_mid=0.9990 trade=filled orderbook=INVALID yes_ask:price_missing_or_out_of_range:None
2026-06-05T08:00:07.831Z | BALANCE T=-7.0s OUTCOME | Kalshi $14.0300 drawdown=-2.5300
OUTCOME KXBTC15M-26JUN050400-00 | K price=62892.78 target=62790.98 target_source=observed_source_snapshot actual=YES trade=YES status=filled result=successful correct=1 | counts S=21 U=8 K=11

CONTRACT KXBTC15M-26JUN050415-15 | close 2026-06-05T08:15:00Z | K target 63002.09
STATUS T=868.0s | K 62931.12 - 70.97 | yes_mid=0.5300 trade=--
STATUS T=805.2s | K 62981.08 - 21.01 | yes_mid=0.5300 trade=--
STATUS T=743.7s | K 62993.62 - 8.47 | yes_mid=0.3850 trade=--
STATUS T=680.1s | K 62942.57 - 59.52 | yes_mid=0.3050 trade=--
2026-06-05T08:04:34.340Z | BALANCE T=627.9s T630s | Kalshi $14.0300 drawdown=-2.5300
STATUS T=630s KXBTC15M-26JUN050415-15 | yes_mid=0.2450 selected=NO selected_prob=0.7550 band=0.55-0.80 contracts=2
ORDER FILLED KXBTC15M-26JUN050415-15 NO | ask=76.0c qty=830.03 order_id=e57a049b-654a-4e68-8788-e485bad2d8c9 filled 2 at 76.0c | counts S=21 U=8 K=11
STATUS T=616.6s | K 62930.83 - 71.26 | yes_mid=0.2050 trade=filled
STATUS T=553.3s | K 62861.17 - 140.92 | yes_mid=0.1250 trade=filled
STATUS T=491.3s | K 62905.71 - 96.38 | yes_mid=0.3250 trade=filled
STATUS T=427.3s | K 62905.71 - 96.38 | yes_mid=0.1150 trade=filled
STATUS T=366.1s | K 62824.12 - 177.97 | yes_mid=0.0590 trade=filled
STATUS T=305.5s | K 62795.38 - 206.71 | yes_mid=0.0350 trade=filled
STATUS T=243.7s | K 62703.40 - 298.69 | yes_mid=0.0235 trade=filled
STATUS T=181.7s | K 62738.26 - 263.83 | yes_mid=0.0115 trade=filled
STATUS T=119.9s | K 62729.98 - 272.11 | yes_mid=0.0075 trade=filled
STATUS T=58.5s | K 62717.04 - 285.05 | yes_mid=0.0010 trade=filled orderbook=INVALID no_ask:price_missing_or_out_of_range:None
STATUS T=-3.4s | K 62756.49 - 245.60 | yes_mid=-- trade=filled orderbook=INVALID yes_ask:price_missing_or_out_of_range:None; no_ask:price_missing_or_out_of_range:None
2026-06-05T08:15:06.272Z | BALANCE T=-5.4s OUTCOME | Kalshi $14.4800 drawdown=-2.9800
OUTCOME KXBTC15M-26JUN050415-15 | K price=62717.04 target=63002.09 target_source=observed_source_snapshot actual=NO trade=NO status=filled result=successful correct=1 | counts S=22 U=8 K=11

CONTRACT KXBTC15M-26JUN050430-30 | close 2026-06-05T08:30:00Z | K target 62729.83
STATUS T=890.9s | K 62745.61 + 15.78 | yes_mid=0.4850 trade=--
STATUS T=827.7s | K 62759.92 + 30.09 | yes_mid=0.2850 trade=--
STATUS T=765.0s | K 62688.90 - 40.93 | yes_mid=0.3250 trade=--
STATUS T=702.7s | K 62688.90 - 40.93 | yes_mid=0.2150 trade=--
STATUS T=641.6s | K 62560.09 - 169.74 | yes_mid=0.2050 trade=--
2026-06-05T08:19:35.291Z | BALANCE T=627.1s T630s | Kalshi $14.4800 drawdown=-2.9800
STATUS T=630s KXBTC15M-26JUN050430-30 | yes_mid=0.2550 selected=NO selected_prob=0.7450 band=0.55-0.80 contracts=2
ORDER FILLED KXBTC15M-26JUN050430-30 NO | ask=79.0c qty=1290.0 order_id=b2aec17f-e475-4268-a5c5-8307f70c902c filled 2 at 79.0c | counts S=22 U=8 K=11
STATUS T=579.5s | K 62582.60 - 147.23 | yes_mid=0.2450 trade=filled
STATUS T=516.6s | K 62598.70 - 131.13 | yes_mid=0.1750 trade=filled
STATUS T=456.3s | K 62648.47 - 81.36 | yes_mid=0.3150 trade=filled
STATUS T=396.0s | K 62709.52 - 20.31 | yes_mid=0.2850 trade=filled
STATUS T=333.3s | K 62662.08 - 67.75 | yes_mid=0.2450 trade=filled
STATUS T=271.0s | K 62656.71 - 73.12 | yes_mid=0.2550 trade=filled
STATUS T=209.0s | K 62646.17 - 83.66 | yes_mid=0.0995 trade=filled
STATUS T=147.7s | K 62650.93 - 78.90 | yes_mid=0.6350 trade=filled
STATUS T=86.5s | K 62648.29 - 81.54 | yes_mid=0.4650 trade=filled
STATUS T=26.1s | K 62786.23 + 56.40 | yes_mid=0.9910 trade=filled
2026-06-05T08:30:05.528Z | BALANCE T=-2.4s OUTCOME | Kalshi $12.8800 drawdown=-1.3800
OUTCOME KXBTC15M-26JUN050430-30 | K price=62750.91 target=62729.83 target_source=observed_source_snapshot actual=YES trade=NO status=filled result=unsuccessful correct=0 | counts S=22 U=9 K=11

CONTRACT KXBTC15M-26JUN050445-45 | close 2026-06-05T08:45:00Z | K target 62771.83
STATUS T=891.7s | K 62750.91 - 20.92 | yes_mid=0.4950 trade=--
STATUS T=828.9s | K 62756.21 - 15.62 | yes_mid=0.4750 trade=--
STATUS T=765.1s | K 62748.53 - 23.30 | yes_mid=0.5450 trade=--
STATUS T=704.8s | K 62850.51 + 78.68 | yes_mid=0.3450 trade=--
STATUS T=642.5s | K 62850.51 + 78.68 | yes_mid=0.2650 trade=--
2026-06-05T08:34:34.821Z | BALANCE T=628.3s T630s | Kalshi $12.8800 drawdown=-1.3800
STATUS T=630s KXBTC15M-26JUN050445-45 | yes_mid=0.2350 selected=NO selected_prob=0.7650 band=0.55-0.80 contracts=2
ORDER FILLED KXBTC15M-26JUN050445-45 NO | ask=77.0c qty=253.0 order_id=64dd20f9-e4bc-496f-ab23-39bf993ad797 filled 2 at 77.0c | counts S=22 U=9 K=11
STATUS T=579.7s | K 62667.73 - 104.10 | yes_mid=0.2750 trade=filled
STATUS T=516.3s | K 62682.22 - 89.61 | yes_mid=0.2650 trade=filled
STATUS T=455.9s | K 62636.48 - 135.35 | yes_mid=0.0715 trade=filled
STATUS T=395.0s | K 62615.38 - 156.45 | yes_mid=0.0710 trade=filled
STATUS T=333.8s | K 62588.47 - 183.36 | yes_mid=0.0335 trade=filled
STATUS T=271.2s | K 62486.61 - 285.22 | yes_mid=0.0215 trade=filled
STATUS T=209.1s | K 62526.05 - 245.78 | yes_mid=0.0240 trade=filled
STATUS T=147.9s | K 62658.85 - 112.98 | yes_mid=0.0340 trade=filled
STATUS T=87.3s | K 62645.99 - 125.84 | yes_mid=0.0015 trade=filled
STATUS T=24.8s | K 62609.37 - 162.46 | yes_mid=0.0010 trade=filled orderbook=INVALID no_ask:price_missing_or_out_of_range:None
2026-06-05T08:45:06.438Z | BALANCE T=-5.2s OUTCOME | Kalshi $13.3100 drawdown=-1.8100
OUTCOME KXBTC15M-26JUN050445-45 | K price=62540.04 target=62771.83 target_source=observed_source_snapshot actual=NO trade=NO status=filled result=successful correct=1 | counts S=23 U=9 K=11

CONTRACT KXBTC15M-26JUN050500-00 | close 2026-06-05T09:00:00Z | K target 62527.70
STATUS T=890.5s | K 62488.34 - 39.36 | yes_mid=0.3650 trade=--
STATUS T=828.6s | K 62534.28 + 6.58 | yes_mid=0.3650 trade=--
STATUS T=768.1s | K 62444.61 - 83.09 | yes_mid=0.3950 trade=--
STATUS T=706.7s | K 62461.53 - 66.17 | yes_mid=0.4950 trade=--
STATUS T=644.6s | K 62549.30 + 21.60 | yes_mid=0.5650 trade=--
2026-06-05T08:49:34.246Z | BALANCE T=629.2s T630s | Kalshi $13.3100 drawdown=-1.8100
STATUS T=630s KXBTC15M-26JUN050500-00 | yes_mid=0.5550 selected=YES selected_prob=0.5550 band=0.55-0.80 contracts=2
2026-06-05T08:49:37.527Z | ORDER RETRY 1/10 YES post error RuntimeError: POST /portfolio/orders failed: HTTP 409 {"error":{"code":"fill_or_kill_insufficient_resting_volume","message":"fill or kill insufficient resting volume"}}
ORDER FILLED KXBTC15M-26JUN050500-00 YES | ask=58.0c qty=298.74 order_id=2b7261fc-8bd9-4455-b66c-26da67e25027 filled 2 at 58.0c | counts S=23 U=9 K=11
STATUS T=581.9s | K 62547.30 + 19.60 | yes_mid=0.4950 trade=filled
STATUS T=521.7s | K 62521.86 - 5.84 | yes_mid=0.3950 trade=filled
STATUS T=458.1s | K 62493.43 - 34.27 | yes_mid=0.1350 trade=filled
STATUS T=395.9s | K 62456.66 - 71.04 | yes_mid=0.0985 trade=filled
STATUS T=333.0s | K 62435.74 - 91.96 | yes_mid=0.0535 trade=filled
STATUS T=272.8s | K 62405.01 - 122.69 | yes_mid=0.0235 trade=filled
STATUS T=210.4s | K 62351.34 - 176.36 | yes_mid=0.0285 trade=filled
STATUS T=149.2s | K 62282.08 - 245.62 | yes_mid=0.0430 trade=filled
STATUS T=85.3s | K 62392.98 - 134.72 | yes_mid=0.0130 trade=filled
STATUS T=24.9s | K 62404.86 - 122.84 | yes_mid=0.0010 trade=filled orderbook=INVALID no_ask:price_missing_or_out_of_range:None
2026-06-05T09:00:07.532Z | BALANCE T=-6.6s OUTCOME | Kalshi $12.1200 drawdown=-0.6200
OUTCOME KXBTC15M-26JUN050500-00 | K price=62416.83 target=62527.70 target_source=observed_source_snapshot actual=NO trade=YES status=filled result=unsuccessful correct=0 | counts S=23 U=10 K=11

CONTRACT KXBTC15M-26JUN050515-15 | close 2026-06-05T09:15:00Z | K target 62408.80
STATUS T=884.6s | K 62409.34 + 0.54 | yes_mid=0.5450 trade=--
STATUS T=824.2s | K 62409.34 + 0.54 | yes_mid=0.6150 trade=--
STATUS T=761.4s | K 62447.59 + 38.79 | yes_mid=0.7850 trade=--
STATUS T=699.8s | K 62573.03 + 164.23 | yes_mid=0.8250 trade=--
STATUS T=635.4s | K 62543.29 + 134.49 | yes_mid=0.7050 trade=--
2026-06-05T09:04:34.747Z | BALANCE T=628.0s T630s | Kalshi $12.1200 drawdown=-0.6200
STATUS T=630s KXBTC15M-26JUN050515-15 | yes_mid=0.5950 selected=YES selected_prob=0.5950 band=0.55-0.80 contracts=2
ORDER FILLED KXBTC15M-26JUN050515-15 YES | ask=65.0c qty=1379.01 order_id=cfb2b393-9216-4207-b43d-7471876c53f4 filled 2 at 65.0c | counts S=23 U=10 K=11
STATUS T=571.6s | K 62543.29 + 134.49 | yes_mid=0.6900 trade=filled
STATUS T=509.4s | K 62551.96 + 143.16 | yes_mid=0.8350 trade=filled
STATUS T=446.5s | K 62523.82 + 115.02 | yes_mid=0.9125 trade=filled
STATUS T=386.3s | K 62574.34 + 165.54 | yes_mid=0.8350 trade=filled
STATUS T=326.3s | K 62582.53 + 173.73 | yes_mid=0.9695 trade=filled
STATUS T=263.4s | K 62697.07 + 288.27 | yes_mid=0.9835 trade=filled
STATUS T=201.8s | K 62697.07 + 288.27 | yes_mid=0.9915 trade=filled
STATUS T=139.7s | K 62711.79 + 302.99 | yes_mid=0.9945 trade=filled
STATUS T=79.1s | K 62731.29 + 322.49 | yes_mid=0.9990 trade=filled orderbook=INVALID yes_ask:price_missing_or_out_of_range:None
STATUS T=18.7s | K 62953.53 + 544.73 | yes_mid=0.9990 trade=filled orderbook=INVALID yes_ask:price_missing_or_out_of_range:None
2026-06-05T09:15:03.214Z | POLL FETCH ERROR RuntimeError: GET /markets failed: HTTP 429 {"error":{"code":"too_many_requests","message":"too many requests"}}
2026-06-05T09:15:06.059Z | BALANCE T=-5.2s OUTCOME | Kalshi $12.7900 drawdown=-1.2900
OUTCOME KXBTC15M-26JUN050515-15 | K price=62961.16 target=62408.80 target_source=observed_source_snapshot actual=YES trade=YES status=filled result=successful correct=1 | counts S=24 U=10 K=11

CONTRACT KXBTC15M-26JUN050530-30 | close 2026-06-05T09:30:00Z | K target 62958.84
STATUS T=881.1s | K 62965.32 + 6.48 | yes_mid=0.7150 trade=--
STATUS T=821.1s | K 63079.30 + 120.46 | yes_mid=0.5050 trade=--
STATUS T=759.7s | K 62979.55 + 20.71 | yes_mid=0.5650 trade=--
STATUS T=697.6s | K 63105.39 + 146.55 | yes_mid=0.4350 trade=--
STATUS T=635.8s | K 62984.47 + 25.63 | yes_mid=0.5650 trade=--
2026-06-05T09:19:34.580Z | BALANCE T=628.0s T630s | Kalshi $12.7900 drawdown=-1.2900
STATUS T=630s KXBTC15M-26JUN050530-30 | yes_mid=0.5950 selected=YES selected_prob=0.5950 band=0.55-0.80 contracts=2
ORDER FILLED KXBTC15M-26JUN050530-30 YES | ask=63.0c qty=1108.74 order_id=e4dda691-293e-4cc2-ac3d-8bc8cc1e8557 filled 2 at 63.0c | counts S=24 U=10 K=11
STATUS T=574.8s | K 62992.24 + 33.40 | yes_mid=0.3550 trade=filled
STATUS T=512.1s | K 62991.91 + 33.07 | yes_mid=0.5400 trade=filled
STATUS T=448.1s | K 62872.44 - 86.40 | yes_mid=0.4250 trade=filled
STATUS T=386.6s | K 62985.93 + 27.09 | yes_mid=0.7050 trade=filled
STATUS T=323.6s | K 63034.26 + 75.42 | yes_mid=0.6050 trade=filled
STATUS T=263.2s | K 63004.49 + 45.65 | yes_mid=0.7650 trade=filled
STATUS T=202.1s | K 63006.35 + 47.51 | yes_mid=0.6850 trade=filled
STATUS T=141.3s | K 63023.14 + 64.30 | yes_mid=0.6750 trade=filled
STATUS T=77.7s | K 63022.83 + 63.99 | yes_mid=0.9750 trade=filled
STATUS T=15.2s | K 63074.37 + 115.53 | yes_mid=0.9990 trade=filled orderbook=INVALID yes_ask:price_missing_or_out_of_range:None
2026-06-05T09:30:08.443Z | BALANCE T=-7.5s OUTCOME | Kalshi $13.5000 drawdown=-2.0000
OUTCOME KXBTC15M-26JUN050530-30 | K price=63077.67 target=62958.84 target_source=observed_source_snapshot actual=YES trade=YES status=filled result=successful correct=1 | counts S=25 U=10 K=11

CONTRACT KXBTC15M-26JUN050545-45 | close 2026-06-05T09:45:00Z | K target 63070.68
STATUS T=878.6s | K 63088.53 + 17.85 | yes_mid=0.4650 trade=--
STATUS T=815.7s | K 62998.57 - 72.11 | yes_mid=0.3300 trade=--
STATUS T=754.0s | K 62909.14 - 161.54 | yes_mid=0.2650 trade=--
STATUS T=693.8s | K 62940.31 - 130.37 | yes_mid=0.2450 trade=--
STATUS T=630.5s | K 62944.90 - 125.78 | yes_mid=0.2150 trade=--
2026-06-05T09:34:36.409Z | BALANCE T=626.7s T630s | Kalshi $13.5000 drawdown=-2.0000
STATUS T=630s KXBTC15M-26JUN050545-45 | yes_mid=0.2150 selected=NO selected_prob=0.7850 band=0.55-0.80 contracts=2
ORDER FILLED KXBTC15M-26JUN050545-45 NO | ask=78.0c qty=3.21 order_id=07c3a9b8-f94c-43a5-89de-108e4e644fc0 filled 2 at 77.0c | counts S=25 U=10 K=11
STATUS T=570.0s | K 62969.74 - 100.94 | yes_mid=0.2550 trade=filled
STATUS T=506.8s | K 62931.28 - 139.40 | yes_mid=0.1550 trade=filled
STATUS T=443.6s | K 62942.20 - 128.48 | yes_mid=0.0860 trade=filled
STATUS T=380.8s | K 62912.86 - 157.82 | yes_mid=0.0575 trade=filled
STATUS T=319.7s | K 62858.93 - 211.75 | yes_mid=0.0245 trade=filled
STATUS T=258.6s | K 62791.77 - 278.91 | yes_mid=0.0135 trade=filled
STATUS T=197.0s | K 62752.93 - 317.75 | yes_mid=0.0175 trade=filled
STATUS T=136.6s | K 62752.93 - 317.75 | yes_mid=0.0040 trade=filled
STATUS T=74.8s | K 62755.53 - 315.15 | yes_mid=0.0010 trade=filled orderbook=INVALID no_ask:price_missing_or_out_of_range:None
STATUS T=14.5s | K 62761.35 - 309.33 | yes_mid=0.0010 trade=filled orderbook=INVALID no_ask:price_missing_or_out_of_range:None
2026-06-05T09:45:09.207Z | BALANCE T=-6.7s OUTCOME | Kalshi $13.9300 drawdown=-2.4300
OUTCOME KXBTC15M-26JUN050545-45 | K price=62761.35 target=63070.68 target_source=observed_source_snapshot actual=NO trade=NO status=filled result=successful correct=1 | counts S=26 U=10 K=11

CONTRACT KXBTC15M-26JUN050600-00 | close 2026-06-05T10:00:00Z | K target 62769.34
STATUS T=877.2s | K 62818.37 + 49.03 | yes_mid=0.5950 trade=--
STATUS T=814.2s | K 62776.86 + 7.52 | yes_mid=0.7350 trade=--
STATUS T=753.9s | K 62840.20 + 70.86 | yes_mid=0.7150 trade=--
STATUS T=690.8s | K 62841.80 + 72.46 | yes_mid=0.6050 trade=--
STATUS T=628.0s | K 62826.21 + 56.87 | yes_mid=0.6250 trade=--
2026-06-05T09:49:34.811Z | BALANCE T=628.0s T630s | Kalshi $13.9300 drawdown=-2.4300
STATUS T=630s KXBTC15M-26JUN050600-00 | yes_mid=0.6450 selected=YES selected_prob=0.6450 band=0.55-0.80 contracts=2
ORDER FILLED KXBTC15M-26JUN050600-00 YES | ask=65.0c qty=1271.2 order_id=c3039941-a9b5-4797-8fe0-320d7c400a68 filled 2 at 65.0c | counts S=26 U=10 K=11
STATUS T=566.2s | K 62798.44 + 29.10 | yes_mid=0.6150 trade=filled
STATUS T=505.0s | K 62800.18 + 30.84 | yes_mid=0.7650 trade=filled
STATUS T=444.2s | K 62933.91 + 164.57 | yes_mid=0.8750 trade=filled
STATUS T=383.9s | K 62903.46 + 134.12 | yes_mid=0.7050 trade=filled
STATUS T=322.4s | K 62886.90 + 117.56 | yes_mid=0.7050 trade=filled
STATUS T=259.5s | K 62874.57 + 105.23 | yes_mid=0.8550 trade=filled
STATUS T=198.1s | K 62848.10 + 78.76 | yes_mid=0.7050 trade=filled
STATUS T=135.3s | K 62812.17 + 42.83 | yes_mid=0.8750 trade=filled
STATUS T=74.1s | K 62814.85 + 45.51 | yes_mid=0.7550 trade=filled
STATUS T=12.8s | K 62777.38 + 8.04 | yes_mid=0.9985 trade=filled
2026-06-05T10:00:07.695Z | BALANCE T=-6.3s OUTCOME | Kalshi $14.6000 drawdown=-3.1000
OUTCOME KXBTC15M-26JUN050600-00 | K price=62787.13 target=62769.34 target_source=observed_source_snapshot actual=YES trade=YES status=filled result=successful correct=1 | counts S=27 U=10 K=11

CONTRACT KXBTC15M-26JUN050615-15 | close 2026-06-05T10:15:00Z | K target 62806.88
STATUS T=873.4s | K 62784.58 - 22.30 | yes_mid=0.5750 trade=--
STATUS T=812.2s | K 62899.89 + 93.01 | yes_mid=0.7150 trade=--
STATUS T=749.7s | K 62898.90 + 92.02 | yes_mid=0.4950 trade=--
STATUS T=688.2s | K 62812.75 + 5.87 | yes_mid=0.5450 trade=--
2026-06-05T10:04:32.334Z | BALANCE T=630.0s T630s | Kalshi $14.6000 drawdown=-3.1000
STATUS T=630s KXBTC15M-26JUN050615-15 | yes_mid=0.4850 decision=SKIP reason=more likely side 0.5150 outside band 0.55-0.80 | counts S=27 U=10 K=12
STATUS T=624.0s | K 62774.75 - 32.13 | yes_mid=0.4350 trade=skip
STATUS T=562.0s | K 62762.23 - 44.65 | yes_mid=0.3050 trade=skip
STATUS T=498.8s | K 62679.58 - 127.30 | yes_mid=0.1950 trade=skip
STATUS T=435.8s | K 62666.77 - 140.11 | yes_mid=0.1050 trade=skip
STATUS T=374.4s | K 62641.39 - 165.49 | yes_mid=0.0965 trade=skip
STATUS T=313.5s | K 62663.06 - 143.82 | yes_mid=0.1150 trade=skip
STATUS T=253.5s | K 62640.87 - 166.01 | yes_mid=0.0330 trade=skip
STATUS T=189.9s | K 62681.89 - 124.99 | yes_mid=0.1750 trade=skip
STATUS T=129.3s | K 62679.83 - 127.05 | yes_mid=0.0495 trade=skip
STATUS T=67.5s | K 62679.83 - 127.05 | yes_mid=0.0255 trade=skip
STATUS T=6.8s | K 62713.20 - 93.68 | yes_mid=0.0010 trade=skip orderbook=INVALID no_ask:price_missing_or_out_of_range:None
2026-06-05T10:15:06.412Z | BALANCE T=-4.7s OUTCOME | Kalshi $14.6000 drawdown=-3.1000
OUTCOME KXBTC15M-26JUN050615-15 | K price=62741.85 target=62806.88 target_source=observed_source_snapshot actual=NO trade= status=skip result=skipped correct=-- | counts S=27 U=10 K=12

CONTRACT KXBTC15M-26JUN050630-30 | close 2026-06-05T10:30:00Z | K target 62712.48
STATUS T=875.8s | K 62713.20 + 0.72 | yes_mid=0.3950 trade=--
STATUS T=812.8s | K 62713.20 + 0.72 | yes_mid=0.3250 trade=--
STATUS T=751.8s | K 62566.01 - 146.47 | yes_mid=0.1850 trade=--
STATUS T=691.5s | K 62571.54 - 140.94 | yes_mid=0.1150 trade=--
STATUS T=627.8s | K 62544.51 - 167.97 | yes_mid=0.0885 trade=--
2026-06-05T10:19:34.967Z | BALANCE T=627.8s T630s | Kalshi $14.6000 drawdown=-3.1000
STATUS T=630s KXBTC15M-26JUN050630-30 | yes_mid=0.0885 decision=SKIP reason=more likely side 0.9115 outside band 0.55-0.80 | counts S=27 U=10 K=13
STATUS T=565.6s | K 62540.98 - 171.50 | yes_mid=0.0775 trade=skip
STATUS T=503.2s | K 62562.88 - 149.60 | yes_mid=0.0930 trade=skip
STATUS T=438.8s | K 62584.37 - 128.11 | yes_mid=0.0580 trade=skip
STATUS T=377.6s | K 62574.45 - 138.03 | yes_mid=0.0190 trade=skip
STATUS T=316.8s | K 62526.37 - 186.11 | yes_mid=0.0175 trade=skip
STATUS T=255.5s | K 62500.63 - 211.85 | yes_mid=0.0240 trade=skip
STATUS T=194.9s | K 62522.38 - 190.10 | yes_mid=0.0075 trade=skip
STATUS T=133.4s | K 62508.49 - 203.99 | yes_mid=0.0040 trade=skip
STATUS T=70.1s | K 62513.80 - 198.68 | yes_mid=0.0010 trade=skip orderbook=INVALID no_ask:price_missing_or_out_of_range:None
STATUS T=9.2s | K 62549.93 - 162.55 | yes_mid=0.0010 trade=skip orderbook=INVALID no_ask:price_missing_or_out_of_range:None
2026-06-05T10:30:07.794Z | BALANCE T=-6.9s OUTCOME | Kalshi $14.6000 drawdown=-3.1000
OUTCOME KXBTC15M-26JUN050630-30 | K price=62533.51 target=62712.48 target_source=observed_source_snapshot actual=NO trade= status=skip result=skipped correct=-- | counts S=27 U=10 K=13

CONTRACT KXBTC15M-26JUN050645-45 | close 2026-06-05T10:45:00Z | K target 62545.35
STATUS T=869.4s | K 62566.70 + 21.35 | yes_mid=0.5550 trade=--
STATUS T=806.2s | K 62540.59 - 4.76 | yes_mid=0.5850 trade=--
STATUS T=743.5s | K 62532.23 - 13.12 | yes_mid=0.5750 trade=--
STATUS T=681.0s | K 62529.14 - 16.21 | yes_mid=0.4750 trade=--
2026-06-05T10:34:34.107Z | BALANCE T=628.3s T630s | Kalshi $14.6000 drawdown=-3.1000
STATUS T=630s KXBTC15M-26JUN050645-45 | yes_mid=0.4650 decision=SKIP reason=more likely side 0.5350 outside band 0.55-0.80 | counts S=27 U=10 K=14
STATUS T=618.1s | K 62533.36 - 11.99 | yes_mid=0.4650 trade=skip
STATUS T=556.2s | K 62534.88 - 10.47 | yes_mid=0.3050 trade=skip
STATUS T=496.1s | K 62476.01 - 69.34 | yes_mid=0.1050 trade=skip
STATUS T=433.6s | K 62394.22 - 151.13 | yes_mid=0.0935 trade=skip
STATUS T=373.3s | K 62404.90 - 140.45 | yes_mid=0.0350 trade=skip
STATUS T=311.3s | K 62369.58 - 175.77 | yes_mid=0.0315 trade=skip
STATUS T=251.3s | K 62396.23 - 149.12 | yes_mid=0.0285 trade=skip
STATUS T=189.7s | K 62383.55 - 161.80 | yes_mid=0.0155 trade=skip
STATUS T=129.2s | K 62386.46 - 158.89 | yes_mid=0.0045 trade=skip
STATUS T=65.6s | K 62454.15 - 91.20 | yes_mid=0.0135 trade=skip
STATUS T=3.0s | K 62604.77 + 59.42 | yes_mid=0.9990 trade=skip orderbook=INVALID yes_ask:price_missing_or_out_of_range:None
2026-06-05T10:45:05.618Z | BALANCE T=-4.5s OUTCOME | Kalshi $14.6000 drawdown=-3.1000
OUTCOME KXBTC15M-26JUN050645-45 | K price=62521.84 target=62545.35 target_source=observed_source_snapshot actual=NO trade= status=skip result=skipped correct=-- | counts S=27 U=10 K=14

CONTRACT KXBTC15M-26JUN050700-00 | close 2026-06-05T11:00:00Z | K target 62580.50
STATUS T=863.6s | K 62547.25 - 33.25 | yes_mid=0.3950 trade=--
STATUS T=802.6s | K 62561.25 - 19.25 | yes_mid=0.4950 trade=--
STATUS T=739.3s | K 62583.32 + 2.82 | yes_mid=0.5350 trade=--
STATUS T=677.8s | K 62556.17 - 24.33 | yes_mid=0.3850 trade=--
2026-06-05T10:49:34.101Z | BALANCE T=628.7s T630s | Kalshi $14.6000 drawdown=-3.1000
STATUS T=630s KXBTC15M-26JUN050700-00 | yes_mid=0.3350 selected=NO selected_prob=0.6650 band=0.55-0.80 contracts=2
ORDER FILLED KXBTC15M-26JUN050700-00 NO | ask=67.0c qty=73.93 order_id=8687215d-725c-4e8f-828e-5bd487dd24af filled 2 at 67.0c | counts S=27 U=10 K=14
STATUS T=617.7s | K 62557.48 - 23.02 | yes_mid=0.3350 trade=filled
STATUS T=557.2s | K 62552.93 - 27.57 | yes_mid=0.3750 trade=filled
STATUS T=496.5s | K 62550.07 - 30.43 | yes_mid=0.3050 trade=filled
STATUS T=433.5s | K 62555.81 - 24.69 | yes_mid=0.0705 trade=filled
STATUS T=370.2s | K 62426.24 - 154.26 | yes_mid=0.1250 trade=filled
STATUS T=309.6s | K 62425.78 - 154.72 | yes_mid=0.1050 trade=filled
STATUS T=248.8s | K 62472.55 - 107.95 | yes_mid=0.0735 trade=filled
STATUS T=186.9s | K 62458.96 - 121.54 | yes_mid=0.0445 trade=filled
STATUS T=126.0s | K 62467.95 - 112.55 | yes_mid=0.0425 trade=filled
STATUS T=63.5s | K 62489.49 - 91.01 | yes_mid=0.0165 trade=filled
STATUS T=1.8s | K 62510.78 - 69.72 | yes_mid=0.0010 trade=filled orderbook=INVALID no_ask:price_missing_or_out_of_range:None
2026-06-05T11:00:07.759Z | BALANCE T=-6.8s OUTCOME | Kalshi $15.2300 drawdown=-3.7300
OUTCOME KXBTC15M-26JUN050700-00 | K price=62480.90 target=62580.50 target_source=observed_source_snapshot actual=NO trade=NO status=filled result=successful correct=1 | counts S=28 U=10 K=14

CONTRACT KXBTC15M-26JUN050715-15 | close 2026-06-05T11:15:00Z | K target 62503.25
STATUS T=867.9s | K 62495.79 - 7.46 | yes_mid=0.3250 trade=--
STATUS T=806.6s | K 62386.78 - 116.47 | yes_mid=0.2350 trade=--
STATUS T=743.9s | K 62454.25 - 49.00 | yes_mid=0.2450 trade=--
STATUS T=680.2s | K 62356.60 - 146.65 | yes_mid=0.1750 trade=--
2026-06-05T11:04:34.020Z | BALANCE T=628.3s T630s | Kalshi $15.2300 drawdown=-3.7300
STATUS T=630s KXBTC15M-26JUN050715-15 | yes_mid=0.1250 decision=SKIP reason=more likely side 0.8750 outside band 0.55-0.80 | counts S=28 U=10 K=15
STATUS T=618.5s | K 62388.32 - 114.93 | yes_mid=0.1250 trade=skip
STATUS T=554.8s | K 62341.70 - 161.55 | yes_mid=0.1350 trade=skip
STATUS T=494.2s | K 62419.57 - 83.68 | yes_mid=0.1650 trade=skip
STATUS T=431.1s | K 62374.52 - 128.73 | yes_mid=0.1150 trade=skip
STATUS T=368.1s | K 62374.52 - 128.73 | yes_mid=0.0530 trade=skip
STATUS T=307.2s | K 62258.35 - 244.90 | yes_mid=0.0315 trade=skip
STATUS T=245.3s | K 62259.64 - 243.61 | yes_mid=0.0185 trade=skip
STATUS T=183.8s | K 62259.64 - 243.61 | yes_mid=0.0175 trade=skip
STATUS T=121.3s | K 62298.97 - 204.28 | yes_mid=0.0045 trade=skip
STATUS T=60.5s | K 62339.45 - 163.80 | yes_mid=0.0040 trade=skip
STATUS T=-3.3s | K 62276.13 - 227.12 | yes_mid=-- trade=skip orderbook=INVALID yes_ask:price_missing_or_out_of_range:None; no_ask:price_missing_or_out_of_range:None
2026-06-05T11:15:06.163Z | BALANCE T=-5.3s OUTCOME | Kalshi $15.2300 drawdown=-3.7300
OUTCOME KXBTC15M-26JUN050715-15 | K price=62290.55 target=62503.25 target_source=observed_source_snapshot actual=NO trade= status=skip result=skipped correct=-- | counts S=28 U=10 K=15

CONTRACT KXBTC15M-26JUN050730-30 | close 2026-06-05T11:30:00Z | K target 62283.56
STATUS T=891.0s | K 62276.13 - 7.43 | yes_mid=0.3750 trade=--
STATUS T=829.1s | K 62230.27 - 53.29 | yes_mid=0.3150 trade=--
STATUS T=767.7s | K 62201.23 - 82.33 | yes_mid=0.5050 trade=--
STATUS T=707.3s | K 62353.33 + 69.77 | yes_mid=0.8150 trade=--
STATUS T=646.3s | K 62416.14 + 132.58 | yes_mid=0.8850 trade=--
2026-06-05T11:19:35.695Z | BALANCE T=626.5s T630s | Kalshi $15.2300 drawdown=-3.7300
STATUS T=630s KXBTC15M-26JUN050730-30 | yes_mid=0.8350 decision=SKIP reason=more likely side 0.8350 outside band 0.55-0.80 | counts S=28 U=10 K=16
STATUS T=582.8s | K 62416.14 + 132.58 | yes_mid=0.8750 trade=skip
STATUS T=519.3s | K 62423.26 + 139.70 | yes_mid=0.8750 trade=skip
STATUS T=459.1s | K 62437.26 + 153.70 | yes_mid=0.9470 trade=skip
STATUS T=398.5s | K 62435.53 + 151.97 | yes_mid=0.9665 trade=skip
STATUS T=338.1s | K 62538.94 + 255.38 | yes_mid=0.5650 trade=skip
STATUS T=276.2s | K 62517.48 + 233.92 | yes_mid=0.5850 trade=skip
STATUS T=213.1s | K 62294.21 + 10.65 | yes_mid=0.5550 trade=skip
STATUS T=151.0s | K 62296.88 + 13.32 | yes_mid=0.9535 trade=skip
STATUS T=87.5s | K 62351.92 + 68.36 | yes_mid=0.9955 trade=skip
STATUS T=25.0s | K 62412.41 + 128.85 | yes_mid=0.9990 trade=skip orderbook=INVALID yes_ask:price_missing_or_out_of_range:None
2026-06-05T11:30:08.367Z | BALANCE T=-7.5s OUTCOME | Kalshi $15.2300 drawdown=-3.7300
OUTCOME KXBTC15M-26JUN050730-30 | K price=62433.09 target=62283.56 target_source=observed_source_snapshot actual=YES trade= status=skip result=skipped correct=-- | counts S=28 U=10 K=16

CONTRACT KXBTC15M-26JUN050745-45 | close 2026-06-05T11:45:00Z | K target 62413.25
STATUS T=888.8s | K 62411.78 - 1.47 | yes_mid=0.5550 trade=--
STATUS T=825.5s | K 62438.54 + 25.29 | yes_mid=0.5850 trade=--
STATUS T=762.5s | K 62433.42 + 20.17 | yes_mid=0.2250 trade=--
STATUS T=701.1s | K 62402.43 - 10.82 | yes_mid=0.1500 trade=--
STATUS T=640.9s | K 62308.29 - 104.96 | yes_mid=0.2950 trade=--
2026-06-05T11:34:32.665Z | BALANCE T=629.6s T630s | Kalshi $15.2300 drawdown=-3.7300
STATUS T=630s KXBTC15M-26JUN050745-45 | yes_mid=0.2550 selected=NO selected_prob=0.7450 band=0.55-0.80 contracts=2
ORDER FILLED KXBTC15M-26JUN050745-45 NO | ask=75.0c qty=113.33 order_id=0ff4a2c0-c679-4fd8-985c-e379357f2444 filled 2 at 75.0c | counts S=28 U=10 K=16
STATUS T=580.3s | K 62302.18 - 111.07 | yes_mid=0.2250 trade=filled
STATUS T=519.0s | K 62323.54 - 89.71 | yes_mid=0.1300 trade=filled
STATUS T=457.7s | K 62330.18 - 83.07 | yes_mid=0.0840 trade=filled
STATUS T=394.1s | K 62263.36 - 149.89 | yes_mid=0.0615 trade=filled
STATUS T=330.9s | K 62265.97 - 147.28 | yes_mid=0.0455 trade=filled
STATUS T=267.9s | K 62236.66 - 176.59 | yes_mid=0.0255 trade=filled
STATUS T=204.6s | K 62244.64 - 168.61 | yes_mid=0.0045 trade=filled
STATUS T=143.3s | K 62169.40 - 243.85 | yes_mid=0.0025 trade=filled
STATUS T=80.1s | K 62151.57 - 261.68 | yes_mid=0.0015 trade=filled
STATUS T=18.3s | K 62141.89 - 271.36 | yes_mid=0.0015 trade=filled
2026-06-05T11:45:07.474Z | BALANCE T=-6.3s OUTCOME | Kalshi $13.7000 drawdown=-2.2000
OUTCOME KXBTC15M-26JUN050745-45 | K price=62101.66 target=62413.25 target_source=observed_source_snapshot actual=NO trade=NO status=filled result=successful correct=1 | counts S=29 U=10 K=16

CONTRACT KXBTC15M-26JUN050800-00 | close 2026-06-05T12:00:00Z | K target 62103.30
STATUS T=889.5s | K 62100.95 - 2.35 | yes_mid=0.4050 trade=--
STATUS T=825.9s | K 62048.62 - 54.68 | yes_mid=0.3950 trade=--
STATUS T=764.2s | K 62153.39 + 50.09 | yes_mid=0.5650 trade=--
STATUS T=703.7s | K 62122.29 + 18.99 | yes_mid=0.6450 trade=--
STATUS T=643.5s | K 62130.88 + 27.58 | yes_mid=0.4850 trade=--
2026-06-05T11:49:36.086Z | BALANCE T=627.7s T630s | Kalshi $15.7000 drawdown=-4.2000
STATUS T=630s KXBTC15M-26JUN050800-00 | yes_mid=0.5250 decision=SKIP reason=more likely side 0.5250 outside band 0.55-0.80 | counts S=29 U=10 K=17
STATUS T=583.3s | K 62152.48 + 49.18 | yes_mid=0.6150 trade=skip
STATUS T=522.1s | K 62145.60 + 42.30 | yes_mid=0.6500 trade=skip
STATUS T=461.7s | K 62147.03 + 43.73 | yes_mid=0.6050 trade=skip
STATUS T=400.2s | K 62109.98 + 6.68 | yes_mid=0.3950 trade=skip
STATUS T=338.4s | K 62082.94 - 20.36 | yes_mid=0.1550 trade=skip
STATUS T=276.2s | K 61963.87 - 139.43 | yes_mid=0.0745 trade=skip
STATUS T=215.1s | K 61963.87 - 139.43 | yes_mid=0.1950 trade=skip
STATUS T=154.9s | K 61969.56 - 133.74 | yes_mid=0.0695 trade=skip
STATUS T=94.6s | K 61992.50 - 110.80 | yes_mid=0.0130 trade=skip
STATUS T=34.2s | K 62011.03 - 92.27 | yes_mid=0.0030 trade=skip orderbook=INVALID no_ask:price_missing_or_out_of_range:None
2026-06-05T12:00:07.860Z | BALANCE T=-6.9s OUTCOME | Kalshi $15.7000 drawdown=-4.2000
OUTCOME KXBTC15M-26JUN050800-00 | K price=61930.15 target=62103.30 target_source=observed_source_snapshot actual=NO trade= status=skip result=skipped correct=-- | counts S=29 U=10 K=17

CONTRACT KXBTC15M-26JUN050815-15 | close 2026-06-05T12:15:00Z | K target 61946.99
STATUS T=882.8s | K 61930.15 - 16.84 | yes_mid=0.3950 trade=--
STATUS T=819.9s | K 61858.96 - 88.03 | yes_mid=0.3350 trade=--
STATUS T=757.5s | K 61875.70 - 71.29 | yes_mid=0.1650 trade=--
STATUS T=694.1s | K 61706.16 - 240.83 | yes_mid=0.1750 trade=--
STATUS T=630.1s | K 61646.49 - 300.50 | yes_mid=0.0965 trade=--
2026-06-05T12:04:35.619Z | BALANCE T=626.6s T630s | Kalshi $15.7000 drawdown=-4.2000
STATUS T=630s KXBTC15M-26JUN050815-15 | yes_mid=0.0860 decision=SKIP reason=more likely side 0.9140 outside band 0.55-0.80 | counts S=29 U=10 K=18
STATUS T=567.9s | K 61614.37 - 332.62 | yes_mid=0.1050 trade=skip
STATUS T=506.6s | K 61614.37 - 332.62 | yes_mid=0.3700 trade=skip
STATUS T=443.3s | K 61656.66 - 290.33 | yes_mid=0.7850 trade=skip
STATUS T=381.9s | K 62140.43 + 193.44 | yes_mid=0.7750 trade=skip
STATUS T=320.6s | K 62102.25 + 155.26 | yes_mid=0.6950 trade=skip
STATUS T=258.0s | K 62032.77 + 85.78 | yes_mid=0.8250 trade=skip
STATUS T=194.3s | K 62152.55 + 205.56 | yes_mid=0.9555 trade=skip
STATUS T=133.8s | K 62140.89 + 193.90 | yes_mid=0.9495 trade=skip
STATUS T=72.2s | K 62067.65 + 120.66 | yes_mid=0.9930 trade=skip
STATUS T=10.3s | K 62102.43 + 155.44 | yes_mid=0.9990 trade=skip orderbook=INVALID yes_ask:price_missing_or_out_of_range:None
2026-06-05T12:15:06.738Z | BALANCE T=-5.2s OUTCOME | Kalshi $15.7000 drawdown=-4.2000
OUTCOME KXBTC15M-26JUN050815-15 | K price=62132.40 target=61946.99 target_source=observed_source_snapshot actual=YES trade= status=skip result=skipped correct=-- | counts S=29 U=10 K=18

CONTRACT KXBTC15M-26JUN050830-30 | close 2026-06-05T12:30:00Z | K target 62109.46
STATUS T=884.1s | K 62133.64 + 24.18 | yes_mid=0.5650 trade=--
STATUS T=820.5s | K 62167.29 + 57.83 | yes_mid=0.6150 trade=--
STATUS T=760.1s | K 62163.26 + 53.80 | yes_mid=0.6450 trade=--
STATUS T=699.0s | K 62197.28 + 87.82 | yes_mid=0.7050 trade=--
STATUS T=638.5s | K 62233.01 + 123.55 | yes_mid=0.7900 trade=--
2026-06-05T12:19:36.409Z | BALANCE T=626.0s T630s | Kalshi $15.7000 drawdown=-4.2000
STATUS T=630s KXBTC15M-26JUN050830-30 | yes_mid=0.8250 decision=SKIP reason=more likely side 0.8250 outside band 0.55-0.80 | counts S=29 U=10 K=19
STATUS T=574.8s | K 62267.11 + 157.65 | yes_mid=0.7550 trade=skip
STATUS T=511.8s | K 62192.88 + 83.42 | yes_mid=0.6250 trade=skip
STATUS T=451.5s | K 62192.88 + 83.42 | yes_mid=0.5650 trade=skip
STATUS T=391.2s | K 62127.32 + 17.86 | yes_mid=0.8450 trade=skip
STATUS T=329.6s | K 62278.50 + 169.04 | yes_mid=0.9665 trade=skip
STATUS T=267.2s | K 62343.94 + 234.48 | yes_mid=0.8750 trade=skip
STATUS T=203.7s | K 62385.09 + 275.63 | yes_mid=0.9465 trade=skip
STATUS T=140.8s | K 62241.70 + 132.24 | yes_mid=0.9100 trade=skip
STATUS T=76.5s | K 62261.56 + 152.10 | yes_mid=0.9610 trade=skip
STATUS T=16.2s | K 62137.07 + 27.61 | yes_mid=0.9990 trade=skip orderbook=INVALID yes_ask:price_missing_or_out_of_range:None
2026-06-05T12:30:07.499Z | BALANCE T=-6.7s OUTCOME | Kalshi $15.7000 drawdown=-4.2000
OUTCOME KXBTC15M-26JUN050830-30 | K price=62137.07 target=62109.46 target_source=observed_source_snapshot actual=YES trade= status=skip result=skipped correct=-- | counts S=29 U=10 K=19

CONTRACT KXBTC15M-26JUN050845-45 | close 2026-06-05T12:45:00Z | K target 62157.65
STATUS T=879.7s | K 62137.07 - 20.58 | yes_mid=0.3650 trade=--
STATUS T=818.5s | K 62190.48 + 32.83 | yes_mid=0.1550 trade=--
STATUS T=755.1s | K 61839.35 - 318.30 | yes_mid=0.1650 trade=--
STATUS T=691.7s | K 61857.37 - 300.28 | yes_mid=0.1850 trade=--
STATUS T=629.3s | K 61877.53 - 280.12 | yes_mid=0.1550 trade=--
2026-06-05T12:34:33.706Z | BALANCE T=629.3s T630s | Kalshi $15.7000 drawdown=-4.2000
STATUS T=630s KXBTC15M-26JUN050845-45 | yes_mid=0.1750 decision=SKIP reason=more likely side 0.8250 outside band 0.55-0.80 | counts S=29 U=10 K=20
STATUS T=568.4s | K 61862.48 - 295.17 | yes_mid=0.0615 trade=skip
STATUS T=507.2s | K 61682.42 - 475.23 | yes_mid=0.0445 trade=skip
STATUS T=443.8s | K 61682.42 - 475.23 | yes_mid=0.1050 trade=skip
STATUS T=380.2s | K 61695.39 - 462.26 | yes_mid=0.0990 trade=skip
STATUS T=318.9s | K 61847.57 - 310.08 | yes_mid=0.1150 trade=skip
STATUS T=255.8s | K 61873.42 - 284.23 | yes_mid=0.0285 trade=skip
STATUS T=192.6s | K 61971.38 - 186.27 | yes_mid=0.0450 trade=skip
STATUS T=128.9s | K 61879.12 - 278.53 | yes_mid=0.0035 trade=skip
STATUS T=68.6s | K 61913.08 - 244.57 | yes_mid=0.0015 trade=skip
STATUS T=8.1s | K 61940.94 - 216.71 | yes_mid=0.0010 trade=skip orderbook=INVALID no_ask:price_missing_or_out_of_range:None
2026-06-05T12:45:07.596Z | BALANCE T=-6.7s OUTCOME | Kalshi $15.7000 drawdown=-4.2000
OUTCOME KXBTC15M-26JUN050845-45 | K price=61996.99 target=62157.65 target_source=observed_source_snapshot actual=NO trade= status=skip result=skipped correct=-- | counts S=29 U=10 K=20

CONTRACT KXBTC15M-26JUN050900-00 | close 2026-06-05T13:00:00Z | K target 61955.16
STATUS T=879.5s | K 61983.94 + 28.78 | yes_mid=0.5650 trade=--
STATUS T=817.1s | K 62005.45 + 50.29 | yes_mid=0.3350 trade=--
STATUS T=754.5s | K 61964.41 + 9.25 | yes_mid=0.4150 trade=--
STATUS T=691.3s | K 61928.93 - 26.23 | yes_mid=0.4350 trade=--
STATUS T=628.9s | K 61887.40 - 67.76 | yes_mid=0.4750 trade=--
2026-06-05T12:49:33.847Z | BALANCE T=628.9s T630s | Kalshi $15.7000 drawdown=-4.2000
STATUS T=630s KXBTC15M-26JUN050900-00 | yes_mid=0.4750 decision=SKIP reason=more likely side 0.5250 outside band 0.55-0.80 | counts S=29 U=10 K=21
STATUS T=567.3s | K 61917.86 - 37.30 | yes_mid=0.3250 trade=skip
STATUS T=506.4s | K 61883.06 - 72.10 | yes_mid=0.2350 trade=skip
STATUS T=444.0s | K 61907.29 - 47.87 | yes_mid=0.5650 trade=skip
STATUS T=382.7s | K 61880.12 - 75.04 | yes_mid=0.5850 trade=skip
STATUS T=320.1s | K 61912.03 - 43.13 | yes_mid=0.3150 trade=skip
STATUS T=258.1s | K 61898.46 - 56.70 | yes_mid=0.2350 trade=skip
STATUS T=197.9s | K 61926.17 - 28.99 | yes_mid=0.4850 trade=skip
STATUS T=136.4s | K 61926.17 - 28.99 | yes_mid=0.3500 trade=skip
STATUS T=74.2s | K 61904.92 - 50.24 | yes_mid=0.0865 trade=skip
STATUS T=13.4s | K 61904.92 - 50.24 | yes_mid=0.0025 trade=skip
2026-06-05T13:00:06.406Z | BALANCE T=-5.6s OUTCOME | Kalshi $15.7000 drawdown=-4.2000
OUTCOME KXBTC15M-26JUN050900-00 | K price=61922.49 target=61955.16 target_source=observed_source_snapshot actual=NO trade= status=skip result=skipped correct=-- | counts S=29 U=10 K=21

CONTRACT KXBTC15M-26JUN050915-15 | close 2026-06-05T13:15:00Z | K target 61917.81
STATUS T=874.9s | K 61914.58 - 3.23 | yes_mid=0.6250 trade=--
STATUS T=813.8s | K 61975.89 + 58.08 | yes_mid=0.6650 trade=--
STATUS T=751.4s | K 61980.40 + 62.59 | yes_mid=0.6550 trade=--
STATUS T=691.0s | K 61904.87 - 12.94 | yes_mid=0.6150 trade=--
STATUS T=630.5s | K 62017.89 + 100.08 | yes_mid=0.6450 trade=--
2026-06-05T13:04:34.981Z | BALANCE T=627.1s T630s | Kalshi $15.7000 drawdown=-4.2000
STATUS T=630s KXBTC15M-26JUN050915-15 | yes_mid=0.6650 selected=YES selected_prob=0.6650 band=0.55-0.80 contracts=2
2026-06-05T13:04:37.700Z | ORDER RETRY 1/10 YES post error RuntimeError: POST /portfolio/orders failed: HTTP 409 {"error":{"code":"fill_or_kill_insufficient_resting_volume","message":"fill or kill insufficient resting volume"}}
ORDER FILLED KXBTC15M-26JUN050915-15 YES | ask=75.0c qty=5236.81 order_id=66f25cd6-e9c4-45a4-aae6-f9533baf4de4 filled 2 at 75.0c | counts S=29 U=10 K=21
STATUS T=568.9s | K 62017.89 + 100.08 | yes_mid=0.8050 trade=filled
STATUS T=508.3s | K 62017.32 + 99.51 | yes_mid=0.5350 trade=filled
STATUS T=447.1s | K 62015.89 + 98.08 | yes_mid=0.6550 trade=filled
STATUS T=386.1s | K 61964.57 + 46.76 | yes_mid=0.5150 trade=filled
STATUS T=322.6s | K 61923.24 + 5.43 | yes_mid=0.4250 trade=filled
STATUS T=262.2s | K 61947.94 + 30.13 | yes_mid=0.7450 trade=filled
STATUS T=202.2s | K 61926.25 + 8.44 | yes_mid=0.5050 trade=filled
STATUS T=141.1s | K 61989.50 + 71.69 | yes_mid=0.8450 trade=filled
STATUS T=79.4s | K 61930.85 + 13.04 | yes_mid=0.9260 trade=filled
STATUS T=16.5s | K 61930.48 + 12.67 | yes_mid=0.9990 trade=filled orderbook=INVALID yes_ask:price_missing_or_out_of_range:None
2026-06-05T13:15:06.920Z | BALANCE T=-5.9s OUTCOME | Kalshi $16.1800 drawdown=-4.6800
OUTCOME KXBTC15M-26JUN050915-15 | K price=61998.17 target=61917.81 target_source=observed_source_snapshot actual=YES trade=YES status=filled result=successful correct=1 | counts S=30 U=10 K=21

CONTRACT KXBTC15M-26JUN050930-30 | close 2026-06-05T13:30:00Z | K target 61998.70
STATUS T=869.1s | K 61947.78 - 50.92 | yes_mid=0.3150 trade=--
STATUS T=808.8s | K 61892.09 - 106.61 | yes_mid=0.3000 trade=--
STATUS T=748.1s | K 61892.09 - 106.61 | yes_mid=0.4650 trade=--
STATUS T=687.7s | K 61891.21 - 107.49 | yes_mid=0.5050 trade=--
2026-06-05T13:19:34.008Z | BALANCE T=629.1s T630s | Kalshi $16.1800 drawdown=-4.6800
STATUS T=630s KXBTC15M-26JUN050930-30 | yes_mid=0.5850 selected=YES selected_prob=0.5850 band=0.55-0.80 contracts=2
2026-06-05T13:19:36.494Z | ORDER RETRY 1/10 YES post error RuntimeError: POST /portfolio/orders failed: HTTP 409 {"error":{"code":"fill_or_kill_insufficient_resting_volume","message":"fill or kill insufficient resting volume"}}
ORDER FILLED KXBTC15M-26JUN050930-30 YES | ask=62.0c qty=131.53 order_id=ef66799f-78b3-4b5a-8d86-cde86c307970 filled 2 at 61.0c | counts S=30 U=10 K=21
STATUS T=614.9s | K 62004.40 + 5.70 | yes_mid=0.6250 trade=filled
STATUS T=551.7s | K 62208.74 + 210.04 | yes_mid=0.8450 trade=filled
STATUS T=491.0s | K 62036.43 + 37.73 | yes_mid=0.7750 trade=filled
STATUS T=427.5s | K 62255.31 + 256.61 | yes_mid=0.7850 trade=filled
STATUS T=363.9s | K 62128.03 + 129.33 | yes_mid=0.6650 trade=filled
STATUS T=303.7s | K 62096.24 + 97.54 | yes_mid=0.7550 trade=filled
STATUS T=240.1s | K 62095.87 + 97.17 | yes_mid=0.9105 trade=filled
STATUS T=176.5s | K 62152.50 + 153.80 | yes_mid=0.9005 trade=filled
STATUS T=115.9s | K 62189.94 + 191.24 | yes_mid=0.9735 trade=filled
STATUS T=54.5s | K 62152.67 + 153.97 | yes_mid=0.9990 trade=filled orderbook=INVALID yes_ask:price_missing_or_out_of_range:None
2026-06-05T13:30:06.603Z | BALANCE T=-3.2s OUTCOME | Kalshi $16.9200 drawdown=-5.4200
OUTCOME KXBTC15M-26JUN050930-30 | K price=62120.46 target=61998.70 target_source=observed_source_snapshot actual=YES trade=YES status=filled result=successful correct=1 | counts S=31 U=10 K=21

CONTRACT KXBTC15M-26JUN050945-45 | close 2026-06-05T13:45:00Z | K target 62109.06
STATUS T=870.6s | K 62034.21 - 74.85 | yes_mid=0.3250 trade=--
STATUS T=809.7s | K 61898.70 - 210.36 | yes_mid=0.3650 trade=--
STATUS T=747.1s | K 61928.08 - 180.98 | yes_mid=0.5150 trade=--
STATUS T=685.0s | K 62061.91 - 47.15 | yes_mid=0.5850 trade=--
2026-06-05T13:34:33.379Z | BALANCE T=629.6s T630s | Kalshi $16.9200 drawdown=-5.4200
STATUS T=630s KXBTC15M-26JUN050945-45 | yes_mid=0.6150 selected=YES selected_prob=0.6150 band=0.55-0.80 contracts=2
ORDER FILLED KXBTC15M-26JUN050945-45 YES | ask=71.0c qty=897.37 order_id=89ba9023-afa2-4ed9-9bfa-80e0da6c5340 filled 2 at 71.0c | counts S=31 U=10 K=21
STATUS T=617.7s | K 62110.13 + 1.07 | yes_mid=0.6950 trade=filled
STATUS T=555.8s | K 62160.59 + 51.53 | yes_mid=0.6200 trade=filled
STATUS T=495.8s | K 62160.59 + 51.53 | yes_mid=0.4750 trade=filled
STATUS T=435.4s | K 62044.12 - 64.94 | yes_mid=0.2850 trade=filled
STATUS T=373.2s | K 62083.94 - 25.12 | yes_mid=0.1250 trade=filled
STATUS T=311.3s | K 61795.65 - 313.41 | yes_mid=0.0410 trade=filled
STATUS T=250.1s | K 61795.65 - 313.41 | yes_mid=0.0185 trade=filled
STATUS T=189.7s | K 61747.04 - 362.02 | yes_mid=0.0080 trade=filled
STATUS T=128.4s | K 61663.17 - 445.89 | yes_mid=0.0040 trade=filled
STATUS T=64.8s | K 61690.43 - 418.63 | yes_mid=0.0020 trade=filled
STATUS T=4.1s | K 61728.56 - 380.50 | yes_mid=0.0010 trade=filled orderbook=INVALID no_ask:price_missing_or_out_of_range:None
2026-06-05T13:45:05.526Z | BALANCE T=-2.0s OUTCOME | Kalshi $15.4700 drawdown=-3.9700
OUTCOME KXBTC15M-26JUN050945-45 | K price=61815.52 target=62109.06 target_source=observed_source_snapshot actual=NO trade=YES status=filled result=unsuccessful correct=0 | counts S=31 U=11 K=21

CONTRACT KXBTC15M-26JUN051000-00 | close 2026-06-05T14:00:00Z | K target 61765.58
STATUS T=865.3s | K 61769.97 + 4.39 | yes_mid=0.4250 trade=--
STATUS T=804.2s | K 61809.94 + 44.36 | yes_mid=0.5350 trade=--
STATUS T=740.3s | K 61762.55 - 3.03 | yes_mid=0.3650 trade=--
STATUS T=678.1s | K 61706.71 - 58.87 | yes_mid=0.2650 trade=--
2026-06-05T13:49:36.987Z | BALANCE T=625.7s T630s | Kalshi $15.4700 drawdown=-3.9700
STATUS T=630s KXBTC15M-26JUN051000-00 | yes_mid=0.1050 decision=SKIP reason=more likely side 0.8950 outside band 0.55-0.80 | counts S=31 U=11 K=22
STATUS T=615.6s | K 61597.58 - 168.00 | yes_mid=0.0865 trade=skip
STATUS T=552.8s | K 61305.45 - 460.13 | yes_mid=0.0630 trade=skip
STATUS T=492.1s | K 61250.71 - 514.87 | yes_mid=0.0385 trade=skip
STATUS T=432.0s | K 61103.40 - 662.18 | yes_mid=0.0305 trade=skip
STATUS T=369.2s | K 61236.54 - 529.04 | yes_mid=0.0135 trade=skip
STATUS T=308.2s | K 61081.14 - 684.44 | yes_mid=0.0125 trade=skip
STATUS T=248.2s | K 61081.14 - 684.44 | yes_mid=0.0040 trade=skip
STATUS T=187.4s | K 61163.34 - 602.24 | yes_mid=0.0010 trade=skip orderbook=INVALID no_ask:price_missing_or_out_of_range:None
STATUS T=124.8s | K 60894.06 - 871.52 | yes_mid=0.0010 trade=skip orderbook=INVALID no_ask:price_missing_or_out_of_range:None
STATUS T=62.1s | K 60812.54 - 953.04 | yes_mid=0.0010 trade=skip orderbook=INVALID no_ask:price_missing_or_out_of_range:None
STATUS T=0.2s | K 60780.77 - 984.81 | yes_mid=0.0010 trade=skip orderbook=INVALID no_ask:price_missing_or_out_of_range:None

CONTRACT KXBTC15M-26JUN051015-15 | close 2026-06-05T14:15:00Z | K target 60715.38
STATUS T=894.8s | K 60780.77 + 65.39 | yes_mid=0.5250 trade=--
STATUS T=832.8s | K 60906.50 + 191.12 | yes_mid=0.6450 trade=--
STATUS T=772.0s | K 60687.66 - 27.72 | yes_mid=0.5850 trade=--
STATUS T=711.3s | K 60802.41 + 87.03 | yes_mid=0.5950 trade=--
STATUS T=651.0s | K 60781.28 + 65.90 | yes_mid=0.3650 trade=--
2026-06-05T14:04:35.130Z | BALANCE T=628.0s T630s | Kalshi $15.4700 drawdown=-3.9700
STATUS T=630s KXBTC15M-26JUN051015-15 | yes_mid=0.3200 selected=NO selected_prob=0.6800 band=0.55-0.80 contracts=2
ORDER FILLED KXBTC15M-26JUN051015-15 NO | ask=69.0c qty=1884.43 order_id=2030a514-a1ce-4174-8ed2-05d26761bab1 filled 2 at 69.0c | counts S=31 U=11 K=22
STATUS T=588.7s | K 60587.03 - 128.35 | yes_mid=0.4250 trade=filled
STATUS T=524.6s | K 60587.03 - 128.35 | yes_mid=0.3550 trade=filled
STATUS T=462.5s | K 60577.99 - 137.39 | yes_mid=0.5650 trade=filled
STATUS T=401.6s | K 60828.82 + 113.44 | yes_mid=0.7450 trade=filled
STATUS T=339.9s | K 60870.39 + 155.01 | yes_mid=0.9275 trade=filled
STATUS T=276.4s | K 61167.64 + 452.26 | yes_mid=0.9190 trade=filled
STATUS T=216.2s | K 61023.86 + 308.48 | yes_mid=0.6350 trade=filled
STATUS T=153.7s | K 60899.96 + 184.58 | yes_mid=0.3150 trade=filled
STATUS T=90.9s | K 60671.41 - 43.97 | yes_mid=0.6850 trade=filled
STATUS T=30.5s | K 60720.76 + 5.38 | yes_mid=0.9980 trade=filled
2026-06-05T14:15:06.726Z | BALANCE T=-4.7s OUTCOME | Kalshi $14.0600 drawdown=-2.5600
OUTCOME KXBTC15M-26JUN051015-15 | K price=60812.89 target=60715.38 target_source=observed_source_snapshot actual=YES trade=NO status=filled result=unsuccessful correct=0 | counts S=31 U=12 K=22

CONTRACT KXBTC15M-26JUN051030-30 | close 2026-06-05T14:30:00Z | K target 60813.42
STATUS T=890.2s | K 60794.65 - 18.77 | yes_mid=0.5400 trade=--
STATUS T=827.4s | K 60809.82 - 3.60 | yes_mid=0.6400 trade=--
STATUS T=765.6s | K 60952.78 + 139.36 | yes_mid=0.5450 trade=--
STATUS T=703.8s | K 60836.75 + 23.33 | yes_mid=0.4150 trade=--
STATUS T=642.8s | K 60749.87 - 63.55 | yes_mid=0.4250 trade=--
2026-06-05T14:19:32.889Z | BALANCE T=629.6s T630s | Kalshi $14.0600 drawdown=-2.5600
STATUS T=630s KXBTC15M-26JUN051030-30 | yes_mid=0.4050 selected=NO selected_prob=0.5950 band=0.55-0.80 contracts=2
2026-06-05T14:19:35.459Z | ORDER RETRY 1/10 NO post error RuntimeError: POST /portfolio/orders failed: HTTP 409 {"error":{"code":"fill_or_kill_insufficient_resting_volume","message":"fill or kill insufficient resting volume"}}
ORDER FILLED KXBTC15M-26JUN051030-30 NO | ask=57.0c qty=316.21 order_id=f5b582e3-19d5-40ae-b600-d703ca874938 filled 2 at 57.0c | counts S=31 U=12 K=22
STATUS T=579.6s | K 60739.50 - 73.92 | yes_mid=0.4650 trade=filled
STATUS T=517.4s | K 60739.50 - 73.92 | yes_mid=0.5350 trade=filled
STATUS T=457.2s | K 60894.32 + 80.90 | yes_mid=0.3650 trade=filled
STATUS T=396.0s | K 60671.54 - 141.88 | yes_mid=0.2050 trade=filled
STATUS T=332.7s | K 60638.43 - 174.99 | yes_mid=0.1050 trade=filled
STATUS T=271.1s | K 60593.82 - 219.60 | yes_mid=0.0595 trade=filled
STATUS T=208.5s | K 60436.68 - 376.74 | yes_mid=0.0100 trade=filled
STATUS T=145.9s | K 60402.87 - 410.55 | yes_mid=0.0095 trade=filled
STATUS T=85.2s | K 60423.07 - 390.35 | yes_mid=0.0010 trade=filled orderbook=INVALID no_ask:price_missing_or_out_of_range:None
STATUS T=22.4s | K 60334.95 - 478.47 | yes_mid=0.0010 trade=filled orderbook=INVALID no_ask:price_missing_or_out_of_range:None
2026-06-05T14:30:08.003Z | BALANCE T=-7.2s OUTCOME | Kalshi $14.8900 drawdown=-3.3900
OUTCOME KXBTC15M-26JUN051030-30 | K price=60334.95 target=60813.42 target_source=observed_source_snapshot actual=NO trade=NO status=filled result=successful correct=1 | counts S=32 U=12 K=22

CONTRACT KXBTC15M-26JUN051045-45 | close 2026-06-05T14:45:00Z | K target 60352.24
STATUS T=889.2s | K 60360.25 + 8.01 | yes_mid=0.6450 trade=--
STATUS T=825.1s | K 60430.95 + 78.71 | yes_mid=0.5650 trade=--
STATUS T=763.7s | K 60430.95 + 78.71 | yes_mid=0.4650 trade=--
STATUS T=700.1s | K 60318.24 - 34.00 | yes_mid=0.6150 trade=--
STATUS T=638.2s | K 60416.38 + 64.14 | yes_mid=0.7550 trade=--
2026-06-05T14:34:33.367Z | BALANCE T=629.5s T630s | Kalshi $14.8900 drawdown=-3.3900
STATUS T=630s KXBTC15M-26JUN051045-45 | yes_mid=0.7650 selected=YES selected_prob=0.7650 band=0.55-0.80 contracts=2
ORDER FILLED KXBTC15M-26JUN051045-45 YES | ask=78.0c qty=1882.94 order_id=0b976a67-a187-494f-ad79-3d090bfd813f filled 2 at 78.0c | counts S=32 U=12 K=22
STATUS T=574.5s | K 60734.88 + 382.64 | yes_mid=0.9290 trade=filled
STATUS T=512.4s | K 60874.58 + 522.34 | yes_mid=0.9360 trade=filled
STATUS T=451.5s | K 60994.17 + 641.93 | yes_mid=0.9745 trade=filled
STATUS T=388.6s | K 61150.53 + 798.29 | yes_mid=0.9775 trade=filled
STATUS T=326.0s | K 61028.78 + 676.54 | yes_mid=0.9665 trade=filled
STATUS T=264.1s | K 60940.91 + 588.67 | yes_mid=0.9925 trade=filled
STATUS T=202.0s | K 60920.27 + 568.03 | yes_mid=0.9975 trade=filled
STATUS T=141.9s | K 61003.19 + 650.95 | yes_mid=0.9985 trade=filled
STATUS T=81.1s | K 60987.08 + 634.84 | yes_mid=0.9990 trade=filled orderbook=INVALID yes_ask:price_missing_or_out_of_range:None
STATUS T=17.7s | K 60754.27 + 402.03 | yes_mid=0.9990 trade=filled orderbook=INVALID yes_ask:price_missing_or_out_of_range:None
2026-06-05T14:45:06.127Z | BALANCE T=-5.1s OUTCOME | Kalshi $13.3000 drawdown=-1.8000
OUTCOME KXBTC15M-26JUN051045-45 | K price=60968.11 target=60352.24 target_source=observed_source_snapshot actual=YES trade=YES status=filled result=successful correct=1 | counts S=33 U=12 K=22

CONTRACT KXBTC15M-26JUN051100-00 | close 2026-06-05T15:00:00Z | K target --
STATUS T=886.1s | K 60754.27 -- | yes_mid=0.5850 trade=--
STATUS T=823.4s | K 60865.06 -- | yes_mid=0.6900 trade=--
STATUS T=762.5s | K 60901.24 -- | yes_mid=0.6150 trade=--
STATUS T=700.0s | K 60952.15 -- | yes_mid=0.6550 trade=--
STATUS T=640.0s | K 60915.23 -- | yes_mid=0.6200 trade=--
2026-06-05T14:49:34.567Z | BALANCE T=629.0s T630s | Kalshi $13.3000 drawdown=-1.8000
STATUS T=630s KXBTC15M-26JUN051100-00 | yes_mid=0.5850 selected=YES selected_prob=0.5850 band=0.55-0.80 contracts=2
2026-06-05T14:49:36.656Z | ORDER RETRY 1/10 YES more likely side 0.5350 outside band 0.55-0.80
2026-06-05T14:49:38.969Z | ORDER RETRY 2/10 YES more likely side 0.5300 outside band 0.55-0.80
2026-06-05T14:49:42.009Z | ORDER RETRY 3/10 YES more likely side 0.5350 outside band 0.55-0.80
2026-06-05T14:49:44.577Z | ORDER RETRY 4/10 YES more likely side 0.5050 outside band 0.55-0.80
2026-06-05T14:49:47.290Z | ORDER RETRY 5/10 YES more likely side 0.5050 outside band 0.55-0.80
2026-06-05T14:49:48.980Z | ORDER RETRY 6/10 YES more likely side 0.5100 outside band 0.55-0.80
2026-06-05T14:49:51.127Z | ORDER RETRY 7/10 YES more likely side 0.5250 outside band 0.55-0.80
2026-06-05T14:49:52.971Z | ORDER RETRY 8/10 YES more likely side 0.5200 outside band 0.55-0.80
2026-06-05T14:49:55.294Z | ORDER RETRY 9/10 YES more likely side 0.5050 outside band 0.55-0.80
2026-06-05T14:49:57.447Z | ORDER RETRY 10/10 YES more likely side 0.5050 outside band 0.55-0.80
ORDER SKIP KXBTC15M-26JUN051100-00 YES | ask=51.0c qty=60.55 order_id=-- no fill/valid liquidity after 10 attempts; last=more likely side 0.5050 outside band 0.55-0.80 | counts S=33 U=12 K=23
STATUS T=578.5s | K 60893.78 -- | yes_mid=0.4450 trade=skip
STATUS T=515.3s | K 60805.07 -- | yes_mid=0.7800 trade=skip
STATUS T=452.9s | K 60981.30 -- | yes_mid=0.6750 trade=skip
STATUS T=390.8s | K 60905.18 -- | yes_mid=0.6650 trade=skip
STATUS T=329.6s | K 60794.28 -- | yes_mid=0.5350 trade=skip
STATUS T=267.3s | K 60894.56 -- | yes_mid=0.1200 trade=skip
STATUS T=205.9s | K 60675.08 -- | yes_mid=0.5750 trade=skip
STATUS T=142.2s | K 60760.46 -- | yes_mid=0.7950 trade=skip
STATUS T=79.7s | K 60822.94 -- | yes_mid=0.7050 trade=skip
STATUS T=16.1s | K 60801.14 -- | yes_mid=0.9990 trade=skip orderbook=INVALID yes_ask:price_missing_or_out_of_range:None
2026-06-05T15:00:07.614Z | BALANCE T=-6.8s OUTCOME | Kalshi $13.3000 drawdown=-1.8000
OUTCOME KXBTC15M-26JUN051100-00 | K price=60799.27 target=-- target_source=missing actual=MISSING trade=YES status=skip result=skipped correct=-- | counts S=33 U=12 K=23

CONTRACT KXBTC15M-26JUN051115-15 | close 2026-06-05T15:15:00Z | K target --
STATUS T=879.5s | K 60839.92 -- | yes_mid=0.5250 trade=--
STATUS T=819.3s | K 60819.01 -- | yes_mid=0.3250 trade=--
STATUS T=757.1s | K 60822.97 -- | yes_mid=0.3850 trade=--
STATUS T=696.5s | K 60924.53 -- | yes_mid=0.6550 trade=--
STATUS T=633.5s | K 60698.55 -- | yes_mid=0.6350 trade=--
2026-06-05T15:04:33.289Z | BALANCE T=629.6s T630s | Kalshi $13.3000 drawdown=-1.8000
STATUS T=630s KXBTC15M-26JUN051115-15 | yes_mid=0.5750 selected=YES selected_prob=0.5750 band=0.55-0.80 contracts=2
2026-06-05T15:04:35.691Z | ORDER RETRY 1/10 YES post error RuntimeError: POST /portfolio/orders failed: HTTP 409 {"error":{"code":"fill_or_kill_insufficient_resting_volume","message":"fill or kill insufficient resting volume"}}
2026-06-05T15:04:39.383Z | ORDER RETRY 2/10 YES post error RuntimeError: POST /portfolio/orders failed: HTTP 409 {"error":{"code":"fill_or_kill_insufficient_resting_volume","message":"fill or kill insufficient resting volume"}}
2026-06-05T15:04:42.407Z | ORDER RETRY 3/10 YES post error RuntimeError: POST /portfolio/orders failed: HTTP 409 {"error":{"code":"fill_or_kill_insufficient_resting_volume","message":"fill or kill insufficient resting volume"}}
ORDER FILLED KXBTC15M-26JUN051115-15 YES | ask=60.0c qty=116.0 order_id=8190f1a6-dd5c-4a1e-b2d6-3388de4194e3 filled 2 at 58.0c | counts S=33 U=12 K=23
STATUS T=571.8s | K 60935.82 -- | yes_mid=0.6250 trade=filled
STATUS T=508.4s | K 60913.11 -- | yes_mid=0.6200 trade=filled
STATUS T=446.9s | K 60910.01 -- | yes_mid=0.5850 trade=filled
STATUS T=386.1s | K 60886.88 -- | yes_mid=0.5050 trade=filled
STATUS T=325.9s | K 60896.27 -- | yes_mid=0.2950 trade=filled
STATUS T=262.2s | K 60696.04 -- | yes_mid=0.1550 trade=filled
STATUS T=199.9s | K 60666.83 -- | yes_mid=0.0265 trade=filled
STATUS T=136.9s | K 60701.51 -- | yes_mid=0.0105 trade=filled
STATUS T=74.2s | K 60563.50 -- | yes_mid=0.0025 trade=filled
STATUS T=12.4s | K 60541.19 -- | yes_mid=0.0015 trade=filled
2026-06-05T15:15:07.765Z | BALANCE T=-6.5s OUTCOME | Kalshi $12.1100 drawdown=-0.6100
OUTCOME KXBTC15M-26JUN051115-15 | K price=60516.49 target=-- target_source=missing actual=MISSING trade=YES status=filled result=skipped correct=-- | counts S=33 U=12 K=23

CONTRACT KXBTC15M-26JUN051130-30 | close 2026-06-05T15:30:00Z | K target 60542.60
STATUS T=879.5s | K 60516.49 - 26.11 | yes_mid=0.5050 trade=--
STATUS T=815.5s | K 60557.24 + 14.64 | yes_mid=0.4450 trade=--
STATUS T=753.2s | K 60527.00 - 15.60 | yes_mid=0.6900 trade=--
STATUS T=692.5s | K 60712.26 + 169.66 | yes_mid=0.8250 trade=--
STATUS T=631.7s | K 60709.88 + 167.28 | yes_mid=0.7850 trade=--
2026-06-05T15:19:35.132Z | BALANCE T=627.7s T630s | Kalshi $14.1100 drawdown=-2.6100
STATUS T=630s KXBTC15M-26JUN051130-30 | yes_mid=0.7700 selected=YES selected_prob=0.7700 band=0.55-0.80 contracts=2
2026-06-05T15:19:38.266Z | ORDER RETRY 1/10 YES post error RuntimeError: POST /portfolio/orders failed: HTTP 409 {"error":{"code":"fill_or_kill_insufficient_resting_volume","message":"fill or kill insufficient resting volume"}}
ORDER FILLED KXBTC15M-26JUN051130-30 YES | ask=78.0c qty=1717.49 order_id=d030402e-d2f6-4732-a1c6-a436e7212878 filled 2 at 78.0c | counts S=33 U=12 K=23
STATUS T=567.1s | K 60807.23 + 264.63 | yes_mid=0.7750 trade=filled
STATUS T=505.3s | K 60688.02 + 145.42 | yes_mid=0.7350 trade=filled
STATUS T=442.9s | K 60694.59 + 151.99 | yes_mid=0.8200 trade=filled
STATUS T=381.4s | K 60770.99 + 228.39 | yes_mid=0.9355 trade=filled
STATUS T=321.3s | K 60851.23 + 308.63 | yes_mid=0.9685 trade=filled
STATUS T=259.7s | K 60903.88 + 361.28 | yes_mid=0.9870 trade=filled
STATUS T=198.0s | K 60980.64 + 438.04 | yes_mid=0.9940 trade=filled
STATUS T=136.0s | K 61075.31 + 532.71 | yes_mid=0.9935 trade=filled
STATUS T=73.7s | K 60853.96 + 311.36 | yes_mid=0.9895 trade=filled
STATUS T=13.4s | K 60695.51 + 152.91 | yes_mid=0.9990 trade=filled orderbook=INVALID yes_ask:price_missing_or_out_of_range:None
2026-06-05T15:30:07.926Z | BALANCE T=-5.6s OUTCOME | Kalshi $14.5300 drawdown=-3.0300
OUTCOME KXBTC15M-26JUN051130-30 | K price=60761.45 target=60542.60 target_source=observed_source_snapshot actual=YES trade=YES status=filled result=successful correct=1 | counts S=34 U=12 K=23

CONTRACT KXBTC15M-26JUN051145-45 | close 2026-06-05T15:45:00Z | K target 60727.34
STATUS T=879.3s | K 60737.49 + 10.15 | yes_mid=0.5250 trade=--
STATUS T=817.4s | K 60753.93 + 26.59 | yes_mid=0.5850 trade=--
STATUS T=754.7s | K 60728.25 + 0.91 | yes_mid=0.3950 trade=--
STATUS T=693.5s | K 60749.51 + 22.17 | yes_mid=0.2650 trade=--
STATUS T=632.1s | K 60532.16 - 195.18 | yes_mid=0.2450 trade=--
2026-06-05T15:34:34.407Z | BALANCE T=628.3s T630s | Kalshi $14.5300 drawdown=-3.0300
STATUS T=630s KXBTC15M-26JUN051145-45 | yes_mid=0.2750 selected=NO selected_prob=0.7250 band=0.55-0.80 contracts=2
2026-06-05T15:34:36.650Z | ORDER RETRY 1/10 NO post error RuntimeError: POST /portfolio/orders failed: HTTP 409 {"error":{"code":"fill_or_kill_insufficient_resting_volume","message":"fill or kill insufficient resting volume"}}
ORDER FILLED KXBTC15M-26JUN051145-45 NO | ask=75.0c qty=106.0 order_id=d2225d48-968b-4cc9-aefa-5570b167906c filled 2 at 75.0c | counts S=34 U=12 K=23
STATUS T=570.9s | K 60574.89 - 152.45 | yes_mid=0.2850 trade=filled
STATUS T=509.0s | K 60499.11 - 228.23 | yes_mid=0.1150 trade=filled
STATUS T=446.4s | K 60442.08 - 285.26 | yes_mid=0.0405 trade=filled
STATUS T=383.6s | K 60333.63 - 393.71 | yes_mid=0.0240 trade=filled
STATUS T=321.9s | K 60277.09 - 450.25 | yes_mid=0.0130 trade=filled
STATUS T=259.4s | K 60258.26 - 469.08 | yes_mid=0.0035 trade=filled
STATUS T=198.4s | K 60154.15 - 573.19 | yes_mid=0.0010 trade=filled orderbook=INVALID no_ask:price_missing_or_out_of_range:None
STATUS T=136.9s | K 60172.60 - 554.74 | yes_mid=0.0010 trade=filled orderbook=INVALID no_ask:price_missing_or_out_of_range:None
STATUS T=76.5s | K 60105.63 - 621.71 | yes_mid=0.0010 trade=filled orderbook=INVALID no_ask:price_missing_or_out_of_range:None
STATUS T=14.1s | K 60309.61 - 417.73 | yes_mid=0.0010 trade=filled orderbook=INVALID no_ask:price_missing_or_out_of_range:None
2026-06-05T15:45:06.804Z | BALANCE T=-5.9s OUTCOME | Kalshi $15.0000 drawdown=-3.5000
OUTCOME KXBTC15M-26JUN051145-45 | K price=60429.54 target=60727.34 target_source=observed_source_snapshot actual=NO trade=NO status=filled result=successful correct=1 | counts S=35 U=12 K=23

CONTRACT KXBTC15M-26JUN051200-00 | close 2026-06-05T16:00:00Z | K target 60336.97
STATUS T=874.2s | K 60309.61 - 27.36 | yes_mid=0.3750 trade=--
STATUS T=812.3s | K 60279.03 - 57.94 | yes_mid=0.3050 trade=--
STATUS T=751.8s | K 60240.22 - 96.75 | yes_mid=0.4450 trade=--
STATUS T=690.2s | K 60197.02 - 139.95 | yes_mid=0.3450 trade=--
STATUS T=628.3s | K 60303.26 - 33.71 | yes_mid=0.4450 trade=--
2026-06-05T15:49:35.467Z | BALANCE T=628.3s T630s | Kalshi $15.0000 drawdown=-3.5000
STATUS T=630s KXBTC15M-26JUN051200-00 | yes_mid=0.4850 decision=SKIP reason=more likely side 0.5150 outside band 0.55-0.80 | counts S=35 U=12 K=24
STATUS T=567.7s | K 60218.70 - 118.27 | yes_mid=0.7150 trade=skip
STATUS T=504.9s | K 60503.62 + 166.65 | yes_mid=0.7550 trade=skip
STATUS T=442.7s | K 60466.33 + 129.36 | yes_mid=0.7950 trade=skip
STATUS T=381.9s | K 60537.47 + 200.50 | yes_mid=0.8350 trade=skip
STATUS T=320.7s | K 60510.19 + 173.22 | yes_mid=0.8300 trade=skip
STATUS T=259.8s | K 60511.83 + 174.86 | yes_mid=0.9350 trade=skip
STATUS T=197.7s | K 60513.39 + 176.42 | yes_mid=0.9620 trade=skip
STATUS T=135.7s | K 60556.30 + 219.33 | yes_mid=0.9295 trade=skip
STATUS T=74.0s | K 60473.01 + 136.04 | yes_mid=0.9905 trade=skip
STATUS T=11.7s | K 60525.11 + 188.14 | yes_mid=0.9990 trade=skip orderbook=INVALID yes_ask:price_missing_or_out_of_range:None
2026-06-05T16:00:07.496Z | BALANCE T=-6.7s OUTCOME | Kalshi $15.0000 drawdown=-3.5000
OUTCOME KXBTC15M-26JUN051200-00 | K price=60502.71 target=60336.97 target_source=observed_source_snapshot actual=YES trade= status=skip result=skipped correct=-- | counts S=35 U=12 K=24

CONTRACT KXBTC15M-26JUN051215-15 | close 2026-06-05T16:15:00Z | K target 60438.40
STATUS T=868.5s | K 60482.81 + 44.41 | yes_mid=0.2850 trade=--
STATUS T=805.4s | K 60339.29 - 99.11 | yes_mid=0.1950 trade=--
STATUS T=743.8s | K 60212.81 - 225.59 | yes_mid=0.1550 trade=--
STATUS T=682.1s | K 60218.63 - 219.77 | yes_mid=0.1850 trade=--
2026-06-05T16:04:35.529Z | BALANCE T=626.7s T630s | Kalshi $15.0000 drawdown=-3.5000
STATUS T=630s KXBTC15M-26JUN051215-15 | yes_mid=0.1550 decision=SKIP reason=more likely side 0.8450 outside band 0.55-0.80 | counts S=35 U=12 K=25
STATUS T=620.1s | K 60194.45 - 243.95 | yes_mid=0.1450 trade=skip
STATUS T=556.1s | K 60164.18 - 274.22 | yes_mid=0.0785 trade=skip
STATUS T=493.6s | K 60164.18 - 274.22 | yes_mid=0.4050 trade=skip
STATUS T=433.5s | K 60159.87 - 278.53 | yes_mid=0.1950 trade=skip
STATUS T=373.2s | K 60379.28 - 59.12 | yes_mid=0.0665 trade=skip
STATUS T=310.5s | K 60128.01 - 310.39 | yes_mid=0.0375 trade=skip
STATUS T=247.4s | K 60128.19 - 310.21 | yes_mid=0.0140 trade=skip
STATUS T=184.1s | K 60126.17 - 312.23 | yes_mid=0.0035 trade=skip
STATUS T=121.6s | K 59858.57 - 579.83 | yes_mid=0.2650 trade=skip
STATUS T=60.4s | K 59792.49 - 645.91 | yes_mid=0.9750 trade=skip
STATUS T=-4.2s | K 60911.37 + 472.97 | yes_mid=-- trade=skip orderbook=INVALID yes_ask:price_missing_or_out_of_range:None; no_ask:price_missing_or_out_of_range:None
2026-06-05T16:15:06.984Z | BALANCE T=-6.2s OUTCOME | Kalshi $15.0000 drawdown=-3.5000
OUTCOME KXBTC15M-26JUN051215-15 | K price=61008.78 target=60438.40 target_source=observed_source_snapshot actual=YES trade= status=skip result=skipped correct=-- | counts S=35 U=12 K=25

CONTRACT KXBTC15M-26JUN051230-30 | close 2026-06-05T16:30:00Z | K target 60904.78
STATUS T=870.2s | K 60581.28 - 323.50 | yes_mid=0.6150 trade=--
STATUS T=808.2s | K 61010.97 + 106.19 | yes_mid=0.4450 trade=--
STATUS T=745.6s | K 60795.28 - 109.50 | yes_mid=0.3750 trade=--
STATUS T=684.4s | K 60814.72 - 90.06 | yes_mid=0.5750 trade=--
2026-06-05T16:19:34.809Z | BALANCE T=627.6s T630s | Kalshi $15.0000 drawdown=-3.5000
STATUS T=630s KXBTC15M-26JUN051230-30 | yes_mid=0.5750 selected=YES selected_prob=0.5750 band=0.55-0.80 contracts=2
2026-06-05T16:19:37.375Z | ORDER RETRY 1/10 YES post error RuntimeError: POST /portfolio/orders failed: HTTP 409 {"error":{"code":"fill_or_kill_insufficient_resting_volume","message":"fill or kill insufficient resting volume"}}
2026-06-05T16:19:41.131Z | ORDER RETRY 2/10 YES post error RuntimeError: POST /portfolio/orders failed: HTTP 409 {"error":{"code":"fill_or_kill_insufficient_resting_volume","message":"fill or kill insufficient resting volume"}}
ORDER FILLED KXBTC15M-26JUN051230-30 YES | ask=60.0c qty=1354.0 order_id=0cdef279-e299-4efd-93e8-9440eaea5d3a filled 2 at 60.0c | counts S=35 U=12 K=25
STATUS T=611.2s | K 61010.58 + 105.80 | yes_mid=0.5800 trade=filled
STATUS T=551.0s | K 61039.23 + 134.45 | yes_mid=0.6350 trade=filled
STATUS T=490.4s | K 61345.50 + 440.72 | yes_mid=0.8750 trade=filled
STATUS T=427.4s | K 60994.40 + 89.62 | yes_mid=0.9215 trade=filled
STATUS T=365.3s | K 61408.77 + 503.99 | yes_mid=0.7550 trade=filled
STATUS T=303.3s | K 61069.10 + 164.32 | yes_mid=0.8750 trade=filled
STATUS T=242.3s | K 61148.40 + 243.62 | yes_mid=0.8450 trade=filled
STATUS T=180.4s | K 61196.24 + 291.46 | yes_mid=0.8550 trade=filled
STATUS T=117.9s | K 61133.75 + 228.97 | yes_mid=0.9715 trade=filled
STATUS T=56.9s | K 60995.03 + 90.25 | yes_mid=0.8950 trade=filled
STATUS T=-3.6s | K 60923.84 + 19.06 | yes_mid=-- trade=filled orderbook=INVALID yes_ask:price_missing_or_out_of_range:None; no_ask:price_missing_or_out_of_range:None
2026-06-05T16:30:07.197Z | BALANCE T=-5.7s OUTCOME | Kalshi $15.7700 drawdown=-4.2700
OUTCOME KXBTC15M-26JUN051230-30 | K price=60929.62 target=60904.78 target_source=observed_source_snapshot actual=YES trade=YES status=filled result=successful correct=1 | counts S=36 U=12 K=25

CONTRACT KXBTC15M-26JUN051245-45 | close 2026-06-05T16:45:00Z | K target 60921.59
STATUS T=889.6s | K 60929.62 + 8.03 | yes_mid=0.4350 trade=--
STATUS T=828.9s | K 60893.90 - 27.69 | yes_mid=0.5850 trade=--
STATUS T=768.2s | K 60978.83 + 57.24 | yes_mid=0.4950 trade=--
STATUS T=704.8s | K 60902.21 - 19.38 | yes_mid=0.4550 trade=--
STATUS T=643.7s | K 60902.21 - 19.38 | yes_mid=0.2550 trade=--
2026-06-05T16:34:34.007Z | BALANCE T=628.8s T630s | Kalshi $15.7700 drawdown=-4.2700
STATUS T=630s KXBTC15M-26JUN051245-45 | yes_mid=0.3050 selected=NO selected_prob=0.6950 band=0.55-0.80 contracts=2
2026-06-05T16:34:36.574Z | ORDER RETRY 1/10 NO post error RuntimeError: POST /portfolio/orders failed: HTTP 409 {"error":{"code":"fill_or_kill_insufficient_resting_volume","message":"fill or kill insufficient resting volume"}}
ORDER FILLED KXBTC15M-26JUN051245-45 NO | ask=72.0c qty=314.27 order_id=e68de307-6a7e-4b7d-b9e8-b993f74efe6f filled 2 at 72.0c | counts S=36 U=12 K=25
STATUS T=583.4s | K 60753.03 - 168.56 | yes_mid=0.3800 trade=filled
STATUS T=519.7s | K 60829.19 - 92.40 | yes_mid=0.3500 trade=filled
STATUS T=456.0s | K 60869.99 - 51.60 | yes_mid=0.4650 trade=filled
STATUS T=394.5s | K 60870.30 - 51.29 | yes_mid=0.4250 trade=filled
STATUS T=331.4s | K 60938.83 + 17.24 | yes_mid=0.3450 trade=filled
STATUS T=268.9s | K 60891.59 - 30.00 | yes_mid=0.4950 trade=filled
STATUS T=208.5s | K 60903.19 - 18.40 | yes_mid=0.5250 trade=filled
STATUS T=145.3s | K 60864.89 - 56.70 | yes_mid=0.2750 trade=filled
STATUS T=82.5s | K 60863.52 - 58.07 | yes_mid=0.0265 trade=filled
STATUS T=21.3s | K 60877.71 - 43.88 | yes_mid=0.0010 trade=filled orderbook=INVALID no_ask:price_missing_or_out_of_range:None
2026-06-05T16:45:08.099Z | BALANCE T=-6.6s OUTCOME | Kalshi $16.3000 drawdown=-4.8000
OUTCOME KXBTC15M-26JUN051245-45 | K price=60842.95 target=60921.59 target_source=observed_source_snapshot actual=NO trade=NO status=filled result=successful correct=1 | counts S=37 U=12 K=25

CONTRACT KXBTC15M-26JUN051300-00 | close 2026-06-05T17:00:00Z | K target 60805.83
STATUS T=888.6s | K 60793.79 - 12.04 | yes_mid=0.5450 trade=--
STATUS T=827.4s | K 60884.23 + 78.40 | yes_mid=0.5600 trade=--
STATUS T=764.6s | K 60876.55 + 70.72 | yes_mid=0.5450 trade=--
STATUS T=701.7s | K 60872.35 + 66.52 | yes_mid=0.7150 trade=--
STATUS T=641.1s | K 60951.66 + 145.83 | yes_mid=0.8350 trade=--
2026-06-05T16:49:33.233Z | BALANCE T=629.1s T630s | Kalshi $16.3000 drawdown=-4.8000
STATUS T=630s KXBTC15M-26JUN051300-00 | yes_mid=0.7750 selected=YES selected_prob=0.7750 band=0.55-0.80 contracts=2
ORDER FILLED KXBTC15M-26JUN051300-00 YES | ask=76.0c qty=5231.91 order_id=1f493f71-b124-4e0e-b079-83fdcfc31f0d filled 2 at 75.0c | counts S=37 U=12 K=25
STATUS T=580.8s | K 61114.21 + 308.38 | yes_mid=0.8750 trade=filled
STATUS T=520.7s | K 61137.29 + 331.46 | yes_mid=0.9345 trade=filled
STATUS T=459.8s | K 61126.17 + 320.34 | yes_mid=0.9460 trade=filled
STATUS T=396.4s | K 61292.79 + 486.96 | yes_mid=0.9660 trade=filled
STATUS T=334.7s | K 61326.26 + 520.43 | yes_mid=0.9720 trade=filled
STATUS T=271.1s | K 61295.78 + 489.95 | yes_mid=0.9855 trade=filled
STATUS T=210.1s | K 61428.47 + 622.64 | yes_mid=0.9935 trade=filled
STATUS T=147.3s | K 61344.11 + 538.28 | yes_mid=0.9985 trade=filled
STATUS T=83.5s | K 61344.11 + 538.28 | yes_mid=0.9990 trade=filled orderbook=INVALID yes_ask:price_missing_or_out_of_range:None
STATUS T=21.9s | K 61366.27 + 560.44 | yes_mid=0.9990 trade=filled orderbook=INVALID yes_ask:price_missing_or_out_of_range:None
2026-06-05T17:00:07.367Z | BALANCE T=-6.5s OUTCOME | Kalshi $16.7700 drawdown=-5.2700
OUTCOME KXBTC15M-26JUN051300-00 | K price=61356.96 target=60805.83 target_source=observed_source_snapshot actual=YES trade=YES status=filled result=successful correct=1 | counts S=38 U=12 K=25

CONTRACT KXBTC15M-26JUN051315-15 | close 2026-06-05T17:15:00Z | K target 61389.54
STATUS T=889.8s | K 61424.61 + 35.07 | yes_mid=0.5150 trade=--
STATUS T=827.6s | K 61366.47 - 23.07 | yes_mid=0.4850 trade=--
STATUS T=765.6s | K 61441.03 + 51.49 | yes_mid=0.3150 trade=--
STATUS T=704.5s | K 61358.71 - 30.83 | yes_mid=0.2750 trade=--
STATUS T=640.8s | K 61228.80 - 160.74 | yes_mid=0.3350 trade=--
2026-06-05T17:04:33.369Z | BALANCE T=629.7s T630s | Kalshi $16.7700 drawdown=-5.2700
STATUS T=630s KXBTC15M-26JUN051315-15 | yes_mid=0.3250 selected=NO selected_prob=0.6750 band=0.55-0.80 contracts=2
2026-06-05T17:04:35.779Z | ORDER RETRY 1/10 NO more likely side 0.5450 outside band 0.55-0.80
ORDER FILLED KXBTC15M-26JUN051315-15 NO | ask=58.0c qty=2395.12 order_id=529e66d1-6b20-4c86-9aeb-498be0b73e2e filled 2 at 53.0c | counts S=38 U=12 K=25
STATUS T=578.6s | K 61304.80 - 84.74 | yes_mid=0.3200 trade=filled
STATUS T=516.7s | K 61267.99 - 121.55 | yes_mid=0.2350 trade=filled
STATUS T=455.0s | K 61268.72 - 120.82 | yes_mid=0.2050 trade=filled
STATUS T=390.7s | K 61238.68 - 150.86 | yes_mid=0.3450 trade=filled
STATUS T=330.7s | K 61355.58 - 33.96 | yes_mid=0.4450 trade=filled
STATUS T=268.0s | K 61350.71 - 38.83 | yes_mid=0.1750 trade=filled
STATUS T=207.9s | K 61378.17 - 11.37 | yes_mid=0.0305 trade=filled
STATUS T=146.7s | K 60981.26 - 408.28 | yes_mid=0.0070 trade=filled
STATUS T=84.2s | K 61025.16 - 364.38 | yes_mid=0.0025 trade=filled
STATUS T=21.4s | K 61010.61 - 378.93 | yes_mid=0.0010 trade=filled orderbook=INVALID no_ask:price_missing_or_out_of_range:None
2026-06-05T17:15:09.446Z | BALANCE T=-6.3s OUTCOME | Kalshi $17.6800 drawdown=-6.1800
OUTCOME KXBTC15M-26JUN051315-15 | K price=61051.53 target=61389.54 target_source=observed_source_snapshot actual=NO trade=NO status=filled result=successful correct=1 | counts S=39 U=12 K=25

CONTRACT KXBTC15M-26JUN051330-30 | close 2026-06-05T17:30:00Z | K target 61033.93
STATUS T=886.0s | K 61051.53 + 17.60 | yes_mid=0.4650 trade=--
STATUS T=825.4s | K 61004.63 - 29.30 | yes_mid=0.3050 trade=--
STATUS T=764.8s | K 60839.42 - 194.51 | yes_mid=0.2450 trade=--
STATUS T=703.7s | K 60790.63 - 243.30 | yes_mid=0.1850 trade=--
STATUS T=641.2s | K 60846.22 - 187.71 | yes_mid=0.1550 trade=--
2026-06-05T17:19:35.852Z | BALANCE T=627.6s T630s | Kalshi $17.6800 drawdown=-6.1800
STATUS T=630s KXBTC15M-26JUN051330-30 | yes_mid=0.1650 decision=SKIP reason=more likely side 0.8350 outside band 0.55-0.80 | counts S=39 U=12 K=26
STATUS T=580.4s | K 60793.12 - 240.81 | yes_mid=0.1550 trade=skip
STATUS T=517.0s | K 60813.24 - 220.69 | yes_mid=0.1700 trade=skip
STATUS T=454.6s | K 60790.94 - 242.99 | yes_mid=0.1750 trade=skip
STATUS T=394.6s | K 60889.04 - 144.89 | yes_mid=0.1550 trade=skip
STATUS T=333.9s | K 60867.42 - 166.51 | yes_mid=0.0360 trade=skip
STATUS T=273.4s | K 60745.64 - 288.29 | yes_mid=0.0370 trade=skip
STATUS T=210.1s | K 60784.46 - 249.47 | yes_mid=0.0115 trade=skip
STATUS T=148.0s | K 60653.64 - 380.29 | yes_mid=0.0035 trade=skip
STATUS T=87.0s | K 60748.08 - 285.85 | yes_mid=0.0035 trade=skip
STATUS T=26.5s | K 60687.96 - 345.97 | yes_mid=0.0010 trade=skip orderbook=INVALID no_ask:price_missing_or_out_of_range:None
2026-06-05T17:30:07.577Z | BALANCE T=-6.7s OUTCOME | Kalshi $17.6800 drawdown=-6.1800
OUTCOME KXBTC15M-26JUN051330-30 | K price=60754.17 target=61033.93 target_source=observed_source_snapshot actual=NO trade= status=skip result=skipped correct=-- | counts S=39 U=12 K=26

CONTRACT KXBTC15M-26JUN051345-45 | close 2026-06-05T17:45:00Z | K target 60651.79
STATUS T=883.0s | K 60676.39 + 24.60 | yes_mid=0.5450 trade=--
STATUS T=820.9s | K 60739.33 + 87.54 | yes_mid=0.6750 trade=--
STATUS T=757.8s | K 60694.96 + 43.17 | yes_mid=0.5550 trade=--
STATUS T=695.0s | K 60697.73 + 45.94 | yes_mid=0.6950 trade=--
STATUS T=633.5s | K 60770.43 + 118.64 | yes_mid=0.8350 trade=--
2026-06-05T17:34:33.701Z | BALANCE T=629.0s T630s | Kalshi $17.6800 drawdown=-6.1800
STATUS T=630s KXBTC15M-26JUN051345-45 | yes_mid=0.8250 decision=SKIP reason=more likely side 0.8250 outside band 0.55-0.80 | counts S=39 U=12 K=27
STATUS T=571.7s | K 60826.14 + 174.35 | yes_mid=0.7750 trade=skip
STATUS T=510.0s | K 60826.14 + 174.35 | yes_mid=0.8350 trade=skip
STATUS T=447.9s | K 60812.02 + 160.23 | yes_mid=0.8850 trade=skip
STATUS T=387.9s | K 60841.33 + 189.54 | yes_mid=0.8550 trade=skip
STATUS T=325.1s | K 60802.60 + 150.81 | yes_mid=0.8850 trade=skip
STATUS T=260.8s | K 60848.67 + 196.88 | yes_mid=0.9795 trade=skip
STATUS T=199.3s | K 60957.32 + 305.53 | yes_mid=0.9745 trade=skip
STATUS T=135.8s | K 60904.14 + 252.35 | yes_mid=0.9895 trade=skip
STATUS T=72.9s | K 60932.68 + 280.89 | yes_mid=0.9990 trade=skip orderbook=INVALID yes_ask:price_missing_or_out_of_range:None
STATUS T=11.8s | K 60923.55 + 271.76 | yes_mid=0.9990 trade=skip orderbook=INVALID yes_ask:price_missing_or_out_of_range:None
2026-06-05T17:45:08.038Z | BALANCE T=-7.1s OUTCOME | Kalshi $17.6800 drawdown=-6.1800
OUTCOME KXBTC15M-26JUN051345-45 | K price=60932.68 target=60651.79 target_source=observed_source_snapshot actual=YES trade= status=skip result=skipped correct=-- | counts S=39 U=12 K=27

CONTRACT KXBTC15M-26JUN051400-00 | close 2026-06-05T18:00:00Z | K target 60816.10
STATUS T=879.2s | K 60905.53 + 89.43 | yes_mid=0.3550 trade=--
STATUS T=817.1s | K 60716.86 - 99.24 | yes_mid=0.3550 trade=--
STATUS T=756.9s | K 60678.19 - 137.91 | yes_mid=0.3150 trade=--
STATUS T=696.6s | K 60673.08 - 143.02 | yes_mid=0.2650 trade=--
STATUS T=635.7s | K 60714.11 - 101.99 | yes_mid=0.2250 trade=--
2026-06-05T17:49:34.507Z | BALANCE T=627.7s T630s | Kalshi $17.6800 drawdown=-6.1800
STATUS T=630s KXBTC15M-26JUN051400-00 | yes_mid=0.2250 selected=NO selected_prob=0.7750 band=0.55-0.80 contracts=2
ORDER FILLED KXBTC15M-26JUN051400-00 NO | ask=76.0c qty=702.04 order_id=ba1ff2f6-f7e5-43d6-8e04-a5cb26b7fa3b filled 2 at 76.0c | counts S=39 U=12 K=27
STATUS T=575.0s | K 60665.09 - 151.01 | yes_mid=0.2350 trade=filled
STATUS T=513.0s | K 60665.09 - 151.01 | yes_mid=0.2850 trade=filled
STATUS T=449.1s | K 60740.26 - 75.84 | yes_mid=0.2250 trade=filled
STATUS T=387.7s | K 60759.46 - 56.64 | yes_mid=0.2650 trade=filled
STATUS T=325.4s | K 60759.46 - 56.64 | yes_mid=0.2150 trade=filled
STATUS T=262.4s | K 60758.60 - 57.50 | yes_mid=0.1550 trade=filled
STATUS T=199.6s | K 60757.54 - 58.56 | yes_mid=0.2150 trade=filled
STATUS T=137.7s | K 60741.92 - 74.18 | yes_mid=0.1850 trade=filled
STATUS T=74.5s | K 60723.19 - 92.91 | yes_mid=0.1550 trade=filled
STATUS T=14.1s | K 60748.68 - 67.42 | yes_mid=0.0010 trade=filled orderbook=INVALID no_ask:price_missing_or_out_of_range:None
2026-06-05T18:00:06.500Z | BALANCE T=-5.7s OUTCOME | Kalshi $18.1300 drawdown=-6.6300
OUTCOME KXBTC15M-26JUN051400-00 | K price=60782.27 target=60816.10 target_source=observed_source_snapshot actual=NO trade=NO status=filled result=successful correct=1 | counts S=40 U=12 K=27

CONTRACT KXBTC15M-26JUN051415-15 | close 2026-06-05T18:15:00Z | K target 60750.02
STATUS T=875.7s | K 60781.26 + 31.24 | yes_mid=0.5750 trade=--
STATUS T=812.8s | K 60818.32 + 68.30 | yes_mid=0.7050 trade=--
STATUS T=752.2s | K 60818.32 + 68.30 | yes_mid=0.6950 trade=--
STATUS T=690.8s | K 60780.25 + 30.23 | yes_mid=0.3550 trade=--
STATUS T=630.1s | K 60772.56 + 22.54 | yes_mid=0.4050 trade=--
2026-06-05T18:04:35.931Z | BALANCE T=626.9s T630s | Kalshi $18.1300 drawdown=-6.6300
STATUS T=630s KXBTC15M-26JUN051415-15 | yes_mid=0.3850 selected=NO selected_prob=0.6150 band=0.55-0.80 contracts=2
ORDER FILLED KXBTC15M-26JUN051415-15 NO | ask=63.0c qty=3186.78 order_id=319dcf8c-fb12-46d2-9bd4-6c2bf6f76603 filled 2 at 63.0c | counts S=40 U=12 K=27
STATUS T=567.3s | K 60715.00 - 35.02 | yes_mid=0.4650 trade=filled
STATUS T=505.3s | K 60707.54 - 42.48 | yes_mid=0.6050 trade=filled
STATUS T=442.9s | K 60808.46 + 58.44 | yes_mid=0.7450 trade=filled
STATUS T=381.0s | K 60821.71 + 71.69 | yes_mid=0.6300 trade=filled
STATUS T=318.1s | K 60741.87 - 8.15 | yes_mid=0.3650 trade=filled
STATUS T=255.1s | K 60766.58 + 16.56 | yes_mid=0.2150 trade=filled
STATUS T=194.3s | K 60678.81 - 71.21 | yes_mid=0.0760 trade=filled
STATUS T=131.3s | K 60632.30 - 117.72 | yes_mid=0.0805 trade=filled
STATUS T=70.8s | K 60691.11 - 58.91 | yes_mid=0.1950 trade=filled
STATUS T=7.4s | K 60660.82 - 89.20 | yes_mid=0.0010 trade=filled orderbook=INVALID no_ask:price_missing_or_out_of_range:None
2026-06-05T18:15:07.312Z | BALANCE T=-6.4s OUTCOME | Kalshi $18.8400 drawdown=-7.3400
OUTCOME KXBTC15M-26JUN051415-15 | K price=60684.06 target=60750.02 target_source=observed_source_snapshot actual=NO trade=NO status=filled result=successful correct=1 | counts S=41 U=12 K=27

CONTRACT KXBTC15M-26JUN051430-30 | close 2026-06-05T18:30:00Z | K target 60639.50
STATUS T=873.6s | K 60721.55 + 82.05 | yes_mid=0.3850 trade=--
STATUS T=811.9s | K 60607.11 - 32.39 | yes_mid=0.3050 trade=--
STATUS T=748.5s | K 60561.67 - 77.83 | yes_mid=0.3850 trade=--
STATUS T=688.5s | K 60561.67 - 77.83 | yes_mid=0.3150 trade=--
2026-06-05T18:19:34.407Z | BALANCE T=628.6s T630s | Kalshi $18.8400 drawdown=-7.3400
STATUS T=630s KXBTC15M-26JUN051430-30 | yes_mid=0.1350 decision=SKIP reason=more likely side 0.8650 outside band 0.55-0.80 | counts S=41 U=12 K=28
STATUS T=621.8s | K 60455.07 - 184.43 | yes_mid=0.1350 trade=skip
STATUS T=561.7s | K 60377.80 - 261.70 | yes_mid=0.0915 trade=skip
STATUS T=501.4s | K 60496.36 - 143.14 | yes_mid=0.1150 trade=skip
STATUS T=440.8s | K 60408.83 - 230.67 | yes_mid=0.0690 trade=skip
STATUS T=380.2s | K 60321.65 - 317.85 | yes_mid=0.0415 trade=skip
STATUS T=318.0s | K 60337.48 - 302.02 | yes_mid=0.0150 trade=skip
STATUS T=255.7s | K 60300.83 - 338.67 | yes_mid=0.0115 trade=skip
STATUS T=194.6s | K 60278.84 - 360.66 | yes_mid=0.0075 trade=skip
STATUS T=132.9s | K 60176.80 - 462.70 | yes_mid=0.0035 trade=skip
STATUS T=69.6s | K 60162.23 - 477.27 | yes_mid=0.0010 trade=skip orderbook=INVALID no_ask:price_missing_or_out_of_range:None
STATUS T=6.2s | K 60093.18 - 546.32 | yes_mid=0.0010 trade=skip orderbook=INVALID no_ask:price_missing_or_out_of_range:None
2026-06-05T18:30:06.456Z | BALANCE T=-5.6s OUTCOME | Kalshi $18.8400 drawdown=-7.3400
OUTCOME KXBTC15M-26JUN051430-30 | K price=60180.29 target=60639.50 target_source=observed_source_snapshot actual=NO trade= status=skip result=skipped correct=-- | counts S=41 U=12 K=28

CONTRACT KXBTC15M-26JUN051445-45 | close 2026-06-05T18:45:00Z | K target 60112.30
STATUS T=869.8s | K 60150.37 + 38.07 | yes_mid=0.5550 trade=--
STATUS T=807.3s | K 60062.12 - 50.18 | yes_mid=0.6850 trade=--
STATUS T=744.1s | K 60215.07 + 102.77 | yes_mid=0.4750 trade=--
STATUS T=684.0s | K 60131.40 + 19.10 | yes_mid=0.6050 trade=--
2026-06-05T18:34:33.471Z | BALANCE T=629.1s T630s | Kalshi $18.8400 drawdown=-7.3400
STATUS T=630s KXBTC15M-26JUN051445-45 | yes_mid=0.5800 selected=YES selected_prob=0.5800 band=0.55-0.80 contracts=2
ORDER FILLED KXBTC15M-26JUN051445-45 YES | ask=60.0c qty=450.0 order_id=2633dcf4-6b48-4413-accc-baac794d334a filled 2 at 58.0c | counts S=41 U=12 K=28
STATUS T=618.0s | K 60126.91 + 14.61 | yes_mid=0.5950 trade=filled
STATUS T=555.3s | K 60117.91 + 5.61 | yes_mid=0.5450 trade=filled
STATUS T=491.7s | K 60177.08 + 64.78 | yes_mid=0.4050 trade=filled
STATUS T=429.6s | K 59984.97 - 127.33 | yes_mid=0.2050 trade=filled
STATUS T=365.7s | K 59984.97 - 127.33 | yes_mid=0.3550 trade=filled
STATUS T=304.9s | K 60243.68 + 131.38 | yes_mid=0.8450 trade=filled
STATUS T=243.8s | K 60282.98 + 170.68 | yes_mid=0.8650 trade=filled
STATUS T=183.5s | K 60170.40 + 58.10 | yes_mid=0.3150 trade=filled
STATUS T=120.3s | K 60151.14 + 38.84 | yes_mid=0.0165 trade=filled
STATUS T=56.3s | K 59928.54 - 183.76 | yes_mid=0.0080 trade=filled
STATUS T=-4.1s | K 59910.71 - 201.59 | yes_mid=-- trade=filled orderbook=INVALID yes_ask:price_missing_or_out_of_range:None; no_ask:price_missing_or_out_of_range:None
2026-06-05T18:45:06.947Z | BALANCE T=-6.1s OUTCOME | Kalshi $17.6400 drawdown=-6.1400
OUTCOME KXBTC15M-26JUN051445-45 | K price=59956.82 target=60112.30 target_source=observed_source_snapshot actual=NO trade=YES status=filled result=unsuccessful correct=0 | counts S=41 U=13 K=28

CONTRACT KXBTC15M-26JUN051500-00 | close 2026-06-05T19:00:00Z | K target 59790.42
STATUS T=868.8s | K 59910.71 + 120.29 | yes_mid=0.5950 trade=--
STATUS T=806.9s | K 59878.21 + 87.79 | yes_mid=0.4450 trade=--
STATUS T=746.5s | K 59787.76 - 2.66 | yes_mid=0.3550 trade=--
STATUS T=686.0s | K 59701.55 - 88.87 | yes_mid=0.3950 trade=--
2026-06-05T18:49:32.585Z | BALANCE T=630.0s T630s | Kalshi $17.6400 drawdown=-6.1400
STATUS T=630s KXBTC15M-26JUN051500-00 | yes_mid=0.4450 selected=NO selected_prob=0.5550 band=0.55-0.80 contracts=2
2026-06-05T18:49:34.576Z | ORDER RETRY 1/10 NO more likely side 0.5450 outside band 0.55-0.80
ORDER FILLED KXBTC15M-26JUN051500-00 NO | ask=56.0c qty=48.0 order_id=286f75ca-8bb7-4aee-a2af-0d4d82312dfa filled 2 at 56.0c | counts S=41 U=13 K=28
STATUS T=617.3s | K 59655.12 - 135.30 | yes_mid=0.4550 trade=filled
STATUS T=556.9s | K 59718.48 - 71.94 | yes_mid=0.3950 trade=filled
STATUS T=495.5s | K 59709.18 - 81.24 | yes_mid=0.2050 trade=filled
STATUS T=433.3s | K 59745.24 - 45.18 | yes_mid=0.0815 trade=filled
STATUS T=371.7s | K 59447.92 - 342.50 | yes_mid=0.0625 trade=filled
STATUS T=311.5s | K 59259.10 - 531.32 | yes_mid=0.0195 trade=filled
STATUS T=248.7s | K 59191.23 - 599.19 | yes_mid=0.0545 trade=filled
STATUS T=187.0s | K 59165.74 - 624.68 | yes_mid=0.1550 trade=filled
STATUS T=123.8s | K 59543.77 - 246.65 | yes_mid=0.0190 trade=filled
STATUS T=63.5s | K 59518.81 - 271.61 | yes_mid=0.0010 trade=filled orderbook=INVALID no_ask:price_missing_or_out_of_range:None
STATUS T=1.2s | K 59368.87 - 421.55 | yes_mid=0.0010 trade=filled orderbook=INVALID no_ask:price_missing_or_out_of_range:None
2026-06-05T19:00:07.930Z | BALANCE T=-7.1s OUTCOME | Kalshi $18.4900 drawdown=-6.9900
OUTCOME KXBTC15M-26JUN051500-00 | K price=59379.08 target=59790.42 target_source=observed_source_snapshot actual=NO trade=NO status=filled result=successful correct=1 | counts S=42 U=13 K=28

CONTRACT KXBTC15M-26JUN051515-15 | close 2026-06-05T19:15:00Z | K target 59366.86
STATUS T=868.3s | K 59335.80 - 31.06 | yes_mid=0.4250 trade=--
STATUS T=808.2s | K 59368.87 + 2.01 | yes_mid=0.3150 trade=--
STATUS T=746.3s | K 59238.97 - 127.89 | yes_mid=0.5450 trade=--
STATUS T=682.9s | K 59493.58 + 126.72 | yes_mid=0.6800 trade=--
2026-06-05T19:04:33.783Z | BALANCE T=629.0s T630s | Kalshi $18.4900 drawdown=-6.9900
STATUS T=630s KXBTC15M-26JUN051515-15 | yes_mid=0.4400 selected=NO selected_prob=0.5600 band=0.55-0.80 contracts=2
2026-06-05T19:04:35.770Z | ORDER RETRY 1/10 NO more likely side 0.5450 outside band 0.55-0.80
2026-06-05T19:04:37.379Z | ORDER RETRY 2/10 NO more likely side 0.5450 outside band 0.55-0.80
2026-06-05T19:04:39.048Z | ORDER RETRY 3/10 NO more likely side 0.5450 outside band 0.55-0.80
2026-06-05T19:04:41.615Z | ORDER RETRY 4/10 NO more likely side 0.5050 outside band 0.55-0.80
2026-06-05T19:04:43.700Z | ORDER RETRY 5/10 NO more likely side 0.5150 outside band 0.55-0.80
2026-06-05T19:04:45.777Z | ORDER RETRY 6/10 NO more likely side 0.5250 outside band 0.55-0.80
2026-06-05T19:04:47.139Z | ORDER RETRY 7/10 NO more likely side 0.5250 outside band 0.55-0.80
2026-06-05T19:04:49.450Z | ORDER RETRY 8/10 NO more likely side 0.5250 outside band 0.55-0.80
2026-06-05T19:04:51.457Z | ORDER RETRY 9/10 NO more likely side 0.5050 outside band 0.55-0.80
2026-06-05T19:04:54.331Z | ORDER RETRY 10/10 NO more likely side 0.5150 outside band 0.55-0.80
ORDER SKIP KXBTC15M-26JUN051515-15 NO | ask=49.0c qty=376.0 order_id=-- no fill/valid liquidity after 10 attempts; last=more likely side 0.5150 outside band 0.55-0.80 | counts S=42 U=13 K=29
STATUS T=601.7s | K 59543.82 + 176.96 | yes_mid=0.4950 trade=skip
STATUS T=540.8s | K 59341.35 - 25.51 | yes_mid=0.5850 trade=skip
STATUS T=479.2s | K 59341.35 - 25.51 | yes_mid=0.4250 trade=skip
STATUS T=416.0s | K 59276.53 - 90.33 | yes_mid=0.3200 trade=skip
STATUS T=355.8s | K 59315.83 - 51.03 | yes_mid=0.3150 trade=skip
STATUS T=292.1s | K 59282.61 - 84.25 | yes_mid=0.6250 trade=skip
STATUS T=229.0s | K 59441.18 + 74.32 | yes_mid=0.7100 trade=skip
STATUS T=166.3s | K 59387.28 + 20.42 | yes_mid=0.4150 trade=skip
STATUS T=104.1s | K 59399.48 + 32.62 | yes_mid=0.3500 trade=skip
STATUS T=42.1s | K 59399.48 + 32.62 | yes_mid=0.2000 trade=skip
2026-06-05T19:15:06.192Z | BALANCE T=-5.4s OUTCOME | Kalshi $18.4900 drawdown=-6.9900
OUTCOME KXBTC15M-26JUN051515-15 | K price=59389.43 target=59366.86 target_source=observed_source_snapshot actual=YES trade=NO status=skip result=skipped correct=-- | counts S=42 U=13 K=29

CONTRACT KXBTC15M-26JUN051530-30 | close 2026-06-05T19:30:00Z | K target 59345.73
STATUS T=890.3s | K 59358.13 + 12.40 | yes_mid=0.5150 trade=--
STATUS T=830.0s | K 59369.75 + 24.02 | yes_mid=0.3950 trade=--
STATUS T=768.5s | K 59302.48 - 43.25 | yes_mid=0.4350 trade=--
STATUS T=707.3s | K 59193.00 - 152.73 | yes_mid=0.3000 trade=--
STATUS T=645.1s | K 59254.51 - 91.22 | yes_mid=0.3950 trade=--
2026-06-05T19:19:32.892Z | BALANCE T=629.7s T630s | Kalshi $18.4900 drawdown=-6.9900
STATUS T=630s KXBTC15M-26JUN051530-30 | yes_mid=0.2900 selected=NO selected_prob=0.7100 band=0.55-0.80 contracts=2
2026-06-05T19:19:35.862Z | ORDER RETRY 1/10 NO post error RuntimeError: POST /portfolio/orders failed: HTTP 409 {"error":{"code":"fill_or_kill_insufficient_resting_volume","message":"fill or kill insufficient resting volume"}}
2026-06-05T19:19:39.858Z | ORDER RETRY 2/10 NO post error RuntimeError: POST /portfolio/orders failed: HTTP 409 {"error":{"code":"fill_or_kill_insufficient_resting_volume","message":"fill or kill insufficient resting volume"}}
ORDER FILLED KXBTC15M-26JUN051530-30 NO | ask=75.0c qty=637.15 order_id=0400688a-72f3-4963-a53f-11ecb0988c4a filled 2 at 75.0c | counts S=42 U=13 K=29
STATUS T=584.9s | K 59213.60 - 132.13 | yes_mid=0.3150 trade=filled
STATUS T=524.5s | K 59418.29 + 72.56 | yes_mid=0.6250 trade=filled
STATUS T=463.4s | K 59431.07 + 85.34 | yes_mid=0.6250 trade=filled
STATUS T=402.5s | K 59431.07 + 85.34 | yes_mid=0.7950 trade=filled
STATUS T=342.1s | K 59484.69 + 138.96 | yes_mid=0.7950 trade=filled
STATUS T=280.4s | K 59488.18 + 142.45 | yes_mid=0.9545 trade=filled
STATUS T=219.1s | K 59607.87 + 262.14 | yes_mid=0.9715 trade=filled
STATUS T=156.0s | K 59613.80 + 268.07 | yes_mid=0.9965 trade=filled
STATUS T=95.2s | K 59699.84 + 354.11 | yes_mid=0.9990 trade=filled orderbook=INVALID yes_ask:price_missing_or_out_of_range:None
STATUS T=34.7s | K 59816.10 + 470.37 | yes_mid=0.9990 trade=filled orderbook=INVALID yes_ask:price_missing_or_out_of_range:None
2026-06-05T19:30:06.526Z | BALANCE T=-5.7s OUTCOME | Kalshi $16.9600 drawdown=-5.4600
OUTCOME KXBTC15M-26JUN051530-30 | K price=59811.80 target=59345.73 target_source=observed_source_snapshot actual=YES trade=NO status=filled result=unsuccessful correct=0 | counts S=42 U=14 K=29

CONTRACT KXBTC15M-26JUN051545-45 | close 2026-06-05T19:45:00Z | K target 59803.02
STATUS T=890.6s | K 59811.80 + 8.78 | yes_mid=0.5300 trade=--
STATUS T=828.6s | K 59811.80 + 8.78 | yes_mid=0.3150 trade=--
STATUS T=764.8s | K 59652.42 - 150.60 | yes_mid=0.1650 trade=--
STATUS T=704.6s | K 59510.24 - 292.78 | yes_mid=0.2150 trade=--
STATUS T=641.7s | K 59598.72 - 204.30 | yes_mid=0.2150 trade=--
2026-06-05T19:34:33.608Z | BALANCE T=629.0s T630s | Kalshi $16.9600 drawdown=-5.4600
STATUS T=630s KXBTC15M-26JUN051545-45 | yes_mid=0.2400 selected=NO selected_prob=0.7600 band=0.55-0.80 contracts=2
2026-06-05T19:34:36.975Z | ORDER RETRY 1/10 NO post error RuntimeError: POST /portfolio/orders failed: HTTP 409 {"error":{"code":"fill_or_kill_insufficient_resting_volume","message":"fill or kill insufficient resting volume"}}
ORDER FILLED KXBTC15M-26JUN051545-45 NO | ask=77.0c qty=2610.61 order_id=f7e73ca7-2508-46d2-960b-d035e07ef0ec filled 2 at 77.0c | counts S=42 U=14 K=29
STATUS T=580.4s | K 59573.86 - 229.16 | yes_mid=0.2950 trade=filled
STATUS T=517.8s | K 59596.90 - 206.12 | yes_mid=0.2600 trade=filled
STATUS T=457.5s | K 59697.19 - 105.83 | yes_mid=0.3350 trade=filled
STATUS T=394.7s | K 59705.30 - 97.72 | yes_mid=0.3200 trade=filled
STATUS T=333.7s | K 59747.92 - 55.10 | yes_mid=0.3300 trade=filled
STATUS T=272.8s | K 59735.18 - 67.84 | yes_mid=0.5850 trade=filled
STATUS T=211.2s | K 59630.03 - 172.99 | yes_mid=0.0720 trade=filled
STATUS T=148.9s | K 59598.08 - 204.94 | yes_mid=0.0630 trade=filled
STATUS T=85.5s | K 59619.44 - 183.58 | yes_mid=0.0075 trade=filled
STATUS T=24.4s | K 59619.44 - 183.58 | yes_mid=0.0010 trade=filled orderbook=INVALID no_ask:price_missing_or_out_of_range:None
2026-06-05T19:45:04.546Z | BALANCE T=-2.5s OUTCOME | Kalshi $15.4000 drawdown=-3.9000
OUTCOME KXBTC15M-26JUN051545-45 | K price=59620.42 target=59803.02 target_source=observed_source_snapshot actual=NO trade=NO status=filled result=successful correct=1 | counts S=43 U=14 K=29

CONTRACT KXBTC15M-26JUN051600-00 | close 2026-06-05T20:00:00Z | K target 59665.61
STATUS T=887.7s | K 59771.39 + 105.78 | yes_mid=0.6350 trade=--
STATUS T=824.5s | K 59740.53 + 74.92 | yes_mid=0.7500 trade=--
STATUS T=762.0s | K 59854.54 + 188.93 | yes_mid=0.9275 trade=--
STATUS T=700.9s | K 60297.19 + 631.58 | yes_mid=0.9485 trade=--
STATUS T=638.6s | K 60401.53 + 735.92 | yes_mid=0.9280 trade=--
2026-06-05T19:49:34.331Z | BALANCE T=628.4s T630s | Kalshi $17.4000 drawdown=-5.9000
STATUS T=630s KXBTC15M-26JUN051600-00 | yes_mid=0.9410 decision=SKIP reason=more likely side 0.9410 outside band 0.55-0.80 | counts S=43 U=14 K=30
STATUS T=577.4s | K 60236.47 + 570.86 | yes_mid=0.9335 trade=skip
STATUS T=516.5s | K 60350.65 + 685.04 | yes_mid=0.9650 trade=skip
STATUS T=455.4s | K 60271.76 + 606.15 | yes_mid=0.9740 trade=skip
STATUS T=394.2s | K 60267.20 + 601.59 | yes_mid=0.9675 trade=skip
STATUS T=333.2s | K 60213.83 + 548.22 | yes_mid=0.9715 trade=skip
STATUS T=272.2s | K 60166.33 + 500.72 | yes_mid=0.9845 trade=skip
STATUS T=211.5s | K 60180.80 + 515.19 | yes_mid=0.9945 trade=skip
STATUS T=150.7s | K 60197.71 + 532.10 | yes_mid=0.9985 trade=skip
STATUS T=90.1s | K 60192.36 + 526.75 | yes_mid=0.9990 trade=skip orderbook=INVALID yes_ask:price_missing_or_out_of_range:None
STATUS T=29.3s | K 60383.33 + 717.72 | yes_mid=0.9990 trade=skip orderbook=INVALID yes_ask:price_missing_or_out_of_range:None
2026-06-05T20:00:07.425Z | BALANCE T=-6.5s OUTCOME | Kalshi $17.4000 drawdown=-5.9000
OUTCOME KXBTC15M-26JUN051600-00 | K price=60248.49 target=59665.61 target_source=observed_source_snapshot actual=YES trade= status=skip result=skipped correct=-- | counts S=43 U=14 K=30

CONTRACT KXBTC15M-26JUN051615-15 | close 2026-06-05T20:15:00Z | K target 60340.20
STATUS T=884.8s | K 60372.52 + 32.32 | yes_mid=0.5450 trade=--
STATUS T=823.8s | K 60372.52 + 32.32 | yes_mid=0.5250 trade=--
STATUS T=762.9s | K 60244.69 - 95.51 | yes_mid=0.3050 trade=--
STATUS T=700.1s | K 60213.42 - 126.78 | yes_mid=0.2250 trade=--
STATUS T=639.4s | K 60173.51 - 166.69 | yes_mid=0.1300 trade=--
2026-06-05T20:04:34.028Z | BALANCE T=628.8s T630s | Kalshi $17.4000 drawdown=-5.9000
STATUS T=630s KXBTC15M-26JUN051615-15 | yes_mid=0.1050 decision=SKIP reason=more likely side 0.8950 outside band 0.55-0.80 | counts S=43 U=14 K=31
STATUS T=577.8s | K 60004.49 - 335.71 | yes_mid=0.0805 trade=skip
STATUS T=515.3s | K 59934.66 - 405.54 | yes_mid=0.0590 trade=skip
STATUS T=455.1s | K 60234.01 - 106.19 | yes_mid=0.2750 trade=skip
STATUS T=395.0s | K 60246.80 - 93.40 | yes_mid=0.4850 trade=skip
STATUS T=333.5s | K 60720.52 + 380.32 | yes_mid=0.9145 trade=skip
STATUS T=272.5s | K 60880.38 + 540.18 | yes_mid=0.9670 trade=skip
STATUS T=210.3s | K 60815.17 + 474.97 | yes_mid=0.9255 trade=skip
STATUS T=149.4s | K 60705.87 + 365.67 | yes_mid=0.9865 trade=skip
STATUS T=88.9s | K 60693.03 + 352.83 | yes_mid=0.9990 trade=skip orderbook=INVALID yes_ask:price_missing_or_out_of_range:None
STATUS T=27.2s | K 60717.73 + 377.53 | yes_mid=0.9990 trade=skip orderbook=INVALID yes_ask:price_missing_or_out_of_range:None
2026-06-05T20:15:06.983Z | BALANCE T=-5.3s OUTCOME | Kalshi $17.4000 drawdown=-5.9000
OUTCOME KXBTC15M-26JUN051615-15 | K price=60717.44 target=60340.20 target_source=observed_source_snapshot actual=YES trade= status=skip result=skipped correct=-- | counts S=43 U=14 K=31

CONTRACT KXBTC15M-26JUN051630-30 | close 2026-06-05T20:30:00Z | K target 60775.15
STATUS T=884.9s | K 60757.25 - 17.90 | yes_mid=0.6150 trade=--
STATUS T=823.7s | K 61040.17 + 265.02 | yes_mid=0.6150 trade=--
STATUS T=760.5s | K 60965.44 + 190.29 | yes_mid=0.4200 trade=--
STATUS T=697.5s | K 60733.37 - 41.78 | yes_mid=0.6050 trade=--
STATUS T=635.3s | K 60843.69 + 68.54 | yes_mid=0.6350 trade=--
2026-06-05T20:19:34.490Z | BALANCE T=628.3s T630s | Kalshi $17.4000 drawdown=-5.9000
STATUS T=630s KXBTC15M-26JUN051630-30 | yes_mid=0.6150 selected=YES selected_prob=0.6150 band=0.55-0.80 contracts=2
ORDER FILLED KXBTC15M-26JUN051630-30 YES | ask=60.0c qty=308.0 order_id=98f3f7d2-9f2c-4ebc-b062-509a8e34204c filled 2 at 60.0c | counts S=43 U=14 K=31
STATUS T=573.6s | K 60912.91 + 137.76 | yes_mid=0.7150 trade=filled
STATUS T=509.9s | K 61041.22 + 266.07 | yes_mid=0.7950 trade=filled
STATUS T=447.1s | K 60852.44 + 77.29 | yes_mid=0.5850 trade=filled
STATUS T=384.1s | K 60827.76 + 52.61 | yes_mid=0.6300 trade=filled
STATUS T=321.3s | K 60827.76 + 52.61 | yes_mid=0.6550 trade=filled
STATUS T=261.0s | K 60906.88 + 131.73 | yes_mid=0.8950 trade=filled
STATUS T=200.4s | K 60906.88 + 131.73 | yes_mid=0.9230 trade=filled
STATUS T=136.9s | K 60975.31 + 200.16 | yes_mid=0.9570 trade=filled
STATUS T=74.7s | K 60975.31 + 200.16 | yes_mid=0.9930 trade=filled
STATUS T=12.8s | K 60942.93 + 167.78 | yes_mid=0.9990 trade=filled orderbook=INVALID yes_ask:price_missing_or_out_of_range:None
2026-06-05T20:30:07.688Z | BALANCE T=-6.7s OUTCOME | Kalshi $18.1600 drawdown=-6.6600
OUTCOME KXBTC15M-26JUN051630-30 | K price=61009.89 target=60775.15 target_source=observed_source_snapshot actual=YES trade=YES status=filled result=successful correct=1 | counts S=44 U=14 K=31

CONTRACT KXBTC15M-26JUN051645-45 | close 2026-06-05T20:45:00Z | K target 60941.59
STATUS T=877.8s | K 60918.36 - 23.23 | yes_mid=0.3950 trade=--
STATUS T=815.7s | K 60957.00 + 15.41 | yes_mid=0.6750 trade=--
STATUS T=753.8s | K 60991.44 + 49.85 | yes_mid=0.6950 trade=--
STATUS T=692.9s | K 61062.19 + 120.60 | yes_mid=0.6350 trade=--
STATUS T=630.8s | K 61027.96 + 86.37 | yes_mid=0.5350 trade=--
2026-06-05T20:34:35.846Z | BALANCE T=626.8s T630s | Kalshi $18.1600 drawdown=-6.6600
STATUS T=630s KXBTC15M-26JUN051645-45 | yes_mid=0.5100 decision=SKIP reason=more likely side 0.5100 outside band 0.55-0.80 | counts S=44 U=14 K=32
STATUS T=567.8s | K 61051.68 + 110.09 | yes_mid=0.7000 trade=skip
STATUS T=506.7s | K 61038.67 + 97.08 | yes_mid=0.7750 trade=skip
STATUS T=443.8s | K 61136.24 + 194.65 | yes_mid=0.8400 trade=skip
STATUS T=381.0s | K 61136.75 + 195.16 | yes_mid=0.8450 trade=skip
STATUS T=318.6s | K 61136.75 + 195.16 | yes_mid=0.9195 trade=skip
STATUS T=256.1s | K 61155.68 + 214.09 | yes_mid=0.9180 trade=skip
STATUS T=194.1s | K 61140.20 + 198.61 | yes_mid=0.9540 trade=skip
STATUS T=133.1s | K 61196.52 + 254.93 | yes_mid=0.9945 trade=skip
STATUS T=70.6s | K 61182.77 + 241.18 | yes_mid=0.9990 trade=skip orderbook=INVALID yes_ask:price_missing_or_out_of_range:None
STATUS T=8.2s | K 61235.85 + 294.26 | yes_mid=0.9990 trade=skip orderbook=INVALID yes_ask:price_missing_or_out_of_range:None
2026-06-05T20:45:07.343Z | BALANCE T=-6.5s OUTCOME | Kalshi $18.1600 drawdown=-6.6600
OUTCOME KXBTC15M-26JUN051645-45 | K price=61256.69 target=60941.59 target_source=observed_source_snapshot actual=YES trade= status=skip result=skipped correct=-- | counts S=44 U=14 K=32

CONTRACT KXBTC15M-26JUN051700-00 | close 2026-06-05T21:00:00Z | K target 61261.31
STATUS T=874.9s | K 61201.87 - 59.44 | yes_mid=0.5150 trade=--
STATUS T=813.3s | K 61275.86 + 14.55 | yes_mid=0.4150 trade=--
STATUS T=752.9s | K 61286.69 + 25.38 | yes_mid=0.6750 trade=--
STATUS T=689.8s | K 61299.07 + 37.76 | yes_mid=0.5350 trade=--
STATUS T=627.0s | K 61398.80 + 137.49 | yes_mid=0.6950 trade=--
2026-06-05T20:49:35.547Z | BALANCE T=627.0s T630s | Kalshi $18.1600 drawdown=-6.6600
STATUS T=630s KXBTC15M-26JUN051700-00 | yes_mid=0.6950 selected=YES selected_prob=0.6950 band=0.55-0.80 contracts=2
ORDER FILLED KXBTC15M-26JUN051700-00 YES | ask=71.0c qty=200.0 order_id=88ab013f-08d8-4e78-95f5-133a8228f542 filled 2 at 71.0c | counts S=44 U=14 K=32
STATUS T=565.3s | K 61445.33 + 184.02 | yes_mid=0.8450 trade=filled
STATUS T=502.0s | K 61445.33 + 184.02 | yes_mid=0.9055 trade=filled
STATUS T=438.3s | K 61600.53 + 339.22 | yes_mid=0.9045 trade=filled
STATUS T=374.4s | K 61532.35 + 271.04 | yes_mid=0.8750 trade=filled
STATUS T=313.4s | K 61532.35 + 271.04 | yes_mid=0.8950 trade=filled
STATUS T=252.7s | K 61593.15 + 331.84 | yes_mid=0.9845 trade=filled
STATUS T=190.2s | K 61500.96 + 239.65 | yes_mid=0.9955 trade=filled
STATUS T=130.2s | K 61596.62 + 335.31 | yes_mid=0.9985 trade=filled
STATUS T=67.0s | K 61661.71 + 400.40 | yes_mid=0.9975 trade=filled
STATUS T=4.0s | K 61639.15 + 377.84 | yes_mid=0.9990 trade=filled orderbook=INVALID yes_ask:price_missing_or_out_of_range:None
2026-06-05T21:00:09.047Z | BALANCE T=-7.2s OUTCOME | Kalshi $18.7200 drawdown=-7.2200
OUTCOME KXBTC15M-26JUN051700-00 | K price=61619.16 target=61261.31 target_source=observed_source_snapshot actual=YES trade=YES status=filled result=successful correct=1 | counts S=45 U=14 K=32

CONTRACT KXBTC15M-26JUN051715-15 | close 2026-06-05T21:15:00Z | K target 61638.06
STATUS T=872.6s | K 61667.48 + 29.42 | yes_mid=0.4550 trade=--
STATUS T=811.3s | K 61635.27 - 2.79 | yes_mid=0.4050 trade=--
STATUS T=751.0s | K 61553.39 - 84.67 | yes_mid=0.5150 trade=--
STATUS T=689.0s | K 61566.83 - 71.23 | yes_mid=0.7150 trade=--
STATUS T=626.7s | K 61835.80 + 197.74 | yes_mid=0.8500 trade=--
2026-06-05T21:04:36.024Z | BALANCE T=626.7s T630s | Kalshi $18.7200 drawdown=-7.2200
STATUS T=630s KXBTC15M-26JUN051715-15 | yes_mid=0.8550 decision=SKIP reason=more likely side 0.8550 outside band 0.55-0.80 | counts S=45 U=14 K=33
STATUS T=563.1s | K 61835.80 + 197.74 | yes_mid=0.8150 trade=skip
STATUS T=501.1s | K 61886.26 + 248.20 | yes_mid=0.6100 trade=skip
STATUS T=438.1s | K 61815.13 + 177.07 | yes_mid=0.7150 trade=skip
STATUS T=377.9s | K 61730.17 + 92.11 | yes_mid=0.8650 trade=skip
STATUS T=317.5s | K 61803.28 + 165.22 | yes_mid=0.8150 trade=skip
STATUS T=254.6s | K 61803.28 + 165.22 | yes_mid=0.8250 trade=skip
STATUS T=191.5s | K 61775.96 + 137.90 | yes_mid=0.6550 trade=skip
STATUS T=131.1s | K 61775.12 + 137.06 | yes_mid=0.9400 trade=skip
STATUS T=69.2s | K 61775.12 + 137.06 | yes_mid=0.9910 trade=skip
STATUS T=6.1s | K 61842.03 + 203.97 | yes_mid=0.9990 trade=skip orderbook=INVALID yes_ask:price_missing_or_out_of_range:None
2026-06-05T21:15:07.030Z | BALANCE T=-5.7s OUTCOME | Kalshi $18.7200 drawdown=-7.2200
OUTCOME KXBTC15M-26JUN051715-15 | K price=61775.60 target=61638.06 target_source=observed_source_snapshot actual=YES trade= status=skip result=skipped correct=-- | counts S=45 U=14 K=33

CONTRACT KXBTC15M-26JUN051730-30 | close 2026-06-05T21:30:00Z | K target 61808.19
STATUS T=874.5s | K 61787.22 - 20.97 | yes_mid=0.6750 trade=--
STATUS T=812.4s | K 61853.61 + 45.42 | yes_mid=0.5050 trade=--
STATUS T=749.0s | K 61845.52 + 37.33 | yes_mid=0.4650 trade=--
STATUS T=686.2s | K 61806.93 - 1.26 | yes_mid=0.5150 trade=--
2026-06-05T21:19:32.667Z | BALANCE T=629.8s T630s | Kalshi $18.7200 drawdown=-7.2200
STATUS T=630s KXBTC15M-26JUN051730-30 | yes_mid=0.3550 selected=NO selected_prob=0.6450 band=0.55-0.80 contracts=2
ORDER FILLED KXBTC15M-26JUN051730-30 NO | ask=68.0c qty=61.66 order_id=f4c8b113-2ee5-478c-b54c-b2f2985049cf filled 2 at 68.0c | counts S=45 U=14 K=33
STATUS T=619.8s | K 61713.47 - 94.72 | yes_mid=0.3450 trade=filled
STATUS T=557.5s | K 61710.78 - 97.41 | yes_mid=0.3300 trade=filled
STATUS T=496.6s | K 61720.45 - 87.74 | yes_mid=0.2350 trade=filled
STATUS T=434.6s | K 61720.45 - 87.74 | yes_mid=0.1350 trade=filled
STATUS T=371.3s | K 61656.14 - 152.05 | yes_mid=0.0575 trade=filled
STATUS T=308.9s | K 61601.35 - 206.84 | yes_mid=0.0405 trade=filled
STATUS T=248.6s | K 61647.52 - 160.67 | yes_mid=0.0760 trade=filled
STATUS T=185.1s | K 61644.64 - 163.55 | yes_mid=0.0280 trade=filled
STATUS T=124.0s | K 61576.41 - 231.78 | yes_mid=0.0055 trade=filled
STATUS T=61.8s | K 61595.68 - 212.51 | yes_mid=0.0020 trade=filled
STATUS T=-3.6s | K 61576.04 - 232.15 | yes_mid=-- trade=filled orderbook=INVALID yes_ask:price_missing_or_out_of_range:None; no_ask:price_missing_or_out_of_range:None
2026-06-05T21:30:06.700Z | BALANCE T=-5.7s OUTCOME | Kalshi $19.3300 drawdown=-7.8300
OUTCOME KXBTC15M-26JUN051730-30 | K price=61544.90 target=61808.19 target_source=observed_source_snapshot actual=NO trade=NO status=filled result=successful correct=1 | counts S=46 U=14 K=33

CONTRACT KXBTC15M-26JUN051745-45 | close 2026-06-05T21:45:00Z | K target 61570.77
STATUS T=869.3s | K 61561.44 - 9.33 | yes_mid=0.3950 trade=--
STATUS T=808.8s | K 61497.81 - 72.96 | yes_mid=0.3550 trade=--
STATUS T=748.1s | K 61497.81 - 72.96 | yes_mid=0.4750 trade=--
STATUS T=686.1s | K 61483.13 - 87.64 | yes_mid=0.3250 trade=--
2026-06-05T21:34:33.463Z | BALANCE T=628.6s T630s | Kalshi $19.3300 drawdown=-7.8300
STATUS T=630s KXBTC15M-26JUN051745-45 | yes_mid=0.3050 selected=NO selected_prob=0.6950 band=0.55-0.80 contracts=2
ORDER FILLED KXBTC15M-26JUN051745-45 NO | ask=70.0c qty=1693.47 order_id=db8b11ee-e42f-475b-929e-057399872aba filled 2 at 70.0c | counts S=46 U=14 K=33
STATUS T=619.8s | K 61507.40 - 63.37 | yes_mid=0.3050 trade=filled
STATUS T=557.8s | K 61485.29 - 85.48 | yes_mid=0.4050 trade=filled
STATUS T=494.5s | K 61490.55 - 80.22 | yes_mid=0.7650 trade=filled
STATUS T=434.4s | K 61729.58 + 158.81 | yes_mid=0.8750 trade=filled
STATUS T=371.7s | K 61725.90 + 155.13 | yes_mid=0.8700 trade=filled
STATUS T=308.8s | K 61837.07 + 266.30 | yes_mid=0.9595 trade=filled
STATUS T=246.4s | K 61748.75 + 177.98 | yes_mid=0.9790 trade=filled
STATUS T=184.9s | K 61801.14 + 230.37 | yes_mid=0.9960 trade=filled
STATUS T=124.4s | K 61874.82 + 304.05 | yes_mid=0.9975 trade=filled
STATUS T=64.1s | K 61866.27 + 295.50 | yes_mid=0.9965 trade=filled
STATUS T=3.8s | K 61911.07 + 340.30 | yes_mid=0.9990 trade=filled orderbook=INVALID yes_ask:price_missing_or_out_of_range:None
2026-06-05T21:45:04.993Z | BALANCE T=-2.4s OUTCOME | Kalshi $17.9000 drawdown=-6.4000
OUTCOME KXBTC15M-26JUN051745-45 | K price=61909.88 target=61570.77 target_source=observed_source_snapshot actual=YES trade=NO status=filled result=unsuccessful correct=0 | counts S=46 U=15 K=33

CONTRACT KXBTC15M-26JUN051800-00 | close 2026-06-05T22:00:00Z | K target 61867.30
STATUS T=867.2s | K 61910.44 + 43.14 | yes_mid=0.4450 trade=--
STATUS T=803.9s | K 61849.55 - 17.75 | yes_mid=0.3050 trade=--
STATUS T=742.1s | K 61849.55 - 17.75 | yes_mid=0.4150 trade=--
STATUS T=680.9s | K 61770.10 - 97.20 | yes_mid=0.4250 trade=--
2026-06-05T21:49:34.506Z | BALANCE T=628.0s T630s | Kalshi $17.9000 drawdown=-6.4000
STATUS T=630s KXBTC15M-26JUN051800-00 | yes_mid=0.3250 selected=NO selected_prob=0.6750 band=0.55-0.80 contracts=2
ORDER FILLED KXBTC15M-26JUN051800-00 NO | ask=68.0c qty=1151.43 order_id=889c5542-3b1b-4397-960c-cc273a93f879 filled 2 at 68.0c | counts S=46 U=15 K=33
STATUS T=618.4s | K 61799.87 - 67.43 | yes_mid=0.3350 trade=filled
STATUS T=557.5s | K 61770.02 - 97.28 | yes_mid=0.2550 trade=filled
STATUS T=496.3s | K 61770.02 - 97.28 | yes_mid=0.2550 trade=filled
STATUS T=434.1s | K 61774.80 - 92.50 | yes_mid=0.2750 trade=filled
STATUS T=373.2s | K 61785.21 - 82.09 | yes_mid=0.1250 trade=filled
STATUS T=312.3s | K 61691.54 - 175.76 | yes_mid=0.0615 trade=filled
STATUS T=249.2s | K 61692.54 - 174.76 | yes_mid=0.0370 trade=filled
STATUS T=188.5s | K 61708.04 - 159.26 | yes_mid=0.0065 trade=filled
STATUS T=127.6s | K 61709.78 - 157.52 | yes_mid=0.0015 trade=filled
STATUS T=66.8s | K 61641.55 - 225.75 | yes_mid=0.0010 trade=filled orderbook=INVALID no_ask:price_missing_or_out_of_range:None
STATUS T=5.7s | K 61617.99 - 249.31 | yes_mid=0.0010 trade=filled orderbook=INVALID no_ask:price_missing_or_out_of_range:None

CONTRACT KXBTC15M-26JUN051815-15 | close 2026-06-05T22:15:00Z | K target 61658.10
STATUS T=895.5s | K 61666.00 + 7.90 | yes_mid=0.4050 trade=--
STATUS T=832.5s | K 61602.08 - 56.02 | yes_mid=0.2950 trade=--
STATUS T=771.0s | K 61581.76 - 76.34 | yes_mid=0.2150 trade=--
STATUS T=708.2s | K 61569.97 - 88.13 | yes_mid=0.2050 trade=--
STATUS T=647.9s | K 61530.67 - 127.43 | yes_mid=0.1350 trade=--
2026-06-05T22:04:33.529Z | BALANCE T=629.9s T630s | Kalshi $18.5100 drawdown=-7.0100
STATUS T=630s KXBTC15M-26JUN051815-15 | yes_mid=0.1150 decision=SKIP reason=more likely side 0.8850 outside band 0.55-0.80 | counts S=46 U=15 K=34
STATUS T=587.0s | K 61425.56 - 232.54 | yes_mid=0.1150 trade=skip
STATUS T=524.1s | K 61430.09 - 228.01 | yes_mid=0.0545 trade=skip
STATUS T=463.4s | K 61254.75 - 403.35 | yes_mid=0.0385 trade=skip
STATUS T=401.5s | K 61254.75 - 403.35 | yes_mid=0.0825 trade=skip
STATUS T=340.4s | K 61378.41 - 279.69 | yes_mid=0.1050 trade=skip
STATUS T=279.7s | K 61418.50 - 239.60 | yes_mid=0.0285 trade=skip
STATUS T=216.5s | K 61385.95 - 272.15 | yes_mid=0.0055 trade=skip
STATUS T=153.7s | K 61387.95 - 270.15 | yes_mid=0.0035 trade=skip
STATUS T=91.2s | K 61327.34 - 330.76 | yes_mid=0.0020 trade=skip
STATUS T=29.9s | K 61369.54 - 288.56 | yes_mid=0.0010 trade=skip orderbook=INVALID no_ask:price_missing_or_out_of_range:None
2026-06-05T22:15:07.445Z | BALANCE T=-6.3s OUTCOME | Kalshi $18.5100 drawdown=-7.0100
OUTCOME KXBTC15M-26JUN051815-15 | K price=61369.46 target=61658.10 target_source=observed_source_snapshot actual=NO trade= status=skip result=skipped correct=-- | counts S=46 U=15 K=34

CONTRACT KXBTC15M-26JUN051830-30 | close 2026-06-05T22:30:00Z | K target 61354.66
STATUS T=889.7s | K 61332.84 - 21.82 | yes_mid=0.4450 trade=--
STATUS T=827.6s | K 61369.46 + 14.80 | yes_mid=0.6050 trade=--
STATUS T=767.5s | K 61441.97 + 87.31 | yes_mid=0.7350 trade=--
STATUS T=705.1s | K 61507.44 + 152.78 | yes_mid=0.8450 trade=--
STATUS T=643.0s | K 61594.95 + 240.29 | yes_mid=0.7850 trade=--
2026-06-05T22:19:34.979Z | BALANCE T=627.7s T630s | Kalshi $18.5100 drawdown=-7.0100
STATUS T=630s KXBTC15M-26JUN051830-30 | yes_mid=0.7050 selected=YES selected_prob=0.7050 band=0.55-0.80 contracts=2
2026-06-05T22:19:36.904Z | ORDER RETRY 1/10 YES invalid Kalshi orderbook: yes_ask:liquidity_1<2
2026-06-05T22:19:40.342Z | ORDER RETRY 2/10 YES post error RuntimeError: POST /portfolio/orders failed: HTTP 409 {"error":{"code":"fill_or_kill_insufficient_resting_volume","message":"fill or kill insufficient resting volume"}}
ORDER FILLED KXBTC15M-26JUN051830-30 YES | ask=75.0c qty=300.0 order_id=54f62188-538d-4c1b-b873-14fbc78f5414 filled 2 at 75.0c | counts S=46 U=15 K=34
STATUS T=581.9s | K 61518.57 + 163.91 | yes_mid=0.8650 trade=filled
STATUS T=518.3s | K 61616.88 + 262.22 | yes_mid=0.8750 trade=filled
STATUS T=458.3s | K 61597.83 + 243.17 | yes_mid=0.8750 trade=filled
STATUS T=397.6s | K 61532.87 + 178.21 | yes_mid=0.8850 trade=filled
STATUS T=334.5s | K 61550.29 + 195.63 | yes_mid=0.7950 trade=filled
STATUS T=271.4s | K 61486.34 + 131.68 | yes_mid=0.7800 trade=filled
STATUS T=209.1s | K 61457.81 + 103.15 | yes_mid=0.9620 trade=filled
STATUS T=148.2s | K 61404.94 + 50.28 | yes_mid=0.9660 trade=filled
STATUS T=86.6s | K 61588.53 + 233.87 | yes_mid=0.9935 trade=filled
STATUS T=25.0s | K 61541.06 + 186.40 | yes_mid=0.9990 trade=filled orderbook=INVALID yes_ask:price_missing_or_out_of_range:None
2026-06-05T22:30:07.690Z | BALANCE T=-6.9s OUTCOME | Kalshi $18.9800 drawdown=-7.4800
OUTCOME KXBTC15M-26JUN051830-30 | K price=61479.53 target=61354.66 target_source=observed_source_snapshot actual=YES trade=YES status=filled result=successful correct=1 | counts S=47 U=15 K=34

CONTRACT KXBTC15M-26JUN051845-45 | close 2026-06-05T22:45:00Z | K target 61474.35
STATUS T=889.5s | K 61541.06 + 66.71 | yes_mid=0.6550 trade=--
STATUS T=828.6s | K 61470.55 - 3.80 | yes_mid=0.3450 trade=--
STATUS T=766.3s | K 61526.64 + 52.29 | yes_mid=0.6600 trade=--
STATUS T=705.3s | K 61571.45 + 97.10 | yes_mid=0.7300 trade=--
STATUS T=642.5s | K 61571.20 + 96.85 | yes_mid=0.7350 trade=--
2026-06-05T22:34:34.972Z | BALANCE T=628.1s T630s | Kalshi $18.9800 drawdown=-7.4800
STATUS T=630s KXBTC15M-26JUN051845-45 | yes_mid=0.8100 decision=SKIP reason=more likely side 0.8100 outside band 0.55-0.80 | counts S=47 U=15 K=35
STATUS T=580.0s | K 61590.82 + 116.47 | yes_mid=0.7450 trade=skip
STATUS T=517.1s | K 61610.07 + 135.72 | yes_mid=0.8250 trade=skip
STATUS T=454.4s | K 61615.84 + 141.49 | yes_mid=0.8350 trade=skip
STATUS T=391.4s | K 61609.34 + 134.99 | yes_mid=0.9190 trade=skip
STATUS T=329.1s | K 61649.25 + 174.90 | yes_mid=0.9445 trade=skip
STATUS T=267.7s | K 61759.94 + 285.59 | yes_mid=0.9645 trade=skip
STATUS T=207.4s | K 61736.05 + 261.70 | yes_mid=0.9725 trade=skip
STATUS T=145.7s | K 61709.91 + 235.56 | yes_mid=0.9865 trade=skip
STATUS T=83.9s | K 61709.04 + 234.69 | yes_mid=0.9990 trade=skip orderbook=INVALID yes_ask:price_missing_or_out_of_range:None
STATUS T=22.0s | K 61770.77 + 296.42 | yes_mid=0.9990 trade=skip orderbook=INVALID yes_ask:price_missing_or_out_of_range:None
2026-06-05T22:45:06.952Z | BALANCE T=-6.0s OUTCOME | Kalshi $18.9800 drawdown=-7.4800
OUTCOME KXBTC15M-26JUN051845-45 | K price=61766.10 target=61474.35 target_source=observed_source_snapshot actual=YES trade= status=skip result=skipped correct=-- | counts S=47 U=15 K=35

CONTRACT KXBTC15M-26JUN051900-00 | close 2026-06-05T23:00:00Z | K target 61762.61
STATUS T=889.4s | K 61749.78 - 12.83 | yes_mid=0.3550 trade=--
STATUS T=828.4s | K 61683.96 - 78.65 | yes_mid=0.3150 trade=--
STATUS T=767.5s | K 61651.59 - 111.02 | yes_mid=0.2850 trade=--
STATUS T=706.1s | K 61678.61 - 84.00 | yes_mid=0.4050 trade=--
STATUS T=644.2s | K 61661.77 - 100.84 | yes_mid=0.6250 trade=--
2026-06-05T22:49:34.647Z | BALANCE T=628.2s T630s | Kalshi $18.9800 drawdown=-7.4800
STATUS T=630s KXBTC15M-26JUN051900-00 | yes_mid=0.5850 selected=YES selected_prob=0.5850 band=0.55-0.80 contracts=2
ORDER FILLED KXBTC15M-26JUN051900-00 YES | ask=62.0c qty=1692.0 order_id=d9f8693a-49d3-452f-b294-28dd2c8e81fa filled 2 at 62.0c | counts S=47 U=15 K=35
STATUS T=581.7s | K 61803.40 + 40.79 | yes_mid=0.4450 trade=filled
STATUS T=519.4s | K 61767.82 + 5.21 | yes_mid=0.3250 trade=filled
STATUS T=455.9s | K 61773.48 + 10.87 | yes_mid=0.3750 trade=filled
STATUS T=395.9s | K 61742.79 - 19.82 | yes_mid=0.7800 trade=filled
STATUS T=335.6s | K 61885.44 + 122.83 | yes_mid=0.8150 trade=filled
STATUS T=274.2s | K 61885.44 + 122.83 | yes_mid=0.5050 trade=filled
STATUS T=213.3s | K 61786.46 + 23.85 | yes_mid=0.6450 trade=filled
STATUS T=153.1s | K 61748.98 - 13.63 | yes_mid=0.4900 trade=filled
STATUS T=91.5s | K 61803.40 + 40.79 | yes_mid=0.0575 trade=filled
STATUS T=29.4s | K 61648.13 - 114.48 | yes_mid=0.0010 trade=filled orderbook=INVALID no_ask:price_missing_or_out_of_range:None
2026-06-05T23:00:03.002Z | POLL FETCH ERROR RuntimeError: GET /markets failed: HTTP 429 {"error":{"code":"too_many_requests","message":"too many requests"}}
2026-06-05T23:00:07.577Z | BALANCE T=-5.0s OUTCOME | Kalshi $17.7100 drawdown=-6.2100
OUTCOME KXBTC15M-26JUN051900-00 | K price=61739.08 target=61762.61 target_source=observed_source_snapshot actual=NO trade=YES status=filled result=unsuccessful correct=0 | counts S=47 U=16 K=35

CONTRACT KXBTC15M-26JUN051915-15 | close 2026-06-05T23:15:00Z | K target 61584.39
STATUS T=884.6s | K 61563.73 - 20.66 | yes_mid=0.5350 trade=--
STATUS T=822.5s | K 61540.05 - 44.34 | yes_mid=0.6700 trade=--
STATUS T=759.7s | K 61592.31 + 7.92 | yes_mid=0.4650 trade=--
STATUS T=696.3s | K 61619.89 + 35.50 | yes_mid=0.4650 trade=--
STATUS T=635.7s | K 61536.22 - 48.17 | yes_mid=0.4550 trade=--
2026-06-05T23:04:34.809Z | BALANCE T=627.8s T630s | Kalshi $17.7100 drawdown=-6.2100
STATUS T=630s KXBTC15M-26JUN051915-15 | yes_mid=0.4250 selected=NO selected_prob=0.5750 band=0.55-0.80 contracts=2
2026-06-05T23:04:36.737Z | ORDER RETRY 1/10 NO more likely side 0.5050 outside band 0.55-0.80
2026-06-05T23:04:39.927Z | ORDER RETRY 2/10 NO more likely side 0.5250 outside band 0.55-0.80
2026-06-05T23:04:41.926Z | ORDER RETRY 3/10 NO more likely side 0.5250 outside band 0.55-0.80
2026-06-05T23:04:43.216Z | ORDER RETRY 4/10 NO more likely side 0.5050 outside band 0.55-0.80
2026-06-05T23:04:46.091Z | ORDER RETRY 5/10 NO more likely side 0.5050 outside band 0.55-0.80
2026-06-05T23:04:48.328Z | ORDER RETRY 6/10 NO more likely side 0.5200 outside band 0.55-0.80
2026-06-05T23:04:50.419Z | ORDER RETRY 7/10 NO more likely side 0.5150 outside band 0.55-0.80
2026-06-05T23:04:52.178Z | ORDER RETRY 8/10 NO more likely side 0.5100 outside band 0.55-0.80
2026-06-05T23:04:54.018Z | ORDER RETRY 9/10 NO more likely side 0.5050 outside band 0.55-0.80
2026-06-05T23:04:56.493Z | ORDER RETRY 10/10 NO more likely side 0.5000 outside band 0.55-0.80
ORDER SKIP KXBTC15M-26JUN051915-15 NO | ask=51.0c qty=3267.0 order_id=-- no fill/valid liquidity after 10 attempts; last=more likely side 0.5000 outside band 0.55-0.80 | counts S=47 U=16 K=36
STATUS T=575.0s | K 61550.19 - 34.20 | yes_mid=0.6650 trade=skip
STATUS T=512.9s | K 61592.96 + 8.57 | yes_mid=0.7250 trade=skip
STATUS T=451.4s | K 61713.38 + 128.99 | yes_mid=0.6250 trade=skip
STATUS T=388.3s | K 61719.23 + 134.84 | yes_mid=0.5450 trade=skip
STATUS T=327.3s | K 61575.43 - 8.96 | yes_mid=0.1350 trade=skip
STATUS T=263.7s | K 61382.38 - 202.01 | yes_mid=0.0745 trade=skip
STATUS T=201.2s | K 61396.16 - 188.23 | yes_mid=0.0980 trade=skip
STATUS T=138.9s | K 61390.42 - 193.97 | yes_mid=0.0220 trade=skip
STATUS T=78.8s | K 61418.00 - 166.39 | yes_mid=0.0025 trade=skip
STATUS T=16.7s | K 61419.49 - 164.90 | yes_mid=0.0010 trade=skip orderbook=INVALID no_ask:price_missing_or_out_of_range:None
2026-06-05T23:15:03.456Z | POLL FETCH ERROR RuntimeError: GET /markets failed: HTTP 429 {"error":{"code":"too_many_requests","message":"too many requests"}}
2026-06-05T23:15:06.330Z | BALANCE T=-5.5s OUTCOME | Kalshi $17.7100 drawdown=-6.2100
OUTCOME KXBTC15M-26JUN051915-15 | K price=61350.26 target=61584.39 target_source=observed_source_snapshot actual=NO trade=NO status=skip result=skipped correct=-- | counts S=47 U=16 K=36

CONTRACT KXBTC15M-26JUN051930-30 | close 2026-06-05T23:30:00Z | K target 61377.54
STATUS T=880.8s | K 61436.48 + 58.94 | yes_mid=0.2650 trade=--
STATUS T=818.3s | K 61350.26 - 27.28 | yes_mid=0.2500 trade=--
STATUS T=755.6s | K 61206.10 - 171.44 | yes_mid=0.2800 trade=--
STATUS T=693.9s | K 61189.35 - 188.19 | yes_mid=0.2050 trade=--
STATUS T=633.2s | K 61173.11 - 204.43 | yes_mid=0.1150 trade=--
2026-06-05T23:19:32.971Z | BALANCE T=629.7s T630s | Kalshi $17.7100 drawdown=-6.2100
STATUS T=630s KXBTC15M-26JUN051930-30 | yes_mid=0.1150 decision=SKIP reason=more likely side 0.8850 outside band 0.55-0.80 | counts S=47 U=16 K=37
STATUS T=571.8s | K 61091.08 - 286.46 | yes_mid=0.0725 trade=skip
STATUS T=509.3s | K 61091.08 - 286.46 | yes_mid=0.0725 trade=skip
STATUS T=445.6s | K 61149.73 - 227.81 | yes_mid=0.0460 trade=skip
STATUS T=382.5s | K 60992.29 - 385.25 | yes_mid=0.0170 trade=skip
STATUS T=322.1s | K 61015.13 - 362.41 | yes_mid=0.0125 trade=skip
STATUS T=259.7s | K 60880.86 - 496.68 | yes_mid=0.0040 trade=skip
STATUS T=196.7s | K 60880.32 - 497.22 | yes_mid=0.0015 trade=skip
STATUS T=136.7s | K 60851.67 - 525.87 | yes_mid=0.0020 trade=skip
STATUS T=74.2s | K 60916.68 - 460.86 | yes_mid=0.0025 trade=skip
STATUS T=13.4s | K 60916.68 - 460.86 | yes_mid=0.0010 trade=skip orderbook=INVALID no_ask:price_missing_or_out_of_range:None
2026-06-05T23:30:07.328Z | BALANCE T=-6.5s OUTCOME | Kalshi $17.7100 drawdown=-6.2100
OUTCOME KXBTC15M-26JUN051930-30 | K price=60976.62 target=61377.54 target_source=observed_source_snapshot actual=NO trade= status=skip result=skipped correct=-- | counts S=47 U=16 K=37

CONTRACT KXBTC15M-26JUN051945-45 | close 2026-06-05T23:45:00Z | K target 60977.66
STATUS T=879.9s | K 60914.61 - 63.05 | yes_mid=0.3850 trade=--
STATUS T=817.3s | K 60883.82 - 93.84 | yes_mid=0.1750 trade=--
STATUS T=757.1s | K 60768.63 - 209.03 | yes_mid=0.1850 trade=--
STATUS T=694.5s | K 60816.76 - 160.90 | yes_mid=0.0655 trade=--
STATUS T=631.8s | K 60733.39 - 244.27 | yes_mid=0.0550 trade=--
2026-06-05T23:34:34.341Z | BALANCE T=628.9s T630s | Kalshi $17.7100 drawdown=-6.2100
STATUS T=630s KXBTC15M-26JUN051945-45 | yes_mid=0.0505 decision=SKIP reason=more likely side 0.9495 outside band 0.55-0.80 | counts S=47 U=16 K=38
STATUS T=568.7s | K 60563.95 - 413.71 | yes_mid=0.1350 trade=skip
STATUS T=508.3s | K 60769.73 - 207.93 | yes_mid=0.1200 trade=skip
STATUS T=448.1s | K 60761.00 - 216.66 | yes_mid=0.2350 trade=skip
STATUS T=386.7s | K 60761.00 - 216.66 | yes_mid=0.1750 trade=skip
STATUS T=324.1s | K 60845.68 - 131.98 | yes_mid=0.0515 trade=skip
STATUS T=263.8s | K 60729.83 - 247.83 | yes_mid=0.0125 trade=skip
STATUS T=200.8s | K 60717.20 - 260.46 | yes_mid=0.0105 trade=skip
STATUS T=139.3s | K 60786.39 - 191.27 | yes_mid=0.0085 trade=skip
STATUS T=76.2s | K 60771.82 - 205.84 | yes_mid=0.0010 trade=skip orderbook=INVALID no_ask:price_missing_or_out_of_range:None
STATUS T=13.9s | K 60771.19 - 206.47 | yes_mid=0.0010 trade=skip orderbook=INVALID no_ask:price_missing_or_out_of_range:None
2026-06-05T23:45:06.968Z | BALANCE T=-4.9s OUTCOME | Kalshi $17.7100 drawdown=-6.2100
OUTCOME KXBTC15M-26JUN051945-45 | K price=60721.80 target=60977.66 target_source=observed_source_snapshot actual=NO trade= status=skip result=skipped correct=-- | counts S=47 U=16 K=38

CONTRACT KXBTC15M-26JUN052000-00 | close 2026-06-06T00:00:00Z | K target 60775.28
STATUS T=873.8s | K 60757.76 - 17.52 | yes_mid=0.3850 trade=--
STATUS T=812.1s | K 60755.42 - 19.86 | yes_mid=0.4950 trade=--
STATUS T=749.7s | K 60720.41 - 54.87 | yes_mid=0.4250 trade=--
STATUS T=689.3s | K 60777.51 + 2.23 | yes_mid=0.5050 trade=--
2026-06-05T23:49:34.569Z | BALANCE T=629.3s T630s | Kalshi $17.7100 drawdown=-6.2100
STATUS T=630s KXBTC15M-26JUN052000-00 | yes_mid=0.5150 decision=SKIP reason=more likely side 0.5150 outside band 0.55-0.80 | counts S=47 U=16 K=39
STATUS T=622.1s | K 60777.51 + 2.23 | yes_mid=0.4850 trade=skip
STATUS T=561.9s | K 60860.34 + 85.06 | yes_mid=0.7950 trade=skip
STATUS T=500.7s | K 60882.16 + 106.88 | yes_mid=0.8550 trade=skip
STATUS T=438.7s | K 60992.65 + 217.37 | yes_mid=0.9370 trade=skip
STATUS T=377.4s | K 60999.05 + 223.77 | yes_mid=0.9405 trade=skip
STATUS T=316.3s | K 60976.85 + 201.57 | yes_mid=0.9710 trade=skip
STATUS T=255.7s | K 60976.85 + 201.57 | yes_mid=0.9660 trade=skip
STATUS T=193.1s | K 61001.45 + 226.17 | yes_mid=0.9640 trade=skip
STATUS T=130.3s | K 60909.32 + 134.04 | yes_mid=0.9895 trade=skip
STATUS T=69.2s | K 60913.48 + 138.20 | yes_mid=0.9990 trade=skip orderbook=INVALID yes_ask:price_missing_or_out_of_range:None
STATUS T=5.8s | K 60934.91 + 159.63 | yes_mid=0.9990 trade=skip orderbook=INVALID yes_ask:price_missing_or_out_of_range:None
2026-06-06T00:00:08.992Z | BALANCE T=-8.1s OUTCOME | Kalshi $17.7100 drawdown=-6.2100
OUTCOME KXBTC15M-26JUN052000-00 | K price=60934.91 target=60775.28 target_source=observed_source_snapshot actual=YES trade= status=skip result=skipped correct=-- | counts S=47 U=16 K=39

CONTRACT KXBTC15M-26JUN052015-15 | close 2026-06-06T00:15:00Z | K target 60967.28
STATUS T=872.6s | K 60928.71 - 38.57 | yes_mid=0.7650 trade=--
STATUS T=809.6s | K 61083.54 + 116.26 | yes_mid=0.7900 trade=--
STATUS T=747.0s | K 61175.06 + 207.78 | yes_mid=0.8750 trade=--
STATUS T=686.0s | K 61205.70 + 238.42 | yes_mid=0.8650 trade=--
2026-06-06T00:04:33.046Z | BALANCE T=629.4s T630s | Kalshi $17.7100 drawdown=-6.2100
STATUS T=630s KXBTC15M-26JUN052015-15 | yes_mid=0.9445 decision=SKIP reason=more likely side 0.9445 outside band 0.55-0.80 | counts S=47 U=16 K=40
STATUS T=623.4s | K 61368.47 + 401.19 | yes_mid=0.9425 trade=skip
STATUS T=559.7s | K 61342.06 + 374.78 | yes_mid=0.9015 trade=skip
STATUS T=499.0s | K 61269.28 + 302.00 | yes_mid=0.9105 trade=skip
STATUS T=436.0s | K 61273.42 + 306.14 | yes_mid=0.9620 trade=skip
STATUS T=373.8s | K 61344.22 + 376.94 | yes_mid=0.9845 trade=skip
STATUS T=312.5s | K 61375.42 + 408.14 | yes_mid=0.9845 trade=skip
STATUS T=250.4s | K 61408.19 + 440.91 | yes_mid=0.9915 trade=skip
STATUS T=187.7s | K 61415.18 + 447.90 | yes_mid=0.9950 trade=skip
STATUS T=127.3s | K 61349.19 + 381.91 | yes_mid=0.9975 trade=skip
STATUS T=64.1s | K 61378.42 + 411.14 | yes_mid=0.9990 trade=skip orderbook=INVALID yes_ask:price_missing_or_out_of_range:None
STATUS T=2.6s | K 61415.88 + 448.60 | yes_mid=0.9990 trade=skip orderbook=INVALID yes_ask:price_missing_or_out_of_range:None
2026-06-06T00:15:05.674Z | BALANCE T=-4.5s OUTCOME | Kalshi $17.7100 drawdown=-6.2100
OUTCOME KXBTC15M-26JUN052015-15 | K price=61413.36 target=60967.28 target_source=observed_source_snapshot actual=YES trade= status=skip result=skipped correct=-- | counts S=47 U=16 K=40
2026-06-06T00:15:07.917Z | POLL FETCH ERROR RuntimeError: GET /markets failed: HTTP 429 {"error":{"code":"too_many_requests","message":"too many requests"}}

CONTRACT KXBTC15M-26JUN052030-30 | close 2026-06-06T00:30:00Z | K target 61405.05
STATUS T=870.3s | K 61413.36 + 8.31 | yes_mid=0.5650 trade=--
STATUS T=809.5s | K 61413.36 + 8.31 | yes_mid=0.6450 trade=--
STATUS T=746.6s | K 61485.60 + 80.55 | yes_mid=0.6550 trade=--
STATUS T=685.4s | K 61467.31 + 62.26 | yes_mid=0.4450 trade=--
2026-06-06T00:19:34.335Z | BALANCE T=629.1s T630s | Kalshi $17.7100 drawdown=-6.2100
STATUS T=630s KXBTC15M-26JUN052030-30 | yes_mid=0.2750 selected=NO selected_prob=0.7250 band=0.55-0.80 contracts=2
2026-06-06T00:19:37.622Z | ORDER RETRY 1/10 NO post error RuntimeError: POST /portfolio/orders failed: HTTP 409 {"error":{"code":"fill_or_kill_insufficient_resting_volume","message":"fill or kill insufficient resting volume"}}
ORDER FILLED KXBTC15M-26JUN052030-30 NO | ask=76.0c qty=1053.74 order_id=846e4a04-d415-4e11-a1e5-a3028c73bfe2 filled 2 at 76.0c | counts S=47 U=16 K=40
STATUS T=613.9s | K 61302.09 - 102.96 | yes_mid=0.2050 trade=filled
STATUS T=553.4s | K 61274.86 - 130.19 | yes_mid=0.1850 trade=filled
STATUS T=490.2s | K 61263.20 - 141.85 | yes_mid=0.2450 trade=filled
STATUS T=429.7s | K 61279.61 - 125.44 | yes_mid=0.0685 trade=filled
STATUS T=367.3s | K 61218.82 - 186.23 | yes_mid=0.0355 trade=filled
STATUS T=305.4s | K 61170.43 - 234.62 | yes_mid=0.0175 trade=filled
STATUS T=244.6s | K 61142.74 - 262.31 | yes_mid=0.0085 trade=filled
STATUS T=184.1s | K 61173.94 - 231.11 | yes_mid=0.0080 trade=filled
STATUS T=120.7s | K 61192.46 - 212.59 | yes_mid=0.0015 trade=filled
STATUS T=59.4s | K 61291.98 - 113.07 | yes_mid=0.0055 trade=filled
STATUS T=-4.5s | K 61243.97 - 161.08 | yes_mid=-- trade=filled orderbook=INVALID yes_ask:price_missing_or_out_of_range:None; no_ask:price_missing_or_out_of_range:None
2026-06-06T00:30:07.407Z | BALANCE T=-6.5s OUTCOME | Kalshi $18.1600 drawdown=-6.6600
OUTCOME KXBTC15M-26JUN052030-30 | K price=61293.51 target=61405.05 target_source=observed_source_snapshot actual=NO trade=NO status=filled result=successful correct=1 | counts S=48 U=16 K=40

CONTRACT KXBTC15M-26JUN052045-45 | close 2026-06-06T00:45:00Z | K target 61295.83
STATUS T=866.9s | K 61276.66 - 19.17 | yes_mid=0.4750 trade=--
STATUS T=803.7s | K 61296.99 + 1.16 | yes_mid=0.4750 trade=--
STATUS T=740.4s | K 61305.85 + 10.02 | yes_mid=0.7350 trade=--
STATUS T=678.9s | K 61288.60 - 7.23 | yes_mid=0.6450 trade=--
2026-06-06T00:34:36.250Z | BALANCE T=626.8s T630s | Kalshi $18.1600 drawdown=-6.6600
STATUS T=630s KXBTC15M-26JUN052045-45 | yes_mid=0.5650 selected=YES selected_prob=0.5650 band=0.55-0.80 contracts=2
ORDER FILLED KXBTC15M-26JUN052045-45 YES | ask=60.0c qty=609.0 order_id=7e324f81-680c-416a-b77f-f2f467bacabc filled 2 at 60.0c | counts S=48 U=16 K=40
STATUS T=616.5s | K 61368.58 + 72.75 | yes_mid=0.6050 trade=filled
STATUS T=553.8s | K 61368.58 + 72.75 | yes_mid=0.3250 trade=filled
STATUS T=493.3s | K 61199.44 - 96.39 | yes_mid=0.3250 trade=filled
STATUS T=431.4s | K 61234.67 - 61.16 | yes_mid=0.3050 trade=filled
STATUS T=368.2s | K 61256.46 - 39.37 | yes_mid=0.2850 trade=filled
STATUS T=306.5s | K 61269.98 - 25.85 | yes_mid=0.4450 trade=filled
STATUS T=243.9s | K 61282.53 - 13.30 | yes_mid=0.4850 trade=filled
STATUS T=182.5s | K 61283.29 - 12.54 | yes_mid=0.0740 trade=filled
STATUS T=118.9s | K 61200.43 - 95.40 | yes_mid=0.0695 trade=filled
STATUS T=58.0s | K 61167.06 - 128.77 | yes_mid=0.0030 trade=filled
STATUS T=-3.1s | K 61188.76 - 107.07 | yes_mid=-- trade=filled orderbook=INVALID yes_ask:price_missing_or_out_of_range:None; no_ask:price_missing_or_out_of_range:None
2026-06-06T00:45:05.965Z | BALANCE T=-5.1s OUTCOME | Kalshi $16.9300 drawdown=-5.4300
OUTCOME KXBTC15M-26JUN052045-45 | K price=61220.55 target=61295.83 target_source=observed_source_snapshot actual=NO trade=YES status=filled result=unsuccessful correct=0 | counts S=48 U=17 K=40

CONTRACT KXBTC15M-26JUN052100-00 | close 2026-06-06T01:00:00Z | K target 61217.03
STATUS T=864.4s | K 61188.25 - 28.78 | yes_mid=0.4550 trade=--
STATUS T=804.2s | K 61181.04 - 35.99 | yes_mid=0.5450 trade=--
STATUS T=740.5s | K 61236.64 + 19.61 | yes_mid=0.7050 trade=--
STATUS T=680.0s | K 61236.64 + 19.61 | yes_mid=0.6750 trade=--
2026-06-06T00:49:33.944Z | BALANCE T=628.8s T630s | Kalshi $16.9300 drawdown=-5.4300
STATUS T=630s KXBTC15M-26JUN052100-00 | yes_mid=0.6350 selected=YES selected_prob=0.6350 band=0.55-0.80 contracts=2
ORDER FILLED KXBTC15M-26JUN052100-00 YES | ask=63.0c qty=4986.34 order_id=eed57af7-84ab-4625-8291-5a85cfc0e670 filled 2 at 55.0c | counts S=48 U=17 K=40
STATUS T=617.4s | K 61294.21 + 77.18 | yes_mid=0.5250 trade=filled
STATUS T=555.8s | K 61248.13 + 31.10 | yes_mid=0.5050 trade=filled
STATUS T=494.2s | K 61248.13 + 31.10 | yes_mid=0.5150 trade=filled
STATUS T=432.3s | K 61211.51 - 5.52 | yes_mid=0.5250 trade=filled
STATUS T=371.8s | K 61220.02 + 2.99 | yes_mid=0.6500 trade=filled
STATUS T=310.3s | K 61240.64 + 23.61 | yes_mid=0.8450 trade=filled
STATUS T=247.5s | K 61317.95 + 100.92 | yes_mid=0.9605 trade=filled
STATUS T=187.3s | K 61315.75 + 98.72 | yes_mid=0.9435 trade=filled
STATUS T=124.6s | K 61297.39 + 80.36 | yes_mid=0.8450 trade=filled
STATUS T=62.6s | K 61251.70 + 34.67 | yes_mid=0.9735 trade=filled
STATUS T=2.1s | K 61269.72 + 52.69 | yes_mid=0.9990 trade=filled orderbook=INVALID yes_ask:price_missing_or_out_of_range:None
2026-06-06T01:00:07.189Z | BALANCE T=-6.2s OUTCOME | Kalshi $17.7900 drawdown=-6.2900
OUTCOME KXBTC15M-26JUN052100-00 | K price=61269.72 target=61217.03 target_source=observed_source_snapshot actual=YES trade=YES status=filled result=successful correct=1 | counts S=49 U=17 K=40

CONTRACT KXBTC15M-26JUN052115-15 | close 2026-06-06T01:15:00Z | K target 61266.30
STATUS T=890.0s | K 61251.70 - 14.60 | yes_mid=0.5750 trade=--
STATUS T=829.7s | K 61282.76 + 16.46 | yes_mid=0.6250 trade=--
STATUS T=769.1s | K 61299.79 + 33.49 | yes_mid=0.6850 trade=--
STATUS T=706.2s | K 61355.81 + 89.51 | yes_mid=0.7250 trade=--
STATUS T=644.5s | K 61356.62 + 90.32 | yes_mid=0.7350 trade=--
2026-06-06T01:04:34.900Z | BALANCE T=627.8s T630s | Kalshi $17.7900 drawdown=-6.2900
STATUS T=630s KXBTC15M-26JUN052115-15 | yes_mid=0.7250 selected=YES selected_prob=0.7250 band=0.55-0.80 contracts=2
2026-06-06T01:04:37.927Z | ORDER RETRY 1/10 YES post error RuntimeError: POST /portfolio/orders failed: HTTP 409 {"error":{"code":"fill_or_kill_insufficient_resting_volume","message":"fill or kill insufficient resting volume"}}
ORDER FILLED KXBTC15M-26JUN052115-15 YES | ask=73.0c qty=132.0 order_id=5add4f73-b9a6-4d9e-aca4-4dd9bbb10faa filled 2 at 73.0c | counts S=49 U=17 K=40
STATUS T=584.3s | K 61352.28 + 85.98 | yes_mid=0.7650 trade=filled
STATUS T=523.3s | K 61341.65 + 75.35 | yes_mid=0.7750 trade=filled
STATUS T=463.1s | K 61333.03 + 66.73 | yes_mid=0.7650 trade=filled
STATUS T=403.1s | K 61333.03 + 66.73 | yes_mid=0.6700 trade=filled
STATUS T=342.9s | K 61324.30 + 58.00 | yes_mid=0.6850 trade=filled
STATUS T=282.8s | K 61324.30 + 58.00 | yes_mid=0.7350 trade=filled
STATUS T=220.1s | K 61306.26 + 39.96 | yes_mid=0.4850 trade=filled
STATUS T=159.1s | K 61261.78 - 4.52 | yes_mid=0.5650 trade=filled
STATUS T=98.4s | K 61271.40 + 5.10 | yes_mid=0.0055 trade=filled
2026-06-06T01:13:44.417Z | POLL FETCH ERROR RuntimeError: GET /markets/KXBTC15M-26JUN052115-15/orderbook failed: HTTP 503 {"error":{"code":"service_unavailable","message":"service_unavailable","service":"orderbook"}}
2026-06-06T01:13:47.932Z | POLL FETCH ERROR RuntimeError: GET /markets/KXBTC15M-26JUN052115-15/orderbook failed: HTTP 503 {"error":{"code":"service_unavailable","message":"service_unavailable","service":"orderbook"}}
STATUS T=36.0s | K 61142.89 - 123.41 | yes_mid=0.0010 trade=filled orderbook=INVALID no_ask:price_missing_or_out_of_range:None
2026-06-06T01:14:45.290Z | POLL FETCH ERROR RuntimeError: GET /markets/KXBTC15M-26JUN052115-15/orderbook failed: HTTP 503 {"error":{"code":"service_unavailable","message":"service_unavailable","service":"orderbook"}}
2026-06-06T01:15:07.707Z | BALANCE T=-6.9s OUTCOME | Kalshi $16.3000 drawdown=-4.8000
OUTCOME KXBTC15M-26JUN052115-15 | K price=61143.98 target=61266.30 target_source=observed_source_snapshot actual=NO trade=YES status=filled result=unsuccessful correct=0 | counts S=49 U=18 K=40

CONTRACT KXBTC15M-26JUN052130-30 | close 2026-06-06T01:30:00Z | K target 61120.91
STATUS T=889.5s | K 61142.89 + 21.98 | yes_mid=0.5550 trade=--
STATUS T=827.4s | K 61139.17 + 18.26 | yes_mid=0.7450 trade=--
STATUS T=765.6s | K 61106.67 - 14.24 | yes_mid=0.4250 trade=--
STATUS T=703.0s | K 61088.74 - 32.17 | yes_mid=0.5950 trade=--
STATUS T=642.1s | K 61145.68 + 24.77 | yes_mid=0.5650 trade=--
2026-06-06T01:19:34.251Z | BALANCE T=628.1s T630s | Kalshi $16.3000 drawdown=-4.8000
STATUS T=630s KXBTC15M-26JUN052130-30 | yes_mid=0.5850 selected=YES selected_prob=0.5850 band=0.55-0.80 contracts=2
2026-06-06T01:19:36.167Z | ORDER RETRY 1/10 YES more likely side 0.5150 outside band 0.55-0.80
2026-06-06T01:19:38.018Z | ORDER RETRY 2/10 YES more likely side 0.5050 outside band 0.55-0.80
2026-06-06T01:19:40.410Z | ORDER RETRY 3/10 YES more likely side 0.5450 outside band 0.55-0.80
2026-06-06T01:19:43.220Z | ORDER RETRY 4/10 YES current side changed to NO
2026-06-06T01:19:46.255Z | ORDER RETRY 5/10 YES current side changed to NO
2026-06-06T01:19:48.492Z | ORDER RETRY 6/10 YES current side changed to NO
2026-06-06T01:19:50.646Z | ORDER RETRY 7/10 YES current side changed to NO
2026-06-06T01:19:53.613Z | ORDER RETRY 8/10 YES current side changed to NO
2026-06-06T01:19:55.927Z | ORDER RETRY 9/10 YES current side changed to NO
2026-06-06T01:19:58.492Z | ORDER RETRY 10/10 YES current side changed to NO
ORDER SKIP KXBTC15M-26JUN052130-30 YES | ask=39.0c qty=1158.45 order_id=-- no fill/valid liquidity after 10 attempts; last=current side changed to NO | counts S=49 U=18 K=41
STATUS T=581.7s | K 61137.15 + 16.24 | yes_mid=0.3250 trade=skip
STATUS T=520.7s | K 61065.26 - 55.65 | yes_mid=0.1450 trade=skip
STATUS T=458.1s | K 60986.96 - 133.95 | yes_mid=0.1650 trade=skip
STATUS T=396.8s | K 61004.42 - 116.49 | yes_mid=0.1150 trade=skip
STATUS T=334.1s | K 60989.60 - 131.31 | yes_mid=0.0845 trade=skip
STATUS T=272.5s | K 60984.15 - 136.76 | yes_mid=0.0315 trade=skip
STATUS T=211.6s | K 60981.18 - 139.73 | yes_mid=0.1550 trade=skip
STATUS T=148.8s | K 61005.84 - 115.07 | yes_mid=0.6450 trade=skip
STATUS T=85.3s | K 61170.59 + 49.68 | yes_mid=0.9860 trade=skip
STATUS T=24.7s | K 61161.15 + 40.24 | yes_mid=0.9990 trade=skip orderbook=INVALID yes_ask:price_missing_or_out_of_range:None
2026-06-06T01:30:05.949Z | BALANCE T=-2.4s OUTCOME | Kalshi $16.3000 drawdown=-4.8000
OUTCOME KXBTC15M-26JUN052130-30 | K price=61267.61 target=61120.91 target_source=observed_source_snapshot actual=YES trade=YES status=skip result=skipped correct=-- | counts S=49 U=18 K=41

CONTRACT KXBTC15M-26JUN052145-45 | close 2026-06-06T01:45:00Z | K target 61262.04
STATUS T=886.2s | K 61237.94 - 24.10 | yes_mid=0.4550 trade=--
STATUS T=823.3s | K 61230.89 - 31.15 | yes_mid=0.3400 trade=--
STATUS T=761.7s | K 61206.40 - 55.64 | yes_mid=0.4050 trade=--
STATUS T=699.5s | K 61270.61 + 8.57 | yes_mid=0.3050 trade=--
STATUS T=637.0s | K 61209.06 - 52.98 | yes_mid=0.5550 trade=--
2026-06-06T01:34:33.134Z | BALANCE T=629.0s T630s | Kalshi $16.3000 drawdown=-4.8000
STATUS T=630s KXBTC15M-26JUN052145-45 | yes_mid=0.4750 decision=SKIP reason=more likely side 0.5250 outside band 0.55-0.80 | counts S=49 U=18 K=42
STATUS T=575.5s | K 61260.70 - 1.34 | yes_mid=0.3650 trade=skip
STATUS T=513.3s | K 61263.90 + 1.86 | yes_mid=0.3050 trade=skip
STATUS T=450.9s | K 61089.24 - 172.80 | yes_mid=0.0655 trade=skip
STATUS T=390.6s | K 61086.22 - 175.82 | yes_mid=0.0730 trade=skip
STATUS T=329.6s | K 61095.19 - 166.85 | yes_mid=0.0695 trade=skip
STATUS T=268.0s | K 61099.93 - 162.11 | yes_mid=0.0305 trade=skip
STATUS T=205.4s | K 61090.21 - 171.83 | yes_mid=0.0155 trade=skip
STATUS T=142.0s | K 61057.87 - 204.17 | yes_mid=0.0040 trade=skip
STATUS T=79.1s | K 61022.16 - 239.88 | yes_mid=0.0010 trade=skip orderbook=INVALID no_ask:price_missing_or_out_of_range:None
STATUS T=16.1s | K 61037.98 - 224.06 | yes_mid=0.0010 trade=skip orderbook=INVALID no_ask:price_missing_or_out_of_range:None
2026-06-06T01:45:06.984Z | BALANCE T=-4.6s OUTCOME | Kalshi $16.3000 drawdown=-4.8000
OUTCOME KXBTC15M-26JUN052145-45 | K price=61029.39 target=61262.04 target_source=observed_source_snapshot actual=NO trade= status=skip result=skipped correct=-- | counts S=49 U=18 K=42

CONTRACT KXBTC15M-26JUN052200-00 | close 2026-06-06T02:00:00Z | K target 61038.88
STATUS T=885.1s | K 61048.87 + 9.99 | yes_mid=0.5650 trade=--
STATUS T=821.7s | K 61049.46 + 10.58 | yes_mid=0.7450 trade=--
STATUS T=760.7s | K 61110.63 + 71.75 | yes_mid=0.5650 trade=--
STATUS T=697.7s | K 61085.24 + 46.36 | yes_mid=0.6350 trade=--
STATUS T=635.5s | K 61101.24 + 62.36 | yes_mid=0.5250 trade=--
2026-06-06T01:49:34.427Z | BALANCE T=627.8s T630s | Kalshi $16.3000 drawdown=-4.8000
STATUS T=630s KXBTC15M-26JUN052200-00 | yes_mid=0.5450 decision=SKIP reason=more likely side 0.5450 outside band 0.55-0.80 | counts S=49 U=18 K=43
STATUS T=572.9s | K 61036.57 - 2.31 | yes_mid=0.5050 trade=skip
STATUS T=511.7s | K 61008.07 - 30.81 | yes_mid=0.1900 trade=skip
STATUS T=451.2s | K 61051.57 + 12.69 | yes_mid=0.5650 trade=skip
STATUS T=387.5s | K 61068.09 + 29.21 | yes_mid=0.6750 trade=skip
STATUS T=325.7s | K 61058.98 + 20.10 | yes_mid=0.8950 trade=skip
STATUS T=263.7s | K 61149.04 + 110.16 | yes_mid=0.8650 trade=skip
STATUS T=200.2s | K 61068.29 + 29.41 | yes_mid=0.9160 trade=skip
STATUS T=138.9s | K 61117.62 + 78.74 | yes_mid=0.9660 trade=skip
STATUS T=76.9s | K 61100.85 + 61.97 | yes_mid=0.7750 trade=skip
STATUS T=16.0s | K 61084.47 + 45.59 | yes_mid=0.9985 trade=skip
2026-06-06T02:00:07.939Z | BALANCE T=-7.1s OUTCOME | Kalshi $16.3000 drawdown=-4.8000
OUTCOME KXBTC15M-26JUN052200-00 | K price=61056.52 target=61038.88 target_source=observed_source_snapshot actual=YES trade= status=skip result=skipped correct=-- | counts S=49 U=18 K=43

CONTRACT KXBTC15M-26JUN052215-15 | close 2026-06-06T02:15:00Z | K target 61074.46
STATUS T=883.2s | K 61063.89 - 10.57 | yes_mid=0.3950 trade=--
STATUS T=820.8s | K 61081.93 + 7.47 | yes_mid=0.2750 trade=--
STATUS T=758.8s | K 60991.56 - 82.90 | yes_mid=0.3250 trade=--
STATUS T=696.6s | K 60970.10 - 104.36 | yes_mid=0.2550 trade=--
STATUS T=634.6s | K 61008.05 - 66.41 | yes_mid=0.2150 trade=--
2026-06-06T02:04:36.089Z | BALANCE T=626.7s T630s | Kalshi $16.3000 drawdown=-4.8000
STATUS T=630s KXBTC15M-26JUN052215-15 | yes_mid=0.2150 selected=NO selected_prob=0.7850 band=0.55-0.80 contracts=2
ORDER FILLED KXBTC15M-26JUN052215-15 NO | ask=80.0c qty=1224.3 order_id=af855c18-ca1a-4b25-a664-4ac37ee02a33 filled 2 at 80.0c | counts S=49 U=18 K=43
STATUS T=573.4s | K 60986.33 - 88.13 | yes_mid=0.2550 trade=filled
STATUS T=509.4s | K 60962.56 - 111.90 | yes_mid=0.1150 trade=filled
STATUS T=446.6s | K 60928.63 - 145.83 | yes_mid=0.0685 trade=filled
STATUS T=385.8s | K 60981.52 - 92.94 | yes_mid=0.1850 trade=filled
STATUS T=323.7s | K 60954.08 - 120.38 | yes_mid=0.1450 trade=filled
STATUS T=261.6s | K 60986.36 - 88.10 | yes_mid=0.3850 trade=filled
STATUS T=199.0s | K 61057.52 - 16.94 | yes_mid=0.0315 trade=filled
STATUS T=135.4s | K 61026.87 - 47.59 | yes_mid=0.0105 trade=filled
STATUS T=74.1s | K 60867.03 - 207.43 | yes_mid=0.0015 trade=filled
STATUS T=12.9s | K 60875.08 - 199.38 | yes_mid=0.0010 trade=filled orderbook=INVALID no_ask:price_missing_or_out_of_range:None
2026-06-06T02:15:07.220Z | BALANCE T=-5.6s OUTCOME | Kalshi $16.6800 drawdown=-5.1800
OUTCOME KXBTC15M-26JUN052215-15 | K price=60882.80 target=61074.46 target_source=observed_source_snapshot actual=NO trade=NO status=filled result=successful correct=1 | counts S=50 U=18 K=43

CONTRACT KXBTC15M-26JUN052230-30 | close 2026-06-06T02:30:00Z | K target 60876.98
STATUS T=879.7s | K 60877.11 + 0.13 | yes_mid=0.4550 trade=--
STATUS T=818.9s | K 60870.26 - 6.72 | yes_mid=0.4750 trade=--
STATUS T=755.3s | K 60837.10 - 39.88 | yes_mid=0.2750 trade=--
STATUS T=692.9s | K 60841.59 - 35.39 | yes_mid=0.1500 trade=--
STATUS T=629.8s | K 60702.88 - 174.10 | yes_mid=0.1250 trade=--
2026-06-06T02:19:33.127Z | BALANCE T=629.8s T630s | Kalshi $16.6800 drawdown=-5.1800
STATUS T=630s KXBTC15M-26JUN052230-30 | yes_mid=0.1250 decision=SKIP reason=more likely side 0.8750 outside band 0.55-0.80 | counts S=50 U=18 K=44
STATUS T=569.1s | K 60760.78 - 116.20 | yes_mid=0.1250 trade=skip
STATUS T=506.6s | K 60715.89 - 161.09 | yes_mid=0.1350 trade=skip
STATUS T=445.7s | K 60715.89 - 161.09 | yes_mid=0.2950 trade=skip
STATUS T=381.5s | K 60832.36 - 44.62 | yes_mid=0.6750 trade=skip
STATUS T=319.7s | K 60887.86 + 10.88 | yes_mid=0.5050 trade=skip
STATUS T=258.6s | K 60968.30 + 91.32 | yes_mid=0.3350 trade=skip
STATUS T=198.4s | K 60841.45 - 35.53 | yes_mid=0.4150 trade=skip
STATUS T=135.0s | K 60874.67 - 2.31 | yes_mid=0.4250 trade=skip
STATUS T=72.5s | K 60840.69 - 36.29 | yes_mid=0.0935 trade=skip
STATUS T=11.3s | K 60823.28 - 53.70 | yes_mid=0.0010 trade=skip orderbook=INVALID no_ask:price_missing_or_out_of_range:None
2026-06-06T02:30:07.288Z | BALANCE T=-6.5s OUTCOME | Kalshi $16.6800 drawdown=-5.1800
OUTCOME KXBTC15M-26JUN052230-30 | K price=60839.83 target=60876.98 target_source=observed_source_snapshot actual=NO trade= status=skip result=skipped correct=-- | counts S=50 U=18 K=44

CONTRACT KXBTC15M-26JUN052245-45 | close 2026-06-06T02:45:00Z | K target 60828.36
STATUS T=873.1s | K 60824.55 - 3.81 | yes_mid=0.4250 trade=--
STATUS T=809.7s | K 60807.37 - 20.99 | yes_mid=0.5650 trade=--
STATUS T=749.4s | K 60891.25 + 62.89 | yes_mid=0.6150 trade=--
STATUS T=688.8s | K 60903.04 + 74.68 | yes_mid=0.7000 trade=--
STATUS T=628.3s | K 60903.04 + 74.68 | yes_mid=0.7750 trade=--
2026-06-06T02:34:34.740Z | BALANCE T=628.3s T630s | Kalshi $16.6800 drawdown=-5.1800
STATUS T=630s KXBTC15M-26JUN052245-45 | yes_mid=0.7750 selected=YES selected_prob=0.7750 band=0.55-0.80 contracts=2
2026-06-06T02:34:37.848Z | ORDER RETRY 1/10 YES post error RuntimeError: POST /portfolio/orders failed: HTTP 409 {"error":{"code":"fill_or_kill_insufficient_resting_volume","message":"fill or kill insufficient resting volume"}}
2026-06-06T02:34:40.973Z | ORDER RETRY 2/10 YES post error RuntimeError: POST /portfolio/orders failed: HTTP 409 {"error":{"code":"fill_or_kill_insufficient_resting_volume","message":"fill or kill insufficient resting volume"}}
2026-06-06T02:34:43.847Z | ORDER RETRY 3/10 YES post error RuntimeError: POST /portfolio/orders failed: HTTP 409 {"error":{"code":"fill_or_kill_insufficient_resting_volume","message":"fill or kill insufficient resting volume"}}
ORDER FILLED KXBTC15M-26JUN052245-45 YES | ask=79.0c qty=271.46 order_id=3ebf5d75-d97f-48f7-9a7d-fabb81293701 filled 2 at 79.0c | counts S=50 U=18 K=44
STATUS T=565.2s | K 60937.22 + 108.86 | yes_mid=0.7050 trade=filled
STATUS T=501.3s | K 60914.30 + 85.94 | yes_mid=0.8050 trade=filled
STATUS T=440.5s | K 60934.52 + 106.16 | yes_mid=0.8150 trade=filled
STATUS T=379.7s | K 60869.21 + 40.85 | yes_mid=0.8650 trade=filled
STATUS T=318.5s | K 60937.20 + 108.84 | yes_mid=0.9545 trade=filled
STATUS T=255.0s | K 60986.46 + 158.10 | yes_mid=0.9235 trade=filled
STATUS T=192.8s | K 61038.39 + 210.03 | yes_mid=0.9775 trade=filled
STATUS T=130.8s | K 60951.36 + 123.00 | yes_mid=0.9880 trade=filled
STATUS T=70.0s | K 60980.20 + 151.84 | yes_mid=0.9985 trade=filled
STATUS T=6.6s | K 60958.83 + 130.47 | yes_mid=0.9990 trade=filled orderbook=INVALID yes_ask:price_missing_or_out_of_range:None
2026-06-06T02:45:05.770Z | BALANCE T=-4.7s OUTCOME | Kalshi $17.0800 drawdown=-5.5800
OUTCOME KXBTC15M-26JUN052245-45 | K price=60943.98 target=60828.36 target_source=observed_source_snapshot actual=YES trade=YES status=filled result=successful correct=1 | counts S=51 U=18 K=44
2026-06-06T02:45:13.016Z | POLL FETCH ERROR RuntimeError: GET /markets failed: HTTP 429 {"error":{"code":"too_many_requests","message":"too many requests"}}

CONTRACT KXBTC15M-26JUN052300-00 | close 2026-06-06T03:00:00Z | K target 60932.69
STATUS T=870.1s | K 60926.10 - 6.59 | yes_mid=0.4150 trade=--
STATUS T=809.9s | K 60944.01 + 11.32 | yes_mid=0.5850 trade=--
STATUS T=748.4s | K 60994.60 + 61.91 | yes_mid=0.6850 trade=--
STATUS T=687.4s | K 61008.24 + 75.55 | yes_mid=0.7350 trade=--
STATUS T=626.9s | K 61032.32 + 99.63 | yes_mid=0.8750 trade=--
2026-06-06T02:49:35.530Z | BALANCE T=626.9s T630s | Kalshi $17.0800 drawdown=-5.5800
STATUS T=630s KXBTC15M-26JUN052300-00 | yes_mid=0.8650 decision=SKIP reason=more likely side 0.8650 outside band 0.55-0.80 | counts S=51 U=18 K=45
STATUS T=566.6s | K 61069.67 + 136.98 | yes_mid=0.8950 trade=skip
STATUS T=503.3s | K 61106.13 + 173.44 | yes_mid=0.9485 trade=skip
STATUS T=439.7s | K 61150.28 + 217.59 | yes_mid=0.9360 trade=skip
STATUS T=376.2s | K 61150.28 + 217.59 | yes_mid=0.9245 trade=skip
STATUS T=314.9s | K 61114.30 + 181.61 | yes_mid=0.9150 trade=skip
STATUS T=252.4s | K 61068.38 + 135.69 | yes_mid=0.7350 trade=skip
STATUS T=188.5s | K 60990.09 + 57.40 | yes_mid=0.8950 trade=skip
STATUS T=126.9s | K 60985.42 + 52.73 | yes_mid=0.7650 trade=skip
STATUS T=65.8s | K 60979.25 + 46.56 | yes_mid=0.7250 trade=skip
STATUS T=5.5s | K 60937.01 + 4.32 | yes_mid=0.9990 trade=skip orderbook=INVALID yes_ask:price_missing_or_out_of_range:None
2026-06-06T03:00:07.423Z | BALANCE T=-6.5s OUTCOME | Kalshi $17.0800 drawdown=-5.5800
OUTCOME KXBTC15M-26JUN052300-00 | K price=60953.36 target=60932.69 target_source=observed_source_snapshot actual=YES trade= status=skip result=skipped correct=-- | counts S=51 U=18 K=45

CONTRACT KXBTC15M-26JUN052315-15 | close 2026-06-06T03:15:00Z | K target 60954.07
STATUS T=869.8s | K 60935.26 - 18.81 | yes_mid=0.4250 trade=--
STATUS T=809.5s | K 60956.74 + 2.67 | yes_mid=0.3350 trade=--
STATUS T=746.2s | K 60891.15 - 62.92 | yes_mid=0.2650 trade=--
STATUS T=684.1s | K 60934.89 - 19.18 | yes_mid=0.2150 trade=--
2026-06-06T03:04:35.712Z | BALANCE T=626.9s T630s | Kalshi $17.0800 drawdown=-5.5800
STATUS T=630s KXBTC15M-26JUN052315-15 | yes_mid=0.1500 decision=SKIP reason=more likely side 0.8500 outside band 0.55-0.80 | counts S=51 U=18 K=46
STATUS T=620.5s | K 60885.29 - 68.78 | yes_mid=0.1550 trade=skip
STATUS T=556.7s | K 60809.02 - 145.05 | yes_mid=0.1050 trade=skip
STATUS T=493.1s | K 60809.02 - 145.05 | yes_mid=0.1450 trade=skip
STATUS T=431.5s | K 60827.91 - 126.16 | yes_mid=0.1450 trade=skip
STATUS T=370.8s | K 60843.35 - 110.72 | yes_mid=0.0910 trade=skip
STATUS T=308.6s | K 60840.70 - 113.37 | yes_mid=0.0515 trade=skip
STATUS T=247.9s | K 60808.69 - 145.38 | yes_mid=0.1050 trade=skip
STATUS T=186.4s | K 60784.77 - 169.30 | yes_mid=0.0250 trade=skip
STATUS T=123.2s | K 60838.92 - 115.15 | yes_mid=0.0130 trade=skip
STATUS T=62.2s | K 60828.15 - 125.92 | yes_mid=0.0215 trade=skip
STATUS T=0.5s | K 60828.15 - 125.92 | yes_mid=0.0010 trade=skip orderbook=INVALID no_ask:price_missing_or_out_of_range:None
2026-06-06T03:15:07.834Z | BALANCE T=-7.0s OUTCOME | Kalshi $17.0800 drawdown=-5.5800
OUTCOME KXBTC15M-26JUN052315-15 | K price=60829.78 target=60954.07 target_source=observed_source_snapshot actual=NO trade= status=skip result=skipped correct=-- | counts S=51 U=18 K=46

CONTRACT KXBTC15M-26JUN052330-30 | close 2026-06-06T03:30:00Z | K target 60877.52
STATUS T=868.1s | K 60906.11 + 28.59 | yes_mid=0.5550 trade=--
STATUS T=805.0s | K 60851.66 - 25.86 | yes_mid=0.4750 trade=--
STATUS T=744.5s | K 60823.56 - 53.96 | yes_mid=0.4950 trade=--
STATUS T=680.8s | K 60800.52 - 77.00 | yes_mid=0.3850 trade=--
2026-06-06T03:19:33.610Z | BALANCE T=628.5s T630s | Kalshi $16.6800 drawdown=-5.1800
STATUS T=630s KXBTC15M-26JUN052330-30 | yes_mid=0.5050 decision=SKIP reason=more likely side 0.5050 outside band 0.55-0.80 | counts S=51 U=18 K=47
STATUS T=619.6s | K 60847.85 - 29.67 | yes_mid=0.5850 trade=skip
STATUS T=558.5s | K 60918.76 + 41.24 | yes_mid=0.4450 trade=skip
STATUS T=495.8s | K 60866.83 - 10.69 | yes_mid=0.3250 trade=skip
STATUS T=434.2s | K 60836.90 - 40.62 | yes_mid=0.3450 trade=skip
STATUS T=370.8s | K 60808.31 - 69.21 | yes_mid=0.2250 trade=skip
STATUS T=310.2s | K 60848.31 - 29.21 | yes_mid=0.0515 trade=skip
STATUS T=245.5s | K 60762.30 - 115.22 | yes_mid=0.0355 trade=skip
STATUS T=184.9s | K 60727.48 - 150.04 | yes_mid=0.0175 trade=skip
STATUS T=122.9s | K 60710.40 - 167.12 | yes_mid=0.0140 trade=skip
STATUS T=60.4s | K 60780.30 - 97.22 | yes_mid=0.0030 trade=skip

CONTRACT KXBTC15M-26JUN052345-45 | close 2026-06-06T03:45:00Z | K target 60770.85
STATUS T=895.1s | K 60780.30 + 9.45 | yes_mid=0.4200 trade=--
STATUS T=832.6s | K 60723.90 - 46.95 | yes_mid=0.3250 trade=--
STATUS T=770.1s | K 60668.85 - 102.00 | yes_mid=0.1450 trade=--
STATUS T=707.6s | K 60687.59 - 83.26 | yes_mid=0.1050 trade=--
STATUS T=644.4s | K 60569.92 - 200.93 | yes_mid=0.0695 trade=--
2026-06-06T03:34:33.383Z | BALANCE T=629.9s T630s | Kalshi $17.6800 drawdown=-6.1800
STATUS T=630s KXBTC15M-26JUN052345-45 | yes_mid=0.0685 decision=SKIP reason=more likely side 0.9315 outside band 0.55-0.80 | counts S=51 U=18 K=48
STATUS T=582.4s | K 60533.97 - 236.88 | yes_mid=0.0705 trade=skip
STATUS T=521.3s | K 60515.17 - 255.68 | yes_mid=0.1850 trade=skip
STATUS T=459.0s | K 60589.34 - 181.51 | yes_mid=0.1650 trade=skip
STATUS T=397.7s | K 60644.87 - 125.98 | yes_mid=0.2250 trade=skip
STATUS T=334.9s | K 60623.73 - 147.12 | yes_mid=0.0710 trade=skip
STATUS T=272.6s | K 60624.68 - 146.17 | yes_mid=0.0585 trade=skip
STATUS T=209.4s | K 60625.34 - 145.51 | yes_mid=0.0380 trade=skip
STATUS T=149.0s | K 60624.35 - 146.50 | yes_mid=0.0795 trade=skip
STATUS T=86.4s | K 60615.68 - 155.17 | yes_mid=0.0020 trade=skip
STATUS T=22.7s | K 60615.68 - 155.17 | yes_mid=0.0010 trade=skip orderbook=INVALID no_ask:price_missing_or_out_of_range:None
2026-06-06T03:45:10.496Z | BALANCE T=-7.0s OUTCOME | Kalshi $17.6800 drawdown=-6.1800
OUTCOME KXBTC15M-26JUN052345-45 | K price=60615.68 target=60770.85 target_source=observed_source_snapshot actual=NO trade= status=skip result=skipped correct=-- | counts S=51 U=18 K=48

CONTRACT KXBTC15M-26JUN060000-00 | close 2026-06-06T04:00:00Z | K target 60636.91
STATUS T=885.7s | K 60669.69 + 32.78 | yes_mid=0.6450 trade=--
STATUS T=824.9s | K 60695.63 + 58.72 | yes_mid=0.5850 trade=--
STATUS T=762.3s | K 60638.86 + 1.95 | yes_mid=0.5150 trade=--
STATUS T=699.9s | K 60645.99 + 9.08 | yes_mid=0.5550 trade=--
STATUS T=637.0s | K 60649.97 + 13.06 | yes_mid=0.4850 trade=--
2026-06-06T03:49:32.568Z | BALANCE T=629.7s T630s | Kalshi $17.6800 drawdown=-6.1800
STATUS T=630s KXBTC15M-26JUN060000-00 | yes_mid=0.4950 decision=SKIP reason=more likely side 0.5050 outside band 0.55-0.80 | counts S=51 U=18 K=49
STATUS T=572.8s | K 60625.78 - 11.13 | yes_mid=0.6350 trade=skip
STATUS T=509.0s | K 60676.69 + 39.78 | yes_mid=0.8650 trade=skip
STATUS T=449.0s | K 60740.04 + 103.13 | yes_mid=0.4750 trade=skip
STATUS T=387.8s | K 60612.45 - 24.46 | yes_mid=0.6850 trade=skip
STATUS T=326.6s | K 60665.56 + 28.65 | yes_mid=0.7750 trade=skip
STATUS T=265.3s | K 60647.97 + 11.06 | yes_mid=0.7850 trade=skip
STATUS T=204.1s | K 60659.72 + 22.81 | yes_mid=0.9310 trade=skip
STATUS T=143.2s | K 60714.35 + 77.44 | yes_mid=0.9270 trade=skip
STATUS T=81.1s | K 60696.34 + 59.43 | yes_mid=0.9385 trade=skip
STATUS T=18.5s | K 60673.60 + 36.69 | yes_mid=0.9930 trade=skip
2026-06-06T04:00:07.471Z | BALANCE T=-6.7s OUTCOME | Kalshi $17.6800 drawdown=-6.1800
OUTCOME KXBTC15M-26JUN060000-00 | K price=60667.71 target=60636.91 target_source=observed_source_snapshot actual=YES trade= status=skip result=skipped correct=-- | counts S=51 U=18 K=49

CONTRACT KXBTC15M-26JUN060015-15 | close 2026-06-06T04:15:00Z | K target 60670.30
STATUS T=889.8s | K 60695.33 + 25.03 | yes_mid=0.5250 trade=--
STATUS T=828.3s | K 60674.22 + 3.92 | yes_mid=0.6250 trade=--
STATUS T=765.5s | K 60721.86 + 51.56 | yes_mid=0.8050 trade=--
STATUS T=705.4s | K 60800.28 + 129.98 | yes_mid=0.8350 trade=--
STATUS T=644.2s | K 60818.18 + 147.88 | yes_mid=0.6150 trade=--
2026-06-06T04:04:32.656Z | BALANCE T=629.5s T630s | Kalshi $17.6800 drawdown=-6.1800
STATUS T=630s KXBTC15M-26JUN060015-15 | yes_mid=0.4950 decision=SKIP reason=more likely side 0.5050 outside band 0.55-0.80 | counts S=51 U=18 K=50
STATUS T=582.7s | K 60719.22 + 48.92 | yes_mid=0.2750 trade=skip
STATUS T=519.4s | K 60659.01 - 11.29 | yes_mid=0.1600 trade=skip
STATUS T=457.3s | K 60516.91 - 153.39 | yes_mid=0.1350 trade=skip
STATUS T=394.5s | K 60500.77 - 169.53 | yes_mid=0.0750 trade=skip
STATUS T=334.1s | K 60405.12 - 265.18 | yes_mid=0.0305 trade=skip
STATUS T=272.9s | K 60359.46 - 310.84 | yes_mid=0.0115 trade=skip
STATUS T=210.0s | K 60350.28 - 320.02 | yes_mid=0.0130 trade=skip
STATUS T=148.8s | K 60385.05 - 285.25 | yes_mid=0.0035 trade=skip
STATUS T=88.5s | K 60380.67 - 289.63 | yes_mid=0.0015 trade=skip
STATUS T=26.9s | K 60083.33 - 586.97 | yes_mid=0.0010 trade=skip orderbook=INVALID no_ask:price_missing_or_out_of_range:None
2026-06-06T04:15:07.774Z | BALANCE T=-6.4s OUTCOME | Kalshi $17.6800 drawdown=-6.1800
OUTCOME KXBTC15M-26JUN060015-15 | K price=60159.19 target=60670.30 target_source=observed_source_snapshot actual=NO trade= status=skip result=skipped correct=-- | counts S=51 U=18 K=50

CONTRACT KXBTC15M-26JUN060030-30 | close 2026-06-06T04:30:00Z | K target 60123.60
STATUS T=884.0s | K 60083.33 - 40.27 | yes_mid=0.4250 trade=--
STATUS T=823.3s | K 60159.19 + 35.59 | yes_mid=0.7850 trade=--
STATUS T=759.8s | K 60051.10 - 72.50 | yes_mid=0.6750 trade=--
STATUS T=697.7s | K 60208.97 + 85.37 | yes_mid=0.7000 trade=--
STATUS T=636.2s | K 60210.06 + 86.46 | yes_mid=0.4550 trade=--
2026-06-06T04:19:35.051Z | BALANCE T=627.7s T630s | Kalshi $17.6800 drawdown=-6.1800
STATUS T=630s KXBTC15M-26JUN060030-30 | yes_mid=0.4450 selected=NO selected_prob=0.5550 band=0.55-0.80 contracts=2
2026-06-06T04:19:38.890Z | ORDER RETRY 1/10 NO post error RuntimeError: POST /portfolio/orders failed: HTTP 409 {"error":{"code":"fill_or_kill_insufficient_resting_volume","message":"fill or kill insufficient resting volume"}}
ORDER FILLED KXBTC15M-26JUN060030-30 NO | ask=62.0c qty=1731.01 order_id=4428a158-3d9f-4e61-aeae-de07dea37da7 filled 2 at 60.0c | counts S=51 U=18 K=50
STATUS T=573.8s | K 60175.73 + 52.13 | yes_mid=0.2850 trade=filled
STATUS T=512.7s | K 60083.49 - 40.11 | yes_mid=0.3850 trade=filled
STATUS T=452.1s | K 60092.76 - 30.84 | yes_mid=0.2850 trade=filled
STATUS T=389.7s | K 60000.71 - 122.89 | yes_mid=0.2700 trade=filled
STATUS T=327.7s | K 60031.85 - 91.75 | yes_mid=0.6150 trade=filled
STATUS T=266.9s | K 60153.97 + 30.37 | yes_mid=0.6050 trade=filled
STATUS T=205.8s | K 60130.45 + 6.85 | yes_mid=0.2050 trade=filled
STATUS T=142.8s | K 60138.92 + 15.32 | yes_mid=0.0595 trade=filled
STATUS T=81.0s | K 60000.55 - 123.05 | yes_mid=0.0275 trade=filled
STATUS T=20.8s | K 59993.42 - 130.18 | yes_mid=0.0010 trade=filled orderbook=INVALID no_ask:price_missing_or_out_of_range:None
2026-06-06T04:30:07.691Z | BALANCE T=-6.9s OUTCOME | Kalshi $18.4500 drawdown=-6.9500
OUTCOME KXBTC15M-26JUN060030-30 | K price=59951.18 target=60123.60 target_source=observed_source_snapshot actual=NO trade=NO status=filled result=successful correct=1 | counts S=52 U=18 K=50

CONTRACT KXBTC15M-26JUN060045-45 | close 2026-06-06T04:45:00Z | K target 59947.98
STATUS T=878.3s | K 59973.55 + 25.57 | yes_mid=0.6050 trade=--
STATUS T=815.2s | K 59836.43 - 111.55 | yes_mid=0.2850 trade=--
STATUS T=751.7s | K 60013.42 + 65.44 | yes_mid=0.2150 trade=--
STATUS T=691.6s | K 59790.82 - 157.16 | yes_mid=0.1550 trade=--
STATUS T=631.5s | K 59684.57 - 263.41 | yes_mid=0.0705 trade=--
2026-06-06T04:34:34.887Z | BALANCE T=627.5s T630s | Kalshi $18.4500 drawdown=-6.9500
STATUS T=630s KXBTC15M-26JUN060045-45 | yes_mid=0.0705 decision=SKIP reason=more likely side 0.9295 outside band 0.55-0.80 | counts S=52 U=18 K=51
STATUS T=567.7s | K 59566.68 - 381.30 | yes_mid=0.0860 trade=skip
STATUS T=505.3s | K 59515.50 - 432.48 | yes_mid=0.2450 trade=skip
STATUS T=445.0s | K 59730.62 - 217.36 | yes_mid=0.1650 trade=skip
STATUS T=382.2s | K 59755.06 - 192.92 | yes_mid=0.0615 trade=skip
STATUS T=320.4s | K 59629.58 - 318.40 | yes_mid=0.0845 trade=skip
STATUS T=258.4s | K 59691.36 - 256.62 | yes_mid=0.0635 trade=skip
STATUS T=197.0s | K 59677.54 - 270.44 | yes_mid=0.1050 trade=skip
STATUS T=135.9s | K 59761.57 - 186.41 | yes_mid=0.0340 trade=skip
STATUS T=74.7s | K 59755.16 - 192.82 | yes_mid=0.0205 trade=skip
STATUS T=12.3s | K 59798.01 - 149.97 | yes_mid=0.0010 trade=skip orderbook=INVALID no_ask:price_missing_or_out_of_range:None
2026-06-06T04:45:06.928Z | BALANCE T=-5.9s OUTCOME | Kalshi $18.4500 drawdown=-6.9500
OUTCOME KXBTC15M-26JUN060045-45 | K price=59802.88 target=59947.98 target_source=observed_source_snapshot actual=NO trade= status=skip result=skipped correct=-- | counts S=52 U=18 K=51

CONTRACT KXBTC15M-26JUN060100-00 | close 2026-06-06T05:00:00Z | K target 59802.48
STATUS T=880.3s | K 59778.58 - 23.90 | yes_mid=0.3650 trade=--
STATUS T=819.7s | K 59704.44 - 98.04 | yes_mid=0.4450 trade=--
STATUS T=755.7s | K 59862.75 + 60.27 | yes_mid=0.6750 trade=--
STATUS T=692.9s | K 59862.75 + 60.27 | yes_mid=0.7650 trade=--
STATUS T=630.2s | K 59931.03 + 128.55 | yes_mid=0.6350 trade=--
2026-06-06T04:49:36.490Z | BALANCE T=626.2s T630s | Kalshi $18.4500 drawdown=-6.9500
STATUS T=630s KXBTC15M-26JUN060100-00 | yes_mid=0.6100 selected=YES selected_prob=0.6100 band=0.55-0.80 contracts=2
ORDER FILLED KXBTC15M-26JUN060100-00 YES | ask=62.0c qty=179.61 order_id=5bd6b472-2572-40c2-ac19-c296ecb37c71 filled 2 at 62.0c | counts S=52 U=18 K=51
STATUS T=568.4s | K 59848.56 + 46.08 | yes_mid=0.6550 trade=filled
STATUS T=506.1s | K 59874.60 + 72.12 | yes_mid=0.8450 trade=filled
STATUS T=442.0s | K 59959.02 + 156.54 | yes_mid=0.9535 trade=filled
STATUS T=379.0s | K 60202.27 + 399.79 | yes_mid=0.9480 trade=filled
STATUS T=318.9s | K 60202.27 + 399.79 | yes_mid=0.9860 trade=filled
STATUS T=257.2s | K 60250.44 + 447.96 | yes_mid=0.9840 trade=filled
STATUS T=194.6s | K 60184.14 + 381.66 | yes_mid=0.9850 trade=filled
STATUS T=131.5s | K 60093.35 + 290.87 | yes_mid=0.9505 trade=filled
STATUS T=70.9s | K 60093.35 + 290.87 | yes_mid=0.9975 trade=filled
STATUS T=10.4s | K 60069.58 + 267.10 | yes_mid=0.9990 trade=filled orderbook=INVALID yes_ask:price_missing_or_out_of_range:None
2026-06-06T05:00:08.567Z | BALANCE T=-7.2s OUTCOME | Kalshi $19.1800 drawdown=-7.6800
OUTCOME KXBTC15M-26JUN060100-00 | K price=60038.02 target=59802.48 target_source=observed_source_snapshot actual=YES trade=YES status=filled result=successful correct=1 | counts S=53 U=18 K=51

CONTRACT KXBTC15M-26JUN060115-15 | close 2026-06-06T05:15:00Z | K target 60080.82
STATUS T=878.6s | K 60092.48 + 11.66 | yes_mid=0.4250 trade=--
STATUS T=815.5s | K 60069.58 - 11.24 | yes_mid=0.1750 trade=--
STATUS T=754.5s | K 59899.48 - 181.34 | yes_mid=0.0725 trade=--
STATUS T=693.4s | K 59807.58 - 273.24 | yes_mid=0.1750 trade=--
STATUS T=631.6s | K 59802.42 - 278.40 | yes_mid=0.1250 trade=--
2026-06-06T05:04:35.131Z | BALANCE T=628.1s T630s | Kalshi $19.1800 drawdown=-7.6800
STATUS T=630s KXBTC15M-26JUN060115-15 | yes_mid=0.1450 decision=SKIP reason=more likely side 0.8550 outside band 0.55-0.80 | counts S=53 U=18 K=52
STATUS T=571.1s | K 59804.97 - 275.85 | yes_mid=0.1550 trade=skip
STATUS T=510.4s | K 59848.01 - 232.81 | yes_mid=0.2450 trade=skip
STATUS T=448.6s | K 59866.29 - 214.53 | yes_mid=0.2250 trade=skip
STATUS T=387.1s | K 59979.72 - 101.10 | yes_mid=0.2950 trade=skip
STATUS T=326.4s | K 59939.43 - 141.39 | yes_mid=0.3550 trade=skip
STATUS T=264.1s | K 60016.07 - 64.75 | yes_mid=0.8250 trade=skip
STATUS T=201.4s | K 60191.41 + 110.59 | yes_mid=0.6650 trade=skip
STATUS T=140.2s | K 60201.92 + 121.10 | yes_mid=0.2250 trade=skip
STATUS T=76.0s | K 59995.94 - 84.88 | yes_mid=0.0315 trade=skip
STATUS T=13.0s | K 60018.71 - 62.11 | yes_mid=0.0010 trade=skip orderbook=INVALID no_ask:price_missing_or_out_of_range:None
2026-06-06T05:15:08.496Z | BALANCE T=-6.6s OUTCOME | Kalshi $19.1800 drawdown=-7.6800
OUTCOME KXBTC15M-26JUN060115-15 | K price=59923.50 target=60080.82 target_source=observed_source_snapshot actual=NO trade= status=skip result=skipped correct=-- | counts S=53 U=18 K=52

CONTRACT KXBTC15M-26JUN060130-30 | close 2026-06-06T05:30:00Z | K target 59932.20
STATUS T=872.7s | K 59869.79 - 62.41 | yes_mid=0.4950 trade=--
STATUS T=811.2s | K 59933.90 + 1.70 | yes_mid=0.6050 trade=--
STATUS T=750.9s | K 59985.71 + 53.51 | yes_mid=0.5150 trade=--
STATUS T=689.7s | K 59936.35 + 4.15 | yes_mid=0.6550 trade=--
STATUS T=628.0s | K 60096.36 + 164.16 | yes_mid=0.7250 trade=--
2026-06-06T05:19:34.969Z | BALANCE T=628.0s T630s | Kalshi $19.1800 drawdown=-7.6800
STATUS T=630s KXBTC15M-26JUN060130-30 | yes_mid=0.7450 selected=YES selected_prob=0.7450 band=0.55-0.80 contracts=2
2026-06-06T05:19:37.007Z | ORDER RETRY 1/10 YES post error RuntimeError: POST /portfolio/orders failed: HTTP 409 {"error":{"code":"fill_or_kill_insufficient_resting_volume","message":"fill or kill insufficient resting volume"}}
ORDER FILLED KXBTC15M-26JUN060130-30 YES | ask=76.0c qty=120.0 order_id=5db37bbd-0567-4829-8cab-15c4661fc278 filled 2 at 76.0c | counts S=53 U=18 K=52
STATUS T=566.7s | K 60092.33 + 160.13 | yes_mid=0.8150 trade=filled
STATUS T=503.6s | K 60105.64 + 173.44 | yes_mid=0.9360 trade=filled
STATUS T=440.6s | K 60302.62 + 370.42 | yes_mid=0.9740 trade=filled
STATUS T=380.0s | K 60836.48 + 904.28 | yes_mid=0.9850 trade=filled
STATUS T=317.4s | K 60859.03 + 926.83 | yes_mid=0.9855 trade=filled
STATUS T=255.3s | K 60721.72 + 789.52 | yes_mid=0.9945 trade=filled
STATUS T=191.7s | K 60745.89 + 813.69 | yes_mid=0.9970 trade=filled
STATUS T=129.1s | K 60849.76 + 917.56 | yes_mid=0.9990 trade=filled orderbook=INVALID yes_ask:price_missing_or_out_of_range:None
STATUS T=67.5s | K 60833.40 + 901.20 | yes_mid=0.9985 trade=filled
STATUS T=4.8s | K 60703.86 + 771.66 | yes_mid=0.9990 trade=filled orderbook=INVALID yes_ask:price_missing_or_out_of_range:None
2026-06-06T05:30:07.323Z | BALANCE T=-6.5s OUTCOME | Kalshi $19.6300 drawdown=-8.1300
OUTCOME KXBTC15M-26JUN060130-30 | K price=60748.02 target=59932.20 target_source=observed_source_snapshot actual=YES trade=YES status=filled result=successful correct=1 | counts S=54 U=18 K=52

CONTRACT KXBTC15M-26JUN060145-45 | close 2026-06-06T05:45:00Z | K target 60734.78
STATUS T=869.6s | K 60701.09 - 33.69 | yes_mid=0.4550 trade=--
STATUS T=806.7s | K 60760.47 + 25.69 | yes_mid=0.3850 trade=--
STATUS T=743.9s | K 60601.12 - 133.66 | yes_mid=0.3250 trade=--
STATUS T=683.3s | K 60646.57 - 88.21 | yes_mid=0.3150 trade=--
2026-06-06T05:34:35.216Z | BALANCE T=627.6s T630s | Kalshi $19.6300 drawdown=-8.1300
STATUS T=630s KXBTC15M-26JUN060145-45 | yes_mid=0.2950 selected=NO selected_prob=0.7050 band=0.55-0.80 contracts=2
2026-06-06T05:34:38.738Z | ORDER RETRY 1/10 NO post error RuntimeError: POST /portfolio/orders failed: HTTP 409 {"error":{"code":"fill_or_kill_insufficient_resting_volume","message":"fill or kill insufficient resting volume"}}
ORDER FILLED KXBTC15M-26JUN060145-45 NO | ask=72.0c qty=383.0 order_id=051ea776-2176-4373-8d9d-d8beb3af1c3e filled 2 at 72.0c | counts S=54 U=18 K=52
STATUS T=613.8s | K 60626.00 - 108.78 | yes_mid=0.2750 trade=filled
STATUS T=552.4s | K 60596.63 - 138.15 | yes_mid=0.5050 trade=filled
STATUS T=489.3s | K 60950.27 + 215.49 | yes_mid=0.7250 trade=filled
STATUS T=428.0s | K 60868.83 + 134.05 | yes_mid=0.7450 trade=filled
STATUS T=364.3s | K 60828.48 + 93.70 | yes_mid=0.4750 trade=filled
STATUS T=302.8s | K 60883.18 + 148.40 | yes_mid=0.6150 trade=filled
STATUS T=241.5s | K 60832.14 + 97.36 | yes_mid=0.7450 trade=filled
STATUS T=180.4s | K 60786.33 + 51.55 | yes_mid=0.7150 trade=filled
STATUS T=119.7s | K 60793.21 + 58.43 | yes_mid=0.7950 trade=filled
STATUS T=57.1s | K 60789.39 + 54.61 | yes_mid=0.6050 trade=filled
STATUS T=-3.9s | K 60777.77 + 42.99 | yes_mid=-- trade=filled orderbook=INVALID yes_ask:price_missing_or_out_of_range:None; no_ask:price_missing_or_out_of_range:None
2026-06-06T05:45:06.865Z | BALANCE T=-5.9s OUTCOME | Kalshi $18.1600 drawdown=-6.6600
OUTCOME KXBTC15M-26JUN060145-45 | K price=60754.99 target=60734.78 target_source=observed_source_snapshot actual=YES trade=NO status=filled result=unsuccessful correct=0 | counts S=54 U=19 K=52

CONTRACT KXBTC15M-26JUN060200-00 | close 2026-06-06T06:00:00Z | K target 60768.86
STATUS T=863.7s | K 60756.28 - 12.58 | yes_mid=0.4850 trade=--
STATUS T=803.5s | K 60804.54 + 35.68 | yes_mid=0.5250 trade=--
STATUS T=741.4s | K 60769.85 + 0.99 | yes_mid=0.7000 trade=--
STATUS T=679.5s | K 60856.24 + 87.38 | yes_mid=0.6950 trade=--
2026-06-06T05:49:35.295Z | BALANCE T=627.3s T630s | Kalshi $18.1600 drawdown=-6.6600
STATUS T=630s KXBTC15M-26JUN060200-00 | yes_mid=0.8250 decision=SKIP reason=more likely side 0.8250 outside band 0.55-0.80 | counts S=54 U=19 K=53
STATUS T=616.4s | K 60907.79 + 138.93 | yes_mid=0.7050 trade=skip
STATUS T=555.4s | K 60907.59 + 138.73 | yes_mid=0.8750 trade=skip
STATUS T=494.1s | K 60945.77 + 176.91 | yes_mid=0.8900 trade=skip
STATUS T=432.6s | K 60991.24 + 222.38 | yes_mid=0.8250 trade=skip
STATUS T=369.1s | K 60929.67 + 160.81 | yes_mid=0.7050 trade=skip
STATUS T=306.4s | K 60843.45 + 74.59 | yes_mid=0.8150 trade=skip
STATUS T=244.1s | K 60865.31 + 96.45 | yes_mid=0.9170 trade=skip
STATUS T=182.1s | K 60915.53 + 146.67 | yes_mid=0.9520 trade=skip
STATUS T=121.2s | K 60914.59 + 145.73 | yes_mid=0.9320 trade=skip
STATUS T=59.3s | K 60872.42 + 103.56 | yes_mid=0.9990 trade=skip orderbook=INVALID yes_ask:price_missing_or_out_of_range:None
STATUS T=-4.7s | K 60929.59 + 160.73 | yes_mid=-- trade=skip orderbook=INVALID yes_ask:price_missing_or_out_of_range:None; no_ask:price_missing_or_out_of_range:None
2026-06-06T06:00:07.503Z | BALANCE T=-6.7s OUTCOME | Kalshi $18.1600 drawdown=-6.6600
OUTCOME KXBTC15M-26JUN060200-00 | K price=60921.95 target=60768.86 target_source=observed_source_snapshot actual=YES trade= status=skip result=skipped correct=-- | counts S=54 U=19 K=53

CONTRACT KXBTC15M-26JUN060215-15 | close 2026-06-06T06:15:00Z | K target 60930.92
STATUS T=889.7s | K 60890.14 - 40.78 | yes_mid=0.5650 trade=--
STATUS T=825.8s | K 60988.50 + 57.58 | yes_mid=0.6250 trade=--
STATUS T=762.3s | K 60988.50 + 57.58 | yes_mid=0.6750 trade=--
STATUS T=698.7s | K 60992.49 + 61.57 | yes_mid=0.7850 trade=--
STATUS T=637.2s | K 61080.54 + 149.62 | yes_mid=0.8350 trade=--
2026-06-06T06:04:33.778Z | BALANCE T=629.7s T630s | Kalshi $18.1600 drawdown=-6.6600
STATUS T=630s KXBTC15M-26JUN060215-15 | yes_mid=0.8000 decision=SKIP reason=more likely side 0.8000 outside band 0.55-0.80 | counts S=54 U=19 K=54
STATUS T=576.6s | K 61202.54 + 271.62 | yes_mid=0.8400 trade=skip
STATUS T=515.2s | K 61135.37 + 204.45 | yes_mid=0.7400 trade=skip
STATUS T=453.9s | K 61078.74 + 147.82 | yes_mid=0.7100 trade=skip
STATUS T=393.5s | K 61025.16 + 94.24 | yes_mid=0.8300 trade=skip
STATUS T=330.3s | K 61002.50 + 71.58 | yes_mid=0.7850 trade=skip
STATUS T=269.9s | K 61063.84 + 132.92 | yes_mid=0.8150 trade=skip
STATUS T=209.7s | K 61001.61 + 70.69 | yes_mid=0.7250 trade=skip
STATUS T=146.3s | K 60999.26 + 68.34 | yes_mid=0.9520 trade=skip
STATUS T=84.2s | K 60999.26 + 68.34 | yes_mid=0.9930 trade=skip
STATUS T=23.2s | K 61091.31 + 160.39 | yes_mid=0.9990 trade=skip orderbook=INVALID yes_ask:price_missing_or_out_of_range:None
2026-06-06T06:15:07.468Z | BALANCE T=-6.7s OUTCOME | Kalshi $18.1600 drawdown=-6.6600
OUTCOME KXBTC15M-26JUN060215-15 | K price=61120.12 target=60930.92 target_source=observed_source_snapshot actual=YES trade= status=skip result=skipped correct=-- | counts S=54 U=19 K=54

CONTRACT KXBTC15M-26JUN060230-30 | close 2026-06-06T06:30:00Z | K target 61122.92
STATUS T=888.0s | K 61120.12 - 2.80 | yes_mid=0.4750 trade=--
STATUS T=824.4s | K 61153.08 + 30.16 | yes_mid=0.5400 trade=--
STATUS T=764.3s | K 61154.30 + 31.38 | yes_mid=0.3400 trade=--
STATUS T=700.8s | K 61021.15 - 101.77 | yes_mid=0.2600 trade=--
STATUS T=637.7s | K 61008.96 - 113.96 | yes_mid=0.2650 trade=--
2026-06-06T06:19:36.647Z | BALANCE T=626.1s T630s | Kalshi $18.1600 drawdown=-6.6600
STATUS T=630s KXBTC15M-26JUN060230-30 | yes_mid=0.2850 selected=NO selected_prob=0.7150 band=0.55-0.80 contracts=2
ORDER FILLED KXBTC15M-26JUN060230-30 NO | ask=70.0c qty=1113.29 order_id=c0727a56-6341-4e0d-85e5-9d864eeae3f5 filled 2 at 70.0c | counts S=54 U=19 K=54
STATUS T=574.8s | K 61023.95 - 98.97 | yes_mid=0.3700 trade=filled
STATUS T=514.4s | K 61014.27 - 108.65 | yes_mid=0.5050 trade=filled
STATUS T=451.8s | K 61104.98 - 17.94 | yes_mid=0.7050 trade=filled
STATUS T=390.5s | K 61136.11 + 13.19 | yes_mid=0.4750 trade=filled
STATUS T=328.9s | K 61080.29 - 42.63 | yes_mid=0.3450 trade=filled
STATUS T=264.7s | K 61080.29 - 42.63 | yes_mid=0.4650 trade=filled
STATUS T=201.5s | K 61053.54 - 69.38 | yes_mid=0.0980 trade=filled
STATUS T=139.0s | K 61032.36 - 90.56 | yes_mid=0.0400 trade=filled
STATUS T=76.0s | K 60996.14 - 126.78 | yes_mid=0.0160 trade=filled
STATUS T=14.8s | K 61002.85 - 120.07 | yes_mid=0.0025 trade=filled
2026-06-06T06:30:05.866Z | BALANCE T=-2.4s OUTCOME | Kalshi $18.7300 drawdown=-7.2300
OUTCOME KXBTC15M-26JUN060230-30 | K price=61009.09 target=61122.92 target_source=observed_source_snapshot actual=NO trade=NO status=filled result=successful correct=1 | counts S=55 U=19 K=54
2026-06-06T06:30:08.111Z | POLL FETCH ERROR RuntimeError: GET /markets failed: HTTP 429 {"error":{"code":"too_many_requests","message":"too many requests"}}
2026-06-06T06:30:13.107Z | POLL FETCH ERROR RuntimeError: GET /markets failed: HTTP 429 {"error":{"code":"too_many_requests","message":"too many requests"}}
2026-06-06T06:30:18.114Z | POLL FETCH ERROR RuntimeError: GET /markets failed: HTTP 429 {"error":{"code":"too_many_requests","message":"too many requests"}}

CONTRACT KXBTC15M-26JUN060245-45 | close 2026-06-06T06:45:00Z | K target 61013.03
STATUS T=876.3s | K 61005.14 - 7.89 | yes_mid=0.4750 trade=--
STATUS T=813.7s | K 60996.28 - 16.75 | yes_mid=0.4150 trade=--
STATUS T=750.6s | K 60996.28 - 16.75 | yes_mid=0.4350 trade=--
STATUS T=688.2s | K 60986.13 - 26.90 | yes_mid=0.5350 trade=--
STATUS T=628.0s | K 61001.40 - 11.63 | yes_mid=0.4150 trade=--
2026-06-06T06:34:34.731Z | BALANCE T=628.0s T630s | Kalshi $18.7300 drawdown=-7.2300
STATUS T=630s KXBTC15M-26JUN060245-45 | yes_mid=0.4150 selected=NO selected_prob=0.5850 band=0.55-0.80 contracts=2
ORDER FILLED KXBTC15M-26JUN060245-45 NO | ask=60.0c qty=834.35 order_id=93f0a909-b3d8-47f4-a737-1eacf6893e11 filled 2 at 60.0c | counts S=55 U=19 K=54
STATUS T=564.1s | K 60972.26 - 40.77 | yes_mid=0.5050 trade=filled
STATUS T=503.4s | K 60972.26 - 40.77 | yes_mid=0.6750 trade=filled
STATUS T=439.6s | K 61041.62 + 28.59 | yes_mid=0.8550 trade=filled
STATUS T=377.9s | K 61117.87 + 104.84 | yes_mid=0.6550 trade=filled
STATUS T=315.0s | K 61115.83 + 102.80 | yes_mid=0.3050 trade=filled
STATUS T=252.9s | K 60989.63 - 23.40 | yes_mid=0.4550 trade=filled
STATUS T=192.9s | K 60969.87 - 43.16 | yes_mid=0.2450 trade=filled
STATUS T=132.6s | K 60956.49 - 56.54 | yes_mid=0.0535 trade=filled
STATUS T=71.4s | K 60917.15 - 95.88 | yes_mid=0.0035 trade=filled
STATUS T=11.1s | K 60817.28 - 195.75 | yes_mid=0.0010 trade=filled orderbook=INVALID no_ask:price_missing_or_out_of_range:None
2026-06-06T06:45:03.849Z | BALANCE T=-2.1s OUTCOME | Kalshi $17.5000 drawdown=-6.0000
OUTCOME KXBTC15M-26JUN060245-45 | K price=60844.43 target=61013.03 target_source=observed_source_snapshot actual=NO trade=NO status=filled result=successful correct=1 | counts S=56 U=19 K=54

CONTRACT KXBTC15M-26JUN060300-00 | close 2026-06-06T07:00:00Z | K target 60806.48
STATUS T=888.1s | K 60817.28 + 10.80 | yes_mid=0.3950 trade=--
STATUS T=825.9s | K 60795.48 - 11.00 | yes_mid=0.6050 trade=--
STATUS T=765.2s | K 60837.50 + 31.02 | yes_mid=0.5550 trade=--
STATUS T=704.9s | K 60838.06 + 31.58 | yes_mid=0.7000 trade=--
STATUS T=644.4s | K 60921.05 + 114.57 | yes_mid=0.5350 trade=--
2026-06-06T06:49:33.227Z | BALANCE T=629.2s T630s | Kalshi $19.5000 drawdown=-8.0000
STATUS T=630s KXBTC15M-26JUN060300-00 | yes_mid=0.5400 decision=SKIP reason=more likely side 0.5400 outside band 0.55-0.80 | counts S=56 U=19 K=55
STATUS T=580.2s | K 60826.61 + 20.13 | yes_mid=0.4150 trade=skip
STATUS T=519.1s | K 60748.14 - 58.34 | yes_mid=0.2500 trade=skip
STATUS T=458.9s | K 60748.14 - 58.34 | yes_mid=0.3950 trade=skip
STATUS T=395.9s | K 60815.98 + 9.50 | yes_mid=0.8350 trade=skip
STATUS T=334.2s | K 60820.77 + 14.29 | yes_mid=0.5250 trade=skip
STATUS T=271.9s | K 60761.58 - 44.90 | yes_mid=0.2450 trade=skip
STATUS T=209.4s | K 60808.20 + 1.72 | yes_mid=0.2950 trade=skip
STATUS T=149.0s | K 60809.24 + 2.76 | yes_mid=0.0845 trade=skip
STATUS T=86.8s | K 60714.01 - 92.47 | yes_mid=0.0440 trade=skip
STATUS T=25.7s | K 60736.85 - 69.63 | yes_mid=0.0010 trade=skip orderbook=INVALID no_ask:price_missing_or_out_of_range:None
2026-06-06T07:00:08.653Z | BALANCE T=-6.6s OUTCOME | Kalshi $19.5000 drawdown=-8.0000
OUTCOME KXBTC15M-26JUN060300-00 | K price=60760.78 target=60806.48 target_source=observed_source_snapshot actual=NO trade= status=skip result=skipped correct=-- | counts S=56 U=19 K=55

CONTRACT KXBTC15M-26JUN060315-15 | close 2026-06-06T07:15:00Z | K target 60745.10
STATUS T=882.5s | K 60724.70 - 20.40 | yes_mid=0.4750 trade=--
STATUS T=820.5s | K 60747.05 + 1.95 | yes_mid=0.4550 trade=--
STATUS T=757.0s | K 60719.10 - 26.00 | yes_mid=0.5050 trade=--
STATUS T=693.7s | K 60738.01 - 7.09 | yes_mid=0.5650 trade=--
STATUS T=633.6s | K 60782.15 + 37.05 | yes_mid=0.6150 trade=--
2026-06-06T07:04:35.698Z | BALANCE T=626.8s T630s | Kalshi $19.5000 drawdown=-8.0000
STATUS T=630s KXBTC15M-26JUN060315-15 | yes_mid=0.5950 selected=YES selected_prob=0.5950 band=0.55-0.80 contracts=2
ORDER FILLED KXBTC15M-26JUN060315-15 YES | ask=60.0c qty=1594.4 order_id=1a20dc0f-ce2f-4ddf-b41d-a133c53214db filled 2 at 60.0c | counts S=56 U=19 K=55
STATUS T=569.8s | K 60772.75 + 27.65 | yes_mid=0.5550 trade=filled
STATUS T=509.4s | K 60746.34 + 1.24 | yes_mid=0.6650 trade=filled
STATUS T=448.1s | K 60777.02 + 31.92 | yes_mid=0.7000 trade=filled
STATUS T=385.8s | K 60811.67 + 66.57 | yes_mid=0.9465 trade=filled
STATUS T=324.5s | K 60956.08 + 210.98 | yes_mid=0.9635 trade=filled
STATUS T=261.2s | K 60971.36 + 226.26 | yes_mid=0.9540 trade=filled
STATUS T=200.2s | K 61024.74 + 279.64 | yes_mid=0.9865 trade=filled
STATUS T=138.6s | K 61013.66 + 268.56 | yes_mid=0.9955 trade=filled
STATUS T=77.5s | K 61008.89 + 263.79 | yes_mid=0.9975 trade=filled
STATUS T=15.5s | K 61004.48 + 259.38 | yes_mid=0.9990 trade=filled orderbook=INVALID yes_ask:price_missing_or_out_of_range:None
2026-06-06T07:15:06.757Z | BALANCE T=-5.9s OUTCOME | Kalshi $20.2700 drawdown=-8.7700
OUTCOME KXBTC15M-26JUN060315-15 | K price=60984.10 target=60745.10 target_source=observed_source_snapshot actual=YES trade=YES status=filled result=successful correct=1 | counts S=57 U=19 K=55

CONTRACT KXBTC15M-26JUN060330-30 | close 2026-06-06T07:30:00Z | K target 61045.96
STATUS T=878.7s | K 60987.64 - 58.32 | yes_mid=0.7750 trade=--
STATUS T=817.3s | K 61156.26 + 110.30 | yes_mid=0.5950 trade=--
STATUS T=754.6s | K 61044.90 - 1.06 | yes_mid=0.4550 trade=--
STATUS T=692.6s | K 61023.87 - 22.09 | yes_mid=0.5450 trade=--
STATUS T=631.1s | K 61018.47 - 27.49 | yes_mid=0.4050 trade=--
2026-06-06T07:19:35.447Z | BALANCE T=626.9s T630s | Kalshi $20.2700 drawdown=-8.7700
STATUS T=630s KXBTC15M-26JUN060330-30 | yes_mid=0.3850 selected=NO selected_prob=0.6150 band=0.55-0.80 contracts=2
ORDER FILLED KXBTC15M-26JUN060330-30 NO | ask=69.0c qty=2675.75 order_id=7b5cc920-d51d-4f08-bec1-184b2be5e976 filled 2 at 66.0c | counts S=57 U=19 K=55
STATUS T=568.6s | K 61012.67 - 33.29 | yes_mid=0.2650 trade=filled
STATUS T=506.4s | K 60928.97 - 116.99 | yes_mid=0.1900 trade=filled
STATUS T=444.3s | K 60928.97 - 116.99 | yes_mid=0.0975 trade=filled
STATUS T=381.1s | K 60889.91 - 156.05 | yes_mid=0.0825 trade=filled
STATUS T=319.3s | K 60858.68 - 187.28 | yes_mid=0.0515 trade=filled
STATUS T=256.9s | K 60851.90 - 194.06 | yes_mid=0.0265 trade=filled
STATUS T=195.2s | K 60848.66 - 197.30 | yes_mid=0.0145 trade=filled
STATUS T=133.3s | K 60849.89 - 196.07 | yes_mid=0.0055 trade=filled
STATUS T=71.0s | K 60843.96 - 202.00 | yes_mid=0.0020 trade=filled
STATUS T=8.2s | K 60853.79 - 192.17 | yes_mid=0.0010 trade=filled orderbook=INVALID no_ask:price_missing_or_out_of_range:None
2026-06-06T07:30:08.170Z | BALANCE T=-7.1s OUTCOME | Kalshi $20.9100 drawdown=-9.4100
OUTCOME KXBTC15M-26JUN060330-30 | K price=60853.79 target=61045.96 target_source=observed_source_snapshot actual=NO trade=NO status=filled result=successful correct=1 | counts S=58 U=19 K=55

CONTRACT KXBTC15M-26JUN060345-45 | close 2026-06-06T07:45:00Z | K target 60863.73
STATUS T=879.0s | K 60863.93 + 0.20 | yes_mid=0.4750 trade=--
STATUS T=817.3s | K 60861.84 - 1.89 | yes_mid=0.5950 trade=--
STATUS T=754.9s | K 60895.34 + 31.61 | yes_mid=0.5900 trade=--
STATUS T=691.4s | K 60901.03 + 37.30 | yes_mid=0.6350 trade=--
STATUS T=630.6s | K 60925.00 + 61.27 | yes_mid=0.7850 trade=--
2026-06-06T07:34:35.769Z | BALANCE T=626.6s T630s | Kalshi $20.9100 drawdown=-9.4100
STATUS T=630s KXBTC15M-26JUN060345-45 | yes_mid=0.7850 selected=YES selected_prob=0.7850 band=0.55-0.80 contracts=2
2026-06-06T07:34:39.374Z | ORDER RETRY 1/10 YES post error RuntimeError: POST /portfolio/orders failed: HTTP 409 {"error":{"code":"fill_or_kill_insufficient_resting_volume","message":"fill or kill insufficient resting volume"}}
2026-06-06T07:34:41.382Z | ORDER RETRY 2/10 YES more likely side 0.8050 outside band 0.55-0.80
2026-06-06T07:34:43.610Z | ORDER RETRY 3/10 YES more likely side 0.8250 outside band 0.55-0.80
2026-06-06T07:34:45.529Z | ORDER RETRY 4/10 YES more likely side 0.8300 outside band 0.55-0.80
2026-06-06T07:34:47.536Z | ORDER RETRY 5/10 YES more likely side 0.8250 outside band 0.55-0.80
2026-06-06T07:34:49.691Z | ORDER RETRY 6/10 YES more likely side 0.8250 outside band 0.55-0.80
2026-06-06T07:34:51.701Z | ORDER RETRY 7/10 YES more likely side 0.8300 outside band 0.55-0.80
2026-06-06T07:34:53.686Z | ORDER RETRY 8/10 YES more likely side 0.8350 outside band 0.55-0.80
2026-06-06T07:34:55.771Z | ORDER RETRY 9/10 YES more likely side 0.8350 outside band 0.55-0.80
2026-06-06T07:34:57.851Z | ORDER RETRY 10/10 YES more likely side 0.8350 outside band 0.55-0.80
ORDER SKIP KXBTC15M-26JUN060345-45 YES | ask=84.0c qty=375.6 order_id=-- no fill/valid liquidity after 10 attempts; last=more likely side 0.8350 outside band 0.55-0.80 | counts S=58 U=19 K=56
STATUS T=567.4s | K 60925.00 + 61.27 | yes_mid=0.8250 trade=skip
STATUS T=504.9s | K 60994.34 + 130.61 | yes_mid=0.7950 trade=skip
STATUS T=443.2s | K 60970.74 + 107.01 | yes_mid=0.8300 trade=skip
STATUS T=381.9s | K 60927.85 + 64.12 | yes_mid=0.7150 trade=skip
STATUS T=321.8s | K 60932.68 + 68.95 | yes_mid=0.9055 trade=skip
STATUS T=260.9s | K 60920.13 + 56.40 | yes_mid=0.9645 trade=skip
STATUS T=198.9s | K 60992.51 + 128.78 | yes_mid=0.9860 trade=skip
STATUS T=135.7s | K 60992.51 + 128.78 | yes_mid=0.9885 trade=skip
STATUS T=75.1s | K 61014.10 + 150.37 | yes_mid=0.9990 trade=skip orderbook=INVALID yes_ask:price_missing_or_out_of_range:None
STATUS T=13.2s | K 61030.19 + 166.46 | yes_mid=0.9990 trade=skip orderbook=INVALID yes_ask:price_missing_or_out_of_range:None
2026-06-06T07:45:07.552Z | BALANCE T=-4.8s OUTCOME | Kalshi $20.9100 drawdown=-9.4100
OUTCOME KXBTC15M-26JUN060345-45 | K price=61023.97 target=60863.73 target_source=observed_source_snapshot actual=YES trade=YES status=skip result=skipped correct=-- | counts S=58 U=19 K=56

CONTRACT KXBTC15M-26JUN060400-00 | close 2026-06-06T08:00:00Z | K target 61028.49
STATUS T=874.6s | K 61056.27 + 27.78 | yes_mid=0.6050 trade=--
STATUS T=814.4s | K 61037.56 + 9.07 | yes_mid=0.4650 trade=--
STATUS T=753.4s | K 61043.54 + 15.05 | yes_mid=0.4550 trade=--
STATUS T=689.7s | K 61009.44 - 19.05 | yes_mid=0.4650 trade=--
STATUS T=628.1s | K 61042.79 + 14.30 | yes_mid=0.5150 trade=--
2026-06-06T07:49:34.566Z | BALANCE T=628.1s T630s | Kalshi $20.9100 drawdown=-9.4100
STATUS T=630s KXBTC15M-26JUN060400-00 | yes_mid=0.5050 decision=SKIP reason=more likely side 0.5050 outside band 0.55-0.80 | counts S=58 U=19 K=57
STATUS T=565.0s | K 61008.60 - 19.89 | yes_mid=0.4450 trade=skip
STATUS T=503.2s | K 61016.60 - 11.89 | yes_mid=0.4150 trade=skip
STATUS T=440.0s | K 61005.69 - 22.80 | yes_mid=0.3900 trade=skip
STATUS T=377.3s | K 61011.67 - 16.82 | yes_mid=0.2150 trade=skip
STATUS T=313.8s | K 61004.78 - 23.71 | yes_mid=0.2050 trade=skip
STATUS T=252.9s | K 60975.05 - 53.44 | yes_mid=0.1650 trade=skip
STATUS T=190.6s | K 60969.26 - 59.23 | yes_mid=0.2200 trade=skip
STATUS T=128.3s | K 60988.18 - 40.31 | yes_mid=0.0455 trade=skip
STATUS T=67.0s | K 60972.11 - 56.38 | yes_mid=0.0435 trade=skip
STATUS T=4.3s | K 60962.23 - 66.26 | yes_mid=0.0010 trade=skip orderbook=INVALID no_ask:price_missing_or_out_of_range:None
2026-06-06T08:00:10.406Z | BALANCE T=-7.3s OUTCOME | Kalshi $20.9100 drawdown=-9.4100
OUTCOME KXBTC15M-26JUN060400-00 | K price=60980.81 target=61028.49 target_source=observed_source_snapshot actual=NO trade= status=skip result=skipped correct=-- | counts S=58 U=19 K=57

CONTRACT KXBTC15M-26JUN060415-15 | close 2026-06-06T08:15:00Z | K target 60972.98
STATUS T=871.8s | K 61006.83 + 33.85 | yes_mid=0.3750 trade=--
STATUS T=809.4s | K 60962.23 - 10.75 | yes_mid=0.4150 trade=--
STATUS T=749.0s | K 60919.52 - 53.46 | yes_mid=0.2650 trade=--
STATUS T=686.9s | K 60921.74 - 51.24 | yes_mid=0.2450 trade=--
2026-06-06T08:04:34.967Z | BALANCE T=627.7s T630s | Kalshi $20.9100 drawdown=-9.4100
STATUS T=630s KXBTC15M-26JUN060415-15 | yes_mid=0.2150 selected=NO selected_prob=0.7850 band=0.55-0.80 contracts=2
2026-06-06T08:04:36.647Z | ORDER RETRY 1/10 NO more likely side 0.8050 outside band 0.55-0.80
2026-06-06T08:04:38.966Z | ORDER RETRY 2/10 NO more likely side 0.8050 outside band 0.55-0.80
2026-06-06T08:04:40.490Z | ORDER RETRY 3/10 NO more likely side 0.8050 outside band 0.55-0.80
2026-06-06T08:04:42.410Z | ORDER RETRY 4/10 NO more likely side 0.8050 outside band 0.55-0.80
2026-06-06T08:04:43.528Z | ORDER RETRY 5/10 NO more likely side 0.8050 outside band 0.55-0.80
ORDER FILLED KXBTC15M-26JUN060415-15 NO | ask=80.0c qty=278.14 order_id=8bc396b6-3f02-460e-81f9-2c7b517f5114 filled 2 at 80.0c | counts S=58 U=19 K=57
STATUS T=609.0s | K 60870.56 - 102.42 | yes_mid=0.2050 trade=filled
STATUS T=546.5s | K 60867.62 - 105.36 | yes_mid=0.4950 trade=filled
STATUS T=484.7s | K 60938.89 - 34.09 | yes_mid=0.4050 trade=filled
STATUS T=424.2s | K 60950.40 - 22.58 | yes_mid=0.4250 trade=filled
STATUS T=363.3s | K 60958.38 - 14.60 | yes_mid=0.6550 trade=filled
STATUS T=300.2s | K 60958.23 - 14.75 | yes_mid=0.8980 trade=filled
STATUS T=235.8s | K 61053.95 + 80.97 | yes_mid=0.9595 trade=filled
STATUS T=175.7s | K 61052.92 + 79.94 | yes_mid=0.9435 trade=filled
STATUS T=112.4s | K 61090.65 + 117.67 | yes_mid=0.9920 trade=filled
STATUS T=48.6s | K 61089.81 + 116.83 | yes_mid=0.9985 trade=filled
2026-06-06T08:15:07.966Z | BALANCE T=-6.3s OUTCOME | Kalshi $19.2900 drawdown=-7.7900
OUTCOME KXBTC15M-26JUN060415-15 | K price=61122.78 target=60972.98 target_source=observed_source_snapshot actual=YES trade=NO status=filled result=unsuccessful correct=0 | counts S=58 U=20 K=57

CONTRACT KXBTC15M-26JUN060430-30 | close 2026-06-06T08:30:00Z | K target 61106.93
STATUS T=867.6s | K 61122.78 + 15.85 | yes_mid=0.4950 trade=--
STATUS T=805.0s | K 61070.25 - 36.68 | yes_mid=0.4150 trade=--
STATUS T=743.3s | K 61124.21 + 17.28 | yes_mid=0.5650 trade=--
STATUS T=681.2s | K 61049.24 - 57.69 | yes_mid=0.3000 trade=--
2026-06-06T08:19:33.777Z | BALANCE T=628.9s T630s | Kalshi $19.2900 drawdown=-7.7900
STATUS T=630s KXBTC15M-26JUN060430-30 | yes_mid=0.3050 selected=NO selected_prob=0.6950 band=0.55-0.80 contracts=2
ORDER FILLED KXBTC15M-26JUN060430-30 NO | ask=70.0c qty=613.0 order_id=52e77355-cdfb-488b-96c2-3747c4d2590b filled 2 at 70.0c | counts S=58 U=20 K=57
STATUS T=619.1s | K 61017.17 - 89.76 | yes_mid=0.3100 trade=filled
STATUS T=558.3s | K 61017.17 - 89.76 | yes_mid=0.4650 trade=filled
STATUS T=497.8s | K 61094.68 - 12.25 | yes_mid=0.5850 trade=filled
STATUS T=436.8s | K 61129.65 + 22.72 | yes_mid=0.4750 trade=filled
STATUS T=373.5s | K 61132.97 + 26.04 | yes_mid=0.4650 trade=filled
STATUS T=312.4s | K 61089.48 - 17.45 | yes_mid=0.4250 trade=filled
STATUS T=251.9s | K 61103.98 - 2.95 | yes_mid=0.6050 trade=filled
STATUS T=189.9s | K 61164.36 + 57.43 | yes_mid=0.8400 trade=filled
STATUS T=125.9s | K 61188.09 + 81.16 | yes_mid=0.9725 trade=filled
STATUS T=64.3s | K 61201.47 + 94.54 | yes_mid=0.9985 trade=filled
STATUS T=3.0s | K 61202.26 + 95.33 | yes_mid=0.9990 trade=filled orderbook=INVALID yes_ask:price_missing_or_out_of_range:None
2026-06-06T08:30:06.816Z | BALANCE T=-5.7s OUTCOME | Kalshi $17.8600 drawdown=-6.3600
OUTCOME KXBTC15M-26JUN060430-30 | K price=61199.25 target=61106.93 target_source=observed_source_snapshot actual=YES trade=NO status=filled result=unsuccessful correct=0 | counts S=58 U=21 K=57

CONTRACT KXBTC15M-26JUN060445-45 | close 2026-06-06T08:45:00Z | K target 61391.37
STATUS T=869.3s | K 61360.34 - 31.03 | yes_mid=0.3750 trade=--
STATUS T=807.6s | K 61332.48 - 58.89 | yes_mid=0.5450 trade=--
STATUS T=747.0s | K 61332.48 - 58.89 | yes_mid=0.5950 trade=--
STATUS T=686.2s | K 61445.41 + 54.04 | yes_mid=0.2950 trade=--
2026-06-06T08:34:36.254Z | BALANCE T=627.5s T630s | Kalshi $17.8600 drawdown=-6.3600
STATUS T=630s KXBTC15M-26JUN060445-45 | yes_mid=0.3150 selected=NO selected_prob=0.6850 band=0.55-0.80 contracts=2
ORDER FILLED KXBTC15M-26JUN060445-45 NO | ask=71.0c qty=345.0 order_id=c7c855e8-018f-4a4d-b671-923f62a8778e filled 2 at 69.0c | counts S=58 U=21 K=57
STATUS T=617.4s | K 61331.68 - 59.69 | yes_mid=0.3150 trade=filled
STATUS T=557.1s | K 61310.49 - 80.88 | yes_mid=0.2050 trade=filled
STATUS T=493.0s | K 61304.07 - 87.30 | yes_mid=0.2550 trade=filled
STATUS T=429.9s | K 61273.39 - 117.98 | yes_mid=0.2050 trade=filled
STATUS T=369.1s | K 61340.04 - 51.33 | yes_mid=0.2650 trade=filled
STATUS T=305.8s | K 61313.73 - 77.64 | yes_mid=0.1750 trade=filled
STATUS T=243.8s | K 61315.03 - 76.34 | yes_mid=0.0850 trade=filled
STATUS T=181.7s | K 61312.85 - 78.52 | yes_mid=0.0620 trade=filled
STATUS T=120.9s | K 61320.61 - 70.76 | yes_mid=0.1550 trade=filled
STATUS T=57.0s | K 61339.22 - 52.15 | yes_mid=0.0130 trade=filled
STATUS T=-4.5s | K 61329.36 - 62.01 | yes_mid=-- trade=filled orderbook=INVALID yes_ask:price_missing_or_out_of_range:None; no_ask:price_missing_or_out_of_range:None
2026-06-06T08:45:07.331Z | BALANCE T=-6.5s OUTCOME | Kalshi $18.4500 drawdown=-6.9500
OUTCOME KXBTC15M-26JUN060445-45 | K price=61329.36 target=61391.37 target_source=observed_source_snapshot actual=NO trade=NO status=filled result=successful correct=1 | counts S=59 U=21 K=57

CONTRACT KXBTC15M-26JUN060500-00 | close 2026-06-06T09:00:00Z | K target 61348.93
STATUS T=863.5s | K 61353.11 + 4.18 | yes_mid=0.3850 trade=--
STATUS T=800.4s | K 61321.42 - 27.51 | yes_mid=0.3400 trade=--
STATUS T=740.4s | K 61299.93 - 49.00 | yes_mid=0.5200 trade=--
STATUS T=679.7s | K 61303.39 - 45.54 | yes_mid=0.4950 trade=--
2026-06-06T08:49:34.170Z | BALANCE T=628.5s T630s | Kalshi $18.4500 drawdown=-6.9500
STATUS T=630s KXBTC15M-26JUN060500-00 | yes_mid=0.4450 selected=NO selected_prob=0.5550 band=0.55-0.80 contracts=2
2026-06-06T08:49:36.340Z | ORDER RETRY 1/10 NO more likely side 0.5450 outside band 0.55-0.80
2026-06-06T08:49:37.615Z | ORDER RETRY 2/10 NO more likely side 0.5450 outside band 0.55-0.80
2026-06-06T08:49:39.452Z | ORDER RETRY 3/10 NO more likely side 0.5450 outside band 0.55-0.80
ORDER FILLED KXBTC15M-26JUN060500-00 NO | ask=56.0c qty=268.08 order_id=10dbf366-1046-4c69-b9e8-3d8d3657b458 filled 2 at 56.0c | counts S=59 U=21 K=57
STATUS T=613.0s | K 61351.74 + 2.81 | yes_mid=0.4550 trade=filled
STATUS T=552.7s | K 61351.74 + 2.81 | yes_mid=0.6550 trade=filled
STATUS T=492.1s | K 61381.50 + 32.57 | yes_mid=0.7050 trade=filled
STATUS T=428.6s | K 61392.60 + 43.67 | yes_mid=0.8800 trade=filled
STATUS T=365.2s | K 61451.96 + 103.03 | yes_mid=0.8450 trade=filled
STATUS T=302.5s | K 61429.59 + 80.66 | yes_mid=0.7750 trade=filled
STATUS T=238.7s | K 61396.01 + 47.08 | yes_mid=0.8350 trade=filled
STATUS T=174.9s | K 61392.42 + 43.49 | yes_mid=0.8050 trade=filled
STATUS T=114.8s | K 61378.96 + 30.03 | yes_mid=0.1750 trade=filled
STATUS T=52.3s | K 61290.78 - 58.15 | yes_mid=0.0090 trade=filled
2026-06-06T09:00:03.287Z | POLL FETCH ERROR RuntimeError: GET /markets failed: HTTP 429 {"error":{"code":"too_many_requests","message":"too many requests"}}
2026-06-06T09:00:06.889Z | BALANCE T=-5.3s OUTCOME | Kalshi $19.3000 drawdown=-7.8000
OUTCOME KXBTC15M-26JUN060500-00 | K price=61290.78 target=61348.93 target_source=observed_source_snapshot actual=NO trade=NO status=filled result=successful correct=1 | counts S=60 U=21 K=57

CONTRACT KXBTC15M-26JUN060515-15 | close 2026-06-06T09:15:00Z | K target 61244.72
STATUS T=889.7s | K 61254.39 + 9.67 | yes_mid=0.4450 trade=--
STATUS T=826.6s | K 61222.09 - 22.63 | yes_mid=0.4250 trade=--
STATUS T=765.1s | K 61207.89 - 36.83 | yes_mid=0.6150 trade=--
STATUS T=705.0s | K 61243.61 - 1.11 | yes_mid=0.4050 trade=--
STATUS T=641.8s | K 61211.59 - 33.13 | yes_mid=0.2050 trade=--
2026-06-06T09:04:35.208Z | BALANCE T=627.7s T630s | Kalshi $19.3000 drawdown=-7.8000
STATUS T=630s KXBTC15M-26JUN060515-15 | yes_mid=0.2250 selected=NO selected_prob=0.7750 band=0.55-0.80 contracts=2
ORDER FILLED KXBTC15M-26JUN060515-15 NO | ask=79.0c qty=720.55 order_id=9fc05660-d290-4cfe-8b78-d55373f9751e filled 2 at 78.0c | counts S=60 U=21 K=57
STATUS T=578.1s | K 61177.85 - 66.87 | yes_mid=0.2450 trade=filled
STATUS T=515.5s | K 61177.85 - 66.87 | yes_mid=0.1700 trade=filled
STATUS T=454.2s | K 61129.34 - 115.38 | yes_mid=0.1850 trade=filled
STATUS T=392.0s | K 61158.71 - 86.01 | yes_mid=0.1650 trade=filled
STATUS T=328.6s | K 61155.51 - 89.21 | yes_mid=0.2450 trade=filled
STATUS T=267.3s | K 61184.37 - 60.35 | yes_mid=0.1350 trade=filled
STATUS T=205.8s | K 61169.14 - 75.58 | yes_mid=0.3950 trade=filled
STATUS T=145.7s | K 61235.90 - 8.82 | yes_mid=0.1250 trade=filled
STATUS T=84.9s | K 61220.25 - 24.47 | yes_mid=0.2550 trade=filled
STATUS T=21.6s | K 61176.88 - 67.84 | yes_mid=0.0235 trade=filled
2026-06-06T09:15:07.140Z | BALANCE T=-4.4s OUTCOME | Kalshi $19.7100 drawdown=-8.2100
OUTCOME KXBTC15M-26JUN060515-15 | K price=61217.92 target=61244.72 target_source=observed_source_snapshot actual=NO trade=NO status=filled result=successful correct=1 | counts S=61 U=21 K=57

CONTRACT KXBTC15M-26JUN060530-30 | close 2026-06-06T09:30:00Z | K target 61227.29
STATUS T=887.7s | K 61200.23 - 27.06 | yes_mid=0.4150 trade=--
STATUS T=827.3s | K 61232.39 + 5.10 | yes_mid=0.4050 trade=--
STATUS T=766.8s | K 61207.76 - 19.53 | yes_mid=0.5450 trade=--
STATUS T=705.1s | K 61226.53 - 0.76 | yes_mid=0.5150 trade=--
STATUS T=643.5s | K 61224.05 - 3.24 | yes_mid=0.4050 trade=--
2026-06-06T09:19:33.941Z | BALANCE T=628.6s T630s | Kalshi $19.7100 drawdown=-8.2100
STATUS T=630s KXBTC15M-26JUN060530-30 | yes_mid=0.3950 selected=NO selected_prob=0.6050 band=0.55-0.80 contracts=2
ORDER FILLED KXBTC15M-26JUN060530-30 NO | ask=59.0c qty=369.22 order_id=24670277-3ec7-482e-974c-7b1533618d31 filled 2 at 58.0c | counts S=61 U=21 K=57
STATUS T=583.3s | K 61234.44 + 7.15 | yes_mid=0.2650 trade=filled
STATUS T=520.3s | K 61152.65 - 74.64 | yes_mid=0.2350 trade=filled
STATUS T=458.9s | K 61153.85 - 73.44 | yes_mid=0.0805 trade=filled
STATUS T=398.2s | K 61153.85 - 73.44 | yes_mid=0.0860 trade=filled
STATUS T=337.7s | K 61133.68 - 93.61 | yes_mid=0.0995 trade=filled
STATUS T=274.9s | K 61129.04 - 98.25 | yes_mid=0.0630 trade=filled
STATUS T=212.9s | K 61145.02 - 82.27 | yes_mid=0.1250 trade=filled
STATUS T=150.8s | K 61227.89 + 0.60 | yes_mid=0.2850 trade=filled
STATUS T=87.5s | K 61231.25 + 3.96 | yes_mid=0.9450 trade=filled
STATUS T=25.0s | K 61291.94 + 64.65 | yes_mid=0.9990 trade=filled orderbook=INVALID yes_ask:price_missing_or_out_of_range:None
2026-06-06T09:30:05.548Z | BALANCE T=-2.1s OUTCOME | Kalshi $18.5200 drawdown=-7.0200
OUTCOME KXBTC15M-26JUN060530-30 | K price=61291.94 target=61227.29 target_source=observed_source_snapshot actual=YES trade=NO status=filled result=unsuccessful correct=0 | counts S=61 U=22 K=57

CONTRACT KXBTC15M-26JUN060545-45 | close 2026-06-06T09:45:00Z | K target 61282.70
STATUS T=890.9s | K 61285.45 + 2.75 | yes_mid=0.4650 trade=--
STATUS T=828.0s | K 61273.00 - 9.70 | yes_mid=0.4150 trade=--
STATUS T=766.8s | K 61254.37 - 28.33 | yes_mid=0.4150 trade=--
STATUS T=704.8s | K 61239.40 - 43.30 | yes_mid=0.3450 trade=--
STATUS T=641.6s | K 61245.28 - 37.42 | yes_mid=0.3450 trade=--
2026-06-06T09:34:32.344Z | BALANCE T=630.0s T630s | Kalshi $18.5200 drawdown=-7.0200
STATUS T=630s KXBTC15M-26JUN060545-45 | yes_mid=0.2850 selected=NO selected_prob=0.7150 band=0.55-0.80 contracts=2
ORDER FILLED KXBTC15M-26JUN060545-45 NO | ask=74.0c qty=338.96 order_id=ea80b1b2-06eb-4af1-b7fe-cfe1db00d38e filled 2 at 72.0c | counts S=61 U=22 K=57
STATUS T=580.1s | K 61228.01 - 54.69 | yes_mid=0.2850 trade=filled
STATUS T=519.3s | K 61221.47 - 61.23 | yes_mid=0.2850 trade=filled
STATUS T=456.8s | K 61217.96 - 64.74 | yes_mid=0.3850 trade=filled
STATUS T=393.9s | K 61237.56 - 45.14 | yes_mid=0.2950 trade=filled
STATUS T=330.3s | K 61245.46 - 37.24 | yes_mid=0.1850 trade=filled
STATUS T=267.7s | K 61221.68 - 61.02 | yes_mid=0.1650 trade=filled
STATUS T=206.1s | K 61147.19 - 135.51 | yes_mid=0.0245 trade=filled
STATUS T=143.9s | K 61191.87 - 90.83 | yes_mid=0.0065 trade=filled
STATUS T=81.4s | K 61101.54 - 181.16 | yes_mid=0.0015 trade=filled
STATUS T=20.1s | K 61074.90 - 207.80 | yes_mid=0.0015 trade=filled
2026-06-06T09:45:06.827Z | BALANCE T=-5.9s OUTCOME | Kalshi $19.0500 drawdown=-7.5500
OUTCOME KXBTC15M-26JUN060545-45 | K price=61074.90 target=61282.70 target_source=observed_source_snapshot actual=NO trade=NO status=filled result=successful correct=1 | counts S=62 U=22 K=57

CONTRACT KXBTC15M-26JUN060600-00 | close 2026-06-06T10:00:00Z | K target 61084.76
STATUS T=885.4s | K 61073.56 - 11.20 | yes_mid=0.4450 trade=--
STATUS T=821.9s | K 61073.56 - 11.20 | yes_mid=0.4450 trade=--
STATUS T=759.0s | K 61046.83 - 37.93 | yes_mid=0.1750 trade=--
STATUS T=695.2s | K 61048.29 - 36.47 | yes_mid=0.1450 trade=--
STATUS T=633.7s | K 60924.35 - 160.41 | yes_mid=0.1250 trade=--
2026-06-06T09:49:35.397Z | BALANCE T=627.2s T630s | Kalshi $19.0500 drawdown=-7.5500
STATUS T=630s KXBTC15M-26JUN060600-00 | yes_mid=0.1050 decision=SKIP reason=more likely side 0.8950 outside band 0.55-0.80 | counts S=62 U=22 K=58
STATUS T=572.5s | K 60882.89 - 201.87 | yes_mid=0.1050 trade=skip
STATUS T=510.5s | K 60940.29 - 144.47 | yes_mid=0.1150 trade=skip
STATUS T=448.8s | K 60908.61 - 176.15 | yes_mid=0.0920 trade=skip
STATUS T=387.9s | K 60964.83 - 119.93 | yes_mid=0.0490 trade=skip
STATUS T=326.2s | K 60902.06 - 182.70 | yes_mid=0.0310 trade=skip
STATUS T=263.8s | K 60899.78 - 184.98 | yes_mid=0.0215 trade=skip
STATUS T=201.3s | K 60969.04 - 115.72 | yes_mid=0.0365 trade=skip
STATUS T=140.4s | K 60957.56 - 127.20 | yes_mid=0.0200 trade=skip
STATUS T=78.6s | K 60957.56 - 127.20 | yes_mid=0.0125 trade=skip
STATUS T=16.7s | K 60985.98 - 98.78 | yes_mid=0.0010 trade=skip orderbook=INVALID no_ask:price_missing_or_out_of_range:None
2026-06-06T10:00:09.456Z | BALANCE T=-6.9s OUTCOME | Kalshi $19.0500 drawdown=-7.5500
OUTCOME KXBTC15M-26JUN060600-00 | K price=60955.48 target=61084.76 target_source=observed_source_snapshot actual=NO trade= status=skip result=skipped correct=-- | counts S=62 U=22 K=58

CONTRACT KXBTC15M-26JUN060615-15 | close 2026-06-06T10:15:00Z | K target 60949.89
STATUS T=882.4s | K 60990.62 + 40.73 | yes_mid=0.4750 trade=--
STATUS T=820.8s | K 60789.02 - 160.87 | yes_mid=0.1950 trade=--
STATUS T=758.5s | K 60824.16 - 125.73 | yes_mid=0.1800 trade=--
STATUS T=696.3s | K 60785.23 - 164.66 | yes_mid=0.1050 trade=--
STATUS T=634.0s | K 60782.53 - 167.36 | yes_mid=0.1450 trade=--
2026-06-06T10:04:35.386Z | BALANCE T=627.0s T630s | Kalshi $19.0500 drawdown=-7.5500
STATUS T=630s KXBTC15M-26JUN060615-15 | yes_mid=0.1650 decision=SKIP reason=more likely side 0.8350 outside band 0.55-0.80 | counts S=62 U=22 K=59
STATUS T=572.2s | K 60798.56 - 151.33 | yes_mid=0.1550 trade=skip
STATUS T=510.0s | K 60770.34 - 179.55 | yes_mid=0.0850 trade=skip
STATUS T=448.5s | K 60785.44 - 164.45 | yes_mid=0.0360 trade=skip
STATUS T=386.2s | K 60785.44 - 164.45 | yes_mid=0.0405 trade=skip
STATUS T=325.4s | K 60713.92 - 235.97 | yes_mid=0.0380 trade=skip
STATUS T=263.0s | K 60713.92 - 235.97 | yes_mid=0.0300 trade=skip
STATUS T=202.0s | K 60684.49 - 265.40 | yes_mid=0.0120 trade=skip
STATUS T=139.8s | K 60665.78 - 284.11 | yes_mid=0.0055 trade=skip
STATUS T=79.4s | K 60688.14 - 261.75 | yes_mid=0.0010 trade=skip orderbook=INVALID no_ask:price_missing_or_out_of_range:None
STATUS T=19.0s | K 60633.16 - 316.73 | yes_mid=0.0020 trade=skip
2026-06-06T10:15:03.081Z | POLL FETCH ERROR RuntimeError: GET /markets failed: HTTP 429 {"error":{"code":"too_many_requests","message":"too many requests"}}
2026-06-06T10:15:05.916Z | BALANCE T=-5.1s OUTCOME | Kalshi $19.0500 drawdown=-7.5500
OUTCOME KXBTC15M-26JUN060615-15 | K price=60575.81 target=60949.89 target_source=observed_source_snapshot actual=NO trade= status=skip result=skipped correct=-- | counts S=62 U=22 K=59

CONTRACT KXBTC15M-26JUN060630-30 | close 2026-06-06T10:30:00Z | K target 60608.78
STATUS T=881.3s | K 60615.87 + 7.09 | yes_mid=0.6650 trade=--
STATUS T=818.9s | K 60607.10 - 1.68 | yes_mid=0.7450 trade=--
STATUS T=758.4s | K 60665.98 + 57.20 | yes_mid=0.5550 trade=--
STATUS T=697.2s | K 60587.29 - 21.49 | yes_mid=0.4850 trade=--
STATUS T=637.0s | K 60587.29 - 21.49 | yes_mid=0.3050 trade=--
2026-06-06T10:19:35.373Z | BALANCE T=628.1s T630s | Kalshi $19.0500 drawdown=-7.5500
STATUS T=630s KXBTC15M-26JUN060630-30 | yes_mid=0.2250 selected=NO selected_prob=0.7750 band=0.55-0.80 contracts=2
2026-06-06T10:19:37.367Z | ORDER RETRY 1/10 NO more likely side 0.8150 outside band 0.55-0.80
ORDER FILLED KXBTC15M-26JUN060630-30 NO | ask=80.0c qty=520.68 order_id=9b7f4b98-3a55-453c-b731-95beeb89ea0a filled 2 at 80.0c | counts S=62 U=22 K=59
STATUS T=575.8s | K 60549.04 - 59.74 | yes_mid=0.1950 trade=filled
STATUS T=514.6s | K 60477.67 - 131.11 | yes_mid=0.3250 trade=filled
STATUS T=454.2s | K 60464.93 - 143.85 | yes_mid=0.2600 trade=filled
STATUS T=392.3s | K 60540.50 - 68.28 | yes_mid=0.6450 trade=filled
STATUS T=330.2s | K 60580.75 - 28.03 | yes_mid=0.5750 trade=filled
STATUS T=269.7s | K 60650.28 + 41.50 | yes_mid=0.4450 trade=filled
STATUS T=208.8s | K 60604.31 - 4.47 | yes_mid=0.3850 trade=filled
STATUS T=146.9s | K 60583.47 - 25.31 | yes_mid=0.5150 trade=filled
STATUS T=86.2s | K 60609.51 + 0.73 | yes_mid=0.4550 trade=filled
STATUS T=25.6s | K 60617.29 + 8.51 | yes_mid=0.0920 trade=filled
2026-06-06T10:30:05.806Z | BALANCE T=-5.0s OUTCOME | Kalshi $19.4300 drawdown=-7.9300
OUTCOME KXBTC15M-26JUN060630-30 | K price=60506.05 target=60608.78 target_source=observed_source_snapshot actual=NO trade=NO status=filled result=successful correct=1 | counts S=63 U=22 K=59

CONTRACT KXBTC15M-26JUN060645-45 | close 2026-06-06T10:45:00Z | K target 60585.43
STATUS T=880.5s | K 60609.51 + 24.08 | yes_mid=0.2950 trade=--
STATUS T=820.3s | K 60506.05 - 79.38 | yes_mid=0.1150 trade=--
STATUS T=758.5s | K 60406.05 - 179.38 | yes_mid=0.1250 trade=--
STATUS T=695.9s | K 60327.67 - 257.76 | yes_mid=0.1750 trade=--
STATUS T=635.3s | K 60331.51 - 253.92 | yes_mid=0.1250 trade=--
2026-06-06T10:34:34.886Z | BALANCE T=627.8s T630s | Kalshi $19.4300 drawdown=-7.9300
STATUS T=630s KXBTC15M-26JUN060645-45 | yes_mid=0.0960 decision=SKIP reason=more likely side 0.9040 outside band 0.55-0.80 | counts S=63 U=22 K=60
STATUS T=573.5s | K 60353.57 - 231.86 | yes_mid=0.1250 trade=skip
STATUS T=513.3s | K 60289.06 - 296.37 | yes_mid=0.0605 trade=skip
STATUS T=452.3s | K 60289.06 - 296.37 | yes_mid=0.0815 trade=skip
STATUS T=390.7s | K 60300.14 - 285.29 | yes_mid=0.0455 trade=skip
STATUS T=329.4s | K 60279.58 - 305.85 | yes_mid=0.0310 trade=skip
STATUS T=268.2s | K 60279.58 - 305.85 | yes_mid=0.0190 trade=skip
STATUS T=207.9s | K 60286.66 - 298.77 | yes_mid=0.0115 trade=skip
STATUS T=147.1s | K 60318.73 - 266.70 | yes_mid=0.0135 trade=skip
STATUS T=84.8s | K 60356.14 - 229.29 | yes_mid=0.0045 trade=skip
STATUS T=24.2s | K 60374.44 - 210.99 | yes_mid=0.0010 trade=skip orderbook=INVALID no_ask:price_missing_or_out_of_range:None
2026-06-06T10:45:04.659Z | BALANCE T=-2.8s OUTCOME | Kalshi $19.4300 drawdown=-7.9300
OUTCOME KXBTC15M-26JUN060645-45 | K price=60392.97 target=60585.43 target_source=observed_source_snapshot actual=NO trade= status=skip result=skipped correct=-- | counts S=63 U=22 K=60

CONTRACT KXBTC15M-26JUN060700-00 | close 2026-06-06T11:00:00Z | K target 60387.64
STATUS T=877.4s | K 60394.90 + 7.26 | yes_mid=0.4950 trade=--
STATUS T=814.2s | K 60385.57 - 2.07 | yes_mid=0.4150 trade=--
STATUS T=753.0s | K 60380.52 - 7.12 | yes_mid=0.5850 trade=--
STATUS T=690.5s | K 60443.26 + 55.62 | yes_mid=0.4650 trade=--
STATUS T=628.9s | K 60375.13 - 12.51 | yes_mid=0.4750 trade=--
2026-06-06T10:49:34.329Z | BALANCE T=628.9s T630s | Kalshi $19.4300 drawdown=-7.9300
STATUS T=630s KXBTC15M-26JUN060700-00 | yes_mid=0.4950 decision=SKIP reason=more likely side 0.5050 outside band 0.55-0.80 | counts S=63 U=22 K=61
STATUS T=567.3s | K 60375.13 - 12.51 | yes_mid=0.5750 trade=skip
STATUS T=507.3s | K 60410.76 + 23.12 | yes_mid=0.7350 trade=skip
STATUS T=445.8s | K 60468.57 + 80.93 | yes_mid=0.6950 trade=skip
STATUS T=384.3s | K 60480.17 + 92.53 | yes_mid=0.8750 trade=skip
STATUS T=323.2s | K 60480.17 + 92.53 | yes_mid=0.9600 trade=skip
STATUS T=260.6s | K 60579.07 + 191.43 | yes_mid=0.9015 trade=skip
STATUS T=198.5s | K 60514.40 + 126.76 | yes_mid=0.9570 trade=skip
STATUS T=135.0s | K 60493.01 + 105.37 | yes_mid=0.9870 trade=skip
STATUS T=73.3s | K 60524.27 + 136.63 | yes_mid=0.9990 trade=skip orderbook=INVALID yes_ask:price_missing_or_out_of_range:None
STATUS T=12.2s | K 60530.99 + 143.35 | yes_mid=0.9990 trade=skip orderbook=INVALID yes_ask:price_missing_or_out_of_range:None
2026-06-06T11:00:09.934Z | BALANCE T=-7.2s OUTCOME | Kalshi $19.4300 drawdown=-7.9300
OUTCOME KXBTC15M-26JUN060700-00 | K price=60531.49 target=60387.64 target_source=observed_source_snapshot actual=YES trade= status=skip result=skipped correct=-- | counts S=63 U=22 K=61

CONTRACT KXBTC15M-26JUN060715-15 | close 2026-06-06T11:15:00Z | K target 60548.21
STATUS T=871.1s | K 60530.42 - 17.79 | yes_mid=0.5150 trade=--
STATUS T=810.5s | K 60522.18 - 26.03 | yes_mid=0.5450 trade=--
STATUS T=746.8s | K 60648.01 + 99.80 | yes_mid=0.7350 trade=--
STATUS T=686.5s | K 60648.01 + 99.80 | yes_mid=0.8150 trade=--
2026-06-06T11:04:32.899Z | BALANCE T=629.9s T630s | Kalshi $19.4300 drawdown=-7.9300
STATUS T=630s KXBTC15M-26JUN060715-15 | yes_mid=0.8450 decision=SKIP reason=more likely side 0.8450 outside band 0.55-0.80 | counts S=63 U=22 K=62
STATUS T=623.7s | K 60700.75 + 152.54 | yes_mid=0.8350 trade=skip
STATUS T=560.6s | K 60663.50 + 115.29 | yes_mid=0.8250 trade=skip
STATUS T=499.4s | K 60670.18 + 121.97 | yes_mid=0.8550 trade=skip
STATUS T=437.2s | K 60692.20 + 143.99 | yes_mid=0.9190 trade=skip
STATUS T=373.9s | K 60689.29 + 141.08 | yes_mid=0.9065 trade=skip
STATUS T=313.7s | K 60693.98 + 145.77 | yes_mid=0.9460 trade=skip
STATUS T=252.5s | K 60656.32 + 108.11 | yes_mid=0.9275 trade=skip
STATUS T=189.7s | K 60682.31 + 134.10 | yes_mid=0.9505 trade=skip
STATUS T=128.5s | K 60642.28 + 94.07 | yes_mid=0.9685 trade=skip
STATUS T=68.5s | K 60665.77 + 117.56 | yes_mid=0.9565 trade=skip
STATUS T=7.8s | K 60591.37 + 43.16 | yes_mid=0.9990 trade=skip orderbook=INVALID yes_ask:price_missing_or_out_of_range:None
2026-06-06T11:15:09.275Z | BALANCE T=-6.7s OUTCOME | Kalshi $19.4300 drawdown=-7.9300
OUTCOME KXBTC15M-26JUN060715-15 | K price=60591.37 target=60548.21 target_source=observed_source_snapshot actual=YES trade= status=skip result=skipped correct=-- | counts S=63 U=22 K=62

CONTRACT KXBTC15M-26JUN060730-30 | close 2026-06-06T11:30:00Z | K target 60601.06
STATUS T=872.9s | K 60612.82 + 11.76 | yes_mid=0.5050 trade=--
STATUS T=812.5s | K 60590.26 - 10.80 | yes_mid=0.5250 trade=--
STATUS T=750.8s | K 60614.84 + 13.78 | yes_mid=0.7650 trade=--
STATUS T=687.4s | K 60829.05 + 227.99 | yes_mid=0.8550 trade=--
2026-06-06T11:19:35.292Z | BALANCE T=627.4s T630s | Kalshi $19.4300 drawdown=-7.9300
STATUS T=630s KXBTC15M-26JUN060730-30 | yes_mid=0.7550 selected=YES selected_prob=0.7550 band=0.55-0.80 contracts=2
ORDER FILLED KXBTC15M-26JUN060730-30 YES | ask=73.0c qty=244.14 order_id=e07d20d9-5204-4092-84a9-f271d95367de filled 2 at 73.0c | counts S=63 U=22 K=62
STATUS T=617.3s | K 60829.05 + 227.99 | yes_mid=0.7450 trade=filled
STATUS T=557.1s | K 60755.05 + 153.99 | yes_mid=0.5900 trade=filled
STATUS T=496.4s | K 60631.64 + 30.58 | yes_mid=0.8050 trade=filled
STATUS T=432.8s | K 60678.01 + 76.95 | yes_mid=0.8050 trade=filled
STATUS T=372.4s | K 60678.01 + 76.95 | yes_mid=0.9195 trade=filled
STATUS T=312.2s | K 60740.74 + 139.68 | yes_mid=0.9155 trade=filled
STATUS T=249.2s | K 60740.74 + 139.68 | yes_mid=0.9155 trade=filled
STATUS T=188.7s | K 60728.02 + 126.96 | yes_mid=0.9645 trade=filled
STATUS T=125.3s | K 60715.11 + 114.05 | yes_mid=0.9885 trade=filled
STATUS T=62.6s | K 60734.27 + 133.21 | yes_mid=0.9980 trade=filled
STATUS T=2.6s | K 60768.05 + 166.99 | yes_mid=0.9990 trade=filled orderbook=INVALID yes_ask:price_missing_or_out_of_range:None
2026-06-06T11:30:07.136Z | BALANCE T=-4.7s OUTCOME | Kalshi $19.9400 drawdown=-8.4400
OUTCOME KXBTC15M-26JUN060730-30 | K price=60760.02 target=60601.06 target_source=observed_source_snapshot actual=YES trade=YES status=filled result=successful correct=1 | counts S=64 U=22 K=62

CONTRACT KXBTC15M-26JUN060745-45 | close 2026-06-06T11:45:00Z | K target 60780.88
STATUS T=868.6s | K 60759.06 - 21.82 | yes_mid=0.4250 trade=--
STATUS T=806.1s | K 60735.06 - 45.82 | yes_mid=0.3650 trade=--
STATUS T=745.4s | K 60718.67 - 62.21 | yes_mid=0.4250 trade=--
STATUS T=682.7s | K 60718.67 - 62.21 | yes_mid=0.4850 trade=--
2026-06-06T11:34:33.048Z | BALANCE T=629.3s T630s | Kalshi $19.9400 drawdown=-8.4400
STATUS T=630s KXBTC15M-26JUN060745-45 | yes_mid=0.6050 selected=YES selected_prob=0.6050 band=0.55-0.80 contracts=2
ORDER FILLED KXBTC15M-26JUN060745-45 YES | ask=61.0c qty=429.91 order_id=4a3d3ce6-e505-4e23-a1b7-dd05d16a9496 filled 2 at 61.0c | counts S=64 U=22 K=62
STATUS T=619.8s | K 60762.88 - 18.00 | yes_mid=0.6650 trade=filled
STATUS T=557.2s | K 60833.78 + 52.90 | yes_mid=0.6950 trade=filled
STATUS T=494.2s | K 60822.20 + 41.32 | yes_mid=0.5850 trade=filled
STATUS T=431.4s | K 60805.01 + 24.13 | yes_mid=0.3750 trade=filled
STATUS T=369.1s | K 60783.82 + 2.94 | yes_mid=0.5100 trade=filled
STATUS T=308.9s | K 60789.89 + 9.01 | yes_mid=0.6550 trade=filled
STATUS T=248.4s | K 60809.81 + 28.93 | yes_mid=0.5750 trade=filled
STATUS T=186.3s | K 60797.64 + 16.76 | yes_mid=0.7950 trade=filled
STATUS T=124.0s | K 60832.85 + 51.97 | yes_mid=0.9135 trade=filled
STATUS T=61.8s | K 60799.31 + 18.43 | yes_mid=0.8650 trade=filled
STATUS T=-3.7s | K 60797.59 + 16.71 | yes_mid=-- trade=filled orderbook=INVALID yes_ask:price_missing_or_out_of_range:None; no_ask:price_missing_or_out_of_range:None
2026-06-06T11:45:06.711Z | BALANCE T=-5.7s OUTCOME | Kalshi $20.6900 drawdown=-9.1900
OUTCOME KXBTC15M-26JUN060745-45 | K price=60797.59 target=60780.88 target_source=observed_source_snapshot actual=YES trade=YES status=filled result=successful correct=1 | counts S=65 U=22 K=62

CONTRACT KXBTC15M-26JUN060800-00 | close 2026-06-06T12:00:00Z | K target 60803.66
STATUS T=890.5s | K 60792.22 - 11.44 | yes_mid=0.4700 trade=--
STATUS T=828.6s | K 60800.01 - 3.65 | yes_mid=0.5550 trade=--
STATUS T=768.4s | K 60803.04 - 0.62 | yes_mid=0.4650 trade=--
STATUS T=705.3s | K 60904.83 + 101.17 | yes_mid=0.7000 trade=--
STATUS T=642.2s | K 60884.91 + 81.25 | yes_mid=0.7950 trade=--
2026-06-06T11:49:35.126Z | BALANCE T=627.8s T630s | Kalshi $20.6900 drawdown=-9.1900
STATUS T=630s KXBTC15M-26JUN060800-00 | yes_mid=0.7650 selected=YES selected_prob=0.7650 band=0.55-0.80 contracts=2
2026-06-06T11:49:38.025Z | ORDER RETRY 1/10 YES post error RuntimeError: POST /portfolio/orders failed: HTTP 409 {"error":{"code":"fill_or_kill_insufficient_resting_volume","message":"fill or kill insufficient resting volume"}}
ORDER FILLED KXBTC15M-26JUN060800-00 YES | ask=79.0c qty=538.07 order_id=e9356628-7dc8-4952-99db-f1161b4ad464 filled 2 at 79.0c | counts S=65 U=22 K=62
STATUS T=579.7s | K 60875.14 + 71.48 | yes_mid=0.6850 trade=filled
STATUS T=516.9s | K 60867.70 + 64.04 | yes_mid=0.8050 trade=filled
STATUS T=453.9s | K 60865.73 + 62.07 | yes_mid=0.8450 trade=filled
STATUS T=392.1s | K 60889.55 + 85.89 | yes_mid=0.8850 trade=filled
STATUS T=330.9s | K 60879.87 + 76.21 | yes_mid=0.8650 trade=filled
STATUS T=270.2s | K 60869.58 + 65.92 | yes_mid=0.9250 trade=filled
STATUS T=208.3s | K 60881.28 + 77.62 | yes_mid=0.8250 trade=filled
STATUS T=147.3s | K 60821.80 + 18.14 | yes_mid=0.5650 trade=filled
STATUS T=86.1s | K 60819.59 + 15.93 | yes_mid=0.0505 trade=filled
STATUS T=23.4s | K 60744.39 - 59.27 | yes_mid=0.0015 trade=filled
2026-06-06T12:00:08.566Z | BALANCE T=-6.5s OUTCOME | Kalshi $19.0800 drawdown=-7.5800
OUTCOME KXBTC15M-26JUN060800-00 | K price=60730.77 target=60803.66 target_source=observed_source_snapshot actual=NO trade=YES status=filled result=unsuccessful correct=0 | counts S=65 U=23 K=62

CONTRACT KXBTC15M-26JUN060815-15 | close 2026-06-06T12:15:00Z | K target 60759.07
STATUS T=888.0s | K 60756.62 - 2.45 | yes_mid=0.6150 trade=--
STATUS T=824.3s | K 60756.62 - 2.45 | yes_mid=0.6750 trade=--
STATUS T=760.7s | K 60877.32 + 118.25 | yes_mid=0.7950 trade=--
STATUS T=699.8s | K 60930.00 + 170.93 | yes_mid=0.8750 trade=--
STATUS T=638.4s | K 60877.51 + 118.44 | yes_mid=0.8350 trade=--
2026-06-06T12:04:35.297Z | BALANCE T=627.2s T630s | Kalshi $19.0800 drawdown=-7.5800
STATUS T=630s KXBTC15M-26JUN060815-15 | yes_mid=0.8650 decision=SKIP reason=more likely side 0.8650 outside band 0.55-0.80 | counts S=65 U=23 K=63
STATUS T=577.1s | K 60891.12 + 132.05 | yes_mid=0.8250 trade=skip
STATUS T=513.1s | K 60908.77 + 149.70 | yes_mid=0.9005 trade=skip
STATUS T=451.3s | K 60967.15 + 208.08 | yes_mid=0.9450 trade=skip
STATUS T=388.7s | K 61041.52 + 282.45 | yes_mid=0.9745 trade=skip
STATUS T=328.4s | K 61051.05 + 291.98 | yes_mid=0.9840 trade=skip
STATUS T=266.5s | K 61047.12 + 288.05 | yes_mid=0.9740 trade=skip
STATUS T=204.9s | K 60956.53 + 197.46 | yes_mid=0.9835 trade=skip
STATUS T=144.4s | K 60973.29 + 214.22 | yes_mid=0.9945 trade=skip
STATUS T=80.4s | K 60998.48 + 239.41 | yes_mid=0.9990 trade=skip orderbook=INVALID yes_ask:price_missing_or_out_of_range:None
STATUS T=17.9s | K 60998.27 + 239.20 | yes_mid=0.9990 trade=skip orderbook=INVALID yes_ask:price_missing_or_out_of_range:None
2026-06-06T12:15:03.056Z | POLL FETCH ERROR RuntimeError: GET /markets failed: HTTP 429 {"error":{"code":"too_many_requests","message":"too many requests"}}
2026-06-06T12:15:06.660Z | BALANCE T=-5.1s OUTCOME | Kalshi $19.0800 drawdown=-7.5800
OUTCOME KXBTC15M-26JUN060815-15 | K price=61034.64 target=60759.07 target_source=observed_source_snapshot actual=YES trade= status=skip result=skipped correct=-- | counts S=65 U=23 K=63

CONTRACT KXBTC15M-26JUN060830-30 | close 2026-06-06T12:30:00Z | K target 61016.57
STATUS T=890.1s | K 60953.08 - 63.49 | yes_mid=0.5450 trade=--
STATUS T=828.2s | K 61028.77 + 12.20 | yes_mid=0.5750 trade=--
STATUS T=764.9s | K 60935.60 - 80.97 | yes_mid=0.2850 trade=--
STATUS T=704.1s | K 60935.60 - 80.97 | yes_mid=0.2950 trade=--
STATUS T=642.1s | K 60948.52 - 68.05 | yes_mid=0.2800 trade=--
2026-06-06T12:19:35.129Z | BALANCE T=627.7s T630s | Kalshi $19.0800 drawdown=-7.5800
STATUS T=630s KXBTC15M-26JUN060830-30 | yes_mid=0.2600 selected=NO selected_prob=0.7400 band=0.55-0.80 contracts=2
ORDER FILLED KXBTC15M-26JUN060830-30 NO | ask=75.0c qty=706.3 order_id=b8a429c0-44f1-4cc2-9ae6-0e8fa51f71e7 filled 2 at 75.0c | counts S=65 U=23 K=63
STATUS T=580.9s | K 60939.26 - 77.31 | yes_mid=0.1950 trade=filled
STATUS T=520.5s | K 60926.79 - 89.78 | yes_mid=0.2450 trade=filled
STATUS T=457.6s | K 60904.47 - 112.10 | yes_mid=0.1150 trade=filled
STATUS T=394.0s | K 60912.40 - 104.17 | yes_mid=0.0495 trade=filled
STATUS T=332.5s | K 60814.70 - 201.87 | yes_mid=0.0385 trade=filled
STATUS T=270.6s | K 60862.17 - 154.40 | yes_mid=0.0340 trade=filled
STATUS T=207.1s | K 60845.19 - 171.38 | yes_mid=0.0135 trade=filled
STATUS T=147.1s | K 60861.53 - 155.04 | yes_mid=0.0050 trade=filled
STATUS T=86.5s | K 60803.09 - 213.48 | yes_mid=0.0010 trade=filled orderbook=INVALID no_ask:price_missing_or_out_of_range:None
STATUS T=24.3s | K 60759.24 - 257.33 | yes_mid=0.0010 trade=filled orderbook=INVALID no_ask:price_missing_or_out_of_range:None
2026-06-06T12:30:06.952Z | BALANCE T=-6.1s OUTCOME | Kalshi $19.5600 drawdown=-8.0600
OUTCOME KXBTC15M-26JUN060830-30 | K price=60731.20 target=61016.57 target_source=observed_source_snapshot actual=NO trade=NO status=filled result=successful correct=1 | counts S=66 U=23 K=63

CONTRACT KXBTC15M-26JUN060845-45 | close 2026-06-06T12:45:00Z | K target 60722.83
STATUS T=885.2s | K 60731.20 + 8.37 | yes_mid=0.4750 trade=--
STATUS T=824.9s | K 60714.28 - 8.55 | yes_mid=0.3150 trade=--
STATUS T=761.9s | K 60637.09 - 85.74 | yes_mid=0.3650 trade=--
STATUS T=700.2s | K 60647.05 - 75.78 | yes_mid=0.6600 trade=--
STATUS T=637.3s | K 60774.51 + 51.68 | yes_mid=0.6050 trade=--
2026-06-06T12:34:35.942Z | BALANCE T=627.0s T630s | Kalshi $19.5600 drawdown=-8.0600
STATUS T=630s KXBTC15M-26JUN060845-45 | yes_mid=0.7150 selected=YES selected_prob=0.7150 band=0.55-0.80 contracts=2
2026-06-06T12:34:38.412Z | ORDER RETRY 1/10 YES post error RuntimeError: POST /portfolio/orders failed: HTTP 409 {"error":{"code":"fill_or_kill_insufficient_resting_volume","message":"fill or kill insufficient resting volume"}}
ORDER FILLED KXBTC15M-26JUN060845-45 YES | ask=76.0c qty=970.1 order_id=f27ef9a4-fb6d-4259-950e-48e90d238b85 filled 2 at 75.0c | counts S=66 U=23 K=63
STATUS T=576.3s | K 60728.46 + 5.63 | yes_mid=0.7750 trade=filled
STATUS T=513.4s | K 60795.68 + 72.85 | yes_mid=0.8050 trade=filled
STATUS T=451.4s | K 60819.75 + 96.92 | yes_mid=0.4850 trade=filled
STATUS T=389.7s | K 60729.98 + 7.15 | yes_mid=0.5350 trade=filled
STATUS T=328.0s | K 60731.55 + 8.72 | yes_mid=0.5850 trade=filled
STATUS T=266.7s | K 60736.26 + 13.43 | yes_mid=0.4750 trade=filled
STATUS T=206.3s | K 60733.24 + 10.41 | yes_mid=0.5650 trade=filled
STATUS T=143.1s | K 60737.12 + 14.29 | yes_mid=0.7350 trade=filled
STATUS T=81.4s | K 60734.44 + 11.61 | yes_mid=0.9550 trade=filled
STATUS T=20.1s | K 60748.19 + 25.36 | yes_mid=0.9985 trade=filled
2026-06-06T12:45:07.177Z | BALANCE T=-6.3s OUTCOME | Kalshi $20.0300 drawdown=-8.5300
OUTCOME KXBTC15M-26JUN060845-45 | K price=60797.34 target=60722.83 target_source=observed_source_snapshot actual=YES trade=YES status=filled result=successful correct=1 | counts S=67 U=23 K=63

CONTRACT KXBTC15M-26JUN060900-00 | close 2026-06-06T13:00:00Z | K target 60805.87
STATUS T=885.0s | K 60795.70 - 10.17 | yes_mid=0.4850 trade=--
STATUS T=821.8s | K 60799.38 - 6.49 | yes_mid=0.4250 trade=--
STATUS T=760.1s | K 60798.86 - 7.01 | yes_mid=0.6200 trade=--
STATUS T=697.0s | K 60848.67 + 42.80 | yes_mid=0.8550 trade=--
STATUS T=633.3s | K 60927.27 + 121.40 | yes_mid=0.8450 trade=--
2026-06-06T12:49:33.701Z | BALANCE T=628.9s T630s | Kalshi $20.0300 drawdown=-8.5300
STATUS T=630s KXBTC15M-26JUN060900-00 | yes_mid=0.8550 decision=SKIP reason=more likely side 0.8550 outside band 0.55-0.80 | counts S=67 U=23 K=64
STATUS T=571.4s | K 60949.49 + 143.62 | yes_mid=0.8400 trade=skip
STATUS T=509.6s | K 60962.67 + 156.80 | yes_mid=0.8550 trade=skip
STATUS T=449.1s | K 61028.93 + 223.06 | yes_mid=0.9635 trade=skip
STATUS T=386.7s | K 61080.57 + 274.70 | yes_mid=0.9635 trade=skip
STATUS T=324.6s | K 61076.66 + 270.79 | yes_mid=0.9750 trade=skip
STATUS T=263.7s | K 61092.20 + 286.33 | yes_mid=0.9885 trade=skip
STATUS T=201.0s | K 61077.02 + 271.15 | yes_mid=0.9915 trade=skip
STATUS T=139.7s | K 61055.74 + 249.87 | yes_mid=0.9880 trade=skip
STATUS T=79.5s | K 61038.35 + 232.48 | yes_mid=0.9990 trade=skip orderbook=INVALID yes_ask:price_missing_or_out_of_range:None
STATUS T=17.0s | K 61012.42 + 206.55 | yes_mid=0.9990 trade=skip orderbook=INVALID yes_ask:price_missing_or_out_of_range:None
2026-06-06T13:00:08.728Z | BALANCE T=-6.1s OUTCOME | Kalshi $20.0300 drawdown=-8.5300
OUTCOME KXBTC15M-26JUN060900-00 | K price=61007.94 target=60805.87 target_source=observed_source_snapshot actual=YES trade= status=skip result=skipped correct=-- | counts S=67 U=23 K=64

CONTRACT KXBTC15M-26JUN060915-15 | close 2026-06-06T13:15:00Z | K target 61003.73
STATUS T=883.5s | K 61012.42 + 8.69 | yes_mid=0.4150 trade=--
STATUS T=820.6s | K 61004.07 + 0.34 | yes_mid=0.3850 trade=--
STATUS T=759.7s | K 60942.49 - 61.24 | yes_mid=0.3650 trade=--
STATUS T=698.0s | K 60964.70 - 39.03 | yes_mid=0.4500 trade=--
STATUS T=634.3s | K 60981.64 - 22.09 | yes_mid=0.5550 trade=--
2026-06-06T13:04:35.937Z | BALANCE T=627.1s T630s | Kalshi $20.0300 drawdown=-8.5300
STATUS T=630s KXBTC15M-26JUN060915-15 | yes_mid=0.6250 selected=YES selected_prob=0.6250 band=0.55-0.80 contracts=2
2026-06-06T13:04:38.896Z | ORDER RETRY 1/10 YES post error RuntimeError: POST /portfolio/orders failed: HTTP 409 {"error":{"code":"fill_or_kill_insufficient_resting_volume","message":"fill or kill insufficient resting volume"}}
ORDER FILLED KXBTC15M-26JUN060915-15 YES | ask=67.0c qty=1690.57 order_id=9915c571-7c4d-4aea-815b-ff198096814d filled 2 at 67.0c | counts S=67 U=23 K=64
STATUS T=573.5s | K 60985.84 - 17.89 | yes_mid=0.5850 trade=filled
STATUS T=510.0s | K 61062.61 + 58.88 | yes_mid=0.6550 trade=filled
STATUS T=446.9s | K 61031.81 + 28.08 | yes_mid=0.4850 trade=filled
STATUS T=384.5s | K 61019.13 + 15.40 | yes_mid=0.3550 trade=filled
STATUS T=323.2s | K 60975.14 - 28.59 | yes_mid=0.3250 trade=filled
STATUS T=260.3s | K 60964.37 - 39.36 | yes_mid=0.4950 trade=filled
STATUS T=199.7s | K 61020.18 + 16.45 | yes_mid=0.4650 trade=filled
STATUS T=138.3s | K 61002.10 - 1.63 | yes_mid=0.5650 trade=filled
STATUS T=77.7s | K 61030.47 + 26.74 | yes_mid=0.2750 trade=filled
STATUS T=16.0s | K 61024.59 + 20.86 | yes_mid=0.0045 trade=filled
2026-06-06T13:15:08.756Z | BALANCE T=-6.2s OUTCOME | Kalshi $18.6600 drawdown=-7.1600
OUTCOME KXBTC15M-26JUN060915-15 | K price=61002.31 target=61003.73 target_source=observed_source_snapshot actual=NO trade=YES status=filled result=unsuccessful correct=0 | counts S=67 U=24 K=64

CONTRACT KXBTC15M-26JUN060930-30 | close 2026-06-06T13:30:00Z | K target 60988.97
STATUS T=878.1s | K 60989.79 + 0.82 | yes_mid=0.4750 trade=--
STATUS T=817.8s | K 60989.79 + 0.82 | yes_mid=0.2650 trade=--
STATUS T=757.5s | K 60964.79 - 24.18 | yes_mid=0.2450 trade=--
STATUS T=696.4s | K 60905.07 - 83.90 | yes_mid=0.3850 trade=--
STATUS T=633.7s | K 60923.01 - 65.96 | yes_mid=0.2550 trade=--
2026-06-06T13:19:35.616Z | BALANCE T=626.9s T630s | Kalshi $18.6600 drawdown=-7.1600
STATUS T=630s KXBTC15M-26JUN060930-30 | yes_mid=0.2650 selected=NO selected_prob=0.7350 band=0.55-0.80 contracts=2
ORDER FILLED KXBTC15M-26JUN060930-30 NO | ask=75.0c qty=2115.44 order_id=99fd196b-e08f-422d-af25-94e9a651c7bb filled 2 at 75.0c | counts S=67 U=24 K=64
STATUS T=573.6s | K 60901.22 - 87.75 | yes_mid=0.3400 trade=filled
STATUS T=513.2s | K 60922.82 - 66.15 | yes_mid=0.6050 trade=filled
STATUS T=449.9s | K 61005.89 + 16.92 | yes_mid=0.4550 trade=filled
STATUS T=389.3s | K 60988.15 - 0.82 | yes_mid=0.2850 trade=filled
STATUS T=326.9s | K 60976.52 - 12.45 | yes_mid=0.1250 trade=filled
STATUS T=263.6s | K 60942.27 - 46.70 | yes_mid=0.1350 trade=filled
STATUS T=201.4s | K 60937.69 - 51.28 | yes_mid=0.0365 trade=filled
STATUS T=139.9s | K 60874.00 - 114.97 | yes_mid=0.0355 trade=filled
STATUS T=77.0s | K 60875.76 - 113.21 | yes_mid=0.0015 trade=filled
STATUS T=13.8s | K 60873.31 - 115.66 | yes_mid=0.0010 trade=filled orderbook=INVALID no_ask:price_missing_or_out_of_range:None
2026-06-06T13:30:08.337Z | BALANCE T=-6.4s OUTCOME | Kalshi $19.1300 drawdown=-7.6300
OUTCOME KXBTC15M-26JUN060930-30 | K price=60859.31 target=60988.97 target_source=observed_source_snapshot actual=NO trade=NO status=filled result=successful correct=1 | counts S=68 U=24 K=64

CONTRACT KXBTC15M-26JUN060945-45 | close 2026-06-06T13:45:00Z | K target 60867.52
STATUS T=878.2s | K 60873.31 + 5.79 | yes_mid=0.4350 trade=--
STATUS T=815.7s | K 60763.99 - 103.53 | yes_mid=0.2550 trade=--
STATUS T=754.0s | K 60756.98 - 110.54 | yes_mid=0.1700 trade=--
STATUS T=693.8s | K 60690.53 - 176.99 | yes_mid=0.1550 trade=--
STATUS T=631.5s | K 60699.51 - 168.01 | yes_mid=0.2250 trade=--
2026-06-06T13:34:34.430Z | BALANCE T=627.9s T630s | Kalshi $19.1300 drawdown=-7.6300
STATUS T=630s KXBTC15M-26JUN060945-45 | yes_mid=0.2250 selected=NO selected_prob=0.7750 band=0.55-0.80 contracts=2
ORDER FILLED KXBTC15M-26JUN060945-45 NO | ask=78.0c qty=937.16 order_id=0a9c959c-fd7a-4830-aa77-e4f3f686f3d4 filled 2 at 78.0c | counts S=68 U=24 K=64
STATUS T=569.3s | K 60758.45 - 109.07 | yes_mid=0.3050 trade=filled
STATUS T=507.6s | K 60776.72 - 90.80 | yes_mid=0.3150 trade=filled
STATUS T=443.7s | K 60785.34 - 82.18 | yes_mid=0.2050 trade=filled
STATUS T=383.3s | K 60823.16 - 44.36 | yes_mid=0.3000 trade=filled
STATUS T=323.3s | K 60771.18 - 96.34 | yes_mid=0.2150 trade=filled
STATUS T=260.6s | K 60786.80 - 80.72 | yes_mid=0.2150 trade=filled
STATUS T=197.2s | K 60811.48 - 56.04 | yes_mid=0.3200 trade=filled
STATUS T=136.0s | K 60824.85 - 42.67 | yes_mid=0.1450 trade=filled
STATUS T=71.7s | K 60815.77 - 51.75 | yes_mid=0.2950 trade=filled
STATUS T=9.8s | K 60840.03 - 27.49 | yes_mid=0.0010 trade=filled orderbook=INVALID no_ask:price_missing_or_out_of_range:None
2026-06-06T13:45:06.564Z | BALANCE T=-5.7s OUTCOME | Kalshi $19.5500 drawdown=-8.0500
OUTCOME KXBTC15M-26JUN060945-45 | K price=60835.68 target=60867.52 target_source=observed_source_snapshot actual=NO trade=NO status=filled result=successful correct=1 | counts S=69 U=24 K=64

CONTRACT KXBTC15M-26JUN061000-00 | close 2026-06-06T14:00:00Z | K target 60846.04
STATUS T=873.8s | K 60839.46 - 6.58 | yes_mid=0.6350 trade=--
STATUS T=813.2s | K 60925.39 + 79.35 | yes_mid=0.7950 trade=--
STATUS T=752.2s | K 60888.54 + 42.50 | yes_mid=0.5750 trade=--
STATUS T=690.7s | K 60967.53 + 121.49 | yes_mid=0.4250 trade=--
STATUS T=628.4s | K 60773.18 - 72.86 | yes_mid=0.3150 trade=--
2026-06-06T13:49:34.492Z | BALANCE T=628.4s T630s | Kalshi $19.5500 drawdown=-8.0500
STATUS T=630s KXBTC15M-26JUN061000-00 | yes_mid=0.3150 selected=NO selected_prob=0.6850 band=0.55-0.80 contracts=2
ORDER FILLED KXBTC15M-26JUN061000-00 NO | ask=67.0c qty=415.0 order_id=2b0e6ccd-81f2-4bf4-9f1f-0c032c35f8ba filled 2 at 67.0c | counts S=69 U=24 K=64
STATUS T=567.1s | K 60775.89 - 70.15 | yes_mid=0.3550 trade=filled
STATUS T=502.9s | K 60804.41 - 41.63 | yes_mid=0.2350 trade=filled
STATUS T=440.0s | K 60771.01 - 75.03 | yes_mid=0.3450 trade=filled
STATUS T=377.6s | K 60798.62 - 47.42 | yes_mid=0.2050 trade=filled
STATUS T=316.5s | K 60760.52 - 85.52 | yes_mid=0.1650 trade=filled
STATUS T=255.0s | K 60769.23 - 76.81 | yes_mid=0.1035 trade=filled
STATUS T=193.7s | K 60770.23 - 75.81 | yes_mid=0.0755 trade=filled
STATUS T=131.0s | K 60763.88 - 82.16 | yes_mid=0.0595 trade=filled
STATUS T=67.8s | K 60785.78 - 60.26 | yes_mid=0.0215 trade=filled
STATUS T=4.1s | K 60790.77 - 55.27 | yes_mid=0.0010 trade=filled orderbook=INVALID no_ask:price_missing_or_out_of_range:None
2026-06-06T14:00:05.044Z | BALANCE T=-2.6s OUTCOME | Kalshi $20.1800 drawdown=-8.6800
OUTCOME KXBTC15M-26JUN061000-00 | K price=60800.81 target=60846.04 target_source=observed_source_snapshot actual=NO trade=NO status=filled result=successful correct=1 | counts S=70 U=24 K=64

CONTRACT KXBTC15M-26JUN061015-15 | close 2026-06-06T14:15:00Z | K target 60789.64
STATUS T=871.7s | K 60798.58 + 8.94 | yes_mid=0.4350 trade=--
STATUS T=810.4s | K 60761.10 - 28.54 | yes_mid=0.4850 trade=--
STATUS T=746.9s | K 60784.26 - 5.38 | yes_mid=0.6650 trade=--
STATUS T=684.4s | K 60799.51 + 9.87 | yes_mid=0.7650 trade=--
2026-06-06T14:04:35.688Z | BALANCE T=627.5s T630s | Kalshi $20.1800 drawdown=-8.6800
STATUS T=630s KXBTC15M-26JUN061015-15 | yes_mid=0.7300 selected=YES selected_prob=0.7300 band=0.55-0.80 contracts=2
2026-06-06T14:04:37.134Z | ORDER RETRY 1/10 YES invalid Kalshi orderbook: yes_ask:liquidity_1<2
ORDER FILLED KXBTC15M-26JUN061015-15 YES | ask=75.0c qty=375.0 order_id=c3d03b6c-6566-423f-affc-52e72d6f27b2 filled 2 at 75.0c | counts S=70 U=24 K=64
STATUS T=615.7s | K 60877.44 + 87.80 | yes_mid=0.7650 trade=filled
STATUS T=555.1s | K 60890.20 + 100.56 | yes_mid=0.8650 trade=filled
STATUS T=492.5s | K 60918.42 + 128.78 | yes_mid=0.8550 trade=filled
STATUS T=431.9s | K 60941.15 + 151.51 | yes_mid=0.8950 trade=filled
STATUS T=370.7s | K 60937.73 + 148.09 | yes_mid=0.9395 trade=filled
STATUS T=308.6s | K 60945.11 + 155.47 | yes_mid=0.9495 trade=filled
STATUS T=246.6s | K 60859.02 + 69.38 | yes_mid=0.9425 trade=filled
STATUS T=184.4s | K 60878.17 + 88.53 | yes_mid=0.9830 trade=filled
STATUS T=123.8s | K 60910.95 + 121.31 | yes_mid=0.9935 trade=filled
STATUS T=61.2s | K 60938.47 + 148.83 | yes_mid=0.9960 trade=filled
STATUS T=-4.4s | K 60881.94 + 92.30 | yes_mid=-- trade=filled orderbook=INVALID yes_ask:price_missing_or_out_of_range:None; no_ask:price_missing_or_out_of_range:None
2026-06-06T14:15:07.245Z | BALANCE T=-6.4s OUTCOME | Kalshi $20.6500 drawdown=-9.1500
OUTCOME KXBTC15M-26JUN061015-15 | K price=60870.61 target=60789.64 target_source=observed_source_snapshot actual=YES trade=YES status=filled result=successful correct=1 | counts S=71 U=24 K=64

CONTRACT KXBTC15M-26JUN061030-30 | close 2026-06-06T14:30:00Z | K target 60880.89
STATUS T=869.8s | K 60895.54 + 14.65 | yes_mid=0.5550 trade=--
STATUS T=808.2s | K 60872.05 - 8.84 | yes_mid=0.5650 trade=--
STATUS T=747.0s | K 60874.98 - 5.91 | yes_mid=0.4450 trade=--
STATUS T=683.0s | K 60860.58 - 20.31 | yes_mid=0.6050 trade=--
2026-06-06T14:19:36.812Z | BALANCE T=626.3s T630s | Kalshi $20.6500 drawdown=-9.1500
STATUS T=630s KXBTC15M-26JUN061030-30 | yes_mid=0.6650 selected=YES selected_prob=0.6650 band=0.55-0.80 contracts=2
2026-06-06T14:19:40.177Z | ORDER RETRY 1/10 YES post error RuntimeError: POST /portfolio/orders failed: HTTP 409 {"error":{"code":"fill_or_kill_insufficient_resting_volume","message":"fill or kill insufficient resting volume"}}
2026-06-06T14:19:44.494Z | ORDER RETRY 2/10 YES post error RuntimeError: POST /portfolio/orders failed: HTTP 409 {"error":{"code":"fill_or_kill_insufficient_resting_volume","message":"fill or kill insufficient resting volume"}}
ORDER FILLED KXBTC15M-26JUN061030-30 YES | ask=74.0c qty=2394.0 order_id=e39d6659-cb69-4265-ba66-95d2b1a1296a filled 2 at 74.0c | counts S=71 U=24 K=64
STATUS T=607.5s | K 60918.60 + 37.71 | yes_mid=0.7350 trade=filled
STATUS T=545.8s | K 60970.80 + 89.91 | yes_mid=0.7850 trade=filled
STATUS T=485.1s | K 60980.99 + 100.10 | yes_mid=0.7850 trade=filled
STATUS T=422.3s | K 60953.06 + 72.17 | yes_mid=0.8250 trade=filled
STATUS T=357.1s | K 60929.62 + 48.73 | yes_mid=0.3650 trade=filled
STATUS T=295.4s | K 60892.34 + 11.45 | yes_mid=0.4450 trade=filled
STATUS T=231.4s | K 60853.60 - 27.29 | yes_mid=0.1450 trade=filled
STATUS T=168.5s | K 60849.59 - 31.30 | yes_mid=0.0915 trade=filled
STATUS T=107.3s | K 60809.25 - 71.64 | yes_mid=0.2450 trade=filled
STATUS T=46.7s | K 60844.59 - 36.30 | yes_mid=0.0070 trade=filled
2026-06-06T14:30:07.858Z | BALANCE T=-6.9s OUTCOME | Kalshi $19.1500 drawdown=-7.6500
OUTCOME KXBTC15M-26JUN061030-30 | K price=60831.31 target=60880.89 target_source=observed_source_snapshot actual=NO trade=YES status=filled result=unsuccessful correct=0 | counts S=71 U=25 K=64

CONTRACT KXBTC15M-26JUN061045-45 | close 2026-06-06T14:45:00Z | K target 60844.17
STATUS T=864.3s | K 60836.65 - 7.52 | yes_mid=0.4950 trade=--
STATUS T=801.8s | K 60860.04 + 15.87 | yes_mid=0.4950 trade=--
STATUS T=740.5s | K 60842.45 - 1.72 | yes_mid=0.7250 trade=--
STATUS T=677.5s | K 60931.00 + 86.83 | yes_mid=0.7450 trade=--
2026-06-06T14:34:33.141Z | BALANCE T=629.2s T630s | Kalshi $19.1500 drawdown=-7.6500
STATUS T=630s KXBTC15M-26JUN061045-45 | yes_mid=0.7050 selected=YES selected_prob=0.7050 band=0.55-0.80 contracts=2
ORDER FILLED KXBTC15M-26JUN061045-45 YES | ask=69.0c qty=5.79 order_id=5b675f4f-cfd3-41f8-93a2-1d0ac0449a60 filled 2 at 69.0c | counts S=71 U=25 K=64
STATUS T=615.4s | K 60939.51 + 95.34 | yes_mid=0.7350 trade=filled
STATUS T=552.3s | K 60887.76 + 43.59 | yes_mid=0.7900 trade=filled
STATUS T=491.1s | K 60911.97 + 67.80 | yes_mid=0.8750 trade=filled
STATUS T=430.3s | K 60954.81 + 110.64 | yes_mid=0.8250 trade=filled
STATUS T=367.8s | K 60949.08 + 104.91 | yes_mid=0.8250 trade=filled
STATUS T=306.2s | K 60900.82 + 56.65 | yes_mid=0.8850 trade=filled
STATUS T=244.1s | K 60934.22 + 90.05 | yes_mid=0.7650 trade=filled
STATUS T=180.8s | K 60886.31 + 42.14 | yes_mid=0.9455 trade=filled
