tree
version=v4
num_class=3
num_tree_per_iteration=3
label_index=0
max_feature_idx=14
feature_names=Column_0 Column_1 Column_2 Column_3 Column_4 Column_5 Column_6 Column_7 Column_8 Column_9 Column_10 Column_11 Column_12 Column_13 Column_14
feature_infos=[0.0094999999999999998:0.98950000000000005] [-3.3033352025506835:3.2588783717365941] [0:0.33914388744143525] [-0.63:0.72999999999999998] [3.870992655870154:10.006925521284424] [-0.9972946821566705:0.99300597406201208] [0:0.85643286329735235] [-2.2638052036267062:2.6468219716478907] [-0.99705426804157715:0.97566919786204076] [-0.99678235923855918:0.98570060014843441] [-0.9967254960533718:0.97515111640995744] [-0.99705426804157715:0.97566919786204076] [-0.99678235923855918:0.98570060014843441] [-0.9967254960533718:0.97515111640995744] [-1.4873744045447341:1.33280123648182]
tree_sizes=836 834 944 833 718 941 833 832 938 834 945 941 833 830 945 831 833 944 832 831 941 835 833 944 836 833 944 948 834 945 833 832 946 832 720 941 835 833 944 834 828 945 831 832 943 949 834 944 833 834 945 831 830 940 833 832 944 832 833 942 834 835 943 829 715 937 832 833 944 834 832 943 833 834 945 835 831 946 833 834 944 835 830 945 830 832 947 832 835 939 831 834 950 832 836 945 831 832 947 829 832 946 834 835 943 835 836 943 832 835 939 835 835 831 831 833 944 832 836 942 834 831 833 835 835 940 950 833 947 833 831 940 833 834 948 836 944 947 834 835 949 831 832 946 836 834 946 830 835 946 832 833 945 832 833 945 835 834 942 832 835 948 832 834 945 833 950 940 832 834 941 831 836 946 835 946 943 834 835 942 836 832 945 831 835 947 834 833 944 834 948 831 835 833 942 831 834 947 833 834 945 831 833 946 834 834 945 834 834 949 833 838 944 832 721 946 835 948 950 833 834 945 836 837 943 835 831 947 830 835 946 953 833 949 834 831 943 831 833 831

Tree=0
num_leaves=6
num_cat=0
split_feature=12 2 3 0 14
split_gain=0.000135511 3.85828e-05 3.22099e-05 2.05863e-05 1.24838e-05
threshold=0.052992583492696609 0.028398943936087433 -0.43499999999999989 0.72000000000000008 0.60397828058749026
decision_type=2 2 2 2 2
left_child=2 -2 -1 -4 -3
right_child=1 4 3 -5 -6
leaf_value=9.8953562099676266e-05 -0.00011253089121065328 0.00062319159679610628 -0.00063111819750056935 4.2393124705919337e-05 -3.2014386663770245e-05
leaf_weight=0.012866584584116936 0.017407732084393501 0.071144644170999527 0.054493770003318787 0.053736912086606026 0.012866584584116936
leaf_count=17 23 94 72 71 17
internal_value=-8.74889e-12 0.000472674 -0.000464377 -0.000560207 0.000585881
internal_weight=0.222516 0.101419 0.121097 0.108231 0.0840112
internal_count=294 134 160 143 111
is_linear=0
shrinkage=0.06


Tree=1
num_leaves=6
num_cat=0
split_feature=8 6 8 5 1
split_gain=0.000152606 7.34638e-05 3.87877e-05 2.76931e-05 1.29827e-05
threshold=-0.19840434561123718 0.66604340695691822 0.77814371518675507 -0.89919053703901541 -0.9953194331754891
decision_type=2 2 2 2 2
left_child=3 2 -2 -1 -3
right_child=1 4 -4 -5 -6
leaf_value=7.7159602837906206e-05 0.00076298741431775504 -0.00026999546057761449 -8.5904518307123535e-05 -0.00059229207430143199 8.3367842072806724e-05
leaf_weight=0.022705737501382828 0.084768086671829224 0.012866584584116936 0.013623442500829697 0.065846638754010201 0.022705737501382828
leaf_count=30 112 17 18 87 30
internal_value=5.22255e-12 0.000487124 0.000674249 -0.000507445 -0.000181744
internal_weight=0.222516 0.133964 0.0983915 0.0885524 0.0355723
internal_count=294 177 130 117 47
is_linear=0
shrinkage=0.06


Tree=2
num_leaves=7
num_cat=0
split_feature=0 4 3 9 8 14
split_gain=4.60989e-05 4.12836e-05 2.03044e-05 1.93689e-05 1.76147e-05 7.35123e-06
threshold=0.57000000000000017 6.9988669136307529 -0.39749999999999991 0.21499004871948338 -0.69510229305113158 0.6682742947278143
decision_type=2 2 2 2 2 2
left_child=2 5 3 -1 -4 -2
right_child=1 -3 4 -5 -6 -7
leaf_value=-0.00014441040054819873 0.00046779941270684512 -0.00016180448224842732 6.9229674364426738e-05 0.00023613498227059097 -0.00043884402093167894 -2.4052886073916154e-05
leaf_weight=0.018921447917819023 0.056764343753457069 0.027246885001659393 0.012109726667404175 0.022705737501382828 0.066603496670722961 0.018164590001106262
leaf_count=25 75 36 16 30 88 24
internal_value=-1.24984e-12 0.000275501 -0.000271034 9.0583e-05 -0.000368962 0.000437112
internal_weight=0.222516 0.102176 0.12034 0.0416272 0.0787132 0.0749289
internal_count=294 135 159 55 104 99
is_linear=0
shrinkage=0.06


Tree=3
num_leaves=6
num_cat=0
split_feature=12 2 3 0 14
split_gain=0.000135505 3.86002e-05 3.22177e-05 2.05792e-05 1.24864e-05
threshold=0.052992583492696609 0.028398943936087433 -0.43499999999999989 0.72000000000000008 0.60397828058749026
decision_type=2 2 2 2 2
left_child=2 -2 -1 -4 -3
right_child=1 4 3 -5 -6
leaf_value=9.8976173681443585e-05 -0.00011257676788729023 0.00062322863192977183 -0.00063111018743277681 4.2373836932663698e-05 -3.2019207770170385e-05
leaf_weight=0.012866115372162312 0.017408035695552826 0.071145018911920488 0.054492626572027802 0.053737321111839265 0.012867090001236647
leaf_count=17 23 94 72 71 17
internal_value=1.16057e-12 0.000472663 -0.000464367 -0.000560218 0.000585913
internal_weight=0.222516 0.10142 0.121096 0.10823 0.0840121
internal_count=294 134 160 143 111
is_linear=0
shrinkage=0.06


Tree=4
num_leaves=5
num_cat=0
split_feature=8 0 8 5
split_gain=0.000152573 5.56665e-05 3.5482e-05 2.77021e-05
threshold=-0.19840434561123718 0.030000000000000006 0.77814371518675507 -0.89919053703901541
decision_type=2 2 2 2
left_child=3 -2 -3 -1
right_child=1 2 -4 -5
leaf_value=7.7190769147775213e-05 -0.0001512158051070311 0.00071799932512204461 -8.2243500242802007e-05 -0.00059226682734731873
leaf_weight=0.022704977134708315 0.01665142981801182 0.099905084818601608 0.017408220912329853 0.065846494340803474
leaf_count=30 22 132 23 87
internal_value=-5.71356e-12 0.000487072 0.000631923 -0.000507392
internal_weight=0.222516 0.133965 0.117313 0.0885515
internal_count=294 177 155 117
is_linear=0
shrinkage=0.06


Tree=5
num_leaves=7
num_cat=0
split_feature=0 4 3 12 8 14
split_gain=4.61096e-05 4.1298e-05 2.03093e-05 1.93724e-05 1.76143e-05 7.35183e-06
threshold=0.57000000000000017 6.9988669136307529 -0.39749999999999991 0.21499004871948338 -0.69510229305113158 0.6682742947278143
decision_type=2 2 2 2 2 2
left_child=2 5 3 -1 -4 -2
right_child=1 -3 4 -5 -6 -7
leaf_value=-0.00014442255965215869 0.0004678624703576924 -0.00016183754644797963 6.9221629143615399e-05 0.00023615864900366676 -0.00043888056229840917 -2.4050820697753909e-05
leaf_weight=0.018921520852018148 0.056765164597891271 0.027246281446423382 0.012109940755181015 0.022705488430801779 0.066603235725779086 0.01816457393579185
leaf_count=25 75 36 16 30 88 24
internal_value=1.02889e-11 0.000275533 -0.000271066 9.05943e-05 -0.000369006 0.000437176
internal_weight=0.222516 0.102176 0.12034 0.041627 0.0787132 0.0749297
internal_count=294 135 159 55 104 99
is_linear=0
shrinkage=0.06


Tree=6
num_leaves=6
num_cat=0
split_feature=9 2 3 0 14
split_gain=0.000135514 3.86177e-05 3.22269e-05 2.05636e-05 1.24883e-05
threshold=0.052992583492696609 0.028398943936087433 -0.43499999999999989 0.72000000000000008 0.60397828058749026
decision_type=2 2 2 2 2
left_child=2 -2 -1 -4 -3
right_child=1 4 3 -5 -6
leaf_value=9.8998785201881274e-05 -0.00011261835553109038 0.00062328496705480959 -0.00063110449305937269 4.2330133833748462e-05 -3.202108000791371e-05
leaf_weight=0.012865682831034064 0.017408347106538713 0.071145436551887542 0.054491355665959418 0.053738061396870762 0.012867284996900707
leaf_count=17 23 94 72 71 17
internal_value=1.38375e-12 0.000472677 -0.000464382 -0.000560253 0.000585967
internal_weight=0.222516 0.101421 0.121095 0.108229 0.0840127
internal_count=294 134 160 143 111
is_linear=0
shrinkage=0.06


Tree=7
num_leaves=6
num_cat=0
split_feature=8 6 8 5 1
split_gain=0.000152547 7.34288e-05 3.87917e-05 2.77116e-05 1.29862e-05
threshold=-0.19840434561123718 0.66604340695691822 0.77814371518675507 -0.89919053703901541 -0.9953194331754891
decision_type=2 2 2 2 2
left_child=3 2 -2 -1 -3
right_child=1 4 -4 -5 -6
leaf_value=7.7222081978742778e-05 0.00076286606142120738 -0.0002699750201904584 -8.5928494549558499e-05 -0.00059225143785800779 8.339749782379834e-05
leaf_weight=0.022703811060637236 0.084766486485023052 0.012868924939539284 0.013625026331283152 0.065846845216583461 0.022705074166879058
leaf_count=30 112 17 18 87 30
internal_value=-7.18659e-12 0.000487029 0.000674106 -0.000507348 -0.000181695
internal_weight=0.222516 0.133966 0.0983915 0.0885507 0.035574
internal_count=294 177 130 117 47
is_linear=0
shrinkage=0.06


Tree=8
num_leaves=7
num_cat=0
split_feature=0 4 3 9 8 14
split_gain=4.61181e-05 4.13109e-05 2.03151e-05 1.93766e-05 1.76135e-05 7.35618e-06
threshold=0.57000000000000017 6.9988669136307529 -0.39749999999999991 0.21499004871948338 -0.69510229305113158 0.6682742947278143
decision_type=2 2 2 2 2 2
left_child=2 5 3 -1 -4 -2
right_child=1 -3 4 -5 -6 -7
leaf_value=-0.00014443550840437973 0.0004679298348169119 -0.00016186822314004923 6.9212882238662985e-05 0.00023618797435047555 -0.0004389141568792786 -2.4062824627370794e-05
leaf_weight=0.01892137189861387 0.056766061461530626 0.02724551415303722 0.01211006281664595 0.022705106879584491 0.066603359126020223 0.018164689419791102
leaf_count=25 75 36 16 30 88 24
internal_value=4.73154e-12 0.000275559 -0.000271091 9.06104e-05 -0.000369047 0.00043723
internal_weight=0.222516 0.102176 0.12034 0.0416265 0.0787134 0.0749308
internal_count=294 135 159 55 104 99
is_linear=0
shrinkage=0.06


Tree=9
num_leaves=6
num_cat=0
split_feature=9 2 3 0 14
split_gain=0.000135507 3.8635e-05 3.22346e-05 2.05565e-05 1.24908e-05
threshold=0.052992583492696609 0.028398943936087433 -0.43499999999999989 0.72000000000000008 0.60397828058749026
decision_type=2 2 2 2 2
left_child=2 -2 -1 -4 -3
right_child=1 4 3 -5 -6
leaf_value=9.9021377509208246e-05 -0.00011266417274737063 0.00062332177174307182 -0.00063109628988179429 4.2310829397690264e-05 -3.2025898732894196e-05
leaf_weight=0.012865211698226631 0.017408646643161774 0.071145793190225959 0.054490199952851981 0.053738462214823812 0.012867788842413574
leaf_count=17 23 94 72 71 17
internal_value=-5.93675e-12 0.000472666 -0.000464372 -0.000560264 0.000585999
internal_weight=0.222516 0.101422 0.121094 0.108229 0.0840136
internal_count=294 134 160 143 111
is_linear=0
shrinkage=0.06


Tree=10
num_leaves=7
num_cat=0
split_feature=8 6 8 9 1 2
split_gain=0.000152514 7.34105e-05 3.87918e-05 1.64727e-05 1.29883e-05 1.26761e-05
threshold=-0.19840434561123718 0.66604340695691822 0.77814371518675507 0.079556252921495763 -0.9953194331754891 0.1124041590956464
decision_type=2 2 2 2 2 2
left_child=3 2 -2 5 -3 -1
right_child=1 4 -4 -5 -6 -7
leaf_value=-0.00060270655171305182 0.00076279661044998065 -0.00026996658777649827 -8.5937151396722958e-05 4.8994120539470799e-05 8.3414587891066406e-05 3.0650643177939788e-05
leaf_weight=0.05070951662492007 0.08476587082259357 0.012869946367572993 0.013625708408653736 0.013620904239360243 0.022704844188410789 0.024219310958869755
leaf_count=67 112 17 18 18 30 32
internal_value=1.55784e-11 0.000486977 0.000674029 -0.000507294 -0.00018167 -0.000559922
internal_weight=0.222516 0.133966 0.0983916 0.0885497 0.0355748 0.0749288
internal_count=294 177 130 117 47 99
is_linear=0
shrinkage=0.06


Tree=11
num_leaves=7
num_cat=0
split_feature=0 4 3 9 8 14
split_gain=4.61287e-05 4.13253e-05 2.032e-05 1.93801e-05 1.7613e-05 7.35677e-06
threshold=0.57000000000000017 6.9988669136307529 -0.39749999999999991 0.21499004871948338 -0.69510229305113158 0.6682742947278143
decision_type=2 2 2 2 2 2
left_child=2 5 3 -1 -4 -2
right_child=1 -3 4 -5 -6 -7
leaf_value=-0.00014444765596484556 0.00046799267193961617 -0.00016190122577492685 6.9204800593714489e-05 0.00023621159268487308 -0.00043895049675838564 -2.4060742955693034e-05
leaf_weight=0.018921440874692053 0.056766869209241122 0.027244905359111726 0.012110274285078049 0.022704852395690978 0.066603082348592579 0.018164668930694461
leaf_count=25 75 36 16 30 88 24
internal_value=6.67326e-12 0.00027559 -0.000271122 9.06217e-05 -0.000369091 0.000437294
internal_weight=0.222516 0.102176 0.12034 0.0416263 0.0787134 0.0749315
internal_count=294 135 159 55 104 99
is_linear=0
shrinkage=0.06


Tree=12
num_leaves=6
num_cat=0
split_feature=9 2 3 0 14
split_gain=0.000135512 3.86492e-05 3.22413e-05 2.05467e-05 1.24923e-05
threshold=0.052992583492696609 0.028398943936087433 -0.43499999999999989 0.72000000000000008 0.60397828058749026
decision_type=2 2 2 2 2
left_child=2 -2 -1 -4 -3
right_child=1 4 3 -5 -6
leaf_value=9.9038207281546863e-05 -0.00011269871749915006 0.00062336423545495106 -0.00063109342382590915 4.2283205752567566e-05 -3.2027241297444953e-05
leaf_weight=0.012864561751484871 0.017408979474566877 0.07114564609946683 0.054489766305778176 0.053738675836939365 0.012868382909800857
leaf_count=17 23 94 72 71 17
internal_value=1.74085e-12 0.000472674 -0.000464381 -0.000560287 0.000586039
internal_weight=0.222516 0.101423 0.121093 0.108228 0.084014
internal_count=294 134 160 143 111
is_linear=0
shrinkage=0.06


Tree=13
num_leaves=6
num_cat=0
split_feature=8 6 8 5 1
split_gain=0.000152488 7.33973e-05 3.87917e-05 2.77308e-05 1.29907e-05
threshold=-0.19840434561123718 0.66604340695691822 0.77814371518675507 -0.89919053703901541 -0.9953194331754891
decision_type=2 2 2 2 2
left_child=3 2 -2 -1 -3
right_child=1 4 -4 -5 -6
leaf_value=7.7286143609546176e-05 0.00076274342153111435 -0.00026996528467129272 -8.5943310937133978e-05 -0.00059221287147296047 8.343074121497421e-05
leaf_weight=0.022702363785356283 0.084764672268647701 0.012870962906163186 0.013626377156469971 0.06584719498641789 0.0227044434286654
leaf_count=30 112 17 18 87 30
internal_value=-2.81214e-12 0.000486935 0.00067397 -0.000507251 -0.000181653
internal_weight=0.222516 0.133966 0.098391 0.0885496 0.0355754
internal_count=294 177 130 117 47
is_linear=0
shrinkage=0.06


Tree=14
num_leaves=7
num_cat=0
split_feature=0 4 3 9 8 14
split_gain=4.61329e-05 4.13352e-05 2.03288e-05 1.9381e-05 1.76129e-05 7.35834e-06
threshold=0.57000000000000017 6.9988669136307529 -0.39749999999999991 0.21499004871948338 -0.69510229305113158 0.6682742947278143
decision_type=2 2 2 2 2 2
left_child=2 5 3 -1 -4 -2
right_child=1 -3 4 -5 -6 -7
leaf_value=-0.00014443951531989684 0.00046803282239431005 -0.00016192692226280801 6.9197995044181987e-05 0.00023623474270988227 -0.00043898719556203846 -2.4063874890441286e-05
leaf_weight=0.018921772425528616 0.056768385751638561 0.02724414219846949 0.012110407813452184 0.022704353730659932 0.066601872444152832 0.018165063869673759
leaf_count=25 75 36 16 30 88 24
internal_value=-7.96774e-12 0.000275602 -0.000271135 9.06522e-05 -0.000369133 0.000437331
internal_weight=0.222516 0.102178 0.120338 0.0416261 0.0787123 0.0749334
internal_count=294 135 159 55 104 99
is_linear=0
shrinkage=0.06


Tree=15
num_leaves=6
num_cat=0
split_feature=9 2 3 0 14
split_gain=0.000135506 3.86665e-05 3.2249e-05 2.05396e-05 1.24948e-05
threshold=0.052992583492696609 0.028398943936087433 -0.43499999999999989 0.72000000000000008 0.60397828058749026
decision_type=2 2 2 2 2
left_child=2 -2 -1 -4 -3
right_child=1 4 3 -5 -6
leaf_value=9.9060779783676029e-05 -0.00011274447047504731 0.00062340082585585124 -0.00063108503178448681 4.226390820416799e-05 -3.2032059116154904e-05
leaf_weight=0.012864088639616966 0.017409274529200047 0.071145983005408198 0.054488596331793815 0.053739067050628364 0.012868884485214949
leaf_count=17 23 94 72 71 17
internal_value=1.04897e-11 0.000472662 -0.00046437 -0.000560297 0.00058607
internal_weight=0.222516 0.101424 0.121092 0.108228 0.0840149
internal_count=294 134 160 143 111
is_linear=0
shrinkage=0.06


Tree=16
num_leaves=6
num_cat=0
split_feature=8 6 8 5 1
split_gain=0.000152456 7.3379e-05 3.87918e-05 2.77398e-05 1.29928e-05
threshold=-0.19840434561123718 0.66604340695691822 0.77814371518675507 -0.89919053703901541 -0.9953194331754891
decision_type=2 2 2 2 2
left_child=3 2 -2 -1 -3
right_child=1 4 -4 -5 -6
leaf_value=7.7317256736470454e-05 0.0007626738790833267 -0.00026995685365075882 -8.5951946602117333e-05 -0.00059218739367812036 8.344782106808531e-05
leaf_weight=0.022701593115925789 0.084764037339482456 0.012871982238721102 0.013627056730911136 0.065847019315697253 0.022704206756316125
leaf_count=30 112 17 18 87 30
internal_value=-4.10662e-12 0.000486882 0.000673893 -0.000507197 -0.000181628
internal_weight=0.222516 0.133967 0.0983911 0.0885486 0.0355762
internal_count=294 177 130 117 47
is_linear=0
shrinkage=0.06


Tree=17
num_leaves=7
num_cat=0
split_feature=0 4 3 9 8 14
split_gain=4.61435e-05 4.13495e-05 2.03337e-05 1.93845e-05 1.76124e-05 7.35891e-06
threshold=0.57000000000000017 6.9988669136307529 -0.39749999999999991 0.21499004871948338 -0.69510229305113158 0.6682742947278143
decision_type=2 2 2 2 2 2
left_child=2 5 3 -1 -4 -2
right_child=1 -3 4 -5 -6 -7
leaf_value=-0.00014445165025756224 0.00046809543812457142 -0.00016195986099701306 6.9189877302190805e-05 0.00023625830703342726 -0.00043902333442969311 -2.40617661096534e-05
leaf_weight=0.018921837094239891 0.056769178947433829 0.027243527467362583 0.012110616604331881 0.022704092727508396 0.066601577738765627 0.01816503843292594
leaf_count=25 75 36 16 30 88 24
internal_value=-9.17294e-12 0.000275634 -0.000271166 9.06634e-05 -0.000369176 0.000437394
internal_weight=0.222516 0.102178 0.120338 0.0416259 0.0787122 0.0749342
internal_count=294 135 159 55 104 99
is_linear=0
shrinkage=0.06


Tree=18
num_leaves=6
num_cat=0
split_feature=9 2 3 0 14
split_gain=0.000135499 3.86838e-05 3.22567e-05 2.05325e-05 1.24974e-05
threshold=0.052992583492696609 0.028398943936087433 -0.43499999999999989 0.72000000000000008 0.60397828058749026
decision_type=2 2 2 2 2
left_child=2 -2 -1 -4 -3
right_child=1 4 3 -5 -6
leaf_value=9.9083338951617357e-05 -0.00011279020822247757 0.0006234373030677996 -0.00063107653433512264 4.2244604886862235e-05 -3.2036876205282256e-05
leaf_weight=0.012863614363595843 0.017409567371942103 0.071146308386232704 0.054487418965436518 0.053739452676381916 0.012869385129306465
leaf_count=17 23 94 72 71 17
internal_value=6.07066e-12 0.000472651 -0.00046436 -0.000560307 0.000586102
internal_weight=0.222516 0.101425 0.12109 0.108227 0.0840157
internal_count=294 134 160 143 111
is_linear=0
shrinkage=0.06


Tree=19
num_leaves=6
num_cat=0
split_feature=8 6 8 5 1
split_gain=0.000152423 7.33607e-05 3.87919e-05 2.77488e-05 1.2995e-05
threshold=-0.19840434561123718 0.66604340695691822 0.77814371518675507 -0.89919053703901541 -0.9953194331754891
decision_type=2 2 2 2 2
left_child=3 2 -2 -1 -3
right_child=1 4 -4 -5 -6
leaf_value=7.734835995655712e-05 0.00076260428700208524 -0.00026994844033660382 -8.5960565156338866e-05 -0.00059216184835272543 8.3464889188419346e-05
leaf_weight=0.022700819303281605 0.084763392107561231 0.012873000290710479 0.013627734791953117 0.065846834506373852 0.02270396618405357
leaf_count=30 112 17 18 87 30
internal_value=-1.12039e-11 0.00048683 0.000673816 -0.000507143 -0.000181603
internal_weight=0.222516 0.133968 0.0983911 0.0885477 0.035577
internal_count=294 177 130 117 47
is_linear=0
shrinkage=0.06


Tree=20
num_leaves=7
num_cat=0
split_feature=0 4 3 9 8 14
split_gain=4.61541e-05 4.13638e-05 2.03386e-05 1.93881e-05 1.76119e-05 7.35949e-06
threshold=0.57000000000000017 6.9988669136307529 -0.39749999999999991 0.21499004871948338 -0.69510229305113158 0.6682742947278143
decision_type=2 2 2 2 2 2
left_child=2 5 3 -1 -4 -2
right_child=1 -3 4 -5 -6 -7
leaf_value=-0.000144463768682535 0.00046815794095249482 -0.0001619927668411493 6.9181734623578278e-05 0.00023628186102401204 -0.00043905937403650262 -2.4059646896822887e-05
leaf_weight=0.01892189885256812 0.056769963703118265 0.027242910000495613 0.012110823474358767 0.022703828231897205 0.066601272905245423 0.018165009911172092
leaf_count=25 75 36 16 30 88 24
internal_value=-6.69558e-14 0.000275666 -0.000271197 9.06747e-05 -0.00036922 0.000437458
internal_weight=0.222516 0.102178 0.120338 0.0416257 0.0787121 0.074935
internal_count=294 135 159 55 104 99
is_linear=0
shrinkage=0.06


Tree=21
num_leaves=6
num_cat=0
split_feature=9 2 3 0 14
split_gain=0.000135493 3.87011e-05 3.22644e-05 2.05253e-05 1.24999e-05
threshold=0.052992583492696609 0.028398943936087433 -0.43499999999999989 0.72000000000000008 0.60397828058749026
decision_type=2 2 2 2 2
left_child=2 -2 -1 -4 -3
right_child=1 4 3 -5 -6
leaf_value=9.9105890340421256e-05 -0.00011283591436790344 0.00062347367132325777 -0.00063106795114028233 4.2225284016784493e-05 -3.2041694506229558e-05
leaf_weight=0.012863138865213841 0.017409857653547078 0.071146624162793159 0.054486234555952251 0.053739833412691951 0.012869884783867747
leaf_count=17 23 94 72 71 17
internal_value=-1.74531e-11 0.000472639 -0.00046435 -0.000560317 0.000586133
internal_weight=0.222516 0.101426 0.121089 0.108226 0.0840165
internal_count=294 134 160 143 111
is_linear=0
shrinkage=0.06


Tree=22
num_leaves=6
num_cat=0
split_feature=8 6 8 5 1
split_gain=0.00015239 7.33424e-05 3.87919e-05 2.77577e-05 1.29971e-05
threshold=-0.19840434561123718 0.66604340695691822 0.77814371518675507 -0.89919053703901541 -0.9953194331754891
decision_type=2 2 2 2 2
left_child=3 2 -2 -1 -3
right_child=1 4 -4 -5 -6
leaf_value=7.7379443639126065e-05 0.00076253468253026791 -0.00026994000463676318 -8.5969182716108956e-05 -0.00059213624870257193 8.3481941880189737e-05
leaf_weight=0.022700042696669698 0.084762736689299345 0.012874017294961959 0.01362841174704954 0.065846641024108976 0.022703721886500716
leaf_count=30 112 17 18 87 30
internal_value=5.93675e-12 0.000486777 0.000673738 -0.000507089 -0.000181578
internal_weight=0.222516 0.133969 0.0983911 0.0885467 0.0355777
internal_count=294 177 130 117 47
is_linear=0
shrinkage=0.06


Tree=23
num_leaves=7
num_cat=0
split_feature=0 4 3 9 8 14
split_gain=4.61647e-05 4.13781e-05 2.03435e-05 1.93917e-05 1.76113e-05 7.36005e-06
threshold=0.57000000000000017 6.9988669136307529 -0.39749999999999991 0.21499004871948338 -0.69510229305113158 0.6682742947278143
decision_type=2 2 2 2 2 2
left_child=2 5 3 -1 -4 -2
right_child=1 -3 4 -5 -6 -7
leaf_value=-0.00014447589198846091 0.00046822033534690805 -0.00016202564143696414 6.9173573662157541e-05 0.00023630538223105263 -0.0004390953070098865 -2.4057517082889182e-05
leaf_weight=0.018921958282589912 0.056770740775391459 0.02724228915758431 0.012111028889194131 0.022703560418449342 0.066600958642084152 0.018164978653658181
leaf_count=25 75 36 16 30 88 24
internal_value=-2.58896e-12 0.000275697 -0.000271228 9.06859e-05 -0.000369263 0.000437521
internal_weight=0.222516 0.102178 0.120338 0.0416255 0.078712 0.0749357
internal_count=294 135 159 55 104 99
is_linear=0
shrinkage=0.06


Tree=24
num_leaves=6
num_cat=0
split_feature=9 2 3 0 14
split_gain=0.000135487 3.87184e-05 3.22721e-05 2.05182e-05 1.25024e-05
threshold=0.052992583492696609 0.028398943936087433 -0.43499999999999989 0.72000000000000008 0.60397828058749026
decision_type=2 2 2 2 2
left_child=2 -2 -1 -4 -3
right_child=1 4 3 -5 -6
leaf_value=9.9128429688203587e-05 -0.00011288158657952205 0.00062350992724337579 -0.00063105925111562743 4.2205978673701168e-05 -3.2046513272107912e-05
leaf_weight=0.012862662202678621 0.017410145606845617 0.071146929927635938 0.054485042986925691 0.053740209550596774 0.012870383216068149
leaf_count=17 23 94 72 71 17
internal_value=-8.83817e-12 0.000472628 -0.000464339 -0.000560327 0.000586164
internal_weight=0.222515 0.101427 0.121088 0.108225 0.0840173
internal_count=294 134 160 143 111
is_linear=0
shrinkage=0.06


Tree=25
num_leaves=6
num_cat=0
split_feature=8 6 8 5 1
split_gain=0.000152358 7.33241e-05 3.8792e-05 2.77667e-05 1.29993e-05
threshold=-0.19840434561123718 0.66604340695691822 0.77814371518675507 -0.89919053703901541 -0.9953194331754891
decision_type=2 2 2 2 2
left_child=3 2 -2 -1 -3
right_child=1 4 -4 -5 -6
leaf_value=7.7410517166668925e-05 0.00076246502583255293 -0.00026993158640402527 -8.5977777987109082e-05 -0.00059211060566461077 8.3498985629518072e-05
leaf_weight=0.022699263412505388 0.084762072074227035 0.012875033309683204 0.013629087305162102 0.065846438810694963 0.022703474154695868
leaf_count=30 112 17 18 87 30
internal_value=1.02666e-12 0.000486725 0.000673661 -0.000507035 -0.000181553
internal_weight=0.222515 0.13397 0.0983912 0.0885457 0.0355785
internal_count=294 177 130 117 47
is_linear=0
shrinkage=0.06


Tree=26
num_leaves=7
num_cat=0
split_feature=0 4 3 9 11 14
split_gain=4.61753e-05 4.13924e-05 2.03483e-05 1.93952e-05 1.76108e-05 7.36061e-06
threshold=0.57000000000000017 6.9988669136307529 -0.39749999999999991 0.21499004871948338 -0.69510229305113158 0.6682742947278143
decision_type=2 2 2 2 2 2
left_child=2 5 3 -1 -4 -2
right_child=1 -3 4 -5 -6 -7
leaf_value=-0.00014448800042543707 0.00046828260357179832 -0.0001620584836396284 6.9165392750465104e-05 0.00023632888560807467 -0.00043913113763244943 -2.4055373823114549e-05
leaf_weight=0.018922015675343573 0.056771510338876396 0.027241665462497622 0.012111232790630311 0.02270328946178779 0.066600635298527777 0.018164944835007191
leaf_count=25 75 36 16 30 88 24
internal_value=-5.02169e-12 0.000275729 -0.00027126 9.0697e-05 -0.000369306 0.000437584
internal_weight=0.222515 0.102178 0.120337 0.0416253 0.0787119 0.0749365
internal_count=294 135 159 55 104 99
is_linear=0
shrinkage=0.06


Tree=27
num_leaves=7
num_cat=0
split_feature=9 2 10 14 5 0
split_gain=0.00013548 3.87356e-05 2.88531e-05 1.2505e-05 4.31589e-06 1.59956e-06
threshold=0.052992583492696609 0.028398943936087433 -0.48116226519365718 0.60397828058749026 -0.86789813288307682 0.66000000000000014
decision_type=2 2 2 2 2 2
left_child=2 -2 5 -3 -4 -1
right_child=1 3 4 -5 -6 -7
leaf_value=-2.5326578341798644e-05 -0.00011292722646029074 0.00062354607675429736 9.6624221376348725e-06 -3.2051328884015875e-05 -0.00057393773482091598 0.00010987436546977837
leaf_weight=0.015132684609852731 0.017410431290045381 0.071147224516607821 0.013616488082334399 0.012870880716945976 0.074170602601952851 0.01816683285869658
leaf_count=20 23 94 18 17 98 24
internal_value=-1.02666e-12 0.000472616 -0.000464328 0.000586195 -0.00055775 8.3384e-05
internal_weight=0.222515 0.101429 0.121087 0.0840181 0.0877871 0.0332995
internal_count=294 134 160 111 116 44
is_linear=0
shrinkage=0.06


Tree=28
num_leaves=6
num_cat=0
split_feature=8 6 8 5 1
split_gain=0.000152325 7.33058e-05 3.87921e-05 2.77756e-05 1.30014e-05
threshold=-0.19840434561123718 0.66604340695691822 0.77814371518675507 -0.89919053703901541 -0.9953194331754891
decision_type=2 2 2 2 2
left_child=3 2 -2 -1 -3
right_child=1 4 -4 -5 -6
leaf_value=7.7441568044229743e-05 0.00076239533238692378 -0.00026992317396356993 -8.5986376095976722e-05 -0.00059208487969680031 8.3516022152469791e-05
leaf_weight=0.022698480868712068 0.084761395992245525 0.012876047869212925 0.013629761640913785 0.065846227342262864 0.022703222231939435
leaf_count=30 112 17 18 87 30
internal_value=9.37382e-13 0.000486672 0.000673584 -0.000506982 -0.000181528
internal_weight=0.222515 0.13397 0.0983912 0.0885447 0.0355793
internal_count=294 177 130 117 47
is_linear=0
shrinkage=0.06


Tree=29
num_leaves=7
num_cat=0
split_feature=0 4 3 9 8 14
split_gain=4.61858e-05 4.14067e-05 2.03532e-05 1.93988e-05 1.76103e-05 7.36117e-06
threshold=0.57000000000000017 6.9988669136307529 -0.39749999999999991 0.21499004871948338 -0.69510229305113158 0.6682742947278143
decision_type=2 2 2 2 2 2
left_child=2 5 3 -1 -4 -2
right_child=1 -3 4 -5 -6 -7
leaf_value=-0.00014450010109196039 0.00046834477147319917 -0.00016209128998919081 6.9157193567847788e-05 0.00023635235285428835 -0.00043916686344574611 -2.4053214553118627e-05
leaf_weight=0.018922070448752493 0.056772271287627518 0.027241038624197245 0.012111435062251985 0.022703014896251261 0.066600301826838404 0.018164908105973154
leaf_count=25 75 36 16 30 88 24
internal_value=2.29882e-12 0.00027576 -0.000271291 9.07082e-05 -0.000369349 0.000437648
internal_weight=0.222515 0.102178 0.120337 0.0416251 0.0787117 0.0749372
internal_count=294 135 159 55 104 99
is_linear=0
shrinkage=0.06


Tree=30
num_leaves=6
num_cat=0
split_feature=9 2 3 0 14
split_gain=0.000135469 3.87561e-05 3.22869e-05 2.05089e-05 1.25065e-05
threshold=0.052992583492696609 0.028398943936087433 -0.43499999999999989 0.72000000000000008 0.60397828058749026
decision_type=2 2 2 2 2
left_child=2 -2 -1 -4 -3
right_child=1 4 3 -5 -6
leaf_value=9.9173438690539022e-05 -0.00011298223856767769 0.00062358054953112405 -0.00063104679178753106 4.2180879368351417e-05 -3.2053526238447329e-05
leaf_weight=0.012861387396696955 0.017410698812454939 0.071147742099128664 0.054483023937791586 0.053740832372568548 0.012871219136286527
leaf_count=17 23 94 72 71 17
internal_value=-2.00868e-12 0.000472596 -0.00046431 -0.000560338 0.000586227
internal_weight=0.222515 0.10143 0.121085 0.108224 0.084019
internal_count=294 134 160 143 111
is_linear=0
shrinkage=0.06


Tree=31
num_leaves=6
num_cat=0
split_feature=8 6 8 5 1
split_gain=0.000152286 7.32948e-05 3.87914e-05 2.77798e-05 1.30017e-05
threshold=-0.19840434561123718 0.66604340695691822 0.77814371518675507 -0.89919053703901541 -0.9953194331754891
decision_type=2 2 2 2 2
left_child=3 2 -2 -1 -3
right_child=1 4 -4 -5 -6
leaf_value=7.7461566038753788e-05 0.00076232962052861586 -0.0002699185189864465 -8.5992901057855851e-05 -0.00059203844208562183 8.3519606603227336e-05
leaf_weight=0.022697517590131611 0.084761059319134802 0.012877360510174185 0.013630162749905139 0.065845725825056434 0.022703069320414215
leaf_count=30 112 17 18 87 30
internal_value=-1.9194e-12 0.00048661 0.000673513 -0.000506918 -0.00018152
internal_weight=0.222515 0.133972 0.0983912 0.0885432 0.0355804
internal_count=294 177 130 117 47
is_linear=0
shrinkage=0.06


Tree=32
num_leaves=7
num_cat=0
split_feature=0 4 3 9 8 14
split_gain=4.62008e-05 4.14212e-05 2.03565e-05 1.94024e-05 1.76103e-05 7.36168e-06
threshold=0.57000000000000017 6.9988669136307529 -0.39749999999999991 0.21499004871948338 -0.69510229305113158 0.6682742947278143
decision_type=2 2 2 2 2 2
left_child=2 5 3 -1 -4 -2
right_child=1 -3 4 -5 -6 -7
leaf_value=-0.00014451609173558012 0.0004684169527170309 -0.00016212077749054802 6.9150167786034388e-05 0.00023637088500760777 -0.00043920906478058333 -2.4050197843772755e-05
leaf_weight=0.018921771610621363 0.056772675656247884 0.027240958763286471 0.012111627729609609 0.022702902380842716 0.066599927435163409 0.018164896697271615
leaf_count=25 75 36 16 30 88 24
internal_value=-2.85678e-12 0.000275805 -0.000271335 9.07108e-05 -0.000369397 0.000437721
internal_weight=0.222515 0.102179 0.120336 0.0416247 0.0787116 0.0749376
internal_count=294 135 159 55 104 99
is_linear=0
shrinkage=0.06


Tree=33
num_leaves=6
num_cat=0
split_feature=9 2 3 0 14
split_gain=0.000135463 3.87733e-05 3.22946e-05 2.05017e-05 1.25091e-05
threshold=0.052992583492696609 0.028398943936087433 -0.43499999999999989 0.72000000000000008 0.60397828058749026
decision_type=2 2 2 2 2
left_child=2 -2 -1 -4 -3
right_child=1 4 3 -5 -6
leaf_value=9.9195955111078878e-05 -0.00011302782465453139 0.00062361648168934663 -0.00063103782445391636 4.2161570069916882e-05 -3.2058342879031791e-05
leaf_weight=0.012860907358117402 0.017410980130080134 0.07114801713032648 0.054481811821460724 0.053741193027235568 0.012871714541688561
leaf_count=17 23 94 72 71 17
internal_value=-8.0347e-13 0.000472584 -0.0004643 -0.000560348 0.000586257
internal_weight=0.222515 0.101431 0.121084 0.108223 0.0840197
internal_count=294 134 160 143 111
is_linear=0
shrinkage=0.06


Tree=34
num_leaves=5
num_cat=0
split_feature=8 0 8 5
split_gain=0.000152254 5.55959e-05 3.54612e-05 2.77888e-05
threshold=-0.19840434561123718 0.030000000000000006 0.77814371518675507 -0.89919053703901541
decision_type=2 2 2 2
left_child=3 -2 -3 -1
right_child=1 2 -4 -5
leaf_value=7.7492595394687487e-05 -0.0001511602651545018 0.00071744193262677472 -8.226295213843459e-05 -0.00059201263138907551
leaf_weight=0.022696729458402842 0.016657106229104102 0.099902398826088756 0.017412878281902522 0.065845497883856297
leaf_count=30 22 132 23 87
internal_value=-1.30341e-11 0.000486557 0.000631353 -0.000506864
internal_weight=0.222515 0.133972 0.117315 0.0885422
internal_count=294 177 155 117
is_linear=0
shrinkage=0.06


Tree=35
num_leaves=7
num_cat=0
split_feature=0 4 9 14 6 5
split_gain=4.62113e-05 4.14355e-05 1.58807e-05 7.36222e-06 4.70432e-06 3.05964e-06
threshold=0.57000000000000017 6.9988669136307529 0.22759895248908721 0.6682742947278143 0.57877700056929016 0.53162794129748925
decision_type=2 2 2 2 2 2
left_child=2 3 5 -2 -4 -1
right_child=1 -3 4 -5 -6 -7
leaf_value=-0.00036922840740221459 0.00046847888557382069 -0.00016215352223391156 -6.0711711065800637e-05 -2.4048016827255539e-05 0.00013534468167494733 1.2547066578252657e-05
leaf_weight=0.063576788001228124 0.056773421762045473 0.027240325813181698 0.02346373483305797 0.018164854845963418 0.02043144142953679 0.01286388240987435
leaf_count=84 75 36 31 24 27 17
internal_value=-5.40111e-12 0.000275836 -0.000271366 0.000437784 7.27791e-05 -0.00035301
internal_weight=0.222514 0.102179 0.120336 0.0749383 0.0438952 0.0764407
internal_count=294 135 159 99 58 101
is_linear=0
shrinkage=0.06


Tree=36
num_leaves=6
num_cat=0
split_feature=9 2 3 0 14
split_gain=0.000135465 3.87875e-05 3.23012e-05 2.04852e-05 1.25083e-05
threshold=0.052992583492696609 0.028398943936087433 -0.43499999999999989 0.72000000000000008 0.60397828058749026
decision_type=2 2 2 2 2
left_child=2 -2 -1 -4 -3
right_child=1 4 3 -5 -6
leaf_value=9.9213045093364386e-05 -0.00011306285042768232 0.00062365023603767195 -0.00063101567120586721 4.2117252066836286e-05 -3.2054018705762994e-05
leaf_weight=0.012860675808042288 0.017411368957255036 0.071148337912745774 0.05448029818944633 0.053741905838251114 0.012871767801698297
leaf_count=17 23 94 72 71 17
internal_value=-1.14718e-11 0.000472589 -0.000464305 -0.000560369 0.000586295
internal_weight=0.222514 0.101431 0.121083 0.108222 0.0840201
internal_count=294 134 160 143 111
is_linear=0
shrinkage=0.06


Tree=37
num_leaves=6
num_cat=0
split_feature=8 6 8 5 1
split_gain=0.000152238 7.32614e-05 3.87963e-05 2.77941e-05 1.30062e-05
threshold=-0.19840434561123718 0.66604340695691822 0.77814371518675507 -0.89919053703901541 -0.9953194331754891
decision_type=2 2 2 2 2
left_child=3 2 -2 -1 -3
right_child=1 4 -4 -5 -6
leaf_value=7.7510267619752376e-05 0.0007622259524983449 -0.00026990258705458987 -8.6016960847509045e-05 -0.00059200362103051815 8.3554875783096021e-05
leaf_weight=0.022695823921822011 0.084759399120230228 0.012879584392067045 0.013631335226818919 0.065845915058162063 0.022702294168993831
leaf_count=30 112 17 18 87 30
internal_value=6.65095e-12 0.000486533 0.000673387 -0.000506839 -0.00018147
internal_weight=0.222514 0.133973 0.0983907 0.0885417 0.0355819
internal_count=294 177 130 117 47
is_linear=0
shrinkage=0.06


Tree=38
num_leaves=7
num_cat=0
split_feature=0 4 3 9 11 14
split_gain=4.6217e-05 4.14459e-05 2.0365e-05 1.94083e-05 1.76063e-05 7.36715e-06
threshold=0.57000000000000017 6.9988669136307529 -0.39749999999999991 0.21499004871948338 -0.69510229305113158 0.6682742947278143
decision_type=2 2 2 2 2 2
left_child=2 5 3 -1 -4 -2
right_child=1 -3 4 -5 -6 -7
leaf_value=-0.00014453511871496423 0.00046853562390352667 -0.0001621792716921779 6.9126052841097819e-05 0.00023641117182154341 -0.00043925649708889149 -2.4062889174883619e-05
leaf_weight=0.01892163697630167 0.056774067168589681 0.027239449613261968 0.012111842690501362 0.022702168032992631 0.066599858633708209 0.018165151297580451
leaf_count=25 75 36 16 30 88 24
internal_value=-5.62429e-12 0.000275853 -0.000271382 9.07317e-05 -0.000369466 0.000437826
internal_weight=0.222514 0.102179 0.120336 0.0416238 0.0787117 0.0749392
internal_count=294 135 159 55 104 99
is_linear=0
shrinkage=0.06


Tree=39
num_leaves=6
num_cat=0
split_feature=9 3 14 0 8
split_gain=0.000135459 3.23088e-05 2.62478e-05 2.04781e-05 1.10561e-05
threshold=0.052992583492696609 -0.43499999999999989 0.60397828058749026 0.72000000000000008 0.77379842252216779
decision_type=2 2 2 2 2
left_child=1 -1 4 -3 -2
right_child=2 3 -4 -5 -6
leaf_value=9.9235536964761698e-05 0.00058885354070622228 -0.00063100650743155417 -8.0756056093287252e-05 4.2097945983046176e-05 -3.0194109821544761e-05
leaf_weight=0.012860193732194602 0.07494989869883284 0.054479072045069188 0.014382953522726893 0.053742257063277066 0.012099648942239583
leaf_count=17 99 72 19 71 16
internal_value=-5.98139e-12 -0.000464294 0.000472576 -0.000560378 0.000554187
internal_weight=0.222514 0.121082 0.101433 0.108221 0.0870495
internal_count=294 160 134 143 115
is_linear=0
shrinkage=0.06


Tree=40
num_leaves=6
num_cat=0
split_feature=8 6 8 5 1
split_gain=0.000152206 7.32431e-05 3.87963e-05 2.7803e-05 1.30084e-05
threshold=-0.19840434561123718 0.66604340695691822 0.77814371518675507 -0.89919053703901541 -0.9953194331754891
decision_type=2 2 2 2 2
left_child=3 2 -2 -1 -3
right_child=1 4 -4 -5 -6
leaf_value=7.75412670874621e-05 0.00076215612272908422 -0.0002698941859638936 -8.602550628806661e-05 -0.00059197768878128476 8.3571858944062378e-05
leaf_weight=0.022695030726026744 0.084758686774875969 0.012880595226306468 0.013632004789542407 0.065845670993439853 0.022702028334606439
leaf_count=30 112 17 18 87 30
internal_value=4.86546e-12 0.00048648 0.00067331 -0.000506785 -0.000181445
internal_weight=0.222514 0.133973 0.0983907 0.0885407 0.0355826
internal_count=294 177 130 117 47
is_linear=0
shrinkage=0.06


Tree=41
num_leaves=7
num_cat=0
split_feature=0 4 3 9 8 14
split_gain=4.62274e-05 4.14601e-05 2.03698e-05 1.94118e-05 1.76058e-05 7.36769e-06
threshold=0.57000000000000017 6.9988669136307529 -0.39749999999999991 0.21499004871948338 -0.69510229305113158 0.6682742947278143
decision_type=2 2 2 2 2 2
left_child=2 5 3 -1 -4 -2
right_child=1 -3 4 -5 -6 -7
leaf_value=-0.00014454719623343268 0.00046859735089309151 -0.00016221194899128727 6.9117775727907442e-05 0.00023643455662104572 -0.00043929181574041973 -2.4060689633162811e-05
leaf_weight=0.018921682785730809 0.056774798547849059 0.027238810667768121 0.012112039141356945 0.022701881476677954 0.066599489015061408 0.018165104149375111
leaf_count=25 75 36 16 30 88 24
internal_value=5.8698e-12 0.000275884 -0.000271413 9.07428e-05 -0.000369509 0.000437889
internal_weight=0.222514 0.102179 0.120335 0.0416236 0.0787115 0.0749399
internal_count=294 135 159 55 104 99
is_linear=0
shrinkage=0.06


Tree=42
num_leaves=6
num_cat=0
split_feature=9 2 3 10 14
split_gain=0.000135449 3.88215e-05 3.23105e-05 1.5933e-05 1.25129e-05
threshold=0.052992583492696609 0.028398943936087433 -0.43499999999999989 -0.48116226519365718 0.60397828058749026
decision_type=2 2 2 2 2
left_child=2 -2 -1 -4 -3
right_child=1 4 3 -5 -6
leaf_value=9.9242767022633175e-05 -0.00011315416196647464 0.00062371510091166103 3.8393036456986582e-05 -0.00061143188192078104 -3.2062845092116748e-05
leaf_weight=0.01285982527770102 0.017411646200343966 0.071149399736896157 0.028002931037917733 0.080217272508889437 0.01287261676043272
leaf_count=17 23 94 37 106 17
internal_value=1.47303e-12 0.000472559 -0.000464277 -0.000560368 0.00058635
internal_weight=0.222514 0.101434 0.12108 0.10822 0.084022
internal_count=294 134 160 143 111
is_linear=0
shrinkage=0.06


Tree=43
num_leaves=6
num_cat=0
split_feature=8 6 8 5 1
split_gain=0.000152171 7.3226e-05 3.87948e-05 2.78127e-05 1.301e-05
threshold=-0.19840434561123718 0.66604340695691822 0.77814371518675507 -0.89919053703901541 -0.9953194331754891
decision_type=2 2 2 2 2
left_child=3 2 -2 -1 -3
right_child=1 4 -4 -5 -6
leaf_value=7.7574813100746726e-05 0.00076208299124632859 -0.00026988578240514922 -8.6030894682526647e-05 -0.00059195096855493845 8.3585740841817912e-05
leaf_weight=0.022693799925036728 0.084758239798247814 0.012881597795058042 0.013632505608256906 0.06584562110947445 0.022701903246343136
leaf_count=30 112 17 18 87 30
internal_value=-1.70068e-11 0.000486425 0.000673232 -0.000506728 -0.000181423
internal_weight=0.222514 0.133974 0.0983907 0.0885394 0.0355835
internal_count=294 177 130 117 47
is_linear=0
shrinkage=0.06


Tree=44
num_leaves=7
num_cat=0
split_feature=0 4 3 9 8 14
split_gain=4.62336e-05 4.14692e-05 2.03732e-05 1.94159e-05 1.76046e-05 7.3678e-06
threshold=0.57000000000000017 6.9988669136307529 -0.39749999999999991 0.21499004871948338 -0.69510229305113158 0.6682742947278143
decision_type=2 2 2 2 2 2
left_child=2 5 3 -1 -4 -2
right_child=1 -3 4 -5 -6 -7
leaf_value=-0.0001445626404926332 0.00046863507504584298 -0.00016223352579765405 6.9109570345362564e-05 0.00023645897310820908 -0.00043931151970270438 -2.4058606919454254e-05
leaf_weight=0.018921744602266699 0.056775494187604636 0.027237836096901447 0.012112230586353689 0.022701514419168234 0.066599816374946386 0.018164794368203729
leaf_count=25 75 36 16 30 88 24
internal_value=6.27154e-12 0.000275903 -0.000271431 9.07516e-05 -0.000369536 0.000437928
internal_weight=0.222513 0.102178 0.120335 0.0416233 0.078712 0.0749403
internal_count=294 135 159 55 104 99
is_linear=0
shrinkage=0.06


Tree=45
num_leaves=7
num_cat=0
split_feature=9 2 10 14 5 0
split_gain=0.000135433 3.88412e-05 2.88913e-05 1.2515e-05 4.27925e-06 1.58555e-06
threshold=0.052992583492696609 0.028398943936087433 -0.48116226519365718 0.60397828058749026 -0.86789813288307682 0.66000000000000014
decision_type=2 2 2 2 2 2
left_child=2 -2 5 -3 -4 -1
right_child=1 3 4 -5 -6 -7
leaf_value=-2.5119693405505043e-05 -0.00011320853768708724 0.00062374294385834732 9.5513879723094158e-06 -3.2066854862228322e-05 -0.00057386196436535943 0.00010978583637637894
leaf_weight=0.015129890234675258 0.01741210394538939 0.071149389608763158 0.013611656788270921 0.012873187370132655 0.07416874571936205 0.018168346432503313
leaf_count=20 23 94 18 17 98 24
internal_value=2.58896e-12 0.000472531 -0.000464252 0.000586374 -0.000557781 8.35003e-05
internal_weight=0.222513 0.101435 0.121079 0.0840226 0.0877804 0.0332982
internal_count=294 134 160 111 116 44
is_linear=0
shrinkage=0.06


Tree=46
num_leaves=6
num_cat=0
split_feature=8 6 8 5 1
split_gain=0.000152126 7.32126e-05 3.87994e-05 2.7819e-05 1.30105e-05
threshold=-0.19840434561123718 0.66604340695691822 0.77814371518675507 -0.89919053703901541 -0.9953194331754891
decision_type=2 2 2 2 2
left_child=3 2 -2 -1 -3
right_child=1 4 -4 -5 -6
leaf_value=7.7601959535284661e-05 0.00076201540249851423 -0.00026988042196713361 -8.6049817106580317e-05 -0.00059189998272850426 8.3590887368794294e-05
leaf_weight=0.022692601662129164 0.084758090379182249 0.012882857990916818 0.013633073656819761 0.065845033037476242 0.022701632231473923
leaf_count=30 112 17 18 87 30
internal_value=7.63298e-12 0.000486351 0.000673148 -0.000506653 -0.000181413
internal_weight=0.222513 0.133976 0.0983912 0.0885376 0.0355845
internal_count=294 177 130 117 47
is_linear=0
shrinkage=0.06


Tree=47
num_leaves=7
num_cat=0
split_feature=0 4 3 9 8 14
split_gain=4.62534e-05 4.14778e-05 2.03736e-05 1.94207e-05 1.76044e-05 7.36744e-06
threshold=0.57000000000000017 6.9988669136307529 -0.39749999999999991 0.21499004871948338 -0.69510229305113158 0.6682742947278143
decision_type=2 2 2 2 2 2
left_child=2 5 3 -1 -4 -2
right_child=1 -3 4 -5 -6 -7
leaf_value=-0.00014458954085502592 0.00046869856491440928 -0.00016224179449329326 6.9101740320327707e-05 0.00023647396444462883 -0.00043935386466964152 -2.4052823442482918e-05
leaf_weight=0.018921629525721073 0.056776446290314198 0.027237195463385433 0.012112424592487514 0.022701048117596656 0.06659934640629217 0.018164898734539747
leaf_count=25 75 36 16 30 88 24
internal_value=2.49969e-12 0.000275962 -0.00027149 9.07399e-05 -0.000369585 0.000437996
internal_weight=0.222513 0.102179 0.120334 0.0416227 0.0787118 0.0749413
internal_count=294 135 159 55 104 99
is_linear=0
shrinkage=0.06


Tree=48
num_leaves=6
num_cat=0
split_feature=9 2 3 0 0
split_gain=0.000135422 3.88615e-05 3.23234e-05 2.04625e-05 5.69447e-06
threshold=0.052992583492696609 0.028398943936087433 -0.43499999999999989 0.72000000000000008 0.84250000000000014
decision_type=2 2 2 2 2
left_child=2 -2 -1 -4 -3
right_child=1 4 3 -5 -6
leaf_value=9.928502801028426e-05 -0.00011326343745582864 0.00060556726699993746 -0.00063095126682519696 4.206000498792251e-05 -1.3281869566784618e-05
leaf_weight=0.012858284695539623 0.017412360582966357 0.071919193782377988 0.054476080054882914 0.053742832853458822 0.012104174005798995
leaf_count=17 23 95 72 71 16
internal_value=-5.60198e-12 0.000472511 -0.000464233 -0.000560361 0.000586405
internal_weight=0.222513 0.101436 0.121077 0.108219 0.0840234
internal_count=294 134 160 143 111
is_linear=0
shrinkage=0.06


Tree=49
num_leaves=6
num_cat=0
split_feature=8 6 8 5 1
split_gain=0.000152087 7.32016e-05 3.87987e-05 2.78231e-05 1.30108e-05
threshold=-0.19840434561123718 0.66604340695691822 0.77814371518675507 -0.89919053703901541 -0.9953194331754891
decision_type=2 2 2 2 2
left_child=3 2 -2 -1 -3
right_child=1 4 -4 -5 -6
leaf_value=7.7621875298842041e-05 0.00076194959100168969 -0.00026987578122957792 -8.6056310024672239e-05 -0.00059185329443863172 8.3594380496898461e-05
leaf_weight=0.022691620863042772 0.084757698583416641 0.012884163414128125 0.01363346801372245 0.065844481869135052 0.022701458306983113
leaf_count=30 112 17 18 87 30
internal_value=-6.3385e-12 0.000486289 0.000673076 -0.000506589 -0.000181405
internal_weight=0.222513 0.133977 0.0983912 0.0885361 0.0355856
internal_count=294 177 130 117 47
is_linear=0
shrinkage=0.06


Tree=50
num_leaves=7
num_cat=0
split_feature=0 4 3 9 8 14
split_gain=4.62683e-05 4.14923e-05 2.03769e-05 1.94244e-05 1.76044e-05 7.36792e-06
threshold=0.57000000000000017 6.9988669136307529 -0.39749999999999991 0.21499004871948338 -0.69510229305113158 0.6682742947278143
decision_type=2 2 2 2 2 2
left_child=2 5 3 -1 -4 -2
right_child=1 -3 4 -5 -6 -7
leaf_value=-0.00014460550457347056 0.00046877010186623178 -0.00016227108857530016 6.9094605285836927e-05 0.00023649234978890068 -0.00043939547800510076 -2.4049728722760865e-05
leaf_weight=0.018921316484920681 0.056776805606205016 0.027237097034230828 0.012112608295865357 0.022700917441397905 0.066598914680071175 0.01816487149335444
leaf_count=25 75 36 16 30 88 24
internal_value=-5.6243e-12 0.000276006 -0.000271533 9.07424e-05 -0.000369633 0.000438069
internal_weight=0.222513 0.102179 0.120334 0.0416222 0.0787115 0.0749417
internal_count=294 135 159 55 104 99
is_linear=0
shrinkage=0.06


Tree=51
num_leaves=6
num_cat=0
split_feature=9 2 3 0 0
split_gain=0.000135417 3.88765e-05 3.2331e-05 2.04538e-05 5.69522e-06
threshold=0.052992583492696609 0.028398943936087433 -0.43499999999999989 0.72000000000000008 0.84250000000000014
decision_type=2 2 2 2 2
left_child=2 -2 -1 -4 -3
right_child=1 4 3 -5 -6
leaf_value=9.9307021992862355e-05 -0.00011330287912570114 0.00060559647201381304 -0.0006309405277770537 4.2036560260830082e-05 -1.3283169625707282e-05
leaf_weight=0.012857950350735337 0.017412546498235315 0.071919904265087098 0.054474730626679957 0.053743329597637057 0.012104045832529664
leaf_count=17 23 95 72 71 16
internal_value=3.79417e-13 0.000472502 -0.000464225 -0.000560373 0.000586433
internal_weight=0.222513 0.101436 0.121076 0.108218 0.084024
internal_count=294 134 160 143 111
is_linear=0
shrinkage=0.06


Tree=52
num_leaves=6
num_cat=0
split_feature=8 6 8 5 1
split_gain=0.000152057 7.31819e-05 3.87926e-05 2.78315e-05 1.30136e-05
threshold=-0.19840434561123718 0.66604340695691822 0.77814371518675507 -0.89919053703901541 -0.9953194331754891
decision_type=2 2 2 2 2
left_child=3 2 -2 -1 -3
right_child=1 4 -4 -5 -6
leaf_value=7.7650828058774344e-05 0.00076186846925509861 -0.00026986755460115772 -8.6052123177411842e-05 -0.00059183023671785149 8.3615578980911762e-05
leaf_weight=0.022690813173539937 0.084757266042288393 0.012885006202850491 0.013633969821967185 0.065844064636621624 0.02270134404534474
leaf_count=30 112 17 18 87 30
internal_value=9.21761e-12 0.000486241 0.000673 -0.00050654 -0.000181377
internal_weight=0.222512 0.133978 0.0983912 0.0885349 0.0355864
internal_count=294 177 130 117 47
is_linear=0
shrinkage=0.06


Tree=53
num_leaves=7
num_cat=0
split_feature=0 4 9 14 6 5
split_gain=4.6279e-05 4.15064e-05 1.5887e-05 7.36849e-06 4.719e-06 3.06383e-06
threshold=0.57000000000000017 6.9988669136307529 0.22759895248908721 0.6682742947278143 0.57877700056929016 0.53162794129748925
decision_type=2 2 2 2 2 2
left_child=2 3 5 -2 -4 -1
right_child=1 -3 4 -5 -6 -7
leaf_value=-0.00036943349142604906 0.00046883230011820083 -0.00016230311906591393 -6.0848078652251166e-05 -2.4047648438184422e-05 0.00013546635814306072 1.255824529805296e-05
leaf_weight=0.063577244349289685 0.056777507474180311 0.027236523048486561 0.023464703001081944 0.018164734414312989 0.020429447526112199 0.012861894851084799
leaf_count=84 75 36 31 24 27 17
internal_value=-1.32127e-11 0.000276038 -0.000271565 0.000438132 7.27641e-05 -0.000353203
internal_weight=0.222512 0.102179 0.120333 0.0749422 0.0438942 0.0764391
internal_count=294 135 159 99 58 101
is_linear=0
shrinkage=0.06


Tree=54
num_leaves=6
num_cat=0
split_feature=9 2 3 0 14
split_gain=0.000135407 3.88884e-05 3.23361e-05 2.04443e-05 1.25225e-05
threshold=0.052992583492696609 0.028398943936087433 -0.43499999999999989 0.72000000000000008 0.60397828058749026
decision_type=2 2 2 2 2
left_child=2 -2 -1 -4 -3
right_child=1 4 3 -5 -6
leaf_value=9.932358819283653e-05 -0.00011333603355585499 0.00062383059972013848 -0.00063091429909326502 4.2012529306128662e-05 -3.2082486366895389e-05
leaf_weight=0.012857827707193792 0.017412830551620573 0.071150027855765074 0.05447320599341765 0.053743841301184148 0.012874366308096796
leaf_count=17 23 94 72 71 17
internal_value=-3.57099e-12 0.000472484 -0.000464207 -0.00056037 0.000586445
internal_weight=0.222512 0.101437 0.121075 0.108217 0.0840244
internal_count=294 134 160 143 111
is_linear=0
shrinkage=0.06


Tree=55
num_leaves=6
num_cat=0
split_feature=8 6 8 5 1
split_gain=0.000152039 7.31637e-05 3.87876e-05 2.78358e-05 1.30175e-05
threshold=-0.19840434561123718 0.66604340695691822 0.77814371518675507 -0.89919053703901541 -0.9953194331754891
decision_type=2 2 2 2 2
left_child=3 2 -2 -1 -3
right_child=1 4 -4 -5 -6
leaf_value=7.7666259283533173e-05 0.00076180575418820381 -0.00026986377147883732 -8.6048212801957398e-05 -0.00059181415871314362 8.3642596075352132e-05
leaf_weight=0.022690291341859847 0.084756954398471862 0.01288575230864808 0.01363408548058942 0.065843790536746383 0.022701183042954654
leaf_count=30 112 17 18 87 30
internal_value=-1.29671e-11 0.000486211 0.000672941 -0.00050651 -0.000181346
internal_weight=0.222512 0.133978 0.098391 0.0885341 0.0355869
internal_count=294 177 130 117 47
is_linear=0
shrinkage=0.06


Tree=56
num_leaves=7
num_cat=0
split_feature=0 4 3 9 8 14
split_gain=4.62872e-05 4.15181e-05 2.03842e-05 1.94295e-05 1.7602e-05 7.36966e-06
threshold=0.57000000000000017 6.9988669136307529 -0.39749999999999991 0.21499004871948338 -0.69510229305113158 0.6682742947278143
decision_type=2 2 2 2 2 2
left_child=2 5 3 -1 -4 -2
right_child=1 -3 4 -5 -6 -7
leaf_value=-0.00014462341162101714 0.00046888479120897191 -0.00016233050324755197 6.9075470871105397e-05 0.0002365249728782671 -0.00043945012974175155 -2.4048497255108865e-05
leaf_weight=0.018921381328254938 0.056778021738864481 0.027235863904934376 0.012113379372749478 0.022700299450661987 0.066597846045624465 0.018164802982937545
leaf_count=25 75 36 16 30 88 24
internal_value=1.18959e-11 0.000276062 -0.000271589 9.07568e-05 -0.000369704 0.000438183
internal_weight=0.222512 0.102179 0.120333 0.0416217 0.0787112 0.0749428
internal_count=294 135 159 55 104 99
is_linear=0
shrinkage=0.06


Tree=57
num_leaves=6
num_cat=0
split_feature=9 2 3 0 14
split_gain=0.0001354 3.89055e-05 3.23437e-05 2.04371e-05 1.2525e-05
threshold=0.052992583492696609 0.028398943936087433 -0.43499999999999989 0.72000000000000008 0.60397828058749026
decision_type=2 2 2 2 2
left_child=2 -2 -1 -4 -3
right_child=1 4 3 -5 -6
leaf_value=9.9346028487871181e-05 -0.00011338141258030371 0.00062386569561361947 -0.00063090458666742216 4.1993223068217336e-05 -3.2087303229131169e-05
leaf_weight=0.012857339286711067 0.017413094989024103 0.071150224015582353 0.054471939918585122 0.053744163073133677 0.012874853797256947
leaf_count=17 23 94 72 71 17
internal_value=6.15995e-12 0.000472471 -0.000464196 -0.000560379 0.000586475
internal_weight=0.222512 0.101438 0.121073 0.108216 0.0840251
internal_count=294 134 160 143 111
is_linear=0
shrinkage=0.06


Tree=58
num_leaves=6
num_cat=0
split_feature=11 6 11 5 1
split_gain=0.000152006 7.31454e-05 3.87876e-05 2.78446e-05 1.30196e-05
threshold=-0.19840434561123718 0.66604340695691822 0.77814371518675507 -0.89919053703901541 -0.9953194331754891
decision_type=2 2 2 2 2
left_child=3 2 -2 -1 -3
right_child=1 4 -4 -5 -6
leaf_value=7.7697162902123795e-05 0.00076173576178444101 -0.00026985538115822689 -8.6056697216335858e-05 -0.00059178790081997079 8.3659501113220641e-05
leaf_weight=0.022689481091219932 0.0847561857663095 0.012886756623629481 0.01363474759273231 0.065843496820889413 0.022700895613525063
leaf_count=30 112 17 18 87 30
internal_value=9.41848e-12 0.000486158 0.000672864 -0.000506455 -0.000181321
internal_weight=0.222512 0.133979 0.0983909 0.088533 0.0355877
internal_count=294 177 130 117 47
is_linear=0
shrinkage=0.06


Tree=59
num_leaves=7
num_cat=0
split_feature=0 4 3 9 8 14
split_gain=4.62975e-05 4.15322e-05 2.03889e-05 1.9433e-05 1.76013e-05 7.37016e-06
threshold=0.57000000000000017 6.9988669136307529 -0.39749999999999991 0.21499004871948338 -0.69510229305113158 0.6682742947278143
decision_type=2 2 2 2 2 2
left_child=2 5 3 -1 -4 -2
right_child=1 -3 4 -5 -6 -7
leaf_value=-0.00014463544980484832 0.00046894583239811372 -0.00016236298456362639 6.9067075314158116e-05 0.0002365482046676795 -0.00043948483931083516 -2.4046219659640679e-05
leaf_weight=0.018921413342468441 0.056778707250487059 0.027235207031480968 0.012113566510379314 0.02269999374402687 0.066597421420738101 0.018164740642532706
leaf_count=25 75 36 16 30 88 24
internal_value=1.24985e-12 0.000276093 -0.000271619 9.07678e-05 -0.000369747 0.000438245
internal_weight=0.222511 0.102179 0.120332 0.0416214 0.078711 0.0749434
internal_count=294 135 159 55 104 99
is_linear=0
shrinkage=0.06


Tree=60
num_leaves=6
num_cat=0
split_feature=9 2 3 0 14
split_gain=0.000135393 3.89226e-05 3.23513e-05 2.04299e-05 1.25275e-05
threshold=0.052992583492696609 0.028398943936087433 -0.43499999999999989 0.72000000000000008 0.60397828058749026
decision_type=2 2 2 2 2
left_child=2 -2 -1 -4 -3
right_child=1 4 3 -5 -6
leaf_value=9.936845711969831e-05 -0.00011342677094876818 0.00062390068442290435 -0.00063089478542106467 4.1973908437989756e-05 -3.2092117262654228e-05
leaf_weight=0.012856849702075124 0.017413356865290552 0.07115040987264365 0.054470666393171996 0.053744480013847351 0.012875340296886861
leaf_count=17 23 94 72 71 17
internal_value=-1.56231e-13 0.000472458 -0.000464185 -0.000560388 0.000586505
internal_weight=0.222511 0.101439 0.121072 0.108215 0.0840258
internal_count=294 134 160 143 111
is_linear=0
shrinkage=0.06


Tree=61
num_leaves=6
num_cat=0
split_feature=8 6 8 5 1
split_gain=0.000151973 7.31272e-05 3.87876e-05 2.78535e-05 1.30217e-05
threshold=-0.19840434561123718 0.66604340695691822 0.77814371518675507 -0.89919053703901541 -0.9953194331754891
decision_type=2 2 2 2 2
left_child=3 2 -2 -1 -3
right_child=1 4 -4 -5 -6
leaf_value=7.7728059351856382e-05 0.0007616656907282254 -0.00026984700727313075 -8.6065167437211608e-05 -0.00059176158691163821 8.3676390172024995e-05
leaf_weight=0.022688668221235275 0.084755407355260104 0.012887759774457663 0.013635408715344965 0.065843194141052663 0.022700604691635817
leaf_count=30 112 17 18 87 30
internal_value=-1.21637e-11 0.000486105 0.000672786 -0.000506401 -0.000181297
internal_weight=0.222511 0.133979 0.0983908 0.0885319 0.0355884
internal_count=294 177 130 117 47
is_linear=0
shrinkage=0.06


Tree=62
num_leaves=7
num_cat=0
split_feature=0 4 3 9 8 14
split_gain=4.63078e-05 4.15463e-05 2.03937e-05 1.94365e-05 1.76007e-05 7.37066e-06
threshold=0.57000000000000017 6.9988669136307529 -0.39749999999999991 0.21499004871948338 -0.69510229305113158 0.6682742947278143
decision_type=2 2 2 2 2 2
left_child=2 5 3 -1 -4 -2
right_child=1 -3 4 -5 -6 -7
leaf_value=-0.00014464748725956635 0.00046900676254049033 -0.00016239542532549668 6.9058668383324329e-05 0.0002365714180962415 -0.00043951944376617363 -2.4043936419136538e-05
leaf_weight=0.018921443319413811 0.056779384962283075 0.027234547364059836 0.012113752076402307 0.022699684661347419 0.066596987366210669 0.018164675624575466
leaf_count=25 75 36 16 30 88 24
internal_value=1.36144e-12 0.000276124 -0.00027165 9.07788e-05 -0.000369789 0.000438307
internal_weight=0.22251 0.102179 0.120332 0.0416211 0.0787107 0.0749441
internal_count=294 135 159 55 104 99
is_linear=0
shrinkage=0.06


Tree=63
num_leaves=6
num_cat=0
split_feature=9 2 3 0 14
split_gain=0.000135386 3.89397e-05 3.23588e-05 2.04228e-05 1.253e-05
threshold=0.052992583492696609 0.028398943936087433 -0.43499999999999989 0.72000000000000008 0.60397828058749026
decision_type=2 2 2 2 2
left_child=2 -2 -1 -4 -3
right_child=1 4 3 -5 -6
leaf_value=9.9390867461504858e-05 -0.000113472096045086 0.00062393556296482726 -0.00063088488527722432 4.1954592881704009e-05 -3.2096931384164047e-05
leaf_weight=0.012856358953285962 0.017413616529665887 0.071150585252325982 0.0544693858246319 0.053744791890494525 0.012875825574155897
leaf_count=17 23 94 72 71 17
internal_value=-7.92314e-12 0.000472446 -0.000464173 -0.000560397 0.000586534
internal_weight=0.222511 0.10144 0.121071 0.108214 0.0840264
internal_count=294 134 160 143 111
is_linear=0
shrinkage=0.06


Tree=64
num_leaves=5
num_cat=0
split_feature=8 0 8 5
split_gain=0.00015194 5.55323e-05 3.54298e-05 2.78623e-05
threshold=-0.19840434561123718 0.030000000000000006 0.77814371518675507 -0.89919053703901541
decision_type=2 2 2 2
left_child=3 -2 -3 -1
right_child=1 2 -4 -5
leaf_value=7.7758937294021934e-05 -0.0001511182043905117 0.00071688281833230184 -8.2257041106496566e-05 -0.00059173520468088338
leaf_weight=0.022687852382659912 0.016663403366692364 0.099900324654299766 0.0174160310998559 0.065842882439028472
leaf_count=30 22 132 23 87
internal_value=2.35016e-11 0.000486052 0.000630806 -0.000506346
internal_weight=0.22251 0.13398 0.117316 0.0885307
internal_count=294 177 155 117
is_linear=0
shrinkage=0.06


Tree=65
num_leaves=7
num_cat=0
split_feature=0 4 3 9 8 14
split_gain=4.63181e-05 4.15604e-05 2.03984e-05 1.944e-05 1.76e-05 7.37115e-06
threshold=0.57000000000000017 6.9988669136307529 -0.39749999999999991 0.21499004871948338 -0.69510229305113158 0.6682742947278143
decision_type=2 2 2 2 2 2
left_child=2 5 3 -1 -4 -2
right_child=1 -3 4 -5 -6 -7
leaf_value=-0.00014465951647941349 0.00046906758791166151 -0.00016242783688640101 6.9050236371856385e-05 0.00023659460273233105 -0.00043955394329240499 -2.4041629611169816e-05
leaf_weight=0.018921470560599118 0.056780054816044867 0.027233884495217353 0.012113936245441437 0.022699372319038957 0.066596544056665152 0.01816460769623518
leaf_count=25 75 36 16 30 88 24
internal_value=9.15067e-12 0.000276154 -0.00027168 9.07897e-05 -0.00036983 0.000438369
internal_weight=0.22251 0.102179 0.120331 0.0416208 0.0787105 0.0749447
internal_count=294 135 159 55 104 99
is_linear=0
shrinkage=0.06


Tree=66
num_leaves=6
num_cat=0
split_feature=9 2 3 0 14
split_gain=0.000135393 3.89568e-05 3.23679e-05 2.04071e-05 1.25319e-05
threshold=0.052992583492696609 0.028398943936087433 -0.43499999999999989 0.72000000000000008 0.60397828058749026
decision_type=2 2 2 2 2
left_child=2 -2 -1 -4 -3
right_child=1 4 3 -5 -6
leaf_value=9.9413295268804597e-05 -0.00011351313235537575 0.00062398963856694957 -0.00063087714840137784 4.191082292610194e-05 -3.2098799791685696e-05
leaf_weight=0.01285590510815382 0.017413885332643986 0.071150806790683419 0.054467975161969662 0.053745440614875406 0.012876004446297884
leaf_count=17 23 94 72 71 17
internal_value=-3.14694e-12 0.000472459 -0.000464186 -0.00056043 0.000586586
internal_weight=0.22251 0.101441 0.121069 0.108213 0.0840268
internal_count=294 134 160 143 111
is_linear=0
shrinkage=0.06


Tree=67
num_leaves=6
num_cat=0
split_feature=11 6 11 5 1
split_gain=0.000151913 7.30924e-05 3.87913e-05 2.78717e-05 1.30251e-05
threshold=-0.19840434561123718 0.66604340695691822 0.77814371518675507 -0.89919053703901541 -0.9953194331754891
decision_type=2 2 2 2 2
left_child=3 2 -2 -1 -3
right_child=1 4 -4 -5 -6
leaf_value=7.7789972968024315e-05 0.00076154291033095985 -0.00026982673697154149 -8.608870355282309e-05 -0.00059171862855873488 8.3705569895406608e-05
leaf_weight=0.022686635202262551 0.084753441100474447 0.012890060141216964 0.01363694213796407 0.065843072428833693 0.022699803055729717
leaf_count=30 112 17 18 87 30
internal_value=1.38599e-11 0.000486009 0.000672642 -0.000506302 -0.000181249
internal_weight=0.22251 0.13398 0.0983904 0.0885297 0.0355899
internal_count=294 177 130 117 47
is_linear=0
shrinkage=0.06


Tree=68
num_leaves=7
num_cat=0
split_feature=0 4 3 9 8 14
split_gain=4.63262e-05 4.1573e-05 2.04041e-05 1.94441e-05 1.75991e-05 7.37543e-06
threshold=0.57000000000000017 6.9988669136307529 -0.39749999999999991 0.21499004871948338 -0.69510229305113158 0.6682742947278143
decision_type=2 2 2 2 2 2
left_child=2 5 3 -1 -4 -2
right_child=1 -3 4 -5 -6 -7
leaf_value=-0.00014467235005784335 0.00046913291473817679 -0.00016245786779629269 6.9041118133324512e-05 0.00023662346217804173 -0.00043958562193136918 -2.4053473108343505e-05
leaf_weight=0.018921276787295938 0.056780813145451248 0.027233063417952508 0.01211403397610411 0.022698938846588135 0.066596500342711806 0.018164674111176282
leaf_count=25 75 36 16 30 88 24
internal_value=-3.34781e-14 0.000276179 -0.000271704 9.08055e-05 -0.00036987 0.000438422
internal_weight=0.222509 0.102179 0.120331 0.0416202 0.0787105 0.0749455
internal_count=294 135 159 55 104 99
is_linear=0
shrinkage=0.06


Tree=69
num_leaves=6
num_cat=0
split_feature=9 2 3 0 14
split_gain=0.000135386 3.89739e-05 3.23755e-05 2.03999e-05 1.25344e-05
threshold=0.052992583492696609 0.028398943936087433 -0.43499999999999989 0.72000000000000008 0.60397828058749026
decision_type=2 2 2 2 2
left_child=2 -2 -1 -4 -3
right_child=1 4 3 -5 -6
leaf_value=9.9435693671309845e-05 -0.0001135584005300305 0.00062402430686442486 -0.00063086703866423936 4.1891497230431561e-05 -3.2103611435549971e-05
leaf_weight=0.012855412380304188 0.017414140631444752 0.071150962088722736 0.054466680332552642 0.053745742712635547 0.012876487802714109
leaf_count=17 23 94 72 71 17
internal_value=1.33912e-11 0.000472446 -0.000464175 -0.000560439 0.000586615
internal_weight=0.222509 0.101442 0.121068 0.108212 0.0840274
internal_count=294 134 160 143 111
is_linear=0
shrinkage=0.06


Tree=70
num_leaves=6
num_cat=0
split_feature=11 6 11 5 1
split_gain=0.00015188 7.30742e-05 3.87912e-05 2.78805e-05 1.30272e-05
threshold=-0.19840434561123718 0.66604340695691822 0.77814371518675507 -0.89919053703901541 -0.9953194331754891
decision_type=2 2 2 2 2
left_child=3 2 -2 -1 -3
right_child=1 4 -4 -5 -6
leaf_value=7.7820818523557957e-05 0.00076147273770510709 -0.00026981836595730418 -8.6097136750599667e-05 -0.00059169213392499588 8.3722428559778942e-05
leaf_weight=0.02268581377575174 0.084752633469179273 0.012891060207039118 0.0136375991278328 0.065842744137626141 0.02269950119080022
leaf_count=30 112 17 18 87 30
internal_value=1.40162e-11 0.000485956 0.000672564 -0.000506247 -0.000181224
internal_weight=0.222509 0.133981 0.0983902 0.0885286 0.0355906
internal_count=294 177 130 117 47
is_linear=0
shrinkage=0.06


Tree=71
num_leaves=7
num_cat=0
split_feature=0 4 9 14 6 5
split_gain=4.63365e-05 4.15871e-05 1.58976e-05 7.37591e-06 4.73192e-06 3.06679e-06
threshold=0.57000000000000017 6.9988669136307529 0.22759895248908721 0.6682742947278143 0.57877700056929016 0.53162794129748925
decision_type=2 2 2 2 2 2
left_child=2 3 5 -2 -4 -1
right_child=1 -3 4 -5 -6 -7
leaf_value=-0.00036962417661610557 0.00046919350745487507 -0.00016249020688671921 -6.0961021634101054e-05 -2.4051154818446282e-05 0.00013558833552768993 1.2563969890457528e-05
leaf_weight=0.063577316061127931 0.056781468505505472 0.027232394786551595 0.023465030652005225 0.018164601060561836 0.020427285751793534 0.012860541755799204
leaf_count=84 75 36 31 24 27 17
internal_value=-9.8314e-12 0.000276209 -0.000271734 0.000438484 7.27724e-05 -0.000353386
internal_weight=0.222509 0.102178 0.12033 0.0749461 0.0438923 0.0764379
internal_count=294 135 159 99 58 101
is_linear=0
shrinkage=0.06


Tree=72
num_leaves=6
num_cat=0
split_feature=9 2 3 0 14
split_gain=0.000135374 3.89878e-05 3.23805e-05 2.03918e-05 1.25343e-05
threshold=0.052992583492696609 0.028398943936087433 -0.43499999999999989 0.72000000000000008 0.60397828058749026
decision_type=2 2 2 2 2
left_child=2 -2 -1 -4 -3
right_child=1 4 3 -5 -6
leaf_value=9.9452686689506821e-05 -0.00011359740386068509 0.00062403751203284757 -0.00063084148506338121 4.1871589952689165e-05 -3.2102235328185329e-05
leaf_weight=0.012855131702963263 0.017414495756383985 0.071151116921100765 0.054465214197989553 0.053746062563732266 0.012876836524810642
leaf_count=17 23 94 72 71 17
internal_value=6.15997e-12 0.000472423 -0.000464154 -0.000560433 0.00058663
internal_weight=0.222509 0.101442 0.121066 0.108211 0.084028
internal_count=294 134 160 143 111
is_linear=0
shrinkage=0.06


Tree=73
num_leaves=6
num_cat=0
split_feature=8 6 8 5 1
split_gain=0.000151859 7.30575e-05 3.87922e-05 2.78852e-05 1.30304e-05
threshold=-0.19840434561123718 0.66604340695691822 0.77814371518675507 -0.89919053703901541 -0.9953194331754891
decision_type=2 2 2 2 2
left_child=3 2 -2 -1 -3
right_child=1 4 -4 -5 -6
leaf_value=7.7838128209435699e-05 0.0007614210170801476 -0.0002698144347557531 -8.6105854126141901e-05 -0.00059167261164643869 8.3745091144315015e-05
leaf_weight=0.022685280709993094 0.084751952672377229 0.012891963997390121 0.013637870899401605 0.065842563344631344 0.022699153050780296
leaf_count=30 112 17 18 87 30
internal_value=-2.92375e-12 0.000485922 0.000672505 -0.000506212 -0.000181198
internal_weight=0.222509 0.133981 0.0983898 0.0885278 0.0355911
internal_count=294 177 130 117 47
is_linear=0
shrinkage=0.06


Tree=74
num_leaves=7
num_cat=0
split_feature=9 14 9 7 7 10
split_gain=4.44627e-05 4.12045e-05 2.68956e-05 1.93632e-05 1.47907e-05 1.29403e-05
threshold=-0.015904606024345146 -0.32047945415064155 -0.48706667958608557 1.183860973313402 -1.1308303320332385 -0.71625585535174252
decision_type=2 2 2 2 2 2
left_child=2 -2 5 -3 -4 -1
right_child=1 3 4 -5 -6 -7
leaf_value=-0.00010377925559076468 -0.0001633388837215001 0.00050014451901400116 5.4959374811684131e-05 -6.471720769063754e-05 -0.00044969665782522997 0.00022004571211869223
leaf_weight=0.013634347473271191 0.029494401416741312 0.064331592409871519 0.018182422441896051 0.01890153595013544 0.054486276756506413 0.02347742993151769
leaf_count=18 39 85 24 25 72 31
internal_value=4.91012e-13 0.000268011 -0.000268722 0.000430544 -0.000389906 0.000115723
internal_weight=0.222508 0.112728 0.10978 0.0832331 0.0726687 0.0371118
internal_count=294 149 145 110 96 49
is_linear=0
shrinkage=0.06


Tree=75
num_leaves=6
num_cat=0
split_feature=9 2 3 0 14
split_gain=0.000135358 3.90044e-05 3.23876e-05 2.03967e-05 1.25358e-05
threshold=0.052992583492696609 0.028398943936087433 -0.43499999999999989 0.72000000000000008 0.60397828058749026
decision_type=2 2 2 2 2
left_child=2 -2 -1 -4 -3
right_child=1 4 3 -5 -6
leaf_value=9.9476115066886447e-05 -0.00011364411698075552 0.00062405581504020871 -0.00063084942326872232 4.1884898934060328e-05 -3.210518398458367e-05
leaf_weight=0.012855159875471145 0.017415144597180188 0.071152109827380627 0.054463611217215657 0.053744997130706906 0.012877372791990638
leaf_count=17 23 94 72 71 17
internal_value=-1.55785e-11 0.000472395 -0.000464128 -0.000560429 0.000586645
internal_weight=0.222508 0.101445 0.121064 0.108209 0.0840295
internal_count=294 134 160 143 111
is_linear=0
shrinkage=0.06


Tree=76
num_leaves=6
num_cat=0
split_feature=8 6 8 5 1
split_gain=0.000151845 7.30364e-05 3.87998e-05 2.78907e-05 1.30322e-05
threshold=-0.19840434561123718 0.66604340695691822 0.77814371518675507 -0.89919053703901541 -0.9953194331754891
decision_type=2 2 2 2 2
left_child=3 2 -2 -1 -3
right_child=1 4 -4 -5 -6
leaf_value=7.785572909790887e-05 0.00076138305472330154 -0.00026979424755608562 -8.6128349238322194e-05 -0.00059166627911767875 8.3763760021438787e-05
leaf_weight=0.022684894793201238 0.084751651273109019 0.012892944680061191 0.013637713331263512 0.065842179988976568 0.022698897402733564
leaf_count=30 112 17 18 87 30
internal_value=-4.91012e-13 0.0004859 0.000672447 -0.00050619 -0.00018116
internal_weight=0.222508 0.133981 0.0983894 0.0885271 0.0355918
internal_count=294 177 130 117 47
is_linear=0
shrinkage=0.06


Tree=77
num_leaves=7
num_cat=0
split_feature=0 4 3 9 8 14
split_gain=4.63441e-05 4.16094e-05 2.0414e-05 1.94503e-05 1.75894e-05 7.37996e-06
threshold=0.57000000000000017 6.9988669136307529 -0.39749999999999991 0.21499004871948338 -0.69510229305113158 0.6682742947278143
decision_type=2 2 2 2 2 2
left_child=2 5 3 -1 -4 -2
right_child=1 -3 4 -5 -6 -7
leaf_value=-0.00014469091888832318 0.00046928291283720232 -0.00016254903443146783 6.8995479539222078e-05 0.00023666774145155776 -0.00043962218398096217 -2.4060471354716661e-05
leaf_weight=0.018921325099654496 0.056782229687087238 0.027231465151999146 0.012114164070226252 0.022698057407978922 0.066595685842912644 0.018164535227697343
leaf_count=25 75 36 16 30 88 24
internal_value=-3.72723e-12 0.000276232 -0.000271757 9.08307e-05 -0.000369949 0.000438563
internal_weight=0.222507 0.102178 0.120329 0.0416194 0.0787098 0.0749468
internal_count=294 135 159 55 104 99
is_linear=0
shrinkage=0.06


Tree=78
num_leaves=6
num_cat=0
split_feature=9 2 3 0 14
split_gain=0.000135351 3.90214e-05 3.23952e-05 2.03895e-05 1.25382e-05
threshold=0.052992583492696609 0.028398943936087433 -0.43499999999999989 0.72000000000000008 0.60397828058749026
decision_type=2 2 2 2 2
left_child=2 -2 -1 -4 -3
right_child=1 4 3 -5 -6
leaf_value=9.9498489994371157e-05 -0.00011368930373983855 0.00062409017539421586 -0.00063083903788056317 4.1865570582411214e-05 -3.210999824886733e-05
leaf_weight=0.012854664179030806 0.017415393551345915 0.07115223741857335 0.054462297703139484 0.053745285898912698 0.012877853063400835
leaf_count=17 23 94 72 71 17
internal_value=8.07939e-12 0.000472382 -0.000464116 -0.000560437 0.000586674
internal_weight=0.222508 0.101445 0.121062 0.108208 0.0840301
internal_count=294 134 160 143 111
is_linear=0
shrinkage=0.06


Tree=79
num_leaves=6
num_cat=0
split_feature=8 6 8 5 1
split_gain=0.000151812 7.30181e-05 3.87997e-05 2.78995e-05 1.30344e-05
threshold=-0.19840434561123718 0.66604340695691822 0.77814371518675507 -0.89919053703901541 -0.9953194331754891
decision_type=2 2 2 2 2
left_child=3 2 -2 -1 -3
right_child=1 4 -4 -5 -6
leaf_value=7.7886532812135523e-05 0.00076131278783347976 -0.00026978587216335302 -8.613676082378798e-05 -0.00059163960419431397 8.3780575056155947e-05
leaf_weight=0.022684065741486847 0.084750816808082163 0.012893941369839013 0.013638367061503232 0.065841827774420381 0.022698585293255746
leaf_count=30 112 17 18 87 30
internal_value=1.79889e-11 0.000485846 0.000672369 -0.000506135 -0.000181135
internal_weight=0.222508 0.133982 0.0983892 0.0885259 0.0355925
internal_count=294 177 130 117 47
is_linear=0
shrinkage=0.06


Tree=80
num_leaves=7
num_cat=0
split_feature=0 4 3 9 8 14
split_gain=4.63543e-05 4.16234e-05 2.04187e-05 1.94538e-05 1.75887e-05 7.38042e-06
threshold=0.57000000000000017 6.9988669136307529 -0.39749999999999991 0.21499004871948338 -0.69510229305113158 0.6682742947278143
decision_type=2 2 2 2 2 2
left_child=2 5 3 -1 -4 -2
right_child=1 -3 4 -5 -6 -7
leaf_value=-0.00014470291600001005 0.00046934318348330927 -0.00016258128230998883 6.8986949417375209e-05 0.00023669080979972761 -0.00043965617976946453 -2.4058115613815395e-05
leaf_weight=0.018921341979876161 0.056782863393891603 0.027230788022279739 0.01211434107972309 0.022697729989886284 0.06659519940149039 0.018164454842917621
leaf_count=25 75 36 16 30 88 24
internal_value=-7.2815e-12 0.000276262 -0.000271787 9.08415e-05 -0.000369991 0.000438625
internal_weight=0.222507 0.102178 0.120329 0.0416191 0.0787095 0.0749473
internal_count=294 135 159 55 104 99
is_linear=0
shrinkage=0.06


Tree=81
num_leaves=6
num_cat=0
split_feature=9 2 3 0 14
split_gain=0.000135343 3.90384e-05 3.24027e-05 2.03823e-05 1.25407e-05
threshold=0.052992583492696609 0.028398943936087433 -0.43499999999999989 0.72000000000000008 0.60397828058749026
decision_type=2 2 2 2 2
left_child=2 -2 -1 -4 -3
right_child=1 4 3 -5 -6
leaf_value=9.9520847877056741e-05 -0.00011373446157233978 0.00062412441646131009 -0.00063082856664471731 4.1846236079667566e-05 -3.2114810713717748e-05
leaf_weight=0.012854167260229588 0.017415640060789883 0.071152354765217751 0.054460976563859731 0.053745569428429008 0.012878332170657814
leaf_count=17 23 94 72 71 17
internal_value=6.02607e-12 0.000472369 -0.000464104 -0.000560445 0.000586703
internal_weight=0.222507 0.101446 0.121061 0.108207 0.0840307
internal_count=294 134 160 143 111
is_linear=0
shrinkage=0.06


Tree=82
num_leaves=6
num_cat=0
split_feature=8 6 8 5 1
split_gain=0.000151779 7.29999e-05 3.87996e-05 2.79082e-05 1.30365e-05
threshold=-0.19840434561123718 0.66604340695691822 0.77814371518675507 -0.89919053703901541 -0.9953194331754891
decision_type=2 2 2 2 2
left_child=3 2 -2 -1 -3
right_child=1 4 -4 -5 -6
leaf_value=7.7917307975142113e-05 0.000761242486000429 -0.00026977751529876851 -8.6145151504290324e-05 -0.00059161289265858218 8.379738038451166e-05
leaf_weight=0.022683233895804733 0.084749972447752953 0.012894937128294259 0.013639019278343767 0.065841467236168683 0.022698269342072308
leaf_count=30 112 17 18 87 30
internal_value=5.13332e-12 0.000485793 0.000672292 -0.00050608 -0.000181111
internal_weight=0.222507 0.133982 0.098389 0.0885247 0.0355932
internal_count=294 177 130 117 47
is_linear=0
shrinkage=0.06


Tree=83
num_leaves=7
num_cat=0
split_feature=0 4 3 9 8 14
split_gain=4.63645e-05 4.16374e-05 2.04234e-05 1.94573e-05 1.7588e-05 7.38088e-06
threshold=0.57000000000000017 6.9988669136307529 -0.39749999999999991 0.21499004871948338 -0.69510229305113158 0.6682742947278143
decision_type=2 2 2 2 2 2
left_child=2 5 3 -1 -4 -2
right_child=1 -3 4 -5 -6 -7
leaf_value=-0.00014471490791346091 0.00046940333557969442 -0.00016261349521064125 6.8978399626196381e-05 0.00023671385747993368 -0.00043969005871817828 -2.4055745360403521e-05
leaf_weight=0.018921356240753084 0.056783489242661744 0.027230107865761966 0.012114516401197761 0.022697399486787617 0.066594703937880695 0.018164371664170176
leaf_count=25 75 36 16 30 88 24
internal_value=1.27217e-12 0.000276293 -0.000271816 9.08524e-05 -0.000370032 0.000438686
internal_weight=0.222506 0.102178 0.120328 0.0416188 0.0787092 0.0749479
internal_count=294 135 159 55 104 99
is_linear=0
shrinkage=0.06


Tree=84
num_leaves=6
num_cat=0
split_feature=9 3 14 0 8
split_gain=0.000135336 3.24102e-05 2.61771e-05 2.03751e-05 1.11991e-05
threshold=0.052992583492696609 -0.43499999999999989 0.60397828058749026 0.72000000000000008 0.77379842252216779
decision_type=2 2 2 2 2
left_child=1 -1 4 -3 -2
right_child=2 3 -4 -5 -6
leaf_value=9.9543198545916625e-05 0.0005888740524373705 -0.00063081800482951765 -8.0588386248681403e-05 4.1826902351058012e-05 -3.0631174740548778e-05
leaf_weight=0.012853669410105795 0.07497297681402415 0.054459648614283651 0.014386083406861871 0.0537458480685018 0.012088095769286156
leaf_count=17 99 72 19 71 16
internal_value=-3.9281e-12 -0.000464092 0.000472355 -0.000560453 0.000553807
internal_weight=0.222506 0.121059 0.101447 0.108205 0.0870611
internal_count=294 160 134 143 115
is_linear=0
shrinkage=0.06


Tree=85
num_leaves=6
num_cat=0
split_feature=8 6 8 5 1
split_gain=0.000151746 7.29817e-05 3.87995e-05 2.7917e-05 1.30386e-05
threshold=-0.19840434561123718 0.66604340695691822 0.77814371518675507 -0.89919053703901541 -0.9953194331754891
decision_type=2 2 2 2 2
left_child=3 2 -2 -1 -3
right_child=1 4 -4 -5 -6
leaf_value=7.794807095956279e-05 0.00076117213742508873 -0.00026976915232668474 -8.6153540893010421e-05 -0.00059158612363115985 8.3814177787484612e-05
leaf_weight=0.022682399372570217 0.084749117726460099 0.012895931606180966 0.01363967009820044 0.065841097617521882 0.022697949956636876
leaf_count=30 112 17 18 87 30
internal_value=-1.18066e-11 0.00048574 0.000672214 -0.000506026 -0.000181086
internal_weight=0.222506 0.133983 0.0983888 0.0885235 0.0355939
internal_count=294 177 130 117 47
is_linear=0
shrinkage=0.06


Tree=86
num_leaves=7
num_cat=0
split_feature=0 10 3 9 8 14
split_gain=4.63746e-05 2.88331e-05 2.04281e-05 1.94608e-05 1.75873e-05 6.62961e-06
threshold=0.57000000000000017 0.33614860571700622 -0.39749999999999991 0.21499004871948338 -0.69510229305113158 0.6682742947278143
decision_type=2 2 2 2 2 2
left_child=2 5 3 -1 -4 -2
right_child=1 -3 4 -5 -6 -7
leaf_value=-0.00014472689028638812 0.000427107870948318 -0.00012600289820489783 6.8969834886505941e-05 0.00023673686871276888 -0.0004397238325057714 -2.4053366835658795e-05
leaf_weight=0.018921368289738894 0.069656898500397801 0.014356633299030364 0.012114690383896232 0.022697065374813974 0.066594198986422271 0.018164285807870328
leaf_count=25 92 19 16 30 88 24
internal_value=-9.48549e-14 0.000276323 -0.000271846 9.08632e-05 -0.000370073 0.000397463
internal_weight=0.222505 0.102178 0.120327 0.0416184 0.0787089 0.0878212
internal_count=294 135 159 55 104 116
is_linear=0
shrinkage=0.06


Tree=87
num_leaves=6
num_cat=0
split_feature=9 2 3 0 14
split_gain=0.000135328 3.90724e-05 3.24136e-05 2.03634e-05 1.25455e-05
threshold=0.052992583492696609 0.028398943936087433 -0.43499999999999989 0.72000000000000008 0.60397828058749026
decision_type=2 2 2 2 2
left_child=2 -2 -1 -4 -3
right_child=1 4 3 -5 -6
leaf_value=9.9554465792421617e-05 -0.00011382527797853456 0.00062419138046937407 -0.00063078573116774617 4.1797467811289354e-05 -3.2123860516694343e-05
leaf_weight=0.012853295891545713 0.017415781563613564 0.07115281606093049 0.054458069032989442 0.053746146149933338 0.012879521062131971
leaf_count=17 23 94 72 71 17
internal_value=4.66463e-12 0.000472341 -0.000464079 -0.00056045 0.00058676
internal_weight=0.222506 0.101448 0.121058 0.108204 0.0840323
internal_count=294 134 160 143 111
is_linear=0
shrinkage=0.06


Tree=88
num_leaves=6
num_cat=0
split_feature=11 6 11 5 1
split_gain=0.000151713 7.29627e-05 3.87984e-05 2.79215e-05 1.30408e-05
threshold=-0.19840434561123718 0.66604340695691822 0.77814371518675507 -0.89919053703901541 -0.9953194331754891
decision_type=2 2 2 2 2
left_child=3 2 -2 -1 -3
right_child=1 4 -4 -5 -6
leaf_value=7.7967626495677758e-05 0.00076109814033946551 -0.0002697601405998812 -8.6159907323280852e-05 -0.00059154880601711211 8.3832165204899843e-05
leaf_weight=0.0226810461608693 0.084748702065553516 0.012896845408249646 0.013640149321872741 0.065840849478263408 0.022697851876728237
leaf_count=30 112 17 18 87 30
internal_value=-7.92317e-12 0.000485687 0.000672135 -0.000505971 -0.000181059
internal_weight=0.222505 0.133984 0.0983889 0.0885219 0.0355947
internal_count=294 177 130 117 47
is_linear=0
shrinkage=0.06


Tree=89
num_leaves=7
num_cat=0
split_feature=0 4 3 9 8 14
split_gain=4.63804e-05 4.16608e-05 2.04287e-05 1.94653e-05 1.75855e-05 7.3818e-06
threshold=0.57000000000000017 6.9988669136307529 -0.39749999999999991 0.21499004871948338 -0.69510229305113158 0.6682742947278143
decision_type=2 2 2 2 2 2
left_child=2 5 3 -1 -4 -2
right_child=1 -3 4 -5 -6 -7
leaf_value=-0.00014474811947789195 0.00046950208491628305 -0.00016266834536638386 6.8961246715380729e-05 0.00023675675163423678 -0.00043973224738163896 -2.4052537243473029e-05
leaf_weight=0.01892169174971059 0.05678492778679356 0.027228260994888842 0.012114854587707669 0.02269667002838105 0.066594096191693097 0.018163871369324625
leaf_count=25 75 36 16 30 88 24
internal_value=5.63968e-12 0.00027634 -0.000271863 9.08618e-05 -0.00037009 0.000438787
internal_weight=0.222504 0.102177 0.120327 0.0416184 0.078709 0.0749488
internal_count=294 135 159 55 104 99
is_linear=0
shrinkage=0.06


Tree=90
num_leaves=6
num_cat=0
split_feature=12 2 3 0 14
split_gain=0.000135321 3.90893e-05 3.24211e-05 2.03561e-05 1.2548e-05
threshold=0.052992583492696609 0.028398943936087433 -0.43499999999999989 0.72000000000000008 0.60397828058749026
decision_type=2 2 2 2 2
left_child=2 -2 -1 -4 -3
right_child=1 4 3 -5 -6
leaf_value=9.957679722238786e-05 -0.00011387034410900864 0.000624225280833991 -0.00063077497702955206 4.1778134448999784e-05 -3.212867435793765e-05
leaf_weight=0.012852795713115484 0.017416021262761205 0.071152903081383556 0.054456726997159421 0.053746414836496115 0.012879997084382921
leaf_count=17 23 94 72 71 17
internal_value=-2.6113e-12 0.000472328 -0.000464067 -0.000560458 0.000586789
internal_weight=0.222505 0.101449 0.121056 0.108203 0.0840329
internal_count=294 134 160 143 111
is_linear=0
shrinkage=0.06


Tree=91
num_leaves=6
num_cat=0
split_feature=8 6 8 5 1
split_gain=0.00015168 7.29445e-05 3.87983e-05 2.79302e-05 1.30429e-05
threshold=-0.19840434561123718 0.66604340695691822 0.77814371518675507 -0.89919053703901541 -0.9953194331754891
decision_type=2 2 2 2 2
left_child=3 2 -2 -1 -3
right_child=1 4 -4 -5 -6
leaf_value=7.7998355965365373e-05 0.00076102774642395829 -0.00026975178412203042 -8.6168273252444373e-05 -0.00059152190393892677 8.3848935427089196e-05
leaf_weight=0.022680206107906997 0.084747826971579343 0.012897837674245238 0.013640797871630639 0.065840462513733655 0.022697525157127529
leaf_count=30 112 17 18 87 30
internal_value=9.75332e-12 0.000485634 0.000672057 -0.000505917 -0.000181035
internal_weight=0.222505 0.133984 0.0983886 0.0885207 0.0355954
internal_count=294 177 130 117 47
is_linear=0
shrinkage=0.06


Tree=92
num_leaves=7
num_cat=0
split_feature=9 14 9 7 7 10
split_gain=4.45702e-05 4.12492e-05 2.68341e-05 1.94024e-05 1.48057e-05 1.29647e-05
threshold=-0.015904606024345146 -0.32047945415064155 -0.48706667958608557 1.183860973313402 -1.1308303320332385 -0.71625585535174252
decision_type=2 2 2 2 2 2
left_child=2 -2 5 -3 -4 -1
right_child=1 3 4 -5 -6 -7
leaf_value=-0.00010400997704774821 -0.00016337556033082297 0.00050058916540061276 5.5004733598159999e-05 -6.4792919926632739e-05 -0.00044979291871318996 0.00021997520121325726
leaf_weight=0.013637313852086663 0.029486901359632611 0.064331580593716353 0.018186277768108994 0.018896072346251458 0.054484550142660737 0.02348081290256232
leaf_count=18 39 85 24 25 72 31
internal_value=-6.48676e-12 0.000268337 -0.000269045 0.000430912 -0.000389956 0.000115428
internal_weight=0.222504 0.112715 0.109789 0.0832277 0.0726708 0.0371181
internal_count=294 149 145 110 96 49
is_linear=0
shrinkage=0.06


Tree=93
num_leaves=6
num_cat=0
split_feature=12 2 3 0 14
split_gain=0.000135305 3.91058e-05 3.24282e-05 2.03611e-05 1.25495e-05
threshold=0.052992583492696609 0.028398943936087433 -0.43499999999999989 0.72000000000000008 0.60397828058749026
decision_type=2 2 2 2 2
left_child=2 -2 -1 -4 -3
right_child=1 4 3 -5 -6
leaf_value=9.960019855647635e-05 -0.00011391695993952694 0.00062424307550734237 -0.00063078247404085928 4.1791492044951028e-05 -3.2131625130087873e-05
leaf_weight=0.012852819985710084 0.017416660091839731 0.071153850934933871 0.054455092700663954 0.053745326993521303 0.012880527065135539
leaf_count=17 23 94 72 71 17
internal_value=2.64478e-12 0.000472299 -0.00046404 -0.000560453 0.000586803
internal_weight=0.222504 0.101451 0.121053 0.1082 0.0840344
internal_count=294 134 160 143 111
is_linear=0
shrinkage=0.06


Tree=94
num_leaves=6
num_cat=0
split_feature=8 6 8 5 1
split_gain=0.000151666 7.29234e-05 3.88058e-05 2.79356e-05 1.30447e-05
threshold=-0.19840434561123718 0.66604340695691822 0.77814371518675507 -0.89919053703901541 -0.9953194331754891
decision_type=2 2 2 2 2
left_child=3 2 -2 -1 -3
right_child=1 4 -4 -5 -6
leaf_value=7.8015844287274564e-05 0.00076098962774197505 -0.00026973161055871919 -8.6190743060346543e-05 -0.00059151526603302843 8.3867542604938914e-05
leaf_weight=0.022679807851091027 0.084747479995712638 0.012898811313789338 0.013640634133480489 0.065840037481393665 0.022697251522913575
leaf_count=30 112 17 18 87 30
internal_value=-4.51956e-12 0.000485611 0.000671998 -0.000505894 -0.000180997
internal_weight=0.222504 0.133984 0.0983881 0.0885198 0.0355961
internal_count=294 177 130 117 47
is_linear=0
shrinkage=0.06


Tree=95
num_leaves=7
num_cat=0
split_feature=0 10 3 9 8 14
split_gain=4.63904e-05 2.88157e-05 2.04359e-05 1.94697e-05 1.75789e-05 6.63061e-06
threshold=0.57000000000000017 0.33614860571700622 -0.39749999999999991 0.21499004871948338 -0.69510229305113158 0.6682742947278143
decision_type=2 2 2 2 2 2
left_child=2 5 3 -1 -4 -2
right_child=1 -3 4 -5 -6 -7
leaf_value=-0.00014476052822437536 0.00042709346990354763 -0.0001259327342729231 6.893078180365276e-05 0.00023678981266963238 -0.00043975398546636024 -2.4058759707653519e-05
leaf_weight=0.018921704438980669 0.069659393629990518 0.014353775070048869 0.012114879791624844 0.022696112864650786 0.066593394556548446 0.018163566186558455
leaf_count=25 92 19 16 30 88 24
internal_value=-3.53056e-12 0.00027637 -0.000271893 9.08821e-05 -0.00037014 0.000397444
internal_weight=0.222503 0.102177 0.120326 0.0416178 0.0787083 0.087823
internal_count=294 135 159 55 104 116
is_linear=0
shrinkage=0.06


Tree=96
num_leaves=6
num_cat=0
split_feature=9 2 3 0 14
split_gain=0.0001353 3.91232e-05 3.24375e-05 2.03525e-05 1.25522e-05
threshold=0.052992583492696609 0.028398943936087433 -0.43499999999999989 0.72000000000000008 0.60397828058749026
decision_type=2 2 2 2 2
left_child=2 -2 -1 -4 -3
right_child=1 4 3 -5 -6
leaf_value=9.9626690845452172e-05 -0.00011396229527628005 0.0006242820062711973 -0.00063077612409727553 4.1767956146488612e-05 -3.2136663578514225e-05
leaf_weight=0.012852325337007642 0.017416826740372926 0.071153605007566512 0.054453484015539289 0.053745847311802208 0.012881369621027261
leaf_count=17 23 94 72 71 17
internal_value=-7.32057e-12 0.00047229 -0.000464032 -0.000560469 0.000586837
internal_weight=0.222503 0.101452 0.121052 0.108199 0.084035
internal_count=294 134 160 143 111
is_linear=0
shrinkage=0.06


Tree=97
num_leaves=6
num_cat=0
split_feature=8 6 8 5 1
split_gain=0.000151635 7.29032e-05 3.88061e-05 2.79393e-05 1.30474e-05
threshold=-0.19840434561123718 0.66604340695691822 0.77814371518675507 -0.89919053703901541 -0.9953194331754891
decision_type=2 2 2 2 2
left_child=3 2 -2 -1 -3
right_child=1 4 -4 -5 -6
leaf_value=7.8032748390581373e-05 0.00076091881597995827 -0.00026972261777992614 -8.620022920653855e-05 -0.00059147851430125186 8.3888585064660571e-05
leaf_weight=0.022678880195599049 0.084746756416279823 0.01289972843369469 0.013641275931149721 0.065839557151775807 0.02269699628232047
leaf_count=30 112 17 18 87 30
internal_value=-7.46565e-12 0.000485561 0.000671919 -0.000505842 -0.000180968
internal_weight=0.222503 0.133985 0.098388 0.0885184 0.0355967
internal_count=294 177 130 117 47
is_linear=0
shrinkage=0.06


Tree=98
num_leaves=7
num_cat=0
split_feature=0 10 3 9 8 14
split_gain=4.64004e-05 2.88107e-05 2.04379e-05 1.94736e-05 1.75777e-05 6.63048e-06
threshold=0.57000000000000017 0.33614860571700622 -0.39749999999999991 0.21499004871948338 -0.69510229305113158 0.6682742947278143
decision_type=2 2 2 2 2 2
left_child=2 5 3 -1 -4 -2
right_child=1 -3 4 -5 -6 -7
leaf_value=-0.00014477835651489283 0.00042709963436000133 -0.00012590842914650475 6.8922042434062559e-05 0.0002368085737623707 -0.00043977756102569538 -2.4057780521201176e-05
leaf_weight=0.018921999668236822 0.069660203182138503 0.014352942176628858 0.012115042773075402 0.022695785504765809 0.066592557937838137 0.018163401633501053
leaf_count=25 92 19 16 30 88 24
internal_value=-1.26911e-11 0.0002764 -0.000271922 9.08829e-05 -0.000370171 0.000397451
internal_weight=0.222502 0.102177 0.120325 0.0416178 0.0787076 0.0878236
internal_count=294 135 159 55 104 116
is_linear=0
shrinkage=0.06


Tree=99
num_leaves=6
num_cat=0
split_feature=9 2 3 0 14
split_gain=0.000135295 3.91405e-05 3.24468e-05 2.0344e-05 1.25549e-05
threshold=0.052992583492696609 0.028398943936087433 -0.43499999999999989 0.72000000000000008 0.60397828058749026
decision_type=2 2 2 2 2
left_child=2 -2 -1 -4 -3
right_child=1 4 3 -5 -6
leaf_value=9.965316954759618e-05 -0.00011400760621465571 0.00062432084382533213 -0.00063076967931834994 4.1744423161939854e-05 -3.214170002115537e-05
leaf_weight=0.012851829407736659 0.01741699140984565 0.071153347846120596 0.054451867123134434 0.053746361983940005 0.012882210605312139
leaf_count=17 23 94 72 71 17
internal_value=-5.60203e-12 0.00047228 -0.000464024 -0.000560485 0.00058687
internal_weight=0.222503 0.101453 0.12105 0.108198 0.0840356
internal_count=294 134 160 143 111
is_linear=0
shrinkage=0.06


Tree=100
num_leaves=6
num_cat=0
split_feature=8 6 8 5 0
split_gain=0.000151604 7.28829e-05 3.88065e-05 2.7943e-05 8.29604e-06
threshold=-0.19840434561123718 0.66604340695691822 0.77814371518675507 -0.89919053703901541 0.64000000000000012
decision_type=2 2 2 2 2
left_child=3 2 -2 -1 -3
right_child=1 4 -4 -5 -6
leaf_value=7.8049634933451963e-05 0.00076084798948518719 -0.00024238368537908239 -8.6209709239392599e-05 -0.00059144170323163498 5.9971073743648075e-05
leaf_weight=0.022677949513308704 0.08474602218484506 0.023486342746764421 0.013641916040796787 0.065839067625347525 0.012111039075534791
leaf_count=30 112 31 18 87 16
internal_value=1.34025e-11 0.000485511 0.00067184 -0.000505791 -0.000180938
internal_weight=0.222502 0.133985 0.0983879 0.088517 0.0355974
internal_count=294 177 130 117 47
is_linear=0
shrinkage=0.06


Tree=101
num_leaves=7
num_cat=0
split_feature=0 4 3 12 8 14
split_gain=4.64103e-05 4.17141e-05 2.04399e-05 1.94775e-05 1.75765e-05 7.38687e-06
threshold=0.57000000000000017 6.9988669136307529 -0.39749999999999991 0.21499004871948338 -0.69510229305113158 0.6682742947278143
decision_type=2 2 2 2 2 2
left_child=2 5 3 -1 -4 -2
right_child=1 -3 4 -5 -6 -7
leaf_value=-0.00014479617827509069 0.00046972397720062127 -0.00016279856452064184 6.8913283460682358e-05 0.0002368273044472868 -0.00043980102612504481 -2.4056787848505986e-05
leaf_weight=0.018922292161732912 0.056787417037412524 0.027225693396758288 0.01211520389188081 0.022695454827044159 0.066591711482033134 0.01816323451930657
leaf_count=25 75 36 16 30 88 24
internal_value=-8.11291e-12 0.000276429 -0.000271951 9.08838e-05 -0.000370202 0.000439001
internal_weight=0.222501 0.102176 0.120325 0.0416177 0.0787069 0.0749507
internal_count=294 135 159 55 104 99
is_linear=0
shrinkage=0.06


Tree=102
num_leaves=6
num_cat=0
split_feature=9 2 3 0 14
split_gain=0.000135284 3.91571e-05 3.2454e-05 2.0339e-05 1.25583e-05
threshold=0.052992583492696609 0.028398943936087433 -0.43499999999999989 0.72000000000000008 0.60397828058749026
decision_type=2 2 2 2 2
left_child=2 -2 -1 -4 -3
right_child=1 4 3 -5 -6
leaf_value=9.9675468194417518e-05 -0.00011405265629509826 0.00062435224847438213 -0.00063075973827327243 4.1731242873967863e-05 -3.2149344375817678e-05
leaf_weight=0.012851325387600809 0.017417225579265505 0.07115341245662421 0.054450572235509753 0.053746432939078659 0.012882774346508086
leaf_count=17 23 94 72 71 17
internal_value=-1.07131e-12 0.000472262 -0.000464007 -0.000560488 0.000586893
internal_weight=0.222502 0.101453 0.121048 0.108197 0.0840362
internal_count=294 134 160 143 111
is_linear=0
shrinkage=0.06


Tree=103
num_leaves=6
num_cat=0
split_feature=8 6 8 5 1
split_gain=0.000151571 7.28646e-05 3.88048e-05 2.79517e-05 1.30522e-05
threshold=-0.19840434561123718 0.66604340695691822 0.77814371518675507 -0.89919053703901541 -0.9953194331754891
decision_type=2 2 2 2 2
left_child=3 2 -2 -1 -3
right_child=1 4 -4 -5 -6
leaf_value=7.8080231857607886e-05 0.00076077438068627729 -0.00026970498332993853 -8.6214786808470642e-05 -0.00059141489049298801 8.39263733259687e-05
leaf_weight=0.022677097585983574 0.084745167929213494 0.012901623733341694 0.013642524601891637 0.065838590089697391 0.022696443367749453
leaf_count=30 112 17 18 87 30
internal_value=-8.25798e-13 0.000485458 0.000671762 -0.000505736 -0.000180913
internal_weight=0.222501 0.133986 0.0983877 0.0885157 0.0355981
internal_count=294 177 130 117 47
is_linear=0
shrinkage=0.06


Tree=104
num_leaves=7
num_cat=0
split_feature=0 4 3 9 8 14
split_gain=4.64211e-05 4.17282e-05 2.04442e-05 1.94807e-05 1.75757e-05 7.38731e-06
threshold=0.57000000000000017 6.9988669136307529 -0.39749999999999991 0.21499004871948338 -0.69510229305113158 0.6682742947278143
decision_type=2 2 2 2 2 2
left_child=2 5 3 -1 -4 -2
right_child=1 -3 4 -5 -6 -7
leaf_value=-0.00014480732595388159 0.00046978562388488404 -0.0001628303953588915 6.8904603938687407e-05 0.00023684728508750329 -0.00043983461703030045 -2.4054195900120639e-05
leaf_weight=0.018922324990853667 0.05678786663338542 0.027224992401897907 0.012115375662688166 0.022695029387250543 0.066591188311576843 0.018163256463594735
leaf_count=25 75 36 16 30 88 24
internal_value=2.76754e-12 0.000276461 -0.000271983 9.08924e-05 -0.000370244 0.000439064
internal_weight=0.2225 0.102176 0.120324 0.0416174 0.0787066 0.0749511
internal_count=294 135 159 55 104 99
is_linear=0
shrinkage=0.06


Tree=105
num_leaves=6
num_cat=0
split_feature=9 2 3 0 14
split_gain=0.000135277 3.91739e-05 3.24615e-05 2.03317e-05 1.25608e-05
threshold=0.052992583492696609 0.028398943936087433 -0.43499999999999989 0.72000000000000008 0.60397828058749026
decision_type=2 2 2 2 2
left_child=2 -2 -1 -4 -3
right_child=1 4 3 -5 -6
leaf_value=9.9697749360140649e-05 -0.00011409758537675155 0.00062438562626384892 -0.00063074851722564034 4.1711912945824401e-05 -3.2154158955948661e-05
leaf_weight=0.012850820203311741 0.017417454277165234 0.071153450582642108 0.054449196672067046 0.053746678226161748 0.01288324489723891
leaf_count=17 23 94 72 71 17
internal_value=3.25856e-12 0.000472248 -0.000463995 -0.000560495 0.000586921
internal_weight=0.222501 0.101454 0.121047 0.108196 0.0840367
internal_count=294 134 160 143 111
is_linear=0
shrinkage=0.06


Tree=106
num_leaves=6
num_cat=0
split_feature=8 6 8 5 1
split_gain=0.000151537 7.28465e-05 3.88047e-05 2.79604e-05 1.30543e-05
threshold=-0.19840434561123718 0.66604340695691822 0.77814371518675507 -0.89919053703901541 -0.9953194331754891
decision_type=2 2 2 2 2
left_child=3 2 -2 -1 -3
right_child=1 4 -4 -5 -6
leaf_value=7.811088237471432e-05 0.00076070379488268837 -0.00026969663993967096 -8.6223093739664364e-05 -0.00059138772178850729 8.3943083031911037e-05
leaf_weight=0.022676243970636278 0.084744245570618659 0.012902610294986516 0.013643166748806834 0.065838161564897746 0.022696099185850471
leaf_count=30 112 17 18 87 30
internal_value=-9.06146e-12 0.000485404 0.000671684 -0.000505681 -0.000180889
internal_weight=0.222501 0.133986 0.0983874 0.0885144 0.0355987
internal_count=294 177 130 117 47
is_linear=0
shrinkage=0.06


Tree=107
num_leaves=7
num_cat=0
split_feature=0 4 3 9 8 14
split_gain=4.64311e-05 4.17421e-05 2.04488e-05 1.94842e-05 1.7575e-05 7.38772e-06
threshold=0.57000000000000017 6.9988669136307529 -0.39749999999999991 0.21499004871948338 -0.69510229305113158 0.6682742947278143
decision_type=2 2 2 2 2 2
left_child=2 5 3 -1 -4 -2
right_child=1 -3 4 -5 -6 -7
leaf_value=-0.0001448192664668787 0.00046984488157764592 -0.00016286234378269155 6.8895897430971669e-05 0.00023687012068119608 -0.00043986766793128183 -2.4051729274114581e-05
leaf_weight=0.018922321731224656 0.056788432702887803 0.027224289020523429 0.012115539168007672 0.02269467303995043 0.066590620670467615 0.018163152446504682
leaf_count=25 75 36 16 30 88 24
internal_value=2.48856e-12 0.000276491 -0.000272012 9.09031e-05 -0.000370284 0.000439125
internal_weight=0.222499 0.102176 0.120323 0.041617 0.0787062 0.0749516
internal_count=294 135 159 55 104 99
is_linear=0
shrinkage=0.06


Tree=108
num_leaves=6
num_cat=0
split_feature=9 2 3 0 0
split_gain=0.000135269 3.91908e-05 3.24689e-05 2.03245e-05 5.72515e-06
threshold=0.052992583492696609 0.028398943936087433 -0.43499999999999989 0.72000000000000008 0.84250000000000014
decision_type=2 2 2 2 2
left_child=2 -2 -1 -4 -3
right_child=1 4 3 -5 -6
leaf_value=9.9720018151702052e-05 -0.00011414247617468915 0.00060618246466871879 -0.00063073719384030506 4.1692569802311562e-05 -1.3353625914207412e-05
leaf_weight=0.012850313971284777 0.017417680297512561 0.071938561974093318 0.054447813832666725 0.053746918099932373 0.012098631297703832
leaf_count=17 23 95 72 71 16
internal_value=1.07242e-11 0.000472234 -0.000463982 -0.000560503 0.00058695
internal_weight=0.2225 0.101455 0.121045 0.108195 0.0840372
internal_count=294 134 160 143 111
is_linear=0
shrinkage=0.06


Tree=109
num_leaves=6
num_cat=0
split_feature=8 6 8 5 1
split_gain=0.000151504 7.28283e-05 3.88045e-05 2.79691e-05 1.30564e-05
threshold=-0.19840434561123718 0.66604340695691822 0.77814371518675507 -0.89919053703901541 -0.9953194331754891
decision_type=2 2 2 2 2
left_child=3 2 -2 -1 -3
right_child=1 4 -4 -5 -6
leaf_value=7.8141517962291909e-05 0.00076063318268308961 -0.00026968829936122306 -8.6231391186612557e-05 -0.00059136049128575196 8.3959784202173874e-05
leaf_weight=0.022675387386698276 0.084743313549552113 0.012903595867101103 0.013643807615153491 0.065837723959702998 0.022695751220453531
leaf_count=30 112 17 18 87 30
internal_value=-2.65595e-12 0.000485351 0.000671606 -0.000505626 -0.000180864
internal_weight=0.2225 0.133986 0.0983871 0.0885131 0.0355993
internal_count=294 177 130 117 47
is_linear=0
shrinkage=0.06


Tree=110
num_leaves=7
num_cat=0
split_feature=0 4 9 14 6 5
split_gain=4.64411e-05 4.17559e-05 1.59178e-05 7.38814e-06 4.7597e-06 3.07403e-06
threshold=0.57000000000000017 6.9988669136307529 0.22759895248908721 0.6682742947278143 0.57877700056929016 0.53162794129748925
decision_type=2 2 2 2 2 2
left_child=2 3 5 -2 -4 -1
right_child=1 -3 4 -5 -6 -7
leaf_value=-0.00036998315021744135 0.00046990401701645264 -0.00016289426095687914 -6.12030727990388e-05 -2.4049247253666563e-05 0.00013585083524660037 1.2582913062946698e-05
leaf_weight=0.063576563668902963 0.056788990448694676 0.0272235824377276 0.023464587691705674 0.018163045810069889 0.020423506153747439 0.012857715541031212
leaf_count=84 75 36 31 24 27 17
internal_value=9.50786e-12 0.000276521 -0.000272042 0.000439185 7.27915e-05 -0.000353724
internal_weight=0.222498 0.102176 0.120322 0.074952 0.0438881 0.0764343
internal_count=294 135 159 99 58 101
is_linear=0
shrinkage=0.06


Tree=111
num_leaves=6
num_cat=0
split_feature=9 3 14 0 8
split_gain=0.000135258 3.24739e-05 2.61335e-05 2.03148e-05 1.12841e-05
threshold=0.052992583492696609 -0.43499999999999989 0.60397828058749026 0.72000000000000008 0.77379842252216779
decision_type=2 2 2 2 2
left_child=1 -1 4 -3 -2
right_child=2 3 -4 -5 -6
leaf_value=9.9736445055366294e-05 0.0005888741569296356 -0.00063070934881857257 -8.0485045909145313e-05 4.1668426490767522e-05 -3.0892395352304946e-05
leaf_weight=0.012850174738559872 0.074986367137171328 0.054446177091449499 0.014388955547474325 0.053747347206808627 0.012080053042154759
leaf_count=17 99 72 19 71 16
internal_value=-1.64937e-11 -0.000463963 0.000472214 -0.000560499 0.000553569
internal_weight=0.222499 0.121044 0.101455 0.108194 0.0870664
internal_count=294 160 134 143 115
is_linear=0
shrinkage=0.06


Tree=112
num_leaves=6
num_cat=0
split_feature=8 6 8 5 0
split_gain=0.000151485 7.28102e-05 3.87994e-05 2.79731e-05 8.30544e-06
threshold=-0.19840434561123718 0.66604340695691822 0.77814371518675507 -0.89919053703901541 0.64000000000000012
decision_type=2 2 2 2 2
left_child=3 2 -2 -1 -3
right_child=1 4 -4 -5 -6
leaf_value=7.8156581622660721e-05 0.00076056985436677492 -0.00024235457998733712 -8.6227226740568012e-05 -0.00059134332636251018 6.0047953252730599e-05
leaf_weight=0.02267482050228864 0.084742848877795041 0.023488764767535031 0.013643903017509729 0.065837309695780277 0.012111083313357085
leaf_count=30 112 31 18 87 16
internal_value=4.29639e-12 0.000485321 0.000671548 -0.000505596 -0.000180834
internal_weight=0.222499 0.133987 0.0983868 0.0885121 0.0355998
internal_count=294 177 130 117 47
is_linear=0
shrinkage=0.06


Tree=113
num_leaves=6
num_cat=0
split_feature=0 4 3 9 8
split_gain=4.64489e-05 4.17674e-05 2.04558e-05 1.94892e-05 1.75715e-05
threshold=0.57000000000000017 6.9988669136307529 -0.39749999999999991 0.21499004871948338 -0.69510229305113158
decision_type=2 2 2 2 2
left_child=2 -2 3 -1 -4
right_child=1 -3 4 -5 -6
leaf_value=-0.00014483708498191071 0.00043923448589095778 -0.0001629210043039455 6.8873735571860532e-05 0.00023690270187168565 -0.00043991567522596518
leaf_weight=0.018922306131571531 0.074952444643713534 0.027222868695389479 0.012116011173930019 0.022693930717650801 0.06658947590040043
leaf_count=25 99 36 16 30 88
internal_value=2.24305e-12 0.000276544 -0.000272065 9.09176e-05 -0.000370352
internal_weight=0.222497 0.102175 0.120322 0.0416162 0.0787055
internal_count=294 135 159 55 104
is_linear=0
shrinkage=0.06


Tree=114
num_leaves=6
num_cat=0
split_feature=9 3 14 0 8
split_gain=0.000135242 3.24756e-05 2.61281e-05 2.03056e-05 1.12934e-05
threshold=0.052992583492696609 -0.43499999999999989 0.60397828058749026 0.72000000000000008 0.77379842252216779
decision_type=2 2 2 2 2
left_child=1 -1 4 -3 -2
right_child=2 3 -4 -5 -6
leaf_value=9.9745221539120505e-05 0.00058886196335107435 -0.00063066836650709174 -8.0473673263526595e-05 4.1646940984835117e-05 -3.092156307744321e-05
leaf_weight=0.012849858263507485 0.0749879787908867 0.054445018875412643 0.014389273361302912 0.053747094701975584 0.012078971136361361
leaf_count=17 99 72 19 71 16
internal_value=-3.25856e-12 -0.000463937 0.000472187 -0.00056048 0.00055353
internal_weight=0.222498 0.121042 0.101456 0.108192 0.0870669
internal_count=294 160 134 143 115
is_linear=0
shrinkage=0.06


Tree=115
num_leaves=6
num_cat=0
split_feature=8 6 8 5 1
split_gain=0.000151454 7.27951e-05 3.87969e-05 2.79815e-05 1.30612e-05
threshold=-0.19840434561123718 0.66604340695691822 0.77814371518675507 -0.89919053703901541 -0.9953194331754891
decision_type=2 2 2 2 2
left_child=3 2 -2 -1 -3
right_child=1 4 -4 -5 -6
leaf_value=7.8185982523620498e-05 0.00076050166217351558 -0.00026967470661032469 -8.62298116887102e-05 -0.00059131769108551298 8.3995940646122529e-05
leaf_weight=0.022673581726849079 0.084742485138121992 0.012905183422844857 0.013644456921610981 0.06583684217184782 0.022695243533235043
leaf_count=30 112 17 18 87 30
internal_value=-7.0751e-12 0.000485269 0.000671477 -0.000505544 -0.000180816
internal_weight=0.222498 0.133987 0.0983869 0.0885104 0.0356004
internal_count=294 177 130 117 47
is_linear=0
shrinkage=0.06


Tree=116
num_leaves=7
num_cat=0
split_feature=0 4 3 9 8 14
split_gain=4.64562e-05 4.17769e-05 2.04586e-05 1.9493e-05 1.75697e-05 7.38942e-06
threshold=0.57000000000000017 6.9988669136307529 -0.39749999999999991 0.21499004871948338 -0.69510229305113158 0.6682742947278143
decision_type=2 2 2 2 2 2
left_child=2 5 3 -1 -4 -2
right_child=1 -3 4 -5 -6 -7
leaf_value=-0.00014485235806364772 0.00046999592261894339 -0.00016294250629075052 6.8863244546900438e-05 0.00023692388157801777 -0.00043993381915996533 -2.4047901514590137e-05
leaf_weight=0.018922362942248583 0.056789787078741938 0.027222053788136691 0.012116112106014043 0.022693368897307664 0.06658961606444791 0.018162716994993389
leaf_count=25 75 36 16 30 88 24
internal_value=8.19664e-12 0.000276566 -0.000272086 9.09233e-05 -0.00037038 0.000439277
internal_weight=0.222496 0.102175 0.120321 0.0416157 0.0787057 0.0749525
internal_count=294 135 159 55 104 99
is_linear=0
shrinkage=0.06


Tree=117
num_leaves=6
num_cat=0
split_feature=9 2 3 0 14
split_gain=0.000135231 3.92349e-05 3.2477e-05 2.02951e-05 1.25694e-05
threshold=0.052992583492696609 0.028398943936087433 -0.43499999999999989 0.72000000000000008 0.60397828058749026
decision_type=2 2 2 2 2
left_child=2 -2 -1 -4 -3
right_child=1 4 3 -5 -6
leaf_value=9.9752208686122639e-05 -0.00011426560973176432 0.00062447997988668031 -0.00063063065645384481 4.1621692625553482e-05 -3.2172311184250537e-05
leaf_weight=0.012849469785578549 0.017417700961232185 0.0711543969810009 0.054443629167508334 0.053747085970826447 0.012884979019872844
leaf_count=17 23 94 72 71 17
internal_value=2.07008e-12 0.000472167 -0.000463919 -0.000560468 0.000586997
internal_weight=0.222497 0.101457 0.12104 0.108191 0.0840394
internal_count=294 134 160 143 111
is_linear=0
shrinkage=0.06


Tree=118
num_leaves=6
num_cat=0
split_feature=8 6 8 5 1
split_gain=0.000151419 7.27781e-05 3.87952e-05 2.79909e-05 1.30628e-05
threshold=-0.19840434561123718 0.66604340695691822 0.77814371518675507 -0.89919053703901541 -0.9953194331754891
decision_type=2 2 2 2 2
left_child=3 2 -2 -1 -3
right_child=1 4 -4 -5 -6
leaf_value=7.8219152016616652e-05 0.00076042767287069616 -0.00026966636464537716 -8.6234927799080403e-05 -0.00059128956258208232 8.4009511661279251e-05
leaf_weight=0.022672284627333283 0.084741807775571942 0.012906158983241767 0.013644929509609938 0.065836590365506709 0.022695033985655755
leaf_count=30 112 17 18 87 30
internal_value=-1.0144e-11 0.000485213 0.000671399 -0.000505486 -0.000180794
internal_weight=0.222497 0.133988 0.0983867 0.0885089 0.0356012
internal_count=294 177 130 117 47
is_linear=0
shrinkage=0.06


Tree=119
num_leaves=7
num_cat=0
split_feature=0 4 3 9 8 14
split_gain=4.64619e-05 4.17856e-05 2.04618e-05 1.9497e-05 1.75682e-05 7.3894e-06
threshold=0.57000000000000017 6.9988669136307529 -0.39749999999999991 0.21499004871948338 -0.69510229305113158 0.6682742947278143
decision_type=2 2 2 2 2 2
left_child=2 5 3 -1 -4 -2
right_child=1 -3 4 -5 -6 -7
leaf_value=-0.00014486767827190242 0.0004700310577560315 -0.00016296335289726861 6.8854557109357427e-05 0.00023694765095986568 -0.00043995101846626758 -2.404550762526184e-05
leaf_weight=0.018922375689726323 0.056790308211930096 0.027221012278459966 0.012116266530938447 0.022692922968417406 0.066589721944183111 0.018162347376346588
leaf_count=25 75 36 16 30 88 24
internal_value=4.29082e-12 0.000276583 -0.000272103 9.09316e-05 -0.000370405 0.000439314
internal_weight=0.222495 0.102174 0.120321 0.0416153 0.078706 0.0749527
internal_count=294 135 159 55 104 99
is_linear=0
shrinkage=0.06


Tree=120
num_leaves=6
num_cat=0
split_feature=9 2 3 0 14
split_gain=0.000135223 3.92517e-05 3.24845e-05 2.02878e-05 1.25719e-05
threshold=0.052992583492696609 0.028398943936087433 -0.43499999999999989 0.72000000000000008 0.60397828058749026
decision_type=2 2 2 2 2
left_child=2 -2 -1 -4 -3
right_child=1 4 3 -5 -6
leaf_value=9.9774448484499996e-05 -0.00011431038225748304 0.00062451283120259354 -0.00063061897918010896 4.1602346410957725e-05 -3.2177121529098525e-05
leaf_weight=0.012848959828261286 0.017417918192222714 0.071154386503621936 0.054442220367491245 0.05374730727635324 0.012885444855783135
leaf_count=17 23 94 72 71 17
internal_value=1.60585e-11 0.000472153 -0.000463906 -0.000560475 0.000587024
internal_weight=0.222496 0.101458 0.121038 0.10819 0.0840398
internal_count=294 134 160 143 111
is_linear=0
shrinkage=0.06


Tree=121
num_leaves=6
num_cat=0
split_feature=11 6 11 5 1
split_gain=0.000151385 7.276e-05 3.8795e-05 2.79996e-05 1.30649e-05
threshold=-0.19840434561123718 0.66604340695691822 0.77814371518675507 -0.89919053703901541 -0.9953194331754891
decision_type=2 2 2 2 2
left_child=3 2 -2 -1 -3
right_child=1 4 -4 -5 -6
leaf_value=7.8249720919220997e-05 0.0007603569310017167 -0.00026965802255167059 -8.6243176376078477e-05 -0.00059126210425749365 8.4026159350544056e-05
leaf_weight=0.022671417333185673 0.084740837337449193 0.012907140247989446 0.013645565544720739 0.065836119872983545 0.02269467175938189
leaf_count=30 112 17 18 87 30
internal_value=1.28222e-11 0.000485159 0.000671321 -0.00050543 -0.00018077
internal_weight=0.222496 0.133988 0.0983864 0.0885075 0.0356018
internal_count=294 177 130 117 47
is_linear=0
shrinkage=0.06


Tree=122
num_leaves=6
num_cat=0
split_feature=0 4 3 9 8
split_gain=4.64718e-05 4.17994e-05 2.04664e-05 1.95005e-05 1.75674e-05
threshold=0.57000000000000017 6.9988669136307529 -0.39749999999999991 0.21499004871948338 -0.69510229305113158
decision_type=2 2 2 2 2
left_child=2 -2 3 -1 -4
right_child=1 -3 4 -5 -6
leaf_value=-0.00014487959102864594 0.00043937442637971959 -0.00016299513596282526 6.8845751464427491e-05 0.00023697036475258198 -0.00043998356004380226
leaf_weight=0.018922361603472382 0.074953067523892969 0.027220294228754938 0.012116422120016068 0.022692550090141594 0.066589108668267727
leaf_count=25 99 36 16 30 88
internal_value=-8.17433e-12 0.000276613 -0.000272132 9.09422e-05 -0.000370446
internal_weight=0.222494 0.102173 0.12032 0.0416149 0.0787055
internal_count=294 135 159 55 104
is_linear=0
shrinkage=0.06


Tree=123
num_leaves=6
num_cat=0
split_feature=9 2 3 0 14
split_gain=0.000135213 3.92682e-05 3.24923e-05 2.02795e-05 1.25738e-05
threshold=0.052992583492696609 0.028398943936087433 -0.43499999999999989 0.72000000000000008 0.60397828058749026
decision_type=2 2 2 2 2
left_child=2 -2 -1 -4 -3
right_child=1 4 3 -5 -6
leaf_value=9.9798442565159428e-05 -0.0001143553005728452 0.00062454101186113289 -0.00063060265877875026 4.1580587910939656e-05 -3.2180777467534749e-05
leaf_weight=0.012848520302213728 0.017418015282601118 0.071154183766338974 0.054440955456811935 0.053747453377582133 0.012886078970041126
leaf_count=17 23 94 72 71 17
internal_value=-1.07968e-11 0.000472135 -0.000463889 -0.00056048 0.000587049
internal_weight=0.222495 0.101458 0.121037 0.108188 0.0840403
internal_count=294 134 160 143 111
is_linear=0
shrinkage=0.06


Tree=124
num_leaves=6
num_cat=0
split_feature=8 6 8 5 1
split_gain=0.000151355 7.27439e-05 3.87956e-05 2.80071e-05 1.30663e-05
threshold=-0.19840434561123718 0.66604340695691822 0.77814371518675507 -0.89919053703901541 -0.9953194331754891
decision_type=2 2 2 2 2
left_child=3 2 -2 -1 -3
right_child=1 4 -4 -5 -6
leaf_value=7.8276549673404701e-05 0.00076029495054242148 -0.00026964847363934654 -8.6252108625670606e-05 -0.00059123673291446239 8.403858556170619e-05
leaf_weight=0.022670603531878442 0.084740103222429752 0.012908011209219694 0.013646315957885236 0.065835474000778049 0.022694185667205602
leaf_count=30 112 17 18 87 30
internal_value=6.10982e-12 0.000485111 0.000671251 -0.000505381 -0.000180748
internal_weight=0.222495 0.133989 0.0983864 0.0885061 0.0356022
internal_count=294 177 130 117 47
is_linear=0
shrinkage=0.06


Tree=125
num_leaves=7
num_cat=0
split_feature=0 4 3 9 8 14
split_gain=4.64825e-05 4.18137e-05 2.0471e-05 1.95041e-05 1.75661e-05 7.3904e-06
threshold=0.57000000000000017 6.9988669136307529 -0.39749999999999991 0.21499004871948338 -0.69510229305113158 0.6682742947278143
decision_type=2 2 2 2 2 2
left_child=2 5 3 -1 -4 -2
right_child=1 -3 4 -5 -6 -7
leaf_value=-0.00014489224623676799 0.00047015230676928244 -0.00016302766516306213 6.88351036583526e-05 0.00023699333752003515 -0.00044001638601614998 -2.4041029472000834e-05
leaf_weight=0.018922353163361549 0.05679137003608048 0.027219797717407346 0.012116514320950955 0.02269212732790038 0.066588475718162954 0.018161997781135142
leaf_count=25 75 36 16 30 88 24
internal_value=2.71176e-12 0.000276644 -0.000272163 9.09523e-05 -0.000370488 0.000439438
internal_weight=0.222493 0.102173 0.120319 0.0416145 0.078705 0.0749534
internal_count=294 135 159 55 104 99
is_linear=0
shrinkage=0.06


Tree=126
num_leaves=7
num_cat=0
split_feature=9 2 10 14 5 6
split_gain=0.000135205 3.9285e-05 2.90756e-05 1.25763e-05 4.10809e-06 1.54687e-06
threshold=0.052992583492696609 0.028398943936087433 -0.48116226519365718 0.60397828058749026 -0.86789813288307682 0.58996498280360143
decision_type=2 2 2 2 2 2
left_child=2 -2 5 -3 -4 -1
right_child=1 3 4 -5 -6 -7
leaf_value=-2.4650990758881833e-05 -0.00011440001543430652 0.00062457364795568294 9.0315300686010394e-06 -3.2185588137378701e-05 -0.00057350862847026674 0.00010958747621892171
leaf_weight=0.012839958304539323 0.01741822762414813 0.071154152799863368 0.013591525843366981 0.012886542768683285 0.074154495261609554 0.020449225965421647
leaf_count=17 23 94 18 17 98 27
internal_value=3.70495e-12 0.000472121 -0.000463876 0.000587076 -0.000557927 8.40626e-05
internal_weight=0.222494 0.101459 0.121035 0.0840407 0.087746 0.0332892
internal_count=294 134 160 111 116 44
is_linear=0
shrinkage=0.06


Tree=127
num_leaves=6
num_cat=0
split_feature=8 6 8 5 1
split_gain=0.000151322 7.27257e-05 3.87954e-05 2.80157e-05 1.30683e-05
threshold=-0.19840434561123718 0.66604340695691822 0.77814371518675507 -0.89919053703901541 -0.9953194331754891
decision_type=2 2 2 2 2
left_child=3 2 -2 -1 -3
right_child=1 4 -4 -5 -6
leaf_value=7.8307077548723432e-05 0.00076022413517337509 -0.00026964014572784865 -8.6260337795887322e-05 -0.00059120915608834373 8.4055208799252066e-05
leaf_weight=0.0226697304751724 0.084739113401155919 0.01290899032028392 0.013646949431858957 0.065834986802656204 0.022693816106766462
leaf_count=30 112 17 18 87 30
internal_value=1.26102e-11 0.000485057 0.000671173 -0.000505325 -0.000180724
internal_weight=0.222494 0.133989 0.0983861 0.0885047 0.0356028
internal_count=294 177 130 117 47
is_linear=0
shrinkage=0.06


Tree=128
num_leaves=7
num_cat=0
split_feature=9 14 9 7 7 10
split_gain=4.4781e-05 4.13329e-05 2.6713e-05 1.94857e-05 1.48348e-05 1.30125e-05
threshold=-0.015904606024345146 -0.32047945415064155 -0.48706667958608557 1.183860973313402 -1.1308303320332385 -0.71625585535174252
decision_type=2 2 2 2 2 2
left_child=2 -2 5 -3 -4 -1
right_child=1 3 4 -5 -6 -7
leaf_value=-0.00010446281696124692 -0.00016343612782484534 0.00050147011131658644 5.5092671946978501e-05 -6.4962643749828745e-05 -0.00044997931465643918 0.00021983660758379198
leaf_weight=0.013643023848999292 0.02947282959939912 0.06432986434083432 0.018194367992691696 0.018885142111685127 0.054479530721437186 0.023486667079851031
leaf_count=18 39 85 24 25 72 31
internal_value=-5.77226e-12 0.000268977 -0.000269676 0.000431623 -0.000390052 0.000114848
internal_weight=0.222491 0.112688 0.109804 0.083215 0.0726739 0.0371297
internal_count=294 149 145 110 96 49
is_linear=0
shrinkage=0.06


Tree=129
num_leaves=6
num_cat=0
split_feature=9 2 3 0 14
split_gain=0.000135183 3.93044e-05 3.2506e-05 2.02824e-05 1.25766e-05
threshold=0.052992583492696609 0.028398943936087433 -0.43499999999999989 0.72000000000000008 0.60397828058749026
decision_type=2 2 2 2 2
left_child=2 -2 -1 -4 -3
right_child=1 4 3 -5 -6
leaf_value=9.984355978931836e-05 -0.00011445576444843203 0.0006245866956342401 -0.00063060140767412303 4.1589243125790948e-05 -3.2185651142979011e-05
leaf_weight=0.012847655219957232 0.017418863601051271 0.071155224577523768 0.054438273655250669 0.053746437421068549 0.012886921758763492
leaf_count=17 23 94 72 71 17
internal_value=-3.39528e-12 0.000472082 -0.00046384 -0.000560471 0.000587089
internal_weight=0.222493 0.101461 0.121032 0.108185 0.0840421
internal_count=294 134 160 143 111
is_linear=0
shrinkage=0.06


Tree=130
num_leaves=6
num_cat=0
split_feature=8 6 8 5 1
split_gain=0.000151302 7.2712e-05 3.8802e-05 2.80164e-05 1.3068e-05
threshold=-0.19840434561123718 0.66604340695691822 0.77814371518675507 -0.89919053703901541 -0.9953194331754891
decision_type=2 2 2 2 2
left_child=3 2 -2 -1 -3
right_child=1 4 -4 -5 -6
leaf_value=7.8313310400680359e-05 0.0007601902567545742 -0.00026962255662534717 -8.6280317699642914e-05 -0.00059118220916898887 8.405910158165131e-05
leaf_weight=0.022669146186672151 0.084739086916670203 0.012910229386761785 0.013646507577504963 0.065834195585921407 0.02269359806086868
leaf_count=30 112 17 18 87 30
internal_value=-5.25055e-12 0.000485025 0.000671122 -0.000505293 -0.000180703
internal_weight=0.222493 0.133989 0.0983856 0.0885033 0.0356038
internal_count=294 177 130 117 47
is_linear=0
shrinkage=0.06


Tree=131
num_leaves=7
num_cat=0
split_feature=0 4 9 14 6 5
split_gain=4.64965e-05 4.18382e-05 1.59274e-05 7.3936e-06 4.77446e-06 3.07953e-06
threshold=0.57000000000000017 6.9988669136307529 0.22759895248908721 0.6682742947278143 0.57877700056929016 0.53162794129748925
decision_type=2 2 2 2 2 2
left_child=2 3 5 -2 -4 -1
right_child=1 -3 4 -5 -6 -7
leaf_value=-0.00037017653039432726 0.00047025766892265568 -0.00016308682349224133 -6.133269550223629e-05 -2.4046063195172118e-05 0.00013598721653705712 1.260091450769436e-05
leaf_weight=0.063575995387509465 0.056791709270328283 0.027219440264161676 0.023465224716346711 0.018161663552746177 0.020420743792783469 0.012855704117100686
leaf_count=84 75 36 31 24 27 17
internal_value=2.04891e-12 0.000276686 -0.000272205 0.000439537 7.27975e-05 -0.000353899
internal_weight=0.22249 0.102173 0.120318 0.0749534 0.043886 0.0764317
internal_count=294 135 159 99 58 101
is_linear=0
shrinkage=0.06


Tree=132
num_leaves=6
num_cat=0
split_feature=9 2 3 0 0
split_gain=0.00013517 3.9318e-05 3.25109e-05 2.02743e-05 5.73511e-06
threshold=0.052992583492696609 0.028398943936087433 -0.43499999999999989 0.72000000000000008 0.84250000000000014
decision_type=2 2 2 2 2
left_child=2 -2 -1 -4 -3
right_child=1 4 3 -5 -6
leaf_value=9.9860412218240847e-05 -0.00011449429172652643 0.00060635683224052796 -0.00063057415111317163 4.1569310770277406e-05 -1.3378077157832923e-05
leaf_weight=0.012847357022110373 0.017419180716387928 0.071946767100598663 0.054436686274129897 0.053746669029351324 0.012095678655896336
leaf_count=17 23 95 72 71 16
internal_value=1.83714e-11 0.000472058 -0.000463817 -0.000560464 0.000587101
internal_weight=0.222492 0.101462 0.121031 0.108183 0.0840424
internal_count=294 134 160 143 111
is_linear=0
shrinkage=0.06


Tree=133
num_leaves=6
num_cat=0
split_feature=8 6 8 5 1
split_gain=0.000151281 7.26954e-05 3.88029e-05 2.80209e-05 1.30712e-05
threshold=-0.19840434561123718 0.66604340695691822 0.77814371518675507 -0.89919053703901541 -0.9953194331754891
decision_type=2 2 2 2 2
left_child=3 2 -2 -1 -3
right_child=1 4 -4 -5 -6
leaf_value=7.8330242689627255e-05 0.00076013795109763709 -0.00026961868588976556 -8.6288802360980714e-05 -0.00059116158552571373 8.4081496884049514e-05
leaf_weight=0.022668566962238401 0.084738237375859171 0.012911112688016146 0.0136467584525235 0.065833862638100982 0.022693179664202034
leaf_count=30 112 17 18 87 30
internal_value=-1.01412e-11 0.000484991 0.000671062 -0.000505258 -0.000180677
internal_weight=0.222492 0.133989 0.098385 0.0885024 0.0356043
internal_count=294 177 130 117 47
is_linear=0
shrinkage=0.06


Tree=134
num_leaves=7
num_cat=0
split_feature=0 4 3 12 8 14
split_gain=4.65037e-05 4.18495e-05 2.04787e-05 1.95101e-05 1.75565e-05 7.39456e-06
threshold=0.57000000000000017 6.9988669136307529 -0.39749999999999991 0.21499004871948338 -0.69510229305113158 0.6682742947278143
decision_type=2 2 2 2 2 2
left_child=2 5 3 -1 -4 -2
right_child=1 -3 4 -5 -6 -7
leaf_value=-0.00014491442868700232 0.00047030637835580213 -0.0001631138499820343 6.8789913103641805e-05 0.00023703048356730802 -0.00044005339789026147 -2.4046381293137061e-05
leaf_weight=0.018921943614259362 0.056792037503328174 0.027218628150876611 0.012116572761442512 0.022691285004839301 0.066587099921889603 0.018161753425374627
leaf_count=25 75 36 16 30 88 24
internal_value=-2.45789e-12 0.000276707 -0.000272226 9.09671e-05 -0.000370567 0.000439584
internal_weight=0.222489 0.102172 0.120317 0.0416132 0.0787037 0.0749538
internal_count=294 135 159 55 104 99
is_linear=0
shrinkage=0.06


Tree=135
num_leaves=6
num_cat=0
split_feature=9 2 3 0 14
split_gain=0.000135164 3.93326e-05 3.25183e-05 2.02655e-05 1.25807e-05
threshold=0.052992583492696609 0.028398943936087433 -0.43499999999999989 0.72000000000000008 0.60397828058749026
decision_type=2 2 2 2 2
left_child=2 -2 -1 -4 -3
right_child=1 4 3 -5 -6
leaf_value=9.9882135029749646e-05 -0.00011453295447698219 0.00062463281596220705 -0.00063056087114648281 4.1545726697611425e-05 -3.2194093827955188e-05
leaf_weight=0.012846995377913117 0.01741930446587503 0.071155024459585547 0.054435156052932143 0.053747035271953791 0.012887712277006358
leaf_count=17 23 94 72 71 17
internal_value=-4.53495e-12 0.000472047 -0.000463807 -0.000560474 0.000587126
internal_weight=0.222491 0.101462 0.121029 0.108182 0.0840427
internal_count=294 134 160 143 111
is_linear=0
shrinkage=0.06


Tree=136
num_leaves=7
num_cat=0
split_feature=8 6 8 9 2 1
split_gain=0.00015125 7.26758e-05 3.87966e-05 1.64045e-05 1.31125e-05 1.30739e-05
threshold=-0.19840434561123718 0.66604340695691822 0.77814371518675507 0.079556252921495763 0.1124041590956464 -0.9953194331754891
decision_type=2 2 2 2 2 2
left_child=3 2 -2 4 -1 -3
right_child=1 5 -4 -5 -6 -7
leaf_value=-0.00060185730614512436 0.00076005580013208574 -0.00026961052227104622 -8.628424898138453e-05 4.900104858614339e-05 3.2016036483691014e-05 8.410235318817451e-05
leaf_weight=0.05070782161783427 0.084737552795559168 0.012911927537061274 0.013647225918248296 0.013579796242993325 0.024213284603320062 0.022692966158501804
leaf_count=67 112 17 18 18 32 30
internal_value=-4.97994e-12 0.000484941 0.000670985 -0.000505207 -0.000557794 -0.000180649
internal_weight=0.222491 0.13399 0.0983848 0.0885009 0.0749211 0.0356049
internal_count=294 177 130 117 99 47
is_linear=0
shrinkage=0.06


Tree=137
num_leaves=7
num_cat=0
split_feature=0 4 3 9 8 14
split_gain=4.65139e-05 4.18632e-05 2.04832e-05 1.95135e-05 1.75563e-05 7.39498e-06
threshold=0.57000000000000017 6.9988669136307529 -0.39749999999999991 0.21499004871948338 -0.69510229305113158 0.6682742947278143
decision_type=2 2 2 2 2 2
left_child=2 5 3 -1 -4 -2
right_child=1 -3 4 -5 -6 -7
leaf_value=-0.00014492617547537487 0.00047036546255824126 -0.00016314495901798969 6.8783281715757651e-05 0.0002370522283946317 -0.00044008827035107621 -2.4043955017883233e-05
leaf_weight=0.018921922019217163 0.056792531628161669 0.027217974478844553 0.012116963800508529 0.022690914920531213 0.066586199565790594 0.018161549523938447
leaf_count=25 75 36 16 30 88 24
internal_value=-2.70061e-12 0.000276738 -0.000272256 9.09769e-05 -0.000370607 0.000439645
internal_weight=0.222488 0.102172 0.120316 0.0416128 0.0787032 0.0749541
internal_count=294 135 159 55 104 99
is_linear=0
shrinkage=0.06


Tree=138
num_leaves=6
num_cat=0
split_feature=9 2 3 0 0
split_gain=0.000135166 3.93462e-05 3.25247e-05 2.02554e-05 5.73676e-06
threshold=0.052992583492696609 0.028398943936087433 -0.43499999999999989 0.72000000000000008 0.84250000000000014
decision_type=2 2 2 2 2
left_child=2 -2 -1 -4 -3
right_child=1 4 3 -5 -6
leaf_value=9.9898644158328144e-05 -0.00011456632544854958 0.00060642099288522595 -0.00063055430310838081 4.1518052838477074e-05 -1.3380906765613903e-05
leaf_weight=0.012846310040913522 0.01741955109173432 0.071947474789340049 0.054434456047601998 0.053747056634165347 0.012095265497919172
leaf_count=17 23 95 72 71 16
internal_value=-3.54036e-12 0.000472051 -0.000463812 -0.000560494 0.000587162
internal_weight=0.22249 0.101462 0.121028 0.108182 0.0840427
internal_count=294 134 160 143 111
is_linear=0
shrinkage=0.06


Tree=139
num_leaves=6
num_cat=0
split_feature=8 6 8 5 1
split_gain=0.000151223 7.26627e-05 3.87962e-05 2.80388e-05 1.30763e-05
threshold=-0.19840434561123718 0.66604340695691822 0.77814371518675507 -0.89919053703901541 -0.9953194331754891
decision_type=2 2 2 2 2
left_child=3 2 -2 -1 -3
right_child=1 4 -4 -5 -6
leaf_value=7.8390906115582536e-05 0.00076000129410199921 -0.00026960932974362046 -8.6289962663749009e-05 -0.00059112172423013106 8.4118280822099146e-05
leaf_weight=0.022666894888971001 0.08473599108401686 0.012912898557260633 0.013647848449181765 0.065833419095724821 0.02269243320915848
leaf_count=30 112 17 18 87 30
internal_value=-1.65928e-11 0.000484898 0.000670925 -0.000505162 -0.000180632
internal_weight=0.222489 0.133989 0.0983838 0.0885003 0.0356053
internal_count=294 177 130 117 47
is_linear=0
shrinkage=0.06


Tree=140
num_leaves=7
num_cat=0
split_feature=0 4 3 9 11 14
split_gain=4.65172e-05 4.18724e-05 2.04918e-05 1.95142e-05 1.75558e-05 7.39631e-06
threshold=0.57000000000000017 6.9988669136307529 -0.39749999999999991 0.21499004871948338 -0.69510229305113158 0.6682742947278143
decision_type=2 2 2 2 2 2
left_child=2 5 3 -1 -4 -2
right_child=1 -3 4 -5 -6 -7
leaf_value=-0.00014491760952706551 0.00047040108065377344 -0.00016316933082494218 6.8775681235021767e-05 0.00023707441426296195 -0.00044012104055444454 -2.4046514933061492e-05
leaf_weight=0.018922169751022011 0.056793771975208074 0.027217097755055875 0.012117041507735848 0.022690286976285279 0.066584633954335004 0.018161850399337709
leaf_count=25 75 36 16 30 88 24
internal_value=-2.06173e-12 0.000276747 -0.000272266 9.10069e-05 -0.000370647 0.000439677
internal_weight=0.222487 0.102173 0.120314 0.0416125 0.0787017 0.0749556
internal_count=294 135 159 55 104 99
is_linear=0
shrinkage=0.06


Tree=141
num_leaves=6
num_cat=0
split_feature=9 2 3 0 14
split_gain=0.00013516 3.93607e-05 3.25321e-05 2.02466e-05 1.25863e-05
threshold=0.052992583492696609 0.028398943936087433 -0.43499999999999989 0.72000000000000008 0.60397828058749026
decision_type=2 2 2 2 2
left_child=2 -2 -1 -4 -3
right_child=1 4 3 -5 -6
leaf_value=9.992034773415208e-05 -0.00011460492169696218 0.00062470557749610891 -0.00063054083253080381 4.1494466417461788e-05 -3.2205271222591147e-05
leaf_weight=0.012845946592278779 0.017419669951777905 0.071154283708892763 0.05443291284609586 0.053747413156088442 0.012888726079836488
leaf_count=17 23 94 72 71 17
internal_value=-2.64969e-12 0.00047204 -0.000463802 -0.000560503 0.000587187
internal_weight=0.222489 0.101463 0.121026 0.10818 0.084043
internal_count=294 134 160 143 111
is_linear=0
shrinkage=0.06


Tree=142
num_leaves=6
num_cat=0
split_feature=8 6 8 5 1
split_gain=0.000151193 7.26431e-05 3.87899e-05 2.80469e-05 1.3079e-05
threshold=-0.19840434561123718 0.66604340695691822 0.77814371518675507 -0.89919053703901541 -0.9953194331754891
decision_type=2 2 2 2 2
left_child=3 2 -2 -1 -3
right_child=1 4 -4 -5 -6
leaf_value=7.841935510329827e-05 0.00075991909052467083 -0.0002696011719222391 -8.6285381687196733e-05 -0.00059109697953125433 8.4139114473698263e-05
leaf_weight=0.022666004719212651 0.084735288459341973 0.012913711543660611 0.013648313004523516 0.065832761058118194 0.022692212543915957
leaf_count=30 112 17 18 87 30
internal_value=-1.1735e-12 0.000484849 0.000670848 -0.000505112 -0.000180604
internal_weight=0.222488 0.13399 0.0983836 0.0884988 0.0356059
internal_count=294 177 130 117 47
is_linear=0
shrinkage=0.06


Tree=143
num_leaves=7
num_cat=0
split_feature=0 4 3 9 8 14
split_gain=4.65273e-05 4.18861e-05 2.04962e-05 1.95176e-05 1.75556e-05 7.39672e-06
threshold=0.57000000000000017 6.9988669136307529 -0.39749999999999991 0.21499004871948338 -0.69510229305113158 0.6682742947278143
decision_type=2 2 2 2 2 2
left_child=2 5 3 -1 -4 -2
right_child=1 -3 4 -5 -6 -7
leaf_value=-0.0001449293390996066 0.0004704599265882058 -0.00016320037268406539 6.8769009300601445e-05 0.00023709611252157391 -0.00044015569672105196 -2.4044065851069303e-05
leaf_weight=0.018922143790405244 0.056794251839164644 0.027216438087634742 0.012117429520003498 0.022689910663757473 0.066583715728484094 0.018161641608458012
leaf_count=25 75 36 16 30 88 24
internal_value=-1.05179e-12 0.000276777 -0.000272296 9.10167e-05 -0.000370687 0.000439738
internal_weight=0.222486 0.102172 0.120313 0.0416121 0.0787011 0.0749559
internal_count=294 135 159 55 104 99
is_linear=0
shrinkage=0.06


Tree=144
num_leaves=6
num_cat=0
split_feature=9 2 3 0 14
split_gain=0.000135152 3.93774e-05 3.25394e-05 2.02393e-05 1.25888e-05
threshold=0.052992583492696609 0.028398943936087433 -0.43499999999999989 0.72000000000000008 0.60397828058749026
decision_type=2 2 2 2 2
left_child=2 -2 -1 -4 -3
right_child=1 4 3 -5 -6
leaf_value=9.9942509173597409e-05 -0.00011464948430186762 0.00062473759661301788 -0.00063052842995576141 4.1475114788491014e-05 -3.2210082284057936e-05
leaf_weight=0.012845428660511971 0.017419869836885482 0.071154195349663496 0.054431451135315001 0.053747596219182014 0.012889183592051268
leaf_count=17 23 94 72 71 17
internal_value=-8.6905e-13 0.000472025 -0.000463789 -0.000560509 0.000587214
internal_weight=0.222488 0.101463 0.121024 0.108179 0.0840434
internal_count=294 134 160 143 111
is_linear=0
shrinkage=0.06


Tree=145
num_leaves=6
num_cat=0
split_feature=8 6 8 5 1
split_gain=0.000151159 7.2625e-05 3.87897e-05 2.80555e-05 1.30811e-05
threshold=-0.19840434561123718 0.66604340695691822 0.77814371518675507 -0.89919053703901541 -0.9953194331754891
decision_type=2 2 2 2 2
left_child=3 2 -2 -1 -3
right_child=1 4 -4 -5 -6
leaf_value=7.8449797657514483e-05 0.00075984807402831259 -0.00026959286125045559 -8.6293540261535591e-05 -0.00059106908396722158 8.4155669550496748e-05
leaf_weight=0.022665115538984537 0.084734243981074542 0.012914684019051492 0.013648939377162606 0.065832225605845451 0.022691822028718889
leaf_count=30 112 17 18 87 30
internal_value=9.69626e-12 0.000484795 0.000670769 -0.000505056 -0.000180579
internal_weight=0.222487 0.13399 0.0983832 0.0884973 0.0356065
internal_count=294 177 130 117 47
is_linear=0
shrinkage=0.06


Tree=146
num_leaves=7
num_cat=0
split_feature=0 4 3 9 8 14
split_gain=4.6537e-05 4.18997e-05 2.05007e-05 1.9521e-05 1.75547e-05 7.39707e-06
threshold=0.57000000000000017 6.9988669136307529 -0.39749999999999991 0.21499004871948338 -0.69510229305113158 0.6682742947278143
decision_type=2 2 2 2 2 2
left_child=2 5 3 -1 -4 -2
right_child=1 -3 4 -5 -6 -7
leaf_value=-0.00014494119532489351 0.00047051770938577261 -0.00016323188157278353 6.8760050754326413e-05 0.00023711863429020055 -0.00044018740823029227 -2.4041441772173712e-05
leaf_weight=0.018922112241853029 0.056794720585457981 0.027215696696657687 0.012117573467548937 0.022689512697979808 0.066583030973561108 0.018161505053285509
leaf_count=25 75 36 16 30 88 24
internal_value=-2.41605e-12 0.000276806 -0.000272324 9.10272e-05 -0.000370727 0.000439797
internal_weight=0.222484 0.102172 0.120312 0.0416116 0.0787006 0.0749562
internal_count=294 135 159 55 104 99
is_linear=0
shrinkage=0.06


Tree=147
num_leaves=6
num_cat=0
split_feature=9 2 3 0 14
split_gain=0.000135144 3.9394e-05 3.25468e-05 2.0232e-05 1.25912e-05
threshold=0.052992583492696609 0.028398943936087433 -0.43499999999999989 0.72000000000000008 0.60397828058749026
decision_type=2 2 2 2 2
left_child=2 -2 -1 -4 -3
right_child=1 4 3 -5 -6
leaf_value=9.9964663465636441e-05 -0.00011469401087706571 0.00062476949526138611 -0.00063051592353016446 4.145575827288837e-05 -3.2214893855676407e-05
leaf_weight=0.012844909681007266 0.017420067568309605 0.071154096687678248 0.054429982847068459 0.05374777433462441 0.012889640172943473
leaf_count=17 23 94 72 71 17
internal_value=2.38257e-12 0.00047201 -0.000463775 -0.000560516 0.00058724
internal_weight=0.222486 0.101464 0.121023 0.108178 0.0840437
internal_count=294 134 160 143 111
is_linear=0
shrinkage=0.06


Tree=148
num_leaves=6
num_cat=0
split_feature=8 6 8 5 0
split_gain=0.000151126 7.26069e-05 3.87895e-05 2.80641e-05 8.33212e-06
threshold=-0.19840434561123718 0.66604340695691822 0.77814371518675507 -0.89919053703901541 0.64000000000000012
decision_type=2 2 2 2 2
left_child=3 2 -2 -1 -3
right_child=1 4 -4 -5 -6
leaf_value=7.8480216551326154e-05 0.00075977700286134072 -0.0002422844093256267 -8.6301689542920917e-05 -0.00059104113720612878 6.0263010542451497e-05
leaf_weight=0.022664223855827004 0.084733190131373703 0.023495844972785562 0.013649564585648477 0.065831681189592928 0.012111238262150437
leaf_count=30 112 31 18 87 16
internal_value=-1.07355e-11 0.000484741 0.000670691 -0.000505001 -0.000180555
internal_weight=0.222486 0.13399 0.0983828 0.0884959 0.0356071
internal_count=294 177 130 117 47
is_linear=0
shrinkage=0.06


Tree=149
num_leaves=7
num_cat=0
split_feature=0 4 3 9 8 14
split_gain=4.65467e-05 4.19134e-05 2.05052e-05 1.95245e-05 1.75538e-05 7.3974e-06
threshold=0.57000000000000017 6.9988669136307529 -0.39749999999999991 0.21499004871948338 -0.69510229305113158 0.6682742947278143
decision_type=2 2 2 2 2 2
left_child=2 5 3 -1 -4 -2
right_child=1 -3 4 -5 -6 -7
leaf_value=-0.00014495304672417742 0.00047057536997222293 -0.0001632633553883926 6.8751071867966689e-05 0.00023714113431437954 -0.00044021901243358432 -2.4038798613838372e-05
leaf_weight=0.018922078481409699 0.056795181706547737 0.027214952278882265 0.012117715668864548 0.022689111588988453 0.066582337371073663 0.018161365878768265
leaf_count=25 75 36 16 30 88 24
internal_value=-1.09085e-12 0.000276835 -0.000272353 9.10376e-05 -0.000370766 0.000439856
internal_weight=0.222483 0.102171 0.120311 0.0416112 0.0787001 0.0749565
internal_count=294 135 159 55 104 99
is_linear=0
shrinkage=0.06


Tree=150
num_leaves=6
num_cat=0
split_feature=9 2 3 0 14
split_gain=0.000135133 3.94104e-05 3.25539e-05 2.02268e-05 1.25946e-05
threshold=0.052992583492696609 0.028398943936087433 -0.43499999999999989 0.72000000000000008 0.60397828058749026
decision_type=2 2 2 2 2
left_child=2 -2 -1 -4 -3
right_child=1 4 3 -5 -6
leaf_value=9.9986798553224266e-05 -0.0001147386035406588 0.0006247992451410883 -0.0006305045505506701 4.1442554740165798e-05 -3.222253487000742e-05
leaf_weight=0.012844389537349343 0.01742026605643332 0.071154003846459091 0.054428580915555358 0.053747768688481301 0.012890187324956059
leaf_count=17 23 94 72 71 17
internal_value=-6.42792e-12 0.000471991 -0.000463757 -0.000560517 0.000587262
internal_weight=0.222485 0.101464 0.121021 0.108176 0.0840442
internal_count=294 134 160 143 111
is_linear=0
shrinkage=0.06


Tree=151
num_leaves=6
num_cat=0
split_feature=8 6 8 5 1
split_gain=0.000151092 7.25887e-05 3.87876e-05 2.80726e-05 1.30852e-05
threshold=-0.19840434561123718 0.66604340695691822 0.77814371518675507 -0.89919053703901541 -0.9953194331754891
decision_type=2 2 2 2 2
left_child=3 2 -2 -1 -3
right_child=1 4 -4 -5 -6
leaf_value=7.85105475085324e-05 0.00075970288407291081 -0.00026957596235564882 -8.6306560319862648e-05 -0.00059101344928726466 8.4188766850551349e-05
leaf_weight=0.022663327981717885 0.084732184652239084 0.012916616979055107 0.013650152832269669 0.065831070649437606 0.022691076388582587
leaf_count=30 112 17 18 87 30
internal_value=1.84133e-13 0.000484687 0.000670613 -0.000504946 -0.000180531
internal_weight=0.222484 0.13399 0.0983823 0.0884944 0.0356077
internal_count=294 177 130 117 47
is_linear=0
shrinkage=0.06


Tree=152
num_leaves=7
num_cat=0
split_feature=0 4 3 9 8 14
split_gain=4.65572e-05 4.19272e-05 2.05093e-05 1.95276e-05 1.75529e-05 7.39776e-06
threshold=0.57000000000000017 6.9988669136307529 -0.39749999999999991 0.21499004871948338 -0.69510229305113158 0.6682742947278143
decision_type=2 2 2 2 2 2
left_child=2 5 3 -1 -4 -2
right_child=1 -3 4 -5 -6 -7
leaf_value=-0.00014496408881672403 0.00047063521046483405 -0.00016329463857805613 6.8742080750916628e-05 0.00023716069506679463 -0.00044025091220946638 -2.4036044818032967e-05
leaf_weight=0.018922076094895601 0.056795512442477047 0.027214203786570579 0.012117863341700286 0.022688634693622589 0.066581667400896549 0.018161348474677652
leaf_count=25 75 36 16 30 88 24
internal_value=6.08583e-12 0.000276866 -0.000272384 9.1046e-05 -0.000370806 0.000439918
internal_weight=0.222481 0.102171 0.12031 0.0416107 0.0786995 0.0749569
internal_count=294 135 159 55 104 99
is_linear=0
shrinkage=0.06


Tree=153
num_leaves=6
num_cat=0
split_feature=9 2 3 0 14
split_gain=0.000135124 3.9427e-05 3.25612e-05 2.02195e-05 1.2597e-05
threshold=0.052992583492696609 0.028398943936087433 -0.43499999999999989 0.72000000000000008 0.60397828058749026
decision_type=2 2 2 2 2
left_child=2 -2 -1 -4 -3
right_child=1 4 3 -5 -6
leaf_value=0.00010000892973766996 -0.00011478306374760514 0.00062483092696926192 -0.00063049184976496516 4.1423194764145078e-05 -3.2227343596064173e-05
leaf_weight=0.012843868229538202 0.017420458781998605 0.071153884695377201 0.0544270976097323 0.053747936908621341 0.012890641577541828
leaf_count=17 23 94 72 71 17
internal_value=7.07797e-12 0.000471976 -0.000463743 -0.000560523 0.000587289
internal_weight=0.222484 0.101465 0.121019 0.108175 0.0840445
internal_count=294 134 160 143 111
is_linear=0
shrinkage=0.06


Tree=154
num_leaves=6
num_cat=0
split_feature=8 6 8 5 0
split_gain=0.000151059 7.25706e-05 3.87874e-05 2.80812e-05 8.33634e-06
threshold=-0.19840434561123718 0.66604340695691822 0.77814371518675507 -0.89919053703901541 0.64000000000000012
decision_type=2 2 2 2 2
left_child=3 2 -2 -1 -3
right_child=1 4 -4 -5 -6
leaf_value=7.8540933663098729e-05 0.00075963175710179942 -0.0002422695248127572 -8.6314684520703047e-05 -0.00059098538469069242 6.0298010922313588e-05
leaf_weight=0.022662430419586599 0.084731110313441604 0.023497084679547697 0.013650775246787816 0.065830508538056165 0.01211117603816092
leaf_count=30 112 31 18 87 16
internal_value=-1.39495e-13 0.000484633 0.000670535 -0.00050489 -0.000180506
internal_weight=0.222483 0.13399 0.0983819 0.0884929 0.0356083
internal_count=294 177 130 117 47
is_linear=0
shrinkage=0.06


Tree=155
num_leaves=7
num_cat=0
split_feature=0 4 3 9 8 14
split_gain=4.65668e-05 4.19408e-05 2.05138e-05 1.9531e-05 1.75519e-05 7.39809e-06
threshold=0.57000000000000017 6.9988669136307529 -0.39749999999999991 0.21499004871948338 -0.69510229305113158 0.6682742947278143
decision_type=2 2 2 2 2 2
left_child=2 5 3 -1 -4 -2
right_child=1 -3 4 -5 -6 -7
leaf_value=-0.00014497592300851057 0.00047069262152841227 -0.00016332603813467854 6.8733063216633555e-05 0.00023718313742464439 -0.00044028229823942264 -2.4033386345270661e-05
leaf_weight=0.018922037561424077 0.056795957498252392 0.027213453082367778 0.012118002690840513 0.022688226657919586 0.066580954357050359 0.018161203828640282
leaf_count=25 75 36 16 30 88 24
internal_value=-7.66701e-12 0.000276895 -0.000272412 9.10564e-05 -0.000370846 0.000439977
internal_weight=0.22248 0.102171 0.120309 0.0416103 0.078699 0.0749572
internal_count=294 135 159 55 104 99
is_linear=0
shrinkage=0.06


Tree=156
num_leaves=6
num_cat=0
split_feature=9 2 3 10 14
split_gain=0.000135113 3.94433e-05 3.25683e-05 1.59603e-05 1.26004e-05
threshold=0.052992583492696609 0.028398943936087433 -0.43499999999999989 -0.48116226519365718 0.60397828058749026
decision_type=2 2 2 2 2
left_child=2 -2 -1 -4 -3
right_child=1 4 3 -5 -6
leaf_value=0.0001000310434842406 -0.00011482760180883579 0.00062486044865590169 3.8454439670400708e-05 -0.0006116511361582218 -3.2234986122990404e-05
leaf_weight=0.012843345873989165 0.017420652671717107 0.071153770957607776 0.027998992532957345 0.080174610076937824 0.012891186459455639
leaf_count=17 23 94 37 106 17
internal_value=-5.322e-12 0.000471956 -0.000463725 -0.000560525 0.000587311
internal_weight=0.222483 0.101466 0.121017 0.108174 0.084045
internal_count=294 134 160 143 111
is_linear=0
shrinkage=0.06


Tree=157
num_leaves=6
num_cat=0
split_feature=8 6 8 5 1
split_gain=0.000151025 7.25524e-05 3.87856e-05 2.80897e-05 1.30893e-05
threshold=-0.19840434561123718 0.66604340695691822 0.77814371518675507 -0.89919053703901541 -0.9953194331754891
decision_type=2 2 2 2 2
left_child=3 2 -2 -1 -3
right_child=1 4 -4 -5 -6
leaf_value=7.8571230912013499e-05 0.00075955755753253989 -0.00026955908669116271 -8.6319529515424968e-05 -0.00059095756988768275 8.4221813236179833e-05
leaf_weight=0.022661528782919049 0.084730084287002683 0.012918545282445848 0.013651360990479589 0.06582988059381023 0.022690315905492753
leaf_count=30 112 17 18 87 30
internal_value=-1.12154e-12 0.00048458 0.000670457 -0.000504835 -0.000180482
internal_weight=0.222482 0.13399 0.0983814 0.0884914 0.0356089
internal_count=294 177 130 117 47
is_linear=0
shrinkage=0.06


Tree=158
num_leaves=7
num_cat=0
split_feature=0 4 3 9 8 14
split_gain=4.65772e-05 4.19545e-05 2.05179e-05 1.95341e-05 1.7551e-05 7.39843e-06
threshold=0.57000000000000017 6.9988669136307529 -0.39749999999999991 0.21499004871948338 -0.69510229305113158 0.6682742947278143
decision_type=2 2 2 2 2 2
left_child=2 5 3 -1 -4 -2
right_child=1 -3 4 -5 -6 -7
leaf_value=-0.00014498695383767738 0.00047075222082542062 -0.00016335725191739324 6.872403026741458e-05 0.00023720264368575595 -0.00044031396869571502 -2.4030613104429617e-05
leaf_weight=0.018922030401881784 0.056796272750943899 0.027212698652874678 0.0121181471622549 0.022687743068672717 0.066580264596268535 0.01816118141869083
leaf_count=25 75 36 16 30 88 24
internal_value=-3.91006e-12 0.000276926 -0.000272442 9.10647e-05 -0.000370885 0.000440038
internal_weight=0.222478 0.10217 0.120308 0.0416098 0.0786984 0.0749575
internal_count=294 135 159 55 104 99
is_linear=0
shrinkage=0.06


Tree=159
num_leaves=6
num_cat=0
split_feature=9 2 3 0 0
split_gain=0.000135096 3.94624e-05 3.25737e-05 2.02113e-05 5.74737e-06
threshold=0.052992583492696609 0.028398943936087433 -0.43499999999999989 0.72000000000000008 0.84250000000000014
decision_type=2 2 2 2 2
left_child=2 -2 -1 -4 -3
right_child=1 4 3 -5 -6
leaf_value=0.00010005055405763384 -0.00011488121214439968 0.00060661379495116565 -0.00063046137352493843 4.1403292071462376e-05 -1.3406477025575394e-05
leaf_weight=0.012842570838984102 0.017421038530301303 0.071952233323827386 0.05442453664727509 0.05374798591947183 0.012092873861547559
leaf_count=17 23 95 72 71 16
internal_value=3.76079e-12 0.000471925 -0.000463696 -0.000560513 0.00058733
internal_weight=0.222481 0.101466 0.121015 0.108173 0.0840451
internal_count=294 134 160 143 111
is_linear=0
shrinkage=0.06


Tree=160
num_leaves=6
num_cat=0
split_feature=8 6 8 5 1
split_gain=0.000150979 7.25392e-05 3.87899e-05 2.80957e-05 1.30897e-05
threshold=-0.19840434561123718 0.66604340695691822 0.77814371518675507 -0.89919053703901541 -0.9953194331754891
decision_type=2 2 2 2 2
left_child=3 2 -2 -1 -3
right_child=1 4 -4 -5 -6
leaf_value=7.8597930347296685e-05 0.00075948909714951176 -0.00026955375699904316 -8.6338193565053863e-05 -0.00059090489224420588 8.4226389245592901e-05
leaf_weight=0.022660222835838795 0.084729594294913113 0.01291976316133514 0.013651884626597166 0.065828980645164847 0.022689913574140519
leaf_count=30 112 17 18 87 30
internal_value=-2.74527e-12 0.000484505 0.000670371 -0.000504759 -0.000180472
internal_weight=0.22248 0.133991 0.0983815 0.0884892 0.0356097
internal_count=294 177 130 117 47
is_linear=0
shrinkage=0.06


Tree=161
num_leaves=7
num_cat=0
split_feature=0 10 3 9 8 14
split_gain=4.65962e-05 2.86841e-05 2.05179e-05 1.95388e-05 1.75505e-05 6.62271e-06
threshold=0.57000000000000017 0.33614860571700622 -0.39749999999999991 0.21499004871948338 -0.69510229305113158 0.6682742947278143
decision_type=2 2 2 2 2 2
left_child=2 5 3 -1 -4 -2
right_child=1 -3 4 -5 -6 -7
leaf_value=-0.00014501368570170493 0.00042711732329518665 -0.00012533767150994525 6.8715452291131138e-05 0.00023721667767730712 -0.00044035223117533265 -2.4024347897198506e-05
leaf_weight=0.018921825743746012 0.069674651720561087 0.01433422218542546 0.012118284124881029 0.022687155462335795 0.066579435020685196 0.018161185376811773
leaf_count=25 92 19 16 30 88 24
internal_value=-1.94457e-12 0.000276982 -0.000272498 9.10522e-05 -0.000370931 0.000397501
internal_weight=0.222477 0.10217 0.120307 0.041609 0.0786977 0.0878358
internal_count=294 135 159 55 104 116
is_linear=0
shrinkage=0.06


Tree=162
num_leaves=6
num_cat=0
split_feature=9 2 3 0 14
split_gain=0.000135092 3.94773e-05 3.25828e-05 2.02011e-05 1.26068e-05
threshold=0.052992583492696609 0.028398943936087433 -0.43499999999999989 0.72000000000000008 0.60397828058749026
decision_type=2 2 2 2 2
left_child=2 -2 -1 -4 -3
right_child=1 4 3 -5 -6
leaf_value=0.00010007636944244152 -0.0001149199323889151 0.00062492359405707935 -0.00063045194402275371 4.1375493801144895e-05 -3.22490364703852e-05
leaf_weight=0.012842206924688071 0.017421073105651885 0.071152810822241008 0.054422689543571323 0.053748565085697919 0.012892541009932756
leaf_count=17 23 94 72 71 17
internal_value=-1.17734e-12 0.000471918 -0.000463689 -0.00056053 0.000587359
internal_weight=0.22248 0.101466 0.121013 0.108171 0.0840454
internal_count=294 134 160 143 111
is_linear=0
shrinkage=0.06


Tree=163
num_leaves=6
num_cat=0
split_feature=8 6 8 5 1
split_gain=0.000150951 7.25176e-05 3.87841e-05 2.80987e-05 1.3093e-05
threshold=-0.19840434561123718 0.66604340695691822 0.77814371518675507 -0.89919053703901541 -0.9953194331754891
decision_type=2 2 2 2 2
left_child=3 2 -2 -1 -3
right_child=1 4 -4 -5 -6
leaf_value=7.8612424493841308e-05 0.00075940647887979824 -0.00026954497882845208 -8.6334696919077803e-05 -0.00059087010535948032 8.4251429589417509e-05
leaf_weight=0.022659230337012559 0.084728994173929095 0.012920496636070311 0.013652335677761585 0.06582818494644016 0.022689747856929898
leaf_count=30 112 17 18 87 30
internal_value=6.44469e-12 0.000484459 0.000670293 -0.000504712 -0.000180439
internal_weight=0.222479 0.133992 0.0983813 0.0884874 0.0356102
internal_count=294 177 130 117 47
is_linear=0
shrinkage=0.06


Tree=164
num_leaves=7
num_cat=0
split_feature=0 4 3 9 8 14
split_gain=4.66061e-05 4.19765e-05 2.05197e-05 1.95426e-05 1.75498e-05 7.39865e-06
threshold=0.57000000000000017 6.9988669136307529 -0.39749999999999991 0.21499004871948338 -0.69510229305113158 0.6682742947278143
decision_type=2 2 2 2 2 2
left_child=2 5 3 -1 -4 -2
right_child=1 -3 4 -5 -6 -7
leaf_value=-0.00014503128888790465 0.00047087193718860714 -0.00016339646460136159 6.8708555777114076e-05 0.00023723405072432918 -0.00044037638934648932 -2.4023286815071002e-05
leaf_weight=0.018922076094895601 0.056797592784278095 0.027211112028453499 0.012118656188249588 0.022686778742354363 0.066578158643096685 0.018160891602747142
leaf_count=25 75 36 16 30 88 24
internal_value=1.01079e-11 0.000277012 -0.000272527 9.1052e-05 -0.000370961 0.000440163
internal_weight=0.222475 0.10217 0.120306 0.0416089 0.0786968 0.0749585
internal_count=294 135 159 55 104 99
is_linear=0
shrinkage=0.06


Tree=165
num_leaves=6
num_cat=0
split_feature=9 2 3 0 14
split_gain=0.000135083 3.94939e-05 3.25901e-05 2.01938e-05 1.26093e-05
threshold=0.052992583492696609 0.028398943936087433 -0.43499999999999989 0.72000000000000008 0.60397828058749026
decision_type=2 2 2 2 2
left_child=2 -2 -1 -4 -3
right_child=1 4 3 -5 -6
leaf_value=0.0001000984588407962 -0.00011496428833712782 0.00062495483753973542 -0.00063043886218443776 4.1356129550981456e-05 -3.2253843148126388e-05
leaf_weight=0.012841681425925344 0.017421256983652711 0.07115265098400414 0.054421178589109331 0.053748713049571961 0.012892991187982261
leaf_count=17 23 94 72 71 17
internal_value=1.00437e-13 0.000471903 -0.000463675 -0.000560536 0.000587385
internal_weight=0.222478 0.101467 0.121012 0.10817 0.0840456
internal_count=294 134 160 143 111
is_linear=0
shrinkage=0.06


Tree=166
num_leaves=7
num_cat=0
split_feature=8 6 8 9 2 1
split_gain=0.000150917 7.24996e-05 3.87838e-05 1.63865e-05 1.32109e-05 1.30951e-05
threshold=-0.19840434561123718 0.66604340695691822 0.77814371518675507 0.079556252921495763 0.1124041590956464 -0.9953194331754891
decision_type=2 2 2 2 2 2
left_child=3 2 -2 4 -1 -3
right_child=1 5 -4 -5 -6 -7
leaf_value=-0.00060158875115266612 0.00075933522818539688 -0.00026953668165188914 -8.6342772843223101e-05 4.9002694801431927e-05 3.2330351108767539e-05 8.4267887407750647e-05
leaf_weight=0.050703936023637652 0.084727880137506872 0.012921461020596325 0.013652953028213233 0.013570316252298653 0.024211657582782209 0.022689331613946706
leaf_count=67 112 17 18 18 32 30
internal_value=-2.90151e-12 0.000484405 0.000670214 -0.000504656 -0.000557233 -0.000180415
internal_weight=0.222478 0.133992 0.0983808 0.0884859 0.0749156 0.0356108
internal_count=294 177 130 117 99 47
is_linear=0
shrinkage=0.06


Tree=167
num_leaves=7
num_cat=0
split_feature=0 4 3 9 11 14
split_gain=4.66157e-05 4.199e-05 2.05241e-05 1.95461e-05 1.75488e-05 7.39896e-06
threshold=0.57000000000000017 6.9988669136307529 -0.39749999999999991 0.21499004871948338 -0.69510229305113158 0.6682742947278143
decision_type=2 2 2 2 2 2
left_child=2 5 3 -1 -4 -2
right_child=1 -3 4 -5 -6 -7
leaf_value=-0.00014504309896872926 0.0004709288763492826 -0.00016342771886663951 6.869946129229321e-05 0.00023725638527034417 -0.00044040733902520339 -2.4020583185233612e-05
leaf_weight=0.01892202824819833 0.056798006931785494 0.027210348926018924 0.012118789134547114 0.022686357551719993 0.066577407880686224 0.018160736130084842
leaf_count=25 75 36 16 30 88 24
internal_value=-2.83456e-12 0.00027704 -0.000272556 9.10623e-05 -0.000371 0.000440221
internal_weight=0.222474 0.102169 0.120305 0.0416084 0.0786962 0.0749587
internal_count=294 135 159 55 104 99
is_linear=0
shrinkage=0.06


Tree=168
num_leaves=6
num_cat=0
split_feature=9 3 14 0 8
split_gain=0.000135086 3.25964e-05 2.60441e-05 2.01837e-05 1.14682e-05
threshold=0.052992583492696609 -0.43499999999999989 0.60397828058749026 0.72000000000000008 0.77379842252216779
decision_type=2 2 2 2 2
left_child=1 -1 4 -3 -2
right_child=2 3 -4 -5 -6
leaf_value=0.00010011488440396368 0.00058888514120930384 -0.00063043139384349296 -8.0276142761701022e-05 4.1328444918433159e-05 -3.1456474826948422e-05
leaf_weight=0.012840987008530647 0.07500939752208069 0.054420412285253406 0.014393682242371142 0.053748687321785837 0.012063937785569578
leaf_count=17 99 72 19 71 16
internal_value=6.32194e-12 -0.00046368 0.000471907 -0.000560555 0.000553064
internal_weight=0.222477 0.12101 0.101467 0.108169 0.0870733
internal_count=294 160 134 143 115
is_linear=0
shrinkage=0.06


Tree=169
num_leaves=6
num_cat=0
split_feature=8 6 8 5 1
split_gain=0.00015089 7.24865e-05 3.87833e-05 2.81169e-05 1.30974e-05
threshold=-0.19840434561123718 0.66604340695691822 0.77814371518675507 -0.89919053703901541 -0.9953194331754891
decision_type=2 2 2 2 2
left_child=3 2 -2 -1 -3
right_child=1 4 -4 -5 -6
leaf_value=7.8674751329827007e-05 0.00075928039285012015 -0.00026953550135836346 -8.6348382108902483e-05 -0.00059082610571084006 8.4283762353555263e-05
leaf_weight=0.022657506284303963 0.084726228378713131 0.012922420690301806 0.01365356333553791 0.065827710437588394 0.022688766359351575
leaf_count=30 112 17 18 87 30
internal_value=4.53082e-12 0.000484361 0.000670154 -0.000504611 -0.000180398
internal_weight=0.222476 0.133991 0.0983798 0.0884852 0.0356112
internal_count=294 177 130 117 47
is_linear=0
shrinkage=0.06


Tree=170
num_leaves=7
num_cat=0
split_feature=0 4 9 14 6 5
split_gain=4.66188e-05 4.19991e-05 1.59435e-05 7.40024e-06 4.80315e-06 3.082e-06
threshold=0.57000000000000017 6.9988669136307529 0.22759895248908721 0.6682742947278143 0.57877700056929016 0.53162794129748925
decision_type=2 2 2 2 2 2
left_child=2 3 5 -2 -4 -1
right_child=1 -3 4 -5 -6 -7
leaf_value=-0.00037054116932006849 0.00047096336196935425 -0.00016345175746433147 -6.1590546299986461e-05 -2.4023008222195267e-05 0.00013623828737095381 1.2596743440971887e-05
leaf_weight=0.063573126390110701 0.056799178186338395 0.02720944385509938 0.023464051715563983 0.018161013664212078 0.02041430224198848 0.012851078528910875
leaf_count=84 75 36 31 24 27 17
internal_value=-2.65601e-12 0.000277049 -0.000272565 0.000440253 7.27899e-05 -0.000354265
internal_weight=0.222472 0.10217 0.120303 0.0749602 0.0438784 0.0764242
internal_count=294 135 159 99 58 101
is_linear=0
shrinkage=0.06


Tree=171
num_leaves=6
num_cat=0
split_feature=9 2 3 0 14
split_gain=0.000135069 3.95204e-05 3.25953e-05 2.01724e-05 1.261e-05
threshold=0.052992583492696609 0.028398943936087433 -0.43499999999999989 0.72000000000000008 0.60397828058749026
decision_type=2 2 2 2 2
left_child=2 -2 -1 -4 -3
right_child=1 4 3 -5 -6
leaf_value=0.00010011639916904226 -0.00011503580168284667 0.00062499566455864503 -0.00063037700523331627 4.1302580770953991e-05 -3.225304115582175e-05
leaf_weight=0.01284080179175362 0.017421495518647134 0.071152443590108305 0.05441876471741125 0.053748629405163229 0.012893715582322329
leaf_count=17 23 94 72 71 17
internal_value=1.60699e-12 0.000471877 -0.000463651 -0.000560528 0.000587426
internal_weight=0.222476 0.101468 0.121008 0.108167 0.0840462
internal_count=294 134 160 143 111
is_linear=0
shrinkage=0.06


Tree=172
num_leaves=6
num_cat=0
split_feature=8 6 8 5 1
split_gain=0.000150866 7.24711e-05 3.87825e-05 2.81221e-05 1.31001e-05
threshold=-0.19840434561123718 0.66604340695691822 0.77814371518675507 -0.89919053703901541 -0.9953194331754891
decision_type=2 2 2 2 2
left_child=3 2 -2 -1 -3
right_child=1 4 -4 -5 -6
leaf_value=7.8694035878850634e-05 0.00075922442393759962 -0.00026953165326305107 -8.6353580675347099e-05 -0.00059080405373200203 8.4302889503886015e-05
leaf_weight=0.022656465356703848 0.084725555614568293 0.012923283851705492 0.013653637783136219 0.065827494137920439 0.022688454133458436
leaf_count=30 112 17 18 87 30
internal_value=-1.73533e-11 0.000484323 0.000670094 -0.000504572 -0.000180376
internal_weight=0.222475 0.133991 0.0983792 0.088484 0.0356117
internal_count=294 177 130 117 47
is_linear=0
shrinkage=0.06


Tree=173
num_leaves=7
num_cat=0
split_feature=0 4 3 9 8 14
split_gain=4.66216e-05 4.20052e-05 2.05336e-05 1.95489e-05 1.7544e-05 7.40071e-06
threshold=0.57000000000000017 6.9988669136307529 -0.39749999999999991 0.21499004871948338 -0.69510229305113158 0.6682742947278143
decision_type=2 2 2 2 2 2
left_child=2 5 3 -1 -4 -2
right_child=1 -3 4 -5 -6 -7
leaf_value=-0.00014504374761468893 0.00047098710184449954 -0.00016346741929794604 6.8675661193080554e-05 0.00023728950315013065 -0.00044043404223430212 -2.4023244548527011e-05
leaf_weight=0.018922233488410711 0.056799407408107072 0.027208271319977939 0.012118889600969851 0.022685164411086589 0.066575980221386999 0.018160822568461299
leaf_count=25 75 36 16 30 88 24
internal_value=-2.12592e-12 0.000277058 -0.000272573 9.1094e-05 -0.000371049 0.000440276
internal_weight=0.222471 0.102169 0.120302 0.0416074 0.0786949 0.0749602
internal_count=294 135 159 55 104 99
is_linear=0
shrinkage=0.06


Tree=174
num_leaves=6
num_cat=0
split_feature=12 2 3 0 14
split_gain=0.00013506 3.95369e-05 3.26026e-05 2.0165e-05 1.26124e-05
threshold=0.052992583492696609 0.028398943936087433 -0.43499999999999989 0.72000000000000008 0.60397828058749026
decision_type=2 2 2 2 2
left_child=2 -2 -1 -4 -3
right_child=1 4 3 -5 -6
leaf_value=0.00010013845921984812 -0.00011508006586811682 0.00062502658863298241 -0.00063036365833243804 4.1283221567040835e-05 -3.2257850725958435e-05
leaf_weight=0.012840273382607847 0.017421672644559294 0.071152254240587354 0.054417234729044139 0.053748763690236956 0.012894162675365806
leaf_count=17 23 94 72 71 17
internal_value=1.45076e-13 0.000471861 -0.000463637 -0.000560533 0.000587452
internal_weight=0.222474 0.101468 0.121006 0.108166 0.0840464
internal_count=294 134 160 143 111
is_linear=0
shrinkage=0.06


Tree=175
num_leaves=7
num_cat=0
split_feature=8 6 8 9 2 1
split_gain=0.000150833 7.2453e-05 3.87822e-05 1.63788e-05 1.32445e-05 1.31021e-05
threshold=-0.19840434561123718 0.66604340695691822 0.77814371518675507 0.079556252921495763 0.1124041590956464 -0.9953194331754891
decision_type=2 2 2 2 2 2
left_child=3 2 -2 4 -1 -3
right_child=1 5 -4 -5 -6 -7
leaf_value=-0.0006015353884467685 0.00075915308512795551 -0.00026952337407866174 -8.6361622276162221e-05 4.8994014601569362e-05 3.2434855772161456e-05 8.4319321960770182e-05
leaf_weight=0.050703856046311557 0.084724414627999067 0.012924245034810156 0.01365425152471289 0.013567423622589558 0.024211142444983125 0.022688027587719262
leaf_count=67 112 17 18 18 32 30
internal_value=-1.08026e-11 0.000484269 0.000670016 -0.000504516 -0.000557082 -0.000180352
internal_weight=0.222473 0.133991 0.0983787 0.0884824 0.074915 0.0356123
internal_count=294 177 130 117 99 47
is_linear=0
shrinkage=0.06


Tree=176
num_leaves=7
num_cat=0
split_feature=0 4 3 12 8 14
split_gain=4.6631e-05 4.20187e-05 2.0538e-05 1.95523e-05 1.7543e-05 7.401e-06
threshold=0.57000000000000017 6.9988669136307529 -0.39749999999999991 0.21499004871948338 -0.69510229305113158 0.6682742947278143
decision_type=2 2 2 2 2 2
left_child=2 5 3 -1 -4 -2
right_child=1 -3 4 -5 -6 -7
leaf_value=-0.00014505553923054428 0.00047104371360988693 -0.00016349856624842503 6.8666505279992308e-05 0.00023731177122816798 -0.00044046469786144604 -2.4020498673813638e-05
leaf_weight=0.018922179529909045 0.056799799902364612 0.027207499602809548 0.012119018530938774 0.022684734081849456 0.066575203149113804 0.01816066016908735
leaf_count=25 75 36 16 30 88 24
internal_value=-5.83096e-12 0.000277086 -0.000272601 9.11043e-05 -0.000371088 0.000440334
internal_weight=0.222469 0.102168 0.120301 0.0416069 0.0786942 0.0749605
internal_count=294 135 159 55 104 99
is_linear=0
shrinkage=0.06


Tree=177
num_leaves=6
num_cat=0
split_feature=9 2 3 0 14
split_gain=0.000135062 3.95503e-05 3.26088e-05 2.01549e-05 1.26138e-05
threshold=0.052992583492696609 0.028398943936087433 -0.43499999999999989 0.72000000000000008 0.60397828058749026
decision_type=2 2 2 2 2
left_child=2 -2 -1 -4 -3
right_child=1 4 3 -5 -6
leaf_value=0.00010015486519982821 -0.00011511304173064607 0.00062506335688782509 -0.00063035592881890143 4.1255536157325816e-05 -3.2259211671102301e-05
leaf_weight=0.012839576462283731 0.017421890923287719 0.071151576412376016 0.054416449391283095 0.053748723410535604 0.01289470202755183
leaf_count=17 23 94 72 71 17
internal_value=5.2339e-12 0.000471865 -0.000463641 -0.000560552 0.000587486
internal_weight=0.222473 0.101468 0.121005 0.108165 0.0840463
internal_count=294 134 160 143 111
is_linear=0
shrinkage=0.06


Tree=178
num_leaves=6
num_cat=0
split_feature=8 6 8 5 1
split_gain=0.000150806 7.24399e-05 3.87817e-05 2.81403e-05 1.31044e-05
threshold=-0.19840434561123718 0.66604340695691822 0.77814371518675507 -0.89919053703901541 -0.9953194331754891
decision_type=2 2 2 2 2
left_child=3 2 -2 -1 -3
right_child=1 4 -4 -5 -6
leaf_value=7.8756258696596726e-05 0.00075909814203732866 -0.0002695221855293766 -8.6367195491036521e-05 -0.00059075973861193653 8.4335166930253337e-05
leaf_weight=0.022654726111795753 0.084722735511604697 0.012925201270263642 0.013654858397785574 0.065826972888316959 0.022687453078106046
leaf_count=30 112 17 18 87 30
internal_value=-1.21529e-11 0.000484226 0.000669956 -0.000504471 -0.000180335
internal_weight=0.222472 0.13399 0.0983776 0.0884817 0.0356127
internal_count=294 177 130 117 47
is_linear=0
shrinkage=0.06


Tree=179
num_leaves=7
num_cat=0
split_feature=0 4 3 9 8 14
split_gain=4.66341e-05 4.20277e-05 2.05466e-05 1.9553e-05 1.75424e-05 7.40226e-06
threshold=0.57000000000000017 6.9988669136307529 -0.39749999999999991 0.21499004871948338 -0.69510229305113158 0.6682742947278143
decision_type=2 2 2 2 2 2
left_child=2 5 3 -1 -4 -2
right_child=1 -3 4 -5 -6 -7
leaf_value=-0.00014504682025622242 0.00047107785459578257 -0.00016352249642183052 6.8658654204842932e-05 0.00023733365109555789 -0.0004404962201730931 -2.4022877670260506e-05
leaf_weight=0.018922400078736246 0.056800950434990227 0.027206586149986833 0.012119078193791211 0.022684064228087664 0.06657352315960452 0.01816093095112592
leaf_count=25 75 36 16 30 88 24
internal_value=5.24508e-13 0.000277095 -0.00027261 9.11341e-05 -0.000371126 0.000440366
internal_weight=0.222468 0.102168 0.120299 0.0416065 0.0786926 0.0749619
internal_count=294 135 159 55 104 99
is_linear=0
shrinkage=0.06


Tree=180
num_leaves=6
num_cat=0
split_feature=9 2 3 0 14
split_gain=0.000135053 3.95668e-05 3.26161e-05 2.01476e-05 1.26162e-05
threshold=0.052992583492696609 0.028398943936087433 -0.43499999999999989 0.72000000000000008 0.60397828058749026
decision_type=2 2 2 2 2
left_child=2 -2 -1 -4 -3
right_child=1 4 3 -5 -6
leaf_value=0.00010017690637797877 -0.00011515724235866766 0.00062509406109103292 -0.0006303424005926207 4.1236167627778875e-05 -3.2264022435661396e-05
leaf_weight=0.012839045957662165 0.017422063509002328 0.071151366282720119 0.054414905549492687 0.053748847742099315 0.012895146908704191
leaf_count=17 23 94 72 71 17
internal_value=-7.91781e-12 0.000471849 -0.000463627 -0.000560558 0.000587512
internal_weight=0.222471 0.101469 0.121003 0.108164 0.0840465
internal_count=294 134 160 143 111
is_linear=0
shrinkage=0.06


Tree=181
num_leaves=6
num_cat=0
split_feature=8 6 8 5 1
split_gain=0.000150772 7.24219e-05 3.87814e-05 2.81488e-05 1.31065e-05
threshold=-0.19840434561123718 0.66604340695691822 0.77814371518675507 -0.89919053703901541 -0.9953194331754891
decision_type=2 2 2 2 2
left_child=3 2 -2 -1 -3
right_child=1 4 -4 -5 -6
leaf_value=7.8786500517312832e-05 0.00075902674421366736 -0.00026951389784954404 -8.6375220934960104e-05 -0.00059073119198391135 8.435158384419324e-05
leaf_weight=0.022653803403954953 0.084721574501600116 0.012926160357892513 0.013655469636432827 0.065826336096506566 0.022687019314616919
leaf_count=30 112 17 18 87 30
internal_value=1.18739e-11 0.000484171 0.000669877 -0.000504415 -0.000180311
internal_weight=0.22247 0.13399 0.098377 0.0884801 0.0356132
internal_count=294 177 130 117 47
is_linear=0
shrinkage=0.06


Tree=182
num_leaves=7
num_cat=0
split_feature=0 4 3 9 8 14
split_gain=4.66435e-05 4.20411e-05 2.0551e-05 1.95564e-05 1.75414e-05 7.40254e-06
threshold=0.57000000000000017 6.9988669136307529 -0.39749999999999991 0.21499004871948338 -0.69510229305113158 0.6682742947278143
decision_type=2 2 2 2 2 2
left_child=2 5 3 -1 -4 -2
right_child=1 -3 4 -5 -6 -7
leaf_value=-0.00014505858738221157 0.00047113424186514548 -0.00016355357443726656 6.8649457924993646e-05 0.00023735587113239996 -0.00044052666816837409 -2.4020107159238358e-05
leaf_weight=0.018922341696452349 0.056801328202709556 0.027205808379221708 0.012119204155169427 0.022683627146761864 0.066572728275787085 0.018160763254854828
leaf_count=25 75 36 16 30 88 24
internal_value=1.00884e-11 0.000277123 -0.000272638 9.11444e-05 -0.000371165 0.000440424
internal_weight=0.222466 0.102168 0.120298 0.041606 0.0786919 0.0749621
internal_count=294 135 159 55 104 99
is_linear=0
shrinkage=0.06


Tree=183
num_leaves=6
num_cat=0
split_feature=9 2 3 0 14
split_gain=0.000135044 3.95832e-05 3.26233e-05 2.01402e-05 1.26186e-05
threshold=0.052992583492696609 0.028398943936087433 -0.43499999999999989 0.72000000000000008 0.60397828058749026
decision_type=2 2 2 2 2
left_child=2 -2 -1 -4 -3
right_child=1 4 3 -5 -6
leaf_value=0.0001001989390085173 -0.00011520140707153948 0.00062512465834657226 -0.0006303287696386874 4.1216803730276824e-05 -3.2268829989459875e-05
leaf_weight=0.012838514405302703 0.017422233649995178 0.071151145733892918 0.054413354082498699 0.053748966718558222 0.0128955909749493
leaf_count=17 23 94 72 71 17
internal_value=1.79392e-12 0.000471833 -0.000463612 -0.000560563 0.000587537
internal_weight=0.22247 0.101469 0.121001 0.108162 0.0840467
internal_count=294 134 160 143 111
is_linear=0
shrinkage=0.06


Tree=184
num_leaves=6
num_cat=0
split_feature=8 6 8 5 1
split_gain=0.000150738 7.24038e-05 3.87811e-05 2.81572e-05 1.31085e-05
threshold=-0.19840434561123718 0.66604340695691822 0.77814371518675507 -0.89919053703901541 -0.9953194331754891
decision_type=2 2 2 2 2
left_child=3 2 -2 -1 -3
right_child=1 4 -4 -5 -6
leaf_value=7.8816711067154524e-05 0.00075895528735535692 -0.00026950561416660409 -8.6383232208650409e-05 -0.00059070258330968758 8.4367978600776504e-05
leaf_weight=0.02265287796035409 0.084720403654500842 0.012927118048537523 0.013656079478096217 0.065825689991470426 0.022686582000460476
leaf_count=30 112 17 18 87 30
internal_value=-2.12035e-13 0.000484117 0.000669799 -0.000504359 -0.000180287
internal_weight=0.222469 0.13399 0.0983765 0.0884786 0.0356137
internal_count=294 177 130 117 47
is_linear=0
shrinkage=0.06


Tree=185
num_leaves=7
num_cat=0
split_feature=0 4 3 9 11 14
split_gain=4.66529e-05 4.20546e-05 2.05554e-05 1.95598e-05 1.75403e-05 7.40281e-06
threshold=0.57000000000000017 6.9988669136307529 -0.39749999999999991 0.21499004871948338 -0.69510229305113158 0.6682742947278143
decision_type=2 2 2 2 2 2
left_child=2 5 3 -1 -4 -2
right_child=1 -3 4 -5 -6 -7
leaf_value=-0.00014507035589559548 0.0004711905086965202 -0.00016358462408209949 6.864024706973321e-05 0.00023737805527518133 -0.00044055701638816535 -2.4017320173246979e-05
leaf_weight=0.018922281102277339 0.056801697763148695 0.027205027581658214 0.012119328428525478 0.022683186281938106 0.066571923205628991 0.018160592997446656
leaf_count=25 75 36 16 30 88 24
internal_value=-2.61139e-12 0.000277151 -0.000272666 9.11546e-05 -0.000371203 0.000440482
internal_weight=0.222464 0.102167 0.120297 0.0416055 0.0786913 0.0749623
internal_count=294 135 159 55 104 99
is_linear=0
shrinkage=0.06


Tree=186
num_leaves=6
num_cat=0
split_feature=9 2 3 0 14
split_gain=0.000135036 3.95996e-05 3.26306e-05 2.01328e-05 1.2621e-05
threshold=0.052992583492696609 0.028398943936087433 -0.43499999999999989 0.72000000000000008 0.60397828058749026
decision_type=2 2 2 2 2
left_child=2 -2 -1 -4 -3
right_child=1 4 3 -5 -6
leaf_value=0.0001002209532145461 -0.00011524554758230183 0.00062515513898847423 -0.00063031504581994473 4.1197435032503272e-05 -3.227363477464079e-05
leaf_weight=0.012837981979828328 0.017422401404473931 0.071150914765894413 0.054411795805208385 0.053749081096611917 0.012896033877041191
leaf_count=17 23 94 72 71 17
internal_value=-9.41324e-12 0.000471817 -0.000463598 -0.000560568 0.000587563
internal_weight=0.222468 0.101469 0.120999 0.108161 0.0840469
internal_count=294 134 160 143 111
is_linear=0
shrinkage=0.06


Tree=187
num_leaves=6
num_cat=0
split_feature=8 6 8 5 0
split_gain=0.000150704 7.23858e-05 3.87807e-05 2.81657e-05 8.36118e-06
threshold=-0.19840434561123718 0.66604340695691822 0.77814371518675507 -0.89919053703901541 0.64000000000000012
decision_type=2 2 2 2 2
left_child=3 2 -2 -1 -3
right_child=1 4 -4 -5 -6
leaf_value=7.884692226959248e-05 0.00075888379849971461 -0.00024221742676119488 -8.6391227843752485e-05 -0.00059067392532065051 6.0495051532519282e-05
leaf_weight=0.022651949606370181 0.084719222621060908 0.023503548698499799 0.013656688097398728 0.065825035388115793 0.012110666837543249
leaf_count=30 112 31 18 87 16
internal_value=-7.69464e-12 0.000484062 0.00066972 -0.000504303 -0.000180263
internal_weight=0.222467 0.13399 0.0983759 0.088477 0.0356142
internal_count=294 177 130 117 47
is_linear=0
shrinkage=0.06


Tree=188
num_leaves=7
num_cat=0
split_feature=0 4 3 12 8 14
split_gain=4.66623e-05 4.2068e-05 2.05598e-05 1.95632e-05 1.75393e-05 7.40308e-06
threshold=0.57000000000000017 6.9988669136307529 -0.39749999999999991 0.21499004871948338 -0.69510229305113158 0.6682742947278143
decision_type=2 2 2 2 2 2
left_child=2 5 3 -1 -4 -2
right_child=1 -3 4 -5 -6 -7
leaf_value=-0.00014508211182272257 0.00047124665142376924 -0.00016361563209396423 6.8631016951583489e-05 0.0002374002305752239 -0.00044058725819313992 -2.4014524324311647e-05
leaf_weight=0.018922217888757586 0.056802059698384255 0.027204243640881032 0.012119451363105327 0.022682742332108319 0.066571109346114099 0.018160420120693743
leaf_count=25 75 36 16 30 88 24
internal_value=1.89716e-13 0.000277179 -0.000272693 9.11648e-05 -0.000371242 0.00044054
internal_weight=0.222462 0.102167 0.120296 0.041605 0.0786906 0.0749625
internal_count=294 135 159 55 104 99
is_linear=0
shrinkage=0.06


Tree=189
num_leaves=6
num_cat=0
split_feature=9 2 3 0 14
split_gain=0.000135024 3.96158e-05 3.26375e-05 2.01277e-05 1.26243e-05
threshold=0.052992583492696609 0.028398943936087433 -0.43499999999999989 0.72000000000000008 0.60397828058749026
decision_type=2 2 2 2 2
left_child=2 -2 -1 -4 -3
right_child=1 4 3 -5 -6
leaf_value=0.00010024296493619828 -0.00011528974423631952 0.00062518349650767381 -0.00063030246015099653 4.118421889696329e-05 -3.2281272914317601e-05
leaf_weight=0.012837448215577751 0.017422570090275258 0.071150690491776913 0.054410304350312799 0.053749011305626482 0.012896567292045802
leaf_count=17 23 94 72 71 17
internal_value=4.47506e-12 0.000471797 -0.000463578 -0.000560569 0.000587583
internal_weight=0.222467 0.10147 0.120997 0.108159 0.0840473
internal_count=294 134 160 143 111
is_linear=0
shrinkage=0.06


Tree=190
num_leaves=7
num_cat=0
split_feature=8 6 8 9 2 1
split_gain=0.000150671 7.23677e-05 3.87788e-05 1.63675e-05 1.32975e-05 1.31126e-05
threshold=-0.19840434561123718 0.66604340695691822 0.77814371518675507 0.079556252921495763 0.1124041590956464 -0.9953194331754891
decision_type=2 2 2 2 2 2
left_child=3 2 -2 4 -1 -3
right_child=1 5 -4 -5 -6 -7
leaf_value=-0.00060141150796573777 0.00075880925122057206 -0.00026948878835641869 -8.6395944162536554e-05 4.8987298860283137e-05 3.2602799478449382e-05 8.4400759496526697e-05
leaf_weight=0.05070238234475255 0.084718089958187193 0.012929021613672376 0.013657259230967611 0.013562612410169095 0.024210337025579065 0.022685742471367121
leaf_count=67 112 17 18 18 32 30
internal_value=-8.31402e-13 0.000484008 0.000669642 -0.000504247 -0.000556801 -0.000180238
internal_weight=0.222465 0.13399 0.0983753 0.0884753 0.0749127 0.0356148
internal_count=294 177 130 117 99 47
is_linear=0
shrinkage=0.06


Tree=191
num_leaves=6
num_cat=0
split_feature=0 4 3 9 8
split_gain=4.66725e-05 4.20816e-05 2.05638e-05 1.95663e-05 1.75383e-05
threshold=0.57000000000000017 6.9988669136307529 -0.39749999999999991 0.21499004871948338 -0.69510229305113158
decision_type=2 2 2 2 2
left_child=2 -2 3 -1 -4
right_child=1 -3 4 -5 -6
leaf_value=-0.00014509306707075168 0.00044059992801360657 -0.00016364644535469034 6.8621770120860074e-05 0.00023741944713037531 -0.00044061774748332217
leaf_weight=0.018922185990959406 0.074962661310564727 0.027203455974813551 0.012119579478166997 0.022682222363073379 0.066570317256264389
leaf_count=25 99 36 16 30 88
internal_value=4.99959e-12 0.000277209 -0.000272723 9.11729e-05 -0.00037128
internal_weight=0.22246 0.102166 0.120294 0.0416044 0.0786899
internal_count=294 135 159 55 104
is_linear=0
shrinkage=0.06


Tree=192
num_leaves=6
num_cat=0
split_feature=9 2 3 0 14
split_gain=0.000135024 3.96289e-05 3.26442e-05 2.01165e-05 1.26252e-05
threshold=0.052992583492696609 0.028398943936087433 -0.43499999999999989 0.72000000000000008 0.60397828058749026
decision_type=2 2 2 2 2
left_child=2 -2 -1 -4 -3
right_child=1 4 3 -5 -6
leaf_value=0.00010026111575259392 -0.00011532275181795563 0.00062521515252141285 -0.00063028966360571749 4.1154091930820913e-05 -3.2281471326739517e-05
leaf_weight=0.012836818932555616 0.017422660836018622 0.071149783034343272 0.054409642063546926 0.053748880745843053 0.012897272477857769
leaf_count=17 23 94 72 71 17
internal_value=7.32778e-12 0.000471796 -0.000463578 -0.000560585 0.000587614
internal_weight=0.222465 0.10147 0.120995 0.108159 0.0840471
internal_count=294 134 160 143 111
is_linear=0
shrinkage=0.06


Tree=193
num_leaves=6
num_cat=0
split_feature=8 6 8 5 1
split_gain=0.000150647 7.23566e-05 3.87791e-05 2.81826e-05 1.31142e-05
threshold=-0.19840434561123718 0.66604340695691822 0.77814371518675507 -0.89919053703901541 -0.9953194331754891
decision_type=2 2 2 2 2
left_child=3 2 -2 -1 -3
right_child=1 4 -4 -5 -6
leaf_value=7.890515522552436e-05 0.00075876298311465247 -0.00026948639318924032 -8.6402142847212266e-05 -0.00059063155635843609 8.4412368278901316e-05
leaf_weight=0.022650239465292543 0.084716615674551576 0.012929864577017725 0.013657977047841996 0.065824210352730006 0.022685031231958419
leaf_count=30 112 17 18 87 30
internal_value=5.94258e-12 0.00048397 0.00066959 -0.000504208 -0.000180225
internal_weight=0.222464 0.133989 0.0983746 0.0884744 0.0356149
internal_count=294 177 130 117 47
is_linear=0
shrinkage=0.06


Tree=194
num_leaves=7
num_cat=0
split_feature=0 4 3 9 8 14
split_gain=4.66762e-05 4.2091e-05 2.05723e-05 1.9567e-05 1.75371e-05 7.40482e-06
threshold=0.57000000000000017 6.9988669136307529 -0.39749999999999991 0.21499004871948338 -0.69510229305113158 0.6682742947278143
decision_type=2 2 2 2 2 2
left_child=2 5 3 -1 -4 -2
right_child=1 -3 4 -5 -6 -7
leaf_value=-0.00014508503340839374 0.00047134248718748537 -0.0001636709717673139 6.8611989602627312e-05 0.00023744147778370755 -0.00044064917444937285 -2.4014553471981622e-05
leaf_weight=0.018922404560726136 0.056803423096425831 0.027202754514291883 0.012119570397771895 0.022681489761453122 0.06656858348287642 0.018160515930503607
leaf_count=25 75 36 16 30 88 24
internal_value=-3.6939e-12 0.00027722 -0.000272735 9.12022e-05 -0.000371321 0.000440634
internal_weight=0.222459 0.102167 0.120292 0.0416039 0.0786882 0.0749639
internal_count=294 135 159 55 104 99
is_linear=0
shrinkage=0.06


Tree=195
num_leaves=6
num_cat=0
split_feature=9 2 3 0 14
split_gain=0.000135015 3.96452e-05 3.26515e-05 2.01091e-05 1.26276e-05
threshold=0.052992583492696609 0.028398943936087433 -0.43499999999999989 0.72000000000000008 0.60397828058749026
decision_type=2 2 2 2 2
left_child=2 -2 -1 -4 -3
right_child=1 4 3 -5 -6
leaf_value=0.00010028310260945018 -0.00011536679083349551 0.00062524529931997123 -0.00063027565728397867 4.1134724651935506e-05 -3.228627738385295e-05
leaf_weight=0.012836283189244568 0.017422821663785726 0.071149521099869162 0.054408063064329326 0.053748980280943215 0.01289771223673597
leaf_count=17 23 94 72 71 17
internal_value=3.81037e-12 0.00047178 -0.000463564 -0.00056059 0.000587639
internal_weight=0.222463 0.10147 0.120993 0.108157 0.0840472
internal_count=294 134 160 143 111
is_linear=0
shrinkage=0.06


Tree=196
num_leaves=6
num_cat=0
split_feature=8 6 8 5 1
split_gain=0.000150613 7.23386e-05 3.87787e-05 2.81911e-05 1.31163e-05
threshold=-0.19840434561123718 0.66604340695691822 0.77814371518675507 -0.89919053703901541 -0.9953194331754891
decision_type=2 2 2 2 2
left_child=3 2 -2 -1 -3
right_child=1 4 -4 -5 -6
leaf_value=7.8935307215424746e-05 0.00075869138614738211 -0.00026947812232220003 -8.6410101561969129e-05 -0.00059060273389191585 8.442871984163549e-05
leaf_weight=0.02264930255478248 0.084715405304450542 0.012930817843880504 0.013658581767231226 0.065823530603665859 0.022684579424094409
leaf_count=30 112 17 18 87 30
internal_value=-4.67595e-12 0.000483916 0.000669511 -0.000504151 -0.000180201
internal_weight=0.222462 0.133989 0.098374 0.0884728 0.0356154
internal_count=294 177 130 117 47
is_linear=0
shrinkage=0.06


Tree=197
num_leaves=7
num_cat=0
split_feature=0 4 3 9 11 14
split_gain=4.66855e-05 4.21044e-05 2.05767e-05 1.95704e-05 1.75361e-05 7.40507e-06
threshold=0.57000000000000017 6.9988669136307529 -0.39749999999999991 0.21499004871948338 -0.69510229305113158 0.6682742947278143
decision_type=2 2 2 2 2 2
left_child=2 5 3 -1 -4 -2
right_child=1 -3 4 -5 -6 -7
leaf_value=-0.00014509676816120101 0.00047139826994754347 -0.00016370186941928988 6.8602700593886363e-05 0.00023746357175110475 -0.00044067910138827248 -2.4011722649848928e-05
leaf_weight=0.01892233471153304 0.056803762156050652 0.027201961376704276 0.012119688850361854 0.022681036032736301 0.066567741334438324 0.01816033513750881
leaf_count=25 75 36 16 30 88 24
internal_value=-1.29343e-11 0.000277248 -0.000272762 9.12124e-05 -0.000371359 0.000440692
internal_weight=0.222457 0.102166 0.120291 0.0416034 0.0786874 0.0749641
internal_count=294 135 159 55 104 99
is_linear=0
shrinkage=0.06


Tree=198
num_leaves=6
num_cat=0
split_feature=9 2 3 0 0
split_gain=0.000135006 3.96616e-05 3.26587e-05 2.01017e-05 5.76599e-06
threshold=0.052992583492696609 0.028398943936087433 -0.43499999999999989 0.72000000000000008 0.84250000000000014
decision_type=2 2 2 2 2
left_child=2 -2 -1 -4 -3
right_child=1 4 3 -5 -6
leaf_value=0.00010030508607972146 -0.00011541080106937561 0.00060698990942469305 -0.00063026154142371219 4.1115347144952719e-05 -1.3450169299732353e-05
leaf_weight=0.012835746514610946 0.017422980279661715 0.071959150314796716 0.054406476789154112 0.05374907428631559 0.012088249553926289
leaf_count=17 23 95 72 71 16
internal_value=1.01899e-11 0.000471764 -0.000463549 -0.000560595 0.000587664
internal_weight=0.222462 0.10147 0.120991 0.108156 0.0840474
internal_count=294 134 160 143 111
is_linear=0
shrinkage=0.06


Tree=199
num_leaves=6
num_cat=0
split_feature=8 6 8 5 1
split_gain=0.000150579 7.23206e-05 3.87783e-05 2.81995e-05 1.31183e-05
threshold=-0.19840434561123718 0.66604340695691822 0.77814371518675507 -0.89919053703901541 -0.9953194331754891
decision_type=2 2 2 2 2
left_child=3 2 -2 -1 -3
right_child=1 4 -4 -5 -6
leaf_value=7.8965444335234188e-05 0.00075861976948053429 -0.00026946986655308221 -8.641805313568323e-05 -0.00059057384594386883 8.4445060535393628e-05
leaf_weight=0.02264836267568171 0.084714184515178204 0.012931770004797727 0.013659185206051916 0.065822841774206609 0.022684123716317117
leaf_count=30 112 17 18 87 30
internal_value=-5.95376e-12 0.000483861 0.000669433 -0.000504095 -0.000180177
internal_weight=0.22246 0.133989 0.0983734 0.0884712 0.0356159
internal_count=294 177 130 117 47
is_linear=0
shrinkage=0.06


Tree=200
num_leaves=7
num_cat=0
split_feature=9 14 9 7 7 10
split_gain=4.51794e-05 4.14548e-05 2.64978e-05 1.96554e-05 1.48782e-05 1.31054e-05
threshold=-0.015904606024345146 -0.32047945415064155 -0.48706667958608557 1.183860973313402 -1.1308303320332385 -0.71625585535174252
decision_type=2 2 2 2 2 2
left_child=2 -2 5 -3 -4 -1
right_child=1 3 4 -5 -6 -7
leaf_value=-0.00010531809558392985 -0.00016344466097443664 0.0005030796356993261 5.5212257705025396e-05 -6.533479894488148e-05 -0.00045033096139378964 0.00021962251080581173
leaf_weight=0.013653096975758672 0.029445390508044511 0.064319256402086467 0.018210858397651464 0.018861467251554132 0.054464933346025646 0.02349994465475902
leaf_count=18 39 85 24 25 72 31
internal_value=7.23159e-12 0.000270183 -0.000270864 0.000432864 -0.000390277 0.0001138
internal_weight=0.222455 0.112626 0.109829 0.0831807 0.0726758 0.037153
internal_count=294 149 145 110 96 49
is_linear=0
shrinkage=0.06


Tree=201
num_leaves=6
num_cat=0
split_feature=9 3 14 0 8
split_gain=0.00013499 3.26656e-05 2.59852e-05 2.01051e-05 1.15734e-05
threshold=0.052992583492696609 -0.43499999999999989 0.60397828058749026 0.72000000000000008 0.77379842252216779
decision_type=2 2 2 2 2
left_child=1 -1 4 -3 -2
right_child=2 3 -4 -5 -6
leaf_value=0.00010032784105661936 0.00058887627341034125 -0.00063026538265234034 -8.0134147566974213e-05 4.1124668475420215e-05 -3.1779835370419413e-05
leaf_weight=0.01283590222010389 0.075021570664830506 0.054404580208938569 0.014395794714801013 0.053748030040878803 0.012054585968144238
leaf_count=17 99 72 19 71 16
internal_value=-2.02332e-12 -0.000463523 0.000471736 -0.00056059 0.00055276
internal_weight=0.22246 0.120989 0.101472 0.108153 0.0870762
internal_count=294 160 134 143 115
is_linear=0
shrinkage=0.06


Tree=202
num_leaves=6
num_cat=0
split_feature=8 6 8 5 1
split_gain=0.000150568 7.22981e-05 3.87796e-05 2.8204e-05 1.31207e-05
threshold=-0.19840434561123718 0.66604340695691822 0.77814371518675507 -0.89919053703901541 -0.9953194331754891
decision_type=2 2 2 2 2
left_child=3 2 -2 -1 -3
right_child=1 4 -4 -5 -6
leaf_value=7.8980205326897607e-05 0.00075856960040637886 -0.00026944992788797544 -8.6427515367958681e-05 -0.000590568546280387 8.4467599542869943e-05
leaf_weight=0.022647887060884386 0.084713918389752507 0.012932542711496353 0.013658824551384896 0.065822048170957714 0.022683910559862852
leaf_count=30 112 17 18 87 30
internal_value=5.67198e-12 0.000483842 0.000669375 -0.000504076 -0.000180135
internal_weight=0.222459 0.133989 0.0983727 0.0884699 0.0356165
internal_count=294 177 130 117 47
is_linear=0
shrinkage=0.06


Tree=203
num_leaves=7
num_cat=0
split_feature=9 14 9 7 7 10
split_gain=4.51995e-05 4.14606e-05 2.64844e-05 1.96539e-05 1.48792e-05 1.31086e-05
threshold=-0.015904606024345146 -0.32047945415064155 -0.48706667958608557 1.183860973313402 -1.1308303320332385 -0.71625585535174252
decision_type=2 2 2 2 2 2
left_child=2 -2 5 -3 -4 -1
right_child=1 3 4 -5 -6 -7
leaf_value=-0.00010535636315664026 -0.00016344399129234019 0.00050312957546919188 5.5215110136553488e-05 -6.532237998990156e-05 -0.0004503368027008406 0.00021959816931585576
leaf_weight=0.013653529691509902 0.029443678038660437 0.064319353841710836 0.018211116082966328 0.01886013918556273 0.054465092427562922 0.023500583658460528
leaf_count=18 39 85 24 25 72 31
internal_value=-1.9195e-12 0.000270244 -0.000270924 0.000432926 -0.00039028 0.000113738
internal_weight=0.222453 0.112623 0.10983 0.0831795 0.0726762 0.0371541
internal_count=294 149 145 110 96 49
is_linear=0
shrinkage=0.06


Tree=204
num_leaves=6
num_cat=0
split_feature=9 2 3 0 14
split_gain=0.00013497 3.96914e-05 3.26665e-05 2.01068e-05 1.26342e-05
threshold=0.052992583492696609 0.028398943936087433 -0.43499999999999989 0.72000000000000008 0.60397828058749026
decision_type=2 2 2 2 2
left_child=2 -2 -1 -4 -3
right_child=1 4 3 -5 -6
leaf_value=0.00010033581851147689 -0.00011549701386124024 0.00062530102148931216 -0.00063024436573960079 4.1132396231547964e-05 -3.230125926011798e-05
leaf_weight=0.012836030102334917 0.017423778248485178 0.07115110254380852 0.054402787354774773 0.053746584104374051 0.012899010034743696
leaf_count=17 23 94 72 71 17
internal_value=-4.07682e-12 0.000471699 -0.000463489 -0.000560564 0.000587679
internal_weight=0.222459 0.101474 0.120985 0.108149 0.0840501
internal_count=294 134 160 143 111
is_linear=0
shrinkage=0.06


Tree=205
num_leaves=6
num_cat=0
split_feature=8 6 8 5 1
split_gain=0.000150551 7.22784e-05 3.87854e-05 2.82099e-05 1.31219e-05
threshold=-0.19840434561123718 0.66604340695691822 0.77814371518675507 -0.89919053703901541 -0.9953194331754891
decision_type=2 2 2 2 2
left_child=3 2 -2 -1 -3
right_child=1 4 -4 -5 -6
leaf_value=7.8999579576035785e-05 0.00075852740597645801 -0.00026942983057151896 -8.6446635335831991e-05 -0.00059055939358693523 8.4482760554356902e-05
leaf_weight=0.022646985133178532 0.08471359551185742 0.012933466001413763 0.013658464828040451 0.065821593627333641 0.022683682735078037
leaf_count=30 112 17 18 87 30
internal_value=2.13432e-12 0.000483816 0.000669316 -0.00050405 -0.000180101
internal_weight=0.222458 0.133989 0.0983721 0.0884686 0.0356171
internal_count=294 177 130 117 47
is_linear=0
shrinkage=0.06


Tree=206
num_leaves=7
num_cat=0
split_feature=0 4 3 9 8 14
split_gain=4.66894e-05 4.21328e-05 2.05839e-05 1.95759e-05 1.75226e-05 7.4104e-06
threshold=0.57000000000000017 6.9988669136307529 -0.39749999999999991 0.21499004871948338 -0.69510229305113158 0.6682742947278143
decision_type=2 2 2 2 2 2
left_child=2 5 3 -1 -4 -2
right_child=1 -3 4 -5 -6 -7
leaf_value=-0.00014511227483916429 0.00047149976952324982 -0.00016378136399157088 6.855052711002395e-05 0.00023750426662035839 -0.00044066556846441798 -2.4025287233268889e-05
leaf_weight=0.018922195420600474 0.056804181716870517 0.027200387907214463 0.012119661550968885 0.02267989725805819 0.066566512221470475 0.018159241939429194
leaf_count=25 75 36 16 30 88 24
internal_value=-1.26107e-12 0.000277259 -0.000272774 9.12371e-05 -0.000371394 0.000440779
internal_weight=0.222452 0.102164 0.120288 0.0416021 0.0786862 0.0749634
internal_count=294 135 159 55 104 99
is_linear=0
shrinkage=0.06


Tree=207
num_leaves=6
num_cat=0
split_feature=9 2 3 0 14
split_gain=0.00013496 3.97077e-05 3.26737e-05 2.00994e-05 1.26366e-05
threshold=0.052992583492696609 0.028398943936087433 -0.43499999999999989 0.72000000000000008 0.60397828058749026
decision_type=2 2 2 2 2
left_child=2 -2 -1 -4 -3
right_child=1 4 3 -5 -6
leaf_value=0.00010035777482767617 -0.00011554095108883073 0.00062533078522300175 -0.00063023001932570029 4.1113026646240516e-05 -3.2306065911511267e-05
leaf_weight=0.012835491041187197 0.017423930985387415 0.071150806441437453 0.054401185072492808 0.053746667457744479 0.012899445835500956
leaf_count=17 23 94 72 71 17
internal_value=1.3894e-12 0.000471683 -0.000463474 -0.000560568 0.000587704
internal_weight=0.222458 0.101474 0.120983 0.108148 0.0840503
internal_count=294 134 160 143 111
is_linear=0
shrinkage=0.06


Tree=208
num_leaves=6
num_cat=0
split_feature=8 6 8 5 1
split_gain=0.000150517 7.22603e-05 3.8785e-05 2.82183e-05 1.3124e-05
threshold=-0.19840434561123718 0.66604340695691822 0.77814371518675507 -0.89919053703901541 -0.9953194331754891
decision_type=2 2 2 2 2
left_child=3 2 -2 -1 -3
right_child=1 4 -4 -5 -6
leaf_value=7.9029660928660981e-05 0.00075845569636989979 -0.00026942157001100231 -8.6454563819605122e-05 -0.00059053034870937976 8.4499060886678639e-05
leaf_weight=0.022646038676612079 0.084712350741028786 0.012934414553456008 0.013659065123647451 0.06582088372670114 0.022683217423036695
leaf_count=30 112 17 18 87 30
internal_value=-6.76287e-12 0.000483761 0.000669237 -0.000503993 -0.000180077
internal_weight=0.222456 0.133989 0.0983714 0.0884669 0.0356176
internal_count=294 177 130 117 47
is_linear=0
shrinkage=0.06


Tree=209
num_leaves=7
num_cat=0
split_feature=9 14 9 7 7 10
split_gain=4.52364e-05 4.1472e-05 2.64582e-05 1.96582e-05 1.48837e-05 1.31158e-05
threshold=-0.015904606024345146 -0.32047945415064155 -0.48706667958608557 1.183860973313402 -1.1308303320332385 -0.71625585535174252
decision_type=2 2 2 2 2 2
left_child=2 -2 5 -3 -4 -1
right_child=1 3 4 -5 -6 -7
leaf_value=-0.00010543474910489535 -0.00016344549906028522 0.00050324436804294965 5.5230755414099077e-05 -6.5321269262071319e-05 -0.00045035172665690445 0.00021955581465020943
leaf_weight=0.013654432259500027 0.029440889658872038 0.064319259545300156 0.018211743561550975 0.018857857852708548 0.054464636370539665 0.023501272778958082
leaf_count=18 39 85 24 25 72 31
internal_value=-5.06659e-12 0.000270355 -0.000271034 0.000433041 -0.000390279 0.00011362
internal_weight=0.22245 0.112618 0.109832 0.0831771 0.0726764 0.0371557
internal_count=294 149 145 110 96 49
is_linear=0
shrinkage=0.06


Tree=210
num_leaves=6
num_cat=0
split_feature=12 2 3 0 14
split_gain=0.000134943 3.97238e-05 3.26806e-05 2.01042e-05 1.2638e-05
threshold=0.052992583492696609 0.028398943936087433 -0.43499999999999989 0.72000000000000008 0.60397828058749026
decision_type=2 2 2 2 2
left_child=2 -2 -1 -4 -3
right_child=1 4 3 -5 -6
leaf_value=0.00010038098719232287 -0.00011558688332456021 0.00062534522685332521 -0.00063023478703186006 4.1126655730965158e-05 -3.230904076591982e-05
leaf_weight=0.012835489993449301 0.017424506891984493 0.071151466632727534 0.054399356245994568 0.053745441313367337 0.012899935652967542
leaf_count=17 23 94 72 71 17
internal_value=1.98366e-12 0.000471651 -0.000463445 -0.00056056 0.000587715
internal_weight=0.222456 0.101476 0.12098 0.108145 0.0840514
internal_count=294 134 160 143 111
is_linear=0
shrinkage=0.06


Tree=211
num_leaves=6
num_cat=0
split_feature=11 6 11 5 1
split_gain=0.000150503 7.22394e-05 3.87924e-05 2.82233e-05 1.31257e-05
threshold=-0.19840434561123718 0.66604340695691822 0.77814371518675507 -0.89919053703901541 -0.9953194331754891
decision_type=2 2 2 2 2
left_child=3 2 -2 -1 -3
right_child=1 4 -4 -5 -6
leaf_value=7.9046367959863264e-05 0.00075841673551865665 -0.00026940149216844619 -8.6476794909768424e-05 -0.00059052180521459302 8.4517297193084138e-05
leaf_weight=0.022645561723038554 0.084711719595361501 0.012935342034325004 0.013658864714670926 0.065820194140542299 0.022682828595861793
leaf_count=30 112 17 18 87 30
internal_value=-1.36708e-13 0.000483738 0.000669178 -0.00050397 -0.000180039
internal_weight=0.222455 0.133989 0.0983706 0.0884658 0.0356182
internal_count=294 177 130 117 47
is_linear=0
shrinkage=0.06


Tree=212
num_leaves=7
num_cat=0
split_feature=0 4 3 9 11 14
split_gain=4.66977e-05 4.21562e-05 2.05904e-05 1.958e-05 1.75153e-05 7.41334e-06
threshold=0.57000000000000017 6.9988669136307529 -0.39749999999999991 0.21499004871948338 -0.69510229305113158 0.6682742947278143
decision_type=2 2 2 2 2 2
left_child=2 5 3 -1 -4 -2
right_child=1 -3 4 -5 -6 -7
leaf_value=-0.00014512421292609958 0.00047158899465374267 -0.00016384205874652336 6.8518483346731912e-05 0.0002375354245778224 -0.0004406793702709971 -2.4030438517290976e-05
leaf_weight=0.018922062939964235 0.056804518157150596 0.027199309086427093 0.012119579070713371 0.022679111163597554 0.066565192886628211 0.018158751481678337
leaf_count=25 75 36 16 30 88 24
internal_value=3.98409e-12 0.000277284 -0.000272798 9.12559e-05 -0.000371438 0.000440862
internal_weight=0.222449 0.102163 0.120286 0.0416012 0.0786848 0.0749633
internal_count=294 135 159 55 104 99
is_linear=0
shrinkage=0.06


Tree=213
num_leaves=6
num_cat=0
split_feature=9 2 3 0 14
split_gain=0.000134934 3.97401e-05 3.26878e-05 2.00968e-05 1.26404e-05
threshold=0.052992583492696609 0.028398943936087433 -0.43499999999999989 0.72000000000000008 0.60397828058749026
decision_type=2 2 2 2 2
left_child=2 -2 -1 -4 -3
right_child=1 4 3 -5 -6
leaf_value=0.00010040292068832121 -0.00011563076581352837 0.00062537479685804401 -0.00063022027145005885 4.1107279559016152e-05 -3.2313846321831457e-05
leaf_weight=0.012834949418902397 0.017424655728973448 0.071151152660604566 0.054397741623688489 0.05374551605200395 0.012900369241833687
leaf_count=17 23 94 72 71 17
internal_value=2.6142e-12 0.000471635 -0.00046343 -0.000560565 0.00058774
internal_weight=0.222454 0.101476 0.120978 0.108143 0.0840515
internal_count=294 134 160 143 111
is_linear=0
shrinkage=0.06


Tree=214
num_leaves=5
num_cat=0
split_feature=8 0 8 5
split_gain=0.000150469 5.51572e-05 3.53084e-05 2.82317e-05
threshold=-0.19840434561123718 0.030000000000000006 0.77814371518675507 -0.89919053703901541
decision_type=2 2 2 2
left_child=3 -2 -3 -1
right_child=1 2 -4 -5
leaf_value=7.9076417932524945e-05 -0.00015074804446846578 0.00071416845570844662 -8.2305932496005738e-05 -0.00059049265985538786
leaf_weight=0.022644610202405602 0.016686161980032921 0.099874022125732154 0.017428379680495709 0.06581946846563369
leaf_count=30 22 132 23 87
internal_value=-8.75771e-12 0.000483683 0.00062808 -0.000503913
internal_weight=0.222453 0.133989 0.117302 0.0884641
internal_count=294 177 155 117
is_linear=0
shrinkage=0.06


Tree=215
num_leaves=7
num_cat=0
split_feature=0 4 3 9 8 14
split_gain=4.67069e-05 4.21694e-05 2.05947e-05 1.95834e-05 1.75141e-05 7.41356e-06
threshold=0.57000000000000017 6.9988669136307529 -0.39749999999999991 0.21499004871948338 -0.69510229305113158 0.6682742947278143
decision_type=2 2 2 2 2 2
left_child=2 5 3 -1 -4 -2
right_child=1 -3 4 -5 -6 -7
leaf_value=-0.00014513591232168032 0.00047164412227727859 -0.00016387276601437985 6.8509075438000387e-05 0.00023755736836848887 -0.00044070868417940892 -2.4027526782896247e-05
leaf_weight=0.018921981740277261 0.056804816180374473 0.027198500349186361 0.012119689141400158 0.022678638983052224 0.066564302076585591 0.018158556194975972
leaf_count=25 75 36 16 30 88 24
internal_value=-2.28779e-12 0.000277311 -0.000272825 9.1266e-05 -0.000371476 0.000440919
internal_weight=0.222446 0.102162 0.120285 0.0416006 0.078684 0.0749634
internal_count=294 135 159 55 104 99
is_linear=0
shrinkage=0.06


Tree=216
num_leaves=6
num_cat=0
split_feature=9 2 3 0 14
split_gain=0.000134939 3.97565e-05 3.26965e-05 2.00809e-05 1.26421e-05
threshold=0.052992583492696609 0.028398943936087433 -0.43499999999999989 0.72000000000000008 0.60397828058749026
decision_type=2 2 2 2 2
left_child=2 -2 -1 -4 -3
right_child=1 4 3 -5 -6
leaf_value=0.00010042486915780938 -0.00011567037595531722 0.0006254233860099773 -0.00063020764094903813 4.1063316892558658e-05 -3.2315678161942365e-05
leaf_weight=0.012834446621127427 0.017424820165615529 0.071150904055684805 0.054395996907260269 0.053745951794553548 0.012900508765596896
leaf_count=17 23 94 72 71 17
internal_value=3.20846e-12 0.000471644 -0.000463439 -0.000560594 0.000587786
internal_weight=0.222453 0.101476 0.120976 0.108142 0.0840514
internal_count=294 134 160 143 111
is_linear=0
shrinkage=0.06


Tree=217
num_leaves=7
num_cat=0
split_feature=8 6 8 9 2 1
split_gain=0.000150441 7.22052e-05 3.87954e-05 1.63482e-05 1.34074e-05 1.31289e-05
threshold=-0.19840434561123718 0.66604340695691822 0.77814371518675507 0.079556252921495763 0.1124041590956464 -0.9953194331754891
decision_type=2 2 2 2 2 2
left_child=3 2 -2 4 -1 -3
right_child=1 5 -4 -5 -6 -7
leaf_value=-0.00060132048494844828 0.00075829046187363949 -0.00026938159228540758 -8.6499255696955742e-05 4.8968903236651349e-05 3.2938016740110399e-05 8.4545274024236839e-05
leaf_weight=0.050700449850410223 0.08470885909628123 0.012937540130224079 0.013660273922141641 0.01355364266782999 0.024208450864534825 0.022681686212308705
leaf_count=67 112 17 18 18 32 30
internal_value=-1.58331e-13 0.000483638 0.000669031 -0.000503866 -0.000556393 -0.000179993
internal_weight=0.222451 0.133988 0.0983691 0.0884625 0.0749089 0.0356192
internal_count=294 177 130 117 99 47
is_linear=0
shrinkage=0.06


Tree=218
num_leaves=7
num_cat=0
split_feature=9 14 9 7 7 10
split_gain=4.52878e-05 4.14922e-05 2.64275e-05 1.96716e-05 1.48913e-05 1.31268e-05
threshold=-0.015904606024345146 -0.32047945415064155 -0.48706667958608557 1.183860973313402 -1.1308303320332385 -0.71625585535174252
decision_type=2 2 2 2 2 2
left_child=2 -2 5 -3 -4 -1
right_child=1 3 4 -5 -6 -7
leaf_value=-0.00010554303976657822 -0.00016345978351695216 0.00050343690344079235 5.5254733430436687e-05 -6.5341167849219885e-05 -0.0004503947827300995 0.00021951626540056926
leaf_weight=0.013655377086251974 0.029436518321745098 0.064318318676669151 0.018213050090707839 0.018854417954571545 0.054463694163132459 0.023503275588154793
leaf_count=18 39 85 24 25 72 31
internal_value=1.47311e-12 0.000270511 -0.000271187 0.000433213 -0.000390298 0.000113475
internal_weight=0.222445 0.112609 0.109835 0.0831727 0.0726767 0.0371587
internal_count=294 149 145 110 96 49
is_linear=0
shrinkage=0.06


Tree=219
num_leaves=6
num_cat=0
split_feature=9 2 3 0 14
split_gain=0.000134932 3.97694e-05 3.27024e-05 2.0083e-05 1.26425e-05
threshold=0.052992583492696609 0.028398943936087433 -0.43499999999999989 0.72000000000000008 0.60397828058749026
decision_type=2 2 2 2 2
left_child=2 -2 -1 -4 -3
right_child=1 4 3 -5 -6
leaf_value=0.00010044244555278771 -0.00011570500528965274 0.00062544356633322711 -0.00063021797223617598 4.1068637506886155e-05 -3.2315212837703514e-05
leaf_weight=0.012834277818910778 0.01742543641012162 0.071151066746097058 0.054394909122493118 0.053744548524264246 0.012901089095976204
leaf_count=17 23 94 72 71 17
internal_value=-2.76765e-12 0.000471631 -0.000463429 -0.0005606 0.000587806
internal_weight=0.222451 0.101478 0.120974 0.108139 0.0840522
internal_count=294 134 160 143 111
is_linear=0
shrinkage=0.06


Tree=220
num_leaves=6
num_cat=0
split_feature=8 6 8 5 1
split_gain=0.000150433 7.21892e-05 3.88025e-05 2.82468e-05 1.31309e-05
threshold=-0.19840434561123718 0.66604340695691822 0.77814371518675507 -0.89919053703901541 -0.9953194331754891
decision_type=2 2 2 2 2
left_child=3 2 -2 -1 -3
right_child=1 4 -4 -5 -6
leaf_value=7.9125009677329182e-05 0.00075826786224541317 -0.00026936859972260499 -8.6519043956297264e-05 -0.00059047708768931995 8.4562997301222706e-05
leaf_weight=0.022642890107817948 0.084707687550690025 0.012938459869474173 0.013660066586453468 0.06581929896492511 0.022681149246636778
leaf_count=30 112 17 18 87 30
internal_value=9.70498e-13 0.000483626 0.000668991 -0.000503853 -0.000179963
internal_weight=0.22245 0.133987 0.0983678 0.0884622 0.0356196
internal_count=294 177 130 117 47
is_linear=0
shrinkage=0.06


Tree=221
num_leaves=7
num_cat=0
split_feature=0 4 3 9 8 14
split_gain=4.67066e-05 4.21868e-05 2.06063e-05 1.95854e-05 1.75068e-05 7.42131e-06
threshold=0.57000000000000017 6.9988669136307529 -0.39749999999999991 0.21499004871948338 -0.69510229305113158 0.6682742947278143
decision_type=2 2 2 2 2 2
left_child=2 5 3 -1 -4 -2
right_child=1 -3 4 -5 -6 -7
leaf_value=-0.00014512809736076136 0.00047171550926292636 -0.00016392377498336932 6.8477590018454709e-05 0.00023759382708165929 -0.00044072061775546313 -2.4052077229867967e-05
leaf_weight=0.018921902403235435 0.056806025328114629 0.027197131305001676 0.012119464168790728 0.022677517903503031 0.066562507476191968 0.018158637685701251
leaf_count=25 75 36 16 30 88 24
internal_value=1.11823e-11 0.00027731 -0.000272825 9.13093e-05 -0.000371517 0.000440966
internal_weight=0.222443 0.102162 0.120281 0.0415994 0.078682 0.0749647
internal_count=294 135 159 55 104 99
is_linear=0
shrinkage=0.06


Tree=222
num_leaves=6
num_cat=0
split_feature=9 2 3 10 14
split_gain=0.000134923 3.97857e-05 3.27095e-05 1.59737e-05 1.26449e-05
threshold=0.052992583492696609 0.028398943936087433 -0.43499999999999989 -0.48116226519365718 0.60397828058749026
decision_type=2 2 2 2 2
left_child=2 -2 -1 -4 -3
right_child=1 4 3 -5 -6
leaf_value=0.00010046435530718365 -0.00011574880722633149 0.0006254728152490992 3.8484814156375475e-05 -0.00061176101737121064 -3.2320021222257176e-05
leaf_weight=0.012833734392188489 0.017425579018890858 0.071150725358165801 0.02799584879539907 0.080142037244513631 0.012901519890874624
leaf_count=17 23 94 37 106 17
internal_value=-8.4606e-12 0.000471614 -0.000463413 -0.000560604 0.00058783
internal_weight=0.222449 0.101478 0.120972 0.108138 0.0840522
internal_count=294 134 160 143 111
is_linear=0
shrinkage=0.06


Tree=223
num_leaves=6
num_cat=0
split_feature=11 6 11 5 1
split_gain=0.000150399 7.21712e-05 3.88021e-05 2.82552e-05 1.31329e-05
threshold=-0.19840434561123718 0.66604340695691822 0.77814371518675507 -0.89919053703901541 -0.9953194331754891
decision_type=2 2 2 2 2
left_child=3 2 -2 -1 -3
right_child=1 4 -4 -5 -6
leaf_value=7.9154997416326094e-05 0.00075819600035142531 -0.0002693603390107122 -8.6526917765171414e-05 -0.00059044778694913782 8.4579249278789821e-05
leaf_weight=0.022641931078396738 0.084706399124115705 0.01293940277537331 0.013660660944879055 0.065818550297990441 0.022680667578242719
leaf_count=30 112 17 18 87 30
internal_value=-1.63074e-12 0.000483571 0.000668912 -0.000503797 -0.000179939
internal_weight=0.222448 0.133987 0.0983671 0.0884605 0.0356201
internal_count=294 177 130 117 47
is_linear=0
shrinkage=0.06


Tree=224
num_leaves=7
num_cat=0
split_feature=0 4 3 9 8 14
split_gain=4.67158e-05 4.22e-05 2.06106e-05 1.95888e-05 1.75057e-05 7.42151e-06
threshold=0.57000000000000017 6.9988669136307529 -0.39749999999999991 0.21499004871948338 -0.69510229305113158 0.6682742947278143
decision_type=2 2 2 2 2 2
left_child=2 5 3 -1 -4 -2
right_child=1 -3 4 -5 -6 -7
leaf_value=-0.00014513977725281985 0.00047177029205276337 -0.00016395437758967145 6.8468119575712405e-05 0.00023761569709695267 -0.00044074962858813179 -2.4049132761560334e-05
leaf_weight=0.018921815266367048 0.056806303444318473 0.027196314593311399 0.012119570572394878 0.022677037341054529 0.066561592859216034 0.018158435181248933
leaf_count=25 75 36 16 30 88 24
internal_value=-9.5641e-12 0.000277338 -0.000272852 9.13193e-05 -0.000371554 0.000441023
internal_weight=0.222441 0.102161 0.12028 0.0415989 0.0786812 0.0749647
internal_count=294 135 159 55 104 99
is_linear=0
shrinkage=0.06


Tree=225
num_leaves=6
num_cat=0
split_feature=12 2 3 0 14
split_gain=0.000134904 3.98046e-05 3.27147e-05 2.00724e-05 1.26468e-05
threshold=0.052992583492696609 0.028398943936087433 -0.43499999999999989 0.72000000000000008 0.60397828058749026
decision_type=2 2 2 2 2
left_child=2 -2 -1 -4 -3
right_child=1 4 3 -5 -6
leaf_value=0.00010048368635805682 -0.00011580195433531067 0.00062549449461573084 -0.00063018240474217203 4.1042737151063624e-05 -3.2324015563452448e-05
leaf_weight=0.012832939042709768 0.017425924015697092 0.071150131640024483 0.054391995479818434 0.053744575299788266 0.012902031536214054
leaf_count=17 23 94 72 71 17
internal_value=3.74625e-12 0.000471582 -0.000463382 -0.00056059 0.000587848
internal_weight=0.222448 0.101478 0.12097 0.108137 0.0840522
internal_count=294 134 160 143 111
is_linear=0
shrinkage=0.06


Tree=226
num_leaves=6
num_cat=0
split_feature=8 6 8 5 1
split_gain=0.000150353 7.21581e-05 3.88063e-05 2.8261e-05 1.31333e-05
threshold=-0.19840434561123718 0.66604340695691822 0.77814371518675507 -0.89919053703901541 -0.9953194331754891
decision_type=2 2 2 2 2
left_child=3 2 -2 -1 -3
right_child=1 4 -4 -5 -6
leaf_value=7.9181411173686664e-05 0.00075812709181522929 -0.00026935502563142394 -8.6545423064843485e-05 -0.00059039417382444122 8.4583514924651719e-05
leaf_weight=0.022640565992332995 0.08470571949146688 0.012940595566760749 0.01366116019198671 0.065817476890515536 0.022680191963445395
leaf_count=30 112 17 18 87 30
internal_value=-1.42289e-12 0.000483496 0.000668827 -0.00050372 -0.00017993
internal_weight=0.222446 0.133988 0.0983669 0.088458 0.0356208
internal_count=294 177 130 117 47
is_linear=0
shrinkage=0.06


Tree=227
num_leaves=7
num_cat=0
split_feature=0 4 3 9 8 14
split_gain=4.67343e-05 4.22075e-05 2.06104e-05 1.95935e-05 1.75049e-05 7.4208e-06
threshold=0.57000000000000017 6.9988669136307529 -0.39749999999999991 0.21499004871948338 -0.69510229305113158 0.6682742947278143
decision_type=2 2 2 2 2 2
left_child=2 5 3 -1 -4 -2
right_child=1 -3 4 -5 -6 -7
leaf_value=-0.00014516639901384138 0.00047182673184977745 -0.00016396045571411526 6.8459107593181492e-05 0.00023762917102916471 -0.00044078554526908874 -2.4042589277851634e-05
leaf_weight=0.018921562121249735 0.056806803855579346 0.027195491187740117 0.012119676452130079 0.022676380642224103 0.066560563805978745 0.018158382968977094
leaf_count=25 75 36 16 30 88 24
internal_value=-6.17148e-12 0.000277392 -0.000272906 9.13064e-05 -0.000371598 0.000441085
internal_weight=0.222439 0.102161 0.120278 0.0415979 0.0786802 0.0749652
internal_count=294 135 159 55 104 99
is_linear=0
shrinkage=0.06


Tree=228
num_leaves=6
num_cat=0
split_feature=9 2 3 0 14
split_gain=0.000134895 3.98208e-05 3.27219e-05 2.0065e-05 1.26492e-05
threshold=0.052992583492696609 0.028398943936087433 -0.43499999999999989 0.72000000000000008 0.60397828058749026
decision_type=2 2 2 2 2
left_child=2 -2 -1 -4 -3
right_child=1 4 3 -5 -6
leaf_value=0.00010050557584962531 -0.00011584570281077267 0.00062552352340164864 -0.0006301674219598895 4.1023362301193776e-05 -3.2328821018489e-05
leaf_weight=0.012832393462304026 0.017426061967853457 0.071149769239127636 0.054390348203014582 0.053744627046398818 0.01290246017742902
leaf_count=17 23 94 72 71 17
internal_value=1.04729e-12 0.000471565 -0.000463367 -0.000560594 0.000587872
internal_weight=0.222446 0.101478 0.120967 0.108135 0.0840522
internal_count=294 134 160 143 111
is_linear=0
shrinkage=0.06


Tree=229
num_leaves=6
num_cat=0
split_feature=8 6 8 5 1
split_gain=0.000150318 7.21401e-05 3.88059e-05 2.82694e-05 1.31353e-05
threshold=-0.19840434561123718 0.66604340695691822 0.77814371518675507 -0.89919053703901541 -0.9953194331754891
decision_type=2 2 2 2 2
left_child=3 2 -2 -1 -3
right_child=1 4 -4 -5 -6
leaf_value=7.9211375084816814e-05 0.0007580551693987627 -0.0002693467782980785 -8.6553280029914468e-05 -0.00059036476100985454 8.4599735940162036e-05
leaf_weight=0.022639601316768676 0.084704411332495511 0.012941536086145788 0.013661751989275217 0.065816710877697915 0.022679703019093722
leaf_count=30 112 17 18 87 30
internal_value=-6.93591e-12 0.000483441 0.000668748 -0.000503664 -0.000179906
internal_weight=0.222444 0.133987 0.0983662 0.0884563 0.0356212
internal_count=294 177 130 117 47
is_linear=0
shrinkage=0.06


Tree=230
num_leaves=7
num_cat=0
split_feature=0 4 3 9 8 14
split_gain=4.67434e-05 4.22207e-05 2.06147e-05 1.95968e-05 1.75037e-05 7.42099e-06
threshold=0.57000000000000017 6.9988669136307529 -0.39749999999999991 0.21499004871948338 -0.69510229305113158 0.6682742947278143
decision_type=2 2 2 2 2 2
left_child=2 5 3 -1 -4 -2
right_child=1 -3 4 -5 -6 -7
leaf_value=-0.00014517806042188287 0.00047188128082066631 -0.00016399097965220238 6.8449599078548076e-05 0.00023765099287021782 -0.00044081433479808757 -2.4039620009627218e-05
leaf_weight=0.018921470385976136 0.056807066022884101 0.027194668247830123 0.012119779828935862 0.022675893211271614 0.066559629689436406 0.018158175167627633
leaf_count=25 75 36 16 30 88 24
internal_value=-4.58677e-12 0.00027742 -0.000272933 9.13164e-05 -0.000371636 0.000441141
internal_weight=0.222437 0.10216 0.120277 0.0415974 0.0786794 0.0749652
internal_count=294 135 159 55 104 99
is_linear=0
shrinkage=0.06


Tree=231
num_leaves=7
num_cat=0
split_feature=9 2 10 14 5 6
split_gain=0.000134885 3.9837e-05 2.93187e-05 1.26515e-05 3.88096e-06 1.54566e-06
threshold=0.052992583492696609 0.028398943936087433 -0.48116226519365718 0.60397828058749026 -0.86789813288307682 0.58996498280360143
decision_type=2 2 2 2 2 2
left_child=2 -2 5 -3 -4 -1
right_child=1 3 4 -5 -6 -7
leaf_value=-2.4492426749667961e-05 -0.00011588941695854022 0.00062555242950984244 8.3419826022274352e-06 -3.2333626716544102e-05 -0.00057301198978817688 0.00011018300217725977
leaf_weight=0.012817271403037012 0.017426197708118707 0.071149395720567554 0.013562747568357736 0.012902887829113752 0.074124999868217856 0.020460195257328451
leaf_count=17 23 94 18 17 98 27
internal_value=-9.34925e-12 0.000471548 -0.000463351 0.000587895 -0.000558093 8.48088e-05
internal_weight=0.222444 0.101478 0.120965 0.0840523 0.0876877 0.0332775
internal_count=294 134 160 111 116 44
is_linear=0
shrinkage=0.06


Tree=232
num_leaves=6
num_cat=0
split_feature=8 6 8 5 1
split_gain=0.000150284 7.21221e-05 3.88055e-05 2.82777e-05 1.31373e-05
threshold=-0.19840434561123718 0.66604340695691822 0.77814371518675507 -0.89919053703901541 -0.9953194331754891
decision_type=2 2 2 2 2
left_child=3 2 -2 -1 -3
right_child=1 4 -4 -5 -6
leaf_value=7.924132519954112e-05 0.00075798321730278411 -0.00026933852657977326 -8.6561127515587106e-05 -0.00059033529740774588 8.4615945799697108e-05
leaf_weight=0.02263863361440599 0.084703092172276229 0.012942475324962288 0.013662342156749219 0.065815935493446887 0.022679210116621107
leaf_count=30 112 17 18 87 30
internal_value=-6.191e-12 0.000483386 0.000668669 -0.000503607 -0.000179882
internal_weight=0.222442 0.133987 0.0983654 0.0884546 0.0356217
internal_count=294 177 130 117 47
is_linear=0
shrinkage=0.06


Tree=233
num_leaves=7
num_cat=0
split_feature=9 14 9 7 7 10
split_gain=4.53684e-05 4.15185e-05 2.63795e-05 1.96993e-05 1.48979e-05 1.3146e-05
threshold=-0.015904606024345146 -0.32047945415064155 -0.48706667958608557 1.183860973313402 -1.1308303320332385 -0.71625585535174252
decision_type=2 2 2 2 2 2
left_child=2 -2 5 -3 -4 -1
right_child=1 3 4 -5 -6 -7
leaf_value=-0.00010572365375127655 -0.00016346686767957575 0.00050374630765740737 5.5273278823345852e-05 -6.539502855372829e-05 -0.00045044448026416322 0.00021946488534731775
leaf_weight=0.013657113478984684 0.029429659654852003 0.064315671508666128 0.018215848424006253 0.018848914420232177 0.054460908228065819 0.023506356577854604
leaf_count=18 39 85 24 25 72 31
internal_value=-1.52893e-12 0.000270754 -0.000271426 0.000433468 -0.000390328 0.000113248
internal_weight=0.222434 0.112594 0.10984 0.0831646 0.0726768 0.0371635
internal_count=294 149 145 110 96 49
is_linear=0
shrinkage=0.06


Tree=234
num_leaves=6
num_cat=0
split_feature=12 2 3 0 14
split_gain=0.000134862 3.98562e-05 3.27351e-05 2.00679e-05 1.26518e-05
threshold=0.052992583492696609 0.028398943936087433 -0.43499999999999989 0.72000000000000008 0.60397828058749026
decision_type=2 2 2 2 2
left_child=2 -2 -1 -4 -3
right_child=1 4 3 -5 -6
leaf_value=0.00010055025753532781 -0.00011594487059226828 0.00062556281416627181 -0.00063016099458379526 4.1032616545637945e-05 -3.2333706407911784e-05
leaf_weight=0.012831470463424921 0.017426793288905174 0.071150219242554158 0.054387277399655432 0.05374332336941734 0.012903233466204256
leaf_count=17 23 94 72 71 17
internal_value=-1.0302e-11 0.000471507 -0.000463312 -0.00056058 0.000587905
internal_weight=0.222442 0.10148 0.120962 0.108131 0.0840535
internal_count=294 134 160 143 111
is_linear=0
shrinkage=0.06


Tree=235
num_leaves=6
num_cat=0
split_feature=8 6 8 5 0
split_gain=0.000150265 7.21086e-05 3.8812e-05 2.8278e-05 8.39594e-06
threshold=-0.19840434561123718 0.66604340695691822 0.77814371518675507 -0.89919053703901541 0.64000000000000012
decision_type=2 2 2 2 2
left_child=3 2 -2 -1 -3
right_child=1 4 -4 -5 -6
leaf_value=7.924688908723891e-05 0.00075794924377731296 -0.00024209598655692874 -8.658093725084768e-05 -0.00059030721703067109 6.0783502558490222e-05
leaf_weight=0.022637979069259018 0.084702840074896812 0.023512020648922771 0.013661873294040561 0.065814926230814308 0.012110544310417026
leaf_count=30 112 31 18 87 16
internal_value=7.61669e-12 0.000483354 0.000668618 -0.000503575 -0.000179861
internal_weight=0.22244 0.133987 0.0983647 0.0884529 0.0356226
internal_count=294 177 130 117 47
is_linear=0
shrinkage=0.06


Tree=236
num_leaves=7
num_cat=0
split_feature=0 4 9 14 6 5
split_gain=4.67559e-05 4.22441e-05 1.59922e-05 7.42379e-06 4.84326e-06 3.09738e-06
threshold=0.57000000000000017 6.9988669136307529 0.22759895248908721 0.6682742947278143 0.57877700056929016 0.53162794129748925
decision_type=2 2 2 2 2 2
left_child=2 3 5 -2 -4 -1
right_child=1 -3 4 -5 -6 -7
leaf_value=-0.00037112263332338721 0.00047197903972741133 -0.00016404797184142961 -6.1908809638435455e-05 -2.404367193128442e-05 0.00013667601594337115 1.2645286608642186e-05
leaf_weight=0.063564060896169394 0.056806948035955429 0.027194128255359828 0.023460790980607271 0.018157674639951438 0.02040473761735484 0.012844403448980302
leaf_count=84 75 36 31 24 27 17
internal_value=-5.17827e-12 0.000277457 -0.00027297 0.000441234 7.29056e-05 -0.000354796
internal_weight=0.222433 0.102159 0.120274 0.0749646 0.0438655 0.0764085
internal_count=294 135 159 99 58 101
is_linear=0
shrinkage=0.06


Tree=237
num_leaves=6
num_cat=0
split_feature=9 2 3 0 14
split_gain=0.000134845 3.9869e-05 3.27395e-05 2.00618e-05 1.26525e-05
threshold=0.052992583492696609 0.028398943936087433 -0.43499999999999989 0.72000000000000008 0.60397828058749026
decision_type=2 2 2 2 2
left_child=2 -2 -1 -4 -3
right_child=1 4 3 -5 -6
leaf_value=0.00010056686777902603 -0.00011598266303585444 0.00062556875595107459 -0.00063013204010330939 4.101878035615216e-05 -3.233516110830013e-05
leaf_weight=0.012831141822971404 0.017427046725060791 0.071149887051433325 0.054385554685723037 0.053743223950732499 0.012903615483082831
leaf_count=17 23 94 72 71 17
internal_value=-7.28189e-13 0.000471476 -0.000463283 -0.000560566 0.00058791
internal_weight=0.22244 0.101481 0.12096 0.108129 0.0840535
internal_count=294 134 160 143 111
is_linear=0
shrinkage=0.06


Tree=238
num_leaves=6
num_cat=0
split_feature=11 6 11 5 1
split_gain=0.000150243 7.20921e-05 3.8811e-05 2.82822e-05 1.314e-05
threshold=-0.19840434561123718 0.66604340695691822 0.77814371518675507 -0.89919053703901541 -0.9953194331754891
decision_type=2 2 2 2 2
left_child=3 2 -2 -1 -3
right_child=1 4 -4 -5 -6
leaf_value=7.9263080468513583e-05 0.0007578929331524194 -0.00026931696934506328 -8.6585720612181416e-05 -0.0005902850910660969 8.4641370247241847e-05
leaf_weight=0.022637318063061684 0.084701757994480431 0.012944507994689047 0.013662051293067634 0.065814272966235876 0.022678400448057801
leaf_count=30 112 17 18 87 30
internal_value=2.27106e-12 0.000483319 0.000668557 -0.000503538 -0.000179836
internal_weight=0.222438 0.133987 0.0983638 0.0884516 0.0356229
internal_count=294 177 130 117 47
is_linear=0
shrinkage=0.06


Tree=239
num_leaves=6
num_cat=0
split_feature=0 4 3 9 8
split_gain=4.67632e-05 4.2255e-05 2.06211e-05 1.96022e-05 1.74931e-05
threshold=0.57000000000000017 6.9988669136307529 -0.39749999999999991 0.21499004871948338 -0.69510229305113158
decision_type=2 2 2 2 2
left_child=2 -2 3 -1 -4
right_child=1 -3 4 -5 -6
leaf_value=-0.00014519885926543845 0.00044127998872767015 -0.0001640735961995368 6.8402333487965528e-05 0.00023768273454333514 -0.00044084118212996744
leaf_weight=0.018920899834483862 0.074964723084121943 0.027193212823476642 0.012119702179916203 0.022674680629279464 0.066557447076775134
leaf_count=25 99 36 16 30 88
internal_value=1.95301e-12 0.000277479 -0.000272992 9.13272e-05 -0.000371706
internal_weight=0.222431 0.102158 0.120273 0.0415956 0.0786771
internal_count=294 135 159 55 104
is_linear=0
shrinkage=0.06


end of trees

feature_importances:
Column_8=208
Column_0=164
Column_9=161
Column_14=149
Column_3=141
Column_5=85
Column_6=85
Column_2=80
Column_1=70
Column_4=68
Column_11=23
Column_10=19
Column_7=16
Column_12=13

parameters:
[boosting: gbdt]
[objective: custom]
[metric: custom]
[tree_learner: serial]
[device_type: cpu]
[data_sample_strategy: bagging]
[data: ]
[valid: ]
[num_iterations: 100]
[learning_rate: 0.06]
[num_leaves: 7]
[num_threads: 4]
[seed: 42]
[deterministic: 0]
[force_col_wise: 0]
[force_row_wise: 0]
[histogram_pool_size: -1]
[max_depth: 3]
[min_data_in_leaf: 16]
[min_sum_hessian_in_leaf: 0.001]
[bagging_fraction: 0.9]
[pos_bagging_fraction: 1]
[neg_bagging_fraction: 1]
[bagging_freq: 0]
[bagging_seed: 400]
[bagging_by_query: 0]
[feature_fraction: 0.9]
[feature_fraction_bynode: 1]
[feature_fraction_seed: 30056]
[extra_trees: 0]
[extra_seed: 12879]
[early_stopping_round: 0]
[early_stopping_min_delta: 0]
[first_metric_only: 0]
[max_delta_step: 0]
[lambda_l1: 0]
[lambda_l2: 1]
[linear_lambda: 0]
[min_gain_to_split: 0]
[drop_rate: 0.1]
[max_drop: 50]
[skip_drop: 0.5]
[xgboost_dart_mode: 0]
[uniform_drop: 0]
[drop_seed: 17869]
[top_rate: 0.2]
[other_rate: 0.1]
[min_data_per_group: 100]
[max_cat_threshold: 32]
[cat_l2: 10]
[cat_smooth: 10]
[max_cat_to_onehot: 4]
[top_k: 20]
[monotone_constraints: ]
[monotone_constraints_method: basic]
[monotone_penalty: 0]
[feature_contri: ]
[forcedsplits_filename: ]
[refit_decay_rate: 0.9]
[cegb_tradeoff: 1]
[cegb_penalty_split: 0]
[cegb_penalty_feature_lazy: ]
[cegb_penalty_feature_coupled: ]
[path_smooth: 0]
[interaction_constraints: ]
[verbosity: -1]
[saved_feature_importance_type: 0]
[use_quantized_grad: 0]
[num_grad_quant_bins: 4]
[quant_train_renew_leaf: 0]
[stochastic_rounding: 1]
[linear_tree: 0]
[max_bin: 255]
[max_bin_by_feature: ]
[min_data_in_bin: 3]
[bin_construct_sample_cnt: 200000]
[data_random_seed: 175]
[is_enable_sparse: 1]
[enable_bundle: 1]
[use_missing: 1]
[zero_as_missing: 0]
[feature_pre_filter: 1]
[pre_partition: 0]
[two_round: 0]
[header: 0]
[label_column: ]
[weight_column: ]
[group_column: ]
[ignore_column: ]
[categorical_feature: ]
[forcedbins_filename: ]
[precise_float_parser: 0]
[parser_config_file: ]
[objective_seed: 16083]
[num_class: 3]
[is_unbalance: 0]
[scale_pos_weight: 1]
[sigmoid: 1]
[boost_from_average: 1]
[reg_sqrt: 0]
[alpha: 0.9]
[fair_c: 1]
[poisson_max_delta_step: 0.7]
[tweedie_variance_power: 1.5]
[lambdarank_truncation_level: 30]
[lambdarank_norm: 1]
[label_gain: ]
[lambdarank_position_bias_regularization: 0]
[eval_at: ]
[multi_error_top_k: 1]
[auc_mu_weights: ]
[num_machines: 1]
[local_listen_port: 12400]
[time_out: 120]
[machine_list_filename: ]
[machines: ]
[gpu_platform_id: -1]
[gpu_device_id: -1]
[gpu_use_dp: 0]
[num_gpu: 1]

end of parameters

pandas_categorical:null
