tree
version=v4
num_class=1
num_tree_per_iteration=1
label_index=0
max_feature_idx=13
objective=huber
feature_names=Column_0 Column_1 Column_2 Column_3 Column_4 Column_5 Column_6 Column_7 Column_8 Column_9 Column_10 Column_11 Column_12 Column_13
feature_infos=[0.0015:0.99849999999999994] [-3.2102949538713301:3.2926131586807696] [0:0.38913008393366633] [-1.7320508075691337:1.7320508075688898] [0:0.3363777638310832] [-0.8899999999999999:0.78000000000000003] [1.7029282555214393:9.0962563614829186] [-0.99981061502533064:0.99903573149944269] [0:0.857113974065982] [-3.3060618999224256:3.3002640188845098] [0.00099999999999999915:0.14000000000000001] [-0.99998590883318006:0.99998590883318006] [-0.99998590883318006:0.99998590883318006] [-0.77975741808905008:0.67634126260024174]
tree_sizes=664 680 678 683 681 688 681 683 687 772 683 680 680 774 689 771 767 686 685 688 688 684 767 781 685 778 779 782 775 776 777 775 772 775 776 774 777 777 774 775 777 775 688 776 777 776 779 779 780 781 779 778 691 694 779 693 782 695 778 693 781 774 696 777 696 783 521 689 523 521 784 692 687 524 604 783 520 689 696 605 778 517 692 518 783 602 689 778 520 518 607 691 776 602 606 696 517 693 606 526 608 779 696 699 518 694 697 518 521 698 782 613 692 606 610 697 522 616 525 780 612 528 692 516 609 610 520 699 519 608 606 691 697 608 692 696 520 518 521 786 522 691 778 693 787 606 612 520 521 788 523 609 694 522 520 695 699 606 777 695 520 693 691 785 698 522 690 783 518 696 614 522 609 788 519 608 608 696 517 697 518 520 697 523 696 609 522 784 525 775 695 703 692 697 779 702 695 783 781 516 609 606 784 780 518 782 519 517 605 610 608 693 524 700 605 515 606 781 609 609 790 517 775 604 609 610 518 610 603 612 524 517 614 603 698 523 690 782 699 523 609 610 608 609 697 516 609 608 700 786 520 519 696 521 518 608 609 523 519 610 609 696 609 608 697 788 525 698 609 603 611 605 691 703 524 518 521 607 699 607 692 609 521 611 519 699 690 612 518 607 698 609 698 519 605 611 610 607 703 697

Tree=0
num_leaves=6
num_cat=0
split_feature=0 0 0 0 2
split_gain=339.307 24.9458 8.03501 4.08105 1.03968
threshold=0.28000000000000008 0.48000000000000004 0.11750000000000001 0.67000000000000015 0.071629714287562499
decision_type=2 2 2 2 2
left_child=2 -2 -1 -3 -4
right_child=1 3 4 -5 -6
leaf_value=-0.15283703036664287 -0.12260179740958721 -0.10171976218404855 -0.13686463088767431 -0.10827016798590276 -0.14567082450832963
leaf_weight=530 295 322 172 934 160
leaf_count=530 295 322 172 934 160
internal_value=-0.12362 -0.109627 -0.148672 -0.106553 -0.141531
internal_weight=2413 1551 862 1256 332
internal_count=2413 1551 862 1256 332
is_linear=0
shrinkage=1


Tree=1
num_leaves=6
num_cat=0
split_feature=0 0 0 0 2
split_gain=308.602 23.1074 6.95997 3.76043 0.882807
threshold=0.28000000000000008 0.48000000000000004 0.11750000000000001 0.67000000000000015 0.071629714287562499
decision_type=2 2 2 2 2
left_child=2 -2 -1 -3 -4
right_child=1 3 4 -5 -6
leaf_value=-0.037991740347069008 -0.0093455770115057624 0.010739310163241278 -0.022990512443801105 0.0044523882440611713 -0.031307497566396544
leaf_weight=530 295 322 172 934 160
leaf_count=530 295 322 172 934 160
internal_value=-0.0102034 0.00314195 -0.0340953 0.00610035 -0.0274037
internal_weight=2413 1551 862 1256 332
internal_count=2413 1551 862 1256 332
is_linear=0
shrinkage=0.05


Tree=2
num_leaves=6
num_cat=0
split_feature=0 0 0 0 2
split_gain=280.675 21.4076 6.01784 3.4647 0.745432
threshold=0.28000000000000008 0.48000000000000004 0.11750000000000001 0.67000000000000015 0.071629714287562499
decision_type=2 2 2 2 2
left_child=2 -2 -1 -3 -4
right_child=1 3 4 -5 -6
leaf_value=-0.036191569934381503 -0.0090543060898780822 0.01026474615667209 -0.022107260644772635 0.0042309543040518569 -0.029960325558980306
leaf_weight=530 295 322 172 934 160
leaf_count=530 295 322 172 934 160
internal_value=-0.00976252 0.00296475 -0.0325478 0.0058124 -0.0262802
internal_weight=2413 1551 862 1256 332
internal_count=2413 1551 862 1256 332
is_linear=0
shrinkage=0.05


Tree=3
num_leaves=6
num_cat=0
split_feature=0 0 0 2 2
split_gain=255.276 19.8355 5.19305 3.40427 0.625354
threshold=0.28000000000000008 0.48000000000000004 0.11750000000000001 0.10825597958836204 0.071629714287562499
decision_type=2 2 2 2 2
left_child=2 -2 -1 -3 -4
right_child=1 3 4 -5 -6
leaf_value=-0.034476700569981727 -0.0087721136411031096 0.0068106105208631355 -0.021257940524041993 0.00022946186513307103 -0.028671125859925241
leaf_weight=530 295 1012 172 244 160
leaf_count=530 295 1012 172 244 160
internal_value=-0.009341 0.00279685 -0.0310708 0.00553809 -0.0252029
internal_weight=2413 1551 862 1256 332
internal_count=2413 1551 862 1256 332
is_linear=0
shrinkage=0.05


Tree=4
num_leaves=6
num_cat=0
split_feature=0 0 0 0 2
split_gain=232.083 18.3602 4.47179 3.25004 0.520603
threshold=0.28000000000000008 0.48000000000000004 0.11750000000000001 0.67000000000000015 0.071629714287562499
decision_type=2 2 2 2 2
left_child=2 -2 -1 -3 -4
right_child=1 3 4 -5 -6
leaf_value=-0.032843085092918896 -0.0084987172981103275 0.0095773194087754709 -0.020441251420705332 0.0037403383721717506 -0.027437397783452819
leaf_weight=530 295 322 172 934 160
leaf_count=530 295 322 172 934 160
internal_value=-0.00894209 0.00263133 -0.0296613 0.0052688 -0.0241699
internal_weight=2413 1551 862 1256 332
internal_count=2413 1551 862 1256 332
is_linear=0
shrinkage=0.05


Tree=5
num_leaves=6
num_cat=0
split_feature=0 0 13 2 3
split_gain=211.055 17.0109 4.10138 3.10086 0.0577316
threshold=0.28000000000000008 0.48000000000000004 0.18000326412764397 0.10825597958836204 -0.84183747932232744
decision_type=2 2 10 2 2
left_child=2 -2 4 -3 -1
right_child=1 3 -4 -5 -6
leaf_value=-0.033545504425680356 -0.0082338402668635062 0.0062323950879429645 -0.022323818257335218 -4.3162845643648664e-05 -0.027804059335740944
leaf_weight=294 295 1012 278 244 290
leaf_count=294 295 1012 278 244 290
internal_value=-0.00855769 0.00247908 -0.028316 0.00501792 -0.0309547
internal_weight=2413 1551 862 1256 584
internal_count=2413 1551 862 1256 584
is_linear=0
shrinkage=0.05


Tree=6
num_leaves=6
num_cat=0
split_feature=0 0 0 0 2
split_gain=191.917 15.7486 3.60225 3.0296 0.464047
threshold=0.28000000000000008 0.48000000000000004 0.11750000000000001 0.67000000000000015 0.071629714287562499
decision_type=2 2 2 2 2
left_child=2 -2 -1 -3 -4
right_child=1 3 4 -5 -6
leaf_value=-0.029902134994480096 -0.0079772187570730842 0.0089300782308665994 -0.018644374272244125 0.0033001618743482364 -0.025103673790440418
leaf_weight=530 295 322 172 934 160
leaf_count=530 295 322 172 934 160
internal_value=-0.00819437 0.00233022 -0.0270355 0.00477319 -0.0220836
internal_weight=2413 1551 862 1256 332
internal_count=2413 1551 862 1256 332
is_linear=0
shrinkage=0.05


Tree=7
num_leaves=6
num_cat=0
split_feature=0 0 13 9 3
split_gain=174.521 14.5951 3.37348 3.00422 0.0633722
threshold=0.28000000000000008 0.48000000000000004 0.18000326412764397 0.40379725445304221 -0.84183747932232744
decision_type=2 2 10 2 2
left_child=2 -2 4 -3 -1
right_child=1 3 -4 -5 -6
leaf_value=-0.030578405342771856 -0.007728594551483791 0.0025004162993083928 -0.020366782666095155 0.0074940567676717211 -0.025322111946041306
leaf_weight=294 295 747 278 509 290
leaf_count=294 295 747 278 509 290
internal_value=-0.00784247 0.00219388 -0.0258094 0.0045458 -0.0282054
internal_weight=2413 1551 862 1256 584
internal_count=2413 1551 862 1256 584
is_linear=0
shrinkage=0.05


Tree=8
num_leaves=6
num_cat=0
split_feature=0 0 13 13 0
split_gain=158.697 13.5182 2.93656 2.86733 0.0124759
threshold=0.28000000000000008 0.48000000000000004 0.18000326412764397 0.059818561784421999 0.070000000000000021
decision_type=2 2 10 10 2
left_child=2 -2 4 -3 -1
right_child=1 3 -4 -5 -6
leaf_value=-0.028760101380555528 -0.0074877205789089206 0.006064975893584376 -0.019528361891689234 0.0010435462283899769 -0.023759640124906979
leaf_weight=340 295 818 278 438 244
leaf_count=340 295 818 278 438 244
internal_value=-0.00750929 0.00206134 -0.0246423 0.00432495 -0.0268903
internal_weight=2413 1551 862 1256 584
internal_count=2413 1551 862 1256 584
is_linear=0
shrinkage=0.05


Tree=9
num_leaves=7
num_cat=0
split_feature=0 0 2 0 2 4
split_gain=144.297 12.522 2.84913 2.60674 0.441098 0.15096
threshold=0.28000000000000008 0.48000000000000004 0.10825597958836204 0.11750000000000001 0.071629714287562499 0.021213203435596416
decision_type=2 2 2 2 2 2
left_child=3 -2 -3 5 -5 -1
right_child=1 2 -4 4 -6 -7
leaf_value=-0.027420312796498092 -0.0072543534835179642 0.0052789429105605818 -0.00072364103213610901 -0.016174387123625161 -0.022037039706201265 -0.021639647833101308
leaf_weight=378 295 1012 244 172 160 152
leaf_count=378 295 1012 244 172 160 152
internal_value=-0.00719032 0.00193586 0.00411459 -0.0235275 -0.0192848 -0.0259802
internal_weight=2413 1551 1256 862 332 530
internal_count=2413 1551 1256 862 332 530
is_linear=0
shrinkage=0.05


Tree=10
num_leaves=6
num_cat=0
split_feature=0 0 0 13 3
split_gain=131.202 11.5979 2.84737 2.3954 0.17081
threshold=0.28000000000000008 0.48000000000000004 0.67000000000000015 0.18000326412764397 -0.84183747932232744
decision_type=2 2 2 10 2
left_child=3 -2 -3 4 -1
right_child=1 2 -4 -5 -6
leaf_value=-0.026670680157715662 -0.0070282591978708901 0.0079372110990209317 0.0024907343071727708 -0.017832221875342381 -0.021883604021395667
leaf_weight=294 295 322 934 278 290
leaf_count=294 295 322 934 278 290
internal_value=-0.00688624 0.00181606 0.00391298 -0.0224645 -0.0244995
internal_weight=2413 1551 1256 862 584
internal_count=2413 1551 1256 862 584
is_linear=0
shrinkage=0.05


Tree=11
num_leaves=6
num_cat=0
split_feature=0 0 0 9 2
split_gain=119.344 9.84712 2.63148 2.62421 0.186478
threshold=0.29000000000000009 0.48000000000000004 0.11750000000000001 0.40379725445304221 0.071629714287562499
decision_type=2 2 2 2 2
left_child=2 -2 -1 -3 -4
right_child=1 3 4 -5 -6
leaf_value=-0.02365776939369808 -0.006614019029529382 0.0018182604514220928 -0.014726470605186795 0.0064781026827744007 -0.019358418814160609
leaf_weight=530 277 747 179 509 171
leaf_count=530 277 747 179 509 171
internal_value=-0.00659294 0.0018413 -0.0212132 0.00372488 -0.0172303
internal_weight=2413 1533 880 1256 350
internal_count=2413 1533 880 1256 350
is_linear=0
shrinkage=0.05


Tree=12
num_leaves=6
num_cat=0
split_feature=0 0 0 13 3
split_gain=108.549 9.93143 2.60511 1.95866 0.157303
threshold=0.28000000000000008 0.48000000000000004 0.67000000000000015 0.18000326412764397 -0.84183747932232744
decision_type=2 2 2 10 2
left_child=3 -2 -3 4 -1
right_child=1 2 -4 -5 -6
leaf_value=-0.024320399262833359 -0.0065814467867215468 0.0073908888145324293 0.0021841281683792194 -0.016283196379354905 -0.01992812094041857
leaf_weight=294 295 322 934 278 290
leaf_count=294 295 322 934 278 290
internal_value=-0.00631326 0.00160237 0.003543 -0.020483 -0.022327
internal_weight=2413 1551 1256 862 584
internal_count=2413 1551 1256 862 584
is_linear=0
shrinkage=0.05


Tree=13
num_leaves=7
num_cat=0
split_feature=0 0 2 0 4 2
split_gain=98.7445 8.44952 2.61374 2.09714 0.281841 0.173224
threshold=0.29000000000000009 0.48000000000000004 0.10825597958836204 0.11750000000000001 0.021213203435596416 0.071629714287562499
decision_type=2 2 2 2 2 2
left_child=3 -2 -3 4 -1 -5
right_child=1 2 -4 5 -6 -7
leaf_value=-0.022846305837207925 -0.0062045837336398187 0.0044879501322861266 -0.0012523123104289833 -0.013448351783596952 -0.017653959951582986 -0.017742480083622718
leaf_weight=378 277 1012 244 179 152 171
leaf_count=378 277 1012 244 179 152 171
internal_value=-0.00604477 0.00162726 0.00337226 -0.0193435 -0.0215361 -0.0157667
internal_weight=2413 1533 1256 880 530 350
internal_count=2413 1533 1256 880 530 350
is_linear=0
shrinkage=0.05


Tree=14
num_leaves=6
num_cat=0
split_feature=0 0 13 13 3
split_gain=89.8153 8.50647 2.52844 1.59135 0.169272
threshold=0.28000000000000008 0.48000000000000004 0.059818561784421999 0.18000326412764397 -0.84183747932232744
decision_type=2 2 10 10 2
left_child=3 -2 -3 4 -1
right_child=1 2 -4 -5 -6
leaf_value=-0.022203046890804202 -0.0061634514729181928 0.0048396744795895005 0.00013571772177789875 -0.014879639336161394 -0.018119928442825707
leaf_weight=294 295 818 438 278 290
leaf_count=294 295 818 438 278 290
internal_value=-0.00579028 0.00141012 0.00320632 -0.0186794 -0.0203465
internal_weight=2413 1551 1256 862 584
internal_count=2413 1551 1256 862 584
is_linear=0
shrinkage=0.05


Tree=15
num_leaves=7
num_cat=0
split_feature=0 0 0 0 4 2
split_gain=81.6927 7.24915 2.40732 1.67053 0.271934 0.160149
threshold=0.29000000000000009 0.48000000000000004 0.67000000000000015 0.11750000000000001 0.021213203435596416 0.071629714287562499
decision_type=2 2 2 2 2 2
left_child=3 -2 -3 4 -1 -5
right_child=1 2 -4 5 -6 -7
leaf_value=-0.020827242525843975 -0.0058208241424662008 0.0067462936362724423 0.0017458087626816875 -0.012281639954966048 -0.016009651532598364 -0.016264414414763451
leaf_weight=378 277 322 934 179 152 171
leaf_count=378 277 322 934 179 152 171
internal_value=-0.00554542 0.00143295 0.00304945 -0.0176415 -0.0196081 -0.0144292
internal_weight=2413 1533 1256 880 530 350
internal_count=2413 1533 1256 880 530 350
is_linear=0
shrinkage=0.05


Tree=16
num_leaves=7
num_cat=0
split_feature=0 2 7 6 0 4
split_gain=74.394 6.24348 6.47708 2.9549 2.41448 0.322214
threshold=0.32000000000000006 0.10455925258379239 0.21987735180103038 5.0234198862895534 0.16750000000000001 0.033541019662496861
decision_type=2 2 2 2 2 2
left_child=4 2 -2 -3 5 -1
right_child=1 3 -4 -5 -6 -7
leaf_value=-0.01893335892551247 7.0137798479975088e-05 -0.0091520682473977405 0.0075971785949246716 0.00026073597070109638 -0.011797418383260568 -0.014467751206476479
leaf_weight=517 652 160 504 168 259 153
leaf_count=517 652 160 504 168 259 153
internal_value=-0.00530834 0.0016441 0.00337041 -0.00439935 -0.0163636 -0.0180283
internal_weight=2413 1484 1156 328 929 670
internal_count=2413 1484 1156 328 929 670
is_linear=0
shrinkage=0.05


Tree=17
num_leaves=6
num_cat=0
split_feature=0 0 2 13 13
split_gain=68.003 5.74625 3.69588 3.08115 1.22493
threshold=0.42000000000000004 0.28000000000000008 0.10825597958836204 -0.064612519169047505 0.18000326412764397
decision_type=2 2 2 8 10
left_child=1 4 3 -2 -1
right_child=2 -3 -4 -5 -6
leaf_value=-0.017737563414869161 0.0066139067435751157 -0.006655120791740788 -0.0028735953031314744 0.0012566811814596337 -0.012951035213133472
leaf_weight=584 485 201 265 600 278
leaf_count=584 485 201 265 600 278
internal_value=-0.0050696 -0.0144977 0.00238025 0.00367074 -0.0162775
internal_weight=2413 1063 1350 1085 862
internal_count=2413 1063 1350 1085 862
is_linear=0
shrinkage=0.05


Tree=18
num_leaves=6
num_cat=0
split_feature=0 0 2 7 0
split_gain=62.1172 5.12358 3.35899 2.68291 0.949302
threshold=0.42000000000000004 0.28000000000000008 0.10825597958836204 0.15358929711251881 0.047500000000000007
decision_type=2 2 2 2 2
left_child=1 4 3 -2 -1
right_child=2 -3 -4 -5 -6
leaf_value=-0.018354995862433787 0.0011234415043955264 -0.0064451289408415276 -0.0027352369314542525 0.0061021162005356301 -0.01403911013974851
leaf_weight=280 570 201 265 515 582
leaf_count=280 570 201 265 515 582
internal_value=-0.00484668 -0.0138575 0.00227348 0.00350374 -0.0155388
internal_weight=2413 1063 1350 1085 862
internal_count=2413 1063 1350 1085 862
is_linear=0
shrinkage=0.05


Tree=19
num_leaves=6
num_cat=0
split_feature=0 0 2 13 13
split_gain=56.7431 4.5667 3.05369 2.67744 0.98481
threshold=0.42000000000000004 0.28000000000000008 0.10825597958836204 -0.064612519169047505 0.18000326412764397
decision_type=2 2 2 8 10
left_child=1 4 3 -2 -1
right_child=2 -3 -4 -5 -6
leaf_value=-0.016149250459691261 0.0060872752527345204 -0.0062417632891136471 -0.0026048458215815052 0.0010943027907474475 -0.011836143933210273
leaf_weight=584 485 201 265 600 278
leaf_count=584 485 201 265 600 278
internal_value=-0.00463434 -0.0132466 0.00217086 0.00334387 -0.0148345
internal_weight=2413 1063 1350 1085 862
internal_count=2413 1063 1350 1085 862
is_linear=0
shrinkage=0.05


Tree=20
num_leaves=6
num_cat=0
split_feature=0 0 2 13 13
split_gain=51.8392 4.06708 2.7778 2.44418 0.851425
threshold=0.42000000000000004 0.28000000000000008 0.10825597958836204 -0.064612519169047505 0.18000326412764397
decision_type=2 2 2 8 10
left_child=1 4 3 -2 -1
right_child=2 -3 -4 -5 -6
leaf_value=-0.015392511334200668 0.0058139691334597923 -0.0060448148007531772 -0.0024808743637469081 0.0010434766112988401 -0.011348896270927188
leaf_weight=584 485 201 265 600 278
leaf_count=584 485 201 265 600 278
internal_value=-0.00443046 -0.0126621 0.00207403 0.0031928 -0.0141614
internal_weight=2413 1063 1350 1085 862
internal_count=2413 1063 1350 1085 862
is_linear=0
shrinkage=0.05


Tree=21
num_leaves=6
num_cat=0
split_feature=0 0 2 0 0
split_gain=47.3609 3.61992 2.52686 2.21654 0.700761
threshold=0.42000000000000004 0.28000000000000008 0.10825597958836204 0.6775000000000001 0.11750000000000001
decision_type=2 2 2 2 2
left_child=1 4 3 -2 -1
right_child=2 -3 -4 -5 -6
leaf_value=-0.014827679064229271 0.0064370682746616769 -0.0058540797349318722 -0.0023628030358641239 0.0015348700557737368 -0.011240565591113151
leaf_weight=530 330 201 265 755 332
leaf_count=530 330 201 265 755 332
internal_value=-0.00423567 -0.0121038 0.00198152 0.00304855 -0.0135189
internal_weight=2413 1063 1350 1085 862
internal_count=2413 1063 1350 1085 862
is_linear=0
shrinkage=0.05


Tree=22
num_leaves=7
num_cat=0
split_feature=0 0 7 0 8 13
split_gain=43.329 3.21943 2.24774 2.83148 1.94513 0.694287
threshold=0.42000000000000004 0.28000000000000008 0.43175062977805395 0.76000000000000012 0.58893560798128564 0.18000326412764397
decision_type=2 2 2 2 2 10
left_child=1 5 4 -4 -2 -1
right_child=2 -3 3 -5 -6 -7
leaf_value=-0.014019660924913926 -0.001612449341513756 -0.0056693639280726606 0.009262544204135836 0.0014021875143287257 0.003118788909226183 -0.010357501544716503
leaf_weight=584 506 201 192 279 373 278
leaf_count=584 506 201 192 279 373 278
internal_value=-0.00404415 -0.0115699 0.0019025 0.00467005 0.000401517 -0.0129051
internal_weight=2413 1063 1350 471 879 862
internal_count=2413 1063 1350 471 879 862
is_linear=0
shrinkage=0.05


Tree=23
num_leaves=7
num_cat=0
split_feature=1 10 13 2 13 8
split_gain=18.0521 5.57448 4.48211 4.00222 2.79622 1.71097
threshold=-0.29793976153760243 0.010000000000000007 0.059818561784421999 0.071629714287562499 0.052741379252782043 0.58219013801472197
decision_type=2 2 10 2 8 2
left_child=1 -1 5 -4 -3 -2
right_child=2 4 3 -5 -6 -7
leaf_value=-0.012243749660773143 0.00039583791405061223 -0.0015609369246442229 -0.00026001932545447018 -0.0092321337181399225 -0.0087104396642486859 0.0050777311773664759
leaf_weight=537 448 287 350 188 261 342
leaf_count=537 448 287 350 188 261 342
internal_value=-0.0038634 -0.008632 5.03966e-05 -0.0034514 -0.00501405 0.00244187
internal_weight=2413 1085 1328 538 548 790
internal_count=2413 1085 1328 538 548 790
is_linear=0
shrinkage=0.05


Tree=24
num_leaves=6
num_cat=0
split_feature=0 0 2 0 2
split_gain=37.7628 2.63333 2.31025 2.09762 0.641572
threshold=0.42000000000000004 0.28000000000000008 0.10825597958836204 0.6775000000000001 0.037079821025840745
decision_type=2 2 2 2 2
left_child=1 4 3 -2 -1
right_child=2 -3 -4 -5 -6
leaf_value=-0.014102695882320404 0.0061788508029126414 -0.0053671286233420512 -0.0022910920502962891 0.0014110632461655003 -0.010676047224160675
leaf_weight=295 330 201 265 755 567
leaf_count=295 330 201 265 755 567
internal_value=-0.00368875 -0.0107145 0.00186253 0.00288287 -0.0119233
internal_weight=2413 1063 1350 1085 862
internal_count=2413 1063 1350 1085 862
is_linear=0
shrinkage=0.05


Tree=25
num_leaves=7
num_cat=0
split_feature=0 0 13 0 13 13
split_gain=34.6003 3.22443 1.72737 4.36419 3.52751 0.566334
threshold=0.45750000000000007 0.28000000000000008 0.059818561784421999 0.66000000000000014 0.16590120218694762 0.18000326412764397
decision_type=2 2 10 2 10 10
left_child=1 5 3 -2 -4 -1
right_child=2 -3 4 -5 -6 -7
leaf_value=-0.012384213917020626 0.0092388254186626158 -0.004940308122723191 -0.006493366905932974 0.0011821570799390717 0.0027520315560738114 -0.0091013571872728041
leaf_weight=584 228 265 152 610 296 278
leaf_count=584 228 265 152 610 296 278
internal_value=-0.00352163 -0.00989741 0.00208255 0.00341598 -0.000421848 -0.0113841
internal_weight=2413 1127 1286 838 448 862
internal_count=2413 1127 1286 838 448 862
is_linear=0
shrinkage=0.05


Tree=26
num_leaves=7
num_cat=0
split_feature=0 0 13 0 13 13
split_gain=31.6915 2.86777 1.5924 4.06709 3.20393 0.489183
threshold=0.45750000000000007 0.28000000000000008 0.059818561784421999 0.66000000000000014 0.16590120218694762 0.18000326412764397
decision_type=2 2 10 2 10 10
left_child=1 5 3 -2 -4 -1
right_child=2 -3 4 -5 -6 -7
leaf_value=-0.011803900864108107 0.0089017865355945965 -0.0047856949766476951 -0.0061904942391404682 0.0011243947821941863 0.0026206724642717167 -0.0087266899671655657
leaf_weight=584 228 265 152 610 296 278
leaf_count=584 228 265 152 610 296 278
internal_value=-0.00336301 -0.00946492 0.00200041 0.00328069 -0.000404162 -0.0108675
internal_weight=2413 1127 1286 838 448 862
internal_count=2413 1127 1286 838 448 862
is_linear=0
shrinkage=0.05


Tree=27
num_leaves=7
num_cat=0
split_feature=1 10 13 2 13 8
split_gain=12.9813 3.68311 3.62138 3.69794 2.0462 1.61548
threshold=-0.29793976153760243 0.010000000000000007 0.059818561784421999 0.071629714287562499 0.052741379252782043 0.58219013801472197
decision_type=2 2 10 2 8 2
left_child=1 -1 5 -4 -3 -2
right_child=2 4 3 -5 -6 -7
leaf_value=-0.010192351330697152 0.00027007552163950919 -0.0013561230927884374 2.3250018416995735e-05 -0.0085970169869420444 -0.0074726194710491751 0.0048179458141875773
leaf_weight=537 448 287 350 188 261 342
leaf_count=537 448 287 350 188 261 342
internal_value=-0.00321123 -0.00725501 0.000107428 -0.00304046 -0.0043105 0.00225682
internal_weight=2413 1085 1328 538 548 790
internal_count=2413 1085 1328 538 548 790
is_linear=0
shrinkage=0.05


Tree=28
num_leaves=7
num_cat=0
split_feature=0 0 0 13 3 2
split_gain=27.7493 2.67189 1.9968 2.10735 1.57933 0.563484
threshold=0.48000000000000004 0.28000000000000008 0.67000000000000015 -0.022365757595298127 -0.5298741076318686 0.037079821025840745
decision_type=2 2 2 10 2 2
left_child=1 5 3 -2 -4 -1
right_child=2 -3 4 -5 -6 -7
leaf_value=-0.012030069495240847 0.0093511216165054409 -0.0044193724890549983 -0.0034125400428130326 0.001273877955064541 0.0018645143443295224 -0.0089144705449576145
leaf_weight=295 163 295 169 159 765 567
leaf_count=295 163 295 169 159 765 567
internal_value=-0.00306539 -0.00863503 0.00207914 0.00544313 0.000896586 -0.0100439
internal_weight=2413 1157 1256 322 934 862
internal_count=2413 1157 1256 322 934 862
is_linear=0
shrinkage=0.05


Tree=29
num_leaves=7
num_cat=0
split_feature=0 0 0 7 3 2
split_gain=25.4076 2.37585 1.85688 3.20465 1.43197 0.500934
threshold=0.48000000000000004 0.28000000000000008 0.67000000000000015 0.038113873074310689 -0.5298741076318686 0.02834643473936041
decision_type=2 2 2 2 2 2
left_child=1 5 3 -2 -4 -1
right_child=2 -3 4 -5 -6 -7
leaf_value=-0.011959676772629449 -4.1536034285267696e-05 -0.0042816353142261501 -0.0032517191384759756 0.0098771614161716117 0.0017731046819206714 -0.0087261616317868603
leaf_weight=213 153 295 169 169 765 649
leaf_count=213 153 295 169 169 765 649
internal_value=-0.00293096 -0.00826042 0.00199172 0.00523567 0.000851429 -0.00958953
internal_weight=2413 1157 1256 322 934 862
internal_count=2413 1157 1256 322 934 862
is_linear=0
shrinkage=0.05


Tree=30
num_leaves=7
num_cat=0
split_feature=0 0 0 13 3 2
split_gain=23.2615 2.11113 1.72305 1.84295 1.29789 0.449818
threshold=0.48000000000000004 0.28000000000000008 0.67000000000000015 -0.022365757595298127 -0.5298741076318686 0.037079821025840745
decision_type=2 2 2 10 2 2
left_child=1 5 3 -2 -4 -1
right_child=2 -3 4 -5 -6 -7
leaf_value=-0.010938971733053526 0.0086864946410059925 -0.0041481910347938534 -0.0030973644674241801 0.0011352577042288898 0.0016864375845081622 -0.0081403798312990813
leaf_weight=295 163 295 169 159 765 567
leaf_count=295 163 295 169 159 765 567
internal_value=-0.00280286 -0.00790228 0.00190732 0.00503215 0.000808962 -0.0091557
internal_weight=2413 1157 1256 322 934 862
internal_count=2413 1157 1256 322 934 862
is_linear=0
shrinkage=0.05


Tree=31
num_leaves=7
num_cat=0
split_feature=0 0 9 0 7 3
split_gain=21.3116 1.90681 4.22275 1.60679 2.85014 1.17546
threshold=0.48000000000000004 0.16750000000000001 0.55674133153578376 0.67000000000000015 0.038113873074310689 -0.5298741076318686
decision_type=2 2 2 2 2 2
left_child=1 -1 -3 4 -2 -5
right_child=3 2 -4 5 -6 -7
leaf_value=-0.0093037297990587031 -0.00012679205665105505 -0.0081754530629804065 0.0018160037982922336 -0.0029484952351709979 0.0092243888254823353 0.0016040868913511409
leaf_weight=670 153 336 151 169 169 765
leaf_count=670 153 336 151 169 169 765
internal_value=-0.00267884 -0.00755985 -0.00509051 0.00182959 0.00484713 0.000769019
internal_weight=2413 1157 487 1256 322 934
internal_count=2413 1157 487 1256 322 934
is_linear=0
shrinkage=0.05


Tree=32
num_leaves=7
num_cat=0
split_feature=0 0 0 7 3 9
split_gain=19.5064 1.71228 1.49641 2.6413 1.06427 0.405973
threshold=0.48000000000000004 0.28000000000000008 0.67000000000000015 0.038113873074310689 -0.5298741076318686 -1.0580023607878195
decision_type=2 2 2 2 2 2
left_child=1 5 3 -2 -4 -1
right_child=2 -3 4 -5 -6 -7
leaf_value=-0.0056425632802164479 -0.00012163294455673121 -0.003844035883744558 -0.0028061540636779934 0.00888045779589949 0.001525757479883561 -0.0088954891056030796
leaf_weight=152 153 295 169 169 765 710
leaf_count=152 153 295 169 169 765 710
internal_value=-0.00255865 -0.00722837 0.00175459 0.00466661 0.000731163 -0.00835774
internal_weight=2413 1157 1256 322 934 862
internal_count=2413 1157 1256 322 934 862
is_linear=0
shrinkage=0.05


Tree=33
num_leaves=7
num_cat=0
split_feature=0 7 0 7 3 9
split_gain=17.8729 1.71556 1.39596 2.45127 0.963602 0.661923
threshold=0.48000000000000004 0.7329240383814617 0.67000000000000015 0.038113873074310689 -0.5298741076318686 0.83980108533197118
decision_type=2 2 2 2 2 2
left_child=1 5 3 -2 -4 -1
right_child=2 -3 4 -5 -6 -7
leaf_value=-0.0083491224690962484 -0.00011666758528238611 -0.0024881193882379778 -0.0026706845684233925 0.008555555412139015 0.0014512529641891793 -0.0045072467172447639
leaf_weight=814 153 190 169 169 765 153
leaf_count=814 153 190 169 169 765 153
internal_value=-0.0024451 -0.00691503 0.00168358 0.00449613 0.000695171 -0.00776757
internal_weight=2413 1157 1256 322 934 967
internal_count=2413 1157 1256 322 934 967
is_linear=0
shrinkage=0.05


Tree=34
num_leaves=7
num_cat=0
split_feature=0 2 0 9 0 9
split_gain=16.422 1.5397 1.95137 1.47883 3.88651 0.839099
threshold=0.45750000000000007 0.10825597958836204 0.75000000000000011 0.64526723373254768 0.13750000000000004 1.0000000180025095e-35
decision_type=2 2 2 2 2 2
left_child=3 2 -2 5 -5 -1
right_child=1 -3 -4 4 -6 -7
leaf_value=-0.0069046058514875474 0.005278931762972932 -0.0019654104544315487 0.00075077772923283709 -0.0084227518883542487 0.0018850883491981177 -0.010956092103563174
leaf_weight=568 366 251 669 209 157 193
leaf_count=568 366 251 669 209 157 193
internal_value=-0.00234134 0.00151926 0.00236972 -0.00673386 -0.00403527 -0.00799693
internal_weight=2413 1286 1035 1127 366 761
internal_count=2413 1286 1035 1127 366 761
is_linear=0
shrinkage=0.05


Tree=35
num_leaves=7
num_cat=0
split_feature=0 7 0 7 3 2
split_gain=15.06 1.51031 1.23358 2.27068 0.918625 0.680391
threshold=0.48000000000000004 0.7329240383814617 0.67000000000000015 0.038113873074310689 1.2602520756252089 0.097848343380664934
decision_type=2 2 2 2 2 2
left_child=1 5 3 -2 -4 -1
right_child=2 -3 4 -5 -6 -7
leaf_value=-0.006268324540606861 -0.00023792580335955081 -0.0021910784183404386 0.0015504691533682871 0.0081048005528148569 -0.0019996566528280978 -0.0095012348647865036
leaf_weight=720 153 190 692 169 242 247
leaf_count=720 153 190 692 169 242 247
internal_value=-0.00223602 -0.00633916 0.00155385 0.00419769 0.000624879 -0.00713873
internal_weight=2413 1157 1256 322 934 967
internal_count=2413 1157 1256 322 934 967
is_linear=0
shrinkage=0.05


Tree=36
num_leaves=7
num_cat=0
split_feature=0 2 8 6 6 4
split_gain=13.8622 2.01579 1.72785 1.18896 1.52913 0.93464
threshold=0.42000000000000004 0.10825597958836204 0.58893560798128564 4.8558121652469213 4.4590449400847012 0.033447720400649153
decision_type=2 2 2 2 2 2
left_child=3 2 -2 4 -1 -5
right_child=1 -3 -4 5 -6 -7
leaf_value=-0.0071930211830523718 0.00043543217373856653 -0.0026536913671427304 0.0044580519224582298 -0.0086724853089877544 -0.00017522792823566414 -0.0047002748363027891
leaf_weight=150 619 265 466 520 156 237
leaf_count=150 619 265 466 520 156 237
internal_value=-0.00214173 0.00122137 0.00217564 -0.00639855 -0.00367566 -0.00746788
internal_weight=2413 1350 1085 1063 306 757
internal_count=2413 1350 1085 1063 306 757
is_linear=0
shrinkage=0.05


Tree=37
num_leaves=7
num_cat=0
split_feature=0 7 0 7 3 2
split_gain=12.7096 1.40015 1.16979 2.09654 0.933516 0.658241
threshold=0.48000000000000004 0.7329240383814617 0.67000000000000015 0.038113873074310689 -0.5298741076318686 0.097848343380664934
decision_type=2 2 2 2 2 2
left_child=1 5 3 -2 -4 -1
right_child=2 -3 4 -5 -6 -7
leaf_value=-0.0057384015188134954 -0.00025266245762004127 -0.0018330816351450408 -0.0027812290800221522 0.0077630381988382895 0.0012750424218345919 -0.0088933573858368965
leaf_weight=720 153 190 169 169 765 247
leaf_count=720 153 190 169 169 765 247
internal_value=-0.00204724 -0.00581662 0.00143434 0.00400871 0.00053019 -0.00658587
internal_weight=2413 1157 1256 322 934 967
internal_count=2413 1157 1256 322 934 967
is_linear=0
shrinkage=0.05


Tree=38
num_leaves=7
num_cat=0
split_feature=0 2 0 6 6 4
split_gain=11.6918 1.83704 1.52909 1.0684 1.40345 0.844676
threshold=0.42000000000000004 0.10825597958836204 0.75000000000000011 4.8558121652469213 4.4590449400847012 0.033447720400649153
decision_type=2 2 2 2 2 2
left_child=3 2 -2 4 -1 -5
right_child=1 -3 -4 5 -6 -7
leaf_value=-0.0066644206643104555 0.0044004714793377418 -0.0025707376955284014 0.00054928389430486185 -0.0080250189063094928 5.1635286267499752e-05 -0.0042608906322520622
leaf_weight=150 416 265 669 520 156 237
leaf_count=150 416 265 669 520 156 237
internal_value=-0.00196039 0.0011282 0.00203928 -0.0058698 -0.00329477 -0.00688224
internal_weight=2413 1350 1085 1063 306 757
internal_count=2413 1350 1085 1063 306 757
is_linear=0
shrinkage=0.05


Tree=39
num_leaves=7
num_cat=0
split_feature=0 7 3 3 11 8
split_gain=10.7836 1.29959 1.04027 1.72311 0.977537 0.657391
threshold=0.48000000000000004 0.7329240383814617 0.98180252294016979 -1.0875455302069261 0.36243293110884239 0.65302823321707149
decision_type=2 2 2 2 2 2
left_child=1 5 3 -2 -4 -1
right_child=2 -3 4 -5 -6 -7
leaf_value=-0.0067074565822141307 -0.0022755972193315242 -0.0015126964220633875 -0.0022932047949399095 0.0036135154844307094 0.0022816068304635085 -0.003202051172653834
leaf_weight=789 151 190 291 626 188 178
leaf_count=789 151 190 291 626 188 178
internal_value=-0.0018693 -0.00534137 0.00133759 0.00246181 -0.000492642 -0.00608199
internal_weight=2413 1157 1256 777 479 967
internal_count=2413 1157 1256 777 479 967
is_linear=0
shrinkage=0.05


Tree=40
num_leaves=7
num_cat=0
split_feature=0 7 0 7 3 2
split_gain=9.87435 1.18967 1.05313 1.94104 0.841838 0.638293
threshold=0.48000000000000004 0.7329240383814617 0.67000000000000015 0.038113873074310689 -0.5298741076318686 0.097848343380664934
decision_type=2 2 2 2 2 2
left_child=1 5 3 -2 -4 -1
right_child=2 -3 4 -5 -6 -7
leaf_value=-0.0050032439180489252 -0.00037915649104721945 -0.0014533522113775595 -0.0027267775824828741 0.0073294597281806781 0.0011248066571281086 -0.0080750499482429208
leaf_weight=720 153 190 169 169 765 247
leaf_count=720 153 190 169 169 765 247
internal_value=-0.0017943 -0.00511675 0.00127443 0.00371688 0.000417084 -0.00582537
internal_weight=2413 1157 1256 322 934 967
internal_count=2413 1157 1256 322 934 967
is_linear=0
shrinkage=0.05


Tree=41
num_leaves=7
num_cat=0
split_feature=0 2 8 6 6 4
split_gain=9.0898 1.65896 1.56532 0.962172 1.28194 0.75894
threshold=0.42000000000000004 0.10825597958836204 0.58893560798128564 4.8558121652469213 4.4590449400847012 0.033447720400649153
decision_type=2 2 2 2 2 2
left_child=3 2 -2 4 -1 -5
right_child=1 -3 -4 5 -6 -7
leaf_value=-0.0059544642846430509 0.00021670390091551385 -0.0025092084043555792 0.0040435430021104335 -0.0072026045393376124 0.00045239256220574705 -0.0036559499923355327
leaf_weight=150 619 265 466 520 156 237
leaf_count=150 619 265 466 520 156 237
internal_value=-0.00171794 0.00100535 0.00187131 -0.00516499 -0.00273346 -0.0061235
internal_weight=2413 1350 1085 1063 306 757
internal_count=2413 1350 1085 1063 306 757
is_linear=0
shrinkage=0.05


Tree=42
num_leaves=6
num_cat=0
split_feature=0 2 0 11 9
split_gain=8.33341 1.13779 4.28669 1.02163 1.05302
threshold=0.48000000000000004 0.097848343380664934 0.29000000000000009 -0.9131160577410028 1.1469093367907661
decision_type=2 2 2 2 2
left_child=1 2 -1 -2 -5
right_child=3 -3 -4 4 -6
leaf_value=-0.0055158774676218013 0.0046440408496022387 -0.0073905770623143895 0.0031534760531799575 -5.5624604305272463e-05 0.0043489668978978196
leaf_weight=688 177 293 176 925 154
leaf_count=688 177 293 176 925 154
internal_value=-0.0016415 -0.00469373 -0.00374191 0.00117761 0.00059018
internal_weight=2413 1157 864 1256 1079
internal_count=2413 1157 864 1256 1079
is_linear=0
shrinkage=0.05


Tree=43
num_leaves=7
num_cat=0
split_feature=0 7 0 7 3 0
split_gain=7.59329 1.10985 1.00329 1.76854 0.774126 0.73644
threshold=0.48000000000000004 0.7329240383814617 0.67000000000000015 0.038113873074310689 -0.5298741076318686 0.33750000000000008
decision_type=2 2 2 2 2 2
left_child=1 5 3 -2 -4 -1
right_child=2 -3 4 -5 -6 -7
leaf_value=-0.0044826237050349599 -0.00040025517721719385 -0.00095675446284122952 -0.0027254096847883929 0.0069567369404195381 0.00096766757877757509 -0.0082230963553601554
leaf_weight=801 153 190 169 169 765 166
leaf_count=801 153 190 169 169 765 166
internal_value=-0.00156642 -0.00447996 0.0011246 0.00350835 0.00028848 -0.00516373
internal_weight=2413 1157 1256 322 934 967
internal_count=2413 1157 1256 322 934 967
is_linear=0
shrinkage=0.05


Tree=44
num_leaves=7
num_cat=0
split_feature=0 2 0 6 6 4
split_gain=7.01217 1.50657 1.44286 0.845857 1.1683 0.672379
threshold=0.42000000000000004 0.10825597958836204 0.75000000000000011 4.8558121652469213 4.4590449400847012 0.033447720400649153
decision_type=2 2 2 2 2 2
left_child=3 2 -2 4 -1 -5
right_child=1 -3 -4 5 -6 -7
leaf_value=-0.0053338927919826208 0.0040094100558276417 -0.0024580388460998183 0.00027089946648003728 -0.0064384616152161657 0.00077369615250492691 -0.0031172046853491101
leaf_weight=150 416 265 669 520 156 237
leaf_count=150 416 265 669 520 156 237
internal_value=-0.00150119 0.000890684 0.0017161 -0.00452879 -0.00225784 -0.00542593
internal_weight=2413 1350 1085 1063 306 757
internal_count=2413 1350 1085 1063 306 757
is_linear=0
shrinkage=0.05


Tree=45
num_leaves=7
num_cat=0
split_feature=0 2 0 3 3 11
split_gain=6.4615 1.08632 3.78892 0.940942 1.50088 0.926919
threshold=0.48000000000000004 0.097848343380664934 0.29000000000000009 0.98180252294016979 -1.0875455302069261 0.47639166480173251
decision_type=2 2 2 2 2 2
left_child=1 2 -1 4 -2 -5
right_child=3 -3 -4 5 -6 -7
leaf_value=-0.0048609807797066577 -0.0022955686767370657 -0.0067446066391648064 0.0032848620941625774 -0.002276014932577715 0.0031978809619182206 0.0022912043026289005
leaf_weight=688 151 293 176 313 626 166
leaf_count=688 151 293 176 313 626 166
internal_value=-0.00142937 -0.00411703 -0.00319229 0.00105296 0.00212245 -0.000685903
internal_weight=2413 1157 864 1256 777 479
internal_count=2413 1157 864 1256 777 479
is_linear=0
shrinkage=0.05


Tree=46
num_leaves=7
num_cat=0
split_feature=0 9 0 11 9 9
split_gain=5.88076 1.0944 2.80438 0.934986 0.944604 0.82874
threshold=0.48000000000000004 0.64526723373254768 0.16000000000000003 -0.9131160577410028 1.1469093367907661 1.0000000180025095e-35
decision_type=2 2 2 2 2 2
left_child=1 5 -3 -2 -5 -1
right_child=3 2 -4 4 -6 -7
leaf_value=-0.0039786558655396844 0.0043196141937297287 -0.0051731975101258452 0.0035201639748918706 -0.00016851352613992922 0.0040026604252740737 -0.0077870237513207917
leaf_weight=582 177 225 151 925 154 199
leaf_count=582 177 225 151 925 154 199
internal_value=-0.00136428 -0.00392833 -0.0016816 0.00100387 0.000442533 -0.0049924
internal_weight=2413 1157 376 1256 1079 781
internal_count=2413 1157 376 1256 1079 781
is_linear=0
shrinkage=0.05


Tree=47
num_leaves=7
num_cat=0
split_feature=0 2 0 1 0 13
split_gain=5.36497 1.04058 3.4077 0.928624 2.21921 1.27614
threshold=0.48000000000000004 0.097848343380664934 0.29000000000000009 0.78532263671143432 0.67000000000000015 0.059818561784421999
decision_type=2 2 2 2 2 10
left_child=1 2 -1 4 -2 -5
right_child=3 -3 -4 5 -6 -7
leaf_value=-0.0044331874768283293 0.0065596554553109497 -0.0063198920339345935 0.0032896613712468862 0.0014138796471898441 -5.8439036451197947e-06 -0.002905962771270424
leaf_weight=688 204 293 176 447 335 270
leaf_count=688 204 293 176 447 335 270
internal_value=-0.00130322 -0.00375224 -0.00285014 0.000958695 0.00251651 -0.000221698
internal_weight=2413 1157 864 1256 539 717
internal_count=2413 1157 864 1256 539 717
is_linear=0
shrinkage=0.05


Tree=48
num_leaves=7
num_cat=0
split_feature=0 9 0 12 12 0
split_gain=4.9068 1.03656 2.52393 0.877449 1.46375 0.810968
threshold=0.48000000000000004 0.64526723373254768 0.16000000000000003 -0.9339837821258733 0.36768501217957911 0.30750000000000005
decision_type=2 2 2 2 2 2
left_child=1 5 -3 -2 -5 -1
right_child=3 2 -4 4 -6 -7
leaf_value=-0.0037131721350082123 -0.0025926500759594958 -0.0047119364045236428 0.0035333894384212989 0.0029667460451477771 -0.00070382989360027938 -0.007677668144648102
leaf_weight=612 151 225 151 637 468 169
leaf_count=612 151 225 151 637 468 169
internal_value=-0.00123747 -0.00357959 -0.00139773 0.000925683 0.00141598 -0.00461443
internal_weight=2413 1157 376 1256 1105 781
internal_count=2413 1157 376 1256 1105 781
is_linear=0
shrinkage=0.05


Tree=49
num_leaves=7
num_cat=0
split_feature=0 2 0 1 0 13
split_gain=4.48237 0.983633 3.14305 0.865516 2.06284 1.16002
threshold=0.48000000000000004 0.097848343380664934 0.29000000000000009 0.78532263671143432 0.67000000000000015 0.059818561784421999
decision_type=2 2 2 2 2 10
left_child=1 2 -1 4 -2 -5
right_child=3 -3 -4 5 -6 -7
leaf_value=-0.0040707148536287176 0.0062835575504736471 -0.0059179983545569774 0.0033438742654758264 0.0013019057885878637 -4.5814016244976839e-05 -0.002816789239221676
leaf_weight=688 204 293 176 447 335 270
leaf_count=688 204 293 176 447 335 270
internal_value=-0.00118602 -0.00342455 -0.00254979 0.000881468 0.00238545 -0.000257833
internal_weight=2413 1157 864 1256 539 717
internal_count=2413 1157 864 1256 539 717
is_linear=0
shrinkage=0.05


Tree=50
num_leaves=7
num_cat=0
split_feature=0 9 0 0 3 11
split_gain=4.10047 0.986828 2.27433 0.847281 0.828746 1.26394
threshold=0.48000000000000004 0.64526723373254768 0.16000000000000003 0.30750000000000005 1.2602520756252089 -0.87938902404540065
decision_type=2 2 2 2 2 2
left_child=1 3 -3 -1 5 -2
right_child=4 2 -4 -5 -6 -7
leaf_value=-0.0033608324886141177 0.0056936346229728464 -0.0042892967650423877 0.0035361660501131648 -0.0073951541521083356 -0.0014140451729679874 0.00076815646604006926
leaf_weight=612 151 225 151 169 302 803
leaf_count=612 151 225 151 169 302 803
internal_value=-0.00112511 -0.00326617 -0.00114146 -0.00427531 0.000852312 0.00157339
internal_weight=2413 1157 376 781 1256 954
internal_count=2413 1157 376 781 1256 954
is_linear=0
shrinkage=0.05


Tree=51
num_leaves=7
num_cat=0
split_feature=5 2 6 7 1 9
split_gain=2.05995 2.34982 3.85868 1.71741 1.59636 1.49701
threshold=1.0000000180025095e-35 0.097848343380664934 5.0590756417931537 -0.79250473934771815 0.80363337012575897 -0.79442766561819
decision_type=2 2 2 2 2 2
left_child=3 4 -3 -1 -2 -5
right_child=1 2 -4 5 -6 -7
leaf_value=-0.0068497222901317129 0.0044790339475805864 -0.0088562453723257505 0.0022789064254492334 0.0028220571716950768 8.8619065985931142e-05 -0.0024836089391146233
leaf_weight=188 323 152 151 152 562 885
leaf_count=188 323 152 151 152 562 885
internal_value=-0.00107729 0.000406076 -0.00336013 -0.00251166 0.00170716 -0.00169611
internal_weight=2413 1188 303 1225 885 1037
internal_count=2413 1188 303 1225 885 1037
is_linear=0
shrinkage=0.05


Tree=52
num_leaves=6
num_cat=0
split_feature=0 4 7 1 3
split_gain=3.66157 3.02235 2.7829 0.644004 0.464084
threshold=0.32000000000000006 0.088370652291207746 0.21987735180103038 -1.3920795082227591 -0.81706007089980603
decision_type=2 2 2 2 2
left_child=3 2 -2 -1 -5
right_child=1 -3 -4 4 -6
leaf_value=-0.0012008649043061517 -0.00073525908496916564 -0.0059167756464766586 0.0038637608577792196 -0.0060771701506740381 -0.0032612839041853054
leaf_weight=237 742 158 584 234 458
leaf_count=237 742 158 584 234 458
internal_value=-0.00103017 0.000511808 0.00129716 -0.0034829 -0.00425024
internal_weight=2413 1484 1326 929 692
internal_count=2413 1484 1326 929 692
is_linear=0
shrinkage=0.05


Tree=53
num_leaves=6
num_cat=0
split_feature=0 4 7 1 4
split_gain=3.34413 2.77838 2.55083 0.586584 0.422382
threshold=0.32000000000000006 0.088370652291207746 0.21987735180103038 -1.3920795082227591 0.023848480035423638
decision_type=2 2 2 2 2
left_child=3 2 -2 -1 -5
right_child=1 -3 -4 4 -6
leaf_value=-0.0011495055584621824 -0.00070276439795831608 -0.0056735707869741822 0.0037003319802103446 -0.0031104731242174444 -0.0057917333752906183
leaf_weight=237 742 158 584 456 236
leaf_count=237 742 158 584 456 236
internal_value=-0.000983531 0.000490086 0.00124307 -0.00332753 -0.00405988
internal_weight=2413 1484 1326 929 692
internal_count=2413 1484 1326 929 692
is_linear=0
shrinkage=0.05


Tree=54
num_leaves=7
num_cat=0
split_feature=0 3 7 1 4 0
split_gain=3.06348 1.77456 1.99425 0.498299 1.39056 0.947386
threshold=0.37000000000000005 -1.1832159566199207 0.49178162696709676 -0.87243633180459546 0.022776083947860765 0.16000000000000003
decision_type=2 2 2 2 2 2
left_child=3 -2 -3 5 -5 -1
right_child=1 2 -4 4 -6 -7
leaf_value=-0.0032792389886565961 -0.0042113417228900416 -0.00020471890971915049 0.0040205505066020939 -0.0019559664329639953 -0.0077314131003518348 0.0013111931821092582
leaf_weight=410 167 836 414 261 174 151
leaf_count=410 167 836 414 261 174 151
internal_value=-0.000939808 0.000554213 0.00120513 -0.00305749 -0.00432775 -0.002043
internal_weight=2413 1417 1250 996 435 561
internal_count=2413 1417 1250 996 435 561
is_linear=0
shrinkage=0.05


Tree=55
num_leaves=6
num_cat=0
split_feature=0 4 9 1 3
split_gain=2.81061 2.53572 2.19651 0.515159 0.416535
threshold=0.32000000000000006 0.088370652291207746 0.67680287715942689 -1.3920795082227591 -0.81706007089980603
decision_type=2 2 2 2 2
left_child=3 2 -2 -1 -5
right_child=1 -3 -4 4 -6
leaf_value=-0.0010075162372682708 -0.00017920979478372082 -0.0054349927860169326 0.0042223782876008621 -0.0054567030728424441 -0.0028024665005585547
leaf_weight=237 922 158 404 234 458
leaf_count=237 922 158 404 234 458
internal_value=-0.000897681 0.000453272 0.00117267 -0.00304659 -0.0037327
internal_weight=2413 1484 1326 929 692
internal_count=2413 1484 1326 929 692
is_linear=0
shrinkage=0.05


Tree=56
num_leaves=7
num_cat=0
split_feature=0 11 2 9 0 0
split_gain=2.58111 0.979963 1.21334 0.949177 1.97393 1.21354
threshold=0.45750000000000007 -0.9131160577410028 0.072674580876252864 0.64526723373254768 0.13750000000000004 0.30000000000000004
decision_type=2 2 2 2 2 2
left_child=3 -2 -3 5 -5 -1
right_child=1 2 -4 4 -6 -7
leaf_value=-0.0025090693758053708 0.0040215083316994466 0.0015212959657049472 -0.001818116573923686 -0.0036414389463716025 0.0036753221702428515 -0.0073443084604599895
leaf_weight=596 182 637 467 209 157 165
leaf_count=596 182 637 467 209 157 165
internal_value=-0.000855999 0.000674317 0.000106872 -0.00259748 -0.000495595 -0.00359854
internal_weight=2413 1286 1104 1127 366 761
internal_count=2413 1286 1104 1127 366 761
is_linear=0
shrinkage=0.05


Tree=57
num_leaves=6
num_cat=0
split_feature=0 4 7 7 8
split_gain=2.40696 2.26763 2.07751 0.494601 0.359577
threshold=0.32000000000000006 0.088370652291207746 -0.80052797093955153 0.68558899903850368 0.62166180144390915
decision_type=2 2 2 2 2
left_child=3 2 -2 4 -1
right_child=1 -3 -4 -5 -6
leaf_value=-0.0015450054298103179 -0.0037687410269814365 -0.0051380621440754344 0.0019047719707990845 -0.0052289931359035631 -0.0039977358469634123
leaf_weight=552 183 158 1143 170 207
leaf_count=552 183 158 1143 170 207
internal_value=-0.000819897 0.000430256 0.00111056 -0.00280852 -0.00223572
internal_weight=2413 1484 1326 929 759
internal_count=2413 1484 1326 929 759
is_linear=0
shrinkage=0.05


Tree=58
num_leaves=7
num_cat=0
split_feature=0 13 6 8 9 11
split_gain=2.19797 2.17026 4.16464 2.86316 0.473157 0.502594
threshold=0.32000000000000006 0.059818561784421999 5.349556117179425 0.58144456624240393 -1.0920855842719239 -0.30583378252731658
decision_type=2 10 2 2 2 2
left_child=4 3 -3 -2 -1 -6
right_child=1 2 -4 -5 5 -7
leaf_value=-0.00018356695336981053 -0.0005657948577235776 -0.0064378387479280888 0.0023383586456448063 0.0049435720381226164 -0.001524004731452305 -0.0041871559272055551
leaf_weight=158 539 270 262 413 293 478
leaf_count=158 539 270 262 413 293 478
internal_value=-0.000783257 0.000411388 -0.0021342 0.00183764 -0.00268359 -0.00319143
internal_weight=2413 1484 532 952 929 771
internal_count=2413 1484 532 952 929 771
is_linear=0
shrinkage=0.05


Tree=59
num_leaves=6
num_cat=0
split_feature=0 4 7 1 3
split_gain=2.00644 2.07773 1.89714 0.470686 0.514744
threshold=0.32000000000000006 0.088370652291207746 0.21987735180103038 -1.502302418630957 -0.81706007089980603
decision_type=2 2 2 2 2
left_child=3 2 -2 -1 -5
right_child=1 -3 -4 4 -6
leaf_value=-0.00035373374274132229 -0.00063247641237138452 -0.004935746470843356 0.0031646431665448556 -0.0048710401611824113 -0.0020953107759419643
leaf_weight=193 742 158 584 269 467
leaf_count=193 742 158 584 269 467
internal_value=-0.000747189 0.000394216 0.00104547 -0.00256284 -0.00313583
internal_weight=2413 1484 1326 929 736
internal_count=2413 1484 1326 929 736
is_linear=0
shrinkage=0.05


Tree=60
num_leaves=7
num_cat=0
split_feature=0 13 6 0 1 13
split_gain=1.83188 1.93452 3.77982 2.81164 0.439433 0.386156
threshold=0.32000000000000006 0.059818561784421999 5.349556117179425 0.66000000000000014 -1.3622711008715558 -0.10198949795913521
decision_type=2 10 2 2 2 10
left_child=4 3 -3 -2 -1 -6
right_child=1 2 -4 -5 5 -7
leaf_value=-0.00063899040660437417 0.0053181366957402026 -0.0061252358239144086 0.0022355986209963413 -0.00031683036515667154 -0.0046982310975210804 -0.0021717671186677993
leaf_weight=250 342 270 262 610 243 436
leaf_count=250 342 270 262 610 243 436
internal_value=-0.000712508 0.000378111 -0.0020252 0.00172471 -0.00244738 -0.00310367
internal_weight=2413 1484 532 952 929 679
internal_count=2413 1484 532 952 929 679
is_linear=0
shrinkage=0.05


Tree=61
num_leaves=7
num_cat=0
split_feature=0 9 0 0 11 2
split_gain=1.692 0.926935 1.64024 1.25611 0.85933 1.03352
threshold=0.45750000000000007 0.64526723373254768 0.13750000000000004 0.30000000000000004 -0.9131160577410028 0.072674580876252864
decision_type=2 2 2 2 2 2
left_child=1 3 -3 -1 -2 -6
right_child=4 2 -4 -5 5 -7
leaf_value=-0.0019697524690861115 0.0037013460476733348 -0.0028850951919628083 0.0037837965068993743 -0.006873922400614795 0.001341576659471452 -0.0017404402996624537
leaf_weight=596 182 209 157 165 637 467
leaf_count=596 182 209 157 165 637 467
internal_value=-0.000671988 -0.002082 -1.19551e-05 -0.003071 0.000566968 3.58921e-05
internal_weight=2413 1127 366 761 1286 1104
internal_count=2413 1127 366 761 1286 1104
is_linear=0
shrinkage=0.05


Tree=62
num_leaves=6
num_cat=0
split_feature=0 4 4 7 5
split_gain=1.59024 1.87584 1.85285 0.434538 0.444968
threshold=0.32000000000000006 0.088370652291207746 0.061517142909366558 0.68558899903850368 -1.0000000180025095e-35
decision_type=2 2 2 2 2
left_child=3 2 -2 4 -1
right_child=1 -3 -4 -5 -6
leaf_value=-0.0023265391120270841 0.00024090057076185073 -0.0046916757715991676 0.005634750302478269 -0.0045212763941713746 0.00068423388979564886
leaf_weight=608 1146 158 180 170 151
leaf_count=608 1146 158 180 170 151
internal_value=-0.000643378 0.000372708 0.000991514 -0.0022598 -0.001727
internal_weight=2413 1484 1326 929 759
internal_count=2413 1484 1326 929 759
is_linear=0
shrinkage=0.05


Tree=63
num_leaves=7
num_cat=0
split_feature=0 13 6 0 9 11
split_gain=1.45376 1.78174 3.37697 2.68871 0.415834 0.4599
threshold=0.32000000000000006 0.059818561784421999 5.349556117179425 0.66000000000000014 -1.0920855842719239 -0.30583378252731658
decision_type=2 10 2 2 2 2
left_child=4 3 -3 -2 -1 -6
right_child=1 2 -4 -5 5 -7
leaf_value=0.00017576455795691788 0.005166435011955091 -0.0058216044478626413 0.0020814165273372368 -0.00034373715572433956 -0.0010485039251987766 -0.0035833704894636109
leaf_weight=158 342 270 262 610 293 478
leaf_count=158 342 270 262 610 293 478
internal_value=-0.000611423 0.000360075 -0.00194637 0.00165241 -0.00215693 -0.00263302
internal_weight=2413 1484 532 952 929 771
internal_count=2413 1484 532 952 929 771
is_linear=0
shrinkage=0.05


Tree=64
num_leaves=6
num_cat=0
split_feature=0 4 7 1 3
split_gain=1.34079 1.74276 1.759 0.411687 0.401036
threshold=0.32000000000000006 0.088370652291207746 -0.80052797093955153 -1.3622711008715558 -0.92142144566169637
decision_type=2 2 2 2 2
left_child=3 2 -2 -1 -5
right_child=1 -3 -4 4 -6
leaf_value=-0.00031637078370241558 -0.0035349392048432335 -0.0045237097454948662 0.0016851786872251256 -0.0045612549041284291 -0.0018756702034310861
leaf_weight=250 183 158 1143 200 479
leaf_count=250 183 158 1143 200 479
internal_value=-0.000575229 0.000357725 0.000954182 -0.00205948 -0.00269427
internal_weight=2413 1484 1326 929 679
internal_count=2413 1484 1326 929 679
is_linear=0
shrinkage=0.05


Tree=65
num_leaves=7
num_cat=0
split_feature=0 9 0 0 3 3
split_gain=1.22682 0.908602 1.41325 1.28039 0.785369 2.63578
threshold=0.45750000000000007 0.64526723373254768 0.13750000000000004 0.30000000000000004 -1.0000000180025095e-35 -1.0875455302069261
decision_type=2 2 2 2 2 2
left_child=1 3 -3 -1 5 -2
right_child=4 2 -4 -5 -6 -7
leaf_value=-0.0016211903801252956 -0.0023466598019689505 -0.0023752528312398456 0.0038153842873411416 -0.0065643177838886485 -0.00026979449071830682 0.0061551773031247765
leaf_weight=596 158 209 157 165 924 204
leaf_count=596 158 209 157 165 924 204
internal_value=-0.000548881 -0.00174954 0.000295925 -0.00272881 0.000506032 0.00246302
internal_weight=2413 1127 366 761 1286 362
internal_count=2413 1127 366 761 1286 362
is_linear=0
shrinkage=0.05


Tree=66
num_leaves=4
num_cat=0
split_feature=4 4 5
split_gain=1.21296 1.69923 1.22012
threshold=0.092449234735482513 0.061517142909366558 1.0000000180025095e-35
decision_type=2 2 2
left_child=1 2 -1
right_child=-2 -3 -4
leaf_value=-0.0019607617465053676 -0.0043828528988710111 0.0033784081153958312 0.00053811285090062729
leaf_weight=986 183 284 960
leaf_count=986 183 284 960
internal_value=-0.000525828 -0.000200213 -0.000729798
internal_weight=2413 2230 1946
internal_count=2413 2230 1946
is_linear=0
shrinkage=0.05


Tree=67
num_leaves=6
num_cat=0
split_feature=7 6 0 8 7
split_gain=1.14892 4.11265 1.44912 2.21367 0.454298
threshold=-0.80052797093955153 5.3584468483336325 0.32000000000000006 0.63097851429240703 0.68558899903850368
decision_type=2 2 2 2 2
left_child=1 -1 4 -4 -2
right_child=2 -3 3 -5 -6
leaf_value=-0.0086523004100760356 -0.0010872091911115357 0.0019333930595834951 -0.00029078409297305394 0.004345519629337425 -0.00400030151169215
leaf_weight=169 598 191 935 350 170
leaf_count=169 598 191 935 350 170
internal_value=-0.000501602 -0.00308645 -4.19424e-05 0.000983971 -0.00175374
internal_weight=2413 360 2053 1285 768
internal_count=2413 360 2053 1285 768
is_linear=0
shrinkage=0.05


Tree=68
num_leaves=4
num_cat=0
split_feature=4 4 7
split_gain=1.11658 1.56968 0.928874
threshold=0.092449234735482513 0.061517142909366558 -0.72506468701513871
decision_type=2 2 2
left_child=1 2 -1
right_child=-2 -3 -4
leaf_value=-0.0028972242092025666 -0.0041791504367868952 0.0032732122164835127 -0.00013912517243223213
leaf_weight=374 183 284 1572
leaf_count=374 183 284 1572
internal_value=-0.000478565 -0.000166215 -0.000675268
internal_weight=2413 2230 1946
internal_count=2413 2230 1946
is_linear=0
shrinkage=0.05


Tree=69
num_leaves=4
num_cat=0
split_feature=4 11 0
split_gain=1.02538 1.50597 1.13799
threshold=0.092449234735482513 -0.97750033930640401 0.32000000000000006
decision_type=2 2 2
left_child=1 -1 -3
right_child=-2 2 -4
leaf_value=0.0045503822494227485 -0.0040017370649791783 -0.0019474896453836512 0.00043815373067555835
leaf_weight=153 183 826 1251
leaf_count=153 183 826 1251
internal_value=-0.000455504 -0.000156189 -0.000512989
internal_weight=2413 2230 2077
internal_count=2413 2230 2077
is_linear=0
shrinkage=0.05


Tree=70
num_leaves=7
num_cat=0
split_feature=2 6 0 13 1 11
split_gain=0.996773 1.86637 1.68727 2.04511 1.13733 0.490884
threshold=0.10455925258379239 4.809783079927735 0.29000000000000009 -0.06262944779240337 1.0000000180025095e-35 0.81592741901398658
decision_type=2 2 2 10 2 2
left_child=2 -2 5 -4 -3 -1
right_child=1 4 3 -5 -6 -7
leaf_value=-0.0024891099573432149 -0.0069773886448914017 -0.0031449287016268659 0.0035125221861324468 -0.00063543602456444539 0.0024537922491907407 0.00069620813875912856
leaf_weight=567 150 179 537 655 174 151
leaf_count=567 150 179 537 655 174 151
internal_value=-0.000434945 -0.00240341 8.83743e-05 0.0012401 -0.000389492 -0.00181904
internal_weight=2413 503 1910 1192 353 718
internal_count=2413 503 1910 1192 353 718
is_linear=0
shrinkage=0.05


Tree=71
num_leaves=6
num_cat=0
split_feature=8 8 6 8 2
split_gain=0.987017 1.49553 1.28021 1.18356 2.02604
threshold=0.58893560798128564 0.55823407306318329 5.2753045451194103 0.70606391928561185 0.10455925258379239
decision_type=2 2 2 2 2
left_child=1 2 -1 4 -2
right_child=3 -3 -4 -5 -6
leaf_value=0.00090422038953286371 0.0028951091189511531 -0.0045962387363595722 -0.0025906368262250167 -0.0026134090615337387 -0.0028704542844514153
leaf_weight=664 652 270 426 207 194
leaf_count=664 652 270 426 207 194
internal_value=-0.000413062 -0.00130081 -0.000467252 0.000734238 0.00156389
internal_weight=2413 1360 1090 1053 846
internal_count=2413 1360 1090 1053 846
is_linear=0
shrinkage=0.05


Tree=72
num_leaves=6
num_cat=0
split_feature=7 6 8 9 0
split_gain=0.960564 3.74844 1.27615 1.79567 1.69613
threshold=-0.80052797093955153 5.3584468483336325 0.58303358183569098 -0.92777889895362342 0.32000000000000006
decision_type=2 2 2 2 2
left_child=1 -1 3 -2 -4
right_child=2 -3 4 -5 -6
leaf_value=-0.0080709039691257579 0.0035867605437736282 0.0020323186325816897 -0.0013225967337473716 -0.0018993945679584325 0.003123071527463276
leaf_weight=169 171 191 343 981 558
leaf_count=169 171 191 343 981 558
internal_value=-0.000392684 -0.00275617 2.74502e-05 -0.00107306 0.0014327
internal_weight=2413 360 2053 1152 901
internal_count=2413 360 2053 1152 901
is_linear=0
shrinkage=0.05


Tree=73
num_leaves=4
num_cat=0
split_feature=4 4 12
split_gain=0.906027 1.49027 0.902303
threshold=0.091087104364037427 0.061517142909366558 0.91963761406741706
decision_type=2 2 2
left_child=1 2 -1
right_child=-2 -3 -4
leaf_value=-0.00017784382833372538 -0.0036515935698581727 0.0033024777463298328 -0.0034581018157574164
leaf_weight=1712 189 278 234
leaf_count=1712 189 278 234
internal_value=-0.000374546 -8.84895e-05 -0.000580135
internal_weight=2413 2224 1946
internal_count=2413 2224 1946
is_linear=0
shrinkage=0.05


Tree=74
num_leaves=5
num_cat=0
split_feature=7 6 7 8
split_gain=0.88391 3.42615 1.18644 1.52719
threshold=-0.80052797093955153 5.3535155258934504 -0.56548081493970281 0.58303358183569098
decision_type=2 2 2 2
left_child=1 -1 -2 -4
right_child=2 -3 3 -5
leaf_value=-0.0077317941764294242 0.0030181044832602705 0.0019304074395771805 -0.0017094903690672376 0.0012494694668923481
leaf_weight=168 284 192 1008 761
leaf_count=168 284 192 1008 761
internal_value=-0.000355541 -0.00262277 4.74305e-05 -0.000436652
internal_weight=2413 360 2053 1769
internal_count=2413 360 2053 1769
is_linear=0
shrinkage=0.05


Tree=75
num_leaves=7
num_cat=0
split_feature=2 6 0 13 1 11
split_gain=0.85564 1.69123 1.44672 1.88333 1.00266 0.440697
threshold=0.10455925258379239 4.809783079927735 0.29000000000000009 -0.06262944779240337 1.0000000180025095e-35 0.81592741901398658
decision_type=2 2 2 10 2 2
left_child=2 -2 5 -4 -3 -1
right_child=1 4 3 -5 -6 -7
leaf_value=-0.0022564716259395328 -0.0065173714055169023 -0.0028368092329322321 0.0033920167814089652 -0.0005886063008890205 0.0024196343696754243 0.00075933291361882137
leaf_weight=567 150 179 537 655 174 151
leaf_count=567 150 179 537 655 174 151
internal_value=-0.000339662 -0.00216349 0.000145038 0.00121136 -0.000248208 -0.00162136
internal_weight=2413 503 1910 1192 353 718
internal_count=2413 503 1910 1192 353 718
is_linear=0
shrinkage=0.05


Tree=76
num_leaves=4
num_cat=0
split_feature=4 4 5
split_gain=0.800228 1.38355 0.823318
threshold=0.091087104364037427 0.061517142909366558 1.0000000180025095e-35
decision_type=2 2 2
left_child=1 2 -1
right_child=-2 -3 -4
leaf_value=-0.0015381632234471711 -0.0034016412500407281 0.0032141008368255608 0.00051434011548580219
leaf_weight=986 189 278 960
leaf_count=986 189 278 960
internal_value=-0.000321881 -5.3114e-05 -0.0005269
internal_weight=2413 2224 1946
internal_count=2413 2224 1946
is_linear=0
shrinkage=0.05


Tree=77
num_leaves=6
num_cat=0
split_feature=3 11 6 6 6
split_gain=0.816292 1.78467 1.30941 2.3689 2.29806
threshold=-1.1832159566199207 1.0000000180025095e-35 4.6517668154327616 4.371344754402223 4.8630628221634487
decision_type=2 2 2 2 2
left_child=1 -1 3 -2 -4
right_child=2 -3 4 -5 -6
leaf_value=0.0008539841730190918 0.00097602111826174316 -0.0057365187808833835 0.0056769802823270626 -0.0062393346681577592 4.3159634438503772e-05
leaf_weight=210 253 194 204 200 1352
leaf_count=210 253 194 204 200 1352
internal_value=-0.000306102 -0.0023422 0.000108146 -0.0022429 0.000797602
internal_weight=2413 404 2009 453 1556
internal_count=2413 404 2009 453 1556
is_linear=0
shrinkage=0.05


Tree=78
num_leaves=6
num_cat=0
split_feature=2 6 8 8 1
split_gain=0.793613 1.51333 1.16729 1.98446 0.890683
threshold=0.10455925258379239 4.809783079927735 0.70703810590078009 0.58827565295094864 1.0000000180025095e-35
decision_type=2 2 2 2 2
left_child=2 -2 3 -1 -3
right_child=1 4 -4 -5 -6
leaf_value=-0.00076650800205870417 -0.0061667980626225471 -0.0026762336689938348 -0.0037309288222546126 0.0026953445273604649 0.0022779989774292077
leaf_weight=1074 150 179 169 667 174
leaf_count=1074 150 179 169 667 174
internal_value=-0.000291766 -0.00204827 0.000174949 0.000563694 -0.000236495
internal_weight=2413 503 1910 1741 353
internal_count=2413 503 1910 1741 353
is_linear=0
shrinkage=0.05


Tree=79
num_leaves=5
num_cat=0
split_feature=7 6 7 8
split_gain=0.792135 3.08578 1.09186 1.32919
threshold=-0.80052797093955153 5.3584468483336325 -0.56548081493970281 0.58303358183569098
decision_type=2 2 2 2
left_child=1 -1 -2 -4
right_child=2 -3 3 -5
leaf_value=-0.0072485331506068817 0.0029513959099418184 0.0019171782971207738 -0.0015503828769317476 0.0012100344834430994
leaf_weight=169 284 191 1008 761
leaf_count=169 284 191 1008 761
internal_value=-0.000279643 -0.00242597 0.000101702 -0.000362825
internal_weight=2413 360 2053 1769
internal_count=2413 360 2053 1769
is_linear=0
shrinkage=0.05


Tree=80
num_leaves=7
num_cat=0
split_feature=13 6 2 6 4 5
split_gain=0.783712 1.79008 1.85556 1.78517 1.10316 1.08891
threshold=0.066672345034197875 5.349556117179425 0.089781755307042119 5.3989315343649293 0.023452078799117159 -0.059999999999999977
decision_type=10 2 2 2 2 2
left_child=3 2 -2 5 -3 -1
right_child=1 4 -4 -5 -6 -7
leaf_value=0.0044152898246639606 -0.0013101879028537609 -0.00087498520337954801 -0.0076777854079453567 -0.0017283496430597145 0.0044192252067986352 0.00066254242002737726
leaf_weight=278 377 263 161 566 151 617
leaf_count=278 377 263 161 566 151 617
internal_value=-0.000266898 -0.00137942 -0.00326888 0.00046026 0.00108569 0.00184625
internal_weight=2413 952 538 1461 414 895
internal_count=2413 952 538 1461 414 895
is_linear=0
shrinkage=0.05


Tree=81
num_leaves=4
num_cat=0
split_feature=9 9 11
split_gain=0.793022 1.71063 1.82549
threshold=1.4420848586444548 1.0850176576962172 -0.96155180700259479
decision_type=2 2 2
left_child=1 2 -1
right_child=-2 -3 -4
leaf_value=0.004157897729402114 -0.0035752674392187512 0.003762206541706066 -0.00099461928711855503
leaf_weight=185 162 261 1805
leaf_count=185 162 261 1805
internal_value=-0.000250861 -4.21693e-06 -0.000506396
internal_weight=2413 2251 1990
internal_count=2413 2251 1990
is_linear=0
shrinkage=0.05


Tree=82
num_leaves=6
num_cat=0
split_feature=3 11 6 6 6
split_gain=0.730395 1.61135 1.13267 2.19973 2.17408
threshold=-1.1832159566199207 1.0000000180025095e-35 4.6517668154327616 4.8630628221634487 4.371344754402223
decision_type=2 2 2 2 2
left_child=1 -1 4 -4 -2
right_child=2 -3 3 -5 -6
leaf_value=0.00087144902073453339 0.0010484399428309572 -0.0053898218784003936 0.0055683926642431242 5.6360100509047065e-05 -0.0058623460434851374
leaf_weight=210 253 194 204 1352 200
leaf_count=210 253 194 204 1352 200
internal_value=-0.000238305 -0.00216433 0.000153422 0.000794539 -0.00203337
internal_weight=2413 404 2009 1556 453
internal_count=2413 404 2009 1556 453
is_linear=0
shrinkage=0.05


Tree=83
num_leaves=4
num_cat=0
split_feature=9 9 11
split_gain=0.726464 1.56912 1.65816
threshold=1.4420848586444548 1.0850176576962172 -0.96155180700259479
decision_type=2 2 2
left_child=1 2 -1
right_child=-2 -3 -4
leaf_value=0.0039735614503795084 -0.0034086651891305445 0.0036164673973646021 -0.00093710978749281812
leaf_weight=185 162 261 1805
leaf_count=185 162 261 1805
internal_value=-0.000226823 9.21467e-06 -0.000471775
internal_weight=2413 2251 1990
internal_count=2413 2251 1990
is_linear=0
shrinkage=0.05


Tree=84
num_leaves=7
num_cat=0
split_feature=2 6 0 13 1 13
split_gain=0.728426 1.3316 1.18973 1.67096 1.05784 0.449452
threshold=0.10455925258379239 4.8356864908434245 0.29000000000000009 -0.06262944779240337 0.39948468578538204 0.18237476548648032
decision_type=2 2 2 10 2 10
left_child=2 -2 5 -4 -3 -1
right_child=1 4 3 -5 -6 -7
leaf_value=-0.0022141888433261851 -0.0055398981585832582 -0.0027519959647681834 0.0032524486508750286 -0.00049732745011197318 0.0027489322573828277 0.00046305035497864772
leaf_weight=491 163 176 537 655 164 227
leaf_count=491 163 176 537 655 164 227
internal_value=-0.000215245 -0.00189812 0.000231739 0.00119849 -9.72224e-05 -0.00137041
internal_weight=2413 503 1910 1192 340 718
internal_count=2413 503 1910 1192 340 718
is_linear=0
shrinkage=0.05


Tree=85
num_leaves=5
num_cat=0
split_feature=7 6 7 8
split_gain=0.6898 2.70922 1.04966 1.19448
threshold=-0.80052797093955153 5.3535155258934504 -0.56548081493970281 0.58303358183569098
decision_type=2 2 2 2
left_child=1 -1 -2 -4
right_child=2 -3 3 -5
leaf_value=-0.0067494968723369811 0.002947064504554257 0.0018407315471518943 -0.0014283908222642416 0.0011883568486862777
leaf_weight=168 284 192 1008 761
leaf_count=168 284 192 1008 761
internal_value=-0.000202653 -0.00220559 0.000153072 -0.000302525
internal_weight=2413 360 2053 1769
internal_count=2413 360 2053 1769
is_linear=0
shrinkage=0.05


Tree=86
num_leaves=6
num_cat=0
split_feature=2 6 8 8 6
split_gain=0.673269 1.20189 1.13305 1.59878 0.995404
threshold=0.10455925258379239 4.8356864908434245 0.70703810590078009 0.58827565295094864 5.4172547693555382
decision_type=2 2 2 2 2
left_child=2 -2 3 -1 -3
right_child=1 4 -4 -5 -6
leaf_value=-0.0005752089987693448 -0.0052711533005571085 0.00236225748365676 -0.0036120840824334938 0.0025323290488943584 -0.0029878703049813927
leaf_weight=1074 163 184 169 667 156
leaf_count=1074 163 184 169 667 156
internal_value=-0.000193367 -0.00181129 0.00023633 0.000619172 -0.000100233
internal_weight=2413 503 1910 1741 340
internal_count=2413 503 1910 1741 340
is_linear=0
shrinkage=0.05


Tree=87
num_leaves=7
num_cat=0
split_feature=13 6 6 2 5 4
split_gain=0.660419 1.65526 1.51134 1.62188 1.07655 1.00104
threshold=0.066672345034197875 5.3989315343649293 5.349556117179425 0.089781755307042119 -0.059999999999999977 0.023452078799117159
decision_type=10 2 2 2 2 2
left_child=1 4 3 -2 -1 -4
right_child=2 -3 5 -5 -6 -7
leaf_value=0.0043719739388253269 -0.0011124654525577966 -0.0016245491201182722 -0.00080919000096427998 -0.0070631756389749256 0.0006408073442228661 0.0042342669352924888
leaf_weight=278 377 566 263 161 617 151
leaf_count=278 377 566 263 161 617 151
internal_value=-0.000184257 0.000483106 -0.00120561 -0.00294189 0.00181761 0.00105891
internal_weight=2413 1461 952 538 895 414
internal_count=2413 1461 952 538 895 414
is_linear=0
shrinkage=0.05


Tree=88
num_leaves=4
num_cat=0
split_feature=4 4 13
split_gain=0.65003 1.28685 0.801775
threshold=0.091087104364037427 0.061517142909366558 0.38486325820360695
decision_type=2 2 8
left_child=1 2 -1
right_child=-2 -3 -4
leaf_value=-0.00069548181946970614 -0.0029476316900174954 0.0032207791011471159 0.002927767005742076
leaf_weight=1784 189 278 162
leaf_count=1784 189 278 162
internal_value=-0.000171894 7.00765e-05 -0.000387124
internal_weight=2413 2224 1946
internal_count=2413 2224 1946
is_linear=0
shrinkage=0.05


Tree=89
num_leaves=4
num_cat=0
split_feature=9 9 11
split_gain=0.664341 1.43269 1.49055
threshold=1.4420848586444548 1.0850176576962172 -0.96155180700259479
decision_type=2 2 2
left_child=1 2 -1
right_child=-2 -3 -4
leaf_value=0.0038187762941723985 -0.0032042900352002666 0.0035108333788995971 -0.00083695172810832488
leaf_weight=185 162 261 1805
leaf_count=185 162 261 1805
internal_value=-0.000161518 6.40809e-05 -0.000395647
internal_weight=2413 2251 1990
internal_count=2413 2251 1990
is_linear=0
shrinkage=0.05


Tree=90
num_leaves=5
num_cat=0
split_feature=7 6 7 4
split_gain=0.633974 2.37986 0.968393 1.12209
threshold=-0.80052797093955153 5.3584468483336325 -0.56548081493970281 0.088370652291207746
decision_type=2 2 2 2
left_child=1 -1 -2 -4
right_child=2 -3 3 -5
leaf_value=-0.0063086015264632121 0.0028716629524244953 0.0017399144521825329 0.0001444872770735171 -0.0042574018614846961
leaf_weight=169 284 191 1615 154
leaf_count=169 284 191 1615 154
internal_value=-0.000152862 -0.00207308 0.000188072 -0.000249638
internal_weight=2413 360 2053 1769
internal_count=2413 360 2053 1769
is_linear=0
shrinkage=0.05


Tree=91
num_leaves=6
num_cat=0
split_feature=3 11 6 6 6
split_gain=0.627931 1.43396 0.940451 2.17048 1.98922
threshold=-1.1832159566199207 1.0000000180025095e-35 4.6517668154327616 4.8630628221634487 4.371344754402223
decision_type=2 2 2 2 2
left_child=1 -1 4 -4 -2
right_child=2 -3 3 -5 -6
leaf_value=0.00092956503259449897 0.0011691423502115375 -0.0049752642187037175 0.0055428920522038096 6.7584358050142888e-05 -0.0054392424086534717
leaf_weight=210 253 194 204 1352 200
leaf_count=210 253 194 204 1352 200
internal_value=-0.000146175 -0.00193208 0.000216867 0.000800882 -0.001776
internal_weight=2413 404 2009 1556 453
internal_count=2413 404 2009 1556 453
is_linear=0
shrinkage=0.05


Tree=92
num_leaves=7
num_cat=0
split_feature=13 6 6 9 5 8
split_gain=0.613145 1.55609 1.32329 1.52665 1.00619 0.784442
threshold=0.066672345034197875 5.3989315343649293 4.6182344448732353 -0.65607429491693903 -0.059999999999999977 0.58303358183569098
decision_type=10 2 2 2 2 2
left_child=1 4 -2 -4 -1 -3
right_child=2 5 3 -5 -6 -7
leaf_value=0.0042678102237162551 -0.0047060715734816433 -0.0034689300335217382 0.001711134389560256 -0.0028316492250807968 0.00066011134810016535 0.0002368485537898844
leaf_weight=278 198 269 445 309 617 297
leaf_count=278 198 269 445 309 617 297
internal_value=-0.00013856 0.00050438 -0.00112274 -0.000156953 0.0017982 -0.00153933
internal_weight=2413 1461 952 754 895 566
internal_count=2413 1461 952 754 895 566
is_linear=0
shrinkage=0.05


Tree=93
num_leaves=5
num_cat=0
split_feature=9 9 0 6
split_gain=0.60989 1.3369 1.59602 0.905791
threshold=1.4420848586444548 0.71865045841779385 0.29000000000000009 4.6517668154327616
decision_type=2 2 2 2
left_child=1 3 -3 -1
right_child=-2 2 -4 -5
leaf_value=-0.0026825635432538397 -0.0030436707187400753 -0.0012393049764660162 0.0042466862108357815 3.1665005888498859e-05
leaf_weight=398 162 209 349 1295
leaf_count=398 162 209 349 1295
internal_value=-0.000128241 8.78577e-05 0.00219914 -0.000612431
internal_weight=2413 2251 558 1693
internal_count=2413 2251 558 1693
is_linear=0
shrinkage=0.05


Tree=94
num_leaves=5
num_cat=0
split_feature=7 6 7 2
split_gain=0.602039 2.13916 0.891001 1.06634
threshold=-0.80052797093955153 5.3535155258934504 -0.56548081493970281 0.10455925258379239
decision_type=2 2 2 2
left_child=1 -1 -2 -4
right_child=2 -3 3 -5
leaf_value=-0.0060303607007429396 0.0027846163681951581 0.0016032611818233363 0.00042599697764824973 -0.0025695687313926183
leaf_weight=168 284 192 1397 372
leaf_count=168 284 192 1397 372
internal_value=-0.000121644 -0.0019929 0.000210532 -0.000209402
internal_weight=2413 360 2053 1769
internal_count=2413 360 2053 1769
is_linear=0
shrinkage=0.05


Tree=95
num_leaves=6
num_cat=0
split_feature=3 11 3 0 9
split_gain=0.568227 1.31631 0.913842 1.78377 1.08601
threshold=-1.1832159566199207 1.0000000180025095e-35 -0.3943914098672523 0.29000000000000009 0.71865045841779385
decision_type=2 2 2 2 2
left_child=1 -1 3 -2 -4
right_child=2 -3 4 -5 -6
leaf_value=0.0009262927614149387 -0.0003777903860951723 -0.0047305453936077992 -0.0013365406148144309 0.0051579899978575865 0.0017260992492155324
leaf_weight=210 359 194 1011 239 400
leaf_count=210 359 194 1011 239 400
internal_value=-0.000115818 -0.00181473 0.000229483 0.00185909 -0.000465293
internal_weight=2413 404 2009 598 1411
internal_count=2413 404 2009 598 1411
is_linear=0
shrinkage=0.05


Tree=96
num_leaves=4
num_cat=0
split_feature=9 9 11
split_gain=0.573676 1.19724 1.3267
threshold=1.4420848586444548 1.0850176576962172 -0.96155180700259479
decision_type=2 2 2
left_child=1 2 -1
right_child=-2 -3 -4
leaf_value=0.0036570218873001933 -0.0029355365086749787 0.0032523237426128043 -0.00073524627488608812
leaf_weight=185 162 261 1805
leaf_count=185 162 261 1805
internal_value=-0.000107973 0.000101576 -0.000318778
internal_weight=2413 2251 1990
internal_count=2413 2251 1990
is_linear=0
shrinkage=0.05


Tree=97
num_leaves=6
num_cat=0
split_feature=2 3 6 8 12
split_gain=0.551919 1.1495 1.10752 0.926833 0.858212
threshold=0.10455925258379239 -0.8164965809277257 4.2473517211198351 0.70703810590078009 -0.15740405015330725
decision_type=2 2 2 2 2
left_child=2 -2 -1 -4 -3
right_child=1 4 3 -5 -6
leaf_value=0.0038788206583984354 -0.0050744809293246365 -0.0025881536499911314 0.0002642779895847369 -0.0036439328078510394 0.0023209825696540068
leaf_weight=188 155 161 1559 163 187
leaf_count=188 155 161 1559 163 187
internal_value=-0.000101803 -0.00156678 0.000287082 -0.000115142 4.5312e-05
internal_weight=2413 503 1910 1722 348
internal_count=2413 503 1910 1722 348
is_linear=0
shrinkage=0.05


Tree=98
num_leaves=5
num_cat=0
split_feature=9 9 4 6
split_gain=0.528364 1.11484 1.50325 0.856147
threshold=1.4420848586444548 0.71865045841779385 0.032583847359235751 4.6517668154327616
decision_type=2 2 2 2
left_child=1 3 -3 -1
right_child=-2 2 -4 -5
leaf_value=-0.0025468170590278124 -0.0028093417143396208 -0.00014348391347291495 0.0050968541937848376 9.1771589513218012e-05
leaf_weight=398 162 329 229 1295
leaf_count=398 162 329 229 1295
internal_value=-9.57337e-05 0.000105353 0.00203329 -0.000534196
internal_weight=2413 2251 558 1693
internal_count=2413 2251 558 1693
is_linear=0
shrinkage=0.05


Tree=99
num_leaves=4
num_cat=0
split_feature=4 4 5
split_gain=0.518601 1.18912 0.906603
threshold=0.091087104364037427 0.067892342963296839 1.0000000180025095e-35
decision_type=2 2 2
left_child=1 2 -1
right_child=-2 -3 -4
leaf_value=-0.0012637076018215826 -0.0025688343164126976 0.0038990259387591945 0.00084059777547754318
leaf_weight=1033 189 186 1005
leaf_count=1033 189 186 1005
internal_value=-8.94808e-05 0.000126509 -0.000226493
internal_weight=2413 2224 2038
internal_count=2413 2224 2038
is_linear=0
shrinkage=0.05


Tree=100
num_leaves=5
num_cat=0
split_feature=7 6 7 4
split_gain=0.520967 1.94659 0.85671 0.980785
threshold=-0.80052797093955153 5.3584468483336325 -0.56548081493970281 0.088370652291207746
decision_type=2 2 2 2
left_child=1 -1 -2 -4
right_child=2 -3 3 -5
leaf_value=-0.0056555811565331907 0.0027490908034092662 0.0016228360554179041 0.00018156038066530371 -0.003933764739275424
leaf_weight=169 284 191 1615 154
leaf_count=169 284 191 1615 154
internal_value=-8.38911e-05 -0.00182464 0.000225047 -0.000186776
internal_weight=2413 360 2053 1769
internal_count=2413 360 2053 1769
is_linear=0
shrinkage=0.05


Tree=101
num_leaves=7
num_cat=0
split_feature=13 6 6 5 7 8
split_gain=0.512976 1.45203 1.0981 1.00358 0.935653 0.702649
threshold=0.066672345034197875 5.3989315343649293 4.6182344448732353 -0.11999999999999995 -0.58002804501172311 0.58303358183569098
decision_type=10 2 2 2 2 2
left_child=1 3 -2 -1 -4 -3
right_child=2 5 4 -5 -6 -7
leaf_value=0.004945067010493469 -0.0042447153786243181 -0.0032927711680361552 0.00154705718713367 0.00087538751918932569 -0.0019588796474843922 0.00021462960106849558
leaf_weight=189 198 269 400 706 354 297
leaf_count=189 198 269 400 706 354 297
internal_value=-8.02376e-05 0.000507737 -0.000980519 0.00175749 -0.000101027 -0.00146655
internal_weight=2413 1461 952 895 754 566
internal_count=2413 1461 952 895 754 566
is_linear=0
shrinkage=0.05


Tree=102
num_leaves=6
num_cat=0
split_feature=2 6 3 8 12
split_gain=0.513658 1.07793 1.03177 0.870478 0.788247
threshold=0.10455925258379239 4.2473517211198351 -0.8164965809277257 0.70703810590078009 -0.15740405015330725
decision_type=2 2 2 2 2
left_child=1 -1 -2 -3 -4
right_child=2 3 4 -5 -6
leaf_value=0.0038462746296068317 -0.0048088012906191586 0.00027364185172440154 -0.0024820619371105322 -0.0035138711499322589 0.0022227148424159775
leaf_weight=188 155 1559 161 163 187
leaf_count=188 155 1559 161 163 187
internal_value=-7.22468e-05 0.00030286 -0.00148557 -9.40096e-05 4.17535e-05
internal_weight=2413 1910 503 1722 348
internal_count=2413 1910 503 1722 348
is_linear=0
shrinkage=0.05


Tree=103
num_leaves=6
num_cat=0
split_feature=7 6 9 13 1
split_gain=0.490476 1.77744 0.796067 1.35557 0.780942
threshold=-0.80052797093955153 5.3535155258934504 -0.75089944636058215 0.066672345034197875 0.80363337012575897
decision_type=2 2 2 10 2
left_child=1 -1 4 -4 -2
right_child=2 -3 3 -5 -6
leaf_value=-0.0054372877963737272 0.0040214304733118969 0.0015202260371104436 0.00059525862713537638 -0.0026554391252465465 -0.00044332003256526849
leaf_weight=168 237 192 1224 429 163
leaf_count=168 237 192 1224 429 163
internal_value=-6.7554e-05 -0.00175662 0.000232177 -0.000253853 0.00221903
internal_weight=2413 360 2053 1653 400
internal_count=2413 360 2053 1653 400
is_linear=0
shrinkage=0.05


Tree=104
num_leaves=4
num_cat=0
split_feature=9 9 11
split_gain=0.485766 1.04331 1.19945
threshold=1.4420848586444548 1.0850176576962172 -0.96155180700259479
decision_type=2 2 2
left_child=1 2 -1
right_child=-2 -3 -4
leaf_value=0.0035177818987683985 -0.0026645870951442106 0.003071300126393361 -0.00065845248972700625
leaf_weight=185 162 261 1805
leaf_count=185 162 261 1805
internal_value=-6.26305e-05 0.000130118 -0.000262366
internal_weight=2413 2251 1990
internal_count=2413 2251 1990
is_linear=0
shrinkage=0.05


Tree=105
num_leaves=6
num_cat=0
split_feature=2 6 6 6 8
split_gain=0.472449 0.996865 0.996822 1.00278 0.808759
threshold=0.10455925258379239 4.2473517211198351 4.9604288569903208 5.4255445521850652 0.70703810590078009
decision_type=2 2 2 2 2
left_child=1 -1 -2 -4 -3
right_child=2 4 3 -5 -6
leaf_value=0.0037088337353155636 -0.0041070823339609116 0.00027393133330759836 0.0032347483901509267 -0.0024263679030815523 -0.0033768345728666261
leaf_weight=188 200 1559 151 152 163
leaf_count=188 200 1559 151 152 163
internal_value=-5.84556e-05 0.000301266 -0.00141392 0.000401562 -8.04167e-05
internal_weight=2413 1910 503 303 1722
internal_count=2413 1910 503 303 1722
is_linear=0
shrinkage=0.05


Tree=106
num_leaves=6
num_cat=0
split_feature=3 11 3 5 9
split_gain=0.467116 1.19542 0.932227 1.57671 0.897579
threshold=-1.1832159566199207 1.0000000180025095e-35 -0.3943914098672523 0.0030000000000000014 0.71865045841779385
decision_type=2 2 2 2 2
left_child=1 -1 3 -2 -4
right_child=2 -3 4 -5 -6
leaf_value=0.0010146276828112775 0.00039590716039287506 -0.0043742201564220444 -0.001235335029705168 0.006251500716490198 0.0015490143620236606
leaf_weight=210 448 194 1011 150 400
leaf_count=210 448 194 1011 150 400
internal_value=-5.44855e-05 -0.00159493 0.00025848 0.00190436 -0.000443326
internal_weight=2413 404 2009 598 1411
internal_count=2413 404 2009 598 1411
is_linear=0
shrinkage=0.05


Tree=107
num_leaves=4
num_cat=0
split_feature=9 9 11
split_gain=0.462541 0.93266 1.09293
threshold=1.4420848586444548 1.0850176576962172 -0.96155180700259479
decision_type=2 2 2
left_child=1 2 -1
right_child=-2 -3 -4
leaf_value=0.0033754451121900566 -0.0025888243440223557 0.002919068346408378 -0.00061100626985118142
leaf_weight=185 162 261 1805
leaf_count=185 162 261 1805
internal_value=-4.98132e-05 0.000138247 -0.000232876
internal_weight=2413 2251 1990
internal_count=2413 2251 1990
is_linear=0
shrinkage=0.05


Tree=108
num_leaves=4
num_cat=0
split_feature=9 7 8
split_gain=0.45109 0.674058 0.818057
threshold=-1.4888837423899668 -0.81426742808263397 0.58303358183569098
decision_type=2 2 2
left_child=-1 -2 -3
right_child=1 2 -4
leaf_value=0.0025634522664345679 -0.0026305171483635807 -0.00082084553496160795 0.0012029696800993925
leaf_weight=150 253 1112 898
leaf_count=150 253 1112 898
internal_value=-4.62949e-05 -0.000224549 8.40681e-05
internal_weight=2413 2263 2010
internal_count=2413 2263 2010
is_linear=0
shrinkage=0.05


Tree=109
num_leaves=6
num_cat=0
split_feature=2 3 6 7 4
split_gain=0.438333 0.946086 0.934871 0.854671 0.783442
threshold=0.10455925258379239 -0.8164965809277257 4.2473517211198351 0.076544745061474559 0.062792766782232612
decision_type=2 2 2 2 2
left_child=2 -2 -1 -3 -4
right_child=1 3 4 -5 -6
leaf_value=0.0036025596677610374 -0.0045317233029436464 0.0025810176535577931 -0.0004724454365160941 -0.0023054098261318309 0.0027210237713932821
leaf_weight=188 155 172 1507 176 215
leaf_count=188 155 172 1507 176 215
internal_value=-4.38102e-05 -0.00134944 0.000302654 0.000112071 -6.70019e-05
internal_weight=2413 503 1910 348 1722
internal_count=2413 503 1910 348 1722
is_linear=0
shrinkage=0.05


Tree=110
num_leaves=7
num_cat=0
split_feature=2 2 8 11 11 6
split_gain=0.435805 1.02822 1.45552 0.832283 0.58211 0.532839
threshold=0.036685557217403776 0.071629714287562499 0.63097851429240703 0.54201381167445306 -0.059814524053517802 5.2753045451194103
decision_type=2 2 2 2 2 2
left_child=4 3 -3 -2 -1 -6
right_child=1 2 -4 -5 5 -7
leaf_value=-0.0027645062157659103 0.00060052623859589488 -0.0017908043946811036 0.002330298815194207 0.0042233399823216966 0.0021344205044759135 -0.0015765504128591836
leaf_weight=294 462 746 295 238 179 199
leaf_count=294 462 746 295 238 179 199
internal_value=-3.91056e-05 0.00037853 -0.000617404 0.0018535 -0.00111591 0.000185684
internal_weight=2413 1741 1041 700 672 378
internal_count=2413 1741 1041 700 672 378
is_linear=0
shrinkage=0.05


Tree=111
num_leaves=5
num_cat=0
split_feature=12 0 5 11
split_gain=0.429929 0.807112 1.17759 0.355955
threshold=-0.9339837821258733 0.28000000000000008 -0.059999999999999949 -0.62171753230206517
decision_type=2 2 2 2
left_child=-1 3 -3 -2
right_child=1 2 -4 -5
leaf_value=-0.0018537976106908008 -0.002712498736977239 0.0040109468711994768 0.00023795937289502369 -0.00037144382977841005
leaf_weight=281 229 249 1117 537
leaf_count=281 229 249 1117 537
internal_value=-3.32764e-05 0.000210446 0.000937834 -0.00108437
internal_weight=2413 2132 1366 766
internal_count=2413 2132 1366 766
is_linear=0
shrinkage=0.05


Tree=112
num_leaves=6
num_cat=0
split_feature=6 2 6 13 4
split_gain=0.43544 3.23907 2.12027 1.27587 0.848609
threshold=4.6517668154327616 0.092898443302015007 4.8197572142739755 -0.035664147156007013 0.029580398915498098
decision_type=2 2 2 8 2
left_child=1 3 -2 -1 -4
right_child=2 -3 4 -5 -6
leaf_value=0.0046252526990745377 0.0054161914406545665 -0.0072044122400751094 -0.0011151857704182588 -0.0011592165102372242 0.0011746763914031243
leaf_weight=156 180 157 1031 230 659
leaf_count=156 180 157 1031 230 659
internal_value=-2.82121e-05 -0.001268 0.000334212 0.0012078 -0.000221444
internal_weight=2413 543 1870 386 1690
internal_count=2413 543 1870 386 1690
is_linear=0
shrinkage=0.05


Tree=113
num_leaves=5
num_cat=0
split_feature=9 9 13 6
split_gain=0.424858 0.86654 1.39771 0.785868
threshold=1.4420848586444548 0.71865045841779385 -0.30418001633516362 4.6517668154327616
decision_type=2 2 10 2
left_child=1 3 -3 -1
right_child=-2 2 -4 -5
leaf_value=-0.0023350453586967563 -0.0024563378768047307 -0.0019320989595990098 0.0034791759890425177 0.0001926175338765181
leaf_weight=398 162 167 391 1295
leaf_count=398 162 167 391 1295
internal_value=-2.29099e-05 0.000157275 0.0018569 -0.000406726
internal_weight=2413 2251 558 1693
internal_count=2413 2251 558 1693
is_linear=0
shrinkage=0.05


Tree=114
num_leaves=5
num_cat=0
split_feature=8 2 13 2
split_gain=0.418304 0.761446 1.7832 0.894848
threshold=0.72370181399853573 0.11402781045904999 -0.064612519169047505 0.036685557217403776
decision_type=2 2 8 2
left_child=1 3 -3 -1
right_child=-2 2 -4 -5
leaf_value=-0.00098755513138206645 -0.0025082570770204649 -0.0058487692989684474 0.0010067326456458842 0.001329249132022151
leaf_weight=617 153 158 224 1261
leaf_count=617 153 158 224 1261
internal_value=-2.09025e-05 0.000152655 -0.00186772 0.000567483
internal_weight=2413 2260 382 1878
internal_count=2413 2260 382 1878
is_linear=0
shrinkage=0.05


Tree=115
num_leaves=6
num_cat=0
split_feature=3 11 3 12 12
split_gain=0.416913 1.13834 0.887488 1.49837 1.01863
threshold=-1.1832159566199207 1.0000000180025095e-35 -0.3943914098672523 -0.74459266546038727 -0.45203934964822079
decision_type=2 2 2 2 2
left_child=1 -1 3 -2 -4
right_child=2 -3 4 -5 -6
leaf_value=0.0010715337846797708 0.0059445999039753313 -0.0041859332324226802 -0.0022456576795709072 0.00034954590005768598 0.000568545920824403
leaf_weight=210 160 194 487 438 924
leaf_count=210 160 194 487 438 924
internal_value=-1.80304e-05 -0.0014734 0.000277569 0.00188343 -0.000407263
internal_weight=2413 404 2009 598 1411
internal_count=2413 404 2009 598 1411
is_linear=0
shrinkage=0.05


Tree=116
num_leaves=4
num_cat=0
split_feature=9 7 7
split_gain=0.41202 0.618733 0.623509
threshold=-1.4888837423899668 -0.81426742808263397 -0.56548081493970281
decision_type=2 2 2
left_child=-1 -2 -3
right_child=1 2 -4
leaf_value=0.0024790747078969298 -0.0024905795692272176 0.0023656816375389332 -0.00023220377707551849
leaf_weight=150 253 261 1749
leaf_count=150 253 261 1749
internal_value=-1.50236e-05 -0.000185443 0.000110167
internal_weight=2413 2263 2010
internal_count=2413 2263 2010
is_linear=0
shrinkage=0.05


Tree=117
num_leaves=5
num_cat=0
split_feature=12 0 5 11
split_gain=0.409045 0.636645 1.21478 0.357716
threshold=-0.96003632616327483 0.28000000000000008 -0.059999999999999949 -0.62171753230206517
decision_type=2 2 2 2
left_child=-1 3 -3 -2
right_child=1 2 -4 -5
leaf_value=-0.0020696341415400226 -0.0025855150380725057 0.0038924134630327445 0.00012600876467136767 -0.00025377941625204134
leaf_weight=215 229 258 1153 558
leaf_count=215 229 258 1153 558
internal_value=-1.38896e-05 0.000191436 0.000826005 -0.000944303
internal_weight=2413 2198 1411 787
internal_count=2413 2198 1411 787
is_linear=0
shrinkage=0.05


Tree=118
num_leaves=4
num_cat=0
split_feature=4 4 5
split_gain=0.414063 1.04064 0.767515
threshold=0.091087104364037427 0.067892342963296839 1.0000000180025095e-35
decision_type=2 2 2
left_child=1 2 -1
right_child=-2 -3 -4
leaf_value=-0.0011016863829733361 -0.0022252194060747195 0.00371222194474366 0.00083442898041827761
leaf_weight=1033 189 186 1005
leaf_count=1033 189 186 1005
internal_value=-9.69205e-06 0.000183157 -0.000147223
internal_weight=2413 2224 2038
internal_count=2413 2224 2038
is_linear=0
shrinkage=0.05


Tree=119
num_leaves=7
num_cat=0
split_feature=13 9 8 8 0 13
split_gain=0.392659 1.03149 1.4734 0.94955 1.07042 0.817084
threshold=0.066672345034197875 -1.1965437641460877 0.48469346333416358 0.58144456624240393 0.32000000000000006 0.0028953357299296495
decision_type=10 2 2 2 2 8
left_child=3 -2 -3 5 -5 -1
right_child=1 2 -4 4 -6 -7
leaf_value=-0.00147138150946118 0.0019732790067442693 0.0024044789818016758 -0.002991691961838312 -0.00063902947025835748 0.0034220980249684372 0.0025689697327694518
leaf_weight=631 245 160 547 261 418 151
leaf_count=631 245 160 547 261 418 151
internal_value=-7.78698e-06 -0.000795564 -0.00176218 0.000506498 0.00186779 -0.000679847
internal_weight=2413 952 707 1461 679 782
internal_count=2413 952 707 1461 679 782
is_linear=0
shrinkage=0.05


Tree=120
num_leaves=5
num_cat=0
split_feature=12 0 8 11
split_gain=0.384945 0.61574 1.12282 0.302943
threshold=-0.9339837821258733 0.28000000000000008 0.68494414006016935 -0.62171753230206517
decision_type=2 2 2 2
left_child=-1 3 -3 -2
right_child=1 2 -4 -5
leaf_value=-0.0017268412175364537 -0.0024063767090193038 0.0013969379288106491 -0.0029354559185122255 -0.00024795481428296505
leaf_weight=281 229 1200 166 537
leaf_count=281 229 1200 166 537
internal_value=-4.14103e-06 0.000226422 0.000861668 -0.000904648
internal_weight=2413 2132 1366 766
internal_count=2413 2132 1366 766
is_linear=0
shrinkage=0.05


Tree=121
num_leaves=4
num_cat=0
split_feature=4 4 5
split_gain=0.395078 0.959156 0.659269
threshold=0.091087104364037427 0.067892342963296839 1.0000000180025095e-35
decision_type=2 2 2
left_child=1 2 -1
right_child=-2 -3 -4
leaf_value=-0.0010171564811667824 -0.0021678577626085618 0.0035727303155761274 0.00077724091494919866
leaf_weight=1033 189 186 1005
leaf_count=1033 189 186 1005
internal_value=-3.70886e-06 0.000184655 -0.000132548
internal_weight=2413 2224 2038
internal_count=2413 2224 2038
is_linear=0
shrinkage=0.05


Tree=122
num_leaves=6
num_cat=0
split_feature=6 2 6 13 4
split_gain=0.3869 2.95939 1.90278 1.13479 0.711583
threshold=4.6517668154327616 0.092898443302015007 4.8197572142739755 -0.035664147156007013 0.029580398915498098
decision_type=2 2 2 8 2
left_child=1 3 -2 -1 -4
right_child=2 -3 4 -5 -6
leaf_value=0.0044178288873944508 0.005153671035360595 -0.0068453726408296035 -0.0010054827536953019 -0.0010380765883143039 0.0010913539289997215
leaf_weight=156 180 157 1031 230 659
leaf_count=156 180 157 1031 230 659
internal_value=-2.15877e-06 -0.00117085 0.000339418 0.0011952 -0.000187033
internal_weight=2413 543 1870 386 1690
internal_count=2413 543 1870 386 1690
is_linear=0
shrinkage=0.05


Tree=123
num_leaves=4
num_cat=0
split_feature=9 9 7
split_gain=0.379194 0.833305 1.03612
threshold=1.4420848586444548 1.0850176576962172 0.74462828267178616
decision_type=2 2 2
left_child=1 2 -1
right_child=-2 -3 -4
leaf_value=-0.00051814749581363586 -0.002296717176517098 0.0028009243692709664 0.0036299210504738572
leaf_weight=1831 162 261 159
leaf_count=1831 162 261 159
internal_value=2.26731e-06 0.000172444 -0.000178452
internal_weight=2413 2251 1990
internal_count=2413 2251 1990
is_linear=0
shrinkage=0.05


Tree=124
num_leaves=5
num_cat=0
split_feature=7 6 7 4
split_gain=0.364814 1.68212 0.717183 0.871635
threshold=-0.80052797093955153 5.3535155258934504 -0.56548081493970281 0.088370652291207746
decision_type=2 2 2 2
left_child=1 -1 -2 -4
right_child=2 -3 3 -5
leaf_value=-0.0050352878558952117 0.0025716014608827818 0.0017298951726861839 0.00023238399867408097 -0.0036471159446328505
leaf_weight=168 284 192 1615 154
leaf_count=168 284 192 1615 154
internal_value=3.90737e-06 -0.00145292 0.000262276 -0.000114673
internal_weight=2413 360 2053 1769
internal_count=2413 360 2053 1769
is_linear=0
shrinkage=0.05


Tree=125
num_leaves=5
num_cat=0
split_feature=12 0 5 2
split_gain=0.355502 0.526712 1.07661 0.304904
threshold=-0.9339837821258733 0.28000000000000008 -0.059999999999999949 0.02834643473936041
decision_type=2 2 2 2
left_child=-1 3 -3 -2
right_child=1 2 -4 -5
leaf_value=-0.0016518809893409686 -0.0025243426992217015 0.0037510133898399009 0.00014389882434542173 -0.00023825949720291501
leaf_weight=281 191 249 1117 575
leaf_count=281 191 249 1117 575
internal_value=3.64443e-06 0.000225199 0.0008127 -0.000820962
internal_weight=2413 2132 1366 766
internal_count=2413 2132 1366 766
is_linear=0
shrinkage=0.05


Tree=126
num_leaves=4
num_cat=0
split_feature=9 7 1
split_gain=0.351275 0.507374 0.603627
threshold=-1.4888837423899668 -0.81426742808263397 0.97556225955419451
decision_type=2 2 2
left_child=-1 -2 -3
right_child=1 2 -4
leaf_value=0.0023100354822142232 -0.0022376702427448951 0.00067564093108133728 -0.0012205154920131096
leaf_weight=150 253 1420 590
leaf_count=150 253 1420 590
internal_value=7.16219e-06 -0.000150237 0.00011741
internal_weight=2413 2263 2010
internal_count=2413 2263 2010
is_linear=0
shrinkage=0.05


Tree=127
num_leaves=6
num_cat=0
split_feature=3 11 3 12 12
split_gain=0.362221 1.06445 0.877055 1.41404 0.872492
threshold=-1.1832159566199207 1.0000000180025095e-35 -0.3943914098672523 -0.74459266546038727 -0.42758796284323847
decision_type=2 2 2 2 2
left_child=1 -1 3 -2 -4
right_child=2 -3 4 -5 -6
leaf_value=0.0011108424812744826 0.0058250818477774205 -0.0039721514933728549 -0.0020624097463358185 0.00038904593743722358 0.00052544725610832613
leaf_weight=210 160 194 501 438 910
leaf_count=210 160 194 501 438 910
internal_value=7.8841e-06 -0.00134872 0.000283362 0.00187974 -0.000397454
internal_weight=2413 404 2009 598 1411
internal_count=2413 404 2009 598 1411
is_linear=0
shrinkage=0.05


Tree=128
num_leaves=4
num_cat=0
split_feature=9 9 11
split_gain=0.353781 0.763617 0.974215
threshold=1.4420848586444548 1.0850176576962172 -0.96155180700259479
decision_type=2 2 2
left_child=1 2 -1
right_child=-2 -3 -4
leaf_value=0.0032446132050704605 -0.0022109500520087469 0.0026902026607471398 -0.00051902599301754298
leaf_weight=185 162 261 1805
leaf_count=185 162 261 1805
internal_value=9.67937e-06 0.00017404 -0.000161885
internal_weight=2413 2251 1990
internal_count=2413 2251 1990
is_linear=0
shrinkage=0.05


Tree=129
num_leaves=5
num_cat=0
split_feature=8 2 4 2
split_gain=0.35241 0.685264 1.13712 0.754118
threshold=0.72370181399853573 0.11402781045904999 0.045688962422639957 0.036685557217403776
decision_type=2 2 2 2
left_child=1 3 -3 -1
right_child=-2 2 -4 -5
leaf_value=-0.00086446874420772069 -0.0022725688699003653 0.0012207226446098402 -0.0041998780140119823 0.0012624977845724344
leaf_weight=617 153 174 208 1261
leaf_count=617 153 174 208 1261
internal_value=1.05426e-05 0.000169783 -0.00174694 0.000563262
internal_weight=2413 2260 382 1878
internal_count=2413 2260 382 1878
is_linear=0
shrinkage=0.05


Tree=130
num_leaves=5
num_cat=0
split_feature=13 13 6 9
split_gain=0.349193 0.617964 1.04264 0.974555
threshold=0.38486325820360695 0.066672345034197875 5.349556117179425 1.408336629141649
decision_type=8 10 2 2
left_child=1 3 -3 -1
right_child=-2 2 -4 -5
leaf_value=0.00092568388263704218 0.0020464432209618532 -0.0027492902755734405 0.000884672931690169 -0.0032280796698408798
leaf_weight=1262 189 477 331 154
leaf_count=1262 189 477 331 154
internal_value=1.18606e-05 -0.000165245 -0.00126434 0.000464164
internal_weight=2413 2224 808 1416
internal_count=2413 2224 808 1416
is_linear=0
shrinkage=0.05


Tree=131
num_leaves=6
num_cat=0
split_feature=6 12 6 6 4
split_gain=0.332033 2.73427 1.806 1.48505 0.676973
threshold=4.6517668154327616 -0.56898054429079259 4.8197572142739755 4.3180878781193268 0.053385391260156546
decision_type=2 2 2 2 2
left_child=1 -1 -2 -3 -4
right_child=2 3 4 -5 -6
leaf_value=-0.0061885609367850342 0.0050175073096604163 0.0044834918592916067 -0.00069311497594403424 -0.0017674820464719688 0.0017746363818545695
leaf_weight=172 180 184 1345 187 345
leaf_count=172 180 184 1345 187 345
internal_value=1.08786e-05 -0.00107181 0.000327283 0.00135113 -0.000185594
internal_weight=2413 543 1870 371 1690
internal_count=2413 543 1870 371 1690
is_linear=0
shrinkage=0.05


Tree=132
num_leaves=6
num_cat=0
split_feature=3 5 3 12 12
split_gain=0.327796 1.02905 0.823726 1.34223 0.736166
threshold=-1.1832159566199207 -0.070000000000000007 -0.3943914098672523 -0.74459266546038727 -0.45203934964822079
decision_type=2 2 2 2 2
left_child=1 -1 3 -2 -4
right_child=2 -3 4 -5 -6
leaf_value=0.0009719621622104529 0.005666941309375971 -0.0040525428264711243 -0.0019465532902558621 0.00037085623526367576 0.00044594259566801048
leaf_weight=225 160 179 487 438 924
leaf_count=225 160 179 487 438 924
internal_value=1.39762e-05 -0.00127657 0.000276023 0.00182311 -0.000383774
internal_weight=2413 404 2009 598 1411
internal_count=2413 404 2009 598 1411
is_linear=0
shrinkage=0.05


Tree=133
num_leaves=5
num_cat=0
split_feature=8 2 13 2
split_gain=0.323486 0.645312 1.7284 0.678843
threshold=0.72370181399853573 0.11402781045904999 -0.064612519169047505 0.036685557217403776
decision_type=2 2 8 2
left_child=1 3 -3 -1
right_child=-2 2 -4 -5
leaf_value=-0.0008044085750849129 -0.0021715404366325778 -0.0056116881686051386 0.0011356511701169877 0.0012136643770019162
leaf_weight=617 153 158 224 1261
leaf_count=617 153 158 224 1261
internal_value=1.58861e-05 0.00016844 -0.00169158 0.000550269
internal_weight=2413 2260 382 1878
internal_count=2413 2260 382 1878
is_linear=0
shrinkage=0.05


Tree=134
num_leaves=6
num_cat=0
split_feature=8 8 6 8 13
split_gain=0.327093 1.35252 1.16538 0.88194 1.26712
threshold=0.58893560798128564 0.55964803021972598 5.2753045451194103 0.60583783192463725 0.019686161267822445
decision_type=2 2 2 2 10
left_child=1 2 -1 -2 -5
right_child=3 -3 -4 4 -6
leaf_value=0.001582136352804772 0.0041223587382244412 -0.0036937030935808809 -0.0017364015178677494 0.0017533346215243065 -0.0019982907519935159
leaf_weight=668 153 261 431 497 403
leaf_count=668 153 261 431 497 403
internal_value=1.71157e-05 -0.000494372 0.00027872 0.000676941 7.16811e-05
internal_weight=2413 1360 1099 1053 900
internal_count=2413 1360 1099 1053 900
is_linear=0
shrinkage=0.05


Tree=135
num_leaves=6
num_cat=0
split_feature=6 2 6 5 12
split_gain=0.327833 2.64585 1.62493 1.06644 0.653468
threshold=4.6517668154327616 0.092898443302015007 4.8197572142739755 1.0000000180025095e-35 0.36768501217957911
decision_type=2 2 2 2 2
left_child=1 3 -2 -1 -4
right_child=2 -3 4 -5 -6
leaf_value=-0.0012916826971686272 0.0047831981356383146 -0.0064216419150420452 0.00059287625071612613 0.0039125001322562721 -0.0014423724105534501
leaf_weight=204 180 157 1073 182 617
leaf_count=204 180 157 1073 182 617
internal_value=1.99448e-05 -0.00105589 0.000334324 0.00118076 -0.000152233
internal_weight=2413 543 1870 386 1690
internal_count=2413 543 1870 386 1690
is_linear=0
shrinkage=0.05


Tree=136
num_leaves=4
num_cat=0
split_feature=13 7 3
split_gain=0.334586 0.554577 0.785592
threshold=0.38486325820360695 -0.80052797093955153 1.2602520756252089
decision_type=8 2 2
left_child=1 -1 -3
right_child=-2 2 -4
leaf_value=-0.0022040820237815392 0.0020124764464010689 0.00061474316523735977 -0.0020149407382933017
leaf_weight=282 189 1602 340
leaf_count=282 189 1602 340
internal_value=2.09208e-05 -0.00015246 0.000150353
internal_weight=2413 2224 1942
internal_count=2413 2224 1942
is_linear=0
shrinkage=0.05


Tree=137
num_leaves=4
num_cat=0
split_feature=9 4 4
split_gain=0.335364 0.441856 0.876583
threshold=-1.4888837423899668 0.092449234735482513 0.067892342963296839
decision_type=2 2 2
left_child=-1 2 -2
right_child=1 -3 -4
leaf_value=0.0022702077925984463 -0.00025440393109739601 -0.0025398239231435582 0.0032981303023564184
leaf_weight=150 1906 171 186
leaf_count=150 1906 171 186
internal_value=2.012e-05 -0.0001337 6.85632e-05
internal_weight=2413 2263 2092
internal_count=2413 2263 2092
is_linear=0
shrinkage=0.05


Tree=138
num_leaves=4
num_cat=0
split_feature=12 6 9
split_gain=0.331361 0.507411 0.896304
threshold=-0.96003632616327483 4.2625390121298343 -1.1965437641460877
decision_type=2 2 2
left_child=-1 -2 -3
right_child=1 2 -4
leaf_value=-0.0018292825769855303 0.0024122699063427173 0.0025394486734774293 -0.00049112211317916003
leaf_weight=215 228 280 1690
leaf_count=215 228 280 1690
internal_value=2.10536e-05 0.000205787 -5.50426e-05
internal_weight=2413 2198 1970
internal_count=2413 2198 1970
is_linear=0
shrinkage=0.05


Tree=139
num_leaves=7
num_cat=0
split_feature=3 3 12 11 4 9
split_gain=0.321374 1.22403 2.02187 1.05969 1.0613 0.713326
threshold=-0.99724137405480795 -0.3943914098672523 -0.41270137251854488 -0.12518893467400513 0.028613807855648991 0.71865045841779385
decision_type=2 2 2 2 2 2
left_child=3 2 -2 -1 -5 -3
right_child=1 5 -4 4 -6 -7
leaf_value=0.0012180051053292118 0.0071859980187720706 -0.0010609604870303769 1.9171121692165903e-05 -2.5788168464783621e-05 -0.0058600496607627605 0.0014211032618869121
leaf_weight=281 153 1011 261 153 154 400
leaf_count=281 153 1011 261 153 154 400
internal_value=2.09368e-05 0.000348688 0.00272193 -0.00099068 -0.00299943 -0.000354795
internal_weight=2413 1825 414 588 307 1411
internal_count=2413 1825 414 588 307 1411
is_linear=0
shrinkage=0.05


Tree=140
num_leaves=4
num_cat=0
split_feature=12 8 10
split_gain=0.321869 0.409011 0.723529
threshold=-0.9339837821258733 0.70606391928561185 0.010000000000000007
decision_type=2 2 2
left_child=-1 2 -2
right_child=1 -3 -4
leaf_value=-0.0015532869539071784 -0.0010543921768371833 -0.0020218973842059751 0.0010586808049987894
leaf_weight=281 567 179 1386
leaf_count=281 567 179 1386
internal_value=2.20196e-05 0.000232795 0.000444082
internal_weight=2413 2132 1953
internal_count=2413 2132 1953
is_linear=0
shrinkage=0.05


Tree=141
num_leaves=6
num_cat=0
split_feature=6 2 6 6 4
split_gain=0.324911 2.41146 1.48604 1.0035 0.632432
threshold=4.6517668154327616 0.092898443302015007 4.8197572142739755 4.3609301498315478 0.029580398915498098
decision_type=2 2 2 2 2
left_child=1 3 -2 -1 -4
right_child=2 -3 4 -5 -6
leaf_value=0.0033149333244054768 0.0045890314658675845 -0.0061718364305115873 -0.00090250044532944355 -0.0017592441772077501 0.0010742376501557047
leaf_weight=216 180 157 1031 170 659
leaf_count=216 180 157 1031 170 659
internal_value=2.15753e-05 -0.00104946 0.000334546 0.00108627 -0.000130794
internal_weight=2413 543 1870 386 1690
internal_count=2413 543 1870 386 1690
is_linear=0
shrinkage=0.05


Tree=142
num_leaves=7
num_cat=0
split_feature=8 8 6 2 5 0
split_gain=0.304356 1.21588 1.0209 0.874732 1.21207 0.369109
threshold=0.58893560798128564 0.55964803021972598 5.2753045451194103 0.045887583704058453 0.11500000000000003 0.41000000000000009
decision_type=2 2 2 2 2 2
left_child=1 2 -1 5 -5 -2
right_child=3 -3 -4 4 -6 -7
leaf_value=0.0014840301256452137 -0.002949628349528232 -0.0035023238720650013 -0.001621998228481704 0.0032775602240507485 -0.0010278584777803064 0.00022946349470753618
leaf_weight=668 174 261 431 438 256 185
leaf_count=668 174 261 431 438 256 185
internal_value=2.45019e-05 -0.000468906 0.000264095 0.000660967 0.0016934 -0.00133073
internal_weight=2413 1360 1099 1053 694 359
internal_count=2413 1360 1099 1053 694 359
is_linear=0
shrinkage=0.05


Tree=143
num_leaves=6
num_cat=0
split_feature=6 12 6 6 12
split_gain=0.314027 2.6204 1.81343 1.33583 0.590774
threshold=4.6517668154327616 0.57800599245159778 4.3609301498315478 4.8197572142739755 0.36768501217957911
decision_type=2 2 2 2 2
left_child=1 2 -1 -2 -5
right_child=3 -3 -4 4 -6
leaf_value=-0.00023395608227206943 0.0043700679896770652 0.0042197587822137327 -0.0071429832465604278 0.00060342348103934905 -0.0013316991902543724
leaf_weight=216 180 162 165 1073 617
leaf_count=216 180 162 165 1073 617
internal_value=2.86702e-05 -0.00102429 -0.00327982 0.000336339 -0.000104912
internal_weight=2413 543 381 1870 1690
internal_count=2413 543 381 1870 1690
is_linear=0
shrinkage=0.05


Tree=144
num_leaves=7
num_cat=0
split_feature=3 3 12 11 4 12
split_gain=0.306149 1.13752 1.86447 0.971142 1.01147 0.664575
threshold=-0.99724137405480795 -0.3943914098672523 -0.41270137251854488 -0.12518893467400513 0.028613807855648991 -0.42758796284323847
decision_type=2 2 2 2 2 2
left_child=3 2 -2 -1 -5 -3
right_child=1 5 -4 4 -6 -7
leaf_value=0.0011557119564211055 0.0069230645328377562 -0.0017828880542884178 4.0430402649300442e-05 1.9765707663823321e-05 -0.0056744072316309629 0.00047563281893700586
leaf_weight=281 153 501 261 153 154 910
leaf_count=281 153 501 261 153 154 910
internal_value=2.8572e-05 0.000348449 0.00263627 -0.00095881 -0.00288176 -0.000329758
internal_weight=2413 1825 414 588 307 1411
internal_count=2413 1825 414 588 307 1411
is_linear=0
shrinkage=0.05


Tree=145
num_leaves=5
num_cat=0
split_feature=13 13 6 9
split_gain=0.301211 0.531619 1.06477 0.881959
threshold=0.38486325820360695 0.066672345034197875 5.349556117179425 1.408336629141649
decision_type=8 10 2 2
left_child=1 3 -3 -1
right_child=-2 2 -4 -5
leaf_value=0.00088707622159143117 0.0019184397195541475 -0.0026561037382574443 0.0010152175251684119 -0.0030644558113304102
leaf_weight=1262 189 477 331 154
leaf_count=1262 189 477 331 154
internal_value=2.8836e-05 -0.000135689 -0.00115514 0.000448049
internal_weight=2413 2224 808 1416
internal_count=2413 2224 808 1416
is_linear=0
shrinkage=0.05


Tree=146
num_leaves=5
num_cat=0
split_feature=12 0 5 11
split_gain=0.294725 0.447965 0.949313 0.343626
threshold=-0.9339837821258733 0.28000000000000008 -0.059999999999999949 -0.59130131612068471
decision_type=2 2 2 2
left_child=-1 3 -3 -2
right_child=1 2 -4 -5
leaf_value=-0.0014803932098434386 -0.0022781905991321513 0.0035296362216078389 0.00014243507028760516 -1.3452188213018675e-05
leaf_weight=281 241 249 1117 525
leaf_count=281 241 249 1117 525
internal_value=2.704e-05 0.00022872 0.000770489 -0.000736141
internal_weight=2413 2132 1366 766
internal_count=2413 2132 1366 766
is_linear=0
shrinkage=0.05


Tree=147
num_leaves=4
num_cat=0
split_feature=9 7 8
split_gain=0.288148 0.414694 0.649119
threshold=-1.4888837423899668 -0.81426742808263397 0.58144456624240393
decision_type=2 2 2
left_child=-1 -2 -3
right_child=1 2 -4
leaf_value=0.0021148394770552255 -0.0020006327989579779 -0.00069073565451975984 0.001109243803498217
leaf_weight=150 253 1096 914
leaf_count=150 253 1096 914
internal_value=2.91695e-05 -0.000113434 0.000128484
internal_weight=2413 2263 2010
internal_count=2413 2263 2010
is_linear=0
shrinkage=0.05


Tree=148
num_leaves=4
num_cat=0
split_feature=13 7 3
split_gain=0.285734 0.502417 0.720678
threshold=0.38486325820360695 -0.80052797093955153 1.2602520756252089
decision_type=8 2 2
left_child=1 -1 -3
right_child=-2 2 -4
leaf_value=-0.0020846899344203734 0.0018687434898573573 0.00060103466333383509 -0.0019176734607680231
leaf_weight=282 189 1602 340
leaf_count=282 189 1602 340
internal_value=2.83274e-05 -0.000131916 0.000156274
internal_weight=2413 2224 1942
internal_count=2413 2224 1942
is_linear=0
shrinkage=0.05


Tree=149
num_leaves=7
num_cat=0
split_feature=3 3 12 2 11 4
split_gain=0.286713 1.05084 1.72105 1.00592 0.970357 0.650569
threshold=-0.99724137405480795 -0.3943914098672523 -0.41270137251854488 0.092243920788360342 -0.24315653238442103 0.07670456708649985
decision_type=2 2 2 2 2 2
left_child=3 2 -2 4 -1 -3
right_child=1 5 -4 -5 -6 -7
leaf_value=0.0031196228816280265 0.0066543050846961764 -0.00068838376847490208 4.1627495685455308e-05 -0.004190614971775009 -0.0016651524584856818 0.0027440105075196876
leaf_weight=179 153 1261 261 164 245 150
leaf_count=179 153 1261 261 164 245 150
internal_value=2.72082e-05 0.000336766 0.00253569 -0.000928316 0.000367652 -0.000315093
internal_weight=2413 1825 414 588 424 1411
internal_count=2413 1825 414 588 424 1411
is_linear=0
shrinkage=0.05


Tree=150
num_leaves=4
num_cat=0
split_feature=4 4 12
split_gain=0.285154 0.774634 0.636318
threshold=0.091087104364037427 0.067892342963296839 0.91963761406741706
decision_type=2 2 2
left_child=1 2 -1
right_child=-2 -3 -4
leaf_value=0.00023427785140278957 -0.0018096061071774625 0.0032337872706431682 -0.0024487485376691138
leaf_weight=1791 189 186 247
leaf_count=1791 189 186 247
internal_value=2.90605e-05 0.000189023 -9.60948e-05
internal_weight=2413 2224 2038
internal_count=2413 2224 2038
is_linear=0
shrinkage=0.05


Tree=151
num_leaves=5
num_cat=0
split_feature=12 0 8 11
split_gain=0.288912 0.4127 0.937408 0.334913
threshold=-0.9339837821258733 0.28000000000000008 0.68494414006016935 -0.59130131612068471
decision_type=2 2 2 2
left_child=-1 3 -3 -2
right_child=1 2 -4 -5
leaf_value=-0.0014629165375144449 -0.0022192514828101987 0.0012384396026051542 -0.0027198815469463948 1.630777714967306e-05
leaf_weight=281 241 1200 166 525
leaf_count=281 241 1200 166 525
internal_value=2.95836e-05 0.000229259 0.000749249 -0.000696878
internal_weight=2413 2132 1366 766
internal_count=2413 2132 1366 766
is_linear=0
shrinkage=0.05


Tree=152
num_leaves=6
num_cat=0
split_feature=6 12 6 13 2
split_gain=0.294145 2.4386 1.23107 1.22564 0.574098
threshold=4.6517668154327616 -0.56898054429079259 4.8197572142739755 0.063241080171232769 0.082510513461187318
decision_type=2 2 2 8 2
left_child=1 -1 -2 -3 -4
right_child=2 3 4 -5 -6
leaf_value=-0.0058228579784564589 0.0041986181435955542 0.0037096459821755572 -0.00075652198481849532 -0.0020391505541314621 0.0011831765674539217
leaf_weight=172 180 215 1117 156 573
leaf_count=172 180 215 1117 156 573
internal_value=2.8526e-05 -0.00099056 0.000326295 0.00129739 -9.73107e-05
internal_weight=2413 543 1870 371 1690
internal_count=2413 543 1870 371 1690
is_linear=0
shrinkage=0.05


Tree=153
num_leaves=4
num_cat=0
split_feature=13 7 9
split_gain=0.276626 0.457693 0.705187
threshold=0.38486325820360695 -0.80052797093955153 -0.75089944636058215
decision_type=8 2 2
left_child=1 -1 -3
right_child=-2 2 -4
leaf_value=-0.0019916892078873875 0.0018406543991715677 0.0021386048360824204 -0.00030664119426506635
leaf_weight=282 189 357 1585
leaf_count=282 189 357 1585
internal_value=2.98129e-05 -0.00012786 0.000147209
internal_weight=2413 2224 1942
internal_count=2413 2224 1942
is_linear=0
shrinkage=0.05


Tree=154
num_leaves=4
num_cat=0
split_feature=4 4 12
split_gain=0.277721 0.69969 0.60492
threshold=0.091087104364037427 0.067892342963296839 0.91963761406741706
decision_type=2 2 2
left_child=1 2 -1
right_child=-2 -3 -4
leaf_value=0.00023791340482037977 -0.0017855971246314496 0.0030805375914611122 -0.002378073189867705
leaf_weight=1791 189 186 247
leaf_count=1791 189 186 247
internal_value=2.89474e-05 0.000186811 -8.41811e-05
internal_weight=2413 2224 2038
internal_count=2413 2224 2038
is_linear=0
shrinkage=0.05


Tree=155
num_leaves=6
num_cat=0
split_feature=6 12 6 6 4
split_gain=0.271045 2.34912 1.64003 1.13013 0.546622
threshold=4.6517668154327616 0.57800599245159778 4.3609301498315478 4.8197572142739755 0.029580398915498098
decision_type=2 2 2 2 2
left_child=1 2 -1 -2 -5
right_child=3 -3 -4 4 -6
leaf_value=-0.00018889113999068279 0.0040253291416888102 0.0040159738340978315 -0.0067584619803271982 -0.00080824685273804943 0.0010294786365215346
leaf_weight=216 180 162 165 1031 659
leaf_count=216 180 162 165 1031 659
internal_value=2.93218e-05 -0.000948934 -0.00308467 0.000315155 -9.07197e-05
internal_weight=2413 543 381 1870 1690
internal_count=2413 543 381 1870 1690
is_linear=0
shrinkage=0.05


Tree=156
num_leaves=6
num_cat=0
split_feature=2 2 8 2 5
split_gain=0.274548 1.43107 1.31264 1.1355 0.896118
threshold=0.071629714287562499 0.080355114496667671 0.63097851429240703 0.063152149296471061 1.0000000180025095e-35
decision_type=2 2 2 2 2
left_child=3 -2 -3 4 -1
right_child=1 2 -4 -5 -6
leaf_value=-0.0012918220792624844 -0.0049477906768618787 -0.0010207619526174235 0.0031951880864037846 0.0044831611415374253 0.0014134880409289903
leaf_weight=647 154 632 255 153 572
leaf_count=647 154 632 255 153 572
internal_value=3.12154e-05 -0.000579517 0.000202381 0.000495028 -2.18018e-05
internal_weight=2413 1041 887 1372 1219
internal_count=2413 1041 887 1372 1219
is_linear=0
shrinkage=0.05


Tree=157
num_leaves=5
num_cat=0
split_feature=2 7 6 9
split_gain=0.276189 0.931997 0.68483 0.637131
threshold=0.10455925258379239 0.17373880283683193 4.2473517211198351 -1.2079190129854103
decision_type=2 2 2 2
left_child=2 -2 -1 -4
right_child=1 -3 3 -5
leaf_value=0.0031309674246962921 0.00093595878544539305 -0.0033521980100519981 0.0022981231890997723 -0.00040831404874425544
leaf_weight=188 277 226 250 1472
leaf_count=188 277 226 250 1472
internal_value=3.17622e-05 -0.00100476 0.000306641 -9.8775e-06
internal_weight=2413 503 1910 1722
internal_count=2413 503 1910 1722
is_linear=0
shrinkage=0.05


Tree=158
num_leaves=7
num_cat=0
split_feature=9 13 6 4 4 6
split_gain=0.302013 1.48135 0.5938 1.63793 1.05644 0.536226
threshold=0.67680287715942689 -0.1290289729346327 5.349556117179425 0.036774212901293159 0.029580398915498098 5.3756254280082301
decision_type=2 8 2 2 2 2
left_child=2 5 3 -1 -4 -2
right_child=1 -3 4 -5 -6 -7
leaf_value=0.00064708150327180756 0.00071684735857478396 0.0037169094366336268 -0.0005622285986528634 -0.0034919643383904534 0.0036076914898073931 -0.0026143134285080811
leaf_weight=550 256 279 473 416 218 221
leaf_count=550 256 279 473 416 218 221
internal_value=3.16988e-05 0.000856589 -0.000346099 -0.00114417 0.000769784 -0.00083763
internal_weight=2413 756 1657 966 691 477
internal_count=2413 756 1657 966 691 477
is_linear=0
shrinkage=0.05


Tree=159
num_leaves=6
num_cat=0
split_feature=9 13 1 1 2
split_gain=0.278163 1.36043 0.995254 0.589275 1.02718
threshold=0.67680287715942689 -0.1290289729346327 -0.56927245018226613 -1.3128556219999663 0.070245106199827059
decision_type=2 8 2 2 2
left_child=3 2 -2 -1 -5
right_child=1 -3 -4 4 -6
leaf_value=0.0017842309311434459 -0.0033373211377549397 0.0035631288662097832 0.0012175385204018848 0.00039992387599363196 -0.0023516934338830655
leaf_weight=270 210 279 267 810 577
leaf_count=270 210 279 267 810 577
internal_value=3.03933e-05 0.000822043 -0.000801563 -0.000332181 -0.0007491
internal_weight=2413 756 477 1657 1387
internal_count=2413 756 477 1657 1387
is_linear=0
shrinkage=0.05


Tree=160
num_leaves=4
num_cat=0
split_feature=9 9 11
split_gain=0.275151 0.664523 0.806237
threshold=1.4420848586444548 1.0850176576962172 -0.96155180700259479
decision_type=2 2 2
left_child=1 2 -1
right_child=-2 -3 -4
leaf_value=0.0029613888453030469 -0.0019274267358259261 0.0025231135506891909 -0.00046242696373316721
leaf_weight=185 162 261 1805
leaf_count=185 162 261 1805
internal_value=3.09921e-05 0.000175895 -0.000137508
internal_weight=2413 2251 1990
internal_count=2413 2251 1990
is_linear=0
shrinkage=0.05


Tree=161
num_leaves=6
num_cat=0
split_feature=1 1 3 6 3
split_gain=0.263232 1.84477 1.37742 0.64439 0.524517
threshold=0.80363337012575897 0.44158881833342051 0.53739030960713963 4.3609301498315478 1.4320780207890658
decision_type=2 2 2 2 2
left_child=1 3 -2 -1 -4
right_child=2 -3 4 -5 -6
leaf_value=0.0025421812640805102 -0.004827095669863838 0.0051023155942282366 -0.00057958126000525031 -0.00062378379810724635 0.0024730496406184764
leaf_weight=180 157 180 482 1221 193
leaf_count=180 157 180 482 1221 193
internal_value=3.09724e-05 0.000409504 -0.000686478 -0.000209428 0.000305011
internal_weight=2413 1581 832 1401 675
internal_count=2413 1581 832 1401 675
is_linear=0
shrinkage=0.05


Tree=162
num_leaves=6
num_cat=0
split_feature=6 12 6 6 2
split_gain=0.274133 2.16644 1.43968 1.04561 0.53014
threshold=4.6517668154327616 0.57800599245159778 4.3609301498315478 4.8197572142739755 0.082510513461187318
decision_type=2 2 2 2 2
left_child=1 2 -1 -2 -5
right_child=3 -3 -4 4 -6
leaf_value=-0.00028801745078231447 0.0038868722441209786 0.0038153770109248201 -0.006446050410706769 -0.0007058282712647519 0.0011581184546356244
leaf_weight=216 180 162 165 1117 573
leaf_count=216 180 162 165 1117 573
internal_value=3.06915e-05 -0.000953125 -0.00300384 0.000318146 -7.2299e-05
internal_weight=2413 543 381 1870 1690
internal_count=2413 543 381 1870 1690
is_linear=0
shrinkage=0.05


Tree=163
num_leaves=7
num_cat=0
split_feature=6 12 1 13 6 8
split_gain=0.253698 1.89698 1.62275 0.852192 1.86858 0.767949
threshold=4.6182344448732353 -0.56898054429079259 -0.074434395689790309 -0.21172529217260314 4.8630628221634487 0.5406001638033141
decision_type=2 2 2 8 2 2
left_child=1 -1 -3 5 -5 -2
right_child=3 2 -4 4 -6 -7
leaf_value=-0.0052432998585742142 -0.0043437158464515917 0.0048697975825703482 -0.001926288970076412 0.0050397084294879352 0.00011600669588985441 -7.7745219412510738e-05
leaf_weight=167 157 156 189 224 1217 303
leaf_count=167 157 156 189 224 1217 303
internal_value=3.17269e-05 -0.000950697 0.00117239 0.000298125 0.000896164 -0.00156479
internal_weight=2413 512 345 1901 1441 460
internal_count=2413 512 345 1901 1441 460
is_linear=0
shrinkage=0.05


Tree=164
num_leaves=6
num_cat=0
split_feature=3 5 3 5 4
split_gain=0.263011 0.945002 0.636567 1.18925 0.59642
threshold=-1.1832159566199207 -0.070000000000000007 -0.3943914098672523 0.0030000000000000014 0.07670456708649985
decision_type=2 2 2 2 2
left_child=1 -1 3 -2 -4
right_child=2 -3 4 -5 -6
leaf_value=0.0010309248402937438 0.00031887262756338759 -0.0037828378012067254 -0.00066882326811259487 0.0054040099226779518 0.0026176562622910547
leaf_weight=225 448 179 1261 150 150
leaf_count=225 448 179 1261 150 150
internal_value=3.39735e-05 -0.00112208 0.000268658 0.00162864 -0.000311436
internal_weight=2413 404 2009 598 1411
internal_count=2413 404 2009 598 1411
is_linear=0
shrinkage=0.05


Tree=165
num_leaves=4
num_cat=0
split_feature=4 4 12
split_gain=0.277492 0.670552 0.590161
threshold=0.089368387270523805 0.067892342963296839 0.91963761406741706
decision_type=2 2 2
left_child=1 2 -1
right_child=-2 -3 -4
leaf_value=0.00025864806286623446 -0.0017203501299095964 0.0031322733766409733 -0.0023252139472802694
leaf_weight=1791 201 174 247
leaf_count=1791 201 174 247
internal_value=3.50963e-05 0.00019813 -5.94332e-05
internal_weight=2413 2212 2038
internal_count=2413 2212 2038
is_linear=0
shrinkage=0.05


Tree=166
num_leaves=6
num_cat=0
split_feature=2 3 8 2 1
split_gain=0.260751 0.787761 0.65431 1.0708 0.571002
threshold=0.10455925258379239 -0.8164965809277257 0.70703810590078009 0.082990439508149105 1.0285179551441759
decision_type=2 2 2 2 2
left_child=2 -2 3 -1 -3
right_child=1 4 -4 -5 -6
leaf_value=8.645444144976376e-06 -0.0038761321293532091 0.0024186911397866603 -0.002622709548452166 0.003216922705782191 -0.0015781558071250549
leaf_weight=1428 155 168 169 313 180
leaf_count=1428 155 168 169 313 180
internal_value=3.52823e-05 -0.000971863 0.00030236 0.000592996 0.000358285
internal_weight=2413 503 1910 1741 348
internal_count=2413 503 1910 1741 348
is_linear=0
shrinkage=0.05


Tree=167
num_leaves=7
num_cat=0
split_feature=9 13 1 0 1 7
split_gain=0.25932 1.2137 0.88517 0.588341 1.57348 0.394914
threshold=0.67680287715942689 -0.1290289729346327 -0.56927245018226613 0.84750000000000003 0.78532263671143432 -0.081813150463408077
decision_type=2 8 2 2 2 2
left_child=3 2 -2 4 -1 -5
right_child=1 -3 -4 5 -6 -7
leaf_value=8.2028584485677557e-05 -0.0031250236129325946 0.0033892657931420206 0.0011703928755262979 0.0022808922155236363 -0.0042291142431944064 -0.00081931415584625064
leaf_weight=941 210 279 267 295 268 153
leaf_count=941 210 279 267 295 268 153
internal_value=3.59327e-05 0.000800287 -0.000733471 -0.00031416 -0.000887108 0.00122476
internal_weight=2413 756 477 1657 1209 448
internal_count=2413 756 477 1657 1209 448
is_linear=0
shrinkage=0.05


Tree=168
num_leaves=4
num_cat=0
split_feature=9 9 7
split_gain=0.258789 0.605099 0.986098
threshold=1.4420848586444548 1.0850176576962172 0.74462828267178616
decision_type=2 2 2
left_child=1 2 -1
right_child=-2 -3 -4
leaf_value=-0.00045647391146983206 -0.0018657158503258703 0.0024139222731534571 0.0035901568614307754
leaf_weight=1831 162 261 159
leaf_count=1831 162 261 159
internal_value=3.35932e-05 0.000174115 -0.000124963
internal_weight=2413 2251 1990
internal_count=2413 2251 1990
is_linear=0
shrinkage=0.05


Tree=169
num_leaves=6
num_cat=0
split_feature=8 8 1 8 13
split_gain=0.250754 1.11339 0.994259 0.817071 1.11305
threshold=0.58893560798128564 0.55964803021972598 1.4975069739200908 0.60583783192463725 0.019686161267822445
decision_type=2 2 2 2 10
left_child=1 2 -1 -2 -5
right_child=3 -3 -4 4 -6
leaf_value=0.00088937938973678336 0.0039277222863313031 -0.0033169188776536658 -0.0034286068825637021 0.0016054066772799034 -0.0019107345186592498
leaf_weight=949 153 261 150 497 403
leaf_count=949 153 261 150 497 403
internal_value=3.37668e-05 -0.000414115 0.000287168 0.00061145 2.90989e-05
internal_weight=2413 1360 1099 1053 900
internal_count=2413 1360 1099 1053 900
is_linear=0
shrinkage=0.05


Tree=170
num_leaves=5
num_cat=0
split_feature=13 13 6 13
split_gain=0.247987 0.440171 0.982947 0.795501
threshold=0.38486325820360695 0.066672345034197875 5.349556117179425 0.0055830367052739039
decision_type=8 10 2 10
left_child=1 3 -3 -1
right_child=-2 2 -4 -5
leaf_value=-5.6075714564497133e-05 0.0017481965268031964 -0.0024856195132623919 0.0010413027553719681 0.0033818591922187276
leaf_weight=1226 189 477 331 190
leaf_count=1226 189 477 331 190
internal_value=3.36611e-05 -0.000115638 -0.00104329 0.000415506
internal_weight=2413 2224 808 1416
internal_count=2413 2224 808 1416
is_linear=0
shrinkage=0.05


Tree=171
num_leaves=4
num_cat=0
split_feature=9 4 12
split_gain=0.240649 0.370533 0.595191
threshold=-1.4888837423899668 0.092449234735482513 0.91963761406741706
decision_type=2 2 2
left_child=-1 2 -2
right_child=1 -3 -4
leaf_value=0.0019384631067664634 0.00040386311660138731 -0.0023013002212709664 -0.0021475044431270127
leaf_weight=150 1836 171 256
leaf_count=150 1836 171 256
internal_value=3.24426e-05 -9.78904e-05 8.72739e-05
internal_weight=2413 2263 2092
internal_count=2413 2263 2092
is_linear=0
shrinkage=0.05


Tree=172
num_leaves=5
num_cat=0
split_feature=8 2 13 2
split_gain=0.238675 0.51513 1.63131 0.56556
threshold=0.72370181399853573 0.11402781045904999 -0.064612519169047505 0.036685557217403776
decision_type=2 2 8 2
left_child=1 3 -3 -1
right_child=-2 2 -4 -5
leaf_value=-0.00073357176103863503 -0.0018481707107570447 -0.0053092833562679818 0.0012440143162666772 0.0011084382931602665
leaf_weight=617 153 158 224 1261
leaf_count=617 153 158 224 1261
internal_value=3.07925e-05 0.000161796 -0.00150009 0.000502922
internal_weight=2413 2260 382 1878
internal_count=2413 2260 382 1878
is_linear=0
shrinkage=0.05


Tree=173
num_leaves=7
num_cat=0
split_feature=3 3 12 4 2 4
split_gain=0.241083 0.954355 1.61778 0.950831 1.09726 0.611755
threshold=-0.99724137405480795 -0.3943914098672523 -0.41270137251854488 0.049212538970622784 0.060779079964476457 0.07670456708649985
decision_type=2 2 2 2 2 2
left_child=3 2 -2 4 -1 -3
right_child=1 5 -4 -5 -6 -7
leaf_value=-0.0015220496360318896 0.0064039821292957468 -0.00066789321479017102 -6.34683856059608e-06 -0.0037615063889135953 0.0037757046182423726 0.0026605348445234763
leaf_weight=249 153 1261 261 185 154 150
leaf_count=249 153 1261 261 185 154 150
internal_value=3.14397e-05 0.000315285 0.00241084 -0.000844772 0.000523864 -0.000305911
internal_weight=2413 1825 414 588 403 1411
internal_count=2413 1825 414 588 403 1411
is_linear=0
shrinkage=0.05


Tree=174
num_leaves=4
num_cat=0
split_feature=12 6 9
split_gain=0.249564 0.39124 0.738036
threshold=-0.96003632616327483 4.2625390121298343 -1.1965437641460877
decision_type=2 2 2
left_child=-1 -2 -3
right_child=1 2 -4
leaf_value=-0.0015729001043787733 0.0021307206169511378 0.0023184287864633168 -0.0004315850580176437
leaf_weight=215 228 280 1690
leaf_count=215 228 280 1690
internal_value=3.29344e-05 0.000193224 -3.58402e-05
internal_weight=2413 2198 1970
internal_count=2413 2198 1970
is_linear=0
shrinkage=0.05


Tree=175
num_leaves=5
num_cat=0
split_feature=7 6 7 4
split_gain=0.250017 1.45764 0.616728 0.733169
threshold=-0.80052797093955153 5.3535155258934504 -0.56548081493970281 0.088370652291207746
decision_type=2 2 2 2
left_child=1 -1 -2 -4
right_child=2 -3 3 -5
leaf_value=-0.004509996957587404 0.0023875962117155952 0.0017857128514040756 0.00021483503750100623 -0.0033432002630342478
leaf_weight=168 284 192 1615 154
leaf_count=168 284 192 1615 154
internal_value=3.22726e-05 -0.00117382 0.000246103 -0.000103459
internal_weight=2413 360 2053 1769
internal_count=2413 360 2053 1769
is_linear=0
shrinkage=0.05


Tree=176
num_leaves=5
num_cat=0
split_feature=4 2 4 4
split_gain=0.246236 0.653467 1.7508 1.46823
threshold=0.07670456708649985 0.070245106199827059 0.032015621187164243 0.032015621187164243
decision_type=2 2 2 2
left_child=1 3 -3 -1
right_child=-2 2 -4 -5
leaf_value=-0.00039383035393278495 0.0013716558077915882 0.0010402898820133105 -0.0036277763752987089 0.0035348163292210008
leaf_weight=1018 295 400 395 305
leaf_count=1018 295 400 395 305
internal_value=3.08553e-05 -0.000158685 -0.00128724 0.000521766
internal_weight=2413 2118 795 1323
internal_count=2413 2118 795 1323
is_linear=0
shrinkage=0.05


Tree=177
num_leaves=6
num_cat=0
split_feature=6 12 13 6 4
split_gain=0.243511 1.76154 1.39419 0.749412 0.514568
threshold=4.6182344448732353 -0.56898054429079259 0.052741379252782043 4.8197572142739755 0.053385391260156546
decision_type=2 2 8 2 2
left_child=1 -1 -3 -2 -5
right_child=3 2 -4 4 -6
leaf_value=-0.0050674582808549239 0.003065716939777809 0.003860235772386659 -0.0024630898249245461 -0.00050454028993576858 0.0016468447057995947
leaf_weight=167 211 195 150 1345 345
leaf_count=167 211 195 150 1345 345
internal_value=3.14833e-05 -0.000931015 0.00111505 0.000292477 -6.17898e-05
internal_weight=2413 512 345 1901 1690
internal_count=2413 512 345 1901 1690
is_linear=0
shrinkage=0.05


Tree=178
num_leaves=4
num_cat=0
split_feature=9 9 7
split_gain=0.238688 0.565498 0.91788
threshold=1.4420848586444548 1.0850176576962172 0.74462828267178616
decision_type=2 2 2
left_child=1 2 -1
right_child=-2 -3 -4
leaf_value=-0.00044123591098472716 -0.0017912849698851476 0.0023330000215667367 0.0034629145359071031
leaf_weight=1831 162 261 159
leaf_count=1831 162 261 159
internal_value=3.27718e-05 0.000167725 -0.000121399
internal_weight=2413 2251 1990
internal_count=2413 2251 1990
is_linear=0
shrinkage=0.05


Tree=179
num_leaves=6
num_cat=0
split_feature=3 3 4 0 4
split_gain=0.229922 1.43635 1.14077 0.669753 0.551051
threshold=-0.85733145373534003 -0.3943914098672523 0.052291038222521562 0.25750000000000006 0.07670456708649985
decision_type=2 2 2 2 2
left_child=2 -2 3 -1 -3
right_child=1 4 -4 -5 -6
leaf_value=-0.00092373214968629279 0.0036176635436212406 -0.00063962443404261152 -0.0038200898282229907 0.0026980815261654629 0.0025193715179639481
leaf_weight=312 276 1261 205 209 150
leaf_count=312 276 1261 205 209 150
internal_value=3.294e-05 0.000353015 -0.000708143 0.000541001 -0.000296089
internal_weight=2413 1687 726 521 1411
internal_count=2413 1687 726 521 1411
is_linear=0
shrinkage=0.05


Tree=180
num_leaves=4
num_cat=0
split_feature=13 7 3
split_gain=0.229997 0.414765 0.703544
threshold=0.38486325820360695 -0.80052797093955153 1.2602520756252089
decision_type=8 2 2
left_child=1 -1 -3
right_child=-2 2 -4
leaf_value=-0.0018843780863115026 0.001684865504341229 0.00059118165742186052 -0.001897401573592831
leaf_weight=282 189 1602 340
leaf_count=282 189 1602 340
internal_value=3.36943e-05 -0.00011009 0.000151734
internal_weight=2413 2224 1942
internal_count=2413 2224 1942
is_linear=0
shrinkage=0.05


Tree=181
num_leaves=4
num_cat=0
split_feature=6 12 5
split_gain=0.229728 0.49075 0.665659
threshold=4.1281816745603477 0.91963761406741706 -0.060000000000000019
decision_type=2 2 2
left_child=-1 2 -2
right_child=1 -3 -4
leaf_value=-0.0016511999349854388 0.0017755668835825235 -0.0017736165137741842 -0.00018845039547959899
leaf_weight=182 636 278 1317
leaf_count=182 636 278 1317
internal_value=3.23818e-05 0.00017311 0.000454038
internal_weight=2413 2231 1953
internal_count=2413 2231 1953
is_linear=0
shrinkage=0.05


Tree=182
num_leaves=6
num_cat=0
split_feature=3 2 1 0 4
split_gain=0.232839 1.45594 1.34446 0.820145 0.593359
threshold=-0.85733145373534003 0.092243920788360342 -1.0835415160739152 0.25750000000000006 0.07670456708649985
decision_type=2 2 2 2 2
left_child=1 3 -2 -1 -4
right_child=2 -3 4 -5 -6
leaf_value=-0.0011178715147792573 0.004776185497981855 -0.0041724609874925298 -0.00042665471700082671 0.0028447552009221214 0.0027981487014945949
leaf_weight=278 151 210 1382 238 154
leaf_count=278 151 210 1382 238 154
internal_value=3.14554e-05 -0.000714311 0.000353558 0.000719612 -9.53046e-05
internal_weight=2413 726 1687 516 1536
internal_count=2413 726 1687 516 1536
is_linear=0
shrinkage=0.05


Tree=183
num_leaves=4
num_cat=0
split_feature=4 4 11
split_gain=0.225609 0.644251 0.704529
threshold=0.089368387270523805 0.061821309927903148 0.18437769210423452
decision_type=2 2 2
left_child=1 2 -1
right_child=-2 -3 -4
leaf_value=-0.0010377011699134603 -0.0015491881918103336 0.0024940320202105522 0.00085930220336435893
leaf_weight=1021 201 260 931
leaf_count=1021 201 260 931
internal_value=3.36688e-05 0.000180669 -0.000133048
internal_weight=2413 2212 1952
internal_count=2413 2212 1952
is_linear=0
shrinkage=0.05


Tree=184
num_leaves=6
num_cat=0
split_feature=6 2 5 6 2
split_gain=0.228533 1.9484 0.997285 0.830467 0.499891
threshold=4.6517668154327616 0.092898443302015007 1.0000000180025095e-35 4.8197572142739755 0.082510513461187318
decision_type=2 2 2 2 2
left_child=1 2 -1 -2 -5
right_child=3 -3 -4 4 -6
leaf_value=-0.0013346415972248006 0.0034770233275029008 -0.005468917476088039 0.0036970162045972901 -0.00066667951098950363 0.0011433021075938155
leaf_weight=204 180 157 182 1117 573
leaf_count=204 180 157 182 1117 573
internal_value=3.41194e-05 -0.000864166 0.00105474 0.000296567 -5.1437e-05
internal_weight=2413 543 386 1870 1690
internal_count=2413 543 386 1870 1690
is_linear=0
shrinkage=0.05


Tree=185
num_leaves=5
num_cat=0
split_feature=7 8 4 4
split_gain=0.221223 0.53464 1.12959 0.976966
threshold=-0.89762920115994249 0.63097851429240703 0.032403703492039311 0.035000000000000017
decision_type=2 2 2 2
left_child=-1 3 -3 -2
right_child=1 2 -4 -5
leaf_value=-0.0016268902630356419 0.00064248305063174804 -0.00043975441820000061 0.0038826462068057561 -0.0018854257317649234
leaf_weight=180 1019 348 261 605
leaf_count=180 1019 348 261 605
internal_value=3.4892e-05 0.000172182 0.00142924 -0.000302153
internal_weight=2413 2233 609 1624
internal_count=2413 2233 609 1624
is_linear=0
shrinkage=0.05


Tree=186
num_leaves=4
num_cat=0
split_feature=9 4 4
split_gain=0.224593 0.317914 0.537335
threshold=-1.4888837423899668 0.092449234735482513 0.067892342963296839
decision_type=2 2 2
left_child=-1 2 -2
right_child=1 -3 -4
leaf_value=0.0018753359321178116 -0.00017332452462170657 -0.0021328848528686319 0.0026080978758503924
leaf_weight=150 1906 171 186
leaf_count=150 1906 171 186
internal_value=3.40004e-05 -9.19154e-05 7.96011e-05
internal_weight=2413 2263 2092
internal_count=2413 2263 2092
is_linear=0
shrinkage=0.05


Tree=187
num_leaves=7
num_cat=0
split_feature=0 13 13 0 0 0
split_gain=0.225727 0.928601 0.765933 1.93173 0.784846 0.757122
threshold=0.67000000000000015 0.15402516227261201 0.059818561784421999 0.30000000000000004 0.30000000000000004 0.84750000000000003
decision_type=2 8 8 2 2 2
left_child=2 5 3 -1 -4 -2
right_child=1 -3 4 -5 -6 -7
leaf_value=-0.00072313125056257428 -0.0034339821233565142 0.0020088603213319883 0.00040032860551458984 0.0041717388198932231 -0.0031856784340122653 -8.460491026655757e-05
leaf_weight=452 291 250 443 357 227 393
leaf_count=452 291 250 443 357 227 393
internal_value=3.39521e-05 -0.000572814 0.000417768 0.00144926 -0.00082923 -0.00152414
internal_weight=2413 934 1479 809 670 684
internal_count=2413 934 1479 809 670 684
is_linear=0
shrinkage=0.05


Tree=188
num_leaves=4
num_cat=0
split_feature=8 11 5
split_gain=0.221874 0.459485 0.572039
threshold=0.72370181399853573 0.93776272077195644 1.0000000180025095e-35
decision_type=2 2 2
left_child=1 2 -1
right_child=-2 -3 -4
leaf_value=-0.00093708881542102745 -0.0017739173981174681 0.0020837580669005522 0.00075380486845916044
leaf_weight=1005 153 269 986
leaf_count=1005 153 269 986
internal_value=3.77302e-05 0.000164022 -9.99194e-05
internal_weight=2413 2260 1991
internal_count=2413 2260 1991
is_linear=0
shrinkage=0.05


Tree=189
num_leaves=7
num_cat=0
split_feature=0 3 3 13 0 6
split_gain=0.225924 0.888262 1.01391 0.717689 1.77642 0.771693
threshold=0.67000000000000015 -0.5298741076318686 1.219936756777481 0.059818561784421999 0.30000000000000004 5.3364076098393713
decision_type=2 2 2 8 2 2
left_child=3 -2 -3 4 -1 -5
right_child=1 2 -4 5 -6 -7
leaf_value=-0.00066558794798360051 -0.0037961571398405255 0.0014336898163460547 -0.0024078112616519 -0.0019870555416402771 0.0040285944233735957 0.0015760025829228614
leaf_weight=452 169 513 252 445 357 225
leaf_count=452 169 513 252 445 357 225
internal_value=3.5482e-05 -0.000571552 0.000160836 0.000419463 0.00141791 -0.000787695
internal_weight=2413 934 765 1479 809 670
internal_count=2413 934 765 1479 809 670
is_linear=0
shrinkage=0.05


Tree=190
num_leaves=6
num_cat=0
split_feature=1 1 3 2 2
split_gain=0.229205 1.6944 1.10407 1.06606 0.736492
threshold=0.78532263671143432 0.44158881833342051 0.53739030960713963 0.092243920788360342 0.092243920788360342
decision_type=2 2 2 2 2
left_child=1 4 -2 -4 -1
right_child=2 -3 3 -5 -6
leaf_value=0.0004918968133634929 -0.0042937248237924939 0.0050352869871172256 -0.0011240178899329511 0.0030423470315746153 -0.0021191407263988645
leaf_weight=1042 160 170 457 225 359
leaf_count=1042 160 170 457 225 359
internal_value=4.00343e-05 0.000396462 -0.000623401 0.000262654 -0.000182327
internal_weight=2413 1571 842 682 1401
internal_count=2413 1571 842 682 1401
is_linear=0
shrinkage=0.05


Tree=191
num_leaves=6
num_cat=0
split_feature=2 2 11 2 5
split_gain=0.220235 1.33317 1.17001 1.00488 0.733498
threshold=0.071629714287562499 0.080355114496667671 -0.82235098037885024 0.063152149296471061 1.0000000180025095e-35
decision_type=2 2 2 2 2
left_child=3 -2 -3 4 -1
right_child=1 2 -4 -5 -6
leaf_value=-0.0011821726191444488 -0.0047257531252352866 0.0037863685756078544 -0.00067695352587138647 0.0042046814650935236 0.0012653931829921194
leaf_weight=647 154 180 707 153 572
leaf_count=647 154 180 707 153 572
internal_value=3.75465e-05 -0.000509472 0.000244941 0.000452938 -3.32064e-05
internal_weight=2413 1041 887 1372 1219
internal_count=2413 1041 887 1372 1219
is_linear=0
shrinkage=0.05


Tree=192
num_leaves=6
num_cat=0
split_feature=0 3 3 7 0
split_gain=0.234497 0.80175 0.935113 0.679236 1.10277
threshold=0.67000000000000015 -0.5298741076318686 1.219936756777481 -0.80052797093955153 0.32000000000000006
decision_type=2 2 2 2 2
left_child=3 -2 -3 -1 -5
right_child=1 2 -4 4 -6
leaf_value=-0.0019862737948910837 -0.0036450939038875463 0.0013371065218084142 -0.0023520533204511723 -0.0002715451706517295 0.0027878454388500012
leaf_weight=239 169 513 252 768 472
leaf_count=239 169 513 252 768 472
internal_value=3.68669e-05 -0.000581579 0.000114472 0.000428064 0.000899516
internal_weight=2413 934 765 1479 1240
internal_count=2413 934 765 1479 1240
is_linear=0
shrinkage=0.05


Tree=193
num_leaves=6
num_cat=0
split_feature=1 1 3 12 2
split_gain=0.239656 1.41898 0.881843 0.672 0.626237
threshold=0.67526520063058748 0.32681806094704946 0.37046403031831304 0.91963761406741706 0.092243920788360342
decision_type=2 2 2 2 2
left_child=1 3 -2 -1 -4
right_child=2 -3 4 -5 -6
leaf_value=0.00031220106633671635 -0.0038475317868698553 0.0048035179904416681 -0.00089653887182621875 -0.0030586370424461862 0.0021348148716400597
leaf_weight=1177 165 160 493 164 254
leaf_count=1177 165 160 493 164 254
internal_value=4.01376e-05 0.000428083 -0.000597208 -0.000109872 0.000141543
internal_weight=2413 1501 912 1341 747
internal_count=2413 1501 912 1341 747
is_linear=0
shrinkage=0.05


Tree=194
num_leaves=7
num_cat=0
split_feature=1 6 6 6 6 8
split_gain=0.234956 0.859695 0.81078 1.29421 0.939924 0.5531
threshold=-0.87243633180459546 4.9604288569903208 4.6182344448732353 4.3609301498315478 4.8197572142739755 0.58827565295094864
decision_type=2 2 2 2 2 2
left_child=1 -1 3 -2 -4 -3
right_child=2 5 4 -5 -6 -7
leaf_value=0.0031842665047142581 0.00011240821851361463 -0.002044682294539133 0.0039494964725842385 -0.0057622741189574441 -0.00019260932722237186 0.0011936147712317002
leaf_weight=243 228 253 151 154 1119 265
leaf_count=243 228 253 151 154 1119 265
internal_value=3.89016e-05 0.000762984 -0.000295946 -0.00229977 0.000313434 -0.000392451
internal_weight=2413 761 1652 382 1270 518
internal_count=2413 761 1652 382 1270 518
is_linear=0
shrinkage=0.05


Tree=195
num_leaves=6
num_cat=0
split_feature=2 2 8 2 5
split_gain=0.223453 1.19869 1.12064 0.913992 0.682329
threshold=0.071629714287562499 0.080355114496667671 0.63097851429240703 0.063152149296471061 1.0000000180025095e-35
decision_type=2 2 2 2 2
left_child=3 -2 -3 4 -1
right_child=1 2 -4 -5 -6
leaf_value=-0.0011134722213950662 -0.0045087990829861665 -0.00092563050998829388 0.0029698361787170425 0.0040366060655679017 0.0012471752241203413
leaf_weight=647 154 632 255 153 572
leaf_count=647 154 632 255 153 572
internal_value=4.01372e-05 -0.000510868 0.000204631 0.000458548 -5.19917e-06
internal_weight=2413 1041 887 1372 1219
internal_count=2413 1041 887 1372 1219
is_linear=0
shrinkage=0.05


Tree=196
num_leaves=6
num_cat=0
split_feature=1 1 3 2 2
split_gain=0.230291 1.37769 1.11634 1.04452 0.720389
threshold=0.80363337012575897 0.44158881833342051 0.5773502691896143 0.092243920788360342 0.092243920788360342
decision_type=2 2 2 2 2
left_child=1 4 -2 -4 -1
right_child=2 -3 3 -5 -6
leaf_value=0.00052581143684532017 -0.0041447663399471974 0.0044495518151371786 -0.0011026006469969762 0.0030705036522672125 -0.0020564772541707336
leaf_weight=1042 173 180 437 222 359
leaf_count=1042 173 180 437 222 359
internal_value=4.01242e-05 0.000394158 -0.00063096 0.000315745 -0.000140849
internal_weight=2413 1581 832 659 1401
internal_count=2413 1581 832 659 1401
is_linear=0
shrinkage=0.05


Tree=197
num_leaves=7
num_cat=0
split_feature=1 6 6 6 6 8
split_gain=0.239613 0.791998 0.740659 1.18986 0.865272 0.485509
threshold=-0.87243633180459546 4.9604288569903208 4.6182344448732353 4.3609301498315478 4.8197572142739755 0.58827565295094864
decision_type=2 2 2 2 2 2
left_child=1 -1 3 -2 -4 -3
right_child=2 5 4 -5 -6 -7
leaf_value=0.0030927246073617662 9.7361155770631113e-05 -0.0018887029005852599 0.0037706382784773057 -0.0055357309576686267 -0.00020352350148961993 0.0011451657239727124
leaf_weight=243 228 253 151 154 1119 265
leaf_count=243 228 253 151 154 1119 265
internal_value=3.75799e-05 0.000768806 -0.000300565 -0.00221575 0.000281929 -0.000340517
internal_weight=2413 761 1652 382 1270 518
internal_count=2413 761 1652 382 1270 518
is_linear=0
shrinkage=0.05


Tree=198
num_leaves=7
num_cat=0
split_feature=0 13 11 3 3 3
split_gain=0.230648 0.817398 0.747162 0.638141 1.95237 1.7518
threshold=0.67000000000000015 0.15402516227261201 0.47639166480173251 -0.44721359549995776 0.44339915473745045 -0.78707804856748409
decision_type=2 8 2 2 2 2
left_child=3 2 -2 5 -5 -1
right_child=1 -3 -4 4 -6 -7
leaf_value=0.00017981401873219487 -0.0026909725031162468 0.0018479030284295588 0.00073618426891043783 -0.0037043621397500324 0.0016922854357297144 0.0058991374924624636
leaf_weight=646 439 250 245 297 372 164
leaf_count=646 439 250 245 297 372 164
internal_value=3.87746e-05 -0.00057458 -0.00146697 0.000426744 -0.000713243 0.00136689
internal_weight=2413 934 684 1479 669 810
internal_count=2413 934 684 1479 669 810
is_linear=0
shrinkage=0.05


Tree=199
num_leaves=4
num_cat=0
split_feature=6 12 1
split_gain=0.22176 0.391043 1.0816
threshold=4.1281816745603477 0.91963761406741706 1.6918398509280037
decision_type=2 2 2
left_child=-1 2 -2
right_child=1 -3 -4
leaf_value=-0.0016143283050975459 0.00079609431371559691 -0.0015597679086677219 -0.0033127470710414028
leaf_weight=182 1782 278 171
leaf_count=182 1782 278 171
internal_value=3.98194e-05 0.000178069 0.000428793
internal_weight=2413 2231 1953
internal_count=2413 2231 1953
is_linear=0
shrinkage=0.05


Tree=200
num_leaves=5
num_cat=0
split_feature=8 12 6 7
split_gain=0.219738 0.405404 1.24516 0.64025
threshold=0.72370181399853573 -0.15740405015330725 4.7055130518444637 0.17373880283683193
decision_type=2 2 2 2
left_child=1 2 -1 -3
right_child=-2 3 -4 -5
leaf_value=-0.0035114417332207104 -0.0017655115923291675 0.0017762930000352409 0.00046088086022037181 -0.00049690308298522723
leaf_weight=262 153 691 752 555
leaf_count=262 153 691 752 555
internal_value=3.73926e-05 0.000163076 -0.000577692 0.000765815
internal_weight=2413 2260 1014 1246
internal_count=2413 2260 1014 1246
is_linear=0
shrinkage=0.05


Tree=201
num_leaves=5
num_cat=0
split_feature=2 7 6 9
split_gain=0.216245 0.920796 0.59507 0.530774
threshold=0.10455925258379239 0.17373880283683193 4.2473517211198351 -1.2079190129854103
decision_type=2 2 2 2
left_child=2 -2 -1 -4
right_child=1 -3 3 -5
leaf_value=0.0029114254036739741 0.0010457168256086612 -0.0032155873683317529 0.0020902534763273949 -0.00037998418997714365
leaf_weight=188 277 226 250 1472
leaf_count=188 277 226 250 1472
internal_value=3.54733e-05 -0.00088171 0.000278686 -1.63416e-05
internal_weight=2413 503 1910 1722
internal_count=2413 503 1910 1722
is_linear=0
shrinkage=0.05


Tree=202
num_leaves=7
num_cat=0
split_feature=9 13 1 6 4 4
split_gain=0.221494 1.14644 0.809624 0.566978 1.36985 0.649593
threshold=0.67680287715942689 -0.1290289729346327 -0.56927245018226613 5.0367577592599018 0.033541019662496861 0.029580398915498098
decision_type=2 8 2 2 2 2
left_child=3 2 -2 4 -1 -5
right_child=1 -3 -4 5 -6 -7
leaf_value=0.00084948714234009718 -0.0030356642845097582 0.0032579364627476747 0.0010727093550271735 -0.00044632481778837039 -0.0035771458871076234 0.0022676889915385448
leaf_weight=345 210 279 267 634 346 332
leaf_count=345 210 279 267 634 346 332
internal_value=3.52006e-05 0.000741607 -0.000748736 -0.000288356 -0.00137681 0.000493316
internal_weight=2413 756 477 1657 691 966
internal_count=2413 756 477 1657 691 966
is_linear=0
shrinkage=0.05


Tree=203
num_leaves=7
num_cat=0
split_feature=0 3 3 13 0 0
split_gain=0.216514 0.736848 0.856967 0.670557 1.55102 0.77205
threshold=0.67000000000000015 -0.5298741076318686 1.219936756777481 0.059818561784421999 0.30000000000000004 0.30000000000000004
decision_type=2 2 2 8 2 2
left_child=3 -2 -3 4 -1 -5
right_child=1 2 -4 5 -6 -7
leaf_value=-0.00057202931312497457 -0.0034968653328491953 0.001277779733397392 -0.0022538672713879929 0.00046217019221005888 0.0038146365963910495 -0.0030940100679109836
leaf_weight=452 169 513 252 443 357 227
leaf_count=452 169 513 252 443 357 227
internal_value=3.42905e-05 -0.000559967 0.000107332 0.000410191 0.00137528 -0.000756679
internal_weight=2413 934 765 1479 809 670
internal_count=2413 934 765 1479 809 670
is_linear=0
shrinkage=0.05


Tree=204
num_leaves=4
num_cat=0
split_feature=9 9 7
split_gain=0.214248 0.511417 0.844365
threshold=1.4420848586444548 1.0850176576962172 0.74462828267178616
decision_type=2 2 2
left_child=1 2 -1
right_child=-2 -3 -4
leaf_value=-0.00041600151956817233 -0.0016902650342584995 0.0022248734862397469 0.0033285347414387552
leaf_weight=1831 162 261 159
leaf_count=1831 162 261 159
internal_value=3.79003e-05 0.000165743 -0.000109223
internal_weight=2413 2251 1990
internal_count=2413 2251 1990
is_linear=0
shrinkage=0.05


Tree=205
num_leaves=7
num_cat=0
split_feature=1 6 6 6 6 8
split_gain=0.218793 0.751036 0.637388 1.06506 0.825889 0.455355
threshold=-0.87243633180459546 4.9604288569903208 4.6182344448732353 4.3609301498315478 4.8197572142739755 0.58827565295094864
decision_type=2 2 2 2 2 2
left_child=1 -1 3 -2 -4 -3
right_child=2 5 4 -5 -6 -7
leaf_value=0.0029995824958361133 0.00012575202644502848 -0.0018428522693566336 0.0036634853039196552 -0.005203043352285365 -0.00021913071654112873 0.0010953492551683062
leaf_weight=243 228 253 151 154 1119 265
leaf_count=243 228 253 151 154 1119 265
internal_value=3.78007e-05 0.000736534 -0.000285325 -0.00206197 0.000255059 -0.000343617
internal_weight=2413 761 1652 382 1270 518
internal_count=2413 761 1652 382 1270 518
is_linear=0
shrinkage=0.05


Tree=206
num_leaves=4
num_cat=0
split_feature=12 6 6
split_gain=0.216084 0.410819 0.73512
threshold=-0.97972850275302703 4.2625390121298343 4.5758958313557603
decision_type=2 2 2
left_child=-1 -2 -3
right_child=1 2 -4
leaf_value=-0.0017550191903378592 0.0021191953641634125 -0.0028624269107171288 0.00025479822977101562
leaf_weight=152 235 206 1820
leaf_count=152 235 206 1820
internal_value=3.89179e-05 0.000163125 -6.84221e-05
internal_weight=2413 2261 2026
internal_count=2413 2261 2026
is_linear=0
shrinkage=0.05


Tree=207
num_leaves=4
num_cat=0
split_feature=6 12 1
split_gain=0.227746 0.36922 0.983849
threshold=4.1281816745603477 0.91963761406741706 1.6918398509280037
decision_type=2 2 2
left_child=-1 2 -2
right_child=1 -3 -4
leaf_value=-0.0016387037960809338 0.00077162309662717104 -0.001510942996357808 -0.0031471849280933386
leaf_weight=182 1782 278 171
leaf_count=182 1782 278 171
internal_value=3.76143e-05 0.000177723 0.000421341
internal_weight=2413 2231 1953
internal_count=2413 2231 1953
is_linear=0
shrinkage=0.05


Tree=208
num_leaves=5
num_cat=0
split_feature=6 9 13 12
split_gain=0.209746 0.344213 1.16671 1.01831
threshold=4.1281816745603477 -1.1965437641460877 0.191408431301168 0.91963761406741706
decision_type=2 2 10 2
left_child=-1 2 -2 -3
right_child=1 3 -4 -5
leaf_value=-0.0015734184872954187 -0.0014863027897199514 0.00035326052285560017 0.0044725391242369456 -0.0031039981393465111
leaf_weight=182 152 1671 169 239
leaf_count=182 152 1671 169 239
internal_value=3.52904e-05 0.00016975 0.00167139 -8.63242e-05
internal_weight=2413 2231 321 1910
internal_count=2413 2231 321 1910
is_linear=0
shrinkage=0.05


Tree=209
num_leaves=5
num_cat=0
split_feature=8 2 13 2
split_gain=0.209921 0.476292 1.51142 0.534239
threshold=0.72370181399853573 0.11402781045904999 -0.064612519169047505 0.082990439508149105
decision_type=2 2 8 2
left_child=1 3 -3 -1
right_child=-2 2 -4 -5
leaf_value=3.2643271867191546e-05 -0.0017276360888750281 -0.0051072098255483152 0.0012006507354776282 0.0020524343198575095
leaf_weight=1461 153 158 224 417
leaf_count=1461 153 158 224 417
internal_value=3.45284e-05 0.000157376 -0.00144064 0.000485386
internal_weight=2413 2260 382 1878
internal_count=2413 2260 382 1878
is_linear=0
shrinkage=0.05


Tree=210
num_leaves=5
num_cat=0
split_feature=7 8 2 4
split_gain=0.223042 0.42626 1.06493 0.899688
threshold=-0.89762920115994249 0.63097851429240703 0.056408725325832319 0.035000000000000017
decision_type=2 2 2 2
left_child=-1 3 -3 -2
right_child=1 2 -4 -5
leaf_value=-0.0016343296020578065 0.00065490409750452734 -0.0010852250580517507 0.0031050468258493179 -0.001770910028326249
leaf_weight=180 1019 264 345 605
leaf_count=180 1019 264 345 605
internal_value=3.42666e-05 0.000172121 0.00129453 -0.000251463
internal_weight=2413 2233 609 1624
internal_count=2413 2233 609 1624
is_linear=0
shrinkage=0.05


Tree=211
num_leaves=6
num_cat=0
split_feature=8 6 2 8 4
split_gain=0.213533 1.13137 1.65316 0.716948 0.926224
threshold=0.49258928567861854 5.2753045451194103 0.059535013031882002 0.51405088485693284 0.07670456708649985
decision_type=2 2 2 2 2
left_child=1 2 -1 -2 -5
right_child=3 -3 -4 4 -6
leaf_value=-0.00068175389884424448 -0.003371897339324774 -0.0019086986315704404 0.006185959636726801 -0.00038423150767229961 0.0030092249537494371
leaf_weight=179 160 218 165 1463 228
leaf_count=179 160 218 165 1463 228
internal_value=3.36084e-05 0.00088277 0.00265378 -0.000225897 8.08358e-05
internal_weight=2413 562 344 1851 1691
internal_count=2413 562 344 1851 1691
is_linear=0
shrinkage=0.05


Tree=212
num_leaves=4
num_cat=0
split_feature=4 4 11
split_gain=0.226736 0.557131 0.581235
threshold=0.089368387270523805 0.061821309927903148 0.18437769210423452
decision_type=2 2 2
left_child=1 2 -1
right_child=-2 -3 -4
leaf_value=-0.00093015814057742334 -0.0015508402430551868 0.0023345893489214466 0.00079287040288884478
leaf_weight=1021 201 260 931
leaf_count=1021 201 260 931
internal_value=3.59709e-05 0.000183334 -0.000108439
internal_weight=2413 2212 1952
internal_count=2413 2212 1952
is_linear=0
shrinkage=0.05


Tree=213
num_leaves=6
num_cat=0
split_feature=2 2 11 2 5
split_gain=0.225009 1.11747 1.01554 0.814423 0.666523
threshold=0.071629714287562499 0.080355114496667671 -0.82235098037885024 0.063152149296471061 1.0000000180025095e-35
decision_type=2 2 2 2 2
left_child=3 -2 -3 4 -1
right_child=1 2 -4 -5 -6
leaf_value=-0.0010773168742630639 -0.0043768713430138361 0.0034737724398331235 -0.0006843931790734112 0.0038335401005232476 0.0012558288734736463
leaf_weight=647 154 180 707 153 572
leaf_count=647 154 180 707 153 572
internal_value=3.61205e-05 -0.00051679 0.00017417 0.000455993 1.81394e-05
internal_weight=2413 1041 887 1372 1219
internal_count=2413 1041 887 1372 1219
is_linear=0
shrinkage=0.05


Tree=214
num_leaves=5
num_cat=0
split_feature=12 7 1 6
split_gain=0.209406 1.42652 0.813045 1.29884
threshold=0.84638686722834755 -0.13510325066366186 1.7366216185617158 4.6517668154327616
decision_type=2 2 2 2
left_child=2 -2 3 -1
right_child=1 -3 -4 -5
leaf_value=-0.0023792989173527864 0.0043272662620986151 -0.0015056732712077805 -0.0035855160619751173 0.00082175010265021016
leaf_weight=401 181 236 156 1439
leaf_count=401 181 236 156 1439
internal_value=3.52969e-05 0.0010474 -0.000178239 0.000119573
internal_weight=2413 417 1996 1840
internal_count=2413 417 1996 1840
is_linear=0
shrinkage=0.05


Tree=215
num_leaves=4
num_cat=0
split_feature=7 1 1
split_gain=0.215271 0.425755 0.653037
threshold=-0.89762920115994249 -1.82030025883017 -1.3128556219999663
decision_type=2 2 2
left_child=-1 -2 -3
right_child=1 2 -4
leaf_value=-0.0016061192328846584 -0.002351576475522075 0.0027166934955932184 2.5037878377546511e-05
leaf_weight=180 151 252 1830
leaf_count=180 151 252 1830
internal_value=3.315e-05 0.000168583 0.000356557
internal_weight=2413 2233 2082
internal_count=2413 2233 2082
is_linear=0
shrinkage=0.05


Tree=216
num_leaves=5
num_cat=0
split_feature=2 9 6 9
split_gain=0.20758 0.689217 0.578691 0.48195
threshold=0.10455925258379239 -0.31852055345222119 4.2473517211198351 -1.2079190129854103
decision_type=2 2 2 2
left_child=2 -2 -1 -4
right_child=1 -3 3 -5
leaf_value=0.0028667163010927914 0.0013019621728186438 -0.002416361971690332 0.0019869196022787661 -0.00036696383448960078
leaf_weight=188 210 293 250 1472
leaf_count=188 210 293 250 1472
internal_value=3.21676e-05 -0.000866445 0.000270462 -2.04639e-05
internal_weight=2413 503 1910 1722
internal_count=2413 503 1910 1722
is_linear=0
shrinkage=0.05


Tree=217
num_leaves=7
num_cat=0
split_feature=13 8 6 6 5 0
split_gain=0.219973 0.890224 1.60699 0.718854 0.936167 0.55586
threshold=0.066672345034197875 0.49258928567861854 5.0367577592599018 5.3989315343649293 -0.11999999999999995 0.49000000000000005
decision_type=10 2 2 2 2 2
left_child=3 -2 -3 4 -1 -5
right_child=1 2 -4 5 -6 -7
leaf_value=0.0043732205131295212 0.0023072475910116482 -0.0043539330202529338 0.00042362825905170809 0.00043751075930648878 0.0004475921201362483 -0.0026912453937115938
leaf_weight=189 207 276 469 313 706 253
leaf_count=189 207 276 469 313 706 253
internal_value=3.22213e-05 -0.000557491 -0.00136354 0.000417074 0.00129627 -0.000972352
internal_weight=2413 952 745 1461 895 566
internal_count=2413 952 745 1461 895 566
is_linear=0
shrinkage=0.05


Tree=218
num_leaves=5
num_cat=0
split_feature=7 6 7 4
split_gain=0.208591 1.20997 0.537136 0.691598
threshold=-0.80052797093955153 5.3535155258934504 -0.56548081493970281 0.088370652291207746
decision_type=2 2 2 2
left_child=1 -1 -2 -4
right_child=2 -3 3 -5
leaf_value=-0.0041080412343198255 0.0022270320182558225 0.0016279203953811052 0.00021140320601486487 -0.0032442863591296495
leaf_weight=168 284 192 1615 154
leaf_count=168 284 192 1615 154
internal_value=3.31899e-05 -0.00106847 0.000228496 -9.77274e-05
internal_weight=2413 360 2053 1769
internal_count=2413 360 2053 1769
is_linear=0
shrinkage=0.05


Tree=219
num_leaves=5
num_cat=0
split_feature=4 2 4 4
split_gain=0.213024 0.596624 1.56327 1.36155
threshold=0.07670456708649985 0.070245106199827059 0.025860201081971537 0.032015621187164243
decision_type=2 2 2 2
left_child=1 3 -3 -1
right_child=-2 2 -4 -5
leaf_value=-0.00037623727063215175 0.0012787221295293423 0.0014579264064502626 -0.0030349088651551001 0.0034070133609930054
leaf_weight=1018 295 321 474 305
leaf_count=1018 295 321 474 305
internal_value=3.16223e-05 -0.000144679 -0.00122305 0.000505484
internal_weight=2413 2118 795 1323
internal_count=2413 2118 795 1323
is_linear=0
shrinkage=0.05


Tree=220
num_leaves=7
num_cat=0
split_feature=13 13 9 12 6 5
split_gain=0.207923 0.828289 1.15937 0.759092 0.670679 0.872021
threshold=0.066672345034197875 0.18000326412764397 -1.1965437641460877 -0.081684834618502247 5.3989315343649293 -0.11999999999999995
decision_type=10 10 2 2 2 2
left_child=4 3 -3 -2 5 -1
right_child=1 2 -4 -5 -6 -7
leaf_value=0.0042257558068346966 -0.0049177477741891166 0.0037747344299532415 -0.00088456085890903857 -0.00015972205107988566 -0.00093522028089867949 0.0004369515500017658
leaf_weight=189 163 187 434 168 566 706
leaf_count=189 163 187 434 168 566 706
internal_value=3.27013e-05 -0.000540634 0.000537423 -0.00254111 0.000406861 0.00125608
internal_weight=2413 952 621 331 1461 895
internal_count=2413 952 621 331 1461 895
is_linear=0
shrinkage=0.05


Tree=221
num_leaves=4
num_cat=0
split_feature=7 1 1
split_gain=0.209058 0.421989 0.602934
threshold=-0.89762920115994249 -1.82030025883017 -1.3128556219999663
decision_type=2 2 2
left_child=-1 -2 -3
right_child=1 2 -4
leaf_value=-0.001579722389854126 -0.0023398079269846233 0.0026241167351580409 3.7736571115210143e-05
leaf_weight=180 151 252 1830
leaf_count=180 151 252 1830
internal_value=3.57262e-05 0.000169184 0.000356322
internal_weight=2413 2233 2082
internal_count=2413 2233 2082
is_linear=0
shrinkage=0.05


Tree=222
num_leaves=7
num_cat=0
split_feature=9 6 4 6 6 4
split_gain=0.1953 0.949742 0.759465 0.721912 0.499153 1.26967
threshold=0.67680287715942689 5.3756254280082301 0.041231056256176617 5.8653745179248524 5.0367577592599018 0.030310889132455339
decision_type=2 2 2 2 2 2
left_child=4 2 -2 -3 5 -1
right_child=1 3 -4 -5 -6 -7
leaf_value=0.0010637368250356206 0.00049308925221394162 -0.003691123524629625 0.0047467332469144224 0.00097690874996507948 0.00046415631103478746 -0.0032172508019963665
leaf_weight=312 261 159 172 164 966 379
leaf_count=312 261 159 172 164 966 379
internal_value=3.45587e-05 0.00069788 0.00221766 -0.00134222 -0.000269268 -0.00129055
internal_weight=2413 756 433 323 1657 691
internal_count=2413 756 433 323 1657 691
is_linear=0
shrinkage=0.05


Tree=223
num_leaves=5
num_cat=0
split_feature=4 2 11 4
split_gain=0.19742 0.5605 1.47819 1.28374
threshold=0.07670456708649985 0.070245106199827059 -0.82235098037885024 0.032015621187164243
decision_type=2 2 2 2
left_child=1 3 -3 -1
right_child=-2 2 -4 -5
leaf_value=-0.00036309828143809382 0.0012331781117245555 0.0030167911859601462 -0.0022721921393285042 0.0033104524289393022
leaf_weight=1018 295 162 633 305
leaf_count=1018 295 162 633 305
internal_value=3.2626e-05 -0.0001371 -0.00118232 0.000493065
internal_weight=2413 2118 795 1323
internal_count=2413 2118 795 1323
is_linear=0
shrinkage=0.05


Tree=224
num_leaves=5
num_cat=0
split_feature=12 7 4 7
split_gain=0.196461 1.30161 0.772509 0.697141
threshold=0.84638686722834755 -0.13510325066366186 0.089368387270523805 0.0085456719988219777
decision_type=2 2 2 2
left_child=2 -2 3 -1
right_child=1 -3 -4 -5
leaf_value=-0.00086751329589490134 0.0041481109065947533 -0.0014237290805715805 -0.0034276499808905368 0.0010772741647467248
leaf_weight=899 181 236 162 935
leaf_count=899 181 236 162 935
internal_value=3.49124e-05 0.00101524 -0.00017192 0.000124201
internal_weight=2413 417 1996 1834
internal_count=2413 417 1996 1834
is_linear=0
shrinkage=0.05


Tree=225
num_leaves=5
num_cat=0
split_feature=4 5 5 4
split_gain=0.207033 0.532624 0.920295 0.833304
threshold=0.07670456708649985 0.17999999999999999 0.070000000000000034 0.032015621187164271
decision_type=2 2 2 2
left_child=1 2 -1 -3
right_child=-2 3 -4 -5
leaf_value=-0.00036147810401628597 0.0012631086260080338 0.0004551175940429142 0.0024835478959647312 -0.0046369230578607252
leaf_weight=1455 295 164 348 151
leaf_count=1455 295 164 348 151
internal_value=3.36732e-05 -0.000140137 0.000192995 -0.00202014
internal_weight=2413 2118 1803 315
internal_count=2413 2118 1803 315
is_linear=0
shrinkage=0.05


Tree=226
num_leaves=4
num_cat=0
split_feature=9 9 7
split_gain=0.200869 0.467194 0.778372
threshold=1.4420848586444548 1.0850176576962172 0.74462828267178616
decision_type=2 2 2
left_child=1 2 -1
right_child=-2 -3 -4
leaf_value=-0.00040150326537884585 -0.0016412817148776159 0.0021239341436493603 0.0031937276711332522
leaf_weight=1831 162 261 159
leaf_count=1831 162 261 159
internal_value=3.20446e-05 0.000155841 -0.000106962
internal_weight=2413 2251 1990
internal_count=2413 2251 1990
is_linear=0
shrinkage=0.05


Tree=227
num_leaves=5
num_cat=0
split_feature=8 2 13 2
split_gain=0.198159 0.400435 1.39485 0.560951
threshold=0.72370181399853573 0.11402781045904999 -0.064612519169047505 0.076122956214769569
decision_type=2 2 8 2
left_child=1 3 -3 -1
right_child=-2 2 -4 -5
leaf_value=-9.5282338265715582e-05 -0.0016798788623787063 -0.0048364724509669414 0.0012224551669004736 0.0018115345812337574
leaf_weight=1342 153 158 224 536
leaf_count=1342 153 158 224 536
internal_value=3.22048e-05 0.000151564 -0.0013137 0.000452307
internal_weight=2413 2260 382 1878
internal_count=2413 2260 382 1878
is_linear=0
shrinkage=0.05


Tree=228
num_leaves=5
num_cat=0
split_feature=4 2 4 4
split_gain=0.189074 0.5078 1.38158 1.18816
threshold=0.07670456708649985 0.070245106199827059 0.025860201081971537 0.032015621187164243
decision_type=2 2 2 2
left_child=1 3 -3 -1
right_child=-2 2 -4 -5
leaf_value=-0.00035796242141530589 0.001206858855051299 0.0013911472468566761 -0.0028323942707172969 0.0031761701873849616
leaf_weight=1018 295 321 474 305
leaf_count=1018 295 321 474 305
internal_value=3.1957e-05 -0.000134143 -0.001129 0.000465676
internal_weight=2413 2118 795 1323
internal_count=2413 2118 795 1323
is_linear=0
shrinkage=0.05


Tree=229
num_leaves=5
num_cat=0
split_feature=3 11 7 3
split_gain=0.191113 0.857814 0.519193 0.671739
threshold=-1.1832159566199207 1.0000000180025095e-35 -0.89762920115994249 -0.3943914098672523
decision_type=2 2 2 2
left_child=1 -1 -2 -4
right_child=2 -3 3 -5
leaf_value=0.0012509412565106137 -0.0025008917135346566 -0.0033091564565936767 0.0019246104912022718 -0.00015182175429063338
leaf_weight=210 155 194 550 1304
leaf_count=210 155 194 550 1304
internal_value=3.2966e-05 -0.000952493 0.00023301 0.000467684
internal_weight=2413 404 2009 1854
internal_count=2413 404 2009 1854
is_linear=0
shrinkage=0.05


Tree=230
num_leaves=4
num_cat=0
split_feature=4 4 11
split_gain=0.189306 0.542672 0.570428
threshold=0.089368387270523805 0.061821309927903148 0.18437769210423452
decision_type=2 2 2
left_child=1 2 -1
right_child=-2 -3 -4
leaf_value=-0.00093505592809471063 -0.0014176989028465402 0.0022900552748052298 0.00077188808592650168
leaf_weight=1021 201 260 931
leaf_count=1021 201 260 931
internal_value=3.22326e-05 0.000166885 -0.000121042
internal_weight=2413 2212 1952
internal_count=2413 2212 1952
is_linear=0
shrinkage=0.05


Tree=231
num_leaves=4
num_cat=0
split_feature=9 9 7
split_gain=0.186826 0.433794 0.718179
threshold=1.4420848586444548 1.0850176576962172 0.74462828267178616
decision_type=2 2 2
left_child=1 2 -1
right_child=-2 -3 -4
leaf_value=-0.00038425218271461592 -0.001581250579128792 0.0020483504129570201 0.0030691677874107506
leaf_weight=1831 162 261 159
leaf_count=1831 162 261 159
internal_value=3.25264e-05 0.000151914 -0.000101325
internal_weight=2413 2251 1990
internal_count=2413 2251 1990
is_linear=0
shrinkage=0.05


Tree=232
num_leaves=5
num_cat=0
split_feature=13 1 1 3
split_gain=0.189502 0.379246 0.892491 0.533207
threshold=0.38486325820360695 -0.88985138033579803 -0.50850990136088992 -0.77932329361040342
decision_type=8 2 2 2
left_child=1 3 -3 -1
right_child=-2 2 -4 -5
leaf_value=-6.5837120822913172e-06 0.0015313820089225552 -0.0034558215700449023 -3.944048927501484e-05 0.0030391344691126317
leaf_weight=504 189 219 1305 196
leaf_count=504 189 219 1305 196
internal_value=3.26021e-05 -9.79166e-05 -0.000540073 0.000861723
internal_weight=2413 2224 1524 700
internal_count=2413 2224 1524 700
is_linear=0
shrinkage=0.05


Tree=233
num_leaves=5
num_cat=0
split_feature=12 7 1 6
split_gain=0.18511 1.217 0.758281 1.21291
threshold=0.84638686722834755 -0.13510325066366186 1.7366216185617158 4.6517668154327616
decision_type=2 2 2 2
left_child=2 -2 3 -1
right_child=1 -3 -4 -5
leaf_value=-0.0022960249651275033 0.004012850824535715 -0.0013748600913783635 -0.0034593500413856709 0.00079732016532971543
leaf_weight=401 181 236 156 1439
leaf_count=401 181 236 156 1439
internal_value=3.19428e-05 0.000983528 -0.000168821 0.000118777
internal_weight=2413 417 1996 1840
internal_count=2413 417 1996 1840
is_linear=0
shrinkage=0.05


Tree=234
num_leaves=6
num_cat=0
split_feature=3 4 3 0 4
split_gain=0.18721 1.13211 1.12609 0.627132 0.544771
threshold=-0.85733145373534003 0.052291038222521562 -0.3943914098672523 0.25750000000000006 0.07670456708649985
decision_type=2 2 2 2 2
left_child=1 3 -2 -1 -4
right_child=2 -3 4 -5 -6
leaf_value=-0.00081332508251351918 0.0032093246737372851 -0.0037391635440733465 -0.00059775613594398758 0.0026918604221438693 0.0025430675305711525
leaf_weight=312 276 205 1261 209 150
leaf_count=312 276 205 1261 209 150
internal_value=2.98785e-05 -0.000638838 0.000318698 0.000605008 -0.000256062
internal_weight=2413 726 1687 521 1411
internal_count=2413 726 1687 521 1411
is_linear=0
shrinkage=0.05


Tree=235
num_leaves=4
num_cat=0
split_feature=8 11 5
split_gain=0.18782 0.37779 0.526239
threshold=0.72370181399853573 0.93776272077195644 1.0000000180025095e-35
decision_type=2 2 2
left_child=1 2 -1
right_child=-2 -3 -4
leaf_value=-0.00089539802663752524 -0.0016361300783374428 0.0018876213832850989 0.00072639182477409565
leaf_weight=1005 153 269 986
leaf_count=1005 153 269 986
internal_value=3.06873e-05 0.000146892 -9.24337e-05
internal_weight=2413 2260 1991
internal_count=2413 2260 1991
is_linear=0
shrinkage=0.05


Tree=236
num_leaves=6
num_cat=0
split_feature=0 3 3 3 3
split_gain=0.198483 0.733095 0.741292 0.612701 1.33088
threshold=0.67000000000000015 -0.5298741076318686 1.219936756777481 1.1005618538824342 -0.44721359549995776
decision_type=2 2 2 2 2
left_child=3 -2 -3 4 -1
right_child=1 2 -4 -5 -6
leaf_value=0.0012308313942459368 -0.0034696127470026077 0.0012137322097793798 -0.002070949424138829 0.0030163129999114134 -0.002074998254410361
leaf_weight=810 169 513 252 188 481
leaf_count=810 169 513 252 188 481
internal_value=2.87814e-05 -0.000540185 0.000125298 0.000388697 -4.10615e-06
internal_weight=2413 934 765 1479 1291
internal_count=2413 934 765 1479 1291
is_linear=0
shrinkage=0.05


Tree=237
num_leaves=7
num_cat=0
split_feature=0 13 1 13 0 0
split_gain=0.181778 0.613605 0.729201 0.560166 1.47302 0.675705
threshold=0.67000000000000015 0.15402516227261201 1.3868025246293489 0.059818561784421999 0.30000000000000004 0.30000000000000004
decision_type=2 8 2 8 2 2
left_child=3 2 -2 4 -1 -5
right_child=1 -3 -4 5 -6 -7
leaf_value=-0.00064157889878449026 -0.0022985884162712369 0.0015833580777546684 0.0013097774861938777 0.00044687797547534762 0.0036327288522081482 -0.0028799190587396255
leaf_weight=452 493 250 191 443 357 227
leaf_count=452 493 250 191 443 357 227
internal_value=2.88181e-05 -0.000515681 -0.0012888 0.000373252 0.00125534 -0.000693244
internal_weight=2413 934 684 1479 809 670
internal_count=2413 934 684 1479 809 670
is_linear=0
shrinkage=0.05


Tree=238
num_leaves=6
num_cat=0
split_feature=1 1 3 2 12
split_gain=0.181183 1.24565 0.786153 0.67096 0.518481
threshold=0.67526520063058748 0.30166259184161942 0.37046403031831304 0.092243920788360342 0.91963761406741706
decision_type=2 2 2 2 2
left_child=1 4 -2 -4 -1
right_child=2 -3 3 -5 -6
leaf_value=0.00022205530935651797 -0.0035901769405737635 0.0043360934859540843 -0.00089868444949505388 0.0022390890587390935 -0.0027480108195006674
leaf_weight=1168 165 170 493 254 163
leaf_count=1168 165 170 493 254 163
internal_value=3.29489e-05 0.000370267 -0.000521211 0.000176036 -0.000150595
internal_weight=2413 1501 912 747 1331
internal_count=2413 1501 912 747 1331
is_linear=0
shrinkage=0.05


Tree=239
num_leaves=4
num_cat=0
split_feature=4 4 4
split_gain=0.186685 0.506302 0.555587
threshold=0.089368387270523805 0.061821309927903148 0.046029881598804938
decision_type=2 2 2
left_child=1 2 -1
right_child=-2 -3 -4
leaf_value=0.00019448484751758267 -0.0014078699011644982 0.0022164880893992718 -0.0024210914579706026
leaf_weight=1727 201 260 225
leaf_count=1727 201 260 225
internal_value=3.19871e-05 0.000165704 -0.000112419
internal_weight=2413 2212 1952
internal_count=2413 2212 1952
is_linear=0
shrinkage=0.05


Tree=240
num_leaves=5
num_cat=0
split_feature=12 7 4 7
split_gain=0.18529 1.13165 0.722925 0.583413
threshold=0.84638686722834755 -0.13510325066366186 0.089368387270523805 0.0085456719988219777
decision_type=2 2 2 2
left_child=2 -2 3 -1
right_child=1 -3 -4 -5
leaf_value=-0.00079046828966370525 0.0039041388327204526 -0.0012915222733610029 -0.003319211727744359 0.00098863196462079558
leaf_weight=899 181 236 162 935
leaf_count=899 181 236 162 935
internal_value=3.1156e-05 0.000983206 -0.000169704 0.000116765
internal_weight=2413 417 1996 1834
internal_count=2413 417 1996 1834
is_linear=0
shrinkage=0.05


Tree=241
num_leaves=5
num_cat=0
split_feature=4 8 11 3
split_gain=0.192987 0.498917 1.08812 0.868617
threshold=0.07670456708649985 0.52772730251460442 0.84627065865205453 1.3477172530791972
decision_type=2 2 2 2
left_child=1 2 -1 -3
right_child=-2 3 -4 -5
leaf_value=-0.00010030881067103878 0.0012169978584085281 -0.00020784160351740188 0.0045302998681299757 -0.0038986764504680537
leaf_weight=584 295 1198 157 179
leaf_count=584 295 1198 157 179
internal_value=2.99984e-05 -0.000137807 0.000904593 -0.000699993
internal_weight=2413 2118 741 1377
internal_count=2413 2118 741 1377
is_linear=0
shrinkage=0.05


Tree=242
num_leaves=5
num_cat=0
split_feature=4 2 11 4
split_gain=0.176948 0.488266 1.38064 1.12046
threshold=0.07670456708649985 0.070245106199827059 -0.82235098037885024 0.032015621187164243
decision_type=2 2 2 2
left_child=1 3 -3 -1
right_child=-2 2 -4 -5
leaf_value=-0.00034187500075917815 0.0011671009808778762 0.0029519849362041424 -0.0021591900023365347 0.00309011057541225
leaf_weight=1018 295 162 633 305
leaf_count=1018 295 162 633 305
internal_value=3.04982e-05 -0.000130186 -0.00110573 0.000457979
internal_weight=2413 2118 795 1323
internal_count=2413 2118 795 1323
is_linear=0
shrinkage=0.05


Tree=243
num_leaves=5
num_cat=0
split_feature=12 9 1 6
split_gain=0.180203 1.05349 0.743902 1.13635
threshold=0.84638686722834755 1.0000000180025095e-35 1.7366216185617158 4.6517668154327616
decision_type=2 2 2 2
left_child=2 -2 3 -1
right_child=1 -3 -4 -5
leaf_value=-0.0022179332103584824 0.0033940577073185065 -0.0015785264669812807 -0.0034246098759196566 0.00077619251406768923
leaf_weight=401 213 204 156 1439
leaf_count=401 213 204 156 1439
internal_value=3.26598e-05 0.000971546 -0.000165428 0.000119426
internal_weight=2413 417 1996 1840
internal_count=2413 417 1996 1840
is_linear=0
shrinkage=0.05


Tree=244
num_leaves=6
num_cat=0
split_feature=3 2 1 0 2
split_gain=0.179477 1.22085 1.07853 0.763731 0.584837
threshold=-0.85733145373534003 0.092243920788360342 -1.0835415160739152 0.25750000000000006 0.08914865471085702
decision_type=2 2 2 2 2
left_child=1 3 -2 -1 -4
right_child=2 -3 4 -5 -6
leaf_value=-0.0010845195177324239 0.0042744628014938476 -0.0037910412886006718 -0.00070962684383693358 0.0027393545618150461 0.0014340429023702332
leaf_weight=278 151 210 1093 238 443
leaf_count=278 151 210 1093 238 443
internal_value=3.05076e-05 -0.000624254 0.000313296 0.000688568 -8.8721e-05
internal_weight=2413 726 1687 516 1536
internal_count=2413 726 1687 516 1536
is_linear=0
shrinkage=0.05


Tree=245
num_leaves=4
num_cat=0
split_feature=6 6 0
split_gain=0.177755 0.534047 0.558811
threshold=4.2625390121298343 4.5758958313557603 0.75000000000000011
decision_type=2 2 2
left_child=-1 -2 -3
right_child=1 2 -4
leaf_value=0.0012749291238907711 -0.0024219290703121161 0.00077104544977636767 -0.0010036581651139676
leaf_weight=252 220 1264 677
leaf_count=252 220 1264 677
internal_value=3.1714e-05 -0.000115869 0.00015106
internal_weight=2413 2161 1941
internal_count=2413 2161 1941
is_linear=0
shrinkage=0.05


Tree=246
num_leaves=5
num_cat=0
split_feature=7 8 2 4
split_gain=0.17836 0.396652 1.02873 0.836535
threshold=-0.89762920115994249 0.63097851429240703 0.080355114496667671 0.035000000000000017
decision_type=2 2 2 2
left_child=-1 3 -3 -2
right_child=1 2 -4 -5
leaf_value=-0.0014597161958384251 0.00062112252808219645 -0.00036302988851358271 0.0038468440246005129 -0.0017180184826453325
leaf_weight=180 1019 380 229 605
leaf_count=180 1019 380 229 605
internal_value=3.24176e-05 0.00015569 0.00123843 -0.000252892
internal_weight=2413 2233 609 1624
internal_count=2413 2233 609 1624
is_linear=0
shrinkage=0.05


Tree=247
num_leaves=5
num_cat=0
split_feature=8 2 13 2
split_gain=0.175026 0.382315 1.29461 0.546374
threshold=0.72370181399853573 0.11402781045904999 -0.064612519169047505 0.076122956214769569
decision_type=2 2 8 2
left_child=1 3 -3 -1
right_child=-2 2 -4 -5
leaf_value=-0.00010311422371692066 -0.0015778146901619591 -0.0046819956424686074 0.0011554221456919242 0.001778736764366279
leaf_weight=1342 153 158 224 536
leaf_count=1342 153 158 224 536
internal_value=3.1238e-05 0.000143412 -0.0012883 0.000437282
internal_weight=2413 2260 382 1878
internal_count=2413 2260 382 1878
is_linear=0
shrinkage=0.05


Tree=248
num_leaves=6
num_cat=0
split_feature=13 8 13 13 8
split_gain=0.183181 0.7873 1.35371 0.66233 0.947745
threshold=0.066672345034197875 0.49258928567861854 0.18000326412764397 0.0055830367052739039 0.58144456624240393
decision_type=10 2 10 10 2
left_child=3 -2 -3 4 -1
right_child=1 2 -4 -5 -6
leaf_value=-0.0013367297057523169 0.0021866651649481423 -0.0040815613729030115 0.00033372026153764925 0.0030953931715488672 0.0013857986572359329
leaf_weight=663 207 267 478 190 608
leaf_count=663 207 267 478 190 608
internal_value=3.09082e-05 -0.000507236 -0.00126533 0.000382102 -3.40446e-05
internal_weight=2413 952 745 1461 1271
internal_count=2413 952 745 1461 1271
is_linear=0
shrinkage=0.05


Tree=249
num_leaves=7
num_cat=0
split_feature=3 11 0 3 12 3
split_gain=0.175107 0.772065 0.780352 0.61493 1.61417 0.488418
threshold=-0.99724137405480795 -0.12518893467400513 0.21000000000000005 -0.3943914098672523 -0.39781519450591712 0.44339915473745045
decision_type=2 2 2 2 2 2
left_child=1 -1 -3 4 -2 -5
right_child=3 2 -4 5 -6 -7
leaf_value=0.0011676999310257852 0.0059037954958330377 0.0001300761031537839 -0.0048685293571907101 -0.001616371484110782 -0.00047560435051777997 0.00039258280679327649
leaf_weight=281 155 152 155 432 259 979
leaf_count=281 155 152 155 432 259 979
internal_value=3.07751e-05 -0.000715987 -0.00243123 0.000272675 0.00195477 -0.000226026
internal_weight=2413 588 307 1825 414 1411
internal_count=2413 588 307 1825 414 1411
is_linear=0
shrinkage=0.05


Tree=250
num_leaves=4
num_cat=0
split_feature=12 6 9
split_gain=0.176605 0.466753 0.583257
threshold=-0.97972850275302703 4.2625390121298343 -1.1965437641460877
decision_type=2 2 2
left_child=-1 -2 -3
right_child=1 2 -4
leaf_value=-0.0015919289501994897 0.0022271667917569478 0.001951609851528054 -0.00045267966933617643
leaf_weight=152 235 290 1736
leaf_count=152 235 290 1736
internal_value=2.98581e-05 0.000142158 -0.000104574
internal_weight=2413 2261 2026
internal_count=2413 2261 2026
is_linear=0
shrinkage=0.05


Tree=251
num_leaves=4
num_cat=0
split_feature=7 1 8
split_gain=0.178505 0.364572 0.516983
threshold=-0.89762920115994249 -1.82030025883017 0.58144456624240393
decision_type=2 2 2
left_child=-1 -2 -3
right_child=1 2 -4
leaf_value=-0.0014632281235016479 -0.0021792118823773655 -0.00039728550637755934 0.0011805228963917961
leaf_weight=180 151 1128 954
leaf_count=180 151 1128 954
internal_value=2.95048e-05 0.000152833 0.000326783
internal_weight=2413 2233 2082
internal_count=2413 2233 2082
is_linear=0
shrinkage=0.05


Tree=252
num_leaves=6
num_cat=0
split_feature=8 6 2 8 4
split_gain=0.176016 1.02407 1.60295 0.622872 0.853224
threshold=0.49258928567861854 5.2753045451194103 0.059535013031882002 0.51405088485693284 0.078481663034407831
decision_type=2 2 2 2 2
left_child=1 2 -1 -2 -5
right_child=3 -3 -4 4 -6
leaf_value=-0.0007971999772290356 -0.0031399309503930537 -0.0018562897395818072 0.0059627067267566045 -0.00035802583322309674 0.0029536101309742793
leaf_weight=179 160 218 165 1472 219
leaf_count=179 160 218 165 1472 219
internal_value=2.80143e-05 0.000798982 0.00248417 -0.000207588 7.83045e-05
internal_weight=2413 562 344 1851 1691
internal_count=2413 562 344 1851 1691
is_linear=0
shrinkage=0.05


Tree=253
num_leaves=4
num_cat=0
split_feature=4 4 11
split_gain=0.189265 0.446877 0.53005
threshold=0.089368387270523805 0.061821309927903148 0.081793552515536036
decision_type=2 2 2
left_child=1 2 -1
right_child=-2 -3 -4
leaf_value=-0.00092466789171862299 -0.0014194414930562805 0.002091637842559238 0.00071906406947394119
leaf_weight=968 201 260 984
leaf_count=968 201 260 984
internal_value=3.03274e-05 0.000164969 -9.63452e-05
internal_weight=2413 2212 1952
internal_count=2413 2212 1952
is_linear=0
shrinkage=0.05


Tree=254
num_leaves=4
num_cat=0
split_feature=6 6 9
split_gain=0.179921 0.333317 0.486904
threshold=4.1281816745603477 4.3971613327690999 -1.1965437641460877
decision_type=2 2 2
left_child=-1 -2 -3
right_child=1 2 -4
leaf_value=-0.0014594523605945358 0.0023918587570979956 0.0018312554654579313 -0.00032742893071914877
leaf_weight=182 150 301 1780
leaf_count=182 150 301 1780
internal_value=3.04897e-05 0.000155028 -1.15515e-05
internal_weight=2413 2231 2081
internal_count=2413 2231 2081
is_linear=0
shrinkage=0.05


Tree=255
num_leaves=5
num_cat=0
split_feature=7 6 7 4
split_gain=0.178572 1.09366 0.486782 0.724651
threshold=-0.80052797093955153 5.3535155258934504 -0.56548081493970281 0.046029881598804938
decision_type=2 2 2 2
left_child=1 -1 -2 -4
right_child=2 -3 3 -5
leaf_value=-0.0038801781118529815 0.0021123914607191481 0.0015728617216127117 0.00052878309697879577 -0.001718920831340384
leaf_weight=168 284 192 1276 493
leaf_count=168 284 192 1276 493
internal_value=2.91202e-05 -0.000990184 0.00020983 -0.000100705
internal_weight=2413 360 2053 1769
internal_count=2413 360 2053 1769
is_linear=0
shrinkage=0.05


Tree=256
num_leaves=5
num_cat=0
split_feature=12 4 1 7
split_gain=0.175294 1.02046 0.689883 0.689606
threshold=0.84638686722834755 0.032691742076555078 1.7366216185617158 0.0085456719988219777
decision_type=2 2 2 2
left_child=2 -2 3 -1
right_child=1 -3 -4 -5
leaf_value=-0.00087050900595132873 -0.0011369165202620112 0.0038211336191790765 -0.0033073152462092825 0.0010603347619485613
leaf_weight=910 243 174 156 930
leaf_count=910 243 174 156 930
internal_value=2.66531e-05 0.000952672 -0.000168706 0.000105635
internal_weight=2413 417 1996 1840
internal_count=2413 417 1996 1840
is_linear=0
shrinkage=0.05


Tree=257
num_leaves=4
num_cat=0
split_feature=8 11 5
split_gain=0.165574 0.326121 0.529498
threshold=0.72370181399853573 0.93776272077195644 -0.0025000000000000278
decision_type=2 2 2
left_child=1 2 -1
right_child=-2 -3 -4
leaf_value=-0.00095379017773658645 -0.001538148417529544 0.0017532744170863344 0.00067632770251062975
leaf_weight=931 153 269 1060
leaf_count=931 153 269 1060
internal_value=2.6845e-05 0.000135955 -8.64021e-05
internal_weight=2413 2260 1991
internal_count=2413 2260 1991
is_linear=0
shrinkage=0.05


Tree=258
num_leaves=4
num_cat=0
split_feature=6 12 1
split_gain=0.165318 0.311258 0.774888
threshold=4.1281816745603477 0.91963761406741706 1.6918398509280037
decision_type=2 2 2
left_child=-1 2 -2
right_child=1 -3 -4
leaf_value=-0.0014028545788098328 0.00067931596485026381 -0.0014056726241387205 -0.0027985025230340068
leaf_weight=182 1782 278 171
leaf_count=182 1782 278 171
internal_value=2.53358e-05 0.000144721 0.000368438
internal_weight=2413 2231 1953
internal_count=2413 2231 1953
is_linear=0
shrinkage=0.05


Tree=259
num_leaves=5
num_cat=0
split_feature=12 7 4 7
split_gain=0.180893 0.9501 0.653947 0.506884
threshold=0.84638686722834755 -0.13510325066366186 0.089368387270523805 0.0085456719988219777
decision_type=2 2 2 2
left_child=2 -2 3 -1
right_child=1 -3 -4 -5
leaf_value=-0.00074780910407358622 0.003640432867048789 -0.0011208448629088205 -0.0031701719340963101 0.00091049684728707861
leaf_weight=899 181 236 162 935
leaf_count=899 181 236 162 935
internal_value=2.37493e-05 0.000964448 -0.000174698 9.77964e-05
internal_weight=2413 417 1996 1834
internal_count=2413 417 1996 1834
is_linear=0
shrinkage=0.05


Tree=260
num_leaves=5
num_cat=0
split_feature=4 2 11 4
split_gain=0.18977 0.514677 1.27576 1.07651
threshold=0.07670456708649985 0.070245106199827059 -0.82235098037885024 0.032015621187164243
decision_type=2 2 2 2
left_child=1 3 -3 -1
right_child=-2 2 -4 -5
leaf_value=-0.00032356627550700448 0.0012000681621332965 0.0027566614522442534 -0.0021572507110363764 0.0030404668787284007
leaf_weight=1018 295 162 633 305
leaf_count=1018 295 162 633 305
internal_value=2.29915e-05 -0.000143395 -0.00114495 0.000460494
internal_weight=2413 2118 795 1323
internal_count=2413 2118 795 1323
is_linear=0
shrinkage=0.05


Tree=261
num_leaves=6
num_cat=0
split_feature=12 9 6 2 6
split_gain=0.171042 0.874548 0.629267 1.11292 1.06471
threshold=0.84638686722834755 1.0000000180025095e-35 4.6517668154327616 0.08670671818401178 4.8630628221634487
decision_type=2 2 2 2 2
left_child=2 -2 3 -1 -4
right_child=1 -3 4 -5 -6
leaf_value=-1.1370813648682089e-05 0.003146926418065367 -0.001384215016039445 0.0038161482600767879 -0.0052443234446728909 -0.00017805543770239065
leaf_weight=295 213 204 185 150 1366
leaf_count=295 213 204 185 150 1366
internal_value=2.53936e-05 0.000940116 -0.00016758 -0.00181396 0.000309097
internal_weight=2413 417 1996 445 1551
internal_count=2413 417 1996 445 1551
is_linear=0
shrinkage=0.05


Tree=262
num_leaves=5
num_cat=0
split_feature=4 8 11 3
split_gain=0.182273 0.502527 1.00667 0.781179
threshold=0.07670456708649985 0.52772730251460442 0.18437769210423452 1.3477172530791972
decision_type=2 2 2 2
left_child=1 2 -1 -3
right_child=-2 3 -4 -5
leaf_value=-0.00098629682802761176 0.0011793407972048348 -0.00023464776225932287 0.0026796095280822918 -0.003735019015090549
leaf_weight=359 295 1198 382 179
leaf_count=359 295 1198 382 179
internal_value=2.57545e-05 -0.000137319 0.000908843 -0.000701537
internal_weight=2413 2118 741 1377
internal_count=2413 2118 741 1377
is_linear=0
shrinkage=0.05


Tree=263
num_leaves=5
num_cat=0
split_feature=4 5 6 0
split_gain=0.167129 0.477403 0.943252 0.757277
threshold=0.07670456708649985 0.17999999999999999 4.3338206554666181 0.84000000000000008
decision_type=2 2 2 2
left_child=1 2 -1 -3
right_child=-2 3 -4 -5
leaf_value=0.0034797948916243469 0.0011309452348311122 -0.0043277886256529305 -0.00020976199579389638 0.00052234613558095773
leaf_weight=189 295 156 1614 159
leaf_count=189 295 156 1614 159
internal_value=2.63234e-05 -0.000129832 0.000185551 -0.00190972
internal_weight=2413 2118 1803 315
internal_count=2413 2118 1803 315
is_linear=0
shrinkage=0.05


Tree=264
num_leaves=6
num_cat=0
split_feature=3 4 1 0 4
split_gain=0.17068 1.0418 0.976666 0.606063 0.531519
threshold=-0.85733145373534003 0.05165994579942957 -1.0835415160739152 0.25750000000000006 0.07670456708649985
decision_type=2 2 2 2 2
left_child=1 3 -2 -1 -4
right_child=2 -3 4 -5 -6
leaf_value=-0.00081316077168041743 0.0040711159486538518 -0.0035768338865313624 -0.00039455324824857552 0.0026347733103826852 0.0026575739520167019
leaf_weight=311 151 206 1382 209 154
leaf_count=311 151 206 1382 209 154
internal_value=2.58783e-05 -0.000612626 0.000301657 0.000584538 -8.09157e-05
internal_weight=2413 726 1687 520 1536
internal_count=2413 726 1687 520 1536
is_linear=0
shrinkage=0.05


Tree=265
num_leaves=7
num_cat=0
split_feature=5 3 6 11 3 5
split_gain=0.163301 0.82592 0.77379 1.23259 0.551322 0.407838
threshold=-0.070000000000000007 -1.1832159566199207 5.2110695607760862 0.27444876106096799 -0.28957576705863647 -0.17249999999999999
decision_type=2 2 2 2 2 2
left_child=2 -2 3 -1 -3 -4
right_child=1 4 5 -5 -6 -7
leaf_value=-0.00051654227413009941 -0.0034093167747177295 0.0019847863429513554 -0.0025333070622291418 0.005118552582179082 -0.00035917058705128629 0.00076483219575524081
leaf_weight=200 179 314 195 182 1170 173
leaf_count=200 179 314 195 182 1170 173
internal_value=2.67014e-05 -0.000249516 0.000636764 0.00219969 0.000141787 -0.000993355
internal_weight=2413 1663 750 382 1484 368
internal_count=2413 1663 750 382 1484 368
is_linear=0
shrinkage=0.05


Tree=266
num_leaves=4
num_cat=0
split_feature=13 13 13
split_gain=0.167065 0.380812 0.604671
threshold=0.38486325820360695 0.24725156009133761 0.18000326412764397
decision_type=8 10 10
left_child=1 2 -1
right_child=-2 -3 -4
leaf_value=-0.00014452890642262882 0.0014356601075276784 -0.0018045480977530708 0.0027382095591173728
leaf_weight=1747 189 279 198
leaf_count=1747 189 279 198
internal_value=2.83988e-05 -9.41453e-05 0.000155201
internal_weight=2413 2224 1945
internal_count=2413 2224 1945
is_linear=0
shrinkage=0.05


Tree=267
num_leaves=6
num_cat=0
split_feature=13 8 6 13 8
split_gain=0.171442 0.714447 1.36749 0.590822 0.842637
threshold=0.066672345034197875 0.49258928567861854 5.0367577592599018 0.0055830367052739039 0.58144456624240393
decision_type=10 2 2 10 2
left_child=3 -2 -3 4 -1
right_child=1 2 -4 -5 -6
leaf_value=-0.0012535097908816073 0.0020738595655684379 -0.0039732300556106145 0.00043362486786513595 0.002930549201854051 0.001313614025810767
leaf_weight=663 207 276 469 190 608
leaf_count=663 207 276 469 190 608
internal_value=2.81541e-05 -0.000492457 -0.00121459 0.000367911 -2.51561e-05
internal_weight=2413 952 745 1461 1271
internal_count=2413 952 745 1461 1271
is_linear=0
shrinkage=0.05


Tree=268
num_leaves=5
num_cat=0
split_feature=12 4 4 3
split_gain=0.166063 0.927162 0.64727 0.452554
threshold=0.84638686722834755 0.032691742076555078 0.089368387270523805 1.5075567228888187
decision_type=2 2 2 2
left_child=2 -2 3 -1
right_child=1 -3 -4 -5
leaf_value=0.00034720239060915452 -0.0010631828113072252 0.0036629772373389293 -0.0031426887152002691 -0.0024594551289697317
leaf_weight=1682 243 174 162 152
leaf_count=1682 243 174 162 152
internal_value=2.7614e-05 0.000928918 -0.000162535 0.000108535
internal_weight=2413 417 1996 1834
internal_count=2413 417 1996 1834
is_linear=0
shrinkage=0.05


Tree=269
num_leaves=5
num_cat=0
split_feature=3 1 1 0
split_gain=0.17686 0.700404 1.52752 1.10109
threshold=1.4142135623731036 0.80363337012575897 0.44158881833342051 0.65000000000000013
decision_type=2 2 2 2
left_child=1 2 -1 -3
right_child=-2 3 -4 -5
leaf_value=-0.0001014502537048444 0.0012113601825008919 -0.004961315616417457 0.004955742999577308 -0.00026255859831948524
leaf_weight=1341 274 165 163 470
leaf_count=1341 274 165 163 470
internal_value=2.72305e-05 -0.000126925 0.000461241 -0.00151272
internal_weight=2413 2139 1504 635
internal_count=2413 2139 1504 635
is_linear=0
shrinkage=0.05


Tree=270
num_leaves=5
num_cat=0
split_feature=4 8 11 3
split_gain=0.171756 0.469928 0.932939 0.685726
threshold=0.07670456708649985 0.52772730251460442 0.84627065865205453 1.3477172530791972
decision_type=2 2 2 2
left_child=1 2 -1 -3
right_child=-2 3 -4 -5
leaf_value=-5.3605642774520227e-05 0.0011436603032343555 -0.00024252140551282253 0.0042344171116933411 -0.0035222163895488609
leaf_weight=584 295 1198 157 179
leaf_count=584 295 1198 157 179
internal_value=2.38457e-05 -0.000134451 0.000877214 -0.000680059
internal_weight=2413 2118 741 1377
internal_count=2413 2118 741 1377
is_linear=0
shrinkage=0.05


Tree=271
num_leaves=5
num_cat=0
split_feature=3 1 1 0
split_gain=0.179113 0.639823 1.40069 1.02814
threshold=1.4142135623731036 0.80363337012575897 0.44158881833342051 0.65000000000000013
decision_type=2 2 2 2
left_child=1 2 -1 -3
right_child=-2 3 -4 -5
leaf_value=-0.00010715886043765832 0.0012162340158182715 -0.0047874374201466495 0.0047354973907572243 -0.000247073088437135
leaf_weight=1341 274 165 163 470
leaf_count=1341 274 165 163 470
internal_value=2.45794e-05 -0.000130549 0.000431629 -0.00145504
internal_weight=2413 2139 1504 635
internal_count=2413 2139 1504 635
is_linear=0
shrinkage=0.05


Tree=272
num_leaves=6
num_cat=0
split_feature=0 3 3 3 3
split_gain=0.174396 0.759034 0.612529 1.18478 0.582421
threshold=0.67000000000000015 -0.5298741076318686 1.1005618538824342 -0.44721359549995776 1.219936756777481
decision_type=2 2 2 2 2
left_child=2 -2 3 -1 -3
right_child=1 4 -4 -5 -6
leaf_value=0.0011313489202398914 -0.0034928627595862093 0.0011293544139882503 0.0029859324212070226 -0.0019877644027956982 -0.0017822223045869555
leaf_weight=810 169 513 188 481 252
leaf_count=810 169 513 188 481 252
internal_value=2.12974e-05 -0.000512017 0.00035868 -3.39538e-05 0.000164902
internal_weight=2413 934 1479 1291 765
internal_count=2413 934 1479 1291 765
is_linear=0
shrinkage=0.05


Tree=273
num_leaves=6
num_cat=0
split_feature=3 2 1 13 2
split_gain=0.165885 1.07222 0.879096 0.630723 0.585503
threshold=-0.85733145373534003 0.092243920788360342 -1.0835415160739152 -0.080815843761106773 0.08914865471085702
decision_type=2 2 2 8 2
left_child=1 3 -2 -1 -4
right_child=2 -3 4 -5 -6
leaf_value=0.0026361638397724768 0.0038697081873229205 -0.0035755440268021212 -0.00069080994450130423 -0.00086952043054072138 0.0014540691436065703
leaf_weight=218 151 210 1093 298 443
leaf_count=218 151 210 1093 298 443
internal_value=2.16071e-05 -0.000607855 0.000293492 0.000622648 -6.94915e-05
internal_weight=2413 726 1687 516 1536
internal_count=2413 726 1687 516 1536
is_linear=0
shrinkage=0.05


Tree=274
num_leaves=4
num_cat=0
split_feature=13 13 13
split_gain=0.164656 0.343266 0.587422
threshold=0.38486325820360695 0.24725156009133761 0.18000326412764397
decision_type=8 10 10
left_child=1 2 -1
right_child=-2 -3 -4
leaf_value=-0.00015838557679613652 0.0014189643728884419 -0.0017236473356065354 0.0026829147180430523
leaf_weight=1747 189 279 198
leaf_count=1747 189 279 198
internal_value=2.1879e-05 -9.97648e-05 0.000136995
internal_weight=2413 2224 1945
internal_count=2413 2224 1945
is_linear=0
shrinkage=0.05


Tree=275
num_leaves=4
num_cat=0
split_feature=9 9 7
split_gain=0.161525 0.396493 0.654925
threshold=1.4420848586444548 1.0850176576962172 0.74462828267178616
decision_type=2 2 2
left_child=1 2 -1
right_child=-2 -3 -4
leaf_value=-0.00037926417288295863 -0.0014785726642526106 0.0019460441480754855 0.0029185827319984461
leaf_weight=1831 162 261 159
leaf_count=1831 162 261 159
internal_value=2.19374e-05 0.000132964 -0.000109114
internal_weight=2413 2251 1990
internal_count=2413 2251 1990
is_linear=0
shrinkage=0.05


Tree=276
num_leaves=4
num_cat=0
split_feature=3 4 12
split_gain=0.166503 0.409328 0.474335
threshold=1.4142135623731036 0.089368387270523805 0.63438458805747222
decision_type=2 2 2
left_child=1 2 -1
right_child=-2 -3 -4
leaf_value=0.00054124988341676817 0.0011712259589193731 -0.0024815114741624498 -0.0012071034367205781
leaf_weight=1450 274 165 524
leaf_count=1450 274 165 524
internal_value=2.22812e-05 -0.000127284 7.52708e-05
internal_weight=2413 2139 1974
internal_count=2413 2139 1974
is_linear=0
shrinkage=0.05


Tree=277
num_leaves=5
num_cat=0
split_feature=4 8 6 3
split_gain=0.175173 0.447531 0.927383 0.647988
threshold=0.07670456708649985 0.52772730251460442 5.2753045451194103 1.3477172530791972
decision_type=2 2 2 2
left_child=1 2 -1 -3
right_child=-2 3 -4 -5
leaf_value=0.0023333025151315986 0.0011519043731423153 -0.00024591352524558965 -0.0012316072633850334 -0.0034341505067143024
leaf_weight=432 295 1198 309 179
leaf_count=432 295 1198 309 179
internal_value=2.10017e-05 -0.000138855 0.00084843 -0.000671286
internal_weight=2413 2118 741 1377
internal_count=2413 2118 741 1377
is_linear=0
shrinkage=0.05


Tree=278
num_leaves=6
num_cat=0
split_feature=12 4 6 4 6
split_gain=0.169558 0.847738 0.630314 1.06974 0.975725
threshold=0.84638686722834755 0.036774212901293159 4.6517668154327616 0.047169905660283055 4.8630628221634487
decision_type=2 2 2 2 2
left_child=2 -2 3 -1 -4
right_child=1 -3 4 -5 -6
leaf_value=-3.2181426923372003e-05 -0.00082989288993937376 0.0037606035226361795 0.003664867404333659 -0.0051475755288636401 -0.00015881270469465401
leaf_weight=293 259 158 185 152 1366
leaf_count=293 259 158 185 152 1366
internal_value=2.26302e-05 0.000933381 -0.000169499 -0.00181724 0.000307579
internal_weight=2413 417 1996 445 1551
internal_count=2413 417 1996 445 1551
is_linear=0
shrinkage=0.05


Tree=279
num_leaves=5
num_cat=0
split_feature=3 1 1 0
split_gain=0.165279 0.600346 1.30474 0.932564
threshold=1.4142135623731036 0.80363337012575897 0.44158881833342051 0.65000000000000013
decision_type=2 2 2 2
left_child=1 2 -1 -3
right_child=-2 3 -4 -5
leaf_value=-0.0001011336438342608 0.0011680536619287426 -0.0045824211904340805 0.0045727252089861961 -0.00025795084616861695
leaf_weight=1341 274 165 163 470
leaf_count=1341 274 165 163 470
internal_value=2.33419e-05 -0.000125675 0.000418881 -0.00140865
internal_weight=2413 2139 1504 635
internal_count=2413 2139 1504 635
is_linear=0
shrinkage=0.05


Tree=280
num_leaves=6
num_cat=0
split_feature=0 3 3 3 3
split_gain=0.174568 0.703181 0.557265 1.08216 0.526754
threshold=0.67000000000000015 -0.5298741076318686 1.1005618538824342 -0.44721359549995776 1.219936756777481
decision_type=2 2 2 2 2
left_child=2 -2 3 -1 -3
right_child=1 4 -4 -5 -6
leaf_value=0.0010969937561212703 -0.0033822513859512967 0.0010557805943604186 0.0028638564173247994 -0.0018839699433148274 -0.0017131309137554615
leaf_weight=810 169 513 188 481 252
leaf_count=810 169 513 188 481 252
internal_value=2.03775e-05 -0.000513197 0.000357928 -1.66354e-05 0.000138467
internal_weight=2413 934 1479 1291 765
internal_count=2413 934 1479 1291 765
is_linear=0
shrinkage=0.05


Tree=281
num_leaves=5
num_cat=0
split_feature=1 12 1 7
split_gain=0.167901 0.846072 0.568001 0.691425
threshold=1.3045116532900523 0.18970239214793053 1.0894086086323238 -0.80052797093955153
decision_type=2 2 2 2
left_child=2 -2 3 -1
right_child=1 -3 -4 -5
leaf_value=-0.0021780512966896068 -0.00094810169059800654 0.0034011735829224312 -0.0028899219866368436 0.00050995002775607945
leaf_weight=279 262 188 171 1513
leaf_count=279 262 188 171 1513
internal_value=2.07587e-05 0.000886337 -0.000179415 8.6554e-05
internal_weight=2413 450 1963 1792
internal_count=2413 450 1963 1792
is_linear=0
shrinkage=0.05


Tree=282
num_leaves=4
num_cat=0
split_feature=9 4 8
split_gain=0.172325 0.240823 0.408512
threshold=-1.4888837423899668 0.092449234735482513 0.41150519036440453
decision_type=2 2 2
left_child=-1 2 -2
right_child=1 -3 -4
leaf_value=0.0016344963136080263 -0.0021317647948289301 -0.0018650489245456729 0.00028209043790586042
leaf_weight=150 188 171 1904
leaf_count=150 188 171 1904
internal_value=2.15791e-05 -8.86987e-05 6.06009e-05
internal_weight=2413 2263 2092
internal_count=2413 2263 2092
is_linear=0
shrinkage=0.05


Tree=283
num_leaves=5
num_cat=0
split_feature=4 2 11 4
split_gain=0.171482 0.433508 1.20113 0.987858
threshold=0.07670456708649985 0.070245106199827059 -0.82235098037885024 0.032015621187164243
decision_type=2 2 2 2
left_child=1 3 -3 -1
right_child=-2 2 -4 -5
leaf_value=-0.00033468278217567134 0.0011391348150015497 0.0027279362409071677 -0.0020396170275888722 0.0028877920945852829
leaf_weight=1018 295 162 633 305
leaf_count=1018 295 162 633 305
internal_value=2.02089e-05 -0.000137953 -0.00105714 0.000416291
internal_weight=2413 2118 795 1323
internal_count=2413 2118 795 1323
is_linear=0
shrinkage=0.05


Tree=284
num_leaves=4
num_cat=0
split_feature=13 6 6
split_gain=0.162241 0.347181 0.795049
threshold=0.38486325820360695 4.3609301498315478 4.6182344448732353
decision_type=8 2 2
left_child=1 -1 -3
right_child=-2 2 -4
leaf_value=0.0015190143765362824 0.0014092729001614439 -0.0033078097408422154 5.7903391421501884e-06
leaf_weight=284 189 197 1743
leaf_count=284 189 197 1743
internal_value=2.24723e-05 -9.82777e-05 -0.000338332
internal_weight=2413 2224 1940
internal_count=2413 2224 1940
is_linear=0
shrinkage=0.05


Tree=285
num_leaves=6
num_cat=0
split_feature=3 2 1 0 2
split_gain=0.16238 0.962175 0.816239 0.757465 0.559896
threshold=-0.85733145373534003 0.092243920788360342 -1.0835415160739152 0.25750000000000006 0.08914865471085702
decision_type=2 2 2 2 2
left_child=1 3 -2 -1 -4
right_child=2 -3 4 -5 -6
leaf_value=-0.0011994466755434075 0.0037367663682230977 -0.0034121814186056686 -0.00066661902002308293 0.0026079575889053994 0.0014308275424939764
leaf_weight=278 151 210 1093 238 443
leaf_count=278 151 210 1093 238 443
internal_value=2.17824e-05 -0.000600997 0.000290779 0.000564857 -5.90116e-05
internal_weight=2413 726 1687 516 1536
internal_count=2413 726 1687 516 1536
is_linear=0
shrinkage=0.05


Tree=286
num_leaves=6
num_cat=0
split_feature=0 3 3 3 3
split_gain=0.168133 0.668249 0.506036 1.00192 0.482585
threshold=0.67000000000000015 -0.5298741076318686 1.1005618538824342 -0.44721359549995776 1.219936756777481
decision_type=2 2 2 2 2
left_child=2 -2 3 -1 -3
right_child=1 4 -4 -5 -6
leaf_value=0.0010689189066386217 -0.0032973990224010111 0.0010127571280351228 0.0027423686842516144 -0.0017994067542493983 -0.0016375290343500785
leaf_weight=810 169 513 188 481 252
leaf_count=810 169 513 188 481 252
internal_value=2.3139e-05 -0.000500516 0.000354403 -2.5793e-06 0.000134757
internal_weight=2413 934 1479 1291 765
internal_count=2413 934 1479 1291 765
is_linear=0
shrinkage=0.05


Tree=287
num_leaves=5
num_cat=0
split_feature=9 4 5 5
split_gain=0.157799 0.25918 0.635244 0.634169
threshold=-1.4888837423899668 0.022776083947860789 -0.070000000000000007 0.047499999999999994
decision_type=2 2 2 2
left_child=-1 3 -3 -2
right_child=1 2 -4 -5
leaf_value=0.0015669212257489564 -0.00033853098028043742 0.00089800242689295053 -0.0014836009092449184 0.0022667361623676056
leaf_weight=150 743 444 741 335
leaf_count=150 743 444 741 335
internal_value=2.34817e-05 -8.20521e-05 -0.00059123 0.000477811
internal_weight=2413 2263 1185 1078
internal_count=2413 2263 1185 1078
is_linear=0
shrinkage=0.05


Tree=288
num_leaves=4
num_cat=0
split_feature=6 12 1
split_gain=0.158706 0.313785 0.671921
threshold=4.1281816745603477 0.91963761406741706 1.6918398509280037
decision_type=2 2 2
left_child=-1 2 -2
right_child=1 -3 -4
leaf_value=-0.0013766831186734498 0.00065369991350420131 -0.0014170299695110337 -0.0025848928213070559
leaf_weight=182 1782 278 171
leaf_count=182 1782 278 171
internal_value=2.26474e-05 0.000139625 0.00036426
internal_weight=2413 2231 1953
internal_count=2413 2231 1953
is_linear=0
shrinkage=0.05


Tree=289
num_leaves=5
num_cat=0
split_feature=1 12 1 7
split_gain=0.174149 0.773973 0.528599 0.649182
threshold=1.3045116532900523 0.18970239214793053 1.0894086086323238 -0.80052797093955153
decision_type=2 2 2 2
left_child=2 -2 3 -1
right_child=1 -3 -4 -5
leaf_value=-0.0021204017061419609 -0.00085264777442900822 0.0033076961078651497 -0.0027974970234936336 0.00048418705723855728
leaf_weight=279 262 188 171 1513
leaf_count=279 262 188 171 1513
internal_value=2.11624e-05 0.0009027 -0.000182702 7.3902e-05
internal_weight=2413 450 1963 1792
internal_count=2413 450 1963 1792
is_linear=0
shrinkage=0.05


Tree=290
num_leaves=6
num_cat=0
split_feature=3 4 1 0 2
split_gain=0.164563 0.92801 0.734055 0.596708 0.523306
threshold=-0.85733145373534003 0.05165994579942957 -1.0835415160739152 0.25750000000000006 0.08914865471085702
decision_type=2 2 2 2 2
left_child=1 3 -2 -1 -4
right_child=2 -3 4 -5 -6
leaf_value=-0.00086115780598597271 0.0035605894262866616 -0.0034026101242609639 -0.0006265511471189193 0.0025597159977606282 0.0014011964923546269
leaf_weight=311 151 206 1093 209 443
leaf_count=311 151 206 1093 209 443
internal_value=2.18931e-05 -0.000605058 0.000292692 0.000525054 -3.90767e-05
internal_weight=2413 726 1687 520 1536
internal_count=2413 726 1687 520 1536
is_linear=0
shrinkage=0.05


Tree=291
num_leaves=5
num_cat=0
split_feature=4 5 5 0
split_gain=0.164227 0.430146 0.87881 0.657022
threshold=0.07670456708649985 0.17999999999999999 0.070000000000000034 0.84000000000000008
decision_type=2 2 2 2
left_child=1 2 -1 -3
right_child=-2 3 -4 -5
leaf_value=-0.00037488541802067383 0.0011172751829338571 -0.0040741824936873705 0.0024052528401380985 0.00044454857646686411
leaf_weight=1455 295 156 348 159
leaf_count=1455 295 156 348 159
internal_value=2.22774e-05 -0.000132509 0.000166881 -0.00182199
internal_weight=2413 2118 1803 315
internal_count=2413 2118 1803 315
is_linear=0
shrinkage=0.05


Tree=292
num_leaves=6
num_cat=0
split_feature=0 3 3 1 3
split_gain=0.166602 0.641772 0.477415 0.954655 0.467779
threshold=0.67000000000000015 -0.44721359549995776 1.1005618538824342 0.67526520063058748 0.88354126179274883
decision_type=2 2 2 2 2
left_child=2 -2 3 -1 -3
right_child=1 4 -4 -5 -6
leaf_value=0.00051075275092909425 -0.0031575862386027265 0.0015684918682781269 0.0026697916849733484 -0.0036133471949870003 -0.00092868388107394798
leaf_weight=1136 178 323 188 155 433
leaf_count=1136 178 323 188 155 433
internal_value=2.05817e-05 -0.000500678 0.000350339 3.57511e-06 0.000141527
internal_weight=2413 934 1479 1291 756
internal_count=2413 934 1479 1291 756
is_linear=0
shrinkage=0.05


Tree=293
num_leaves=4
num_cat=0
split_feature=5 5 7
split_gain=0.164198 0.526119 0.542682
threshold=0.23250000000000007 0.16750000000000001 0.8100804869084216
decision_type=2 2 2
left_child=1 2 -1
right_child=-2 -3 -4
leaf_value=0.00041355826202946238 0.0011326941161588703 -0.0028524726268564916 -0.0020579746591501331
leaf_weight=1717 287 159 250
leaf_count=1717 287 159 250
internal_value=2.08044e-05 -0.000131601 9.50121e-05
internal_weight=2413 2126 1967
internal_count=2413 2126 1967
is_linear=0
shrinkage=0.05


Tree=294
num_leaves=5
num_cat=0
split_feature=1 3 3 1
split_gain=0.157106 0.72924 0.503445 0.743764
threshold=1.3045116532900523 1.4100517957222196 1.3477172530791972 0.97556225955419451
decision_type=2 2 2 2
left_child=2 -2 3 -1
right_child=1 -3 -4 -5
leaf_value=0.00044324897618777637 -0.00060852749233405729 0.003575502776220674 -0.0027756366000411458 -0.0026897664552792736
leaf_weight=1588 295 155 165 210
leaf_count=1588 295 155 165 210
internal_value=1.88006e-05 0.000856093 -0.000174828 7.08796e-05
internal_weight=2413 450 1963 1798
internal_count=2413 450 1963 1798
is_linear=0
shrinkage=0.05


Tree=295
num_leaves=5
num_cat=0
split_feature=12 7 4 3
split_gain=0.154365 0.870091 0.574037 0.427266
threshold=0.84638686722834755 -0.13510325066366186 0.089368387270523805 1.5075567228888187
decision_type=2 2 2 2
left_child=2 -2 3 -1
right_child=1 -3 -4 -5
leaf_value=0.00032271231672813592 0.0034488331778438127 -0.0011072311452802472 -0.0029710284799538151 -0.0024043854720487146
leaf_weight=1682 181 236 162 152
leaf_count=1682 181 236 162 152
internal_value=1.87782e-05 0.000887773 -0.000164535 9.07706e-05
internal_weight=2413 417 1996 1834
internal_count=2413 417 1996 1834
is_linear=0
shrinkage=0.05


Tree=296
num_leaves=5
num_cat=0
split_feature=4 8 11 3
split_gain=0.162535 0.415893 0.876025 0.579218
threshold=0.07670456708649985 0.52772730251460442 0.84627065865205453 1.3477172530791972
decision_type=2 2 2 2
left_child=1 2 -1 -3
right_child=-2 3 -4 -5
leaf_value=-8.6193724988219733e-05 0.0011070701175679763 -0.00024728395257288195 0.004068704399276298 -0.0032616957809552885
leaf_weight=584 295 1198 157 179
leaf_count=584 295 1198 157 179
internal_value=1.77206e-05 -0.000136257 0.000815499 -0.000649519
internal_weight=2413 2118 741 1377
internal_count=2413 2118 741 1377
is_linear=0
shrinkage=0.05


Tree=297
num_leaves=5
num_cat=0
split_feature=3 1 1 0
split_gain=0.17505 0.491482 1.20593 0.792962
threshold=1.4142135623731036 0.80363337012575897 0.44158881833342051 0.65000000000000013
decision_type=2 2 2 2
left_child=1 2 -1 -3
right_child=-2 3 -4 -5
leaf_value=-0.00014160985112355703 0.0011968146279407498 -0.0042219908090363094 0.0043516718596774374 -0.00023436197767793938
leaf_weight=1341 274 165 163 470
leaf_count=1341 274 165 163 470
internal_value=1.87448e-05 -0.000134602 0.000358167 -0.00129541
internal_weight=2413 2139 1504 635
internal_count=2413 2139 1504 635
is_linear=0
shrinkage=0.05


Tree=298
num_leaves=6
num_cat=0
split_feature=1 12 7 9 2
split_gain=0.164295 0.695966 0.477679 0.879651 0.300937
threshold=1.3045116532900523 0.18970239214793053 -0.80052797093955153 -0.98169914294651328 0.055005522439111373
decision_type=2 2 2 2 2
left_child=2 -2 4 -4 -1
right_child=1 -3 3 -5 -6
leaf_value=-0.00038466122108436523 -0.00079236962721981321 0.0031529106111826684 0.0033641339825446568 -0.00025790553570390458 -0.0035356885667379872
leaf_weight=150 262 188 184 1478 151
leaf_count=150 262 188 184 1478 151
internal_value=1.61731e-05 0.000872416 -0.000181831 0.000151978 -0.00199735
internal_weight=2413 450 1963 1662 301
internal_count=2413 450 1963 1662 301
is_linear=0
shrinkage=0.05


Tree=299
num_leaves=6
num_cat=0
split_feature=3 2 0 3 3
split_gain=0.157305 0.871913 0.716687 0.685704 0.489177
threshold=-0.85733145373534003 0.092243920788360342 0.25750000000000006 -0.3943914098672523 0.44339915473745045
decision_type=2 2 2 2 2
left_child=1 2 -1 -2 -5
right_child=3 -3 -4 4 -6
leaf_value=-0.0012019976539110113 0.0025370562490526576 -0.0032722951740711431 0.0025013077041120347 -0.0015587456635059896 0.0004516730696550661
leaf_weight=278 276 210 238 432 979
leaf_count=278 276 210 238 432 979
internal_value=1.66651e-05 -0.000596294 0.000513728 0.000281435 -0.000167179
internal_weight=2413 726 516 1687 1411
internal_count=2413 726 516 1687 1411
is_linear=0
shrinkage=0.05


end of trees

feature_importances:
Column_0=209
Column_6=151
Column_4=138
Column_2=129
Column_3=126
Column_13=99
Column_7=95
Column_9=93
Column_8=78
Column_1=77
Column_12=66
Column_11=58
Column_5=43
Column_10=3

parameters:
[boosting: gbdt]
[objective: huber]
[metric: huber]
[tree_learner: serial]
[device_type: cpu]
[data_sample_strategy: bagging]
[data: ]
[valid: ]
[num_iterations: 300]
[learning_rate: 0.05]
[num_leaves: 7]
[num_threads: 0]
[seed: 0]
[deterministic: 0]
[force_col_wise: 0]
[force_row_wise: 0]
[histogram_pool_size: -1]
[max_depth: 3]
[min_data_in_leaf: 150]
[min_sum_hessian_in_leaf: 0.001]
[bagging_fraction: 0.9]
[pos_bagging_fraction: 1]
[neg_bagging_fraction: 1]
[bagging_freq: 0]
[bagging_seed: 7719]
[bagging_by_query: 0]
[feature_fraction: 0.9]
[feature_fraction_bynode: 1]
[feature_fraction_seed: 2437]
[extra_trees: 0]
[extra_seed: 11797]
[early_stopping_round: 0]
[early_stopping_min_delta: 0]
[first_metric_only: 0]
[max_delta_step: 0]
[lambda_l1: 0]
[lambda_l2: 5]
[linear_lambda: 0]
[min_gain_to_split: 0]
[drop_rate: 0.1]
[max_drop: 50]
[skip_drop: 0.5]
[xgboost_dart_mode: 0]
[uniform_drop: 0]
[drop_seed: 21238]
[top_rate: 0.2]
[other_rate: 0.1]
[min_data_per_group: 100]
[max_cat_threshold: 32]
[cat_l2: 10]
[cat_smooth: 10]
[max_cat_to_onehot: 4]
[top_k: 20]
[monotone_constraints: ]
[monotone_constraints_method: basic]
[monotone_penalty: 0]
[feature_contri: ]
[forcedsplits_filename: ]
[refit_decay_rate: 0.9]
[cegb_tradeoff: 1]
[cegb_penalty_split: 0]
[cegb_penalty_feature_lazy: ]
[cegb_penalty_feature_coupled: ]
[path_smooth: 0]
[interaction_constraints: ]
[verbosity: -1]
[saved_feature_importance_type: 0]
[use_quantized_grad: 0]
[num_grad_quant_bins: 4]
[quant_train_renew_leaf: 0]
[stochastic_rounding: 1]
[linear_tree: 0]
[max_bin: 255]
[max_bin_by_feature: ]
[min_data_in_bin: 3]
[bin_construct_sample_cnt: 200000]
[data_random_seed: 38]
[is_enable_sparse: 1]
[enable_bundle: 1]
[use_missing: 1]
[zero_as_missing: 0]
[feature_pre_filter: 1]
[pre_partition: 0]
[two_round: 0]
[header: 0]
[label_column: ]
[weight_column: ]
[group_column: ]
[ignore_column: ]
[categorical_feature: ]
[forcedbins_filename: ]
[precise_float_parser: 0]
[parser_config_file: ]
[objective_seed: 8855]
[num_class: 1]
[is_unbalance: 0]
[scale_pos_weight: 1]
[sigmoid: 1]
[boost_from_average: 1]
[reg_sqrt: 0]
[alpha: 1]
[fair_c: 1]
[poisson_max_delta_step: 0.7]
[tweedie_variance_power: 1.5]
[lambdarank_truncation_level: 30]
[lambdarank_norm: 1]
[label_gain: ]
[lambdarank_position_bias_regularization: 0]
[eval_at: ]
[multi_error_top_k: 1]
[auc_mu_weights: ]
[num_machines: 1]
[local_listen_port: 12400]
[time_out: 120]
[machine_list_filename: ]
[machines: ]
[gpu_platform_id: -1]
[gpu_device_id: -1]
[gpu_use_dp: 0]
[num_gpu: 1]

end of parameters

pandas_categorical:null
