tree
version=v4
num_class=1
num_tree_per_iteration=1
label_index=0
max_feature_idx=13
objective=huber
feature_names=Column_0 Column_1 Column_2 Column_3 Column_4 Column_5 Column_6 Column_7 Column_8 Column_9 Column_10 Column_11 Column_12 Column_13
feature_infos=[0.014999999999999999:0.98499999999999999] [-3.2206441932644192:3.157430933968004] [0:0.24821410728553595] [-1.7320508075688898:1.7320508075688996] [0:0.17826858248160277] [-0.85000000000000009:0.68000000000000005] [2.4647039424704809:8.7643922743790643] [-0.99853222348764381:0.99985842336633868] [0:0.88108161446904687] [-2.8339639794320037:2.7213008276375952] [0.0099999999999998979:0.12999999999999995] [-0.99996380310153576:0.99996380310153576] [-0.99996380310153576:0.99996380310153576] [-0.67240425809473159:0.5843704362672697]
tree_sizes=674 680 685 678 680 765 682 683 681 683 776 685 777 684 680 777 763 769 765 686 777 766 774 696 769 684 686 692 775 769 779 778 780 771 778 777 693 768 779 693 773 778 772 689 691 771 776 774 699 688 777 690 782 691 777 771 607 691 780 691 692 773 691 687 695 606 691 774 604 600 696 601 685 604 606 695 603 691 590 687 606 604 604 781 590 690 772 606 518 604 518 694 605 775 694 589 603 693 693 603 775 698 602 604 605 777 521 693 606 605 778 520 694 606 610 604 700 778 610 518 779 777 780 606 605 517 780 518 784 781 521 609 774 609 591 606 605 511 780 781 777 521 520 608 696 693 609 519 693 603 609 519 607 699 698 603 606 608 692 612 607 607 692 696 605 521 609 784 519 693 519 608 602 780 610 601 611 784 694 692 518 606 609 604 781 609 784 518 605 607 522 782 607 608 608 520 606 696 519 515 772 692 701 606 516 518 520 519 519 524 772 692 524 700 517 776 520 605 608 786 780 698 776 605 694 780 606 607 779 605 701 605 611 518 520 605 517 780 520 696 608 604 692 607 525 781 698 696 519 604 781 520 519 606 519 696 610 700 607 607 605 695 698 784 604 782 691 607 518 776 605 787 697 522 518 695 608 697 782 519 696 517 604 696 520 522 523 698 525 692 519 693 520 698 523 604 695 609 523 785

Tree=0
num_leaves=6
num_cat=0
split_feature=0 0 2 8 4
split_gain=185.343 12.1907 7.02758 6.27328 1.55351
threshold=0.66000000000000014 0.56750000000000012 0.071289583582039837 0.68180693278425542 0.034164125921791133
decision_type=2 2 2 2 2
left_child=1 2 -1 4 -2
right_child=3 -3 -4 -5 -6
leaf_value=-0.049156257403553512 -0.090202580857207185 -0.064354900901800752 -0.056908658208504589 -0.075095042974417381 -0.0809763452970724
leaf_weight=859 367 221 438 162 153
leaf_count=859 367 221 438 162 153
internal_value=-0.0633829 -0.053633 -0.0517743 -0.0849312 -0.0877681
internal_weight=2200 1518 1297 682 520
internal_count=2200 1518 1297 682 520
is_linear=0
shrinkage=1


Tree=1
num_leaves=6
num_cat=0
split_feature=0 0 2 8 4
split_gain=170.03 11.3939 6.3941 5.56987 1.30702
threshold=0.66000000000000014 0.56750000000000012 0.071527843323215531 0.68180693278425542 0.034164125921791133
decision_type=2 2 2 2 2
left_child=1 2 -1 4 -2
right_child=3 -3 -4 -5 -6
leaf_value=0.004859009076380867 -0.034354027176416051 -0.0097750838878935421 -0.002560623327709172 -0.020078948550595496 -0.025671165577972995
leaf_weight=865 367 221 432 162 153
leaf_count=865 367 221 432 162 153
internal_value=-0.00874819 0.000590398 0.00238736 -0.0293871 -0.0320681
internal_weight=2200 1518 1297 682 520
internal_count=2200 1518 1297 682 520
is_linear=0
shrinkage=0.05


Tree=2
num_leaves=6
num_cat=0
split_feature=0 0 2 4 0
split_gain=155.982 10.6497 5.82392 3.68832 0.459746
threshold=0.66000000000000014 0.56750000000000012 0.071289583582039837 0.035707142142714303 0.85750000000000004
decision_type=2 2 2 2 2
left_child=1 2 -1 4 -2
right_child=3 -3 -4 -5 -6
leaf_value=0.0046630485483479724 -0.028017115511430435 -0.0094788031372348824 -0.0023943149259747017 -0.021174632647249961 -0.035289069399776232
leaf_weight=859 324 221 438 197 161
leaf_count=859 324 221 438 197 161
internal_value=-0.00840223 0.000542339 0.00227972 -0.0281701 -0.0307666
internal_weight=2200 1518 1297 682 485
internal_count=2200 1518 1297 682 485
is_linear=0
shrinkage=0.05


Tree=3
num_leaves=6
num_cat=0
split_feature=0 0 2 8 6
split_gain=143.159 9.95507 5.2989 4.78325 1.29777
threshold=0.66000000000000014 0.56750000000000012 0.071289583582039837 0.68180693278425542 6.9904774396613423
decision_type=2 2 2 2 2
left_child=1 2 -1 4 -2
right_child=3 -3 -4 -5 -6
leaf_value=0.004450404828121127 -0.031851586046513551 -0.0091915029999429156 -0.002281355000107337 -0.018401827765796002 -0.023813226322333018
leaf_weight=859 351 221 438 162 169
leaf_count=859 351 221 438 162 169
internal_value=-0.0080719 0.000497196 0.00217704 -0.0270099 -0.0294908
internal_weight=2200 1518 1297 682 520
internal_count=2200 1518 1297 682 520
is_linear=0
shrinkage=0.05


Tree=4
num_leaves=6
num_cat=0
split_feature=0 0 2 8 6
split_gain=131.31 9.30248 4.82037 4.24538 1.10182
threshold=0.66000000000000014 0.56750000000000012 0.071527843323215531 0.68180693278425542 6.9904774396613423
decision_type=2 2 2 2 2
left_child=1 2 -1 4 -2
right_child=3 -3 -4 -5 -6
leaf_value=0.0042226942530137366 -0.030455842287687773 -0.0089129106792728459 -0.002219507344561529 -0.017746194715271453 -0.022882594339463904
leaf_weight=865 351 221 432 162 169
leaf_count=865 351 221 432 162 169
internal_value=-0.00775418 0.000452726 0.00207667 -0.0258915 -0.0282359
internal_weight=2200 1518 1297 682 520
internal_count=2200 1518 1297 682 520
is_linear=0
shrinkage=0.05


Tree=5
num_leaves=7
num_cat=0
split_feature=0 13 0 4 8 6
split_gain=120.54 7.29308 4.26707 4.93073 3.384 0.220221
threshold=0.64750000000000008 -0.14194722301022542 0.7875000000000002 0.024843258642939754 0.49098576581049852 6.89514105299381
decision_type=2 8 2 2 2 2
left_child=1 -1 3 -2 -3 -4
right_child=2 4 5 -5 -6 -7
leaf_value=-0.0066403715440662954 -0.026835563494141696 0.0089828137996973405 -0.031321735094435775 -0.014281527308103082 0.0012729625669220146 -0.024147398872945296
leaf_weight=274 152 160 196 209 1055 154
leaf_count=274 152 160 196 209 1055 154
internal_value=-0.00744929 0.000655181 -0.024308 -0.0198618 0.00232091 -0.0285496
internal_weight=2200 1489 711 361 1215 350
internal_count=2200 1489 711 361 1215 350
is_linear=0
shrinkage=0.05


Tree=6
num_leaves=6
num_cat=0
split_feature=0 0 7 8 12
split_gain=110.798 6.89478 4.63379 4.08294 2.37646
threshold=0.64750000000000008 0.56750000000000012 -0.65982615741561257 0.68180693278425542 -0.44227268074018949
decision_type=2 2 2 2 2
left_child=1 2 -1 4 -2
right_child=3 -3 -4 -5 -6
leaf_value=0.0073241599878064948 -0.019882591351866721 -0.0080947198238469614 0.00028776573082367024 -0.015616281046343678 -0.028357142598365588
leaf_weight=301 195 192 996 168 348
leaf_count=301 195 192 996 168 348
internal_value=-0.0071445 0.00062556 0.00194259 -0.0233076 -0.025523
internal_weight=2200 1489 1297 711 543
internal_count=2200 1489 1297 711 543
is_linear=0
shrinkage=0.05


Tree=7
num_leaves=6
num_cat=0
split_feature=0 0 2 8 4
split_gain=101.829 7.82276 4.35722 3.20842 0.889301
threshold=0.66000000000000014 0.56750000000000012 0.071527843323215531 0.68180693278425542 0.034164125921791133
decision_type=2 2 2 2 2
left_child=1 2 -1 4 -2
right_child=3 -3 -4 -5 -6
leaf_value=0.0038926573004573585 -0.026703938713637732 -0.008225570632293162 -0.0022315839181912028 -0.015728902156481487 -0.019797906845430785
leaf_weight=865 367 221 432 162 153
leaf_count=865 367 221 432 162 153
internal_value=-0.0068645 0.000362725 0.00185208 -0.0228365 -0.0248799
internal_weight=2200 1518 1297 682 520
internal_count=2200 1518 1297 682 520
is_linear=0
shrinkage=0.05


Tree=8
num_leaves=6
num_cat=0
split_feature=0 13 6 8 0
split_gain=93.3915 7.52797 2.97399 2.84242 0.892641
threshold=0.66000000000000014 -0.15197043850386163 6.4388149874952516 0.68180693278425542 0.87000000000000011
decision_type=2 8 2 2 2
left_child=1 -1 -3 4 -2
right_child=3 2 -4 -5 -6
leaf_value=-0.0073015752147311125 -0.02160402612890152 -0.0015110309892112303 0.0036423668925855178 -0.015168501231484785 -0.02837171311943959
leaf_weight=262 369 415 841 162 151
leaf_count=262 369 415 841 162 151
internal_value=-0.0065949 0.000326519 0.00194037 -0.0218909 -0.0238207
internal_weight=2200 1518 1256 682 520
internal_count=2200 1518 1256 682 520
is_linear=0
shrinkage=0.05


Tree=9
num_leaves=6
num_cat=0
split_feature=0 0 7 0 4
split_gain=85.9084 5.92291 4.11886 3.33434 3.99579
threshold=0.64750000000000008 0.56750000000000012 -0.65982615741561257 0.7875000000000002 0.024843258642939754
decision_type=2 2 2 2 2
left_child=1 2 -1 4 -2
right_child=3 -3 -4 -5 -6
leaf_value=0.0068116252669711526 -0.022903874573434235 -0.0075650042234943612 0.00017823207003253322 -0.024277403161559311 -0.011703888876972914
leaf_weight=301 152 192 996 350 209
leaf_count=301 152 192 996 350 209
internal_value=-0.00632497 0.000517043 0.00173792 -0.0205573 -0.0166681
internal_weight=2200 1489 1297 711 361
internal_count=2200 1489 1297 711 361
is_linear=0
shrinkage=0.05


Tree=10
num_leaves=7
num_cat=0
split_feature=0 13 13 4 5 11
split_gain=78.7924 5.72007 3.21987 5.823 3.19659 2.36814
threshold=0.64750000000000008 -0.14194722301022542 -0.083248584671774539 0.024843258642939754 -0.049999999999999906 0.11970340714850503
decision_type=2 8 8 2 2 2
left_child=1 -1 5 -4 -3 -2
right_child=2 4 3 -5 -6 -7
leaf_value=-0.0059842069576557825 -0.018019862902366509 -0.00031902232387657597 -0.021885596707309645 -0.0087801664045878813 0.0048335839483582286 -0.027772328370326279
leaf_weight=274 172 682 189 170 533 180
leaf_count=274 172 682 189 170 533 180
internal_value=-0.0060762 0.000476376 -0.0197063 -0.0158855 0.00195189 -0.023326
internal_weight=2200 1489 711 359 1215 352
internal_count=2200 1489 711 359 1215 352
is_linear=0
shrinkage=0.05


Tree=11
num_leaves=6
num_cat=0
split_feature=0 0 2 8 0
split_gain=72.4475 6.57664 3.89489 2.39409 0.709415
threshold=0.66000000000000014 0.56750000000000012 0.071289583582039837 0.68001285129558886 0.78000000000000014
decision_type=2 2 2 2 2
left_child=1 2 -1 4 -2
right_child=3 -3 -4 -5 -6
leaf_value=0.0035904117217459893 -0.017672775229355238 -0.0075992557327304276 -0.0021798539200364605 -0.013303859913071923 -0.023243429548669571
leaf_weight=859 217 221 438 167 298
leaf_count=859 217 221 438 167 298
internal_value=-0.00582103 0.000275121 0.00164089 -0.0192931 -0.0210887
internal_weight=2200 1518 1297 682 515
internal_count=2200 1518 1297 682 515
is_linear=0
shrinkage=0.05


Tree=12
num_leaves=7
num_cat=0
split_feature=0 13 8 13 4 11
split_gain=66.4558 5.19086 3.05593 2.85539 5.13796 2.08697
threshold=0.64750000000000008 -0.14194722301022542 0.49098576581049852 -0.083248584671774539 0.024843258642939754 0.11970340714850503
decision_type=2 8 2 8 2 2
left_child=1 -1 -3 5 -5 -2
right_child=3 2 -4 4 -6 -7
leaf_value=-0.0057293306241699878 -0.016556107997894288 0.0081598587971970903 0.00083686477258660883 -0.020161038514265081 -0.0078756618329456889 -0.025660580815495673
leaf_weight=274 172 160 1055 189 170 180
leaf_count=274 172 160 1055 189 170 180
internal_value=-0.00559281 0.000425013 0.0018307 -0.0181105 -0.0145315 -0.021506
internal_weight=2200 1489 1215 711 359 352
internal_count=2200 1489 1215 711 359 352
is_linear=0
shrinkage=0.05


Tree=13
num_leaves=6
num_cat=0
split_feature=0 0 7 8 2
split_gain=61.1116 5.98455 3.60903 2.10613 0.76568
threshold=0.66000000000000014 0.56750000000000012 -0.65982615741561257 0.68180693278425542 0.041699986677322692
decision_type=2 2 2 2 2
left_child=1 2 -1 4 -2
right_child=3 -3 -4 -5 -6
leaf_value=0.0062913122647776714 -0.023110599833584967 -0.007272370832156292 8.2475091233015905e-05 -0.012036263621495871 -0.017375854143450931
leaf_weight=301 163 221 996 162 357
leaf_count=301 163 221 996 162 357
internal_value=-0.00535989 0.000239096 0.00154201 -0.0177332 -0.0193765
internal_weight=2200 1518 1297 682 520
internal_count=2200 1518 1297 682 520
is_linear=0
shrinkage=0.05


Tree=14
num_leaves=6
num_cat=0
split_feature=0 0 2 8 3
split_gain=56.0664 5.6009 3.54704 1.90804 1.11382
threshold=0.66000000000000014 0.56750000000000012 0.072584954123317488 0.65829732513021633 0.90453403373329133
decision_type=2 2 2 2 2
left_child=1 2 -1 4 -2
right_child=3 -3 -4 -5 -6
leaf_value=0.0032598891904837713 -0.021580486753141018 -0.0070519473832265471 -0.0023247149988546577 -0.0128195444702125 -0.01513270327919408
leaf_weight=883 258 221 414 239 185
leaf_count=883 258 221 414 239 185
internal_value=-0.00514824 0.000214699 0.00147521 -0.0169998 -0.0190868
internal_weight=2200 1518 1297 682 443
internal_count=2200 1518 1297 682 443
is_linear=0
shrinkage=0.05


Tree=15
num_leaves=7
num_cat=0
split_feature=0 13 8 13 4 11
split_gain=51.4557 4.60949 2.58756 2.55811 4.43086 1.8442
threshold=0.64750000000000008 -0.15197043850386163 0.49098576581049852 -0.083248584671774539 0.024843258642939754 0.11970340714850503
decision_type=2 8 2 8 2 2
left_child=1 -1 -3 5 -5 -2
right_child=3 2 -4 4 -6 -7
leaf_value=-0.0057457695182427364 -0.014571192961628156 0.0074224510453136487 0.00071101955234639141 -0.017834823048606362 -0.0064798449618475784 -0.022993743983474937
leaf_weight=252 172 161 1076 189 170 180
leaf_count=252 172 161 1076 189 170 180
internal_value=-0.00494458 0.000350787 0.0016109 -0.0159593 -0.0126207 -0.0191399
internal_weight=2200 1489 1237 711 359 352
internal_count=2200 1489 1237 711 359 352
is_linear=0
shrinkage=0.05


Tree=16
num_leaves=7
num_cat=0
split_feature=0 1 3 7 6 5
split_gain=47.441 6.8988 3.95627 3.28042 4.4346 2.07151
threshold=0.56750000000000012 1.6398856821121541 0.29245242951174844 -0.65982615741561257 6.7463826589524745 -0.080000000000000016
decision_type=2 2 2 2 2 2
left_child=3 2 -2 5 -5 -1
right_child=1 -3 -4 4 -6 -7
leaf_value=0.0016934539072024518 -0.011395809230174912 -0.0040374321242173513 -0.019096680704107138 0.0030944681256415123 -0.0035619913640519809 0.0099897686007522773
leaf_weight=151 351 163 389 534 462 150
leaf_count=151 351 163 389 534 462 150
internal_value=-0.0047357 -0.0135014 -0.015545 0.00139559 4.46389e-06 0.00592351
internal_weight=2200 903 740 1297 996 301
internal_count=2200 903 740 1297 996 301
is_linear=0
shrinkage=0.05


Tree=17
num_leaves=7
num_cat=0
split_feature=0 13 6 0 4 6
split_gain=44.0315 4.84704 2.68794 1.76753 1.43024 0.479758
threshold=0.66000000000000014 -0.15197043850386163 6.4388149874952516 0.7875000000000002 0.025980762113533177 6.89514105299381
decision_type=2 8 2 2 2 2
left_child=1 -1 -3 4 -2 -5
right_child=3 2 -4 5 -6 -7
leaf_value=-0.0059110780208186716 -0.015723246679856227 -0.0017737331613898279 0.0031235000462870965 -0.019903784901348514 -0.0086132773148116255 -0.014345040608127163
leaf_weight=262 151 415 841 196 181 154
leaf_count=262 151 415 841 196 181 154
internal_value=-0.00454293 0.000209623 0.00150477 -0.0150457 -0.0120323 -0.0176944
internal_weight=2200 1518 1256 682 332 350
internal_count=2200 1518 1256 682 332 350
is_linear=0
shrinkage=0.05


Tree=18
num_leaves=7
num_cat=0
split_feature=0 1 3 2 2 0
split_gain=40.7578 6.25027 3.44527 3.22062 3.73908 2.6343
threshold=0.56750000000000012 1.6398856821121541 0.29245242951174844 0.071527843323215531 0.058526465321494532 0.27000000000000007
decision_type=2 2 2 2 2 2
left_child=3 2 -2 4 -1 -5
right_child=1 -3 -4 5 -6 -7
leaf_value=0.0012692682755547804 -0.010555872279271652 -0.0034872391571601235 -0.017737876691945317 0.0027811838690901085 0.0090454680324154029 -0.0051851486692028326
leaf_weight=668 351 163 389 163 197 269
leaf_count=668 351 163 389 163 197 269
internal_value=-0.00435581 -0.0124807 -0.014425 0.00132712 0.00308207 -0.0021819
internal_weight=2200 903 740 1297 865 432
internal_count=2200 903 740 1297 865 432
is_linear=0
shrinkage=0.05


Tree=19
num_leaves=6
num_cat=0
split_feature=0 13 6 8 12
split_gain=37.5945 4.32814 2.41017 1.58289 1.10133
threshold=0.66000000000000014 -0.15197043850386163 6.4388149874952516 0.68001285129558886 -0.44227268074018949
decision_type=2 8 2 2 2
left_child=1 -1 -3 4 -2
right_child=3 2 -4 -5 -6
leaf_value=-0.0055755572463298559 -0.01150269355365937 -0.0016724324323946522 0.0029649055598415966 -0.0091538423888905106 -0.017205709778874586
leaf_weight=262 182 415 841 167 333
leaf_count=262 182 415 841 167 333
internal_value=-0.00418312 0.000208283 0.00143211 -0.0138879 -0.0153203
internal_weight=2200 1518 1256 682 515
internal_count=2200 1518 1256 682 515
is_linear=0
shrinkage=0.05


Tree=20
num_leaves=7
num_cat=0
split_feature=0 13 4 11 5 8
split_gain=34.9715 4.64294 8.23663 4.17122 3.14646 5.50329
threshold=0.56750000000000012 -0.083248584671774539 0.021650635094610949 0.13899306275373821 -0.070000000000000007 0.64621365604066749
decision_type=2 10 2 2 2 2
left_child=4 3 -3 -2 -1 -6
right_child=1 2 -4 -5 5 -7
leaf_value=-0.0011329000924380406 -0.010137502721832316 -0.015341844923537355 -0.00072172524424286583 -0.019496954710987526 -7.9501603621246394e-05 0.0094019362746283076
leaf_weight=668 276 169 217 241 376 253
leaf_count=668 276 169 217 241 376 253
internal_value=-0.00400981 -0.0115359 -0.00723709 -0.0146454 0.0012542 0.00377825
internal_weight=2200 903 386 517 1297 629
internal_count=2200 903 386 517 1297 629
is_linear=0
shrinkage=0.05


Tree=21
num_leaves=7
num_cat=0
split_feature=0 1 3 7 6 5
split_gain=32.2027 5.52978 2.97339 2.9216 4.28143 2.62097
threshold=0.56750000000000012 1.6398856821121541 0.29245242951174844 -0.616469527165039 6.7463826589524745 -0.070000000000000007
decision_type=2 2 2 2 2 2
left_child=3 2 -2 5 -5 -1
right_child=1 -3 -4 4 -6 -7
leaf_value=0.00090456299410112166 -0.0093105023705892364 -0.0026266455739026983 -0.015955641067723941 0.00292420479536164 -0.0037094884481753835 0.0097821216670327758
leaf_weight=172 351 163 389 515 452 158
leaf_count=172 351 163 389 515 452 158
internal_value=-0.00383782 -0.0110598 -0.0128873 0.00121347 -0.000179681 0.00523759
internal_weight=2200 903 740 1297 967 330
internal_count=2200 903 740 1297 967 330
is_linear=0
shrinkage=0.05


Tree=22
num_leaves=7
num_cat=0
split_feature=0 13 5 0 4 6
split_gain=29.7855 3.80035 2.90502 1.47545 1.09234 0.451697
threshold=0.66000000000000014 -0.14194722301022542 -0.049999999999999906 0.7875000000000002 0.025980762113533177 6.89514105299381
decision_type=2 8 2 2 2 2
left_child=1 -1 -3 4 -2 -5
right_child=3 2 -4 5 -6 -7
leaf_value=-0.0049350322427221651 -0.012821600003502307 -0.00074343193962450951 0.0041206809384790296 -0.016689261171355177 -0.0066920571189413788 -0.011717551243755054
leaf_weight=284 151 684 550 196 181 154
leaf_count=284 151 684 550 196 181 154
internal_value=-0.00367982 0.000228844 0.00143241 -0.0123181 -0.00962876 -0.0146976
internal_weight=2200 1518 1234 682 332 350
internal_count=2200 1518 1234 682 332 350
is_linear=0
shrinkage=0.05


Tree=23
num_leaves=6
num_cat=0
split_feature=13 4 1 3 11
split_gain=10.8545 6.97962 5.20522 5.15513 0.769363
threshold=-0.15197043850386163 0.059345381511856483 -0.21644001556174428 0.29245242951174844 -0.052299644979220287
decision_type=8 2 2 2 2
left_child=2 3 -1 -2 -4
right_child=1 -3 4 -5 -6
leaf_value=-0.0019279926896664749 -0.00028492530058395578 0.0068705211960992151 -0.0096371369377809511 -0.0062860283398014655 -0.015105116244864792
leaf_weight=152 863 210 154 607 214
leaf_count=152 863 210 154 607 214
internal_value=-0.00351938 -0.00155324 -0.00979623 -0.00277584 -0.0129767
internal_weight=2200 1680 520 1470 368
internal_count=2200 1680 520 1470 368
is_linear=0
shrinkage=0.05


Tree=24
num_leaves=7
num_cat=0
split_feature=0 1 2 7 3 0
split_gain=27.0143 5.05248 2.91557 3.22669 2.41646 2.18787
threshold=0.56750000000000012 1.6398856821121541 0.072584954123317488 -0.65982615741561257 0.29245242951174844 0.27000000000000007
decision_type=2 2 2 2 2 2
left_child=2 4 3 -1 -2 -4
right_child=1 -3 5 -5 -6 -7
leaf_value=0.0084666438580024983 -0.0085027751711647167 -0.0019455591482775555 0.0023689774364778183 0.0012390290820886466 -0.014499207899957746 -0.0050218492287855887
leaf_weight=195 351 163 159 688 389 255
leaf_count=195 351 163 159 688 389 255
internal_value=-0.0033704 -0.00998516 0.00125561 0.00287385 -0.0117311 -0.00218895
internal_weight=2200 903 1297 883 740 414
internal_count=2200 903 1297 883 740 414
is_linear=0
shrinkage=0.05


Tree=25
num_leaves=6
num_cat=0
split_feature=0 1 13 5 11
split_gain=24.9073 4.63566 2.76225 3.87975 2.20893
threshold=0.56750000000000012 1.6398856821121541 0.2609550578061246 -0.067499999999999963 -0.74603315798932068
decision_type=2 2 8 2 2
left_child=2 4 3 -1 -2
right_child=1 -3 -4 -5 -6
leaf_value=-0.0029855418115455126 -0.0060667824728528885 -0.0018830233563979467 0.0058083296827062024 0.003090226903408164 -0.01278546154499054
leaf_weight=520 174 163 256 521 566
leaf_count=520 174 163 256 521 566
internal_value=-0.00323301 -0.00958458 0.00120893 5.5497e-05 -0.011257
internal_weight=2200 903 1297 1041 740
internal_count=2200 903 1297 1041 740
is_linear=0
shrinkage=0.05


Tree=26
num_leaves=6
num_cat=0
split_feature=0 1 13 5 3
split_gain=22.9742 4.25383 2.51611 3.55319 2.14409
threshold=0.56750000000000012 1.6398856821121541 0.2609550578061246 -0.067499999999999963 0.29245242951174844
decision_type=2 2 8 2 2
left_child=2 4 3 -1 -2
right_child=1 -3 -4 -5 -6
leaf_value=-0.0028457691763039859 -0.0077702132754781279 -0.0018224975094199181 0.0055551327803793054 0.0029686829845306816 -0.013405871947253418
leaf_weight=520 351 163 256 521 389
leaf_count=520 351 163 256 521 389
internal_value=-0.00310064 -0.00920076 0.00116543 6.45301e-05 -0.0108028
internal_weight=2200 903 1297 1041 740
internal_count=2200 903 1297 1041 740
is_linear=0
shrinkage=0.05


Tree=27
num_leaves=6
num_cat=0
split_feature=13 4 1 8 11
split_gain=8.89306 6.243 4.40221 3.85742 0.613686
threshold=-0.15197043850386163 0.057357013574566303 -0.21644001556174428 0.65504132574206941 -0.052299644979220287
decision_type=8 2 2 2 2
left_child=2 3 -1 -2 -4
right_child=1 -3 4 -5 -6
leaf_value=-0.0014308610539527456 -0.0041987339765750505 0.0064682559847183858 -0.0085962152471707309 0.0012584845935964168 -0.013478240016932902
leaf_weight=152 974 225 154 481 214
leaf_count=152 974 225 154 481 214
internal_value=-0.00297252 -0.00119361 -0.00865367 -0.00239653 -0.0115778
internal_weight=2200 1680 520 1455 368
internal_count=2200 1680 520 1455 368
is_linear=0
shrinkage=0.05


Tree=28
num_leaves=7
num_cat=0
split_feature=0 9 0 2 8 3
split_gain=20.8298 3.10574 4.13389 3.14569 1.22554 1.02821
threshold=0.66000000000000014 -0.86428271940716439 0.56750000000000012 0.066382205150649007 0.65829732513021633 0.90453403373329133
decision_type=2 2 2 2 2 2
left_child=1 3 -3 -1 5 -2
right_child=4 2 -4 -5 -6 -7
leaf_value=0.008306947843488564 -0.013813213397794805 0.00037485031071410053 -0.0081467078572296237 -0.0010680840446207769 -0.0069158460212046984 -0.0083905447627368717
leaf_weight=211 258 995 161 151 239 185
leaf_count=211 258 995 161 151 239 185
internal_value=-0.00284098 0.000426905 -0.000841949 0.00443509 -0.0100648 -0.0116676
internal_weight=2200 1518 1156 362 682 443
internal_count=2200 1518 1156 362 682 443
is_linear=0
shrinkage=0.05


Tree=29
num_leaves=7
num_cat=0
split_feature=0 9 0 2 4 6
split_gain=19.143 3.24237 4.62287 3.59277 1.10687 0.74283
threshold=0.68750000000000011 -0.86428271940716439 0.56750000000000012 0.0667986959905673 0.035707142142714303 6.5926608985444268
decision_type=2 2 2 2 2 2
left_child=1 3 -3 -1 5 -2
right_child=4 2 -4 -5 -6 -7
leaf_value=0.0082027072381814902 -0.01444075684561286 0.00035854661025077803 -0.0076342613179219802 -0.0015913291155924031 -0.0064028638671016136 -0.0095868844406824597
leaf_weight=222 167 995 216 157 166 277
leaf_count=222 167 995 216 157 166 277
internal_value=-0.00272408 0.000172786 -0.00109262 0.00417765 -0.010215 -0.011553
internal_weight=2200 1590 1211 379 610 444
internal_count=2200 1590 1211 379 610 444
is_linear=0
shrinkage=0.05


Tree=30
num_leaves=7
num_cat=0
split_feature=0 13 0 5 4 6
split_gain=17.5667 3.14846 5.22126 2.71303 0.993811 0.664535
threshold=0.68750000000000011 0.0066236658511788201 0.56750000000000012 -0.049999999999999906 0.035707142142714303 6.5926608985444268
decision_type=2 8 2 2 2 2
left_child=1 2 -1 -3 5 -2
right_child=4 3 -4 -5 -6 -7
leaf_value=1.5265333303161506e-05 -0.013794281065117481 -0.00031155338260855172 -0.010315747940912843 0.0051589967880370166 -0.0061669689434313635 -0.0091891306881786237
leaf_weight=519 167 520 155 396 166 277
leaf_count=519 167 520 155 396 166 277
internal_value=-0.00261035 0.000164684 -0.00241903 0.00206861 -0.00978618 -0.0110556
internal_weight=2200 1590 674 916 610 444
internal_count=2200 1590 674 916 610 444
is_linear=0
shrinkage=0.05


Tree=31
num_leaves=7
num_cat=0
split_feature=0 9 0 5 0 13
split_gain=16.15 2.61947 3.40955 2.57944 1.12219 0.806599
threshold=0.66000000000000014 -0.86428271940716439 0.56750000000000012 -0.042500000000000003 0.7875000000000002 -0.074358929384279418
decision_type=2 2 2 2 2 8
left_child=1 3 -3 -1 5 -2
right_child=4 2 -4 -5 -6 -7
leaf_value=-0.00032009889990957974 -0.0092970519104311547 0.00032044241633557251 -0.0074186840150729724 0.0080636911113591246 -0.010887276341377851 -0.00416709336048779
leaf_weight=175 150 995 161 187 350 182
leaf_count=175 150 995 161 187 350 182
internal_value=-0.00249693 0.000380533 -0.000784719 0.00406161 -0.00885775 -0.0065884
internal_weight=2200 1518 1156 362 682 332
internal_count=2200 1518 1156 362 682 332
is_linear=0
shrinkage=0.05


Tree=32
num_leaves=7
num_cat=0
split_feature=0 13 0 5 4 6
split_gain=14.8517 2.82365 4.59404 2.44829 0.872186 0.60492
threshold=0.68750000000000011 0.0066236658511788201 0.56750000000000012 -0.049999999999999906 0.035707142142714303 6.5926608985444268
decision_type=2 8 2 2 2 2
left_child=1 2 -1 -3 5 -2
right_child=4 3 -4 -5 -6 -7
leaf_value=-3.4635715315008238e-06 -0.012768297261276909 -0.00029821700637036147 -0.0096942750830203289 0.0048985611972517506 -0.0056109828471440325 -0.0084153035906612463
leaf_weight=519 167 520 155 396 166 277
leaf_count=519 167 520 155 396 166 277
internal_value=-0.00239178 0.000159787 -0.00228704 0.00196282 -0.00898982 -0.0101765
internal_weight=2200 1590 674 916 610 444
internal_count=2200 1590 674 916 610 444
is_linear=0
shrinkage=0.05


Tree=33
num_leaves=7
num_cat=0
split_feature=0 1 2 2 0 3
split_gain=13.686 3.52446 2.38441 3.23827 2.00496 1.78319
threshold=0.56750000000000012 1.6398856821121541 0.072584954123317488 0.058526465321494532 0.27000000000000007 0.29245242951174844
decision_type=2 2 2 2 2 2
left_child=2 5 3 -1 -4 -2
right_child=1 -3 4 -5 -6 -7
leaf_value=0.00073085604217042709 -0.0057307785523406582 -0.0003250188859445708 0.0022549799098292504 0.0077316091694361114 -0.0048203469583621393 -0.010803666383708796
leaf_weight=668 351 163 159 215 255 389
leaf_count=668 351 163 159 215 255 389
internal_value=-0.00228665 -0.00699494 0.00100564 0.00246939 -0.00210853 -0.00845208
internal_weight=2200 903 1297 883 414 740
internal_count=2200 903 1297 883 414 740
is_linear=0
shrinkage=0.05


Tree=34
num_leaves=7
num_cat=0
split_feature=0 9 0 2 4 4
split_gain=12.7325 2.65829 3.25792 3.14794 0.740023 0.602816
threshold=0.68750000000000011 -0.86428271940716439 0.56750000000000012 0.0667986959905673 0.035707142142714303 0.018027756377319949
decision_type=2 2 2 2 2 2
left_child=1 3 -3 -1 5 -2
right_child=4 2 -4 -5 -6 -7
leaf_value=0.0075629720939754093 -0.0073477155749233931 0.00024139401905704292 -0.0064687039854839385 -0.0016021826476962479 -0.0051891926349255076 -0.011493793035476981
leaf_weight=222 236 995 216 157 166 208
leaf_count=222 236 995 216 157 166 208
internal_value=-0.00219378 0.000168684 -0.00097713 0.0037949 -0.00830297 -0.00939639
internal_weight=2200 1590 1211 379 610 444
internal_count=2200 1590 1211 379 610 444
is_linear=0
shrinkage=0.05


Tree=35
num_leaves=7
num_cat=0
split_feature=0 9 0 2 4 6
split_gain=11.6885 2.48256 3.03856 2.92403 0.665033 0.554511
threshold=0.68750000000000011 -0.86428271940716439 0.56750000000000012 0.0667986959905673 0.035707142142714303 6.5926608985444268
decision_type=2 2 2 2 2 2
left_child=1 3 -3 -1 5 -2
right_child=4 2 -4 -5 -6 -7
leaf_value=0.0072974569441728587 -0.011433779244679351 0.00023108652787632309 -0.0062491777795472304 -0.0015359196191032729 -0.0049980118609311286 -0.0073449047771117371
leaf_weight=222 167 995 216 157 166 277
leaf_count=222 167 995 216 157 166 277
internal_value=-0.00210196 0.000161581 -0.000945709 0.0036659 -0.00795534 -0.00899304
internal_weight=2200 1590 1211 379 610 444
internal_count=2200 1590 1211 379 610 444
is_linear=0
shrinkage=0.05


Tree=36
num_leaves=6
num_cat=0
split_feature=0 13 4 2 0
split_gain=10.728 2.43319 2.66969 0.640762 0.576181
threshold=0.68750000000000011 -0.15197043850386163 0.059345381511856483 0.082441049498928262 0.82750000000000001
decision_type=2 8 2 2 2
left_child=1 -1 -3 4 -2
right_child=3 2 -4 -5 -6
leaf_value=-0.0040699409181749269 -0.0068751045480722516 0.0001452919257550457 0.0066238290292991182 -0.0049030087768712786 -0.010999625184289787
leaf_weight=276 249 1134 180 182 179
leaf_count=276 249 1134 180 182 179
internal_value=-0.00201353 0.000155011 0.00105451 -0.00762125 -0.00870718
internal_weight=2200 1590 1314 610 428
internal_count=2200 1590 1314 610 428
is_linear=0
shrinkage=0.05


Tree=37
num_leaves=7
num_cat=0
split_feature=0 1 6 3 8 6
split_gain=9.92797 3.10996 2.50875 7.12294 3.87407 1.5455
threshold=0.56750000000000012 1.6398856821121541 6.7101088552929866 -0.99999999999999956 0.64621365604066749 6.3285423352558121
decision_type=2 2 2 2 2 2
left_child=2 5 4 -4 -1 -2
right_child=1 -3 3 -5 -6 -7
leaf_value=-0.00049636750336107109 -0.011069950070774673 0.00030956883870420003 0.0062949308304419043 -0.0049943211736243184 0.0071194852654095798 -0.0058132649221293194
leaf_weight=362 201 163 201 430 304 539
leaf_count=362 201 163 201 430 304 539
internal_value=-0.00192691 -0.00593702 0.000877097 -0.001377 0.00300709 -0.00730581
internal_weight=2200 903 1297 631 666 740
internal_count=2200 903 1297 631 666 740
is_linear=0
shrinkage=0.05


Tree=38
num_leaves=7
num_cat=0
split_feature=0 9 2 0 2 0
split_gain=9.23255 2.25105 2.76234 2.58034 0.588211 0.532258
threshold=0.68750000000000011 -0.86428271940716439 0.0667986959905673 0.56750000000000012 0.082441049498928262 0.82750000000000001
decision_type=2 2 2 2 2 2
left_child=1 2 -1 -3 5 -2
right_child=4 3 -4 -5 -6 -7
leaf_value=0.0070283980699207861 -0.0063428426997398776 0.00019164650565944613 -0.0015558798992891371 -0.0057801383180855629 -0.0044630629214692241 -0.010280067587028379
leaf_weight=222 249 995 157 216 182 179
leaf_count=222 249 995 157 216 182 179
internal_value=-0.00185015 0.000161523 0.00349842 -0.000892898 -0.00705237 -0.00808918
internal_weight=2200 1590 379 1211 610 428
internal_count=2200 1590 379 1211 610 428
is_linear=0
shrinkage=0.05


Tree=39
num_leaves=6
num_cat=0
split_feature=0 13 8 8 12
split_gain=8.47816 2.15107 2.63353 0.535807 0.77251
threshold=0.68750000000000011 -0.14669390627095044 0.48307483020741543 0.67457634887864104 -0.3317488540066757
decision_type=2 8 2 2 2
left_child=1 -1 -3 4 -2
right_child=3 2 -4 -5 -6
leaf_value=-0.0037010442781246315 -0.0048994772454952814 0.0069929169019523237 0.00018020902818331708 -0.0040195098713688227 -0.0093591583361479352
leaf_weight=290 182 157 1143 156 272
leaf_count=290 182 157 1143 156 272
internal_value=-0.00177229 0.000155439 0.00102661 -0.00675745 -0.0076442
internal_weight=2200 1590 1300 610 454
internal_count=2200 1590 1300 610 454
is_linear=0
shrinkage=0.05


Tree=40
num_leaves=7
num_cat=0
split_feature=0 13 4 11 6 3
split_gain=7.84163 2.35561 5.36992 2.65859 2.33199 6.51388
threshold=0.56750000000000012 -0.083248584671774539 0.021650635094610949 0.13899306275373821 6.7101088552929866 -1.0258639851193336
decision_type=2 10 2 2 2 2
left_child=4 3 -3 -2 -1 -6
right_child=1 2 -4 -5 5 -7
leaf_value=0.0028512826518172292 -0.0039915128004508514 -0.0088153047594188277 0.002927127426809019 -0.01125570654384489 0.0063168324609745507 -0.0046738923384379762
leaf_weight=666 276 169 217 241 188 443
leaf_count=666 276 169 217 241 188 443
internal_value=-0.00169438 -0.00525833 -0.00226097 -0.0074531 0.000797585 -0.0013754
internal_weight=2200 903 386 517 1297 631
internal_count=2200 903 386 517 1297 631
is_linear=0
shrinkage=0.05


Tree=41
num_leaves=7
num_cat=0
split_feature=0 9 9 5 2 1
split_gain=7.20434 2.04637 2.61739 2.58875 0.53918 0.499563
threshold=0.68750000000000011 -0.86428271940716439 1.1168731139810604 -0.042500000000000003 0.082441049498928262 0.92857170420189405
decision_type=2 2 2 2 2 2
left_child=1 3 -3 -1 5 -2
right_child=4 2 -4 -5 -6 -7
leaf_value=-0.0010723961058909401 -0.0051145094124102359 -0.0020518634601679273 0.003596527951723143 0.0071369264346821878 -0.0037670271959215559 -0.0088332791386519453
leaf_weight=177 197 955 256 202 182 231
leaf_count=177 197 955 256 202 182 231
internal_value=-0.00161957 0.000157412 -0.00084794 0.00333898 -0.00621499 -0.00720043
internal_weight=2200 1590 1211 379 610 428
internal_count=2200 1590 1211 379 610 428
is_linear=0
shrinkage=0.05


Tree=42
num_leaves=7
num_cat=0
split_feature=0 1 6 3 8 11
split_gain=6.77832 2.79891 2.15529 5.9566 3.6032 1.47866
threshold=0.56750000000000012 1.6398856821121541 6.7101088552929866 -0.99999999999999956 0.64621365604066749 -0.74603315798932068
decision_type=2 2 2 2 2 2
left_child=2 5 4 -4 -1 -2
right_child=1 -3 3 -5 -6 -7
leaf_value=-0.00063135040875103034 -0.0020521806896398854 0.0010459183227448236 0.0056984420739469186 -0.0046254975310039718 0.0067116799131397486 -0.0073914428725969155
leaf_weight=362 174 163 201 430 304 566
leaf_count=362 174 163 201 430 304 566
internal_value=-0.00154565 -0.00485918 0.000771115 -0.00131794 0.00274546 -0.00615819
internal_weight=2200 903 1297 631 666 740
internal_count=2200 903 1297 631 666 740
is_linear=0
shrinkage=0.05


Tree=43
num_leaves=6
num_cat=0
split_feature=0 1 13 5 6
split_gain=6.23913 2.5829 2.09491 2.55622 1.38179
threshold=0.56750000000000012 1.6398856821121541 -0.25369182501001014 -0.070000000000000007 6.3285423352558121
decision_type=2 2 10 2 2
left_child=2 4 -1 -4 -2
right_child=1 -3 3 -5 -6
leaf_value=0.0058145041603976022 -0.0094427005252213161 0.0010122995202740035 -0.0023446778200005118 0.0024016066200845455 -0.0045152522828977781
leaf_weight=171 201 163 582 544 539
leaf_count=171 201 163 582 544 539
internal_value=-0.00148114 -0.00466016 0.000741558 -5.1144e-05 -0.00590805
internal_weight=2200 903 1297 1126 740
internal_count=2200 903 1297 1126 740
is_linear=0
shrinkage=0.05


Tree=44
num_leaves=6
num_cat=0
split_feature=0 13 8 0 4
split_gain=5.81427 1.9403 2.49144 0.502037 0.805371
threshold=0.68750000000000011 -0.14669390627095044 0.48307483020741543 0.7875000000000002 0.017566484792187441
decision_type=2 8 2 2 2
left_child=1 -1 -3 -2 -5
right_child=3 2 -4 4 -6
leaf_value=-0.0034829747518998083 -0.0037561246331007979 0.0068102376789205277 0.0001838284217051185 -0.003853925981391699 -0.0088894817028559898
leaf_weight=290 260 157 1143 151 199
leaf_count=290 260 157 1143 151 199
internal_value=-0.00141643 0.000179822 0.00100712 -0.00554478 -0.00680188
internal_weight=2200 1590 1300 610 350
internal_count=2200 1590 1300 610 350
is_linear=0
shrinkage=0.05


Tree=45
num_leaves=7
num_cat=0
split_feature=0 1 6 3 11 3
split_gain=5.38908 2.4121 2.01359 5.39068 2.82166 1.31228
threshold=0.56750000000000012 1.6398856821121541 6.7463826589524745 -1.0258639851193336 -0.052299644979220287 0.29245242951174844
decision_type=2 2 2 2 2 2
left_child=2 5 4 -4 -1 -2
right_child=1 -3 3 -5 -6 -7
leaf_value=0.0066021036396664125 -0.0032274957076552212 0.0011683451189171701 0.0057327565543882145 -0.004496261950417915 6.2147312064347494e-05 -0.0075111588226810929
leaf_weight=260 351 163 180 420 437 389
leaf_count=260 351 163 180 420 437 389
internal_value=-0.00135394 -0.00430848 0.000711732 -0.00140554 0.00253138 -0.00551461
internal_weight=2200 903 1297 600 697 740
internal_count=2200 903 1297 600 697 740
is_linear=0
shrinkage=0.05


Tree=46
num_leaves=7
num_cat=0
split_feature=0 9 9 6 2 12
split_gain=4.98519 1.67394 2.35642 2.29121 0.861796 0.537706
threshold=0.66000000000000014 -0.86428271940716439 1.1168731139810604 6.6050678494011565 0.082441049498928262 0.54829322372061995
decision_type=2 2 2 2 2 2
left_child=1 3 -3 -1 5 -2
right_child=4 2 -4 -5 -6 -7
leaf_value=-0.0014119162348804962 -0.0046922810033007967 -0.001792494396431325 0.0037093936416663625 0.0065692235740594743 -0.0019647957896118734 -0.0084430129296562215
leaf_weight=152 332 914 242 210 196 154
leaf_count=152 332 914 242 210 196 154
internal_value=-0.00129661 0.000301793 -0.0006297 0.00324445 -0.00483066 -0.00595466
internal_weight=2200 1518 1156 362 682 486
internal_count=2200 1518 1156 362 682 486
is_linear=0
shrinkage=0.05


Tree=47
num_leaves=7
num_cat=0
split_feature=0 1 2 0 0 11
split_gain=4.62599 2.21081 2.00111 3.91589 2.38647 1.26958
threshold=0.56750000000000012 1.6398856821121541 0.071289583582039837 0.43250000000000005 0.39000000000000007 -0.74603315798932068
decision_type=2 2 2 2 2 2
left_child=2 5 3 -1 -4 -2
right_child=1 -3 4 -5 -6 -7
leaf_value=-0.0001598706730441306 -0.0013497209124391973 0.0012615690539990153 0.00063258807544838897 0.0071462740500768023 -0.0070409807066122701 -0.0062741848194870558
leaf_weight=600 174 163 287 259 151 566
leaf_count=600 174 163 287 259 151 566
internal_value=-0.00124082 -0.00397821 0.000672978 0.00207164 -0.00206248 -0.0051331
internal_weight=2200 903 1297 859 438 740
internal_count=2200 903 1297 859 438 740
is_linear=0
shrinkage=0.05


Tree=48
num_leaves=6
num_cat=0
split_feature=0 13 5 13 13
split_gain=4.32316 1.76085 2.49694 0.487181 1.58738
threshold=0.68750000000000011 -0.14669390627095044 -0.042500000000000003 -0.022225987291832689 -0.12439622449234536
decision_type=2 8 2 10 8
left_child=1 -1 -3 4 -2
right_child=3 2 -4 -5 -6
leaf_value=-0.0032942818013667052 -0.0060618858515463156 -0.001052891560917446 0.0033259221362784866 -0.0069833012369785522 0.00016397782517764382
leaf_weight=290 272 697 603 176 162
leaf_count=290 272 697 603 176 162
internal_value=-0.00118119 0.000195121 0.000983165 -0.00474103 -0.00376255
internal_weight=2200 1590 1300 610 434
internal_count=2200 1590 1300 610 434
is_linear=0
shrinkage=0.05


Tree=49
num_leaves=6
num_cat=0
split_feature=0 1 13 5 6
split_gain=4.05376 2.04213 1.95373 2.24265 1.24498
threshold=0.56750000000000012 1.6398856821121541 -0.25369182501001014 -0.070000000000000007 6.3285423352558121
decision_type=2 2 10 2 2
left_child=2 4 -1 -4 -2
right_child=1 -3 3 -5 -6
leaf_value=0.0055671398602002726 -0.008134672678645375 0.0013468404433556967 -0.0022452685283596138 0.0022003908770668653 -0.0034876272109720637
leaf_weight=171 201 163 582 544 539
leaf_count=171 201 163 582 544 539
internal_value=-0.0011233 -0.00368584 0.000668094 -9.7222e-05 -0.00479599
internal_weight=2200 903 1297 1126 740
internal_count=2200 903 1297 1126 740
is_linear=0
shrinkage=0.05


Tree=50
num_leaves=7
num_cat=0
split_feature=0 13 4 11 6 3
split_gain=3.74195 1.95921 4.45745 2.10788 1.9541 5.06092
threshold=0.56750000000000012 -0.083248584671774539 0.021650635094610949 0.13899306275373821 6.7101088552929866 -1.1489357902451574
decision_type=2 10 2 2 2 2
left_child=4 3 -3 -2 -1 -6
right_child=1 2 -4 -5 5 -7
leaf_value=0.0025281543826185388 -0.0024795669651328459 -0.0068050677256508811 0.0038848609101396429 -0.0089084808661685725 0.0060379093401923736 -0.0040110189559856464
leaf_weight=666 276 169 217 241 166 465
leaf_count=666 276 169 217 241 166 465
internal_value=-0.0010731 -0.00353512 -0.000822616 -0.00553304 0.000647999 -0.00134072
internal_weight=2200 903 386 517 1297 631
internal_count=2200 903 386 517 1297 631
is_linear=0
shrinkage=0.05


Tree=51
num_leaves=6
num_cat=0
split_feature=13 4 8 12 6
split_gain=2.98454 3.77296 2.5412 2.19273 1.52377
threshold=-0.14669390627095044 0.057357013574566303 0.65504132574206941 -0.66750634092622008 6.505410284682398
decision_type=8 2 2 2 2
left_child=3 2 -2 -1 -5
right_child=1 -3 -4 4 -6
leaf_value=-0.0092594460297662478 -0.0023789011501662103 0.0060356386739398001 0.0020659594861461381 0.0014602235945252082 -0.0048406964036664772
leaf_weight=151 967 221 476 163 222
leaf_count=151 967 221 476 163 222
internal_value=-0.00102154 2.72552e-05 -0.000910611 -0.00424768 -0.00218851
internal_weight=2200 1664 1443 536 385
internal_count=2200 1664 1443 536 385
is_linear=0
shrinkage=0.05


Tree=52
num_leaves=7
num_cat=0
split_feature=0 9 2 9 13 13
split_gain=3.35001 1.60762 2.44943 2.30856 0.539359 1.34251
threshold=0.68750000000000011 -0.86428271940716439 0.0667986959905673 1.1168731139810604 -0.022225987291832689 -0.12439622449234536
decision_type=2 2 2 2 10 8
left_child=1 2 -1 -3 5 -2
right_child=4 3 -4 -5 -6 -7
leaf_value=0.0063849904571376785 -0.0052107917689567015 -0.0017823332046161039 -0.0016936751553949751 0.0035218956005037857 -0.0064384943913688977 0.00050486252827201773
leaf_weight=222 272 955 157 256 176 162
leaf_count=222 272 955 157 256 176 162
internal_value=-0.00097109 0.000240246 0.00305994 -0.000651172 -0.00410479 -0.00309585
internal_weight=2200 1590 379 1211 610 434
internal_count=2200 1590 379 1211 610 434
is_linear=0
shrinkage=0.05


Tree=53
num_leaves=6
num_cat=0
split_feature=0 1 13 5 3
split_gain=3.14081 1.83195 1.8165 2.07623 1.1316
threshold=0.56750000000000012 1.6398856821121541 -0.25369182501001014 -0.070000000000000007 0.29245242951174844
decision_type=2 2 10 2 2
left_child=2 4 -1 -4 -2
right_child=1 -3 3 -5 -6
leaf_value=0.0053753442900911488 -0.0021294779008191626 0.0015789024620538668 -0.0021533401438887461 0.0021241903638820046 -0.0060794988694378577
leaf_weight=171 351 163 582 544 389
leaf_count=171 351 163 582 544 389
internal_value=-0.000925139 -0.00318079 0.000651483 -8.64988e-05 -0.00423277
internal_weight=2200 903 1297 1126 740
internal_count=2200 903 1297 1126 740
is_linear=0
shrinkage=0.05


Tree=54
num_leaves=7
num_cat=0
split_feature=0 6 3 8 13 4
split_gain=2.89599 1.776 4.65925 3.21847 1.72521 4.00793
threshold=0.56750000000000012 6.7101088552929866 -0.99999999999999956 0.64621365604066749 -0.083248584671774539 0.021650635094610949
decision_type=2 2 2 2 10 2
left_child=1 3 -3 -1 -2 -6
right_child=4 2 -4 -5 5 -7
leaf_value=-0.00076495292891522399 -0.0049223082404141229 0.0049425331363115391 -0.0041886423400940443 0.0061731643237860753 -0.0061821769087992869 0.0039535262563207127
leaf_weight=362 517 201 430 304 169 217
leaf_count=362 517 201 430 304 169 217
internal_value=-0.000881899 0.000632006 -0.00126399 0.0024244 -0.00304786 -0.000506435
internal_weight=2200 1297 631 666 903 386
internal_count=2200 1297 631 666 903 386
is_linear=0
shrinkage=0.05


Tree=55
num_leaves=7
num_cat=0
split_feature=0 2 2 0 1 6
split_gain=2.65226 1.72457 3.68125 2.2384 1.66486 1.0968
threshold=0.56750000000000012 0.071289583582039837 0.058526465321494532 0.32750000000000007 1.6398856821121541 6.3285423352558121
decision_type=2 2 2 2 2 2
left_child=1 2 -1 -3 5 -2
right_child=4 3 -4 -5 -6 -7
leaf_value=0.00013847376787647561 -0.0070397143767586033 0.0014463905706780696 0.0079326197947494261 -0.0056439581977308926 0.0016222034847097741 -0.0026968155049390216
leaf_weight=668 201 231 191 207 163 539
leaf_count=668 201 231 191 207 163 539
internal_value=-0.000839865 0.000608921 0.00190739 -0.00193041 -0.00291269 -0.00391577
internal_weight=2200 1297 859 438 903 740
internal_count=2200 1297 859 438 903 740
is_linear=0
shrinkage=0.05


Tree=56
num_leaves=5
num_cat=0
split_feature=0 4 2 4
split_gain=2.51001 1.81598 2.34767 0.95255
threshold=0.7875000000000002 0.073781578305211259 0.071527843323215531 0.017566484792187441
decision_type=2 2 2 2
left_child=1 2 -1 -2
right_child=3 -3 -4 -5
leaf_value=0.00066789130826919261 -0.001584756814946349 0.0051161455363035206 -0.0033890901912275624 -0.0068901935847950919
leaf_weight=1198 151 150 502 199
leaf_count=1198 151 150 502 199
internal_value=-0.000804814 -6.56566e-05 -0.000536537 -0.00465584
internal_weight=2200 1850 1700 350
internal_count=2200 1850 1700 350
is_linear=0
shrinkage=0.05


Tree=57
num_leaves=6
num_cat=0
split_feature=13 4 8 12 6
split_gain=2.43354 3.28368 2.19278 1.96747 1.39589
threshold=-0.14669390627095044 0.057357013574566303 0.65504132574206941 -0.66750634092622008 6.505410284682398
decision_type=8 2 2 2 2
left_child=3 2 -2 -1 -5
right_child=1 -3 -4 4 -6
leaf_value=-0.0084233599237333503 -0.002059060338274789 0.0057855171501735407 0.0020694186346578314 0.0017500809810978052 -0.0042748073591863008
leaf_weight=151 967 221 476 163 222
leaf_count=151 967 221 476 163 222
internal_value=-0.000765942 0.000180653 -0.000694763 -0.00367913 -0.00173428
internal_weight=2200 1664 1443 536 385
internal_count=2200 1664 1443 536 385
is_linear=0
shrinkage=0.05


Tree=58
num_leaves=7
num_cat=0
split_feature=0 13 11 5 0 6
split_gain=2.27333 1.70226 1.9548 1.58455 2.01188 1.40439
threshold=0.56750000000000012 -0.25369182501001014 0.92049063998266478 0.055000000000000028 0.68750000000000011 6.7165463388691515
decision_type=2 10 2 2 2 2
left_child=1 -1 -3 5 -5 -2
right_child=3 2 -4 4 -6 -7
leaf_value=0.0051875097354654419 -0.0086839681468814257 0.00074050028188717306 -0.0052219879538461106 0.0037905250556575947 -0.002810367900928307 -0.0019264489388273608
leaf_weight=171 161 971 155 151 441 150
leaf_count=171 161 971 155 151 441 150
internal_value=-0.000726544 0.000614602 -9.97257e-05 -0.00264564 -0.00110905 -0.00550677
internal_weight=2200 1297 1126 903 592 311
internal_count=2200 1297 1126 903 592 311
is_linear=0
shrinkage=0.05


Tree=59
num_leaves=6
num_cat=0
split_feature=13 4 8 12 3
split_gain=2.1879 3.01752 2.07455 1.81132 1.6762
threshold=-0.14669390627095044 0.058756645174948705 0.65504132574206941 -0.59128824478827979 0.19240616582852113
decision_type=8 2 2 2 2
left_child=3 2 -2 -1 -5
right_child=1 -3 -4 4 -6
leaf_value=-0.0076986326424534936 -0.0019408755586594409 0.0057331780129962415 0.002052550255340051 0.0021743404786048952 -0.0045067070104414598
leaf_weight=167 971 210 483 169 200
leaf_count=167 971 210 483 169 200
internal_value=-0.000693751 0.000203705 -0.000611823 -0.00345602 -0.00145866
internal_weight=2200 1664 1454 536 369
internal_count=2200 1664 1454 536 369
is_linear=0
shrinkage=0.05


Tree=60
num_leaves=6
num_cat=0
split_feature=0 13 9 8 4
split_gain=2.01744 1.52328 2.82413 2.15689 0.891213
threshold=0.7875000000000002 -0.14669390627095044 1.1168731139810604 0.48307483020741543 0.017566484792187441
decision_type=2 8 2 2 2
left_child=1 2 -1 -3 -2
right_child=4 3 -4 -5 -6
leaf_value=-0.0064802257502493497 -0.0011555436807565199 0.0059018130750680513 0.0020640569701360144 3.0839877515821591e-05 -0.0062688816877483735
leaf_weight=217 151 173 168 1292 199
leaf_count=217 151 173 168 1292 199
internal_value=-0.000657652 4.8484e-06 -0.00277315 0.000741852 -0.00411019
internal_weight=2200 1850 385 1465 350
internal_count=2200 1850 385 1465 350
is_linear=0
shrinkage=0.05


Tree=61
num_leaves=7
num_cat=0
split_feature=0 0 8 8 1 4
split_gain=1.89404 1.70764 4.70656 1.83584 1.53995 1.10871
threshold=0.56750000000000012 0.44000000000000006 0.62364950903345029 0.70664538688814238 1.6398856821121541 0.038405728739343066
decision_type=2 2 2 2 2 2
left_child=1 3 -3 -1 5 -2
right_child=4 2 -4 -5 -6 -7
leaf_value=0.00048267636846029176 -0.0023186910642638199 -0.0025104158117385685 0.0091450270551901598 -0.0053950276453373445 0.001974671937170483 -0.0070800290643414365
leaf_weight=804 587 162 177 154 163 153
leaf_count=804 587 162 177 154 163 153
internal_value=-0.000626637 0.000597413 0.00361964 -0.00048528 -0.00237838 -0.00334404
internal_weight=2200 1297 339 958 903 740
internal_count=2200 1297 339 958 903 740
is_linear=0
shrinkage=0.05


Tree=62
num_leaves=6
num_cat=0
split_feature=13 4 8 12 3
split_gain=1.83388 2.79309 1.88539 1.66036 1.52666
threshold=-0.14669390627095044 0.057357013574566303 0.65504132574206941 -0.59128824478827979 0.19240616582852113
decision_type=8 2 2 2 2
left_child=3 2 -2 -1 -5
right_child=1 -3 -4 4 -6
leaf_value=-0.0071861492783957441 -0.0018476207331833796 0.0053942810318049509 0.0019804114164598675 0.0022478121161546515 -0.004126364995793599
leaf_weight=167 967 221 476 169 200
leaf_count=167 967 221 476 169 200
internal_value=-0.000596374 0.000225164 -0.000582396 -0.00312533 -0.001216
internal_weight=2200 1664 1443 536 369
internal_count=2200 1664 1443 536 369
is_linear=0
shrinkage=0.05


Tree=63
num_leaves=6
num_cat=0
split_feature=0 6 3 6 4
split_gain=1.71926 1.44779 2.73228 2.70861 0.825993
threshold=0.7875000000000002 6.8583496604424923 -1.0876776499734875 6.4388149874952516 0.017566484792187441
decision_type=2 2 2 2 2
left_child=1 3 -3 -1 -2
right_child=4 2 -4 -5 -6
leaf_value=-0.0010652023707681518 -0.0009150916423935157 0.0035481561471541628 -0.0036420833361966347 0.0037472024563469314 -0.0058288020200516081
leaf_weight=644 151 174 504 528 199
leaf_count=644 151 174 504 528 199
internal_value=-0.000564439 4.70308e-05 -0.00178433 0.00110955 -0.00375163
internal_weight=2200 1850 678 1172 350
internal_count=2200 1850 678 1172 350
is_linear=0
shrinkage=0.05


Tree=64
num_leaves=6
num_cat=0
split_feature=13 4 8 1 13
split_gain=1.64178 2.56807 1.78698 1.5408 0.460731
threshold=-0.14669390627095044 0.058756645174948705 0.65504132574206941 -0.21644001556174428 -0.21569906588015886
decision_type=8 2 2 2 10
left_child=3 2 -2 -1 -5
right_child=1 -3 -4 4 -6
leaf_value=0.0012247449909307943 -0.0017481740860901364 0.0053389508123401295 0.0019580337374478763 -0.0030909887571208949 -0.006749093734152333
leaf_weight=156 971 210 483 227 153
leaf_count=156 971 210 483 227 153
internal_value=-0.000539277 0.000237973 -0.000514529 -0.00293213 -0.00463238
internal_weight=2200 1664 1454 536 380
internal_count=2200 1664 1454 536 380
is_linear=0
shrinkage=0.05


Tree=65
num_leaves=5
num_cat=0
split_feature=8 8 10 12
split_gain=1.60534 2.64548 2.51542 2.06191
threshold=0.74503101687926343 0.66620285794737222 0.010000000000000007 0.63621849465224611
decision_type=2 2 2 2
left_child=1 2 -1 -3
right_child=-2 3 -4 -5
leaf_value=0.0030425970809465331 -0.0053841220618338348 0.00088751867795601881 -0.0021779262375760593 0.0077158149743739232
leaf_weight=279 152 385 1233 151
leaf_count=279 152 385 1233 151
internal_value=-0.000511421 -0.000137543 -0.00120776 0.00286469
internal_weight=2200 2048 1512 536
internal_count=2200 2048 1512 536
is_linear=0
shrinkage=0.05


Tree=66
num_leaves=6
num_cat=0
split_feature=13 4 2 4 8
split_gain=1.5092 2.7427 1.88741 1.68736 1.5775
threshold=-0.15197043850386163 0.058756645174948705 0.040850336595920481 0.036314597615834894 0.65622121040277615
decision_type=8 2 2 2 2
left_child=2 3 -1 -2 -4
right_child=1 -3 4 -5 -6
leaf_value=0.0018568746991936239 0.00039982541137173022 0.0054600525772853939 -0.0017909754137290974 -0.0035914717906967587 -0.0083763502908489069
leaf_weight=150 1125 214 209 341 161
leaf_count=150 1125 214 209 341 161
internal_value=-0.00049026 0.0002403 -0.00283034 -0.000537625 -0.00472998
internal_weight=2200 1680 520 1466 370
internal_count=2200 1680 520 1466 370
is_linear=0
shrinkage=0.05


Tree=67
num_leaves=7
num_cat=0
split_feature=0 0 8 8 5 0
split_gain=1.48105 1.64941 4.3474 1.73586 1.60224 1.60004
threshold=0.56750000000000012 0.44000000000000006 0.62364950903345029 0.70664538688814238 0.055000000000000028 0.68750000000000011
decision_type=2 2 2 2 2 2
left_child=1 3 -3 -1 -2 -6
right_child=4 2 -4 -5 5 -7
leaf_value=0.00049170728507958242 -0.0048916842505524437 -0.0023090337564845285 0.0088947708953867905 -0.0052236348677590586 0.0038854390143966064 -0.0019984590768763973
leaf_weight=804 311 162 177 154 151 441
leaf_count=804 311 162 177 154 151 441
internal_value=-0.000467339 0.000614803 0.003585 -0.000449394 -0.00201647 -0.000477696
internal_weight=2200 1297 339 958 903 592
internal_count=2200 1297 339 958 903 592
is_linear=0
shrinkage=0.05


Tree=68
num_leaves=5
num_cat=0
split_feature=8 8 10 12
split_gain=1.4245 2.50923 2.26168 1.92283
threshold=0.74503101687926343 0.66620285794737222 0.010000000000000007 0.63621849465224611
decision_type=2 2 2 2
left_child=1 2 -1 -3
right_child=-2 3 -4 -5
leaf_value=0.0028993474671692577 -0.0050305440796503597 0.0009250116996610395 -0.0020508042485520898 0.0075202977266879039
leaf_weight=279 152 385 1233 151
leaf_count=279 152 385 1233 151
internal_value=-0.000440524 -8.84364e-05 -0.00113084 0.00283534
internal_weight=2200 2048 1512 536
internal_count=2200 2048 1512 536
is_linear=0
shrinkage=0.05


Tree=69
num_leaves=5
num_cat=0
split_feature=4 0 2 6
split_gain=1.37915 1.81148 2.43954 2.02212
threshold=0.07564307353168935 0.56750000000000012 0.071527843323215531 6.1788253393261039
decision_type=2 2 2 2
left_child=1 2 -1 -3
right_child=-2 3 -4 -5
leaf_value=0.0019459424374621795 0.0040962423488592643 -0.007256033743455923 -0.0029614514259781455 -0.0012634117212503139
leaf_weight=844 152 174 356 674
leaf_count=844 152 174 356 674
internal_value=-0.000422021 -0.00076652 0.000483835 -0.00252835
internal_weight=2200 2048 1200 848
internal_count=2200 2048 1200 848
is_linear=0
shrinkage=0.05


Tree=70
num_leaves=6
num_cat=0
split_feature=13 4 4 12 6
split_gain=1.31489 2.13854 1.62328 1.47081 1.35214
threshold=-0.14669390627095044 0.057357013574566303 0.036314597615834894 -0.66750634092622008 6.505410284682398
decision_type=8 2 2 2 2
left_child=3 2 -2 -1 -5
right_child=1 -3 -4 4 -6
leaf_value=-0.0066401996972182617 0.00050201820030499884 0.0048172637296889998 -0.0034704093188382018 0.0025426244135901689 -0.0033777978767677813
leaf_weight=151 1114 221 329 163 222
leaf_count=151 1114 221 329 163 222
internal_value=-0.000400965 0.000294394 -0.00041254 -0.00254246 -0.000870767
internal_weight=2200 1664 1443 536 385
internal_count=2200 1664 1443 536 385
is_linear=0
shrinkage=0.05


Tree=71
num_leaves=5
num_cat=0
split_feature=8 8 10 12
split_gain=1.32 2.33235 2.01537 1.76945
threshold=0.74503101687926343 0.66620285794737222 0.010000000000000007 0.63621849465224611
decision_type=2 2 2 2
left_child=1 2 -1 -3
right_child=-2 3 -4 -5
leaf_value=0.0027574839679467738 -0.0047989279719864494 0.00094367096696096732 -0.0019152415939644341 0.007271548114621486
leaf_weight=279 152 385 1233 151
leaf_count=279 152 385 1233 151
internal_value=-0.000380491 -4.1671e-05 -0.00104677 0.00277707
internal_weight=2200 2048 1512 536
internal_count=2200 2048 1512 536
is_linear=0
shrinkage=0.05


Tree=72
num_leaves=6
num_cat=0
split_feature=0 6 3 3 4
split_gain=1.26705 1.34764 4.0815 1.9791 0.763249
threshold=0.7875000000000002 7.0555759654891421 0.29245242951174844 1.1568519474465184 0.017566484792187441
decision_type=2 2 2 2 2
left_child=1 3 -3 -1 -2
right_child=4 2 -4 -5 -6
leaf_value=-2.851101263350218e-05 -0.00039229833562738999 0.001519118524887491 -0.0087397657442264826 0.0046506635018990243 -0.0050956272848827
leaf_weight=1171 151 253 151 275 199
leaf_count=1171 151 253 151 275 199
internal_value=-0.000364408 0.000160208 -0.00237523 0.000874333 -0.00310058
internal_weight=2200 1850 404 1446 350
internal_count=2200 1850 404 1446 350
is_linear=0
shrinkage=0.05


Tree=73
num_leaves=5
num_cat=0
split_feature=8 8 12 1
split_gain=1.22599 2.15014 1.85505 1.68314
threshold=0.74503101687926343 0.66620285794737222 -0.29028407546818441 -0.80392245536071083
decision_type=2 2 2 2
left_child=1 2 -1 -3
right_child=-2 3 -4 -5
leaf_value=0.0011492091557087096 -0.0046032638472926091 -0.0016479943752048757 -0.0024127142049677947 0.0044659542171405506
leaf_weight=607 152 156 905 380
leaf_count=607 152 156 905 380
internal_value=-0.00034508 -1.86014e-05 -0.000983687 0.00268774
internal_weight=2200 2048 1512 536
internal_count=2200 2048 1512 536
is_linear=0
shrinkage=0.05


Tree=74
num_leaves=5
num_cat=0
split_feature=4 2 2 2
split_gain=1.21955 1.60057 4.11117 1.6722
threshold=0.07564307353168935 0.071527843323215531 0.058526465321494532 0.081306601943391607
decision_type=2 2 2 2
left_child=1 2 -1 -3
right_child=-2 3 -4 -5
leaf_value=-0.0010389128770570356 0.0039202946095851952 -0.0069776431865551901 0.0057408276807999229 -0.0011768937516035962
leaf_weight=1138 152 165 273 472
leaf_count=1138 152 165 273 472
internal_value=-0.000328172 -0.000652267 0.000288469 -0.00272208
internal_weight=2200 2048 1411 637
internal_count=2200 2048 1411 637
is_linear=0
shrinkage=0.05


Tree=75
num_leaves=6
num_cat=0
split_feature=13 4 2 4 6
split_gain=1.19712 2.24117 1.73409 1.53011 1.05373
threshold=-0.15197043850386163 0.057357013574566303 0.040850336595920481 0.036314597615834894 6.505410284682398
decision_type=8 2 2 2 2
left_child=2 3 -1 -2 -4
right_child=1 -3 4 -5 -6
leaf_value=0.0020902415691694664 0.00049660909799090767 0.0049258564853200534 -0.0011394442658603727 -0.0033513497166446785 -0.0065320082852713098
leaf_weight=150 1125 225 162 330 208
leaf_count=150 1125 225 162 330 208
internal_value=-0.000311204 0.000339118 -0.00239546 -0.000384612 -0.00421761
internal_weight=2200 1680 520 1455 370
internal_count=2200 1680 520 1455 370
is_linear=0
shrinkage=0.05


Tree=76
num_leaves=5
num_cat=0
split_feature=13 7 8 8
split_gain=1.16349 1.73873 1.53079 3.43427
threshold=0.2609550578061246 -0.3533795846474867 0.71236139525394437 0.66620285794737222
decision_type=8 2 2 2
left_child=2 -2 3 -1
right_child=1 -3 -4 -5
leaf_value=-0.0013810551788518523 0.0050643889436674736 -0.0017857189348433168 -0.0042251740158351951 0.0044546757234537483
leaf_weight=1242 218 155 274 311
leaf_count=1242 218 155 274 311
internal_value=-0.000294639 0.00223186 -0.000815132 -0.00020186
internal_weight=2200 373 1827 1553
internal_count=2200 373 1827 1553
is_linear=0
shrinkage=0.05


Tree=77
num_leaves=6
num_cat=0
split_feature=0 6 3 3 4
split_gain=1.12929 1.21882 3.75953 1.82725 0.693055
threshold=0.7875000000000002 7.0555759654891421 0.29245242951174844 1.1568519474465184 0.017566484792187441
decision_type=2 2 2 2 2
left_child=1 3 -3 -1 -2
right_child=4 2 -4 -5 -6
leaf_value=2.4983304884161196e-05 -0.00028692652345993199 0.0015385590572642928 -0.0083064327255273473 0.0045212839912606535 -0.0047655035110473563
leaf_weight=1171 151 253 151 275 199
leaf_count=1171 151 253 151 275 199
internal_value=-0.000281378 0.000213738 -0.00219769 0.000892722 -0.00286457
internal_weight=2200 1850 404 1446 350
internal_count=2200 1850 404 1446 350
is_linear=0
shrinkage=0.05


Tree=78
num_leaves=5
num_cat=0
split_feature=8 8 10 12
split_gain=1.08775 1.87556 1.81365 1.64018
threshold=0.74503101687926343 0.66620285794737222 0.01 0.63621849465224611
decision_type=2 2 2 2
left_child=1 2 -1 -3
right_child=-2 3 -4 -5
leaf_value=0.0028867387229708384 -0.0042764323294922045 0.00080575109453489765 -0.0016532244382331527 0.0068961003290799756
leaf_weight=262 152 385 1250 151
leaf_count=262 152 385 1250 151
internal_value=-0.000265489 4.18885e-05 -0.000859616 0.00256938
internal_weight=2200 2048 1512 536
internal_count=2200 2048 1512 536
is_linear=0
shrinkage=0.05


Tree=79
num_leaves=6
num_cat=0
split_feature=13 7 7 6 7
split_gain=1.0694 1.59206 1.48827 3.14666 2.29255
threshold=0.2609550578061246 -0.3533795846474867 -0.26781481910672283 6.3492438803724385 0.63926798581446709
decision_type=8 2 2 2 2
left_child=2 -2 3 -1 -4
right_child=1 -3 4 -5 -6
leaf_value=-0.008145244897868326 0.0048786347852017515 -0.0016767609730595724 0.0021252516621344886 -0.00039090512474110133 -0.0022561921596774737
leaf_weight=183 218 155 698 432 514
leaf_count=183 218 155 698 432 514
internal_value=-0.000253691 0.0021684 -0.000752753 -0.00274537 0.000265479
internal_weight=2200 373 1827 615 1212
internal_count=2200 373 1827 615 1212
is_linear=0
shrinkage=0.05


Tree=80
num_leaves=5
num_cat=0
split_feature=4 2 2 0
split_gain=1.07565 1.40672 3.80527 1.90578
threshold=0.07564307353168935 0.071527843323215531 0.058526465321494532 0.31750000000000006
decision_type=2 2 2 2
left_child=1 2 -1 -3
right_child=-2 3 -4 -5
leaf_value=-0.00094527301086695041 0.0037444370603010911 0.0019480396164162609 0.0055774216281782784 -0.0041481655586743235
leaf_weight=1138 152 173 273 464
leaf_count=1138 152 173 273 464
internal_value=-0.000245254 -0.000549763 0.000331975 -0.00249025
internal_weight=2200 2048 1411 637
internal_count=2200 2048 1411 637
is_linear=0
shrinkage=0.05


Tree=81
num_leaves=5
num_cat=0
split_feature=4 0 5 6
split_gain=0.998785 1.34414 2.3011 1.92805
threshold=0.07564307353168935 0.56750000000000012 -0.070000000000000007 6.1788253393261039
decision_type=2 2 2 2
left_child=1 2 -1 -3
right_child=-2 3 -4 -5
leaf_value=-0.0016274186747345792 0.0036096851133806691 -0.0066603459056745508 0.0027340590487366229 -0.00081451059660609586
leaf_weight=602 152 174 598 674
leaf_count=602 152 174 598 674
internal_value=-0.000234803 -0.000528232 0.000548377 -0.00204602
internal_weight=2200 2048 1200 848
internal_count=2200 2048 1200 848
is_linear=0
shrinkage=0.05


Tree=82
num_leaves=5
num_cat=0
split_feature=8 8 12 1
split_gain=1.01806 1.75635 1.70385 1.61938
threshold=0.74503101687926343 0.66620285794737222 -0.29028407546818441 -0.80392245536071083
decision_type=2 2 2 2
left_child=1 2 -1 -3
right_child=-2 3 -4 -5
leaf_value=0.0012479539007995448 -0.0041005245427701885 -0.0017274184382874199 -0.0021652149101450613 0.0042674903711908824
leaf_weight=607 152 156 905 380
leaf_count=607 152 156 905 380
internal_value=-0.000220186 7.70929e-05 -0.000795384 0.00252286
internal_weight=2200 2048 1512 536
internal_count=2200 2048 1512 536
is_linear=0
shrinkage=0.05


Tree=83
num_leaves=7
num_cat=0
split_feature=13 8 0 12 12 3
split_gain=0.981424 1.51263 3.98247 2.33811 1.40238 1.2464
threshold=-0.14669390627095044 0.65504132574206941 0.34750000000000003 -0.61737790168806173 -0.59128824478827979 0.19240616582852113
decision_type=8 2 2 2 2 2
left_child=4 3 -3 -2 -1 -6
right_child=1 2 -4 -5 5 -7
leaf_value=-0.0057876664449374171 0.0029859605388572585 -0.0034427796417959428 0.0054094535495609287 -0.0021199486257790041 0.002800410263904039 -0.0029540035613562642
leaf_weight=167 307 186 378 793 169 200
leaf_count=167 307 186 378 793 169 200
internal_value=-0.000208448 0.000391942 0.0024855 -0.000687873 -0.00205874 -0.000316308
internal_weight=2200 1664 564 1100 536 369
internal_count=2200 1664 564 1100 536 369
is_linear=0
shrinkage=0.05


Tree=84
num_leaves=5
num_cat=0
split_feature=8 8 10 4
split_gain=0.971367 1.55538 1.60942 1.58458
threshold=0.74503101687926343 0.66620285794737222 0.01 0.018027756377319949
decision_type=2 2 2 2
left_child=1 2 -1 -3
right_child=-2 3 -4 -5
leaf_value=0.0028091588732524868 -0.0039789074628501188 0.0066748050429047126 -0.0014672004888706149 0.0006792203296938212
leaf_weight=262 152 150 1250 386
leaf_count=262 152 150 1250 386
internal_value=-0.000188576 0.000101743 -0.000719375 0.00240327
internal_weight=2200 2048 1512 536
internal_count=2200 2048 1512 536
is_linear=0
shrinkage=0.05


Tree=85
num_leaves=6
num_cat=0
split_feature=13 7 7 6 7
split_gain=0.941931 1.47202 1.42319 2.8698 2.08312
threshold=0.2609550578061246 -0.3533795846474867 -0.26781481910672283 6.3492438803724385 0.63926798581446709
decision_type=8 2 2 2 2
left_child=2 -2 3 -1 -4
right_child=1 -3 4 -5 -6
leaf_value=-0.0077552993897660738 0.0046976313554585782 -0.0016058911543223077 0.0021180115268085646 -0.00035026227387768014 -0.0020586231862946714
leaf_weight=183 218 155 698 432 514
leaf_count=183 218 155 698 432 514
internal_value=-0.000181358 0.00209161 -0.000649849 -0.00259849 0.000345552
internal_weight=2200 373 1827 615 1212
internal_count=2200 373 1827 615 1212
is_linear=0
shrinkage=0.05


Tree=86
num_leaves=7
num_cat=0
split_feature=6 7 6 7 8 8
split_gain=0.964724 2.52855 2.09385 2.17977 2.10513 1.92223
threshold=6.8193884107315359 -0.77069110422869502 6.4388149874952516 1.0000000180025095e-35 0.57887510855837132 0.55861001651779041
decision_type=2 2 2 2 2 2
left_child=2 -2 3 -1 -4 -3
right_child=1 5 4 -5 -6 -7
leaf_value=-0.0039054140313634308 0.004127462159626053 0.00091006174116908941 -0.001082501089589182 0.0015017033423829628 0.0052755379617418288 -0.0044634394064827655
leaf_weight=347 163 248 201 392 357 492
leaf_count=347 163 248 201 392 357 492
internal_value=-0.000175261 -0.00142585 0.000697558 -0.00104641 0.002996 -0.00266857
internal_weight=2200 903 1297 739 558 740
internal_count=2200 903 1297 739 558 740
is_linear=0
shrinkage=0.05


Tree=87
num_leaves=5
num_cat=0
split_feature=0 8 6 4
split_gain=0.920429 1.18009 1.95445 0.637154
threshold=0.7875000000000002 0.48307483020741543 6.8544545719106997 0.017566484792187441
decision_type=2 2 2 2
left_child=1 -1 -3 -2
right_child=3 2 -4 -5
leaf_value=0.0038720041326836085 -3.1610543523222595e-05 0.0011367328737069949 -0.0024300004476416862 -0.0043171902661389835
leaf_weight=199 151 1053 598 199
leaf_count=199 151 1053 598 199
internal_value=-0.000162529 0.000284238 -0.000158591 -0.00249476
internal_weight=2200 1850 1651 350
internal_count=2200 1850 1651 350
is_linear=0
shrinkage=0.05


Tree=88
num_leaves=4
num_cat=0
split_feature=4 4 0
split_gain=0.915492 1.22454 1.24911
threshold=0.07564307353168935 0.048153400710645576 0.56750000000000012
decision_type=2 2 2
left_child=1 2 -1
right_child=-2 -3 -4
leaf_value=0.0011857451170458652 0.0035288630278816654 -0.0034556535440464762 -0.0015029196892572608
leaf_weight=1027 152 283 738
leaf_count=1027 152 283 738
internal_value=-0.000151554 -0.000432639 6.04631e-05
internal_weight=2200 2048 1765
internal_count=2200 2048 1765
is_linear=0
shrinkage=0.05


Tree=89
num_leaves=5
num_cat=0
split_feature=8 8 12 12
split_gain=0.90239 1.44291 1.52777 1.51018
threshold=0.74503101687926343 0.66620285794737222 0.63621849465224611 -0.29028407546818441
decision_type=2 2 2 2
left_child=1 3 -3 -1
right_child=-2 2 -4 -5
leaf_value=0.0012659853337419348 -0.0037993391121553771 0.00065012657905194485 0.0065257094505702697 -0.0019470772469047826
leaf_weight=607 152 385 151 905
leaf_count=607 152 385 151 905
internal_value=-0.000146029 0.000133708 0.00235039 -0.000657256
internal_weight=2200 2048 536 1512
internal_count=2200 2048 536 1512
is_linear=0
shrinkage=0.05


Tree=90
num_leaves=4
num_cat=0
split_feature=4 4 9
split_gain=0.888375 2.81578 2.3381
threshold=0.059345381511856483 0.048153400710645576 1.1168731139810604
decision_type=2 2 2
left_child=1 2 -1
right_child=-2 -3 -4
leaf_value=-0.00070984905687994132 0.0024893990344967815 -0.0067867439984139509 0.0043279065422693217
leaf_weight=1498 276 159 267
leaf_count=1498 276 159 267
internal_value=-0.000137514 -0.000519823 6.23093e-05
internal_weight=2200 1924 1765
internal_count=2200 1924 1765
is_linear=0
shrinkage=0.05


Tree=91
num_leaves=6
num_cat=0
split_feature=13 4 8 9 11
split_gain=0.883297 1.61523 1.49598 1.2345 2.01328
threshold=-0.14669390627095044 0.057357013574566303 0.48307483020741543 1.1168731139810604 0.09566478273832088
decision_type=8 2 2 2 2
left_child=3 2 -2 4 -1
right_child=1 -3 -4 -5 -6
leaf_value=0.00053547761165855098 0.0040644057077140767 0.0043694547142635667 -0.00078251690577436645 0.001292271262288771 -0.0070956281633698381
leaf_weight=156 177 221 1266 193 187
leaf_count=156 177 221 1266 193 187
internal_value=-0.000130449 0.000438969 -0.000176006 -0.00188591 -0.00366709
internal_weight=2200 1664 1443 536 343
internal_count=2200 1664 1443 536 343
is_linear=0
shrinkage=0.05


Tree=92
num_leaves=5
num_cat=0
split_feature=13 8 8 7
split_gain=0.841706 1.38049 2.70212 1.30821
threshold=0.2609550578061246 0.71236139525394437 0.67689922486881249 -0.3533795846474867
decision_type=8 2 2 2
left_child=1 2 -1 -2
right_child=3 -3 -4 -5
leaf_value=-0.00083766630933512689 0.0044855348962137788 -0.0038005847831033036 0.0050627872153977136 -0.0014579455659259112
leaf_weight=1331 218 274 222 155
leaf_count=1331 218 274 222 155
internal_value=-0.000119379 -0.000562354 1.93392e-05 0.00202911
internal_weight=2200 1827 1553 373
internal_count=2200 1827 1553 373
is_linear=0
shrinkage=0.05


Tree=93
num_leaves=7
num_cat=0
split_feature=6 7 6 7 2 8
split_gain=0.803017 2.27685 1.90172 2.0271 1.97987 1.68488
threshold=6.8193884107315359 -0.77069110422869502 6.4388149874952516 1.0000000180025095e-35 0.045548356317760268 0.55861001651779041
decision_type=2 2 2 2 2 2
left_child=2 -2 3 -1 -4 -3
right_child=1 5 4 -5 -6 -7
leaf_value=-0.003736286989210798 0.0040143046145593485 0.00091547242719164715 -0.0012038744339305494 0.0014778879253357657 0.005016507390686752 -0.0041144176845399434
leaf_weight=347 163 248 193 392 365 492
leaf_count=347 163 248 193 392 365 492
internal_value=-0.000113179 -0.00125424 0.000683018 -0.000979101 0.00287343 -0.00243389
internal_weight=2200 903 1297 739 558 740
internal_count=2200 903 1297 739 558 740
is_linear=0
shrinkage=0.05


Tree=94
num_leaves=6
num_cat=0
split_feature=13 4 11 12 6
split_gain=0.796848 1.4803 1.47272 1.30907 1.01901
threshold=-0.14669390627095044 0.057357013574566303 0.9366467164954505 -0.66750634092622008 6.505410284682398
decision_type=8 2 2 2 2
left_child=3 2 -2 -1 -5
right_child=1 -3 -4 4 -6
leaf_value=-0.0056361598555201625 0.00045011916539388513 0.0041987207806792803 -0.0043589593128782215 0.002750863839520164 -0.0023861254438232744
leaf_weight=151 1266 221 177 163 222
leaf_count=151 1266 221 177 163 222
internal_value=-0.000104791 0.000435999 -0.000152783 -0.00177217 -0.00020386
internal_weight=2200 1664 1443 536 385
internal_count=2200 1664 1443 536 385
is_linear=0
shrinkage=0.05


Tree=95
num_leaves=5
num_cat=0
split_feature=8 8 1 10
split_gain=0.788167 1.2956 1.56347 1.39182
threshold=0.74503101687926343 0.66620285794737222 -0.80392245536071083 0.01
decision_type=2 2 2 2
left_child=1 3 -3 -1
right_child=-2 2 -4 -5
leaf_value=0.0026967328679242107 -0.0035101334546591826 -0.0019057340561325507 0.0039810324629599393 -0.0012797307835954921
leaf_weight=262 152 156 380 1250
leaf_count=262 152 156 380 1250
internal_value=-9.58055e-05 0.000165533 0.00226594 -0.00058407
internal_weight=2200 2048 536 1512
internal_count=2200 2048 536 1512
is_linear=0
shrinkage=0.05


Tree=96
num_leaves=5
num_cat=0
split_feature=9 7 9 6
split_gain=0.758113 2.68379 1.7646 1.05335
threshold=1.1168731139810604 0.63926798581446709 0.68681472206355876 6.6930571470894131
decision_type=2 2 2 2
left_child=1 2 -1 -2
right_child=3 -3 -4 -5
leaf_value=-0.00025494873913022075 0.0050338461509272757 -0.0049075470399111516 0.0051221135194952552 -0.00052167641572273705
leaf_weight=1413 155 285 166 181
leaf_count=1413 155 285 166 181
internal_value=-9.09029e-05 -0.000486262 0.000324725 0.00207737
internal_weight=2200 1864 1579 336
internal_count=2200 1864 1579 336
is_linear=0
shrinkage=0.05


Tree=97
num_leaves=6
num_cat=0
split_feature=13 7 5 7 7
split_gain=0.756372 1.29819 2.62 2.00876 1.16572
threshold=0.2609550578061246 -0.26781481910672283 -0.042500000000000003 0.079288384859300301 -0.3533795846474867
decision_type=8 2 2 2 2
left_child=1 2 -1 -3 -2
right_child=4 3 -4 -5 -6
leaf_value=-0.0068593826079347614 0.0042699657510047269 0.0046425025590374923 -1.4895707475093819e-05 -0.00053558450334178663 -0.0013411554429330864
leaf_weight=208 218 226 407 986 155
leaf_count=208 218 226 407 986 155
internal_value=-8.52219e-05 -0.000505203 -0.00236643 0.000445073 0.00195137
internal_weight=2200 1827 615 1212 373
internal_count=2200 1827 615 1212 373
is_linear=0
shrinkage=0.05


Tree=98
num_leaves=6
num_cat=0
split_feature=0 5 4 11 4
split_gain=0.738798 1.1255 2.22707 2.05397 0.581575
threshold=0.7875000000000002 -0.042500000000000003 0.021794494717703353 0.10022423955582795 0.018027756377319949
decision_type=2 2 2 2 2
left_child=1 3 -3 -1 -2
right_child=4 2 -4 -5 -6
leaf_value=0.0013072331234156818 5.0161484802837472e-05 -0.0013687921766168548 0.0033647948274576098 -0.0036444203090390671 -0.0040134189347676525
leaf_weight=438 161 417 602 393 189
leaf_count=438 161 417 602 393 189
internal_value=-8.02047e-05 0.000319906 0.00143047 -0.00104231 -0.00216979
internal_weight=2200 1850 1019 831 350
internal_count=2200 1850 1019 831 350
is_linear=0
shrinkage=0.05


Tree=99
num_leaves=5
num_cat=0
split_feature=8 8 0 12
split_gain=0.722059 1.20075 1.48241 1.42105
threshold=0.74503101687926343 0.66620285794737222 0.64750000000000008 -0.29028407546818441
decision_type=2 2 2 2
left_child=1 3 -3 -1
right_child=-2 2 -4 -5
leaf_value=0.0013248602731086414 -0.0033367182869630252 0.0040086348123853357 -0.001559312933504415 -0.0017916929149030512
leaf_weight=607 152 362 174 905
leaf_count=607 152 362 174 905
internal_value=-6.86798e-05 0.000181406 0.00220342 -0.000540294
internal_weight=2200 2048 536 1512
internal_count=2200 2048 536 1512
is_linear=0
shrinkage=0.05


Tree=100
num_leaves=7
num_cat=0
split_feature=6 7 6 8 7 8
split_gain=0.718345 2.03268 1.80647 1.90432 1.82599 1.55042
threshold=6.8193884107315359 -0.77069110422869502 6.4388149874952516 0.57887510855837132 1.0000000180025095e-35 0.55861001651779041
decision_type=2 2 2 2 2 2
left_child=2 -2 4 -4 -1 -3
right_child=1 5 3 -5 -6 -7
leaf_value=-0.003548328101037028 0.0038338885425002358 0.0009532538781001457 -0.0010551963940158811 0.0049915323123973874 0.0014004504168889972 -0.0038706764156257421
leaf_weight=347 163 248 201 357 392 492
leaf_count=347 163 248 201 357 392 492
internal_value=-6.43665e-05 -0.00114368 0.00068858 0.00282338 -0.000931496 -0.00225846
internal_weight=2200 903 1297 558 739 740
internal_count=2200 903 1297 558 739 740
is_linear=0
shrinkage=0.05


Tree=101
num_leaves=6
num_cat=0
split_feature=13 4 2 8 13
split_gain=0.704081 1.649 1.50752 1.81628 1.3517
threshold=-0.15197043850386163 0.057357013574566303 0.040850336595920481 0.65622121040277615 -0.097895179014912598
decision_type=8 2 2 2 8
left_child=2 4 -1 -4 -2
right_child=1 -3 3 -5 -6
leaf_value=0.0025159267502866925 0.0041742986018341857 0.0043763025305436354 -0.00024952136848348184 -0.0072614073080111696 -0.00070851035043971607
leaf_weight=150 154 225 209 161 1301
leaf_count=150 154 225 209 161 1301
internal_value=-5.61787e-05 0.000442106 -0.0016549 -0.00335678 -0.000179179
internal_weight=2200 1680 520 370 1455
internal_count=2200 1680 520 370 1455
is_linear=0
shrinkage=0.05


Tree=102
num_leaves=5
num_cat=0
split_feature=9 7 9 8
split_gain=0.715487 2.4289 1.61426 1.37316
threshold=1.1168731139810604 0.63926798581446709 0.68681472206355876 0.62220616919649985
decision_type=2 2 2 2
left_child=1 2 -1 -2
right_child=3 -3 -4 -5
leaf_value=-0.0002162043811730487 -0.0012814082364749277 -0.0046392362543927704 0.0049267516307587595 0.0050442146435791622
leaf_weight=1413 160 285 166 176
leaf_count=1413 160 285 166 176
internal_value=-4.89394e-05 -0.00043311 0.000338319 0.00205739
internal_weight=2200 1864 1579 336
internal_count=2200 1864 1579 336
is_linear=0
shrinkage=0.05


Tree=103
num_leaves=5
num_cat=0
split_feature=13 8 8 7
split_gain=0.682914 1.24461 2.3346 1.04926
threshold=0.2609550578061246 0.71236139525394437 0.67689922486881249 -0.3533795846474867
decision_type=8 2 2 2
left_child=1 2 -1 -2
right_child=3 -3 -4 -5
leaf_value=-0.00068851322383364712 0.004090081106176007 -0.0035184323941240604 0.0047960465945229595 -0.0012341132089886742
leaf_weight=1331 218 274 222 155
leaf_count=1331 218 274 222 155
internal_value=-4.45187e-05 -0.000443665 0.000108375 0.00189056
internal_weight=2200 1827 1553 373
internal_count=2200 1827 1553 373
is_linear=0
shrinkage=0.05


Tree=104
num_leaves=5
num_cat=0
split_feature=9 7 9 8
split_gain=0.672274 2.20253 1.50826 1.25583
threshold=1.1168731139810604 0.63926798581446709 0.68681472206355876 0.62220616919649985
decision_type=2 2 2 2
left_child=1 2 -1 -2
right_child=3 -3 -4 -5
leaf_value=-0.00021479624932387527 -0.0011930688839603329 -0.0044187439797478247 0.0047564228028549177 0.0048568884435608905
leaf_weight=1413 160 285 166 176
leaf_count=1413 160 285 166 176
internal_value=-4.10105e-05 -0.000413413 0.000321191 0.00200071
internal_weight=2200 1864 1579 336
internal_count=2200 1864 1579 336
is_linear=0
shrinkage=0.05


Tree=105
num_leaves=7
num_cat=0
split_feature=6 7 6 2 7 8
split_gain=0.658595 1.82464 1.68383 1.78437 1.67666 1.42206
threshold=6.8193884107315359 -0.77069110422869502 6.4388149874952516 0.045548356317760268 1.0000000180025095e-35 0.55861001651779041
decision_type=2 2 2 2 2 2
left_child=2 -2 4 -4 -1 -3
right_child=1 5 3 -5 -6 -7
leaf_value=-0.0033876443901714411 0.003645609388747419 0.00094884665491493797 -0.0011259216369268474 0.0047796740602525714 0.0013544097482942289 -0.0036705862421784145
leaf_weight=347 163 248 193 365 392 492
leaf_count=347 163 248 193 365 392 492
internal_value=-3.67184e-05 -0.00107022 0.000684176 0.0027452 -0.000880041 -0.00212647
internal_weight=2200 903 1297 558 739 740
internal_count=2200 903 1297 558 739 740
is_linear=0
shrinkage=0.05


Tree=106
num_leaves=4
num_cat=0
split_feature=8 11 11
split_gain=0.641242 1.29466 2.62568
threshold=0.49098576581049852 0.93194719561560657 0.58436769656310694
decision_type=2 2 2
left_child=-1 2 -2
right_child=1 -3 -4
leaf_value=0.0023113404914137524 -0.00083578032387903204 -0.0037320707907627635 0.0040389936394672208
leaf_weight=253 1365 241 341
leaf_count=253 1365 241 341
internal_value=-3.14244e-05 -0.000340992 0.000147559
internal_weight=2200 1947 1706
internal_count=2200 1947 1706
is_linear=0
shrinkage=0.05


Tree=107
num_leaves=6
num_cat=0
split_feature=0 5 11 11 5
split_gain=0.628812 1.10409 2.09982 1.93373 0.547846
threshold=0.7875000000000002 -0.042500000000000003 0.48097135861775658 0.10022423955582795 0.17000000000000001
decision_type=2 2 2 2 2
left_child=1 3 -3 -1 -2
right_child=4 2 -4 -5 -6
leaf_value=0.001269652921854651 -0.0036674069719029468 -0.00018759966697817778 0.0045879979034149252 -0.0035348686503407891 0.00029010066064074638
leaf_weight=438 197 675 344 393 153
leaf_count=438 197 675 344 393 153
internal_value=-2.98224e-05 0.000339203 0.0014391 -0.00101007 -0.00195769
internal_weight=2200 1850 1019 831 350
internal_count=2200 1850 1019 831 350
is_linear=0
shrinkage=0.05


Tree=108
num_leaves=5
num_cat=0
split_feature=13 8 8 7
split_gain=0.633356 1.15561 2.15338 0.939165
threshold=0.2609550578061246 0.71236139525394437 0.67689922486881249 -0.3533795846474867
decision_type=8 2 2 2
left_child=1 2 -1 -2
right_child=3 -3 -4 -5
leaf_value=-0.00064011556365846834 0.0039220090450681417 -0.0033693855067574853 0.004627288050440834 -0.0011161270165757741
leaf_weight=1331 218 274 222 155
leaf_count=1331 218 274 222 155
internal_value=-2.21455e-05 -0.000406582 0.000125289 0.00184134
internal_weight=2200 1827 1553 373
internal_count=2200 1827 1553 373
is_linear=0
shrinkage=0.05


Tree=109
num_leaves=5
num_cat=0
split_feature=9 7 4 6
split_gain=0.632723 2.01887 1.46424 0.844579
threshold=1.1168731139810604 0.63926798581446709 0.058756645174948705 6.6930571470894131
decision_type=2 2 2 2
left_child=1 2 -1 -2
right_child=3 -3 -4 -5
leaf_value=-0.00025617606684254208 0.0046082855115128036 -0.0042155271281632753 0.0043102496224849381 -0.00036853937055384843
leaf_weight=1383 155 285 196 181
leaf_count=1383 155 285 196 181
internal_value=-1.94729e-05 -0.0003808 0.000322467 0.00196122
internal_weight=2200 1864 1579 336
internal_count=2200 1864 1579 336
is_linear=0
shrinkage=0.05


Tree=110
num_leaves=7
num_cat=0
split_feature=1 0 3 6 1 0
split_gain=0.594456 2.18037 2.04306 2.43696 1.87832 0.825175
threshold=-0.82837392047181946 0.39750000000000008 0.26227157876952695 7.0649983007962751 -0.1882505270914844 0.27000000000000007
decision_type=2 2 2 2 2 2
left_child=1 5 4 -4 -2 -1
right_child=2 -3 3 -5 -6 -7
leaf_value=-0.00089556704023193736 0.0065936175581361323 -0.0057759945129692873 0.00046726552120595136 -0.0055592617613250675 0.00074694574031766237 0.0034770741593092682
leaf_weight=327 206 186 714 214 398 155
leaf_count=327 206 186 714 214 398 155
internal_value=-1.51716e-05 -0.0012544 0.000527494 -0.000944817 0.00277877 0.000531835
internal_weight=2200 668 1532 928 604 482
internal_count=2200 668 1532 928 604 482
is_linear=0
shrinkage=0.05


Tree=111
num_leaves=4
num_cat=0
split_feature=8 11 11
split_gain=0.594966 1.18902 2.37859
threshold=0.49098576581049852 0.93194719561560657 0.58436769656310694
decision_type=2 2 2
left_child=-1 2 -2
right_child=1 -3 -4
leaf_value=0.0022426530749486517 -0.00078000251825790124 -0.0035619736204256982 0.0038597475298588848
leaf_weight=253 1365 241 341
leaf_count=253 1365 241 341
internal_value=-1.39555e-05 -0.00031218 0.000155973
internal_weight=2200 1947 1706
internal_count=2200 1947 1706
is_linear=0
shrinkage=0.05


Tree=112
num_leaves=6
num_cat=0
split_feature=13 7 5 7 7
split_gain=0.592873 1.16846 2.33532 1.93748 0.850282
threshold=0.2609550578061246 -0.26781481910672283 -0.042500000000000003 0.079288384859300301 -0.3533795846474867
decision_type=8 2 2 2 2
left_child=1 2 -1 -3 -2
right_child=4 3 -4 -5 -6
leaf_value=-0.0063926205222665433 0.0037696165047040953 0.00463849362212705 6.8327575668837264e-05 -0.00044709342348837606 -0.0010249312242376618
leaf_weight=208 218 226 407 986 155
leaf_count=208 218 226 407 986 155
internal_value=-1.28886e-05 -0.000384855 -0.00215077 0.00051637 0.00179004
internal_weight=2200 1827 615 1212 373
internal_count=2200 1827 615 1212 373
is_linear=0
shrinkage=0.05


Tree=113
num_leaves=5
num_cat=0
split_feature=4 2 2 0
split_gain=0.595548 1.11976 3.46075 1.61409
threshold=0.07564307353168935 0.071527843323215531 0.058526465321494532 0.31750000000000006
decision_type=2 2 2 2
left_child=1 2 -1 -3
right_child=-2 3 -4 -5
leaf_value=-0.00067016965936651839 0.0029579100792242845 0.0021098541541893583 0.0055506021541496409 -0.00349574687752698
leaf_weight=1138 152 173 273 464
leaf_count=1138 152 173 273 464
internal_value=-1.02022e-05 -0.000237159 0.000548774 -0.00196877
internal_weight=2200 2048 1411 637
internal_count=2200 2048 1411 637
is_linear=0
shrinkage=0.05


Tree=114
num_leaves=5
num_cat=0
split_feature=8 8 1 13
split_gain=0.590714 1.03444 1.47248 1.20066
threshold=0.74503101687926343 0.66620285794737222 -0.80392245536071083 0.081255740730093493
decision_type=2 2 2 10
left_child=1 3 -3 -1
right_child=-2 2 -4 -5
leaf_value=0.00046982100414158382 -0.0029652833499631305 -0.0019527991044896176 0.0037583741641833215 -0.0025925540146872904
leaf_weight=1059 152 156 380 453
leaf_count=1059 152 156 380 453
internal_value=-9.28629e-06 0.000216792 0.00209348 -0.000453197
internal_weight=2200 2048 536 1512
internal_count=2200 2048 536 1512
is_linear=0
shrinkage=0.05


Tree=115
num_leaves=5
num_cat=0
split_feature=9 7 8 8
split_gain=0.57121 1.86745 1.43795 1.13341
threshold=1.1168731139810604 0.63926798581446709 0.67689922486881249 0.62220616919649985
decision_type=2 2 2 2
left_child=1 2 -1 -2
right_child=3 -3 -4 -5
leaf_value=-0.00052218719499083752 -0.0011580345747554959 -0.0040379279054669212 0.0029947393891151131 0.0045890092986085309
leaf_weight=1201 160 285 378 176
leaf_count=1201 160 285 378 176
internal_value=-6.45655e-06 -0.000349798 0.000326532 0.00187547
internal_weight=2200 1864 1579 336
internal_count=2200 1864 1579 336
is_linear=0
shrinkage=0.05


Tree=116
num_leaves=6
num_cat=0
split_feature=13 12 13 4 3
split_gain=0.573361 1.23605 1.18771 1.70141 1.06338
threshold=-0.14669390627095044 -0.59128824478827979 -0.10049798520968985 0.057357013574566303 0.19240616582852113
decision_type=8 2 8 2 2
left_child=1 -1 -2 -4 -3
right_child=2 4 3 -5 -6
leaf_value=-0.0049177041491676333 0.0045953239426965928 0.0030839249277594448 -0.00064458808742504797 0.0041931128068672611 -0.0022310309035692183
leaf_weight=167 152 169 1306 206 200
leaf_count=167 152 169 1306 206 200
internal_value=-2.46977e-06 -0.00141701 0.000456056 2.61647e-05 0.000211876
internal_weight=2200 536 1664 1512 369
internal_count=2200 536 1664 1512 369
is_linear=0
shrinkage=0.05


Tree=117
num_leaves=7
num_cat=0
split_feature=1 0 3 6 6 13
split_gain=0.559682 1.98259 1.85471 2.21482 1.90018 1.10608
threshold=-0.82837392047181946 0.39750000000000008 0.26227157876952695 7.0649983007962751 6.3419804333569099 0.048729834475408164
decision_type=2 2 2 2 2 10
left_child=1 5 4 -4 -2 -1
right_child=2 -3 3 -5 -6 -7
leaf_value=0.0030299279300047403 -0.0015017925411784604 -0.0055107576060669586 0.00047296834688618133 -0.0052722059726102721 0.0045290926320535564 -0.0017226507097886136
leaf_weight=225 186 186 714 214 418 257
leaf_count=225 186 186 714 214 418 257
internal_value=3.36017e-06 -0.00119912 0.000529873 -0.000873043 0.00267482 0.000504207
internal_weight=2200 668 1532 928 604 482
internal_count=2200 668 1532 928 604 482
is_linear=0
shrinkage=0.05


Tree=118
num_leaves=5
num_cat=0
split_feature=8 0 13 12
split_gain=0.580326 0.920174 1.67981 1.50738
threshold=0.74503101687926343 0.64750000000000008 -0.24696867510489304 -0.43247830976182328
decision_type=2 2 10 2
left_child=1 2 -1 -3
right_child=-2 3 -4 -5
leaf_value=0.0053818984832164022 -0.0029264454830698911 0.0017703416420974665 0.00027530790585278886 -0.0031265919145551466
leaf_weight=181 152 247 1205 415
leaf_count=181 152 247 1205 415
internal_value=3.47448e-06 0.000227527 0.000959134 -0.00129991
internal_weight=2200 2048 1386 662
internal_count=2200 2048 1386 662
is_linear=0
shrinkage=0.05


Tree=119
num_leaves=4
num_cat=0
split_feature=8 11 11
split_gain=0.573086 1.08028 2.16774
threshold=0.49098576581049852 0.93194719561560657 0.58436769656310694
decision_type=2 2 2
left_child=-1 2 -2
right_child=1 -3 -4
leaf_value=0.002218962398171786 -0.00073579975101189382 -0.003386094562361032 0.0036935375869136867
leaf_weight=253 1365 241 341
leaf_count=253 1365 241 341
internal_value=4.27727e-06 -0.000288453 0.000157755
internal_weight=2200 1947 1706
internal_count=2200 1947 1706
is_linear=0
shrinkage=0.05


Tree=120
num_leaves=7
num_cat=0
split_feature=1 0 3 12 6 13
split_gain=0.541296 1.81622 1.71657 1.40864 1.26006 0.986295
threshold=-0.82837392047181946 0.39750000000000008 -0.46852128566581802 -0.42260296427039018 6.5461537857144441 0.048729834475408164
decision_type=2 2 2 2 2 10
left_child=1 5 4 -4 -2 -1
right_child=2 -3 3 -5 -6 -7
leaf_value=0.00283787872333525 0.00015722810201645819 -0.0053046222473860415 0.0018215851377816139 -0.0017386877438921883 0.0061147663328887485 -0.0016498913347964596
leaf_weight=225 157 186 440 735 200 257
leaf_count=225 157 186 440 735 200 257
internal_value=4.64047e-06 -0.00117792 0.00052243 -0.00040341 0.00353314 0.00045265
internal_weight=2200 668 1532 1175 357 482
internal_count=2200 668 1532 1175 357 482
is_linear=0
shrinkage=0.05


Tree=121
num_leaves=7
num_cat=0
split_feature=13 12 0 0 11 3
split_gain=0.539375 1.22872 1.18398 2.90997 0.919594 0.90468
threshold=-0.14669390627095044 -0.59128824478827979 0.44000000000000006 0.56750000000000012 0.7852043629275206 0.19240616582852113
decision_type=8 2 2 2 2 2
left_child=1 -1 4 -4 -2 -3
right_child=2 5 3 -5 -6 -7
leaf_value=-0.004856890934684617 2.1545535529064068e-05 0.0029052844533332808 0.0061206440808195053 -0.0002151522290960108 -0.0039229601887200262 -0.0019972079289259344
leaf_weight=167 641 169 259 577 187 200
leaf_count=167 641 169 259 577 187 200
internal_value=5.464e-06 -0.00136653 0.000450175 0.00177245 -0.000887503 0.00025693
internal_weight=2200 536 1664 836 828 369
internal_count=2200 536 1664 836 828 369
is_linear=0
shrinkage=0.05


Tree=122
num_leaves=7
num_cat=0
split_feature=6 7 6 8 7 11
split_gain=0.548766 1.63596 1.48735 1.75826 1.53871 1.36411
threshold=6.8193884107315359 -0.77069110422869502 6.4388149874952516 0.57887510855837132 1.0000000180025095e-35 -0.54844526120875192
decision_type=2 2 2 2 2 2
left_child=2 -2 4 -4 -1 -3
right_child=1 5 3 -5 -6 -7
leaf_value=-0.0032016513960446574 0.0035340440046205744 0.00038618932629771725 -0.0011167739988734169 0.0046916286230716956 0.0013409256968548713 -0.0039020917366522252
leaf_weight=347 163 342 201 357 392 398
leaf_count=347 163 342 201 357 392 398
internal_value=1.30905e-05 -0.000930414 0.000671029 0.00260802 -0.000799239 -0.00193092
internal_weight=2200 903 1297 558 739 740
internal_count=2200 903 1297 558 739 740
is_linear=0
shrinkage=0.05


Tree=123
num_leaves=5
num_cat=0
split_feature=8 7 7 11
split_gain=0.554063 1.00175 3.03995 1.80031
threshold=0.49098576581049852 -0.616469527165039 -0.18614526224139274 0.31333646127364068
decision_type=2 2 2 2
left_child=-1 3 -3 -2
right_child=1 2 -4 -5
leaf_value=0.0021956212597072501 -0.00081726691416657445 -0.0050952581645625676 0.00031566255176006632 0.0053867454024807077
leaf_weight=253 285 331 1139 192
leaf_count=253 285 331 1139 192
internal_value=1.80331e-05 -0.00026983 -0.000915857 0.00170992
internal_weight=2200 1947 1470 477
internal_count=2200 1947 1470 477
is_linear=0
shrinkage=0.05


Tree=124
num_leaves=5
num_cat=0
split_feature=8 8 12 12
split_gain=0.546527 0.869066 1.36622 1.30538
threshold=0.74503101687926343 0.66620285794737222 0.63621849465224611 0.074181011883204404
decision_type=2 2 2 2
left_child=1 3 -3 -1
right_child=-2 2 -4 -5
leaf_value=0.0010079547581080446 -0.0028237552803223303 0.0003529287335009147 0.0059047424201614778 -0.0019256631085865863
leaf_weight=799 152 385 151 713
leaf_count=799 152 385 151 713
internal_value=1.96018e-05 0.000236995 0.00195708 -0.000377212
internal_weight=2200 2048 536 1512
internal_count=2200 2048 536 1512
is_linear=0
shrinkage=0.05


Tree=125
num_leaves=4
num_cat=0
split_feature=4 4 9
split_gain=0.525785 1.09154 1.67532
threshold=0.07564307353168935 0.048153400710645576 1.1168731139810604
decision_type=2 2 2
left_child=1 2 -1
right_child=-2 -3 -4
leaf_value=-0.00038154618117877139 0.0028098540585250803 -0.0030465612504258391 0.0038830066664077632
leaf_weight=1498 152 283 267
leaf_count=1498 152 283 267
internal_value=2.10664e-05 -0.000192253 0.00027272
internal_weight=2200 2048 1765
internal_count=2200 2048 1765
is_linear=0
shrinkage=0.05


Tree=126
num_leaves=7
num_cat=0
split_feature=13 0 7 12 0 0
split_gain=0.547975 1.13111 2.75443 1.12728 0.910181 0.874735
threshold=-0.14669390627095044 0.44000000000000006 0.36645556939638552 -0.59128824478827979 0.15000000000000005 0.64750000000000008
decision_type=8 2 2 2 2 2
left_child=3 4 -3 -1 -2 -5
right_child=1 2 -4 5 -6 -7
leaf_value=-0.0047049164172359419 0.0021713473854800109 0.00031369824624723859 0.0074259445539604854 0.0025745699128516368 -0.0017383680217942768 -0.0022299582957280204
leaf_weight=167 189 670 166 186 639 183
leaf_count=167 189 670 166 186 639 183
internal_value=2.11248e-05 0.000469332 0.00176169 -0.0013618 -0.000838256 0.000193879
internal_weight=2200 1664 836 536 828 369
internal_count=2200 1664 836 536 828 369
is_linear=0
shrinkage=0.05


Tree=127
num_leaves=4
num_cat=0
split_feature=3 3 11
split_gain=0.51733 1.48069 2.17576
threshold=-1.4142135623730965 -1.0876776499734875 -0.95633664244672689
decision_type=2 2 2
left_child=-1 -2 -3
right_child=1 2 -4
leaf_value=-0.0018884802748025801 0.0042409535567817644 -0.005656466200880627 0.00041873649442437282
leaf_weight=299 210 158 1533
leaf_count=299 210 158 1533
internal_value=2.70838e-05 0.000332538 -0.000163908
internal_weight=2200 1901 1691
internal_count=2200 1901 1691
is_linear=0
shrinkage=0.05


Tree=128
num_leaves=7
num_cat=0
split_feature=5 3 3 11 13 4
split_gain=0.517547 1.92857 2.39554 1.66193 4.99234 1.69179
threshold=-0.022500000000000003 0.57735026918963228 -0.63245553203367588 0.48097135861775658 -0.087417186921238454 0.021794494717703353
decision_type=2 2 2 2 10 2
left_child=1 2 -1 5 -5 -2
right_child=3 -3 -4 4 -6 -7
leaf_value=-0.0015819653683089624 -0.0032505267609341834 -0.0052616963341482331 0.0045136823436812915 -0.0019491538913586595 0.0087845547839466385 0.0012848507857344984
leaf_weight=518 348 192 228 223 203 488
leaf_count=518 348 192 228 223 203 488
internal_value=2.56425e-05 -0.00086133 0.000298695 0.000685695 0.00320831 -0.000611183
internal_weight=2200 938 746 1262 426 836
internal_count=2200 938 746 1262 426 836
is_linear=0
shrinkage=0.05


Tree=129
num_leaves=7
num_cat=0
split_feature=1 0 3 12 8 0
split_gain=0.513522 1.7335 1.52907 1.60371 1.35988 0.772894
threshold=-0.82837392047181946 0.39750000000000008 -0.57735026918962296 -0.42260296427039018 0.63054237865119533 0.27000000000000007
decision_type=2 2 2 2 2 2
left_child=1 5 4 -4 -2 -1
right_child=2 -3 3 -5 -6 -7
leaf_value=-0.0009053239590805361 0.00017017732909018244 -0.0051487324544818615 0.0020431687373986831 -0.0017012244939222617 0.0065938830338204387 0.0033263208670541648
leaf_weight=327 157 186 455 751 169 155
leaf_count=327 157 186 455 751 169 155
internal_value=3.48627e-05 -0.00111703 0.000539126 -0.000285936 0.00354956 0.000475655
internal_weight=2200 668 1532 1206 326 482
internal_count=2200 668 1532 1206 326 482
is_linear=0
shrinkage=0.05


Tree=130
num_leaves=4
num_cat=0
split_feature=8 11 11
split_gain=0.518889 0.967316 1.91001
threshold=0.49098576581049852 0.93194719561560657 0.58436769656310694
decision_type=2 2 2
left_child=-1 2 -2
right_child=1 -3 -4
leaf_value=0.0021429416557640613 -0.00065967386230285938 -0.0031742078440483452 0.0034980511351022873
leaf_weight=253 1365 241 341
leaf_count=253 1365 241 341
internal_value=3.56446e-05 -0.000242973 0.000179177
internal_weight=2200 1947 1706
internal_count=2200 1947 1706
is_linear=0
shrinkage=0.05


Tree=131
num_leaves=5
num_cat=0
split_feature=8 0 13 12
split_gain=0.515152 0.789058 1.49457 1.27049
threshold=0.74503101687926343 0.64750000000000008 -0.24696867510489304 -0.43247830976182328
decision_type=2 2 10 2
left_child=1 2 -1 -3
right_child=-2 3 -4 -5
leaf_value=0.0050949766508883165 -0.0027258457200732204 0.0016495872457559767 0.00027806486434126199 -0.0028459117468533114
leaf_weight=181 152 247 1205 415
leaf_count=181 152 247 1205 415
internal_value=3.47299e-05 0.000245756 0.000923166 -0.0011688
internal_weight=2200 2048 1386 662
internal_count=2200 2048 1386 662
is_linear=0
shrinkage=0.05


Tree=132
num_leaves=7
num_cat=0
split_feature=1 3 6 6 3 3
split_gain=0.496273 1.41873 1.9983 1.68345 0.866423 1.56002
threshold=-0.82837392047181946 0.26227157876952695 7.0649983007962751 6.3419804333569099 -0.68798135036729646 -1.0876776499734875
decision_type=2 2 2 2 2 2
left_child=4 3 -3 -2 5 -1
right_child=1 2 -4 -5 -6 -7
leaf_value=-0.00024491221388327141 -0.0015232444756183743 0.0005803646423067605 -0.004876210798454135 0.0041514570729578046 0.0020533364137118484 -0.0062030370461434361
leaf_weight=352 186 714 214 418 161 155
leaf_count=352 186 714 214 418 161 155
internal_value=3.4219e-05 0.000529941 -0.000697329 0.00240579 -0.00109817 -0.00210922
internal_weight=2200 1532 928 604 668 507
internal_count=2200 1532 928 604 668 507
is_linear=0
shrinkage=0.05


Tree=133
num_leaves=5
num_cat=0
split_feature=4 2 2 2
split_gain=0.501132 0.983372 3.19385 1.60947
threshold=0.07564307353168935 0.071527843323215531 0.058526465321494532 0.081306601943391607
decision_type=2 2 2 2
left_child=1 2 -1 -3
right_child=-2 3 -4 -5
leaf_value=-0.00060634039289848471 0.0027593145390177611 -0.005966096152277554 0.0053698208989896275 -0.00028882142235925204
leaf_weight=1138 152 165 273 472
leaf_count=1138 152 165 273 472
internal_value=3.67217e-05 -0.000171574 0.000564804 -0.0017944
internal_weight=2200 2048 1411 637
internal_count=2200 2048 1411 637
is_linear=0
shrinkage=0.05


Tree=134
num_leaves=5
num_cat=0
split_feature=8 8 7 10
split_gain=0.483469 0.770434 1.8702 1.17804
threshold=0.74503101687926343 0.67689922486881249 0.65594262637546719 0.01
decision_type=2 2 2 2
left_child=1 3 -3 -1
right_child=-2 2 -4 -5
leaf_value=0.0026968690584725265 -0.0026361871095504732 0.0044142015295762088 -0.0023743896306349108 -0.00087990362667926037
leaf_weight=273 152 289 151 1335
leaf_count=273 152 289 151 1335
internal_value=3.81623e-05 0.000242586 0.00208398 -0.000266176
internal_weight=2200 2048 440 1608
internal_count=2200 2048 440 1608
is_linear=0
shrinkage=0.05


Tree=135
num_leaves=5
num_cat=0
split_feature=8 7 7 2
split_gain=0.478786 0.924536 2.77401 1.68318
threshold=0.49098576581049852 -0.616469527165039 -0.18614526224139274 0.075232851633524847
decision_type=2 2 2 2
left_child=-1 3 -3 -2
right_child=1 2 -4 -5
leaf_value=0.002062067862464947 0.0037528501818318428 -0.0048429170527968038 0.00032583129009349155 -0.0024771761881732723
leaf_weight=253 318 331 1139 159
leaf_count=253 318 331 1139 159
internal_value=3.78495e-05 -0.000229793 -0.000850488 0.00167202
internal_weight=2200 1947 1470 477
internal_count=2200 1947 1470 477
is_linear=0
shrinkage=0.05


Tree=136
num_leaves=5
num_cat=0
split_feature=3 3 6 5
split_gain=0.48264 1.49922 1.2955 0.711725
threshold=-1.4142135623730943 -1.0876776499734875 6.8544545719106997 -0.070000000000000007
decision_type=2 2 2 2
left_child=3 -2 -3 -1
right_child=1 2 -4 -5
leaf_value=-0.0040731985596911355 0.0044596542915296411 0.00096610624700605775 -0.0018625131748435761 0.0006191253684963917
leaf_weight=158 193 1032 659 158
leaf_count=158 193 1032 659 158
internal_value=3.86127e-05 0.000343121 -0.000138477 -0.00175394
internal_weight=2200 1884 1691 316
internal_count=2200 1884 1691 316
is_linear=0
shrinkage=0.05


Tree=137
num_leaves=4
num_cat=0
split_feature=4 4 9
split_gain=0.477561 2.21871 1.54192
threshold=0.059345381511856483 0.048153400710645576 1.1168731139810604
decision_type=2 2 2
left_child=1 2 -1
right_child=-2 -3 -4
leaf_value=-0.0003540637454914 0.0019638007880002925 -0.0058056262202515474 0.003737198576837888
leaf_weight=1498 276 159 267
leaf_count=1498 276 159 267
internal_value=3.8125e-05 -0.00024249 0.00027365
internal_weight=2200 1924 1765
internal_count=2200 1924 1765
is_linear=0
shrinkage=0.05


Tree=138
num_leaves=7
num_cat=0
split_feature=13 12 0 8 0 0
split_gain=0.496549 1.14863 1.1201 2.58209 0.825867 0.754816
threshold=-0.14669390627095044 -0.59128824478827979 0.44000000000000006 0.65504132574206941 0.15000000000000005 0.64750000000000008
decision_type=8 2 2 2 2 2
left_child=1 -1 4 -4 -2 -3
right_child=2 5 3 -5 -6 -7
leaf_value=-0.0046532850926078659 0.0020306400390592864 0.0025007837856705281 -0.00034688313825121617 0.0054047272798486952 -0.001693868293605531 -0.0019625827410484991
leaf_weight=167 189 186 534 302 639 183
leaf_count=167 189 186 534 302 639 183
internal_value=3.79562e-05 -0.00127852 0.000464574 0.00175063 -0.000836623 0.000290599
internal_weight=2200 536 1664 836 828 369
internal_count=2200 536 1664 836 828 369
is_linear=0
shrinkage=0.05


Tree=139
num_leaves=7
num_cat=0
split_feature=5 3 3 11 13 4
split_gain=0.46674 1.7373 2.08206 1.4929 4.61572 1.57213
threshold=-0.022500000000000003 0.57735026918963228 -0.63245553203367588 0.48097135861775658 -0.087417186921238454 0.021794494717703353
decision_type=2 2 2 2 10 2
left_child=1 2 -1 5 -5 -2
right_child=3 -3 -4 4 -6 -7
leaf_value=-0.0014501946906429622 -0.0031021479172262736 -0.004974077693257614 0.0042326743532643679 -0.0018963116755976604 0.0084242725985509779 0.0012697950337775446
leaf_weight=518 348 192 228 223 203 488
leaf_count=518 348 192 228 223 203 488
internal_value=4.47657e-05 -0.000797595 0.000303277 0.000671539 0.00306239 -0.000557728
internal_weight=2200 938 746 1262 426 836
internal_count=2200 938 746 1262 426 836
is_linear=0
shrinkage=0.05


Tree=140
num_leaves=7
num_cat=0
split_feature=1 3 12 8 2 3
split_gain=0.466229 1.29876 1.44898 1.26526 0.842132 1.10208
threshold=-0.82837392047181946 -0.57735026918962296 -0.42260296427039018 0.63054237865119533 0.056570793236405618 -0.9622504486493767
decision_type=2 2 2 2 2 2
left_child=4 3 -3 -2 -1 -6
right_child=1 2 -4 -5 5 -7
leaf_value=-0.0030595046456159437 5.1788429091512064e-05 0.0019865575873510631 -0.001572575770388111 0.00624428074499164 0.002832831192195458 -0.002528480501735912
leaf_weight=288 157 455 751 169 215 165
leaf_count=288 157 455 751 169 215 165
internal_value=5.2966e-05 0.000533405 -0.000227127 0.00330784 -0.00104466 0.000502289
internal_weight=2200 1532 1206 326 668 380
internal_count=2200 1532 1206 326 668 380
is_linear=0
shrinkage=0.05


Tree=141
num_leaves=4
num_cat=0
split_feature=8 10 13
split_gain=0.473294 0.723408 1.098
threshold=0.74503101687926343 0.009999999999999969 0.090307692679406595
decision_type=2 2 10
left_child=1 -1 -3
right_child=-2 2 -4
leaf_value=0.0033316150642931463 -0.0025913698942797961 0.00075858466730244353 -0.0018745190254515617
leaf_weight=170 152 1318 560
leaf_count=170 152 1318 560
internal_value=5.47355e-05 0.000256959 -2.9472e-05
internal_weight=2200 2048 1878
internal_count=2200 2048 1878
is_linear=0
shrinkage=0.05


Tree=142
num_leaves=4
num_cat=0
split_feature=8 13 2
split_gain=0.453719 0.900256 1.4246
threshold=0.49098576581049852 0.25802970660469232 0.081306601943391607
decision_type=2 10 2
left_child=-1 2 -2
right_child=1 -3 -4
leaf_value=0.0020232783241536786 -0.0013861700725201376 0.0034240639309149005 0.0017630338136597969
leaf_weight=253 1305 152 490
leaf_count=253 1305 152 490
internal_value=5.27904e-05 -0.000207788 -0.000523989
internal_weight=2200 1947 1795
internal_count=2200 1947 1795
is_linear=0
shrinkage=0.05


Tree=143
num_leaves=5
num_cat=0
split_feature=2 2 2 11
split_gain=0.459562 1.05286 3.18815 1.15845
threshold=0.11837293174009798 0.081306601943391607 0.072584954123317488 0.27981888508858394
decision_type=2 2 2 2
left_child=1 2 -1 -3
right_child=-2 3 -4 -5
leaf_value=0.00043850587674227183 -0.0024387086489988758 0.00032190827359880771 -0.0068312570333503011 0.0057668457833333934
leaf_weight=1470 166 241 163 160
leaf_count=1470 166 241 163 160
internal_value=5.11768e-05 0.000259865 -0.000305772 0.00253872
internal_weight=2200 2034 1633 401
internal_count=2200 2034 1633 401
is_linear=0
shrinkage=0.05


Tree=144
num_leaves=6
num_cat=0
split_feature=13 13 4 12 3
split_gain=0.445048 1.1071 1.57562 1.09319 0.709155
threshold=-0.14669390627095044 -0.10049798520968985 0.057357013574566303 -0.59128824478827979 0.70352647068145002
decision_type=8 8 2 2 2
left_child=3 -2 -3 -1 -5
right_child=1 2 -4 4 -6
leaf_value=-0.0044887577086757486 0.004450209944206438 -0.00060674752172066324 0.0040486980647828552 0.0022288091446732161 -0.0021341237020114381
leaf_weight=167 152 1306 206 209 160
leaf_count=167 152 1306 206 209 160
internal_value=5.00139e-05 0.000453872 3.878e-05 -0.00119636 0.000333783
internal_weight=2200 1664 1512 536 369
internal_count=2200 1664 1512 536 369
is_linear=0
shrinkage=0.05


Tree=145
num_leaves=6
num_cat=0
split_feature=1 0 7 6 13
split_gain=0.454606 1.61207 1.30268 1.64811 0.851067
threshold=-0.82837392047181946 0.39750000000000008 -0.77069110422869502 6.8544545719106997 0.048729834475408164
decision_type=2 2 2 2 10
left_child=1 4 -2 -4 -1
right_child=2 -3 3 -5 -6
leaf_value=0.0027196388269025511 0.0040795111099107412 -0.0049188976883108087 0.0012809607412667616 -0.0023710725940193755 -0.0014495201089442975
leaf_weight=225 216 186 831 485 257
leaf_count=225 216 186 831 485 257
internal_value=5.2999e-05 -0.00103086 0.00052741 -6.88436e-05 0.000504605
internal_weight=2200 668 1532 1316 482
internal_count=2200 668 1532 1316 482
is_linear=0
shrinkage=0.05


Tree=146
num_leaves=5
num_cat=0
split_feature=3 3 11 5
split_gain=0.43825 1.35885 1.82313 0.625512
threshold=-1.4142135623730943 -1.0876776499734875 -0.91177697653052536 -0.070000000000000007
decision_type=2 2 2 2
left_child=3 -2 -3 -1
right_child=1 2 -4 -5
leaf_value=-0.0038308923431969268 0.0042606995481000555 -0.004225373962122643 0.00053556706368447699 0.00056834473782447538
leaf_weight=158 193 228 1463 158
leaf_count=158 193 228 1463 158
internal_value=5.14846e-05 0.000341619 -0.000116922 -0.00165668
internal_weight=2200 1884 1691 316
internal_count=2200 1884 1691 316
is_linear=0
shrinkage=0.05


Tree=147
num_leaves=4
num_cat=0
split_feature=8 2 2
split_gain=0.442561 0.711497 0.971851
threshold=0.74503101687926343 0.11837293174009798 0.081306601943391607
decision_type=2 2 2
left_child=1 2 -1
right_child=-2 -3 -4
leaf_value=-5.3402360091118817e-05 -0.0025090546139581189 -0.0029795290182305567 0.002770693961584701
leaf_weight=1519 152 153 376
leaf_count=1519 152 153 376
internal_value=4.9688e-05 0.000245243 0.000512763
internal_weight=2200 2048 1895
internal_count=2200 2048 1895
is_linear=0
shrinkage=0.05


Tree=148
num_leaves=6
num_cat=0
split_feature=1 7 6 9 7
split_gain=0.424963 1.20061 1.49436 0.798364 2.21878
threshold=-0.82837392047181946 -0.77069110422869502 6.8544545719106997 -0.68778021799977707 0.11667648075896438
decision_type=2 2 2 2 2
left_child=3 -2 -3 -1 -5
right_child=1 2 -4 4 -6
leaf_value=-0.0035226533104824424 0.0039162541571077453 0.0012190391099740224 -0.0022584850753524471 0.0043391922901163957 -0.0026663309881984391
leaf_weight=209 216 831 485 185 274
leaf_count=209 216 831 485 185 274
internal_value=4.74574e-05 0.000506149 -6.62687e-05 -0.00100046 0.000173578
internal_weight=2200 1532 1316 668 459
internal_count=2200 1532 1316 668 459
is_linear=0
shrinkage=0.05


Tree=149
num_leaves=5
num_cat=0
split_feature=6 12 12 5
split_gain=0.431731 2.20923 1.46532 1.5183
threshold=6.1874834465657207 0.16067078835273518 0.87035568673415298 -0.030000000000000009
decision_type=2 2 2 2
left_child=1 -1 3 -2
right_child=2 -3 -4 -5
leaf_value=-0.004230211653655557 -0.00082756017144176093 0.0024829251940332656 -0.0029472647359344755 0.0024401718871989654
leaf_weight=271 615 216 267 831
leaf_count=271 615 216 267 831
internal_value=4.82669e-05 -0.00125775 0.000422142 0.00105231
internal_weight=2200 487 1713 1446
internal_count=2200 487 1713 1446
is_linear=0
shrinkage=0.05


Tree=150
num_leaves=5
num_cat=0
split_feature=0 5 11 1
split_gain=0.422899 0.772328 2.25777 1.37325
threshold=0.15000000000000005 -0.042500000000000003 0.10022423955582795 -0.24259494887804711
decision_type=2 2 2 2
left_child=-1 2 -2 -3
right_child=1 3 -4 -5
leaf_value=0.0022012347892007753 0.0011795919133997445 0.0041286814173641193 -0.0046557951966090831 -0.00018961936916627326
leaf_weight=202 349 215 308 1126
leaf_count=202 349 215 308 1126
internal_value=4.98039e-05 -0.00017266 -0.00157053 0.000515491
internal_weight=2200 1998 657 1341
internal_count=2200 1998 657 1341
is_linear=0
shrinkage=0.05


Tree=151
num_leaves=4
num_cat=0
split_feature=4 4 9
split_gain=0.426655 0.896606 1.49131
threshold=0.07564307353168935 0.048153400710645576 1.1168731139810604
decision_type=2 2 2
left_child=1 2 -1
right_child=-2 -3 -4
leaf_value=-0.00033900212186968966 0.0025613679337036458 -0.0027299432172084282 0.0036845745380560402
leaf_weight=1498 152 283 267
leaf_count=1498 152 283 267
internal_value=4.92495e-05 -0.000142981 0.000278353
internal_weight=2200 2048 1765
internal_count=2200 2048 1765
is_linear=0
shrinkage=0.05


Tree=152
num_leaves=5
num_cat=0
split_feature=3 4 4 8
split_gain=0.42079 0.822101 2.95251 2.19449
threshold=1.5075567228888171 0.017853571071357155 0.021794494717703353 0.65737932230845642
decision_type=2 2 2 2
left_child=1 3 -3 -1
right_child=-2 2 -4 -5
leaf_value=-0.00054596262384602517 0.0021023717924598321 -0.0069632835968929749 1.5957556918288053e-05 0.0057385824385706528
leaf_weight=493 219 170 1130 188
leaf_count=493 219 170 1130 188
internal_value=4.81295e-05 -0.000183689 -0.000919895 0.00121816
internal_weight=2200 1981 1300 681
internal_count=2200 1981 1300 681
is_linear=0
shrinkage=0.05


Tree=153
num_leaves=6
num_cat=0
split_feature=13 4 8 12 11
split_gain=0.427555 1.03457 1.0942 1.02403 0.717307
threshold=-0.14669390627095044 0.057357013574566303 0.48307483020741543 -0.59128824478827979 0.09566478273832088
decision_type=8 2 2 2 2
left_child=3 2 -2 -1 -5
right_child=1 -3 -4 4 -6
leaf_value=-0.0043584714527918718 0.0035791552951175637 0.0035911123111712195 -0.00056601943155132556 0.0025804794852709329 -0.0017749145754608281
leaf_weight=167 177 221 1266 176 193
leaf_count=167 177 221 1266 176 193
internal_value=4.96887e-05 0.000445528 -4.69644e-05 -0.00117195 0.000309181
internal_weight=2200 1664 1443 536 369
internal_count=2200 1664 1443 536 369
is_linear=0
shrinkage=0.05


Tree=154
num_leaves=6
num_cat=0
split_feature=5 12 0 0 13
split_gain=0.420311 2.27277 1.08405 2.16145 0.936127
threshold=0.16000000000000003 -0.25880967665582438 0.56750000000000012 0.44000000000000006 -0.015584817529875382
decision_type=2 2 2 2 10
left_child=2 -2 3 -1 -4
right_child=1 -3 4 -5 -6
leaf_value=-0.00059161147021485774 0.0060305432582083186 -0.0019599012478720397 -0.0033598715982328942 0.0042278991600909789 0.00082119079398931859
leaf_weight=947 156 195 402 303 197
leaf_count=947 156 195 402 303 197
internal_value=5.27568e-05 0.00162623 -0.000249519 0.000588828 -0.00198938
internal_weight=2200 351 1849 1250 599
internal_count=2200 351 1849 1250 599
is_linear=0
shrinkage=0.05


Tree=155
num_leaves=5
num_cat=0
split_feature=13 8 8 7
split_gain=0.411684 1.04059 1.56778 0.841875
threshold=0.2609550578061246 0.71236139525394437 0.67689922486881249 -0.3533795846474867
decision_type=8 2 2 2
left_child=1 2 -1 -2
right_child=3 -3 -4 -5
leaf_value=-0.00040021536164020887 0.0035323539601572092 -0.003062552607561525 0.0040944174503125992 -0.00123435502013308
leaf_weight=1331 218 274 222 155
leaf_count=1331 218 274 222 155
internal_value=5.91887e-05 -0.000250932 0.000253367 0.00156142
internal_weight=2200 1827 1553 373
internal_count=2200 1827 1553 373
is_linear=0
shrinkage=0.05


Tree=156
num_leaves=5
num_cat=0
split_feature=3 3 12 3
split_gain=0.406744 1.25191 1.08629 0.577156
threshold=-1.4142135623730943 -1.0876776499734875 0.9351223260639846 -1.6329931618554514
decision_type=2 2 2 2
left_child=3 -2 -3 -1
right_child=1 2 -4 -5
leaf_value=0.00058871990670922975 0.0040990966722907769 -0.00055579858772571774 0.0034192482866742891 -0.0036376870769137069
leaf_weight=155 193 1502 189 161
leaf_count=155 193 1502 189 161
internal_value=5.79165e-05 0.00033741 -0.000102744 -0.00158773
internal_weight=2200 1884 1691 316
internal_count=2200 1884 1691 316
is_linear=0
shrinkage=0.05


Tree=157
num_leaves=5
num_cat=0
split_feature=3 4 4 8
split_gain=0.396826 0.777661 2.66763 2.03759
threshold=1.5075567228888171 0.017853571071357155 0.021794494717703353 0.65737932230845642
decision_type=2 2 2 2
left_child=1 3 -3 -1
right_child=-2 2 -4 -5
leaf_value=-0.00050664029328898721 0.0020500354611223365 -0.0066304660399577444 3.5804370431012029e-06 0.0055492068221068757
leaf_weight=493 219 170 1130 188
leaf_count=493 219 170 1130 188
internal_value=5.51611e-05 -0.000169979 -0.000886029 0.00119343
internal_weight=2200 1981 1300 681
internal_count=2200 1981 1300 681
is_linear=0
shrinkage=0.05


Tree=158
num_leaves=6
num_cat=0
split_feature=5 12 0 0 6
split_gain=0.397801 2.13031 0.987869 1.99902 1.03184
threshold=0.16000000000000003 -0.25880967665582438 0.56750000000000012 0.44000000000000006 6.6637327706043079
decision_type=2 2 2 2 2
left_child=2 -2 3 -1 -4
right_child=1 -3 4 -5 -6
leaf_value=-0.00057281503032456638 0.0058508857870647997 -0.0018852335613337345 -0.0039518213592696395 0.0040620662997682376 0.00017862836929557265
leaf_weight=947 156 195 299 303 300
leaf_count=947 156 195 299 303 300
internal_value=5.6177e-05 0.00158693 -0.000237905 0.000562388 -0.00189879
internal_weight=2200 351 1849 1250 599
internal_count=2200 351 1849 1250 599
is_linear=0
shrinkage=0.05


Tree=159
num_leaves=5
num_cat=0
split_feature=8 13 13 7
split_gain=0.390799 0.689595 1.40321 1.28544
threshold=0.74503101687926343 0.083920031855129487 0.010761854793753254 -0.57546110678546925
decision_type=2 10 10 2
left_child=1 2 -1 -3
right_child=-2 3 -4 -5
leaf_value=0.0001520593149441483 -0.0023432555851662993 0.00066054827589469669 0.0043646327859942135 -0.0039758232988355837
leaf_weight=1194 152 383 232 239
leaf_count=1194 152 383 232 239
internal_value=6.12416e-05 0.000244973 0.000850271 -0.00113845
internal_weight=2200 2048 1426 622
internal_count=2200 2048 1426 622
is_linear=0
shrinkage=0.05


Tree=160
num_leaves=5
num_cat=0
split_feature=0 5 3 11
split_gain=0.397325 0.727111 1.92358 1.3748
threshold=0.15000000000000005 -0.022500000000000003 0.57735026918963228 0.48097135861775658
decision_type=2 2 2 2
left_child=-1 2 -2 -3
right_child=1 3 -4 -5
leaf_value=0.0021450603030920639 1.1692639029043954e-05 -0.00059943025470237266 -0.0059596365791300988 0.0028947373147341698
leaf_weight=202 577 830 171 420
leaf_count=202 577 830 171 420
internal_value=5.97169e-05 -0.000155942 -0.00138392 0.000581465
internal_weight=2200 1998 748 1250
internal_count=2200 1998 748 1250
is_linear=0
shrinkage=0.05


Tree=161
num_leaves=5
num_cat=0
split_feature=0 13 8 0
split_gain=0.403174 0.676128 1.05317 0.888774
threshold=0.86250000000000016 0.2609550578061246 0.49098576581049852 0.30750000000000005
decision_type=2 8 2 2
left_child=1 2 -1 -3
right_child=-2 3 -4 -5
leaf_value=0.0034080866217059465 -0.0020711074303864448 -0.00046910622220655736 -0.00059306946259729413 0.0045692810057345488
leaf_weight=180 197 160 1477 186
leaf_count=180 197 160 1477 186
internal_value=5.82918e-05 0.000272359 -0.000149478 0.0022659
internal_weight=2200 2003 1657 346
internal_count=2200 2003 1657 346
is_linear=0
shrinkage=0.05


Tree=162
num_leaves=6
num_cat=0
split_feature=6 7 0 12 5
split_gain=0.376017 2.13762 1.87041 1.35217 1.32752
threshold=6.1874834465657207 -0.26781481910672283 0.55000000000000016 0.87035568673415298 -0.030000000000000009
decision_type=2 2 2 2 2
left_child=1 -1 -3 4 -2
right_child=3 2 -4 -5 -6
leaf_value=-0.0053909447532327426 -0.00074470307139093959 0.0052180086238209538 -0.0024833155416845217 -0.0028287772916990115 0.0023109740839851131
leaf_weight=181 615 153 153 267 831
leaf_count=181 615 153 153 267 831
internal_value=5.90462e-05 -0.00115983 0.00138933 0.000407934 0.00101327
internal_weight=2200 487 306 1713 1446
internal_count=2200 487 306 1713 1446
is_linear=0
shrinkage=0.05


Tree=163
num_leaves=6
num_cat=0
split_feature=2 2 2 7 2
split_gain=0.381192 2.44216 2.70117 1.57539 1.84599
threshold=0.058526465321494532 0.071289583582039837 0.081306601943391607 -0.65982615741561257 0.048171420846657723
decision_type=2 2 2 2 2
left_child=3 -2 -3 -1 -5
right_child=1 2 -4 4 -6
leaf_value=0.0029992118803211718 0.0045820263081928327 -0.005734091325760333 0.0010054496772866331 -0.00019577884859994386 -0.0053427479720034796
leaf_weight=239 293 196 567 675 230
leaf_count=239 293 196 567 675 230
internal_value=5.94744e-05 0.000742704 -0.000751869 -0.000571686 -0.00152602
internal_weight=2200 1056 763 1144 905
internal_count=2200 1056 763 1144 905
is_linear=0
shrinkage=0.05


Tree=164
num_leaves=5
num_cat=0
split_feature=3 4 4 6
split_gain=0.384423 0.706203 2.43123 1.93787
threshold=1.5075567228888171 0.017853571071357155 0.021794494717703353 6.8544545719106997
decision_type=2 2 2 2
left_child=1 3 -3 -1
right_child=-2 2 -4 -5
leaf_value=0.0031932951891686513 0.0020230467935367156 -0.0063283739391980431 4.9100563315764931e-06 -0.002271882675064485
leaf_weight=425 219 170 1130 256
leaf_count=425 219 170 1130 256
internal_value=5.96034e-05 -0.000162003 -0.000844362 0.00113725
internal_weight=2200 1981 1300 681
internal_count=2200 1981 1300 681
is_linear=0
shrinkage=0.05


Tree=165
num_leaves=4
num_cat=0
split_feature=0 4 8
split_gain=0.383585 0.651576 1.08193
threshold=0.15000000000000005 0.0082915619758885204 0.49098576581049852
decision_type=2 2 2
left_child=-1 -2 -3
right_child=1 2 -4
leaf_value=0.0021080405959760513 -0.0025574587925567258 0.0041053940427445926 -0.00020627748229458829
leaf_weight=202 242 155 1601
leaf_count=202 242 155 1601
internal_value=5.90719e-05 -0.000152826 0.000184884
internal_weight=2200 1998 1756
internal_count=2200 1998 1756
is_linear=0
shrinkage=0.05


Tree=166
num_leaves=5
num_cat=0
split_feature=2 2 2 4
split_gain=0.379941 0.844593 2.67006 1.55129
threshold=0.11837293174009798 0.081306601943391607 0.072584954123317488 0.043803538669838084
decision_type=2 2 2 2
left_child=1 2 -1 -3
right_child=-2 3 -4 -5
leaf_value=0.00042034631176623299 -0.002207766518089376 -0.00018899633008885079 -0.0062325334394699901 0.0061392109053291432
leaf_weight=1470 166 247 163 154
leaf_count=1470 166 247 163 154
internal_value=5.62016e-05 0.000245931 -0.000260717 0.00228696
internal_weight=2200 2034 1633 401
internal_count=2200 2034 1633 401
is_linear=0
shrinkage=0.05


Tree=167
num_leaves=7
num_cat=0
split_feature=4 4 2 4 2 4
split_gain=0.385093 2.03602 1.75533 1.70374 1.6687 1.27821
threshold=0.027824613072817198 0.021794494717703353 0.081946249941020941 0.017853571071357155 0.066382205150649007 0.056145732824130788
decision_type=2 2 2 2 2 2
left_child=1 3 4 -1 -2 -4
right_child=2 -3 5 -5 -6 -7
leaf_value=0.00064984165140438124 -0.00060457876556883341 0.0045778598597882173 -0.00050513721746754464 -0.0046250002809150228 -0.0061870502012882486 0.0056156963898777784
leaf_weight=751 489 255 188 187 180 150
leaf_count=751 489 255 188 187 180 150
internal_value=5.58726e-05 0.000662374 -0.000662376 -0.0004207 -0.00214134 0.00225347
internal_weight=2200 1193 1007 938 669 338
internal_count=2200 1193 1007 938 669 338
is_linear=0
shrinkage=0.05


Tree=168
num_leaves=4
num_cat=0
split_feature=3 3 11
split_gain=0.383841 1.01693 1.71671
threshold=-1.4142135623730965 -1.0876776499734875 -0.91177697653052536
decision_type=2 2 2
left_child=-1 -2 -3
right_child=1 2 -4
leaf_value=-0.0015951006752450332 0.0035570360281772721 -0.0040802870895573669 0.0005395987750348183
leaf_weight=299 210 228 1463
leaf_count=299 210 228 1463
internal_value=5.50006e-05 0.000318041 -9.34999e-05
internal_weight=2200 1901 1691
internal_count=2200 1901 1691
is_linear=0
shrinkage=0.05


Tree=169
num_leaves=6
num_cat=0
split_feature=2 2 2 7 8
split_gain=0.382573 2.24688 2.13625 1.44749 1.69436
threshold=0.058526465321494532 0.071289583582039837 0.081306601943391607 -0.65982615741561257 0.56038360944115062
decision_type=2 2 2 2 2
left_child=3 -2 -3 -1 -5
right_child=1 2 -4 4 -6
leaf_value=0.0028432139262774595 0.004419440000819788 -0.0051274394775759338 0.00086615761260459714 0.0015307055712126733 -0.0030248039907014319
leaf_weight=239 293 196 567 304 601
leaf_count=239 293 196 567 304 601
internal_value=5.23904e-05 0.000736871 -0.00069684 -0.000579895 -0.00149455
internal_weight=2200 1056 763 1144 905
internal_count=2200 1056 763 1144 905
is_linear=0
shrinkage=0.05


Tree=170
num_leaves=4
num_cat=0
split_feature=2 5 9
split_gain=0.385376 0.805367 0.888767
threshold=0.11837293174009798 0.16000000000000003 -1.1905051159563214
decision_type=2 2 2
left_child=1 2 -1
right_child=-2 -3 -4
leaf_value=0.003055132897186679 -0.0022268444571759121 0.0028099018841223878 -0.00052984381606263869
leaf_weight=189 166 261 1584
leaf_count=189 166 261 1584
internal_value=5.32505e-05 0.000244339 -0.000140172
internal_weight=2200 2034 1773
internal_count=2200 2034 1773
is_linear=0
shrinkage=0.05


Tree=171
num_leaves=5
num_cat=0
split_feature=0 13 7 0
split_gain=0.386105 0.600894 1.01841 0.831896
threshold=0.86250000000000016 0.2609550578061246 -0.26781481910672283 0.30750000000000005
decision_type=2 8 2 2
left_child=1 2 -1 -3
right_child=-2 3 -4 -5
leaf_value=-0.0018669260223313265 -0.002030013059770186 -0.00050202952144018408 0.00074738542371791919 0.0043712469919813873
leaf_weight=557 197 160 1100 186
leaf_count=557 197 160 1100 186
internal_value=5.38137e-05 0.000263308 -0.000134387 0.00214266
internal_weight=2200 2003 1657 346
internal_count=2200 2003 1657 346
is_linear=0
shrinkage=0.05


Tree=172
num_leaves=5
num_cat=0
split_feature=9 7 9 8
split_gain=0.371852 1.49263 1.36814 1.0065
threshold=1.1168731139810604 0.63926798581446709 0.68681472206355876 0.62220616919649985
decision_type=2 2 2 2
left_child=1 2 -1 -2
right_child=3 -3 -4 -5
leaf_value=-0.00013034490290929056 -0.0012825558545194907 -0.0035214400530395353 0.004604507720626194 0.0041297344775170662
leaf_weight=1413 160 285 166 176
leaf_count=1413 160 285 166 176
internal_value=5.31448e-05 -0.000224011 0.000380393 0.00157144
internal_weight=2200 1864 1579 336
internal_count=2200 1864 1579 336
is_linear=0
shrinkage=0.05


Tree=173
num_leaves=7
num_cat=0
split_feature=1 3 6 12 3 3
split_gain=0.376309 1.0764 1.16435 1.01108 0.805288 1.40644
threshold=-0.82837392047181946 -0.46852128566581802 6.5461537857144441 -0.42260296427039018 -0.68798135036729646 -1.5540657642634641
decision_type=2 2 2 2 2 2
left_child=4 2 -2 -3 5 -1
right_child=1 3 -4 -5 -6 -7
leaf_value=0.0019981412931420607 -0.00036023485267327896 0.0016360763002919842 0.0053508446933474485 -0.0013800689053892418 0.002103628421690405 -0.0036479561691194658
leaf_weight=156 157 440 200 735 161 351
leaf_count=156 157 440 200 735 161 351
internal_value=5.33328e-05 0.00048495 0.00286896 -0.000248472 -0.000932792 -0.00190815
internal_weight=2200 1532 357 1175 668 507
internal_count=2200 1532 357 1175 668 507
is_linear=0
shrinkage=0.05


Tree=174
num_leaves=5
num_cat=0
split_feature=3 3 11 11
split_gain=0.388221 1.08375 1.57134 0.573684
threshold=-1.4142135623730943 -1.0876776499734875 -0.91177697653052536 -0.19508326035155113
decision_type=2 2 2 2
left_child=3 -2 -3 -1
right_child=1 2 -4 -5
leaf_value=0.00068331761201167671 0.0038280518275268603 -0.0038957269433606018 0.00052422888394827738 -0.0035340454975382714
leaf_weight=150 193 228 1463 166
leaf_count=150 193 228 1463 166
internal_value=5.50614e-05 0.00032812 -8.14483e-05 -0.00155267
internal_weight=2200 1884 1691 316
internal_count=2200 1884 1691 316
is_linear=0
shrinkage=0.05


Tree=175
num_leaves=5
num_cat=0
split_feature=6 12 12 6
split_gain=0.362953 2.02309 1.21232 1.27958
threshold=6.1874834465657207 0.16067078835273518 0.87035568673415298 6.5308557571084265
decision_type=2 2 2 2
left_child=1 -1 3 -2
right_child=2 -3 -4 -5
leaf_value=-0.0039898854406192853 0.0038407141844752656 0.002433794353060357 -0.0026695265947637385 0.00019995677572265066
leaf_weight=271 301 216 267 1145
leaf_count=271 301 216 267 1145
internal_value=5.24979e-05 -0.001145 0.000395284 0.000968442
internal_weight=2200 487 1713 1446
internal_count=2200 487 1713 1446
is_linear=0
shrinkage=0.05


Tree=176
num_leaves=5
num_cat=0
split_feature=3 3 11 11
split_gain=0.362618 0.993378 1.45313 0.528692
threshold=-1.4142135623730943 -1.0876776499734875 -0.91177697653052536 -0.19508326035155113
decision_type=2 2 2 2
left_child=3 -2 -3 -1
right_child=1 2 -4 -5
leaf_value=0.00064362663212969278 0.0036653136303430815 -0.0037456468065457157 0.0005048049387703802 -0.0034052668478372588
leaf_weight=150 193 228 1463 166
leaf_count=150 193 228 1463 166
internal_value=5.05721e-05 0.000314479 -7.76427e-05 -0.00150324
internal_weight=2200 1884 1691 316
internal_count=2200 1884 1691 316
is_linear=0
shrinkage=0.05


Tree=177
num_leaves=7
num_cat=0
split_feature=3 3 2 3 12 7
split_gain=0.364407 1.08338 1.34006 1.11399 1.07571 0.547107
threshold=1.1418710387511426 0.26227157876952695 0.046512921108761617 -0.12641772436692314 -0.42260296427039018 0.31558040715159041
decision_type=2 2 2 2 2 2
left_child=1 3 -3 -1 -2 -6
right_child=4 2 -4 -5 5 -7
leaf_value=-0.00017764267993156482 0.0042849814442948242 0.0012933845921284765 -0.0042261084190954173 0.0038452406873298105 -0.0026376860643363303 0.0015523454004658327
leaf_weight=1043 178 166 310 201 152 150
leaf_count=1043 178 166 310 201 152 150
internal_value=4.83189e-05 -0.000292235 -0.00230781 0.000485148 0.00125907 -0.000565157
internal_weight=2200 1720 476 1244 480 302
internal_count=2200 1720 476 1244 480 302
is_linear=0
shrinkage=0.05


Tree=178
num_leaves=6
num_cat=0
split_feature=2 2 2 7 2
split_gain=0.372062 2.07069 1.99476 1.33516 1.61491
threshold=0.058526465321494532 0.071289583582039837 0.081306601943391607 -0.65982615741561257 0.048171420846657723
decision_type=2 2 2 2 2
left_child=3 -2 -3 -1 -5
right_child=1 2 -4 4 -6
leaf_value=0.002711333888850068 0.004257344500966067 -0.0049357210020117689 0.000855915994123699 -0.00021038588737343057 -0.0050246660196361075
leaf_weight=239 293 196 567 675 230
leaf_count=239 293 196 567 675 230
internal_value=4.71198e-05 0.000722142 -0.000654292 -0.000576409 -0.00145479
internal_weight=2200 1056 763 1144 905
internal_count=2200 1056 763 1144 905
is_linear=0
shrinkage=0.05


Tree=179
num_leaves=6
num_cat=0
split_feature=5 12 0 0 6
split_gain=0.366005 1.82565 0.848147 1.78353 0.968219
threshold=0.16000000000000003 -0.25880967665582438 0.56750000000000012 0.44000000000000006 6.6637327706043079
decision_type=2 2 2 2 2
left_child=2 -2 3 -1 -4
right_child=1 -3 4 -5 -6
leaf_value=-0.00056468897348488963 0.0054632196344597192 -0.0016989313874801156 -0.003761828602843085 0.0038131888520407985 0.00023828877752539934
leaf_weight=947 156 195 299 303 300
leaf_count=947 156 195 299 303 300
internal_value=4.79603e-05 0.00151627 -0.00023411 0.000507473 -0.00177304
internal_weight=2200 351 1849 1250 599
internal_count=2200 351 1849 1250 599
is_linear=0
shrinkage=0.05


Tree=180
num_leaves=4
num_cat=0
split_feature=7 3 4
split_gain=0.360003 0.799782 1.22597
threshold=0.85339098563387428 1.5075567228888171 0.017853571071357155
decision_type=2 2 2
left_child=1 2 -1
right_child=-2 -3 -4
leaf_value=0.0017456341191634994 -0.0016612593885199567 0.0033362515675163227 -0.0010202909365721142
leaf_weight=613 264 189 1134
leaf_count=613 264 189 1134
internal_value=5.30814e-05 0.000290532 -4.75511e-05
internal_weight=2200 1936 1747
internal_count=2200 1936 1747
is_linear=0
shrinkage=0.05


Tree=181
num_leaves=5
num_cat=0
split_feature=4 5 3 6
split_gain=0.386179 0.715698 1.63243 1.62659
threshold=0.0082915619758885204 -0.022500000000000003 0.50709255283711108 6.1874834465657207
decision_type=2 2 2 2
left_child=-1 2 -2 -3
right_child=1 3 -4 -5
leaf_value=-0.0016074719440529418 0.00037195827413318098 -0.0023206283891340717 -0.0050044841039925819 0.0022366021116079137
leaf_weight=298 652 252 175 823
leaf_count=298 652 252 175 823
internal_value=5.07984e-05 0.000314145 -0.000788979 0.0011625
internal_weight=2200 1902 827 1075
internal_count=2200 1902 827 1075
is_linear=0
shrinkage=0.05


Tree=182
num_leaves=5
num_cat=0
split_feature=0 5 12 9
split_gain=0.369282 0.584421 1.64029 0.83257
threshold=0.86250000000000016 0.11000000000000008 -0.25880967665582438 -1.1905051159563214
decision_type=2 2 2 2
left_child=1 3 -3 -1
right_child=-2 2 -4 -5
leaf_value=0.0031163540347452054 -0.0019859094313624788 0.0055250460219879944 -0.00077528859609833026 -0.00057576526001954984
leaf_weight=166 197 175 240 1422
leaf_count=166 197 175 240 1422
internal_value=5.20129e-05 0.000256893 0.00191563 -0.000181243
internal_weight=2200 2003 415 1588
internal_count=2200 2003 415 1588
is_linear=0
shrinkage=0.05


Tree=183
num_leaves=5
num_cat=0
split_feature=9 7 9 8
split_gain=0.365985 1.3684 1.27972 0.933806
threshold=1.1168731139810604 0.63926798581446709 0.68681472206355876 0.62220616919649985
decision_type=2 2 2 2
left_child=1 2 -1 -2
right_child=3 -3 -4 -5
leaf_value=-0.00013505375863785877 -0.0011887309679084206 -0.0033770708676030188 0.0044442176333443417 0.0040252541078006632
leaf_weight=1413 160 285 166 176
leaf_count=1413 160 285 166 176
internal_value=5.51178e-05 -0.000219848 0.000358873 0.00156138
internal_weight=2200 1864 1579 336
internal_count=2200 1864 1579 336
is_linear=0
shrinkage=0.05


Tree=184
num_leaves=7
num_cat=0
split_feature=6 6 2 7 7 11
split_gain=0.351966 1.13812 1.76548 1.40153 1.12343 1.46011
threshold=6.8193884107315359 6.4388149874952516 0.045548356317760268 1.0000000180025095e-35 -0.77069110422869502 -0.54844526120875192
decision_type=2 2 2 2 2 2
left_child=1 3 -3 -1 -2 -6
right_child=4 2 -4 -5 5 -7
leaf_value=-0.0029972518151308494 0.0029982604014332451 -0.0015654002902194424 0.0043014127197612481 0.0013378450432639823 0.00086145207261725712 -0.0035702071383147144
leaf_weight=347 163 193 365 392 342 398
leaf_count=347 163 193 365 392 342 398
internal_value=5.51036e-05 0.000581924 0.00227633 -0.000704178 -0.000700619 -0.00153003
internal_weight=2200 1297 558 739 903 740
internal_count=2200 1297 558 739 903 740
is_linear=0
shrinkage=0.05


Tree=185
num_leaves=5
num_cat=0
split_feature=0 0 13 12
split_gain=0.357027 0.620573 0.992884 0.923603
threshold=0.15000000000000005 0.28000000000000008 -0.14669390627095044 -0.1088268241340682
decision_type=2 2 8 2
left_child=-1 3 -3 -2
right_child=1 2 -4 -5
leaf_value=0.002033227576784495 -0.0049375806508525728 -0.0016441752968391545 0.0010123422845322732 0.00044885019759206986
leaf_weight=202 150 493 1193 162
leaf_count=202 150 493 1193 162
internal_value=5.64616e-05 -0.000147968 0.00023299 -0.00217781
internal_weight=2200 1998 1686 312
internal_count=2200 1998 1686 312
is_linear=0
shrinkage=0.05


Tree=186
num_leaves=7
num_cat=0
split_feature=1 0 3 6 2 0
split_gain=0.356435 1.59801 0.966653 1.05241 1.04171 0.781064
threshold=-0.82837392047181946 0.39750000000000008 -0.46852128566581802 6.5926608985444268 0.035682820458030499 0.27000000000000007
decision_type=2 2 2 2 2 2
left_child=1 5 3 -2 -4 -1
right_child=2 -3 4 -5 -6 -7
leaf_value=-0.00076660228678054367 -9.5931713542990427e-05 -0.0047755921995803639 -0.0028839047354683447 0.0052998517525970554 0.00060604909704084823 0.0034882132289931183
leaf_weight=327 172 186 275 185 900 155
leaf_count=327 172 186 275 185 900 155
internal_value=5.5527e-05 -0.000904214 0.000475584 0.00273478 -0.000219508 0.000623413
internal_weight=2200 668 1532 357 1175 482
internal_count=2200 668 1532 357 1175 482
is_linear=0
shrinkage=0.05


Tree=187
num_leaves=4
num_cat=0
split_feature=2 5 9
split_gain=0.359686 0.686856 0.746028
threshold=0.11837293174009798 0.16000000000000003 -1.1905051159563214
decision_type=2 2 2
left_child=1 2 -1
right_child=-2 -3 -4
leaf_value=0.0028115823156843636 -0.0021481303620691362 0.0026085472917814455 -0.0004729100208687709
leaf_weight=189 166 261 1584
leaf_count=189 166 261 1584
internal_value=5.4665e-05 0.000239268 -0.000115864
internal_weight=2200 2034 1773
internal_count=2200 2034 1773
is_linear=0
shrinkage=0.05


Tree=188
num_leaves=5
num_cat=0
split_feature=9 7 7 8
split_gain=0.355682 1.22604 1.22986 0.850007
threshold=1.1168731139810604 0.63926798581446709 0.36645556939638552 0.62220616919649985
decision_type=2 2 2 2
left_child=1 2 -1 -2
right_child=3 -3 -4 -5
leaf_value=-0.00025318082441772466 -0.0010850753972419735 -0.0032045284517165599 0.0036451775185664054 0.0038903355673701604
leaf_weight=1346 160 285 233 176
leaf_count=1346 160 285 233 176
internal_value=5.50136e-05 -0.000216056 0.000331758 0.00153992
internal_weight=2200 1864 1579 336
internal_count=2200 1864 1579 336
is_linear=0
shrinkage=0.05


Tree=189
num_leaves=5
num_cat=0
split_feature=3 3 11 1
split_gain=0.340413 0.911808 1.3599 0.562813
threshold=-1.4142135623730943 -1.0876776499734875 -0.91177697653052536 -1.4403039262985942
decision_type=2 2 2 2
left_child=3 -2 -3 -1
right_child=1 2 -4 -5
leaf_value=0.00059330344887539041 0.0035204003701566227 -0.0036140286314197269 0.0004978128178190276 -0.0035789602335919686
leaf_weight=163 193 228 1463 153
leaf_count=163 193 228 1463 153
internal_value=5.44032e-05 0.00031009 -6.56129e-05 -0.00145109
internal_weight=2200 1884 1691 316
internal_count=2200 1884 1691 316
is_linear=0
shrinkage=0.05


Tree=190
num_leaves=4
num_cat=0
split_feature=8 8 13
split_gain=0.356817 0.670633 1.24571
threshold=0.74503101687926343 0.70100496201233609 0.081255740730093493
decision_type=2 2 10
left_child=1 2 -1
right_child=-2 -3 -4
leaf_value=0.00074814863128238544 -0.0022452502514407704 0.0025958534173125053 -0.0021155116418359447
leaf_weight=1253 152 256 539
leaf_count=1253 152 256 539
internal_value=5.23112e-05 0.000227886 -0.000116676
internal_weight=2200 2048 1792
internal_count=2200 2048 1792
is_linear=0
shrinkage=0.05


Tree=191
num_leaves=7
num_cat=0
split_feature=4 4 2 4 2 4
split_gain=0.341407 1.87723 1.58446 1.53867 1.5016 1.20967
threshold=0.027824613072817198 0.021794494717703353 0.081946249941020941 0.017853571071357155 0.063796959012113769 0.056145732824130788
decision_type=2 2 2 2 2 2
left_child=1 3 4 -1 -2 -4
right_child=2 -3 5 -5 -6 -7
leaf_value=0.0006000990079503036 -0.0003881991247687003 0.0043822711151061903 -0.00053705034869206694 -0.0044127432642198988 -0.005432034475244072 0.0054164384293460084
leaf_weight=751 455 255 188 187 214 150
leaf_count=751 455 255 188 187 214 150
internal_value=5.1487e-05 0.000622553 -0.000624792 -0.000417361 -0.00202995 0.00214547
internal_weight=2200 1193 1007 938 669 338
internal_count=2200 1193 1007 938 669 338
is_linear=0
shrinkage=0.05


Tree=192
num_leaves=5
num_cat=0
split_feature=2 11 8 5
split_gain=0.349742 0.658856 2.13368 1.69702
threshold=0.11837293174009798 0.58436769656310694 0.71236139525394437 -0.070000000000000007
decision_type=2 2 2 2
left_child=1 2 -1 -3
right_child=-2 3 -4 -5
leaf_value=0.0004517519946086485 -0.0021216148254597747 -0.0021960155061696253 -0.004963041135331912 0.0033829149326889438
leaf_weight=1210 166 197 209 418
leaf_count=1210 166 197 209 418
internal_value=5.05078e-05 0.000232548 -0.000360402 0.00159254
internal_weight=2200 2034 1419 615
internal_count=2200 2034 1419 615
is_linear=0
shrinkage=0.05


Tree=193
num_leaves=5
num_cat=0
split_feature=0 13 7 0
split_gain=0.35585 0.546218 0.944175 0.72033
threshold=0.86250000000000016 0.2609550578061246 -0.26781481910672283 0.30750000000000005
decision_type=2 8 2 2
left_child=1 2 -1 -3
right_child=-2 3 -4 -5
leaf_value=-0.0017947176227232548 -0.0019489702868902377 -0.00041787941189161789 0.00072250743563828483 0.0041181158118379054
leaf_weight=557 197 160 1100 186
leaf_count=557 197 160 1100 186
internal_value=5.15453e-05 0.000252664 -0.000126511 0.00204447
internal_weight=2200 2003 1657 346
internal_count=2200 2003 1657 346
is_linear=0
shrinkage=0.05


Tree=194
num_leaves=5
num_cat=0
split_feature=4 4 1 2
split_gain=0.343789 0.682297 1.52271 1.48474
threshold=0.0082915619758885204 0.027824613072817198 0.17739473939706504 0.081946249941020941
decision_type=2 2 2 2
left_child=-1 2 -2 -3
right_child=1 3 -4 -5
leaf_value=-0.0015138184870347356 -0.00056315415004283716 -0.0019526251042482807 0.0035641770892266265 0.0020892282530410675
leaf_weight=298 493 669 402 338
leaf_count=298 493 669 402 338
internal_value=5.08019e-05 0.000299269 0.00130019 -0.000592356
internal_weight=2200 1902 895 1007
internal_count=2200 1902 895 1007
is_linear=0
shrinkage=0.05


Tree=195
num_leaves=4
num_cat=0
split_feature=0 4 8
split_gain=0.350663 0.551608 0.957156
threshold=0.15000000000000005 0.0082915619758885204 0.49098576581049852
decision_type=2 2 2
left_child=-1 -2 -3
right_child=1 2 -4
leaf_value=0.0020083778710042665 -0.002365760491967205 0.0038450192984385012 -0.00021039518275574212
leaf_weight=202 242 155 1601
leaf_count=202 242 155 1601
internal_value=4.9297e-05 -0.000153287 0.000157472
internal_weight=2200 1998 1756
internal_count=2200 1998 1756
is_linear=0
shrinkage=0.05


Tree=196
num_leaves=5
num_cat=0
split_feature=2 0 5 9
split_gain=0.340041 0.655901 2.17536 0.954726
threshold=0.11837293174009798 0.64750000000000008 0.11250000000000006 -0.82713648664586958
decision_type=2 2 2 2
left_child=1 2 -1 -3
right_child=-2 3 -4 -5
leaf_value=0.00013702931545661598 -0.0020949130912232407 -0.0043497396978789465 0.006418374430748725 4.4929088736959488e-05
leaf_weight=1247 166 162 150 475
leaf_count=1247 166 162 150 475
internal_value=4.68653e-05 0.00022637 0.000831961 -0.00109788
internal_weight=2200 2034 1397 637
internal_count=2200 2034 1397 637
is_linear=0
shrinkage=0.05


Tree=197
num_leaves=6
num_cat=0
split_feature=13 4 1 6 1
split_gain=0.329588 2.55745 1.76287 1.31991 1.17596
threshold=-0.076364740746285839 0.047194736289546631 1.5271460486021828 6.4988166349384739 0.98699264058150382
decision_type=8 2 2 2 2
left_child=1 3 4 -1 -2
right_child=2 -3 -4 -5 -6
leaf_value=0.0033966944196100277 0.00053643479294637308 -0.0064366468700925153 0.0055382657363530138 -0.0012281231005305782 -0.0036733055534791583
leaf_weight=255 1075 154 150 375 191
leaf_count=255 1075 154 150 375 191
internal_value=5.02675e-05 -0.000769294 0.000505146 0.000655833 -0.000110636
internal_weight=2200 784 1416 630 1266
internal_count=2200 784 1416 630 1266
is_linear=0
shrinkage=0.05


Tree=198
num_leaves=4
num_cat=0
split_feature=4 4 9
split_gain=0.336932 1.78104 1.26916
threshold=0.059345381511856483 0.048153400710645576 1.1168731139810604
decision_type=2 2 2
left_child=1 2 -1
right_child=-2 -3 -4
leaf_value=-0.00029154971463434432 0.0016688819678340378 -0.0051686805773742232 0.0034202968794595696
leaf_weight=1498 276 159 267
leaf_count=1498 276 159 267
internal_value=5.14348e-05 -0.000184314 0.000278035
internal_weight=2200 1924 1765
internal_count=2200 1924 1765
is_linear=0
shrinkage=0.05


Tree=199
num_leaves=4
num_cat=0
split_feature=7 3 6
split_gain=0.348365 0.731128 0.822285
threshold=0.85339098563387428 1.5075567228888171 6.1874834465657207
decision_type=2 2 2
left_child=1 2 -1
right_child=-2 -3 -4
leaf_value=-0.002011867707825766 -0.0016355450331756228 0.0031965023830782661 0.000554253324885263
leaf_weight=401 264 189 1346
leaf_count=401 264 189 1346
internal_value=5.08561e-05 0.000284441 -3.88254e-05
internal_weight=2200 1936 1747
internal_count=2200 1936 1747
is_linear=0
shrinkage=0.05


Tree=200
num_leaves=7
num_cat=0
split_feature=6 8 7 8 6 4
split_gain=0.327587 1.4455 2.34162 1.12828 2.94224 1.28834
threshold=6.8193884107315359 0.61744225736843805 0.016467205637491825 0.60830302367130884 6.2054462435931006 0.028613807855648998
decision_type=2 2 2 2 2 2
left_child=3 2 -2 5 -5 -1
right_child=1 -3 -4 4 -6 -7
leaf_value=0.00080994295246114936 0.0046848031691725809 -0.002775861128827307 -0.0022608372951537126 -0.0018955322428882938 0.004376990146730487 -0.0041540406055357226
leaf_weight=321 237 427 239 315 447 214
leaf_count=321 237 427 239 315 447 214
internal_value=4.94521e-05 -0.000679619 0.00121014 0.000557708 0.00178856 -0.00119573
internal_weight=2200 903 476 1297 762 535
internal_count=2200 903 476 1297 762 535
is_linear=0
shrinkage=0.05


Tree=201
num_leaves=6
num_cat=0
split_feature=2 2 2 7 8
split_gain=0.324953 1.98594 1.72461 1.20123 1.51936
threshold=0.058526465321494532 0.071289583582039837 0.081306601943391607 -0.65982615741561257 0.56038360944115062
decision_type=2 2 2 2 2
left_child=3 -2 -3 -1 -5
right_child=1 2 -4 4 -6
leaf_value=0.0025856437895840157 0.0041429788705487757 -0.0046477767693305118 0.00073765697065269467 0.001498284124990422 -0.002815170568267457
leaf_weight=239 293 196 567 304 601
leaf_count=239 293 196 567 304 601
internal_value=4.99854e-05 0.000680815 -0.00066701 -0.000532747 -0.00136596
internal_weight=2200 1056 763 1144 905
internal_count=2200 1056 763 1144 905
is_linear=0
shrinkage=0.05


Tree=202
num_leaves=6
num_cat=0
split_feature=1 0 1 7 13
split_gain=0.319809 1.44437 0.96242 0.998224 0.768721
threshold=-0.82837392047181946 0.39750000000000008 -0.55699902650699384 -0.79281092180743029 0.048729834475408164
decision_type=2 2 2 2 10
left_child=1 4 -2 -4 -1
right_child=2 -3 3 -5 -6
leaf_value=0.0026985798915848138 0.0041583394781526204 -0.0045386407563355585 0.0034252299130321504 -0.00050156421020045624 -0.0012643811957002442
leaf_weight=225 152 186 182 1198 257
leaf_count=225 152 186 182 1198 257
internal_value=5.10298e-05 -0.000858061 0.000448924 2.68132e-05 0.000594262
internal_weight=2200 668 1532 1380 482
internal_count=2200 668 1532 1380 482
is_linear=0
shrinkage=0.05


Tree=203
num_leaves=5
num_cat=0
split_feature=0 1 8 8
split_gain=0.312294 0.516426 2.41351 2.03891
threshold=0.86250000000000016 0.67905956055322292 0.68001285129558886 0.70848250615979413
decision_type=2 2 2 2
left_child=1 3 -3 -1
right_child=-2 2 -4 -5
leaf_value=0.0005295403177471243 -0.0018256966162727335 -0.00051164871699644352 0.0062275324922961162 -0.0047266741544643252
leaf_weight=1139 197 469 180 215
leaf_count=1139 197 469 180 215
internal_value=4.83932e-05 0.000236802 0.00139078 -0.000319407
internal_weight=2200 2003 649 1354
internal_count=2200 2003 649 1354
is_linear=0
shrinkage=0.05


Tree=204
num_leaves=4
num_cat=0
split_feature=4 4 9
split_gain=0.323601 1.60127 1.22634
threshold=0.059345381511856483 0.048153400710645576 1.1168731139810604
decision_type=2 2 2
left_child=1 2 -1
right_child=-2 -3 -4
leaf_value=-0.00030131071022648494 0.0016362957936236007 -0.0049059839048933964 0.0033473609297288934
leaf_weight=1498 276 159 267
leaf_count=1498 276 159 267
internal_value=5.117e-05 -0.00017987 0.000258538
internal_weight=2200 1924 1765
internal_count=2200 1924 1765
is_linear=0
shrinkage=0.05


Tree=205
num_leaves=4
num_cat=0
split_feature=7 3 4
split_gain=0.320448 0.68208 1.07426
threshold=0.85339098563387428 1.5075567228888171 0.017853571071357155
decision_type=2 2 2
left_child=1 2 -1
right_child=-2 -3 -4
leaf_value=0.0016410094204744549 -0.0015667543703253937 0.0030873804487595241 -0.00094812549796507647
leaf_weight=613 264 189 1134
leaf_count=613 264 189 1134
internal_value=5.06684e-05 0.000274694 -3.75406e-05
internal_weight=2200 1936 1747
internal_count=2200 1936 1747
is_linear=0
shrinkage=0.05


Tree=206
num_leaves=4
num_cat=0
split_feature=4 2 4
split_gain=0.334808 0.711103 0.93552
threshold=0.0082915619758885204 0.02705445962458233 0.027824613072817198
decision_type=2 2 2
left_child=-1 -2 -3
right_child=1 2 -4
leaf_value=-0.0014955753299927112 -0.0029539653524364353 0.0018903872676268392 -0.00043419868811080467
leaf_weight=298 150 762 990
leaf_count=298 150 762 990
internal_value=4.84696e-05 0.000293673 0.000579339
internal_weight=2200 1902 1752
internal_count=2200 1902 1752
is_linear=0
shrinkage=0.05


Tree=207
num_leaves=4
num_cat=0
split_feature=4 4 9
split_gain=0.320987 1.43061 1.14288
threshold=0.059345381511856483 0.048153400710645576 1.1168731139810604
decision_type=2 2 2
left_child=1 2 -1
right_child=-2 -3 -4
leaf_value=-0.00031017905783183714 0.0016246095931822819 -0.0046513601311300766 0.0032121218211935178
leaf_weight=1498 276 159 267
leaf_count=1498 276 159 267
internal_value=4.58913e-05 -0.000184202 0.000230225
internal_weight=2200 1924 1765
internal_count=2200 1924 1765
is_linear=0
shrinkage=0.05


Tree=208
num_leaves=4
num_cat=0
split_feature=7 3 4
split_gain=0.319355 0.627535 0.979406
threshold=0.85339098563387428 1.5075567228888171 0.017853571071357155
decision_type=2 2 2
left_child=1 2 -1
right_child=-2 -3 -4
leaf_value=0.0015723984194573567 -0.0015691158118515819 0.0029670647695029307 -0.00089979025477028313
leaf_weight=613 264 189 1134
leaf_count=613 264 189 1134
internal_value=4.55327e-05 0.000269187 -3.0319e-05
internal_weight=2200 1936 1747
internal_count=2200 1936 1747
is_linear=0
shrinkage=0.05


Tree=209
num_leaves=4
num_cat=0
split_feature=4 2 13
split_gain=0.333381 0.668538 0.849665
threshold=0.0082915619758885204 0.02705445962458233 -0.065242559858713509
decision_type=2 2 8
left_child=-1 -2 -3
right_child=1 2 -4
leaf_value=-0.0014972156175741122 -0.0028607469125305333 -0.0008626121553988481 0.0014095012871052242
leaf_weight=298 150 651 1101
leaf_count=298 150 651 1101
internal_value=4.35205e-05 0.000288211 0.000565188
internal_weight=2200 1902 1752
internal_count=2200 1902 1752
is_linear=0
shrinkage=0.05


Tree=210
num_leaves=7
num_cat=0
split_feature=6 8 7 8 6 4
split_gain=0.308601 1.28426 2.1601 1.09052 2.71351 1.10735
threshold=6.8193884107315359 0.61744225736843805 0.016467205637491825 0.60830302367130884 6.2054462435931006 0.028613807855648998
decision_type=2 2 2 2 2 2
left_child=3 2 -2 5 -5 -1
right_child=1 -3 -4 4 -6 -7
leaf_value=0.00067267639986903587 0.0044540417999267765 -0.0026407602728189278 -0.0022166487335257968 -0.0017922267247013225 0.0042317617427433049 -0.0039301889108655525
leaf_weight=321 237 427 239 315 447 214
leaf_count=321 237 427 239 315 447 214
internal_value=4.2645e-05 -0.00066497 0.00111646 0.000535964 0.00174608 -0.00118781
internal_weight=2200 903 476 1297 762 535
internal_count=2200 903 476 1297 762 535
is_linear=0
shrinkage=0.05


Tree=211
num_leaves=6
num_cat=0
split_feature=5 3 3 4 6
split_gain=0.318418 1.33993 0.700523 1.44746 0.820459
threshold=0.16000000000000003 0.96225044864937292 1.0218619455529752 0.031966742262086761 7.2916800248153475
decision_type=2 2 2 2 2
left_child=2 -2 4 -4 -1
right_child=1 -3 3 -5 -6
leaf_value=-0.00013616654431239074 -0.0014523555079494349 0.0046636545796770535 0.00040405628056926234 -0.005737014903733218 0.0035968878245084962
leaf_weight=1296 188 163 236 156 161
leaf_count=1296 188 163 236 156 161
internal_value=4.39176e-05 0.00141345 -0.000219175 -0.00208131 0.00028723
internal_weight=2200 351 1849 392 1457
internal_count=2200 351 1849 392 1457
is_linear=0
shrinkage=0.05


Tree=212
num_leaves=4
num_cat=0
split_feature=4 2 13
split_gain=0.32433 0.638891 0.750952
threshold=0.0082915619758885204 0.02705445962458233 -0.065242559858713509
decision_type=2 2 8
left_child=-1 -2 -3
right_child=1 2 -4
leaf_value=-0.0014777617217345078 -0.0027950907049084745 -0.00078838500205786598 0.0013477388715627688
leaf_weight=298 150 651 1101
leaf_count=298 150 651 1101
internal_value=4.19128e-05 0.000283261 0.000554023
internal_weight=2200 1902 1752
internal_count=2200 1902 1752
is_linear=0
shrinkage=0.05


Tree=213
num_leaves=6
num_cat=0
split_feature=13 8 13 13 8
split_gain=0.315153 1.70565 1.6045 1.06252 1.03744
threshold=0.081255740730093493 0.70100496201233609 0.010761854793753254 0.16285787780742134 0.71121639282082005
decision_type=10 2 10 10 2
left_child=2 3 4 -2 -1
right_child=1 -3 -4 -5 -6
leaf_value=0.00034381423177294324 -0.004930811556906084 0.0037935497725923219 0.0042239126452649576 -0.00038933667223878168 -0.003623495210975063
leaf_weight=1090 206 150 232 333 189
leaf_count=1090 206 150 232 333 189
internal_value=4.10834e-05 -0.000841494 0.000444977 -0.00215441 -0.000254269
internal_weight=2200 689 1511 539 1279
internal_count=2200 689 1511 539 1279
is_linear=0
shrinkage=0.05


Tree=214
num_leaves=4
num_cat=0
split_feature=2 5 3
split_gain=0.316524 0.632471 0.794482
threshold=0.11837293174009798 0.16000000000000003 1.4142135623730949
decision_type=2 2 2
left_child=1 2 -1
right_child=-2 -3 -4
leaf_value=0.0002592056167260083 -0.002024580661666291 0.0024885490319614574 -0.0030219036109609596
leaf_weight=1569 166 261 204
leaf_count=1569 166 261 204
internal_value=4.17971e-05 0.000214991 -0.000125753
internal_weight=2200 2034 1773
internal_count=2200 2034 1773
is_linear=0
shrinkage=0.05


Tree=215
num_leaves=7
num_cat=0
split_feature=1 0 3 1 6 0
split_gain=0.315998 1.26397 0.898507 1.57521 1.53835 0.80828
threshold=-0.82837392047181946 0.39750000000000008 0.26227157876952695 -0.1882505270914844 7.0649983007962751 0.27000000000000007
decision_type=2 2 2 2 2 2
left_child=1 5 3 -2 -4 -1
right_child=2 -3 4 -5 -6 -7
leaf_value=-0.00091558287991815696 0.005422074562523479 -0.0043052517994263094 0.00058067313055995399 7.7097521974675123e-05 -0.0042066741772219286 0.0034119030414149171
leaf_weight=327 206 186 714 398 214 155
leaf_count=327 206 186 714 398 214 155
internal_value=4.1269e-05 -0.000862366 0.000436806 0.0019296 -0.000539933 0.000496778
internal_weight=2200 668 1532 604 928 482
internal_count=2200 668 1532 604 928 482
is_linear=0
shrinkage=0.05


Tree=216
num_leaves=4
num_cat=0
split_feature=4 4 13
split_gain=0.313068 1.2782 1.17232
threshold=0.059345381511856483 0.048153400710645576 0.081255740730093493
decision_type=2 2 10
left_child=1 2 -1
right_child=-2 -3 -4
leaf_value=0.001055842231178187 0.0015990326772970097 -0.0044098126836349654 -0.0017343019077397444
leaf_weight=1228 276 159 537
leaf_count=1228 276 159 537
internal_value=3.99006e-05 -0.000187324 0.000204442
internal_weight=2200 1924 1765
internal_count=2200 1924 1765
is_linear=0
shrinkage=0.05


Tree=217
num_leaves=5
num_cat=0
split_feature=4 5 3 6
split_gain=0.304336 0.63018 1.47877 1.44232
threshold=0.0082915619758885204 -0.022500000000000003 0.50709255283711108 6.1874834465657207
decision_type=2 2 2 2
left_child=-1 2 -2 -3
right_child=1 3 -4 -5
leaf_value=-0.0014323934142726779 0.00034346442201931053 -0.0022100830319743414 -0.0047737451949312042 0.0020810973564228089
leaf_weight=298 652 252 175 823
leaf_count=298 652 252 175 823
internal_value=3.96935e-05 0.000273487 -0.00076156 0.00106959
internal_weight=2200 1902 827 1075
internal_count=2200 1902 827 1075
is_linear=0
shrinkage=0.05


Tree=218
num_leaves=5
num_cat=0
split_feature=3 3 11 1
split_gain=0.300047 0.833176 1.2298 0.584594
threshold=-1.4142135623730943 -1.0876776499734875 -0.95633664244672689 -1.4403039262985942
decision_type=2 2 2 2
left_child=3 -2 -3 -1
right_child=1 2 -4 -5
leaf_value=0.00070881833491425611 0.0033501642457776318 -0.0042072080146447052 0.00036020232747102632 -0.003541245298751901
leaf_weight=163 193 158 1533 153
leaf_count=163 193 158 1533 153
internal_value=4.13213e-05 0.000281392 -7.77027e-05 -0.00137207
internal_weight=2200 1884 1691 316
internal_count=2200 1884 1691 316
is_linear=0
shrinkage=0.05


Tree=219
num_leaves=7
num_cat=0
split_feature=1 0 3 8 2 0
split_gain=0.303359 1.17387 0.821302 1.07719 1.00712 0.734443
threshold=-0.82837392047181946 0.39750000000000008 -0.46852128566581802 0.63054237865119533 0.035682820458030499 0.27000000000000007
decision_type=2 2 2 2 2 2
left_child=1 5 3 -2 -4 -1
right_child=2 -3 4 -5 -6 -7
leaf_value=-0.00088167219784725563 -0.00040928598554236984 -0.0041632794389862039 -0.0028329404956561385 0.0050485080892949839 0.00059856875838830209 0.0032433730829507113
leaf_weight=327 168 186 275 189 900 155
leaf_count=327 168 186 275 189 900 155
internal_value=3.99654e-05 -0.000845411 0.000427512 0.00250996 -0.000213151 0.000464527
internal_weight=2200 668 1532 357 1175 482
internal_count=2200 668 1532 357 1175 482
is_linear=0
shrinkage=0.05


Tree=220
num_leaves=7
num_cat=0
split_feature=3 1 6 2 1 13
split_gain=0.295841 1.20899 1.88614 1.43562 1.07986 1.59769
threshold=1.1418710387511426 0.92857170420189405 7.2916800248153475 0.071527843323215531 0.84369045289837519 -0.076364740746285839
decision_type=2 2 2 2 2 8
left_child=1 2 -1 -3 -2 -6
right_child=4 3 -4 -5 5 -7
leaf_value=-0.0002572160446396488 -0.0022235757240128737 0.00012829294989830887 0.0055200993227663281 -0.0061427664173479999 -0.00090997828029347992 0.0060564823427248279
leaf_weight=1204 157 194 155 167 154 169
leaf_count=1204 157 194 155 167 154 169
internal_value=4.0879e-05 -0.000265962 0.000419532 -0.00281701 0.0011318 0.00277177
internal_weight=2200 1720 1359 361 480 323
internal_count=2200 1720 1359 361 480 323
is_linear=0
shrinkage=0.05


Tree=221
num_leaves=6
num_cat=0
split_feature=1 0 1 7 0
split_gain=0.298822 1.07931 0.790226 0.875976 0.679179
threshold=-0.82837392047181946 0.39750000000000008 -0.55699902650699384 -0.79281092180743029 0.27000000000000007
decision_type=2 2 2 2 2
left_child=1 4 -2 -4 -1
right_child=2 -3 3 -5 -6
leaf_value=-0.0008739578379708653 0.003788594652269819 -0.0040173918935250859 0.0032282514106681485 -0.00045024952449153024 0.0030927243689075116
leaf_weight=327 152 186 182 1198 155
leaf_count=327 152 186 182 1198 155
internal_value=4.27221e-05 -0.000836018 0.000427353 4.47891e-05 0.000420291
internal_weight=2200 668 1532 1380 482
internal_count=2200 668 1532 1380 482
is_linear=0
shrinkage=0.05


Tree=222
num_leaves=7
num_cat=0
split_feature=6 8 7 8 0 12
split_gain=0.294658 1.20085 1.9932 0.991093 1.24817 0.947058
threshold=6.8193884107315359 0.61744225736843805 0.016467205637491825 0.72745837026547078 0.62000000000000011 -0.43247830976182328
decision_type=2 2 2 2 2 2
left_child=3 2 -2 4 -1 -3
right_child=1 5 -4 -5 -6 -7
leaf_value=0.0011978565598741789 0.0042783392371498205 0.00025549756587503572 -0.0021294582540218976 0.0042086063907936476 -0.0022673093796133845 -0.0045021532152507149
leaf_weight=751 237 176 239 155 391 251
leaf_count=751 237 176 239 155 391 251
internal_value=4.10731e-05 -0.00065037 0.00107229 0.00052312 6.735e-06 -0.00256089
internal_weight=2200 903 476 1297 1142 427
internal_count=2200 903 476 1297 1142 427
is_linear=0
shrinkage=0.05


Tree=223
num_leaves=5
num_cat=0
split_feature=5 12 1 6
split_gain=0.310397 1.58027 0.571744 0.713829
threshold=0.16000000000000003 -0.25880967665582438 1.4293045996258578 5.8566586457760348
decision_type=2 2 2 2
left_child=2 -2 3 -1
right_child=1 -3 -4 -5
leaf_value=0.0029621800565413046 0.0050667826486912324 -0.0015964901062397987 -0.002674169834437115 -0.00028059064859247904
leaf_weight=187 156 195 205 1457
leaf_count=187 156 195 205 1457
internal_value=4.23553e-05 0.00139453 -0.000217401 9.6128e-05
internal_weight=2200 351 1849 1644
internal_count=2200 351 1849 1644
is_linear=0
shrinkage=0.05


Tree=224
num_leaves=6
num_cat=0
split_feature=3 1 6 2 2
split_gain=0.301228 1.07305 1.77297 1.34149 1.05058
threshold=1.1418710387511426 0.92857170420189405 7.2916800248153475 0.071527843323215531 0.062983590341488024
decision_type=2 2 2 2 2
left_child=1 2 -1 -3 -2
right_child=4 3 -4 -5 -6
leaf_value=-0.00027725792304129129 -0.00089259620681790336 0.00017538976097413944 0.0053239885130460613 -0.0058853462192251585 0.0037861161385801508
leaf_weight=1204 273 194 155 167 207
leaf_count=1204 273 194 155 167 207
internal_value=4.25266e-05 -0.000267098 0.000378763 -0.00267043 0.00114333
internal_weight=2200 1720 1359 361 480
internal_count=2200 1720 1359 361 480
is_linear=0
shrinkage=0.05


Tree=225
num_leaves=7
num_cat=0
split_feature=1 0 3 6 1 8
split_gain=0.315855 0.979443 0.744592 1.42769 1.36372 0.714853
threshold=-0.82837392047181946 0.39750000000000008 0.26227157876952695 7.0649983007962751 -0.1882505270914844 0.55139084919850789
decision_type=2 2 2 2 2 2
left_child=1 5 4 -4 -2 -1
right_child=2 -3 3 -5 -6 -7
leaf_value=-0.0024406828682521902 0.0050440860961032015 -0.0038936986353891993 0.00062546980130233289 -0.0039862551925742163 7.0859369509576115e-05 0.0016418169781671627
leaf_weight=153 206 186 714 214 398 329
leaf_count=153 206 186 714 214 398 329
internal_value=4.01923e-05 -0.000863235 0.000435642 -0.000453673 0.00179451 0.000334166
internal_weight=2200 668 1532 928 604 482
internal_count=2200 668 1532 928 604 482
is_linear=0
shrinkage=0.05


Tree=226
num_leaves=5
num_cat=0
split_feature=5 12 8 11
split_gain=0.318876 1.47921 0.635831 1.59979
threshold=0.16000000000000003 -0.25880967665582438 0.71236139525394437 -0.052299644979220287
decision_type=2 2 2 2
left_child=2 -2 3 -1
right_child=1 -3 -4 -5
leaf_value=0.0018239785403127346 0.0049614095316530262 -0.001485983137972653 -0.0023841034775412282 -0.0013642970991812218
leaf_weight=754 156 195 283 812
leaf_count=754 156 195 283 812
internal_value=3.84297e-05 0.00140896 -0.00022484 0.000171718
internal_weight=2200 351 1849 1566
internal_count=2200 351 1849 1566
is_linear=0
shrinkage=0.05


Tree=227
num_leaves=5
num_cat=0
split_feature=3 3 12 1
split_gain=0.295275 0.724636 1.27088 0.580371
threshold=-1.4142135623730943 -1.0876776499734875 0.9351223260639846 -1.4403039262985942
decision_type=2 2 2 2
left_child=3 -2 -3 -1
right_child=1 2 -4 -5
leaf_value=0.00071056903966347734 0.0031394824501470376 -0.00054754670121308108 0.0037519587251866604 -0.0035240313659357261
leaf_weight=163 193 1502 189 153
leaf_count=163 193 1502 189 153
internal_value=3.9421e-05 0.000277578 -5.73543e-05 -0.00136268
internal_weight=2200 1884 1691 316
internal_count=2200 1884 1691 316
is_linear=0
shrinkage=0.05


Tree=228
num_leaves=7
num_cat=0
split_feature=1 0 3 3 1 8
split_gain=0.302358 0.900931 0.695141 1.42071 1.26598 0.656954
threshold=-0.82837392047181946 0.39750000000000008 0.26227157876952695 0.81649658092772659 -0.1882505270914844 0.55139084919850789
decision_type=2 2 2 2 2 2
left_child=1 5 4 -4 -2 -1
right_child=2 -3 3 -5 -6 -7
leaf_value=-0.0023574338769068639 0.0048686074463747692 -0.0037525635539430329 -0.0039171023815327364 0.00065458110378976996 7.680643615070222e-05 0.001556181916193256
leaf_weight=153 206 186 218 710 398 329
leaf_count=153 206 186 218 710 398 329
internal_value=3.77739e-05 -0.000846136 0.000424685 -0.000434607 0.00173765 0.000302444
internal_weight=2200 668 1532 928 604 482
internal_count=2200 668 1532 928 604 482
is_linear=0
shrinkage=0.05


Tree=229
num_leaves=5
num_cat=0
split_feature=5 12 8 8
split_gain=0.310196 1.39187 0.590334 1.55928
threshold=0.16000000000000003 -0.25880967665582438 0.71236139525394437 0.6867886384372589
decision_type=2 2 2 2
left_child=2 -2 3 -1
right_child=1 -3 -4 -5
leaf_value=-0.00037721375216554512 0.0048344080936545452 -0.0014200290219305318 -0.002303401399634216 0.004773632791099173
leaf_weight=1407 156 195 283 159
leaf_count=1407 156 195 283 159
internal_value=3.68273e-05 0.00138858 -0.000222832 0.000159293
internal_weight=2200 351 1849 1566
internal_count=2200 351 1849 1566
is_linear=0
shrinkage=0.05


Tree=230
num_leaves=6
num_cat=0
split_feature=13 8 13 7 8
split_gain=0.299922 1.59198 1.43983 1.02359 0.937616
threshold=0.081255740730093493 0.70100496201233609 0.010761854793753254 -0.65982615741561257 0.71121639282082005
decision_type=10 2 10 2 2
left_child=2 3 4 -2 -1
right_child=1 -3 -4 -5 -6
leaf_value=0.00034005076412021686 7.0235047283374692e-05 0.0036569862328319543 0.0040137113462976387 -0.0042662682883979281 -0.0034315449790549035
leaf_weight=1090 273 150 232 266 189
leaf_count=1090 273 150 232 266 189
internal_value=3.99478e-05 -0.000821038 0.000433961 -0.0020894 -0.000228477
internal_weight=2200 689 1511 539 1279
internal_count=2200 689 1511 539 1279
is_linear=0
shrinkage=0.05


Tree=231
num_leaves=5
num_cat=0
split_feature=7 7 9 8
split_gain=0.295249 0.70235 1.2748 1.07051
threshold=-0.88175052666535614 -0.616469527165039 -0.49204249837303626 0.62646490474698935
decision_type=2 2 2 2
left_child=-1 3 -3 -2
right_child=1 2 -4 -5
leaf_value=-0.0017755801962078387 -0.00071778401011707868 -0.0033861781620091189 0.00040264244369035099 0.004982219388695976
leaf_weight=198 152 258 1420 172
leaf_count=198 152 258 1420 172
internal_value=4.16864e-05 0.000225392 -0.000188235 0.00233787
internal_weight=2200 2002 1678 324
internal_count=2200 2002 1678 324
is_linear=0
shrinkage=0.05


Tree=232
num_leaves=5
num_cat=0
split_feature=5 12 8 13
split_gain=0.286783 1.30235 0.555504 0.760351
threshold=0.16000000000000003 -0.25880967665582438 0.47736600758636999 -0.10049798520968985
decision_type=2 2 2 10
left_child=2 -2 -1 -4
right_child=1 -3 3 -5
leaf_value=0.0023022012851262453 0.004673561813622158 -0.0013763571860108642 0.00082992882167022054 -0.0013596139713999446
leaf_weight=192 156 195 646 1011
leaf_count=192 156 195 646 1011
internal_value=4.06447e-05 0.00134037 -0.000209035 -0.000506067
internal_weight=2200 351 1849 1657
internal_count=2200 351 1849 1657
is_linear=0
shrinkage=0.05


Tree=233
num_leaves=4
num_cat=0
split_feature=4 4 9
split_gain=0.286697 0.710932 1.14795
threshold=0.057357013574566303 0.047194736289546631 1.1168731139810604
decision_type=2 2 2
left_child=1 2 -1
right_child=-2 -3 -4
leaf_value=-0.00043222408151264699 0.0014764631934389722 -0.003341899076876648 0.0031226875501990654
leaf_weight=1483 296 158 263
leaf_count=1483 296 158 263
internal_value=4.23659e-05 -0.000183865 0.00011064
internal_weight=2200 1904 1746
internal_count=2200 1904 1746
is_linear=0
shrinkage=0.05


Tree=234
num_leaves=4
num_cat=0
split_feature=7 3 4
split_gain=0.302149 0.690117 0.902087
threshold=0.85339098563387428 1.5075567228888171 0.017853571071357155
decision_type=2 2 2
left_child=1 2 -1
right_child=-2 -3 -4
leaf_value=0.0014836896751448964 -0.0015286125559498276 0.0030886962169723721 -0.00088891471665404924
leaf_weight=613 264 189 1134
leaf_count=613 264 189 1134
internal_value=4.19305e-05 0.000259481 -5.45398e-05
internal_weight=2200 1936 1747
internal_count=2200 1936 1747
is_linear=0
shrinkage=0.05


Tree=235
num_leaves=5
num_cat=0
split_feature=4 5 6 3
split_gain=0.294497 0.62743 1.38517 1.30645
threshold=0.0082915619758885204 -0.022500000000000003 6.1874834465657207 0.50709255283711108
decision_type=2 2 2 2
left_child=-1 3 -3 -2
right_child=1 2 -4 -5
leaf_value=-0.0014078378491795226 0.00027644472562423039 -0.0021495827239057493 0.0020558235833757661 -0.0045336375225128404
leaf_weight=298 652 252 823 175
leaf_count=298 652 252 823 175
internal_value=4.02602e-05 0.00027024 0.00106461 -0.000762537
internal_weight=2200 1902 1075 827
internal_count=2200 1902 1075 827
is_linear=0
shrinkage=0.05


Tree=236
num_leaves=4
num_cat=0
split_feature=6 6 12
split_gain=0.285029 1.08884 1.04439
threshold=5.8566586457760348 6.1874834465657207 0.83747861877911101
decision_type=2 2 2
left_child=-1 -2 -3
right_child=1 2 -4
leaf_value=0.0016070913257084586 -0.0033185356957740929 0.00084591852438889144 -0.0023836715073948175
leaf_weight=252 235 1414 299
leaf_count=252 235 1414 299
internal_value=4.18577e-05 -0.000164222 0.000276905
internal_weight=2200 1948 1713
internal_count=2200 1948 1713
is_linear=0
shrinkage=0.05


Tree=237
num_leaves=7
num_cat=0
split_feature=6 8 7 13 8 7
split_gain=0.29126 1.12028 1.91976 1.02513 0.981025 1.17087
threshold=6.8193884107315359 0.61744225736843805 0.016467205637491825 -0.0058429708068049703 0.72745837026547078 -0.74829835739337325
decision_type=2 2 2 8 2 2
left_child=4 2 -2 -3 5 -1
right_child=1 3 -4 -5 -6 -7
leaf_value=-0.003747036256225494 0.0041644749603229007 0.0002135675244687144 -0.0021239339855053945 -0.0046803023569698928 0.0041872308899473867 0.00068363530085289472
leaf_weight=171 237 193 239 234 155 971
leaf_count=171 237 193 239 234 155 971
internal_value=4.12534e-05 -0.000646193 0.0010178 -0.00249145 0.000520512 6.75647e-06
internal_weight=2200 903 476 427 1297 1142
internal_count=2200 903 476 427 1297 1142
is_linear=0
shrinkage=0.05


Tree=238
num_leaves=4
num_cat=0
split_feature=7 3 4
split_gain=0.285444 0.658082 0.848102
threshold=0.85339098563387428 1.5075567228888171 0.017853571071357155
decision_type=2 2 2
left_child=1 2 -1
right_child=-2 -3 -4
leaf_value=0.0014377335443622569 -0.0014850786007719191 0.0030156533135033393 -0.00086278312794493784
leaf_weight=613 264 189 1134
leaf_count=613 264 189 1134
internal_value=4.14331e-05 0.000252883 -5.37618e-05
internal_weight=2200 1936 1747
internal_count=2200 1936 1747
is_linear=0
shrinkage=0.05


Tree=239
num_leaves=6
num_cat=0
split_feature=4 4 11 8 2
split_gain=0.305578 1.60887 1.39501 1.55702 1.34797
threshold=0.021794494717703353 0.027824613072817198 0.88089072888820985 0.51889509657901234 0.081946249941020941
decision_type=2 2 2 2 2
left_child=2 -2 3 -1 -3
right_child=1 4 -4 -5 -6
leaf_value=-0.0057815180148951669 0.0040537449135892812 -0.0016535942990247171 0.0036680997203988063 -0.00034267148975577555 0.0021970544434145758
leaf_weight=162 255 669 152 624 338
leaf_count=162 255 669 152 624 338
internal_value=3.98542e-05 0.000546994 -0.000641741 -0.00149311 -0.000356653
internal_weight=2200 1262 938 786 1007
internal_count=2200 1262 938 786 1007
is_linear=0
shrinkage=0.05


Tree=240
num_leaves=5
num_cat=0
split_feature=2 11 8 5
split_gain=0.300637 0.589276 1.73153 1.57904
threshold=0.11837293174009798 0.58436769656310694 0.71236139525394437 -0.070000000000000007
decision_type=2 2 2 2
left_child=1 2 -1 -3
right_child=-2 3 -4 -5
leaf_value=0.00037823360087541644 -0.0019754142219803911 -0.002160426675457322 -0.0044997178060524863 0.0032206448246469644
leaf_weight=1210 166 197 209 418
leaf_count=1210 166 197 209 418
internal_value=3.84331e-05 0.000207229 -0.000353501 0.00149343
internal_weight=2200 2034 1419 615
internal_count=2200 2034 1419 615
is_linear=0
shrinkage=0.05


Tree=241
num_leaves=5
num_cat=0
split_feature=0 1 8 8
split_gain=0.291659 0.553698 2.30893 1.74615
threshold=0.86250000000000016 0.67905956055322292 0.68001285129558886 0.70848250615979413
decision_type=2 2 2 2
left_child=1 3 -3 -1
right_child=-2 2 -4 -5
leaf_value=0.0004317408869852202 -0.0017714601949619193 -0.00044464775961494657 0.0061473568810804478 -0.0044326133286813271
leaf_weight=1139 197 469 180 215
leaf_count=1139 197 469 180 215
internal_value=3.9637e-05 0.00022173 0.00141666 -0.000354131
internal_weight=2200 2003 649 1354
internal_count=2200 2003 649 1354
is_linear=0
shrinkage=0.05


Tree=242
num_leaves=6
num_cat=0
split_feature=4 4 4 2 8
split_gain=0.283831 1.48666 1.3305 1.27305 1.26324
threshold=0.021794494717703353 0.027824613072817198 0.018027756377319976 0.081946249941020941 0.51889509657901234
decision_type=2 2 2 2 2
left_child=2 -2 4 -3 -1
right_child=1 3 -4 -5 -6
leaf_value=-0.0033411870716878659 0.0039026723466500136 -0.00159734831965744 -0.0045485808074008675 0.0021447407195932413 0.0014004465236261124
leaf_weight=179 255 669 170 338 589
leaf_count=179 255 669 170 338 589
internal_value=4.29992e-05 0.000531751 -0.000613908 -0.000336924 0.000280837
internal_weight=2200 1262 938 1007 768
internal_count=2200 1262 938 1007 768
is_linear=0
shrinkage=0.05


Tree=243
num_leaves=5
num_cat=0
split_feature=2 11 3 8
split_gain=0.291452 0.551771 1.6059 1.56103
threshold=0.11837293174009798 0.58436769656310694 -0.55807570327541478 0.71236139525394437
decision_type=2 2 2 2
left_child=1 3 -3 -1
right_child=-2 2 -4 -5
leaf_value=0.00036014931757911398 -0.0019410549645476885 0.0046015076321604355 -0.00059676696313545104 -0.004271421940354239
leaf_weight=1210 166 240 375 209
leaf_count=1210 166 240 375 209
internal_value=4.18026e-05 0.000207992 0.00145258 -0.000334623
internal_weight=2200 2034 615 1419
internal_count=2200 2034 615 1419
is_linear=0
shrinkage=0.05


Tree=244
num_leaves=4
num_cat=0
split_feature=4 13 2
split_gain=0.278343 0.782393 0.825144
threshold=0.057357013574566303 -0.25017232331907069 0.088205484306106668
decision_type=2 8 2
left_child=1 -1 -3
right_child=-2 2 -4
leaf_value=0.0028706020830204051 0.0014519046439380816 -1.3365991993801201e-05 -0.0028872254183369907
leaf_weight=184 296 1422 298
leaf_count=184 296 1422 298
internal_value=3.88501e-05 -0.000184054 -0.000518204
internal_weight=2200 1904 1720
internal_count=2200 1904 1720
is_linear=0
shrinkage=0.05


Tree=245
num_leaves=7
num_cat=0
split_feature=3 11 3 2 13 13
split_gain=0.27875 1.36117 1.69623 1.23694 1.4379 1.2314
threshold=-0.70710678118654713 0.59823719338324544 -0.99999999999999911 0.035682820458030499 -0.11861338912983178 0.02324690669498276
decision_type=2 2 2 2 8 8
left_child=1 2 -1 5 -5 -2
right_child=3 -3 -4 4 -6 -7
leaf_value=-0.00034570855254692891 0.00079786540381257618 0.002478851994276529 -0.0064988474505803286 -0.0013699769422677523 0.002488542435093648 -0.0053838392731267969
leaf_weight=406 160 231 150 352 746 155
leaf_count=406 160 231 150 352 746 155
internal_value=3.88429e-05 -0.000712624 -0.00204885 0.000458425 0.00125096 -0.00228052
internal_weight=2200 787 556 1413 1098 315
internal_count=2200 787 556 1413 1098 315
is_linear=0
shrinkage=0.05


Tree=246
num_leaves=6
num_cat=0
split_feature=3 2 2 13 1
split_gain=0.271009 0.657108 1.29851 0.840747 0.586068
threshold=-1.4142135623730943 0.035682820458030499 0.05465484905773705 0.03603150695032379 -1.4403039262985942
decision_type=2 2 2 8 2
left_child=4 3 -3 -2 -1
right_child=1 2 -4 -5 -6
leaf_value=0.0007777297117475731 0.00055630147920358766 0.0029287555927480077 -0.00024954688649472812 -0.0039788527711777681 -0.0034763634232863128
leaf_weight=163 223 465 1014 182 153
leaf_count=163 223 465 1014 182 153
internal_value=3.91888e-05 0.000267347 0.000756218 -0.00150539 -0.00130407
internal_weight=2200 1884 1479 405 316
internal_count=2200 1884 1479 405 316
is_linear=0
shrinkage=0.05


Tree=247
num_leaves=6
num_cat=0
split_feature=2 2 2 7 13
split_gain=0.278375 1.81262 1.58237 1.03954 1.50848
threshold=0.058526465321494532 0.071289583582039837 0.081306601943391607 -0.65982615741561257 -0.19590285474343791
decision_type=2 2 2 2 8
left_child=3 -2 -3 -1 -5
right_child=1 2 -4 4 -6
leaf_value=0.0024000560326385314 0.0039300110113757022 -0.004478187721445045 0.00068049017991270253 0.0025859767563376945 -0.0023404688844315814
leaf_weight=239 293 196 567 194 711
leaf_count=239 293 196 567 194 711
internal_value=3.84196e-05 0.000622307 -0.000665202 -0.000500916 -0.00127601
internal_weight=2200 1056 763 1144 905
internal_count=2200 1056 763 1144 905
is_linear=0
shrinkage=0.05


Tree=248
num_leaves=4
num_cat=0
split_feature=7 3 4
split_gain=0.276018 0.592192 0.840253
threshold=0.85339098563387428 1.5075567228888171 0.017853571071357155
decision_type=2 2 2
left_child=1 2 -1
right_child=-2 -3 -4
leaf_value=0.0014413424631312089 -0.0014613166830777693 0.0028685170858882406 -0.0008485007141955435
leaf_weight=613 264 189 1134
leaf_count=613 264 189 1134
internal_value=3.97757e-05 0.000247707 -4.32036e-05
internal_weight=2200 1936 1747
internal_count=2200 1936 1747
is_linear=0
shrinkage=0.05


Tree=249
num_leaves=5
num_cat=0
split_feature=0 1 8 8
split_gain=0.272612 0.512603 2.18415 1.548
threshold=0.86250000000000016 0.67905956055322292 0.68001285129558886 0.70848250615979413
decision_type=2 2 2 2
left_child=1 3 -3 -1
right_child=-2 2 -4 -5
leaf_value=0.00040016134558894787 -0.0017127276699941624 -0.00044616801983389097 0.0059651247472376438 -0.0041798928088709634
leaf_weight=1139 197 469 180 215
leaf_count=1139 197 469 180 215
internal_value=3.8232e-05 0.000214279 0.00136401 -0.000339803
internal_weight=2200 2003 649 1354
internal_count=2200 2003 649 1354
is_linear=0
shrinkage=0.05


Tree=250
num_leaves=7
num_cat=0
split_feature=2 2 2 8 8 9
split_gain=0.267313 1.66329 1.45748 1.00419 2.81225 1.57481
threshold=0.058526465321494532 0.071289583582039837 0.081306601943391607 0.64621365604066749 0.5553469457541983 -0.53360902167963375
decision_type=2 2 2 2 2 2
left_child=3 -2 -3 4 -1 -5
right_child=1 2 -4 5 -6 -7
leaf_value=0.0015732685095264758 0.003782103514633442 -0.0042792955334692157 0.00067153969651696256 0.0054521889302639234 -0.0046885066152279496 -0.00079851788127441618
leaf_weight=346 293 196 567 150 363 285
leaf_count=346 293 196 567 150 363 285
internal_value=4.14581e-05 0.000613618 -0.000619815 -0.000487062 -0.00164307 0.00139436
internal_weight=2200 1056 763 1144 709 435
internal_count=2200 1056 763 1144 709 435
is_linear=0
shrinkage=0.05


Tree=251
num_leaves=4
num_cat=0
split_feature=4 8 5
split_gain=0.267089 0.568504 0.718229
threshold=0.0082915619758885204 0.49098576581049852 0.05000000000000001
decision_type=2 2 2
left_child=-1 -2 -3
right_child=1 2 -4
leaf_value=-0.001334658460291994 0.0029374911242484817 -0.0008238011438740265 0.0012632020320335093
leaf_weight=298 175 1059 668
leaf_count=298 175 1059 668
internal_value=4.44251e-05 0.000263429 -1.52364e-05
internal_weight=2200 1902 1727
internal_count=2200 1902 1727
is_linear=0
shrinkage=0.05


Tree=252
num_leaves=4
num_cat=0
split_feature=2 6 2
split_gain=0.268915 0.554502 1.05279
threshold=0.11837293174009798 5.6920807803244742 0.095457532283129934
decision_type=2 2 2
left_child=1 -1 -3
right_child=-2 2 -4
leaf_value=0.0029485608181039967 -0.0018585133000531601 -0.00043628078156800242 0.0035077615145750552
leaf_weight=164 166 1687 183
leaf_count=164 166 1687 183
internal_value=4.61556e-05 0.000205777 -4.19882e-05
internal_weight=2200 2034 1870
internal_count=2200 2034 1870
is_linear=0
shrinkage=0.05


Tree=253
num_leaves=5
num_cat=0
split_feature=7 7 9 3
split_gain=0.263625 0.669736 1.18042 1.13017
threshold=-0.88175052666535614 -0.616469527165039 -0.49204249837303626 -0.36232437477388418
decision_type=2 2 2 2
left_child=-1 3 -3 -2
right_child=1 2 -4 -5
leaf_value=-0.0016721334843437551 0.0052578370779591769 -0.0032625376674753968 0.000383340226037003 -0.00058811420119952334
leaf_weight=198 157 258 1420 167
leaf_count=198 157 258 1420 167
internal_value=4.50718e-05 0.000218648 -0.000185257 0.0022815
internal_weight=2200 2002 1678 324
internal_count=2200 2002 1678 324
is_linear=0
shrinkage=0.05


Tree=254
num_leaves=4
num_cat=0
split_feature=4 5 8
split_gain=0.263067 0.62945 0.813272
threshold=0.07564307353168935 0.21000000000000002 0.71236139525394437
decision_type=2 2 2
left_child=1 2 -1
right_child=-2 -3 -4
leaf_value=0.00063152451437985474 0.0020155485535550649 -0.0026880968952955643 -0.0022893109610735095
leaf_weight=1565 152 207 276
leaf_count=1565 152 207 276
internal_value=4.29758e-05 -0.000107978 0.000188622
internal_weight=2200 2048 1841
internal_count=2200 2048 1841
is_linear=0
shrinkage=0.05


Tree=255
num_leaves=6
num_cat=0
split_feature=8 12 11 11 12
split_gain=0.262249 2.12764 1.04002 1.42385 1.2213
threshold=0.70100496201233609 0.11750128831440455 -0.052299644979220287 0.39474385534046647 -0.056620182172665338
decision_type=2 2 2 2 2
left_child=2 -2 4 -4 -1
right_child=1 -3 3 -5 -6
leaf_value=0.0029565720826955932 -0.0019261753537290764 0.0052875796136545158 -0.0046401320319898005 -0.00020348037435342711 -0.00076958848957478336
leaf_weight=416 234 174 242 677 457
leaf_count=416 234 174 242 677 457
internal_value=4.09984e-05 0.00117705 -0.000220211 -0.00139057 0.00101272
internal_weight=2200 408 1792 919 873
internal_count=2200 408 1792 919 873
is_linear=0
shrinkage=0.05


Tree=256
num_leaves=5
num_cat=0
split_feature=5 12 3 13
split_gain=0.261322 1.19329 0.631908 0.655101
threshold=0.16000000000000003 -0.25880967665582438 1.4142135623730949 -0.37695158060133355
decision_type=2 2 2 10
left_child=2 -2 3 -1
right_child=1 -3 -4 -5
leaf_value=0.0029935957916850334 0.0044752454043869277 -0.0013158498908160256 -0.002756594044447138 -0.00020994149983736231
leaf_weight=174 156 195 208 1467
leaf_count=174 156 195 208 1467
internal_value=4.39954e-05 0.00128468 -0.000194355 0.000137801
internal_weight=2200 351 1849 1641
internal_count=2200 351 1849 1641
is_linear=0
shrinkage=0.05


Tree=257
num_leaves=6
num_cat=0
split_feature=3 4 3 11 4
split_gain=0.262285 1.46757 1.22713 1.45197 1.14126
threshold=-0.81649658092772615 0.059345381511856483 -0.99999999999999956 -0.45204460904559257 0.043011626335213153
decision_type=2 2 2 2 2
left_child=2 4 3 -1 -2
right_child=1 -3 -4 -5 -6
leaf_value=0.0036383231760944825 0.00046654686821097612 0.0048293270768010104 -0.0044807738269290508 -0.0015313628199936187 -0.0037523135635628303
leaf_weight=210 1118 163 163 364 182
leaf_count=210 1118 163 163 364 182
internal_value=4.44322e-05 0.000431592 -0.000721837 0.000375072 -0.000136207
internal_weight=2200 1463 737 574 1300
internal_count=2200 1463 737 574 1300
is_linear=0
shrinkage=0.05


Tree=258
num_leaves=5
num_cat=0
split_feature=7 7 11 0
split_gain=0.257944 0.579594 1.41785 1.10719
threshold=0.85339098563387428 0.36645556939638552 0.93194719561560657 0.39750000000000008
decision_type=2 2 2 2
left_child=1 2 -1 -3
right_child=-2 3 -4 -5
leaf_value=0.00030429275840718835 -0.0014063665354243553 -0.0014236757451975036 -0.0044809016804250087 0.0031371686021278346
leaf_weight=1184 264 200 173 379
leaf_count=1184 264 200 173 379
internal_value=4.47665e-05 0.000245761 -0.000319968 0.00156305
internal_weight=2200 1936 1357 579
internal_count=2200 1936 1357 579
is_linear=0
shrinkage=0.05


Tree=259
num_leaves=5
num_cat=0
split_feature=3 11 2 3
split_gain=0.25522 0.605244 1.13252 0.55293
threshold=-1.4142135623730943 -0.91177697653052536 0.035682820458030499 -1.6329931618554514
decision_type=2 2 2 2
left_child=3 -2 -3 -1
right_child=1 2 -4 -5
leaf_value=0.00086397999344626445 -0.0019654510411227706 -0.0018384127361139612 0.0013253240874555438 -0.0032667018621823337
leaf_weight=155 257 359 1268 161
leaf_count=155 257 359 1268 161
internal_value=4.4885e-05 0.000266282 0.000623747 -0.00125868
internal_weight=2200 1884 1627 316
internal_count=2200 1884 1627 316
is_linear=0
shrinkage=0.05


Tree=260
num_leaves=5
num_cat=0
split_feature=0 1 8 8
split_gain=0.25519 0.456685 2.0239 1.40661
threshold=0.86250000000000016 0.67905956055322292 0.68001285129558886 0.70848250615979413
decision_type=2 2 2 2
left_child=1 3 -3 -1
right_child=-2 2 -4 -5
leaf_value=0.00039671200517971242 -0.0016499820406955558 -0.00044274732863721104 0.0057287632754525622 -0.0039691333518236541
leaf_weight=1139 197 469 180 215
leaf_count=1139 197 469 180 215
internal_value=4.41233e-05 0.000214436 0.00129963 -0.000308588
internal_weight=2200 2003 649 1354
internal_count=2200 2003 649 1354
is_linear=0
shrinkage=0.05


Tree=261
num_leaves=6
num_cat=0
split_feature=8 0 13 5 2
split_gain=0.261704 2.1464 0.947589 1.39316 1.2881
threshold=0.70100496201233609 0.46000000000000002 0.069736103078718775 -0.089999999999999927 0.062702405324508589
decision_type=2 2 10 2 2
left_child=2 -2 3 -1 -4
right_child=1 -3 4 -5 -6
leaf_value=0.0036842229172727595 -0.0028952306555711307 0.0043313528823250153 0.00016150413014282309 -0.00033929448455770854 -0.0045735137028558425
leaf_weight=274 178 230 335 937 246
leaf_count=274 178 230 335 937 246
internal_value=4.68403e-05 0.0011817 -0.000214111 0.000582469 -0.00186526
internal_weight=2200 408 1792 1211 581
internal_count=2200 408 1792 1211 581
is_linear=0
shrinkage=0.05


Tree=262
num_leaves=6
num_cat=0
split_feature=13 12 8 6 11
split_gain=0.264246 1.14995 1.06705 1.33216 0.675277
threshold=-0.14669390627095044 -0.66750634092622008 0.71753602073793388 6.4388149874952516 0.09566478273832088
decision_type=8 2 2 2 2
left_child=1 -1 3 -2 -3
right_child=2 4 -4 -5 -6
leaf_value=-0.0045338027966163978 -0.002379652773599244 0.0027235715985572079 0.0037387565232631635 0.00088431284324030912 -0.0014187936054580721
leaf_weight=151 445 182 200 1019 203
leaf_count=151 445 182 200 1019 203
internal_value=4.90083e-05 -0.000911413 0.000360178 -0.000112531 0.000549228
internal_weight=2200 536 1664 1464 385
internal_count=2200 536 1664 1464 385
is_linear=0
shrinkage=0.05


Tree=263
num_leaves=7
num_cat=0
split_feature=6 8 7 8 4 13
split_gain=0.265975 1.03698 1.80069 0.987732 1.19898 0.941524
threshold=6.8193884107315359 0.61744225736843805 0.016467205637491825 0.72745837026547078 0.020615528128088315 -0.0058429708068049703
decision_type=2 2 2 2 2 8
left_child=3 2 -2 4 -1 -3
right_child=1 5 -4 -5 -6 -7
leaf_value=0.0019072536013109093 0.0040406321619049458 0.0002091922271629852 -0.0020496943068106614 0.0041864654663368124 -0.0013665917362566645 -0.0044807664813302367
leaf_weight=473 237 193 239 155 669 234
leaf_count=473 237 193 239 155 669 234
internal_value=4.92713e-05 -0.000607682 0.000993155 0.000507234 -8.2089e-06 -0.00238306
internal_weight=2200 903 476 1297 1142 427
internal_count=2200 903 476 1297 1142 427
is_linear=0
shrinkage=0.05


Tree=264
num_leaves=5
num_cat=0
split_feature=6 6 0 5
split_gain=0.249817 0.698182 2.05058 0.957132
threshold=5.6920807803244742 6.1874834465657207 0.51750000000000018 -0.019999999999999931
decision_type=2 2 2 2
left_child=-1 2 -2 -3
right_child=1 3 -4 -5
leaf_value=0.0018069114218893891 0.0017413930837938095 -0.0010153205254424809 -0.0063219871533631237 0.0013526700268488702
leaf_weight=180 155 774 152 939
leaf_count=180 155 774 152 939
internal_value=4.82246e-05 -0.000112565 -0.00228823 0.000282879
internal_weight=2200 2020 307 1713
internal_count=2200 2020 307 1713
is_linear=0
shrinkage=0.05


Tree=265
num_leaves=7
num_cat=0
split_feature=6 8 7 8 0 2
split_gain=0.249245 0.959989 1.66528 0.916891 1.13307 0.87388
threshold=6.8193884107315359 0.61744225736843805 0.016467205637491825 0.72745837026547078 0.62000000000000011 0.072584954123317488
decision_type=2 2 2 2 2 2
left_child=3 2 -2 4 -1 -3
right_child=1 5 -4 -5 -6 -7
leaf_value=0.0011306881696486564 0.0038840554928799616 -0.00059296284205991999 -0.0019727864564196887 0.0040372350181860387 -0.0021708524524368879 -0.0052875105705028642
leaf_weight=751 237 276 239 155 391 151
leaf_count=751 237 276 239 155 391 151
internal_value=4.90737e-05 -0.000586886 0.000953392 0.000492397 -4.2348e-06 -0.00229508
internal_weight=2200 903 476 1297 1142 427
internal_count=2200 903 476 1297 1142 427
is_linear=0
shrinkage=0.05


Tree=266
num_leaves=6
num_cat=0
split_feature=5 3 3 1 3
split_gain=0.257741 1.13963 0.606855 1.37387 0.759624
threshold=0.16000000000000003 0.933007822647968 1.0218619455529752 1.5128832733857704 0.79396689260803388
decision_type=2 2 2 2 2
left_child=2 -2 4 -4 -1
right_child=1 -3 3 -5 -6
leaf_value=-0.00011872095012612697 -0.0014357243069482255 0.0041957112720957561 0.00042420876487726176 -0.0055970894443171642 0.0035117866232830253
leaf_weight=1300 183 168 242 150 157
leaf_count=1300 183 168 242 150 157
internal_value=4.85946e-05 0.00128074 -0.000188129 -0.00192133 0.000283159
internal_weight=2200 351 1849 392 1457
internal_count=2200 351 1849 392 1457
is_linear=0
shrinkage=0.05


Tree=267
num_leaves=5
num_cat=0
split_feature=4 5 6 3
split_gain=0.249964 0.532719 1.23617 1.21359
threshold=0.0082915619758885204 -0.022500000000000003 6.1874834465657207 0.50709255283711108
decision_type=2 2 2 2
left_child=-1 3 -3 -2
right_child=1 2 -4 -5
leaf_value=-0.0012868804602788474 0.00030852603736986327 -0.0020451974987998199 0.0019275064565660882 -0.0043272256491602296
leaf_weight=298 652 252 823 175
leaf_count=298 652 252 823 175
internal_value=4.72725e-05 0.00025913 0.000991074 -0.000692547
internal_weight=2200 1902 1075 827
internal_count=2200 1902 1075 827
is_linear=0
shrinkage=0.05


Tree=268
num_leaves=4
num_cat=0
split_feature=6 6 12
split_gain=0.250599 0.923802 0.884962
threshold=5.8566586457760348 6.1874834465657207 0.83747861877911101
decision_type=2 2 2
left_child=-1 -2 -3
right_child=1 2 -4
leaf_value=0.0015162156014213999 -0.0030501315382813724 0.00078539328125227625 -0.0021875077612668594
leaf_weight=252 235 1414 299
leaf_count=252 235 1414 299
internal_value=4.85744e-05 -0.00014468 0.000261624
internal_weight=2200 1948 1713
internal_count=2200 1948 1713
is_linear=0
shrinkage=0.05


Tree=269
num_leaves=7
num_cat=0
split_feature=6 8 7 8 6 3
split_gain=0.251588 0.899662 1.53616 0.86638 2.28222 0.874562
threshold=6.8193884107315359 0.61744225736843805 0.016467205637491825 0.60830302367130884 6.2054462435931006 0.91840676880010286
decision_type=2 2 2 2 2 2
left_child=3 2 -2 5 -5 -1
right_child=1 -3 -4 4 -6 -7
leaf_value=0.00026447343140413674 0.0037147043469033161 -0.0022450064809769782 -0.0019104023797756439 -0.0016731520085158992 0.0038511794277974738 -0.004131147312641842
leaf_weight=379 237 427 239 315 447 156
leaf_count=379 237 427 239 315 447 156
internal_value=4.75034e-05 -0.000591435 0.000899834 0.000492909 0.00157148 -0.00104362
internal_weight=2200 903 476 1297 762 535
internal_count=2200 903 476 1297 762 535
is_linear=0
shrinkage=0.05


Tree=270
num_leaves=5
num_cat=0
split_feature=3 12 3 1
split_gain=0.259276 0.59872 1.32762 0.540578
threshold=-1.4142135623730943 0.9351223260639846 -1.0876776499734875 -1.4403039262985942
decision_type=2 2 2 2
left_child=3 2 -2 -1
right_child=1 -3 -4 -5
leaf_value=0.00073448569975360966 0.0039796820423541003 0.0027955947268941401 -0.00053024018414056843 -0.0033514128415845336
leaf_weight=163 178 204 1502 153
leaf_count=163 178 204 1502 153
internal_value=4.86891e-05 0.000271831 -4.2012e-05 -0.0012652
internal_weight=2200 1884 1680 316
internal_count=2200 1884 1680 316
is_linear=0
shrinkage=0.05


Tree=271
num_leaves=7
num_cat=0
split_feature=1 0 8 3 8 6
split_gain=0.271471 0.859049 0.691109 0.650717 1.03881 0.905711
threshold=-0.82837392047181946 0.39750000000000008 0.55438215105616828 -0.46852128566581802 0.63054237865119533 5.9057976966131571
decision_type=2 2 2 2 2 2
left_child=1 2 -1 4 -2 -5
right_child=3 -3 -4 5 -6 -7
leaf_value=-0.0023603396415739376 -0.00059466053855556983 -0.0036289711141195731 0.0016341998699721542 0.0034070568021026351 0.0047603040800841545 -0.00069263704826951357
leaf_weight=156 168 186 326 150 189 1025
leaf_count=156 168 186 326 150 189 1025
internal_value=4.67448e-05 -0.000790829 0.000330401 0.000413338 0.00226691 -0.000157053
internal_weight=2200 668 482 1532 357 1175
internal_count=2200 668 482 1532 357 1175
is_linear=0
shrinkage=0.05


Tree=272
num_leaves=6
num_cat=0
split_feature=3 4 2 6 4
split_gain=0.266826 1.35082 1.34305 1.65307 1.05005
threshold=-0.81649658092772615 0.059345381511856483 0.037151089079511902 6.4228465908686827 0.043011626335213153
decision_type=2 2 2 2 2
left_child=2 4 -1 -4 -2
right_child=1 -3 3 -5 -6
leaf_value=0.0029619459160766318 0.00047029326678164977 0.0046562239125792293 -0.0059904961057285645 -0.00012118712329538539 -0.0035764364403657574
leaf_weight=181 1118 163 169 387 182
leaf_count=181 1118 163 169 387 182
internal_value=4.65586e-05 0.000437051 -0.00072632 -0.00194269 -0.000107781
internal_weight=2200 1463 737 556 1300
internal_count=2200 1463 737 556 1300
is_linear=0
shrinkage=0.05


Tree=273
num_leaves=4
num_cat=0
split_feature=8 8 13
split_gain=0.263826 0.81551 0.955383
threshold=0.74503101687926343 0.70100496201233609 0.069736103078718775
decision_type=2 2 10
left_child=1 2 -1
right_child=-2 -3 -4
leaf_value=0.00061810090277097181 -0.0019284163661016402 0.0028094750311639573 -0.0018396370890256298
leaf_weight=1211 152 256 581
leaf_count=1211 152 256 581
internal_value=4.72086e-05 0.000198176 -0.000181645
internal_weight=2200 2048 1792
internal_count=2200 2048 1792
is_linear=0
shrinkage=0.05


Tree=274
num_leaves=4
num_cat=0
split_feature=7 3 4
split_gain=0.252974 0.61801 0.766407
threshold=0.85339098563387428 1.5075567228888171 0.017853571071357155
decision_type=2 2 2
left_child=1 2 -1
right_child=-2 -3 -4
leaf_value=0.0013661831132809536 -0.0013906291607234172 0.0029228367366421169 -0.00082072678895303737
leaf_weight=613 264 189 1134
leaf_count=613 264 189 1134
internal_value=4.64601e-05 0.000245504 -5.1659e-05
internal_weight=2200 1936 1747
internal_count=2200 1936 1747
is_linear=0
shrinkage=0.05


Tree=275
num_leaves=6
num_cat=0
split_feature=4 4 2 11 8
split_gain=0.274584 1.4033 1.21825 1.21075 1.40629
threshold=0.021794494717703353 0.027824613072817198 0.081946249941020941 0.88089072888820985 0.51889509657901234
decision_type=2 2 2 2 2
left_child=3 -2 -3 4 -1
right_child=1 2 -4 -5 -6
leaf_value=-0.0054701728043620463 0.0038003538987742592 -0.0015517356196395606 0.0021089062648085451 0.0034136412743105298 -0.00030152603202101159
leaf_weight=162 255 669 338 152 624
leaf_count=162 255 669 338 152 624
internal_value=4.45986e-05 0.000525317 -0.000318691 -0.000601524 -0.00139466
internal_weight=2200 1262 1007 938 786
internal_count=2200 1262 1007 938 786
is_linear=0
shrinkage=0.05


Tree=276
num_leaves=5
num_cat=0
split_feature=5 3 3 3
split_gain=0.254801 0.467035 1.20182 1.05925
threshold=-0.24499999999999997 0.26227157876952695 0.81649658092772659 -0.62760656387225766
decision_type=2 2 2 2
left_child=-1 3 -3 -2
right_child=1 2 -4 -5
leaf_value=-0.0018467848804412466 -0.00026800019696269519 -0.0037384888127145396 0.00039700829125121343 0.0029525037666719716
leaf_weight=160 707 228 711 394
leaf_count=160 707 228 711 394
internal_value=4.34029e-05 0.000195806 -0.000621621 0.000892616
internal_weight=2200 2040 939 1101
internal_count=2200 2040 939 1101
is_linear=0
shrinkage=0.05


Tree=277
num_leaves=6
num_cat=0
split_feature=4 4 13 2 5
split_gain=0.25886 1.29014 1.16376 1.13939 1.08476
threshold=0.021794494717703353 0.027824613072817198 0.14729235022880346 0.081946249941020941 -0.089999999999999927
decision_type=2 2 10 2 2
left_child=2 -2 4 -3 -1
right_child=1 3 -4 -5 -6
leaf_value=0.0038247800481843366 0.0036506181274587736 -0.0014913865922637926 -0.0039695226576732237 0.002048773041338478 -0.00070541256985105457
leaf_weight=166 255 669 195 338 577
leaf_count=166 255 669 195 338 577
internal_value=4.36635e-05 0.000510415 -0.000583687 -0.000298879 0.000325518
internal_weight=2200 1262 938 1007 743
internal_count=2200 1262 938 1007 743
is_linear=0
shrinkage=0.05


Tree=278
num_leaves=7
num_cat=0
split_feature=0 13 7 11 13 12
split_gain=0.25921 1.30225 2.33673 0.990552 0.942557 1.07353
threshold=0.44000000000000006 -0.14669390627095044 0.36645556939638552 -0.065437023369002562 -0.10049798520968985 0.61923671331524155
decision_type=2 8 2 2 8 2
left_child=4 3 -3 -2 -1 -6
right_child=1 2 -4 -5 5 -7
leaf_value=0.0025661992600362286 0.0010740469268797424 0.00030916118889796998 0.0068601653971082982 -0.0038765298255970583 -0.0025131241390699611 0.0015980114874267126
leaf_weight=187 172 670 166 234 553 218
leaf_count=187 172 670 166 234 553 218
internal_value=4.17829e-05 0.000517552 0.00164301 -0.00179169 -0.000574513 -0.0013479
internal_weight=2200 1242 836 406 958 771
internal_count=2200 1242 836 406 958 771
is_linear=0
shrinkage=0.05


Tree=279
num_leaves=4
num_cat=0
split_feature=7 3 4
split_gain=0.255352 0.568657 0.743085
threshold=0.85339098563387428 1.5075567228888171 0.017853571071357155
decision_type=2 2 2
left_child=1 2 -1
right_child=-2 -3 -4
leaf_value=0.0013561165516981879 -0.0013986822527133928 0.0028133257666660342 -0.0007972605763851764
leaf_weight=613 264 189 1134
leaf_count=613 264 189 1134
internal_value=4.51428e-05 0.000245124 -3.99542e-05
internal_weight=2200 1936 1747
internal_count=2200 1936 1747
is_linear=0
shrinkage=0.05


Tree=280
num_leaves=6
num_cat=0
split_feature=4 4 11 8 2
split_gain=0.264414 1.19341 1.11775 1.30611 1.06166
threshold=0.021794494717703353 0.027824613072817198 0.88089072888820985 0.51889509657901234 0.081946249941020941
decision_type=2 2 2 2 2
left_child=2 -2 3 -1 -3
right_child=1 4 -4 -5 -6
leaf_value=-0.0052803775406105192 0.0035352499765814666 -0.0014146125641546438 0.0032673060484705082 -0.00029915217911237512 0.0020026129495648469
leaf_weight=162 255 669 152 624 338
leaf_count=162 255 669 152 624 338
internal_value=4.33513e-05 0.000515085 -0.000590692 -0.00135271 -0.000263392
internal_weight=2200 1262 938 786 1007
internal_count=2200 1262 938 786 1007
is_linear=0
shrinkage=0.05


Tree=281
num_leaves=4
num_cat=0
split_feature=2 6 2
split_gain=0.265179 0.50474 1.0417
threshold=0.11837293174009798 5.8566586457760348 0.095457532283129934
decision_type=2 2 2
left_child=1 -1 -3
right_child=-2 2 -4
leaf_value=0.0023648389534899547 -0.0018491193420683953 -0.00048556283786389787 0.0035029174986418218
leaf_weight=233 166 1624 177
leaf_count=233 166 1624 177
internal_value=4.22591e-05 0.000200775 -8.49673e-05
internal_weight=2200 2034 1801
internal_count=2200 2034 1801
is_linear=0
shrinkage=0.05


Tree=282
num_leaves=5
num_cat=0
split_feature=5 3 3 3
split_gain=0.259905 0.453672 1.08733 0.962882
threshold=-0.24499999999999997 0.26227157876952695 0.81649658092772659 -0.62760656387225766
decision_type=2 2 2 2
left_child=-1 3 -3 -2
right_child=1 2 -4 -5
leaf_value=-0.001867708745447806 -0.00022476492747219718 -0.0035750691929848089 0.0003585981377696374 0.0028459267330152873
leaf_weight=160 707 228 711 394
leaf_count=160 707 228 711 394
internal_value=4.13085e-05 0.000195236 -0.000610418 0.000882
internal_weight=2200 2040 939 1101
internal_count=2200 2040 939 1101
is_linear=0
shrinkage=0.05


Tree=283
num_leaves=6
num_cat=0
split_feature=4 4 4 2 6
split_gain=0.245951 1.10436 1.09238 0.975592 0.898927
threshold=0.021794494717703353 0.027824613072817198 0.018027756377319976 0.081946249941020941 6.8544545719106997
decision_type=2 2 2 2 2
left_child=2 -2 4 -3 -1
right_child=1 3 -4 -5 -6
leaf_value=0.0015786075620356618 0.0034018743811891627 -0.0013558738489112977 -0.0041351083438577393 0.0019199143401442136 -0.0019177924973097936
leaf_weight=475 255 669 170 338 293
leaf_count=475 255 669 170 338 293
internal_value=4.16075e-05 0.000496574 -0.000569899 -0.000252301 0.000240918
internal_weight=2200 1262 938 1007 768
internal_count=2200 1262 938 1007 768
is_linear=0
shrinkage=0.05


Tree=284
num_leaves=4
num_cat=0
split_feature=8 8 11
split_gain=0.253662 0.75585 0.896054
threshold=0.74503101687926343 0.70100496201233609 -0.052299644979220287
decision_type=2 2 2
left_child=1 2 -1
right_child=-2 -3 -4
leaf_value=0.00096794180530929575 -0.0018959461396951584 0.0027032482353934726 -0.0012627849655201097
leaf_weight=873 152 256 919
leaf_count=873 152 256 919
internal_value=4.12353e-05 0.000189278 -0.000176383
internal_weight=2200 2048 1792
internal_count=2200 2048 1792
is_linear=0
shrinkage=0.05


Tree=285
num_leaves=4
num_cat=0
split_feature=5 5 1
split_gain=0.24922 0.426793 0.727327
threshold=-0.24499999999999997 -0.16749999999999995 -0.82837392047181946
decision_type=2 2 2
left_child=-1 -2 -3
right_child=1 2 -4
leaf_value=-0.0018286432561316443 0.0024354408917133699 -0.0019639465645593674 0.00046668200762474882
leaf_weight=160 187 384 1469
leaf_count=160 187 384 1469
internal_value=4.07223e-05 0.000191452 -4.09504e-05
internal_weight=2200 2040 1853
internal_count=2200 2040 1853
is_linear=0
shrinkage=0.05


Tree=286
num_leaves=4
num_cat=0
split_feature=8 13 9
split_gain=0.250497 0.688462 1.11939
threshold=0.49098576581049852 0.25802970660469232 0.0084057979096074618
decision_type=2 10 2
left_child=-1 2 -2
right_child=1 -3 -4
leaf_value=0.0015044432708236856 -0.0018547038357122356 0.0030226057823925356 0.00065889326058936608
leaf_weight=253 776 152 1019
leaf_count=253 776 152 1019
internal_value=4.03077e-05 -0.000153313 -0.000429898
internal_weight=2200 1947 1795
internal_count=2200 1947 1795
is_linear=0
shrinkage=0.05


Tree=287
num_leaves=6
num_cat=0
split_feature=13 4 1 1 1
split_gain=0.254679 2.19992 1.84583 1.10631 1.06941
threshold=-0.076364740746285839 0.047194736289546631 1.5271460486021828 0.98699264058150382 -0.21644001556174428
decision_type=8 2 2 2 2
left_child=1 4 3 -2 -1
right_child=2 -3 -4 -5 -6
leaf_value=0.0037118656120063475 0.00043639323491973946 -0.0059384540662040597 0.0055884857319535748 -0.0036468804659492964 -0.00072399185464910431
leaf_weight=191 1075 154 150 191 439
leaf_count=191 1075 154 150 191 439
internal_value=3.8363e-05 -0.000682054 0.000438235 -0.000191569 0.000639485
internal_weight=2200 784 1416 1266 630
internal_count=2200 784 1416 1266 630
is_linear=0
shrinkage=0.05


Tree=288
num_leaves=4
num_cat=0
split_feature=4 2 13
split_gain=0.248773 0.569193 0.716849
threshold=0.0082915619758885204 0.02705445962458233 -0.065242559858713509
decision_type=2 2 8
left_child=-1 -2 -3
right_child=1 2 -4
leaf_value=-0.0012907269768103367 -0.0026539180239271974 -0.00080421479331384835 0.0012827381336958162
leaf_weight=298 150 651 1101
leaf_count=298 150 651 1101
internal_value=4.02249e-05 0.000251592 0.000507196
internal_weight=2200 1902 1752
internal_count=2200 1902 1752
is_linear=0
shrinkage=0.05


Tree=289
num_leaves=6
num_cat=0
split_feature=0 8 12 13 12
split_gain=0.273913 1.26858 1.37307 0.879125 1.01767
threshold=0.44000000000000006 0.70100496201233609 0.5372801597674558 -0.10049798520968985 0.61923671331524155
decision_type=2 2 2 8 2
left_child=3 2 -2 -1 -5
right_child=1 -3 -4 4 -6
leaf_value=0.002439484256319702 0.00098449744739140081 0.003770313530186874 -0.0029881913779315223 -0.0024752131048744333 0.0015278229252915546
leaf_weight=187 693 238 311 553 218
leaf_count=187 693 238 311 553 218
internal_value=3.94619e-05 0.000528546 -0.000254796 -0.000594064 -0.0013408
internal_weight=2200 1242 1004 958 771
internal_count=2200 1242 1004 958 771
is_linear=0
shrinkage=0.05


Tree=290
num_leaves=4
num_cat=0
split_feature=7 3 4
split_gain=0.253561 0.510053 0.705667
threshold=0.85339098563387428 1.5075567228888171 0.017853571071357155
decision_type=2 2 2
left_child=1 2 -1
right_child=-2 -3 -4
leaf_value=0.0013324762005158316 -0.0013959704886180209 0.0026743256165309977 -0.00076598101314439345
leaf_weight=613 264 189 1134
leaf_count=613 264 189 1134
internal_value=4.2776e-05 0.000242059 -2.79578e-05
internal_weight=2200 1936 1747
internal_count=2200 1936 1747
is_linear=0
shrinkage=0.05


Tree=291
num_leaves=6
num_cat=0
split_feature=0 8 12 13 12
split_gain=0.253803 1.18722 1.26875 0.82224 1.58573
threshold=0.44000000000000006 0.70100496201233609 0.5372801597674558 -0.10049798520968985 0.61923671331524155
decision_type=2 2 2 10 2
left_child=3 2 -2 -1 -5
right_child=1 -3 -4 4 -6
leaf_value=0.001772160696050898 0.00094537910729175761 0.0036479914093336453 -0.0028734169061287586 -0.0030400975413344823 0.0021291509893000406
leaf_weight=266 693 238 311 483 209
leaf_count=266 693 238 311 483 209
internal_value=4.1117e-05 0.000511898 -0.000245912 -0.000568716 -0.00147479
internal_weight=2200 1242 1004 958 692
internal_count=2200 1242 1004 958 692
is_linear=0
shrinkage=0.05


Tree=292
num_leaves=4
num_cat=0
split_feature=8 8 11
split_gain=0.266736 0.619581 0.824961
threshold=0.74503101687926343 0.70100496201233609 -0.052299644979220287
decision_type=2 2 2
left_child=1 2 -1
right_child=-2 -3 -4
leaf_value=0.00096276276880476934 -0.0019422791566059087 0.0024720791077876459 -0.0011776145654956653
leaf_weight=873 152 256 919
leaf_count=873 152 256 919
internal_value=4.42017e-05 0.000196007 -0.00013512
internal_weight=2200 2048 1792
internal_count=2200 2048 1792
is_linear=0
shrinkage=0.05


Tree=293
num_leaves=6
num_cat=0
split_feature=13 4 1 2 2
split_gain=0.255147 2.02833 1.70865 1.07257 0.985767
threshold=-0.076364740746285839 0.047194736289546631 1.5271460486021828 0.075489145090434598 0.067677225509643738
decision_type=8 2 2 2 2
left_child=1 4 3 -2 -1
right_child=2 -3 -4 -5 -6
leaf_value=-0.00078011231406174787 0.00080895672722781193 -0.0057248228131837374 0.0053988280736150286 -0.0023267316225624372 0.003405780808189126
leaf_weight=426 876 154 150 390 204
leaf_count=426 876 154 150 390 204
internal_value=4.34391e-05 -0.000677652 0.000443667 -0.000162367 0.000591464
internal_weight=2200 784 1416 1266 630
internal_count=2200 784 1416 1266 630
is_linear=0
shrinkage=0.05


Tree=294
num_leaves=4
num_cat=0
split_feature=4 13 11
split_gain=0.262058 0.707386 1.00008
threshold=0.057357013574566303 -0.25017232331907069 0.93194719561560657
decision_type=2 8 2
left_child=1 -1 -3
right_child=-2 2 -4
leaf_value=0.0027359747095033527 0.0014188406229523117 -2.4715520745897642e-05 -0.0036269461569624927
leaf_weight=184 296 1504 216
leaf_count=184 296 1504 216
internal_value=4.77639e-05 -0.000168545 -0.00048629
internal_weight=2200 1904 1720
internal_count=2200 1904 1720
is_linear=0
shrinkage=0.05


Tree=295
num_leaves=5
num_cat=0
split_feature=7 7 9 0
split_gain=0.258212 0.473408 1.36759 1.07652
threshold=0.85339098563387428 0.36645556939638552 0.25853668568898175 0.39750000000000008
decision_type=2 2 2 2
left_child=1 2 -1 -3
right_child=-2 3 -4 -5
leaf_value=0.00038109901969854323 -0.0014046682854144937 -0.0015045718344428192 -0.0041510467555556331 0.0029913924174252318
leaf_weight=1168 264 200 189 379
leaf_count=1168 264 200 189 379
internal_value=4.72235e-05 0.000248317 -0.00026305 0.0014388
internal_weight=2200 1936 1357 579
internal_count=2200 1936 1357 579
is_linear=0
shrinkage=0.05


Tree=296
num_leaves=6
num_cat=0
split_feature=13 4 1 6 1
split_gain=0.262385 1.88539 1.60152 1.18512 1.0671
threshold=-0.076364740746285839 0.047194736289546631 1.5271460486021828 6.4988166349384739 0.98699264058150382
decision_type=8 2 2 2 2
left_child=1 3 4 -1 -2
right_child=2 -3 -4 -5 -6
leaf_value=0.0031382084541613808 0.00048364993871911319 -0.0055491419106358728 0.0052512355292997056 -0.0012437562498656151 -0.0035265440108226045
leaf_weight=255 1075 154 150 375 191
leaf_count=255 1075 154 150 375 191
internal_value=4.81062e-05 -0.000683152 0.000453963 0.000540641 -0.000132857
internal_weight=2200 784 1416 630 1266
internal_count=2200 784 1416 630 1266
is_linear=0
shrinkage=0.05


Tree=297
num_leaves=5
num_cat=0
split_feature=7 7 9 3
split_gain=0.249923 0.692885 1.07957 1.07888
threshold=-0.88175052666535614 -0.616469527165039 -0.49204249837303626 -0.36232437477388418
decision_type=2 2 2 2
left_child=-1 3 -3 -2
right_child=1 2 -4 -5
leaf_value=-0.0016230635902399354 0.0052239025835548588 -0.0031357483929704819 0.00035093022998689937 -0.00048990500603564259
leaf_weight=198 157 258 1420 167
leaf_count=198 157 258 1420 167
internal_value=4.89344e-05 0.000217928 -0.000192885 0.00231614
internal_weight=2200 2002 1678 324
internal_count=2200 2002 1678 324
is_linear=0
shrinkage=0.05


Tree=298
num_leaves=4
num_cat=0
split_feature=4 13 11
split_gain=0.264251 0.634147 0.92481
threshold=0.057357013574566303 -0.25017232331907069 0.93194719561560657
decision_type=2 8 2
left_child=1 -1 -3
right_child=-2 2 -4
leaf_value=0.0025798051235532121 0.0014237236179352624 -2.7233938212151444e-05 -0.0034912707795056079
leaf_weight=184 296 1504 216
leaf_count=184 296 1504 216
internal_value=4.69193e-05 -0.00017029 -0.000471111
internal_weight=2200 1904 1720
internal_count=2200 1904 1720
is_linear=0
shrinkage=0.05


Tree=299
num_leaves=7
num_cat=0
split_feature=13 12 2 7 3 12
split_gain=0.261323 1.33567 1.10785 1.50397 1.45564 0.803089
threshold=-0.15197043850386163 -0.59128824478827979 0.035682820458030499 0.48778258492130694 -0.36232437477388418 0.63273348209089708
decision_type=8 2 2 2 2 2
left_child=1 -1 4 -4 -2 -3
right_child=2 5 3 -5 -6 -7
leaf_value=-0.0046219826682922464 0.0014337952100461173 0.0027791118200973801 0.00020830449361333445 0.004510599933379141 -0.0048418247387207189 -0.0019510235101524113
leaf_weight=162 163 207 1068 246 203 151
leaf_count=162 163 207 1068 246 203 151
internal_value=4.64355e-05 -0.000927732 0.000349822 0.0010278 -0.00206529 0.000784606
internal_weight=2200 520 1680 1314 366 358
internal_count=2200 520 1680 1314 366 358
is_linear=0
shrinkage=0.05


end of trees

feature_importances:
Column_0=174
Column_8=172
Column_4=150
Column_3=123
Column_13=120
Column_2=119
Column_6=107
Column_7=96
Column_1=72
Column_12=67
Column_11=64
Column_5=61
Column_9=46
Column_10=8

parameters:
[boosting: gbdt]
[objective: huber]
[metric: huber]
[tree_learner: serial]
[device_type: cpu]
[data_sample_strategy: bagging]
[data: ]
[valid: ]
[num_iterations: 300]
[learning_rate: 0.05]
[num_leaves: 7]
[num_threads: 4]
[seed: 0]
[deterministic: 0]
[force_col_wise: 0]
[force_row_wise: 0]
[histogram_pool_size: -1]
[max_depth: 3]
[min_data_in_leaf: 150]
[min_sum_hessian_in_leaf: 0.001]
[bagging_fraction: 0.9]
[pos_bagging_fraction: 1]
[neg_bagging_fraction: 1]
[bagging_freq: 0]
[bagging_seed: 7719]
[bagging_by_query: 0]
[feature_fraction: 0.9]
[feature_fraction_bynode: 1]
[feature_fraction_seed: 2437]
[extra_trees: 0]
[extra_seed: 11797]
[early_stopping_round: 0]
[early_stopping_min_delta: 0]
[first_metric_only: 0]
[max_delta_step: 0]
[lambda_l1: 0]
[lambda_l2: 5]
[linear_lambda: 0]
[min_gain_to_split: 0]
[drop_rate: 0.1]
[max_drop: 50]
[skip_drop: 0.5]
[xgboost_dart_mode: 0]
[uniform_drop: 0]
[drop_seed: 21238]
[top_rate: 0.2]
[other_rate: 0.1]
[min_data_per_group: 100]
[max_cat_threshold: 32]
[cat_l2: 10]
[cat_smooth: 10]
[max_cat_to_onehot: 4]
[top_k: 20]
[monotone_constraints: ]
[monotone_constraints_method: basic]
[monotone_penalty: 0]
[feature_contri: ]
[forcedsplits_filename: ]
[refit_decay_rate: 0.9]
[cegb_tradeoff: 1]
[cegb_penalty_split: 0]
[cegb_penalty_feature_lazy: ]
[cegb_penalty_feature_coupled: ]
[path_smooth: 0]
[interaction_constraints: ]
[verbosity: -1]
[saved_feature_importance_type: 0]
[use_quantized_grad: 0]
[num_grad_quant_bins: 4]
[quant_train_renew_leaf: 0]
[stochastic_rounding: 1]
[linear_tree: 0]
[max_bin: 255]
[max_bin_by_feature: ]
[min_data_in_bin: 3]
[bin_construct_sample_cnt: 200000]
[data_random_seed: 38]
[is_enable_sparse: 1]
[enable_bundle: 1]
[use_missing: 1]
[zero_as_missing: 0]
[feature_pre_filter: 1]
[pre_partition: 0]
[two_round: 0]
[header: 0]
[label_column: ]
[weight_column: ]
[group_column: ]
[ignore_column: ]
[categorical_feature: ]
[forcedbins_filename: ]
[precise_float_parser: 0]
[parser_config_file: ]
[objective_seed: 8855]
[num_class: 1]
[is_unbalance: 0]
[scale_pos_weight: 1]
[sigmoid: 1]
[boost_from_average: 1]
[reg_sqrt: 0]
[alpha: 1]
[fair_c: 1]
[poisson_max_delta_step: 0.7]
[tweedie_variance_power: 1.5]
[lambdarank_truncation_level: 30]
[lambdarank_norm: 1]
[label_gain: ]
[lambdarank_position_bias_regularization: 0]
[eval_at: ]
[multi_error_top_k: 1]
[auc_mu_weights: ]
[num_machines: 1]
[local_listen_port: 12400]
[time_out: 120]
[machine_list_filename: ]
[machines: ]
[gpu_platform_id: -1]
[gpu_device_id: -1]
[gpu_use_dp: 0]
[num_gpu: 1]

end of parameters

pandas_categorical:null
