tree
version=v4
num_class=1
num_tree_per_iteration=1
label_index=0
max_feature_idx=13
objective=huber
feature_names=Column_0 Column_1 Column_2 Column_3 Column_4 Column_5 Column_6 Column_7 Column_8 Column_9 Column_10 Column_11 Column_12 Column_13
feature_infos=[0.014999999999999999:0.95499999999999996] [-2.7577164466275352:2.6677210381128837] [0:0.22510995045958848] [-1.7320508075688836:1.7320508075688898] [0:0.20191272867256294] [-0.55999999999999994:0.53000000000000003] [2.5193080765053328:8.9645958316012049] [-0.99697853247246915:0.99996202555585101] [0:0.87864086105701866] [-2.6029797549941285:2.5159362324328876] [0.0099999999999998979:0.059999999999999998] [-0.99999284996075055:0.99999284996075055] [-0.99999284996075055:0.99999284996075055] [-0.58377772056674326:0.52829972744405018]
tree_sizes=751 769 770 768 769 769 769 769 769 771 769 770 769 774 769 768 769 768 767 768 769 770 768 776 770 767 767 776 770 767 769 767 771 770 769 770 769 768 771 768 769 771 768 771 768 772 772 772 771 770 770 781 769 768 770 770 771 770 770 771 771 771 775 772 776 770 779 769 770 773 772 772 771 766 779 776 770 775 775 771 772 773 777 772 771 769 771 772 772 770 773 771 772 774 779 773 773 782 772 774 774 773 775 773 775 778 779 780 776 778 779 777 781 783 777 780 778 778 781 778 778 782 782 778 781 786 781 781 781 781 780 780 782 781 779 781 779 779 775 782 779 778 778 778 780 783 781 783 783 782 780 781 784 781 783 780 785 782 783 783 781 780 782 785 786 781 785 787 782 787 787 788 785 783 785 786 781 786 785 788 785 786 785 788 792 785 777 793 787 792 787 784 782 789 788 785 793 785 788 790 781 786 787 781 789 788 788 788 786 788 781 789 698 785 700 695 786 785 792 788 785 784 781 785 699 790 785 787 703 789 702 785 699 787 789 785 790 787 790 793 795 788 785 700 789 700 786 697 700 786 696 788 788 700 698 697 793 790 700 792 703 789 702 703 792 790 789 796 788 796 792 790 789 696 794 791 789 790 791 788 795 699 705 791 793 701 787 793 699 792 794 790 790 702 792 787 786 786 697 793 790 796 790 788 794 792 790 792 703 790 789 791 793 702 788 784 697 790 789 793 696 693 700 612 791 703 698 612 700 612 696 791 704 613 694 788 791 524 697 789 788 700 524 792 702 696 522 790 697 787 699 523 784 699 697 615 699 792 698 520 707 698 612 613 700 705 795 611 611 703 702 703 706 699 705 521 788 700 610 701 520 706 785 698 702 612 522 702 702 612 523 783 613 793 699 522 699 698 614 794 521 699 786 700 614 615 525 785 519 703 789 520 612 611 525 612 798 613 696 522 794 611 522 525 698 615 611 522 705 525 696 701 521 608 794 697 795 607 522 613 607 798 609 613 517 615 612 616 519 795 703 611 702 520 615 521 616 797 615 611 701 792 614 613 612 520 613 525 613 700 609 697 519 700 611 520 520 524 696 520 613 614 523 521 796 616 520 612 524 612 520 698 705 524 522 520 521 524 700 522 795 703 614 516 698 524 609 609 694 519 612 522 522 699 523 521 522 523 523 616 692 522 700 521 791 703 525 611 702 698 520 794 703 705 704 518 701 702 521 614 792 616 521 703 524 702 706 522 702 705 704 523 706 789 706 703 522 704 702 706 790 795 702 699 789 705 703 522 791 703 791 706 792 701 523 700 705 789 701 702 524 705 791 523 707 525 704 523 524 705 521 793 704 525 701 520 612 523 523 790 519 523 524 611 702 617 520 525 523 610 524 522 611 520 701 612 522 522 702 612 610 614 524 518 702 611 521 524 613 705 519 701 792 520 523 794 703 792 524 693 707 706 699 792 791 522 609 702 703 704 703 706 793 699 794 701 702 791 700 704 700 522 793 709 698 523 611 707 793 522 699 703 524 795 513 704 793 518 522 699 791 704 612 522 789 612 522 702 522 700 524 609 522 517 612 521 702 611 522 699 612 701 705 520 524 523 522 790 792 617 521 522 795 789 520 789 608 612 616 520 614 614 610 795 614 789 520 522 520 793 698 520 790 523 790 793 793 697 792 788 787 522 699 793 615 795 704 793 522 792

Tree=0
num_leaves=7
num_cat=0
split_feature=0 0 0 6 8 0
split_gain=56.3902 6.31466 5.87666 1.6625 1.44643 1.00864
threshold=0.55000000000000016 0.46000000000000002 0.69750000000000012 6.6728047069333796 0.59875449435983441 0.58750000000000002
decision_type=2 2 2 2 2 2
left_child=1 3 5 -1 -3 -2
right_child=2 4 -4 -5 -6 -7
leaf_value=-0.070669383899311197 -0.07634607928561106 -0.073303885192784052 -0.081371225260124122 -0.072404256784699 -0.07565491764116164 -0.078349339738238599
leaf_weight=430 153 190 292 512 221 391
leaf_count=430 153 190 292 512 221 391
internal_value=-0.0750153 -0.072494 -0.0790843 -0.0715956 -0.0745651 -0.0778066
internal_weight=2189 1353 836 942 411 544
internal_count=2189 1353 836 942 411 544
is_linear=0
shrinkage=1


Tree=1
num_leaves=7
num_cat=0
split_feature=0 0 0 6 8 0
split_gain=56.1718 6.23699 5.87666 1.64846 1.44643 1.00864
threshold=0.55000000000000016 0.46000000000000002 0.69750000000000012 6.6728047069333796 0.59875449435983441 0.58750000000000002
decision_type=2 2 2 2 2 2
left_child=1 3 5 -1 -3 -2
right_child=2 4 -4 -5 -6 -7
leaf_value=0.0039455243246308688 -0.0017088607594936708 0.0013333333333333333 -0.0067340067340067346 0.0022181905895413928 -0.0010176991150442479 -0.0037121212121212122
leaf_weight=430 153 190 292 512 221 391
leaf_count=430 153 190 292 512 221 391
internal_value=-0.000386004 0.00213042 -0.00444709 0.00302334 7.21154e-05 -0.0031694
internal_weight=2189 1353 836 942 411 544
internal_count=2189 1353 836 942 411 544
is_linear=0
shrinkage=0.02


Tree=2
num_leaves=7
num_cat=0
split_feature=0 0 0 6 3 0
split_gain=55.9424 6.15577 5.87666 1.63202 1.36264 1.00864
threshold=0.55000000000000016 0.46000000000000002 0.69750000000000012 6.6728047069333796 -0.53452248382484868 0.58750000000000002
decision_type=2 2 2 2 2 2
left_child=1 3 5 -1 -3 -2
right_child=2 4 -4 -5 -6 -7
leaf_value=0.003921579042385364 -0.0017088607594936708 -0.0014193548387096775 -0.0067340067340067346 0.0022030364366057301 0.00093984962406015032 -0.0037121212121212122
leaf_weight=430 153 150 292 512 261 391
leaf_count=430 153 150 292 512 261 391
internal_value=-0.000394322 0.00211698 -0.00444709 0.00300407 7.21154e-05 -0.0031694
internal_weight=2189 1353 836 942 411 544
internal_count=2189 1353 836 942 411 544
is_linear=0
shrinkage=0.02


Tree=3
num_leaves=7
num_cat=0
split_feature=0 0 0 6 8 0
split_gain=55.7125 6.07475 5.87666 1.6165 1.44643 1.00864
threshold=0.55000000000000016 0.46000000000000002 0.69750000000000012 6.6728047069333796 0.59875449435983441 0.58750000000000002
decision_type=2 2 2 2 2 2
left_child=1 3 5 -1 -3 -2
right_child=2 4 -4 -5 -6 -7
leaf_value=0.0038977791577920148 -0.0017088607594936708 0.0013333333333333333 -0.0067340067340067346 0.0021876108643510586 -0.0010176991150442479 -0.0037121212121212122
leaf_weight=430 153 190 292 512 221 391
leaf_count=430 153 190 292 512 221 391
internal_value=-0.000402676 0.00210348 -0.00444709 0.00298472 7.21154e-05 -0.0031694
internal_weight=2189 1353 836 942 411 544
internal_count=2189 1353 836 942 411 544
is_linear=0
shrinkage=0.02


Tree=4
num_leaves=7
num_cat=0
split_feature=0 0 0 6 8 0
split_gain=55.4846 5.99478 5.87666 1.60112 1.44643 1.00864
threshold=0.55000000000000016 0.46000000000000002 0.69750000000000012 6.6728047069333796 0.59875449435983441 0.58750000000000002
decision_type=2 2 2 2 2 2
left_child=1 3 5 -1 -3 -2
right_child=2 4 -4 -5 -6 -7
leaf_value=0.0038741236479803067 -0.0017088607594936708 0.0013333333333333333 -0.0067340067340067346 0.0021722933650016787 -0.0010176991150442479 -0.0037121212121212122
leaf_weight=430 153 190 292 512 221 391
leaf_count=430 153 190 292 512 221 391
internal_value=-0.000410976 0.00209007 -0.00444709 0.00296549 7.21154e-05 -0.0031694
internal_weight=2189 1353 836 942 411 544
internal_count=2189 1353 836 942 411 544
is_linear=0
shrinkage=0.02


Tree=5
num_leaves=7
num_cat=0
split_feature=0 0 0 6 8 0
split_gain=55.2586 5.91585 5.87666 1.58588 1.44643 1.00864
threshold=0.55000000000000016 0.46000000000000002 0.69750000000000012 6.6728047069333796 0.59875449435983441 0.58750000000000002
decision_type=2 2 2 2 2 2
left_child=1 3 5 -1 -3 -2
right_child=2 4 -4 -5 -6 -7
leaf_value=0.0038506117284983054 -0.0017088607594936708 0.0013333333333333333 -0.0067340067340067346 0.0021570831240376375 -0.0010176991150442479 -0.0037121212121212122
leaf_weight=430 153 190 292 512 221 391
leaf_count=430 153 190 292 512 221 391
internal_value=-0.000419221 0.00207675 -0.00444709 0.00294639 7.21154e-05 -0.0031694
internal_weight=2189 1353 836 942 411 544
internal_count=2189 1353 836 942 411 544
is_linear=0
shrinkage=0.02


Tree=6
num_leaves=7
num_cat=0
split_feature=0 0 0 6 8 0
split_gain=55.0345 5.87666 5.83796 1.57077 1.44643 1.00864
threshold=0.55000000000000016 0.69750000000000012 0.46000000000000002 6.6728047069333796 0.59875449435983441 0.58750000000000002
decision_type=2 2 2 2 2 2
left_child=2 5 3 -1 -4 -2
right_child=1 -3 4 -5 -6 -7
leaf_value=0.0038272424963698994 -0.0017088607594936708 -0.0067340067340067346 0.0013333333333333333 0.0021419793345769092 -0.0010176991150442479 -0.0037121212121212122
leaf_weight=430 153 292 190 512 221 391
leaf_count=430 153 292 190 512 221 391
internal_value=-0.000427414 -0.00444709 0.00206352 0.00292741 7.21154e-05 -0.0031694
internal_weight=2189 836 1353 942 411 544
internal_count=2189 836 1353 942 411 544
is_linear=0
shrinkage=0.02


Tree=7
num_leaves=7
num_cat=0
split_feature=0 0 0 6 8 0
split_gain=54.7997 5.87666 5.75674 1.55127 1.44643 1.00864
threshold=0.55000000000000016 0.69750000000000012 0.46000000000000002 6.6728047069333796 0.59875449435983441 0.58750000000000002
decision_type=2 2 2 2 2 2
left_child=2 5 3 -1 -4 -2
right_child=1 -3 4 -5 -6 -7
leaf_value=0.0038016895144835283 -0.0017088607594936708 -0.0067340067340067346 0.0013333333333333333 0.0021269813133854005 -0.0010176991150442479 -0.0037121212121212122
leaf_weight=430 153 292 190 512 221 391
leaf_count=430 153 292 190 512 221 391
internal_value=-0.000436014 -0.00444709 0.00204962 0.00290748 7.21154e-05 -0.0031694
internal_weight=2189 836 1353 942 411 544
internal_count=2189 836 1353 942 411 544
is_linear=0
shrinkage=0.02


Tree=8
num_leaves=7
num_cat=0
split_feature=0 0 0 6 8 0
split_gain=54.5654 5.87666 5.67605 1.53141 1.44643 1.00864
threshold=0.55000000000000016 0.69750000000000012 0.46000000000000002 6.6728047069333796 0.59875449435983441 0.58750000000000002
decision_type=2 2 2 2 2 2
left_child=2 5 3 -1 -4 -2
right_child=1 -3 4 -5 -6 -7
leaf_value=0.0037759952565719341 -0.0017088607594936708 -0.0067340067340067346 0.0013333333333333333 0.0021120884203184504 -0.0010176991150442479 -0.0037121212121212122
leaf_weight=430 153 292 190 512 221 391
leaf_count=430 153 292 190 512 221 391
internal_value=-0.000444618 -0.00444709 0.00203572 0.00288755 7.21154e-05 -0.0031694
internal_weight=2189 836 1353 942 411 544
internal_count=2189 836 1353 942 411 544
is_linear=0
shrinkage=0.02


Tree=9
num_leaves=7
num_cat=0
split_feature=0 0 0 8 0 13
split_gain=54.3331 5.87666 5.59649 1.44643 1.00864 0.93528
threshold=0.55000000000000016 0.69750000000000012 0.46000000000000002 0.59875449435983441 0.58750000000000002 -0.10518091328739557
decision_type=2 2 2 2 2 8
left_child=2 4 5 -4 -2 -1
right_child=1 -3 3 -5 -6 -7
leaf_value=0.0016554008118875392 -0.0017088607594936708 -0.0067340067340067346 0.0013333333333333333 -0.0010176991150442479 -0.0037121212121212122 0.003216796577385027
leaf_weight=217 153 292 190 221 391 725
leaf_count=217 153 292 190 221 391 725
internal_value=-0.000453163 -0.00444709 0.00202191 7.21154e-05 -0.0031694 0.00286775
internal_weight=2189 836 1353 411 544 942
internal_count=2189 836 1353 411 544 942
is_linear=0
shrinkage=0.02


Tree=10
num_leaves=7
num_cat=0
split_feature=0 0 0 6 8 0
split_gain=54.0923 5.87666 5.51441 1.51831 1.44643 1.00864
threshold=0.55000000000000016 0.69750000000000012 0.46000000000000002 6.806497439499811 0.59875449435983441 0.58750000000000002
decision_type=2 2 2 2 2 2
left_child=2 5 3 -1 -4 -2
right_child=1 -3 4 -5 -6 -7
leaf_value=0.0035760759242943357 -0.0017088607594936708 -0.0067340067340067346 0.0013333333333333333 0.0019176633961376596 -0.0010176991150442479 -0.0037121212121212122
leaf_weight=520 153 292 190 422 221 391
leaf_count=520 153 292 190 422 221 391
internal_value=-0.000462041 -0.00444709 0.00200757 0.00284718 7.21154e-05 -0.0031694
internal_weight=2189 836 1353 942 411 544
internal_count=2189 836 1353 942 411 544
is_linear=0
shrinkage=0.02


Tree=11
num_leaves=7
num_cat=0
split_feature=0 0 0 6 8 0
split_gain=53.8642 5.87666 5.43703 1.49974 1.44643 1.00864
threshold=0.55000000000000016 0.69750000000000012 0.46000000000000002 6.6728047069333796 0.59875449435983441 0.58750000000000002
decision_type=2 2 2 2 2 2
left_child=2 5 3 -1 -4 -2
right_child=1 -3 4 -5 -6 -7
leaf_value=0.0037064308472748459 -0.0017088607594936708 -0.0067340067340067346 0.0013333333333333333 0.0020609045138211498 -0.0010176991150442479 -0.0037121212121212122
leaf_weight=430 153 292 190 512 221 391
leaf_count=430 153 292 190 512 221 391
internal_value=-0.000470472 -0.00444709 0.00199395 0.00282765 7.21154e-05 -0.0031694
internal_weight=2189 836 1353 942 411 544
internal_count=2189 836 1353 942 411 544
is_linear=0
shrinkage=0.02


Tree=12
num_leaves=7
num_cat=0
split_feature=0 0 0 6 8 0
split_gain=53.6358 5.87666 5.35998 1.48512 1.44643 1.00864
threshold=0.55000000000000016 0.69750000000000012 0.46000000000000002 6.806497439499811 0.59875449435983441 0.58750000000000002
decision_type=2 2 2 2 2 2
left_child=2 5 3 -1 -4 -2
right_child=1 -3 4 -5 -6 -7
leaf_value=0.0035288588915552413 -0.0017088607594936708 -0.0067340067340067346 0.0013333333333333333 0.0018889533049608004 -0.0010176991150442479 -0.0037121212121212122
leaf_weight=520 153 292 190 422 221 391
leaf_count=520 153 292 190 422 221 391
internal_value=-0.000478927 -0.00444709 0.00198029 0.00280806 7.21154e-05 -0.0031694
internal_weight=2189 836 1353 942 411 544
internal_count=2189 836 1353 942 411 544
is_linear=0
shrinkage=0.02


Tree=13
num_leaves=7
num_cat=0
split_feature=0 0 0 8 0 13
split_gain=53.4019 5.87666 5.28143 1.44643 1.00864 0.889472
threshold=0.55000000000000016 0.69750000000000012 0.46000000000000002 0.59875449435983441 0.58750000000000002 -0.10518091328739557
decision_type=2 2 2 2 2 8
left_child=2 4 5 -4 -2 -1
right_child=1 -3 3 -5 -6 -7
leaf_value=0.0016060616029006942 -0.0017088607594936708 -0.0067340067340067346 0.0013333333333333333 -0.0010176991150442479 -0.0037121212121212122 0.0031282743750369714
leaf_weight=217 153 292 190 221 391 725
leaf_count=217 153 292 190 221 391 725
internal_value=-0.000487609 -0.00444709 0.00196626 7.21154e-05 -0.0031694 0.00278795
internal_weight=2189 836 1353 411 544 942
internal_count=2189 836 1353 411 544 942
is_linear=0
shrinkage=0.02


Tree=14
num_leaves=7
num_cat=0
split_feature=0 0 0 6 8 0
split_gain=53.1597 5.87666 5.20058 1.46768 1.44643 1.00864
threshold=0.55000000000000016 0.69750000000000012 0.46000000000000002 6.806497439499811 0.59875449435983441 0.58750000000000002
decision_type=2 2 2 2 2 2
left_child=2 5 3 -1 -4 -2
right_child=1 -3 4 -5 -6 -7
leaf_value=0.0034833699592522211 -0.0017088607594936708 -0.0067340067340067346 0.0013333333333333333 0.0018540046446077719 -0.0010176991150442479 -0.0037121212121212122
leaf_weight=520 153 292 190 422 221 391
leaf_count=520 153 292 190 422 221 391
internal_value=-0.000496614 -0.00444709 0.00195172 0.00276708 7.21154e-05 -0.0031694
internal_weight=2189 836 1353 942 411 544
internal_count=2189 836 1353 942 411 544
is_linear=0
shrinkage=0.02


Tree=15
num_leaves=7
num_cat=0
split_feature=0 0 0 6 8 0
split_gain=52.9288 5.87666 5.12388 1.44746 1.44643 1.00864
threshold=0.55000000000000016 0.69750000000000012 0.46000000000000002 6.6728047069333796 0.59875449435983441 0.58750000000000002
decision_type=2 2 2 2 2 2
left_child=2 5 3 -1 -4 -2
right_child=1 -3 4 -5 -6 -7
leaf_value=0.0036100340036825202 -0.0017088607594936708 -0.0067340067340067346 0.0013333333333333333 0.001994550154045426 -0.0010176991150442479 -0.0037121212121212122
leaf_weight=430 153 292 190 512 221 391
leaf_count=430 153 292 190 512 221 391
internal_value=-0.00050522 -0.00444709 0.00193781 0.00274715 7.21154e-05 -0.0031694
internal_weight=2189 836 1353 942 411 544
internal_count=2189 836 1353 942 411 544
is_linear=0
shrinkage=0.02


Tree=16
num_leaves=7
num_cat=0
split_feature=0 0 0 8 6 0
split_gain=52.6991 5.87666 5.04798 1.44643 1.43068 1.00864
threshold=0.55000000000000016 0.69750000000000012 0.46000000000000002 0.59875449435983441 6.806497439499811 0.58750000000000002
decision_type=2 2 2 2 2 2
left_child=2 5 4 -4 -1 -2
right_child=1 -3 3 -5 -6 -7
leaf_value=0.0034344138466176535 -0.0017088607594936708 -0.0067340067340067346 0.0013333333333333333 -0.0010176991150442479 0.0018258840550583475 -0.0037121212121212122
leaf_weight=520 153 292 190 221 422 391
leaf_count=520 153 292 190 221 422 391
internal_value=-0.000513801 -0.00444709 0.00192395 7.21154e-05 0.00272726 -0.0031694
internal_weight=2189 836 1353 411 942 544
internal_count=2189 836 1353 411 942 544
is_linear=0
shrinkage=0.02


Tree=17
num_leaves=7
num_cat=0
split_feature=0 0 0 8 6 0
split_gain=52.4725 5.87666 4.9735 1.44643 1.41077 1.00864
threshold=0.55000000000000016 0.69750000000000012 0.46000000000000002 0.59875449435983441 6.806497439499811 0.58750000000000002
decision_type=2 2 2 2 2 2
left_child=2 5 4 -4 -1 -2
right_child=1 -3 3 -5 -6 -7
leaf_value=0.0034098169900122145 -0.0017088607594936708 -0.0067340067340067346 0.0013333333333333333 -0.0010176991150442479 0.0018125426367937261 -0.0037121212121212122
leaf_weight=520 153 292 190 221 422 391
leaf_count=520 153 292 190 221 422 391
internal_value=-0.000522284 -0.00444709 0.00191024 7.21154e-05 0.00270761 -0.0031694
internal_weight=2189 836 1353 411 942 544
internal_count=2189 836 1353 411 942 544
is_linear=0
shrinkage=0.02


Tree=18
num_leaves=7
num_cat=0
split_feature=0 0 0 8 6 0
split_gain=52.248 5.87666 4.90011 1.44643 1.39157 1.00864
threshold=0.55000000000000016 0.69750000000000012 0.46000000000000002 0.59875449435983441 6.6728047069333796 0.58750000000000002
decision_type=2 2 2 2 2 2
left_child=2 5 4 -4 -1 -2
right_child=1 -3 3 -5 -6 -7
leaf_value=0.0035340903569226977 -0.0017088607594936708 -0.0067340067340067346 0.0013333333333333333 -0.0010176991150442479 0.001950298424529153 -0.0037121212121212122
leaf_weight=430 153 292 190 221 512 391
leaf_count=430 153 292 190 221 512 391
internal_value=-0.000530705 -0.00444709 0.00189664 7.21154e-05 0.0026881 -0.0031694
internal_weight=2189 836 1353 411 942 544
internal_count=2189 836 1353 411 942 544
is_linear=0
shrinkage=0.02


Tree=19
num_leaves=7
num_cat=0
split_feature=0 0 0 8 6 0
split_gain=52.0211 5.87666 4.82631 1.44643 1.37417 1.00864
threshold=0.55000000000000016 0.69750000000000012 0.46000000000000002 0.59875449435983441 6.806497439499811 0.58750000000000002
decision_type=2 2 2 2 2 2
left_child=2 5 4 -4 -1 -2
right_child=1 -3 3 -5 -6 -7
leaf_value=0.0033613269788878302 -0.0017088607594936708 -0.0067340067340067346 0.0013333333333333333 -0.0010176991150442479 0.001785048457861505 -0.0037121212121212122
leaf_weight=520 153 292 190 221 422 391
leaf_count=520 153 292 190 221 422 391
internal_value=-0.000539238 -0.00444709 0.00188285 7.21154e-05 0.00266833 -0.0031694
internal_weight=2189 836 1353 411 942 544
internal_count=2189 836 1353 411 942 544
is_linear=0
shrinkage=0.02


Tree=20
num_leaves=7
num_cat=0
split_feature=0 0 0 8 6 0
split_gain=51.7945 5.87666 4.75303 1.44643 1.35324 1.00864
threshold=0.55000000000000016 0.69750000000000012 0.46000000000000002 0.59875449435983441 6.806497439499811 0.58750000000000002
decision_type=2 2 2 2 2 2
left_child=2 5 4 -4 -1 -2
right_child=1 -3 3 -5 -6 -7
leaf_value=0.0033362582308905466 -0.0017088607594936708 -0.0067340067340067346 0.0013333333333333333 -0.0010176991150442479 0.0017720054027207841 -0.0037121212121212122
leaf_weight=520 153 292 190 221 422 391
leaf_count=520 153 292 190 221 422 391
internal_value=-0.000547775 -0.00444709 0.00186906 7.21154e-05 0.00264856 -0.0031694
internal_weight=2189 836 1353 411 942 544
internal_count=2189 836 1353 411 942 544
is_linear=0
shrinkage=0.02


Tree=21
num_leaves=7
num_cat=0
split_feature=0 0 0 8 6 0
split_gain=51.5699 5.87666 4.68078 1.44643 1.33345 1.00864
threshold=0.55000000000000016 0.69750000000000012 0.46000000000000002 0.59875449435983441 6.6728047069333796 0.58750000000000002
decision_type=2 2 2 2 2 2
left_child=2 5 4 -4 -1 -2
right_child=1 -3 3 -5 -6 -7
leaf_value=0.0034570045649320231 -0.0017088607594936708 -0.0067340067340067346 0.0013333333333333333 -0.0010176991150442479 0.0019067275404526603 -0.0037121212121212122
leaf_weight=430 153 292 190 221 512 391
leaf_count=430 153 292 190 221 512 391
internal_value=-0.000556256 -0.00444709 0.00185536 7.21154e-05 0.00262891 -0.0031694
internal_weight=2189 836 1353 411 942 544
internal_count=2189 836 1353 411 942 544
is_linear=0
shrinkage=0.02


Tree=22
num_leaves=7
num_cat=0
split_feature=0 0 0 8 6 0
split_gain=51.3452 5.87666 4.60891 1.44643 1.31605 1.00864
threshold=0.55000000000000016 0.69750000000000012 0.46000000000000002 0.59875449435983441 6.806497439499811 0.58750000000000002
decision_type=2 2 2 2 2 2
left_child=2 5 4 -4 -1 -2
right_child=1 -3 3 -5 -6 -7
leaf_value=0.0032873660101777032 -0.0017088607594936708 -0.0067340067340067346 0.0013333333333333333 -0.0010176991150442479 0.001744855777022431 -0.0037121212121212122
leaf_weight=520 153 292 190 221 422 391
leaf_count=520 153 292 190 221 422 391
internal_value=-0.000564758 -0.00444709 0.00184162 7.21154e-05 0.00260921 -0.0031694
internal_weight=2189 836 1353 411 942 544
internal_count=2189 836 1353 411 942 544
is_linear=0
shrinkage=0.02


Tree=23
num_leaves=7
num_cat=0
split_feature=5 5 5 3 8 6
split_gain=26.1517 5.23423 4.68433 2.17805 1.83422 1.53463
threshold=0.030000000000000002 -0.042500000000000003 0.17000000000000004 -0.57735026918963528 0.57051972402662965 6.8610619149350596
decision_type=2 2 2 2 2 2
left_child=1 5 4 -3 -2 -1
right_child=2 3 -4 -5 -6 -7
leaf_value=0.0030112051603346096 -0.00086092503718387936 -0.0021976578866734226 -0.0056170212765957453 0.00058849097828850641 -0.0030623814288307637 0.0012054391345557045
leaf_weight=458 238 165 230 326 437 335
leaf_count=458 238 165 230 326 437 335
internal_value=-0.000573177 0.00126084 -0.00316789 -0.000360507 -0.0022982 0.0022607
internal_weight=2189 1284 905 491 675 793
internal_count=2189 1284 905 491 675 793
is_linear=0
shrinkage=0.02


Tree=24
num_leaves=7
num_cat=0
split_feature=0 0 0 8 6 0
split_gain=50.9613 5.87666 4.48704 1.44643 1.28074 1.00864
threshold=0.55000000000000016 0.69750000000000012 0.46000000000000002 0.59875449435983441 6.6728047069333796 0.58750000000000002
decision_type=2 2 2 2 2 2
left_child=2 5 4 -4 -1 -2
right_child=1 -3 3 -5 -6 -7
leaf_value=0.0033870023379380678 -0.0017088607594936708 -0.0067340067340067346 0.0013333333333333333 -0.0010176991150442479 0.0018677133815345034 -0.0037121212121212122
leaf_weight=430 153 292 190 221 512 391
leaf_count=430 153 292 190 221 512 391
internal_value=-0.000579328 -0.00444709 0.00181808 7.21154e-05 0.00257545 -0.0031694
internal_weight=2189 836 1353 411 942 544
internal_count=2189 836 1353 411 942 544
is_linear=0
shrinkage=0.02


Tree=25
num_leaves=7
num_cat=0
split_feature=0 0 0 8 6 0
split_gain=50.742 5.87666 4.41796 1.44643 1.26216 1.00864
threshold=0.55000000000000016 0.69750000000000012 0.46000000000000002 0.59875449435983441 6.806497439499811 0.58750000000000002
decision_type=2 2 2 2 2 2
left_child=2 5 4 -4 -1 -2
right_child=1 -3 3 -5 -6 -7
leaf_value=0.0032202524859280815 -0.0017088607594936708 -0.0067340067340067346 0.0013333333333333333 -0.0010176991150442479 0.0017096241439673047 -0.0037121212121212122
leaf_weight=520 153 292 190 221 422 391
leaf_count=520 153 292 190 221 422 391
internal_value=-0.000587675 -0.00444709 0.0018046 7.21154e-05 0.00255612 -0.0031694
internal_weight=2189 836 1353 411 942 544
internal_count=2189 836 1353 411 942 544
is_linear=0
shrinkage=0.02


Tree=26
num_leaves=7
num_cat=0
split_feature=0 0 0 8 6 0
split_gain=50.5196 5.87666 4.34829 1.44643 1.2422 1.00864
threshold=0.55000000000000016 0.69750000000000012 0.46000000000000002 0.59875449435983441 6.6728047069333796 0.58750000000000002
decision_type=2 2 2 2 2 2
left_child=2 5 4 -4 -1 -2
right_child=1 -3 3 -5 -6 -7
leaf_value=0.0033357041640870873 -0.0017088607594936708 -0.0067340067340067346 0.0013333333333333333 -0.0010176991150442479 0.001839445740906828 -0.0037121212121212122
leaf_weight=430 153 292 190 221 512 391
leaf_count=430 153 292 190 221 512 391
internal_value=-0.00059616 -0.00444709 0.00179089 7.21154e-05 0.00253646 -0.0031694
internal_weight=2189 836 1353 411 942 544
internal_count=2189 836 1353 411 942 544
is_linear=0
shrinkage=0.02


Tree=27
num_leaves=7
num_cat=0
split_feature=5 5 5 3 8 6
split_gain=25.5372 4.975 4.68036 2.16404 1.83172 1.46463
threshold=0.030000000000000002 -0.042500000000000003 0.17000000000000004 -0.57735026918963528 0.57051972402662965 6.8610619149350596
decision_type=2 2 2 2 2 2
left_child=1 5 4 -3 -2 -1
right_child=2 3 -4 -5 -6 -7
leaf_value=0.0029153512852753212 -0.00086316137892719169 -0.0022041075580260332 -0.0056170212765957453 0.00057314633692859523 -0.0030632171749529259 0.0011520717917558026
leaf_weight=458 238 165 230 326 437 335
leaf_count=458 238 165 230 326 437 335
internal_value=-0.000604907 0.00120754 -0.00316889 -0.000372957 -0.00229954 0.00218235
internal_weight=2189 1284 905 491 675 793
internal_count=2189 1284 905 491 675 793
is_linear=0
shrinkage=0.02


Tree=28
num_leaves=7
num_cat=0
split_feature=0 0 0 8 6 0
split_gain=50.1257 5.87666 4.22589 1.44643 1.20259 1.00864
threshold=0.55000000000000016 0.69750000000000012 0.46000000000000002 0.59875449435983441 6.6728047069333796 0.58750000000000002
decision_type=2 2 2 2 2 2
left_child=2 5 4 -4 -1 -2
right_child=1 -3 3 -5 -6 -7
leaf_value=0.0032880252346225171 -0.0017088607594936708 -0.0067340067340067346 0.0013333333333333333 -0.0010176991150442479 0.0018156032130208653 -0.0037121212121212122
leaf_weight=430 153 292 190 221 512 391
leaf_count=430 153 292 190 221 512 391
internal_value=-0.000611232 -0.00444709 0.00176654 7.21154e-05 0.00250154 -0.0031694
internal_weight=2189 836 1353 411 942 544
internal_count=2189 836 1353 411 942 544
is_linear=0
shrinkage=0.02


Tree=29
num_leaves=7
num_cat=0
split_feature=0 0 0 8 6 0
split_gain=49.8996 5.87666 4.15622 1.44643 1.18352 1.00864
threshold=0.55000000000000016 0.69750000000000012 0.46000000000000002 0.59875449435983441 6.806497439499811 0.58750000000000002
decision_type=2 2 2 2 2 2
left_child=2 5 4 -4 -1 -2
right_child=1 -3 3 -5 -6 -7
leaf_value=0.0031246181235426952 -0.0017088607594936708 -0.0067340067340067346 0.0013333333333333333 -0.0010176991150442479 0.00166158351314361 -0.0037121212121212122
leaf_weight=520 153 292 190 221 422 391
leaf_count=520 153 292 190 221 422 391
internal_value=-0.000619909 -0.00444709 0.00175252 7.21154e-05 0.00248144 -0.0031694
internal_weight=2189 836 1353 411 942 544
internal_count=2189 836 1353 411 942 544
is_linear=0
shrinkage=0.02


Tree=30
num_leaves=7
num_cat=0
split_feature=0 0 0 8 6 0
split_gain=49.6758 5.87666 4.08766 1.44643 1.16201 1.00864
threshold=0.55000000000000016 0.69750000000000012 0.46000000000000002 0.59875449435983441 6.806497439499811 0.58750000000000002
decision_type=2 2 2 2 2 2
left_child=2 5 4 -4 -1 -2
right_child=1 -3 3 -5 -6 -7
leaf_value=0.0030988302614007681 -0.0017088607594936708 -0.0067340067340067346 0.0013333333333333333 -0.0010176991150442479 0.0016490535657041525 -0.0037121212121212122
leaf_weight=520 153 292 190 221 422 391
leaf_count=520 153 292 190 221 422 391
internal_value=-0.000628518 -0.00444709 0.00173861 7.21154e-05 0.00246149 -0.0031694
internal_weight=2189 836 1353 411 942 544
internal_count=2189 836 1353 411 942 544
is_linear=0
shrinkage=0.02


Tree=31
num_leaves=7
num_cat=0
split_feature=0 0 0 8 6 0
split_gain=49.454 5.87666 4.02014 1.44643 1.14214 1.00864
threshold=0.55000000000000016 0.69750000000000012 0.46000000000000002 0.59875449435983441 6.6728047069333796 0.58750000000000002
decision_type=2 2 2 2 2 2
left_child=2 5 4 -4 -1 -2
right_child=1 -3 3 -5 -6 -7
leaf_value=0.0032081999216956652 -0.0017088607594936708 -0.0067340067340067346 0.0013333333333333333 -0.0010176991150442479 0.001773125629302842 -0.0037121212121212122
leaf_weight=430 153 292 190 221 512 391
leaf_count=430 153 292 190 221 512 391
internal_value=-0.000637068 -0.00444709 0.0017248 7.21154e-05 0.00244168 -0.0031694
internal_weight=2189 836 1353 411 942 544
internal_count=2189 836 1353 411 942 544
is_linear=0
shrinkage=0.02


Tree=32
num_leaves=7
num_cat=0
split_feature=0 0 0 3 6 0
split_gain=49.2339 5.87666 3.95354 1.36264 1.12299 1.00864
threshold=0.55000000000000016 0.69750000000000012 0.46000000000000002 -0.53452248382484868 6.806497439499811 0.58750000000000002
decision_type=2 2 2 2 2 2
left_child=2 5 4 -4 -1 -2
right_child=1 -3 3 -5 -6 -7
leaf_value=0.0030485509768837975 -0.0017088607594936708 -0.0067340067340067346 -0.0014193548387096775 0.00093984962406015032 0.0016232469178020814 -0.0037121212121212122
leaf_weight=520 153 292 150 261 422 391
leaf_count=520 153 292 150 261 422 391
internal_value=-0.000645572 -0.00444709 0.00171106 7.21154e-05 0.00242198 -0.0031694
internal_weight=2189 836 1353 411 942 544
internal_count=2189 836 1353 411 942 544
is_linear=0
shrinkage=0.02


Tree=33
num_leaves=7
num_cat=0
split_feature=0 0 0 8 0 9
split_gain=49.0153 5.87666 3.88779 1.44643 1.00864 0.847948
threshold=0.55000000000000016 0.69750000000000012 0.46000000000000002 0.59875449435983441 0.58750000000000002 0.83277673940762009
decision_type=2 2 2 2 2 2
left_child=2 4 5 -4 -2 -1
right_child=1 -3 3 -5 -6 -7
leaf_value=0.00278797033517449 -0.0017088607594936708 -0.0067340067340067346 0.0013333333333333333 -0.0010176991150442479 -0.0037121212121212122 0.0014193516529908249
leaf_weight=670 153 292 190 221 391 272
leaf_count=670 153 292 190 221 391 272
internal_value=-0.000654038 -0.00444709 0.00169738 7.21154e-05 -0.0031694 0.00240237
internal_weight=2189 836 1353 411 544 942
internal_count=2189 836 1353 411 544 942
is_linear=0
shrinkage=0.02


Tree=34
num_leaves=7
num_cat=0
split_feature=0 0 0 8 6 0
split_gain=48.8024 5.87666 3.82417 1.44643 1.10153 1.00864
threshold=0.55000000000000016 0.69750000000000012 0.46000000000000002 0.59875449435983441 6.806497439499811 0.58750000000000002
decision_type=2 2 2 2 2 2
left_child=2 5 4 -4 -1 -2
right_child=1 -3 3 -5 -6 -7
leaf_value=0.0030036157625062125 -0.0017088607594936708 -0.0067340067340067346 0.0013333333333333333 -0.0010176991150442479 0.0015925501899431685 -0.0037121212121212122
leaf_weight=520 153 292 190 221 422 391
leaf_count=520 153 292 190 221 422 391
internal_value=-0.000662298 -0.00444709 0.00168403 7.21154e-05 0.00238323 -0.0031694
internal_weight=2189 836 1353 411 942 544
internal_count=2189 836 1353 411 942 544
is_linear=0
shrinkage=0.02


Tree=35
num_leaves=7
num_cat=0
split_feature=0 0 0 8 6 0
split_gain=48.5815 5.87666 3.75855 1.44643 1.08138 1.00864
threshold=0.55000000000000016 0.69750000000000012 0.46000000000000002 0.59875449435983441 6.6728047069333796 0.58750000000000002
decision_type=2 2 2 2 2 2
left_child=2 5 4 -4 -1 -2
right_child=1 -3 3 -5 -6 -7
leaf_value=0.0031089934488308839 -0.0017088607594936708 -0.0067340067340067346 0.0013333333333333333 -0.0010176991150442479 0.0017130625928523347 -0.0037121212121212122
leaf_weight=430 153 292 190 221 512 391
leaf_count=430 153 292 190 221 512 391
internal_value=-0.000670891 -0.00444709 0.00167015 7.21154e-05 0.00236332 -0.0031694
internal_weight=2189 836 1353 411 942 544
internal_count=2189 836 1353 411 942 544
is_linear=0
shrinkage=0.02


Tree=36
num_leaves=7
num_cat=0
split_feature=0 0 0 8 6 0
split_gain=48.3606 5.87666 3.69335 1.44643 1.06271 1.00864
threshold=0.55000000000000016 0.69750000000000012 0.46000000000000002 0.59875449435983441 6.806497439499811 0.58750000000000002
decision_type=2 2 2 2 2 2
left_child=2 5 4 -4 -1 -2
right_child=1 -3 3 -5 -6 -7
leaf_value=0.0029527562495498434 -0.0017088607594936708 -0.0067340067340067346 0.0013333333333333333 -0.0010176991150442479 0.0015666859993924858 -0.0037121212121212122
leaf_weight=520 153 292 190 221 422 391
leaf_count=520 153 292 190 221 422 391
internal_value=-0.000679502 -0.00444709 0.00165624 7.21154e-05 0.00234337 -0.0031694
internal_weight=2189 836 1353 411 942 544
internal_count=2189 836 1353 411 942 544
is_linear=0
shrinkage=0.02


Tree=37
num_leaves=7
num_cat=0
split_feature=0 0 0 8 6 0
split_gain=48.1424 5.87666 3.62935 1.44643 1.04239 1.00864
threshold=0.55000000000000016 0.69750000000000012 0.46000000000000002 0.59875449435983441 6.806497439499811 0.58750000000000002
decision_type=2 2 2 2 2 2
left_child=2 5 4 -4 -1 -2
right_child=1 -3 3 -5 -6 -7
leaf_value=0.0029271734511568431 -0.0017088607594936708 -0.0067340067340067346 0.0013333333333333333 -0.0010176991150442479 0.0015543232124246465 -0.0037121212121212122
leaf_weight=520 153 292 190 221 422 391
leaf_count=520 153 292 190 221 422 391
internal_value=-0.00068803 -0.00444709 0.00164246 7.21154e-05 0.00232361 -0.0031694
internal_weight=2189 836 1353 411 942 544
internal_count=2189 836 1353 411 942 544
is_linear=0
shrinkage=0.02


Tree=38
num_leaves=7
num_cat=0
split_feature=0 0 0 3 6 0
split_gain=47.9258 5.87666 3.56626 1.36264 1.02342 1.00864
threshold=0.55000000000000016 0.69750000000000012 0.46000000000000002 -0.53452248382484868 6.6728047069333796 0.58750000000000002
decision_type=2 2 2 2 2 2
left_child=2 5 4 -4 -1 -2
right_child=1 -3 3 -5 -6 -7
leaf_value=0.0030294498835486926 -0.0017088607594936708 -0.0067340067340067346 -0.0014193548387096775 0.00093984962406015032 0.0016712682882803031 -0.0037121212121212122
leaf_weight=430 153 292 150 261 512 391
leaf_count=430 153 292 150 261 512 391
internal_value=-0.00069651 -0.00444709 0.00162876 7.21154e-05 0.00230397 -0.0031694
internal_weight=2189 836 1353 411 942 544
internal_count=2189 836 1353 411 942 544
is_linear=0
shrinkage=0.02


Tree=39
num_leaves=7
num_cat=0
split_feature=0 0 0 8 0 6
split_gain=47.7104 5.87666 3.50392 1.44643 1.00864 1.00544
threshold=0.55000000000000016 0.69750000000000012 0.46000000000000002 0.59875449435983441 0.58750000000000002 6.806497439499811
decision_type=2 2 2 2 2 2
left_child=2 4 5 -4 -2 -1
right_child=1 -3 3 -5 -6 -7
leaf_value=0.0028771751740149089 -0.0017088607594936708 -0.0067340067340067346 0.0013333333333333333 -0.0010176991150442479 -0.0037121212121212122 0.0015287904141675812
leaf_weight=520 153 292 190 221 391 422
leaf_count=520 153 292 190 221 391 422
internal_value=-0.000704963 -0.00444709 0.0016151 7.21154e-05 -0.0031694 0.00228438
internal_weight=2189 836 1353 411 544 942
internal_count=2189 836 1353 411 544 942
is_linear=0
shrinkage=0.02


Tree=40
num_leaves=7
num_cat=0
split_feature=0 0 0 8 0 6
split_gain=47.4979 5.87666 3.4428 1.44643 1.00864 0.986002
threshold=0.55000000000000016 0.69750000000000012 0.46000000000000002 0.59875449435983441 0.58750000000000002 6.806497439499811
decision_type=2 2 2 2 2 2
left_child=2 4 5 -4 -2 -1
right_child=1 -3 3 -5 -6 -7
leaf_value=0.0028520752410803522 -0.0017088607594936708 -0.0067340067340067346 0.0013333333333333333 -0.0010176991150442479 -0.0037121212121212122 0.0015166890509841001
leaf_weight=520 153 292 190 221 391 422
leaf_count=520 153 292 190 221 391 422
internal_value=-0.000713325 -0.00444709 0.00160159 7.21154e-05 -0.0031694 0.00226501
internal_weight=2189 836 1353 411 544 942
internal_count=2189 836 1353 411 544 942
is_linear=0
shrinkage=0.02


Tree=41
num_leaves=7
num_cat=0
split_feature=0 0 0 8 0 6
split_gain=47.2869 5.87666 3.38254 1.44643 1.00864 0.968618
threshold=0.55000000000000016 0.69750000000000012 0.46000000000000002 0.59875449435983441 0.58750000000000002 6.6728047069333796
decision_type=2 2 2 2 2 2
left_child=2 4 5 -4 -2 -1
right_child=1 -3 3 -5 -6 -7
leaf_value=0.0029515948272042574 -0.0017088607594936708 -0.0067340067340067346 0.0013333333333333333 -0.0010176991150442479 -0.0037121212121212122 0.0016301251669822809
leaf_weight=430 153 292 190 221 391 512
leaf_count=430 153 292 190 221 391 512
internal_value=-0.000721642 -0.00444709 0.00158816 7.21154e-05 -0.0031694 0.00224574
internal_weight=2189 836 1353 411 544 942
internal_count=2189 836 1353 411 544 942
is_linear=0
shrinkage=0.02


Tree=42
num_leaves=7
num_cat=0
split_feature=0 0 0 8 0 6
split_gain=47.0761 5.87666 3.32274 1.44643 1.00864 0.95016
threshold=0.55000000000000016 0.69750000000000012 0.46000000000000002 0.59875449435983441 0.58750000000000002 6.806497439499811
decision_type=2 2 2 2 2 2
left_child=2 4 5 -4 -2 -1
right_child=1 -3 3 -5 -6 -7
leaf_value=0.0028027769870701291 -0.0017088607594936708 -0.0067340067340067346 0.0013333333333333333 -0.0010176991150442479 -0.0037121212121212122 0.0014917797794449961
leaf_weight=520 153 292 190 221 391 422
leaf_count=520 153 292 190 221 391 422
internal_value=-0.000729969 -0.00444709 0.0015747 7.21154e-05 -0.0031694 0.00222645
internal_weight=2189 836 1353 411 544 942
internal_count=2189 836 1353 411 544 942
is_linear=0
shrinkage=0.02


Tree=43
num_leaves=7
num_cat=0
split_feature=0 0 0 8 0 6
split_gain=46.8647 5.87666 3.26314 1.44643 1.00864 0.930497
threshold=0.55000000000000016 0.69750000000000012 0.46000000000000002 0.59875449435983441 0.58750000000000002 6.6728047069333796
decision_type=2 2 2 2 2 2
left_child=2 4 5 -4 -2 -1
right_child=1 -3 3 -5 -6 -7
leaf_value=0.0028989588761723591 -0.0017088607594936708 -0.0067340067340067346 0.0013333333333333333 -0.0010176991150442479 -0.0037121212121212122 0.0016035415588227793
leaf_weight=430 153 292 190 221 391 512
leaf_count=430 153 292 190 221 391 512
internal_value=-0.000738342 -0.00444709 0.00156118 7.21154e-05 -0.0031694 0.00220705
internal_weight=2189 836 1353 411 544 942
internal_count=2189 836 1353 411 544 942
is_linear=0
shrinkage=0.02


Tree=44
num_leaves=7
num_cat=0
split_feature=0 0 0 8 0 6
split_gain=46.6529 5.87666 3.20388 1.44643 1.00864 0.913046
threshold=0.55000000000000016 0.69750000000000012 0.46000000000000002 0.59875449435983441 0.58750000000000002 6.806497439499811
decision_type=2 2 2 2 2 2
left_child=2 4 5 -4 -2 -1
right_child=1 -3 3 -5 -6 -7
leaf_value=0.0027525975746590463 -0.0017088607594936708 -0.0067340067340067346 0.0013333333333333333 -0.0010176991150442479 -0.0037121212121212122 0.001467278168255363
leaf_weight=520 153 292 190 221 391 422
leaf_count=520 153 292 190 221 391 422
internal_value=-0.000746745 -0.00444709 0.0015476 7.21154e-05 -0.0031694 0.00218758
internal_weight=2189 836 1353 411 544 942
internal_count=2189 836 1353 411 544 942
is_linear=0
shrinkage=0.02


Tree=45
num_leaves=7
num_cat=0
split_feature=0 0 0 8 0 0
split_gain=46.4434 5.87666 3.14562 1.44643 1.00864 0.941397
threshold=0.55000000000000016 0.69750000000000012 0.46000000000000002 0.59875449435983441 0.58750000000000002 0.40750000000000008
decision_type=2 2 2 2 2 2
left_child=2 4 5 -4 -2 -1
right_child=1 -3 3 -5 -6 -7
leaf_value=0.0017952520966327164 -0.0017088607594936708 -0.0067340067340067346 0.0013333333333333333 -0.0010176991150442479 -0.0037121212121212122 0.0033185840707964606
leaf_weight=721 153 292 190 221 391 221
leaf_count=721 153 292 190 221 391 221
internal_value=-0.000755081 -0.00444709 0.00153413 7.21154e-05 -0.0031694 0.00216827
internal_weight=2189 836 1353 411 544 942
internal_count=2189 836 1353 411 544 942
is_linear=0
shrinkage=0.02


Tree=46
num_leaves=7
num_cat=0
split_feature=0 0 0 8 0 0
split_gain=46.2738 5.87666 3.09879 1.44643 1.00864 0.969224
threshold=0.55000000000000016 0.69750000000000012 0.46000000000000002 0.59875449435983441 0.58750000000000002 0.40750000000000008
decision_type=2 2 2 2 2 2
left_child=2 4 5 -4 -2 -1
right_child=1 -3 3 -5 -6 -7
leaf_value=0.0017748316562492292 -0.0017088607594936708 -0.0067340067340067346 0.0013333333333333333 -0.0010176991150442479 -0.0037121212121212122 0.0033185840707964606
leaf_weight=721 153 292 190 221 391 221
leaf_count=721 153 292 190 221 391 221
internal_value=-0.000761838 -0.00444709 0.00152322 7.21154e-05 -0.0031694 0.00215262
internal_weight=2189 836 1353 411 544 942
internal_count=2189 836 1353 411 544 942
is_linear=0
shrinkage=0.02


Tree=47
num_leaves=7
num_cat=0
split_feature=0 0 0 8 0 0
split_gain=46.1057 5.87666 3.05261 1.44643 1.00864 0.997224
threshold=0.55000000000000016 0.69750000000000012 0.46000000000000002 0.59875449435983441 0.58750000000000002 0.40750000000000008
decision_type=2 2 2 2 2 2
left_child=2 4 5 -4 -2 -1
right_child=1 -3 3 -5 -6 -7
leaf_value=0.0017545409452878248 -0.0017088607594936708 -0.0067340067340067346 0.0013333333333333333 -0.0010176991150442479 -0.0037121212121212122 0.0033185840707964606
leaf_weight=721 153 292 190 221 391 221
leaf_count=721 153 292 190 221 391 221
internal_value=-0.000768552 -0.00444709 0.00151237 7.21154e-05 -0.0031694 0.00213706
internal_weight=2189 836 1353 411 544 942
internal_count=2189 836 1353 411 544 942
is_linear=0
shrinkage=0.02


Tree=48
num_leaves=7
num_cat=0
split_feature=0 0 0 3 0 0
split_gain=45.9394 5.87666 3.0072 1.36264 1.0253 1.00864
threshold=0.55000000000000016 0.69750000000000012 0.46000000000000002 -0.53452248382484868 0.40750000000000008 0.58750000000000002
decision_type=2 2 2 2 2 2
left_child=2 5 4 -4 -1 -2
right_child=1 -3 3 -5 -6 -7
leaf_value=0.0017344415664657458 -0.0017088607594936708 -0.0067340067340067346 -0.0014193548387096775 0.00093984962406015032 0.0033185840707964606 -0.0037121212121212122
leaf_weight=721 153 292 150 261 221 391
leaf_count=721 153 292 150 261 221 391
internal_value=-0.000775203 -0.00444709 0.00150162 7.21154e-05 0.00212165 -0.0031694
internal_weight=2189 836 1353 411 942 544
internal_count=2189 836 1353 411 942 544
is_linear=0
shrinkage=0.02


Tree=49
num_leaves=7
num_cat=0
split_feature=0 0 0 8 0 0
split_gain=45.7737 5.87666 2.9622 1.44643 1.05368 1.00864
threshold=0.55000000000000016 0.69750000000000012 0.46000000000000002 0.59875449435983441 0.40750000000000008 0.58750000000000002
decision_type=2 2 2 2 2 2
left_child=2 5 4 -4 -1 -2
right_child=1 -3 3 -5 -6 -7
leaf_value=0.0017143715479085351 -0.0017088607594936708 -0.0067340067340067346 0.0013333333333333333 -0.0010176991150442479 0.0033185840707964606 -0.0037121212121212122
leaf_weight=721 153 292 190 221 221 391
leaf_count=721 153 292 190 221 221 391
internal_value=-0.000781844 -0.00444709 0.00149089 7.21154e-05 0.00210627 -0.0031694
internal_weight=2189 836 1353 411 942 544
internal_count=2189 836 1353 411 942 544
is_linear=0
shrinkage=0.02


Tree=50
num_leaves=7
num_cat=0
split_feature=0 0 0 8 0 0
split_gain=45.6098 5.87666 2.91795 1.44643 1.08214 1.00864
threshold=0.55000000000000016 0.69750000000000012 0.46000000000000002 0.59875449435983441 0.40750000000000008 0.58750000000000002
decision_type=2 2 2 2 2 2
left_child=2 5 4 -4 -1 -2
right_child=1 -3 3 -5 -6 -7
leaf_value=0.001694488576254179 -0.0017088607594936708 -0.0067340067340067346 0.0013333333333333333 -0.0010176991150442479 0.0033185840707964606 -0.0037121212121212122
leaf_weight=721 153 292 190 221 221 391
leaf_count=721 153 292 190 221 221 391
internal_value=-0.000788424 -0.00444709 0.00148026 7.21154e-05 0.00209102 -0.0031694
internal_weight=2189 836 1353 411 942 544
internal_count=2189 836 1353 411 942 544
is_linear=0
shrinkage=0.02


Tree=51
num_leaves=7
num_cat=0
split_feature=5 5 2 7 6 2
split_gain=22.3602 6.76273 2.24682 1.51616 1.32446 0.416558
threshold=0.080000000000000043 -0.040000000000000001 0.057433452482083883 -0.33504394213048982 6.8610619149350596 0.077937274297215586
decision_type=2 2 2 2 2 2
left_child=1 4 -2 -3 -1 -4
right_child=2 3 5 -5 -6 -7
leaf_value=0.0023915723526940157 -0.0025306122448979589 0.0002143410547753239 -0.0040867088083735483 -0.0015803733630893157 0.00074408240939323619 -0.0059067357512953365
leaf_weight=472 240 306 162 480 341 188
leaf_count=472 240 306 162 480 341 188
internal_value=-0.000794927 0.000435419 -0.00410501 -0.000884729 0.00170933 -0.00513375
internal_weight=2189 1599 590 786 813 350
internal_count=2189 1599 590 786 813 350
is_linear=0
shrinkage=0.02


Tree=52
num_leaves=7
num_cat=0
split_feature=0 0 0 8 0 0
split_gain=45.3199 5.87666 2.84031 1.44643 1.13341 1.00864
threshold=0.55000000000000016 0.69750000000000012 0.46000000000000002 0.59875449435983441 0.40750000000000008 0.58750000000000002
decision_type=2 2 2 2 2 2
left_child=2 5 4 -4 -1 -2
right_child=1 -3 3 -5 -6 -7
leaf_value=0.0016592343753465445 -0.0017088607594936708 -0.0067340067340067346 0.0013333333333333333 -0.0010176991150442479 0.0033185840707964606 -0.0037121212121212122
leaf_weight=721 153 292 190 221 221 391
leaf_count=721 153 292 190 221 221 391
internal_value=-0.000800089 -0.00444709 0.00146142 7.21154e-05 0.002064 -0.0031694
internal_weight=2189 836 1353 411 942 544
internal_count=2189 836 1353 411 942 544
is_linear=0
shrinkage=0.02


Tree=53
num_leaves=7
num_cat=0
split_feature=0 0 0 8 0 0
split_gain=45.1588 5.87666 2.7975 1.44643 1.16244 1.00864
threshold=0.55000000000000016 0.69750000000000012 0.46000000000000002 0.59875449435983441 0.40750000000000008 0.58750000000000002
decision_type=2 2 2 2 2 2
left_child=2 5 4 -4 -1 -2
right_child=1 -3 3 -5 -6 -7
leaf_value=0.001639587988835803 -0.0017088607594936708 -0.0067340067340067346 0.0013333333333333333 -0.0010176991150442479 0.0033185840707964606 -0.0037121212121212122
leaf_weight=721 153 292 190 221 221 391
leaf_count=721 153 292 190 221 221 391
internal_value=-0.00080659 -0.00444709 0.00145091 7.21154e-05 0.00204893 -0.0031694
internal_weight=2189 836 1353 411 942 544
internal_count=2189 836 1353 411 942 544
is_linear=0
shrinkage=0.02


Tree=54
num_leaves=7
num_cat=0
split_feature=0 0 0 8 0 0
split_gain=44.999 5.87666 2.75531 1.44643 1.19159 1.00864
threshold=0.55000000000000016 0.69750000000000012 0.46000000000000002 0.59875449435983441 0.40750000000000008 0.58750000000000002
decision_type=2 2 2 2 2 2
left_child=2 5 4 -4 -1 -2
right_child=1 -3 3 -5 -6 -7
leaf_value=0.0016200771606103941 -0.0017088607594936708 -0.0067340067340067346 0.0013333333333333333 -0.0010176991150442479 0.0033185840707964606 -0.0037121212121212122
leaf_weight=721 153 292 190 221 221 391
leaf_count=721 153 292 190 221 221 391
internal_value=-0.000813046 -0.00444709 0.00144048 7.21154e-05 0.00203398 -0.0031694
internal_weight=2189 836 1353 411 942 544
internal_count=2189 836 1353 411 942 544
is_linear=0
shrinkage=0.02


Tree=55
num_leaves=7
num_cat=0
split_feature=0 0 0 8 0 0
split_gain=44.841 5.87666 2.71382 1.44643 1.22079 1.00864
threshold=0.55000000000000016 0.69750000000000012 0.46000000000000002 0.59875449435983441 0.40750000000000008 0.58750000000000002
decision_type=2 2 2 2 2 2
left_child=2 5 4 -4 -1 -2
right_child=1 -3 3 -5 -6 -7
leaf_value=0.0016007471514850363 -0.0017088607594936708 -0.0067340067340067346 0.0013333333333333333 -0.0010176991150442479 0.0033185840707964606 -0.0037121212121212122
leaf_weight=721 153 292 190 221 221 391
leaf_count=721 153 292 190 221 221 391
internal_value=-0.000819443 -0.00444709 0.00143015 7.21154e-05 0.00201916 -0.0031694
internal_weight=2189 836 1353 411 942 544
internal_count=2189 836 1353 411 942 544
is_linear=0
shrinkage=0.02


Tree=56
num_leaves=7
num_cat=0
split_feature=0 0 0 8 0 0
split_gain=44.6849 5.87666 2.67305 1.44643 1.25002 1.00864
threshold=0.55000000000000016 0.69750000000000012 0.46000000000000002 0.59875449435983441 0.40750000000000008 0.58750000000000002
decision_type=2 2 2 2 2 2
left_child=2 5 4 -4 -1 -2
right_child=1 -3 3 -5 -6 -7
leaf_value=0.0015816087614149677 -0.0017088607594936708 -0.0067340067340067346 0.0013333333333333333 -0.0010176991150442479 0.0033185840707964606 -0.0037121212121212122
leaf_weight=721 153 292 190 221 221 391
leaf_count=721 153 292 190 221 221 391
internal_value=-0.000825776 -0.00444709 0.00141992 7.21154e-05 0.00200449 -0.0031694
internal_weight=2189 836 1353 411 942 544
internal_count=2189 836 1353 411 942 544
is_linear=0
shrinkage=0.02


Tree=57
num_leaves=7
num_cat=0
split_feature=0 0 0 8 0 0
split_gain=44.5307 5.87666 2.63304 1.44643 1.27922 1.00864
threshold=0.55000000000000016 0.69750000000000012 0.46000000000000002 0.59875449435983441 0.40750000000000008 0.58750000000000002
decision_type=2 2 2 2 2 2
left_child=2 5 4 -4 -1 -2
right_child=1 -3 3 -5 -6 -7
leaf_value=0.0015626804528471863 -0.0017088607594936708 -0.0067340067340067346 0.0013333333333333333 -0.0010176991150442479 0.0033185840707964606 -0.0037121212121212122
leaf_weight=721 153 292 190 221 221 391
leaf_count=721 153 292 190 221 221 391
internal_value=-0.000832039 -0.00444709 0.0014098 7.21154e-05 0.00198997 -0.0031694
internal_weight=2189 836 1353 411 942 544
internal_count=2189 836 1353 411 942 544
is_linear=0
shrinkage=0.02


Tree=58
num_leaves=7
num_cat=0
split_feature=0 0 0 8 0 0
split_gain=44.3781 5.87666 2.59366 1.44643 1.30849 1.00864
threshold=0.55000000000000016 0.69750000000000012 0.46000000000000002 0.59875449435983441 0.40750000000000008 0.58750000000000002
decision_type=2 2 2 2 2 2
left_child=2 5 4 -4 -1 -2
right_child=1 -3 3 -5 -6 -7
leaf_value=0.0015439110521554078 -0.0017088607594936708 -0.0067340067340067346 0.0013333333333333333 -0.0010176991150442479 0.0033185840707964606 -0.0037121212121212122
leaf_weight=721 153 292 190 221 221 391
leaf_count=721 153 292 190 221 221 391
internal_value=-0.00083825 -0.00444709 0.00139976 7.21154e-05 0.00197559 -0.0031694
internal_weight=2189 836 1353 411 942 544
internal_count=2189 836 1353 411 942 544
is_linear=0
shrinkage=0.02


Tree=59
num_leaves=7
num_cat=0
split_feature=0 0 0 8 0 0
split_gain=44.2276 5.87666 2.55504 1.44643 1.33769 1.00864
threshold=0.55000000000000016 0.69750000000000012 0.46000000000000002 0.59875449435983441 0.40750000000000008 0.58750000000000002
decision_type=2 2 2 2 2 2
left_child=2 5 4 -4 -1 -2
right_child=1 -3 3 -5 -6 -7
leaf_value=0.0015253665108206753 -0.0017088607594936708 -0.0067340067340067346 0.0013333333333333333 -0.0010176991150442479 0.0033185840707964606 -0.0037121212121212122
leaf_weight=721 153 292 190 221 221 391
leaf_count=721 153 292 190 221 221 391
internal_value=-0.000844386 -0.00444709 0.00138985 7.21154e-05 0.00196137 -0.0031694
internal_weight=2189 836 1353 411 942 544
internal_count=2189 836 1353 411 942 544
is_linear=0
shrinkage=0.02


Tree=60
num_leaves=7
num_cat=0
split_feature=0 0 0 8 0 0
split_gain=44.0785 5.87666 2.51702 1.44643 1.36695 1.00864
threshold=0.55000000000000016 0.69750000000000012 0.46000000000000002 0.59875449435983441 0.40750000000000008 0.58750000000000002
decision_type=2 2 2 2 2 2
left_child=2 5 4 -4 -1 -2
right_child=1 -3 3 -5 -6 -7
leaf_value=0.0015069706747103124 -0.0017088607594936708 -0.0067340067340067346 0.0013333333333333333 -0.0010176991150442479 0.0033185840707964606 -0.0037121212121212122
leaf_weight=721 153 292 190 221 221 391
leaf_count=721 153 292 190 221 221 391
internal_value=-0.000850474 -0.00444709 0.00138002 7.21154e-05 0.00194727 -0.0031694
internal_weight=2189 836 1353 411 942 544
internal_count=2189 836 1353 411 942 544
is_linear=0
shrinkage=0.02


Tree=61
num_leaves=7
num_cat=0
split_feature=0 0 0 8 0 0
split_gain=43.9306 5.87666 2.47951 1.44643 1.39632 1.00864
threshold=0.55000000000000016 0.69750000000000012 0.46000000000000002 0.59875449435983441 0.40750000000000008 0.58750000000000002
decision_type=2 2 2 2 2 2
left_child=2 5 4 -4 -1 -2
right_child=1 -3 3 -5 -6 -7
leaf_value=0.0014886842399178789 -0.0017088607594936708 -0.0067340067340067346 0.0013333333333333333 -0.0010176991150442479 0.0033185840707964606 -0.0037121212121212122
leaf_weight=721 153 292 190 221 221 391
leaf_count=721 153 292 190 221 221 391
internal_value=-0.000856525 -0.00444709 0.00137024 7.21154e-05 0.00193325 -0.0031694
internal_weight=2189 836 1353 411 942 544
internal_count=2189 836 1353 411 942 544
is_linear=0
shrinkage=0.02


Tree=62
num_leaves=7
num_cat=0
split_feature=0 0 0 8 0 2
split_gain=43.7907 4.85675 3.55881 1.89695 1.42571 0.859557
threshold=0.58750000000000002 0.46000000000000002 0.69750000000000012 0.67872459013342301 0.40750000000000008 0.051982305277614431
decision_type=2 2 2 2 2 2
left_child=1 4 5 -3 -1 -2
right_child=2 3 -4 -5 -6 -7
leaf_value=0.0014705575815563607 -0.0028571428571428571 0.00028776978417266187 -0.0067340067340067346 -0.0022929936305732487 0.0033185840707964606 -0.0049358974358974361
leaf_weight=721 240 412 292 152 221 151
leaf_count=721 240 412 292 152 221 151
internal_value=-0.000862523 0.00104409 -0.0050436 -0.000421793 0.00191935 -0.00371212
internal_weight=2189 1506 683 564 942 391
internal_count=2189 1506 683 564 942 391
is_linear=0
shrinkage=0.02


Tree=63
num_leaves=7
num_cat=0
split_feature=0 0 0 8 0 2
split_gain=43.6666 4.79992 3.55881 1.89695 1.45507 0.859557
threshold=0.58750000000000002 0.46000000000000002 0.69750000000000012 0.67872459013342301 0.40750000000000008 0.051982305277614431
decision_type=2 2 2 2 2 2
left_child=1 4 5 -3 -1 -2
right_child=2 3 -4 -5 -6 -7
leaf_value=0.001452616366811774 -0.0028571428571428571 0.00028776978417266187 -0.0067340067340067346 -0.0022929936305732487 0.0033185840707964606 -0.0049358974358974361
leaf_weight=721 240 412 292 152 221 151
leaf_count=721 240 412 292 152 221 151
internal_value=-0.00086846 0.00103547 -0.0050436 -0.000421793 0.0019056 -0.00371212
internal_weight=2189 1506 683 564 942 391
internal_count=2189 1506 683 564 942 391
is_linear=0
shrinkage=0.02


Tree=64
num_leaves=7
num_cat=0
split_feature=0 0 0 8 0 2
split_gain=43.4361 4.74354 3.51559 1.89695 1.48465 0.859557
threshold=0.58750000000000002 0.46000000000000002 0.69750000000000012 0.67872459013342301 0.40750000000000008 0.051982305277614431
decision_type=2 2 2 2 2 2
left_child=1 4 5 -3 -1 -2
right_child=2 3 -4 -5 -6 -7
leaf_value=0.0014347131952987188 -0.0028571428571428571 0.00028776978417266187 -0.0067167381044188736 -0.0022929936305732487 0.0033185840707964606 -0.0049358974358974361
leaf_weight=721 240 412 292 152 221 151
leaf_count=721 240 412 292 152 221 151
internal_value=-0.000872046 0.00102687 -0.00503615 -0.000421793 0.00189187 -0.00371212
internal_weight=2189 1506 683 564 942 391
internal_count=2189 1506 683 564 942 391
is_linear=0
shrinkage=0.02


Tree=65
num_leaves=7
num_cat=0
split_feature=0 0 0 0 8 0
split_gain=42.9354 5.61184 2.33492 1.51401 1.44643 1.00864
threshold=0.55000000000000016 0.69750000000000012 0.46000000000000002 0.40750000000000008 0.59875449435983441 0.58750000000000002
decision_type=2 2 2 2 2 2
left_child=2 5 3 -1 -4 -2
right_child=1 -3 4 -5 -6 -7
leaf_value=0.0014169297558289167 -0.0017088607594936708 -0.0066551512279093067 0.0013333333333333333 0.0033184108744680352 -0.0010176991150442479 -0.0037121212121212122
leaf_weight=721 153 292 190 221 221 391
leaf_count=721 153 292 190 221 221 391
internal_value=-0.000869612 -0.00441924 0.00133185 0.0018782 7.21154e-05 -0.0031694
internal_weight=2189 836 1353 942 411 544
internal_count=2189 836 1353 942 411 544
is_linear=0
shrinkage=0.02


Tree=66
num_leaves=7
num_cat=0
split_feature=5 5 2 7 6 2
split_gain=20.3891 5.85806 2.06839 1.49265 1.28491 0.371289
threshold=0.080000000000000043 -0.040000000000000001 0.057433452482083883 -0.33504394213048982 6.8610619149350596 0.077937274297215586
decision_type=2 2 2 2 2 2
left_child=1 4 -2 -3 -1 -4
right_child=2 3 5 -5 -6 -7
leaf_value=0.0021694606304680244 -0.0025094698472898835 0.00017515786495239403 -0.0040070583863172707 -0.0016060904179958954 0.00055126206634510341 -0.0057512121898522653
leaf_weight=472 240 306 162 480 341 188
leaf_count=472 240 306 162 480 341 188
internal_value=-0.000862759 0.0003124 -0.0040235 -0.000915904 0.00149825 -0.00501173
internal_weight=2189 1599 590 786 813 350
internal_count=2189 1599 590 786 813 350
is_linear=0
shrinkage=0.02


Tree=67
num_leaves=7
num_cat=0
split_feature=0 0 0 0 8 0
split_gain=41.849 5.09635 2.27188 1.56492 1.44643 1.00864
threshold=0.55000000000000016 0.69750000000000012 0.46000000000000002 0.40750000000000008 0.59875449435983441 0.58750000000000002
decision_type=2 2 2 2 2 2
left_child=2 5 3 -1 -4 -2
right_child=1 -3 4 -5 -6 -7
leaf_value=0.0013853704614597488 -0.0017088607594936708 -0.0064962436394257984 0.0013333333333333333 0.0033169884386315815 -0.0010176991150442479 -0.0037121212121212122
leaf_weight=721 153 292 190 221 221 391
leaf_count=721 153 292 190 221 221 391
internal_value=-0.00085869 -0.00436312 0.00131474 0.00185366 7.21154e-05 -0.0031694
internal_weight=2189 836 1353 942 411 544
internal_count=2189 836 1353 942 411 544
is_linear=0
shrinkage=0.02


Tree=68
num_leaves=7
num_cat=0
split_feature=0 0 0 0 8 0
split_gain=41.1568 4.76273 2.23781 1.59283 1.44643 1.00864
threshold=0.55000000000000016 0.69750000000000012 0.46000000000000002 0.40750000000000008 0.59875449435983441 0.58750000000000002
decision_type=2 2 2 2 2 2
left_child=2 5 3 -1 -4 -2
right_child=1 -3 4 -5 -6 -7
leaf_value=0.001368162220134849 -0.0017088607594936708 -0.0063891881985295093 0.0013333333333333333 0.0033161078195656298 -0.0010176991150442479 -0.0037121212121212122
leaf_weight=721 153 292 190 221 221 391
leaf_count=721 153 292 190 221 221 391
internal_value=-0.000849983 -0.00432531 0.00130539 0.00184026 7.21154e-05 -0.0031694
internal_weight=2189 836 1353 942 411 544
internal_count=2189 836 1353 942 411 544
is_linear=0
shrinkage=0.02


Tree=69
num_leaves=7
num_cat=0
split_feature=0 0 0 0 3 0
split_gain=40.4777 4.44373 2.20427 1.62072 1.36264 1.00864
threshold=0.55000000000000016 0.69750000000000012 0.46000000000000002 0.40750000000000008 -0.53452248382484868 0.58750000000000002
decision_type=2 2 2 2 2 2
left_child=2 5 3 -1 -4 -2
right_child=1 -3 4 -5 -6 -7
leaf_value=0.0013510943647312415 -0.0017088607594936708 -0.0062833468982266263 -0.0014193548387096775 0.0033152274378633081 0.00093984962406015032 -0.0037121212121212122
leaf_weight=721 153 292 150 221 261 391
leaf_count=721 153 292 150 221 261 391
internal_value=-0.000841394 -0.00428794 0.00129612 0.00182697 7.21154e-05 -0.0031694
internal_weight=2189 836 1353 942 411 544
internal_count=2189 836 1353 942 411 544
is_linear=0
shrinkage=0.02


Tree=70
num_leaves=7
num_cat=0
split_feature=0 0 0 0 3 0
split_gain=39.8148 4.1405 2.17137 1.64848 1.36264 1.00864
threshold=0.55000000000000016 0.69750000000000012 0.46000000000000002 0.40750000000000008 -0.53452248382484868 0.58750000000000002
decision_type=2 2 2 2 2 2
left_child=2 5 3 -1 -4 -2
right_child=1 -3 4 -5 -6 -7
leaf_value=0.0013342335547471917 -0.0017088607594936708 -0.0061792591986832793 -0.0014193548387096775 0.0033143472935246157 0.00093984962406015032 -0.0037121212121212122
leaf_weight=721 153 292 150 221 261 391
leaf_count=721 153 292 150 221 261 391
internal_value=-0.000832974 -0.00425118 0.00128696 0.00181383 7.21154e-05 -0.0031694
internal_weight=2189 836 1353 942 411 544
internal_count=2189 836 1353 942 411 544
is_linear=0
shrinkage=0.02


Tree=71
num_leaves=7
num_cat=0
split_feature=0 0 0 0 8 6
split_gain=39.1676 3.94171 2.13913 1.67608 1.44643 0.719631
threshold=0.55000000000000016 0.64750000000000008 0.46000000000000002 0.40750000000000008 0.59875449435983441 6.7616769289743024
decision_type=2 2 2 2 2 2
left_child=2 -2 3 -1 -4 -3
right_child=1 5 4 -5 -6 -7
leaf_value=0.0013175832163337259 -0.0026439790575916227 -0.0062989610433578491 0.0013333333333333333 0.0033134673733626846 -0.0010176991150442479 -0.0043663589031465591
leaf_weight=721 377 247 190 221 221 212
leaf_count=721 377 247 190 221 221 212
internal_value=-0.000824717 -0.00421503 0.00127792 0.00180085 7.21154e-05 -0.00546301
internal_weight=2189 836 1353 942 411 459
internal_count=2189 836 1353 942 411 459
is_linear=0
shrinkage=0.02


Tree=72
num_leaves=7
num_cat=0
split_feature=0 0 0 0 8 11
split_gain=38.5925 3.778 2.10744 1.70358 1.44643 0.71697
threshold=0.55000000000000016 0.64750000000000008 0.46000000000000002 0.40750000000000008 0.59875449435983441 -0.26250496533184225
decision_type=2 2 2 2 2 2
left_child=2 -2 3 -1 -4 -3
right_child=1 5 4 -5 -6 -7
leaf_value=0.0013011040646947161 -0.0026439790575916227 -0.0042504605019621075 0.0013333333333333333 0.0033125876932017574 -0.0010176991150442479 -0.006186042596074871
leaf_weight=721 377 198 190 221 221 261
leaf_count=721 377 198 190 221 221 261
internal_value=-0.000818179 -0.00418351 0.00126896 0.00178801 7.21154e-05 -0.00540589
internal_weight=2189 836 1353 942 411 459
internal_count=2189 836 1353 942 411 459
is_linear=0
shrinkage=0.02


Tree=73
num_leaves=7
num_cat=0
split_feature=0 0 0 0 8 6
split_gain=38.0272 3.6192 2.07632 1.73099 1.44643 0.71058
threshold=0.55000000000000016 0.64750000000000008 0.46000000000000002 0.40750000000000008 0.59875449435983441 6.7616769289743024
decision_type=2 2 2 2 2 2
left_child=2 -2 3 -1 -4 -3
right_child=1 5 4 -5 -6 -7
leaf_value=0.0012847954346977956 -0.0026439790575916227 -0.0061764457514361729 0.0013333333333333333 0.0033117082451297121 -0.0010176991150442479 -0.0042654929869735299
leaf_weight=721 377 247 190 221 221 212
leaf_count=721 377 247 190 221 221 212
internal_value=-0.0008117 -0.00415229 0.00126009 0.0017753 7.21154e-05 -0.0053493
internal_weight=2189 836 1353 942 411 459
internal_count=2189 836 1353 942 411 459
is_linear=0
shrinkage=0.02


Tree=74
num_leaves=7
num_cat=0
split_feature=5 5 2 7 6 8
split_gain=17.2338 5.22675 1.64506 1.43778 1.24864 1.24168
threshold=0.080000000000000043 -0.040000000000000001 0.077937274297215586 -0.33504394213048982 6.8610619149350596 0.57551116111238565
decision_type=2 2 2 2 2 2
left_child=1 4 5 -3 -1 -2
right_child=2 3 -4 -5 -6 -7
leaf_value=0.0020565630745633741 -0.0014297917694043203 0.00018545445426100706 -0.0052781712236799729 -0.0015625643470545405 0.00046319187694159199 -0.0037846773208356373
leaf_weight=472 152 306 188 480 341 250
leaf_count=472 152 306 188 480 341 250
internal_value=-0.00080546 0.000274986 -0.00371136 -0.000885167 0.00139517 -0.00292278
internal_weight=2189 1599 590 786 813 402
internal_count=2189 1599 590 786 813 402
is_linear=0
shrinkage=0.02


Tree=75
num_leaves=7
num_cat=0
split_feature=0 0 0 0 3 11
split_gain=37.0761 3.36326 2.0195 1.77531 1.36264 0.714617
threshold=0.55000000000000016 0.64750000000000008 0.46000000000000002 0.40750000000000008 -0.53452248382484868 -0.26250496533184225
decision_type=2 2 2 2 2 2
left_child=2 -2 3 -1 -4 -3
right_child=1 5 4 -5 -6 -7
leaf_value=0.0012556194688226211 -0.0026439790575916227 -0.0041130183130649511 -0.0014193548387096775 0.0033071672916412352 0.00093984962406015032 -0.0060285899110306476
leaf_weight=721 377 198 150 221 261 261
leaf_count=721 377 198 150 221 261 261
internal_value=-0.000801982 -0.00410053 0.00124374 0.00175185 7.21154e-05 -0.00525549
internal_weight=2189 836 1353 942 411 459
internal_count=2189 836 1353 942 411 459
is_linear=0
shrinkage=0.02


Tree=76
num_leaves=7
num_cat=0
split_feature=0 0 0 0 8 6
split_gain=36.5307 3.21744 1.98822 1.7967 1.44643 0.71004
threshold=0.55000000000000016 0.64750000000000008 0.46000000000000002 0.40750000000000008 0.59875449435983441 6.7616769289743024
decision_type=2 2 2 2 2 2
left_child=2 -2 3 -1 -4 -3
right_child=1 5 4 -5 -6 -7
leaf_value=0.0012398463297680535 -0.0026439790575916227 -0.0060208866425922941 0.0013333333333333333 0.0033031388616139913 -0.0010176991150442479 -0.0041279316442902735
leaf_weight=721 377 247 190 221 221 212
leaf_count=721 377 247 190 221 221 212
internal_value=-0.000795983 -0.00407018 0.00123464 0.00173879 7.21154e-05 -0.00520048
internal_weight=2189 836 1353 942 411 459
internal_count=2189 836 1353 942 411 459
is_linear=0
shrinkage=0.02


Tree=77
num_leaves=7
num_cat=0
split_feature=0 0 0 0 8 11
split_gain=35.9949 3.07638 1.95737 1.81783 1.44643 0.703785
threshold=0.55000000000000016 0.64750000000000008 0.46000000000000002 0.40750000000000008 0.59875449435983441 -0.26250496533184225
decision_type=2 2 2 2 2 2
left_child=2 -2 3 -1 -4 -3
right_child=1 5 4 -5 -6 -7
leaf_value=0.0012242031398873273 -0.0026439790575916227 -0.0040176848619442266 0.0013333333333333333 0.0032990284461890704 -0.0010176991150442479 -0.0059105392931995543
leaf_weight=721 377 198 190 221 221 261
leaf_count=721 377 198 190 221 221 261
internal_value=-0.000790083 -0.00404018 0.00122559 0.00172582 7.21154e-05 -0.00514611
internal_weight=2189 836 1353 942 411 459
internal_count=2189 836 1353 942 411 459
is_linear=0
shrinkage=0.02


Tree=78
num_leaves=7
num_cat=0
split_feature=5 5 5 7 8 6
split_gain=15.9439 2.94758 2.69571 1.97438 1.4867 1.21122
threshold=0.030000000000000002 0.13999999999999996 -0.040000000000000001 -0.33504394213048982 0.57551116111238565 6.8610619149350596
decision_type=2 2 2 2 2 2
left_child=2 4 5 -4 -2 -1
right_child=1 -3 3 -5 -6 -7
leaf_value=0.0019946088782068446 -0.0005465601677092436 -0.0042950270140872287 0.0010765245750143722 -0.0015598041526469831 -0.0026766263266078763 0.00042595712826022007
leaf_weight=472 209 335 180 291 361 341
leaf_count=472 209 335 180 291 361 341
internal_value=-0.000784254 -0.0028098 0.00064877 -0.000551565 -0.00190715 0.00134329
internal_weight=2189 905 1284 471 570 813
internal_count=2189 905 1284 471 570 813
is_linear=0
shrinkage=0.02


Tree=79
num_leaves=7
num_cat=0
split_feature=0 0 0 0 8 6
split_gain=35.102 2.85123 1.90202 1.85763 1.44643 0.705949
threshold=0.55000000000000016 0.64750000000000008 0.46000000000000002 0.40750000000000008 0.59875449435983441 6.7616769289743024
decision_type=2 2 2 2 2 2
left_child=2 -2 3 -1 -4 -3
right_child=1 5 4 -5 -6 -7
leaf_value=0.0011956684737148458 -0.0026439790575916227 -0.0058692585806998003 0.0013333333333333333 0.0032920827406697569 -0.0010176991150442479 -0.0039966428170006398
leaf_weight=721 377 247 190 221 221 212
leaf_count=721 377 247 190 221 221 212
internal_value=-0.000781339 -0.00399087 0.00120918 0.00170229 7.21154e-05 -0.00505673
internal_weight=2189 836 1353 942 411 459
internal_count=2189 836 1353 942 411 459
is_linear=0
shrinkage=0.02


Tree=80
num_leaves=7
num_cat=0
split_feature=0 0 0 0 8 11
split_gain=34.5904 2.72194 1.87247 1.87732 1.44643 0.699221
threshold=0.55000000000000016 0.64750000000000008 0.46000000000000002 0.40750000000000008 0.59875449435983441 -0.26250496533184225
decision_type=2 2 2 2 2 2
left_child=2 -2 3 -1 -4 -3
right_child=1 5 4 -5 -6 -7
leaf_value=0.0011805167458579459 -0.0026439790575916227 -0.0038886904775215485 0.0013333333333333333 0.0032875084718771742 -0.0010176991150442479 -0.00576085789311201
leaf_weight=721 377 198 190 221 221 261
leaf_count=721 377 198 190 221 221 261
internal_value=-0.000775643 -0.0039617 0.00120032 0.00168958 7.21154e-05 -0.00500386
internal_weight=2189 836 1353 942 411 459
internal_count=2189 836 1353 942 411 459
is_linear=0
shrinkage=0.02


Tree=81
num_leaves=7
num_cat=0
split_feature=0 0 0 0 3 6
split_gain=34.0868 2.59675 1.84329 1.89609 1.36264 0.696024
threshold=0.55000000000000016 0.64750000000000008 0.46000000000000002 0.40750000000000008 -0.53452248382484868 6.7616769289743024
decision_type=2 2 2 2 2 2
left_child=2 -2 3 -1 -4 -3
right_child=1 5 4 -5 -6 -7
leaf_value=0.0011655569774388611 -0.0026439790575916227 -0.0057553572645263062 -0.0014193548387096775 0.0032825705118938887 0.00093984962406015032 -0.0039038838274467924
leaf_weight=721 377 247 150 221 261 212
leaf_count=721 377 247 150 221 261 212
internal_value=-0.000770026 -0.00393281 0.0011915 0.00167693 7.21154e-05 -0.00495149
internal_weight=2189 836 1353 942 411 459
internal_count=2189 836 1353 942 411 459
is_linear=0
shrinkage=0.02


Tree=82
num_leaves=7
num_cat=0
split_feature=5 5 5 3 8 6
split_gain=14.8387 2.61873 2.54689 1.97816 1.47802 1.17365
threshold=0.030000000000000002 0.13999999999999996 -0.040000000000000001 -0.57735026918963528 0.57551116111238565 6.8610619149350596
decision_type=2 2 2 2 2 2
left_child=2 4 5 -4 -2 -1
right_child=1 -3 3 -5 -6 -7
leaf_value=0.0019341553098461601 -0.00051106039469487198 -0.0041193378795595734 -0.0023360836460180811 0.00037619247118819438 -0.0026337649880862628 0.0003906377013557391
leaf_weight=472 209 335 158 313 361 341
leaf_count=472 209 335 158 313 361 341
internal_value=-0.000764494 -0.00271857 0.000617999 -0.00054864 -0.00186665 0.0012931
internal_weight=2189 905 1284 471 570 813
internal_count=2189 905 1284 471 570 813
is_linear=0
shrinkage=0.02


Tree=83
num_leaves=7
num_cat=0
split_feature=0 0 0 0 8 11
split_gain=33.2542 2.3988 1.79133 1.93367 1.44643 0.693744
threshold=0.55000000000000016 0.64750000000000008 0.46000000000000002 0.40750000000000008 0.59875449435983441 -0.26250496533184225
decision_type=2 2 2 2 2 2
left_child=2 -2 3 -1 -4 -3
right_child=1 5 4 -5 -6 -7
leaf_value=0.0011381649879158857 -0.0026439790575916227 -0.0037642236472350621 0.0013333333333333333 0.003275163152576548 -0.0010176991150442479 -0.005615595104102802
leaf_weight=721 377 198 190 221 221 261
leaf_count=721 377 198 190 221 221 261
internal_value=-0.000761801 -0.00388571 0.00117562 0.00165417 7.21154e-05 -0.00486613
internal_weight=2189 836 1353 942 411 459
internal_count=2189 836 1353 942 411 459
is_linear=0
shrinkage=0.02


Tree=84
num_leaves=7
num_cat=0
split_feature=0 0 0 0 8 6
split_gain=32.7703 2.28432 1.76266 1.94807 1.44643 0.691412
threshold=0.55000000000000016 0.64750000000000008 0.46000000000000002 0.40750000000000008 0.59875449435983441 6.7616769289743024
decision_type=2 2 2 2 2 2
left_child=2 -2 3 -1 -4 -3
right_child=1 5 4 -5 -6 -7
leaf_value=0.0011237419872434384 -0.0026439790575916227 -0.005611442365343609 0.0013333333333333333 0.0032682651228609339 -0.0010176991150442479 -0.0037795964831031413
leaf_weight=721 377 247 190 221 221 212
leaf_count=721 377 247 190 221 221 212
internal_value=-0.000756514 -0.00385762 0.00116676 0.00164146 7.21154e-05 -0.00481521
internal_weight=2189 836 1353 942 411 459
internal_count=2189 836 1353 942 411 459
is_linear=0
shrinkage=0.02


Tree=85
num_leaves=7
num_cat=0
split_feature=0 0 0 0 8 3
split_gain=32.2916 2.19593 1.73358 1.95981 1.44643 0.839378
threshold=0.55000000000000016 0.60750000000000004 0.46000000000000002 0.40750000000000008 0.59875449435983441 1.2602520756252071
decision_type=2 2 2 2 2 2
left_child=2 -2 3 -1 -4 -3
right_child=1 5 4 -5 -6 -7
leaf_value=0.0011093797344643368 -0.0020614035087719298 -0.003873112141813862 0.0013333333333333333 0.003259964321566894 -0.0010176991150442479 -0.0056998614878267856
leaf_weight=721 223 433 190 221 221 180
leaf_count=721 223 433 190 221 221 180
internal_value=-0.000751475 -0.00382984 0.0011577 0.00162847 7.21154e-05 -0.00445129
internal_weight=2189 836 1353 942 411 613
internal_count=2189 836 1353 942 411 613
is_linear=0
shrinkage=0.02


Tree=86
num_leaves=7
num_cat=0
split_feature=0 0 0 0 8 3
split_gain=31.8337 2.12749 1.70462 1.9699 1.44643 0.814186
threshold=0.55000000000000016 0.60750000000000004 0.46000000000000002 0.40750000000000008 0.59875449435983441 1.2602520756252071
decision_type=2 2 2 2 2 2
left_child=2 -2 3 -1 -4 -3
right_child=1 5 4 -5 -6 -7
leaf_value=0.0010951822938982168 -0.0020614035087719298 -0.0038448154409182131 0.0013333333333333333 0.0032509174415495546 -0.0010176991150442479 -0.0056468682128029898
leaf_weight=721 223 433 190 221 221 180
leaf_count=721 223 433 190 221 221 180
internal_value=-0.000746987 -0.00380345 0.00114861 0.00161543 7.21154e-05 -0.00441537
internal_weight=2189 836 1353 942 411 613
internal_count=2189 836 1353 942 411 613
is_linear=0
shrinkage=0.02


Tree=87
num_leaves=7
num_cat=0
split_feature=0 0 0 0 8 3
split_gain=31.3824 2.06065 1.67606 1.97944 1.44643 0.789658
threshold=0.55000000000000016 0.60750000000000004 0.46000000000000002 0.40750000000000008 0.59875449435983441 1.2602520756252071
decision_type=2 2 2 2 2 2
left_child=2 -2 3 -1 -4 -3
right_child=1 5 4 -5 -6 -7
leaf_value=0.0010811229403702846 -0.0020614035087719298 -0.0038167254851288993 0.0013333333333333333 0.0032417112905367283 -0.0010176991150442479 -0.0055943675782229455
leaf_weight=721 223 433 190 221 221 180
leaf_count=721 223 433 190 221 221 180
internal_value=-0.000742553 -0.00377727 0.00113956 0.00160245 7.21154e-05 -0.00437975
internal_weight=2189 836 1353 942 411 613
internal_count=2189 836 1353 942 411 613
is_linear=0
shrinkage=0.02


Tree=88
num_leaves=7
num_cat=0
split_feature=0 0 0 0 8 3
split_gain=30.9382 1.99538 1.64804 1.98873 1.44643 0.765777
threshold=0.55000000000000016 0.60750000000000004 0.46000000000000002 0.40750000000000008 0.59875449435983441 1.2602520756252071
decision_type=2 2 2 2 2 2
left_child=2 -2 3 -1 -4 -3
right_child=1 5 4 -5 -6 -7
leaf_value=0.0010672329177729754 -0.0020614035087719298 -0.0037888407339788468 0.0013333333333333333 0.0032325312046878108 -0.0010176991150442479 -0.0055423550799086289
leaf_weight=721 223 433 190 221 221 180
leaf_count=721 223 433 190 221 221 180
internal_value=-0.000738143 -0.00375131 0.00113061 0.00158961 7.21154e-05 -0.00434441
internal_weight=2189 836 1353 942 411 613
internal_count=2189 836 1353 942 411 613
is_linear=0
shrinkage=0.02


Tree=89
num_leaves=7
num_cat=0
split_feature=0 0 0 0 8 3
split_gain=30.5004 1.93166 1.62039 1.99794 1.44643 0.742527
threshold=0.55000000000000016 0.60750000000000004 0.46000000000000002 0.40750000000000008 0.59875449435983441 1.2602520756252071
decision_type=2 2 2 2 2 2
left_child=2 -2 3 -1 -4 -3
right_child=1 5 4 -5 -6 -7
leaf_value=0.001053417974694301 -0.0020614035087719298 -0.0037611596919085882 0.0013333333333333333 0.0032233771286179535 -0.0010176991150442479 -0.0054908261846851663
leaf_weight=721 223 433 190 221 221 180
leaf_count=721 223 433 190 221 221 180
internal_value=-0.000733786 -0.00372555 0.0011217 0.00157684 7.21154e-05 -0.00430937
internal_weight=2189 836 1353 942 411 613
internal_count=2189 836 1353 942 411 613
is_linear=0
shrinkage=0.02


Tree=90
num_leaves=7
num_cat=0
split_feature=0 0 0 0 8 8
split_gain=30.0694 1.86945 1.59322 2.00665 1.44643 0.726167
threshold=0.55000000000000016 0.60750000000000004 0.46000000000000002 0.40750000000000008 0.59875449435983441 0.64320188932338818
decision_type=2 2 2 2 2 2
left_child=2 -2 3 -1 -4 -3
right_child=1 5 4 -5 -6 -7
leaf_value=0.0010397787063867469 -0.0020614035087719298 -0.0048510700110009162 0.0013333333333333333 0.0032141285870982486 -0.0010176991150442479 -0.0032387574648453017
leaf_weight=721 223 382 190 221 221 231
leaf_count=721 223 382 190 221 221 231
internal_value=-0.000729461 -0.00370001 0.00111287 0.00156417 7.21154e-05 -0.00427461
internal_weight=2189 836 1353 942 411 613
internal_count=2189 836 1353 942 411 613
is_linear=0
shrinkage=0.02


Tree=91
num_leaves=7
num_cat=0
split_feature=0 0 0 0 8 3
split_gain=29.6473 1.80933 1.5663 2.01429 1.44643 0.714852
threshold=0.55000000000000016 0.60750000000000004 0.46000000000000002 0.40750000000000008 0.59875449435983441 1.2602520756252071
decision_type=2 2 2 2 2 2
left_child=2 -2 3 -1 -4 -3
right_child=1 5 4 -5 -6 -7
leaf_value=0.0010262926337219385 -0.0020614035087719298 -0.0037021412302369939 0.0013333333333333333 0.0032044564279834781 -0.0010176991150442479 -0.0054004265327711369
leaf_weight=721 223 433 190 221 221 180
leaf_count=721 223 433 190 221 221 180
internal_value=-0.000725306 -0.00367493 0.00110405 0.00155153 7.21154e-05 -0.00424048
internal_weight=2189 836 1353 942 411 613
internal_count=2189 836 1353 942 411 613
is_linear=0
shrinkage=0.02


Tree=92
num_leaves=7
num_cat=0
split_feature=0 0 0 0 8 8
split_gain=29.2275 1.75004 1.53963 2.02062 1.44643 0.709816
threshold=0.55000000000000016 0.60750000000000004 0.46000000000000002 0.40750000000000008 0.59875449435983441 0.64320188932338818
decision_type=2 2 2 2 2 2
left_child=2 -2 3 -1 -4 -3
right_child=1 5 4 -5 -6 -7
leaf_value=0.0010129763111703036 -0.0020614035087719298 -0.0047756941543377028 0.0013333333333333333 0.0031942475316798793 -0.0010176991150442479 -0.0031834218032279257
leaf_weight=721 223 382 190 221 221 231
leaf_count=721 223 382 190 221 221 231
internal_value=-0.000721131 -0.0036498 0.00109523 0.00153888 7.21154e-05 -0.00420628
internal_weight=2189 836 1353 942 411 613
internal_count=2189 836 1353 942 411 613
is_linear=0
shrinkage=0.02


Tree=93
num_leaves=7
num_cat=0
split_feature=0 0 0 0 8 8
split_gain=28.8153 1.69275 1.51294 2.02469 1.44643 0.694393
threshold=0.55000000000000016 0.60750000000000004 0.46000000000000002 0.40750000000000008 0.59875449435983441 0.64320188932338818
decision_type=2 2 2 2 2 2
left_child=2 -2 3 -1 -4 -3
right_child=1 5 4 -5 -6 -7
leaf_value=0.00099983275912897082 -0.0020614035087719298 -0.0047362051961957951 0.0013333333333333333 0.0031830110723993421 -0.0010176991150442479 -0.0031602205866474217
leaf_weight=721 223 382 190 221 221 231
leaf_count=721 223 382 190 221 221 231
internal_value=-0.000717176 -0.00362512 0.00108633 0.00152612 7.21154e-05 -0.00417269
internal_weight=2189 836 1353 942 411 613
internal_count=2189 836 1353 942 411 613
is_linear=0
shrinkage=0.02


Tree=94
num_leaves=7
num_cat=0
split_feature=5 5 3 5 8 6
split_gain=11.8763 2.15852 1.99154 1.82112 1.47655 1.08443
threshold=0.030000000000000002 -0.040000000000000001 -0.57735026918963528 0.13999999999999996 0.57551116111238565 6.8610619149350596
decision_type=2 2 2 2 2 2
left_child=1 5 -3 4 -2 -1
right_child=3 2 -4 -5 -6 -7
leaf_value=0.0017611704509709212 -0.00039627490478141283 -0.0023435647474841837 0.00037786689405358814 -0.0036320909927873052 -0.0025142371133376989 0.00027943179689649212
leaf_weight=472 209 158 313 335 361 341
leaf_count=472 209 158 313 335 361 341
internal_value=-0.00071331 0.000523601 -0.000550083 -0.00246146 -0.00174785 0.00114519
internal_weight=2189 1284 471 905 570 813
internal_count=2189 1284 471 905 570 813
is_linear=0
shrinkage=0.02


Tree=95
num_leaves=7
num_cat=0
split_feature=0 0 0 0 8 8
split_gain=28.1263 1.5996 1.46654 2.04006 1.44643 0.682828
threshold=0.55000000000000016 0.60750000000000004 0.46000000000000002 0.40750000000000008 0.59875449435983441 0.64320188932338818
decision_type=2 2 2 2 2 2
left_child=2 -2 3 -1 -4 -3
right_child=1 5 4 -5 -6 -7
leaf_value=0.00097566438212505849 -0.0020614035087719298 -0.0046751509926423861 0.0013333333333333333 0.0031665472040134195 -0.0010176991150442479 -0.0031142143248501469
leaf_weight=721 223 382 190 221 221 231
leaf_count=721 223 382 190 221 221 231
internal_value=-0.000711151 -0.00358411 0.00107067 0.00150367 7.21154e-05 -0.00411689
internal_weight=2189 836 1353 942 411 613
internal_count=2189 836 1353 942 411 613
is_linear=0
shrinkage=0.02


Tree=96
num_leaves=7
num_cat=0
split_feature=0 0 0 0 3 6
split_gain=27.7297 1.54592 1.44085 2.04168 1.36264 0.675761
threshold=0.55000000000000016 0.60750000000000004 0.46000000000000002 0.40750000000000008 -0.53452248382484868 6.7616769289743024
decision_type=2 2 2 2 2 2
left_child=2 -2 3 -1 -4 -3
right_child=1 5 4 -5 -6 -7
leaf_value=0.00096300120344712623 -0.0020614035087719298 -0.0047335801382510983 -0.0014193548387096775 0.0031544975553993632 0.00093984962406015032 -0.003220771101445914
leaf_weight=721 223 337 150 221 261 276
leaf_count=721 223 337 150 221 261 276
internal_value=-0.000707323 -0.00355995 0.0010619 0.00149108 7.21154e-05 -0.00408401
internal_weight=2189 836 1353 942 411 613
internal_count=2189 836 1353 942 411 613
is_linear=0
shrinkage=0.02


Tree=97
num_leaves=7
num_cat=0
split_feature=5 5 3 5 8 4
split_gain=11.2599 2.06616 1.98266 1.65972 1.47071 1.04868
threshold=0.030000000000000002 -0.040000000000000001 -0.57735026918963528 0.13999999999999996 0.57551116111238565 0.040311288741492778
decision_type=2 2 2 2 2 2
left_child=1 5 -3 4 -2 -1
right_child=3 2 -4 -5 -6 -7
leaf_value=0.0016255095081921312 -0.00037536095793002121 -0.0023391599989741859 0.00037620507965578978 -0.0035242213817203746 -0.0024885062832649941 0.00011411559238229273
leaf_weight=533 209 158 313 335 361 280
leaf_count=533 209 158 313 335 361 280
internal_value=-0.000703719 0.000500696 -0.000549685 -0.00240589 -0.00172369 0.00110886
internal_weight=2189 1284 471 905 570 813
internal_count=2189 1284 471 905 570 813
is_linear=0
shrinkage=0.02


Tree=98
num_leaves=7
num_cat=0
split_feature=0 0 0 0 8 6
split_gain=27.0769 1.45985 1.39713 2.05917 1.44643 0.672506
threshold=0.55000000000000016 0.60750000000000004 0.46000000000000002 0.40750000000000008 0.59875449435983441 6.7616769289743024
decision_type=2 2 2 2 2 2
left_child=2 -2 3 -1 -4 -3
right_child=1 5 4 -5 -6 -7
leaf_value=0.00093934206293636718 -0.0020614035087719298 -0.0046767633125098821 0.0013333333333333333 0.0031396567056664322 -0.0010176991150442479 -0.0031714086664104803
leaf_weight=721 223 337 190 221 221 276
leaf_count=721 223 337 190 221 221 276
internal_value=-0.000701501 -0.00352036 0.00104678 0.0014694 7.21154e-05 -0.00403013
internal_weight=2189 836 1353 942 411 613
internal_count=2189 836 1353 942 411 613
is_linear=0
shrinkage=0.02


Tree=99
num_leaves=7
num_cat=0
split_feature=0 0 0 0 8 8
split_gain=26.6993 1.41051 1.37214 2.05769 1.44643 0.671558
threshold=0.55000000000000016 0.60750000000000004 0.46000000000000002 0.40750000000000008 0.59875449435983441 0.64320188932338818
decision_type=2 2 2 2 2 2
left_child=2 -2 3 -1 -4 -3
right_child=1 5 4 -5 -6 -7
leaf_value=0.00092710215919048172 -0.0020614035087719298 -0.0045500326865095192 0.0013333333333333333 0.0031263963627604259 -0.0010176991150442479 -0.0030094872010966479
leaf_weight=721 223 382 190 221 221 231
leaf_count=721 223 382 190 221 221 231
internal_value=-0.000698022 -0.00349715 0.00103803 0.00145686 7.21154e-05 -0.00399855
internal_weight=2189 836 1353 942 411 613
internal_count=2189 836 1353 942 411 613
is_linear=0
shrinkage=0.02


Tree=100
num_leaves=7
num_cat=0
split_feature=0 0 0 0 8 6
split_gain=26.3196 1.36122 1.34728 2.05461 1.44643 0.671965
threshold=0.55000000000000016 0.60750000000000004 0.46000000000000002 0.40750000000000008 0.59875449435983441 6.7616769289743024
decision_type=2 2 2 2 2 2
left_child=2 -2 3 -1 -4 -3
right_child=1 5 4 -5 -6 -7
leaf_value=0.00091502174128939924 -0.0020614035087719298 -0.0046109356517680207 0.0013333333333333333 0.0031124473330193915 -0.0010176991150442479 -0.0031114963556099617
leaf_weight=721 223 337 190 221 221 276
leaf_count=721 223 337 190 221 221 276
internal_value=-0.000694417 -0.00347357 0.00102925 0.00144426 7.21154e-05 -0.00396646
internal_weight=2189 836 1353 942 411 613
internal_count=2189 836 1353 942 411 613
is_linear=0
shrinkage=0.02


Tree=101
num_leaves=7
num_cat=0
split_feature=0 0 0 8 0 6
split_gain=25.9479 1.32271 2.05051 1.44643 1.31365 0.66338
threshold=0.55000000000000016 0.46000000000000002 0.40750000000000008 0.59875449435983441 0.60750000000000004 6.7616769289743024
decision_type=2 2 2 2 2 2
left_child=1 2 -1 -3 -2 -6
right_child=4 3 -4 -5 5 -7
leaf_value=0.00090309870525868735 -0.0020614035087719298 0.0013333333333333333 0.0030981245900677367 -0.0010176991150442479 -0.0045751206446112249 -0.0030858071227939103
leaf_weight=721 223 190 221 221 337 276
leaf_count=721 223 190 221 221 337 276
internal_value=-0.000690965 0.00102049 0.00143171 7.21154e-05 -0.00345042 -0.00393496
internal_weight=2189 1353 942 411 836 613
internal_count=2189 1353 942 411 836 613
is_linear=0
shrinkage=0.02


Tree=102
num_leaves=7
num_cat=0
split_feature=0 0 0 8 0 8
split_gain=25.5785 1.29858 2.04601 1.44643 1.26668 0.654818
threshold=0.55000000000000016 0.46000000000000002 0.40750000000000008 0.59875449435983441 0.60750000000000004 0.64320188932338818
decision_type=2 2 2 2 2 2
left_child=1 2 -1 -3 -2 -6
right_child=4 3 -4 -5 5 -7
leaf_value=0.00089133107907731423 -0.0020614035087719298 0.0013333333333333333 0.0030837440991823653 -0.0010176991150442479 -0.0044467507468329542 -0.0029294693697307066
leaf_weight=721 223 190 221 221 382 231
leaf_count=721 223 190 221 221 382 231
internal_value=-0.000687427 0.00101181 0.00141925 7.21154e-05 -0.00342717 -0.00390331
internal_weight=2189 1353 942 411 836 613
internal_count=2189 1353 942 411 836 613
is_linear=0
shrinkage=0.02


Tree=103
num_leaves=7
num_cat=0
split_feature=0 0 0 8 0 6
split_gain=25.1993 1.27463 2.04017 1.44643 1.21841 0.657501
threshold=0.55000000000000016 0.46000000000000002 0.40750000000000008 0.59875449435983441 0.60750000000000004 6.7616769289743024
decision_type=2 2 2 2 2 2
left_child=1 2 -1 -3 -2 -6
right_child=4 3 -4 -5 5 -7
leaf_value=0.00087971670201757656 -0.0020614035087719298 0.0013333333333333333 0.0030688017000139291 -0.0010176991150442479 -0.0045060981295959295 -0.0030273963357205919
leaf_weight=721 223 190 221 221 337 276
leaf_count=721 223 190 221 221 337 276
internal_value=-0.000683482 0.00100311 0.00140678 7.21154e-05 -0.00340283 -0.0038702
internal_weight=2189 1353 942 411 836 613
internal_count=2189 1353 942 411 836 613
is_linear=0
shrinkage=0.02


Tree=104
num_leaves=7
num_cat=0
split_feature=0 0 0 8 0 3
split_gain=24.8196 1.25053 2.03154 1.44643 1.17978 0.806859
threshold=0.55000000000000016 0.46000000000000002 0.40750000000000008 0.59875449435983441 0.58750000000000002 1.2602520756252071
decision_type=2 2 2 2 2 2
left_child=1 2 -1 -3 -2 -6
right_child=4 3 -4 -5 5 -7
leaf_value=0.00086825378324061043 -0.0017088607594936708 0.0013333333333333333 0.0030525273216509188 -0.0010176991150442479 -0.0032311625775652531 -0.0048911771476268769
leaf_weight=721 153 190 221 221 488 195
leaf_count=721 153 190 221 221 488 195
internal_value=-0.000679569 0.000994274 0.00139411 7.21154e-05 -0.00337836 -0.00373721
internal_weight=2189 1353 942 411 836 683
internal_count=2189 1353 942 411 836 683
is_linear=0
shrinkage=0.02


Tree=105
num_leaves=7
num_cat=0
split_feature=0 3 5 8 0 3
split_gain=24.4391 1.25335 1.77722 1.71647 1.14275 0.780834
threshold=0.55000000000000016 -0.65184896033616979 -0.042500000000000003 0.57962726252140151 0.58750000000000002 1.2602520756252071
decision_type=2 2 2 2 2 2
left_child=1 2 -1 -3 -2 -6
right_child=4 3 -4 -5 5 -7
leaf_value=0.00098161045218885423 -0.0017088607594936708 0.0027286757660929012 -0.0013617952467675982 0.00073148500706972277 -0.0032082513790827011 -0.0048436819642782214
leaf_weight=464 153 291 174 424 488 195
leaf_count=464 153 291 174 424 488 195
internal_value=-0.000675613 0.000985353 0.00033688 0.00155763 -0.00335363 -0.00370698
internal_weight=2189 1353 638 715 836 683
internal_count=2189 1353 638 715 836 683
is_linear=0
shrinkage=0.02


Tree=106
num_leaves=7
num_cat=0
split_feature=0 3 5 8 0 3
split_gain=24.0588 1.24593 1.75355 1.68942 1.10625 0.754976
threshold=0.55000000000000016 -0.65184896033616979 -0.042500000000000003 0.57962726252140151 0.58750000000000002 1.2602520756252071
decision_type=2 2 2 2 2 2
left_child=1 2 -1 -3 -2 -6
right_child=4 3 -4 -5 5 -7
leaf_value=0.00097018278872610124 -0.0017088607594936708 0.0027085794361207532 -0.0013575348849070139 0.00072715408043430617 -0.0031853617023502841 -0.0047959953039884567
leaf_weight=464 153 291 174 424 488 195
leaf_count=464 153 291 174 424 488 195
internal_value=-0.000671776 0.000976219 0.000329731 0.00154679 -0.00332887 -0.00367672
internal_weight=2189 1353 638 715 836 683
internal_count=2189 1353 638 715 836 683
is_linear=0
shrinkage=0.02


Tree=107
num_leaves=7
num_cat=0
split_feature=0 3 5 8 0 8
split_gain=23.6803 1.23846 1.73025 1.66283 1.07006 0.749699
threshold=0.55000000000000016 -0.65184896033616979 -0.042500000000000003 0.57962726252140151 0.58750000000000002 0.63387932992119733
decision_type=2 2 2 2 2 2
left_child=1 2 -1 -3 -2 -6
right_child=4 3 -4 -5 5 -7
leaf_value=0.00095888810654256196 -0.0017088607594936708 0.0026886311173439027 -0.0013532878458499909 0.00072282769553914732 -0.0042235991242455277 -0.0027453490428284285
leaf_weight=464 153 291 174 424 405 278
leaf_count=464 153 291 174 424 405 278
internal_value=-0.000667822 0.000967163 0.000322675 0.00153601 -0.00330394 -0.00364623
internal_weight=2189 1353 638 715 836 683
internal_count=2189 1353 638 715 836 683
is_linear=0
shrinkage=0.02


Tree=108
num_leaves=7
num_cat=0
split_feature=0 0 0 8 0 8
split_gain=23.3065 1.15447 2.07015 1.44643 1.03456 0.731253
threshold=0.55000000000000016 0.46000000000000002 0.40750000000000008 0.59875449435983441 0.58750000000000002 0.63387932992119733
decision_type=2 2 2 2 2 2
left_child=1 2 -1 -3 -2 -6
right_child=4 3 -4 -5 5 -7
leaf_value=0.00081214683476582767 -0.0017088607594936708 0.0013333333333333333 0.0030159077470281481 -0.0010176991150442479 -0.0041863871754669567 -0.0027253569246602142
leaf_weight=721 153 190 221 221 405 278
leaf_count=721 153 190 221 221 405 278
internal_value=-0.000663847 0.000958184 0.00134236 7.21154e-05 -0.00327907 -0.00361584
internal_weight=2189 1353 942 411 836 683
internal_count=2189 1353 942 411 836 683
is_linear=0
shrinkage=0.02


Tree=109
num_leaves=7
num_cat=0
split_feature=0 3 5 9 0 3
split_gain=22.9376 1.2345 1.69602 1.47604 0.999309 0.708686
threshold=0.55000000000000016 -0.65184896033616979 -0.042500000000000003 0.17127190556432723 0.58750000000000002 1.2602520756252071
decision_type=2 2 2 2 2 2
left_child=1 2 -1 -3 -2 -6
right_child=4 3 -4 -5 5 -7
leaf_value=0.00093629658741110791 -0.0017088607594936708 0.0023609138700696084 -0.001352826038052916 0.00053483501040983868 -0.0031084051915646568 -0.0046707118332386015
leaf_weight=464 153 381 174 334 488 195
leaf_count=464 153 381 174 334 488 195
internal_value=-0.000659525 0.000949624 0.000306325 0.00151753 -0.00325397 -0.00358515
internal_weight=2189 1353 638 715 836 683
internal_count=2189 1353 638 715 836 683
is_linear=0
shrinkage=0.02


Tree=110
num_leaves=7
num_cat=0
split_feature=0 3 5 8 0 8
split_gain=22.5572 1.22708 1.67363 1.62734 0.963138 0.708444
threshold=0.55000000000000016 -0.65184896033616979 -0.042500000000000003 0.57962726252140151 0.58750000000000002 0.63387932992119733
decision_type=2 2 2 2 2 2
left_child=1 2 -1 -3 -2 -6
right_child=4 3 -4 -5 5 -7
leaf_value=0.00092534377288295709 -0.0017088607594936708 0.0026471839128754328 -0.0013485937369935338 0.00070274628428546916 -0.0041145729698785919 -0.002676939939020379
leaf_weight=464 153 291 174 424 405 278
leaf_count=464 153 291 174 424 405 278
internal_value=-0.00065493 0.000940819 0.000299515 0.00150701 -0.00322776 -0.00355312
internal_weight=2189 1353 638 715 836 683
internal_count=2189 1353 638 715 836 683
is_linear=0
shrinkage=0.02


Tree=111
num_leaves=7
num_cat=0
split_feature=0 3 5 8 0 8
split_gain=22.1793 1.21925 1.65147 1.60131 0.927644 0.689
threshold=0.55000000000000016 -0.65184896033616979 -0.042500000000000003 0.57962726252140151 0.58750000000000002 0.63387932992119733
decision_type=2 2 2 2 2 2
left_child=1 2 -1 -3 -2 -6
right_child=4 3 -4 -5 5 -7
leaf_value=0.00091443439826556939 -0.0017088607594936708 0.0026273300300817936 -0.0013443746655013974 0.00069847841596226516 -0.0040752054292981215 -0.0026561821159962629
leaf_weight=464 153 291 174 424 405 278
leaf_count=464 153 291 174 424 405 278
internal_value=-0.000650397 0.000931932 0.000292732 0.0014963 -0.00320159 -0.00352112
internal_weight=2189 1353 638 715 836 683
internal_count=2189 1353 638 715 836 683
is_linear=0
shrinkage=0.02


Tree=112
num_leaves=7
num_cat=0
split_feature=0 3 5 8 0 8
split_gain=21.7958 1.21128 1.62978 1.57507 0.891804 0.668259
threshold=0.55000000000000016 -0.65184896033616979 -0.042500000000000003 0.57962726252140151 0.58750000000000002 0.63387932992119733
decision_type=2 2 2 2 2 2
left_child=1 2 -1 -3 -2 -6
right_child=4 3 -4 -5 5 -7
leaf_value=0.00090355474015584654 -0.0017088607594936708 0.0026072117563524294 -0.0013403492158684653 0.00069419575045384587 -0.0040343574358195798 -0.0026353456064163584
leaf_weight=464 153 291 174 424 405 278
leaf_count=464 153 291 174 424 405 278
internal_value=-0.000645624 0.000922967 0.000285917 0.00148548 -0.00317466 -0.00348821
internal_weight=2189 1353 638 715 836 683
internal_count=2189 1353 638 715 836 683
is_linear=0
shrinkage=0.02


Tree=113
num_leaves=7
num_cat=0
split_feature=0 6 13 1 0 8
split_gain=21.4124 1.06989 1.70004 1.16642 0.856251 0.647399
threshold=0.55000000000000016 6.8610619149350596 -0.081266600300271011 -1.0000000180025095e-35 0.58750000000000002 0.63387932992119733
decision_type=2 2 8 2 2 2
left_child=1 2 -1 -3 -2 -6
right_child=4 3 -4 -5 5 -7
leaf_value=1.4349150286574307e-05 -0.0017088607594936708 -0.00036597367543158416 0.0019949182952384015 0.0016298435423188582 -0.0039929804591144003 -0.0026143768735150986
leaf_weight=252 153 388 551 162 405 278
leaf_count=252 153 388 551 162 405 278
internal_value=-0.000640735 0.000914005 0.0013773 0.000231272 -0.00314743 -0.00345493
internal_weight=2189 1353 803 550 836 683
internal_count=2189 1353 803 550 836 683
is_linear=0
shrinkage=0.02


Tree=114
num_leaves=7
num_cat=0
split_feature=0 3 5 8 0 3
split_gain=21.04 1.20292 1.60035 1.54582 0.820336 0.643933
threshold=0.55000000000000016 -0.65184896033616979 -0.042500000000000003 0.57962726252140151 0.58750000000000002 1.2602520756252071
decision_type=2 2 2 2 2 2
left_child=1 2 -1 -3 -2 -6
right_child=4 3 -4 -5 5 -7
leaf_value=0.00088397733185059028 -0.0017088607594936708 0.002578375341049773 -0.0013395190813354941 0.00068330332849582875 -0.0029660835360416776 -0.0044555614992976191
leaf_weight=464 153 291 174 424 488 195
leaf_count=464 153 291 174 424 488 195
internal_value=-0.000634569 0.000906589 0.000271869 0.00146713 -0.00311937 -0.00342063
internal_weight=2189 1353 638 715 836 683
internal_count=2189 1353 638 715 836 683
is_linear=0
shrinkage=0.02


Tree=115
num_leaves=7
num_cat=0
split_feature=0 3 5 8 0 8
split_gain=20.6447 1.19467 1.57974 1.52029 0.783829 0.619206
threshold=0.55000000000000016 -0.65184896033616979 -0.042500000000000003 0.57962726252140151 0.58750000000000002 0.63387932992119733
decision_type=2 2 2 2 2 2
left_child=1 2 -1 -3 -2 -6
right_child=4 3 -4 -5 5 -7
leaf_value=0.00087342231357688592 -0.0017088607594936708 0.0025583652889267922 -0.0013356863470050876 0.00067897964740011379 -0.0039113651208761268 -0.0025626557149229963
leaf_weight=464 153 291 174 424 405 278
leaf_count=464 153 291 174 424 405 278
internal_value=-0.00062889 0.000897721 0.000265237 0.00145633 -0.00309024 -0.00338502
internal_weight=2189 1353 638 715 836 683
internal_count=2189 1353 638 715 836 683
is_linear=0
shrinkage=0.02


Tree=116
num_leaves=7
num_cat=0
split_feature=0 3 5 9 0 3
split_gain=20.2503 1.18647 1.55956 1.41388 0.747704 0.60785
threshold=0.55000000000000016 -0.65184896033616979 -0.042500000000000003 0.17127190556432723 0.58750000000000002 1.2602520756252071
decision_type=2 2 2 2 2 2
left_child=1 2 -1 -3 -2 -6
right_child=4 3 -4 -5 5 -7
leaf_value=0.0008629739334953747 -0.0017088607594936708 0.0022708842805417863 -0.0013319553851082338 0.00048456050576449846 -0.0029065879713932835 -0.0043557892665266988
leaf_weight=464 153 381 174 334 488 195
leaf_count=464 153 381 174 334 488 195
internal_value=-0.000623046 0.000888912 0.000258654 0.00144559 -0.00306077 -0.00334899
internal_weight=2189 1353 638 715 836 683
internal_count=2189 1353 638 715 836 683
is_linear=0
shrinkage=0.02


Tree=117
num_leaves=7
num_cat=0
split_feature=0 3 5 9 0 3
split_gain=19.8512 1.17859 1.5397 1.39185 0.711284 0.581122
threshold=0.55000000000000016 -0.65184896033616979 -0.042500000000000003 0.17127190556432723 0.58750000000000002 1.2602520756252071
decision_type=2 2 2 2 2 2
left_child=1 2 -1 -3 -2 -6
right_child=4 3 -4 -5 5 -7
leaf_value=0.00085259621970847977 -0.0017088607594936708 0.0022538698041676473 -0.001328292552319319 0.00048150162822443299 -0.0028781151154945641 -0.0042981163382530213
leaf_weight=464 153 381 174 334 488 195
leaf_count=464 153 381 174 334 488 195
internal_value=-0.000616777 0.000880211 0.000252105 0.00143503 -0.00303036 -0.00331182
internal_weight=2189 1353 638 715 836 683
internal_count=2189 1353 638 715 836 683
is_linear=0
shrinkage=0.02


Tree=118
num_leaves=7
num_cat=0
split_feature=0 3 5 8 4 8
split_gain=19.4508 1.17061 1.52028 1.48186 0.691378 0.697794
threshold=0.55000000000000016 -0.65184896033616979 -0.042500000000000003 0.57962726252140151 0.022360679774997932 0.64128467094245922
decision_type=2 2 2 2 2 2
left_child=1 2 -1 -3 -2 -6
right_child=4 3 -4 -5 5 -7
leaf_value=0.00084234319945006991 -0.0037837861677643596 0.0025124087521485434 -0.0013247306545020481 0.00065721920880300181 -0.003115691992471803 -0.0015689097528588281
leaf_weight=464 309 291 174 424 313 214
leaf_count=464 309 291 174 424 313 214
internal_value=-0.000610273 0.000871541 0.000245618 0.00142447 -0.00299939 -0.00250824
internal_weight=2189 1353 638 715 836 527
internal_count=2189 1353 638 715 836 527
is_linear=0
shrinkage=0.02


Tree=119
num_leaves=7
num_cat=0
split_feature=0 3 5 8 4 8
split_gain=19.076 1.1622 1.50118 1.45687 0.679023 0.678526
threshold=0.55000000000000016 -0.65184896033616979 -0.042500000000000003 0.57962726252140151 0.022360679774997932 0.64128467094245922
decision_type=2 2 2 2 2 2
left_child=1 2 -1 -3 -2 -6
right_child=4 3 -4 -5 5 -7
leaf_value=0.00083221357361451271 -0.0037479122514557689 0.0024925024321202876 -0.001321178297590277 0.00065299092755068979 -0.0030830996610083671 -0.0015571679589955229
leaf_weight=464 309 291 174 424 313 214
leaf_count=464 309 291 174 424 313 214
internal_value=-0.00060463 0.000862836 0.000239218 0.00141377 -0.00297062 -0.00248392
internal_weight=2189 1353 638 715 836 527
internal_count=2189 1353 638 715 836 527
is_linear=0
shrinkage=0.02


Tree=120
num_leaves=7
num_cat=0
split_feature=0 3 5 8 2 0
split_gain=18.7015 1.1536 1.48237 1.4319 0.657528 1.47407
threshold=0.55000000000000016 -0.65184896033616979 -0.042500000000000003 0.57962726252140151 0.033628304294860141 0.60750000000000004
decision_type=2 2 2 2 2 2
left_child=1 2 -1 -3 -2 -6
right_child=4 3 -4 -5 5 -7
leaf_value=0.0008222056558725041 -0.0040378526336859663 0.0024725002559952791 -0.0013176354774216701 0.00064878893833789791 -0.0008330849462594742 -0.0031202207541181927
leaf_weight=464 186 291 174 424 151 499
leaf_count=464 186 291 174 424 151 499
internal_value=-0.000598831 0.000854159 0.000232905 0.00140304 -0.00294148 -0.00259932
internal_weight=2189 1353 638 715 836 650
internal_count=2189 1353 638 715 836 650
is_linear=0
shrinkage=0.02


Tree=121
num_leaves=7
num_cat=0
split_feature=0 3 5 8 2 0
split_gain=18.3064 1.14487 1.46386 1.40718 0.667931 1.41816
threshold=0.55000000000000016 -0.65184896033616979 -0.042500000000000003 0.57962726252140151 0.033628304294860141 0.60750000000000004
decision_type=2 2 2 2 2 2
left_child=1 2 -1 -3 -2 -6
right_child=4 3 -4 -5 5 -7
leaf_value=0.00081231822392770225 -0.0040122516461067797 0.0024525127159997924 -0.0013141021673572794 0.00064458466045957897 -0.00083297813932100943 -0.0030771117882123066
leaf_weight=464 186 291 174 424 151 499
leaf_count=464 186 291 174 424 151 499
internal_value=-0.000592035 0.000845525 0.000226676 0.00139232 -0.00290981 -0.00256612
internal_weight=2189 1353 638 715 836 650
internal_count=2189 1353 638 715 836 650
is_linear=0
shrinkage=0.02


Tree=122
num_leaves=7
num_cat=0
split_feature=0 3 5 8 2 0
split_gain=17.9143 1.13604 1.44564 1.38268 0.677697 1.36326
threshold=0.55000000000000016 -0.65184896033616979 -0.042500000000000003 0.57962726252140151 0.033628304294860141 0.60750000000000004
decision_type=2 2 2 2 2 2
left_child=1 2 -1 -3 -2 -6
right_child=4 3 -4 -5 5 -7
leaf_value=0.00080254960274482687 -0.0039859851274190771 0.0024325500323273542 -0.0013105783182815467 0.00064039902761578557 -0.00083287134766578679 -0.0030339452831281556
leaf_weight=464 186 291 174 424 151 499
leaf_count=464 186 291 174 424 151 499
internal_value=-0.000585137 0.000836943 0.000220532 0.00138162 -0.00287795 -0.00253288
internal_weight=2189 1353 638 715 836 650
internal_count=2189 1353 638 715 836 650
is_linear=0
shrinkage=0.02


Tree=123
num_leaves=7
num_cat=0
split_feature=0 3 8 6 2 0
split_gain=17.5256 1.12726 1.35849 1.08337 0.685554 1.30988
threshold=0.55000000000000016 -0.65184896033616979 0.57962726252140151 7.0432341202032038 0.033628304294860141 0.60750000000000004
decision_type=2 2 2 2 2 2
left_child=1 3 -3 -1 -2 -6
right_child=4 2 -4 -5 5 -7
leaf_value=0.0007298218396132245 -0.0039582083581005722 0.0024126623004888863 0.00063621928090433694 -0.0010812843164328385 -0.00083276456747299584 -0.0029911387776808134
leaf_weight=458 186 291 424 180 151 499
leaf_count=458 186 291 424 180 151 499
internal_value=-0.000578171 0.000828392 0.00137095 0.000214417 -0.00284597 -0.00249992
internal_weight=2189 1353 715 638 836 650
internal_count=2189 1353 715 638 836 650
is_linear=0
shrinkage=0.02


Tree=124
num_leaves=7
num_cat=0
split_feature=0 6 13 1 2 0
split_gain=17.155 1.01316 1.59676 1.19807 0.691543 1.25765
threshold=0.55000000000000016 6.8610619149350596 -0.081266600300271011 -1.0000000180025095e-35 0.033628304294860141 0.60750000000000004
decision_type=2 2 8 2 2 2
left_child=1 2 -1 -3 -2 -6
right_child=4 3 -4 -5 5 -7
leaf_value=-4.7266571438266143e-05 -0.0039287448413084939 -0.000446528944829076 0.0018710010067146043 0.0015758712812812029 -0.00083265780256344723 -0.0029484071499771541
leaf_weight=252 186 388 551 162 151 499
leaf_count=252 186 388 551 162 151 499
internal_value=-0.000569949 0.00082166 0.00127244 0.00015799 -0.00281365 -0.00246701
internal_weight=2189 1353 803 550 836 650
internal_count=2189 1353 803 550 836 650
is_linear=0
shrinkage=0.02


Tree=125
num_leaves=7
num_cat=0
split_feature=0 6 13 1 2 0
split_gain=16.7892 0.988583 1.56624 1.18648 0.696566 1.20706
threshold=0.55000000000000016 6.8610619149350596 -0.081266600300271011 -1.0000000180025095e-35 0.033628304294860141 0.60750000000000004
decision_type=2 2 8 2 2 2
left_child=1 2 -1 -3 -2 -6
right_child=4 3 -4 -5 5 -7
leaf_value=-4.6931843813291323e-05 -0.0038987966357725452 -0.00044239189927217386 0.0018529156722980986 0.0015702094628425416 -0.00083255105293714073 -0.0029061700385950863
leaf_weight=252 186 388 551 162 151 499
leaf_count=252 186 388 551 162 151 499
internal_value=-0.000561866 0.000814819 0.0012601 0.000159216 -0.00278152 -0.00243448
internal_weight=2189 1353 803 550 836 650
internal_count=2189 1353 803 550 836 650
is_linear=0
shrinkage=0.02


Tree=126
num_leaves=7
num_cat=0
split_feature=0 3 5 9 2 0
split_gain=16.4291 1.10743 1.41044 1.31255 0.701131 1.15788
threshold=0.55000000000000016 -0.65184896033616979 -0.042500000000000003 0.17127190556432723 0.033628304294860141 0.60750000000000004
decision_type=2 2 2 2 2 2
left_child=1 2 -1 -3 -2 -6
right_child=4 3 -4 -5 5 -7
leaf_value=0.00077459602414179588 -0.0038686993796163828 0.0021407759953438006 -0.0013125751063477395 0.00042068656904837204 -0.00083244431477326616 -0.0028642488738137577
leaf_weight=464 186 381 174 334 151 499
leaf_count=464 186 381 174 334 151 499
internal_value=-0.000553818 0.000808017 0.000199587 0.00134577 -0.00274954 -0.0024022
internal_weight=2189 1353 638 715 836 650
internal_count=2189 1353 638 715 836 650
is_linear=0
shrinkage=0.02


Tree=127
num_leaves=7
num_cat=0
split_feature=0 3 5 8 2 0
split_gain=16.0568 1.09856 1.39321 1.32161 0.704251 1.10996
threshold=0.55000000000000016 -0.65184896033616979 -0.042500000000000003 0.57962726252140151 0.033628304294860141 0.60750000000000004
decision_type=2 2 2 2 2 2
left_child=1 2 -1 -3 -2 -6
right_child=4 3 -4 -5 5 -7
leaf_value=0.00076516318104184191 -0.0038374537635224026 0.0023625421179364111 -0.0013092020029129262 0.00061075459377696881 -0.0008323375918926337 -0.0028225492354896332
leaf_weight=464 186 291 174 424 151 499
leaf_count=464 186 291 174 424 151 499
internal_value=-0.000546729 0.000799588 0.000193646 0.00133518 -0.00271744 -0.00237009
internal_weight=2189 1353 638 715 836 650
internal_count=2189 1353 638 715 836 650
is_linear=0
shrinkage=0.02


Tree=128
num_leaves=7
num_cat=0
split_feature=0 3 5 8 2 0
split_gain=15.6874 1.08952 1.37619 1.29761 0.705892 1.06326
threshold=0.55000000000000016 -0.65184896033616979 -0.042500000000000003 0.57962726252140151 0.033628304294860141 0.60750000000000004
decision_type=2 2 2 2 2 2
left_child=1 2 -1 -3 -2 -6
right_child=4 3 -4 -5 5 -7
leaf_value=0.00075579848835991427 -0.003805007973578588 0.0023425245084925683 -0.0013058375596334149 0.00060668288205808899 -0.00083223088047443283 -0.0027810445079018199
leaf_weight=464 186 291 174 424 151 499
leaf_count=464 186 291 174 424 151 499
internal_value=-0.000539586 0.000791148 0.000187752 0.00132452 -0.00268517 -0.00233813
internal_weight=2189 1353 638 715 836 650
internal_count=2189 1353 638 715 836 650
is_linear=0
shrinkage=0.02


Tree=129
num_leaves=7
num_cat=0
split_feature=0 3 5 9 2 0
split_gain=15.3243 1.08043 1.35937 1.27734 0.70669 1.01808
threshold=0.55000000000000016 -0.65184896033616979 -0.042500000000000003 0.17127190556432723 0.033628304294860141 0.60750000000000004
decision_type=2 2 2 2 2 2
left_child=1 2 -1 -3 -2 -6
right_child=4 3 -4 -5 5 -7
leaf_value=0.00074650698601067672 -0.0037721927346983505 0.0020981038526096262 -0.0013024817864988104 0.00040153479357428609 -0.00083212418433947441 -0.0027400231970444561
leaf_weight=464 186 381 174 334 151 499
leaf_count=464 186 381 174 334 151 499
internal_value=-0.000532505 0.000782736 0.000181909 0.00131387 -0.00265312 -0.00230654
internal_weight=2189 1353 638 715 836 650
internal_count=2189 1353 638 715 836 650
is_linear=0
shrinkage=0.02


Tree=130
num_leaves=7
num_cat=0
split_feature=0 3 5 8 2 0
split_gain=14.9676 1.07154 1.3428 1.26677 0.706548 0.974327
threshold=0.55000000000000016 -0.65184896033616979 -0.042500000000000003 0.57962726252140151 0.033628304294860141 0.60750000000000004
decision_type=2 2 2 2 2 2
left_child=1 2 -1 -3 -2 -6
right_child=4 3 -4 -5 5 -7
leaf_value=0.00073730695578645711 -0.0037388599230980995 0.0023091842645678569 -0.0012991346293987507 0.00059420506286463049 -0.00083201750348775821 -0.002699418378964303
leaf_weight=464 186 291 174 424 151 499
leaf_count=464 186 291 174 424 151 499
internal_value=-0.000525405 0.000774436 0.00017613 0.00130338 -0.00262119 -0.00227527
internal_weight=2189 1353 638 715 836 650
internal_count=2189 1353 638 715 836 650
is_linear=0
shrinkage=0.02


Tree=131
num_leaves=7
num_cat=0
split_feature=0 3 5 9 2 2
split_gain=14.613 1.06248 1.32648 1.24901 0.703882 0.951631
threshold=0.55000000000000016 -0.65184896033616979 -0.042500000000000003 0.17127190556432723 0.033628304294860141 0.055533288838989975
decision_type=2 2 2 2 2 2
left_child=1 2 -1 -3 -2 -6
right_child=4 3 -4 -5 5 -7
leaf_value=0.00072822031275833899 -0.0037034668176586091 0.002068321101869326 -0.0012957960658566245 0.00039080694897490441 -0.0013252081218319881 -0.002908613879154337
leaf_weight=464 186 381 174 334 279 371
leaf_count=464 186 381 174 334 279 371
internal_value=-0.000518194 0.000766159 0.000170432 0.00129285 -0.00258901 -0.00224427
internal_weight=2189 1353 638 715 836 650
internal_count=2189 1353 638 715 836 650
is_linear=0
shrinkage=0.02


Tree=132
num_leaves=7
num_cat=0
split_feature=5 8 11 11 4 9
split_gain=4.883 1.45465 2.62162 1.7745 0.906619 1.01554
threshold=-0.040000000000000001 0.57051972402662965 0.52805577372935819 -0.25498871422459274 0.040311288741492778 0.83277673940762009
decision_type=2 2 2 2 2 2
left_child=4 2 -2 -3 5 -1
right_child=1 3 -4 -5 -6 -7
leaf_value=0.0017778054969209544 -0.0014373939691079147 -0.00064577093561824297 0.0014877677238301227 -0.0025090794197133708 -0.0002052610099217737 -9.7513405103940356e-05
leaf_weight=366 341 352 185 498 280 167
leaf_count=366 341 352 185 498 280 167
internal_value=-0.000511839 -0.00123626 -0.000404261 -0.00174574 0.000714296 0.00119478
internal_weight=2189 1376 526 850 813 533
internal_count=2189 1376 526 850 813 533
is_linear=0
shrinkage=0.02


Tree=133
num_leaves=7
num_cat=0
split_feature=0 3 5 8 2 2
split_gain=14.1218 1.06044 1.29667 1.22905 0.704958 0.910002
threshold=0.55000000000000016 -0.65184896033616979 -0.042500000000000003 0.57962726252140151 0.033628304294860141 0.055533288838989975
decision_type=2 2 2 2 2 2
left_child=1 2 -1 -3 -2 -6
right_child=4 3 -4 -5 5 -7
leaf_value=0.00071082870707165073 -0.0036573909917426983 0.002271208120132419 -0.0012902887873143458 0.00058202777292344957 -0.0013009578304391512 -0.0028495708337806644
leaf_weight=464 186 291 174 424 279 371
leaf_count=464 186 291 174 424 279 371
internal_value=-0.000508244 0.000754333 0.00015928 0.00128051 -0.00254396 -0.00219986
internal_weight=2189 1353 638 715 836 650
internal_count=2189 1353 638 715 836 650
is_linear=0
shrinkage=0.02


Tree=134
num_leaves=7
num_cat=0
split_feature=5 8 11 11 6 8
split_gain=4.65329 1.42525 2.5654 1.7352 0.888392 1.79623
threshold=-0.040000000000000001 0.57051972402662965 0.52805577372935819 -0.25498871422459274 6.8610619149350596 0.62631221940170956
decision_type=2 2 2 2 2 2
left_child=4 2 -2 -3 5 -1
right_child=1 3 -4 -5 -6 -7
leaf_value=6.1690810804841562e-05 -0.0014079102923329164 -0.0006259838723334946 0.0014856401297606919 -0.0024682591651116405 -8.3405868422153882e-05 0.0025187966813337366
leaf_weight=246 341 352 185 498 341 226
leaf_count=246 341 352 185 498 341 226
internal_value=-0.000502009 -0.00120918 -0.00038581 -0.00171346 0.000694949 0.00125226
internal_weight=2189 1376 526 850 813 472
internal_count=2189 1376 526 850 813 472
is_linear=0
shrinkage=0.02


Tree=135
num_leaves=7
num_cat=0
split_feature=0 3 5 9 2 2
split_gain=13.6455 1.06093 1.2662 1.21682 0.705142 0.870251
threshold=0.55000000000000016 -0.65184896033616979 -0.042500000000000003 0.17127190556432723 0.033628304294860141 0.055533288838989975
decision_type=2 2 2 2 2 2
left_child=1 2 -1 -3 -2 -6
right_child=4 3 -4 -5 5 -7
leaf_value=0.00069259561173968327 -0.0036114295396505224 0.0020342583990766829 -0.0012848397340188482 0.00037865251149559137 -0.0012770958905908422 -0.0027917266874871354
leaf_weight=464 186 381 174 334 279 371
leaf_count=464 186 381 174 334 279 371
internal_value=-0.000498514 0.000742583 0.000147498 0.00126887 -0.0024996 -0.00215631
internal_weight=2189 1353 638 715 836 650
internal_count=2189 1353 638 715 836 650
is_linear=0
shrinkage=0.02


Tree=136
num_leaves=7
num_cat=0
split_feature=0 3 5 8 3 3
split_gain=13.3348 1.05179 1.25129 1.20335 0.699525 1.20427
threshold=0.55000000000000016 -0.65184896033616979 -0.042500000000000003 0.57962726252140151 0.57735026918962229 1.2602520756252071
decision_type=2 2 2 2 2 2
left_child=1 2 -1 -3 -2 -6
right_child=4 3 -4 -5 5 -7
leaf_value=0.00068405998088836445 -0.0031783818447145831 0.0022388765798579601 -0.0012816814620401607 0.00056763193928821142 -0.0010218682776797902 -0.0030280708400163359
leaf_weight=464 344 291 174 424 270 222
leaf_count=464 344 291 174 424 270 222
internal_value=-0.000492259 0.000734628 0.000142151 0.00125864 -0.00247044 -0.00194846
internal_weight=2189 1353 638 715 836 492
internal_count=2189 1353 638 715 836 492
is_linear=0
shrinkage=0.02


Tree=137
num_leaves=7
num_cat=0
split_feature=0 3 5 9 2 2
split_gain=13.033 1.04239 1.2366 1.18977 0.699766 0.827632
threshold=0.55000000000000016 -0.65184896033616979 -0.042500000000000003 0.17127190556432723 0.033628304294860141 0.055533288838989975
decision_type=2 2 2 2 2 2
left_child=1 2 -1 -3 -2 -6
right_child=4 3 -4 -5 5 -7
leaf_value=0.0006756295774257117 -0.0035476625667816681 0.0020051337856258908 -0.0012785309636393072 0.00036817090585827827 -0.0012435049437721011 -0.0027204956946537853
leaf_weight=464 186 381 174 334 279 371
leaf_count=464 186 381 174 334 279 371
internal_value=-0.000486263 0.00072666 0.000136879 0.00124832 -0.00244193 -0.00210086
internal_weight=2189 1353 638 715 836 650
internal_count=2189 1353 638 715 836 650
is_linear=0
shrinkage=0.02


Tree=138
num_leaves=7
num_cat=0
split_feature=0 3 5 8 3 3
split_gain=12.7331 1.03324 1.22214 1.174 0.69725 1.15832
threshold=0.55000000000000016 -0.65184896033616979 -0.042500000000000003 0.57962726252140151 0.57735026918962229 1.2602520756252071
decision_type=2 2 2 2 2 2
left_child=1 2 -1 -3 -2 -6
right_child=4 3 -4 -5 5 -7
leaf_value=0.00066730305040155896 -0.0031186819349797203 0.0022063675000508491 -0.001275388200522801 0.00055573622965295142 -0.0009850720167160034 -0.0029519515533804369
leaf_weight=464 344 291 174 424 270 222
leaf_count=464 344 291 174 424 270 222
internal_value=-0.000480055 0.000718826 0.000131681 0.00123819 -0.00241309 -0.00189334
internal_weight=2189 1353 638 715 836 492
internal_count=2189 1353 638 715 836 492
is_linear=0
shrinkage=0.02


Tree=139
num_leaves=7
num_cat=0
split_feature=0 3 5 9 2 2
split_gain=12.4416 1.02391 1.20802 1.16309 0.69457 0.786668
threshold=0.55000000000000016 -0.65184896033616979 -0.042500000000000003 0.17127190556432723 0.033628304294860141 0.055533288838989975
decision_type=2 2 2 2 2 2
left_child=1 2 -1 -3 -2 -6
right_child=4 3 -4 -5 5 -7
leaf_value=0.00065907424849980304 -0.0034847032290478653 0.0019762449091544057 -0.0012723458179548467 0.00035786696851176588 -0.0012101824403228894 -0.0026500593205081658
leaf_weight=464 186 381 174 334 279 371
leaf_count=464 186 381 174 334 279 371
internal_value=-0.000474106 0.000710974 0.000126526 0.00122798 -0.00238489 -0.00204598
internal_weight=2189 1353 638 715 836 650
internal_count=2189 1353 638 715 836 650
is_linear=0
shrinkage=0.02


Tree=140
num_leaves=7
num_cat=0
split_feature=5 8 11 11 6 8
split_gain=3.97014 1.37119 2.46444 1.68115 0.868587 1.76428
threshold=-0.040000000000000001 0.57051972402662965 0.52805577372935819 -0.25498871422459274 6.8610619149350596 0.62631221940170956
decision_type=2 2 2 2 2 2
left_child=4 2 -2 -3 5 -1
right_child=1 3 -4 -5 -6 -7
leaf_value=9.8326839891585164e-06 -0.0013166565939008845 -0.00054664520113741988 0.0015190693798818086 -0.0023584661942353071 -0.000131369420661015 0.002443913898785554
leaf_weight=246 341 352 185 498 341 226
leaf_count=246 341 352 185 498 341 226
internal_value=-0.000468023 -0.00112122 -0.000314388 -0.00161574 0.000637602 0.0011887
internal_weight=2189 1376 526 850 813 472
internal_count=2189 1376 526 850 813 472
is_linear=0
shrinkage=0.02


Tree=141
num_leaves=7
num_cat=0
split_feature=0 3 5 8 3 3
split_gain=12.014 1.02391 1.18102 1.14927 0.698024 1.10929
threshold=0.55000000000000016 -0.65184896033616979 -0.042500000000000003 0.57962726252140151 0.57735026918962229 1.2602520756252071
decision_type=2 2 2 2 2 2
left_child=1 2 -1 -3 -2 -6
right_child=4 3 -4 -5 5 -7
leaf_value=0.00064215866422135716 -0.0030467273939646417 0.0021747658033377409 -0.0012675347924232484 0.00054178111893689318 -0.00093604345971887756 -0.0028597545072370691
leaf_weight=464 344 291 174 424 270 222
leaf_count=464 344 291 174 424 270 222
internal_value=-0.000464652 0.000699881 0.000115527 0.00121688 -0.00234231 -0.0018241
internal_weight=2189 1353 638 715 836 492
internal_count=2189 1353 638 715 836 492
is_linear=0
shrinkage=0.02


Tree=142
num_leaves=7
num_cat=0
split_feature=0 3 5 9 2 2
split_gain=11.7381 1.01443 1.1676 1.1397 0.69618 0.74113
threshold=0.55000000000000016 -0.65184896033616979 -0.042500000000000003 0.17127190556432723 0.033628304294860141 0.055533288838989975
decision_type=2 2 2 2 2 2
left_child=1 2 -1 -3 -2 -6
right_child=4 3 -4 -5 5 -7
leaf_value=0.00063421723207454888 -0.0034133208687392828 0.0019474304379917043 -0.0012645841593848929 0.00034559345642066282 -0.0011659722261025873 -0.0025631635192226855
leaf_weight=464 186 381 174 334 279 371
leaf_count=464 186 381 174 334 279 371
internal_value=-0.000458924 0.000692159 0.000110556 0.00120676 -0.0023149 -0.00197692
internal_weight=2189 1353 638 715 836 650
internal_count=2189 1353 638 715 836 650
is_linear=0
shrinkage=0.02


Tree=143
num_leaves=7
num_cat=0
split_feature=0 3 5 8 3 3
split_gain=11.4645 1.00491 1.15453 1.12081 0.694831 1.06662
threshold=0.55000000000000016 -0.65184896033616979 -0.042500000000000003 0.57962726252140151 0.57735026918962229 1.2602520756252071
decision_type=2 2 2 2 2 2
left_child=1 2 -1 -3 -2 -6
right_child=4 3 -4 -5 5 -7
leaf_value=0.00062637404412098699 -0.002989111675061606 0.0021425500618234101 -0.0012617582665475388 0.0005300189580308113 -0.00090121872316707263 -0.0027869216001506418
leaf_weight=464 344 291 174 424 270 222
leaf_count=464 344 291 174 424 270 222
internal_value=-0.000453135 0.000684453 0.000105622 0.00119663 -0.00228736 -0.00177156
internal_weight=2189 1353 638 715 836 492
internal_count=2189 1353 638 715 836 492
is_linear=0
shrinkage=0.02


Tree=144
num_leaves=7
num_cat=0
split_feature=0 3 5 9 3 3
split_gain=11.2003 0.995297 1.14165 1.11294 0.686302 1.03314
threshold=0.55000000000000016 -0.65184896033616979 -0.042500000000000003 0.17127190556432723 0.57735026918962229 1.2602520756252071
decision_type=2 2 2 2 2 2
left_child=1 2 -1 -3 -2 -6
right_child=4 3 -4 -5 5 -7
leaf_value=0.00061862783528356027 -0.0029577645463041724 0.0019184002344414515 -0.001258938700460189 0.00033560653675929989 -0.00089158386642282665 -0.0027476346085775266
leaf_weight=464 344 381 174 334 270 222
leaf_count=464 344 381 174 334 270 222
internal_value=-0.000447629 0.000676774 0.000100756 0.00118649 -0.00226059 -0.00174829
internal_weight=2189 1353 638 715 836 492
internal_count=2189 1353 638 715 836 492
is_linear=0
shrinkage=0.02


Tree=145
num_leaves=7
num_cat=0
split_feature=0 3 5 8 2 2
split_gain=10.9408 0.985768 1.12897 1.09305 0.693781 0.694961
threshold=0.55000000000000016 -0.65184896033616979 -0.042500000000000003 0.57962726252140151 0.033628304294860141 0.055533288838989975
decision_type=2 2 2 2 2 2
left_child=1 2 -1 -3 -2 -6
right_child=4 3 -4 -5 5 -7
leaf_value=0.00061097741655226964 -0.0033277654288951016 0.0021105480869772616 -0.001256125427824159 0.00051822281299302212 -0.0011131926353128863 -0.0024654557040714206
leaf_weight=464 186 291 174 424 279 371
leaf_count=464 186 291 174 424 279 371
internal_value=-0.000442124 0.000669177 9.59595e-05 0.00117644 -0.00223396 -0.00189795
internal_weight=2189 1353 638 715 836 650
internal_count=2189 1353 638 715 836 650
is_linear=0
shrinkage=0.02


Tree=146
num_leaves=7
num_cat=0
split_feature=0 3 5 9 3 3
split_gain=10.6841 0.976272 1.11649 1.08658 0.682156 0.993049
threshold=0.55000000000000016 -0.65184896033616979 -0.042500000000000003 0.17127190556432723 0.57735026918962229 1.2602520756252071
decision_type=2 2 2 2 2 2
left_child=1 2 -1 -3 -2 -6
right_child=4 3 -4 -5 5 -7
leaf_value=0.00060342161914210578 -0.0029013497064311728 0.0018896326009266158 -0.001253318441979712 0.00032581764374994251 -0.00085814132582057612 -0.0026772136139449573
leaf_weight=464 344 381 174 334 270 222
leaf_count=464 344 381 174 334 270 222
internal_value=-0.000436543 0.000661643 9.12298e-05 0.00116646 -0.00220724 -0.00169762
internal_weight=2189 1353 638 715 836 492
internal_count=2189 1353 638 715 836 492
is_linear=0
shrinkage=0.02


Tree=147
num_leaves=7
num_cat=0
split_feature=0 3 5 9 2 2
split_gain=10.4336 0.966789 1.10419 1.06671 0.688859 0.660632
threshold=0.55000000000000016 -0.65184896033616979 -0.042500000000000003 0.17127190556432723 0.033628304294860141 0.055533288838989975
decision_type=2 2 2 2 2 2
left_child=1 2 -1 -3 -2 -6
right_child=4 3 -4 -5 5 -7
leaf_value=0.00059595928948396432 -0.0032692415271129913 0.0018730558943090276 -0.0012505177296073743 0.00032358785442854101 -0.001081842473694976 -0.0024001280495778046
leaf_weight=464 186 381 174 334 279 371
leaf_count=464 186 381 174 334 279 371
internal_value=-0.000431066 0.000654166 8.65665e-05 0.00115652 -0.00218088 -0.00184686
internal_weight=2189 1353 638 715 836 650
internal_count=2189 1353 638 715 836 650
is_linear=0
shrinkage=0.02


Tree=148
num_leaves=7
num_cat=0
split_feature=5 8 11 11 6 8
split_gain=3.19097 1.29808 2.35081 1.61715 0.850832 1.74091
threshold=-0.040000000000000001 0.57051972402662965 0.52805577372935819 -0.25498871422459274 6.8610619149350596 0.62631221940170956
decision_type=2 2 2 2 2 2
left_child=4 2 -2 -3 5 -1
right_child=1 3 -4 -5 -6 -7
leaf_value=-5.8467337468349598e-05 -0.0012065649553702745 -0.00044532098523041117 0.0015627064124534005 -0.0022204126106578834 -0.00019457218223762823 0.0023580818346729785
leaf_weight=246 341 352 185 498 341 226
leaf_count=246 341 352 185 498 341 226
internal_value=-0.000425563 -0.00101115 -0.000227038 -0.00149222 0.000565672 0.0011112
internal_weight=2189 1376 526 850 813 472
internal_count=2189 1376 526 850 813 472
is_linear=0
shrinkage=0.02


Tree=149
num_leaves=7
num_cat=0
split_feature=0 3 5 8 2 2
split_gain=10.0669 0.965263 1.08106 1.06437 0.68761 0.631538
threshold=0.55000000000000016 -0.65184896033616979 -0.042500000000000003 0.57962726252140151 0.033628304294860141 0.055533288838989975
decision_type=2 2 2 2 2 2
left_child=1 2 -1 -3 -2 -6
right_child=4 3 -4 -5 5 -7
leaf_value=0.00058071093130380167 -0.0032272051173354945 0.0020673201822147174 -0.0012463159517868937 0.00049634352274291168 -0.0010599892103755979 -0.0023490188690893192
leaf_weight=464 186 291 174 424 279 371
leaf_count=464 186 291 174 424 279 371
internal_value=-0.000422308 0.000643683 7.66141e-05 0.00114564 -0.0021411 -0.00180804
internal_weight=2189 1353 638 715 836 650
internal_count=2189 1353 638 715 836 650
is_linear=0
shrinkage=0.02


Tree=150
num_leaves=7
num_cat=0
split_feature=0 3 5 9 3 3
split_gain=9.82856 0.95595 1.06964 1.04427 0.683705 0.944459
threshold=0.55000000000000016 -0.65184896033616979 -0.042500000000000003 0.17127190556432723 0.57735026918962229 1.2602520756252071
decision_type=2 2 2 2 2 2
left_child=1 2 -1 -3 -2 -6
right_child=4 3 -4 -5 5 -7
leaf_value=0.00057352941504109712 -0.0028082879899566015 0.001844822827779683 -0.0012438093949962595 0.00031191339963569051 -0.00078990681496533474 -0.0025621500151798066
leaf_weight=464 344 381 174 334 270 222
leaf_count=464 344 381 174 334 270 222
internal_value=-0.000416929 0.000636365 7.20737e-05 0.00113589 -0.00211525 -0.00160731
internal_weight=2189 1353 638 715 836 492
internal_count=2189 1353 638 715 836 492
is_linear=0
shrinkage=0.02


Tree=151
num_leaves=7
num_cat=0
split_feature=0 3 5 8 2 8
split_gain=9.59661 0.946609 1.05838 1.03842 0.682726 0.602869
threshold=0.55000000000000016 -0.65184896033616979 -0.042500000000000003 0.57962726252140151 0.033628304294860141 0.64320188932338818
decision_type=2 2 2 2 2 2
left_child=1 2 -1 -3 -2 -6
right_child=4 3 -4 -5 5 -7
leaf_value=0.00056643672845959822 -0.0031706652825415449 0.0020365138905047366 -0.0012413078746316153 0.00048492114144292749 -0.0022480220414698125 -0.00097218324931768265
leaf_weight=464 186 291 174 424 395 255
leaf_count=464 186 291 174 424 395 255
internal_value=-0.0004117 0.00062909 6.75968e-05 0.00112617 -0.00208986 -0.00175874
internal_weight=2189 1353 638 715 836 650
internal_count=2189 1353 638 715 836 650
is_linear=0
shrinkage=0.02


Tree=152
num_leaves=7
num_cat=0
split_feature=5 8 11 11 6 8
split_gain=2.8629 1.26239 2.27941 1.57149 0.831944 1.70928
threshold=-0.040000000000000001 0.57051972402662965 0.52805577372935819 -0.25498871422459274 6.8610619149350596 0.62631221940170956
decision_type=2 2 2 2 2 2
left_child=4 2 -2 -3 5 -1
right_child=1 3 -4 -5 -6 -7
leaf_value=-8.6760521454521384e-05 -0.0011533594075482706 -0.00040437043881883807 0.0015734224169466058 -0.0021535261470091273 -0.00021924941724831118 0.0023071839007270801
leaf_weight=246 341 352 185 498 341 226
leaf_count=246 341 352 185 498 341 226
internal_value=-0.000406734 -0.000961402 -0.000188535 -0.00143577 0.000532179 0.00107166
internal_weight=2189 1376 526 850 813 472
internal_count=2189 1376 526 850 813 472
is_linear=0
shrinkage=0.02


Tree=153
num_leaves=7
num_cat=0
split_feature=0 3 5 8 3 3
split_gain=9.26431 0.944886 1.03713 1.02248 0.680415 0.905694
threshold=0.55000000000000016 -0.65184896033616979 -0.042500000000000003 0.57962726252140151 0.57735026918962229 1.2602520756252071
decision_type=2 2 2 2 2 2
left_child=1 2 -1 -3 -2 -6
right_child=4 3 -4 -5 5 -7
leaf_value=0.00055197223209277563 -0.0027427379833934642 0.0020189486063444183 -0.0012375219324447589 0.00047934774682794142 -0.0007473359552296725 -0.0024818646461427997
leaf_weight=464 344 291 174 424 270 222
leaf_count=464 344 291 174 424 270 222
internal_value=-0.000403605 0.000619004 5.81004e-05 0.00111562 -0.00205246 -0.00154708
internal_weight=2189 1353 638 715 836 492
internal_count=2189 1353 638 715 836 492
is_linear=0
shrinkage=0.02


Tree=154
num_leaves=7
num_cat=0
split_feature=0 3 5 9 2 8
split_gain=9.04434 0.935581 1.02637 1.01667 0.683118 0.591061
threshold=0.55000000000000016 -0.65184896033616979 -0.042500000000000003 0.17127190556432723 0.033628304294860141 0.64320188932338818
decision_type=2 2 2 2 2 2
left_child=1 2 -1 -3 -2 -6
right_child=4 3 -4 -5 5 -7
leaf_value=0.00054514614996988811 -0.003106738040272478 0.0018055476540991544 -0.0012350330705749256 0.00029332827600845544 -0.0021815462492406367 -0.00092014863857856164
leaf_weight=464 186 381 174 334 395 255
leaf_count=464 186 381 174 334 395 255
internal_value=-0.000398478 0.000611916 5.38143e-05 0.00110608 -0.00202764 -0.00169749
internal_weight=2189 1353 638 715 836 650
internal_count=2189 1353 638 715 836 650
is_linear=0
shrinkage=0.02


Tree=155
num_leaves=7
num_cat=0
split_feature=0 3 5 8 3 3
split_gain=8.83289 0.926304 1.01576 0.997458 0.67338 0.871636
threshold=0.55000000000000016 -0.65184896033616979 -0.042500000000000003 0.57962726252140151 0.57735026918962229 1.2602520756252071
decision_type=2 2 2 2 2 2
left_child=1 2 -1 -3 -2 -6
right_child=4 3 -4 -5 5 -7
leaf_value=0.00053840445882134347 -0.0026896355819907092 0.0019887698621469836 -0.001232549203507727 0.00046823084571492147 -0.00071760164716027004 -0.002418640882170673
leaf_weight=464 344 291 174 424 270 222
leaf_count=464 344 291 174 424 270 222
internal_value=-0.000393629 0.000604884 4.95885e-05 0.00109659 -0.00200363 -0.00150175
internal_weight=2189 1353 638 715 836 492
internal_count=2189 1353 638 715 836 492
is_linear=0
shrinkage=0.02


Tree=156
num_leaves=7
num_cat=0
split_feature=0 3 5 9 2 8
split_gain=8.62122 0.917067 1.00527 0.992878 0.675935 0.574885
threshold=0.55000000000000016 -0.65184896033616979 -0.042500000000000003 0.17127190556432723 0.033628304294860141 0.64320188932338818
decision_type=2 2 2 2 2 2
left_child=1 2 -1 -3 -2 -6
right_child=4 3 -4 -5 5 -7
leaf_value=0.00053170849928813079 -0.0030514226830442538 0.0017783501739806731 -0.0012300703428977028 0.00028404695841766742 -0.0021285958345979455 -0.00088553420396951532
leaf_weight=464 186 381 174 334 395 255
leaf_count=464 186 381 174 334 395 255
internal_value=-0.000388594 0.000597882 4.53945e-05 0.00108713 -0.00197919 -0.00165142
internal_weight=2189 1353 638 715 836 650
internal_count=2189 1353 638 715 836 650
is_linear=0
shrinkage=0.02


Tree=157
num_leaves=7
num_cat=0
split_feature=0 3 5 9 2 4
split_gain=8.41873 0.907999 0.994922 0.974779 0.666114 0.57048
threshold=0.55000000000000016 -0.65184896033616979 -0.042500000000000003 0.17127190556432723 0.033628304294860141 0.022360679774997932
decision_type=2 2 2 2 2 2
left_child=1 2 -1 -3 -2 -6
right_child=4 3 -4 -5 5 -7
leaf_value=0.00052508765663792777 -0.0030197901235825102 0.0017626859347089894 -0.0012275964437916292 0.00028205275964156713 -0.0025763089796330069 -0.0012364003800992239
leaf_weight=464 186 381 174 334 183 467
leaf_count=464 186 381 174 334 183 467
internal_value=-0.00038385 0.000590971 4.1254e-05 0.0010778 -0.00195566 -0.00163042
internal_weight=2189 1353 638 715 836 650
internal_count=2189 1353 638 715 836 650
is_linear=0
shrinkage=0.02


Tree=158
num_leaves=7
num_cat=0
split_feature=0 3 5 8 3 3
split_gain=8.22053 0.899013 0.984726 0.967536 0.664007 0.832943
threshold=0.55000000000000016 -0.65184896033616979 -0.042500000000000003 0.57962726252140151 0.57735026918962229 1.2602520756252071
decision_type=2 2 2 2 2 2
left_child=1 2 -1 -3 -2 -6
right_child=4 3 -4 -5 5 -7
leaf_value=0.00051854925588141186 -0.0026125335804370892 0.0019471734561139365 -0.0012251275378232563 0.00044984824868626812 -0.00066955134218389331 -0.002331266262063896
leaf_weight=464 344 291 174 424 270 222
leaf_count=464 344 291 174 424 270 222
internal_value=-0.000379147 0.000584131 3.71723e-05 0.00106854 -0.00193234 -0.00143526
internal_weight=2189 1353 638 715 836 492
internal_count=2189 1353 638 715 836 492
is_linear=0
shrinkage=0.02


Tree=159
num_leaves=7
num_cat=0
split_feature=5 8 11 11 6 8
split_gain=2.3508 1.21665 2.18787 1.51407 0.817076 1.68863
threshold=-0.040000000000000001 0.57051972402662965 0.52805577372935819 -0.25498871422459274 6.8610619149350596 0.62631221940170956
decision_type=2 2 2 2 2 2
left_child=4 2 -2 -3 5 -1
right_child=1 3 -4 -5 -6 -7
leaf_value=-0.0001390975898510194 -0.0010646790662252833 -0.00033129292375901168 0.0016066376965394929 -0.0020469205629517497 -0.00026754244139170369 0.0022393814015536856
leaf_weight=246 341 352 185 498 341 226
leaf_count=246 341 352 185 498 341 226
internal_value=-0.000374283 -0.000876894 -0.000118866 -0.00134254 0.000476545 0.00101129
internal_weight=2189 1376 526 850 813 472
internal_count=2189 1376 526 850 813 472
is_linear=0
shrinkage=0.02


Tree=160
num_leaves=7
num_cat=0
split_feature=0 0 13 2 8 4
split_gain=7.9297 0.903253 2.18865 0.66569 0.56171 0.397096
threshold=0.55000000000000016 0.34750000000000003 0.15938715992082589 0.033628304294860141 0.64320188932338818 0.032282928925362407
decision_type=2 2 8 2 2 2
left_child=1 5 -3 -2 -5 -1
right_child=3 2 -4 4 -6 -7
leaf_value=0.0003726531521533616 -0.0029589586139349413 0.0002898668655549276 0.0024588809115292857 -0.0020439111825078728 -0.0008176280351785513 -0.00077811394617414672
leaf_weight=275 186 609 264 395 255 205
leaf_count=275 186 609 264 395 255 205
internal_value=-0.000371446 0.000574636 0.000956056 -0.00189692 -0.00157274 -0.000121775
internal_weight=2189 1353 873 836 650 480
internal_count=2189 1353 873 836 650 480
is_linear=0
shrinkage=0.02


Tree=161
num_leaves=7
num_cat=0
split_feature=0 0 13 3 6 3
split_gain=7.76521 0.891442 2.16091 0.658459 0.815469 0.799437
threshold=0.55000000000000016 0.34750000000000003 0.15938715992082589 0.57735026918962229 6.5762397356601552 1.2602520756252071
decision_type=2 2 8 2 2 2
left_child=1 -1 -3 4 -2 -5
right_child=3 2 -4 5 -6 -7
leaf_value=-0.00012037650767663378 -0.0036546481020988957 0.00028843169686072035 0.0024436628619091219 -0.00063091700185428966 -0.0016269233583205908 -0.0022579921709808483
leaf_weight=480 150 609 264 270 194 222
leaf_count=480 150 609 264 270 194 222
internal_value=-0.000364738 0.000571473 0.00095039 -0.00187431 -0.0025508 -0.00138042
internal_weight=2189 1353 873 836 344 492
internal_count=2189 1353 873 836 344 492
is_linear=0
shrinkage=0.02


Tree=162
num_leaves=7
num_cat=0
split_feature=0 0 13 2 8 4
split_gain=7.60153 0.878998 2.13325 0.657859 0.546151 0.385732
threshold=0.55000000000000016 0.34750000000000003 0.15938715992082589 0.033628304294860141 0.64320188932338818 0.032282928925362407
decision_type=2 2 8 2 2 2
left_child=1 5 -3 -2 -5 -1
right_child=3 2 -4 4 -6 -7
leaf_value=0.00036872484417732008 -0.0029061761826120747 0.000287003631700522 0.0024284013141929882 -0.001994126730784774 -0.00078579238515633814 -0.00076544951858730729
leaf_weight=275 186 609 264 395 255 205
leaf_count=275 186 609 264 395 255 205
internal_value=-0.000357829 0.000568453 0.000944715 -0.00185141 -0.0015297 -0.00011856
internal_weight=2189 1353 873 836 650 480
internal_count=2189 1353 873 836 650 480
is_linear=0
shrinkage=0.02


Tree=163
num_leaves=7
num_cat=0
split_feature=0 0 13 2 4 4
split_gain=7.44356 0.867459 2.11241 0.648211 0.539142 0.374568
threshold=0.55000000000000016 0.34750000000000003 0.20661838876563146 0.033628304294860141 0.022360679774997932 0.032282928925362407
decision_type=2 2 8 2 2 2
left_child=1 5 -3 -2 -5 -1
right_child=3 2 -4 4 -6 -7
leaf_value=0.00036298324474254122 -0.0028760493277567218 0.0004047515870709168 0.0027520497150756609 -0.0024278463518365902 -0.001128548966815411 -0.00075466032161992718
leaf_weight=275 186 679 194 183 467 205
leaf_count=275 186 679 194 183 467 205
internal_value=-0.000351309 0.000565291 0.000939075 -0.00182929 -0.00151009 -0.000117203
internal_weight=2189 1353 873 836 650 480
internal_count=2189 1353 873 836 650 480
is_linear=0
shrinkage=0.02


Tree=164
num_leaves=7
num_cat=0
split_feature=5 8 11 11 6 8
split_gain=2.10835 1.20151 2.13092 1.46721 0.793734 1.64272
threshold=-0.040000000000000001 0.57051972402662965 0.52805577372935819 -0.25498871422459274 6.8610619149350596 0.62631221940170956
decision_type=2 2 2 2 2 2
left_child=4 2 -2 -3 5 -1
right_child=1 3 -4 -5 -6 -7
leaf_value=-0.00014640689519534547 -0.0010018073599462564 -0.00028860633697162487 0.0016344462518218758 -0.0019767784133227634 -0.00027229563391638242 0.0021993519597207057
leaf_weight=246 341 352 185 498 341 226
leaf_count=246 341 352 185 498 341 226
internal_value=-0.000344733 -0.000820733 -6.79483e-05 -0.00128345 0.000460988 0.000988055
internal_weight=2189 1376 526 850 813 472
internal_count=2189 1376 526 850 813 472
is_linear=0
shrinkage=0.02


Tree=165
num_leaves=7
num_cat=0
split_feature=0 3 5 8 3 6
split_gain=7.20427 0.878461 0.954924 0.949007 0.651368 0.797118
threshold=0.55000000000000016 -0.65184896033616979 -0.042500000000000003 0.57962726252140151 0.57735026918962229 6.5762397356601552
decision_type=2 2 2 2 2 2
left_child=1 2 -1 -3 5 -2
right_child=4 3 -4 -5 -6 -7
leaf_value=0.00049322832806923515 -0.0035578816936862085 0.0019085047051398637 -0.0012238498689742061 0.00042598409630306119 -0.0013064315186539885 -0.0015569107751151425
leaf_weight=464 150 291 174 424 492 194
leaf_count=464 150 291 174 424 492 194
internal_value=-0.000342149 0.000559587 1.9059e-05 0.00103842 -0.00179619 -0.0024679
internal_weight=2189 1353 638 715 836 344
internal_count=2189 1353 638 715 836 344
is_linear=0
shrinkage=0.02


Tree=166
num_leaves=7
num_cat=0
split_feature=0 0 13 2 8 4
split_gain=7.03454 0.870326 2.08889 0.64744 0.532243 0.362781
threshold=0.55000000000000016 0.34750000000000003 0.20661838876563146 0.033628304294860141 0.64320188932338818 0.032282928925362407
decision_type=2 2 8 2 2 2
left_child=1 5 -3 -2 -5 -1
right_child=3 2 -4 4 -6 -7
leaf_value=0.00034226262419750653 -0.002819465366021501 0.00039613237680747497 0.0027302468871351466 -0.0019147396139800549 -0.00072398431484515862 -0.00075772440888630663
leaf_weight=275 186 679 194 395 255 205
leaf_count=275 186 679 194 395 255 205
internal_value=-0.000338042 0.000553008 0.000927419 -0.00177485 -0.00145669 -0.000130492
internal_weight=2189 1353 873 836 650 480
internal_count=2189 1353 873 836 650 480
is_linear=0
shrinkage=0.02


Tree=167
num_leaves=7
num_cat=0
split_feature=0 0 13 2 8 4
split_gain=6.88943 0.859141 2.06547 0.637915 0.517068 0.352296
threshold=0.55000000000000016 0.34750000000000003 0.15938715992082589 0.033628304294860141 0.64320188932338818 0.032282928925362407
decision_type=2 2 8 2 2 2
left_child=1 5 -3 -2 -5 -1
right_child=3 2 -4 4 -6 -7
leaf_value=0.00033693310698228223 -0.0027902374287862432 0.00027504195996138481 0.0023820591615478347 -0.0018893693149089814 -0.00071563064020413621 -0.00074704410289857723
leaf_weight=275 186 609 264 395 255 205
leaf_count=275 186 609 264 395 255 205
internal_value=-0.000331648 0.000550156 0.000922152 -0.00175356 -0.00143788 -0.000128944
internal_weight=2189 1353 873 836 650 480
internal_count=2189 1353 873 836 650 480
is_linear=0
shrinkage=0.02


Tree=168
num_leaves=7
num_cat=0
split_feature=0 3 5 8 3 6
split_gain=6.74639 0.856588 0.945444 0.927303 0.643664 0.779214
threshold=0.55000000000000016 -0.65184896033616979 -0.042500000000000003 0.57962726252140151 0.57735026918962229 6.5762397356601552
decision_type=2 2 2 2 2 2
left_child=1 2 -1 -3 5 -2
right_child=4 3 -4 -5 -6 -7
leaf_value=0.00048527817838072681 -0.0034760904081406131 0.0018800192952747583 -0.0012232534828798731 0.00041467857141143242 -0.0012468057118311254 -0.0015005295135867055
leaf_weight=464 150 291 174 424 492 194
leaf_count=464 150 291 174 424 492 194
internal_value=-0.000325454 0.00054714 1.34263e-05 0.00101998 -0.00173253 -0.00239943
internal_weight=2189 1353 638 715 836 344
internal_count=2189 1353 638 715 836 344
is_linear=0
shrinkage=0.02


Tree=169
num_leaves=7
num_cat=0
split_feature=0 1 13 13 3 6
split_gain=6.58734 0.859005 1.46468 0.996514 0.631452 0.761222
threshold=0.55000000000000016 0.19402966521139645 -0.083389818160618592 -0.026689614343064574 0.57735026918962229 6.5762397356601552
decision_type=2 2 8 10 2 2
left_child=1 2 -1 -3 5 -2
right_child=4 3 -4 -5 -6 -7
leaf_value=-0.0010399514843117106 -0.0034366199729904054 0.0024029851986749752 0.00069085622310118575 0.0002496875175053165 -0.0012309509512764109 -0.0014839407292442704
leaf_weight=259 150 180 751 163 492 194
leaf_count=259 150 180 751 163 492 194
internal_value=-0.000321569 0.000540677 0.000244079 0.00139799 -0.00171197 -0.00237244
internal_weight=2189 1353 1010 343 836 344
internal_count=2189 1353 1010 343 836 344
is_linear=0
shrinkage=0.02


Tree=170
num_leaves=7
num_cat=0
split_feature=0 0 13 2 4 4
split_gain=6.44627 0.862687 2.03774 0.632783 0.504218 0.339423
threshold=0.55000000000000016 0.34750000000000003 0.20661838876563146 0.033628304294860141 0.022360679774997932 0.032282928925362407
decision_type=2 2 8 2 2 2
left_child=1 5 -3 -2 -5 -1
right_child=3 2 -4 4 -6 -7
leaf_value=0.00031387579014075786 -0.0027226374434863088 0.00038483572328648375 0.0026901100119154659 -0.0022637848984053792 -0.0010107094917635796 -0.00075020105408371562
leaf_weight=275 186 679 194 183 467 205
leaf_count=275 186 679 194 183 467 205
internal_value=-0.000316211 0.000536747 0.000909521 -0.00169164 -0.00137809 -0.000143623
internal_weight=2189 1353 873 836 650 480
internal_count=2189 1353 873 836 650 480
is_linear=0
shrinkage=0.02


Tree=171
num_leaves=7
num_cat=0
split_feature=0 1 13 13 3 6
split_gain=6.31391 0.855007 1.43318 0.990061 0.617692 0.743661
threshold=0.55000000000000016 0.19402966521139645 -0.083389818160618592 -0.026689614343064574 0.57735026918962229 6.5762397356601552
decision_type=2 2 8 10 2 2
left_child=1 2 -1 -3 5 -2
right_child=4 3 -4 -5 -6 -7
leaf_value=-0.0010319584941096379 -0.0033755865789228874 0.0023910592033250912 0.00068012055625249609 0.00024489461932153926 -0.0011960626266132178 -0.0014469767590263979
leaf_weight=259 150 180 751 163 492 194
leaf_count=259 150 180 751 163 492 194
internal_value=-0.000310112 0.000534037 0.000238162 0.00138933 -0.00167135 -0.00232425
internal_weight=2189 1353 1010 343 836 344
internal_count=2189 1353 1010 343 836 344
is_linear=0
shrinkage=0.02


Tree=172
num_leaves=7
num_cat=0
split_feature=0 0 13 2 7 4
split_gain=6.1787 0.857793 2.00753 0.625336 0.512348 0.328655
threshold=0.55000000000000016 0.34750000000000003 0.20661838876563146 0.033628304294860141 -0.49326140889570363 0.032282928925362407
decision_type=2 2 8 2 2 2
left_child=1 5 -3 -2 -5 -1
right_child=3 2 -4 4 -6 -7
leaf_value=0.00030200926958579141 -0.0026756255570506548 0.00038107569323994264 0.0026691869515270447 -0.0022354257497239241 -0.00097220892381970532 -0.00074509234087807798
leaf_weight=275 186 679 194 182 468 205
leaf_count=275 186 679 194 182 468 205
internal_value=-0.000304926 0.00053013 0.00090185 -0.00165151 -0.00134027 -0.000148261
internal_weight=2189 1353 873 836 650 480
internal_count=2189 1353 873 836 650 480
is_linear=0
shrinkage=0.02


Tree=173
num_leaves=7
num_cat=0
split_feature=5 8 11 11 6 8
split_gain=1.70117 1.16746 2.04445 1.39961 0.78037 1.62331
threshold=-0.040000000000000001 0.57051972402662965 0.52805577372935819 -0.25498871422459274 6.8610619149350596 0.62631221940170956
decision_type=2 2 2 2 2 2
left_child=4 2 -2 -3 5 -1
right_child=1 3 -4 -5 -6 -7
leaf_value=-0.00017976178064111218 -0.00090086463688081406 -0.00021224248601274997 0.0016813154411747266 -0.0018598157881386948 -0.0003020823530575551 0.0021514992684416182
leaf_weight=246 341 352 185 498 341 226
leaf_count=246 341 352 185 498 341 226
internal_value=-0.000299066 -0.000726653 1.45966e-05 -0.00118276 0.00042464 0.000947329
internal_weight=2189 1376 526 850 813 472
internal_count=2189 1376 526 850 813 472
is_linear=0
shrinkage=0.02


Tree=174
num_leaves=7
num_cat=0
split_feature=0 1 13 13 2 8
split_gain=5.98198 0.858705 1.40974 0.98213 0.62141 0.501082
threshold=0.55000000000000016 0.19402966521139645 -0.083389818160618592 -0.026689614343064574 0.033628304294860141 0.64320188932338818
decision_type=2 2 8 10 2 2
left_child=1 2 -1 -3 -2 -6
right_child=4 3 -4 -5 5 -7
leaf_value=-0.0010312966254511567 -0.0026420932797549287 0.002379603185363718 0.00066669882338453402 0.00024211908734980084 -0.001755671440437436 -0.00060407305566164164
leaf_weight=259 186 180 751 163 395 255
leaf_count=259 186 180 751 163 395 255
internal_value=-0.000296856 0.00052479 0.000228337 0.0013819 -0.00162184 -0.00131195
internal_weight=2189 1353 1010 343 836 650
internal_count=2189 1353 1010 343 836 650
is_linear=0
shrinkage=0.02


Tree=175
num_leaves=7
num_cat=0
split_feature=0 0 13 2 7 4
split_gain=5.85292 0.85716 1.98118 0.612003 0.495481 0.318871
threshold=0.55000000000000016 0.34750000000000003 0.15938715992082589 0.033628304294860141 -0.49326140889570363 0.032282928925362407
decision_type=2 2 8 2 2 2
left_child=1 5 -3 -2 -5 -1
right_child=3 2 -4 4 -6 -7
leaf_value=0.00028655552146665287 -0.0026147040373679853 0.00025887712593575642 0.002322328675635242 -0.0021747840956889372 -0.00093343254155134813 -0.00074491017049045443
leaf_weight=275 186 609 264 182 468 205
leaf_count=275 186 609 264 182 468 205
internal_value=-0.000291771 0.000520958 0.000892548 -0.00160239 -0.00129496 -0.000157104
internal_weight=2189 1353 873 836 650 480
internal_count=2189 1353 873 836 650 480
is_linear=0
shrinkage=0.02


Tree=176
num_leaves=7
num_cat=0
split_feature=0 0 13 3 6 3
split_gain=5.73287 0.845094 1.96104 0.612606 0.72631 0.719911
threshold=0.55000000000000016 0.34750000000000003 0.20661838876563146 0.57735026918962229 6.5762397356601552 1.2602520756252071
decision_type=2 2 8 2 2 2
left_child=1 -1 -3 4 -2 -5
right_child=3 2 -4 5 -6 -7
leaf_value=-0.00015513411150601953 -0.0032697834795521151 0.00037243775631252084 0.0026338494048645752 -0.00040516848835078155 -0.0013681563150942625 -0.0019429918598498541
leaf_weight=480 150 679 194 270 194 222
leaf_count=480 150 679 194 270 194 222
internal_value=-0.000286197 0.000518147 0.000887111 -0.00158331 -0.00223232 -0.00111163
internal_weight=2189 1353 873 836 344 492
internal_count=2189 1353 873 836 344 492
is_linear=0
shrinkage=0.02


Tree=177
num_leaves=7
num_cat=0
split_feature=0 0 13 2 8 8
split_gain=5.61382 0.835076 1.65071 0.603718 0.486894 0.268906
threshold=0.55000000000000016 0.30000000000000004 0.20661838876563146 0.033628304294860141 0.64320188932338818 0.59267309733872431
decision_type=2 2 8 2 2 2
left_child=1 5 -3 -2 -5 -1
right_child=3 2 -4 4 -6 -7
leaf_value=-0.00096723127393768388 -0.0025686079848811268 0.00035898809335125031 0.002272177925731382 -0.0016961204633116722 -0.00056215726870756887 0.00017216795645055868
leaf_weight=151 186 799 229 395 255 174
leaf_count=151 186 799 229 395 255 174
internal_value=-0.000280295 0.000515645 0.00079411 -0.00156387 -0.00125895 -0.000363849
internal_weight=2189 1353 1028 836 650 325
internal_count=2189 1353 1028 836 650 325
is_linear=0
shrinkage=0.02


Tree=178
num_leaves=7
num_cat=0
split_feature=0 1 13 13 3 6
split_gain=5.49767 0.853108 1.37174 0.97809 0.603887 0.709696
threshold=0.55000000000000016 0.19402966521139645 -0.083389818160618592 -0.026689614343064574 0.57735026918962229 6.5762397356601552
decision_type=2 2 8 10 2 2
left_child=1 2 -1 -3 5 -2
right_child=4 3 -4 -5 -6 -7
leaf_value=-0.0010251364879535908 -0.0032142399116869896 0.002362669782461347 0.0006497942358201106 0.00023001853554021744 -0.0010773426114433489 -0.0013356469474246156
leaf_weight=259 150 180 751 163 492 194
leaf_count=259 150 180 751 163 492 194
internal_value=-0.000274884 0.000512773 0.000217348 0.00136706 -0.00154511 -0.00218911
internal_weight=2189 1353 1010 343 836 344
internal_count=2189 1353 1010 343 836 344
is_linear=0
shrinkage=0.02


Tree=179
num_leaves=7
num_cat=0
split_feature=0 1 13 13 3 6
split_gain=5.38013 0.849235 1.34619 0.970393 0.592241 0.693335
threshold=0.55000000000000016 0.19402966521139645 -0.083389818160618592 -0.026689614343064574 0.57735026918962229 6.5762397356601552
decision_type=2 2 8 10 2 2
left_child=1 2 -1 -3 5 -2
right_child=4 3 -4 -5 -6 -7
leaf_value=-0.0010165936762297695 -0.0031777427340707472 0.0023530172258615497 0.00064266024515120227 0.00022878630530266537 -0.0010635994536656011 -0.0013208810079037845
leaf_weight=259 150 180 751 163 492 194
leaf_count=259 150 180 751 163 492 194
internal_value=-0.000270191 0.000508995 0.000214257 0.00136133 -0.00152677 -0.00216449
internal_weight=2189 1353 1010 343 836 344
internal_count=2189 1353 1010 343 836 344
is_linear=0
shrinkage=0.02


Tree=180
num_leaves=7
num_cat=0
split_feature=0 0 13 2 7 4
split_gain=5.26515 0.83641 1.90569 0.597773 0.477598 0.3074
threshold=0.55000000000000016 0.34750000000000003 0.20661838876563146 0.033628304294860141 -0.49326140889570363 0.032282928925362407
decision_type=2 2 8 2 2 2
left_child=1 5 -3 -2 -5 -1
right_child=3 2 -4 4 -6 -7
leaf_value=0.00027126154470689864 -0.0025072544087602205 0.00036497899009818916 0.0025942167774516732 -0.0020684650269421666 -0.00085218567991861586 -0.00074154799680469473
leaf_weight=275 186 679 194 182 468 205
leaf_count=275 186 679 194 182 468 205
internal_value=-0.000265565 0.000505245 0.000872318 -0.00150865 -0.00120593 -0.000164478
internal_weight=2189 1353 873 836 650 480
internal_count=2189 1353 873 836 650 480
is_linear=0
shrinkage=0.02


Tree=181
num_leaves=7
num_cat=0
split_feature=0 0 13 2 12 4
split_gain=5.15848 0.824827 1.88547 0.588357 0.47558 0.298555
threshold=0.55000000000000016 0.34750000000000003 0.15938715992082589 0.033628304294860141 -0.7298473806936866 0.032282928925362407
decision_type=2 2 8 2 2 2
left_child=1 5 -3 -2 -5 -1
right_child=3 2 -4 4 -6 -7
leaf_value=0.00026703761254404009 -0.0024812629694089838 0.00024906404534846252 0.0022620196357978762 -0.0021559346655878838 -0.00087473751242417275 -0.00073109569329591023
leaf_weight=275 186 609 264 153 497 205
leaf_count=275 186 609 264 153 497 205
internal_value=-0.000260268 0.000502687 0.000867208 -0.0014907 -0.00119047 -0.000162391
internal_weight=2189 1353 873 836 650 480
internal_count=2189 1353 873 836 650 480
is_linear=0
shrinkage=0.02


Tree=182
num_leaves=7
num_cat=0
split_feature=0 1 13 13 3 3
split_gain=5.05262 0.843365 1.31175 0.965369 0.583268 0.680025
threshold=0.55000000000000016 0.19402966521139645 -0.083389818160618592 -0.026689614343064574 0.57735026918962229 1.2602520756252071
decision_type=2 2 8 10 2 2
left_child=1 2 -1 -3 -2 -6
right_child=4 3 -4 -5 5 -7
leaf_value=-0.0010087585619961222 -0.0021052341449226556 0.002338337297777872 0.00062911408289370151 0.00021991796436763946 -0.00032900408452207389 -0.0018217701015230841
leaf_weight=259 344 180 751 163 270 222
leaf_count=259 344 180 751 163 270 222
internal_value=-0.0002552 0.00049988 0.000206205 0.00134925 -0.00147294 -0.00101412
internal_weight=2189 1353 1010 343 836 492
internal_count=2189 1353 1010 343 836 492
is_linear=0
shrinkage=0.02


Tree=183
num_leaves=7
num_cat=0
split_feature=0 1 13 13 2 8
split_gain=4.94098 0.839031 1.28731 0.95732 0.580549 0.4712
threshold=0.55000000000000016 0.19402966521139645 -0.083389818160618592 -0.026689614343064574 0.033628304294860141 0.64320188932338818
decision_type=2 2 8 10 2 2
left_child=1 2 -1 -3 -2 -6
right_child=4 3 -4 -5 5 -7
leaf_value=-0.0010003522375711439 -0.0024381117374485078 0.0023282725815031982 0.00062219049746451522 0.00021871364187626613 -0.0015865124300122261 -0.00047373581448426614
leaf_weight=259 186 180 751 163 395 255
leaf_count=259 186 180 751 163 395 255
internal_value=-0.000250546 0.000496139 0.000203235 0.00134332 -0.00145476 -0.00115691
internal_weight=2189 1353 1010 343 836 650
internal_count=2189 1353 1010 343 836 650
is_linear=0
shrinkage=0.02


Tree=184
num_leaves=7
num_cat=0
split_feature=0 1 13 13 0 11
split_gain=4.83425 0.834554 1.26337 0.949172 0.586829 0.647783
threshold=0.55000000000000016 0.19402966521139645 -0.083389818160618592 -0.026689614343064574 0.69000000000000006 0.64278301372990121
decision_type=2 2 8 10 2 2
left_child=1 2 -1 -3 5 -2
right_child=4 3 -4 -5 -6 -7
leaf_value=-0.00099203489777265172 -0.0023046399656974402 0.0023180683625710977 0.00061534311365586106 0.00021751593621004197 -0.00073713085167460314 -0.00073671414615204616
leaf_weight=259 366 180 751 163 314 156
leaf_count=259 366 180 751 163 314 156
internal_value=-0.000246167 0.000492406 0.000200298 0.00133731 -0.00143731 -0.0018475
internal_weight=2189 1353 1010 343 836 522
internal_count=2189 1353 1010 343 836 522
is_linear=0
shrinkage=0.02


Tree=185
num_leaves=7
num_cat=0
split_feature=0 0 13 0 8 12
split_gain=4.73638 0.830058 1.57163 0.581316 0.683951 0.359707
threshold=0.55000000000000016 0.35750000000000004 0.20661838876563146 0.69750000000000012 0.55655796918789979 0.63963467198826718
decision_type=2 2 8 2 2 2
left_child=1 5 -3 4 -2 -1
right_child=3 2 -4 -5 -6 -7
leaf_value=-0.00046438953863969193 -0.00076083806694531052 0.00040390091414791145 0.00247531087454701 -0.00068501727147535847 -0.0022984953807049366 0.00067441058807834325
leaf_weight=374 178 641 186 292 366 152
leaf_count=374 178 641 186 292 366 152
internal_value=-0.000242408 0.000488647 0.000881856 -0.00142143 -0.00180688 -0.000132055
internal_weight=2189 1353 827 836 544 526
internal_count=2189 1353 827 836 544 526
is_linear=0
shrinkage=0.02


Tree=186
num_leaves=7
num_cat=0
split_feature=0 1 6 8 3 6
split_gain=4.64565 0.829235 1.22451 0.639359 0.577141 0.67579
threshold=0.55000000000000016 0.19402966521139645 6.8610619149350596 0.61249646606128161 0.57735026918962229 6.5762397356601552
decision_type=2 2 2 2 2 2
left_child=1 2 -1 -3 5 -2
right_child=4 3 -4 -5 -6 -7
leaf_value=0.0007786899390227073 -0.0030317542956721402 0.002223016510377387 -0.00062764565745656339 0.00048946107267051615 -0.00095023106611230731 -0.001205193426591068
leaf_weight=591 150 162 419 181 492 194
leaf_count=591 150 162 419 181 492 194
internal_value=-0.000237812 0.000486201 0.000195052 0.0013284 -0.00140549 -0.00203368
internal_weight=2189 1353 1010 343 836 344
internal_count=2189 1353 1010 343 836 344
is_linear=0
shrinkage=0.02


Tree=187
num_leaves=7
num_cat=0
split_feature=0 1 13 13 0 11
split_gain=4.54553 0.822682 1.23786 0.942487 0.582391 0.636662
threshold=0.55000000000000016 0.19402966521139645 -0.083389818160618592 -0.026689614343064574 0.69000000000000006 0.64278301372990121
decision_type=2 2 8 10 2 2
left_child=1 2 -1 -3 5 -2
right_child=4 3 -4 -5 -6 -7
leaf_value=-0.00098759910148201575 -0.0022499734789856039 0.0022987059016485473 0.00060345101133592565 0.00020595995265813101 -0.00069220560331329656 -0.00069734667028699599
leaf_weight=259 366 180 751 163 314 156
leaf_count=259 366 180 751 163 314 156
internal_value=-0.000233583 0.000482581 0.000192594 0.00132144 -0.00138862 -0.00179699
internal_weight=2189 1353 1010 343 836 522
internal_count=2189 1353 1010 343 836 522
is_linear=0
shrinkage=0.02


Tree=188
num_leaves=7
num_cat=0
split_feature=0 0 13 0 11 11
split_gain=4.45358 0.825289 1.54988 0.576005 0.623574 0.514091
threshold=0.55000000000000016 0.35750000000000004 0.20661838876563146 0.69000000000000006 0.64278301372990121 -0.16289174797225425
decision_type=2 2 8 2 2 2
left_child=1 -1 -3 4 -2 -5
right_child=3 2 -4 5 -6 -7
leaf_value=-0.00013994102695125477 -0.0022276556797104705 0.00039639979508639123 0.0024533556799613992 0.00012577574768680736 -0.0006910229173506269 -0.0014764082191153344
leaf_weight=526 366 641 186 158 156 156
leaf_count=526 366 641 186 158 156 156
internal_value=-0.000229972 0.000478908 0.000870992 -0.00137326 -0.00177935 -0.000680879
internal_weight=2189 1353 827 836 522 314
internal_count=2189 1353 827 836 522 314
is_linear=0
shrinkage=0.02


Tree=189
num_leaves=7
num_cat=0
split_feature=0 1 13 13 2 7
split_gain=4.36891 0.816269 1.21195 0.935019 0.575462 0.45824
threshold=0.55000000000000016 0.19402966521139645 -0.083389818160618592 -0.026689614343064574 0.033628304294860141 -0.49326140889570363
decision_type=2 2 8 10 2 2
left_child=1 2 -1 -3 -2 -6
right_child=4 3 -4 -5 5 -7
leaf_value=-0.00097987301139668983 -0.0023347326957118449 0.0022856658282312185 0.00059443037326832029 0.00020136496673027677 -0.0019053091618785245 -0.00071808082797814629
leaf_weight=259 186 180 751 163 182 468
leaf_count=259 186 180 751 163 182 468
internal_value=-0.000225387 0.000476716 0.000187885 0.00131229 -0.00135776 -0.00106251
internal_weight=2189 1353 1010 343 836 650
internal_count=2189 1353 1010 343 836 650
is_linear=0
shrinkage=0.02


Tree=190
num_leaves=7
num_cat=0
split_feature=5 8 12 6 8 13
split_gain=1.16511 1.14567 0.85795 0.759527 1.6172 0.479279
threshold=-0.040000000000000001 0.70902032728097553 0.79334766778371346 6.8610619149350596 0.62631221940170956 0.13259051338053832
decision_type=2 2 2 2 2 8
left_child=3 2 -2 4 -1 -5
right_child=1 -3 -4 5 -6 -7
leaf_value=-0.00023078654814823218 -6.3779818448599286e-05 -0.0019102009251919761 -0.0014503504613583738 -0.0010474295521799121 0.0020952384751713412 0.00043385791702515628
leaf_weight=246 949 212 215 177 226 164
leaf_count=246 949 212 215 177 226 164
internal_value=-0.000221365 -0.000575262 -0.000324998 0.00037746 0.000893234 -0.000339047
internal_weight=2189 1376 1164 813 472 341
internal_count=2189 1376 1164 813 472 341
is_linear=0
shrinkage=0.02


Tree=191
num_leaves=7
num_cat=0
split_feature=0 0 0 0 11 11
split_gain=4.22916 0.825658 1.38405 0.582267 0.608914 0.493489
threshold=0.55000000000000016 0.37250000000000005 0.46000000000000002 0.69000000000000006 0.64278301372990121 -0.16289174797225425
decision_type=2 2 2 2 2 2
left_child=1 -1 -3 4 -2 -5
right_child=3 2 -4 5 -6 -7
leaf_value=-0.00011906634057999372 -0.0021854187279056027 0.0017374228098092166 7.2115384615384622e-05 0.0001500480937445822 -0.0006677600685854136 -0.0014190056522070252
leaf_weight=558 366 384 411 158 156 156
leaf_count=558 366 384 411 158 156 156
internal_value=-0.000220364 0.000470415 0.000882322 -0.00133448 -0.0017425 -0.000639505
internal_weight=2189 1353 795 836 522 314
internal_count=2189 1353 795 836 522 314
is_linear=0
shrinkage=0.02


Tree=192
num_leaves=7
num_cat=0
split_feature=0 1 6 8 0 11
split_gain=4.13834 0.81641 1.17792 0.631224 0.57634 0.596312
threshold=0.55000000000000016 0.19402966521139645 6.8610619149350596 0.61249646606128161 0.69000000000000006 0.64278301372990121
decision_type=2 2 2 2 2 2
left_child=1 2 -1 -3 5 -2
right_child=4 3 -4 -5 -6 -7
leaf_value=0.00074968211069990638 -0.0021636234605408745 0.0021903725664415763 -0.0006296029376175764 0.00046866160727316339 -0.00062818798945988978 -0.00066170460689141889
leaf_weight=591 366 162 419 181 314 156
leaf_count=591 366 162 419 181 314 156
internal_value=-0.000217324 0.000465996 0.000177201 0.00130162 -0.00131942 -0.00172531
internal_weight=2189 1353 1010 343 836 522
internal_count=2189 1353 1010 343 836 522
is_linear=0
shrinkage=0.02


Tree=193
num_leaves=7
num_cat=0
split_feature=0 1 13 13 3 6
split_gain=4.0547 0.809784 1.19372 0.928675 0.572234 0.651199
threshold=0.55000000000000016 0.19402966521139645 -0.083389818160618592 -0.026689614343064574 0.57735026918962229 6.5762397356601552
decision_type=2 2 8 10 2 2
left_child=1 2 -1 -3 5 -2
right_child=4 3 -4 -5 -6 -7
leaf_value=-0.00098392324296362474 -0.0029074588687189162 0.0022648019075796411 0.00057845936604530954 0.00018804266694046203 -0.00085315534346540214 -0.0011186073368518196
leaf_weight=259 150 180 751 163 492 194
leaf_count=259 150 180 751 163 492 194
internal_value=-0.000213828 0.000462547 0.000174936 0.00129477 -0.00130473 -0.00192911
internal_weight=2189 1353 1010 343 836 344
internal_count=2189 1353 1010 343 836 344
is_linear=0
shrinkage=0.02


Tree=194
num_leaves=7
num_cat=0
split_feature=5 8 12 6 8 13
split_gain=1.06205 1.12708 0.822024 0.7227 1.57906 0.466099
threshold=-0.040000000000000001 0.70902032728097553 0.79334766778371346 6.8610619149350596 0.62631221940170956 0.13259051338053832
decision_type=2 2 2 2 2 8
left_child=3 2 -2 4 -1 -5
right_child=1 -3 -4 5 -6 -7
leaf_value=-0.00024538371726811172 -4.4059142532838464e-05 -0.0018717128738829616 -0.0014011710936372931 -0.0010355555327675704 0.0020527678457324624 0.00042525767833655756
leaf_weight=246 949 212 215 177 226 164
leaf_count=246 949 212 215 177 226 164
internal_value=-0.000209871 -0.000547757 -0.000299649 0.000361853 0.000864985 -0.000337002
internal_weight=2189 1376 1164 813 472 341
internal_count=2189 1376 1164 813 472 341
is_linear=0
shrinkage=0.02


Tree=195
num_leaves=7
num_cat=0
split_feature=0 0 8 0 8 12
split_gain=3.92356 0.818857 1.4371 0.579415 0.589694 0.482971
threshold=0.55000000000000016 0.37250000000000005 0.69287575839416904 0.69000000000000006 0.55655796918789979 0.64576313214022807
decision_type=2 2 2 2 2 2
left_child=1 5 -3 4 -2 -1
right_child=3 2 -4 -5 -6 -7
leaf_value=-0.00049942292227053351 -0.00069794232533736665 0.0012966585575692133 -0.00078952372428916758 -0.0005899393063353895 -0.0021549011565996021 0.00079012724785191332
leaf_weight=400 171 632 163 314 351 158
leaf_count=400 171 632 163 314 351 158
internal_value=-0.000208896 0.000456448 0.000866664 -0.00128201 -0.00168877 -0.000130507
internal_weight=2189 1353 795 836 522 558
internal_count=2189 1353 795 836 522 558
is_linear=0
shrinkage=0.02


Tree=196
num_leaves=7
num_cat=0
split_feature=0 1 13 13 0 13
split_gain=3.8486 0.810652 1.17384 0.92141 0.571809 0.652378
threshold=0.55000000000000016 0.19402966521139645 -0.083389818160618592 -0.026689614343064574 0.69750000000000012 -0.0019280105981377745
decision_type=2 2 8 10 2 8
left_child=1 2 -1 -3 5 -2
right_child=4 3 -4 -5 -6 -7
leaf_value=-0.00098252128809690471 -0.00085802924633026126 0.0022531884695227082 0.00056677556239558501 0.0001846636131051041 -0.00054079830947548451 -0.0022723885135431036
leaf_weight=259 245 180 751 163 292 299
leaf_count=259 245 180 751 163 292 299
internal_value=-0.000204636 0.000454315 0.000166598 0.00128696 -0.00126746 -0.00164902
internal_weight=2189 1353 1010 343 836 544
internal_count=2189 1353 1010 343 836 544
is_linear=0
shrinkage=0.02


Tree=197
num_leaves=7
num_cat=0
split_feature=0 0 8 2 12 8
split_gain=3.76964 0.813365 1.42218 0.566011 0.4685 0.462022
threshold=0.55000000000000016 0.37250000000000005 0.69287575839416904 0.033628304294860141 0.64576313214022807 0.64320188932338818
decision_type=2 2 2 2 2 2
left_child=1 4 -3 -2 -1 -5
right_child=3 2 -4 5 -6 -7
leaf_value=-0.00049739164074618421 -0.0022201082508289376 0.0012874711083841848 -0.00078781689916338242 -0.0013862201858311893 0.0007727166570928748 -0.00028988747585278292
leaf_weight=400 186 632 163 395 158 255
leaf_count=400 186 632 163 395 158 255
internal_value=-0.000201287 0.000450865 0.000859707 -0.00125315 -0.000134087 -0.000961617
internal_weight=2189 1353 795 836 558 650
internal_count=2189 1353 795 836 558 650
is_linear=0
shrinkage=0.02


Tree=198
num_leaves=7
num_cat=0
split_feature=0 0 13 0 11 11
split_gain=3.6913 0.806513 1.51701 0.570572 0.582828 0.468472
threshold=0.55000000000000016 0.30000000000000004 0.20661838876563146 0.69000000000000006 0.64278301372990121 -0.16289174797225425
decision_type=2 2 8 2 2 2
left_child=1 -1 -3 4 -2 -5
right_child=3 2 -4 5 -6 -7
leaf_value=-0.00041496988047253001 -0.0020738745306058716 0.00030568359910848722 0.0021393252437950198 0.0002158455605521524 -0.00059225828010843408 -0.0013112477356602686
leaf_weight=325 366 799 229 158 156 156
leaf_count=325 366 799 229 158 156 156
internal_value=-0.000196562 0.000448771 0.000722528 -0.00123744 -0.00164091 -0.000551499
internal_weight=2189 1353 1028 836 522 314
internal_count=2189 1353 1028 836 522 314
is_linear=0
shrinkage=0.02


Tree=199
num_leaves=7
num_cat=0
split_feature=0 1 13 13 0 8
split_gain=3.61851 0.802926 1.14822 0.914395 0.56336 0.573695
threshold=0.55000000000000016 0.19402966521139645 -0.083389818160618592 -0.026689614343064574 0.69000000000000006 0.55655796918789979
decision_type=2 2 8 10 2 2
left_child=1 2 -1 -3 5 -2
right_child=4 3 -4 -5 -6 -7
leaf_value=-0.00097635512917556557 -0.00064839091829278263 0.0022376194175433468 0.00055593309153216921 0.00017722543595092638 -0.00054162668607264858 -0.0020834389261985093
leaf_weight=259 171 180 751 163 314 351
leaf_count=259 171 180 751 163 314 351
internal_value=-0.000192497 0.000446437 0.000160126 0.0012751 -0.00122307 -0.00162395
internal_weight=2189 1353 1010 343 836 522
internal_count=2189 1353 1010 343 836 522
is_linear=0
shrinkage=0.02


Tree=200
num_leaves=7
num_cat=0
split_feature=0 0 0 3 6 3
split_gain=3.54278 0.804208 1.50447 0.559842 0.61807 0.616205
threshold=0.55000000000000016 0.38000000000000006 0.46000000000000002 0.57735026918962229 6.5762397356601552 1.2602520756252071
decision_type=2 2 2 2 2 2
left_child=1 -1 -3 4 -2 -5
right_child=3 2 -4 5 -6 -7
leaf_value=-9.3597717275820396e-05 -0.0027776903913867093 0.0018787412358753717 7.2115384615384622e-05 -0.00011574276902458886 -0.0010381725355608378 -0.0015318431908732469
leaf_weight=612 150 330 411 270 194 222
leaf_count=612 150 330 411 270 194 222
internal_value=-0.000189183 0.000443025 0.000883885 -0.00120891 -0.00182561 -0.000763698
internal_weight=2189 1353 741 836 344 492
internal_count=2189 1353 741 836 344 492
is_linear=0
shrinkage=0.02


Tree=201
num_leaves=7
num_cat=0
split_feature=0 1 6 13 0 11
split_gain=3.45741 0.79519 1.12833 0.905244 0.559766 0.571031
threshold=0.55000000000000016 0.19402966521139645 6.8610619149350596 -0.026689614343064574 0.69000000000000006 0.64278301372990121
decision_type=2 2 2 10 2 2
left_child=1 2 -1 -3 5 -2
right_child=4 3 -4 -5 -6 -7
leaf_value=0.00071438589927329428 -0.0020208755778173874 0.0022212372599421321 -0.00063550622496789065 0.0001713570473449571 -0.0005143512024027427 -0.00055586635511113984
leaf_weight=591 366 180 419 163 314 156
leaf_count=591 366 180 419 163 314 156
internal_value=-0.000185634 0.000438907 0.000154009 0.00126355 -0.00119301 -0.00159248
internal_weight=2189 1353 1010 343 836 522
internal_count=2189 1353 1010 343 836 522
is_linear=0
shrinkage=0.02


Tree=202
num_leaves=7
num_cat=0
split_feature=0 5 13 0 8 4
split_gain=3.38685 0.79489 1.12986 0.551318 0.556733 0.421425
threshold=0.55000000000000016 0.050000000000000024 -0.10518091328739557 0.69000000000000006 0.55655796918789979 0.030000000000000016
decision_type=2 2 8 2 2 2
left_child=1 2 -1 4 -2 -5
right_child=3 -3 -4 5 -6 -7
leaf_value=-0.00084518950823303702 -0.00061572909693826338 0.001728693806081118 0.00059551302438902117 -0.0012402232759926894 -0.0020282699017042526 0.0002082057481250131
leaf_weight=281 171 162 910 153 351 161
leaf_count=281 171 162 910 153 351 161
internal_value=-0.000182299 0.000435834 0.000253487 -0.00117934 -0.00157577 -0.000505935
internal_weight=2189 1353 1191 836 522 314
internal_count=2189 1353 1191 836 522 314
is_linear=0
shrinkage=0.02


Tree=203
num_leaves=7
num_cat=0
split_feature=0 0 0 3 6 8
split_gain=3.31384 0.793533 1.45414 0.544372 0.595899 0.593391
threshold=0.55000000000000016 0.38000000000000006 0.46000000000000002 0.57735026918962229 6.5762397356601552 0.64205302115134155
decision_type=2 2 2 2 2 2
left_child=1 -1 -3 4 -2 -5
right_child=3 2 -4 5 -6 -7
leaf_value=-0.00010071582746787474 -0.0027077167226422219 0.001848279762623915 7.2115384615384622e-05 -0.0012683134061562552 -0.0010008253980821101 0.00015157895642764791
leaf_weight=612 150 330 411 303 194 189
leaf_count=612 150 330 411 303 194 189
internal_value=-0.000179153 0.000432277 0.000870206 -0.00116539 -0.00177324 -0.000726829
internal_weight=2189 1353 741 836 344 492
internal_count=2189 1353 741 836 344 492
is_linear=0
shrinkage=0.02


Tree=204
num_leaves=7
num_cat=0
split_feature=0 5 13 0 11 11
split_gain=3.23486 0.79118 1.10876 0.547427 0.558767 0.447692
threshold=0.55000000000000016 0.050000000000000024 -0.10518091328739557 0.69000000000000006 0.64278301372990121 -0.16289174797225425
decision_type=2 2 8 2 2 2
left_child=1 2 -1 4 -2 -5
right_child=3 -3 -4 5 -6 -7
leaf_value=-0.00084200610387158566 -0.0019688361859064541 0.0017180228092802501 0.00058516110715397781 0.0002687642206809272 -0.00052107282491944593 -0.0012228467380223068
leaf_weight=281 366 162 910 158 156 156
leaf_count=281 366 162 910 158 156 156
internal_value=-0.000175881 0.000428217 0.000246328 -0.0011503 -0.00154522 -0.000479842
internal_weight=2189 1353 1191 836 522 314
internal_count=2189 1353 1191 836 522 314
is_linear=0
shrinkage=0.02


Tree=205
num_leaves=7
num_cat=0
split_feature=0 1 6 13 0 11
split_gain=3.16513 0.787921 1.10333 0.903448 0.539652 0.546155
threshold=0.55000000000000016 0.19402966521139645 6.8610619149350596 -0.026689614343064574 0.69000000000000006 0.64278301372990121
decision_type=2 2 2 10 2 2
left_child=1 2 -1 -3 5 -2
right_child=4 3 -4 -5 -6 -7
leaf_value=0.00069535441108805056 -0.0019476013990104039 0.0022022448190160701 -0.00063947147873168772 0.00015497261747008279 -0.00047114794951247569 -0.00051621811360305875
leaf_weight=591 366 180 419 163 314 156
leaf_count=591 366 180 419 163 314 156
internal_value=-0.000172845 0.000424703 0.000141178 0.00124555 -0.0011367 -0.00152879
internal_weight=2189 1353 1010 343 836 522
internal_count=2189 1353 1010 343 836 522
is_linear=0
shrinkage=0.02


Tree=206
num_leaves=7
num_cat=0
split_feature=0 5 13 3 3 6
split_gain=3.10002 0.787033 1.09302 0.531457 0.587461 0.573729
threshold=0.55000000000000016 0.050000000000000024 -0.10518091328739557 0.57735026918962229 1.2602520756252071 6.5762397356601552
decision_type=2 2 8 2 2 2
left_child=1 2 -1 5 -5 -2
right_child=3 -3 -4 4 -6 -7
leaf_value=-0.00084022195371506096 -0.0026404977834993794 0.0017081077894318603 0.00057676088258171144 -5.9092600237239492e-05 -0.0014406321256827679 -0.00096659921072236258
leaf_weight=281 150 162 910 270 222 194
leaf_count=281 150 162 910 270 222 194
internal_value=-0.000169653 0.000421713 0.000240328 -0.00112355 -0.000690692 -0.00172387
internal_weight=2189 1353 1191 836 492 344
internal_count=2189 1353 1191 836 492 344
is_linear=0
shrinkage=0.02


Tree=207
num_leaves=7
num_cat=0
split_feature=0 0 8 0 13 12
split_gain=3.02632 0.788018 1.40802 0.535113 0.631339 0.453559
threshold=0.55000000000000016 0.37250000000000005 0.69287575839416904 0.69750000000000012 -0.0019280105981377745 0.64576313214022807
decision_type=2 2 2 2 8 2
left_child=1 5 -3 4 -2 -1
right_child=3 2 -4 -5 -6 -7
leaf_value=-0.000514615096041881 -0.00070358253479003898 0.0012464136474735134 -0.00081798871713025228 -0.00040843262741662036 -0.0020891026730992294 0.00073520231414929123
leaf_weight=400 245 632 163 292 299 158
leaf_count=400 245 632 163 292 299 158
internal_value=-0.000166055 0.000418234 0.000820679 -0.00110855 -0.0014772 -0.000157338
internal_weight=2189 1353 795 836 544 558
internal_count=2189 1353 795 836 544 558
is_linear=0
shrinkage=0.02


Tree=208
num_leaves=7
num_cat=0
split_feature=0 5 13 0 8 11
split_gain=2.96803 0.783571 1.07376 0.52689 0.539691 0.429567
threshold=0.55000000000000016 0.050000000000000024 -0.10518091328739557 0.69000000000000006 0.55938766524497197 -0.16289174797225425
decision_type=2 2 8 2 2 2
left_child=1 2 -1 4 -2 -5
right_child=3 -3 -4 5 -6 -7
leaf_value=-0.00083556531348845343 -0.00055215946788894394 0.0016999103127794709 0.00056887047230189699 0.00029390097807155798 -0.0019339217047178038 -0.00116661051230401
leaf_weight=281 174 162 910 158 348 156
leaf_count=281 174 162 910 158 348 156
internal_value=-0.00016226 0.00041637 0.000235405 -0.00109564 -0.00148294 -0.000438616
internal_weight=2189 1353 1191 836 522 314
internal_count=2189 1353 1191 836 522 314
is_linear=0
shrinkage=0.02


Tree=209
num_leaves=7
num_cat=0
split_feature=0 0 8 0 11 11
split_gain=2.90339 0.789009 1.10753 0.51888 0.534787 0.415195
threshold=0.55000000000000016 0.25000000000000006 0.70902032728097553 0.69000000000000006 0.64278301372990121 -0.16289174797225425
decision_type=2 2 2 2 2 2
left_child=1 -1 -3 4 -2 -5
right_child=3 2 -4 5 -6 -7
leaf_value=-0.00071762066448683901 -0.0018810571316438865 0.00090017529417082899 -0.00073002055287361143 0.00028953753503188038 -0.00046678376679094684 -0.0011463216456197064
leaf_weight=205 366 950 198 158 156 156
leaf_count=205 366 950 198 158 156 156
internal_value=-0.00015935 0.00041294 0.000617063 -0.00108251 -0.00146684 -0.000430606
internal_weight=2189 1353 1148 836 522 314
internal_count=2189 1353 1148 836 522 314
is_linear=0
shrinkage=0.02


Tree=210
num_leaves=7
num_cat=0
split_feature=0 0 0 3 8 6
split_gain=2.8452 0.781053 1.36444 0.518224 0.574126 0.547788
threshold=0.55000000000000016 0.38000000000000006 0.46000000000000002 0.57735026918962229 0.64205302115134155 6.5762397356601552
decision_type=2 2 2 2 2 2
left_child=1 -1 -3 5 -5 -2
right_child=3 2 -4 4 -6 -7
leaf_value=-0.00011791356064143744 -0.0025573253213397916 0.0017926546148399809 7.2115384615384622e-05 -0.0011756465313109486 0.00021954974140395823 -0.00092300320240720432
leaf_weight=612 150 330 411 303 189 194
leaf_count=612 150 330 411 303 189 194
internal_value=-0.000155781 0.000410741 0.000845227 -0.00106964 -0.00064287 -0.00166207
internal_weight=2189 1353 741 836 492 344
internal_count=2189 1353 741 836 492 344
is_linear=0
shrinkage=0.02


Tree=211
num_leaves=7
num_cat=0
split_feature=0 5 13 0 8 11
split_gain=2.77662 0.778882 1.05521 0.514332 0.527869 0.399839
threshold=0.55000000000000016 0.050000000000000024 -0.10518091328739557 0.69000000000000006 0.55938766524497197 -0.16289174797225425
decision_type=2 2 8 2 2 2
left_child=1 2 -1 4 -2 -5
right_child=3 -3 -4 5 -6 -7
leaf_value=-0.00083519777374250917 -0.00051875244139293049 0.0016864654290194283 0.0005570222396859034 0.00029925207601734467 -0.0018840372984537659 -0.0011095274785845918
leaf_weight=281 174 162 910 158 348 156
leaf_count=281 174 162 910 158 348 156
internal_value=-0.000152839 0.00040681 0.000226429 -0.00105562 -0.00143818 -0.000407072
internal_weight=2189 1353 1191 836 522 314
internal_count=2189 1353 1191 836 522 314
is_linear=0
shrinkage=0.02


Tree=212
num_leaves=6
num_cat=0
split_feature=5 8 12 4 9
split_gain=0.693804 1.0972 0.726063 0.684655 0.668272
threshold=-0.040000000000000001 0.70902032728097553 0.79334766778371346 0.040311288741492778 0.83277673940762009
decision_type=2 2 2 2 2
left_child=3 2 -2 4 -1
right_child=1 -3 -4 -5 -6
leaf_value=0.0012036393483412875 6.0693647817901844e-05 -0.001729078006153832 -0.0012142318026586011 -0.0004832099399349669 -0.00031198276135445098
leaf_weight=366 949 212 215 280 167
leaf_count=366 949 212 215 280 167
internal_value=-0.000150075 -0.0004232 -0.000178981 0.000311949 0.000730277
internal_weight=2189 1376 1164 813 533
internal_count=2189 1376 1164 813 533
is_linear=0
shrinkage=0.02


Tree=213
num_leaves=7
num_cat=0
split_feature=0 1 6 13 0 11
split_gain=2.6867 0.781653 1.0729 0.905767 0.508564 0.52081
threshold=0.55000000000000016 0.19402966521139645 6.8610619149350596 -0.026689614343064574 0.69000000000000006 0.64278301372990121
decision_type=2 2 2 10 2 2
left_child=1 2 -1 -3 5 -2
right_child=4 3 -4 -5 -6 -7
leaf_value=0.00066564654926738189 -0.0018262029866966598 0.0021767652924801852 -0.00065060752525240319 0.00012781945101562002 -0.00039256852832520643 -0.00043189134101689973
leaf_weight=591 366 180 419 163 314 156
leaf_count=591 366 180 419 163 314 156
internal_value=-0.000149153 0.000401357 0.000119082 0.00121889 -0.0010372 -0.00141756
internal_weight=2189 1353 1010 343 836 522
internal_count=2189 1353 1010 343 836 522
is_linear=0
shrinkage=0.02


Tree=214
num_leaves=6
num_cat=0
split_feature=5 8 12 4 9
split_gain=0.663231 1.0782 0.703871 0.667211 0.65235
threshold=-0.040000000000000001 0.70902032728097553 0.79334766778371346 0.040311288741492778 0.83277673940762009
decision_type=2 2 2 2 2
left_child=3 2 -2 4 -1
right_child=1 -3 -4 -5 -6
leaf_value=0.0011861478803036709 6.4732058860158517e-05 -0.0017077985701198404 -0.0011905389489098028 -0.00047946212680912331 -0.00031124827841986824
leaf_weight=366 949 212 215 280 167
leaf_count=366 949 212 215 280 167
internal_value=-0.000146252 -0.000413292 -0.000171227 0.000305476 0.00071845
internal_weight=2189 1376 1164 813 533
internal_count=2189 1376 1164 813 533
is_linear=0
shrinkage=0.02


Tree=215
num_leaves=6
num_cat=0
split_feature=0 5 6 2 8
split_gain=2.6026 0.782818 0.905878 0.504373 0.44147
threshold=0.55000000000000016 0.050000000000000024 6.8610619149350596 0.033628304294860141 0.64320188932338818
decision_type=2 2 2 2 2
left_child=1 2 -1 -2 -5
right_child=3 -3 -4 4 -6
leaf_value=0.00067804484975811472 -0.0019291863816726896 0.0016793098643109827 -0.00043690757386438656 -0.0011609251711517572 -9.4063921043506041e-05
leaf_weight=697 186 162 494 395 255
leaf_count=697 186 162 494 395 255
internal_value=-0.000145345 0.000396477 0.000215694 -0.00101938 -0.0007463
internal_weight=2189 1353 1191 836 650
internal_count=2189 1353 1191 836 650
is_linear=0
shrinkage=0.02


Tree=216
num_leaves=7
num_cat=0
split_feature=0 1 0 13 0 8
split_gain=2.5423 0.779451 1.04666 0.898498 0.504986 0.509498
threshold=0.55000000000000016 0.19402966521139645 0.48000000000000004 -0.026689614343064574 0.69000000000000006 0.55938766524497197
decision_type=2 2 2 10 2 2
left_child=1 2 -1 -3 5 -2
right_child=4 3 -4 -5 -6 -7
leaf_value=0.00040969322616501709 -0.00048258871006566056 0.0021638734958361132 -0.0012637362637362636 0.00012330290462289538 -0.00036410986512992819 -0.0018226814236249195
leaf_weight=833 174 180 177 163 314 348
leaf_count=833 174 180 177 163 314 348
internal_value=-0.000142018 0.000393486 0.000111648 0.00120986 -0.00100588 -0.0013848
internal_weight=2189 1353 1010 343 836 522
internal_count=2189 1353 1010 343 836 522
is_linear=0
shrinkage=0.02


Tree=217
num_leaves=7
num_cat=0
split_feature=0 0 8 3 8 6
split_gain=2.48213 0.784407 1.30168 0.500945 0.560599 0.520255
threshold=0.55000000000000016 0.38000000000000006 0.69287575839416904 0.57735026918962229 0.64205302115134155 6.5762397356601552
decision_type=2 2 2 2 2 2
left_child=1 -1 -3 5 -5 -2
right_child=3 2 -4 4 -6 -7
leaf_value=-0.00014089691898154586 -0.0024476270613170439 0.0012498697115840237 -0.00079963635417479501 -0.0011019410507439019 0.00027562596671974537 -0.00085739489476285391
leaf_weight=612 150 588 153 303 189 194
leaf_count=612 150 588 153 303 189 194
internal_value=-0.000140398 0.000388731 0.000824169 -0.000993972 -0.000575305 -0.00157594
internal_weight=2189 1353 741 836 492 344
internal_count=2189 1353 741 836 492 344
is_linear=0
shrinkage=0.02


Tree=218
num_leaves=7
num_cat=0
split_feature=0 5 13 0 11 4
split_gain=2.43044 0.779885 1.02764 0.498381 0.505847 0.387262
threshold=0.55000000000000016 0.050000000000000024 -0.10518091328739557 0.69000000000000006 0.64278301372990121 0.030000000000000016
decision_type=2 2 8 2 2 2
left_child=1 2 -1 4 -2 -5
right_child=3 -3 -4 5 -6 -7
leaf_value=-0.00084055801111084601 -0.0017597728541919164 0.0016677893255419001 0.00053329573589112466 -0.0010484247645245323 -0.00038739951500981493 0.00033748717731740103
leaf_weight=281 366 162 910 153 156 161
leaf_count=281 366 162 910 153 156 161
internal_value=-0.000136184 0.000387398 0.000206995 -0.000980827 -0.00135721 -0.000343662
internal_weight=2189 1353 1191 836 522 314
internal_count=2189 1353 1191 836 522 314
is_linear=0
shrinkage=0.02


Tree=219
num_leaves=7
num_cat=0
split_feature=0 0 8 0 13 4
split_gain=2.37746 0.778833 1.36951 0.490171 0.607897 0.33998
threshold=0.55000000000000016 0.37250000000000005 0.69287575839416904 0.69750000000000012 0.026961770043783331 0.036464880364537079
decision_type=2 2 2 2 8 2
left_child=1 5 -3 4 -2 -1
right_child=3 2 -4 -5 -6 -7
leaf_value=0.00017344290521853985 -0.00062564797672159944 0.0012042830273906702 -0.0008313273035344623 -0.00030102821487168268 -0.0019741735477464477 -0.00085284639469315141
leaf_weight=364 268 632 163 292 276 194
leaf_count=364 268 632 163 292 276 194
internal_value=-0.000133638 0.000384204 0.000784332 -0.000969025 -0.00132157 -0.000187773
internal_weight=2189 1353 795 836 544 558
internal_count=2189 1353 795 836 544 558
is_linear=0
shrinkage=0.02


Tree=220
num_leaves=7
num_cat=0
split_feature=0 5 13 3 3 6
split_gain=2.3319 0.77533 1.00957 0.483505 0.548206 0.502991
threshold=0.55000000000000016 0.050000000000000024 -0.10518091328739557 0.57735026918962229 1.2602520756252071 6.5762397356601552
decision_type=2 2 8 2 2 2
left_child=1 2 -1 5 -5 -2
right_child=3 -3 -4 4 -6 -7
leaf_value=-0.00083552063970299031 -0.0023859218474357358 0.0016592561889406359 0.00052619404112411248 6.138337850570679e-05 -0.0012710148437432782 -0.00082343395481157544
leaf_weight=281 150 162 910 270 222 194
leaf_count=281 150 162 910 270 222 194
internal_value=-0.000130226 0.000382625 0.000202766 -0.000957576 -0.000546559 -0.00152917
internal_weight=2189 1353 1191 836 492 344
internal_count=2189 1353 1191 836 492 344
is_linear=0
shrinkage=0.02


Tree=221
num_leaves=7
num_cat=0
split_feature=0 0 13 0 11 12
split_gain=2.27585 0.774062 1.25733 0.48415 0.495135 0.447998
threshold=0.55000000000000016 0.38000000000000006 0.20661838876563146 0.69000000000000006 0.64278301372990121 0.64576313214022807
decision_type=2 2 8 2 2 2
left_child=1 5 -3 4 -2 -1
right_child=3 2 -4 -5 -6 -7
leaf_value=-0.0004800276022407551 -0.00171359068621201 0.00035916304444196109 0.0023129643638466679 -0.00031697214747484202 -0.0003570073361722579 0.00071610378363737087
leaf_weight=443 366 574 167 314 156 169
leaf_count=443 366 574 167 314 156 169
internal_value=-0.000127165 0.000379481 0.000812045 -0.000944512 -0.00131541 -0.000146597
internal_weight=2189 1353 741 836 522 612
internal_count=2189 1353 741 836 522 612
is_linear=0
shrinkage=0.02


Tree=222
num_leaves=7
num_cat=0
split_feature=0 1 6 8 0 8
split_gain=2.23248 0.77161 1.02658 0.612434 0.475069 0.493303
threshold=0.55000000000000016 0.19402966521139645 6.8610619149350596 0.61249646606128161 0.69000000000000006 0.55938766524497197
decision_type=2 2 2 2 2 2
left_child=1 2 -1 -3 5 -2
right_child=4 3 -4 -5 -6 -7
leaf_value=0.00063231975745410508 -0.0004153143343978754 0.0020649363858692214 -0.00065517331397474995 0.00037280113306096803 -0.00031178532466058821 -0.0017313295400176441
leaf_weight=591 174 162 419 181 314 348
leaf_count=591 174 162 419 181 314 348
internal_value=-0.00012384 0.000377949 9.7605e-05 0.00119019 -0.000933365 -0.00130076
internal_weight=2189 1353 1010 343 836 522
internal_count=2189 1353 1010 343 836 522
is_linear=0
shrinkage=0.02


Tree=223
num_leaves=7
num_cat=0
split_feature=0 5 13 3 3 6
split_gain=2.18525 0.770515 0.990617 0.470209 0.528214 0.485408
threshold=0.55000000000000016 0.050000000000000024 -0.10518091328739557 0.57735026918962229 1.2602520756252071 6.5762397356601552
decision_type=2 2 8 2 2 2
left_child=1 2 -1 5 -5 -2
right_child=3 -3 -4 4 -6 -7
leaf_value=-0.00083257181400602507 -0.0023270844648922641 0.001647794332242331 0.0005162837169237455 7.9193730245937015e-05 -0.0012283740002284492 -0.0007930584326760853
leaf_weight=281 150 162 910 270 222 194
leaf_count=281 150 162 910 270 222 194
internal_value=-0.000121292 0.000375159 0.00019589 -0.000922211 -0.000517229 -0.00148572
internal_weight=2189 1353 1191 836 492 344
internal_count=2189 1353 1191 836 492 344
is_linear=0
shrinkage=0.02


Tree=224
num_leaves=6
num_cat=0
split_feature=0 0 8 0 13
split_gain=2.13267 0.769554 1.06109 0.46849 0.58998
threshold=0.55000000000000016 0.25000000000000006 0.70902032728097553 0.69750000000000012 0.026961770043783331
decision_type=2 2 2 2 8
left_child=1 -1 -3 4 -2
right_child=3 2 -4 -5 -6
leaf_value=-0.00074406791857576802 -0.0005698200121467367 0.00085094712776039277 -0.00074436995710058177 -0.00025733340744819709 -0.0018966780427936134
leaf_weight=205 268 950 198 292 276
leaf_count=205 268 950 198 292 276
internal_value=-0.000118351 0.000372086 0.000573762 -0.000909578 -0.00125415
internal_weight=2189 1353 1148 836 544
internal_count=2189 1353 1148 836 544
is_linear=0
shrinkage=0.02


Tree=225
num_leaves=7
num_cat=0
split_feature=0 5 6 0 11 11
split_gain=2.09066 0.766009 0.862362 0.459973 0.485172 0.375455
threshold=0.55000000000000016 0.050000000000000024 6.8610619149350596 0.69000000000000006 0.64278301372990121 -0.16289174797225425
decision_type=2 2 2 2 2 2
left_child=1 2 -1 4 -2 -5
right_child=3 -3 -4 5 -6 -7
leaf_value=0.00064260885979618046 -0.0016542753416572942 0.0016390653648748325 -0.0004451739941051749 0.00039440867176816514 -0.00031317163883529093 -0.0009691140208370197
leaf_weight=697 366 162 494 158 156 156
leaf_count=697 366 162 494 158 156 156
internal_value=-0.000115407 0.000370172 0.000191446 -0.000898806 -0.00126026 -0.000287582
internal_weight=2189 1353 1191 836 522 314
internal_count=2189 1353 1191 836 522 314
is_linear=0
shrinkage=0.02


Tree=226
num_leaves=7
num_cat=0
split_feature=0 0 8 3 8 12
split_gain=2.04565 0.766734 1.2693 0.456749 0.542847 0.434838
threshold=0.55000000000000016 0.38000000000000006 0.69287575839416904 0.57735026918962229 0.64205302115134155 0.64576313214022807
decision_type=2 2 2 2 2 2
left_child=1 5 -3 -2 -5 -1
right_child=3 2 -4 4 -6 -7
leaf_value=-0.00048452498710373351 -0.0014430642283833814 0.0012183537511359179 -0.0008052460415453851 -0.0010075323578792733 0.00034679926355782244 0.00069396617043570707
leaf_weight=443 344 588 153 303 189 169
leaf_count=443 344 588 153 303 189 169
internal_value=-0.000112914 0.000367406 0.000797929 -0.000887836 -0.000489016 -0.000156105
internal_weight=2189 1353 741 836 492 612
internal_count=2189 1353 741 836 492 612
is_linear=0
shrinkage=0.02


Tree=227
num_leaves=7
num_cat=0
split_feature=0 1 0 13 0 8
split_gain=2.00268 0.75939 1.01104 0.899925 0.455219 0.478375
threshold=0.55000000000000016 0.19402966521139645 0.48000000000000004 -0.026689614343064574 0.69000000000000006 0.55938766524497197
decision_type=2 2 2 10 2 2
left_child=1 2 -1 -3 5 -2
right_child=4 3 -4 -5 -6 -7
leaf_value=0.00038092556471079544 -0.0003652542679669471 0.0021264505716720346 -0.0012637362637362636 8.5536872169801172e-05 -0.00026833043903766381 -0.0016593651629709996
leaf_weight=833 174 180 177 163 314 348
leaf_count=833 174 180 177 163 314 348
internal_value=-0.000109277 0.000365964 8.78972e-05 0.00117173 -0.000876021 -0.00123555
internal_weight=2189 1353 1010 343 836 522
internal_count=2189 1353 1010 343 836 522
is_linear=0
shrinkage=0.02


Tree=228
num_leaves=6
num_cat=0
split_feature=0 5 13 5 12
split_gain=1.95428 0.763607 0.976221 0.452732 0.431906
threshold=0.55000000000000016 0.050000000000000024 -0.10518091328739557 0.055000000000000084 -0.7298473806936866
decision_type=2 2 8 2 2
left_child=1 2 -1 -2 -5
right_child=3 -3 -4 4 -6
leaf_value=-0.00083790374021013307 -0.0015640281664358602 0.0016282584599894053 0.0005010780690153908 -0.0014562639166270533 -0.00022214990944625039
leaf_weight=281 254 162 910 150 432
leaf_count=281 254 162 910 150 432
internal_value=-0.000108076 0.000361388 0.000182982 -0.000865498 -0.000549916
internal_weight=2189 1353 1191 836 582
internal_count=2189 1353 1191 836 582
is_linear=0
shrinkage=0.02


Tree=229
num_leaves=7
num_cat=0
split_feature=0 0 8 0 11 12
split_gain=1.91072 0.765661 1.25732 0.447453 0.470463 0.421902
threshold=0.55000000000000016 0.38000000000000006 0.69287575839416904 0.69000000000000006 0.64278301372990121 0.64576313214022807
decision_type=2 2 2 2 2 2
left_child=1 5 -3 4 -2 -1
right_child=3 2 -4 -5 -6 -7
leaf_value=-0.00048807881533450984 -0.0015990257142689029 0.0012071200582068444 -0.00080682235428049601 -0.00025249203159050505 -0.00027963317329098719 0.00067280914512363903
leaf_weight=443 366 588 153 314 156 169
leaf_count=443 366 588 153 314 156 169
internal_value=-0.000105766 0.000358434 0.000788665 -0.000854702 -0.00121112 -0.000164652
internal_weight=2189 1353 741 836 522 612
internal_count=2189 1353 741 836 522 612
is_linear=0
shrinkage=0.02


Tree=230
num_leaves=6
num_cat=0
split_feature=0 5 13 5 8
split_gain=1.87443 0.75989 0.958552 0.442791 0.402806
threshold=0.55000000000000016 0.050000000000000024 -0.10518091328739557 0.055000000000000084 0.63387932992119733
decision_type=2 2 8 2 2
left_child=1 2 -1 -2 -5
right_child=3 -3 -4 4 -6
leaf_value=-0.00083251830893796644 -0.0015352324669655687 0.0016207971029585885 0.00049428359222918993 -0.00096682702084125458 9.7662189700564394e-05
leaf_weight=281 254 162 910 343 239
leaf_count=281 254 162 910 343 239
internal_value=-0.000102739 0.000357027 0.000179071 -0.000844532 -0.000532583
internal_weight=2189 1353 1191 836 582
internal_count=2189 1353 1191 836 582
is_linear=0
shrinkage=0.02


Tree=231
num_leaves=7
num_cat=0
split_feature=0 0 8 0 8 12
split_gain=1.83181 0.759859 1.32368 0.439349 0.466111 0.4018
threshold=0.55000000000000016 0.37250000000000005 0.69287575839416904 0.69000000000000006 0.55938766524497197 0.64576313214022807
decision_type=2 2 2 2 2 2
left_child=1 5 -3 4 -2 -1
right_child=3 2 -4 -5 -6 -7
leaf_value=-0.00054654887365177278 -0.00032897229967170587 0.0011622703047337675 -0.00083868183550380533 -0.00023726767530448759 -0.0016051015063655951 0.00063020287161590137
leaf_weight=400 174 632 163 314 348 158
leaf_count=400 174 632 163 314 348 158
internal_value=-0.000100427 0.000354078 0.000749335 -0.00083374 -0.00118688 -0.000210709
internal_weight=2189 1353 795 836 522 558
internal_count=2189 1353 795 836 522 558
is_linear=0
shrinkage=0.02


Tree=232
num_leaves=6
num_cat=0
split_feature=8 11 8 8 4
split_gain=0.540086 0.925658 0.898798 1.35655 0.579949
threshold=0.70902032728097553 0.10882993669133921 0.63387932992119733 0.57551116111238565 0.021650635094610973
decision_type=2 2 2 2 2
left_child=2 -2 3 -1 -4
right_child=1 -3 4 -5 -6
leaf_value=0.00022576191249010693 0.00031091431230536584 -0.0017510412846362064 -0.0001223250774955246 -0.0011269361489906874 0.0012091156786353059
leaf_weight=841 157 187 208 452 344
leaf_count=841 157 187 208 452 344
internal_value=-9.75027e-05 -0.000819002 3.88708e-05 -0.000249627 0.000710819
internal_weight=2189 344 1845 1293 552
internal_count=2189 344 1845 1293 552
is_linear=0
shrinkage=0.02


Tree=233
num_leaves=7
num_cat=0
split_feature=0 5 6 3 8 6
split_gain=1.79285 0.753295 0.839475 0.437504 0.517516 0.458215
threshold=0.55000000000000016 0.050000000000000024 6.8610619149350596 0.57735026918962229 0.64205302115134155 6.5762397356601552
decision_type=2 2 2 2 2 2
left_child=1 2 -1 5 -5 -2
right_child=3 -3 -4 4 -6 -7
leaf_value=0.00062132711264243788 -0.0021810731058639864 0.0016115910135499553 -0.0004518874701605233 -0.00093864156804108004 0.00038306489586830138 -0.00069483154944738562
leaf_weight=697 150 162 494 303 189 194
leaf_count=697 150 162 494 303 189 194
internal_value=-9.63124e-05 0.000353325 0.000176154 -0.000821789 -0.000432167 -0.00136486
internal_weight=2189 1353 1191 836 492 344
internal_count=2189 1353 1191 836 492 344
is_linear=0
shrinkage=0.02


Tree=234
num_leaves=7
num_cat=0
split_feature=0 1 0 13 5 12
split_gain=1.75088 0.749639 0.991166 0.899902 0.431866 0.421447
threshold=0.55000000000000016 0.19402966521139645 0.48000000000000004 -0.026689614343064574 0.055000000000000084 -0.7298473806936866
decision_type=2 2 2 10 2 2
left_child=1 2 -1 -3 -2 -6
right_child=4 3 -4 -5 5 -7
leaf_value=0.00036466205816578146 -0.0014924907917336608 0.0021059271925305194 -0.0012637362637362636 6.5692439675331117e-05 -0.0013979211713998549 -0.0001795919725428457
leaf_weight=833 254 180 177 163 150 432
leaf_count=833 254 180 177 163 150 432
internal_value=-9.36622e-05 0.000350677 7.44698e-05 0.00115124 -0.0008106 -0.000502827
internal_weight=2189 1353 1010 343 836 582
internal_count=2189 1353 1010 343 836 582
is_linear=0
shrinkage=0.02


Tree=235
num_leaves=7
num_cat=0
split_feature=0 0 8 0 11 4
split_gain=1.70711 0.75348 1.23154 0.431698 0.457277 0.407745
threshold=0.55000000000000016 0.38000000000000006 0.69287575839416904 0.69000000000000006 0.64278301372990121 0.032282928925362407
decision_type=2 2 2 2 2 2
left_child=1 5 -3 4 -2 -1
right_child=3 2 -4 -5 -6 -7
leaf_value=0.00027016246708303019 -0.0015327448383817134 0.001187213809051964 -0.00080586070878596247 -0.00020968129829179529 -0.00023370816655780957 -0.0007658360516125301
leaf_weight=352 366 588 153 314 156 260
leaf_count=352 366 588 153 314 156 260
internal_value=-9.25116e-05 0.00034624 0.000773045 -0.000800432 -0.00115043 -0.000172607
internal_weight=2189 1353 741 836 522 612
internal_count=2189 1353 741 836 522 612
is_linear=0
shrinkage=0.02


Tree=236
num_leaves=7
num_cat=0
split_feature=0 5 6 0 8 11
split_gain=1.67499 0.749409 0.819992 0.422817 0.448936 0.352599
threshold=0.55000000000000016 0.050000000000000024 6.8610619149350596 0.69000000000000006 0.55938766524497197 -0.16289174797225425
decision_type=2 2 2 2 2 2
left_child=1 2 -1 4 -2 -5
right_child=3 -3 -4 5 -6 -7
leaf_value=0.00060827700791355127 -0.00029624813428804199 0.0015999512310825778 -0.00045239397369414749 0.00045313760135437081 -0.0015475877444061951 -0.00086742377683797977
leaf_weight=697 174 162 494 158 348 156
leaf_count=697 174 162 494 158 348 156
internal_value=-8.96367e-05 0.000344962 0.000168282 -0.000790869 -0.00113724 -0.00020625
internal_weight=2189 1353 1191 836 522 314
internal_count=2189 1353 1191 836 522 314
is_linear=0
shrinkage=0.02


Tree=237
num_leaves=7
num_cat=0
split_feature=0 0 13 5 12 12
split_gain=1.63827 0.744791 1.24988 0.419694 0.407012 0.397636
threshold=0.55000000000000016 0.38000000000000006 0.20661838876563146 0.055000000000000084 -0.7298473806936866 0.64576313214022807
decision_type=2 2 8 2 2 2
left_child=1 5 -3 -2 -5 -1
right_child=3 2 -4 4 -6 -7
leaf_value=-0.00048736446302167938 -0.0014529806884674493 0.00031560786441611917 0.0022629586763160173 -0.001357326383792585 -0.00016033193322422847 0.00063972359500429326
leaf_weight=443 254 574 167 150 432 169
leaf_count=443 254 574 167 150 432 169
internal_value=-8.74358e-05 0.00034237 0.00076671 -0.000780943 -0.000477769 -0.000173464
internal_weight=2189 1353 741 836 582 612
internal_count=2189 1353 741 836 582 612
is_linear=0
shrinkage=0.02


Tree=238
num_leaves=7
num_cat=0
split_feature=0 5 13 3 7 6
split_gain=1.60579 0.744312 0.942394 0.419833 0.507589 0.438688
threshold=0.55000000000000016 0.050000000000000024 -0.10518091328739557 0.57735026918962229 -0.27294014804564465 6.5762397356601552
decision_type=2 2 8 2 2 2
left_child=1 2 -1 5 -5 -2
right_child=3 -3 -4 4 -6 -7
leaf_value=-0.00083794991010344112 -0.0021009806050888953 0.0015917661536239578 0.00047758474866630606 -0.0012685254969915681 7.3991917976827342e-05 -0.0006484284117143957
leaf_weight=281 150 162 910 167 325 194
leaf_count=281 150 162 910 167 325 194
internal_value=-8.44562e-05 0.000341061 0.000164997 -0.000771056 -0.000389877 -0.00130283
internal_weight=2189 1353 1191 836 492 344
internal_count=2189 1353 1191 836 492 344
is_linear=0
shrinkage=0.02


Tree=239
num_leaves=7
num_cat=0
split_feature=0 0 8 0 13 4
split_gain=1.56763 0.744907 0.885478 0.415156 0.451179 0.346916
threshold=0.55000000000000016 0.23000000000000001 0.70902032728097553 0.69000000000000006 0.026961770043783331 0.030000000000000016
decision_type=2 2 2 2 8 2
left_child=1 -1 -3 4 -2 -5
right_child=3 2 -4 5 -6 -7
leaf_value=-0.0009463424528075848 -0.00049011971073589105 0.00075147464945763646 -0.00069087319365404186 -0.00085017881886679917 -0.0016745179814606135 0.00045986780694809307
leaf_weight=155 256 997 201 153 266 161
leaf_count=155 256 997 201 153 266 161
internal_value=-8.22529e-05 0.000338176 0.000507612 -0.000760649 -0.00110382 -0.000181787
internal_weight=2189 1353 1198 836 522 314
internal_count=2189 1353 1198 836 522 314
is_linear=0
shrinkage=0.02


Tree=240
num_leaves=7
num_cat=0
split_feature=0 5 13 0 11 11
split_gain=1.53579 0.739505 0.927312 0.407136 0.443833 0.338368
threshold=0.55000000000000016 0.050000000000000024 -0.10518091328739557 0.69000000000000006 0.64278301372990121 -0.16289174797225425
decision_type=2 2 8 2 2 2
left_child=1 2 -1 4 -2 -5
right_child=3 -3 -4 5 -6 -7
leaf_value=-0.00083409197628498083 -0.0014677528856256903 0.0015829033057712866 0.00047086514030517042 0.00046732720284739884 -0.00018957261898502799 -0.00082609759701520011
leaf_weight=281 366 162 910 158 156 156
leaf_count=281 366 162 910 158 156 156
internal_value=-7.98764e-05 0.000336256 0.000160779 -0.000751349 -0.00109119 -0.000178142
internal_weight=2189 1353 1191 836 522 314
internal_count=2189 1353 1191 836 522 314
is_linear=0
shrinkage=0.02


Tree=241
num_leaves=7
num_cat=0
split_feature=0 1 0 13 5 12
split_gain=1.50153 0.739984 0.968617 0.896756 0.404118 0.393155
threshold=0.55000000000000016 0.19402966521139645 0.48000000000000004 -0.026689614343064574 0.055000000000000084 -0.7298473806936866
decision_type=2 2 2 10 2 2
left_child=1 2 -1 -3 -2 -6
right_child=4 3 -4 -5 5 -7
leaf_value=0.00034601304069970489 -0.0014012130693636807 0.0020817961539771109 -0.0012637362637362636 4.577103647447768e-05 -0.0013091560385880931 -0.00013313154888166718
leaf_weight=833 254 180 177 163 150 432
leaf_count=833 254 180 177 163 150 432
internal_value=-7.80452e-05 0.000333417 5.90728e-05 0.0011288 -0.000741988 -0.0004448
internal_weight=2189 1353 1010 343 836 582
internal_count=2189 1353 1010 343 836 582
is_linear=0
shrinkage=0.02


Tree=242
num_leaves=7
num_cat=0
split_feature=0 0 13 3 8 0
split_gain=1.4635 0.741931 1.23269 0.401866 0.502169 0.433355
threshold=0.55000000000000016 0.38000000000000006 0.20661838876563146 0.57735026918962229 0.64205302115134155 0.63750000000000007
decision_type=2 2 8 2 2 2
left_child=1 -1 -3 5 -5 -2
right_child=3 2 -4 4 -6 -7
leaf_value=-0.00018562935421777651 -0.0020136382421593606 0.00030476845504912281 0.0022385579711476037 -0.00085919142204832731 0.00044194431495420713 -0.00057806299979953717
leaf_weight=612 157 574 167 303 189 187
leaf_count=612 157 574 167 303 189 187
internal_value=-7.70883e-05 0.000329131 0.000752671 -0.00073257 -0.000359947 -0.00125271
internal_weight=2189 1353 741 836 492 344
internal_count=2189 1353 741 836 492 344
is_linear=0
shrinkage=0.02


Tree=243
num_leaves=6
num_cat=0
split_feature=0 5 13 0 8
split_gain=1.43591 0.734885 0.909665 0.39837 0.367826
threshold=0.55000000000000016 0.050000000000000024 -0.10518091328739557 0.61750000000000005 0.64320188932338818
decision_type=2 2 8 2 2
left_child=1 2 -1 -2 -5
right_child=3 -3 -4 4 -6
leaf_value=-0.00083207620008216867 -0.001363527835085151 0.0015708646702463041 0.00046038778548133995 -0.00080988550343765668 0.00022906580245630307
leaf_weight=281 262 162 910 359 215
leaf_count=281 262 162 910 359 215
internal_value=-7.42253e-05 0.000328141 0.000153245 -0.000723503 -0.000422114
internal_weight=2189 1353 1191 836 574
internal_count=2189 1353 1191 836 574
is_linear=0
shrinkage=0.02


Tree=244
num_leaves=7
num_cat=0
split_feature=0 0 13 0 13 4
split_gain=1.40503 0.734064 1.21664 0.396281 0.437819 0.391712
threshold=0.55000000000000016 0.38000000000000006 0.20661838876563146 0.69000000000000006 0.026961770043783331 0.032282928925362407
decision_type=2 2 8 2 8 2
left_child=1 5 -3 4 -2 -1
right_child=3 2 -4 -5 -6 -7
leaf_value=0.00024752854156967887 -0.00044657406564873296 0.00030170518602526045 0.0022228484756724779 -0.00014986593649959115 -0.0016120343135731688 -0.00076799649935004846
leaf_weight=352 256 574 167 314 266 260
leaf_count=352 256 574 167 314 266 260
internal_value=-7.26338e-05 0.00032538 0.000746672 -0.000714892 -0.00105013 -0.000186631
internal_weight=2189 1353 741 836 522 612
internal_count=2189 1353 741 836 522 612
is_linear=0
shrinkage=0.02


Tree=245
num_leaves=6
num_cat=0
split_feature=0 5 13 0 8
split_gain=1.37884 0.728985 0.89154 0.392702 0.356344
threshold=0.55000000000000016 0.050000000000000024 -0.10518091328739557 0.61750000000000005 0.64320188932338818
decision_type=2 2 8 2 2
left_child=1 2 -1 -2 -5
right_child=3 -3 -4 4 -6
leaf_value=-0.00082537995898848649 -0.0013416419828429205 0.0015619620249166103 0.00045413853115620998 -0.0007888959022750566 0.00023359090851789169
leaf_weight=281 262 162 910 359 215
leaf_count=281 262 162 910 359 215
internal_value=-7.00368e-05 0.000324246 0.000150065 -0.000706286 -0.000407199
internal_weight=2189 1353 1191 836 574
internal_count=2189 1353 1191 836 574
is_linear=0
shrinkage=0.02


Tree=246
num_leaves=7
num_cat=0
split_feature=0 1 0 13 3 3
split_gain=1.34922 0.731738 0.953661 0.891888 0.390248 0.492741
threshold=0.55000000000000016 0.19402966521139645 0.48000000000000004 -0.026689614343064574 0.57735026918962229 1.2602520756252071
decision_type=2 2 2 10 2 2
left_child=1 2 -1 -3 -2 -6
right_child=4 3 -4 -5 5 -7
leaf_value=0.00033352591983389405 -0.0012103167258437862 0.0020628537275903932 -0.0012637362637362636 3.2771937549114226e-05 0.0002423518641428514 -0.0010183396533394176
leaf_weight=833 344 180 177 163 270 222
leaf_count=833 344 180 177 163 270 222
internal_value=-6.84998e-05 0.000321523 4.87633e-05 0.00111245 -0.00069788 -0.000331019
internal_weight=2189 1353 1010 343 836 492
internal_count=2189 1353 1010 343 836 492
is_linear=0
shrinkage=0.02


Tree=247
num_leaves=6
num_cat=0
split_feature=8 11 8 8 4
split_gain=0.522656 0.910709 0.856453 1.4649 0.581298
threshold=0.70902032728097553 0.10882993669133921 0.62970646628472782 0.57551116111238565 0.033400940280482509
decision_type=2 2 2 2 2
left_child=2 -2 3 -1 -4
right_child=1 -3 4 -5 -6
leaf_value=0.00024976301321129031 0.00034274677309081142 -0.0017017223010770976 0.00012517896943731223 -0.0011989394461566346 0.001382028940029498
leaf_weight=841 157 187 329 412 263
leaf_count=841 157 187 329 412 263
internal_value=-6.73065e-05 -0.000777094 6.67758e-05 -0.000229458 0.000690441
internal_weight=2189 344 1845 1253 592
internal_count=2189 344 1845 1253 592
is_linear=0
shrinkage=0.02


Tree=248
num_leaves=6
num_cat=0
split_feature=0 0 8 0 8
split_gain=1.30917 0.733903 0.977202 0.390898 0.343574
threshold=0.55000000000000016 0.25000000000000006 0.70902032728097553 0.61750000000000005 0.64320188932338818
decision_type=2 2 2 2 2
left_child=1 -1 -3 -2 -5
right_child=3 2 -4 4 -6
leaf_value=-0.00077182393470623845 -0.0013201917389805398 0.00078087217879545007 -0.00074971617956466868 -0.0007631004595576407 0.00024073447100818158
leaf_weight=205 262 950 198 359 215
leaf_count=205 262 950 198 359 215
internal_value=-6.64725e-05 0.000317715 0.000514779 -0.000686443 -0.000388268
internal_weight=2189 1353 1148 836 574
internal_count=2189 1353 1148 836 574
is_linear=0
shrinkage=0.02


Tree=249
num_leaves=7
num_cat=0
split_feature=0 0 8 12 5 12
split_gain=1.28393 0.723906 1.2088 0.39039 0.387157 0.384622
threshold=0.55000000000000016 0.38000000000000006 0.69287575839416904 0.64576313214022807 0.055000000000000084 -0.7298473806936866
decision_type=2 2 2 2 2 2
left_child=1 3 -3 -1 -2 -6
right_child=4 2 -4 -5 5 -7
leaf_value=-0.00050312681752464933 -0.0013230809155118052 0.001144996287951381 -0.00082911537606504895 0.00061377633099401389 -0.0012427207024828079 -8.0331064445271372e-05
leaf_weight=443 254 588 153 169 150 432
leaf_count=443 254 588 153 169 150 432
internal_value=-6.42778e-05 0.000316185 0.000734561 -0.000192226 -0.000678245 -0.00038795
internal_weight=2189 1353 741 612 836 582
internal_count=2189 1353 741 612 836 582
is_linear=0
shrinkage=0.02


Tree=250
num_leaves=6
num_cat=0
split_feature=0 5 13 0 8
split_gain=1.2585 0.72255 0.87839 0.386745 0.333358
threshold=0.55000000000000016 0.050000000000000024 -0.10518091328739557 0.61750000000000005 0.64320188932338818
decision_type=2 2 8 2 2
left_child=1 2 -1 -2 -5
right_child=3 -3 -4 4 -6
leaf_value=-0.00082650682960565269 -0.0012997544816370759 0.0015472645053785004 0.00044352121530304275 -0.0007423070632944723 0.0002463601500811902
leaf_weight=281 262 162 910 359 215
leaf_count=281 262 162 910 359 215
internal_value=-6.1623e-05 0.000315047 0.000141673 -0.000669483 -0.000373058
internal_weight=2189 1353 1191 836 574
internal_count=2189 1353 1191 836 574
is_linear=0
shrinkage=0.02


Tree=251
num_leaves=7
num_cat=0
split_feature=0 1 0 8 0 11
split_gain=1.23132 0.721974 0.943198 0.596505 0.384009 0.428261
threshold=0.55000000000000016 0.19402966521139645 0.48000000000000004 0.61249646606128161 0.69000000000000006 0.39272944514985558
decision_type=2 2 2 2 2 2
left_child=1 2 -1 -3 5 -2
right_child=4 3 -4 -5 -6 -7
leaf_value=0.00032473298716570003 -0.0014690438220577857 0.0019608752110493398 -0.0012637362637362636 0.00029381279823600606 -0.00010598776727727962 -0.00030205363760123384
leaf_weight=833 305 162 177 181 314 217
leaf_count=833 305 162 177 181 314 217
internal_value=-6.01768e-05 0.000312402 4.15037e-05 0.00109803 -0.000661438 -0.000991384
internal_weight=2189 1353 1010 343 836 522
internal_count=2189 1353 1010 343 836 522
is_linear=0
shrinkage=0.02


Tree=252
num_leaves=7
num_cat=0
split_feature=0 0 8 1 12 13
split_gain=1.20053 0.721754 1.26912 0.381929 0.368182 0.324847
threshold=0.55000000000000016 0.37250000000000005 0.69287575839416904 0.17844576144109639 0.64576313214022807 -0.25717920377683945
decision_type=2 2 2 2 2 10
left_child=1 4 -3 -2 -1 -5
right_child=3 2 -4 5 -6 -7
leaf_value=-0.00056320484514911604 -0.0015155398731220918 0.0010979603270720836 -0.0008607694630821546 -0.0012365388428899134 0.00056358188040503811 -0.00019653671703329594
leaf_weight=400 161 632 163 152 158 523
leaf_count=400 161 632 163 152 158 523
internal_value=-5.96765e-05 0.000308216 0.000693489 -0.000653374 -0.000241979 -0.0004381
internal_weight=2189 1353 795 836 558 675
internal_count=2189 1353 795 836 558 675
is_linear=0
shrinkage=0.02


Tree=253
num_leaves=6
num_cat=0
split_feature=0 5 13 0 8
split_gain=1.17644 0.718365 0.862127 0.381823 0.321981
threshold=0.55000000000000016 0.050000000000000024 -0.10518091328739557 0.61750000000000005 0.64320188932338818
decision_type=2 2 8 2 2
left_child=1 2 -1 -2 -5
right_child=3 -3 -4 4 -6
leaf_value=-0.00082494149388341641 -0.0012709561447972215 0.0015356584598204335 0.0004332593809444294 -0.00071351978564532573 0.0002579170548441735
leaf_weight=281 262 162 910 359 215
leaf_count=281 262 162 910 359 215
internal_value=-5.71425e-05 0.000307035 0.000134197 -0.000644857 -0.000350569
internal_weight=2189 1353 1191 836 574
internal_count=2189 1353 1191 836 574
is_linear=0
shrinkage=0.02


Tree=254
num_leaves=6
num_cat=0
split_feature=0 0 8 0 8
split_gain=1.15097 0.716966 0.829684 0.376726 0.312187
threshold=0.55000000000000016 0.23000000000000001 0.70902032728097553 0.61750000000000005 0.64320188932338818
decision_type=2 2 2 2 2
left_child=1 -1 -3 -2 -5
right_child=3 2 -4 4 -6
leaf_value=-0.00095545490441872969 -0.0012589574697312344 0.00070686015748454192 -0.0006891005164355908 -0.00070218972692900634 0.00025435310263525356
leaf_weight=155 262 997 201 359 215
leaf_count=155 262 997 201 359 215
internal_value=-5.57587e-05 0.000304452 0.000470756 -0.000637076 -0.0003448
internal_weight=2189 1353 1198 836 574
internal_count=2189 1353 1198 836 574
is_linear=0
shrinkage=0.02


Tree=255
num_leaves=6
num_cat=0
split_feature=8 11 8 8 4
split_gain=0.497529 0.898126 0.818254 1.42307 0.561636
threshold=0.70902032728097553 0.10882993669133921 0.62970646628472782 0.57551116111238565 0.033400940280482509
decision_type=2 2 2 2 2
left_child=2 -2 3 -1 -4
right_child=1 -3 4 -5 -6
leaf_value=0.00025964826916980517 0.0003650812616709758 -0.0016646822942129802 0.00013079601111347803 -0.0011681855920109255 0.001366352274659465
leaf_weight=841 157 187 329 412 263
leaf_count=841 157 187 329 412 263
internal_value=-5.38188e-05 -0.000746349 7.69715e-05 -0.000212616 0.000686547
internal_weight=2189 344 1845 1253 592
internal_count=2189 344 1845 1253 592
is_linear=0
shrinkage=0.02


Tree=256
num_leaves=7
num_cat=0
split_feature=0 1 0 13 1 13
split_gain=1.12543 0.711869 0.932568 0.894148 0.374344 0.316459
threshold=0.55000000000000016 0.19402966521139645 0.48000000000000004 -0.026689614343064574 0.17844576144109639 -0.25717920377683945
decision_type=2 2 2 10 2 10
left_child=1 2 -1 -3 -2 -6
right_child=4 3 -4 -5 5 -7
leaf_value=0.00031575058668059728 -0.0014813146114080068 0.0020347534458379488 -0.0012637362637362636 3.0300047780786245e-06 -0.0012030100258909593 -0.00017681643260981551
leaf_weight=833 161 180 177 163 152 523
leaf_count=833 161 180 177 163 152 523
internal_value=-5.31415e-05 0.000303047 3.40877e-05 0.00108316 -0.000627978 -0.000415047
internal_weight=2189 1353 1010 343 836 675
internal_count=2189 1353 1010 343 836 675
is_linear=0
shrinkage=0.02


Tree=257
num_leaves=7
num_cat=0
split_feature=0 0 13 4 0 13
split_gain=1.09614 0.712945 1.2022 0.380254 0.374489 0.426797
threshold=0.55000000000000016 0.38000000000000006 0.20661838876563146 0.032282928925362407 0.69000000000000006 0.026961770043783331
decision_type=2 2 8 2 2 8
left_child=1 3 -3 -1 5 -2
right_child=4 2 -4 -5 -6 -7
leaf_value=0.00022259828532818985 -0.00035201168722576566 0.00027223666148688098 0.0021815421692160672 -0.00077810052752204872 -7.1823230497889391e-05 -0.0014997751785380373
leaf_weight=352 256 574 167 260 314 266
leaf_count=352 256 574 167 260 314 266
internal_value=-5.24633e-05 0.000299058 0.000714277 -0.000205396 -0.000619769 -0.000945568
internal_weight=2189 1353 741 612 836 522
internal_count=2189 1353 741 612 836 522
is_linear=0
shrinkage=0.02


Tree=258
num_leaves=6
num_cat=0
split_feature=0 5 13 0 8
split_gain=1.07613 0.710349 0.847341 0.371389 0.300516
threshold=0.55000000000000016 0.050000000000000024 -0.10518091328739557 0.61750000000000005 0.64320188932338818
decision_type=2 2 8 2 2
left_child=1 2 -1 -2 -5
right_child=3 -3 -4 4 -6
leaf_value=-0.00082457022832615405 -0.0012296169493975265 0.0015198348587501548 0.0004227787270757772 -0.0006730418960860633 0.00026524664190682496
leaf_weight=281 262 162 910 359 215
leaf_count=281 262 162 910 359 215
internal_value=-5.01882e-05 0.000298106 0.000126267 -0.000612296 -0.000322337
internal_weight=2189 1353 1191 836 574
internal_count=2189 1353 1191 836 574
is_linear=0
shrinkage=0.02


Tree=259
num_leaves=7
num_cat=0
split_feature=0 1 6 13 0 11
split_gain=1.05283 0.706067 0.927924 0.886546 0.366162 0.234222
threshold=0.55000000000000016 0.19402966521139645 6.8610619149350596 -0.026689614343064574 0.61750000000000005 -0.64587417396570901
decision_type=2 2 2 10 2 2
left_child=1 2 -1 -3 -2 -6
right_child=4 3 -4 -5 5 -7
leaf_value=0.00053644160388487605 -0.0012178273772478997 0.002020070362131338 -0.00068756114605145386 -2.8184278025513603e-06 0.00034227903065441539 -0.00055993300034281094
leaf_weight=591 262 180 419 163 154 420
leaf_count=591 262 180 419 163 154 420
internal_value=-4.88953e-05 0.000295606 2.77766e-05 0.00107253 -0.000604886 -0.000317011
internal_weight=2189 1353 1010 343 836 574
internal_count=2189 1353 1010 343 836 574
is_linear=0
shrinkage=0.02


Tree=260
num_leaves=6
num_cat=0
split_feature=0 5 13 1 13
split_gain=1.0312 0.704236 0.836313 0.363315 0.308951
threshold=0.55000000000000016 0.050000000000000024 -0.10518091328739557 0.17844576144109639 -0.25717920377683945
decision_type=2 2 8 2 10
left_child=1 2 -1 -2 -5
right_child=3 -3 -4 4 -6
leaf_value=-0.00082214693740739688 -0.0014380758026816759 0.0015099995371378112 0.0004170517689673118 -0.0011665335328430886 -0.00015294183532453396
leaf_weight=281 161 162 910 152 523
leaf_count=281 161 162 910 152 523
internal_value=-4.73935e-05 0.000293548 0.000122465 -0.000597645 -0.000388087
internal_weight=2189 1353 1191 836 675
internal_count=2189 1353 1191 836 675
is_linear=0
shrinkage=0.02


Tree=261
num_leaves=7
num_cat=0
split_feature=0 0 13 12 0 8
split_gain=1.00754 0.705171 1.18451 0.370927 0.363537 0.417103
threshold=0.55000000000000016 0.38000000000000006 0.20661838876563146 0.64576313214022807 0.69000000000000006 0.55938766524497197
decision_type=2 2 8 2 2 2
left_child=1 3 -3 -1 5 -2
right_child=4 2 -4 -5 -6 -7
leaf_value=-0.00051348387734053964 -0.00010620414711243614 0.00026531512101079515 0.0021604525367187898 0.00057538950079168865 -5.0303374204002199e-05 -0.0013059150362149852
leaf_weight=443 174 574 167 169 314 348
leaf_count=443 174 574 167 169 314 348
internal_value=-4.59221e-05 0.000291084 0.000704042 -0.000210572 -0.000589828 -0.000910813
internal_weight=2189 1353 741 612 836 522
internal_count=2189 1353 741 612 836 522
is_linear=0
shrinkage=0.02


Tree=262
num_leaves=6
num_cat=0
split_feature=0 5 13 0 8
split_gain=0.988669 0.698703 0.819564 0.359825 0.293649
threshold=0.55000000000000016 0.050000000000000024 -0.10518091328739557 0.61750000000000005 0.64320188932338818
decision_type=2 2 8 2 2
left_child=1 2 -1 -2 -5
right_child=3 -3 -4 4 -6
leaf_value=-0.00081539306711483667 -0.0011900227893604323 0.0015017599231022562 0.0004113305789963062 -0.00064410421790063877 0.00028314649381420829
leaf_weight=281 262 162 910 359 215
leaf_count=281 262 162 910 359 215
internal_value=-4.37278e-05 0.000290102 0.000119703 -0.000582518 -0.000297343
internal_weight=2189 1353 1191 836 574
internal_count=2189 1353 1191 836 574
is_linear=0
shrinkage=0.02


Tree=263
num_leaves=6
num_cat=0
split_feature=0 0 8 5 11
split_gain=0.967361 0.700974 0.921426 0.356753 0.32484
threshold=0.55000000000000016 0.25000000000000006 0.70902032728097553 0.055000000000000084 0.60875707634060972
decision_type=2 2 2 2 2
left_child=1 -1 -3 -2 -5
right_child=3 2 -4 4 -6
leaf_value=-0.00077693054879949034 -0.0011939448607244088 0.00073876357320403559 -0.00074731076072002273 -0.00059428300142217426 0.00044114437760316838
leaf_weight=205 254 950 198 416 166
leaf_count=205 254 950 198 416 166
internal_value=-4.25385e-05 0.000287673 0.000480325 -0.000575492 -0.000297713
internal_weight=2189 1353 1148 836 582
internal_count=2189 1353 1148 836 582
is_linear=0
shrinkage=0.02


Tree=264
num_leaves=7
num_cat=0
split_feature=0 1 0 13 0 8
split_gain=0.947537 0.693879 0.913831 0.882522 0.355023 0.283697
threshold=0.55000000000000016 0.19402966521139645 0.48000000000000004 -0.026689614343064574 0.61750000000000005 0.64320188932338818
decision_type=2 2 2 10 2 2
left_child=1 2 -1 -3 -2 -6
right_child=4 3 -4 -5 5 -7
leaf_value=0.00029979485101822256 -0.0011712581030884931 0.0020019644665959717 -0.0012637362637362636 -1.5929249957913443e-05 -0.00062560985527502805 0.00028570750169456003
leaf_weight=833 262 180 177 163 359 215
leaf_count=833 262 180 177 163 359 215
internal_value=-4.04179e-05 0.000286388 2.09144e-05 0.00105657 -0.000567886 -0.000284743
internal_weight=2189 1353 1010 343 836 574
internal_count=2189 1353 1010 343 836 574
is_linear=0
shrinkage=0.02


Tree=265
num_leaves=7
num_cat=0
split_feature=0 0 8 1 7 4
split_gain=0.92394 0.811466 0.903529 0.725859 0.41654 0.365222
threshold=0.53000000000000014 0.38000000000000006 0.68843160493917888 -0.040893769471341053 -0.50528816922609676 0.032282928925362407
decision_type=2 2 2 2 2 2
left_child=1 5 -3 -2 -5 -1
right_child=3 2 -4 4 -6 -7
leaf_value=0.00020392660975732766 -0.0017296753140030111 0.0011908613865815321 -0.00055830743235926478 -0.0010229845499046721 2.6193782811917899e-05 -0.00077689393629091531
leaf_weight=352 159 510 150 203 555 260
leaf_count=352 159 510 150 203 555 260
internal_value=-4.01541e-05 0.000308286 0.000792114 -0.000522537 -0.000259649 -0.000215681
internal_weight=2189 1272 660 917 758 612
internal_count=2189 1272 660 917 758 612
is_linear=0
shrinkage=0.02


Tree=266
num_leaves=7
num_cat=0
split_feature=0 0 13 1 7 12
split_gain=0.908795 0.799309 0.905611 0.71395 0.40549 0.362259
threshold=0.53000000000000014 0.38000000000000006 -0.086432227596356798 -0.040893769471341053 -0.50528816922609676 0.64576313214022807
decision_type=2 2 8 2 2 2
left_child=1 5 -3 -2 -5 -1
right_child=3 2 -4 4 -6 -7
leaf_value=-0.00051225461305875802 -0.00171406931380128 -0.00032292879146078363 0.001275151530944503 -0.0010093119812126343 2.5856072174584761e-05 0.00056385843475327839
leaf_weight=443 159 202 458 203 555 169
leaf_count=443 159 202 458 203 555 169
internal_value=-3.84661e-05 0.000307103 0.000787292 -0.000516882 -0.00025617 -0.000212931
internal_weight=2189 1272 660 917 758 612
internal_count=2189 1272 660 917 758 612
is_linear=0
shrinkage=0.02


Tree=267
num_leaves=7
num_cat=0
split_feature=0 0 13 1 7 4
split_gain=0.893374 0.787029 0.895044 0.702228 0.394733 0.355563
threshold=0.53000000000000014 0.38000000000000006 -0.086432227596356798 -0.040893769471341053 -0.50528816922609676 0.032282928925362407
decision_type=2 2 8 2 2 2
left_child=1 5 -3 -2 -5 -1
right_child=3 2 -4 4 -6 -7
leaf_value=0.00020363810883067986 -0.0016986008708524266 -0.00032155595827793731 0.0012671646231194036 -0.00099582213442772627 2.5522703870332669e-05 -0.00076410757553464965
leaf_weight=352 159 202 458 203 555 260
leaf_count=352 159 202 458 203 555 260
internal_value=-3.69478e-05 0.000305674 0.000782158 -0.000511289 -0.000252737 -0.000210356
internal_weight=2189 1272 660 917 758 612
internal_count=2189 1272 660 917 758 612
is_linear=0
shrinkage=0.02


Tree=268
num_leaves=7
num_cat=0
split_feature=0 0 8 1 12 1
split_gain=0.87829 0.774734 0.891983 0.690501 0.35202 0.313548
threshold=0.53000000000000014 0.38000000000000006 0.68843160493917888 -0.040893769471341053 0.64576313214022807 1.6828604122544897
decision_type=2 2 2 2 2 2
left_child=1 4 -3 -2 -1 -5
right_child=3 2 -4 5 -6 -7
leaf_value=-0.00050275416411750486 -0.0016830740677101948 0.0011732801141090764 -0.00056448987030213878 -3.8529035993375303e-05 0.00055802477175776648 -0.0010302813325859146
leaf_weight=443 159 510 150 601 169 157
leaf_count=443 159 510 150 601 169 157
internal_value=-3.54023e-05 0.000304311 0.000777058 -0.000505725 -0.000207678 -0.00024935
internal_weight=2189 1272 660 917 612 758
internal_count=2189 1272 660 917 612 758
is_linear=0
shrinkage=0.02


Tree=269
num_leaves=7
num_cat=0
split_feature=0 0 13 1 7 12
split_gain=0.863517 0.763373 0.882968 0.679054 0.383729 0.341647
threshold=0.53000000000000014 0.38000000000000006 -0.086432227596356798 -0.040893769471341053 -0.50528816922609676 0.64576313214022807
decision_type=2 2 8 2 2 2
left_child=1 5 -3 -2 -5 -1
right_child=3 2 -4 4 -6 -7
leaf_value=-0.00049586372392825852 -0.0016676800843419099 -0.00032383360724518267 0.0012540557954790268 -0.00097856464258466789 2.8417712526528965e-05 0.00054917333321110619
leaf_weight=443 159 202 458 203 555 169
leaf_count=443 159 202 458 203 555 169
internal_value=-3.37847e-05 0.000303057 0.000772322 -0.000500138 -0.000245908 -0.000205171
internal_weight=2189 1272 660 917 758 612
internal_count=2189 1272 660 917 758 612
is_linear=0
shrinkage=0.02


Tree=270
num_leaves=7
num_cat=0
split_feature=0 0 8 1 7 4
split_gain=0.848812 0.751668 0.881375 0.667696 0.373551 0.346489
threshold=0.53000000000000014 0.38000000000000006 0.68843160493917888 -0.040893769471341053 -0.50528816922609676 0.032282928925362407
decision_type=2 2 2 2 2 2
left_child=1 5 -3 -2 -5 -1
right_child=3 2 -4 4 -6 -7
leaf_value=0.00020592905588823706 -0.0016524269206949125 0.0011611577359218043 -0.00056615320136470183 -0.00096548575227363756 2.8051335905079864e-05 -0.00074935315588910915
leaf_weight=352 159 510 150 203 555 260
leaf_count=352 159 510 150 203 555 260
internal_value=-3.2329e-05 0.000301629 0.000767282 -0.000494697 -0.000242611 -0.000202694
internal_weight=2189 1272 660 917 758 612
internal_count=2189 1272 660 917 758 612
is_linear=0
shrinkage=0.02


Tree=271
num_leaves=7
num_cat=0
split_feature=0 0 13 1 4 1
split_gain=0.834763 0.740464 0.87309 0.656286 0.336984 0.303608
threshold=0.53000000000000014 0.38000000000000006 0.14454530689940667 -0.040893769471341053 0.032282928925362407 1.6828604122544897
decision_type=2 2 8 2 2 2
left_child=1 4 -3 -2 -1 -5
right_child=3 2 -4 5 -6 -7
leaf_value=0.00020286031128676917 -0.0016370615256359664 0.00024830496258087837 0.0017902351693330307 -3.1957720727552183e-05 -0.00073922981026600001 -0.0010078048609473088
leaf_weight=352 159 444 216 601 260 157
leaf_count=352 159 444 216 601 260 157
internal_value=-3.07442e-05 0.000300435 0.000762603 -0.000489272 -0.000200121 -0.000239359
internal_weight=2189 1272 660 917 612 758
internal_count=2189 1272 660 917 612 758
is_linear=0
shrinkage=0.02


Tree=272
num_leaves=7
num_cat=0
split_feature=0 0 8 1 7 12
split_gain=0.820621 0.729343 0.871601 0.644921 0.363134 0.33239
threshold=0.53000000000000014 0.38000000000000006 0.68843160493917888 -0.040893769471341053 -0.50528816922609676 0.64576313214022807
decision_type=2 2 2 2 2 2
left_child=1 5 -3 -2 -5 -1
right_child=3 2 -4 4 -6 -7
leaf_value=-0.00048433643728718122 -0.0016215807570871422 0.0011495933897286944 -0.00056801804611759802 -0.00094877659576013689 3.0785274301056882e-05 0.0005464091234915387
leaf_weight=443 159 510 150 203 555 169
leaf_count=443 159 510 150 203 555 169
internal_value=-2.91498e-05 0.000299209 0.000757891 -0.00048378 -0.00023605 -0.000197581
internal_weight=2189 1272 660 917 758 612
internal_count=2189 1272 660 917 758 612
is_linear=0
shrinkage=0.02


Tree=273
num_leaves=6
num_cat=0
split_feature=8 11 8 8 4
split_gain=0.472294 0.88144 0.79757 1.37065 0.551398
threshold=0.70902032728097553 0.10882993669133921 0.62970646628472782 0.57551116111238565 0.033400940280482509
decision_type=2 2 2 2 2
left_child=2 -2 3 -1 -4
right_child=1 -3 4 -5 -6
leaf_value=0.0002771348169901305 0.00039771976579091353 -0.0016123568625092352 0.00015049614201851949 -0.0011240955302045106 0.0013751393255093283
leaf_weight=841 157 187 329 412 263
leaf_count=841 157 187 329 412 263
internal_value=-2.76348e-05 -0.000702412 9.97358e-05 -0.000186241 0.000701513
internal_weight=2189 344 1845 1253 592
internal_count=2189 344 1845 1253 592
is_linear=0
shrinkage=0.02


Tree=274
num_leaves=7
num_cat=0
split_feature=0 0 13 1 7 4
split_gain=0.804832 0.717134 0.86346 0.635465 0.354007 0.330586
threshold=0.53000000000000014 0.38000000000000006 -0.086432227596356798 -0.040893769471341053 -0.50528816922609676 0.032282928925362407
decision_type=2 2 8 2 2 2
left_child=1 5 -3 -2 -5 -1
right_child=3 2 -4 4 -6 -7
leaf_value=0.00020437814162245819 -0.0016069336227572909 -0.0003310419626282033 0.0012291334553362226 -0.00093534510546865375 3.1816441399444429e-05 -0.00072870148254013708
leaf_weight=352 159 202 458 203 555 260
leaf_count=352 159 202 458 203 555 260
internal_value=-2.72796e-05 0.000297901 0.000752726 -0.000477518 -0.000231631 -0.000194721
internal_weight=2189 1272 660 917 758 612
internal_count=2189 1272 660 917 758 612
is_linear=0
shrinkage=0.02


Tree=275
num_leaves=7
num_cat=0
split_feature=0 0 8 1 7 12
split_gain=0.790855 0.705917 0.859514 0.624002 0.344554 0.323595
threshold=0.53000000000000014 0.38000000000000006 0.68843160493917888 -0.040893769471341053 -0.50528816922609676 0.64576313214022807
decision_type=2 2 2 2 2 2
left_child=1 5 -3 -2 -5 -1
right_child=3 2 -4 4 -6 -7
leaf_value=-0.00047520721922475267 -0.0015913281754431567 0.0011367501535461946 -0.00056882132445612262 -0.00092275488638104161 3.1406245443836923e-05 0.00054178961980873828
leaf_weight=443 159 510 150 203 555 169
leaf_count=443 159 510 150 203 555 169
internal_value=-2.58367e-05 0.000296506 0.000747758 -0.000472151 -0.0002285 -0.000192255
internal_weight=2189 1272 660 917 758 612
internal_count=2189 1272 660 917 758 612
is_linear=0
shrinkage=0.02


Tree=276
num_leaves=7
num_cat=0
split_feature=0 0 13 3 9 7
split_gain=0.777265 0.69553 0.85679 0.575063 0.85479 0.627018
threshold=0.53000000000000014 0.38000000000000006 0.14454530689940667 0.57735026918962229 -0.17909841913637195 1.0000000180025095e-35
decision_type=2 2 8 2 2 2
left_child=1 -1 -3 4 -2 -5
right_child=3 2 -4 5 -6 -7
leaf_value=-0.00018994976098387316 -7.0653174741145899e-05 0.00023381031369313366 0.0017610766054278585 -0.00082333772254123566 -0.001930356418223521 0.00056046129940868984
leaf_weight=612 190 444 216 224 202 301
leaf_count=612 190 444 216 224 202 301
internal_value=-2.43503e-05 0.000295207 0.000743126 -0.000466816 -0.00104121 -3.21569e-05
internal_weight=2189 1272 660 917 392 525
internal_count=2189 1272 660 917 392 525
is_linear=0
shrinkage=0.02


Tree=277
num_leaves=7
num_cat=0
split_feature=0 0 8 1 4 1
split_gain=0.762319 0.684612 0.849907 0.609743 0.322018 0.297853
threshold=0.53000000000000014 0.38000000000000006 0.68843160493917888 -0.040893769471341053 0.032282928925362407 1.6828604122544897
decision_type=2 2 2 2 2 2
left_child=1 4 -3 -2 -1 -5
right_child=3 2 -4 5 -6 -7
leaf_value=0.00020662969751779187 -0.0015668129111340598 0.0011253488590416399 -0.00057057206284615307 -1.4445084331959806e-05 -0.00071424624943921243 -0.00098083940817526101
leaf_weight=352 159 510 150 601 260 157
leaf_count=352 159 510 150 601 260 157
internal_value=-2.23334e-05 0.000294133 0.00073852 -0.000460528 -0.00018721 -0.000219724
internal_weight=2189 1272 660 917 612 758
internal_count=2189 1272 660 917 612 758
is_linear=0
shrinkage=0.02


Tree=278
num_leaves=7
num_cat=0
split_feature=0 0 13 1 7 12
split_gain=0.749187 0.67433 0.845539 0.598757 0.332778 0.31469
threshold=0.53000000000000014 0.38000000000000006 0.14454530689940667 -0.040893769471341053 -0.50528816922609676 0.64576313214022807
decision_type=2 2 8 2 2 2
left_child=1 5 -3 -2 -5 -1
right_child=3 2 -4 4 -6 -7
leaf_value=-0.00046390744079742162 -0.0015515269401125474 0.00022800404935212338 0.0017451394669610451 -0.00089893823229851056 3.8715356195877709e-05 0.00053896446557094655
leaf_weight=443 159 444 216 203 555 169
leaf_count=443 159 444 216 203 555 169
internal_value=-2.08523e-05 0.000292873 0.000733909 -0.000455259 -0.000216643 -0.000184847
internal_weight=2189 1272 660 917 758 612
internal_count=2189 1272 660 917 758 612
is_linear=0
shrinkage=0.02


Tree=279
num_leaves=7
num_cat=0
split_feature=0 0 8 1 7 4
split_gain=0.736289 0.66437 0.84031 0.58789 0.323833 0.31347
threshold=0.53000000000000014 0.38000000000000006 0.68843160493917888 -0.040893769471341053 -0.50528816922609676 0.032282928925362407
decision_type=2 2 2 2 2 2
left_child=1 5 -3 -2 -5 -1
right_child=3 2 -4 4 -6 -7
leaf_value=0.00020591280359842656 -0.0015363900732850975 0.0011139636936696989 -0.00057226448482082732 -0.0008867507041073762 3.8214819162801309e-05 -0.00070264429837148994
leaf_weight=352 159 510 150 203 555 260
leaf_count=352 159 510 150 203 555 260
internal_value=-1.94674e-05 0.000291543 0.000729309 -0.000450121 -0.000213688 -0.000182642
internal_weight=2189 1272 660 917 758 612
internal_count=2189 1272 660 917 758 612
is_linear=0
shrinkage=0.02


Tree=280
num_leaves=7
num_cat=0
split_feature=0 0 13 1 7 12
split_gain=0.723724 0.654361 0.837406 0.577216 0.315129 0.305759
threshold=0.53000000000000014 0.38000000000000006 -0.086432227596356798 -0.040893769471341053 -0.50528816922609676 0.64576313214022807
decision_type=2 2 8 2 2 2
left_child=1 5 -3 -2 -5 -1
right_child=3 2 -4 4 -6 -7
leaf_value=-0.00045542313621159077 -0.0015214009322907505 -0.00034226040621310611 0.0011939225102861294 -0.00087472840722721936 3.7720762918719889e-05 0.00053310178546770207
leaf_weight=443 159 202 458 203 555 169
leaf_count=443 159 202 458 203 555 169
internal_value=-1.80772e-05 0.000290265 0.000724719 -0.000445043 -0.000210773 -0.00018034
internal_weight=2189 1272 660 917 758 612
internal_count=2189 1272 660 917 758 612
is_linear=0
shrinkage=0.02


Tree=281
num_leaves=6
num_cat=0
split_feature=8 11 8 8 4
split_gain=0.453969 0.863768 0.785537 1.33241 0.543576
threshold=0.70902032728097553 0.10882993669133921 0.62970646628472782 0.57551116111238565 0.033400940280482509
decision_type=2 2 2 2 2
left_child=2 -2 3 -1 -4
right_child=1 -3 4 -5 -6
leaf_value=0.00028100987122973195 0.00041022298544254383 -0.0015792742661081625 0.00015798266397086446 -0.0011005213701699992 0.0013740752313508473
leaf_weight=841 157 187 329 412 263
leaf_count=841 157 187 329 412 263
internal_value=-1.68319e-05 -0.000678408 0.000108019 -0.000175821 0.000705223
internal_weight=2189 344 1845 1253 592
internal_count=2189 344 1845 1253 592
is_linear=0
shrinkage=0.02


Tree=282
num_leaves=6
num_cat=0
split_feature=0 0 8 1 7
split_gain=0.709143 0.646011 0.838271 0.568342 0.307205
threshold=0.53000000000000014 0.25000000000000006 0.70838667803574429 -0.040893769471341053 -0.50528816922609676
decision_type=2 2 2 2 2
left_child=1 -1 -3 -2 -5
right_child=3 2 -4 4 -6
leaf_value=-0.00072766891596949697 -0.0015072681607746676 0.00074694007613998155 -0.00070463539086855378 -0.00086234043446333647 3.8554554116022439e-05
leaf_weight=205 159 877 190 203 555
leaf_count=205 159 877 190 203 555
internal_value=-1.65823e-05 0.000288635 0.000486378 -0.000439228 -0.000206784
internal_weight=2189 1272 1067 917 758
internal_count=2189 1272 1067 917 758
is_linear=0
shrinkage=0.02


Tree=283
num_leaves=7
num_cat=0
split_feature=0 0 13 1 4 7
split_gain=0.696431 0.63846 0.829988 0.558013 0.306145 0.298948
threshold=0.53000000000000014 0.38000000000000006 0.14454530689940667 -0.040893769471341053 0.032282928925362407 -0.50528816922609676
decision_type=2 2 8 2 2 2
left_child=1 4 -3 -2 -1 -5
right_child=3 2 -4 5 -6 -7
leaf_value=0.00020613675317479198 -0.0014925631100493597 0.00021508310380120052 0.0017180257981718936 -0.00085064909837316159 -0.00069172588516167315 3.8056107559116625e-05
leaf_weight=352 159 444 216 203 260 555
leaf_count=352 159 444 216 203 260 555
internal_value=-1.5435e-05 0.000287032 0.000716174 -0.000434278 -0.000177823 -0.000203963
internal_weight=2189 1272 660 917 612 758
internal_count=2189 1272 660 917 612 758
is_linear=0
shrinkage=0.02


Tree=284
num_leaves=7
num_cat=0
split_feature=0 0 8 1 7 12
split_gain=0.684566 0.629003 0.976568 0.547882 0.290875 0.287669
threshold=0.53000000000000014 0.37250000000000005 0.68843160493917888 -0.040893769471341053 -0.50528816922609676 0.64576313214022807
decision_type=2 2 2 2 2 2
left_child=1 5 -3 -2 -5 -1
right_child=3 2 -4 4 -6 -7
leaf_value=-0.00050031259458765021 -0.0014780015243989666 0.0010741089065442377 -0.00067832124879561276 -0.00083905856655641957 3.7564098143775484e-05 0.00049570493748628654
leaf_weight=400 159 553 161 203 555 158
leaf_count=400 159 553 161 203 555 158
internal_value=-1.41093e-05 0.000285767 0.000676984 -0.000429372 -0.000201164 -0.000216388
internal_weight=2189 1272 714 917 758 558
internal_count=2189 1272 714 917 758 558
is_linear=0
shrinkage=0.02


Tree=285
num_leaves=6
num_cat=0
split_feature=0 0 8 1 1
split_gain=0.67257 0.620931 0.708029 0.537937 0.287691
threshold=0.53000000000000014 0.23000000000000001 0.70838667803574429 -0.040893769471341053 1.6828604122544897
decision_type=2 2 2 2 2
left_child=1 -1 -3 -2 -5
right_child=3 2 -4 4 -6
leaf_value=-0.0008833111359126633 -0.0014635819959931257 0.00067941410232443596 -0.00064020001338888901 3.2040710268402318e-06 -0.00094641358100084803
leaf_weight=155 159 924 193 601 157
leaf_count=155 159 924 193 601 157
internal_value=-1.29072e-05 0.000284328 0.000449569 -0.000424517 -0.000198398
internal_weight=2189 1272 1117 917 758
internal_count=2189 1272 1117 917 758
is_linear=0
shrinkage=0.02


Tree=286
num_leaves=7
num_cat=0
split_feature=0 0 13 1 3 4
split_gain=0.659984 0.617374 0.819268 0.529204 0.356919 0.29677
threshold=0.53000000000000014 0.38000000000000006 0.14454530689940667 0.17844576144109639 0.70014004201400615 0.032282928925362407
decision_type=2 2 8 2 2 2
left_child=1 5 -3 -2 -5 -1
right_child=3 2 -4 4 -6 -7
leaf_value=0.00020347176269688112 -0.0013104161340293389 0.000206798113268574 0.0016998931266603427 -0.00076588715660489781 0.00016553678483479276 -0.00068053301812132008
leaf_weight=352 202 444 216 248 467 260
leaf_count=352 202 444 216 248 467 260
internal_value=-1.18803e-05 0.000282558 0.000704554 -0.000419623 -0.000160606 -0.000174557
internal_weight=2189 1272 660 917 715 612
internal_count=2189 1272 660 917 715 612
is_linear=0
shrinkage=0.02


Tree=287
num_leaves=7
num_cat=0
split_feature=0 0 13 1 12 1
split_gain=0.648663 0.608094 0.813849 0.520001 0.292577 0.283621
threshold=0.53000000000000014 0.38000000000000006 -0.086432227596356798 -0.040893769471341053 0.64576313214022807 1.6828604122544897
decision_type=2 2 8 2 2 2
left_child=1 4 -3 -2 -1 -5
right_child=3 2 -4 5 -6 -7
leaf_value=-0.00044147511938457946 -0.0014364064211116695 -0.00035147649078553426 0.0011627128900513536 7.6098533185112844e-06 0.00052547619785128655 -0.00093523064307382694
leaf_weight=443 159 202 458 601 169 157
leaf_count=443 159 202 458 601 169 157
internal_value=-1.05898e-05 0.00028131 0.000700121 -0.000414823 -0.000172363 -0.000192524
internal_weight=2189 1272 660 917 612 758
internal_count=2189 1272 660 917 612 758
is_linear=0
shrinkage=0.02


Tree=288
num_leaves=6
num_cat=0
split_feature=8 11 8 8 4
split_gain=0.428997 0.846884 0.771586 1.30004 0.536167
threshold=0.70902032728097553 0.10882993669133921 0.62970646628472782 0.57551116111238565 0.033400940280482509
decision_type=2 2 2 2 2
left_child=2 -2 3 -1 -4
right_child=1 -3 4 -5 -6
leaf_value=0.00028183744430715927 0.00042491670565702669 -0.0015446779642904098 0.00016024891644002433 -0.0010827953509994217 0.0013680910806991716
leaf_weight=841 157 187 329 412 263
leaf_count=841 157 187 329 412 263
internal_value=-9.41718e-06 -0.000652555 0.000111935 -0.000169389 0.000703805
internal_weight=2189 344 1845 1253 592
internal_count=2189 344 1845 1253 592
is_linear=0
shrinkage=0.02


Tree=289
num_leaves=7
num_cat=0
split_feature=0 0 8 1 13 4
split_gain=0.635362 0.597557 0.804754 0.512584 0.354749 0.291213
threshold=0.53000000000000014 0.38000000000000006 0.68843160493917888 0.17844576144109639 -0.0019280105981377745 0.032282928925362407
decision_type=2 2 2 2 10 2
left_child=1 5 -3 -2 -5 -1
right_child=3 2 -4 4 -6 -7
leaf_value=0.00020435233617394495 -0.0012860006111975453 0.0010712977919763733 -0.00057853371674014683 0.00018356338742418391 -0.00073475584296747709 -0.00067131914525240101
leaf_weight=352 202 510 150 454 261 260
leaf_count=352 202 510 150 454 261 260
internal_value=-9.24874e-06 0.00027964 0.000694805 -0.000409318 -0.00015443 -0.00017009
internal_weight=2189 1272 660 917 715 612
internal_count=2189 1272 660 917 715 612
is_linear=0
shrinkage=0.02


Tree=290
num_leaves=7
num_cat=0
split_feature=0 0 8 3 9 7
split_gain=0.624697 0.590706 0.684284 0.505626 0.861703 0.560469
threshold=0.53000000000000014 0.23000000000000001 0.70838667803574429 0.57735026918962229 -0.17909841913637195 1.0000000180025095e-35
decision_type=2 2 2 2 2 2
left_child=1 -1 -3 4 -2 -5
right_child=3 2 -4 5 -6 -7
leaf_value=-0.00086048868579382545 2.8469702754265223e-05 0.00066551896844728898 -0.00063175378348490204 -0.00074582148785092852 -0.0018360640286076543 0.0005624688445328692
leaf_weight=155 190 924 193 224 202 301
leaf_count=155 190 924 193 224 202 301
internal_value=-8.06273e-06 0.000278388 0.000439554 -0.000404763 -0.000943359 2.49499e-06
internal_weight=2189 1272 1117 917 392 525
internal_count=2189 1272 1117 917 392 525
is_linear=0
shrinkage=0.02


Tree=291
num_leaves=7
num_cat=0
split_feature=0 0 13 1 12 1
split_gain=0.611486 0.585629 0.804176 0.501028 0.285727 0.27989
threshold=0.53000000000000014 0.38000000000000006 0.14454530689940667 -0.040893769471341053 0.64576313214022807 1.6828604122544897
decision_type=2 2 8 2 2 2
left_child=1 4 -3 -2 -1 -5
right_child=3 2 -4 5 -6 -7
leaf_value=-0.00043452035641946293 -0.0014019740262727549 0.00019463354003986964 0.0016737484918460587 1.7638183807840465e-05 0.00052103219414665095 -0.00091890176868297596
leaf_weight=443 159 444 216 601 169 157
leaf_count=443 159 444 216 601 169 157
internal_value=-6.75193e-06 0.000276651 0.000687652 -0.000399238 -0.000168566 -0.000181092
internal_weight=2189 1272 660 917 612 758
internal_count=2189 1272 660 917 612 758
is_linear=0
shrinkage=0.02


Tree=292
num_leaves=7
num_cat=0
split_feature=0 0 13 3 9 7
split_gain=0.600821 0.577002 0.796779 0.492421 0.840119 0.544563
threshold=0.53000000000000014 0.38000000000000006 -0.086432227596356798 0.57735026918962229 -0.17909841913637195 1.0000000180025095e-35
decision_type=2 2 8 2 2 2
left_child=1 -1 -3 4 -2 -5
right_child=3 2 -4 5 -6 -7
leaf_value=-0.000166573120772422 3.3317842640173742e-05 -0.00035701666765166945 0.0011410585692711577 -0.00073041824459740845 -0.0018075833388026083 0.00055917529474481262
leaf_weight=612 190 202 458 224 202 301
leaf_count=612 190 202 458 224 202 301
internal_value=-5.5601e-06 0.000275358 0.00068332 -0.000394611 -0.000926128 7.2488e-06
internal_weight=2189 1272 660 917 392 525
internal_count=2189 1272 660 917 392 525
is_linear=0
shrinkage=0.02


Tree=293
num_leaves=6
num_cat=0
split_feature=0 0 8 1 1
split_gain=0.588974 0.569543 0.779388 0.489273 0.274257
threshold=0.53000000000000014 0.25000000000000006 0.70838667803574429 -0.040893769471341053 1.6828604122544897
decision_type=2 2 2 2 2
left_child=1 -1 -3 -2 -5
right_child=3 2 -4 4 -6
leaf_value=-0.00068017799219870505 -0.0013800990759826651 0.00071104364980713309 -0.00068852643324778624 2.2988492544592905e-05 -0.0009040383672353203
leaf_weight=205 159 877 190 601 157
leaf_count=205 159 877 190 601 157
internal_value=-4.01959e-06 0.000274112 0.000459774 -0.000389218 -0.000173687
internal_weight=2189 1272 1067 917 758
internal_count=2189 1272 1067 917 758
is_linear=0
shrinkage=0.02


Tree=294
num_leaves=7
num_cat=0
split_feature=0 0 13 1 4 7
split_gain=0.578254 0.563492 0.789141 0.480306 0.281045 0.27318
threshold=0.53000000000000014 0.38000000000000006 0.14454530689940667 -0.040893769471341053 0.032282928925362407 -0.50528816922609676
decision_type=2 2 8 2 2 2
left_child=1 4 -3 -2 -1 -5
right_child=3 2 -4 5 -6 -7
leaf_value=0.00020364003548469051 -0.0013664663864708529 0.00018739089137461776 0.0016525293016865243 -0.00078939178976445248 -0.00065658894696114757 5.9980851402672537e-05
leaf_weight=352 159 444 216 203 260 555
leaf_count=352 159 444 216 203 260 555
internal_value=-3.03272e-06 0.000272554 0.000675711 -0.000384712 -0.000164176 -0.000171172
internal_weight=2189 1272 660 917 612 758
internal_count=2189 1272 660 917 612 758
is_linear=0
shrinkage=0.02


Tree=295
num_leaves=7
num_cat=0
split_feature=0 0 8 3 9 7
split_gain=0.568381 0.55493 0.783535 0.475177 0.823628 0.523422
threshold=0.53000000000000014 0.38000000000000006 0.68843160493917888 0.57735026918962229 -0.17909841913637195 1.0000000180025095e-35
decision_type=2 2 2 2 2 2
left_child=1 -1 -3 4 -2 -5
right_child=3 2 -4 5 -6 -7
leaf_value=-0.00016212429775945542 4.7138768845261675e-05 0.00104290560177229 -0.00058478367136370754 -0.00070893374045977306 -0.0017752490172743042 0.00055538201607228108
leaf_weight=612 190 510 150 224 202 301
leaf_count=612 190 510 150 224 202 301
internal_value=-1.94129e-06 0.00027128 0.000671361 -0.000380351 -0.00090248 1.43416e-05
internal_weight=2189 1272 660 917 392 525
internal_count=2189 1272 660 917 392 525
is_linear=0
shrinkage=0.02


Tree=296
num_leaves=7
num_cat=0
split_feature=0 0 8 1 2 1
split_gain=0.557384 0.546191 0.922949 0.468908 0.297809 0.268171
threshold=0.53000000000000014 0.37250000000000005 0.68843160493917888 -0.040893769471341053 0.059666883882573477 1.6828604122544897
decision_type=2 2 2 2 2 2
left_child=1 4 -3 -2 -1 -5
right_child=3 2 -4 5 -6 -7
leaf_value=-0.00060390163575114 -0.0013451581938964566 0.001020852991489954 -0.0006824441164372916 3.0231089231315322e-05 0.00031900931019855454 -0.00088639816203166125
leaf_weight=312 159 553 161 601 246 157
leaf_count=312 159 553 161 601 246 157
internal_value=-4.09135e-07 0.000270153 0.000634701 -0.000375144 -0.000197807 -0.000164189
internal_weight=2189 1272 714 917 558 758
internal_count=2189 1272 714 917 558 758
is_linear=0
shrinkage=0.02


Tree=297
num_leaves=7
num_cat=0
split_feature=0 3 5 3 3 9
split_gain=0.547375 0.544509 0.786857 0.674 0.462794 0.803023
threshold=0.53000000000000014 -0.65184896033616979 -0.042500000000000003 0.33032974099227724 0.57735026918962229 -0.17909841913637195
decision_type=2 2 2 2 2 2
left_child=1 2 -1 -3 5 -2
right_child=4 3 -4 -5 -6 -7
leaf_value=0.00026408961989170596 5.1453566083159206e-05 0.0013788854089778675 -0.0013520028510708019 9.2791715270345109e-05 1.8669384865547127e-05 -0.0017478725430893078
leaf_weight=458 190 290 158 366 525 202
leaf_count=458 190 290 158 366 525 202
internal_value=5.52668e-07 0.000268672 -0.000157976 0.000667469 -0.000370804 -0.000886086
internal_weight=2189 1272 616 656 917 392
internal_count=2189 1272 616 656 917 392
is_linear=0
shrinkage=0.02


Tree=298
num_leaves=6
num_cat=0
split_feature=8 11 8 8 4
split_gain=0.397293 0.83003 0.753611 1.25844 0.527484
threshold=0.70902032728097553 0.10882993669133921 0.62970646628472782 0.57551116111238565 0.033400940280482509
decision_type=2 2 2 2 2
left_child=2 -2 3 -1 -4
right_child=1 -3 4 -5 -6
leaf_value=0.00028279199774639051 0.00044726117082905989 -0.0015021401885799909 0.00016264087308622048 -0.0010598204820696042 0.0013607367030136399
leaf_weight=841 157 187 329 412 263
leaf_count=841 157 187 329 412 263
internal_value=1.55775e-07 -0.000618781 0.000116917 -0.000161131 0.000701842
internal_weight=2189 344 1845 1253 592
internal_count=2189 344 1845 1253 592
is_linear=0
shrinkage=0.02


Tree=299
num_leaves=7
num_cat=0
split_feature=0 0 8 3 9 7
split_gain=0.530678 0.546367 0.643437 0.449992 0.779958 0.507985
threshold=0.53000000000000014 0.23000000000000001 0.70838667803574429 0.57735026918962229 -0.17909841913637195 1.0000000180025095e-35
decision_type=2 2 2 2 2 2
left_child=1 -1 -3 4 -2 -5
right_child=3 2 -4 5 -6 -7
leaf_value=-0.00083103999188460873 5.0455501876198332e-05 0.00063836915380410667 -0.00061951728782268483 -0.00069394960641346493 -0.0017228479398153542 0.0005515843467312116
leaf_weight=155 190 924 193 224 202 301
leaf_count=155 190 924 193 224 202 301
internal_value=2.25055e-07 0.000264224 0.000419234 -0.000365423 -0.000873528 1.86233e-05
internal_weight=2189 1272 1117 917 392 525
internal_count=2189 1272 1117 917 392 525
is_linear=0
shrinkage=0.02


Tree=300
num_leaves=7
num_cat=0
split_feature=0 0 13 1 12 1
split_gain=0.519481 0.540397 0.778444 0.456643 0.280236 0.267828
threshold=0.53000000000000014 0.38000000000000006 0.14454530689940667 -0.040893769471341053 0.64576313214022807 1.6828604122544897
decision_type=2 2 8 2 2 2
left_child=1 4 -3 -2 -1 -5
right_child=3 2 -4 5 -6 -7
leaf_value=-0.00042849782654359714 -0.0013176155515673864 0.00017254581629300703 0.0016275099203057958 4.1895067894050589e-05 0.00051781599112818465 -0.00087406822299530135
leaf_weight=443 159 444 216 601 169 157
leaf_count=443 159 444 216 601 169 157
internal_value=1.36104e-06 0.000262557 0.000657373 -0.000360412 -0.000165101 -0.000152308
internal_weight=2189 1272 660 917 612 758
internal_count=2189 1272 660 917 612 758
is_linear=0
shrinkage=0.02


Tree=301
num_leaves=7
num_cat=0
split_feature=0 0 13 1 13 4
split_gain=0.510453 0.532272 0.772327 0.448357 0.336564 0.276905
threshold=0.53000000000000014 0.38000000000000006 -0.086432227596356798 0.17844576144109639 -0.0019280105981377745 0.032282928925362407
decision_type=2 2 8 2 10 2
left_child=1 5 -3 -2 -5 -1
right_child=3 2 -4 4 -6 -7
leaf_value=0.00020194636705932821 -0.0011760900955386281 -0.00037077333472201212 0.0011038296388112185 0.00021086894247116832 -0.00068346058795774791 -0.00065192487551215693
leaf_weight=352 202 202 458 454 261 260
leaf_count=352 202 202 458 454 261 260
internal_value=2.36804e-06 0.000261283 0.000653117 -0.00035625 -0.000118072 -0.000163153
internal_weight=2189 1272 660 917 715 612
internal_count=2189 1272 660 917 715 612
is_linear=0
shrinkage=0.02


Tree=302
num_leaves=7
num_cat=0
split_feature=0 3 5 3 1 7
split_gain=0.501745 0.528704 0.784325 0.660355 0.441002 0.261723
threshold=0.53000000000000014 -0.65184896033616979 -0.042500000000000003 0.33032974099227724 -0.040893769471341053 -0.50528816922609676
decision_type=2 2 2 2 2 2
left_child=1 2 -1 -3 -2 -6
right_child=4 3 -4 -5 5 -7
leaf_value=0.00026095130814231336 -0.001292982602949118 0.0013570625495650979 -0.0013525496944328027 8.4175626292945253e-05 -0.00075298288174403404 7.8265165743817187e-05
leaf_weight=458 159 290 158 366 203 555
leaf_count=458 159 290 158 366 203 555
internal_value=3.22533e-06 0.00025992 -0.000160459 0.000652894 -0.000352322 -0.000147827
internal_weight=2189 1272 616 656 917 758
internal_count=2189 1272 616 656 917 758
is_linear=0
shrinkage=0.02


Tree=303
num_leaves=7
num_cat=0
split_feature=0 0 13 1 12 1
split_gain=0.488641 0.528992 0.763298 0.432796 0.271114 0.259857
threshold=0.53000000000000014 0.38000000000000006 0.14454530689940667 -0.040893769471341053 0.64576313214022807 1.6828604122544897
decision_type=2 2 8 2 2 2
left_child=1 4 -3 -2 -1 -5
right_child=3 2 -4 5 -6 -7
leaf_value=-0.0004262919806491742 -0.0012802104519736221 0.00016645021189029072 0.0016071224293557767 4.549068460247108e-05 0.00050452623593931403 -0.00085671278154391241
leaf_weight=443 159 444 216 601 169 157
leaf_count=443 159 444 216 601 169 157
internal_value=2.52704e-06 0.000255849 0.000646482 -0.000348346 -0.000167247 -0.000145767
internal_weight=2189 1272 660 917 612 758
internal_count=2189 1272 660 917 612 758
is_linear=0
shrinkage=0.02


Tree=304
num_leaves=7
num_cat=0
split_feature=0 0 3 3 9 7
split_gain=0.480153 0.525389 0.509163 0.429126 0.768914 0.481145
threshold=0.53000000000000014 0.25000000000000006 -0.65184896033616979 0.57735026918962229 -0.17909841913637195 1.0000000180025095e-35
decision_type=2 2 2 2 2 2
left_child=1 -1 -3 4 -2 -5
right_child=3 2 -4 5 -6 -7
leaf_value=-0.0006618426931423269 7.6269358623390788e-05 -6.0638435467889034e-05 0.00081739437582579815 -0.00066298947456052857 -0.0016837944134570444 0.00054920326175740347
leaf_weight=205 190 469 598 224 202 301
leaf_count=205 190 469 598 224 202 301
internal_value=3.51774e-06 0.000254627 0.000432972 -0.000344296 -0.000840486 3.06257e-05
internal_weight=2189 1272 1067 917 392 525
internal_count=2189 1272 1067 917 392 525
is_linear=0
shrinkage=0.02


Tree=305
num_leaves=7
num_cat=0
split_feature=0 0 13 1 13 12
split_gain=0.470511 0.51695 0.757757 0.422467 0.33074 0.263893
threshold=0.53000000000000014 0.38000000000000006 -0.086432227596356798 0.17844576144109639 -0.25717920377683945 0.64576313214022807
decision_type=2 2 8 2 10 2
left_child=1 5 -3 -2 -5 -1
right_child=3 2 -4 4 -6 -7
leaf_value=-0.0004205053492354897 -0.0011353592573471619 -0.00037457021394213616 0.0010859438059268194 -0.00090735804963486722 0.00012062370813458313 0.00049783369189064053
leaf_weight=443 202 202 458 156 559 169
leaf_count=443 202 202 458 156 559 169
internal_value=4.74949e-06 0.000253322 0.000639483 -0.000339558 -0.000108407 -0.000164932
internal_weight=2189 1272 660 917 715 612
internal_count=2189 1272 660 917 715 612
is_linear=0
shrinkage=0.02


Tree=306
num_leaves=7
num_cat=0
split_feature=0 3 5 3 1 1
split_gain=0.461989 0.509011 0.780984 0.644764 0.415739 0.255406
threshold=0.53000000000000014 -0.65184896033616979 -0.042500000000000003 0.33032974099227724 -0.040893769471341053 1.6828604122544897
decision_type=2 2 2 2 2 2
left_child=1 2 -1 -3 -2 -6
right_child=4 3 -4 -5 5 -7
leaf_value=0.00026002354808272413 -0.0012488174321493362 0.0013333532914728463 -0.0013500388378014595 7.5698859407252712e-05 5.2534816809699382e-05 -0.00084186166524887092
leaf_weight=458 159 290 158 366 601 157
leaf_count=458 159 290 158 366 601 157
internal_value=5.65475e-06 0.000251964 -0.000160492 0.000637554 -0.000335522 -0.000137019
internal_weight=2189 1272 616 656 917 758
internal_count=2189 1272 616 656 917 758
is_linear=0
shrinkage=0.02


Tree=307
num_leaves=7
num_cat=0
split_feature=0 0 8 3 9 7
split_gain=0.449627 0.513865 0.756123 0.413644 0.747842 0.469995
threshold=0.53000000000000014 0.38000000000000006 0.68843160493917888 0.57735026918962229 -0.17909841913637195 1.0000000180025095e-35
decision_type=2 2 2 2 2 2
left_child=1 -1 -3 4 -2 -5
right_child=3 2 -4 5 -6 -7
leaf_value=-0.00016900099277144639 8.5100101832395945e-05 0.00099806984391027291 -0.00060044617614438459 -0.00064915309330716936 -0.0016504420966791792 0.00054891813850772928
leaf_weight=612 190 510 150 224 202 301
leaf_count=612 190 510 150 224 202 301
internal_value=4.98136e-06 0.000247974 0.000632988 -0.000331599 -0.000818758 3.64394e-05
internal_weight=2189 1272 660 917 392 525
internal_count=2189 1272 660 917 392 525
is_linear=0
shrinkage=0.02


Tree=308
num_leaves=6
num_cat=0
split_feature=0 0 8 1 7
split_gain=0.441087 0.506489 0.727062 0.405702 0.253085
threshold=0.53000000000000014 0.25000000000000006 0.70838667803574429 -0.040893769471341053 -0.50528816922609676
decision_type=2 2 2 2 2
left_child=1 -1 -3 -2 -5
right_child=3 2 -4 4 -6
leaf_value=-0.00065279274381464347 -0.0012292141683694976 0.00066488121152599917 -0.00068667169182728505 -0.00072608929440880633 9.124632444997718e-05
leaf_weight=205 159 877 190 203 555
leaf_count=205 159 877 190 203 555
internal_value=6.34367e-06 0.000247015 0.000422131 -0.000327028 -0.000130968
internal_weight=2189 1272 1067 917 758
internal_count=2189 1272 1067 917 758
is_linear=0
shrinkage=0.02


Tree=309
num_leaves=7
num_cat=0
split_feature=0 0 13 3 9 7
split_gain=0.433242 0.501777 0.748383 0.399572 0.732992 0.453054
threshold=0.53000000000000014 0.38000000000000006 0.14454530689940667 0.57735026918962229 -0.17909841913637195 1.0000000180025095e-35
decision_type=2 2 8 2 2 2
left_child=1 -1 -3 4 -2 -5
right_child=3 2 -4 5 -6 -7
leaf_value=-0.00016640108662351399 9.2559178885167996e-05 0.00015095724228495744 0.0015772760494262383 -0.00063471967163272042 -0.0016254688263308385 0.00054156464007165705
leaf_weight=612 190 444 216 224 202 301
leaf_count=612 190 444 216 224 202 301
internal_value=7.12548e-06 0.000245645 0.000626102 -0.00032327 -0.000802073 3.84301e-05
internal_weight=2189 1272 660 917 392 525
internal_count=2189 1272 660 917 392 525
is_linear=0
shrinkage=0.02


Tree=310
num_leaves=7
num_cat=0
split_feature=0 3 5 3 1 1
split_gain=0.424992 0.495577 0.777451 0.631504 0.395734 0.251774
threshold=0.53000000000000014 -0.65184896033616979 -0.042500000000000003 0.33032974099227724 -0.040893769471341053 1.6828604122544897
decision_type=2 2 2 2 2 2
left_child=1 2 -1 -3 -2 -6
right_child=4 3 -4 -5 5 -7
leaf_value=0.00025731933136977509 -0.0012098033759152381 0.0013137630156956129 -0.001349106266454685 6.9196715679853115e-05 6.2938821258537453e-05 -0.00082501355207950612
leaf_weight=458 159 290 158 366 601 157
leaf_count=458 159 290 158 366 601 157
internal_value=8.45377e-06 0.000244688 -0.000162263 0.000625162 -0.000318784 -0.000125179
internal_weight=2189 1272 616 656 917 758
internal_count=2189 1272 616 656 917 758
is_linear=0
shrinkage=0.02


Tree=311
num_leaves=7
num_cat=0
split_feature=0 0 8 3 9 7
split_gain=0.413511 0.498559 0.741907 0.389136 0.714792 0.440261
threshold=0.53000000000000014 0.38000000000000006 0.68843160493917888 0.57735026918962229 -0.17909841913637195 1.0000000180025095e-35
decision_type=2 2 2 2 2 2
left_child=1 -1 -3 4 -2 -5
right_child=3 2 -4 5 -6 -7
leaf_value=-0.00016992250622170518 9.5800105195779074e-05 0.00098167530078332402 -0.00060162837851432057 -0.00062174297470648219 -0.001600661061605459 0.00053781952855049399
leaf_weight=612 190 510 150 224 202 301
leaf_count=612 190 510 150 224 202 301
internal_value=7.75114e-06 0.000240774 0.000620016 -0.000315035 -0.000787546 4.18748e-05
internal_weight=2189 1272 660 917 392 525
internal_count=2189 1272 660 917 392 525
is_linear=0
shrinkage=0.02


Tree=312
num_leaves=7
num_cat=0
split_feature=0 0 13 1 4 1
split_gain=0.405675 0.490412 0.740165 0.386077 0.265512 0.246666
threshold=0.53000000000000014 0.38000000000000006 -0.086432227596356798 -0.040893769471341053 0.032282928925362407 1.6828604122544897
decision_type=2 2 8 2 2 2
left_child=1 4 -3 -2 -1 -5
right_child=3 2 -4 5 -6 -7
leaf_value=0.00019012064537351708 -0.0011907218518473846 -0.00038593657926660807 0.0010572845220050853 6.6707893851037956e-05 -0.00064604884070203694 -0.00081216813910200633
leaf_weight=352 159 202 458 601 260 157
leaf_count=352 159 202 458 601 260 157
internal_value=9.06078e-06 0.000239862 0.000615991 -0.000310656 -0.000167471 -0.000119458
internal_weight=2189 1272 660 917 612 758
internal_count=2189 1272 660 917 612 758
is_linear=0
shrinkage=0.02


Tree=313
num_leaves=6
num_cat=0
split_feature=0 0 8 1 13
split_gain=0.398547 0.485281 0.60903 0.37915 0.325298
threshold=0.53000000000000014 0.23000000000000001 0.70838667803574429 0.17844576144109639 -0.25717920377683945
decision_type=2 2 2 2 10
left_child=1 -1 -3 -2 -5
right_child=3 2 -4 4 -6
leaf_value=-0.00079346137655375061 -0.0010608722364628667 0.00059802943247142849 -0.00062553425629933675 -0.00088056585444889449 0.00013884990107836137
leaf_weight=155 202 924 193 156 559
leaf_count=155 202 924 193 156 559
internal_value=9.89035e-06 0.000238653 0.000384771 -0.000307007 -8.81386e-05
internal_weight=2189 1272 1117 917 715
internal_count=2189 1272 1117 917 715
is_linear=0
shrinkage=0.02


Tree=314
num_leaves=7
num_cat=0
split_feature=0 0 13 1 2 7
split_gain=0.391001 0.479795 0.733975 0.372433 0.267707 0.244953
threshold=0.53000000000000014 0.38000000000000006 0.14454530689940667 -0.040893769471341053 0.060011391066560053 -0.50528816922609676
decision_type=2 2 8 2 2 2
left_child=1 4 -3 -2 -1 -5
right_child=3 2 -4 5 -6 -7
leaf_value=-0.0005280089121846355 -0.0011676567380753823 0.000138800792014413 0.0015511654843302334 -0.00070103346320907949 0.00030967095395317303 0.00010299893849462803
leaf_weight=347 159 444 216 203 265 555
leaf_count=347 159 444 216 203 265 555
internal_value=1.0597e-05 0.000237182 0.000609217 -0.000303288 -0.000165718 -0.000115512
internal_weight=2189 1272 660 917 612 758
internal_count=2189 1272 660 917 612 758
is_linear=0
shrinkage=0.02


Tree=315
num_leaves=7
num_cat=0
split_feature=0 3 5 3 3 9
split_gain=0.384353 0.48153 0.773984 0.61864 0.371521 0.6993
threshold=0.53000000000000014 -0.65184896033616979 -0.042500000000000003 0.33032974099227724 0.57735026918962229 -0.17909841913637195
decision_type=2 2 2 2 2 2
left_child=1 2 -1 -3 5 -2
right_child=4 3 -4 -5 -6 -7
leaf_value=0.00025362172825805053 0.00011180401512254508 0.0012926525826860904 -0.0013492312460589263 6.0942978158874333e-05 4.8867825471427078e-05 -0.001565777909681021
leaf_weight=458 190 290 158 366 525 202
leaf_count=458 190 290 158 366 525 202
internal_value=1.14085e-05 0.000236057 -0.000165053 0.000611108 -0.000299799 -0.000761497
internal_weight=2189 1272 616 656 917 392
internal_count=2189 1272 616 656 917 392
is_linear=0
shrinkage=0.02


Tree=316
num_leaves=6
num_cat=0
split_feature=8 11 8 8 4
split_gain=0.362901 0.80914 0.738203 1.21601 0.520622
threshold=0.70902032728097553 0.10882993669133921 0.62970646628472782 0.57551116111238565 0.033400940280482509
decision_type=2 2 2 2 2
left_child=2 -2 3 -1 -4
right_child=1 -3 4 -5 -6
leaf_value=0.00028354434464093802 0.00047110309473664307 -0.0014530860678739069 0.00016556161365884463 -0.0010362265487168011 0.0013559183158126395
leaf_weight=841 157 187 329 412 263
leaf_count=841 157 187 329 412 263
internal_value=1.08395e-05 -0.000580727 0.000122409 -0.000152804 0.000701313
internal_weight=2189 344 1845 1253 592
internal_count=2189 344 1845 1253 592
is_linear=0
shrinkage=0.02


Tree=317
num_leaves=7
num_cat=0
split_feature=0 0 8 1 4 1
split_gain=0.372138 0.476462 0.726418 0.364153 0.261382 0.244619
threshold=0.53000000000000014 0.38000000000000006 0.68843160493917888 -0.040893769471341053 0.032282928925362407 1.6828604122544897
decision_type=2 2 2 2 2 2
left_child=1 4 -3 -2 -1 -5
right_child=3 2 -4 5 -6 -7
leaf_value=0.0001852121831215292 -0.0011501192351556155 0.00096049744671988248 -0.00060601526498794554 7.5538661223359833e-05 -0.00064445095472389236 -0.00079963554915638609
leaf_weight=352 159 510 150 601 260 157
leaf_count=352 159 510 150 601 260 157
internal_value=1.07935e-05 0.000231844 0.000602592 -0.000295427 -0.000169625 -0.000109783
internal_weight=2189 1272 660 917 612 758
internal_count=2189 1272 660 917 612 758
is_linear=0
shrinkage=0.02


Tree=318
num_leaves=7
num_cat=0
split_feature=0 3 5 3 3 9
split_gain=0.365846 0.470855 0.769573 0.607218 0.360671 0.679824
threshold=0.53000000000000014 -0.65184896033616979 -0.042500000000000003 0.33032974099227724 0.57735026918962229 -0.17909841913637195
decision_type=2 2 2 2 2 2
left_child=1 2 -1 -3 5 -2
right_child=4 3 -4 -5 -6 -7
leaf_value=0.00025170678207972621 0.00011409353918861599 0.0012769340700943465 -0.0013465768501071109 5.6703968997793703e-05 5.1549876952227562e-05 -0.0015398748717518243
leaf_weight=458 190 290 158 366 525 202
leaf_count=458 190 290 158 366 525 202
internal_value=1.16666e-05 0.000230839 -0.000165784 0.000601714 -0.000291957 -0.000746866
internal_weight=2189 1272 616 656 917 392
internal_count=2189 1272 616 656 917 392
is_linear=0
shrinkage=0.02


Tree=319
num_leaves=7
num_cat=0
split_feature=0 0 8 1 2 7
split_gain=0.355268 0.473687 0.718195 0.355162 0.260954 0.245219
threshold=0.53000000000000014 0.38000000000000006 0.68843160493917888 -0.040893769471341053 0.060011391066560053 -0.50528816922609676
decision_type=2 2 2 2 2 2
left_child=1 4 -3 -2 -1 -5
right_child=3 2 -4 5 -6 -7
leaf_value=-0.00053084623018300836 -0.0011321763202467104 0.00095262564819993331 -0.00060495584434078588 -0.00069067427854931269 0.00029626376443559784 0.00011374504989362323
leaf_weight=347 159 510 150 203 265 555
leaf_count=347 159 510 150 203 265 555
internal_value=1.10882e-05 0.000227069 0.000596743 -0.000288113 -0.000173204 -0.000104801
internal_weight=2189 1272 660 917 612 758
internal_count=2189 1272 660 917 612 758
is_linear=0
shrinkage=0.02


Tree=320
num_leaves=6
num_cat=0
split_feature=8 11 8 8 4
split_gain=0.349605 0.792582 0.724131 1.18742 0.510781
threshold=0.70902032728097553 0.10882993669133921 0.62970646628472782 0.57551116111238565 0.033400940280482509
decision_type=2 2 2 2 2
left_child=2 -2 3 -1 -4
right_child=1 -3 4 -5 -6
leaf_value=0.00027998871400613276 0.00047211483396865709 -0.0014321835377874472 0.00016407144549414294 -0.0010241742500040358 0.0013431259631544157
leaf_weight=841 157 187 329 412 263
leaf_count=841 157 187 329 412 263
internal_value=1.18736e-05 -0.000568758 0.000121377 -0.0001512 0.000694736
internal_weight=2189 344 1845 1253 592
internal_count=2189 344 1845 1253 592
is_linear=0
shrinkage=0.02


Tree=321
num_leaves=6
num_cat=0
split_feature=8 11 8 8 4
split_gain=0.342595 0.776199 0.70808 1.16008 0.499832
threshold=0.70902032728097553 0.10882993669133921 0.62970646628472782 0.57551116111238565 0.033400940280482509
decision_type=2 2 2 2 2
left_child=2 -2 3 -1 -4
right_child=1 -3 4 -5 -6
leaf_value=0.0002768777204560772 0.00046710226702055443 -0.0014174141367160095 0.00016224406753014215 -0.0010121887128499204 0.0013285921405959153
leaf_weight=841 157 187 329 412 263
leaf_count=841 157 187 329 412 263
internal_value=1.18209e-05 -0.00056296 0.000120221 -0.00014932 0.00068719
internal_weight=2189 344 1845 1253 592
internal_count=2189 344 1845 1253 592
is_linear=0
shrinkage=0.02


Tree=322
num_leaves=6
num_cat=0
split_feature=0 0 13 1 1
split_gain=0.347121 0.472953 0.468741 0.350101 0.243448
threshold=0.53000000000000014 0.25000000000000006 0.14454530689940667 -0.040893769471341053 1.6828604122544897
decision_type=2 2 8 2 2
left_child=1 -1 -3 -2 -5
right_child=3 2 -4 4 -6
leaf_value=-0.00064412766754338969 -0.001122005383821954 0.00010135186211816196 0.00099272470593198448 8.2822638654485092e-05 -0.0007902189357605774
leaf_weight=205 159 720 347 601 157
leaf_count=205 159 720 347 601 157
internal_value=1.17678e-05 0.000225256 0.000394514 -0.000283985 -0.000101999
internal_weight=2189 1272 1067 917 758
internal_count=2189 1272 1067 917 758
is_linear=0
shrinkage=0.02


Tree=323
num_leaves=5
num_cat=0
split_feature=6 6 3 13
split_gain=0.338774 0.503661 0.600295 0.599892
threshold=5.7734328999469158 6.9889248012918683 -0.18557698545961573 -0.081266600300271011
decision_type=2 2 2 8
left_child=-1 3 -3 -2
right_child=1 2 -4 -5
leaf_value=-0.00074756563746563676 -0.00026766309288362632 -0.0009978185452961055 0.00020809851025131211 0.00062412202214689127
leaf_weight=207 457 306 349 870
leaf_count=207 457 306 349 870
internal_value=1.24466e-05 9.35036e-05 -0.000358568 0.000317152
internal_weight=2189 1982 655 1327
internal_count=2189 1982 655 1327
is_linear=0
shrinkage=0.02


Tree=324
num_leaves=7
num_cat=0
split_feature=0 0 13 3 9 7
split_gain=0.340964 0.460513 0.717034 0.345222 0.659481 0.419503
threshold=0.53000000000000014 0.38000000000000006 0.14454530689940667 0.57735026918962229 -0.17909841913637195 1.0000000180025095e-35
decision_type=2 2 8 2 2 2
left_child=1 -1 -3 4 -2 -5
right_child=3 2 -4 5 -6 -7
leaf_value=-0.00017097663521507039 0.00012167426474535694 0.00012340124372915595 0.0015191710716728709 -0.00059291612779859893 -0.0015071488310164517 0.00053900355607076412
leaf_weight=612 190 444 216 224 202 301
leaf_count=612 190 444 216 224 202 301
internal_value=1.21036e-05 0.000223689 0.000588186 -0.000281015 -0.000726079 5.50138e-05
internal_weight=2189 1272 660 917 392 525
internal_count=2189 1272 660 917 392 525
is_linear=0
shrinkage=0.02


Tree=325
num_leaves=6
num_cat=0
split_feature=0 0 3 1 7
split_gain=0.334572 0.456034 0.51021 0.341286 0.240382
threshold=0.53000000000000014 0.23000000000000001 -0.65184896033616979 -0.040893769471341053 -0.50528816922609676
decision_type=2 2 2 2 2
left_child=1 -1 -3 -2 -5
right_child=3 2 -4 4 -6
leaf_value=-0.00077755971442093153 -0.0011044612273193397 -0.00010420088925457094 0.00075184392043184942 -0.0006774988193893268 0.00011892102343387835
leaf_weight=155 159 507 610 203 555
leaf_count=155 159 507 610 203 555
internal_value=1.32944e-05 0.000222885 0.000364557 -0.000277067 -9.74102e-05
internal_weight=2189 1272 1117 917 758
internal_count=2189 1272 1117 917 758
is_linear=0
shrinkage=0.02


Tree=326
num_leaves=6
num_cat=0
split_feature=8 11 8 8 4
split_gain=0.336082 0.760412 0.691195 1.12877 0.489059
threshold=0.70902032728097553 0.10882993669133921 0.62970646628472782 0.57551116111238565 0.033400940280482509
decision_type=2 2 2 2 2
left_child=2 -2 3 -1 -4
right_child=1 -3 4 -5 -6
leaf_value=0.00027539965186799807 0.00046415308145461256 -0.0014010691198442751 0.00016219691402685947 -0.00099614549475806192 0.0013159414115031737
leaf_weight=841 157 187 329 412 263
leaf_count=841 157 187 329 412 263
internal_value=1.39604e-05 -0.000555337 0.00012132 -0.000144996 0.000681484
internal_weight=2189 344 1845 1253 592
internal_count=2189 344 1845 1253 592
is_linear=0
shrinkage=0.02


Tree=327
num_leaves=5
num_cat=0
split_feature=6 6 13 3
split_gain=0.330723 0.492426 0.584642 0.583044
threshold=5.7734328999469158 6.9889248012918683 -0.081266600300271011 -0.18557698545961573
decision_type=2 2 8 2
left_child=-1 2 -2 -3
right_child=1 3 -4 -5
leaf_value=-0.00073703651597617937 -0.00026223274642799162 -0.00098302638294456767 0.00061815603305186552 0.00020543392659506978
leaf_weight=207 457 306 870 349
leaf_count=207 457 306 870 349
internal_value=1.3895e-05 9.39796e-05 0.000315116 -0.000353027
internal_weight=2189 1982 1327 655
internal_count=2189 1982 1327 655
is_linear=0
shrinkage=0.02


Tree=328
num_leaves=6
num_cat=0
split_feature=8 11 8 8 13
split_gain=0.329441 0.746021 0.675959 0.973477 0.554295
threshold=0.70902032728097553 0.10882993669133921 0.63387932992119733 0.57551116111238565 -0.09989237062127905
decision_type=2 2 2 2 10
left_child=2 -2 3 -1 -4
right_child=1 -3 4 -5 -6
leaf_value=0.00027170889508628662 0.00045969223666844172 -0.0013877970247024982 0.0014984898589724719 -0.0008739863018147623 0.00019902024443612919
leaf_weight=841 157 187 210 452 342
leaf_count=841 157 187 210 452 342
internal_value=1.3538e-05 -0.000550106 0.000119832 -0.000130621 0.000702397
internal_weight=2189 344 1845 1293 552
internal_count=2189 344 1845 1293 552
is_linear=0
shrinkage=0.02


Tree=329
num_leaves=5
num_cat=0
split_feature=6 6 13 3
split_gain=0.322946 0.482451 0.573815 0.571146
threshold=5.7734328999469158 6.9889248012918683 -0.081266600300271011 -0.18557698545961573
decision_type=2 2 8 2
left_child=-1 2 -2 -3
right_child=1 3 -4 -5
leaf_value=-0.00072848988136821335 -0.00026039008025454915 -0.00097329533256147174 0.0006118051411823503 0.00020297989938513369
leaf_weight=207 457 306 870 349
leaf_count=207 457 306 870 349
internal_value=1.35595e-05 9.26972e-05 0.000311584 -0.000349758
internal_weight=2189 1982 1327 655
internal_count=2189 1982 1327 655
is_linear=0
shrinkage=0.02


Tree=330
num_leaves=6
num_cat=0
split_feature=8 11 8 8 4
split_gain=0.323028 0.731902 0.662238 1.0751 0.476996
threshold=0.70902032728097553 0.10882993669133921 0.62970646628472782 0.57551116111238565 0.033400940280482509
decision_type=2 2 2 2 2
left_child=2 -2 3 -1 -4
right_child=1 -3 4 -5 -6
leaf_value=0.00026806937864746013 0.00045527673343679416 -0.0013746467581950128 0.00015403326449519816 -0.00097287843315705779 0.0012933371082181112
leaf_weight=841 157 187 329 412 263
leaf_count=841 157 187 329 412 263
internal_value=1.3209e-05 -0.000544921 0.000118464 -0.000142213 0.00066677
internal_weight=2189 344 1845 1253 592
internal_count=2189 344 1845 1253 592
is_linear=0
shrinkage=0.02


Tree=331
num_leaves=7
num_cat=0
split_feature=0 0 13 1 9 11
split_gain=0.32632 0.44563 0.707248 0.336388 0.267771 0.242921
threshold=0.53000000000000014 0.38000000000000006 -0.086432227596356798 -0.040893769471341053 0.11829670617105643 0.40623832058116227
decision_type=2 2 8 2 2 2
left_child=1 4 -3 -2 -1 -5
right_child=3 2 -4 5 -6 -7
leaf_value=-0.00056498982598660171 -0.0010950514235854626 -0.00040029792538011708 0.0010101257724844353 -0.00036338581442204448 0.00026621935721924344 0.00037636806045935944
leaf_weight=319 159 202 458 484 293 274
leaf_count=319 159 202 458 484 293 274
internal_value=1.31385e-05 0.000220128 0.000578687 -0.00027362 -0.000168109 -9.52673e-05
internal_weight=2189 1272 660 917 612 758
internal_count=2189 1272 660 917 612 758
is_linear=0
shrinkage=0.02


Tree=332
num_leaves=6
num_cat=0
split_feature=0 0 8 1 13
split_gain=0.32081 0.440819 0.653059 0.330973 0.316395
threshold=0.53000000000000014 0.25000000000000006 0.70838667803574429 0.17844576144109639 -0.0019280105981377745
decision_type=2 2 2 2 8
left_child=1 -1 -3 -2 -5
right_child=3 2 -4 4 -6
leaf_value=-0.00062024392825107846 -0.00097477099379065677 0.00061261982999133826 -0.00066813761836443189 0.00032594201317264512 -0.00051150503061481016
leaf_weight=205 202 877 190 381 334
leaf_count=205 202 877 190 381 334
internal_value=1.38689e-05 0.000219102 0.000382504 -0.00027046 -6.60925e-05
internal_weight=2189 1272 1067 917 715
internal_count=2189 1272 1067 917 715
is_linear=0
shrinkage=0.02


Tree=333
num_leaves=5
num_cat=0
split_feature=6 6 13 3
split_gain=0.315472 0.469437 0.562744 0.557911
threshold=5.7734328999469158 6.9889248012918683 -0.081266600300271011 -0.18557698545961573
decision_type=2 2 8 2
left_child=-1 2 -2 -3
right_child=1 3 -4 -5
leaf_value=-0.00071896979563324805 -0.00025785821636894806 -0.00096006732983918948 0.00060588235906192242 0.00020248221570236537
leaf_weight=207 457 306 870 349
leaf_count=207 457 306 870 349
internal_value=1.44452e-05 9.26595e-05 0.000308571 -0.000343791
internal_weight=2189 1982 1327 655
internal_count=2189 1982 1327 655
is_linear=0
shrinkage=0.02


Tree=334
num_leaves=6
num_cat=0
split_feature=8 11 8 8 4
split_gain=0.312632 0.720493 0.646819 1.04924 0.46434
threshold=0.70902032728097553 0.10882993669133921 0.62970646628472782 0.57551116111238565 0.033400940280482509
decision_type=2 2 2 2 2
left_child=2 -2 3 -1 -4
right_child=1 -3 4 -5 -6
leaf_value=0.00026532987805771976 0.00045725615447916 -0.0013582541658737077 0.00015360776454901803 -0.00096060218362079605 0.0012777273331633283
leaf_weight=841 157 187 329 412 263
leaf_count=841 157 187 329 412 263
internal_value=1.40951e-05 -0.000534984 0.00011764 -0.000139986 0.000659524
internal_weight=2189 344 1845 1253 592
internal_count=2189 344 1845 1253 592
is_linear=0
shrinkage=0.02


Tree=335
num_leaves=7
num_cat=0
split_feature=0 0 13 1 2 1
split_gain=0.314358 0.433108 0.702202 0.324851 0.267536 0.242518
threshold=0.53000000000000014 0.38000000000000006 0.14454530689940667 -0.040893769471341053 0.060011391066560053 1.6828604122544897
decision_type=2 2 8 2 2 2
left_child=1 4 -3 -2 -1 -5
right_child=3 2 -4 5 -6 -7
leaf_value=-0.00052775399084236015 -0.0010746654591568541 0.00011083533742645535 0.0014919343975064981 9.2205463694608334e-05 0.00030965701719159604 -0.00077912530893413921
leaf_weight=347 159 444 216 601 265 157
leaf_count=347 159 444 216 601 265 157
internal_value=1.4008e-05 0.000217166 0.00057065 -0.000267448 -0.000165579 -9.21911e-05
internal_weight=2189 1272 660 917 612 758
internal_count=2189 1272 660 917 612 758
is_linear=0
shrinkage=0.02


Tree=336
num_leaves=7
num_cat=0
split_feature=0 11 3 3 9 7
split_gain=0.308989 0.433328 1.04547 0.321672 0.63432 0.400603
threshold=0.53000000000000014 0.94334592595852951 -0.65184896033616979 0.57735026918962229 -0.17909841913637195 1.0000000180025095e-35
decision_type=2 2 2 2 2 2
left_child=1 2 -1 4 -2 -5
right_child=3 -3 -4 5 -6 -7
leaf_value=-0.00027140389496559922 0.0001370797911658883 -0.00077321630251856572 0.00094593253894628487 -0.00057322068294453311 -0.0014599767910791245 0.00053291762805409923
leaf_weight=548 190 151 573 224 202 301
leaf_count=548 190 151 573 224 202 301
internal_value=1.475e-05 0.000216164 0.000352276 -0.000264294 -0.000693916 6.00099e-05
internal_weight=2189 1272 1121 917 392 525
internal_count=2189 1272 1121 917 392 525
is_linear=0
shrinkage=0.02


Tree=337
num_leaves=4
num_cat=0
split_feature=6 11 11
split_gain=0.306449 0.464952 0.795271
threshold=5.7734328999469158 -0.96117143663587512 -0.7298473806936866
decision_type=2 2 2
left_child=-1 -2 -3
right_child=1 2 -4
leaf_value=-0.00070766549234559648 -0.00085737400832660692 0.0010913344080160771 -5.1963527675002054e-06
leaf_weight=207 182 317 1483
leaf_count=207 182 317 1483
internal_value=1.51885e-05 9.22741e-05 0.000190403
internal_weight=2189 1982 1800
internal_count=2189 1982 1800
is_linear=0
shrinkage=0.02


Tree=338
num_leaves=6
num_cat=0
split_feature=8 11 8 8 4
split_gain=0.305353 0.702573 0.631583 1.0228 0.455326
threshold=0.70902032728097553 0.10882993669133921 0.62970646628472782 0.57551116111238565 0.033400940280482509
decision_type=2 2 2 2 2
left_child=2 -2 3 -1 -4
right_child=1 -3 4 -5 -6
leaf_value=0.00026298808505269863 0.00045221952508767079 -0.0013405595300719142 0.0001518784942730012 -0.00094739610434239582 0.0012650292694791042
leaf_weight=841 157 187 329 412 263
leaf_count=841 157 187 329 412 263
internal_value=1.50643e-05 -0.000527587 0.000117394 -0.000137183 0.000652856
internal_weight=2189 344 1845 1253 592
internal_count=2189 344 1845 1253 592
is_linear=0
shrinkage=0.02


Tree=339
num_leaves=7
num_cat=0
split_feature=6 6 13 12 3 4
split_gain=0.299937 0.57369 0.922261 0.605744 0.54171 0.388874
threshold=6.9889248012918683 6.3102813845302252 -0.10518091328739557 0.26250496533184259 -0.18557698545961573 0.034910600109422395
decision_type=2 2 8 2 2 2
left_child=1 3 -3 -1 -2 -6
right_child=4 2 -4 -5 5 -7
leaf_value=-0.00089269628880940608 -0.0009490005912856645 -0.00050833995282342933 0.00086393629943800384 0.00039129218053338783 -0.00038028796481918178 0.00094945182459008309
leaf_weight=325 306 271 677 261 199 150
leaf_count=325 306 271 677 261 199 150
internal_value=1.49698e-05 0.000167899 0.000471042 -0.000322345 -0.000341747 0.000196571
internal_weight=2189 1534 948 586 655 349
internal_count=2189 1534 948 586 655 349
is_linear=0
shrinkage=0.02


Tree=340
num_leaves=7
num_cat=0
split_feature=0 0 8 1 9 11
split_gain=0.299892 0.424809 0.696958 0.317914 0.26759 0.243859
threshold=0.53000000000000014 0.38000000000000006 0.68843160493917888 -0.040893769471341053 0.11829670617105643 0.40623832058116227
decision_type=2 2 2 2 2 2
left_child=1 4 -3 -2 -1 -5
right_child=3 2 -4 5 -6 -7
leaf_value=-0.00056277908136159824 -0.0010588482613164206 0.00091378649722025237 -0.00062020735971389279 -0.00035564355097010211 0.00026813617453498465 0.0003855077819614988
leaf_weight=319 159 510 150 484 293 274
leaf_count=319 159 510 150 484 293 274
internal_value=1.4598e-05 0.000213024 0.00056311 -0.000260308 -0.000166022 -8.69633e-05
internal_weight=2189 1272 660 917 612 758
internal_count=2189 1272 660 917 612 758
is_linear=0
shrinkage=0.02


Tree=341
num_leaves=6
num_cat=0
split_feature=8 11 8 8 13
split_gain=0.298172 0.69287 0.618999 0.88326 0.550696
threshold=0.70902032728097553 0.10882993669133921 0.63387932992119733 0.57551116111238565 -0.09989237062127905
decision_type=2 2 2 2 10
left_child=2 -2 3 -1 -4
right_child=1 -3 4 -5 -6
leaf_value=0.00026003190105102283 0.00045207303465792431 -0.0013282334024552257 0.0014673717378876931 -0.00083128206347292638 0.00017264657556240363
leaf_weight=841 157 187 210 452 342
leaf_count=841 157 187 210 452 342
internal_value=1.53598e-05 -0.000520874 0.000116478 -0.000123196 0.000673956
internal_weight=2189 344 1845 1293 552
internal_count=2189 344 1845 1293 552
is_linear=0
shrinkage=0.02


Tree=342
num_leaves=4
num_cat=0
split_feature=6 11 11
split_gain=0.295714 0.456102 0.776002
threshold=5.7734328999469158 -0.96117143663587512 -0.7298473806936866
decision_type=2 2 2
left_child=-1 -2 -3
right_child=1 2 -4
leaf_value=-0.00069473844274158057 -0.00084950027267702614 0.0010782062552394981 -4.9593974965260241e-06
leaf_weight=207 182 317 1483
leaf_count=207 182 317 1483
internal_value=1.53426e-05 9.10651e-05 0.000188256
internal_weight=2189 1982 1800
internal_count=2189 1982 1800
is_linear=0
shrinkage=0.02


Tree=343
num_leaves=7
num_cat=0
split_feature=6 6 13 12 3 12
split_gain=0.294337 0.557705 0.906019 0.594296 0.530581 0.279871
threshold=6.9889248012918683 6.3102813845302252 -0.10518091328739557 0.26250496533184259 -0.18557698545961573 -0.19508892711266859
decision_type=2 2 8 2 2 2
left_child=1 3 -3 -1 5 -2
right_child=4 2 -4 -5 -6 -7
leaf_value=-0.00088161048259600213 -0.00030601908098305429 -0.00050510843476977377 0.00085501959903004892 0.00039016507349775307 0.00019460335571192585 -0.0015195006178691983
leaf_weight=325 150 271 677 261 349 156
leaf_count=325 150 271 677 261 349 156
internal_value=1.52156e-05 0.000166709 0.000465596 -0.000316663 -0.000338156 -0.00093914
internal_weight=2189 1534 948 586 655 306
internal_count=2189 1534 948 586 655 306
is_linear=0
shrinkage=0.02


Tree=344
num_leaves=6
num_cat=0
split_feature=0 11 3 1 13
split_gain=0.29346 0.421099 1.01085 0.313008 0.314212
threshold=0.53000000000000014 0.94334592595852951 -0.65184896033616979 0.17844576144109639 -0.25717920377683945
decision_type=2 2 2 2 10
left_child=1 2 -1 -2 -5
right_child=3 -3 -4 4 -6
leaf_value=-0.00026798511331224776 -0.00094205836839703972 -0.00076420791420297551 0.00092902232232587383 -0.0008373779697077614 0.0001644370132145007
leaf_weight=548 202 151 573 156 559
leaf_count=548 202 151 573 156 559
internal_value=1.48046e-05 0.000211091 0.000345275 -0.000257138 -5.8438e-05
internal_weight=2189 1272 1121 917 715
internal_count=2189 1272 1121 917 715
is_linear=0
shrinkage=0.02


Tree=345
num_leaves=6
num_cat=0
split_feature=8 11 8 8 4
split_gain=0.291978 0.676574 0.607678 0.976743 0.440451
threshold=0.70902032728097553 0.10882993669133921 0.62970646628472782 0.57551116111238565 0.033400940280482509
decision_type=2 2 2 2 2
left_child=2 -2 3 -1 -4
right_child=1 -3 4 -5 -6
leaf_value=0.0002563969880269827 0.00044581001463495654 -0.0013134509825613349 0.00014758398968999658 -0.000926423661670754 0.0012423661761633085
leaf_weight=841 157 187 329 412 263
leaf_count=841 157 187 329 412 263
internal_value=1.49859e-05 -0.000515649 0.000115049 -0.000134664 0.00064028
internal_weight=2189 344 1845 1253 592
internal_count=2189 344 1845 1253 592
is_linear=0
shrinkage=0.02


Tree=346
num_leaves=4
num_cat=0
split_feature=1 1 3
split_gain=0.289119 0.913957 0.493628
threshold=-1.7211808224759986 -1.4417817795394339 -0.57735026918963528
decision_type=2 2 2
left_child=-1 -2 -3
right_child=1 2 -4
leaf_value=-0.00080938082636345787 0.0015397385805491597 -0.00056712344621568636 0.0001555823813622884
leaf_weight=153 153 517 1366
leaf_count=153 153 517 1366
internal_value=1.48868e-05 7.86593e-05 -4.38215e-05
internal_weight=2189 2036 1883
internal_count=2189 2036 1883
is_linear=0
shrinkage=0.02


Tree=347
num_leaves=7
num_cat=0
split_feature=6 6 13 12 3 4
split_gain=0.288686 0.546748 0.88177 0.581782 0.513705 0.380054
threshold=6.9889248012918683 6.3102813845302252 -0.10518091328739557 0.26250496533184259 -0.18557698545961573 0.034910600109422395
decision_type=2 2 8 2 2 2
left_child=1 3 -3 -1 -2 -6
right_child=4 2 -4 -5 5 -7
leaf_value=-0.00087313393945805725 -0.00092690957040103734 -0.00049727357576425746 0.00084453874970909172 0.00038518764881488929 -0.00038149820001540232 0.00093302900512372289
leaf_weight=325 306 271 677 261 199 150
leaf_count=325 306 271 677 261 199 150
internal_value=1.43932e-05 0.000164427 0.000460365 -0.00031417 -0.000335568 0.000188683
internal_weight=2189 1534 948 586 655 349
internal_count=2189 1534 948 586 655 349
is_linear=0
shrinkage=0.02


Tree=348
num_leaves=6
num_cat=0
split_feature=12 3 6 6 5
split_gain=0.288016 0.74049 0.505478 0.998488 0.466702
threshold=0.79334766778371346 0.60676105254578439 6.2848987245293868 6.5130965575175068 0.039999999999999959
decision_type=2 2 2 2 2
left_child=2 -2 4 -4 -1
right_child=1 -3 3 -5 -6
leaf_value=8.1393633549677521e-05 -0.0010200399728938748 0.00068805838817910807 0.0015540883177044718 7.792060537930063e-05 -0.0012494921028088214
leaf_weight=257 292 150 215 1102 173
leaf_count=257 292 150 215 1102 173
internal_value=1.40247e-05 -0.000439156 0.000129608 0.000323871 -0.000462263
internal_weight=2189 442 1747 1317 430
internal_count=2189 442 1747 1317 430
is_linear=0
shrinkage=0.02


Tree=349
num_leaves=7
num_cat=0
split_feature=0 0 13 1 9 11
split_gain=0.285692 0.415321 0.692112 0.305669 0.266484 0.24558
threshold=0.53000000000000014 0.38000000000000006 0.14454530689940667 -0.040893769471341053 0.11829670617105643 0.40623832058116227
decision_type=2 2 8 2 2 2
left_child=1 4 -3 -2 -1 -5
right_child=3 2 -4 5 -6 -7
leaf_value=-0.00056315273736362104 -0.0010374542014821 9.7358361517135183e-05 0.0014683234469113845 -0.00035411810713814449 0.00026605301000640394 0.00038963501697980324
leaf_weight=319 159 444 216 484 293 274
leaf_count=319 159 444 216 484 293 274
internal_value=1.38731e-05 0.000207546 0.000553704 -0.000254445 -0.000167225 -8.44765e-05
internal_weight=2189 1272 660 917 612 758
internal_count=2189 1272 660 917 612 758
is_linear=0
shrinkage=0.02


Tree=350
num_leaves=6
num_cat=0
split_feature=8 11 8 8 4
split_gain=0.288041 0.666676 0.594894 0.953675 0.428331
threshold=0.70902032728097553 0.10882993669133921 0.62970646628472782 0.57551116111238565 0.021650635094610973
decision_type=2 2 2 2 2
left_child=2 -2 3 -1 -4
right_child=1 -3 4 -5 -6
leaf_value=0.00025336345876501013 0.00044200293553050288 -0.0013043511538611105 -6.3667751774521526e-05 -0.0009154061885797407 0.0010444325369787699
leaf_weight=841 157 187 221 412 371
leaf_count=841 157 187 221 412 371
internal_value=1.46344e-05 -0.00051241 0.000114021 -0.000133052 0.000633698
internal_weight=2189 344 1845 1253 592
internal_count=2189 344 1845 1253 592
is_linear=0
shrinkage=0.02


Tree=351
num_leaves=4
num_cat=0
split_feature=1 1 3
split_gain=0.283114 0.890134 0.475397
threshold=-1.7211808224759986 -1.4417817795394339 -0.57735026918963528
decision_type=2 2 2
left_child=-1 -2 -3
right_child=1 2 -4
leaf_value=-0.00080114044154746633 0.0015195405368893583 -0.00055679172971036099 0.00015244337034844445
leaf_weight=153 153 517 1366
leaf_count=153 153 517 1366
internal_value=1.45222e-05 7.76296e-05 -4.32444e-05
internal_weight=2189 2036 1883
internal_count=2189 2036 1883
is_linear=0
shrinkage=0.02


Tree=352
num_leaves=7
num_cat=0
split_feature=6 6 13 12 3 6
split_gain=0.281808 0.52369 0.861738 0.572133 0.502223 0.799494
threshold=6.9889248012918683 6.3102813845302252 -0.10518091328739557 0.26250496533184259 -1.0841266730011272 7.3341824722422917
decision_type=2 2 8 2 2 2
left_child=1 3 -3 -1 -2 -6
right_child=4 2 -4 -5 5 -7
leaf_value=-0.00086046444022124912 -0.0013151347225154692 -0.00049476078042483794 0.0008316946030687268 0.00038733406310999079 -0.00056189218474642772 0.0011346622139352597
leaf_weight=325 153 271 677 261 344 158
leaf_count=325 153 271 677 261 344 158
internal_value=1.40372e-05 0.000162274 0.000451901 -0.000306129 -0.00033173 -2.1993e-05
internal_weight=2189 1534 948 586 655 502
internal_count=2189 1534 948 586 655 502
is_linear=0
shrinkage=0.02


Tree=353
num_leaves=6
num_cat=0
split_feature=8 11 8 8 4
split_gain=0.28194 0.653511 0.582888 0.930516 0.416932
threshold=0.70902032728097553 0.10882993669133921 0.62970646628472782 0.57551116111238565 0.021650635094610973
decision_type=2 2 2 2 2
left_child=2 -2 3 -1 -4
right_child=1 -3 4 -5 -6
leaf_value=0.00024908595560470828 0.00043714221175989983 -0.0012918914710947625 -6.1690681449145878e-05 -0.00090540738218537655 0.0010315886706465539
leaf_weight=841 157 187 221 412 371
leaf_count=841 157 187 221 412 371
internal_value=1.36194e-05 -0.000507811 0.00011195 -0.000132614 0.000626357
internal_weight=2189 344 1845 1253 592
internal_count=2189 344 1845 1253 592
is_linear=0
shrinkage=0.02


Tree=354
num_leaves=6
num_cat=0
split_feature=12 3 6 6 5
split_gain=0.28052 0.717576 0.484669 0.969123 0.458932
threshold=0.79334766778371346 0.60676105254578439 6.2848987245293868 6.5130965575175068 0.039999999999999959
decision_type=2 2 2 2 2
left_child=2 -2 4 -4 -1
right_child=1 -3 3 -5 -6
leaf_value=8.702203666947725e-05 -0.0010055414369323538 0.00067593804556095318 0.0015297989708964123 7.5507763564559719e-05 -0.0012326354863059321
leaf_weight=257 292 150 215 1102 173
leaf_count=257 292 150 215 1102 173
internal_value=1.35178e-05 -0.000433726 0.000127588 0.000317809 -0.000451976
internal_weight=2189 442 1747 1317 430
internal_count=2189 442 1747 1317 430
is_linear=0
shrinkage=0.02


Tree=355
num_leaves=5
num_cat=0
split_feature=7 7 7 13
split_gain=0.278658 0.446339 0.915779 0.795956
threshold=-0.91629030964546387 -0.53672757228240564 -0.33504394213048982 0.21436319846336771
decision_type=2 2 2 8
left_child=-1 3 -3 -2
right_child=1 2 -4 -5
leaf_value=0.00079868456081091293 -0.0011848063788974818 0.0014652451550525225 -5.9599613406928092e-05 0.00047989547033819671
leaf_weight=162 308 173 1368 178
leaf_count=162 308 173 1368 178
internal_value=1.33729e-05 -5.12009e-05 0.000115772 -0.000576423
internal_weight=2189 2027 1541 486
internal_count=2189 2027 1541 486
is_linear=0
shrinkage=0.02


Tree=356
num_leaves=6
num_cat=0
split_feature=8 11 8 8 13
split_gain=0.277679 0.640266 0.571138 0.802408 0.545735
threshold=0.70902032728097553 0.10882993669133921 0.63387932992119733 0.57551116111238565 -0.09989237062127905
decision_type=2 2 2 2 10
left_child=2 -2 3 -1 -4
right_child=1 -3 4 -5 -6
leaf_value=0.00024604781467498372 0.00043129390197587606 -0.001280151948449202 0.0014362493471004243 -0.000794122634084663 0.00014783480558710465
leaf_weight=841 157 187 210 452 342
leaf_count=841 157 187 210 452 342
internal_value=1.34071e-05 -0.000504068 0.000110992 -0.000119228 0.000646485
internal_weight=2189 344 1845 1293 552
internal_count=2189 344 1845 1293 552
is_linear=0
shrinkage=0.02


Tree=357
num_leaves=7
num_cat=0
split_feature=6 6 13 12 3 4
split_gain=0.276535 0.501632 0.842128 0.563922 0.492454 0.368321
threshold=6.9889248012918683 6.3102813845302252 -0.10518091328739557 0.26250496533184259 -0.18557698545961573 0.034910600109422395
decision_type=2 2 8 2 2 2
left_child=1 3 -3 -1 -2 -6
right_child=4 2 -4 -5 5 -7
leaf_value=-0.00084856265436180625 -0.00090809251144348705 -0.00049208888977232896 0.00081916098687828513 0.00039020167650563885 -0.00037709678139756709 0.00091696685408392269
leaf_weight=325 306 271 677 261 199 150
leaf_count=325 306 271 677 261 199 150
internal_value=1.34023e-05 0.000160246 0.000443705 -0.000298193 -0.000329113 0.000184187
internal_weight=2189 1534 948 586 655 349
internal_count=2189 1534 948 586 655 349
is_linear=0
shrinkage=0.02


Tree=358
num_leaves=6
num_cat=0
split_feature=12 3 6 6 5
split_gain=0.275991 0.69818 0.464466 0.943851 0.448123
threshold=0.79334766778371346 0.60676105254578439 6.2848987245293868 6.5130965575175068 0.039999999999999959
decision_type=2 2 2 2 2
left_child=2 -2 4 -4 -1
right_child=1 -3 3 -5 -6
leaf_value=9.1345588612647461e-05 -0.00099458781328140089 0.00066404529371028465 0.0015084847089919177 7.3287987327766831e-05 -0.0012125923563569283
leaf_weight=257 292 150 215 1102 173
leaf_count=257 292 150 215 1102 173
internal_value=1.30456e-05 -0.000430572 0.000126192 0.000312403 -0.00044117
internal_weight=2189 442 1747 1317 430
internal_count=2189 442 1747 1317 430
is_linear=0
shrinkage=0.02


Tree=359
num_leaves=4
num_cat=0
split_feature=1 1 1
split_gain=0.275138 0.867098 0.465361
threshold=-1.7211808224759986 -1.4417817795394339 -1.1423723315208596
decision_type=2 2 2
left_child=-1 -2 -3
right_child=1 2 -4
leaf_value=-0.00079118006438299833 0.0014982543016866415 -0.0010235251882113516 5.634202958037453e-05
leaf_weight=153 153 171 1712
leaf_count=153 153 171 1712
internal_value=1.29064e-05 7.51215e-05 -4.41743e-05
internal_weight=2189 2036 1883
internal_count=2189 2036 1883
is_linear=0
shrinkage=0.02


Tree=360
num_leaves=6
num_cat=0
split_feature=0 11 3 1 13
split_gain=0.274675 0.414521 0.962247 0.299789 0.313576
threshold=0.53000000000000014 0.94334592595852951 -0.65184896033616979 0.17844576144109639 -0.0019280105981377745
decision_type=2 2 2 2 8
left_child=1 2 -1 -2 -5
right_child=3 -3 -4 4 -6
leaf_value=-0.00026274454901180149 -0.00092086591562121252 -0.00076515474834312237 0.00090512426157166167 0.00033409323357528199 -0.00049959592598114043
leaf_weight=548 202 151 573 381 334
leaf_count=548 202 151 573 381 334
internal_value=1.2524e-05 0.000202428 0.000335581 -0.000250566 -5.61153e-05
internal_weight=2189 1272 1121 917 715
internal_count=2189 1272 1121 917 715
is_linear=0
shrinkage=0.02


Tree=361
num_leaves=6
num_cat=0
split_feature=8 11 8 8 4
split_gain=0.272593 0.627148 0.560873 0.886409 0.409095
threshold=0.70902032728097553 0.10882993669133921 0.62970646628472782 0.57551116111238565 0.033400940280482509
decision_type=2 2 2 2 2
left_child=2 -2 3 -1 -4
right_child=1 -3 4 -5 -6
leaf_value=0.00024195094480031738 0.00042565807222998071 -0.0012681850714337391 0.00013912051875690769 -0.00088485115235649079 0.0011941517871429227
leaf_weight=841 157 187 329 412 263
leaf_count=841 157 187 329 412 263
internal_value=1.26124e-05 -0.0005001 0.000109301 -0.000130598 0.000613901
internal_weight=2189 344 1845 1253 592
internal_count=2189 344 1845 1253 592
is_linear=0
shrinkage=0.02


Tree=362
num_leaves=5
num_cat=0
split_feature=7 6 11 1
split_gain=0.274347 0.523279 0.598789 0.591419
threshold=-0.91629030964546387 6.9889248012918683 -0.098014898675841788 1.0448177854782881
decision_type=2 2 2 2
left_child=-1 2 -2 -3
right_child=1 3 -4 -5
leaf_value=0.00079174750835863425 0.0006742628092238558 -0.00095828882055157055 -0.00016345952982884765 0.00043332528815358533
leaf_weight=162 543 414 901 169
leaf_count=162 543 414 901 169
internal_value=1.25338e-05 -5.15368e-05 0.000152796 -0.000554633
internal_weight=2189 2027 1444 583
internal_count=2189 2027 1444 583
is_linear=0
shrinkage=0.02


Tree=363
num_leaves=5
num_cat=0
split_feature=4 9 7 12
split_gain=0.273827 0.448174 0.590435 0.559194
threshold=0.067961386095340942 0.68957964053149101 0.43953053865606256 -0.66749245881647024
decision_type=2 2 2 2
left_child=1 2 -1 -3
right_child=-2 3 -4 -5
leaf_value=0.00012956994992592151 -0.00076619677563493488 -0.0013363755442675829 0.0014387113385863843 -1.0508455514648121e-07
leaf_weight=1255 162 168 150 454
leaf_count=1255 162 168 150 454
internal_value=1.23347e-05 7.6288e-05 0.000273942 -0.000368806
internal_weight=2189 2027 1405 622
internal_count=2189 2027 1405 622
is_linear=0
shrinkage=0.02


Tree=364
num_leaves=6
num_cat=0
split_feature=12 3 6 6 5
split_gain=0.270452 0.674359 0.453844 0.915519 0.440352
threshold=0.79334766778371346 0.60676105254578439 6.2848987245293868 6.5130965575175068 0.039999999999999959
decision_type=2 2 2 2 2
left_child=2 -2 4 -4 -1
right_child=1 -3 3 -5 -6
leaf_value=9.1259455208787482e-05 -0.00098120634871306091 0.00064893418123885508 0.0014862930378453298 7.2797128130187966e-05 -0.0012013117795328745
leaf_weight=257 292 150 215 1102 173
leaf_count=257 292 150 215 1102 173
internal_value=1.22215e-05 -0.000426921 0.000124228 0.000308299 -0.000436606
internal_weight=2189 442 1747 1317 430
internal_count=2189 442 1747 1317 430
is_linear=0
shrinkage=0.02


Tree=365
num_leaves=6
num_cat=0
split_feature=0 0 8 1 13
split_gain=0.269638 0.401553 0.593773 0.292706 0.306946
threshold=0.53000000000000014 0.25000000000000006 0.70838667803574429 0.17844576144109639 -0.25717920377683945
decision_type=2 2 2 2 10
left_child=1 -1 -3 -2 -5
right_child=3 2 -4 4 -6
leaf_value=-0.00060076406418478915 -0.00091091029808838559 0.00057567573025771963 -0.00064548553335360998 -0.00082631336548221043 0.00016384607080224874
leaf_weight=205 202 877 190 156 559
leaf_count=205 202 877 190 156 559
internal_value=1.20921e-05 0.000200247 0.000356228 -0.000248575 -5.64268e-05
internal_weight=2189 1272 1067 917 715
internal_count=2189 1272 1067 917 715
is_linear=0
shrinkage=0.02


Tree=366
num_leaves=7
num_cat=0
split_feature=13 4 9 9 3 8
split_gain=0.26854 0.604733 0.664975 0.488043 0.708285 0.625849
threshold=0.21436319846336771 0.040311288741492778 -0.78154182325211907 -0.58082508174783887 -0.69768119884322077 0.70760871252844459
decision_type=8 2 2 2 2 2
left_child=3 2 -2 4 -1 -5
right_child=1 -3 -4 5 -6 -7
leaf_value=-0.001597776101882417 0.0018215944673638882 -0.00058072798696782774 -1.1178571436129793e-05 0.00030784848785029651 -2.5931254706599497e-05 -0.00087735211294750831
leaf_weight=184 159 153 153 1038 292 210
leaf_count=184 159 153 153 1038 292 210
internal_value=1.27595e-05 0.000436639 0.000936831 -0.000102502 -0.000643828 0.000105711
internal_weight=2189 465 312 1724 476 1248
internal_count=2189 465 312 1724 476 1248
is_linear=0
shrinkage=0.02


Tree=367
num_leaves=5
num_cat=0
split_feature=7 6 11 1
split_gain=0.265932 0.509917 0.585551 0.57672
threshold=-0.91629030964546387 6.9889248012918683 -0.098014898675841788 1.0448177854782881
decision_type=2 2 2 2
left_child=-1 2 -2 -3
right_child=1 3 -4 -5
leaf_value=0.00077954817998284354 0.00066667485555606709 -0.00094594295381130497 -0.00016173515917021971 0.00042826309842967442
leaf_weight=162 543 414 901 169
leaf_count=162 543 414 901 169
internal_value=1.23783e-05 -5.0702e-05 0.000151005 -0.000547334
internal_weight=2189 2027 1444 583
internal_count=2189 2027 1444 583
is_linear=0
shrinkage=0.02


Tree=368
num_leaves=5
num_cat=0
split_feature=4 9 7 12
split_gain=0.266006 0.435082 0.578451 0.548408
threshold=0.067961386095340942 0.68957964053149101 0.43953053865606256 -0.66749245881647024
decision_type=2 2 2 2
left_child=1 2 -1 -3
right_child=-2 3 -4 -5
leaf_value=0.00012706648266970342 -0.00075515148358163006 -0.0013215231053488102 0.0014228448455612505 1.7768709082359321e-06
leaf_weight=1255 162 168 150 454
leaf_count=1255 162 168 150 454
internal_value=1.21816e-05 7.5215e-05 0.000269961 -0.00036333
internal_weight=2189 2027 1405 622
internal_count=2189 2027 1405 622
is_linear=0
shrinkage=0.02


Tree=369
num_leaves=6
num_cat=0
split_feature=0 11 3 1 1
split_gain=0.265257 0.409544 0.921596 0.283599 0.251042
threshold=0.53000000000000014 0.94334592595852951 -0.65184896033616979 -0.040893769471341053 1.6828604122544897
decision_type=2 2 2 2 2
left_child=1 2 -1 -2 -5
right_child=3 -3 -4 4 -6
leaf_value=-0.00025452022410417228 -0.0010006864656830524 -0.00076304115904256319 0.00088842704192860936 0.00010478451823512755 -0.00078168431682121243
leaf_weight=548 159 151 573 601 157
leaf_count=548 159 151 573 601 157
internal_value=1.20696e-05 0.00019869 0.000331049 -0.000246471 -8.27437e-05
internal_weight=2189 1272 1121 917 758
internal_count=2189 1272 1121 917 758
is_linear=0
shrinkage=0.02


Tree=370
num_leaves=6
num_cat=0
split_feature=12 3 6 6 12
split_gain=0.263207 0.653337 0.445397 0.888922 0.435931
threshold=0.79334766778371346 0.60676105254578439 6.2848987245293868 6.5130965575175068 0.032718334535777813
decision_type=2 2 2 2 2
left_child=2 -2 4 -4 -1
right_child=1 -3 3 -5 -6
leaf_value=-0.00091449192860096253 -0.00096655789518145603 0.00063798245174750208 0.0014658406420864842 7.3019999029769379e-05 0.00039089440396509887
leaf_weight=271 292 150 215 1102 159
leaf_count=271 292 150 215 1102 159
internal_value=1.22354e-05 -0.000420985 0.000122731 0.000305082 -0.000432858
internal_weight=2189 442 1747 1317 430
internal_count=2189 442 1747 1317 430
is_linear=0
shrinkage=0.02


Tree=371
num_leaves=6
num_cat=0
split_feature=13 7 7 12 7
split_gain=0.263367 0.656073 1.0448 0.750873 0.635617
threshold=0.21436319846336771 -0.53672757228240564 -0.29422710399829027 -0.28349234725746469 -0.71473632476810967
decision_type=8 2 2 2 2
left_child=1 3 -3 -1 -2
right_child=4 2 -4 -5 -6
leaf_value=0.0002365516463982736 0.0011587127067731742 0.0015646453563407151 -0.00010716279868025571 -0.0015777580625893149 -0.00030716738235284004
leaf_weight=152 233 166 1187 219 232
leaf_count=152 233 166 1187 219 232
internal_value=1.20839e-05 -0.000102061 0.000102958 -0.000841168 0.000431862
internal_weight=2189 1724 1353 371 465
internal_count=2189 1724 1353 371 465
is_linear=0
shrinkage=0.02


Tree=372
num_leaves=6
num_cat=0
split_feature=0 11 3 1 13
split_gain=0.258617 0.403724 0.902393 0.276933 0.302791
threshold=0.53000000000000014 0.94334592595852951 -0.65184896033616979 0.17844576144109639 -0.0019280105981377745
decision_type=2 2 2 2 8
left_child=1 2 -1 -2 -5
right_child=3 -3 -4 4 -6
leaf_value=-0.00025176587068285474 -0.00088754625421353154 -0.00075861066269377871 0.00087921183032147214 0.00032705807390048558 -0.0004921709910408761
leaf_weight=548 202 151 573 381 334
leaf_count=548 202 151 573 381 334
internal_value=1.19831e-05 0.000196253 0.000327671 -0.000243301 -5.6391e-05
internal_weight=2189 1272 1121 917 715
internal_count=2189 1272 1121 917 715
is_linear=0
shrinkage=0.02


Tree=373
num_leaves=6
num_cat=0
split_feature=8 11 8 8 4
split_gain=0.257062 0.609833 0.549092 0.861532 0.403759
threshold=0.70902032728097553 0.10882993669133921 0.62970646628472782 0.57551116111238565 0.033400940280482509
decision_type=2 2 2 2 2
left_child=2 -2 3 -1 -4
right_child=1 -3 4 -5 -6
leaf_value=0.00023590205523766684 0.00042689937678522168 -0.0012432766617954864 0.00013364496134768078 -0.00087498123065191059 0.0011816834014798723
leaf_weight=841 157 187 329 412 263
leaf_count=841 157 187 329 412 263
internal_value=1.20707e-05 -0.000485821 0.000105965 -0.000131394 0.00060524
internal_weight=2189 344 1845 1253 592
internal_count=2189 344 1845 1253 592
is_linear=0
shrinkage=0.02


Tree=374
num_leaves=6
num_cat=0
split_feature=13 7 7 7 5
split_gain=0.258665 0.640054 1.02144 0.621973 0.465159
threshold=0.21436319846336771 -0.53672757228240564 -0.29422710399829027 -0.71473632476810967 0.029999999999999947
decision_type=8 2 2 2 2
left_child=1 4 -3 -2 -1
right_child=3 2 -4 -5 -6
leaf_value=-0.00014937902935780584 0.0011470167583956172 0.0015466322723778824 -0.00010637796487938145 -0.00030305562666636983 -0.0015615293551339299
leaf_weight=195 233 166 1187 232 176
leaf_count=195 233 166 1187 232 176
internal_value=1.19985e-05 -0.000101123 0.000101378 0.000428012 -0.000831151
internal_weight=2189 1724 1353 465 371
internal_count=2189 1724 1353 465 371
is_linear=0
shrinkage=0.02


Tree=375
num_leaves=4
num_cat=0
split_feature=1 1 1
split_gain=0.257677 0.867024 0.445687
threshold=-1.7211808224759986 -1.4417817795394339 -1.1423723315208596
decision_type=2 2 2
left_child=-1 -2 -3
right_child=1 2 -4
leaf_value=-0.00076617991068412238 0.0014952578364364518 -0.0010055196398752742 5.1279282499136837e-05
leaf_weight=153 153 171 1712
leaf_count=153 153 171 1712
internal_value=1.19733e-05 7.21832e-05 -4.71001e-05
internal_weight=2189 2036 1883
internal_count=2189 2036 1883
is_linear=0
shrinkage=0.02


Tree=376
num_leaves=7
num_cat=0
split_feature=6 7 7 6 13 12
split_gain=0.256918 0.47614 0.722826 0.458106 0.816501 0.542347
threshold=6.9889248012918683 -0.71998814116665588 0.56939077706188679 6.3102813845302252 -0.10518091328739557 0.26250496533184259
decision_type=2 2 2 2 8 2
left_child=3 -2 -3 5 -5 -1
right_child=1 2 -4 4 -6 -7
leaf_value=-0.00082471982683196207 0.00060555370513438469 -0.0012232408703163171 0.00034207069483908962 -0.00049726370314180017 0.00079377150190323303 0.00039005748893456408
leaf_weight=325 163 304 188 271 677 261
leaf_count=325 163 304 188 271 677 261
internal_value=1.16118e-05 -0.000318528 -0.00062769 0.000153155 0.000424037 -0.000284945
internal_weight=2189 655 492 1534 948 586
internal_count=2189 655 492 1534 948 586
is_linear=0
shrinkage=0.02


Tree=377
num_leaves=6
num_cat=0
split_feature=12 3 6 6 12
split_gain=0.257712 0.637973 0.425787 0.862141 0.426277
threshold=0.79334766778371346 0.60676105254578439 6.2848987245293868 6.5130965575175068 0.032718334535777813
decision_type=2 2 2 2 2
left_child=2 -2 4 -4 -1
right_child=1 -3 3 -5 -6
leaf_value=-0.00089886815233183078 -0.00095646394840018321 0.00062911526504303176 0.001442084072327072 7.0414383452538785e-05 0.0003918962870020329
leaf_weight=271 292 150 215 1102 159
leaf_count=271 292 150 215 1102 159
internal_value=1.13189e-05 -0.000417353 0.000120657 0.000298946 -0.000422567
internal_weight=2189 442 1747 1317 430
internal_count=2189 442 1747 1317 430
is_linear=0
shrinkage=0.02


Tree=378
num_leaves=5
num_cat=0
split_feature=4 9 7 1
split_gain=0.253733 0.418522 0.569176 0.444665
threshold=0.067961386095340942 0.68957964053149101 0.43953053865606256 -0.85681185164145901
decision_type=2 2 2 2
left_child=1 2 -1 -3
right_child=-2 3 -4 -5
leaf_value=0.00012201927716211815 -0.00073824451868227149 0.00046217184127407502 0.0014073372048085495 -0.0007003652148351476
leaf_weight=1255 162 183 150 439
leaf_count=1255 162 183 150 439
internal_value=1.11763e-05 7.274e-05 0.000263746 -0.000357375
internal_weight=2189 2027 1405 622
internal_count=2189 2027 1405 622
is_linear=0
shrinkage=0.02


Tree=379
num_leaves=6
num_cat=0
split_feature=8 8 8 13 0
split_gain=0.253554 0.538471 0.741394 0.539045 0.477188
threshold=0.70902032728097553 0.63387932992119733 0.57551116111238565 -0.096739607861795543 0.46750000000000003
decision_type=2 2 2 10 2
left_child=1 2 -1 -3 -2
right_child=4 3 -4 -5 -6
leaf_value=0.00023191418956641007 0.00033904160624779995 0.0013944445644420657 -0.00076793705031715941 0.00011970222604934844 -0.0011416585682294308
leaf_weight=841 154 215 452 337 190
leaf_count=841 154 215 452 337 190
internal_value=1.10539e-05 0.000104307 -0.00011922 0.000624266 -0.000483426
internal_weight=2189 1845 1293 552 344
internal_count=2189 1845 1293 552 344
is_linear=0
shrinkage=0.02


Tree=380
num_leaves=4
num_cat=0
split_feature=1 1 1
split_gain=0.25156 0.840376 0.438039
threshold=-1.7211808224759986 -1.4417817795394339 -1.1423723315208596
decision_type=2 2 2
left_child=-1 -2 -3
right_child=1 2 -4
leaf_value=-0.00075789393067265606 0.0014714930012020505 -0.00099713717222171426 5.055560065128547e-05
leaf_weight=153 153 171 1712
leaf_count=153 153 171 1712
internal_value=1.09647e-05 7.04575e-05 -4.69768e-05
internal_weight=2189 2036 1883
internal_count=2189 2036 1883
is_linear=0
shrinkage=0.02


Tree=381
num_leaves=6
num_cat=0
split_feature=13 7 12 12 7
split_gain=0.251298 0.632673 1.01897 0.733191 0.602312
threshold=0.21436319846336771 -0.53672757228240564 -0.87484877511867432 -0.28349234725746469 -0.71473632476810967
decision_type=8 2 2 2 2
left_child=1 3 -3 -1 -2
right_child=4 2 -4 -5 -6
leaf_value=0.00023813738668586608 0.0011282093198911264 -0.0012110092520418734 0.00032818819475111539 -0.0015545719889009239 -0.00029875282834790931
leaf_weight=152 233 197 1156 219 232
leaf_count=152 233 197 1156 219 232
internal_value=1.06087e-05 -0.000100887 0.000100444 -0.000826693 0.000420658
internal_weight=2189 1724 1353 371 465
internal_count=2189 1724 1353 371 465
is_linear=0
shrinkage=0.02


Tree=382
num_leaves=7
num_cat=0
split_feature=6 6 2 6 13 4
split_gain=0.251026 0.465331 0.730031 0.43733 0.801061 0.539704
threshold=6.9889248012918683 7.1169296943688662 0.04214490744026278 6.3102813845302252 -0.10518091328739557 0.016996731711975934
decision_type=2 2 2 2 8 2
left_child=3 -2 -3 5 -5 -1
right_child=1 2 -4 4 -6 -7
leaf_value=-0.0011358962169187904 -0.0011070599545747405 0.0010505756575845729 -0.00058153731266631637 -0.00049745978810740096 0.00078126980660242907 0.00014630775456316771
leaf_weight=191 200 172 283 271 677 395
leaf_count=191 200 172 283 271 677 395
internal_value=1.04541e-05 -0.000315876 4.01503e-05 0.000150367 0.000415034 -0.000277686
internal_weight=2189 655 455 1534 948 586
internal_count=2189 655 455 1534 948 586
is_linear=0
shrinkage=0.02


Tree=383
num_leaves=6
num_cat=0
split_feature=12 3 6 6 12
split_gain=0.249555 0.624421 0.410039 0.835159 0.416522
threshold=0.79334766778371346 0.60676105254578439 6.2848987245293868 6.5130965575175068 0.032718334535777813
decision_type=2 2 2 2 2
left_child=2 -2 4 -4 -1
right_child=1 -3 3 -5 -6
leaf_value=-0.00088605702770334015 -0.00094493274210861295 0.000623697929264557 0.0014179255129261451 6.7899135561754999e-05 0.00038981369361508548
leaf_weight=271 292 150 215 1102 159
leaf_count=271 292 150 215 1102 159
internal_value=1.02615e-05 -0.00041157 0.000117857 0.00029282 -0.000415224
internal_weight=2189 442 1747 1317 430
internal_count=2189 442 1747 1317 430
is_linear=0
shrinkage=0.02


Tree=384
num_leaves=6
num_cat=0
split_feature=8 11 8 8 13
split_gain=0.249975 0.600232 0.530389 0.820611 0.403237
threshold=0.70902032728097553 0.10882993669133921 0.62970646628472782 0.57551116111238565 -0.096739607861795543
decision_type=2 2 2 2 10
left_child=2 -2 3 -1 -4
right_child=1 -3 4 -5 -6
leaf_value=0.00022792742849766866 0.00042463563405621202 -0.001232321819770732 0.0012276428065573176 -0.00085625703882077615 0.00016475709280943323
leaf_weight=841 157 187 235 412 357
leaf_count=841 157 187 235 412 357
internal_value=1.01317e-05 -0.000480845 0.000102726 -0.000130551 0.000593428
internal_weight=2189 344 1845 1253 592
internal_count=2189 344 1845 1253 592
is_linear=0
shrinkage=0.02


Tree=385
num_leaves=5
num_cat=0
split_feature=7 6 1 11
split_gain=0.248945 0.480351 0.57256 0.557889
threshold=-0.91629030964546387 6.9889248012918683 1.0448177854782881 -0.098014898675841788
decision_type=2 2 2 2
left_child=-1 3 -3 -2
right_child=1 2 -4 -5
leaf_value=0.00075238174591548063 0.00064820991976893621 -0.00093014500483977198 0.00043889858085533666 -0.00016038924181469198
leaf_weight=162 543 414 169 901
leaf_count=162 543 414 169 901
internal_value=1.01147e-05 -5.09134e-05 -0.000532929 0.000144863
internal_weight=2189 2027 583 1444
internal_count=2189 2027 583 1444
is_linear=0
shrinkage=0.02


Tree=386
num_leaves=4
num_cat=0
split_feature=1 1 1
split_gain=0.246128 0.818105 0.427387
threshold=-1.7211808224759986 -1.4417817795394339 -1.1423723315208596
decision_type=2 2 2
left_child=-1 -2 -3
right_child=1 2 -4
leaf_value=-0.00075055867657536953 0.0014511468018629128 -0.00098560158957049942 4.9274803208969384e-05
leaf_weight=153 153 171 1712
leaf_count=153 153 171 1712
internal_value=9.95072e-06 6.87997e-05 -4.70662e-05
internal_weight=2189 2036 1883
internal_count=2189 2036 1883
is_linear=0
shrinkage=0.02


Tree=387
num_leaves=6
num_cat=0
split_feature=13 7 7 12 7
split_gain=0.246265 0.623597 0.999201 0.7143 0.587189
threshold=0.21436319846336771 -0.53672757228240564 -0.29422710399829027 -0.28349234725746469 -0.71473632476810967
decision_type=8 2 2 2 2
left_child=1 3 -3 -1 -2
right_child=4 2 -4 -5 -6
leaf_value=0.00022982854778718227 0.0011141443668136828 0.001528557030307415 -0.0001063562420576939 -0.0015397673440747895 -0.00029479249840295768
leaf_weight=152 233 166 1187 219 232
leaf_count=152 233 166 1187 219 232
internal_value=9.60909e-06 -0.000100762 9.91212e-05 -0.000821343 0.000415533
internal_weight=2189 1724 1353 371 465
internal_count=2189 1724 1353 371 465
is_linear=0
shrinkage=0.02


Tree=388
num_leaves=6
num_cat=0
split_feature=8 11 8 8 13
split_gain=0.245254 0.586861 0.519356 0.801416 0.396496
threshold=0.70902032728097553 0.10882993669133921 0.62970646628472782 0.57551116111238565 -0.096739607861795543
decision_type=2 2 2 2 10
left_child=2 -2 3 -1 -4
right_child=1 -3 4 -5 -6
leaf_value=0.00022468962992709923 0.00041859804940076522 -0.0012198212715641905 0.0012157207223741958 -0.00084674078097893041 0.00016178760830652564
leaf_weight=841 157 187 235 412 357
leaf_count=841 157 187 235 412 357
internal_value=9.54595e-06 -0.00047677 0.000101263 -0.000129574 0.000586834
internal_weight=2189 344 1845 1253 592
internal_count=2189 344 1845 1253 592
is_linear=0
shrinkage=0.02


Tree=389
num_leaves=5
num_cat=0
split_feature=4 9 7 12
split_gain=0.243539 0.409723 0.556359 0.523283
threshold=0.067961386095340942 0.68957964053149101 0.43953053865606256 -0.66749245881647024
decision_type=2 2 2 2
left_child=1 2 -1 -3
right_child=-2 3 -4 -5
leaf_value=0.00011872995821902315 -0.00072467276001137175 -0.0012916958385895442 0.0013894799877213497 9.4387481447658244e-07
leaf_weight=1255 162 168 150 454
leaf_count=1255 162 168 150 454
internal_value=9.53448e-06 6.98519e-05 0.000258843 -0.00035571
internal_weight=2189 2027 1405 622
internal_count=2189 2027 1405 622
is_linear=0
shrinkage=0.02


Tree=390
num_leaves=4
num_cat=0
split_feature=6 11 11
split_gain=0.243082 0.457842 0.703852
threshold=5.7734328999469158 -0.96117143663587512 -0.7298473806936866
decision_type=2 2 2
left_child=-1 -2 -3
right_child=1 2 -4
leaf_value=-0.00063433430618870098 -0.00086418214308864923 0.0010230890747090304 -8.4815670948779781e-06
leaf_weight=207 182 317 1483
leaf_count=207 182 317 1483
internal_value=9.44994e-06 7.81138e-05 0.00017552
internal_weight=2189 1982 1800
internal_count=2189 1982 1800
is_linear=0
shrinkage=0.02


Tree=391
num_leaves=7
num_cat=0
split_feature=6 6 3 6 13 4
split_gain=0.241443 0.456176 0.55498 0.413385 0.783622 0.530945
threshold=6.9889248012918683 7.1169296943688662 -0.7276068751089998 6.3102813845302252 -0.10518091328739557 0.016996731711975934
decision_type=2 2 2 2 8 2
left_child=3 -2 -3 5 -5 -1
right_child=1 2 -4 4 -6 -7
leaf_value=-0.001120815543067043 -0.0010940282923373871 -0.00087733073830826289 0.00056103936048469162 -0.00049852394596741037 0.0007661564783838405 0.00015089409407228232
leaf_weight=191 200 163 292 271 677 395
leaf_count=191 200 163 292 271 677 395
internal_value=9.37339e-06 -0.000310665 4.18198e-05 0.000146591 0.00040391 -0.000269581
internal_weight=2189 655 455 1534 948 586
internal_count=2189 655 455 1534 948 586
is_linear=0
shrinkage=0.02


Tree=392
num_leaves=5
num_cat=0
split_feature=7 6 1 11
split_gain=0.240284 0.466162 0.560621 0.538043
threshold=-0.91629030964546387 6.9889248012918683 1.0448177854782881 -0.098014898675841788
decision_type=2 2 2 2
left_child=-1 3 -3 -2
right_child=1 2 -4 -5
leaf_value=0.00073818904677074655 0.00063617079960603788 -0.00091890886820506022 0.00043576241695675359 -0.00015791529275078087
leaf_weight=162 543 414 169 901
leaf_count=162 543 414 169 901
internal_value=8.94611e-06 -5.10088e-05 -0.000525851 0.000141857
internal_weight=2189 2027 583 1444
internal_count=2189 2027 583 1444
is_linear=0
shrinkage=0.02


Tree=393
num_leaves=7
num_cat=0
split_feature=13 7 12 12 4 7
split_gain=0.240083 0.613834 0.98794 0.695668 0.57863 0.733157
threshold=0.21436319846336771 -0.53672757228240564 -0.87484877511867432 -0.28349234725746469 0.040311288741492778 -0.71473632476810967
decision_type=8 2 2 2 2 2
left_child=1 3 -3 -1 5 -2
right_child=4 2 -4 -5 -6 -7
leaf_value=0.00022240115027833185 0.0018517919717123733 -0.0011931896839973211 0.00032238664207911858 -0.001524076478173291 -0.00058523393412934072 -6.981614965623544e-05
leaf_weight=152 155 197 1156 219 153 157
leaf_count=152 155 197 1156 219 153 157
internal_value=8.7967e-06 -0.000100179 9.81344e-05 -0.000815096 0.000409595 0.000898979
internal_weight=2189 1724 1353 371 465 312
internal_count=2189 1724 1353 371 465 312
is_linear=0
shrinkage=0.02


Tree=394
num_leaves=6
num_cat=0
split_feature=8 11 8 8 13
split_gain=0.239698 0.573468 0.509849 0.779509 0.390115
threshold=0.70902032728097553 0.10882993669133921 0.62970646628472782 0.57551116111238565 -0.096739607861795543
decision_type=2 2 2 2 10
left_child=2 -2 3 -1 -4
right_child=1 -3 4 -5 -6
leaf_value=0.0002199547339162523 0.00041293422018902169 -0.0012066959392238157 0.0012041786736808717 -0.00083673394876431764 0.0001587929673079988
leaf_weight=841 157 187 235 412 357
leaf_count=841 157 187 235 412 357
internal_value=8.59586e-06 -0.000472178 9.927e-05 -0.000129441 0.000580378
internal_weight=2189 344 1845 1253 592
internal_count=2189 344 1845 1253 592
is_linear=0
shrinkage=0.02


Tree=395
num_leaves=4
num_cat=0
split_feature=1 1 1
split_gain=0.238494 0.801212 0.420306
threshold=-1.7211808224759986 -1.4417817795394339 -1.1423723315208596
decision_type=2 2 2
left_child=-1 -2 -3
right_child=1 2 -4
leaf_value=-0.00074002284202960469 0.0014345316496925265 -0.00097885664631824259 4.7413615184962475e-05
leaf_weight=153 153 171 1712
leaf_count=153 153 171 1712
internal_value=8.59745e-06 6.65294e-05 -4.81301e-05
internal_weight=2189 2036 1883
internal_count=2189 2036 1883
is_linear=0
shrinkage=0.02


Tree=396
num_leaves=6
num_cat=0
split_feature=12 0 6 6 5
split_gain=0.237619 0.616919 0.392238 0.806585 0.420877
threshold=0.79334766778371346 0.48000000000000004 6.2848987245293868 6.5130965575175068 0.039999999999999959
decision_type=2 2 2 2 2
left_child=2 -2 4 -4 -1
right_child=1 -3 3 -5 -6
leaf_value=0.00010762852054970865 0.00039913630907860496 -0.0010852392518379316 0.0013900837114250116 6.3372962994967083e-05 -0.0011557477474045219
leaf_weight=257 204 238 215 1102 173
leaf_count=257 204 238 215 1102 173
internal_value=8.27448e-06 -0.000403341 0.000113269 0.000284397 -0.000408102
internal_weight=2189 442 1747 1317 430
internal_count=2189 442 1747 1317 430
is_linear=0
shrinkage=0.02


Tree=397
num_leaves=6
num_cat=0
split_feature=8 11 8 8 4
split_gain=0.235609 0.561991 0.499186 0.76212 0.398415
threshold=0.70902032728097553 0.10882993669133921 0.62970646628472782 0.57551116111238565 0.033400940280482509
decision_type=2 2 2 2 2
left_child=2 -2 3 -1 -4
right_child=1 -3 4 -5 -6
leaf_value=0.00021700611158029722 0.0004075204571249125 -0.0011958429893881356 0.00010587579809118086 -0.00082783117081313361 0.0011464407539634562
leaf_weight=841 157 187 329 412 263
leaf_count=841 157 187 329 412 263
internal_value=7.93376e-06 -0.000468721 9.78325e-05 -0.000128473 0.000573884
internal_weight=2189 344 1845 1253 592
internal_count=2189 344 1845 1253 592
is_linear=0
shrinkage=0.02


Tree=398
num_leaves=5
num_cat=0
split_feature=4 9 7 12
split_gain=0.234593 0.398388 0.546361 0.505553
threshold=0.067961386095340942 0.68957964053149101 0.43953053865606256 -0.66749245881647024
decision_type=2 2 2 2
left_child=1 2 -1 -3
right_child=-2 3 -4 -5
leaf_value=0.00011463670090158721 -0.00071268613589648712 -0.0012725110408026358 0.0013738952744151314 -1.9273344703294611e-06
leaf_weight=1255 162 168 150 454
leaf_count=1255 162 168 150 454
internal_value=7.90719e-06 6.71097e-05 0.000253472 -0.000352518
internal_weight=2189 2027 1405 622
internal_count=2189 2027 1405 622
is_linear=0
shrinkage=0.02


Tree=399
num_leaves=7
num_cat=0
split_feature=13 7 7 4 7 5
split_gain=0.234215 0.6022 0.970918 0.56372 0.718887 0.447767
threshold=0.21436319846336771 -0.53672757228240564 -0.29422710399829027 0.040311288741492778 -0.71473632476810967 0.029999999999999947
decision_type=8 2 2 2 2 2
left_child=1 5 -3 4 -2 -1
right_child=3 2 -4 -5 -6 -7
leaf_value=-0.00013920529192546383 0.0018302533646638039 0.0015056970276956974 -0.00010590958678368291 -0.00057820347892238364 -7.2463883638933862e-05 -0.0015244747845562772
leaf_weight=195 155 166 1187 153 157 176
leaf_count=195 155 166 1187 153 157 176
internal_value=7.84148e-06 -9.97924e-05 9.66347e-05 0.000403713 0.000886755 -0.000807902
internal_weight=2189 1724 1353 465 312 371
internal_count=2189 1724 1353 465 312 371
is_linear=0
shrinkage=0.02


Tree=400
num_leaves=4
num_cat=0
split_feature=1 1 1
split_gain=0.233922 0.774591 0.41728
threshold=-1.7211808224759986 -1.4417817795394339 -1.1423723315208596
decision_type=2 2 2
left_child=-1 -2 -3
right_child=1 2 -4
leaf_value=-0.00073359048430206655 0.0014102770330360794 -0.00097491519779644223 4.7653114148423765e-05
leaf_weight=153 153 171 1712
leaf_count=153 153 171 1712
internal_value=7.81759e-06 6.51931e-05 -4.75449e-05
internal_weight=2189 2036 1883
internal_count=2189 2036 1883
is_linear=0
shrinkage=0.02


Tree=401
num_leaves=6
num_cat=0
split_feature=12 3 6 6 5
split_gain=0.23303 0.609056 0.381733 0.786822 0.410804
threshold=0.79334766778371346 0.60676105254578439 6.2848987245293868 6.5130965575175068 0.039999999999999959
decision_type=2 2 2 2 2
left_child=2 -2 4 -4 -1
right_child=1 -3 3 -5 -6
leaf_value=0.00010665982705718688 -0.00092691548809139461 0.00062221529448945676 0.0013723621315915478 6.2009034488626102e-05 -0.0011415017886464013
leaf_weight=257 292 150 215 1102 173
leaf_count=257 292 150 215 1102 173
internal_value=7.50715e-06 -0.000400113 0.000111485 0.000280305 -0.000402856
internal_weight=2189 442 1747 1317 430
internal_count=2189 442 1747 1317 430
is_linear=0
shrinkage=0.02


Tree=402
num_leaves=7
num_cat=0
split_feature=6 7 7 6 13 4
split_gain=0.231977 0.445089 0.703631 0.384192 0.763953 0.521963
threshold=6.9889248012918683 -0.71998814116665588 0.56939077706188679 6.3102813845302252 -0.10518091328739557 0.016996731711975934
decision_type=2 2 2 2 8 2
left_child=3 -2 -3 5 -5 -1
right_child=1 2 -4 4 -6 -7
leaf_value=-0.0011032988276209075 0.00058715479878065663 -0.0011928210831563739 0.00035133279850368677 -0.00050093388397489552 0.00074770331031798534 0.00015754541916539893
leaf_weight=191 163 304 188 271 677 395
leaf_count=191 163 304 188 271 677 395
internal_value=7.4362e-06 -0.000306261 -0.00060518 0.000141941 0.000390006 -0.00025927
internal_weight=2189 655 492 1534 948 586
internal_count=2189 655 492 1534 948 586
is_linear=0
shrinkage=0.02


Tree=403
num_leaves=6
num_cat=0
split_feature=8 11 8 8 13
split_gain=0.231038 0.551298 0.4902 0.654725 0.509001
threshold=0.70902032728097553 0.10882993669133921 0.63387932992119733 0.57551116111238565 -0.096739607861795543
decision_type=2 2 2 2 10
left_child=2 -2 3 -1 -4
right_child=1 -3 4 -5 -6
leaf_value=0.00021296706165123213 0.00040308173498667689 -0.001184964082967781 0.0013407249009575355 -0.00072663711951495319 0.00010227107085499978
leaf_weight=841 157 187 215 452 337
leaf_count=841 157 187 215 452 337
internal_value=7.21025e-06 -0.000464796 9.62341e-05 -0.000117029 0.000592345
internal_weight=2189 344 1845 1293 552
internal_count=2189 344 1845 1293 552
is_linear=0
shrinkage=0.02


Tree=404
num_leaves=5
num_cat=0
split_feature=7 7 7 7
split_gain=0.228572 0.423646 0.831882 0.727083
threshold=-0.91629030964546387 -0.53672757228240564 -0.33504394213048982 -0.71998814116665588
decision_type=2 2 2 2
left_child=-1 3 -3 -2
right_child=1 2 -4 -5
leaf_value=0.00071852259739430371 5.8163379485540043e-05 0.0013976484029998562 -5.567420866948845e-05 -0.0015151899909965464
leaf_weight=162 297 173 1368 189
leaf_count=162 297 173 1368 189
internal_value=7.27096e-06 -5.12012e-05 0.000111475 -0.000562895
internal_weight=2189 2027 1541 486
internal_count=2189 2027 1541 486
is_linear=0
shrinkage=0.02


Tree=405
num_leaves=5
num_cat=0
split_feature=0 13 7 12
split_gain=0.228591 0.425872 0.666178 0.546037
threshold=0.23000000000000001 0.21436319846336771 -0.53672757228240564 -0.039586810352949316
decision_type=2 8 2 2
left_child=-1 2 -2 -3
right_child=1 3 -4 -5
leaf_value=-0.00072067983332181032 -0.00082553803008301443 0.0012535147238522768 0.00013820780834134999 -0.0002454795975642032
leaf_weight=155 365 235 1273 161
leaf_count=155 365 235 1273 161
internal_value=7.27696e-06 6.43818e-05 -7.8405e-05 0.000648613
internal_weight=2189 2034 1638 396
internal_count=2189 2034 1638 396
is_linear=0
shrinkage=0.02


Tree=406
num_leaves=4
num_cat=0
split_feature=6 11 11
split_gain=0.228892 0.451068 0.673629
threshold=5.7734328999469158 -0.96117143663587512 -0.7298473806936866
decision_type=2 2 2
left_child=-1 -2 -3
right_child=1 2 -4
leaf_value=-0.00061720594385955129 -0.00086115069717248498 0.00099999711641272438 -9.1804471172039367e-06
leaf_weight=207 182 317 1483
leaf_count=207 182 317 1483
internal_value=7.50033e-06 7.41336e-05 0.000170825
internal_weight=2189 1982 1800
internal_count=2189 1982 1800
is_linear=0
shrinkage=0.02


Tree=407
num_leaves=7
num_cat=0
split_feature=6 6 2 6 13 12
split_gain=0.229189 0.443146 0.710798 0.373397 0.751024 0.52111
threshold=6.9889248012918683 7.1169296943688662 0.04214490744026278 6.3102813845302252 -0.10518091328739557 0.26250496533184259
decision_type=2 2 2 2 8 2
left_child=3 -2 -3 5 -5 -1
right_child=1 2 -4 4 -6 -7
leaf_value=-0.00078362720671363857 -0.0010764587820712023 0.0010400251599454904 -0.00057044904022606922 -0.00049766578677825734 0.00074035239196996983 0.00040694042324715234
leaf_weight=325 200 172 283 271 677 261
leaf_count=325 200 172 283 271 677 261
internal_value=7.44523e-06 -0.000304362 4.30329e-05 0.00014114 0.000385692 -0.000254401
internal_weight=2189 655 455 1534 948 586
internal_count=2189 655 455 1534 948 586
is_linear=0
shrinkage=0.02


Tree=408
num_leaves=4
num_cat=0
split_feature=1 1 1
split_gain=0.228796 0.75234 0.409081
threshold=-1.7211808224759986 -1.4417817795394339 -1.1423723315208596
decision_type=2 2 2
left_child=-1 -2 -3
right_child=1 2 -4
leaf_value=-0.0007259594290694103 0.0013896461256891726 -0.00096529825725486841 4.717426268767211e-05
leaf_weight=153 153 171 1712
leaf_count=153 153 171 1712
internal_value=7.27813e-06 6.40224e-05 -4.70838e-05
internal_weight=2189 2036 1883
internal_count=2189 2036 1883
is_linear=0
shrinkage=0.02


Tree=409
num_leaves=6
num_cat=0
split_feature=8 11 8 8 13
split_gain=0.226907 0.538853 0.483484 0.725689 0.377509
threshold=0.70902032728097553 0.10882993669133921 0.62970646628472782 0.57551116111238565 -0.096739607861795543
decision_type=2 2 2 2 10
left_child=2 -2 3 -1 -4
right_child=1 -3 4 -5 -6
leaf_value=0.00020961792410600783 0.00039726354681921227 -0.0011727751078069559 0.0011773232927856346 -0.00080994593616065785 0.00014910391351794671
leaf_weight=841 157 187 235 412 357
leaf_count=841 157 187 235 412 357
internal_value=6.97648e-06 -0.000460791 9.52014e-05 -0.000127512 0.000563707
internal_weight=2189 344 1845 1253 592
internal_count=2189 344 1845 1253 592
is_linear=0
shrinkage=0.02


Tree=410
num_leaves=7
num_cat=0
split_feature=6 4 12 8 5 5
split_gain=0.224667 0.439133 0.608609 0.366597 1.26272 1.01543
threshold=6.9889248012918683 0.021650635094610973 -0.28349234725746469 0.563744715242394 -0.089999999999999927 -0.049999999999999996
decision_type=2 2 2 2 2 2
left_child=3 -2 -3 5 -5 -1
right_child=1 2 -4 4 -6 -7
leaf_value=-0.00079024505365124487 -0.0010516939275867288 0.00075605809664990324 -0.0007030042438721496 0.0011188538327029257 -0.00050013031079998546 0.0011147278361265639
leaf_weight=154 207 232 216 254 748 378
leaf_count=154 207 232 216 254 748 378
internal_value=6.99158e-06 -0.000301723 5.25868e-05 0.000139361 -8.62115e-05 0.000561065
internal_weight=2189 655 448 1534 1002 532
internal_count=2189 655 448 1534 1002 532
is_linear=0
shrinkage=0.02


Tree=411
num_leaves=4
num_cat=0
split_feature=1 1 1
split_gain=0.224916 0.730953 0.401695
threshold=-1.7211808224759986 -1.4417817795394339 -1.1423723315208596
decision_type=2 2 2
left_child=-1 -2 -3
right_child=1 2 -4
leaf_value=-0.00072018208335849305 0.00136971786575498 -0.00095633100984824444 4.6959603067346992e-05
leaf_weight=153 153 171 1712
leaf_count=153 153 171 1712
internal_value=6.81041e-06 6.30724e-05 -4.64431e-05
internal_weight=2189 2036 1883
internal_count=2189 2036 1883
is_linear=0
shrinkage=0.02


Tree=412
num_leaves=5
num_cat=0
split_feature=7 6 1 11
split_gain=0.223782 0.43864 0.557717 0.504545
threshold=-0.91629030964546387 6.9889248012918683 1.0448177854782881 -0.098014898675841788
decision_type=2 2 2 2
left_child=-1 3 -3 -2
right_child=1 2 -4 -5
leaf_value=0.00071027819694627727 0.00061443531559440346 -0.00090403295773623833 0.00044693094217914276 -0.00015452974588159475
leaf_weight=162 543 414 169 901
leaf_count=162 543 414 169 901
internal_value=6.51743e-06 -5.13372e-05 -0.000511945 0.000135753
internal_weight=2189 2027 583 1444
internal_count=2189 2027 583 1444
is_linear=0
shrinkage=0.02


Tree=413
num_leaves=5
num_cat=0
split_feature=12 0 0 8
split_gain=0.224241 0.602443 0.375986 0.452062
threshold=0.79334766778371346 0.48000000000000004 0.25000000000000006 0.70902032728097553
decision_type=2 2 2 2
left_child=2 -2 -1 -4
right_child=1 -3 3 -5
leaf_value=-0.0008228276743512318 0.00039945718131037029 -0.0010673387955736232 0.00034686908748374776 -0.00056610755317190015
leaf_weight=153 204 238 1340 254
leaf_count=153 204 238 1340 254
internal_value=6.39632e-06 -0.00039346 0.000108396 0.000200073
internal_weight=2189 442 1747 1594
internal_count=2189 442 1747 1594
is_linear=0
shrinkage=0.02


Tree=414
num_leaves=4
num_cat=0
split_feature=6 11 11
split_gain=0.224424 0.440906 0.656739
threshold=5.7734328999469158 -0.96117143663587512 -0.7298473806936866
decision_type=2 2 2
left_child=-1 -2 -3
right_child=1 2 -4
leaf_value=-0.00061199514186536933 -0.00085212243456931366 0.00098687216078411364 -9.5715238695516089e-06
leaf_weight=207 182 317 1483
leaf_count=207 182 317 1483
internal_value=6.58183e-06 7.25634e-05 0.000168161
internal_weight=2189 1982 1800
internal_count=2189 1982 1800
is_linear=0
shrinkage=0.02


Tree=415
num_leaves=5
num_cat=0
split_feature=4 9 7 12
split_gain=0.223404 0.385595 0.53584 0.496006
threshold=0.067961386095340942 0.68957964053149101 0.43953053865606256 -0.66749245881647024
decision_type=2 2 2 2
left_child=1 2 -1 -3
right_child=-2 3 -4 -5
leaf_value=0.00011017584669937764 -0.00069666827766748959 -0.0012597909006101722 0.0013572258762264203 -1.2679129619808759e-06
leaf_weight=1255 162 168 150 454
leaf_count=1255 162 168 150 454
internal_value=6.52788e-06 6.4304e-05 0.000247654 -0.000348526
internal_weight=2189 2027 1405 622
internal_count=2189 2027 1405 622
is_linear=0
shrinkage=0.02


Tree=416
num_leaves=7
num_cat=0
split_feature=13 7 12 12 4 7
split_gain=0.221297 0.575963 0.950665 0.665696 0.542808 0.697262
threshold=0.21436319846336771 -0.53672757228240564 -0.87484877511867432 -0.28349234725746469 0.040311288741492778 -0.71473632476810967
decision_type=8 2 2 2 2 2
left_child=1 3 -3 -1 5 -2
right_child=4 2 -4 -5 -6 -7
leaf_value=0.00022406706788167833 0.0017945221904374193 -0.0011727526716629763 0.00031395263459672482 -0.0014842078637697601 -0.00057215383417810067 -7.9131558376513875e-05
leaf_weight=152 155 197 1156 219 153 157
leaf_count=152 155 197 1156 219 153 157
internal_value=6.48262e-06 -9.81383e-05 9.39639e-05 -0.000790649 0.000391285 0.000865313
internal_weight=2189 1724 1353 371 465 312
internal_count=2189 1724 1353 371 465 312
is_linear=0
shrinkage=0.02


Tree=417
num_leaves=5
num_cat=0
split_feature=12 3 6 11
split_gain=0.219659 0.599024 0.366473 0.593741
threshold=0.79334766778371346 0.60676105254578439 5.8837532825985326 -0.96117143663587512
decision_type=2 2 2 2
left_child=2 -2 -1 -4
right_child=1 -3 3 -5
leaf_value=-0.00070835345035076753 -0.00091193632581561301 0.00062429249783106633 -0.00085258403747913338 0.00035169775060131688
leaf_weight=191 292 150 181 1375
leaf_count=191 292 150 181 1375
internal_value=6.3105e-06 -0.00038944 0.000107263 0.000209329
internal_weight=2189 442 1747 1556
internal_count=2189 442 1747 1556
is_linear=0
shrinkage=0.02


Tree=418
num_leaves=6
num_cat=0
split_feature=8 11 8 8 4
split_gain=0.217605 0.528714 0.476611 0.701697 0.395065
threshold=0.70902032728097553 0.10882993669133921 0.62970646628472782 0.57551116111238565 0.033400940280482509
decision_type=2 2 2 2 2
left_child=2 -2 3 -1 -4
right_child=1 -3 4 -5 -6
leaf_value=0.000203140812502716 0.00039809605250434003 -0.0011570254356956867 9.2088505123814429e-05 -0.00079943362996428853 0.001128022727945736
leaf_weight=841 157 187 329 412 263
leaf_count=841 157 187 329 412 263
internal_value=6.33712e-06 -0.00045174 9.27357e-05 -0.000128384 0.000557902
internal_weight=2189 344 1845 1253 592
internal_count=2189 344 1845 1253 592
is_linear=0
shrinkage=0.02


Tree=419
num_leaves=4
num_cat=0
split_feature=1 1 1
split_gain=0.217176 0.717105 0.393215
threshold=-1.7211808224759986 -1.4417817795394339 -1.1423723315208596
decision_type=2 2 2
left_child=-1 -2 -3
right_child=1 2 -4
leaf_value=-0.00070804629203733761 0.0013558232369228515 -0.00094708845209838315 4.5556331232836402e-05
leaf_weight=153 153 171 1712
leaf_count=153 153 171 1712
internal_value=6.32699e-06 6.16133e-05 -4.68577e-05
internal_weight=2189 2036 1883
internal_count=2189 2036 1883
is_linear=0
shrinkage=0.02


Tree=420
num_leaves=7
num_cat=0
split_feature=6 3 6 13 13 5
split_gain=0.217331 0.432795 0.758595 0.359029 1.08876 0.704739
threshold=6.9889248012918683 -1.0841266730011272 7.3341824722422917 -0.081266600300271011 0.076703014414507512 -0.049999999999999996
decision_type=2 2 2 8 10 2
left_child=3 -2 -3 5 -5 -1
right_child=1 2 -4 4 -6 -7
leaf_value=0.00085180965738911778 -0.0012104884972442178 -0.00053617750204776684 0.0011164075708548122 0.0010250742776406695 -0.00028253670565016174 -0.00075073762379510316
leaf_weight=150 153 344 158 492 519 373
leaf_count=150 153 344 158 492 519 373
internal_value=6.04178e-06 -0.000297589 -1.01608e-05 0.000136234 0.000355721 -0.000287402
internal_weight=2189 655 502 1534 1011 523
internal_count=2189 655 502 1534 1011 523
is_linear=0
shrinkage=0.02


Tree=421
num_leaves=5
num_cat=0
split_feature=7 6 1 11
split_gain=0.217192 0.426275 0.54291 0.487902
threshold=-0.91629030964546387 6.9889248012918683 1.0448177854782881 -0.098014898675841788
decision_type=2 2 2 2
left_child=-1 3 -3 -2
right_child=1 2 -4 -5
leaf_value=0.00069910412102179261 0.00060394454586411403 -0.00089212882050078565 0.0004407831356357569 -0.00015223049524134316
leaf_weight=162 543 414 169 901
leaf_count=162 543 414 169 901
internal_value=5.78189e-06 -5.12131e-05 -0.000505282 0.000133223
internal_weight=2189 2027 583 1444
internal_count=2189 2027 583 1444
is_linear=0
shrinkage=0.02


Tree=422
num_leaves=4
num_cat=0
split_feature=4 0 13
split_gain=0.217571 0.341686 0.555923
threshold=0.067961386095340942 0.25000000000000006 0.21436319846336771
decision_type=2 2 8
left_child=1 -1 -3
right_child=-2 2 -4
leaf_value=-0.00073590407313025295 -0.00068828379244593801 -2.3301337305993222e-05 0.00085649731773045968
leaf_weight=189 162 1487 351
leaf_count=189 162 1487 351
internal_value=5.6694e-06 6.2688e-05 0.00014658
internal_weight=2189 2027 1838
internal_count=2189 2027 1838
is_linear=0
shrinkage=0.02


Tree=423
num_leaves=4
num_cat=0
split_feature=6 11 11
split_gain=0.215869 0.422877 0.634222
threshold=5.7734328999469158 -0.96117143663587512 -0.7298473806936866
decision_type=2 2 2
left_child=-1 -2 -3
right_child=1 2 -4
leaf_value=-0.00060051894623715924 -0.00083471626810291237 0.00096904266218550699 -1.0167876097639042e-05
leaf_weight=207 182 317 1483
leaf_count=207 182 317 1483
internal_value=6.15314e-06 7.08656e-05 0.000164489
internal_weight=2189 1982 1800
internal_count=2189 1982 1800
is_linear=0
shrinkage=0.02


Tree=424
num_leaves=6
num_cat=0
split_feature=8 11 8 8 4
split_gain=0.213984 0.515791 0.465951 0.686486 0.388358
threshold=0.70902032728097553 0.10882993669133921 0.62970646628472782 0.57551116111238565 0.033400940280482509
decision_type=2 2 2 2 2
left_child=2 -2 3 -1 -4
right_child=1 -3 4 -5 -6
leaf_value=0.00020105893037972167 0.00039128531374175242 -0.001144745103410969 8.9896535187190078e-05 -0.00079058903457074282 0.001116973811642392
leaf_weight=841 157 187 329 412 263
leaf_count=841 157 187 329 412 263
internal_value=6.10383e-06 -0.000448146 9.17809e-05 -0.000126852 0.000551716
internal_weight=2189 344 1845 1253 592
internal_count=2189 344 1845 1253 592
is_linear=0
shrinkage=0.02


Tree=425
num_leaves=5
num_cat=0
split_feature=4 9 3 12
split_gain=0.213475 0.374324 0.532783 0.482225
threshold=0.067961386095340942 0.68957964053149101 1.4211458514382584 -0.66749245881647024
decision_type=2 2 2 2
left_child=1 2 -1 -3
right_child=-2 3 -4 -5
leaf_value=0.00038103027997790759 -0.00068129450880258734 -0.0012426912049208418 -0.00084528394107474011 -1.7694406331088679e-06
leaf_weight=1250 162 168 155 454
leaf_count=1250 162 168 155 454
internal_value=6.09555e-06 6.25737e-05 0.000243225 -0.000344175
internal_weight=2189 2027 1405 622
internal_count=2189 2027 1405 622
is_linear=0
shrinkage=0.02


Tree=426
num_leaves=5
num_cat=0
split_feature=12 0 0 12
split_gain=0.212151 0.59086 0.357386 0.435341
threshold=0.79334766778371346 0.48000000000000004 0.25000000000000006 0.22023637241864494
decision_type=2 2 2 2
left_child=2 -2 -1 -4
right_child=1 -3 3 -5
leaf_value=-0.00080261563866021988 0.00040227984172363357 -0.0010502670386829127 -8.6326993517001568e-06 0.00073025666939793149
leaf_weight=153 204 238 1159 435
leaf_count=153 204 238 1159 435
internal_value=6.06782e-06 -0.00038286 0.00010528 0.000194662
internal_weight=2189 442 1747 1594
internal_count=2189 442 1747 1594
is_linear=0
shrinkage=0.02


Tree=427
num_leaves=4
num_cat=0
split_feature=1 1 1
split_gain=0.212226 0.701884 0.384452
threshold=-1.7211808224759986 -1.4417817795394339 -1.1423723315208596
decision_type=2 2 2
left_child=-1 -2 -3
right_child=1 2 -4
leaf_value=-0.00069994186121923269 0.0013412982889685391 -0.00093655997799942277 4.4962503410600255e-05
leaf_weight=153 153 171 1712
leaf_count=153 153 171 1712
internal_value=6.24447e-06 6.08972e-05 -4.64163e-05
internal_weight=2189 2036 1883
internal_count=2189 2036 1883
is_linear=0
shrinkage=0.02


Tree=428
num_leaves=6
num_cat=0
split_feature=13 7 12 12 7
split_gain=0.211398 0.571753 0.927796 0.645044 0.528799
threshold=0.21436319846336771 -0.53672757228240564 -0.87484877511867432 -0.28349234725746469 -0.71473632476810967
decision_type=8 2 2 2 2
left_child=1 3 -3 -1 -2
right_child=4 2 -4 -5 -6
leaf_value=0.00021280513524676964 0.0010450823023081797 -0.0011562966922814451 0.00031242207694609394 -0.0014689604632855794 -0.00029181955932376256
leaf_weight=152 233 197 1156 219 232
leaf_count=152 233 197 1156 219 232
internal_value=5.9625e-06 -9.62907e-05 9.51032e-05 -0.000786268 0.00038206
internal_weight=2189 1724 1353 371 465
internal_count=2189 1724 1353 371 465
is_linear=0
shrinkage=0.02


Tree=429
num_leaves=4
num_cat=0
split_feature=6 11 11
split_gain=0.210366 0.414719 0.612089
threshold=5.7734328999469158 -0.96117143663587512 -0.7298473806936866
decision_type=2 2 2
left_child=-1 -2 -3
right_child=1 2 -4
leaf_value=-0.00059304306063941625 -0.00082707369147257061 0.00095283594628888543 -9.1395295342125046e-06
leaf_weight=207 182 317 1483
leaf_count=207 182 317 1483
internal_value=5.84578e-06 6.97286e-05 0.000162445
internal_weight=2189 1982 1800
internal_count=2189 1982 1800
is_linear=0
shrinkage=0.02


Tree=430
num_leaves=6
num_cat=0
split_feature=6 4 5 1 6
split_gain=0.210538 0.427914 0.5432 0.355 0.571973
threshold=6.9889248012918683 0.021650635094610973 -0.029999999999999982 -1.5557202461387629 5.7734328999469158
decision_type=2 2 2 2 2
left_child=3 -2 -3 -1 -5
right_child=1 2 -4 4 -6
leaf_value=0.0009712241241947732 -0.0010333826700840497 -0.00076201986832740278 0.00063600322871065849 -0.00097957394740138311 0.00019004513908058723
leaf_weight=174 207 185 263 190 1170
leaf_count=174 207 185 263 190 1170
internal_value=5.79909e-06 -0.000293049 5.66558e-05 0.000133941 2.36528e-05
internal_weight=2189 655 448 1534 1360
internal_count=2189 655 448 1534 1360
is_linear=0
shrinkage=0.02


Tree=431
num_leaves=6
num_cat=0
split_feature=8 11 8 8 13
split_gain=0.210843 0.561005 0.448726 0.669858 0.417535
threshold=0.71126633097041159 0.10882993669133921 0.62970646628472782 0.57551116111238565 -0.096739607861795543
decision_type=2 2 2 2 10
left_child=2 -2 3 -1 -4
right_child=1 -3 4 -5 -6
leaf_value=0.00019796844626045909 0.00044063758965178282 -0.001180577356732948 0.0011783542714767742 -0.00078159785829484468 0.00010496792430438771
leaf_weight=841 152 184 238 412 362
leaf_count=841 152 184 238 412 362
internal_value=5.68336e-06 -0.000451463 8.95685e-05 -0.00012595 0.000536964
internal_weight=2189 336 1853 1253 600
internal_count=2189 336 1853 1253 600
is_linear=0
shrinkage=0.02


Tree=432
num_leaves=4
num_cat=0
split_feature=1 1 1
split_gain=0.211549 0.681177 0.376453
threshold=-1.7211808224759986 -1.4417817795394339 -1.1423723315208596
decision_type=2 2 2
left_child=-1 -2 -3
right_child=1 2 -4
leaf_value=-0.00069935754849280733 0.0013216382666060677 -0.00092628786149858073 4.4968563347461487e-05
leaf_weight=153 153 171 1712
leaf_count=153 153 171 1712
internal_value=5.6995e-06 6.02661e-05 -4.54532e-05
internal_weight=2189 2036 1883
internal_count=2189 2036 1883
is_linear=0
shrinkage=0.02


Tree=433
num_leaves=5
num_cat=0
split_feature=9 4 4 7
split_gain=0.211541 0.29908 0.799254 0.620235
threshold=1.2683162636658116 0.022360679774997932 0.011180339887498969 0.49472841759379688
decision_type=2 2 2 2
left_child=1 2 -1 -3
right_child=-2 3 -4 -5
leaf_value=0.00050674608142483246 -0.00059356962273251525 7.7822259776171009e-07 -0.00078518521844719847 0.0010377740545138236
leaf_weight=329 208 902 445 305
leaf_count=329 208 902 445 305
internal_value=5.42631e-06 6.96554e-05 -0.000236303 0.00026602
internal_weight=2189 1981 774 1207
internal_count=2189 1981 774 1207
is_linear=0
shrinkage=0.02


Tree=434
num_leaves=7
num_cat=0
split_feature=13 7 7 12 4 7
split_gain=0.209307 0.557967 0.927375 0.62937 0.527708 0.673403
threshold=0.21436319846336771 -0.53672757228240564 -0.29422710399829027 -0.28349234725746469 0.040311288741492778 -0.71473632476810967
decision_type=8 2 2 2 2 2
left_child=1 3 -3 -1 5 -2
right_child=4 2 -4 -5 -6 -7
leaf_value=0.00020920583930839398 0.0017605066697578878 0.0014701059868025502 -0.00010494516437263628 -0.0014520269588683733 -0.00056992782657093639 -8.072536082271441e-05
leaf_weight=152 155 166 1187 219 153 157
leaf_count=152 155 166 1187 219 153 157
internal_value=5.66989e-06 -9.60759e-05 9.29996e-05 -0.000777683 0.000379904 0.00084733
internal_weight=2189 1724 1353 371 465 312
internal_count=2189 1724 1353 371 465 312
is_linear=0
shrinkage=0.02


Tree=435
num_leaves=6
num_cat=0
split_feature=8 11 8 8 4
split_gain=0.20752 0.497916 0.449058 0.654015 0.38267
threshold=0.70902032728097553 0.10882993669133921 0.62970646628472782 0.57551116111238565 0.033400940280482509
decision_type=2 2 2 2 2
left_child=2 -2 3 -1 -4
right_child=1 -3 4 -5 -6
leaf_value=0.0001953785154961895 0.00038302598880419949 -0.0011261778464207357 8.3141777989270536e-05 -0.00077253485841082513 0.0011025597995717022
leaf_weight=841 157 187 329 412 263
leaf_count=841 157 187 329 412 263
internal_value=5.57094e-06 -0.000441765 8.99452e-05 -0.000124687 0.000541466
internal_weight=2189 344 1845 1253 592
internal_count=2189 344 1845 1253 592
is_linear=0
shrinkage=0.02


Tree=436
num_leaves=7
num_cat=0
split_feature=6 3 13 13 13 4
split_gain=0.207531 0.490266 0.376142 1.04103 0.527989 0.310926
threshold=6.9937402960692037 -0.18557698545961573 0.076703014414507512 -0.081266600300271011 0.14392420621436322 0.031917863337009265
decision_type=2 2 10 8 10 2
left_child=2 -2 3 -1 -4 -3
right_child=1 5 4 -5 -6 -7
leaf_value=-0.00026574284502433611 -0.00087906015473494283 -0.00036150289235046249 -0.001174734145617829 0.0010080052233953029 0.00015413520453388981 0.00082044879274292923
leaf_weight=524 300 178 177 495 346 169
leaf_count=524 300 178 177 495 346 169
internal_value=5.56709e-06 -0.000293727 0.00013169 0.000354907 -0.000302462 0.000217622
internal_weight=2189 647 1542 1019 523 347
internal_count=2189 647 1542 1019 523 347
is_linear=0
shrinkage=0.02


Tree=437
num_leaves=5
num_cat=0
split_feature=1 1 0 13
split_gain=0.20933 0.45329 1.08317 0.524923
threshold=1.6961643565743085 1.0448177854782881 0.63000000000000012 0.14454530689940667
decision_type=2 2 2 8
left_child=1 3 -3 -1
right_child=-2 2 -4 -5
leaf_value=-0.00033249994375309275 -0.00060313685619976462 0.001898571106953075 -0.00028332848649691134 0.00042190604299927747
leaf_weight=1073 200 161 199 556
leaf_count=1073 200 161 199 556
internal_value=5.45811e-06 6.80131e-05 0.000705106 -7.45077e-05
internal_weight=2189 1989 360 1629
internal_count=2189 1989 360 1629
is_linear=0
shrinkage=0.02


Tree=438
num_leaves=4
num_cat=0
split_feature=1 1 1
split_gain=0.207297 0.665074 0.369122
threshold=-1.7211808224759986 -1.4417817795394339 -1.1423723315208596
decision_type=2 2 2
left_child=-1 -2 -3
right_child=1 2 -4
leaf_value=-0.00069196703967555802 0.0013063570935149455 -0.00091669639186213979 4.5055647833022221e-05
leaf_weight=153 153 171 1712
leaf_count=153 153 171 1712
internal_value=5.96883e-06 5.99835e-05 -4.44799e-05
internal_weight=2189 2036 1883
internal_count=2189 2036 1883
is_linear=0
shrinkage=0.02


Tree=439
num_leaves=5
num_cat=0
split_feature=4 9 7 12
split_gain=0.205829 0.365027 0.522002 0.465376
threshold=0.067961386095340942 0.68957964053149101 0.43953053865606256 -0.66749245881647024
decision_type=2 2 2 2
left_child=1 2 -1 -3
right_child=-2 3 -4 -5
leaf_value=0.00010387881808463366 -0.00066927328733671569 -0.0012231908101222419 0.0013346871794351648 -4.1135447911414969e-06
leaf_weight=1255 162 168 150 454
leaf_count=1255 162 168 150 454
internal_value=5.6951e-06 6.11534e-05 0.000239549 -0.000340511
internal_weight=2189 2027 1405 622
internal_count=2189 2027 1405 622
is_linear=0
shrinkage=0.02


Tree=440
num_leaves=5
num_cat=0
split_feature=12 3 6 8
split_gain=0.204981 0.583084 0.349849 0.560538
threshold=0.79334766778371346 0.60676105254578439 5.8837532825985326 0.70902032728097553
decision_type=2 2 2 2
left_child=2 -2 -1 -4
right_child=1 -3 3 -5
leaf_value=-0.00069371365942060947 -0.0008921898592903156 0.00062336947624721834 0.00036607813656099221 -0.000672541048607755
leaf_weight=191 292 150 1314 242
leaf_count=191 292 150 1314 242
internal_value=5.6579e-06 -0.00037664 0.00010318 0.000202908
internal_weight=2189 442 1747 1556
internal_count=2189 442 1747 1556
is_linear=0
shrinkage=0.02


Tree=441
num_leaves=7
num_cat=0
split_feature=6 3 13 13 13 4
split_gain=0.206161 0.477563 0.371532 1.01468 0.513236 0.305572
threshold=6.9937402960692037 -0.18557698545961573 0.076703014414507512 -0.081266600300271011 0.14392420621436322 0.031917863337009265
decision_type=2 2 10 8 10 2
left_child=2 -2 3 -1 -4 -3
right_child=1 5 4 -5 -6 -7
leaf_value=-0.00025950656323086305 -0.00087028689124835188 -0.00036193248874360253 -0.0011600639484311034 0.00099803213288076221 0.00015012517276928467 0.00080976226334941801
leaf_weight=524 300 178 177 495 346 169
leaf_count=524 300 178 177 495 346 169
internal_value=5.70961e-06 -0.000292596 0.000131415 0.000353259 -0.000300071 0.000212116
internal_weight=2189 647 1542 1019 523 347
internal_count=2189 647 1542 1019 523 347
is_linear=0
shrinkage=0.02


Tree=442
num_leaves=5
num_cat=0
split_feature=1 1 0 7
split_gain=0.207507 0.442046 1.06802 0.607977
threshold=1.6961643565743085 1.0448177854782881 0.63000000000000012 0.80323818428152671
decision_type=2 2 2 2
left_child=1 3 -3 -1
right_child=-2 2 -4 -5
leaf_value=8.9241885640398524e-05 -0.00060033881053237652 0.0018821274022380991 -0.00028441264695834882 -0.00098931607600998115
leaf_weight=1388 200 161 199 241
leaf_count=1388 200 161 199 241
internal_value=5.59968e-06 6.78812e-05 0.000697022 -7.28628e-05
internal_weight=2189 1989 360 1629
internal_count=2189 1989 360 1629
is_linear=0
shrinkage=0.02


Tree=443
num_leaves=5
num_cat=0
split_feature=7 6 7 11
split_gain=0.204686 0.408011 0.521766 0.462273
threshold=-0.91629030964546387 6.9889248012918683 0.56939077706188679 -0.098014898675841788
decision_type=2 2 2 2
left_child=-1 3 -3 -2
right_child=1 2 -4 -5
leaf_value=0.00067912643959377702 0.00058936002980373851 -0.0009026211246957246 0.00036719065753096434 -0.00014669101713297202
leaf_weight=162 543 395 188 901
leaf_count=162 543 395 188 901
internal_value=6.06231e-06 -4.92684e-05 -0.000493505 0.000131171
internal_weight=2189 2027 583 1444
internal_count=2189 2027 583 1444
is_linear=0
shrinkage=0.02


Tree=444
num_leaves=4
num_cat=0
split_feature=1 1 6
split_gain=0.202981 0.438416 0.501784
threshold=1.6961643565743085 1.4105697919866149 5.7585388661819072
decision_type=2 2 2
left_child=1 2 -1
right_child=-2 -3 -4
leaf_value=-0.0011042228146480064 -0.00059317894421926731 0.0010821335935953316 8.1245095818372373e-05
leaf_weight=151 200 152 1686
leaf_count=151 200 152 1686
internal_value=6.11668e-06 6.7714e-05 -1.89323e-05
internal_weight=2189 1989 1837
internal_count=2189 1989 1837
is_linear=0
shrinkage=0.02


Tree=445
num_leaves=5
num_cat=0
split_feature=7 7 7 7
split_gain=0.200447 0.400229 0.788772 0.688311
threshold=-0.91629030964546387 -0.53672757228240564 -0.33504394213048982 -0.71998814116665588
decision_type=2 2 2 2
left_child=-1 3 -3 -2
right_child=1 2 -4 -5
leaf_value=0.00067212741035678079 5.8206898200368843e-05 0.0013618293236365565 -5.3336821103574353e-05 -0.0014725970582119621
leaf_weight=162 297 173 1368 189
leaf_count=162 297 173 1368 189
internal_value=6.06841e-06 -4.86866e-05 0.000109427 -0.000546039
internal_weight=2189 2027 1541 486
internal_count=2189 2027 1541 486
is_linear=0
shrinkage=0.02


Tree=446
num_leaves=5
num_cat=0
split_feature=4 9 3 3
split_gain=0.200803 0.353545 0.521484 0.468405
threshold=0.067961386095340942 0.68957964053149101 1.4142135623730958 0.33032974099227724
decision_type=2 2 2 2
left_child=1 2 -1 -3
right_child=-2 3 -4 -5
leaf_value=0.00037469835795773314 -0.00066059378306186222 0.00016238316175627175 -0.00082554045962396924 -0.00093347463387538469
leaf_weight=1246 162 342 159 280
leaf_count=1246 162 342 159 280
internal_value=6.0832e-06 6.08591e-05 0.000236425 -0.000334439
internal_weight=2189 2027 1405 622
internal_count=2189 2027 1405 622
is_linear=0
shrinkage=0.02


Tree=447
num_leaves=5
num_cat=0
split_feature=0 13 7 12
split_gain=0.200968 0.369543 0.672001 0.486538
threshold=0.24000000000000002 0.21436319846336771 -0.53672757228240564 -0.039586810352949316
decision_type=2 8 2 2
left_child=-1 2 -2 -3
right_child=1 3 -4 -5
leaf_value=-0.00061932740253743104 -0.00082079976540863631 0.0011892391703391479 0.0001508086619961924 -0.00023830759359032283
leaf_weight=183 363 231 1254 158
leaf_count=183 363 231 1254 158
internal_value=6.01483e-06 6.44605e-05 -6.91654e-05 0.000613747
internal_weight=2189 2006 1617 389
internal_count=2189 2006 1617 389
is_linear=0
shrinkage=0.02


Tree=448
num_leaves=4
num_cat=0
split_feature=1 1 1
split_gain=0.199711 0.6514 0.362643
threshold=-1.7211808224759986 -1.4417817795394339 -1.1423723315208596
decision_type=2 2 2
left_child=-1 -2 -3
right_child=1 2 -4
leaf_value=-0.00067877256582620784 0.0012927861566230938 -0.00090861981140650725 4.4654652591412397e-05
leaf_weight=153 153 171 1712
leaf_count=153 153 171 1712
internal_value=6.2758e-06 5.92921e-05 -4.40917e-05
internal_weight=2189 2036 1883
internal_count=2189 2036 1883
is_linear=0
shrinkage=0.02


Tree=449
num_leaves=7
num_cat=0
split_feature=6 3 13 13 13 4
split_gain=0.198214 0.471176 0.363768 0.981429 0.500165 0.300783
threshold=6.9937402960692037 -0.18557698545961573 0.076703014414507512 -0.081266600300271011 0.14392420621436322 0.031917863337009265
decision_type=2 2 10 8 10 2
left_child=2 -2 3 -1 -4 -3
right_child=1 5 4 -5 -6 -7
leaf_value=-0.0002538772702365867 -0.00086032804516220432 -0.00035483510055340058 -0.0011466574441332702 0.00098289226317778227 0.000146754442334727 0.00080768518706505327
leaf_weight=524 300 178 177 495 346 169
leaf_count=524 300 178 177 495 346 169
internal_value=6.00116e-06 -0.000286499 0.000129259 0.000348774 -0.000297691 0.00021478
internal_weight=2189 647 1542 1019 523 347
internal_count=2189 647 1542 1019 523 347
is_linear=0
shrinkage=0.02


Tree=450
num_leaves=6
num_cat=0
split_feature=0 11 3 1 13
split_gain=0.197304 0.386794 0.823294 0.262826 0.31532
threshold=0.53000000000000014 0.94334592595852951 -0.65184896033616979 0.17844576144109639 -0.25717920377683945
decision_type=2 2 2 2 10
left_child=1 2 -1 -2 -5
right_child=3 -3 -4 4 -6
leaf_value=-0.00025777550844078174 -0.00084467310241338061 -0.00076754370119231632 0.00082241138245162776 -0.00081557594198496401 0.00018795933907584067
leaf_weight=548 202 151 573 156 559
leaf_count=548 202 151 573 156 559
internal_value=5.8893e-06 0.00016685 0.000295563 -0.000217078 -3.5137e-05
internal_weight=2189 1272 1121 917 715
internal_count=2189 1272 1121 917 715
is_linear=0
shrinkage=0.02


Tree=451
num_leaves=5
num_cat=0
split_feature=12 0 6 11
split_gain=0.198712 0.569373 0.341787 0.557187
threshold=0.79334766778371346 0.48000000000000004 5.8837532825985326 -0.96117143663587512
decision_type=2 2 2 2
left_child=2 -2 -1 -4
right_child=1 -3 3 -5
leaf_value=-0.00068554034200021808 0.00040032738248224961 -0.0010255000227104123 -0.0008279978972108614 0.00033861199562501944
leaf_weight=191 204 238 181 1375
leaf_count=191 204 238 181 1375
internal_value=6.0998e-06 -0.000370309 0.000102118 0.00020069
internal_weight=2189 442 1747 1556
internal_count=2189 442 1747 1556
is_linear=0
shrinkage=0.02


Tree=452
num_leaves=6
num_cat=0
split_feature=8 11 8 8 13
split_gain=0.196983 0.536042 0.434499 0.632851 0.424524
threshold=0.71126633097041159 0.10882993669133921 0.62970646628472782 0.57551116111238565 -0.096739607861795543
decision_type=2 2 2 2 8
left_child=2 -2 3 -1 -4
right_child=1 -3 4 -5 -6
leaf_value=0.00018972523934284916 0.00043589751319188605 -0.0011487526957129827 0.0013226963363347517 -0.00076240427648018808 0.00017199716611462207
leaf_weight=841 152 184 181 412 419
leaf_count=841 152 184 181 412 419
internal_value=5.85913e-06 -0.000436007 8.69393e-05 -0.000125131 0.000527187
internal_weight=2189 336 1853 1253 600
internal_count=2189 336 1853 1253 600
is_linear=0
shrinkage=0.02


Tree=453
num_leaves=4
num_cat=0
split_feature=9 1 4
split_gain=0.196342 0.399282 0.369286
threshold=1.2683162636658116 1.7216747252834843 0.024494897427831772
decision_type=2 2 2
left_child=1 2 -1
right_child=-2 -3 -4
leaf_value=-0.00015670408921394341 -0.00057128574725397879 -0.00086252895442868126 0.00041432038047435436
leaf_weight=830 208 164 987
leaf_count=830 208 164 987
internal_value=5.79154e-06 6.76689e-05 0.000153764
internal_weight=2189 1981 1817
internal_count=2189 1981 1817
is_linear=0
shrinkage=0.02


Tree=454
num_leaves=5
num_cat=0
split_feature=4 4 4 12
split_gain=0.197127 0.67851 0.654227 0.409064
threshold=0.011180339887498969 0.017853571071357096 0.0070710678118654927 0.89504790149260949
decision_type=2 2 2 2
left_child=2 -2 -1 -3
right_child=1 3 -4 -5
leaf_value=-0.00040623541526308164 -0.0010026413412091092 0.00021795387148917247 0.0012765587322271423 -0.00067913941753795369
leaf_weight=183 266 1327 178 235
leaf_count=183 266 1327 178 235
internal_value=5.85382e-06 -7.87751e-05 0.000429612 8.12515e-05
internal_weight=2189 1828 361 1562
internal_count=2189 1828 361 1562
is_linear=0
shrinkage=0.02


Tree=455
num_leaves=4
num_cat=0
split_feature=1 1 1
split_gain=0.195859 0.635828 0.353478
threshold=-1.7211808224759986 -1.4417817795394339 -1.1423723315208596
decision_type=2 2 2
left_child=-1 -2 -3
right_child=1 2 -4
leaf_value=-0.00067258574634413175 0.0012769870422308957 -0.00089734815518816252 4.3804303839359051e-05
leaf_weight=153 153 171 1712
leaf_count=153 153 171 1712
internal_value=5.8223e-06 5.83257e-05 -4.38142e-05
internal_weight=2189 2036 1883
internal_count=2189 2036 1883
is_linear=0
shrinkage=0.02


Tree=456
num_leaves=5
num_cat=0
split_feature=0 13 7 12
split_gain=0.195416 0.35977 0.656384 0.476929
threshold=0.24000000000000002 0.21436319846336771 -0.53672757228240564 -0.039586810352949316
decision_type=2 8 2 2
left_child=-1 2 -2 -3
right_child=1 3 -4 -5
leaf_value=-0.00061108736689617377 -0.00081150587929068542 0.0011749530252132376 0.00014874661070660107 -0.00023837104531153583
leaf_weight=183 363 231 1254 158
leaf_count=183 363 231 1254 158
internal_value=5.55507e-06 6.31886e-05 -6.86573e-05 0.000605164
internal_weight=2189 2006 1617 389
internal_count=2189 2006 1617 389
is_linear=0
shrinkage=0.02


Tree=457
num_leaves=7
num_cat=0
split_feature=6 3 13 13 13 4
split_gain=0.196788 0.460841 0.352688 0.959069 0.485537 0.293804
threshold=6.9937402960692037 -0.18557698545961573 0.076703014414507512 -0.081266600300271011 0.14392420621436322 0.031917863337009265
decision_type=2 2 10 8 10 2
left_child=2 -2 3 -1 -4 -3
right_child=1 5 4 -5 -6 -7
leaf_value=-0.00025097310827166505 -0.00085312190799989173 -0.00035278019983871065 -0.0011282388136976726 0.00097162637256085875 0.0001461043934260848 0.00079615242179782914
leaf_weight=524 300 178 177 495 346 169
leaf_count=524 300 178 177 495 346 169
internal_value=5.81639e-06 -0.00028563 0.000128631 0.000344774 -0.000291774 0.000210147
internal_weight=2189 647 1542 1019 523 347
internal_count=2189 647 1542 1019 523 347
is_linear=0
shrinkage=0.02


Tree=458
num_leaves=5
num_cat=0
split_feature=7 7 7 7
split_gain=0.195883 0.377133 0.765195 0.665346
threshold=-0.91629030964546387 -0.53672757228240564 -0.33504394213048982 -0.71998814116665588
decision_type=2 2 2 2
left_child=-1 3 -3 -2
right_child=1 2 -4 -5
leaf_value=0.00066413974308570517 6.2783002964797622e-05 0.0013386114432968282 -5.5237281831399899e-05 -0.0014421839271816089
leaf_weight=162 297 173 1368 189
leaf_count=162 297 173 1368 189
internal_value=5.70655e-06 -4.84208e-05 0.000105066 -0.000531208
internal_weight=2189 2027 1541 486
internal_count=2189 2027 1541 486
is_linear=0
shrinkage=0.02


Tree=459
num_leaves=5
num_cat=0
split_feature=4 9 3 3
split_gain=0.194824 0.346754 0.51445 0.464186
threshold=0.067961386095340942 0.68957964053149101 1.4142135623730958 0.33032974099227724
decision_type=2 2 2 2
left_child=1 2 -1 -3
right_child=-2 3 -4 -5
leaf_value=0.00037089303633056509 -0.00065095203831055742 0.00016276323109038542 -0.00082121594150255368 -0.0009281368411489223
leaf_weight=1246 162 342 159 280
leaf_count=1246 162 342 159 280
internal_value=5.72408e-06 5.96789e-05 0.000233552 -0.000331802
internal_weight=2189 2027 1405 622
internal_count=2189 2027 1405 622
is_linear=0
shrinkage=0.02


Tree=460
num_leaves=6
num_cat=0
split_feature=8 11 8 8 13
split_gain=0.193756 0.474046 0.437216 0.543275 0.480915
threshold=0.70902032728097553 0.10882993669133921 0.63387932992119733 0.57551116111238565 -0.096739607861795543
decision_type=2 2 2 2 10
left_child=2 -2 3 -1 -4
right_child=1 -3 4 -5 -6
leaf_value=0.00018642544551685354 0.0003780878524951361 -0.001094424006138676 0.0012831295629624618 -0.00066949588281797409 7.9678381753715071e-05
leaf_weight=841 157 187 215 452 337
leaf_count=841 157 187 215 452 337
internal_value=5.65891e-06 -0.000426588 8.71864e-05 -0.000114209 0.000555724
internal_weight=2189 344 1845 1293 552
internal_count=2189 344 1845 1293 552
is_linear=0
shrinkage=0.02


Tree=461
num_leaves=7
num_cat=0
split_feature=6 3 11 11 7 4
split_gain=0.19295 0.456656 0.336631 0.799106 0.440332 0.288113
threshold=6.9937402960692037 -0.18557698545961573 -0.098014898675841788 0.40623832058116227 0.62453602001355313 0.031917863337009265
decision_type=2 2 2 2 2 2
left_child=2 -2 4 -4 -1 -3
right_child=1 5 3 -5 -6 -7
leaf_value=0.00083190529410432658 -0.00084777356965131442 -0.00034685219144397746 -0.0010125570017650413 0.00025956962666584836 -0.00040602397279743152 0.00079092467332194597
leaf_weight=428 300 178 271 690 153 169
leaf_count=428 300 178 271 690 153 169
internal_value=5.73125e-06 -0.000282859 0.000127342 -0.000102552 0.000505227 0.000210645
internal_weight=2189 647 1542 961 581 347
internal_count=2189 647 1542 961 581 347
is_linear=0
shrinkage=0.02


Tree=462
num_leaves=5
num_cat=0
split_feature=7 6 4 11
split_gain=0.192213 0.386767 0.507778 0.435319
threshold=-0.91629030964546387 6.9889248012918683 0.02549509756796392 -0.098014898675841788
decision_type=2 2 2 2
left_child=-1 3 -3 -2
right_child=1 2 -4 -5
leaf_value=0.00065805609410483673 0.00057251123141286635 -0.0012057752046339882 -4.1075489587253999e-06 -0.00014176037595116495
leaf_weight=162 543 228 355 901
leaf_count=162 543 228 355 901
internal_value=5.82146e-06 -4.77968e-05 -0.000480314 0.000127882
internal_weight=2189 2027 583 1444
internal_count=2189 2027 583 1444
is_linear=0
shrinkage=0.02


Tree=463
num_leaves=5
num_cat=0
split_feature=4 4 4 11
split_gain=0.193039 0.659313 0.642079 0.331696
threshold=0.011180339887498969 0.017853571071357096 0.0070710678118654927 -0.047505974168386061
decision_type=2 2 2 2
left_child=2 -2 -1 -3
right_child=1 3 -4 -5
leaf_value=-0.00040284387481230452 -0.0009885933407413948 0.0003723832606218564 0.0012642471303735846 -0.00020874056141974046
leaf_weight=183 266 775 178 787
leaf_count=183 266 775 178 787
internal_value=5.85697e-06 -7.789e-05 0.000425198 7.98573e-05
internal_weight=2189 1828 361 1562
internal_count=2189 1828 361 1562
is_linear=0
shrinkage=0.02


Tree=464
num_leaves=5
num_cat=0
split_feature=4 9 3 12
split_gain=0.191958 0.337609 0.50598 0.459864
threshold=0.067961386095340942 0.68957964053149101 1.4142135623730958 -0.66749245881647024
decision_type=2 2 2 2
left_child=1 2 -1 -3
right_child=-2 3 -4 -5
leaf_value=0.00036714559918174413 -0.00064601158199017626 -0.0012043499429252624 -0.00081510410962126604 7.3604888236048695e-06
leaf_weight=1246 162 168 159 454
leaf_count=1246 162 168 159 454
internal_value=5.81771e-06 5.9374e-05 0.000230938 -0.000326912
internal_weight=2189 2027 1405 622
internal_count=2189 2027 1405 622
is_linear=0
shrinkage=0.02


Tree=465
num_leaves=4
num_cat=0
split_feature=1 1 6
split_gain=0.190981 0.619729 0.34881
threshold=-1.7211808224759986 -1.4417817795394339 5.7734328999469158
decision_type=2 2 2
left_child=-1 -2 -3
right_child=1 2 -4
leaf_value=-0.00066411909043105155 0.0012607674648442977 -0.00085829818742004808 4.7327563676926007e-05
leaf_weight=153 153 184 1699
leaf_count=153 153 184 1699
internal_value=5.78772e-06 5.76331e-05 -4.32056e-05
internal_weight=2189 2036 1883
internal_count=2189 2036 1883
is_linear=0
shrinkage=0.02


Tree=466
num_leaves=5
num_cat=0
split_feature=0 13 7 12
split_gain=0.190059 0.348993 0.63932 0.470293
threshold=0.24000000000000002 0.21436319846336771 -0.53672757228240564 -0.039586810352949316
decision_type=2 8 2 2
left_child=-1 2 -2 -3
right_child=1 3 -4 -5
leaf_value=-0.00060266057720427665 -0.00080067568623116644 0.0011619349253379691 0.00014701227573213715 -0.0002414172806668501
leaf_weight=183 363 231 1254 158
leaf_count=183 363 231 1254 158
internal_value=5.47185e-06 6.231e-05 -6.75464e-05 0.000596106
internal_weight=2189 2006 1617 389
internal_count=2189 2006 1617 389
is_linear=0
shrinkage=0.02


Tree=467
num_leaves=4
num_cat=0
split_feature=5 0 13
split_gain=0.191272 0.424063 0.696076
threshold=-0.20999999999999991 0.28000000000000008 0.20661838876563146
decision_type=2 2 8
left_child=-1 -2 -3
right_child=1 2 -4
leaf_value=0.00066714189912158036 -0.00098235876875598055 -0.00015070486866042228 0.00081494698525673578
leaf_weight=157 172 1492 368
leaf_count=157 172 1492 368
internal_value=5.72904e-06 -4.68863e-05 4.20215e-05
internal_weight=2189 2032 1860
internal_count=2189 2032 1860
is_linear=0
shrinkage=0.02


Tree=468
num_leaves=5
num_cat=0
split_feature=4 4 4 12
split_gain=0.189063 0.643502 0.629638 0.388545
threshold=0.011180339887498969 0.017853571071357096 0.0070710678118654927 0.89504790149260949
decision_type=2 2 2 2
left_child=2 -2 -1 -3
right_child=1 3 -4 -5
leaf_value=-0.0003991217009179502 -0.00097674141232460408 0.0002120508049795119 0.001251737239905455 -0.0006622536021556395
leaf_weight=183 266 1327 178 235
leaf_count=183 266 1327 178 235
internal_value=5.85548e-06 -7.70246e-05 0.000420855 7.88199e-05
internal_weight=2189 1828 361 1562
internal_count=2189 1828 361 1562
is_linear=0
shrinkage=0.02


Tree=469
num_leaves=6
num_cat=0
split_feature=8 11 8 8 4
split_gain=0.190786 0.461122 0.431559 0.602611 0.373364
threshold=0.70902032728097553 0.10882993669133921 0.62970646628472782 0.57551116111238565 0.033400940280482509
decision_type=2 2 2 2 2
left_child=2 -2 3 -1 -4
right_child=1 -3 4 -5 -6
leaf_value=0.00018356751452039665 0.00037058645599941369 -0.0010817518838060398 7.6731974830639043e-05 -0.00074553893793838279 0.0010835822573415554
leaf_weight=841 157 187 329 412 263
leaf_count=841 157 187 329 412 263
internal_value=5.82295e-06 -0.000423098 8.67227e-05 -0.000123682 0.000529361
internal_weight=2189 344 1845 1253 592
internal_count=2189 344 1845 1253 592
is_linear=0
shrinkage=0.02


Tree=470
num_leaves=5
num_cat=0
split_feature=4 9 7 3
split_gain=0.18892 0.330783 0.502082 0.457936
threshold=0.067961386095340942 0.68957964053149101 0.43953053865606256 0.33032974099227724
decision_type=2 2 2 2
left_child=1 2 -1 -3
right_child=-2 3 -4 -5
leaf_value=9.5736481384688343e-05 -0.00064083542206330214 0.0001677345534818789 0.001302788670433426 -0.00091573866781893018
leaf_weight=1255 162 342 150 280
leaf_count=1255 162 342 150 280
internal_value=5.81544e-06 5.89462e-05 0.000228766 -0.000323416
internal_weight=2189 2027 1405 622
internal_count=2189 2027 1405 622
is_linear=0
shrinkage=0.02


Tree=471
num_leaves=6
num_cat=0
split_feature=6 6 2 1 6
split_gain=0.187533 0.421269 0.700238 0.342311 0.530325
threshold=6.9889248012918683 7.1169296943688662 0.04214490744026278 -1.5557202461387629 5.7734328999469158
decision_type=2 2 2 2 2
left_child=3 -2 -3 -1 -5
right_child=1 2 -4 4 -6
leaf_value=0.00094885038890922709 -0.0010291369642789771 0.0010515504808686043 -0.00054694408470014528 -0.00094760312342371503 0.00017862586432639411
leaf_weight=174 200 172 283 190 1170
leaf_count=174 200 172 283 190 1170
internal_value=5.73312e-06 -0.000276316 6.21838e-05 0.000126671 1.83903e-05
internal_weight=2189 655 455 1534 1360
internal_count=2189 655 455 1534 1360
is_linear=0
shrinkage=0.02


Tree=472
num_leaves=4
num_cat=0
split_feature=1 1 1
split_gain=0.190507 0.598482 0.348415
threshold=-1.7211808224759986 -1.4417817795394339 -1.1423723315208596
decision_type=2 2 2
left_child=-1 -2 -3
right_child=1 2 -4
leaf_value=-0.00066345271819471553 0.0012397329067764214 -0.00088909540437849836 4.5289762645056603e-05
leaf_weight=153 153 171 1712
leaf_count=153 153 171 1712
internal_value=5.6217e-06 5.7403e-05 -4.1694e-05
internal_weight=2189 2036 1883
internal_count=2189 2036 1883
is_linear=0
shrinkage=0.02


Tree=473
num_leaves=6
num_cat=0
split_feature=8 11 8 8 13
split_gain=0.187089 0.452109 0.422691 0.590428 0.370918
threshold=0.70902032728097553 0.10882993669133921 0.62970646628472782 0.606195661972736 -0.096739607861795543
decision_type=2 2 2 2 8
left_child=2 -2 3 -1 -4
right_child=1 -3 4 -5 -6
leaf_value=7.0872477377428354e-05 0.00036651819899827703 -0.0010715641934317926 0.001273821453853953 -0.0010907371302268335 0.00018960827018850015
leaf_weight=1048 157 187 178 205 414
leaf_count=1048 157 187 178 205 414
internal_value=5.36223e-06 -0.000419382 8.54752e-05 -0.000122755 0.000523543
internal_weight=2189 344 1845 1253 592
internal_count=2189 344 1845 1253 592
is_linear=0
shrinkage=0.02


Tree=474
num_leaves=5
num_cat=0
split_feature=11 7 5 7
split_gain=0.187291 0.422429 1.17418 1.11668
threshold=-0.96117143663587512 -0.71998814116665588 0.029999999999999947 -0.53672757228240564
decision_type=2 2 2 2
left_child=-1 2 -2 -3
right_child=1 3 -4 -5
leaf_value=-0.00057827583281323315 0.00149778296591471 -0.0015882724391783334 -0.00064087444001010489 0.0001012510879871105
leaf_weight=195 246 171 170 1407
leaf_count=195 246 171 170 1407
internal_value=5.27161e-06 6.36424e-05 0.000626581 -8.62725e-05
internal_weight=2189 1994 416 1578
internal_count=2189 1994 416 1578
is_linear=0
shrinkage=0.02


Tree=475
num_leaves=4
num_cat=0
split_feature=9 1 6
split_gain=0.186635 0.379417 0.435068
threshold=1.2683162636658116 1.7216747252834843 6.8993853228981452
decision_type=2 2 2
left_child=1 2 -1
right_child=-2 -3 -4
leaf_value=0.00038606445597506189 -0.00055756998648473488 -0.00084137087671317637 -0.00025299545793102475
leaf_weight=1144 208 164 673
leaf_count=1144 208 164 673
internal_value=5.06064e-06 6.53905e-05 0.000149318
internal_weight=2189 1981 1817
internal_count=2189 1981 1817
is_linear=0
shrinkage=0.02


Tree=476
num_leaves=4
num_cat=0
split_feature=1 1 1
split_gain=0.186872 0.582601 0.433496
threshold=-1.7211808224759986 -1.4173762108646724 -1.1423723315208596
decision_type=2 2 2
left_child=-1 -2 -3
right_child=1 2 -4
leaf_value=-0.00065764872676689129 0.0011562841677170417 -0.001049775338519506 4.4996739467239985e-05
leaf_weight=153 171 153 1712
leaf_count=153 171 153 1712
internal_value=5.01022e-06 5.62964e-05 -4.73824e-05
internal_weight=2189 2036 1865
internal_count=2189 2036 1865
is_linear=0
shrinkage=0.02


Tree=477
num_leaves=4
num_cat=0
split_feature=5 0 13
split_gain=0.18587 0.416102 0.681664
threshold=-0.20999999999999991 0.28000000000000008 0.20661838876563146
decision_type=2 2 8
left_child=-1 -2 -3
right_child=1 2 -4
leaf_value=0.00065670560858748493 -0.00097381695272337834 -0.00014981552994644675 0.00080578669256483259
leaf_weight=157 172 1492 368
leaf_count=157 172 1492 368
internal_value=4.69704e-06 -4.71679e-05 4.09033e-05
internal_weight=2189 2032 1860
internal_count=2189 2032 1860
is_linear=0
shrinkage=0.02


Tree=478
num_leaves=6
num_cat=0
split_feature=8 11 8 8 4
split_gain=0.184061 0.444241 0.414208 0.578774 0.368826
threshold=0.70902032728097553 0.10882993669133921 0.62970646628472782 0.57551116111238565 0.033400940280482509
decision_type=2 2 2 2 2
left_child=2 -2 3 -1 -4
right_child=1 -3 4 -5 -6
leaf_value=0.00017929094014657677 0.000362598654105512 -0.0010629261713074811 6.8217653050617192e-05 -0.00073125600013800962 0.0010687876160042848
leaf_weight=841 157 187 329 412 263
leaf_count=841 157 187 329 412 263
internal_value=4.8429e-06 -0.000416449 8.4306e-05 -0.000121823 0.000517956
internal_weight=2189 344 1845 1253 592
internal_count=2189 344 1845 1253 592
is_linear=0
shrinkage=0.02


Tree=479
num_leaves=4
num_cat=0
split_feature=1 1 1
split_gain=0.183509 0.566938 0.425403
threshold=-1.7211808224759986 -1.4173762108646724 -1.1423723315208596
decision_type=2 2 2
left_child=-1 -2 -3
right_child=1 2 -4
leaf_value=-0.00065183597765686109 0.0011407569743327754 -0.0010396106679676266 4.4892759849238038e-05
leaf_weight=153 171 153 1712
leaf_count=153 171 153 1712
internal_value=4.83388e-06 5.56568e-05 -4.6619e-05
internal_weight=2189 2036 1865
internal_count=2189 2036 1865
is_linear=0
shrinkage=0.02


Tree=480
num_leaves=5
num_cat=0
split_feature=0 13 7 7
split_gain=0.1827 0.323973 0.622822 0.433691
threshold=0.24000000000000002 0.21436319846336771 -0.53672757228240564 -0.71473632476810967
decision_type=2 8 2 2
left_child=-1 2 -2 -3
right_child=1 3 -4 -5
leaf_value=-0.00059170795053065139 -0.00078846627776764085 0.0012118148653790719 0.00014691154093787111 -0.00011362399061008827
leaf_weight=183 363 200 1254 189
leaf_count=183 363 200 1254 189
internal_value=4.53233e-06 6.02611e-05 -6.48545e-05 0.000574566
internal_weight=2189 2006 1617 389
internal_count=2189 2006 1617 389
is_linear=0
shrinkage=0.02


Tree=481
num_leaves=5
num_cat=0
split_feature=5 8 1 11
split_gain=0.183358 0.360945 0.469387 0.358376
threshold=-0.20999999999999991 0.70902032728097553 -0.7222351369243537 0.12659573043494146
decision_type=2 2 2 2
left_child=-1 2 -2 -3
right_child=1 3 -4 -5
leaf_value=0.00065250113949950005 -0.00045063337459783965 5.9777328680690019e-05 0.00027910285032822237 -0.0012687891960641454
leaf_weight=157 490 150 1221 171
leaf_count=157 490 150 1221 171
internal_value=4.91356e-06 -4.66003e-05 6.94153e-05 -0.000656569
internal_weight=2189 2032 1711 321
internal_count=2189 2032 1711 321
is_linear=0
shrinkage=0.02


Tree=482
num_leaves=4
num_cat=0
split_feature=6 11 11
split_gain=0.18328 0.398464 0.571901
threshold=5.7734328999469158 -0.96117143663587512 -0.7298473806936866
decision_type=2 2 2
left_child=-1 -2 -3
right_child=1 2 -4
leaf_value=-0.00055442507237081756 -0.0008148256934840571 0.00091910150927066326 -1.0750853736329104e-05
leaf_weight=207 182 317 1483
leaf_count=207 182 317 1483
internal_value=4.57744e-06 6.42079e-05 0.000155099
internal_weight=2189 1982 1800
internal_count=2189 1982 1800
is_linear=0
shrinkage=0.02


Tree=483
num_leaves=4
num_cat=0
split_feature=4 5 6
split_gain=0.182713 0.335271 0.439356
threshold=0.067961386095340942 0.16250000000000003 5.7734328999469158
decision_type=2 2 2
left_child=1 2 -1
right_child=-2 -3 -4
leaf_value=-0.001003060878954343 -0.00063139066621549652 0.00080170948532651417 6.7447367048803793e-05
leaf_weight=164 162 211 1652
leaf_count=164 162 211 1652
internal_value=4.54421e-06 5.67974e-05 -3.17172e-05
internal_weight=2189 2027 1816
internal_count=2189 2027 1816
is_linear=0
shrinkage=0.02


Tree=484
num_leaves=7
num_cat=0
split_feature=6 3 13 13 13 4
split_gain=0.18312 0.453701 0.344684 0.92395 0.46684 0.277087
threshold=6.9937402960692037 -0.18557698545961573 0.076703014414507512 -0.081266600300271011 0.14392420621436322 0.031917863337009265
decision_type=2 2 10 8 10 2
left_child=2 -2 3 -1 -4 -3
right_child=1 5 4 -5 -6 -7
leaf_value=-0.00024826052008766248 -0.00083993970914209471 -0.00033187920583890439 -0.0011129888689662278 0.00095173560775467199 0.00013664158587171525 0.00078400291181330022
leaf_weight=524 300 178 177 495 346 169
leaf_count=524 300 178 177 495 346 169
internal_value=4.30092e-06 -0.000276839 0.000122776 0.000336463 -0.000292808 0.000215007
internal_weight=2189 647 1542 1019 523 347
internal_count=2189 647 1542 1019 523 347
is_linear=0
shrinkage=0.02


Tree=485
num_leaves=5
num_cat=0
split_feature=4 4 4 12
split_gain=0.18317 0.630127 0.618076 0.375465
threshold=0.011180339887498969 0.017853571071357096 0.0070710678118654927 0.89504790149260949
decision_type=2 2 2 2
left_child=2 -2 -1 -3
right_child=1 3 -4 -5
leaf_value=-0.00039963097782790702 -0.00096767871837368804 0.00020782847783801651 0.0012359425605178043 -0.00065163233067141849
leaf_weight=183 266 1327 178 235
leaf_count=183 266 1327 178 235
internal_value=4.21226e-06 -7.73623e-05 0.000412696 7.68575e-05
internal_weight=2189 1828 361 1562
internal_count=2189 1828 361 1562
is_linear=0
shrinkage=0.02


Tree=486
num_leaves=4
num_cat=0
split_feature=9 1 6
split_gain=0.181557 0.375036 0.426341
threshold=1.2683162636658116 1.7216747252834843 6.8993853228981452
decision_type=2 2 2
left_child=1 2 -1
right_child=-2 -3 -4
leaf_value=0.00038149836166272247 -0.00055073354323285288 -0.00083781232754286572 -0.00025111819971503915
leaf_weight=1144 208 164 673
leaf_count=1144 208 164 673
internal_value=4.18731e-06 6.36924e-05 0.000147137
internal_weight=2189 1981 1817
internal_count=2189 1981 1817
is_linear=0
shrinkage=0.02


Tree=487
num_leaves=5
num_cat=0
split_feature=7 6 1 11
split_gain=0.180146 0.364213 0.511328 0.409768
threshold=-0.91629030964546387 6.9889248012918683 1.0448177854782881 -0.098014898675841788
decision_type=2 2 2 2
left_child=-1 3 -3 -2
right_child=1 2 -4 -5
leaf_value=0.00063558355359985184 0.0005541146367637591 -0.00084298800216956609 0.00045023326034090305 -0.00013887449492115493
leaf_weight=162 543 414 169 901
leaf_count=162 543 414 169 901
internal_value=4.15023e-06 -4.77544e-05 -0.000467468 0.000122729
internal_weight=2189 2027 583 1444
internal_count=2189 2027 583 1444
is_linear=0
shrinkage=0.02


Tree=488
num_leaves=4
num_cat=0
split_feature=5 0 13
split_gain=0.180923 0.390354 0.659052
threshold=-0.20999999999999991 0.28000000000000008 0.20661838876563146
decision_type=2 2 8
left_child=-1 -2 -3
right_child=1 2 -4
leaf_value=0.00064732739138474444 -0.00094463389047216308 -0.00014933186236541264 0.00079028621415829848
leaf_weight=157 172 1492 368
leaf_count=157 172 1492 368
internal_value=4.05369e-06 -4.7115e-05 3.81914e-05
internal_weight=2189 2032 1860
internal_count=2189 2032 1860
is_linear=0
shrinkage=0.02


Tree=489
num_leaves=5
num_cat=0
split_feature=4 9 3 3
split_gain=0.180128 0.319904 0.496121 0.453775
threshold=0.067961386095340942 0.68957964053149101 1.4142135623730958 0.33032974099227724
decision_type=2 2 2 2
left_child=1 2 -1 -3
right_child=-2 3 -4 -5
leaf_value=0.00035797829648831953 -0.00062722303305088939 0.00016895356067334039 -0.0008126596489739491 -0.00090956600663137806
leaf_weight=1246 162 342 159 280
leaf_count=1246 162 342 159 280
internal_value=4.19735e-06 5.60803e-05 0.000223088 -0.000319935
internal_weight=2189 2027 1405 622
internal_count=2189 2027 1405 622
is_linear=0
shrinkage=0.02


Tree=490
num_leaves=4
num_cat=0
split_feature=1 1 1
split_gain=0.178297 0.557369 0.415252
threshold=-1.7211808224759986 -1.4173762108646724 -1.1423723315208596
decision_type=2 2 2
left_child=-1 -2 -3
right_child=1 2 -4
leaf_value=-0.00064312688013114325 0.0011301500527770259 -0.0010282333917868665 4.3254760202978037e-05
leaf_weight=153 171 153 1712
leaf_count=153 171 153 1712
internal_value=4.14763e-06 5.4245e-05 -4.71617e-05
internal_weight=2189 2036 1865
internal_count=2189 2036 1865
is_linear=0
shrinkage=0.02


Tree=491
num_leaves=6
num_cat=0
split_feature=8 0 8 8 13
split_gain=0.177853 0.433586 0.407576 0.566349 0.370801
threshold=0.70902032728097553 0.46750000000000003 0.62970646628472782 0.606195661972736 -0.096739607861795543
decision_type=2 2 2 2 8
left_child=2 -2 3 -1 -4
right_child=1 -3 4 -5 -6
leaf_value=6.7151109277821744e-05 0.00037252706442059038 -0.0010380276339248015 0.001262243872437158 -0.0010705320910506305 0.00017841253489664886
leaf_weight=1048 154 190 178 205 414
leaf_count=1048 154 190 178 205 414
internal_value=3.8561e-06 -0.000410268 8.19697e-05 -0.000122497 0.000512136
internal_weight=2189 344 1845 1253 592
internal_count=2189 344 1845 1253 592
is_linear=0
shrinkage=0.02


Tree=492
num_leaves=6
num_cat=0
split_feature=4 4 11 4 12
split_gain=0.177439 0.620355 0.840922 0.606668 0.551255
threshold=0.011180339887498969 0.019202864369671505 -0.15212229850173478 0.0070710678118654927 0.88700449101594991
decision_type=2 2 2 2 2
left_child=3 2 -2 -1 -3
right_child=1 4 -4 -5 -6
leaf_value=-0.00039902490840486668 -0.0019090609968516906 0.00026188127865229329 9.504436308168163e-05 0.0012213424000573534 -0.00078888523036747663
leaf_weight=183 154 1266 176 178 232
leaf_count=183 154 1266 176 178 232
internal_value=3.663e-06 -7.66243e-05 -0.000854739 0.000405708 9.70627e-05
internal_weight=2189 1828 330 361 1498
internal_count=2189 1828 330 361 1498
is_linear=0
shrinkage=0.02


Tree=493
num_leaves=4
num_cat=0
split_feature=6 11 11
split_gain=0.176583 0.388653 0.559892
threshold=5.7734328999469158 -0.96117143663587512 -0.7298473806936866
decision_type=2 2 2
left_child=-1 -2 -3
right_child=1 2 -4
leaf_value=-0.00054500011778282843 -0.00080591422381168384 0.0009079324548213702 -1.2101517741910122e-05
leaf_weight=207 182 317 1483
leaf_count=207 182 317 1483
internal_value=3.69244e-06 6.22251e-05 0.000151993
internal_weight=2189 1982 1800
internal_count=2189 1982 1800
is_linear=0
shrinkage=0.02


Tree=494
num_leaves=4
num_cat=0
split_feature=9 1 1
split_gain=0.175999 0.368504 0.380027
threshold=1.2683162636658116 -1.5557202461387629 -1.1423723315208596
decision_type=2 2 2
left_child=1 -1 -3
right_child=-2 2 -4
leaf_value=0.00080953973626254276 -0.00054269100028361264 -0.00084193940553364257 7.0245610767015403e-05
leaf_weight=228 208 202 1551
leaf_count=228 208 202 1551
internal_value=3.66923e-06 6.22575e-05 -3.69621e-05
internal_weight=2189 1981 1753
internal_count=2189 1981 1753
is_linear=0
shrinkage=0.02


Tree=495
num_leaves=4
num_cat=0
split_feature=1 1 1
split_gain=0.179127 0.539324 0.400063
threshold=-1.7211808224759986 -1.4173762108646724 -1.1423723315208596
decision_type=2 2 2
left_child=-1 -2 -3
right_child=1 2 -4
leaf_value=-0.0006451516460385645 0.0011121863211321231 -0.0010088731501401767 4.2835723186379202e-05
leaf_weight=153 171 153 1712
leaf_count=153 171 153 1712
internal_value=3.62708e-06 5.38421e-05 -4.59107e-05
internal_weight=2189 2036 1865
internal_count=2189 2036 1865
is_linear=0
shrinkage=0.02


Tree=496
num_leaves=4
num_cat=0
split_feature=4 5 6
split_gain=0.17562 0.326375 0.43149
threshold=0.067961386095340942 0.16250000000000003 5.7734328999469158
decision_type=2 2 2
left_child=1 2 -1
right_child=-2 -3 -4
leaf_value=-0.00099535973705406461 -0.00062012312073584004 0.00078954007821502509 6.5523832482800078e-05
leaf_weight=164 162 211 1652
leaf_count=164 162 211 1652
internal_value=3.34425e-06 5.45757e-05 -3.27528e-05
internal_weight=2189 2027 1816
internal_count=2189 2027 1816
is_linear=0
shrinkage=0.02


Tree=497
num_leaves=4
num_cat=0
split_feature=5 0 13
split_gain=0.17629 0.381052 0.644456
threshold=-0.20999999999999991 0.28000000000000008 0.20661838876563146
decision_type=2 2 8
left_child=-1 -2 -3
right_child=1 2 -4
leaf_value=0.00063810248289546167 -0.00093415127884620267 -0.00014853830374044765 0.00078061603219435616
leaf_weight=157 172 1492 368
leaf_count=157 172 1492 368
internal_value=3.11566e-06 -4.73917e-05 3.68943e-05
internal_weight=2189 2032 1860
internal_count=2189 2032 1860
is_linear=0
shrinkage=0.02


Tree=498
num_leaves=6
num_cat=0
split_feature=8 11 8 8 13
split_gain=0.17602 0.429607 0.399733 0.559091 0.364383
threshold=0.70902032728097553 0.10882993669133921 0.62970646628472782 0.57551116111238565 -0.096739607861795543
decision_type=2 2 2 2 8
left_child=2 -2 3 -1 -4
right_child=1 -3 4 -5 -6
leaf_value=0.00017444900093465575 0.00035737674785375507 -0.001044459942956261 0.0012505728823687535 -0.00072048528700602429 0.00017617509646456787
leaf_weight=841 157 187 178 412 414
leaf_count=841 157 187 178 412 414
internal_value=3.26911e-06 -0.000408714 8.09804e-05 -0.000121509 0.000506989
internal_weight=2189 344 1845 1253 592
internal_count=2189 344 1845 1253 592
is_linear=0
shrinkage=0.02


Tree=499
num_leaves=4
num_cat=0
split_feature=1 1 1
split_gain=0.173896 0.527445 0.391147
threshold=-1.7211808224759986 -1.4173762108646724 -1.1423723315208596
decision_type=2 2 2
left_child=-1 -2 -3
right_child=1 2 -4
leaf_value=-0.00063600258353531738 0.0010993345693366958 -0.00099810770234605895 4.1815944224774756e-05
leaf_weight=153 171 153 1712
leaf_count=153 171 153 1712
internal_value=3.23219e-06 5.27094e-05 -4.59375e-05
internal_weight=2189 2036 1865
internal_count=2189 2036 1865
is_linear=0
shrinkage=0.02


Tree=500
num_leaves=7
num_cat=0
split_feature=6 3 13 13 1 8
split_gain=0.174648 0.443521 0.339248 0.896467 0.454904 0.272949
threshold=6.9937402960692037 -0.18557698545961573 0.076703014414507512 -0.081266600300271011 0.47841896462339178 0.59445698293863336
decision_type=2 2 10 8 2 2
left_child=2 -2 3 -1 -4 -3
right_child=1 5 4 -5 -6 -7
leaf_value=-0.0002452918775212407 -0.00082835386207968486 -0.00036569218091361702 0.00012510592649009415 0.00093671856317960203 -0.0011135033478533755 0.00074246579240406715
leaf_weight=524 300 166 349 495 174 181
leaf_count=524 300 166 349 495 174 181
internal_value=2.95698e-06 -0.000271599 0.000118662 0.000330664 -0.000293617 0.000214674
internal_weight=2189 647 1542 1019 523 347
internal_count=2189 647 1542 1019 523 347
is_linear=0
shrinkage=0.02


Tree=501
num_leaves=6
num_cat=0
split_feature=4 4 11 4 12
split_gain=0.173871 0.608419 0.826793 0.59526 0.535269
threshold=0.011180339887498969 0.019202864369671505 -0.15212229850173478 0.0070710678118654927 0.88700449101594991
decision_type=2 2 2 2 2
left_child=3 2 -2 -1 -3
right_child=1 4 -4 -5 -6
leaf_value=-0.00039636744047574546 -0.001892736602967031 0.0002577055997309003 9.4456271440799232e-05 0.0012086764168085867 -0.0007777126995013548
leaf_weight=183 154 1266 176 178 232
leaf_count=183 154 1266 176 178 232
internal_value=2.75664e-06 -7.67172e-05 -0.000847309 0.00040074 9.52934e-05
internal_weight=2189 1828 330 361 1498
internal_count=2189 1828 330 361 1498
is_linear=0
shrinkage=0.02


Tree=502
num_leaves=5
num_cat=0
split_feature=7 6 7 13
split_gain=0.173372 0.357169 0.503837 0.347339
threshold=-0.91629030964546387 6.9889248012918683 0.56939077706188679 0.084986242868075337
decision_type=2 2 2 10
left_child=-1 3 -3 -2
right_child=1 2 -4 -5
leaf_value=0.0006222416730848571 0.0003193320843195434 -0.00086586375302285883 0.00038163286233272581 -0.00036003001550203759
leaf_weight=162 1023 395 188 421
leaf_count=162 1023 395 188 421
internal_value=2.79152e-06 -4.81249e-05 -0.000463759 0.000120704
internal_weight=2189 2027 583 1444
internal_count=2189 2027 583 1444
is_linear=0
shrinkage=0.02


Tree=503
num_leaves=4
num_cat=0
split_feature=9 1 6
split_gain=0.175167 0.363052 0.403202
threshold=1.2683162636658116 1.7216747252834843 6.8993853228981452
decision_type=2 2 2
left_child=1 2 -1
right_child=-2 -3 -4
leaf_value=0.000371343191341052 -0.00054218956365516767 -0.00082565107161024893 -0.00024386722306551958
leaf_weight=1144 208 164 673
leaf_count=1144 208 164 673
internal_value=2.876e-06 6.13275e-05 0.000143431
internal_weight=2189 1981 1817
internal_count=2189 1981 1817
is_linear=0
shrinkage=0.02


Tree=504
num_leaves=6
num_cat=0
split_feature=8 11 8 8 13
split_gain=0.173608 0.423926 0.390634 0.482948 0.4534
threshold=0.70902032728097553 0.10882993669133921 0.63387932992119733 0.57551116111238565 -0.096739607861795543
decision_type=2 2 2 2 10
left_child=2 -2 3 -1 -4
right_child=1 -3 4 -5 -6
leaf_value=0.00017314376765680467 0.00035472502348438644 -0.001037815765709335 0.0012291851956397295 -0.00063386312612032829 6.0947654440002357e-05
leaf_weight=841 157 187 215 452 337
leaf_count=841 157 187 215 452 337
internal_value=2.85955e-06 -0.00040629 8.00373e-05 -0.00011032 0.000522917
internal_weight=2189 344 1845 1293 552
internal_count=2189 344 1845 1293 552
is_linear=0
shrinkage=0.02


Tree=505
num_leaves=4
num_cat=0
split_feature=5 0 13
split_gain=0.17387 0.366483 0.636448
threshold=-0.20999999999999991 0.28000000000000008 0.20661838876563146
decision_type=2 2 8
left_child=-1 -2 -3
right_child=1 2 -4
leaf_value=0.00063357785852901922 -0.00091683618164631819 -0.00014880707372992775 0.00077455584539085553
leaf_weight=157 172 1492 368
leaf_count=157 172 1492 368
internal_value=2.96479e-06 -4.71943e-05 3.54666e-05
internal_weight=2189 2032 1860
internal_count=2189 2032 1860
is_linear=0
shrinkage=0.02


Tree=506
num_leaves=5
num_cat=0
split_feature=9 4 4 7
split_gain=0.171783 0.285482 0.707114 0.635801
threshold=1.2683162636658116 0.022360679774997932 0.011180339887498969 0.49472841759379688
decision_type=2 2 2 2
left_child=1 2 -1 -3
right_child=-2 3 -4 -5
leaf_value=0.00046114043072618906 -0.00053667060582693056 -1.560843467459292e-05 -0.00075411872675435409 0.0010342311097849761
leaf_weight=329 208 902 445 305
leaf_count=329 208 902 445 305
internal_value=3.10457e-06 6.09881e-05 -0.000237911 0.00025285
internal_weight=2189 1981 774 1207
internal_count=2189 1981 774 1207
is_linear=0
shrinkage=0.02


Tree=507
num_leaves=5
num_cat=0
split_feature=4 9 7 12
split_gain=0.172431 0.321152 0.475824 0.453082
threshold=0.067961386095340942 0.68957964053149101 0.43953053865606256 -0.66749245881647024
decision_type=2 2 2 2
left_child=1 2 -1 -3
right_child=-2 3 -4 -5
leaf_value=9.1971467258334744e-05 -0.000614412586214467 -0.0011935519279388583 0.0012670278930736166 9.169421881063961e-06
leaf_weight=1255 162 168 150 454
leaf_count=1255 162 168 150 454
internal_value=3.36862e-06 5.41327e-05 0.00022147 -0.000322609
internal_weight=2189 2027 1405 622
internal_count=2189 2027 1405 622
is_linear=0
shrinkage=0.02


Tree=508
num_leaves=6
num_cat=0
split_feature=8 0 8 8 4
split_gain=0.171156 0.422672 0.383509 0.539772 0.362052
threshold=0.70902032728097553 0.46750000000000003 0.62970646628472782 0.606195661972736 0.033400940280482509
decision_type=2 2 2 2 2
left_child=2 -2 3 -1 -4
right_child=1 -3 4 -5 -6
leaf_value=6.6781120374467104e-05 0.00036992997467025836 -0.0010227224569102056 5.191707449636149e-05 -0.0010438842846224794 0.0010429853765282445
leaf_weight=1048 154 190 329 205 263
leaf_count=1048 154 190 329 205 263
internal_value=3.3515e-06 -0.0004029 7.99812e-05 -0.000118359 0.000497254
internal_weight=2189 344 1845 1253 592
internal_count=2189 344 1845 1253 592
is_linear=0
shrinkage=0.02


Tree=509
num_leaves=4
num_cat=0
split_feature=1 1 6
split_gain=0.17159 0.513337 0.322637
threshold=-1.7211808224759986 -1.4417817795394339 5.7734328999469158
decision_type=2 2 2
left_child=-1 -2 -3
right_child=1 2 -4
leaf_value=-0.00063177435188789999 0.0011473575622477268 -0.0008233378850731743 4.7645555007514036e-05
leaf_weight=153 153 184 1699
leaf_count=153 153 184 1699
internal_value=3.20844e-06 5.23565e-05 -3.94189e-05
internal_weight=2189 2036 1883
internal_count=2189 2036 1883
is_linear=0
shrinkage=0.02


Tree=510
num_leaves=5
num_cat=0
split_feature=11 7 5 7
split_gain=0.169055 0.401262 1.13554 1.07009
threshold=-0.96117143663587512 -0.71998814116665588 0.029999999999999947 -0.53672757228240564
decision_type=2 2 2 2
left_child=-1 2 -2 -3
right_child=1 3 -4 -5
leaf_value=-0.00055145493407035247 0.0014638736546670359 -0.0015580167529482092 -0.00063917447754314972 9.5892118700869767e-05
leaf_weight=195 246 171 170 1407
leaf_count=195 246 171 170 1407
internal_value=2.951e-06 5.84119e-05 0.000607071 -8.76887e-05
internal_weight=2189 1994 416 1578
internal_count=2189 1994 416 1578
is_linear=0
shrinkage=0.02


Tree=511
num_leaves=4
num_cat=0
split_feature=1 1 1
split_gain=0.168513 0.498323 0.386308
threshold=-1.7211808224759986 -1.4173762108646724 -1.1423723315208596
decision_type=2 2 2
left_child=-1 -2 -3
right_child=1 2 -4
leaf_value=-0.00062647907887113899 0.0010688100177834382 -0.00099066014873170401 4.2809110079107115e-05
leaf_weight=153 171 153 1712
leaf_count=153 171 153 1712
internal_value=2.78296e-06 5.14892e-05 -4.43963e-05
internal_weight=2189 2036 1865
internal_count=2189 2036 1865
is_linear=0
shrinkage=0.02


Tree=512
num_leaves=4
num_cat=0
split_feature=0 7 1
split_gain=0.168486 0.287824 0.566426
threshold=0.24000000000000002 0.83715645691086571 1.6828604122544897
decision_type=2 2 2
left_child=-1 2 -2
right_child=1 -3 -4
leaf_value=-0.00057006349699881959 0.00027434261706424579 -0.00053069753830324378 -0.00092294387205831951
leaf_weight=183 1553 282 171
leaf_count=183 1553 282 171
internal_value=2.50936e-06 5.60306e-05 0.000153261
internal_weight=2189 2006 1724
internal_count=2189 2006 1724
is_linear=0
shrinkage=0.02


Tree=513
num_leaves=6
num_cat=0
split_feature=8 11 8 8 4
split_gain=0.167592 0.415993 0.376348 0.528135 0.357486
threshold=0.70902032728097553 0.10882993669133921 0.62970646628472782 0.57551116111238565 0.033400940280482509
decision_type=2 2 2 2 2
left_child=2 -2 3 -1 -4
right_child=1 -3 4 -5 -6
leaf_value=0.00016989079185697662 0.00035467871513654605 -0.0010247159310589875 4.9594205938011944e-05 -0.00069991425406444607 0.0010343590931647193
leaf_weight=841 157 187 329 412 263
leaf_count=841 157 187 329 412 263
internal_value=2.8936e-06 -0.000399105 7.87222e-05 -0.000117756 0.000492082
internal_weight=2189 344 1845 1253 592
internal_count=2189 344 1845 1253 592
is_linear=0
shrinkage=0.02


Tree=514
num_leaves=4
num_cat=0
split_feature=5 0 13
split_gain=0.169192 0.354559 0.620717
threshold=-0.20999999999999991 0.28000000000000008 0.20661838876563146
decision_type=2 2 8
left_child=-1 -2 -3
right_child=1 2 -4
leaf_value=0.00062497401488571217 -0.00090195546448092623 -0.00014725309265102462 0.00076462635196166123
leaf_weight=157 172 1492 368
leaf_count=157 172 1492 368
internal_value=2.9022e-06 -4.65775e-05 3.4728e-05
internal_weight=2189 2032 1860
internal_count=2189 2032 1860
is_linear=0
shrinkage=0.02


Tree=515
num_leaves=4
num_cat=0
split_feature=4 5 7
split_gain=0.16739 0.320819 0.348891
threshold=0.067961386095340942 0.16250000000000003 0.85830713529460334
decision_type=2 2 2
left_child=1 2 -1
right_child=-2 -3 -4
leaf_value=6.649727221425542e-05 -0.00060564364891058022 0.00078173997218039374 -0.0007982842491551245
leaf_weight=1610 162 211 206
leaf_count=1610 162 211 206
internal_value=3.03941e-06 5.30566e-05 -3.35227e-05
internal_weight=2189 2027 1816
internal_count=2189 2027 1816
is_linear=0
shrinkage=0.02


Tree=516
num_leaves=4
num_cat=0
split_feature=6 11 11
split_gain=0.166233 0.37012 0.546287
threshold=5.7734328999469158 -0.96117143663587512 -0.7298473806936866
decision_type=2 2 2
left_child=-1 -2 -3
right_child=1 2 -4
leaf_value=-0.00052958202994766838 -0.0007876032623985314 0.0008938823675271124 -1.4895616662616575e-05
leaf_weight=207 182 317 1483
leaf_count=207 182 317 1483
internal_value=2.78589e-06 5.95791e-05 0.000147183
internal_weight=2189 1982 1800
internal_count=2189 1982 1800
is_linear=0
shrinkage=0.02


Tree=517
num_leaves=4
num_cat=0
split_feature=1 1 3
split_gain=0.164719 0.486786 0.315923
threshold=-1.7211808224759986 -1.4417817795394339 -0.57735026918963528
decision_type=2 2 2
left_child=-1 -2 -3
right_child=1 2 -4
leaf_value=-0.00061935700430487618 0.0011172439675642578 -0.00045706938537394347 0.00012109916761269919
leaf_weight=153 153 517 1366
leaf_count=153 153 517 1366
internal_value=2.78162e-06 5.09364e-05 -3.84339e-05
internal_weight=2189 2036 1883
internal_count=2189 2036 1883
is_linear=0
shrinkage=0.02


Tree=518
num_leaves=4
num_cat=0
split_feature=5 0 13
split_gain=0.16488 0.342575 0.60714
threshold=-0.20999999999999991 0.28000000000000008 0.20661838876563146
decision_type=2 2 8
left_child=-1 -2 -3
right_child=1 2 -4
leaf_value=0.00061661614738922155 -0.00088711899733101812 -0.00014637930436139465 0.00075547203721213917
leaf_weight=157 172 1492 368
leaf_count=157 172 1492 368
internal_value=2.52188e-06 -4.63224e-05 3.35985e-05
internal_weight=2189 2032 1860
internal_count=2189 2032 1860
is_linear=0
shrinkage=0.02


Tree=519
num_leaves=5
num_cat=0
split_feature=4 4 4 12
split_gain=0.165484 0.586321 0.584835 0.340384
threshold=0.011180339887498969 0.017853571071357096 0.0070710678118654927 0.89504790149260949
decision_type=2 2 2 2
left_child=2 -2 -1 -3
right_child=1 3 -4 -5
leaf_value=-0.00039904517550120488 -0.00093368445157942907 0.0001985900791656637 0.0011917991953255618 -0.00061973591437951357
leaf_weight=183 266 1327 178 235
leaf_count=183 266 1327 178 235
internal_value=2.65982e-06 -7.48735e-05 0.000390926 7.38898e-05
internal_weight=2189 1828 361 1562
internal_count=2189 1828 361 1562
is_linear=0
shrinkage=0.02


Tree=520
num_leaves=6
num_cat=0
split_feature=6 3 6 1 8
split_gain=0.165649 0.434853 0.716651 0.363295 0.49247
threshold=6.9825654222196754 -1.0841266730011272 7.3341824722422917 -1.5557202461387629 0.563744715242394
decision_type=2 2 2 2 2
left_child=3 -2 -3 -1 -5
right_child=1 2 -4 4 -6
leaf_value=0.00096941145730210156 -0.0011694115207064896 -0.00047835553940516753 0.0011235733667354277 0.00052242402631365586 -0.0002737130100949336
leaf_weight=172 155 350 158 474 880
leaf_count=172 155 350 158 474 880
internal_value=2.64873e-06 -0.000260149 2.59771e-05 0.000117303 5.89043e-06
internal_weight=2189 663 508 1526 1354
internal_count=2189 663 508 1526 1354
is_linear=0
shrinkage=0.02


Tree=521
num_leaves=4
num_cat=0
split_feature=4 5 6
split_gain=0.165758 0.311523 0.419182
threshold=0.067961386095340942 0.16250000000000003 5.7734328999469158
decision_type=2 2 2
left_child=1 2 -1
right_child=-2 -3 -4
leaf_value=-0.00098183221931806238 -0.00060321898476191392 0.0007703101381061801 6.3812762907784613e-05
leaf_weight=164 162 211 1652
leaf_count=164 162 211 1652
internal_value=2.48748e-06 5.22614e-05 -3.30543e-05
internal_weight=2189 2027 1816
internal_count=2189 2027 1816
is_linear=0
shrinkage=0.02


Tree=522
num_leaves=6
num_cat=0
split_feature=8 0 8 8 13
split_gain=0.164252 0.410744 0.373174 0.515532 0.356817
threshold=0.70902032728097553 0.46750000000000003 0.62970646628472782 0.606195661972736 -0.096739607861795543
decision_type=2 2 2 2 8
left_child=2 -2 3 -1 -4
right_child=1 -3 4 -5 -6
leaf_value=6.2645112341705445e-05 0.00036611407960079754 -0.0010067232855213567 0.0012247264391330422 -0.0010228026644770233 0.00016177186047822804
leaf_weight=1048 154 190 178 205 414
leaf_count=1048 154 190 178 205 414
internal_value=2.27219e-06 -0.000395699 7.73428e-05 -0.000118301 0.000488957
internal_weight=2189 344 1845 1253 592
internal_count=2189 344 1845 1253 592
is_linear=0
shrinkage=0.02


Tree=523
num_leaves=4
num_cat=0
split_feature=1 1 1
split_gain=0.163844 0.474734 0.374271
threshold=-1.7211808224759986 -1.4173762108646724 -1.1423723315208596
decision_type=2 2 2
left_child=-1 -2 -3
right_child=1 2 -4
leaf_value=-0.00061835186125687035 0.0010431089220384654 -0.0009748346692163355 4.2405557425732815e-05
leaf_weight=153 171 153 1712
leaf_count=153 171 153 1712
internal_value=2.13037e-06 5.01586e-05 -4.34297e-05
internal_weight=2189 2036 1865
internal_count=2189 2036 1865
is_linear=0
shrinkage=0.02


Tree=524
num_leaves=7
num_cat=0
split_feature=6 6 2 13 13 13
split_gain=0.163367 0.415129 0.699947 0.327064 0.868203 0.446047
threshold=6.9937402960692037 7.1169296943688662 0.04214490744026278 0.076703014414507512 -0.081266600300271011 0.14392420621436322
decision_type=2 2 2 10 8 10
left_child=3 -2 -3 4 -1 -5
right_child=1 2 -4 5 -6 -7
leaf_value=-0.00024483399643934208 -0.0010306787968679394 0.001056784750567486 -0.00054138864857021767 -0.0010927100878229345 0.00091837485575117176 0.00012882114570134153
leaf_weight=524 192 172 283 177 495 346
leaf_count=524 192 172 283 177 495 346
internal_value=1.86895e-06 -0.00026367 6.7676e-05 0.000113777 0.000321944 -0.000291017
internal_weight=2189 647 455 1542 1019 523
internal_count=2189 647 455 1542 1019 523
is_linear=0
shrinkage=0.02


Tree=525
num_leaves=6
num_cat=0
split_feature=5 5 7 3 4
split_gain=0.163135 0.555746 0.681373 0.534166 0.62692
threshold=0.055000000000000084 0.030000000000000002 -0.75896085734227436 -0.10448450521762365 0.039607448794387184
decision_type=2 2 2 2 2
left_child=1 2 -1 -2 -5
right_child=3 -3 -4 4 -6
leaf_value=0.00095587484792636205 0.0012791872719468869 -0.001181643648908056 -0.00020305572263985846 -0.00061746091612134872 0.00068965313755819252
leaf_weight=247 152 169 1037 324 260
leaf_count=247 152 169 1037 324 260
internal_value=1.88525e-06 -0.000120926 2.2728e-05 0.000243517 -3.46122e-05
internal_weight=2189 1453 1284 736 584
internal_count=2189 1453 1284 736 584
is_linear=0
shrinkage=0.02


Tree=526
num_leaves=4
num_cat=0
split_feature=5 0 13
split_gain=0.162819 0.333754 0.590152
threshold=-0.20999999999999991 0.28000000000000008 0.20661838876563146
decision_type=2 2 8
left_child=-1 -2 -3
right_child=1 2 -4
leaf_value=0.00061167160484919692 -0.00087701131419773946 -0.00014566034997594727 0.00074348347386390208
leaf_weight=157 172 1492 368
leaf_count=157 172 1492 368
internal_value=1.42461e-06 -4.71111e-05 3.17779e-05
internal_weight=2189 2032 1860
internal_count=2189 2032 1860
is_linear=0
shrinkage=0.02


Tree=527
num_leaves=5
num_cat=0
split_feature=4 9 3 9
split_gain=0.163263 0.305338 0.486967 0.454788
threshold=0.067961386095340942 0.68957964053149101 1.4142135623730958 0.91740217560428594
decision_type=2 2 2 2
left_child=1 2 -1 -3
right_child=-2 3 -4 -5
leaf_value=0.00034780082964147661 -0.0005995555274839608 -0.0012289480705182125 -0.00081194224246357359 1.5429639396198253e-06
leaf_weight=1246 162 157 159 465
leaf_count=1246 162 157 159 465
internal_value=1.57254e-06 5.09724e-05 0.000214142 -0.000316371
internal_weight=2189 2027 1405 622
internal_count=2189 2027 1405 622
is_linear=0
shrinkage=0.02


Tree=528
num_leaves=6
num_cat=0
split_feature=5 0 5 7 11
split_gain=0.161591 0.753773 0.546224 0.661818 0.322134
threshold=0.055000000000000084 0.55750000000000022 0.030000000000000002 -0.75896085734227436 0.60875707634060972
decision_type=2 2 2 2 2
left_child=2 -2 3 -1 -3
right_child=1 4 -4 -5 -6
leaf_value=0.00094147855278159051 0.0014068299334779469 -0.00040398229654779397 -0.0011721941052090334 -0.00020070066074362553 0.000639061486693548
leaf_weight=247 166 409 169 1037 161
leaf_count=247 166 409 169 1037 161
internal_value=1.62452e-06 0.00024211 -0.000120603 2.18173e-05 -0.000106373
internal_weight=2189 736 1453 1284 570
internal_count=2189 736 1453 1284 570
is_linear=0
shrinkage=0.02


Tree=529
num_leaves=6
num_cat=0
split_feature=8 11 1 1 0
split_gain=0.161396 0.407959 0.374508 0.57453 0.565512
threshold=0.70902032728097553 0.10882993669133921 -0.64507896092290562 -1.5557202461387629 0.58750000000000002
decision_type=2 2 2 2 2
left_child=2 -2 3 -1 -4
right_child=1 -3 4 -5 -6
leaf_value=0.00054542410828246457 0.00035407836020084812 -0.0010118857259112702 0.0006929452713084175 -0.00071068658266837392 -0.00017854054889517062
leaf_weight=211 157 187 635 445 554
leaf_count=211 157 187 635 445 554
internal_value=2.1705e-06 -0.000392325 7.65856e-05 -0.000305594 0.00028784
internal_weight=2189 344 1845 656 1189
internal_count=2189 344 1845 656 1189
is_linear=0
shrinkage=0.02


Tree=530
num_leaves=4
num_cat=0
split_feature=1 1 1
split_gain=0.163628 0.458673 0.364145
threshold=-1.7211808224759986 -1.4173762108646724 -1.1423723315208596
decision_type=2 2 2
left_child=-1 -2 -3
right_child=1 2 -4
leaf_value=-0.00061698570280170801 0.001027090227276362 -0.0009596357520970316 4.3747489500174383e-05
leaf_weight=153 171 153 1712
leaf_count=153 171 153 1712
internal_value=3.08848e-06 5.10827e-05 -4.09134e-05
internal_weight=2189 2036 1865
internal_count=2189 2036 1865
is_linear=0
shrinkage=0.02


Tree=531
num_leaves=7
num_cat=0
split_feature=6 3 13 13 1 8
split_gain=0.16134 0.435157 0.329296 0.841447 0.432461 0.267666
threshold=6.9937402960692037 -0.18557698545961573 0.076703014414507512 -0.081266600300271011 0.47841896462339178 0.59445698293863336
decision_type=2 2 10 8 2 2
left_child=2 -2 3 -1 -4 -3
right_child=1 5 4 -5 -6 -7
leaf_value=-0.00023511531226421025 -0.00081257654986626729 -0.0003543699135573592 0.00011619453843930304 0.00091006180158350615 -0.0010915331318506233 0.00074309831354967373
leaf_weight=524 300 166 349 495 174 181
leaf_count=524 300 166 349 495 174 181
internal_value=2.81974e-06 -0.000261069 0.000114029 0.000322905 -0.000292143 0.000220509
internal_weight=2189 647 1542 1019 523 347
internal_count=2189 647 1542 1019 523 347
is_linear=0
shrinkage=0.02


Tree=532
num_leaves=6
num_cat=0
split_feature=5 0 5 7 8
split_gain=0.162245 0.740257 0.537173 0.648543 0.316879
threshold=0.055000000000000084 0.55750000000000022 0.030000000000000002 -0.75896085734227436 0.63387932992119733
decision_type=2 2 2 2 2
left_child=2 -2 3 -1 -3
right_child=1 4 -4 -5 -6
leaf_value=0.00093176123744573465 0.0013978027517509738 -0.00049236372924379762 -0.001162709163705251 -0.00019890459445821328 0.00045759002950868598
leaf_weight=247 166 336 169 1037 234
leaf_count=247 166 336 169 1037 234
internal_value=2.60989e-06 0.000243579 -0.000119867 2.13695e-05 -0.000101795
internal_weight=2189 736 1453 1284 570
internal_count=2189 736 1453 1284 570
is_linear=0
shrinkage=0.02


Tree=533
num_leaves=6
num_cat=0
split_feature=5 0 5 7 11
split_gain=0.161542 0.732079 0.528814 0.634187 0.315859
threshold=0.055000000000000084 0.55750000000000022 0.030000000000000002 -0.75896085734227436 0.60875707634060972
decision_type=2 2 2 2 2
left_child=2 -2 3 -1 -3
right_child=1 4 -4 -5 -6
leaf_value=0.00092133438169849041 0.0013914268132713106 -0.00039460993591237118 -0.0011537549688598549 -0.00019674753194858969 0.00063820271302541967
leaf_weight=247 166 409 169 1037 161
leaf_count=247 166 409 169 1037 161
internal_value=3.15364e-06 0.000243599 -0.000119059 2.10747e-05 -9.98728e-05
internal_weight=2189 736 1453 1284 570
internal_count=2189 736 1453 1284 570
is_linear=0
shrinkage=0.02


Tree=534
num_leaves=6
num_cat=0
split_feature=5 0 5 7 12
split_gain=0.160791 0.72406 0.520585 0.620149 0.308649
threshold=0.055000000000000084 0.55750000000000022 0.030000000000000002 -0.75896085734227436 -0.71000616126719407
decision_type=2 2 2 2 2
left_child=2 -2 3 -1 -3
right_child=1 4 -4 -5 -6
leaf_value=0.0009110242148975857 0.0013850799499199404 -0.00085796169214284962 -0.0011448697216980073 -0.00019461389361222003 0.00018271335084617295
leaf_weight=247 166 151 169 1037 419
leaf_count=247 166 151 169 1037 419
internal_value=3.67375e-06 0.000243559 -0.000118256 2.07839e-05 -9.80375e-05
internal_weight=2189 736 1453 1284 570
internal_count=2189 736 1453 1284 570
is_linear=0
shrinkage=0.02


Tree=535
num_leaves=4
num_cat=0
split_feature=1 1 11
split_gain=0.16162 0.445236 0.3604
threshold=-1.7211808224759986 -1.4173762108646724 0.94334592595852951
decision_type=2 2 2
left_child=-1 -2 -3
right_child=1 2 -4
leaf_value=-0.00061214578803628686 0.0010134155164467468 6.106559473162808e-05 -0.00080921863372502634
leaf_weight=153 171 1655 210
leaf_count=153 171 1655 210
internal_value=4.1153e-06 5.18119e-05 -3.88305e-05
internal_weight=2189 2036 1865
internal_count=2189 2036 1865
is_linear=0
shrinkage=0.02


Tree=536
num_leaves=6
num_cat=0
split_feature=8 11 1 1 0
split_gain=0.160191 0.399541 0.374249 0.555732 0.53831
threshold=0.70902032728097553 0.10882993669133921 -0.64507896092290562 -1.5557202461387629 0.58750000000000002
decision_type=2 2 2 2 2
left_child=2 -2 3 -1 -4
right_child=1 -3 4 -5 -6
leaf_value=0.00053281851380166637 0.00034937191455636495 -0.0010024413075188931 0.00068425090429809644 -0.00070260151666847782 -0.00016606257630308861
leaf_weight=211 157 187 635 445 554
leaf_count=211 157 187 635 445 554
internal_value=3.70977e-06 -0.000389314 7.78431e-05 -0.000304209 0.000289021
internal_weight=2189 344 1845 656 1189
internal_count=2189 344 1845 656 1189
is_linear=0
shrinkage=0.02


Tree=537
num_leaves=6
num_cat=0
split_feature=5 0 5 7 8
split_gain=0.161313 0.711196 0.512158 0.605698 0.308774
threshold=0.055000000000000084 0.55750000000000022 0.030000000000000002 -0.75896085734227436 0.63387932992119733
decision_type=2 2 2 2 2
left_child=2 -2 3 -1 -3
right_child=1 4 -4 -5 -6
leaf_value=0.00090016499032369909 0.001376177085160512 -0.00047931756773045904 -0.0011358232256667368 -0.00019251449996558146 0.00045838401259301094
leaf_weight=247 166 336 169 1037 234
leaf_count=247 166 336 169 1037 234
internal_value=4.57657e-06 0.000244849 -0.000117553 2.0358e-05 -9.37278e-05
internal_weight=2189 736 1453 1284 570
internal_count=2189 736 1453 1284 570
is_linear=0
shrinkage=0.02


Tree=538
num_leaves=4
num_cat=0
split_feature=1 1 1
split_gain=0.160628 0.432172 0.354316
threshold=-1.7211808224759986 -1.4173762108646724 -1.1423723315208596
decision_type=2 2 2
left_child=-1 -2 -3
right_child=1 2 -4
leaf_value=-0.00060930659623132852 0.001000000906298572 -0.00094293905110422616 4.6804925123360894e-05
leaf_weight=153 171 153 1712
leaf_count=153 171 153 1712
internal_value=5.06354e-06 5.26114e-05 -3.66954e-05
internal_weight=2189 2036 1865
internal_count=2189 2036 1865
is_linear=0
shrinkage=0.02


Tree=539
num_leaves=5
num_cat=0
split_feature=5 8 0 11
split_gain=0.161172 0.333287 0.510073 0.322431
threshold=-0.20999999999999991 0.70902032728097553 0.29000000000000009 0.12659573043494146
decision_type=2 2 2 2
left_child=-1 2 -2 -3
right_child=1 3 -4 -5
leaf_value=0.00061192379614954853 -0.00094287631803324876 5.0030565460122404e-05 0.00018508012211294517 -0.0012103522107513114
leaf_weight=157 174 150 1537 171
leaf_count=157 174 150 1537 171
internal_value=4.77807e-06 -4.35192e-05 6.79596e-05 -0.000629654
internal_weight=2189 2032 1711 321
internal_count=2189 2032 1711 321
is_linear=0
shrinkage=0.02


Tree=540
num_leaves=7
num_cat=0
split_feature=6 3 6 6 13 13
split_gain=0.160531 0.426727 0.696653 0.325757 0.638503 0.349451
threshold=6.9825654222196754 -1.0841266730011272 7.3341824722422917 6.7572404264395853 0.0076876672349177897 -0.081266600300271011
decision_type=2 2 2 2 10 10
left_child=3 -2 -3 5 -5 -1
right_child=1 2 -4 4 -6 -7
leaf_value=-0.00046450048295217891 -0.0011546674365235958 -0.00046781870355488552 0.0011116042174398899 0.0014188446102616115 -0.00026746623147108189 0.0002374283002539405
leaf_weight=468 155 350 158 190 164 704
leaf_count=468 155 350 158 190 164 704
internal_value=4.77206e-06 -0.000253939 2.94656e-05 0.000117636 0.000644771 -4.36466e-05
internal_weight=2189 663 508 1526 354 1172
internal_count=2189 663 508 1526 354 1172
is_linear=0
shrinkage=0.02


Tree=541
num_leaves=5
num_cat=0
split_feature=4 4 4 13
split_gain=0.160035 0.582605 0.575127 0.348426
threshold=0.011180339887498969 0.0070710678118654927 0.017853571071357096 -0.22161945224368859
decision_type=2 2 2 8
left_child=1 -1 -2 -4
right_child=2 -3 3 -5
leaf_value=-0.00040193861603063152 -0.00092219321539615227 0.0011858210141536438 0.00093921295060458293 -2.7193519601671299e-05
leaf_weight=183 266 178 162 1400
leaf_count=183 266 178 162 1400
internal_value=4.6345e-06 0.00038645 -7.16163e-05 7.57126e-05
internal_weight=2189 361 1828 1562
internal_count=2189 361 1828 1562
is_linear=0
shrinkage=0.02


Tree=542
num_leaves=4
num_cat=0
split_feature=11 3 6
split_gain=0.159715 0.376193 0.647059
threshold=-0.96117143663587512 -1.4598709212088288 5.7734328999469158
decision_type=2 2 2
left_child=-1 -2 -3
right_child=1 2 -4
leaf_value=-0.0005343293493613601 0.00086572716640227515 -0.0011517098409083663 9.3971898652916308e-05
leaf_weight=195 202 181 1611
leaf_count=195 202 181 1611
internal_value=4.54887e-06 5.84523e-05 -3.4702e-05
internal_weight=2189 1994 1792
internal_count=2189 1994 1792
is_linear=0
shrinkage=0.02


Tree=543
num_leaves=6
num_cat=0
split_feature=5 0 5 7 11
split_gain=0.158757 0.703738 0.504511 0.595145 0.309166
threshold=0.055000000000000084 0.55750000000000022 0.030000000000000002 -0.75896085734227436 0.60875707634060972
decision_type=2 2 2 2 2
left_child=2 -2 3 -1 -3
right_child=1 4 -4 -5 -6
leaf_value=0.00089231766375069991 0.001368231881649522 -0.00038557513623165446 -0.0011273090189172963 -0.00019080162215924279 0.00063621737295761706
leaf_weight=247 166 409 169 1037 161
leaf_count=247 166 409 169 1037 161
internal_value=4.48889e-06 0.00024285 -0.000116669 2.02085e-05 -9.39409e-05
internal_weight=2189 736 1453 1284 570
internal_count=2189 736 1453 1284 570
is_linear=0
shrinkage=0.02


Tree=544
num_leaves=4
num_cat=0
split_feature=1 1 11
split_gain=0.158555 0.421606 0.355559
threshold=-1.7211808224759986 -1.4173762108646724 0.94334592595852951
decision_type=2 2 2
left_child=-1 -2 -3
right_child=1 2 -4
leaf_value=-0.00060544227886520608 0.00098792571674990049 6.3196662821840636e-05 -0.00080122020600775128
leaf_weight=153 171 1655 210
leaf_count=153 171 1655 210
internal_value=4.94948e-06 5.21896e-05 -3.60192e-05
internal_weight=2189 2036 1865
internal_count=2189 2036 1865
is_linear=0
shrinkage=0.02


Tree=545
num_leaves=6
num_cat=0
split_feature=5 0 5 7 11
split_gain=0.158716 0.695682 0.495735 0.58206 0.303051
threshold=0.055000000000000084 0.55750000000000022 0.030000000000000002 -0.75896085734227436 0.60875707634060972
decision_type=2 2 2 2 2
left_child=2 -2 3 -1 -3
right_child=1 4 -4 -5 -6
leaf_value=0.00088155029567017675 0.0013617850848805836 -0.00038074724972900453 -0.0011184186082675881 -0.0001895955829567637 0.00063088574699906035
leaf_weight=247 166 409 169 1037 161
leaf_count=247 166 409 169 1037 161
internal_value=4.53517e-06 0.000242865 -0.000116607 1.90784e-05 -9.2004e-05
internal_weight=2189 736 1453 1284 570
internal_count=2189 736 1453 1284 570
is_linear=0
shrinkage=0.02


Tree=546
num_leaves=6
num_cat=0
split_feature=7 12 7 5 13
split_gain=0.159694 1.20512 0.732774 0.607303 0.572864
threshold=-0.53672757228240564 -0.66749245881647024 -0.33504394213048982 -0.12000000000000001 0.21436319846336771
decision_type=2 2 2 2 10
left_child=1 -1 -2 -4 -3
right_child=2 4 3 -5 -6
leaf_value=0.0011346364651616272 0.0013228601678353055 -0.0013009805324353471 0.00086189189673477437 -0.00023627093404699525 0.00014052444463728039
leaf_weight=176 173 301 240 1128 171
leaf_count=176 173 301 240 1128 171
internal_value=4.98592e-06 -0.000257272 0.000115742 -4.11737e-05 -0.000782742
internal_weight=2189 648 1541 1368 472
internal_count=2189 648 1541 1368 472
is_linear=0
shrinkage=0.02


Tree=547
num_leaves=4
num_cat=0
split_feature=0 7 7
split_gain=0.162537 0.264982 0.500721
threshold=0.24000000000000002 0.83715645691086571 0.49472841759379688
decision_type=2 2 2
left_child=-1 2 -2
right_child=1 -3 -4
leaf_value=-0.00055794715426607381 -3.2677835157195752e-05 -0.00050598463976921234 0.0007830326629744977
leaf_weight=183 1341 282 383
leaf_count=183 1341 282 383
internal_value=4.43056e-06 5.69939e-05 0.000150279
internal_weight=2189 2006 1724
internal_count=2189 2006 1724
is_linear=0
shrinkage=0.02


Tree=548
num_leaves=6
num_cat=0
split_feature=5 0 5 7 8
split_gain=0.160493 0.685731 0.486954 0.573447 0.301232
threshold=0.055000000000000084 0.55750000000000022 0.030000000000000002 -0.75896085734227436 0.63387932992119733
decision_type=2 2 2 2 2
left_child=2 -2 3 -1 -3
right_child=1 4 -4 -5 -6
leaf_value=0.00087344304458903419 0.001355248564603733 -0.00046900927719367876 -0.0011100118731458982 -0.00018974707689026335 0.00045715456327499439
leaf_weight=247 166 336 169 1037 234
leaf_count=247 166 336 169 1037 234
internal_value=4.70575e-06 0.000244366 -0.000117113 1.7371e-05 -8.81256e-05
internal_weight=2189 736 1453 1284 570
internal_count=2189 736 1453 1284 570
is_linear=0
shrinkage=0.02


Tree=549
num_leaves=6
num_cat=0
split_feature=5 0 5 7 12
split_gain=0.159588 0.677793 0.479273 0.560758 0.301173
threshold=0.055000000000000084 0.55750000000000022 0.030000000000000002 -0.75896085734227436 -0.71000616126719407
decision_type=2 2 2 2 2
left_child=2 -2 3 -1 -3
right_child=1 4 -4 -5 -6
leaf_value=0.00086366880104631288 0.0013485912131200059 -0.00083713752016475876 -0.0011013359090463184 -0.0001876930094106416 0.00019081680941901211
leaf_weight=247 166 151 169 1037 419
leaf_count=247 166 151 169 1037 419
internal_value=5.17682e-06 0.000244159 -0.000116299 1.71206e-05 -8.64124e-05
internal_weight=2189 736 1453 1284 570
internal_count=2189 736 1453 1284 570
is_linear=0
shrinkage=0.02


Tree=550
num_leaves=6
num_cat=0
split_feature=7 12 7 5 13
split_gain=0.163316 1.17992 0.719688 0.59622 0.556586
threshold=-0.53672757228240564 -0.66749245881647024 -0.33504394213048982 -0.12000000000000001 0.21436319846336771
decision_type=2 2 2 2 10
left_child=1 -1 -2 -4 -3
right_child=2 4 3 -5 -6
leaf_value=0.0011176928076172732 0.0013138669792868804 -0.0012903683680852306 0.0008568357265867978 -0.00023125853707889739 0.00013070310862200462
leaf_weight=176 173 301 240 1128 171
leaf_count=176 173 301 240 1128 171
internal_value=5.57456e-06 -0.000259643 0.000117579 -3.79397e-05 -0.000779558
internal_weight=2189 648 1541 1368 472
internal_count=2189 648 1541 1368 472
is_linear=0
shrinkage=0.02


Tree=551
num_leaves=4
num_cat=0
split_feature=0 7 7
split_gain=0.163292 0.257372 0.495358
threshold=0.24000000000000002 0.83715645691086571 0.49472841759379688
decision_type=2 2 2
left_child=-1 2 -2
right_child=1 -3 -4
leaf_value=-0.00055867214883155035 -3.2346988276126663e-05 -0.00049714547958900788 0.00077898391229628595
leaf_weight=183 1341 282 383
leaf_count=183 1341 282 383
internal_value=5.01167e-06 5.76957e-05 0.000149628
internal_weight=2189 2006 1724
internal_count=2189 2006 1724
is_linear=0
shrinkage=0.02


Tree=552
num_leaves=6
num_cat=0
split_feature=5 0 5 7 12
split_gain=0.161136 0.668337 0.470636 0.552621 0.295949
threshold=0.055000000000000084 0.55750000000000022 0.030000000000000002 -0.75896085734227436 -0.71000616126719407
decision_type=2 2 2 2 2
left_child=2 -2 3 -1 -3
right_child=1 4 -4 -5 -6
leaf_value=0.00085582162349070014 0.0013421130121538513 -0.00082706643588608135 -0.0010929057027759222 -0.00018788376939427127 0.00019192245247019323
leaf_weight=247 166 151 169 1037 419
leaf_count=247 166 151 169 1037 419
internal_value=5.27833e-06 0.000245417 -0.000116786 1.54322e-05 -8.28648e-05
internal_weight=2189 736 1453 1284 570
internal_count=2189 736 1453 1284 570
is_linear=0
shrinkage=0.02


Tree=553
num_leaves=7
num_cat=0
split_feature=13 13 4 1 0 6
split_gain=0.161179 0.712867 0.792813 0.426367 1.04207 0.831118
threshold=0.076703014414507512 0.13965283492518399 0.043011626335213167 1.0448177854782881 0.60750000000000004 6.9937402960692037
decision_type=10 10 2 2 2 2
left_child=3 -2 -3 5 -5 -1
right_child=1 2 -4 4 -6 -7
leaf_value=0.00025760760306941946 -0.0011867812669907624 0.00064120437691822106 -0.0010372619667124369 0.0019690329610340057 -0.00010390185714724117 -0.0010182559678630371
leaf_weight=750 216 387 153 150 258 275
leaf_count=750 216 387 153 150 258 275
internal_value=5.67095e-06 -0.000229716 0.000160486 0.00013022 0.000672818 -8.79786e-05
internal_weight=2189 756 540 1433 408 1025
internal_count=2189 756 540 1433 408 1025
is_linear=0
shrinkage=0.02


Tree=554
num_leaves=6
num_cat=0
split_feature=7 12 7 5 13
split_gain=0.161397 1.15536 0.707884 0.586848 0.539348
threshold=-0.53672757228240564 -0.66749245881647024 -0.33504394213048982 -0.12000000000000001 0.21436319846336771
decision_type=2 2 2 2 10
left_child=1 -1 -2 -4 -3
right_child=2 4 3 -5 -6
leaf_value=0.0011054767039475849 0.0013039781032568316 -0.0012747626135649246 0.00085101046028299902 -0.00022849693246190301 0.00012424073179441951
leaf_weight=176 173 301 240 1128 171
leaf_count=176 173 301 240 1128 171
internal_value=6.19824e-06 -0.000257457 0.000117541 -3.67003e-05 -0.000771931
internal_weight=2189 648 1541 1368 472
internal_count=2189 648 1541 1368 472
is_linear=0
shrinkage=0.02


Tree=555
num_leaves=6
num_cat=0
split_feature=5 0 5 7 8
split_gain=0.164189 0.652864 0.46093 0.541899 0.293306
threshold=0.055000000000000084 0.55750000000000022 0.030000000000000002 -0.75896085734227436 0.63387932992119733
decision_type=2 2 2 2 2
left_child=2 -2 3 -1 -3
right_child=1 4 -4 -5 -6
leaf_value=0.00084547505261504008 0.0013319510857612766 -0.00045238657850742099 -0.0010835844612327116 -0.00018805450177248727 0.00046147858268322196
leaf_weight=247 166 336 169 1037 234
leaf_count=247 166 336 169 1037 234
internal_value=5.63191e-06 0.000248034 -0.000117584 1.32715e-05 -7.64703e-05
internal_weight=2189 736 1453 1284 570
internal_count=2189 736 1453 1284 570
is_linear=0
shrinkage=0.02


Tree=556
num_leaves=4
num_cat=0
split_feature=0 7 1
split_gain=0.163313 0.251041 0.526598
threshold=0.24000000000000002 0.83715645691086571 1.6828604122544897
decision_type=2 2 2
left_child=-1 2 -2
right_child=1 -3 -4
leaf_value=-0.00055764628296836897 0.00026629590014439912 -0.00048921991381810446 -0.00088813759802922661
leaf_weight=183 1553 282 171
leaf_count=183 1553 282 171
internal_value=6.07711e-06 5.87621e-05 0.000149553
internal_weight=2189 2006 1724
internal_count=2189 2006 1724
is_linear=0
shrinkage=0.02


Tree=557
num_leaves=6
num_cat=0
split_feature=5 0 5 5 11
split_gain=0.164457 0.643973 0.453473 0.535529 0.291716
threshold=0.055000000000000084 0.55750000000000022 0.030000000000000002 0.0099999999999999829 0.60875707634060972
decision_type=2 2 2 2 2
left_child=2 -2 3 -1 -3
right_child=1 4 -4 -5 -6
leaf_value=-0.00013888165277869992 0.0013255367383404435 -0.0003567015938601425 -0.0010750421046696861 0.0011038343815863887 0.00063577352070631136
leaf_weight=1131 166 409 169 153 161
leaf_count=1131 166 409 169 153 161
internal_value=6.43103e-06 0.000249029 -0.000116887 1.29063e-05 -7.32801e-05
internal_weight=2189 736 1453 1284 570
internal_count=2189 736 1453 1284 570
is_linear=0
shrinkage=0.02


Tree=558
num_leaves=6
num_cat=0
split_feature=5 0 5 7 12
split_gain=0.163014 0.63667 0.4467 0.528755 0.289826
threshold=0.055000000000000084 0.55750000000000022 0.030000000000000002 -0.75896085734227436 -0.71000616126719407
decision_type=2 2 2 2 2
left_child=2 -2 3 -1 -3
right_child=1 4 -4 -5 -6
leaf_value=0.0008352021565351317 0.0013190253221631398 -0.00080837056945221356 -0.0010666394685448586 -0.00018571672392781152 0.00019998895098429989
leaf_weight=247 166 151 169 1037 419
leaf_count=247 166 151 169 1037 419
internal_value=7.11107e-06 0.000248641 -0.000115666 1.31529e-05 -7.18443e-05
internal_weight=2189 736 1453 1284 570
internal_count=2189 736 1453 1284 570
is_linear=0
shrinkage=0.02


Tree=559
num_leaves=6
num_cat=0
split_feature=7 7 13 7 5
split_gain=0.167018 0.777551 0.759243 0.693485 0.576727
threshold=-0.53672757228240564 -0.71998814116665588 0.19331488951359285 -0.33504394213048982 -0.12000000000000001
decision_type=2 2 8 2 2
left_child=1 2 -1 -2 -5
right_child=3 -3 -4 4 -6
leaf_value=-0.00078276929285796845 0.0012950372050144826 -0.0013225964994227379 0.00085419340030582706 0.00084805506009760561 -0.00022209928783757443
leaf_weight=187 173 189 272 240 1128
leaf_count=187 173 189 272 240 1128
internal_value=7.46936e-06 -0.000260741 0.000186034 0.000120732 -3.19483e-05
internal_weight=2189 648 459 1541 1368
internal_count=2189 648 459 1541 1368
is_linear=0
shrinkage=0.02


Tree=560
num_leaves=7
num_cat=0
split_feature=5 0 4 4 9 8
split_gain=0.166031 0.626186 0.447363 0.749355 0.536929 0.285705
threshold=0.055000000000000084 0.55750000000000022 0.040620192023179812 0.031124748994971852 -0.36181764398092403 0.63387932992119733
decision_type=2 2 2 2 2 2
left_child=2 -2 3 -1 -4 -3
right_child=1 5 4 -5 -6 -7
leaf_value=-0.00016070090246547914 0.0013123135222939022 -0.00043816122713756864 -0.0015319860644427367 0.0011857544130864828 -3.7987852119840679e-05 0.0004637616340686649
leaf_weight=868 166 336 167 199 219 234
leaf_count=868 166 336 167 199 219 234
internal_value=7.02953e-06 0.000250785 -0.000116879 9.4778e-05 -0.00069568 -6.70851e-05
internal_weight=2189 736 1453 1067 386 570
internal_count=2189 736 1453 1067 386 570
is_linear=0
shrinkage=0.02


Tree=561
num_leaves=7
num_cat=0
split_feature=5 0 4 4 9 12
split_gain=0.164819 0.619078 0.438695 0.732936 0.526893 0.280989
threshold=0.055000000000000084 0.55750000000000022 0.040620192023179812 0.031124748994971852 -0.36181764398092403 -0.71000616126719407
decision_type=2 2 2 2 2 2
left_child=2 -2 3 -1 -4 -3
right_child=1 5 4 -5 -6 -7
leaf_value=-0.00015900369733438656 0.0013058670727830186 -0.00079093083267649396 -0.0015175568874584251 0.0011726181306328405 -3.7587610297902883e-05 0.00020192202922771684
leaf_weight=868 166 151 167 199 219 419
leaf_count=868 166 151 167 199 219 419
internal_value=7.51935e-06 0.000250382 -0.000115937 9.36603e-05 -0.000689103 -6.56874e-05
internal_weight=2189 736 1453 1067 386 570
internal_count=2189 736 1453 1067 386 570
is_linear=0
shrinkage=0.02


Tree=562
num_leaves=6
num_cat=0
split_feature=5 0 5 5 8
split_gain=0.163433 0.612254 0.435552 0.53166 0.27799
threshold=0.055000000000000084 0.55750000000000022 0.030000000000000002 0.0099999999999999829 0.63387932992119733
decision_type=2 2 2 2 2
left_child=2 -2 3 -1 -3
right_child=1 4 -4 -5 -6
leaf_value=-0.00013903337303597423 0.0012994242960598038 -0.00043059898815541109 -0.0010540330671202178 0.0010991846406950227 0.00045905861715205546
leaf_weight=1131 166 336 169 153 234
leaf_count=1131 166 336 169 153 234
internal_value=7.93519e-06 0.000249774 -0.000115002 1.22027e-05 -6.45552e-05
internal_weight=2189 736 1453 1284 570
internal_count=2189 736 1453 1284 570
is_linear=0
shrinkage=0.02


Tree=563
num_leaves=6
num_cat=0
split_feature=8 1 1 2 11
split_gain=0.162356 0.391794 0.54547 0.505302 0.388802
threshold=0.70902032728097553 -0.64507896092290562 -1.5557202461387629 0.05830281901512905 0.10882993669133921
decision_type=2 2 2 2 2
left_child=1 2 -1 -3 -2
right_child=4 3 -4 -5 -6
leaf_value=0.00052163423237356319 0.0003416607363500207 0.00058449205165772783 -0.00070238051525731051 -0.00029172936689918764 -0.00099191120956675159
leaf_weight=211 157 802 445 387 187
leaf_count=211 157 802 445 387 187
internal_value=8.58296e-06 8.32048e-05 -0.000307713 0.000299269 -0.0003871
internal_weight=2189 1845 656 1189 344
internal_count=2189 1845 656 1189 344
is_linear=0
shrinkage=0.02


Tree=564
num_leaves=7
num_cat=0
split_feature=13 13 4 1 0 6
split_gain=0.161792 0.683589 0.752274 0.426836 0.995292 0.812523
threshold=0.076703014414507512 0.13965283492518399 0.043011626335213167 1.0448177854782881 0.60750000000000004 6.9937402960692037
decision_type=10 10 2 2 2 2
left_child=3 -2 -3 5 -5 -1
right_child=1 2 -4 4 -6 -7
leaf_value=0.00025702130546275255 -0.001164152398821371 0.00062344532739133478 -0.0010115397932992283 0.001943317646941831 -8.2869232614956684e-05 -0.0010044845268795534
leaf_weight=750 216 387 153 150 258 275
leaf_count=750 216 387 153 150 258 275
internal_value=8.88999e-06 -0.000226952 0.000155169 0.000133668 0.000676561 -8.46646e-05
internal_weight=2189 756 540 1433 408 1025
internal_count=2189 756 540 1433 408 1025
is_linear=0
shrinkage=0.02


Tree=565
num_leaves=6
num_cat=0
split_feature=5 0 5 7 11
split_gain=0.161567 0.598707 0.431597 0.520798 0.278509
threshold=0.055000000000000084 0.55750000000000022 0.030000000000000002 -0.75896085734227436 0.60875707634060972
decision_type=2 2 2 2 2
left_child=2 -2 3 -1 -3
right_child=1 4 -4 -5 -6
leaf_value=0.00082958543098472532 0.0012877847767048325 -0.00033805341657702721 -0.0010476302456153535 -0.00018362259084042412 0.00063166507671261771
leaf_weight=247 166 409 169 1037 161
leaf_count=247 166 409 169 1037 161
internal_value=9.36491e-06 0.000249816 -0.000112872 1.37477e-05 -6.10395e-05
internal_weight=2189 736 1453 1284 570
internal_count=2189 736 1453 1284 570
is_linear=0
shrinkage=0.02


Tree=566
num_leaves=6
num_cat=0
split_feature=7 12 7 5 13
split_gain=0.16263 1.13241 0.68438 0.570878 0.509093
threshold=-0.53672757228240564 -0.66749245881647024 -0.33504394213048982 -0.12000000000000001 0.21436319846336771
decision_type=2 2 2 2 10
left_child=1 -1 -2 -4 -3
right_child=2 4 3 -5 -6
leaf_value=0.0010943741356511472 0.001288041819614264 -0.0012527980803813726 0.00084531601264654671 -0.00021939704732250979 0.00010675250954756683
leaf_weight=176 173 301 240 1128 171
leaf_count=176 173 301 240 1128 171
internal_value=9.71329e-06 -0.000254956 0.000121473 -3.02072e-05 -0.000764293
internal_weight=2189 648 1541 1368 472
internal_count=2189 648 1541 1368 472
is_linear=0
shrinkage=0.02


Tree=567
num_leaves=4
num_cat=0
split_feature=0 7 1
split_gain=0.163447 0.245476 0.510182
threshold=0.24000000000000002 0.83715645691086571 1.6828604122544897
decision_type=2 2 2
left_child=-1 2 -2
right_child=1 -3 -4
leaf_value=-0.00055484913888342803 0.00026648222977045653 -0.00048007570977812755 -0.00086983277510047292
leaf_weight=183 1553 282 171
leaf_count=183 1553 282 171
internal_value=9.11366e-06 6.18135e-05 0.000151584
internal_weight=2189 2006 1724
internal_count=2189 2006 1724
is_linear=0
shrinkage=0.02


Tree=568
num_leaves=7
num_cat=0
split_feature=5 0 4 4 9 12
split_gain=0.165294 0.588226 0.425925 0.716349 0.514463 0.275712
threshold=0.055000000000000084 0.55750000000000022 0.040620192023179812 0.031124748994971852 -0.36181764398092403 -0.71000616126719407
decision_type=2 2 2 2 2 2
left_child=2 -2 3 -1 -4 -3
right_child=1 5 4 -5 -6 -7
leaf_value=-0.00015748019291265077 0.0012814670135553011 -0.00077399841653039831 -0.0014976014201204444 0.0011589868851325602 -3.523998006130569e-05 0.00020946094568572799
leaf_weight=868 166 151 167 199 219 419
leaf_count=868 166 151 167 199 219 419
internal_value=9.42136e-06 0.00025263 -0.000114217 9.2307e-05 -0.00067898 -5.55345e-05
internal_weight=2189 736 1453 1067 386 570
internal_count=2189 736 1453 1067 386 570
is_linear=0
shrinkage=0.02


Tree=569
num_leaves=6
num_cat=0
split_feature=5 0 5 5 8
split_gain=0.163817 0.581703 0.421581 0.521607 0.272287
threshold=0.055000000000000084 0.55750000000000022 0.030000000000000002 0.0099999999999999829 0.63387932992119733
decision_type=2 2 2 2 2
left_child=2 -2 3 -1 -3
right_child=1 4 -4 -5 -6
leaf_value=-0.0001379487790580524 0.0012750221967761139 -0.00041689167656769154 -0.0010371465323728392 0.0010885064105821561 0.00046357086808985744
leaf_weight=1131 166 336 169 153 234
leaf_count=1131 166 336 169 153 234
internal_value=9.78709e-06 0.000251906 -0.000113299 1.18497e-05 -5.45507e-05
internal_weight=2189 736 1453 1284 570
internal_count=2189 736 1453 1284 570
is_linear=0
shrinkage=0.02


Tree=570
num_leaves=7
num_cat=0
split_feature=5 0 4 4 9 11
split_gain=0.162251 0.57505 0.417211 0.701191 0.505006 0.269059
threshold=0.055000000000000084 0.55750000000000022 0.040620192023179812 0.031124748994971852 -0.36181764398092403 0.60875707634060972
decision_type=2 2 2 2 2 2
left_child=2 -2 3 -1 -4 -3
right_child=1 5 4 -5 -6 -7
leaf_value=-0.00015483161392925736 0.0012686098035430394 -0.00032567059152179223 -0.0014821114610653198 0.0011476352039322842 -3.3291334423535905e-05 0.00062743783260819062
leaf_weight=868 166 409 167 199 219 161
leaf_count=868 166 409 167 199 219 161
internal_value=1.0405e-05 0.000251362 -0.000112092 9.23037e-05 -0.00067105 -5.33443e-05
internal_weight=2189 736 1453 1067 386 570
internal_count=2189 736 1453 1067 386 570
is_linear=0
shrinkage=0.02


Tree=571
num_leaves=6
num_cat=0
split_feature=8 1 1 12 0
split_gain=0.161678 0.384495 0.539266 0.492308 0.363218
threshold=0.70902032728097553 -0.64507896092290562 -1.5557202461387629 -0.92241175199344083 0.46750000000000003
decision_type=2 2 2 2 2
left_child=1 2 -1 -3 -2
right_child=4 3 -4 -5 -6
leaf_value=0.00052255151149842684 0.00033259571550425679 -0.00075492214555701901 -0.00069444848210033444 0.00045437586345706293 -0.00095857414827705959
leaf_weight=211 154 150 445 1039 190
leaf_count=211 154 150 445 1039 190
internal_value=1.07956e-05 8.52566e-05 -0.000302013 0.000299293 -0.000384067
internal_weight=2189 1845 656 1189 344
internal_count=2189 1845 656 1189 344
is_linear=0
shrinkage=0.02


Tree=572
num_leaves=7
num_cat=0
split_feature=13 13 4 1 6 2
split_gain=0.159526 0.663747 0.714938 0.423496 0.791664 0.330373
threshold=0.076703014414507512 0.13965283492518399 0.043011626335213167 1.0448177854782881 6.9937402960692037 0.057433452482083883
decision_type=10 10 2 2 2 2
left_child=3 -2 -3 4 -1 -5
right_child=1 2 -4 5 -6 -7
leaf_value=0.00025428965369498491 -0.001147081897471825 0.00060944567918563646 -0.00098445772691452987 0.0011773755830950488 -0.00099091776280796958 3.6957912635117928e-05
leaf_weight=750 216 387 153 226 275 182
leaf_count=750 216 387 153 226 275 182
internal_value=1.06061e-05 -0.000223583 0.000152951 0.000134504 -8.29789e-05 0.000675266
internal_weight=2189 756 540 1433 1025 408
internal_count=2189 756 540 1433 1025 408
is_linear=0
shrinkage=0.02


Tree=573
num_leaves=6
num_cat=0
split_feature=8 11 8 8 13
split_gain=0.159193 0.384279 0.333696 0.484412 0.36918
threshold=0.70902032728097553 0.10882993669133921 0.62970646628472782 0.57551116111238565 -0.096739607861795543
decision_type=2 2 2 2 8
left_child=2 -2 3 -1 -4
right_child=1 -3 4 -5 -6
leaf_value=0.0001747433441288188 0.00034308835264743758 -0.00098264757873645688 0.0012218919122601794 -0.00065825170172351621 0.00014109506425147693
leaf_weight=841 157 187 178 412 414
leaf_count=841 157 187 178 412 414
internal_value=1.04735e-05 -0.000381341 8.43605e-05 -0.000100682 0.000473576
internal_weight=2189 344 1845 1253 592
internal_count=2189 344 1845 1253 592
is_linear=0
shrinkage=0.02


Tree=574
num_leaves=4
num_cat=0
split_feature=3 3 11
split_gain=0.158742 0.413948 0.611688
threshold=-1.4598709212088288 -1.0949930121206595 0.94334592595852951
decision_type=2 2 2
left_child=-1 -2 -3
right_child=1 2 -4
leaf_value=0.00050633309906433245 -0.00079802552057572028 0.00020517102188071456 -0.00094211923766810942
leaf_weight=226 251 1505 207
leaf_count=226 251 1505 207
internal_value=1.0368e-05 -4.78738e-05 6.41112e-05
internal_weight=2189 1963 1712
internal_count=2189 1963 1712
is_linear=0
shrinkage=0.02


Tree=575
num_leaves=6
num_cat=0
split_feature=5 0 5 7 8
split_gain=0.157234 0.568399 0.415601 0.516545 0.265776
threshold=0.055000000000000084 0.55750000000000022 0.030000000000000002 -0.75896085734227436 0.63387932992119733
decision_type=2 2 2 2 2
left_child=2 -2 3 -1 -3
right_child=1 4 -4 -5 -6
leaf_value=0.00082630815308740624 0.0012587018997806032 -0.0004135365464623548 -0.00102771306924265 -0.00018275389491156775 0.00045633881397654446
leaf_weight=247 166 336 169 1037 234
leaf_count=247 166 336 169 1037 234
internal_value=1.01482e-05 0.000247351 -0.00011044 1.38092e-05 -5.55669e-05
internal_weight=2189 736 1453 1284 570
internal_count=2189 736 1453 1284 570
is_linear=0
shrinkage=0.02


Tree=576
num_leaves=6
num_cat=0
split_feature=7 12 7 5 13
split_gain=0.157983 1.11071 0.675301 0.568423 0.495597
threshold=-0.53672757228240564 -0.66749245881647024 -0.33504394213048982 -0.12000000000000001 0.21436319846336771
decision_type=2 2 2 2 10
left_child=1 -1 -2 -4 -3
right_child=2 4 3 -5 -6
leaf_value=0.0010859270678905163 0.001279430441176414 -0.0012368194140292997 0.00084359262411349591 -0.00021882855971668507 0.00010460872586753051
leaf_weight=176 173 301 240 1128 171
leaf_count=176 173 301 240 1128 171
internal_value=1.04755e-05 -0.000250387 0.000120625 -3.00456e-05 -0.000754834
internal_weight=2189 648 1541 1368 472
internal_count=2189 648 1541 1368 472
is_linear=0
shrinkage=0.02


Tree=577
num_leaves=7
num_cat=0
split_feature=5 0 4 4 9 12
split_gain=0.15965 0.559548 0.407088 0.68516 0.491786 0.267984
threshold=0.055000000000000084 0.55750000000000022 0.040620192023179812 0.031124748994971852 -0.36181764398092403 -0.71000616126719407
decision_type=2 2 2 2 2 2
left_child=2 -2 3 -1 -4 -3
right_child=1 5 4 -5 -6 -7
leaf_value=-0.0001540244229827055 0.0012523305632871145 -0.00076003477431069589 -0.0014641492406371982 0.00113346553828759 -3.4382271639645168e-05 0.00020953734474529002
leaf_weight=868 166 151 167 199 219 419
leaf_count=868 166 151 167 199 219 419
internal_value=9.87023e-06 0.000248889 -0.00011164 9.02646e-05 -0.000663773 -5.16897e-05
internal_weight=2189 736 1453 1067 386 570
internal_count=2189 736 1453 1067 386 570
is_linear=0
shrinkage=0.02


Tree=578
num_leaves=6
num_cat=0
split_feature=5 0 5 5 11
split_gain=0.158183 0.55323 0.4061 0.514215 0.262913
threshold=0.055000000000000084 0.55750000000000022 0.030000000000000002 0.0099999999999999829 0.60875707634060972
decision_type=2 2 2 2 2
left_child=2 -2 3 -1 -3
right_child=1 4 -4 -5 -6
leaf_value=-0.00013665023220723092 0.0012458858085109999 -0.00031997013280330144 -0.001017470200299874 0.0010810840950359272 0.00062218411864869928
leaf_weight=1131 166 409 169 153 161
leaf_count=1131 166 409 169 153 161
internal_value=1.02088e-05 0.000248126 -0.000110743 1.20843e-05 -5.07566e-05
internal_weight=2189 736 1453 1284 570
internal_count=2189 736 1453 1284 570
is_linear=0
shrinkage=0.02


Tree=579
num_leaves=6
num_cat=0
split_feature=8 11 1 1 2
split_gain=0.157762 0.37575 0.375158 0.532616 0.478328
threshold=0.70902032728097553 0.10882993669133921 -0.64507896092290562 -1.5557202461387629 0.05830281901512905
decision_type=2 2 2 2 2
left_child=2 -2 3 -1 -4
right_child=1 -3 4 -5 -6
leaf_value=0.00052123172067459328 0.00033712182348496339 -0.00097385515308512068 0.00057324866884269157 -0.00068822568296131466 -0.00027929457669545498
leaf_weight=211 157 187 802 445 387
leaf_count=211 157 187 802 445 387
internal_value=1.07777e-05 -0.000379274 8.43312e-05 -0.000298208 0.000295752
internal_weight=2189 344 1845 656 1189
internal_count=2189 344 1845 656 1189
is_linear=0
shrinkage=0.02


Tree=580
num_leaves=4
num_cat=0
split_feature=1 1 11
split_gain=0.158669 0.396842 0.361833
threshold=-1.7211808224759986 -1.4173762108646724 0.94334592595852951
decision_type=2 2 2
left_child=-1 -2 -3
right_child=1 2 -4
leaf_value=-0.00059956360491923992 0.00096613970047408008 7.2770993687431272e-05 -0.00079923041303490484
leaf_weight=153 171 1655 210
leaf_count=153 171 1655 210
internal_value=1.10642e-05 5.83076e-05 -2.72913e-05
internal_weight=2189 2036 1865
internal_count=2189 2036 1865
is_linear=0
shrinkage=0.02


Tree=581
num_leaves=6
num_cat=0
split_feature=5 3 4 5 7
split_gain=0.156648 0.521339 0.654984 0.401541 0.511563
threshold=0.055000000000000084 -0.10448450521762365 0.039607448794387184 0.030000000000000002 -0.75896085734227436
decision_type=2 2 2 2 2
left_child=3 -2 -3 4 -1
right_child=1 2 -4 -5 -6
leaf_value=0.00082093569221638422 0.0012705042407919127 -0.00062329138433815494 0.00071275275806843678 -0.0010113985847210749 -0.00018324824102075894
leaf_weight=247 152 324 260 169 1037
leaf_count=247 152 324 260 169 1037
internal_value=1.05896e-05 0.000247349 -2.7476e-05 -0.000109775 1.23593e-05
internal_weight=2189 736 584 1453 1284
internal_count=2189 736 584 1453 1284
is_linear=0
shrinkage=0.02


Tree=582
num_leaves=7
num_cat=0
split_feature=13 13 4 1 0 6
split_gain=0.158299 0.638515 0.691369 0.412367 0.953152 0.778864
threshold=0.076703014414507512 0.13965283492518399 0.043011626335213167 1.0448177854782881 0.60750000000000004 6.9937402960692037
decision_type=10 10 2 2 2 2
left_child=3 -2 -3 5 -5 -1
right_child=1 2 -4 4 -6 -7
leaf_value=0.0002534141547142201 -0.0011289730697988251 0.00059507206178267911 -0.00097232001404796693 0.0019067514518335943 -7.6163618634153909e-05 -0.0009816838344226459
leaf_weight=750 216 387 153 150 258 275
leaf_count=750 216 387 153 150 258 275
internal_value=1.00776e-05 -0.000223208 0.000146132 0.000133499 0.000667108 -8.11105e-05
internal_weight=2189 756 540 1433 408 1025
internal_count=2189 756 540 1433 408 1025
is_linear=0
shrinkage=0.02


Tree=583
num_leaves=4
num_cat=0
split_feature=3 3 11
split_gain=0.156749 0.406269 0.593291
threshold=-1.4598709212088288 -1.0949930121206595 0.94334592595852951
decision_type=2 2 2
left_child=-1 -2 -3
right_child=1 2 -4
leaf_value=0.00050335756990881194 -0.00079052138475162789 0.00020250221429275511 -0.0009274038478275235
leaf_weight=226 251 1505 207
leaf_count=226 251 1505 207
internal_value=1.05154e-05 -4.73601e-05 6.35811e-05
internal_weight=2189 1963 1712
internal_count=2189 1963 1712
is_linear=0
shrinkage=0.02


Tree=584
num_leaves=6
num_cat=0
split_feature=7 12 7 13 13
split_gain=0.155761 1.08413 0.664298 0.550375 0.482618
threshold=-0.53672757228240564 -0.66749245881647024 -0.33504394213048982 0.041565524978673836 0.21436319846336771
decision_type=2 2 2 10 10
left_child=1 -1 -2 -4 -3
right_child=2 4 3 -5 -6
leaf_value=0.0010715160824523117 0.0012689938478850696 -0.0012227218322839368 0.0001402970488754204 -0.00096967385141664487 0.00010107901339572644
leaf_weight=176 173 301 1162 206 171
leaf_count=176 173 301 1162 206 171
internal_value=1.02953e-05 -0.000248727 0.000119668 -2.97702e-05 -0.000747092
internal_weight=2189 648 1541 1368 472
internal_count=2189 648 1541 1368 472
is_linear=0
shrinkage=0.02


Tree=585
num_leaves=4
num_cat=0
split_feature=5 0 13
split_gain=0.155739 0.330684 0.508742
threshold=-0.20999999999999991 0.28000000000000008 0.20661838876563146
decision_type=2 2 8
left_child=-1 -2 -3
right_child=1 2 -4
leaf_value=0.00060711786916255259 -0.00086326998376976796 -0.00012346298273720603 0.00070208736173508948
leaf_weight=157 172 1492 368
leaf_count=157 172 1492 368
internal_value=1.03048e-05 -3.71842e-05 4.13161e-05
internal_weight=2189 2032 1860
internal_count=2189 2032 1860
is_linear=0
shrinkage=0.02


Tree=586
num_leaves=6
num_cat=0
split_feature=8 11 1 1 12
split_gain=0.155521 0.365713 0.364165 0.521659 0.48594
threshold=0.70902032728097553 0.10882993669133921 -0.64507896092290562 -1.5557202461387629 -0.92241175199344083
decision_type=2 2 2 2 2
left_child=2 -2 3 -1 -4
right_child=1 -3 4 -5 -6
leaf_value=0.00051743877162354897 0.0003299135219788662 -0.0009634800405910937 -0.00075561897745055539 -0.00067949982091215333 0.00044578083967970652
leaf_weight=211 157 187 150 445 1039
leaf_count=211 157 187 150 445 1039
internal_value=1.03573e-05 -0.000376912 8.33871e-05 -0.000293507 0.000291687
internal_weight=2189 344 1845 656 1189
internal_count=2189 344 1845 656 1189
is_linear=0
shrinkage=0.02


Tree=587
num_leaves=4
num_cat=0
split_feature=1 1 11
split_gain=0.155598 0.391418 0.34666
threshold=-1.7211808224759986 -1.4173762108646724 0.94334592595852951
decision_type=2 2 2
left_child=-1 -2 -3
right_child=1 2 -4
leaf_value=-0.00059442835839323787 0.00095865195160678765 6.9980332289516626e-05 -0.00078354235123409782
leaf_weight=153 171 1655 210
leaf_count=153 171 1655 210
internal_value=1.02593e-05 5.70448e-05 -2.79648e-05
internal_weight=2189 2036 1865
internal_count=2189 2036 1865
is_linear=0
shrinkage=0.02


Tree=588
num_leaves=4
num_cat=0
split_feature=3 3 11
split_gain=0.154685 0.396868 0.572726
threshold=-1.4598709212088288 -1.0949930121206595 0.94334592595852951
decision_type=2 2 2
left_child=-1 -2 -3
right_child=1 2 -4
leaf_value=0.00049937951271684271 -0.00078221057440714509 0.00019844758672848275 -0.00091170293648006788
leaf_weight=226 251 1505 207
leaf_count=226 251 1505 207
internal_value=9.79289e-06 -4.76987e-05 6.19539e-05
internal_weight=2189 1963 1712
internal_count=2189 1963 1712
is_linear=0
shrinkage=0.02


Tree=589
num_leaves=6
num_cat=0
split_feature=7 12 7 5 13
split_gain=0.153942 1.05838 0.649211 0.571486 0.473402
threshold=-0.53672757228240564 -0.66749245881647024 -0.33504394213048982 -0.12000000000000001 0.21436319846336771
decision_type=2 2 2 2 10
left_child=1 -1 -2 -4 -3
right_child=2 4 3 -5 -6
leaf_value=0.0010565650291246933 0.0012545104282306444 -0.0012113881118753864 0.00084656497367600696 -0.00021871424838037471 9.9723077053733342e-05
leaf_weight=176 173 301 240 1128 171
leaf_count=176 173 301 240 1128 171
internal_value=9.57739e-06 -0.000247925 0.00011831 -2.94208e-05 -0.000740322
internal_weight=2189 648 1541 1368 472
internal_count=2189 648 1541 1368 472
is_linear=0
shrinkage=0.02


Tree=590
num_leaves=4
num_cat=0
split_feature=0 7 1
split_gain=0.155778 0.24424 0.503412
threshold=0.24000000000000002 0.83715645691086571 1.6828604122544897
decision_type=2 2 2
left_child=-1 2 -2
right_child=1 -3 -4
leaf_value=-0.00054158624664736674 0.00026411673349097602 -0.00048008313446341384 -0.00086463116391893315
leaf_weight=183 1553 282 171
leaf_count=183 1553 282 171
internal_value=8.98665e-06 6.04351e-05 0.000149982
internal_weight=2189 2006 1724
internal_count=2189 2006 1724
is_linear=0
shrinkage=0.02


Tree=591
num_leaves=7
num_cat=0
split_feature=5 0 4 4 9 11
split_gain=0.154557 0.542017 0.397284 0.667525 0.481425 0.269519
threshold=0.055000000000000084 0.55750000000000022 0.040620192023179812 0.031124748994971852 -0.36181764398092403 0.60875707634060972
decision_type=2 2 2 2 2 2
left_child=2 -2 3 -1 -4 -3
right_child=1 5 4 -5 -6 -7
leaf_value=-0.00015193013319391482 0.0012320661769188637 -0.00032393525253614669 -0.0014476073519624553 0.0011188824164256562 -3.3005629915611019e-05 0.00062998218224131434
leaf_weight=868 166 409 167 199 219 161
leaf_count=868 166 409 167 199 219 161
internal_value=9.29191e-06 0.000244469 -0.000110264 8.9195e-05 -0.000655708 -5.13603e-05
internal_weight=2189 736 1453 1067 386 570
internal_count=2189 736 1453 1067 386 570
is_linear=0
shrinkage=0.02


Tree=592
num_leaves=6
num_cat=0
split_feature=5 0 5 5 12
split_gain=0.153259 0.535742 0.394616 0.502654 0.264529
threshold=0.055000000000000084 0.55750000000000022 0.030000000000000002 0.0099999999999999829 -0.71000616126719407
decision_type=2 2 2 2 2
left_child=2 -2 3 -1 -3
right_child=1 4 -4 -5 -6
leaf_value=-0.00013535092536425458 0.0012257257370790196 -0.00075402739792107001 -0.0010031917054291772 0.0010686163986219634 0.0002092715994211107
leaf_weight=1131 166 151 169 153 419
leaf_count=1131 166 151 169 153 419
internal_value=9.6761e-06 0.000243862 -0.000109378 1.17011e-05 -5.02559e-05
internal_weight=2189 736 1453 1284 570
internal_count=2189 736 1453 1284 570
is_linear=0
shrinkage=0.02


Tree=593
num_leaves=4
num_cat=0
split_feature=6 11 11
split_gain=0.154353 0.335697 0.512066
threshold=5.7734328999469158 -0.96591891988149814 -0.7298473806936866
decision_type=2 2 2
left_child=-1 -2 -3
right_child=1 2 -4
leaf_value=-0.00050281432806514208 -0.00076931018225464371 0.00085431357791826315 -1.3519662596042499e-05
leaf_weight=207 171 328 1483
leaf_count=207 171 328 1483
internal_value=1.01978e-05 6.49072e-05 0.000145578
internal_weight=2189 1982 1811
internal_count=2189 1982 1811
is_linear=0
shrinkage=0.02


Tree=594
num_leaves=6
num_cat=0
split_feature=8 1 1 2 11
split_gain=0.152327 0.359161 0.513162 0.471242 0.355964
threshold=0.70902032728097553 -0.64507896092290562 -1.5557202461387629 0.05830281901512905 0.10882993669133921
decision_type=2 2 2 2 2
left_child=1 2 -1 -3 -2
right_child=4 3 -4 -5 -6
leaf_value=0.0005124027647037076 0.00032419401887131649 0.0005646786991682232 -0.00067475414260083604 -0.00028149841971530898 -0.00095186525800575812
leaf_weight=211 157 802 445 387 187
leaf_count=211 157 802 445 387 187
internal_value=1.00954e-05 8.23719e-05 -0.000291922 0.000289236 -0.000373177
internal_weight=2189 1845 656 1189 344
internal_count=2189 1845 656 1189 344
is_linear=0
shrinkage=0.02


Tree=595
num_leaves=4
num_cat=0
split_feature=1 1 1
split_gain=0.153315 0.380061 0.343618
threshold=-1.7211808224759986 -1.4173762108646724 -1.1423723315208596
decision_type=2 2 2
left_child=-1 -2 -3
right_child=1 2 -4
leaf_value=-0.00058985749149807038 0.0009452482134590602 -0.0009194228976826431 5.5253776300201667e-05
leaf_weight=153 171 153 1712
leaf_count=153 171 153 1712
internal_value=1.03774e-05 5.6818e-05 -2.69508e-05
internal_weight=2189 2036 1865
internal_count=2189 2036 1865
is_linear=0
shrinkage=0.02


Tree=596
num_leaves=5
num_cat=0
split_feature=5 8 0 11
split_gain=0.153776 0.316776 0.497566 0.286767
threshold=-0.20999999999999991 0.70902032728097553 0.29000000000000009 0.12659573043494146
decision_type=2 2 2 2
left_child=-1 2 -2 -3
right_child=1 3 -4 -5
leaf_value=0.00060307819387768783 -0.00092686866045872261 3.2863310508189663e-05 0.0001871818228561797 -0.0011562190968106734
leaf_weight=157 174 150 1537 171
leaf_count=157 174 150 1537 171
internal_value=1.00377e-05 -3.71506e-05 7.1518e-05 -0.000608591
internal_weight=2189 2032 1711 321
internal_count=2189 2032 1711 321
is_linear=0
shrinkage=0.02


Tree=597
num_leaves=4
num_cat=0
split_feature=6 11 11
split_gain=0.152517 0.329538 0.498441
threshold=5.7734328999469158 -0.96591891988149814 -0.7298473806936866
decision_type=2 2 2
left_child=-1 -2 -3
right_child=1 2 -4
leaf_value=-0.00049996643540238582 -0.00076216141559019553 0.00084353823876291559 -1.2673731435306861e-05
leaf_weight=207 171 328 1483
leaf_count=207 171 328 1483
internal_value=9.9847e-06 6.4368e-05 0.000144295
internal_weight=2189 1982 1811
internal_count=2189 1982 1811
is_linear=0
shrinkage=0.02


Tree=598
num_leaves=4
num_cat=0
split_feature=3 3 11
split_gain=0.152299 0.38823 0.561763
threshold=-1.4598709212088288 -1.0949930121206595 0.94334592595852951
decision_type=2 2 2
left_child=-1 -2 -3
right_child=1 2 -4
leaf_value=0.00049568068951739248 -0.00077363734530536024 0.00019647105508530205 -0.00090300212109039701
leaf_weight=226 251 1505 207
leaf_count=226 251 1505 207
internal_value=9.88419e-06 -4.71628e-05 6.12899e-05
internal_weight=2189 1963 1712
internal_count=2189 1963 1712
is_linear=0
shrinkage=0.02


Tree=599
num_leaves=7
num_cat=0
split_feature=4 4 6 6 11 7
split_gain=0.150555 0.583958 0.820383 0.577582 0.56774 0.644522
threshold=0.022360679774997932 0.012990381056766588 6.3763187007330879 6.9070250122021024 -0.047505974168386061 0.64893677003572325
decision_type=2 2 2 2 2 2
left_child=1 2 -1 -3 -2 -6
right_child=4 3 -4 -5 5 -7
leaf_value=-0.00078171760063801266 0.00055895714719886714 -0.00013579380588257166 0.0010243408172391356 -0.0016211402329709933 -0.00061799308218496668 0.00080112567088397888
leaf_weight=158 657 278 259 164 507 166
leaf_count=158 657 278 259 164 507 166
internal_value=9.66879e-06 -0.000196061 0.000338877 -0.000698887 0.000142779 -0.000264631
internal_weight=2189 859 417 442 1330 673
internal_count=2189 859 417 442 1330 673
is_linear=0
shrinkage=0.02


Tree=600
num_leaves=4
num_cat=0
split_feature=9 1 1
split_gain=0.151794 0.310832 0.35774
threshold=1.2683162636658116 -1.5557202461387629 -1.156346299127889
decision_type=2 2 2
left_child=1 -1 -3
right_child=-2 2 -4
leaf_value=0.00075042579565064832 -0.00049770187566870109 -0.0008234032885637134 7.4957629946305969e-05
leaf_weight=228 208 195 1558
leaf_count=228 208 195 1558
internal_value=9.71597e-06 6.41125e-05 -2.70318e-05
internal_weight=2189 1981 1753
internal_count=2189 1981 1753
is_linear=0
shrinkage=0.02


Tree=601
num_leaves=4
num_cat=0
split_feature=1 1 1
split_gain=0.154043 0.371595 0.329974
threshold=-1.7211808224759986 -1.4173762108646724 -1.1423723315208596
decision_type=2 2 2
left_child=-1 -2 -3
right_child=1 2 -4
leaf_value=-0.00059204753889861416 0.00093464208660985944 -0.00090124185627349948 5.3888481739211053e-05
leaf_weight=153 171 153 1712
leaf_count=153 171 153 1712
internal_value=9.60976e-06 5.61623e-05 -2.66683e-05
internal_weight=2189 2036 1865
internal_count=2189 2036 1865
is_linear=0
shrinkage=0.02


Tree=602
num_leaves=4
num_cat=0
split_feature=1 1 11
split_gain=0.150784 0.361843 0.323927
threshold=-1.7211808224759986 -1.4173762108646724 0.94334592595852951
decision_type=2 2 2
left_child=-1 -2 -3
right_child=1 2 -4
leaf_value=-0.00058597719035431142 0.00092221558654934858 6.8280434649060196e-05 -0.00075678169090560702
leaf_weight=153 171 1655 210
leaf_count=153 171 1655 210
internal_value=9.28122e-06 5.53392e-05 -2.63971e-05
internal_weight=2189 2036 1865
internal_count=2189 2036 1865
is_linear=0
shrinkage=0.02


Tree=603
num_leaves=5
num_cat=0
split_feature=5 8 0 6
split_gain=0.150106 0.31103 0.486119 0.289443
threshold=-0.20999999999999991 0.70902032728097553 0.29000000000000009 6.6952424924141409
decision_type=2 2 2 2
left_child=-1 2 -2 -3
right_child=1 3 -4 -5
leaf_value=0.00059476074942295658 -0.00091693297004356118 1.3843518437495754e-05 0.00018422700648483532 -0.0011784099315750528
leaf_weight=157 174 157 1537 164
leaf_count=157 174 157 1537 164
internal_value=8.83758e-06 -3.77818e-05 6.98992e-05 -0.000604014
internal_weight=2189 2032 1711 321
internal_count=2189 2032 1711 321
is_linear=0
shrinkage=0.02


Tree=604
num_leaves=6
num_cat=0
split_feature=12 3 0 4 7
split_gain=0.149683 0.585155 0.374555 0.627057 0.454697
threshold=0.79334766778371346 0.57735026918963117 0.38000000000000006 0.031124748994971852 -0.35355847098313314
decision_type=2 2 2 2 2
left_child=2 -2 4 -4 -1
right_child=1 -3 3 -5 -6
leaf_value=-0.0011337778403727131 -0.00083729308368354991 0.00067797505392287022 -0.00011646572601866499 0.00077989397986802161 0.00011227708470491704
leaf_weight=188 291 151 716 547 296
leaf_count=188 291 151 716 547 296
internal_value=8.85657e-06 -0.00031784 9.21838e-05 0.000273288 -0.000378372
internal_weight=2189 442 1747 1263 484
internal_count=2189 442 1747 1263 484
is_linear=0
shrinkage=0.02


Tree=605
num_leaves=5
num_cat=0
split_feature=4 4 4 13
split_gain=0.150566 0.587573 0.542123 0.335664
threshold=0.011180339887498969 0.0070710678118654927 0.017853571071357096 -0.22161945224368859
decision_type=2 2 2 8
left_child=1 -1 -2 -4
right_child=2 -3 3 -5
leaf_value=-0.00041200956768118485 -0.00089056219281869299 0.0011823963198703943 0.0009258162089160638 -2.2737008881973922e-05
leaf_weight=183 266 178 162 1400
leaf_count=183 266 178 162 1400
internal_value=9.22707e-06 0.000379565 -6.47444e-05 7.82807e-05
internal_weight=2189 361 1828 1562
internal_count=2189 361 1828 1562
is_linear=0
shrinkage=0.02


Tree=606
num_leaves=4
num_cat=0
split_feature=9 1 6
split_gain=0.150749 0.315352 0.366559
threshold=1.2683162636658116 1.7216747252834843 6.8993853228981452
decision_type=2 2 2
left_child=1 2 -1
right_child=-2 -3 -4
leaf_value=0.00035707963240884887 -0.00049660702087334909 -0.00076341629268728288 -0.00022951810617033517
leaf_weight=1144 208 164 673
leaf_count=1144 208 164 673
internal_value=9.05951e-06 6.32698e-05 0.000139776
internal_weight=2189 1981 1817
internal_count=2189 1981 1817
is_linear=0
shrinkage=0.02


Tree=607
num_leaves=4
num_cat=0
split_feature=6 11 11
split_gain=0.150925 0.325755 0.481564
threshold=5.7734328999469158 -0.96591891988149814 -0.7298473806936866
decision_type=2 2 2
left_child=-1 -2 -3
right_child=1 2 -4
leaf_value=-0.00049830388804932815 -0.00075869090749289508 0.00082984947505079819 -1.1744625307885574e-05
leaf_weight=207 171 328 1483
leaf_count=207 171 328 1483
internal_value=8.97623e-06 6.30771e-05 0.000142546
internal_weight=2189 1982 1811
internal_count=2189 1982 1811
is_linear=0
shrinkage=0.02


Tree=608
num_leaves=4
num_cat=0
split_feature=3 3 11
split_gain=0.148421 0.380151 0.541917
threshold=-1.4598709212088288 -1.0949930121206595 0.94334592595852951
decision_type=2 2 2
left_child=-1 -2 -3
right_child=1 2 -4
leaf_value=0.00048845918079056005 -0.00076630201559510166 0.0001926652719152032 -0.00088721250869193164
leaf_weight=226 251 1505 207
leaf_count=226 251 1505 207
internal_value=8.88617e-06 -4.74277e-05 5.98926e-05
internal_weight=2189 1963 1712
internal_count=2189 1963 1712
is_linear=0
shrinkage=0.02


Tree=609
num_leaves=5
num_cat=0
split_feature=5 8 0 6
split_gain=0.149185 0.305058 0.464341 0.283791
threshold=-0.20999999999999991 0.70902032728097553 0.29000000000000009 6.6952424924141409
decision_type=2 2 2 2
left_child=-1 2 -2 -3
right_child=1 3 -4 -5
leaf_value=0.00059280643654796062 -0.0008956259536666161 1.3247264123717208e-05 0.0001805857599577921 -0.0011673219367509058
leaf_weight=157 174 157 1537 164
leaf_count=157 174 157 1537 164
internal_value=8.68254e-06 -3.77934e-05 6.88498e-05 -0.000598562
internal_weight=2189 2032 1711 321
internal_count=2189 2032 1711 321
is_linear=0
shrinkage=0.02


Tree=610
num_leaves=4
num_cat=0
split_feature=6 11 11
split_gain=0.148664 0.319211 0.499361
threshold=5.7734328999469158 -0.96117143663587512 -0.7298473806936866
decision_type=2 2 2
left_child=-1 -2 -3
right_child=1 2 -4
leaf_value=-0.00049477099436598848 -0.00072440642305714566 0.00085763660696825381 -1.1241928689067267e-05
leaf_weight=207 182 317 1483
leaf_count=207 182 317 1483
internal_value=8.69441e-06 6.2389e-05 0.000143729
internal_weight=2189 1982 1800
internal_count=2189 1982 1800
is_linear=0
shrinkage=0.02


Tree=611
num_leaves=4
num_cat=0
split_feature=1 1 1
split_gain=0.147919 0.358615 0.319262
threshold=-1.7211808224759986 -1.4173762108646724 -1.1423723315208596
decision_type=2 2 2
left_child=-1 -2 -3
right_child=1 2 -4
leaf_value=-0.00058097879461283929 0.0009172161194411191 -0.00088741395530391105 5.2086684157058652e-05
leaf_weight=153 171 153 1712
leaf_count=153 171 153 1712
internal_value=8.59472e-06 5.42143e-05 -2.71543e-05
internal_weight=2189 2036 1865
internal_count=2189 2036 1865
is_linear=0
shrinkage=0.02


Tree=612
num_leaves=5
num_cat=0
split_feature=9 4 7 4
split_gain=0.147161 0.281442 0.631428 0.630509
threshold=1.2683162636658116 0.022360679774997932 0.49472841759379688 0.011180339887498969
decision_type=2 2 2 2
left_child=1 3 -3 -1
right_child=-2 2 -4 -5
leaf_value=0.00042525978284904702 -0.00049132842572729497 -1.5195089335584282e-05 0.0010310300189941639 -0.00072233906341328592
leaf_weight=329 208 902 305 445
leaf_count=329 208 902 305 445
internal_value=8.28104e-06 6.18437e-05 0.000252341 -0.000234937
internal_weight=2189 1981 1207 774
internal_count=2189 1981 1207 774
is_linear=0
shrinkage=0.02


Tree=613
num_leaves=4
num_cat=0
split_feature=4 5 6
split_gain=0.147261 0.329898 0.38861
threshold=0.067961386095340942 0.16250000000000003 5.7734328999469158
decision_type=2 2 2
left_child=1 2 -1
right_child=-2 -3 -4
leaf_value=-0.00094594054268507747 -0.00056244579143822199 0.0007943035840677719 6.085224118225002e-05
leaf_weight=164 162 211 1652
leaf_count=164 162 211 1652
internal_value=8.48192e-06 5.53828e-05 -3.24172e-05
internal_weight=2189 2027 1816
internal_count=2189 2027 1816
is_linear=0
shrinkage=0.02


Tree=614
num_leaves=6
num_cat=0
split_feature=12 3 0 4 9
split_gain=0.146565 0.567188 0.361872 0.61264 0.435317
threshold=0.79334766778371346 0.57735026918963117 0.38000000000000006 0.031124748994971852 -0.10623024841296611
decision_type=2 2 2 2 2
left_child=2 -2 4 -4 -1
right_child=1 -3 3 -5 -6
leaf_value=-0.0010212120452446729 -0.00082648747281259484 0.00066535867102897903 -0.00011658376781269909 0.00076940465232020372 0.00017371714323747225
leaf_weight=219 291 151 716 547 265
leaf_count=219 291 151 716 547 265
internal_value=8.18699e-06 -0.000315088 9.0643e-05 0.000268655 -0.000371877
internal_weight=2189 442 1747 1263 484
internal_count=2189 442 1747 1263 484
is_linear=0
shrinkage=0.02


Tree=615
num_leaves=5
num_cat=0
split_feature=5 8 0 11
split_gain=0.148626 0.300364 0.443499 0.280304
threshold=-0.20999999999999991 0.70902032728097553 0.29000000000000009 0.12659573043494146
decision_type=2 2 2 2
left_child=-1 2 -2 -3
right_child=1 3 -4 -5
leaf_value=0.00059157419234199757 -0.0008746078027335552 3.9672983524900284e-05 0.00017717589452245484 -0.0011357076032701033
leaf_weight=157 174 150 1537 171
leaf_count=157 174 150 1537 171
internal_value=8.54614e-06 -3.78423e-05 6.79781e-05 -0.00059428
internal_weight=2189 2032 1711 321
internal_count=2189 2032 1711 321
is_linear=0
shrinkage=0.02


Tree=616
num_leaves=4
num_cat=0
split_feature=3 3 11
split_gain=0.147664 0.367707 0.52989
threshold=-1.4598709212088288 -1.0949930121206595 0.94334592595852951
decision_type=2 2 2
left_child=-1 -2 -3
right_child=1 2 -4
leaf_value=0.00048684230358521271 -0.0007546844323405821 0.00018917117428901106 -0.00087865368124835619
leaf_weight=226 251 1505 207
leaf_count=226 251 1505 207
internal_value=8.49373e-06 -4.76755e-05 5.78765e-05
internal_weight=2189 1963 1712
internal_count=2189 1963 1712
is_linear=0
shrinkage=0.02


Tree=617
num_leaves=4
num_cat=0
split_feature=4 5 6
split_gain=0.147401 0.315038 0.381808
threshold=0.067961386095340942 0.16250000000000003 5.7734328999469158
decision_type=2 2 2
left_child=1 2 -1
right_child=-2 -3 -4
leaf_value=-0.00093607893073104716 -0.00056290228318556874 0.00077730487790648593 6.1862246900871084e-05
leaf_weight=164 162 211 1652
leaf_count=164 162 211 1652
internal_value=8.29607e-06 5.52196e-05 -3.0583e-05
internal_weight=2189 2027 1816
internal_count=2189 2027 1816
is_linear=0
shrinkage=0.02


Tree=618
num_leaves=6
num_cat=0
split_feature=11 11 8 11 8
split_gain=0.147378 0.870732 0.691969 0.874349 0.523933
threshold=0.45819713574987614 0.12659573043494146 0.57051972402662965 0.93189648440777262 0.63387932992119733
decision_type=2 2 2 2 2
left_child=1 4 -2 -4 -1
right_child=2 -3 3 -5 -6
leaf_value=-0.00022592080031878713 0.00098094086447402689 -0.0011849412427283824 0.00041210486868571212 -0.0013330187354888259 0.00063793491282608712
leaf_weight=707 296 245 304 178 459
leaf_count=707 296 245 304 178 459
internal_value=8.00914e-06 -0.000113764 0.000228175 -0.000239429 0.000115411
internal_weight=2189 1411 778 482 1166
internal_count=2189 1411 778 482 1166
is_linear=0
shrinkage=0.02


Tree=619
num_leaves=5
num_cat=0
split_feature=5 8 0 6
split_gain=0.146665 0.296184 0.432196 0.282299
threshold=-0.20999999999999991 0.70902032728097553 0.29000000000000009 6.6952424924141409
decision_type=2 2 2 2
left_child=-1 2 -2 -3
right_child=1 3 -4 -5
leaf_value=0.00058731554468438314 -0.00086334881044965877 1.9516179763516526e-05 0.00017494525271535811 -0.0011577512504059005
leaf_weight=157 174 157 1537 164
leaf_count=157 174 157 1537 164
internal_value=8.14627e-06 -3.79343e-05 6.71481e-05 -0.000590486
internal_weight=2189 2032 1711 321
internal_count=2189 2032 1711 321
is_linear=0
shrinkage=0.02


Tree=620
num_leaves=5
num_cat=0
split_feature=1 1 0 8
split_gain=0.145777 0.404443 0.919254 0.499715
threshold=1.6961643565743085 1.0448177854782881 0.63000000000000012 0.53367766718687648
decision_type=2 2 2 2
left_child=1 3 -3 -1
right_child=-2 2 -4 -5
leaf_value=-0.00065506732515219993 -0.00049972810432678317 0.0017615568707416574 -0.00024870586001734233 0.00013588897472377435
leaf_weight=430 200 161 199 1199
leaf_count=430 200 161 199 1199
internal_value=8.15598e-06 6.03503e-05 0.000662144 -7.42619e-05
internal_weight=2189 1989 360 1629
internal_count=2189 1989 360 1629
is_linear=0
shrinkage=0.02


Tree=621
num_leaves=5
num_cat=0
split_feature=4 4 4 12
split_gain=0.145723 0.576047 0.52233 0.328175
threshold=0.011180339887498969 0.0070710678118654927 0.017853571071357096 0.89504790149260949
decision_type=2 2 2 2
left_child=1 -1 -2 -4
right_child=2 -3 3 -5
leaf_value=-0.00041066658826782661 -0.00087465617029903618 0.0011679888056728561 0.00019876971017167619 -0.000604755611003687
leaf_weight=183 266 178 1327 235
leaf_count=183 266 178 1327 235
internal_value=8.71683e-06 0.000373051 -6.40545e-05 7.63369e-05
internal_weight=2189 361 1828 1562
internal_count=2189 361 1828 1562
is_linear=0
shrinkage=0.02


Tree=622
num_leaves=4
num_cat=0
split_feature=3 3 11
split_gain=0.145044 0.359369 0.515272
threshold=-1.4598709212088288 -1.0949930121206595 0.94334592595852951
decision_type=2 2 2
left_child=-1 -2 -3
right_child=1 2 -4
leaf_value=0.00048271636254843572 -0.00074598732009690139 0.00018677864851580781 -0.00086621447615676888
leaf_weight=226 251 1505 207
leaf_count=226 251 1505 207
internal_value=8.62945e-06 -4.70399e-05 5.73083e-05
internal_weight=2189 1963 1712
internal_count=2189 1963 1712
is_linear=0
shrinkage=0.02


Tree=623
num_leaves=4
num_cat=0
split_feature=9 1 6
split_gain=0.144996 0.313221 0.363836
threshold=1.2683162636658116 1.7216747252834843 6.8993853228981452
decision_type=2 2 2
left_child=1 2 -1
right_child=-2 -3 -4
leaf_value=0.00035434696764390984 -0.00048748922370321732 -0.0007622827911548339 -0.0002300644349437317
leaf_weight=1144 208 164 673
leaf_count=1144 208 164 673
internal_value=8.43208e-06 6.15988e-05 0.000137849
internal_weight=2189 1981 1817
internal_count=2189 1981 1817
is_linear=0
shrinkage=0.02


Tree=624
num_leaves=6
num_cat=0
split_feature=11 11 8 11 8
split_gain=0.143761 0.849836 0.681193 0.850019 0.512676
threshold=0.45819713574987614 0.12659573043494146 0.57051972402662965 0.93189648440777262 0.63387932992119733
decision_type=2 2 2 2 2
left_child=1 4 -2 -4 -1
right_child=2 -3 3 -5 -6
leaf_value=-0.00022315532042320525 0.00097268497854458838 -0.0011701619401574134 0.00040428796048429841 -0.0013163960836013483 0.00063137091395188251
leaf_weight=707 296 245 304 178 459
leaf_count=707 296 245 304 178 459
internal_value=8.35538e-06 -0.000111915 0.000225802 -0.000238143 0.000114491
internal_weight=2189 1411 778 482 1166
internal_count=2189 1411 778 482 1166
is_linear=0
shrinkage=0.02


Tree=625
num_leaves=5
num_cat=0
split_feature=5 8 0 6
split_gain=0.143455 0.292716 0.419996 0.276726
threshold=-0.20999999999999991 0.70902032728097553 0.29000000000000009 6.6952424924141409
decision_type=2 2 2 2
left_child=-1 2 -2 -3
right_child=1 3 -4 -5
leaf_value=0.00058128099545066091 -0.00084990020200100273 1.7606465355780576e-05 0.00017363637133218209 -0.0011480336837586258
leaf_weight=157 174 157 1537 164
leaf_count=157 174 157 1537 164
internal_value=8.48552e-06 -3.7089e-05 6.73748e-05 -0.000586397
internal_weight=2189 2032 1711 321
internal_count=2189 2032 1711 321
is_linear=0
shrinkage=0.02


Tree=626
num_leaves=4
num_cat=0
split_feature=1 1 1
split_gain=0.142741 0.358488 0.306007
threshold=-1.7211808224759986 -1.4173762108646724 -1.1423723315208596
decision_type=2 2 2
left_child=-1 -2 -3
right_child=1 2 -4
leaf_value=-0.0005706758753549826 0.00091614993109198465 -0.0008702596510418609 4.9531990122516525e-05
leaf_weight=153 171 153 1712
leaf_count=153 171 153 1712
internal_value=8.48724e-06 5.33012e-05 -2.80506e-05
internal_weight=2189 2036 1865
internal_count=2189 2036 1865
is_linear=0
shrinkage=0.02


Tree=627
num_leaves=4
num_cat=0
split_feature=3 6 12
split_gain=0.142456 0.357421 0.429557
threshold=-1.4598709212088288 5.7734328999469158 -0.42607537243983401
decision_type=2 2 2
left_child=-1 -2 -3
right_child=1 2 -4
leaf_value=0.00047801472550032271 -0.00085515362657322949 0.00045438226027667936 -0.00019167314774289087
leaf_weight=226 192 641 1130
leaf_count=226 192 641 1130
internal_value=8.17596e-06 -4.69936e-05 4.27826e-05
internal_weight=2189 1963 1771
internal_count=2189 1963 1771
is_linear=0
shrinkage=0.02


Tree=628
num_leaves=5
num_cat=0
split_feature=4 9 3 3
split_gain=0.142232 0.271721 0.482289 0.467524
threshold=0.067961386095340942 0.68957964053149101 1.4142135623730958 0.33032974099227724
decision_type=2 2 2 2
left_child=1 2 -1 -3
right_child=-2 3 -4 -5
leaf_value=0.00034115065720198838 -0.00055297929271470067 0.00020350991026129336 -0.00081297773194908196 -0.00089093741794165813
leaf_weight=1246 162 342 159 280
leaf_count=1246 162 342 159 280
internal_value=8.11502e-06 5.42086e-05 0.000208121 -0.000292343
internal_weight=2189 2027 1405 622
internal_count=2189 2027 1405 622
is_linear=0
shrinkage=0.02


Tree=629
num_leaves=6
num_cat=0
split_feature=7 12 7 5 13
split_gain=0.142475 1.02035 0.640272 0.574689 0.495059
threshold=-0.53672757228240564 -0.66749245881647024 -0.33504394213048982 -0.12000000000000001 0.21436319846336771
decision_type=2 2 2 2 10
left_child=1 -1 -2 -4 -3
right_child=2 4 3 -5 -6
leaf_value=0.0010411223835563956 0.0012410063587463974 -0.0012049443749452217 0.00084441478052461633 -0.00022384901755266034 0.00013499224391787059
leaf_weight=176 173 301 240 1128 171
leaf_count=176 173 301 240 1128 171
internal_value=8.04404e-06 -0.00023968 0.000112652 -3.40417e-05 -0.000723175
internal_weight=2189 648 1541 1368 472
internal_count=2189 648 1541 1368 472
is_linear=0
shrinkage=0.02


Tree=630
num_leaves=4
num_cat=0
split_feature=1 1 1
split_gain=0.142396 0.3418 0.306382
threshold=-1.7211808224759986 -1.4173762108646724 -1.1423723315208596
decision_type=2 2 2
left_child=-1 -2 -3
right_child=1 2 -4
leaf_value=-0.00057098969495914225 0.00089475817401597107 -0.00086993119297725961 5.0423810636569367e-05
leaf_weight=153 171 153 1712
leaf_count=153 171 153 1712
internal_value=7.4702e-06 5.22322e-05 -2.7204e-05
internal_weight=2189 2036 1865
internal_count=2189 2036 1865
is_linear=0
shrinkage=0.02


Tree=631
num_leaves=6
num_cat=0
split_feature=11 11 8 11 8
split_gain=0.141551 0.830895 0.664913 0.831029 0.503295
threshold=0.45819713574987614 0.12659573043494146 0.57051972402662965 0.93189648440777262 0.63387932992119733
decision_type=2 2 2 2 2
left_child=1 4 -2 -4 -1
right_child=2 -3 3 -5 -6
leaf_value=-0.00022282498228276055 0.00096084942337298809 -0.001158550343774259 0.00039979250956941574 -0.0013015627023087093 0.00062384287007795326
leaf_weight=707 296 245 304 178 459
leaf_count=707 296 245 304 178 459
internal_value=7.17398e-06 -0.000112165 0.000222945 -0.000235421 0.000111709
internal_weight=2189 1411 778 482 1166
internal_count=2189 1411 778 482 1166
is_linear=0
shrinkage=0.02


Tree=632
num_leaves=7
num_cat=0
split_feature=5 0 4 4 9 11
split_gain=0.141841 0.527903 0.410029 0.63752 0.467848 0.279033
threshold=0.055000000000000084 0.55750000000000022 0.040620192023179812 0.031124748994971852 -0.36181764398092403 0.60875707634060972
decision_type=2 2 2 2 2 2
left_child=2 -2 3 -1 -4 -3
right_child=1 5 4 -5 -6 -7
leaf_value=-0.00014028017954850988 0.0012072830798638145 -0.00033655075464906071 -0.0014420054474477331 0.0011016615801810415 -4.7138621594058352e-05 0.00063407492249536459
leaf_weight=868 166 409 167 199 219 161
leaf_count=868 166 409 167 199 219 161
internal_value=7.32006e-06 0.000232618 -0.000107208 9.54052e-05 -0.00066134 -5.92619e-05
internal_weight=2189 736 1453 1067 386 570
internal_count=2189 736 1453 1067 386 570
is_linear=0
shrinkage=0.02


Tree=633
num_leaves=4
num_cat=0
split_feature=9 1 1
split_gain=0.140795 0.304379 0.34038
threshold=1.2683162636658116 -1.5557202461387629 -1.156346299127889
decision_type=2 2 2
left_child=1 -1 -3
right_child=-2 2 -4
leaf_value=0.00073927159227286932 -0.00048095839587805416 -0.00080686875468818475 6.9427414965303396e-05
leaf_weight=228 208 195 1558
leaf_count=228 208 195 1558
internal_value=7.72445e-06 6.01166e-05 -3.00675e-05
internal_weight=2189 1981 1753
internal_count=2189 1981 1753
is_linear=0
shrinkage=0.02


Tree=634
num_leaves=4
num_cat=0
split_feature=1 1 1
split_gain=0.141192 0.330967 0.294325
threshold=-1.7211808224759986 -1.4173762108646724 -1.1423723315208596
decision_type=2 2 2
left_child=-1 -2 -3
right_child=1 2 -4
leaf_value=-0.00056836902057822748 0.00088127864109331059 -0.00085193816873044531 5.0125226727102037e-05
leaf_weight=153 171 153 1712
leaf_count=153 171 153 1712
internal_value=7.63971e-06 5.22116e-05 -2.59579e-05
internal_weight=2189 2036 1865
internal_count=2189 2036 1865
is_linear=0
shrinkage=0.02


Tree=635
num_leaves=7
num_cat=0
split_feature=5 3 4 4 7 9
split_gain=0.140111 0.514534 0.64751 0.402434 0.635431 0.460478
threshold=0.055000000000000084 -0.10448450521762365 0.039607448794387184 0.040620192023179812 -0.32042303942549116 -0.36181764398092403
decision_type=2 2 2 2 2 2
left_child=3 -2 -3 4 -1 -5
right_child=1 2 -4 5 -6 -7
leaf_value=0.00069091663590446772 0.001247732322588919 -0.00063393266704556248 0.00069447886472005598 -0.0014299489005988595 -0.00030149895554603534 -4.6128261934167569e-05
leaf_weight=424 152 324 260 167 643 219
leaf_count=424 152 324 260 167 643 219
internal_value=7.34503e-06 0.000231265 -4.16417e-05 -0.000106483 9.42462e-05 -0.000655458
internal_weight=2189 736 584 1453 1067 386
internal_count=2189 736 584 1453 1067 386
is_linear=0
shrinkage=0.02


Tree=636
num_leaves=6
num_cat=0
split_feature=7 12 7 5 4
split_gain=0.140269 0.998338 0.624044 0.5672 0.399977
threshold=-0.53672757228240564 -0.66749245881647024 -0.33504394213048982 -0.12000000000000001 0.040888550227641367
decision_type=2 2 2 2 2
left_child=1 -1 -2 -4 -3
right_child=2 4 3 -5 -6
leaf_value=0.0010280656093700651 0.0012246934780223149 -0.00030796181484114127 0.00083862384618141176 -0.00022265707160580892 -0.0015491169581237512
leaf_weight=176 173 321 240 1128 151
leaf_count=176 173 321 240 1128 151
internal_value=6.9325e-06 -0.000238864 0.00011073 -3.40915e-05 -0.000717102
internal_weight=2189 648 1541 1368 472
internal_count=2189 648 1541 1368 472
is_linear=0
shrinkage=0.02


Tree=637
num_leaves=7
num_cat=0
split_feature=5 0 4 4 9 8
split_gain=0.140299 0.52259 0.394141 0.620543 0.446552 0.275849
threshold=0.055000000000000084 0.55750000000000022 0.040620192023179812 0.031124748994971852 -0.36181764398092403 0.63387932992119733
decision_type=2 2 2 2 2 2
left_child=2 -2 3 -1 -4 -3
right_child=1 5 4 -5 -6 -7
leaf_value=-0.00014142289103009074 0.0012001517284334752 -0.00042466043508297539 -0.0014135530412327066 0.0010838634084325794 -5.0687235312320157e-05 0.00046155299719571132
leaf_weight=868 166 336 167 199 219 234
leaf_count=868 166 336 167 199 219 234
internal_value=6.33035e-06 0.000230402 -0.000107571 9.10876e-05 -0.000650857 -5.99966e-05
internal_weight=2189 736 1453 1067 386 570
internal_count=2189 736 1453 1067 386 570
is_linear=0
shrinkage=0.02


Tree=638
num_leaves=4
num_cat=0
split_feature=3 3 11
split_gain=0.139403 0.362018 0.492018
threshold=-1.4598709212088288 -1.0949930121206595 0.94334592595852951
decision_type=2 2 2
left_child=-1 -2 -3
right_child=1 2 -4
leaf_value=0.00047153930097124927 -0.00074933005262398209 0.00018343436335319874 -0.00084552601572864179
leaf_weight=226 251 1505 207
leaf_count=226 251 1505 207
internal_value=6.76001e-06 -4.78121e-05 5.69216e-05
internal_weight=2189 1963 1712
internal_count=2189 1963 1712
is_linear=0
shrinkage=0.02


Tree=639
num_leaves=6
num_cat=0
split_feature=6 3 6 1 8
split_gain=0.138689 0.410145 0.687041 0.318682 0.442098
threshold=6.9825654222196754 -1.0841266730011272 7.3341824722422917 -1.5557202461387629 0.563744715242394
decision_type=2 2 2 2 2
left_child=3 -2 -3 -1 -5
right_child=1 2 -4 4 -6
leaf_value=0.00090956540065317674 -0.0011169550969352712 -0.00045017048227600755 0.001118333728675462 0.00049653437014354198 -0.00025778904374909855
leaf_weight=172 155 350 158 474 880
leaf_count=172 155 350 158 474 880
internal_value=6.58833e-06 -0.000233885 4.38165e-05 0.000111489 7.13514e-06
internal_weight=2189 663 508 1526 1354
internal_count=2189 663 508 1526 1354
is_linear=0
shrinkage=0.02


Tree=640
num_leaves=6
num_cat=0
split_feature=5 3 4 5 7
split_gain=0.138997 0.502212 0.636314 0.391163 0.526771
threshold=0.055000000000000084 -0.10448450521762365 0.039607448794387184 0.030000000000000002 -0.75896085734227436
decision_type=2 2 2 2 2
left_child=3 -2 -3 4 -1
right_child=1 2 -4 -5 -6
leaf_value=0.00083405777733469935 0.0012336370913507595 -0.00062736781396107659 0.00068950794414037245 -0.00099688252008616396 -0.00018494420196128015
leaf_weight=247 152 324 260 169 1037
leaf_count=247 152 324 260 169 1037
internal_value=6.38549e-06 0.000229415 -4.02112e-05 -0.000106987 1.35537e-05
internal_weight=2189 736 584 1453 1284
internal_count=2189 736 584 1453 1284
is_linear=0
shrinkage=0.02


Tree=641
num_leaves=6
num_cat=0
split_feature=7 12 7 5 13
split_gain=0.139467 0.97499 0.612492 0.554616 0.485088
threshold=-0.53672757228240564 -0.66749245881647024 -0.33504394213048982 -0.12000000000000001 0.21436319846336771
decision_type=2 2 2 2 10
left_child=1 -1 -2 -4 -3
right_child=2 4 3 -5 -6
leaf_value=0.0010129029024906909 0.0012130388492990411 -0.0011886533132291648 0.00082894143190268173 -0.00022050019336109349 0.00013762363788290795
leaf_weight=176 173 301 240 1128 171
leaf_count=176 173 301 240 1128 171
internal_value=5.93169e-06 -0.000239159 0.000109434 -3.40394e-05 -0.000711753
internal_weight=2189 648 1541 1368 472
internal_count=2189 648 1541 1368 472
is_linear=0
shrinkage=0.02


Tree=642
num_leaves=6
num_cat=0
split_feature=11 11 3 13 8
split_gain=0.139638 0.893457 0.641082 0.845654 0.487324
threshold=0.43246931552312901 0.12659573043494146 1.0894638921855397 0.10031514474143828 0.63387932992119733
decision_type=2 2 2 8 2
left_child=1 4 3 -2 -1
right_child=2 -3 -4 -5 -6
leaf_value=-0.00021988503469176803 0.0011669890095793744 -0.0012518256551130511 -0.00081249944377630797 -0.00031986166614361163 0.00061323904692283672
leaf_weight=707 348 226 182 267 459
leaf_count=707 348 226 182 267 459
internal_value=5.3876e-06 -0.000115381 0.00021572 0.000524104 0.000109295
internal_weight=2189 1392 797 615 1166
internal_count=2189 1392 797 615 1166
is_linear=0
shrinkage=0.02


Tree=643
num_leaves=7
num_cat=0
split_feature=5 0 4 4 9 11
split_gain=0.141051 0.514411 0.390349 0.607125 0.436266 0.276942
threshold=0.055000000000000084 0.55750000000000022 0.040620192023179812 0.031124748994971852 -0.36181764398092403 0.60875707634060972
decision_type=2 2 2 2 2 2
left_child=2 -2 3 -1 -4 -3
right_child=1 5 4 -5 -6 -7
leaf_value=-0.00014052252160632749 0.0011927580129769114 -0.00033376415692053842 -0.0014027802302870294 0.001071443515829742 -5.5565552066647274e-05 0.00063321316711526052
leaf_weight=868 166 409 167 199 219 161
leaf_count=868 166 409 167 199 219 161
internal_value=5.95719e-06 0.00023063 -0.000108249 8.94574e-05 -0.000648913 -5.75043e-05
internal_weight=2189 736 1453 1067 386 570
internal_count=2189 736 1453 1067 386 570
is_linear=0
shrinkage=0.02


Tree=644
num_leaves=7
num_cat=0
split_feature=5 0 4 4 1 12
split_gain=0.13992 0.508387 0.38277 0.593823 0.428859 0.271468
threshold=0.055000000000000084 0.55750000000000022 0.040620192023179812 0.031124748994971852 -1.5557202461387629 -0.71000616126719407
decision_type=2 2 2 2 2 2
left_child=2 -2 3 -1 -4 -3
right_child=1 5 4 -5 -6 -7
leaf_value=-0.00013904163926623268 0.0011866198467058047 -0.00076921200523009676 0.00018655418808451101 0.0010595736121895777 -0.0011684274549285572 0.00020665337004861358
leaf_weight=868 166 151 151 199 235 419
leaf_count=868 166 151 151 199 235 419
internal_value=6.37442e-06 0.000230143 -0.000107373 8.84045e-05 -0.000642762 -5.63062e-05
internal_weight=2189 736 1453 1067 386 570
internal_count=2189 736 1453 1067 386 570
is_linear=0
shrinkage=0.02


Tree=645
num_leaves=4
num_cat=0
split_feature=1 1 1
split_gain=0.139064 0.315079 0.291927
threshold=-1.7211808224759986 -1.4173762108646724 -1.1423723315208596
decision_type=2 2 2
left_child=-1 -2 -3
right_child=1 2 -4
leaf_value=-0.00056496797436023061 0.00085984015785139825 -0.0008479603904865304 5.0419188869473493e-05
leaf_weight=153 171 153 1712
leaf_count=153 171 153 1712
internal_value=6.68137e-06 5.09181e-05 -2.53519e-05
internal_weight=2189 2036 1865
internal_count=2189 2036 1865
is_linear=0
shrinkage=0.02


Tree=646
num_leaves=5
num_cat=0
split_feature=9 4 7 4
split_gain=0.138758 0.275053 0.610029 0.601092
threshold=1.2683162636658116 0.022360679774997932 0.49472841759379688 0.011180339887498969
decision_type=2 2 2 2
left_child=1 3 -3 -1
right_child=-2 2 -4 -5
leaf_value=0.000409701165847214 -0.00047872583526121061 -1.6207791099059391e-05 0.0010121300559445855 -0.00071083653078207536
leaf_weight=329 208 902 305 445
leaf_count=329 208 902 305 445
internal_value=6.40611e-06 5.84207e-05 0.000246749 -0.000234963
internal_weight=2189 1981 1207 774
internal_count=2189 1981 1207 774
is_linear=0
shrinkage=0.02


Tree=647
num_leaves=6
num_cat=0
split_feature=8 0 0 0 4
split_gain=0.137751 0.800313 0.340468 0.841853 0.245717
threshold=0.70760871252844459 0.46000000000000002 0.40750000000000008 0.53000000000000014 0.036464880364537079
decision_type=2 2 2 2 2
left_child=2 -2 4 -4 -1
right_child=1 -3 3 -5 -6
leaf_value=-4.3721362809076563e-06 0.00073493372118454189 -0.0011472834749059436 0.00094438839047225988 -0.00013578172176607068 -0.00083832140751976538
leaf_weight=386 153 207 456 769 218
leaf_count=386 153 207 456 769 218
internal_value=6.61269e-06 -0.000348232 7.72153e-05 0.000268511 -0.000309779
internal_weight=2189 360 1829 1225 604
internal_count=2189 360 1829 1225 604
is_linear=0
shrinkage=0.02


Tree=648
num_leaves=6
num_cat=0
split_feature=5 0 5 7 8
split_gain=0.139427 0.497513 0.378826 0.524936 0.27035
threshold=0.055000000000000084 0.55750000000000022 0.030000000000000002 -0.75896085734227436 0.63387932992119733
decision_type=2 2 2 2 2
left_child=2 -2 3 -1 -3
right_child=1 4 -4 -5 -6
leaf_value=0.00083173267875931087 0.0011771398669446422 -0.00041351000170013116 -0.0009817214357270591 -0.00018549216942898098 0.00046381075519709908
leaf_weight=247 166 336 169 1037 234
leaf_count=247 166 336 169 1037 234
internal_value=7.57933e-06 0.000230951 -0.000105971 1.26562e-05 -5.24455e-05
internal_weight=2189 736 1453 1284 570
internal_count=2189 736 1453 1284 570
is_linear=0
shrinkage=0.02


Tree=649
num_leaves=6
num_cat=0
split_feature=5 0 5 7 11
split_gain=0.138412 0.491673 0.372854 0.513322 0.267033
threshold=0.055000000000000084 0.55750000000000022 0.030000000000000002 -0.75896085734227436 0.60875707634060972
decision_type=2 2 2 2 2
left_child=2 -2 3 -1 -3
right_child=1 4 -4 -5 -6
leaf_value=0.00082242519601196469 0.0011710820682564675 -0.0003225847902136365 -0.00097404821775853639 -0.00018348415196564781 0.00062692347302449397
leaf_weight=247 166 409 169 1037 161
leaf_count=247 166 409 169 1037 161
internal_value=7.90816e-06 0.000230465 -0.000105229 1.24598e-05 -5.1271e-05
internal_weight=2189 736 1453 1284 570
internal_count=2189 736 1453 1284 570
is_linear=0
shrinkage=0.02


Tree=650
num_leaves=6
num_cat=0
split_feature=7 12 7 5 13
split_gain=0.139301 0.958425 0.601969 0.540802 0.470897
threshold=-0.53672757228240564 -0.66749245881647024 -0.33504394213048982 -0.12000000000000001 0.21436319846336771
decision_type=2 2 2 2 10
left_child=1 -1 -2 -4 -3
right_child=2 4 3 -5 -6
leaf_value=0.0010046422538908394 0.001205733167373816 -0.0011751638828880256 0.00082155840320522161 -0.000214729651319445 0.00013166456261057069
leaf_weight=176 173 301 240 1128 171
leaf_count=176 173 301 240 1128 171
internal_value=8.21635e-06 -0.000236733 0.000111652 -3.0595e-05 -0.000705298
internal_weight=2189 648 1541 1368 472
internal_count=2189 648 1541 1368 472
is_linear=0
shrinkage=0.02


Tree=651
num_leaves=6
num_cat=0
split_feature=5 3 2 5 7
split_gain=0.140643 0.488894 0.472431 0.364992 0.505006
threshold=0.055000000000000084 -0.10448450521762365 0.047284986878059078 0.030000000000000002 -0.75896085734227436
decision_type=2 2 2 2 2
left_child=3 -2 -3 4 -1
right_child=1 2 -4 -5 -6
leaf_value=0.00081343652230561787 0.0012228012716124772 -0.00079934155497183071 0.00038178286935178587 -0.00096600991213458703 -0.00018429033196019098
leaf_weight=247 152 204 380 169 1037
leaf_count=247 152 204 380 169 1037
internal_value=7.6452e-06 0.000231989 -3.40849e-05 -0.000106399 1.00508e-05
internal_weight=2189 736 584 1453 1284
internal_count=2189 736 584 1453 1284
is_linear=0
shrinkage=0.02


Tree=652
num_leaves=7
num_cat=0
split_feature=13 13 4 1 0 6
split_gain=0.140856 0.603948 0.643218 0.406581 0.914007 0.758386
threshold=0.076703014414507512 0.13965283492518399 0.043011626335213167 1.0448177854782881 0.60750000000000004 6.9937402960692037
decision_type=10 10 2 2 2 2
left_child=3 -2 -3 5 -5 -1
right_child=1 2 -4 4 -6 -7
leaf_value=0.00024054667862388152 -0.0010939385448645682 0.00057913237136113932 -0.00093271511371094211 0.0018672437742352486 -7.4526962556698299e-05 -0.00097822265709276383
leaf_weight=750 216 387 153 150 258 275
leaf_count=750 216 387 153 150 258 275
internal_value=7.02966e-06 -0.000213022 0.000146148 0.000123458 0.000653323 -8.96016e-05
internal_weight=2189 756 540 1433 408 1025
internal_count=2189 756 540 1433 408 1025
is_linear=0
shrinkage=0.02


Tree=653
num_leaves=6
num_cat=0
split_feature=8 0 0 0 13
split_gain=0.13919 0.774335 0.343552 0.814755 0.239398
threshold=0.70760871252844459 0.46000000000000002 0.40750000000000008 0.53000000000000014 0.014335486567973508
decision_type=2 2 2 2 8
left_child=2 -2 4 -4 -1
right_child=1 -3 3 -5 -6
leaf_value=0.00022206689054887237 0.00071637894374707457 -0.0011351054672476889 0.00093553324966891434 -0.00012713825120169486 -0.00060358147983315764
leaf_weight=215 153 207 456 769 389
leaf_count=215 153 207 456 769 389
internal_value=7.50453e-06 -0.00034919 7.8473e-05 0.000270631 -0.000310273
internal_weight=2189 360 1829 1225 604
internal_count=2189 360 1829 1225 604
is_linear=0
shrinkage=0.02


Tree=654
num_leaves=7
num_cat=0
split_feature=5 3 4 4 4 9
split_gain=0.139332 0.478443 0.619644 0.369731 0.577209 0.425365
threshold=0.055000000000000084 -0.10448450521762365 0.039607448794387184 0.040620192023179812 0.031124748994971852 -0.36181764398092403
decision_type=2 2 2 2 2 2
left_child=3 -2 -3 4 -1 -5
right_child=1 2 -4 5 -6 -7
leaf_value=-0.00013678284734074147 0.0012120185073488836 -0.00061085913642585613 0.00068864512995087535 -0.0013755226659393589 0.001044946068386529 -4.5479785455557118e-05
leaf_weight=868 152 324 260 167 199 219
leaf_count=868 152 324 260 167 199 219
internal_value=8.56217e-06 0.000231856 -3.13781e-05 -0.000104952 8.74604e-05 -0.000631144
internal_weight=2189 736 584 1453 1067 386
internal_count=2189 736 584 1453 1067 386
is_linear=0
shrinkage=0.02


Tree=655
num_leaves=6
num_cat=0
split_feature=8 0 0 0 4
split_gain=0.139139 0.759672 0.335015 0.806355 0.233641
threshold=0.70760871252844459 0.46000000000000002 0.40750000000000008 0.53000000000000014 0.036464880364537079
decision_type=2 2 2 2 2
left_child=2 -2 4 -4 -1
right_child=1 -3 3 -5 -6
leaf_value=-6.9471728979655163e-06 0.00070700129588382153 -0.0011268965297000799 0.00093032081461705501 -0.00012685633214245954 -0.0008201811010082724
leaf_weight=386 153 207 456 769 218
leaf_count=386 153 207 456 769 218
internal_value=8.14882e-06 -0.000348482 7.91027e-05 0.000268855 -0.000304789
internal_weight=2189 360 1829 1225 604
internal_count=2189 360 1829 1225 604
is_linear=0
shrinkage=0.02


Tree=656
num_leaves=6
num_cat=0
split_feature=8 0 0 0 13
split_gain=0.138305 0.744193 0.329458 0.796281 0.231562
threshold=0.70760871252844459 0.46000000000000002 0.40750000000000008 0.53000000000000014 0.014335486567973508
decision_type=2 2 2 2 8
left_child=2 -2 4 -4 -1
right_child=1 -3 3 -5 -6
leaf_value=0.00022261088709042684 0.00069823090423228626 -0.0011169033011043761 0.00092531604418094691 -0.00012524029926621916 -0.00058935553705920154
leaf_weight=215 153 207 456 769 389
leaf_count=215 153 207 456 769 389
internal_value=9.08842e-06 -0.000346474 7.98272e-05 0.000267996 -0.000300873
internal_weight=2189 360 1829 1225 604
internal_count=2189 360 1829 1225 604
is_linear=0
shrinkage=0.02


Tree=657
num_leaves=7
num_cat=0
split_feature=5 0 4 7 1 8
split_gain=0.139968 0.468901 0.358523 0.594026 0.419128 0.271173
threshold=0.055000000000000084 0.55750000000000022 0.040620192023179812 -0.32042303942549116 -1.5557202461387629 0.63387932992119733
decision_type=2 2 2 2 2 2
left_child=2 -2 3 -1 -4 -3
right_child=1 5 4 -5 -6 -7
leaf_value=0.0006627345095238799 0.0011524802533506651 -0.00040299653255550022 0.00019766232825461954 -0.00029679376468400866 -0.0011415248674993565 0.00047563788945743793
leaf_weight=424 166 336 151 643 235 234
leaf_count=424 166 336 151 643 235 234
internal_value=1.01139e-05 0.000233913 -0.000103662 8.58123e-05 -0.000621818 -4.12945e-05
internal_weight=2189 736 1453 1067 386 570
internal_count=2189 736 1453 1067 386 570
is_linear=0
shrinkage=0.02


Tree=658
num_leaves=6
num_cat=0
split_feature=8 0 0 0 13
split_gain=0.139224 0.729877 0.324547 0.781614 0.228424
threshold=0.70760871252844459 0.46000000000000002 0.40750000000000008 0.53000000000000014 0.014335486567973508
decision_type=2 2 2 2 8
left_child=2 -2 4 -4 -1
right_child=1 -3 3 -5 -6
leaf_value=0.00022339027059338563 0.00068831753722521703 -0.0011093062434547564 0.00091935544053533007 -0.00012149240506797289 -0.00058302552324038964
leaf_weight=215 153 207 456 769 389
leaf_count=215 153 207 456 769 389
internal_value=1.03932e-05 -0.000346353 8.1364e-05 0.00026812 -0.000296496
internal_weight=2189 360 1829 1225 604
internal_count=2189 360 1829 1225 604
is_linear=0
shrinkage=0.02


Tree=659
num_leaves=6
num_cat=0
split_feature=5 3 4 5 5
split_gain=0.140697 0.465566 0.605456 0.352004 0.498012
threshold=0.055000000000000084 -0.10448450521762365 0.039607448794387184 0.030000000000000002 0.0099999999999999829
decision_type=2 2 2 2 2
left_child=3 -2 -3 4 -1
right_child=1 2 -4 -5 -6
leaf_value=-0.00013468929071267936 0.001202661599607984 -0.00059680811779171594 0.00068772771933779371 -0.00094684857575372716 0.0010637056091918221
leaf_weight=1131 152 324 260 169 153
leaf_count=1131 152 324 260 169 153
internal_value=1.1405e-05 0.000235784 -2.39423e-05 -0.00010267 1.16823e-05
internal_weight=2189 736 584 1453 1284
internal_count=2189 736 584 1453 1284
is_linear=0
shrinkage=0.02


Tree=660
num_leaves=6
num_cat=0
split_feature=8 0 8 8 2
split_gain=0.138616 0.757892 0.342864 0.451827 0.387971
threshold=0.70325618994864703 0.46000000000000002 0.62970646628472782 0.606195661972736 0.03603383826349895
decision_type=2 2 2 2 2
left_child=2 -2 3 -1 -4
right_child=1 -3 4 -5 -6
leaf_value=7.2751347490644707e-05 0.00072394899717282237 -0.0010445898498737199 -0.00032147891705901156 -0.00094337960181846512 0.00084257829992864753
leaf_weight=1048 159 233 159 205 385
leaf_count=1048 159 233 159 205 385
internal_value=1.11649e-05 -0.000327166 8.56717e-05 -9.65839e-05 0.000502519
internal_weight=2189 392 1797 1253 544
internal_count=2189 392 1797 1253 544
is_linear=0
shrinkage=0.02


Tree=661
num_leaves=4
num_cat=0
split_feature=1 1 3
split_gain=0.139032 0.305434 0.293682
threshold=-1.7211808224759986 -1.4173762108646724 -0.57735026918963528
decision_type=2 2 2
left_child=-1 -2 -3
right_child=1 2 -4
leaf_value=-0.00056099327528684201 0.00085126618843456867 -0.0004330604004979481 0.00013153719946014866
leaf_weight=153 171 499 1366
leaf_count=153 171 499 1366
internal_value=1.06021e-05 5.4825e-05 -2.02807e-05
internal_weight=2189 2036 1865
internal_count=2189 2036 1865
is_linear=0
shrinkage=0.02


Tree=662
num_leaves=7
num_cat=0
split_feature=5 0 4 7 9 8
split_gain=0.138692 0.458572 0.352311 0.583786 0.413762 0.266286
threshold=0.055000000000000084 0.55750000000000022 0.040620192023179812 -0.32042303942549116 -0.36181764398092403 0.63387932992119733
decision_type=2 2 2 2 2 2
left_child=2 -2 3 -1 -4 -3
right_child=1 5 4 -5 -6 -7
leaf_value=0.00065674370658390727 0.0011414126871012108 -0.00039759542133910558 -0.001350808525999445 -0.00029447850333612965 -3.9171416532813708e-05 0.00047308304426007007
leaf_weight=424 166 336 167 643 219 234
leaf_count=424 166 336 167 643 219 234
internal_value=1.02443e-05 0.000233021 -0.000103013 8.48143e-05 -0.000616658 -3.91534e-05
internal_weight=2189 736 1453 1067 386 570
internal_count=2189 736 1453 1067 386 570
is_linear=0
shrinkage=0.02


Tree=663
num_leaves=6
num_cat=0
split_feature=7 12 7 13 13
split_gain=0.140141 0.935671 0.586537 0.497901 0.454124
threshold=-0.53672757228240564 -0.66749245881647024 -0.33504394213048982 0.041565524978673836 0.21436319846336771
decision_type=2 2 2 10 10
left_child=1 -1 -2 -4 -3
right_child=2 4 3 -5 -6
leaf_value=0.00099144895728265877 0.0011942817550675755 -0.0011594909144066324 0.00013564032419076334 -0.00092009024597457234 0.0001239829518916932
leaf_weight=176 173 301 1162 206 171
leaf_count=176 173 301 1162 206 171
internal_value=1.05763e-05 -0.000235116 0.000114318 -2.61084e-05 -0.000698078
internal_weight=2189 648 1541 1368 472
internal_count=2189 648 1541 1368 472
is_linear=0
shrinkage=0.02


Tree=664
num_leaves=6
num_cat=0
split_feature=8 0 0 0 6
split_gain=0.138752 0.702105 0.318014 0.768732 0.222348
threshold=0.70760871252844459 0.46000000000000002 0.40750000000000008 0.53000000000000014 6.8360874005976067
decision_type=2 2 2 2 2
left_child=2 -2 4 -4 -1
right_child=1 -3 3 -5 -6
leaf_value=-0.00063727387236126335 0.00066931990493984922 -0.0010938352571892606 0.00091211180453170532 -0.00012012472919498882 0.00012915755370832818
leaf_weight=331 153 207 456 769 273
leaf_count=331 153 207 456 769 273
internal_value=1.05507e-05 -0.00034559 8.14006e-05 0.000266266 -0.000292641
internal_weight=2189 360 1829 1225 604
internal_count=2189 360 1829 1225 604
is_linear=0
shrinkage=0.02


Tree=665
num_leaves=4
num_cat=0
split_feature=5 6 11
split_gain=0.139261 0.373214 0.364491
threshold=0.16250000000000003 5.7734328999469158 -0.96591891988149814
decision_type=2 2 2
left_child=1 -1 -3
right_child=-2 2 -4
leaf_value=-0.00092045778948865995 0.00043785116134114482 -0.0008728489436138913 0.00013112757563331302
leaf_weight=173 264 154 1598
leaf_count=173 264 154 1598
internal_value=1.15565e-05 -4.78896e-05 4.06457e-05
internal_weight=2189 1925 1752
internal_count=2189 1925 1752
is_linear=0
shrinkage=0.02


Tree=666
num_leaves=5
num_cat=0
split_feature=5 8 0 6
split_gain=0.138808 0.285726 0.408774 0.27206
threshold=-0.20999999999999991 0.70902032728097553 0.29000000000000009 6.6952424924141409
decision_type=2 2 2 2
left_child=-1 2 -2 -3
right_child=1 3 -4 -5
leaf_value=0.00057454923307954302 -0.00083547606006103398 2.2298633968917496e-05 0.00017430018589061221 -0.0011333253884346353
leaf_weight=157 174 157 1537 164
leaf_count=157 174 157 1537 164
internal_value=1.11112e-05 -3.37255e-05 6.94759e-05 -0.000576441
internal_weight=2189 2032 1711 321
internal_count=2189 2032 1711 321
is_linear=0
shrinkage=0.02


Tree=667
num_leaves=6
num_cat=0
split_feature=7 12 7 5 13
split_gain=0.137832 0.912623 0.572925 0.525683 0.445341
threshold=-0.53672757228240564 -0.66749245881647024 -0.33504394213048982 -0.12000000000000001 0.21436319846336771
decision_type=2 2 2 2 10
left_child=1 -1 -2 -4 -3
right_child=2 4 3 -5 -6
leaf_value=0.00097880066187218742 0.0011813335435522532 -0.0011467219412964434 0.00081531948076646625 -0.00020637631382002428 0.00012424435815773903
leaf_weight=176 173 301 240 1128 171
leaf_count=176 173 301 240 1128 171
internal_value=1.10936e-05 -0.000232568 0.000113976 -2.48151e-05 -0.00068979
internal_weight=2189 648 1541 1368 472
internal_count=2189 648 1541 1368 472
is_linear=0
shrinkage=0.02


Tree=668
num_leaves=7
num_cat=0
split_feature=5 3 4 4 4 1
split_gain=0.139739 0.457769 0.590878 0.350179 0.563576 0.410262
threshold=0.055000000000000084 -0.10448450521762365 0.039607448794387184 0.040620192023179812 0.031124748994971852 -1.5557202461387629
decision_type=2 2 2 2 2 2
left_child=3 -2 -3 4 -1 -5
right_child=1 2 -4 5 -6 -7
leaf_value=-0.00013748611639777063 0.0011928673346592172 -0.00058935337357426856 0.00067962410689753323 0.00019550084981183785 0.0010301986739938787 -0.0011294487932755146
leaf_weight=868 152 324 260 151 199 235
leaf_count=868 152 324 260 151 199 235
internal_value=1.05054e-05 0.000234121 -2.34242e-05 -0.000103179 8.40813e-05 -0.000615267
internal_weight=2189 736 584 1453 1067 386
internal_count=2189 736 584 1453 1067 386
is_linear=0
shrinkage=0.02


Tree=669
num_leaves=4
num_cat=0
split_feature=4 5 6
split_gain=0.139292 0.319872 0.361581
threshold=0.067961386095340942 0.16250000000000003 5.7734328999469158
decision_type=2 2 2
left_child=1 2 -1
right_child=-2 -3 -4
leaf_value=-0.00091201685118274048 -0.00054525554216394343 0.00078322737711628346 5.9131152195309104e-05
leaf_weight=164 162 211 1652
leaf_count=164 162 211 1652
internal_value=1.00132e-05 5.56233e-05 -3.0835e-05
internal_weight=2189 2027 1816
internal_count=2189 2027 1816
is_linear=0
shrinkage=0.02


Tree=670
num_leaves=6
num_cat=0
split_feature=11 11 8 11 8
split_gain=0.137449 0.87938 0.638267 0.815547 0.451884
threshold=0.43246931552312901 0.21249745765696307 0.57051972402662965 0.93189648440777262 0.63387932992119733
decision_type=2 2 2 2 2
left_child=1 4 -2 -4 -1
right_child=2 -3 3 -5 -6
leaf_value=-0.00023440367384649157 0.00094084835883940718 -0.0014628115857774999 0.00038324971608817579 -0.0012866072393597559 0.0005467509395156488
leaf_weight=742 299 164 320 178 486
leaf_count=742 299 164 320 178 486
internal_value=9.69232e-06 -0.000110136 0.00021836 -0.000220463 7.57138e-05
internal_weight=2189 1392 797 498 1228
internal_count=2189 1392 797 498 1228
is_linear=0
shrinkage=0.02


Tree=671
num_leaves=6
num_cat=0
split_feature=3 3 13 9 3
split_gain=0.137645 0.647647 0.454891 0.632566 0.406266
threshold=0.65094455490411829 0.22941573387055716 0.076703014414507512 0.68957964053149101 -0.57735026918963528
decision_type=2 2 10 2 2
left_child=1 4 3 -2 -1
right_child=2 -3 -4 -5 -6
leaf_value=-0.00019058291640108483 0.0011192176404226384 -0.0011990336039000087 -0.00053617305472574155 -0.00020514679129179846 0.00059373981773027599
leaf_weight=823 311 184 225 263 383
leaf_count=823 311 184 225 263 383
internal_value=9.71954e-06 -0.000110429 0.000218126 0.000515878 5.99244e-05
internal_weight=2189 1390 799 574 1206
internal_count=2189 1390 799 574 1206
is_linear=0
shrinkage=0.02


Tree=672
num_leaves=4
num_cat=0
split_feature=3 3 11
split_gain=0.137683 0.364174 0.475632
threshold=-1.4598709212088288 -1.0949930121206595 0.94334592595852951
decision_type=2 2 2
left_child=-1 -2 -3
right_child=1 2 -4
leaf_value=0.00047134552587396207 -0.00074840093231614451 0.00018462057040143906 -0.00082706707025074209
leaf_weight=226 251 1505 207
leaf_count=226 251 1505 207
internal_value=9.44805e-06 -4.47926e-05 6.02439e-05
internal_weight=2189 1963 1712
internal_count=2189 1963 1712
is_linear=0
shrinkage=0.02


Tree=673
num_leaves=7
num_cat=0
split_feature=4 11 11 13 8 8
split_gain=0.136729 0.540411 0.519384 0.524736 0.50899 0.394302
threshold=0.022360679774997932 0.88524145855887515 -0.047505974168386061 -0.15305300383323941 0.54345814358213973 0.51465753323561392
decision_type=2 2 2 10 2 2
left_child=1 5 4 -4 -2 -1
right_child=2 -3 3 -5 -6 -7
leaf_value=-0.001218896304257214 -0.00035476334814101137 0.00085269086360017219 0.00059545043782649064 -0.00061500751401471153 0.00087750630532945509 -0.00014234627851554167
leaf_weight=180 183 158 200 473 474 521
leaf_count=180 183 158 200 473 474 521
internal_value=9.27184e-06 -0.000186784 0.000136123 -0.000253549 0.000534184 -0.000425453
internal_weight=2189 859 1330 673 657 701
internal_count=2189 859 1330 673 657 701
is_linear=0
shrinkage=0.02


Tree=674
num_leaves=4
num_cat=0
split_feature=9 1 6
split_gain=0.137694 0.300486 0.344065
threshold=1.2683162636658116 1.7216747252834843 6.8993853228981452
decision_type=2 2 2
left_child=1 2 -1
right_child=-2 -3 -4
leaf_value=0.00034648011785058918 -0.00047381655671611923 -0.000745696154169562 -0.00022183603854629468
leaf_weight=1144 208 164 673
leaf_count=1144 208 164 673
internal_value=9.46e-06 6.1268e-05 0.00013595
internal_weight=2189 1981 1817
internal_count=2189 1981 1817
is_linear=0
shrinkage=0.02


Tree=675
num_leaves=6
num_cat=0
split_feature=8 0 1 12 8
split_gain=0.137092 0.684264 0.310571 0.557173 0.429548
threshold=0.70760871252844459 0.46000000000000002 -0.64507896092290562 -0.91084299344951725 0.59875449435983441
decision_type=2 2 2 2 2
left_child=2 -2 4 -4 -1
right_child=1 -3 3 -5 -6
leaf_value=-0.00074563776799054307 0.00065737334080040455 -0.0010832734112265379 -0.00081504072331212054 0.00044486838456970167 0.0002772801321769935
leaf_weight=347 153 207 158 1020 304
leaf_count=347 153 207 158 1020 304
internal_value=9.37308e-06 -0.000344627 7.98002e-05 0.000273152 -0.000269489
internal_weight=2189 360 1829 1178 651
internal_count=2189 360 1829 1178 651
is_linear=0
shrinkage=0.02


Tree=676
num_leaves=7
num_cat=0
split_feature=4 11 11 7 8 8
split_gain=0.136015 0.528018 0.510547 0.610843 0.496523 0.386055
threshold=0.022360679774997932 0.88524145855887515 -0.047505974168386061 0.64893677003572325 0.54345814358213973 0.51465753323561392
decision_type=2 2 2 2 2 2
left_child=1 5 4 -4 -2 -1
right_child=2 -3 3 -5 -6 -7
leaf_value=-0.0012075178771455948 -0.00034782463972001003 0.00084100362167699395 -0.0005948297176632878 0.00078666578686070407 0.00086930195830367692 -0.00014226437198394776
leaf_weight=180 183 158 507 166 474 521
leaf_count=180 183 158 507 166 474 521
internal_value=9.03982e-06 -0.000186503 0.000135559 -0.000250786 0.000530218 -0.000422411
internal_weight=2189 859 1330 673 657 701
internal_count=2189 859 1330 673 657 701
is_linear=0
shrinkage=0.02


Tree=677
num_leaves=4
num_cat=0
split_feature=9 1 6
split_gain=0.136772 0.294404 0.33754
threshold=1.2683162636658116 1.7216747252834843 6.8993853228981452
decision_type=2 2 2
left_child=1 2 -1
right_child=-2 -3 -4
leaf_value=0.00034328052855228067 -0.0004724565133487395 -0.00073792137853720657 -0.00021962164211977044
leaf_weight=1144 208 164 673
leaf_count=1144 208 164 673
internal_value=9.19959e-06 6.08344e-05 0.000134756
internal_weight=2189 1981 1817
internal_count=2189 1981 1817
is_linear=0
shrinkage=0.02


Tree=678
num_leaves=4
num_cat=0
split_feature=1 1 6
split_gain=0.136856 0.299266 0.286926
threshold=-1.7211808224759986 -1.4173762108646724 7.3587512456838935
decision_type=2 2 2
left_child=-1 -2 -3
right_child=1 2 -4
leaf_value=-0.00055798254411997678 0.00084135441076465547 -9.5559225038308542e-05 0.00080288296460264157
leaf_weight=153 171 1715 150
leaf_count=153 171 1715 150
internal_value=9.11674e-06 5.29953e-05 -2.13449e-05
internal_weight=2189 2036 1865
internal_count=2189 2036 1865
is_linear=0
shrinkage=0.02


Tree=679
num_leaves=6
num_cat=0
split_feature=8 0 0 0 4
split_gain=0.13664 0.667937 0.309611 0.757147 0.222399
threshold=0.70760871252844459 0.46000000000000002 0.40750000000000008 0.53000000000000014 0.036464880364537079
decision_type=2 2 2 2 2
left_child=2 -2 4 -4 -1
right_child=1 -3 3 -5 -6
leaf_value=5.6115581708795892e-07 0.00064545761734907398 -0.0010743415525473021 0.00090250394252530924 -0.00012191305021533998 -0.00079277017187601747
leaf_weight=386 153 207 456 769 218
leaf_count=386 153 207 456 769 218
internal_value=8.81822e-06 -0.000344598 7.91305e-05 0.00026154 -0.000289932
internal_weight=2189 360 1829 1225 604
internal_count=2189 360 1829 1225 604
is_linear=0
shrinkage=0.02


Tree=680
num_leaves=7
num_cat=0
split_feature=5 3 4 4 7 1
split_gain=0.137974 0.445722 0.582 0.339249 0.566147 0.404613
threshold=0.055000000000000084 -0.10448450521762365 0.039607448794387184 0.040620192023179812 -0.32042303942549116 -1.5557202461387629
decision_type=2 2 2 2 2 2
left_child=3 -2 -3 4 -1 -5
right_child=1 2 -4 5 -6 -7
leaf_value=0.00064431963985056421 0.0011779753624381508 -0.00058388137400835344 0.00067552583478075424 0.00019780146408802235 -0.00029241707825955628 -0.0011179041480451511
leaf_weight=424 152 324 260 151 643 235
leaf_count=424 152 324 260 151 643 235
internal_value=9.72944e-06 0.000231929 -2.22116e-05 -0.000103233 8.10885e-05 -0.000607263
internal_weight=2189 736 584 1453 1067 386
internal_count=2189 736 584 1453 1067 386
is_linear=0
shrinkage=0.02


Tree=681
num_leaves=6
num_cat=0
split_feature=3 3 12 13 9
split_gain=0.137197 0.628751 0.472608 0.446172 0.621438
threshold=0.65094455490411829 0.22941573387055716 0.88700449101594991 0.076703014414507512 0.68957964053149101
decision_type=2 2 2 10 2
left_child=1 2 -1 4 -2
right_child=3 -3 -4 -5 -6
leaf_value=0.00022179676891374289 0.0011101884487721644 -0.0011833219086780909 -0.00088599128772129019 -0.00052974653701075227 -0.00020248695713886644
leaf_weight=1030 311 184 176 225 263
leaf_count=1030 311 184 176 225 263
internal_value=9.2337e-06 -0.000110719 5.71389e-05 0.000217303 0.000512181
internal_weight=2189 1390 1206 799 574
internal_count=2189 1390 1206 799 574
is_linear=0
shrinkage=0.02


Tree=682
num_leaves=5
num_cat=0
split_feature=5 8 0 6
split_gain=0.136565 0.277975 0.394528 0.262961
threshold=-0.20999999999999991 0.70902032728097553 0.29000000000000009 6.6952424924141409
decision_type=2 2 2 2
left_child=-1 2 -2 -3
right_child=1 3 -4 -5
leaf_value=0.00056794337905299516 -0.00082263179267132299 1.8067670719091563e-05 0.00016938941073682445 -0.0011181848301116885
leaf_weight=157 174 157 1537 164
leaf_count=157 174 157 1537 164
internal_value=9.07381e-06 -3.53946e-05 6.64029e-05 -0.000570694
internal_weight=2189 2032 1711 321
internal_count=2189 2032 1711 321
is_linear=0
shrinkage=0.02


Tree=683
num_leaves=4
num_cat=0
split_feature=4 5 6
split_gain=0.135795 0.309619 0.355558
threshold=0.067961386095340942 0.16250000000000003 5.7734328999469158
decision_type=2 2 2
left_child=1 2 -1
right_child=-2 -3 -4
leaf_value=-0.00090476071528853435 -0.0005391784929140599 0.00076995900568026287 5.8265571999147211e-05
leaf_weight=164 162 211 1652
leaf_count=164 162 211 1652
internal_value=9.07467e-06 5.41105e-05 -3.09492e-05
internal_weight=2189 2027 1816
internal_count=2189 2027 1816
is_linear=0
shrinkage=0.02


Tree=684
num_leaves=7
num_cat=0
split_feature=4 4 6 6 8 0
split_gain=0.135558 0.52102 0.814397 0.555374 0.407307 0.871177
threshold=0.022360679774997932 0.012990381056766588 6.3763187007330879 6.9070250122021024 0.70838667803574429 0.38000000000000006
decision_type=2 2 2 2 2 2
left_child=1 2 -1 -3 5 -2
right_child=4 3 -4 -5 -6 -7
leaf_value=-0.00079732173760964364 -0.00060178439221007026 -0.00010969481198939861 0.0010019667079023114 -0.0015656891942696547 -0.00065454371327738447 0.00063589161519425706
leaf_weight=158 312 278 259 164 214 804
leaf_count=158 312 278 259 164 214 804
internal_value=8.76766e-06 -0.000186446 0.000318853 -0.000661398 0.000135075 0.000288734
internal_weight=2189 859 417 442 1330 1116
internal_count=2189 859 417 442 1330 1116
is_linear=0
shrinkage=0.02


Tree=685
num_leaves=5
num_cat=0
split_feature=5 8 0 6
split_gain=0.137366 0.268306 0.377983 0.256719
threshold=-0.20999999999999991 0.70902032728097553 0.29000000000000009 6.6952424924141409
decision_type=2 2 2 2
left_child=-1 2 -2 -3
right_child=1 3 -4 -5
leaf_value=0.00056968283983246406 -0.00080560115240150068 2.0325701711785601e-05 0.00016539527305106522 -0.0011022833393082112
leaf_weight=157 174 157 1537 164
leaf_count=157 174 157 1537 164
internal_value=9.17612e-06 -3.54228e-05 6.45903e-05 -0.000561329
internal_weight=2189 2032 1711 321
internal_count=2189 2032 1711 321
is_linear=0
shrinkage=0.02


Tree=686
num_leaves=4
num_cat=0
split_feature=3 3 11
split_gain=0.135594 0.35936 0.473278
threshold=-1.4598709212088288 -1.0949930121206595 0.94334592595852951
decision_type=2 2 2
left_child=-1 -2 -3
right_child=1 2 -4
leaf_value=0.00046754949762449634 -0.0007436002434587863 0.00018375227985498348 -0.00082542831137203082
leaf_weight=226 251 1505 207
leaf_count=226 251 1505 207
internal_value=9.16929e-06 -4.46578e-05 5.96827e-05
internal_weight=2189 1963 1712
internal_count=2189 1963 1712
is_linear=0
shrinkage=0.02


Tree=687
num_leaves=6
num_cat=0
split_feature=11 11 3 13 4
split_gain=0.136433 0.845509 0.631143 0.808736 0.426036
threshold=0.43246931552312901 0.21249745765696307 1.0894638921855397 0.10031514474143828 0.021650635094610973
decision_type=2 2 2 8 2
left_child=1 4 3 -2 -1
right_child=2 -3 -4 -5 -6
leaf_value=-0.00041944185464332497 0.0011515183292465183 -0.0014367608648959752 -0.00080336366056086097 -0.00030263348515932999 0.00035195363063228127
leaf_weight=445 348 164 182 267 783
leaf_count=445 348 164 182 267 783
internal_value=8.98756e-06 -0.000110395 0.000216884 0.000522854 7.18497e-05
internal_weight=2189 1392 797 615 1228
internal_count=2189 1392 797 615 1228
is_linear=0
shrinkage=0.02


Tree=688
num_leaves=4
num_cat=0
split_feature=4 5 1
split_gain=0.136102 0.297107 0.337739
threshold=0.067961386095340942 0.16250000000000003 1.5808502484300997
decision_type=2 2 2
left_child=1 2 -1
right_child=-2 -3 -4
leaf_value=5.5174111701066518e-05 -0.00053954262600118617 0.00075565115245774877 -0.0009095675594308092
leaf_weight=1662 162 211 154
leaf_count=1662 162 211 154
internal_value=9.33046e-06 5.44167e-05 -2.89105e-05
internal_weight=2189 2027 1816
internal_count=2189 2027 1816
is_linear=0
shrinkage=0.02


Tree=689
num_leaves=6
num_cat=0
split_feature=11 11 8 11 4
split_gain=0.134222 0.826657 0.625072 0.79182 0.453777
threshold=0.43246931552312901 0.12659573043494146 0.57051972402662965 0.93189648440777262 0.021650635094610973
decision_type=2 2 2 2 2
left_child=1 4 -2 -4 -1
right_child=2 -3 3 -5 -6
leaf_value=-0.00040839071738303537 0.00093027029774690934 -0.0012024689969421241 0.00037591639441939505 -0.0012694802408455236 0.00040628456133467923
leaf_weight=428 299 226 320 178 738
leaf_count=428 299 226 320 178 738
internal_value=9.08205e-06 -0.00010933 0.000215287 -0.00021897 0.000106777
internal_weight=2189 1392 797 498 1166
internal_count=2189 1392 797 498 1166
is_linear=0
shrinkage=0.02


Tree=690
num_leaves=4
num_cat=0
split_feature=1 1 3
split_gain=0.134157 0.295575 0.285811
threshold=-1.7211808224759986 -1.4173762108646724 -0.57735026918963528
decision_type=2 2 2
left_child=-1 -2 -3
right_child=1 2 -4
leaf_value=-0.00055238447281755979 0.00083602264600234446 -0.00042854824472698732 0.00012843248912593164
leaf_weight=153 171 499 1366
leaf_count=153 171 499 1366
internal_value=9.09565e-06 5.25393e-05 -2.13408e-05
internal_weight=2189 2036 1865
internal_count=2189 2036 1865
is_linear=0
shrinkage=0.02


Tree=691
num_leaves=5
num_cat=0
split_feature=5 8 0 6
split_gain=0.133656 0.26059 0.3684 0.253005
threshold=-0.20999999999999991 0.70902032728097553 0.29000000000000009 6.6952424924141409
decision_type=2 2 2 2
left_child=-1 2 -2 -3
right_child=1 3 -4 -5
leaf_value=0.00056164171901692487 -0.00079575851806777654 2.3794756242200548e-05 0.00016284940095561594 -0.0010905540963778129
leaf_weight=157 174 157 1537 164
leaf_count=157 174 157 1537 164
internal_value=8.75573e-06 -3.52361e-05 6.33293e-05 -0.000553524
internal_weight=2189 2032 1711 321
internal_count=2189 2032 1711 321
is_linear=0
shrinkage=0.02


Tree=692
num_leaves=4
num_cat=0
split_feature=4 5 6
split_gain=0.134185 0.28849 0.349741
threshold=0.067961386095340942 0.16250000000000003 5.7734328999469158
decision_type=2 2 2
left_child=1 2 -1
right_child=-2 -3 -4
leaf_value=-0.00089523181118093126 -0.00053624381360034654 0.00074450741232053757 5.9883044497615793e-05
leaf_weight=164 162 211 1652
leaf_count=164 162 211 1652
internal_value=8.74791e-06 5.35166e-05 -2.85931e-05
internal_weight=2189 2027 1816
internal_count=2189 2027 1816
is_linear=0
shrinkage=0.02


Tree=693
num_leaves=4
num_cat=0
split_feature=9 1 6
split_gain=0.132303 0.29017 0.327546
threshold=1.2683162636658116 1.7216747252834843 6.8993853228981452
decision_type=2 2 2
left_child=1 2 -1
right_child=-2 -3 -4
leaf_value=0.0003380450251750531 -0.0004652654137156309 -0.00073374615877469962 -0.00021646075351795615
leaf_weight=1144 208 164 673
leaf_count=1144 208 164 673
internal_value=8.45429e-06 5.92398e-05 0.000132631
internal_weight=2189 1981 1817
internal_count=2189 1981 1817
is_linear=0
shrinkage=0.02


Tree=694
num_leaves=5
num_cat=0
split_feature=3 1 5 8
split_gain=0.133202 0.355156 0.625088 0.426424
threshold=-1.4598709212088288 -1.1025883594698003 -0.12000000000000001 0.69128836675760452
decision_type=2 2 2 2
left_child=-1 2 -2 -3
right_child=1 3 -4 -5
leaf_value=0.00046270103536513979 0.00017762678146508276 0.00025130981909800661 -0.0014891684454544421 -0.0005389213781026406
leaf_weight=226 188 1266 166 343
leaf_count=226 188 1266 166 343
internal_value=8.38115e-06 -4.49673e-05 -0.000613832 8.17039e-05
internal_weight=2189 1963 354 1609
internal_count=2189 1963 354 1609
is_linear=0
shrinkage=0.02


Tree=695
num_leaves=4
num_cat=0
split_feature=1 1 6
split_gain=0.131084 0.291454 0.285659
threshold=-1.7211808224759986 -1.4173762108646724 7.3587512456838935
decision_type=2 2 2
left_child=-1 -2 -3
right_child=1 2 -4
leaf_value=-0.00054706146280410922 0.00082889628146817405 -9.6513170302577503e-05 0.00079994403582907497
leaf_weight=153 171 1715 150
leaf_count=153 171 1715 150
internal_value=7.94836e-06 5.08939e-05 -2.2466e-05
internal_weight=2189 2036 1865
internal_count=2189 2036 1865
is_linear=0
shrinkage=0.02


Tree=696
num_leaves=6
num_cat=0
split_feature=3 3 12 13 9
split_gain=0.131298 0.61991 0.4471 0.430418 0.601106
threshold=0.65094455490411829 0.22941573387055716 0.88700449101594991 0.076703014414507512 0.68957964053149101
decision_type=2 2 2 10 2
left_child=1 2 -1 4 -2
right_child=3 -3 -4 -5 -6
leaf_value=0.00021714149943692382 0.0010889988532621425 -0.0011747142215747209 -0.00086033896620267005 -0.00052250513011265712 -0.00020198572921365112
leaf_weight=1030 311 184 176 225 263
leaf_count=1030 311 184 176 225 263
internal_value=7.66381e-06 -0.000109678 5.69943e-05 0.000211213 0.000500849
internal_weight=2189 1390 1206 799 574
internal_count=2189 1390 1206 799 574
is_linear=0
shrinkage=0.02


Tree=697
num_leaves=5
num_cat=0
split_feature=3 1 5 8
split_gain=0.130845 0.353052 0.612536 0.416311
threshold=-1.4598709212088288 -1.1025883594698003 -0.12000000000000001 0.69128836675760452
decision_type=2 2 2 2
left_child=-1 2 -2 -3
right_child=1 3 -4 -5
leaf_value=0.00045781139911301594 0.00017106303345313094 0.00024853220567976243 -0.0014790105872803875 -0.00053227315233998946
leaf_weight=226 188 1266 166 343
leaf_count=226 188 1266 166 343
internal_value=7.52605e-06 -4.53467e-05 -0.000612523 8.095e-05
internal_weight=2189 1963 354 1609
internal_count=2189 1963 354 1609
is_linear=0
shrinkage=0.02


Tree=698
num_leaves=4
num_cat=0
split_feature=4 5 6
split_gain=0.130993 0.279469 0.344187
threshold=0.067961386095340942 0.16250000000000003 5.7734328999469158
decision_type=2 2 2
left_child=1 2 -1
right_child=-2 -3 -4
leaf_value=-0.00088919210374443494 -0.00053135476183860072 0.00073145092882138376 5.8309663398085665e-05
leaf_weight=164 162 211 1652
leaf_count=164 162 211 1652
internal_value=7.11158e-06 5.1348e-05 -2.94642e-05
internal_weight=2189 2027 1816
internal_count=2189 2027 1816
is_linear=0
shrinkage=0.02


Tree=699
num_leaves=6
num_cat=0
split_feature=11 11 3 0 8
split_gain=0.129739 0.802891 0.619498 0.650343 0.453838
threshold=0.43246931552312901 0.21249745765696307 1.0894638921855397 0.44000000000000006 0.63387932992119733
decision_type=2 2 2 2 2
left_child=1 4 3 -2 -1
right_child=2 -3 -4 -5 -6
leaf_value=-0.00024272442154194836 -0.00022577334178318253 -0.0014020774200470491 -0.00080116129164051089 0.0010782165723106697 0.00054010509059275078
leaf_weight=742 268 164 182 347 486
leaf_count=742 268 164 182 347 486
internal_value=6.8388e-06 -0.000109574 0.000209575 0.000512736 6.80263e-05
internal_weight=2189 1392 797 615 1228
internal_count=2189 1392 797 615 1228
is_linear=0
shrinkage=0.02


Tree=700
num_leaves=5
num_cat=0
split_feature=5 8 0 11
split_gain=0.12925 0.249523 0.353258 0.249234
threshold=-0.20999999999999991 0.70902032728097553 0.29000000000000009 0.12659573043494146
decision_type=2 2 2 2
left_child=-1 2 -2 -3
right_child=1 3 -4 -5
leaf_value=0.00055145317300533253 -0.0007802939756874869 5.4574493559137472e-05 0.00015840489832997254 -0.0010532264218834993
leaf_weight=157 174 150 1537 171
leaf_count=157 174 150 1537 171
internal_value=7.75494e-06 -3.55037e-05 6.09486e-05 -0.000542665
internal_weight=2189 2032 1711 321
internal_count=2189 2032 1711 321
is_linear=0
shrinkage=0.02


Tree=701
num_leaves=6
num_cat=0
split_feature=11 11 3 13 8
split_gain=0.129689 0.783808 0.606673 0.790001 0.444744
threshold=0.43246931552312901 0.12659573043494146 1.0894638921855397 0.10031514474143828 0.63387932992119733
decision_type=2 2 2 8 2
left_child=1 4 3 -2 -1
right_child=2 -3 -4 -5 -6
leaf_value=-0.00021269806547566535 0.0011317559880159647 -0.0011731087319246489 -0.00078984503417629456 -0.00030538088400670161 0.00058319150756719394
leaf_weight=707 348 226 182 267 459
leaf_count=707 348 226 182 267 459
internal_value=7.71056e-06 -0.000108682 0.000210406 0.000510397 0.000101759
internal_weight=2189 1392 797 615 1166
internal_count=2189 1392 797 615 1166
is_linear=0
shrinkage=0.02


Tree=702
num_leaves=6
num_cat=0
split_feature=3 3 12 13 9
split_gain=0.131327 0.610175 0.425239 0.419437 0.591293
threshold=0.65094455490411829 0.22941573387055716 0.88700449101594991 0.080128995910997439 0.68957964053149101
decision_type=2 2 2 10 2
left_child=1 2 -1 4 -2
right_child=3 -3 -4 -5 -6
leaf_value=0.00021242090701141731 0.0010761899479193344 -0.0011657589336945898 -0.00083838895045591322 -0.00051917009929498652 -0.00020105253712907712
leaf_weight=1030 313 184 176 222 264
leaf_count=1030 313 184 176 222 264
internal_value=8.23722e-06 -0.000109119 5.62405e-05 0.000211808 0.000495095
internal_weight=2189 1390 1206 799 577
internal_count=2189 1390 1206 799 577
is_linear=0
shrinkage=0.02


Tree=703
num_leaves=4
num_cat=0
split_feature=9 1 1
split_gain=0.128581 0.291524 0.330701
threshold=1.2683162636658116 -1.5557202461387629 -1.156346299127889
decision_type=2 2 2
left_child=1 -1 -3
right_child=-2 2 -4
leaf_value=0.0007228030895918224 -0.00045893031452288367 -0.00079578835599822934 6.7958648728298513e-05
leaf_weight=228 208 195 1558
leaf_count=228 208 195 1558
internal_value=8.07778e-06 5.81444e-05 -3.01128e-05
internal_weight=2189 1981 1753
internal_count=2189 1981 1753
is_linear=0
shrinkage=0.02


Tree=704
num_leaves=4
num_cat=0
split_feature=1 1 3
split_gain=0.130629 0.285192 0.280844
threshold=-1.7211808224759986 -1.4173762108646724 -0.57735026918963528
decision_type=2 2 2
left_child=-1 -2 -3
right_child=1 2 -4
leaf_value=-0.00054605931208669383 0.00082045692162037919 -0.00042536436858051552 0.00012675623472285457
leaf_weight=153 171 499 1366
leaf_count=153 171 499 1366
internal_value=7.98642e-06 5.08572e-05 -2.17117e-05
internal_weight=2189 2036 1865
internal_count=2189 2036 1865
is_linear=0
shrinkage=0.02


Tree=705
num_leaves=4
num_cat=0
split_feature=4 5 6
split_gain=0.128423 0.271214 0.336179
threshold=0.067961386095340942 0.16250000000000003 5.7734328999469158
decision_type=2 2 2
left_child=1 2 -1
right_child=-2 -3 -4
leaf_value=-0.00087781875893010717 -0.00052549657386777825 0.00072144483804651024 5.8594474161263525e-05
leaf_weight=164 162 211 1652
leaf_count=164 162 211 1652
internal_value=7.66355e-06 5.14625e-05 -2.81495e-05
internal_weight=2189 2027 1816
internal_count=2189 2027 1816
is_linear=0
shrinkage=0.02


Tree=706
num_leaves=4
num_cat=0
split_feature=3 3 11
split_gain=0.128979 0.349012 0.460225
threshold=-1.4598709212088288 -1.0949930121206595 0.94334592595852951
decision_type=2 2 2
left_child=-1 -2 -3
right_child=1 2 -4
leaf_value=0.00045445422954389672 -0.00073390622232182067 0.00018007791999863178 -0.00081508646947595314
leaf_weight=226 251 1505 207
leaf_count=226 251 1505 207
internal_value=7.3921e-06 -4.5102e-05 5.77282e-05
internal_weight=2189 1963 1712
internal_count=2189 1963 1712
is_linear=0
shrinkage=0.02


Tree=707
num_leaves=7
num_cat=0
split_feature=6 3 6 12 11 8
split_gain=0.127651 0.416704 0.309456 0.440209 0.375554 0.255405
threshold=6.9937402960692037 -0.18557698545961573 6.7572404264395853 -0.069212376563073455 0.88524145855887515 0.59445698293863336
decision_type=2 2 2 2 2 2
left_child=2 -2 4 -4 -1 -3
right_child=1 5 3 -5 -6 -7
leaf_value=-0.00023946365611373315 -0.00076729155263718463 -0.00031867446832642047 0.0014005837537697516 1.4769749842922797e-05 0.00062975142160320114 0.00075369473581793161
leaf_weight=924 300 166 155 215 248 181
leaf_count=924 300 166 155 215 248 181
internal_value=7.23705e-06 -0.0002275 0.000106146 0.000606247 -5.36403e-05 0.000243449
internal_weight=2189 647 1542 370 1172 347
internal_count=2189 647 1542 370 1172 347
is_linear=0
shrinkage=0.02


Tree=708
num_leaves=7
num_cat=0
split_feature=4 4 6 6 11 7
split_gain=0.127385 0.508486 0.790625 0.544101 0.468974 0.605456
threshold=0.022360679774997932 0.012990381056766588 6.3763187007330879 6.9070250122021024 -0.047505974168386061 0.64893677003572325
decision_type=2 2 2 2 2 2
left_child=1 2 -1 -3 -2 -6
right_child=4 3 -4 -5 5 -7
leaf_value=-0.00078235873011186542 0.00050822477628233533 -0.00010491130129819204 0.00099050427522425627 -0.0015459730018608094 -0.00058288297543185763 0.00079244245009834485
leaf_weight=158 657 278 259 164 507 166
leaf_count=158 657 278 259 164 507 166
internal_value=7.53222e-06 -0.000181702 0.000317461 -0.000650916 0.000129975 -0.000240307
internal_weight=2189 859 417 442 1330 673
internal_count=2189 859 417 442 1330 673
is_linear=0
shrinkage=0.02


Tree=709
num_leaves=5
num_cat=0
split_feature=5 13 12 7
split_gain=0.128486 0.268618 0.723918 0.556446
threshold=-0.20999999999999991 0.20661838876563146 -0.039586810352949316 -0.50528816922609676
decision_type=2 8 2 2
left_child=-1 3 -3 -2
right_child=1 2 -4 -5
leaf_value=0.00054966242933634352 -0.00084951149747242594 0.0010990427047248902 -0.00052810940080819351 4.4392959405603619e-05
leaf_weight=157 354 249 188 1241
leaf_count=157 354 249 188 1241
internal_value=7.5734e-06 -3.55568e-05 0.000400977 -0.000156038
internal_weight=2189 2032 437 1595
internal_count=2189 2032 437 1595
is_linear=0
shrinkage=0.02


Tree=710
num_leaves=4
num_cat=0
split_feature=9 1 1
split_gain=0.128159 0.286352 0.322715
threshold=1.2683162636658116 -1.5557202461387629 -1.156346299127889
decision_type=2 2 2
left_child=1 -1 -3
right_child=-2 2 -4
leaf_value=0.00071601158028464489 -0.00045895032160543783 -0.00078656963523972083 6.6685922933511208e-05
leaf_weight=228 208 195 1558
leaf_count=228 208 195 1558
internal_value=7.28826e-06 5.72744e-05 -3.01956e-05
internal_weight=2189 1981 1753
internal_count=2189 1981 1753
is_linear=0
shrinkage=0.02


Tree=711
num_leaves=4
num_cat=0
split_feature=1 1 6
split_gain=0.130464 0.279525 0.278299
threshold=-1.7211808224759986 -1.4173762108646724 7.3587512456838935
decision_type=2 2 2
left_child=-1 -2 -3
right_child=1 2 -4
leaf_value=-0.00054648866370037388 0.00081196693568430912 -9.4880374102124969e-05 0.00078995262182527976
leaf_weight=153 171 1715 150
leaf_count=153 171 1715 150
internal_value=7.20574e-06 5.00512e-05 -2.17923e-05
internal_weight=2189 2036 1865
internal_count=2189 2036 1865
is_linear=0
shrinkage=0.02


Tree=712
num_leaves=7
num_cat=0
split_feature=6 3 6 13 13 8
split_gain=0.128578 0.411982 0.302713 0.576402 0.374584 0.249868
threshold=6.9937402960692037 -0.18557698545961573 6.7572404264395853 0.0076876672349177897 -0.081266600300271011 0.59445698293863336
decision_type=2 2 2 10 10 2
left_child=2 -2 4 -4 -1 -3
right_child=1 5 3 -5 -6 -7
leaf_value=-0.00048754167199345505 -0.0007653689219723227 -0.00031632842359879211 0.001330822274987748 -0.00023568075230896639 0.00023919866792110553 0.00074433900636210236
leaf_weight=468 300 166 196 174 704 181
leaf_count=468 300 166 196 174 704 181
internal_value=6.93274e-06 -0.000228654 0.000106201 0.000600822 -5.18397e-05 0.000239645
internal_weight=2189 647 1542 370 1172 347
internal_count=2189 647 1542 370 1172 347
is_linear=0
shrinkage=0.02


Tree=713
num_leaves=7
num_cat=0
split_feature=11 11 8 11 8 8
split_gain=0.126362 0.837805 0.533829 0.805194 0.68229 0.434864
threshold=0.40623832058116227 0.12659573043494146 0.57051972402662965 0.93189648440777262 0.49158338092502007 0.63387932992119733
decision_type=2 2 2 2 2 2
left_child=1 5 4 -4 -2 -1
right_child=2 -3 3 -5 -6 -7
leaf_value=-0.00021234801828173209 -0.00010117888432712509 -0.001273400178312191 0.00038629433384545228 -0.0012595488348354897 0.0017728423422097035 0.00057464621847837661
leaf_weight=707 151 205 335 178 154 459
leaf_count=707 151 205 335 178 154 459
internal_value=6.82346e-06 -0.000110443 0.000202844 -0.000191423 0.000858381 9.85859e-05
internal_weight=2189 1371 818 513 305 1166
internal_count=2189 1371 818 513 305 1166
is_linear=0
shrinkage=0.02


Tree=714
num_leaves=4
num_cat=0
split_feature=1 1 6
split_gain=0.127492 0.273709 0.273555
threshold=-1.7211808224759986 -1.4173762108646724 7.3587512456838935
decision_type=2 2 2
left_child=-1 -2 -3
right_child=1 2 -4
leaf_value=-0.000540331081970583 0.00080332061708759288 -9.4179500485086812e-05 0.00078307902338283679
leaf_weight=153 171 1715 150
leaf_count=153 171 1715 150
internal_value=7.01943e-06 4.93743e-05 -2.17174e-05
internal_weight=2189 2036 1865
internal_count=2189 2036 1865
is_linear=0
shrinkage=0.02


Tree=715
num_leaves=7
num_cat=0
split_feature=6 3 6 12 11 8
split_gain=0.127818 0.40362 0.296693 0.427951 0.371504 0.243805
threshold=6.9937402960692037 -0.18557698545961573 6.7572404264395853 -0.069212376563073455 0.88524145855887515 0.59445698293863336
decision_type=2 2 2 2 2 2
left_child=2 -2 4 -4 -1 -3
right_child=1 5 3 -5 -6 -7
leaf_value=-0.00023556714733549149 -0.00075937262572897755 -0.00031375744592463761 0.0013786018246610182 1.2272887397557497e-05 0.00062894478637914701 0.00073394663071119656
leaf_weight=924 300 166 155 215 248 181
leaf_count=924 300 166 155 215 248 181
internal_value=6.7504e-06 -0.00022814 0.000105726 0.000595404 -5.07382e-05 0.000235402
internal_weight=2189 647 1542 370 1172 347
internal_count=2189 647 1542 370 1172 347
is_linear=0
shrinkage=0.02


Tree=716
num_leaves=5
num_cat=0
split_feature=1 1 6 7
split_gain=0.126452 0.40992 0.726308 0.510429
threshold=1.6961643565743085 1.0448177854782881 6.6728047069333796 0.80323818428152671
decision_type=2 2 2 2
left_child=1 3 -3 -1
right_child=-2 2 -4 -5
leaf_value=6.8724630767835886e-05 -0.00046597899548516314 0.0015713064981801384 -0.00020842895165319841 -0.00091955083323930339
leaf_weight=1388 200 174 186 241
leaf_count=1388 200 174 186 241
internal_value=7.04291e-06 5.56559e-05 0.000661518 -7.98507e-05
internal_weight=2189 1989 360 1629
internal_count=2189 1989 360 1629
is_linear=0
shrinkage=0.02


Tree=717
num_leaves=5
num_cat=0
split_feature=3 1 5 8
split_gain=0.126697 0.343032 0.602233 0.412482
threshold=-1.4598709212088288 -1.1025883594698003 -0.12000000000000001 0.69128836675760452
decision_type=2 2 2 2
left_child=-1 2 -2 -3
right_child=1 3 -4 -5
leaf_value=0.00044986730626909251 0.00017257862516867066 0.00024605661624860101 -0.0014634976933617688 -0.0005311464529030223
leaf_weight=226 188 1266 166 343
leaf_count=226 188 1266 166 343
internal_value=6.77662e-06 -4.52497e-05 -0.000604319 7.92435e-05
internal_weight=2189 1963 354 1609
internal_count=2189 1963 354 1609
is_linear=0
shrinkage=0.02


Tree=718
num_leaves=5
num_cat=0
split_feature=4 4 4 13
split_gain=0.125975 0.567518 0.487411 0.37216
threshold=0.011180339887498969 0.0070710678118654927 0.01732050807568879 -0.22161945224368859
decision_type=2 2 2 8
left_child=1 -1 -2 -4
right_child=2 -3 3 -5
leaf_value=-0.00043229759036702046 -0.00085819068660485088 0.0011343213665309295 0.00096168425405353676 -3.4154869150040573e-05
leaf_weight=183 258 178 163 1407
leaf_count=183 258 178 163 1407
internal_value=6.35414e-06 0.000345106 -6.13027e-05 7.19595e-05
internal_weight=2189 361 1828 1570
internal_count=2189 361 1828 1570
is_linear=0
shrinkage=0.02


Tree=719
num_leaves=4
num_cat=0
split_feature=4 5 1
split_gain=0.125586 0.25948 0.332091
threshold=0.067961386095340942 0.16250000000000003 1.5808502484300997
decision_type=2 2 2
left_child=1 2 -1
right_child=-2 -3 -4
leaf_value=5.500304809479288e-05 -0.00052105595815012205 0.00070482269226987328 -0.0009016379889111041
leaf_weight=1662 162 211 154
leaf_count=1662 162 211 154
internal_value=6.17821e-06 4.94938e-05 -2.83747e-05
internal_weight=2189 2027 1816
internal_count=2189 2027 1816
is_linear=0
shrinkage=0.02


Tree=720
num_leaves=5
num_cat=0
split_feature=7 7 7 13
split_gain=0.126315 0.314273 0.55892 0.47946
threshold=-0.91629030964546387 -0.53672757228240564 -0.33504394213048982 0.22670674849571676
decision_type=2 2 2 8
left_child=-1 3 -3 -2
right_child=1 2 -4 -5
leaf_value=0.00053471339459413897 -0.00091572541187545566 0.0011568413968878182 -3.4445202752550317e-05 0.00040591679395636521
leaf_weight=162 325 173 1368 161
leaf_count=162 325 173 1368 161
internal_value=5.97741e-06 -3.74915e-05 0.000102603 -0.000478222
internal_weight=2189 2027 1541 486
internal_count=2189 2027 1541 486
is_linear=0
shrinkage=0.02


Tree=721
num_leaves=5
num_cat=0
split_feature=5 13 3 7
split_gain=0.125138 0.261198 0.546343 0.527107
threshold=-0.20999999999999991 0.20661838876563146 -0.57735026918963528 -0.71473632476810967
decision_type=2 8 2 2
left_child=-1 2 -2 -3
right_child=1 3 -4 -5
leaf_value=0.00054095609411079857 -0.0006703750604441773 0.0010548006008617033 0.00010938780175010225 -0.00032205682282370553
leaf_weight=157 539 226 1056 211
leaf_count=157 539 226 1056 211
internal_value=5.97355e-06 -3.65876e-05 -0.00015539 0.000393879
internal_weight=2189 2032 1595 437
internal_count=2189 2032 1595 437
is_linear=0
shrinkage=0.02


Tree=722
num_leaves=5
num_cat=0
split_feature=3 1 4 8
split_gain=0.125276 0.335065 0.54537 0.404338
threshold=-1.4598709212088288 -1.1025883594698003 0.040311288741492778 0.69128836675760452
decision_type=2 2 2 2
left_child=-1 2 -2 -3
right_child=1 3 -4 -5
leaf_value=0.00044628852169992987 0.00012134315521277562 0.00024216019211136929 -0.0014392563114391573 -0.00052732989206059097
leaf_weight=226 193 1266 161 343
leaf_count=226 193 1266 161 343
internal_value=5.6868e-06 -4.60446e-05 -0.000598581 7.6998e-05
internal_weight=2189 1963 354 1609
internal_count=2189 1963 354 1609
is_linear=0
shrinkage=0.02


Tree=723
num_leaves=7
num_cat=0
split_feature=6 3 6 13 13 8
split_gain=0.125056 0.393854 0.29382 0.562982 0.366093 0.241182
threshold=6.9937402960692037 -0.18557698545961573 6.7572404264395853 0.0076876672349177897 -0.081266600300271011 0.59445698293863336
decision_type=2 2 2 10 10 2
left_child=2 -2 4 -4 -1 -3
right_child=1 5 3 -5 -6 -7
leaf_value=-0.00048292291704677272 -0.00075149244378458285 -0.00031495303204228655 0.0013122722231759807 -0.00023582709011460483 0.00023553456489800652 0.00072706220966954063
leaf_weight=468 300 166 196 174 704 181
leaf_count=468 300 166 196 174 704 181
internal_value=5.60462e-06 -0.000226731 0.000103507 0.00059081 -5.21908e-05 0.000231184
internal_weight=2189 647 1542 370 1172 347
internal_count=2189 647 1542 370 1172 347
is_linear=0
shrinkage=0.02


Tree=724
num_leaves=5
num_cat=0
split_feature=5 13 12 7
split_gain=0.125193 0.2574 0.707824 0.540687
threshold=-0.20999999999999991 0.20661838876563146 -0.039586810352949316 -0.50528816922609676
decision_type=2 8 2 2
left_child=-1 3 -3 -2
right_child=1 2 -4 -5
leaf_value=0.00054061515598822336 -0.00083857285023555372 0.001080575340654789 -0.00052831993201853708 4.2586678479847475e-05
leaf_weight=157 354 249 188 1241
leaf_count=157 354 249 188 1241
internal_value=5.51294e-06 -3.70566e-05 0.000390272 -0.00015499
internal_weight=2189 2032 437 1595
internal_count=2189 2032 437 1595
is_linear=0
shrinkage=0.02


Tree=725
num_leaves=7
num_cat=0
split_feature=4 4 6 6 11 7
split_gain=0.124292 0.496723 0.769921 0.535493 0.460697 0.598194
threshold=0.022360679774997932 0.012990381056766588 6.3763187007330879 6.9070250122021024 -0.047505974168386061 0.64893677003572325
decision_type=2 2 2 2 2 2
left_child=1 2 -1 -3 -2 -6
right_child=4 3 -4 -5 5 -7
leaf_value=-0.00077359075130940499 0.00050110745877154125 -0.0001037510814862622 0.0009758914936030509 -0.0015333614733136264 -0.0005812864585641364 0.00078577850623960395
leaf_weight=158 657 278 259 164 507 166
leaf_count=158 657 278 259 164 507 166
internal_value=5.25206e-06 -0.000181666 0.000311706 -0.000645413 0.000126204 -0.000240783
internal_weight=2189 859 417 442 1330 673
internal_count=2189 859 417 442 1330 673
is_linear=0
shrinkage=0.02


Tree=726
num_leaves=4
num_cat=0
split_feature=9 1 1
split_gain=0.125654 0.286299 0.312527
threshold=1.2683162636658116 -1.5557202461387629 -1.156346299127889
decision_type=2 2 2
left_child=1 -1 -3
right_child=-2 2 -4
leaf_value=0.00071348759417657953 -0.00045634569141121814 -0.0007769789705751464 6.2702813396386457e-05
leaf_weight=228 208 195 1558
leaf_count=228 208 195 1558
internal_value=5.30979e-06 5.48093e-05 -3.26458e-05
internal_weight=2189 1981 1753
internal_count=2189 1981 1753
is_linear=0
shrinkage=0.02


Tree=727
num_leaves=4
num_cat=0
split_feature=1 1 6
split_gain=0.125526 0.274279 0.267947
threshold=-1.7211808224759986 -1.4173762108646724 7.3587512456838935
decision_type=2 2 2
left_child=-1 -2 -3
right_child=1 2 -4
leaf_value=-0.00053786317075166516 0.00080201099638626064 -9.5592080002249931e-05 0.00077263041357359579
leaf_weight=153 171 1715 150
leaf_count=153 171 1715 150
internal_value=5.24653e-06 4.72774e-05 -2.38827e-05
internal_weight=2189 2036 1865
internal_count=2189 2036 1865
is_linear=0
shrinkage=0.02


Tree=728
num_leaves=4
num_cat=0
split_feature=11 7 1
split_gain=0.124685 0.333469 0.421554
threshold=-0.95892293223302472 0.8320870070997316 1.6828604122544897
decision_type=2 2 2
left_child=-1 2 -2
right_child=1 -3 -4
leaf_value=-0.00045728137725478668 0.0002561236751987807 -0.00059411083929322283 -0.00082820063669093041
leaf_weight=206 1561 269 153
leaf_count=206 1561 269 153
internal_value=4.996e-06 5.40481e-05 0.000157204
internal_weight=2189 1983 1714
internal_count=2189 1983 1714
is_linear=0
shrinkage=0.02


Tree=729
num_leaves=7
num_cat=0
split_feature=6 3 6 13 11 2
split_gain=0.125063 0.391148 0.287613 0.549554 0.361821 0.23483
threshold=6.9937402960692037 -0.18557698545961573 6.7572404264395853 0.0076876672349177897 0.88524145855887515 0.044207682962324073
decision_type=2 2 2 10 2 2
left_child=2 -2 4 -4 -1 -3
right_child=1 5 3 -5 -6 -7
leaf_value=-0.00023364306849214993 -0.00075039438265146784 0.00079890040950205343 0.0012977330677155683 -0.00023181772296571864 0.0006195304498238408 -0.00023458882583060649
leaf_weight=924 300 154 196 174 248 193
leaf_count=924 300 154 196 174 248 193
internal_value=4.89611e-06 -0.000227444 0.000102803 0.000584931 -5.12432e-05 0.000228911
internal_weight=2189 647 1542 370 1172 347
internal_count=2189 647 1542 370 1172 347
is_linear=0
shrinkage=0.02


Tree=730
num_leaves=6
num_cat=0
split_feature=9 6 11 7 6
split_gain=0.12346 0.632121 0.802092 0.628061 0.343761
threshold=0.68957964053149101 6.5224015632169214 -0.62909430016767243 0.45176576994162831 6.5762397356601552
decision_type=2 2 2 2 2
left_child=3 -2 -3 4 -1
right_child=1 2 -4 -5 -6
leaf_value=-0.00042043646696605507 0.00053820942176292851 0.00044199178537613232 -0.0013613874391815973 0.0013037239263652806 0.00022724681105783487
leaf_weight=542 266 153 263 152 813
leaf_count=542 266 153 263 152 813
internal_value=5.21031e-06 -0.000217121 -0.000700753 0.000106213 -3.24197e-05
internal_weight=2189 682 416 1507 1355
internal_count=2189 682 416 1507 1355
is_linear=0
shrinkage=0.02


Tree=731
num_leaves=4
num_cat=0
split_feature=11 7 1
split_gain=0.12325 0.325087 0.411278
threshold=-0.95892293223302472 0.8320870070997316 1.6828604122544897
decision_type=2 2 2
left_child=-1 2 -2
right_child=1 -3 -4
leaf_value=-0.00045430560692840246 0.00025362712912925653 -0.00058589078700101941 -0.0008174029594475899
leaf_weight=206 1561 269 153
leaf_count=206 1561 269 153
internal_value=5.3044e-06 5.40726e-05 0.000155922
internal_weight=2189 1983 1714
internal_count=2189 1983 1714
is_linear=0
shrinkage=0.02


Tree=732
num_leaves=7
num_cat=0
split_feature=4 4 6 6 11 7
split_gain=0.124373 0.485845 0.752322 0.525015 0.451055 0.595452
threshold=0.022360679774997932 0.012990381056766588 6.3763187007330879 6.9070250122021024 -0.047505974168386061 0.64893677003572325
decision_type=2 2 2 2 2 2
left_child=1 2 -1 -3 -2 -6
right_child=4 3 -4 -5 5 -7
leaf_value=-0.00076660799895673188 0.00049714881859334989 -0.00010404869130822458 0.00096274710911199116 -0.0015196316889845407 -0.00057668128807563334 0.00078722481583163402
leaf_weight=158 657 278 259 164 507 166
leaf_count=158 657 278 259 164 507 166
internal_value=5.20134e-06 -0.000181777 0.00030618 -0.000640411 0.000126193 -0.00023694
internal_weight=2189 859 417 442 1330 673
internal_count=2189 859 417 442 1330 673
is_linear=0
shrinkage=0.02


Tree=733
num_leaves=4
num_cat=0
split_feature=1 1 11
split_gain=0.124164 0.266157 0.270714
threshold=-1.7211808224759986 -1.4173762108646724 0.94334592595852951
decision_type=2 2 2
left_child=-1 -2 -3
right_child=1 2 -4
leaf_value=-0.00053489921461272085 0.00079053367173897147 6.350818285872846e-05 -0.00069074713232991994
leaf_weight=153 171 1655 210
leaf_count=153 171 1655 210
internal_value=5.25652e-06 4.70587e-05 -2.30412e-05
internal_weight=2189 2036 1865
internal_count=2189 2036 1865
is_linear=0
shrinkage=0.02


Tree=734
num_leaves=7
num_cat=0
split_feature=11 11 8 11 8 8
split_gain=0.124263 0.810163 0.51817 0.801698 0.673281 0.434598
threshold=0.40623832058116227 0.12659573043494146 0.57051972402662965 0.93189648440777262 0.49158338092502007 0.63387932992119733
decision_type=2 2 2 2 2 2
left_child=1 5 4 -4 -2 -1
right_child=2 -3 3 -5 -6 -7
leaf_value=-0.00021662816632567812 -0.00010782446673450371 -0.0012549803367416772 0.00038730269892531553 -0.0012549545886783855 0.0017535696028433037 0.00057011645352508041
leaf_weight=707 151 205 335 178 154 459
leaf_count=707 151 205 335 178 154 459
internal_value=4.90979e-06 -0.000111374 0.000199299 -0.000189139 0.000845151 9.41885e-05
internal_weight=2189 1371 818 513 305 1166
internal_count=2189 1371 818 513 305 1166
is_linear=0
shrinkage=0.02


Tree=735
num_leaves=7
num_cat=0
split_feature=5 0 4 7 9 8
split_gain=0.124028 0.450844 0.348751 0.574984 0.401928 0.287499
threshold=0.055000000000000084 0.55750000000000022 0.040620192023179812 -0.77024881591489147 -0.36181764398092403 0.63387932992119733
decision_type=2 2 2 2 2 2
left_child=2 -2 3 -1 -4 -3
right_child=1 5 4 -5 -6 -7
leaf_value=0.0010376661251776103 0.0011165234773305424 -0.00042628436726913993 -0.0013365968587526747 -0.00013957192487437962 -4.3726951179061351e-05 0.00047843392590895222
leaf_weight=200 166 336 167 867 219 234
leaf_count=200 166 336 167 867 219 234
internal_value=5.12014e-06 0.000215801 -0.000101972 8.49019e-05 -0.000613017 -5.39431e-05
internal_weight=2189 736 1453 1067 386 570
internal_count=2189 736 1453 1067 386 570
is_linear=0
shrinkage=0.02


Tree=736
num_leaves=7
num_cat=0
split_feature=4 11 11 7 8 8
split_gain=0.123819 0.485278 0.438179 0.583562 0.482815 0.393008
threshold=0.022360679774997932 0.88524145855887515 -0.047505974168386061 0.64893677003572325 0.54345814358213973 0.51465753323561392
decision_type=2 2 2 2 2 2
left_child=1 5 4 -4 -2 -1
right_child=2 -3 3 -5 -6 -7
leaf_value=-0.0011992381899680539 -0.00037336758937330005 0.00080405713796067094 -0.00056799617350407068 0.00078220468673484715 0.00082635926585819476 -0.00012470347560148071
leaf_weight=180 183 158 507 166 474 521
leaf_count=180 183 158 507 166 474 521
internal_value=5.5534e-06 -0.000181009 0.000126274 -0.000231648 0.000491893 -0.000407157
internal_weight=2189 859 1330 673 657 701
internal_count=2189 859 1330 673 657 701
is_linear=0
shrinkage=0.02


Tree=737
num_leaves=6
num_cat=0
split_feature=9 7 12 8 13
split_gain=0.124344 0.611603 0.47494 0.786874 0.316731
threshold=0.68957964053149101 0.45176576994162831 -0.66749245881647024 0.61759040501402385 0.14454530689940667
decision_type=2 2 2 2 8
left_child=1 4 -2 -4 -1
right_child=2 -3 3 -5 -6
leaf_value=-0.0003112496562259722 -0.0010649352950770506 0.0012888148231253883 -0.0007676247442305285 0.00081830009214720262 0.00029995296251869781
leaf_weight=731 186 152 222 274 624
leaf_count=731 186 152 222 274 624
internal_value=5.73695e-06 0.0001071 -0.000217391 0.000107894 -2.97127e-05
internal_weight=2189 1507 682 496 1355
internal_count=2189 1507 682 496 1355
is_linear=0
shrinkage=0.02


Tree=738
num_leaves=7
num_cat=0
split_feature=6 3 6 12 11 2
split_gain=0.124472 0.386488 0.280411 0.41797 0.358346 0.231718
threshold=6.9937402960692037 -0.18557698545961573 6.7572404264395853 -0.069212376563073455 0.88524145855887515 0.044207682962324073
decision_type=2 2 2 2 2 2
left_child=2 -2 4 -4 -1 -3
right_child=1 5 3 -5 -6 -7
leaf_value=-0.00023023950296807011 -0.00074588796920830105 0.00079376446059758565 0.0013534643618622795 3.3691260879012676e-06 0.00061882283515572961 -0.00023285624444146049
leaf_weight=924 300 154 155 215 248 193
leaf_count=924 300 154 155 215 248 193
internal_value=5.73034e-06 -0.000226063 0.000103403 0.000579455 -4.87089e-05 0.000227565
internal_weight=2189 647 1542 370 1172 347
internal_count=2189 647 1542 370 1172 347
is_linear=0
shrinkage=0.02


Tree=739
num_leaves=7
num_cat=0
split_feature=5 0 4 7 1 11
split_gain=0.123259 0.444093 0.344983 0.56096 0.394296 0.282259
threshold=0.055000000000000084 0.55750000000000022 0.040620192023179812 -0.77024881591489147 -1.5557202461387629 0.2798270132425586
decision_type=2 2 2 2 2 2
left_child=2 -2 3 -1 -4 -3
right_child=1 5 4 -5 -6 -7
leaf_value=0.0010263115611018204 0.0011101198625582003 -0.0004036669305915087 0.00018609806005723584 -0.00013648497195457271 -0.0011129540485950809 0.00050110075983890554
leaf_weight=200 166 349 151 867 235 221
leaf_count=200 166 349 151 867 235 221
internal_value=6.14516e-06 0.000216169 -0.000100616 8.52416e-05 -0.000608894 -5.1564e-05
internal_weight=2189 736 1453 1067 386 570
internal_count=2189 736 1453 1067 386 570
is_linear=0
shrinkage=0.02


Tree=740
num_leaves=7
num_cat=0
split_feature=4 4 6 6 11 7
split_gain=0.123971 0.477275 0.734306 0.514002 0.43595 0.570182
threshold=0.022360679774997932 0.012990381056766588 6.3763187007330879 6.9070250122021024 -0.047505974168386061 0.64893677003572325
decision_type=2 2 2 2 2 2
left_child=1 2 -1 -3 -2 -6
right_child=4 3 -4 -5 5 -7
leaf_value=-0.00075644139066178564 0.0004919611111183417 -0.00010403727013420302 0.00095208942308090628 -0.0015047181438456272 -0.00056220556287371441 0.00077243158216275037
leaf_weight=158 657 278 259 164 507 166
leaf_count=158 657 278 259 164 507 166
internal_value=6.4843e-06 -0.000180195 0.00030344 -0.000634765 0.000127277 -0.00022974
internal_weight=2189 859 417 442 1330 673
internal_count=2189 859 417 442 1330 673
is_linear=0
shrinkage=0.02


Tree=741
num_leaves=4
num_cat=0
split_feature=11 7 1
split_gain=0.123784 0.33165 0.402961
threshold=-0.95892293223302472 0.8320870070997316 1.6828604122544897
decision_type=2 2 2
left_child=-1 2 -2
right_child=1 -3 -4
leaf_value=-0.00045408740840516807 0.00025496466384381699 -0.00059100308455526827 -0.00080520109050977921
leaf_weight=206 1561 269 153
leaf_count=206 1561 269 153
internal_value=6.52033e-06 5.53914e-05 0.000158262
internal_weight=2189 1983 1714
internal_count=2189 1983 1714
is_linear=0
shrinkage=0.02


Tree=742
num_leaves=6
num_cat=0
split_feature=1 8 13 7 6
split_gain=0.124859 0.753059 0.644897 0.493511 0.490137
threshold=1.0448177854782881 0.55655796918789979 -0.0019280105981377745 0.80323818428152671 6.5762397356601552
decision_type=2 2 10 2 2
left_child=3 -2 -3 4 -1
right_child=1 2 -4 -5 -6
leaf_value=-0.00038306949588960839 0.0012849884746469439 0.000440494054676362 -0.0012230295442277567 -0.00090788127559169045 0.00037761608646880846
leaf_weight=572 186 219 155 241 816
leaf_count=572 186 219 155 241 816
internal_value=6.4137e-06 0.000262688 -0.000255974 -8.22198e-05 6.38849e-05
internal_weight=2189 560 374 1629 1388
internal_count=2189 560 374 1629 1388
is_linear=0
shrinkage=0.02


Tree=743
num_leaves=7
num_cat=0
split_feature=6 3 6 13 13 8
split_gain=0.123914 0.381019 0.271874 0.538078 0.372843 0.232028
threshold=6.9937402960692037 -0.18557698545961573 6.7572404264395853 0.0076876672349177897 -0.081266600300271011 0.59445698293863336
decision_type=2 2 2 10 10 2
left_child=2 -2 4 -4 -1 -3
right_child=1 5 3 -5 -6 -7
leaf_value=-0.00048071481156542931 -0.00074107898834359939 -0.00031017966568470002 0.0012778706869471872 -0.0002355002744549979 0.00024432791716337722 0.0007118545318903621
leaf_weight=468 300 166 196 174 704 181
leaf_count=468 300 166 196 174 704 181
internal_value=6.3277e-06 -0.000224946 0.00010378 0.000572527 -4.60065e-05 0.000225467
internal_weight=2189 647 1542 370 1172 347
internal_count=2189 647 1542 370 1172 347
is_linear=0
shrinkage=0.02


Tree=744
num_leaves=5
num_cat=0
split_feature=5 13 12 3
split_gain=0.122937 0.247133 0.69515 0.533338
threshold=-0.20999999999999991 0.20661838876563146 -0.039586810352949316 -0.57735026918963528
decision_type=2 8 2 2
left_child=-1 3 -3 -2
right_child=1 2 -4 -5
leaf_value=0.00053647507068321657 -0.0006603468714049943 0.0010668726300630043 -0.00052750892642827545 0.00011007395226183162
leaf_weight=157 539 249 188 1056
leaf_count=157 539 249 188 1056
internal_value=6.2193e-06 -3.59665e-05 0.000382752 -0.000151525
internal_weight=2189 2032 437 1595
internal_count=2189 2032 437 1595
is_linear=0
shrinkage=0.02


Tree=745
num_leaves=7
num_cat=0
split_feature=6 3 6 13 13 8
split_gain=0.122627 0.371428 0.266685 0.526399 0.364946 0.22751
threshold=6.9937402960692037 -0.18557698545961573 6.7572404264395853 0.0076876672349177897 -0.081266600300271011 0.59445698293863336
decision_type=2 2 2 10 10 2
left_child=2 -2 4 -4 -1 -3
right_child=1 5 3 -5 -6 -7
leaf_value=-0.00047573847220186736 -0.00073391099123009415 -0.00030993967774536527 0.0012645883381422333 -0.00023228285287886692 0.00024158488027587252 0.00070206094012465522
leaf_weight=468 300 166 196 174 704 181
leaf_count=468 300 166 196 174 704 181
internal_value=5.74467e-06 -0.000224324 0.000102691 0.000566943 -4.5659e-05 0.000220408
internal_weight=2189 647 1542 370 1172 347
internal_count=2189 647 1542 370 1172 347
is_linear=0
shrinkage=0.02


Tree=746
num_leaves=6
num_cat=0
split_feature=7 12 7 5 13
split_gain=0.121516 0.864518 0.549828 0.535353 0.44
threshold=-0.53672757228240564 -0.66749245881647024 -0.33504394213048982 -0.12000000000000001 0.21436319846336771
decision_type=2 2 2 2 10
left_child=1 -1 -2 -4 -3
right_child=2 4 3 -5 -6
leaf_value=0.00095583932484546411 0.0011478799782213337 -0.0011223763833278972 0.00081418367461966624 -0.00021687312358531664 0.00014053090644831009
leaf_weight=176 173 301 240 1128 171
leaf_count=176 173 301 240 1128 171
internal_value=5.63973e-06 -0.000223134 0.000102251 -3.36797e-05 -0.000668163
internal_weight=2189 648 1541 1368 472
internal_count=2189 648 1541 1368 472
is_linear=0
shrinkage=0.02


Tree=747
num_leaves=7
num_cat=0
split_feature=5 3 4 4 7 9
split_gain=0.123678 0.454916 0.592202 0.342801 0.547969 0.390655
threshold=0.055000000000000084 -0.10448450521762365 0.039607448794387184 0.040620192023179812 -0.77024881591489147 -0.36181764398092403
decision_type=2 2 2 2 2 2
left_child=3 -2 -3 4 -1 -5
right_child=1 2 -4 5 -6 -7
leaf_value=0.001013555148116699 0.0011712605166519625 -0.00060752264575008024 0.00066289017304343198 -0.0013218630015373576 -0.00013569631731140839 -4.7152397455647589e-05
leaf_weight=200 152 324 260 167 867 219
leaf_count=200 152 324 260 167 867 219
internal_value=5.10843e-06 0.000215491 -4.1102e-05 -0.000101832 8.34437e-05 -0.000608498
internal_weight=2189 736 584 1453 1067 386
internal_count=2189 736 584 1453 1067 386
is_linear=0
shrinkage=0.02


Tree=748
num_leaves=4
num_cat=0
split_feature=3 3 11
split_gain=0.122018 0.330273 0.452848
threshold=-1.4598709212088288 -1.0949930121206595 0.94334592595852951
decision_type=2 2 2
left_child=-1 -2 -3
right_child=1 2 -4
leaf_value=0.00043958900214144679 -0.00071635300252637535 0.0001751134598909859 -0.0008120375339936833
leaf_weight=226 251 1505 207
leaf_count=226 251 1505 207
internal_value=4.75299e-06 -4.62993e-05 5.37387e-05
internal_weight=2189 1963 1712
internal_count=2189 1963 1712
is_linear=0
shrinkage=0.02


Tree=749
num_leaves=7
num_cat=0
split_feature=4 11 11 7 2 8
split_gain=0.121427 0.470081 0.426106 0.563419 0.472924 0.38593
threshold=0.022360679774997932 0.88524145855887515 -0.047505974168386061 0.64893677003572325 0.077937274297215586 0.51465753323561392
decision_type=2 2 2 2 2 2
left_child=1 5 4 -4 -2 -1
right_child=2 -3 3 -5 -6 -7
leaf_value=-0.001187599847193908 0.00079722184782823251 0.00078942307042517907 -0.00055925630246292715 0.00076744523970614464 -0.00042158937379125656 -0.00012279548752984782
leaf_weight=180 489 158 507 166 168 521
leaf_count=180 489 158 507 166 168 521
internal_value=4.63359e-06 -0.000180116 0.000124185 -0.00022877 0.000484732 -0.000402686
internal_weight=2189 859 1330 673 657 701
internal_count=2189 859 1330 673 657 701
is_linear=0
shrinkage=0.02


end of trees

feature_importances:
Column_0=912
Column_8=475
Column_1=318
Column_6=279
Column_3=276
Column_13=273
Column_5=265
Column_11=241
Column_4=229
Column_7=208
Column_12=132
Column_9=97
Column_2=74

parameters:
[boosting: gbdt]
[objective: huber]
[metric: huber]
[tree_learner: serial]
[device_type: cpu]
[data_sample_strategy: bagging]
[data: ]
[valid: ]
[num_iterations: 750]
[learning_rate: 0.02]
[num_leaves: 7]
[num_threads: 4]
[seed: 0]
[deterministic: 0]
[force_col_wise: 0]
[force_row_wise: 0]
[histogram_pool_size: -1]
[max_depth: 3]
[min_data_in_leaf: 150]
[min_sum_hessian_in_leaf: 0.001]
[bagging_fraction: 0.9]
[pos_bagging_fraction: 1]
[neg_bagging_fraction: 1]
[bagging_freq: 0]
[bagging_seed: 7719]
[bagging_by_query: 0]
[feature_fraction: 0.9]
[feature_fraction_bynode: 1]
[feature_fraction_seed: 2437]
[extra_trees: 0]
[extra_seed: 11797]
[early_stopping_round: 0]
[early_stopping_min_delta: 0]
[first_metric_only: 0]
[max_delta_step: 0]
[lambda_l1: 0]
[lambda_l2: 5]
[linear_lambda: 0]
[min_gain_to_split: 0]
[drop_rate: 0.1]
[max_drop: 50]
[skip_drop: 0.5]
[xgboost_dart_mode: 0]
[uniform_drop: 0]
[drop_seed: 21238]
[top_rate: 0.2]
[other_rate: 0.1]
[min_data_per_group: 100]
[max_cat_threshold: 32]
[cat_l2: 10]
[cat_smooth: 10]
[max_cat_to_onehot: 4]
[top_k: 20]
[monotone_constraints: ]
[monotone_constraints_method: basic]
[monotone_penalty: 0]
[feature_contri: ]
[forcedsplits_filename: ]
[refit_decay_rate: 0.9]
[cegb_tradeoff: 1]
[cegb_penalty_split: 0]
[cegb_penalty_feature_lazy: ]
[cegb_penalty_feature_coupled: ]
[path_smooth: 0]
[interaction_constraints: ]
[verbosity: -1]
[saved_feature_importance_type: 0]
[use_quantized_grad: 0]
[num_grad_quant_bins: 4]
[quant_train_renew_leaf: 0]
[stochastic_rounding: 1]
[linear_tree: 0]
[max_bin: 255]
[max_bin_by_feature: ]
[min_data_in_bin: 3]
[bin_construct_sample_cnt: 200000]
[data_random_seed: 38]
[is_enable_sparse: 1]
[enable_bundle: 1]
[use_missing: 1]
[zero_as_missing: 0]
[feature_pre_filter: 1]
[pre_partition: 0]
[two_round: 0]
[header: 0]
[label_column: ]
[weight_column: ]
[group_column: ]
[ignore_column: ]
[categorical_feature: ]
[forcedbins_filename: ]
[precise_float_parser: 0]
[parser_config_file: ]
[objective_seed: 8855]
[num_class: 1]
[is_unbalance: 0]
[scale_pos_weight: 1]
[sigmoid: 1]
[boost_from_average: 1]
[reg_sqrt: 0]
[alpha: 0.5]
[fair_c: 1]
[poisson_max_delta_step: 0.7]
[tweedie_variance_power: 1.5]
[lambdarank_truncation_level: 30]
[lambdarank_norm: 1]
[label_gain: ]
[lambdarank_position_bias_regularization: 0]
[eval_at: ]
[multi_error_top_k: 1]
[auc_mu_weights: ]
[num_machines: 1]
[local_listen_port: 12400]
[time_out: 120]
[machine_list_filename: ]
[machines: ]
[gpu_platform_id: -1]
[gpu_device_id: -1]
[gpu_use_dp: 0]
[num_gpu: 1]

end of parameters

pandas_categorical:null
