tree
version=v4
num_class=1
num_tree_per_iteration=1
label_index=0
max_feature_idx=13
objective=huber
feature_names=Column_0 Column_1 Column_2 Column_3 Column_4 Column_5 Column_6 Column_7 Column_8 Column_9 Column_10 Column_11 Column_12 Column_13
feature_infos=[0.025000000000000001:0.96499999999999997] [-2.1801865442225936:2.2132114866740049] [0:0.23206799769799275] [-1.7320508075688898:1.7320508075688965] [0:0.18086597247685926] [-0.52000000000000002:0.42999999999999999] [2.6665335208992764:9.2920401674594846] [-0.99937210579232882:0.99916327993665344] [0:0.92480568210655301] [-2.1673675294966617:2.0333649407082746] [0.0099999999999998979:0.82000000000000006] [-0.99999729229082379:0.99999729229082379] [-0.99999729229082379:0.99999729229082379] [-0.68022685703352415:0.68975332760599206]
tree_sizes=679 683 683 683 684 770 685 770 683 770 774 689 773 768 768 773 776 774 774 778 682 774 780 781 688 775 775 781 772 780 781 688 783 776 780 685 779 777 687 778 780 779 773 777 684 691 774 689 778 605 604 781 773 780 605 777 604 775 780 784 781 787 781 615 690 606 610 602 521 694 607 606 607 611 609 690 606 519 781 691 518 514 607 602 689 512 516 601 605 602 514 511 516 610 606 513 607 778 610 514 515 605 606 516 608 517 514 606 519 775 521 523 606 611 778 517 521 608 781 515 516 611 782 605 609 516 607 610 514 776 605 516 515 519 520 605 783 602 515 606 602 778 519 695 612 695 609 516 606 518 604 692 519 520 695 607 607 694 520 512 604 606 523 699 521 606 697 694 691 606 522 523 695 603 781 517 517 692 524 613 693 518 518 701 519 605 520 607 518 609 702 518 607 693 777 608 603 602 603 784 606 604 517 605 691 696 608 522 778 609 696 607 777 780 781 678 774 609 605 697 689 700 779 522 698 605 608 604 789 789 525 607 700 612 787 612 693 524 790 783 617 604 696 781 521 611 605 607 780 589 693 692 594 608 519 691 604 525 695 694 613 777 519 695 615 606 608 519 694 778 694 608 697 519 519 696 782 690 613 517 779 601 607 524 696 693 697 517 606 604 683 696 518 520 519 614 693 525 591 696

Tree=0
num_leaves=6
num_cat=0
split_feature=0 0 11 13 6
split_gain=95.4024 15.3379 8.10245 6.19378 5.08451
threshold=0.54750000000000021 0.73000000000000009 -0.91428340587396184 0.085510949288249594 5.3715213415303493
decision_type=2 2 2 10 2
left_child=2 4 -1 -4 -2
right_child=1 -3 3 -5 -6
leaf_value=-0.068381453310341345 -0.079388011491107913 -0.094188565494973314 -0.061080835581526348 -0.054439303967604685 -0.070335480265210762
leaf_weight=245 551 152 968 548 235
leaf_count=245 551 152 968 548 235
internal_value=-0.0668936 -0.0797286 -0.0600273 -0.0586619 -0.0767489
internal_weight=2699 938 1761 1516 786
internal_count=2699 938 1761 1516 786
is_linear=0
shrinkage=1


Tree=1
num_leaves=6
num_cat=0
split_feature=0 0 11 13 6
split_gain=88.4963 13.89 7.37883 5.65374 4.69418
threshold=0.54750000000000021 0.73000000000000009 -0.91428340587396184 0.085510949288249594 5.3715213415303493
decision_type=2 2 2 10 2
left_child=2 4 -1 -4 -2
right_child=1 -3 3 -5 -6
leaf_value=-0.0057266948044300088 -0.016427497790871767 -0.030495377634740941 0.0012376334039611171 0.0075830242901393776 -0.0077255611370007195
leaf_weight=245 551 152 968 548 235
leaf_count=245 551 152 968 548 235
internal_value=-0.00436747 -0.0167292 0.00224573 0.00354874 -0.0138911
internal_weight=2699 938 1761 1516 786
internal_count=2699 938 1761 1516 786
is_linear=0
shrinkage=0.05


Tree=2
num_leaves=6
num_cat=0
split_feature=0 0 11 13 6
split_gain=82.0937 12.5756 6.71984 5.16079 4.33334
threshold=0.54750000000000021 0.73000000000000009 -0.91428340587396184 0.085510949288249594 5.3715213415303493
decision_type=2 2 2 10 2
left_child=2 4 -1 -4 -2
right_child=1 -3 3 -5 -6
leaf_value=-0.0054609761536121371 -0.015863173267395374 -0.02923283147963749 0.0011825569234367266 0.007245010736433766 -0.0074986234928170852
leaf_weight=245 551 152 968 548 235
leaf_count=245 551 152 968 548 235
internal_value=-0.00422236 -0.0161285 0.00214715 0.00339061 -0.0134255
internal_weight=2699 938 1761 1516 786
internal_count=2699 938 1761 1516 786
is_linear=0
shrinkage=0.05


Tree=3
num_leaves=6
num_cat=0
split_feature=0 0 11 13 6
split_gain=76.1563 11.3827 6.12126 4.71082 3.99981
threshold=0.54750000000000021 0.73000000000000009 -0.91428340587396184 0.085510949288249594 5.3715213415303493
decision_type=2 2 2 10 2
left_child=2 4 -1 -4 -2
right_child=1 -3 3 -5 -6
leaf_value=-0.005208645206689835 -0.015318233085622033 -0.028022553852409315 0.0011299313516006685 0.006922064318740994 -0.0072783514733115832
leaf_weight=245 551 152 968 548 235
leaf_count=245 551 152 968 548 235
internal_value=-0.00408214 -0.0155496 0.00205275 0.00323953 -0.0129757
internal_weight=2699 938 1761 1516 786
internal_count=2699 938 1761 1516 786
is_linear=0
shrinkage=0.05


Tree=4
num_leaves=6
num_cat=0
split_feature=0 0 11 13 2
split_gain=70.6332 10.3003 5.57423 4.28998 3.92332
threshold=0.54750000000000021 0.73000000000000009 -0.91428340587396184 0.085510949288249594 0.027928388277184121
decision_type=2 2 2 10 2
left_child=2 4 -1 -4 -2
right_child=1 -3 3 -5 -6
leaf_value=-0.004969046592712403 -0.016981150437692171 -0.026862385508361137 0.0010796478027736297 0.006607021840043352 -0.009518193963652331
leaf_weight=245 309 152 968 548 477
leaf_count=245 309 152 968 548 477
internal_value=-0.00394798 -0.0149918 0.00196032 0.00309282 -0.0125409
internal_weight=2699 938 1761 1516 786
internal_count=2699 938 1761 1516 786
is_linear=0
shrinkage=0.05


Tree=5
num_leaves=7
num_cat=0
split_feature=0 0 13 13 8 6
split_gain=65.5211 9.31646 3.63088 5.14237 4.64614 3.62509
threshold=0.54750000000000021 0.73000000000000009 0.077747310885762935 -0.06445629354884333 0.33970002995702336 5.3715213415303493
decision_type=2 2 10 8 2 2
left_child=2 5 3 -1 -4 -2
right_child=1 -3 4 -5 -6 -7
leaf_value=0.0031512402200571201 -0.014350276059812782 -0.025750248637169033 0.011820415355738877 -0.0037385892564838403 0.0022973694220127074 -0.0067072140673796344
leaf_weight=602 551 152 168 484 507 235
leaf_count=602 551 152 168 484 507 235
internal_value=-0.00381859 -0.0144552 0.00187192 7.75735e-05 0.00473704 -0.012122
internal_weight=2699 938 1761 1086 675 786
internal_count=2699 938 1761 1086 675 786
is_linear=0
shrinkage=0.05


Tree=6
num_leaves=6
num_cat=0
split_feature=0 0 11 6 2
split_gain=60.7787 8.42619 5.08939 4.06708 3.55767
threshold=0.54750000000000021 0.73000000000000009 -0.91428340587396184 4.7510436906828923 0.027928388277184121
decision_type=2 2 2 2 2
left_child=2 4 -1 -4 -2
right_child=1 -3 3 -5 -6
leaf_value=-0.0048322365313768385 -0.01593941610520053 -0.02468415426600511 -0.00092817214960904467 0.0046266172818417283 -0.0088425966837594131
leaf_weight=245 309 152 480 1036 477
leaf_count=245 309 152 480 1036 477
internal_value=-0.00369247 -0.0139369 0.00178827 0.00287058 -0.0117157
internal_weight=2699 938 1761 1516 786
internal_count=2699 938 1761 1516 786
is_linear=0
shrinkage=0.05


Tree=7
num_leaves=7
num_cat=0
split_feature=0 0 5 3 6 13
split_gain=56.3907 7.61729 3.68273 4.9963 3.28715 3.22506
threshold=0.54750000000000021 0.73000000000000009 0.019999999999999938 0.19365858115816967 5.3715213415303493 0.051286863156564062
decision_type=2 2 2 2 2 10
left_child=2 4 3 -1 -2 -4
right_child=1 -3 5 -5 -6 -7
leaf_value=0.0017080795479358626 -0.013444409283588258 -0.023662199791829298 0.0020390607145699589 -0.0069754715038773916 -0.0061765128994981447 0.01145719660457617
leaf_weight=1203 551 152 215 187 235 156
leaf_count=1203 551 152 215 187 235 156
internal_value=-0.00357069 -0.0134384 0.00170853 0.000519046 -0.0113242 0.00609894
internal_weight=2699 938 1761 1390 786 371
internal_count=2699 938 1761 1390 786 371
is_linear=0
shrinkage=0.05


Tree=8
num_leaves=6
num_cat=0
split_feature=0 0 11 6 2
split_gain=52.3483 6.88569 4.63742 3.7157 3.2274
threshold=0.54750000000000021 0.73000000000000009 -0.91428340587396184 4.7510436906828923 0.027928388277184121
decision_type=2 2 2 2 2
left_child=2 4 -1 -4 -2
right_child=1 -3 3 -5 -6
leaf_value=-0.00468205835968256 -0.014963232407903976 -0.022682554175139993 -0.00095991277356737676 0.0043489408823343912 -0.0082130018977208761
leaf_weight=245 309 152 480 1036 477
leaf_count=245 309 152 480 1036 477
internal_value=-0.00344937 -0.0129568 0.00163713 0.00267041 -0.0109445
internal_weight=2699 938 1761 1516 786
internal_count=2699 938 1761 1516 786
is_linear=0
shrinkage=0.05


Tree=9
num_leaves=7
num_cat=0
split_feature=0 0 4 11 9 1
split_gain=48.5732 6.44074 5.69564 4.22402 3.67914 2.74415
threshold=0.54750000000000021 0.66000000000000014 0.026969276258445214 -0.91428340587396184 -1.2563226875010061 1.1412454307396855
decision_type=2 2 2 2 2 2
left_child=3 2 -2 -1 -5 -3
right_child=1 5 -4 4 -6 -7
leaf_value=-0.0044666835919022563 -0.01445438869351106 -0.012658731778000677 -0.0045633191512181211 0.009123189711475117 0.0016229805613772652 -0.022419595083252329
leaf_weight=245 273 167 320 182 1334 178
leaf_count=245 273 167 320 182 1334 178
internal_value=-0.00333541 -0.0124936 -0.00919966 0.00156429 0.00255043 -0.0179431
internal_weight=2699 938 593 1761 1516 345
internal_count=2699 938 593 1761 1516 345
is_linear=0
shrinkage=0.05


Tree=10
num_leaves=7
num_cat=0
split_feature=0 0 4 11 5 8
split_gain=45.0544 5.88771 5.27299 3.85057 3.6355 2.42139
threshold=0.54750000000000021 0.66000000000000014 0.026969276258445214 -0.91428340587396184 0.030000000000000058 0.49403977230638535
decision_type=2 2 2 2 2 2
left_child=3 2 -2 -1 -5 -3
right_child=1 5 -4 4 -6 -7
leaf_value=-0.0042612158790230753 -0.013947445454357341 -0.011782437735988249 -0.0044292274071620064 0.0014352760628446358 0.0084342838157706549 -0.021062925577163698
leaf_weight=245 273 150 320 1304 212 195
leaf_count=245 273 150 320 1304 212 195
internal_value=-0.00322191 -0.0120422 -0.00889112 0.00149701 0.00243854 -0.0172539
internal_weight=2699 938 593 1761 1516 345
internal_count=2699 938 593 1761 1516 345
is_linear=0
shrinkage=0.05


Tree=11
num_leaves=6
num_cat=0
split_feature=0 0 11 6 13
split_gain=41.8409 5.43682 3.51933 3.41531 2.97457
threshold=0.54750000000000021 0.73000000000000009 -0.91428340587396184 4.7510436906828923 0.097733296103242703
decision_type=2 2 2 2 8
left_child=2 4 -1 -4 -2
right_child=1 -3 3 -5 -6
leaf_value=-0.0040652000799775122 -0.011915357333927578 -0.020252505666131428 -0.0011387191344167768 0.0039494183360027305 -0.0051502304283652725
leaf_weight=245 537 152 480 1036 249
leaf_count=245 537 152 480 1036 249
internal_value=-0.00310768 -0.0116076 0.00143984 0.00233995 -0.00981831
internal_weight=2699 938 1761 1516 786
internal_count=2699 938 1761 1516 786
is_linear=0
shrinkage=0.05


Tree=12
num_leaves=7
num_cat=0
split_feature=0 0 4 8 13 6
split_gain=38.8357 5.06254 4.83227 3.51028 5.8861 3.89475
threshold=0.54750000000000021 0.66000000000000014 0.026969276258445214 0.37329720602829247 0.047875630642505169 4.7075010671715285
decision_type=2 2 2 2 10 2
left_child=3 2 -2 4 -1 -5
right_child=1 -3 -4 5 -6 -7
leaf_value=-0.00017588718600992887 -0.01310852433708932 -0.016025558309895653 -0.0040041097861069899 -0.0049279299948145365 0.010801516104003657 0.0015339172929905508
leaf_weight=260 273 345 320 301 225 975
leaf_count=260 273 345 320 301 225 975
internal_value=-0.00300348 -0.0111924 -0.00827008 0.00137771 0.00497498 -3.67497e-06
internal_weight=2699 938 593 1761 485 1276
internal_count=2699 938 593 1761 485 1276
is_linear=0
shrinkage=0.05


Tree=13
num_leaves=7
num_cat=0
split_feature=0 0 4 2 9 8
split_gain=36.047 4.63304 4.47492 3.37255 4.6789 3.36578
threshold=0.54750000000000021 0.66000000000000014 0.026969276258445214 0.017262579304887008 0.46337171523609771 0.27414229417610386
decision_type=2 2 2 2 2 2
left_child=3 2 -2 4 -1 -5
right_child=1 -3 -4 5 -6 -7
leaf_value=-0.0062212751398449543 -0.012648782562866485 -0.015414297776562828 -0.00388645023566026 0.0090167454676702615 0.0045603678832131051 0.0015822091278628889
leaf_weight=284 273 345 320 171 150 1156
leaf_count=284 273 345 320 171 150 1156
internal_value=-0.00290002 -0.0107895 -0.0079924 0.00132095 -0.0024854 0.00257049
internal_weight=2699 938 593 1761 434 1327
internal_count=2699 938 593 1761 434 1327
is_linear=0
shrinkage=0.05


Tree=14
num_leaves=7
num_cat=0
split_feature=0 0 5 3 13 6
split_gain=33.454 4.3242 3.37435 4.45345 2.93291 2.82216
threshold=0.54750000000000021 0.73000000000000009 0.019999999999999938 0.19365858115816967 0.051286863156564062 5.3715213415303493
decision_type=2 2 2 2 10 2
left_child=2 5 3 -1 -4 -2
right_child=1 -3 4 -5 -6 -7
leaf_value=0.0012522419768120378 -0.010758196106917568 -0.018112375838741378 0.0016057545488530941 -0.006945602328050882 0.010575561345734211 -0.004096001659830411
leaf_weight=1203 551 152 215 187 156 235
leaf_count=1203 551 152 215 187 156 235
internal_value=-0.00280072 -0.0104011 0.00126562 0.000128425 0.0054679 -0.0088048
internal_weight=2699 938 1761 1390 371 786
internal_count=2699 938 1761 1390 371 786
is_linear=0
shrinkage=0.05


Tree=15
num_leaves=7
num_cat=0
split_feature=0 0 4 11 8 1
split_gain=31.0909 3.98543 4.09412 3.29885 3.39353 2.29785
threshold=0.54750000000000021 0.66000000000000014 0.026969276258445214 -0.91428340587396184 0.71040165460645566 1.1412454307396855
decision_type=2 2 2 2 2 2
left_child=3 2 -2 -1 -5 -3
right_child=1 5 -4 4 -6 -7
leaf_value=-0.0041091999188065526 -0.011885369628024616 -0.0096163371447906942 -0.0035104459982651932 0.0012820218862660709 0.009031251072883606 -0.018344883889448448
leaf_weight=245 273 167 320 1363 153 178
leaf_count=245 273 167 320 1363 153 178
internal_value=-0.00270071 -0.0100277 -0.00743316 0.00121939 0.00209122 -0.0143175
internal_weight=2699 938 593 1761 1516 345
internal_count=2699 938 593 1761 1516 345
is_linear=0
shrinkage=0.05


Tree=16
num_leaves=7
num_cat=0
split_feature=0 0 8 5 6 7
split_gain=28.8529 3.64156 3.17096 3.64051 2.58444 2.37928
threshold=0.54750000000000021 0.73000000000000009 0.37329720602829247 0.019999999999999938 5.3715213415303493 0.099959311828743111
decision_type=2 2 2 2 2 2
left_child=2 4 5 -4 -2 -1
right_child=1 -3 3 -5 -6 -7
leaf_value=0.0072908800935336197 -0.010066381134360815 -0.016744768885290549 -0.0015291811557510606 0.0049591355865651913 -0.0036997430647412936 9.3467344367314902e-05
leaf_weight=301 551 152 1006 270 235 184
leaf_count=301 551 152 1006 270 235 184
internal_value=-0.00260626 -0.00966466 0.00117012 -0.000142264 -0.00819829 0.00458913
internal_weight=2699 938 1761 1276 786 485
internal_count=2699 938 1761 1276 786 485
is_linear=0
shrinkage=0.05


Tree=17
num_leaves=7
num_cat=0
split_feature=0 0 4 2 9 8
split_gain=26.8173 3.42463 3.74774 3.08012 4.4226 2.96756
threshold=0.54750000000000021 0.66000000000000014 0.026969276258445214 0.017262579304887008 -0.032888191767918747 0.27414229417610386
decision_type=2 2 2 2 2 2
left_child=3 2 -2 4 -1 -5
right_child=1 -3 -4 5 -6 -7
leaf_value=-0.007827762168818626 -0.011170443184941793 -0.013294548409325736 -0.0031634091505637536 0.0083746665940535349 0.0021895495082255661 0.0013947909077008567
leaf_weight=202 273 345 320 171 232 1156
leaf_count=202 273 345 320 171 232 1156
internal_value=-0.00251284 -0.00931769 -0.00691219 0.0011279 -0.00250894 0.00232229
internal_weight=2699 938 593 1761 434 1327
internal_count=2699 938 593 1761 434 1327
is_linear=0
shrinkage=0.05


Tree=18
num_leaves=7
num_cat=0
split_feature=0 0 4 11 9 8
split_gain=24.8911 3.13413 3.47257 3.0347 3.46998 2.10434
threshold=0.54750000000000021 0.66000000000000014 0.026969276258445214 -0.91428340587396184 -1.2563226875010061 0.49403977230638535
decision_type=2 2 2 2 2 2
left_child=3 2 -2 -1 -5 -3
right_child=1 5 -4 4 -6 -7
leaf_value=-0.0040287018537521367 -0.010778673915125485 -0.0079114467290139958 -0.0030704527726540202 0.0082984395843138676 0.001019665693044885 -0.016246677279472353
leaf_weight=245 273 150 320 182 1334 195
leaf_count=245 273 150 320 182 1334 195
internal_value=-0.00242604 -0.00898195 -0.00667955 0.00108152 0.00191791 -0.0127875
internal_weight=2699 938 593 1761 1516 345
internal_count=2699 938 593 1761 1516 345
is_linear=0
shrinkage=0.05


Tree=19
num_leaves=7
num_cat=0
split_feature=0 13 5 3 13 2
split_gain=23.1042 3.1011 2.98623 3.9784 2.74901 2.60099
threshold=0.54750000000000021 0.097733296103242703 0.019999999999999938 0.19365858115816967 0.051286863156564062 0.030321195454330773
decision_type=2 8 2 2 10 2
left_child=2 5 3 -1 -4 -2
right_child=1 -3 4 -5 -6 -7
leaf_value=0.0010323074322489913 -0.014345341953482941 -0.0041344756286748703 0.0012608986889774149 -0.0067159559306067722 0.0099354612392298196 -0.0077429092533980743
leaf_weight=1203 269 279 215 187 156 390
leaf_count=1203 269 279 215 187 156 390
internal_value=-0.00234049 -0.0086567 0.00103883 -3.04202e-05 0.00499204 -0.0105257
internal_weight=2699 938 1761 1390 371 659
internal_count=2699 938 1761 1390 371 659
is_linear=0
shrinkage=0.05


Tree=20
num_leaves=6
num_cat=0
split_feature=0 6 3 9 9
split_gain=21.5046 3.03849 4.73615 2.88086 4.60503
threshold=0.54750000000000021 4.6086134725029018 1.414213562373096 1.3679239681690776 0.70607530230655746
decision_type=2 2 2 2 2
left_child=3 -2 -3 4 -1
right_child=1 2 -4 -5 -6
leaf_value=0.00017375998983257696 -0.0025623658051093421 -0.0074943332284943672 -0.017034536329182712 -0.0052511246886082046 0.0065102886717348183
leaf_weight=1230 187 580 171 162 369
leaf_count=1230 187 580 171 162 369
internal_value=-0.00225656 -0.0083502 -0.0097649 0.00100368 0.00165177
internal_weight=2699 938 751 1761 1599
internal_count=2699 938 751 1761 1599
is_linear=0
shrinkage=0.05


Tree=21
num_leaves=7
num_cat=0
split_feature=0 8 6 0 4 8
split_gain=20.0106 3.52662 3.62709 3.2174 5.84439 1.90264
threshold=0.5375000000000002 0.37329720602829247 4.7075010671715285 0.66000000000000014 0.028613807855649015 0.49403977230638535
decision_type=2 2 2 2 2 2
left_child=1 -1 -3 4 -2 -5
right_child=3 2 -4 5 -6 -7
leaf_value=0.0048486608706081093 -0.010140108357932451 -0.0051064447661918998 0.0012674657138921283 -0.0070274973684741606 -0.00081784113928362416 -0.014908350072801113
leaf_weight=464 342 288 932 150 328 195
leaf_count=464 342 288 932 150 328 195
internal_value=-0.00218064 0.00116368 -0.000251896 -0.00770774 -0.00561624 -0.0116312
internal_weight=2699 1684 1220 1015 670 345
internal_count=2699 1684 1220 1015 670 345
is_linear=0
shrinkage=0.05


Tree=22
num_leaves=7
num_cat=0
split_feature=0 8 13 5 0 4
split_gain=18.5564 3.22557 5.12321 3.32255 2.94422 5.44711
threshold=0.5375000000000002 0.37329720602829247 0.047875630642505169 0.019999999999999938 0.66000000000000014 0.028613807855649015
decision_type=2 2 10 2 2 2
left_child=1 2 -1 -3 5 -2
right_child=4 3 -4 -5 -6 -7
leaf_value=-0.00035167016834020619 -0.0097949426352805999 -0.0015349734011035282 0.010103544973701771 0.0049717829239611724 -0.011183051888431822 -0.00079500067520427988
leaf_weight=245 342 980 219 240 345 328
leaf_count=245 342 980 219 240 345 328
internal_value=-0.0021066 0.00111392 0.00463812 -0.000239887 -0.00742907 -0.00542753
internal_weight=2699 1684 464 1220 1015 670
internal_count=2699 1684 464 1220 1015 670
is_linear=0
shrinkage=0.05


Tree=23
num_leaves=7
num_cat=0
split_feature=5 2 5 13 9 7
split_gain=5.73672 4.79395 5.48333 4.341 5.54742 3.92661
threshold=0.044999999999999964 0.030033296378372883 0.11000000000000003 0.072466358839533132 1.0000000180025095e-35 -0.72096227521762979
decision_type=2 2 2 8 2 2
left_child=3 -2 -3 4 -1 -5
right_child=1 2 -4 5 -6 -7
leaf_value=-0.0079543779215386686 -0.012789294378862857 0.0013162714593550739 -0.008162021044799482 -0.0018524814318551356 -0.00028914179940191595 0.0052986630035247086
leaf_weight=328 176 301 302 327 812 453
leaf_count=328 176 301 302 327 812 453
internal_value=-0.00203073 -0.00563498 -0.00345882 -0.000557544 -0.00251968 0.00230798
internal_weight=2699 779 603 1920 1140 780
internal_count=2699 779 603 1920 1140 780
is_linear=0
shrinkage=0.05


Tree=24
num_leaves=6
num_cat=0
split_feature=0 11 8 6 1
split_gain=16.8497 2.83916 3.27094 2.73497 4.4346
threshold=0.54750000000000021 -0.91428340587396184 0.71040165460645566 4.6086134725029018 0.57735026918962873
decision_type=2 2 2 2 2
left_child=1 -1 -3 -2 -5
right_child=3 2 -4 4 -6
leaf_value=-0.0040042518272995955 -0.0018705658381804825 0.00095398071241069434 0.0085592708939427071 -0.002654847871940748 -0.011148065086280074
leaf_weight=245 187 1363 153 221 530
leaf_count=245 187 1363 153 221 530
internal_value=-0.00194786 0.000937909 0.00174715 -0.00734184 -0.00868282
internal_weight=2699 1761 1516 938 751
internal_count=2699 1761 1516 938 751
is_linear=0
shrinkage=0.05


Tree=25
num_leaves=7
num_cat=0
split_feature=0 8 13 6 2 2
split_gain=15.6814 3.01018 4.50689 3.32562 2.80798 6.16922
threshold=0.5375000000000002 0.37329720602829247 0.047875630642505169 4.7075010671715285 0.028248871603396838 0.036682565734444401
decision_type=2 2 10 2 2 2
left_child=1 2 -1 -3 -2 -6
right_child=4 3 -4 -5 5 -7
leaf_value=-0.00019626774676144125 -0.01005546386328124 -0.0048743973285875226 0.0096125003682183373 0.0012288653555156202 0.003561569776451379 -0.007605948523663017
leaf_weight=245 396 288 219 932 166 453
leaf_count=245 396 288 219 932 166 453
internal_value=-0.00187846 0.00108193 0.00448642 -0.00022592 -0.00677131 -0.00460656
internal_weight=2699 1684 464 1220 1015 619
internal_count=2699 1684 464 1220 1015 619
is_linear=0
shrinkage=0.05


Tree=26
num_leaves=7
num_cat=0
split_feature=0 5 0 13 13 6
split_gain=14.5768 2.81772 3.7374 2.62721 2.44186 1.99812
threshold=0.54750000000000021 0.019999999999999938 0.39750000000000008 0.097733296103242703 0.051286863156564062 4.72906641380425
decision_type=2 2 2 8 10 2
left_child=1 2 -1 5 -3 -2
right_child=3 4 -4 -5 -6 -7
leaf_value=0.0024876153900694215 -0.0036715917809064997 0.0011940793151205237 -0.0026811182452300994 -0.0026991934003964277 0.0093698491452273384 -0.010146921579266938
leaf_weight=676 167 215 714 279 156 492
leaf_count=676 167 215 714 279 156 492
internal_value=-0.00181343 0.00087066 -0.000167497 -0.00683044 0.00471075 -0.00854598
internal_weight=2699 1761 1390 938 371 659
internal_count=2699 1761 1390 938 371 659
is_linear=0
shrinkage=0.05


Tree=27
num_leaves=7
num_cat=0
split_feature=5 2 5 13 9 7
split_gain=4.31015 4.45068 4.65639 3.65341 5.04063 3.60815
threshold=0.044999999999999964 0.030033296378372883 0.11000000000000003 0.072466358839533132 1.0000000180025095e-35 -0.72096227521762979
decision_type=2 2 2 8 2 2
left_child=3 -2 -3 4 -1 -5
right_child=1 2 -4 5 -6 -7
leaf_value=-0.0074545621715329429 -0.011763231472745127 0.0016104647001020272 -0.0071194689417506665 -0.001832839990236673 -0.00014869930858711281 0.0050217051923226192
leaf_weight=328 176 301 302 327 812 453
leaf_count=328 176 301 302 327 812 453
internal_value=-0.0017509 -0.00487503 -0.00278433 -0.000473984 -0.00227411 0.0021547
internal_weight=2699 779 603 1920 1140 780
internal_count=2699 779 603 1920 1140 780
is_linear=0
shrinkage=0.05


Tree=28
num_leaves=7
num_cat=0
split_feature=0 9 9 2 2 6
split_gain=13.2566 2.91986 2.94426 2.61425 5.635 3.48387
threshold=0.5375000000000002 1.3679239681690776 0.70607530230655746 0.028248871603396838 0.036682565734444401 5.2118875434537193
decision_type=2 2 2 2 2 2
left_child=1 2 -1 5 -5 -2
right_child=3 -3 -4 4 -6 -7
leaf_value=0.00052766223048409408 -0.013053531956866505 -0.0054115381911865575 0.005776392654988213 0.0037072748120068112 -0.0069608607374164223 -0.0033434214070439342
leaf_weight=1190 241 154 340 166 453 155
leaf_count=1190 241 154 340 166 453 155
internal_value=-0.00167798 0.0010438 0.00170906 -0.00617671 -0.00409316 -0.00934194
internal_weight=2699 1684 1530 1015 619 396
internal_count=2699 1684 1530 1015 619 396
is_linear=0
shrinkage=0.05


Tree=29
num_leaves=7
num_cat=0
split_feature=0 5 3 6 1 11
split_gain=12.3025 2.74747 3.46313 2.42948 3.82563 1.67626
threshold=0.54750000000000021 0.019999999999999938 0.19365858115816967 4.6086134725029018 0.57735026918962873 -0.043619269256720571
decision_type=2 2 2 2 2 2
left_child=1 2 -1 -2 -5 -3
right_child=3 5 -4 4 -6 -7
leaf_value=0.00081134437381394755 -0.0010957142648597559 0.0080685409854670039 -0.0064178232452832169 -0.0019106263344266774 -0.0097815286054789476 0.0013469503082410253
leaf_weight=1203 187 178 187 221 530 193
leaf_count=1203 187 178 187 221 530 193
internal_value=-0.00162137 0.000844349 -0.00018073 -0.00623043 -0.00749328 0.00463627
internal_weight=2699 1761 1390 938 751 371
internal_count=2699 1761 1390 938 751 371
is_linear=0
shrinkage=0.05


Tree=30
num_leaves=7
num_cat=0
split_feature=0 8 13 0 4 2
split_gain=11.4518 2.78838 3.89771 3.14622 2.52933 5.14552
threshold=0.5375000000000002 0.37329720602829247 0.047875630642505169 0.48750000000000004 0.026969276258445214 0.036682565734444401
decision_type=2 2 10 2 2 2
left_child=1 2 -1 -3 -2 -6
right_child=4 3 -4 -5 5 -7
leaf_value=-0.00011271981447935105 -0.0086697727338067351 0.0010282621076552058 0.0090104552276898172 -0.005139647463881924 0.0036009612210680928 -0.0065641736651542923
leaf_weight=245 426 962 219 258 173 416
leaf_count=245 426 962 219 258 173 416
internal_value=-0.00156304 0.000966705 0.00424342 -0.000291753 -0.00574433 -0.00357331
internal_weight=2699 1684 464 1220 1015 589
internal_count=2699 1684 464 1220 1015 589
is_linear=0
shrinkage=0.05


Tree=31
num_leaves=6
num_cat=0
split_feature=0 11 9 13 6
split_gain=10.6021 2.71891 3.11652 2.3042 1.74989
threshold=0.54750000000000021 -0.91428340587396184 -1.2563226875010061 0.097733296103242703 4.72906641380425
decision_type=2 2 2 8 2
left_child=1 -1 -3 4 -2
right_child=3 2 -4 -5 -6
leaf_value=-0.004061168505251408 -0.0028630259858314381 0.0076126323783780167 0.00071640369218730325 -0.001939331409586987 -0.0088931462744352083
leaf_weight=245 167 182 1334 279 492
leaf_count=245 167 182 1334 279 492
internal_value=-0.00151463 0.000774368 0.00156662 -0.00579332 -0.00739809
internal_weight=2699 1761 1516 938 659
internal_count=2699 1761 1516 938 659
is_linear=0
shrinkage=0.05


Tree=32
num_leaves=7
num_cat=0
split_feature=0 5 3 13 2 2
split_gain=9.89014 2.7301 3.01027 2.65401 2.3919 4.90847
threshold=0.5375000000000002 0.019999999999999938 0.19365858115816967 0.037435172908695337 0.028248871603396838 0.036682565734444401
decision_type=2 2 2 10 2 2
left_child=1 2 -1 -3 -2 -6
right_child=4 3 -4 -5 5 -7
leaf_value=0.00082372052723233505 -0.0083684227970472896 0.00061319191855463114 -0.0060506461350166288 0.0095917958137579275 0.0039110887730330751 -0.0060389915082652498
leaf_weight=1179 396 171 179 155 166 453
leaf_count=1179 396 171 179 155 166 453
internal_value=-0.00146014 0.000890808 -0.000101272 0.00496257 -0.00534588 -0.00336068
internal_weight=2699 1684 1358 326 1015 619
internal_count=2699 1684 1358 326 1015 619
is_linear=0
shrinkage=0.05


Tree=33
num_leaves=7
num_cat=0
split_feature=0 2 9 9 13 2
split_gain=9.18783 2.58456 4.10672 2.51354 2.11912 1.83335
threshold=0.54750000000000021 0.017262579304887008 0.46337171523609771 1.2335137791240023 0.097733296103242703 0.030321195454330773
decision_type=2 2 2 2 8 2
left_child=1 2 -1 -3 5 -2
right_child=4 3 -4 -5 -6 -7
leaf_value=-0.0061044423122307012 -0.01010061768937285 0.0026427219019592527 0.0039997969231297895 -0.0038570735821424175 -0.0016984287911737468 -0.0046413184645809711
leaf_weight=284 269 1161 150 166 279 390
leaf_count=284 269 1161 150 166 279 390
internal_value=-0.0014074 0.000723465 -0.00260641 0.00181821 -0.0053905 -0.00692905
internal_weight=2699 1761 434 1327 938 659
internal_count=2699 1761 434 1327 938 659
is_linear=0
shrinkage=0.05


Tree=34
num_leaves=7
num_cat=0
split_feature=0 8 13 3 6 2
split_gain=8.56367 2.62617 3.5107 3.08679 2.17811 3.43762
threshold=0.5375000000000002 0.37329720602829247 0.047875630642505169 -0.99999999999999567 5.5921243929396782 0.028613807855648991
decision_type=2 2 10 2 2 2
left_child=1 2 -1 -3 5 -2
right_child=4 3 -4 -5 -6 -7
leaf_value=-0.00012381640393286945 -0.0098948440879409079 -0.0036245385762667705 0.0085342604758417498 0.0015501495913368673 0.00018764055626732963 -0.0033560873995050356
leaf_weight=245 337 456 219 764 170 508
leaf_count=245 337 456 219 764 170 508
internal_value=-0.00135762 0.000830002 0.00401006 -0.000390896 -0.0049734 -0.00600672
internal_weight=2699 1684 464 1220 1015 845
internal_count=2699 1684 464 1220 1015 845
is_linear=0
shrinkage=0.05


Tree=35
num_leaves=6
num_cat=0
split_feature=0 11 8 6 3
split_gain=7.97519 2.53048 3.08724 2.135 3.54699
threshold=0.54750000000000021 -0.91428340587396184 0.71040165460645566 4.6086134725029018 1.414213562373096
decision_type=2 2 2 2 2
left_child=1 -1 -3 -2 -5
right_child=3 2 -4 4 -6
leaf_value=-0.0039886193379759785 -0.00023039568526049458 0.00067090577948348304 0.008057620859693122 -0.0042703540763284406 -0.012452921593053775
leaf_weight=245 187 1363 153 580 171
leaf_count=245 187 1363 153 580 171
internal_value=-0.0013093 0.000675962 0.00144044 -0.00502026 -0.00620353
internal_weight=2699 1761 1516 938 751
internal_count=2699 1761 1516 938 751
is_linear=0
shrinkage=0.05


Tree=36
num_leaves=7
num_cat=0
split_feature=0 11 5 8 3 13
split_gain=7.53343 2.99962 4.76269 3.20191 2.19726 2.51464
threshold=0.48750000000000004 0.67368457498306267 0.017499999999999964 0.67354579330941966 0.4291888997508333 -0.13284191311880053
decision_type=2 2 2 2 2 8
left_child=4 3 -3 -2 5 -1
right_child=1 2 -4 -5 -6 -7
leaf_value=0.004800503435399151 -0.0067176053896358702 -0.0067754323690226593 0.0041958625620675954 0.00054101154673844574 0.0057216276491030317 -0.00086363377060705542
leaf_weight=251 789 160 242 187 239 831
leaf_count=251 789 160 242 187 239 831
internal_value=-0.00126053 -0.00384054 -0.000200413 -0.0053312 0.00143515 0.000466358
internal_weight=2699 1378 402 976 1321 1082
internal_count=2699 1378 402 976 1321 1082
is_linear=0
shrinkage=0.05


Tree=37
num_leaves=7
num_cat=0
split_feature=0 13 13 7 4 0
split_gain=7.11344 3.00531 5.80809 3.83314 1.89668 3.69794
threshold=0.59750000000000003 0.085510949288249594 -0.06445629354884333 -0.43201491587535529 0.028613807855649015 0.66000000000000014
decision_type=2 10 8 2 2 2
left_child=1 2 -1 -3 -2 -6
right_child=4 3 -4 -5 5 -7
leaf_value=0.001886906541032751 -0.00905713866685183 0.00060920650958196153 -0.0047663863402305088 0.0087616198209260927 0.0019477201740168992 -0.0076670618031335919
leaf_weight=704 257 541 606 192 174 225
leaf_count=704 257 541 606 192 174 225
internal_value=-0.00122172 0.000236436 -0.0011973 0.00278952 -0.00573034 -0.00350194
internal_weight=2699 2043 1310 733 656 399
internal_count=2699 2043 1310 733 656 399
is_linear=0
shrinkage=0.05


Tree=38
num_leaves=6
num_cat=0
split_feature=0 6 11 1 6
split_gain=6.61735 2.82818 2.67278 2.36018 3.01165
threshold=0.48750000000000004 5.5921243929396782 0.24015744680734738 0.4510362108236507 4.7510436906828923
decision_type=2 2 2 2 2
left_child=3 2 -2 4 -1
right_child=1 -3 -4 -5 -6
leaf_value=-0.003905344635073171 -0.0070231122410025996 0.0015379562124348525 -0.0021950548144703363 0.0059974371024821829 0.0019728198997175685
leaf_weight=293 566 223 589 222 806
leaf_count=293 566 223 589 222 806
internal_value=-0.00117079 -0.00358887 -0.00458109 0.00135564 0.000395076
internal_weight=2699 1378 1155 1321 1099
internal_count=2699 1378 1155 1321 1099
is_linear=0
shrinkage=0.05


Tree=39
num_leaves=7
num_cat=0
split_feature=0 13 13 9 4 0
split_gain=6.30915 2.74779 5.30923 3.62133 1.77028 3.42418
threshold=0.59750000000000003 0.085510949288249594 -0.06445629354884333 -1.2042648640396871 0.028613807855649015 0.66000000000000014
decision_type=2 10 8 2 2 2
left_child=1 2 -1 -3 -2 -6
right_child=4 3 -4 -5 5 -7
leaf_value=0.001816088016892354 -0.0085931854962392612 0.0083853416864087087 -0.0045450307649092326 0.0005243470422345147 0.0020097838933241436 -0.0072398294119731246
leaf_weight=704 257 197 606 536 174 225
leaf_count=704 257 197 606 536 174 225
internal_value=-0.00113488 0.000238332 -0.00113263 0.00267955 -0.00538097 -0.00323121
internal_weight=2699 2043 1310 733 656 399
internal_count=2699 2043 1310 733 656 399
is_linear=0
shrinkage=0.05


Tree=40
num_leaves=7
num_cat=0
split_feature=0 8 13 6 6 2
split_gain=5.87515 2.56653 3.09024 2.84318 1.92237 3.02072
threshold=0.5375000000000002 0.37329720602829247 0.047875630642505169 4.7075010671715285 5.5921243929396782 0.028613807855648991
decision_type=2 2 10 2 2 2
left_child=1 2 -1 -3 5 -2
right_child=4 3 -4 -5 -6 -7
leaf_value=-1.0766730457544328e-05 -0.0086926573114088409 -0.0047779197451807941 0.0081144300867371007 0.00086568423060813613 0.00075221520662307746 -0.0025754359149561062
leaf_weight=245 337 288 219 932 170 508
leaf_count=245 337 288 219 932 170 508
internal_value=-0.00108591 0.000725966 0.00386981 -0.00048064 -0.00408083 -0.00505187
internal_weight=2699 1684 464 1220 1015 845
internal_count=2699 1684 464 1220 1015 845
is_linear=0
shrinkage=0.05


Tree=41
num_leaves=7
num_cat=0
split_feature=0 13 13 7 4 0
split_gain=5.57667 2.42491 4.89453 3.58317 1.55396 3.17045
threshold=0.59750000000000003 0.085510949288249594 -0.06445629354884333 -0.43201491587535529 0.028613807855649015 0.66000000000000014
decision_type=2 10 8 2 2 2
left_child=1 2 -1 -3 -2 -6
right_child=4 3 -4 -5 5 -7
leaf_value=0.0017874967761348265 -0.008048079805519746 0.00043125805417723926 -0.0043200244851190894 0.0083115583009129093 0.0020167599676707607 -0.0068821259620396999
leaf_weight=704 257 541 606 192 174 225
leaf_count=704 257 541 606 192 174 225
internal_value=-0.00104654 0.000244455 -0.0010435 0.00253773 -0.00503856 -0.00302448
internal_weight=2699 2043 1310 733 656 399
internal_count=2699 2043 1310 733 656 399
is_linear=0
shrinkage=0.05


Tree=42
num_leaves=7
num_cat=0
split_feature=0 11 5 1 1 6
split_gain=5.25365 2.75523 4.5496 2.85866 2.1615 2.60477
threshold=0.48750000000000004 0.67368457498306267 0.017499999999999964 1.4069641787077445 0.4510362108236507 4.7510436906828923
decision_type=2 2 2 2 2 2
left_child=4 3 -3 -2 5 -1
right_child=1 2 -4 -5 -6 -7
leaf_value=-0.0036692050441899556 -0.0031044497053607616 -0.0061069393248269054 0.0046162719487661289 -0.0096075080705983612 0.0056910490666388942 0.0017974334942066695
leaf_weight=293 760 160 242 216 222 806
leaf_count=293 760 160 242 216 222 806
internal_value=-0.00100201 -0.00315661 0.000325735 -0.00458528 0.00124899 0.000329978
internal_weight=2699 1378 402 976 1321 1099
internal_count=2699 1378 402 976 1321 1099
is_linear=0
shrinkage=0.05


Tree=43
num_leaves=7
num_cat=0
split_feature=0 13 13 7 3 4
split_gain=4.92789 2.22315 4.81177 3.26776 1.48 1.41063
threshold=0.59750000000000003 0.077747310885762935 -0.06445629354884333 -0.39011226590352049 1.414213562373096 0.027726341266023528
decision_type=2 10 8 2 2 2
left_child=1 2 -1 -3 5 -2
right_child=4 3 -4 -5 -6 -7
leaf_value=0.0017259257970369921 -0.0064379008855796676 0.00044471774410841797 -0.0044307228811085227 0.007882737488153593 -0.0087710990888230939 -0.0010091371580856999
leaf_weight=704 202 575 570 194 165 289
leaf_count=704 202 575 570 194 165 289
internal_value=-0.000968122 0.000245418 -0.00103517 0.00235995 -0.00472075 -0.00328494
internal_weight=2699 2043 1274 769 656 491
internal_count=2699 2043 1274 769 656 491
is_linear=0
shrinkage=0.05


Tree=44
num_leaves=6
num_cat=0
split_feature=0 8 6 1 6
split_gain=4.63542 2.63996 3.89451 1.97801 2.3921
threshold=0.48750000000000004 0.3154999825151184 5.5921243929396782 0.4510362108236507 4.7510436906828923
decision_type=2 2 2 2 2
left_child=3 -2 -3 4 -1
right_child=1 2 -4 -5 -6
leaf_value=-0.0035255461446815893 0.0013152978594960837 -0.0053956350661391256 0.0025557618090175692 0.0054352656819156089 0.0017131570605624297
leaf_weight=293 285 911 182 222 806
leaf_count=293 285 911 182 222 806
internal_value=-0.00092843 -0.00295231 -0.00406601 0.00118594 0.000306846
internal_weight=2699 1378 1093 1321 1099
internal_count=2699 1378 1093 1321 1099
is_linear=0
shrinkage=0.05


Tree=45
num_leaves=6
num_cat=0
split_feature=0 9 9 4 0
split_gain=4.37385 2.42854 3.10118 1.36594 2.89927
threshold=0.59750000000000003 1.3679239681690776 0.70607530230655746 0.028613807855649015 0.66000000000000014
decision_type=2 2 2 2 2
left_child=1 2 -1 -2 -5
right_child=3 -3 -4 4 -6
leaf_value=-0.00030422691177927241 -0.0072516405400429064 -0.0050042993992791707 0.0045638271364743625 0.0022630666221320297 -0.0062413816996242689
leaf_weight=1430 257 194 419 174 225
leaf_count=1430 257 194 419 174 225
internal_value=-0.000897824 0.00024543 0.000808251 -0.00443322 -0.00255057
internal_weight=2699 2043 1849 656 399
internal_count=2699 2043 1849 656 399
is_linear=0
shrinkage=0.05


Tree=46
num_leaves=7
num_cat=0
split_feature=0 11 12 8 3 13
split_gain=4.10499 2.58605 4.53385 2.78909 1.55092 2.02821
threshold=0.48750000000000004 0.67368457498306267 0.1711051887577493 0.67354579330941966 0.4291888997508333 -0.16508464693092448
decision_type=2 2 2 2 2 8
left_child=4 3 -3 -2 5 -1
right_child=1 2 -4 -5 -6 -7
leaf_value=0.004743263082641164 -0.0054443134975523432 -0.0039097526153934661 0.0067021633727209918 0.001312316224599878 0.004730002889715014 -0.00073452898847531974
leaf_weight=204 789 232 170 187 239 878
leaf_count=204 789 232 170 187 239 878
internal_value=-0.000860828 -0.0027654 0.000605079 -0.00414966 0.00112886 0.00031532
internal_weight=2699 1378 402 976 1321 1082
internal_count=2699 1378 402 976 1321 1082
is_linear=0
shrinkage=0.05


Tree=47
num_leaves=6
num_cat=0
split_feature=0 9 9 3 4
split_gain=3.8393 2.25157 2.80839 1.3301 1.22932
threshold=0.59750000000000003 1.3679239681690776 0.70607530230655746 1.414213562373096 0.027726341266023528
decision_type=2 2 2 2 2
left_child=1 2 -1 4 -2
right_child=3 -3 -4 -5 -6
leaf_value=-0.00027865890004649397 -0.0057316634030157819 -0.0048167295679075635 0.0043539239542848733 -0.0079795456502367475 -0.00067030149860446966
leaf_weight=1430 202 194 419 165 289
leaf_count=1430 202 194 419 165 289
internal_value=-0.000832983 0.000238115 0.000780037 -0.0041453 -0.00278936
internal_weight=2699 2043 1849 656 491
internal_count=2699 2043 1849 656 491
is_linear=0
shrinkage=0.05


Tree=48
num_leaves=7
num_cat=0
split_feature=0 11 5 13 1 6
split_gain=3.64055 2.40279 4.35925 2.61709 1.67158 2.16709
threshold=0.48750000000000004 0.67368457498306267 0.017499999999999964 0.053926677347709895 0.4510362108236507 4.7510436906828923
decision_type=2 2 2 8 2 2
left_child=4 3 -3 -2 5 -1
right_child=1 2 -4 -5 -6 -7
leaf_value=-0.0033823701009254325 -0.005903625280050161 -0.0056471927689783503 0.0048500690925941774 -0.00054352890892964297 0.0049795440336615508 0.0016038329078116526
leaf_weight=293 614 160 242 362 222 806
leaf_count=293 614 160 242 362 222 806
internal_value=-0.000800488 -0.0025941 0.000654006 -0.00392846 0.00107324 0.000265183
internal_weight=2699 1378 402 976 1321 1099
internal_count=2699 1378 402 976 1321 1099
is_linear=0
shrinkage=0.05


Tree=49
num_leaves=5
num_cat=0
split_feature=0 9 4 8
split_gain=3.55985 2.51731 2.36044 1.52903
threshold=0.66000000000000014 1.3679239681690776 0.06009754843509698 0.49403977230638535
decision_type=2 2 2 2
left_child=1 2 -1 -2
right_child=3 -3 -4 -5
leaf_value=-0.00012326417388335901 -0.0016013833207468833 -0.0050788096697910769 0.0051980389902989074 -0.0083444074839353569
leaf_weight=1903 150 222 229 195
leaf_count=1903 150 222 229 195
internal_value=-0.000772497 -7.28006e-05 0.000459126 -0.00547742
internal_weight=2699 2354 2132 345
internal_count=2699 2354 2132 345
is_linear=0
shrinkage=0.05


Tree=50
num_leaves=5
num_cat=0
split_feature=0 9 4 8
split_gain=3.2866 2.31699 2.18025 1.40511
threshold=0.66000000000000014 1.3679239681690776 0.06009754843509698 0.49403977230638535
decision_type=2 2 2 2
left_child=1 2 -1 -2
right_child=3 -3 -4 -5
leaf_value=-0.00011855455098841612 -0.0015461097801885298 -0.0048718537273714198 0.0049956058275400323 -0.0080106311999261388
leaf_weight=1903 150 222 229 195
leaf_count=1903 150 222 229 195
internal_value=-0.000741462 -6.91569e-05 0.000441165 -0.00526221
internal_weight=2699 2354 2132 345
internal_count=2699 2354 2132 345
is_linear=0
shrinkage=0.05


Tree=51
num_leaves=7
num_cat=0
split_feature=13 13 7 3 6 3
split_gain=2.08736 3.55927 3.44684 3.33495 2.25119 1.87794
threshold=0.047875630642505169 -0.016960996851818323 -0.72096227521762979 -0.2747578125442604 4.5580261648056792 -0.92847669088525964
decision_type=8 10 2 2 2 2
left_child=1 5 3 -2 -4 -1
right_child=2 -3 4 -5 -6 -7
leaf_value=-0.0041189810725284623 0.00172824881449501 -0.0068295084390064213 0.0082734786032233384 -0.0067657379708860243 0.0015251838318427917 0.00037544970559154421
leaf_weight=304 229 293 155 225 558 935
leaf_count=304 229 293 155 225 558 935
internal_value=-0.000711653 -0.0019226 0.000879459 -0.00250917 0.0030396 -0.000739423
internal_weight=2699 1532 1167 454 713 1239
internal_count=2699 1532 1167 454 713 1239
is_linear=0
shrinkage=0.05


Tree=52
num_leaves=7
num_cat=0
split_feature=0 6 8 8 1 6
split_gain=3.14514 2.38198 5.42819 4.88155 1.55515 1.99162
threshold=0.48750000000000004 5.3715213415303493 0.39508544933386458 0.61689345076386204 0.4510362108236507 4.7510436906828923
decision_type=2 2 2 2 2 2
left_child=4 2 -2 -3 5 -1
right_child=1 3 -4 -5 -6 -7
leaf_value=-0.0032140244754818859 0.0017633009272126053 -0.0036794730931520464 -0.0062583916520477251 0.0072101437704903742 0.0048302738291379644 0.0015660821911494182
leaf_weight=293 307 245 656 170 222 806
leaf_count=293 307 245 656 170 222 806
internal_value=-0.000678977 -0.00234616 -0.00370521 0.000814064 0.00106243 0.000282893
internal_weight=2699 1378 963 415 1321 1099
internal_count=2699 1378 963 415 1321 1099
is_linear=0
shrinkage=0.05


Tree=53
num_leaves=7
num_cat=0
split_feature=0 8 3 13 13 6
split_gain=2.93725 2.40895 2.59405 2.48034 1.66989 1.68649
threshold=0.5375000000000002 0.37329720602829247 -0.99999999999999567 0.047875630642505169 0.1993034770021154 4.6086134725029018
decision_type=2 2 2 10 8 2
left_child=1 3 -3 -1 5 -2
right_child=4 2 -4 -5 -6 -7
leaf_value=0.00019209549427032474 0.00070440546085274286 -0.0035055139439418882 0.0012385087640004134 0.0074756793070784103 0.0020269046800258836 -0.0047353301504586441
leaf_weight=245 178 456 764 219 151 686
leaf_count=245 178 456 764 219 151 686
internal_value=-0.000653869 0.000626967 -0.000541738 0.00367287 -0.00277158 -0.00361704
internal_weight=2699 1684 1220 464 1015 864
internal_count=2699 1684 1220 464 1015 864
is_linear=0
shrinkage=0.05


Tree=54
num_leaves=5
num_cat=0
split_feature=0 9 4 8
split_gain=2.80326 2.06995 2.03806 1.26189
threshold=0.66000000000000014 1.3679239681690776 0.06009754843509698 0.49403977230638535
decision_type=2 2 2 2
left_child=1 2 -1 -2
right_child=3 -3 -4 -5
leaf_value=-6.8013224237260705e-05 -0.0012904173616440067 -0.0045485215479023925 0.0048766723664827715 -0.0074084263294935228
leaf_weight=1903 150 222 229 195
leaf_count=1903 150 222 229 195
internal_value=-0.000629749 -8.96239e-06 0.000473267 -0.00480486
internal_weight=2699 2354 2132 345
internal_count=2699 2354 2132 345
is_linear=0
shrinkage=0.05


Tree=55
num_leaves=7
num_cat=0
split_feature=0 6 8 6 1 1
split_gain=2.66352 2.29434 3.62346 1.52234 4.13226 1.82438
threshold=0.48750000000000004 5.5921243929396782 0.39508544933386458 5.1161957735632271 -0.42524794877560324 -1.0451435848013364
decision_type=2 2 2 2 2 2
left_child=3 2 -2 4 -1 -5
right_child=1 -3 -4 5 -6 -7
leaf_value=-0.00030605861340290551 0.0011595732718706132 0.0024636217964845793 -0.0048902305460864718 0.0022301364421534044 0.0079004042489407966 -0.0029993237951706029
leaf_weight=418 355 223 800 295 237 371
leaf_count=418 355 223 800 295 237 371
internal_value=-0.000604199 -0.00213846 -0.00303378 0.000998288 0.00270066 -0.000683614
internal_weight=2699 1378 1155 1321 655 666
internal_count=2699 1378 1155 1321 655 666
is_linear=0
shrinkage=0.05


Tree=56
num_leaves=5
num_cat=0
split_feature=0 9 4 1
split_gain=2.49556 1.89729 1.86649 1.18551
threshold=0.66000000000000014 1.3679239681690776 0.06009754843509698 1.1412454307396855
decision_type=2 2 2 2
left_child=1 2 -1 -2
right_child=3 -3 -4 -5
leaf_value=-5.7509202760033137e-05 -0.0014317125255285308 -0.0043472836060769494 0.0046744926295314839 -0.0073109737673743838
leaf_weight=1903 167 222 229 178
leaf_count=1903 167 222 229 178
internal_value=-0.000586868 -1.15713e-06 0.000460507 -0.00452618
internal_weight=2699 2354 2132 345
internal_count=2699 2354 2132 345
is_linear=0
shrinkage=0.05


Tree=57
num_leaves=7
num_cat=0
split_feature=0 11 12 8 6 1
split_gain=2.37561 2.2044 4.11909 2.50695 1.4079 3.78592
threshold=0.48750000000000004 0.67368457498306267 0.1711051887577493 0.67354579330941966 5.1161957735632271 -0.42524794877560324
decision_type=2 2 2 2 2 2
left_child=4 3 -3 -2 5 -1
right_child=1 2 -4 -5 -6 -7
leaf_value=-0.00029017057481175621 -0.0045186501221557707 -0.0032157675752156898 0.0069012139184134354 0.0018754362943582239 -0.00066671515670958933 0.0075648901503040534
leaf_weight=418 789 232 170 187 666 237
leaf_count=418 789 232 170 187 666 237
internal_value=-0.000562705 -0.00201168 0.00109478 -0.00329024 0.000950675 0.00258782
internal_weight=2699 1378 402 976 1321 655
internal_count=2699 1378 402 976 1321 655
is_linear=0
shrinkage=0.05


Tree=58
num_leaves=7
num_cat=0
split_feature=0 11 3 3 4 0
split_gain=2.23291 2.05103 3.12009 1.43423 1.23996 2.08264
threshold=0.59750000000000003 -0.89797956565844539 1.3471506281091279 -0.57735026918961674 0.028613807855649015 0.66000000000000014
decision_type=2 2 2 2 2 2
left_child=1 3 -3 -1 -2 -6
right_child=4 2 -4 -5 5 -7
leaf_value=4.7320201992988587e-05 -0.0057466270217231214 0.00022696473884135251 0.0072316121246855146 -0.0067462868201806679 0.0027664542198181153 -0.004431253088557202
leaf_weight=150 257 1565 172 156 174 225
leaf_count=150 257 1565 172 156 174 225
internal_value=-0.000544414 0.000272223 0.00093934 -0.00346887 -0.00307051 -0.00129701
internal_weight=2699 2043 1737 306 656 399
internal_count=2699 2043 1737 306 656 399
is_linear=0
shrinkage=0.05


Tree=59
num_leaves=7
num_cat=0
split_feature=0 5 1 13 5 6
split_gain=2.10655 2.34764 3.49284 1.3313 1.91202 1.09801
threshold=0.48750000000000004 -0.0074999999999999503 0.57061572686337947 -0.16508464693092448 0.019999999999999938 5.0225638562821953
decision_type=2 2 2 8 2 2
left_child=3 5 -3 -1 -5 -2
right_child=1 2 -4 4 -6 -7
leaf_value=0.0040773360993502277 -0.0087261674577190033 0.0044769094732342932 -0.0023065742498544328 -0.00076122780600374189 0.0052117491763820703 -0.0026005666486678589
leaf_weight=260 150 240 838 909 152 150
leaf_count=260 150 240 838 909 152 150
internal_value=-0.00051785 -0.00188232 -0.00078264 0.000907222 0.000114899 -0.00575621
internal_weight=2699 1378 1078 1321 1061 300
internal_count=2699 1378 1078 1321 1061 300
is_linear=0
shrinkage=0.05


Tree=60
num_leaves=7
num_cat=0
split_feature=0 2 9 2 4 0
split_gain=1.98406 2.05931 3.80235 3.29867 1.15265 1.93838
threshold=0.59750000000000003 0.017262579304887008 -0.10073649985595659 0.021094690199499725 0.028613807855649015 0.66000000000000014
decision_type=2 2 2 2 2 2
left_child=1 2 -1 -3 -2 -6
right_child=4 3 -4 -5 5 -7
leaf_value=-0.0074438025531443691 -0.0054610199117251026 0.0080922487041642597 0.0012940405737479769 0.00040146488200552269 0.0027462631963484779 -0.0041970229116470919
leaf_weight=215 257 150 284 1394 174 225
leaf_count=215 257 150 284 1394 174 225
internal_value=-0.000500086 0.000269672 -0.00250726 0.00117234 -0.00288127 -0.00117261
internal_weight=2699 2043 499 1544 656 399
internal_count=2699 2043 499 1544 656 399
is_linear=0
shrinkage=0.05


Tree=61
num_leaves=7
num_cat=0
split_feature=0 5 6 11 3 9
split_gain=1.86932 2.14203 3.52253 3.00868 1.09939 3.71641
threshold=0.48000000000000004 -0.0074999999999999503 4.4496267866261539 0.12803833518651445 -0.92847669088525964 1.0000000180025095e-35
decision_type=2 2 2 2 2 2
left_child=4 3 -3 -2 -1 -6
right_child=1 2 -4 -5 5 -7
leaf_value=-0.00058867469561056109 -0.0099289298944530043 0.0059276845844494818 -0.0018272398279599495 -0.00045203843902301243 -0.0014471635149720197 0.0061025606616935202
leaf_weight=606 163 168 950 168 320 324
leaf_count=606 163 168 950 168 320 324
internal_value=-0.000476351 -0.00169586 -0.000640716 -0.00519721 0.000938434 0.0023689
internal_weight=2699 1449 1118 331 1250 644
internal_count=2699 1449 1118 331 1250 644
is_linear=0
shrinkage=0.05


Tree=62
num_leaves=7
num_cat=0
split_feature=0 2 9 2 3 11
split_gain=1.78775 1.89628 3.41776 3.05441 1.07682 1.10357
threshold=0.59750000000000003 0.017262579304887008 -0.10073649985595659 0.021094690199499725 1.414213562373096 0.045980480507130626
decision_type=2 2 2 2 2 2
left_child=1 2 -1 -3 5 -2
right_child=4 3 -4 -5 -6 -7
leaf_value=-0.0070761220055547622 0.00082661530717088308 0.0077938019412179156 0.0012082707621060493 0.00039319789538551402 -0.0061592465463806605 -0.0038766300455937465
leaf_weight=215 248 150 284 1394 165 243
leaf_count=215 248 150 284 1394 165 243
internal_value=-0.000461825 0.000268831 -0.00239595 0.00113501 -0.00272215 -0.00151667
internal_weight=2699 2043 499 1544 656 491
internal_count=2699 2043 499 1544 656 491
is_linear=0
shrinkage=0.05


Tree=63
num_leaves=5
num_cat=0
split_feature=12 13 13 7
split_gain=1.74395 2.36812 3.40611 2.98208
threshold=0.98078262472192701 0.047875630642505169 -0.016960996851818323 -0.72096227521762979
decision_type=2 8 10 2
left_child=1 2 -1 -3
right_child=-2 3 -4 -5
leaf_value=-0.00024745182063801798 -0.0053901974226119457 -0.0016115510384766278 -0.0063671595979705722 0.0037019141815964962
leaf_weight=1159 162 430 278 670
leaf_count=1159 162 430 278 670
internal_value=-0.000440953 -0.000114938 -0.00144933 0.00162694
internal_weight=2699 2537 1437 1100
internal_count=2699 2537 1437 1100
is_linear=0
shrinkage=0.05


Tree=64
num_leaves=6
num_cat=0
split_feature=0 2 9 4 9
split_gain=1.70961 2.97386 2.70168 1.84083 2.0768
threshold=0.39750000000000008 0.069436119150657769 -0.017608384959224611 0.022776083947860785 -0.33489490521788928
decision_type=2 2 2 2 2
left_child=3 2 -2 -1 -5
right_child=1 -3 -4 4 -6
leaf_value=0.0054901521237473083 -0.0037662805712332169 0.0053086647740852692 9.4992039853302896e-05 0.0038047014760546564 -0.0025695723987790567
leaf_weight=213 869 157 940 210 310
leaf_count=213 869 157 940 210 310
internal_value=-0.000420307 -0.00118821 -0.00176514 0.0016334 1.63724e-05
internal_weight=2699 1966 1809 733 520
internal_count=2699 1966 1809 733 520
is_linear=0
shrinkage=0.05


Tree=65
num_leaves=5
num_cat=0
split_feature=0 9 11 8
split_gain=1.67716 1.85172 1.72839 1.08743
threshold=0.66000000000000014 -1.4924867071133083 0.95034799414400062 0.49403977230638535
decision_type=2 2 2 2
left_child=1 -1 -3 -2
right_child=3 2 -4 -5
leaf_value=0.0050848349155476922 -0.00040370184086984209 -0.00081549161356504578 0.0036242020576589019 -0.0060497860461473469
leaf_weight=166 150 1946 242 195
leaf_count=166 150 1946 242 195
internal_value=-0.000406387 7.36162e-05 -0.000317303 -0.0036358
internal_weight=2699 2354 2188 345
internal_count=2699 2354 2188 345
is_linear=0
shrinkage=0.05


Tree=66
num_leaves=5
num_cat=0
split_feature=12 13 13 7
split_gain=1.61593 2.18067 3.1164 2.76743
threshold=0.98078262472192701 0.047875630642505169 -0.06445629354884333 -0.72096227521762979
decision_type=2 8 10 2
left_child=1 2 -1 -3
right_child=-2 3 -4 -5
leaf_value=0.00037809746153852743 -0.0051523691801700052 -0.0015230719582712943 -0.0044690440343909486 0.0035957622590854217
leaf_weight=926 162 430 511 670
leaf_count=926 162 430 511 670
internal_value=-0.000388262 -7.45141e-05 -0.00135507 0.00159693
internal_weight=2699 2537 1437 1100
internal_count=2699 2537 1437 1100
is_linear=0
shrinkage=0.05


Tree=67
num_leaves=5
num_cat=0
split_feature=8 8 9 13
split_gain=1.60952 3.84763 2.79961 3.56508
threshold=0.27414229417610386 0.18017875843725265 -1.4924867071133083 -0.16508464693092448
decision_type=2 2 2 10
left_child=1 -1 -2 -4
right_child=2 -3 3 -5
leaf_value=-0.0027807277198642114 0.005262445777720004 0.0067253725190836375 0.002162203139392221 -0.0025718150543980302
leaf_weight=190 166 231 526 1586
leaf_count=190 166 231 526 1586
internal_value=-0.00036938 0.00245292 -0.000895204 -0.00139047
internal_weight=2699 421 2278 2112
internal_count=2699 421 2278 2112
is_linear=0
shrinkage=0.05


Tree=68
num_leaves=4
num_cat=0
split_feature=0 12 13
split_gain=1.6049 1.50427 2.03805
threshold=0.73000000000000009 0.98078262472192701 -0.28426874296371801
decision_type=2 2 10
left_child=1 2 -1
right_child=-2 -3 -4
leaf_value=0.0058106770579733199 -0.0052584777687005937 -0.0047125035758923605 -0.00011754203660692086
leaf_weight=150 152 157 2240
leaf_count=150 152 157 2240
internal_value=-0.000352157 -4.96287e-05 0.000265876
internal_weight=2699 2547 2390
internal_count=2699 2547 2390
is_linear=0
shrinkage=0.05


Tree=69
num_leaves=6
num_cat=0
split_feature=0 11 9 6 2
split_gain=1.52054 1.94189 2.40668 1.55886 2.50292
threshold=0.5375000000000002 -0.91428340587396184 -1.2563226875010061 5.5921243929396782 0.028613807855648991
decision_type=2 2 2 2 2
left_child=1 -1 -3 4 -2
right_child=3 2 -4 -5 -6
leaf_value=-0.0035643302720070875 -0.0060449943883202932 0.0066521481938332646 0.00050166052378663865 0.0024556619439806259 -0.00050646628581757199
leaf_weight=237 337 177 1270 170 508
leaf_count=237 337 177 1270 170 508
internal_value=-0.000336436 0.000584808 0.00127432 -0.00186026 -0.00273789
internal_weight=2699 1684 1447 1015 845
internal_count=2699 1684 1447 1015 845
is_linear=0
shrinkage=0.05


Tree=70
num_leaves=5
num_cat=0
split_feature=13 13 7 13
split_gain=1.46897 2.18884 1.83878 2.86687
threshold=0.2342627362855754 0.29832099753158076 -0.72739090676221196 0.08319035916351987
decision_type=8 8 2 10
left_child=2 -2 -1 -4
right_child=1 -3 3 -5
leaf_value=-0.0045995705398646268 0.0071334834252634359 -0.001011616551296463 -0.0011848387436877038 0.0033774389421603484
leaf_weight=270 150 174 1677 428
leaf_count=270 150 174 1677 428
internal_value=-0.000322019 0.00281037 -0.000754349 -0.000251406
internal_weight=2699 324 2375 2105
internal_count=2699 324 2375 2105
is_linear=0
shrinkage=0.05


Tree=71
num_leaves=5
num_cat=0
split_feature=8 8 0 13
split_gain=1.49343 3.55499 2.53211 3.75002
threshold=0.27414229417610386 0.18017875843725265 0.66000000000000014 -0.16508464693092448
decision_type=2 2 2 10
left_child=1 -1 3 -2
right_child=2 -3 -4 -5
leaf_value=-0.0026191103821381545 0.0038397748171623831 0.006518996274986668 -0.0051018895114145956 -0.0013391662476087249
leaf_weight=190 447 231 294 1537
leaf_count=190 447 231 294 1537
internal_value=-0.000305889 0.00241257 -0.000812475 -0.000165619
internal_weight=2699 421 2278 1984
internal_count=2699 421 2278 1984
is_linear=0
shrinkage=0.05


Tree=72
num_leaves=5
num_cat=0
split_feature=2 0 2 11
split_gain=1.40751 1.93233 2.82659 2.40253
threshold=0.07671012713609944 0.55750000000000022 0.048445836160902069 -0.91428340587396184
decision_type=2 2 2 2
left_child=1 3 -3 -1
right_child=-2 2 -4 -5
leaf_value=-0.0042122026319585497 0.0040209486109788637 -0.00092826984089906101 -0.0078603846407853655 0.0011021341336205342
leaf_weight=243 172 605 190 1489
leaf_count=243 172 605 190 1489
internal_value=-0.00029044 -0.000591255 -0.00262377 0.000346553
internal_weight=2699 2527 795 1732
internal_count=2699 2527 795 1732
is_linear=0
shrinkage=0.05


Tree=73
num_leaves=5
num_cat=0
split_feature=12 13 13 8
split_gain=1.40803 1.94922 2.82215 2.46965
threshold=0.98078262472192701 0.047875630642505169 -0.016960996851818323 0.3706480829037207
decision_type=2 8 10 2
left_child=1 2 -1 -3
right_child=-2 3 -4 -5
leaf_value=-0.00010363315824176029 -0.0047260299157685865 0.0056034131993523296 -0.0056734884717228561 0.0001990506947887215
leaf_weight=1159 162 280 278 820
leaf_count=1159 162 280 278 820
internal_value=-0.000278951 1.37543e-05 -0.00119711 0.00159384
internal_weight=2699 2537 1437 1100
internal_count=2699 2537 1437 1100
is_linear=0
shrinkage=0.05


Tree=74
num_leaves=5
num_cat=0
split_feature=13 12 4 2
split_gain=1.33124 2.28189 1.99236 2.1771
threshold=0.20405340418736401 0.33962726129075876 0.0043301270189222097 0.015000000000000008
decision_type=8 2 2 2
left_child=2 -2 -1 -4
right_child=1 -3 3 -5
leaf_value=0.0044159490895064584 -0.00051271693715587751 0.0070192989452880286 -0.0051751001623191253 -0.00052226508170213199
leaf_weight=168 269 155 287 1820
leaf_count=168 269 155 287 1820
internal_value=-0.000265422 0.00229045 -0.000745747 -0.00116679
internal_weight=2699 424 2275 2107
internal_count=2699 424 2275 2107
is_linear=0
shrinkage=0.05


Tree=75
num_leaves=6
num_cat=0
split_feature=0 2 9 4 9
split_gain=1.31888 2.76913 2.50117 1.6705 1.86824
threshold=0.39750000000000008 0.069436119150657769 -0.017608384959224611 0.022776083947860785 -0.33489490521788928
decision_type=2 2 2 2 2
left_child=3 2 -2 -1 -5
right_child=1 -3 -4 4 -6
leaf_value=0.0052246393313323822 -0.0034102001890233234 0.0053401671487976008 0.00030401954654032595 0.003603425343239377 -0.0024423209826151533
leaf_weight=213 869 157 940 210 310
leaf_count=213 869 157 940 210 310
internal_value=-0.00025286 -0.000927504 -0.00148468 0.00155065 1.02959e-05
internal_weight=2699 1966 1809 733 520
internal_count=2699 1966 1809 733 520
is_linear=0
shrinkage=0.05


Tree=76
num_leaves=5
num_cat=0
split_feature=12 8 13 8
split_gain=1.31824 1.78023 2.46159 2.45783
threshold=0.98078262472192701 0.27414229417610386 -0.16508464693092448 0.18017875843725265
decision_type=2 2 10 2
left_child=1 3 -3 -1
right_child=-2 2 -4 -5
leaf_value=-0.0012436186790445952 -0.0045472354622568918 0.002527706738975313 -0.0014658021384376008 0.0066131394522197483
leaf_weight=178 162 499 1643 217
leaf_count=178 162 499 1643 217
internal_value=-0.000244279 3.88895e-05 -0.000531755 0.00310134
internal_weight=2699 2537 2142 395
internal_count=2699 2537 2142 395
is_linear=0
shrinkage=0.05


Tree=77
num_leaves=4
num_cat=0
split_feature=0 9 9
split_gain=1.33007 1.29136 1.25262
threshold=0.73000000000000009 -1.4924867071133083 -0.017608384959224611
decision_type=2 2 2
left_child=1 -1 -3
right_child=-2 2 -4
leaf_value=0.0039646705955785422 -0.0046985756107576337 -0.0015557901909957061 0.0007570270059269993
leaf_weight=189 152 1055 1303
leaf_count=189 152 1055 1303
internal_value=-0.000232055 4.31817e-05 -0.00027886
internal_weight=2699 2547 2358
internal_count=2699 2547 2358
is_linear=0
shrinkage=0.05


Tree=78
num_leaves=7
num_cat=0
split_feature=13 7 3 13 6 3
split_gain=1.28655 2.48647 2.64729 2.4067 2.04412 1.86021
threshold=0.047875630642505169 -0.72096227521762979 -0.2747578125442604 -0.016960996851818323 4.5580261648056792 -0.92847669088525964
decision_type=8 2 2 10 2 2
left_child=3 2 -2 5 -3 -1
right_child=1 4 -4 -5 -6 -7
leaf_value=-0.003565770444312528 0.0019164589078973532 0.0078482556024391664 -0.0056468957371037937 -0.005206514852458999 0.0014184455767763551 0.00090619268193048376
leaf_weight=304 229 155 225 293 558 935
leaf_count=304 229 155 225 293 558 935
internal_value=-0.000220996 0.00102728 -0.00185258 -0.00117212 0.00286115 -0.000200966
internal_weight=2699 1167 454 1532 713 1239
internal_count=2699 1167 454 1532 713 1239
is_linear=0
shrinkage=0.05


Tree=79
num_leaves=6
num_cat=0
split_feature=13 12 0 8 6
split_gain=1.25972 2.07142 1.57847 2.62655 1.63052
threshold=0.20405340418736401 0.33962726129075876 0.5375000000000002 0.37329720602829247 4.6086134725029018
decision_type=8 2 2 2 2
left_child=2 -2 3 -1 -4
right_child=1 -3 4 -5 -6
leaf_value=0.0037742158582910121 -0.0003933827314155353 0.0067843572559650057 0.0018672734741931379 -0.00099775652381402301 -0.0034445458620529011
leaf_weight=398 269 155 179 1009 689
leaf_count=398 269 155 179 1009 689
internal_value=-0.000207079 0.00227904 -0.000674409 0.000360683 -0.00234472
internal_weight=2699 424 2275 1407 868
internal_count=2699 424 2275 1407 868
is_linear=0
shrinkage=0.05


Tree=80
num_leaves=4
num_cat=0
split_feature=2 5 5
split_gain=1.24519 2.01147 1.34802
threshold=0.07671012713609944 0.11000000000000003 0.070000000000000048
decision_type=2 2 2
left_child=1 2 -1
right_child=-2 -3 -4
leaf_value=-0.00045686306901808552 0.003855336523328061 -0.0050285966714491721 0.0034861853885010258
leaf_weight=2073 172 217 237
leaf_count=2073 172 217 237
internal_value=-0.000199578 -0.000482643 -4.56607e-05
internal_weight=2699 2527 2310
internal_count=2699 2527 2310
is_linear=0
shrinkage=0.05


Tree=81
num_leaves=4
num_cat=0
split_feature=3 3 9
split_gain=1.23895 2.54863 2.01481
threshold=1.6752166778851236 1.477436173387267 1.5164618947623201
decision_type=2 2 2
left_child=1 2 -1
right_child=-2 -3 -4
leaf_value=0.00033920680238338466 0.0041365851576511672 -0.0065631263423711061 -0.0055023358168104029
leaf_weight=2240 151 155 153
leaf_count=2240 151 155 153
internal_value=-0.000189587 -0.000453564 -4.49749e-05
internal_weight=2699 2548 2393
internal_count=2699 2548 2393
is_linear=0
shrinkage=0.05


Tree=82
num_leaves=5
num_cat=0
split_feature=12 13 2 7
split_gain=1.2292 1.63596 2.56291 2.22394
threshold=0.98078262472192701 0.047875630642505169 0.030321195454330773 -0.72096227521762979
decision_type=2 8 2 2
left_child=1 2 -1 -3
right_child=-2 3 -4 -5
leaf_value=-0.0032154032685585035 -0.0043359841247964763 -0.0012579318868991887 0.00099909198987815115 0.0033314750115904543
leaf_weight=686 162 430 751 670
leaf_count=686 162 430 751 670
internal_value=-0.000180878 9.24529e-05 -0.00101701 0.00153986
internal_weight=2699 2537 1437 1100
internal_count=2699 2537 1437 1100
is_linear=0
shrinkage=0.05


Tree=83
num_leaves=5
num_cat=0
split_feature=0 3 1 9
split_gain=1.20151 1.22442 2.4829 2.05453
threshold=0.73000000000000009 -0.99999999999999567 -1.5755951658248968 -0.017608384959224611
decision_type=2 2 2 2
left_child=1 2 -1 -3
right_child=-2 3 -4 -5
leaf_value=0.0025777750529665899 -0.004416204058820275 -0.0010060902317794293 -0.0036848078004741037 0.0023394265734799666
leaf_weight=230 152 859 483 975
leaf_count=230 152 859 483 975
internal_value=-0.000170997 9.05043e-05 -0.00166074 0.000773995
internal_weight=2699 2547 713 1834
internal_count=2699 2547 713 1834
is_linear=0
shrinkage=0.05


Tree=84
num_leaves=6
num_cat=0
split_feature=13 13 8 8 12
split_gain=1.18092 2.11563 1.61836 4.47305 2.47737
threshold=0.2342627362855754 0.29832099753158076 0.27414229417610386 0.16661406835294079 -0.95938580640646476
decision_type=8 8 2 2 2
left_child=2 -2 3 -1 -4
right_child=1 -3 4 -5 -6
leaf_value=-0.0041152790761910954 0.006897727741349129 -0.0011076672815954489 0.004454765816802507 0.0068869769785618569 -0.0016651532160573445
leaf_weight=151 150 174 177 223 1824
leaf_count=151 150 174 177 223 1824
internal_value=-0.000161123 0.00264704 -0.000548971 0.0024492 -0.00111406
internal_weight=2699 324 2375 374 2001
internal_count=2699 324 2375 374 2001
is_linear=0
shrinkage=0.05


Tree=85
num_leaves=4
num_cat=0
split_feature=3 3 8
split_gain=1.1504 2.37403 1.55998
threshold=1.6752166778851236 1.477436173387267 0.18017875843725265
decision_type=2 2 2
left_child=1 2 -1
right_child=-2 -3 -4
leaf_value=-0.0045572248431188719 0.0040170976892113684 -0.0063024912658147516 0.00034541759375431383
leaf_weight=170 151 155 2223
leaf_count=170 151 155 2223
internal_value=-0.0001515 -0.000405923 -1.16447e-05
internal_weight=2699 2548 2393
internal_count=2699 2548 2393
is_linear=0
shrinkage=0.05


Tree=86
num_leaves=4
num_cat=0
split_feature=2 5 9
split_gain=1.13887 1.87746 1.34013
threshold=0.07671012713609944 0.11000000000000003 0.6089744028566999
decision_type=2 2 2
left_child=1 2 -1
right_child=-2 -3 -4
leaf_value=-0.00083174749007388846 0.0037335661910132289 -0.0048069308772011919 0.0017287156422083315
leaf_weight=1555 172 217 755
leaf_count=1555 172 217 755
internal_value=-0.000144231 -0.000415024 7.04009e-06
internal_weight=2699 2527 2310
internal_count=2699 2527 2310
is_linear=0
shrinkage=0.05


Tree=87
num_leaves=5
num_cat=0
split_feature=9 8 8 0
split_gain=1.17806 1.5532 3.04918 2.62683
threshold=1.5519415325069807 0.27414229417610386 0.18017875843725265 0.66000000000000014
decision_type=2 2 2 2
left_child=1 2 -1 -3
right_child=-2 3 -4 -5
leaf_value=-0.0018099589071966507 -0.0043705588567160792 0.0002783189064270274 0.0069154416518580862 -0.0048136740719499039
leaf_weight=180 150 1865 216 288
leaf_count=180 150 1865 216 288
internal_value=-0.000138283 0.000118841 0.00297623 -0.000412396
internal_weight=2699 2549 396 2153
internal_count=2699 2549 396 2153
is_linear=0
shrinkage=0.05


Tree=88
num_leaves=5
num_cat=0
split_feature=12 13 2 2
split_gain=1.13039 1.55391 2.83555 2.38381
threshold=0.98078262472192701 0.072466358839533132 0.030321195454330773 0.032619012860600212
decision_type=2 8 2 2
left_child=1 2 -1 -3
right_child=-2 3 -4 -5
leaf_value=-0.003063129845475865 -0.004114528241271744 0.0041153448900741662 0.0011904927016031452 -0.00080785796579807339
leaf_weight=746 162 494 815 482
leaf_count=746 162 494 815 482
internal_value=-0.000129883 0.000132149 -0.000845598 0.00169228
internal_weight=2699 2537 1561 976
internal_count=2699 2537 1561 976
is_linear=0
shrinkage=0.05


Tree=89
num_leaves=5
num_cat=0
split_feature=9 8 8 3
split_gain=1.1139 1.79019 4.28304 2.22019
threshold=-1.5370943911637174 0.24206956012314715 0.16162052680275149 1.5075567228888129
decision_type=2 2 2 2
left_child=-1 2 -2 -3
right_child=1 3 -4 -5
leaf_value=0.0036672256404575148 -0.0027670893197258312 -0.00035051710372175715 0.008939301796681896 -0.0055397544542084573
leaf_weight=176 151 1994 153 225
leaf_count=176 151 1994 153 225
internal_value=-0.000122158 -0.000393229 0.00317393 -0.000887962
internal_weight=2699 2523 304 2219
internal_count=2699 2523 304 2219
is_linear=0
shrinkage=0.05


Tree=90
num_leaves=4
num_cat=0
split_feature=3 3 9
split_gain=1.16717 2.06483 1.79604
threshold=1.6752166778851236 1.477436173387267 1.5164618947623201
decision_type=2 2 2
left_child=1 2 -1
right_child=-2 -3 -4
leaf_value=0.00035845190514022181 0.0040832318652134674 -0.0058710750006139281 -0.0051568351226233987
leaf_weight=2240 151 155 153
leaf_count=2240 151 155 153
internal_value=-0.000115549 -0.000371887 -4.19325e-06
internal_weight=2699 2548 2393
internal_count=2699 2548 2393
is_linear=0
shrinkage=0.05


Tree=91
num_leaves=4
num_cat=0
split_feature=3 3 9
split_gain=1.09148 1.90891 1.65592
threshold=1.6752166778851236 1.477436173387267 1.5164618947623201
decision_type=2 2 2
left_child=1 2 -1
right_child=-2 -3 -4
leaf_value=0.00034456088242923764 0.0039510502981451841 -0.0056446676747873431 -0.0049512144979796842
leaf_weight=2240 151 155 153
leaf_count=2240 151 155 153
internal_value=-0.000109296 -0.000357187 -3.65e-06
internal_weight=2699 2548 2393
internal_count=2699 2548 2393
is_linear=0
shrinkage=0.05


Tree=92
num_leaves=4
num_cat=0
split_feature=2 5 9
split_gain=1.06566 1.69338 1.41536
threshold=0.07671012713609944 0.11000000000000003 0.6089744028566999
decision_type=2 2 2
left_child=1 2 -1
right_child=-2 -3 -4
leaf_value=-0.00082669040465799086 0.0036476034051501904 -0.0045364430123889772 0.0018046626593231372
leaf_weight=1555 172 217 755
leaf_count=1555 172 217 755
internal_value=-0.000103387 -0.000365396 3.53808e-05
internal_weight=2699 2527 2310
internal_count=2699 2527 2310
is_linear=0
shrinkage=0.05


Tree=93
num_leaves=5
num_cat=0
split_feature=13 12 4 2
split_gain=1.0454 1.93531 1.80456 1.93102
threshold=0.20405340418736401 0.33962726129075876 0.0043301270189222097 0.015000000000000008
decision_type=8 2 2 2
left_child=2 -2 -1 -4
right_child=1 -3 3 -5
leaf_value=0.0043865307476479197 -0.00041690238217830005 0.0065204302209895112 -0.0047006224971009453 -0.00031942468917329022
leaf_weight=168 269 155 287 1820
leaf_count=168 269 155 287 1820
internal_value=-9.89735e-05 0.00216559 -0.000524852 -0.000925915
internal_weight=2699 424 2275 2107
internal_count=2699 424 2275 2107
is_linear=0
shrinkage=0.05


Tree=94
num_leaves=5
num_cat=0
split_feature=12 13 2 2
split_gain=1.04956 1.36603 2.61833 2.21646
threshold=0.98078262472192701 0.072466358839533132 0.030321195454330773 0.032619012860600212
decision_type=2 8 2 2
left_child=1 2 -1 -3
right_child=-2 3 -4 -5
leaf_value=-0.0028881884277978053 -0.0039323753682885343 0.0039588362430194339 0.0011991291229681272 -0.00078834835760241851
leaf_weight=746 162 494 815 482
leaf_count=746 162 494 815 482
internal_value=-9.27946e-05 0.000159634 -0.00075718 0.00162236
internal_weight=2699 2537 1561 976
internal_count=2699 2537 1561 976
is_linear=0
shrinkage=0.05


Tree=95
num_leaves=4
num_cat=0
split_feature=3 3 9
split_gain=1.03059 1.73514 1.54358
threshold=1.6752166778851236 1.477436173387267 1.5164618947623201
decision_type=2 2 2
left_child=1 2 -1
right_child=-2 -3 -4
leaf_value=0.00034572828115111341 0.0038588578502337136 -0.0053685436421073976 -0.0047672559424668933
leaf_weight=2240 151 155 153
leaf_count=2240 151 155 153
internal_value=-8.65575e-05 -0.000327471 9.56362e-06
internal_weight=2699 2548 2393
internal_count=2699 2548 2393
is_linear=0
shrinkage=0.05


Tree=96
num_leaves=5
num_cat=0
split_feature=9 0 9 9
split_gain=0.999099 1.21038 2.3281 1.38688
threshold=-1.5370943911637174 0.39750000000000008 -0.017608384959224611 -0.33489490521788928
decision_type=2 2 2 2
left_child=-1 3 -3 -2
right_child=1 2 -4 -5
leaf_value=0.0035072002312919711 0.0042570299443740181 -0.0029939902460248006 0.00058741987498078232 -0.00031818784272524126
leaf_weight=176 263 815 1013 432
leaf_count=176 263 815 1013 432
internal_value=-8.15234e-05 -0.000338308 -0.00101314 0.00143119
internal_weight=2699 2523 1828 695
internal_count=2699 2523 1828 695
is_linear=0
shrinkage=0.05


Tree=97
num_leaves=7
num_cat=0
split_feature=3 5 9 3 6 6
split_gain=0.98453 2.3338 3.90114 2.21819 5.24068 3.59494
threshold=-0.99999999999999567 -0.022499999999999961 -0.80479130081637285 0.22941573387056446 4.5580261648056792 4.6182831237711417
decision_type=2 2 2 2 2 2
left_child=1 2 -1 5 -5 -2
right_child=3 -3 -4 4 -6 -7
leaf_value=0.0065832691622348741 -0.0038111722086157118 -0.0070769672258160056 -0.0026823472092373738 0.0058971321001520449 -0.0024652961500180072 0.0043154100044495713
leaf_weight=151 170 151 413 227 970 617
leaf_count=151 170 151 413 227 970 617
internal_value=-8.00803e-05 -0.00166422 -0.000165608 0.000493565 -0.000861505 0.00254701
internal_weight=2699 715 564 1984 1197 787
internal_count=2699 715 564 1984 1197 787
is_linear=0
shrinkage=0.05


Tree=98
num_leaves=5
num_cat=0
split_feature=12 8 13 11
split_gain=0.981592 1.31484 2.41395 2.35587
threshold=0.98078262472192701 0.27414229417610386 -0.16508464693092448 0.49999864614541206
decision_type=2 2 10 2
left_child=1 3 -3 -1
right_child=-2 2 -4 -5
leaf_value=-0.00024463119097054004 -0.0037863973737276065 0.0027091941818417537 -0.0012451946335275052 0.0076269552255830465
leaf_weight=245 162 499 1643 150
leaf_count=245 162 499 1643 150
internal_value=-7.32082e-05 0.000170879 -0.000319817 0.00280255
internal_weight=2699 2537 2142 395
internal_count=2699 2537 2142 395
is_linear=0
shrinkage=0.05


Tree=99
num_leaves=4
num_cat=0
split_feature=3 3 8
split_gain=0.968306 1.57282 1.45459
threshold=1.6752166778851236 1.477436173387267 0.18017875843725265
decision_type=2 2 2
left_child=1 2 -1
right_child=-2 -3 -4
leaf_value=-0.0043703162390738726 0.0037560778884933549 -0.0051012588432058697 0.0003638256400158124
leaf_weight=170 151 155 2223
leaf_count=170 151 155 2223
internal_value=-6.82156e-05 -0.000301764 1.90985e-05
internal_weight=2699 2548 2393
internal_count=2699 2548 2393
is_linear=0
shrinkage=0.05


Tree=100
num_leaves=4
num_cat=0
split_feature=2 5 5
split_gain=0.95924 1.54 1.2861
threshold=0.07671012713609944 0.11000000000000003 0.070000000000000048
decision_type=2 2 2
left_child=1 2 -1
right_child=-2 -3 -4
leaf_value=-0.00033276765549033739 0.0034943434515031383 -0.0042906737911540113 0.0035186708743168305
leaf_weight=2073 172 217 237
leaf_count=2073 172 217 237
internal_value=-6.43505e-05 -0.000312995 6.91262e-05
internal_weight=2699 2527 2310
internal_count=2699 2527 2310
is_linear=0
shrinkage=0.05


Tree=101
num_leaves=5
num_cat=0
split_feature=0 3 1 7
split_gain=0.960887 1.18416 2.22335 1.88162
threshold=0.73000000000000009 -0.99999999999999567 -1.5755951658248968 0.25488780019751833
decision_type=2 2 2 2
left_child=1 2 -1 -3
right_child=-2 3 -4 -5
leaf_value=0.002462408820048292 -0.0038559168909385703 -0.00052104492953106575 -0.003463624017961995 0.0027142431487623786
leaf_weight=230 152 1061 483 773
leaf_count=230 152 1061 483 773
internal_value=-5.94357e-05 0.000174242 -0.00154816 0.000846246
internal_weight=2699 2547 713 1834
internal_count=2699 2547 713 1834
is_linear=0
shrinkage=0.05


Tree=102
num_leaves=5
num_cat=0
split_feature=9 8 8 3
split_gain=0.950108 1.65114 3.95729 1.90741
threshold=-1.5370943911637174 0.24206956012314715 0.16162052680275149 1.5075567228888129
decision_type=2 2 2 2
left_child=-1 2 -2 -3
right_child=1 3 -4 -5
leaf_value=0.0034457183373546568 -0.0025910910051793624 -0.00028153542334166334 0.0086625410367652221 -0.0050912004547274637
leaf_weight=176 151 1994 153 225
leaf_count=176 151 1994 153 225
internal_value=-5.38532e-05 -0.000304309 0.00312127 -0.000779571
internal_weight=2699 2523 304 2219
internal_count=2699 2523 304 2219
is_linear=0
shrinkage=0.05


Tree=103
num_leaves=4
num_cat=0
split_feature=3 12 6
split_gain=0.956022 1.49399 1.56836
threshold=1.6752166778851236 0.98078262472192701 5.5921243929396782
decision_type=2 2 2
left_child=1 2 -1
right_child=-2 -3 -4
leaf_value=-0.00057566888608136908 0.0037499220134356082 -0.0050071975100595672 0.0027295987263898916
leaf_weight=1962 151 152 434
leaf_count=1962 151 152 434
internal_value=-4.99959e-05 -0.00028209 2.7469e-05
internal_weight=2699 2548 2396
internal_count=2699 2548 2396
is_linear=0
shrinkage=0.05


Tree=104
num_leaves=5
num_cat=0
split_feature=13 7 13 4
split_gain=0.91556 1.94642 1.81268 1.12878
threshold=0.2342627362855754 -0.71068113347229833 0.08319035916351987 0.030310889132455342
decision_type=10 2 8 2
left_child=1 3 -3 -1
right_child=-2 2 -4 -5
leaf_value=-0.0008849257903714334 0.0026890383129092778 -0.00057802479023461419 0.00296631935659958 -0.0069380693137645723
leaf_weight=150 270 1667 455 157
leaf_count=150 270 1667 455 157
internal_value=-4.57085e-05 -0.000354594 0.000187141 -0.00404209
internal_weight=2699 2429 2122 307
internal_count=2699 2429 2122 307
is_linear=0
shrinkage=0.05


Tree=105
num_leaves=4
num_cat=0
split_feature=2 5 9
split_gain=0.910312 1.41416 1.33688
threshold=0.07671012713609944 0.11000000000000003 0.6089744028566999
decision_type=2 2 2
left_child=1 2 -1
right_child=-2 -3 -4
leaf_value=-0.00075525635062382581 0.0034254980428765217 -0.0040951669652451268 0.0018021121655443781
leaf_weight=1555 172 217 755
leaf_count=1555 172 217 755
internal_value=-4.12014e-05 -0.00028346 8.26805e-05
internal_weight=2699 2527 2310
internal_count=2699 2527 2310
is_linear=0
shrinkage=0.05


Tree=106
num_leaves=4
num_cat=0
split_feature=3 3 9
split_gain=0.91161 1.37567 1.47922
threshold=1.6752166778851236 1.477436173387267 1.5164618947623201
decision_type=2 2 2
left_child=1 2 -1
right_child=-2 -3 -4
leaf_value=0.00036313195766793995 0.0036712976721807937 -0.0047545719775371259 -0.0046421344663146171
leaf_weight=2240 151 155 153
leaf_count=2240 151 155 153
internal_value=-3.92881e-05 -0.000265945 3.41009e-05
internal_weight=2699 2548 2393
internal_count=2699 2548 2393
is_linear=0
shrinkage=0.05


Tree=107
num_leaves=5
num_cat=0
split_feature=9 8 8 13
split_gain=0.889684 1.54613 3.66268 1.86031
threshold=-1.5370943911637174 0.24206956012314715 0.16162052680275149 -0.16508464693092448
decision_type=2 2 2 10
left_child=-1 2 -2 -3
right_child=1 3 -4 -5
leaf_value=0.0033504571492953524 -0.0024599954724693913 0.001803212843903708 0.0083672153940306439 -0.0015586152441872643
leaf_weight=176 151 540 153 1679
leaf_count=176 151 540 153 1679
internal_value=-3.59703e-05 -0.000278361 0.00303644 -0.00073829
internal_weight=2699 2523 304 2219
internal_count=2699 2523 304 2219
is_linear=0
shrinkage=0.05


Tree=108
num_leaves=4
num_cat=0
split_feature=0 8 4
split_gain=0.871389 1.1461 1.40736
threshold=0.73000000000000009 0.71040165460645566 0.0043301270189222097
decision_type=2 2 2
left_child=1 2 -1
right_child=-2 -3 -4
leaf_value=0.0040180283349231299 -0.0036466583301117471 0.0031563678237522558 -0.00055478736888015705
leaf_weight=178 152 284 2085
leaf_count=178 152 284 2085
internal_value=-3.12653e-05 0.000191216 -0.00018704
internal_weight=2699 2547 2263
internal_count=2699 2547 2263
is_linear=0
shrinkage=0.05


Tree=109
num_leaves=7
num_cat=0
split_feature=3 9 6 3 6 6
split_gain=0.871754 2.24942 2.31584 1.92285 4.85608 3.29515
threshold=-0.99999999999999567 0.91489774365367715 5.3943318001460137 0.22941573387056446 4.5580261648056792 4.6182831237711417
decision_type=2 2 2 2 2 2
left_child=1 2 -1 5 -5 -2
right_child=3 -3 -4 4 -6 -7
leaf_value=-0.0022080949219840636 -0.0036640432987894329 -0.0065850552315602001 0.0046412192824515494 0.0057548606511333899 -0.0022946638480210915 0.0041161447534355609
leaf_weight=374 170 163 178 227 970 617
leaf_count=374 170 163 178 227 970 617
internal_value=-2.84576e-05 -0.00151919 2.2397e-05 0.000511244 -0.000750557 0.00242302
internal_weight=2699 715 552 1984 1197 787
internal_count=2699 715 552 1984 1197 787
is_linear=0
shrinkage=0.05


Tree=110
num_leaves=4
num_cat=0
split_feature=2 5 9
split_gain=0.86099 1.27409 1.30902
threshold=0.07671012713609944 0.11000000000000003 -0.017608384959224611
decision_type=2 2 2
left_child=1 2 -1
right_child=-2 -3 -4
leaf_value=-0.0011400895615640498 0.0033490416286039654 -0.0038760466081602081 0.0012367009246566645
leaf_weight=1115 172 217 1195
leaf_count=1115 172 217 1195
internal_value=-2.23969e-05 -0.000258034 8.94777e-05
internal_weight=2699 2527 2310
internal_count=2699 2527 2310
is_linear=0
shrinkage=0.05


Tree=111
num_leaves=4
num_cat=0
split_feature=3 12 13
split_gain=0.859791 1.38351 1.51502
threshold=1.6752166778851236 0.98078262472192701 0.047875630642505169
decision_type=2 2 10
left_child=1 2 -1
right_child=-2 -3 -4
leaf_value=-0.0010078754859195597 0.0035825902858796794 -0.0047881657250261143 0.0015354669174732494
leaf_weight=1394 151 152 1002
leaf_count=1394 151 152 1002
internal_value=-2.09543e-05 -0.000241106 5.67253e-05
internal_weight=2699 2548 2396
internal_count=2699 2548 2396
is_linear=0
shrinkage=0.05


Tree=112
num_leaves=5
num_cat=0
split_feature=9 8 8 13
split_gain=0.836893 1.44359 2.98378 2.50937
threshold=-1.5370943911637174 0.27414229417610386 0.18017875843725265 -0.16508464693092448
decision_type=2 2 2 10
left_child=-1 2 -2 -3
right_child=1 3 -4 -5
leaf_value=0.0032663852568118944 -0.0021526031051687699 0.0022148920872061043 0.0064923653827497251 -0.001750038554944038
leaf_weight=176 182 526 211 1604
leaf_count=176 182 526 211 1604
internal_value=-1.80009e-05 -0.000253121 0.0025121 -0.000768011
internal_weight=2699 2523 393 2130
internal_count=2699 2523 393 2130
is_linear=0
shrinkage=0.05


Tree=113
num_leaves=5
num_cat=0
split_feature=13 7 13 4
split_gain=0.829549 1.77768 1.69537 1.0214
threshold=0.2342627362855754 -0.71068113347229833 0.047875630642505169 0.030310889132455342
decision_type=10 2 8 2
left_child=1 3 -3 -1
right_child=-2 2 -4 -5
leaf_value=-0.00082864791154861443 0.0025898061851886188 -0.00070335070221882057 0.0023869562732879933 -0.0065861280731580873
leaf_weight=150 270 1497 625 157
leaf_count=150 270 1497 625 157
internal_value=-1.32569e-05 -0.000307331 0.00021032 -0.00383139
internal_weight=2699 2429 2122 307
internal_count=2699 2429 2122 307
is_linear=0
shrinkage=0.05


Tree=114
num_leaves=7
num_cat=0
split_feature=3 5 9 3 6 6
split_gain=0.813095 2.15395 3.64071 1.76396 4.51697 3.02526
threshold=-0.99999999999999567 -0.022499999999999961 -0.80479130081637285 0.22941573387056446 4.5580261648056792 4.6182831237711417
decision_type=2 2 2 2 2 2
left_child=1 2 -1 5 -5 -2
right_child=3 -3 -4 4 -6 -7
leaf_value=0.0065067578696657736 -0.0034907909269843783 -0.0066499582276894498 -0.0024441753870458899 0.005576314815673335 -0.002187003764586571 0.0039642050916215239
leaf_weight=151 170 151 413 227 970 617
leaf_count=151 170 151 413 227 970 617
internal_value=-1.02741e-05 -0.00145001 -1.16188e-05 0.000510922 -0.00069769 0.00234198
internal_weight=2699 715 564 1984 1197 787
internal_count=2699 715 564 1984 1197 787
is_linear=0
shrinkage=0.05


Tree=115
num_leaves=4
num_cat=0
split_feature=3 12 6
split_gain=0.805762 1.28782 1.36547
threshold=1.6752166778851236 0.98078262472192701 5.5921243929396782
decision_type=2 2 2
left_child=1 2 -1
right_child=-2 -3 -4
leaf_value=-0.00049447434114876533 0.0034826782723076837 -0.0046059205402193036 0.002589605978195787
leaf_weight=1962 151 152 434
leaf_count=1962 151 152 434
internal_value=-5.77874e-06 -0.000218928 6.83907e-05
internal_weight=2699 2548 2396
internal_count=2699 2548 2396
is_linear=0
shrinkage=0.05


Tree=116
num_leaves=4
num_cat=0
split_feature=2 11 0
split_gain=0.794577 1.21621 1.38998
threshold=0.07671012713609944 -0.95938580640646476 0.58750000000000002
decision_type=2 2 2
left_child=1 -1 -3
right_child=-2 2 -4
leaf_value=-0.0035854005758635338 0.0032354525506817396 0.00084044939845456584 -0.0019937201535206767
leaf_weight=239 172 1715 573
leaf_count=239 172 1715 573
internal_value=-3.31358e-06 -0.000229714 0.000127869
internal_weight=2699 2527 2288
internal_count=2699 2527 2288
is_linear=0
shrinkage=0.05


Tree=117
num_leaves=5
num_cat=0
split_feature=9 0 9 9
split_gain=0.77977 0.873604 1.99417 1.18339
threshold=-1.4924867071133083 0.39750000000000008 -0.017608384959224611 -0.33489490521788928
decision_type=2 2 2 2
left_child=-1 3 -3 -2
right_child=1 2 -4 -5
leaf_value=0.002976758863542945 0.003932944339332888 -0.0026763464435103071 0.00065383231267333039 -0.00033292779331340608
leaf_weight=198 255 801 1013 432
leaf_count=198 255 801 1013 432
internal_value=-3.76324e-06 -0.000245195 -0.000819975 0.00126745
internal_weight=2699 2501 1814 687
internal_count=2699 2501 1814 687
is_linear=0
shrinkage=0.05


Tree=118
num_leaves=7
num_cat=0
split_feature=3 9 6 7 13 7
split_gain=0.784531 2.03741 2.06377 1.69451 3.21235 2.30791
threshold=-0.99999999999999567 0.91489774365367715 4.8547997707323871 -0.70172462272495462 0.10405974428981883 -0.86923602471971595
decision_type=2 2 2 2 8 2
left_child=1 2 -1 5 -5 -2
right_child=3 -3 -4 4 -6 -7
leaf_value=-0.0044030092175254658 0.0017128756041066688 -0.0062404385657005368 0.0021101743311040385 0.00016092985140555506 0.0059651485361672685 -0.0062488655715726964
leaf_weight=173 166 163 379 1341 285 192
leaf_count=173 166 163 379 1341 285 192
internal_value=-4.97134e-06 -0.0014192 4.77043e-05 0.000506978 0.00119344 -0.00258437
internal_weight=2699 715 552 1984 1626 358
internal_count=2699 715 552 1984 1626 358
is_linear=0
shrinkage=0.05


Tree=119
num_leaves=4
num_cat=0
split_feature=3 3 8
split_gain=0.757524 1.20064 1.29417
threshold=1.6752166778851236 1.477436173387267 0.18017875843725265
decision_type=2 2 2
left_child=1 2 -1
right_child=-2 -3 -4
leaf_value=-0.0040646992639106301 0.0033846114141245689 -0.0043978712148964412 0.00040077878132168228
leaf_weight=170 151 155 2223
leaf_count=170 151 155 2223
internal_value=2.20146e-06 -0.000204484 7.57351e-05
internal_weight=2699 2548 2393
internal_count=2699 2548 2393
is_linear=0
shrinkage=0.05


Tree=120
num_leaves=4
num_cat=0
split_feature=0 8 8
split_gain=0.748645 1.05978 1.04651
threshold=0.73000000000000009 0.71040165460645566 0.54875425258302513
decision_type=2 2 2
left_child=1 2 -1
right_child=-2 -3 -4
leaf_value=0.00064364660824229182 -0.003347766070751248 0.0030608391154003187 -0.0015971753787714415
leaf_weight=1459 152 284 804
leaf_count=1459 152 284 804
internal_value=3.39016e-06 0.000209548 -0.00015424
internal_weight=2699 2547 2263
internal_count=2699 2547 2263
is_linear=0
shrinkage=0.05


Tree=121
num_leaves=5
num_cat=0
split_feature=9 8 3 11
split_gain=0.738067 1.09363 2.45334 1.90786
threshold=1.5519415325069807 0.27414229417610386 -1.0000000180025095e-35 -0.88591702873062761
decision_type=2 2 2 2
left_child=1 2 -1 -3
right_child=-2 3 -4 -5
leaf_value=0.0072834281667107439 -0.0033456104633308227 -0.0036465465169453967 -0.00065153129862551874 0.00040926654181239268
leaf_weight=160 150 340 236 1813
leaf_count=160 150 340 236 1813
internal_value=4.49889e-06 0.000207805 0.00260535 -0.000238189
internal_weight=2699 2549 396 2153
internal_count=2699 2549 396 2153
is_linear=0
shrinkage=0.05


Tree=122
num_leaves=7
num_cat=0
split_feature=3 2 11 7 13 7
split_gain=0.756391 2.04862 4.30664 1.59166 2.98827 2.114
threshold=-0.99999999999999567 0.030033296378372883 0.076281398835186628 -0.70172462272495462 0.10405974428981883 -0.86923602471971595
decision_type=2 2 2 2 8 2
left_child=1 -1 -3 5 -5 -2
right_child=3 2 -4 4 -6 -7
leaf_value=-0.0046889086772071223 0.0016249062014166375 -0.0038828303606320428 0.0059617824408979645 0.00017728775291306483 0.0057755021070098056 -0.0059952843300809114
leaf_weight=279 166 231 205 1341 285 192
leaf_count=279 166 231 205 1341 285 192
internal_value=5.28445e-06 -0.00138337 0.000761057 0.00050795 0.00117322 -0.00248819
internal_weight=2699 715 436 1984 1626 358
internal_count=2699 715 436 1984 1626 358
is_linear=0
shrinkage=0.05


Tree=123
num_leaves=5
num_cat=0
split_feature=9 8 8 13
split_gain=0.737752 1.34404 2.51114 2.44705
threshold=-1.4924867071133083 0.27414229417610386 0.18017875843725265 -0.16508464693092448
decision_type=2 2 2 10
left_child=-1 2 -2 -3
right_child=1 3 -4 -5
leaf_value=0.0029119347888526734 -0.0018472056187739648 0.0022207345210170119 0.0061259515445883971 -0.0017000553861967541
leaf_weight=198 180 526 209 1586
leaf_count=198 180 526 209 1586
internal_value=1.2857e-05 -0.00022201 0.00245995 -0.000720632
internal_weight=2699 2501 389 2112
internal_count=2699 2501 389 2112
is_linear=0
shrinkage=0.05


Tree=124
num_leaves=5
num_cat=0
split_feature=13 13 4 2
split_gain=0.728667 1.58139 1.338 1.50627
threshold=0.20405340418736401 0.26473418054181269 0.0043301270189222097 0.015000000000000008
decision_type=10 10 2 2
left_child=2 -2 -1 -4
right_child=1 -3 3 -5
leaf_value=0.0039069370784122369 0.005355351884924882 -0.0011149975889099713 -0.0039843299715388754 -0.00012859721936247785
leaf_weight=169 180 190 288 1872
leaf_count=169 180 190 288 1872
internal_value=1.63968e-05 0.00206217 -0.00031233 -0.000650709
internal_weight=2699 370 2329 2160
internal_count=2699 370 2329 2160
is_linear=0
shrinkage=0.05


Tree=125
num_leaves=4
num_cat=0
split_feature=2 5 9
split_gain=0.717991 1.1412 1.30544
threshold=0.07671012713609944 0.11000000000000003 0.6089744028566999
decision_type=2 2 2
left_child=1 2 -1
right_child=-2 -3 -4
leaf_value=-0.00069619629334341981 0.0030970940833364084 -0.0036210100627965761 0.0018309394311846088
leaf_weight=1555 172 217 755
leaf_count=1555 172 217 755
internal_value=1.84058e-05 -0.000196847 0.000131943
internal_weight=2699 2527 2310
internal_count=2699 2527 2310
is_linear=0
shrinkage=0.05


Tree=126
num_leaves=5
num_cat=0
split_feature=9 13 13 2
split_gain=0.719154 1.05485 2.67546 1.55427
threshold=1.5519415325069807 -0.20005984757391024 -0.16306640705797384 0.037666297933298419
decision_type=2 8 8 2
left_child=1 3 -3 -1
right_child=-2 2 -4 -5
leaf_value=-0.0052099164593872151 -0.0032888694840573496 0.0068517132778652019 0.0001375589083266876 0.0014401515191303025
leaf_weight=196 150 155 2045 153
leaf_count=196 150 155 2045 153
internal_value=1.80643e-05 0.000218724 0.000625066 -0.00231539
internal_weight=2699 2549 2200 349
internal_count=2699 2549 2200 349
is_linear=0
shrinkage=0.05


Tree=127
num_leaves=5
num_cat=0
split_feature=13 7 13 4
split_gain=0.716662 1.54896 1.42926 0.96491
threshold=0.2342627362855754 -0.71068113347229833 0.047875630642505169 0.030310889132455342
decision_type=10 2 8 2
left_child=1 3 -3 -1
right_child=-2 2 -4 -5
leaf_value=-0.00063376653338632287 0.0024365820240398704 -0.00061208219496848267 0.0022253734485748861 -0.0062225713406080085
leaf_weight=150 270 1497 625 157
leaf_count=150 270 1497 625 157
internal_value=1.71625e-05 -0.000256225 0.00022691 -0.0035458
internal_weight=2699 2429 2122 307
internal_count=2699 2429 2122 307
is_linear=0
shrinkage=0.05


Tree=128
num_leaves=4
num_cat=0
split_feature=3 12 6
split_gain=0.717818 1.20628 1.29237
threshold=1.6752166778851236 0.98078262472192701 5.5921243929396782
decision_type=2 2 2
left_child=1 2 -1
right_child=-2 -3 -4
leaf_value=-0.00045213829383896085 0.0033112699070420022 -0.004428364051755067 0.0025482624075492178
leaf_weight=1962 151 152 434
leaf_count=1962 151 152 434
internal_value=1.87264e-05 -0.0001825 9.55149e-05
internal_weight=2699 2548 2396
internal_count=2699 2548 2396
is_linear=0
shrinkage=0.05


Tree=129
num_leaves=7
num_cat=0
split_feature=3 1 11 3 6 6
split_gain=0.69713 1.99252 1.74062 1.5149 4.17413 2.80072
threshold=-0.99999999999999567 -1.5755951658248968 0.089509970062786617 0.22941573387056446 4.5580261648056792 4.6182831237711417
decision_type=2 2 2 2 2 2
left_child=1 -1 -3 5 -5 -2
right_child=3 2 -4 4 -6 -7
leaf_value=0.0024724313553217483 -0.0034117631614208224 -0.0058804332642466766 0.00010258290152389395 0.0054134861614298204 -0.0020492776325688913 0.0037606353045012983
leaf_weight=231 170 259 225 227 970 617
leaf_count=231 170 259 225 227 970 617
internal_value=2.01898e-05 -0.00131298 -0.00312646 0.000502735 -0.000617402 0.00219957
internal_weight=2699 715 484 1984 1197 787
internal_count=2699 715 484 1984 1197 787
is_linear=0
shrinkage=0.05


Tree=130
num_leaves=5
num_cat=0
split_feature=9 8 3 7
split_gain=0.693429 1.28037 1.73057 1.53003
threshold=-1.4924867071133083 0.24206956012314715 1.5075567228888129 0.029617131314547778
decision_type=2 2 2 2
left_child=-1 3 -3 -2
right_child=1 2 -4 -5
leaf_value=0.0028347203746584837 0.0062959245651235023 -0.00014660638157167351 -0.0047385690933069028 -0.000754149000971548
leaf_weight=198 151 1976 224 150
leaf_count=198 151 1976 224 150
internal_value=2.40976e-05 -0.000203627 -0.000623837 0.00282768
internal_weight=2699 2501 2200 301
internal_count=2699 2501 2200 301
is_linear=0
shrinkage=0.05


Tree=131
num_leaves=4
num_cat=0
split_feature=3 8 8
split_gain=0.72275 1.17917 2.32192
threshold=1.6752166778851236 0.18017875843725265 0.25718778271777182
decision_type=2 2 2
left_child=1 -1 -3
right_child=-2 2 -4
leaf_value=-0.0040570157709925508 0.0033272662605994784 0.0057857246233782335 -0.00031147631178990892
leaf_weight=177 151 163 2208
leaf_count=177 151 163 2208
internal_value=2.34398e-05 -0.000178485 0.000118983
internal_weight=2699 2548 2371
internal_count=2699 2548 2371
is_linear=0
shrinkage=0.05


Tree=132
num_leaves=4
num_cat=0
split_feature=3 12 6
split_gain=0.675923 1.12506 1.2233
threshold=1.6752166778851236 0.98078262472192701 5.5921243929396782
decision_type=2 2 2
left_child=1 2 -1
right_child=-2 -3 -4
leaf_value=-0.00043401325957321228 0.0032206230534192848 -0.0042700879412234591 0.0024851148405674781
leaf_weight=1962 151 152 434
leaf_count=1962 151 152 434
internal_value=2.56194e-05 -0.00016966 9.88177e-05
internal_weight=2699 2548 2396
internal_count=2699 2548 2396
is_linear=0
shrinkage=0.05


Tree=133
num_leaves=4
num_cat=0
split_feature=0 8 4
split_gain=0.669997 1.00907 1.18219
threshold=0.73000000000000009 0.71040165460645566 0.0043301270189222097
decision_type=2 2 2
left_child=1 2 -1
right_child=-2 -3 -4
leaf_value=0.0037206769966688317 -0.0031434953218670032 0.0030040098950395743 -0.00047035883547867424
leaf_weight=178 152 284 2085
leaf_count=178 152 284 2085
internal_value=2.67988e-05 0.000221784 -0.00013323
internal_weight=2699 2547 2263
internal_count=2699 2547 2263
is_linear=0
shrinkage=0.05


Tree=134
num_leaves=4
num_cat=0
split_feature=2 11 9
split_gain=0.683233 1.06047 0.891113
threshold=0.07671012713609944 -0.95938580640646476 0.57792169083294687
decision_type=2 2 2
left_child=1 -1 -3
right_child=-2 2 -4
leaf_value=-0.0033162606460210246 0.0030304640348695518 -0.00055437023162310231 0.0015256851067496358
leaf_weight=239 172 1514 774
leaf_count=239 172 1514 774
internal_value=2.72355e-05 -0.00018276 0.000151077
internal_weight=2699 2527 2288
internal_count=2699 2527 2288
is_linear=0
shrinkage=0.05


Tree=135
num_leaves=5
num_cat=0
split_feature=9 4 7 5
split_gain=0.667218 0.925279 3.64234 3.0254
threshold=1.5519415325069807 0.06009754843509698 -0.15276639153615271 0.11000000000000003
decision_type=2 2 2 2
left_child=1 3 -3 -1
right_child=-2 2 -4 -5
leaf_value=0.00039794797816942166 -0.0031573507177733609 0.0082268434967244838 -0.0024849533097727632 -0.0064478975129978995
leaf_weight=2070 150 150 159 170
leaf_count=2070 150 150 159 170
internal_value=2.79582e-05 0.000221217 0.00276315 -0.000134806
internal_weight=2699 2549 309 2240
internal_count=2699 2549 309 2240
is_linear=0
shrinkage=0.05


Tree=136
num_leaves=7
num_cat=0
split_feature=3 5 9 7 13 7
split_gain=0.671423 1.86914 3.25589 1.48001 2.66578 1.92419
threshold=-0.99999999999999567 -0.022499999999999961 -0.80479130081637285 -0.70172462272495462 0.10669676643396998 -0.86923602471971595
decision_type=2 2 2 2 8 2
left_child=1 2 -1 5 -5 -2
right_child=3 -3 -4 4 -6 -7
leaf_value=0.0062233341226834828 0.001537512346274323 -0.0061236086779106885 -0.0022413463592161668 0.00020889526480233076 0.0055182213099991412 -0.0057327721277393674
leaf_weight=151 166 151 413 1344 282 192
leaf_count=151 166 151 413 1344 282 192
internal_value=2.87582e-05 -0.00127962 5.9679e-05 0.000502307 0.00114379 -0.00238689
internal_weight=2699 715 564 1984 1626 358
internal_count=2699 715 564 1984 1626 358
is_linear=0
shrinkage=0.05


Tree=137
num_leaves=5
num_cat=0
split_feature=9 8 8 3
split_gain=0.648501 1.19445 2.9443 1.77304
threshold=-1.5370943911637174 0.24206956012314715 0.16162052680275149 1.5075567228888129
decision_type=2 2 2 2
left_child=-1 2 -2 -3
right_child=1 3 -4 -5
leaf_value=0.0029247016728294818 -0.002188601911975405 -9.8111709775966879e-05 0.007519224615146103 -0.0047346664795085147
leaf_weight=176 151 1994 153 225
leaf_count=176 151 1994 153 225
internal_value=3.36124e-05 -0.000173451 0.00273986 -0.000577832
internal_weight=2699 2523 304 2219
internal_count=2699 2523 304 2219
is_linear=0
shrinkage=0.05


Tree=138
num_leaves=4
num_cat=0
split_feature=3 8 8
split_gain=0.681523 1.09548 2.06189
threshold=1.6752166778851236 0.18017875843725265 0.27414229417610386
decision_type=2 2 2
left_child=1 -1 -3
right_child=-2 2 -4
leaf_value=-0.0038999016803515315 0.00324278263709484 0.0047134740089343208 -0.00034690234131680572
leaf_weight=177 151 217 2154
leaf_count=177 151 217 2154
internal_value=3.45862e-05 -0.000161517 0.000125181
internal_weight=2699 2548 2371
internal_count=2699 2548 2371
is_linear=0
shrinkage=0.05


Tree=139
num_leaves=5
num_cat=0
split_feature=5 5 3 5
split_gain=0.644447 0.952423 3.16342 3.08479
threshold=0.13749999999999998 0.044999999999999964 1.0506612694726141 0.019999999999999938
decision_type=2 2 2 2
left_child=1 3 -3 -1
right_child=-2 2 -4 -5
leaf_value=-0.00050481089944820143 0.0026896816320823268 0.002173734562737601 -0.0052476741190651943 0.0050428095714163948
leaf_weight=1629 206 254 319 291
leaf_count=1629 206 254 319 291
internal_value=3.62738e-05 -0.000187926 -0.00196756 0.000346915
internal_weight=2699 2493 573 1920
internal_count=2699 2493 573 1920
is_linear=0
shrinkage=0.05


Tree=140
num_leaves=5
num_cat=0
split_feature=3 7 8 7
split_gain=0.655612 1.07037 2.5131 1.53443
threshold=1.6752166778851236 0.69994394887884226 0.60679089361568039 0.25488780019751833
decision_type=2 2 2 2
left_child=1 3 -3 -1
right_child=-2 2 -4 -5
leaf_value=-0.00044910629961068176 0.0031854176368468845 -0.0057992060657454892 0.0014074191614736075 0.002678897652512004
leaf_weight=1553 151 242 234 519
leaf_count=1553 151 242 234 519
internal_value=3.88052e-05 -0.000153543 -0.00227865 0.000338967
internal_weight=2699 2548 476 2072
internal_count=2699 2548 476 2072
is_linear=0
shrinkage=0.05


Tree=141
num_leaves=7
num_cat=0
split_feature=3 9 6 7 13 5
split_gain=0.618996 1.81101 1.89905 1.37564 2.50285 1.81271
threshold=-0.99999999999999567 0.91489774365367715 5.3943318001460137 -0.70172462272495462 0.10669676643396998 0.01999999999999998
decision_type=2 2 2 2 8 2
left_child=1 2 -1 5 -5 -2
right_child=3 -3 -4 4 -6 -7
leaf_value=-0.0018572735146798764 -0.0059572835575257034 -0.0057636172599380931 0.004345232812952393 0.00020541108310536058 0.0053499436038400242 0.0010896320594715951
leaf_weight=374 170 163 178 1344 282 188
leaf_count=374 170 163 178 1344 282 188
internal_value=3.81993e-05 -0.00121808 0.000163862 0.000492865 0.0011113 -0.00229263
internal_weight=2699 715 552 1984 1626 358
internal_count=2699 715 552 1984 1626 358
is_linear=0
shrinkage=0.05


Tree=142
num_leaves=4
num_cat=0
split_feature=0 8 4
split_gain=0.628221 0.936194 1.11787
threshold=0.73000000000000009 0.71040165460645566 0.0043301270189222097
decision_type=2 2 2
left_child=1 2 -1
right_child=-2 -3 -4
leaf_value=0.0036384927994403682 -0.0030257315297053454 0.0029128070775690171 -0.0004369167795262197
leaf_weight=178 152 284 2085
leaf_count=178 152 284 2085
internal_value=4.41751e-05 0.00023295 -0.000109044
internal_weight=2699 2547 2263
internal_count=2699 2547 2263
is_linear=0
shrinkage=0.05


Tree=143
num_leaves=6
num_cat=0
split_feature=2 9 9 1 3
split_gain=0.642123 4.23575 1.31778 4.49247 1.86958
threshold=0.012990381056766606 -1.0000000180025095e-35 0.99242880088058905 -0.30237528100466576 0.25805573549934618
decision_type=2 2 2 2 2
left_child=1 -1 4 -4 -2
right_child=2 -3 3 -5 -6
leaf_value=-0.0069431015082354695 0.0024820598164126354 0.0028467684914065708 -0.0069680473917696677 0.0029341218952575457 -0.0007268605948441098
leaf_weight=201 966 234 224 225 849
leaf_count=201 966 234 224 225 849
internal_value=4.38628e-05 -0.00170432 0.000382771 -0.00202827 0.000983154
internal_weight=2699 435 2264 449 1815
internal_count=2699 435 2264 449 1815
is_linear=0
shrinkage=0.05


Tree=144
num_leaves=5
num_cat=0
split_feature=13 7 4 4
split_gain=0.613889 1.37838 1.15614 0.937443
threshold=0.2342627362855754 -0.71068113347229833 0.0043301270189222097 0.030310889132455342
decision_type=10 2 2 2
left_child=1 3 -3 -1
right_child=-2 2 -4 -5
leaf_value=-0.00044786904608049705 0.0022837845464660361 0.0042802407928719758 -8.9511482673981124e-05 -0.0059495149065314987
leaf_weight=150 270 159 1963 157
leaf_count=150 270 159 1963 157
internal_value=4.46008e-05 -0.00020848 0.000247203 -0.00331167
internal_weight=2699 2429 2122 307
internal_count=2699 2429 2122 307
is_linear=0
shrinkage=0.05


Tree=145
num_leaves=6
num_cat=0
split_feature=2 9 9 1 3
split_gain=0.62636 3.88585 1.20914 4.13157 1.73102
threshold=0.012990381056766606 -1.0000000180025095e-35 0.99242880088058905 -0.30237528100466576 0.25805573549934618
decision_type=2 2 2 2 2
left_child=1 -1 4 -4 -2
right_child=2 -3 3 -5 -6
leaf_value=-0.0067001009920557731 0.0023959631091185168 0.0026770950976961827 -0.0066682574928913054 0.0028277133542882363 -0.00069178407709168783
leaf_weight=201 966 234 224 225 849
leaf_count=201 966 234 224 225 849
internal_value=4.38774e-05 -0.00168272 0.000378598 -0.00193096 0.000953679
internal_weight=2699 435 2264 449 1815
internal_count=2699 435 2264 449 1815
is_linear=0
shrinkage=0.05


Tree=146
num_leaves=5
num_cat=0
split_feature=9 8 13 7
split_gain=0.613836 1.10937 1.61585 1.37628
threshold=-1.4924867071133083 0.24206956012314715 -0.16508464693092448 0.029617131314547778
decision_type=2 2 10 2
left_child=-1 3 -3 -2
right_child=1 2 -4 -5
leaf_value=0.0026890091653087459 0.0059413923192411094 0.0018039930463178988 -0.0013332275246401449 -0.00074432326420660947
leaf_weight=198 151 540 1660 150
leaf_count=198 151 540 1660 150
internal_value=4.46407e-05 -0.000169657 -0.000560838 0.00265192
internal_weight=2699 2501 2200 301
internal_count=2699 2501 2200 301
is_linear=0
shrinkage=0.05


Tree=147
num_leaves=4
num_cat=0
split_feature=3 8 8
split_gain=0.606718 1.09968 1.88699
threshold=1.6752166778851236 0.18017875843725265 0.27414229417610386
decision_type=2 2 2
left_child=1 -1 -3
right_child=-2 2 -4
leaf_value=-0.0038860671703222689 0.003071536245540931 0.0045360401790874366 -0.00030498098978456138
leaf_weight=177 151 217 2154
leaf_count=177 151 217 2154
internal_value=4.45423e-05 -0.000140508 0.000146695
internal_weight=2699 2548 2371
internal_count=2699 2548 2371
is_linear=0
shrinkage=0.05


Tree=148
num_leaves=5
num_cat=0
split_feature=11 8 1 11
split_gain=0.606487 2.0655 1.45001 2.20848
threshold=-0.88591702873062761 0.50086294032735812 1.6629874728333027 -0.75018319070349693
decision_type=2 2 2 2
left_child=1 -1 3 -2
right_child=2 -3 -4 -5
leaf_value=0.0023019837175050507 0.0052758530497327046 -0.0047554776847954826 0.0049870882702024687 -0.00046762094535978928
leaf_weight=179 178 234 153 1955
leaf_count=179 178 234 153 1955
internal_value=4.58246e-05 -0.00170573 0.000365301 2.28924e-05
internal_weight=2699 413 2286 2133
internal_count=2699 413 2286 2133
is_linear=0
shrinkage=0.05


Tree=149
num_leaves=4
num_cat=0
split_feature=2 5 9
split_gain=0.596465 0.967923 1.35522
threshold=0.07671012713609944 0.11000000000000003 0.6089744028566999
decision_type=2 2 2
left_child=1 2 -1
right_child=-2 -3 -4
leaf_value=-0.00068967610690145737 0.0028536909838643792 -0.0033021251360575358 0.0018852080887575683
leaf_weight=1555 172 217 755
leaf_count=1555 172 217 755
internal_value=4.76682e-05 -0.000148582 0.000154153
internal_weight=2699 2527 2310
internal_count=2699 2527 2310
is_linear=0
shrinkage=0.05


Tree=150
num_leaves=5
num_cat=0
split_feature=5 5 1 3
split_gain=0.606914 0.90781 3.63286 3.00386
threshold=0.13749999999999998 0.044999999999999964 1.1412454307396855 1.0506612694726141
decision_type=2 2 2 2
left_child=1 2 -1 -3
right_child=-2 3 -4 -5
leaf_value=-0.00029579891694013136 0.0026210748824463071 0.0021264355730366063 0.0076398733682977926 -0.0051053117420294409
leaf_weight=1768 206 254 152 319
leaf_count=1768 206 254 152 319
internal_value=4.61099e-05 -0.000171483 0.000350654 -0.00190895
internal_weight=2699 2493 1920 573
internal_count=2699 2493 1920 573
is_linear=0
shrinkage=0.05


Tree=151
num_leaves=6
num_cat=0
split_feature=2 9 9 1 3
split_gain=0.593904 3.52987 1.1825 3.82606 1.609
threshold=0.012990381056766606 -1.0000000180025095e-35 0.99242880088058905 -0.30237528100466576 0.25805573549934618
decision_type=2 2 2 2 2
left_child=1 -1 4 -4 -2
right_child=2 -3 3 -5 -6
leaf_value=-0.0064142069878798088 0.002334043588901723 0.0025233860248427015 -0.0064675894500809726 0.0026710107112708301 -0.00064296669591724248
leaf_weight=201 966 234 224 225 849
leaf_count=201 966 234 224 225 849
internal_value=4.89201e-05 -0.00163236 0.000374842 -0.00190913 0.000943551
internal_weight=2699 435 2264 449 1815
internal_count=2699 435 2264 449 1815
is_linear=0
shrinkage=0.05


Tree=152
num_leaves=4
num_cat=0
split_feature=1 1 6
split_gain=0.582925 2.18644 1.16012
threshold=-1.5755951658248968 -1.3107993791520858 5.0930742953329977
decision_type=2 2 2
left_child=-1 -2 -3
right_child=1 2 -4
leaf_value=0.0024237826711229855 -0.0049588187537882309 0.0013962945578289995 -0.00086737195224821672
leaf_weight=231 213 1147 1108
leaf_count=231 213 1147 1108
internal_value=4.96067e-05 -0.000177063 0.000284578
internal_weight=2699 2468 2255
internal_count=2699 2468 2255
is_linear=0
shrinkage=0.05


Tree=153
num_leaves=4
num_cat=0
split_feature=0 8 4
split_gain=0.592957 0.907575 1.01817
threshold=0.73000000000000009 0.71040165460645566 0.0086602540378444091
decision_type=2 2 2
left_child=1 2 -1
right_child=-2 -3 -4
leaf_value=0.0024358853304182137 -0.002934371021570294 0.0028701092856920044 -0.00054571328787580249
leaf_weight=331 152 284 1932
leaf_count=331 152 284 1932
internal_value=4.81421e-05 0.000231533 -0.000105198
internal_weight=2699 2547 2263
internal_count=2699 2547 2263
is_linear=0
shrinkage=0.05


Tree=154
num_leaves=6
num_cat=0
split_feature=2 9 9 1 3
split_gain=0.595184 3.25699 1.07613 3.4958 1.49011
threshold=0.012990381056766606 -1.0000000180025095e-35 0.99242880088058905 -0.30237528100466576 0.25805573549934618
decision_type=2 2 2 2 2
left_child=1 -1 4 -4 -2
right_child=2 -3 3 -5 -6
leaf_value=-0.0062286263747701369 0.0022541996822946627 0.0023571186032629414 -0.0061627178005548809 0.0025723917219463901 -0.00061073799320961186
leaf_weight=201 966 234 224 225 849
leaf_count=201 966 234 224 225 849
internal_value=4.73002e-05 -0.00163579 0.000373577 -0.00180531 0.000916076
internal_weight=2699 435 2264 449 1815
internal_count=2699 435 2264 449 1815
is_linear=0
shrinkage=0.05


Tree=155
num_leaves=5
num_cat=0
split_feature=5 5 1 2
split_gain=0.577986 0.842598 3.43285 2.96212
threshold=0.13749999999999998 0.044999999999999964 1.1412454307396855 0.030033296378372883
decision_type=2 2 2 2
left_child=1 2 -1 -3
right_child=-2 3 -4 -5
leaf_value=-0.00028975056532273483 0.0025608097966672121 -0.0071399475936649252 0.007424363759672566 0.00057164389056278697
leaf_weight=1768 206 176 152 397
leaf_count=1768 206 176 152 397
internal_value=4.79654e-05 -0.000164384 0.000338648 -0.00183829
internal_weight=2699 2493 1920 573
internal_count=2699 2493 1920 573
is_linear=0
shrinkage=0.05


Tree=156
num_leaves=5
num_cat=0
split_feature=9 8 3 7
split_gain=0.588484 1.03845 1.71404 1.25713
threshold=-1.4924867071133083 0.24206956012314715 1.5075567228888129 0.029617131314547778
decision_type=2 2 2 2
left_child=-1 3 -3 -2
right_child=1 2 -4 -5
leaf_value=0.0026396631726563861 0.0057142761321021963 -6.3100217614494027e-05 -0.0046328182151240162 -0.00067640913109625548
leaf_weight=198 151 1976 224 150
leaf_count=198 151 1976 224 150
internal_value=5.04876e-05 -0.000159351 -0.000537831 0.00257053
internal_weight=2699 2501 2200 301
internal_count=2699 2501 2200 301
is_linear=0
shrinkage=0.05


Tree=157
num_leaves=6
num_cat=0
split_feature=7 7 7 4 6
split_gain=0.596156 3.46479 2.87189 2.62055 1.77028
threshold=0.25488780019751833 0.12255543586526953 0.47208028275341635 0.058816397784651205 5.1931234974987497
decision_type=2 2 2 2 2
left_child=1 3 -2 -1 -4
right_child=2 -3 4 -5 -6
leaf_value=-0.00060890768800622697 0.0053180889184919321 -0.0073112331900526493 -0.0028014635901138962 0.0055494234440848231 0.0018753226353262567
leaf_weight=1263 275 165 417 195 384
leaf_count=1263 275 165 417 195 384
internal_value=4.8531e-05 -0.00055597 0.000958694 0.000230888 -0.000561684
internal_weight=2699 1623 1076 1458 801
internal_count=2699 1623 1076 1458 801
is_linear=0
shrinkage=0.05


Tree=158
num_leaves=4
num_cat=0
split_feature=12 12 12
split_gain=0.57114 1.17124 1.44489
threshold=0.98078262472192701 0.92387703091419915 0.84338916215412885
decision_type=2 2 2
left_child=1 2 -1
right_child=-2 -3 -4
leaf_value=0.00027257585312041003 -0.0027841353911661104 0.0042308820433348245 -0.0047052638270916082
leaf_weight=2220 162 166 151
leaf_count=2220 162 166 151
internal_value=4.84432e-05 0.000234438 -5.36784e-05
internal_weight=2699 2537 2371
internal_count=2699 2537 2371
is_linear=0
shrinkage=0.05


Tree=159
num_leaves=4
num_cat=0
split_feature=1 8 8
split_gain=0.574795 1.00649 1.89616
threshold=1.6629874728333027 0.18017875843725265 0.27414229417610386
decision_type=2 2 2
left_child=1 -1 -3
right_child=-2 2 -4
leaf_value=-0.0037438121696326946 0.0027215023938427 0.004578682973182628 -0.00032712524718493262
leaf_weight=176 182 212 2129
leaf_count=176 182 212 2129
internal_value=4.6886e-05 -0.000151523 0.000125954
internal_weight=2699 2517 2341
internal_count=2699 2517 2341
is_linear=0
shrinkage=0.05


Tree=160
num_leaves=5
num_cat=0
split_feature=8 6 13 13
split_gain=0.561016 2.86775 1.20281 2.42683
threshold=0.68808655133404339 5.2261478943547521 0.26473418054181269 0.19416346605018006
decision_type=2 2 8 10
left_child=2 -2 3 -1
right_child=1 -3 -4 -5
leaf_value=-0.00042498335476056292 -0.0030129137984867202 0.0054275225406488431 -0.0041202394953752689 0.005689392491943588
leaf_weight=1947 174 226 180 172
leaf_count=1947 174 226 180 172
internal_value=4.795e-05 0.00176406 -0.000253815 8.35475e-05
internal_weight=2699 400 2299 2119
internal_count=2699 400 2299 2119
is_linear=0
shrinkage=0.05


Tree=161
num_leaves=5
num_cat=0
split_feature=11 8 1 11
split_gain=0.565456 1.92416 1.37757 2.04202
threshold=-0.88591702873062761 0.50086294032735812 1.6629874728333027 -0.75018319070349693
decision_type=2 2 2 2
left_child=1 -1 3 -2
right_child=2 -3 -4 -5
leaf_value=0.0022249478765803835 0.0050739554550926214 -0.004586734416384141 0.0048614488065808637 -0.00044882328098649351
leaf_weight=179 178 234 153 1955
leaf_count=179 178 234 153 1955
internal_value=4.81176e-05 -0.00164316 0.000356591 2.28439e-05
internal_weight=2699 413 2286 2133
internal_count=2699 413 2286 2133
is_linear=0
shrinkage=0.05


Tree=162
num_leaves=4
num_cat=0
split_feature=0 13 4
split_gain=0.565045 0.943975 1.14257
threshold=0.73000000000000009 -0.28426874296371801 0.0043301270189222097
decision_type=2 10 2
left_child=1 -1 -3
right_child=-2 2 -4
leaf_value=0.0038862463199731082 -0.002861830245727187 0.0037506501341389646 -0.00033976308787035274
leaf_weight=160 152 180 2207
leaf_count=160 152 180 2207
internal_value=4.96441e-05 0.000228662 -2.41161e-05
internal_weight=2699 2547 2387
internal_count=2699 2547 2387
is_linear=0
shrinkage=0.05


Tree=163
num_leaves=6
num_cat=0
split_feature=2 9 12 11 9
split_gain=0.586617 3.01393 1.02027 4.29588 2.27188
threshold=0.012990381056766606 -1.0000000180025095e-35 0.019161088049153462 0.53484399960532059 1.0131545524422489
decision_type=2 2 2 2 2
left_child=1 -1 4 -4 -2
right_child=2 -3 3 -5 -6
leaf_value=-0.0060392963148436507 0.00045519205637508509 0.0022202847494303432 -0.00070216581237796301 0.0059381617831680252 -0.005018086485787757
leaf_weight=201 929 234 746 356 233
leaf_count=201 929 234 746 356 233
internal_value=4.94629e-05 -0.00162147 0.000373378 0.00146012 -0.000659088
internal_weight=2699 435 2264 1102 1162
internal_count=2699 435 2264 1102 1162
is_linear=0
shrinkage=0.05


Tree=164
num_leaves=4
num_cat=0
split_feature=13 7 13
split_gain=0.55999 1.28169 1.32404
threshold=0.2342627362855754 -0.72096227521762979 0.047875630642505169
decision_type=10 2 8
left_child=1 -1 -3
right_child=-2 2 -4
leaf_value=-0.0032966210366520165 0.0021914127760947768 -0.00057779165132485107 0.0021294292500747959
leaf_weight=287 270 1502 640
leaf_count=287 270 1502 640
internal_value=5.28014e-05 -0.000188933 0.000234164
internal_weight=2699 2429 2142
internal_count=2699 2429 2142
is_linear=0
shrinkage=0.05


Tree=165
num_leaves=5
num_cat=0
split_feature=9 8 8 3
split_gain=0.547148 0.979595 2.47165 1.78642
threshold=-1.5370943911637174 0.24206956012314715 0.16162052680275149 1.5075567228888129
decision_type=2 2 2 2
left_child=-1 2 -2 -3
right_child=1 3 -4 -5
leaf_value=0.0027089416918998268 -0.0020139448398437637 -2.1753298142471126e-05 0.0068804603099492908 -0.0046755608732264196
leaf_weight=176 151 1994 153 225
leaf_count=176 151 1994 153 225
internal_value=5.33994e-05 -0.000136838 0.00250142 -0.000503086
internal_weight=2699 2523 304 2219
internal_count=2699 2523 304 2219
is_linear=0
shrinkage=0.05


Tree=166
num_leaves=6
num_cat=0
split_feature=3 2 11 3 11
split_gain=0.561967 1.79038 3.71171 1.21664 1.43584
threshold=-0.99999999999999567 0.030033296378372883 0.076281398835186628 -0.85518611049413573 -0.89797956565844539
decision_type=2 2 2 2 2
left_child=1 -1 -3 -2 -5
right_child=3 2 -4 4 -6
leaf_value=-0.0042342108159496537 0.0045712502884706777 -0.00345354601109432 0.0056864098024864999 -0.0032848007206742035 0.00068851960415560593
leaf_weight=279 162 231 205 261 1561
leaf_count=279 162 231 205 261 1561
internal_value=5.34234e-05 -0.00114362 0.000859658 0.000486608 0.000111913
internal_weight=2699 715 436 1984 1822
internal_count=2699 715 436 1984 1822
is_linear=0
shrinkage=0.05


Tree=167
num_leaves=6
num_cat=0
split_feature=7 7 7 4 6
split_gain=0.58966 3.21222 2.62058 2.38224 1.62165
threshold=0.25488780019751833 0.12255543586526953 0.47208028275341635 0.058816397784651205 5.1931234974987497
decision_type=2 2 2 2 2
left_child=1 3 -2 -1 -4
right_child=2 -3 4 -5 -6
leaf_value=-0.0005896084621881901 0.0051239987482715934 -0.0070509954185827691 -0.0026367174849902851 0.0052820272389799356 0.0018393135311172986
leaf_weight=1263 275 165 417 195 384
leaf_count=1263 275 165 417 195 384
internal_value=5.45971e-05 -0.000546614 0.000959776 0.000211061 -0.000492806
internal_weight=2699 1623 1076 1458 801
internal_count=2699 1623 1076 1458 801
is_linear=0
shrinkage=0.05


Tree=168
num_leaves=6
num_cat=0
split_feature=7 7 7 4 6
split_gain=0.545255 2.96944 2.42064 2.21005 1.50005
threshold=0.25488780019751833 0.12255543586526953 0.47208028275341635 0.058816397784651205 5.1931234974987497
decision_type=2 2 2 2 2
left_child=1 3 -2 -1 -4
right_child=2 -3 4 -5 -6
leaf_value=-0.00056621941482781931 0.0049272738763413929 -0.0067772508516688564 -0.0025329982491113 0.005089233250357211 0.0017719351593165596
leaf_weight=1263 275 165 417 195 384
leaf_count=1263 275 165 417 195 384
internal_value=5.46383e-05 -0.000523496 0.000925064 0.000204976 -0.00047102
internal_weight=2699 1623 1076 1458 801
internal_count=2699 1623 1076 1458 801
is_linear=0
shrinkage=0.05


Tree=169
num_leaves=5
num_cat=0
split_feature=8 6 13 13
split_gain=0.543072 2.61542 1.1995 2.23008
threshold=0.68808655133404339 5.2261478943547521 0.26473418054181269 0.19416346605018006
decision_type=2 2 8 10
left_child=2 -2 3 -1
right_child=1 -3 -4 -5
leaf_value=-0.00039292885911756882 -0.0028199741034118158 0.0052411982310367391 -0.0041033832877370958 0.0054683598079376637
leaf_weight=1947 174 226 180 172
leaf_count=1947 174 226 180 172
internal_value=5.46295e-05 0.00174307 -0.000242284 9.45869e-05
internal_weight=2699 400 2299 2119
internal_count=2699 400 2299 2119
is_linear=0
shrinkage=0.05


Tree=170
num_leaves=4
num_cat=0
split_feature=3 12 13
split_gain=0.530466 0.983932 1.11694
threshold=1.6752166778851236 0.98078262472192701 -0.28426874296371801
decision_type=2 2 10
left_child=1 2 -1
right_child=-2 -3 -4
leaf_value=0.0039318933229706143 0.0028846616331392374 -0.0039534457704159106 -0.00017348031821446582
leaf_weight=174 151 152 2222
leaf_count=174 151 152 2222
internal_value=5.42842e-05 -0.000118771 0.000132223
internal_weight=2699 2548 2396
internal_count=2699 2548 2396
is_linear=0
shrinkage=0.05


Tree=171
num_leaves=4
num_cat=0
split_feature=0 13 4
split_gain=0.544351 0.854716 1.11752
threshold=0.73000000000000009 -0.28426874296371801 0.0043301270189222097
decision_type=2 10 2
left_child=1 -1 -3
right_child=-2 2 -4
leaf_value=0.0037109240009026096 -0.002802818696382367 0.0037231289675912342 -0.00032219633336472001
leaf_weight=160 152 180 2207
leaf_count=160 152 180 2207
internal_value=5.48597e-05 0.000230558 -9.99976e-06
internal_weight=2699 2547 2387
internal_count=2699 2547 2387
is_linear=0
shrinkage=0.05


Tree=172
num_leaves=6
num_cat=0
split_feature=2 9 12 11 9
split_gain=0.530945 2.77435 0.97909 3.88981 2.08848
threshold=0.012990381056766606 0.017008280048725972 0.019161088049153462 0.53484399960532059 1.0131545524422489
decision_type=2 2 2 2 2
left_child=1 -1 4 -4 -2
right_child=2 -3 3 -5 -6
leaf_value=-0.0050878412626227561 0.00041976953260610539 0.0028553893845528365 -0.00063045637318728061 0.0056884117612816462 -0.0048279962095700039
leaf_weight=240 929 195 746 356 233
leaf_count=240 929 195 746 356 233
internal_value=5.45867e-05 -0.0015351 0.000362735 0.00142732 -0.00064867
internal_weight=2699 435 2264 1102 1162
internal_count=2699 435 2264 1102 1162
is_linear=0
shrinkage=0.05


Tree=173
num_leaves=5
num_cat=0
split_feature=9 8 8 3
split_gain=0.525255 0.950449 2.27211 1.67978
threshold=-1.5370943911637174 0.24206956012314715 0.16162052680275149 1.5075567228888129
decision_type=2 2 2 2
left_child=-1 2 -2 -3
right_child=1 3 -4 -5
leaf_value=0.00265981103525142 -0.0018608198226548922 -2.2479581532244193e-05 0.0066682937366392796 -0.0045352420448730498
leaf_weight=176 151 1994 153 225
leaf_count=176 151 1994 153 225
internal_value=5.7946e-05 -0.000128457 0.00247023 -0.000489228
internal_weight=2699 2523 304 2219
internal_count=2699 2523 304 2219
is_linear=0
shrinkage=0.05


Tree=174
num_leaves=7
num_cat=0
split_feature=3 5 9 11 11 3
split_gain=0.538523 1.62711 2.6226 1.19788 3.64724 3.05496
threshold=-0.99999999999999567 -0.022499999999999961 -0.80479130081637285 -0.043619269256720571 0.67368457498306267 1.2985085477021265
decision_type=2 2 2 2 2 2
left_child=1 2 -1 5 -5 -2
right_child=3 -3 -4 4 -6 -7
leaf_value=0.0056659323593171752 0.0033773942586306609 -0.0056336627246286628 -0.0019311067022151499 -0.0038081294749722338 0.002040270472325668 -0.0033825307816573204
leaf_weight=151 707 151 413 490 573 214
leaf_count=151 707 151 413 490 573 214
internal_value=5.76976e-05 -0.00111412 0.000134768 0.000481741 -0.000660813 0.0017969
internal_weight=2699 715 564 1984 1063 921
internal_count=2699 715 564 1984 1063 921
is_linear=0
shrinkage=0.05


Tree=175
num_leaves=4
num_cat=0
split_feature=1 8 8
split_gain=0.563282 0.876595 1.58452
threshold=1.6629874728333027 0.18017875843725265 0.27414229417610386
decision_type=2 2 2
left_child=1 -1 -3
right_child=-2 2 -4
leaf_value=-0.0034908949294595762 0.0027056921552368663 0.0041909286683674231 -0.0002936605668051523
leaf_weight=176 182 212 2129
leaf_count=176 182 212 2129
internal_value=5.80149e-05 -0.000138419 0.000120529
internal_weight=2699 2517 2341
internal_count=2699 2517 2341
is_linear=0
shrinkage=0.05


Tree=176
num_leaves=4
num_cat=0
split_feature=3 12 6
split_gain=0.529074 0.876953 1.09002
threshold=1.6752166778851236 0.98078262472192701 5.5921243929396782
decision_type=2 2 2
left_child=1 2 -1
right_child=-2 -3 -4
leaf_value=-0.00038048180816723502 0.0028850803748728376 -0.0037346218433824321 0.0023750568137574169
leaf_weight=1962 151 152 434
leaf_count=1962 151 152 434
internal_value=5.84242e-05 -0.000114412 0.00012255
internal_weight=2699 2548 2396
internal_count=2699 2548 2396
is_linear=0
shrinkage=0.05


Tree=177
num_leaves=6
num_cat=0
split_feature=7 7 7 4 6
split_gain=0.521347 2.72702 2.25302 2.00934 1.3107
threshold=0.25488780019751833 0.12255543586526953 0.47208028275341635 0.058816397784651205 5.1931234974987497
decision_type=2 2 2 2 2
left_child=1 3 -2 -1 -4
right_child=2 -3 4 -5 -6
leaf_value=-0.00054439720070637379 0.0047703840325786073 -0.006500235767761136 -0.0023651796152541569 0.004848132163286209 0.0016588798511035952
leaf_weight=1263 275 165 417 195 384
leaf_count=1263 275 165 417 195 384
internal_value=5.81349e-05 -0.000507192 0.000909256 0.00019093 -0.000437719
internal_weight=2699 1623 1076 1458 801
internal_count=2699 1623 1076 1458 801
is_linear=0
shrinkage=0.05


Tree=178
num_leaves=4
num_cat=0
split_feature=0 13 4
split_gain=0.513049 0.807133 1.11049
threshold=0.73000000000000009 -0.28426874296371801 0.0043301270189222097
decision_type=2 10 2
left_child=1 -1 -3
right_child=-2 2 -4
leaf_value=0.0036106161163611847 -0.0027163583779363496 0.0037161037632943809 -0.00031648229879164392
leaf_weight=160 152 180 2207
leaf_count=160 152 180 2207
internal_value=5.79526e-05 0.000228516 -5.25905e-06
internal_weight=2699 2547 2387
internal_count=2699 2547 2387
is_linear=0
shrinkage=0.05


Tree=179
num_leaves=5
num_cat=0
split_feature=5 9 9 3
split_gain=0.518019 0.818178 3.53241 2.26798
threshold=0.13749999999999998 -0.017608384959224611 -0.31092151599824525 -0.92847669088525964
decision_type=2 2 2 2
left_child=1 2 -1 -3
right_child=-2 3 -4 -5
leaf_value=-1.0349389129453747e-06 0.0024365216586297441 -0.0025050098391576469 -0.0078517441783683851 0.0020844309527512646
leaf_weight=1047 206 377 161 908
leaf_count=1047 206 377 161 908
internal_value=5.76182e-05 -0.000143437 -0.00107541 0.000733466
internal_weight=2699 2493 1208 1285
internal_count=2699 2493 1208 1285
is_linear=0
shrinkage=0.05


Tree=180
num_leaves=6
num_cat=0
split_feature=11 8 8 8 8
split_gain=0.496943 1.76335 1.12757 3.33513 1.72413
threshold=-0.88591702873062761 0.50086294032735812 0.5030946977499805 0.55444907106596386 0.37329720602829247
decision_type=2 2 2 2 2
left_child=1 -1 4 -4 -2
right_child=2 -3 3 -5 -6
leaf_value=0.0021757609190662273 0.00096728157954272713 -0.0043445347046487384 0.0069052567796574708 0.00013173358895090978 -0.0029647429579445924
leaf_weight=179 623 234 220 946 497
leaf_count=179 623 234 220 946 497
internal_value=5.92121e-05 -0.00152632 0.000348369 0.00143378 -0.000782976
internal_weight=2699 413 2286 1166 1120
internal_count=2699 413 2286 1166 1120
is_linear=0
shrinkage=0.05


Tree=181
num_leaves=4
num_cat=0
split_feature=13 8 8
split_gain=0.501639 1.28045 1.57563
threshold=0.2342627362855754 0.73938794964055266 0.68808655133404339
decision_type=10 2 2
left_child=1 2 -1
right_child=-2 -3 -4
leaf_value=-0.00023061329346609201 0.0020837216170674021 -0.004408219287239285 0.0048007182788015121
leaf_weight=2105 270 161 163
leaf_count=2105 270 161 163
internal_value=5.96101e-05 -0.000169202 0.000140751
internal_weight=2699 2429 2268
internal_count=2699 2429 2268
is_linear=0
shrinkage=0.05


Tree=182
num_leaves=4
num_cat=0
split_feature=1 1 6
split_gain=0.541786 1.85205 1.29968
threshold=-1.5755951658248968 -1.3107993791520858 5.0930742953329977
decision_type=2 2 2
left_child=-1 -2 -3
right_child=1 2 -4
leaf_value=0.0023473602001381627 -0.0045609770778464063 0.0014415778131579929 -0.00095433599222702478
leaf_weight=231 213 1147 1108
leaf_count=231 213 1147 1108
internal_value=5.8508e-05 -0.000160037 0.000264833
internal_weight=2699 2468 2255
internal_count=2699 2468 2255
is_linear=0
shrinkage=0.05


Tree=183
num_leaves=6
num_cat=0
split_feature=2 9 2 13 2
split_gain=0.510516 2.5385 0.882958 2.40378 1.1323
threshold=0.012990381056766606 -1.0000000180025095e-35 0.020615528128088333 0.0065966324002792835 0.025298221281347021
decision_type=2 2 2 10 2
left_child=1 -1 3 -2 -4
right_child=2 -3 4 -5 -6
leaf_value=-0.0055565094195523315 -0.0013919892311742197 0.0020238092777058172 -0.0034432271010575635 0.0071233220895902715 0.0003803189109911923
leaf_weight=201 168 234 213 156 1727
leaf_count=201 168 234 213 156 1727
internal_value=5.66491e-05 -0.00150216 0.000358805 0.00275392 -4.72551e-05
internal_weight=2699 435 2264 324 1940
internal_count=2699 435 2264 324 1940
is_linear=0
shrinkage=0.05


Tree=184
num_leaves=4
num_cat=0
split_feature=1 1 6
split_gain=0.500539 1.30021 1.20073
threshold=-1.6223725784183609 -1.3107993791520858 5.0930742953329977
decision_type=2 2 2
left_child=-1 -2 -3
right_child=1 2 -4
leaf_value=0.0025172494116001572 -0.0034653881635829695 0.0013865988993428701 -0.00091631023844190255
leaf_weight=187 257 1147 1108
leaf_count=187 257 1147 1108
internal_value=5.65417e-05 -0.000131277 0.000255535
internal_weight=2699 2512 2255
internal_count=2699 2512 2255
is_linear=0
shrinkage=0.05


Tree=185
num_leaves=5
num_cat=0
split_feature=8 6 13 13
split_gain=0.500606 2.4708 1.19962 2.00376
threshold=0.68808655133404339 5.2261478943547521 0.26473418054181269 0.19416346605018006
decision_type=2 2 8 10
left_child=2 -2 3 -1
right_child=1 -3 -4 -5
leaf_value=-0.0003553514156994395 -0.0027586659624673137 0.0050762688249220587 -0.0040913682902464646 0.0052005769900640864
leaf_weight=1947 174 226 180 172
leaf_count=1947 174 226 180 172
internal_value=5.50185e-05 0.00167609 -0.000230055 0.000106806
internal_weight=2699 400 2299 2119
internal_count=2699 400 2299 2119
is_linear=0
shrinkage=0.05


Tree=186
num_leaves=4
num_cat=0
split_feature=0 8 2
split_gain=0.496249 0.782477 1.05796
threshold=0.73000000000000009 0.71040165460645566 0.037416573867739424
decision_type=2 2 2
left_child=1 2 -1
right_child=-2 -3 -4
leaf_value=0.00076834824686902096 -0.0026736023601524202 0.0026726369771809932 -0.0014457704533191735
leaf_weight=1387 152 284 876
leaf_count=1387 152 284 876
internal_value=5.49014e-05 0.000222652 -9.00278e-05
internal_weight=2699 2547 2263
internal_count=2699 2547 2263
is_linear=0
shrinkage=0.05


Tree=187
num_leaves=5
num_cat=0
split_feature=5 2 5 2
split_gain=0.505642 0.958972 3.83269 3.18565
threshold=0.13749999999999998 0.049198432899854844 -0.12000000000000001 0.042099562307281395
decision_type=2 2 2 2
left_child=1 3 -3 -1
right_child=-2 2 -4 -5
leaf_value=-0.00039205026841795877 0.0024042926905279479 0.002027329615868476 -0.0072136518335005704 0.0058046134829553026
leaf_weight=1821 206 240 203 229
leaf_count=1821 206 240 203 229
internal_value=5.39784e-05 -0.000144655 -0.0022405 0.000312601
internal_weight=2699 2493 443 2050
internal_count=2699 2493 443 2050
is_linear=0
shrinkage=0.05


Tree=188
num_leaves=4
num_cat=0
split_feature=1 8 8
split_gain=0.489911 0.851269 1.43834
threshold=1.6629874728333027 0.18017875843725265 0.27414229417610386
decision_type=2 2 2
left_child=1 -1 -3
right_child=-2 2 -4
leaf_value=-0.0034347524321046326 0.0025213627631522038 0.0040021907400837695 -0.00027052876539528369
leaf_weight=176 182 212 2129
leaf_count=176 182 212 2129
internal_value=5.21345e-05 -0.000131056 0.000124112
internal_weight=2699 2517 2341
internal_count=2699 2517 2341
is_linear=0
shrinkage=0.05


Tree=189
num_leaves=5
num_cat=0
split_feature=10 9 1 3
split_gain=0.477454 1.38278 1.09546 1.97251
threshold=0.0099999999999999898 -0.062976353579924246 -1.6334790271652937 -1.2602520756252082
decision_type=2 2 2 2
left_child=1 -1 -2 -4
right_child=2 -3 3 -5
leaf_value=-0.0051252905985304884 0.0042675015924751392 0.0013606393335108785 -0.0039813621387378697 0.00056253070985844177
leaf_weight=152 157 169 267 1954
leaf_count=152 157 169 267 1954
internal_value=5.26934e-05 -0.00174208 0.000298113 8.56566e-06
internal_weight=2699 321 2378 2221
internal_count=2699 321 2378 2221
is_linear=0
shrinkage=0.05


Tree=190
num_leaves=6
num_cat=0
split_feature=2 9 12 11 11
split_gain=0.480325 2.3455 0.926578 3.49956 2.07262
threshold=0.012990381056766606 -1.0000000180025095e-35 0.019161088049153462 0.53484399960532059 0.82060928857708182
decision_type=2 2 2 2 2
left_child=1 -1 4 -4 -2
right_child=2 -3 3 -5 -6
leaf_value=-0.0053568368542541581 0.00043976155483260141 0.0019297588464636435 -0.00057099830655606783 0.0054226484905587832 -0.0047478503812058478
leaf_weight=201 924 234 746 356 238
leaf_count=201 924 234 746 356 238
internal_value=5.22453e-05 -0.00145976 0.000345336 0.00138099 -0.000638551
internal_weight=2699 435 2264 1102 1162
internal_count=2699 435 2264 1102 1162
is_linear=0
shrinkage=0.05


Tree=191
num_leaves=4
num_cat=0
split_feature=9 13 7
split_gain=0.486811 0.666011 1.3973
threshold=-1.5370943911637174 0.2342627362855754 -0.71068113347229833
decision_type=2 8 2
left_child=-1 2 -2
right_child=1 -3 -4
leaf_value=0.0025586581305286835 -0.003906310873296787 0.0021562110525670682 3.1118938070721927e-05
leaf_weight=176 249 279 1995
leaf_count=176 249 279 1995
internal_value=5.38151e-05 -0.000125633 -0.000413502
internal_weight=2699 2523 2244
internal_count=2699 2523 2244
is_linear=0
shrinkage=0.05


Tree=192
num_leaves=5
num_cat=0
split_feature=0 5 5 6
split_gain=0.470654 0.735672 2.60988 1.75284
threshold=0.73000000000000009 0.017499999999999964 0.044999999999999964 4.7510436906828923
decision_type=2 2 2 2
left_child=1 3 -3 -1
right_child=-2 2 -4 -5
leaf_value=-0.0030134401752810918 -0.0026034856612562754 0.0053133846483668775 -0.0004127767107122021 0.00061612884350428516
leaf_weight=462 152 281 652 1152
leaf_count=462 152 281 652 1152
internal_value=5.37245e-05 0.000217092 0.00133095 -0.000428916
internal_weight=2699 2547 933 1614
internal_count=2699 2547 933 1614
is_linear=0
shrinkage=0.05


Tree=193
num_leaves=6
num_cat=0
split_feature=0 4 8 2 9
split_gain=0.472916 1.73778 2.17409 1.68837 1.6313
threshold=0.39750000000000008 0.022776083947860785 0.41885549548479184 0.069436119150657769 -0.017608384959224611
decision_type=2 2 2 2 2
left_child=1 -1 -3 4 -2
right_child=3 2 -4 -5 -6
leaf_value=0.0048829935879848149 -0.0023398559250937057 -0.0051909135351183291 0.001725719071899171 0.0045434017424230222 0.00065823524756721723
leaf_weight=213 869 160 360 157 940
leaf_count=213 869 160 360 157 940
internal_value=5.58094e-05 0.00113534 -0.000431644 -0.000348539 -0.000784455
internal_weight=2699 733 520 1966 1809
internal_count=2699 733 520 1966 1809
is_linear=0
shrinkage=0.05


Tree=194
num_leaves=7
num_cat=0
split_feature=9 6 6 9 5 11
split_gain=0.47285 2.46057 2.83215 1.84185 2.05049 1.75327
threshold=-0.6982134717804015 4.9951154732690961 5.4942541398213978 -0.11382657591184188 0.11000000000000003 0.47138082048368418
decision_type=2 2 2 2 2 2
left_child=1 -1 -3 5 -5 -2
right_child=3 2 -4 4 -6 -7
leaf_value=0.0042737061303173528 -0.0057063552811295075 -0.0043880193945618016 0.0032029238507538197 0.0011212536735139751 -0.0048633051376720396 0.00094745660716164047
leaf_weight=341 266 288 207 1287 156 154
leaf_count=341 266 288 207 1287 156 154
internal_value=5.24865e-05 0.0010369 -0.00121334 -0.000390851 0.000459715 -0.00328418
internal_weight=2699 836 495 1863 1443 420
internal_count=2699 836 495 1863 1443 420
is_linear=0
shrinkage=0.05


Tree=195
num_leaves=5
num_cat=0
split_feature=5 2 5 2
split_gain=0.489428 0.876062 3.46744 3.00715
threshold=0.13749999999999998 0.049198432899854844 -0.12000000000000001 0.042099562307281395
decision_type=2 2 2 2
left_child=1 3 -3 -1
right_child=-2 2 -4 -5
leaf_value=-0.00039096218921519691 0.0023643312326928172 0.001913019419476694 -0.0068767759301968353 0.0056295726452277517
leaf_weight=1821 206 240 203 229
leaf_count=1821 206 240 203 229
internal_value=5.20034e-05 -0.000143417 -0.00214661 0.000293637
internal_weight=2699 2493 443 2050
internal_count=2699 2493 443 2050
is_linear=0
shrinkage=0.05


Tree=196
num_leaves=5
num_cat=0
split_feature=7 9 9 2
split_gain=0.472485 2.24168 1.81428 1.25375
threshold=0.69994394887884226 1.0131545524422489 1.1951132228516992 0.012990381056766606
decision_type=2 2 2 2
left_child=2 -2 3 -1
right_child=1 -3 -4 -5
leaf_value=-0.0028679469009450557 0.0023746971097407922 -0.0042373258053328344 0.0052539354235299728 0.00049589281458886462
leaf_weight=326 226 284 170 1693
leaf_count=326 226 284 170 1693
internal_value=5.03484e-05 -0.00131268 0.00037018 -5.29963e-05
internal_weight=2699 510 2189 2019
internal_count=2699 510 2189 2019
is_linear=0
shrinkage=0.05


Tree=197
num_leaves=5
num_cat=0
split_feature=5 2 5 2
split_gain=0.453196 0.829438 3.21684 2.76848
threshold=0.13749999999999998 0.049198432899854844 -0.11999999999999995 0.042099562307281395
decision_type=2 2 2 2
left_child=1 3 -3 -1
right_child=-2 2 -4 -5
leaf_value=-0.0003694657110486706 0.0022752958504368343 0.00152207538596188 -0.00702780196786319 0.0054072191126835652
leaf_weight=1821 206 258 185 229
leaf_count=1821 206 258 185 229
internal_value=5.02055e-05 -0.000137843 -0.002087 0.000287418
internal_weight=2699 2493 443 2050
internal_count=2699 2493 443 2050
is_linear=0
shrinkage=0.05


Tree=198
num_leaves=5
num_cat=0
split_feature=3 7 4 1
split_gain=0.451956 0.902202 2.44295 1.17898
threshold=1.6752166778851236 0.69994394887884226 0.02598076211353317 1.4142135623730947
decision_type=2 2 2 2
left_child=1 3 -3 -1
right_child=-2 2 -4 -5
leaf_value=0.00071620687226115073 0.0026612043834458561 -0.0061290542171760047 0.0010435960675835179 -0.0034257000905988863
leaf_weight=1888 151 204 272 184
leaf_count=1888 151 204 272 184
internal_value=4.8659e-05 -0.000111075 -0.00206215 0.000341031
internal_weight=2699 2548 476 2072
internal_count=2699 2548 476 2072
is_linear=0
shrinkage=0.05


Tree=199
num_leaves=7
num_cat=0
split_feature=5 11 0 11 6 11
split_gain=0.459778 2.39333 5.08787 1.71382 1.62172 2.52973
threshold=0.017499999999999964 0.67368457498306267 0.51750000000000018 0.91961916913431907 4.7510436906828923 0.49999864614541206
decision_type=2 2 2 2 2 2
left_child=4 2 -2 -3 5 -1
right_child=1 3 -4 -5 -6 -7
leaf_value=-0.0063600819508210123 0.0062683121928712353 0.0082618336121623344 -0.0029644246751657963 0.00074909999966621399 0.00052054533552266019 0.00097832308394146393
leaf_weight=248 195 151 583 150 1155 217
leaf_count=248 195 151 583 150 1155 217
internal_value=4.71364e-05 0.000844592 -0.000625057 0.00459136 -0.000484973 -0.00296152
internal_weight=2699 1079 778 301 1620 465
internal_count=2699 1079 778 301 1620 465
is_linear=0
shrinkage=0.05


Tree=200
num_leaves=5
num_cat=0
split_feature=10 9 1 3
split_gain=0.455379 1.20157 1.00511 1.832
threshold=0.0099999999999999898 -0.062976353579924246 -1.6334790271652937 -1.1144092636075433
decision_type=2 2 2 2
left_child=1 -1 -2 -4
right_child=2 -3 3 -5
leaf_value=-0.0048577110855513896 0.0040901563282665096 0.0011896440909169186 -0.0031718364797849608 0.0006556749234328704
leaf_weight=152 157 169 371 1850
leaf_count=152 157 169 371 1850
internal_value=4.83022e-05 -0.00170449 0.000287986 1.06318e-05
internal_weight=2699 321 2378 2221
internal_count=2699 321 2378 2221
is_linear=0
shrinkage=0.05


Tree=201
num_leaves=5
num_cat=0
split_feature=9 8 8 3
split_gain=0.446366 0.879449 1.93931 1.64755
threshold=-1.5370943911637174 0.24206956012314715 0.16162052680275149 1.5075567228888129
decision_type=2 2 2 2
left_child=-1 2 -2 -3
right_child=1 3 -4 -5
leaf_value=0.0024470999384123976 -0.0016272061176072711 -8.0836104162003831e-06 0.006254284653246781 -0.0044773119566557202
leaf_weight=176 151 1994 153 225
leaf_count=176 151 1994 153 225
internal_value=4.8564e-05 -0.000123263 0.00237648 -0.000470297
internal_weight=2699 2523 304 2219
internal_count=2699 2523 304 2219
is_linear=0
shrinkage=0.05


Tree=202
num_leaves=4
num_cat=0
split_feature=1 8 8
split_gain=0.464176 0.758434 1.2609
threshold=1.6629874728333027 0.18017875843725265 0.27414229417610386
decision_type=2 2 2
left_child=1 -1 -3
right_child=-2 2 -4
leaf_value=-0.0032480168830376966 0.0024521467943282374 0.0037422074714765679 -0.00025828743191792054
leaf_weight=176 182 212 2129
leaf_count=176 182 212 2129
internal_value=4.86442e-05 -0.000129666 0.000111199
internal_weight=2699 2517 2341
internal_count=2699 2517 2341
is_linear=0
shrinkage=0.05


Tree=203
num_leaves=5
num_cat=0
split_feature=11 8 1 11
split_gain=0.441454 1.63363 1.16136 1.9401
threshold=-0.88591702873062761 0.50086294032735812 1.6629874728333027 -0.75018319070349693
decision_type=2 2 2 2
left_child=1 -1 3 -2
right_child=2 -3 -4 -5
leaf_value=0.0021175104740035278 0.0049385920476137865 -0.0041581123046358767 0.004457811412955575 -0.00044460254625122692
leaf_weight=179 178 234 153 1955
leaf_count=179 178 234 153 1955
internal_value=4.90047e-05 -0.00144538 0.000321552 1.51269e-05
internal_weight=2699 413 2286 2133
internal_count=2699 413 2286 2133
is_linear=0
shrinkage=0.05


Tree=204
num_leaves=6
num_cat=0
split_feature=8 6 4 6 6
split_gain=0.441443 2.20847 1.28986 1.99881 1.65393
threshold=0.68808655133404339 5.2261478943547521 0.0086602540378443605 5.1102996153885778 4.8865448910639335
decision_type=2 2 2 2 2
left_child=2 -2 4 -4 -1
right_child=1 -3 3 -5 -6
leaf_value=-0.00078644452917718598 -0.0026198333862898406 0.0047873772620283944 0.00079999752939618042 -0.002372088194247654 0.0063934568855555573
leaf_weight=162 174 226 1054 931 152
leaf_count=162 174 226 1054 931 152
internal_value=5.04043e-05 0.00157268 -0.000217292 -0.000689989 0.00273491
internal_weight=2699 400 2299 1985 314
internal_count=2699 400 2299 1985 314
is_linear=0
shrinkage=0.05


Tree=205
num_leaves=6
num_cat=0
split_feature=4 2 12 13 0
split_gain=0.440501 2.05908 1.59632 2.5262 1.38595
threshold=0.046569840025492928 0.045343136195018549 0.46384374188186689 -0.022684479650689916 0.39000000000000007
decision_type=2 2 2 8 2
left_child=1 4 3 -2 -1
right_child=2 -3 -4 -5 -6
leaf_value=0.0026911387825223425 0.0039075703016309025 -0.0052965026358945573 0.0048216131947389461 -0.00418229430956258 -0.00051731641361829909
leaf_weight=428 167 182 200 215 1507
leaf_count=428 167 182 200 215 1507
internal_value=4.92096e-05 -0.000286223 0.00126138 -0.000640834 0.000197464
internal_weight=2699 2117 582 382 1935
internal_count=2699 2117 582 382 1935
is_linear=0
shrinkage=0.05


Tree=206
num_leaves=5
num_cat=0
split_feature=9 13 13 2
split_gain=0.434939 0.970375 2.33858 1.45142
threshold=1.5519415325069807 -0.20005984757391024 -0.16306640705797384 0.037666297933298419
decision_type=2 8 8 2
left_child=1 3 -3 -1
right_child=-2 2 -4 -5
leaf_value=-0.0050283431870149289 -0.0025285104143944002 0.006410508716217009 0.00013325701482457721 0.0013978151256760843
leaf_weight=196 150 155 2045 153
leaf_count=196 150 155 2045 153
internal_value=4.33051e-05 0.000199302 0.000589051 -0.00223119
internal_weight=2699 2549 2200 349
internal_count=2699 2549 2200 349
is_linear=0
shrinkage=0.05


Tree=207
num_leaves=4
num_cat=0
split_feature=0 13 4
split_gain=0.42363 0.792739 1.03779
threshold=0.73000000000000009 -0.28426874296371801 0.0043301270189222097
decision_type=2 10 2
left_child=1 -1 -3
right_child=-2 2 -4
leaf_value=0.0035480416159738197 -0.0024797288986415289 0.003562167287879699 -0.00033618941426874607
leaf_weight=160 152 180 2207
leaf_count=160 152 180 2207
internal_value=4.12202e-05 0.000196229 -3.53888e-05
internal_weight=2699 2547 2387
internal_count=2699 2547 2387
is_linear=0
shrinkage=0.05


Tree=208
num_leaves=7
num_cat=0
split_feature=5 11 0 11 3 6
split_gain=0.442944 2.2755 4.60083 1.61988 1.59414 2.13863
threshold=0.017499999999999964 0.67368457498306267 0.51750000000000018 0.91961916913431907 0.25805573549934618 4.7510436906828923
decision_type=2 2 2 2 2 2
left_child=4 2 -2 -3 5 -1
right_child=1 3 -4 -5 -6 -7
leaf_value=-0.0029105441632502754 0.0059463903867872439 0.00804603311400383 -0.0028333656660611359 0.00074155577488483921 -0.004162350410677822 0.0014306173092866626
leaf_weight=393 195 151 583 150 244 983
leaf_count=393 195 151 583 150 244 983
internal_value=4.14236e-05 0.000824153 -0.000608865 0.00447752 -0.000480844 0.000184687
internal_weight=2699 1079 778 301 1620 1376
internal_count=2699 1079 778 301 1620 1376
is_linear=0
shrinkage=0.05


Tree=209
num_leaves=5
num_cat=0
split_feature=5 2 5 2
split_gain=0.437796 0.740569 2.91276 2.57975
threshold=0.13749999999999998 0.049198432899854844 -0.12000000000000001 0.042099562307281395
decision_type=2 2 2 2
left_child=1 3 -3 -1
right_child=-2 2 -4 -5
leaf_value=-0.00037509930658746851 0.0022288733219365938 0.0017363853102587924 -0.0063199395018343173 0.0052011891021433044
leaf_weight=1821 206 240 203 229
leaf_count=1821 206 240 203 229
internal_value=4.19032e-05 -0.000142909 -0.00198467 0.000258952
internal_weight=2699 2493 443 2050
internal_count=2699 2493 443 2050
is_linear=0
shrinkage=0.05


Tree=210
num_leaves=6
num_cat=0
split_feature=7 7 7 4 4
split_gain=0.43025 2.6248 2.00535 1.78756 1.21981
threshold=0.25488780019751833 0.12255543586526953 0.47208028275341635 0.058816397784651205 0.047103609203541945
decision_type=2 2 2 2 2
left_child=1 3 -2 -1 -4
right_child=2 -3 4 -5 -6
leaf_value=-0.00048187858166084236 0.0044565208089937065 -0.0063527006707975973 -0.0014416310159989882 0.0046043923636898401 0.0033545908395446349
leaf_weight=1263 275 165 639 195 162
leaf_count=1263 275 165 639 195 162
internal_value=4.05064e-05 -0.000473036 0.000813721 0.000211795 -0.000456816
internal_weight=2699 1623 1076 1458 801
internal_count=2699 1623 1076 1458 801
is_linear=0
shrinkage=0.05


Tree=211
num_leaves=5
num_cat=0
split_feature=10 9 1 3
split_gain=0.428544 1.0873 0.8872 1.74137
threshold=0.0099999999999999898 -0.062976353579924246 -1.6334790271652937 -1.1144092636075433
decision_type=2 2 2 2
left_child=1 -1 -2 -4
right_child=2 -3 3 -5
leaf_value=-0.0046595810785011694 0.0038447930224607754 0.0010937002755102071 -0.0030907469177420474 0.00064089332170962706
leaf_weight=152 157 169 371 1850
leaf_count=152 157 169 371 1850
internal_value=4.00674e-05 -0.00166028 0.000272595 1.20109e-05
internal_weight=2699 321 2378 2221
internal_count=2699 321 2378 2221
is_linear=0
shrinkage=0.05


Tree=212
num_leaves=7
num_cat=0
split_feature=9 6 6 9 5 2
split_gain=0.426316 2.3596 2.61995 1.66643 2.03135 1.62709
threshold=-0.6982134717804015 4.9951154732690961 5.4942541398213978 -0.11382657591184188 0.11000000000000003 0.040311288741492757
decision_type=2 2 2 2 2 2
left_child=1 -1 -3 5 -5 -2
right_child=3 2 -4 4 -6 -7
leaf_value=0.0041452228734969584 -0.0054187630530108111 -0.0042808809823041893 0.0030205409196293297 0.001087324001681998 -0.0048691651986345003 0.0010251786776127355
leaf_weight=341 270 288 207 1287 156 150
leaf_count=341 270 288 207 1287 156 150
internal_value=4.06559e-05 0.000975391 -0.00122789 -0.000380284 0.000428789 -0.00313237
internal_weight=2699 836 495 1863 1443 420
internal_count=2699 836 495 1863 1443 420
is_linear=0
shrinkage=0.05


Tree=213
num_leaves=7
num_cat=0
split_feature=5 11 11 11 3 6
split_gain=0.426047 2.13936 4.3249 1.54216 1.45688 2.01976
threshold=0.017499999999999964 0.67368457498306267 0.12803833518651445 0.91961916913431907 0.25805573549934618 4.7510436906828923
decision_type=2 2 2 2 2 2
left_child=4 2 -2 -3 5 -1
right_child=1 3 -4 -5 -6 -7
leaf_value=-0.0028434569338434868 0.0016116672467993741 0.0078322251112415246 -0.006845666369076308 0.00070585765905918619 -0.0039912362160333193 0.0013753319753598808
leaf_weight=393 579 151 199 150 244 983
leaf_count=393 579 151 199 150 244 983
internal_value=4.0402e-05 0.000808056 -0.000581484 0.00435044 -0.000471807 0.000164469
internal_weight=2699 1079 778 301 1620 1376
internal_count=2699 1079 778 301 1620 1376
is_linear=0
shrinkage=0.05


Tree=214
num_leaves=7
num_cat=0
split_feature=3 11 11 6 7 13
split_gain=0.422925 1.42661 3.29268 2.76228 1.18999 2.13697
threshold=-0.99999999999999567 0.089509970062786617 0.75896165463493415 5.3943318001460137 -0.70172462272495462 0.10669676643396998
decision_type=2 2 2 2 2 8
left_child=1 3 -3 -1 -2 -6
right_child=4 2 -4 -5 5 -7
leaf_value=-0.0067020642684420227 -0.002170740389175323 0.0057777543380660452 -0.0039298353486774884 0.0019299821893435827 0.00015814812243474682 0.004911655929500971
leaf_weight=217 358 185 157 156 1344 282
leaf_count=217 358 185 157 156 1344 282
internal_value=4.40152e-05 -0.000994432 0.00132893 -0.0031141 0.000419813 0.000995087
internal_weight=2699 715 342 373 1984 1626
internal_count=2699 715 342 373 1984 1626
is_linear=0
shrinkage=0.05


Tree=215
num_leaves=6
num_cat=0
split_feature=6 5 3 7 3
split_gain=0.418785 3.75649 1.23508 2.97156 2.11168
threshold=4.4572499954199731 -0.02 0.22941573387056446 0.25488780019751833 -0.15640331715388331
decision_type=2 2 2 2 2
left_child=1 -1 4 -4 -2
right_child=2 -3 3 -5 -6
leaf_value=-0.0044437696230279645 -6.2797746017087259e-05 0.0053625921153998279 -0.0040349025122069435 0.0013495489251130794 0.0054726985664243196
leaf_weight=156 1079 244 540 480 200
leaf_count=156 1079 244 540 480 200
internal_value=4.77731e-05 0.00153047 -0.00021296 -0.00150682 0.00082074
internal_weight=2699 400 2299 1020 1279
internal_count=2699 400 2299 1020 1279
is_linear=0
shrinkage=0.05


Tree=216
num_leaves=7
num_cat=0
split_feature=9 6 6 5 9 5
split_gain=0.434233 2.2075 2.37797 1.5215 1.48961 1.92395
threshold=-0.6982134717804015 4.9951154732690961 5.4942541398213978 1.0000000180025095e-35 -0.11382657591184188 0.11000000000000003
decision_type=2 2 2 2 2 2
left_child=1 3 -3 -1 -2 -6
right_child=4 2 -4 -5 5 -7
leaf_value=0.00072308658004811648 -0.0029751772012780696 -0.0040453122178594819 0.0029105416270640665 0.0073776140222272099 0.001032749218822979 -0.0047640701923635067
leaf_weight=173 420 288 207 168 1287 156
leaf_count=173 420 288 207 168 1287 156
internal_value=5.16425e-05 0.000995 -0.00113648 0.0040608 -0.000373209 0.000391779
internal_weight=2699 836 495 341 1863 1443
internal_count=2699 836 495 341 1863 1443
is_linear=0
shrinkage=0.05


Tree=217
num_leaves=5
num_cat=0
split_feature=5 2 5 2
split_gain=0.443179 0.726549 2.62702 2.39648
threshold=0.13749999999999998 0.049198432899854844 -0.11999999999999995 0.042099562307281395
decision_type=2 2 2 2
left_child=1 3 -3 -1
right_child=-2 2 -4 -5
leaf_value=-0.00034632041708893696 0.0022531363031698913 0.0013051452872984311 -0.0064220460690557956 0.0050282666523359786
leaf_weight=1821 206 258 185 229
leaf_count=1821 206 258 185 229
internal_value=5.27772e-05 -0.000133187 -0.00195745 0.000264834
internal_weight=2699 2493 443 2050
internal_count=2699 2493 443 2050
is_linear=0
shrinkage=0.05


Tree=218
num_leaves=5
num_cat=0
split_feature=9 13 13 6
split_gain=0.420991 0.971869 2.15095 1.44613
threshold=1.5519415325069807 -0.20005984757391024 -0.06445629354884333 5.1007500160588952
decision_type=2 8 8 2
left_child=1 3 -3 -1
right_child=-2 2 -4 -5
leaf_value=0.0014150153774364739 -0.0024791002680637666 0.0033335620831343553 -0.00029492652500712316 -0.0050038858329517644
leaf_weight=152 150 536 1664 197
leaf_count=152 150 536 1664 197
internal_value=5.116e-05 0.000204619 0.00059466 -0.00222776
internal_weight=2699 2549 2200 349
internal_count=2699 2549 2200 349
is_linear=0
shrinkage=0.05


Tree=219
num_leaves=6
num_cat=0
split_feature=2 9 2 13 2
split_gain=0.439276 2.06301 0.797481 2.19343 1.0197
threshold=0.012990381056766606 0.017008280048725972 0.020615528128088333 0.0065966324002792835 0.025298221281347021
decision_type=2 2 2 10 2
left_child=1 -1 3 -2 -4
right_child=2 -3 4 -5 -6
leaf_value=-0.00445913452655077 -0.0013533355517452853 0.002391141531057656 -0.0032783499841979886 0.0067804021621990646 0.00035010625529758997
leaf_weight=240 168 195 213 156 1727
leaf_count=240 168 195 213 156 1727
internal_value=4.99119e-05 -0.00139604 0.000330199 0.00260644 -5.56793e-05
internal_weight=2699 435 2264 324 1940
internal_count=2699 435 2264 324 1940
is_linear=0
shrinkage=0.05


Tree=220
num_leaves=6
num_cat=0
split_feature=8 6 4 6 6
split_gain=0.41924 2.00726 1.17564 1.86069 1.52331
threshold=0.68808655133404339 5.2261478943547521 0.0086602540378443605 5.1450204679882443 4.8865448910639335
decision_type=2 2 2 2 2
left_child=2 -2 4 -4 -1
right_child=1 -3 3 -5 -6
leaf_value=-0.00077114957803023788 -0.0024638386440655872 0.0045982508666136046 0.00070354867114072982 -0.0023707565396766331 0.0061190155053742618
leaf_weight=162 174 226 1105 880 152
leaf_count=162 174 226 1105 880 152
internal_value=5.02558e-05 0.00153375 -0.000210624 -0.0006619 0.00260785
internal_weight=2699 400 2299 1985 314
internal_count=2699 400 2299 1985 314
is_linear=0
shrinkage=0.05


Tree=221
num_leaves=6
num_cat=0
split_feature=2 9 12 11 11
split_gain=0.437362 1.90384 0.847368 3.01484 1.98642
threshold=0.012990381056766606 0.017008280048725972 0.019161088049153462 0.53484399960532059 0.82060928857708182
decision_type=2 2 2 2 2
left_child=1 -1 4 -4 -2
right_child=2 -3 3 -5 -6
leaf_value=-0.0043359391801344347 0.00044342212598776879 0.0022452631890773774 -0.00049286839761802264 0.0050704007688393803 -0.0046351265970908809
leaf_weight=240 924 195 746 356 238
leaf_count=240 924 195 746 356 238
internal_value=4.90464e-05 -0.00139376 0.000328724 0.00131912 -0.000612165
internal_weight=2699 435 2264 1102 1162
internal_count=2699 435 2264 1102 1162
is_linear=0
shrinkage=0.05


Tree=222
num_leaves=7
num_cat=0
split_feature=9 6 6 7 9 3
split_gain=0.432618 2.04863 2.20285 1.41694 1.31978 1.86606
threshold=-0.6982134717804015 4.9951154732690961 5.4942541398213978 -0.67770582850806182 -0.11382657591184188 -0.92847669088525964
decision_type=2 2 2 2 2 2
left_child=1 3 -3 -1 -2 -6
right_child=4 2 -4 -5 5 -7
leaf_value=0.00032019744490741927 -0.0028222729287603323 -0.0038610201802600566 0.0028336091516188017 0.0067782657979459501 -0.0025616721331607551 0.0014502248853295637
leaf_weight=152 420 288 207 189 395 1048
leaf_count=152 420 288 207 189 395 1048
internal_value=5.09071e-05 0.00099251 -0.00106111 0.00394582 -0.000373152 0.000346974
internal_weight=2699 836 495 341 1863 1443
internal_count=2699 836 495 341 1863 1443
is_linear=0
shrinkage=0.05


Tree=223
num_leaves=4
num_cat=0
split_feature=13 7 13
split_gain=0.421877 0.993835 1.2033
threshold=0.2342627362855754 -0.72096227521762979 0.047875630642505169
decision_type=10 2 8
left_child=1 -1 -3
right_child=-2 2 -4
leaf_value=-0.0028931852098401279 0.0019094430780546231 -0.00055810288850875603 0.0020227222429956638
leaf_weight=287 270 1502 640
leaf_count=287 270 1502 640
internal_value=5.32106e-05 -0.000156621 0.000215927
internal_weight=2699 2429 2142
internal_count=2699 2429 2142
is_linear=0
shrinkage=0.05


Tree=224
num_leaves=6
num_cat=0
split_feature=2 12 12 11 11
split_gain=0.413784 1.31355 0.791674 2.80384 1.82374
threshold=0.012990381056766606 0.067906458666286598 0.019161088049153462 0.53484399960532059 0.82060928857708182
decision_type=2 2 2 2 2
left_child=1 -1 4 -4 -2
right_child=2 -3 3 -5 -6
leaf_value=0.0015041863893381728 0.00042740186533276139 -0.003941282136205199 -0.00046477142384104657 0.0049003441803063168 -0.004438737852675189
leaf_weight=208 924 227 746 356 238
leaf_count=208 924 227 746 356 238
internal_value=5.34165e-05 -0.00134997 0.00032544 0.00128273 -0.000584025
internal_weight=2699 435 2264 1102 1162
internal_count=2699 435 2264 1102 1162
is_linear=0
shrinkage=0.05


Tree=225
num_leaves=5
num_cat=0
split_feature=9 8 8 3
split_gain=0.412151 0.816616 1.71451 1.63667
threshold=-1.5370943911637174 0.24206956012314715 0.16162052680275149 1.5075567228888129
decision_type=2 2 2 2
left_child=-1 2 -2 -3
right_child=1 3 -4 -5
leaf_value=0.0023588118097070832 -0.0014684180242534822 1.5122986763432482e-05 0.0059434148824856255 -0.0044392563785304847
leaf_weight=176 151 1994 153 225
leaf_count=176 151 1994 153 225
internal_value=5.40433e-05 -0.000111081 0.00229769 -0.000445503
internal_weight=2699 2523 304 2219
internal_count=2699 2523 304 2219
is_linear=0
shrinkage=0.05


Tree=226
num_leaves=5
num_cat=0
split_feature=5 2 5 2
split_gain=0.41581 0.672703 2.43211 2.22042
threshold=0.13749999999999998 0.049198432899854844 -0.11999999999999995 0.042099562307281395
decision_type=2 2 2 2
left_child=1 3 -3 -1
right_child=-2 2 -4 -5
leaf_value=-0.00033170535933121285 0.0021850573238850488 0.0012574277158663699 -0.0061775569372663382 0.0048416935798958841
leaf_weight=1821 206 258 185 229
leaf_count=1821 206 258 185 229
internal_value=5.37267e-05 -0.000126409 -0.00188177 0.000256575
internal_weight=2699 2493 443 2050
internal_count=2699 2493 443 2050
is_linear=0
shrinkage=0.05


Tree=227
num_leaves=5
num_cat=0
split_feature=3 7 2 1
split_gain=0.408683 0.845793 2.56541 1.08269
threshold=1.6752166778851236 0.69994394887884226 0.031969806580613998 1.4142135623730947
decision_type=2 2 2 2
left_child=1 3 -3 -1
right_child=-2 2 -4 -5
leaf_value=0.00069743420296396359 0.0025364284236461688 -0.0058707792386082959 0.0014235778597111886 -0.0032717553125053804
leaf_weight=1888 151 221 255 184
leaf_count=1888 151 221 255 184
internal_value=5.21073e-05 -9.97981e-05 -0.00198891 0.00033793
internal_weight=2699 2548 476 2072
internal_count=2699 2548 476 2072
is_linear=0
shrinkage=0.05


Tree=228
num_leaves=7
num_cat=0
split_feature=5 11 5 13 13 7
split_gain=0.441372 2.22715 1.95446 1.41269 2.2534 1.89394
threshold=-0.067499999999999963 0.53484399960532059 -0.12000000000000001 0.037435172908695337 -0.016960996851818323 -0.72096227521762979
decision_type=2 2 2 8 10 2
left_child=1 2 -1 4 -2 -5
right_child=3 -3 -4 5 -6 -7
leaf_value=0.00087674760750384734 0.0002454366451082983 0.0032690770633342623 -0.0058738323974937313 -0.0011098012998245839 -0.0056041305534881986 0.0036870529271176549
leaf_weight=181 1000 196 254 323 192 553
leaf_count=181 1000 196 254 323 192 553
internal_value=4.98697e-05 -0.00110246 -0.00308693 0.000403285 -0.000716249 0.00192209
internal_weight=2699 631 435 2068 1192 876
internal_count=2699 631 435 2068 1192 876
is_linear=0
shrinkage=0.05


Tree=229
num_leaves=7
num_cat=0
split_feature=5 11 5 13 13 6
split_gain=0.410396 2.04715 1.79671 1.31094 2.07155 1.89761
threshold=-0.067499999999999963 0.53484399960532059 -0.12000000000000001 0.037435172908695337 -0.016960996851818323 4.5434011539329946
decision_type=2 2 2 8 10 2
left_child=1 2 -1 4 -2 -5
right_child=3 -3 -4 5 -6 -7
leaf_value=0.00083856669189508572 0.00023627856533177456 0.0031319344365292818 -0.0056338836356249556 0.0065854739288837595 -0.0053722845267523368 0.00071164143242436904
leaf_weight=181 1000 196 254 166 192 710
leaf_count=181 1000 196 254 166 192 710
internal_value=5.19142e-05 -0.00105925 -0.00296182 0.000392696 -0.000685781 0.00185578
internal_weight=2699 631 435 2068 1192 876
internal_count=2699 631 435 2068 1192 876
is_linear=0
shrinkage=0.05


Tree=230
num_leaves=4
num_cat=0
split_feature=0 13 4
split_gain=0.407239 0.748856 0.970939
threshold=0.73000000000000009 -0.28426874296371801 0.0043301270189222097
decision_type=2 10 2
left_child=1 -1 -3
right_child=-2 2 -4
leaf_value=0.0034630889851938597 -0.0024183171982194778 0.0034599418717914743 -0.00031075523227325241
leaf_weight=160 152 180 2207
leaf_count=160 152 180 2207
internal_value=5.34144e-05 0.000205372 -1.97748e-05
internal_weight=2699 2547 2387
internal_count=2699 2547 2387
is_linear=0
shrinkage=0.05


Tree=231
num_leaves=5
num_cat=0
split_feature=8 6 13 13
split_gain=0.407221 1.84036 1.18767 1.86675
threshold=0.68808655133404339 5.2261478943547521 0.26473418054181269 0.19416346605018006
decision_type=2 2 8 10
left_child=2 -2 3 -1
right_child=1 -3 -4 -5
leaf_value=-0.00031509705354959599 -0.0023135255325023689 0.0044491009548854781 -0.0040461286723714419 0.0050475338589673659
leaf_weight=1947 174 226 180 172
leaf_count=1947 174 226 180 172
internal_value=5.30442e-05 0.00151511 -0.000204075 0.000131047
internal_weight=2699 400 2299 2119
internal_count=2699 400 2299 2119
is_linear=0
shrinkage=0.05


Tree=232
num_leaves=6
num_cat=0
split_feature=2 9 2 13 2
split_gain=0.406274 1.82549 0.804497 3.17476 2.39034
threshold=0.012990381056766606 0.017008280048725972 0.035092873095303151 0.0065966324002792835 0.042099562307281395
decision_type=2 2 2 8 2
left_child=1 -1 3 -2 -4
right_child=2 -3 4 -5 -6
leaf_value=-0.0042187465664607531 -0.0014564925969711372 0.0022253575446084142 -0.0041750864580228746 0.0039969888199908278 0.00080223459811587972
leaf_weight=240 520 195 327 539 878
leaf_count=240 520 195 327 539 878
internal_value=5.30423e-05 -0.00133755 0.000322586 0.00132491 -0.000560129
internal_weight=2699 435 2264 1059 1205
internal_count=2699 435 2264 1059 1205
is_linear=0
shrinkage=0.05


Tree=233
num_leaves=5
num_cat=0
split_feature=8 2 4 2
split_gain=0.404999 0.979424 3.41828 1.92755
threshold=0.20289525190156818 0.035092873095303151 0.027726341266023528 0.041713279673820776
decision_type=2 2 2 2
left_child=-1 2 -2 -3
right_child=1 3 -4 -5
leaf_value=0.0020191150355039779 -0.00058067476702314659 -0.0046057908838383508 0.0054734914333086186 3.1406284340893994e-05
leaf_weight=234 1031 301 296 837
leaf_count=234 1031 301 296 837
internal_value=5.38397e-05 -0.000136432 0.000785242 -0.00120991
internal_weight=2699 2465 1327 1138
internal_count=2699 2465 1327 1138
is_linear=0
shrinkage=0.05


Tree=234
num_leaves=7
num_cat=0
split_feature=5 5 13 4 3 6
split_gain=0.398979 2.01632 2.72709 2.55423 1.35132 1.85877
threshold=0.017499999999999964 0.044999999999999964 -0.0099863533457768879 0.027726341266023528 0.25805573549934618 4.7510436906828923
decision_type=2 2 10 2 2 2
left_child=4 2 -2 -3 5 -1
right_child=1 3 -4 -5 -6 -7
leaf_value=-0.0027124668768696001 -0.00054273733088085728 -0.0051776536649817398 0.0088973362894067855 0.0012032838445644417 -0.0038291269741264214 0.001334703295597211
leaf_weight=393 150 211 150 568 244 983
leaf_count=393 150 211 150 568 244 983
internal_value=5.61182e-05 0.000798959 0.00424578 -0.000547056 -0.000439586 0.000173154
internal_weight=2699 1079 300 779 1620 1376
internal_count=2699 1079 300 779 1620 1376
is_linear=0
shrinkage=0.05


Tree=235
num_leaves=5
num_cat=0
split_feature=10 9 1 3
split_gain=0.389256 0.914027 0.822111 1.54912
threshold=0.0099999999999999898 -0.062976353579924246 -1.6334790271652937 -1.2602520756252082
decision_type=2 2 2 2
left_child=1 -1 -2 -4
right_child=2 -3 3 -5
leaf_value=-0.0043142977140986239 0.0037162237881142417 0.00096142027184538458 -0.0035092505953370542 0.00051756113985835779
leaf_weight=152 157 169 267 1954
leaf_count=152 157 169 267 1954
internal_value=5.59751e-05 -0.00156459 0.000277555 2.66784e-05
internal_weight=2699 321 2378 2221
internal_count=2699 321 2378 2221
is_linear=0
shrinkage=0.05


Tree=236
num_leaves=6
num_cat=0
split_feature=8 6 4 4 6
split_gain=0.380195 1.68665 1.16825 1.76232 1.39924
threshold=0.68808655133404339 5.2261478943547521 0.0086602540378443605 0.016393596310755008 4.8865448910639335
decision_type=2 2 2 2 2
left_child=2 -2 4 -4 -1
right_child=1 -3 3 -5 -6
leaf_value=-0.00062529971923478355 -0.0021976614303304168 0.0042765802240152381 -0.0045069710442122322 -6.9928989623500726e-05 0.0059810539482125814
leaf_weight=162 174 226 252 1733 152
leaf_count=162 174 226 252 1733 152
internal_value=5.52074e-05 0.00146792 -0.000193241 -0.00064313 0.0026163
internal_weight=2699 400 2299 1985 314
internal_count=2699 400 2299 1985 314
is_linear=0
shrinkage=0.05


Tree=237
num_leaves=4
num_cat=0
split_feature=0 13 13
split_gain=0.3826 0.720935 0.926063
threshold=0.73000000000000009 -0.28426874296371801 -0.22080923190742444
decision_type=2 10 10
left_child=1 -1 -3
right_child=-2 2 -4
leaf_value=0.0033981292604496984 -0.0023413579163562722 -0.0036816618503620908 0.00024456622723360047
leaf_weight=160 152 156 2231
leaf_count=160 152 156 2231
internal_value=5.44381e-05 0.000201722 -1.91879e-05
internal_weight=2699 2547 2387
internal_count=2699 2547 2387
is_linear=0
shrinkage=0.05


Tree=238
num_leaves=7
num_cat=0
split_feature=5 13 13 5 6 7
split_gain=0.388321 1.48683 1.28732 1.25878 2.26966 1.16051
threshold=-0.067499999999999963 0.032110911247261627 0.15808713536552926 -0.02999999999999994 4.4572499954199731 1.0000000180025095e-35
decision_type=2 8 10 2 2 2
left_child=1 -1 -3 5 -5 -2
right_child=3 2 -4 4 -6 -7
leaf_value=0.0015907392118883841 0.0057099802979301917 -0.0061392378916575036 -3.0372753607098166e-05 0.0040184838283393119 -0.00097662632013884249 0.00010937042737919126
leaf_weight=290 188 177 164 265 1437 178
leaf_count=290 188 177 164 265 1437 178
internal_value=5.38204e-05 -0.00102705 -0.00324415 0.000385305 -0.000189399 0.00302437
internal_weight=2699 631 341 2068 1702 366
internal_count=2699 631 341 2068 1702 366
is_linear=0
shrinkage=0.05


Tree=239
num_leaves=7
num_cat=0
split_feature=5 11 11 11 3 6
split_gain=0.393358 1.98509 4.08791 1.46849 1.24913 1.69774
threshold=0.017499999999999964 0.67368457498306267 0.12803833518651445 0.91961916913431907 0.25805573549934618 4.7510436906828923
decision_type=2 2 2 2 2 2
left_child=4 2 -2 -3 5 -1
right_child=1 3 -4 -5 -6 -7
leaf_value=-0.0026097354108243057 0.0015821414012525692 0.0075983180568959478 -0.0066401751625223791 0.00064594190808073173 -0.0037000486357923017 0.0012581426188866289
leaf_weight=393 579 151 199 150 244 983
leaf_count=393 579 151 199 150 244 983
internal_value=5.09954e-05 0.000788592 -0.000549968 0.00420085 -0.000441195 0.000147987
internal_weight=2699 1079 778 301 1620 1376
internal_count=2699 1079 778 301 1620 1376
is_linear=0
shrinkage=0.05


Tree=240
num_leaves=5
num_cat=0
split_feature=5 13 11 13
split_gain=0.384812 0.719569 1.83056 1.65634
threshold=0.13749999999999998 -0.06445629354884333 -0.65745743203182327 -1.0000000180025095e-35
decision_type=2 10 2 10
left_child=1 2 -1 -3
right_child=-2 3 -4 -5
leaf_value=-0.002508873071672176 0.0021046135729064024 -0.0041186916399747137 0.0023448998054565965 1.7052990805307393e-05
leaf_weight=267 206 295 677 1254
leaf_count=267 206 295 677 1254
internal_value=5.42692e-05 -0.000119027 0.000966078 -0.000781298
internal_weight=2699 2493 944 1549
internal_count=2699 2493 944 1549
is_linear=0
shrinkage=0.05


Tree=241
num_leaves=5
num_cat=0
split_feature=3 7 2 1
split_gain=0.37917 0.782474 2.35484 1.01464
threshold=1.6752166778851236 0.69994394887884226 0.031969806580613998 1.4142135623730947
decision_type=2 2 2 2
left_child=1 3 -3 -1
right_child=-2 2 -4 -5
leaf_value=0.00067652278420861226 0.0024467465694611654 -0.0056286771394378314 0.0013599637036140148 -0.0031659094276764092
leaf_weight=1888 151 221 255 184
leaf_count=1888 151 221 255 184
internal_value=5.38102e-05 -9.25146e-05 -0.00190954 0.000328503
internal_weight=2699 2548 476 2072
internal_count=2699 2548 476 2072
is_linear=0
shrinkage=0.05


Tree=242
num_leaves=6
num_cat=0
split_feature=7 7 7 8 8
split_gain=0.390488 2.38295 1.79526 1.66688 1.15184
threshold=0.25488780019751833 0.12255543586526953 0.47208028275341635 0.24503292464915641 0.60268567855754396
decision_type=2 2 2 2 2
left_child=1 3 -2 -1 -4
right_child=2 -3 4 -5 -6
leaf_value=0.0046512331571933385 0.0042349253167464794 -0.0060398649610579024 -0.0020005118202040847 -0.00042565855653470188 0.0018236478069349462
leaf_weight=180 275 165 469 1278 332
leaf_count=180 275 165 469 1278 332
internal_value=5.16594e-05 -0.000437604 0.000788257 0.000214872 -0.000413987
internal_weight=2699 1623 1076 1458 801
internal_count=2699 1623 1076 1458 801
is_linear=0
shrinkage=0.05


Tree=243
num_leaves=7
num_cat=0
split_feature=3 11 11 6 11 3
split_gain=0.393276 1.3558 3.24754 1.80133 1.20556 2.77091
threshold=-0.99558496739995805 0.089509970062786617 0.75896165463493415 5.3943318001460137 -0.043619269256720571 1.2985085477021265
decision_type=2 2 2 2 2 2
left_child=1 3 -3 -1 5 -2
right_child=4 2 -4 -5 -6 -7
leaf_value=-0.0058576251001023092 0.0032673534122461276 0.0057056023436477844 -0.003853056978321437 0.00099955421690581117 -0.00073152486475868772 -0.0031805879436433318
leaf_weight=221 698 188 160 164 1054 214
leaf_count=221 698 188 160 164 1054 214
internal_value=5.03861e-05 -0.000934244 0.00131849 -0.00296128 0.000418932 0.00174526
internal_weight=2699 733 348 385 1966 912
internal_count=2699 733 348 385 1966 912
is_linear=0
shrinkage=0.05


Tree=244
num_leaves=4
num_cat=0
split_feature=1 8 13
split_gain=0.391914 0.755445 1.05895
threshold=1.6629874728333027 0.18017875843725265 -0.28426874296371801
decision_type=2 2 10
left_child=1 -1 -3
right_child=-2 2 -4
leaf_value=-0.0032255354615247384 0.0022590334791152233 0.0037901448167778637 -0.00018062741502002227
leaf_weight=176 182 177 2164
leaf_count=176 182 177 2164
internal_value=5.05336e-05 -0.000113321 0.000127036
internal_weight=2699 2517 2341
internal_count=2699 2517 2341
is_linear=0
shrinkage=0.05


Tree=245
num_leaves=5
num_cat=0
split_feature=8 13 4 10
split_gain=0.386565 0.976547 3.47068 1.559
threshold=0.20289525190156818 -0.16508464693092448 0.022360679774997911 0.009999999999999969
decision_type=2 10 2 2
left_child=-1 2 -2 -3
right_child=1 3 -4 -5
leaf_value=0.001970897503508933 0.0074721429538860754 -0.0047742844950677691 -0.00094038574777618805 -0.00017773954642110205
leaf_weight=234 173 202 391 1699
leaf_count=234 173 202 391 1699
internal_value=5.08684e-05 -0.000135019 0.00168304 -0.000677411
internal_weight=2699 2465 564 1901
internal_count=2699 2465 564 1901
is_linear=0
shrinkage=0.05


Tree=246
num_leaves=5
num_cat=0
split_feature=9 8 8 3
split_gain=0.381003 0.698248 1.59421 1.47916
threshold=-1.5370943911637174 0.24206956012314715 0.16162052680275149 1.5075567228888129
decision_type=2 2 2 2
left_child=-1 2 -2 -3
right_child=1 3 -4 -5
leaf_value=0.0022661350420496084 -0.0015103227793215176 2.0069394574191734e-05 0.0056349122470548338 -0.0042145417140715801
leaf_weight=176 151 1994 153 225
leaf_count=176 151 1994 153 225
internal_value=5.01665e-05 -0.000108592 0.00211879 -0.000417817
internal_weight=2699 2523 304 2219
internal_count=2699 2523 304 2219
is_linear=0
shrinkage=0.05


Tree=247
num_leaves=5
num_cat=0
split_feature=1 11 1 1
split_gain=0.397476 0.819334 2.13449 1.84719
threshold=1.6629874728333027 -0.05451266099847394 -0.57711636627375573 0.57735026918962618
decision_type=2 2 2 2
left_child=1 2 -1 -3
right_child=-2 3 -4 -5
leaf_value=-0.0016080363114894022 0.0022738056197603119 0.00033323557946674746 0.0026711186187248818 -0.0036174653802829035
leaf_weight=505 182 901 676 435
leaf_count=505 182 901 676 435
internal_value=4.96899e-05 -0.000115321 0.000842271 -0.0009618
internal_weight=2699 2517 1181 1336
internal_count=2699 2517 1181 1336
is_linear=0
shrinkage=0.05


Tree=248
num_leaves=7
num_cat=0
split_feature=5 11 0 11 3 6
split_gain=0.383721 1.96243 3.84028 1.36582 1.17729 1.5189
threshold=0.017499999999999964 0.67368457498306267 0.51750000000000018 0.91961916913431907 0.25805573549934618 4.7510436906828923
decision_type=2 2 2 2 2 2
left_child=4 2 -2 -3 5 -1
right_child=1 3 -4 -5 -6 -7
leaf_value=-0.0024720011246226843 0.0054371126738842583 0.0074487012070723075 -0.0025841989929052895 0.00073910483068996861 -0.003599345144707276 0.0011864869760138243
leaf_weight=393 195 151 583 150 244 983
leaf_count=393 195 151 583 150 244 983
internal_value=5.05281e-05 0.000779033 -0.000551835 0.00417176 -0.000435596 0.000136418
internal_weight=2699 1079 778 301 1620 1376
internal_count=2699 1079 778 301 1620 1376
is_linear=0
shrinkage=0.05


Tree=249
num_leaves=5
num_cat=0
split_feature=6 5 2 8
split_gain=0.390574 3.16148 1.0588 1.1539
threshold=4.4572499954199731 -0.02 0.0070710678118654927 0.68808655133404339
decision_type=2 2 2 2
left_child=1 -1 -2 -4
right_child=2 -3 3 -5
leaf_value=-0.0039994059356149312 -0.0041247030009981247 0.0049974817326329801 -0.00042966459284987381 0.0026619106391316521
leaf_weight=156 155 244 1786 358
leaf_count=156 155 244 1786 358
internal_value=5.0762e-05 0.00148264 -0.000201045 9.15515e-05
internal_weight=2699 400 2299 2144
internal_count=2699 400 2299 2144
is_linear=0
shrinkage=0.05


Tree=250
num_leaves=6
num_cat=0
split_feature=11 8 8 8 8
split_gain=0.376682 1.50131 1.10374 3.26858 1.35511
threshold=-0.88591702873062761 0.50086294032735812 0.5030946977499805 0.55444907106596386 0.37329720602829247
decision_type=2 2 2 2 2
left_child=1 -1 4 -4 -2
right_child=2 -3 3 -5 -6
leaf_value=0.0020868018917415457 0.00073767173627486374 -0.0039286777342057875 0.0067950017890996408 8.9629629118119286e-05 -0.0027487230807194019
leaf_weight=179 623 234 220 946 497
leaf_count=179 623 234 220 946 497
internal_value=5.27107e-05 -0.00132771 0.000304457 0.00137841 -0.000814757
internal_weight=2699 413 2286 1166 1120
internal_count=2699 413 2286 1166 1120
is_linear=0
shrinkage=0.05


Tree=251
num_leaves=6
num_cat=0
split_feature=4 2 12 6 9
split_gain=0.37326 1.78423 1.3538 1.40001 1.35256
threshold=0.048153400710645583 0.045343136195018549 0.46384374188186689 5.1246482650527048 0.53431782893869861
decision_type=2 2 2 2 2
left_child=1 4 3 -2 -1
right_child=2 -3 -4 -5 -6
leaf_value=-0.00075540703851842297 -0.003825081298659955 -0.0044994554112610576 0.0045898468373584628 0.0023750200622568007 0.0019814047361002632
leaf_weight=1235 170 216 188 185 705
leaf_count=1235 170 216 188 185 705
internal_value=5.30392e-05 -0.000242613 0.00121844 -0.000605932 0.000241693
internal_weight=2699 2156 543 355 1940
internal_count=2699 2156 543 355 1940
is_linear=0
shrinkage=0.05


Tree=252
num_leaves=5
num_cat=0
split_feature=6 5 2 4
split_gain=0.381365 2.92202 0.988118 1.64577
threshold=4.4572499954199731 -0.02 0.0070710678118654927 0.010897247358851668
decision_type=2 2 2 2
left_child=1 -1 -2 -4
right_child=2 -3 3 -5
leaf_value=-0.0038049221744541058 -0.0039880192431155596 0.0048448782713418036 0.0050140509476802155 -0.00030263589033330002
leaf_weight=156 155 244 152 1992
leaf_count=156 155 244 152 1992
internal_value=5.12357e-05 0.00146613 -0.000197587 8.50824e-05
internal_weight=2699 400 2299 2144
internal_count=2699 400 2299 2144
is_linear=0
shrinkage=0.05


Tree=253
num_leaves=5
num_cat=0
split_feature=9 13 13 11
split_gain=0.373377 0.941987 2.01862 1.42017
threshold=1.5519415325069807 -0.20005984757391024 -0.06445629354884333 -0.05451266099847394
decision_type=2 8 8 2
left_child=1 3 -3 -1
right_child=-2 2 -4 -5
leaf_value=0.001255074601309995 -0.0023296308721746169 0.0032350911865787245 -0.00028002428285097634 -0.0050762505299344514
leaf_weight=160 150 536 1664 189
leaf_count=160 150 536 1664 189
internal_value=5.3264e-05 0.000197775 0.00058178 -0.00219691
internal_weight=2699 2549 2200 349
internal_count=2699 2549 2200 349
is_linear=0
shrinkage=0.05


Tree=254
num_leaves=4
num_cat=0
split_feature=1 1 6
split_gain=0.371769 1.24793 1.14576
threshold=-1.5755951658248968 -1.3107993791520858 5.0930742953329977
decision_type=2 2 2
left_child=-1 -2 -3
right_child=1 2 -4
leaf_value=0.0019480140816609739 -0.0037415919863883784 0.0013246428411245385 -0.00092490159331543118
leaf_weight=231 213 1147 1108
leaf_count=231 213 1147 1108
internal_value=5.20109e-05 -0.000129031 0.000219723
internal_weight=2699 2468 2255
internal_count=2699 2468 2255
is_linear=0
shrinkage=0.05


Tree=255
num_leaves=6
num_cat=0
split_feature=2 9 12 2 9
split_gain=0.377492 1.69086 0.713829 2.0775 1.36542
threshold=0.012990381056766606 0.017008280048725972 0.73553075158499337 0.033231667476221582 1.0131545524422489
decision_type=2 2 2 2 2
left_child=1 -1 4 -4 -2
right_child=2 -3 3 -5 -6
leaf_value=-0.0040631976413863652 0.0004981819895109068 0.002138757536187768 0.0055683100006232661 -0.00070440546119215431 -0.003059053358281712
leaf_weight=240 1398 195 220 317 329
leaf_count=240 1398 195 220 317 329
internal_value=5.01275e-05 -0.0012903 0.00030995 0.00189308 -0.000186359
internal_weight=2699 435 2264 537 1727
internal_count=2699 435 2264 537 1727
is_linear=0
shrinkage=0.05


Tree=256
num_leaves=5
num_cat=0
split_feature=5 2 5 2
split_gain=0.371043 0.64426 2.1257 2.08257
threshold=0.13749999999999998 0.049198432899854844 -0.11999999999999995 0.042099562307281395
decision_type=2 2 2 2
left_child=1 3 -3 -1
right_child=-2 2 -4 -5
leaf_value=-0.00031414337965766524 0.0020643049525538399 0.001098992863981834 -0.005852795708924532 0.0046960946912757862
leaf_weight=1821 206 258 185 229
leaf_count=1821 206 258 185 229
internal_value=5.09736e-05 -0.00011919 -0.00183704 0.000255601
internal_weight=2699 2493 443 2050
internal_count=2699 2493 443 2050
is_linear=0
shrinkage=0.05


Tree=257
num_leaves=4
num_cat=0
split_feature=0 13 4
split_gain=0.374487 0.619668 0.959418
threshold=0.73000000000000009 -0.28426874296371801 0.0043301270189222097
decision_type=2 10 2
left_child=1 -1 -3
right_child=-2 2 -4
leaf_value=0.0031586952078523061 -0.0023206984944594135 0.0034494370214540413 -0.00029882204377077332
leaf_weight=160 152 180 2207
leaf_count=160 152 180 2207
internal_value=4.95512e-05 0.000195273 -9.55205e-06
internal_weight=2699 2547 2387
internal_count=2699 2547 2387
is_linear=0
shrinkage=0.05


Tree=258
num_leaves=6
num_cat=0
split_feature=4 2 8 11 4
split_gain=0.374851 1.64281 1.28489 1.27493 1.35899
threshold=0.048153400710645583 0.045343136195018549 0.72520873972585931 -0.41269309507415908 0.065906858736243024
decision_type=2 2 2 2 2
left_child=1 2 -1 -2 -5
right_child=3 -3 -4 4 -6
leaf_value=0.00063039850878701415 -0.0020633081588702102 -0.0043314942980513856 -0.00377101793152387 0.0056552889952952538 -0.00053943942126352348
leaf_weight=1762 189 216 178 199 155
leaf_count=1762 189 216 178 199 155
internal_value=4.94247e-05 -0.00024685 0.000217901 0.00121731 0.00297317
internal_weight=2699 2156 1940 543 354
internal_count=2699 2156 1940 543 354
is_linear=0
shrinkage=0.05


Tree=259
num_leaves=6
num_cat=0
split_feature=2 9 12 11 11
split_gain=0.36955 1.56369 0.66771 2.5115 1.7153
threshold=0.012990381056766606 0.017008280048725972 0.019161088049153462 0.53484399960532059 0.82060928857708182
decision_type=2 2 2 2 2
left_child=1 -1 4 -4 -2
right_child=2 -3 3 -5 -6
leaf_value=-0.0039448062552861415 0.00045031311753104711 0.0020197199936956168 -0.0004697260586998287 0.0046078514626347704 -0.0042688393927037471
leaf_weight=240 924 195 746 356 238
leaf_count=240 924 195 746 356 238
internal_value=4.77624e-05 -0.00127849 0.00030484 0.00118398 -0.000530409
internal_weight=2699 435 2264 1102 1162
internal_count=2699 435 2264 1102 1162
is_linear=0
shrinkage=0.05


Tree=260
num_leaves=5
num_cat=0
split_feature=5 4 2 11
split_gain=0.363091 0.635581 1.02662 0.514082
threshold=0.13749999999999998 0.053091901453988261 0.042099562307281395 -0.065402952137490089
decision_type=2 2 2 2
left_child=1 2 -1 -3
right_child=-2 3 -4 -5
leaf_value=-0.0003109169948998969 0.0020406851226627228 -0.00015163500162382283 0.0025614011725410822 -0.0042500492287681074
leaf_weight=1821 206 150 370 152
leaf_count=1821 206 150 370 152
internal_value=4.90438e-05 -0.000119283 0.000178867 -0.00225004
internal_weight=2699 2493 2191 302
internal_count=2699 2493 2191 302
is_linear=0
shrinkage=0.05


Tree=261
num_leaves=7
num_cat=0
split_feature=9 6 6 7 5 5
split_gain=0.373786 2.06173 1.92024 1.247 1.30746 1.22021
threshold=-0.6982134717804015 4.9951154732690961 5.4942541398213978 -0.52507333465922945 0.11000000000000003 1.0000000180025095e-35
decision_type=2 2 2 2 2 2
left_child=1 5 -3 -2 -5 -1
right_child=3 2 -4 4 -6 -7
leaf_value=0.00088891623583569961 -0.0042665766521555485 -0.0037498384459840558 0.0025016154165880509 0.00057215443264849273 -0.0038296060220608 0.0068570908665054114
leaf_weight=173 178 288 207 1500 185 168
leaf_count=173 178 288 207 1500 185 168
internal_value=4.76433e-05 0.000922882 -0.00113672 -0.000346529 7.89747e-05 0.00388585
internal_weight=2699 836 495 1863 1685 341
internal_count=2699 836 495 1863 1685 341
is_linear=0
shrinkage=0.05


Tree=262
num_leaves=4
num_cat=0
split_feature=8 3 5
split_gain=0.366499 0.906293 1.08957
threshold=0.20289525190156818 1.5075567228888129 0.019999999999999938
decision_type=2 2 2
left_child=-1 2 -2
right_child=1 -3 -4
leaf_value=0.0019174051410472315 -0.00061255874788182377 -0.0029018209573526597 0.0017151892426799402
leaf_weight=234 1440 259 766
leaf_count=234 1440 259 766
internal_value=4.78708e-05 -0.000133124 0.000197767
internal_weight=2699 2465 2206
internal_count=2699 2465 2206
is_linear=0
shrinkage=0.05


Tree=263
num_leaves=6
num_cat=0
split_feature=4 2 0 11 4
split_gain=0.367775 1.56051 1.2471 1.21553 1.2438
threshold=0.048153400710645583 0.045343136195018549 0.39000000000000007 -0.41269309507415908 0.065906858736243024
decision_type=2 2 2 2 2
left_child=1 2 -1 -2 -5
right_child=3 -3 -4 4 -6
leaf_value=0.002571226935645926 -0.0019978027824389256 -0.0042255435142101406 -0.00046866944779723019 0.0054858923610642228 -0.00044250274317164439
leaf_weight=429 189 216 1511 199 155
leaf_count=429 189 216 1511 199 155
internal_value=4.89321e-05 -0.000244533 0.000208437 0.00120574 0.00292012
internal_weight=2699 2156 1940 543 354
internal_count=2699 2156 1940 543 354
is_linear=0
shrinkage=0.05


Tree=264
num_leaves=5
num_cat=0
split_feature=5 4 4 12
split_gain=0.367606 0.593893 0.818009 0.509445
threshold=0.13749999999999998 0.053091901453988261 0.044370598373247132 -0.041258050509185455
decision_type=2 2 2 2
left_child=1 2 -1 -3
right_child=-2 3 -4 -5
leaf_value=-0.00013697770681350777 0.0020482154792589601 -0.0041757370481730269 0.0032631774420355517 -9.7730120253418728e-05
leaf_weight=2002 206 152 189 150
leaf_count=2002 206 152 189 150
internal_value=4.42222e-05 -0.000125139 0.000163088 -0.00218482
internal_weight=2699 2493 2191 302
internal_count=2699 2493 2191 302
is_linear=0
shrinkage=0.05


Tree=265
num_leaves=5
num_cat=0
split_feature=3 7 2 1
split_gain=0.363737 0.764412 2.32879 0.930401
threshold=1.6752166778851236 0.69994394887884226 0.031969806580613998 1.4142135623730947
decision_type=2 2 2 2
left_child=1 3 -3 -1
right_child=-2 2 -4 -5
leaf_value=0.00064964999257798701 0.0023872870390709393 -0.0055941957477645011 0.0013556466545336524 -0.0030298255640205255
leaf_weight=1888 151 221 255 184
leaf_count=1888 151 221 255 184
internal_value=4.35455e-05 -9.97531e-05 -0.00189568 0.000316394
internal_weight=2699 2548 476 2072
internal_count=2699 2548 476 2072
is_linear=0
shrinkage=0.05


Tree=266
num_leaves=5
num_cat=0
split_feature=1 11 1 1
split_gain=0.357718 0.816323 1.95257 1.82695
threshold=1.6629874728333027 -0.05451266099847394 -0.57711636627375573 0.57735026918962618
decision_type=2 2 2 2
left_child=1 2 -1 -3
right_child=-2 3 -4 -5
leaf_value=-0.0015030276322595812 0.0021514106770967418 0.00032793785582623441 0.0025898300756791968 -0.0036010757808319551
leaf_weight=505 182 901 676 435
leaf_count=505 182 901 676 435
internal_value=4.14506e-05 -0.00011508 0.000840751 -0.000960001
internal_weight=2699 2517 1181 1336
internal_count=2699 2517 1181 1336
is_linear=0
shrinkage=0.05


Tree=267
num_leaves=4
num_cat=0
split_feature=0 8 2
split_gain=0.35958 0.629505 1.08701
threshold=0.73000000000000009 0.71040165460645566 0.037416573867739424
decision_type=2 2 2
left_child=1 2 -1
right_child=-2 -3 -4
leaf_value=0.00077521614750429742 -0.0022798298573370574 0.0023830529582722173 -0.0014690913445507595
leaf_weight=1387 152 284 876
leaf_count=1387 152 284 876
internal_value=4.27516e-05 0.000185554 -9.48715e-05
internal_weight=2699 2547 2263
internal_count=2699 2547 2263
is_linear=0
shrinkage=0.05


Tree=268
num_leaves=6
num_cat=0
split_feature=4 2 9 12 13
split_gain=0.369939 1.4495 1.26484 1.15734 2.51252
threshold=0.048153400710645583 0.045343136195018549 0.53431782893869861 0.46384374188186689 0.0040087060829308878
decision_type=2 2 2 2 8
left_child=1 2 -1 4 -2
right_child=3 -3 -4 -5 -6
leaf_value=-0.00077940464551155006 0.0040639598194666835 -0.0040887030016428611 0.0018671251202172692 0.004319593673545178 -0.00426767776760006
leaf_weight=1235 161 216 705 188 194
leaf_count=1235 161 216 705 188 194
internal_value=4.23908e-05 -0.000251923 0.000184677 0.00120261 -0.00048514
internal_weight=2699 2156 1940 543 355
internal_count=2699 2156 1940 543 355
is_linear=0
shrinkage=0.05


Tree=269
num_leaves=7
num_cat=0
split_feature=9 6 6 7 7 5
split_gain=0.36834 1.92389 1.7649 1.21048 1.14457 1.23068
threshold=-0.6982134717804015 4.9951154732690961 5.4942541398213978 -0.67770582850806182 -0.52507333465922945 0.11000000000000003
decision_type=2 2 2 2 2 2
left_child=1 3 -3 -1 -2 -6
right_child=4 2 -4 -5 5 -7
leaf_value=0.00041768193529669647 -0.0041048411941512035 -0.0035841087330730301 0.0024090714284541737 0.0063911860213451792 0.00053698131575193443 -0.0037335622197899377
leaf_weight=152 178 288 207 189 1500 185
leaf_count=152 178 288 207 189 1500 185
internal_value=4.20265e-05 0.000910874 -0.00107884 0.00377302 -0.000349254 5.84497e-05
internal_weight=2699 836 495 341 1863 1685
internal_count=2699 836 495 341 1863 1685
is_linear=0
shrinkage=0.05


Tree=270
num_leaves=6
num_cat=0
split_feature=2 9 9 1 2
split_gain=0.364965 1.4732 0.672502 3.33321 1.35768
threshold=0.012990381056766606 -1.0000000180025095e-35 1.0041970585557654 -0.30237528100466576 0.034910600109422353
decision_type=2 2 2 2 2
left_child=1 -1 4 -4 -2
right_child=2 -3 3 -5 -6
leaf_value=-0.0043644190449448469 0.0021829280044732835 0.0014115257876453665 -0.0057778644329563389 0.002824907203964693 -0.00054686101995994043
leaf_weight=201 845 234 218 223 978
leaf_count=201 845 234 218 223 978
internal_value=4.1355e-05 -0.00127663 0.000296844 -0.00144481 0.000720965
internal_weight=2699 435 2264 441 1823
internal_count=2699 435 2264 441 1823
is_linear=0
shrinkage=0.05


Tree=271
num_leaves=5
num_cat=0
split_feature=5 5 1 2
split_gain=0.386033 0.592887 2.95964 2.87504
threshold=0.13749999999999998 0.044999999999999964 1.1412454307396855 0.030033296378372883
decision_type=2 2 2 2
left_child=1 2 -1 -3
right_child=-2 3 -4 -5
leaf_value=-0.00029110475173768955 0.0020975358629713977 -0.0067576162522216196 0.0068715933395941163 0.00083735105280407628
leaf_weight=1768 206 176 152 397
leaf_count=1768 206 176 152 397
internal_value=4.39268e-05 -0.000129624 0.000292318 -0.00153376
internal_weight=2699 2493 1920 573
internal_count=2699 2493 1920 573
is_linear=0
shrinkage=0.05


Tree=272
num_leaves=6
num_cat=0
split_feature=4 2 8 12 13
split_gain=0.366125 1.49033 1.21374 1.09215 2.11232
threshold=0.046569840025492928 0.045343136195018549 0.72520873972585931 0.46384374188186689 0.0040087060829308878
decision_type=2 2 2 2 8
left_child=1 2 -1 4 -2
right_child=3 -3 -4 -5 -6
leaf_value=0.00055459300762388084 0.0036073219222068961 -0.0045215949605413299 -0.0037237174913307518 0.0040963789294814557 -0.003765139068970805
leaf_weight=1757 173 182 178 200 209
leaf_count=1757 173 182 178 200 209
internal_value=4.67217e-05 -0.000259088 0.00015245 0.00115182 -0.000422833
internal_weight=2699 2117 1935 582 382
internal_count=2699 2117 1935 582 382
is_linear=0
shrinkage=0.05


Tree=273
num_leaves=4
num_cat=0
split_feature=12 12 12
split_gain=0.371052 0.916413 1.14644
threshold=0.98078262472192701 0.92387703091419915 0.84338916215412885
decision_type=2 2 2
left_child=1 2 -1
right_child=-2 -3 -4
leaf_value=0.00023083321694180033 -0.0022380121108032986 0.003730085761523234 -0.004203213871910404
leaf_weight=2220 162 166 151
leaf_count=2220 162 166 151
internal_value=4.5118e-05 0.000195023 -5.98053e-05
internal_weight=2699 2537 2371
internal_count=2699 2537 2371
is_linear=0
shrinkage=0.05


Tree=274
num_leaves=4
num_cat=0
split_feature=13 8 8
split_gain=0.363486 1.16077 1.33829
threshold=0.2342627362855754 0.73938794964055266 0.68808655133404339
decision_type=10 2 2
left_child=1 2 -1
right_child=-2 -3 -4
leaf_value=-0.00019808325433763745 0.0017668731699443678 -0.0041869510498167162 0.0044388756860003235
leaf_weight=2105 270 161 163
leaf_count=2105 270 161 163
internal_value=4.38727e-05 -0.000150887 0.000144204
internal_weight=2699 2429 2268
internal_count=2699 2429 2268
is_linear=0
shrinkage=0.05


Tree=275
num_leaves=6
num_cat=0
split_feature=8 4 4 6 8
split_gain=0.375202 0.841049 2.21661 1.2803 0.596975
threshold=0.71040165460645566 0.0086602540378444091 0.016393596310755008 4.8865448910639335 0.76113254402744202
decision_type=2 2 2 2 2
left_child=1 3 -3 -1 -2
right_child=4 2 -4 -5 -6
leaf_value=-0.00085272882614992351 0.0038721546206262804 -0.0049605422753840689 6.0845744726069181e-05 0.0052457588838435536 -0.00053688248679522547
leaf_weight=174 150 245 1817 163 150
leaf_count=174 150 245 1817 163 150
internal_value=4.30257e-05 -0.00016665 -0.000546335 0.00213055 0.00169497
internal_weight=2699 2399 2062 337 300
internal_count=2699 2399 2062 337 300
is_linear=0
shrinkage=0.05


Tree=276
num_leaves=7
num_cat=0
split_feature=2 2 9 12 0 9
split_gain=0.357282 3.30183 1.8361 3.10389 1.67391 1.61163
threshold=0.042099562307281395 0.038845081979546593 0.53431782893869861 -0.70710486654702753 0.50750000000000017 0.53431782893869861
decision_type=2 2 2 2 2 2
left_child=1 5 3 -2 -4 -1
right_child=2 -3 4 -5 -6 -7
leaf_value=-0.00083857847342850038 -0.0035212067335511849 -0.0073143835406368363 0.0014697472946957136 0.0047172920300736498 -0.0058534329061549683 0.0024148602326964485
leaf_weight=1092 152 151 151 422 153 578
leaf_count=1092 152 151 151 422 153 578
internal_value=4.17128e-05 -0.000357668 0.000867375 0.0025241 -0.00225101 0.000291309
internal_weight=2699 1821 878 574 304 1670
internal_count=2699 1821 878 574 304 1670
is_linear=0
shrinkage=0.05


Tree=277
num_leaves=6
num_cat=0
split_feature=2 9 9 1 2
split_gain=0.359226 1.33081 0.621666 3.10112 1.319
threshold=0.012990381056766606 -0.10073649985595659 1.0041970585557654 -0.30237528100466576 0.034910600109422353
decision_type=2 2 2 2 2
left_child=1 -1 4 -4 -2
right_child=2 -3 3 -5 -6
leaf_value=-0.0044099722740225762 0.0021425319045562954 0.0011208725933674871 -0.0055603675418971904 0.0027374043768647605 -0.0005480693321744224
leaf_weight=186 845 249 218 223 978
leaf_count=186 845 249 218 223 978
internal_value=4.0297e-05 -0.00126728 0.000293771 -0.00138079 0.000701532
internal_weight=2699 435 2264 441 1823
internal_count=2699 435 2264 441 1823
is_linear=0
shrinkage=0.05


Tree=278
num_leaves=5
num_cat=0
split_feature=5 4 4 11
split_gain=0.355763 0.561848 0.813177 0.525226
threshold=0.13749999999999998 0.053091901453988261 0.044370598373247132 -0.065402952137490089
decision_type=2 2 2 2
left_child=1 2 -1 -3
right_child=-2 3 -4 -5
leaf_value=-0.0001427871538683453 0.0020140886911460295 -1.1121006982941783e-05 0.0032473009122300357 -0.004148789287610039
leaf_weight=2002 206 150 189 152
leaf_count=2002 206 150 189 152
internal_value=4.26374e-05 -0.000123972 0.000156376 -0.00212731
internal_weight=2699 2493 2191 302
internal_count=2699 2493 2191 302
is_linear=0
shrinkage=0.05


Tree=279
num_leaves=4
num_cat=0
split_feature=1 1 9
split_gain=0.356782 1.05219 0.940545
threshold=-1.5755951658248968 -1.3107993791520858 1.1951132228516992
decision_type=2 2 2
left_child=-1 -2 -3
right_child=1 2 -4
leaf_value=0.0018990372086606794 -0.0034528520101373759 -0.00021473205628920567 0.0027868870609405877
leaf_weight=231 213 1959 296
leaf_count=231 213 1959 296
internal_value=4.1631e-05 -0.000135707 0.000184566
internal_weight=2699 2468 2255
internal_count=2699 2468 2255
is_linear=0
shrinkage=0.05


Tree=280
num_leaves=7
num_cat=0
split_feature=9 5 3 1 9 5
split_gain=0.358862 1.39354 5.09637 1.31483 1.04718 1.7446
threshold=-0.6982134717804015 0.010000000000000038 -0.57735026918962584 1.0320936930842757 -0.11382657591184188 0.11000000000000003
decision_type=2 2 2 2 2 2
left_child=1 2 -1 -3 -2 -6
right_child=4 3 -4 -5 5 -7
leaf_value=0.0027662816107095708 -0.002527184106190415 0.00639902890730671 -0.0082164009048972496 0.00045578464053535911 0.00090648880207315735 -0.0046133711089536272
leaf_weight=310 420 166 154 206 1287 156
leaf_count=310 420 166 154 206 1287 156
internal_value=4.05891e-05 0.000898187 -0.000927567 0.00315757 -0.000345622 0.000295878
internal_weight=2699 836 464 372 1863 1443
internal_count=2699 836 464 372 1863 1443
is_linear=0
shrinkage=0.05


Tree=281
num_leaves=5
num_cat=0
split_feature=9 7 7 13
split_gain=0.362798 0.707829 2.91098 1.61274
threshold=1.3489052224215752 0.25488780019751833 0.06575419868326772 -0.20005984757391024
decision_type=2 2 2 8
left_child=1 2 -1 -3
right_child=-2 3 -4 -5
leaf_value=0.00042432294547346079 -0.0017534694054584 -0.0016755928430045117 -0.005947617685548889 0.00286900193821038
leaf_weight=1376 250 288 201 584
leaf_count=1376 250 288 201 584
internal_value=4.16196e-05 0.000228066 -0.000404058 0.00136704
internal_weight=2699 2449 1577 872
internal_count=2699 2449 1577 872
is_linear=0
shrinkage=0.05


Tree=282
num_leaves=5
num_cat=0
split_feature=5 5 2 1
split_gain=0.356127 0.575957 2.75265 2.74835
threshold=0.13749999999999998 0.044999999999999964 0.030033296378372883 1.1412454307396855
decision_type=2 2 2 2
left_child=1 3 -3 -1
right_child=-2 2 -4 -5
leaf_value=-0.0002730238443509467 0.0020124870191341473 -0.0066220364831799635 0.00080959388351447843 0.0066292798033897662
leaf_weight=1768 206 176 397 152
leaf_count=1768 206 176 397 152
internal_value=4.00254e-05 -0.000126664 -0.00151061 0.000289208
internal_weight=2699 2493 573 1920
internal_count=2699 2493 573 1920
is_linear=0
shrinkage=0.05


Tree=283
num_leaves=4
num_cat=0
split_feature=0 13 4
split_gain=0.357941 0.596269 0.873124
threshold=0.73000000000000009 -0.28426874296371801 0.0043301270189222097
decision_type=2 10 2
left_child=1 -1 -3
right_child=-2 2 -4
leaf_value=0.0030922848426482895 -0.002274406586542346 0.0032842239022657679 -0.00029149667325574453
leaf_weight=160 152 180 2207
leaf_count=160 152 180 2207
internal_value=4.28757e-05 0.000185352 -1.55557e-05
internal_weight=2699 2547 2387
internal_count=2699 2547 2387
is_linear=0
shrinkage=0.05


Tree=284
num_leaves=6
num_cat=0
split_feature=8 4 4 6 8
split_gain=0.345764 0.76296 2.08331 1.17105 0.542141
threshold=0.71040165460645566 0.0086602540378444091 0.016393596310755008 4.8865448910639335 0.76113254402744202
decision_type=2 2 2 2 2
left_child=1 3 -3 -1 -2
right_child=4 2 -4 -5 -6
leaf_value=-0.00082344608550485453 0.0037033873081447617 -0.004799500877410174 6.8540357312179374e-05 0.0050088752270399019 -0.00049861034438494713
leaf_weight=174 150 245 1817 163 150
leaf_count=174 150 245 1817 163 150
internal_value=4.28402e-05 -0.000158444 -0.000520075 0.00202952 0.00162866
internal_weight=2699 2399 2062 337 300
internal_count=2699 2399 2062 337 300
is_linear=0
shrinkage=0.05


Tree=285
num_leaves=6
num_cat=0
split_feature=2 12 9 1 2
split_gain=0.358474 1.22598 0.597198 2.85057 1.2789
threshold=0.012990381056766606 0.067906458666286598 1.0041970585557654 -0.30237528100466576 0.034910600109422353
decision_type=2 2 2 2 2
left_child=1 -1 4 -4 -2
right_child=2 -3 3 -5 -6
leaf_value=0.0014915413324865449 0.0021128052607288258 -0.0037688554389049009 -0.0053540698089741268 0.0026016152362755844 -0.00053658221193635699
leaf_weight=208 845 227 218 223 978
leaf_count=208 845 227 218 223 978
internal_value=4.1035e-05 -0.00126517 0.000294242 -0.00134706 0.000693886
internal_weight=2699 435 2264 441 1823
internal_count=2699 435 2264 441 1823
is_linear=0
shrinkage=0.05


Tree=286
num_leaves=6
num_cat=0
split_feature=2 2 2 9 4
split_gain=0.361138 2.97175 1.73777 1.84162 1.50252
threshold=0.042099562307281395 0.038845081979546593 0.050193375670878185 0.53431782893869861 0.027726341266023528
decision_type=2 2 2 2 2
left_child=1 4 -2 -4 -1
right_child=2 -3 3 -5 -6
leaf_value=-0.00066886932498134305 0.0043164185499125181 -0.0069585618228675469 0.0013289541849076957 -0.004418654817916849 0.0026733868963695982
leaf_weight=1210 254 151 422 202 460
leaf_count=1210 254 151 422 202 460
internal_value=4.27764e-05 -0.000358755 0.000872881 -0.000551984 0.000256984
internal_weight=2699 1821 878 624 1670
internal_count=2699 1821 878 624 1670
is_linear=0
shrinkage=0.05


Tree=287
num_leaves=4
num_cat=0
split_feature=2 5 5
split_gain=0.3588 0.856444 1.26898
threshold=0.07671012713609944 0.11000000000000003 0.070000000000000048
decision_type=2 2 2
left_child=1 2 -1
right_child=-2 -3 -4
leaf_value=-0.00022255950543703532 0.0022207352816848097 -0.0030742326344422124 0.0036032359891240138
leaf_weight=2073 172 217 237
leaf_count=2073 172 217 237
internal_value=4.44138e-05 -0.00010781 0.000176892
internal_weight=2699 2527 2310
internal_count=2699 2527 2310
is_linear=0
shrinkage=0.05


Tree=288
num_leaves=5
num_cat=0
split_feature=5 5 1 2
split_gain=0.355544 0.584579 2.57033 2.55983
threshold=0.13749999999999998 0.044999999999999964 1.1412454307396855 0.030033296378372883
decision_type=2 2 2 2
left_child=1 2 -1 -3
right_child=-2 3 -4 -5
leaf_value=-0.00024664837499275872 0.002015557732009351 -0.0064450974689374638 0.0064283967270237054 0.0007220086574424708
leaf_weight=1768 206 176 152 397
leaf_count=1768 206 176 152 397
internal_value=4.47183e-05 -0.000121843 0.000297117 -0.00151612
internal_weight=2699 2493 1920 573
internal_count=2699 2493 1920 573
is_linear=0
shrinkage=0.05


Tree=289
num_leaves=5
num_cat=0
split_feature=0 8 6 8
split_gain=0.350434 0.583694 3.14902 2.20647
threshold=0.73000000000000009 0.62928204738671012 5.3877466503291815 0.59940045305405587
decision_type=2 2 2 2
left_child=1 3 -3 -1
right_child=-2 2 -4 -5
leaf_value=0.0002829892115688894 -0.0022456421334426969 -0.0014692027441849235 0.0054967397305050077 -0.0056246501425730776
leaf_weight=1721 152 382 275 169
leaf_count=1721 152 382 275 169
internal_value=4.72227e-05 0.000188188 0.00146602 -0.000258707
internal_weight=2699 2547 657 1890
internal_count=2699 2547 657 1890
is_linear=0
shrinkage=0.05


Tree=290
num_leaves=6
num_cat=0
split_feature=6 5 5 5 5
split_gain=0.347242 2.56211 1.05436 2.24143 1.72891
threshold=4.4572499954199731 -0.02 -0.027499999999999965 -0.06999999999999991 -0.0074999999999999503
decision_type=2 2 2 2 2
left_child=1 -1 3 -2 -4
right_child=2 -3 4 -5 -6
leaf_value=-0.0035387849325302597 -0.00076069246264706713 0.0045610259365604583 -0.0050293787682043302 0.0044625726865927346 -0.0002708693770607017
leaf_weight=156 552 244 222 321 1204
leaf_count=156 552 244 222 321 1204
internal_value=4.72981e-05 0.00139741 -0.000190129 0.00117437 -0.00102666
internal_weight=2699 400 2299 873 1426
internal_count=2699 400 2299 873 1426
is_linear=0
shrinkage=0.05


Tree=291
num_leaves=6
num_cat=0
split_feature=4 2 8 11 4
split_gain=0.343329 1.24447 1.20808 1.18326 1.13104
threshold=0.048153400710645583 0.045343136195018549 0.72520873972585931 -0.41269309507415908 0.065906858736243024
decision_type=2 2 2 2 2
left_child=1 2 -1 -2 -5
right_child=3 -3 -4 4 -6
leaf_value=0.0005706891423054003 -0.0019930773237048045 -0.0037890163536828296 -0.0036970817370727011 0.0053054889834111595 -0.00034983944351552054
leaf_weight=1762 189 216 178 199 155
leaf_count=1762 189 216 178 199 155
internal_value=4.96145e-05 -0.000233934 0.000170613 0.00116731 0.0028589
internal_weight=2699 2156 1940 543 354
internal_count=2699 2156 1940 543 354
is_linear=0
shrinkage=0.05


Tree=292
num_leaves=4
num_cat=0
split_feature=5 3 9
split_gain=0.344223 0.593423 0.801745
threshold=0.13749999999999998 1.5075567228888129 1.5164618947623201
decision_type=2 2 2
left_child=1 2 -1
right_child=-2 -3 -4
leaf_value=0.00038951751149594459 0.0019873398172964843 -0.0024796413620545841 -0.0033361484855413438
leaf_weight=2108 206 235 150
leaf_count=2108 206 235 150
internal_value=4.81369e-05 -0.000115759 0.000135196
internal_weight=2699 2493 2258
internal_count=2699 2493 2258
is_linear=0
shrinkage=0.05


Tree=293
num_leaves=4
num_cat=0
split_feature=12 12 1
split_gain=0.335408 0.813784 0.873243
threshold=0.98078262472192701 0.91532356630411393 0.7433111162394338
decision_type=2 2 2
left_child=1 2 -1
right_child=-2 -3 -4
leaf_value=0.00062310406036386406 -0.0021241497315332559 0.0033366846711080722 -0.001408289393177256
leaf_weight=1557 162 185 795
leaf_count=1557 162 185 795
internal_value=4.65585e-05 0.000189074 -6.50585e-05
internal_weight=2699 2537 2352
internal_count=2699 2537 2352
is_linear=0
shrinkage=0.05


Tree=294
num_leaves=4
num_cat=0
split_feature=2 5 5
split_gain=0.33559 0.808267 1.20336
threshold=0.07671012713609944 0.11000000000000003 0.070000000000000048
decision_type=2 2 2
left_child=1 2 -1
right_child=-2 -3 -4
leaf_value=-0.00021661166238669786 0.0021477706330475833 -0.0029859836781733077 0.0035089550678395046
leaf_weight=2073 172 217 237
leaf_count=2073 172 217 237
internal_value=4.30159e-05 -0.000104202 0.000172375
internal_weight=2699 2527 2310
internal_count=2699 2527 2310
is_linear=0
shrinkage=0.05


Tree=295
num_leaves=5
num_cat=0
split_feature=5 13 7 13
split_gain=0.342057 0.540825 1.70459 1.5292
threshold=0.13749999999999998 -0.06445629354884333 0.47208028275341635 -1.0000000180025095e-35
decision_type=2 8 2 8
left_child=1 2 -1 -3
right_child=-2 3 -4 -5
leaf_value=0.0040177443891699456 0.0019764504452805384 -0.0038894577790051701 -0.00063200647983476649 7.0314517594655698e-05
leaf_weight=285 206 295 612 1301
leaf_count=285 206 295 612 1301
internal_value=4.33515e-05 -0.000120019 0.000859421 -0.000671459
internal_weight=2699 2493 897 1596
internal_count=2699 2493 897 1596
is_linear=0
shrinkage=0.05


Tree=296
num_leaves=6
num_cat=0
split_feature=8 4 4 6 8
split_gain=0.338964 0.746867 1.86808 1.10564 0.48465
threshold=0.71040165460645566 0.0086602540378444091 0.016393596310755008 4.8865448910639335 0.76113254402744202
decision_type=2 2 2 2 2
left_child=1 3 -3 -1 -2
right_child=4 2 -4 -5 -6
leaf_value=-0.00076331810950296391 0.0035757995760368729 -0.0045651540145277975 4.4613965777026e-05 0.0049045398362241466 -0.00039903696025571519
leaf_weight=174 150 245 1817 163 150
leaf_count=174 150 245 1817 163 150
internal_value=4.4277e-05 -0.000155022 -0.000512821 0.00200973 0.00161442
internal_weight=2699 2399 2062 337 300
internal_count=2699 2399 2062 337 300
is_linear=0
shrinkage=0.05


Tree=297
num_leaves=4
num_cat=0
split_feature=0 13 13
split_gain=0.337994 0.571557 0.829225
threshold=0.73000000000000009 -0.28426874296371801 -0.22080923190742444
decision_type=2 10 10
left_child=1 -1 -3
right_child=-2 2 -4
leaf_value=0.0030271646425579536 -0.002209131821551046 -0.0034812941267993881 0.00023398507381604041
leaf_weight=160 152 156 2231
leaf_count=160 152 156 2231
internal_value=4.26593e-05 0.000181107 -1.55927e-05
internal_weight=2699 2547 2387
internal_count=2699 2547 2387
is_linear=0
shrinkage=0.05


Tree=298
num_leaves=5
num_cat=0
split_feature=6 5 2 4
split_gain=0.330655 2.39025 1.03048 1.46016
threshold=4.4572499954199731 -0.02 0.0070710678118654927 0.010897247358851668
decision_type=2 2 2 2
left_child=1 -1 -2 -4
right_child=2 -3 3 -5
leaf_value=-0.0034080852320568164 -0.0040601292387873397 0.004415447402550992 0.0047420157302040487 -0.00026590319362137436
leaf_weight=156 155 244 152 1992
leaf_count=156 155 244 152 1992
internal_value=4.2386e-05 0.00135986 -0.000189294 9.93429e-05
internal_weight=2699 400 2299 2144
internal_count=2699 400 2299 2144
is_linear=0
shrinkage=0.05


Tree=299
num_leaves=6
num_cat=0
split_feature=2 2 2 9 9
split_gain=0.328853 2.73589 1.65948 1.67784 1.52652
threshold=0.042099562307281395 0.038845081979546593 0.050193375670878185 0.53431782893869861 0.53431782893869861
decision_type=2 2 2 2 2
left_child=1 4 -2 -4 -1
right_child=2 -3 3 -5 -6
leaf_value=-0.00084757100779702429 0.0042015971333524719 -0.0066713133964162235 0.0012398077249178006 -0.0042463691879833197 0.0023187571468081735
leaf_weight=1092 254 151 422 202 578
leaf_count=1092 254 151 422 202 578
internal_value=4.43559e-05 -0.000338814 0.000836481 -0.000555804 0.00025197
internal_weight=2699 1821 878 624 1670
internal_count=2699 1821 878 624 1670
is_linear=0
shrinkage=0.05


end of trees

feature_importances:
Column_13=139
Column_9=138
Column_8=135
Column_0=129
Column_2=126
Column_6=112
Column_3=106
Column_5=106
Column_11=86
Column_4=83
Column_7=67
Column_1=64
Column_12=45
Column_10=5

parameters:
[boosting: gbdt]
[objective: huber]
[metric: huber]
[tree_learner: serial]
[device_type: cpu]
[data_sample_strategy: bagging]
[data: ]
[valid: ]
[num_iterations: 300]
[learning_rate: 0.05]
[num_leaves: 7]
[num_threads: 0]
[seed: 0]
[deterministic: 0]
[force_col_wise: 0]
[force_row_wise: 0]
[histogram_pool_size: -1]
[max_depth: 3]
[min_data_in_leaf: 150]
[min_sum_hessian_in_leaf: 0.001]
[bagging_fraction: 0.9]
[pos_bagging_fraction: 1]
[neg_bagging_fraction: 1]
[bagging_freq: 0]
[bagging_seed: 7719]
[bagging_by_query: 0]
[feature_fraction: 0.9]
[feature_fraction_bynode: 1]
[feature_fraction_seed: 2437]
[extra_trees: 0]
[extra_seed: 11797]
[early_stopping_round: 0]
[early_stopping_min_delta: 0]
[first_metric_only: 0]
[max_delta_step: 0]
[lambda_l1: 0]
[lambda_l2: 5]
[linear_lambda: 0]
[min_gain_to_split: 0]
[drop_rate: 0.1]
[max_drop: 50]
[skip_drop: 0.5]
[xgboost_dart_mode: 0]
[uniform_drop: 0]
[drop_seed: 21238]
[top_rate: 0.2]
[other_rate: 0.1]
[min_data_per_group: 100]
[max_cat_threshold: 32]
[cat_l2: 10]
[cat_smooth: 10]
[max_cat_to_onehot: 4]
[top_k: 20]
[monotone_constraints: ]
[monotone_constraints_method: basic]
[monotone_penalty: 0]
[feature_contri: ]
[forcedsplits_filename: ]
[refit_decay_rate: 0.9]
[cegb_tradeoff: 1]
[cegb_penalty_split: 0]
[cegb_penalty_feature_lazy: ]
[cegb_penalty_feature_coupled: ]
[path_smooth: 0]
[interaction_constraints: ]
[verbosity: -1]
[saved_feature_importance_type: 0]
[use_quantized_grad: 0]
[num_grad_quant_bins: 4]
[quant_train_renew_leaf: 0]
[stochastic_rounding: 1]
[linear_tree: 0]
[max_bin: 255]
[max_bin_by_feature: ]
[min_data_in_bin: 3]
[bin_construct_sample_cnt: 200000]
[data_random_seed: 38]
[is_enable_sparse: 1]
[enable_bundle: 1]
[use_missing: 1]
[zero_as_missing: 0]
[feature_pre_filter: 1]
[pre_partition: 0]
[two_round: 0]
[header: 0]
[label_column: ]
[weight_column: ]
[group_column: ]
[ignore_column: ]
[categorical_feature: ]
[forcedbins_filename: ]
[precise_float_parser: 0]
[parser_config_file: ]
[objective_seed: 8855]
[num_class: 1]
[is_unbalance: 0]
[scale_pos_weight: 1]
[sigmoid: 1]
[boost_from_average: 1]
[reg_sqrt: 0]
[alpha: 1]
[fair_c: 1]
[poisson_max_delta_step: 0.7]
[tweedie_variance_power: 1.5]
[lambdarank_truncation_level: 30]
[lambdarank_norm: 1]
[label_gain: ]
[lambdarank_position_bias_regularization: 0]
[eval_at: ]
[multi_error_top_k: 1]
[auc_mu_weights: ]
[num_machines: 1]
[local_listen_port: 12400]
[time_out: 120]
[machine_list_filename: ]
[machines: ]
[gpu_platform_id: -1]
[gpu_device_id: -1]
[gpu_use_dp: 0]
[num_gpu: 1]

end of parameters

pandas_categorical:null
