tree
version=v4
num_class=1
num_tree_per_iteration=1
label_index=0
max_feature_idx=13
objective=huber
feature_names=Column_0 Column_1 Column_2 Column_3 Column_4 Column_5 Column_6 Column_7 Column_8 Column_9 Column_10 Column_11 Column_12 Column_13
feature_infos=[0.025000000000000001:0.96499999999999997] [-2.1801865442225936:2.2132114866740049] [0:0.23206799769799275] [-1.7320508075688898:1.7320508075688965] [0:0.18086597247685926] [-0.52000000000000002:0.42999999999999999] [2.6665335208992764:9.2920401674594846] [-0.99937210579232882:0.99916327993665344] [0:0.92480568210655301] [-2.1673675294966617:2.0333649407082746] [0.0099999999999998979:0.82000000000000006] [-0.99999729229082379:0.99999729229082379] [-0.99999729229082379:0.99999729229082379] [-0.68022685703352415:0.68975332760599206]
tree_sizes=762 777 775 780 776 774 774 774 772 776 775 778 775 780 773 775 776 776 779 689 781 780 692 609 779 781 689 605 692 782 783 687 787 781 776 779 779 788 698 779 779 695 694 777 783 605 780 784 695 603 778 790 776 692 785 695 782 610 690 603 606 687 607 787 610 515 782 690 605 775 520 692 612 612 606 610 606 516 613 515 688 519 521 611 608 693 614 692 516 603 690 686 604 691 605 686 604 604 521 513 617 781 607 518 603 515 688 610 688 771 518 520 779 607 511 607 607 781 521 611 787 523 701 514 523 788 604 785 524 689 691 517 601 788 781 520 692 604 513 609 700 513 790 519 600 514 518 606 701 786 611 693 604 517 785 610 694 790 513 783 609 515 700 517 692 519 602 516 697 691 696 608 608 600 791 519 517 604 779 516 697 523 607 694 776 610 694 605 787 696 782 612 517 690 611 700 687 519 516 700 519 519 695 605 516 606 694 518 696 521 603 604 520 608 696 609 696 695 611 517 610 697 519 609 701 518 608 603 603 694 694 611 695 610 520 693 601 780 517 611 694 611 698 788 692 611 692 613 604 695 610 784 697 519 608 519 607 698 699 612 518 604 609 698 605 607 612 612 611 696 607 777 605 613 517 692 782 522 614 519 518 694 605 694 782 606 782 613 520 522 700 694 613 611 611 613 697 782 608 611

Tree=0
num_leaves=7
num_cat=0
split_feature=0 0 13 13 2 6
split_gain=99.082 10.0076 8.93722 6.438 6.27875 4.90901
threshold=0.39750000000000008 0.48750000000000004 0.077747310885762935 -0.092917970717696127 0.017262579304887008 5.3715213415303493
decision_type=2 2 8 10 2 2
left_child=2 4 3 -1 -2 -3
right_child=1 5 -4 -5 -6 -7
leaf_value=-0.054752297886148923 -0.029195754726061396 -0.027988423655375197 -0.059860582410869626 -0.041746492314034267 -0.040785770963057182 -0.034474031677493501
leaf_weight=196 156 963 335 202 432 415
leaf_count=196 156 963 335 202 432 415
internal_value=-0.03813 -0.0322679 -0.0537518 -0.0483411 -0.0377043 -0.0299397
internal_weight=2699 1966 733 398 588 1378
internal_count=2699 1966 733 398 588 1378
is_linear=0
shrinkage=1


Tree=1
num_leaves=7
num_cat=0
split_feature=0 0 13 2 13 6
split_gain=91.6026 9.25724 8.13705 5.94535 5.92479 4.4518
threshold=0.39750000000000008 0.48750000000000004 0.077747310885762935 0.017262579304887008 -0.092917970717696127 5.5921243929396782
decision_type=2 2 8 2 10 2
left_child=2 3 4 -2 -1 -3
right_child=1 5 -4 -5 -6 -7
leaf_value=-0.020924296070687215 0.0037674807428573231 0.0042032233799069096 -0.025773039056974301 -0.0075103443329066922 -0.0084417086580525266 -0.0034542241411512362
leaf_weight=196 156 1155 335 432 202 223
leaf_count=196 156 1155 335 432 202 223
internal_value=-0.00491987 0.000716753 -0.0199404 -0.00451173 -0.0147723 0.00295602
internal_weight=2699 1966 733 588 398 1378
internal_count=2699 1966 733 588 398 1378
is_linear=0
shrinkage=0.05


Tree=2
num_leaves=7
num_cat=0
split_feature=0 0 13 2 13 6
split_gain=84.6888 8.56346 7.4068 5.62977 5.45179 4.14444
threshold=0.39750000000000008 0.48750000000000004 0.077747310885762935 0.017262579304887008 -0.092917970717696127 5.3715213415303493
decision_type=2 2 8 2 10 2
left_child=2 3 4 -2 -1 -3
right_child=1 5 -4 -5 -6 -7
leaf_value=-0.020174767840560992 0.0036820700449973162 0.0046013255588217708 -0.024776228508528543 -0.0072920814804408865 -0.0081949830343181953 -0.0013574515407284102
leaf_weight=196 156 963 335 432 202 415
leaf_count=196 156 963 335 432 202 415
internal_value=-0.00476527 0.000654555 -0.0192079 -0.00437407 -0.0142717 0.00280835
internal_weight=2699 1966 733 588 398 1378
internal_count=2699 1966 733 588 398 1378
is_linear=0
shrinkage=0.05


Tree=3
num_leaves=7
num_cat=0
split_feature=0 0 13 13 13 9
split_gain=78.303 7.92937 6.75515 5.11747 4.504 3.53267
threshold=0.39750000000000008 0.48000000000000004 0.077747310885762935 -0.092917970717696127 0.085510949288249594 -0.017608384959224611
decision_type=2 2 10 10 8 2
left_child=2 5 3 -1 -3 -2
right_child=1 4 -4 -5 -6 -7
leaf_value=-0.019413708740810179 -0.00061303934421681121 0.0043901272431346103 -0.023988675799413293 -0.0079554678305335663 -0.0015764555334245444 -0.0088526117131691572
leaf_weight=207 264 988 324 202 461 253
leaf_count=207 264 988 324 202 461 253
internal_value=-0.00461497 0.000596594 -0.0185024 -0.0139191 0.00249296 -0.00469134
internal_weight=2699 1966 733 409 1449 517
internal_count=2699 1966 733 409 1449 517
is_linear=0
shrinkage=0.05


Tree=4
num_leaves=7
num_cat=0
split_feature=0 0 13 2 13 4
split_gain=72.4124 7.38539 6.14461 5.30561 4.70708 3.7808
threshold=0.39750000000000008 0.48750000000000004 0.077747310885762935 0.017262579304887008 -0.092917970717696127 0.030310889132455342
decision_type=2 2 10 2 10 2
left_child=2 3 4 -2 -1 -3
right_child=1 5 -4 -5 -6 -7
leaf_value=-0.018717745565018564 0.0036923732076372417 0.0048904741107542119 -0.023059023921250574 -0.006959157582005865 -0.0077229522564560898 -0.00036590620276437315
leaf_weight=207 156 761 324 432 202 617
leaf_count=207 156 761 324 432 202 617
internal_value=-0.00446797 0.0005438 -0.0178228 -0.00412594 -0.0134464 0.00254411
internal_weight=2699 1966 733 588 409 1378
internal_count=2699 1966 733 588 409 1378
is_linear=0
shrinkage=0.05


Tree=5
num_leaves=7
num_cat=0
split_feature=0 0 0 13 13 4
split_gain=66.9595 6.85581 5.93006 4.08383 3.80072 3.6133
threshold=0.39750000000000008 0.48000000000000004 0.34000000000000002 0.085510949288249594 0.047875630642505169 0.016747185015786498
decision_type=2 2 2 8 10 2
left_child=2 5 4 -3 -1 -2
right_child=1 3 -4 -5 -6 -7
leaf_value=-0.015126575653751693 0.0020082248244315958 0.0040633784355698878 -0.011713628447830863 -0.0016173336267183522 -0.025675734493865478 -0.0070928717545560892
leaf_weight=187 152 988 318 461 228 365
leaf_count=187 152 988 318 461 228 365
internal_value=-0.00432621 0.000493245 -0.0171684 0.00225671 -0.0211589 -0.00442351
internal_weight=2699 1966 733 1449 415 517
internal_count=2699 1966 733 1449 415 517
is_linear=0
shrinkage=0.05


Tree=6
num_leaves=7
num_cat=0
split_feature=0 0 0 12 6 13
split_gain=61.9566 6.36967 5.39498 5.20576 3.71488 3.41336
threshold=0.39750000000000008 0.48750000000000004 0.34000000000000002 -0.40274559933782944 5.5921243929396782 0.047875630642505169
decision_type=2 2 2 2 2 10
left_child=2 3 5 -2 -3 -1
right_child=1 4 -4 -5 -6 -7
leaf_value=-0.014614479709416629 -0.010011121589843542 0.0034455497986797634 -0.011332845005088547 -0.0003000214263442953 -0.0035457697247661523 -0.024639888024637117
leaf_weight=187 214 1155 318 374 223 228
leaf_count=187 214 1155 318 374 223 228
internal_value=-0.00418836 0.00044762 -0.0165414 -0.00388894 0.00230542 -0.0203502
internal_weight=2699 1966 733 588 1378 415
internal_count=2699 1966 733 588 1378 415
is_linear=0
shrinkage=0.05


Tree=7
num_leaves=7
num_cat=0
split_feature=0 0 0 4 4 13
split_gain=57.3088 5.93805 4.90714 3.72756 3.39486 3.0637
threshold=0.39750000000000008 0.48000000000000004 0.34000000000000002 0.030310889132455342 0.016747185015786498 0.047875630642505169
decision_type=2 2 2 2 2 10
left_child=2 4 5 -3 -2 -1
right_child=1 3 -4 -5 -6 -7
leaf_value=-0.014119717230399452 0.0020576562851097931 0.0043040394872813793 -0.010964440210684904 -0.00078649150007046188 -0.0067615962914518409 -0.023645834004418536
leaf_weight=187 152 804 318 645 365 228
leaf_count=187 152 804 318 645 365 228
internal_value=-0.00405694 0.000401831 -0.0159376 0.00204316 -0.00417383 -0.0195725
internal_weight=2699 1966 733 1449 517 415
internal_count=2699 1966 733 1449 517 415
is_linear=0
shrinkage=0.05


Tree=8
num_leaves=7
num_cat=0
split_feature=0 0 11 13 4 13
split_gain=53.072 5.6392 8.64824 4.46612 4.42312 3.78653
threshold=0.39750000000000008 0.54750000000000021 -0.89196473908028107 0.085510949288249594 0.026925824035672525 -0.092917970717696127
decision_type=2 2 2 8 2 10
left_child=3 2 -2 5 -3 -1
right_child=1 4 -4 -5 -6 -7
leaf_value=-0.01666696922696052 0.0086424369910720038 0.0073125205529336844 -0.0041023702207407271 -0.019873874444227953 0.00033383639298984949 -0.006863663486532264
leaf_weight=196 152 377 876 320 561 217
leaf_count=196 152 377 876 320 561 217
internal_value=-0.003923 0.000367838 -0.00218521 -0.0153561 0.0031626 -0.0116598
internal_weight=2699 1966 1028 733 938 413
internal_count=2699 1966 1028 733 938 413
is_linear=0
shrinkage=0.05


Tree=9
num_leaves=7
num_cat=0
split_feature=0 0 0 13 9 13
split_gain=49.1864 5.30394 4.33375 3.73491 3.28911 2.58419
threshold=0.39750000000000008 0.48000000000000004 0.34000000000000002 0.053926677347709895 -0.017608384959224611 0.047875630642505169
decision_type=2 2 2 8 2 10
left_child=2 4 5 -3 -2 -1
right_child=1 3 -4 -5 -6 -7
leaf_value=-0.013183060955877105 -5.5109003219462684e-05 0.0038476164592481004 -0.010125656393659373 -0.0013850366072422201 -0.0079945579171180736 -0.021954315836849134
leaf_weight=187 264 908 318 541 253 228
leaf_count=187 264 908 318 541 253 228
internal_value=-0.00378619 0.000344609 -0.0147928 0.0018959 -0.00397973 -0.018206
internal_weight=2699 1966 733 1449 517 415
internal_count=2699 1966 733 1449 517 415
is_linear=0
shrinkage=0.05


Tree=10
num_leaves=7
num_cat=0
split_feature=0 0 11 2 11 13
split_gain=45.555 4.95163 8.07774 4.07219 3.94524 3.85487
threshold=0.39750000000000008 0.54750000000000021 -0.89196473908028107 0.027928388277184121 -0.64097529512302087 0.12354342509753959
decision_type=2 2 2 2 2 8
left_child=4 2 -2 -3 -1 -6
right_child=1 3 -4 -5 5 -7
leaf_value=-0.0080629109626724604 0.0083867605894234528 0.0072206110311912267 -0.0039302859890880436 0.00041176917619120099 -0.013238752986255445 -0.022860505688661908
leaf_weight=205 152 344 876 594 356 172
leaf_count=205 152 344 876 594 356 172
internal_value=-0.00366048 0.000314958 -0.00207731 0.00293387 -0.014253 -0.0165582
internal_weight=2699 1966 1028 938 733 528
internal_count=2699 1966 1028 938 733 528
is_linear=0
shrinkage=0.05


Tree=11
num_leaves=7
num_cat=0
split_feature=0 0 0 5 9 3
split_gain=42.25 4.7528 3.85953 3.47366 3.08872 2.19351
threshold=0.39750000000000008 0.48000000000000004 0.34000000000000002 -0.0074999999999999503 -0.017608384959224611 -0.92847669088525964
decision_type=2 2 2 2 2 2
left_child=2 4 -1 -3 -2 -4
right_child=1 3 5 -5 -6 -7
leaf_value=-0.016949517684323449 6.3247064675540286e-06 0.0062244062711085592 -0.0048951527034794846 0.00042450723328684873 -0.0076863255842711574 -0.013387442837996656
leaf_weight=415 264 331 157 1118 253 161
leaf_count=415 264 331 157 1118 253 161
internal_value=-0.00353083 0.000297692 -0.0137319 0.00176625 -0.00379573 -0.00933539
internal_weight=2699 1966 733 1449 517 318
internal_count=2699 1966 733 1449 517 318
is_linear=0
shrinkage=0.05


Tree=12
num_leaves=7
num_cat=0
split_feature=0 0 11 4 11 13
split_gain=39.1328 4.44849 7.54229 3.77817 3.57154 3.3926
threshold=0.39750000000000008 0.54750000000000021 -0.89196473908028107 0.026925824035672525 -0.64097529512302087 0.12354342509753959
decision_type=2 2 2 2 2 8
left_child=4 2 -2 -3 -1 -6
right_child=1 3 -4 -5 5 -7
leaf_value=-0.0073570018580981673 0.0081144751447021594 0.006588389670369045 -0.0037872777184076128 0.00014016902989085909 -0.012311511662197907 -0.021329937917364521
leaf_weight=205 152 377 876 561 356 172
leaf_count=205 152 377 876 561 356 172
internal_value=-0.00341396 0.000270665 -0.00199673 0.00275302 -0.0132315 -0.0154219
internal_weight=2699 1966 1028 938 733 528
internal_count=2699 1966 1028 938 733 528
is_linear=0
shrinkage=0.05


Tree=13
num_leaves=7
num_cat=0
split_feature=0 0 12 0 5 13
split_gain=36.3253 4.27812 4.61032 3.45123 3.17331 2.01195
threshold=0.39750000000000008 0.48750000000000004 -0.40274559933782944 0.34000000000000002 -0.0074999999999999503 0.047875630642505169
decision_type=2 2 2 2 2 10
left_child=3 2 -2 5 -3 -1
right_child=1 4 -4 -5 -6 -7
leaf_value=-0.011372675979509951 -0.0090536350665027156 0.006287203963662758 8.0232719318218786e-05 -0.0085981406940395244 0.0005077052085779931 -0.019085234378028837
leaf_weight=187 214 300 374 318 1078 228
leaf_count=187 214 300 374 318 1078 228
internal_value=-0.00328865 0.000261341 -0.00329231 -0.0127474 0.00178412 -0.0157867
internal_weight=2699 1966 588 733 1378 415
internal_count=2699 1966 588 733 1378 415
is_linear=0
shrinkage=0.05


Tree=14
num_leaves=7
num_cat=0
split_feature=0 0 13 0 4 13
split_gain=33.6427 3.99978 3.4457 3.25307 3.21244 3.05328
threshold=0.39750000000000008 0.48000000000000004 0.085510949288249594 0.28000000000000008 0.016747185015786498 0.13232138617382141
decision_type=2 2 8 2 2 8
left_child=3 4 -3 -1 -2 -5
right_child=1 2 -4 5 -6 -7
leaf_value=-0.017762776806158721 0.0025313878135316691 0.0032450345342965705 -0.0019703239110566259 -0.0075006396273257199 -0.0060368766897433519 -0.016076562058541084
leaf_weight=202 152 988 461 381 365 150
leaf_count=202 152 988 461 381 365 150
internal_value=-0.00317902 0.000237408 0.0015847 -0.0122819 -0.00351766 -0.0100506
internal_weight=2699 1966 1449 733 517 531
internal_count=2699 1966 1449 733 517 531
is_linear=0
shrinkage=0.05


Tree=15
num_leaves=7
num_cat=0
split_feature=0 0 11 2 11 13
split_gain=31.1624 3.82342 7.03256 3.47631 3.22552 2.65594
threshold=0.39750000000000008 0.54750000000000021 -0.89196473908028107 0.027928388277184121 -0.64097529512302087 0.12354342509753959
decision_type=2 2 2 2 2 8
left_child=4 2 -2 -3 -1 -6
right_child=1 3 -4 -5 5 -7
leaf_value=-0.006282693332149869 0.0078777724390576617 0.0064786325246202403 -0.0036145005066467875 0.00018945750010779784 -0.01114720532108212 -0.019145559153314368
leaf_weight=205 152 344 876 594 356 172
leaf_count=205 152 344 876 594 356 172
internal_value=-0.00307149 0.000216623 -0.00188535 0.00251806 -0.0118323 -0.0139079
internal_weight=2699 1966 1028 938 733 528
internal_count=2699 1966 1028 938 733 528
is_linear=0
shrinkage=0.05


Tree=16
num_leaves=7
num_cat=0
split_feature=0 2 0 9 11 0
split_gain=28.9391 3.67892 6.1818 4.60924 2.9573 2.04295
threshold=0.39750000000000008 0.015000000000000008 0.54750000000000021 -1.0000000180025095e-35 -0.64097529512302087 0.29000000000000009
decision_type=2 2 2 2 2 2
left_child=4 3 -3 -2 -1 -6
right_child=1 2 -4 -5 5 -7
leaf_value=-0.0060822451114654549 0.010254953222559586 -0.0040913045095090144 0.0021489150202787907 -0.00060150521408234333 -0.018153056450057447 -0.010984045055971484
leaf_weight=205 181 761 819 205 166 362
leaf_count=205 181 761 819 205 166 362
internal_value=-0.00295663 0.00021201 -0.000860084 0.00455526 -0.0113992 -0.0133871
internal_weight=2699 1966 1580 386 733 528
internal_count=2699 1966 1580 386 733 528
is_linear=0
shrinkage=0.05


Tree=17
num_leaves=7
num_cat=0
split_feature=0 2 0 0 3 13
split_gain=26.8673 3.67105 4.04463 2.75549 1.9575 1.59132
threshold=0.39750000000000008 0.069436119150657769 0.54750000000000021 0.34000000000000002 -0.92847669088525964 0.047875630642505169
decision_type=2 2 2 2 2 10
left_child=3 2 -2 5 -5 -1
right_child=1 -3 -4 4 -6 -7
leaf_value=-0.0097907492890954018 -0.0013011337554634517 -0.0070085918185887513 0.0034361265538005617 -0.0031659240340009154 -0.011095657639474754 -0.01661700171462456
leaf_weight=187 990 157 819 157 161 228
leaf_count=187 990 157 819 157 161 228
internal_value=-0.00284948 0.000203627 0.000847156 -0.0109842 -0.00729028 -0.0136943
internal_weight=2699 1966 1809 733 318 415
internal_count=2699 1966 1809 733 318 415
is_linear=0
shrinkage=0.05


Tree=18
num_leaves=7
num_cat=0
split_feature=0 2 0 9 11 0
split_gain=24.9173 3.44726 5.79143 4.31475 2.69003 1.73929
threshold=0.39750000000000008 0.015000000000000008 0.48750000000000004 -1.0000000180025095e-35 -0.64097529512302087 0.32750000000000007
decision_type=2 2 2 2 2 2
left_child=4 3 -3 -2 -1 -6
right_child=1 2 -4 -5 5 -7
leaf_value=-0.0055216573817389349 0.0099130824113124478 -0.0055929252433568177 0.0010757819138671168 -0.00059064306983990335 -0.015430999574837862 -0.0092617343165981234
leaf_weight=205 181 452 1128 205 265 263
leaf_count=205 181 452 1128 205 265 263
internal_value=-0.00274607 0.000194162 -0.0008436 0.00439846 -0.01058 -0.0124738
internal_weight=2699 1966 1580 386 733 528
internal_count=2699 1966 1580 386 733 528
is_linear=0
shrinkage=0.05


Tree=19
num_leaves=6
num_cat=0
split_feature=0 2 0 11 13
split_gain=23.0915 3.35896 3.61352 2.46898 2.1395
threshold=0.39750000000000008 0.069436119150657769 0.54750000000000021 -0.64097529512302087 0.12354342509753959
decision_type=2 2 2 2 8
left_child=3 2 -2 -1 -5
right_child=1 -3 -4 4 -6
leaf_value=-0.0053454897091502239 -0.0012370343843297145 -0.0067208805914830277 0.0032406334714959514 -0.0095464899764496867 -0.016691421199653108
leaf_weight=205 990 157 819 356 172
leaf_count=205 990 157 819 356 172
internal_value=-0.00265258 0.000177905 0.000793513 -0.0101941 -0.0120088
internal_weight=2699 1966 1809 733 528
internal_count=2699 1966 1809 733 528
is_linear=0
shrinkage=0.05


Tree=20
num_leaves=7
num_cat=0
split_feature=0 2 0 9 0 7
split_gain=21.4287 3.24818 5.30707 4.04684 2.35125 2.57198
threshold=0.39750000000000008 0.015000000000000008 0.48750000000000004 -1.0000000180025095e-35 0.28000000000000008 -0.058141467195750605
decision_type=2 2 2 2 2 2
left_child=4 3 -3 -2 -1 -6
right_child=1 2 -4 -5 5 -7
leaf_value=-0.014461290605978115 0.009592856682075929 -0.005382606628426316 0.0010012060209832567 -0.0005793923946718375 -0.011063028997443741 -0.0039685628697520396
leaf_weight=202 181 452 1128 205 292 239
leaf_count=202 181 452 1128 205 292 239
internal_value=-0.00255563 0.000171037 -0.000836268 0.00425217 -0.00982051 -0.00793666
internal_weight=2699 1966 1580 386 733 531
internal_count=2699 1966 1580 386 733 531
is_linear=0
shrinkage=0.05


Tree=21
num_leaves=7
num_cat=0
split_feature=0 2 0 9 11 0
split_gain=19.85 3.0632 4.9792 3.79629 2.25296 1.43543
threshold=0.39750000000000008 0.015000000000000008 0.48750000000000004 -1.0000000180025095e-35 -0.64097529512302087 0.32750000000000007
decision_type=2 2 2 2 2 2
left_child=4 3 -3 -2 -1 -6
right_child=1 2 -4 -5 5 -7
leaf_value=-0.0048402194465909688 0.0092924071896460757 -0.0052253687407829569 0.00095812680408529553 -0.00055994161670761455 -0.013874138571597911 -0.008280021530478748
leaf_weight=205 181 452 1128 205 265 263
leaf_count=205 181 452 1128 205 265 263
internal_value=-0.00246788 0.000156451 -0.000821726 0.00411969 -0.00946004 -0.0111915
internal_weight=2699 1966 1580 386 733 528
internal_count=2699 1966 1580 386 733 528
is_linear=0
shrinkage=0.05


Tree=22
num_leaves=6
num_cat=0
split_feature=0 11 0 13 11
split_gain=18.4136 3.00999 5.61182 2.0856 2.39835
threshold=0.39750000000000008 -0.91428340587396184 0.54750000000000021 0.17145552223283581 -0.65745743203182327
decision_type=2 2 2 10 2
left_child=3 -2 -3 4 -1
right_child=1 2 -4 -5 -6
leaf_value=-0.0021961468973277528 0.0051382640049657752 -0.0033652091039670425 0.0023529212367794103 -0.014048470134679983 -0.0095411734416467522
leaf_weight=157 257 887 822 168 408
leaf_count=157 257 887 822 168 408
internal_value=-0.0023803 0.000147298 -0.000616045 -0.00911472 -0.00753733
internal_weight=2699 1966 1709 733 565
internal_count=2699 1966 1709 733 565
is_linear=0
shrinkage=0.05


Tree=23
num_leaves=5
num_cat=0
split_feature=5 8 13 13
split_gain=6.91518 3.48373 6.19523 3.65688
threshold=-0.12000000000000001 0.27414229417610386 0.049055528561576765 -0.15701682047158114
decision_type=2 2 10 10
left_child=-1 2 -2 -3
right_child=1 3 -4 -5
leaf_value=-0.010016006640805543 -0.0006471021645108369 -0.0042658734577618049 -0.013432708194573659 0.00058995992300171253
leaf_weight=257 238 513 153 1538
leaf_count=257 238 513 153 1538
internal_value=-0.00229409 -0.00146262 -0.0057566 -0.000632011
internal_weight=2699 2442 391 2051
internal_count=2699 2442 391 2051
is_linear=0
shrinkage=0.05


Tree=24
num_leaves=7
num_cat=0
split_feature=0 13 2 7 11 3
split_gain=16.7579 3.14465 5.53888 4.34597 2.50774 2.18544
threshold=0.39000000000000007 0.047875630642505169 0.030321195454330773 -0.72096227521762979 -0.70890426025107844 -0.92847669088525964
decision_type=2 8 2 2 2 2
left_child=4 2 -2 -3 -1 -6
right_child=1 3 -4 -5 5 -7
leaf_value=-0.0035921538526984468 0.0050343379126117247 0.0022584427519472218 -0.0017156178045351772 -0.0051855047426280186 -0.0076667350551036934 -0.014576740075119943
leaf_weight=169 608 316 599 502 287 218
leaf_count=169 608 316 599 502 287 218
internal_value=-0.00220733 7.17858e-05 0.00169127 -0.0023136 -0.00900491 -0.0107633
internal_weight=2699 2025 1207 818 674 505
internal_count=2699 2025 1207 818 674 505
is_linear=0
shrinkage=0.05


Tree=25
num_leaves=7
num_cat=0
split_feature=0 13 2 7 13 13
split_gain=15.5783 3.44185 4.94285 3.55454 1.84498 3.28776
threshold=0.38000000000000006 0.047875630642505169 0.030321195454330773 -0.72096227521762979 -0.095191875768666875 0.077747310885762935
decision_type=2 8 2 2 8 8
left_child=4 2 -2 -3 -1 -6
right_child=1 3 -4 -5 5 -7
leaf_value=-0.013661216957840379 0.0047718461915850644 0.0015603209531540613 -0.0015274319839678778 -0.0050785677212660842 -0.0015768369561747501 -0.010406357294141648
leaf_weight=162 620 327 617 513 166 294
leaf_count=162 620 327 617 513 166 294
internal_value=-0.00212385 -3.85833e-05 0.00163635 -0.0025002 -0.0090312 -0.00727127
internal_weight=2699 2077 1237 840 622 460
internal_count=2699 2077 1237 840 622 460
is_linear=0
shrinkage=0.05


Tree=26
num_leaves=6
num_cat=0
split_feature=0 11 0 0 7
split_gain=14.5329 2.82997 5.24572 1.8218 2.30711
threshold=0.39750000000000008 -0.91428340587396184 0.54750000000000021 0.28000000000000008 -0.058141467195750605
decision_type=2 2 2 2 2
left_child=3 -2 -3 -1 -5
right_child=1 2 -4 4 -6
leaf_value=-0.012090649452186438 0.0050443062629863507 -0.0031934367634790361 0.002334958477511083 -0.0093292994079766448 -0.002653765055488368
leaf_weight=202 257 887 822 292 239
leaf_count=202 257 887 822 292 239
internal_value=-0.00204031 0.000205009 -0.000535318 -0.00802315 -0.00637746
internal_weight=2699 1966 1709 733 531
internal_count=2699 1966 1709 733 531
is_linear=0
shrinkage=0.05


Tree=27
num_leaves=5
num_cat=0
split_feature=5 8 13 6
split_gain=5.56846 3.19043 6.19541 3.95526
threshold=-0.12000000000000001 0.37329720602829247 0.049055528561576765 5.5873048280066842
decision_type=2 2 10 2
left_child=-1 2 -2 -3
right_child=1 3 -4 -5
leaf_value=-0.0088959288278608831 -0.0002388550649615812 0.00102844196880548 -0.0099945808125048111 -0.0050231769678171683
leaf_weight=257 408 1441 266 327
leaf_count=257 408 1441 266 327
internal_value=-0.00196689 -0.00122098 -0.00413428 -0.000101843
internal_weight=2699 2442 674 1768
internal_count=2699 2442 674 1768
is_linear=0
shrinkage=0.05


Tree=28
num_leaves=6
num_cat=0
split_feature=0 2 11 11 13
split_gain=13.1285 2.97502 2.82428 1.75819 1.3944
threshold=0.39750000000000008 0.069436119150657769 -0.85613558452664196 -0.64097529512302087 0.12354342509753959
decision_type=2 2 2 2 8
left_child=3 2 -2 -1 -5
right_child=1 -3 -4 4 -6
leaf_value=-0.0035295350778670543 0.0051158861775847178 -0.006251640390190813 -8.551397894373435e-05 -0.0071346509489656484 -0.012862475039595265
leaf_weight=205 311 157 1498 356 172
leaf_count=205 311 157 1498 356 172
internal_value=-0.0018928 0.00024116 0.000820338 -0.00757923 -0.00910369
internal_weight=2699 1966 1809 733 528
internal_count=2699 1966 1809 733 528
is_linear=0
shrinkage=0.05


Tree=29
num_leaves=7
num_cat=0
split_feature=0 0 6 5 11 3
split_gain=12.2434 2.86177 3.97083 3.40706 1.21084 1.93951
threshold=0.38000000000000006 0.48000000000000004 4.7075010671715285 -0.0074999999999999503 -0.67733084906237895 -0.92847669088525964
decision_type=2 2 2 2 2 2
left_child=4 2 -2 -3 -1 -6
right_child=1 3 -4 -5 5 -7
leaf_value=-0.0041201194358426478 0.0036483866924589335 0.0056661414825135755 -0.0051941918733316066 -7.5377024650467587e-05 -0.0062336764351496677 -0.013028741915627282
leaf_weight=167 171 331 457 1118 258 197
leaf_count=167 171 331 457 1118 258 197
internal_value=-0.00181892 2.95747e-05 -0.00277662 0.00125115 -0.00794246 -0.00928535
internal_weight=2699 2077 628 1449 622 455
internal_count=2699 2077 628 1449 622 455
is_linear=0
shrinkage=0.05


Tree=30
num_leaves=7
num_cat=0
split_feature=0 13 2 2 13 13
split_gain=11.3333 3.05628 5.64321 2.56314 1.89103 2.69046
threshold=0.38000000000000006 0.072466358839533132 0.030321195454330773 0.033457060731006086 -0.095191875768666875 0.085510949288249594
decision_type=2 8 2 2 8 8
left_child=4 2 -2 -3 -1 -6
right_child=1 3 -4 -5 5 -7
leaf_value=-0.012289622997095486 0.0046612153567120633 -0.0051079946153975552 -0.0018017837896391201 0.00082722332166588824 -0.0010813736432307476 -0.0089231011114622432
leaf_weight=162 672 418 670 317 180 280
leaf_count=162 672 418 670 317 180 280
internal_value=-0.0017568 2.16729e-05 0.00143982 -0.00255989 -0.00764833 -0.00589922
internal_weight=2699 2077 1342 735 622 460
internal_count=2699 2077 1342 735 622 460
is_linear=0
shrinkage=0.05


Tree=31
num_leaves=6
num_cat=0
split_feature=0 11 0 6 12
split_gain=10.5768 2.52364 4.81807 1.54506 2.93492
threshold=0.39750000000000008 -0.91428340587396184 0.54750000000000021 5.4942541398213978 0.64278586920463032
decision_type=2 2 2 2 2
left_child=3 -2 -3 4 -1
right_child=1 2 -4 -5 -6
leaf_value=-0.0026246558771936936 0.004797945979214807 -0.0030186385116769596 0.0022795740875360326 -0.010459473265229531 -0.010599903907926603
leaf_weight=357 257 887 822 207 169
leaf_count=357 257 887 822 207 169
internal_value=-0.00168723 0.00022813 -0.000471072 -0.00679122 -0.00526273
internal_weight=2699 1966 1709 733 526
internal_count=2699 1966 1709 733 526
is_linear=0
shrinkage=0.05


Tree=32
num_leaves=7
num_cat=0
split_feature=0 2 0 9 11 3
split_gain=9.80828 2.74437 3.90278 3.73218 1.51702 1.16951
threshold=0.39750000000000008 0.015000000000000008 0.48750000000000004 -1.0000000180025095e-35 -0.64097529512302087 -0.92847669088525964
decision_type=2 2 2 2 2 2
left_child=4 3 -3 -2 -1 -6
right_child=1 2 -4 -5 5 -7
leaf_value=-0.0027987588161513918 0.0090981379301557624 -0.0046068703450050609 0.00086754890354407755 -0.00066827974237856414 -0.0056546651155261673 -0.010583720751750618
leaf_weight=205 181 452 1128 205 290 238
leaf_count=205 181 452 1128 205 290 238
internal_value=-0.00162655 0.000217914 -0.000708143 0.00396909 -0.00654161 -0.00795492
internal_weight=2699 1966 1580 386 733 528
internal_count=2699 1966 1580 386 733 528
is_linear=0
shrinkage=0.05


Tree=33
num_leaves=7
num_cat=0
split_feature=0 13 2 7 13 13
split_gain=9.13444 2.84897 5.2609 3.55947 1.74427 2.42176
threshold=0.38000000000000006 0.072466358839533132 0.030321195454330773 -0.72096227521762979 -0.095191875768666875 0.085510949288249594
decision_type=2 8 2 2 8 8
left_child=4 2 -2 -3 -1 -6
right_child=1 3 -4 -5 5 -7
leaf_value=-0.011304829024269197 0.0045052540649493473 0.0014853153687257035 -0.0017349951162382408 -0.0054955704062290139 -0.0006314193960782644 -0.0080582453284347277
leaf_weight=162 672 320 670 415 180 280
leaf_count=162 672 320 670 415 180 280
internal_value=-0.00157093 2.57076e-05 0.0013949 -0.00246677 -0.00686016 -0.00519013
internal_weight=2699 2077 1342 735 622 460
internal_count=2699 2077 1342 735 622 460
is_linear=0
shrinkage=0.05


Tree=34
num_leaves=7
num_cat=0
split_feature=0 0 6 13 7 2
split_gain=8.63733 2.87243 3.40451 2.63638 4.65261 3.77177
threshold=0.48000000000000004 0.34000000000000002 4.7075010671715285 0.085510949288249594 -0.72096227521762979 0.030321195454330773
decision_type=2 2 2 8 2 2
left_child=1 -1 -3 5 -5 -2
right_child=3 2 -4 4 -6 -7
leaf_value=-0.007925470329466321 0.0057781419136895325 0.0024089879213982797 -0.0047479459580469438 0.0033913139715243917 -0.0065835063769058748 -0.00038619953316713251
leaf_weight=415 472 224 611 213 248 516
leaf_count=415 472 224 611 213 248 516
internal_value=-0.00150634 -0.00454325 -0.00282509 0.00112011 -0.00198781 0.00257297
internal_weight=2699 1250 835 1449 461 988
internal_count=2699 1250 835 1449 461 988
is_linear=0
shrinkage=0.05


Tree=35
num_leaves=7
num_cat=0
split_feature=0 5 11 11 0 6
split_gain=8.05657 3.23688 3.87746 2.83999 2.63876 3.21208
threshold=0.48000000000000004 -0.0074999999999999503 0.67368457498306267 0.12803833518651445 0.34000000000000002 4.7075010671715285
decision_type=2 2 2 2 2 2
left_child=4 3 -3 -2 -1 -6
right_child=1 2 -4 -5 5 -7
leaf_value=-0.0076254347073180344 0.0099873122537419909 0.0016717452993616462 -0.0047836230925806774 0.00076879858109303297 0.0023474482664895373 -0.0046041958832315037
leaf_weight=415 163 795 323 168 224 611
leaf_count=415 163 795 323 168 224 611
internal_value=-0.00145047 0.00108613 -0.000206262 0.0053895 -0.00438351 -0.00273645
internal_weight=2699 1449 1118 331 1250 835
internal_count=2699 1449 1118 331 1250 835
is_linear=0
shrinkage=0.05


Tree=36
num_leaves=7
num_cat=0
split_feature=0 5 11 11 0 6
split_gain=7.4856 3.00016 3.58193 2.63024 2.42479 3.02957
threshold=0.48000000000000004 -0.0074999999999999503 0.67368457498306267 0.12803833518651445 0.34000000000000002 4.7075010671715285
decision_type=2 2 2 2 2 2
left_child=4 3 -3 -2 -1 -6
right_child=1 2 -4 -5 5 -7
leaf_value=-0.0073367574456192205 0.0096111904741043152 0.0016041969778016211 -0.0046002951706191749 0.00073962379139282802 0.0022874806515514592 -0.0044636862739533571
leaf_weight=415 163 795 323 168 224 611
leaf_count=415 163 795 323 168 224 611
internal_value=-0.00140168 0.00104339 -0.000200836 0.00518641 -0.00422887 -0.00264976
internal_weight=2699 1449 1118 331 1250 835
internal_count=2699 1449 1118 331 1250 835
is_linear=0
shrinkage=0.05


Tree=37
num_leaves=7
num_cat=0
split_feature=0 5 6 13 13 13
split_gain=6.96324 2.77967 3.54124 2.39955 3.29839 2.14406
threshold=0.48000000000000004 -0.0074999999999999503 4.4124949947576324 -0.16508464693092448 0.047875630642505169 0.0065966324002792835
decision_type=2 2 2 8 10 8
left_child=3 5 -3 -1 -5 -2
right_child=1 2 -4 4 -6 -7
leaf_value=-0.0084794976472854621 0.0088946336187249019 -0.007158755719851537 0.00093494479666271241 0.00041132758996065928 -0.005381451274378825 0.00087456309054730205
leaf_weight=245 167 152 966 420 585 164
leaf_count=245 167 152 966 420 585 164
internal_value=-0.00135301 0.00100522 -0.000192425 -0.00407977 -0.00297054 0.00499309
internal_weight=2699 1449 1118 1250 1005 331
internal_count=2699 1449 1118 1250 1005 331
is_linear=0
shrinkage=0.05


Tree=38
num_leaves=6
num_cat=0
split_feature=0 2 11 4 13
split_gain=6.51264 2.52147 2.33533 1.52987 2.65872
threshold=0.39750000000000008 0.069436119150657769 -0.85613558452664196 0.022776083947860785 0.072466358839533132
decision_type=2 2 2 2 10
left_child=3 2 -2 -1 -5
right_child=1 -3 -4 4 -6
leaf_value=-0.008861790891360799 0.0046346571826953679 -0.0057820059979955358 -9.5065996789448439e-05 -0.00052614340565048951 -0.0076811340189379129
leaf_weight=213 311 157 1498 286 234
leaf_count=213 311 157 1498 286 234
internal_value=-0.00130761 0.000195323 0.000728593 -0.0053127 -0.00378838
internal_weight=2699 1966 1809 733 520
internal_count=2699 1966 1809 733 520
is_linear=0
shrinkage=0.05


Tree=39
num_leaves=7
num_cat=0
split_feature=0 6 8 8 13 13
split_gain=6.18364 2.69695 5.0486 3.69537 2.29272 3.03315
threshold=0.48000000000000004 5.3715213415303493 0.61689345076386204 0.39508544933386458 -0.16508464693092448 0.20405340418736401
decision_type=2 2 2 2 8 10
left_child=4 3 -3 -2 -1 -6
right_child=1 2 -4 -5 5 -7
leaf_value=-0.0081226516723632829 -0.0020092155648491665 0.0021820965255128929 -0.0086610632495639113 0.0044312491675774597 -0.0014335895518222488 -0.008530880575244492
leaf_weight=245 324 256 178 691 825 180
leaf_count=245 324 256 178 691 825 180
internal_value=-0.0012541 0.000968136 -0.00231309 0.00237561 -0.00382371 -0.00274069
internal_weight=2699 1449 434 1015 1250 1005
internal_count=2699 1449 434 1015 1250 1005
is_linear=0
shrinkage=0.05


Tree=40
num_leaves=7
num_cat=0
split_feature=0 5 6 11 6 6
split_gain=5.7464 2.55518 3.29062 2.44706 2.18596 3.03739
threshold=0.48000000000000004 -0.0074999999999999503 4.4124949947576324 0.12803833518651445 4.7075010671715285 5.1161957735632271
decision_type=2 2 2 2 2 2
left_child=4 3 -3 -2 -1 -6
right_child=1 2 -4 -5 5 -7
leaf_value=-3.3479291029250662e-05 0.0090171300229572125 -0.0069370143590079744 0.00086507148825852196 0.00046839422056440681 -0.0089339252179249738 -0.0028702366421930491
leaf_weight=308 163 152 966 168 307 635
leaf_count=308 163 152 966 168 307 635
internal_value=-0.00121599 0.000926261 -0.00022184 0.00474973 -0.00369308 -0.00488314
internal_weight=2699 1449 1118 331 1250 942
internal_count=2699 1449 1118 331 1250 942
is_linear=0
shrinkage=0.05


Tree=41
num_leaves=6
num_cat=0
split_feature=0 12 8 13 13
split_gain=5.48639 2.37667 3.36824 1.59317 1.778
threshold=0.38000000000000006 0.96865887324263833 0.3706480829037207 -0.095191875768666875 0.085510949288249594
decision_type=2 2 2 8 8
left_child=3 2 -2 -1 -5
right_child=1 -3 -4 4 -6
leaf_value=-0.0094948600687666581 -0.0039126296664912016 0.0059563406283342389 0.00082603681616877269 0.00018185175753928523 -0.0061607352997127334
leaf_weight=162 504 153 1420 180 280
leaf_count=162 504 153 1420 180 280
internal_value=-0.00117645 6.08433e-05 -0.000422201 -0.00527561 -0.00370358
internal_weight=2699 2077 1924 622 460
internal_count=2699 2077 1924 622 460
is_linear=0
shrinkage=0.05


Tree=42
num_leaves=6
num_cat=0
split_feature=0 9 8 7 9
split_gain=5.11449 2.21243 3.16207 1.23649 0.363983
threshold=0.34750000000000003 -1.4924867071133083 0.27414229417610386 -0.49338331004152386 0.56595564843413793
decision_type=2 2 2 2 2
left_child=3 -2 -3 -1 -5
right_child=1 2 -4 4 -6
leaf_value=-0.0021814095271620779 -0.0055151907506130514 -0.0041592315264471309 0.0011561281773363791 -0.0096442346803603651 -0.0056947396935955177
leaf_weight=152 172 328 1747 150 150
leaf_count=152 172 328 1747 150 150
internal_value=-0.00113007 -0.000149057 0.000307939 -0.00595191 -0.00779522
internal_weight=2699 2247 2075 452 300
internal_count=2699 2247 2075 452 300
is_linear=0
shrinkage=0.05


Tree=43
num_leaves=7
num_cat=0
split_feature=0 6 8 5 13 6
split_gain=4.93404 2.55523 4.74796 3.36243 2.09381 2.85088
threshold=0.48000000000000004 5.3715213415303493 0.61689345076386204 -0.01499999999999997 -0.16508464693092448 4.7875750691717078
decision_type=2 2 2 2 8 2
left_child=4 3 -3 -2 -1 -6
right_child=1 2 -4 -5 5 -7
leaf_value=-0.0074872588992118839 0.0081936986291224201 0.002065142922788516 -0.008450720966106556 0.00087190246261055569 0.0016947854273870638 -0.0040853964448985406
leaf_weight=245 189 256 178 826 302 703
leaf_count=245 189 256 178 826 302 703
internal_value=-0.00108629 0.000898658 -0.00229494 0.00226875 -0.00338165 -0.00234867
internal_weight=2699 1449 434 1015 1250 1005
internal_count=2699 1449 434 1015 1250 1005
is_linear=0
shrinkage=0.05


Tree=44
num_leaves=7
num_cat=0
split_feature=0 13 7 2 13 13
split_gain=4.59757 2.3712 4.28188 3.41152 1.95257 2.6851
threshold=0.48000000000000004 0.085510949288249594 -0.72096227521762979 0.030321195454330773 -0.16508464693092448 0.20405340418736401
decision_type=2 8 2 2 8 10
left_child=4 3 -3 -2 -1 -6
right_child=1 2 -4 -5 5 -7
leaf_value=-0.0072311945438385018 0.0052920639575449301 0.003082018839451698 -0.0064886687978689857 -0.00056888082649222721 -0.0010413180632763599 -0.0077153004665632512
leaf_weight=245 472 213 248 516 825 180
leaf_count=245 472 213 248 516 825 180
internal_value=-0.00105076 0.000865319 -0.00208102 0.00224363 -0.00326647 -0.00226894
internal_weight=2699 1449 461 988 1250 1005
internal_count=2699 1449 461 988 1250 1005
is_linear=0
shrinkage=0.05


Tree=45
num_leaves=5
num_cat=0
split_feature=0 9 8 5
split_gain=4.33981 2.05559 2.97393 1.19399
threshold=0.34750000000000003 -1.4924867071133083 0.27414229417610386 -0.060000000000000032
decision_type=2 2 2 2
left_child=3 -2 -3 -1
right_child=1 2 -4 -5
leaf_value=-0.0034628772195553618 -0.0052806789697395209 -0.0040001115227515276 0.001154727798532567 -0.0089042307127539713
leaf_weight=293 172 328 1747 159
leaf_count=293 172 328 1747 159
internal_value=-0.00101178 -0.000108186 0.000332234 -0.00545346
internal_weight=2699 2247 2075 452
internal_count=2699 2247 2075 452
is_linear=0
shrinkage=0.05


Tree=46
num_leaves=7
num_cat=0
split_feature=0 6 8 8 11 13
split_gain=4.14649 2.36015 4.42901 3.22282 2.00547 2.3858
threshold=0.48000000000000004 5.3715213415303493 0.61689345076386204 0.61287576854054182 -0.91428340587396184 0.20405340418736401
decision_type=2 2 2 2 2 8
left_child=4 3 -3 -2 -1 -6
right_child=1 2 -4 -5 5 -7
leaf_value=0.0018448027637269764 0.00044919054293743923 0.0019893220470597345 -0.0081672544728537081 0.0067788653602094753 -0.0028476236166198399 -0.0093381669503801012
leaf_weight=175 744 256 178 271 910 165
leaf_count=175 744 256 178 271 910 165
internal_value=-0.000972257 0.000847329 -0.00222186 0.00216413 -0.00307649 -0.00388247
internal_weight=2699 1449 434 1015 1250 1075
internal_count=2699 1449 434 1015 1250 1075
is_linear=0
shrinkage=0.05


Tree=47
num_leaves=7
num_cat=0
split_feature=0 5 11 11 11 13
split_gain=3.85453 2.1746 3.22441 2.32999 1.87944 2.1915
threshold=0.48000000000000004 -0.0074999999999999503 0.67368457498306267 0.12803833518651445 -0.91428340587396184 0.20405340418736401
decision_type=2 2 2 2 2 8
left_child=4 3 -3 -2 -1 -6
right_child=1 2 -4 -5 5 -7
leaf_value=0.0017950437880224655 0.008505261826905466 0.0014680925733409822 -0.0044186643908288694 0.00017265130501951096 -0.0027571453194800625 -0.0089783728473326746
leaf_weight=175 163 795 323 168 910 165
leaf_count=175 163 795 323 168 910 165
internal_value=-0.000940125 0.00081424 -0.000244744 0.00434153 -0.00296893 -0.00374918
internal_weight=2699 1449 1118 331 1250 1075
internal_count=2699 1449 1118 331 1250 1075
is_linear=0
shrinkage=0.05


Tree=48
num_leaves=6
num_cat=0
split_feature=0 11 0 7 9
split_gain=3.65352 1.90106 2.6406 1.19484 0.356407
threshold=0.34750000000000003 -0.95442499387967472 0.54750000000000021 -0.49338331004152386 0.56595564843413793
decision_type=2 2 2 2 2
left_child=3 -2 -3 -1 -5
right_child=1 2 -4 4 -6
leaf_value=-0.0013128123275793283 0.0043483632799561174 -0.002083999216808258 0.0015579472677576182 -0.0085798907376104776 -0.0047820123837840171
leaf_weight=152 214 1179 854 150 150
leaf_count=152 214 1179 854 150 150
internal_value=-0.000907579 -7.85465e-05 -0.000554062 -0.00498295 -0.00679048
internal_weight=2699 2247 2033 452 300
internal_count=2699 2247 2033 452 300
is_linear=0
shrinkage=0.05


Tree=49
num_leaves=5
num_cat=0
split_feature=0 9 8 5
split_gain=3.37781 1.90027 2.72778 1.11524
threshold=0.34750000000000003 -1.4924867071133083 0.27414229417610386 -0.060000000000000032
decision_type=2 2 2 2
left_child=3 -2 -3 -1
right_child=1 2 -4 -5
leaf_value=-0.0028850083633157231 -0.0050536893097694316 -0.003806281915387592 0.0011306547587705547 -0.008122577863495524
leaf_weight=293 172 328 1747 159
leaf_count=293 172 328 1747 159
internal_value=-0.00087756 -8.0412e-05 0.000342988 -0.00479614
internal_weight=2699 2247 2075 452
internal_count=2699 2247 2075 452
is_linear=0
shrinkage=0.05


Tree=50
num_leaves=7
num_cat=0
split_feature=0 6 8 5 13 6
split_gain=3.23161 2.24547 4.10264 2.98758 1.90956 2.58277
threshold=0.48000000000000004 5.3715213415303493 0.61689345076386204 -0.01499999999999997 -0.16508464693092448 4.7875750691717078
decision_type=2 2 2 2 8 2
left_child=4 3 -3 -2 -1 -6
right_child=1 2 -4 -5 5 -7
leaf_value=-0.0066168668150901793 0.0076328639901175948 0.0018247534169447948 -0.0079513748303625762 0.0007321136471256166 0.0021255196791130095 -0.0033718227140479167
leaf_weight=245 189 256 178 826 302 703
leaf_count=245 189 256 178 826 302 703
internal_value=-0.000842682 0.000763632 -0.00222971 0.0020482 -0.00270034 -0.00171754
internal_weight=2699 1449 434 1015 1250 1005
internal_count=2699 1449 434 1015 1250 1005
is_linear=0
shrinkage=0.05


Tree=51
num_leaves=7
num_cat=0
split_feature=13 13 7 13 3 5
split_gain=2.41982 4.47174 3.40415 2.75605 2.01255 1.92449
threshold=0.047875630642505169 -0.016960996851818323 -0.72096227521762979 0.23852459056042569 -1.128881198223852 0.044999999999999964
decision_type=8 10 2 10 2 2
left_child=1 4 3 -2 -1 -4
right_child=2 -3 5 -5 -6 -7
leaf_value=0.0034148574656274119 0.0041438753876501498 0.0059937825851492437 -0.006119446824867647 -0.0036596648166982494 -0.0017737836256057169 -5.2917222518705375e-05
leaf_weight=224 263 293 541 191 1015 172
leaf_count=224 263 293 541 191 1015 172
internal_value=-0.000813029 0.000493748 -0.00252331 0.000856785 -0.000825769 -0.00466655
internal_weight=2699 1532 1167 454 1239 713
internal_count=2699 1532 1167 454 1239 713
is_linear=0
shrinkage=0.05


Tree=52
num_leaves=7
num_cat=0
split_feature=0 6 8 8 13 6
split_gain=2.99052 2.05806 3.76957 2.86801 1.81675 2.42049
threshold=0.48000000000000004 5.3715213415303493 0.61689345076386204 0.61287576854054182 -0.16508464693092448 4.7875750691717078
decision_type=2 2 2 2 8 2
left_child=4 3 -3 -2 -1 -6
right_child=1 2 -4 -5 5 -7
leaf_value=-0.0063849062681198129 0.00037923064654834756 0.0017868898332590003 -0.0075836062176875734 0.0063499482429545855 0.0021127743130786411 -0.00320866864364026
leaf_weight=245 744 256 178 271 302 703
leaf_count=245 744 256 178 271 302 703
internal_value=-0.000778156 0.000766993 -0.00209891 0.0019967 -0.00256521 -0.00160705
internal_weight=2699 1449 434 1015 1250 1005
internal_count=2699 1449 434 1015 1250 1005
is_linear=0
shrinkage=0.05


Tree=53
num_leaves=6
num_cat=0
split_feature=0 3 9 0 11
split_gain=2.83783 1.9077 4.31294 2.84854 0.803492
threshold=0.34000000000000002 -0.99999999999999567 -0.82620694571903364 0.54750000000000021 0.26933095989685568
decision_type=2 2 2 2 2
left_child=4 2 -2 -3 -1
right_child=1 3 -4 -5 -6
leaf_value=-0.0027094570441721045 -0.0042548815761843037 -0.0027128829791999397 0.0058163611773858993 0.0012618339710329029 -0.0072866793812775034
leaf_weight=256 150 936 337 861 159
leaf_count=256 150 936 337 861 159
internal_value=-0.00075169 -5.69619e-05 0.00270262 -0.000810252 -0.00452901
internal_weight=2699 2284 487 1797 415
internal_count=2699 2284 487 1797 415
is_linear=0
shrinkage=0.05


Tree=54
num_leaves=7
num_cat=0
split_feature=0 2 9 0 4 13
split_gain=2.65971 2.51042 3.58492 2.48396 1.34238 2.13078
threshold=0.39750000000000008 0.015000000000000008 -1.0000000180025095e-35 0.54750000000000021 0.022776083947860785 0.04320487751197135
decision_type=2 2 2 2 2 10
left_child=4 2 -2 -3 -1 -6
right_child=1 3 -4 -5 5 -7
leaf_value=-0.0065863738195338379 0.0088501993747007457 -0.0026982440766404256 -0.00072025522767078321 0.0012575767628590856 0.0013477628467647176 -0.0050036851149886409
leaf_weight=213 181 761 205 819 257 263
leaf_count=213 181 761 205 819 257 263
internal_value=-0.000724642 0.000235551 0.00382323 -0.000650228 -0.00328415 -0.00188166
internal_weight=2699 1966 386 1580 733 520
internal_count=2699 1966 386 1580 733 520
is_linear=0
shrinkage=0.05


Tree=55
num_leaves=6
num_cat=0
split_feature=0 3 9 3 11
split_gain=2.47284 1.85367 4.04358 2.62323 0.74059
threshold=0.34000000000000002 -0.99999999999999567 -0.82620694571903364 0.22941573387056446 0.26933095989685568
decision_type=2 2 2 2 2
left_child=4 2 -2 -3 -1
right_child=1 3 -4 -5 -6
leaf_value=-0.0024794737983252356 -0.0040655675818843228 -0.0033429173308629372 0.0056868003931833293 0.00063300645203489257 -0.0068678689075679315
leaf_weight=256 150 641 337 1156 159
leaf_count=256 150 641 337 1156 159
internal_value=-0.000696507 -4.80041e-05 0.0026722 -0.000790568 -0.00422256
internal_weight=2699 2284 487 1797 415
internal_count=2699 2284 487 1797 415
is_linear=0
shrinkage=0.05


Tree=56
num_leaves=7
num_cat=0
split_feature=0 13 7 2 13 8
split_gain=2.3214 2.02392 3.94924 3.16222 1.7621 2.30947
threshold=0.48000000000000004 0.085510949288249594 -0.72096227521762979 0.030321195454330773 -0.16508464693092448 0.37329720602829247
decision_type=2 8 2 2 8 2
left_child=4 3 -3 -2 -1 -6
right_child=1 2 -4 -5 5 -7
leaf_value=-0.006004783219099045 0.0048999404984251043 0.0029285864631107099 -0.0062631313317260259 -0.00074137191354313198 -0.0048958196082422812 0.00028623015322583789
leaf_weight=245 472 213 248 516 305 700
leaf_count=245 472 213 248 516 305 700
internal_value=-0.000670204 0.000691112 -0.00203034 0.00196477 -0.00224471 -0.00130288
internal_weight=2699 1449 461 988 1250 1005
internal_count=2699 1449 461 988 1250 1005
is_linear=0
shrinkage=0.05


Tree=57
num_leaves=5
num_cat=0
split_feature=9 8 3 13
split_gain=2.31587 3.14978 4.31921 3.25965
threshold=1.3489052224215752 0.27414229417610386 -1.0000000180025095e-35 -0.15701682047158114
decision_type=2 2 2 10
left_child=1 2 -1 -3
right_child=-2 3 -4 -5
leaf_value=-0.011652767629760086 0.0038917511570103029 -0.004084526577575521 -0.00083635804521573062 0.00070332965782361268
leaf_weight=152 250 450 226 1621
leaf_count=152 250 450 226 1621
internal_value=-0.000645389 -0.00111554 -0.00528116 -0.000344338
internal_weight=2699 2449 378 2071
internal_count=2699 2449 378 2071
is_linear=0
shrinkage=0.05


Tree=58
num_leaves=6
num_cat=0
split_feature=0 11 9 6 4
split_gain=2.2148 5.01007 3.42555 2.5733 3.08642
threshold=0.54750000000000021 -0.91428340587396184 -1.2563226875010061 5.5921243929396782 0.026925824035672525
decision_type=2 2 2 2 2
left_child=1 -1 -3 4 -2
right_child=3 2 -4 -5 -6
leaf_value=0.0049042914330959322 0.0062943400797612244 -0.0090816194042165014 -0.0018414914441073093 -0.0044980215878355542 -7.4382271508083628e-05
leaf_weight=245 314 182 1334 153 471
leaf_count=245 314 182 1334 153 471
internal_value=-0.000619876 -0.00166362 -0.00273769 0.00133807 0.00249682
internal_weight=2699 1761 1516 938 785
internal_count=2699 1761 1516 938 785
is_linear=0
shrinkage=0.05


Tree=59
num_leaves=5
num_cat=0
split_feature=9 0 8 7
split_gain=2.15002 3.04626 2.08767 1.0048
threshold=1.3679239681690776 0.34000000000000002 0.27414229417610386 -0.40754451446805445
decision_type=2 2 2 2
left_child=1 3 -3 -1
right_child=-2 2 -4 -5
leaf_value=-0.0019423834883397627 0.0038723362085162378 -0.003918462893563116 0.00039255173209389786 -0.0073106753230094915
leaf_weight=150 240 329 1760 220
leaf_count=150 240 329 1760 220
internal_value=-0.000596584 -0.00103973 -0.000294132 -0.00518926
internal_weight=2699 2459 2089 370
internal_count=2699 2459 2089 370
is_linear=0
shrinkage=0.05


Tree=60
num_leaves=5
num_cat=0
split_feature=9 0 8 7
split_gain=2.00805 2.8141 1.93613 0.926223
threshold=1.3679239681690776 0.34000000000000002 0.27414229417610386 -0.40754451446805445
decision_type=2 2 2 2
left_child=1 3 -3 -1
right_child=-2 2 -4 -5
leaf_value=-0.0018703273515547477 0.0037474675978324853 -0.0037733330854220308 0.00037827307937492649 -0.0070247467557589226
leaf_weight=150 240 329 1760 220
leaf_count=150 240 329 1760 220
internal_value=-0.000571369 -0.000999639 -0.000283019 -0.00498792
internal_weight=2699 2459 2089 370
internal_count=2699 2459 2089 370
is_linear=0
shrinkage=0.05


Tree=61
num_leaves=6
num_cat=0
split_feature=0 11 6 6 6
split_gain=1.93581 4.67724 3.34177 2.37359 2.8571
threshold=0.54750000000000021 -0.91428340587396184 4.7510436906828923 5.5921243929396782 4.6086134725029018
decision_type=2 2 2 2 2
left_child=1 -1 -3 4 -2
right_child=3 2 -4 -5 -6
leaf_value=0.0048227486193180083 -0.0029412118019536138 0.00088243705556564727 -0.0041524176159292089 -0.0043214634443998713 0.0040761366888114664
leaf_weight=245 187 480 1036 153 598
leaf_count=245 187 480 1036 153 598
internal_value=-0.000546816 -0.00152265 -0.00256061 0.00128357 0.00239645
internal_weight=2699 1761 1516 938 785
internal_count=2699 1761 1516 938 785
is_linear=0
shrinkage=0.05


Tree=62
num_leaves=5
num_cat=0
split_feature=9 0 11 7
split_gain=1.88142 2.37355 1.90583 0.913973
threshold=1.5519415325069807 0.34000000000000002 -0.91428340587396184 -0.41589560500413142
decision_type=2 2 2 2
left_child=1 3 -3 -1
right_child=-2 2 -4 -5
leaf_value=-0.0013368006819678892 0.0048234285173877596 0.0035623315593733412 -0.00078541985530042411 -0.0063706937787672462
leaf_weight=150 150 286 1879 234
leaf_count=150 150 286 1879 234
internal_value=-0.000527094 -0.00085078 -0.00020419 -0.00444679
internal_weight=2699 2549 2165 384
internal_count=2699 2549 2165 384
is_linear=0
shrinkage=0.05


Tree=63
num_leaves=7
num_cat=0
split_feature=13 13 7 0 13 6
split_gain=1.8519 4.06392 3.00886 2.67974 2.53842 1.91908
threshold=0.047875630642505169 -0.016960996851818323 -0.72096227521762979 0.38000000000000006 0.23852459056042569 4.5580261648056792
decision_type=8 10 2 2 10 2
left_child=1 3 4 -1 -2 -4
right_child=2 -3 5 -5 -6 -7
leaf_value=-0.0053787194784715095 0.0043261823717004331 0.0058819113674279831 -0.008860042942687869 0.00050972045463795713 -0.0031649677577067397 -0.0026030512377752083
leaf_weight=234 263 293 155 1005 191 558
leaf_count=234 263 293 155 1005 191 558
internal_value=-0.000503672 0.000638981 -0.00200004 -0.000619531 0.00117447 -0.00401549
internal_weight=2699 1532 1167 1239 454 713
internal_count=2699 1532 1167 1239 454 713
is_linear=0
shrinkage=0.05


Tree=64
num_leaves=5
num_cat=0
split_feature=9 8 3 13
split_gain=1.79337 2.61608 3.93659 3.00691
threshold=1.3489052224215752 0.27414229417610386 -1.0000000180025095e-35 -0.15701682047158114
decision_type=2 2 2 10
left_child=1 2 -1 -3
right_child=-2 3 -4 -5
leaf_value=-0.010772282335978406 0.0035122731810106954 -0.003783852821113644 -0.00045482606598825173 0.00081453296215001957
leaf_weight=152 250 450 226 1621
leaf_count=152 250 450 226 1621
internal_value=-0.000479995 -0.000893861 -0.00469011 -0.00019134
internal_weight=2699 2449 378 2071
internal_count=2699 2449 378 2071
is_linear=0
shrinkage=0.05


Tree=65
num_leaves=4
num_cat=0
split_feature=12 9 8
split_gain=1.76495 1.99809 3.34272
threshold=0.98078262472192701 1.3489052224215752 0.27414229417610386
decision_type=2 2 2
left_child=1 2 -1
right_child=-2 -3 -4
leaf_value=-0.0056493860190909217 0.00452062479571668 0.0035484955147588901 -0.00041508833988124807
leaf_weight=357 162 236 1944
leaf_count=357 162 236 1944
internal_value=-0.000460042 -0.000786348 -0.00123768
internal_weight=2699 2537 2301
internal_count=2699 2537 2301
is_linear=0
shrinkage=0.05


Tree=66
num_leaves=7
num_cat=0
split_feature=13 13 7 13 1 6
split_gain=1.70858 3.77738 2.78512 2.38055 2.01245 1.78405
threshold=0.047875630642505169 -0.016960996851818323 -0.72096227521762979 0.23852459056042569 -1.11803398874989 4.5580261648056792
decision_type=8 10 2 10 2 2
left_child=1 4 3 -2 -1 -4
right_child=2 -3 5 -5 -6 -7
leaf_value=0.0034903940854043615 0.0042295078983280191 0.0057133221673785449 -0.0084855363145470621 -0.00302523994172106 -0.0015492222316473901 -0.0024541264925926239
leaf_weight=242 263 293 155 191 997 558
leaf_count=242 263 293 155 191 997 558
internal_value=-0.000438765 0.000658671 -0.00187611 0.00117769 -0.000554818 -0.00381526
internal_weight=2699 1532 1167 454 1239 713
internal_count=2699 1532 1167 454 1239 713
is_linear=0
shrinkage=0.05


Tree=67
num_leaves=6
num_cat=0
split_feature=0 11 9 6 4
split_gain=1.70015 4.26662 3.2222 2.19344 2.86503
threshold=0.54750000000000021 -0.91428340587396184 -1.2563226875010061 5.5921243929396782 0.026925824035672525
decision_type=2 2 2 2 2
left_child=1 -1 -3 4 -2
right_child=3 2 -4 -5 -6
leaf_value=0.0047298542678356169 0.0060282992473496919 -0.0084720968124382002 -0.0014537418830118758 -0.0040889291682198077 -0.00010738613068306145
leaf_weight=245 314 182 1334 153 471
leaf_count=245 314 182 1334 153 471
internal_value=-0.000415132 -0.00132977 -0.0023214 0.00129996 0.00236951
internal_weight=2699 1761 1516 938 785
internal_count=2699 1761 1516 938 785
is_linear=0
shrinkage=0.05


Tree=68
num_leaves=5
num_cat=0
split_feature=12 13 7 4
split_gain=1.64178 2.19114 2.86077 2.44405
threshold=0.98078262472192701 0.072466358839533132 0.25488780019751833 0.01299038105676655
decision_type=2 10 2 2
left_child=1 2 -1 -3
right_child=-2 3 -4 -5
leaf_value=0.0029595348375500898 0.0044051146034352088 0.0030902283504987377 -0.0013208382873521221 -0.0037880260094078546
leaf_weight=647 162 151 968 771
leaf_count=647 162 151 968 771
internal_value=-0.000398424 -0.000713215 0.000397803 -0.00265095
internal_weight=2699 2537 1615 922
internal_count=2699 2537 1615 922
is_linear=0
shrinkage=0.05


Tree=69
num_leaves=7
num_cat=0
split_feature=0 6 1 5 1 6
split_gain=1.58857 2.73306 3.11258 2.41568 2.15673 3.52407
threshold=0.48750000000000004 5.3715213415303493 0.78266667499788289 -0.01499999999999997 0.4510362108236507 4.7510436906828923
decision_type=2 2 2 2 2 2
left_child=4 3 -3 -2 5 -1
right_child=1 2 -4 -5 -6 -7
leaf_value=0.0039596416231169797 0.0076058530987336715 -0.0073705688432695723 0.0012675641100665853 0.0010908358088124531 -0.0060515922071650166 -0.0023994984713861887
leaf_weight=293 169 182 233 794 222 806
leaf_count=293 169 182 233 794 222 806
internal_value=-0.000377719 0.000808662 -0.00256337 0.00226756 -0.00161367 -0.000693859
internal_weight=2699 1378 415 963 1321 1099
internal_count=2699 1378 415 963 1321 1099
is_linear=0
shrinkage=0.05


Tree=70
num_leaves=4
num_cat=0
split_feature=9 5 9
split_gain=1.57521 1.99691 2.9046
threshold=1.5519415325069807 -0.12000000000000001 -0.017608384959224611
decision_type=2 2 2
left_child=1 -1 -3
right_child=-2 2 -4
leaf_value=-0.0049557509106032708 0.0045280626848820723 0.0015283109338925726 -0.0020115074867066473
leaf_weight=240 150 1177 1132
leaf_count=240 150 1177 1132
internal_value=-0.000367208 -0.000663578 -0.000207701
internal_weight=2699 2549 2309
internal_count=2699 2549 2309
is_linear=0
shrinkage=0.05


Tree=71
num_leaves=6
num_cat=0
split_feature=11 0 5 4 8
split_gain=1.52879 2.84474 2.87938 2.57203 2.54162
threshold=-0.88591702873062761 0.54750000000000021 0.019999999999999938 0.026925824035672525 0.50086294032735812
decision_type=2 2 2 2 2
left_child=4 2 -2 -3 -1
right_child=1 3 -4 -5 -6
leaf_value=-0.0020264224574455749 -0.0010093691798074651 0.0050045843091533057 -0.006402596603533265 -0.00076741889361599995 0.0058093566961867045
leaf_weight=179 1181 317 309 479 234
leaf_count=179 1181 317 309 479 234
internal_value=-0.000352037 -0.000858787 -0.0021455 0.00154812 0.0024296
internal_weight=2699 2286 1490 796 413
internal_count=2699 2286 1490 796 413
is_linear=0
shrinkage=0.05


Tree=72
num_leaves=5
num_cat=0
split_feature=12 13 8 13
split_gain=1.53065 2.05664 4.86617 3.46763
threshold=0.98078262472192701 0.047875630642505169 0.3706480829037207 -0.016960996851818323
decision_type=2 10 2 10
left_child=1 3 -3 -1
right_child=-2 2 -4 -5
leaf_value=-0.00061148611457073339 0.0042984281159089716 -0.0081242202622471039 -0.0003351165422501455 0.0055331643539161647
leaf_weight=1213 162 265 781 278
leaf_count=1213 162 265 781 278
internal_value=-0.0003395 -0.000643527 -0.00233772 0.000548861
internal_weight=2699 2537 1046 1491
internal_count=2699 2537 1046 1491
is_linear=0
shrinkage=0.05


Tree=73
num_leaves=5
num_cat=0
split_feature=9 8 3 13
split_gain=1.47441 2.09196 3.58226 2.72123
threshold=1.3489052224215752 0.27414229417610386 -1.0000000180025095e-35 -0.15701682047158114
decision_type=2 2 2 10
left_child=1 2 -1 -3
right_child=-2 3 -4 -5
leaf_value=-0.0098923216532370087 0.0032989530878908494 -0.0034858228065646614 -5.8967110527542244e-05 0.0008886294588927743
leaf_weight=152 250 450 226 1621
leaf_count=152 250 450 226 1621
internal_value=-0.000320496 -0.000695947 -0.00409064 -6.79855e-05
internal_weight=2699 2449 378 2071
internal_count=2699 2449 378 2071
is_linear=0
shrinkage=0.05


Tree=74
num_leaves=5
num_cat=0
split_feature=2 11 9 8
split_gain=1.46113 1.87142 2.05228 1.77621
threshold=0.07671012713609944 -0.91428340587396184 -1.4924867071133083 0.54553146166410693
decision_type=2 2 2 2
left_child=1 3 -3 -1
right_child=-2 2 -4 -5
leaf_value=-0.00016952685258361732 -0.0046975600222746534 -0.0059186728216889433 -0.0001031383312138092 0.0069802750886856823
leaf_weight=173 172 159 2026 169
leaf_count=173 172 159 2026 169
internal_value=-0.000305922 1.6808e-06 -0.000538875 0.00341323
internal_weight=2699 2527 2185 342
internal_count=2699 2527 2185 342
is_linear=0
shrinkage=0.05


Tree=75
num_leaves=5
num_cat=0
split_feature=12 13 13 9
split_gain=1.42856 1.90553 3.24277 2.3306
threshold=0.98078262472192701 0.047875630642505169 -0.06445629354884333 -1.2042648640396871
decision_type=2 10 10 2
left_child=1 2 -1 -3
right_child=-2 3 -4 -5
leaf_value=-0.0011212658675075486 0.0041894272282095016 -0.0061332776474909978 0.003772213113631389 -0.00079462077478222558
leaf_weight=980 162 274 511 772
leaf_count=980 162 274 511 772
internal_value=-0.000291034 -0.000584811 0.000562844 -0.00221561
internal_weight=2699 2537 1491 1046
internal_count=2699 2537 1491 1046
is_linear=0
shrinkage=0.05


Tree=76
num_leaves=5
num_cat=0
split_feature=5 9 5 5
split_gain=1.37338 1.99425 3.84047 3.29192
threshold=-0.12000000000000001 -0.017608384959224611 0.019999999999999938 0.10000000000000007
decision_type=2 2 2 2
left_child=-1 2 -2 -3
right_child=1 3 -4 -5
leaf_value=-0.0037151129674592998 0.0041696141805534397 -0.002280561100262625 -0.0015445270708137212 0.0051601381994090811
leaf_weight=257 641 1098 536 167
leaf_count=257 641 1098 536 167
internal_value=-0.000274887 9.40198e-05 0.0015719 -0.00128182
internal_weight=2699 2442 1177 1265
internal_count=2699 2442 1177 1265
is_linear=0
shrinkage=0.05


Tree=77
num_leaves=4
num_cat=0
split_feature=9 0 8
split_gain=1.39876 1.7989 1.62351
threshold=1.5519415325069807 0.29000000000000009 0.27414229417610386
decision_type=2 2 2
left_child=1 -1 -3
right_child=-2 2 -4
leaf_value=-0.0049324258361185822 0.0043476570253410647 -0.0031826749484281285 0.00042562746955552189
leaf_weight=209 150 365 1975
leaf_count=209 150 365 1975
internal_value=-0.000264978 -0.000544396 -0.000142792
internal_weight=2699 2549 2340
internal_count=2699 2549 2340
is_linear=0
shrinkage=0.05


Tree=78
num_leaves=5
num_cat=0
split_feature=12 13 8 13
split_gain=1.33259 1.7937 4.20556 3.05177
threshold=0.98078262472192701 0.047875630642505169 0.3706480829037207 -0.016960996851818323
decision_type=2 10 2 10
left_child=1 3 -3 -1
right_child=-2 2 -4 -5
leaf_value=-0.00051097104093442223 0.0040754439275778693 -0.007497189427139582 -0.00025647888268147417 0.0052536007424967869
leaf_weight=1213 162 265 781 278
leaf_count=1213 162 265 781 278
internal_value=-0.000251786 -0.000535573 -0.00211782 0.000577812
internal_weight=2699 2537 1046 1491
internal_count=2699 2537 1046 1491
is_linear=0
shrinkage=0.05


Tree=79
num_leaves=4
num_cat=0
split_feature=2 5 9
split_gain=1.33584 1.77759 2.32269
threshold=0.07671012713609944 0.11000000000000003 0.6089744028566999
decision_type=2 2 2
left_child=1 2 -1
right_child=-2 -3 -4
leaf_value=0.0007528677829899467 -0.0044353814153684735 0.0043315601426067657 -0.0026181676439744864
leaf_weight=1555 172 217 755
leaf_count=1555 172 217 755
internal_value=-0.000236239 5.77696e-05 -0.000352196
internal_weight=2699 2527 2310
internal_count=2699 2527 2310
is_linear=0
shrinkage=0.05


Tree=80
num_leaves=6
num_cat=0
split_feature=11 0 6 4 8
split_gain=1.32911 2.49528 2.84316 2.36714 2.16012
threshold=-0.88591702873062761 0.54750000000000021 4.7510436906828923 0.026925824035672525 0.50086294032735812
decision_type=2 2 2 2 2
left_child=4 2 -2 -3 -1
right_child=1 3 -4 -5 -6
leaf_value=-0.0017470002538808014 0.0012808186136232787 0.004867202627200703 -0.0033942630304704098 -0.00067059414399680032 0.0054786658140530652
leaf_weight=179 474 317 1016 479 234
leaf_count=179 474 317 1016 479 234
internal_value=-0.00022981 -0.00070247 -0.00190771 0.0015514 0.00236352
internal_weight=2699 2286 1490 796 413
internal_count=2699 2286 1490 796 413
is_linear=0
shrinkage=0.05


Tree=81
num_leaves=4
num_cat=0
split_feature=9 5 9
split_gain=1.3675 1.92453 2.74745
threshold=1.3489052224215752 -0.12000000000000001 -0.017608384959224611
decision_type=2 2 2
left_child=1 -1 -3
right_child=-2 2 -4
leaf_value=-0.0048971365213903613 0.0032629610028337033 0.0015234876764456029 -0.0019929288044031566
leaf_weight=229 250 1177 1043
leaf_count=229 250 1177 1043
internal_value=-0.000222523 -0.000584253 -0.00012936
internal_weight=2699 2449 2220
internal_count=2699 2449 2220
is_linear=0
shrinkage=0.05


Tree=82
num_leaves=4
num_cat=0
split_feature=9 5 9
split_gain=1.27915 1.78472 2.54678
threshold=1.3489052224215752 -0.12000000000000001 -0.017608384959224611
decision_type=2 2 2
left_child=1 -1 -3
right_child=-2 2 -4
leaf_value=-0.0047150635279906107 0.0031590707614725711 0.0014676030025566897 -0.0019179624009465102
leaf_weight=229 250 1177 1043
leaf_count=229 250 1177 1043
internal_value=-0.000211938 -0.000561794 -0.000123738
internal_weight=2699 2449 2220
internal_count=2699 2449 2220
is_linear=0
shrinkage=0.05


Tree=83
num_leaves=5
num_cat=0
split_feature=12 13 8 13
split_gain=1.25992 1.77562 3.78728 2.78503
threshold=0.98078262472192701 0.047875630642505169 0.3706480829037207 -0.06445629354884333
decision_type=2 10 2 10
left_child=1 3 -3 -1
right_child=-2 2 -4 -5
leaf_value=-0.00093130007424027791 0.0040057039858695277 -0.0071569577535545385 -0.00028543762824765907 0.0036038706071905846
leaf_weight=980 162 265 781 511
leaf_count=980 162 265 781 511
internal_value=-0.000201743 -0.00047776 -0.00205208 0.000629857
internal_weight=2699 2537 1046 1491
internal_count=2699 2537 1046 1491
is_linear=0
shrinkage=0.05


Tree=84
num_leaves=5
num_cat=0
split_feature=9 0 2 7
split_gain=1.20909 1.46068 1.39813 0.795285
threshold=1.5519415325069807 0.34000000000000002 0.015000000000000008 -0.41589560500413142
decision_type=2 2 2 2
left_child=1 3 -3 -1
right_child=-2 2 -4 -5
leaf_value=-0.00040124386068313356 0.0041002132166777887 0.0026272422148728037 -0.00056704909883103008 -0.0050603325131922091
leaf_weight=150 150 421 1744 234
leaf_count=150 150 421 1744 234
internal_value=-0.000188108 -0.000447994 5.87264e-05 -0.00326893
internal_weight=2699 2549 2165 384
internal_count=2699 2549 2165 384
is_linear=0
shrinkage=0.05


Tree=85
num_leaves=6
num_cat=0
split_feature=11 0 5 4 8
split_gain=1.24664 2.20749 2.87432 2.14065 2.0058
threshold=-0.88591702873062761 0.54750000000000021 0.019999999999999938 0.026925824035672525 0.50086294032735812
decision_type=2 2 2 2 2
left_child=4 2 -2 -3 -1
right_child=1 3 -4 -5 -6
leaf_value=-0.0016279920287754223 -0.00063547733574351823 0.0046378570417902488 -0.006021235180888207 -0.0006284213586410215 0.0053356923505850917
leaf_weight=179 1181 317 309 479 234
leaf_count=179 1181 317 309 479 234
internal_value=-0.000177304 -0.000635142 -0.00176879 0.00148469 0.00233416
internal_weight=2699 2286 1490 796 413
internal_count=2699 2286 1490 796 413
is_linear=0
shrinkage=0.05


Tree=86
num_leaves=5
num_cat=0
split_feature=12 13 8 13
split_gain=1.1717 1.61367 3.47494 2.65307
threshold=0.98078262472192701 0.047875630642505169 0.3706480829037207 -0.016960996851818323
decision_type=2 10 2 10
left_child=1 3 -3 -1
right_child=-2 2 -4 -5
leaf_value=-0.00039617784530817486 0.0038870689665486003 -0.0068272077954477737 -0.00024534211264160146 0.0049788426765810054
leaf_weight=1213 162 265 781 278
leaf_count=1213 162 265 781 278
internal_value=-0.000170332 -0.000436553 -0.00193738 0.000619297
internal_weight=2699 2537 1046 1491
internal_count=2699 2537 1046 1491
is_linear=0
shrinkage=0.05


Tree=87
num_leaves=6
num_cat=0
split_feature=11 0 9 4 8
split_gain=1.16979 2.03001 2.855 1.97365 1.84606
threshold=-0.88591702873062761 0.54750000000000021 -1.2563226875010061 0.026925824035672525 0.50086294032735812
decision_type=2 2 2 2 2
left_child=4 2 -2 -3 -1
right_child=1 3 -4 -5 -6
leaf_value=-0.0015271841406660238 -0.007504686511851647 0.0044588053257707851 -0.00086416586327008884 -0.00059791571837811434 0.0051540137007520795
leaf_weight=179 180 317 1310 479 234
leaf_count=179 180 317 1310 479 234
internal_value=-0.000158134 -0.000601659 -0.00168879 0.00143114 0.00227466
internal_weight=2699 2286 1490 796 413
internal_count=2699 2286 1490 796 413
is_linear=0
shrinkage=0.05


Tree=88
num_leaves=4
num_cat=0
split_feature=2 5 5
split_gain=1.11858 1.59583 1.92749
threshold=0.07671012713609944 0.11000000000000003 0.070000000000000048
decision_type=2 2 2
left_child=1 2 -1
right_child=-2 -3 -4
leaf_value=0.00022069470808125095 -0.0039946492592998822 0.0041661466908146129 -0.004494464860012955
leaf_weight=2073 172 217 237
leaf_count=2073 172 217 237
internal_value=-0.00015208 0.000116836 -0.000271731
internal_weight=2699 2527 2310
internal_count=2699 2527 2310
is_linear=0
shrinkage=0.05


Tree=89
num_leaves=5
num_cat=0
split_feature=9 9 0 2
split_gain=1.12088 1.59263 4.33893 3.64582
threshold=1.3489052224215752 0.70607530230655746 0.54750000000000021 0.012990381056766547
decision_type=2 2 2 2
left_child=1 3 -3 -1
right_child=-2 2 -4 -5
leaf_value=0.0053530158296431589 0.0030081605779774048 -0.0059949444023237571 0.003330665793465941 -0.00071669105095443911
leaf_weight=287 250 362 185 1615
leaf_count=287 250 362 185 1615
internal_value=-0.000147262 -0.000474848 -0.00283934 0.000210824
internal_weight=2699 2449 547 1902
internal_count=2699 2449 547 1902
is_linear=0
shrinkage=0.05


Tree=90
num_leaves=6
num_cat=0
split_feature=11 0 9 4 8
split_gain=1.0916 1.80869 2.67118 1.77817 1.73274
threshold=-0.88591702873062761 0.54750000000000021 -1.2563226875010061 0.026925824035672525 0.50086294032735812
decision_type=2 2 2 2 2
left_child=4 2 -2 -3 -1
right_child=1 3 -4 -5 -6
leaf_value=-0.0014733129423921522 -0.007219963234824104 0.0042242352746612163 -0.00079707897774620215 -0.00057547819061774363 0.004999684452012992
leaf_weight=179 180 317 1310 479 234
leaf_count=179 180 317 1310 479 234
internal_value=-0.00013992 -0.000568389 -0.00159455 0.0013504 0.00221013
internal_weight=2699 2286 1490 796 413
internal_count=2699 2286 1490 796 413
is_linear=0
shrinkage=0.05


Tree=91
num_leaves=6
num_cat=0
split_feature=6 8 8 0 3
split_gain=1.10045 1.99213 1.81795 3.46151 2.74243
threshold=5.5873048280066842 0.6139350029493057 0.3706480829037207 0.5375000000000002 -0.99999999999999567
decision_type=2 2 2 2 2
left_child=2 -2 3 -1 -4
right_child=1 -3 4 -5 -6
leaf_value=-0.0047929194486383258 0.0003969903584170094 -0.0061014720734523901 0.0046639899664065419 0.0029891720215479535 -1.497913385784277e-05
leaf_weight=389 284 196 420 220 1190
leaf_count=389 284 196 420 220 1190
internal_value=-0.000134326 -0.00229209 0.000336533 -0.00198021 0.00121628
internal_weight=2699 480 2219 609 1610
internal_count=2699 480 2219 609 1610
is_linear=0
shrinkage=0.05


Tree=92
num_leaves=5
num_cat=0
split_feature=12 13 2 7
split_gain=1.07983 1.39615 2.19239 1.97158
threshold=0.98078262472192701 0.072466358839533132 0.027928388277184121 -0.72096227521762979
decision_type=2 10 2 2
left_child=1 2 -1 -3
right_child=-2 3 -4 -5
leaf_value=0.0026442921139722218 0.0037665640031863119 0.00064539986465556119 -0.001073128112225039 -0.003989383005067822
leaf_weight=683 162 411 932 511
leaf_count=683 162 411 932 511
internal_value=-0.000128427 -0.000384061 0.000502316 -0.001931
internal_weight=2699 2537 1615 922
internal_count=2699 2537 1615 922
is_linear=0
shrinkage=0.05


Tree=93
num_leaves=6
num_cat=0
split_feature=11 8 0 6 4
split_gain=1.03388 1.64231 1.62468 2.5948 1.57021
threshold=-0.88591702873062761 0.50086294032735812 0.54750000000000021 4.7510436906828923 0.026925824035672525
decision_type=2 2 2 2 2
left_child=1 -1 3 -2 -4
right_child=2 -3 4 -5 -6
leaf_value=-0.0014193362110982771 0.0015342412255937722 0.0048827412362876799 0.0039820825394752046 -0.0029301946911592328 -0.00052832995333577969
leaf_weight=179 474 234 317 1016 479
leaf_count=179 474 234 317 1016 479
internal_value=-0.000120004 0.00216703 -0.000537018 -0.00150958 0.00128155
internal_weight=2699 413 2286 1490 796
internal_count=2699 413 2286 1490 796
is_linear=0
shrinkage=0.05


Tree=94
num_leaves=5
num_cat=0
split_feature=9 11 9 8
split_gain=1.01907 1.33339 3.00697 2.03829
threshold=1.5519415325069807 -0.88591702873062761 0.57792169083294687 0.50086294032735812
decision_type=2 2 2 2
left_child=1 3 -3 -1
right_child=-2 2 -4 -5
leaf_value=-0.0017738519373249875 0.0038211936095068535 0.00038392217360767725 -0.0036761342926628728 0.0053886887686546711
leaf_weight=172 150 1504 649 224
leaf_count=172 150 1504 649 224
internal_value=-0.000115581 -0.000354274 -0.000845622 0.00229436
internal_weight=2699 2549 2153 396
internal_count=2699 2549 2153 396
is_linear=0
shrinkage=0.05


Tree=95
num_leaves=6
num_cat=0
split_feature=6 8 8 0 3
split_gain=1.02633 1.88565 1.67836 3.15738 2.60869
threshold=5.5873048280066842 0.6139350029493057 0.3706480829037207 0.5375000000000002 -0.99999999999999567
decision_type=2 2 2 2 2
left_child=2 -2 3 -1 -4
right_child=1 -3 4 -5 -6
leaf_value=-0.0045653764442138865 0.00042414866117148248 -0.0058976977081292899 0.0045549251384594865 0.0028668724464045634 -8.5548582685542406e-06
leaf_weight=389 284 196 420 220 1190
leaf_count=389 284 196 420 220 1190
internal_value=-0.0001076 -0.00219146 0.000347081 -0.00187901 0.00119233
internal_weight=2699 480 2219 609 1610
internal_count=2699 480 2219 609 1610
is_linear=0
shrinkage=0.05


Tree=96
num_leaves=5
num_cat=0
split_feature=12 13 7 4
split_gain=1.01042 1.29946 2.11455 2.0947
threshold=0.98078262472192701 0.072466358839533132 0.25488780019751833 0.01299038105676655
decision_type=2 10 2 2
left_child=1 2 -1 -3
right_child=-2 3 -4 -5
leaf_value=0.0027072141364079677 0.003665056244698827 0.0034628049924205514 -0.00097303649512065025 -0.0028970081315942342
leaf_weight=647 162 151 968 771
leaf_count=647 162 151 968 771
internal_value=-0.000102617 -0.000349938 0.000505148 -0.00184237
internal_weight=2699 2537 1615 922
internal_count=2699 2537 1615 922
is_linear=0
shrinkage=0.05


Tree=97
num_leaves=5
num_cat=0
split_feature=9 8 8 13
split_gain=1.00402 1.24412 3.84553 2.5695
threshold=-1.5370943911637174 0.27414229417610386 0.18017875843725265 -0.14606558370419734
decision_type=2 2 2 10
left_child=-1 2 -2 -3
right_child=1 3 -4 -5
leaf_value=-0.0036909045023812773 0.0028840838089824361 -0.0021646714723604385 -0.006924264388227905 0.0017110417916856137
leaf_weight=176 182 586 211 1544
leaf_count=176 182 586 211 1544
internal_value=-9.36717e-05 0.000164069 -0.00240281 0.000642193
internal_weight=2699 2523 393 2130
internal_count=2699 2523 393 2130
is_linear=0
shrinkage=0.05


Tree=98
num_leaves=4
num_cat=0
split_feature=9 5 9
split_gain=0.985171 1.45577 2.29025
threshold=1.3489052224215752 -0.12000000000000001 -0.017608384959224611
decision_type=2 2 2
left_child=1 -1 -3
right_child=-2 2 -4
leaf_value=-0.0041455033466092544 0.0028708208878250683 0.0015096671467208873 -0.0017008492906172654
leaf_weight=229 250 1177 1043
leaf_count=229 250 1177 1043
internal_value=-8.72973e-05 -0.000394503 8.70342e-07
internal_weight=2699 2449 2220
internal_count=2699 2449 2220
is_linear=0
shrinkage=0.05


Tree=99
num_leaves=4
num_cat=0
split_feature=3 3 8
split_gain=0.985695 2.84637 1.91581
threshold=1.6752166778851236 1.477436173387267 0.18017875843725265
decision_type=2 2 2
left_child=1 2 -1
right_child=-2 -3 -4
leaf_value=0.0047612113420452398 -0.0039399735963879488 0.006610892142634839 -0.00067208531142097083
leaf_weight=170 151 155 2223
leaf_count=170 151 155 2223
internal_value=-8.1763e-05 0.000154151 -0.000276978
internal_weight=2699 2548 2393
internal_count=2699 2548 2393
is_linear=0
shrinkage=0.05


Tree=100
num_leaves=5
num_cat=0
split_feature=12 13 8 13
split_gain=0.943418 1.30072 2.89433 2.34793
threshold=0.98078262472192701 0.047875630642505169 0.3706480829037207 -0.016960996851818323
decision_type=2 10 2 10
left_child=1 3 -3 -1
right_child=-2 2 -4 -5
leaf_value=-0.00032707837705419376 0.0035601858339623775 -0.0061295397188169537 -0.00012337177821243082 0.0047295210112952516
leaf_weight=1213 162 265 781 278
leaf_count=1213 162 265 781 278
internal_value=-8.03705e-05 -0.000319384 -0.00166693 0.000628391
internal_weight=2699 2537 1046 1491
internal_count=2699 2537 1046 1491
is_linear=0
shrinkage=0.05


Tree=101
num_leaves=7
num_cat=0
split_feature=3 5 13 3 6 6
split_gain=0.949845 2.62727 2.61295 2.17671 5.70616 3.92596
threshold=-0.99999999999999567 -0.022499999999999961 -0.02121555651501204 0.22941573387056446 4.5705268715305154 4.6182831237711417
decision_type=2 2 10 2 2 2
left_child=1 2 -1 5 -5 -2
right_child=3 -3 -4 4 -6 -7
leaf_value=0.0041611119599094222 0.0039754170434815545 0.0072271667755185029 -0.0027717053942994427 -0.0062877347986114787 0.0023952011542141809 -0.0045171588472123604
leaf_weight=216 170 151 348 230 967 617
leaf_count=216 170 151 348 230 967 617
internal_value=-7.20507e-05 0.00148421 -0.00010335 -0.000635222 0.000707586 -0.00266916
internal_weight=2699 715 564 1984 1197 787
internal_count=2699 715 564 1984 1197 787
is_linear=0
shrinkage=0.05


Tree=102
num_leaves=5
num_cat=0
split_feature=9 12 9 12
split_gain=0.958124 1.19374 3.59528 2.61791
threshold=-1.5370943911637174 0.87139850226758386 0.36897041729470242 0.73553075158499337
decision_type=2 2 2 2
left_child=-1 3 -3 -2
right_child=1 2 -4 -5
leaf_value=-0.003584307740900398 0.00024868429275258172 0.0071361390217928831 -0.0023171673528850079 -0.0059900087446136327
leaf_weight=176 1949 208 187 179
leaf_count=176 1949 208 187 179
internal_value=-7.02259e-05 0.000181515 0.00268775 -0.000288904
internal_weight=2699 2523 395 2128
internal_count=2699 2523 395 2128
is_linear=0
shrinkage=0.05


Tree=103
num_leaves=4
num_cat=0
split_feature=2 5 9
split_gain=0.939135 1.42484 1.96668
threshold=0.07671012713609944 0.11000000000000003 0.6089744028566999
decision_type=2 2 2
left_child=1 2 -1
right_child=-2 -3 -4
leaf_value=0.00083157883652557562 -0.0035848596380592072 0.0040085102397914947 -0.0022702588503690142
leaf_weight=1555 172 217 755
leaf_count=1555 172 217 755
internal_value=-6.38922e-05 0.000182368 -0.000184939
internal_weight=2699 2527 2310
internal_count=2699 2527 2310
is_linear=0
shrinkage=0.05


Tree=104
num_leaves=5
num_cat=0
split_feature=9 8 8 9
split_gain=0.952699 1.32927 2.82352 1.9559
threshold=1.3489052224215752 0.27414229417610386 0.18017875843725265 -1.4924867071133083
decision_type=2 2 2 2
left_child=1 2 -1 -3
right_child=-2 3 -4 -5
leaf_value=0.0016648756445978175 0.0028457371686019151 -0.0049885762234528862 -0.0069308981070962715 0.00059314510536365487
leaf_weight=171 250 166 207 1905
leaf_count=171 250 166 207 1905
internal_value=-6.31689e-05 -0.00036531 -0.00307136 0.000134808
internal_weight=2699 2449 378 2071
internal_count=2699 2449 378 2071
is_linear=0
shrinkage=0.05


Tree=105
num_leaves=4
num_cat=0
split_feature=3 3 9
split_gain=0.941494 2.55127 1.87655
threshold=1.6752166778851236 1.477436173387267 1.5164618947623201
decision_type=2 2 2
left_child=1 2 -1
right_child=-2 -3 -4
leaf_value=-0.00060472189425957504 -0.0038275619777731404 0.0062865443644113846 0.0050329846577553813
leaf_weight=2240 151 155 153
leaf_count=2240 151 155 153
internal_value=-5.68201e-05 0.000173701 -0.000234524
internal_weight=2699 2548 2393
internal_count=2699 2548 2393
is_linear=0
shrinkage=0.05


Tree=106
num_leaves=6
num_cat=0
split_feature=6 8 8 0 3
split_gain=0.941216 1.73916 1.41992 2.87144 2.43103
threshold=5.5873048280066842 0.6139350029493057 0.3706480829037207 0.5375000000000002 -0.99999999999999567
decision_type=2 2 2 2 2
left_child=2 -2 3 -1 -4
right_child=1 -3 4 -5 -6
leaf_value=-0.0042285250424204139 0.00046176845884549989 -0.0056087561693061051 0.0044051005945486181 0.002858140768690242 -2.8199559101000992e-07
leaf_weight=389 284 196 420 220 1190
leaf_count=389 284 196 420 220 1190
internal_value=-5.36373e-05 -0.0020493 0.000381688 -0.00166605 0.00115903
internal_weight=2699 480 2219 609 1610
internal_count=2699 480 2219 609 1610
is_linear=0
shrinkage=0.05


Tree=107
num_leaves=5
num_cat=0
split_feature=11 11 1 12
split_gain=0.903255 1.45103 1.84963 1.43145
threshold=-0.88591702873062761 -0.75018319070349693 1.6174051176972499 0.098013830857440434
decision_type=2 2 2 2
left_child=3 -2 -3 -1
right_child=1 2 -4 -5
leaf_value=-0.00030550214005451576 -0.0045773954889209 0.00036737861544176994 -0.0052250712062232203 0.0056566899198861355
leaf_weight=250 189 1942 155 163
leaf_count=250 189 1942 155 163
internal_value=-5.04139e-05 -0.000440306 -5.74335e-05 0.00208713
internal_weight=2699 2286 2097 413
internal_count=2699 2286 2097 413
is_linear=0
shrinkage=0.05


Tree=108
num_leaves=6
num_cat=0
split_feature=6 8 8 12 0
split_gain=0.87951 1.60923 1.33571 3.07861 2.66418
threshold=5.5873048280066842 0.6139350029493057 0.3706480829037207 0.44003711957829716 0.5375000000000002
decision_type=2 2 2 2 2
left_child=2 -2 4 -4 -1
right_child=1 -3 3 -5 -6
leaf_value=-0.0040786537790888462 0.00044123047711424354 -0.0053981740287139049 0.0028051874452914346 -0.0017057349686055241 0.0027475050894750492
leaf_weight=389 284 196 1012 598 220
leaf_count=389 284 196 1012 598 220
internal_value=-4.51187e-05 -0.00197426 0.000375682 0.00112961 -0.00161042
internal_weight=2699 480 2219 1610 609
internal_count=2699 480 2219 1610 609
is_linear=0
shrinkage=0.05


Tree=109
num_leaves=7
num_cat=0
split_feature=3 6 11 3 6 6
split_gain=0.87456 2.5085 4.38298 1.93505 5.25411 3.64463
threshold=-0.99999999999999567 5.3943318001460137 0.17132013439805249 0.22941573387056446 4.5705268715305154 4.6182831237711417
decision_type=2 2 2 2 2 2
left_child=1 2 -1 5 -5 -2
right_child=3 -3 -4 4 -6 -7
leaf_value=0.0083486261832363459 0.0038989776883806507 -0.0027844351476632094 -0.0011118185016162254 -0.0060308314748900999 0.0023010789177192706 -0.0042828778394908198
leaf_weight=233 170 232 250 230 967 617
leaf_count=233 170 232 250 230 967 617
internal_value=-4.38896e-05 0.00144937 0.0034907 -0.000584327 0.0006817 -0.00250206
internal_weight=2699 715 483 1984 1197 787
internal_count=2699 715 483 1984 1197 787
is_linear=0
shrinkage=0.05


Tree=110
num_leaves=4
num_cat=0
split_feature=2 5 9
split_gain=0.865923 1.28482 1.94839
threshold=0.07671012713609944 0.11000000000000003 0.6089744028566999
decision_type=2 2 2
left_child=1 2 -1
right_child=-2 -3 -4
leaf_value=0.00085759613824148593 -0.0034226768108158463 0.0038279898456289423 -0.0022297713515887921
leaf_weight=1555 172 217 755
leaf_count=1555 172 217 755
internal_value=-4.17072e-05 0.000194723 -0.000154115
internal_weight=2699 2527 2310
internal_count=2699 2527 2310
is_linear=0
shrinkage=0.05


Tree=111
num_leaves=4
num_cat=0
split_feature=12 9 8
split_gain=0.858905 1.11243 1.82467
threshold=0.98078262472192701 1.3489052224215752 0.27414229417610386
decision_type=2 2 2
left_child=1 2 -1
right_child=-2 -3 -4
leaf_value=-0.0038663894215917719 0.0034319304599019582 0.0029632683225068808 -1.4581682667969557e-07
leaf_weight=357 162 236 1944
leaf_count=357 162 236 1944
internal_value=-4.16557e-05 -0.000269776 -0.000607076
internal_weight=2699 2537 2301
internal_count=2699 2537 2301
is_linear=0
shrinkage=0.05


Tree=112
num_leaves=7
num_cat=0
split_feature=3 5 9 3 6 6
split_gain=0.839532 2.46635 2.95259 1.76354 4.84528 3.40199
threshold=-0.99999999999999567 -0.022499999999999961 -0.80479130081637285 0.22941573387056446 4.5705268715305154 4.6182831237711417
decision_type=2 2 2 2 2 2
left_child=1 2 -1 5 -5 -2
right_child=3 -3 -4 4 -6 -7
leaf_value=-0.0059807366834810152 0.0037871048450469971 0.0069907350322374927 0.0020800744847318774 -0.0058034877859531563 0.0021976669769304892 -0.0041174839746350748
leaf_weight=151 170 151 413 230 967 617
leaf_count=151 170 151 413 230 967 617
internal_value=-3.6608e-05 0.00142643 -0.000111641 -0.000566123 0.000642523 -0.00239688
internal_weight=2699 715 564 1984 1197 787
internal_count=2699 715 564 1984 1197 787
is_linear=0
shrinkage=0.05


Tree=113
num_leaves=5
num_cat=0
split_feature=11 8 8 6
split_gain=0.83234 1.49075 2.44148 1.35604
threshold=-0.91428340587396184 0.17282149827452123 0.27125298686623905 5.4315141786205672
decision_type=2 2 2 2
left_child=3 -2 -3 -1
right_child=1 2 -4 -5
leaf_value=0.005561235937766913 0.0041878575818186789 -0.0059078860060465567 -0.00018731258820849561 -0.00054657640664473818
leaf_weight=159 161 201 1976 202
leaf_count=159 161 201 1976 202
internal_value=-3.47652e-05 -0.000381095 -0.000727814 0.00218279
internal_weight=2699 2338 2177 361
internal_count=2699 2338 2177 361
is_linear=0
shrinkage=0.05


Tree=114
num_leaves=4
num_cat=0
split_feature=3 3 6
split_gain=0.836203 2.2681 1.86834
threshold=1.6752166778851236 1.477436173387267 4.7510436906828923
decision_type=2 2 2
left_child=1 2 -1
right_child=-2 -3 -4
leaf_value=0.0020535573550687358 -0.0035843977441963482 0.0059500994597328832 -0.0010613620734280839
leaf_weight=661 151 155 1732
leaf_count=661 151 155 1732
internal_value=-3.072e-05 0.000186486 -0.000198464
internal_weight=2699 2548 2393
internal_count=2699 2548 2393
is_linear=0
shrinkage=0.05


Tree=115
num_leaves=5
num_cat=0
split_feature=9 12 9 12
split_gain=0.819552 1.12433 3.34001 2.30698
threshold=-1.5370943911637174 0.87139850226758386 0.36897041729470242 0.73553075158499337
decision_type=2 2 2 2
left_child=-1 3 -3 -2
right_child=1 2 -4 -5
leaf_value=-0.0032798722880321312 0.00025099940138545836 0.0069225369956991481 -0.0021896100719459356 -0.0056054790524522899
leaf_weight=176 1949 208 187 179
leaf_count=176 1949 208 187 179
internal_value=-2.9777e-05 0.000202983 0.00263524 -0.000253612
internal_weight=2699 2523 395 2128
internal_count=2699 2523 395 2128
is_linear=0
shrinkage=0.05


Tree=116
num_leaves=5
num_cat=0
split_feature=9 11 9 12
split_gain=0.81018 1.09405 2.43087 1.04238
threshold=1.5519415325069807 -0.88591702873062761 0.57792169083294687 0.098013830857440434
decision_type=2 2 2 2
left_child=1 3 -3 -1
right_child=-2 2 -4 -5
leaf_value=5.0536348817893026e-05 0.0034853447336823714 0.00042243678279522241 -0.0032278628105622369 0.0052416860348790707
leaf_weight=238 150 1504 649 158
leaf_count=238 150 1504 649 158
internal_value=-2.4653e-05 -0.000237623 -0.000682838 0.00216128
internal_weight=2699 2549 2153 396
internal_count=2699 2549 2153 396
is_linear=0
shrinkage=0.05


Tree=117
num_leaves=7
num_cat=0
split_feature=3 1 6 7 13 7
split_gain=0.801254 2.38893 2.13399 1.66676 2.9897 2.17316
threshold=-0.99999999999999567 -1.5755951658248968 5.357317125992469 -0.68975683787517461 0.08319035916351987 -0.86923602471971595
decision_type=2 2 2 2 8 2
left_child=1 -1 -3 5 -5 -2
right_child=3 2 -4 4 -6 -7
leaf_value=-0.0027352154033921535 -0.001727992455251733 0.0059282216037829204 -0.00089056988757464206 -0.00011619360931797935 -0.0053735398896494688 0.0059185818927272142
leaf_weight=231 166 303 181 1279 338 201
leaf_count=231 166 303 181 1279 338 201
internal_value=-1.99113e-05 0.00140935 0.00339519 -0.000537243 -0.00122831 0.00248318
internal_weight=2699 715 484 1984 1617 367
internal_count=2699 715 484 1984 1617 367
is_linear=0
shrinkage=0.05


Tree=118
num_leaves=4
num_cat=0
split_feature=10 8 8
split_gain=0.793351 1.05778 3.0134
threshold=0.009999999999999969 0.17282149827452123 0.25718778271777182
decision_type=2 2 2
left_child=-1 -2 -3
right_child=1 2 -4
leaf_value=0.0024346404813103757 0.0035283530231364473 -0.0070381038722449121 -7.6780806381617398e-05
leaf_weight=290 162 163 2084
leaf_count=290 162 163 2084
internal_value=-1.30705e-05 -0.000312163 -0.000596268
internal_weight=2699 2409 2247
internal_count=2699 2409 2247
is_linear=0
shrinkage=0.05


Tree=119
num_leaves=5
num_cat=0
split_feature=13 7 13 4
split_gain=0.790832 2.02599 1.57583 1.20831
threshold=0.2342627362855754 -0.71068113347229833 0.047875630642505169 0.030310889132455342
decision_type=10 2 8 2
left_child=1 3 -3 -1
right_child=-2 2 -4 -5
leaf_value=0.00077725789479670987 -0.0025524154014208104 0.00060486033330665293 -0.0023745784867140983 0.0070341622088978322
leaf_weight=150 270 1497 625 157
leaf_count=150 270 1497 625 157
internal_value=-1.08688e-05 0.000276304 -0.000276203 0.00403849
internal_weight=2699 2429 2122 307
internal_count=2699 2429 2122 307
is_linear=0
shrinkage=0.05


Tree=120
num_leaves=7
num_cat=0
split_feature=5 5 2 13 6 3
split_gain=0.791033 4.10457 4.45323 3.24917 2.87311 3.6205
threshold=0.017499999999999964 0.044999999999999964 0.030033296378372883 -0.0099863533457768879 4.7510436906828923 0.19365858115816967
decision_type=2 2 2 10 2 2
left_child=4 3 -3 -2 -1 -6
right_child=1 2 -4 -5 5 -7
leaf_value=0.0039863656651466448 -0.00070166251592097741 0.0077464193332096492 -0.0011892606424608906 -0.011049401418215806 -0.0018568769407135491 0.0057703880079694701
leaf_weight=465 150 176 603 150 975 180
leaf_count=465 150 176 603 150 975 180
internal_value=-7.76969e-06 -0.00105386 0.000866112 -0.00597185 0.000690076 -0.000648463
internal_weight=2699 1079 779 300 1620 1155
internal_count=2699 1079 779 300 1620 1155
is_linear=0
shrinkage=0.05


Tree=121
num_leaves=4
num_cat=0
split_feature=12 10 1
split_gain=0.789419 1.16041 1.38416
threshold=0.98078262472192701 0.009999999999999969 -1.6334790271652937
decision_type=2 2 2
left_child=1 -1 -3
right_child=-2 2 -4
leaf_value=0.0028327150559489911 0.0033257931783170756 -0.0051564059358450674 -0.00026052886422477524
leaf_weight=272 162 150 2115
leaf_count=272 162 150 2115
internal_value=-4.25095e-06 -0.000223014 -0.000595403
internal_weight=2699 2537 2265
internal_count=2699 2537 2265
is_linear=0
shrinkage=0.05


Tree=122
num_leaves=6
num_cat=0
split_feature=3 4 11 3 11
split_gain=0.806364 2.3275 2.30586 1.60596 1.65502
threshold=-0.99999999999999567 0.019182500757808175 0.089509970062786617 -0.85518611049413573 -0.91428340587396184
decision_type=2 2 2 2 2
left_child=1 -1 -3 -2 -5
right_child=3 2 -4 4 -6
leaf_value=0.0065055081057687134 -0.0052144803809459342 0.0028436820154022053 -0.0035996932170998595 0.0037429180519166789 -0.00068007483140047019
leaf_weight=167 162 293 255 239 1583
leaf_count=167 162 293 255 239 1583
internal_value=-2.61119e-06 0.00143117 -0.000160042 -0.000521621 -9.12353e-05
internal_weight=2699 715 548 1984 1822
internal_count=2699 715 548 1984 1822
is_linear=0
shrinkage=0.05


Tree=123
num_leaves=4
num_cat=0
split_feature=3 3 8
split_gain=0.789724 2.05791 1.7132
threshold=1.6752166778851236 1.477436173387267 0.18017875843725265
decision_type=2 2 2
left_child=1 2 -1
right_child=-2 -3 -4
leaf_value=0.0046102340141577379 -0.0034515922435392173 0.0057030085526639596 -0.00052760778462323675
leaf_weight=170 151 155 2223
leaf_count=170 151 155 2223
internal_value=1.96516e-06 0.000212989 -0.000153761
internal_weight=2699 2548 2393
internal_count=2699 2548 2393
is_linear=0
shrinkage=0.05


Tree=124
num_leaves=4
num_cat=0
split_feature=4 2 13
split_gain=0.769249 1.98168 1.60736
threshold=0.0043301270189222097 0.011180339887498952 0.21419809974014217
decision_type=2 2 10
left_child=-1 -2 -3
right_child=1 2 -4
leaf_value=-0.0030497621356820066 0.0051020277750924471 0.00034256798822294786 -0.0035290561556140967
leaf_weight=187 188 2020 304
leaf_count=187 188 2020 304
internal_value=8.72357e-07 0.000233577 -0.000170364
internal_weight=2699 2512 2324
internal_count=2699 2512 2324
is_linear=0
shrinkage=0.05


Tree=125
num_leaves=7
num_cat=0
split_feature=5 5 2 13 6 11
split_gain=0.763249 3.80434 4.07851 2.98172 2.68201 3.27266
threshold=0.017499999999999964 0.044999999999999964 0.030033296378372883 -0.0099863533457768879 4.7510436906828923 0.49999864614541206
decision_type=2 2 2 10 2 2
left_child=4 3 -3 -2 5 -1
right_child=1 2 -4 -5 -6 -7
leaf_value=0.0077378971505865984 -0.00070912175811827188 0.0074085830273466881 -0.0011428670783061535 -0.010623248631675398 -0.00060468350183861012 -0.00061796836152270033
leaf_weight=248 150 176 603 150 1155 217
leaf_count=248 150 176 603 150 1155 217
internal_value=3.19492e-06 -0.00102438 0.000824095 -0.00575907 0.000688656 0.0038734
internal_weight=2699 1079 779 300 1620 465
internal_count=2699 1079 779 300 1620 465
is_linear=0
shrinkage=0.05


Tree=126
num_leaves=5
num_cat=0
split_feature=9 12 9 12
split_gain=0.748305 1.01308 3.14443 2.12331
threshold=-1.5370943911637174 0.87139850226758386 0.36897041729470242 0.73553075158499337
decision_type=2 2 2 2
left_child=-1 3 -3 -2
right_child=1 2 -4 -5
leaf_value=-0.00309766482829389 0.00028086721903321352 0.0066990973436636542 -0.002141997761403521 -0.0053375940359926422
leaf_weight=176 1949 208 187 179
leaf_count=176 1949 208 187 179
internal_value=8.01186e-06 0.000230357 0.00253911 -0.000203142
internal_weight=2699 2523 395 2128
internal_count=2699 2523 395 2128
is_linear=0
shrinkage=0.05


Tree=127
num_leaves=7
num_cat=0
split_feature=3 5 9 7 5 13
split_gain=0.744813 2.20721 2.76551 1.65254 2.46067 2.27648
threshold=-0.99999999999999567 -0.022499999999999961 -0.80479130081637285 -0.70172462272495462 0.01999999999999998 0.08319035916351987
decision_type=2 2 2 2 2 8
left_child=1 2 -1 4 -2 -5
right_child=3 -3 -4 5 -6 -7
leaf_value=-0.0057462246419909676 0.0068357736340590898 0.0066534787846299322 0.0020550248591879911 -0.00018970272456756747 -0.0013727709699248405 -0.0047453449238465308
leaf_weight=151 170 151 413 1282 188 344
leaf_count=151 170 151 413 1282 188 344
internal_value=1.16771e-05 0.00138963 -6.57481e-05 -0.000487158 0.00256561 -0.0011651
internal_weight=2699 715 564 1984 358 1626
internal_count=2699 715 564 1984 358 1626
is_linear=0
shrinkage=0.05


Tree=128
num_leaves=4
num_cat=0
split_feature=4 2 13
split_gain=0.738157 1.85218 1.29565
threshold=0.0043301270189222097 0.012990381056766606 0.072466358839533132
decision_type=2 2 10
left_child=-1 -2 -3
right_child=1 2 -4
leaf_value=-0.0029695161385461691 0.0041516142165308944 0.00069257210105594792 -0.0017910421623337945
leaf_weight=187 266 1419 827
leaf_count=187 266 1419 827
internal_value=1.88668e-05 0.000246787 -0.000223867
internal_weight=2699 2512 2246
internal_count=2699 2512 2246
is_linear=0
shrinkage=0.05


Tree=129
num_leaves=6
num_cat=0
split_feature=6 4 5 1 9
split_gain=0.729437 1.59627 2.12962 1.22008 1.56799
threshold=5.5873048280066842 0.022776083947860761 -1.0000000180025095e-35 1.6629874728333027 1.3679239681690776
decision_type=2 2 2 2 2
left_child=3 -2 -3 4 -1
right_child=1 2 -4 -5 -6
leaf_value=0.00028652201991464729 -0.0058242102595977494 0.003968198818878995 -0.0040275065468684318 -0.0037618408928071067 0.0049989565710226698
leaf_weight=1871 155 175 150 158 190
leaf_count=1871 155 175 150 158 190
internal_value=2.11799e-05 -0.0017358 0.000272764 0.000404286 0.000732
internal_weight=2699 480 325 2219 2061
internal_count=2699 480 325 2219 2061
is_linear=0
shrinkage=0.05


Tree=130
num_leaves=6
num_cat=0
split_feature=7 6 8 4 0
split_gain=0.731738 2.00355 1.88845 1.57274 1.56263
threshold=-0.71068113347229833 5.4942541398213978 0.60679089361568039 0.0043301270189222097 0.29000000000000009
decision_type=2 2 2 2 2
left_child=1 2 -1 -2 -5
right_child=3 -3 -4 4 -6
leaf_value=0.00038982972884789497 -0.005035564881152736 -0.0029418158973567188 0.0077005819406315498 -0.0044499690228209481 0.0004410910066247195
leaf_weight=190 162 155 161 174 1857
leaf_count=190 162 155 161 174 1857
internal_value=2.49447e-05 0.0017292 0.00380425 -0.000371325 1.21645e-05
internal_weight=2699 506 351 2193 2031
internal_count=2699 506 351 2193 2031
is_linear=0
shrinkage=0.05


Tree=131
num_leaves=4
num_cat=0
split_feature=2 5 9
split_gain=0.722802 1.27241 1.93293
threshold=0.07671012713609944 0.11000000000000003 0.6089744028566999
decision_type=2 2 2
left_child=1 2 -1
right_child=-2 -3 -4
leaf_value=0.00090160621485362458 -0.0030636851391676119 0.0038569057502926469 -0.0021734668671668164
leaf_weight=1555 172 217 755
leaf_count=1555 172 217 755
internal_value=2.53815e-05 0.000241273 -0.000105974
internal_weight=2699 2527 2310
internal_count=2699 2527 2310
is_linear=0
shrinkage=0.05


Tree=132
num_leaves=5
num_cat=0
split_feature=9 3 6 6
split_gain=0.706597 0.964442 5.61146 5.42731
threshold=1.5519415325069807 0.25805573549934618 4.5705268715305154 4.7510436906828923
decision_type=2 2 2 2
left_child=1 3 -3 -1
right_child=-2 2 -4 -5
leaf_value=0.00392214584173705 0.0033006334497082618 -0.006177419161631002 0.0026319010608933714 -0.0029641122189595515
leaf_weight=392 150 220 916 1021
leaf_count=392 150 220 916 1021
internal_value=2.27709e-05 -0.000176204 0.000906277 -0.00104661
internal_weight=2699 2549 1136 1413
internal_count=2699 2549 1136 1413
is_linear=0
shrinkage=0.05


Tree=133
num_leaves=7
num_cat=0
split_feature=5 5 2 13 6 3
split_gain=0.738695 3.52403 3.81268 2.72521 2.33576 3.17991
threshold=0.017499999999999964 0.044999999999999964 0.030033296378372883 -0.0099863533457768879 4.7510436906828923 0.19365858115816967
decision_type=2 2 2 10 2 2
left_child=4 3 -3 -2 -1 -6
right_child=1 2 -4 -5 5 -7
leaf_value=0.0036681569739185436 -0.00071677953125007699 0.0071563174791160703 -0.0011117399808043909 -0.010196353990224101 -0.0016438880680623104 0.0055039889264751132
leaf_weight=465 150 176 603 150 975 180
leaf_count=465 150 176 603 150 975 180
internal_value=2.18496e-05 -0.000989096 0.000789994 -0.00554602 0.000696161 -0.000511011
internal_weight=2699 1079 779 300 1620 1155
internal_count=2699 1079 779 300 1620 1155
is_linear=0
shrinkage=0.05


Tree=134
num_leaves=7
num_cat=0
split_feature=3 1 2 7 5 13
split_gain=0.747564 2.17377 1.80727 1.55545 2.29441 1.99506
threshold=-0.99999999999999567 -1.5755951658248968 0.030265491900843131 -0.70172462272495462 0.01999999999999998 0.10669676643396998
decision_type=2 2 2 2 2 8
left_child=1 -1 -3 4 -2 -5
right_child=3 2 -4 5 -6 -7
leaf_value=-0.002548003633964365 0.0066110716802733286 0.0070022838029462076 0.00078916975958680474 -0.00032237565387910257 -0.001315486208183469 -0.0049161570085024383
leaf_weight=231 170 192 292 1344 188 282
leaf_count=231 170 192 292 1344 188 282
internal_value=2.57882e-05 0.00140626 0.00330027 -0.000473994 0.00248774 -0.00113171
internal_weight=2699 715 484 1984 358 1626
internal_count=2699 715 484 1984 358 1626
is_linear=0
shrinkage=0.05


Tree=135
num_leaves=4
num_cat=0
split_feature=12 10 6
split_gain=0.712405 1.1184 1.24778
threshold=0.98078262472192701 0.009999999999999969 4.4572499954199731
decision_type=2 2 2
left_child=1 -1 -3
right_child=-2 2 -4
leaf_value=0.0028234584263730996 0.0031949366348053886 -0.0033446633416784584 -5.1534609788827788e-05
leaf_weight=272 162 333 1932
leaf_count=272 162 333 1932
internal_value=3.15583e-05 -0.000176326 -0.000541991
internal_weight=2699 2537 2265
internal_count=2699 2537 2265
is_linear=0
shrinkage=0.05


Tree=136
num_leaves=6
num_cat=0
split_feature=3 1 6 3 9
split_gain=0.695569 2.02836 1.79694 1.48102 1.67089
threshold=-0.99999999999999567 -1.5755951658248968 5.357317125992469 -0.85518611049413573 -0.017608384959224611
decision_type=2 2 2 2 2
left_child=1 -1 -3 -2 -5
right_child=3 2 -4 4 -6
leaf_value=-0.0024560749104593771 -0.0049565963023258542 0.0055174959784180123 -0.00074135798520298419 0.0015721386187820586 -0.0014539688157713237
leaf_weight=231 162 303 181 853 969
leaf_count=231 162 303 181 853 969
internal_value=3.21155e-05 0.0013637 0.00319324 -0.000449986 -3.68203e-05
internal_weight=2699 715 484 1984 1822
internal_count=2699 715 484 1984 1822
is_linear=0
shrinkage=0.05


Tree=137
num_leaves=5
num_cat=0
split_feature=9 8 8 3
split_gain=0.708445 0.985136 3.57432 2.45325
threshold=-1.5370943911637174 0.24206956012314715 0.16162052680275149 1.5075567228888129
decision_type=2 2 2 2
left_child=-1 2 -2 -3
right_child=1 3 -4 -5
leaf_value=-0.0029877606203048928 0.0030196831776545599 5.3362160540927111e-05 -0.0076665840998787109 0.0055070811361276912
leaf_weight=176 151 1994 153 225
leaf_count=176 151 1994 153 225
internal_value=3.41218e-05 0.000250415 -0.00239563 0.000617491
internal_weight=2699 2523 304 2219
internal_count=2699 2523 304 2219
is_linear=0
shrinkage=0.05


Tree=138
num_leaves=4
num_cat=0
split_feature=3 3 8
split_gain=0.74473 1.75858 1.60721
threshold=1.6752166778851236 1.477436173387267 0.18017875843725265
decision_type=2 2 2
left_child=1 2 -1
right_child=-2 -3 -4
leaf_value=0.0045128307789564139 -0.0033208526730632939 0.0053128574066795414 -0.00046349754283218057
leaf_weight=170 151 155 2223
leaf_count=170 151 155 2223
internal_value=3.29427e-05 0.00023781 -0.000101304
internal_weight=2699 2548 2393
internal_count=2699 2548 2393
is_linear=0
shrinkage=0.05


Tree=139
num_leaves=5
num_cat=0
split_feature=11 8 4 7
split_gain=0.698884 1.43455 1.53446 1.15851
threshold=-0.91428340587396184 0.71040165460645566 0.0043301270189222097 -0.29334622560791518
decision_type=2 2 2 2
left_child=3 2 -2 -1
right_child=1 -3 -4 -5
leaf_value=0.005237387859997172 -0.0043954646182164814 -0.0038348868591930926 0.00054659685711120351 -0.00042047692518237806
leaf_weight=156 166 249 1923 205
leaf_count=156 166 249 1923 205
internal_value=3.0722e-05 -0.000286746 0.000144324 0.00206262
internal_weight=2699 2338 2089 361
internal_count=2699 2338 2089 361
is_linear=0
shrinkage=0.05


Tree=140
num_leaves=6
num_cat=0
split_feature=2 9 12 11 11
split_gain=0.688541 4.07265 1.16432 4.15398 2.18362
threshold=0.012990381056766606 -1.0000000180025095e-35 0.019161088049153462 0.53484399960532059 0.82060928857708182
decision_type=2 2 2 2 2
left_child=1 -1 4 -4 -2
right_child=2 -3 3 -5 -6
leaf_value=0.0069779244351010879 -0.00032377666009307326 -0.002623011113366572 0.00064644972121308297 -0.005883485675786837 0.0050013898438754888
leaf_weight=201 924 234 746 356 238
leaf_count=201 924 234 746 356 238
internal_value=3.20442e-05 0.00184217 -0.000319042 -0.00148009 0.000783675
internal_weight=2699 435 2264 1102 1162
internal_count=2699 435 2264 1102 1162
is_linear=0
shrinkage=0.05


Tree=141
num_leaves=4
num_cat=0
split_feature=3 3 9
split_gain=0.674451 1.61287 1.55395
threshold=1.6752166778851236 1.477436173387267 1.5164618947623201
decision_type=2 2 2
left_child=1 2 -1
right_child=-2 -3 -4
leaf_value=-0.00043187405694719984 -0.0031565812010413566 0.0050902485771803195 0.0046982921141235133
leaf_weight=2240 151 155 153
leaf_count=2240 151 155 153
internal_value=3.5054e-05 0.000230009 -9.47569e-05
internal_weight=2699 2548 2393
internal_count=2699 2548 2393
is_linear=0
shrinkage=0.05


Tree=142
num_leaves=7
num_cat=0
split_feature=5 5 2 13 6 11
split_gain=0.674733 3.28955 3.47727 2.52767 2.25478 3.00763
threshold=0.017499999999999964 0.044999999999999964 0.030033296378372883 -0.0099863533457768879 4.7510436906828923 0.49999864614541206
decision_type=2 2 2 10 2 2
left_child=4 3 -3 -2 5 -1
right_child=1 2 -4 -5 -6 -7
leaf_value=0.0073043490809723451 -0.00068330486410207334 0.0068672474707831832 -0.0010288683382034499 -0.0098125903428562238 -0.00050661830492478249 -0.00070386503797930646
leaf_weight=248 150 176 603 150 1155 217
leaf_count=248 150 176 603 150 1155 217
internal_value=3.4993e-05 -0.000931221 0.000787525 -0.00533398 0.000679425 0.00359945
internal_weight=2699 1079 779 300 1620 465
internal_count=2699 1079 779 300 1620 465
is_linear=0
shrinkage=0.05


Tree=143
num_leaves=4
num_cat=0
split_feature=10 1 1
split_gain=0.660305 1.2188 2.90686
threshold=0.009999999999999969 -1.6334790271652937 -1.2236327659077435
decision_type=2 2 2
left_child=-1 -2 -3
right_child=1 2 -4
leaf_value=0.0022729375705880634 -0.0043808324409253668 0.0046022250116163612 -0.00063895337626717599
leaf_weight=290 160 301 1948
leaf_count=290 160 301 1948
internal_value=3.99719e-05 -0.000232988 7.11646e-05
internal_weight=2699 2409 2249
internal_count=2699 2409 2249
is_linear=0
shrinkage=0.05


Tree=144
num_leaves=5
num_cat=0
split_feature=9 8 8 3
split_gain=0.65706 0.982399 3.27348 2.205
threshold=-1.5370943911637174 0.24206956012314715 0.16162052680275149 1.5075567228888129
decision_type=2 2 2 2
left_child=-1 2 -2 -3
right_child=1 3 -4 -5
leaf_value=-0.0028680809192071308 0.002792787079054576 8.2113265640858477e-05 -0.0074352953895407761 0.0052526237071572768
leaf_weight=176 151 1994 153 225
leaf_count=176 151 1994 153 225
internal_value=4.21684e-05 0.000250453 -0.00239192 0.000617018
internal_weight=2699 2523 304 2219
internal_count=2699 2523 304 2219
is_linear=0
shrinkage=0.05


Tree=145
num_leaves=4
num_cat=0
split_feature=3 3 8
split_gain=0.675658 1.40789 1.46001
threshold=1.6752166778851236 1.477436173387267 0.18017875843725265
decision_type=2 2 2
left_child=1 2 -1
right_child=-2 -3 -4
leaf_value=0.0043303891161257137 -0.003153454797724501 0.0047770680649409777 -0.00041257163773698792
leaf_weight=170 151 155 2223
leaf_count=170 151 155 2223
internal_value=4.10505e-05 0.000236169 -6.73025e-05
internal_weight=2699 2548 2393
internal_count=2699 2548 2393
is_linear=0
shrinkage=0.05


Tree=146
num_leaves=4
num_cat=0
split_feature=12 10 6
split_gain=0.64797 1.00487 1.1831
threshold=0.98078262472192701 0.009999999999999969 4.2352649913362796
decision_type=2 2 2
left_child=1 -1 -3
right_child=-2 2 -4
leaf_value=0.0026839701250356892 0.0030557307119141084 -0.0043048169860180393 -0.00016267627194165921
leaf_weight=272 162 183 2082
leaf_count=272 162 183 2082
internal_value=3.8815e-05 -0.000159462 -0.000506084
internal_weight=2699 2537 2265
internal_count=2699 2537 2265
is_linear=0
shrinkage=0.05


Tree=147
num_leaves=5
num_cat=0
split_feature=11 8 4 6
split_gain=0.647291 1.30401 1.48126 1.1324
threshold=-0.91428340587396184 0.71040165460645566 0.0043301270189222097 5.4315141786205672
decision_type=2 2 2 2
left_child=3 2 -2 -1
right_child=1 -3 -4 -5
leaf_value=0.0050823169387025175 -0.0043154252061282684 -0.0036488502660370252 0.00054020738121737051 -0.00049918588466834333
leaf_weight=159 166 249 1923 202
leaf_count=159 166 249 1923 202
internal_value=3.95498e-05 -0.000265995 0.000144977 0.001995
internal_weight=2699 2338 2089 361
internal_count=2699 2338 2089 361
is_linear=0
shrinkage=0.05


Tree=148
num_leaves=6
num_cat=0
split_feature=2 9 12 11 11
split_gain=0.666214 3.88171 1.09517 3.7164 2.06466
threshold=0.012990381056766606 -1.0000000180025095e-35 0.019161088049153462 0.53484399960532059 0.82060928857708182
decision_type=2 2 2 2 2
left_child=1 -1 4 -4 -2
right_child=2 -3 3 -5 -6
leaf_value=0.0068341287648648885 -0.00031293873034570011 -0.0025392266380051191 0.00058003312947796522 -0.0055965520606641962 0.0048651441287847217
leaf_weight=201 924 234 746 356 238
leaf_count=201 924 234 746 356 238
internal_value=3.98354e-05 0.00182035 -0.000305527 -0.00143157 0.000763933
internal_weight=2699 435 2264 1102 1162
internal_count=2699 435 2264 1102 1162
is_linear=0
shrinkage=0.05


Tree=149
num_leaves=7
num_cat=0
split_feature=5 5 2 13 6 3
split_gain=0.63548 3.05164 3.173 2.33467 2.17432 2.95779
threshold=0.017499999999999964 0.044999999999999964 0.030033296378372883 -0.0099863533457768879 4.7510436906828923 0.19365858115816967
decision_type=2 2 2 10 2 2
left_child=4 3 -3 -2 -1 -6
right_child=1 2 -4 -5 5 -7
leaf_value=0.0035355712601201649 -0.00066562535992312818 0.0065680421003814562 -0.00097472759999187768 -0.0094398009392522991 -0.0015891601827692917 0.0053045610398859593
leaf_weight=465 150 176 603 150 975 180
leaf_count=465 150 176 603 150 975 180
internal_value=4.27239e-05 -0.000894981 0.000760435 -0.00513554 0.000668114 -0.00049658
internal_weight=2699 1079 779 300 1620 1155
internal_count=2699 1079 779 300 1620 1155
is_linear=0
shrinkage=0.05


Tree=150
num_leaves=5
num_cat=0
split_feature=7 2 4 13
split_gain=0.647091 1.85846 1.38431 1.34992
threshold=-0.71068113347229833 0.034292856398964518 0.0043301270189222097 -0.28426874296371801
decision_type=2 2 2 10
left_child=1 -1 -2 -4
right_child=2 -3 3 -5
leaf_value=-0.0013028304337763764 -0.0047021399079236444 0.0047088768569723011 -0.0040274149910997483 0.00044062231925901056
leaf_weight=259 162 247 181 1850
leaf_count=259 162 247 181 1850
internal_value=4.64821e-05 0.0016491 -0.000326207 3.35242e-05
internal_weight=2699 506 2193 2031
internal_count=2699 506 2193 2031
is_linear=0
shrinkage=0.05


Tree=151
num_leaves=6
num_cat=0
split_feature=2 9 9 1 3
split_gain=0.657501 3.64352 1.10266 5.47284 2.10536
threshold=0.012990381056766606 -1.0000000180025095e-35 0.99242880088058905 -0.30237528100466576 0.25805573549934618
decision_type=2 2 2 2 2
left_child=1 -1 4 -4 -2
right_child=2 -3 3 -5 -6
leaf_value=0.0066709774483031435 -0.002438313231603137 -0.0024106894950986411 0.0073615927265460838 -0.0035650425987399145 0.00096634957804159205
leaf_weight=201 966 234 224 225 849
leaf_count=201 966 234 224 225 849
internal_value=4.496e-05 0.00181379 -0.000298147 0.00190715 -0.000847439
internal_weight=2699 435 2264 449 1815
internal_count=2699 435 2264 449 1815
is_linear=0
shrinkage=0.05


Tree=152
num_leaves=5
num_cat=0
split_feature=9 8 8 3
split_gain=0.638902 0.942223 3.01873 1.99139
threshold=-1.5370943911637174 0.24206956012314715 0.16162052680275149 1.5075567228888129
decision_type=2 2 2 2
left_child=-1 2 -2 -3
right_child=1 3 -4 -5
leaf_value=-0.0028222748855365573 0.0026448356274228831 0.00010344463178311188 -0.0071777740327635467 0.0050172077564765577
leaf_weight=176 151 1994 153 225
leaf_count=176 151 1994 153 225
internal_value=4.74918e-05 0.000252868 -0.00233493 0.000611845
internal_weight=2699 2523 304 2219
internal_count=2699 2523 304 2219
is_linear=0
shrinkage=0.05


Tree=153
num_leaves=4
num_cat=0
split_feature=3 8 8
split_gain=0.666982 1.23504 1.88799
threshold=1.6752166778851236 0.18017875843725265 0.27414229417610386
decision_type=2 2 2
left_child=1 -1 -3
right_child=-2 2 -4
leaf_value=0.0042091619990929805 -0.0031279514770572768 -0.0044553462762557611 0.00038690742833394045
leaf_weight=177 151 217 2154
leaf_count=177 151 217 2154
internal_value=4.59887e-05 0.000239841 -6.47112e-05
internal_weight=2699 2548 2371
internal_count=2699 2548 2371
is_linear=0
shrinkage=0.05


Tree=154
num_leaves=7
num_cat=0
split_feature=3 5 9 7 7 13
split_gain=0.648058 2.02036 2.4855 1.43662 2.12082 1.85544
threshold=-0.99999999999999567 -0.022499999999999961 -0.80479130081637285 -0.70172462272495462 -0.86923602471971595 0.08319035916351987
decision_type=2 2 2 2 2 8
left_child=1 2 -1 4 -2 -5
right_child=3 -3 -4 5 -6 -7
leaf_value=-0.0054468215658114508 -0.0016918392492490904 0.0063669467726961172 0.0019489414605053598 -0.00017140513237510761 0.0059394981888203227 -0.0042842428306021588
leaf_weight=151 166 151 413 1282 192 344
leaf_count=151 166 151 413 1282 192 344
internal_value=4.55527e-05 0.00133083 -6.15934e-05 -0.00041982 0.00242638 -0.00105199
internal_weight=2699 715 564 1984 358 1626
internal_count=2699 715 564 1984 358 1626
is_linear=0
shrinkage=0.05


Tree=155
num_leaves=5
num_cat=0
split_feature=13 7 4 4
split_gain=0.620771 1.74726 1.18839 1.17591
threshold=0.2342627362855754 -0.71068113347229833 0.030310889132455342 0.0043301270189222097
decision_type=10 2 2 2
left_child=1 2 -1 -3
right_child=-2 3 -4 -5
leaf_value=0.00057035856275638997 -0.0022028030265461313 -0.0042772207517040575 0.0067673604015582867 0.00012967958012349691
leaf_weight=150 270 159 157 1963
leaf_count=150 270 159 157 1963
internal_value=4.90726e-05 0.000303395 0.00379717 -0.000209805
internal_weight=2699 2429 307 2122
internal_count=2699 2429 307 2122
is_linear=0
shrinkage=0.05


Tree=156
num_leaves=6
num_cat=0
split_feature=2 9 9 1 3
split_gain=0.629097 3.41979 1.03615 5.06715 1.9493
threshold=0.012990381056766606 -1.0000000180025095e-35 0.99242880088058905 -0.30237528100466576 0.25805573549934618
decision_type=2 2 2 2 2
left_child=1 -1 4 -4 -2
right_child=2 -3 3 -5 -6
leaf_value=0.0064849628153645887 -0.0023496500003256145 -0.0023136482679257833 0.0070996181673358104 -0.0034143577597063519 0.00092640388342584605
leaf_weight=201 966 234 224 225 849
leaf_count=201 966 234 224 225 849
internal_value=4.92195e-05 0.00177941 -0.000286404 0.00185134 -0.00081888
internal_weight=2699 435 2264 449 1815
internal_count=2699 435 2264 449 1815
is_linear=0
shrinkage=0.05


Tree=157
num_leaves=7
num_cat=0
split_feature=5 5 2 13 6 3
split_gain=0.626036 2.78709 2.94929 2.20764 2.02748 2.72801
threshold=0.017499999999999964 0.044999999999999964 0.030033296378372883 -0.0099863533457768879 4.7510436906828923 0.19365858115816967
decision_type=2 2 2 10 2 2
left_child=4 3 -3 -2 -1 -6
right_child=1 2 -4 -5 5 -7
leaf_value=0.0034412352390527884 -0.00058719184099426201 0.0063023117386339783 -0.00096960014565602732 -0.0091170164510127032 -0.0015018265288589258 0.0051186512330093905
leaf_weight=465 150 176 603 150 975 180
leaf_count=465 150 176 603 150 975 180
internal_value=5.16236e-05 -0.000879106 0.000703063 -0.00493165 0.000672333 -0.000452448
internal_weight=2699 1079 779 300 1620 1155
internal_count=2699 1079 779 300 1620 1155
is_linear=0
shrinkage=0.05


Tree=158
num_leaves=4
num_cat=0
split_feature=3 3 9
split_gain=0.62124 1.18823 1.37733
threshold=1.6752166778851236 1.477436173387267 1.5164618947623201
decision_type=2 2 2
left_child=1 2 -1
right_child=-2 -3 -4
leaf_value=-0.00035414590241018276 -0.0030080744339965096 0.0044138192493119273 0.0044756612988023818
leaf_weight=2240 151 155 153
leaf_count=2240 151 155 153
internal_value=5.51215e-05 0.000242189 -3.66568e-05
internal_weight=2699 2548 2393
internal_count=2699 2548 2393
is_linear=0
shrinkage=0.05


Tree=159
num_leaves=7
num_cat=0
split_feature=3 2 11 11 11 3
split_gain=0.616962 1.93061 3.41566 1.38406 3.81811 3.33635
threshold=-0.99999999999999567 0.030033296378372883 0.076281398835186628 -0.043619269256720571 0.67368457498306267 1.2985085477021265
decision_type=2 2 2 2 2 2
left_child=1 -1 -3 5 -5 -2
right_child=3 2 -4 4 -6 -7
leaf_value=0.004517570926978345 -0.0034653406344966318 0.0033640947113981693 -0.0054035779521135353 0.0040478548987044225 -0.0019363293636938282 0.0035985543279904346
leaf_weight=279 707 231 205 490 573 214
leaf_count=279 707 231 205 490 573 214
internal_value=5.45177e-05 0.00130856 -0.000772846 -0.000399572 0.000828174 -0.00181343
internal_weight=2699 715 436 1984 1063 921
internal_count=2699 715 436 1984 1063 921
is_linear=0
shrinkage=0.05


Tree=160
num_leaves=5
num_cat=0
split_feature=11 8 4 8
split_gain=0.609486 1.21594 1.41834 1.08057
threshold=-0.91428340587396184 0.71040165460645566 0.0086602540378443605 0.50086294032735812
decision_type=2 2 2 2
left_child=3 2 -2 -1
right_child=1 -3 -4 -5
leaf_value=-0.0012184354865664168 -0.0030535464941184166 -0.0035087818969187774 0.00068093807724755445 0.0042576635632436601
leaf_weight=153 291 249 1798 208
leaf_count=153 291 249 1798 208
internal_value=5.43715e-05 -0.000242146 0.000154671 0.00195183
internal_weight=2699 2338 2089 361
internal_count=2699 2338 2089 361
is_linear=0
shrinkage=0.05


Tree=161
num_leaves=4
num_cat=0
split_feature=3 8 8
split_gain=0.607029 1.1857 1.73429
threshold=1.6752166778851236 0.18017875843725265 0.27414229417610386
decision_type=2 2 2
left_child=1 -1 -3
right_child=-2 2 -4
leaf_value=0.0041276156009369333 -0.002974485884754895 -0.0042681508911521851 0.00037281457932200932
leaf_weight=177 151 217 2154
leaf_count=177 151 217 2154
internal_value=5.34702e-05 0.000238387 -6.00264e-05
internal_weight=2699 2548 2371
internal_count=2699 2548 2371
is_linear=0
shrinkage=0.05


Tree=162
num_leaves=6
num_cat=0
split_feature=2 9 12 11 11
split_gain=0.610299 3.23734 1.02289 3.39239 1.93897
threshold=0.012990381056766606 -1.0000000180025095e-35 0.019161088049153462 0.53484399960532059 0.82060928857708182
decision_type=2 2 2 2 2
left_child=1 -1 4 -4 -2
right_child=2 -3 3 -5 -6
leaf_value=0.0063347908966604949 -0.00028821545125730136 -0.00222612848840498 0.00055555066790744249 -0.0053456339639433538 0.0047298411298313265
leaf_weight=201 924 234 746 356 238
leaf_count=201 924 234 746 356 238
internal_value=5.25023e-05 0.00175664 -0.000278077 -0.00136636 0.000755441
internal_weight=2699 435 2264 1102 1162
internal_count=2699 435 2264 1102 1162
is_linear=0
shrinkage=0.05


Tree=163
num_leaves=4
num_cat=0
split_feature=1 1 9
split_gain=0.615553 2.44685 1.10235
threshold=-1.5755951658248968 -1.3107993791520858 1.1951132228516992
decision_type=2 2 2
left_child=-1 -2 -3
right_child=1 2 -4
leaf_value=-0.0023849979295568952 0.0053460534115176688 0.00023135997349293922 -0.0030182029835359998
leaf_weight=231 213 1959 296
leaf_count=231 213 1959 296
internal_value=5.49157e-05 0.000287647 -0.000200924
internal_weight=2699 2468 2255
internal_count=2699 2468 2255
is_linear=0
shrinkage=0.05


Tree=164
num_leaves=6
num_cat=0
split_feature=6 4 5 1 9
split_gain=0.613366 1.58564 2.02719 1.14802 1.33003
threshold=5.5873048280066842 0.022776083947860761 -1.0000000180025095e-35 1.6629874728333027 1.3679239681690776
decision_type=2 2 2 2 2
left_child=3 -2 -3 4 -1
right_child=1 2 -4 -5 -6
leaf_value=0.00031299592084638568 -0.005631984462961555 0.0040455506742000579 -0.0037559558787653526 -0.0036357368068323914 0.0046533658403234606
leaf_weight=1871 155 175 150 158 190
leaf_count=1871 155 175 150 158 190
internal_value=5.43158e-05 -0.00155689 0.000442503 0.000405558 0.00072342
internal_weight=2699 480 325 2219 2061
internal_count=2699 480 325 2219 2061
is_linear=0
shrinkage=0.05


Tree=165
num_leaves=4
num_cat=0
split_feature=10 1 1
split_gain=0.596499 1.12884 2.49996
threshold=0.009999999999999969 -1.6334790271652937 -1.2236327659077435
decision_type=2 2 2
left_child=-1 -2 -3
right_child=1 2 -4
leaf_value=0.0021792350987256586 -0.0041943923948389115 0.0042920574058894238 -0.0005684821414859004
leaf_weight=290 160 301 1948
leaf_count=290 160 301 1948
internal_value=5.69244e-05 -0.000202548 9.01171e-05
internal_weight=2699 2409 2249
internal_count=2699 2409 2249
is_linear=0
shrinkage=0.05


Tree=166
num_leaves=5
num_cat=0
split_feature=9 8 8 3
split_gain=0.590301 0.841327 2.54331 1.94892
threshold=-1.5370943911637174 0.24206956012314715 0.16162052680275149 1.5075567228888129
decision_type=2 2 2 2
left_child=-1 2 -2 -3
right_child=1 3 -4 -5
leaf_value=-0.0027000751511003433 0.00238235436905271 9.2057291681078328e-05 -0.0066343548424730578 0.0049531165488145281
leaf_weight=176 151 1994 153 225
leaf_count=176 151 1994 153 225
internal_value=5.84116e-05 0.000255798 -0.00218958 0.000594982
internal_weight=2699 2523 304 2219
internal_count=2699 2523 304 2219
is_linear=0
shrinkage=0.05


Tree=167
num_leaves=4
num_cat=0
split_feature=2 5 9
split_gain=0.580663 1.23743 1.85282
threshold=0.07671012713609944 0.11000000000000003 0.6089744028566999
decision_type=2 2 2
left_child=1 2 -1
right_child=-2 -3 -4
leaf_value=0.00089341589426532243 -0.002712815713747747 0.0038150126097707066 -0.0021172581098385548
leaf_weight=1555 172 217 755
leaf_count=1555 172 217 755
internal_value=5.59826e-05 0.000249426 -9.30399e-05
internal_weight=2699 2527 2310
internal_count=2699 2527 2310
is_linear=0
shrinkage=0.05


Tree=168
num_leaves=6
num_cat=0
split_feature=2 9 9 1 2
split_gain=0.584103 3.00042 0.986053 4.68025 1.84986
threshold=0.012990381056766606 -1.0000000180025095e-35 0.99242880088058905 -0.30237528100466576 0.034910600109422353
decision_type=2 2 2 2 2
left_child=1 -1 4 -4 -2
right_child=2 -3 3 -5 -6
leaf_value=0.0061266726063727182 -0.0025052511133253578 -0.0021152990446406494 0.0068579164541053977 -0.0032469630038932614 0.00068857582905695273
leaf_weight=201 839 234 224 225 976
leaf_count=201 839 234 224 225 976
internal_value=5.22413e-05 0.0017194 -0.000271167 0.00181423 -0.000790626
internal_weight=2699 435 2264 449 1815
internal_count=2699 435 2264 449 1815
is_linear=0
shrinkage=0.05


Tree=169
num_leaves=6
num_cat=0
split_feature=6 4 5 1 0
split_gain=0.577163 1.48353 1.8584 1.10797 1.38788
threshold=5.5873048280066842 0.022776083947860761 -1.0000000180025095e-35 1.6629874728333027 0.38000000000000006
decision_type=2 2 2 2 2
left_child=3 -2 -3 4 -1
right_child=1 2 -4 -5 -6
leaf_value=-0.00168198494228257 -0.0054481017845682805 0.0038772811306019626 -0.0035924003177112149 -0.0035729245282709599 0.0014093661965856995
leaf_weight=465 155 175 150 158 1596
leaf_count=465 155 175 150 158 1596
internal_value=5.6534e-05 -0.00150641 0.000427541 0.000397246 0.000709517
internal_weight=2699 480 325 2219 2061
internal_count=2699 480 325 2219 2061
is_linear=0
shrinkage=0.05


Tree=170
num_leaves=6
num_cat=0
split_feature=11 0 5 11 6
split_gain=0.575146 1.21951 2.4269 1.09134 0.974052
threshold=-0.91428340587396184 0.54750000000000021 0.030000000000000058 0.67368457498306267 5.4315141786205672
decision_type=2 2 2 2 2
left_child=4 2 -2 -3 -1
right_child=1 3 -4 -5 -6
leaf_value=0.0047630404928562849 -0.00025547465764934508 0.0025706057011016781 -0.0059673445256349681 -0.0012958645971272798 -0.00041449023455669346
leaf_weight=159 1304 555 212 267 202
leaf_count=159 1304 555 212 267 202
internal_value=5.66099e-05 -0.000231441 -0.00107122 0.00131447 0.00189983
internal_weight=2699 2338 1516 822 361
internal_count=2699 2338 1516 822 361
is_linear=0
shrinkage=0.05


Tree=171
num_leaves=5
num_cat=0
split_feature=5 5 7 5
split_gain=0.570279 1.22102 5.28277 1.26179
threshold=-0.12000000000000001 -0.067499999999999963 -0.29334622560791518 -0.02999999999999994
decision_type=2 2 2 2
left_child=-1 2 -2 -3
right_child=1 3 -4 -5
leaf_value=-0.002163358205104716 0.009417909838133955 -0.0028290838013199787 -0.0024005225356755686 0.00038823724375038196
leaf_weight=257 166 366 208 1702
leaf_count=257 166 366 208 1702
internal_value=5.38026e-05 0.000291084 0.00290014 -0.000186623
internal_weight=2699 2442 374 2068
internal_count=2699 2442 374 2068
is_linear=0
shrinkage=0.05


Tree=172
num_leaves=5
num_cat=0
split_feature=13 7 4 0
split_gain=0.578368 1.59799 1.12216 1.12181
threshold=0.2342627362855754 -0.71068113347229833 0.030310889132455342 0.29000000000000009
decision_type=10 2 2 2
left_child=1 2 -1 -3
right_child=-2 3 -4 -5
leaf_value=0.00050721720281627876 -0.0021191744421693412 -0.0042307664889186247 0.0065272202462325866 0.00013515394673639322
leaf_weight=150 270 154 157 1968
leaf_count=150 270 154 157 1968
internal_value=5.44461e-05 0.000299916 0.00364112 -0.000190895
internal_weight=2699 2429 307 2122
internal_count=2699 2429 307 2122
is_linear=0
shrinkage=0.05


Tree=173
num_leaves=5
num_cat=0
split_feature=9 6 11 3
split_gain=0.579982 0.82915 3.48567 2.1209
threshold=-1.4924867071133083 4.8079069066914801 0.6087597806598134 0.22941573387056446
decision_type=2 2 2 2
left_child=-1 2 -2 -3
right_child=1 3 -4 -5
leaf_value=-0.0025154161739525537 0.0043378950931100202 -0.0018938273928350248 -0.0024234388302141266 0.0016366666495780309
leaf_weight=198 466 968 316 751
leaf_count=198 466 968 316 751
internal_value=5.51853e-05 0.000263308 0.00160766 -0.000351145
internal_weight=2699 2501 782 1719
internal_count=2699 2501 782 1719
is_linear=0
shrinkage=0.05


Tree=174
num_leaves=7
num_cat=0
split_feature=5 5 2 13 6 11
split_gain=0.573098 2.50897 2.86297 2.02389 1.83662 2.54636
threshold=0.017499999999999964 0.044999999999999964 0.030033296378372883 -0.0099863533457768879 4.7510436906828923 0.49999864614541206
decision_type=2 2 2 10 2 2
left_child=4 3 -3 -2 5 -1
right_child=1 2 -4 -5 -6 -7
leaf_value=0.0066921565122166175 -0.00052328797237526992 0.0061813597685724331 -0.00098324209470056797 -0.0086889560520648969 -0.00042277139138354087 -0.00067587439138610097
leaf_weight=248 150 176 603 150 1155 217
leaf_count=248 150 176 603 150 1155 217
internal_value=5.39104e-05 -0.000836608 0.00066456 -0.00468163 0.000647789 0.00328313
internal_weight=2699 1079 779 300 1620 465
internal_count=2699 1079 779 300 1620 465
is_linear=0
shrinkage=0.05


Tree=175
num_leaves=4
num_cat=0
split_feature=10 1 1
split_gain=0.561965 1.06703 3.17437
threshold=0.009999999999999969 -1.5755951658248968 -1.2236327659077435
decision_type=2 2 2
left_child=-1 -2 -3
right_child=1 2 -4
leaf_value=0.0021181130308215901 -0.0035642444721866993 0.0053573961126897121 -0.0005538585872801986
leaf_weight=290 209 252 1948
leaf_count=290 209 252 1948
internal_value=5.81583e-05 -0.000193696 0.000133862
internal_weight=2699 2409 2200
internal_count=2699 2409 2200
is_linear=0
shrinkage=0.05


Tree=176
num_leaves=4
num_cat=0
split_feature=2 5 9
split_gain=0.542964 1.09367 1.75408
threshold=0.07671012713609944 0.11000000000000003 0.6089744028566999
decision_type=2 2 2
left_child=1 2 -1
right_child=-2 -3 -4
leaf_value=0.00088500208391148287 -0.0026172583775415934 0.0035992877222261986 -0.0020443472795580566
leaf_weight=1555 172 217 755
leaf_count=1555 172 217 755
internal_value=6.01651e-05 0.000247212 -7.47735e-05
internal_weight=2699 2527 2310
internal_count=2699 2527 2310
is_linear=0
shrinkage=0.05


Tree=177
num_leaves=5
num_cat=0
split_feature=9 8 3 7
split_gain=0.54762 0.780327 1.67102 1.47394
threshold=-1.4924867071133083 0.24206956012314715 1.5075567228888129 0.029617131314547778
decision_type=2 2 2 2
left_child=-1 3 -3 -2
right_child=1 2 -4 -5
leaf_value=-0.0024411540294956104 -0.0055152354991523916 0.00011792193420310325 0.0046301019532549066 0.0013894958157212505
leaf_weight=198 151 1976 224 150
leaf_count=198 151 1976 224 150
internal_value=5.67077e-05 0.000258935 0.000586801 -0.00210786
internal_weight=2699 2501 2200 301
internal_count=2699 2501 2200 301
is_linear=0
shrinkage=0.05


Tree=178
num_leaves=7
num_cat=0
split_feature=5 6 1 6 3 11
split_gain=0.572601 2.44459 2.70178 1.7482 2.53402 2.39376
threshold=0.017499999999999964 4.5489170430030619 1.0320936930842757 4.7510436906828923 0.19365858115816967 0.49999864614541206
decision_type=2 2 2 2 2 2
left_child=3 -2 -3 5 -5 -1
right_child=1 2 -4 4 -6 -7
leaf_value=0.0065240666432225189 -0.0057977625491595509 -0.0030796776410568967 0.0025396486302948934 -0.0014083528127601462 0.0049723164656677761 -0.00062045004923601407
leaf_weight=248 197 351 531 975 180 217
leaf_count=248 197 351 531 975 180 217
internal_value=5.40977e-05 -0.000836035 0.000298632 0.000647718 -0.000396817 0.00321883
internal_weight=2699 1079 882 1620 1155 465
internal_count=2699 1079 882 1620 1155 465
is_linear=0
shrinkage=0.05


Tree=179
num_leaves=4
num_cat=0
split_feature=3 8 6
split_gain=0.577033 1.09891 1.46015
threshold=1.6752166778851236 0.18017875843725265 5.5921243929396782
decision_type=2 2 2
left_child=1 -1 -3
right_child=-2 2 -4
leaf_value=0.0039807108746442409 -0.0028959530632560837 0.00052733600678820346 -0.0027031757934412488
leaf_weight=177 151 1950 421
leaf_count=177 151 1950 421
internal_value=5.62536e-05 0.000236537 -5.07622e-05
internal_weight=2699 2548 2371
internal_count=2699 2548 2371
is_linear=0
shrinkage=0.05


Tree=180
num_leaves=6
num_cat=0
split_feature=11 7 11 3 12
split_gain=0.547186 1.15367 1.14696 2.47028 1.9799
threshold=-0.91428340587396184 -0.29334622560791518 -0.05451266099847394 -1.128881198223852 0.84917350887876708
decision_type=2 2 2 2 2
left_child=1 -1 3 -2 -4
right_child=2 -3 4 -5 -6
leaf_value=0.0050215208139386238 0.0031511499892388074 -0.00062065231525117442 -0.00023378111049118181 -0.0030374376447545831 0.0045282657730824028
leaf_weight=156 205 205 1174 696 263
leaf_count=156 205 205 1174 696 263
internal_value=5.49456e-05 0.00185281 -0.000226016 -0.00161976 0.000650449
internal_weight=2699 361 2338 901 1437
internal_count=2699 361 2338 901 1437
is_linear=0
shrinkage=0.05


Tree=181
num_leaves=4
num_cat=0
split_feature=10 5 2
split_gain=0.532839 0.875464 1.83851
threshold=0.009999999999999969 -0.12000000000000001 0.050193375670878185
decision_type=2 2 2
left_child=-1 -2 -3
right_child=1 2 -4
leaf_value=0.0020643429634934767 -0.0030726778996864705 -0.00050918726934992987 0.0034312503734239444
leaf_weight=290 232 1829 348
leaf_count=290 232 1829 348
internal_value=5.84832e-05 -0.000186762 0.000127123
internal_weight=2699 2409 2177
internal_count=2699 2409 2177
is_linear=0
shrinkage=0.05


Tree=182
num_leaves=5
num_cat=0
split_feature=3 7 2 4
split_gain=0.533843 0.907537 2.26083 1.43216
threshold=1.6752166778851236 0.69994394887884226 0.025540979715518664 0.0049999999999999914
decision_type=2 2 2 2
left_child=1 3 -3 -1
right_child=-2 2 -4 -5
leaf_value=-0.0048326189220787436 -0.0027845071951070662 0.0067593341451030594 -0.00037795392968974559 0.00014855008115564005
leaf_weight=151 151 168 308 1921
leaf_count=151 151 168 308 1921
internal_value=5.50669e-05 0.00022847 0.00218517 -0.00022522
internal_weight=2699 2548 476 2072
internal_count=2699 2548 476 2072
is_linear=0
shrinkage=0.05


Tree=183
num_leaves=6
num_cat=0
split_feature=7 7 7 4 6
split_gain=0.546092 3.1835 2.81274 2.4894 1.81643
threshold=0.25488780019751833 0.12255543586526953 0.47208028275341635 0.058816397784651205 5.1931234974987497
decision_type=2 2 2 2 2
left_child=1 3 -2 -1 -4
right_child=2 -3 4 -5 -6
leaf_value=0.00069650651000448206 -0.0051312593829685033 0.0071081056654015012 0.0029554133563880671 -0.0053056633030064406 -0.0017823295916758652
leaf_weight=1263 275 165 417 195 384
leaf_count=1263 275 165 417 195 384
internal_value=5.45566e-05 0.000632933 -0.000816739 -0.000121642 0.000687169
internal_weight=2699 1623 1076 1458 801
internal_count=2699 1623 1076 1458 801
is_linear=0
shrinkage=0.05


Tree=184
num_leaves=7
num_cat=0
split_feature=5 6 0 6 3 11
split_gain=0.528471 2.2802 2.60808 1.60209 2.38082 2.23062
threshold=0.017499999999999964 4.5489170430030619 0.5375000000000002 4.7510436906828923 0.19365858115816967 0.49999864614541206
decision_type=2 2 2 2 2 2
left_child=3 -2 -3 5 -5 -1
right_child=1 2 -4 4 -6 -7
leaf_value=0.0062766373422541641 -0.0055927712728481484 -0.0039798961565190678 0.0020040487592785476 -0.0013558076444077213 0.0048289520353884318 -0.0006197245808335039
leaf_weight=248 197 250 632 975 180 217
leaf_count=248 197 250 632 975 180 217
internal_value=5.4379e-05 -0.00080077 0.000295046 0.000624662 -0.000375289 0.00308598
internal_weight=2699 1079 882 1620 1155 465
internal_count=2699 1079 882 1620 1155 465
is_linear=0
shrinkage=0.05


Tree=185
num_leaves=5
num_cat=0
split_feature=7 3 4 13
split_gain=0.528906 1.59444 1.17779 1.28054
threshold=-0.71068113347229833 -0.2747578125442604 0.0043301270189222097 -0.28426874296371801
decision_type=2 2 2 10
left_child=1 -1 -2 -4
right_child=2 -3 3 -5
leaf_value=-0.0013053380481985758 -0.0043188498581307909 0.0042612764157326068 -0.0039060003194277011 0.0004457139410706102
leaf_weight=252 162 254 181 1850
leaf_count=252 162 254 181 1850
internal_value=5.44505e-05 0.00150332 -0.000282513 4.92551e-05
internal_weight=2699 506 2193 2031
internal_count=2699 506 2193 2031
is_linear=0
shrinkage=0.05


Tree=186
num_leaves=6
num_cat=0
split_feature=2 9 12 11 9
split_gain=0.535212 2.8522 0.988306 2.84366 1.91077
threshold=0.012990381056766606 0.017008280048725972 0.019161088049153462 0.53484399960532059 1.0131545524422489
decision_type=2 2 2 2 2
left_child=1 -1 4 -4 -2
right_child=2 -3 3 -5 -6
leaf_value=0.0052489898665523047 -0.00026484453553713788 -0.0028057253202423455 0.000432299492451624 -0.0049709590515663593 0.0047551790455810164
leaf_weight=240 929 195 746 356 233
leaf_count=240 929 195 746 356 233
internal_value=5.15407e-05 0.0016474 -0.000258039 -0.00132779 0.000757813
internal_weight=2699 435 2264 1102 1162
internal_count=2699 435 2264 1102 1162
is_linear=0
shrinkage=0.05


Tree=187
num_leaves=5
num_cat=0
split_feature=9 8 3 7
split_gain=0.521929 0.763269 1.56883 1.35683
threshold=-1.4924867071133083 0.24206956012314715 1.5075567228888129 0.029617131314547778
decision_type=2 2 2 2
left_child=-1 3 -3 -2
right_child=1 2 -4 -5
leaf_value=-0.0023846462809393558 -0.0053582066901398297 0.00012128155596003291 0.0044933358410690549 0.0012678553236107673
leaf_weight=198 151 1976 224 150
leaf_count=198 151 1976 224 150
internal_value=5.39152e-05 0.000251345 0.000575616 -0.00208942
internal_weight=2699 2501 2200 301
internal_count=2699 2501 2200 301
is_linear=0
shrinkage=0.05


Tree=188
num_leaves=7
num_cat=0
split_feature=5 5 2 13 6 3
split_gain=0.549716 2.19863 2.6556 1.85687 1.51965 2.17863
threshold=0.017499999999999964 0.044999999999999964 0.030033296378372883 -0.0099863533457768879 4.7510436906828923 0.19365858115816967
decision_type=2 2 2 10 2 2
left_child=4 3 -3 -2 -1 -6
right_child=1 2 -4 -5 5 -7
leaf_value=0.0030302579593943792 -0.00043910322530615713 0.0058982696734080665 -0.0010018071401741747 -0.0082582494352133034 -0.0012788773338757078 0.004637407245668205
leaf_weight=465 150 176 603 150 975 180
leaf_count=465 150 176 603 150 975 180
internal_value=5.14942e-05 -0.000820666 0.000584806 -0.00441997 0.000633133 -0.000340844
internal_weight=2699 1079 779 300 1620 1155
internal_count=2699 1079 779 300 1620 1155
is_linear=0
shrinkage=0.05


Tree=189
num_leaves=6
num_cat=0
split_feature=7 7 7 4 6
split_gain=0.550196 2.92902 2.59203 2.27692 1.68494
threshold=0.25488780019751833 0.12255543586526953 0.47208028275341635 0.058816397784651205 5.1931234974987497
decision_type=2 2 2 2 2
left_child=1 3 -2 -1 -4
right_child=2 -3 4 -5 -6
leaf_value=0.00069410986897215394 -0.0049611851253679824 0.0068466114208978763 0.0028091901132033617 -0.0050461815848248078 -0.0017537142535561463
leaf_weight=1263 275 165 417 195 384
leaf_count=1263 275 165 417 195 384
internal_value=5.50926e-05 0.000635638 -0.000819471 -8.82468e-05 0.000624421
internal_weight=2699 1623 1076 1458 801
internal_count=2699 1623 1076 1458 801
is_linear=0
shrinkage=0.05


Tree=190
num_leaves=7
num_cat=0
split_feature=3 5 9 11 11 3
split_gain=0.542105 1.87511 2.26146 1.36145 3.06502 2.8843
threshold=-0.99999999999999567 -0.022499999999999961 -0.80479130081637285 -0.043619269256720571 0.67368457498306267 1.2985085477021265
decision_type=2 2 2 2 2 2
left_child=1 2 -1 5 -5 -2
right_child=3 -3 -4 4 -6 -7
leaf_value=-0.0052470849564251231 -0.0033088270001887772 0.0060819997762640325 0.0018075147521142898 0.0037310975944979657 -0.001630827788888738 0.0032597775779426375
leaf_weight=151 707 151 413 490 573 214
leaf_count=151 707 151 413 490 573 214
internal_value=5.47593e-05 0.00123026 -0.000110728 -0.000370899 0.000846699 -0.00177321
internal_weight=2699 715 564 1984 1063 921
internal_count=2699 715 564 1984 1063 921
is_linear=0
shrinkage=0.05


Tree=191
num_leaves=5
num_cat=0
split_feature=7 2 4 13
split_gain=0.548195 1.77378 1.12893 1.20441
threshold=-0.71068113347229833 0.034292856398964518 0.0043301270189222097 -0.28426874296371801
decision_type=2 2 2 10
left_child=1 -1 -2 -4
right_child=2 -3 3 -5
leaf_value=-0.0013516883182367592 -0.0042388115819922819 0.0045206303412597326 -0.0037981022880362566 0.00042227167490558487
leaf_weight=259 162 247 181 1850
leaf_count=259 162 247 181 1850
internal_value=5.59684e-05 0.00153102 -0.000287086 3.77539e-05
internal_weight=2699 506 2193 2031
internal_count=2699 506 2193 2031
is_linear=0
shrinkage=0.05


Tree=192
num_leaves=4
num_cat=0
split_feature=3 8 8
split_gain=0.541111 1.07813 1.41237
threshold=1.6752166778851236 0.18017875843725265 0.25718778271777182
decision_type=2 2 2
left_child=1 -1 -3
right_child=-2 2 -4
leaf_value=0.0039373876056173346 -0.0028046388262644027 -0.0044754566953911093 0.00027986714342660392
leaf_weight=177 151 163 2208
leaf_count=177 151 163 2208
internal_value=5.41975e-05 0.000228779 -5.57789e-05
internal_weight=2699 2548 2371
internal_count=2699 2548 2371
is_linear=0
shrinkage=0.05


Tree=193
num_leaves=6
num_cat=0
split_feature=8 6 4 4 6
split_gain=0.524045 1.8138 1.35517 2.08049 1.83325
threshold=0.68808655133404339 5.2261478943547521 0.0086602540378443605 0.016393596310755008 4.8865448910639335
decision_type=2 2 2 2 2
left_child=2 -2 4 -4 -1
right_child=1 -3 3 -5 -6
leaf_value=0.0010201046432920559 0.002196929229204881 -0.0045178781727175689 0.0050269068548535563 0.00020547751574407323 -0.0065345866475135655
leaf_weight=162 174 226 252 1733 152
leaf_count=162 174 226 252 1733 152
internal_value=5.29152e-05 -0.00160588 0.000344385 0.000828661 -0.00268205
internal_weight=2699 400 2299 1985 314
internal_count=2699 400 2299 1985 314
is_linear=0
shrinkage=0.05


Tree=194
num_leaves=5
num_cat=0
split_feature=11 7 8 4
split_gain=0.523946 1.14541 1.06042 1.27878
threshold=-0.91428340587396184 -0.29334622560791518 0.71040165460645566 0.0086602540378443605
decision_type=2 2 2 2
left_child=1 -1 3 -2
right_child=2 -3 -4 -5
leaf_value=0.0049696269659151946 -0.0028977590311016588 -0.00065170071132126313 -0.0032726288105793828 0.00064823157240544193
leaf_weight=156 291 205 249 1798
leaf_count=156 291 205 249 1798
internal_value=5.28957e-05 0.00181217 -0.000222033 0.000148531
internal_weight=2699 361 2338 2089
internal_count=2699 361 2338 2089
is_linear=0
shrinkage=0.05


Tree=195
num_leaves=6
num_cat=0
split_feature=2 9 12 11 11
split_gain=0.551856 2.70698 0.936602 2.61372 1.90198
threshold=0.012990381056766606 0.017008280048725972 0.019161088049153462 0.53484399960532059 0.82060928857708182
decision_type=2 2 2 2 2
left_child=1 -1 4 -4 -2
right_child=2 -3 3 -5 -6
leaf_value=0.0051816544978290193 -0.00030600639442092186 -0.0026659691305831075 0.00038482559691077861 -0.0047955204070986891 0.0046638718587748802
leaf_weight=240 924 195 746 356 238
leaf_count=240 924 195 746 356 238
internal_value=5.29488e-05 0.00167344 -0.000261409 -0.00130278 0.000727541
internal_weight=2699 435 2264 1102 1162
internal_count=2699 435 2264 1102 1162
is_linear=0
shrinkage=0.05


Tree=196
num_leaves=6
num_cat=0
split_feature=5 6 3 9 9
split_gain=0.519502 2.13167 2.43515 1.4706 2.923
threshold=0.017499999999999964 4.5489170430030619 1.178629312642878 1.3679239681690776 0.6089744028566999
decision_type=2 2 2 2 2
left_child=3 -2 -3 4 -1
right_child=1 2 -4 -5 -6
leaf_value=0.0014520853485060535 -0.0054260287636725031 -0.0020742971796278999 0.0031826095322442594 0.0050501851985851921 -0.0035998916105391128
leaf_weight=1072 197 490 392 163 385
leaf_count=1072 197 490 392 163 385
internal_value=5.51148e-05 -0.000792748 0.000266876 0.000620535 0.000109397
internal_weight=2699 1079 882 1620 1457
internal_count=2699 1079 882 1620 1457
is_linear=0
shrinkage=0.05


Tree=197
num_leaves=4
num_cat=0
split_feature=13 8 1
split_gain=0.512448 1.37316 1.77396
threshold=0.2342627362855754 0.73938794964055266 -0.39139950160941833
decision_type=10 2 2
left_child=1 2 -1
right_child=-2 -3 -4
leaf_value=0.0015621176725154388 -0.0019895723939619284 0.0046772252555083802 -0.0012536568261284778
leaf_weight=982 270 161 1286
leaf_count=982 270 161 1286
internal_value=5.64446e-05 0.000287493 -3.37267e-05
internal_weight=2699 2429 2268
internal_count=2699 2429 2268
is_linear=0
shrinkage=0.05


Tree=198
num_leaves=4
num_cat=0
split_feature=1 1 6
split_gain=0.51303 1.99194 1.30701
threshold=-1.5755951658248968 -1.3107993791520858 5.0930742953329977
decision_type=2 2 2
left_child=-1 -2 -3
right_child=1 2 -4
leaf_value=-0.0021692843744689125 0.0048346780753190368 -0.0013504149682376011 0.0010521758377036584
leaf_weight=231 213 1147 1108
leaf_count=231 213 1147 1108
internal_value=5.82109e-05 0.000270665 -0.00017018
internal_weight=2699 2468 2255
internal_count=2699 2468 2255
is_linear=0
shrinkage=0.05


Tree=199
num_leaves=6
num_cat=0
split_feature=2 9 12 11 11
split_gain=0.522997 2.51179 0.856103 2.38773 1.78516
threshold=0.012990381056766606 0.017008280048725972 0.019161088049153462 0.53484399960532059 0.82060928857708182
decision_type=2 2 2 2 2
left_child=1 -1 4 -4 -2
right_child=2 -3 3 -5 -6
leaf_value=0.0050154474518280855 -0.00030311676498153621 -0.0025441930862143639 0.00037003003765200172 -0.0045812856566891016 0.0045116919694552704
leaf_weight=240 924 195 746 356 238
leaf_count=240 924 195 746 356 238
internal_value=5.87057e-05 0.00163624 -0.000247336 -0.00124296 0.000698154
internal_weight=2699 435 2264 1102 1162
internal_count=2699 435 2264 1102 1162
is_linear=0
shrinkage=0.05


Tree=200
num_leaves=4
num_cat=0
split_feature=10 1 3
split_gain=0.496957 1.01822 3.52554
threshold=0.009999999999999969 -1.5206453358790515 -1.2704960058277754
decision_type=2 2 2
left_child=-1 -2 -3
right_child=1 2 -4
leaf_value=0.0019976729394520745 -0.0032598930646769737 0.0068476183885368865 -0.0004392662363256664
leaf_weight=290 236 176 1997
leaf_count=290 236 176 1997
internal_value=6.05352e-05 -0.000176316 0.000165293
internal_weight=2699 2409 2173
internal_count=2699 2409 2173
is_linear=0
shrinkage=0.05


Tree=201
num_leaves=4
num_cat=0
split_feature=9 5 5
split_gain=0.495395 0.732072 1.56089
threshold=-1.4924867071133083 0.11000000000000003 0.070000000000000048
decision_type=2 2 2
left_child=-1 2 -2
right_child=1 -3 -4
leaf_value=-0.0023130317094731214 0.00038634805909452979 0.0027042333762544919 -0.0040939555577067443
leaf_weight=198 2024 267 210
leaf_count=198 2024 267 210
internal_value=6.2761e-05 0.000255088 -4.30104e-05
internal_weight=2699 2501 2234
internal_count=2699 2501 2234
is_linear=0
shrinkage=0.05


Tree=202
num_leaves=6
num_cat=0
split_feature=7 2 13 1 2
split_gain=0.487295 1.69888 1.03829 3.7041 1.52359
threshold=-0.71068113347229833 0.034292856398964518 0.08319035916351987 -0.079390776263587495 0.023323807579381208
decision_type=2 2 8 2 2
left_child=1 -1 4 -4 -2
right_child=2 -3 3 -5 -6
leaf_value=-0.0013700720677716715 0.002439683339319616 0.0043764678935062076 0.0016211490142445236 -0.006738980588553007 -0.00073824035985719247
leaf_weight=259 568 247 288 238 1099
leaf_count=259 568 247 288 238 1099
internal_value=5.97324e-05 0.00145043 -0.000263719 -0.00218941 0.000348637
internal_weight=2699 506 2193 526 1667
internal_count=2699 506 2193 526 1667
is_linear=0
shrinkage=0.05


Tree=203
num_leaves=5
num_cat=0
split_feature=0 8 6 8
split_gain=0.491733 0.732959 2.92105 2.66117
threshold=0.73000000000000009 0.62928204738671012 5.3877466503291815 0.59940045305405587
decision_type=2 2 2 2
left_child=1 3 -3 -1
right_child=-2 2 -4 -5
leaf_value=-0.00020101329714292124 0.0027766810777555607 0.0012898513397505119 -0.0054200619232973885 0.0062870216052765132
leaf_weight=1721 152 382 275 169
leaf_count=1721 152 382 275 169
internal_value=6.08309e-05 -0.000106368 -0.00153844 0.000394191
internal_weight=2699 2547 657 1890
internal_count=2699 2547 657 1890
is_linear=0
shrinkage=0.05


Tree=204
num_leaves=4
num_cat=0
split_feature=3 8 8
split_gain=0.470561 0.96061 1.30911
threshold=1.6752166778851236 0.18017875843725265 0.25718778271777182
decision_type=2 2 2
left_child=1 -1 -3
right_child=-2 2 -4
leaf_value=0.0037226554753443039 -0.0026067695186401791 -0.0043016639493067658 0.00027651475664656198
leaf_weight=177 151 163 2208
leaf_count=177 151 163 2208
internal_value=5.92141e-05 0.000222002 -4.6613e-05
internal_weight=2699 2548 2371
internal_count=2699 2548 2371
is_linear=0
shrinkage=0.05


Tree=205
num_leaves=5
num_cat=0
split_feature=13 7 4 7
split_gain=0.473884 1.3865 1.01595 1.01367
threshold=0.2342627362855754 -0.71068113347229833 0.030310889132455342 -0.5813905010287298
decision_type=10 2 2 2
left_child=1 2 -1 -3
right_child=-2 3 -4 -5
leaf_value=0.0004129752048080968 -0.0019096051596782426 -0.0040704680318313256 0.0061383059616258121 0.00012862323376149426
leaf_weight=150 270 150 157 1972
leaf_count=150 270 150 157 1972
internal_value=5.79293e-05 0.000280108 0.00339236 -0.000177073
internal_weight=2699 2429 307 2122
internal_count=2699 2429 307 2122
is_linear=0
shrinkage=0.05


Tree=206
num_leaves=6
num_cat=0
split_feature=11 7 11 1 1
split_gain=0.469066 1.05478 1.05326 2.31391 1.97144
threshold=-0.91428340587396184 -0.29334622560791518 -0.05451266099847394 -1.12304953632686 1.4876636479890453
decision_type=2 2 2 2 2
left_child=1 -1 3 -2 -4
right_child=2 -3 4 -5 -6
leaf_value=0.0047520607524777049 0.0030645588474674814 -0.00064201581424900471 0.0013151907658290698 -0.0029147792521065901 -0.0043743574119716709
leaf_weight=156 206 205 1269 695 168
leaf_count=156 206 205 1269 695 168
internal_value=5.74423e-05 0.00172202 -0.000202704 -0.00153833 0.000637163
internal_weight=2699 361 2338 901 1437
internal_count=2699 361 2338 901 1437
is_linear=0
shrinkage=0.05


Tree=207
num_leaves=4
num_cat=0
split_feature=1 1 6
split_gain=0.485075 1.71133 1.24456
threshold=-1.5755951658248968 -1.3107993791520858 5.0930742953329977
decision_type=2 2 2
left_child=-1 -2 -3
right_child=1 2 -4
leaf_value=-0.0021051065696371814 0.0044977685154646363 -0.0012929522423620358 0.0010515192643047277
leaf_weight=231 213 1147 1108
leaf_count=231 213 1147 1108
internal_value=6.08611e-05 0.000267438 -0.000141212
internal_weight=2699 2468 2255
internal_count=2699 2468 2255
is_linear=0
shrinkage=0.05


Tree=208
num_leaves=6
num_cat=0
split_feature=2 9 9 1 3
split_gain=0.469338 2.39714 0.844974 4.40931 1.77584
threshold=0.012990381056766606 -1.0000000180025095e-35 0.99242880088058905 -0.30237528100466576 0.25805573549934618
decision_type=2 2 2 2 2
left_child=1 -1 4 -4 -2
right_child=2 -3 3 -5 -6
leaf_value=0.0054949382889690332 -0.0021707286282501739 -0.0018721666650760875 0.0065976900581319262 -0.0032098959078607353 0.00095598262470800101
leaf_weight=201 966 234 224 225 849
leaf_count=201 966 234 224 225 849
internal_value=6.12929e-05 0.0015557 -0.000228635 0.00170175 -0.000709543
internal_weight=2699 435 2264 449 1815
internal_count=2699 435 2264 449 1815
is_linear=0
shrinkage=0.05


Tree=209
num_leaves=4
num_cat=0
split_feature=10 1 3
split_gain=0.471313 0.978424 3.13529
threshold=0.009999999999999969 -1.5206453358790515 -1.2704960058277754
decision_type=2 2 2
left_child=-1 -2 -3
right_child=1 2 -4
leaf_value=0.0019491497515621834 -0.0031907317966717408 0.0064684701630670725 -0.00040329438428949015
leaf_weight=290 236 176 1997
leaf_count=290 236 176 1997
internal_value=6.26592e-05 -0.000168007 0.000166849
internal_weight=2699 2409 2173
internal_count=2699 2409 2173
is_linear=0
shrinkage=0.05


Tree=210
num_leaves=5
num_cat=0
split_feature=0 8 6 8
split_gain=0.466681 0.69211 2.74926 2.48246
threshold=0.73000000000000009 0.62928204738671012 5.3877466503291815 0.59940045305405587
decision_type=2 2 2 2
left_child=1 3 -3 -1
right_child=-2 2 -4 -5
leaf_value=-0.00018704879908500887 0.0027100980400469651 0.0012536799616976919 -0.0052559170206742632 0.0060793717873507541
leaf_weight=1721 152 382 275 169
leaf_count=1721 152 382 275 169
internal_value=6.4337e-05 -9.85573e-05 -0.00149016 0.000387844
internal_weight=2699 2547 657 1890
internal_count=2699 2547 657 1890
is_linear=0
shrinkage=0.05


Tree=211
num_leaves=5
num_cat=0
split_feature=9 8 8 3
split_gain=0.463243 0.710721 2.02713 1.68508
threshold=-1.5370943911637174 0.24206956012314715 0.16162052680275149 1.5075567228888129
decision_type=2 2 2 2
left_child=-1 2 -2 -3
right_child=1 3 -4 -5
leaf_value=-0.0023808940092503038 0.0020730463656572959 8.1727298421775002e-05 -0.0059776779071168528 0.0046017655948905846
leaf_weight=176 151 1994 153 225
leaf_count=176 151 1994 153 225
internal_value=6.27808e-05 0.000237619 -0.00200996 0.000549361
internal_weight=2699 2523 304 2219
internal_count=2699 2523 304 2219
is_linear=0
shrinkage=0.05


Tree=212
num_leaves=4
num_cat=0
split_feature=12 12 9
split_gain=0.460578 1.12062 0.985817
threshold=0.98078262472192701 0.92387703091419915 1.3489052224215752
decision_type=2 2 2
left_child=1 2 -1
right_child=-2 -3 -4
leaf_value=-0.00015281015819118148 0.0026037596238632048 -0.0040161894411066467 0.0033392611540219181
leaf_weight=2153 162 166 218
leaf_count=2153 162 166 218
internal_value=6.02627e-05 -0.000106954 0.000174617
internal_weight=2699 2537 2371
internal_count=2699 2537 2371
is_linear=0
shrinkage=0.05


Tree=213
num_leaves=5
num_cat=0
split_feature=2 2 2 5
split_gain=0.440879 0.984285 2.97071 2.5871
threshold=0.07671012713609944 0.050193375670878185 0.042099562307281395 -0.12000000000000001
decision_type=2 2 2 2
left_child=1 2 -1 -3
right_child=-2 3 -4 -5
leaf_value=0.00047776549473111112 -0.0023526854109345271 -0.0028225085544052843 -0.0052444011028712212 0.0050461469088182893
leaf_weight=1821 172 156 254 296
leaf_count=1821 172 156 254 296
internal_value=5.99634e-05 0.000228502 -0.000233606 0.00232925
internal_weight=2699 2527 2075 452
internal_count=2699 2527 2075 452
is_linear=0
shrinkage=0.05


Tree=214
num_leaves=6
num_cat=0
split_feature=7 7 7 4 6
split_gain=0.464772 2.80726 2.40001 2.04691 1.56453
threshold=0.25488780019751833 0.12255543586526953 0.47208028275341635 0.058816397784651205 5.1931234974987497
decision_type=2 2 2 2 2
left_child=1 3 -2 -1 -4
right_child=2 -3 4 -5 -6
leaf_value=0.00062436524415770641 -0.0047317909861781769 0.0066715522504904694 0.0027478675300617356 -0.0048182858371073967 -0.0016491231965834808
leaf_weight=1263 275 165 417 195 384
leaf_count=1263 275 165 417 195 384
internal_value=5.74673e-05 0.000591033 -0.000746356 -0.000117541 0.000642793
internal_weight=2699 1623 1076 1458 801
internal_count=2699 1623 1076 1458 801
is_linear=0
shrinkage=0.05


Tree=215
num_leaves=5
num_cat=0
split_feature=4 2 4 2
split_gain=0.45235 2.03131 1.66931 1.03706
threshold=0.0086602540378444091 0.0070710678118654927 0.012990381056766606 0.034910600109422353
decision_type=2 2 2 2
left_child=1 -1 -2 -4
right_child=2 -3 3 -5
leaf_value=0.0016817768328250028 0.0050231389530088714 -0.0058478178338536736 -0.001264927086235601 0.00092412065227911577
leaf_weight=203 169 153 983 1191
leaf_count=203 169 153 983 1191
internal_value=5.74633e-05 -0.00159043 0.000310701 -6.63147e-05
internal_weight=2699 356 2343 2174
internal_count=2699 356 2343 2174
is_linear=0
shrinkage=0.05


Tree=216
num_leaves=6
num_cat=0
split_feature=11 0 11 0 8
split_gain=0.441218 0.992111 2.07287 1.01735 0.934781
threshold=-0.91428340587396184 0.54750000000000021 -0.05451266099847394 0.62000000000000011 0.50086294032735812
decision_type=2 2 2 2 2
left_child=4 2 -2 -3 -1
right_child=1 3 -4 -5 -6
leaf_value=-0.0012743442401855808 -0.0033014869062540971 0.003215765946785386 0.00049532529316527192 -0.00032295777634600134 0.0038162603405929511
leaf_weight=153 576 351 940 471 208
leaf_count=153 576 351 940 471 208
internal_value=5.64055e-05 -0.000195901 -0.000953374 0.00119841 0.00167081
internal_weight=2699 2338 1516 822 361
internal_count=2699 2338 1516 822 361
is_linear=0
shrinkage=0.05


Tree=217
num_leaves=6
num_cat=0
split_feature=7 7 7 4 8
split_gain=0.440638 2.6272 2.22556 1.92022 1.49599
threshold=0.25488780019751833 0.12255543586526953 0.47208028275341635 0.058816397784651205 0.60268567855754396
decision_type=2 2 2 2 2
left_child=1 3 -2 -1 -4
right_child=2 -3 4 -5 -6
leaf_value=0.0006056293372170595 -0.0045675101171114623 0.0064548056293278937 0.0024155035385083927 -0.0046658960011554881 -0.0019430941318988094
leaf_weight=1263 275 165 469 195 332
leaf_count=1263 275 165 469 195 332
internal_value=5.29951e-05 0.000572528 -0.000729673 -0.000112947 0.000608097
internal_weight=2699 1623 1076 1458 801
internal_count=2699 1623 1076 1458 801
is_linear=0
shrinkage=0.05


Tree=218
num_leaves=5
num_cat=0
split_feature=4 8 6 11
split_gain=0.446812 0.902113 1.67619 1.15854
threshold=0.0043301270189222097 0.68808655133404339 5.2261478943547521 -0.05451266099847394
decision_type=2 2 2 2
left_child=-1 3 -3 -2
right_child=1 2 -4 -5
leaf_value=-0.0022718030260875824 -0.00058183070612533385 0.0017148863639956141 -0.0048035873961117534 0.0017534674893605704
leaf_weight=187 1013 172 220 1107
leaf_count=187 1013 172 220 1107
internal_value=5.32891e-05 0.000230544 -0.00195786 0.000638848
internal_weight=2699 2512 392 2120
internal_count=2699 2512 392 2120
is_linear=0
shrinkage=0.05


Tree=219
num_leaves=4
num_cat=0
split_feature=3 8 6
split_gain=0.436497 0.846811 1.15141
threshold=1.6752166778851236 0.18017875843725265 5.5921243929396782
decision_type=2 2 2
left_child=1 -1 -3
right_child=-2 2 -4
leaf_value=0.0034954551704596362 -0.0025157713701423161 0.00046983562627821553 -0.0023988762975368704
leaf_weight=177 151 1950 421
leaf_count=177 151 1950 421
internal_value=5.18934e-05 0.000208688 -4.35154e-05
internal_weight=2699 2548 2371
internal_count=2699 2548 2371
is_linear=0
shrinkage=0.05


Tree=220
num_leaves=5
num_cat=0
split_feature=7 2 4 13
split_gain=0.439295 1.57865 1.05751 1.11058
threshold=-0.71068113347229833 0.034292856398964518 0.0043301270189222097 -0.28426874296371801
decision_type=2 2 2 10
left_child=1 -1 -2 -4
right_child=2 -3 3 -5
leaf_value=-0.0013471678209801517 -0.0040809099713039259 0.0041920401040457253 -0.0036253517548683837 0.000427305196836149
leaf_weight=259 162 247 181 1850
leaf_count=259 162 247 181 1850
internal_value=5.08748e-05 0.00137131 -0.000256222 5.81217e-05
internal_weight=2699 506 2193 2031
internal_count=2699 506 2193 2031
is_linear=0
shrinkage=0.05


Tree=221
num_leaves=6
num_cat=0
split_feature=11 7 4 2 0
split_gain=0.446334 0.995245 0.943225 2.69942 1.63849
threshold=-0.91428340587396184 -0.29334622560791518 0.04763139720814414 0.045343136195018549 0.55750000000000022
decision_type=2 2 2 2 2
left_child=1 -1 3 -2 -4
right_child=2 -3 4 -5 -6
leaf_value=0.0046167102497742044 -0.00032209609072165096 -0.00062293230688997684 -0.0045678985672906224 0.0060419362632406727 0.0012927738222770575
leaf_weight=156 1674 205 284 180 200
leaf_count=156 1674 205 284 180 200
internal_value=4.9678e-05 0.00167343 -0.000204074 0.00031036 -0.00215768
internal_weight=2699 361 2338 1854 484
internal_count=2699 361 2338 1854 484
is_linear=0
shrinkage=0.05


Tree=222
num_leaves=4
num_cat=0
split_feature=10 1 1
split_gain=0.437883 0.833056 3.05796
threshold=0.009999999999999969 -1.5206453358790515 -1.26025207562521
decision_type=2 2 2
left_child=-1 -2 -3
right_child=1 2 -4
leaf_value=0.0018674317892577689 -0.0029623892436507334 0.0060443497117814715 -0.00045722075678162168
leaf_weight=290 236 194 1979
leaf_count=290 236 194 1979
internal_value=4.90592e-05 -0.000173254 0.000135767
internal_weight=2699 2409 2173
internal_count=2699 2409 2173
is_linear=0
shrinkage=0.05


Tree=223
num_leaves=5
num_cat=0
split_feature=13 7 9 4
split_gain=0.433102 1.23189 0.983896 0.923188
threshold=0.2342627362855754 -0.71068113347229833 -0.79520101803468024 0.030310889132455342
decision_type=10 2 2 2
left_child=1 3 -3 -1
right_child=-2 2 -4 -5
leaf_value=0.00035867480020369255 -0.0018294283328577875 -0.0026588168996246812 0.00029635294928454751 0.005815053802489499
leaf_weight=150 270 329 1793 157
leaf_count=150 270 329 1793 157
internal_value=5.15304e-05 0.00026394 -0.000166997 0.00319754
internal_weight=2699 2429 2122 307
internal_count=2699 2429 2122 307
is_linear=0
shrinkage=0.05


Tree=224
num_leaves=6
num_cat=0
split_feature=2 13 2 13 2
split_gain=0.430704 1.61391 0.833174 1.69619 1.38149
threshold=0.012990381056766606 -0.016960996851818323 0.020615528128088333 0.0065966324002792835 0.025298221281347021
decision_type=2 10 2 10 2
left_child=1 -1 3 -2 -4
right_child=2 -3 4 -5 -6
leaf_value=-0.0015821200321343813 0.000936336788440371 0.0044486370136340462 0.0039195027762015753 -0.0062214832729804593 -0.00030395830272993732
leaf_weight=215 168 220 213 156 1727
leaf_count=215 168 220 213 156 1727
internal_value=5.2219e-05 0.00148381 -0.000225508 -0.0025522 0.000168635
internal_weight=2699 435 2264 324 1940
internal_count=2699 435 2264 324 1940
is_linear=0
shrinkage=0.05


Tree=225
num_leaves=4
num_cat=0
split_feature=12 12 6
split_gain=0.429254 1.0476 0.961399
threshold=0.98078262472192701 0.92387703091419915 4.2352649913362796
decision_type=2 2 2
left_child=1 2 -1
right_child=-2 -3 -4
leaf_value=-0.0032498508476113022 0.0025070573286917397 -0.0038895530005296076 0.00045794116629398971
leaf_weight=185 162 166 2186
leaf_count=185 162 166 2186
internal_value=5.1569e-05 -0.000109849 0.000162406
internal_weight=2699 2537 2371
internal_count=2699 2537 2371
is_linear=0
shrinkage=0.05


Tree=226
num_leaves=5
num_cat=0
split_feature=0 5 5 3
split_gain=0.420342 0.691866 2.13851 1.4581
threshold=0.73000000000000009 0.017499999999999964 0.044999999999999964 0.19365858115816967
decision_type=2 2 2 2
left_child=1 3 -3 -1
right_child=-2 2 -4 -5
leaf_value=-0.00013258291376010947 0.0025610737870358359 -0.0047897589982363528 0.00039345387545169035 0.0039602249544329624
leaf_weight=1360 152 281 652 254
leaf_count=1360 152 281 652 254
internal_value=5.00885e-05 -0.000104486 -0.00118483 0.000521756
internal_weight=2699 2547 933 1614
internal_count=2699 2547 933 1614
is_linear=0
shrinkage=0.05


Tree=227
num_leaves=5
num_cat=0
split_feature=9 8 8 3
split_gain=0.416664 0.684639 1.80011 1.55493
threshold=-1.5370943911637174 0.24206956012314715 0.16162052680275149 1.5075567228888129
decision_type=2 2 2 2
left_child=-1 2 -2 -3
right_child=1 3 -4 -5
leaf_value=-0.0022681678434350212 0.0018592208140314774 7.2010043680503886e-05 -0.0057288655010641473 0.004413973525085527
leaf_weight=176 151 1994 153 225
leaf_count=176 151 1994 153 225
internal_value=4.93718e-05 0.000215206 -0.00199069 0.000521206
internal_weight=2699 2523 304 2219
internal_count=2699 2523 304 2219
is_linear=0
shrinkage=0.05


Tree=228
num_leaves=5
num_cat=0
split_feature=3 7 8 4
split_gain=0.4322 0.808849 2.57151 1.21568
threshold=1.6752166778851236 0.69994394887884226 0.59714766677172582 0.0049999999999999914
decision_type=2 2 2 2
left_child=1 3 -3 -1
right_child=-2 2 -4 -5
leaf_value=-0.004469672343335473 -0.0025074891817684357 0.0057483319083557411 -0.0015390200450295403 0.00011964429366699229
leaf_weight=151 151 233 243 1921
leaf_count=151 151 233 243 1921
internal_value=4.7494e-05 0.000203522 0.00205078 -0.000224764
internal_weight=2699 2548 476 2072
internal_count=2699 2548 476 2072
is_linear=0
shrinkage=0.05


Tree=229
num_leaves=6
num_cat=0
split_feature=7 7 7 8 6
split_gain=0.429635 2.47231 2.02631 1.79309 1.37062
threshold=0.25488780019751833 0.12255543586526953 0.47208028275341635 0.23602210442805729 5.1931234974987497
decision_type=2 2 2 2 2
left_child=1 3 -2 -1 -4
right_child=2 -3 4 -5 -6
leaf_value=-0.0048869021823683577 -0.004389040665035801 0.0062649958580732346 0.0025201004528180118 0.00053283654383480788 -0.0015952151110707029
leaf_weight=168 275 165 417 1290 384
leaf_count=168 275 165 417 1290 384
internal_value=4.57289e-05 0.000558746 -0.000727093 -0.000106227 0.000549558
internal_weight=2699 1623 1076 1458 801
internal_count=2699 1623 1076 1458 801
is_linear=0
shrinkage=0.05


Tree=230
num_leaves=6
num_cat=0
split_feature=2 9 0 2 2
split_gain=0.429669 2.24029 1.33496 1.00335 1.29884
threshold=0.015000000000000008 0.55226337518423985 0.49750000000000005 0.020615528128088333 0.025298221281347021
decision_type=2 2 2 2 2
left_child=1 2 -1 -2 -5
right_child=3 -3 -4 4 -6
leaf_value=0.0064173019112786283 -0.0031344027566562469 -0.0034615025015138998 0.00014051807937538548 0.0037768610185994812 -0.00031828244276426511
leaf_weight=187 261 159 152 213 1727
leaf_count=187 261 159 152 213 1727
internal_value=4.61673e-05 0.0013648 0.00364588 -0.000254606 0.000139892
internal_weight=2699 498 339 2201 1940
internal_count=2699 498 339 2201 1940
is_linear=0
shrinkage=0.05


Tree=231
num_leaves=5
num_cat=0
split_feature=11 7 7 7
split_gain=0.411952 0.975514 1.20031 0.942851
threshold=-0.91428340587396184 0.89113301906634246 0.73181257555758072 -0.29334622560791518
decision_type=2 2 2 2
left_child=3 2 -2 -1
right_child=1 -3 -4 -5
leaf_value=0.0044738431223986311 -0.00034182422149234282 -0.0039887596487621722 0.0033259304876010567 -0.00062567525321529033
leaf_weight=156 1938 153 247 205
leaf_count=156 1938 153 247 205
internal_value=4.90543e-05 -0.000194731 7.94384e-05 0.00160901
internal_weight=2699 2338 2185 361
internal_count=2699 2338 2185 361
is_linear=0
shrinkage=0.05


Tree=232
num_leaves=6
num_cat=0
split_feature=2 9 12 11 9
split_gain=0.408669 2.12789 0.781463 2.35113 1.6765
threshold=0.012990381056766606 0.017008280048725972 0.019161088049153462 0.53484399960532059 1.0131545524422489
decision_type=2 2 2 2 2
left_child=1 -1 4 -4 -2
right_child=2 -3 3 -5 -6
leaf_value=0.0045541506367070333 -0.0002760531170876015 -0.0024032485615462069 0.00042738377311317801 -0.0044855373787727219 0.0044260687859995025
leaf_weight=240 929 195 746 356 233
leaf_count=240 929 195 746 356 233
internal_value=4.89549e-05 0.00144345 -0.00022157 -0.00117282 0.000681723
internal_weight=2699 435 2264 1102 1162
internal_count=2699 435 2264 1102 1162
is_linear=0
shrinkage=0.05


Tree=233
num_leaves=5
num_cat=0
split_feature=4 2 4 2
split_gain=0.409548 1.92722 1.54719 0.912475
threshold=0.0086602540378444091 0.0070710678118654927 0.012990381056766606 0.034910600109422353
decision_type=2 2 2 2
left_child=1 -1 -2 -4
right_child=2 -3 3 -5
leaf_value=0.0016694589321000074 0.0048285333546756329 -0.0056643110169451449 -0.0011955025598787616 0.00085785813169416835
leaf_weight=203 169 153 983 1191
leaf_count=203 169 153 983 1191
internal_value=5.0774e-05 -0.00151721 0.00029174 -7.12062e-05
internal_weight=2699 356 2343 2174
internal_count=2699 356 2343 2174
is_linear=0
shrinkage=0.05


Tree=234
num_leaves=4
num_cat=0
split_feature=10 1 3
split_gain=0.398528 0.774864 2.89198
threshold=0.009999999999999969 -1.5206453358790515 -1.2704960058277754
decision_type=2 2 2
left_child=-1 -2 -3
right_child=1 2 -4
leaf_value=0.0017843541799712989 -0.0028524295623990016 0.0061877622850527421 -0.00041196419365264916
leaf_weight=290 236 176 1997
leaf_count=290 236 176 1997
internal_value=4.96234e-05 -0.00016247 0.000135552
internal_weight=2699 2409 2173
internal_count=2699 2409 2173
is_linear=0
shrinkage=0.05


Tree=235
num_leaves=6
num_cat=0
split_feature=2 2 2 9 9
split_gain=0.406286 3.78853 2.85328 2.09346 1.78354
threshold=0.042099562307281395 0.038845081979546593 0.050193375670878185 0.53431782893869861 0.53431782893869861
decision_type=2 2 2 2 2
left_child=1 3 -2 -1 -4
right_child=2 -3 4 -5 -6
leaf_value=0.0010691321410371182 -0.005242394846162856 0.00792890597278109 -0.00086068413340305554 -0.0026387761313449048 0.0047977395294963024
leaf_weight=1092 254 151 422 578 202
leaf_count=1092 254 151 422 578 202
internal_value=5.14721e-05 0.000477186 -0.000829174 -0.00021825 0.000994626
internal_weight=2699 1821 878 1670 624
internal_count=2699 1821 878 1670 624
is_linear=0
shrinkage=0.05


Tree=236
num_leaves=5
num_cat=0
split_feature=9 6 11 3
split_gain=0.400256 0.622621 2.68733 1.57112
threshold=-1.4924867071133083 4.8079069066914801 0.6087597806598134 0.22941573387056446
decision_type=2 2 2 2
left_child=-1 2 -2 -3
right_child=1 3 -4 -5
leaf_value=-0.0020852106949085084 0.0037854906114217707 -0.0016370223195245155 -0.0021511257147399064 0.001401635228715364
leaf_weight=198 466 968 316 751
leaf_count=198 466 968 316 751
internal_value=5.02849e-05 0.000223172 0.00138813 -0.000309273
internal_weight=2699 2501 782 1719
internal_count=2699 2501 782 1719
is_linear=0
shrinkage=0.05


Tree=237
num_leaves=7
num_cat=0
split_feature=5 6 1 6 11 11
split_gain=0.42573 1.85396 2.26305 1.28997 2.05611 1.95975
threshold=0.017499999999999964 4.5489170430030619 1.0320936930842757 4.7510436906828923 0.63437186437033055 0.49999864614541206
decision_type=2 2 2 2 2 2
left_child=3 -2 -3 5 -5 -1
right_child=1 2 -4 4 -6 -7
leaf_value=0.0057596781140141808 -0.0050401686072939697 -0.0028229609889166662 0.0023199135256903388 -0.0015449811577796938 0.0033132425156132926 -0.00070214268441001586
leaf_weight=248 197 351 531 870 285 217
leaf_count=248 197 351 531 870 285 217
internal_value=4.83322e-05 -0.000719202 0.000268883 0.000560188 -0.000337085 0.00276877
internal_weight=2699 1079 882 1620 1155 465
internal_count=2699 1079 882 1620 1155 465
is_linear=0
shrinkage=0.05


Tree=238
num_leaves=4
num_cat=0
split_feature=3 8 6
split_gain=0.406125 0.795406 1.09452
threshold=1.6752166778851236 0.18017875843725265 5.5921243929396782
decision_type=2 2 2
left_child=1 -1 -3
right_child=-2 2 -4
leaf_value=0.0033858529138532318 -0.0024275547932260315 0.00045649332882803114 -0.0023404491877297004
leaf_weight=177 151 1950 421
leaf_count=177 151 1950 421
internal_value=4.91641e-05 0.000200407 -4.40181e-05
internal_weight=2699 2548 2371
internal_count=2699 2548 2371
is_linear=0
shrinkage=0.05


Tree=239
num_leaves=5
num_cat=0
split_feature=4 2 4 13
split_gain=0.399882 1.75151 1.43954 0.915179
threshold=0.0086602540378444091 0.0070710678118654927 0.012990381056766606 0.21419809974014217
decision_type=2 2 2 10
left_child=1 -1 -2 -4
right_child=2 -3 3 -5
leaf_value=0.0015379277944493179 0.0046625814154401595 -0.0054541607413888925 0.00034097456550763011 -0.002653525046751661
leaf_weight=203 169 153 1884 290
leaf_count=203 169 153 1884 290
internal_value=4.83476e-05 -0.00150102 0.000286457 -6.3648e-05
internal_weight=2699 356 2343 2174
internal_count=2699 356 2343 2174
is_linear=0
shrinkage=0.05


Tree=240
num_leaves=6
num_cat=0
split_feature=7 7 7 8 8
split_gain=0.414316 2.31054 1.85896 1.77639 1.24453
threshold=0.25488780019751833 0.12255543586526953 0.47208028275341635 0.23602210442805729 0.60268567855754396
decision_type=2 2 2 2 2
left_child=1 3 -2 -1 -4
right_child=2 -3 4 -5 -6
leaf_value=-0.0048487217974380699 -0.0042175820496465474 0.006068975940784988 0.0021614664061317215 0.0005457104375751323 -0.0018138427265231617
leaf_weight=168 275 165 469 1290 332
leaf_count=168 275 165 469 1290 332
internal_value=4.87941e-05 0.000552575 -0.000710132 -9.03171e-05 0.000512742
internal_weight=2699 1623 1076 1458 801
internal_count=2699 1623 1076 1458 801
is_linear=0
shrinkage=0.05


Tree=241
num_leaves=5
num_cat=0
split_feature=7 2 4 11
split_gain=0.404348 1.46554 0.979068 1.23374
threshold=-0.71068113347229833 0.034292856398964518 0.0043301270189222097 -0.93587432662533498
decision_type=2 2 2 2
left_child=1 -1 -2 -4
right_child=2 -3 3 -5
leaf_value=-0.0013034904387137485 -0.0039258573572346555 0.0040335331659113608 -0.0033845020030742086 0.00049573818576487941
leaf_weight=259 162 247 226 1805
leaf_count=259 162 247 226 1805
internal_value=4.8882e-05 0.00131571 -0.000245747 5.67123e-05
internal_weight=2699 506 2193 2031
internal_count=2699 506 2193 2031
is_linear=0
shrinkage=0.05


Tree=242
num_leaves=6
num_cat=0
split_feature=11 4 2 7 8
split_gain=0.430076 0.969443 2.47505 1.49927 0.885094
threshold=-0.91428340587396184 0.04763139720814414 0.045343136195018549 -0.31645718783588267 0.50086294032735812
decision_type=2 2 2 2 2
left_child=4 2 -2 -3 -1
right_child=1 3 -4 -5 -6
leaf_value=-0.0012251472312815584 -0.00028610198569497646 -0.0055247303561761461 0.0058077407150051085 0.00010902127771938251 0.0037285891523313637
leaf_weight=153 1674 194 180 290 208
leaf_count=153 1674 194 180 290 208
internal_value=4.71239e-05 -0.00020196 0.000319563 -0.00218254 0.00164103
internal_weight=2699 2338 1854 484 361
internal_count=2699 2338 1854 484 361
is_linear=0
shrinkage=0.05


Tree=243
num_leaves=7
num_cat=0
split_feature=5 5 2 13 3 6
split_gain=0.411361 1.73565 2.58594 1.70906 1.26811 1.74944
threshold=0.017499999999999964 0.044999999999999964 0.030033296378372883 -0.0099863533457768879 0.19365858115816967 4.7510436906828923
decision_type=2 2 2 10 2 2
left_child=4 3 -3 -2 5 -1
right_child=1 2 -4 -5 -6 -7
leaf_value=0.0027533099584773108 -9.7588942416252636e-05 0.0057845558250806612 -0.0010243233644072652 -0.0075875231450904289 0.0037431462428807304 -0.0011917365544442354
leaf_weight=389 150 176 603 150 256 975
leaf_count=389 150 176 603 150 256 975
internal_value=4.69257e-05 -0.000707543 0.000541092 -0.00390555 0.00055007 -6.06996e-05
internal_weight=2699 1079 779 300 1620 1364
internal_count=2699 1079 779 300 1620 1364
is_linear=0
shrinkage=0.05


Tree=244
num_leaves=6
num_cat=0
split_feature=7 7 7 4 1
split_gain=0.414534 2.14127 1.71429 1.65331 1.23948
threshold=0.25488780019751833 0.12255543586526953 0.47208028275341635 0.058816397784651205 0.9285714285714286
decision_type=2 2 2 2 2
left_child=1 3 -2 -1 -4
right_child=2 -3 4 -5 -6
leaf_value=0.00060120980225100218 -0.00407764565798321 0.0058640279626364219 0.0019640562025939716 -0.004290233701001853 -0.0020826986079658088
leaf_weight=1263 275 165 505 195 296
leaf_count=1263 275 165 505 195 296
internal_value=4.9633e-05 0.000553545 -0.000709495 -6.54222e-05 0.000464983
internal_weight=2699 1623 1076 1458 801
internal_count=2699 1623 1076 1458 801
is_linear=0
shrinkage=0.05


Tree=245
num_leaves=5
num_cat=0
split_feature=11 7 7 7
split_gain=0.403335 0.944068 1.05248 0.898745
threshold=-0.91428340587396184 0.89113301906634246 0.73181257555758072 -0.29334622560791518
decision_type=2 2 2 2
left_child=3 2 -2 -1
right_child=1 -3 -4 -5
leaf_value=0.0043922175092171436 -0.00031426550714015446 -0.0039218723656067366 0.0031202003522406499 -0.00058701591300112867
leaf_weight=156 1938 153 247 205
leaf_count=156 1938 153 247 205
internal_value=5.17346e-05 -0.000189493 8.02158e-05 0.00159528
internal_weight=2699 2338 2185 361
internal_count=2699 2338 2185 361
is_linear=0
shrinkage=0.05


Tree=246
num_leaves=6
num_cat=0
split_feature=7 3 3 9 9
split_gain=0.393222 1.43899 0.943931 3.78787 3.58537
threshold=-0.71068113347229833 -0.2747578125442604 -0.3015113445777664 1.1951132228516992 1.0041970585557654
decision_type=2 2 2 2 2
left_child=1 -1 4 -4 -2
right_child=2 -3 3 -5 -6
leaf_value=-0.0013654377927518077 -0.00089330843434370303 0.0039216094082634911 1.2608438618411265e-05 -0.007705186800483395 0.0060355407955843638
leaf_weight=252 701 254 1061 182 249
leaf_count=252 701 254 1061 182 249
internal_value=5.16648e-05 0.00130094 -0.000238889 -0.00114377 0.000944871
internal_weight=2699 506 2193 1243 950
internal_count=2699 506 2193 1243 950
is_linear=0
shrinkage=0.05


Tree=247
num_leaves=5
num_cat=0
split_feature=9 13 13 13
split_gain=0.388914 0.949403 2.31452 1.96489
threshold=1.5519415325069807 -0.20005984757391024 -0.06445629354884333 -0.28426874296371801
decision_type=2 10 10 10
left_child=1 3 -3 -1
right_child=-2 2 -4 -5
leaf_value=-0.001759297950901901 0.0024834779890314227 -0.0033444762713656299 0.00043433900708364357 0.0052019804307635413
leaf_weight=179 150 536 1611 223
leaf_count=179 150 536 1611 223
internal_value=5.17049e-05 -9.59785e-05 -0.000514624 0.00211877
internal_weight=2699 2549 2147 402
internal_count=2699 2549 2147 402
is_linear=0
shrinkage=0.05


Tree=248
num_leaves=5
num_cat=0
split_feature=0 0 1 13
split_gain=0.388183 0.668487 1.59504 1.13156
threshold=0.73000000000000009 0.62000000000000011 1.124999999999996 0.085510949288249594
decision_type=2 2 2 10
left_child=1 3 -3 -1
right_child=-2 2 -4 -5
leaf_value=0.0010847891391636891 0.0024635077946504971 -0.0049706626950838922 0.0014863258039348581 -0.0012965608700835189
leaf_weight=1402 152 204 173 768
leaf_count=1402 152 204 173 768
internal_value=5.049e-05 -9.80587e-05 -0.00202697 0.000240946
internal_weight=2699 2547 377 2170
internal_count=2699 2547 377 2170
is_linear=0
shrinkage=0.05


Tree=249
num_leaves=6
num_cat=0
split_feature=7 7 8 3 7
split_gain=0.38889 2.02165 1.62641 1.5626 3.24652
threshold=0.25488780019751833 0.12255543586526953 0.23602210442805729 -0.96225044864937292 0.48538687369222228
decision_type=2 2 2 2 2
left_child=1 2 -1 -2 -5
right_child=3 -3 -4 4 -6
leaf_value=-0.0046169482717610833 0.0027510950576484674 0.0056976746266488645 0.00054473660296569916 -0.0068765306633265166 0.00016367200953463552
leaf_weight=168 249 165 1290 219 608
leaf_count=168 249 165 1290 219 608
internal_value=4.95831e-05 0.000537658 -6.37718e-05 -0.000685693 -0.00173078
internal_weight=2699 1623 1458 1076 827
internal_count=2699 1623 1458 1076 827
is_linear=0
shrinkage=0.05


Tree=250
num_leaves=5
num_cat=0
split_feature=11 12 11 9
split_gain=0.386251 1.13685 1.13432 1.48706
threshold=-0.88591702873062761 0.098013830857440434 -0.75018319070349693 0.57792169083294687
decision_type=2 2 2 2
left_child=1 -1 -2 -4
right_child=2 -3 3 -5
leaf_value=-0.0006746907254644469 -0.0038604049357710427 0.0046324433193409018 0.0010963330660921078 -0.0017006575398774851
leaf_weight=250 189 163 1378 719
leaf_count=250 189 163 1378 719
internal_value=5.26029e-05 0.00145025 -0.000202517 0.000135563
internal_weight=2699 413 2286 2097
internal_count=2699 413 2286 2097
is_linear=0
shrinkage=0.05


Tree=251
num_leaves=7
num_cat=0
split_feature=9 6 6 7 5 5
split_gain=0.383671 2.31885 1.96268 1.72189 1.65968 1.65744
threshold=-0.6982134717804015 4.9951154732690961 5.4942541398213978 -0.52507333465922945 1.0000000180025095e-35 0.11000000000000003
decision_type=2 2 2 2 2 2
left_child=1 4 -3 -2 -1 -5
right_child=3 2 -4 5 -6 -7
leaf_value=-0.00049924582473180276 0.0050581165914146409 0.0039893455771608565 -0.0023324060218654712 -0.00060378550556472866 -0.0074406198974203523 0.0043521848517028908
leaf_weight=173 178 288 207 1500 168 185
leaf_count=173 178 288 207 1500 168 185
internal_value=5.25771e-05 -0.000834346 0.00134882 0.000451742 -0.00397715 -4.83918e-05
internal_weight=2699 836 495 1863 341 1685
internal_count=2699 836 495 1863 341 1685
is_linear=0
shrinkage=0.05


Tree=252
num_leaves=6
num_cat=0
split_feature=2 2 2 12 4
split_gain=0.407634 3.4924 2.71032 1.37247 1.28979
threshold=0.042099562307281395 0.038845081979546593 0.050193375670878185 0.46384374188186689 0.027726341266023528
decision_type=2 2 2 2 2
left_child=1 4 -2 -4 -1
right_child=2 -3 3 -5 -6
leaf_value=0.00066711248643121419 -0.0051324815239440873 0.0076317649191388719 0.0026536138741856947 -0.0022213816448561682 -0.0024294663629224225
leaf_weight=1210 254 151 406 218 460
leaf_count=1210 254 151 406 218 460
internal_value=5.0795e-05 0.000477215 -0.000831309 0.000946371 -0.000190543
internal_weight=2699 1821 878 624 1670
internal_count=2699 1821 878 624 1670
is_linear=0
shrinkage=0.05


Tree=253
num_leaves=4
num_cat=0
split_feature=12 12 9
split_gain=0.385081 0.969663 0.876508
threshold=0.98078262472192701 0.92387703091419915 1.3489052224215752
decision_type=2 2 2
left_child=1 2 -1
right_child=-2 -3 -4
leaf_value=-0.0001494963005279209 0.002375911152782198 -0.0037390947411359665 0.0031432791491928661
leaf_weight=2153 162 166 218
leaf_count=2153 162 166 218
internal_value=5.01961e-05 -0.000102694 0.000159233
internal_weight=2699 2537 2371
internal_count=2699 2537 2371
is_linear=0
shrinkage=0.05


Tree=254
num_leaves=5
num_cat=0
split_feature=2 2 2 5
split_gain=0.392992 0.819497 2.64352 2.12502
threshold=0.07671012713609944 0.050193375670878185 0.042099562307281395 -0.12000000000000001
decision_type=2 2 2 2
left_child=1 2 -1 -3
right_child=-2 3 -4 -5
leaf_value=0.00045822034934856946 -0.0022281318818782011 -0.0025436795837251668 -0.0049396357844263663 0.0045879406041150102
leaf_weight=1821 172 156 254 296
leaf_count=1821 172 156 254 296
internal_value=4.97053e-05 0.00020884 -0.000212815 0.00212568
internal_weight=2699 2527 2075 452
internal_count=2699 2527 2075 452
is_linear=0
shrinkage=0.05


Tree=255
num_leaves=4
num_cat=0
split_feature=10 1 1
split_gain=0.377173 0.724579 2.74529
threshold=0.009999999999999969 -1.5206453358790515 -1.26025207562521
decision_type=2 2 2
left_child=-1 -2 -3
right_child=1 2 -4
leaf_value=0.0017356181826631901 -0.0027595393409898424 0.0057282336608473977 -0.00043199220680171201
leaf_weight=290 236 194 1979
leaf_count=290 236 194 1979
internal_value=4.80046e-05 -0.000158328 0.000129865
internal_weight=2699 2409 2173
internal_count=2699 2409 2173
is_linear=0
shrinkage=0.05


Tree=256
num_leaves=5
num_cat=0
split_feature=8 8 13 13
split_gain=0.366042 1.50066 1.50055 2.0231
threshold=0.68808655133404339 0.72520873972585931 0.26473418054181269 0.19416346605018006
decision_type=2 2 8 10
left_child=2 -2 3 -1
right_child=1 -3 -4 -5
leaf_value=0.00038137443319578407 -0.0050101405551487748 0.0011655794798719639 0.0046124084384457486 -0.0052012931487107348
leaf_weight=1947 160 240 180 172
leaf_count=1947 160 240 180 172
internal_value=5.02971e-05 -0.00133606 0.000293884 -8.29501e-05
internal_weight=2699 400 2299 2119
internal_count=2699 400 2299 2119
is_linear=0
shrinkage=0.05


Tree=257
num_leaves=6
num_cat=0
split_feature=7 5 3 4 11
split_gain=0.366223 1.35455 1.53698 0.929762 1.22782
threshold=-0.71068113347229833 0.01999999999999998 -0.97257081114701716 0.0043301270189222097 -0.93587432662533498
decision_type=2 2 2 2 2
left_child=1 2 -1 -2 -5
right_child=3 -3 -4 4 -6
leaf_value=-0.00025701820225704734 -0.0038182018458575544 -0.0020622951909899712 0.0066445844407918998 -0.003370196361788166 0.00050073328685402638
leaf_weight=159 162 189 158 226 1805
leaf_count=159 162 189 158 226 1805
internal_value=4.84479e-05 0.00125407 0.00323266 -0.000231951 6.2776e-05
internal_weight=2699 506 317 2193 2031
internal_count=2699 506 317 2193 2031
is_linear=0
shrinkage=0.05


Tree=258
num_leaves=6
num_cat=0
split_feature=11 4 2 0 4
split_gain=0.396963 0.905629 2.35309 1.39898 0.850475
threshold=-0.91428340587396184 0.04763139720814414 0.045343136195018549 0.55750000000000022 0.030973409504908369
decision_type=2 2 2 2 2
left_child=4 2 -2 -3 -1
right_child=1 3 -4 -5 -6
leaf_value=-0.00073447502650243724 -0.00027704279539893652 -0.0043315243881492261 0.0056647666891080301 0.0010856162881047078 0.0040723058652911487
leaf_weight=189 1674 284 180 200 172
leaf_count=189 1674 284 180 200 172
internal_value=4.87714e-05 -0.000190539 0.000313516 -0.00210482 0.00158008
internal_weight=2699 2338 1854 484 361
internal_count=2699 2338 1854 484 361
is_linear=0
shrinkage=0.05


Tree=259
num_leaves=5
num_cat=0
split_feature=5 13 13 7
split_gain=0.38774 0.848881 2.02452 1.95556
threshold=0.13749999999999998 -0.06445629354884333 -1.0000000180025095e-35 0.47208028275341635
decision_type=2 8 8 2
left_child=1 3 -3 -1
right_child=-2 2 -4 -5
leaf_value=-0.0043887445895836276 -0.0020109074905302854 0.0046145826503634453 5.7891378543592107e-05 0.00059196965790065412
leaf_weight=285 206 295 1301 612
leaf_count=285 206 295 1301 612
internal_value=4.74071e-05 0.000221173 0.000911918 -0.00100609
internal_weight=2699 2493 1596 897
internal_count=2699 2493 1596 897
is_linear=0
shrinkage=0.05


Tree=260
num_leaves=4
num_cat=0
split_feature=13 8 1
split_gain=0.373319 1.29026 1.51344
threshold=0.2342627362855754 0.73938794964055266 -0.39139950160941833
decision_type=10 2 2
left_child=1 2 -1
right_child=-2 -3 -4
leaf_value=0.0014068196337526664 -0.0016995043906975879 0.0044991970039814358 -0.0011939963787010678
leaf_weight=982 270 161 1286
leaf_count=982 270 161 1286
internal_value=4.68138e-05 0.000244022 -6.7276e-05
internal_weight=2699 2429 2268
internal_count=2699 2429 2268
is_linear=0
shrinkage=0.05


Tree=261
num_leaves=5
num_cat=0
split_feature=8 13 13 8
split_gain=0.376233 1.4091 1.877 1.34749
threshold=0.68808655133404339 0.26473418054181269 0.19416346605018006 0.72520873972585931
decision_type=2 8 10 2
left_child=1 2 -1 -2
right_child=3 -3 -4 -5
leaf_value=0.00037782447477527104 -0.0048377107614369112 0.0044806626021257926 -0.0049994725918155276 0.001015373212190307
leaf_weight=1947 160 180 172 240
leaf_count=1947 160 180 172 240
internal_value=4.88437e-05 0.000295803 -6.93942e-05 -0.00135668
internal_weight=2699 2299 2119 400
internal_count=2699 2299 2119 400
is_linear=0
shrinkage=0.05


Tree=262
num_leaves=5
num_cat=0
split_feature=2 12 4 2
split_gain=0.372937 1.07875 0.876188 0.821259
threshold=0.015000000000000008 0.067906458666286598 0.01785357107135712 0.03286757916125168
decision_type=2 2 2 2
left_child=1 -1 -2 -4
right_child=2 -3 3 -5
leaf_value=-0.0011561720501169685 -0.003281219758447522 0.0034640451830188581 -0.0012390237609438387 0.00086221839222852276
leaf_weight=237 208 261 729 1264
leaf_count=237 208 261 729 1264
internal_value=4.71355e-05 0.00127563 -0.000233086 9.24483e-05
internal_weight=2699 498 2201 1993
internal_count=2699 498 2201 1993
is_linear=0
shrinkage=0.05


Tree=263
num_leaves=6
num_cat=0
split_feature=2 2 2 4 9
split_gain=0.375793 3.18653 2.36396 1.71265 1.52609
threshold=0.042099562307281395 0.037416573867739424 0.050193375670878185 0.027726341266023528 0.53431782893869861
decision_type=2 2 2 2 2
left_child=1 3 -2 -1 -4
right_child=2 -3 4 -5 -6
leaf_value=0.0006501092111525804 -0.0048184954079450561 0.0061724419060141542 -0.00085682050617786893 -0.0030681379595034418 0.0043769297950365695
leaf_weight=1199 254 210 422 412 202
leaf_count=1199 254 210 422 412 202
internal_value=4.53272e-05 0.000454761 -0.000801617 -0.000307353 0.000858763
internal_weight=2699 1821 878 1611 624
internal_count=2699 1821 878 1611 624
is_linear=0
shrinkage=0.05


Tree=264
num_leaves=5
num_cat=0
split_feature=7 3 0 3
split_gain=0.382567 1.37485 0.929616 1.39541
threshold=-0.71068113347229833 -0.2747578125442604 0.29000000000000009 -0.3015113445777664
decision_type=2 2 2 2
left_child=1 -1 -2 -4
right_child=2 -3 3 -5
leaf_value=-0.0013299429957693305 -0.0036853980844736931 0.003837973874187705 0.0016843052110072242 -0.00099752377898299264
leaf_weight=252 175 254 798 1220
leaf_count=252 175 254 798 1220
internal_value=4.41563e-05 0.0012764 -0.000242421 6.45232e-05
internal_weight=2699 506 2193 2018
internal_count=2699 506 2193 2018
is_linear=0
shrinkage=0.05


Tree=265
num_leaves=5
num_cat=0
split_feature=11 7 8 7
split_gain=0.379707 1.14589 1.07544 1.01652
threshold=-0.88591702873062761 0.8878367484084656 0.50086294032735812 -0.86249620435516539
decision_type=2 2 2 2
left_child=2 3 -1 -2
right_child=1 -3 -4 -5
leaf_value=-0.0014644747964389947 -0.0031165801187638537 -0.0042346591175329391 0.0036304933451521346 0.00047190665052066876
leaf_weight=179 215 159 234 1912
leaf_count=179 215 159 234 1912
internal_value=4.53912e-05 -0.000207545 0.00143116 0.000102719
internal_weight=2699 2286 413 2127
internal_count=2699 2286 413 2127
is_linear=0
shrinkage=0.05


Tree=266
num_leaves=5
num_cat=0
split_feature=7 2 4 11
split_gain=0.371869 1.39398 0.883311 1.19935
threshold=-0.71068113347229833 0.034292856398964518 0.0043301270189222097 -0.93587432662533498
decision_type=2 2 2 2
left_child=1 -1 -2 -4
right_child=2 -3 3 -5
leaf_value=-0.0012942393214678194 -0.0037330596568341742 0.0039106409635490903 -0.0033431506614922447 0.00048263017707877374
leaf_weight=259 162 247 226 1805
leaf_count=259 162 247 226 1805
internal_value=4.49979e-05 0.00125989 -0.000237547 4.97509e-05
internal_weight=2699 506 2193 2031
internal_count=2699 506 2193 2031
is_linear=0
shrinkage=0.05


Tree=267
num_leaves=5
num_cat=0
split_feature=5 13 13 7
split_gain=0.378392 0.800137 1.86621 1.81716
threshold=0.13749999999999998 -0.06445629354884333 -1.0000000180025095e-35 0.47208028275341635
decision_type=2 8 8 2
left_child=1 3 -3 -1
right_child=-2 2 -4 -5
leaf_value=-0.0042371321469545364 -0.0019898880670350312 0.0044406957980245359 6.5743531254650986e-05 0.00056413279354234182
leaf_weight=285 206 295 1301 612
leaf_count=285 206 295 1301 612
internal_value=4.3456e-05 0.000215121 0.00088574 -0.000976384
internal_weight=2699 2493 1596 897
internal_count=2699 2493 1596 897
is_linear=0
shrinkage=0.05


Tree=268
num_leaves=5
num_cat=0
split_feature=11 8 4 13
split_gain=0.387259 0.9351 1.18358 0.817659
threshold=-0.91428340587396184 0.71040165460645566 0.0086602540378443605 -0.027741596249720116
decision_type=2 2 2 10
left_child=3 2 -2 -1
right_child=1 -3 -4 -5
leaf_value=-0.001110083623448523 -0.0027759336638327288 -0.003057818018691981 0.00063552177596388831 0.0036301580802110081
leaf_weight=159 291 249 1798 202
leaf_count=159 291 249 1798 202
internal_value=4.32221e-05 -0.000193135 0.000154809 0.00155571
internal_weight=2699 2338 2089 361
internal_count=2699 2338 2089 361
is_linear=0
shrinkage=0.05


Tree=269
num_leaves=6
num_cat=0
split_feature=2 9 0 2 2
split_gain=0.385909 1.93423 1.3242 0.813886 1.22894
threshold=0.015000000000000008 0.55226337518423985 0.49750000000000005 0.020615528128088333 0.025298221281347021
decision_type=2 2 2 2 2
left_child=1 2 -1 -2 -5
right_child=3 -3 -4 4 -6
leaf_value=0.0061720531977092234 -0.0028359314979971352 -0.0031924374787727508 -7.2344288135030467e-05 0.0036508830368877686 -0.00033253278869722317
leaf_weight=187 261 159 152 213 1727
leaf_count=187 261 159 152 213 1727
internal_value=4.27901e-05 0.00129248 0.00341185 -0.000242254 0.000113083
internal_weight=2699 498 339 2201 1940
internal_count=2699 498 339 2201 1940
is_linear=0
shrinkage=0.05


Tree=270
num_leaves=5
num_cat=0
split_feature=9 2 9 9
split_gain=0.376607 0.609425 2.11042 1.79025
threshold=-1.4924867071133083 0.027726341266023559 0.53431782893869861 -1.0882540286961788
decision_type=2 2 2 2
left_child=-1 2 -2 -3
right_child=1 3 -4 -5
leaf_value=-0.0020258113553775063 0.0028562704971607841 0.0043804214872858105 -0.0017746029988063962 -0.0010768644678833693
leaf_weight=198 655 165 388 1293
leaf_count=198 655 165 388 1293
internal_value=4.56292e-05 0.000213336 0.00113332 -0.00044641
internal_weight=2699 2501 1043 1458
internal_count=2699 2501 1043 1458
is_linear=0
shrinkage=0.05


Tree=271
num_leaves=7
num_cat=0
split_feature=9 6 6 9 11 5
split_gain=0.403038 2.14157 1.83414 1.5788 2.86237 2.15293
threshold=-0.6982134717804015 4.9951154732690961 5.4942541398213978 -0.017608384959224611 0.56458786246281556 0.10000000000000007
decision_type=2 2 2 2 2 2
left_child=1 -1 -3 4 -2 -5
right_child=3 2 -4 5 -6 -7
leaf_value=-0.0038837878168102979 0.0055112711779001337 0.003787824210199073 -0.0023228300153277817 -0.0011413814993857436 -0.0027021976508152714 0.0048340852729716272
leaf_weight=341 328 288 207 1216 152 167
leaf_count=341 328 288 207 1216 152 167
internal_value=4.52833e-05 -0.000863731 0.00123479 0.000454413 0.0029093 -0.000405017
internal_weight=2699 836 495 1863 480 1383
internal_count=2699 836 495 1863 480 1383
is_linear=0
shrinkage=0.05


Tree=272
num_leaves=5
num_cat=0
split_feature=5 2 5 2
split_gain=0.380559 0.699176 3.36446 2.50579
threshold=0.13749999999999998 0.049198432899854844 -0.12000000000000001 0.042099562307281395
decision_type=2 2 2 2
left_child=1 3 -3 -1
right_child=-2 2 -4 -5
leaf_value=0.00044882751882447568 -0.0019965452914483743 -0.0019929037057813638 0.0066642281908291176 -0.00504687461986119
leaf_weight=1821 206 240 203 229
leaf_count=1821 206 240 203 229
internal_value=4.261e-05 0.000214767 0.00200424 -0.000175868
internal_weight=2699 2493 443 2050
internal_count=2699 2493 443 2050
is_linear=0
shrinkage=0.05


Tree=273
num_leaves=5
num_cat=0
split_feature=9 13 13 13
split_gain=0.377828 0.886637 1.89491 1.88051
threshold=1.5519415325069807 -0.20005984757391024 -0.06445629354884333 -0.28426874296371801
decision_type=2 10 10 10
left_child=1 3 -3 -1
right_child=-2 2 -4 -5
leaf_value=-0.0017550311759924114 0.0024402626772080699 -0.0030671872887175098 0.00035204697061171021 0.0050546279209747651
leaf_weight=179 150 536 1611 223
leaf_count=179 150 536 1611 223
internal_value=4.33912e-05 -0.000102158 -0.00050671 0.00203816
internal_weight=2699 2549 2147 402
internal_count=2699 2549 2147 402
is_linear=0
shrinkage=0.05


Tree=274
num_leaves=4
num_cat=0
split_feature=13 8 1
split_gain=0.376889 1.2208 1.3751
threshold=0.2342627362855754 0.73938794964055266 -0.39139950160941833
decision_type=10 2 2
left_child=1 2 -1
right_child=-2 -3 -4
leaf_value=0.0013431255189039516 -0.0017119631621647967 0.0043798833232687176 -0.0011359701354033513
leaf_weight=982 270 161 1286
leaf_count=982 270 161 1286
internal_value=4.26769e-05 0.000240833 -6.19765e-05
internal_weight=2699 2429 2268
internal_count=2699 2429 2268
is_linear=0
shrinkage=0.05


Tree=275
num_leaves=6
num_cat=0
split_feature=0 13 6 1 11
split_gain=0.378033 1.93223 1.32081 1.09031 1.90739
threshold=0.38000000000000006 -0.014574416832013498 5.2679611137089832 -1.26025207562521 -0.043619269256720571
decision_type=2 8 2 2 2
left_child=1 -1 -3 -2 -5
right_child=3 2 -4 4 -6
leaf_value=-0.0045585055276751519 0.0034046291204665618 -0.0015836463952039798 0.0042014441093660253 -0.0018079149936793715 0.0014280391419146312
leaf_weight=235 254 206 181 839 984
leaf_count=235 254 206 181 839 984
internal_value=4.49435e-05 -0.00103145 0.00114112 0.000368996 -6.21168e-05
internal_weight=2699 622 387 2077 1823
internal_count=2699 622 387 2077 1823
is_linear=0
shrinkage=0.05


Tree=276
num_leaves=7
num_cat=0
split_feature=9 6 6 7 5 5
split_gain=0.378455 1.9754 1.7013 1.56993 1.47137 1.45156
threshold=-0.6982134717804015 4.9951154732690961 5.4942541398213978 -0.52507333465922945 1.0000000180025095e-35 0.11000000000000003
decision_type=2 2 2 2 2 2
left_child=1 4 -3 -2 -1 -5
right_child=3 2 -4 5 -6 -7
leaf_value=-0.00046074950303673075 0.0048411299550875295 0.0036397847687069059 -0.0022453453679533923 -0.00055466981416729059 -0.0069961569837235296 0.0040833047365671712
leaf_weight=173 178 288 207 1500 168 185
leaf_count=173 178 288 207 1500 168 185
internal_value=4.62543e-05 -0.000834607 0.00118089 0.000442707 -0.00373511 -3.48818e-05
internal_weight=2699 836 495 1863 341 1685
internal_count=2699 836 495 1863 341 1685
is_linear=0
shrinkage=0.05


Tree=277
num_leaves=4
num_cat=0
split_feature=2 11 9
split_gain=0.374352 0.743498 0.857429
threshold=0.07671012713609944 -0.95938580640646476 0.57792169083294687
decision_type=2 2 2
left_child=1 -1 -3
right_child=-2 2 -4
leaf_value=0.0028238958060802497 -0.0021782823906695776 0.00061238886608538012 -0.0014279380709109816
leaf_weight=239 172 1514 774
leaf_count=239 172 1514 774
internal_value=4.48704e-05 0.000200192 -7.94353e-05
internal_weight=2699 2527 2288
internal_count=2699 2527 2288
is_linear=0
shrinkage=0.05


Tree=278
num_leaves=5
num_cat=0
split_feature=9 13 13 13
split_gain=0.371863 0.840503 1.75639 1.74699
threshold=1.5519415325069807 -0.20005984757391024 -0.28426874296371801 -0.16306640705797384
decision_type=2 10 10 10
left_child=1 2 -1 -3
right_child=-2 3 -4 -5
leaf_value=-0.0016819842058517363 0.0024225623352873713 -0.0055202690302394337 0.004899318231955955 -8.9624170743257309e-05
leaf_weight=179 150 155 223 1992
leaf_count=179 150 155 223 1992
internal_value=4.46872e-05 -9.97115e-05 0.00198418 -0.000493598
internal_weight=2699 2549 402 2147
internal_count=2699 2549 402 2147
is_linear=0
shrinkage=0.05


Tree=279
num_leaves=4
num_cat=0
split_feature=13 8 8
split_gain=0.368579 1.14538 1.29653
threshold=0.2342627362855754 0.73938794964055266 0.68808655133404339
decision_type=10 2 2
left_child=1 2 -1
right_child=-2 -3 -4
leaf_value=0.00028351673394578434 -0.0016910137893124061 0.0042492822777614537 -0.0042804665342416797
leaf_weight=2105 270 161 163
leaf_count=2105 270 161 163
internal_value=4.41768e-05 0.000240133 -5.31888e-05
internal_weight=2699 2429 2268
internal_count=2699 2429 2268
is_linear=0
shrinkage=0.05


Tree=280
num_leaves=4
num_cat=0
split_feature=5 3 9
split_gain=0.361152 0.651879 0.989152
threshold=0.13749999999999998 1.5212776585113299 1.5164618947623201
decision_type=2 2 2
left_child=1 2 -1
right_child=-2 -3 -4
leaf_value=-0.00032310055037536089 -0.0019429893969995151 0.0027910639546527595 0.0038016269795405561
leaf_weight=2124 206 218 151
leaf_count=2124 206 218 151
internal_value=4.34945e-05 0.000211201 -4.15909e-05
internal_weight=2699 2493 2275
internal_count=2699 2493 2275
is_linear=0
shrinkage=0.05


Tree=281
num_leaves=6
num_cat=0
split_feature=2 9 4 9 12
split_gain=0.353677 1.70618 0.80795 1.03476 0.801834
threshold=0.015000000000000008 0.55226337518423985 0.01785357107135712 0.99242880088058905 0.067906458666286598
decision_type=2 2 2 2 2
left_child=1 4 -2 -4 -1
right_child=2 -3 3 -5 -6
leaf_value=0.00053071146303752684 -0.0031563694471878137 -0.0029727473377999737 -0.00047485630557084137 0.0023979479408700855 0.0054043106504372863
leaf_weight=154 208 159 1609 384 185
leaf_count=154 208 159 1609 384 185
internal_value=4.35461e-05 0.0012399 -0.00022934 8.32751e-05 0.00323024
internal_weight=2699 498 2201 1993 339
internal_count=2699 498 2201 1993 339
is_linear=0
shrinkage=0.05


Tree=282
num_leaves=5
num_cat=0
split_feature=0 0 1 8
split_gain=0.359978 0.627458 1.45421 0.970212
threshold=0.73000000000000009 0.62000000000000011 1.124999999999996 0.71040165460645566
decision_type=2 2 2 2
left_child=1 3 -3 -1
right_child=-2 2 -4 -5
leaf_value=0.00060220461126853726 0.0023665388951161106 -0.0047795377074602687 0.0013863626616389564 -0.0027436511804823016
leaf_weight=1931 152 204 173 239
leaf_count=1931 152 204 173 239
internal_value=4.28303e-05 -0.000100209 -0.00196898 0.000228238
internal_weight=2699 2547 377 2170
internal_count=2699 2547 377 2170
is_linear=0
shrinkage=0.05


Tree=283
num_leaves=6
num_cat=0
split_feature=0 13 3 2 9
split_gain=0.351072 1.78419 1.39405 1.07414 1.16671
threshold=0.38000000000000006 -0.014574416832013498 -1.1717001988274138 0.069436119150657769 -0.017608384959224611
decision_type=2 8 2 2 2
left_child=1 -1 -3 4 -2
right_child=3 2 -4 -5 -6
leaf_value=-0.0043848657313113413 0.0019628380516698704 -0.0023307314755977812 0.0036577796721130418 -0.0035061129806451051 -0.000501116637039829
leaf_weight=235 922 166 221 161 994
leaf_count=235 922 166 221 161 994
internal_value=4.16627e-05 -0.000995637 0.0010921 0.000353948 0.000686588
internal_weight=2699 622 387 2077 1916
internal_count=2699 622 387 2077 1916
is_linear=0
shrinkage=0.05


Tree=284
num_leaves=7
num_cat=0
split_feature=9 6 1 7 5 5
split_gain=0.381957 1.86747 1.64954 1.44352 1.38249 1.36423
threshold=-0.6982134717804015 4.9951154732690961 -0.84920845024692382 -0.52507333465922945 0.11000000000000003 1.0000000180025095e-35
decision_type=2 2 2 2 2 2
left_child=1 5 -3 -2 -5 -1
right_child=3 2 -4 4 -6 -7
leaf_value=-0.00050844860660812158 0.0046575180926650269 -0.002944804766940208 0.0031246925187393892 -0.00052542915923576617 0.0040008525991518246 -0.0068035890052170426
leaf_weight=173 178 163 332 1500 185 168
leaf_count=173 178 163 332 1500 185 168
internal_value=4.16e-05 -0.000843318 0.00111659 0.000439891 -1.81118e-05 -0.00366337
internal_weight=2699 836 495 1863 1685 341
internal_count=2699 836 495 1863 1685 341
is_linear=0
shrinkage=0.05


Tree=285
num_leaves=5
num_cat=0
split_feature=5 2 5 2
split_gain=0.35353 0.659495 3.08666 2.3601
threshold=0.13749999999999998 0.049198432899854844 -0.12000000000000001 0.042099562307281395
decision_type=2 2 2 2
left_child=1 3 -3 -1
right_child=-2 2 -4 -5
leaf_value=0.00043224734891724229 -0.0019259818931114617 -0.001885632203977403 0.0064066408981139277 -0.0049013042082198159
leaf_weight=1821 206 240 203 229
leaf_count=1821 206 240 203 229
internal_value=3.94222e-05 0.000205356 0.00194331 -0.000174025
internal_weight=2699 2493 443 2050
internal_count=2699 2493 443 2050
is_linear=0
shrinkage=0.05


Tree=286
num_leaves=7
num_cat=0
split_feature=9 6 6 7 0 5
split_gain=0.351459 1.72038 1.56431 1.35689 1.29957 1.25458
threshold=-0.6982134717804015 4.9951154732690961 5.4942541398213978 -0.52507333465922945 0.30000000000000004 1.0000000180025095e-35
decision_type=2 2 2 2 2 2
left_child=1 5 -3 -2 -5 -1
right_child=3 2 -4 4 -6 -7
leaf_value=-0.00048953274296324582 0.0045116695331134755 0.0034309954382479193 -0.0022117720332594133 -0.0041016794091888837 0.00044835211298624542 -0.006526454314158831
leaf_weight=173 178 288 207 170 1515 168
leaf_count=173 178 288 207 170 1515 168
internal_value=4.0499e-05 -0.000808356 0.00107277 0.000422557 -2.14785e-05 -0.00351507
internal_weight=2699 836 495 1863 1685 341
internal_count=2699 836 495 1863 1685 341
is_linear=0
shrinkage=0.05


Tree=287
num_leaves=5
num_cat=0
split_feature=11 13 13 4
split_gain=0.359512 0.955293 1.76296 0.924655
threshold=0.98282180633483562 0.20405340418736401 0.26473418054181269 0.010897247358851676
decision_type=2 10 10 2
left_child=1 3 -3 -1
right_child=-2 2 -4 -5
leaf_value=-0.0021153257625816592 0.002261391456364191 -0.0062261955341368566 0.00087449624177974618 0.00071731010803100144
leaf_weight=336 166 163 180 1854
leaf_count=336 166 163 180 1854
internal_value=4.23936e-05 -0.000107197 -0.00254086 0.000278885
internal_weight=2699 2533 343 2190
internal_count=2699 2533 343 2190
is_linear=0
shrinkage=0.05


Tree=288
num_leaves=4
num_cat=0
split_feature=10 1 3
split_gain=0.344461 0.683913 2.49784
threshold=0.009999999999999969 -1.5206453358790515 -1.2704960058277754
decision_type=2 2 2
left_child=-1 -2 -3
right_child=1 2 -4
leaf_value=0.0016541858067957022 -0.0026829274210893391 0.0057489209883017931 -0.0003846106894237997
leaf_weight=290 236 176 1997
leaf_count=290 236 176 1997
internal_value=4.14066e-05 -0.000155767 0.000124226
internal_weight=2699 2409 2173
internal_count=2699 2409 2173
is_linear=0
shrinkage=0.05


Tree=289
num_leaves=4
num_cat=0
split_feature=12 12 12
split_gain=0.343185 0.834789 0.839188
threshold=0.98078262472192701 0.92387703091419915 0.84338916215412885
decision_type=2 2 2
left_child=1 2 -1
right_child=-2 -3 -4
leaf_value=-0.00010661987602459582 0.002239085397610586 -0.0034748331175256547 0.0036870763314744599
leaf_weight=2220 162 166 151
leaf_count=2220 162 166 151
internal_value=4.35227e-05 -0.000100803 0.000142237
internal_weight=2699 2537 2371
internal_count=2699 2537 2371
is_linear=0
shrinkage=0.05


Tree=290
num_leaves=6
num_cat=0
split_feature=11 4 2 7 4
split_gain=0.342853 0.909657 2.2593 1.26154 0.813608
threshold=-0.91428340587396184 0.04763139720814414 0.045343136195018549 -0.31645718783588267 0.030973409504908369
decision_type=2 2 2 2 2
left_child=4 2 -2 -3 -1
right_child=1 3 -4 -5 -6
leaf_value=-0.00079626686890254313 -0.00025324990967052319 -0.0051639945232239207 0.0055689727243136717 5.4273749622753115e-06 0.0039038168971484663
leaf_weight=189 1674 194 180 290 172
leaf_count=189 1674 194 180 290 172
internal_value=4.27216e-05 -0.000179676 0.000325472 -0.00209823 0.00146585
internal_weight=2699 2338 1854 484 361
internal_count=2699 2338 1854 484 361
is_linear=0
shrinkage=0.05


Tree=291
num_leaves=6
num_cat=0
split_feature=2 9 0 4 9
split_gain=0.342573 1.55075 1.25743 0.75336 0.973514
threshold=0.015000000000000008 0.55226337518423985 0.49750000000000005 0.01785357107135712 0.99242880088058905
decision_type=2 2 2 2 2
left_child=1 2 -1 -2 -5
right_child=3 -3 -4 4 -6
leaf_value=0.0058075652438371135 -0.0030519494462207383 -0.0027963316158913986 -0.00027110191168868618 -0.00046500825410295633 0.0023214831239613287
leaf_weight=187 208 159 152 1609 384
leaf_count=187 208 159 152 1609 384
internal_value=4.30324e-05 0.00122046 0.0031177 -0.000225536 7.63431e-05
internal_weight=2699 498 339 2201 1993
internal_count=2699 498 339 2201 1993
is_linear=0
shrinkage=0.05


Tree=292
num_leaves=5
num_cat=0
split_feature=11 13 13 7
split_gain=0.334061 0.860778 1.63171 0.936814
threshold=0.98282180633483562 0.20405340418736401 0.26473418054181269 -0.67061247466862361
decision_type=2 10 10 2
left_child=1 3 -3 -1
right_child=-2 2 -4 -5
leaf_value=0.0030489262407015368 0.0021839534722225009 -0.0059550273575864378 0.00087553408500310533 -0.00011606159525000776
leaf_weight=261 166 163 180 1929
leaf_count=261 166 163 180 1929
internal_value=4.49469e-05 -9.92591e-05 -0.0024094 0.000267222
internal_weight=2699 2533 343 2190
internal_count=2699 2533 343 2190
is_linear=0
shrinkage=0.05


Tree=293
num_leaves=5
num_cat=0
split_feature=4 2 4 13
split_gain=0.333395 1.66494 1.34316 0.770667
threshold=0.0086602540378444091 0.0070710678118654927 0.012990381056766606 0.072466358839533132
decision_type=2 2 2 10
left_child=1 -1 -2 -4
right_child=2 -3 3 -5
leaf_value=0.00159177622363831 0.0044898498343068291 -0.0052242520613053553 0.0006473534037264026 -0.0012961169902500217
leaf_weight=203 169 153 1367 807
leaf_count=203 169 153 1367 807
internal_value=4.53452e-05 -0.00136937 0.000262758 -7.53915e-05
internal_weight=2699 356 2343 2174
internal_count=2699 356 2343 2174
is_linear=0
shrinkage=0.05


Tree=294
num_leaves=5
num_cat=0
split_feature=7 2 4 11
split_gain=0.338837 1.43026 0.799894 1.22593
threshold=-0.71068113347229833 0.033231667476221582 0.0043301270189222097 -0.93587432662533498
decision_type=2 2 2 2
left_child=1 -1 -2 -4
right_child=2 -3 3 -5
leaf_value=-0.0014825429915868509 -0.0035503914312063575 0.0037881860722794787 -0.0033809220861820951 0.00048702115615899293
leaf_weight=249 162 257 226 1805
leaf_count=249 162 257 226 1805
internal_value=4.56874e-05 0.00120536 -0.000224022 4.9369e-05
internal_weight=2699 506 2193 2031
internal_count=2699 506 2193 2031
is_linear=0
shrinkage=0.05


Tree=295
num_leaves=5
num_cat=0
split_feature=11 7 3 7
split_gain=0.354555 0.889472 1.24883 0.771292
threshold=-0.91428340587396184 -0.86249620435516539 -0.22941573387056186 -0.29334622560791518
decision_type=2 2 2 2
left_child=3 -2 -3 -1
right_child=1 2 -4 -5
leaf_value=0.0040822091009120763 -0.0031859700062683879 0.0014647145772495799 -0.00096765458754560947 -0.00053070589988714171
leaf_weight=156 218 959 1161 205
leaf_count=156 218 959 1161 205
internal_value=4.40147e-05 -0.000182148 0.000133506 0.00149122
internal_weight=2699 2338 2120 361
internal_count=2699 2338 2120 361
is_linear=0
shrinkage=0.05


Tree=296
num_leaves=6
num_cat=0
split_feature=2 2 2 9 9
split_gain=0.354263 2.9306 1.99603 1.60905 1.29586
threshold=0.042099562307281395 0.038845081979546593 0.050193375670878185 0.53431782893869861 0.53431782893869861
decision_type=2 2 2 2 2
left_child=1 3 -2 -1 -4
right_child=2 -3 4 -5 -6
leaf_value=0.00096180271879415841 -0.0044658641593394131 0.0069988166555189166 -0.00082944190506965138 -0.0022889119745863164 0.0039931705250778205
leaf_weight=1092 254 151 422 578 202
leaf_count=1092 254 151 422 578 202
internal_value=4.74235e-05 0.000444949 -0.000774909 -0.000166769 0.000751057
internal_weight=2699 1821 878 1670 624
internal_count=2699 1821 878 1670 624
is_linear=0
shrinkage=0.05


Tree=297
num_leaves=7
num_cat=0
split_feature=2 9 0 12 13 11
split_gain=0.338889 1.41973 1.19635 0.701944 2.27591 1.84348
threshold=0.015000000000000008 0.55226337518423985 0.49750000000000005 0.019161088049153462 -0.23274749561526123 0.82060928857708182
decision_type=2 2 2 2 10 2
left_child=1 2 -1 5 -5 -2
right_child=3 -3 -4 4 -6 -7
leaf_value=0.0056567627092590561 -0.00037637792785864067 -0.00262613305594863 -0.000272196619089242 0.004236963529608207 -0.0021161260007155811 0.0046012262509524835
leaf_weight=187 904 159 152 162 906 229
leaf_count=187 904 159 152 162 906 229
internal_value=4.69746e-05 0.00121805 0.00303303 -0.000220153 -0.0011372 0.000645483
internal_weight=2699 498 339 2201 1068 1133
internal_count=2699 498 339 2201 1068 1133
is_linear=0
shrinkage=0.05


Tree=298
num_leaves=5
num_cat=0
split_feature=11 12 11 9
split_gain=0.341685 1.09182 1.06168 1.28583
threshold=-0.88591702873062761 0.1112159875762242 -0.75018319070349693 0.57792169083294687
decision_type=2 2 2 2
left_child=1 -1 -2 -4
right_child=2 -3 3 -5
leaf_value=-0.00068643389146977156 -0.003728761583489856 0.0045302536045060014 0.0010305187131250608 -0.0015703619196007637
leaf_weight=253 189 160 1378 719
leaf_count=253 189 160 1378 719
internal_value=5.00287e-05 0.00136457 -0.000189923 0.000137139
internal_weight=2699 413 2286 2097
internal_count=2699 413 2286 2097
is_linear=0
shrinkage=0.05


Tree=299
num_leaves=5
num_cat=0
split_feature=9 13 8 13
split_gain=0.339107 0.733055 1.74045 1.70436
threshold=1.5519415325069807 -0.20005984757391024 0.20289525190156818 -0.28426874296371801
decision_type=2 10 2 10
left_child=1 3 -3 -1
right_child=-2 2 -4 -5
leaf_value=-0.0017515063498412141 0.0023205226815996632 -0.0050385363843469394 -1.471093850474373e-05 0.0047302174855742537
leaf_weight=179 150 184 1963 223
leaf_count=179 150 184 1963 223
internal_value=4.97999e-05 -8.81057e-05 -0.000455964 0.00185802
internal_weight=2699 2549 2147 402
internal_count=2699 2549 2147 402
is_linear=0
shrinkage=0.05


end of trees

feature_importances:
Column_13=153
Column_0=145
Column_9=139
Column_2=119
Column_8=114
Column_11=114
Column_6=101
Column_3=97
Column_7=97
Column_5=92
Column_4=75
Column_12=50
Column_1=48
Column_10=14

parameters:
[boosting: gbdt]
[objective: huber]
[metric: huber]
[tree_learner: serial]
[device_type: cpu]
[data_sample_strategy: bagging]
[data: ]
[valid: ]
[num_iterations: 300]
[learning_rate: 0.05]
[num_leaves: 7]
[num_threads: 0]
[seed: 0]
[deterministic: 0]
[force_col_wise: 0]
[force_row_wise: 0]
[histogram_pool_size: -1]
[max_depth: 3]
[min_data_in_leaf: 150]
[min_sum_hessian_in_leaf: 0.001]
[bagging_fraction: 0.9]
[pos_bagging_fraction: 1]
[neg_bagging_fraction: 1]
[bagging_freq: 0]
[bagging_seed: 7719]
[bagging_by_query: 0]
[feature_fraction: 0.9]
[feature_fraction_bynode: 1]
[feature_fraction_seed: 2437]
[extra_trees: 0]
[extra_seed: 11797]
[early_stopping_round: 0]
[early_stopping_min_delta: 0]
[first_metric_only: 0]
[max_delta_step: 0]
[lambda_l1: 0]
[lambda_l2: 5]
[linear_lambda: 0]
[min_gain_to_split: 0]
[drop_rate: 0.1]
[max_drop: 50]
[skip_drop: 0.5]
[xgboost_dart_mode: 0]
[uniform_drop: 0]
[drop_seed: 21238]
[top_rate: 0.2]
[other_rate: 0.1]
[min_data_per_group: 100]
[max_cat_threshold: 32]
[cat_l2: 10]
[cat_smooth: 10]
[max_cat_to_onehot: 4]
[top_k: 20]
[monotone_constraints: ]
[monotone_constraints_method: basic]
[monotone_penalty: 0]
[feature_contri: ]
[forcedsplits_filename: ]
[refit_decay_rate: 0.9]
[cegb_tradeoff: 1]
[cegb_penalty_split: 0]
[cegb_penalty_feature_lazy: ]
[cegb_penalty_feature_coupled: ]
[path_smooth: 0]
[interaction_constraints: ]
[verbosity: -1]
[saved_feature_importance_type: 0]
[use_quantized_grad: 0]
[num_grad_quant_bins: 4]
[quant_train_renew_leaf: 0]
[stochastic_rounding: 1]
[linear_tree: 0]
[max_bin: 255]
[max_bin_by_feature: ]
[min_data_in_bin: 3]
[bin_construct_sample_cnt: 200000]
[data_random_seed: 38]
[is_enable_sparse: 1]
[enable_bundle: 1]
[use_missing: 1]
[zero_as_missing: 0]
[feature_pre_filter: 1]
[pre_partition: 0]
[two_round: 0]
[header: 0]
[label_column: ]
[weight_column: ]
[group_column: ]
[ignore_column: ]
[categorical_feature: ]
[forcedbins_filename: ]
[precise_float_parser: 0]
[parser_config_file: ]
[objective_seed: 8855]
[num_class: 1]
[is_unbalance: 0]
[scale_pos_weight: 1]
[sigmoid: 1]
[boost_from_average: 1]
[reg_sqrt: 0]
[alpha: 1]
[fair_c: 1]
[poisson_max_delta_step: 0.7]
[tweedie_variance_power: 1.5]
[lambdarank_truncation_level: 30]
[lambdarank_norm: 1]
[label_gain: ]
[lambdarank_position_bias_regularization: 0]
[eval_at: ]
[multi_error_top_k: 1]
[auc_mu_weights: ]
[num_machines: 1]
[local_listen_port: 12400]
[time_out: 120]
[machine_list_filename: ]
[machines: ]
[gpu_platform_id: -1]
[gpu_device_id: -1]
[gpu_use_dp: 0]
[num_gpu: 1]

end of parameters

pandas_categorical:null
