tree
version=v4
num_class=1
num_tree_per_iteration=1
label_index=0
max_feature_idx=13
objective=huber
feature_names=Column_0 Column_1 Column_2 Column_3 Column_4 Column_5 Column_6 Column_7 Column_8 Column_9 Column_10 Column_11 Column_12 Column_13
feature_infos=[0.0015:0.99849999999999994] [-3.2102949538713301:3.2926131586807696] [0:0.38913008393366633] [-1.7320508075691337:1.7320508075688898] [0:0.3363777638310832] [-0.8899999999999999:0.78000000000000003] [1.7029282555214393:9.0962563614829186] [-0.99981061502533064:0.99903573149944269] [0:0.857113974065982] [-3.3060618999224256:3.3002640188845098] [0.00099999999999999915:0.14000000000000001] [-0.99998590883318006:0.99998590883318006] [-0.99998590883318006:0.99998590883318006] [-0.77975741808905008:0.67634126260024174]
tree_sizes=669 683 684 681 683 681 681 770 681 769 681 770 771 769 770 770 771 770 681 683 771 687 768 777 775 774 774 780 689 775 687 690 772 781 783 781 690 693 786 774 689 784 690 778 694 688 693 780 784 778 690 782 774 692 696 782 697 784 780 787 784 604 519 521 692 694 609 781 604 518 689 778 521 780 606 780 690 690 775 606 775 520 778 608 522 782 695 517 696 689 606 695 518 605 608 697 518 605 697 695 695 608 517 604 522 609 607 522 697 691 606 605 609 517 612 523 523 604 521 606 606 607 610 693 605 522 518 692 697 607 516 609 522 605 787 607 522 605 611 696 518 611 612 604 610 696 607 696 520 608 697 520 702 608 522 694 521 522 608 516 701 616 603 519 605 787 696 785 692 784 695 609 608 791 701 783 515 608 694 604 697 607 694 611 695 516 698 689 694 603 519 694 692 692 694 603 692 786 697 693 687 606 698 611 519 694 690 517 788 695 701 608 790 769 607 693 606 694 785 610 701 520 696 790 786 696 696 609 612 518 699 523 610 604 695 518 522 609 523 604 520 691 696 608 695 612 609 608 683 696 607 611 523 608 521 700 698 697 603 523 607 681 701 521 612 609 696 610 704 698 607 522 698 699 784 696 697 697 523 700 703 781 701 518 519 698 519 610 780 611 695 610 706 703 701 519 521 704 521 522

Tree=0
num_leaves=6
num_cat=0
split_feature=0 0 0 2 13
split_gain=301.144 34.4516 13.0676 2.5647 1.79839
threshold=0.59750000000000003 0.84750000000000003 0.48000000000000004 0.097848343380664934 -0.095325205930006138
decision_type=2 2 2 2 10
left_child=2 4 3 -1 -2
right_child=1 -3 -4 -5 -6
leaf_value=-0.13178431399650498 -0.15941993244859967 -0.1756205038453823 -0.14337649360009613 -0.12630925918454639 -0.15147068546326362
leaf_weight=864 249 620 227 293 160
leaf_count=864 249 620 227 293 160
internal_value=-0.147742 -0.168158 -0.132506 -0.130356 -0.156519
internal_weight=2413 1029 1384 1157 409
internal_count=2413 1029 1384 1157 409
is_linear=0
shrinkage=1


Tree=1
num_leaves=6
num_cat=0
split_feature=0 0 0 2 13
split_gain=274.165 30.5496 12.0399 2.3216 1.62248
threshold=0.59750000000000003 0.84750000000000003 0.48000000000000004 0.097848343380664934 -0.095325205930006138
decision_type=2 2 2 2 10
left_child=2 4 3 -1 -2
right_child=1 -3 -4 -5 -6
leaf_value=0.0052425504030854846 -0.02127411987368516 -0.036510712575912478 -0.0058959964791248584 0.010451486739236238 -0.013692956548748594
leaf_weight=864 249 620 227 293 160
leaf_count=864 249 620 227 293 160
internal_value=-0.00999988 -0.0294798 0.0045374 0.00660096 -0.0185096
internal_weight=2413 1029 1384 1157 409
internal_count=2413 1029 1384 1157 409
is_linear=0
shrinkage=0.05


Tree=2
num_leaves=6
num_cat=0
split_feature=0 0 0 2 13
split_gain=249.611 27.074 11.0954 2.10154 1.46296
threshold=0.59750000000000003 0.84750000000000003 0.48000000000000004 0.097848343380664934 -0.095325205930006138
decision_type=2 2 2 2 10
left_child=2 4 3 -1 -2
right_child=1 -3 -4 -5 -6
leaf_value=0.004981931628631503 -0.020461684160345186 -0.03478740725517273 -0.0057219110557745244 0.0099376803076507269 -0.013232374660896532
leaf_weight=864 249 620 227 293 160
leaf_count=864 249 620 227 293 160
internal_value=-0.00957795 -0.0281651 0.00429319 0.00627429 -0.0178276
internal_weight=2413 1029 1384 1157 409
internal_count=2413 1029 1384 1157 409
is_linear=0
shrinkage=0.05


Tree=3
num_leaves=6
num_cat=0
split_feature=0 0 0 2 5
split_gain=227.349 25.4381 8.73678 1.90234 1.5034
threshold=0.59000000000000008 0.84750000000000003 0.48000000000000004 0.097848343380664934 0.020000000000000011
decision_type=2 2 2 2 2
left_child=2 4 3 -1 -2
right_child=1 -3 -4 -5 -6
leaf_value=0.0047342681650702507 -0.012144676116621419 -0.033145441198349002 -0.005052732822493973 0.0094491330756737088 -0.019317787970815389
leaf_weight=864 152 620 209 293 275
leaf_count=864 152 620 209 293 275
internal_value=-0.00917409 -0.026646 0.00426596 0.00596379 -0.0169345
internal_weight=2413 1047 1366 1157 427
internal_count=2413 1047 1366 1157 427
is_linear=0
shrinkage=0.05


Tree=4
num_leaves=6
num_cat=0
split_feature=0 0 0 4 2
split_gain=207.055 22.5283 8.04961 1.75935 1.72202
threshold=0.59000000000000008 0.84750000000000003 0.48000000000000004 0.030000000000000009 0.097848343380664934
decision_type=2 2 2 2 2
left_child=2 3 4 -2 -1
right_child=1 -3 -4 -5 -6
leaf_value=0.0044989164498547831 -0.02055058835233961 -0.031580977010726929 -0.0049051660661385442 -0.013171045231910154 0.0089846034978060107
leaf_weight=864 170 620 209 257 293
leaf_count=864 170 620 209 257 293
internal_value=-0.00878743 -0.0254613 0.00403885 -0.0163129 0.00566865
internal_weight=2413 1047 1366 427 1157
internal_count=2413 1047 1366 427 1157
is_linear=0
shrinkage=0.05


Tree=5
num_leaves=6
num_cat=0
split_feature=0 0 0 4 7
split_gain=188.58 19.9384 7.41811 1.59434 1.58181
threshold=0.59000000000000008 0.84750000000000003 0.48000000000000004 0.030000000000000009 0.7329240383814617
decision_type=2 2 2 2 2
left_child=2 3 4 -2 -1
right_child=1 -3 -4 -5 -6
leaf_value=0.0062044730728085884 -0.019757922019277299 -0.030090354537963868 -0.0047619077646843741 -0.012713577513021369 0.0011807395556034186
leaf_weight=967 170 620 209 257 190
leaf_count=967 170 620 209 257 190
internal_value=-0.00841734 -0.0243299 0.00382345 -0.0157143 0.00538812
internal_weight=2413 1047 1366 427 1157
internal_count=2413 1047 1366 427 1157
is_linear=0
shrinkage=0.05


Tree=6
num_leaves=6
num_cat=0
split_feature=0 0 0 2 2
split_gain=171.764 16.5323 7.94643 1.56482 1.32573
threshold=0.59750000000000003 0.84750000000000003 0.48000000000000004 0.097848343380664934 0.073067050189766405
decision_type=2 2 2 2 2
left_child=2 4 3 -1 -2
right_child=1 -3 -4 -5 -6
leaf_value=0.0040084498378226341 -0.018589062062068961 -0.028670088052749634 -0.005030141616689748 0.0082766663083094077 -0.01204323819197646
leaf_weight=864 196 620 227 293 213
leaf_count=864 196 620 227 293 213
internal_value=-0.00806362 -0.0234822 0.00344334 0.0051203 -0.0153667
internal_weight=2413 1029 1384 1157 409
internal_count=2413 1029 1384 1157 409
is_linear=0
shrinkage=0.05


Tree=7
num_leaves=7
num_cat=0
split_feature=0 0 0 13 7 2
split_gain=156.488 15.5695 6.28648 1.4468 1.42768 0.0376092
threshold=0.59000000000000008 0.84750000000000003 0.48000000000000004 -0.080815843761106773 0.7329240383814617 0.082990439508149105
decision_type=2 2 2 10 2 2
left_child=2 3 4 -2 -1 -3
right_child=1 5 -4 -5 -6 -7
leaf_value=0.0056422232703876845 -0.016881886541202505 -0.028538159133274673 -0.004475923843472918 -0.010078528051889397 0.00087759029597808159 -0.022910815273752865
leaf_weight=967 274 464 209 153 190 156
leaf_count=967 274 464 209 153 190 156
internal_value=-0.00772455 -0.02222 0.00342635 -0.014589 0.00486693 -0.0273169
internal_weight=2413 1047 1366 427 1157 620
internal_count=2413 1047 1366 427 1157 620
is_linear=0
shrinkage=0.05


Tree=8
num_leaves=6
num_cat=0
split_feature=0 0 0 2 4
split_gain=142.563 13.7691 5.7956 1.42124 1.42054
threshold=0.59000000000000008 0.84750000000000003 0.48000000000000004 0.097848343380664934 0.030000000000000009
decision_type=2 2 2 2 2
left_child=2 4 3 -1 -2
right_child=1 -3 -4 -5 -6
leaf_value=0.0035681690604900738 -0.017829876320702692 -0.026033335452079778 -0.0043452027105839452 0.0076291721176681114 -0.01126093601679984
leaf_weight=864 170 620 209 293 257
leaf_count=864 170 620 209 293 257
internal_value=-0.0074016 -0.0212371 0.00324169 0.00462498 -0.0140523
internal_weight=2413 1047 1366 1157 427
internal_count=2413 1047 1366 1157 427
is_linear=0
shrinkage=0.05


Tree=9
num_leaves=7
num_cat=0
split_feature=0 0 0 13 9 2
split_gain=129.86 12.1777 5.34558 1.33591 1.3214 0.80605
threshold=0.59000000000000008 0.83000000000000007 0.48000000000000004 -0.14310030124534981 0.64526723373254768 0.08776348714069647
decision_type=2 2 2 10 2 2
left_child=2 3 4 -2 -1 -3
right_child=1 5 -4 -5 -6 -7
leaf_value=0.0055656382534415979 -0.016124308792253336 -0.025753809055385664 -0.0042182973890661076 -0.0096254729138219308 0.0019257963329475385 -0.019306507592017838
leaf_weight=781 187 511 209 198 376 151
leaf_count=781 187 511 209 198 376 151
internal_value=-0.00709058 -0.0202953 0.00306755 -0.0129483 0.00439614 -0.024439
internal_weight=2413 1047 1366 385 1157 662
internal_count=2413 1047 1366 385 1157 662
is_linear=0
shrinkage=0.05


Tree=10
num_leaves=6
num_cat=0
split_feature=0 0 0 9 2
split_gain=118.307 10.8127 4.9308 2.5414 1.29157
threshold=0.59000000000000008 0.84750000000000003 0.48000000000000004 0.71032304015136882 0.097848343380664934
decision_type=2 2 2 2 2
left_child=2 3 4 -2 -1
right_child=1 -3 -4 -5 -6
leaf_value=0.0031729553340665221 -0.0098446448184417237 -0.023653455691337588 -0.0040950999499481415 -0.01831139584000294 0.0070385189826956537
leaf_weight=864 276 620 209 151 293
leaf_count=864 276 620 209 151 293
internal_value=-0.00679401 -0.0193977 0.00290184 -0.013016 0.00417795
internal_weight=2413 1047 1366 427 1157
internal_count=2413 1047 1366 427 1157
is_linear=0
shrinkage=0.05


Tree=11
num_leaves=7
num_cat=0
split_feature=0 0 0 9 7 2
split_gain=107.755 9.60832 4.54998 2.62709 1.21244 0.702946
threshold=0.59000000000000008 0.83000000000000007 0.48000000000000004 0.65146142031853016 0.7329240383814617 0.08776348714069647
decision_type=2 2 2 2 2 2
left_child=2 3 4 -2 -1 -3
right_child=1 5 -4 -5 -6 -7
leaf_value=0.0046853753433413348 -0.0083766628010003633 -0.023432181498339012 -0.0039755007234689227 -0.017157767904110444 0.0003097753656598238 -0.017505180281706344
leaf_weight=967 234 511 209 151 190 151
leaf_count=967 234 511 209 151 190 151
internal_value=-0.00650811 -0.0185365 0.00274532 -0.0119965 0.00397125 -0.0222216
internal_weight=2413 1047 1366 385 1157 662
internal_count=2413 1047 1366 385 1157 662
is_linear=0
shrinkage=0.05


Tree=12
num_leaves=7
num_cat=0
split_feature=0 0 0 9 2 2
split_gain=98.1527 8.50325 4.19839 2.39553 1.21349 0.589436
threshold=0.59000000000000008 0.83000000000000007 0.48000000000000004 0.65146142031853016 0.070245106199827059 0.08776348714069647
decision_type=2 2 2 2 2 2
left_child=2 3 4 -2 -1 -3
right_child=1 5 -4 -5 -6 -7
leaf_value=0.002295352157545053 -0.0080945197882512625 -0.022317335812389389 -0.0038593935214470479 -0.016486854774829668 0.0055769562280665224 -0.016758966312194482
leaf_weight=642 234 511 209 151 515 151
leaf_count=642 234 511 209 151 515 151
internal_value=-0.00623552 -0.0177155 0.00259606 -0.0115552 0.00377376 -0.0211846
internal_weight=2413 1047 1366 385 1157 662
internal_count=2413 1047 1366 385 1157 662
is_linear=0
shrinkage=0.05


Tree=13
num_leaves=7
num_cat=0
split_feature=0 0 0 9 9 0
split_gain=89.4142 7.5402 3.87555 1.95683 1.1267 0.127576
threshold=0.59000000000000008 0.84750000000000003 0.48000000000000004 0.71032304015136882 0.64526723373254768 0.95725000000000005
decision_type=2 2 2 2 2 2
left_child=2 3 4 -2 -1 -3
right_child=1 5 -4 -5 -6 -7
leaf_value=0.0046652860565077866 -0.0087938077933423456 -0.018879490540239026 -0.0037466773780706892 -0.016235574506796326 0.0013147194168268853 -0.022958628533940234
leaf_weight=781 276 401 209 151 376 219
leaf_count=781 276 401 209 151 376 219
internal_value=-0.00597419 -0.0169312 0.00245517 -0.0115829 0.00358677 -0.0204925
internal_weight=2413 1047 1366 427 1157 620
internal_count=2413 1047 1366 427 1157 620
is_linear=0
shrinkage=0.05


Tree=14
num_leaves=7
num_cat=0
split_feature=0 0 0 9 7 2
split_gain=81.4725 6.18464 4.32467 1.76356 1.41618 0.500588
threshold=0.59750000000000003 0.83000000000000007 0.50750000000000017 0.26340756800391446 0.51639071001339298 0.08776348714069647
decision_type=2 2 2 2 2 2
left_child=2 3 4 -2 -1 -3
right_child=1 5 -4 -5 -6 -7
leaf_value=0.0042439919761613583 -0.0068693584304744919 -0.020303741392008093 -0.0052633351749844029 -0.01416153334081173 0.00035912305312721355 -0.015221629778926188
leaf_weight=900 172 511 166 195 318 151
leaf_count=900 172 511 166 195 318 151
internal_value=-0.00572486 -0.0163438 0.0022007 -0.0108822 0.00323533 -0.0192673
internal_weight=2413 1029 1384 367 1218 662
internal_count=2413 1029 1384 367 1218 662
is_linear=0
shrinkage=0.05


Tree=15
num_leaves=7
num_cat=0
split_feature=0 0 0 9 2 0
split_gain=74.263 5.96402 3.33224 2.20893 1.10833 0.691611
threshold=0.59000000000000008 0.80750000000000022 0.48000000000000004 0.43229379412729602 0.097848343380664934 0.88750000000000007
decision_type=2 2 2 2 2 2
left_child=2 3 4 -2 -1 -3
right_child=1 5 -4 -5 -6 -7
leaf_value=0.0023236465142017402 -0.0056215112102764283 -0.014488251696383287 -0.0035508908958078547 -0.013866579823795406 0.0058906284785960744 -0.019342309654450742
leaf_weight=864 174 192 209 169 293 512
leaf_count=864 174 192 209 169 293 512
internal_value=-0.00548322 -0.0154688 0.00219895 -0.00982481 0.00324841 -0.01813
internal_weight=2413 1047 1366 343 1157 704
internal_count=2413 1047 1366 343 1157 704
is_linear=0
shrinkage=0.05


Tree=16
num_leaves=7
num_cat=0
split_feature=0 0 0 9 2 0
split_gain=67.646 5.28327 3.07845 2.02228 1.02995 0.579725
threshold=0.59000000000000008 0.80750000000000022 0.48000000000000004 0.43229379412729602 0.070245106199827059 0.88750000000000007
decision_type=2 2 2 2 2 2
left_child=2 3 4 -2 -1 -3
right_child=1 5 -4 -5 -6 -7
leaf_value=0.0017306560659104558 -0.0054393613804652047 -0.013885187293369759 -0.0034471847325841958 -0.013332636363204871 0.0047466198183023015 -0.01842008958529227
leaf_weight=642 174 192 209 169 515 512
leaf_count=642 174 192 209 169 515 512
internal_value=-0.00525302 -0.0147834 0.00207898 -0.00946415 0.00308776 -0.0172899
internal_weight=2413 1047 1366 343 1157 704
internal_count=2413 1047 1366 343 1157 704
is_linear=0
shrinkage=0.05


Tree=17
num_leaves=7
num_cat=0
split_feature=0 0 0 9 2 3
split_gain=61.6186 4.67719 2.84435 1.85118 0.94018 0.582114
threshold=0.59000000000000008 0.80750000000000022 0.48000000000000004 0.43229379412729602 0.097848343380664934 1.3416407864998774
decision_type=2 2 2 2 2 2
left_child=2 3 4 -2 -1 -3
right_child=1 5 -4 -5 -6 -7
leaf_value=0.0020835737508086124 -0.005263114008823587 -0.017460110873146788 -0.0033465078918733329 -0.012819253627596231 0.0053676903382218729 -0.012757899138060483
leaf_weight=864 174 544 209 169 293 160
leaf_count=864 174 544 209 169 293 160
internal_value=-0.00503278 -0.0141286 0.00196502 -0.0091168 0.00293477 -0.0164889
internal_weight=2413 1047 1366 343 1157 704
internal_count=2413 1047 1366 343 1157 704
is_linear=0
shrinkage=0.05


Tree=18
num_leaves=6
num_cat=0
split_feature=0 0 0 7 0
split_gain=56.1415 3.8441 3.2691 1.292 1.14474
threshold=0.59750000000000003 0.73000000000000009 0.50750000000000017 0.51639071001339298 0.88750000000000007
decision_type=2 2 2 2 2
left_child=2 -2 3 -1 -3
right_child=1 4 -4 -5 -6
leaf_value=0.0036203730547831534 -0.0069674507847854077 -0.012304796071391092 -0.0047307231447152927 -8.3236778933474159e-05 -0.01675483605444316
leaf_weight=900 191 326 166 318 512
leaf_count=900 191 326 166 318 512
internal_value=-0.00482223 -0.0136371 0.00175709 0.00265703 -0.0151069
internal_weight=2413 1029 1384 1218 838
internal_count=2413 1029 1384 1218 838
is_linear=0
shrinkage=0.05


Tree=19
num_leaves=6
num_cat=0
split_feature=0 0 0 3 2
split_gain=51.1724 3.80034 2.44841 1.01664 0.873036
threshold=0.59000000000000008 0.73000000000000009 0.48000000000000004 1.3416407864998774 0.070245106199827059
decision_type=2 2 2 2 2
left_child=2 -2 4 -3 -1
right_child=1 3 -4 -5 -6
leaf_value=0.0014107412829926062 -0.0066423656923748622 -0.015474131891650301 -0.0031691593265979093 -0.010628896449978029 0.0041843116765197079
leaf_weight=642 209 644 209 194 515
leaf_count=642 209 644 209 194 515
internal_value=-0.00461908 -0.0129081 0.00175813 -0.0144221 0.002658
internal_weight=2413 1047 1366 838 1157
internal_count=2413 1047 1366 838 1157
is_linear=0
shrinkage=0.05


Tree=20
num_leaves=7
num_cat=0
split_feature=0 2 5 7 0 0
split_gain=46.737 6.67792 2.9864 1.39073 2.48987 1.75959
threshold=0.51650000000000007 0.10825597958836204 9.8011876392689613e-17 0.51639071001339298 0.33750000000000008 0.11750000000000001
decision_type=2 2 2 2 2 2
left_child=3 2 -2 4 -1 -5
right_child=1 -3 -4 5 -6 -7
leaf_value=0.0018413753925115928 -0.0084014055274781729 -0.0037475428023895662 -0.015114934047204501 0.0031003021257107752 0.0079399893949697684 -0.0041488401185382495
leaf_weight=700 247 226 698 165 217 160
leaf_count=700 247 226 698 165 217 160
internal_value=-0.00442733 -0.011572 -0.0134136 0.00232826 0.00331979 -0.000477295
internal_weight=2413 1171 945 1242 917 325
internal_count=2413 1171 945 1242 917 325
is_linear=0
shrinkage=0.05


Tree=21
num_leaves=6
num_cat=0
split_feature=0 0 0 3 11
split_gain=42.8186 2.90235 2.55116 1.09551 1.03735
threshold=0.59750000000000003 0.73000000000000009 0.50750000000000017 -0.85733145373534003 0.36243293110884239
decision_type=2 2 2 2 2
left_child=2 -2 3 -1 -3
right_child=1 4 -4 -5 -6
leaf_value=0.0040131733038071575 -0.0061364696342117936 -0.011523083591668303 -0.0042226287008028983 0.00098418561057581804 -0.015666808052496477
leaf_weight=526 191 513 166 692 325
leaf_count=526 191 513 166 692 325
internal_value=-0.00423774 -0.0119359 0.00150821 0.00230333 -0.0132135
internal_weight=2413 1029 1384 1218 838
internal_count=2413 1029 1384 1218 838
is_linear=0
shrinkage=0.05


Tree=22
num_leaves=7
num_cat=0
split_feature=0 0 4 7 0 0
split_gain=39.0886 4.82319 3.02354 1.27363 2.34308 1.57392
threshold=0.51650000000000007 0.73000000000000009 0.038971143170299781 0.51639071001339298 0.33750000000000008 0.11750000000000001
decision_type=2 2 2 2 2 2
left_child=3 2 -2 4 -1 -5
right_child=1 -3 -4 5 -6 -7
leaf_value=0.001634183711378921 -0.010436411918718604 -0.012618894369506046 -0.0009297003617157808 0.002820123423383955 0.0075478816086107549 -0.0040364070010907721
leaf_weight=700 153 838 180 165 217 160
leaf_count=700 153 838 180 165 217 160
internal_value=-0.00406019 -0.0105941 -0.00538742 0.002118 0.00306695 -0.000565413
internal_weight=2413 1171 333 1242 917 325
internal_count=2413 1171 333 1242 917 325
is_linear=0
shrinkage=0.05


Tree=23
num_leaves=7
num_cat=0
split_feature=1 2 6 2 3 5
split_gain=16.4699 4.10438 8.58665 2.4283 2.98726 2.80637
threshold=0.27858119308710477 0.071629714287562499 4.7894065438562654 0.092243920788360342 -0.8164965809277257 1.0000000180025095e-35
decision_type=2 2 2 2 2 2
left_child=3 -2 -3 5 -5 -1
right_child=1 2 -4 4 -6 -7
leaf_value=-0.00022949577030244371 -0.011248094101026529 0.0042452309236806988 -0.0095306654179165545 0.0075296272589886557 -0.0017194033656035017 -0.0075256993056862223
leaf_weight=823 588 165 339 192 154 152
leaf_count=823 588 165 339 192 154 152
internal_value=-0.00388279 -0.0084111 -0.0050233 -0.000121875 0.00344716 -0.00139955
internal_weight=2413 1092 504 1321 346 975
internal_count=2413 1092 504 1321 346 975
is_linear=0
shrinkage=0.05


Tree=24
num_leaves=7
num_cat=0
split_feature=0 2 5 7 0 0
split_gain=34.2864 5.62689 2.11378 1.19387 2.22578 1.40363
threshold=0.51650000000000007 0.10825597958836204 9.8011876392689613e-17 0.51639071001339298 0.33750000000000008 0.13750000000000004
decision_type=2 2 2 2 2 2
left_child=3 2 -2 4 -1 -5
right_child=1 -3 -4 5 -6 -7
leaf_value=0.0016059508839133361 -0.0072836977562734072 -0.0026625637110177574 -0.012944049741092482 0.0025882567487257933 0.0073699270752636166 -0.0038924228260293608
leaf_weight=700 247 226 698 170 217 155
leaf_count=700 247 226 698 170 217 155
internal_value=-0.00370212 -0.00982161 -0.0115107 0.00208378 0.00300252 -0.000514675
internal_weight=2413 1171 945 1242 917 325
internal_count=2413 1171 945 1242 917 325
is_linear=0
shrinkage=0.05


Tree=25
num_leaves=7
num_cat=0
split_feature=0 2 5 7 0 0
split_gain=31.3788 5.1156 1.88151 1.09344 2.06532 1.27552
threshold=0.51650000000000007 0.10825597958836204 9.8011876392689613e-17 0.51639071001339298 0.33750000000000008 0.11750000000000001
decision_type=2 2 2 2 2 2
left_child=3 2 -2 4 -1 -5
right_child=1 -3 -4 5 -6 -7
leaf_value=0.0015274162207406464 -0.0070120041450810813 -0.0025692010983760227 -0.012360370568242216 0.0025540205191903038 0.0070794458861823551 -0.0036183505573055964
leaf_weight=700 247 226 698 165 217 160
leaf_count=700 247 226 698 165 217 160
internal_value=-0.00354187 -0.00939613 -0.0110067 0.00199328 0.00287252 -0.000493468
internal_weight=2413 1171 945 1242 917 325
internal_count=2413 1171 945 1242 917 325
is_linear=0
shrinkage=0.05


Tree=26
num_leaves=7
num_cat=0
split_feature=0 0 13 0 0 9
split_gain=28.8212 1.96462 1.84158 4.33579 1.93866 1.7049
threshold=0.59750000000000003 0.88750000000000007 0.037493043274766699 0.30000000000000004 0.30750000000000005 -0.27831959615227214
decision_type=2 2 8 2 2 2
left_child=2 5 3 -1 -4 -2
right_child=1 -3 4 -5 -6 -7
leaf_value=0.0026239250076576333 -0.0034644542812065759 -0.011943910439540156 0.0013781461194061588 -0.005418944031327636 0.0071391586987477433 -0.0095519948193056141
leaf_weight=429 188 512 480 268 207 329
leaf_count=429 188 512 480 268 207 329
internal_value=-0.00338821 -0.00970407 0.00132564 -0.000485168 0.00315304 -0.00739273
internal_weight=2413 1029 1384 697 687 517
internal_count=2413 1029 1384 697 687 517
is_linear=0
shrinkage=0.05


Tree=27
num_leaves=7
num_cat=0
split_feature=1 6 2 2 3 5
split_gain=11.6193 3.17105 8.00769 2.03598 2.70358 2.20195
threshold=0.27858119308710477 5.0367577592599018 0.093398377352380477 0.092243920788360342 -0.8164965809277257 1.0000000180025095e-35
decision_type=2 2 2 2 2 2
left_child=3 2 -2 5 -5 -1
right_child=1 -3 -4 4 -6 -7
leaf_value=-0.00021354430692567344 -0.0085796014262984194 -0.0093028688049593636 0.0052398084674352488 0.0070721400392062721 -0.0017248989750613581 -0.0066765238809737438
leaf_weight=823 295 640 157 192 154 152
leaf_count=823 295 640 157 192 154 152
internal_value=-0.00323882 -0.00704228 -0.00377469 -7.99972e-05 0.0031879 -0.00125003
internal_weight=2413 1092 452 1321 346 975
internal_count=2413 1092 452 1321 346 975
is_linear=0
shrinkage=0.05


Tree=28
num_leaves=6
num_cat=0
split_feature=0 2 5 6 3
split_gain=25.325 4.35897 1.37156 0.876348 1.63833
threshold=0.51650000000000007 0.10825597958836204 9.8011876392689613e-17 4.6964722777470556 -0.99724137405480795
decision_type=2 2 2 2 2
left_child=3 2 -2 -1 -5
right_child=1 -3 -4 4 -6
leaf_value=0.0042440993981435896 -0.0064013084958470055 -0.0020532928955503357 -0.010992203420756722 0.0038409235055041793 -0.00045262122438250742
leaf_weight=295 247 226 698 347 600
leaf_count=295 247 226 698 347 600
internal_value=-0.00308667 -0.00834605 -0.00983226 0.00188564 0.00113253
internal_weight=2413 1171 945 1242 947
internal_count=2413 1171 945 1242 947
is_linear=0
shrinkage=0.05


Tree=29
num_leaves=7
num_cat=0
split_feature=0 2 12 7 0 0
split_gain=23.1515 3.96613 1.25375 0.989288 1.97908 1.05903
threshold=0.51650000000000007 0.10825597958836204 -0.86050803806311205 0.51639071001339298 0.33750000000000008 0.13750000000000004
decision_type=2 2 2 2 2 2
left_child=3 2 -2 4 -1 -5
right_child=1 -3 -4 5 -6 -7
leaf_value=0.0013196175347940159 -0.0054711048932451958 -0.0019812942196280408 -0.01031701147556305 0.0021315652824539159 0.0067518730219956998 -0.0034982846817001702
leaf_weight=700 185 226 760 170 217 155
leaf_count=700 185 226 760 170 217 155
internal_value=-0.00295581 -0.00798444 -0.00940213 0.00179835 0.00263476 -0.000565762
internal_weight=2413 1171 945 1242 917 325
internal_count=2413 1171 945 1242 917 325
is_linear=0
shrinkage=0.05


Tree=30
num_leaves=6
num_cat=0
split_feature=0 2 0 0 11
split_gain=21.3154 1.73209 3.48787 1.5623 0.990112
threshold=0.59750000000000003 0.10582798981119197 0.29000000000000009 0.73000000000000009 0.36243293110884239
decision_type=2 2 2 2 2
left_child=1 2 -1 -2 -5
right_child=3 -3 -4 4 -6
leaf_value=0.0023284380138463333 -0.0040283601122851273 0.0046400411113891619 -0.0035954271292496739 -0.0076660127900397002 -0.011456026378454585
leaf_weight=724 191 288 372 513 325
leaf_count=724 191 288 372 513 325
internal_value=-0.0028286 0.00122497 0.000310586 -0.0082602 -0.00919512
internal_weight=2413 1384 1096 1029 838
internal_count=2413 1384 1096 1029 838
is_linear=0
shrinkage=0.05


Tree=31
num_leaves=6
num_cat=0
split_feature=0 4 13 3 3
split_gain=19.4513 1.67362 1.59824 1.44236 2.11571
threshold=0.59750000000000003 0.086746638181678853 0.067982589186833017 1.2602520756252089 -0.48786710422008167
decision_type=2 2 8 2 2
left_child=1 2 -1 4 -2
right_child=3 -3 -4 -5 -6
leaf_value=-0.0011140967479052687 -0.0044722635369925275 0.0060275752654975392 0.0024854884996900954 -0.0045061873293471061 -0.01055718076400732
leaf_weight=666 205 152 566 256 568
leaf_count=666 205 152 566 256 568
internal_value=-0.00270743 0.00116486 0.000542971 -0.00789609 -0.00898257
internal_weight=2413 1384 1232 1029 773
internal_count=2413 1384 1232 1029 773
is_linear=0
shrinkage=0.05


Tree=32
num_leaves=7
num_cat=0
split_feature=0 2 9 7 0 0
split_gain=17.9462 3.4588 1.14316 0.86772 1.96562 0.946859
threshold=0.51650000000000007 0.10825597958836204 0.33110883076856595 0.51639071001339298 0.33750000000000008 0.11750000000000001
decision_type=2 2 2 2 2 2
left_child=3 2 -2 4 -1 -5
right_child=1 -3 -4 5 -6 -7
leaf_value=0.0010738225234672427 -0.0067355721207194384 -0.0014198772899516217 -0.010446624617624165 0.0020149274468284979 0.006484254442893707 -0.0033041828419222981
leaf_weight=700 549 226 396 165 217 160
leaf_count=700 549 226 396 165 217 160
internal_value=-0.00258672 -0.00701411 -0.00833748 0.00159895 0.00238237 -0.000614098
internal_weight=2413 1171 945 1242 917 325
internal_count=2413 1171 945 1242 917 325
is_linear=0
shrinkage=0.05


Tree=33
num_leaves=7
num_cat=0
split_feature=0 2 12 5 13 8
split_gain=16.4449 3.15446 1.10639 0.830282 1.20371 1.0173
threshold=0.51650000000000007 0.10825597958836204 -0.86050803806311205 -0.070000000000000007 -0.022365757595298127 0.64138260330142149
decision_type=2 2 2 2 10 2
left_child=3 2 -2 5 -5 -1
right_child=1 -3 -4 4 -6 -7
leaf_value=0.0013875671693372692 -0.0043300193077639533 -0.0013700892979448492 -0.008830322308672799 0.00036828246791746551 0.0048364709991313365 -0.0032398991197774745
leaf_weight=483 185 226 760 273 334 152
leaf_count=483 185 226 760 273 334 152
internal_value=-0.00247476 -0.00671292 -0.00797674 0.00153201 0.00284632 0.000263232
internal_weight=2413 1171 945 1242 607 635
internal_count=2413 1171 945 1242 607 635
is_linear=0
shrinkage=0.05


Tree=34
num_leaves=7
num_cat=0
split_feature=0 7 0 11 3 12
split_gain=15.1237 2.30976 3.45018 0.876717 1.01412 0.245949
threshold=0.73000000000000009 -0.80052797093955153 0.50750000000000017 0.36243293110884239 1.1651473919208291 -0.11432308759631833
decision_type=2 2 2 2 2 2
left_child=1 -1 -3 4 -2 -5
right_child=3 2 -4 5 -6 -7
leaf_value=0.0049299916978925475 -0.0077921979088711804 0.0011207706019932633 -0.0048174111230403008 -0.011555311124188354 -0.0027930802498490385 -0.0079384913370454096
leaf_weight=245 362 1013 317 161 151 164
leaf_count=245 362 1013 317 161 151 164
internal_value=-0.00237097 0.000520403 -0.000307312 -0.00777609 -0.00636189 -0.00987814
internal_weight=2413 1575 1330 838 513 325
internal_count=2413 1575 1330 838 513 325
is_linear=0
shrinkage=0.05


Tree=35
num_leaves=7
num_cat=0
split_feature=0 4 0 11 11 12
split_gain=13.7525 2.20216 2.36245 0.792217 0.95901 0.218216
threshold=0.73000000000000009 0.089368387270523805 0.28000000000000008 0.36243293110884239 -0.56913004364260844 -0.11432308759631833
decision_type=2 2 2 2 2 2
left_child=1 2 -1 4 -2 -5
right_child=3 -3 -4 5 -6 -7
leaf_value=0.0015917728899089113 -0.0082222985809273785 0.0059897713940962015 -0.0025276998720097782 -0.011012350749897671 -0.0037794670341788116 -0.00758619140943832
leaf_weight=820 259 158 597 161 254 164
leaf_count=820 259 158 597 161 254 164
internal_value=-0.00227122 0.000485994 -0.000146598 -0.00742549 -0.00608025 -0.0094246
internal_weight=2413 1575 1417 838 513 325
internal_count=2413 1575 1417 838 513 325
is_linear=0
shrinkage=0.05


Tree=36
num_leaves=6
num_cat=0
split_feature=0 2 9 6 3
split_gain=12.6006 2.75539 1.04944 0.798667 1.44484
threshold=0.51650000000000007 0.10825597958836204 0.33110883076856595 4.6964722777470556 -0.99724137405480795
decision_type=2 2 2 2 2
left_child=3 2 -2 -1 -5
right_child=1 -3 -4 4 -6
leaf_value=0.0035843389800672108 -0.0055506226562958769 -0.00089864336050950091 -0.0090641681467208482 0.0031636823732738282 -0.00086627925345905069
leaf_weight=295 549 226 396 347 600
leaf_count=295 549 226 396 347 600
internal_value=-0.00217227 -0.00588211 -0.00706292 0.00133506 0.000619241
internal_weight=2413 1171 945 1242 947
internal_count=2413 1171 945 1242 947
is_linear=0
shrinkage=0.05


Tree=37
num_leaves=6
num_cat=0
split_feature=0 7 0 3 12
split_gain=11.6221 2.11426 2.81793 0.759221 0.338817
threshold=0.73000000000000009 -0.80052797093955153 0.50750000000000017 1.3416407864998774 0.55099668524406431
decision_type=2 2 2 2 2
left_child=1 -1 -3 4 -2
right_child=3 2 -4 -5 -6
leaf_value=0.0046729695996269582 -0.0084888289012595656 0.00095315968382378923 -0.0044134895299902622 -0.0039170981426933909 -0.0056454351217281526
leaf_weight=245 444 1013 317 194 200
leaf_count=245 444 1013 317 194 200
internal_value=-0.0020806 0.00045406 -0.000337698 -0.00681886 -0.00765608
internal_weight=2413 1575 1330 838 644
internal_count=2413 1575 1330 838 644
is_linear=0
shrinkage=0.05


Tree=38
num_leaves=7
num_cat=0
split_feature=0 4 11 11 11 12
split_gain=10.5662 2.0778 2.02207 0.711712 0.866758 0.199108
threshold=0.73000000000000009 0.089368387270523805 -0.9131160577410028 0.36243293110884239 -0.152121242593905 -0.11432308759631833
decision_type=2 2 2 2 2 2
left_child=1 2 -1 4 -2 -5
right_child=3 -3 -4 5 -6 -7
leaf_value=-0.0049777774631975412 -0.0065677623617226817 0.0057700591473597348 0.00055014956881723419 -0.0098685533481549081 -0.0019806660568484897 -0.0066927435703178833
leaf_weight=186 362 158 1231 161 151 164
leaf_count=186 362 158 1231 161 151 164
internal_value=-0.00199291 0.000423892 -0.000190415 -0.0065108 -0.00524972 -0.00839168
internal_weight=2413 1575 1417 838 513 325
internal_count=2413 1575 1417 838 513 325
is_linear=0
shrinkage=0.05


Tree=39
num_leaves=7
num_cat=0
split_feature=0 4 8 5 6 8
split_gain=9.77011 1.44027 3.2141 0.798106 1.45849 0.907152
threshold=0.51650000000000007 0.035487428090632461 0.58377329502261455 -0.070000000000000007 5.0281804684844147 0.64138260330142149
decision_type=2 2 2 2 2 2
left_child=3 -2 -3 5 -5 -1
right_child=1 2 -4 4 -6 -7
leaf_value=0.0010110051854415687 -0.0064437846142750277 0.0017263422863414654 -0.0070833800432200614 0.005188034843979744 0.00027504162591374305 -0.0033584923339487873
leaf_weight=483 765 203 203 269 338 152
leaf_count=483 765 203 203 269 338 152
internal_value=-0.00189993 -0.00516665 -0.0027111 0.00118841 0.0024769 -5.29887e-05
internal_weight=2413 1171 406 1242 607 635
internal_count=2413 1171 406 1242 607 635
is_linear=0
shrinkage=0.05


Tree=40
num_leaves=6
num_cat=0
split_feature=0 2 12 6 6
split_gain=8.92957 2.0533 0.951919 0.821418 1.99132
threshold=0.50750000000000017 0.1174039137399123 -0.86050803806311205 4.5537189719277018 4.8558121652469213
decision_type=2 2 2 2 2
left_child=3 2 -2 -1 -5
right_child=1 -3 -4 4 -6
leaf_value=0.0038586631593389969 -0.0024934550151607107 2.7128705574620155e-05 -0.0064924834879450822 -0.0045935553027747229 0.0015252250524578591
leaf_weight=229 192 181 822 153 836
leaf_count=229 192 181 822 153 836
internal_value=-0.00181786 -0.00487954 -0.00575122 0.00119367 0.000560294
internal_weight=2413 1195 1014 1218 989
internal_count=2413 1195 1014 1218 989
is_linear=0
shrinkage=0.05


Tree=41
num_leaves=7
num_cat=0
split_feature=0 2 0 5 11 11
split_gain=8.26624 2.01294 3.40368 2.46769 0.633028 0.778183
threshold=0.73000000000000009 0.10891789113195251 0.51650000000000007 -0.2574999999999999 0.36243293110884239 -0.56913004364260844
decision_type=2 2 2 2 2 2
left_child=1 2 -1 -3 5 -2
right_child=4 3 -4 -5 -6 -7
leaf_value=0.00079566871124845621 -0.0064761798405511819 -0.0003626400258956262 -0.0056677436244254023 0.0083825285564164947 -0.0075028241786992914 -0.0025178905590850873
leaf_weight=1008 259 164 250 153 325 254
leaf_count=1008 259 164 250 153 325 254
internal_value=-0.00174272 0.000394868 -0.000506146 0.00392284 -0.00573876 -0.00455955
internal_weight=2413 1575 1258 317 838 513
internal_count=2413 1575 1258 317 838 513
is_linear=0
shrinkage=0.05


Tree=42
num_leaves=6
num_cat=0
split_feature=0 4 4 3 6
split_gain=7.53637 1.9313 1.97866 0.667221 0.3748
threshold=0.73000000000000009 0.089368387270523805 0.061821309927903148 1.3416407864998774 5.3128364013462637
decision_type=2 2 2 2 2
left_child=1 2 -1 4 -2
right_child=3 -3 -4 -5 -6
leaf_value=0.00057023419335969769 -0.0076295418109720119 0.0055317240442217912 -0.0046346019646748473 -0.0028031668958052921 -0.0049913926632143557
leaf_weight=1207 297 158 210 194 347
leaf_count=1207 297 158 210 194 347
internal_value=-0.00166359 0.00037744 -0.000214709 -0.00547915 -0.00625746
internal_weight=2413 1575 1417 838 644
internal_count=2413 1575 1417 838 644
is_linear=0
shrinkage=0.05


Tree=43
num_leaves=7
num_cat=0
split_feature=0 2 7 5 6 6
split_gain=6.96168 1.75644 0.899134 0.773774 1.30662 0.882766
threshold=0.50750000000000017 0.1174039137399123 -0.7624592832334478 -0.070000000000000007 5.0281804684844147 5.0084662717896791
decision_type=2 2 2 2 2 2
left_child=3 2 -2 5 -5 -1
right_child=1 -3 -4 4 -6 -7
leaf_value=-0.0026090014042234422 -0.0015576518336196006 0.00024145888064497261 -0.0057327133493191131 0.0050150951140442461 0.00028248571276731063 0.0012539519524602393
leaf_weight=227 157 181 857 256 332 403
leaf_count=227 157 181 857 256 332 403
internal_value=-0.0015875 -0.00429086 -0.00509709 0.00107151 0.00236785 -0.000147521
internal_weight=2413 1195 1014 1218 588 630
internal_count=2413 1195 1014 1218 588 630
is_linear=0
shrinkage=0.05


Tree=44
num_leaves=6
num_cat=0
split_feature=0 7 7 3 3
split_gain=6.39823 1.88233 2.4588 0.599698 0.345179
threshold=0.73000000000000009 -0.80052797093955153 -0.56548081493970281 1.3416407864998774 -0.22941573387056166
decision_type=2 2 2 2 2
left_child=1 -1 -3 4 -2
right_child=3 2 -4 -5 -6
leaf_value=0.004340503787167836 -0.0034889583475887775 -0.0055298290916276404 0.00050611381405897364 -0.0025067498860646734 -0.0064312173719386981
leaf_weight=245 151 193 1137 194 493
leaf_count=245 151 193 1137 194 493
internal_value=-0.00152095 0.000359621 -0.000387209 -0.00503662 -0.00577353
internal_weight=2413 1575 1330 838 644
internal_count=2413 1575 1330 838 644
is_linear=0
shrinkage=0.05


Tree=45
num_leaves=6
num_cat=0
split_feature=0 2 12 6 6
split_gain=5.93656 1.59477 0.81915 0.754478 1.80793
threshold=0.50750000000000017 0.1174039137399123 -0.84627065865205431 4.5537189719277018 4.8558121652469213
decision_type=2 2 2 2 2
left_child=3 2 -2 -1 -5
right_child=1 -3 -4 4 -6
leaf_value=0.0035577310565620282 -0.0018172853518850529 0.00036739234722429708 -0.005426001617246691 -0.0045119041412305444 0.0013179073374579727
leaf_weight=229 203 181 811 153 836
leaf_count=229 203 181 811 153 836
internal_value=-0.00145132 -0.00394773 -0.00471601 0.00100408 0.000397866
internal_weight=2413 1195 1014 1218 989
internal_count=2413 1195 1014 1218 989
is_linear=0
shrinkage=0.05


Tree=46
num_leaves=6
num_cat=0
split_feature=0 2 7 3 0
split_gain=5.42832 1.46283 0.840969 0.747288 1.58913
threshold=0.50750000000000017 0.1174039137399123 0.19788002590703727 0.99999999999999833 0.38000000000000006
decision_type=2 2 2 2 2
left_child=3 2 -2 4 -1
right_child=1 -3 -4 -5 -6
leaf_value=0.00062178185662988634 -0.0031272483219431618 0.00035465205869367048 -0.0060689799785614016 -0.0022260075981688243 0.0060451768760411244
leaf_weight=908 544 181 470 156 154
leaf_count=908 544 181 470 156 154
internal_value=-0.00139089 -0.00377805 -0.00451386 0.000957059 0.00143287
internal_weight=2413 1195 1014 1218 1062
internal_count=2413 1195 1014 1218 1062
is_linear=0
shrinkage=0.05


Tree=47
num_leaves=7
num_cat=0
split_feature=0 2 0 5 11 3
split_gain=5.03379 1.83258 2.78744 2.33153 0.554105 0.714536
threshold=0.73000000000000009 0.10891789113195251 0.29000000000000009 -0.2574999999999999 0.36243293110884239 1.1651473919208291
decision_type=2 2 2 2 2 2
left_child=1 2 -1 -3 5 -2
right_child=4 3 -4 -5 -6 -7
leaf_value=0.0014675095253191409 -0.0045577392997144034 -0.00045806015761584305 -0.0032859389512044077 0.0080395227088887675 -0.0060791294513778257 -0.00045518841928778551
leaf_weight=733 362 164 525 153 325 151
leaf_count=733 362 164 525 153 325 151
internal_value=-0.00132982 0.000338169 -0.000521398 0.00370445 -0.00444818 -0.00336622
internal_weight=2413 1575 1258 317 838 513
internal_count=2413 1575 1258 317 838 513
is_linear=0
shrinkage=0.05


Tree=48
num_leaves=7
num_cat=0
split_feature=0 4 13 11 11 12
split_gain=4.5842 1.79888 1.80228 0.50159 0.717231 0.228187
threshold=0.73000000000000009 0.089368387270523805 0.08497924574128389 0.36243293110884239 -0.152121242593905 -0.12508070926482082
decision_type=2 2 8 2 2 2
left_child=1 2 -1 4 -2 -5
right_child=3 -3 -4 5 -6 -7
leaf_value=-0.0017422371388398532 -0.0044091594062887684 0.0052968145298137349 0.0018653022819915676 -0.0072152771168585983 -0.00030457267346672523 -0.0042504782317315829
leaf_weight=831 362 158 586 160 151 165
leaf_count=831 362 158 586 160 151 165
internal_value=-0.00126944 0.000322319 -0.000249027 -0.00424529 -0.00321559 -0.00579728
internal_weight=2413 1575 1417 838 513 325
internal_count=2413 1575 1417 838 513 325
is_linear=0
shrinkage=0.05


Tree=49
num_leaves=7
num_cat=0
split_feature=0 8 4 13 5 6
split_gain=4.27341 1.30128 2.67811 1.5972 0.724609 1.22244
threshold=0.50750000000000017 0.58377329502261455 0.035487428090632461 0.023885300620320859 -0.070000000000000007 5.0281804684844147
decision_type=2 2 2 10 2 2
left_child=4 2 -2 -3 -1 -6
right_child=1 3 -4 -5 5 -7
leaf_value=-0.00030445284694598213 -0.0039855609185379705 -0.0075618705450996712 0.0028195170146004065 -0.002069267301434973 0.0046890726979372313 0.00011408994504933188
leaf_weight=630 444 298 209 244 256 332
leaf_count=630 444 298 209 244 256 332
internal_value=-0.00120913 -0.0033272 -0.00180264 -0.0051307 0.000874055 0.00212866
internal_weight=2413 1195 653 542 1218 588
internal_count=2413 1195 653 542 1218 588
is_linear=0
shrinkage=0.05


Tree=50
num_leaves=6
num_cat=0
split_feature=0 2 7 3 0
split_gain=3.90157 1.22852 0.783061 0.683432 1.5118
threshold=0.50750000000000017 0.1174039137399123 -0.7624592832334478 0.99999999999999833 0.38000000000000006
decision_type=2 2 2 2 2
left_child=3 2 -2 4 -1
right_child=1 -3 -4 -5 -6
leaf_value=0.00050049712173773342 -0.00058519516692117409 0.00060184605980432172 -0.004444859300906448 -0.0022073935176483038 0.0057892933862764137
leaf_weight=908 157 181 857 156 154
leaf_count=908 157 181 857 156 154
internal_value=-0.00115478 -0.00317861 -0.00385306 0.0008357 0.00129096
internal_weight=2413 1195 1014 1218 1062
internal_count=2413 1195 1014 1218 1062
is_linear=0
shrinkage=0.05


Tree=51
num_leaves=7
num_cat=0
split_feature=3 5 6 1 5 11
split_gain=2.00274 2.10168 2.46427 2.26742 1.50603 0.823266
threshold=-1.0000000000000002 1.0000000180025095e-35 4.6517668154327616 0.80363337012575897 -0.070000000000000007 -0.12518893467400513
decision_type=2 2 2 2 2 2
left_child=4 2 -2 -3 5 -1
right_child=1 3 -4 -5 -6 -7
leaf_value=-0.0032785255367860141 0.0049557106462993833 -0.0071965254923062666 -0.0014680439201596646 -0.0019390959298507598 0.0046493463312957065 0.0018779388313264315
leaf_weight=150 190 275 632 790 226 150
leaf_count=150 190 275 632 790 226 150
internal_value=-0.00110359 -0.00186331 3.77504e-05 -0.00332393 0.00161376 -0.000711774
internal_weight=2413 1887 822 1065 526 300
internal_count=2413 1887 822 1065 526 300
is_linear=0
shrinkage=0.05


Tree=52
num_leaves=7
num_cat=0
split_feature=0 2 0 0 3 6
split_gain=3.49116 1.66918 2.43023 2.24558 0.487062 0.366193
threshold=0.73000000000000009 0.10891789113195251 0.29000000000000009 0.33750000000000008 1.3416407864998774 5.3128364013462637
decision_type=2 2 2 2 2 2
left_child=1 2 -1 -3 5 -2
right_child=4 3 -4 -5 -6 -7
leaf_value=0.0013747743566250455 -0.0056147070003315716 -0.00045855902548663476 -0.0030636485033440145 0.00788528383739533 -0.0014042839445360942 -0.0031250043232417244
leaf_weight=733 297 167 525 150 194 347
leaf_count=733 297 167 525 150 194 347
internal_value=-0.00105083 0.000338099 -0.000482304 0.00355077 -0.0036478 -0.00430762
internal_weight=2413 1575 1258 317 838 644
internal_count=2413 1575 1258 317 838 644
is_linear=0
shrinkage=0.05


Tree=53
num_leaves=6
num_cat=0
split_feature=0 3 3 8 0
split_gain=3.21518 1.50776 1.98953 0.622356 1.47576
threshold=0.48000000000000004 -1.0875455302069261 -1.0000000180025095e-35 0.65018191665603486 0.33750000000000008
decision_type=2 2 2 2 2
left_child=3 -2 -3 4 -1
right_child=1 2 -4 -5 -6
leaf_value=0.00056520979366907469 0.001886991748156456 -0.0079032576832901782 -0.0023774794959086167 -0.0012552609596644061 0.0058243685339126119
leaf_weight=742 151 196 909 257 158
leaf_count=742 151 196 909 257 158
internal_value=-0.00100269 -0.00274956 -0.0033888 0.000897337 0.00151556
internal_weight=2413 1256 1105 1157 900
internal_count=2413 1256 1105 1157 900
is_linear=0
shrinkage=0.05


Tree=54
num_leaves=6
num_cat=0
split_feature=0 4 4 8 9
split_gain=2.97534 1.62857 1.7562 0.473465 0.890052
threshold=0.73000000000000009 0.089368387270523805 0.061821309927903148 0.4716322241657645 -0.95884836118256878
decision_type=2 2 2 2 2
left_child=1 2 -1 -2 -5
right_child=3 -3 -4 4 -6
leaf_value=0.00051696805251657955 -0.00087879446645577745 0.0050542025953999791 -0.004386587983029786 -0.00077272409200668333 -0.0049728373730043227
leaf_weight=1207 160 158 210 170 508
leaf_count=1207 160 158 210 170 508
internal_value=-0.000961129 0.000321066 -0.00022261 -0.00335859 -0.00393308
internal_weight=2413 1575 1417 838 678
internal_count=2413 1575 1417 838 678
is_linear=0
shrinkage=0.05


Tree=55
num_leaves=7
num_cat=0
split_feature=0 3 3 12 6 4
split_gain=2.75606 1.35947 1.84266 0.592223 1.43561 0.700842
threshold=0.48000000000000004 -1.0875455302069261 -1.0000000180025095e-35 -0.14658660262477125 5.3535155258934504 0.033447720400649153
decision_type=2 2 2 2 2 2
left_child=3 -2 -3 4 -1 -5
right_child=1 2 -4 5 -6 -7
leaf_value=0.0045781337721273307 0.0018674409375167809 -0.0074841100602081757 -0.00216840020578591 0.00118287219776118 -0.0006674001603507886 -0.0021585522962678542
leaf_weight=270 151 196 909 382 246 259
leaf_count=270 151 196 909 382 246 259
internal_value=-0.000916261 -0.00253363 -0.00314074 0.000842843 0.00209495 -0.000173508
internal_weight=2413 1256 1105 1157 516 641
internal_count=2413 1256 1105 1157 516 641
is_linear=0
shrinkage=0.05


Tree=56
num_leaves=6
num_cat=0
split_feature=0 7 7 13 9
split_gain=2.52971 1.58893 2.35602 0.481105 1.0512
threshold=0.73000000000000009 -0.80052797093955153 -0.56548081493970281 0.22578146177048716 -0.54627543145794621
decision_type=2 2 2 8 2
left_child=1 -1 -3 4 -2
right_child=3 2 -4 -5 -6
leaf_value=0.0039600866072927602 0.00065631545986980205 -0.0054175051523612421 0.00049094673634701778 -0.0052577386079356078 -0.0037194097184352001
leaf_weight=245 195 193 1137 195 448
leaf_count=245 195 193 1137 195 448
internal_value=-0.000879719 0.000302542 -0.000383524 -0.00309036 -0.00239758
internal_weight=2413 1575 1330 838 643
internal_count=2413 1575 1330 838 643
is_linear=0
shrinkage=0.05


Tree=57
num_leaves=7
num_cat=0
split_feature=0 13 0 8 2 4
split_gain=2.34767 1.28763 4.72651 1.49714 0.588604 2.30506
threshold=0.48000000000000004 0.059818561784421999 0.89750000000000008 0.58144456624240393 0.070245106199827059 0.032015621187164243
decision_type=2 10 2 2 2 2
left_child=4 3 -3 -2 5 -1
right_child=1 2 -4 -5 -6 -7
leaf_value=0.0014927782429535047 -0.0016228419241302878 0.0062472890596836812 -0.0042684599154574031 -0.0059551718502731648 0.0020361833568495061 -0.0053730972888279549
leaf_weight=484 469 171 267 349 515 158
leaf_count=484 469 171 267 349 515 158
internal_value=-0.000837836 -0.00233058 -0.000138822 -0.00349618 0.000785688 -0.000225419
internal_weight=2413 1256 438 818 1157 642
internal_count=2413 1256 438 818 1157 642
is_linear=0
shrinkage=0.05


Tree=58
num_leaves=7
num_cat=0
split_feature=0 13 0 8 8 0
split_gain=2.12411 1.21966 4.39221 1.36579 0.560563 1.35122
threshold=0.48000000000000004 0.059818561784421999 0.89750000000000008 0.58144456624240393 0.65018191665603486 0.33750000000000008
decision_type=2 10 2 2 2 2
left_child=4 3 -3 -2 5 -1
right_child=1 2 -4 -5 -6 -7
leaf_value=0.00042796329001685619 -0.0015596743692734324 0.0060733587904409931 -0.0040636679739691319 -0.005697787294195871 -0.0012924153470382706 0.0054591354965432297
leaf_weight=742 469 171 267 349 257 158
leaf_count=742 469 171 267 349 257 158
internal_value=-0.000794787 -0.00221468 -8.21818e-05 -0.00334909 0.000749496 0.00133649
internal_weight=2413 1256 438 818 1157 900
internal_count=2413 1256 438 818 1157 900
is_linear=0
shrinkage=0.05


Tree=59
num_leaves=7
num_cat=0
split_feature=0 3 3 12 6 4
split_gain=1.92472 1.19324 1.76401 0.523007 1.29793 0.614872
threshold=0.48000000000000004 -1.0875455302069261 -1.0000000180025095e-35 -0.14658660262477125 5.3535155258934504 0.050373451398707435
decision_type=2 2 2 2 2 2
left_child=3 -2 -3 4 -1 -5
right_child=1 2 -4 5 -6 -7
leaf_value=0.0042552015365482391 0.0020135808903246357 -0.0069197448915732443 -0.0017253926721823359 0.00065979541586897047 -0.00073100329126069973 -0.0028731114171784036
leaf_weight=270 151 196 909 481 246 160
leaf_count=270 151 196 909 481 246 160
internal_value=-0.00075288 -0.00210449 -0.00267376 0.000717122 0.00189386 -0.000237466
internal_weight=2413 1256 1105 1157 516 641
internal_count=2413 1256 1105 1157 516 641
is_linear=0
shrinkage=0.05


Tree=60
num_leaves=7
num_cat=0
split_feature=0 13 13 6 2 4
split_gain=1.75918 1.15319 4.14041 1.28487 0.531652 2.08797
threshold=0.48000000000000004 0.059818561784421999 0.16590120218694762 5.3989315343649293 0.070245106199827059 0.032015621187164243
decision_type=2 10 10 2 2 2
left_child=4 3 -3 -2 5 -1
right_child=1 2 -4 -5 -6 -7
leaf_value=0.0013581105756572428 -0.0044265006466970578 0.0066654082820300142 -0.0034394764376378308 -0.00013273822623887101 0.0018713531782165007 -0.0051765549282309104
leaf_weight=484 567 150 288 251 515 158
leaf_count=484 567 150 288 251 515 158
internal_value=-0.00072255 -0.00201472 5.72724e-05 -0.00311779 0.000682824 -0.000277685
internal_weight=2413 1256 438 818 1157 642
internal_count=2413 1256 438 818 1157 642
is_linear=0
shrinkage=0.05


Tree=61
num_leaves=5
num_cat=0
split_feature=4 0 7 0
split_gain=1.66514 1.69947 2.74701 0.67478
threshold=0.091087104364037427 0.28000000000000008 0.21987735180103038 0.16000000000000003
decision_type=2 2 2 2
left_child=1 3 -3 -1
right_child=-2 2 -4 -5
leaf_value=-7.3781279656611539e-05 0.0037555763992413727 -0.00017744657683110089 -0.0046309899045169547 0.0032725830157898893
leaf_weight=629 189 790 612 193
leaf_count=629 189 790 612 193
internal_value=-0.000690081 -0.00107546 -0.00213105 0.000726958
internal_weight=2413 2224 1402 822
internal_count=2413 2224 1402 822
is_linear=0
shrinkage=0.05


Tree=62
num_leaves=4
num_cat=0
split_feature=4 11 0
split_gain=1.53806 1.67885 1.33601
threshold=0.091087104364037427 -0.97750033930640401 0.73000000000000009
decision_type=2 2 2
left_child=1 -1 -3
right_child=-2 2 -4
leaf_value=-0.005998975025044896 0.0036132903506477681 0.00030381778976206538 -0.0023357199045519034
leaf_weight=153 189 1326 745
leaf_count=153 189 1326 745
internal_value=-0.000659333 -0.00102972 -0.000649041
internal_weight=2413 2224 2071
internal_count=2413 2224 2071
is_linear=0
shrinkage=0.05


Tree=63
num_leaves=4
num_cat=0
split_feature=4 11 9
split_gain=1.41866 1.52936 1.29611
threshold=0.091087104364037427 -0.97750033930640401 0.67680287715942689
decision_type=2 2 2
left_child=1 -1 -3
right_child=-2 2 -4
leaf_value=-0.0057256040096104657 0.0034763951086170357 0.00023463715644424666 -0.0024453688894260995
leaf_weight=153 189 1414 657
leaf_count=153 189 1414 657
internal_value=-0.000627009 -0.000982741 -0.000619405
internal_weight=2413 2224 2071
internal_count=2413 2224 2071
is_linear=0
shrinkage=0.05


Tree=64
num_leaves=6
num_cat=0
split_feature=0 3 3 8 0
split_gain=1.40482 1.06406 1.63013 0.493561 1.26097
threshold=0.48000000000000004 -1.0875455302069261 -1.0000000180025095e-35 0.65018191665603486 0.21000000000000005
decision_type=2 2 2 2 2
left_child=3 -2 -3 4 -1
right_child=1 2 -4 -5 -6
leaf_value=-0.00016794529921075298 0.0021342453893083029 -0.0063680153859047156 -0.0013787961383584554 -0.001255486872716352 0.0037345665739849212
leaf_weight=585 151 196 909 257 315
leaf_count=585 151 196 909 257 315
internal_value=-0.000595621 -0.0017504 -0.00228846 0.0006601 0.00121102
internal_weight=2413 1256 1105 1157 900
internal_count=2413 1256 1105 1157 900
is_linear=0
shrinkage=0.05


Tree=65
num_leaves=6
num_cat=0
split_feature=0 6 11 5 1
split_gain=1.28671 1.01136 1.39827 0.493701 0.544225
threshold=0.48000000000000004 4.6517668154327616 -0.87938902404540065 0.030000000000000023 -0.3129672217401302
decision_type=2 2 2 2 2
left_child=3 -2 -3 4 -1
right_child=1 2 -4 -5 -6
leaf_value=0.00068630317810232789 0.00087975060386601904 -0.0064390697180190032 -0.0015361343051255164 0.0029850706577619767 -0.0025414324227359987
leaf_weight=825 294 175 787 182 150
leaf_count=825 294 175 787 182 150
internal_value=-0.000570177 -0.00167534 -0.00245672 0.000631599 0.000179296
internal_weight=2413 1256 962 1157 975
internal_count=2413 1256 962 1157 975
is_linear=0
shrinkage=0.05


Tree=66
num_leaves=5
num_cat=0
split_feature=4 11 2 9
split_gain=1.27456 1.33205 1.91249 1.20654
threshold=0.091087104364037427 -0.88699833416060003 0.060446829844221575 0.67680287715942689
decision_type=2 2 2 2
left_child=1 2 -1 -3
right_child=-2 3 -4 -5
leaf_value=3.9999708154260418e-05 0.0033426448193195125 0.00049299400519040861 -0.007470655152614792 -0.0022167270702306806
leaf_weight=167 189 1294 167 596
leaf_count=167 189 1294 167 596
internal_value=-0.000546507 -0.000883771 -0.00377013 -0.000365094
internal_weight=2413 2224 334 1890
internal_count=2413 2224 334 1890
is_linear=0
shrinkage=0.05


Tree=67
num_leaves=7
num_cat=0
split_feature=0 6 2 6 11 13
split_gain=1.18069 1.48322 3.41128 2.22607 0.462661 0.644404
threshold=0.73000000000000009 4.6517668154327616 0.08415220804850175 4.8630628221634487 0.36243293110884239 0.15402516227261201
decision_type=2 2 2 2 2 8
left_child=1 2 -1 -3 5 -2
right_child=4 3 -4 -5 -6 -7
leaf_value=-0.00080774574887415888 9.99350580527927e-05 -0.0057521387580758473 0.0086641815663048415 0.00031038545942959272 -0.0034941724011900302 -0.0037156435017823247
leaf_weight=239 358 173 152 1011 325 155
leaf_count=239 358 173 152 1011 325 155
internal_value=-0.000519705 0.000287758 0.00293734 -0.000595903 -0.00203002 -0.00107766
internal_weight=2413 1575 391 1184 838 513
internal_count=2413 1575 391 1184 838 513
is_linear=0
shrinkage=0.05


Tree=68
num_leaves=5
num_cat=0
split_feature=4 0 9 13
split_gain=1.13641 1.28628 2.37294 1.0898
threshold=0.091087104364037427 0.28000000000000008 0.67680287715942689 0.18000326412764397
decision_type=2 2 2 10
left_child=1 3 -3 -1
right_child=-2 2 -4 -5
leaf_value=0.0020007802609227107 0.0031804573006889562 -0.00036454418543233042 -0.0048240321104653008 -0.0018737980627642472
leaf_weight=559 189 977 425 263
leaf_count=559 189 977 425 263
internal_value=-0.000491747 -0.000810253 -0.00172873 0.00075727
internal_weight=2413 2224 1402 822
internal_count=2413 2224 1402 822
is_linear=0
shrinkage=0.05


Tree=69
num_leaves=4
num_cat=0
split_feature=4 11 7
split_gain=1.05046 1.26594 1.02802
threshold=0.091087104364037427 -0.97750033930640401 0.24531831192524189
decision_type=2 2 2
left_child=1 -1 -3
right_child=-2 2 -4
leaf_value=-0.005091584685532659 0.0030599605992974082 0.0004854567717008671 -0.0017725957522981258
leaf_weight=153 189 1218 853
leaf_count=153 189 1218 853
internal_value=-0.000470642 -0.00077687 -0.000446615
internal_weight=2413 2224 2071
internal_count=2413 2224 2071
is_linear=0
shrinkage=0.05


Tree=70
num_leaves=6
num_cat=0
split_feature=3 11 6 6 6
split_gain=1.01641 1.86306 1.3973 2.31435 1.55874
threshold=-1.1832159566199207 1.0000000180025095e-35 4.6517668154327616 4.371344754402223 4.8197572142739755
decision_type=2 2 2 2 2
left_child=1 -1 3 -2 -4
right_child=2 -3 4 -5 -6
leaf_value=-0.0014274839768632923 -0.0016458999782948678 0.0052977256895155277 -0.0062967773744730948 0.0054780305828899152 -0.0010797133889564466
leaf_weight=210 253 194 155 200 1401
leaf_count=210 253 194 155 200 1401
internal_value=-0.000446596 0.00182723 -0.000907253 0.00152479 -0.00161791
internal_weight=2413 404 2009 453 1556
internal_count=2413 404 2009 453 1556
is_linear=0
shrinkage=0.05


Tree=71
num_leaves=7
num_cat=0
split_feature=13 6 2 0 8 7
split_gain=1.00577 3.52098 3.16376 2.26514 2.38632 1.08349
threshold=0.059818561784421999 5.349556117179425 0.089781755307042119 0.30000000000000004 0.58144456624240393 -0.70991351470517949
decision_type=10 2 2 2 2 2
left_child=3 2 -2 -1 -5 -3
right_child=1 5 -4 4 -6 -7
leaf_value=0.0015589993775653069 0.0009171404419632738 -0.0053116276423825918 0.0091110750317388647 -0.00045680241200371068 -0.0054557680826469827 -0.00024135119559777311
leaf_weight=474 388 194 165 547 420 225
leaf_count=474 388 194 165 547 420 225
internal_value=-0.000424856 0.000815552 0.00342172 -0.00126148 -0.00264491 -0.00262388
internal_weight=2413 972 553 1441 967 419
internal_count=2413 972 553 1441 967 419
is_linear=0
shrinkage=0.05


Tree=72
num_leaves=4
num_cat=0
split_feature=4 4 13
split_gain=0.956074 1.23176 1.17624
threshold=0.091087104364037427 0.061517142909366558 0.38486325820360695
decision_type=2 2 8
left_child=1 2 -1
right_child=-2 -3 -4
leaf_value=0.0001294109469758323 0.0029655096509983553 -0.0037770516684019896 -0.0042585280494851418
leaf_weight=1784 189 278 162
leaf_count=1784 189 278 162
internal_value=-0.000402504 -0.000694735 -0.000245852
internal_weight=2413 2224 1946
internal_count=2413 2224 1946
is_linear=0
shrinkage=0.05


Tree=73
num_leaves=7
num_cat=0
split_feature=13 6 2 0 8 7
split_gain=0.961776 3.21753 2.93164 2.06596 2.18139 0.968303
threshold=0.059818561784421999 5.349556117179425 0.089781755307042119 0.30000000000000004 0.58144456624240393 -0.70991351470517949
decision_type=10 2 2 2 2 2
left_child=3 2 -2 -1 -5 -3
right_child=1 5 -4 4 -6 -7
leaf_value=0.0014915628269891253 0.00090882409536978826 -0.0050000485862329155 0.0087968998686547457 -0.00043126016220860721 -0.005210705774439061 -0.00020736984007627422
leaf_weight=474 388 194 165 547 420 225
leaf_count=474 388 194 165 547 420 225
internal_value=-0.000383875 0.000829003 0.00332014 -0.00120204 -0.00252326 -0.00245921
internal_weight=2413 972 553 1441 967 419
internal_count=2413 972 553 1441 967 419
is_linear=0
shrinkage=0.05


Tree=74
num_leaves=5
num_cat=0
split_feature=7 6 7 4
split_gain=0.922546 3.97835 1.1728 1.3902
threshold=-0.80052797093955153 5.3584468483336325 -0.56548081493970281 0.088370652291207746
decision_type=2 2 2 2
left_child=1 -1 -2 -4
right_child=2 -3 3 -5
leaf_value=0.0074359823259840798 -0.0037267066499663062 -0.0029615545369760725 -0.00072722385164075763 0.0041724422054054836
leaf_weight=169 284 191 1615 154
leaf_count=169 284 191 1615 154
internal_value=-0.000363237 0.00195451 -0.000773422 -0.000290126
internal_weight=2413 360 2053 1769
internal_count=2413 360 2053 1769
is_linear=0
shrinkage=0.05


Tree=75
num_leaves=7
num_cat=0
split_feature=13 6 0 0 0 4
split_gain=0.905579 2.83206 2.75818 1.90516 1.39018 0.957423
threshold=0.059818561784421999 5.349556117179425 0.30000000000000004 0.30000000000000004 0.66000000000000014 0.023848480035423638
decision_type=10 2 2 2 2 2
left_child=3 2 -2 -1 -5 -3
right_child=1 5 -4 4 -6 -7
leaf_value=0.0014505558062586858 -0.00048933930734432684 -0.00042041837565621413 0.006539259371715774 -0.0048609611408486561 -0.00093947401543059608 -0.0053496052252994799
leaf_weight=474 267 267 286 357 610 152
leaf_count=474 267 267 286 357 610 152
internal_value=-0.000342037 0.000834782 0.00317173 -0.00113598 -0.00240478 -0.00225057
internal_weight=2413 972 553 1441 967 419
internal_count=2413 972 553 1441 967 419
is_linear=0
shrinkage=0.05


Tree=76
num_leaves=6
num_cat=0
split_feature=7 6 8 0 2
split_gain=0.847328 3.53524 1.11494 2.1415 1.38287
threshold=-0.80052797093955153 5.3584468483336325 0.63097851429240703 0.30750000000000005 0.11402781045904999
decision_type=2 2 2 2 2
left_child=1 -1 4 -4 -2
right_child=2 -3 3 -5 -6
leaf_value=0.007061226339107541 -0.00069810890744673084 -0.0027407200149336488 0.0014566521614788276 -0.0049558920611976979 0.0033161003109783253
leaf_weight=169 1245 191 202 352 254
leaf_count=169 1245 191 202 352 254
internal_value=-0.000326725 0.00189444 -0.00071987 -0.00262563 -9.15303e-06
internal_weight=2413 360 2053 554 1499
internal_count=2413 360 2053 554 1499
is_linear=0
shrinkage=0.05


Tree=77
num_leaves=6
num_cat=0
split_feature=3 11 6 6 6
split_gain=0.839075 1.67176 1.17156 2.09795 1.5477
threshold=-1.1832159566199207 1.0000000180025095e-35 4.6517668154327616 4.371344754402223 4.8197572142739755
decision_type=2 2 2 2 2
left_child=1 -1 3 -2 -4
right_child=2 -3 4 -5 -6
leaf_value=-0.0013255624792018776 -0.0015194425037985328 0.0050453808202730599 -0.0060380717329462643 0.0052637183830914341 -0.00084186824555745594
leaf_weight=210 253 194 155 200 1401
leaf_count=210 253 194 155 200 1401
internal_value=-0.000307559 0.00175803 -0.000726272 0.0015001 -0.00137717
internal_weight=2413 404 2009 453 1556
internal_count=2413 404 2009 453 1556
is_linear=0
shrinkage=0.05


Tree=78
num_leaves=7
num_cat=0
split_feature=13 6 2 6 8 4
split_gain=0.826352 2.46647 2.69217 1.82569 1.04741 0.889068
threshold=0.059818561784421999 5.349556117179425 0.092243920788360342 5.3989315343649293 0.58144456624240393 0.023848480035423638
decision_type=10 2 2 2 2 2
left_child=3 2 -2 4 -1 -3
right_child=1 5 -4 -5 -6 -7
leaf_value=-0.00096303729403492383 0.000761972917979093 -0.00028637471542049969 0.0083970574030323274 0.0011722799979367083 -0.0044507459096597528 -0.0050336752011244943
leaf_weight=505 394 267 159 561 375 152
leaf_count=505 394 267 159 561 375 152
internal_value=-0.00029196 0.000832102 0.0030128 -0.00105043 -0.00246603 -0.0020476
internal_weight=2413 972 553 1441 880 419
internal_count=2413 972 553 1441 880 419
is_linear=0
shrinkage=0.05


Tree=79
num_leaves=5
num_cat=0
split_feature=7 6 7 2
split_gain=0.783361 3.14192 1.10855 1.22523
threshold=-0.80052797093955153 5.3584468483336325 -0.56548081493970281 0.10455925258379239
decision_type=2 2 2 2
left_child=1 -1 -2 -4
right_child=2 -3 3 -5
leaf_value=0.0067315016004163911 -0.0035235453099501804 -0.002509894215071821 -0.00086278171854302268 0.0023481701914343333
leaf_weight=169 284 191 1397 372
leaf_count=169 284 191 1397 372
internal_value=-0.000274327 0.00186121 -0.000652412 -0.000182841
internal_weight=2413 360 2053 1769
internal_count=2413 360 2053 1769
is_linear=0
shrinkage=0.05


Tree=80
num_leaves=7
num_cat=0
split_feature=13 6 0 6 0 1
split_gain=0.774269 2.17872 2.65619 1.69321 1.08269 0.883904
threshold=0.059818561784421999 5.349556117179425 0.30000000000000004 5.3989315343649293 0.29000000000000009 -0.21205816671046751
decision_type=10 2 2 2 2 2
left_child=3 2 -2 4 -1 -5
right_child=1 -3 -4 5 -6 -7
leaf_value=0.001068687272212413 -0.00070851854519894599 -0.0018759110460622359 0.006185355288043772 0.0028227328819885964 -0.0032422812493512706 -0.0011662970378191145
leaf_weight=181 267 419 286 325 699 236
leaf_count=181 267 419 286 325 699 236
internal_value=-0.000257043 0.000830947 0.00288032 -0.000991263 -0.00235457 0.00114916
internal_weight=2413 972 553 1441 880 561
internal_count=2413 972 553 1441 880 561
is_linear=0
shrinkage=0.05


Tree=81
num_leaves=4
num_cat=0
split_feature=4 4 13
split_gain=0.774397 1.16062 1.03641
threshold=0.091087104364037427 0.061517142909366558 0.38486325820360695
decision_type=2 2 8
left_child=1 2 -1
right_child=-2 -3 -4
leaf_value=0.0002813754512046787 0.0027881343286129236 -0.003497585464950138 -0.0038373150516992915
leaf_weight=1784 189 278 162
leaf_count=1784 189 278 162
internal_value=-0.000242502 -0.000505728 -7.04515e-05
internal_weight=2413 2224 1946
internal_count=2413 2224 1946
is_linear=0
shrinkage=0.05


Tree=82
num_leaves=7
num_cat=0
split_feature=13 6 2 6 8 4
split_gain=0.746639 1.9942 2.4797 1.55273 0.955781 0.818278
threshold=0.059818561784421999 5.349556117179425 0.089781755307042119 5.3989315343649293 0.58144456624240393 0.023848480035423638
decision_type=10 2 2 2 2 2
left_child=3 2 -2 4 -1 -3
right_child=1 5 -4 -5 -6 -7
leaf_value=-0.00082289292081030938 0.00058389008160723193 -6.6915345001582281e-05 0.0078342230344424033 0.0010978260637604872 -0.0041529966411824144 -0.0046170044689258314
leaf_weight=505 388 267 165 561 375 152
leaf_count=505 388 267 165 561 375 152
internal_value=-0.000230864 0.000837478 0.002798 -0.000951898 -0.00225742 -0.00175253
internal_weight=2413 972 553 1441 880 419
internal_count=2413 972 553 1441 880 419
is_linear=0
shrinkage=0.05


Tree=83
num_leaves=5
num_cat=0
split_feature=7 6 7 3
split_gain=0.734673 2.72084 1.03218 1.16005
threshold=-0.80052797093955153 5.3584468483336325 -0.56548081493970281 -0.85733145373534003
decision_type=2 2 2 2
left_child=1 -1 -2 -4
right_child=2 -3 3 -5
leaf_value=0.0063831982275085715 -0.0033526960062089657 -0.0022180046639714047 0.0017948644052119241 -0.00097634109485164968
leaf_weight=169 284 191 539 1230
leaf_count=169 284 191 539 1230
internal_value=-0.000216028 0.00185191 -0.000582266 -0.000129298
internal_weight=2413 360 2053 1769
internal_count=2413 360 2053 1769
is_linear=0
shrinkage=0.05


Tree=84
num_leaves=4
num_cat=0
split_feature=4 4 13
split_gain=0.70051 1.07405 0.940102
threshold=0.091087104364037427 0.061517142909366558 0.38486325820360695
decision_type=2 2 8
left_child=1 2 -1
right_child=-2 -3 -4
leaf_value=0.00030000177645851363 0.0026790951366641932 -0.0033317355675188428 -0.0036226434861783858
leaf_weight=1784 189 278 162
leaf_count=1784 189 278 162
internal_value=-0.000203232 -0.000453638 -3.49966e-05
internal_weight=2413 2224 1946
internal_count=2413 2224 1946
is_linear=0
shrinkage=0.05


Tree=85
num_leaves=7
num_cat=0
split_feature=13 13 2 6 0 3
split_gain=0.718743 1.83226 1.50021 1.42422 0.987135 0.893353
threshold=0.059818561784421999 0.18000326412764397 0.071629714287562499 5.3989315343649293 0.29000000000000009 -0.28957576705863647
decision_type=10 10 2 2 2 2
left_child=3 5 -3 4 -1 -2
right_child=1 2 -4 -5 -6 -7
leaf_value=0.0011155951933081573 0.0011180862014841381 -0.0027549840281196674 0.0022281884006595618 0.0010621810269722215 -0.0029989861604276902 0.0061680977851930226
leaf_weight=181 174 375 246 561 699 177
leaf_count=181 174 375 246 561 699 177
internal_value=-0.000193333 0.000854772 -0.000778944 -0.000900824 -0.00215117 0.00371554
internal_weight=2413 972 621 1441 880 351
internal_count=2413 972 621 1441 880 351
is_linear=0
shrinkage=0.05


Tree=86
num_leaves=6
num_cat=0
split_feature=7 6 9 13 5
split_gain=0.697084 2.4954 0.95043 1.513 0.734745
threshold=-0.80052797093955153 5.3535155258934504 -0.75089944636058215 0.066672345034197875 0.039999999999999959
decision_type=2 2 2 10 2
left_child=1 -1 4 -4 -2
right_child=2 -3 3 -5 -6
leaf_value=0.0061943446638296779 -0.0047228291487469778 -0.0020462711836887418 -0.000903833561992124 0.0025302775205623454 -0.00044382623997006132
leaf_weight=168 209 192 1224 429 191
leaf_count=168 209 192 1224 429 191
internal_value=-0.00018273 0.00183152 -0.000539527 -7.64234e-06 -0.00271031
internal_weight=2413 360 2053 1653 400
internal_count=2413 360 2053 1653 400
is_linear=0
shrinkage=0.05


Tree=87
num_leaves=4
num_cat=0
split_feature=9 9 11
split_gain=0.686306 1.52046 1.53016
threshold=1.4420848586444548 1.0850176576962172 -0.96155180700259479
decision_type=2 2 2
left_child=1 2 -1
right_child=-2 -3 -4
leaf_value=-0.0041948563952954781 0.0029215404640780037 -0.0039508190184360708 0.00052185611811901306
leaf_weight=185 162 261 1805
leaf_count=185 162 261 1805
internal_value=-0.00017183 -0.000400435 7.39533e-05
internal_weight=2413 2251 1990
internal_count=2413 2251 1990
is_linear=0
shrinkage=0.05


Tree=88
num_leaves=6
num_cat=0
split_feature=0 13 0 6 7
split_gain=0.675093 1.42625 2.72828 1.71948 0.304217
threshold=0.91750000000000009 0.059818561784421999 0.33750000000000008 5.3989315343649293 -0.062189924228388087
decision_type=2 10 2 2 2
left_child=1 3 -3 -1 -2
right_child=4 2 -4 -5 -6
leaf_value=-0.0021785582919581405 -0.0032266757711000636 -0.00034133087449420376 0.0060499143060014559 0.0016002172042256766 -0.0005369581628135333
leaf_weight=804 221 453 259 475 201
leaf_count=804 221 453 259 475 201
internal_value=-0.000162673 0.000223697 0.00200955 -0.000774415 -0.00196684
internal_weight=2413 1991 712 1279 422
internal_count=2413 1991 712 1279 422
is_linear=0
shrinkage=0.05


Tree=89
num_leaves=6
num_cat=0
split_feature=6 2 6 6 1
split_gain=0.688699 4.48566 1.68293 1.32201 0.913691
threshold=4.6517668154327616 0.093963182831144493 4.8197572142739755 4.3609301498315478 0.44158881833342051
decision_type=2 2 2 2 2
left_child=1 3 -2 -1 -4
right_child=2 -3 4 -5 -6
leaf_value=-0.0039459302301733667 -0.0051308511732172891 0.0086181442316381196 0.00087817368758218997 0.0018295140222782333 -0.0014708976406124466
leaf_weight=220 180 150 982 173 708
leaf_count=220 180 150 982 173 708
internal_value=-0.000147878 0.00141174 -0.000603307 -0.00141251 -0.00010737
internal_weight=2413 543 1870 393 1690
internal_count=2413 543 1870 393 1690
is_linear=0
shrinkage=0.05


Tree=90
num_leaves=5
num_cat=0
split_feature=8 8 2 2
split_gain=0.657684 1.22691 1.67532 1.30884
threshold=0.70703810590078009 0.63097851429240703 0.079647114882259604 0.071629714287562499
decision_type=2 2 2 2
left_child=1 3 -3 -1
right_child=-2 2 -4 -5
leaf_value=-0.00095827169958939663 0.002587296195485081 -0.00019003709116268992 -0.0060963173238895762 0.0018166174535980924
leaf_weight=974 198 299 196 746
leaf_count=974 198 299 196 746
internal_value=-0.000137212 -0.000386036 -0.00256626 0.000247033
internal_weight=2413 2215 495 1720
internal_count=2413 2215 495 1720
is_linear=0
shrinkage=0.05


Tree=91
num_leaves=6
num_cat=0
split_feature=6 2 13 6 3
split_gain=0.648328 4.13741 1.91461 1.54712 0.866395
threshold=4.6517668154327616 0.093963182831144493 -0.035664147156007013 4.8197572142739755 -1.1832159566199207
decision_type=2 2 8 2 2
left_child=1 2 -1 -2 -5
right_child=3 -3 -4 4 -6
leaf_value=-0.0054749349963414008 -0.0049106001196353626 0.008306379107187593 0.0015466582032006282 0.0023746363011261668 -0.00060999344704179385
leaf_weight=159 180 150 234 289 1401
leaf_count=159 180 150 234 289 1401
internal_value=-0.000127675 0.00138549 -0.00132723 -0.000569583 -9.41048e-05
internal_weight=2413 543 393 1870 1690
internal_count=2413 543 393 1870 1690
is_linear=0
shrinkage=0.05


Tree=92
num_leaves=4
num_cat=0
split_feature=9 9 11
split_gain=0.634732 1.38154 1.40178
threshold=1.4420848586444548 1.0850176576962172 -0.96155180700259479
decision_type=2 2 2
left_child=1 2 -1
right_child=-2 -3 -4
leaf_value=-0.0039713363874532091 0.0028571589183463844 -0.0037218204490368648 0.00054319036383814053
leaf_weight=185 162 261 1805
leaf_count=185 162 261 1805
internal_value=-0.000117551 -0.000337493 0.000114597
internal_weight=2413 2251 1990
internal_count=2413 2251 1990
is_linear=0
shrinkage=0.05


Tree=93
num_leaves=5
num_cat=0
split_feature=8 8 2 8
split_gain=0.614316 1.12708 1.64667 1.47774
threshold=0.70703810590078009 0.58893560798128564 0.10455925258379239 0.55964803021972598
decision_type=2 2 2 2
left_child=1 3 -3 -1
right_child=-2 2 -4 -5
leaf_value=-0.00026540215862885395 0.0025222761141095573 -0.0029568576217888108 0.0022272566133760847 0.0038869136667899445
leaf_weight=1099 198 660 195 261
leaf_count=1099 198 660 195 261
internal_value=-0.000110803 -0.000351326 -0.00176844 0.000542795
internal_weight=2413 2215 855 1360
internal_count=2413 2215 855 1360
is_linear=0
shrinkage=0.05


Tree=94
num_leaves=5
num_cat=0
split_feature=7 6 7 4
split_gain=0.617807 2.25916 0.933608 1.1474
threshold=-0.80052797093955153 5.3584468483336325 -0.56548081493970281 0.088370652291207746
decision_type=2 2 2 2
left_child=1 -1 -2 -4
right_child=2 -3 3 -5
leaf_value=0.0059218373297828773 -0.0030732539834581142 -0.0019169891103139926 -0.00040579886607488728 0.0040452125404650966
leaf_weight=169 284 191 1615 154
leaf_count=169 284 191 1615 154
internal_value=-0.000102442 0.00179362 -0.000438472 -8.00754e-06
internal_weight=2413 360 2053 1769
internal_count=2413 360 2053 1769
is_linear=0
shrinkage=0.05


Tree=95
num_leaves=6
num_cat=0
split_feature=6 2 13 6 4
split_gain=0.581262 3.77228 1.75795 1.43924 0.875286
threshold=4.6517668154327616 0.093963182831144493 -0.035664147156007013 4.8197572142739755 0.053385391260156546
decision_type=2 2 8 2 2
left_child=1 2 -1 -2 -5
right_child=3 -3 -4 4 -6
leaf_value=-0.0052250228669613649 -0.0046981363300300158 0.0079483297780802067 0.0015029733281613769 0.00052510652278067065 -0.0022807790782701756
leaf_weight=159 180 150 234 1345 345
leaf_count=159 180 150 234 1345 345
internal_value=-9.27362e-05 0.00133996 -0.00125049 -0.000511218 -5.27309e-05
internal_weight=2413 543 393 1870 1690
internal_count=2413 543 393 1870 1690
is_linear=0
shrinkage=0.05


Tree=96
num_leaves=4
num_cat=0
split_feature=9 9 11
split_gain=0.581018 1.26009 1.26738
threshold=1.4420848586444548 1.0850176576962172 -0.96155180700259479
decision_type=2 2 2
left_child=1 2 -1
right_child=-2 -3 -4
leaf_value=-0.0037506006798388339 0.0027593738634716499 -0.0035292570336430368 0.00054207708681397026
leaf_weight=185 162 261 1805
leaf_count=185 162 261 1805
internal_value=-8.66094e-05 -0.000297091 0.000134609
internal_weight=2413 2251 1990
internal_count=2413 2251 1990
is_linear=0
shrinkage=0.05


Tree=97
num_leaves=5
num_cat=0
split_feature=8 8 2 2
split_gain=0.574581 1.02042 1.64363 1.09249
threshold=0.70703810590078009 0.63097851429240703 0.079647114882259604 0.071629714287562499
decision_type=2 2 2 2
left_child=1 3 -3 -1
right_child=-2 2 -4 -5
leaf_value=-0.00083799138850442628 0.0024651721291349552 4.7381080932346348e-05 -0.0057986971326404752 0.0016972386527076948
leaf_weight=974 198 299 196 746
leaf_count=974 198 299 196 746
internal_value=-8.12538e-05 -0.00031392 -0.00230227 0.000263323
internal_weight=2413 2215 495 1720
internal_count=2413 2215 495 1720
is_linear=0
shrinkage=0.05


Tree=98
num_leaves=6
num_cat=0
split_feature=0 13 0 6 7
split_gain=0.570962 1.22149 2.59226 1.54225 0.273611
threshold=0.91750000000000009 0.059818561784421999 0.33750000000000008 5.3989315343649293 -0.062189924228388087
decision_type=2 10 2 2 2
left_child=1 3 -3 -1 -2
right_child=4 2 -4 -5 -6
leaf_value=-0.0019732415959501553 -0.0029280270619648214 -0.00035799329584237195 0.0058716628531163394 0.0016052053387920753 -0.00038145277782321291
leaf_weight=804 221 453 259 475 201
leaf_count=804 221 453 259 475 201
internal_value=-7.44455e-05 0.000280714 0.00193327 -0.000643188 -0.00173376
internal_weight=2413 1991 712 1279 422
internal_count=2413 1991 712 1279 422
is_linear=0
shrinkage=0.05


Tree=99
num_leaves=6
num_cat=0
split_feature=6 2 13 6 4
split_gain=0.551934 3.4859 1.51458 1.31265 0.801164
threshold=4.6517668154327616 0.092898443302015007 -0.035664147156007013 4.8197572142739755 0.053385391260156546
decision_type=2 2 8 2 2
left_child=1 2 -1 -2 -5
right_child=3 -3 -4 4 -6
leaf_value=-0.0049605101091723591 -0.0044703652762502714 0.0074904193351459179 0.001341073221943163 0.00051877265639820882 -0.0021656755324053977
leaf_weight=156 180 157 230 1345 345
leaf_count=156 180 157 230 1345 345
internal_value=-6.39797e-05 0.00133204 -0.00123655 -0.000471819 -3.40079e-05
internal_weight=2413 543 386 1870 1690
internal_count=2413 543 386 1870 1690
is_linear=0
shrinkage=0.05


Tree=100
num_leaves=6
num_cat=0
split_feature=3 5 6 6 4
split_gain=0.549854 1.52892 0.853891 1.74336 1.12082
threshold=-1.1832159566199207 -0.070000000000000007 4.6517668154327616 4.371344754402223 0.057691183317934727
decision_type=2 2 2 2 2
left_child=1 -1 3 -2 -4
right_child=2 -3 4 -5 -6
leaf_value=-0.0011296145445743131 -0.0012536285929706729 0.0049955541671015853 -0.00030543976705403326 0.0049311112938448792 -0.0037247528211328492
leaf_weight=225 253 179 1265 200 291
leaf_count=225 253 179 1265 200 291
internal_value=-5.93975e-05 0.00161215 -0.000398706 0.00150096 -0.000954795
internal_weight=2413 404 2009 453 1556
internal_count=2413 404 2009 453 1556
is_linear=0
shrinkage=0.05


Tree=101
num_leaves=5
num_cat=0
split_feature=7 6 7 4
split_gain=0.546537 2.0643 0.885262 1.12208
threshold=-0.80052797093955153 5.3535155258934504 -0.56548081493970281 0.088370652291207746
decision_type=2 2 2 2
left_child=1 -1 -2 -4
right_child=2 -3 3 -5
leaf_value=0.0056955313347963046 -0.0029371820779953953 -0.0018003049271447446 -0.00034603928923635619 0.0040555976135011928
leaf_weight=168 284 192 1615 154
leaf_count=168 284 192 1615 154
internal_value=-5.53856e-05 0.00172785 -0.000371521 4.74951e-05
internal_weight=2413 360 2053 1769
internal_count=2413 360 2053 1769
is_linear=0
shrinkage=0.05


Tree=102
num_leaves=4
num_cat=0
split_feature=9 9 11
split_gain=0.53915 1.12906 1.14005
threshold=1.4420848586444548 1.0850176576962172 -0.96155180700259479
decision_type=2 2 2
left_child=1 2 -1
right_child=-2 -3 -4
leaf_value=-0.0035271605105241946 0.0026935189634054051 -0.003310270026248278 0.00054421544851590033
leaf_weight=185 162 261 1805
leaf_count=185 162 261 1805
internal_value=-4.79093e-05 -0.000250737 0.000157829
internal_weight=2413 2251 1990
internal_count=2413 2251 1990
is_linear=0
shrinkage=0.05


Tree=103
num_leaves=5
num_cat=0
split_feature=8 8 0 2
split_gain=0.538452 0.978486 1.61181 0.990867
threshold=0.70424372287273196 0.63097851429240703 0.25750000000000006 0.071629714287562499
decision_type=2 2 2 2
left_child=1 3 -3 -1
right_child=-2 2 -4 -5
leaf_value=-0.0007721163693465748 0.0023085346652114659 0.001896259009452982 -0.004257321908552535 0.0016423594510863561
leaf_weight=974 216 154 323 746
leaf_count=974 216 154 323 746
internal_value=-4.43343e-05 -0.000280375 -0.00227157 0.000276817
internal_weight=2413 2197 477 1720
internal_count=2413 2197 477 1720
is_linear=0
shrinkage=0.05


Tree=104
num_leaves=4
num_cat=0
split_feature=9 7 8
split_gain=0.509958 0.708072 0.946459
threshold=-1.4888837423899668 -0.81426742808263397 0.58377329502261455
decision_type=2 2 2
left_child=-1 -2 -3
right_child=1 2 -4
leaf_value=-0.0028149018187316197 0.0026154353909606833 0.00080007157807182063 -0.0013785013254781528
leaf_weight=150 253 1119 891
leaf_count=150 253 1119 891
internal_value=-4.02747e-05 0.000149438 -0.000166678
internal_weight=2413 2263 2010
internal_count=2413 2263 2010
is_linear=0
shrinkage=0.05


Tree=105
num_leaves=5
num_cat=0
split_feature=8 8 2 2
split_gain=0.503735 0.859586 1.59066 0.932921
threshold=0.70424372287273196 0.63097851429240703 0.079647114882259604 0.11402781045904999
decision_type=2 2 2 2
left_child=1 3 -3 -1
right_child=-2 2 -4 -5
leaf_value=-0.00027155284753647383 0.0022385545410884846 0.00021188365729908986 -0.0056467310655765584 0.0028118175665833803
leaf_weight=1429 216 289 188 291
leaf_count=1429 216 289 188 291
internal_value=-3.71851e-05 -0.000265501 -0.0021318 0.000256749
internal_weight=2413 2197 477 1720
internal_count=2413 2197 477 1720
is_linear=0
shrinkage=0.05


Tree=106
num_leaves=5
num_cat=0
split_feature=13 13 0 9
split_gain=0.506116 0.905325 1.46517 1.25635
threshold=0.38486325820360695 0.066672345034197875 0.89750000000000008 1.408336629141649
decision_type=8 10 2 2
left_child=1 3 -3 -1
right_child=-2 2 -4 -5
leaf_value=-0.0011049377544165007 -0.0024819811928498839 0.0027114616864986531 -0.0022114452441594798 0.0036115101363243386
leaf_weight=1262 189 612 196 154
leaf_count=1262 189 612 196 154
internal_value=-3.2572e-05 0.000180684 0.00151103 -0.000581088
internal_weight=2413 2224 808 1416
internal_count=2413 2224 808 1416
is_linear=0
shrinkage=0.05


Tree=107
num_leaves=4
num_cat=0
split_feature=4 4 13
split_gain=0.481844 0.905959 0.77108
threshold=0.091087104364037427 0.061517142909366558 0.38486325820360695
decision_type=2 2 8
left_child=1 2 -1
right_child=-2 -3 -4
leaf_value=0.0004507786732066078 0.0023618329683625979 -0.0028795691336013125 -0.0031018769588812209
leaf_weight=1784 189 278 162
leaf_count=1784 189 278 162
internal_value=-2.82435e-05 -0.000236199 0.000147837
internal_weight=2413 2224 1946
internal_count=2413 2224 1946
is_linear=0
shrinkage=0.05


Tree=108
num_leaves=6
num_cat=0
split_feature=7 6 9 7 11
split_gain=0.477243 1.86184 0.854632 1.75956 1.06877
threshold=-0.80052797093955153 5.3535155258934504 -0.63267781866043915 -0.30457139558974361 -0.42768656768972618
decision_type=2 2 2 2 2
left_child=1 -1 4 -4 -2
right_child=2 -3 3 -5 -6
leaf_value=0.0054081047314482964 0.0012214205982238656 -0.001710639836125993 0.0052360067645064266 -0.00032123550301238176 -0.0038784295528421935
leaf_weight=168 150 192 153 1442 308
leaf_count=168 150 192 153 1442 308
internal_value=-2.62866e-05 0.00164002 -0.000321753 0.000226538 -0.00221302
internal_weight=2413 360 2053 1595 458
internal_count=2413 360 2053 1595 458
is_linear=0
shrinkage=0.05


Tree=109
num_leaves=6
num_cat=0
split_feature=3 5 6 6 6
split_gain=0.461472 1.4427 0.74822 1.59831 1.11941
threshold=-1.1832159566199207 -0.070000000000000007 4.6517668154327616 4.371344754402223 4.8630628221634487
decision_type=2 2 2 2 2
left_child=1 -1 3 -2 -4
right_child=2 -3 4 -5 -6
leaf_value=-0.0011530747285122863 -0.0011924583309978905 0.0047961755795609944 -0.0042593222061484857 0.0047294881442709394 -0.00032583278688171405
leaf_weight=225 253 179 204 200 1352
leaf_count=225 253 179 204 200 1352
internal_value=-2.19907e-05 0.00150926 -0.000332901 0.00144518 -0.000853526
internal_weight=2413 404 2009 453 1556
internal_count=2413 404 2009 453 1556
is_linear=0
shrinkage=0.05


Tree=110
num_leaves=5
num_cat=0
split_feature=8 2 6 8
split_gain=0.474969 0.764698 1.54801 1.03835
threshold=0.72370181399853573 0.10825597958836204 4.9604288569903208 0.58827565295094864
decision_type=2 2 2 2
left_child=1 3 -3 -1
right_child=-2 2 -4 -5
leaf_value=0.00031732357938580192 0.0026316914800996599 0.005137340650425583 -0.00081443219915013207 -0.0021167167441954247
leaf_weight=1091 153 181 262 726
leaf_count=1091 153 181 262 726
internal_value=-1.88727e-05 -0.000203727 0.00164753 -0.000658361
internal_weight=2413 2260 443 1817
internal_count=2413 2260 443 1817
is_linear=0
shrinkage=0.05


Tree=111
num_leaves=5
num_cat=0
split_feature=9 9 0 6
split_gain=0.453676 0.616119 1.38374 1.06662
threshold=-1.4888837423899668 0.67680287715942689 0.29000000000000009 4.6517668154327616
decision_type=2 2 2 2
left_child=-1 3 -3 -2
right_child=1 2 -4 -5
leaf_value=-0.0026302716630556052 0.0030866404498427562 0.0016985828682811836 -0.0026715985909124122 -5.1619594362815882e-06
leaf_weight=150 364 290 466 1143
leaf_count=150 364 290 466 1143
internal_value=-1.3188e-05 0.000165698 -0.00099506 0.000749368
internal_weight=2413 2263 756 1507
internal_count=2413 2263 756 1507
is_linear=0
shrinkage=0.05


Tree=112
num_leaves=5
num_cat=0
split_feature=7 6 9 12
split_gain=0.456307 1.67748 0.811572 0.988431
threshold=-0.80052797093955153 5.3584468483336325 -0.98169914294651328 0.91963761406741706
decision_type=2 2 2 2
left_child=1 -1 -2 -4
right_child=2 -3 3 -5
leaf_value=0.0051739691890141902 -0.0029773552507446357 -0.0015816195877013509 -0.00038309244539517948 0.0030855939286747176
leaf_weight=169 244 191 1578 231
leaf_count=169 244 191 1578 231
internal_value=-1.21271e-05 0.00161719 -0.000301067 6.7125e-05
internal_weight=2413 360 2053 1809
internal_count=2413 360 2053 1809
is_linear=0
shrinkage=0.05


Tree=113
num_leaves=4
num_cat=0
split_feature=9 9 7
split_gain=0.453164 0.983531 1.06244
threshold=1.4420848586444548 1.0850176576962172 0.74462828267178616
decision_type=2 2 2
left_child=1 2 -1
right_child=-2 -3 -4
leaf_value=0.00053025550760605244 0.0025043250819665385 -0.0030505365312635145 -0.003670176169402023
leaf_weight=1831 162 261 159
leaf_count=1831 162 261 159
internal_value=-8.92482e-06 -0.000194948 0.000186286
internal_weight=2413 2251 1990
internal_count=2413 2251 1990
is_linear=0
shrinkage=0.05


Tree=114
num_leaves=5
num_cat=0
split_feature=8 2 13 2
split_gain=0.457086 0.732944 1.3069 1.19252
threshold=0.70424372287273196 0.10825597958836204 -0.064612519169047505 0.082990439508149105
decision_type=2 2 8 2
left_child=1 3 -3 -1
right_child=-2 2 -4 -5
leaf_value=-3.7554573014259251e-05 0.0021601799132230765 0.0048020580977302142 -0.00069770416211983801 -0.0033078726284358228
leaf_weight=1418 216 180 257 342
leaf_count=1418 216 180 257 342
internal_value=-7.56408e-06 -0.000225109 0.00159634 -0.000680607
internal_weight=2413 2197 437 1760
internal_count=2413 2197 437 1760
is_linear=0
shrinkage=0.05


Tree=115
num_leaves=4
num_cat=0
split_feature=4 4 4
split_gain=0.424223 0.830972 0.634356
threshold=0.091087104364037427 0.061517142909366558 0.046029881598804938
decision_type=2 2 2
left_child=1 2 -1
right_child=-2 -3 -4
leaf_value=-0.00015697121337884091 0.0022372960920695253 -0.0027320817673119986 0.0026707857758862833
leaf_weight=1727 189 278 219
leaf_count=1727 189 278 219
internal_value=-5.27784e-06 -0.000200447 0.00016729
internal_weight=2413 2224 1946
internal_count=2413 2224 1946
is_linear=0
shrinkage=0.05


Tree=116
num_leaves=4
num_cat=0
split_feature=13 7 9
split_gain=0.421866 0.839577 0.75256
threshold=0.38068836773877218 -0.80052797093955153 -0.75089944636058215
decision_type=10 2 2
left_child=1 -1 -3
right_child=-2 2 -4
leaf_value=0.0026629942824682347 -0.0025018434183925534 -0.0022545399442366275 0.00026197921493555126
leaf_weight=289 153 359 1612
leaf_count=289 153 359 1612
internal_value=-3.88879e-06 0.00017037 -0.000200927
internal_weight=2413 2260 1971
internal_count=2413 2260 1971
is_linear=0
shrinkage=0.05


Tree=117
num_leaves=5
num_cat=0
split_feature=9 9 6 6
split_gain=0.414771 0.54994 1.32721 0.992574
threshold=-1.4888837423899668 0.67680287715942689 5.3756254280082301 4.6517668154327616
decision_type=2 2 2 2
left_child=-1 3 -3 -2
right_child=1 2 -4 -5
leaf_value=-0.0025054783509263108 0.0029740123621616855 -0.0027249101545811297 0.001483910089705094 -8.5226425495224216e-06
leaf_weight=150 364 433 323 1143
leaf_count=150 364 433 323 1143
internal_value=-3.10617e-06 0.000167918 -0.000928762 0.00071933
internal_weight=2413 2263 756 1507
internal_count=2413 2263 756 1507
is_linear=0
shrinkage=0.05


Tree=118
num_leaves=4
num_cat=0
split_feature=9 9 11
split_gain=0.424356 0.895078 0.987502
threshold=1.4420848586444548 1.0850176576962172 -0.96155180700259479
decision_type=2 2 2
left_child=1 2 -1
right_child=-2 -3 -4
leaf_value=-0.0032467342935208429 0.0024313801728066305 -0.0029048475715759761 0.00054250941037307162
leaf_weight=185 162 261 1805
leaf_count=185 162 261 1805
internal_value=-6.56099e-07 -0.000180686 0.000182989
internal_weight=2413 2251 1990
internal_count=2413 2251 1990
is_linear=0
shrinkage=0.05


Tree=119
num_leaves=5
num_cat=0
split_feature=8 8 2 2
split_gain=0.423678 0.71237 1.47564 0.864621
threshold=0.70424372287273196 0.63097851429240703 0.079647114882259604 0.071629714287562499
decision_type=2 2 2 2
left_child=1 3 -3 -1
right_child=-2 2 -4 -5
leaf_value=-0.00071335779921559818 0.0020876248635518118 0.00034714494574479256 -0.0052935171135583018 0.0015420761236765756
leaf_weight=974 216 289 188 746
leaf_count=974 216 289 188 746
internal_value=6.19847e-07 -0.00020884 -0.00190786 0.000266505
internal_weight=2413 2197 477 1720
internal_count=2413 2197 477 1720
is_linear=0
shrinkage=0.05


Tree=120
num_leaves=5
num_cat=0
split_feature=0 13 13 6
split_gain=0.402927 0.795315 1.56204 1.11751
threshold=0.95725000000000005 0.066672345034197875 0.18000326412764397 5.3989315343649293
decision_type=2 10 10 2
left_child=1 3 -3 -1
right_child=-2 2 -4 -5
leaf_value=-0.0015747474752755551 -0.0020168643935530133 0.0042566126486185555 -0.00035261134644653787 0.0012828201147059592
leaf_weight=888 219 304 452 550
leaf_count=888 219 304 452 550
internal_value=3.3449e-06 0.000209125 0.00151662 -0.00048114
internal_weight=2413 2194 756 1438
internal_count=2413 2194 756 1438
is_linear=0
shrinkage=0.05


Tree=121
num_leaves=5
num_cat=0
split_feature=8 2 6 8
split_gain=0.394622 0.655053 1.42947 0.915314
threshold=0.72370181399853573 0.10825597958836204 4.9604288569903208 0.58827565295094864
decision_type=2 2 2 2
left_child=1 3 -3 -1
right_child=-2 2 -4 -5
leaf_value=0.00033160889254951764 0.0024210026123311561 0.0049034955744460722 -0.00081544077356977298 -0.0019535788135678239
leaf_weight=1091 153 181 262 726
leaf_count=1091 153 181 262 726
internal_value=5.05506e-06 -0.000163486 0.00154984 -0.000584315
internal_weight=2413 2260 443 1817
internal_count=2413 2260 443 1817
is_linear=0
shrinkage=0.05


Tree=122
num_leaves=5
num_cat=0
split_feature=1 3 7 3
split_gain=0.393297 0.974367 0.970444 0.928132
threshold=-1.3128556219999663 -1.0045772332974974 -0.081813150463408077 -0.6133087519077024
decision_type=2 2 2 2
left_child=2 -2 -1 -3
right_child=1 3 -4 -5
leaf_value=-0.0040608685572651477 0.0031929972717953921 -0.0031844837349867534 0.00069478627708685105 0.00031725404593183591
leaf_weight=183 250 211 247 1522
leaf_count=183 250 211 247 1522
internal_value=9.28685e-06 0.00030725 -0.00135255 -0.000117032
internal_weight=2413 1983 430 1733
internal_count=2413 1983 430 1733
is_linear=0
shrinkage=0.05


Tree=123
num_leaves=6
num_cat=0
split_feature=7 6 9 7 11
split_gain=0.39218 1.52103 0.7124 1.55759 1.01184
threshold=-0.80052797093955153 5.3535155258934504 -0.63267781866043915 -0.30457139558974361 -0.42768656768972618
decision_type=2 2 2 2 2
left_child=1 -1 4 -4 -2
right_child=2 -3 3 -5 -6
leaf_value=0.0049250916679991373 0.0013521116002195941 -0.001509671993946614 0.0049548395652960564 -0.00027379244054660535 -0.0036067205970882242
leaf_weight=168 150 192 153 1442 308
leaf_count=168 150 192 153 1442 308
internal_value=9.09686e-06 0.00151955 -0.000258814 0.000241679 -0.00198559
internal_weight=2413 360 2053 1595 458
internal_count=2413 360 2053 1595 458
is_linear=0
shrinkage=0.05


Tree=124
num_leaves=5
num_cat=0
split_feature=9 9 0 1
split_gain=0.389531 0.828024 1.52852 0.826959
threshold=1.4420848586444548 0.71032304015136882 0.29000000000000009 -1.3128556219999663
decision_type=2 2 2 2
left_child=1 3 -3 -1
right_child=-2 2 -4 -5
leaf_value=-0.0020826788487623769 0.0023416161878051203 0.0015201741557901004 -0.003798863319320148 0.00088780129237481123
leaf_weight=276 162 213 354 1408
leaf_count=276 162 213 354 1408
internal_value=1.15328e-05 -0.000160977 -0.00180488 0.000396229
internal_weight=2413 2251 567 1684
internal_count=2413 2251 567 1684
is_linear=0
shrinkage=0.05


Tree=125
num_leaves=4
num_cat=0
split_feature=4 4 13
split_gain=0.390449 0.736879 0.640315
threshold=0.091087104364037427 0.061821309927903148 0.38486325820360695
decision_type=2 2 8
left_child=1 2 -1
right_child=-2 -3 -4
leaf_value=0.00044233019245349932 0.0021620673633939058 -0.0025900242003756794 -0.0027772659322208336
leaf_weight=1788 189 272 164
leaf_count=1788 189 272 164
internal_value=1.0647e-05 -0.000176625 0.000165427
internal_weight=2413 2224 1952
internal_count=2413 2224 1952
is_linear=0
shrinkage=0.05


Tree=126
num_leaves=4
num_cat=0
split_feature=9 7 3
split_gain=0.37741 0.503059 0.53445
threshold=-1.4888837423899668 -0.81426742808263397 1.2602520756252089
decision_type=2 2 2
left_child=-1 -2 -3
right_child=1 2 -4
leaf_value=-0.0023763115787803525 0.0022523586439057216 -0.00046482522894909718 0.0016840633194161844
leaf_weight=150 253 1665 345
leaf_count=150 253 1665 345
internal_value=1.07296e-05 0.000173842 -9.27226e-05
internal_weight=2413 2263 2010
internal_count=2413 2263 2010
is_linear=0
shrinkage=0.05


Tree=127
num_leaves=6
num_cat=0
split_feature=0 13 1 6 7
split_gain=0.37291 0.942239 2.86925 1.30564 0.374107
threshold=0.91000000000000014 0.059818561784421999 0.71498039333270358 5.3989315343649293 -0.07479655800749406
decision_type=2 10 2 2 2
left_child=1 3 -3 -1 -2
right_child=4 2 -4 -5 -6
leaf_value=-0.0017691087243012868 -0.0026343778317126031 9.0467637921418353e-05 0.0077826161370162048 0.0015610678790897196 0.00018998572367789074
leaf_weight=775 235 557 150 468 228
leaf_count=775 235 557 150 468 228
internal_value=1.14328e-05 0.0003149 0.00176566 -0.000514038 -0.00125638
internal_weight=2413 1950 707 1243 463
internal_count=2413 1950 707 1243 463
is_linear=0
shrinkage=0.05


Tree=128
num_leaves=6
num_cat=0
split_feature=3 11 3 12 0
split_gain=0.3701 1.43111 0.751379 1.67293 1.24027
threshold=-1.1832159566199207 1.0000000180025095e-35 -0.3943914098672523 -0.74459266546038727 0.59750000000000003
decision_type=2 2 2 2 2
left_child=1 -1 3 -2 -4
right_child=2 -3 4 -5 -6
leaf_value=-0.0014612758176693651 -0.0060307745169936398 0.0044303718150861563 0.0020773616260189188 -0.00012203891849700828 -0.00090915707984023713
leaf_weight=210 160 194 602 438 809
leaf_count=210 160 194 602 438 809
internal_value=1.62255e-05 0.00138746 -0.000262282 -0.00173987 0.000367871
internal_weight=2413 404 2009 598 1411
internal_count=2413 404 2009 598 1411
is_linear=0
shrinkage=0.05


Tree=129
num_leaves=5
num_cat=0
split_feature=8 2 6 2
split_gain=0.365962 0.635795 1.22062 1.06933
threshold=0.70424372287273196 0.10825597958836204 4.9604288569903208 0.082990439508149105
decision_type=2 2 2 2
left_child=1 3 -3 -1
right_child=-2 2 -4 -5
leaf_value=6.4058774658435438e-06 0.0019562455945215254 0.0046308539326950582 -0.00068822618708467762 -0.0030902411693422612
leaf_weight=1418 216 179 258 342
leaf_count=1418 216 179 258 342
internal_value=1.66277e-05 -0.000178077 0.00151827 -0.000602379
internal_weight=2413 2197 437 1760
internal_count=2413 2197 437 1760
is_linear=0
shrinkage=0.05


Tree=130
num_leaves=4
num_cat=0
split_feature=9 9 7
split_gain=0.364119 0.775127 0.951059
threshold=1.4420848586444548 1.0850176576962172 0.74462828267178616
decision_type=2 2 2
left_child=1 2 -1
right_child=-2 -3 -4
leaf_value=0.00051563948806900147 0.0022714353970100013 -0.0026832367538402726 -0.0034585359742333997
leaf_weight=1831 162 261 159
leaf_count=1831 162 261 159
internal_value=1.8653e-05 -0.00014815 0.000190233
internal_weight=2413 2251 1990
internal_count=2413 2251 1990
is_linear=0
shrinkage=0.05


Tree=131
num_leaves=5
num_cat=0
split_feature=4 11 2 5
split_gain=0.356912 0.676125 1.67733 1.41765
threshold=0.091087104364037427 -0.88699833416060003 0.060446829844221575 0.17999999999999999
decision_type=2 2 2 2
left_child=1 2 -1 -3
right_child=-2 3 -4 -5
leaf_value=0.0013169975938877162 0.0020756145423162999 -0.00036522479503115521 -0.005685937325849176 0.0034653587819878048
leaf_weight=167 189 1611 167 279
leaf_count=167 189 1611 167 279
internal_value=1.86808e-05 -0.000160385 -0.00221669 0.000207894
internal_weight=2413 2224 334 1890
internal_count=2413 2224 334 1890
is_linear=0
shrinkage=0.05


Tree=132
num_leaves=4
num_cat=0
split_feature=12 9 12
split_gain=0.349334 0.536679 0.725169
threshold=-0.9339837821258733 -1.2645159025012922 0.91963761406741706
decision_type=2 2 2
left_child=-1 -2 -3
right_child=1 2 -4
leaf_value=0.0016624073772249547 -0.0023654592298188374 -0.00031036013255430014 0.0024750715701784532
leaf_weight=281 247 1617 268
leaf_count=281 247 1617 268
internal_value=2.13578e-05 -0.000198318 9.11589e-05
internal_weight=2413 2132 1885
internal_count=2413 2132 1885
is_linear=0
shrinkage=0.05


Tree=133
num_leaves=5
num_cat=0
split_feature=8 8 2 2
split_gain=0.348954 0.589624 1.35621 0.797037
threshold=0.70424372287273196 0.63097851429240703 0.079647114882259604 0.071629714287562499
decision_type=2 2 2 2
left_child=1 3 -3 -1
right_child=-2 2 -4 -5
leaf_value=-0.00067711264581330768 0.0019154362014138745 0.00044555524538835784 -0.0049604256030134717 0.00148838975285383
leaf_weight=974 216 289 188 746
leaf_count=974 216 289 188 746
internal_value=2.1435e-05 -0.000168702 -0.00171446 0.000263703
internal_weight=2413 2197 477 1720
internal_count=2413 2197 477 1720
is_linear=0
shrinkage=0.05


Tree=134
num_leaves=7
num_cat=0
split_feature=3 11 3 12 12 4
split_gain=0.342204 1.15539 1.11616 2.21453 0.927846 0.822715
threshold=-0.99724137405480795 -0.12518893467400513 -0.3943914098672523 -0.41270137251854488 -0.42758796284323847 0.028613807855648991
decision_type=2 2 2 2 2 2
left_child=1 -1 3 -2 -4 -3
right_child=2 5 4 -5 -6 -7
leaf_value=-0.0012397628136498568 -0.0072535295126358451 0.00052864891727903674 0.0020735939508222325 0.00024217334509756298 -0.00059497473826326558 0.0056837579115358357
leaf_weight=281 153 153 501 261 910 154
leaf_count=281 153 153 501 261 910 154
internal_value=2.31054e-05 0.0010669 -0.000315193 -0.00258148 0.000356523 0.00316424
internal_weight=2413 588 1825 414 1411 307
internal_count=2413 588 1825 414 1411 307
is_linear=0
shrinkage=0.05


Tree=135
num_leaves=5
num_cat=0
split_feature=7 6 7 4
split_gain=0.33951 1.39337 0.687128 0.841044
threshold=-0.80052797093955153 5.3535155258934504 -0.56548081493970281 0.088370652291207746
decision_type=2 2 2 2
left_child=1 -1 -2 -4
right_child=2 -3 3 -5
leaf_value=0.0046898262441357483 -0.0024849296711420702 -0.0014686880733805702 -0.00019660879897777321 0.0036142418518334443
leaf_weight=168 284 192 1615 154
leaf_count=168 284 192 1615 154
internal_value=2.4823e-05 0.00143016 -0.000224483 0.000144396
internal_weight=2413 360 2053 1769
internal_count=2413 360 2053 1769
is_linear=0
shrinkage=0.05


Tree=136
num_leaves=4
num_cat=0
split_feature=13 7 8
split_gain=0.332851 0.660334 0.776406
threshold=0.38068836773877218 -0.80052797093955153 0.58144456624240393
decision_type=10 2 2
left_child=1 -1 -3
right_child=-2 2 -4
leaf_value=0.002393039653959152 -0.0021911299956788948 0.00074573229949994647 -0.0012447223271846196
leaf_weight=289 153 1088 883
leaf_count=289 153 1088 883
internal_value=2.77614e-05 0.000182484 -0.000146877
internal_weight=2413 2260 1971
internal_count=2413 2260 1971
is_linear=0
shrinkage=0.05


Tree=137
num_leaves=5
num_cat=0
split_feature=9 13 13 6
split_gain=0.332453 0.418314 1.06687 0.92939
threshold=-1.4888837423899668 0.066672345034197875 0.12820028245008164 5.3989315343649293
decision_type=2 10 10 2
left_child=-1 3 -3 -2
right_child=1 2 -4 -5
leaf_value=-0.0022118458105145574 -0.0013664925528854115 0.0044883586552973542 0.00014331113834191491 0.001247896927203273
leaf_weight=150 863 174 672 554
leaf_count=150 863 174 672 554
internal_value=2.8561e-05 0.000181612 0.00105809 -0.000343559
internal_weight=2413 2263 846 1417
internal_count=2413 2263 846 1417
is_linear=0
shrinkage=0.05


Tree=138
num_leaves=5
num_cat=0
split_feature=1 7 3 3
split_gain=0.334826 0.877764 0.829174 0.769134
threshold=-1.3128556219999663 -0.081813150463408077 -1.0045772332974974 -0.6133087519077024
decision_type=2 2 2 2
left_child=1 -1 -2 -4
right_child=2 -3 3 -5
leaf_value=-0.0038045689767967177 0.0029649339354021805 0.00071756279965426537 -0.0028809914550139287 0.00030671138952960571
leaf_weight=183 250 247 211 1522
leaf_count=183 250 247 211 1522
internal_value=2.79897e-05 -0.00122858 0.000302873 -8.85764e-05
internal_weight=2413 430 1983 1733
internal_count=2413 430 1983 1733
is_linear=0
shrinkage=0.05


Tree=139
num_leaves=6
num_cat=0
split_feature=0 13 0 6 7
split_gain=0.325599 0.74102 2.46824 1.20516 0.202571
threshold=0.91750000000000009 0.059818561784421999 0.33750000000000008 5.3989315343649293 -0.062189924228388087
decision_type=2 10 2 2 2
left_child=1 3 -3 -1 -2
right_child=4 2 -4 -5 -6
leaf_value=-0.0016008544714050195 -0.0022531493560555781 -0.00065056388962843076 0.0054256679751261173 0.0015620649650607752 -6.953789610263114e-05
leaf_weight=804 221 453 259 475 201
leaf_count=804 221 453 259 475 201
internal_value=2.71222e-05 0.000295149 0.00158217 -0.000424689 -0.00122608
internal_weight=2413 1991 712 1279 422
internal_count=2413 1991 712 1279 422
is_linear=0
shrinkage=0.05


Tree=140
num_leaves=4
num_cat=0
split_feature=9 9 7
split_gain=0.325967 0.713841 0.874279
threshold=1.4420848586444548 1.0850176576962172 0.74462828267178616
decision_type=2 2 2
left_child=1 2 -1
right_child=-2 -3 -4
leaf_value=0.00051125836785668912 0.0021639355456576441 -0.0025582139747520592 -0.0032991490064177482
leaf_weight=1831 162 261 159
leaf_count=1831 162 261 159
internal_value=3.24658e-05 -0.000125388 0.000199303
internal_weight=2413 2251 1990
internal_count=2413 2251 1990
is_linear=0
shrinkage=0.05


Tree=141
num_leaves=5
num_cat=0
split_feature=8 2 13 2
split_gain=0.330133 0.577145 1.31919 1.02393
threshold=0.70424372287273196 0.10825597958836204 -0.064612519169047505 0.082990439508149105
decision_type=2 2 8 2
left_child=1 3 -3 -1
right_child=-2 2 -4 -5
leaf_value=3.8178449787757196e-05 0.0018740192651491201 0.0046843066932381813 -0.00083947983087850951 -0.0029919203807283138
leaf_weight=1418 216 180 257 342
leaf_count=1418 216 180 257 342
internal_value=3.18209e-05 -0.000153141 0.00146302 -0.000557433
internal_weight=2413 2197 437 1760
internal_count=2413 2197 437 1760
is_linear=0
shrinkage=0.05


Tree=142
num_leaves=5
num_cat=0
split_feature=12 0 5 0
split_gain=0.327068 0.522473 1.12323 0.601057
threshold=-0.9339837821258733 0.28000000000000008 -0.059999999999999949 0.16000000000000003
decision_type=2 2 2 2
left_child=-1 3 -3 -2
right_child=1 2 -4 -5
leaf_value=0.0016200931543131015 3.7679958024433048e-05 -0.0037667915379027217 -8.2742466508604277e-05 0.0032283080091241321
leaf_weight=281 572 249 1117 194
leaf_count=281 572 249 1117 194
internal_value=3.22246e-05 -0.000180359 -0.000765574 0.000861446
internal_weight=2413 2132 1366 766
internal_count=2413 2132 1366 766
is_linear=0
shrinkage=0.05


Tree=143
num_leaves=5
num_cat=0
split_feature=9 6 12 6
split_gain=0.307078 0.389626 2.0065 1.21932
threshold=-1.4888837423899668 4.6517668154327616 -0.56898054429079259 4.8197572142739755
decision_type=2 2 2 2
left_child=-1 2 -2 -3
right_child=1 3 -4 -5
leaf_value=-0.0021247069129528809 0.0058174884129228478 -0.004193435333875466 -0.00077544294078560436 0.00025086472199008675
leaf_weight=150 166 166 352 1579
leaf_count=150 166 166 352 1579
internal_value=2.85029e-05 0.000175595 0.00137277 -0.00018269
internal_weight=2413 2263 518 1745
internal_count=2413 2263 518 1745
is_linear=0
shrinkage=0.05


Tree=144
num_leaves=5
num_cat=0
split_feature=1 7 3 3
split_gain=0.304661 0.811846 0.738159 0.720597
threshold=-1.3128556219999663 -0.081813150463408077 -1.0045772332974974 -0.6133087519077024
decision_type=2 2 2 2
left_child=1 -1 -2 -4
right_child=2 -3 3 -5
leaf_value=-0.0036481673527073038 0.0028018052990128306 0.00070071372638122985 -0.0027821431253903066 0.00030333418148082147
leaf_weight=183 250 247 211 1522
leaf_count=183 250 247 211 1522
internal_value=2.7888e-05 -0.00117075 0.000290095 -7.92587e-05
internal_weight=2413 430 1983 1733
internal_count=2413 430 1983 1733
is_linear=0
shrinkage=0.05


Tree=145
num_leaves=6
num_cat=0
split_feature=0 13 1 8 7
split_gain=0.308491 0.767119 2.57793 1.05996 0.310131
threshold=0.91000000000000014 0.059818561784421999 0.71498039333270358 0.58144456624240393 -0.07479655800749406
decision_type=2 10 2 2 2
left_child=1 3 -3 -1 -2
right_child=4 2 -4 -5 -6
leaf_value=0.00094655124068636549 -0.0023808258345343349 2.4659215948864275e-05 0.0073152940744353884 -0.0019655115403010891 0.00019039813683432221
leaf_weight=650 235 557 150 593 228
leaf_count=650 235 557 150 593 228
internal_value=2.70094e-05 0.000302989 0.00161198 -0.00044502 -0.00112614
internal_weight=2413 1950 707 1243 463
internal_count=2413 1950 707 1243 463
is_linear=0
shrinkage=0.05


Tree=146
num_leaves=5
num_cat=0
split_feature=8 12 6 7
split_gain=0.308495 0.447841 1.32027 0.594421
threshold=0.72370181399853573 -0.15740405015330725 4.7055130518444637 0.17373880283683193
decision_type=2 2 2 2
left_child=1 2 -1 -3
right_child=-2 3 -4 -5
leaf_value=0.003683140754910301 0.0021690346909894334 -0.0017233109819934382 -0.00040749959428838518 0.00046708119995725745
leaf_weight=262 153 691 752 555
leaf_count=262 153 691 752 555
internal_value=3.299e-05 -0.000116087 0.000662337 -0.000749687
internal_weight=2413 2260 1014 1246
internal_count=2413 2260 1014 1246
is_linear=0
shrinkage=0.05


Tree=147
num_leaves=6
num_cat=0
split_feature=7 6 9 7 11
split_gain=0.304114 1.28083 0.616238 1.4392 0.952321
threshold=-0.80052797093955153 5.3535155258934504 -0.63267781866043915 -0.30457139558974361 -0.42768656768972618
decision_type=2 2 2 2 2
left_child=1 -1 4 -4 -2
right_child=2 -3 3 -5 -6
leaf_value=0.0044888699653180255 0.0014268114590536684 -0.001415598761529052 0.0047933715768453157 -0.00023266298716974562 -0.0033817734224342415
leaf_weight=168 150 192 153 1442 308
leaf_count=168 150 192 153 1442 308
internal_value=3.35201e-05 0.00136357 -0.000202454 0.000262931 -0.00180851
internal_weight=2413 360 2053 1595 458
internal_count=2413 360 2053 1595 458
is_linear=0
shrinkage=0.05


Tree=148
num_leaves=4
num_cat=0
split_feature=4 4 12
split_gain=0.297615 0.652001 0.568041
threshold=0.091087104364037427 0.061821309927903148 0.91963761406741706
decision_type=2 2 2
left_child=1 2 -1
right_child=-2 -3 -4
leaf_value=-0.00012472883118059443 0.001912814284946059 -0.002399218114032427 0.0024766046545287987
leaf_weight=1718 189 272 234
leaf_count=1718 189 272 234
internal_value=3.4534e-05 -0.000129019 0.000192642
internal_weight=2413 2224 1952
internal_count=2413 2224 1952
is_linear=0
shrinkage=0.05


Tree=149
num_leaves=5
num_cat=0
split_feature=8 2 7 2
split_gain=0.289384 0.540597 1.22541 1.08193
threshold=0.70424372287273196 0.10455925258379239 0.17373880283683193 0.082990439508149105
decision_type=2 2 2 2
left_child=1 3 -3 -1
right_child=-2 2 -4 -5
leaf_value=3.7309151724904557e-05 0.0017581338533943067 -0.00090494248081261796 0.0041857886777197911 -0.0032104988879979417
leaf_weight=1418 216 264 207 308
leaf_count=1418 216 264 207 308
internal_value=3.33788e-05 -0.000139799 0.00135285 -0.000549853
internal_weight=2413 2197 471 1726
internal_count=2413 2197 471 1726
is_linear=0
shrinkage=0.05


Tree=150
num_leaves=6
num_cat=0
split_feature=9 13 1 1 2
split_gain=0.295231 1.25682 1.12417 0.625997 1.10716
threshold=0.67680287715942689 -0.1290289729346327 -0.52223296786709039 -1.3128556219999663 0.070245106199827059
decision_type=2 10 2 2 2
left_child=3 2 -2 -1 -5
right_child=1 -3 -4 4 -6
leaf_value=-0.0017746263231701134 0.0033736522682784606 -0.0034998924882516215 -0.0014079469751237229 -0.00035658490212580284 0.0025003959696979546
leaf_weight=270 217 268 271 810 577
leaf_count=270 217 268 271 810 577
internal_value=3.36966e-05 -0.000782015 0.000730948 0.000407095 0.000836648
internal_weight=2413 756 488 1657 1387
internal_count=2413 756 488 1657 1387
is_linear=0
shrinkage=0.05


Tree=151
num_leaves=4
num_cat=0
split_feature=9 9 11
split_gain=0.295221 0.681815 0.837955
threshold=1.4420848586444548 1.0850176576962172 -0.96155180700259479
decision_type=2 2 2
left_child=1 2 -1
right_child=-2 -3 -4
leaf_value=-0.0029568699227820617 0.0020640106129663593 -0.0024923104847746637 0.00053373272808266098
leaf_weight=185 162 261 1805
leaf_count=185 162 261 1805
internal_value=3.55609e-05 -0.000114674 0.000202632
internal_weight=2413 2251 1990
internal_count=2413 2251 1990
is_linear=0
shrinkage=0.05


Tree=152
num_leaves=6
num_cat=0
split_feature=5 3 11 1 5
split_gain=0.289411 1.22009 1.00275 1.26658 0.961957
threshold=-0.060000000000000019 -1.1832159566199207 0.60875285084987096 -0.94454028521178512 1.0000000180025095e-35
decision_type=2 2 2 2 2
left_child=2 -2 3 -1 -3
right_child=1 4 -4 -5 -6
leaf_value=-0.0010973741181524936 0.0043468289112462864 0.0021221604493280696 -0.0033090359181307382 0.0041992915107692185 -0.00080944512984792028
leaf_weight=373 171 371 253 156 1089
leaf_count=373 171 371 253 156 1089
internal_value=3.51483e-05 0.000414084 -0.000752799 0.000489286 -5.97957e-05
internal_weight=2413 1631 782 529 1460
internal_count=2413 1631 782 529 1460
is_linear=0
shrinkage=0.05


Tree=153
num_leaves=5
num_cat=0
split_feature=13 13 1 9
split_gain=0.291327 0.567706 1.01505 0.834281
threshold=0.38486325820360695 0.059818561784421999 0.76565794296758771 1.408336629141649
decision_type=8 10 2 2
left_child=1 3 -3 -1
right_child=-2 2 -4 -5
leaf_value=-0.00084994994070210607 -0.0018230433904802305 -3.8026513771249236e-05 0.003631425807013026 0.0030072623065855544
leaf_weight=1243 189 545 283 153
leaf_count=1243 189 545 283 153
internal_value=3.54324e-05 0.000197105 0.00123042 -0.00041798
internal_weight=2413 2224 828 1396
internal_count=2413 2224 828 1396
is_linear=0
shrinkage=0.05


Tree=154
num_leaves=4
num_cat=0
split_feature=4 4 4
split_gain=0.289148 0.571777 0.568941
threshold=0.091087104364037427 0.061821309927903148 0.046029881598804938
decision_type=2 2 2
left_child=1 2 -1
right_child=-2 -3 -4
leaf_value=-0.00013450753104161337 0.0018875773077093776 -0.0022509452380872052 0.002512401132338235
leaf_weight=1727 189 272 225
leaf_count=1727 189 272 225
internal_value=3.62131e-05 -0.000125001 0.000176232
internal_weight=2413 2224 1952
internal_count=2413 2224 1952
is_linear=0
shrinkage=0.05


Tree=155
num_leaves=6
num_cat=0
split_feature=3 3 2 0 0
split_gain=0.283223 1.52807 1.14944 1.02842 0.997732
threshold=-0.85733145373534003 -0.3943914098672523 0.092243920788360342 0.28000000000000008 0.59750000000000003
decision_type=2 2 2 2 2
left_child=2 -2 3 -1 -3
right_child=1 4 -4 -5 -6
leaf_value=0.0015654610665615733 -0.0036871123443534964 0.0018827974159133444 0.0039300127575839982 -0.0028841435755294566 -0.00079588037602232602
leaf_weight=287 276 602 210 229 809
leaf_count=287 276 602 210 229 809
internal_value=3.56123e-05 -0.00031978 0.000857972 -0.000417994 0.000349584
internal_weight=2413 1687 726 516 1411
internal_count=2413 1687 726 516 1411
is_linear=0
shrinkage=0.05


Tree=156
num_leaves=4
num_cat=0
split_feature=5 4 4
split_gain=0.285631 1.0185 0.777749
threshold=-0.26499999999999985 0.091087104364037427 0.061821309927903148
decision_type=2 2 2
left_child=-1 2 -2
right_child=1 -3 -4
leaf_value=-0.0017334098690946955 0.00025101594534767812 0.0041089491688856674 -0.0028213742303015697
leaf_weight=204 1832 150 227
leaf_count=204 1832 150 227
internal_value=3.35657e-05 0.000200291 -9.37222e-05
internal_weight=2413 2209 2059
internal_count=2413 2209 2059
is_linear=0
shrinkage=0.05


Tree=157
num_leaves=4
num_cat=0
split_feature=12 9 7
split_gain=0.284083 0.454702 0.673578
threshold=-0.9339837821258733 -1.2645159025012922 -0.30457139558974361
decision_type=2 2 2
left_child=-1 -2 -3
right_child=1 2 -4
leaf_value=0.0015129034292242667 -0.0021598599131504585 0.0015510534009869649 -0.00051180207029320377
leaf_weight=281 247 558 1327
leaf_count=281 247 558 1327
internal_value=3.30556e-05 -0.000165073 0.000101335
internal_weight=2413 2132 1885
internal_count=2413 2132 1885
is_linear=0
shrinkage=0.05


Tree=158
num_leaves=5
num_cat=0
split_feature=7 6 7 4
split_gain=0.273368 1.18511 0.605642 0.717286
threshold=-0.80052797093955153 5.3535155258934504 -0.56548081493970281 0.088370652291207746
decision_type=2 2 2 2
left_child=1 -1 -2 -4
right_child=2 -3 3 -5
leaf_value=0.0042997440152311691 -0.0023135963644742544 -0.0013795936854525475 -0.00016010524256952199 0.0033592455570861327
leaf_weight=168 284 192 1615 154
leaf_count=168 284 192 1615 154
internal_value=3.23391e-05 0.00129336 -0.00019139 0.000154876
internal_weight=2413 360 2053 1769
internal_count=2413 360 2053 1769
is_linear=0
shrinkage=0.05


Tree=159
num_leaves=4
num_cat=0
split_feature=6 6 6
split_gain=0.271169 1.12992 0.809704
threshold=4.2625390121298343 4.6182344448732353 4.8197572142739755
decision_type=2 2 2
left_child=-1 -2 -3
right_child=1 2 -4
leaf_value=-0.0015011002929294158 0.0032754847509259329 -0.0030918604300226166 0.00015882746573173963
leaf_weight=252 260 211 1690
leaf_count=252 260 211 1690
internal_value=3.45705e-05 0.000216701 -0.000209144
internal_weight=2413 2161 1901
internal_count=2413 2161 1901
is_linear=0
shrinkage=0.05


Tree=160
num_leaves=6
num_cat=0
split_feature=5 3 11 1 5
split_gain=0.272035 1.13619 0.909423 1.16351 0.882918
threshold=-0.060000000000000019 -1.1832159566199207 0.60875285084987096 -0.94454028521178512 1.0000000180025095e-35
decision_type=2 2 2 2 2
left_child=2 -2 3 -1 -3
right_child=1 4 -4 -5 -6
leaf_value=-0.0010681932823327198 0.0041958090928264106 0.0020337855515769679 -0.003164963905321427 0.004008330361039438 -0.00077480180717684304
leaf_weight=373 171 371 253 156 1089
leaf_count=373 171 371 253 156 1089
internal_value=3.33069e-05 0.000400692 -0.000730618 0.000452367 -5.66074e-05
internal_weight=2413 1631 782 529 1460
internal_count=2413 1631 782 529 1460
is_linear=0
shrinkage=0.05


Tree=161
num_leaves=5
num_cat=0
split_feature=13 13 0 13
split_gain=0.275712 0.525327 0.988911 0.819649
threshold=0.38486325820360695 0.059818561784421999 0.89750000000000008 0.0055830367052739039
decision_type=8 10 2 10
left_child=1 3 -3 -1
right_child=-2 2 -4 -5
leaf_value=5.5937729701195535e-05 -0.0017743312867151901 0.0021566988365963493 -0.0018446273428264427 -0.0036018058410180465
leaf_weight=1226 189 628 200 170
leaf_count=1226 189 628 200 170
internal_value=3.36496e-05 0.000190931 0.00118492 -0.000400754
internal_weight=2413 2224 828 1396
internal_count=2413 2224 828 1396
is_linear=0
shrinkage=0.05


Tree=162
num_leaves=5
num_cat=0
split_feature=8 2 6 12
split_gain=0.264931 0.478433 1.51704 0.651034
threshold=0.72370181399853573 0.1174039137399123 5.0234198862895534 -0.60878181429432587
decision_type=2 2 2 2
left_child=1 3 -3 -1
right_child=-2 2 -4 -5
leaf_value=0.00099738585574670868 0.0020139564388310773 0.0050706664476184611 -0.0014748598369696614 -0.0010136223066777416
leaf_weight=569 153 161 186 1344
leaf_count=569 153 161 186 1344
internal_value=3.4475e-05 -0.000103684 0.001591 -0.00041443
internal_weight=2413 2260 347 1913
internal_count=2413 2260 347 1913
is_linear=0
shrinkage=0.05


Tree=163
num_leaves=4
num_cat=0
split_feature=5 4 4
split_gain=0.26944 0.888 0.718665
threshold=-0.26499999999999985 0.091087104364037427 0.061821309927903148
decision_type=2 2 2
left_child=-1 2 -2
right_child=1 -3 -4
leaf_value=-0.0016797405590178475 0.00025514601236791825 0.0038480181487337236 -0.0026982275713792127
leaf_weight=204 1832 150 227
leaf_count=204 1832 150 227
internal_value=3.64315e-05 0.000198355 -7.62042e-05
internal_weight=2413 2209 2059
internal_count=2413 2209 2059
is_linear=0
shrinkage=0.05


Tree=164
num_leaves=5
num_cat=0
split_feature=6 6 1 6
split_gain=0.262413 1.36504 0.759566 0.751921
threshold=4.3609301498315478 4.6182344448732353 1.0000000180025095e-35 4.8197572142739755
decision_type=2 2 2 2
left_child=2 -2 -1 -3
right_child=1 3 -4 -5
leaf_value=-0.0037978040853575354 0.0040100597936746692 -0.002970808937485951 0.0011476719879491885 0.0001617277953591087
leaf_weight=150 210 211 152 1690
leaf_count=150 210 211 152 1690
internal_value=3.56169e-05 0.000233741 -0.00133054 -0.000192847
internal_weight=2413 2111 302 1901
internal_count=2413 2111 302 1901
is_linear=0
shrinkage=0.05


Tree=165
num_leaves=7
num_cat=0
split_feature=9 13 1 6 4 11
split_gain=0.256417 1.11482 1.02884 0.590203 1.09271 0.689257
threshold=0.67680287715942689 -0.1290289729346327 -0.52223296786709039 4.6517668154327616 0.046468966251485715 -0.87938902404540065
decision_type=2 10 2 2 2 2
left_child=3 2 -2 4 -1 -5
right_child=1 -3 -4 5 -6 -7
leaf_value=-5.7012454890205293e-05 0.0032280506804356168 -0.0032847287678419894 -0.0013463285660111359 -0.0026000595164046595 0.00532599173916074 0.00040741846001347468
leaf_weight=238 217 268 271 228 151 1040
leaf_count=238 217 268 271 228 151 1040
internal_value=3.52559e-05 -0.000724955 0.000699879 0.000383237 0.00207361 -0.000141447
internal_weight=2413 756 488 1657 389 1268
internal_count=2413 756 488 1657 389 1268
is_linear=0
shrinkage=0.05


Tree=166
num_leaves=6
num_cat=0
split_feature=1 1 3 2 6
split_gain=0.262402 1.84011 1.55453 0.955997 0.835788
threshold=0.80363337012575897 0.44158881833342051 0.5773502691896143 0.092243920788360342 4.3609301498315478
decision_type=2 2 2 2 2
left_child=1 4 -2 -4 -1
right_child=2 -3 3 -5 -6
leaf_value=-0.0028565432183520014 0.0049001857704414958 -0.0050274956830764642 0.00099393083523555679 -0.0029985857091532273 0.00074916328255088661
leaf_weight=180 173 180 437 222 1221
leaf_count=180 173 180 437 222 1221
internal_value=3.75511e-05 -0.000340525 0.000753729 -0.000363496 0.000277392
internal_weight=2413 1581 832 659 1401
internal_count=2413 1581 832 659 1401
is_linear=0
shrinkage=0.05


Tree=167
num_leaves=7
num_cat=0
split_feature=5 6 11 5 2 11
split_gain=0.264781 0.875562 1.02906 0.796981 1.51828 1.40422
threshold=-0.060000000000000019 5.3989315343649293 0.27444876106096799 1.0000000180025095e-35 0.070245106199827059 -0.24315653238442103
decision_type=2 2 2 2 2 2
left_child=1 2 -1 5 -5 -2
right_child=3 -3 -4 4 -6 -7
leaf_value=0.0002703567538823022 -0.0014840215345576942 0.001399919887560275 -0.0043118437194997186 -0.0019588504988725165 0.0016070573927476112 0.0043058048550592759
leaf_weight=244 162 298 240 628 560 281
leaf_count=244 162 298 240 628 560 281
internal_value=3.58794e-05 -0.000717798 -0.00202266 0.000398327 -0.000278261 0.0021956
internal_weight=2413 782 484 1631 1188 443
internal_count=2413 782 484 1631 1188 443
is_linear=0
shrinkage=0.05


Tree=168
num_leaves=6
num_cat=0
split_feature=12 7 6 2 6
split_gain=0.263906 1.58135 1.03974 1.86865 1.39745
threshold=0.84638686722834755 -0.13510325066366186 4.6517668154327616 0.08670671818401178 4.8630628221634487
decision_type=2 2 2 2 2
left_child=2 -2 3 -1 -4
right_child=1 -3 4 -5 -6
leaf_value=5.6249141149843735e-05 -0.0045526958789215777 0.0015886182386147464 -0.0043542475764345575 0.0068377483683927437 0.00022167300259041522
leaf_weight=295 181 236 185 150 1366
leaf_count=295 181 236 185 150 1366
internal_value=3.69677e-05 -0.00109939 0.000276528 0.00239272 -0.000336371
internal_weight=2413 417 1996 445 1551
internal_count=2413 417 1996 445 1551
is_linear=0
shrinkage=0.05


Tree=169
num_leaves=7
num_cat=0
split_feature=13 13 9 1 8 0
split_gain=0.264666 1.33341 1.18667 0.855103 0.804119 1.08324
threshold=0.059818561784421999 0.18000326412764397 -1.1965437641460877 -0.47095954821905284 0.58144456624240393 0.32000000000000006
decision_type=10 10 2 2 2 2
left_child=4 3 -3 -2 -1 -6
right_child=1 2 -4 -5 5 -7
leaf_value=0.0007115232228394519 0.00024976085724819525 -0.0039948381505989046 0.00071987020725117591 0.0052167745245189018 0.00087103709353645838 -0.0032254411829932108
leaf_weight=768 151 187 434 200 260 413
leaf_count=768 151 187 434 200 260 413
internal_value=3.72264e-05 0.000672892 -0.000720425 0.00311349 -0.000392394 -0.0016481
internal_weight=2413 972 621 351 1441 673
internal_count=2413 972 621 351 1441 673
is_linear=0
shrinkage=0.05


Tree=170
num_leaves=6
num_cat=0
split_feature=1 1 3 2 6
split_gain=0.255477 1.77049 1.26274 0.828858 0.782442
threshold=0.78532263671143432 0.44158881833342051 0.5773502691896143 0.092243920788360342 4.3609301498315478
decision_type=2 2 2 2 2
left_child=1 4 -2 -4 -1
right_child=2 -3 3 -5 -6
leaf_value=-0.0027798453211230604 0.0044411069772705355 -0.0050809959466569131 0.00098424032231930292 -0.0027192728642962483 0.00070885496033803856
leaf_weight=180 176 170 443 223 1221
leaf_count=180 176 170 443 223 1221
internal_value=3.73847e-05 -0.00033908 0.000737646 -0.000266847 0.000252336
internal_weight=2413 1571 842 666 1401
internal_count=2413 1571 842 666 1401
is_linear=0
shrinkage=0.05


Tree=171
num_leaves=5
num_cat=0
split_feature=7 6 7 4
split_gain=0.270914 1.10386 0.546812 0.704432
threshold=-0.80052797093955153 5.3535155258934504 -0.56548081493970281 0.046029881598804938
decision_type=2 2 2 2
left_child=1 -1 -2 -4
right_child=2 -3 3 -5
leaf_value=0.0041921534237210952 -0.0022036139925806475 -0.0012895666628953088 -0.00047885956031887939 0.0017372980642779525
leaf_weight=168 284 192 1276 493
leaf_count=168 284 192 1276 493
internal_value=3.56116e-05 0.00129095 -0.000187118 0.000141914
internal_weight=2413 360 2053 1769
internal_count=2413 360 2053 1769
is_linear=0
shrinkage=0.05


Tree=172
num_leaves=5
num_cat=0
split_feature=1 7 3 3
split_gain=0.265042 0.669034 0.575617 0.661565
threshold=-1.3128556219999663 -0.081813150463408077 -1.0045772332974974 -0.6133087519077024
decision_type=2 2 2 2
left_child=1 -1 -2 -4
right_child=2 -3 3 -5
leaf_value=-0.0033295747025592994 0.0024998794069602706 0.0006185383329884933 -0.002634227406007186 0.00032214884022448609
leaf_weight=183 250 247 211 1522
leaf_count=183 250 247 211 1522
internal_value=3.73486e-05 -0.00108066 0.00028189 -4.43451e-05
internal_weight=2413 430 1983 1733
internal_count=2413 430 1983 1733
is_linear=0
shrinkage=0.05


Tree=173
num_leaves=7
num_cat=0
split_feature=9 13 1 6 13 11
split_gain=0.258777 1.01566 0.775023 0.559566 0.996836 0.632735
threshold=0.67680287715942689 -0.1290289729346327 -0.52223296786709039 4.6517668154327616 0.063241080171232769 -0.87938902404540065
decision_type=2 8 2 2 8 2
left_child=3 2 -2 4 -1 -5
right_child=1 -3 -4 5 -6 -7
leaf_value=-0.00047192770392993601 0.0028947652175559889 -0.0030959000706657913 -0.0011206719974753739 -0.0024808648821314228 0.0045471979844677003 0.00040065109521723202
leaf_weight=197 212 279 265 228 192 1040
leaf_count=197 212 279 265 228 192 1040
internal_value=3.61681e-05 -0.000727534 0.000675483 0.000385745 0.00203165 -0.000125185
internal_weight=2413 756 477 1657 389 1268
internal_count=2413 756 477 1657 389 1268
is_linear=0
shrinkage=0.05


Tree=174
num_leaves=6
num_cat=0
split_feature=5 3 6 11 5
split_gain=0.263035 0.9963 0.800396 0.947831 0.708151
threshold=-0.060000000000000019 -1.1832159566199207 5.3989315343649293 0.27444876106096799 1.0000000180025095e-35
decision_type=2 2 2 2 2
left_child=2 -2 3 -1 -3
right_child=1 4 -4 -5 -6
leaf_value=0.00023959528443957099 0.0039522842958666102 0.0018422057807099997 0.0013110854864760576 -0.0041583951020480268 -0.00067309202587643308
leaf_weight=244 171 371 298 240 1089
leaf_count=244 171 371 298 240 1089
internal_value=3.72291e-05 0.000398477 -0.000713963 -0.00196145 -2.98248e-05
internal_weight=2413 1631 782 484 1460
internal_count=2413 1631 782 484 1460
is_linear=0
shrinkage=0.05


Tree=175
num_leaves=7
num_cat=0
split_feature=1 6 6 13 6 0
split_gain=0.263465 0.99505 0.706687 1.38995 1.01724 0.706011
threshold=-1.0057505024919768 5.2110695607760862 4.6182344448732353 -0.035664147156007013 4.8197572142739755 0.11000000000000001
decision_type=2 2 2 8 2 2
left_child=1 -1 3 -2 -4 -3
right_child=2 5 4 -5 -6 -7
leaf_value=-0.0029069747459801436 -0.0013189134225493869 -0.00094713190688977458 -0.0038628656682240859 0.0046838933895998755 0.0003248154004727447 0.0034247837976529548
leaf_weight=302 161 211 160 229 1193 157
leaf_count=302 161 211 160 229 1193 157
internal_value=3.58315e-05 -0.000803269 0.000359753 0.00222048 -0.000182801 0.000938966
internal_weight=2413 670 1743 390 1353 368
internal_count=2413 670 1743 390 1353 368
is_linear=0
shrinkage=0.05


Tree=176
num_leaves=4
num_cat=0
split_feature=9 9 7
split_gain=0.252014 0.56305 0.79924
threshold=1.4420848586444548 1.0850176576962172 0.74462828267178616
decision_type=2 2 2
left_child=1 2 -1
right_child=-2 -3 -4
leaf_value=0.00048383957155361868 0.0019101680500584817 -0.0022634438828992329 -0.0031593676669616822
leaf_weight=1831 162 261 159
leaf_count=1831 162 261 159
internal_value=3.60278e-05 -0.000102785 0.00018556
internal_weight=2413 2251 1990
internal_count=2413 2251 1990
is_linear=0
shrinkage=0.05


Tree=177
num_leaves=5
num_cat=0
split_feature=12 7 4 7
split_gain=0.252409 1.47095 0.957328 0.738535
threshold=0.84638686722834755 -0.13510325066366186 0.091087104364037427 0.0085456719988219777
decision_type=2 2 2 2
left_child=2 -2 3 -1
right_child=1 -3 -4 -5
leaf_value=0.00096507002739268832 -0.0044066519349026719 0.0015165430410084976 0.0040305221091376815 -0.00103050553166155
leaf_weight=908 181 236 151 937
leaf_count=908 181 236 151 937
internal_value=3.51463e-05 -0.00107619 0.000269432 -4.84472e-05
internal_weight=2413 417 1996 1845
internal_count=2413 417 1996 1845
is_linear=0
shrinkage=0.05


Tree=178
num_leaves=6
num_cat=0
split_feature=1 1 3 2 6
split_gain=0.257253 1.51297 1.3338 0.830028 0.737952
threshold=0.80363337012575897 0.44158881833342051 0.53739030960713963 0.092243920788360342 4.3609301498315478
decision_type=2 2 2 2 2
left_child=1 4 -2 -4 -1
right_child=2 -3 3 -5 -6
leaf_value=-0.002722255529684795 0.0048198111892468016 -0.0045879880056875393 0.0010044188350069531 -0.0026852643864857663 0.00066576092342720628
leaf_weight=180 157 180 451 224 1221
leaf_count=180 157 180 451 224 1221
internal_value=3.62807e-05 -0.000338066 0.000745399 -0.000230751 0.000222337
internal_weight=2413 1581 832 675 1401
internal_count=2413 1581 832 675 1401
is_linear=0
shrinkage=0.05


Tree=179
num_leaves=5
num_cat=0
split_feature=5 6 6 9
split_gain=0.257837 1.98318 0.700692 0.830881
threshold=0.17999999999999999 5.0234198862895534 4.3609301498315478 -1.1965437641460877
decision_type=2 2 2 2
left_child=2 -2 -1 -4
right_child=1 -3 3 -5
leaf_value=-0.0027050098891807151 0.0050283870493640775 -0.0019036498284573261 -0.0025490898835946944 0.0005820202190736848
leaf_weight=240 180 229 241 1523
leaf_count=240 180 229 241 1523
internal_value=3.48722e-05 0.00117101 -0.000199341 0.000148248
internal_weight=2413 409 2004 1764
internal_count=2413 409 2004 1764
is_linear=0
shrinkage=0.05


Tree=180
num_leaves=6
num_cat=0
split_feature=7 6 9 7 11
split_gain=0.254966 1.04023 0.537877 1.26083 0.874719
threshold=-0.80052797093955153 5.3535155258934504 -0.63267781866043915 -0.30457139558974361 -0.42768656768972618
decision_type=2 2 2 2 2
left_child=1 -1 4 -4 -2
right_child=2 -3 3 -5 -6
leaf_value=0.0040695822108139934 0.0014183709180102715 -0.0012518183231297029 0.0044944996092338829 -0.00020980149481707264 -0.003189210514060055
leaf_weight=168 150 192 153 1442 308
leaf_count=168 150 192 153 1442 308
internal_value=3.54021e-05 0.00125323 -0.000180674 0.000254093 -0.00168116
internal_weight=2413 360 2053 1595 458
internal_count=2413 360 2053 1595 458
is_linear=0
shrinkage=0.05


Tree=181
num_leaves=5
num_cat=0
split_feature=5 2 3 8
split_gain=0.252191 0.841669 2.31499 0.928901
threshold=-0.26499999999999985 0.10455925258379239 0.68825837287407909 0.70703810590078009
decision_type=2 2 2 2
left_child=-1 3 -3 -2
right_child=1 2 -4 -5
leaf_value=-0.0016241891121349197 -0.00057321627286577683 0.0068357356314934937 -0.0013955627378258531 0.003281584667037837
leaf_weight=204 1707 156 179 167
leaf_count=204 1707 156 179 167
internal_value=3.61459e-05 0.000192799 0.00248168 -0.000221881
internal_weight=2413 2209 335 1874
internal_count=2413 2209 335 1874
is_linear=0
shrinkage=0.05


Tree=182
num_leaves=6
num_cat=0
split_feature=1 3 3 3 3
split_gain=0.258217 1.09162 1.69552 0.742269 1.10747
threshold=-1.0057505024919768 -0.77932329361040342 -1.3779144123152243 -1.0875455302069261 -0.6133087519077024
decision_type=2 2 2 2 2
left_child=1 2 -1 -2 -5
right_child=3 -3 -4 4 -6
leaf_value=-0.0034498933069234562 0.003582645196127734 -0.0043280482451629005 0.0024931109880296379 -0.0039723238848054258 0.00046282628269611657
leaf_weight=183 157 160 327 151 1435
leaf_count=183 157 160 327 151 1435
internal_value=3.81227e-05 -0.000792585 0.000347831 0.000358796 2.94075e-05
internal_weight=2413 670 510 1743 1586
internal_count=2413 670 510 1743 1586
is_linear=0
shrinkage=0.05


Tree=183
num_leaves=5
num_cat=0
split_feature=1 7 13 13
split_gain=0.244816 0.60492 0.48521 0.630087
threshold=-1.3128556219999663 -0.081813150463408077 0.38486325820360695 0.08497924574128389
decision_type=2 2 8 10
left_child=1 -1 3 -2
right_child=2 -3 -4 -5
leaf_value=-0.003175745343020374 -0.00016445677861092535 0.00057855048253836608 -0.0023342456223184767 0.0017901435108042874
leaf_weight=183 1202 247 159 622
leaf_count=183 1202 247 159 622
internal_value=3.71625e-05 -0.00103735 0.000272185 0.000505151
internal_weight=2413 430 1983 1824
internal_count=2413 430 1983 1824
is_linear=0
shrinkage=0.05


Tree=184
num_leaves=6
num_cat=0
split_feature=7 0 3 9 1
split_gain=0.239277 0.966827 0.510227 1.07732 0.689228
threshold=-0.80052797093955153 0.30750000000000005 1.2602520756252089 -0.97136887553964957 1.5510235016351619
decision_type=2 2 2 2 2
left_child=1 -1 3 -2 -4
right_child=2 -3 4 -5 -6
leaf_value=-0.001685559528798045 -0.0039753212525152522 0.0034705232534161658 0.0033413929668482563 -7.6345869010774543e-05 -0.0010387538274069532
leaf_weight=158 196 202 210 1496 151
leaf_count=158 196 202 210 1496 151
internal_value=3.57201e-05 0.00121549 -0.000173606 -0.000538382 0.00152009
internal_weight=2413 360 2053 1692 361
internal_count=2413 360 2053 1692 361
is_linear=0
shrinkage=0.05


Tree=185
num_leaves=4
num_cat=0
split_feature=9 9 7
split_gain=0.233057 0.551218 0.735033
threshold=1.4230626331490075 1.0850176576962172 0.74462828267178616
decision_type=2 2 2
left_child=1 2 -1
right_child=-2 -3 -4
leaf_value=0.000466065051369639 0.0017884208642830015 -0.0022802644367791816 -0.0030277438785117007
leaf_weight=1831 171 252 159
leaf_count=1831 171 252 159
internal_value=3.63439e-05 -0.000100971 0.000180023
internal_weight=2413 2242 1990
internal_count=2413 2242 1990
is_linear=0
shrinkage=0.05


Tree=186
num_leaves=6
num_cat=0
split_feature=2 2 6 2 5
split_gain=0.234896 1.29481 1.14873 1.06482 0.919376
threshold=0.071629714287562499 0.080355114496667671 4.6517668154327616 0.063152149296471061 1.0000000180025095e-35
decision_type=2 2 2 2 2
left_child=3 -2 -3 4 -1
right_child=1 2 -4 -5 -6
leaf_value=0.0013925536875301239 0.0047553381811770313 0.0030245470860543822 -0.0011537380863292663 -0.0042557159401888991 -0.0013476705441612144
leaf_weight=647 154 212 675 153 572
leaf_count=647 154 212 675 153 572
internal_value=3.5492e-05 0.000600271 -0.000143739 -0.000393656 0.000106486
internal_weight=2413 1041 887 1372 1219
internal_count=2413 1041 887 1372 1219
is_linear=0
shrinkage=0.05


Tree=187
num_leaves=6
num_cat=0
split_feature=1 1 0 5 3
split_gain=0.238795 1.32 1.01879 0.563363 0.356367
threshold=0.67526520063058748 0.32681806094704946 0.59000000000000008 -0.070000000000000007 1.219936756777481
decision_type=2 2 2 2 2
left_child=1 3 -2 -1 -4
right_child=2 -3 4 -5 -6
leaf_value=-0.00076210512181035727 0.0036303213459325796 -0.0045710441480023845 -0.0010819638575732288 0.0012891296429670012 0.0012783645029234396
leaf_weight=734 216 160 456 607 240
leaf_count=734 216 160 456 607 240
internal_value=3.64948e-05 -0.00035091 0.000672535 0.00016772 -0.000264745
internal_weight=2413 1501 912 1341 696
internal_count=2413 1501 912 1341 696
is_linear=0
shrinkage=0.05


Tree=188
num_leaves=6
num_cat=0
split_feature=2 6 1 6 9
split_gain=0.238447 1.21975 0.865546 0.812595 0.499417
threshold=0.10455925258379239 4.8356864908434245 0.39948468578538204 4.2625390121298343 -1.2079190129854103
decision_type=2 2 2 2 2
left_child=3 -2 -3 -1 -5
right_child=1 2 -4 4 -6
leaf_value=-0.0032428085101398659 0.0044871911109935136 0.0017019827275322136 -0.0032767308699573287 -0.0019110817539687705 0.00048587721899947319
leaf_weight=194 163 176 164 250 1466
leaf_count=194 163 176 164 250 1466
internal_value=3.73119e-05 0.00100027 -0.000712199 -0.000218235 0.000132132
internal_weight=2413 503 340 1910 1716
internal_count=2413 503 340 1910 1716
is_linear=0
shrinkage=0.05


Tree=189
num_leaves=5
num_cat=0
split_feature=5 6 6 6
split_gain=0.240532 1.74846 0.621191 0.745899
threshold=0.17999999999999999 5.0234198862895534 4.3609301498315478 4.6182344448732353
decision_type=2 2 2 2
left_child=2 -2 -1 -4
right_child=1 -3 3 -5
leaf_value=-0.0025488432608449796 0.004755624538488888 -0.0017535498989377824 0.0031789657421852596 -0.00020831132357630332
leaf_weight=240 180 229 176 1588
leaf_count=240 180 229 176 1588
internal_value=3.66196e-05 0.00113396 -0.000189604 0.000137678
internal_weight=2413 409 2004 1764
internal_count=2413 409 2004 1764
is_linear=0
shrinkage=0.05


Tree=190
num_leaves=4
num_cat=0
split_feature=12 6 6
split_gain=0.239021 0.534767 0.860039
threshold=-0.97972850275302703 4.2625390121298343 4.5758958313557603
decision_type=2 2 2
left_child=-1 -2 -3
right_child=1 2 -4
leaf_value=0.001924973691000409 -0.0023242323946578835 0.0031934852859444511 -0.00017830259714168753
leaf_weight=152 235 206 1820
leaf_count=152 235 206 1820
internal_value=3.83905e-05 -9.24063e-05 0.000171553
internal_weight=2413 2261 2026
internal_count=2413 2261 2026
is_linear=0
shrinkage=0.05


Tree=191
num_leaves=6
num_cat=0
split_feature=1 3 3 3 3
split_gain=0.231739 1.07538 1.53477 0.671365 0.99007
threshold=-1.0185143478597747 -0.77932329361040342 -1.3779144123152243 -1.0875455302069261 -0.6133087519077024
decision_type=2 2 2 2 2
left_child=1 2 -1 -2 -5
right_child=3 -3 -4 4 -6
leaf_value=-0.0032577510069642362 0.0033847828326010708 -0.0043448099997110586 0.0024124315454956205 -0.0037462389401373732 0.0004343353825908159
leaf_weight=182 159 154 325 152 1441
leaf_count=182 159 154 325 152 1441
internal_value=3.76642e-05 -0.000756639 0.000365045 0.000338642 2.49621e-05
internal_weight=2413 661 507 1752 1593
internal_count=2413 661 507 1752 1593
is_linear=0
shrinkage=0.05


Tree=192
num_leaves=6
num_cat=0
split_feature=12 4 6 2 6
split_gain=0.231894 1.36794 0.947757 1.5568 1.26723
threshold=0.84638686722834755 0.032691742076555078 4.6517668154327616 0.08670671818401178 4.8630628221634487
decision_type=2 2 2 2 2
left_child=2 -2 3 -1 -4
right_child=1 -3 4 -5 -6
leaf_value=0.00014745307606062852 0.0013897188485228276 -0.0043500884455419274 -0.0041499453553957497 0.0063389805816264164 0.00020757115059020202
leaf_weight=295 243 174 185 150 1366
leaf_count=295 243 174 185 150 1366
internal_value=3.67464e-05 -0.00102847 0.000261304 0.00228173 -0.000323849
internal_weight=2413 417 1996 445 1551
internal_count=2413 417 1996 445 1551
is_linear=0
shrinkage=0.05


Tree=193
num_leaves=6
num_cat=0
split_feature=7 6 8 0 12
split_gain=0.229623 0.937493 0.460887 1.11576 0.749016
threshold=-0.80052797093955153 5.3535155258934504 0.63097851429240703 0.30750000000000005 0.11432308759631825
decision_type=2 2 2 2 2
left_child=1 -1 4 -4 -2
right_child=2 -3 3 -5 -6
leaf_value=0.0038651330252864394 0.0013729103552851869 -0.0011866721495847705 0.0015431648654979091 -0.0030787917133608209 -0.00085592972480882327
leaf_weight=168 768 192 202 352 731
leaf_count=168 768 192 202 352 731
internal_value=3.57715e-05 0.00119149 -0.00016929 -0.0013948 0.000286766
internal_weight=2413 360 2053 554 1499
internal_count=2413 360 2053 554 1499
is_linear=0
shrinkage=0.05


Tree=194
num_leaves=6
num_cat=0
split_feature=8 6 2 8 4
split_gain=0.236484 1.31083 1.67667 0.763024 0.973985
threshold=0.49258928567861854 5.2753045451194103 0.059535013031882002 0.51405088485693284 0.078481663034407831
decision_type=2 2 2 2 2
left_child=1 2 -1 -2 -5
right_child=3 -3 -4 4 -6
leaf_value=0.00059615858392688737 0.003553783805956218 0.0021451126814756184 -0.0063222568721154381 0.0004576034217934069 -0.0030806100476183929
leaf_weight=179 160 218 165 1472 219
leaf_count=179 160 218 165 1472 219
internal_value=3.53464e-05 -0.000858431 -0.0027653 0.000308296 -8.35872e-06
internal_weight=2413 562 344 1851 1691
internal_count=2413 562 344 1851 1691
is_linear=0
shrinkage=0.05


Tree=195
num_leaves=5
num_cat=0
split_feature=5 6 6 9
split_gain=0.239552 1.62353 0.5512 0.716189
threshold=0.17999999999999999 5.0234198862895534 4.3609301498315478 -1.1965437641460877
decision_type=2 2 2 2
left_child=2 -2 -1 -4
right_child=1 -3 3 -5
leaf_value=-0.0024169237111286469 0.0046159276874685609 -0.0016566899678290279 -0.0023904199356351219 0.00051654210510653105
leaf_weight=240 180 229 241 1523
leaf_count=240 180 229 241 1523
internal_value=3.11695e-05 0.00112628 -0.000194581 0.000113755
internal_weight=2413 409 2004 1764
internal_count=2413 409 2004 1764
is_linear=0
shrinkage=0.05


Tree=196
num_leaves=6
num_cat=0
split_feature=1 1 3 12 0
split_gain=0.227669 1.18431 0.962206 0.771369 0.542811
threshold=0.67526520063058748 0.32681806094704946 0.37046403031831304 0.20054361465316742 0.35750000000000004
decision_type=2 2 2 2 2
left_child=1 4 -2 -4 -1
right_child=2 -3 3 -5 -6
leaf_value=-0.0005960262515070663 0.0040481317576760538 -0.004343684473089084 0.0012440123608752876 -0.001988383404747072 0.0015010962686890716
leaf_weight=869 165 160 433 314 472
leaf_count=869 165 160 433 314 472
internal_value=3.1908e-05 -0.000346356 0.000652961 -0.000118905 0.000144945
internal_weight=2413 1501 912 747 1341
internal_count=2413 1501 912 747 1341
is_linear=0
shrinkage=0.05


Tree=197
num_leaves=7
num_cat=0
split_feature=13 13 2 1 8 0
split_gain=0.225379 1.26341 1.07895 0.781629 0.728169 0.862056
threshold=0.059818561784421999 0.18000326412764397 0.071629714287562499 -0.47095954821905284 0.58144456624240393 0.32000000000000006
decision_type=10 10 2 2 2 2
left_child=4 3 -3 -2 -1 -6
right_child=1 2 -4 -5 5 -7
leaf_value=0.00068771093957374488 0.00025748862610317961 -0.0024110768557032941 0.001815351635747333 0.0050069931674292228 0.00069090459483702024 -0.0029645975051390237
leaf_weight=768 151 375 246 200 260 413
leaf_count=768 151 375 246 200 260 413
internal_value=3.37198e-05 0.000620313 -0.000735712 0.00299607 -0.000362733 -0.00155769
internal_weight=2413 972 621 351 1441 673
internal_count=2413 972 621 351 1441 673
is_linear=0
shrinkage=0.05


Tree=198
num_leaves=6
num_cat=0
split_feature=7 0 3 9 7
split_gain=0.232181 0.917418 0.462296 0.938623 0.634193
threshold=-0.80052797093955153 0.30750000000000005 1.2602520756252089 -0.97136887553964957 0.382557201218165
decision_type=2 2 2 2 2
left_child=1 -1 3 -2 -4
right_child=2 -3 4 -5 -6
leaf_value=-0.0016283114924255553 -0.0037257105933191158 0.0033944751820718234 0.0032482590485680579 -8.6303387876198435e-05 -0.00093328581853801347
leaf_weight=158 196 202 204 1496 157
leaf_count=158 196 202 204 1496 157
internal_value=3.57842e-05 0.00119792 -0.000170416 -0.000517625 0.00144179
internal_weight=2413 360 2053 1692 361
internal_count=2413 360 2053 1692 361
is_linear=0
shrinkage=0.05


Tree=199
num_leaves=6
num_cat=0
split_feature=8 6 2 8 13
split_gain=0.228221 1.19525 1.58194 0.68616 0.727057
threshold=0.49258928567861854 5.2753045451194103 0.059535013031882002 0.51405088485693284 0.059818561784421999
decision_type=2 2 2 2 10
left_child=1 2 -1 -2 -5
right_child=3 -3 -4 4 -6
leaf_value=0.00060250279582206806 0.0033825554446119707 0.002027056203908945 -0.006117091190107578 -0.00085570677993190717 0.0012467097809179194
leaf_weight=179 160 218 165 1000 691
leaf_count=179 160 218 165 1000 691
internal_value=3.6739e-05 -0.00084129 -0.00266202 0.000304874 4.55465e-06
internal_weight=2413 562 344 1851 1691
internal_count=2413 562 344 1851 1691
is_linear=0
shrinkage=0.05


Tree=200
num_leaves=6
num_cat=0
split_feature=5 6 8 6 8
split_gain=0.221769 1.54432 0.52587 1.37091 0.988009
threshold=0.17999999999999999 5.0234198862895534 0.49365869824466524 5.292323963767597 0.58893560798128564
decision_type=2 2 2 2 2
left_child=2 -2 3 -1 -4
right_child=1 -3 4 -5 -6
leaf_value=-0.0036625286934832296 0.0044917384618138141 -0.001625846112326074 0.0017722188261418909 0.0016715891800391438 -0.00081067683294282428
leaf_weight=303 180 229 637 194 870
leaf_count=303 180 229 637 194 870
internal_value=3.45464e-05 0.00108822 -0.000182673 -0.00158449 0.000283348
internal_weight=2413 409 2004 497 1507
internal_count=2413 409 2004 497 1507
is_linear=0
shrinkage=0.05


Tree=201
num_leaves=5
num_cat=0
split_feature=8 2 6 2
split_gain=0.220456 0.482525 1.05004 0.676492
threshold=0.70424372287273196 0.1174039137399123 5.0234198862895534 0.076122956214769569
decision_type=2 2 2 2
left_child=1 3 -3 -1
right_child=-2 2 -4 -5
leaf_value=0.00018724554729647669 0.0015399701450846046 0.0045027938066440829 -0.00099163111644787086 -0.0018937966527995825
leaf_weight=1304 216 159 182 552
leaf_count=1304 216 159 182 552
internal_value=3.45807e-05 -0.000116584 0.00159833 -0.00043511
internal_weight=2413 2197 341 1856
internal_count=2413 2197 341 1856
is_linear=0
shrinkage=0.05


Tree=202
num_leaves=6
num_cat=0
split_feature=2 2 2 6 5
split_gain=0.22879 1.26831 0.894899 0.856013 0.851042
threshold=0.071629714287562499 0.080355114496667671 0.063152149296471061 4.6517668154327616 1.0000000180025095e-35
decision_type=2 2 2 2 2
left_child=2 -2 4 -3 -1
right_child=1 3 -4 -5 -6
leaf_value=0.0013074284971558783 0.0047045785665208971 0.0025910393185784811 -0.0039291695218615806 -0.0010158478981568753 -0.001328976754897418
leaf_weight=647 154 212 153 675 572
leaf_count=647 154 212 153 675 572
internal_value=3.48726e-05 0.000592263 -0.00038866 -0.000144082 6.99541e-05
internal_weight=2413 1041 1372 887 1219
internal_count=2413 1041 1372 887 1219
is_linear=0
shrinkage=0.05


Tree=203
num_leaves=5
num_cat=0
split_feature=1 1 13 11
split_gain=0.217462 0.62049 0.429591 0.545636
threshold=-1.3128556219999663 -1.7429605274675553 0.38486325820360695 -0.96452862799699302
decision_type=2 2 8 2
left_child=1 -1 3 -2
right_child=2 -3 -4 -5
leaf_value=0.0011419512970874516 -0.0023061023874682671 -0.0026435448720811259 -0.0021952836878637492 0.00074277758025779799
leaf_weight=190 156 240 159 1668
leaf_count=190 156 240 159 1668
internal_value=3.57196e-05 -0.000976984 0.000257222 0.000476427
internal_weight=2413 430 1983 1824
internal_count=2413 430 1983 1824
is_linear=0
shrinkage=0.05


Tree=204
num_leaves=4
num_cat=0
split_feature=12 6 6
split_gain=0.213424 0.501744 0.740294
threshold=-0.97972850275302703 4.2625390121298343 4.5758958313557603
decision_type=2 2 2
left_child=-1 -2 -3
right_child=1 2 -4
leaf_value=0.001818354749847441 -0.0022497655819946282 0.0029713948735963416 -0.00015687988468801465
leaf_weight=152 235 206 1820
leaf_count=152 235 206 1820
internal_value=3.56478e-05 -8.79458e-05 0.000167729
internal_weight=2413 2261 2026
internal_count=2413 2261 2026
is_linear=0
shrinkage=0.05


Tree=205
num_leaves=6
num_cat=0
split_feature=2 0 0 6 8
split_gain=0.214972 1.18572 2.64271 0.602943 0.487492
threshold=0.10455925258379239 0.35750000000000004 0.73000000000000009 4.2473517211198351 0.70703810590078009
decision_type=2 2 2 2 2
left_child=3 -2 -3 -1 -5
right_child=1 2 -4 4 -6
leaf_value=-0.0028578056735455585 -0.0020817686982283804 0.0073041155681381996 -0.0018264370504766704 -0.00018609735620646328 0.0026483057655804308
leaf_weight=188 194 157 152 1559 163
leaf_count=188 194 157 152 1559 163
internal_value=3.49656e-05 0.000949299 0.00285515 -0.000207675 8.90904e-05
internal_weight=2413 503 309 1910 1722
internal_count=2413 503 309 1910 1722
is_linear=0
shrinkage=0.05


Tree=206
num_leaves=6
num_cat=0
split_feature=5 6 6 9 4
split_gain=0.209738 1.3611 0.483705 1.05784 0.530357
threshold=0.17999999999999999 5.0234198862895534 4.8630628221634487 0.54333031861553349 0.032015621187164243
decision_type=2 2 2 2 2
left_child=2 -2 3 -1 -4
right_child=1 -3 4 -5 -6
leaf_value=0.00013375486823524288 0.0042584135427101944 -0.0014851881772473556 0.0010360694551769399 -0.0041652117362029331 -0.0010613406226853319
leaf_weight=427 180 229 926 210 441
leaf_count=427 180 229 926 210 441
internal_value=3.87745e-05 0.00106346 -0.000172482 -0.00130489 0.000358034
internal_weight=2413 409 2004 637 1367
internal_count=2413 409 2004 637 1367
is_linear=0
shrinkage=0.05


Tree=207
num_leaves=4
num_cat=0
split_feature=9 9 7
split_gain=0.21601 0.486346 0.684247
threshold=1.4230626331490075 1.0850176576962172 0.74462828267178616
decision_type=2 2 2
left_child=1 2 -1
right_child=-2 -3 -4
leaf_value=0.00044666617315074583 0.0017257196591262158 -0.0021403073051932827 -0.0029242786145116002
leaf_weight=1831 171 252 159
leaf_count=1831 171 252 159
internal_value=3.89434e-05 -9.32628e-05 0.000170675
internal_weight=2413 2242 1990
internal_count=2413 2242 1990
is_linear=0
shrinkage=0.05


Tree=208
num_leaves=7
num_cat=0
split_feature=2 2 11 13 2 3
split_gain=0.213528 1.18194 1.01109 0.83205 0.983555 0.949377
threshold=0.071629714287562499 0.080355114496667671 -0.82235098037885024 0.18000326412764397 0.040276819911981926 1.2602520756252089
decision_type=2 2 2 10 2 2
left_child=3 -2 -3 5 -5 -1
right_child=1 2 -4 4 -6 -7
leaf_value=-0.00028596064677421793 0.0045462701813597526 -0.0034269546032757374 0.00072203716706477046 -0.00011917016548412899 -0.00525064660006214 0.0039036512761723876
leaf_weight=841 154 180 707 214 161 156
leaf_count=841 154 180 707 214 161 156
internal_value=3.79737e-05 0.000576444 -0.000134413 -0.000371199 -0.00236238 0.000385794
internal_weight=2413 1041 887 1372 375 997
internal_count=2413 1041 887 1372 375 997
is_linear=0
shrinkage=0.05


Tree=209
num_leaves=6
num_cat=0
split_feature=2 0 0 8 2
split_gain=0.210813 1.09146 2.47012 0.563908 0.970065
threshold=0.10455925258379239 0.35750000000000004 0.73000000000000009 0.70703810590078009 0.076122956214769569
decision_type=2 2 2 2 2
left_child=3 -2 -3 4 -1
right_child=1 2 -4 -5 -6
leaf_value=0.00020388540530545663 -0.0019639818066258417 0.0070740670931560019 -0.0017535504431220568 0.0025139733990915281 -0.0025266524002913854
leaf_weight=1314 194 157 152 169 427
leaf_count=1314 194 157 152 169 427
internal_value=3.91652e-05 0.000944604 0.0027729 -0.000201127 -0.000471128
internal_weight=2413 503 309 1910 1741
internal_count=2413 503 309 1910 1741
is_linear=0
shrinkage=0.05


Tree=210
num_leaves=6
num_cat=0
split_feature=2 0 13 2 5
split_gain=0.219331 1.12068 1.61579 0.805699 0.797951
threshold=0.071629714287562499 0.13000000000000003 0.059818561784421999 0.063152149296471061 1.0000000180025095e-35
decision_type=2 2 10 2 2
left_child=3 -2 -3 4 -1
right_child=1 2 -4 -5 -6
leaf_value=0.0012614585411442011 -0.0031323261866140562 -0.00039099006635463551 0.0040043959321508947 -0.003731409160269622 -0.0012913875014182881
leaf_weight=647 165 541 335 153 572
leaf_count=647 165 541 335 153 572
internal_value=4.27197e-05 0.00058845 0.00130308 -0.000371984 6.31866e-05
internal_weight=2413 1041 876 1372 1219
internal_count=2413 1041 876 1372 1219
is_linear=0
shrinkage=0.05


Tree=211
num_leaves=5
num_cat=0
split_feature=7 3 0 3
split_gain=0.205379 0.46123 0.90256 0.631692
threshold=-0.89762920115994249 -1.1832159566199207 0.40250000000000008 -0.3943914098672523
decision_type=2 2 2 2
left_child=-1 2 -2 -3
right_child=1 3 -4 -5
leaf_value=0.0016450062641446051 -0.00049470722838783788 -0.0018269833121847296 0.0044365769922132458 0.00018649397053182369
leaf_weight=180 229 550 150 1304
leaf_count=180 229 550 150 1304
internal_value=4.39946e-05 -8.84483e-05 0.00148934 -0.000414123
internal_weight=2413 2233 379 1854
internal_count=2413 2233 379 1854
is_linear=0
shrinkage=0.05


Tree=212
num_leaves=7
num_cat=0
split_feature=2 2 11 4 11 6
split_gain=0.204163 1.07626 0.932686 0.783776 0.623043 0.547478
threshold=0.071629714287562499 0.080355114496667671 -0.82235098037885024 0.032015621187164243 0.18437769210423452 4.8731339403333793
decision_type=2 2 2 2 2 2
left_child=3 -2 -3 5 -5 -1
right_child=1 2 -4 4 -6 -7
leaf_value=-0.0016046040748466006 0.0043605449278882871 -0.0032685209365209212 0.00071634194803286185 -0.00033717502335180117 -0.0046295998320656732 0.0010032055417555498
leaf_weight=267 154 180 707 174 161 770
leaf_count=267 154 180 707 174 161 770
internal_value=4.58436e-05 0.000572357 -0.0001061 -0.000354274 -0.00243785 0.000327286
internal_weight=2413 1041 887 1372 335 1037
internal_count=2413 1041 887 1372 335 1037
is_linear=0
shrinkage=0.05


Tree=213
num_leaves=7
num_cat=0
split_feature=0 12 5 9 6 8
split_gain=0.219167 0.592526 1.48557 1.3132 0.314479 0.159811
threshold=0.91000000000000014 0.84638686722834755 0.19 1.0000000180025095e-35 5.2753045451194103 0.58219013801472197
decision_type=2 2 2 2 2 2
left_child=1 2 -1 -3 -2 -6
right_child=4 3 -4 -5 5 -7
leaf_value=5.8902946225966192e-05 -0.0027430447638259548 -0.0047293700353132897 0.0044042697723845111 0.0014887586998145984 -0.0011125739025001223 0.0011222136299550373
leaf_weight=1395 153 165 224 166 156 154
leaf_count=1395 153 165 224 166 156 154
internal_value=4.4472e-05 0.000277047 0.000671824 -0.00163516 -0.00092755 -2.19819e-06
internal_weight=2413 1950 1619 331 463 310
internal_count=2413 1950 1619 331 463 310
is_linear=0
shrinkage=0.05


Tree=214
num_leaves=5
num_cat=0
split_feature=4 5 4 5
split_gain=0.210079 0.532843 1.062 1.05659
threshold=0.07670456708649985 0.17999999999999999 0.032015621187164271 0.070000000000000034
decision_type=2 2 2 2
left_child=1 3 -3 -1
right_child=-2 2 -4 -5
leaf_value=0.00048160482169026949 -0.0011923576329524318 -0.00068812488931983427 0.0050561964465603709 -0.0025667378117370607
leaf_weight=1455 295 164 151 348
leaf_count=1455 295 164 151 348
internal_value=4.62576e-05 0.000221177 0.00210148 -0.000112232
internal_weight=2413 2118 315 1803
internal_count=2413 2118 315 1803
is_linear=0
shrinkage=0.05


Tree=215
num_leaves=6
num_cat=0
split_feature=3 3 2 0 0
split_gain=0.207637 1.14896 1.11049 0.81827 0.591365
threshold=-0.85733145373534003 -0.3943914098672523 0.092243920788360342 0.28000000000000008 0.59750000000000003
decision_type=2 2 2 2 2
left_child=2 -2 3 -1 -3
right_child=1 4 -4 -5 -6
leaf_value=0.0012672875511694432 -0.0031784261991690392 0.0015021223903014082 0.0037697053422219374 -0.0027022973955937255 -0.00056023614154692401
leaf_weight=287 276 602 210 229 809
leaf_count=287 276 602 210 229 809
internal_value=4.58293e-05 -0.0002585 0.000749928 -0.000503435 0.000321862
internal_weight=2413 1687 726 516 1411
internal_count=2413 1687 726 516 1411
is_linear=0
shrinkage=0.05


Tree=216
num_leaves=5
num_cat=0
split_feature=4 5 0 5
split_gain=0.201238 0.499692 1.15004 0.943535
threshold=0.07670456708649985 0.17999999999999999 0.84000000000000008 0.070000000000000034
decision_type=2 2 2 2
left_child=1 3 -3 -1
right_child=-2 2 -4 -5
leaf_value=0.00045278549112780431 -0.0011689879214391112 0.0050165545435402522 -0.000953365799352646 -0.002427858282156403
leaf_weight=1455 295 156 159 348
leaf_count=1455 295 156 159 348
internal_value=4.32795e-05 0.000214482 0.00203535 -0.000108389
internal_weight=2413 2118 315 1803
internal_count=2413 2118 315 1803
is_linear=0
shrinkage=0.05


Tree=217
num_leaves=6
num_cat=0
split_feature=1 1 3 2 0
split_gain=0.205969 1.29878 1.15088 0.958812 0.734421
threshold=0.80363337012575897 0.44158881833342051 0.5773502691896143 0.092243920788360342 0.35750000000000004
decision_type=2 2 2 2 2
left_child=1 4 -2 -4 -1
right_child=2 -3 3 -5 -6
leaf_value=-0.00064814030397797448 0.0042461640582474869 -0.0042286318248118951 0.0010757356574439207 -0.0029224377240378427 0.0017138573847689719
leaf_weight=883 173 180 437 222 518
leaf_count=883 173 180 437 222 518
internal_value=4.40037e-05 -0.000290982 0.000678493 -0.000283009 0.000228164
internal_weight=2413 1581 832 659 1401
internal_count=2413 1581 832 659 1401
is_linear=0
shrinkage=0.05


Tree=218
num_leaves=7
num_cat=0
split_feature=13 13 0 9 5 9
split_gain=0.198191 1.14005 1.55638 1.02345 0.750764 0.539572
threshold=0.059818561784421999 0.16590120218694762 0.45750000000000007 -1.1965437641460877 0.23250000000000007 1.3713426378328373
decision_type=8 8 2 2 2 2
left_child=4 2 -2 -3 5 -1
right_child=1 3 -4 -5 -6 -7
leaf_value=-0.00029078564227101816 -0.00045644629189492728 -0.0034421242462451362 0.0066042443747768645 0.00069369213851541559 -0.0032452052464577719 0.0028162943621915159
leaf_weight=1053 154 207 152 504 187 156
leaf_count=1053 154 207 152 504 187 156
internal_value=4.56341e-05 0.000575 0.00310062 -0.000526035 -0.00034069 0.000120076
internal_weight=2413 1017 306 711 1396 1209
internal_count=2413 1017 306 711 1396 1209
is_linear=0
shrinkage=0.05


Tree=219
num_leaves=5
num_cat=0
split_feature=7 8 11 4
split_gain=0.20622 0.440229 0.982079 0.832357
threshold=-0.89762920115994249 0.63097851429240703 0.68745728595384525 0.035487428090632461
decision_type=2 2 2 2
left_child=-1 3 -3 -2
right_child=1 2 -4 -5
leaf_value=0.0016504791228893541 -0.00052048263493249857 -0.0024546788689293391 0.0019980916802481703 0.0018184854508266409
leaf_weight=180 1026 442 167 598
leaf_count=180 1026 442 167 598
internal_value=4.61944e-05 -8.65239e-05 -0.00122731 0.000343726
internal_weight=2413 2233 609 1624
internal_count=2413 2233 609 1624
is_linear=0
shrinkage=0.05


Tree=220
num_leaves=6
num_cat=0
split_feature=5 3 6 3 4
split_gain=0.198659 0.877144 0.653898 0.579416 0.560905
threshold=-0.060000000000000019 -1.1832159566199207 5.3989315343649293 -0.3943914098672523 0.060078023538789903
decision_type=2 2 2 2 2
left_child=2 -2 4 -3 -1
right_child=1 3 -4 -5 -6
leaf_value=-0.00055437089970274383 0.0036956628865730391 -0.0020603256149484511 0.0012243315695339113 0.00044732032689749591 -0.0041857416429144298
leaf_weight=331 171 281 298 1179 153
leaf_count=331 171 281 298 1179 153
internal_value=4.72157e-05 0.000361131 -0.000605646 -4.07002e-05 -0.00173337
internal_weight=2413 1631 782 1460 484
internal_count=2413 1631 782 1460 484
is_linear=0
shrinkage=0.05


Tree=221
num_leaves=4
num_cat=0
split_feature=12 6 6
split_gain=0.199883 0.436902 0.739204
threshold=-0.97972850275302703 4.2625390121298343 4.5758958313557603
decision_type=2 2 2
left_child=-1 -2 -3
right_child=1 2 -4
leaf_value=0.0017709831516614337 -0.0020911725287927163 0.0029663088607879895 -0.00015965734207082729
leaf_weight=152 235 206 1820
leaf_count=152 235 206 1820
internal_value=4.57731e-05 -7.38592e-05 0.000164705
internal_weight=2413 2261 2026
internal_count=2413 2261 2026
is_linear=0
shrinkage=0.05


Tree=222
num_leaves=6
num_cat=0
split_feature=2 0 0 8 2
split_gain=0.198024 0.978454 2.21413 0.528609 0.969751
threshold=0.10455925258379239 0.35750000000000004 0.73000000000000009 0.70703810590078009 0.076122956214769569
decision_type=2 2 2 2 2
left_child=3 -2 -3 4 -1
right_child=1 2 -4 -5 -6
leaf_value=0.00022519519392947665 -0.0018320796601755088 0.0067251368345301842 -0.0016330866316618148 0.0024405134107847969 -0.0025048454804450391
leaf_weight=1314 194 157 152 169 427
leaf_count=1314 194 157 152 169 427
internal_value=4.4699e-05 0.000922232 0.00265311 -0.000188204 -0.000449634
internal_weight=2413 503 309 1910 1741
internal_count=2413 503 309 1910 1741
is_linear=0
shrinkage=0.05


Tree=223
num_leaves=7
num_cat=0
split_feature=2 0 13 4 11 3
split_gain=0.196811 1.00056 1.4834 0.741591 0.566257 0.534105
threshold=0.071629714287562499 0.13000000000000003 0.059818561784421999 0.032015621187164243 0.18437769210423452 0.73329866941219624
decision_type=2 2 10 2 2 2
left_child=3 -2 -3 5 -5 -1
right_child=1 2 -4 4 -6 -7
leaf_value=-0.00039612285877185978 -0.0029511200761258168 -0.00038322155157998784 0.0038281882090000982 -0.00036773860764133031 -0.004461446160545955 0.0021070413049443268
leaf_weight=744 165 541 335 174 161 293
leaf_count=744 165 541 335 174 161 293
internal_value=4.77385e-05 0.000564679 0.00123989 -0.000345115 -0.00237184 0.000317852
internal_weight=2413 1041 876 1372 335 1037
internal_count=2413 1041 876 1372 335 1037
is_linear=0
shrinkage=0.05


Tree=224
num_leaves=7
num_cat=0
split_feature=0 13 1 5 6 5
split_gain=0.197119 0.538461 1.92254 0.791856 0.283712 0.158915
threshold=0.91000000000000014 0.059818561784421999 0.76565794296758771 0.23250000000000007 5.2753045451194103 0.080000000000000057
decision_type=2 8 2 2 2 2
left_child=1 3 -3 -1 -2 -6
right_child=4 2 -4 -5 5 -7
leaf_value=0.00010932120958446921 -0.0025978986340156047 2.2674304138040514e-05 0.0062610675365878986 -0.0036964485399902554 -0.0010814973186669948 0.001147672234219499
leaf_weight=1054 153 593 151 152 159 151
leaf_count=1054 153 593 151 152 159 151
internal_value=4.83531e-05 0.000268908 0.00132214 -0.000383626 -0.000873497 5.30574e-06
internal_weight=2413 1950 744 1206 463 310
internal_count=2413 1950 744 1206 463 310
is_linear=0
shrinkage=0.05


Tree=225
num_leaves=6
num_cat=0
split_feature=3 2 3 0 3
split_gain=0.195808 1.04239 0.984191 0.766905 0.507208
threshold=-0.85733145373534003 0.092243920788360342 -0.3943914098672523 0.28000000000000008 0.44339915473745045
decision_type=2 2 2 2 2
left_child=1 3 -2 -1 -4
right_child=2 -3 4 -5 -6
leaf_value=0.001233201364114281 -0.0029483198825422398 0.0036591159568850474 0.0017079988935335224 -0.0026097420763729826 -0.00033936171879522445
leaf_weight=287 276 210 432 229 979
leaf_count=287 276 210 432 229 979
internal_value=4.96736e-05 0.000733413 -0.000245871 -0.000480969 0.000291288
internal_weight=2413 726 1687 516 1411
internal_count=2413 726 1687 516 1411
is_linear=0
shrinkage=0.05


Tree=226
num_leaves=6
num_cat=0
split_feature=13 13 9 8 9
split_gain=0.201467 1.2028 0.907831 0.988401 0.514511
threshold=0.18000326412764397 0.08497924574128389 -1.1965437641460877 0.52660852094064226 1.4230626331490075
decision_type=10 10 2 2 2
left_child=1 4 -2 -4 -1
right_child=2 -3 3 -5 -6
leaf_value=-0.00054148242296156077 -0.0035895024083780905 0.0033525607120954309 -0.002615086127916584 0.0023000219771757385 0.002497486281659334
leaf_weight=1371 187 271 155 279 150
leaf_count=1371 187 271 155 279 150
internal_value=4.67102e-05 0.000315714 -0.000725866 0.000534835 -0.00023458
internal_weight=2413 1792 621 434 1521
internal_count=2413 1792 621 434 1521
is_linear=0
shrinkage=0.05


Tree=227
num_leaves=5
num_cat=0
split_feature=7 8 11 4
split_gain=0.189199 0.410866 0.906281 0.785438
threshold=-0.89762920115994249 0.63097851429240703 0.68745728595384525 0.035487428090632461
decision_type=2 2 2 2
left_child=-1 3 -3 -2
right_child=1 2 -4 -5
leaf_value=0.0015820357941619652 -0.0005055874147444849 -0.0023628558288523271 0.001914683176098976 0.0017665024834050249
leaf_weight=180 1026 442 167 598
leaf_count=180 1026 442 167 598
internal_value=4.53871e-05 -8.17385e-05 -0.00118383 0.000333911
internal_weight=2413 2233 609 1624
internal_count=2413 2233 609 1624
is_linear=0
shrinkage=0.05


Tree=228
num_leaves=5
num_cat=0
split_feature=12 1 7 8
split_gain=0.19382 0.337456 0.679155 0.502908
threshold=-0.96003632616327483 -1.3280444471217161 -0.081813150463408077 0.70190099761917091
decision_type=2 2 2 2
left_child=-1 2 -2 -3
right_child=1 3 -4 -5
leaf_value=0.0014614359910509931 -0.0038143436229490187 -7.7964688289537155e-05 0.00041315302393658474 0.0027701776209375847
leaf_weight=215 164 1653 215 166
leaf_count=215 164 1653 215 166
internal_value=4.64104e-05 -9.50048e-05 -0.00144201 0.000188835
internal_weight=2413 2198 379 1819
internal_count=2413 2198 379 1819
is_linear=0
shrinkage=0.05


Tree=229
num_leaves=4
num_cat=0
split_feature=6 12 1
split_gain=0.185201 0.399922 0.849622
threshold=4.1281816745603477 0.91963761406741706 1.6918398509280037
decision_type=2 2 2
left_child=-1 2 -2
right_child=1 -3 -4
leaf_value=0.0015565263571523948 -0.00066088138857022406 0.0016756387759726526 0.0029806304253725104
leaf_weight=182 1782 278 171
leaf_count=182 1782 278 171
internal_value=4.50257e-05 -8.1484e-05 -0.000335242
internal_weight=2413 2231 1953
internal_count=2413 2231 1953
is_linear=0
shrinkage=0.05


Tree=230
num_leaves=6
num_cat=0
split_feature=3 2 3 13 0
split_gain=0.189309 1.24823 0.96007 0.687978 0.493714
threshold=-0.81706007089980603 0.092243920788360342 -0.3943914098672523 -0.06262944779240337 0.59750000000000003
decision_type=2 2 2 8 2
left_child=1 3 -2 -1 -4
right_child=2 -3 4 -5 -6
leaf_value=-0.0026354034184824997 -0.0030438819022541655 0.0038621394488283708 0.0013403525035800543 0.00096366587237152891 -0.00054398283710329557
leaf_weight=230 255 216 602 301 809
leaf_count=230 255 216 602 301 809
internal_value=4.48625e-05 0.000703583 -0.000251716 -0.000605295 0.000261859
internal_weight=2413 747 1666 531 1411
internal_count=2413 747 1666 531 1411
is_linear=0
shrinkage=0.05


Tree=231
num_leaves=4
num_cat=0
split_feature=5 4 4
split_gain=0.198417 0.653044 0.728226
threshold=-0.26499999999999985 0.088370652291207746 0.061821309927903148
decision_type=2 2 2
left_child=-1 2 -2
right_child=1 -3 -4
leaf_value=-0.0014281138696826986 0.00026416116505226293 0.0031900267401838421 -0.0027799220785329291
leaf_weight=204 1832 162 215
leaf_count=204 1832 162 215
internal_value=4.46401e-05 0.000183566 -6.15589e-05
internal_weight=2413 2209 2047
internal_count=2413 2209 2047
is_linear=0
shrinkage=0.05


Tree=232
num_leaves=5
num_cat=0
split_feature=4 5 5 4
split_gain=0.206152 0.508405 0.932101 0.92675
threshold=0.07670456708649985 0.17999999999999999 0.070000000000000034 0.032015621187164271
decision_type=2 2 2 2
left_child=1 2 -1 -3
right_child=-2 3 -4 -5
leaf_value=0.00044872835972200096 -0.0011836234723547629 -0.00055498441208716063 -0.0024144085394767665 0.0048131585432341899
leaf_weight=1455 295 164 348 151
leaf_count=1455 295 164 348 151
internal_value=4.33542e-05 0.000216636 -0.000109039 0.00205331
internal_weight=2413 2118 1803 315
internal_count=2413 2118 1803 315
is_linear=0
shrinkage=0.05


Tree=233
num_leaves=5
num_cat=0
split_feature=4 8 6 3
split_gain=0.190609 0.488228 1.12077 0.887002
threshold=0.07670456708649985 0.52772730251460442 5.2753045451194103 1.3477172530791972
decision_type=2 2 2 2
left_child=1 2 -1 -3
right_child=-2 3 -4 -5
leaf_value=-0.0024544543597593612 -0.0011366730581891412 0.0002681650122133504 0.0014638856236131826 0.0039982148645242924
leaf_weight=432 295 1198 309 179
leaf_count=432 295 1198 309 179
internal_value=4.31496e-05 0.000209768 -0.000821631 0.000765755
internal_weight=2413 2118 741 1377
internal_count=2413 2118 741 1377
is_linear=0
shrinkage=0.05


Tree=234
num_leaves=6
num_cat=0
split_feature=13 13 9 8 9
split_gain=0.19031 1.09771 0.837505 0.885971 0.462885
threshold=0.18000326412764397 0.08497924574128389 -1.1965437641460877 0.52660852094064226 1.4230626331490075
decision_type=10 10 2 2 2
left_child=1 4 -2 -4 -1
right_child=2 -3 3 -5 -6
leaf_value=-0.00051521257517638224 -0.0034611794872603241 0.003202731476863003 -0.0024818721855262996 0.002171559896054481 0.0023672646389252716
leaf_weight=1371 187 271 155 279 150
leaf_count=1371 187 271 155 279 150
internal_value=4.01259e-05 0.000301585 -0.00071074 0.000500281 -0.00022412
internal_weight=2413 1792 621 434 1521
internal_count=2413 1792 621 434 1521
is_linear=0
shrinkage=0.05


Tree=235
num_leaves=4
num_cat=0
split_feature=0 8 2
split_gain=0.186915 0.295094 0.609787
threshold=0.95725000000000005 0.70703810590078009 0.1174039137399123
decision_type=2 2 2
left_child=1 2 -1
right_child=-2 -3 -4
leaf_value=-0.00036838817640102365 -0.0013368416126516942 0.0021803178582665756 0.0019792966262276892
leaf_weight=1704 219 165 325
leaf_count=1704 219 165 325
internal_value=3.92035e-05 0.000179284 1.15991e-05
internal_weight=2413 2194 2029
internal_count=2413 2194 2029
is_linear=0
shrinkage=0.05


Tree=236
num_leaves=4
num_cat=0
split_feature=5 4 4
split_gain=0.197322 0.634944 0.67171
threshold=-0.26499999999999985 0.088370652291207746 0.061821309927903148
decision_type=2 2 2
left_child=-1 2 -2
right_child=1 -3 -4
leaf_value=-0.0014291889389306219 0.00024917174744849005 0.0031425381192245975 -0.0026744067387401383
leaf_weight=204 1832 162 215
leaf_count=204 1832 162 215
internal_value=3.94799e-05 0.000178032 -6.36652e-05
internal_weight=2413 2209 2047
internal_count=2413 2209 2047
is_linear=0
shrinkage=0.05


Tree=237
num_leaves=5
num_cat=0
split_feature=4 2 4 4
split_gain=0.190585 0.465311 1.4262 1.22809
threshold=0.07670456708649985 0.070245106199827059 0.032015621187164271 0.032015621187164243
decision_type=2 2 2 2
left_child=1 3 -3 -1
right_child=-2 2 -4 -5
leaf_value=0.00046758387532815597 -0.0011412930013611911 -0.00093821219816522079 0.0032749973706193759 -0.0031251836998853833
leaf_weight=1018 295 401 394 305
leaf_count=1018 295 401 394 305
internal_value=3.84422e-05 0.000205059 0.00115726 -0.000369329
internal_weight=2413 2118 795 1323
internal_count=2413 2118 795 1323
is_linear=0
shrinkage=0.05


Tree=238
num_leaves=4
num_cat=0
split_feature=5 4 4
split_gain=0.185419 0.605455 0.623117
threshold=-0.26499999999999985 0.088370652291207746 0.061821309927903148
decision_type=2 2 2
left_child=-1 2 -2
right_child=1 -3 -4
leaf_value=-0.0013857973233738728 0.00023749571627692387 0.0030670419792661412 -0.0025783509228759528
leaf_weight=204 1832 162 215
leaf_count=204 1832 162 215
internal_value=3.78854e-05 0.000172194 -6.38195e-05
internal_weight=2413 2209 2047
internal_count=2413 2209 2047
is_linear=0
shrinkage=0.05


Tree=239
num_leaves=5
num_cat=0
split_feature=4 5 0 6
split_gain=0.184246 0.45566 1.00891 0.891936
threshold=0.07670456708649985 0.17999999999999999 0.84000000000000008 4.3338206554666181
decision_type=2 2 2 2
left_child=1 3 -3 -1
right_child=-2 2 -4 -5
leaf_value=-0.0033110777545329092 -0.0011230334343854337 0.0047316672630399841 -0.00086065178884507263 0.00027662950269564403
leaf_weight=189 295 156 159 1614
leaf_count=189 295 156 159 1614
internal_value=3.6913e-05 0.000200737 0.00193954 -0.00010757
internal_weight=2413 2118 315 1803
internal_count=2413 2118 315 1803
is_linear=0
shrinkage=0.05


Tree=240
num_leaves=4
num_cat=0
split_feature=6 12 5
split_gain=0.188813 0.368421 0.564004
threshold=4.1281816745603477 0.91963761406741706 -0.060000000000000019
decision_type=2 2 2
left_child=-1 2 -2
right_child=1 -3 -4
leaf_value=0.0015641834195902482 -0.0015497742815458256 0.001596817992855515 0.00025786575125588923
leaf_weight=182 636 278 1317
leaf_count=182 636 278 1317
internal_value=3.80045e-05 -8.9717e-05 -0.000333252
internal_weight=2413 2231 1953
internal_count=2413 2231 1953
is_linear=0
shrinkage=0.05


Tree=241
num_leaves=6
num_cat=0
split_feature=12 7 6 4 6
split_gain=0.202585 1.28424 0.9329 1.34078 1.07962
threshold=0.84638686722834755 -0.13510325066366186 4.6517668154327616 0.047169905660283055 4.8630628221634487
decision_type=2 2 2 2 2
left_child=2 -2 3 -1 -4
right_child=1 -3 4 -5 -6
leaf_value=0.00024986134907668269 -0.0040702707967519075 0.001463853214408273 -0.0038645135309228577 0.0059806576295263446 0.00015761760980404589
leaf_weight=293 181 236 185 152 1366
leaf_count=293 181 236 185 152 1366
internal_value=3.76246e-05 -0.000958014 0.000247505 0.00225205 -0.00033301
internal_weight=2413 417 1996 445 1551
internal_count=2413 417 1996 445 1551
is_linear=0
shrinkage=0.05


Tree=242
num_leaves=6
num_cat=0
split_feature=3 2 3 0 9
split_gain=0.193633 1.13922 0.835206 0.66054 0.508909
threshold=-0.81706007089980603 0.092243920788360342 -0.3943914098672523 0.28000000000000008 0.40379725445304221
decision_type=2 2 2 2 2
left_child=1 3 -2 -1 -4
right_child=2 -3 4 -5 -6
leaf_value=0.0010134129683330611 -0.0028662724560014727 0.0037214908294792696 0.00097610906700875029 -0.0025063239222111876 -0.0009622874590988344
leaf_weight=297 255 216 859 234 552
leaf_count=297 255 216 859 234 552
internal_value=3.78917e-05 0.000704107 -0.000262039 -0.000546568 0.000217065
internal_weight=2413 747 1666 531 1411
internal_count=2413 747 1666 531 1411
is_linear=0
shrinkage=0.05


Tree=243
num_leaves=5
num_cat=0
split_feature=4 2 4 4
split_gain=0.18977 0.419618 1.29636 1.10685
threshold=0.07670456708649985 0.070245106199827059 0.032015621187164271 0.032015621187164243
decision_type=2 2 2 2
left_child=1 3 -3 -1
right_child=-2 2 -4 -5
leaf_value=0.00045130810269055548 -0.0011411804275897643 -0.0008913266844273283 0.0031255487389627665 -0.0029595017952153521
leaf_weight=1018 295 401 394 305
leaf_count=1018 295 401 394 305
internal_value=3.60231e-05 0.000202288 0.00110652 -0.000343191
internal_weight=2413 2118 795 1323
internal_count=2413 2118 795 1323
is_linear=0
shrinkage=0.05


Tree=244
num_leaves=6
num_cat=0
split_feature=12 4 6 4 6
split_gain=0.185609 1.27718 0.870066 1.23533 0.975531
threshold=0.84638686722834755 0.032691742076555078 4.6517668154327616 0.047169905660283055 4.8630628221634487
decision_type=2 2 2 2 2
left_child=2 -2 3 -1 -4
right_child=1 -3 4 -5 -6
leaf_value=0.00025015304015184466 0.0014178466058359434 -0.0041276468391342911 -0.0036812408930180888 0.0057511788549696567 0.00014210166224289719
leaf_weight=293 243 174 185 152 1366
leaf_count=293 243 174 185 152 1366
internal_value=3.54191e-05 -0.00091759 0.000236315 0.00217218 -0.000324302
internal_weight=2413 417 1996 445 1551
internal_count=2413 417 1996 445 1551
is_linear=0
shrinkage=0.05


Tree=245
num_leaves=5
num_cat=0
split_feature=0 13 0 5
split_gain=0.185105 0.295631 1.37492 0.799613
threshold=0.95725000000000005 0.059818561784421999 0.33750000000000008 0.26250000000000012
decision_type=2 10 2 2
left_child=1 3 -3 -1
right_child=-2 2 -4 -5
leaf_value=0.00017149723409999487 -0.0013349348686363426 -0.00082177565540858099 0.0034218368431405601 -0.0035396996194898885
leaf_weight=1259 219 453 323 159
leaf_count=1259 219 453 323 159
internal_value=3.44192e-05 0.000173829 0.000955172 -0.000255614
internal_weight=2413 2194 776 1418
internal_count=2413 2194 776 1418
is_linear=0
shrinkage=0.05


Tree=246
num_leaves=5
num_cat=0
split_feature=7 8 11 12
split_gain=0.183231 0.41386 0.822872 0.675744
threshold=-0.89762920115994249 0.63097851429240703 0.68745728595384525 -0.86050803806311205
decision_type=2 2 2 2
left_child=-1 3 -3 -2
right_child=1 2 -4 -5
leaf_value=0.0015482602015303251 0.002597772252584736 -0.0023182774051116657 0.0017584335670107977 -0.00012835210040277329
leaf_weight=180 268 442 167 1356
leaf_count=180 268 442 167 1356
internal_value=3.6027e-05 -8.90593e-05 -0.00119515 0.000328118
internal_weight=2413 2233 609 1624
internal_count=2413 2233 609 1624
is_linear=0
shrinkage=0.05


Tree=247
num_leaves=5
num_cat=0
split_feature=4 5 6 4
split_gain=0.176457 0.428437 0.877645 0.78797
threshold=0.07670456708649985 0.17999999999999999 4.3338206554666181 0.032015621187164271
decision_type=2 2 2 2
left_child=1 2 -1 -3
right_child=-2 3 -4 -5
leaf_value=-0.0032801814119874013 -0.0010989601405647894 -0.00052221694743514243 0.00027866518925416376 0.0044274469048757922
leaf_weight=189 295 164 1614 151
leaf_count=189 295 164 1614 151
internal_value=3.62046e-05 0.000196529 -0.000102432 0.00188258
internal_weight=2413 2118 1803 315
internal_count=2413 2118 1803 315
is_linear=0
shrinkage=0.05


Tree=248
num_leaves=6
num_cat=0
split_feature=0 12 5 9 7
split_gain=0.18065 0.520534 1.21115 1.16533 0.266058
threshold=0.91000000000000014 0.84638686722834755 0.19 1.0000000180025095e-35 -0.07479655800749406
decision_type=2 2 2 2 2
left_child=1 2 -1 -3 -2
right_child=4 3 -4 -5 -6
leaf_value=6.4221647137726131e-05 -0.0020085809112182084 -0.0044593612154986825 0.0039878107002411676 0.0013982957840879442 0.00036967021016311098
leaf_weight=1395 235 165 224 166 228
leaf_count=1395 235 165 224 166 228
internal_value=3.64805e-05 0.00024764 0.000617684 -0.00154459 -0.000845996
internal_weight=2413 1950 1619 331 463
internal_count=2413 1950 1619 331 463
is_linear=0
shrinkage=0.05


Tree=249
num_leaves=6
num_cat=0
split_feature=3 2 3 13 3
split_gain=0.180988 1.03247 0.74991 0.654875 0.480749
threshold=-0.81706007089980603 0.092243920788360342 -0.3943914098672523 -0.06262944779240337 0.44339915473745045
decision_type=2 2 2 8 2
left_child=1 3 -2 -1 -4
right_child=2 -3 4 -5 -6
leaf_value=-0.0024892875930651072 -0.0027191302543640352 0.0035551052669730099 0.0015819671133507015 0.0010216485539869158 -0.00041111450095172587
leaf_weight=230 255 216 432 301 979
leaf_count=230 255 216 432 301 979
internal_value=3.8515e-05 0.000682607 -0.000251461 -0.000508131 0.00020253
internal_weight=2413 747 1666 531 1411
internal_count=2413 747 1666 531 1411
is_linear=0
shrinkage=0.05


Tree=250
num_leaves=5
num_cat=0
split_feature=5 2 3 2
split_gain=0.184098 0.476139 2.11546 0.767442
threshold=-0.26499999999999985 0.10455925258379239 0.68825837287407909 0.091581257980522676
decision_type=2 2 2 2
left_child=-1 3 -3 -2
right_child=1 2 -4 -5
leaf_value=-0.001380203493425743 0.00017948657221806652 0.0060589041333842259 -0.0018022240668474493 -0.0033334285456960212
leaf_weight=204 1708 156 179 166
leaf_count=204 1708 156 179 166
internal_value=3.8402e-05 0.000172231 0.00189375 -0.000139732
internal_weight=2413 2209 335 1874
internal_count=2413 2209 335 1874
is_linear=0
shrinkage=0.05


Tree=251
num_leaves=5
num_cat=0
split_feature=12 8 1 8
split_gain=0.174493 0.415823 1.46222 0.819928
threshold=-0.97972850275302703 0.55823407306318329 1.5510235016351619 0.53835741510471447
decision_type=2 2 2 2
left_child=-1 3 -3 -2
right_child=1 2 -4 -5
leaf_value=0.001650673148643439 -0.00018724908517249024 0.0012102327953357299 -0.0038995747141010759 -0.0039857669684330603
leaf_weight=152 868 1072 156 165
leaf_count=152 868 1072 156 165
internal_value=3.87494e-05 -7.30184e-05 0.000547923 -0.000810259
internal_weight=2413 2261 1228 1033
internal_count=2413 2261 1228 1033
is_linear=0
shrinkage=0.05


Tree=252
num_leaves=4
num_cat=0
split_feature=5 4 4
split_gain=0.172908 0.575013 0.590752
threshold=-0.26499999999999985 0.088370652291207746 0.061821309927903148
decision_type=2 2 2
left_child=-1 2 -2
right_child=1 -3 -4
leaf_value=-0.0013383680134132988 0.00022953395899284295 0.0029872786593874417 -0.0025122085422150456
leaf_weight=204 1832 162 215
leaf_count=204 1832 162 215
internal_value=3.64453e-05 0.000166144 -6.38557e-05
internal_weight=2413 2209 2047
internal_count=2413 2209 2047
is_linear=0
shrinkage=0.05


Tree=253
num_leaves=5
num_cat=0
split_feature=4 8 11 3
split_gain=0.172227 0.408713 1.01745 0.859135
threshold=0.07670456708649985 0.52772730251460442 0.84627065865205453 1.3477172530791972
decision_type=2 2 2 2
left_child=1 2 -1 -3
right_child=-2 3 -4 -5
leaf_value=0.00022090888717658471 -0.0010859739436612777 0.00021310686525202188 -0.0042559212264834823 0.0038837791956330362
leaf_weight=584 295 1198 157 179
leaf_count=584 295 1198 157 179
internal_value=3.55032e-05 0.000193895 -0.000749791 0.000702593
internal_weight=2413 2118 741 1377
internal_count=2413 2118 741 1377
is_linear=0
shrinkage=0.05


Tree=254
num_leaves=4
num_cat=0
split_feature=13 7 3
split_gain=0.172155 0.345204 0.610501
threshold=0.38486325820360695 -0.80052797093955153 1.2602520756252089
decision_type=8 2 2
left_child=1 -1 -3
right_child=-2 2 -4
leaf_value=0.0017762250213559365 -0.0013953284384471548 -0.00049089787870275944 0.0018272458827392993
leaf_weight=282 189 1602 340
leaf_count=282 189 1602 340
internal_value=3.33374e-05 0.000157606 -8.13935e-05
internal_weight=2413 2224 1942
internal_count=2413 2224 1942
is_linear=0
shrinkage=0.05


Tree=255
num_leaves=6
num_cat=0
split_feature=3 2 3 2 9
split_gain=0.170886 0.95806 0.680773 0.610187 0.475157
threshold=-0.81706007089980603 0.092243920788360342 -0.3943914098672523 0.066374329486787537 0.40379725445304221
decision_type=2 2 2 2 2
left_child=1 3 -2 -1 -4
right_child=2 -3 4 -5 -6
leaf_value=0.00058161140906014079 -0.0025991200269625276 0.0034267118388484814 0.00091813713010058912 -0.0031338083681710545 -0.00095483852799677104
leaf_weight=381 255 216 859 150 552
leaf_count=381 255 216 859 150 552
internal_value=3.37962e-05 0.000659661 -0.000247963 -0.000487385 0.000184622
internal_weight=2413 747 1666 531 1411
internal_count=2413 747 1666 531 1411
is_linear=0
shrinkage=0.05


Tree=256
num_leaves=6
num_cat=0
split_feature=0 0 1 3 7
split_gain=0.174502 0.489768 0.794836 0.675174 0.257316
threshold=0.91000000000000014 0.67000000000000015 0.42675386035653567 -0.44721359549995776 -0.07479655800749406
decision_type=2 2 2 2 2
left_child=1 3 -3 -1 -2
right_child=4 2 -4 -5 -6
leaf_value=-0.0011750669448689682 -0.0019773451572594543 0.0043646999795469103 0.00010435569579121582 0.00096409704389989524 0.00036154035080370172
leaf_weight=810 235 166 305 669 228
leaf_count=810 235 166 305 669 228
internal_value=3.32969e-05 0.000240837 0.00163595 -0.000207465 -0.000834026
internal_weight=2413 1950 471 1479 463
internal_count=2413 1950 471 1479 463
is_linear=0
shrinkage=0.05


Tree=257
num_leaves=6
num_cat=0
split_feature=3 4 3 7 9
split_gain=0.17588 0.912574 0.682635 0.571188 0.450471
threshold=-0.78707804856748409 0.05165994579942957 -0.3943914098672523 0.22603329384527385 0.40379725445304221
decision_type=2 2 2 2 2
left_child=1 3 -2 -1 -4
right_child=2 -3 4 -5 -6
leaf_value=0.00093180632075438136 -0.0027512595147275902 0.0033410833447964656 0.00087314884802725402 -0.0022970868150294929 -0.00095049545636627982
leaf_weight=320 230 220 859 232 552
leaf_count=320 230 220 859 232 552
internal_value=3.66418e-05 0.000656591 -0.000256119 -0.000433703 0.00015888
internal_weight=2413 772 1641 552 1411
internal_count=2413 772 1641 552 1411
is_linear=0
shrinkage=0.05


Tree=258
num_leaves=5
num_cat=0
split_feature=4 8 6 6
split_gain=0.176428 0.384218 0.945597 0.801548
threshold=0.07670456708649985 0.52772730251460442 5.2753045451194103 5.0934740509424214
decision_type=2 2 2 2
left_child=1 2 -1 -3
right_child=-2 3 -4 -5
leaf_value=-0.0022172788424988528 -0.0010976954519671077 0.0022509648689159551 0.0013816402390831712 -0.0002372999759706444
leaf_weight=432 295 511 309 866
leaf_count=432 295 511 309 866
internal_value=3.73801e-05 0.000197689 -0.000717313 0.00069089
internal_weight=2413 2118 741 1377
internal_count=2413 2118 741 1377
is_linear=0
shrinkage=0.05


Tree=259
num_leaves=4
num_cat=0
split_feature=5 4 4
split_gain=0.165183 0.538197 0.553671
threshold=-0.26499999999999985 0.088370652291207746 0.061821309927903148
decision_type=2 2 2
left_child=-1 2 -2
right_child=1 -3 -4
leaf_value=-0.0013091727772072564 0.00022286031391220292 0.0028906715322776651 -0.0024314402766123584
leaf_weight=204 1832 162 215
leaf_count=204 1832 162 215
internal_value=3.45751e-05 0.000161346 -6.11708e-05
internal_weight=2413 2209 2047
internal_count=2413 2209 2047
is_linear=0
shrinkage=0.05


Tree=260
num_leaves=5
num_cat=0
split_feature=4 2 11 4
split_gain=0.169677 0.375134 1.2634 1.00617
threshold=0.07670456708649985 0.070245106199827059 -0.82235098037885024 0.032015621187164243
decision_type=2 2 2 2
left_child=1 3 -3 -1
right_child=-2 2 -4 -5
leaf_value=0.00043267249557759642 -0.001079418353442937 -0.0028355616239859084 0.0020536930663363358 -0.0028192986799718536
leaf_weight=1018 295 162 633 305
leaf_count=1018 295 162 633 305
internal_value=3.37193e-05 0.000190937 0.0010459 -0.000324818
internal_weight=2413 2118 795 1323
internal_count=2413 2118 795 1323
is_linear=0
shrinkage=0.05


Tree=261
num_leaves=6
num_cat=0
split_feature=0 12 5 9 7
split_gain=0.173265 0.488922 1.11828 1.0985 0.244707
threshold=0.91000000000000014 0.84638686722834755 0.19 1.0000000180025095e-35 -0.07479655800749406
decision_type=2 2 2 2 2
left_child=1 2 -1 -3 -2
right_child=4 3 -4 -5 -6
leaf_value=6.5854351601696444e-05 -0.0019468876418371414 -0.0043278674552600614 0.0038360386066073671 0.0013593205010405847 0.00033425643776924165
leaf_weight=1395 235 165 224 166 228
leaf_count=1395 235 165 224 166 228
internal_value=3.22514e-05 0.000239056 0.00059769 -0.0014979 -0.00083199
internal_weight=2413 1950 1619 331 463
internal_count=2413 1950 1619 331 463
is_linear=0
shrinkage=0.05


Tree=262
num_leaves=6
num_cat=0
split_feature=3 2 0 1 5
split_gain=0.169585 1.03456 0.710483 0.631024 0.52723
threshold=-0.78707804856748409 0.092243920788360342 0.28000000000000008 -1.0185143478597747 1.0000000180025095e-35
decision_type=2 2 2 2 2
left_child=1 2 -1 -2 -5
right_child=3 -3 -4 4 -6
leaf_value=0.0010421755579165467 -0.0032262898033437095 0.0034317794854976554 -0.0025677558391449837 0.0014197372462436963 -0.00058381052183485444
leaf_weight=306 156 228 238 482 1003
leaf_count=306 156 228 238 482 1003
internal_value=3.44313e-05 0.000643187 -0.000546171 -0.000253039 6.90812e-05
internal_weight=2413 772 544 1641 1485
internal_count=2413 772 544 1641 1485
is_linear=0
shrinkage=0.05


Tree=263
num_leaves=4
num_cat=0
split_feature=5 4 9
split_gain=0.171069 0.494071 0.497397
threshold=-0.26499999999999985 0.091087104364037427 0.71032304015136882
decision_type=2 2 2
left_child=-1 2 -2
right_child=1 -3 -4
leaf_value=-0.0013350840110964539 0.00046788255664288346 0.002883726071506258 -0.0012190083532653188
leaf_weight=204 1437 150 622
leaf_count=204 1437 150 622
internal_value=3.23877e-05 0.000161403 -4.34262e-05
internal_weight=2413 2209 2059
internal_count=2413 2209 2059
is_linear=0
shrinkage=0.05


Tree=264
num_leaves=5
num_cat=0
split_feature=4 4 12 12
split_gain=0.180034 0.366925 1.05054 0.798008
threshold=0.07670456708649985 0.046029881598804938 -0.15740405015330725 0.91963761406741706
decision_type=2 2 2 2
left_child=1 3 -3 -1
right_child=-2 2 -4 -5
leaf_value=-0.00052311048441291605 -0.0011137048011490454 0.0042921236776908671 -0.00084976014587593001 0.0027246944204240143
leaf_weight=1516 295 182 209 211
leaf_count=1516 295 182 209 211
internal_value=3.28991e-05 0.000194848 0.00156762 -0.000119583
internal_weight=2413 2118 391 1727
internal_count=2413 2118 391 1727
is_linear=0
shrinkage=0.05


Tree=265
num_leaves=5
num_cat=0
split_feature=4 8 11 3
split_gain=0.166275 0.354156 0.933302 0.744219
threshold=0.07670456708649985 0.52772730251460442 0.84627065865205453 1.3477172530791972
decision_type=2 2 2 2
left_child=1 2 -1 -3
right_child=-2 3 -4 -5
leaf_value=0.00023920837109515141 -0.0010693422358017417 0.00020612154277671051 -0.0040483109849896058 0.0036225412265554514
leaf_weight=584 295 1198 157 179
leaf_count=584 295 1198 157 179
internal_value=3.25792e-05 0.000188214 -0.000690258 0.000661731
internal_weight=2413 2118 741 1377
internal_count=2413 2118 741 1377
is_linear=0
shrinkage=0.05


Tree=266
num_leaves=6
num_cat=0
split_feature=8 8 8 1 13
split_gain=0.169487 1.30922 1.01756 0.906995 0.82287
threshold=0.58377329502261455 0.55964803021972598 0.60131181000339373 1.4975069739200908 0.019686161267822445
decision_type=2 2 2 2 10
left_child=1 3 -2 -1 -4
right_child=2 -3 4 -5 -6
leaf_value=-0.00086719463195271537 -0.0041411748117637604 0.0039244821670594756 -0.001130738203087181 0.0032569968110821666 0.0018206725619454808
leaf_weight=949 153 216 522 150 423
leaf_count=949 153 216 522 150 423
internal_value=3.05561e-05 0.000412759 -0.000426978 -0.000292092 0.000192999
internal_weight=2413 1315 1098 1099 945
internal_count=2413 1315 1098 1099 945
is_linear=0
shrinkage=0.05


Tree=267
num_leaves=5
num_cat=0
split_feature=1 12 1 7
split_gain=0.172065 0.854289 0.635148 0.637227
threshold=1.3045116532900523 0.18970239214793053 1.0894086086323238 -0.80052797093955153
decision_type=2 2 2 2
left_child=2 -2 3 -1
right_child=1 -3 -4 -5
leaf_value=0.0021267564284154477 0.00099797078985145349 -0.0033719685608750317 0.0031004230445763493 -0.00045372553861077505
leaf_weight=279 262 188 171 1513
leaf_count=279 262 188 171 1513
internal_value=3.16734e-05 -0.000844685 0.000234206 -4.71656e-05
internal_weight=2413 450 1963 1792
internal_count=2413 450 1963 1792
is_linear=0
shrinkage=0.05


Tree=268
num_leaves=6
num_cat=0
split_feature=13 13 9 8 13
split_gain=0.180822 0.970173 0.797256 0.691604 0.458401
threshold=0.18000326412764397 0.08497924574128389 -1.1965437641460877 0.52660852094064226 0.0055830367052739039
decision_type=10 10 2 2 10
left_child=1 4 -2 -4 -1
right_child=2 -3 3 -5 -6
leaf_value=0.000179110914834117 -0.0033844190915563867 0.0030132646968527494 -0.0021546487567684382 0.0019569850661201589 -0.0021432288601884947
leaf_weight=1271 187 271 155 279 250
leaf_count=1271 187 271 155 279 250
internal_value=3.09821e-05 0.000285856 -0.000700908 0.000480729 -0.000208373
internal_weight=2413 1792 621 434 1521
internal_count=2413 1792 621 434 1521
is_linear=0
shrinkage=0.05


Tree=269
num_leaves=6
num_cat=0
split_feature=3 2 2 3 3
split_gain=0.171728 0.95582 0.696169 0.56871 0.443614
threshold=-0.78707804856748409 0.092243920788360342 0.066374329486787537 -0.3943914098672523 0.44339915473745045
decision_type=2 2 2 2 2
left_child=1 2 -1 -2 -5
right_child=3 -3 -4 4 -6
leaf_value=0.00062362426821772432 -0.0025367585245638768 0.0033228258466326318 -0.0033033778095217072 0.0014448095128756417 -0.00046964608315862077
leaf_weight=391 230 228 153 432 979
leaf_count=391 230 228 153 432 979
internal_value=2.99221e-05 0.000642522 -0.000500872 -0.000259349 0.000119527
internal_weight=2413 772 544 1641 1411
internal_count=2413 772 544 1641 1411
is_linear=0
shrinkage=0.05


Tree=270
num_leaves=5
num_cat=0
split_feature=13 6 8 8
split_gain=0.168358 0.312303 0.612212 0.31519
threshold=0.38486325820360695 5.6907139043078603 0.68494414006016935 0.54188858873740398
decision_type=8 2 2 2
left_child=1 2 -1 -3
right_child=-2 3 -4 -5
leaf_value=0.00013470776363507666 -0.0013837302895142822 0.0008493101030055966 0.0030736524358609533 -0.0017418099235815964
leaf_weight=1501 189 170 196 357
leaf_count=1501 189 170 196 357
internal_value=2.90837e-05 0.000151982 0.000482182 -0.000905838
internal_weight=2413 2224 1697 527
internal_count=2413 2224 1697 527
is_linear=0
shrinkage=0.05


Tree=271
num_leaves=4
num_cat=0
split_feature=5 4 4
split_gain=0.173482 0.485171 0.498322
threshold=-0.26499999999999985 0.088370652291207746 0.061821309927903148
decision_type=2 2 2
left_child=-1 2 -2
right_child=1 -3 -4
leaf_value=-0.001347519317976061 0.00021764240002182029 0.0027508657672414612 -0.0023004896426044234
leaf_weight=204 1832 162 215
leaf_count=204 1832 162 215
internal_value=2.95552e-05 0.000159483 -5.18025e-05
internal_weight=2413 2209 2047
internal_count=2413 2209 2047
is_linear=0
shrinkage=0.05


Tree=272
num_leaves=6
num_cat=0
split_feature=8 8 8 1 13
split_gain=0.163878 1.20084 0.917365 0.861981 0.735028
threshold=0.58377329502261455 0.55964803021972598 0.60131181000339373 1.4975069739200908 0.019686161267822445
decision_type=2 2 2 2 10
left_child=1 3 -2 -1 -4
right_child=2 -3 4 -5 -6
leaf_value=-0.00083098684025184806 -0.0039474963878806026 0.0037680324564063165 -0.0010831755863849328 0.003189524718665428 0.0017062388629523768
leaf_weight=949 153 216 522 150 423
leaf_count=949 153 216 522 150 423
internal_value=2.89836e-05 0.000404811 -0.000420914 -0.000270276 0.000167828
internal_weight=2413 1315 1098 1099 945
internal_count=2413 1315 1098 1099 945
is_linear=0
shrinkage=0.05


Tree=273
num_leaves=6
num_cat=0
split_feature=13 13 9 8 6
split_gain=0.174002 0.868585 0.727986 0.612724 0.464726
threshold=0.18000326412764397 0.08497924574128389 -1.1965437641460877 0.52660852094064226 4.3447789211677055
decision_type=10 10 2 2 2
left_child=1 4 -2 -4 -1
right_child=2 -3 3 -5 -6
leaf_value=-0.0024671690069282288 -0.0032519767975675985 0.0028608803493282895 -0.0020388145126526073 0.001831189849808268 0.0001460036635789893
leaf_weight=190 187 271 155 279 1331
leaf_count=190 187 271 155 279 1331
internal_value=3.02043e-05 0.000280226 -0.000687751 0.000441566 -0.000187442
internal_weight=2413 1792 621 434 1521
internal_count=2413 1792 621 434 1521
is_linear=0
shrinkage=0.05


Tree=274
num_leaves=7
num_cat=0
split_feature=0 0 1 3 6 5
split_gain=0.17467 0.453099 0.809598 0.576983 0.24272 0.145429
threshold=0.91000000000000014 0.67000000000000015 0.42675386035653567 -0.44721359549995776 5.2753045451194103 0.080000000000000057
decision_type=2 2 2 2 2 2
left_child=1 3 -3 -1 -2 -6
right_child=4 2 -4 -5 5 -7
leaf_value=-0.0010890041934087033 -0.0024336775285530767 0.0043324803131614123 3.3977603653188603e-05 0.00088850457922050113 -0.0010645689503357195 0.0010679273156221406
leaf_weight=810 153 166 305 669 159 151
leaf_count=810 153 166 305 669 159 151
internal_value=2.90269e-05 0.000236676 0.00157854 -0.000194533 -0.000838704 -2.53735e-05
internal_weight=2413 1950 471 1479 463 310
internal_count=2413 1950 471 1479 463 310
is_linear=0
shrinkage=0.05


Tree=275
num_leaves=6
num_cat=0
split_feature=1 12 1 1 0
split_gain=0.169673 0.784781 0.598794 1.43703 1.00829
threshold=1.3045116532900523 0.18970239214793053 0.78532263671143432 0.44158881833342051 0.84000000000000008
decision_type=2 2 2 2 2
left_child=2 -2 3 -1 -4
right_child=1 -3 4 -5 -6
leaf_value=0.00032820276738464724 0.0009286849643321785 -0.0032599522470112968 0.0050515260411215564 -0.0044765292904984178 -8.9102307942488961e-05
leaf_weight=1401 262 188 154 170 238
leaf_count=1401 262 188 154 170 238
internal_value=3.24191e-05 -0.000837828 0.000233537 -0.000204276 0.00196862
internal_weight=2413 450 1963 1571 392
internal_count=2413 450 1963 1571 392
is_linear=0
shrinkage=0.05


Tree=276
num_leaves=6
num_cat=0
split_feature=3 4 4 8 0
split_gain=0.176286 0.82181 0.511654 0.556083 0.506917
threshold=-0.81706007089980603 0.05165994579942957 0.075166297933298418 0.53921030814865134 0.28000000000000008
decision_type=2 2 2 2 2
left_child=1 4 3 -2 -1
right_child=2 -3 -4 -5 -6
leaf_value=0.00084388354271445077 -0.0011507019292396491 0.0032398381852809426 -0.0027101726464411999 0.00082848529736542049 -0.0022878130928486447
leaf_weight=324 576 215 183 907 208
leaf_count=324 576 215 183 907 208
internal_value=3.33359e-05 0.000669013 -0.000252838 5.84817e-05 -0.00039044
internal_weight=2413 747 1666 1483 532
internal_count=2413 747 1666 1483 532
is_linear=0
shrinkage=0.05


Tree=277
num_leaves=6
num_cat=0
split_feature=8 8 1 8 11
split_gain=0.179378 0.895502 0.833682 0.723471 1.26135
threshold=0.58893560798128564 0.55964803021972598 1.4975069739200908 0.60583783192463725 0.68745728595384525
decision_type=2 2 2 2 2
left_child=1 2 -1 -2 -5
right_child=3 -3 -4 4 -6
leaf_value=-0.00077232757482098796 -0.0035796123018556076 0.0030116442502737773 0.0031815313362336208 -0.00097905284693051661 0.0033358823638360868
leaf_weight=949 153 261 150 680 220
leaf_count=949 153 261 150 680 220
internal_value=2.96848e-05 0.000408377 -0.000220709 -0.000459033 8.8312e-05
internal_weight=2413 1360 1099 1053 900
internal_count=2413 1360 1099 1053 900
is_linear=0
shrinkage=0.05


Tree=278
num_leaves=4
num_cat=0
split_feature=5 4 4
split_gain=0.169076 0.461039 0.563883
threshold=-0.26499999999999985 0.084815849224606332 0.061821309927903148
decision_type=2 2 2
left_child=-1 2 -2
right_child=1 -3 -4
leaf_value=-0.0013288997960779327 0.00021573668980167925 0.0025413322023376422 -0.0025737016531327491
leaf_weight=204 1832 181 196
leaf_count=204 1832 181 196
internal_value=3.05798e-05 0.000158845 -5.95208e-05
internal_weight=2413 2209 2028
internal_count=2413 2209 2028
is_linear=0
shrinkage=0.05


Tree=279
num_leaves=6
num_cat=0
split_feature=3 4 4 11 0
split_gain=0.17078 0.763646 0.490786 0.528577 0.465139
threshold=-0.81706007089980603 0.05165994579942957 0.075166297933298418 0.081793552515536036 0.28000000000000008
decision_type=2 2 2 2 2
left_child=1 4 3 -2 -1
right_child=2 -3 -4 -5 -6
leaf_value=0.00081657547147475371 0.0010084678683007062 0.0031338194635993038 -0.0026583787700300045 -0.00087335280636568135 -0.0021832579071305587
leaf_weight=324 730 215 183 753 208
leaf_count=324 730 215 183 753 208
internal_value=2.99863e-05 0.000655664 -0.000251677 5.32409e-05 -0.000365699
internal_weight=2413 747 1666 1483 532
internal_count=2413 747 1666 1483 532
is_linear=0
shrinkage=0.05


Tree=280
num_leaves=6
num_cat=0
split_feature=2 2 0 11 11
split_gain=0.167726 0.559835 0.737706 0.377114 0.357949
threshold=0.036685557217403776 0.049821728062563818 0.13000000000000003 -0.059814524053517802 0.6795480119607652
decision_type=2 2 2 2 2
left_child=3 -2 -3 -1 -5
right_child=1 2 -4 4 -6
leaf_value=0.0020222946491020802 -0.0023393929169045879 -0.0023244082496528184 0.00064845367597099576 -0.0019873054621041383 0.0010601960421839517
leaf_weight=294 262 246 1233 174 204
leaf_count=294 262 246 1233 174 204
internal_value=2.69895e-05 -0.000232107 0.000147816 0.000695006 -0.000350252
internal_weight=2413 1741 1479 672 378
internal_count=2413 1741 1479 672 378
is_linear=0
shrinkage=0.05


Tree=281
num_leaves=7
num_cat=0
split_feature=6 12 6 12 13 6
split_gain=0.166018 2.00799 1.29578 0.785602 1.12676 1.02719
threshold=4.6517668154327616 0.57800599245159778 4.3609301498315478 0.36768501217957911 -0.11580648217826023 5.2651741359337896
decision_type=2 2 2 2 8 2
left_child=1 2 -1 5 -5 -2
right_child=3 -3 -4 4 -6 -7
leaf_value=0.00019359665301104808 -0.0029036231902515685 -0.0037962349876378035 0.0060337422885041797 0.0037569015153836914 -0.00039577453516618079 0.00014969282633074573
leaf_weight=216 433 162 165 253 443 741
leaf_count=216 433 162 165 253 443 741
internal_value=2.74637e-05 0.000792974 0.00276819 -0.000196343 0.00112978 -0.000983983
internal_weight=2413 543 381 1870 696 1174
internal_count=2413 543 381 1870 696 1174
is_linear=0
shrinkage=0.05


Tree=282
num_leaves=6
num_cat=0
split_feature=3 3 2 7 11
split_gain=0.165124 0.637916 1.18473 0.554425 0.489362
threshold=0.44339915473745045 0.80809123498395563 0.088852150567306151 -0.80967775526649721 1.0000000180025095e-35
decision_type=2 2 2 2 2
left_child=3 -2 -3 -1 -5
right_child=1 2 -4 4 -6
leaf_value=0.0026621395614898832 -0.0027623670410007596 0.0016777712818932947 -0.0024583662098581743 -0.0011003554872697407 0.00090009694462231729
leaf_weight=218 227 491 261 577 639
leaf_count=218 227 491 261 577 639
internal_value=2.90706e-05 -0.000470142 0.000235468 0.000370335 -4.97498e-05
internal_weight=2413 979 752 1434 1216
internal_count=2413 979 752 1434 1216
is_linear=0
shrinkage=0.05


Tree=283
num_leaves=4
num_cat=0
split_feature=12 6 6
split_gain=0.165601 0.38215 0.676138
threshold=-0.97972850275302703 4.2625390121298343 4.5758958313557603
decision_type=2 2 2
left_child=-1 -2 -3
right_child=1 2 -4
leaf_value=0.0015986980269844704 -0.0019671582464676858 0.0028220918467345593 -0.0001675337107209425
leaf_weight=152 235 206 1820
leaf_count=152 235 206 1820
internal_value=2.83664e-05 -8.04967e-05 0.000142645
internal_weight=2413 2261 2026
internal_count=2413 2261 2026
is_linear=0
shrinkage=0.05


Tree=284
num_leaves=4
num_cat=0
split_feature=6 12 1
split_gain=0.179957 0.423812 0.748378
threshold=4.1281816745603477 0.91963761406741706 1.6918398509280037
decision_type=2 2 2
left_child=-1 2 -2
right_child=1 -3 -4
leaf_value=0.0015180083615506158 -0.00066335970985070087 0.0017122463237715544 0.0027544373252484633
leaf_weight=182 1782 278 171
leaf_count=182 1782 278 171
internal_value=2.80357e-05 -9.66356e-05 -0.000357836
internal_weight=2413 2231 1953
internal_count=2413 2231 1953
is_linear=0
shrinkage=0.05


Tree=285
num_leaves=6
num_cat=0
split_feature=1 12 1 1 0
split_gain=0.175788 0.721198 0.563591 1.29137 0.949411
threshold=1.3045116532900523 0.18970239214793053 0.78532263671143432 0.44158881833342051 0.84000000000000008
decision_type=2 2 2 2 2
left_child=2 -2 3 -1 -4
right_child=1 -3 4 -5 -6
leaf_value=0.00031324073336601809 0.00083698155436915962 -0.0031788833097644016 0.0049080801749186095 -0.0042414738914646607 -8.0321796972365915e-05
leaf_weight=1401 262 188 154 170 238
leaf_count=1401 262 188 154 170 238
internal_value=2.85255e-05 -0.000857254 0.000233244 -0.000191524 0.00191654
internal_weight=2413 450 1963 1571 392
internal_count=2413 450 1963 1571 392
is_linear=0
shrinkage=0.05


Tree=286
num_leaves=4
num_cat=0
split_feature=6 12 1
split_gain=0.164699 0.396365 0.698103
threshold=4.1281816745603477 0.91963761406741706 1.6918398509280037
decision_type=2 2 2
left_child=-1 2 -2
right_child=1 -3 -4
leaf_value=0.0014548032647583953 -0.00063757158252399516 0.0016594435096152337 0.0026634183069538932
leaf_weight=182 1782 278 171
leaf_count=182 1782 278 171
internal_value=2.94011e-05 -8.98731e-05 -0.000342482
internal_weight=2413 2231 1953
internal_count=2413 2231 1953
is_linear=0
shrinkage=0.05


Tree=287
num_leaves=5
num_cat=0
split_feature=1 12 1 7
split_gain=0.179548 0.667825 0.543532 0.594448
threshold=1.3045116532900523 0.18970239214793053 1.0894086086323238 -0.80052797093955153
decision_type=2 2 2 2
left_child=2 -2 3 -1
right_child=1 -3 -4 -5
leaf_value=0.0020759363871061206 0.00076550647005096972 -0.0030992962307793723 0.0028881115310034813 -0.00041641702334449857
leaf_weight=279 262 188 171 1513
leaf_count=279 262 188 171 1513
internal_value=2.97678e-05 -0.000865437 0.000236663 -2.36812e-05
internal_weight=2413 450 1963 1792
internal_count=2413 450 1963 1792
is_linear=0
shrinkage=0.05


Tree=288
num_leaves=7
num_cat=0
split_feature=3 3 2 1 2 6
split_gain=0.165945 0.568594 1.09073 0.523954 1.46306 0.485389
threshold=0.44339915473745045 0.80809123498395563 0.088852150567306151 -0.82784227990659587 0.08776348714069647 5.2110695607760862
decision_type=2 2 2 2 2 2
left_child=3 -2 -3 5 -5 -1
right_child=1 2 -4 4 -6 -7
leaf_value=-0.0019111237608551081 -0.0026354098748925026 0.0015790712993423901 -0.002389549845006821 0.00010719255196451678 0.0056341232621493062 0.00060474407416376719
leaf_weight=341 227 491 261 516 151 426
leaf_count=341 227 491 261 516 151 426
internal_value=2.90945e-05 -0.000471358 0.000194979 0.000371207 0.00139103 -0.000518917
internal_weight=2413 979 752 1434 667 767
internal_count=2413 979 752 1434 667 767
is_linear=0
shrinkage=0.05


Tree=289
num_leaves=5
num_cat=0
split_feature=3 11 7 6
split_gain=0.16809 1.25213 0.516623 0.453354
threshold=-1.1832159566199207 1.0000000180025095e-35 -0.89762920115994249 4.6517668154327616
decision_type=2 2 2 2
left_child=1 -1 -2 -4
right_child=2 -3 3 -5
leaf_value=-0.0017047233502705433 0.0025691468640798125 0.0038028548423659487 0.0010041163126434103 -0.00082702796060223419
leaf_weight=210 155 194 439 1415
leaf_count=210 155 194 439 1415
internal_value=3.00927e-05 0.000954163 -0.000157641 -0.000391905
internal_weight=2413 404 2009 1854
internal_count=2413 404 2009 1854
is_linear=0
shrinkage=0.05


Tree=290
num_leaves=6
num_cat=0
split_feature=8 8 8 1 5
split_gain=0.162258 0.99739 0.78625 0.743663 0.655031
threshold=0.58377329502261455 0.55964803021972598 0.60131181000339373 1.4975069739200908 0.17000000000000001
decision_type=2 2 2 2 2
left_child=1 3 -2 -1 -4
right_child=2 -3 4 -5 -6
leaf_value=-0.00073158658683963613 -0.0036816623608605299 0.0034698407536812924 -0.00050126475078511633 0.0030027174393856722 0.0028542276146819416
leaf_weight=949 153 216 771 150 174
leaf_count=949 153 216 771 150 174
internal_value=3.08292e-05 0.00040479 -0.000416843 -0.000210609 0.000128342
internal_weight=2413 1315 1098 1099 945
internal_count=2413 1315 1098 1099 945
is_linear=0
shrinkage=0.05


Tree=291
num_leaves=5
num_cat=0
split_feature=1 12 1 7
split_gain=0.181351 0.614263 0.491658 0.517383
threshold=1.3045116532900523 0.18970239214793053 1.0894086086323238 -0.80052797093955153
decision_type=2 2 2 2
left_child=2 -2 3 -1
right_child=1 -3 -4 -5
leaf_value=0.0019516096061893288 0.00069761916930518686 -0.0030093320019584191 0.0027622557065409515 -0.00037358096317087475
leaf_weight=279 262 188 171 1513
leaf_count=279 262 188 171 1513
internal_value=3.25813e-05 -0.000867114 0.000240507 -7.14456e-06
internal_weight=2413 450 1963 1792
internal_count=2413 450 1963 1792
is_linear=0
shrinkage=0.05


Tree=292
num_leaves=6
num_cat=0
split_feature=13 13 9 7 13
split_gain=0.180077 0.815803 0.732721 0.541963 0.441417
threshold=0.18000326412764397 0.08497924574128389 -1.1965437641460877 -0.30457139558974361 0.0055830367052739039
decision_type=10 10 2 2 10
left_child=1 4 -2 -4 -1
right_child=2 -3 3 -5 -6
leaf_value=0.00021289072089550193 -0.0032711868869228057 0.0027870655677743605 0.001792882203477822 -0.0018103021312656762 -0.0020659512031952366
leaf_weight=1271 187 271 271 163 250
leaf_count=1271 187 271 271 163 250
internal_value=3.17196e-05 0.000286066 -0.000698663 0.000434407 -0.000167214
internal_weight=2413 1792 621 434 1521
internal_count=2413 1792 621 434 1521
is_linear=0
shrinkage=0.05


Tree=293
num_leaves=6
num_cat=0
split_feature=3 2 8 1 5
split_gain=0.164939 0.826141 0.693757 0.493061 0.555023
threshold=-0.78707804856748409 0.092243920788360342 0.57409350875715626 -1.0185143478597747 1.0000000180025095e-35
decision_type=2 2 2 2 2
left_child=1 2 -1 -2 -5
right_child=3 -3 -4 4 -6
leaf_value=0.0013478702956226829 -0.0028810543558996002 0.0031227627805710968 -0.0021918384555208821 0.0014178875031003978 -0.00063777577148819498
leaf_weight=271 156 228 273 482 1003
leaf_count=271 156 228 273 482 1003
internal_value=3.06321e-05 0.000630997 -0.000432275 -0.000252865 3.19686e-05
internal_weight=2413 772 544 1641 1485
internal_count=2413 772 544 1641 1485
is_linear=0
shrinkage=0.05


Tree=294
num_leaves=6
num_cat=0
split_feature=13 13 2 2 6
split_gain=0.166659 0.746061 0.679738 0.824686 0.435202
threshold=0.18000326412764397 0.08497924574128389 0.071629714287562499 0.040276819911981926 4.3447789211677055
decision_type=10 10 2 2 2
left_child=1 4 3 -2 -1
right_child=2 -3 -4 -5 -6
leaf_value=-0.0023646015208214524 4.876764141954482e-05 0.0026667414485163519 0.001353569328205185 -0.0046462915460466891 0.00016415841590980543
leaf_weight=190 214 271 246 161 1331
leaf_count=190 214 271 246 161 1331
internal_value=3.03476e-05 0.000275036 -0.000672298 -0.00200159 -0.000158441
internal_weight=2413 1792 621 375 1521
internal_count=2413 1792 621 375 1521
is_linear=0
shrinkage=0.05


Tree=295
num_leaves=4
num_cat=0
split_feature=5 5 3
split_gain=0.163648 0.43382 0.601287
threshold=-0.26499999999999985 -0.1999999999999999 -1.1832159566199207
decision_type=2 2 2
left_child=-1 -2 -3
right_child=1 2 -4
leaf_value=-0.0013074159925484932 0.0026896576091623419 0.0020408383232694521 -0.00038694528525994981
leaf_weight=204 152 293 1764
leaf_count=204 152 293 1764
internal_value=3.0062e-05 0.000156251 -3.70206e-05
internal_weight=2413 2209 2057
internal_count=2413 2209 2057
is_linear=0
shrinkage=0.05


Tree=296
num_leaves=4
num_cat=0
split_feature=4 12 4
split_gain=0.160817 0.322128 0.82915
threshold=0.07670456708649985 0.91963761406741706 0.051204238777972408
decision_type=2 2 2
left_child=1 2 -1
right_child=-2 -3 -4
leaf_value=-0.00048885708631553196 -0.0010541280414133021 0.0018240946381799844 0.0024660992301649195
leaf_weight=1587 295 257 274
leaf_count=1587 295 257 274
internal_value=2.95515e-05 0.000182616 -4.83488e-05
internal_weight=2413 2118 1861
internal_count=2413 2118 1861
is_linear=0
shrinkage=0.05


Tree=297
num_leaves=6
num_cat=0
split_feature=2 2 0 11 11
split_gain=0.157466 0.496376 0.676253 0.371385 0.324037
threshold=0.036685557217403776 0.049821728062563818 0.13000000000000003 -0.059814524053517802 0.6795480119607652
decision_type=2 2 2 2 2
left_child=3 -2 -3 -1 -5
right_child=1 2 -4 4 -6
leaf_value=0.0019933653272106119 -0.0022064035938858021 -0.0022313807519923606 0.00061495869287832457 -0.0019182866359390997 0.00098143082573057152
leaf_weight=294 262 246 1233 174 204
leaf_count=294 262 246 1233 174 204
internal_value=2.89059e-05 -0.000222146 0.000135608 0.000676162 -0.000360977
internal_weight=2413 1741 1479 672 378
internal_count=2413 1741 1479 672 378
is_linear=0
shrinkage=0.05


Tree=298
num_leaves=4
num_cat=0
split_feature=12 6 9
split_gain=0.158362 0.373906 0.607788
threshold=-0.97972850275302703 4.2625390121298343 -1.1965437641460877
decision_type=2 2 2
left_child=-1 -2 -3
right_child=1 2 -4
leaf_value=0.0015649095896904351 -0.0019433764641144083 -0.0019555570226324473 0.00049880936393769846
leaf_weight=152 235 290 1736
leaf_count=152 235 290 1736
internal_value=2.92879e-05 -7.71724e-05 0.000143544
internal_weight=2413 2261 2026
internal_count=2413 2261 2026
is_linear=0
shrinkage=0.05


Tree=299
num_leaves=4
num_cat=0
split_feature=6 12 5
split_gain=0.170096 0.373168 0.433793
threshold=4.1281816745603477 0.91963761406741706 -0.060000000000000019
decision_type=2 2 2
left_child=-1 2 -2
right_child=1 -3 -4
leaf_value=0.0014765172925986908 -0.0014052021423519652 0.0016041087542667529 0.00018020495898012372
leaf_weight=182 636 278 1317
leaf_count=182 636 278 1317
internal_value=2.79437e-05 -9.32651e-05 -0.000338357
internal_weight=2413 2231 1953
internal_count=2413 2231 1953
is_linear=0
shrinkage=0.05


end of trees

feature_importances:
Column_0=215
Column_6=158
Column_2=140
Column_4=117
Column_3=111
Column_7=98
Column_13=95
Column_9=90
Column_8=89
Column_5=74
Column_1=70
Column_11=61
Column_12=56

parameters:
[boosting: gbdt]
[objective: huber]
[metric: huber]
[tree_learner: serial]
[device_type: cpu]
[data_sample_strategy: bagging]
[data: ]
[valid: ]
[num_iterations: 300]
[learning_rate: 0.05]
[num_leaves: 7]
[num_threads: 0]
[seed: 0]
[deterministic: 0]
[force_col_wise: 0]
[force_row_wise: 0]
[histogram_pool_size: -1]
[max_depth: 3]
[min_data_in_leaf: 150]
[min_sum_hessian_in_leaf: 0.001]
[bagging_fraction: 0.9]
[pos_bagging_fraction: 1]
[neg_bagging_fraction: 1]
[bagging_freq: 0]
[bagging_seed: 7719]
[bagging_by_query: 0]
[feature_fraction: 0.9]
[feature_fraction_bynode: 1]
[feature_fraction_seed: 2437]
[extra_trees: 0]
[extra_seed: 11797]
[early_stopping_round: 0]
[early_stopping_min_delta: 0]
[first_metric_only: 0]
[max_delta_step: 0]
[lambda_l1: 0]
[lambda_l2: 5]
[linear_lambda: 0]
[min_gain_to_split: 0]
[drop_rate: 0.1]
[max_drop: 50]
[skip_drop: 0.5]
[xgboost_dart_mode: 0]
[uniform_drop: 0]
[drop_seed: 21238]
[top_rate: 0.2]
[other_rate: 0.1]
[min_data_per_group: 100]
[max_cat_threshold: 32]
[cat_l2: 10]
[cat_smooth: 10]
[max_cat_to_onehot: 4]
[top_k: 20]
[monotone_constraints: ]
[monotone_constraints_method: basic]
[monotone_penalty: 0]
[feature_contri: ]
[forcedsplits_filename: ]
[refit_decay_rate: 0.9]
[cegb_tradeoff: 1]
[cegb_penalty_split: 0]
[cegb_penalty_feature_lazy: ]
[cegb_penalty_feature_coupled: ]
[path_smooth: 0]
[interaction_constraints: ]
[verbosity: -1]
[saved_feature_importance_type: 0]
[use_quantized_grad: 0]
[num_grad_quant_bins: 4]
[quant_train_renew_leaf: 0]
[stochastic_rounding: 1]
[linear_tree: 0]
[max_bin: 255]
[max_bin_by_feature: ]
[min_data_in_bin: 3]
[bin_construct_sample_cnt: 200000]
[data_random_seed: 38]
[is_enable_sparse: 1]
[enable_bundle: 1]
[use_missing: 1]
[zero_as_missing: 0]
[feature_pre_filter: 1]
[pre_partition: 0]
[two_round: 0]
[header: 0]
[label_column: ]
[weight_column: ]
[group_column: ]
[ignore_column: ]
[categorical_feature: ]
[forcedbins_filename: ]
[precise_float_parser: 0]
[parser_config_file: ]
[objective_seed: 8855]
[num_class: 1]
[is_unbalance: 0]
[scale_pos_weight: 1]
[sigmoid: 1]
[boost_from_average: 1]
[reg_sqrt: 0]
[alpha: 1]
[fair_c: 1]
[poisson_max_delta_step: 0.7]
[tweedie_variance_power: 1.5]
[lambdarank_truncation_level: 30]
[lambdarank_norm: 1]
[label_gain: ]
[lambdarank_position_bias_regularization: 0]
[eval_at: ]
[multi_error_top_k: 1]
[auc_mu_weights: ]
[num_machines: 1]
[local_listen_port: 12400]
[time_out: 120]
[machine_list_filename: ]
[machines: ]
[gpu_platform_id: -1]
[gpu_device_id: -1]
[gpu_use_dp: 0]
[num_gpu: 1]

end of parameters

pandas_categorical:null
