tree
version=v4
num_class=1
num_tree_per_iteration=1
label_index=0
max_feature_idx=12
objective=binary sigmoid:1
feature_names=p_yes_mid yes_mid_z_60 yes_mid_vol_60 yes_mid_z_20 yes_mid_vol_20 mid_change_60 book_qty_log OBI OBI_vol_60 OBI_z_60 spread_yes tod_sin tod_cos
feature_infos=[0.014999999999999999:0.98499999999999999] [-3.1378382962510645:3.157430933968004] [0:0.24821410728553595] [-1.7320508075688898:1.7320508075688898] [0:0.17826858248160277] [-0.85000000000000009:0.63] [2.4647039424704809:8.7643922743790643] [-0.99853222348764381:0.99985842336633868] [0:0.86523591033216074] [-2.8339639794320037:2.7213008276375952] [0.0099999999999998979:0.12999999999999995] [-0.99996380310153576:0.99996380310153576] [-0.99996380310153576:0.99996380310153576]
tree_sizes=876 883 886 881 881 882 887 882 880 885 886 881 884 883 879 884 884 887 882 883 885 880 888 882 885 881 885 888 887 884 889 891 883 882 883 893 890 881 889 891 892 885 884 890 883 890 888 887 891 884 895 888 881 887 882 884 898 889 886 890 885 882 888 785 893 784 784 784 893 887 893 890 891 885 891 787 872 785 784 890 895 684 895 887 781 683 891 883 683 888 891 684 898 889 886 681 890 891 683 890 888 679 891 787 888 682 896 895 894 891 682 893 894 886 898 681 890 885 787 893 896 684 891 897 883 889 892 677 786 685 885 790 898 886 784 890 684 885 680 890 886 793 894 788 682 886 889 687 687 889 885 787 887 689 790 791 895 889 891 891 889 890 790 900 884 885 790 895 886 896 688 684 885 892 668 788 576 898 788 888 792 890 688 890 887 891 883 890 894 892 789 794 891 888 690 895 893 890 893 794 895 895 794 889 890 795 579 896 899 791 893 892 896 788 677 793 898 888 686 891 888 796 890 682 885 895 891 885 890 893 686 789 894 892 889 893 890 685 884 793 894 887 791 679 790 687 894 680 890 897 684 888 579 789 898 894 790 890 892 880 580 895 889 689 895 900 686 890 689 789 899 571 884 892 791 892 889 894 890 894 786 892 889 887 886 892 892 686 892 893 682 895 889 686 887 884 892 686 889 899

Tree=0
num_leaves=7
num_cat=0
split_feature=0 0 0 1 2 1
split_gain=392.997 56.6931 23.3155 8.50134 8.23814 6.61437
threshold=0.56750000000000012 0.24000000000000002 0.69000000000000006 1.6398856821121541 0.073323857519935684 2.0898143522071186
decision_type=2 2 2 2 2 2
left_child=1 -1 3 -2 -3 -4
right_child=2 4 5 -5 -6 -7
leaf_value=-0.095174317770510553 0.013312817681605641 -0.051143015067322772 0.048089538106641239 -0.030286905377921405 -0.027319768803867078 -0.016691342602526346
leaf_weight=79.49016273021698 49.993813037872314 133.48348081111908 116.98552250862122 11.998515129089354 52.49350368976593 4.9993813037872306
leaf_count=318 200 534 468 48 210 20
internal_value=-0.0222479 -0.060902 0.0330745 0.00490399 -0.0447276 0.0457579
internal_weight=449.444 265.467 183.977 61.9923 185.977 121.985
internal_count=1798 1062 736 248 744 488
is_linear=0
shrinkage=1


Tree=1
num_leaves=7
num_cat=0
split_feature=0 0 0 1 2 1
split_gain=356.751 51.7527 21.1103 7.78229 7.46147 5.94132
threshold=0.56750000000000012 0.24000000000000002 0.69000000000000006 1.6398856821121541 0.073323857519935684 2.0898143522071186
decision_type=2 2 2 2 2 2
left_child=1 -1 3 -2 -3 -4
right_child=2 4 5 -5 -6 -7
leaf_value=-0.069638881529704308 0.033941703855230834 -0.027516936899720831 0.066993935669753257 -0.0077559150108890071 -0.0048406520513330706 0.0054174628137518901
leaf_weight=79.320242375135422 49.997785687446594 133.41274112462997 116.93238258361816 11.997248411178587 52.490205466747284 4.9996519088745108
leaf_count=318 200 534 468 48 210 20
internal_value=-2.55386e-06 -0.0368545 0.0527071 0.0258958 -0.0214087 0.0647819
internal_weight=449.15 265.223 183.927 61.995 185.903 121.932
internal_count=1798 1062 736 248 744 488
is_linear=0
shrinkage=0.05


Tree=2
num_leaves=7
num_cat=0
split_feature=5 1 7 8 5 4
split_gain=132.664 19.0266 11.2842 9.46346 9.12607 8.67658
threshold=0.019999999999999938 -0.4222656753121537 -0.77495424644507793 0.71007511184504446 0.12500000000000006 0.059476793437127265
decision_type=2 2 2 2 2 2
left_child=1 3 4 -1 -2 -4
right_child=2 -3 5 -5 -6 -7
leaf_value=-0.03858951690623709 -0.022171351551944676 -0.0037246707473065424 0.037494173434038901 -0.0015445660599675995 0.025723549228615153 0.0032193142736794641
leaf_weight=145.73600240051746 16.221580311656002 74.345959186553955 156.38345190882683 19.948371142148972 13.719623014330862 21.968769207596779
leaf_count=585 65 298 627 80 55 88
internal_value=-4.67081e-06 -0.0251026 0.0288278 -0.0343052 0.000315502 0.0334752
internal_weight=448.324 240.03 208.293 165.684 29.9412 178.352
internal_count=1798 963 835 665 120 715
is_linear=0
shrinkage=0.05


Tree=3
num_leaves=7
num_cat=0
split_feature=0 0 0 2 4 1
split_gain=312.213 45.7545 18.7119 7.16062 6.92621 5.48167
threshold=0.56750000000000012 0.24000000000000002 0.66000000000000014 0.073323857519935684 0.058922612779853362 1.700104124853514
decision_type=2 2 2 2 2 2
left_child=1 -1 5 -3 -4 -2
right_child=2 3 4 -5 -6 -7
leaf_value=-0.065481297373701994 0.026341982063877507 -0.026009139874382099 0.06249213735957198 -0.0038915714039154726 0.017706038009467347 -0.013137181353109068
leaf_weight=78.754530757665634 38.462907671928406 133.2408951073885 122.68638567626476 52.460123419761658 14.464789718389509 7.7485664039850226
leaf_count=318 154 534 493 210 58 31
internal_value=-4.49169e-06 -0.034527 0.0493806 -0.0200268 0.0585577 0.0190859
internal_weight=447.818 264.456 183.363 185.701 137.151 46.2115
internal_count=1798 1062 736 744 551 185
is_linear=0
shrinkage=0.05


Tree=4
num_leaves=7
num_cat=0
split_feature=0 0 0 0 7 4
split_gain=284.248 42.5743 17.4895 8.34833 8.06883 4.752
threshold=0.56750000000000012 0.31750000000000006 0.69000000000000006 0.20000000000000004 -0.60849308254496759 0.058922612779853362
decision_type=2 2 2 2 2 2
left_child=1 3 -2 -1 -3 -4
right_child=2 4 5 -5 -6 -7
leaf_value=-0.068436416123783414 0.022897621693529033 -0.031498588973358367 0.061592439825015638 -0.036300746776574438 -0.0052223673708878624 0.017319682552867029
leaf_weight=59.469816148281097 61.879609689116478 37.648261249065399 109.3690741956234 65.322731003165245 101.26553925871849 11.45541103184223
leaf_count=242 248 151 442 263 406 46
internal_value=-5.56419e-06 -0.0329846 0.0472055 -0.0536614 -0.0131907 0.05825
internal_weight=446.41 263.706 182.704 124.793 138.914 120.824
internal_count=1798 1062 736 505 557 488
is_linear=0
shrinkage=0.05


Tree=5
num_leaves=7
num_cat=0
split_feature=0 0 0 1 2 1
split_gain=259.443 39.2241 16.1524 6.89977 6.59053 5.21843
threshold=0.56750000000000012 0.24000000000000002 0.69000000000000006 1.6398856821121541 0.073323857519935684 2.0898143522071186
decision_type=2 2 2 2 2 2
left_child=1 -1 3 -2 -3 -4
right_child=2 4 5 -5 -6 -7
leaf_value=-0.060503252444455383 0.02950340466795557 -0.023950670245712326 0.057939871760586403 -0.009237972256371331 -0.0028258395542769378 0.0027863239211691612
leaf_weight=77.491795212030411 49.826580688357353 132.92105139791965 115.05305321514606 11.995064109563826 52.417370140552521 4.9859052747488013
leaf_count=318 200 534 468 48 210 20
internal_value=-2.74021e-05 -0.0315744 0.0451901 0.0218578 -0.0182073 0.0558521
internal_weight=444.691 262.83 181.861 61.8216 185.338 120.039
internal_count=1798 1062 736 248 744 488
is_linear=0
shrinkage=0.05


Tree=6
num_leaves=7
num_cat=0
split_feature=0 0 0 7 0 4
split_gain=236.594 37.2649 15.1335 7.52626 7.44913 5.75315
threshold=0.56750000000000012 0.31750000000000006 0.66000000000000014 -0.60849308254496759 0.20000000000000004 0.058922612779853362
decision_type=2 2 2 2 2 2
left_child=1 4 -2 -3 -1 -4
right_child=2 3 5 -5 -6 -7
leaf_value=-0.063760628488909496 0.016202585534433957 -0.029431785102771765 0.05524748175589396 -0.0041015676034991903 -0.033443561671531424 0.014961667975335392
leaf_weight=58.242719531059265 46.070500984787941 37.531862497329712 120.36499924957752 101.13219434022903 64.890617862343788 14.389602616429327
leaf_count=242 185 151 493 406 263 58
internal_value=-2.95076e-05 -0.0301985 0.0432863 -0.0117433 -0.0497122 0.0516348
internal_weight=442.622 261.797 180.825 138.664 123.133 134.755
internal_count=1798 1062 736 557 505 551
is_linear=0
shrinkage=0.05


Tree=7
num_leaves=7
num_cat=0
split_feature=0 0 0 8 8 1
split_gain=216.227 34.443 14.1083 7.47163 7.13393 6.31494
threshold=0.56750000000000012 0.31750000000000006 0.69000000000000006 0.62204317311458601 0.73292296519293221 1.6398856821121541
decision_type=2 2 2 2 2 2
left_child=1 4 5 -3 -1 -2
right_child=2 3 -4 -5 -6 -7
leaf_value=-0.0508927224890139 0.027150724627569657 0.00083678744458368895 0.051568665703692444 -0.02195957469516327 -0.0014411040214649547 -0.0097101227983221895
leaf_weight=114.03742288053036 49.62881426513195 67.422282829880714 118.06573748588562 71.130466610193253 8.0844703614711744 11.990115061402319
leaf_count=472 200 271 488 286 33 48
internal_value=-5.30214e-05 -0.0289383 0.0415009 -0.0112237 -0.0478045 0.0197877
internal_weight=440.359 260.675 179.685 138.553 122.122 61.6189
internal_count=1798 1062 736 557 505 248
is_linear=0
shrinkage=0.05


Tree=8
num_leaves=7
num_cat=0
split_feature=0 0 0 0 4 1
split_gain=197.326 33.0164 13.2062 7.11926 5.41708 4.29887
threshold=0.56750000000000012 0.20000000000000004 0.66000000000000014 0.41000000000000009 0.058922612779853362 1.700104124853514
decision_type=2 2 2 2 2 2
left_child=1 -1 5 -3 -4 -2
right_child=2 3 4 -5 -6 -7
leaf_value=-0.059977115825638555 0.021150519369653877 -0.025393947053643024 0.051212710002691099 -0.0062008928235397325 0.012886151032727309 -0.013349917957286623
leaf_weight=56.810605764389038 38.195179000496864 114.70131224393845 118.17123907804489 87.988979041576385 14.306310921907423 7.7489984184503546
leaf_count=242 154 466 493 354 58 31
internal_value=-5.28444e-05 -0.0276881 0.0397996 -0.017412 0.047693 0.0145925
internal_weight=437.923 259.501 178.422 202.69 132.478 45.9442
internal_count=1798 1062 736 820 551 185
is_linear=0
shrinkage=0.05


Tree=9
num_leaves=7
num_cat=0
split_feature=0 0 0 5 0 1
split_gain=180.344 30.9949 12.4421 7.71187 6.49059 4.82451
threshold=0.56750000000000012 0.20000000000000004 0.69000000000000006 0.10000000000000007 0.41000000000000009 2.0898143522071186
decision_type=2 2 2 2 2 2
left_child=1 -1 3 -2 -3 -4
right_child=2 4 5 -5 -6 -7
leaf_value=-0.058069933288139246 0.030772396403401334 -0.024248563104971144 0.049839234016074242 -0.0039645876397006834 -0.0059100760753289499 -0.00032669707957463126
leaf_weight=55.929235726594925 37.329974517226219 114.35828372836113 110.78015525639057 24.008288353681564 87.949776381254196 4.9319065660238257
leaf_count=242 151 466 468 97 354 20
internal_value=-6.13812e-05 -0.0265227 0.0382023 0.017902 -0.0166111 0.0477761
internal_weight=435.288 258.237 177.05 61.3383 202.308 115.712
internal_count=1798 1062 736 248 820 488
is_linear=0
shrinkage=0.05


Tree=10
num_leaves=7
num_cat=0
split_feature=0 0 0 0 4 5
split_gain=164.949 29.1517 11.6012 5.91966 5.02905 4.71337
threshold=0.56750000000000012 0.20000000000000004 0.66000000000000014 0.41000000000000009 0.058922612779853362 0.10250000000000005
decision_type=2 2 2 2 2 2
left_child=1 -1 5 -3 -4 -2
right_child=2 3 4 -5 -6 -7
leaf_value=-0.056283313705524807 0.024371918050760031 -0.023158594853120405 0.047626316877270272 -0.0056328872619897169 0.011197931008261478 -0.0062030708137796788
leaf_weight=55.001723885536194 28.176462441682816 113.99818266928196 115.61318118870258 87.910865932703018 14.212344780564306 17.614515662193298
leaf_count=242 114 466 493 354 58 71
internal_value=-6.51121e-05 -0.0254143 0.0366954 -0.0158484 0.0442016 0.0131577
internal_weight=432.527 256.911 175.617 201.909 129.826 45.791
internal_count=1798 1062 736 820 551 185
is_linear=0
shrinkage=0.05


Tree=11
num_leaves=7
num_cat=0
split_feature=0 0 0 5 0 1
split_gain=150.954 27.4614 10.9862 6.70707 5.59566 4.44558
threshold=0.56750000000000012 0.20000000000000004 0.69000000000000006 0.10000000000000007 0.31750000000000006 2.0898143522071186
decision_type=2 2 2 2 2 2
left_child=1 -1 3 -2 -3 -4
right_child=2 4 5 -5 -6 -7
leaf_value=-0.054602708574353398 0.028338786539979295 -0.026974995962926879 0.046423957199338131 -0.004044968929460508 -0.0089152743212872598 -0.0010896583847930504
leaf_weight=54.03833469748497 37.070717126131058 63.499807000160217 108.15658196806908 23.988264560699463 137.99753771722317 4.9101784974336615
leaf_count=242 151 263 468 97 557 20
internal_value=-6.6588e-05 -0.0243586 0.0352677 0.016273 -0.015122 0.0444018
internal_weight=429.661 255.536 174.126 61.059 201.497 113.067
internal_count=1798 1062 736 248 820 488
is_linear=0
shrinkage=0.05


Tree=12
num_leaves=7
num_cat=0
split_feature=0 0 0 2 9 8
split_gain=138.425 24.1789 13.0899 5.93192 5.40231 5.2804
threshold=0.55000000000000016 0.20000000000000004 0.66000000000000014 0.072470659769448068 -0.16616397453919882 0.68828359646233672
decision_type=2 2 2 2 2 2
left_child=1 -1 4 -3 -2 -4
right_child=2 3 5 -5 -6 -7
leaf_value=-0.053015730426284671 -0.0076199258952731209 -0.02100148859334568 0.04669553434163709 -0.0017460648233939989 0.022202924448170448 0.017745361765918417
leaf_weight=53.048074394464493 21.741458415985107 133.8452682197094 98.182625085115433 57.538754612207413 33.575156837701797 28.764823526144028
leaf_count=242 88 547 427 234 136 124
internal_value=-7.54348e-05 -0.024466 0.0324144 -0.0154043 0.0108215 0.0410568
internal_weight=426.696 244.432 182.264 191.384 55.3166 126.947
internal_count=1798 1023 775 781 224 551
is_linear=0
shrinkage=0.05


Tree=13
num_leaves=7
num_cat=0
split_feature=0 0 0 6 5 1
split_gain=126.716 22.8762 12.2437 5.8517 5.33205 4.16841
threshold=0.55000000000000016 0.20000000000000004 0.69000000000000006 6.8649782424229473 0.10000000000000007 2.0898143522071186
decision_type=2 2 2 2 2 2
left_child=1 -1 4 -3 -2 -4
right_child=2 3 5 -5 -6 -7
leaf_value=-0.051511736253475132 0.023448637200683038 -0.020614607018433082 0.043351269159608602 -0.0019155126349969121 -0.0036890931926214727 -0.0019352189547499395
leaf_weight=52.038839966058731 43.525522351264954 128.4186877310276 105.42416001856327 62.561028689146042 26.944812133908272 4.8888633400201789
leaf_count=242 178 525 468 256 109 20
internal_value=-7.00957e-05 -0.0234578 0.031154 -0.0146943 0.0135154 0.0413474
internal_weight=423.802 243.019 180.783 190.98 70.4703 110.313
internal_count=1798 1023 775 781 287 488
is_linear=0
shrinkage=0.05


Tree=14
num_leaves=7
num_cat=0
split_feature=0 0 0 8 8 6
split_gain=116.563 17.7947 17.6977 8.67994 5.04538 4.7518
threshold=0.50000000000000011 0.20000000000000004 0.66000000000000014 0.48707782739291389 0.68828359646233672 7.0589899976483776
decision_type=2 2 2 2 2 2
left_child=1 -1 3 -2 -4 -3
right_child=2 5 4 -5 -6 -7
leaf_value=-0.050081574768742379 -0.02718567689808217 -0.020349355130432095 0.043742132475821635 0.014348260224528031 0.015739167115648888 0.0012988151878229586
leaf_weight=51.017528265714645 10.356461703777311 135.3769790828228 95.676661193370819 69.827208027243614 28.335394471883774 30.23006796836853
leaf_count=242 42 556 427 283 124 124
internal_value=-7.42615e-05 -0.0253414 0.0266958 0.00770294 0.0382017 -0.0164754
internal_weight=420.82 216.625 204.196 80.1837 124.012 165.607
internal_count=1798 922 876 325 551 680
is_linear=0
shrinkage=0.05


Tree=15
num_leaves=7
num_cat=0
split_feature=0 0 0 6 9 4
split_gain=106.673 22.1834 8.53758 6.22267 5.97783 4.22468
threshold=0.56750000000000012 0.24000000000000002 0.69000000000000006 6.8649782424229473 -0.88360225264245418 0.058922612779853362
decision_type=2 2 2 2 2 2
left_child=1 -1 4 -3 -2 -4
right_child=2 3 5 -5 -6 -7
leaf_value=-0.044169167618734281 -0.011219185214426818 -0.017196055276945729 0.041765701404337392 0.002228617634160737 0.022032876219352043 0.0058864471233973778
leaf_weight=67.531689956784248 14.923274040222166 123.11130222678185 96.602807685732841 59.249093651771545 45.578475087881088 10.879142001271246
leaf_count=318 61 503 442 241 187 46
internal_value=-8.42709e-05 -0.0206499 0.0302216 -0.0109939 0.0136007 0.0385572
internal_weight=417.876 249.892 167.984 182.36 60.5017 107.482
internal_count=1798 1062 736 744 248 488
is_linear=0
shrinkage=0.05


Tree=16
num_leaves=7
num_cat=0
split_feature=0 0 0 8 8 6
split_gain=98.3981 16.5109 15.2183 8.01397 4.87651 4.67544
threshold=0.50000000000000011 0.16750000000000001 0.66000000000000014 0.48707782739291389 0.68828359646233672 7.0589899976483776
decision_type=2 2 2 2 2 2
left_child=1 -1 3 -2 -4 -3
right_child=2 5 4 -5 -6 -7
leaf_value=-0.051955150696110945 -0.026351834003442088 -0.019959154256339161 0.041062457180963401 0.013559720374453153 0.013826988418245029 0.00064783084253123191
leaf_weight=37.266061097383499 10.344152286648749 143.08465342223644 93.128611847758293 69.691918417811394 27.907223016023636 33.431317418813705
leaf_count=184 42 598 427 283 124 140
internal_value=-8.05574e-05 -0.0234329 0.024714 0.00715526 0.0355804 -0.0161459
internal_weight=414.854 213.782 201.072 80.0361 121.036 176.516
internal_count=1798 922 876 325 551 738
is_linear=0
shrinkage=0.05


Tree=17
num_leaves=7
num_cat=0
split_feature=0 0 0 8 4 3
split_gain=89.9864 15.8121 14.2518 7.42005 4.84734 4.60679
threshold=0.50000000000000011 0.16750000000000001 0.66000000000000014 0.48707782739291389 0.058922612779853362 -0.99999999999999911
decision_type=2 2 2 2 2 2
left_child=1 -1 3 -2 -4 -3
right_child=2 5 4 -5 -6 -7
leaf_value=-0.050715165560299619 -0.025464689529607579 -0.027122632257366108 0.037812355513320559 0.012933731261852988 0.0044924830908786486 -0.0093778997648985077
leaf_weight=36.412384673953056 10.343491315841673 53.899231046438217 105.84288930892944 69.654687136411667 13.721045568585394 122.08605664968491
leaf_count=184 42 228 493 283 58 510
internal_value=-9.43911e-05 -0.0224912 0.0237101 0.00676304 0.0343224 -0.0154118
internal_weight=411.96 212.398 199.562 79.9982 119.564 175.985
internal_count=1798 922 876 325 551 738
is_linear=0
shrinkage=0.05


Tree=18
num_leaves=7
num_cat=0
split_feature=0 0 1 0 8 8
split_gain=82.3694 19.5016 7.25041 9.17203 7.20212 6.35504
threshold=0.56750000000000012 0.31750000000000006 1.6398856821121541 0.7875000000000002 0.62204317311458601 0.73292296519293221
decision_type=2 2 2 2 2 2
left_child=1 5 -2 -4 -3 -1
right_child=2 4 3 -5 -6 -7
leaf_value=-0.036767621283822188 0.031924507075395896 0.0062364644347573488 -0.016375329990258987 0.031283107373562796 -0.016011821982033977 0.0066856182143617167
leaf_weight=101.43005259335041 131.86348463594913 66.601733908057213 18.760552093386654 12.67231525480747 70.093213900923729 7.6096406877040854
leaf_count=472 599 271 79 58 286 33
internal_value=-0.000124766 -0.0182851 0.026935 0.00449479 -0.00533426 -0.0335749
internal_weight=409.031 245.735 163.296 31.4329 136.695 109.04
internal_count=1798 1062 736 137 557 505
is_linear=0
shrinkage=0.05


Tree=19
num_leaves=7
num_cat=0
split_feature=0 0 0 5 6 4
split_gain=75.6858 14.9358 12.896 7.60278 4.31652 4.00275
threshold=0.50000000000000011 0.16750000000000001 0.69000000000000006 -0.039999999999999945 7.0589899976483776 0.03426678249401429
decision_type=2 2 2 2 2 2
left_child=1 -1 3 -2 -3 -4
right_child=2 4 5 -5 -6 -7
leaf_value=-0.048720097089860137 0.032812274169430299 -0.01767450907831802 0.040366932132207156 0.00023791964155571115 0.0020122853435587803 0.01515714998027079
leaf_weight=34.958350852131844 18.467760294675827 141.49950307607651 71.313402563333511 75.986837059259415 33.196511402726173 30.758857220411301
leaf_count=184 76 598 346 312 140 142
internal_value=-0.000115229 -0.020774 0.0218921 0.00793627 -0.0139816 0.0338327
internal_weight=406.181 209.654 196.527 94.4546 174.696 102.072
internal_count=1798 922 876 388 738 488
is_linear=0
shrinkage=0.05


Tree=20
num_leaves=7
num_cat=0
split_feature=0 0 0 5 2 8
split_gain=69.5071 17.6799 6.69036 5.57282 5.28002 3.80931
threshold=0.56750000000000012 0.20000000000000004 0.69000000000000006 0.10000000000000007 0.073323857519935684 0.68828359646233672
decision_type=2 2 2 2 2 2
left_child=1 -1 3 -2 -3 -4
right_child=2 4 5 -5 -6 -7
leaf_value=-0.043382288826857532 0.02181232600789999 -0.014876734070246348 0.037718860120842794 -0.0074361709083396264 0.002834295000886626 0.010868466727753576
leaf_weight=45.505596071481705 35.973941117525101 140.26129272580147 78.929028332233429 23.721642881631851 57.248265147209167 21.762951463460922
leaf_count=242 151 584 386 97 236 102
internal_value=-9.52359e-05 -0.0168362 0.0250124 0.0105132 -0.00979995 0.0327043
internal_weight=403.403 243.015 160.388 59.6956 197.51 100.692
internal_count=1798 1062 736 248 820 488
is_linear=0
shrinkage=0.05


Tree=21
num_leaves=7
num_cat=0
split_feature=0 0 0 8 3 8
split_gain=64.3399 13.92 11.0698 6.7758 5.39578 4.634
threshold=0.50000000000000011 0.15000000000000005 0.66000000000000014 0.48707782739291389 -0.99999999999999911 0.68828359646233672
decision_type=2 2 2 2 2 2
left_child=1 -1 3 -2 -3 -4
right_child=2 4 5 -5 -6 -7
leaf_value=-0.049529556175541757 -0.025184185842038461 -0.025574646866216241 0.035502347646419984 0.011501680512191616 -0.0069419473195149479 0.0095734358470982699
leaf_weight=27.888160765171051 10.311187639832495 56.042173460125923 87.118412524461746 69.2672298848629 123.06168173253536 26.867000564932823
leaf_count=154 42 245 427 283 523 124
internal_value=-8.62292e-05 -0.0192416 0.0203667 0.0055404 -0.0133084 0.0300499
internal_weight=400.556 206.992 193.564 79.5784 179.104 113.985
internal_count=1798 922 876 325 768 551
is_linear=0
shrinkage=0.05


Tree=22
num_leaves=7
num_cat=0
split_feature=0 0 0 5 3 4
split_gain=58.9163 13.3643 10.4064 6.96592 4.97919 4.09678
threshold=0.50000000000000011 0.15000000000000005 0.69000000000000006 -0.039999999999999945 -0.99999999999999911 0.03426678249401429
decision_type=2 2 2 2 2 2
left_child=1 -1 3 -2 -3 -4
right_child=2 4 5 -5 -6 -7
leaf_value=-0.048530631874773245 0.030959031044395013 -0.024552943102535169 0.037211651725579241 -0.0002670888606971955 -0.0066179714312308638 0.012272313256329189
leaf_weight=27.160543650388718 18.337963238358498 55.67311654984951 68.136378109455109 75.733049303293228 122.88122357428074 29.911098793148994
leaf_count=154 76 245 346 312 523 142
internal_value=-0.000113859 -0.0184932 0.0195361 0.00707531 -0.0127266 0.0305681
internal_weight=397.833 205.715 192.118 94.071 178.554 98.0475
internal_count=1798 922 876 388 768 488
is_linear=0
shrinkage=0.05


Tree=23
num_leaves=7
num_cat=0
split_feature=0 0 0 8 8 9
split_gain=54.1342 12.8324 9.77206 6.18591 4.40909 3.84107
threshold=0.50000000000000011 0.15000000000000005 0.66000000000000014 0.48707782739291389 0.68828359646233672 -1.1905051159563214
decision_type=2 2 2 2 2 2
left_child=1 -1 3 -2 -4 -3
right_child=2 5 4 -5 -6 -7
leaf_value=-0.047568492648920983 -0.024381364531605446 -0.030057065971225191 0.033449117960998843 0.010658007239508174 0.0082641449569609941 -0.0088311557717361041
leaf_weight=26.443809166550636 10.308483377099035 21.707539156079292 84.738714396953583 69.182653442025185 26.523495838046074 156.30531200766563
leaf_count=154 42 94 427 283 124 674
internal_value=-0.000108453 -0.0177745 0.0187971 0.00494013 0.028059 -0.01217
internal_weight=395.21 204.457 190.753 79.4911 111.262 178.013
internal_count=1798 922 876 325 551 768
is_linear=0
shrinkage=0.05


Tree=24
num_leaves=7
num_cat=0
split_feature=1 7 5 7 8 4
split_gain=20.5117 9.62988 5.61255 5.21724 3.74241 3.75865
threshold=-0.24871791482634859 -0.77008683294698532 0.12500000000000006 0.58820001803802568 0.71007511184504446 0.053407333471531433
decision_type=2 2 2 2 2 2
left_child=4 2 -2 -3 -1 -6
right_child=1 3 -4 -5 5 -7
leaf_value=-0.016086838390734624 -0.030210685419531837 0.0070191388066523953 0.009154991967470022 0.024082904895970977 0.01501819951163416 -0.022083833415574121
leaf_weight=144.45096078515053 17.530435889959339 124.5049574971199 12.044184163212774 71.077062755823135 18.202627107501034 4.8091124296188346
leaf_count=676 77 566 56 322 80 21
internal_value=-0.000140348 0.00963061 -0.0151736 0.0136661 -0.0131759 0.00470656
internal_weight=392.619 225.157 29.5746 195.582 167.463 23.0117
internal_count=1798 1021 133 888 777 101
is_linear=0
shrinkage=0.05


Tree=25
num_leaves=7
num_cat=0
split_feature=0 0 8 1 0 8
split_gain=48.286 14.6937 6.79166 6.59089 7.92384 5.50947
threshold=0.56750000000000012 0.31750000000000006 0.62204317311458601 1.6398856821121541 0.7875000000000002 0.73292296519293221
decision_type=2 2 2 2 2 2
left_child=1 5 -3 -2 -5 -1
right_child=3 2 -4 4 -6 -7
leaf_value=-0.031226793082794579 0.026183409119489076 0.0080403782205168816 -0.013600383496955465 -0.018578232107216514 0.02638096475475073 0.0085819053132207175
leaf_weight=94.50222559273243 123.92487558722496 66.118358314037323 69.379726871848106 18.464562967419628 11.829582199454306 7.4476882964372626
leaf_count=472 599 271 286 79 58 33
internal_value=-0.000142037 -0.014189 -0.00313011 0.0212521 0.000228098 -0.0280534
internal_weight=391.667 237.448 135.498 154.219 30.2941 101.95
internal_count=1798 1062 557 736 137 505
is_linear=0
shrinkage=0.05


Tree=26
num_leaves=7
num_cat=0
split_feature=0 0 4 8 9 7
split_gain=44.1275 14.0981 6.22673 5.39942 4.05103 3.66692
threshold=0.56750000000000012 0.20000000000000004 0.058040933831219478 0.67317576447540206 -1.1905051159563214 0.72947597496239169
decision_type=2 2 2 2 2 2
left_child=1 -1 3 -2 -3 -4
right_child=2 4 5 -5 -6 -7
leaf_value=-0.038575107912615647 0.030861542877521183 -0.025340184081330937 -0.0159194345280704 0.008027952080251784 -0.0045009554160741596 0.021146905076738293
leaf_weight=41.032773867249489 90.969065681099892 22.689053669571877 15.350602954626085 41.527077913284302 172.46648292243481 5.0569871962070456
leaf_count=242 454 97 66 194 723 22
internal_value=-0.000132352 -0.0135833 0.0204173 0.0242572 -0.00749624 -0.00438042
internal_weight=389.092 236.188 152.904 132.496 195.156 20.4076
internal_count=1798 1062 736 648 820 88
is_linear=0
shrinkage=0.05


Tree=27
num_leaves=7
num_cat=0
split_feature=0 0 0 9 3 4
split_gain=40.7056 11.7317 8.42825 5.58827 4.42925 4.03148
threshold=0.50000000000000011 0.15000000000000005 0.69000000000000006 -0.85794778754427148 -0.99999999999999911 0.03426678249401429
decision_type=2 2 2 2 2 2
left_child=1 -1 3 -2 -3 -4
right_child=2 4 5 -5 -6 -7
leaf_value=-0.045049410464582745 -0.014448740300752702 -0.021614614965620591 0.033437518940548874 0.012092013364821188 -0.0046735783534011767 0.0090972124576494378
leaf_weight=24.506574615836143 22.179036930203438 54.372796148061752 64.139108955860138 71.117541208863258 121.46352197229862 28.901688486337662
leaf_count=154 92 245 346 296 523 142
internal_value=-0.000142076 -0.0156013 0.0164524 0.00536856 -0.0103649 0.0267261
internal_weight=386.68 200.343 186.337 93.2966 175.836 93.0408
internal_count=1798 922 876 388 768 488
is_linear=0
shrinkage=0.05


Tree=28
num_leaves=7
num_cat=0
split_feature=0 0 9 0 4 5
split_gain=37.5389 15.9631 7.8359 4.84887 3.80031 4.57974
threshold=0.64750000000000008 0.31750000000000006 -1.092738900358148 0.15000000000000005 0.058922612779853362 0.3050000000000001
decision_type=2 2 2 2 2 2
left_child=1 3 -3 -1 5 -2
right_child=4 2 -4 -5 -6 -7
leaf_value=-0.044198536247891877 0.030503108640135959 -0.0230660749461352 0.0039496993986594293 -0.017364146713698552 -0.00028550869344167297 -0.0040068042944642291
leaf_weight=23.842622652649879 87.452115669846535 27.625757411122322 146.52976034581661 74.943487778306007 14.365507438778875 9.5207020789384824
leaf_count=154 459 115 605 351 63 51
internal_value=-0.000155767 -0.0101352 -0.000859874 -0.0256581 0.0236927 0.0270846
internal_weight=384.28 272.942 174.156 98.7861 111.338 96.9728
internal_count=1798 1225 720 505 573 510
is_linear=0
shrinkage=0.05


Tree=29
num_leaves=7
num_cat=0
split_feature=0 0 0 6 9 8
split_gain=34.5568 11.5118 7.95691 7.62063 5.98043 4.22237
threshold=0.41000000000000009 0.66000000000000014 0.15000000000000005 7.0589899976483776 -1.092738900358148 0.68828359646233672
decision_type=2 2 2 2 2 2
left_child=2 4 -1 -4 -2 -3
right_child=1 5 3 -5 -6 -7
leaf_value=-0.043371119844216606 -0.020576394110690042 0.028957550266938182 -0.018815198820513346 0.010581148874626143 0.0062792372858845071 0.0046952275808492512
leaf_weight=23.194524988532066 20.289369091391563 79.295172452926636 98.613379180431366 24.490507408976555 110.45487043261528 25.559808775782585
leaf_count=154 84 427 444 110 455 124
internal_value=-0.000184079 0.0115922 -0.018905 -0.0127823 0.00150728 0.0235262
internal_weight=381.898 235.599 146.298 123.104 130.744 104.855
internal_count=1798 1090 708 554 539 551
is_linear=0
shrinkage=0.05


Tree=30
num_leaves=7
num_cat=0
split_feature=1 7 2 1 8 4
split_gain=12.1253 8.46307 6.87134 5.60855 3.05094 3.45588
threshold=-0.24871791482634859 0.58820001803802568 0.070688567978242328 1.8517762156703395 0.71007511184504446 0.053407333471531433
decision_type=2 2 2 2 2 2
left_child=4 2 -2 -3 -1 -6
right_child=1 3 -4 -5 5 -7
leaf_value=-0.013145780417355061 -0.0066741402915394517 0.026826794116432396 0.015463806160818558 -0.0096894528082235847 0.015454674379619169 -0.020426033565438383
leaf_weight=138.55650997161865 102.60005836188793 58.922190070152283 46.99315071105957 9.9294104725122434 17.874334529042248 4.7070254683494559
leaf_count=676 475 278 224 44 80 21
internal_value=-0.000197303 0.00741142 0.000555484 0.0212611 -0.0104246 0.00562842
internal_weight=379.583 218.445 149.593 68.8516 161.138 22.5814
internal_count=1798 1021 699 322 777 101
is_linear=0
shrinkage=0.05


Tree=31
num_leaves=7
num_cat=0
split_feature=1 7 4 5 10 10
split_gain=11.0449 7.97008 4.60044 4.59249 2.87811 3.83972
threshold=-0.24871791482634859 -0.79236621580805233 0.09156604046499911 0.12500000000000006 0.010000000000000007 0.009999999999999969
decision_type=2 2 2 2 2 2
left_child=4 3 -3 -2 5 -1
right_child=1 2 -4 -5 -6 -7
leaf_value=0.0016951643718609594 -0.030491136633679305 0.01236157466075399 -0.020755036992827821 0.0069821336364263922 -0.0060478472657453479 -0.032277310701776099
leaf_weight=11.28965765237808 15.773793742060663 184.66652047634125 6.6734382361173621 10.915519148111342 127.19327840209007 22.206558629870415
leaf_count=48 71 869 28 53 593 136
internal_value=-0.000182487 0.00708428 0.0107074 -0.0164817 -0.00995854 -0.0220941
internal_weight=378.719 218.029 191.34 26.6893 160.689 33.4962
internal_count=1798 1021 897 124 777 184
is_linear=0
shrinkage=0.05


Tree=32
num_leaves=7
num_cat=0
split_feature=0 0 7 8 8 3
split_gain=30.1199 13.1373 6.23535 4.80937 4.62403 5.73305
threshold=0.64750000000000008 0.31750000000000006 -0.77008683294698532 0.73292296519293221 0.68828359646233672 0.22941573387056721
decision_type=2 2 2 2 2 2
left_child=1 3 -3 -1 -2 -6
right_child=4 2 -4 -5 5 -7
leaf_value=-0.026675546075372904 0.02703050997885649 -0.020362436734132044 0.0035486303347949111 0.010026104182704366 -0.02210756398939262 0.018571634177216523
leaf_weight=88.53653809428215 82.096925556659698 28.306020185351372 145.48357823491096 7.3144813925027838 9.549089655280115 16.502126455307007
leaf_count=472 446 119 601 33 47 80
internal_value=-0.000219165 -0.00916053 -0.000806429 -0.0235166 0.0214936 0.00250182
internal_weight=377.789 269.641 173.79 95.851 108.148 26.0512
internal_count=1798 1225 720 505 573 127
is_linear=0
shrinkage=0.05


Tree=33
num_leaves=7
num_cat=0
split_feature=0 0 1 0 2 4
split_gain=27.6857 11.1513 5.9225 7.1779 4.58854 3.86218
threshold=0.56750000000000012 0.15000000000000005 1.6398856821121541 0.7875000000000002 0.073323857519935684 0.069977386461427663
decision_type=2 2 2 2 2 2
left_child=1 -1 5 -4 -3 -2
right_child=2 4 3 -5 -6 -7
leaf_value=-0.041498845040317471 0.023407822503174164 -0.011548306068212635 -0.02064054416461817 0.022860987676344272 0.0043977310283624471 -0.011744222373122656
leaf_weight=21.722094982862473 111.27533069252968 146.80352355539799 18.165737450122837 11.121849074959753 61.042496114969254 5.4473067522048941
leaf_count=154 575 642 79 58 266 24
internal_value=-0.000215745 -0.010963 0.0164854 -0.00319626 -0.00687181 0.0213523
internal_weight=375.578 229.568 146.01 29.2876 207.846 116.723
internal_count=1798 1062 736 137 908 599
is_linear=0
shrinkage=0.05


Tree=34
num_leaves=7
num_cat=0
split_feature=0 0 8 0 6 4
split_gain=25.8401 9.84527 6.97393 6.29769 6.4402 3.9767
threshold=0.38000000000000006 0.69000000000000006 0.66574418385534895 0.15000000000000005 6.961120638582166 0.03426678249401429
decision_type=2 2 2 2 2 2
left_child=3 2 -2 -1 -5 -3
right_child=1 5 -4 4 -6 -7
leaf_value=-0.040737110118040321 0.0092659970251130208 0.029030634050044669 -0.011708645324160263 -0.019537411461367223 0.006756550947177792 0.0052237426999403522
leaf_weight=21.130445346236229 102.78014139831066 59.369725599884987 57.74648542702198 74.907896682620049 29.908943042159081 27.626466289162636
leaf_count=154 429 346 242 347 138 142
internal_value=-0.000228995 0.00912052 0.00159499 -0.0182502 -0.0120685 0.0221653
internal_weight=373.47 247.523 160.527 125.947 104.817 86.9962
internal_count=1798 1159 671 639 485 488
is_linear=0
shrinkage=0.05


Tree=35
num_leaves=7
num_cat=0
split_feature=0 0 7 0 11 4
split_gain=23.7996 11.1018 5.73733 4.33442 5.26668 3.50884
threshold=0.31750000000000006 0.66000000000000014 -0.77008683294698532 0.15000000000000005 -0.52806659394253719 0.058922612779853362
decision_type=2 2 2 2 2 2
left_child=3 2 -2 -1 -5 -3
right_child=1 5 -4 4 -6 -7
leaf_value=-0.039991794893487899 -0.01899150620875064 0.02347541624255093 0.0036620133956833016 -0.03018292448183826 -0.0031236628484036339 -0.0032472125431507654
leaf_weight=20.555877059698105 29.131588906049728 86.930826723575592 149.37739931046963 25.492959976196289 47.082680583000183 12.878007039427755
leaf_count=154 123 493 619 122 229 58
internal_value=-0.000233493 0.00711986 -0.00045163 -0.0214516 -0.0139613 0.0200371
internal_weight=371.449 278.318 178.509 93.1315 72.5756 99.8088
internal_count=1798 1293 742 505 351 551
is_linear=0
shrinkage=0.05


Tree=36
num_leaves=7
num_cat=0
split_feature=0 0 9 8 8 3
split_gain=21.9737 10.2342 5.39247 4.36061 3.90988 3.49994
threshold=0.31750000000000006 0.66000000000000014 -0.86880303778761203 0.73292296519293221 0.67398331734739736 -1.4142135623730956
decision_type=2 2 2 2 2 2
left_child=3 2 -2 5 -3 -1
right_child=1 4 -4 -5 -6 -7
leaf_value=-0.0016483755112878487 -0.014740817986724256 0.025541597711185717 0.0045636148284308028 0.010755847022836428 0.0035296212251863094 -0.028389407235772747
leaf_weight=15.404350876808165 43.830523833632469 68.456948503851891 134.62439386546612 7.2503874003887168 30.284689679741859 69.572234109044075
leaf_count=89 184 396 558 33 155 383
internal_value=-0.000269194 0.00679718 -0.000450301 -0.0207651 0.0192859 -0.0239028
internal_weight=369.424 277.197 178.455 92.227 98.7416 84.9766
internal_count=1798 1293 742 505 551 472
is_linear=0
shrinkage=0.05


Tree=37
num_leaves=7
num_cat=0
split_feature=0 0 0 6 1 6
split_gain=20.2268 7.90892 5.93422 6.07464 4.00613 3.34112
threshold=0.38000000000000006 0.7875000000000002 0.15000000000000005 6.961120638582166 1.6398856821121541 7.0589899976483776
decision_type=2 2 2 2 2 2
left_child=2 4 -1 -4 -2 -3
right_child=1 5 3 -5 -6 -7
leaf_value=-0.038855420425204935 0.006433106611226827 0.033327776084999837 -0.017877851492783318 0.0076759928022453452 -0.01235576337195469 0.0029602110033537616
leaf_weight=19.687504008412361 169.41922727227211 32.524025231599808 73.762309834361076 29.660628169775009 29.115093067288399 13.317713364958761
leaf_count=154 764 192 347 138 124 79
internal_value=-0.000257549 0.00804149 -0.0164022 -0.0105333 0.00344187 0.0256643
internal_weight=367.487 244.376 123.11 103.423 198.534 45.8417
internal_count=1798 1159 639 485 888 271
is_linear=0
shrinkage=0.05


Tree=38
num_leaves=7
num_cat=0
split_feature=0 0 9 8 3 4
split_gain=18.8675 10.0461 5.66338 4.11751 5.5083 4.50013
threshold=0.64750000000000008 0.15000000000000005 -0.86880303778761203 0.68828359646233672 0.22941573387056721 0.059476793437127265
decision_type=2 2 2 2 2 2
left_child=1 -1 -3 5 -5 -2
right_child=3 2 -4 4 -6 -7
leaf_value=-0.038147180828220537 0.02730832050418306 -0.016811757475621938 0.00029085406142100246 -0.024004406879712392 0.016227609776233921 -0.006075183144598058
leaf_weight=19.156747080385685 67.071719095110893 60.619896546006203 183.88432033360004 9.3298779129982012 15.94019405543804 9.8551771193742734
leaf_count=154 401 271 800 47 80 45
internal_value=-0.000258916 -0.00733177 -0.00420132 0.0174794 -0.00013779 0.0229218
internal_weight=365.858 263.661 244.504 102.197 25.2701 76.9269
internal_count=1798 1225 1071 573 127 446
is_linear=0
shrinkage=0.05


Tree=39
num_leaves=7
num_cat=0
split_feature=0 0 9 0 11 4
split_gain=17.7543 8.15667 5.37878 3.99984 5.12481 3.72015
threshold=0.31750000000000006 0.69000000000000006 -1.092738900358148 0.15000000000000005 -0.52806659394253719 0.03426678249401429
decision_type=2 2 2 2 2 2
left_child=3 2 -2 -1 -5 -3
right_child=1 5 -4 4 -6 -7
leaf_value=-0.037451804195735211 -0.017305123334047427 0.025595157321200643 0.0040785694611079389 -0.028140643966171289 -0.0014148585298700363 0.0026686745286364083
leaf_weight=18.642767690122128 30.737509146332741 55.694882720708847 161.05730481445789 24.860585689544678 46.343205615878105 26.763350516557693
leaf_count=154 131 346 674 122 229 142
internal_value=-0.000274474 0.00607727 0.000298962 -0.0189612 -0.0119802 0.0187319
internal_weight=364.1 274.253 191.795 89.8466 71.2038 82.4582
internal_count=1798 1293 805 505 351 488
is_linear=0
shrinkage=0.05


Tree=40
num_leaves=7
num_cat=0
split_feature=0 0 8 12 8 3
split_gain=16.4531 7.22715 5.53179 4.70575 4.46609 3.8518
threshold=0.50000000000000011 0.15000000000000005 0.65545844346648374 0.11750128831440455 0.49098576581049852 -0.99999999999999911
decision_type=2 2 2 2 2 2
left_child=1 -1 4 -4 -2 -3
right_child=2 5 3 -5 -6 -7
leaf_value=-0.036768546892289158 -0.002635391176412503 -0.017281488636829431 0.010056030227725474 -0.014520006855882221 0.022615647141285406 -0.0014071448089497088
leaf_weight=18.145350687205791 20.638700425624847 52.142134979367256 41.302270039916039 28.623822033405304 83.122872442007065 118.40656316280365
leaf_count=154 104 245 199 137 436 523
internal_value=-0.000297746 -0.0103884 0.0106487 -0.000301645 0.0177028 -0.00661442
internal_weight=362.382 188.694 173.688 69.9261 103.762 170.549
internal_count=1798 922 876 336 540 768
is_linear=0
shrinkage=0.05


Tree=41
num_leaves=7
num_cat=0
split_feature=0 0 8 8 3 6
split_gain=15.4008 7.33121 6.24174 3.91498 3.52116 3.33301
threshold=0.31750000000000006 0.7875000000000002 0.66574418385534895 0.73292296519293221 -1.4142135623730956 7.0589899976483776
decision_type=2 2 2 2 2 2
left_child=3 2 -2 4 -1 -3
right_child=1 5 -4 -5 -6 -7
leaf_value=0.00090461090582213141 0.0078975890438477813 0.03102594813295281 -0.0089089410742444579 0.011556211196579401 -0.025599820824245396 0.00098956191560757903
leaf_weight=14.794616423547266 146.63383308053017 30.933674946427345 82.047422185540199 7.1741667538881293 66.376540116965771 12.885437369346617
leaf_count=89 660 192 362 33 383 79
internal_value=-0.000311652 0.00560221 0.00180606 -0.0178759 -0.0209968 0.0231994
internal_weight=360.846 272.5 228.681 88.3453 81.1712 43.8191
internal_count=1798 1293 1022 505 472 271
is_linear=0
shrinkage=0.05


Tree=42
num_leaves=7
num_cat=0
split_feature=0 0 9 5 2 3
split_gain=14.301 8.48588 4.76542 3.13668 3.28757 1.5533
threshold=0.66000000000000014 0.15000000000000005 -0.86880303778761203 0.2975000000000001 0.12041988833950518 1.5104502129799602
decision_type=2 2 2 2 2 2
left_child=1 -1 -3 5 -5 -2
right_child=3 2 -4 4 -6 -7
leaf_value=-0.035740714986286469 0.021681649249673987 -0.014970543286253746 0.00059151494398727107 -0.024702176680582194 0.013185932440365051 -0.0010625053342765624
leaf_weight=17.409002535045147 72.742569848895073 61.654122978448868 186.44659219682217 5.529655456542967 7.8707251995801926 7.8061563223600379
leaf_count=154 432 278 815 30 46 43
internal_value=-0.000285165 -0.0062309 -0.00349507 0.0159838 -0.00491256 0.0195442
internal_weight=359.459 265.51 248.101 93.9491 13.4004 80.5487
internal_count=1798 1247 1093 551 76 475
is_linear=0
shrinkage=0.05


Tree=43
num_leaves=7
num_cat=0
split_feature=0 0 0 8 11 3
split_gain=13.4004 5.77182 5.1935 4.78349 3.96913 0.683738
threshold=0.41000000000000009 0.90750000000000008 0.15000000000000005 0.66574418385534895 0.95632601277590867 -1.4185390885838174
decision_type=2 2 2 2 2 2
left_child=2 3 5 -2 -4 -1
right_child=1 -3 4 -5 -6 -7
leaf_value=-0.0049341984311078151 0.010352482090540245 0.035092820363687473 -0.01125068979985934 -0.0049555207070916887 0.014389623365636359 -0.039126247659788206
leaf_weight=3.3159246444702175 133.82954141497612 12.257680431008337 104.90129773318768 76.894234538078308 13.117198169231413 13.636589281260965
leaf_count=29 653 81 492 356 62 125
internal_value=-0.000300192 0.00718051 -0.0124739 0.00478112 -0.00793186 -0.0350854
internal_weight=357.952 222.981 134.971 210.724 118.018 16.9525
internal_count=1798 1090 708 1009 554 154
is_linear=0
shrinkage=0.05


Tree=44
num_leaves=7
num_cat=0
split_feature=0 0 5 1 0 3
split_gain=12.5414 6.84354 5.6808 5.0343 5.5944 3.78946
threshold=0.56750000000000012 0.15000000000000005 -0.022500000000000003 1.6398856821121541 0.7875000000000002 0.2443593034974996
decision_type=2 2 2 2 2 2
left_child=1 -1 -3 5 -5 -2
right_child=3 2 -4 4 -6 -7
leaf_value=-0.034492808658385853 0.0057577525748869372 0.0025295606002982227 -0.014004840421820798 -0.021380380819083031 0.018037962283909831 0.024802326869339135
leaf_weight=16.543834753334522 53.047855019569397 117.37218713760376 86.441269651055336 17.95079775154591 10.139286771416662 55.225957825779915
leaf_count=154 282 538 370 79 58 317
internal_value=-0.000287032 -0.0076065 -0.00465043 0.0113916 -0.00657644 0.0161376
internal_weight=356.721 220.357 203.813 136.364 28.0901 108.274
internal_count=1798 1062 908 736 137 599
is_linear=0
shrinkage=0.05


Tree=45
num_leaves=7
num_cat=0
split_feature=0 0 8 11 0 9
split_gain=11.9914 6.04909 5.54072 4.07301 5.01952 2.33997
threshold=0.31750000000000006 0.90750000000000008 0.66574418385534895 -0.4541524814928653 0.16750000000000001 -1.1572708884194354
decision_type=2 2 2 2 2 2
left_child=3 2 -2 5 -5 -1
right_child=1 -3 -4 4 -6 -7
leaf_value=0.0031666187844464665 0.0083539955497286388 0.03400435500474585 -0.0066327350765883327 -0.027706916591144673 0.0028568600980032242 -0.033938289080487419
leaf_weight=3.975370459258559 165.49421481788158 11.842098638415335 92.098864331841469 14.483890622854231 40.719960004091263 26.688091166317463
leaf_count=22 790 81 422 128 200 155
internal_value=-0.000286591 0.00493006 0.00297143 -0.016026 -0.00679729 -0.0293583
internal_weight=355.302 269.435 257.593 85.8673 55.2039 30.6635
internal_count=1798 1293 1212 505 328 177
is_linear=0
shrinkage=0.05


Tree=46
num_leaves=7
num_cat=0
split_feature=0 0 8 5 2 4
split_gain=11.1318 6.93882 4.46286 3.0366 2.98964 2.14146
threshold=0.66000000000000014 0.15000000000000005 0.48444947825935852 0.2975000000000001 0.12041988833950518 0.058922612779853362
decision_type=2 2 2 2 2 2
left_child=1 -1 -3 5 -5 -2
right_child=3 2 -4 4 -6 -7
leaf_value=-0.033328498183403943 0.020490924420422722 -0.020698146029880533 -0.00059614054609988883 -0.024690554228529289 0.011765449380816192 -0.0044451313161328505
leaf_weight=15.768292434513567 70.447671800851822 26.619762569665909 220.37630465626717 5.508161246776579 7.621478796005249 7.9167521744966498
leaf_count=154 438 117 976 30 46 37
internal_value=-0.000287764 -0.00553099 -0.00313031 0.0142767 -0.00612009 0.0178562
internal_weight=354.258 262.764 246.996 91.4941 13.1296 78.3644
internal_count=1798 1247 1093 551 76 475
is_linear=0
shrinkage=0.05


Tree=47
num_leaves=7
num_cat=0
split_feature=0 0 8 11 0 9
split_gain=10.571 5.64133 5.14519 3.85936 4.54126 2.219
threshold=0.31750000000000006 0.90750000000000008 0.66574418385534895 -0.4541524814928653 0.16750000000000001 -1.1572708884194354
decision_type=2 2 2 2 2 2
left_child=3 2 -2 5 -5 -1
right_child=1 -3 -4 4 -6 -7
leaf_value=0.0032376454940227853 0.0079118597632672587 0.032998914142240487 -0.0065464499277722472 -0.026515461491038245 0.0028462909502238909 -0.032814669147047025
leaf_weight=3.9658548608422306 164.84236338734627 11.458800554275511 91.915284469723701 13.908520765602587 40.7199417501688 26.12107291072607
leaf_count=22 790 81 422 128 200 155
internal_value=-0.000310101 0.00458406 0.00270983 -0.0151973 -0.00622582 -0.0282783
internal_weight=352.932 268.216 256.758 84.7154 54.6285 30.0869
internal_count=1798 1293 1212 505 328 177
is_linear=0
shrinkage=0.05


Tree=48
num_leaves=7
num_cat=0
split_feature=0 0 0 1 3 3
split_gain=9.85509 5.10218 4.07319 5.029 3.74197 0.878557
threshold=0.50000000000000011 0.15000000000000005 0.90750000000000008 -0.87622832653069038 -0.99999999999999911 -1.4185390885838174
decision_type=2 2 2 2 2 2
left_child=1 5 3 -2 -3 -1
right_child=2 4 -4 -5 -6 -7
leaf_value=-0.002551513789322698 0.028056747557648667 -0.015804652681694911 0.032347059351184412 0.0020988647417917059 -0.00011441521912590349 -0.036682709227881173
leaf_weight=3.0067922994494429 16.703097581863403 51.310261115431786 11.212285965681074 140.57883997261524 117.08821038901806 12.037368945777414
leaf_count=29 78 245 81 717 523 125
internal_value=-0.000309441 -0.00822181 0.00829358 0.00563506 -0.00521304 -0.0321992
internal_weight=351.937 183.443 168.494 157.282 168.398 15.0442
internal_count=1798 922 876 795 768 154
is_linear=0
shrinkage=0.05


Tree=49
num_leaves=7
num_cat=0
split_feature=0 0 9 5 2 4
split_gain=9.3181 5.98411 4.41241 2.88679 2.7607 1.96077
threshold=0.66000000000000014 0.15000000000000005 -0.86880303778761203 0.2975000000000001 0.12041988833950518 0.058922612779853362
decision_type=2 2 2 2 2 2
left_child=1 -1 -3 5 -5 -2
right_child=3 2 -4 4 -6 -7
leaf_value=-0.03164436444198189 0.019281896537439284 -0.014001067995543612 0.0010274168032671292 -0.024272159880215569 0.010923453295661132 -0.0045002826002577059
leaf_weight=14.695769287645815 68.998035676777363 61.049030780792236 185.19044342637062 5.531111001968382 7.4747324138879776 7.911506935954093
leaf_count=154 438 278 815 30 46 37
internal_value=-0.000290124 -0.00508625 -0.00290302 0.013163 -0.00662816 0.0167101
internal_weight=350.851 260.935 246.239 89.9154 13.0058 76.9095
internal_count=1798 1247 1093 551 76 475
is_linear=0
shrinkage=0.05


Tree=50
num_leaves=7
num_cat=0
split_feature=0 8 12 12 11 0
split_gain=8.78441 5.09055 8.40463 6.8682 3.71401 3.99374
threshold=0.31750000000000006 0.66574418385534895 -0.21643177949537343 -0.3317488540066757 -0.4541524814928653 0.16750000000000001
decision_type=2 2 2 2 2 2
left_child=4 3 -3 -2 -1 -6
right_child=1 2 -4 -5 5 -7
leaf_value=-0.026965653023961495 -0.0026216836445327784 0.0095548610708451991 -0.019006731678765487 0.017242139609521121 -0.024828706565293589 0.0030941494346389724
leaf_weight=29.356411196291447 71.843147724866867 46.467843800783157 47.163368597626686 100.99406600743532 13.121119797229765 40.614216223359108
leaf_count=177 359 217 219 498 128 200
internal_value=-0.00030689 0.00414936 -0.00506622 0.00914379 -0.0140221 -0.00525726
internal_weight=349.56 266.468 93.6312 172.837 83.0917 53.7353
internal_count=1798 1293 436 857 505 328
is_linear=0
shrinkage=0.05


Tree=51
num_leaves=7
num_cat=0
split_feature=0 0 5 1 0 6
split_gain=8.30448 5.41363 4.4996 2.74696 4.41578 2.23896
threshold=0.66000000000000014 0.15000000000000005 -0.022500000000000003 1.6398856821121541 0.7875000000000002 7.0589899976483776
decision_type=2 2 2 2 2 2
left_child=1 -1 -3 5 -5 -2
right_child=3 2 -4 4 -6 -7
leaf_value=-0.030567777064972712 0.02148620959955103 0.0037944278577685046 -0.0094932792551045385 -0.022642830362366233 0.016325607552943554 0.00059159875561355755
leaf_weight=14.046857282519339 52.872597120702267 124.89592885971069 120.88116765022278 9.462708458304407 9.7587364464998227 16.840286985039711
leaf_count=154 340 575 518 45 58 108
internal_value=-0.000323702 -0.00484988 -0.00279987 0.0124539 -0.00357251 0.0168162
internal_weight=348.758 259.824 245.777 88.9343 19.2214 69.7129
internal_count=1798 1247 1093 551 103 448
is_linear=0
shrinkage=0.05


Tree=52
num_leaves=7
num_cat=0
split_feature=0 6 8 0 6 6
split_gain=7.95684 4.72154 7.65125 4.37378 3.81866 3.80136
threshold=0.41000000000000009 7.0589899976483776 0.61890124754400622 0.90750000000000008 5.863374937834398 6.3339188245283937
decision_type=2 2 2 2 2 2
left_child=1 4 -3 5 -1 -2
right_child=3 2 -4 -5 -6 -7
leaf_value=0.0067510418051819707 0.012734456290282584 -0.01392293518324933 0.031573448231910141 0.030997767227327673 -0.018605545021555633 -0.0013253589179484423
leaf_weight=15.042682640254496 67.766426399350166 15.948533214628698 11.902966119349001 10.704519852995871 87.086044356226921 139.29181031882763
leaf_count=75 331 100 60 81 473 678
internal_value=-0.000322543 -0.00989761 0.00736709 0.00548659 -0.01473 0.00346793
internal_weight=347.743 129.98 27.8515 217.763 102.129 207.058
internal_count=1798 708 160 1090 548 1009
is_linear=0
shrinkage=0.05


Tree=53
num_leaves=7
num_cat=0
split_feature=0 0 7 8 4 3
split_gain=7.6032 5.04303 4.47553 3.61069 1.15592 0.508336
threshold=0.24000000000000002 0.90750000000000008 0.58820001803802568 0.68001285129558886 0.02678035660703568 -1.4142135623730956
decision_type=2 2 2 2 2 2
left_child=3 2 -2 5 -5 -1
right_child=1 -3 -4 4 -6 -7
leaf_value=-0.0070027719666879013 -0.0029327801932247884 0.030388353073344001 0.010257374780493659 -0.0078715978517954789 0.017879288965645099 -0.028940356958230374
leaf_weight=7.1483015269041017 207.24786283075809 10.479255355894564 87.33636611700058 4.1999764218926412 4.2949493005871773 26.098090276122097
leaf_count=55 976 81 423 27 26 210
internal_value=-0.000273594 0.00256412 0.00108368 -0.0190686 0.00694843 -0.0257557
internal_weight=346.805 305.063 294.584 41.7413 8.49493 33.2464
internal_count=1798 1480 1399 318 53 265
is_linear=0
shrinkage=0.05


Tree=54
num_leaves=7
num_cat=0
split_feature=0 0 7 8 4 1
split_gain=7.04875 4.79067 4.06375 3.41682 1.09918 1.04058
threshold=0.24000000000000002 0.90750000000000008 0.58820001803802568 0.68001285129558886 0.02678035660703568 0.96107446232714178
decision_type=2 2 2 2 2 2
left_child=3 2 -2 -1 -5 -3
right_child=1 5 -4 4 -6 -7
leaf_value=-0.025051185255601606 -0.0027894694375415596 0.00035093567679327087 0.009784548952873267 -0.00770765562180594 0.017388616567916078 0.035721207373068491
leaf_weight=32.728807188570499 207.25721825659275 2.6080209687352163 87.223509632050991 4.1816624328494054 4.3353871554136276 7.652518056333065
leaf_count=265 976 21 423 27 26 60
internal_value=-0.000252651 0.00246952 0.00103606 -0.0184577 0.0067737 0.0297914
internal_weight=345.987 304.741 294.481 41.2459 8.51705 10.2605
internal_count=1798 1480 1399 318 53 81
is_linear=0
shrinkage=0.05


Tree=55
num_leaves=7
num_cat=0
split_feature=0 0 5 1 0 3
split_gain=6.72726 4.24715 5.32065 4.19142 4.50963 3.53283
threshold=0.56750000000000012 0.15000000000000005 -0.022500000000000003 1.6398856821121541 0.7875000000000002 0.2443593034974996
decision_type=2 2 2 2 2 2
left_child=1 -1 -3 5 -5 -2
right_child=3 2 -4 4 -6 -7
leaf_value=-0.028905911170500759 0.0031578971005740766 0.0035054585113771632 -0.012565321103207162 -0.02071557806611694 0.015285005832394095 0.021608796468084057
leaf_weight=13.089410640299318 51.225779414176941 115.8576408624649 85.43608820438385 17.944991752505306 9.5440528988838178 52.086375586688519
leaf_count=154 282 538 370 79 58 317
internal_value=-0.000221248 -0.0056321 -0.00345477 0.00852798 -0.00778764 0.0130283
internal_weight=345.184 214.383 201.294 130.801 27.489 103.312
internal_count=1798 1062 908 736 137 599
is_linear=0
shrinkage=0.05


Tree=56
num_leaves=7
num_cat=0
split_feature=0 8 12 12 11 0
split_gain=6.29095 4.81306 7.65791 6.26755 3.67249 3.33326
threshold=0.31750000000000006 0.66574418385534895 -0.21643177949537343 -0.3317488540066757 -0.4541524814928653 0.16750000000000001
decision_type=2 2 2 2 2 2
left_child=4 3 -3 -2 -1 -6
right_child=1 2 -4 -5 5 -7
leaf_value=-0.025079645470843116 -0.0028363174543317069 0.0086304381640212105 -0.018751831871502377 0.016224395271262158 -0.022118546212561527 0.0039713868353776867
leaf_weight=28.229771882295609 71.141073063015938 46.024498127400875 46.866765514016151 99.680448964238167 11.934644453227518 40.223453223705292
leaf_count=177 359 217 219 498 128 200
internal_value=-0.000223939 0.00353606 -0.00543698 0.00843137 -0.0120434 -0.00341106
internal_weight=344.101 263.713 92.8913 170.822 80.3879 52.1581
internal_count=1798 1293 436 857 505 328
is_linear=0
shrinkage=0.05


Tree=57
num_leaves=7
num_cat=0
split_feature=0 0 8 5 2 4
split_gain=5.99287 4.25541 4.26048 2.73627 2.43118 1.73169
threshold=0.66000000000000014 0.15000000000000005 0.48444947825935852 0.2975000000000001 0.12041988833950518 0.058922612779853362
decision_type=2 2 2 2 2 2
left_child=1 -1 -3 5 -5 -2
right_child=3 2 -4 4 -6 -7
leaf_value=-0.027903453572980602 0.016871464851298968 -0.019598344165587447 0.00014025892012532403 -0.02449077070097732 0.0090901318333407467 -0.0052086964440888625
leaf_weight=12.546897687017916 66.083692207932472 26.245075196027756 218.06605544686317 5.4817287623882276 7.151131808757782 7.8270431458950034
leaf_count=154 438 117 976 30 46 37
internal_value=-0.000242422 -0.00408879 -0.00233068 0.0107733 -0.00829419 0.0143513
internal_weight=343.402 256.858 244.311 86.5436 12.6329 73.9107
internal_count=1798 1247 1093 551 76 475
is_linear=0
shrinkage=0.05


Tree=58
num_leaves=7
num_cat=0
split_feature=0 1 1 0 3 2
split_gain=5.62353 3.98497 5.4431 3.34084 3.54642 3.22165
threshold=0.50000000000000011 -0.87622832653069038 -0.28599192177100202 0.15000000000000005 -0.99999999999999911 0.037034124416631939
decision_type=2 2 2 2 2 2
left_child=3 5 -3 -1 -5 -2
right_child=1 2 -4 4 -6 -7
leaf_value=-0.027360726155250915 -0.0036336744665157379 -0.020969590977632277 0.006762816864391211 -0.014418412702486 0.00092150596057041898 0.037850719887377052
leaf_weight=12.2624424546957 5.4586759656667736 15.408723458647726 131.88055962324142 50.445155218243599 115.88145770132542 11.054917603731154
leaf_count=154 29 74 723 245 523 50
internal_value=-0.000267504 0.00632348 0.00326836 -0.00632037 -0.00401594 0.0264803
internal_weight=342.392 163.803 147.289 178.589 166.327 16.5136
internal_count=1798 876 797 922 768 79
is_linear=0
shrinkage=0.05


Tree=59
num_leaves=7
num_cat=0
split_feature=0 0 7 8 12 1
split_gain=5.26076 4.31282 3.64347 3.13056 1.08941 1.05361
threshold=0.24000000000000002 0.90750000000000008 0.58820001803802568 0.68001285129558886 -0.3317488540066757 0.96107446232714178
decision_type=2 2 2 2 2 2
left_child=3 2 -2 -1 -5 -3
right_child=1 5 -4 4 -6 -7
leaf_value=-0.022953329535698681 -0.0029115556284047971 -0.00030622093210791337 0.0090384006454787471 -0.0073914851407657321 0.017838384180699576 0.034508735632356298
leaf_weight=30.979943722486496 205.94495741277933 2.5364806950092298 86.469169050455093 4.0435706079006195 4.3498149290680868 7.2307770922780037
leaf_count=265 976 21 423 25 28 60
internal_value=-0.000270092 0.00205845 0.000714684 -0.0163594 0.00746191 0.0284251
internal_weight=341.555 302.181 292.414 39.3733 8.39339 9.76726
internal_count=1798 1480 1399 318 53 81
is_linear=0
shrinkage=0.05


Tree=60
num_leaves=7
num_cat=0
split_feature=0 0 6 4 0 3
split_gain=4.99494 4.07943 3.95072 3.44107 2.4501 1.16606
threshold=0.7875000000000002 0.15000000000000005 7.0589899976483776 0.057418104410156282 0.93000000000000016 -1.4185390885838174
decision_type=2 2 2 2 2 2
left_child=1 5 -2 -3 -4 -1
right_child=2 3 4 -5 -6 -7
leaf_value=0.0018515242458718604 0.024897597741235195 0.0013091361990883567 -0.0190272326578933 -0.013192321307649283 0.016476071282796462 -0.031949729268289782
leaf_weight=2.4657747298479071 26.779486782848835 247.19868133962154 8.0795525312423688 43.866050072014332 3.1258751824498168 9.3243008777499181
leaf_count=29 192 1178 54 195 25 125
internal_value=-0.000237338 -0.00246327 0.0157322 -0.00106225 -0.00709547 -0.0264343
internal_weight=340.84 302.855 37.9849 291.065 11.2054 11.7901
internal_count=1798 1527 271 1373 79 154
is_linear=0
shrinkage=0.05


Tree=61
num_leaves=7
num_cat=0
split_feature=0 8 4 6 3 12
split_gain=4.78531 5.0883 5.78817 4.5041 6.68016 4.13522
threshold=0.38000000000000006 0.65755058361478902 0.012247448713915898 6.9413931245502987 -1.0088462938727589 -0.49998190155076788
decision_type=2 2 2 2 2 2
left_child=3 2 -2 -1 -5 -3
right_child=1 5 -4 4 -6 -7
leaf_value=-0.015220026908232352 0.027275761647231833 0.0079564931045141216 0.0038119468257307616 -0.021910096870751652 0.018939206745242278 -0.013140292673872622
leaf_weight=74.781306564807892 30.394494980573654 33.198712781071663 110.6054373010993 10.301355615258215 24.65831021219492 56.259971953928471
leaf_count=425 168 159 563 74 140 269
internal_value=-0.00023979 0.00384376 0.00963078 -0.00860916 0.00566698 -0.00530439
internal_weight=340.2 230.459 141 109.741 34.9597 89.4587
internal_count=1798 1159 731 639 214 428
is_linear=0
shrinkage=0.05


Tree=62
num_leaves=7
num_cat=0
split_feature=7 6 6 7 0 1
split_gain=4.69059 6.06132 5.93905 5.76913 5.19453 2.73346
threshold=0.64276892290061383 6.3339188245283937 5.4912489800785922 -0.023769007888555068 0.87000000000000011 -0.24871791482634859
decision_type=2 2 2 2 2 2
left_child=1 3 -2 -1 -3 -4
right_child=2 4 5 -5 -6 -7
leaf_value=0.017080521277069948 -0.029748497110940138 -0.011034741227156971 0.00084901443359019471 -0.0098309884572655454 0.019104287305741281 0.01974180341283489
leaf_weight=50.605906218290329 4.1498222798109046 165.84130359441042 29.760152064263821 26.972465209662914 11.083283498883246 51.139111243188381
leaf_count=253 18 872 159 144 88 264
internal_value=-0.000223093 -0.00363184 0.0096126 0.0076952 -0.00867354 0.0132457
internal_weight=339.552 254.503 85.0491 77.5784 176.925 80.8993
internal_count=1798 1357 441 397 960 423
is_linear=0
shrinkage=0.05


Tree=63
num_leaves=6
num_cat=0
split_feature=0 0 7 3 1
split_gain=4.44869 4.03737 4.05173 1.17275 1.0771
threshold=0.15000000000000005 0.90750000000000008 0.64276892290061383 -1.4185390885838174 0.96107446232714178
decision_type=2 2 2 2 2
left_child=3 2 -2 -1 -3
right_child=1 4 -4 -5 -6
leaf_value=0.0022665549579500232 -0.0034418356730026318 -0.0010410157814419788 0.0091548128412989715 -0.031267084022302653 0.033334367264552182
leaf_weight=2.4172112271189681 236.66731930524111 2.4568785578012449 81.753221109509468 8.9772016108036023 6.8248003423213959
leaf_count=29 1158 21 405 125 60
internal_value=-0.000207427 0.0010485 -0.000116164 -0.0256316 0.0270563
internal_weight=339.097 327.702 318.421 11.3944 9.28168
internal_count=1798 1644 1563 154 81
is_linear=0
shrinkage=0.05


Tree=64
num_leaves=7
num_cat=0
split_feature=0 2 7 2 0 2
split_gain=4.31437 4.19183 5.47925 4.07217 4.03282 4.00215
threshold=0.56750000000000012 0.03572766502609228 0.63098532011360609 0.073323857519935684 0.32750000000000007 0.058442573479364109
decision_type=2 2 2 2 2 2
left_child=3 -2 -3 5 -5 -1
right_child=1 2 -4 4 -6 -7
leaf_value=-0.0038014859108934426 0.022576237447490578 -0.005954723670692514 0.017953877765217559 -0.0075864126099313344 0.016334651412932787 -0.022113248914371365
leaf_weight=111.54554076492786 27.338373504579067 70.026806510984898 30.266167543828487 27.802140913903713 34.400368303060532 37.226340256631374
leaf_count=565 167 390 179 170 142 185
internal_value=-0.000190881 0.00690998 0.0017703 -0.00454715 0.0058739 -0.00895357
internal_weight=338.606 127.631 100.293 210.974 62.2025 148.772
internal_count=1798 736 569 1062 312 750
is_linear=0
shrinkage=0.05


Tree=65
num_leaves=6
num_cat=0
split_feature=0 0 7 3 1
split_gain=4.16293 3.796 3.46109 1.1435 1.05494
threshold=0.15000000000000005 0.90750000000000008 0.64276892290061383 -1.4185390885838174 0.96107446232714178
decision_type=2 2 2 2 2
left_child=3 2 -2 -1 -3
right_child=1 4 -4 -5 -6
leaf_value=0.0023567245755333191 -0.0031577523545604047 -0.0011572217930075183 0.0085088020698491206 -0.030674375385325293 0.032752313698913842
leaf_weight=2.4066940918564788 236.33515676110983 2.4440280273556692 81.307562343776226 8.6854947134852392 6.6273107901215553
leaf_count=29 1158 21 405 125 60
internal_value=-0.000168708 0.00103856 -8.58618e-05 -0.0250021 0.0264514
internal_weight=337.806 326.714 317.643 11.0922 9.07134
internal_count=1798 1644 1563 154 81
is_linear=0
shrinkage=0.05


Tree=66
num_leaves=6
num_cat=0
split_feature=0 0 9 3 1
split_gain=3.96238 3.61729 3.32232 1.10684 1.02205
threshold=0.90750000000000008 0.15000000000000005 -1.7774692772758873 -1.4185390885838174 0.96107446232714178
decision_type=2 2 2 2 2
left_child=1 3 -3 -1 -2
right_child=4 2 -4 -5 -6
leaf_value=0.0023169499136388352 -0.0011379015029947415 -0.026863305413521887 0.00087040352782995613 -0.030207555833814622 0.032273580812733349
leaf_weight=2.411325402557849 2.4460901990532857 6.1802160739898673 311.36945512890816 8.4617021828889829 6.4675673916935921
leaf_count=29 21 33 1530 125 60
internal_value=-0.000154279 -0.00124299 -7.74097e-05 -0.0245368 0.0259908
internal_weight=337.336 328.423 317.55 10.873 8.91366
internal_count=1798 1717 1563 154 81
is_linear=0
shrinkage=0.05


Tree=67
num_leaves=6
num_cat=0
split_feature=0 7 9 6 1
split_gain=3.78611 3.57123 6.79929 6.13179 0.990339
threshold=0.90750000000000008 0.64276892290061383 1.1118816607170565 6.3339188245283937 0.96107446232714178
decision_type=2 2 2 2 2
left_child=1 3 -3 -1 -2
right_child=4 2 -4 -5 -6
leaf_value=0.0071838278558641602 -0.0011188978860993631 0.021127663200596919 -0.00614800255079926 -0.0094877172750215209 0.031804531143479829
leaf_weight=76.472859300673008 2.4481189101934415 40.011017315089703 42.890270993113518 168.82460165023804 6.3124862760305405
leaf_count=388 21 208 222 899 60
internal_value=-0.000163496 -0.00122258 0.00746915 -0.00425059 0.0255406
internal_weight=336.959 328.199 82.9013 245.297 8.76061
internal_count=1798 1717 430 1287 81
is_linear=0
shrinkage=0.05


Tree=68
num_leaves=7
num_cat=0
split_feature=0 0 2 3 2 8
split_gain=3.71925 3.29732 3.12366 1.08128 0.489854 0.0183615
threshold=0.15000000000000005 0.90750000000000008 0.071433729807079169 -1.4185390885838174 0.070372888761928445 0.47862070263993023
decision_type=2 2 2 2 2 2
left_child=3 2 -2 -1 -3 -5
right_child=1 4 -4 5 -6 -7
leaf_value=0.0023987958568766244 -0.0035381540538642663 0.030240842129868307 0.0067689642684946212 -0.0031964232167163119 0.0024035608363145167 -0.031229708611519792
leaf_weight=2.4017967060208312 210.91947119683027 5.6669214591383916 106.44813694804907 1.3044621348381022 2.945158027112484 6.9063302427530289
leaf_count=29 1038 54 525 20 27 105
internal_value=-0.000123311 0.0010034 -2.96801e-05 -0.0239696 0.0251007 -0.0296714
internal_weight=336.592 325.98 317.368 10.6126 8.61208 8.21079
internal_count=1798 1644 1563 154 81 125
is_linear=0
shrinkage=0.05


Tree=69
num_leaves=7
num_cat=0
split_feature=0 2 2 7 6 8
split_gain=3.59067 3.99902 3.92583 4.69044 3.63679 2.85634
threshold=0.56750000000000012 0.022836901693958793 0.03572766502609228 0.63098532011360609 6.8649782424229473 0.68184749905585751
decision_type=2 2 2 2 2 2
left_child=1 -1 5 -4 -3 -2
right_child=2 4 3 -5 -6 -7
leaf_value=-0.025217844295009752 0.029649917216287361 -0.00681512050856415 -0.0056610868071817191 0.016584739584409338 0.0070863799518713425 -0.0040678511568211714
leaf_weight=15.32876221463084 19.930191457271579 125.58629064261913 70.041343711316586 29.672030657529831 68.752942647784948 6.9275873750448218
leaf_count=81 131 618 390 179 363 36
internal_value=-0.000114577 -0.0040992 0.00639099 0.0014345 -0.00184269 0.0216794
internal_weight=336.239 209.668 126.571 99.7134 194.339 26.8578
internal_count=1798 1062 736 569 981 167
is_linear=0
shrinkage=0.05


Tree=70
num_leaves=7
num_cat=0
split_feature=0 12 4 2 9 8
split_gain=3.54875 3.5664 3.50778 4.39404 3.01462 2.82634
threshold=0.20000000000000004 0.56280492174228447 0.058922612779853362 0.073323857519935684 1.0000000180025095e-35 0.58035895506269186
decision_type=2 2 2 2 2 2
left_child=1 -1 3 -2 -3 -4
right_child=2 4 5 -5 -6 -7
leaf_value=-0.027683195646131559 -0.00032996941171671221 -0.015976753052066101 0.0056433235231821109 0.013805336405987892 0.027116372711717074 -0.018884022759015247
leaf_weight=16.172436837106947 197.06765890866518 3.1571050509810439 14.967131748795508 71.131784208118916 3.6927354261279106 29.43854495882988
leaf_count=167 989 34 67 370 41 130
internal_value=-9.99269e-05 -0.0171553 0.00140644 0.00360304 0.00889391 -0.0108825
internal_weight=335.627 23.0223 312.605 268.199 6.84984 44.4057
internal_count=1798 242 1556 1359 75 197
is_linear=0
shrinkage=0.05


Tree=71
num_leaves=7
num_cat=0
split_feature=0 0 9 3 1 8
split_gain=3.42002 3.08015 3.1116 1.05821 1.00511 0.0293059
threshold=0.15000000000000005 0.90750000000000008 -1.7774692772758873 -1.4185390885838174 0.96107446232714178 0.47862070263993023
decision_type=2 2 2 2 2 2
left_child=3 2 -2 -1 -3 -5
right_child=1 4 -4 5 -6 -7
leaf_value=0.0025757724400970019 -0.026002780472673181 -0.001687026008678216 0.0008891386656080507 -0.0029879103940704047 0.030882249580358526 -0.030570538631331419
leaf_weight=2.3813458606600761 6.1365851163864127 2.3868996128439885 310.38043614476919 1.2805505320429782 6.0085917860269547 6.6210556849837303
leaf_count=29 33 21 1530 20 60 105
internal_value=-0.000107797 0.000964931 -2.85062e-05 -0.0232295 0.0244491 -0.0289908
internal_weight=335.195 324.913 316.517 10.283 8.39549 7.90161
internal_count=1798 1644 1563 154 81 125
is_linear=0
shrinkage=0.05


Tree=72
num_leaves=7
num_cat=0
split_feature=0 0 9 1 12 8
split_gain=3.26287 2.9501 2.98261 0.974468 0.637851 0.511862
threshold=0.15000000000000005 0.90750000000000008 -1.9354446677946526 0.96107446232714178 0.90627498150570529 0.50852385941827982
decision_type=2 2 2 2 2 2
left_child=4 2 -2 -3 5 -1
right_child=1 3 -4 -5 -6 -7
leaf_value=-0.00075386992750588297 -0.029164747009053579 -0.0016590873120732709 0.00073836263779742458 0.030440565834093138 0.0018122515526369891 -0.03049525365939082
leaf_weight=1.9497230090200881 3.5634212791919699 2.3898637518286687 312.94061627238989 5.867131806910038 1.6223501302301873 6.5396745428442955
leaf_count=29 19 21 1544 60 23 102
internal_value=-0.000122388 0.000920505 -4.66387e-05 0.0240282 -0.0228394 -0.0264759
internal_weight=334.873 324.761 316.504 8.257 10.1117 8.4894
internal_count=1798 1644 1563 81 154 131
is_linear=0
shrinkage=0.05


Tree=73
num_leaves=7
num_cat=0
split_feature=0 6 8 8 12 6
split_gain=3.1459 4.51367 6.00614 3.2884 3.8117 3.26902
threshold=0.41000000000000009 7.0589899976483776 0.61890124754400622 0.65755058361478902 -0.49998190155076788 5.9486448012896647
decision_type=2 2 2 2 2 2
left_child=1 5 -3 -2 -5 -1
right_child=3 2 -4 4 -6 -7
leaf_value=0.0071485357785158153 0.0084504794188943449 -0.0099219542156795994 0.03157598199758329 0.0090060813855787052 -0.011836347209618521 -0.01531116763281689
leaf_weight=16.867403518408537 127.93278092890978 14.547201514244081 11.693408805876969 30.930476441979408 52.507712319493294 80.07303125038743
leaf_count=88 685 100 60 151 254 460
internal_value=-0.000137905 -0.00634324 0.0106645 0.00354141 -0.00403772 -0.0112443
internal_weight=334.552 123.181 26.2406 211.371 83.4382 96.9404
internal_count=1798 708 160 1090 405 548
is_linear=0
shrinkage=0.05


Tree=74
num_leaves=7
num_cat=0
split_feature=0 4 2 8 3 1
split_gain=3.04927 2.85739 3.8419 3.24925 1.04521 0.0513148
threshold=0.15000000000000005 0.058922612779853362 0.088639406490935116 0.58035895506269186 -1.4185390885838174 -1.5932448863456738
decision_type=2 2 2 2 2 2
left_child=4 2 -2 -3 -1 -6
right_child=1 3 -4 -5 5 -7
leaf_value=0.0029294295111807179 7.8780002854130602e-05 0.0074199757209924113 0.015159432152623352 -0.018420475334850913 -0.0026552675402100826 -0.029779918991419081
leaf_weight=2.3402364552021027 231.52104157209396 15.050417840480803 46.669316202402115 30.80608195066452 1.246995788067579 6.2811068892478925
leaf_count=29 1185 68 251 140 21 104
internal_value=-0.000117776 0.000884735 0.0028317 -0.0100438 -0.0222644 -0.0281398
internal_weight=333.915 324.047 278.19 45.8565 9.86834 7.5281
internal_count=1798 1644 1436 208 154 125
is_linear=0
shrinkage=0.05


Tree=75
num_leaves=6
num_cat=0
split_feature=0 7 9 9 1
split_gain=3.01276 3.03613 6.16405 4.79526 0.954417
threshold=0.90750000000000008 0.64276892290061383 1.1118816607170565 0.67025728520740757 0.96107446232714178
decision_type=2 2 2 2 2
left_child=1 3 -3 -1 -2
right_child=4 2 -4 -5 -6
leaf_value=-0.00088285949104750642 -0.0017806422984198958 0.020072840414367292 -0.00600403172247086 -0.020183038730953371 0.029864461044591725
leaf_weight=210.36264146119356 2.3767889291048032 39.560292787849903 42.543414957821369 33.108996067196131 5.6842891275882721
leaf_count=1103 21 208 222 184 60
internal_value=-0.000130954 -0.00105964 0.00699166 -0.00386076 0.0234242
internal_weight=333.636 325.575 82.1037 243.472 8.06108
internal_count=1798 1717 430 1287 81
is_linear=0
shrinkage=0.05


Tree=76
num_leaves=7
num_cat=0
split_feature=0 6 12 5 6 12
split_gain=2.89519 4.01418 3.01365 2.72565 2.65927 0.786109
threshold=0.7875000000000002 7.0589899976483776 -0.99306417660977864 0.155 6.8569197263604496 0.85935063239667298
decision_type=2 2 2 2 2 2
left_child=2 5 -1 -3 -4 -2
right_child=1 3 4 -5 -6 -7
leaf_value=-0.023795591601102208 0.025455879147240262 0.011175889774156074 -0.0041260540947298235 -0.026304421932563344 0.0057549892084807 0.0010227916521162068
leaf_weight=9.7966853901743871 20.676871679723266 5.1673405915498716 187.68074022233486 5.3665399178862572 100.35674818605185 4.2700471729040137
leaf_count=51 158 40 947 39 529 34
internal_value=-0.000108562 0.0124516 -0.00178573 -0.0102393 -0.000643891 0.0221428
internal_weight=333.315 35.4808 297.834 10.5339 288.037 24.9469
internal_count=1798 271 1527 79 1476 192
is_linear=0
shrinkage=0.05


Tree=77
num_leaves=6
num_cat=0
split_feature=0 9 8 3 1
split_gain=2.88357 2.64084 2.65355 1.02332 0.049243
threshold=0.15000000000000005 -1.7774692772758873 0.64684101120725568 -1.4185390885838174 -1.5932448863456738
decision_type=2 2 2 2 2
left_child=3 -2 -3 -1 -5
right_child=1 2 -4 4 -6
leaf_value=0.0029877018837075548 -0.022828909876324154 0.0056485455188720795 -0.0034377709632071938 -0.0026059640139479649 -0.029325012159721692
leaf_weight=2.3336320072412491 6.3815789073705664 178.37539764493704 138.55566416680813 1.241363003849983 6.0977743193507177
leaf_count=29 36 934 674 21 104
internal_value=-0.000110456 0.00086035 0.0016845 -0.0217952 -0.027693
internal_weight=332.985 323.313 316.931 9.67277 7.33914
internal_count=1798 1644 1608 154 125
is_linear=0
shrinkage=0.05


Tree=78
num_leaves=6
num_cat=0
split_feature=0 7 6 9 2
split_gain=2.82742 2.76274 5.66167 5.61618 0.595607
threshold=0.90750000000000008 0.64276892290061383 6.3339188245283937 1.1118816607170565 0.070372888761928445
decision_type=2 2 2 2 2
left_child=1 2 -1 -3 -2
right_child=4 3 -4 -5 -6
leaf_value=0.0073006027202243175 0.028456384817278281 0.019181765024790635 -0.0087740577970272689 -0.0057442378484504307 0.00074698177013960418
leaf_weight=75.895604275166988 5.1329941749572745 39.359790239483118 167.18951838091016 42.48872971534729 2.7396071404218674
leaf_count=388 54 208 899 222 27
internal_value=-0.00014201 -0.00103688 -0.00370927 0.00665656 0.0228493
internal_weight=332.806 324.934 243.085 81.8485 7.8726
internal_count=1798 1717 1287 430 81
is_linear=0
shrinkage=0.05


Tree=79
num_leaves=7
num_cat=0
split_feature=11 8 11 5 8 11
split_gain=2.78001 7.02603 6.18307 4.66762 4.02169 4.0659
threshold=0.12204979129193404 0.7124201401232243 -0.90164203839979595 0.090000000000000122 0.66136607585617491 0.88697872613715656
decision_type=2 2 2 2 2 2
left_child=1 2 -1 -3 5 -2
right_child=4 3 -4 -5 -6 -7
leaf_value=0.0070313404985687085 0.017800708343463763 0.027181929417082508 -0.015158105099885473 -0.011606004448652743 -0.0056011565113458757 -0.0023312102844978404
leaf_weight=40.555418740957975 62.790202464908361 20.750017561018471 104.57911634817719 7.7757938280701628 57.89304968342185 38.143397208303213
leaf_count=222 365 96 578 38 291 208
internal_value=-0.000104221 -0.00441641 -0.00892996 0.0164548 0.00460159 0.0104418
internal_weight=332.487 173.66 145.135 28.5258 158.827 100.934
internal_count=1798 934 800 134 864 573
is_linear=0
shrinkage=0.05


Tree=80
num_leaves=7
num_cat=0
split_feature=0 4 2 7 3 1
split_gain=2.72916 2.50844 3.49348 3.04901 1.00397 0.048629
threshold=0.15000000000000005 0.058922612779853362 0.088639406490935116 0.72947597496239169 -1.4185390885838174 -1.5932448863456738
decision_type=2 2 2 2 2 2
left_child=4 2 -2 -3 -1 -6
right_child=1 3 -4 -5 5 -7
leaf_value=0.0030634596469312509 5.2110156686703421e-05 -0.015732628787931763 0.014456777619469922 0.011496729324466042 -0.0025435826588172191 -0.028879633348740413
leaf_weight=2.3246204778552055 230.82895409315825 36.054415456950665 46.488231033086777 9.6973682418465597 1.2341667227447031 5.9220434129238111
leaf_count=29 1185 163 251 45 21 104
internal_value=-8.62755e-05 0.000852628 0.00268012 -0.00939715 -0.0213277 -0.0272521
internal_weight=332.55 323.069 277.317 45.7518 9.48083 7.15621
internal_count=1798 1644 1436 208 154 125
is_linear=0
shrinkage=0.05


Tree=81
num_leaves=5
num_cat=0
split_feature=0 9 0 1
split_gain=2.69537 2.6915 2.49341 0.945642
threshold=0.90750000000000008 -1.9354446677946526 0.15000000000000005 0.96107446232714178
decision_type=2 2 2 2
left_child=1 -1 -3 -2
right_child=3 2 -4 -5
leaf_value=-0.028513584804541997 -0.0021368313882967698 -0.020702769867903922 0.00070072106870250339 0.029011462796690236
leaf_weight=3.6354610957205287 2.3378622755408278 9.2185423336923105 311.67886360734701 5.4125800281763077
leaf_count=21 21 152 1544 60
internal_value=-9.57154e-05 -0.000967089 -0.000222339 0.0224623
internal_weight=332.283 324.533 320.897 7.75044
internal_count=1798 1717 1696 81
is_linear=0
shrinkage=0.05


Tree=82
num_leaves=7
num_cat=0
split_feature=0 5 5 11 2 3
split_gain=2.60823 3.88097 4.36261 4.15208 3.64822 4.05597
threshold=0.56750000000000012 -0.022500000000000003 0.019999999999999938 0.11735685049843532 0.03572766502609228 -1.1721705250676624
decision_type=2 2 2 2 2 2
left_child=1 3 -3 -1 -2 -6
right_child=4 2 -4 -5 5 -7
leaf_value=-0.0066102902458120049 0.020407048660048891 -0.026560288627089958 -0.0030857622906028713 0.011088647916595924 0.023003118314007694 -0.0034999322519580541
leaf_weight=62.538039766252041 26.133284352719784 26.222201619297266 58.369630411267281 60.336462114006281 12.154863856732844 86.223696291446686
leaf_count=346 167 124 253 339 69 500
internal_value=-0.0001071 -0.00351476 -0.0114387 0.00217437 0.00548735 0.000728764
internal_weight=331.978 207.466 84.5918 122.875 124.512 98.3786
internal_count=1798 1062 377 685 736 569
is_linear=0
shrinkage=0.05


Tree=83
num_leaves=7
num_cat=0
split_feature=0 8 12 9 8 3
split_gain=2.56137 3.15703 4.91347 3.63572 2.57172 1.23208
threshold=0.24000000000000002 0.66574418385534895 -0.21643177949537343 -1.4540680762168843 0.68001285129558886 -1.6600377076559727
decision_type=2 2 2 2 2 2
left_child=4 3 -3 -2 5 -1
right_child=1 2 -4 -5 -6 -7
leaf_value=0.0058950494186908106 -0.01578429612302986 0.0056841077484686888 -0.015315154899803944 0.0072693458220323458 0.0090263007079842226 -0.021570022251811715
leaf_weight=2.5778083130717269 14.159283660352228 49.48390007764101 53.34319968521595 179.02009985595942 8.0860909782350046 24.895001113414768
leaf_count=21 74 238 251 917 53 244
internal_value=-9.09129e-05 0.00149979 -0.00541462 0.005224 -0.0118851 -0.0184821
internal_weight=331.565 296.006 102.827 193.179 35.5589 27.4728
internal_count=1798 1480 489 991 318 265
is_linear=0
shrinkage=0.05


Tree=84
num_leaves=6
num_cat=0
split_feature=0 7 6 6 1
split_gain=2.52696 2.42827 5.04767 5.02774 0.939606
threshold=0.90750000000000008 0.64276892290061383 5.4912489800785922 6.3339188245283937 0.96107446232714178
decision_type=2 2 2 2 2
left_child=1 3 -3 -1 -2
right_child=4 2 -4 -5 -6
leaf_value=0.0069252034444990188 -0.0023417514967159453 -0.029678183659601551 0.0098662896087114496 -0.0082461292859633585 0.028508338606523815
leaf_weight=75.704706389456987 2.3156584501266471 4.092366710305213 77.417538087815046 166.34526516497135 5.2570475786924362
leaf_count=388 21 18 412 899 60
internal_value=-0.00010546 -0.000945728 0.00628033 -0.00345695 0.021895
internal_weight=331.133 323.56 81.5099 242.05 7.57271
internal_count=1798 1717 430 1287 81
is_linear=0
shrinkage=0.05


Tree=85
num_leaves=5
num_cat=0
split_feature=0 9 0 2
split_gain=2.4173 2.51077 2.25396 0.633941
threshold=0.90750000000000008 -1.9354446677946526 0.15000000000000005 0.070372888761928445
decision_type=2 2 2 2
left_child=1 -1 -3 -2
right_child=3 2 -4 -5
leaf_value=-0.027589994921849288 0.027370970319432086 -0.019890600766558447 0.0006749420882157524 -8.0874886135061554e-05
leaf_weight=3.5908821560442439 4.8191792964935294 8.9102221354842168 310.91291200369596 2.6388204246759415
leaf_count=21 54 152 1544 27
internal_value=-9.62851e-05 -0.000914949 -0.000195367 0.0215237
internal_weight=330.872 323.414 319.823 7.458
internal_count=1798 1717 1696 81
is_linear=0
shrinkage=0.05


Tree=86
num_leaves=7
num_cat=0
split_feature=11 8 11 5 11 8
split_gain=2.36223 6.36723 5.68045 4.32388 4.0361 3.91357
threshold=0.12204979129193404 0.7124201401232243 -0.90164203839979595 0.090000000000000122 0.45006596843155194 0.75513835190329359
decision_type=2 2 2 2 2 2
left_child=1 2 -1 -3 -2 -6
right_child=4 3 -4 -5 5 -7
leaf_value=0.0069144433353156304 0.018311103809977299 0.026102176723561927 -0.014418963946174014 -0.011235999132920999 0.0024776831794484002 -0.027922436406550219
leaf_weight=40.258031718432903 33.826259609311819 20.72051960229874 103.74282747134566 7.7616902962326995 117.69799468666315 6.5866141915321341
leaf_count=222 190 96 578 38 644 30
internal_value=-0.000106145 -0.00409647 -0.00842294 0.0157687 0.00423903 -0.000150983
internal_weight=330.594 172.483 144.001 28.4822 158.111 124.285
internal_count=1798 934 800 134 864 674
is_linear=0
shrinkage=0.05


Tree=87
num_leaves=7
num_cat=0
split_feature=0 6 3 11 1 3
split_gain=2.34988 4.29836 5.55247 3.15775 2.86481 4.63572
threshold=0.41000000000000009 7.0589899976483776 -0.99999999999999911 0.9902680582675113 -0.87622832653069038 -1.6600377076559727
decision_type=2 2 2 2 2 2
left_child=1 3 -3 -1 5 -2
right_child=4 2 -4 -5 -6 -7
leaf_value=-0.012962434650550171 -0.016574478144480397 -0.017555001103147051 0.024426488830933252 0.015740131183782584 0.00048111921758698647 0.024170806122685282
leaf_weight=89.075701113790274 5.1948445513844517 7.6478358544409302 18.15412063524127 6.4411566294729701 178.36896979808807 25.73014523088932
leaf_count=513 25 57 103 35 949 116
internal_value=-0.000100721 -0.00550847 0.0111532 -0.0103402 0.00308931 0.0159721
internal_weight=330.613 121.319 25.802 95.5169 209.294 30.925
internal_count=1798 708 160 548 1090 141
is_linear=0
shrinkage=0.05


Tree=88
num_leaves=5
num_cat=0
split_feature=0 9 8 1
split_gain=2.32967 2.41429 2.11002 0.921288
threshold=0.90750000000000008 -1.9354446677946526 0.66574418385534895 0.96107446232714178
decision_type=2 2 2 2
left_child=1 -1 -3 -2
right_child=3 2 -4 -5
leaf_value=-0.027083092541533717 -0.002505516240413062 0.0027745600475923976 -0.0056044700057294242 0.027880779122536028
leaf_weight=3.5650365240871897 2.297847092151641 208.27182080224156 111.00591091066599 5.0686052665114403
leaf_count=21 21 1150 546 60
internal_value=-8.33753e-05 -0.000885741 -0.000180142 0.0212216
internal_weight=330.209 322.843 319.278 7.36645
internal_count=1798 1717 1696 81
is_linear=0
shrinkage=0.05


Tree=89
num_leaves=7
num_cat=0
split_feature=0 8 6 9 5 11
split_gain=2.2394 3.80073 3.93603 3.80998 2.87646 2.11032
threshold=0.66000000000000014 0.48444947825935852 6.8569197263604496 -1.0000000180025095e-35 0.3050000000000001 0.51875448017757009
decision_type=2 2 2 2 2 2
left_child=1 3 -3 -1 -2 -6
right_child=4 2 -4 -5 5 -7
leaf_value=-0.034213938900563977 0.010577272180644356 -0.0048968604380958481 0.0087445535455771169 0.00022466413045183557 -0.02400668595146728 0.01122541552897431
leaf_weight=12.542387858033182 70.5992830991745 145.51747894659638 76.516938641667366 14.692682199180124 7.3249343857169134 2.8951968476176262
leaf_count=68 484 709 394 76 45 22
internal_value=-8.24365e-05 -0.00243837 -0.000106741 -0.018482 0.00690264 -0.0136171
internal_weight=330.089 249.269 222.034 27.2351 80.8194 10.2201
internal_count=1798 1247 1103 144 551 67
is_linear=0
shrinkage=0.05


Tree=90
num_leaves=7
num_cat=0
split_feature=11 8 11 5 11 4
split_gain=2.19862 5.95608 5.10642 4.01201 3.75576 3.79713
threshold=0.12204979129193404 0.7124201401232243 -0.90164203839979595 0.090000000000000122 0.45006596843155194 0.066090609885721505
decision_type=2 2 2 2 2 2
left_child=1 2 -1 -3 -2 -6
right_child=4 3 -4 -5 5 -7
leaf_value=0.0064171296682366532 0.01769409555783635 0.025217731830807413 -0.013841085428490671 -0.010773222255671013 0.0030470608625255331 -0.022400609854640239
leaf_weight=40.174686901271343 33.700963068753481 20.697792142629627 103.43458602577448 7.7577211931347838 112.04759072139859 11.757698580622671
leaf_count=222 190 96 578 38 616 58
internal_value=-0.000102565 -0.0039554 -0.00814862 0.015262 0.00409859 -0.000145425
internal_weight=329.571 172.065 143.609 28.4555 157.506 123.805
internal_count=1798 934 800 134 864 674
is_linear=0
shrinkage=0.05


Tree=91
num_leaves=5
num_cat=0
split_feature=0 9 8 1
split_gain=2.21952 2.30554 2.11144 0.887683
threshold=0.90750000000000008 -1.9354446677946526 0.66574418385534895 0.96107446232714178
decision_type=2 2 2 2
left_child=1 -1 -3 -2
right_child=3 2 -4 -5
leaf_value=-0.026534672233458945 -0.0024409670087542691 0.0027734084159013184 -0.0056145141958042714 0.02743356633813579
leaf_weight=3.5255364403128615 2.3040094003081313 207.94979040697217 110.84246119856834 4.9355036467313766
leaf_count=21 21 1150 546 60
internal_value=-9.35184e-05 -0.000873844 -0.000184694 0.0208127
internal_weight=329.557 322.318 318.792 7.23951
internal_count=1798 1717 1696 81
is_linear=0
shrinkage=0.05


Tree=92
num_leaves=7
num_cat=0
split_feature=0 5 0 11 3 9
split_gain=2.19615 2.09938 4.71476 4.22411 1.02995 0.157174
threshold=0.15000000000000005 -0.022500000000000003 0.69000000000000006 0.11735685049843532 -1.4185390885838174 1.3407763532203243
decision_type=2 2 2 2 2 2
left_child=4 3 -3 -2 -1 -6
right_child=1 2 -4 -5 5 -7
leaf_value=0.0040683309252625916 -0.0032056233987525044 -0.0079750324759363216 0.0081977415490446463 0.014362409109872416 -0.027831675467455907 -0.0012061455098694939
leaf_weight=2.2096843048930168 66.184741027653217 128.41210570186377 63.329331688582897 62.696424171328545 5.5286861136555654 1.0803375914692877
leaf_count=29 318 568 458 300 105 20
internal_value=-9.19766e-05 0.000737887 -0.00256082 0.00555786 -0.0196135 -0.0258734
internal_weight=329.441 320.623 191.741 128.881 8.81871 6.60902
internal_count=1798 1644 1026 618 154 125
is_linear=0
shrinkage=0.05


Tree=93
num_leaves=7
num_cat=0
split_feature=0 8 12 8 8 3
split_gain=2.10905 2.88459 4.43872 3.14679 2.31651 1.16571
threshold=0.24000000000000002 0.66574418385534895 -0.21643177949537343 0.49098576581049852 0.68001285129558886 -1.6600377076559727
decision_type=2 2 2 2 2 2
left_child=4 3 -3 -2 5 -1
right_child=1 2 -4 -5 -6 -7
leaf_value=0.0060706073568783346 -0.0083327747887975406 0.0053094139315546171 -0.014698673272806767 0.007805974823211193 0.008792030232125712 -0.020422004201886629
leaf_weight=2.5555518344044676 32.691462695598602 49.211392521858215 53.134060226380825 159.2510522864759 8.0890679955482465 24.13937566429377
leaf_count=21 167 238 251 824 53 244
internal_value=-9.79906e-05 0.00134119 -0.00527887 0.00491547 -0.0109124 -0.0173283
internal_weight=329.072 294.288 102.345 191.943 34.784 26.6949
internal_count=1798 1480 489 991 318 265
is_linear=0
shrinkage=0.05


Tree=94
num_leaves=7
num_cat=0
split_feature=4 2 2 8 2 6
split_gain=2.07965 3.15926 6.48383 5.08926 3.08612 4.88327
threshold=0.058922612779853362 0.082103361200150937 0.066451455069384019 0.55557250081518339 0.088639406490935116 7.2421967157833231
decision_type=2 2 2 2 2 2
left_child=4 2 -2 -3 -1 -6
right_child=1 3 -4 -5 5 -7
leaf_value=-0.00087994830609626593 -0.01913497718723272 0.013256663102662439 0.024232176666688979 -0.032696598602580805 0.019633555578442003 -0.015944424705086158
leaf_weight=234.82298178598285 12.256911791861059 5.2070254907012012 12.301086723804472 16.57918843999505 39.247608575969934 8.2715107724070531
leaf_count=1302 57 26 55 82 225 51
internal_value=-0.000105258 -0.00937248 0.00301212 -0.0212891 0.0015525 0.0125122
internal_weight=328.686 46.3442 24.558 21.7862 282.342 47.5191
internal_count=1798 220 112 108 1578 276
is_linear=0
shrinkage=0.05


Tree=95
num_leaves=5
num_cat=0
split_feature=0 9 0 1
split_gain=2.06798 2.21963 1.92088 0.868142
threshold=0.90750000000000008 -1.9354446677946526 0.15000000000000005 0.96107446232714178
decision_type=2 2 2 2
left_child=1 -1 -3 -2
right_child=3 2 -4 -5
leaf_value=-0.026086601490113284 -0.0025546490136560732 -0.018673067543190969 0.00061264803150580961 0.0268715424875435
leaf_weight=3.492015663534402 2.2920165434479705 8.4643737487494928 309.56108431518078 4.7719648890197277
leaf_count=21 21 152 1544 60
internal_value=-0.000108743 -0.00085825 -0.000181738 0.0202221
internal_weight=328.581 321.517 318.025 7.06398
internal_count=1798 1717 1696 81
is_linear=0
shrinkage=0.05


Tree=96
num_leaves=7
num_cat=0
split_feature=0 5 11 6 3 7
split_gain=1.9926 2.97908 2.82563 2.65665 12.3078 5.67523
threshold=0.50000000000000011 -0.14249999999999996 -0.95631538563385365 6.6557169676841328 -0.99999999999999956 0.25619077319176725
decision_type=2 2 2 2 2 2
left_child=3 -2 -3 5 -5 -1
right_child=1 2 -4 4 -6 -7
leaf_value=0.00048315746795758149 0.030517842323226369 0.020384933265468513 -0.00035837508527815403 -0.024849190756899894 0.01382391964595669 -0.025233844631077852
leaf_weight=52.783074695616961 4.8909927159547797 13.601809337735174 138.43074003234506 24.495560698211193 63.189609937369823 30.931820582598448
leaf_count=269 21 76 779 161 328 164
internal_value=-0.000118283 0.00388854 0.00208743 -0.00379293 0.00226257 -0.00990566
internal_weight=328.324 156.924 152.033 171.4 87.6852 83.7149
internal_count=1798 876 855 922 489 433
is_linear=0
shrinkage=0.05


Tree=97
num_leaves=7
num_cat=0
split_feature=7 9 8 9 6 2
split_gain=2.03691 5.50886 5.19138 5.1619 5.28062 3.12099
threshold=0.64276892290061383 0.67025728520740757 0.66344057047461735 1.1118816607170565 6.7367057382812652 0.070372888761928445
decision_type=2 2 2 2 2 2
left_child=1 5 -3 -2 -5 -1
right_child=3 2 -4 4 -6 -7
leaf_value=-0.0036716025187110064 0.018489395896676083 -0.0052779432097886728 -0.045296419417086148 -0.019780769305763293 0.012206924204351717 0.0086922265113226812
leaf_weight=138.74165290221572 39.411937177181244 24.935845464468002 8.2688678689300996 23.017738725990057 19.364627979695797 74.18802435323596
leaf_count=767 215 146 46 122 104 398
internal_value=-0.000102482 -0.00238308 -0.0198675 0.00650221 -0.00541964 0.000736742
internal_weight=327.929 246.134 33.2047 81.7943 42.3824 212.93
internal_count=1798 1357 192 441 226 1165
is_linear=0
shrinkage=0.05


Tree=98
num_leaves=5
num_cat=0
split_feature=0 9 8 1
split_gain=1.98156 2.12608 1.82424 0.837954
threshold=0.90750000000000008 -1.9354446677946526 0.49098576581049852 0.96107446232714178
decision_type=2 2 2 2
left_child=1 -1 -3 -2
right_child=3 2 -4 -5
leaf_value=-0.025579127456977015 -0.0024852241354333688 -0.010210000810005098 0.0012011963455089772 0.026473309553504146
leaf_weight=3.4696311540901652 2.2990315109491339 34.885650388896465 282.40753775835037 4.6604928188025951
leaf_count=21 21 195 1501 60
internal_value=-0.000123346 -0.000855363 -0.00019237 0.0198675
internal_weight=327.722 320.763 317.293 6.95952
internal_count=1798 1717 1696 81
is_linear=0
shrinkage=0.05


Tree=99
num_leaves=7
num_cat=0
split_feature=11 8 8 11 8 11
split_gain=1.97584 5.67067 4.759 3.45778 3.55648 2.74481
threshold=0.12204979129193404 0.7124201401232243 0.67398331734739736 0.45006596843155194 0.75513835190329359 -0.11757350566868523
decision_type=2 2 2 2 2 2
left_child=1 2 -1 -2 -5 -3
right_child=3 5 -4 4 -6 -7
leaf_value=-0.003351913795062598 0.016943452709178766 0.021188849784274957 -0.026268255421821735 0.0023119841099744072 -0.026736642308183331 -0.011981127657959079
leaf_weight=119.00122069939971 33.514899622648954 23.929504826664928 23.585608638823032 116.56781158968806 6.5370635390281668 4.4494200050830832
leaf_count=681 190 113 119 644 30 21
internal_value=-0.000125055 -0.00378919 -0.00790406 0.00386819 -0.000213883 0.0149726
internal_weight=327.586 170.966 142.587 156.62 123.105 28.3789
internal_count=1798 934 800 864 674 134
is_linear=0
shrinkage=0.05


Tree=100
num_leaves=7
num_cat=0
split_feature=4 2 2 8 4 8
split_gain=1.93498 3.00531 5.90395 4.68968 2.67418 4.78506
threshold=0.058922612779853362 0.082103361200150937 0.066451455069384019 0.55557250081518339 0.028613807855648973 0.51602920763039861
decision_type=2 2 2 2 2 2
left_child=4 2 -2 -3 -1 -6
right_child=1 3 -4 -5 5 -7
leaf_value=-0.0026120741990294178 -0.018213909844749743 0.012528039696709009 0.023216977161950536 -0.031713591789708673 -0.017087409018024607 0.010869741690723859
leaf_weight=165.05027689412236 12.196249462664129 5.199309807270768 12.287982717156408 16.480994950979948 13.25318782404065 103.08806253224611
leaf_count=979 57 26 55 82 74 525
internal_value=-0.000139804 -0.00909416 0.0029902 -0.0207442 0.00146235 0.00711209
internal_weight=327.556 46.1645 24.4842 21.6803 281.392 116.341
internal_count=1798 220 112 108 1578 599
is_linear=0
shrinkage=0.05


Tree=101
num_leaves=5
num_cat=0
split_feature=0 9 0 1
split_gain=1.91397 2.03629 1.7449 0.807668
threshold=0.90750000000000008 -1.9354446677946526 0.15000000000000005 0.96107446232714178
decision_type=2 2 2 2
left_child=1 -1 -3 -2
right_child=3 2 -4 -5
leaf_value=-0.025101206485918293 -0.0023861946214695593 -0.01800055483562361 0.00053463088114381484 0.026121945468698945
leaf_weight=3.4438038729131213 2.309216044843196 8.233479078859089 308.90399261564016 4.562696285545826
leaf_count=21 21 152 1544 60
internal_value=-0.000150342 -0.000867178 -0.0002185 0.0195718
internal_weight=327.453 320.581 317.137 6.87191
internal_count=1798 1717 1696 81
is_linear=0
shrinkage=0.05


Tree=102
num_leaves=7
num_cat=0
split_feature=7 6 6 7 4 4
split_gain=1.84942 4.62591 4.44541 4.56142 3.30742 2.8393
threshold=0.64276892290061383 5.4912489800785922 6.3339188245283937 -0.023769007888555068 0.057418104410156282 0.043373319090839427
decision_type=2 2 2 2 2 2
left_child=2 -2 3 -1 -4 -3
right_child=1 5 4 -5 -6 -7
leaf_value=0.015803966671133377 -0.028362191279343599 0.003250587153722491 -0.0033091244228556378 -0.0084566037667250429 -0.021003229727192842 0.023937731291025634
leaf_weight=49.60326924175024 4.0615448504686347 58.129973415285349 141.64144833385944 26.105838228017092 28.276411481201649 19.391040414571762
leaf_count=253 18 323 827 144 133 100
internal_value=-0.000157124 0.00614524 -0.00233123 0.00743285 -0.00676985 0.00956212
internal_weight=327.21 81.5826 245.627 75.7091 169.918 77.521
internal_count=1798 441 1357 397 960 423
is_linear=0
shrinkage=0.05


Tree=103
num_leaves=6
num_cat=0
split_feature=0 7 2 8 1
split_gain=1.84756 1.98325 4.35651 2.68878 0.78164
threshold=0.90750000000000008 -0.61839076804093918 0.075101713908928266 0.49098576581049852 0.96107446232714178
decision_type=2 2 2 2 2
left_child=1 2 -1 -3 -2
right_child=4 3 -4 -5 -6
leaf_value=-0.015201406664269917 -0.0023120711317270357 -0.011463605300148063 0.008725559324525109 0.0034289671369855043 0.025790587547600542
leaf_weight=52.911649148911238 2.3169063031673423 30.265137553215027 24.39285147190094 212.75322981923819 4.470264595001936
leaf_count=275 21 170 127 1145 60
internal_value=-0.000163018 -0.000865191 -0.00758002 0.00138056 0.0192859
internal_weight=327.11 320.323 77.3045 243.018 6.78717
internal_count=1798 1717 402 1315 81
is_linear=0
shrinkage=0.05


Tree=104
num_leaves=7
num_cat=0
split_feature=0 1 1 2 11 8
split_gain=1.79921 4.34863 4.34658 3.26112 2.31793 5.01171
threshold=0.50000000000000011 -0.87622832653069038 -0.19855480224443298 0.037034124416631939 0.11735685049843532 0.61088838652304822
decision_type=2 2 2 2 2 2
left_child=4 3 -3 -2 -1 -6
right_child=1 2 -4 -5 5 -7
leaf_value=-0.0091352513540076206 -0.0049407905992982374 -0.019261106499051318 0.0041207731732003493 0.036350896188634158 0.014144675657195233 -0.0090275780927886289
leaf_weight=87.019780345261097 5.3068494498729732 18.583542495965958 121.50601181015372 10.825105026364325 40.113891359418631 43.526082240045071
leaf_count=469 29 90 707 50 228 225
internal_value=-0.000148201 0.00366818 0.00046218 0.0248123 -0.00364668 0.00225686
internal_weight=326.881 156.222 140.09 16.132 170.66 83.64
internal_count=1798 876 797 79 922 453
is_linear=0
shrinkage=0.05


Tree=105
num_leaves=5
num_cat=0
split_feature=0 9 5 1
split_gain=1.75044 1.93252 1.68863 0.971197
threshold=0.90750000000000008 -1.9354446677946526 0.3050000000000001 0.9439384017389455
decision_type=2 2 2 2
left_child=1 -1 -3 -2
right_child=3 2 -4 -5
leaf_value=-0.024461970215594733 -0.0039882229158533676 0.00062817782867510049 -0.01620561815924235 0.026037834608618384
leaf_weight=3.4153860695660105 2.1142521724104872 305.74294330179691 10.648202382028101 4.5604806952178478
leaf_count=21 19 1637 59 62
internal_value=-0.000131781 -0.000813542 -0.000181669 0.0188922
internal_weight=326.481 319.807 316.391 6.67473
internal_count=1798 1717 1696 81
is_linear=0
shrinkage=0.05


Tree=106
num_leaves=7
num_cat=0
split_feature=0 4 4 8 3 9
split_gain=1.71552 2.10111 3.03695 2.48545 1.08635 0.184932
threshold=0.15000000000000005 0.0070710678118654805 0.018027756377319949 0.6504164435236145 -1.4185390885838174 1.3407763532203243
decision_type=2 2 2 2 2 2
left_child=4 3 -3 -2 -1 -6
right_child=1 2 -4 -5 5 -7
leaf_value=0.0053766753614605421 0.02083095359409274 -0.0095605044092979593 0.002130873217232722 -0.0085327910319006658 -0.026624203957722206 -0.00067598349167428831
leaf_weight=2.0643189959228039 19.305675584822897 68.412946775555611 223.53465866670012 7.0097363218665114 5.0951766110956651 1.0221022516489027
leaf_count=29 105 379 1122 38 105 20
internal_value=-0.000138536 0.000584501 -0.000723651 0.0128957 -0.0178176 -0.0245426
internal_weight=326.445 318.263 291.948 26.3154 8.1816 6.11728
internal_count=1798 1644 1501 143 154 125
is_linear=0
shrinkage=0.05


Tree=107
num_leaves=7
num_cat=0
split_feature=4 2 2 8 11 11
split_gain=1.73963 2.78288 5.34702 4.38802 2.41439 3.89202
threshold=0.058922612779853362 0.082103361200150937 0.066451455069384019 0.55557250081518339 0.11735685049843532 -0.90164203839979595
decision_type=2 2 2 2 2 2
left_child=4 2 -2 -3 5 -1
right_child=1 3 -4 -5 -6 -7
leaf_value=0.0096929557904003386 -0.017286835873498958 0.012242261908031953 0.022201432512974628 -0.030535704713193126 0.0059683377319799079 -0.0081064579370769448
leaf_weight=38.097573582082987 12.114333815872671 5.1919021829962757 12.274586513638495 16.398863550275564 138.54053436219692 103.72922121360898
leaf_count=215 57 26 55 82 778 585
internal_value=-0.000144734 -0.0086503 0.00298303 -0.0198812 0.00137729 -0.00315791
internal_weight=326.347 45.9797 24.3889 21.5908 280.367 141.827
internal_count=1798 220 112 108 1578 800
is_linear=0
shrinkage=0.05


Tree=108
num_leaves=7
num_cat=0
split_feature=0 2 3 2 7 7
split_gain=1.69018 3.52691 3.69354 3.46962 2.93419 2.65392
threshold=0.56750000000000012 0.03572766502609228 -1.1721705250676624 0.022836901693958793 -0.57546110678546925 0.66252535360380904
decision_type=2 2 2 2 2 2
left_child=3 5 -3 -1 -5 -2
right_child=1 2 -4 4 -6 -7
leaf_value=-0.022905965637778192 0.027175068164106364 0.021294894719096066 -0.0042696729528947956 -0.010195803559991862 0.0031158090978018601 -0.0053679295213860988
leaf_weight=14.641955792903898 18.815162930637602 11.774538479745386 84.598306909203529 53.585872698575258 136.30211471766233 6.5369659401476374
leaf_count=81 126 69 500 276 705 41
internal_value=-0.000142102 0.00441827 -0.000250002 -0.00289685 -0.000805897 0.019282
internal_weight=326.255 121.725 96.3728 204.53 189.888 25.3521
internal_count=1798 736 569 1062 981 167
is_linear=0
shrinkage=0.05


Tree=109
num_leaves=7
num_cat=0
split_feature=6 9 6 0 9 0
split_gain=1.70538 5.46253 4.98856 4.42828 4.03878 4.89095
threshold=6.176697872694235 -0.86880303778761203 6.6149600502560508 0.66000000000000014 -0.47191709444235413 0.51750000000000018
decision_type=2 2 2 2 2 2
left_child=4 3 -3 -2 -1 -6
right_child=1 2 -4 -5 5 -7
leaf_value=0.019814735675373809 -0.021875977888768272 -0.0094456000354105184 0.0075154032892295235 0.0073406832644020217 -0.016928748069053663 0.011732050674226231
leaf_weight=27.641840696334839 45.141615718603134 59.122112475335598 129.55075017735362 14.698016878217457 24.407894238829613 25.297510322183371
leaf_count=141 234 322 736 101 123 141
internal_value=-0.000128049 -0.00215677 0.0020939 -0.014687 0.00612531 -0.00260279
internal_weight=325.86 248.512 188.673 59.8396 77.3472 49.7054
internal_count=1798 1393 1058 335 405 264
is_linear=0
shrinkage=0.05


Tree=110
num_leaves=5
num_cat=0
split_feature=9 8 6 2
split_gain=1.63757 1.93204 4.1464 3.96005
threshold=-1.7774692772758873 0.64523777796837456 6.7367057382812652 0.05818433351570395
decision_type=2 2 2 2
left_child=-1 3 -3 -2
right_child=1 2 -4 -5
leaf_value=-0.018969322110334367 0.010795826611454932 -0.010350714786786621 0.0066781423285972308 -0.0037731830908944866
leaf_weight=6.1421904005110255 93.294526003301144 86.492847360670567 54.313789948821068 85.055409427732229
leaf_count=39 558 439 282 480
internal_value=-0.000123813 0.000525871 -0.00377836 0.00393442
internal_weight=325.299 319.157 140.807 178.35
internal_count=1798 1759 721 1038
is_linear=0
shrinkage=0.05


Tree=111
num_leaves=7
num_cat=0
split_feature=6 9 7 0 6 0
split_gain=1.65025 5.83906 5.01649 4.27253 4.13084 3.9554
threshold=6.193935809775768 -0.86880303778761203 -0.26438637120684377 0.66000000000000014 6.8149046661589834 0.51750000000000018
decision_type=2 2 2 2 2 2
left_child=2 3 -1 -2 -3 -4
right_child=1 4 5 -5 -6 -7
leaf_value=0.019963467934086196 -0.022315387094164241 -0.0051889041479964435 -0.018071923713046469 0.0066855712341803743 0.0093187485157597266 0.008203306096332099
leaf_weight=31.441043738275766 44.436570655554533 91.752502541989088 21.806242533028126 14.486541107296942 95.033814121037722 26.322478853166103
leaf_count=161 232 498 110 100 549 148
internal_value=-0.000129496 -0.00216492 0.00591224 -0.0152201 0.00224286 -0.00428191
internal_weight=325.279 245.709 79.5698 58.9231 186.786 48.1287
internal_count=1798 1379 419 332 1047 258
is_linear=0
shrinkage=0.05


Tree=112
num_leaves=7
num_cat=0
split_feature=0 5 0 11 3 9
split_gain=1.64152 2.20974 3.53782 3.53335 1.05524 0.170168
threshold=0.15000000000000005 -0.022500000000000003 0.69000000000000006 0.11735685049843532 -1.4185390885838174 1.3407763532203243
decision_type=2 2 2 2 2 2
left_child=4 3 -3 -2 -1 -6
right_child=1 2 -4 -5 5 -7
leaf_value=0.0052972413103171525 -0.002556829403154855 -0.0075002020249865468 0.0066677080986306042 0.013588712751879273 -0.026241008785369814 -0.00076697316680286384
leaf_weight=2.0727919600903988 65.44428912550211 127.29672583937645 61.504120569676161 62.435592889785767 4.9641808308660966 1.0318164005875585
leaf_count=29 318 568 458 300 105 20
internal_value=-0.000124953 0.000582648 -0.00283189 0.00554071 -0.0174944 -0.0241994
internal_weight=324.75 316.681 188.801 127.88 8.06879 5.996
internal_count=1798 1644 1026 618 154 125
is_linear=0
shrinkage=0.05


Tree=113
num_leaves=7
num_cat=0
split_feature=2 5 2 0 0 5
split_gain=1.60818 3.49372 2.89478 2.80563 2.31852 1.18081
threshold=0.11750592993540139 0.3050000000000001 0.14547273392652485 0.64750000000000008 0.30750000000000005 0.29250000000000009
decision_type=2 2 2 2 2 2
left_child=1 3 4 -1 -2 -4
right_child=2 -3 5 -5 -6 -7
leaf_value=-0.002954280488464963 -0.0049335285961825126 -0.03107815739194901 -0.023524103981080988 0.0081747880497812422 0.029189229664922423 0.0055609553339144397
leaf_weight=226.12034672871232 5.1860509254038396 4.4754645079374304 2.7360538840293875 70.014052711427212 12.351082041859625 3.5763420425355434
leaf_count=1143 34 24 17 487 68 25
internal_value=-0.000127876 -0.00119123 0.0111586 -0.000231028 0.0202427 -0.0118711
internal_weight=324.459 300.61 23.8495 296.134 17.5371 6.3124
internal_count=1798 1654 144 1630 102 42
is_linear=0
shrinkage=0.05


Tree=114
num_leaves=7
num_cat=0
split_feature=0 5 11 0 3 8
split_gain=1.55065 2.08536 3.21801 3.01232 1.02611 0.172595
threshold=0.15000000000000005 -0.022500000000000003 0.11735685049843532 0.69000000000000006 -1.4185390885838174 0.48707782739291389
decision_type=2 2 2 2 2 2
left_child=4 2 -2 -3 -1 -6
right_child=1 3 -4 -5 5 -7
leaf_value=0.0052624222938537956 -0.0023804660724179956 -0.0070726441812816142 0.013030227636487242 0.0060450405356643287 -0.00067634228649232175 -0.0258726168084321
leaf_weight=2.0766144096851349 65.347667895257473 127.15020227432251 62.544475108385086 60.925266623497009 1.024718228727578 4.8352595791220665
leaf_count=29 318 568 300 458 21 104
internal_value=-0.000136117 0.000549991 0.00536269 -0.00277679 -0.0171064 -0.0238066
internal_weight=323.904 315.968 127.892 188.075 7.93659 5.85998
internal_count=1798 1644 618 1026 154 125
is_linear=0
shrinkage=0.05


Tree=115
num_leaves=5
num_cat=0
split_feature=9 8 6 2
split_gain=1.55054 1.7579 3.74783 3.731
threshold=-1.7774692772758873 0.64523777796837456 6.7367057382812652 0.05818433351570395
decision_type=2 2 2 2
left_child=-1 3 -3 -2
right_child=1 2 -4 -5
leaf_value=-0.018548374654030333 0.010433286212333928 -0.0098768113153672073 0.0063494088446805199 -0.0037418942844411143
leaf_weight=6.0561113245785227 92.789869017899036 86.145742788910866 54.030212186276913 84.614311631768942
leaf_count=39 558 439 282 480
internal_value=-0.000138612 0.000494513 -0.00361921 0.00375508
internal_weight=323.636 317.58 140.176 177.404
internal_count=1798 1759 721 1038
is_linear=0
shrinkage=0.05


Tree=116
num_leaves=7
num_cat=0
split_feature=7 9 8 9 0 2
split_gain=1.52199 5.06779 4.80473 4.70898 4.11159 2.82085
threshold=0.64276892290061383 0.67025728520740757 0.66344057047461735 1.1118816607170565 0.7400000000000001 0.070372888761928445
decision_type=2 2 2 2 2 2
left_child=1 5 -3 -2 -5 -1
right_child=3 2 -4 4 -6 -7
leaf_value=-0.0033477141021655576 0.017146611341714451 -0.004900556598804476 -0.043536016937077461 -0.012390638995894064 0.022730819029815781 0.0084812562989853828
leaf_weight=136.5766080878675 38.853948328644037 24.681723814457655 8.1496071144938451 36.401560235768557 5.6250576190650454 73.324395507574081
leaf_count=767 215 146 46 182 44 398
internal_value=-0.00014344 -0.00212975 -0.0189774 0.00559464 -0.00577281 0.00088567
internal_weight=323.613 242.732 32.8313 80.8806 42.0266 209.901
internal_count=1798 1357 192 441 226 1165
is_linear=0
shrinkage=0.05


Tree=117
num_leaves=7
num_cat=0
split_feature=6 7 6 7 8 7
split_gain=1.57652 4.60064 3.60414 3.39384 3.20859 2.58431
threshold=6.193935809775768 -0.26438637120684377 5.5633696588285551 0.64276892290061383 0.50852385941827982 0.94302780124857843
decision_type=2 2 2 2 2 2
left_child=1 4 -3 -2 -1 -5
right_child=3 2 -4 5 -6 -7
leaf_value=-0.011796126617214422 -0.0055606374669223205 -0.021123084278987698 0.0053327713320316444 0.01293204187061988 0.025013359528162329 -0.0088497272623271773
leaf_weight=4.1325977370142963 182.2471211515367 14.715442445129154 33.001434810459614 47.497102346271276 27.26668468862772 14.42799039185047
leaf_count=21 1039 76 182 264 140 76
internal_value=-0.000148285 0.00577262 -0.00405559 -0.0021441 0.0192138 0.00757507
internal_weight=323.288 79.1162 47.7169 244.172 31.3993 61.9251
internal_count=1798 419 258 1379 161 340
is_linear=0
shrinkage=0.05


Tree=118
num_leaves=6
num_cat=0
split_feature=0 5 6 11 1
split_gain=1.50909 1.71814 3.45714 3.20828 0.973799
threshold=0.90750000000000008 -0.022500000000000003 6.1688049488387833 0.11735685049843532 0.9439384017389455
decision_type=2 2 2 2 2
left_child=1 3 -3 -1 -2
right_child=4 2 -4 -5 -6
leaf_value=-0.0040527748656933116 -0.0045280448348070752 0.0078759646202526453 -0.0077014926846307244 0.010859205534195775 0.025128377142189691
leaf_weight=68.654822003096342 2.0584034994244567 42.905370056629181 138.63467533513904 66.665897876024246 4.306449081748724
leaf_count=388 19 228 725 376 62
internal_value=-0.000144038 -0.000774161 -0.00390747 0.0034188 0.0177649
internal_weight=323.226 316.861 181.54 135.321 6.36485
internal_count=1798 1717 953 764 81
is_linear=0
shrinkage=0.05


Tree=119
num_leaves=7
num_cat=0
split_feature=4 2 2 2 5 2
split_gain=1.50139 2.70676 4.76065 3.29477 2.49861 5.82544
threshold=0.058922612779853362 0.082103361200150937 0.066451455069384019 0.12381065869393727 0.3050000000000001 0.088639406490935116
decision_type=2 2 2 2 2 2
left_child=4 2 -2 -3 5 -1
right_child=1 3 -4 -5 -6 -7
leaf_value=-0.00089517637760925118 -0.015935334671115058 -0.028994117649946735 0.021447555334608764 0.0080331435030326429 -0.020582441854219074 0.018860044655637745
leaf_weight=230.73479089513421 11.971267290413381 15.502758629620077 12.237923696637152 5.9398328214883795 7.512902181595563 39.427283555269241
leaf_count=1301 57 75 55 33 55 222
internal_value=-0.000115676 -0.00804137 0.00339854 -0.0191577 0.00130655 0.00227821
internal_weight=323.327 45.6518 24.2092 21.4426 277.675 270.162
internal_count=1798 220 112 108 1578 1523
is_linear=0
shrinkage=0.05


Tree=120
num_leaves=7
num_cat=0
split_feature=0 4 8 7 3 9
split_gain=1.49437 1.87887 3.06721 2.42725 1.01146 0.180701
threshold=0.15000000000000005 0.0070710678118654805 0.49098576581049852 -0.6397708988352645 -1.4185390885838174 1.3407763532203243
decision_type=2 2 2 2 2 2
left_child=4 3 -3 -2 -1 -6
right_child=1 2 -4 -5 5 -7
leaf_value=0.0052786361850450485 -0.011168572793229524 -0.015658691723414022 0.0010290863230988522 0.019140021310855997 -0.025651132175605801 -0.00053475611976223946
leaf_weight=2.0746126510202885 5.2002203464508083 25.688180759549141 263.79512939602137 20.790716838091612 4.7663665860891333 1.0064942464232443
leaf_count=29 28 140 1361 115 105 20
internal_value=-0.000123648 0.00054853 -0.000692479 0.0122524 -0.0168427 -0.0235527
internal_weight=323.322 315.474 289.483 25.9909 7.84747 5.77286
internal_count=1798 1644 1501 143 154 125
is_linear=0
shrinkage=0.05


Tree=121
num_leaves=5
num_cat=0
split_feature=0 9 8 1
split_gain=1.45199 1.56574 1.62273 0.947295
threshold=0.90750000000000008 -1.7774692772758873 0.66574418385534895 0.9439384017389455
decision_type=2 2 2 2
left_child=1 -1 -3 -2
right_child=3 2 -4 -5
leaf_value=-0.019495971226499126 -0.0044538774929796191 0.0025404788901337932 -0.004882425876824692 0.024819346044509097
leaf_weight=5.7717729918658724 2.0655848532915106 201.78072120994329 109.34228365123272 4.2223831601440907
leaf_count=36 19 1135 546 62
internal_value=-0.000138726 -0.000754755 -0.000104218 0.0174898
internal_weight=323.183 316.895 311.123 6.28797
internal_count=1798 1717 1681 81
is_linear=0
shrinkage=0.05


Tree=122
num_leaves=7
num_cat=0
split_feature=0 4 2 8 4 12
split_gain=1.44471 3.56881 4.96537 3.03634 4.7221 3.1693
threshold=0.38000000000000006 0.028613807855649018 0.094917267170390604 0.65755058361478902 0.012618914885341221 -0.49998190155076788
decision_type=2 2 2 2 2 2
left_child=1 -1 -3 4 -2 -5
right_child=3 2 -4 5 -6 -7
leaf_value=-0.012754642775573383 0.022760839655168431 0.014095382163558372 -0.019508107422798474 0.0069238983419792691 0.0013771754201126456 -0.011835807968940943
leaf_weight=57.126706637442112 29.678311213850975 35.088773522526026 10.359273478388785 31.861478704959154 103.89445314928889 55.080941379070282
leaf_count=383 179 192 64 159 552 269
internal_value=-0.000132814 -0.00489862 0.00526158 0.0021435 0.0067782 -0.00495834
internal_weight=323.09 102.575 45.448 220.515 133.573 86.9424
internal_count=1798 639 256 1159 731 428
is_linear=0
shrinkage=0.05


Tree=123
num_leaves=7
num_cat=0
split_feature=0 5 6 11 12 8
split_gain=1.39074 1.78482 2.80586 2.68036 0.684276 0.703384
threshold=0.15000000000000005 -0.022500000000000003 6.1688049488387833 -0.09588194551353231 0.90627498150570529 0.50852385941827982
decision_type=2 2 2 2 2 2
left_child=4 3 -3 -2 5 -1
right_child=1 2 -4 -5 -6 -7
leaf_value=0.0028513948202465882 -0.0026964878182693906 0.0080112472775931958 -0.0059035618528794354 0.011396630678293418 0.00477261712419998 -0.026017407196183173
leaf_weight=1.5313939340412606 59.656889043748379 43.158395852893591 143.99584440141916 68.22220154106617 1.3063291534781454 4.8506633937358856
leaf_count=29 293 234 792 325 23 102
internal_value=-0.000125793 0.000519766 -0.0025698 0.00496797 -0.0163589 -0.0208807
internal_weight=322.722 315.033 187.154 127.879 7.68839 6.38206
internal_count=1798 1644 1026 618 154 131
is_linear=0
shrinkage=0.05


Tree=124
num_leaves=7
num_cat=0
split_feature=0 6 6 11 1 3
split_gain=1.39401 3.57686 5.12625 2.7506 2.47628 3.97089
threshold=0.41000000000000009 7.0589899976483776 7.3056146346233506 0.9902680582675113 -0.87622832653069038 -1.6600377076559727
decision_type=2 2 2 2 2 2
left_child=1 3 -3 -1 5 -2
right_child=4 2 -4 -5 -6 -7
leaf_value=-0.011366266332807204 -0.015796553450587416 0.024945576460541227 -0.014864978901825837 0.015354196429372614 -8.7268752556556709e-05 0.022086268534615539
leaf_weight=86.637110257521272 5.0621384084224728 16.494860153645281 8.8125245161354524 6.415899194777011 174.10059741139412 25.283016547560692
leaf_count=513 25 93 67 35 949 116
internal_value=-0.000125529 -0.00434022 0.0109174 -0.00883491 0.00235986 0.0144261
internal_weight=322.806 118.36 25.3074 93.053 204.446 30.3452
internal_count=1798 708 160 548 1090 141
is_linear=0
shrinkage=0.05


Tree=125
num_leaves=7
num_cat=0
split_feature=2 5 2 0 0 5
split_gain=1.40688 3.19924 2.73924 2.39598 2.14009 1.13727
threshold=0.11750592993540139 0.3050000000000001 0.14547273392652485 0.64750000000000008 0.30750000000000005 0.29250000000000009
decision_type=2 2 2 2 2 2
left_child=1 3 4 -1 -2 -4
right_child=2 -3 5 -5 -6 -7
leaf_value=-0.0026922383732667851 -0.0048182439422721456 -0.029609070989062819 -0.023290922302639763 0.007639025331926801 0.028009157042263162 0.0053883875807901813
leaf_weight=225.08443291299045 5.1513527855277124 4.5330302715301505 2.7104663737118235 69.226264268159866 12.243146438151596 3.5341585464775562
leaf_count=1143 34 24 17 487 68 25
internal_value=-0.000104537 -0.00110152 0.0104911 -0.000175155 0.0193822 -0.0118811
internal_weight=322.483 298.844 23.6391 294.311 17.3945 6.24462
internal_count=1798 1654 144 1630 102 42
is_linear=0
shrinkage=0.05


Tree=126
num_leaves=7
num_cat=0
split_feature=4 8 2 2 5 2
split_gain=1.39458 2.50074 3.32384 2.89721 2.35135 5.36926
threshold=0.058922612779853362 0.58035895506269186 0.071433729807079169 0.082103361200150937 0.3050000000000001 0.088639406490935116
decision_type=2 2 2 2 2 2
left_child=4 2 -2 -3 5 -1
right_child=1 3 -4 -5 -6 -7
leaf_value=-0.00084254033782924778 -0.018577638135478258 0.00020525876013187971 0.019895071873454899 -0.028360829411610101 -0.019925289657757066 0.018175463207197495
leaf_weight=229.7219874933362 4.0447691082954398 16.37849318981171 10.882297046482561 14.194655813276766 7.5650419518351546 39.176515839993954
leaf_count=1301 19 77 51 73 55 222
internal_value=-0.000113882 -0.00776312 0.00742452 -0.0151797 0.00126057 0.00220945
internal_weight=321.964 45.5002 14.9271 30.5731 276.464 268.899
internal_count=1798 220 70 150 1578 1523
is_linear=0
shrinkage=0.05


Tree=127
num_leaves=5
num_cat=0
split_feature=9 2 5 2
split_gain=1.3661 1.39174 3.40938 2.8059
threshold=-1.7774692772758873 0.11750592993540139 0.27250000000000008 0.14547273392652485
decision_type=2 2 2 2
left_child=-1 2 -2 -3
right_child=1 3 -4 -5
leaf_value=-0.017478482695405671 0.00053525600669860729 0.020363169258003286 -0.02685581409945292 -0.011560873515859802
leaf_weight=5.9711366929113856 286.295076161623 16.639124643057588 6.8236363083124152 6.2442178800702086
leaf_count=39 1583 97 37 42
internal_value=-0.000130673 0.000464272 -0.000542119 0.011141
internal_weight=321.973 316.002 293.119 22.8833
internal_count=1798 1759 1620 139
is_linear=0
shrinkage=0.05


Tree=128
num_leaves=6
num_cat=0
split_feature=0 8 4 7 1
split_gain=1.38039 1.61076 3.76434 2.50056 0.92158
threshold=0.90750000000000008 0.49098576581049852 0.016393596310754988 -0.77495424644507793 0.9439384017389455
decision_type=2 2 2 2 2
left_child=1 2 -1 -3 -2
right_child=4 3 -4 -5 -6
leaf_value=0.0066668170344507203 -0.004432345199275929 -0.0094650474312345939 -0.022801918237069247 0.0027228147330154613 0.024433225770321254
leaf_weight=16.417493551969528 2.065167471766471 46.088126432150602 19.172467358410358 234.16467415727675 4.1173799857497215
leaf_count=98 19 246 105 1268 62
internal_value=-0.000150725 -0.000750344 -0.0100614 0.000587723 0.0171206
internal_weight=322.025 315.843 35.59 280.253 6.18255
internal_count=1798 1717 203 1514 81
is_linear=0
shrinkage=0.05


Tree=129
num_leaves=5
num_cat=0
split_feature=0 9 8 1
split_gain=1.32449 1.52501 1.50457 0.895614
threshold=0.90750000000000008 -1.9354446677946526 0.49098576581049852 0.9439384017389455
decision_type=2 2 2 2
left_child=1 -1 -3 -2
right_child=3 2 -4 -5
leaf_value=-0.022014484591126364 -0.0043632627908159949 -0.0093211051035132254 0.0011068546290434714 0.024111213238066226
leaf_weight=3.2014988623559466 2.0719632208347312 34.405900709331036 278.14075079187751 4.0326787494122982
leaf_count=21 19 195 1501 62
internal_value=-0.000145419 -0.000730987 -0.000169773 0.0168337
internal_weight=321.853 315.748 312.547 6.10464
internal_count=1798 1717 1696 81
is_linear=0
shrinkage=0.05


Tree=130
num_leaves=7
num_cat=0
split_feature=4 2 2 8 4 8
split_gain=1.284 2.38266 4.31249 3.91769 2.28236 4.01285
threshold=0.058922612779853362 0.082103361200150937 0.066451455069384019 0.55557250081518339 0.028613807855648973 0.51602920763039861
decision_type=2 2 2 2 2 2
left_child=4 2 -2 -3 -1 -6
right_child=1 3 -4 -5 5 -7
leaf_value=-0.0026402345501420985 -0.015198533107476049 0.012088096659507554 0.020404727993276719 -0.028209585173825498 -0.015935346327589493 0.0098625996454907439
leaf_weight=161.35154041647911 11.932029217481615 5.179275561124089 12.232527837157248 16.096748974174261 12.948794737458227 101.9987983815372
leaf_count=979 57 26 55 82 74 525
internal_value=-0.000146112 -0.00748999 0.0032328 -0.0179663 0.00117334 0.00641335
internal_weight=321.74 45.4406 24.1646 21.276 276.299 114.948
internal_count=1798 220 112 108 1578 599
is_linear=0
shrinkage=0.05


Tree=131
num_leaves=6
num_cat=0
split_feature=0 2 2 2 1
split_gain=1.27937 1.40578 5.00497 4.96659 0.978903
threshold=0.90750000000000008 0.071433729807079169 0.081357828127714762 0.058442573479364109 0.89848539271314742
decision_type=2 2 2 2 2
left_child=1 3 -3 -1 -2
right_child=4 2 -4 -5 -6
leaf_value=0.001006638244668517 -0.0051582541170971889 0.020066034984056638 -0.0029195049528233001 -0.017149902479875512 0.024184090809949266
leaf_weight=165.60241140052676 1.9790851846337307 28.398762430995703 78.009523693472147 43.568685308098793 4.0581562705338001
leaf_count=912 18 145 429 231 63
internal_value=-0.000154052 -0.000727992 0.00384024 -0.00308731 0.016586
internal_weight=321.617 315.579 106.408 209.171 6.03724
internal_count=1798 1717 574 1143 81
is_linear=0
shrinkage=0.05


Tree=132
num_leaves=7
num_cat=0
split_feature=0 4 4 2 3 1
split_gain=1.26948 1.62468 3.07749 2.3499 0.993895 0.202126
threshold=0.15000000000000005 0.0070710678118654805 0.018027756377319949 0.024909534253079228 -1.4185390885838174 -1.5932448863456738
decision_type=2 2 2 2 2 2
left_child=4 3 -3 -2 -1 -6
right_child=1 2 -4 -5 5 -7
leaf_value=0.0056819849723081508 -0.0047653382327292743 -0.0096496984351902224 0.0022109599700643619 0.022157926909184063 -0.0001336896119957739 -0.024848834573812761
leaf_weight=2.0300386324524879 11.392302673310043 67.175704125314951 221.03562603890896 14.363133635371922 0.96564102172851551 4.502919463440775
leaf_count=29 60 379 1122 83 21 104
internal_value=-0.000131026 0.00048348 -0.000670909 0.0114104 -0.0157609 -0.0226329
internal_weight=321.465 313.967 288.211 25.7554 7.4986 5.46856
internal_count=1798 1644 1501 143 154 125
is_linear=0
shrinkage=0.05


Tree=133
num_leaves=7
num_cat=0
split_feature=7 9 6 9 6 6
split_gain=1.25754 4.79616 4.82444 4.14733 4.18492 2.84079
threshold=0.64276892290061383 0.67025728520740757 6.3136023727732162 1.1118816607170565 6.5602947840672199 7.3146824999864348
decision_type=2 2 2 2 2 2
left_child=1 -1 -3 5 -5 -2
right_child=3 2 -4 4 -6 -7
leaf_value=0.00099832497495784154 0.020425778362109397 0.0072035739344086169 -0.029798902163885491 -0.021538346043351711 0.0073833771457780615 -0.013556850576855803
leaf_weight=208.4882934242487 34.864602338522673 10.633436586707829 21.978983150795102 17.233667377382517 24.489928368479013 3.7008680105209342
leaf_count=1165 194 60 132 95 131 21
internal_value=-0.000131832 -0.00194309 -0.0183803 0.00510227 -0.00558906 0.0159831
internal_weight=321.39 241.101 32.6124 80.2891 41.7236 38.5655
internal_count=1798 1357 192 441 226 215
is_linear=0
shrinkage=0.05


Tree=134
num_leaves=6
num_cat=0
split_feature=0 5 3 6 1
split_gain=1.23235 1.38523 3.08769 2.92543 0.943034
threshold=0.90750000000000008 -0.022500000000000003 0.50949162486305344 6.1688049488387833 0.89848539271314742
decision_type=2 2 2 2 2
left_child=1 2 -1 -3 -2
right_child=4 3 -4 -5 -6
leaf_value=-0.0014582210284275502 -0.0050007788322349936 0.0073510170097135577 0.015114897756042633 -0.007022164712984013 0.02386092022957122
leaf_weight=101.04383755102754 1.993287757039069 42.559408489614725 33.54395217821002 138.0901122353971 3.9741979464888573
leaf_count=595 18 228 169 725 63
internal_value=-0.000147389 -0.000709598 0.00306583 -0.00352919 0.0163356
internal_weight=321.205 315.237 134.588 180.65 5.96749
internal_count=1798 1717 764 953 81
is_linear=0
shrinkage=0.05


Tree=135
num_leaves=7
num_cat=0
split_feature=0 6 8 11 1 1
split_gain=1.22357 3.21751 4.74173 2.55716 2.2582 2.64596
threshold=0.41000000000000009 7.0589899976483776 0.61890124754400622 0.9902680582675113 -0.87622832653069038 -0.63643048256493728
decision_type=2 2 2 2 2 2
left_child=1 3 -3 -1 -2 -6
right_child=4 2 -4 -5 5 -7
leaf_value=-0.010829631357037267 0.013752513906753947 -0.0086912282896672213 0.028744241743053484 0.01490593820165171 -0.021759742112522372 0.0015456926315691804
leaf_weight=85.945490438491106 30.257598109543324 13.686730623245241 11.594678070396183 6.4310624599456778 8.1177726387977582 165.19540831074119
leaf_count=513 141 100 60 35 38 911
internal_value=-0.000114685 -0.00407576 0.0103889 -0.00836459 0.00221753 -0.000125451
internal_weight=321.229 117.658 25.2814 92.3766 203.571 173.313
internal_count=1798 708 160 548 1090 949
is_linear=0
shrinkage=0.05


Tree=136
num_leaves=5
num_cat=0
split_feature=9 8 2 6
split_gain=1.27649 1.48849 3.74981 3.46257
threshold=-1.9354446677946526 0.64523777796837456 0.05818433351570395 6.7367057382812652
decision_type=2 2 2 2
left_child=-1 2 -2 -3
right_child=1 3 -4 -5
leaf_value=-0.019326382526045613 0.010102285490964426 -0.0094337239738922045 -0.0040740462394280004 0.006197443325983521
leaf_weight=3.4090049155056468 92.872012987732887 85.594698363915086 85.149359673261642 53.799320735037327
leaf_count=24 564 439 489 282
internal_value=-9.60554e-05 0.000406986 0.00339555 -0.00339515
internal_weight=320.824 317.415 178.021 139.394
internal_count=1798 1774 1053 721
is_linear=0
shrinkage=0.05


Tree=137
num_leaves=7
num_cat=0
split_feature=2 5 2 0 0 5
split_gain=1.2421 2.76321 2.43705 2.09373 2.02362 1.13251
threshold=0.11750592993540139 0.3050000000000001 0.14547273392652485 0.64750000000000008 0.30750000000000005 0.29250000000000009
decision_type=2 2 2 2 2 2
left_child=1 3 4 -1 -2 -4
right_child=2 -3 5 -5 -6 -7
leaf_value=-0.0025260953643376901 -0.0049938492552506 -0.027401182679138675 -0.022784027108373964 0.0071677797313937051 0.026765701067705424 0.0056896091783897934
leaf_weight=224.13757330924273 5.1496963128447595 4.6261132955551139 2.6608018241822711 68.59343109279871 12.109950616955755 3.520460456609726
leaf_count=1143 34 24 17 487 68 25
internal_value=-0.000103993 -0.00104211 0.00988745 -0.000172377 0.0182965 -0.0112747
internal_weight=320.798 297.357 23.4409 292.731 17.2596 6.18126
internal_count=1798 1654 144 1630 102 42
is_linear=0
shrinkage=0.05


Tree=138
num_leaves=5
num_cat=0
split_feature=9 8 6 8
split_gain=1.22853 1.34818 3.15413 3.02297
threshold=-1.9354446677946526 0.64523777796837456 6.7367057382812652 0.6343323011177352
decision_type=2 2 2 2
left_child=-1 3 -3 -2
right_child=1 2 -4 -5
leaf_value=-0.019002111809688579 0.0011427660607807259 -0.0090086559429911773 0.0059202170444258226 0.02341243826801323
leaf_weight=3.3876383788883677 165.88779578357935 85.44437468983233 53.730483803898096 11.853887941688297
leaf_count=24 984 439 282 69
internal_value=-0.000112487 0.000381435 -0.00323971 0.00322792
internal_weight=320.304 316.917 139.175 177.742
internal_count=1798 1774 721 1053
is_linear=0
shrinkage=0.05


Tree=139
num_leaves=7
num_cat=0
split_feature=6 8 6 6 2 11
split_gain=1.27538 2.99084 2.63394 5.80411 5.39884 2.57609
threshold=7.2267200651451509 0.72733445521569839 6.8569197263604496 6.7848245097671009 0.071433729807079169 -0.90164203839979595
decision_type=2 2 2 2 2 2
left_child=2 5 3 -1 -4 -2
right_child=1 -3 4 -5 -6 -7
leaf_value=0.00099209193641237826 0.0048985111451005118 0.018114943991047159 -0.0015034290496094653 -0.02591046127607758 0.024834165307012112 -0.02162540542442995
leaf_weight=188.14007320068777 11.223476894199846 4.7191694527864447 48.825573045760393 17.39969888702035 26.778845012187958 23.170049913227558
leaf_count=1029 61 25 284 98 144 157
internal_value=-0.000104998 -0.00801709 0.00111659 -0.00184656 0.00878709 -0.0134468
internal_weight=320.257 39.1127 281.144 205.54 75.6044 34.3935
internal_count=1798 243 1555 1127 428 218
is_linear=0
shrinkage=0.05


Tree=140
num_leaves=7
num_cat=0
split_feature=6 9 12 3 2 9
split_gain=1.21665 3.81465 3.58026 2.23367 3.07634 2.52756
threshold=6.0279772316224562 1.2487103797043726 0.28826590316417205 0.2443593034974996 0.05818433351570395 -0.87434924452774754
decision_type=2 2 2 2 2 2
left_child=1 2 -1 4 -2 -5
right_child=3 -3 -4 5 -6 -7
leaf_value=0.020686829840182927 0.001321950841419454 -0.022015202233390402 -0.0046554024290568477 -0.0094052534008370013 -0.012923871636642187 0.0072153005496737466
leaf_weight=30.538743626326323 76.34722763299942 5.5795243047177783 20.382147617638111 25.141516137868166 68.643179688602686 93.558443997055292
leaf_count=163 454 28 109 144 387 513
internal_value=-9.98439e-05 0.00624564 0.0110338 -0.0015504 -0.00562848 0.00345708
internal_weight=320.191 56.5004 50.9209 263.69 144.99 118.7
internal_count=1798 300 272 1498 841 657
is_linear=0
shrinkage=0.05


Tree=141
num_leaves=6
num_cat=0
split_feature=12 12 12 6 2
split_gain=1.20682 2.28521 2.13915 3.67759 1.99384
threshold=-0.99306417660977864 -0.99863143642332985 -0.89199300740364562 6.9413931245502987 0.058442573479364109
decision_type=2 2 2 2 2
left_child=1 -1 3 -2 -4
right_child=2 -3 4 -5 -6
leaf_value=0.0092737628474279105 -0.00042300441046775261 -0.026095799382738951 0.0029779238897159172 0.029881265950471487 -0.0054470273551442006
leaf_weight=4.252415306866169 26.223142683506012 6.5077634155750257 143.09432734176517 11.058469355106352 128.82935095578432
leaf_count=26 147 38 812 62 713
internal_value=-0.000110222 -0.0136102 0.000568677 0.0110365 -0.00103985
internal_weight=319.965 10.7602 309.205 37.2816 271.924
internal_count=1798 64 1734 209 1525
is_linear=0
shrinkage=0.05


Tree=142
num_leaves=7
num_cat=0
split_feature=0 5 3 6 3 9
split_gain=1.15959 1.54262 2.61753 2.45656 0.982655 0.235815
threshold=0.15000000000000005 -0.022500000000000003 0.50949162486305344 6.1688049488387833 -1.4185390885838174 1.3613175906403112
decision_type=2 2 2 2 2 2
left_child=4 2 -2 -3 -1 -6
right_child=1 3 -4 -5 5 -7
leaf_value=0.005900338746715696 0.00017337349376915303 0.0075466574526248265 0.015765173771731741 -0.0055282449347904411 -0.024476527759369399 0.00035190367663886276
leaf_weight=2.0057218410074711 94.330656245350838 42.742775905877352 32.729404017329216 142.83730182424188 4.3938837032765141 0.90875893458724011
leaf_count=29 467 234 151 792 106 19
internal_value=-9.68299e-05 0.000488129 0.0046345 -0.00239785 -0.0151535 -0.0221157
internal_weight=319.949 312.64 127.06 185.58 7.30836 5.30264
internal_count=1798 1644 618 1026 154 125
is_linear=0
shrinkage=0.05


Tree=143
num_leaves=6
num_cat=0
split_feature=0 3 3 3 1
split_gain=1.17126 1.41515 5.65821 4.84894 0.914799
threshold=0.90750000000000008 -0.70680133543571111 -0.57735026918962362 -0.90453403373329511 0.89848539271314742
decision_type=2 2 2 2 2
left_child=1 3 -3 -1 -2
right_child=4 2 -4 -5 -6
leaf_value=-0.0010723436975462776 -0.004923287848492202 -0.031449448729588644 -0.0006670847223368819 0.025398039639459538 0.023525150892575519
leaf_weight=90.364503405988216 1.9986315444111813 11.179592970758675 196.2659468203783 16.292520631104708 3.8847731053829193
leaf_count=534 18 64 1028 91 63
internal_value=-9.23628e-05 -0.000641098 -0.00302713 0.00392743 0.016039
internal_weight=319.986 314.103 207.446 106.657 5.8834
internal_count=1798 1717 1092 625 81
is_linear=0
shrinkage=0.05


Tree=144
num_leaves=5
num_cat=0
split_feature=9 0 1 12
split_gain=1.17757 1.31359 2.36342 1.6164
threshold=-1.9354446677946526 0.84000000000000008 0.88367084142756591 -0.99306417660977864
decision_type=2 2 2 2
left_child=-1 3 -3 -2
right_child=1 2 -4 -5
leaf_value=-0.018595482878778193 -0.01648728294757644 -0.010981843308917546 0.020552977857890828 0.00033662512709993535
leaf_weight=3.3680751454085103 10.013665348291395 4.9399625509977367 13.87382087856531 287.69678653031588
leaf_count=24 55 41 133 1545
internal_value=-7.95948e-05 0.000403542 0.0117056 -0.000492238
internal_weight=319.892 316.524 18.8138 297.71
internal_count=1798 1774 174 1600
is_linear=0
shrinkage=0.05


Tree=145
num_leaves=7
num_cat=0
split_feature=6 3 7 2 6 6
split_gain=1.13407 2.65691 3.02127 2.73383 2.43274 5.23954
threshold=7.2267200651451509 1.0257002386005412 0.8182772020184631 0.065199340807486308 6.8569197263604496 6.7848245097671009
decision_type=2 2 2 2 2 2
left_child=4 2 -2 -3 5 -1
right_child=1 3 -4 -5 -6 -7
leaf_value=0.00090681426884428335 -0.021292054455402637 0.028382260270835843 0.010545088272745459 -0.012123830919947558 0.0084350503246939813 -0.024683894945201679
leaf_weight=187.86773346550763 24.279037104919556 4.5924116820096952 6.5796766653656951 3.5716194920241833 75.485176827758551 17.345908477902412
leaf_count=1029 156 31 35 21 428 98
internal_value=-9.47304e-05 -0.00756356 -0.0139799 0.0127874 0.00105778 -0.00179193
internal_weight=319.722 39.0227 30.8587 8.16403 280.699 205.214
internal_count=1798 243 191 52 1555 1127
is_linear=0
shrinkage=0.05


Tree=146
num_leaves=7
num_cat=0
split_feature=2 5 2 9 0 5
split_gain=1.13204 2.60296 2.32614 1.87041 1.86999 0.78704
threshold=0.11750592993540139 0.3050000000000001 0.14547273392652485 0.093453930640416266 0.64750000000000008 0.2975000000000001
decision_type=2 2 2 2 2 2
left_child=1 4 3 -2 -1 -4
right_child=2 -3 5 -5 -6 -7
leaf_value=-0.0023686132824794742 0.02916085001807163 -0.026510909925642208 -0.020319768061671545 -0.00048496813785014879 0.0068150637780495672 0.0041091683126454085
leaf_weight=223.61319959722459 8.6727171465754562 4.6727528199553481 2.811114700511097 8.4462260603904706 68.173497546464205 3.299460630863905
leaf_count=1143 47 24 18 55 487 24
internal_value=-9.75604e-05 -0.000992663 0.00947841 0.0177308 -0.000144259 -0.011216
internal_weight=319.689 296.459 23.2295 17.1189 291.787 6.11058
internal_count=1798 1654 144 102 1630 42
is_linear=0
shrinkage=0.05


Tree=147
num_leaves=5
num_cat=0
split_feature=0 5 11 0
split_gain=1.2613 1.43043 2.89316 2.27611
threshold=0.080000000000000029 -0.022500000000000003 0.11735685049843532 0.56750000000000012
decision_type=2 2 2 2
left_child=-1 2 -2 -3
right_child=1 3 -4 -5
leaf_value=-0.019729260215584452 -0.0029614312124085322 -0.0084065040123521822 0.011451577457712619 0.0024833713472489235
leaf_weight=2.9842425640672436 66.46603518538177 81.757944121956825 64.54852657020092 103.56834417209029
leaf_count=65 359 375 343 656
internal_value=-0.000100023 0.000389254 0.00429953 -0.00241541
internal_weight=319.325 316.341 131.015 185.326
internal_count=1798 1733 702 1031
is_linear=0
shrinkage=0.05


Tree=148
num_leaves=5
num_cat=0
split_feature=9 8 10 12
split_gain=1.14389 1.29292 3.34391 3.2681
threshold=-1.9354446677946526 0.66574418385534895 0.010000000000000007 -0.79332462336093024
decision_type=2 2 2 2
left_child=-1 2 -2 -3
right_child=1 3 -4 -5
leaf_value=-0.018369639918573637 -0.012106709822453904 0.010824518751072456 0.005255405032921167 -0.0084874004458683119
leaf_weight=3.356711219996213 27.833121342584491 24.282455746084452 178.45807824097574 85.170612569898367
leaf_count=24 213 124 1001 436
internal_value=-0.000108639 0.000368829 0.00268182 -0.00391729
internal_weight=319.101 315.744 206.291 109.453
internal_count=1798 1774 1214 560
is_linear=0
shrinkage=0.05


Tree=149
num_leaves=7
num_cat=0
split_feature=11 11 7 9 3 3
split_gain=1.12124 5.37578 4.30347 3.78527 3.34225 1.92141
threshold=-0.90164203839979595 -0.84810589577471474 -0.8944026823708221 -1.0381104898235083 -1.0088462938727589 -1.4185390885838174
decision_type=2 2 2 2 2 2
left_child=2 3 -1 -2 -4 -3
right_child=1 5 4 -5 -6 -7
leaf_value=-0.025324294099642677 0.010182405134584705 0.010621518356084587 -0.012567940476481861 -0.040098541613226145 0.01913853168710597 -0.0013171517688996036
leaf_weight=4.122646063566207 2.7783027812838546 34.369558922946453 6.9235423840582362 9.0241035893559438 32.376898270100355 229.35568857938051
leaf_count=26 15 194 44 50 176 1293
internal_value=-0.000121012 -0.001332 0.00690704 -0.0287545 0.0127648 0.000407414
internal_weight=318.951 275.528 43.4231 11.8024 39.3004 263.725
internal_count=1798 1552 246 65 220 1487
is_linear=0
shrinkage=0.05


Tree=150
num_leaves=7
num_cat=0
split_feature=4 1 1 4 5 2
split_gain=1.11766 2.80059 5.60337 2.83981 2.55745 5.01563
threshold=0.057418104410156282 0.57250367320736151 -1.7166072763869582 0.09156604046499911 0.3050000000000001 0.088639406490935116
decision_type=2 2 2 2 2 2
left_child=4 2 -2 -3 5 -1
right_child=1 3 -4 -5 -6 -7
leaf_value=-0.00084744780500619265 0.0037638939475810292 0.016195066456348172 -0.03800003603637972 -0.015379147536744485 -0.021240895069902829 0.017710541122509388
leaf_weight=226.34735571593046 15.057945966720583 15.244870714843275 10.436284173279999 6.3254722133278838 7.2637032754719248 38.298577651381493
leaf_count=1296 82 70 50 29 53 218
internal_value=-0.000145376 -0.00686441 -0.01676 0.0057843 0.00112056 0.0021168
internal_weight=318.974 47.0646 25.4942 21.5703 271.91 264.646
internal_count=1798 231 132 99 1567 1514
is_linear=0
shrinkage=0.05


Tree=151
num_leaves=6
num_cat=0
split_feature=0 8 9 4 1
split_gain=1.11091 1.3085 3.67436 2.18899 0.9457
threshold=0.90750000000000008 0.49098576581049852 0.18747853891702729 0.017853571071357155 0.88367084142756591
decision_type=2 2 2 2 2
left_child=1 2 -1 -3 -2
right_child=4 3 -4 -5 -6
leaf_value=-0.019944197078262397 -0.0053966024353923215 -0.006626188564302503 0.0097565870726184344 0.0031687730982381795 0.023298332748388925
leaf_weight=22.215329928323627 1.9359299167990673 73.392600758001208 12.997970592230557 204.5931957885623 3.8300211988389492
leaf_count=123 17 443 80 1071 64
internal_value=-0.000167258 -0.000699185 -0.00913104 0.000511365 0.0156321
internal_weight=318.965 313.199 35.2133 277.986 5.76595
internal_count=1798 1717 203 1514 81
is_linear=0
shrinkage=0.05


Tree=152
num_leaves=7
num_cat=0
split_feature=4 1 1 4 1 8
split_gain=1.09327 2.59411 4.95763 2.79455 1.96197 5.44247
threshold=0.057418104410156282 0.8314447017384522 -1.7166072763869582 0.09156604046499911 0.62639798686020709 0.71007511184504446
decision_type=2 2 2 2 2 2
left_child=4 2 -2 -3 5 -1
right_child=1 3 -4 -5 -6 -7
leaf_value=4.2207633288662407e-05 0.0035651584077250236 0.016562062993375995 -0.035148766895621582 -0.015046369990019227 -0.0043223935443911657 0.022409607056810884
leaf_weight=142.78693624772131 15.08176324144006 14.256022445857527 11.327430879697202 6.3314011916518202 100.43564529716969 28.600112177431583
leaf_count=831 82 65 55 29 602 134
internal_value=-0.000155651 -0.00680566 -0.015992 0.00580062 0.00109626 0.00430419
internal_weight=318.819 46.9966 26.4092 20.5874 271.823 171.387
internal_count=1798 231 137 94 1567 965
is_linear=0
shrinkage=0.05


Tree=153
num_leaves=5
num_cat=0
split_feature=9 8 10 12
split_gain=1.07101 1.25784 3.12456 2.97342
threshold=-1.9354446677946526 0.66574418385534895 0.010000000000000007 -0.79332462336093024
decision_type=2 2 2 2
left_child=-1 2 -2 -3
right_child=1 3 -4 -5
leaf_value=-0.017842751478399817 -0.011731909931198518 0.010155296125937571 0.0050743835185848261 -0.0082743791582236513
leaf_weight=3.3414735104888669 27.727809499949217 24.280247289687395 178.38733160123229 85.163804279640317
leaf_count=24 213 124 1001 436
internal_value=-0.000157199 0.00030546 0.00258919 -0.00392069
internal_weight=318.901 315.559 206.115 109.444
internal_count=1798 1774 1214 560
is_linear=0
shrinkage=0.05


Tree=154
num_leaves=6
num_cat=0
split_feature=0 3 3 3 1
split_gain=1.07919 1.24959 5.20927 4.62823 0.925062
threshold=0.90750000000000008 -0.70680133543571111 -0.57735026918962362 -0.90453403373329511 0.88367084142756591
decision_type=2 2 2 2 2
left_child=1 3 -3 -1 -2
right_child=4 2 -4 -5 -6
leaf_value=-0.0012786588901397146 -0.0053236673476656105 -0.030308187879472665 -0.0006710857659294636 0.024568588371758543 0.023075634715990015
leaf_weight=90.138006491586566 1.9425624236464489 11.066547840833662 195.52008165977895 16.313054693862796 3.7727316990494728
leaf_count=534 17 64 1028 91 64
internal_value=-0.000166964 -0.000690269 -0.0029374 0.00360681 0.015443
internal_weight=318.753 313.038 206.587 106.451 5.71529
internal_count=1798 1717 1092 625 81
is_linear=0
shrinkage=0.05


Tree=155
num_leaves=6
num_cat=0
split_feature=12 12 12 2 7
split_gain=1.08352 2.16067 1.89885 2.82242 1.6609
threshold=-0.99306417660977864 -0.99863143642332985 -0.96812032175654827 0.070372888761928445 -0.77495424644507793
decision_type=2 2 2 2 2
left_child=1 -1 3 -2 -4
right_child=2 -3 4 -5 -6
leaf_value=0.0092084020796614607 -0.0051622770018240303 -0.025152504478153044 -0.008899528964914017 0.031094165183151324 0.0011360714060343875
leaf_weight=4.2297777496278286 7.5847276486456376 6.4735758248716575 44.2239572070539 6.8630372658371925 249.28137400001287
leaf_count=26 43 38 242 36 1413
internal_value=-0.000151026 -0.0129652 0.000494378 0.0156268 -0.000499784
internal_weight=318.656 10.7034 307.953 14.4478 293.505
internal_count=1798 64 1734 79 1655
is_linear=0
shrinkage=0.05


Tree=156
num_leaves=7
num_cat=0
split_feature=0 0 9 1 4 12
split_gain=1.06689 2.01547 1.61492 3.33148 1.50141 0.851985
threshold=0.24000000000000002 0.24750000000000003 -0.74602243376656519 -1.2152063966405531 0.017853571071357155 -0.84923869290733622
decision_type=2 2 2 2 2 2
left_child=2 -2 5 -4 -3 -1
right_child=1 4 3 -5 -6 -7
leaf_value=0.0025011189780530913 0.022382210548153144 -0.00550188900931807 0.017059185185081285 -0.014619049961699122 0.0023905441822847859 -0.026825095609717783
leaf_weight=2.1234715338796377 5.5069229304790488 80.286188043653965 10.383982872590421 13.022673707455398 200.3439679518342 6.9094348400831205
leaf_count=20 26 450 110 125 1004 63
internal_value=-0.000141773 0.000882117 -0.0080848 -3.64758e-05 7.57927e-05 -0.0214963
internal_weight=318.577 286.137 32.4396 23.4067 280.63 9.03291
internal_count=1798 1480 318 235 1454 83
is_linear=0
shrinkage=0.05


Tree=157
num_leaves=7
num_cat=0
split_feature=4 0 4 4 3 2
split_gain=1.10062 2.74031 2.47341 5.59466 4.6161 2.05043
threshold=0.0070710678118654736 0.55750000000000022 0.017853571071357155 0.021794494717703353 1.4142135623730949 0.026266521703009266
decision_type=2 2 2 2 2 2
left_child=1 5 4 -4 -2 -1
right_child=2 -3 3 -5 -6 -7
leaf_value=-0.01586696841653034 -0.014774123390489148 0.027101462601399447 0.020824933365159379 -0.0016330408748394495 0.015972891633830987 0.01061662768725067
leaf_weight=9.0415042806416803 56.951836083084345 7.4113199897110453 27.181053258478642 196.69491879455745 10.8430262170732 10.394585039466618
leaf_count=51 366 59 159 1035 63 65
internal_value=-0.00013732 0.00869796 -0.00108347 0.00148898 -0.00909714 -0.00242909
internal_weight=318.518 26.8474 291.671 223.876 67.7949 19.4361
internal_count=1798 175 1623 1194 429 116
is_linear=0
shrinkage=0.05


Tree=158
num_leaves=7
num_cat=0
split_feature=4 7 4 5 2 11
split_gain=1.08568 2.2443 3.04991 2.05992 4.14193 1.6768
threshold=0.058922612779853362 0.72947597496239169 0.09688891861190331 0.3050000000000001 0.088639406490935116 0.23767728883406228
decision_type=2 2 2 2 2 2
left_child=3 2 -2 4 -1 -5
right_child=1 -3 -4 5 -6 -7
leaf_value=-0.00068142658620043602 -0.020258331254136144 0.010800555415498785 0.0089851322487460011 -0.030486150093158849 0.016088917533560107 0.0046481903519977833
leaf_weight=226.99440088868141 26.064777050167322 9.6669211871921998 9.1595298759639245 4.0365558266639701 38.863977827131748 3.5944912508130074
leaf_count=1301 127 49 44 26 222 29
internal_value=-9.76824e-05 -0.00688867 -0.0124824 0.00112067 0.00202186 -0.0186478
internal_weight=318.381 44.8912 35.2243 273.489 265.858 7.63105
internal_count=1798 220 171 1578 1523 55
is_linear=0
shrinkage=0.05


Tree=159
num_leaves=7
num_cat=0
split_feature=0 6 6 1 3 4
split_gain=1.05435 2.81193 4.58781 2.22549 3.71603 2.55853
threshold=0.41000000000000009 7.0589899976483776 7.3056146346233506 -0.87622832653069038 -1.6600377076559727 0.0070710678118654528
decision_type=2 2 2 2 2 2
left_child=1 -1 -3 4 -2 -5
right_child=3 2 -4 5 -6 -7
leaf_value=-0.0078267132580772947 -0.015732433271370274 0.022991259547115797 -0.014789655683740244 0.016600993646390404 0.021000982488721082 -0.0023430172315951582
leaf_weight=91.487118234857917 4.9576059356331852 16.511138085275892 8.5724747385829669 15.031957276165484 25.077675618231297 156.72379284724593
leaf_count=548 25 93 67 91 116 858
internal_value=-0.000101153 -0.00379484 0.00976731 0.00207278 0.0135579 -0.000262346
internal_weight=318.362 116.571 25.0836 201.791 30.0353 171.756
internal_count=1798 708 160 1090 141 949
is_linear=0
shrinkage=0.05


Tree=160
num_leaves=7
num_cat=0
split_feature=6 8 5 6 6 7
split_gain=1.06378 2.69373 2.52732 2.07846 4.85817 4.75314
threshold=7.2267200651451509 0.72733445521569839 0.049999999999999968 6.8569197263604496 6.7848245097671009 -0.77008683294698532
decision_type=2 2 2 2 2 2
left_child=3 2 -2 4 -1 -5
right_child=1 -3 -4 5 -6 -7
leaf_value=0.00099281588880513168 -0.021941496840589051 0.017418886065167654 0.0035874383384343258 -0.017949168276881079 -0.023733775953467665 0.01304129685990916
leaf_weight=186.97371746040881 20.392093911767006 4.700431525707244 13.686341542750595 10.493858132511376 17.183228697627783 64.697209604084492
leaf_count=1029 131 25 87 62 98 366
internal_value=-8.10543e-05 -0.00733536 -0.0125416 0.00103726 -0.00160596 0.00786671
internal_weight=318.127 38.7789 34.0784 279.348 204.157 75.1911
internal_count=1798 243 218 1555 1127 428
is_linear=0
shrinkage=0.05


Tree=161
num_leaves=7
num_cat=0
split_feature=11 11 11 5 5 0
split_gain=1.05086 3.25978 2.54103 2.43934 2.30302 2.80401
threshold=0.12204979129193404 0.45006596843155194 0.76038234597599585 0.050000000000000037 0.27250000000000008 0.31750000000000006
decision_type=2 2 2 2 2 2
left_child=4 3 -3 -2 5 -1
right_child=1 2 -4 -5 -6 -7
leaf_value=-0.012786856377257586 0.025522239584713113 -0.010456615335913584 0.0041337875546603228 -0.00061444024755695275 -0.02309836974708137 0.002497021759795809
leaf_weight=34.220418633893132 18.574374113231897 41.52934930101037 78.428073469549417 13.997655399143694 7.9506799802184096 123.2429571300745
leaf_count=252 110 237 437 80 46 636
internal_value=-9.936e-05 0.00284602 -0.00113371 0.0157031 -0.00281913 -0.00111582
internal_weight=317.944 152.529 119.957 32.572 165.414 157.463
internal_count=1798 864 674 190 934 888
is_linear=0
shrinkage=0.05


Tree=162
num_leaves=6
num_cat=0
split_feature=0 11 11 7 1
split_gain=1.0317 1.25513 5.00058 4.03778 0.891005
threshold=0.90750000000000008 -0.90164203839979595 -0.84810589577471474 -0.8944026823708221 0.88367084142756591
decision_type=2 2 2 2 2
left_child=1 3 -3 -1 -2
right_child=4 2 -4 -5 -6
leaf_value=-0.024434976403950186 -0.0051720853196222981 -0.02854730926502029 -0.00019407912769149393 0.012656313699214376 0.022759955954631927
leaf_weight=4.0597385521978131 1.9535762667655934 11.55252944678068 258.18449974060059 38.365374712273479 3.6929491460323334
leaf_count=26 17 62 1420 209 64
internal_value=-0.000106103 -0.000618414 -0.00190585 0.00690502 0.0152056
internal_weight=317.809 312.162 269.737 42.4251 5.64653
internal_count=1798 1717 1482 235 81
is_linear=0
shrinkage=0.05


Tree=163
num_leaves=7
num_cat=0
split_feature=0 4 4 2 3 9
split_gain=0.997949 1.42338 2.40306 1.98836 0.916503 0.268427
threshold=0.15000000000000005 0.0070710678118654805 0.018027756377319949 0.024909534253079228 -1.4185390885838174 1.3837640591372047
decision_type=2 2 2 2 2 2
left_child=4 3 -3 -2 -1 -6
right_child=1 2 -4 -5 5 -7
leaf_value=0.0058202529626865205 -0.0043101798276760596 -0.0086283945262535054 0.0019002974222400361 0.020661518627586042 -0.023729729775387474 0.00091569480415845575
leaf_weight=2.0113015361130238 11.18715423345566 66.540350966155529 218.84811224788427 14.109926000237463 4.1691363658756009 0.84659253805875767
leaf_count=29 60 379 1122 83 107 18
internal_value=-0.000118526 0.000421844 -0.00066084 0.0107294 -0.0142529 -0.0211894
internal_weight=317.713 310.686 285.388 25.2971 7.02703 5.01573
internal_count=1798 1644 1501 143 154 125
is_linear=0
shrinkage=0.05


Tree=164
num_leaves=7
num_cat=0
split_feature=6 7 9 6 3 9
split_gain=1.04936 5.12314 4.56815 4.52378 3.80623 2.63122
threshold=6.4097224144353051 -0.023769007888555068 -0.86880303778761203 6.5087897977018363 -1.000000000000002 -1.059243382427647
decision_type=2 2 2 2 2 2
left_child=1 -1 5 -4 -3 -2
right_child=2 4 3 -5 -6 -7
leaf_value=0.01423343205639311 -0.0059449744264931034 0.015919223707814456 -0.0196819832852967 0.0051302711255792402 -0.012656201222219636 -0.030272954638796586
leaf_weight=53.279731437563896 36.756482327356935 10.49634552374482 16.047288278117776 141.54070722311735 46.136694975197315 13.38411685824394
leaf_count=280 217 56 90 820 259 76
internal_value=-0.000118483 0.00373339 -0.00219642 0.00207605 -0.00649824 -0.0145951
internal_weight=317.641 109.913 207.729 157.588 56.633 50.1406
internal_count=1798 595 1203 910 315 293
is_linear=0
shrinkage=0.05


Tree=165
num_leaves=7
num_cat=0
split_feature=4 7 4 5 0 11
split_gain=0.998671 2.10278 2.79967 1.87441 2.07667 1.5656
threshold=0.058922612779853362 0.72947597496239169 0.09688891861190331 0.3050000000000001 0.56750000000000012 0.23767728883406228
decision_type=2 2 2 2 2 2
left_child=3 2 -2 4 -1 -5
right_child=1 -3 -4 5 -6 -7
leaf_value=-0.00134300981916594 -0.019543745193992115 0.010461189210986042 0.0085085455589752803 -0.029106700155394672 0.0077690058224591926 0.0046537635983701251
leaf_weight=173.2886096984148 25.97887777350843 9.6657027676701528 9.1618669927120191 4.1324835307896128 91.81018041819334 3.5897920168936253
leaf_count=925 127 49 44 26 598 29
internal_value=-0.000138524 -0.00665628 -0.0120812 0.00103244 0.0018981 -0.0177517
internal_weight=317.628 44.8064 35.1407 272.821 265.099 7.72228
internal_count=1798 220 171 1578 1523 55
is_linear=0
shrinkage=0.05


Tree=166
num_leaves=6
num_cat=0
split_feature=0 8 4 8 1
split_gain=0.98905 1.22023 3.6135 1.73175 0.864657
threshold=0.90750000000000008 0.49098576581049852 0.016393596310754988 0.53779231033774455 0.88367084142756591
decision_type=2 2 2 2 2
left_child=1 2 -1 -3 -2
right_child=4 3 -4 -5 -6
leaf_value=0.0075239509767307299 -0.0051052234721665687 0.011056943310933265 -0.021423250739402998 -0.00091782529288917173 0.022421264679115302
leaf_weight=16.094036830589175 1.9581315144896496 29.306112991645932 18.847411639988422 247.40595166012645 3.6086527928709984
leaf_count=98 17 176 105 1338 64
internal_value=-0.000145951 -0.000645887 -0.00881737 0.000524139 0.0149046
internal_weight=317.22 311.654 34.9414 276.712 5.56678
internal_count=1798 1717 203 1514 81
is_linear=0
shrinkage=0.05


Tree=167
num_leaves=7
num_cat=0
split_feature=11 11 4 5 11 7
split_gain=0.980316 3.02522 2.38997 2.25193 2.09245 3.71871
threshold=0.12204979129193404 0.45006596843155194 0.066090609885721505 0.050000000000000037 -0.90164203839979595 -0.8944026823708221
decision_type=2 2 2 2 2 2
left_child=4 3 -3 -2 5 -1
right_child=1 2 -4 -5 -6 -7
leaf_value=-0.023846123669373449 0.024529667956388966 0.0014923607723891872 -0.019022869102267522 -0.00059453803026603309 -0.0060626110464583657 0.011687339783460649
leaf_weight=4.0405426751822224 18.586202595382929 108.43572414666414 11.246035464107988 13.969812303781508 121.75384331867099 39.086052618920803
leaf_count=26 110 616 58 80 688 220
internal_value=-0.000128115 0.00271897 -0.00112093 0.015105 -0.00275954 0.00622664
internal_weight=317.118 152.238 119.682 32.556 164.88 43.1266
internal_count=1798 864 674 190 934 246
is_linear=0
shrinkage=0.05


Tree=168
num_leaves=7
num_cat=0
split_feature=6 7 9 6 3 9
split_gain=0.964058 4.67647 4.14242 4.28605 3.53374 2.49641
threshold=6.4097224144353051 -0.023769007888555068 -0.86880303778761203 6.6149600502560508 -1.000000000000002 -1.059243382427647
decision_type=2 2 2 2 2 2
left_child=1 -1 5 -4 -3 -2
right_child=2 4 3 -5 -6 -7
leaf_value=0.013599568599686408 -0.0055656755644594895 0.015380436952635124 -0.013447908080815578 0.0060673005483054404 -0.012157687738707033 -0.029262213687067481
leaf_weight=53.221312530338764 36.6544872187078 10.488950394093989 30.870226517319679 126.51524712890387 46.082898186519742 13.279404019936917
leaf_count=280 217 56 174 736 259 76
internal_value=-0.00013103 0.0035626 -0.00212495 0.0019433 -0.0062175 -0.0139573
internal_weight=317.113 109.793 207.319 157.385 56.5718 49.9339
internal_count=1798 595 1203 910 315 293
is_linear=0
shrinkage=0.05


Tree=169
num_leaves=7
num_cat=0
split_feature=0 4 4 0 3 1
split_gain=0.96862 1.2455 2.31453 1.96326 0.8861 0.2212
threshold=0.15000000000000005 0.0070710678118654805 0.018027756377319949 0.55750000000000022 -1.4185390885838174 -1.5932448863456738
decision_type=2 2 2 2 2 2
left_child=4 3 -3 -2 -1 -6
right_child=1 2 -4 -5 5 -7
leaf_value=0.0056453967959426274 -0.00029218960420099256 -0.0084566764968768381 0.0018885963106280133 0.025635695099446215 0.00041519633968783586 -0.023336716469794305
leaf_weight=2.0292925201356411 18.121393173933033 66.344332464039326 218.54016422107816 7.1034322679042807 0.9061952270567416 4.0413633976131669
leaf_count=29 84 379 1122 59 21 104
internal_value=-0.000144356 0.000388326 -0.000624934 0.0100422 -0.0140989 -0.0209643
internal_weight=317.086 310.109 284.884 25.2248 6.97685 4.94756
internal_count=1798 1644 1501 143 154 125
is_linear=0
shrinkage=0.05


Tree=170
num_leaves=5
num_cat=0
split_feature=9 8 10 12
split_gain=1.01413 1.12039 2.85196 2.76491
threshold=-1.9354446677946526 0.66574418385534895 0.010000000000000007 -0.79332462336093024
decision_type=2 2 2 2
left_child=-1 2 -2 -3
right_child=1 3 -4 -5
leaf_value=-0.017409899602383958 -0.011297906790067175 0.009903837610086702 0.0048515300520877791 -0.0078952840948002135
leaf_weight=3.2798333186656228 27.317240439355373 24.18644643202424 177.40054877661169 84.735371181741357
leaf_count=24 213 124 1001 436
internal_value=-0.000135981 0.000315015 0.00247859 -0.00368172
internal_weight=316.919 313.64 204.718 108.922
internal_count=1798 1774 1214 560
is_linear=0
shrinkage=0.05


Tree=171
num_leaves=5
num_cat=0
split_feature=9 0 1 2
split_gain=0.974251 1.10115 2.14854 1.73773
threshold=-1.9354446677946526 0.84000000000000008 0.88367084142756591 0.14547273392652485
decision_type=2 2 2 2
left_child=-1 3 -3 -2
right_child=1 2 -4 -5
leaf_value=-0.017088635526596421 0.00016932970370402622 -0.010646555902249999 0.019446537718803902 -0.021374053222387959
leaf_weight=3.2687018886208525 290.52081032656133 4.9626290649175671 13.354601219296454 4.6696779020130625
leaf_count=24 1572 41 133 28
internal_value=-0.000146297 0.000295836 0.0107588 -0.000521801
internal_weight=316.776 313.508 18.3172 295.19
internal_count=1798 1774 174 1600
is_linear=0
shrinkage=0.05


Tree=172
num_leaves=7
num_cat=0
split_feature=6 8 5 6 5 0
split_gain=0.970295 2.57502 2.32509 1.96062 5.94084 3.76
threshold=7.2267200651451509 0.72733445521569839 0.049999999999999968 7.0555759654891421 0.10000000000000002 0.7875000000000002
decision_type=2 2 2 2 2 2
left_child=3 2 -2 5 -5 -1
right_child=1 -3 -4 4 -6 -7
leaf_value=-0.0026251222074726807 -0.021282404247869157 0.017101872858932311 0.0033260441657222643 0.02514453099605389 -0.017261282054586692 0.017187714457725801
leaf_weight=228.09725524671376 20.205010460689664 4.6724132858216754 13.575742207467554 20.301294706761841 8.0846695154905301 21.693296924233437
leaf_count=1210 131 25 87 110 44 191
internal_value=-0.000161689 -0.00711624 -0.012239 0.000908335 0.0122905 -0.000600933
internal_weight=316.63 38.4532 33.7808 278.177 28.386 249.791
internal_count=1798 243 218 1555 154 1401
is_linear=0
shrinkage=0.05


Tree=173
num_leaves=7
num_cat=0
split_feature=8 4 11 2 8 11
split_gain=0.946919 3.50228 4.69221 2.83871 1.80293 2.8255
threshold=0.49098576581049852 0.016393596310754988 0.9026478877170564 0.071433729807079169 0.53779231033774455 0.94276278193810936
decision_type=2 2 2 2 2 2
left_child=1 2 -1 -3 -2 -6
right_child=4 3 -4 -5 5 -7
leaf_value=0.022166242102631635 0.011518757313986447 -0.029166883386889983 -0.022585780874879263 0.006972122691194598 -0.0026728711761716106 0.012368608265210463
leaf_weight=12.450226929038765 29.97649753652513 13.80140605196357 4.1409387029707423 5.3348363712429991 219.32074447534978 31.279855690896511
leaf_count=82 189 81 23 30 1224 169
internal_value=-0.00013674 -0.00726714 0.00835299 -0.0197347 0.000882552 -0.000590175
internal_weight=316.305 35.7274 16.5912 19.1362 280.577 250.601
internal_count=1798 216 105 111 1582 1393
is_linear=0
shrinkage=0.05


Tree=174
num_leaves=5
num_cat=0
split_feature=9 2 2 5
split_gain=0.949621 1.03694 4.94412 3.66796
threshold=-1.9354446677946526 0.058442573479364109 0.071433729807079169 0.155
decision_type=2 2 2 2
left_child=-1 3 -3 -2
right_child=1 2 -4 -5
leaf_value=-0.01688494568803408 0.0046849628455242444 -0.015983397632510301 0.0032099967525864867 -0.027462897488078071
leaf_weight=3.2425671424716702 158.6333623137325 43.135813867673278 106.76150181889534 4.4294436909258357
leaf_count=24 914 238 595 27
internal_value=-0.00013119 0.000305185 -0.00265092 0.00302063
internal_weight=316.203 312.96 149.897 163.063
internal_count=1798 1774 833 941
is_linear=0
shrinkage=0.05


Tree=175
num_leaves=6
num_cat=0
split_feature=12 12 12 2 6
split_gain=0.929476 2.05839 1.70324 2.65256 1.31106
threshold=-0.99306417660977864 -0.99863143642332985 -0.96812032175654827 0.070372888761928445 6.1844683101964755
decision_type=2 2 2 2 2
left_child=1 -1 3 -2 -4
right_child=2 -3 4 -5 -6
leaf_value=0.0094171122944244259 -0.0053075305506472981 -0.024045453450231499 0.0051310550782087605 0.029822958680328394 -0.0024342575170105355
leaf_weight=4.1745829451829195 7.5087098330259305 6.4254529811441881 71.94494017213583 6.826794471591711 219.27755521796644
leaf_count=26 43 38 384 36 1271
internal_value=-0.000165504 -0.0120725 0.000435278 0.014808 -0.000510227
internal_weight=316.158 10.6 305.558 14.3355 291.222
internal_count=1798 64 1734 79 1655
is_linear=0
shrinkage=0.05


Tree=176
num_leaves=4
num_cat=0
split_feature=9 1 4
split_gain=0.908161 1.02224 1.45936
threshold=-1.9354446677946526 2.4893188072135763 0.066590999661086697
decision_type=2 2 2
left_child=-1 2 -2
right_child=1 -3 -4
leaf_value=-0.01654533605589804 0.0010185932117860806 0.017013005282196396 -0.0096205620489233784
leaf_weight=3.2286096885800353 277.63410054519773 3.8726119548082343 31.383195172995329
leaf_count=24 1603 16 155
internal_value=-0.0001474 0.00027938 -0.00019788
internal_weight=316.119 312.89 309.017
internal_count=1798 1774 1758
is_linear=0
shrinkage=0.05


Tree=177
num_leaves=7
num_cat=0
split_feature=0 5 3 6 3 9
split_gain=0.907643 1.17491 2.29859 2.08133 0.856155 0.261205
threshold=0.15000000000000005 -0.022500000000000003 0.50949162486305344 6.2989765564069389 -1.4185390885838174 1.3837640591372047
decision_type=2 2 2 2 2 2
left_child=4 2 -2 -3 -1 -6
right_child=1 3 -4 -5 5 -7
leaf_value=0.0055852506186993981 -0.00018453019988261339 0.0056175405731147413 0.01444643236406931 -0.0056197990591079772 -0.023114286189735891 0.00097289582225882514
leaf_weight=2.0347557477653027 93.763167105615139 55.130602084100246 32.544053263962269 127.777523862198 3.9875261001288882 0.84028968960046757
leaf_count=29 467 305 151 721 107 18
internal_value=-0.000146418 0.000368397 0.00399181 -0.00217339 -0.0137211 -0.0205598
internal_weight=316.078 309.215 126.307 182.908 6.86257 4.82782
internal_count=1798 1644 618 1026 154 125
is_linear=0
shrinkage=0.05


Tree=178
num_leaves=6
num_cat=0
split_feature=0 8 9 9 1
split_gain=0.91695 1.11074 3.33577 1.70711 0.816166
threshold=0.90750000000000008 0.49098576581049852 0.18747853891702729 1.1118816607170565 0.88367084142756591
decision_type=2 2 2 2 2
left_child=1 2 -1 -3 -2
right_child=4 3 -4 -5 -6
leaf_value=-0.018862958628968647 -0.0049323335787807877 0.002239569281950707 0.009539419713141619 -0.0080296252321664756 0.021860622490286249
leaf_weight=21.815728025510907 1.9721705242991436 232.13766057603061 12.887709170579909 43.813705183565617 3.4701787643134594
leaf_count=123 17 1272 80 242 64
internal_value=-0.000141019 -0.000621106 -0.00844223 0.000495212 0.0144387
internal_weight=316.097 310.655 34.7034 275.951 5.44235
internal_count=1798 1717 203 1514 81
is_linear=0
shrinkage=0.05


Tree=179
num_leaves=7
num_cat=0
split_feature=7 9 8 6 4 9
split_gain=0.92083 4.31157 4.4785 3.77764 2.75075 2.33349
threshold=0.64276892290061383 0.67025728520740757 0.66344057047461735 5.4912489800785922 0.043373319090839427 0.51788826220921602
decision_type=2 2 2 2 2 2
left_child=1 5 -3 -2 -5 -1
right_child=3 2 -4 4 -6 -7
leaf_value=-0.00039090846825453598 -0.026759474087221038 -0.003770108015693407 -0.041075363288510705 0.0014484467871589586 0.021875195566927744 0.019434911785751342
leaf_weight=193.61602592095733 3.9865651279687873 24.078483203426003 8.0378905292600376 56.438856214284897 18.7546466588974 11.058469986543058
leaf_count=1104 18 146 46 323 100 61
internal_value=-0.000132592 -0.00169862 -0.0173822 0.0043734 0.0075895 0.00111818
internal_weight=315.971 236.791 32.1164 79.1801 75.1935 204.674
internal_count=1798 1357 192 441 423 1165
is_linear=0
shrinkage=0.05


Tree=180
num_leaves=6
num_cat=0
split_feature=0 3 3 3 1
split_gain=0.887049 1.09094 4.72757 4.5321 0.788576
threshold=0.90750000000000008 -0.70680133543571111 -0.57735026918962362 -0.90453403373329511 0.88367084142756591
decision_type=2 2 2 2 2
left_child=1 3 -3 -1 -2
right_child=4 2 -4 -5 -6
leaf_value=-0.0014504571276607481 -0.0048026034374822829 -0.028949569725452824 -0.00056610143760918777 0.024162868396338581 0.02158106596710356
leaf_weight=89.317471535876393 1.9837544336915005 10.890741080045698 194.00662379525602 16.269159734249115 3.4034776259213686
leaf_count=534 17 64 1028 91 64
internal_value=-0.000148819 -0.000619897 -0.00272842 0.00341018 0.0142305
internal_weight=315.871 310.484 204.897 105.587 5.38723
internal_count=1798 1717 1092 625 81
is_linear=0
shrinkage=0.05


Tree=181
num_leaves=7
num_cat=0
split_feature=0 1 1 2 6 3
split_gain=0.875329 3.62718 4.03725 3.42474 2.09729 10.6332
threshold=0.50000000000000011 -0.87622832653069038 -0.19855480224443298 0.037034124416631939 6.6557169676841328 -0.99999999999999956
decision_type=2 2 2 2 2 2
left_child=4 3 -3 -2 -1 -6
right_child=1 2 -4 -5 5 -7
leaf_value=-0.0081309932335831021 -0.0073814805391434245 -0.019547760245688193 0.0032671235160125541 0.034266492411773791 -0.023041596055154205 0.013630401990099107
leaf_weight=80.896847482770681 5.0354949235916129 18.063385099172592 116.81178179942071 10.414536930620669 23.212857488542795 61.345594175159931
leaf_count=433 29 90 707 50 161 328
internal_value=-0.000133789 0.00258337 -0.000377933 0.0222066 -0.00260584 0.0028389
internal_weight=315.78 150.325 134.875 15.45 165.455 84.5585
internal_count=1798 876 797 79 922 489
is_linear=0
shrinkage=0.05


Tree=182
num_leaves=5
num_cat=0
split_feature=9 8 2 2
split_gain=0.882088 1.03131 3.58351 2.57113
threshold=-1.9354446677946526 0.64523777796837456 0.05818433351570395 0.029202320382766784
decision_type=2 2 2 2
left_child=-1 2 -2 -3
right_child=1 3 -4 -5
leaf_value=-0.016322979170728613 0.0094352147159421623 -0.020796108716801591 -0.0045350019606743312 -0.00035949266520989855
leaf_weight=3.199496326968073 90.997952681034803 12.583083488047121 83.686995686963201 124.92016600258648
leaf_count=24 564 70 489 651
internal_value=-0.000133088 0.000287528 0.00280249 -0.00289372
internal_weight=315.388 312.188 174.685 137.503
internal_count=1798 1774 1053 721
is_linear=0
shrinkage=0.05


Tree=183
num_leaves=7
num_cat=0
split_feature=6 8 12 6 5 0
split_gain=0.902266 2.40438 2.23028 1.75377 5.34427 3.4232
threshold=7.2267200651451509 0.72733445521569839 -0.42260296427039018 7.0555759654891421 0.10000000000000002 0.7875000000000002
decision_type=2 2 2 2 2 2
left_child=3 2 -2 5 -5 -1
right_child=1 -3 -4 4 -6 -7
leaf_value=-0.0024786737875894089 -0.023703243061932389 0.016551698160363205 0.00026963304027637265 0.023856794066704181 -0.016332384186035036 0.016538515608291445
leaf_weight=227.38034857995808 14.552752206102012 4.6484765559434882 19.036902107298374 20.278543759137396 8.1193586103618127 21.351578960195184
leaf_count=1210 98 25 120 110 44 191
internal_value=-0.000151914 -0.0068755 -0.0118421 0.00088121 0.0116413 -0.000552469
internal_weight=315.368 38.2381 33.5897 277.13 28.3979 248.732
internal_count=1798 243 218 1555 154 1401
is_linear=0
shrinkage=0.05


Tree=184
num_leaves=7
num_cat=0
split_feature=6 7 9 6 3 7
split_gain=0.917265 4.21393 3.63031 3.81816 3.36281 2.34068
threshold=6.4097224144353051 -0.023769007888555068 -0.86880303778761203 6.5087897977018363 -1.000000000000002 -0.94384616003320609
decision_type=2 2 2 2 2 2
left_child=1 -1 5 -4 -3 -2
right_child=2 4 3 -5 -6 -7
leaf_value=0.013022465291841727 0.0054844685910815129 0.015223735802162462 -0.018327521589568227 0.004555788300491209 -0.011677746545247638 -0.018439236246134343
leaf_weight=52.955259311944246 10.816190183162687 10.435690212994812 15.874866407364605 140.5612905677408 45.735315652564168 38.764892684295774
leaf_count=280 63 56 90 820 259 230
internal_value=-0.0001326 0.00348066 -0.00208365 0.00173791 -0.00584403 -0.0131959
internal_weight=315.144 109.126 206.017 156.436 56.171 49.5811
internal_count=1798 595 1203 910 315 293
is_linear=0
shrinkage=0.05


Tree=185
num_leaves=7
num_cat=0
split_feature=2 5 2 9 9 1
split_gain=0.887327 2.28527 2.11238 1.83643 1.42935 0.662508
threshold=0.11750592993540139 0.3050000000000001 0.14547273392652485 0.093453930640416266 1.1118816607170565 0.89848539271314742
decision_type=2 2 2 2 2 2
left_child=1 4 3 -2 -1 -4
right_child=2 -3 5 -5 -6 -7
leaf_value=0.0014278461572891921 0.02765812875109383 -0.02472003343032677 -0.019315169015567065 -0.0013207996344339118 -0.0078800153879319806 0.0036362411769385533
leaf_weight=242.92943782918155 8.601950537413364 4.7654917463660231 2.9322383832186452 8.4134549386799318 44.478005094453692 3.0019199773669243
leaf_count=1381 47 24 20 55 249 22
internal_value=-0.000134053 -0.000933078 0.00838555 0.0162835 -0.000122714 -0.0113512
internal_weight=315.122 292.173 22.9496 17.0154 287.407 5.93416
internal_count=1798 1654 144 102 1630 42
is_linear=0
shrinkage=0.05


Tree=186
num_leaves=7
num_cat=0
split_feature=7 9 2 6 4 1
split_gain=0.917519 3.97753 4.3584 3.53358 2.5195 2.35959
threshold=0.64276892290061383 0.67025728520740757 0.03879252285242539 5.4912489800785922 0.043373319090839427 1.8990595271375954
decision_type=2 2 2 2 2 2
left_child=1 5 -3 -2 -5 -1
right_child=3 2 -4 4 -6 -7
leaf_value=-0.0006723548578919207 -0.025794928734078126 0.013132414106042309 -0.025143331110756069 0.0015685964703096558 0.021165692260698567 0.01768014030119705
leaf_weight=189.91603399813175 3.9689778983592978 6.3552546985447398 25.648441238328815 56.305796682834625 18.685208465903997 14.260643292218445
leaf_count=1094 18 48 144 323 100 71
internal_value=-0.000143313 -0.00170828 -0.0167951 0.00436069 0.00746931 0.00100144
internal_weight=315.14 236.18 32.0037 78.96 74.991 204.177
internal_count=1798 1357 192 441 423 1165
is_linear=0
shrinkage=0.05


Tree=187
num_leaves=7
num_cat=0
split_feature=6 7 9 6 7 0
split_gain=0.872173 3.68506 3.39067 3.51169 2.83766 2.35993
threshold=6.4097224144353051 -0.023769007888555068 -0.86880303778761203 6.6149600502560508 0.40601215066105828 0.62000000000000011
decision_type=2 2 2 2 2 2
left_child=1 -1 5 -4 -3 -2
right_child=2 4 3 -5 -6 -7
leaf_value=0.012303921097114272 -0.019717748158226141 -0.0202215921649758 -0.012326216938696405 0.0054020056837666558 0.0022091373787570495 0.0022306449610775959
leaf_weight=52.97942098416388 32.813478400930762 16.079466884955764 30.59452686086297 125.70465327985585 40.068740723654628 16.731019303202629
leaf_count=280 188 92 174 736 223 105
internal_value=-0.000134775 0.00338811 -0.00203848 0.0016573 -0.00534271 -0.0127808
internal_weight=314.971 109.128 205.844 156.299 56.1482 49.5445
internal_count=1798 595 1203 910 315 293
is_linear=0
shrinkage=0.05


Tree=188
num_leaves=7
num_cat=0
split_feature=8 2 2 5 12 0
split_gain=0.876375 3.25483 7.03413 1.68663 3.30389 2.75851
threshold=0.49098576581049852 0.070372888761928445 0.035507209865545626 0.17000000000000001 -0.3317488540066757 0.50000000000000011
decision_type=2 2 2 2 2 2
left_child=1 2 -1 5 -5 -2
right_child=3 -3 -4 4 -6 -7
leaf_value=0.0076147135617891078 -0.001869332462452815 0.016649767233974374 -0.0362957747447719 -0.022049130748180136 0.0040786995976397483 0.0089210299732584361
leaf_weight=15.972173467278482 144.40964924916625 6.7846938334405413 12.642694031819699 17.001883361488581 24.042061109095812 93.843150036409497
leaf_count=93 798 43 80 104 146 534
internal_value=-0.000152107 -0.00704081 -0.014299 0.000829478 -0.00796345 0.00247679
internal_weight=314.696 35.3996 28.6149 279.297 41.0439 238.253
internal_count=1798 216 173 1582 250 1332
is_linear=0
shrinkage=0.05


Tree=189
num_leaves=7
num_cat=0
split_feature=6 8 5 2 6 2
split_gain=0.860591 2.26892 2.20737 1.68477 4.50652 3.95955
threshold=7.2267200651451509 0.72733445521569839 0.049999999999999968 0.071433729807079169 6.8149046661589834 0.058442573479364109
decision_type=2 2 2 2 2 2
left_child=3 2 -2 5 -5 -1
right_child=1 -3 -4 4 -6 -7
leaf_value=0.0019179377469230815 -0.020439117903772369 0.016075388129884998 0.0035156905165133565 -0.0017766305024097782 0.02059681279083039 -0.015353509399552712
leaf_weight=147.29356776736677 19.974378721788526 4.6175205446779719 13.557344630360602 61.55978773906827 29.851302601397038 37.525498729199171
leaf_count=839 131 25 87 344 165 207
internal_value=-0.000162376 -0.00673493 -0.0115544 0.00084894 0.00621893 -0.00190089
internal_weight=314.379 38.1492 33.5317 276.23 91.4111 184.819
internal_count=1798 243 218 1555 509 1046
is_linear=0
shrinkage=0.05


Tree=190
num_leaves=6
num_cat=0
split_feature=12 12 12 2 5
split_gain=0.841408 1.98296 1.57695 2.48665 1.29776
threshold=-0.99306417660977864 -0.99863143642332985 -0.96812032175654827 0.070372888761928445 0.3050000000000001
decision_type=2 2 2 2 2
left_child=1 -1 3 -2 -4
right_child=2 -3 4 -5 -6
leaf_value=0.0095044218071093575 -0.0052390149518944705 -0.023312585263426989 0.00028114767057928192 0.028849132781055938 -0.014692871049723966
leaf_weight=4.1342635080218315 7.4314222019165737 6.3857787121087295 279.20344611443579 6.7777688540518284 10.2517177388072
leaf_count=26 43 38 1589 36 66
internal_value=-0.000150867 -0.0115087 0.000422665 0.0142978 -0.000489679
internal_weight=314.184 10.52 303.664 14.2092 289.455
internal_count=1798 64 1734 79 1655
is_linear=0
shrinkage=0.05


Tree=191
num_leaves=6
num_cat=0
split_feature=0 3 3 3 1
split_gain=0.848339 1.13734 4.36321 4.12538 0.754912
threshold=0.90750000000000008 -0.70680133543571111 -0.57735026918962362 -0.90453403373329511 0.88367084142756591
decision_type=2 2 2 2 2
left_child=1 3 -3 -1 -2
right_child=4 2 -4 -5 -6
leaf_value=-0.0011652992126984555 -0.0046511639191757345 -0.028033171092476085 -0.00068074656793314006 0.023290147843514703 0.021226491091387217
leaf_weight=88.539119290187955 1.9938598126173008 10.795159652829168 193.28176746144891 16.291628390550613 3.3176487348973751
leaf_count=534 17 64 1028 91 64
internal_value=-0.000146793 -0.000608089 -0.00276342 0.00352255 0.0139674
internal_weight=314.219 308.908 204.077 104.831 5.31151
internal_count=1798 1717 1092 625 81
is_linear=0
shrinkage=0.05


Tree=192
num_leaves=7
num_cat=0
split_feature=11 8 8 5 11 8
split_gain=0.828251 4.56175 3.77701 3.54473 2.84505 2.71768
threshold=0.12204979129193404 0.7124201401232243 0.67398331734739736 0.090000000000000122 0.45006596843155194 0.75513835190329359
decision_type=2 2 2 2 2 2
left_child=1 2 -1 -3 -2 -6
right_child=4 3 -4 -5 5 -7
leaf_value=-0.0022326455152965746 0.014543098592834737 0.023886842039775452 -0.022958257142096775 -0.010378140665959233 0.001062287625010281 -0.024642164872509399
leaf_weight=113.17866578511894 32.320527911186218 20.030298773199323 22.701033866032958 7.4535417668521395 112.16220106184483 6.2859390601515761
leaf_count=681 190 96 119 38 644 30
internal_value=-0.000131802 -0.00256094 -0.00638714 0.0144272 0.00249797 -0.00124465
internal_weight=314.132 163.364 135.88 27.4838 150.769 118.448
internal_count=1798 934 800 134 864 674
is_linear=0
shrinkage=0.05


Tree=193
num_leaves=7
num_cat=0
split_feature=11 11 9 0 7 6
split_gain=0.867468 4.07278 3.66978 3.64967 3.36886 2.30069
threshold=-0.90164203839979595 -0.84810589577471474 -1.0381104898235083 0.31750000000000006 -0.8944026823708221 7.1682639767666165
decision_type=2 2 2 2 2 2
left_child=3 2 -2 5 -5 -1
right_child=1 -3 -4 4 -6 -7
leaf_value=-0.027412933308328113 0.01178718807940409 0.00031744260182292908 -0.036550658317022637 -0.018435039350025918 0.019371655284940684 0.0092231356811106301
leaf_weight=6.4495181869715434 2.7113254368305197 259.61061228066683 8.9724270440638048 2.9868126511573783 29.656306581571698 3.7172091193497181
leaf_count=50 15 1487 50 17 157 22
internal_value=-0.000141521 -0.0012154 -0.0251626 0.00607925 0.0139232 -0.0153932
internal_weight=314.104 271.294 11.6838 42.8098 32.6431 10.1667
internal_count=1798 1552 65 246 174 72
is_linear=0
shrinkage=0.05


Tree=194
num_leaves=5
num_cat=0
split_feature=9 8 10 12
split_gain=0.835036 1.00109 2.54053 2.52812
threshold=-1.9354446677946526 0.66574418385534895 0.010000000000000007 0.11750128831440455
decision_type=2 2 2 2
left_child=-1 2 -2 -3
right_child=1 3 -4 -5
leaf_value=-0.015954558161665144 -0.010794877260677981 0.0029345852598719867 0.0045449674784740898 -0.011935104002351022
leaf_weight=3.1627095919102421 26.878152513876557 62.770120685920119 175.84755000285804 45.257379643619061
leaf_count=24 213 330 1001 230
internal_value=-0.000167307 0.000243467 0.00230027 -0.00354737
internal_weight=313.916 310.753 202.726 108.028
internal_count=1798 1774 1214 560
is_linear=0
shrinkage=0.05


Tree=195
num_leaves=7
num_cat=0
split_feature=8 2 2 5 12 0
split_gain=0.846168 2.97747 6.52486 1.57588 3.08921 2.51946
threshold=0.49098576581049852 0.070372888761928445 0.035507209865545626 0.17000000000000001 -0.3317488540066757 0.50000000000000011
decision_type=2 2 2 2 2 2
left_child=1 2 -1 5 -5 -2
right_child=3 -3 -4 4 -6 -7
leaf_value=0.0072214633964746483 -0.0017775309878010693 0.01575527247240056 -0.035167052174304089 -0.021282299301162336 0.0039662828185205263 0.0085532624379790791
leaf_weight=15.944381084293129 144.00860029645264 6.7639599218964568 12.543183140456675 17.093166798353195 23.97645042091608 93.437090419232845
leaf_count=93 798 43 80 104 146 534
internal_value=-0.00018359 -0.00696492 -0.0139064 0.000782414 -0.00771147 0.00238029
internal_weight=313.767 35.2515 28.4876 278.515 41.0696 237.446
internal_count=1798 216 173 1582 250 1332
is_linear=0
shrinkage=0.05


Tree=196
num_leaves=7
num_cat=0
split_feature=5 11 8 4 6 8
split_gain=0.834264 2.22519 3.85888 3.77026 1.98241 3.29512
threshold=-0.022500000000000003 -0.09588194551353231 0.7124201401232243 0.056761556023776923 6.2989765564069389 0.72526289910741626
decision_type=2 2 2 2 2 2
left_child=1 2 -1 -3 5 -2
right_child=4 3 -4 -5 -6 -7
leaf_value=-0.0096413387751128204 0.010878335628428574 0.013433102734878742 0.019748044363662644 -0.014152489143935708 -0.005732219711091344 -0.016620781403745365
leaf_weight=51.612738162279129 45.610521569848061 60.093742428347468 9.0539232268929464 10.985717168077825 126.94458076916635 9.1583926826715452
leaf_count=311 262 349 43 62 727 44
internal_value=-0.000192214 0.00277805 -0.00408556 0.00851969 -0.00236245 0.00527422
internal_weight=313.46 131.746 60.6667 71.0795 181.713 54.7689
internal_count=1798 765 354 411 1033 306
is_linear=0
shrinkage=0.05


Tree=197
num_leaves=7
num_cat=0
split_feature=11 11 9 3 7 0
split_gain=0.831238 3.73624 3.47456 3.31134 2.61607 2.43137
threshold=-0.90164203839979595 -0.84810589577471474 -1.0381104898235083 -1.0088462938727589 -0.8944026823708221 0.50750000000000017
decision_type=2 2 2 2 2 2
left_child=3 2 -2 5 -5 -1
right_child=1 -3 -4 4 -6 -7
leaf_value=-0.029811696055907583 0.011605889718900914 0.00023729563875088795 -0.035305091966810628 -0.017114389739969992 0.017021269184399994 0.0098862518173566151
leaf_weight=5.0066706426441652 2.7171008363366118 259.29080670699477 8.9535630550235492 2.4902426879853001 31.874505992978811 3.1388436332345009
leaf_count=34 15 1487 50 17 176 19
internal_value=-0.000184463 -0.00123334 -0.0241783 0.00592728 0.012688 -0.0165724
internal_weight=313.472 270.961 11.6707 42.5103 34.3647 8.14551
internal_count=1798 1552 65 246 193 53
is_linear=0
shrinkage=0.05


Tree=198
num_leaves=7
num_cat=0
split_feature=2 5 2 0 9 5
split_gain=0.834353 2.06163 1.98456 1.75462 1.37096 0.442994
threshold=0.11750592993540139 0.3050000000000001 0.14547273392652485 0.30750000000000005 1.1118816607170565 0.34750000000000009
decision_type=2 2 2 2 2 2
left_child=1 4 3 -2 -1 -4
right_child=2 -3 5 -5 -6 -7
leaf_value=0.0013173850236097391 -0.0054146617897892378 -0.023528420418294789 -0.017457510200907612 0.023787352391549152 -0.0078186790132186348 0.0021772543508969721
leaf_weight=241.43245554901659 5.1347706280648771 4.8064000308513632 2.9119289945811024 11.827910821884869 44.276344962418079 2.9629400596022606
leaf_count=1381 34 24 20 68 249 22
internal_value=-0.000209606 -0.000985934 0.00806931 0.0157274 -0.000208557 -0.0111068
internal_weight=313.353 290.515 22.8376 16.9627 285.709 5.87487
internal_count=1798 1654 144 102 1630 42
is_linear=0
shrinkage=0.05


Tree=199
num_leaves=6
num_cat=0
split_feature=0 3 3 3 2
split_gain=0.830383 1.08411 4.04171 3.78468 0.757948
threshold=0.90750000000000008 -0.70680133543571111 -0.57735026918962362 -0.90453403373329511 0.070372888761928445
decision_type=2 2 2 2 2
left_child=1 3 -3 -1 -2
right_child=4 2 -4 -5 -6
leaf_value=-0.0011404104632655695 0.02123625491614561 -0.027159516984867921 -0.00077274879729316776 0.022288408309520561 -0.0046050565319452836
leaf_weight=88.162493377923965 3.1900451369583598 10.724196972325442 192.82887378893793 16.299431476742029 2.0677708946168423
leaf_count=534 54 64 1028 91 27
internal_value=-0.000220152 -0.000675516 -0.00278075 0.00336635 0.0137825
internal_weight=313.273 308.015 203.553 104.462 5.25782
internal_count=1798 1717 1092 625 81
is_linear=0
shrinkage=0.05


Tree=200
num_leaves=7
num_cat=0
split_feature=7 9 8 6 4 9
split_gain=0.823754 3.56568 4.21247 3.36221 2.31403 2.19837
threshold=0.64276892290061383 0.67025728520740757 0.66344057047461735 5.4912489800785922 0.043373319090839427 0.51788826220921602
decision_type=2 2 2 2 2 2
left_child=1 5 -3 -2 -5 -1
right_child=3 2 -4 4 -6 -7
leaf_value=-0.00058185453335570653 -0.025343802517329102 -0.0028974476206985924 -0.039015684267045395 0.0014719621443519612 0.020308126833945381 0.018714973658648555
leaf_weight=191.89340966008604 3.9503995031118384 23.818489292636517 7.9571919813752165 56.087305143475533 18.514809083193541 10.967510320246218
leaf_count=1104 18 146 46 323 100 61
internal_value=-0.000201587 -0.00168908 -0.0160169 0.00407675 0.0071287 0.000886498
internal_weight=313.189 234.637 31.7757 78.5525 74.6021 202.861
internal_count=1798 1357 192 441 423 1165
is_linear=0
shrinkage=0.05


Tree=201
num_leaves=7
num_cat=0
split_feature=4 2 12 8 5 2
split_gain=0.804951 2.47804 3.56638 3.14827 2.05488 3.72966
threshold=0.057418104410156282 0.082103361200150937 0.57352571233397664 0.55557250081518339 0.3050000000000001 0.088639406490935116
decision_type=2 2 2 2 2 2
left_child=4 2 -2 -3 5 -1
right_child=1 3 -4 -5 -6 -7
leaf_value=-0.00079456558557436374 -0.0080600826479044676 0.010500033531684596 0.025584859878172585 -0.025731356179544751 -0.019019599510226495 0.015336236776272816
leaf_weight=221.84710626490414 17.275026053190235 5.1704314723610905 7.3796952441334716 16.340222075581551 7.4282863102853289 37.64204228669405
leaf_count=1296 81 27 36 87 53 218
internal_value=-0.000213109 -0.00596358 0.00462639 -0.0166847 0.000872848 0.00179109
internal_weight=313.083 46.1654 24.6547 21.5107 266.917 259.489
internal_count=1798 231 117 114 1567 1514
is_linear=0
shrinkage=0.05


Tree=202
num_leaves=6
num_cat=0
split_feature=0 3 3 3 1
split_gain=0.812957 1.00986 5.38758 2.45335 0.725147
threshold=0.90750000000000008 -0.81649658092772748 -0.90453403373329511 -0.57735026918962362 0.88367084142756591
decision_type=2 2 2 2 2
left_child=1 2 -1 -3 -2
right_child=4 3 -4 -5 -6
leaf_value=-0.0011066561514753788 -0.0045453818011775135 -0.018118713715640458 0.031970293522129628 -0.00073486805862791596 0.020856859415948944
leaf_weight=88.069774031639099 1.9986497834324826 17.751523163169622 9.2561465110629779 192.75779720023274 3.2294513210654259
leaf_count=534 17 106 49 1028 64
internal_value=-0.000204199 -0.000654585 0.00344758 -0.00258715 0.0136711
internal_weight=313.063 307.835 97.3259 210.509 5.2281
internal_count=1798 1717 583 1134 81
is_linear=0
shrinkage=0.05


Tree=203
num_leaves=7
num_cat=0
split_feature=6 3 2 11 5 4
split_gain=0.800893 2.1016 2.65537 2.51812 1.61006 3.58161
threshold=7.2267200651451509 1.0257002386005412 0.065199340807486308 -0.60187309838237013 0.05000000000000001 0.0086602540378443917
decision_type=2 2 2 2 2 2
left_child=4 3 -3 -2 -1 -6
right_child=1 2 -4 -5 5 -7
leaf_value=0.0036324665375074465 -0.024592144697063594 0.027438439509029612 -0.01250051623895904 0.0018123677575771673 0.021830778875019826 -0.0072127005266919026
leaf_weight=176.43845577165484 14.08631812594831 4.3946617413312188 3.5301952101290226 15.927433656528592 7.0510122701525679 91.565745145082474
leaf_count=988 86 31 21 105 54 513
internal_value=-0.000171859 -0.00652798 0.011694 -0.0123222 0.000805742 -0.00418288
internal_weight=312.994 37.9386 7.92486 30.0138 275.055 98.6168
internal_count=1798 243 52 191 1555 567
is_linear=0
shrinkage=0.05


Tree=204
num_leaves=7
num_cat=0
split_feature=4 4 4 4 3 8
split_gain=0.811841 4.97299 3.99414 3.36359 3.19412 2.95061
threshold=0.017853571071357155 0.021794494717703353 0.02678035660703568 0.01615240135339106 1.4142135623730949 0.62646955073109833
decision_type=2 2 2 2 2 2
left_child=3 5 -3 4 -1 -2
right_child=1 2 -4 -5 -6 -7
leaf_value=-0.0037000637724930469 -0.0008388077041536217 -0.017450232355418961 0.0016238575106297425 -0.023946478631158445 0.02237961526286375 0.0308503465408341
leaf_weight=71.316592486575246 10.934517312794926 27.730909826233983 166.09666213579476 12.321009015664456 8.8760871291160566 15.876929854974149
leaf_count=468 72 158 877 77 59 87
internal_value=-0.000154777 0.00149517 -0.00147528 -0.00396469 0.000330606 0.019826
internal_weight=313.153 220.639 193.828 92.5137 80.1927 26.8114
internal_count=1798 1194 1035 604 527 159
is_linear=0
shrinkage=0.05


Tree=205
num_leaves=6
num_cat=0
split_feature=12 12 12 2 2
split_gain=0.802504 1.85336 1.41601 2.90854 1.61026
threshold=-0.99306417660977864 -0.99863143642332985 -0.94971050688104142 0.070372888761928445 0.078623120466894833
decision_type=2 2 2 2 2
left_child=1 -1 3 -2 -4
right_child=2 -3 4 -5 -6
leaf_value=0.0091240837686122414 -0.0056544134237274677 -0.022632565059727373 0.0016944969633369234 0.026728467396725186 -0.0066529786740468604
leaf_weight=4.1336101200431585 10.636574771255257 6.383081825450061 208.27201465703547 9.3758437857031804 74.281969072297215
leaf_count=26 65 38 1193 50 426
internal_value=-0.000140015 -0.0112326 0.00042188 0.0118273 -0.000577535
internal_weight=313.083 10.5167 302.566 20.0124 282.554
internal_count=1798 64 1734 115 1619
is_linear=0
shrinkage=0.05


Tree=206
num_leaves=4
num_cat=0
split_feature=9 1 1
split_gain=0.801022 0.967343 1.37522
threshold=-1.9354446677946526 2.4893188072135763 2.0898143522071186
decision_type=2 2 2
left_child=-1 2 -2
right_child=1 -3 -4
leaf_value=-0.015619001700529034 0.00052143475215446478 0.016567886342410392 -0.015405335711906141
leaf_weight=3.1360999327152959 296.90781866572797 3.8507799804210654 9.1915898062288743
leaf_count=24 1714 16 44
internal_value=-0.000130908 0.000271274 -0.000196725
internal_weight=313.086 309.95 306.099
internal_count=1798 1774 1758
is_linear=0
shrinkage=0.05


Tree=207
num_leaves=7
num_cat=0
split_feature=8 4 11 2 4 4
split_gain=0.786361 2.99088 4.38662 2.16522 1.54528 4.54687
threshold=0.49098576581049852 0.016393596310754988 0.9026478877170564 0.071433729807079169 0.017853571071357155 0.021794494717703353
decision_type=2 2 2 2 2 2
left_child=1 2 -1 -3 -2 -6
right_child=4 3 -4 -5 5 -7
leaf_value=0.021329392672263737 -0.005126820267928732 -0.026537947529602531 -0.022108509574335328 0.0055217575854524907 0.021087282233960777 2.2650289887198628e-05
leaf_weight=12.240223675966265 74.981258112937212 13.542211132124068 4.0719837807118884 5.2720811180770388 24.925804290920496 178.04023201577365
leaf_count=82 491 81 23 30 146 945
internal_value=-0.000135335 -0.00668378 0.00784318 -0.0182811 0.000795732 0.00305434
internal_weight=313.074 35.1265 16.3122 18.8143 277.947 202.966
internal_count=1798 216 105 111 1582 1091
is_linear=0
shrinkage=0.05


Tree=208
num_leaves=7
num_cat=0
split_feature=0 4 4 2 3 9
split_gain=0.796195 1.07228 2.09131 1.99741 0.87093 0.249065
threshold=0.15000000000000005 0.0070710678118654805 0.018027756377319949 0.024909534253079228 -1.4185390885838174 1.3837640591372047
decision_type=2 2 2 2 2 2
left_child=4 3 -3 -2 -1 -6
right_child=1 2 -4 -5 5 -7
leaf_value=0.006103063626767013 -0.0054352878238581497 -0.0080797556135401606 0.0018085931288901902 0.019512163023577583 -0.022560566260868387 0.00095520954425849206
leaf_weight=1.9757598787546156 10.984843961894514 65.562880553305149 216.0379457436502 13.750105932354925 3.8276297692209473 0.84073789417743672
leaf_count=29 60 379 1122 83 107 18
internal_value=-0.000133323 0.000348851 -0.000594426 0.00938199 -0.0129682 -0.0200217
internal_weight=312.98 306.336 281.601 24.7349 6.64413 4.66837
internal_count=1798 1644 1501 143 154 125
is_linear=0
shrinkage=0.05


Tree=209
num_leaves=6
num_cat=0
split_feature=0 11 11 0 2
split_gain=0.791855 0.928113 3.52309 3.39662 0.7235
threshold=0.90750000000000008 -0.90164203839979595 -0.84810589577471474 0.31750000000000006 0.070372888761928445
decision_type=2 2 2 2 2
left_child=1 3 -3 -1 -2
right_child=4 2 -4 -5 -6
leaf_value=-0.01487691208547485 0.020917420100915341 -0.024131466198558341 -0.00023803075553854589 0.013634354291365095 -0.0044200388788123149
leaf_weight=9.9871465787291509 3.116416933014988 11.43052735365927 254.58893493004143 31.710604727268219 2.0797912962734699
leaf_count=72 54 62 1420 163 27
internal_value=-0.000132861 -0.000577902 -0.00169096 0.00594382 0.0135817
internal_weight=312.913 307.717 266.019 41.6978 5.19621
internal_count=1798 1717 1482 235 81
is_linear=0
shrinkage=0.05


Tree=210
num_leaves=7
num_cat=0
split_feature=2 2 4 2 2 0
split_gain=0.772094 2.04266 2.70563 2.17163 1.85915 1.68172
threshold=0.11750592993540139 0.099034824176806147 0.045483513496650654 0.087789200235079398 0.14547273392652485 0.30750000000000005
decision_type=2 2 2 2 2 2
left_child=1 3 -3 -1 5 -2
right_child=4 2 -4 -5 -6 -7
leaf_value=-0.00082903687868171117 -0.0054047814497171056 0.0004723914802300112 -0.029950206402036779 0.015545143047590304 -0.01071498390379939 0.02316973327436888
leaf_weight=248.75466622598469 5.1120382212102475 15.723329745233061 8.412770848721264 17.010265152901411 5.8840170782059422 11.790203779935835
leaf_count=1424 34 88 44 98 42 68
internal_value=-0.000133452 -0.000882143 -0.0134516 0.000486698 0.00783658 0.0152665
internal_weight=312.687 289.901 24.1361 265.765 22.7863 16.9022
internal_count=1798 1654 132 1522 144 102
is_linear=0
shrinkage=0.05


Tree=211
num_leaves=7
num_cat=0
split_feature=6 8 5 6 5 0
split_gain=0.768597 2.03977 1.98271 1.55503 4.62361 3.18613
threshold=7.2267200651451509 0.72733445521569839 0.049999999999999968 7.0555759654891421 0.10000000000000002 0.7875000000000002
decision_type=2 2 2 2 2 2
left_child=3 2 -2 5 -5 -1
right_child=1 -3 -4 4 -6 -7
leaf_value=-0.0023945371826544384 -0.019442401456580327 0.015261458734436207 0.0033401171499018072 0.022383116681930521 -0.015104957676252834 0.016065647631220908
leaf_weight=225.54338493570685 19.736962439492345 4.6020813882350913 13.472609147429464 20.113699812442068 8.0745650641620141 21.016105957329273
leaf_count=1210 131 25 87 110 44 191
internal_value=-0.000132733 -0.00636984 -0.0109723 0.000824146 0.0109868 -0.000532992
internal_weight=312.559 37.8117 33.2096 274.748 28.1883 246.559
internal_count=1798 243 218 1555 154 1401
is_linear=0
shrinkage=0.05


Tree=212
num_leaves=7
num_cat=0
split_feature=8 12 11 10 8 4
split_gain=0.756816 2.48741 2.51101 2.28101 2.72996 2.16717
threshold=0.66574418385534895 -0.79332462336093024 0.78524939301577457 0.010000000000000007 0.58768649386645844 0.014224519775777725
decision_type=2 2 2 2 2 2
left_child=3 5 -3 4 -1 -2
right_child=1 2 -4 -5 -6 -7
leaf_value=-0.022185021982977168 -0.012227459385979004 -0.012639003338457237 0.0054530282905177509 0.0037810199808186273 0.006107790878570914 0.01653044127404282
leaf_weight=15.048745039850475 4.9210531786084202 59.66480340436101 23.914335172623396 177.88333688117564 11.824090560898183 18.987595364451408
leaf_count=129 28 313 123 1022 87 96
internal_value=-0.000110168 -0.00341736 -0.00744676 0.00166604 -0.0107309 0.00952021
internal_weight=312.244 107.488 83.5791 204.756 26.8728 23.9086
internal_count=1798 560 436 1238 216 124
is_linear=0
shrinkage=0.05


Tree=213
num_leaves=6
num_cat=0
split_feature=12 12 12 2 2
split_gain=0.756344 1.75212 1.28504 2.28151 1.20645
threshold=-0.99306417660977864 -0.99863143642332985 -0.96812032175654827 0.070372888761928445 0.058442573479364109
decision_type=2 2 2 2 2
left_child=1 -1 3 -2 -4
right_child=2 -3 4 -5 -6
leaf_value=0.0089131978919552071 -0.0055237022182146574 -0.021993968208356404 0.0026510502150623835 0.02704006050856534 -0.0037234819219873847
leaf_weight=4.1098592933267355 7.3682166039943677 6.3601037766784412 150.59659552760422 6.6927364878356457 137.0021884329617
leaf_count=26 43 38 884 36 771
internal_value=-0.000116829 -0.0109021 0.000429159 0.0130032 -0.000397296
internal_weight=312.13 10.47 301.66 14.061 287.599
internal_count=1798 64 1734 79 1655
is_linear=0
shrinkage=0.05


Tree=214
num_leaves=5
num_cat=0
split_feature=1 1 9 8
split_gain=0.750449 1.25753 3.60073 1.28816
threshold=2.4893188072135763 2.0898143522071186 0.11231514937664643 0.49098576581049852
decision_type=2 2 2 2
left_child=1 3 -3 -1
right_child=-2 2 -4 -5
leaf_value=-0.0084067519280563788 0.014055533287624617 0.012225843688692126 -0.03311860719838873 0.0013852861748505686
leaf_weight=33.34999006614089 4.0942668393254271 4.288551911711691 4.874941024929285 265.49751097708941
leaf_count=208 18 21 23 1528
internal_value=-0.000105143 -0.00051489 -0.0150728 0.000172184
internal_weight=312.105 308.011 9.16349 298.848
internal_count=1798 1780 44 1736
is_linear=0
shrinkage=0.05


Tree=215
num_leaves=6
num_cat=0
split_feature=0 3 3 3 2
split_gain=0.745592 0.939929 3.58598 3.43937 0.716674
threshold=0.90750000000000008 -0.70680133543571111 -0.57735026918962362 -0.90453403373329511 0.070372888761928445
decision_type=2 2 2 2 2
left_child=1 3 -3 -1 -2
right_child=4 2 -4 -5 -6
leaf_value=-0.0010926648908707215 0.020617756095831479 -0.02557309060013226 -0.00062104119427049923 0.021222057876456993 -0.0045207327051244575
leaf_weight=87.832890333607793 3.0531221199780694 10.590682554990051 192.20711625739932 16.364478981122375 2.0688731074333191
leaf_count=534 54 64 1028 91 27
internal_value=-0.000110785 -0.000542357 -0.00250809 0.00322318 0.0132465
internal_weight=312.117 306.995 202.798 104.197 5.122
internal_count=1798 1717 1092 625 81
is_linear=0
shrinkage=0.05


Tree=216
num_leaves=7
num_cat=0
split_feature=0 12 9 2 9 2
split_gain=0.733509 3.8654 2.38117 1.09501 2.19918 1.85835
threshold=0.20000000000000004 0.56280492174228447 1.0000000180025095e-35 0.11750592993540139 0.052224167307894399 0.081357828127714762
decision_type=2 2 2 2 2 2
left_child=1 -1 -3 5 -5 -2
right_child=3 2 -4 4 -6 -7
leaf_value=-0.021699484940564118 0.0016824102688667436 -0.010772737826605058 0.031749394801137788 0.023002462193300929 -0.0048332779104409305 -0.0084216141059450904
leaf_weight=12.568662526085975 221.27916151657701 2.2871576808392993 3.1735281869769096 9.9830245971679705 10.768541932106016 51.972494557499886
leaf_count=167 1171 34 41 54 67 264
internal_value=-9.74735e-05 -0.00869451 0.0173031 0.000566304 0.0104239 -0.000356174
internal_weight=312.033 18.0293 5.46069 294.003 20.7516 273.252
internal_count=1798 242 75 1556 121 1435
is_linear=0
shrinkage=0.05


Tree=217
num_leaves=7
num_cat=0
split_feature=6 3 0 3 9 6
split_gain=0.726059 3.39696 4.00635 3.4069 3.09064 3.28274
threshold=6.4097224144353051 -1.000000000000002 0.41000000000000009 -1.6772987881803727 -0.86880303778761203 6.5087897977018363
decision_type=2 2 2 2 2 2
left_child=1 3 -3 -1 -2 -6
right_child=4 2 -4 -5 5 -7
leaf_value=-0.0088230850641891952 -0.012181874527535906 -0.0166686051633111 0.0054228546464416636 0.026559984623235278 -0.016984698227978084 0.0043236910741531916
leaf_weight=6.6706459447741535 48.686633938923478 25.756695007905364 57.034643871709704 18.904562981799245 15.706751437857745 139.13827033340931
leaf_count=35 293 144 315 101 90 820
internal_value=-8.46487e-05 0.00313732 -0.00200779 0.0173975 -0.00183422 0.00169859
internal_weight=311.898 108.367 82.7913 25.5752 203.532 154.845
internal_count=1798 595 459 136 1203 910
is_linear=0
shrinkage=0.05


Tree=218
num_leaves=5
num_cat=0
split_feature=9 8 2 6
split_gain=0.776512 0.936355 3.1833 2.55345
threshold=-1.9354446677946526 0.64523777796837456 0.05818433351570395 6.7367057382812652
decision_type=2 2 2 2
left_child=-1 2 -2 -3
right_child=1 3 -4 -5
leaf_value=-0.015369072677468787 0.0090068976806281821 -0.0079746464782109658 -0.0042423408648347991 0.005603561665282893
leaf_weight=3.1102412790060034 89.761798698455095 83.798190301284194 82.671238766983151 52.285888064652681
leaf_count=24 564 439 489 282
internal_value=-9.53724e-05 0.000301257 0.00271414 -0.00274396
internal_weight=311.627 308.517 172.433 136.084
internal_count=1798 1774 1053 721
is_linear=0
shrinkage=0.05


Tree=219
num_leaves=7
num_cat=0
split_feature=6 3 8 7 2 6
split_gain=0.741961 1.93578 3.39764 1.72297 1.55157 3.74925
threshold=7.2267200651451509 0.44721359549995837 0.6343323011177352 0.064813144334888093 0.071433729807079169 6.8149046661589834
decision_type=2 2 2 2 2 2
left_child=4 3 -3 -2 -1 -6
right_child=1 2 -4 -5 5 -7
leaf_value=-0.0018137410267970678 -0.025554998663156733 -0.012290070956059196 0.024676220323946257 -0.00012837258037131215 -0.0013392969823484658 0.019142582357818655
leaf_weight=183.1609479226172 10.327124228700997 8.5171997938305122 6.9080177545547476 11.875407213345168 61.119375413283706 29.688140934333205
leaf_count=1046 75 56 41 71 344 165
internal_value=-0.000100891 -0.0062432 0.00625293 -0.0144785 0.000839492 0.00600649
internal_weight=311.596 37.6277 15.4252 22.2025 273.968 90.8075
internal_count=1798 243 97 146 1555 509
is_linear=0
shrinkage=0.05


Tree=220
num_leaves=7
num_cat=0
split_feature=6 7 3 9 6 7
split_gain=0.758516 3.16795 2.93219 2.7385 2.95319 2.26932
threshold=6.4097224144353051 -0.023769007888555068 -1.000000000000002 -0.86880303778761203 6.5087897977018363 -0.94384616003320609
decision_type=2 2 2 2 2 2
left_child=1 -1 -3 5 -5 -2
right_child=3 2 -4 4 -6 -7
leaf_value=0.01149723345437266 0.0065591508617152605 0.014688337520565479 -0.010449753019225749 -0.016274969875563886 0.0039425879909937853 -0.016882522478899799
leaf_weight=52.538122659549117 10.607557494193314 10.384592980146406 45.243230044841766 15.684775598347185 139.03177068196237 37.984423223882914
leaf_count=280 63 56 259 90 820 230
internal_value=-9.36106e-05 0.00320303 -0.00493264 -0.0018823 0.00144765 -0.0116307
internal_weight=311.474 108.166 55.6278 203.309 154.717 48.592
internal_count=1798 595 315 1203 910 293
is_linear=0
shrinkage=0.05


Tree=221
num_leaves=6
num_cat=0
split_feature=0 5 6 11 2
split_gain=0.731421 0.934843 2.05608 2.05071 0.677394
threshold=0.90750000000000008 -0.022500000000000003 6.1688049488387833 -0.09588194551353231 0.070372888761928445
decision_type=2 2 2 2 2
left_child=1 3 -3 -1 -2
right_child=4 2 -4 -5 -6
leaf_value=-0.0040090554942792973 0.020356535526403288 0.0063670264161497488 -0.0058406264593109554 0.0081366139181427138 -0.0042243706318514044
leaf_weight=59.981550699099898 2.9953515529632559 41.321245327591896 134.28384796716273 70.757164413109422 2.0986699536442757
leaf_count=353 54 228 725 411 27
internal_value=-9.45334e-05 -0.000522523 -0.00287133 0.00262189 0.0131534
internal_weight=311.438 306.344 175.605 130.739 5.09402
internal_count=1798 1717 953 764 81
is_linear=0
shrinkage=0.05


Tree=222
num_leaves=7
num_cat=0
split_feature=0 1 1 2 3 3
split_gain=0.741579 3.34099 4.11074 3.39047 1.8002 2.69687
threshold=0.50000000000000011 -0.87622832653069038 -0.19855480224443298 0.037034124416631939 1.6059101370939339 -0.96225044864937614
decision_type=2 2 2 2 2 2
left_child=4 3 -3 -2 5 -1
right_child=1 2 -4 -5 -6 -7
leaf_value=-0.0091687727833737447 -0.0078845761528357015 -0.019818698903624015 0.0032941010009760623 0.033515100684956459 -0.018507214902879248 0.004220344364182226
leaf_weight=54.223245572298765 4.948204554617404 17.898755379021168 115.38886694423854 10.224108286201952 10.673079349100588 98.146457675844431
leaf_count=349 29 90 707 50 54 519
internal_value=-7.33209e-05 0.0024407 -0.000413995 0.0214056 -0.00236699 -0.000684318
internal_weight=311.503 148.46 133.288 15.1723 163.043 152.37
internal_count=1798 876 797 79 922 868
is_linear=0
shrinkage=0.05


Tree=223
num_leaves=5
num_cat=0
split_feature=1 1 9 11
split_gain=0.734042 1.15649 3.49212 1.26799
threshold=2.4893188072135763 2.0898143522071186 0.11231514937664643 -0.90164203839979595
decision_type=2 2 2 2
left_child=1 3 -3 -1
right_child=-2 2 -4 -5
leaf_value=0.0079104286327297147 0.013929093833915468 0.012332986448782376 -0.032246235270006599 -0.0011597964416683411
leaf_weight=40.153314221650362 4.0867150500416747 4.262013226747511 4.8843000419437885 257.84010087139904
leaf_count=237 18 21 23 1499
internal_value=-8.09307e-05 -0.000487481 -0.0144563 0.000172747
internal_weight=311.226 307.14 9.14631 297.993
internal_count=1798 1780 44 1736
is_linear=0
shrinkage=0.05


Tree=224
num_leaves=7
num_cat=0
split_feature=8 9 8 4 9 9
split_gain=0.720236 2.88757 3.38346 2.46766 1.49636 4.171
threshold=0.49098576581049852 0.18747853891702729 0.37823045478712197 0.016393596310754988 1.1118816607170565 1.060071399331961
decision_type=2 2 2 2 2 2
left_child=1 2 -1 -3 5 -2
right_child=4 3 -4 -5 -6 -7
leaf_value=0.0067425259302049349 0.00082292014190832221 0.027024227360491954 -0.028366922770680199 -0.007057648056992924 -0.0072256687692266539 0.030007341372695076
leaf_weight=8.3657532334327716 225.15422731637955 5.0516024120151979 13.480176122859119 7.9087986815720797 43.311323538422585 7.9684087205678216
leaf_count=46 1291 38 86 46 246 45
internal_value=-7.62438e-05 -0.00637024 -0.0161703 0.0100516 0.00081534 0.00242961
internal_weight=311.24 34.8063 21.8459 12.9604 276.434 233.123
internal_count=1798 216 132 84 1582 1336
is_linear=0
shrinkage=0.05


Tree=225
num_leaves=7
num_cat=0
split_feature=0 5 11 6 6 0
split_gain=0.715771 0.978067 1.80652 1.73702 0.666045 1.36561
threshold=0.15000000000000005 -0.022500000000000003 -0.09588194551353231 6.1688049488387833 6.904705580401381 0.080000000000000029
decision_type=2 2 2 2 2 2
left_child=4 2 -2 -3 -1 -6
right_child=1 3 -4 -5 5 -7
leaf_value=-0.020257618781289677 -0.0026756105634814353 0.0065304404481129081 0.0090288719492240283 -0.0046109990460538874 -0.01396748584452768 0.018173097478607448
leaf_weight=3.1368963140994301 57.506324648857117 41.49967266432941 66.981680653989315 138.68734418787062 1.7988641522824766 1.5235943887382744
leaf_count=79 293 234 325 792 44 31
internal_value=-5.52023e-05 0.000399748 0.00372753 -0.00193793 -0.0123256 0.0028346
internal_weight=311.134 304.675 124.488 180.187 6.45935 3.32246
internal_count=1798 1644 618 1026 154 75
is_linear=0
shrinkage=0.05


Tree=226
num_leaves=7
num_cat=0
split_feature=0 1 1 2 8 8
split_gain=0.728569 3.08639 3.81721 3.20664 1.69349 1.94961
threshold=0.50000000000000011 -0.87622832653069038 -0.19855480224443298 0.037034124416631939 0.74171818064016881 0.64523777796837456
decision_type=2 2 2 2 2 2
left_child=4 3 -3 -2 5 -1
right_child=1 2 -4 -5 -6 -7
leaf_value=0.00026239840065361619 -0.0076982248969774672 -0.018981252459356602 0.0032670019158645251 0.032556340080217988 0.012034424330269512 -0.011398103554871144
leaf_weight=97.87495375983417 4.9597085639834395 17.959755964577198 115.31104954518378 10.130619913339613 13.58943449705839 51.365873133763671
leaf_count=576 29 90 707 50 63 283
internal_value=-5.87608e-05 0.00243332 -0.000309165 0.0207028 -0.00233424 -0.00399032
internal_weight=311.191 148.361 133.271 15.0903 162.83 149.241
internal_count=1798 876 797 79 922 859
is_linear=0
shrinkage=0.05


Tree=227
num_leaves=7
num_cat=0
split_feature=4 1 1 4 5 2
split_gain=0.717305 2.31727 4.46549 2.68688 1.92 3.43472
threshold=0.057418104410156282 0.8314447017384522 -1.7166072763869582 0.09156604046499911 0.3050000000000001 0.088639406490935116
decision_type=2 2 2 2 2 2
left_child=4 2 -2 -3 5 -1
right_child=1 3 -4 -5 -6 -7
leaf_value=-0.00062236698029739411 0.0042665175952200929 0.01683294481712945 -0.032721743372785932 -0.01446126326893889 -0.018192814830256726 0.014909447389846293
leaf_weight=220.19675631262362 14.612451415508987 14.078885003924372 10.987657971680163 6.1338817551732054 7.5018194355070582 37.377880401909351
leaf_count=1296 82 65 55 29 53 218
internal_value=-4.77727e-05 -0.0054971 -0.0143616 0.0063517 0.000978362 0.00187252
internal_weight=310.889 45.8129 25.6001 20.2128 265.076 257.575
internal_count=1798 231 137 94 1567 1514
is_linear=0
shrinkage=0.05


Tree=228
num_leaves=7
num_cat=0
split_feature=7 9 4 9 2 1
split_gain=0.724908 3.98259 3.98071 3.9056 3.24234 2.80329
threshold=0.58820001803802568 0.68203430318791214 0.048185827257805174 1.1118816607170565 0.040925702673666776 1.8990595271375954
decision_type=2 2 2 2 2 2
left_child=1 5 3 -2 -3 -1
right_child=2 4 -4 -5 -6 -7
leaf_value=-0.001001331249761931 0.0088776141259279146 0.0088119504755912268 0.021792076770293396 -0.013147210502799968 -0.02836100130591547 0.019213158540823685
leaf_weight=186.11244810931385 35.996014362201095 5.3295537941157844 17.865705450996757 34.705558653920889 16.998682668432593 13.851611003279684
leaf_count=1089 212 40 94 198 95 70
internal_value=-6.91078e-05 -0.00159288 0.00363611 -0.00208807 -0.0194993 0.000833474
internal_weight=310.86 222.292 88.5673 70.7016 22.3282 199.964
internal_count=1798 1294 504 410 135 1159
is_linear=0
shrinkage=0.05


Tree=229
num_leaves=7
num_cat=0
split_feature=4 2 2 8 5 2
split_gain=0.738578 2.19918 3.41963 2.89743 1.80325 3.1693
threshold=0.057418104410156282 0.082103361200150937 0.066451455069384019 0.50937375515835093 0.3050000000000001 0.088639406490935116
decision_type=2 2 2 2 2 2
left_child=4 2 -2 -3 5 -1
right_child=1 3 -4 -5 -6 -7
leaf_value=-0.00054130348629565829 -0.012159510540467711 0.017090046834520745 0.019482939605747252 -0.021980270264920016 -0.017539710402225066 0.014387564658083392
leaf_weight=220.03809905424714 12.130925998091699 1.9941845946013952 12.355480104684828 19.239485118538141 7.569866392761468 37.327794102951884
leaf_count=1296 60 12 57 102 53 218
internal_value=-5.29667e-05 -0.00558807 0.00440312 -0.015753 0.000988043 0.00185687
internal_weight=310.656 45.7201 24.4864 21.2337 264.936 257.366
internal_count=1798 231 117 114 1567 1514
is_linear=0
shrinkage=0.05


Tree=230
num_leaves=5
num_cat=0
split_feature=0 9 8 1
split_gain=0.713955 0.877127 0.9413 0.704218
threshold=0.90750000000000008 -1.9354446677946526 0.49098576581049852 0.88367084142756591
decision_type=2 2 2 2
left_child=1 -1 -3 -2
right_child=3 2 -4 -5
leaf_value=-0.016952404290336478 -0.0046692298805228538 -0.0074296885551265361 0.00097396540722794953 0.020270642239440792
leaf_weight=2.8721153233200303 1.9760663956403721 32.921398049220443 269.74794433265924 3.0896237958222628
leaf_count=21 17 195 1501 64
internal_value=-5.13026e-05 -0.0004753 -4.59883e-05 0.0130551
internal_weight=310.607 305.541 302.669 5.06569
internal_count=1798 1717 1696 81
is_linear=0
shrinkage=0.05


Tree=231
num_leaves=6
num_cat=0
split_feature=12 3 12 1 3
split_gain=0.694977 1.72099 1.30686 3.27831 1.98011
threshold=-0.99306417660977864 0.63430097859827195 -0.89199300740364562 1.5631320643994517 -1.7049153096044749
decision_type=2 2 2 2 2
left_child=1 -1 3 -2 -4
right_child=2 -3 4 -5 -6
leaf_value=-0.023268546583233313 0.014696990167550036 0.007137811739226345 -0.019756828498726328 -0.018989195951616602 0.00015869598537660994
leaf_weight=5.0614126008003932 31.772722413763404 5.3295412324368954 8.1171617507934553 4.4586145281791678 255.78743544593453
leaf_count=31 184 33 48 25 1477
internal_value=-5.4876e-05 -0.0104207 0.000468871 0.00875152 -0.000809832
internal_weight=310.527 10.391 300.136 36.2313 263.905
internal_count=1798 64 1734 209 1525
is_linear=0
shrinkage=0.05


Tree=232
num_leaves=7
num_cat=0
split_feature=8 12 0 9 10 8
split_gain=0.713805 2.25602 3.23721 3.12137 2.04962 2.60211
threshold=0.66574418385534895 -0.21643177949537343 0.32750000000000007 1.0452056576867086 0.010000000000000007 0.58768649386645844
decision_type=2 2 2 2 2 2
left_child=4 3 -3 -2 5 -1
right_child=1 2 -4 -5 -6 -7
leaf_value=-0.021442049603564349 -0.0034329511030637065 0.010730352457267736 -0.015669164535269703 0.021665717476088583 0.0036496285193426932 0.0062369250142605146
leaf_weight=14.834959769621493 38.671917490661144 11.30066644400358 44.434878621250391 12.531127732247112 177.02361501380801 11.725218325853346
leaf_count=129 209 69 217 65 1022 87
internal_value=-8.38613e-05 -0.00330351 -0.00987381 0.00409054 0.00164601 -0.0101707
internal_weight=310.522 106.939 55.7355 51.203 203.584 26.5602
internal_count=1798 560 286 274 1238 216
is_linear=0
shrinkage=0.05


Tree=233
num_leaves=7
num_cat=0
split_feature=0 1 1 2 2 12
split_gain=0.706574 2.952 3.44175 3.02752 1.78603 6.7191
threshold=0.50000000000000011 -0.87622832653069038 -0.19855480224443298 0.037034124416631939 0.058442573479364109 -0.81278127095441433
decision_type=2 2 2 2 2 2
left_child=4 3 -3 -2 -1 -6
right_child=1 2 -4 -5 5 -7
leaf_value=0.0027932245960696038 -0.0073365316617937937 -0.018015171834606353 0.0031022344603133588 0.031856692820784377 0.016515159161919736 -0.01503447315091367
leaf_weight=82.191470487043262 4.9771571755409232 17.992962375283241 114.99764120392501 10.041698493063448 17.989271018654108 62.310517735779285
leaf_count=477 29 90 707 50 99 346
internal_value=-7.84203e-05 0.00237907 -0.000304088 0.0202799 -0.00232108 -0.00741276
internal_weight=310.501 148.009 132.991 15.0189 162.491 80.2998
internal_count=1798 876 797 79 922 445
is_linear=0
shrinkage=0.05


Tree=234
num_leaves=7
num_cat=0
split_feature=11 0 8 11 9 6
split_gain=0.721566 2.99241 3.04814 2.95049 3.33053 2.22456
threshold=-0.90164203839979595 0.31750000000000006 0.65706438060992911 -0.84810589577471474 -1.0381104898235083 7.1682639767666165
decision_type=2 2 2 2 2 2
left_child=1 5 -3 4 -2 -1
right_child=3 2 -4 -5 -6 -7
leaf_value=-0.026225712304442785 0.012639315857465114 0.02170780484842633 -0.0076997076882548976 0.00026673804340838282 -0.032625883742388451 0.0097643300968548365
leaf_weight=6.1527004018425924 2.6544063240289679 22.139040246605873 9.9584544375538808 256.83963343501091 8.8662801086902601 3.6314078271389008
leaf_count=50 15 122 52 1487 50 22
internal_value=-6.36493e-05 0.00566844 0.0127759 -0.00104555 -0.0215277 -0.0140832
internal_weight=310.242 41.8816 32.0975 268.36 11.5207 9.78411
internal_count=1798 246 174 1552 65 72
is_linear=0
shrinkage=0.05


Tree=235
num_leaves=7
num_cat=0
split_feature=6 8 12 5 0 4
split_gain=0.723843 1.84049 1.85196 1.47626 3.50893 3.19509
threshold=7.2267200651451509 0.72733445521569839 -0.42260296427039018 0.05000000000000001 0.55750000000000022 0.0086602540378443917
decision_type=2 2 2 2 2 2
left_child=3 2 -2 4 -1 -5
right_child=1 -3 -4 5 -6 -7
leaf_value=-0.00025278975293691503 -0.021411595240472755 0.014444446225106451 0.00058003852401639576 0.020851206156348959 0.016298285677353346 -0.0067976399788232155
leaf_weight=138.24273560754955 14.280093993991612 4.5584885813295832 18.505923885852098 6.8471148647367945 36.619474504143 91.012556904926896
leaf_count=770 98 25 120 54 218 513
internal_value=-7.8182e-05 -0.00616647 -0.0105643 0.000851512 0.00357004 -0.00394355
internal_weight=310.066 37.3445 32.786 272.722 174.862 97.8597
internal_count=1798 243 218 1555 988 567
is_linear=0
shrinkage=0.05


Tree=236
num_leaves=7
num_cat=0
split_feature=4 4 4 3 8 6
split_gain=0.714418 4.33049 2.97173 2.99735 2.8732 1.89326
threshold=0.017853571071357155 0.02061552812808834 0.01615240135339106 1.4142135623730949 0.52121463212541463 5.2951857977666057
decision_type=2 2 2 2 2 2
left_child=2 5 3 -1 -3 -2
right_child=1 4 -4 -5 -6 -7
leaf_value=-0.0035234787108062438 -0.0097384770058203535 -0.014927011621938199 -0.02251359354408752 0.021882294528378771 0.0015608188852614885 0.026062429333676879
leaf_weight=70.424468671903014 1.7397712618112589 26.039345202967525 12.166848191991447 8.7232128065079433 173.32160325720906 17.45657697878778
leaf_count=468 8 154 77 59 927 105
internal_value=-5.49673e-05 0.00149689 -0.00365416 0.000410455 -0.000905246 0.0214759
internal_weight=309.872 218.557 91.3145 79.1477 199.361 19.1963
internal_count=1798 1194 604 527 1081 113
is_linear=0
shrinkage=0.05


Tree=237
num_leaves=5
num_cat=0
split_feature=9 8 8 6
split_gain=0.696759 0.864063 2.56927 2.23901
threshold=-1.9354446677946526 0.64523777796837456 0.6343323011177352 6.7367057382812652
decision_type=2 2 2 2
left_child=-1 2 -2 -3
right_child=1 3 -4 -5
leaf_value=-0.014540339205976202 0.00068315960526883367 -0.0075175167326967636 0.021390978836820833 0.0052339343573609316
leaf_weight=3.0887931548058978 159.84914353303611 83.363114509731531 11.572266247123478 51.941848488524556
leaf_count=24 984 439 69 282
internal_value=-5.31735e-05 0.000323598 0.00264772 -0.00261032
internal_weight=309.815 306.726 171.421 135.305
internal_count=1798 1774 1053 721
is_linear=0
shrinkage=0.05


Tree=238
num_leaves=7
num_cat=0
split_feature=6 3 2 7 0 6
split_gain=0.708814 1.78286 2.47728 2.1529 1.41627 1.9926
threshold=7.2267200651451509 1.0257002386005412 0.065199340807486308 0.8182772020184631 0.87000000000000011 7.0555759654891421
decision_type=2 2 2 2 2 2
left_child=4 3 -3 -2 5 -1
right_child=1 2 -4 -5 -6 -7
leaf_value=-0.0014968999019155415 -0.017805704052759257 0.026235881429629106 -0.012357097639233499 0.0092903176225906259 0.0165677011076651 0.011757316069436932
leaf_weight=236.64149235747755 23.144423285499219 4.2791934944689265 3.5136893503367901 6.3931095190346232 8.6676106937229616 27.126635406166315
leaf_count=1315 156 31 21 35 94 146
internal_value=-4.63568e-05 -0.00607228 0.0108063 -0.0114451 0.000873899 5.95676e-05
internal_weight=309.766 37.3304 7.79288 29.5375 272.436 263.768
internal_count=1798 243 52 191 1555 1461
is_linear=0
shrinkage=0.05


Tree=239
num_leaves=6
num_cat=0
split_feature=12 12 12 2 4
split_gain=0.691813 1.63466 1.10753 2.11336 1.09258
threshold=-0.99306417660977864 -0.99863143642332985 -0.96812032175654827 0.070372888761928445 0.027824613072817198
decision_type=2 2 2 2 2
left_child=1 -1 3 -2 -4
right_child=2 -3 4 -5 -6
leaf_value=0.0087632917049519157 -0.0055680886783177437 -0.021122012502070825 -0.0033507821551684459 0.025766640378927654 0.0027328199597280432
leaf_weight=4.0624523963779211 7.3071152660995704 6.3031970728188735 140.44574460573494 6.6389788500964642 144.86946971714497
leaf_count=26 43 38 887 36 768
internal_value=-1.8275e-05 -0.0103692 0.000504762 0.012212 -0.000267953
internal_weight=309.627 10.3656 299.261 13.9461 285.315
internal_count=1798 64 1734 79 1655
is_linear=0
shrinkage=0.05


Tree=240
num_leaves=7
num_cat=0
split_feature=6 3 0 3 9 9
split_gain=0.701397 3.07124 3.75423 3.00281 2.57324 2.97757
threshold=6.4097224144353051 -1.000000000000002 0.38000000000000006 -1.6772987881803727 -0.86880303778761203 -0.67246131264714271
decision_type=2 2 2 2 2 2
left_child=1 3 -3 -1 -2 -6
right_child=4 2 -4 -5 5 -7
leaf_value=-0.0080822151378026879 -0.011224916383477302 -0.018404298245463503 0.0044291649602573469 0.025337087741037524 0.020117453867390597 -0.00098904929106549775
leaf_weight=6.6017434559762505 48.209518950432539 19.589768229052424 62.584719680249691 18.810566514730453 13.919364580884574 139.87505633383989
leaf_count=35 293 118 341 101 79 831
internal_value=-1.15784e-05 0.00316475 -0.00175755 0.0167538 -0.00173886 0.00149452
internal_weight=309.591 107.587 82.1745 25.4123 202.004 153.794
internal_count=1798 595 459 136 1203 910
is_linear=0
shrinkage=0.05


Tree=241
num_leaves=7
num_cat=0
split_feature=4 1 1 4 5 2
split_gain=0.678962 2.11649 4.17836 2.49249 1.6938 2.9809
threshold=0.057418104410156282 0.8314447017384522 -1.7166072763869582 0.09156604046499911 0.3050000000000001 0.088639406490935116
decision_type=2 2 2 2 2 2
left_child=4 2 -2 -3 5 -1
right_child=1 3 -4 -5 -6 -7
leaf_value=-0.00048837590153362855 0.0042170547819354717 0.016156952114136872 -0.031682047568739484 -0.014010646638958313 -0.016918614291613714 0.014020965858846891
leaf_weight=219.14383672364056 14.499067271128299 14.000998534262182 10.850479286164044 6.1157376691699019 7.6259839423000804 37.149889135733247
leaf_count=1296 82 65 55 29 53 218
internal_value=-2.49978e-06 -0.0053241 -0.013837 0.00602226 0.000996214 0.00184281
internal_weight=309.386 45.4663 25.3495 20.1167 263.92 256.294
internal_count=1798 231 137 94 1567 1514
is_linear=0
shrinkage=0.05


Tree=242
num_leaves=6
num_cat=0
split_feature=0 11 5 11 1
split_gain=0.688183 0.817627 3.14756 2.80726 0.675854
threshold=0.90750000000000008 -0.90164203839979595 -0.12000000000000001 -0.84810589577471474 0.88367084142756591
decision_type=2 2 2 2 2
left_child=1 2 -1 -3 -2
right_child=4 3 -4 -5 -6
leaf_value=-0.015266300891955487 -0.0045114774616420049 -0.021627032071479174 0.012857896542264928 -0.00018871033484266244 0.019993104420307158
leaf_weight=8.9522619340568763 1.9862972646951664 11.261212615296243 32.047743856906891 252.07592582888901 3.0244462043046951
leaf_count=60 17 62 175 1420 64
internal_value=-2.52044e-05 -0.000442359 0.00572514 -0.00149139 0.0128777
internal_weight=309.348 304.337 41 263.337 5.01074
internal_count=1798 1717 235 1482 81
is_linear=0
shrinkage=0.05


Tree=243
num_leaves=5
num_cat=0
split_feature=1 1 9 7
split_gain=0.674182 1.12777 3.30231 1.08695
threshold=2.4893188072135763 2.0898143522071186 0.11231514937664643 0.58820001803802568
decision_type=2 2 2 2
left_child=1 3 -3 -1
right_child=-2 2 -4 -5
leaf_value=-0.0016821947526886229 0.01340430013303349 0.011908437565171535 -0.031507265397149181 0.0048782199088108222
leaf_weight=211.90580825321376 4.0727355629205695 4.251200780272482 4.874787624925375 84.073506178334355
leaf_count=1251 18 21 23 485
internal_value=-3.08876e-05 -0.000423462 -0.0142263 0.000231386
internal_weight=309.178 305.105 9.12599 295.979
internal_count=1798 1780 44 1736
is_linear=0
shrinkage=0.05


Tree=244
num_leaves=6
num_cat=0
split_feature=0 5 6 3 1
split_gain=0.666954 0.841327 1.84721 1.83101 0.657797
threshold=0.90750000000000008 -0.022500000000000003 6.1688049488387833 0.50949162486305344 0.88367084142756591
decision_type=2 2 2 2 2
left_child=1 3 -3 -1 -2
right_child=4 2 -4 -5 -6
leaf_value=-0.0010314118616843147 -0.0044346964177071234 0.0061211142829814243 -0.0054965436431495219 0.011904498287617941 0.019762807542747195
leaf_weight=97.041308680549264 1.9931607171893109 40.896980591118336 133.50965341739357 32.725078035145998 2.9739351999014616
leaf_count=595 17 228 725 169 64
internal_value=-3.16973e-05 -0.000441604 -0.00267763 0.00255146 0.0126993
internal_weight=309.14 304.173 174.407 129.766 4.9671
internal_count=1798 1717 953 764 81
is_linear=0
shrinkage=0.05


Tree=245
num_leaves=5
num_cat=0
split_feature=9 2 2 2
split_gain=0.665162 0.832173 3.63799 3.47626
threshold=-1.9354446677946526 0.058442573479364109 0.054742920399642868 0.071433729807079169
decision_type=2 2 2 2
left_child=-1 2 -2 -3
right_child=1 3 -4 -5
leaf_value=-0.014174354830819047 -6.5996592658791939e-05 -0.013670342941562795 0.021980541182095012 0.0026278621699879811
leaf_weight=3.0770244095474473 142.99428387731314 41.813661433756351 16.524212002754211 104.73811619728804
leaf_count=24 856 238 85 595
internal_value=-8.66492e-06 0.00035929 0.00281638 -0.00231988
internal_weight=309.147 306.07 159.518 146.552
internal_count=1798 1774 941 833
is_linear=0
shrinkage=0.05


Tree=246
num_leaves=7
num_cat=0
split_feature=2 2 3 12 4 2
split_gain=0.65908 5.07838 4.15217 2.85942 2.74936 2.62105
threshold=0.081357828127714762 0.073323857519935684 1.3754412584206459 -0.57355567466301793 0.018027756377319949 0.058442573479364109
decision_type=2 2 2 2 2 2
left_child=1 5 3 -2 -3 -1
right_child=2 4 -4 -5 -6 -7
leaf_value=0.001913856604187168 0.015338394851885566 -0.0083606719776498986 -0.026733258037688709 -0.0053096701670565264 0.029349019200132154 -0.010776565576805869
leaf_weight=161.9267420321703 19.946068178862333 3.787200782448056 11.008443925529717 46.382765550166368 17.124718941748142 48.879281835630536
leaf_count=959 119 23 61 271 91 274
internal_value=-1.09491e-05 0.00132948 -0.00386399 0.00153945 0.0222242 -0.00121016
internal_weight=309.055 231.718 77.3373 66.3288 20.9119 210.806
internal_count=1798 1347 451 390 114 1233
is_linear=0
shrinkage=0.05


Tree=247
num_leaves=5
num_cat=0
split_feature=1 1 9 0
split_gain=0.675883 1.03803 3.13818 1.13396
threshold=2.4893188072135763 2.0898143522071186 0.11231514937664643 0.41000000000000009
decision_type=2 2 2 2
left_child=1 3 -3 -1
right_child=-2 2 -4 -5
leaf_value=-0.0036765955681831962 0.013438413817728867 0.011738043178583728 -0.030511602547956363 0.0025987438363243177
leaf_weight=111.00597197376192 4.0719790607690802 4.2573749870061857 4.88413230702281 184.76456911675632
leaf_count=700 18 21 23 1036
internal_value=-1.38917e-05 -0.000407454 -0.0136419 0.000221572
internal_weight=308.984 304.912 9.14151 295.771
internal_count=1798 1780 44 1736
is_linear=0
shrinkage=0.05


Tree=248
num_leaves=7
num_cat=0
split_feature=2 2 12 2 8 0
split_gain=0.6601 2.01651 4.19229 1.95059 1.72078 2.56308
threshold=0.11750592993540139 0.099034824176806147 -0.70685168682626554 0.087789200235079398 0.71709331907622376 0.30750000000000005
decision_type=2 2 2 2 2 2
left_child=1 3 -3 -1 5 -2
right_child=4 2 -4 -5 -6 -7
leaf_value=-0.00060865254052922294 -0.010458738647081372 0.015299072935619971 -0.023759178374611289 0.015003673378856247 -0.014004356888276096 0.022260438713944401
leaf_weight=245.52480919286609 5.2000638879835668 5.8084176648408201 18.081100748851895 16.752893783152103 3.2537534721195689 14.121686372905968
leaf_count=1424 39 34 98 98 17 88
internal_value=-1.8326e-05 -0.000718276 -0.0132584 0.0006506 0.00737571 0.0131149
internal_weight=308.743 286.167 23.8895 262.278 22.5755 19.3218
internal_count=1798 1654 132 1522 144 127
is_linear=0
shrinkage=0.05


Tree=249
num_leaves=7
num_cat=0
split_feature=12 12 8 11 8 5
split_gain=0.663281 1.46011 1.17062 3.63206 2.08147 0.627413
threshold=-0.99140897414483031 -0.99863143642332985 0.74414249117858466 0.59823719338324544 0.66574418385534895 0.065000000000000016
decision_type=2 2 2 2 2 2
left_child=1 -1 4 -4 -2 -3
right_child=2 5 3 -5 -6 -7
leaf_value=0.0085681044294164798 0.00232064090160842 -0.0015862968169421008 0.021446629569423586 -0.013733678134679086 -0.0070536014739981737 -0.027199970187918365
leaf_weight=4.0485417600721121 194.46116068400443 4.2947623729705793 16.193897265940908 7.0798966735601416 79.243559373542666 3.2551467195153236
leaf_count=26 1187 26 80 34 425 20
internal_value=-1.42283e-05 -0.0097452 0.000520876 0.0102086 -0.000471261 -0.0190666
internal_weight=308.577 11.5985 296.979 23.2738 273.705 7.54991
internal_count=1798 72 1726 114 1612 46
is_linear=0
shrinkage=0.05


Tree=250
num_leaves=5
num_cat=0
split_feature=1 4 11 9
split_gain=0.649469 0.994178 2.8136 1.50243
threshold=2.4893188072135763 0.066590999661086697 -0.57355567466301804 1.1118816607170565
decision_type=2 2 2 2
left_child=1 3 -3 -1
right_child=-2 2 -4 -5
leaf_value=0.0022060911503806149 0.013162508379850805 0.0096663528319355808 -0.01791066531852286 -0.0075963448654173876
leaf_weight=231.98586032725871 4.0680648237466803 10.719422517344357 19.949034336954355 41.837907869368792
leaf_count=1380 18 54 102 244
internal_value=-2.72048e-05 -0.000413221 -0.00826793 0.000599
internal_weight=308.56 304.492 30.6685 273.824
internal_count=1798 1780 156 1624
is_linear=0
shrinkage=0.05


Tree=251
num_leaves=7
num_cat=0
split_feature=6 5 2 7 5 0
split_gain=0.654551 1.69711 4.19565 2.6333 1.35428 3.16915
threshold=7.2267200651451509 0.049999999999999968 0.083816810894705815 0.32475225331694652 0.05000000000000001 0.55750000000000022
decision_type=2 2 2 2 2 2
left_child=4 3 -3 -2 5 -1
right_child=1 2 -4 -5 -6 -7
leaf_value=-0.00016544754154148764 -0.025119164531119398 0.023002151433184539 -0.018073709526066271 0.0055791379456523911 -0.0037414874520776938 0.015630281133883123
leaf_weight=137.6497204657644 12.640039552003147 9.1080995053052884 6.3738075308501712 9.0482476502656919 97.473741486668587 36.236534027382731
leaf_count=770 88 61 38 56 567 218
internal_value=-2.62904e-05 -0.0058282 0.00580755 -0.0136661 0.000859507 0.00347113
internal_weight=308.53 37.1702 15.4819 21.6883 271.36 173.886
internal_count=1798 243 99 144 1555 988
is_linear=0
shrinkage=0.05


Tree=252
num_leaves=4
num_cat=0
split_feature=9 1 1
split_gain=0.647748 0.790622 1.02766
threshold=-1.9354446677946526 2.4893188072135763 2.0898143522071186
decision_type=2 2 2
left_child=-1 2 -2
right_child=1 -3 -4
leaf_value=-0.014011021498110966 0.0005353071005670697 0.015095620547157337 -0.013256461147206619
leaf_weight=3.0704352688044301 292.25872347503901 3.8170563876628867 9.1499222479760629
leaf_count=24 1714 16 44
internal_value=-2.69052e-05 0.000337321 -9.28603e-05
internal_weight=308.296 305.226 301.409
internal_count=1798 1774 1758
is_linear=0
shrinkage=0.05


Tree=253
num_leaves=6
num_cat=0
split_feature=12 3 8 6 8
split_gain=0.634114 1.58828 1.08345 4.58234 1.88111
threshold=-0.99306417660977864 0.63430097859827195 0.74414249117858466 6.7637809764645871 0.66574418385534895
decision_type=2 2 2 2 2
left_child=1 -1 4 -4 -2
right_child=2 -3 3 -5 -6
leaf_value=-0.022320752421984794 0.0021586614900663301 0.0069234150531685169 -0.0079169788015897042 0.030298791237708067 -0.0067495116537971845
leaf_weight=5.0291277803480607 195.5702374316752 5.2942252224311233 14.116621270775797 9.1254412345588189 79.144691532477736
leaf_count=31 1195 33 69 45 425
internal_value=-3.48598e-05 -0.00995777 0.00046761 0.00979524 -0.000482535
internal_weight=308.28 10.3234 297.957 23.2421 274.715
internal_count=1798 64 1734 114 1620
is_linear=0
shrinkage=0.05


Tree=254
num_leaves=7
num_cat=0
split_feature=0 5 3 6 3 1
split_gain=0.63555 0.883315 1.7191 1.57757 0.821295 0.255915
threshold=0.15000000000000005 -0.022500000000000003 0.50949162486305344 6.2989765564069389 -1.4185390885838174 -1.5932448863456738
decision_type=2 2 2 2 2 2
left_child=4 2 -2 -3 -1 -6
right_child=1 3 -4 -5 5 -7
leaf_value=0.0063528536006797406 -0.00010251486007001221 0.0050270851261295475 0.012665954418214895 -0.004869304429020698 0.0012855324684096176 -0.021506899927901876
leaf_weight=1.9404163248836992 91.400573160499334 53.736876850947738 32.000373251736164 124.78766308352351 0.81149394065141622 3.5265919733792539
leaf_count=29 467 305 151 721 21 104
internal_value=-3.11492e-05 0.000397693 0.00357289 -0.00183463 -0.0116876 -0.0188379
internal_weight=308.204 301.925 123.401 178.525 6.2785 4.33809
internal_count=1798 1644 618 1026 154 125
is_linear=0
shrinkage=0.05


Tree=255
num_leaves=7
num_cat=0
split_feature=4 4 4 8 8 6
split_gain=0.641612 3.92805 2.75896 2.98408 2.68748 1.84916
threshold=0.017853571071357155 0.02061552812808834 0.01615240135339106 0.52009070662956003 0.52121463212541463 5.2951857977666057
decision_type=2 2 2 2 2 2
left_child=2 5 3 -1 -3 -2
right_child=1 4 -4 -5 -6 -7
leaf_value=0.015160788656444171 -0.009967605572485317 -0.014437465295112787 -0.021662827175898555 -0.0052712620740142145 0.0015409159206408055 0.025116644433080017
leaf_weight=19.818200443871319 1.7308715730905557 25.917021160945296 12.089536642655728 58.863051705062389 172.45737951435149 17.335833547636867
leaf_count=139 8 154 77 388 927 105
internal_value=-3.06153e-05 0.00144305 -0.00345182 0.000473518 -0.000850237 0.0205226
internal_weight=308.212 217.441 90.7708 78.6813 198.374 19.0667
internal_count=1798 1194 604 527 1081 113
is_linear=0
shrinkage=0.05


Tree=256
num_leaves=6
num_cat=0
split_feature=0 3 3 3 2
split_gain=0.64145 0.854825 3.47373 3.2997 0.642022
threshold=0.90750000000000008 -0.70680133543571111 -0.90453403373329511 -0.57735026918962362 0.070372888761928445
decision_type=2 2 2 2 2
left_child=1 2 -1 -3 -2
right_child=4 3 -4 -5 -6
leaf_value=-0.0012063981225235451 0.019639255035347643 -0.02459496250420224 0.021296261206040275 -0.00050726869272265296 -0.004259820195186728
leaf_weight=86.471285799518228 2.8336280956864348 10.387503560632465 16.252181187272072 190.15706556104124 2.07403165102005
leaf_count=534 54 64 91 1028 27
internal_value=-3.67155e-05 -0.000438615 0.00317703 -0.00232286 0.0124866
internal_weight=308.176 303.268 102.723 200.545 4.90766
internal_count=1798 1717 625 1092 81
is_linear=0
shrinkage=0.05


Tree=257
num_leaves=7
num_cat=0
split_feature=7 11 2 11 2 2
split_gain=0.637324 2.88201 3.18179 2.61827 1.51689 3.76417
threshold=0.8182772020184631 -0.54844526120875192 0.057885175519339728 -0.90164203839979595 0.05818433351570395 0.054742920399642868
decision_type=2 2 2 2 2 2
left_child=4 3 -3 -2 5 -1
right_child=1 2 -4 -5 -6 -7
leaf_value=-0.0004963148065895859 0.0091134339037485714 -0.0017451624087549392 0.02734473551043641 -0.024839576982618218 -0.0048448328932640863 0.023915013242191602
leaf_weight=122.44008952751756 6.5764431208372116 17.688184242695574 13.790796194225548 7.8824400492012483 126.6201742682606 13.098216515034435
leaf_count=750 35 97 79 41 730 66
internal_value=-2.6725e-05 0.00509918 0.0130002 -0.0110229 -0.00100356 0.00262967
internal_weight=308.096 45.9379 31.479 14.4589 262.158 135.538
internal_count=1798 252 176 76 1546 816
is_linear=0
shrinkage=0.05


Tree=258
num_leaves=7
num_cat=0
split_feature=2 2 12 2 2 9
split_gain=0.628827 1.80911 3.89815 1.89155 1.70627 1.4933
threshold=0.11750592993540139 0.099034824176806147 -0.70685168682626554 0.087789200235079398 0.14547273392652485 0.093453930640416266
decision_type=2 2 2 2 2 2
left_child=1 3 -3 -1 5 -2
right_child=4 2 -4 -5 -6 -7
leaf_value=-0.00062855520770554226 0.024754075151487902 0.014946905950876794 -0.022696165228049323 0.014752583637519799 -0.010581677088844379 -0.0014288150342127172
leaf_weight=244.96210672147572 8.3861443940550142 5.7869250737130669 18.091331416741014 16.735084069892764 5.7575779575854531 8.3104716427624208
leaf_count=1424 47 34 98 98 42 55
internal_value=-2.5865e-06 -0.000685949 -0.0125649 0.000613181 0.0072306 0.014396
internal_weight=308.03 285.575 23.8783 261.697 22.4542 16.6966
internal_count=1798 1654 132 1522 144 102
is_linear=0
shrinkage=0.05


Tree=259
num_leaves=7
num_cat=0
split_feature=6 3 8 0 6 9
split_gain=0.637413 1.61179 3.15955 1.34413 1.8327 1.2427
threshold=7.2267200651451509 0.30151134457776801 0.6343323011177352 0.87000000000000011 7.0555759654891421 -0.3520309125916628
decision_type=2 2 2 2 2 2
left_child=3 5 -3 4 -1 -2
right_child=1 2 -4 -5 -6 -7
leaf_value=-0.0014045353133645164 -0.02406202899179323 -0.01186762899554362 0.023527934772710767 0.0162616798273643 0.011336555308409303 -0.001613452810752468
leaf_weight=235.43753779307008 8.5443554930388927 8.9111149385571462 6.8583758845925322 8.51886288076639 26.977995920926332 12.743898570537567
leaf_count=1315 59 58 42 94 146 84
internal_value=1.28893e-05 -0.00572124 0.00548454 0.000886648 9.28043e-05 -0.0134864
internal_weight=307.992 37.0577 15.7695 270.934 262.416 21.2883
internal_count=1798 243 100 1555 1461 143
is_linear=0
shrinkage=0.05


Tree=260
num_leaves=4
num_cat=0
split_feature=9 1 8
split_gain=0.633282 0.766149 1.01192
threshold=-1.9354446677946526 2.4893188072135763 0.64684101120725568
decision_type=2 2 2
left_child=-1 2 -2
right_child=1 -3 -4
leaf_value=-0.013822600644348121 0.0024606433527866157 0.014914908266851289 -0.0032926256179821576
leaf_weight=3.0508929751813403 170.67355387285352 3.8104530125856391 130.28799641877413
leaf_count=24 1059 16 699
internal_value=2.21853e-05 0.00038165 -4.30863e-05
internal_weight=307.823 304.772 300.962
internal_count=1798 1774 1758
is_linear=0
shrinkage=0.05


Tree=261
num_leaves=7
num_cat=0
split_feature=11 11 11 3 4 4
split_gain=0.618889 2.52657 2.18547 1.9477 1.72615 4.4989
threshold=0.12204979129193404 0.45006596843155194 0.76038234597599585 -1.4185390885838174 0.027824613072817198 0.021794494717703353
decision_type=2 2 2 2 2 2
left_child=4 3 -3 -2 5 -1
right_child=1 2 -4 -5 -6 -7
leaf_value=0.00061835066475443004 0.035306517666614544 -0.0099977366179005295 0.0037140597929544439 0.0062210481649114498 0.002669800362434712 -0.024991109173365538
leaf_weight=53.779675886966288 3.437215197831395 40.366556933149695 76.159134723246098 28.411844462156296 85.631602952256799 20.019760200753808
leaf_count=362 20 237 437 170 455 117
internal_value=2.12769e-05 0.00230554 -0.00125186 0.0137248 -0.00211004 -0.00747372
internal_weight=307.806 148.375 116.526 31.8491 159.431 73.7994
internal_count=1798 864 674 190 934 479
is_linear=0
shrinkage=0.05


Tree=262
num_leaves=7
num_cat=0
split_feature=9 9 8 8 8 12
split_gain=0.617275 4.1136 3.08178 3.32817 1.91804 1.31602
threshold=1.1043705772825378 1.060071399331961 0.54887108185439792 0.67519488317517096 0.67398331734739736 -0.021777737579575816
decision_type=2 2 2 2 2 2
left_child=1 4 5 -4 -1 -2
right_child=2 -3 3 -5 -6 -7
leaf_value=0.0024268715555487786 -0.0019517726854406542 0.028780941546618605 -0.021508544350042957 0.0056097734675607689 -0.0069055766732405086 0.028509773307395569
leaf_weight=178.76721984148026 5.0422414317727089 7.6994897294789544 22.967411585152149 16.157893657684326 73.623100098222494 3.5433021616190654
leaf_count=1094 31 42 138 83 383 27
internal_value=3.08982e-05 0.00101303 -0.00491132 -0.0109426 -0.000376698 0.0164857
internal_weight=307.801 260.09 47.7108 39.1253 252.39 8.58554
internal_count=1798 1519 279 221 1477 58
is_linear=0
shrinkage=0.05


Tree=263
num_leaves=5
num_cat=0
split_feature=3 4 0 3
split_gain=0.637419 1.35612 2.50277 1.48349
threshold=-1.7306422835451012 0.0070710678118654736 0.55750000000000022 -1.4185390885838174
decision_type=2 2 2 2
left_child=-1 2 -2 -3
right_child=1 3 -4 -5
leaf_value=-0.012893047995168966 -0.00061422341536631492 0.0083854645648693531 0.029791767874038567 -0.0020154942652748681
leaf_weight=4.2271356023848048 17.568840972147886 34.743889743462205 5.8122900333255521 245.37846461869776
leaf_count=27 109 201 54 1407
internal_value=5.73134e-05 0.000443721 0.0108613 -0.000601024
internal_weight=307.731 303.503 23.3811 280.122
internal_count=1798 1771 163 1608
is_linear=0
shrinkage=0.05


Tree=264
num_leaves=7
num_cat=0
split_feature=8 9 0 4 8 11
split_gain=0.637282 2.66746 3.21237 2.14619 1.34375 2.23781
threshold=0.49098576581049852 0.18747853891702729 0.64750000000000008 0.016393596310754988 0.53779231033774455 0.94276278193810936
decision_type=2 2 2 2 2 2
left_child=1 2 -1 -3 -2 -6
right_child=4 3 -4 -5 5 -7
leaf_value=-0.023315907447003802 0.010243498909428925 0.025803114046818783 0.014686184286207618 -0.0062349440355565378 -0.0022576931151578536 0.011254741551070429
leaf_weight=17.910442856140438 28.895831592381001 4.9431308675557357 3.5962337646633378 7.8328053113073111 213.85991402715445 30.633554879575968
leaf_count=102 189 38 30 46 1224 169
internal_value=7.27915e-05 -0.00589014 -0.0153898 0.00993207 0.000912894 -0.000373044
internal_weight=307.672 34.2826 21.5067 12.7759 273.389 244.493
internal_count=1798 216 132 84 1582 1393
is_linear=0
shrinkage=0.05


Tree=265
num_leaves=7
num_cat=0
split_feature=0 4 4 12 3 0
split_gain=0.634062 0.845765 1.82941 1.55839 0.782 0.364275
threshold=0.15000000000000005 0.0070710678118654805 0.018027756377319976 0.28826590316417205 -1.4185390885838174 0.13000000000000003
decision_type=2 2 2 2 2 2
left_child=4 3 -3 -2 -1 -6
right_child=1 2 -4 -5 5 -7
leaf_value=0.0060638536257097324 0.017985074898067135 -0.0073305903234424478 0.0019519220170039723 -0.0042618860487418199 -0.021767084304178397 0.0026256726076958575
leaf_weight=1.9704452808946369 12.829443577677013 65.293300801888108 211.84047396481037 11.293418532237409 3.6014562640339127 0.66936009284108866
leaf_count=29 78 386 1115 65 107 18
internal_value=9.31607e-05 0.000519785 -0.000326213 0.00862632 -0.0115712 -0.0185898
internal_weight=307.498 301.257 277.134 24.1229 6.24126 4.27082
internal_count=1798 1644 1501 143 154 125
is_linear=0
shrinkage=0.05


Tree=266
num_leaves=5
num_cat=0
split_feature=9 5 12 5
split_gain=0.620498 0.730891 2.59863 1.64553
threshold=-1.9354446677946526 0.17000000000000001 -0.3317488540066757 0.12500000000000006
decision_type=2 2 2 2
left_child=-1 3 -3 -2
right_child=1 2 -4 -5
leaf_value=-0.013643013838983484 0.00017826183650488487 -0.017211685988777835 0.0050930358306437717 0.013516638543641808
leaf_weight=3.0253402311354867 239.7984818527475 18.714207595214248 25.301093596965075 20.60721417888999
leaf_count=24 1383 113 157 121
internal_value=8.46063e-05 0.000439287 -0.00517873 0.00146855
internal_weight=307.446 304.421 44.0153 260.406
internal_count=1798 1774 270 1504
is_linear=0
shrinkage=0.05


Tree=267
num_leaves=7
num_cat=0
split_feature=7 11 6 11 6 11
split_gain=0.62355 2.66664 3.20005 2.42419 1.76567 3.23824
threshold=0.8182772020184631 -0.54844526120875192 6.6884107466253431 -0.90164203839979595 7.1515282438131473 -0.90164203839979595
decision_type=2 2 2 2 2 2
left_child=4 3 -3 -2 -1 -6
right_child=1 2 -4 -5 5 -7
leaf_value=0.00086075208779676715 0.0089230123740937379 -0.0027662088407280037 0.026262312865714128 -0.023719555584368949 0.0094487701662993029 -0.018799255005415832
leaf_weight=223.87606992386281 6.5616115741431713 16.494312724098567 14.925935652106999 7.8764455579221231 11.30074844509363 26.407855805009604
leaf_count=1297 35 91 85 41 68 181
internal_value=7.0949e-05 0.00514339 0.0127359 -0.0104053 -0.000898089 -0.0102186
internal_weight=307.443 45.8583 31.4202 14.4381 261.585 37.7086
internal_count=1798 252 176 76 1546 249
is_linear=0
shrinkage=0.05


Tree=268
num_leaves=5
num_cat=0
split_feature=3 4 0 3
split_gain=0.623526 1.25743 2.39567 1.33179
threshold=-1.7306422835451012 0.0070710678118654736 0.55750000000000022 -1.4185390885838174
decision_type=2 2 2 2
left_child=-1 2 -2 -3
right_child=1 3 -4 -5
leaf_value=-0.012746288770068151 -0.00066674675924324051 0.0079555406319183949 0.029184507847185959 -0.0018964823103881001
leaf_weight=4.2193511053919783 17.547118611633781 34.774068424478173 5.6811320129781953 245.17062873393297
leaf_count=27 109 201 54 1407
internal_value=6.77286e-05 0.000449976 0.0105104 -0.000554564
internal_weight=307.392 303.173 23.2283 279.945
internal_count=1798 1771 163 1608
is_linear=0
shrinkage=0.05


Tree=269
num_leaves=6
num_cat=0
split_feature=8 8 11 8 9
split_gain=0.622825 1.63177 3.08268 2.97681 0.884302
threshold=0.78375671429977467 0.75513835190329359 -0.3133364612736409 0.74414249117858466 -0.40579706675207511
decision_type=2 2 2 2 2
left_child=1 3 -3 -1 -2
right_child=4 2 -4 -5 -6
leaf_value=-0.00058851892395201755 -0.0044578969282080801 0.010673955461493655 -0.032944196866247125 0.026361075057886037 0.018253571853695649
leaf_weight=282.99337371531874 4.5166796669363976 3.6451390311121941 4.9614933058619481 5.6258231848478308 5.5910664871335012
leaf_count=1679 22 18 24 28 27
internal_value=8.20386e-05 -0.000414515 -0.0173368 0.000376742 0.00998828
internal_weight=307.334 297.226 8.60663 288.619 10.1077
internal_count=1798 1749 42 1707 49
is_linear=0
shrinkage=0.05


Tree=270
num_leaves=7
num_cat=0
split_feature=0 5 3 1 3 0
split_gain=0.601923 0.798068 1.62409 1.55694 0.747466 0.354688
threshold=0.15000000000000005 -0.022500000000000003 0.50949162486305344 -0.19855480224443298 -1.4185390885838174 0.13000000000000003
decision_type=2 2 2 2 2 2
left_child=4 2 -2 -3 -1 -6
right_child=1 3 -4 -5 5 -7
leaf_value=0.0058879976803916587 -5.3298198590767864e-05 -0.011863316274887525 0.012373753986810565 0.00044137438928594145 -0.02141816542636547 0.0026047864042132089
leaf_weight=1.9884884208440778 91.18713266775012 25.85659046843648 31.918827377259731 152.16052833944559 3.5093895858153692 0.67140995059162367
leaf_count=29 467 141 151 885 107 18
internal_value=9.18003e-05 0.000506342 0.00352597 -0.00162113 -0.0113109 -0.0182427
internal_weight=307.292 301.123 123.106 178.017 6.16929 4.1808
internal_count=1798 1644 618 1026 154 125
is_linear=0
shrinkage=0.05


Tree=271
num_leaves=4
num_cat=0
split_feature=9 1 1
split_gain=0.591532 0.722893 0.957105
threshold=-1.9354446677946526 2.4893188072135763 2.0898143522071186
decision_type=2 2 2
left_child=-1 2 -2
right_child=1 -3 -4
leaf_value=-0.01333123451684652 0.0006154648712697184 0.01454651882227148 -0.01271608827611846
leaf_weight=3.018919611349701 291.30646316707134 3.8031959533691397 9.1036958470940572
leaf_count=24 1714 16 44
internal_value=7.743e-05 0.000423909 9.89613e-06
internal_weight=307.232 304.213 300.41
internal_count=1798 1774 1758
is_linear=0
shrinkage=0.05


Tree=272
num_leaves=7
num_cat=0
split_feature=9 9 8 8 9 12
split_gain=0.587432 3.81873 2.87811 3.04625 1.8004 1.26706
threshold=1.1043705772825378 1.060071399331961 0.54887108185439792 0.67519488317517096 1.0164064646125521 -0.021777737579575816
decision_type=2 2 2 2 2 2
left_child=1 4 5 -4 -1 -2
right_child=2 -3 3 -5 -6 -7
leaf_value=0.00062863418460102618 -0.0020523919950609869 0.02783751732029241 -0.020712057733065267 0.0052665701960485055 -0.018616408268335445 0.02775790643752972
leaf_weight=244.18243998661637 5.0302768852561712 7.6440444812178603 22.907265417277813 16.147349331527948 7.777163987979292 3.527765851467846
leaf_count=1435 31 42 138 83 42 27
internal_value=6.48348e-05 0.00102326 -0.00476152 -0.0105924 -0.000316082 0.0159409
internal_weight=307.216 259.604 47.6127 39.0546 251.96 8.55804
internal_count=1798 1519 279 221 1477 58
is_linear=0
shrinkage=0.05


Tree=273
num_leaves=7
num_cat=0
split_feature=7 9 2 2 9 8
split_gain=0.613409 2.46141 3.70316 2.34313 2.15562 1.93573
threshold=0.72406628554857722 0.68203430318791214 0.0464045818840619 0.041121432638251104 0.51788826220921602 0.71303289299278483
decision_type=2 2 2 2 2 2
left_child=1 4 -3 -2 -1 -5
right_child=3 2 -4 5 -6 -7
leaf_value=-0.00022874883093575106 -0.009261238113597664 0.0088417600203128752 -0.020134670172023673 0.015614929371660298 0.018331331657136733 -0.0056120111655333389
leaf_weight=189.12745394092053 18.255657965317369 12.767431763932107 29.444670110940933 33.614425636827946 12.043722173199056 11.912064805626867
leaf_count=1112 102 86 172 197 71 58
internal_value=7.77333e-05 -0.00108062 -0.0113623 0.0042551 0.00130003 0.0100551
internal_weight=307.165 243.383 42.2121 63.7821 201.171 45.5265
internal_count=1798 1441 258 357 1183 255
is_linear=0
shrinkage=0.05


Tree=274
num_leaves=6
num_cat=0
split_feature=0 3 3 3 1
split_gain=0.593221 0.775078 3.30252 3.0333 0.631152
threshold=0.90750000000000008 -0.70680133543571111 -0.90453403373329511 -0.57735026918962362 0.88367084142756591
decision_type=2 2 2 2 2
left_child=1 2 -1 -3 -2
right_child=4 3 -4 -5 -6
leaf_value=-0.0011478673210404773 -0.0044676620037977588 -0.023543035258404503 0.020811665933722065 -0.00037031470226294371 0.019205151071946359
leaf_weight=86.223829789087176 1.9722601547837246 10.274625396355985 16.225191978737712 189.52404175233096 2.8479353729635477
leaf_count=534 17 64 91 1028 64
internal_value=7.99303e-05 -0.000307984 0.00313655 -0.00210766 0.012176
internal_weight=307.068 302.248 102.449 199.799 4.8202
internal_count=1798 1717 625 1092 81
is_linear=0
shrinkage=0.05


Tree=275
num_leaves=7
num_cat=0
split_feature=8 2 2 2 2 3
split_gain=0.587116 2.56729 5.48174 1.29196 4.2266 3.13547
threshold=0.49098576581049852 0.070372888761928445 0.035507209865545626 0.081357828127714762 0.075440834030043161 1.3754412584206459
decision_type=2 2 2 2 2 2
left_child=1 2 -1 4 -2 -5
right_child=3 -3 -4 5 -6 -7
leaf_value=0.0072256111560045858 0.00069505725189112418 0.015343326667491504 -0.032134253378631426 0.00037550130194985318 0.025932844171833128 -0.024675203157211695
leaf_weight=15.374298031441869 186.8593135997653 6.6410688534378997 12.013702271506189 62.275895500555634 13.239771913737057 10.580175830051301
leaf_count=93 1087 43 80 364 74 57
internal_value=8.42588e-05 -0.00565971 -0.012335 0.000889282 0.00295644 -0.00461341
internal_weight=306.984 34.0291 27.388 272.955 200.099 72.8561
internal_count=1798 216 173 1582 1161 421
is_linear=0
shrinkage=0.05


Tree=276
num_leaves=7
num_cat=0
split_feature=4 1 1 4 5 2
split_gain=0.595687 1.99579 3.74465 2.20631 1.45537 2.76275
threshold=0.057418104410156282 0.8314447017384522 -1.7166072763869582 0.09156604046499911 0.3050000000000001 0.088639406490935116
decision_type=2 2 2 2 2 2
left_child=4 2 -2 -3 5 -1
right_child=1 3 -4 -5 -6 -7
leaf_value=-0.00045134078075694027 0.0038753934113134403 0.01561476816436751 -0.030263296812325171 -0.012876930196348578 -0.015542223926755794 0.013569436518624578
leaf_weight=217.26968092191964 14.447919910773637 13.874114491045477 10.670197414234279 6.0882215201854697 7.7021191492676726 36.846033236011863
leaf_count=1296 82 65 55 29 53 218
internal_value=7.42476e-05 -0.00493068 -0.0132433 0.00608648 0.00101226 0.00180424
internal_weight=306.898 45.0805 25.1181 19.9623 261.818 254.116
internal_count=1798 231 137 94 1567 1514
is_linear=0
shrinkage=0.05


Tree=277
num_leaves=7
num_cat=0
split_feature=0 1 1 2 3 3
split_gain=0.599738 2.68131 3.37055 2.87783 1.73222 2.45753
threshold=0.50000000000000011 -0.87622832653069038 -0.19855480224443298 0.037034124416631939 1.6059101370939339 -0.96225044864937614
decision_type=2 2 2 2 2 2
left_child=4 3 -3 -2 5 -1
right_child=1 2 -4 -5 -6 -7
leaf_value=-0.0085484449205305065 -0.0073514863367857832 -0.01785489555683225 0.0031405573514827279 0.030884002642138187 -0.017972207613985432 0.0043249183609223594
leaf_weight=53.327232582494617 4.9454069659113875 17.785587392747402 113.71289520524442 9.8552520647644979 10.452721746638415 96.767496720887721
leaf_count=349 29 90 707 50 54 519
internal_value=4.96268e-05 0.00232431 -0.000249158 0.0194779 -0.00203078 -0.000377002
internal_weight=306.847 146.299 131.498 14.8007 160.547 150.095
internal_count=1798 876 797 79 922 868
is_linear=0
shrinkage=0.05


Tree=278
num_leaves=7
num_cat=0
split_feature=6 3 0 3 6 9
split_gain=0.592841 2.90698 3.36339 2.75517 2.40338 2.66425
threshold=6.4097224144353051 -1.000000000000002 0.41000000000000009 -1.7107680302547448 6.5087897977018363 -0.86880303778761203
decision_type=2 2 2 2 2 2
left_child=1 3 -3 -1 -2 -6
right_child=4 2 -4 -5 5 -7
leaf_value=-0.013074722274861731 -0.016268318287798577 -0.015412423097516399 0.0050018896458860467 0.022351653140782267 -0.0097050045339024098 0.0038669569825795593
leaf_weight=3.382884897291663 19.46469322219491 25.187394574284554 56.193696668371558 21.846284767612815 43.524679110385478 136.98329515289515
leaf_count=19 112 144 315 117 271 820
internal_value=3.65547e-05 0.00296817 -0.00184273 0.0162246 -0.00156064 0.000421066
internal_weight=306.583 106.61 81.3811 25.2292 199.973 180.508
internal_count=1798 595 459 136 1203 1091
is_linear=0
shrinkage=0.05


Tree=279
num_leaves=7
num_cat=0
split_feature=2 2 2 8 5 2
split_gain=0.584645 4.36852 3.79938 2.62925 2.37445 2.32109
threshold=0.081357828127714762 0.073323857519935684 0.087789200235079398 0.71784784025980863 -0.10000000000000001 0.058442573479364109
decision_type=2 2 2 2 2 2
left_child=1 5 -2 -4 -3 -1
right_child=2 4 3 -5 -6 -7
leaf_value=0.0018690072820844031 -0.023247321235435967 -0.00010699378760594591 0.0065889699995449469 -0.017702371081846364 0.031798260931791812 -0.010125880061407159
leaf_weight=160.43208527937531 13.989994987845419 8.8787254877388495 54.040025014430285 8.7849797494709474 11.806773521006106 48.402967594563961
leaf_count=959 77 46 328 46 68 274
internal_value=1.57469e-05 0.0012851 -0.00362379 0.00213765 0.0207487 -0.00108288
internal_weight=306.336 229.521 76.815 62.825 20.6855 208.835
internal_count=1798 1347 451 374 114 1233
is_linear=0
shrinkage=0.05


Tree=280
num_leaves=6
num_cat=0
split_feature=8 8 11 8 11
split_gain=0.588796 1.48709 3.63015 2.85511 0.852888
threshold=0.78375671429977467 0.75513835190329359 -0.39056376926963959 0.74414249117858466 0.25034479955788708
decision_type=2 2 2 2 2
left_child=1 3 -3 -1 -2
right_child=4 2 -4 -5 -6
leaf_value=-0.00066442688597144256 0.018228628749221602 0.013519366193926356 -0.03331484523076144 0.0257573973520797 -0.0040085048953339558
leaf_weight=281.85905020963401 5.1615081205964071 3.385692223906517 5.1862757503986341 5.6028802096843711 4.9167615920305252
leaf_count=1679 25 17 25 28 24
internal_value=6.42774e-06 -0.000476621 -0.0166509 0.000282108 0.00964825
internal_weight=306.112 296.034 8.57197 287.462 10.0783
internal_count=1798 1749 42 1707 49
is_linear=0
shrinkage=0.05


Tree=281
num_leaves=7
num_cat=0
split_feature=5 12 5 0 2 4
split_gain=0.57744 2.72467 2.60704 2.23665 2.657 1.80257
threshold=0.05000000000000001 0.93665944915676691 0.090000000000000066 0.55750000000000022 0.022836901693958793 0.024999999999999998
decision_type=2 2 2 2 2 2
left_child=3 2 -2 4 -1 -5
right_child=1 -3 -4 5 -6 -7
leaf_value=-0.019487401477284051 -0.012132213905297382 -0.021655362410204007 0.0050560501504458054 0.020254734083357553 0.001039338386117615 0.00040967577825948542
leaf_weight=12.706469498574732 25.522450974211097 11.417889619246123 74.597663380205631 20.353602144867182 140.22895307466388 21.239118188619614
leaf_count=77 148 71 444 139 804 115
internal_value=2.17911e-05 -0.00277498 0.000305792 0.00165475 -0.00122905 0.0112524
internal_weight=306.066 111.538 100.12 194.528 152.935 41.5927
internal_count=1798 663 592 1135 881 254
is_linear=0
shrinkage=0.05


Tree=282
num_leaves=7
num_cat=0
split_feature=6 8 12 0 6 7
split_gain=0.591984 1.55628 1.55719 1.28455 1.682 1.28359
threshold=7.2267200651451509 0.72733445521569839 -0.42260296427039018 0.87000000000000011 7.0555759654891421 0.36956784723115915
decision_type=2 2 2 2 2 2
left_child=3 2 -2 4 -1 -5
right_child=1 -3 -4 5 -6 -7
leaf_value=-0.0013711383846348123 -0.019612405688408267 0.013472008261899591 0.00066557324857685228 0.02525782250979455 0.010871710243915192 -0.004878924358378737
leaf_weight=233.95067797228694 14.085624139755963 4.4595062769949427 18.158788792788982 5.0577153954654914 26.786440217867494 3.3201004900038242
leaf_count=1315 98 25 120 60 146 34
internal_value=-2.61297e-07 -0.00555014 -0.00963638 0.000844103 6.75048e-05 0.015955
internal_weight=305.819 36.7039 32.2444 269.115 260.737 8.37782
internal_count=1798 243 218 1555 1461 94
is_linear=0
shrinkage=0.05


Tree=283
num_leaves=7
num_cat=0
split_feature=5 12 0 2 5 6
split_gain=0.591035 2.40165 3.21384 2.87336 1.30643 2.70874
threshold=0.17000000000000001 -0.3317488540066757 0.63000000000000012 0.094917267170390604 0.12500000000000006 6.176697872694235
decision_type=2 2 2 2 2 2
left_child=4 3 -3 -2 -1 -6
right_child=1 2 -4 -5 5 -7
leaf_value=-0.00019855185916632193 -0.030107553544054873 -0.018271172669606713 0.014461011531216398 0.0039052986366058099 0.032022336508785436 -0.00089469287127943325
leaf_weight=240.6911965738982 9.8876572027802485 6.0704541057348278 19.185884665697813 8.9010125026106817 4.996414020657542 15.980560148134826
leaf_count=1401 59 26 133 55 29 95
internal_value=1.96122e-05 -0.0050252 0.00487442 -0.0165601 0.000947076 0.0116002
internal_weight=305.713 44.045 25.2563 18.7887 261.668 20.977
internal_count=1798 273 159 114 1525 124
is_linear=0
shrinkage=0.05


Tree=284
num_leaves=7
num_cat=0
split_feature=4 2 4 5 1 8
split_gain=0.583307 1.8518 3.12856 2.62268 1.47546 3.94371
threshold=0.057418104410156282 0.082103361200150937 0.063418249683888733 0.31500000000000011 0.62639798686020709 0.71007511184504446
decision_type=2 2 2 2 2 2
left_child=4 2 -2 -3 5 -1
right_child=1 3 -4 -5 -6 -7
leaf_value=4.6446467521524799e-05 -0.019786636032215768 -0.022017968959649727 0.013554871705052936 0.01211689870076807 -0.0038423340925486647 0.019344438089374159
leaf_weight=136.6045188261196 5.111753664910796 16.769585684873167 18.903212163597345 4.0026257559657088 96.362236883491278 27.845344454050064
leaf_count=831 26 93 91 21 602 134
internal_value=1.98758e-05 -0.00494727 0.00427115 -0.0143658 0.00094986 0.00378845
internal_weight=305.599 44.7872 24.015 20.7722 260.812 164.45
internal_count=1798 231 117 114 1567 965
is_linear=0
shrinkage=0.05


Tree=285
num_leaves=7
num_cat=0
split_feature=11 8 8 5 11 8
split_gain=0.571882 3.52409 3.11605 2.88832 2.44219 2.31293
threshold=0.12204979129193404 0.7124201401232243 0.67398331734739736 0.090000000000000122 0.45006596843155194 0.75513835190329359
decision_type=2 2 2 2 2 2
left_child=1 2 -1 -3 -2 -6
right_child=4 3 -4 -5 5 -7
leaf_value=-0.0016500276515671701 0.013468995582800562 0.021638241462187707 -0.020723252867731971 -0.0095204183625774846 0.0008744304053488949 -0.023039722807624931
leaf_weight=109.51296174526215 31.69039192982018 19.566558461636308 21.943625156767666 7.2891437262296668 109.49686246924102 6.1071838289499274
leaf_count=681 190 96 119 38 644 30
internal_value=1.82419e-05 -0.00203738 -0.00547653 0.0130143 0.00222198 -0.00129172
internal_weight=305.607 158.312 131.457 26.8557 147.294 115.604
internal_count=1798 934 800 134 864 674
is_linear=0
shrinkage=0.05


Tree=286
num_leaves=7
num_cat=0
split_feature=4 4 4 8 3 8
split_gain=0.585293 3.61224 3.17864 2.59632 2.57863 2.86715
threshold=0.017853571071357155 0.021794494717703353 0.02678035660703568 0.6343323011177352 1.4142135623730949 0.52009070662956003
decision_type=2 2 2 2 2 2
left_child=4 3 -3 -2 5 -1
right_child=1 2 -4 -5 -6 -7
leaf_value=0.0088818131619044973 -0.00075054090084003479 -0.015535330539201045 0.001639152364946995 0.028540226309297995 0.015242646572236181 -0.011776208346767042
leaf_weight=18.538822170346975 12.046052912250163 27.142869019880891 162.32142322324216 14.264794006943701 11.151754569262264 60.095364296808839
leaf_count=132 80 158 877 79 73 399
internal_value=2.02655e-06 0.00141294 -0.00115746 0.0171515 -0.00328439 -0.00666604
internal_weight=305.561 215.775 189.464 26.3108 89.7859 78.6342
internal_count=1798 1194 1035 159 604 531
is_linear=0
shrinkage=0.05


Tree=287
num_leaves=5
num_cat=0
split_feature=0 9 8 2
split_gain=0.573033 0.713644 0.812779 0.596483
threshold=0.90750000000000008 -1.9354446677946526 0.49098576581049852 0.070372888761928445
decision_type=2 2 2 2
left_child=1 -1 -3 -2
right_child=3 2 -4 -5
leaf_value=-0.015349180859303839 0.018960689134481276 -0.0069000877558846631 0.00098216338002441589 -0.0041287630362717978
leaf_weight=2.737756240181624 2.6891104839742175 32.19687894359231 265.82093341182917 2.068136241286993
leaf_count=21 54 195 1501 27
internal_value=2.30864e-05 -0.000357931 3.07859e-05 0.0119509
internal_weight=305.513 300.756 298.018 4.75725
internal_count=1798 1717 1696 81
is_linear=0
shrinkage=0.05


Tree=288
num_leaves=7
num_cat=0
split_feature=8 6 7 7 0 6
split_gain=0.573877 2.70394 6.10798 5.54411 2.03807 4.8501
threshold=0.64523777796837456 6.7807964546932942 -0.28242495250526106 0.012205347415982068 0.52750000000000019 7.0589899976483776
decision_type=2 2 2 2 2 2
left_child=1 2 -1 -3 5 -2
right_child=4 3 -4 -5 -6 -7
leaf_value=0.022515327610675949 -0.014334710513779389 -0.017106187682978578 -0.0027144040922616672 0.0078841683371881754 0.0039493232586618006 0.015226543694401668
leaf_weight=35.125819796696305 56.615982360206544 39.127015481702983 57.343400778248906 40.332880184054375 63.415604647248983 13.486024085432289
leaf_count=209 305 263 354 251 347 69
internal_value=1.67957e-05 0.00190352 0.00753285 -0.00470558 -0.00239373 -0.00801269
internal_weight=305.447 171.929 92.4692 79.4599 133.518 70.102
internal_count=1798 1077 563 514 721 374
is_linear=0
shrinkage=0.05


Tree=289
num_leaves=7
num_cat=0
split_feature=4 12 2 4 5 2
split_gain=0.563119 1.80502 2.88702 2.24047 1.41913 2.38977
threshold=0.057418104410156282 0.57352571233397664 0.083816810894705815 0.09688891861190331 0.3050000000000001 0.088639406490935116
decision_type=2 2 2 2 2 2
left_child=4 3 -3 -2 5 -1
right_child=1 2 -4 -5 -6 -7
leaf_value=-0.00037721725946461337 -0.017039358114294009 0.023722380662185436 -0.013287509614170606 0.0094546822656651174 -0.015394618755156152 0.012691046386350028
leaf_weight=216.0483925929293 25.168610047549009 7.2370848394930345 5.0062836213037372 7.2135701626539221 7.7120009660720816 36.681880516931415
leaf_count=1296 129 36 28 38 53 218
internal_value=2.79386e-05 -0.00486129 0.00912433 -0.0106623 0.000941474 0.00172895
internal_weight=305.068 44.6255 12.2434 32.3822 260.442 252.73
internal_count=1798 231 64 167 1567 1514
is_linear=0
shrinkage=0.05


Tree=290
num_leaves=5
num_cat=0
split_feature=3 4 2 4
split_gain=0.57102 1.23699 2.26292 1.27998
threshold=-1.7306422835451012 0.0070710678118654736 0.024909534253079228 0.017853571071357155
decision_type=2 2 2 2
left_child=-1 2 -2 -3
right_child=1 3 -4 -5
leaf_value=-0.012278105578877882 -0.005803630578692774 -0.0065599887480266381 0.021525255064918362 0.0012705281826947356
leaf_weight=4.1556265540421 10.284719798713924 63.521162846125662 12.653526011854408 214.43455032352358
leaf_count=27 67 420 96 1188
internal_value=2.63692e-05 0.00039422 0.0104262 -0.000603276
internal_weight=305.05 300.894 22.9382 277.956
internal_count=1798 1771 163 1608
is_linear=0
shrinkage=0.05


Tree=291
num_leaves=7
num_cat=0
split_feature=2 2 3 11 4 2
split_gain=0.585887 3.95338 3.44944 2.70285 2.44363 2.13349
threshold=0.081357828127714762 0.073323857519935684 1.3754412584206459 0.94968773296651043 0.018027756377319949 0.058442573479364109
decision_type=2 2 2 2 2 2
left_child=1 5 3 -2 -3 -1
right_child=2 4 -4 -5 -6 -7
leaf_value=0.0018767096355921697 0.0053036555873190996 -0.0085975636193714091 -0.024434505161698122 -0.020931305110014908 0.026714149824894291 -0.009641876444645878
leaf_weight=159.76566077955067 58.912464945577085 3.715117450803521 11.020987646654246 6.6167176421731702 16.783730912953615 48.233691105619073
leaf_count=959 353 23 61 37 91 274
internal_value=2.35494e-05 0.00129744 -0.00362535 0.00135854 0.0198834 -0.000958009
internal_weight=305.048 228.498 76.5502 65.5292 20.4988 207.999
internal_count=1798 1347 451 390 114 1233
is_linear=0
shrinkage=0.05


Tree=292
num_leaves=7
num_cat=0
split_feature=7 4 4 9 2 1
split_gain=0.579245 2.40995 2.8309 2.27192 3.50183 2.12944
threshold=0.72406628554857722 0.048185827257805174 0.035827075877042654 0.68203430318791214 0.0464045818840619 1.8990595271375954
decision_type=2 2 2 2 2 2
left_child=3 2 -2 5 -5 -1
right_child=1 -3 -4 4 -6 -7
leaf_value=-0.00044530049582386356 0.0051562857589165069 0.020452898481481865 -0.01951084450235992 0.008644845089158467 -0.019591712740762414 0.017171338991500938
leaf_weight=185.70605632290244 40.907971231266856 11.916918206959961 10.59752721339464 12.701075322926043 29.252356125973165 13.875137858092783
leaf_count=1112 238 64 55 86 172 71
internal_value=-1.47013e-06 0.00406875 -0.00119646 -0.00113108 -0.011033 0.00116917
internal_weight=304.957 63.4224 51.5055 241.535 41.9534 199.581
internal_count=1798 357 293 1441 258 1183
is_linear=0
shrinkage=0.05


Tree=293
num_leaves=5
num_cat=0
split_feature=0 9 8 1
split_gain=0.570436 0.691192 0.762264 0.600246
threshold=0.90750000000000008 -1.9354446677946526 0.49098576581049852 0.88367084142756591
decision_type=2 2 2 2
left_child=1 -1 -3 -2
right_child=3 2 -4 -5
leaf_value=-0.015134467456175938 -0.004324153931135717 -0.0067052604733073562 0.00093408130238206439 0.018831147698044705
leaf_weight=2.728370319120585 1.9734102860093106 32.141218226402998 265.26699688844383 2.7664463818073273
leaf_count=21 17 195 1501 64
internal_value=8.20339e-06 -0.000372145 1.12755e-05 0.0119198
internal_weight=304.876 300.137 297.408 4.73986
internal_count=1798 1717 1696 81
is_linear=0
shrinkage=0.05


Tree=294
num_leaves=7
num_cat=0
split_feature=6 5 2 7 0 5
split_gain=0.572529 1.61799 3.65203 2.24038 1.25113 1.70459
threshold=7.2267200651451509 0.049999999999999968 0.083816810894705815 0.32475225331694652 0.87000000000000011 0.05000000000000001
decision_type=2 2 2 2 2 2
left_child=4 3 -3 -2 5 -1
right_child=1 2 -4 -5 -6 -7
leaf_value=0.0029770859891598894 -0.023844278324478881 0.022020032249514487 -0.016388072991584502 0.0048050187352426978 0.015787577635574462 -0.005359027764099588
leaf_weight=170.6502645239234 12.349151298403742 8.9428048115223628 6.4361934959888449 8.9011303987354022 8.3083238732069713 89.219239749014378
leaf_count=972 88 61 38 56 94 489
internal_value=2.67797e-06 -0.00545959 0.00586898 -0.0132144 0.000835019 6.79671e-05
internal_weight=304.807 36.6293 15.379 21.2503 268.178 259.87
internal_count=1798 243 99 144 1555 1461
is_linear=0
shrinkage=0.05


Tree=295
num_leaves=7
num_cat=0
split_feature=0 0 8 6 1 12
split_gain=0.56559 2.12876 1.62464 1.49403 1.257 1.03431
threshold=0.24000000000000002 0.24750000000000003 0.68001285129558886 5.6015172465952192 -1.3250949628427187 -0.3317488540066757
decision_type=2 2 2 2 2 2
left_child=2 -2 4 -3 -1 -4
right_child=1 3 5 -5 -6 -7
leaf_value=0.0024135123038580529 0.023057173211215962 -0.011395984456670291 -0.006070522102107922 0.0010888189338830272 -0.01930650963815974 0.019903733528775641
leaf_weight=8.6853770110756194 5.30567543208599 21.472605772316456 3.5640052873641253 247.77153971418738 14.098389473743737 3.9113075239583841
leaf_count=102 26 109 25 1345 163 28
internal_value=2.73611e-06 0.00075536 -0.00596479 -9.64796e-05 -0.0120824 0.0100503
internal_weight=304.809 274.55 30.2591 269.244 22.7838 7.47531
internal_count=1798 1480 318 1454 265 53
is_linear=0
shrinkage=0.05


Tree=296
num_leaves=7
num_cat=0
split_feature=8 12 0 6 10 8
split_gain=0.575158 1.94763 2.96628 2.78576 1.79659 2.5142
threshold=0.66574418385534895 -0.21643177949537343 0.32750000000000007 6.2121751399243923 0.010000000000000007 0.58768649386645844
decision_type=2 2 2 2 2 2
left_child=4 3 -3 -2 5 -1
right_child=1 2 -4 -5 -6 -7
leaf_value=-0.020883328951148049 0.020521023154413853 0.010732107400901582 -0.014630533991680142 -0.0032590605758725001 0.0034648705871521699 0.0065302178354409088
leaf_weight=14.348814636468889 12.594972014427183 11.107184621505438 43.87143350020051 37.548022486269474 173.77252536267042 11.461260931566356
leaf_count=129 67 69 217 207 1022 87
internal_value=1.00119e-05 -0.00290362 -0.00903907 0.00403316 0.0015781 -0.00962581
internal_weight=304.704 105.122 54.9786 50.143 199.583 25.8101
internal_count=1798 560 286 274 1238 216
is_linear=0
shrinkage=0.05


Tree=297
num_leaves=5
num_cat=0
split_feature=3 4 0 4
split_gain=0.555773 1.15042 2.16977 1.1691
threshold=-1.7306422835451012 0.0070710678118654736 0.55750000000000022 0.017853571071357155
decision_type=2 2 2 2
left_child=-1 2 -2 -3
right_child=1 3 -4 -5
leaf_value=-0.012126794824505996 -0.00056819800876303913 -0.0062838017668291786 0.028104960976277543 0.00120468871905652
leaf_weight=4.1563268825411788 17.433739096857611 63.425500217825174 5.4304507598280898 214.24950626026839
leaf_count=27 109 420 54 1188
internal_value=1.13622e-05 0.00037493 0.0100631 -0.000586698
internal_weight=304.696 300.539 22.8642 277.675
internal_count=1798 1771 163 1608
is_linear=0
shrinkage=0.05


Tree=298
num_leaves=7
num_cat=0
split_feature=4 11 7 11 5 2
split_gain=0.561319 1.83981 3.21559 1.63843 1.2864 2.22564
threshold=0.057418104410156282 -0.3544610442860025 0.63098532011360609 -0.94259292838992492 0.3050000000000001 0.088639406490935116
decision_type=2 2 2 2 2 2
left_child=4 3 -3 -2 5 -1
right_child=1 2 -4 -5 -6 -7
leaf_value=-0.00035122973225602859 -0.01149148084634634 -0.021803981656021335 0.011555605351851893 0.013901713295352947 -0.014578984219038423 0.01226679721965499
leaf_weight=215.61198679264635 5.1308769583702114 18.916274358518425 6.6656308807432643 13.844961430877445 7.779353965073823 36.648646347224712
leaf_count=1296 25 100 37 69 53 218
internal_value=1.93538e-05 -0.0048652 -0.0126436 0.00607105 0.000932312 0.00168471
internal_weight=304.598 44.5577 25.5819 18.9758 260.04 252.261
internal_count=1798 231 137 94 1567 1514
is_linear=0
shrinkage=0.05


Tree=299
num_leaves=7
num_cat=0
split_feature=2 2 2 4 5 7
split_gain=0.572596 3.65701 3.23418 2.31357 2.27805 2.07104
threshold=0.081357828127714762 0.073323857519935684 0.087789200235079398 0.043803538669838084 -0.10000000000000001 -0.57546110678546925
decision_type=2 2 2 2 2 2
left_child=1 5 -2 -4 -3 -1
right_child=2 4 3 -5 -6 -7
leaf_value=-0.0090207652200693829 -0.021730783367320143 -0.00081550658643275817 0.0091819074743547096 -0.0089402223035959516 0.030135769357539779 0.0020458110993480478
leaf_weight=52.506120910868049 13.920223961584268 8.875240311026575 37.32968470454216 25.287175780162215 11.55340865254402 155.09756578970701
leaf_count=304 77 46 230 144 68 929
internal_value=9.87304e-06 0.00127156 -0.00359662 0.00174355 0.0191726 -0.000899419
internal_weight=304.569 228.032 76.5371 62.6169 20.4286 207.604
internal_count=1798 1347 451 374 114 1233
is_linear=0
shrinkage=0.05


end of trees

feature_importances:
p_yes_mid=322
OBI_vol_60=182
yes_mid_vol_60=174
yes_mid_vol_20=132
OBI_z_60=132
yes_mid_z_60=128
book_qty_log=128
yes_mid_z_20=124
mid_change_60=100
tod_sin=87
OBI=75
tod_cos=71
spread_yes=9

parameters:
[boosting: gbdt]
[objective: binary]
[metric: binary_logloss]
[tree_learner: serial]
[device_type: cpu]
[data_sample_strategy: bagging]
[data: ]
[valid: ]
[num_iterations: 300]
[learning_rate: 0.05]
[num_leaves: 7]
[num_threads: 4]
[seed: 42]
[deterministic: 0]
[force_col_wise: 0]
[force_row_wise: 0]
[histogram_pool_size: -1]
[max_depth: 3]
[min_data_in_leaf: 20]
[min_sum_hessian_in_leaf: 0.001]
[bagging_fraction: 0.9]
[pos_bagging_fraction: 1]
[neg_bagging_fraction: 1]
[bagging_freq: 0]
[bagging_seed: 400]
[bagging_by_query: 0]
[feature_fraction: 0.9]
[feature_fraction_bynode: 1]
[feature_fraction_seed: 30056]
[extra_trees: 0]
[extra_seed: 12879]
[early_stopping_round: 0]
[early_stopping_min_delta: 0]
[first_metric_only: 0]
[max_delta_step: 0]
[lambda_l1: 0]
[lambda_l2: 5]
[linear_lambda: 0]
[min_gain_to_split: 0]
[drop_rate: 0.1]
[max_drop: 50]
[skip_drop: 0.5]
[xgboost_dart_mode: 0]
[uniform_drop: 0]
[drop_seed: 17869]
[top_rate: 0.2]
[other_rate: 0.1]
[min_data_per_group: 100]
[max_cat_threshold: 32]
[cat_l2: 10]
[cat_smooth: 10]
[max_cat_to_onehot: 4]
[top_k: 20]
[monotone_constraints: ]
[monotone_constraints_method: basic]
[monotone_penalty: 0]
[feature_contri: ]
[forcedsplits_filename: ]
[refit_decay_rate: 0.9]
[cegb_tradeoff: 1]
[cegb_penalty_split: 0]
[cegb_penalty_feature_lazy: ]
[cegb_penalty_feature_coupled: ]
[path_smooth: 0]
[interaction_constraints: ]
[verbosity: -1]
[saved_feature_importance_type: 0]
[use_quantized_grad: 0]
[num_grad_quant_bins: 4]
[quant_train_renew_leaf: 0]
[stochastic_rounding: 1]
[linear_tree: 0]
[max_bin: 255]
[max_bin_by_feature: ]
[min_data_in_bin: 3]
[bin_construct_sample_cnt: 200000]
[data_random_seed: 175]
[is_enable_sparse: 1]
[enable_bundle: 1]
[use_missing: 1]
[zero_as_missing: 0]
[feature_pre_filter: 1]
[pre_partition: 0]
[two_round: 0]
[header: 0]
[label_column: ]
[weight_column: ]
[group_column: ]
[ignore_column: ]
[categorical_feature: ]
[forcedbins_filename: ]
[precise_float_parser: 0]
[parser_config_file: ]
[objective_seed: 16083]
[num_class: 1]
[is_unbalance: 0]
[scale_pos_weight: 1]
[sigmoid: 1]
[boost_from_average: 1]
[reg_sqrt: 0]
[alpha: 0.9]
[fair_c: 1]
[poisson_max_delta_step: 0.7]
[tweedie_variance_power: 1.5]
[lambdarank_truncation_level: 30]
[lambdarank_norm: 1]
[label_gain: ]
[lambdarank_position_bias_regularization: 0]
[eval_at: ]
[multi_error_top_k: 1]
[auc_mu_weights: ]
[num_machines: 1]
[local_listen_port: 12400]
[time_out: 120]
[machine_list_filename: ]
[machines: ]
[gpu_platform_id: -1]
[gpu_device_id: -1]
[gpu_use_dp: 0]
[num_gpu: 1]

end of parameters

pandas_categorical:null
