timestamp_utc,kalshi_timestamp_utc,kalshi_ticker,kalshi_title,kalshi_event_ticker,kalshi_close_time,kalshi_status,kalshi_yes_bid,kalshi_yes_ask,kalshi_no_bid,kalshi_no_ask,kalshi_yes_mid,kalshi_last_price,kalshi_volume,kalshi_open_interest,kalshi_best_yes_bid_qty,kalshi_best_no_bid_qty,polymarket_timestamp_utc,polymarket_ticker,polymarket_title,polymarket_event_ticker,polymarket_close_time,polymarket_status,polymarket_yes_bid,polymarket_yes_ask,polymarket_no_bid,polymarket_no_ask,polymarket_yes_mid,polymarket_last_price,polymarket_volume,polymarket_open_interest,polymarket_best_yes_bid_qty,polymarket_best_no_bid_qty,source_timestamp_utc,kalshi_btc_source,kalshi_btc_price,kalshi_btc_target,kalshi_btc_60_sma,kalshi_btc_60_sma_sample_count,polymarket_btc_source,polymarket_btc_price,polymarket_btc_target,k_plus_np,nk_plus_p,polymarket_error
2026-05-17T15:00:08.206Z,2026-05-17T15:00:07.619Z,KXBTC15M-26MAY171115-15,BTC price up in next 15 mins?,KXBTC15M-26MAY171115,2026-05-17T15:15:00Z,active,0.39,0.4,0.6,0.61,0.395,0.44,560.54,530.54,140.56,148.89,2026-05-17T15:00:07.716Z,btc-updown-15m-1779030000,"Bitcoin Up or Down - May 17, 11:00AM-11:15AM ET",btc-updown-15m-1779030000,2026-05-17T15:15:00Z,,0.5,0.51,0.49,0.5,0.505,0.52,772.6159150000002,,150.67,331.11,2026-05-17T15:00:07.716Z,BRTI,78033.3,78030.03,78038.42599999999,60,Polymarket RTDS,78005.14460832685,78016.93440299988,0.9,1.12,
2026-05-17T15:00:10.400Z,2026-05-17T15:00:09.631Z,KXBTC15M-26MAY171115-15,BTC price up in next 15 mins?,KXBTC15M-26MAY171115,2026-05-17T15:15:00Z,active,0.37,0.38,0.62,0.63,0.375,0.44,560.54,530.54,665.0,9.41,2026-05-17T15:00:09.680Z,btc-updown-15m-1779030000,"Bitcoin Up or Down - May 17, 11:00AM-11:15AM ET",btc-updown-15m-1779030000,2026-05-17T15:15:00Z,,0.5,0.51,0.49,0.5,0.505,0.52,772.6159150000002,,54.09,431.16,2026-05-17T15:00:09.680Z,BRTI,78024.57,78030.03,78028.935,2,Polymarket RTDS,78000.56543298808,78016.93440299988,0.88,1.1400000000000001,
2026-05-17T15:00:12.180Z,2026-05-17T15:00:11.630Z,KXBTC15M-26MAY171115-15,BTC price up in next 15 mins?,KXBTC15M-26MAY171115,2026-05-17T15:15:00Z,active,0.38,0.39,0.61,0.62,0.385,0.44,560.54,530.54,300.0,10.0,2026-05-17T15:00:11.735Z,btc-updown-15m-1779030000,"Bitcoin Up or Down - May 17, 11:00AM-11:15AM ET",btc-updown-15m-1779030000,2026-05-17T15:15:00Z,,0.43,0.44,0.56,0.57,0.435,0.52,772.6159150000002,,42.8,30.0,2026-05-17T15:00:11.735Z,BRTI,78033.3,78030.03,78030.39,3,Polymarket RTDS,78000.56617744705,78016.93440299988,0.96,1.06,
2026-05-17T15:00:14.203Z,2026-05-17T15:00:13.626Z,KXBTC15M-26MAY171115-15,BTC price up in next 15 mins?,KXBTC15M-26MAY171115,2026-05-17T15:15:00Z,active,0.38,0.39,0.61,0.62,0.385,0.44,560.54,530.54,145.08,182.0,2026-05-17T15:00:13.699Z,btc-updown-15m-1779030000,"Bitcoin Up or Down - May 17, 11:00AM-11:15AM ET",btc-updown-15m-1779030000,2026-05-17T15:15:00Z,,0.43,0.44,0.56,0.57,0.435,0.52,772.6159150000002,,61.18,90.02,2026-05-17T15:00:13.699Z,BRTI,78023.6,78030.03,78028.6925,4,Polymarket RTDS,78000.55471244706,78016.93440299988,0.96,1.06,
2026-05-17T15:00:16.159Z,2026-05-17T15:00:15.615Z,KXBTC15M-26MAY171115-15,BTC price up in next 15 mins?,KXBTC15M-26MAY171115,2026-05-17T15:15:00Z,active,0.4,0.41,0.59,0.6,0.405,0.44,560.54,530.54,50.0,1492.0,2026-05-17T15:00:15.663Z,btc-updown-15m-1779030000,"Bitcoin Up or Down - May 17, 11:00AM-11:15AM ET",btc-updown-15m-1779030000,2026-05-17T15:15:00Z,,0.44,0.45,0.55,0.56,0.445,0.52,772.6159150000002,,17.0,107.71,2026-05-17T15:00:15.663Z,BRTI,78034.46,78030.03,78029.846,5,Polymarket RTDS,78001.05596690603,78016.93440299988,0.97,1.05,
2026-05-17T15:00:18.140Z,2026-05-17T15:00:17.625Z,KXBTC15M-26MAY171115-15,BTC price up in next 15 mins?,KXBTC15M-26MAY171115,2026-05-17T15:15:00Z,active,0.4,0.41,0.59,0.6,0.405,0.44,560.54,530.54,144.05,49.06,2026-05-17T15:00:17.671Z,btc-updown-15m-1779030000,"Bitcoin Up or Down - May 17, 11:00AM-11:15AM ET",btc-updown-15m-1779030000,2026-05-17T15:15:00Z,,0.43,0.44,0.56,0.57,0.435,0.52,772.6159150000002,,19.02,84.54,2026-05-17T15:00:17.671Z,BRTI,78030.75,78030.03,78029.99666666667,6,Polymarket RTDS,78001.180151365,78016.93440299988,0.98,1.04,
2026-05-17T15:00:20.129Z,2026-05-17T15:00:19.607Z,KXBTC15M-26MAY171115-15,BTC price up in next 15 mins?,KXBTC15M-26MAY171115,2026-05-17T15:15:00Z,active,0.4,0.41,0.59,0.6,0.405,0.44,560.54,530.54,90.53,782.32,2026-05-17T15:00:19.657Z,btc-updown-15m-1779030000,"Bitcoin Up or Down - May 17, 11:00AM-11:15AM ET",btc-updown-15m-1779030000,2026-05-17T15:15:00Z,,0.43,0.44,0.56,0.57,0.435,0.52,772.6159150000002,,133.4,107.36,2026-05-17T15:00:19.657Z,BRTI,78030.75,78030.03,78030.10428571429,7,Polymarket RTDS,78001.173886365,78016.93440299988,0.98,1.04,
2026-05-17T15:00:22.189Z,2026-05-17T15:00:21.681Z,KXBTC15M-26MAY171115-15,BTC price up in next 15 mins?,KXBTC15M-26MAY171115,2026-05-17T15:15:00Z,active,0.39,0.4,0.6,0.61,0.395,0.44,560.54,530.54,197.78,1083.0,2026-05-17T15:00:21.732Z,btc-updown-15m-1779030000,"Bitcoin Up or Down - May 17, 11:00AM-11:15AM ET",btc-updown-15m-1779030000,2026-05-17T15:15:00Z,,0.43,0.44,0.56,0.57,0.435,0.52,772.6159150000002,,116.9,105.08,2026-05-17T15:00:21.732Z,BRTI,78033.3,78030.03,78030.50375,8,Polymarket RTDS,78001.174101365,78016.93440299988,0.97,1.05,
2026-05-17T15:00:24.183Z,2026-05-17T15:00:23.620Z,KXBTC15M-26MAY171115-15,BTC price up in next 15 mins?,KXBTC15M-26MAY171115,2026-05-17T15:15:00Z,active,0.39,0.4,0.6,0.61,0.395,0.44,560.54,530.54,150.9,755.81,2026-05-17T15:00:23.704Z,btc-updown-15m-1779030000,"Bitcoin Up or Down - May 17, 11:00AM-11:15AM ET",btc-updown-15m-1779030000,2026-05-17T15:15:00Z,,0.43,0.44,0.56,0.57,0.435,0.52,772.6159150000002,,119.94,110.08,2026-05-17T15:00:23.704Z,BRTI,78034.39,78030.03,78030.93555555557,9,Polymarket RTDS,78001.171741365,78016.93440299988,0.97,1.05,
2026-05-17T15:00:26.105Z,2026-05-17T15:00:25.618Z,KXBTC15M-26MAY171115-15,BTC price up in next 15 mins?,KXBTC15M-26MAY171115,2026-05-17T15:15:00Z,active,0.38,0.39,0.61,0.62,0.385,0.44,560.54,530.54,3697.0,10.0,2026-05-17T15:00:25.664Z,btc-updown-15m-1779030000,"Bitcoin Up or Down - May 17, 11:00AM-11:15AM ET",btc-updown-15m-1779030000,2026-05-17T15:15:00Z,,0.46,0.47,0.53,0.54,0.46499999999999997,0.52,772.6159150000002,,35.0,252.24,2026-05-17T15:00:25.664Z,BRTI,78033.73,78030.03,78031.215,10,Polymarket RTDS,78001.176056365,78016.93440299988,0.93,1.0899999999999999,
2026-05-17T15:00:28.129Z,2026-05-17T15:00:27.630Z,KXBTC15M-26MAY171115-15,BTC price up in next 15 mins?,KXBTC15M-26MAY171115,2026-05-17T15:15:00Z,active,0.38,0.39,0.61,0.62,0.385,0.44,560.54,530.54,1053.45,659.44,2026-05-17T15:00:27.678Z,btc-updown-15m-1779030000,"Bitcoin Up or Down - May 17, 11:00AM-11:15AM ET",btc-updown-15m-1779030000,2026-05-17T15:15:00Z,,0.44,0.45,0.55,0.56,0.445,0.52,772.6159150000002,,242.13,7.77,2026-05-17T15:00:27.678Z,BRTI,78023.6,78030.03,78030.52272727272,11,Polymarket RTDS,78001.188091365,78016.93440299988,0.9500000000000001,1.07,
2026-05-17T15:00:30.139Z,2026-05-17T15:00:29.633Z,KXBTC15M-26MAY171115-15,BTC price up in next 15 mins?,KXBTC15M-26MAY171115,2026-05-17T15:15:00Z,active,0.38,0.39,0.61,0.62,0.385,0.44,560.54,530.54,967.78,984.23,2026-05-17T15:00:29.686Z,btc-updown-15m-1779030000,"Bitcoin Up or Down - May 17, 11:00AM-11:15AM ET",btc-updown-15m-1779030000,2026-05-17T15:15:00Z,,0.44,0.45,0.55,0.56,0.445,0.52,772.6159150000002,,139.05,27.5,2026-05-17T15:00:29.686Z,BRTI,78034.46,78030.03,78030.85083333334,12,Polymarket RTDS,78001.188226365,78016.93440299988,0.9500000000000001,1.07,
2026-05-17T15:00:32.123Z,2026-05-17T15:00:31.624Z,KXBTC15M-26MAY171115-15,BTC price up in next 15 mins?,KXBTC15M-26MAY171115,2026-05-17T15:15:00Z,active,0.38,0.39,0.61,0.62,0.385,0.44,560.54,530.54,946.78,1038.19,2026-05-17T15:00:31.672Z,btc-updown-15m-1779030000,"Bitcoin Up or Down - May 17, 11:00AM-11:15AM ET",btc-updown-15m-1779030000,2026-05-17T15:15:00Z,,0.44,0.45,0.55,0.56,0.445,0.52,772.6159150000002,,170.64,11.5,2026-05-17T15:00:31.672Z,BRTI,78034.46,78030.03,78031.12846153846,13,Polymarket RTDS,78001.181556365,78016.93440299988,0.9500000000000001,1.07,
2026-05-17T15:00:34.180Z,2026-05-17T15:00:33.623Z,KXBTC15M-26MAY171115-15,BTC price up in next 15 mins?,KXBTC15M-26MAY171115,2026-05-17T15:15:00Z,active,0.37,0.38,0.62,0.63,0.375,0.44,560.54,530.54,212.4,944.13,2026-05-17T15:00:33.675Z,btc-updown-15m-1779030000,"Bitcoin Up or Down - May 17, 11:00AM-11:15AM ET",btc-updown-15m-1779030000,2026-05-17T15:15:00Z,,0.43,0.44,0.56,0.57,0.435,0.52,772.6159150000002,,48.36,54.0,2026-05-17T15:00:33.675Z,BRTI,78023.6,78030.03,78030.59071428572,14,Polymarket RTDS,78001.160101365,78016.93440299988,0.95,1.07,
2026-05-17T15:00:37.842Z,2026-05-17T15:00:35.614Z,KXBTC15M-26MAY171115-15,BTC price up in next 15 mins?,KXBTC15M-26MAY171115,2026-05-17T15:15:00Z,active,0.37,0.38,0.62,0.63,0.375,0.44,560.54,530.54,521.79,1091.08,2026-05-17T15:00:35.671Z,btc-updown-15m-1779030000,"Bitcoin Up or Down - May 17, 11:00AM-11:15AM ET",btc-updown-15m-1779030000,2026-05-17T15:15:00Z,,0.43,0.44,0.56,0.57,0.435,0.52,772.6159150000002,,82.36,74.67,2026-05-17T15:00:35.671Z,BRTI,78023.6,78030.03,78030.12466666667,15,Polymarket RTDS,78001.136176365,78016.93440299988,0.95,1.07,
2026-05-17T15:00:38.879Z,2026-05-17T15:00:38.342Z,KXBTC15M-26MAY171115-15,BTC price up in next 15 mins?,KXBTC15M-26MAY171115,2026-05-17T15:15:00Z,active,0.36,0.37,0.63,0.64,0.365,0.37,12851.19,9412.83,3310.04,125.85,2026-05-17T15:00:38.394Z,btc-updown-15m-1779030000,"Bitcoin Up or Down - May 17, 11:00AM-11:15AM ET",btc-updown-15m-1779030000,2026-05-17T15:15:00Z,,0.43,0.44,0.56,0.57,0.435,0.52,772.6159150000002,,73.93,78.6,2026-05-17T15:00:38.394Z,BRTI,78034.46,78030.03,78030.395625,16,Polymarket RTDS,78001.33753516,78016.93440299988,0.94,1.08,
2026-05-17T15:00:40.842Z,2026-05-17T15:00:40.330Z,KXBTC15M-26MAY171115-15,BTC price up in next 15 mins?,KXBTC15M-26MAY171115,2026-05-17T15:15:00Z,active,0.35,0.36,0.64,0.65,0.355,0.37,12851.19,9412.83,204.0,1298.71,2026-05-17T15:00:40.384Z,btc-updown-15m-1779030000,"Bitcoin Up or Down - May 17, 11:00AM-11:15AM ET",btc-updown-15m-1779030000,2026-05-17T15:15:00Z,,0.42,0.43,0.57,0.58,0.425,0.52,772.6159150000002,,27.93,17.0,2026-05-17T15:00:40.384Z,BRTI,78024.57,78030.03,78030.05294117647,17,Polymarket RTDS,78001.37177455748,78016.93440299988,0.94,1.08,
2026-05-17T15:00:42.855Z,2026-05-17T15:00:42.327Z,KXBTC15M-26MAY171115-15,BTC price up in next 15 mins?,KXBTC15M-26MAY171115,2026-05-17T15:15:00Z,active,0.35,0.36,0.64,0.65,0.355,0.37,12851.19,9412.83,43.72,1358.73,2026-05-17T15:00:42.376Z,btc-updown-15m-1779030000,"Bitcoin Up or Down - May 17, 11:00AM-11:15AM ET",btc-updown-15m-1779030000,2026-05-17T15:15:00Z,,0.39,0.41,0.59,0.61,0.4,0.52,772.6159150000002,,20.38,12.0,2026-05-17T15:00:42.376Z,BRTI,78033.3,78030.03,78030.23333333334,18,Polymarket RTDS,77996.47045498864,78016.93440299988,0.97,1.06,
2026-05-17T15:00:44.867Z,2026-05-17T15:00:44.336Z,KXBTC15M-26MAY171115-15,BTC price up in next 15 mins?,KXBTC15M-26MAY171115,2026-05-17T15:15:00Z,active,0.35,0.36,0.64,0.65,0.355,0.37,12851.19,9412.83,160.72,664.72,2026-05-17T15:00:44.391Z,btc-updown-15m-1779030000,"Bitcoin Up or Down - May 17, 11:00AM-11:15AM ET",btc-updown-15m-1779030000,2026-05-17T15:15:00Z,,0.39,0.4,0.6,0.61,0.395,0.52,772.6159150000002,,193.93,20.0,2026-05-17T15:00:44.391Z,BRTI,78033.3,78030.03,78030.3947368421,19,Polymarket RTDS,77996.27317594115,78016.93440299988,0.97,1.05,
2026-05-17T15:00:48.577Z,2026-05-17T15:00:46.340Z,KXBTC15M-26MAY171115-15,BTC price up in next 15 mins?,KXBTC15M-26MAY171115,2026-05-17T15:15:00Z,active,0.35,0.36,0.64,0.65,0.355,0.37,12851.19,9412.83,2730.79,108.0,2026-05-17T15:00:46.394Z,btc-updown-15m-1779030000,"Bitcoin Up or Down - May 17, 11:00AM-11:15AM ET",btc-updown-15m-1779030000,2026-05-17T15:15:00Z,,0.39,0.4,0.6,0.61,0.395,0.52,772.6159150000002,,218.34,5.0,2026-05-17T15:00:46.394Z,BRTI,78033.3,78030.03,78030.54000000001,20,Polymarket RTDS,77998.05195322068,78016.93440299988,0.97,1.05,
2026-05-17T15:00:51.323Z,2026-05-17T15:00:49.066Z,KXBTC15M-26MAY171115-15,BTC price up in next 15 mins?,KXBTC15M-26MAY171115,2026-05-17T15:15:00Z,active,0.35,0.36,0.64,0.65,0.355,0.37,12851.19,9412.83,2984.62,1143.62,2026-05-17T15:00:49.114Z,btc-updown-15m-1779030000,"Bitcoin Up or Down - May 17, 11:00AM-11:15AM ET",btc-updown-15m-1779030000,2026-05-17T15:15:00Z,,0.4,0.41,0.59,0.6,0.405,0.52,772.6159150000002,,98.32,39.68,2026-05-17T15:00:49.114Z,BRTI,78033.3,78030.03,78030.67142857143,21,Polymarket RTDS,77998.02795322069,78016.93440299988,0.96,1.06,
2026-05-17T15:00:52.384Z,2026-05-17T15:00:51.834Z,KXBTC15M-26MAY171115-15,BTC price up in next 15 mins?,KXBTC15M-26MAY171115,2026-05-17T15:15:00Z,active,0.35,0.36,0.64,0.65,0.355,0.37,12851.19,9412.83,200.0,757.56,2026-05-17T15:00:51.895Z,btc-updown-15m-1779030000,"Bitcoin Up or Down - May 17, 11:00AM-11:15AM ET",btc-updown-15m-1779030000,2026-05-17T15:15:00Z,,0.4,0.41,0.59,0.6,0.405,0.52,772.6159150000002,,1.0,70.24,2026-05-17T15:00:51.895Z,BRTI,78011.29,78030.03,78029.79045454547,22,Polymarket RTDS,77998.05524368946,78016.93440299988,0.96,1.06,
2026-05-17T15:00:54.387Z,2026-05-17T15:00:53.817Z,KXBTC15M-26MAY171115-15,BTC price up in next 15 mins?,KXBTC15M-26MAY171115,2026-05-17T15:15:00Z,active,0.34,0.35,0.65,0.66,0.345,0.37,12851.19,9412.83,1873.0,1075.25,2026-05-17T15:00:53.868Z,btc-updown-15m-1779030000,"Bitcoin Up or Down - May 17, 11:00AM-11:15AM ET",btc-updown-15m-1779030000,2026-05-17T15:15:00Z,,0.39,0.4,0.6,0.61,0.395,0.52,772.6159150000002,,205.01,91.87,2026-05-17T15:00:53.868Z,BRTI,78033.73,78030.03,78029.96173913043,23,Polymarket RTDS,77998.03574368947,78016.93440299988,0.96,1.06,
2026-05-17T15:00:56.405Z,2026-05-17T15:00:55.810Z,KXBTC15M-26MAY171115-15,BTC price up in next 15 mins?,KXBTC15M-26MAY171115,2026-05-17T15:15:00Z,active,0.34,0.35,0.65,0.66,0.345,0.37,12851.19,9412.83,220.66,1248.06,2026-05-17T15:00:55.853Z,btc-updown-15m-1779030000,"Bitcoin Up or Down - May 17, 11:00AM-11:15AM ET",btc-updown-15m-1779030000,2026-05-17T15:15:00Z,,0.39,0.4,0.6,0.61,0.395,0.52,772.6159150000002,,20.05,99.61,2026-05-17T15:00:55.853Z,BRTI,78033.73,78030.03,78030.11875000001,24,Polymarket RTDS,77998.04724368946,78016.93440299988,0.96,1.06,
2026-05-17T15:00:58.324Z,2026-05-17T15:00:57.806Z,KXBTC15M-26MAY171115-15,BTC price up in next 15 mins?,KXBTC15M-26MAY171115,2026-05-17T15:15:00Z,active,0.34,0.35,0.65,0.66,0.345,0.37,12851.19,9412.83,42.62,3744.03,2026-05-17T15:00:57.861Z,btc-updown-15m-1779030000,"Bitcoin Up or Down - May 17, 11:00AM-11:15AM ET",btc-updown-15m-1779030000,2026-05-17T15:15:00Z,,0.37,0.38,0.62,0.63,0.375,0.52,772.6159150000002,,15.5,40.0,2026-05-17T15:00:57.861Z,BRTI,78011.28,78030.03,78029.3652,25,Polymarket RTDS,77995.60883759378,78016.93440299988,0.98,1.04,
2026-05-17T15:01:00.809Z,2026-05-17T15:00:59.811Z,KXBTC15M-26MAY171115-15,BTC price up in next 15 mins?,KXBTC15M-26MAY171115,2026-05-17T15:15:00Z,active,0.33,0.34,0.66,0.67,0.335,0.37,12851.19,9412.83,12.0,1541.0,2026-05-17T15:00:59.870Z,btc-updown-15m-1779030000,"Bitcoin Up or Down - May 17, 11:00AM-11:15AM ET",btc-updown-15m-1779030000,2026-05-17T15:15:00Z,,0.37,0.38,0.62,0.63,0.375,0.52,772.6159150000002,,105.5,223.51,2026-05-17T15:00:59.870Z,BRTI,78011.28,78030.03,78028.66961538463,26,Polymarket RTDS,77994.91895200903,78016.93440299988,0.97,1.05,
2026-05-17T15:01:02.683Z,2026-05-17T15:01:01.814Z,KXBTC15M-26MAY171115-15,BTC price up in next 15 mins?,KXBTC15M-26MAY171115,2026-05-17T15:15:00Z,active,0.28,0.29,0.71,0.72,0.28500000000000003,0.37,12851.19,9412.83,40.0,1267.0,2026-05-17T15:01:01.869Z,btc-updown-15m-1779030000,"Bitcoin Up or Down - May 17, 11:00AM-11:15AM ET",btc-updown-15m-1779030000,2026-05-17T15:15:00Z,,0.34,0.36,0.64,0.66,0.35,0.52,772.6159150000002,,10.78,115.51,2026-05-17T15:01:01.869Z,BRTI,77999.13,78030.03,78027.57555555555,27,Polymarket RTDS,77992.56467,78016.93440299988,0.95,1.08,
2026-05-17T15:01:04.434Z,2026-05-17T15:01:03.812Z,KXBTC15M-26MAY171115-15,BTC price up in next 15 mins?,KXBTC15M-26MAY171115,2026-05-17T15:15:00Z,active,0.28,0.29,0.71,0.72,0.28500000000000003,0.37,12851.19,9412.83,77.0,1189.31,2026-05-17T15:01:03.863Z,btc-updown-15m-1779030000,"Bitcoin Up or Down - May 17, 11:00AM-11:15AM ET",btc-updown-15m-1779030000,2026-05-17T15:15:00Z,,0.33,0.35,0.65,0.67,0.33999999999999997,0.52,772.6159150000002,,9.09,53.18,2026-05-17T15:01:03.863Z,BRTI,78033.73,78030.03,78027.79535714285,28,Polymarket RTDS,77986.99928153284,78016.93440299988,0.96,1.0699999999999998,
2026-05-17T15:01:06.472Z,2026-05-17T15:01:05.882Z,KXBTC15M-26MAY171115-15,BTC price up in next 15 mins?,KXBTC15M-26MAY171115,2026-05-17T15:15:00Z,active,0.27,0.28,0.72,0.73,0.275,0.37,12851.19,9412.83,148.84,812.69,2026-05-17T15:01:05.930Z,btc-updown-15m-1779030000,"Bitcoin Up or Down - May 17, 11:00AM-11:15AM ET",btc-updown-15m-1779030000,2026-05-17T15:15:00Z,,0.3,0.32,0.68,0.7,0.31,0.52,772.6159150000002,,398.03,35.28,2026-05-17T15:01:05.930Z,BRTI,78033.3,78030.03,78027.9851724138,29,Polymarket RTDS,77984.65076140316,78016.93440299988,0.98,1.05,
2026-05-17T15:01:08.662Z,2026-05-17T15:01:07.814Z,KXBTC15M-26MAY171115-15,BTC price up in next 15 mins?,KXBTC15M-26MAY171115,2026-05-17T15:15:00Z,active,0.27,0.28,0.72,0.73,0.275,0.28,21123.45,16794.16,356.98,1622.2,2026-05-17T15:01:07.879Z,btc-updown-15m-1779030000,"Bitcoin Up or Down - May 17, 11:00AM-11:15AM ET",btc-updown-15m-1779030000,2026-05-17T15:15:00Z,,0.3,0.31,0.69,0.7,0.305,0.52,772.6159150000002,,362.33,41.78,2026-05-17T15:01:07.879Z,BRTI,78034.46,78030.03,78028.20100000002,30,Polymarket RTDS,77982.47061383082,78016.93440299988,0.98,1.04,
2026-05-17T15:01:10.524Z,2026-05-17T15:01:09.824Z,KXBTC15M-26MAY171115-15,BTC price up in next 15 mins?,KXBTC15M-26MAY171115,2026-05-17T15:15:00Z,active,0.27,0.28,0.72,0.73,0.275,0.28,21123.45,16794.16,378.77,1006.56,2026-05-17T15:01:09.875Z,btc-updown-15m-1779030000,"Bitcoin Up or Down - May 17, 11:00AM-11:15AM ET",btc-updown-15m-1779030000,2026-05-17T15:15:00Z,,0.32,0.33,0.67,0.68,0.325,0.52,772.6159150000002,,37.0,81.07,2026-05-17T15:01:09.875Z,BRTI,78033.73,78030.03,78028.37935483872,31,Polymarket RTDS,77982.44444883082,78016.93440299988,0.9600000000000001,1.06,
2026-05-17T15:01:12.400Z,2026-05-17T15:01:11.818Z,KXBTC15M-26MAY171115-15,BTC price up in next 15 mins?,KXBTC15M-26MAY171115,2026-05-17T15:15:00Z,active,0.27,0.28,0.72,0.73,0.275,0.28,21123.45,16794.16,38.84,203.05,2026-05-17T15:01:11.868Z,btc-updown-15m-1779030000,"Bitcoin Up or Down - May 17, 11:00AM-11:15AM ET",btc-updown-15m-1779030000,2026-05-17T15:15:00Z,,0.31,0.32,0.68,0.69,0.315,0.52,772.6159150000002,,35.34,34.85,2026-05-17T15:01:11.868Z,BRTI,78033.3,78030.03,78028.533125,32,Polymarket RTDS,77982.45613383083,78016.93440299988,0.97,1.05,
2026-05-17T15:01:14.362Z,2026-05-17T15:01:13.811Z,KXBTC15M-26MAY171115-15,BTC price up in next 15 mins?,KXBTC15M-26MAY171115,2026-05-17T15:15:00Z,active,0.26,0.27,0.73,0.74,0.265,0.28,21123.45,16794.16,2706.04,1000.0,2026-05-17T15:01:13.875Z,btc-updown-15m-1779030000,"Bitcoin Up or Down - May 17, 11:00AM-11:15AM ET",btc-updown-15m-1779030000,2026-05-17T15:15:00Z,,0.31,0.32,0.68,0.69,0.315,0.52,772.6159150000002,,39.37,25.48,2026-05-17T15:01:13.875Z,BRTI,78033.3,78030.03,78028.67757575757,33,Polymarket RTDS,77982.45668883082,78016.93440299988,0.96,1.06,
2026-05-17T15:01:18.071Z,2026-05-17T15:01:15.824Z,KXBTC15M-26MAY171115-15,BTC price up in next 15 mins?,KXBTC15M-26MAY171115,2026-05-17T15:15:00Z,active,0.24,0.25,0.75,0.76,0.245,0.28,21123.45,16794.16,2802.19,1196.0,2026-05-17T15:01:15.876Z,btc-updown-15m-1779030000,"Bitcoin Up or Down - May 17, 11:00AM-11:15AM ET",btc-updown-15m-1779030000,2026-05-17T15:15:00Z,,0.34,0.35,0.65,0.66,0.345,0.52,772.6159150000002,,646.48,241.18,2026-05-17T15:01:15.876Z,BRTI,78033.3,78030.03,78028.81352941177,34,Polymarket RTDS,77977.5061109528,78016.93440299988,0.91,1.1099999999999999,
2026-05-17T15:01:20.243Z,2026-05-17T15:01:18.567Z,KXBTC15M-26MAY171115-15,BTC price up in next 15 mins?,KXBTC15M-26MAY171115,2026-05-17T15:15:00Z,active,0.24,0.25,0.75,0.76,0.245,0.28,21123.45,16794.16,1661.64,667.82,2026-05-17T15:01:18.620Z,btc-updown-15m-1779030000,"Bitcoin Up or Down - May 17, 11:00AM-11:15AM ET",btc-updown-15m-1779030000,2026-05-17T15:15:00Z,,0.34,0.35,0.65,0.66,0.345,0.52,772.6159150000002,,581.87,527.27,2026-05-17T15:01:18.620Z,BRTI,78023.6,78030.03,78028.66457142858,35,Polymarket RTDS,77976.24850632182,78016.93440299988,0.91,1.1099999999999999,
2026-05-17T15:01:21.267Z,2026-05-17T15:01:20.724Z,KXBTC15M-26MAY171115-15,BTC price up in next 15 mins?,KXBTC15M-26MAY171115,2026-05-17T15:15:00Z,active,0.24,0.25,0.75,0.76,0.245,0.28,21123.45,16794.16,173.17,1333.96,2026-05-17T15:01:20.779Z,btc-updown-15m-1779030000,"Bitcoin Up or Down - May 17, 11:00AM-11:15AM ET",btc-updown-15m-1779030000,2026-05-17T15:15:00Z,,0.34,0.35,0.65,0.66,0.345,0.52,772.6159150000002,,486.03,578.77,2026-05-17T15:01:20.779Z,BRTI,77981.17,78030.03,78027.34527777779,36,Polymarket RTDS,77976.24360132182,78016.93440299988,0.91,1.1099999999999999,
2026-05-17T15:01:23.466Z,2026-05-17T15:01:22.733Z,KXBTC15M-26MAY171115-15,BTC price up in next 15 mins?,KXBTC15M-26MAY171115,2026-05-17T15:15:00Z,active,0.23,0.24,0.76,0.77,0.235,0.28,21123.45,16794.16,333.72,940.04,2026-05-17T15:01:22.787Z,btc-updown-15m-1779030000,"Bitcoin Up or Down - May 17, 11:00AM-11:15AM ET",btc-updown-15m-1779030000,2026-05-17T15:15:00Z,,0.34,0.35,0.65,0.66,0.345,0.52,772.6159150000002,,560.78,245.81,2026-05-17T15:01:22.787Z,BRTI,78024.57,78030.03,78027.27027027027,37,Polymarket RTDS,77975.59625844598,78016.93440299988,0.9,1.12,
2026-05-17T15:01:25.288Z,2026-05-17T15:01:24.746Z,KXBTC15M-26MAY171115-15,BTC price up in next 15 mins?,KXBTC15M-26MAY171115,2026-05-17T15:15:00Z,active,0.3,0.31,0.69,0.7,0.305,0.28,21123.45,16794.16,3809.48,30.9,2026-05-17T15:01:24.819Z,btc-updown-15m-1779030000,"Bitcoin Up or Down - May 17, 11:00AM-11:15AM ET",btc-updown-15m-1779030000,2026-05-17T15:15:00Z,,0.41,0.42,0.58,0.59,0.415,0.52,772.6159150000002,,15.0,5.0,2026-05-17T15:01:24.819Z,BRTI,78034.46,78030.03,78027.45947368421,38,Polymarket RTDS,77984.65238734483,78016.93440299988,0.8999999999999999,1.1199999999999999,
2026-05-17T15:01:27.284Z,2026-05-17T15:01:26.737Z,KXBTC15M-26MAY171115-15,BTC price up in next 15 mins?,KXBTC15M-26MAY171115,2026-05-17T15:15:00Z,active,0.32,0.33,0.67,0.68,0.325,0.28,21123.45,16794.16,286.22,636.92,2026-05-17T15:01:26.794Z,btc-updown-15m-1779030000,"Bitcoin Up or Down - May 17, 11:00AM-11:15AM ET",btc-updown-15m-1779030000,2026-05-17T15:15:00Z,,0.41,0.42,0.58,0.59,0.415,0.52,772.6159150000002,,40.21,12.0,2026-05-17T15:01:26.794Z,BRTI,78034.46,78030.03,78027.63897435897,39,Polymarket RTDS,77988.07484980494,78016.93440299988,0.9199999999999999,1.1,
2026-05-17T15:01:29.335Z,2026-05-17T15:01:28.734Z,KXBTC15M-26MAY171115-15,BTC price up in next 15 mins?,KXBTC15M-26MAY171115,2026-05-17T15:15:00Z,active,0.32,0.33,0.67,0.68,0.325,0.28,21123.45,16794.16,188.28,1033.0,2026-05-17T15:01:28.783Z,btc-updown-15m-1779030000,"Bitcoin Up or Down - May 17, 11:00AM-11:15AM ET",btc-updown-15m-1779030000,2026-05-17T15:15:00Z,,0.41,0.42,0.58,0.59,0.415,0.52,772.6159150000002,,97.0,26.23,2026-05-17T15:01:28.784Z,BRTI,78034.46,78030.03,78027.8095,40,Polymarket RTDS,77988.06284980493,78016.93440299988,0.9199999999999999,1.1,
2026-05-17T15:01:31.284Z,2026-05-17T15:01:30.727Z,KXBTC15M-26MAY171115-15,BTC price up in next 15 mins?,KXBTC15M-26MAY171115,2026-05-17T15:15:00Z,active,0.32,0.33,0.67,0.68,0.325,0.28,21123.45,16794.16,116.0,1195.78,2026-05-17T15:01:30.781Z,btc-updown-15m-1779030000,"Bitcoin Up or Down - May 17, 11:00AM-11:15AM ET",btc-updown-15m-1779030000,2026-05-17T15:15:00Z,,0.42,0.43,0.57,0.58,0.425,0.52,772.6159150000002,,55.0,263.85,2026-05-17T15:01:30.781Z,BRTI,78034.46,78030.03,78027.97170731708,41,Polymarket RTDS,77988.09313643827,78016.93440299988,0.9099999999999999,1.11,
2026-05-17T15:01:33.333Z,2026-05-17T15:01:32.724Z,KXBTC15M-26MAY171115-15,BTC price up in next 15 mins?,KXBTC15M-26MAY171115,2026-05-17T15:15:00Z,active,0.32,0.33,0.67,0.68,0.325,0.28,21123.45,16794.16,202.84,617.44,2026-05-17T15:01:32.775Z,btc-updown-15m-1779030000,"Bitcoin Up or Down - May 17, 11:00AM-11:15AM ET",btc-updown-15m-1779030000,2026-05-17T15:15:00Z,,0.42,0.43,0.57,0.58,0.425,0.52,772.6159150000002,,48.0,275.59,2026-05-17T15:01:32.775Z,BRTI,78024.57,78030.03,78027.89071428572,42,Polymarket RTDS,77989.04813643827,78016.93440299988,0.9099999999999999,1.11,
2026-05-17T15:01:35.259Z,2026-05-17T15:01:34.742Z,KXBTC15M-26MAY171115-15,BTC price up in next 15 mins?,KXBTC15M-26MAY171115,2026-05-17T15:15:00Z,active,0.32,0.33,0.67,0.68,0.325,0.28,21123.45,16794.16,178.65,1217.46,2026-05-17T15:01:34.796Z,btc-updown-15m-1779030000,"Bitcoin Up or Down - May 17, 11:00AM-11:15AM ET",btc-updown-15m-1779030000,2026-05-17T15:15:00Z,,0.42,0.43,0.57,0.58,0.425,0.52,772.6159150000002,,43.0,223.27,2026-05-17T15:01:34.796Z,BRTI,77981.17,78030.03,78026.80418604652,43,Polymarket RTDS,77989.04813643827,78016.93440299988,0.9099999999999999,1.11,
2026-05-17T15:01:37.299Z,2026-05-17T15:01:36.732Z,KXBTC15M-26MAY171115-15,BTC price up in next 15 mins?,KXBTC15M-26MAY171115,2026-05-17T15:15:00Z,active,0.32,0.33,0.67,0.68,0.325,0.33,35317.33,28490.15,10.0,197.98,2026-05-17T15:01:36.786Z,btc-updown-15m-1779030000,"Bitcoin Up or Down - May 17, 11:00AM-11:15AM ET",btc-updown-15m-1779030000,2026-05-17T15:15:00Z,,0.41,0.42,0.58,0.59,0.415,0.52,772.6159150000002,,4.25,228.62,2026-05-17T15:01:36.786Z,BRTI,78023.6,78030.03,78026.73136363637,44,Polymarket RTDS,77989.07792307161,78016.93440299988,0.9199999999999999,1.1,
2026-05-17T15:01:39.290Z,2026-05-17T15:01:38.730Z,KXBTC15M-26MAY171115-15,BTC price up in next 15 mins?,KXBTC15M-26MAY171115,2026-05-17T15:15:00Z,active,0.31,0.32,0.68,0.69,0.315,0.33,35317.33,28490.15,271.48,1075.0,2026-05-17T15:01:38.777Z,btc-updown-15m-1779030000,"Bitcoin Up or Down - May 17, 11:00AM-11:15AM ET",btc-updown-15m-1779030000,2026-05-17T15:15:00Z,,0.41,0.42,0.58,0.59,0.415,0.52,772.6159150000002,,17.05,248.76,2026-05-17T15:01:38.777Z,BRTI,77996.33,78030.03,78026.05577777779,45,Polymarket RTDS,77989.07842307161,78016.93440299988,0.9099999999999999,1.1099999999999999,
2026-05-17T15:01:41.251Z,2026-05-17T15:01:40.726Z,KXBTC15M-26MAY171115-15,BTC price up in next 15 mins?,KXBTC15M-26MAY171115,2026-05-17T15:15:00Z,active,0.34,0.35,0.65,0.66,0.345,0.33,35317.33,28490.15,802.57,53.01,2026-05-17T15:01:40.776Z,btc-updown-15m-1779030000,"Bitcoin Up or Down - May 17, 11:00AM-11:15AM ET",btc-updown-15m-1779030000,2026-05-17T15:15:00Z,,0.41,0.42,0.58,0.59,0.415,0.52,772.6159150000002,,126.23,47.0,2026-05-17T15:01:40.776Z,BRTI,77981.17,78030.03,78025.08,46,Polymarket RTDS,77989.0759230716,78016.93440299988,0.94,1.08,
2026-05-17T15:01:43.323Z,2026-05-17T15:01:42.731Z,KXBTC15M-26MAY171115-15,BTC price up in next 15 mins?,KXBTC15M-26MAY171115,2026-05-17T15:15:00Z,active,0.36,0.37,0.63,0.64,0.365,0.33,35317.33,28490.15,154.0,3545.81,2026-05-17T15:01:42.777Z,btc-updown-15m-1779030000,"Bitcoin Up or Down - May 17, 11:00AM-11:15AM ET",btc-updown-15m-1779030000,2026-05-17T15:15:00Z,,0.43,0.44,0.56,0.57,0.435,0.52,772.6159150000002,,100.9,76.45,2026-05-17T15:01:42.777Z,BRTI,77981.17,78030.03,78024.14574468085,47,Polymarket RTDS,77998.34587301587,78016.93440299988,0.94,1.08,
2026-05-17T15:01:45.323Z,2026-05-17T15:01:44.734Z,KXBTC15M-26MAY171115-15,BTC price up in next 15 mins?,KXBTC15M-26MAY171115,2026-05-17T15:15:00Z,active,0.35,0.36,0.64,0.65,0.355,0.33,35317.33,28490.15,114.82,99.0,2026-05-17T15:01:44.782Z,btc-updown-15m-1779030000,"Bitcoin Up or Down - May 17, 11:00AM-11:15AM ET",btc-updown-15m-1779030000,2026-05-17T15:15:00Z,,0.43,0.44,0.56,0.57,0.435,0.52,772.6159150000002,,165.9,15.0,2026-05-17T15:01:44.782Z,BRTI,77997.07,78030.03,78023.58166666667,48,Polymarket RTDS,77998.34637301587,78016.93440299988,0.9299999999999999,1.09,
2026-05-17T15:01:47.319Z,2026-05-17T15:01:46.750Z,KXBTC15M-26MAY171115-15,BTC price up in next 15 mins?,KXBTC15M-26MAY171115,2026-05-17T15:15:00Z,active,0.4,0.41,0.59,0.6,0.405,0.33,35317.33,28490.15,1838.0,25.0,2026-05-17T15:01:46.838Z,btc-updown-15m-1779030000,"Bitcoin Up or Down - May 17, 11:00AM-11:15AM ET",btc-updown-15m-1779030000,2026-05-17T15:15:00Z,,0.48,0.49,0.51,0.52,0.485,0.52,772.6159150000002,,158.62,32.15,2026-05-17T15:01:46.838Z,BRTI,77997.07,78030.03,78023.0406122449,49,Polymarket RTDS,78001.70077026838,78016.93440299988,0.9299999999999999,1.0899999999999999,
2026-05-17T15:01:49.278Z,2026-05-17T15:01:48.737Z,KXBTC15M-26MAY171115-15,BTC price up in next 15 mins?,KXBTC15M-26MAY171115,2026-05-17T15:15:00Z,active,0.43,0.44,0.56,0.57,0.435,0.33,35317.33,28490.15,1075.93,38.21,2026-05-17T15:01:48.783Z,btc-updown-15m-1779030000,"Bitcoin Up or Down - May 17, 11:00AM-11:15AM ET",btc-updown-15m-1779030000,2026-05-17T15:15:00Z,,0.5,0.51,0.49,0.5,0.505,0.52,772.6159150000002,,85.77,28.8,2026-05-17T15:01:48.783Z,BRTI,77996.57,78030.03,78022.51120000001,50,Polymarket RTDS,78006.21625,78016.93440299988,0.94,1.08,
2026-05-17T15:01:51.392Z,2026-05-17T15:01:50.735Z,KXBTC15M-26MAY171115-15,BTC price up in next 15 mins?,KXBTC15M-26MAY171115,2026-05-17T15:15:00Z,active,0.44,0.45,0.55,0.56,0.445,0.33,35317.33,28490.15,1267.0,2166.78,2026-05-17T15:01:50.782Z,btc-updown-15m-1779030000,"Bitcoin Up or Down - May 17, 11:00AM-11:15AM ET",btc-updown-15m-1779030000,2026-05-17T15:15:00Z,,0.5,0.51,0.49,0.5,0.505,0.52,772.6159150000002,,100.77,40.5,2026-05-17T15:01:50.782Z,BRTI,78011.29,78030.03,78022.2911764706,51,Polymarket RTDS,78008.07404290159,78016.93440299988,0.95,1.07,
2026-05-17T15:01:53.388Z,2026-05-17T15:01:52.724Z,KXBTC15M-26MAY171115-15,BTC price up in next 15 mins?,KXBTC15M-26MAY171115,2026-05-17T15:15:00Z,active,0.44,0.45,0.55,0.56,0.445,0.33,35317.33,28490.15,860.0,1350.12,2026-05-17T15:01:52.774Z,btc-updown-15m-1779030000,"Bitcoin Up or Down - May 17, 11:00AM-11:15AM ET",btc-updown-15m-1779030000,2026-05-17T15:15:00Z,,0.5,0.51,0.49,0.5,0.505,0.52,772.6159150000002,,135.35,165.5,2026-05-17T15:01:52.774Z,BRTI,77996.33,78030.03,78021.79192307693,52,Polymarket RTDS,78008.57788798271,78016.93440299988,0.95,1.07,
2026-05-17T15:01:55.278Z,2026-05-17T15:01:54.726Z,KXBTC15M-26MAY171115-15,BTC price up in next 15 mins?,KXBTC15M-26MAY171115,2026-05-17T15:15:00Z,active,0.44,0.45,0.55,0.56,0.445,0.33,35317.33,28490.15,841.76,1506.04,2026-05-17T15:01:54.786Z,btc-updown-15m-1779030000,"Bitcoin Up or Down - May 17, 11:00AM-11:15AM ET",btc-updown-15m-1779030000,2026-05-17T15:15:00Z,,0.5,0.51,0.49,0.5,0.505,0.52,772.6159150000002,,136.49,165.5,2026-05-17T15:01:54.786Z,BRTI,78019.2,78030.03,78021.74301886793,53,Polymarket RTDS,78009.20120471845,78016.93440299988,0.95,1.07,
2026-05-17T15:01:57.279Z,2026-05-17T15:01:56.739Z,KXBTC15M-26MAY171115-15,BTC price up in next 15 mins?,KXBTC15M-26MAY171115,2026-05-17T15:15:00Z,active,0.44,0.45,0.55,0.56,0.445,0.33,35317.33,28490.15,834.76,1601.95,2026-05-17T15:01:56.788Z,btc-updown-15m-1779030000,"Bitcoin Up or Down - May 17, 11:00AM-11:15AM ET",btc-updown-15m-1779030000,2026-05-17T15:15:00Z,,0.5,0.51,0.49,0.5,0.505,0.52,772.6159150000002,,94.49,167.24,2026-05-17T15:01:56.788Z,BRTI,77981.17,78030.03,78020.99166666667,54,Polymarket RTDS,78009.59065007909,78016.93440299988,0.95,1.07,
2026-05-17T15:01:59.274Z,2026-05-17T15:01:58.719Z,KXBTC15M-26MAY171115-15,BTC price up in next 15 mins?,KXBTC15M-26MAY171115,2026-05-17T15:15:00Z,active,0.45,0.46,0.54,0.55,0.455,0.33,35317.33,28490.15,640.63,580.05,2026-05-17T15:01:58.767Z,btc-updown-15m-1779030000,"Bitcoin Up or Down - May 17, 11:00AM-11:15AM ET",btc-updown-15m-1779030000,2026-05-17T15:15:00Z,,0.5,0.51,0.49,0.5,0.505,0.52,772.6159150000002,,94.49,163.31,2026-05-17T15:01:58.767Z,BRTI,77996.33,78030.03,78020.54327272727,55,Polymarket RTDS,78009.59555379584,78016.93440299988,0.96,1.06,
2026-05-17T15:02:01.284Z,2026-05-17T15:02:00.749Z,KXBTC15M-26MAY171115-15,BTC price up in next 15 mins?,KXBTC15M-26MAY171115,2026-05-17T15:15:00Z,active,0.5,0.51,0.49,0.5,0.505,0.33,35317.33,28490.15,1256.0,85.3,2026-05-17T15:02:00.796Z,btc-updown-15m-1779030000,"Bitcoin Up or Down - May 17, 11:00AM-11:15AM ET",btc-updown-15m-1779030000,2026-05-17T15:15:00Z,,0.5,0.51,0.49,0.5,0.505,0.52,772.6159150000002,,184.6,25.0,2026-05-17T15:02:00.796Z,BRTI,77996.33,78030.03,78020.11089285715,56,Polymarket RTDS,78009.76511382351,78016.93440299988,1.01,1.01,
2026-05-17T15:02:03.275Z,2026-05-17T15:02:02.729Z,KXBTC15M-26MAY171115-15,BTC price up in next 15 mins?,KXBTC15M-26MAY171115,2026-05-17T15:15:00Z,active,0.51,0.52,0.48,0.49,0.515,0.33,35317.33,28490.15,125.0,75.0,2026-05-17T15:02:02.794Z,btc-updown-15m-1779030000,"Bitcoin Up or Down - May 17, 11:00AM-11:15AM ET",btc-updown-15m-1779030000,2026-05-17T15:15:00Z,,0.54,0.55,0.45,0.46,0.545,0.52,772.6159150000002,,73.81,77.65,2026-05-17T15:02:02.794Z,BRTI,77996.33,78030.03,78019.69368421052,57,Polymarket RTDS,78018.23830696203,78016.93440299988,0.98,1.04,
2026-05-17T15:02:05.272Z,2026-05-17T15:02:04.735Z,KXBTC15M-26MAY171115-15,BTC price up in next 15 mins?,KXBTC15M-26MAY171115,2026-05-17T15:15:00Z,active,0.51,0.52,0.48,0.49,0.515,0.33,35317.33,28490.15,2695.0,31.88,2026-05-17T15:02:04.781Z,btc-updown-15m-1779030000,"Bitcoin Up or Down - May 17, 11:00AM-11:15AM ET",btc-updown-15m-1779030000,2026-05-17T15:15:00Z,,0.54,0.55,0.45,0.46,0.545,0.52,772.6159150000002,,193.62,27.65,2026-05-17T15:02:04.781Z,BRTI,77997.52,78030.03,78019.31137931035,58,Polymarket RTDS,78018.33233661848,78016.93440299988,0.98,1.04,
2026-05-17T15:02:07.262Z,2026-05-17T15:02:06.744Z,KXBTC15M-26MAY171115-15,BTC price up in next 15 mins?,KXBTC15M-26MAY171115,2026-05-17T15:15:00Z,active,0.51,0.52,0.48,0.49,0.515,0.52,49464.74,32578.83,1744.7,75.0,2026-05-17T15:02:06.790Z,btc-updown-15m-1779030000,"Bitcoin Up or Down - May 17, 11:00AM-11:15AM ET",btc-updown-15m-1779030000,2026-05-17T15:15:00Z,,0.54,0.55,0.45,0.46,0.545,0.52,772.6159150000002,,234.05,17.65,2026-05-17T15:02:06.790Z,BRTI,78011.29,78030.03,78019.17542372883,59,Polymarket RTDS,78018.51750065702,78016.93440299988,0.98,1.04,
2026-05-17T15:02:09.284Z,2026-05-17T15:02:08.735Z,KXBTC15M-26MAY171115-15,BTC price up in next 15 mins?,KXBTC15M-26MAY171115,2026-05-17T15:15:00Z,active,0.51,0.52,0.48,0.49,0.515,0.52,49464.74,32578.83,2552.66,41.49,2026-05-17T15:02:08.808Z,btc-updown-15m-1779030000,"Bitcoin Up or Down - May 17, 11:00AM-11:15AM ET",btc-updown-15m-1779030000,2026-05-17T15:15:00Z,,0.56,0.57,0.43,0.44,0.565,0.52,772.6159150000002,,269.51,30.0,2026-05-17T15:02:08.808Z,BRTI,77996.57,78030.03,78018.79866666667,60,Polymarket RTDS,78022.43611711475,78016.93440299988,0.96,1.06,
2026-05-17T15:02:11.297Z,2026-05-17T15:02:10.732Z,KXBTC15M-26MAY171115-15,BTC price up in next 15 mins?,KXBTC15M-26MAY171115,2026-05-17T15:15:00Z,active,0.51,0.52,0.48,0.49,0.515,0.52,49464.74,32578.83,2375.86,71.28,2026-05-17T15:02:10.792Z,btc-updown-15m-1779030000,"Bitcoin Up or Down - May 17, 11:00AM-11:15AM ET",btc-updown-15m-1779030000,2026-05-17T15:15:00Z,,0.57,0.58,0.42,0.43,0.575,0.52,772.6159150000002,,151.47,12.0,2026-05-17T15:02:10.792Z,BRTI,77997.52,78030.03,78018.20233333335,60,Polymarket RTDS,78022.251205,78016.93440299988,0.95,1.0699999999999998,
2026-05-17T15:02:13.323Z,2026-05-17T15:02:12.745Z,KXBTC15M-26MAY171115-15,BTC price up in next 15 mins?,KXBTC15M-26MAY171115,2026-05-17T15:15:00Z,active,0.52,0.53,0.47,0.48,0.525,0.52,49464.74,32578.83,2054.0,1742.91,2026-05-17T15:02:12.799Z,btc-updown-15m-1779030000,"Bitcoin Up or Down - May 17, 11:00AM-11:15AM ET",btc-updown-15m-1779030000,2026-05-17T15:15:00Z,,0.57,0.58,0.42,0.43,0.575,0.52,772.6159150000002,,171.58,2.0,2026-05-17T15:02:12.799Z,BRTI,77996.57,78030.03,78017.73566666667,60,Polymarket RTDS,78025.14679064509,78016.93440299988,0.96,1.06,
2026-05-17T15:02:15.334Z,2026-05-17T15:02:14.744Z,KXBTC15M-26MAY171115-15,BTC price up in next 15 mins?,KXBTC15M-26MAY171115,2026-05-17T15:15:00Z,active,0.52,0.53,0.47,0.48,0.525,0.52,49464.74,32578.83,2086.96,1536.07,2026-05-17T15:02:14.804Z,btc-updown-15m-1779030000,"Bitcoin Up or Down - May 17, 11:00AM-11:15AM ET",btc-updown-15m-1779030000,2026-05-17T15:15:00Z,,0.58,0.59,0.41,0.42,0.585,0.52,772.6159150000002,,139.76,236.57,2026-05-17T15:02:14.804Z,BRTI,78019.2,78030.03,78017.50066666667,60,Polymarket RTDS,78025.1512360657,78016.93440299988,0.95,1.0699999999999998,
2026-05-17T15:02:17.641Z,2026-05-17T15:02:16.739Z,KXBTC15M-26MAY171115-15,BTC price up in next 15 mins?,KXBTC15M-26MAY171115,2026-05-17T15:15:00Z,active,0.54,0.55,0.45,0.46,0.545,0.52,49464.74,32578.83,1581.17,79.27,2026-05-17T15:02:16.794Z,btc-updown-15m-1779030000,"Bitcoin Up or Down - May 17, 11:00AM-11:15AM ET",btc-updown-15m-1779030000,2026-05-17T15:15:00Z,,0.59,0.6,0.4,0.41,0.595,0.52,772.6159150000002,,238.84,58.94,2026-05-17T15:02:16.794Z,BRTI,77997.07,78030.03,78017.0585,60,Polymarket RTDS,78025.14973606571,78016.93440299988,0.96,1.06,
2026-05-17T15:02:19.255Z,2026-05-17T15:02:18.742Z,KXBTC15M-26MAY171115-15,BTC price up in next 15 mins?,KXBTC15M-26MAY171115,2026-05-17T15:15:00Z,active,0.57,0.58,0.42,0.43,0.575,0.52,49464.74,32578.83,1693.06,80.0,2026-05-17T15:02:18.790Z,btc-updown-15m-1779030000,"Bitcoin Up or Down - May 17, 11:00AM-11:15AM ET",btc-updown-15m-1779030000,2026-05-17T15:15:00Z,,0.62,0.63,0.37,0.38,0.625,0.52,772.6159150000002,,70.8,174.54,2026-05-17T15:02:18.790Z,BRTI,78011.28,78030.03,78016.67216666667,60,Polymarket RTDS,78025.1492360657,78016.93440299988,0.96,1.06,
2026-05-17T15:02:21.322Z,2026-05-17T15:02:20.747Z,KXBTC15M-26MAY171115-15,BTC price up in next 15 mins?,KXBTC15M-26MAY171115,2026-05-17T15:15:00Z,active,0.56,0.57,0.43,0.44,0.565,0.52,49464.74,32578.83,1482.0,233.0,2026-05-17T15:02:20.799Z,btc-updown-15m-1779030000,"Bitcoin Up or Down - May 17, 11:00AM-11:15AM ET",btc-updown-15m-1779030000,2026-05-17T15:15:00Z,,0.61,0.62,0.38,0.39,0.615,0.52,772.6159150000002,,56.24,87.06,2026-05-17T15:02:20.799Z,BRTI,78019.2,78030.03,78016.47966666667,60,Polymarket RTDS,78029.62724059001,78016.93440299988,0.96,1.06,
2026-05-17T15:02:23.280Z,2026-05-17T15:02:22.750Z,KXBTC15M-26MAY171115-15,BTC price up in next 15 mins?,KXBTC15M-26MAY171115,2026-05-17T15:15:00Z,active,0.56,0.57,0.43,0.44,0.565,0.52,49464.74,32578.83,1122.29,216.13,2026-05-17T15:02:22.804Z,btc-updown-15m-1779030000,"Bitcoin Up or Down - May 17, 11:00AM-11:15AM ET",btc-updown-15m-1779030000,2026-05-17T15:15:00Z,,0.59,0.6,0.4,0.41,0.595,0.52,772.6159150000002,,56.5,834.0,2026-05-17T15:02:22.804Z,BRTI,77999.13,78030.03,78015.95266666666,60,Polymarket RTDS,78030.05570941012,78016.93440299988,0.98,1.04,
2026-05-17T15:02:25.312Z,2026-05-17T15:02:24.742Z,KXBTC15M-26MAY171115-15,BTC price up in next 15 mins?,KXBTC15M-26MAY171115,2026-05-17T15:15:00Z,active,0.57,0.58,0.42,0.43,0.575,0.52,49464.74,32578.83,1356.19,1446.38,2026-05-17T15:02:24.791Z,btc-updown-15m-1779030000,"Bitcoin Up or Down - May 17, 11:00AM-11:15AM ET",btc-updown-15m-1779030000,2026-05-17T15:15:00Z,,0.59,0.6,0.4,0.41,0.595,0.52,772.6159150000002,,156.06,814.59,2026-05-17T15:02:24.791Z,BRTI,78042.57,78030.03,78016.10716666667,60,Polymarket RTDS,78030.38649361978,78016.93440299988,0.99,1.03,
2026-05-17T15:02:27.527Z,2026-05-17T15:02:26.734Z,KXBTC15M-26MAY171115-15,BTC price up in next 15 mins?,KXBTC15M-26MAY171115,2026-05-17T15:15:00Z,active,0.5,0.52,0.48,0.5,0.51,0.52,49464.74,32578.83,648.96,1000.0,2026-05-17T15:02:26.784Z,btc-updown-15m-1779030000,"Bitcoin Up or Down - May 17, 11:00AM-11:15AM ET",btc-updown-15m-1779030000,2026-05-17T15:15:00Z,,0.51,0.52,0.48,0.49,0.515,0.52,772.6159150000002,,216.78,18.84,2026-05-17T15:02:26.784Z,BRTI,78019.2,78030.03,78015.854,60,Polymarket RTDS,78030.82963166255,78016.93440299988,1.01,1.02,
2026-05-17T15:02:29.297Z,2026-05-17T15:02:28.748Z,KXBTC15M-26MAY171115-15,BTC price up in next 15 mins?,KXBTC15M-26MAY171115,2026-05-17T15:15:00Z,active,0.5,0.51,0.49,0.5,0.505,0.52,49464.74,32578.83,616.32,1066.0,2026-05-17T15:02:28.799Z,btc-updown-15m-1779030000,"Bitcoin Up or Down - May 17, 11:00AM-11:15AM ET",btc-updown-15m-1779030000,2026-05-17T15:15:00Z,,0.51,0.52,0.48,0.49,0.515,0.52,772.6159150000002,,300.89,68.94,2026-05-17T15:02:28.799Z,BRTI,78042.42,78030.03,78015.99883333333,60,Polymarket RTDS,78022.12189373425,78016.93440299988,1.0,1.02,
2026-05-17T15:02:31.336Z,2026-05-17T15:02:30.750Z,KXBTC15M-26MAY171115-15,BTC price up in next 15 mins?,KXBTC15M-26MAY171115,2026-05-17T15:15:00Z,active,0.5,0.51,0.49,0.5,0.505,0.52,49464.74,32578.83,147.52,3762.56,2026-05-17T15:02:30.804Z,btc-updown-15m-1779030000,"Bitcoin Up or Down - May 17, 11:00AM-11:15AM ET",btc-updown-15m-1779030000,2026-05-17T15:15:00Z,,0.51,0.52,0.48,0.49,0.515,0.52,772.6159150000002,,300.89,83.94,2026-05-17T15:02:30.804Z,BRTI,77981.17,78030.03,78015.29166666667,60,Polymarket RTDS,78021.84732373426,78016.93440299988,1.0,1.02,
2026-05-17T15:02:33.258Z,2026-05-17T15:02:32.735Z,KXBTC15M-26MAY171115-15,BTC price up in next 15 mins?,KXBTC15M-26MAY171115,2026-05-17T15:15:00Z,active,0.5,0.51,0.49,0.5,0.505,0.52,49464.74,32578.83,162.96,2622.56,2026-05-17T15:02:32.789Z,btc-updown-15m-1779030000,"Bitcoin Up or Down - May 17, 11:00AM-11:15AM ET",btc-updown-15m-1779030000,2026-05-17T15:15:00Z,,0.51,0.52,0.48,0.49,0.515,0.52,772.6159150000002,,336.5,56.24,2026-05-17T15:02:32.789Z,BRTI,77996.33,78030.03,78014.65616666667,60,Polymarket RTDS,78021.35134043262,78016.93440299988,1.0,1.02,
2026-05-17T15:02:35.325Z,2026-05-17T15:02:34.735Z,KXBTC15M-26MAY171115-15,BTC price up in next 15 mins?,KXBTC15M-26MAY171115,2026-05-17T15:15:00Z,active,0.47,0.48,0.52,0.53,0.475,0.52,49464.74,32578.83,165.0,10.0,2026-05-17T15:02:34.800Z,btc-updown-15m-1779030000,"Bitcoin Up or Down - May 17, 11:00AM-11:15AM ET",btc-updown-15m-1779030000,2026-05-17T15:15:00Z,,0.51,0.52,0.48,0.49,0.515,0.52,772.6159150000002,,67.8,131.79,2026-05-17T15:02:34.800Z,BRTI,78042.42,78030.03,78014.78883333334,60,Polymarket RTDS,78021.35284043262,78016.93440299988,0.97,1.05,
2026-05-17T15:02:37.303Z,2026-05-17T15:02:36.742Z,KXBTC15M-26MAY171115-15,BTC price up in next 15 mins?,KXBTC15M-26MAY171115,2026-05-17T15:15:00Z,active,0.48,0.49,0.51,0.52,0.485,0.48,63079.08,36972.57,125.0,1000.0,2026-05-17T15:02:36.792Z,btc-updown-15m-1779030000,"Bitcoin Up or Down - May 17, 11:00AM-11:15AM ET",btc-updown-15m-1779030000,2026-05-17T15:15:00Z,,0.51,0.52,0.48,0.49,0.515,0.52,772.6159150000002,,55.0,119.59,2026-05-17T15:02:36.792Z,BRTI,78019.2,78030.03,78014.71549999999,60,Polymarket RTDS,78020.5177590257,78016.93440299988,0.98,1.04,
2026-05-17T15:02:39.358Z,2026-05-17T15:02:38.749Z,KXBTC15M-26MAY171115-15,BTC price up in next 15 mins?,KXBTC15M-26MAY171115,2026-05-17T15:15:00Z,active,0.45,0.46,0.54,0.55,0.455,0.48,63079.08,36972.57,7.0,1242.88,2026-05-17T15:02:38.802Z,btc-updown-15m-1779030000,"Bitcoin Up or Down - May 17, 11:00AM-11:15AM ET",btc-updown-15m-1779030000,2026-05-17T15:15:00Z,,0.51,0.52,0.48,0.49,0.515,0.52,772.6159150000002,,5.0,154.81,2026-05-17T15:02:38.802Z,BRTI,78019.2,78030.03,78014.64216666667,60,Polymarket RTDS,78020.5157590257,78016.93440299988,0.95,1.07,
2026-05-17T15:02:41.259Z,2026-05-17T15:02:40.745Z,KXBTC15M-26MAY171115-15,BTC price up in next 15 mins?,KXBTC15M-26MAY171115,2026-05-17T15:15:00Z,active,0.44,0.45,0.55,0.56,0.445,0.48,63079.08,36972.57,44.71,125.0,2026-05-17T15:02:40.790Z,btc-updown-15m-1779030000,"Bitcoin Up or Down - May 17, 11:00AM-11:15AM ET",btc-updown-15m-1779030000,2026-05-17T15:15:00Z,,0.45,0.46,0.54,0.55,0.455,0.52,772.6159150000002,,17.8,44.69,2026-05-17T15:02:40.790Z,BRTI,77981.17,78030.03,78013.754,60,Polymarket RTDS,78013.63052891861,78016.93440299988,1.0,1.02,
2026-05-17T15:02:43.292Z,2026-05-17T15:02:42.740Z,KXBTC15M-26MAY171115-15,BTC price up in next 15 mins?,KXBTC15M-26MAY171115,2026-05-17T15:15:00Z,active,0.43,0.44,0.56,0.57,0.435,0.48,63079.08,36972.57,150.94,986.76,2026-05-17T15:02:42.799Z,btc-updown-15m-1779030000,"Bitcoin Up or Down - May 17, 11:00AM-11:15AM ET",btc-updown-15m-1779030000,2026-05-17T15:15:00Z,,0.46,0.47,0.53,0.54,0.46499999999999997,0.52,772.6159150000002,,270.14,20.13,2026-05-17T15:02:42.799Z,BRTI,78019.2,78030.03,78013.6645,60,Polymarket RTDS,78013.07790148657,78016.93440299988,0.98,1.04,
2026-05-17T15:02:45.354Z,2026-05-17T15:02:44.752Z,KXBTC15M-26MAY171115-15,BTC price up in next 15 mins?,KXBTC15M-26MAY171115,2026-05-17T15:15:00Z,active,0.42,0.43,0.57,0.58,0.425,0.48,63079.08,36972.57,2.05,2260.0,2026-05-17T15:02:44.803Z,btc-updown-15m-1779030000,"Bitcoin Up or Down - May 17, 11:00AM-11:15AM ET",btc-updown-15m-1779030000,2026-05-17T15:15:00Z,,0.45,0.46,0.54,0.55,0.455,0.52,772.6159150000002,,16.23,22.0,2026-05-17T15:02:44.803Z,BRTI,78019.2,78030.03,78013.42950000001,60,Polymarket RTDS,78011.078425,78016.93440299988,0.98,1.04,
2026-05-17T15:02:48.963Z,2026-05-17T15:02:46.737Z,KXBTC15M-26MAY171115-15,BTC price up in next 15 mins?,KXBTC15M-26MAY171115,2026-05-17T15:15:00Z,active,0.39,0.4,0.6,0.61,0.395,0.48,63079.08,36972.57,3150.0,988.46,2026-05-17T15:02:46.783Z,btc-updown-15m-1779030000,"Bitcoin Up or Down - May 17, 11:00AM-11:15AM ET",btc-updown-15m-1779030000,2026-05-17T15:15:00Z,,0.44,0.45,0.55,0.56,0.445,0.52,772.6159150000002,,19.63,12.8,2026-05-17T15:02:46.783Z,BRTI,78019.2,78030.03,78013.1945,60,Polymarket RTDS,78008.59936148762,78016.93440299988,0.9600000000000001,1.06,
2026-05-17T15:02:50.052Z,2026-05-17T15:02:49.453Z,KXBTC15M-26MAY171115-15,BTC price up in next 15 mins?,KXBTC15M-26MAY171115,2026-05-17T15:15:00Z,active,0.35,0.36,0.64,0.65,0.355,0.48,63079.08,36972.57,1568.94,1128.98,2026-05-17T15:02:49.519Z,btc-updown-15m-1779030000,"Bitcoin Up or Down - May 17, 11:00AM-11:15AM ET",btc-updown-15m-1779030000,2026-05-17T15:15:00Z,,0.4,0.43,0.57,0.6,0.41500000000000004,0.52,772.6159150000002,,7.85,41.8,2026-05-17T15:02:49.519Z,BRTI,77997.52,78030.03,78012.59816666666,60,Polymarket RTDS,78008.60536148761,78016.93440299988,0.96,1.08,
2026-05-17T15:02:51.965Z,2026-05-17T15:02:51.455Z,KXBTC15M-26MAY171115-15,BTC price up in next 15 mins?,KXBTC15M-26MAY171115,2026-05-17T15:15:00Z,active,0.35,0.36,0.64,0.65,0.355,0.48,63079.08,36972.57,1440.8,939.8,2026-05-17T15:02:51.504Z,btc-updown-15m-1779030000,"Bitcoin Up or Down - May 17, 11:00AM-11:15AM ET",btc-updown-15m-1779030000,2026-05-17T15:15:00Z,,0.37,0.38,0.62,0.63,0.375,0.52,772.6159150000002,,105.79,70.0,2026-05-17T15:02:51.504Z,BRTI,77996.57,78030.03,78011.986,60,Polymarket RTDS,78001.18413,78016.93440299988,0.99,1.03,
2026-05-17T15:02:53.975Z,2026-05-17T15:02:53.457Z,KXBTC15M-26MAY171115-15,BTC price up in next 15 mins?,KXBTC15M-26MAY171115,2026-05-17T15:15:00Z,active,0.36,0.38,0.62,0.64,0.37,0.48,63079.08,36972.57,125.0,1000.0,2026-05-17T15:02:53.510Z,btc-updown-15m-1779030000,"Bitcoin Up or Down - May 17, 11:00AM-11:15AM ET",btc-updown-15m-1779030000,2026-05-17T15:15:00Z,,0.37,0.38,0.62,0.63,0.375,0.52,772.6159150000002,,91.85,55.46,2026-05-17T15:02:53.510Z,BRTI,77997.07,78030.03,78011.74900000001,60,Polymarket RTDS,77998.21851158029,78016.93440299988,1.01,1.02,
2026-05-17T15:02:57.691Z,2026-05-17T15:02:55.452Z,KXBTC15M-26MAY171115-15,BTC price up in next 15 mins?,KXBTC15M-26MAY171115,2026-05-17T15:15:00Z,active,0.37,0.38,0.62,0.63,0.375,0.48,63079.08,36972.57,659.0,855.01,2026-05-17T15:02:55.503Z,btc-updown-15m-1779030000,"Bitcoin Up or Down - May 17, 11:00AM-11:15AM ET",btc-updown-15m-1779030000,2026-05-17T15:15:00Z,,0.38,0.4,0.6,0.62,0.39,0.52,772.6159150000002,,278.5,56.0,2026-05-17T15:02:55.503Z,BRTI,77997.07,78030.03,78011.138,60,Polymarket RTDS,78000.485695,78016.93440299988,1.0,1.03,
2026-05-17T15:02:59.103Z,2026-05-17T15:02:58.175Z,KXBTC15M-26MAY171115-15,BTC price up in next 15 mins?,KXBTC15M-26MAY171115,2026-05-17T15:15:00Z,active,0.37,0.38,0.62,0.63,0.375,0.48,63079.08,36972.57,454.51,502.44,2026-05-17T15:02:58.232Z,btc-updown-15m-1779030000,"Bitcoin Up or Down - May 17, 11:00AM-11:15AM ET",btc-updown-15m-1779030000,2026-05-17T15:15:00Z,,0.39,0.4,0.6,0.61,0.395,0.52,772.6159150000002,,391.86,9.0,2026-05-17T15:02:58.232Z,BRTI,77996.57,78030.03,78010.51866666667,60,Polymarket RTDS,78000.02981,78016.93440299988,0.99,1.03,
2026-05-17T15:03:00.725Z,2026-05-17T15:03:00.177Z,KXBTC15M-26MAY171115-15,BTC price up in next 15 mins?,KXBTC15M-26MAY171115,2026-05-17T15:15:00Z,active,0.37,0.38,0.62,0.63,0.375,0.48,63079.08,36972.57,33.83,525.0,2026-05-17T15:03:00.235Z,btc-updown-15m-1779030000,"Bitcoin Up or Down - May 17, 11:00AM-11:15AM ET",btc-updown-15m-1779030000,2026-05-17T15:15:00Z,,0.4,0.41,0.59,0.6,0.405,0.52,772.6159150000002,,220.41,48.76,2026-05-17T15:03:00.235Z,BRTI,77996.57,78030.03,78010.2735,60,Polymarket RTDS,78000.030535,78016.93440299988,0.98,1.04,
2026-05-17T15:03:02.868Z,2026-05-17T15:03:02.178Z,KXBTC15M-26MAY171115-15,BTC price up in next 15 mins?,KXBTC15M-26MAY171115,2026-05-17T15:15:00Z,active,0.36,0.37,0.63,0.64,0.365,0.48,63079.08,36972.57,1892.24,1018.39,2026-05-17T15:03:02.271Z,btc-updown-15m-1779030000,"Bitcoin Up or Down - May 17, 11:00AM-11:15AM ET",btc-updown-15m-1779030000,2026-05-17T15:15:00Z,,0.41,0.42,0.58,0.59,0.415,0.52,772.6159150000002,,12.0,109.29,2026-05-17T15:03:02.271Z,BRTI,77996.33,78030.03,78010.02433333333,60,Polymarket RTDS,78000.22431,78016.93440299988,0.96,1.06,
2026-05-17T15:03:04.728Z,2026-05-17T15:03:04.173Z,KXBTC15M-26MAY171115-15,BTC price up in next 15 mins?,KXBTC15M-26MAY171115,2026-05-17T15:15:00Z,active,0.45,0.46,0.54,0.55,0.455,0.48,63079.08,36972.57,1175.0,22.0,2026-05-17T15:03:04.225Z,btc-updown-15m-1779030000,"Bitcoin Up or Down - May 17, 11:00AM-11:15AM ET",btc-updown-15m-1779030000,2026-05-17T15:15:00Z,,0.41,0.42,0.58,0.59,0.415,0.52,772.6159150000002,,98.26,20.0,2026-05-17T15:03:04.225Z,BRTI,77981.17,78030.03,78009.725,60,Polymarket RTDS,78000.21169,78016.93440299988,1.05,0.97,
2026-05-17T15:03:06.724Z,2026-05-17T15:03:06.185Z,KXBTC15M-26MAY171115-15,BTC price up in next 15 mins?,KXBTC15M-26MAY171115,2026-05-17T15:15:00Z,active,0.47,0.48,0.52,0.53,0.475,0.48,63079.08,36972.57,114.97,994.0,2026-05-17T15:03:06.240Z,btc-updown-15m-1779030000,"Bitcoin Up or Down - May 17, 11:00AM-11:15AM ET",btc-updown-15m-1779030000,2026-05-17T15:15:00Z,,0.46,0.47,0.53,0.54,0.46499999999999997,0.52,772.6159150000002,,143.13,10.02,2026-05-17T15:03:06.240Z,BRTI,77981.17,78030.03,78008.849,60,Polymarket RTDS,78010.11229286679,78016.93440299988,1.02,1.0,
2026-05-17T15:03:10.407Z,2026-05-17T15:03:08.184Z,KXBTC15M-26MAY171115-15,BTC price up in next 15 mins?,KXBTC15M-26MAY171115,2026-05-17T15:15:00Z,active,0.47,0.48,0.52,0.53,0.475,0.48,73109.66,43367.97,109.09,1015.96,2026-05-17T15:03:08.232Z,btc-updown-15m-1779030000,"Bitcoin Up or Down - May 17, 11:00AM-11:15AM ET",btc-updown-15m-1779030000,2026-05-17T15:15:00Z,,0.48,0.49,0.51,0.52,0.485,0.52,772.6159150000002,,287.94,26.82,2026-05-17T15:03:08.232Z,BRTI,77981.17,78030.03,78007.98016666668,60,Polymarket RTDS,78011.475345,78016.93440299988,1.0,1.02,
2026-05-17T15:03:11.459Z,2026-05-17T15:03:10.904Z,KXBTC15M-26MAY171115-15,BTC price up in next 15 mins?,KXBTC15M-26MAY171115,2026-05-17T15:15:00Z,active,0.47,0.48,0.52,0.53,0.475,0.48,73109.66,43367.97,32.21,905.91,2026-05-17T15:03:10.954Z,btc-updown-15m-1779030000,"Bitcoin Up or Down - May 17, 11:00AM-11:15AM ET",btc-updown-15m-1779030000,2026-05-17T15:15:00Z,,0.49,0.5,0.5,0.51,0.495,0.52,772.6159150000002,,132.0,156.17,2026-05-17T15:03:10.954Z,BRTI,77981.17,78030.03,78007.092,60,Polymarket RTDS,78011.7733,78016.93440299988,0.99,1.03,
2026-05-17T15:03:13.406Z,2026-05-17T15:03:12.892Z,KXBTC15M-26MAY171115-15,BTC price up in next 15 mins?,KXBTC15M-26MAY171115,2026-05-17T15:15:00Z,active,0.46,0.47,0.53,0.54,0.46499999999999997,0.48,73109.66,43367.97,1807.04,60.26,2026-05-17T15:03:12.941Z,btc-updown-15m-1779030000,"Bitcoin Up or Down - May 17, 11:00AM-11:15AM ET",btc-updown-15m-1779030000,2026-05-17T15:15:00Z,,0.49,0.5,0.5,0.51,0.495,0.52,772.6159150000002,,222.9,156.17,2026-05-17T15:03:12.942Z,BRTI,78009.11,78030.03,78006.68166666667,60,Polymarket RTDS,78011.786585,78016.93440299988,0.98,1.04,
2026-05-17T15:03:15.457Z,2026-05-17T15:03:14.902Z,KXBTC15M-26MAY171115-15,BTC price up in next 15 mins?,KXBTC15M-26MAY171115,2026-05-17T15:15:00Z,active,0.46,0.48,0.52,0.54,0.47,0.48,73109.66,43367.97,1741.26,2148.98,2026-05-17T15:03:14.955Z,btc-updown-15m-1779030000,"Bitcoin Up or Down - May 17, 11:00AM-11:15AM ET",btc-updown-15m-1779030000,2026-05-17T15:15:00Z,,0.49,0.5,0.5,0.51,0.495,0.52,772.6159150000002,,192.9,15.8,2026-05-17T15:03:14.956Z,BRTI,77996.33,78030.03,78006.0655,60,Polymarket RTDS,78011.77751,78016.93440299988,0.99,1.04,
2026-05-17T15:03:17.418Z,2026-05-17T15:03:16.896Z,KXBTC15M-26MAY171115-15,BTC price up in next 15 mins?,KXBTC15M-26MAY171115,2026-05-17T15:15:00Z,active,0.47,0.48,0.52,0.53,0.475,0.48,73109.66,43367.97,56.09,112.94,2026-05-17T15:03:16.949Z,btc-updown-15m-1779030000,"Bitcoin Up or Down - May 17, 11:00AM-11:15AM ET",btc-updown-15m-1779030000,2026-05-17T15:15:00Z,,0.49,0.5,0.5,0.51,0.495,0.52,772.6159150000002,,201.48,15.8,2026-05-17T15:03:16.949Z,BRTI,77997.52,78030.03,78005.46916666668,60,Polymarket RTDS,78011.86744,78016.93440299988,0.99,1.03,
2026-05-17T15:03:19.415Z,2026-05-17T15:03:18.907Z,KXBTC15M-26MAY171115-15,BTC price up in next 15 mins?,KXBTC15M-26MAY171115,2026-05-17T15:15:00Z,active,0.49,0.5,0.5,0.51,0.495,0.48,73109.66,43367.97,1256.74,41.16,2026-05-17T15:03:18.959Z,btc-updown-15m-1779030000,"Bitcoin Up or Down - May 17, 11:00AM-11:15AM ET",btc-updown-15m-1779030000,2026-05-17T15:15:00Z,,0.5,0.51,0.49,0.5,0.505,0.52,772.6159150000002,,144.0,5.0,2026-05-17T15:03:18.959Z,BRTI,78009.11,78030.03,78005.066,60,Polymarket RTDS,78013.32393744406,78016.93440299988,1.0,1.02,
2026-05-17T15:03:21.458Z,2026-05-17T15:03:20.898Z,KXBTC15M-26MAY171115-15,BTC price up in next 15 mins?,KXBTC15M-26MAY171115,2026-05-17T15:15:00Z,active,0.58,0.59,0.41,0.42,0.585,0.48,73109.66,43367.97,1222.0,1053.87,2026-05-17T15:03:20.943Z,btc-updown-15m-1779030000,"Bitcoin Up or Down - May 17, 11:00AM-11:15AM ET",btc-updown-15m-1779030000,2026-05-17T15:15:00Z,,0.52,0.54,0.46,0.48,0.53,0.52,772.6159150000002,,20.82,15.0,2026-05-17T15:03:20.943Z,BRTI,78042.57,78030.03,78005.38216666666,60,Polymarket RTDS,78018.21167279471,78016.93440299988,1.0699999999999998,0.96,
2026-05-17T15:03:23.447Z,2026-05-17T15:03:22.908Z,KXBTC15M-26MAY171115-15,BTC price up in next 15 mins?,KXBTC15M-26MAY171115,2026-05-17T15:15:00Z,active,0.46,0.47,0.53,0.54,0.46499999999999997,0.48,73109.66,43367.97,527.39,1078.68,2026-05-17T15:03:22.963Z,btc-updown-15m-1779030000,"Bitcoin Up or Down - May 17, 11:00AM-11:15AM ET",btc-updown-15m-1779030000,2026-05-17T15:15:00Z,,0.5,0.51,0.49,0.5,0.505,0.52,772.6159150000002,,60.62,37.22,2026-05-17T15:03:22.963Z,BRTI,77996.33,78030.03,78005.63483333333,60,Polymarket RTDS,78026.155,78016.93440299988,0.97,1.05,
2026-05-17T15:03:25.415Z,2026-05-17T15:03:24.906Z,KXBTC15M-26MAY171115-15,BTC price up in next 15 mins?,KXBTC15M-26MAY171115,2026-05-17T15:15:00Z,active,0.46,0.47,0.53,0.54,0.46499999999999997,0.48,73109.66,43367.97,10.0,133.74,2026-05-17T15:03:24.954Z,btc-updown-15m-1779030000,"Bitcoin Up or Down - May 17, 11:00AM-11:15AM ET",btc-updown-15m-1779030000,2026-05-17T15:15:00Z,,0.5,0.51,0.49,0.5,0.505,0.52,772.6159150000002,,74.42,56.0,2026-05-17T15:03:24.954Z,BRTI,77996.33,78030.03,78005.16416666667,60,Polymarket RTDS,78019.2252857396,78016.93440299988,0.97,1.05,
2026-05-17T15:03:27.454Z,2026-05-17T15:03:26.899Z,KXBTC15M-26MAY171115-15,BTC price up in next 15 mins?,KXBTC15M-26MAY171115,2026-05-17T15:15:00Z,active,0.46,0.47,0.53,0.54,0.46499999999999997,0.48,73109.66,43367.97,2135.0,10.0,2026-05-17T15:03:26.961Z,btc-updown-15m-1779030000,"Bitcoin Up or Down - May 17, 11:00AM-11:15AM ET",btc-updown-15m-1779030000,2026-05-17T15:15:00Z,,0.5,0.51,0.49,0.5,0.505,0.52,772.6159150000002,,3.98,69.0,2026-05-17T15:03:26.961Z,BRTI,77997.52,78030.03,78004.5485,60,Polymarket RTDS,78017.96984810327,78016.93440299988,0.97,1.05,
2026-05-17T15:03:29.479Z,2026-05-17T15:03:28.905Z,KXBTC15M-26MAY171115-15,BTC price up in next 15 mins?,KXBTC15M-26MAY171115,2026-05-17T15:15:00Z,active,0.47,0.49,0.51,0.53,0.48,0.48,73109.66,43367.97,232.91,1158.04,2026-05-17T15:03:28.950Z,btc-updown-15m-1779030000,"Bitcoin Up or Down - May 17, 11:00AM-11:15AM ET",btc-updown-15m-1779030000,2026-05-17T15:15:00Z,,0.5,0.51,0.49,0.5,0.505,0.52,772.6159150000002,,99.47,14.19,2026-05-17T15:03:28.950Z,BRTI,77996.57,78030.03,78003.917,60,Polymarket RTDS,78016.76218449418,78016.93440299988,0.99,1.04,
2026-05-17T15:03:31.423Z,2026-05-17T15:03:30.895Z,KXBTC15M-26MAY171115-15,BTC price up in next 15 mins?,KXBTC15M-26MAY171115,2026-05-17T15:15:00Z,active,0.47,0.49,0.51,0.53,0.48,0.48,73109.66,43367.97,206.1,1096.04,2026-05-17T15:03:30.952Z,btc-updown-15m-1779030000,"Bitcoin Up or Down - May 17, 11:00AM-11:15AM ET",btc-updown-15m-1779030000,2026-05-17T15:15:00Z,,0.5,0.51,0.49,0.5,0.505,0.52,772.6159150000002,,104.47,14.19,2026-05-17T15:03:30.952Z,BRTI,77996.33,78030.03,78003.2815,60,Polymarket RTDS,78016.1896975809,78016.93440299988,0.99,1.04,
2026-05-17T15:03:33.387Z,2026-05-17T15:03:32.897Z,KXBTC15M-26MAY171115-15,BTC price up in next 15 mins?,KXBTC15M-26MAY171115,2026-05-17T15:15:00Z,active,0.47,0.49,0.51,0.53,0.48,0.48,73109.66,43367.97,563.24,977.24,2026-05-17T15:03:32.949Z,btc-updown-15m-1779030000,"Bitcoin Up or Down - May 17, 11:00AM-11:15AM ET",btc-updown-15m-1779030000,2026-05-17T15:15:00Z,,0.5,0.51,0.49,0.5,0.505,0.52,772.6159150000002,,55.47,23.69,2026-05-17T15:03:32.949Z,BRTI,78042.42,78030.03,78003.41416666665,60,Polymarket RTDS,78015.7393,78016.93440299988,0.99,1.04,
2026-05-17T15:03:35.432Z,2026-05-17T15:03:34.908Z,KXBTC15M-26MAY171115-15,BTC price up in next 15 mins?,KXBTC15M-26MAY171115,2026-05-17T15:15:00Z,active,0.47,0.49,0.51,0.53,0.48,0.48,73109.66,43367.97,35.24,866.39,2026-05-17T15:03:34.952Z,btc-updown-15m-1779030000,"Bitcoin Up or Down - May 17, 11:00AM-11:15AM ET",btc-updown-15m-1779030000,2026-05-17T15:15:00Z,,0.5,0.51,0.49,0.5,0.505,0.52,772.6159150000002,,55.47,23.69,2026-05-17T15:03:34.952Z,BRTI,78009.11,78030.03,78003.1565,60,Polymarket RTDS,78015.771365,78016.93440299988,0.99,1.04,
2026-05-17T15:03:37.395Z,2026-05-17T15:03:36.890Z,KXBTC15M-26MAY171115-15,BTC price up in next 15 mins?,KXBTC15M-26MAY171115,2026-05-17T15:15:00Z,active,0.47,0.48,0.52,0.53,0.475,0.47,80680.33,43779.26,126.0,130.0,2026-05-17T15:03:36.940Z,btc-updown-15m-1779030000,"Bitcoin Up or Down - May 17, 11:00AM-11:15AM ET",btc-updown-15m-1779030000,2026-05-17T15:15:00Z,,0.5,0.51,0.49,0.5,0.505,0.52,772.6159150000002,,40.47,26.55,2026-05-17T15:03:36.940Z,BRTI,78026.73,78030.03,78003.91583333333,60,Polymarket RTDS,78015.882985,78016.93440299988,0.98,1.04,
2026-05-17T15:03:39.455Z,2026-05-17T15:03:38.903Z,KXBTC15M-26MAY171115-15,BTC price up in next 15 mins?,KXBTC15M-26MAY171115,2026-05-17T15:15:00Z,active,0.47,0.48,0.52,0.53,0.475,0.47,80680.33,43779.26,126.08,11.02,2026-05-17T15:03:38.959Z,btc-updown-15m-1779030000,"Bitcoin Up or Down - May 17, 11:00AM-11:15AM ET",btc-updown-15m-1779030000,2026-05-17T15:15:00Z,,0.5,0.51,0.49,0.5,0.505,0.52,772.6159150000002,,45.47,26.55,2026-05-17T15:03:38.959Z,BRTI,78026.73,78030.03,78003.96800000001,60,Polymarket RTDS,78015.934765,78016.93440299988,0.98,1.04,
2026-05-17T15:03:41.457Z,2026-05-17T15:03:40.907Z,KXBTC15M-26MAY171115-15,BTC price up in next 15 mins?,KXBTC15M-26MAY171115,2026-05-17T15:15:00Z,active,0.48,0.49,0.51,0.52,0.485,0.47,80680.33,43779.26,134.28,1064.25,2026-05-17T15:03:40.961Z,btc-updown-15m-1779030000,"Bitcoin Up or Down - May 17, 11:00AM-11:15AM ET",btc-updown-15m-1779030000,2026-05-17T15:15:00Z,,0.5,0.51,0.49,0.5,0.505,0.52,772.6159150000002,,45.47,26.55,2026-05-17T15:03:40.961Z,BRTI,78026.73,78030.03,78004.47466666668,60,Polymarket RTDS,78016.38333,78016.93440299988,0.99,1.03,
2026-05-17T15:03:43.459Z,2026-05-17T15:03:42.901Z,KXBTC15M-26MAY171115-15,BTC price up in next 15 mins?,KXBTC15M-26MAY171115,2026-05-17T15:15:00Z,active,0.48,0.49,0.51,0.52,0.485,0.47,80680.33,43779.26,613.42,941.41,2026-05-17T15:03:42.951Z,btc-updown-15m-1779030000,"Bitcoin Up or Down - May 17, 11:00AM-11:15AM ET",btc-updown-15m-1779030000,2026-05-17T15:15:00Z,,0.5,0.51,0.49,0.5,0.505,0.52,772.6159150000002,,45.47,26.55,2026-05-17T15:03:42.951Z,BRTI,78021.44,78030.03,78005.14583333333,60,Polymarket RTDS,78016.401755,78016.93440299988,0.99,1.03,
2026-05-17T15:03:45.416Z,2026-05-17T15:03:44.907Z,KXBTC15M-26MAY171115-15,BTC price up in next 15 mins?,KXBTC15M-26MAY171115,2026-05-17T15:15:00Z,active,0.48,0.49,0.51,0.52,0.485,0.47,80680.33,43779.26,770.45,266.41,2026-05-17T15:03:44.964Z,btc-updown-15m-1779030000,"Bitcoin Up or Down - May 17, 11:00AM-11:15AM ET",btc-updown-15m-1779030000,2026-05-17T15:15:00Z,,0.5,0.51,0.49,0.5,0.505,0.52,772.6159150000002,,45.47,26.55,2026-05-17T15:03:44.964Z,BRTI,78042.42,78030.03,78006.16666666667,60,Polymarket RTDS,78016.401755,78016.93440299988,0.99,1.03,
2026-05-17T15:03:47.437Z,2026-05-17T15:03:46.891Z,KXBTC15M-26MAY171115-15,BTC price up in next 15 mins?,KXBTC15M-26MAY171115,2026-05-17T15:15:00Z,active,0.48,0.49,0.51,0.52,0.485,0.47,80680.33,43779.26,394.67,177.89,2026-05-17T15:03:46.941Z,btc-updown-15m-1779030000,"Bitcoin Up or Down - May 17, 11:00AM-11:15AM ET",btc-updown-15m-1779030000,2026-05-17T15:15:00Z,,0.5,0.51,0.49,0.5,0.505,0.52,772.6159150000002,,45.47,23.21,2026-05-17T15:03:46.941Z,BRTI,78026.74,78030.03,78006.66116666667,60,Polymarket RTDS,78016.652175,78016.93440299988,0.99,1.03,
2026-05-17T15:03:49.813Z,2026-05-17T15:03:48.895Z,KXBTC15M-26MAY171115-15,BTC price up in next 15 mins?,KXBTC15M-26MAY171115,2026-05-17T15:15:00Z,active,0.47,0.49,0.51,0.53,0.48,0.47,80680.33,43779.26,2585.37,768.7,2026-05-17T15:03:48.953Z,btc-updown-15m-1779030000,"Bitcoin Up or Down - May 17, 11:00AM-11:15AM ET",btc-updown-15m-1779030000,2026-05-17T15:15:00Z,,0.5,0.51,0.49,0.5,0.505,0.52,772.6159150000002,,45.47,23.21,2026-05-17T15:03:48.953Z,BRTI,78026.74,78030.03,78007.15566666666,60,Polymarket RTDS,78016.43993,78016.93440299988,0.99,1.04,
2026-05-17T15:03:51.420Z,2026-05-17T15:03:50.899Z,KXBTC15M-26MAY171115-15,BTC price up in next 15 mins?,KXBTC15M-26MAY171115,2026-05-17T15:15:00Z,active,0.48,0.49,0.51,0.52,0.485,0.47,80680.33,43779.26,164.56,364.65,2026-05-17T15:03:50.957Z,btc-updown-15m-1779030000,"Bitcoin Up or Down - May 17, 11:00AM-11:15AM ET",btc-updown-15m-1779030000,2026-05-17T15:15:00Z,,0.5,0.51,0.49,0.5,0.505,0.52,772.6159150000002,,42.23,23.21,2026-05-17T15:03:50.957Z,BRTI,78042.57,78030.03,78007.92233333334,60,Polymarket RTDS,78016.681935,78016.93440299988,0.99,1.03,
2026-05-17T15:03:53.508Z,2026-05-17T15:03:52.896Z,KXBTC15M-26MAY171115-15,BTC price up in next 15 mins?,KXBTC15M-26MAY171115,2026-05-17T15:15:00Z,active,0.48,0.49,0.51,0.52,0.485,0.47,80680.33,43779.26,181.57,899.92,2026-05-17T15:03:52.946Z,btc-updown-15m-1779030000,"Bitcoin Up or Down - May 17, 11:00AM-11:15AM ET",btc-updown-15m-1779030000,2026-05-17T15:15:00Z,,0.5,0.51,0.49,0.5,0.505,0.52,772.6159150000002,,62.23,13.21,2026-05-17T15:03:52.946Z,BRTI,78042.57,78030.03,78008.44366666667,60,Polymarket RTDS,78016.666275,78016.93440299988,0.99,1.03,
2026-05-17T15:03:55.469Z,2026-05-17T15:03:54.908Z,KXBTC15M-26MAY171115-15,BTC price up in next 15 mins?,KXBTC15M-26MAY171115,2026-05-17T15:15:00Z,active,0.48,0.49,0.51,0.52,0.485,0.47,80680.33,43779.26,81.57,1801.08,2026-05-17T15:03:54.963Z,btc-updown-15m-1779030000,"Bitcoin Up or Down - May 17, 11:00AM-11:15AM ET",btc-updown-15m-1779030000,2026-05-17T15:15:00Z,,0.5,0.51,0.49,0.5,0.505,0.52,772.6159150000002,,62.23,9.88,2026-05-17T15:03:54.963Z,BRTI,78026.34,78030.03,78008.94383333334,60,Polymarket RTDS,78017.232575,78016.93440299988,0.99,1.03,
2026-05-17T15:03:57.426Z,2026-05-17T15:03:56.902Z,KXBTC15M-26MAY171115-15,BTC price up in next 15 mins?,KXBTC15M-26MAY171115,2026-05-17T15:15:00Z,active,0.48,0.49,0.51,0.52,0.485,0.47,80680.33,43779.26,186.57,1189.27,2026-05-17T15:03:56.950Z,btc-updown-15m-1779030000,"Bitcoin Up or Down - May 17, 11:00AM-11:15AM ET",btc-updown-15m-1779030000,2026-05-17T15:15:00Z,,0.5,0.51,0.49,0.5,0.505,0.52,772.6159150000002,,39.76,9.88,2026-05-17T15:03:56.950Z,BRTI,78009.11,78030.03,78008.77566666667,60,Polymarket RTDS,78017.182505,78016.93440299988,0.99,1.03,
2026-05-17T15:03:59.437Z,2026-05-17T15:03:58.892Z,KXBTC15M-26MAY171115-15,BTC price up in next 15 mins?,KXBTC15M-26MAY171115,2026-05-17T15:15:00Z,active,0.48,0.49,0.51,0.52,0.485,0.47,80680.33,43779.26,69.58,1076.29,2026-05-17T15:03:58.945Z,btc-updown-15m-1779030000,"Bitcoin Up or Down - May 17, 11:00AM-11:15AM ET",btc-updown-15m-1779030000,2026-05-17T15:15:00Z,,0.5,0.51,0.49,0.5,0.505,0.52,772.6159150000002,,39.76,9.88,2026-05-17T15:03:58.945Z,BRTI,78042.42,78030.03,78009.7965,60,Polymarket RTDS,78017.18419,78016.93440299988,0.99,1.03,
2026-05-17T15:04:01.775Z,2026-05-17T15:04:00.900Z,KXBTC15M-26MAY171115-15,BTC price up in next 15 mins?,KXBTC15M-26MAY171115,2026-05-17T15:15:00Z,active,0.48,0.49,0.51,0.52,0.485,0.47,80680.33,43779.26,119.58,1032.29,2026-05-17T15:04:00.951Z,btc-updown-15m-1779030000,"Bitcoin Up or Down - May 17, 11:00AM-11:15AM ET",btc-updown-15m-1779030000,2026-05-17T15:15:00Z,,0.5,0.51,0.49,0.5,0.505,0.52,772.6159150000002,,39.76,6.54,2026-05-17T15:04:00.951Z,BRTI,78026.34,78030.03,78010.29666666666,60,Polymarket RTDS,78017.185915,78016.93440299988,0.99,1.03,
2026-05-17T15:04:03.664Z,2026-05-17T15:04:02.908Z,KXBTC15M-26MAY171115-15,BTC price up in next 15 mins?,KXBTC15M-26MAY171115,2026-05-17T15:15:00Z,active,0.48,0.49,0.51,0.52,0.485,0.47,80680.33,43779.26,143.59,961.64,2026-05-17T15:04:02.968Z,btc-updown-15m-1779030000,"Bitcoin Up or Down - May 17, 11:00AM-11:15AM ET",btc-updown-15m-1779030000,2026-05-17T15:15:00Z,,0.5,0.51,0.49,0.5,0.505,0.52,772.6159150000002,,59.76,3.2,2026-05-17T15:04:02.968Z,BRTI,78026.34,78030.03,78010.79683333334,60,Polymarket RTDS,78017.20442,78016.93440299988,0.99,1.03,
2026-05-17T15:04:05.533Z,2026-05-17T15:04:04.914Z,KXBTC15M-26MAY171115-15,BTC price up in next 15 mins?,KXBTC15M-26MAY171115,2026-05-17T15:15:00Z,active,0.48,0.5,0.5,0.52,0.49,0.47,80680.33,43779.26,631.59,1161.41,2026-05-17T15:04:04.966Z,btc-updown-15m-1779030000,"Bitcoin Up or Down - May 17, 11:00AM-11:15AM ET",btc-updown-15m-1779030000,2026-05-17T15:15:00Z,,0.5,0.51,0.49,0.5,0.505,0.52,772.6159150000002,,79.52,3.2,2026-05-17T15:04:04.966Z,BRTI,78026.73,78030.03,78011.3035,60,Polymarket RTDS,78017.438975,78016.93440299988,1.0,1.03,
2026-05-17T15:04:07.430Z,2026-05-17T15:04:06.894Z,KXBTC15M-26MAY171115-15,BTC price up in next 15 mins?,KXBTC15M-26MAY171115,2026-05-17T15:15:00Z,active,0.48,0.49,0.51,0.52,0.485,0.48,92029.48,53412.15,3758.29,16.0,2026-05-17T15:04:06.940Z,btc-updown-15m-1779030000,"Bitcoin Up or Down - May 17, 11:00AM-11:15AM ET",btc-updown-15m-1779030000,2026-05-17T15:15:00Z,,0.51,0.52,0.48,0.49,0.515,0.52,772.6159150000002,,169.03,4.67,2026-05-17T15:04:06.940Z,BRTI,78026.08,78030.03,78011.7795,60,Polymarket RTDS,78017.419375,78016.93440299988,0.98,1.04,
2026-05-17T15:04:10.440Z,2026-05-17T15:04:08.904Z,KXBTC15M-26MAY171115-15,BTC price up in next 15 mins?,KXBTC15M-26MAY171115,2026-05-17T15:15:00Z,active,0.48,0.5,0.5,0.52,0.49,0.48,92029.48,53412.15,1176.59,115.0,2026-05-17T15:04:08.954Z,btc-updown-15m-1779030000,"Bitcoin Up or Down - May 17, 11:00AM-11:15AM ET",btc-updown-15m-1779030000,2026-05-17T15:15:00Z,,0.51,0.52,0.48,0.49,0.515,0.52,772.6159150000002,,100.16,9.67,2026-05-17T15:04:08.954Z,BRTI,78009.11,78030.03,78011.74316666667,60,Polymarket RTDS,78017.815935,78016.93440299988,0.99,1.04,
2026-05-17T15:04:11.552Z,2026-05-17T15:04:10.938Z,KXBTC15M-26MAY171115-15,BTC price up in next 15 mins?,KXBTC15M-26MAY171115,2026-05-17T15:15:00Z,active,0.53,0.54,0.46,0.47,0.535,0.48,92029.48,53412.15,1175.0,28.0,2026-05-17T15:04:10.992Z,btc-updown-15m-1779030000,"Bitcoin Up or Down - May 17, 11:00AM-11:15AM ET",btc-updown-15m-1779030000,2026-05-17T15:15:00Z,,0.54,0.55,0.45,0.46,0.545,0.52,772.6159150000002,,240.99,22.8,2026-05-17T15:04:10.992Z,BRTI,78026.34,78030.03,78012.23933333335,60,Polymarket RTDS,78017.844035,78016.93440299988,1.0,1.02,
2026-05-17T15:04:13.463Z,2026-05-17T15:04:12.929Z,KXBTC15M-26MAY171115-15,BTC price up in next 15 mins?,KXBTC15M-26MAY171115,2026-05-17T15:15:00Z,active,0.53,0.55,0.45,0.47,0.54,0.48,92029.48,53412.15,240.69,1106.45,2026-05-17T15:04:12.983Z,btc-updown-15m-1779030000,"Bitcoin Up or Down - May 17, 11:00AM-11:15AM ET",btc-updown-15m-1779030000,2026-05-17T15:15:00Z,,0.55,0.56,0.44,0.45,0.555,0.52,772.6159150000002,,67.99,25.0,2026-05-17T15:04:12.983Z,BRTI,78042.57,78030.03,78012.99016666667,60,Polymarket RTDS,78018.420965,78016.93440299988,1.0,1.03,
2026-05-17T15:04:15.490Z,2026-05-17T15:04:14.937Z,KXBTC15M-26MAY171115-15,BTC price up in next 15 mins?,KXBTC15M-26MAY171115,2026-05-17T15:15:00Z,active,0.53,0.54,0.46,0.47,0.535,0.48,92029.48,53412.15,239.98,52.0,2026-05-17T15:04:14.993Z,btc-updown-15m-1779030000,"Bitcoin Up or Down - May 17, 11:00AM-11:15AM ET",btc-updown-15m-1779030000,2026-05-17T15:15:00Z,,0.56,0.57,0.43,0.44,0.565,0.52,772.6159150000002,,78.71,99.85,2026-05-17T15:04:14.993Z,BRTI,78026.08,78030.03,78013.482,60,Polymarket RTDS,78018.425735,78016.93440299988,0.98,1.04,
2026-05-17T15:04:17.470Z,2026-05-17T15:04:16.939Z,KXBTC15M-26MAY171115-15,BTC price up in next 15 mins?,KXBTC15M-26MAY171115,2026-05-17T15:15:00Z,active,0.53,0.54,0.46,0.47,0.535,0.48,92029.48,53412.15,256.69,4.73,2026-05-17T15:04:16.994Z,btc-updown-15m-1779030000,"Bitcoin Up or Down - May 17, 11:00AM-11:15AM ET",btc-updown-15m-1779030000,2026-05-17T15:15:00Z,,0.56,0.57,0.43,0.44,0.565,0.52,772.6159150000002,,78.71,129.93,2026-05-17T15:04:16.994Z,BRTI,78026.34,78030.03,78013.60100000001,60,Polymarket RTDS,78018.42921,78016.93440299988,0.98,1.04,
2026-05-17T15:04:19.512Z,2026-05-17T15:04:18.927Z,KXBTC15M-26MAY171115-15,BTC price up in next 15 mins?,KXBTC15M-26MAY171115,2026-05-17T15:15:00Z,active,0.53,0.54,0.46,0.47,0.535,0.48,92029.48,53412.15,130.9,25.94,2026-05-17T15:04:18.979Z,btc-updown-15m-1779030000,"Bitcoin Up or Down - May 17, 11:00AM-11:15AM ET",btc-updown-15m-1779030000,2026-05-17T15:15:00Z,,0.56,0.57,0.43,0.44,0.565,0.52,772.6159150000002,,78.71,129.93,2026-05-17T15:04:18.979Z,BRTI,78026.73,78030.03,78014.09533333333,60,Polymarket RTDS,78018.426755,78016.93440299988,0.98,1.04,
2026-05-17T15:04:21.545Z,2026-05-17T15:04:20.935Z,KXBTC15M-26MAY171115-15,BTC price up in next 15 mins?,KXBTC15M-26MAY171115,2026-05-17T15:15:00Z,active,0.53,0.55,0.45,0.47,0.54,0.48,92029.48,53412.15,159.69,1161.05,2026-05-17T15:04:20.983Z,btc-updown-15m-1779030000,"Bitcoin Up or Down - May 17, 11:00AM-11:15AM ET",btc-updown-15m-1779030000,2026-05-17T15:15:00Z,,0.56,0.57,0.43,0.44,0.565,0.52,772.6159150000002,,29.93,93.85,2026-05-17T15:04:20.983Z,BRTI,78026.34,78030.03,78014.34633333333,60,Polymarket RTDS,78018.42552,78016.93440299988,0.99,1.04,
2026-05-17T15:04:23.474Z,2026-05-17T15:04:22.939Z,KXBTC15M-26MAY171115-15,BTC price up in next 15 mins?,KXBTC15M-26MAY171115,2026-05-17T15:15:00Z,active,0.53,0.55,0.45,0.47,0.54,0.48,92029.48,53412.15,149.06,1135.8,2026-05-17T15:04:22.986Z,btc-updown-15m-1779030000,"Bitcoin Up or Down - May 17, 11:00AM-11:15AM ET",btc-updown-15m-1779030000,2026-05-17T15:15:00Z,,0.56,0.57,0.43,0.44,0.565,0.52,772.6159150000002,,40.04,146.31,2026-05-17T15:04:22.986Z,BRTI,78042.57,78030.03,78014.73583333334,60,Polymarket RTDS,78020.52831,78016.93440299988,0.99,1.04,
2026-05-17T15:04:25.486Z,2026-05-17T15:04:24.926Z,KXBTC15M-26MAY171115-15,BTC price up in next 15 mins?,KXBTC15M-26MAY171115,2026-05-17T15:15:00Z,active,0.53,0.54,0.46,0.47,0.535,0.48,92029.48,53412.15,66.84,180.94,2026-05-17T15:04:24.979Z,btc-updown-15m-1779030000,"Bitcoin Up or Down - May 17, 11:00AM-11:15AM ET",btc-updown-15m-1779030000,2026-05-17T15:15:00Z,,0.55,0.56,0.44,0.45,0.555,0.52,772.6159150000002,,117.71,80.97,2026-05-17T15:04:24.979Z,BRTI,78031.7,78030.03,78015.27866666667,60,Polymarket RTDS,78020.56402,78016.93440299988,0.99,1.03,
2026-05-17T15:04:27.430Z,2026-05-17T15:04:26.927Z,KXBTC15M-26MAY171115-15,BTC price up in next 15 mins?,KXBTC15M-26MAY171115,2026-05-17T15:15:00Z,active,0.53,0.54,0.46,0.47,0.535,0.48,92029.48,53412.15,79.59,224.94,2026-05-17T15:04:26.973Z,btc-updown-15m-1779030000,"Bitcoin Up or Down - May 17, 11:00AM-11:15AM ET",btc-updown-15m-1779030000,2026-05-17T15:15:00Z,,0.55,0.56,0.44,0.45,0.555,0.52,772.6159150000002,,117.71,59.59,2026-05-17T15:04:26.973Z,BRTI,78026.08,78030.03,78015.00383333334,60,Polymarket RTDS,78020.540275,78016.93440299988,0.99,1.03,
2026-05-17T15:04:29.481Z,2026-05-17T15:04:28.922Z,KXBTC15M-26MAY171115-15,BTC price up in next 15 mins?,KXBTC15M-26MAY171115,2026-05-17T15:15:00Z,active,0.52,0.54,0.46,0.48,0.53,0.48,92029.48,53412.15,2160.69,248.94,2026-05-17T15:04:28.977Z,btc-updown-15m-1779030000,"Bitcoin Up or Down - May 17, 11:00AM-11:15AM ET",btc-updown-15m-1779030000,2026-05-17T15:15:00Z,,0.55,0.56,0.44,0.45,0.555,0.52,772.6159150000002,,117.71,39.25,2026-05-17T15:04:28.977Z,BRTI,78026.73,78030.03,78015.12933333333,60,Polymarket RTDS,78020.63177756232,78016.93440299988,0.99,1.04,
2026-05-17T15:04:31.466Z,2026-05-17T15:04:30.942Z,KXBTC15M-26MAY171115-15,BTC price up in next 15 mins?,KXBTC15M-26MAY171115,2026-05-17T15:15:00Z,active,0.52,0.53,0.47,0.48,0.525,0.48,92029.48,53412.15,2141.43,8.17,2026-05-17T15:04:30.995Z,btc-updown-15m-1779030000,"Bitcoin Up or Down - May 17, 11:00AM-11:15AM ET",btc-updown-15m-1779030000,2026-05-17T15:15:00Z,,0.55,0.56,0.44,0.45,0.555,0.52,772.6159150000002,,182.99,12.8,2026-05-17T15:04:30.995Z,BRTI,78026.34,78030.03,78014.86133333333,60,Polymarket RTDS,78020.671695,78016.93440299988,0.98,1.04,
2026-05-17T15:04:33.466Z,2026-05-17T15:04:32.927Z,KXBTC15M-26MAY171115-15,BTC price up in next 15 mins?,KXBTC15M-26MAY171115,2026-05-17T15:15:00Z,active,0.54,0.55,0.45,0.46,0.545,0.48,92029.48,53412.15,135.0,5.0,2026-05-17T15:04:32.976Z,btc-updown-15m-1779030000,"Bitcoin Up or Down - May 17, 11:00AM-11:15AM ET",btc-updown-15m-1779030000,2026-05-17T15:15:00Z,,0.57,0.58,0.42,0.43,0.575,0.52,772.6159150000002,,145.35,3.32,2026-05-17T15:04:32.976Z,BRTI,78026.34,78030.03,78015.61416666667,60,Polymarket RTDS,78024.69394446681,78016.93440299988,0.98,1.04,
2026-05-17T15:04:35.533Z,2026-05-17T15:04:34.936Z,KXBTC15M-26MAY171115-15,BTC price up in next 15 mins?,KXBTC15M-26MAY171115,2026-05-17T15:15:00Z,active,0.54,0.55,0.45,0.46,0.545,0.48,92029.48,53412.15,330.32,24.6,2026-05-17T15:04:34.984Z,btc-updown-15m-1779030000,"Bitcoin Up or Down - May 17, 11:00AM-11:15AM ET",btc-updown-15m-1779030000,2026-05-17T15:15:00Z,,0.58,0.59,0.41,0.42,0.585,0.52,772.6159150000002,,15.0,129.78,2026-05-17T15:04:34.984Z,BRTI,78021.44,78030.03,78016.03266666667,60,Polymarket RTDS,78024.992703698,78016.93440299988,0.97,1.05,
2026-05-17T15:04:37.433Z,2026-05-17T15:04:36.925Z,KXBTC15M-26MAY171115-15,BTC price up in next 15 mins?,KXBTC15M-26MAY171115,2026-05-17T15:15:00Z,active,0.55,0.56,0.44,0.45,0.555,0.56,99352.23,54027.69,73.66,2558.14,2026-05-17T15:04:36.972Z,btc-updown-15m-1779030000,"Bitcoin Up or Down - May 17, 11:00AM-11:15AM ET",btc-updown-15m-1779030000,2026-05-17T15:15:00Z,,0.57,0.59,0.41,0.43,0.58,0.52,772.6159150000002,,86.02,132.77,2026-05-17T15:04:36.972Z,BRTI,78026.73,78030.03,78015.77116666667,60,Polymarket RTDS,78026.18215554034,78016.93440299988,0.99,1.04,
2026-05-17T15:04:39.802Z,2026-05-17T15:04:38.938Z,KXBTC15M-26MAY171115-15,BTC price up in next 15 mins?,KXBTC15M-26MAY171115,2026-05-17T15:15:00Z,active,0.58,0.59,0.41,0.42,0.585,0.56,99352.23,54027.69,2778.45,43.46,2026-05-17T15:04:38.992Z,btc-updown-15m-1779030000,"Bitcoin Up or Down - May 17, 11:00AM-11:15AM ET",btc-updown-15m-1779030000,2026-05-17T15:15:00Z,,0.61,0.63,0.37,0.39,0.62,0.52,772.6159150000002,,29.0,100.0,2026-05-17T15:04:38.992Z,BRTI,78026.34,78030.03,78015.89016666666,60,Polymarket RTDS,78028.11670021362,78016.93440299988,0.98,1.05,
2026-05-17T15:04:41.501Z,2026-05-17T15:04:40.940Z,KXBTC15M-26MAY171115-15,BTC price up in next 15 mins?,KXBTC15M-26MAY171115,2026-05-17T15:15:00Z,active,0.59,0.6,0.4,0.41,0.595,0.56,99352.23,54027.69,1862.18,550.92,2026-05-17T15:04:40.999Z,btc-updown-15m-1779030000,"Bitcoin Up or Down - May 17, 11:00AM-11:15AM ET",btc-updown-15m-1779030000,2026-05-17T15:15:00Z,,0.62,0.63,0.37,0.38,0.625,0.52,772.6159150000002,,17.8,25.0,2026-05-17T15:04:40.999Z,BRTI,78031.71,78030.03,78016.09866666667,60,Polymarket RTDS,78032.24829158469,78016.93440299988,0.98,1.04,
2026-05-17T15:04:43.453Z,2026-05-17T15:04:42.932Z,KXBTC15M-26MAY171115-15,BTC price up in next 15 mins?,KXBTC15M-26MAY171115,2026-05-17T15:15:00Z,active,0.59,0.6,0.4,0.41,0.595,0.56,99352.23,54027.69,1186.12,162.31,2026-05-17T15:04:42.979Z,btc-updown-15m-1779030000,"Bitcoin Up or Down - May 17, 11:00AM-11:15AM ET",btc-updown-15m-1779030000,2026-05-17T15:15:00Z,,0.62,0.63,0.37,0.38,0.625,0.52,772.6159150000002,,98.68,45.89,2026-05-17T15:04:42.979Z,BRTI,78026.74,78030.03,78016.85816666667,60,Polymarket RTDS,78032.629765,78016.93440299988,0.98,1.04,
2026-05-17T15:04:45.525Z,2026-05-17T15:04:44.933Z,KXBTC15M-26MAY171115-15,BTC price up in next 15 mins?,KXBTC15M-26MAY171115,2026-05-17T15:15:00Z,active,0.6,0.61,0.39,0.4,0.605,0.56,99352.23,54027.69,1358.32,1151.59,2026-05-17T15:04:44.982Z,btc-updown-15m-1779030000,"Bitcoin Up or Down - May 17, 11:00AM-11:15AM ET",btc-updown-15m-1779030000,2026-05-17T15:15:00Z,,0.62,0.63,0.37,0.38,0.625,0.52,772.6159150000002,,133.34,19.28,2026-05-17T15:04:44.983Z,BRTI,78026.34,78030.03,78016.97716666666,60,Polymarket RTDS,78033.56052,78016.93440299988,0.99,1.03,
2026-05-17T15:04:47.488Z,2026-05-17T15:04:46.927Z,KXBTC15M-26MAY171115-15,BTC price up in next 15 mins?,KXBTC15M-26MAY171115,2026-05-17T15:15:00Z,active,0.6,0.61,0.39,0.4,0.605,0.56,99352.23,54027.69,4048.83,1121.85,2026-05-17T15:04:46.987Z,btc-updown-15m-1779030000,"Bitcoin Up or Down - May 17, 11:00AM-11:15AM ET",btc-updown-15m-1779030000,2026-05-17T15:15:00Z,,0.64,0.65,0.35,0.36,0.645,0.52,772.6159150000002,,97.39,40.22,2026-05-17T15:04:46.987Z,BRTI,78026.73,78030.03,78017.10266666667,60,Polymarket RTDS,78034.99904764391,78016.93440299988,0.97,1.05,
2026-05-17T15:04:49.446Z,2026-05-17T15:04:48.923Z,KXBTC15M-26MAY171115-15,BTC price up in next 15 mins?,KXBTC15M-26MAY171115,2026-05-17T15:15:00Z,active,0.63,0.64,0.36,0.37,0.635,0.56,99352.23,54027.69,1696.49,158.0,2026-05-17T15:04:48.978Z,btc-updown-15m-1779030000,"Bitcoin Up or Down - May 17, 11:00AM-11:15AM ET",btc-updown-15m-1779030000,2026-05-17T15:15:00Z,,0.68,0.69,0.31,0.32,0.685,0.52,772.6159150000002,,62.59,60.26,2026-05-17T15:04:48.978Z,BRTI,78031.7,78030.03,78017.311,60,Polymarket RTDS,78039.13593667083,78016.93440299988,0.96,1.06,
2026-05-17T15:04:51.516Z,2026-05-17T15:04:50.939Z,KXBTC15M-26MAY171115-15,BTC price up in next 15 mins?,KXBTC15M-26MAY171115,2026-05-17T15:15:00Z,active,0.63,0.64,0.36,0.37,0.635,0.56,99352.23,54027.69,3030.67,142.19,2026-05-17T15:04:50.991Z,btc-updown-15m-1779030000,"Bitcoin Up or Down - May 17, 11:00AM-11:15AM ET",btc-updown-15m-1779030000,2026-05-17T15:15:00Z,,0.69,0.7,0.3,0.31,0.695,0.52,772.6159150000002,,167.39,125.0,2026-05-17T15:04:50.991Z,BRTI,78026.34,78030.03,78017.79133333334,60,Polymarket RTDS,78039.89932527707,78016.93440299988,0.95,1.0699999999999998,
2026-05-17T15:04:53.477Z,2026-05-17T15:04:52.942Z,KXBTC15M-26MAY171115-15,BTC price up in next 15 mins?,KXBTC15M-26MAY171115,2026-05-17T15:15:00Z,active,0.57,0.58,0.42,0.43,0.575,0.56,99352.23,54027.69,30.0,150.0,2026-05-17T15:04:52.999Z,btc-updown-15m-1779030000,"Bitcoin Up or Down - May 17, 11:00AM-11:15AM ET",btc-updown-15m-1779030000,2026-05-17T15:15:00Z,,0.68,0.69,0.31,0.32,0.685,0.52,772.6159150000002,,39.84,251.77,2026-05-17T15:04:52.999Z,BRTI,78031.7,78030.03,78018.37683333334,60,Polymarket RTDS,78039.92629,78016.93440299988,0.8999999999999999,1.1199999999999999,
2026-05-17T15:04:55.512Z,2026-05-17T15:04:54.935Z,KXBTC15M-26MAY171115-15,BTC price up in next 15 mins?,KXBTC15M-26MAY171115,2026-05-17T15:15:00Z,active,0.56,0.57,0.43,0.44,0.565,0.56,99352.23,54027.69,1179.23,3.5,2026-05-17T15:04:54.992Z,btc-updown-15m-1779030000,"Bitcoin Up or Down - May 17, 11:00AM-11:15AM ET",btc-updown-15m-1779030000,2026-05-17T15:15:00Z,,0.62,0.63,0.37,0.38,0.625,0.52,772.6159150000002,,24.33,170.68,2026-05-17T15:04:54.992Z,BRTI,78026.73,78030.03,78018.87116666666,60,Polymarket RTDS,78035.5272714732,78016.93440299988,0.95,1.07,
2026-05-17T15:04:57.470Z,2026-05-17T15:04:56.952Z,KXBTC15M-26MAY171115-15,BTC price up in next 15 mins?,KXBTC15M-26MAY171115,2026-05-17T15:15:00Z,active,0.59,0.6,0.4,0.41,0.595,0.56,99352.23,54027.69,1200.0,490.58,2026-05-17T15:04:57.009Z,btc-updown-15m-1779030000,"Bitcoin Up or Down - May 17, 11:00AM-11:15AM ET",btc-updown-15m-1779030000,2026-05-17T15:15:00Z,,0.62,0.63,0.37,0.38,0.625,0.52,772.6159150000002,,57.19,66.68,2026-05-17T15:04:57.009Z,BRTI,78026.74,78030.03,78019.36566666668,60,Polymarket RTDS,78035.28284746099,78016.93440299988,0.98,1.04,
2026-05-17T15:04:59.450Z,2026-05-17T15:04:58.936Z,KXBTC15M-26MAY171115-15,BTC price up in next 15 mins?,KXBTC15M-26MAY171115,2026-05-17T15:15:00Z,active,0.62,0.63,0.37,0.38,0.625,0.56,99352.23,54027.69,1311.0,335.51,2026-05-17T15:04:58.991Z,btc-updown-15m-1779030000,"Bitcoin Up or Down - May 17, 11:00AM-11:15AM ET",btc-updown-15m-1779030000,2026-05-17T15:15:00Z,,0.62,0.64,0.36,0.37,0.63,0.52,772.6159150000002,,197.99,25.0,2026-05-17T15:04:58.991Z,BRTI,78026.08,78030.03,78019.8575,60,Polymarket RTDS,78035.28434746098,78016.93440299988,1.0,1.02,
2026-05-17T15:05:01.513Z,2026-05-17T15:05:00.936Z,KXBTC15M-26MAY171115-15,BTC price up in next 15 mins?,KXBTC15M-26MAY171115,2026-05-17T15:15:00Z,active,0.62,0.63,0.37,0.38,0.625,0.56,99352.23,54027.69,1809.03,26.03,2026-05-17T15:05:00.983Z,btc-updown-15m-1779030000,"Bitcoin Up or Down - May 17, 11:00AM-11:15AM ET",btc-updown-15m-1779030000,2026-05-17T15:15:00Z,,0.65,0.66,0.34,0.35,0.655,0.52,772.6159150000002,,87.26,4.96,2026-05-17T15:05:00.983Z,BRTI,78026.34,78030.03,78020.35366666666,60,Polymarket RTDS,78037.75051715158,78016.93440299988,0.98,1.04,
2026-05-17T15:05:03.521Z,2026-05-17T15:05:02.947Z,KXBTC15M-26MAY171115-15,BTC price up in next 15 mins?,KXBTC15M-26MAY171115,2026-05-17T15:15:00Z,active,0.62,0.64,0.36,0.38,0.63,0.56,99352.23,54027.69,1327.0,172.34,2026-05-17T15:05:03.002Z,btc-updown-15m-1779030000,"Bitcoin Up or Down - May 17, 11:00AM-11:15AM ET",btc-updown-15m-1779030000,2026-05-17T15:15:00Z,,0.67,0.68,0.32,0.33,0.675,0.52,772.6159150000002,,117.44,25.43,2026-05-17T15:05:03.002Z,BRTI,78026.34,78030.03,78020.85383333334,60,Polymarket RTDS,78037.93003969392,78016.93440299988,0.97,1.06,
2026-05-17T15:05:05.529Z,2026-05-17T15:05:04.927Z,KXBTC15M-26MAY171115-15,BTC price up in next 15 mins?,KXBTC15M-26MAY171115,2026-05-17T15:15:00Z,active,0.61,0.62,0.38,0.39,0.615,0.56,99352.23,54027.69,1077.0,209.07,2026-05-17T15:05:04.976Z,btc-updown-15m-1779030000,"Bitcoin Up or Down - May 17, 11:00AM-11:15AM ET",btc-updown-15m-1779030000,2026-05-17T15:15:00Z,,0.68,0.69,0.31,0.32,0.685,0.52,772.6159150000002,,3.2,136.81,2026-05-17T15:05:04.976Z,BRTI,78048.33,78030.03,78021.97316666666,60,Polymarket RTDS,78041.13745226515,78016.93440299988,0.94,1.08,
2026-05-17T15:05:07.499Z,2026-05-17T15:05:06.947Z,KXBTC15M-26MAY171115-15,BTC price up in next 15 mins?,KXBTC15M-26MAY171115,2026-05-17T15:15:00Z,active,0.62,0.63,0.37,0.38,0.625,0.62,111574.37,53586.28,1197.4,66.11,2026-05-17T15:05:06.997Z,btc-updown-15m-1779030000,"Bitcoin Up or Down - May 17, 11:00AM-11:15AM ET",btc-updown-15m-1779030000,2026-05-17T15:15:00Z,,0.67,0.68,0.32,0.33,0.675,0.52,772.6159150000002,,12.8,82.44,2026-05-17T15:05:06.997Z,BRTI,78026.34,78030.03,78022.726,60,Polymarket RTDS,78041.46648,78016.93440299988,0.96,1.06,
2026-05-17T15:05:09.453Z,2026-05-17T15:05:08.929Z,KXBTC15M-26MAY171115-15,BTC price up in next 15 mins?,KXBTC15M-26MAY171115,2026-05-17T15:15:00Z,active,0.62,0.63,0.37,0.38,0.625,0.62,111574.37,53586.28,1263.27,62.47,2026-05-17T15:05:08.980Z,btc-updown-15m-1779030000,"Bitcoin Up or Down - May 17, 11:00AM-11:15AM ET",btc-updown-15m-1779030000,2026-05-17T15:15:00Z,,0.67,0.68,0.32,0.33,0.675,0.52,772.6159150000002,,61.13,94.42,2026-05-17T15:05:08.980Z,BRTI,78021.44,78030.03,78023.39716666666,60,Polymarket RTDS,78041.643045,78016.93440299988,0.96,1.06,
2026-05-17T15:05:11.459Z,2026-05-17T15:05:10.931Z,KXBTC15M-26MAY171115-15,BTC price up in next 15 mins?,KXBTC15M-26MAY171115,2026-05-17T15:15:00Z,active,0.62,0.63,0.37,0.38,0.625,0.62,111574.37,53586.28,1084.17,75.0,2026-05-17T15:05:10.987Z,btc-updown-15m-1779030000,"Bitcoin Up or Down - May 17, 11:00AM-11:15AM ET",btc-updown-15m-1779030000,2026-05-17T15:15:00Z,,0.66,0.67,0.33,0.34,0.665,0.52,772.6159150000002,,47.9,40.28,2026-05-17T15:05:10.987Z,BRTI,78031.71,78030.03,78024.2395,60,Polymarket RTDS,78041.645855,78016.93440299988,0.97,1.05,
2026-05-17T15:05:13.723Z,2026-05-17T15:05:12.932Z,KXBTC15M-26MAY171115-15,BTC price up in next 15 mins?,KXBTC15M-26MAY171115,2026-05-17T15:15:00Z,active,0.68,0.69,0.31,0.32,0.685,0.62,111574.37,53586.28,1245.44,52.0,2026-05-17T15:05:12.980Z,btc-updown-15m-1779030000,"Bitcoin Up or Down - May 17, 11:00AM-11:15AM ET",btc-updown-15m-1779030000,2026-05-17T15:15:00Z,,0.66,0.67,0.33,0.34,0.665,0.52,772.6159150000002,,198.31,5.0,2026-05-17T15:05:12.981Z,BRTI,78026.34,78030.03,78024.52666666666,60,Polymarket RTDS,78041.742065,78016.93440299988,1.03,0.99,
2026-05-17T15:05:15.473Z,2026-05-17T15:05:14.929Z,KXBTC15M-26MAY171115-15,BTC price up in next 15 mins?,KXBTC15M-26MAY171115,2026-05-17T15:15:00Z,active,0.62,0.63,0.37,0.38,0.625,0.62,111574.37,53586.28,1121.0,227.0,2026-05-17T15:05:14.988Z,btc-updown-15m-1779030000,"Bitcoin Up or Down - May 17, 11:00AM-11:15AM ET",btc-updown-15m-1779030000,2026-05-17T15:15:00Z,,0.7,0.72,0.28,0.3,0.71,0.52,772.6159150000002,,5.0,5.0,2026-05-17T15:05:14.988Z,BRTI,78026.74,78030.03,78025.03349999999,60,Polymarket RTDS,78045.04820364076,78016.93440299988,0.9299999999999999,1.1,
2026-05-17T15:05:17.466Z,2026-05-17T15:05:16.939Z,KXBTC15M-26MAY171115-15,BTC price up in next 15 mins?,KXBTC15M-26MAY171115,2026-05-17T15:15:00Z,active,0.62,0.63,0.37,0.38,0.625,0.62,111574.37,53586.28,1187.31,315.07,2026-05-17T15:05:16.997Z,btc-updown-15m-1779030000,"Bitcoin Up or Down - May 17, 11:00AM-11:15AM ET",btc-updown-15m-1779030000,2026-05-17T15:15:00Z,,0.67,0.69,0.31,0.33,0.6799999999999999,0.52,772.6159150000002,,15.49,13.28,2026-05-17T15:05:16.997Z,BRTI,78048.33,78030.03,78025.88033333333,60,Polymarket RTDS,78042.8767604079,78016.93440299988,0.96,1.0699999999999998,
2026-05-17T15:05:19.471Z,2026-05-17T15:05:18.942Z,KXBTC15M-26MAY171115-15,BTC price up in next 15 mins?,KXBTC15M-26MAY171115,2026-05-17T15:15:00Z,active,0.63,0.64,0.36,0.37,0.635,0.62,111574.37,53586.28,1.0,1198.28,2026-05-17T15:05:18.994Z,btc-updown-15m-1779030000,"Bitcoin Up or Down - May 17, 11:00AM-11:15AM ET",btc-updown-15m-1779030000,2026-05-17T15:15:00Z,,0.66,0.67,0.33,0.34,0.665,0.52,772.6159150000002,,5.0,57.0,2026-05-17T15:05:18.994Z,BRTI,78026.34,78030.03,78026.1675,60,Polymarket RTDS,78042.87346229078,78016.93440299988,0.98,1.04,
2026-05-17T15:05:21.485Z,2026-05-17T15:05:20.942Z,KXBTC15M-26MAY171115-15,BTC price up in next 15 mins?,KXBTC15M-26MAY171115,2026-05-17T15:15:00Z,active,0.62,0.63,0.37,0.38,0.625,0.62,111574.37,53586.28,979.02,115.0,2026-05-17T15:05:20.999Z,btc-updown-15m-1779030000,"Bitcoin Up or Down - May 17, 11:00AM-11:15AM ET",btc-updown-15m-1779030000,2026-05-17T15:15:00Z,,0.65,0.66,0.34,0.35,0.655,0.52,772.6159150000002,,169.64,89.06,2026-05-17T15:05:20.999Z,BRTI,78026.34,78030.03,78025.89700000001,60,Polymarket RTDS,78042.94255,78016.93440299988,0.98,1.04,
2026-05-17T15:05:23.435Z,2026-05-17T15:05:22.929Z,KXBTC15M-26MAY171115-15,BTC price up in next 15 mins?,KXBTC15M-26MAY171115,2026-05-17T15:15:00Z,active,0.62,0.63,0.37,0.38,0.625,0.62,111574.37,53586.28,301.97,155.27,2026-05-17T15:05:22.982Z,btc-updown-15m-1779030000,"Bitcoin Up or Down - May 17, 11:00AM-11:15AM ET",btc-updown-15m-1779030000,2026-05-17T15:15:00Z,,0.65,0.66,0.34,0.35,0.655,0.52,772.6159150000002,,138.05,83.21,2026-05-17T15:05:22.982Z,BRTI,78026.34,78030.03,78026.39716666666,60,Polymarket RTDS,78042.96441,78016.93440299988,0.98,1.04,
2026-05-17T15:05:25.619Z,2026-05-17T15:05:24.934Z,KXBTC15M-26MAY171115-15,BTC price up in next 15 mins?,KXBTC15M-26MAY171115,2026-05-17T15:15:00Z,active,0.63,0.64,0.36,0.37,0.635,0.62,111574.37,53586.28,77.0,145.98,2026-05-17T15:05:24.981Z,btc-updown-15m-1779030000,"Bitcoin Up or Down - May 17, 11:00AM-11:15AM ET",btc-updown-15m-1779030000,2026-05-17T15:15:00Z,,0.65,0.66,0.34,0.35,0.655,0.52,772.6159150000002,,17.41,106.95,2026-05-17T15:05:24.981Z,BRTI,78031.71,78030.03,78026.98683333333,60,Polymarket RTDS,78042.94935,78016.93440299988,0.99,1.03,
2026-05-17T15:05:27.474Z,2026-05-17T15:05:26.930Z,KXBTC15M-26MAY171115-15,BTC price up in next 15 mins?,KXBTC15M-26MAY171115,2026-05-17T15:15:00Z,active,0.63,0.64,0.36,0.37,0.635,0.62,111574.37,53586.28,0.85,182.3,2026-05-17T15:05:26.986Z,btc-updown-15m-1779030000,"Bitcoin Up or Down - May 17, 11:00AM-11:15AM ET",btc-updown-15m-1779030000,2026-05-17T15:15:00Z,,0.65,0.66,0.34,0.35,0.655,0.52,772.6159150000002,,39.86,81.87,2026-05-17T15:05:26.986Z,BRTI,78031.71,78030.03,78027.55666666667,60,Polymarket RTDS,78042.889465,78016.93440299988,0.99,1.03,
2026-05-17T15:05:29.462Z,2026-05-17T15:05:28.942Z,KXBTC15M-26MAY171115-15,BTC price up in next 15 mins?,KXBTC15M-26MAY171115,2026-05-17T15:15:00Z,active,0.64,0.65,0.35,0.36,0.645,0.62,111574.37,53586.28,200.0,33.0,2026-05-17T15:05:28.986Z,btc-updown-15m-1779030000,"Bitcoin Up or Down - May 17, 11:00AM-11:15AM ET",btc-updown-15m-1779030000,2026-05-17T15:15:00Z,,0.65,0.66,0.34,0.35,0.655,0.52,772.6159150000002,,84.85,24.34,2026-05-17T15:05:28.986Z,BRTI,78026.34,78030.03,78028.05283333334,60,Polymarket RTDS,78042.76540981643,78016.93440299988,1.0,1.02,
2026-05-17T15:05:31.461Z,2026-05-17T15:05:30.929Z,KXBTC15M-26MAY171115-15,BTC price up in next 15 mins?,KXBTC15M-26MAY171115,2026-05-17T15:15:00Z,active,0.65,0.66,0.34,0.35,0.655,0.62,111574.37,53586.28,102.43,1224.33,2026-05-17T15:05:30.980Z,btc-updown-15m-1779030000,"Bitcoin Up or Down - May 17, 11:00AM-11:15AM ET",btc-updown-15m-1779030000,2026-05-17T15:15:00Z,,0.65,0.66,0.34,0.35,0.655,0.52,772.6159150000002,,134.85,13.34,2026-05-17T15:05:30.980Z,BRTI,78049.58,78030.03,78028.94033333333,60,Polymarket RTDS,78042.67016645955,78016.93440299988,1.01,1.01,
2026-05-17T15:05:33.495Z,2026-05-17T15:05:32.934Z,KXBTC15M-26MAY171115-15,BTC price up in next 15 mins?,KXBTC15M-26MAY171115,2026-05-17T15:15:00Z,active,0.65,0.66,0.34,0.35,0.655,0.62,111574.37,53586.28,1088.49,202.59,2026-05-17T15:05:32.987Z,btc-updown-15m-1779030000,"Bitcoin Up or Down - May 17, 11:00AM-11:15AM ET",btc-updown-15m-1779030000,2026-05-17T15:15:00Z,,0.65,0.66,0.34,0.35,0.655,0.52,772.6159150000002,,173.56,13.34,2026-05-17T15:05:32.987Z,BRTI,78031.71,78030.03,78028.76183333334,60,Polymarket RTDS,78042.69172314665,78016.93440299988,1.01,1.01,
2026-05-17T15:05:35.475Z,2026-05-17T15:05:34.941Z,KXBTC15M-26MAY171115-15,BTC price up in next 15 mins?,KXBTC15M-26MAY171115,2026-05-17T15:15:00Z,active,0.65,0.67,0.33,0.35,0.66,0.62,111574.37,53586.28,1203.22,3175.73,2026-05-17T15:05:34.995Z,btc-updown-15m-1779030000,"Bitcoin Up or Down - May 17, 11:00AM-11:15AM ET",btc-updown-15m-1779030000,2026-05-17T15:15:00Z,,0.65,0.66,0.34,0.35,0.655,0.52,772.6159150000002,,117.57,13.34,2026-05-17T15:05:34.995Z,BRTI,78031.7,78030.03,78029.13833333334,60,Polymarket RTDS,78042.74406096642,78016.93440299988,1.02,1.01,
2026-05-17T15:05:37.459Z,2026-05-17T15:05:36.926Z,KXBTC15M-26MAY171115-15,BTC price up in next 15 mins?,KXBTC15M-26MAY171115,2026-05-17T15:15:00Z,active,0.66,0.67,0.33,0.34,0.665,0.62,111574.37,53586.28,1165.71,74.0,2026-05-17T15:05:36.977Z,btc-updown-15m-1779030000,"Bitcoin Up or Down - May 17, 11:00AM-11:15AM ET",btc-updown-15m-1779030000,2026-05-17T15:15:00Z,,0.66,0.67,0.33,0.34,0.665,0.52,772.6159150000002,,210.04,33.51,2026-05-17T15:05:36.977Z,BRTI,78026.34,78030.03,78029.13183333333,60,Polymarket RTDS,78042.74263710038,78016.93440299988,1.01,1.01,
2026-05-17T15:05:39.493Z,2026-05-17T15:05:38.931Z,KXBTC15M-26MAY171115-15,BTC price up in next 15 mins?,KXBTC15M-26MAY171115,2026-05-17T15:15:00Z,active,0.65,0.66,0.34,0.35,0.655,0.66,118383.13,55341.57,1638.77,29.97,2026-05-17T15:05:38.978Z,btc-updown-15m-1779030000,"Bitcoin Up or Down - May 17, 11:00AM-11:15AM ET",btc-updown-15m-1779030000,2026-05-17T15:15:00Z,,0.67,0.68,0.32,0.33,0.675,0.52,772.6159150000002,,94.8,7.22,2026-05-17T15:05:38.978Z,BRTI,78026.34,78030.03,78029.12533333333,60,Polymarket RTDS,78042.94818346486,78016.93440299988,0.99,1.03,
2026-05-17T15:05:41.549Z,2026-05-17T15:05:40.934Z,KXBTC15M-26MAY171115-15,BTC price up in next 15 mins?,KXBTC15M-26MAY171115,2026-05-17T15:15:00Z,active,0.65,0.66,0.34,0.35,0.655,0.66,118383.13,55341.57,1263.39,17.97,2026-05-17T15:05:40.988Z,btc-updown-15m-1779030000,"Bitcoin Up or Down - May 17, 11:00AM-11:15AM ET",btc-updown-15m-1779030000,2026-05-17T15:15:00Z,,0.68,0.69,0.31,0.32,0.685,0.52,772.6159150000002,,54.23,70.8,2026-05-17T15:05:40.989Z,BRTI,78026.34,78030.03,78029.11883333333,60,Polymarket RTDS,78043.903365,78016.93440299988,0.98,1.04,
2026-05-17T15:05:43.432Z,2026-05-17T15:05:42.938Z,KXBTC15M-26MAY171115-15,BTC price up in next 15 mins?,KXBTC15M-26MAY171115,2026-05-17T15:15:00Z,active,0.65,0.66,0.34,0.35,0.655,0.66,118383.13,55341.57,1238.86,16.97,2026-05-17T15:05:42.995Z,btc-updown-15m-1779030000,"Bitcoin Up or Down - May 17, 11:00AM-11:15AM ET",btc-updown-15m-1779030000,2026-05-17T15:15:00Z,,0.68,0.69,0.31,0.32,0.685,0.52,772.6159150000002,,62.37,127.99,2026-05-17T15:05:42.995Z,BRTI,78031.71,78030.03,78029.29000000001,60,Polymarket RTDS,78043.44018396514,78016.93440299988,0.98,1.04,
2026-05-17T15:05:45.457Z,2026-05-17T15:05:44.943Z,KXBTC15M-26MAY171115-15,BTC price up in next 15 mins?,KXBTC15M-26MAY171115,2026-05-17T15:15:00Z,active,0.65,0.67,0.33,0.35,0.66,0.66,118383.13,55341.57,1168.84,1518.27,2026-05-17T15:05:45.001Z,btc-updown-15m-1779030000,"Bitcoin Up or Down - May 17, 11:00AM-11:15AM ET",btc-updown-15m-1779030000,2026-05-17T15:15:00Z,,0.67,0.68,0.32,0.33,0.675,0.52,772.6159150000002,,128.93,22.0,2026-05-17T15:05:45.001Z,BRTI,78051.29,78030.03,78029.43783333333,60,Polymarket RTDS,78043.68985361705,78016.93440299988,1.0,1.03,
2026-05-17T15:05:47.581Z,2026-05-17T15:05:46.938Z,KXBTC15M-26MAY171115-15,BTC price up in next 15 mins?,KXBTC15M-26MAY171115,2026-05-17T15:15:00Z,active,0.65,0.66,0.34,0.35,0.655,0.66,118383.13,55341.57,1118.86,375.42,2026-05-17T15:05:46.991Z,btc-updown-15m-1779030000,"Bitcoin Up or Down - May 17, 11:00AM-11:15AM ET",btc-updown-15m-1779030000,2026-05-17T15:15:00Z,,0.67,0.68,0.32,0.33,0.675,0.52,772.6159150000002,,128.93,68.69,2026-05-17T15:05:46.991Z,BRTI,78051.14,78030.03,78029.84449999999,60,Polymarket RTDS,78043.7622267793,78016.93440299988,0.99,1.03,
2026-05-17T15:05:49.442Z,2026-05-17T15:05:48.940Z,KXBTC15M-26MAY171115-15,BTC price up in next 15 mins?,KXBTC15M-26MAY171115,2026-05-17T15:15:00Z,active,0.65,0.66,0.34,0.35,0.655,0.66,118383.13,55341.57,379.38,152.2,2026-05-17T15:05:48.987Z,btc-updown-15m-1779030000,"Bitcoin Up or Down - May 17, 11:00AM-11:15AM ET",btc-updown-15m-1779030000,2026-05-17T15:15:00Z,,0.67,0.68,0.32,0.33,0.675,0.52,772.6159150000002,,65.97,66.63,2026-05-17T15:05:48.987Z,BRTI,78031.7,78030.03,78029.92716666666,60,Polymarket RTDS,78043.737991295,78016.93440299988,0.99,1.03,
2026-05-17T15:05:51.481Z,2026-05-17T15:05:50.931Z,KXBTC15M-26MAY171115-15,BTC price up in next 15 mins?,KXBTC15M-26MAY171115,2026-05-17T15:15:00Z,active,0.65,0.66,0.34,0.35,0.655,0.66,118383.13,55341.57,1289.55,50.73,2026-05-17T15:05:51.007Z,btc-updown-15m-1779030000,"Bitcoin Up or Down - May 17, 11:00AM-11:15AM ET",btc-updown-15m-1779030000,2026-05-17T15:15:00Z,,0.68,0.69,0.31,0.32,0.685,0.52,772.6159150000002,,143.4,50.0,2026-05-17T15:05:51.007Z,BRTI,78051.29,78030.03,78030.0725,60,Polymarket RTDS,78043.77200944626,78016.93440299988,0.98,1.04,
2026-05-17T15:05:53.435Z,2026-05-17T15:05:52.932Z,KXBTC15M-26MAY171115-15,BTC price up in next 15 mins?,KXBTC15M-26MAY171115,2026-05-17T15:15:00Z,active,0.65,0.66,0.34,0.35,0.655,0.66,118383.13,55341.57,802.22,99.73,2026-05-17T15:05:52.987Z,btc-updown-15m-1779030000,"Bitcoin Up or Down - May 17, 11:00AM-11:15AM ET",btc-updown-15m-1779030000,2026-05-17T15:15:00Z,,0.68,0.69,0.31,0.32,0.685,0.52,772.6159150000002,,175.34,25.79,2026-05-17T15:05:52.987Z,BRTI,78051.14,78030.03,78030.21533333333,60,Polymarket RTDS,78043.95619022427,78016.93440299988,0.98,1.04,
2026-05-17T15:05:55.507Z,2026-05-17T15:05:54.932Z,KXBTC15M-26MAY171115-15,BTC price up in next 15 mins?,KXBTC15M-26MAY171115,2026-05-17T15:15:00Z,active,0.66,0.67,0.33,0.34,0.665,0.66,118383.13,55341.57,1116.65,599.54,2026-05-17T15:05:54.986Z,btc-updown-15m-1779030000,"Bitcoin Up or Down - May 17, 11:00AM-11:15AM ET",btc-updown-15m-1779030000,2026-05-17T15:15:00Z,,0.68,0.69,0.31,0.32,0.685,0.52,772.6159150000002,,145.34,7.99,2026-05-17T15:05:54.986Z,BRTI,78049.58,78030.03,78030.60266666667,60,Polymarket RTDS,78043.7628833336,78016.93440299988,0.99,1.03,
2026-05-17T15:05:57.475Z,2026-05-17T15:05:56.939Z,KXBTC15M-26MAY171115-15,BTC price up in next 15 mins?,KXBTC15M-26MAY171115,2026-05-17T15:15:00Z,active,0.66,0.67,0.33,0.34,0.665,0.66,118383.13,55341.57,1125.0,75.0,2026-05-17T15:05:56.984Z,btc-updown-15m-1779030000,"Bitcoin Up or Down - May 17, 11:00AM-11:15AM ET",btc-updown-15m-1779030000,2026-05-17T15:15:00Z,,0.69,0.7,0.3,0.31,0.695,0.52,772.6159150000002,,91.72,98.95,2026-05-17T15:05:56.984Z,BRTI,78049.58,78030.03,78031.27716666667,60,Polymarket RTDS,78043.78371135044,78016.93440299988,0.98,1.04,
2026-05-17T15:05:59.455Z,2026-05-17T15:05:58.938Z,KXBTC15M-26MAY171115-15,BTC price up in next 15 mins?,KXBTC15M-26MAY171115,2026-05-17T15:15:00Z,active,0.66,0.68,0.32,0.34,0.67,0.66,118383.13,55341.57,1203.75,620.81,2026-05-17T15:05:58.991Z,btc-updown-15m-1779030000,"Bitcoin Up or Down - May 17, 11:00AM-11:15AM ET",btc-updown-15m-1779030000,2026-05-17T15:15:00Z,,0.69,0.7,0.3,0.31,0.695,0.52,772.6159150000002,,107.22,101.27,2026-05-17T15:05:58.991Z,BRTI,78055.01,78030.03,78031.487,60,Polymarket RTDS,78044.72676414343,78016.93440299988,0.99,1.04,
2026-05-17T15:06:01.681Z,2026-05-17T15:06:00.938Z,KXBTC15M-26MAY171115-15,BTC price up in next 15 mins?,KXBTC15M-26MAY171115,2026-05-17T15:15:00Z,active,0.66,0.68,0.32,0.34,0.67,0.66,118383.13,55341.57,1204.67,340.81,2026-05-17T15:06:00.992Z,btc-updown-15m-1779030000,"Bitcoin Up or Down - May 17, 11:00AM-11:15AM ET",btc-updown-15m-1779030000,2026-05-17T15:15:00Z,,0.69,0.7,0.3,0.31,0.695,0.52,772.6159150000002,,94.76,93.51,2026-05-17T15:06:00.993Z,BRTI,78031.71,78030.03,78031.5765,60,Polymarket RTDS,78044.65828902416,78016.93440299988,0.99,1.04,
2026-05-17T15:06:03.568Z,2026-05-17T15:06:02.945Z,KXBTC15M-26MAY171115-15,BTC price up in next 15 mins?,KXBTC15M-26MAY171115,2026-05-17T15:15:00Z,active,0.72,0.73,0.27,0.28,0.725,0.66,118383.13,55341.57,1151.0,110.0,2026-05-17T15:06:03.041Z,btc-updown-15m-1779030000,"Bitcoin Up or Down - May 17, 11:00AM-11:15AM ET",btc-updown-15m-1779030000,2026-05-17T15:15:00Z,,0.76,0.78,0.22,0.24,0.77,0.52,772.6159150000002,,12.0,26.06,2026-05-17T15:06:03.041Z,BRTI,78051.29,78030.03,78031.99233333333,60,Polymarket RTDS,78047.19596194502,78016.93440299988,0.97,1.06,
2026-05-17T15:06:05.580Z,2026-05-17T15:06:04.933Z,KXBTC15M-26MAY171115-15,BTC price up in next 15 mins?,KXBTC15M-26MAY171115,2026-05-17T15:15:00Z,active,0.73,0.74,0.26,0.27,0.735,0.66,118383.13,55341.57,211.0,1.0,2026-05-17T15:06:04.980Z,btc-updown-15m-1779030000,"Bitcoin Up or Down - May 17, 11:00AM-11:15AM ET",btc-updown-15m-1779030000,2026-05-17T15:15:00Z,,0.77,0.78,0.22,0.23,0.775,0.52,772.6159150000002,,26.0,28.64,2026-05-17T15:06:04.980Z,BRTI,78051.29,78030.03,78032.40166666666,60,Polymarket RTDS,78050.85183290386,78016.93440299988,0.97,1.05,
2026-05-17T15:06:07.443Z,2026-05-17T15:06:06.945Z,KXBTC15M-26MAY171115-15,BTC price up in next 15 mins?,KXBTC15M-26MAY171115,2026-05-17T15:15:00Z,active,0.74,0.75,0.25,0.26,0.745,0.66,118383.13,55341.57,1221.68,73.3,2026-05-17T15:06:06.994Z,btc-updown-15m-1779030000,"Bitcoin Up or Down - May 17, 11:00AM-11:15AM ET",btc-updown-15m-1779030000,2026-05-17T15:15:00Z,,0.76,0.78,0.22,0.24,0.77,0.52,772.6159150000002,,191.33,0.11,2026-05-17T15:06:06.994Z,BRTI,78051.14,78030.03,78032.81933333333,60,Polymarket RTDS,78051.02494490542,78016.93440299988,0.99,1.04,
2026-05-17T15:06:09.481Z,2026-05-17T15:06:08.942Z,KXBTC15M-26MAY171115-15,BTC price up in next 15 mins?,KXBTC15M-26MAY171115,2026-05-17T15:15:00Z,active,0.74,0.75,0.25,0.26,0.745,0.75,127849.05,52587.34,2858.79,25.0,2026-05-17T15:06:08.993Z,btc-updown-15m-1779030000,"Bitcoin Up or Down - May 17, 11:00AM-11:15AM ET",btc-updown-15m-1779030000,2026-05-17T15:15:00Z,,0.79,0.8,0.2,0.21,0.795,0.52,772.6159150000002,,37.0,92.75,2026-05-17T15:06:08.993Z,BRTI,78054.5,78030.03,78033.57583333334,60,Polymarket RTDS,78054.74259177093,78016.93440299988,0.96,1.06,
2026-05-17T15:06:11.430Z,2026-05-17T15:06:10.923Z,KXBTC15M-26MAY171115-15,BTC price up in next 15 mins?,KXBTC15M-26MAY171115,2026-05-17T15:15:00Z,active,0.75,0.76,0.24,0.25,0.755,0.75,127849.05,52587.34,1136.0,97.28,2026-05-17T15:06:10.973Z,btc-updown-15m-1779030000,"Bitcoin Up or Down - May 17, 11:00AM-11:15AM ET",btc-updown-15m-1779030000,2026-05-17T15:15:00Z,,0.79,0.8,0.2,0.21,0.795,0.52,772.6159150000002,,96.04,212.46,2026-05-17T15:06:10.973Z,BRTI,78049.58,78030.03,78033.96316666667,60,Polymarket RTDS,78056.15794591302,78016.93440299988,0.97,1.05,
2026-05-17T15:06:13.479Z,2026-05-17T15:06:12.932Z,KXBTC15M-26MAY171115-15,BTC price up in next 15 mins?,KXBTC15M-26MAY171115,2026-05-17T15:15:00Z,active,0.77,0.78,0.22,0.23,0.775,0.75,127849.05,52587.34,1114.15,394.0,2026-05-17T15:06:12.978Z,btc-updown-15m-1779030000,"Bitcoin Up or Down - May 17, 11:00AM-11:15AM ET",btc-updown-15m-1779030000,2026-05-17T15:15:00Z,,0.79,0.8,0.2,0.21,0.795,0.52,772.6159150000002,,132.1,98.75,2026-05-17T15:06:12.978Z,BRTI,78049.58,78030.03,78034.08,60,Polymarket RTDS,78057.52928618701,78016.93440299988,0.99,1.03,
2026-05-17T15:06:15.481Z,2026-05-17T15:06:14.950Z,KXBTC15M-26MAY171115-15,BTC price up in next 15 mins?,KXBTC15M-26MAY171115,2026-05-17T15:15:00Z,active,0.75,0.76,0.24,0.25,0.755,0.75,127849.05,52587.34,962.61,163.66,2026-05-17T15:06:15.007Z,btc-updown-15m-1779030000,"Bitcoin Up or Down - May 17, 11:00AM-11:15AM ET",btc-updown-15m-1779030000,2026-05-17T15:15:00Z,,0.79,0.81,0.19,0.21,0.8,0.52,772.6159150000002,,34.19,5.27,2026-05-17T15:06:15.007Z,BRTI,78048.33,78030.03,78034.45083333334,60,Polymarket RTDS,78060.87701365109,78016.93440299988,0.97,1.06,
2026-05-17T15:06:17.516Z,2026-05-17T15:06:16.950Z,KXBTC15M-26MAY171115-15,BTC price up in next 15 mins?,KXBTC15M-26MAY171115,2026-05-17T15:15:00Z,active,0.74,0.76,0.24,0.26,0.75,0.75,127849.05,52587.34,1232.95,115.91,2026-05-17T15:06:17.003Z,btc-updown-15m-1779030000,"Bitcoin Up or Down - May 17, 11:00AM-11:15AM ET",btc-updown-15m-1779030000,2026-05-17T15:15:00Z,,0.77,0.78,0.22,0.23,0.775,0.52,772.6159150000002,,61.86,94.92,2026-05-17T15:06:17.003Z,BRTI,78031.71,78030.03,78034.54033333334,60,Polymarket RTDS,78060.83857847551,78016.93440299988,0.99,1.04,
2026-05-17T15:06:19.446Z,2026-05-17T15:06:18.941Z,KXBTC15M-26MAY171115-15,BTC price up in next 15 mins?,KXBTC15M-26MAY171115,2026-05-17T15:15:00Z,active,0.75,0.76,0.24,0.25,0.755,0.75,127849.05,52587.34,1077.0,200.87,2026-05-17T15:06:18.996Z,btc-updown-15m-1779030000,"Bitcoin Up or Down - May 17, 11:00AM-11:15AM ET",btc-updown-15m-1779030000,2026-05-17T15:15:00Z,,0.77,0.78,0.22,0.23,0.775,0.52,772.6159150000002,,243.48,67.63,2026-05-17T15:06:18.996Z,BRTI,78031.7,78030.03,78034.62316666666,60,Polymarket RTDS,78060.29057847551,78016.93440299988,0.99,1.03,
2026-05-17T15:06:21.459Z,2026-05-17T15:06:20.941Z,KXBTC15M-26MAY171115-15,BTC price up in next 15 mins?,KXBTC15M-26MAY171115,2026-05-17T15:15:00Z,active,0.75,0.76,0.24,0.25,0.755,0.75,127849.05,52587.34,1048.72,28.0,2026-05-17T15:06:20.987Z,btc-updown-15m-1779030000,"Bitcoin Up or Down - May 17, 11:00AM-11:15AM ET",btc-updown-15m-1779030000,2026-05-17T15:15:00Z,,0.77,0.78,0.22,0.23,0.775,0.52,772.6159150000002,,293.48,30.8,2026-05-17T15:06:20.987Z,BRTI,78031.7,78030.03,78034.7125,60,Polymarket RTDS,78060.35303198283,78016.93440299988,0.99,1.03,
2026-05-17T15:06:23.459Z,2026-05-17T15:06:22.947Z,KXBTC15M-26MAY171115-15,BTC price up in next 15 mins?,KXBTC15M-26MAY171115,2026-05-17T15:15:00Z,active,0.75,0.78,0.22,0.25,0.765,0.75,127849.05,52587.34,1141.0,3330.49,2026-05-17T15:06:22.996Z,btc-updown-15m-1779030000,"Bitcoin Up or Down - May 17, 11:00AM-11:15AM ET",btc-updown-15m-1779030000,2026-05-17T15:15:00Z,,0.76,0.77,0.23,0.24,0.765,0.52,772.6159150000002,,267.18,36.0,2026-05-17T15:06:22.996Z,BRTI,78051.29,78030.03,78034.85783333333,60,Polymarket RTDS,78060.34203198283,78016.93440299988,1.02,1.02,
2026-05-17T15:06:25.436Z,2026-05-17T15:06:24.943Z,KXBTC15M-26MAY171115-15,BTC price up in next 15 mins?,KXBTC15M-26MAY171115,2026-05-17T15:15:00Z,active,0.76,0.78,0.22,0.24,0.77,0.75,127849.05,52587.34,932.09,1484.49,2026-05-17T15:06:24.988Z,btc-updown-15m-1779030000,"Bitcoin Up or Down - May 17, 11:00AM-11:15AM ET",btc-updown-15m-1779030000,2026-05-17T15:15:00Z,,0.76,0.77,0.23,0.24,0.765,0.52,772.6159150000002,,427.07,27.57,2026-05-17T15:06:24.988Z,BRTI,78051.14,78030.03,78035.18183333334,60,Polymarket RTDS,78060.3617769896,78016.93440299988,1.02,1.01,
2026-05-17T15:06:27.437Z,2026-05-17T15:06:26.947Z,KXBTC15M-26MAY171115-15,BTC price up in next 15 mins?,KXBTC15M-26MAY171115,2026-05-17T15:15:00Z,active,0.76,0.77,0.23,0.24,0.765,0.75,127849.05,52587.34,21.8,132.45,2026-05-17T15:06:26.992Z,btc-updown-15m-1779030000,"Bitcoin Up or Down - May 17, 11:00AM-11:15AM ET",btc-updown-15m-1779030000,2026-05-17T15:15:00Z,,0.76,0.77,0.23,0.24,0.765,0.52,772.6159150000002,,153.33,13.76,2026-05-17T15:06:26.992Z,BRTI,78048.33,78030.03,78035.55266666667,60,Polymarket RTDS,78060.36069022385,78016.93440299988,1.01,1.01,
2026-05-17T15:06:29.694Z,2026-05-17T15:06:28.943Z,KXBTC15M-26MAY171115-15,BTC price up in next 15 mins?,KXBTC15M-26MAY171115,2026-05-17T15:15:00Z,active,0.76,0.77,0.23,0.24,0.765,0.75,127849.05,52587.34,777.73,21.0,2026-05-17T15:06:29.012Z,btc-updown-15m-1779030000,"Bitcoin Up or Down - May 17, 11:00AM-11:15AM ET",btc-updown-15m-1779030000,2026-05-17T15:15:00Z,,0.78,0.79,0.21,0.22,0.785,0.52,772.6159150000002,,228.36,123.25,2026-05-17T15:06:29.012Z,BRTI,78055.01,78030.03,78036.024,60,Polymarket RTDS,78060.33953728678,78016.93440299988,0.99,1.03,
2026-05-17T15:06:31.473Z,2026-05-17T15:06:30.959Z,KXBTC15M-26MAY171115-15,BTC price up in next 15 mins?,KXBTC15M-26MAY171115,2026-05-17T15:15:00Z,active,0.76,0.77,0.23,0.24,0.765,0.75,127849.05,52587.34,1531.86,14.61,2026-05-17T15:06:31.014Z,btc-updown-15m-1779030000,"Bitcoin Up or Down - May 17, 11:00AM-11:15AM ET",btc-updown-15m-1779030000,2026-05-17T15:15:00Z,,0.78,0.79,0.21,0.22,0.785,0.52,772.6159150000002,,261.81,92.18,2026-05-17T15:06:31.014Z,BRTI,78048.33,78030.03,78036.3905,60,Polymarket RTDS,78060.33953728678,78016.93440299988,0.99,1.03,
2026-05-17T15:06:33.438Z,2026-05-17T15:06:32.936Z,KXBTC15M-26MAY171115-15,BTC price up in next 15 mins?,KXBTC15M-26MAY171115,2026-05-17T15:15:00Z,active,0.77,0.79,0.21,0.23,0.78,0.75,127849.05,52587.34,1538.6,1259.35,2026-05-17T15:06:32.989Z,btc-updown-15m-1779030000,"Bitcoin Up or Down - May 17, 11:00AM-11:15AM ET",btc-updown-15m-1779030000,2026-05-17T15:15:00Z,,0.79,0.8,0.2,0.21,0.795,0.52,772.6159150000002,,299.04,117.02,2026-05-17T15:06:32.989Z,BRTI,78051.14,78030.03,78036.80383333332,60,Polymarket RTDS,78060.97431648393,78016.93440299988,1.0,1.03,
2026-05-17T15:06:35.467Z,2026-05-17T15:06:34.944Z,KXBTC15M-26MAY171115-15,BTC price up in next 15 mins?,KXBTC15M-26MAY171115,2026-05-17T15:15:00Z,active,0.77,0.79,0.21,0.23,0.78,0.75,127849.05,52587.34,1426.32,309.45,2026-05-17T15:06:34.991Z,btc-updown-15m-1779030000,"Bitcoin Up or Down - May 17, 11:00AM-11:15AM ET",btc-updown-15m-1779030000,2026-05-17T15:15:00Z,,0.79,0.8,0.2,0.21,0.795,0.52,772.6159150000002,,296.72,55.01,2026-05-17T15:06:34.991Z,BRTI,78051.29,78030.03,78037.30133333334,60,Polymarket RTDS,78061.42049,78016.93440299988,1.0,1.03,
2026-05-17T15:06:37.467Z,2026-05-17T15:06:36.936Z,KXBTC15M-26MAY171115-15,BTC price up in next 15 mins?,KXBTC15M-26MAY171115,2026-05-17T15:15:00Z,active,0.77,0.79,0.21,0.23,0.78,0.75,127849.05,52587.34,1235.0,66.39,2026-05-17T15:06:36.994Z,btc-updown-15m-1779030000,"Bitcoin Up or Down - May 17, 11:00AM-11:15AM ET",btc-updown-15m-1779030000,2026-05-17T15:15:00Z,,0.8,0.81,0.19,0.2,0.805,0.52,772.6159150000002,,42.3,156.27,2026-05-17T15:06:36.994Z,BRTI,78049.5,78030.03,78037.68083333333,60,Polymarket RTDS,78061.40731648394,78016.93440299988,0.99,1.04,
2026-05-17T15:06:39.438Z,2026-05-17T15:06:38.936Z,KXBTC15M-26MAY171115-15,BTC price up in next 15 mins?,KXBTC15M-26MAY171115,2026-05-17T15:15:00Z,active,0.77,0.79,0.21,0.23,0.78,0.77,139563.08,53102.71,1505.52,217.33,2026-05-17T15:06:38.991Z,btc-updown-15m-1779030000,"Bitcoin Up or Down - May 17, 11:00AM-11:15AM ET",btc-updown-15m-1779030000,2026-05-17T15:15:00Z,,0.78,0.79,0.21,0.22,0.785,0.52,772.6159150000002,,180.97,573.09,2026-05-17T15:06:38.991Z,BRTI,78048.33,78030.03,78038.04733333334,60,Polymarket RTDS,78061.414235,78016.93440299988,1.01,1.02,
2026-05-17T15:06:41.471Z,2026-05-17T15:06:40.947Z,KXBTC15M-26MAY171115-15,BTC price up in next 15 mins?,KXBTC15M-26MAY171115,2026-05-17T15:15:00Z,active,0.78,0.79,0.21,0.22,0.785,0.77,139563.08,53102.71,1000.0,134.97,2026-05-17T15:06:41.000Z,btc-updown-15m-1779030000,"Bitcoin Up or Down - May 17, 11:00AM-11:15AM ET",btc-updown-15m-1779030000,2026-05-17T15:15:00Z,,0.78,0.79,0.21,0.22,0.785,0.52,772.6159150000002,,173.01,591.6,2026-05-17T15:06:41.001Z,BRTI,78054.5,78030.03,78038.42716666666,60,Polymarket RTDS,78061.407295,78016.93440299988,1.01,1.01,
2026-05-17T15:06:43.442Z,2026-05-17T15:06:42.927Z,KXBTC15M-26MAY171115-15,BTC price up in next 15 mins?,KXBTC15M-26MAY171115,2026-05-17T15:15:00Z,active,0.77,0.79,0.21,0.23,0.78,0.77,139563.08,53102.71,1601.0,142.66,2026-05-17T15:06:42.983Z,btc-updown-15m-1779030000,"Bitcoin Up or Down - May 17, 11:00AM-11:15AM ET",btc-updown-15m-1779030000,2026-05-17T15:15:00Z,,0.78,0.79,0.21,0.22,0.785,0.52,772.6159150000002,,173.01,591.6,2026-05-17T15:06:42.983Z,BRTI,78049.58,78030.03,78038.80783333333,60,Polymarket RTDS,78061.48551555682,78016.93440299988,1.01,1.02,
2026-05-17T15:06:45.495Z,2026-05-17T15:06:44.932Z,KXBTC15M-26MAY171115-15,BTC price up in next 15 mins?,KXBTC15M-26MAY171115,2026-05-17T15:15:00Z,active,0.81,0.82,0.18,0.19,0.815,0.77,139563.08,53102.71,1235.0,453.0,2026-05-17T15:06:44.983Z,btc-updown-15m-1779030000,"Bitcoin Up or Down - May 17, 11:00AM-11:15AM ET",btc-updown-15m-1779030000,2026-05-17T15:15:00Z,,0.78,0.79,0.21,0.22,0.785,0.52,772.6159150000002,,222.04,173.54,2026-05-17T15:06:44.983Z,BRTI,78048.33,78030.03,78039.17433333333,60,Polymarket RTDS,78071.1380267115,78016.93440299988,1.04,0.98,
2026-05-17T15:06:47.527Z,2026-05-17T15:06:46.944Z,KXBTC15M-26MAY171115-15,BTC price up in next 15 mins?,KXBTC15M-26MAY171115,2026-05-17T15:15:00Z,active,0.81,0.82,0.18,0.19,0.815,0.77,139563.08,53102.71,1123.0,81.0,2026-05-17T15:06:46.995Z,btc-updown-15m-1779030000,"Bitcoin Up or Down - May 17, 11:00AM-11:15AM ET",btc-updown-15m-1779030000,2026-05-17T15:15:00Z,,0.81,0.82,0.18,0.19,0.815,0.52,772.6159150000002,,60.54,35.67,2026-05-17T15:06:46.995Z,BRTI,78051.29,78030.03,78039.58366666666,60,Polymarket RTDS,78068.97415183428,78016.93440299988,1.01,1.01,
2026-05-17T15:06:49.568Z,2026-05-17T15:06:48.950Z,KXBTC15M-26MAY171115-15,BTC price up in next 15 mins?,KXBTC15M-26MAY171115,2026-05-17T15:15:00Z,active,0.81,0.83,0.17,0.19,0.8200000000000001,0.77,139563.08,53102.71,1123.99,480.44,2026-05-17T15:06:49.003Z,btc-updown-15m-1779030000,"Bitcoin Up or Down - May 17, 11:00AM-11:15AM ET",btc-updown-15m-1779030000,2026-05-17T15:15:00Z,,0.8,0.81,0.19,0.2,0.805,0.52,772.6159150000002,,271.35,22.48,2026-05-17T15:06:49.003Z,BRTI,78055.01,78030.03,78039.97216666667,60,Polymarket RTDS,78068.38297013164,78016.93440299988,1.03,1.0,
2026-05-17T15:06:51.514Z,2026-05-17T15:06:50.947Z,KXBTC15M-26MAY171115-15,BTC price up in next 15 mins?,KXBTC15M-26MAY171115,2026-05-17T15:15:00Z,active,0.82,0.83,0.17,0.18,0.825,0.77,139563.08,53102.71,71.0,815.22,2026-05-17T15:06:51.004Z,btc-updown-15m-1779030000,"Bitcoin Up or Down - May 17, 11:00AM-11:15AM ET",btc-updown-15m-1779030000,2026-05-17T15:15:00Z,,0.8,0.81,0.19,0.2,0.805,0.52,772.6159150000002,,260.33,110.04,2026-05-17T15:06:51.004Z,BRTI,78067.57,78030.03,78040.65933333333,60,Polymarket RTDS,78068.78623866355,78016.93440299988,1.03,0.99,
2026-05-17T15:06:53.458Z,2026-05-17T15:06:52.948Z,KXBTC15M-26MAY171115-15,BTC price up in next 15 mins?,KXBTC15M-26MAY171115,2026-05-17T15:15:00Z,active,0.82,0.83,0.17,0.18,0.825,0.77,139563.08,53102.71,1029.0,179.0,2026-05-17T15:06:52.999Z,btc-updown-15m-1779030000,"Bitcoin Up or Down - May 17, 11:00AM-11:15AM ET",btc-updown-15m-1779030000,2026-05-17T15:15:00Z,,0.8,0.81,0.19,0.2,0.805,0.52,772.6159150000002,,355.08,46.37,2026-05-17T15:06:53.000Z,BRTI,78055.01,78030.03,78041.04783333333,60,Polymarket RTDS,78068.68250960144,78016.93440299988,1.03,0.99,
2026-05-17T15:06:55.472Z,2026-05-17T15:06:54.951Z,KXBTC15M-26MAY171115-15,BTC price up in next 15 mins?,KXBTC15M-26MAY171115,2026-05-17T15:15:00Z,active,0.83,0.84,0.16,0.17,0.835,0.77,139563.08,53102.71,1075.0,275.0,2026-05-17T15:06:54.997Z,btc-updown-15m-1779030000,"Bitcoin Up or Down - May 17, 11:00AM-11:15AM ET",btc-updown-15m-1779030000,2026-05-17T15:15:00Z,,0.81,0.82,0.18,0.19,0.815,0.52,772.6159150000002,,252.71,34.48,2026-05-17T15:06:54.997Z,BRTI,78067.85,78030.03,78041.73316666667,60,Polymarket RTDS,78068.87649592392,78016.93440299988,1.03,0.99,
2026-05-17T15:06:57.451Z,2026-05-17T15:06:56.941Z,KXBTC15M-26MAY171115-15,BTC price up in next 15 mins?,KXBTC15M-26MAY171115,2026-05-17T15:15:00Z,active,0.82,0.84,0.16,0.18,0.83,0.77,139563.08,53102.71,1624.0,239.91,2026-05-17T15:06:56.991Z,btc-updown-15m-1779030000,"Bitcoin Up or Down - May 17, 11:00AM-11:15AM ET",btc-updown-15m-1779030000,2026-05-17T15:15:00Z,,0.81,0.82,0.18,0.19,0.815,0.52,772.6159150000002,,297.02,24.8,2026-05-17T15:06:56.991Z,BRTI,78049.58,78030.03,78042.11383333334,60,Polymarket RTDS,78069.05556601674,78016.93440299988,1.03,1.0,
2026-05-17T15:06:59.583Z,2026-05-17T15:06:58.939Z,KXBTC15M-26MAY171115-15,BTC price up in next 15 mins?,KXBTC15M-26MAY171115,2026-05-17T15:15:00Z,active,0.82,0.83,0.17,0.18,0.825,0.77,139563.08,53102.71,1200.19,149.35,2026-05-17T15:06:59.041Z,btc-updown-15m-1779030000,"Bitcoin Up or Down - May 17, 11:00AM-11:15AM ET",btc-updown-15m-1779030000,2026-05-17T15:15:00Z,,0.81,0.82,0.18,0.19,0.815,0.52,772.6159150000002,,294.52,12.27,2026-05-17T15:06:59.041Z,BRTI,78048.33,78030.03,78042.48466666667,60,Polymarket RTDS,78069.52822342006,78016.93440299988,1.02,1.0,
2026-05-17T15:07:01.558Z,2026-05-17T15:07:00.966Z,KXBTC15M-26MAY171115-15,BTC price up in next 15 mins?,KXBTC15M-26MAY171115,2026-05-17T15:15:00Z,active,0.84,0.85,0.15,0.16,0.845,0.77,139563.08,53102.71,1072.0,192.74,2026-05-17T15:07:01.015Z,btc-updown-15m-1779030000,"Bitcoin Up or Down - May 17, 11:00AM-11:15AM ET",btc-updown-15m-1779030000,2026-05-17T15:15:00Z,,0.8,0.81,0.19,0.2,0.805,0.52,772.6159150000002,,310.16,7.5,2026-05-17T15:07:01.015Z,BRTI,78048.33,78030.03,78042.85116666667,60,Polymarket RTDS,78070.4224571933,78016.93440299988,1.05,0.9700000000000001,
2026-05-17T15:07:03.555Z,2026-05-17T15:07:02.955Z,KXBTC15M-26MAY171115-15,BTC price up in next 15 mins?,KXBTC15M-26MAY171115,2026-05-17T15:15:00Z,active,0.84,0.85,0.15,0.16,0.845,0.77,139563.08,53102.71,552.63,31.45,2026-05-17T15:07:03.032Z,btc-updown-15m-1779030000,"Bitcoin Up or Down - May 17, 11:00AM-11:15AM ET",btc-updown-15m-1779030000,2026-05-17T15:15:00Z,,0.82,0.83,0.17,0.18,0.825,0.52,772.6159150000002,,193.27,36.02,2026-05-17T15:07:03.032Z,BRTI,78049.5,78030.03,78043.23716666667,60,Polymarket RTDS,78071.42922668565,78016.93440299988,1.03,0.99,
2026-05-17T15:07:05.452Z,2026-05-17T15:07:04.941Z,KXBTC15M-26MAY171115-15,BTC price up in next 15 mins?,KXBTC15M-26MAY171115,2026-05-17T15:15:00Z,active,0.85,0.86,0.14,0.15,0.855,0.77,139563.08,53102.71,1293.49,39.3,2026-05-17T15:07:04.987Z,btc-updown-15m-1779030000,"Bitcoin Up or Down - May 17, 11:00AM-11:15AM ET",btc-updown-15m-1779030000,2026-05-17T15:15:00Z,,0.83,0.84,0.16,0.17,0.835,0.52,772.6159150000002,,98.51,42.33,2026-05-17T15:07:04.987Z,BRTI,78082.35,78030.03,78043.80416666667,60,Polymarket RTDS,78073.2602544434,78016.93440299988,1.03,0.99,
2026-05-17T15:07:07.544Z,2026-05-17T15:07:06.949Z,KXBTC15M-26MAY171115-15,BTC price up in next 15 mins?,KXBTC15M-26MAY171115,2026-05-17T15:15:00Z,active,0.85,0.86,0.14,0.15,0.855,0.77,139563.08,53102.71,1138.0,39.3,2026-05-17T15:07:07.009Z,btc-updown-15m-1779030000,"Bitcoin Up or Down - May 17, 11:00AM-11:15AM ET",btc-updown-15m-1779030000,2026-05-17T15:15:00Z,,0.83,0.84,0.16,0.17,0.835,0.52,772.6159150000002,,194.6,42.33,2026-05-17T15:07:07.009Z,BRTI,78051.29,78030.03,78044.22,60,Polymarket RTDS,78073.06361467992,78016.93440299988,1.03,0.99,
2026-05-17T15:07:11.420Z,2026-05-17T15:07:08.943Z,KXBTC15M-26MAY171115-15,BTC price up in next 15 mins?,KXBTC15M-26MAY171115,2026-05-17T15:15:00Z,active,0.84,0.85,0.15,0.16,0.845,0.85,149860.97,53221.97,3846.0,1427.86,2026-05-17T15:07:08.994Z,btc-updown-15m-1779030000,"Bitcoin Up or Down - May 17, 11:00AM-11:15AM ET",btc-updown-15m-1779030000,2026-05-17T15:15:00Z,,0.84,0.85,0.15,0.16,0.845,0.52,772.6159150000002,,12.0,5.0,2026-05-17T15:07:08.994Z,BRTI,78051.29,78030.03,78044.7175,60,Polymarket RTDS,78077.47975753908,78016.93440299988,1.01,1.01,
2026-05-17T15:07:12.520Z,2026-05-17T15:07:11.915Z,KXBTC15M-26MAY171115-15,BTC price up in next 15 mins?,KXBTC15M-26MAY171115,2026-05-17T15:15:00Z,active,0.84,0.85,0.15,0.16,0.845,0.85,149860.97,53221.97,3540.56,1150.73,2026-05-17T15:07:11.979Z,btc-updown-15m-1779030000,"Bitcoin Up or Down - May 17, 11:00AM-11:15AM ET",btc-updown-15m-1779030000,2026-05-17T15:15:00Z,,0.85,0.86,0.14,0.15,0.855,0.52,772.6159150000002,,359.64,37.62,2026-05-17T15:07:11.979Z,BRTI,78051.14,78030.03,78045.04133333333,60,Polymarket RTDS,78077.47825753909,78016.93440299988,1.0,1.02,
2026-05-17T15:07:14.436Z,2026-05-17T15:07:13.915Z,KXBTC15M-26MAY171115-15,BTC price up in next 15 mins?,KXBTC15M-26MAY171115,2026-05-17T15:15:00Z,active,0.84,0.85,0.15,0.16,0.845,0.85,149860.97,53221.97,4057.48,512.94,2026-05-17T15:07:13.961Z,btc-updown-15m-1779030000,"Bitcoin Up or Down - May 17, 11:00AM-11:15AM ET",btc-updown-15m-1779030000,2026-05-17T15:15:00Z,,0.85,0.86,0.14,0.15,0.855,0.52,772.6159150000002,,214.42,36.45,2026-05-17T15:07:13.961Z,BRTI,78051.29,78030.03,78045.45716666666,60,Polymarket RTDS,78078.9617809523,78016.93440299988,1.0,1.02,
2026-05-17T15:07:16.423Z,2026-05-17T15:07:15.915Z,KXBTC15M-26MAY171115-15,BTC price up in next 15 mins?,KXBTC15M-26MAY171115,2026-05-17T15:15:00Z,active,0.84,0.85,0.15,0.16,0.845,0.85,149860.97,53221.97,2767.42,602.38,2026-05-17T15:07:15.971Z,btc-updown-15m-1779030000,"Bitcoin Up or Down - May 17, 11:00AM-11:15AM ET",btc-updown-15m-1779030000,2026-05-17T15:15:00Z,,0.86,0.87,0.13,0.14,0.865,0.52,772.6159150000002,,32.63,85.8,2026-05-17T15:07:15.971Z,BRTI,78051.14,78030.03,78045.86383333334,60,Polymarket RTDS,78079.59019945441,78016.93440299988,0.99,1.03,
2026-05-17T15:07:18.419Z,2026-05-17T15:07:17.907Z,KXBTC15M-26MAY171115-15,BTC price up in next 15 mins?,KXBTC15M-26MAY171115,2026-05-17T15:15:00Z,active,0.85,0.86,0.14,0.15,0.855,0.85,149860.97,53221.97,1258.0,100.0,2026-05-17T15:07:17.956Z,btc-updown-15m-1779030000,"Bitcoin Up or Down - May 17, 11:00AM-11:15AM ET",btc-updown-15m-1779030000,2026-05-17T15:15:00Z,,0.86,0.87,0.13,0.14,0.865,0.52,772.6159150000002,,289.73,73.5,2026-05-17T15:07:17.956Z,BRTI,78049.58,78030.03,78045.88466666666,60,Polymarket RTDS,78079.5939549607,78016.93440299988,1.0,1.02,
2026-05-17T15:07:20.668Z,2026-05-17T15:07:19.904Z,KXBTC15M-26MAY171115-15,BTC price up in next 15 mins?,KXBTC15M-26MAY171115,2026-05-17T15:15:00Z,active,0.85,0.86,0.14,0.15,0.855,0.85,149860.97,53221.97,780.96,91.0,2026-05-17T15:07:19.951Z,btc-updown-15m-1779030000,"Bitcoin Up or Down - May 17, 11:00AM-11:15AM ET",btc-updown-15m-1779030000,2026-05-17T15:15:00Z,,0.86,0.87,0.13,0.14,0.865,0.52,772.6159150000002,,142.13,83.21,2026-05-17T15:07:19.951Z,BRTI,78049.58,78030.03,78046.27200000001,60,Polymarket RTDS,78079.85936864986,78016.93440299988,1.0,1.02,
2026-05-17T15:07:22.474Z,2026-05-17T15:07:21.913Z,KXBTC15M-26MAY171115-15,BTC price up in next 15 mins?,KXBTC15M-26MAY171115,2026-05-17T15:15:00Z,active,0.85,0.86,0.14,0.15,0.855,0.85,149860.97,53221.97,2693.78,14.61,2026-05-17T15:07:21.961Z,btc-updown-15m-1779030000,"Bitcoin Up or Down - May 17, 11:00AM-11:15AM ET",btc-updown-15m-1779030000,2026-05-17T15:15:00Z,,0.86,0.87,0.13,0.14,0.865,0.52,772.6159150000002,,524.0,62.45,2026-05-17T15:07:21.961Z,BRTI,78054.5,78030.03,78046.74133333332,60,Polymarket RTDS,78082.46993233547,78016.93440299988,1.0,1.02,
2026-05-17T15:07:24.394Z,2026-05-17T15:07:23.910Z,KXBTC15M-26MAY171115-15,BTC price up in next 15 mins?,KXBTC15M-26MAY171115,2026-05-17T15:15:00Z,active,0.86,0.87,0.13,0.14,0.865,0.85,149860.97,53221.97,1718.78,221.05,2026-05-17T15:07:23.973Z,btc-updown-15m-1779030000,"Bitcoin Up or Down - May 17, 11:00AM-11:15AM ET",btc-updown-15m-1779030000,2026-05-17T15:15:00Z,,0.86,0.87,0.13,0.14,0.865,0.52,772.6159150000002,,821.85,62.45,2026-05-17T15:07:23.973Z,BRTI,78051.29,78030.03,78047.15716666666,60,Polymarket RTDS,78082.7034083268,78016.93440299988,1.01,1.01,
2026-05-17T15:07:26.414Z,2026-05-17T15:07:25.903Z,KXBTC15M-26MAY171115-15,BTC price up in next 15 mins?,KXBTC15M-26MAY171115,2026-05-17T15:15:00Z,active,0.86,0.87,0.13,0.14,0.865,0.85,149860.97,53221.97,960.54,90.0,2026-05-17T15:07:25.956Z,btc-updown-15m-1779030000,"Bitcoin Up or Down - May 17, 11:00AM-11:15AM ET",btc-updown-15m-1779030000,2026-05-17T15:15:00Z,,0.86,0.87,0.13,0.14,0.865,0.63,10469.058769000005,,746.85,118.96,2026-05-17T15:07:25.956Z,BRTI,78049.58,78030.03,78047.455,60,Polymarket RTDS,78083.0882435337,78016.93440299988,1.01,1.01,
2026-05-17T15:07:28.435Z,2026-05-17T15:07:27.919Z,KXBTC15M-26MAY171115-15,BTC price up in next 15 mins?,KXBTC15M-26MAY171115,2026-05-17T15:15:00Z,active,0.86,0.87,0.13,0.14,0.865,0.85,149860.97,53221.97,848.0,1013.11,2026-05-17T15:07:27.972Z,btc-updown-15m-1779030000,"Bitcoin Up or Down - May 17, 11:00AM-11:15AM ET",btc-updown-15m-1779030000,2026-05-17T15:15:00Z,,0.86,0.87,0.13,0.14,0.865,0.63,10469.058769000005,,659.31,45.31,2026-05-17T15:07:27.972Z,BRTI,78051.29,78030.03,78047.78133333333,60,Polymarket RTDS,78083.39015689002,78016.93440299988,1.01,1.01,
2026-05-17T15:07:30.410Z,2026-05-17T15:07:29.920Z,KXBTC15M-26MAY171115-15,BTC price up in next 15 mins?,KXBTC15M-26MAY171115,2026-05-17T15:15:00Z,active,0.85,0.87,0.13,0.15,0.86,0.85,149860.97,53221.97,1508.38,179.31,2026-05-17T15:07:29.969Z,btc-updown-15m-1779030000,"Bitcoin Up or Down - May 17, 11:00AM-11:15AM ET",btc-updown-15m-1779030000,2026-05-17T15:15:00Z,,0.86,0.87,0.13,0.14,0.865,0.63,10469.058769000005,,659.31,53.81,2026-05-17T15:07:29.969Z,BRTI,78082.35,78030.03,78048.71483333333,60,Polymarket RTDS,78083.40141878836,78016.93440299988,1.01,1.02,
2026-05-17T15:07:32.859Z,2026-05-17T15:07:31.925Z,KXBTC15M-26MAY171115-15,BTC price up in next 15 mins?,KXBTC15M-26MAY171115,2026-05-17T15:15:00Z,active,0.86,0.87,0.13,0.14,0.865,0.85,149860.97,53221.97,1051.0,174.79,2026-05-17T15:07:31.974Z,btc-updown-15m-1779030000,"Bitcoin Up or Down - May 17, 11:00AM-11:15AM ET",btc-updown-15m-1779030000,2026-05-17T15:15:00Z,,0.86,0.87,0.13,0.14,0.865,0.63,10469.058769000005,,648.31,23.4,2026-05-17T15:07:31.974Z,BRTI,78067.57,78030.03,78049.01466666667,60,Polymarket RTDS,78082.02858248557,78016.93440299988,1.01,1.01,
2026-05-17T15:07:34.416Z,2026-05-17T15:07:33.914Z,KXBTC15M-26MAY171115-15,BTC price up in next 15 mins?,KXBTC15M-26MAY171115,2026-05-17T15:15:00Z,active,0.86,0.87,0.13,0.14,0.865,0.85,149860.97,53221.97,1095.56,34.0,2026-05-17T15:07:33.963Z,btc-updown-15m-1779030000,"Bitcoin Up or Down - May 17, 11:00AM-11:15AM ET",btc-updown-15m-1779030000,2026-05-17T15:15:00Z,,0.87,0.88,0.12,0.13,0.875,0.63,10469.058769000005,,85.0,46.14,2026-05-17T15:07:33.963Z,BRTI,78051.29,78030.03,78049.341,60,Polymarket RTDS,78081.88782285855,78016.93440299988,1.0,1.02,
2026-05-17T15:07:36.469Z,2026-05-17T15:07:35.910Z,KXBTC15M-26MAY171115-15,BTC price up in next 15 mins?,KXBTC15M-26MAY171115,2026-05-17T15:15:00Z,active,0.86,0.87,0.13,0.14,0.865,0.85,149860.97,53221.97,1081.75,74.0,2026-05-17T15:07:35.962Z,btc-updown-15m-1779030000,"Bitcoin Up or Down - May 17, 11:00AM-11:15AM ET",btc-updown-15m-1779030000,2026-05-17T15:15:00Z,,0.87,0.88,0.12,0.13,0.875,0.63,10469.058769000005,,164.02,54.9,2026-05-17T15:07:35.962Z,BRTI,78087.96,78030.03,78050.27866666667,60,Polymarket RTDS,78083.38741878835,78016.93440299988,1.0,1.02,
2026-05-17T15:07:38.447Z,2026-05-17T15:07:37.922Z,KXBTC15M-26MAY171115-15,BTC price up in next 15 mins?,KXBTC15M-26MAY171115,2026-05-17T15:15:00Z,active,0.86,0.87,0.13,0.14,0.865,0.87,163325.43,49940.03,559.39,66.0,2026-05-17T15:07:37.975Z,btc-updown-15m-1779030000,"Bitcoin Up or Down - May 17, 11:00AM-11:15AM ET",btc-updown-15m-1779030000,2026-05-17T15:15:00Z,,0.87,0.88,0.12,0.13,0.875,0.63,10469.058769000005,,179.01,41.92,2026-05-17T15:07:37.975Z,BRTI,78087.25,78030.03,78051.29383333333,60,Polymarket RTDS,78083.38741878835,78016.93440299988,1.0,1.02,
2026-05-17T15:07:40.459Z,2026-05-17T15:07:39.920Z,KXBTC15M-26MAY171115-15,BTC price up in next 15 mins?,KXBTC15M-26MAY171115,2026-05-17T15:15:00Z,active,0.87,0.88,0.12,0.13,0.875,0.87,163325.43,49940.03,993.26,78.46,2026-05-17T15:07:39.974Z,btc-updown-15m-1779030000,"Bitcoin Up or Down - May 17, 11:00AM-11:15AM ET",btc-updown-15m-1779030000,2026-05-17T15:15:00Z,,0.88,0.89,0.11,0.12,0.885,0.63,10469.058769000005,,12.0,260.36,2026-05-17T15:07:39.974Z,BRTI,78087.96,78030.03,78052.32083333333,60,Polymarket RTDS,78083.38741878835,78016.93440299988,1.0,1.02,
2026-05-17T15:07:42.435Z,2026-05-17T15:07:41.919Z,KXBTC15M-26MAY171115-15,BTC price up in next 15 mins?,KXBTC15M-26MAY171115,2026-05-17T15:15:00Z,active,0.87,0.88,0.12,0.13,0.875,0.87,163325.43,49940.03,767.93,25.0,2026-05-17T15:07:41.964Z,btc-updown-15m-1779030000,"Bitcoin Up or Down - May 17, 11:00AM-11:15AM ET",btc-updown-15m-1779030000,2026-05-17T15:15:00Z,,0.88,0.89,0.11,0.12,0.885,0.63,10469.058769000005,,226.4,280.1,2026-05-17T15:07:41.964Z,BRTI,78087.96,78030.03,78053.34783333333,60,Polymarket RTDS,78083.32041878835,78016.93440299988,1.0,1.02,
2026-05-17T15:07:44.518Z,2026-05-17T15:07:43.914Z,KXBTC15M-26MAY171115-15,BTC price up in next 15 mins?,KXBTC15M-26MAY171115,2026-05-17T15:15:00Z,active,0.84,0.85,0.15,0.16,0.845,0.87,163325.43,49940.03,0.59,1311.0,2026-05-17T15:07:43.977Z,btc-updown-15m-1779030000,"Bitcoin Up or Down - May 17, 11:00AM-11:15AM ET",btc-updown-15m-1779030000,2026-05-17T15:15:00Z,,0.88,0.89,0.11,0.12,0.885,0.63,10469.058769000005,,209.92,253.95,2026-05-17T15:07:43.977Z,BRTI,78082.35,78030.03,78054.19183333333,60,Polymarket RTDS,78083.07471367891,78016.93440299988,0.97,1.05,
2026-05-17T15:07:46.460Z,2026-05-17T15:07:45.930Z,KXBTC15M-26MAY171115-15,BTC price up in next 15 mins?,KXBTC15M-26MAY171115,2026-05-17T15:15:00Z,active,0.82,0.83,0.17,0.18,0.825,0.87,163325.43,49940.03,635.23,92.0,2026-05-17T15:07:45.984Z,btc-updown-15m-1779030000,"Bitcoin Up or Down - May 17, 11:00AM-11:15AM ET",btc-updown-15m-1779030000,2026-05-17T15:15:00Z,,0.86,0.87,0.13,0.14,0.865,0.63,10469.058769000005,,209.59,230.97,2026-05-17T15:07:45.984Z,BRTI,78087.76,78030.03,78054.79966666667,60,Polymarket RTDS,78073.01598250777,78016.93440299988,0.97,1.05,
2026-05-17T15:07:48.555Z,2026-05-17T15:07:47.934Z,KXBTC15M-26MAY171115-15,BTC price up in next 15 mins?,KXBTC15M-26MAY171115,2026-05-17T15:15:00Z,active,0.82,0.83,0.17,0.18,0.825,0.87,163325.43,49940.03,1474.84,205.26,2026-05-17T15:07:47.980Z,btc-updown-15m-1779030000,"Bitcoin Up or Down - May 17, 11:00AM-11:15AM ET",btc-updown-15m-1779030000,2026-05-17T15:15:00Z,,0.86,0.87,0.13,0.14,0.865,0.63,10469.058769000005,,209.59,258.29,2026-05-17T15:07:47.980Z,BRTI,78067.57,78030.03,78055.0735,60,Polymarket RTDS,78070.09294728716,78016.93440299988,0.97,1.05,
2026-05-17T15:07:50.705Z,2026-05-17T15:07:49.912Z,KXBTC15M-26MAY171115-15,BTC price up in next 15 mins?,KXBTC15M-26MAY171115,2026-05-17T15:15:00Z,active,0.82,0.83,0.17,0.18,0.825,0.87,163325.43,49940.03,1525.06,378.5,2026-05-17T15:07:49.961Z,btc-updown-15m-1779030000,"Bitcoin Up or Down - May 17, 11:00AM-11:15AM ET",btc-updown-15m-1779030000,2026-05-17T15:15:00Z,,0.86,0.87,0.13,0.14,0.865,0.63,10469.058769000005,,5.58,318.73,2026-05-17T15:07:49.961Z,BRTI,78087.68,78030.03,78056.00649999999,60,Polymarket RTDS,78069.052715,78016.93440299988,0.97,1.05,
2026-05-17T15:07:52.451Z,2026-05-17T15:07:51.905Z,KXBTC15M-26MAY171115-15,BTC price up in next 15 mins?,KXBTC15M-26MAY171115,2026-05-17T15:15:00Z,active,0.82,0.83,0.17,0.18,0.825,0.87,163325.43,49940.03,1439.37,336.5,2026-05-17T15:07:51.955Z,btc-updown-15m-1779030000,"Bitcoin Up or Down - May 17, 11:00AM-11:15AM ET",btc-updown-15m-1779030000,2026-05-17T15:15:00Z,,0.84,0.85,0.15,0.16,0.845,0.63,10469.058769000005,,44.0,33.62,2026-05-17T15:07:51.955Z,BRTI,78067.85,78030.03,78056.2825,60,Polymarket RTDS,78069.2991429241,78016.93440299988,0.99,1.03,
2026-05-17T15:07:54.442Z,2026-05-17T15:07:53.909Z,KXBTC15M-26MAY171115-15,BTC price up in next 15 mins?,KXBTC15M-26MAY171115,2026-05-17T15:15:00Z,active,0.82,0.83,0.17,0.18,0.825,0.87,163325.43,49940.03,1015.89,261.5,2026-05-17T15:07:53.957Z,btc-updown-15m-1779030000,"Bitcoin Up or Down - May 17, 11:00AM-11:15AM ET",btc-updown-15m-1779030000,2026-05-17T15:15:00Z,,0.84,0.85,0.15,0.16,0.845,0.63,10469.058769000005,,217.59,157.27,2026-05-17T15:07:53.957Z,BRTI,78090.35,78030.03,78056.936,60,Polymarket RTDS,78069.25091325777,78016.93440299988,0.99,1.03,
2026-05-17T15:07:56.436Z,2026-05-17T15:07:55.927Z,KXBTC15M-26MAY171115-15,BTC price up in next 15 mins?,KXBTC15M-26MAY171115,2026-05-17T15:15:00Z,active,0.82,0.83,0.17,0.18,0.825,0.87,163325.43,49940.03,813.41,131.5,2026-05-17T15:07:55.974Z,btc-updown-15m-1779030000,"Bitcoin Up or Down - May 17, 11:00AM-11:15AM ET",btc-updown-15m-1779030000,2026-05-17T15:15:00Z,,0.84,0.85,0.15,0.16,0.845,0.63,10469.058769000005,,49.1,170.21,2026-05-17T15:07:55.974Z,BRTI,78090.35,78030.03,78057.6155,60,Polymarket RTDS,78069.32131535084,78016.93440299988,0.99,1.03,
2026-05-17T15:07:58.473Z,2026-05-17T15:07:57.911Z,KXBTC15M-26MAY171115-15,BTC price up in next 15 mins?,KXBTC15M-26MAY171115,2026-05-17T15:15:00Z,active,0.81,0.82,0.18,0.19,0.815,0.87,163325.43,49940.03,1153.75,10.0,2026-05-17T15:07:57.960Z,btc-updown-15m-1779030000,"Bitcoin Up or Down - May 17, 11:00AM-11:15AM ET",btc-updown-15m-1779030000,2026-05-17T15:15:00Z,,0.83,0.84,0.16,0.17,0.835,0.63,10469.058769000005,,145.07,112.87,2026-05-17T15:07:57.960Z,BRTI,78075.4,78030.03,78058.04583333334,60,Polymarket RTDS,78069.28072692611,78016.93440299988,0.99,1.03,
2026-05-17T15:08:00.487Z,2026-05-17T15:07:59.908Z,KXBTC15M-26MAY171115-15,BTC price up in next 15 mins?,KXBTC15M-26MAY171115,2026-05-17T15:15:00Z,active,0.82,0.83,0.17,0.18,0.825,0.87,163325.43,49940.03,1015.0,75.0,2026-05-17T15:07:59.957Z,btc-updown-15m-1779030000,"Bitcoin Up or Down - May 17, 11:00AM-11:15AM ET",btc-updown-15m-1779030000,2026-05-17T15:15:00Z,,0.83,0.84,0.16,0.17,0.835,0.63,10469.058769000005,,141.69,172.28,2026-05-17T15:07:59.957Z,BRTI,78087.25,78030.03,78058.58316666666,60,Polymarket RTDS,78067.93682367391,78016.93440299988,1.0,1.02,
2026-05-17T15:08:02.482Z,2026-05-17T15:08:01.907Z,KXBTC15M-26MAY171115-15,BTC price up in next 15 mins?,KXBTC15M-26MAY171115,2026-05-17T15:15:00Z,active,0.82,0.83,0.17,0.18,0.825,0.87,163325.43,49940.03,1127.0,23.0,2026-05-17T15:08:01.969Z,btc-updown-15m-1779030000,"Bitcoin Up or Down - May 17, 11:00AM-11:15AM ET",btc-updown-15m-1779030000,2026-05-17T15:15:00Z,,0.83,0.84,0.16,0.17,0.835,0.63,10469.058769000005,,136.98,149.36,2026-05-17T15:08:01.969Z,BRTI,78067.57,78030.03,78059.18083333333,60,Polymarket RTDS,78067.55935379931,78016.93440299988,1.0,1.02,
2026-05-17T15:08:04.489Z,2026-05-17T15:08:03.919Z,KXBTC15M-26MAY171115-15,BTC price up in next 15 mins?,KXBTC15M-26MAY171115,2026-05-17T15:15:00Z,active,0.83,0.84,0.16,0.17,0.835,0.87,163325.43,49940.03,1073.95,1213.15,2026-05-17T15:08:03.963Z,btc-updown-15m-1779030000,"Bitcoin Up or Down - May 17, 11:00AM-11:15AM ET",btc-updown-15m-1779030000,2026-05-17T15:15:00Z,,0.83,0.84,0.16,0.17,0.835,0.63,10469.058769000005,,143.98,143.15,2026-05-17T15:08:03.963Z,BRTI,78087.25,78030.03,78059.78016666666,60,Polymarket RTDS,78067.35850090114,78016.93440299988,1.01,1.01,
2026-05-17T15:08:06.438Z,2026-05-17T15:08:05.905Z,KXBTC15M-26MAY171115-15,BTC price up in next 15 mins?,KXBTC15M-26MAY171115,2026-05-17T15:15:00Z,active,0.81,0.83,0.17,0.19,0.8200000000000001,0.87,163325.43,49940.03,1168.75,2165.15,2026-05-17T15:08:05.956Z,btc-updown-15m-1779030000,"Bitcoin Up or Down - May 17, 11:00AM-11:15AM ET",btc-updown-15m-1779030000,2026-05-17T15:15:00Z,,0.83,0.84,0.16,0.17,0.835,0.63,10469.058769000005,,78.61,90.94,2026-05-17T15:08:05.956Z,BRTI,78087.25,78030.03,78060.3795,60,Polymarket RTDS,78067.25200532028,78016.93440299988,1.0,1.03,
2026-05-17T15:08:08.482Z,2026-05-17T15:08:07.911Z,KXBTC15M-26MAY171115-15,BTC price up in next 15 mins?,KXBTC15M-26MAY171115,2026-05-17T15:15:00Z,active,0.79,0.8,0.2,0.21,0.795,0.79,176730.43,55796.56,139.61,18.27,2026-05-17T15:08:07.963Z,btc-updown-15m-1779030000,"Bitcoin Up or Down - May 17, 11:00AM-11:15AM ET",btc-updown-15m-1779030000,2026-05-17T15:15:00Z,,0.82,0.83,0.17,0.18,0.825,0.63,10469.058769000005,,10.56,10.0,2026-05-17T15:08:07.963Z,BRTI,78087.76,78030.03,78060.98983333333,60,Polymarket RTDS,78066.56184855198,78016.93440299988,0.98,1.04,
2026-05-17T15:08:10.599Z,2026-05-17T15:08:09.901Z,KXBTC15M-26MAY171115-15,BTC price up in next 15 mins?,KXBTC15M-26MAY171115,2026-05-17T15:15:00Z,active,0.81,0.82,0.18,0.19,0.815,0.79,176730.43,55796.56,1027.0,235.0,2026-05-17T15:08:09.949Z,btc-updown-15m-1779030000,"Bitcoin Up or Down - May 17, 11:00AM-11:15AM ET",btc-updown-15m-1779030000,2026-05-17T15:15:00Z,,0.81,0.82,0.18,0.19,0.815,0.63,10469.058769000005,,1129.71,17.34,2026-05-17T15:08:09.949Z,BRTI,78067.85,78030.03,78061.21233333334,60,Polymarket RTDS,78061.90977322121,78016.93440299988,1.01,1.01,
2026-05-17T15:08:12.399Z,2026-05-17T15:08:11.897Z,KXBTC15M-26MAY171115-15,BTC price up in next 15 mins?,KXBTC15M-26MAY171115,2026-05-17T15:15:00Z,active,0.81,0.82,0.18,0.19,0.815,0.79,176730.43,55796.56,722.13,235.33,2026-05-17T15:08:11.970Z,btc-updown-15m-1779030000,"Bitcoin Up or Down - May 17, 11:00AM-11:15AM ET",btc-updown-15m-1779030000,2026-05-17T15:15:00Z,,0.81,0.82,0.18,0.19,0.815,0.63,10469.058769000005,,1004.68,72.72,2026-05-17T15:08:11.970Z,BRTI,78067.85,78030.03,78061.51683333333,60,Polymarket RTDS,78061.85461894513,78016.93440299988,1.01,1.01,
2026-05-17T15:08:14.431Z,2026-05-17T15:08:13.914Z,KXBTC15M-26MAY171115-15,BTC price up in next 15 mins?,KXBTC15M-26MAY171115,2026-05-17T15:15:00Z,active,0.8,0.81,0.19,0.2,0.805,0.79,176730.43,55796.56,551.42,500.0,2026-05-17T15:08:13.969Z,btc-updown-15m-1779030000,"Bitcoin Up or Down - May 17, 11:00AM-11:15AM ET",btc-updown-15m-1779030000,2026-05-17T15:15:00Z,,0.81,0.82,0.18,0.19,0.815,0.63,10469.058769000005,,1004.68,47.1,2026-05-17T15:08:13.969Z,BRTI,78087.25,78030.03,78062.14466666666,60,Polymarket RTDS,78061.81861894514,78016.93440299988,1.0,1.02,
2026-05-17T15:08:16.460Z,2026-05-17T15:08:15.914Z,KXBTC15M-26MAY171115-15,BTC price up in next 15 mins?,KXBTC15M-26MAY171115,2026-05-17T15:15:00Z,active,0.79,0.81,0.19,0.21,0.8,0.79,176730.43,55796.56,2260.43,486.57,2026-05-17T15:08:15.970Z,btc-updown-15m-1779030000,"Bitcoin Up or Down - May 17, 11:00AM-11:15AM ET",btc-updown-15m-1779030000,2026-05-17T15:15:00Z,,0.81,0.82,0.18,0.19,0.815,0.63,10469.058769000005,,989.43,97.15,2026-05-17T15:08:15.970Z,BRTI,78067.57,78030.03,78062.46533333333,60,Polymarket RTDS,78061.82111894514,78016.93440299988,1.0,1.03,
2026-05-17T15:08:18.610Z,2026-05-17T15:08:17.915Z,KXBTC15M-26MAY171115-15,BTC price up in next 15 mins?,KXBTC15M-26MAY171115,2026-05-17T15:15:00Z,active,0.8,0.81,0.19,0.2,0.805,0.79,176730.43,55796.56,1014.48,575.57,2026-05-17T15:08:17.972Z,btc-updown-15m-1779030000,"Bitcoin Up or Down - May 17, 11:00AM-11:15AM ET",btc-updown-15m-1779030000,2026-05-17T15:15:00Z,,0.81,0.82,0.18,0.19,0.815,0.63,10469.058769000005,,964.43,6.0,2026-05-17T15:08:17.972Z,BRTI,78067.57,78030.03,78063.06300000001,60,Polymarket RTDS,78061.81761894513,78016.93440299988,1.0,1.02,
2026-05-17T15:08:20.481Z,2026-05-17T15:08:19.924Z,KXBTC15M-26MAY171115-15,BTC price up in next 15 mins?,KXBTC15M-26MAY171115,2026-05-17T15:15:00Z,active,0.79,0.81,0.19,0.21,0.8,0.79,176730.43,55796.56,204.15,497.57,2026-05-17T15:08:19.971Z,btc-updown-15m-1779030000,"Bitcoin Up or Down - May 17, 11:00AM-11:15AM ET",btc-updown-15m-1779030000,2026-05-17T15:15:00Z,,0.81,0.82,0.18,0.19,0.815,0.63,10469.058769000005,,964.43,6.0,2026-05-17T15:08:19.971Z,BRTI,78087.76,78030.03,78063.99733333333,60,Polymarket RTDS,78061.81961894514,78016.93440299988,1.0,1.03,
2026-05-17T15:08:22.454Z,2026-05-17T15:08:21.923Z,KXBTC15M-26MAY171115-15,BTC price up in next 15 mins?,KXBTC15M-26MAY171115,2026-05-17T15:15:00Z,active,0.8,0.81,0.19,0.2,0.805,0.79,176730.43,55796.56,899.15,172.57,2026-05-17T15:08:21.974Z,btc-updown-15m-1779030000,"Bitcoin Up or Down - May 17, 11:00AM-11:15AM ET",btc-updown-15m-1779030000,2026-05-17T15:15:00Z,,0.81,0.82,0.18,0.19,0.815,0.63,10469.058769000005,,982.23,6.0,2026-05-17T15:08:21.974Z,BRTI,78090.35,78030.03,78064.97483333334,60,Polymarket RTDS,78061.82161894513,78016.93440299988,1.0,1.02,
2026-05-17T15:08:24.540Z,2026-05-17T15:08:23.909Z,KXBTC15M-26MAY171115-15,BTC price up in next 15 mins?,KXBTC15M-26MAY171115,2026-05-17T15:15:00Z,active,0.81,0.82,0.18,0.19,0.815,0.79,176730.43,55796.56,651.49,1853.15,2026-05-17T15:08:23.959Z,btc-updown-15m-1779030000,"Bitcoin Up or Down - May 17, 11:00AM-11:15AM ET",btc-updown-15m-1779030000,2026-05-17T15:15:00Z,,0.82,0.83,0.17,0.18,0.825,0.63,10469.058769000005,,62.96,69.5,2026-05-17T15:08:23.959Z,BRTI,78087.68,78030.03,78065.58133333334,60,Polymarket RTDS,78061.82261894514,78016.93440299988,1.0,1.02,
2026-05-17T15:08:26.442Z,2026-05-17T15:08:25.915Z,KXBTC15M-26MAY171115-15,BTC price up in next 15 mins?,KXBTC15M-26MAY171115,2026-05-17T15:15:00Z,active,0.8,0.81,0.19,0.2,0.805,0.79,176730.43,55796.56,971.6,99.0,2026-05-17T15:08:25.972Z,btc-updown-15m-1779030000,"Bitcoin Up or Down - May 17, 11:00AM-11:15AM ET",btc-updown-15m-1779030000,2026-05-17T15:15:00Z,,0.82,0.83,0.17,0.18,0.825,0.63,10469.058769000005,,109.33,9.88,2026-05-17T15:08:25.972Z,BRTI,78087.25,78030.03,78066.18316666667,60,Polymarket RTDS,78061.82461894513,78016.93440299988,0.99,1.03,
2026-05-17T15:08:28.425Z,2026-05-17T15:08:27.922Z,KXBTC15M-26MAY171115-15,BTC price up in next 15 mins?,KXBTC15M-26MAY171115,2026-05-17T15:15:00Z,active,0.8,0.82,0.18,0.2,0.81,0.79,176730.43,55796.56,1069.18,310.0,2026-05-17T15:08:27.972Z,btc-updown-15m-1779030000,"Bitcoin Up or Down - May 17, 11:00AM-11:15AM ET",btc-updown-15m-1779030000,2026-05-17T15:15:00Z,,0.83,0.84,0.16,0.17,0.835,0.63,10469.058769000005,,32.0,73.91,2026-05-17T15:08:27.972Z,BRTI,78075.4,78030.03,78066.63433333332,60,Polymarket RTDS,78061.51239237355,78016.93440299988,0.99,1.04,
2026-05-17T15:08:30.500Z,2026-05-17T15:08:29.913Z,KXBTC15M-26MAY171115-15,BTC price up in next 15 mins?,KXBTC15M-26MAY171115,2026-05-17T15:15:00Z,active,0.81,0.82,0.18,0.19,0.815,0.79,176730.43,55796.56,1010.0,209.0,2026-05-17T15:08:29.964Z,btc-updown-15m-1779030000,"Bitcoin Up or Down - May 17, 11:00AM-11:15AM ET",btc-updown-15m-1779030000,2026-05-17T15:15:00Z,,0.83,0.84,0.16,0.17,0.835,0.63,10469.058769000005,,174.9,43.79,2026-05-17T15:08:29.964Z,BRTI,78068.57,78030.03,78066.86033333333,60,Polymarket RTDS,78061.51189237356,78016.93440299988,0.99,1.03,
2026-05-17T15:08:32.448Z,2026-05-17T15:08:31.917Z,KXBTC15M-26MAY171115-15,BTC price up in next 15 mins?,KXBTC15M-26MAY171115,2026-05-17T15:15:00Z,active,0.8,0.82,0.18,0.2,0.81,0.79,176730.43,55796.56,1141.0,206.0,2026-05-17T15:08:31.967Z,btc-updown-15m-1779030000,"Bitcoin Up or Down - May 17, 11:00AM-11:15AM ET",btc-updown-15m-1779030000,2026-05-17T15:15:00Z,,0.83,0.84,0.16,0.17,0.835,0.63,10469.058769000005,,174.9,30.75,2026-05-17T15:08:31.967Z,BRTI,78082.35,78030.03,78067.42733333333,60,Polymarket RTDS,78061.51389237355,78016.93440299988,0.99,1.04,
2026-05-17T15:08:34.459Z,2026-05-17T15:08:33.912Z,KXBTC15M-26MAY171115-15,BTC price up in next 15 mins?,KXBTC15M-26MAY171115,2026-05-17T15:15:00Z,active,0.81,0.82,0.18,0.19,0.815,0.79,176730.43,55796.56,1025.0,129.0,2026-05-17T15:08:33.958Z,btc-updown-15m-1779030000,"Bitcoin Up or Down - May 17, 11:00AM-11:15AM ET",btc-updown-15m-1779030000,2026-05-17T15:15:00Z,,0.83,0.84,0.16,0.17,0.835,0.63,10469.058769000005,,113.15,30.75,2026-05-17T15:08:33.958Z,BRTI,78069.15,78030.03,78067.72750000001,60,Polymarket RTDS,78061.51589237354,78016.93440299988,0.99,1.03,
2026-05-17T15:08:36.448Z,2026-05-17T15:08:35.916Z,KXBTC15M-26MAY171115-15,BTC price up in next 15 mins?,KXBTC15M-26MAY171115,2026-05-17T15:15:00Z,active,0.82,0.83,0.17,0.18,0.825,0.79,176730.43,55796.56,1000.0,239.0,2026-05-17T15:08:35.973Z,btc-updown-15m-1779030000,"Bitcoin Up or Down - May 17, 11:00AM-11:15AM ET",btc-updown-15m-1779030000,2026-05-17T15:15:00Z,,0.84,0.85,0.15,0.16,0.845,0.63,10469.058769000005,,81.24,115.35,2026-05-17T15:08:35.973Z,BRTI,78082.35,78030.03,78068.24516666666,60,Polymarket RTDS,78061.20316580196,78016.93440299988,0.99,1.03,
2026-05-17T15:08:38.436Z,2026-05-17T15:08:37.922Z,KXBTC15M-26MAY171115-15,BTC price up in next 15 mins?,KXBTC15M-26MAY171115,2026-05-17T15:15:00Z,active,0.81,0.83,0.17,0.19,0.8200000000000001,0.83,185709.35,58573.95,1030.88,67.47,2026-05-17T15:08:37.971Z,btc-updown-15m-1779030000,"Bitcoin Up or Down - May 17, 11:00AM-11:15AM ET",btc-updown-15m-1779030000,2026-05-17T15:15:00Z,,0.83,0.84,0.16,0.17,0.835,0.63,10469.058769000005,,17.8,34.3,2026-05-17T15:08:37.971Z,BRTI,78087.96,78030.03,78068.88616666666,60,Polymarket RTDS,78061.20416580194,78016.93440299988,1.0,1.03,
2026-05-17T15:08:40.419Z,2026-05-17T15:08:39.925Z,KXBTC15M-26MAY171115-15,BTC price up in next 15 mins?,KXBTC15M-26MAY171115,2026-05-17T15:15:00Z,active,0.81,0.83,0.17,0.19,0.8200000000000001,0.83,185709.35,58573.95,603.45,133.0,2026-05-17T15:08:39.972Z,btc-updown-15m-1779030000,"Bitcoin Up or Down - May 17, 11:00AM-11:15AM ET",btc-updown-15m-1779030000,2026-05-17T15:15:00Z,,0.83,0.84,0.16,0.17,0.835,0.63,10469.058769000005,,180.45,29.72,2026-05-17T15:08:39.972Z,BRTI,78069.15,78030.03,78069.23316666667,60,Polymarket RTDS,78061.20416580194,78016.93440299988,1.0,1.03,
2026-05-17T15:08:42.451Z,2026-05-17T15:08:41.923Z,KXBTC15M-26MAY171115-15,BTC price up in next 15 mins?,KXBTC15M-26MAY171115,2026-05-17T15:15:00Z,active,0.82,0.83,0.17,0.18,0.825,0.83,185709.35,58573.95,1008.74,65.0,2026-05-17T15:08:41.977Z,btc-updown-15m-1779030000,"Bitcoin Up or Down - May 17, 11:00AM-11:15AM ET",btc-updown-15m-1779030000,2026-05-17T15:15:00Z,,0.83,0.84,0.16,0.17,0.835,0.63,10469.058769000005,,171.33,27.66,2026-05-17T15:08:41.977Z,BRTI,78082.35,78030.03,78069.69733333333,60,Polymarket RTDS,78061.21066580195,78016.93440299988,1.0,1.02,
2026-05-17T15:08:44.479Z,2026-05-17T15:08:43.916Z,KXBTC15M-26MAY171115-15,BTC price up in next 15 mins?,KXBTC15M-26MAY171115,2026-05-17T15:15:00Z,active,0.81,0.83,0.17,0.19,0.8200000000000001,0.83,185709.35,58573.95,1259.69,47.08,2026-05-17T15:08:43.966Z,btc-updown-15m-1779030000,"Bitcoin Up or Down - May 17, 11:00AM-11:15AM ET",btc-updown-15m-1779030000,2026-05-17T15:15:00Z,,0.83,0.84,0.16,0.17,0.835,0.63,10469.058769000005,,49.65,61.65,2026-05-17T15:08:43.966Z,BRTI,78090.35,78030.03,78070.37683333334,60,Polymarket RTDS,78061.99704313044,78016.93440299988,1.0,1.03,
2026-05-17T15:08:46.462Z,2026-05-17T15:08:45.928Z,KXBTC15M-26MAY171115-15,BTC price up in next 15 mins?,KXBTC15M-26MAY171115,2026-05-17T15:15:00Z,active,0.81,0.83,0.17,0.19,0.8200000000000001,0.83,185709.35,58573.95,1241.33,151.83,2026-05-17T15:08:45.977Z,btc-updown-15m-1779030000,"Bitcoin Up or Down - May 17, 11:00AM-11:15AM ET",btc-updown-15m-1779030000,2026-05-17T15:15:00Z,,0.83,0.84,0.16,0.17,0.835,0.63,10469.058769000005,,43.16,68.94,2026-05-17T15:08:45.977Z,BRTI,78087.25,78030.03,78071.0255,60,Polymarket RTDS,78062.0490460578,78016.93440299988,1.0,1.03,
2026-05-17T15:08:48.471Z,2026-05-17T15:08:47.946Z,KXBTC15M-26MAY171115-15,BTC price up in next 15 mins?,KXBTC15M-26MAY171115,2026-05-17T15:15:00Z,active,0.81,0.82,0.18,0.19,0.815,0.83,185709.35,58573.95,1031.67,75.0,2026-05-17T15:08:48.001Z,btc-updown-15m-1779030000,"Bitcoin Up or Down - May 17, 11:00AM-11:15AM ET",btc-updown-15m-1779030000,2026-05-17T15:15:00Z,,0.83,0.84,0.16,0.17,0.835,0.63,10469.058769000005,,38.16,44.45,2026-05-17T15:08:48.001Z,BRTI,78087.96,78030.03,78071.63666666667,60,Polymarket RTDS,78062.0490460578,78016.93440299988,0.99,1.03,
2026-05-17T15:08:50.470Z,2026-05-17T15:08:49.908Z,KXBTC15M-26MAY171115-15,BTC price up in next 15 mins?,KXBTC15M-26MAY171115,2026-05-17T15:15:00Z,active,0.81,0.83,0.17,0.19,0.8200000000000001,0.83,185709.35,58573.95,1233.85,208.0,2026-05-17T15:08:49.965Z,btc-updown-15m-1779030000,"Bitcoin Up or Down - May 17, 11:00AM-11:15AM ET",btc-updown-15m-1779030000,2026-05-17T15:15:00Z,,0.83,0.84,0.16,0.17,0.835,0.63,10469.058769000005,,33.0,44.45,2026-05-17T15:08:49.965Z,BRTI,78075.4,78030.03,78071.9765,60,Polymarket RTDS,78062.7835460578,78016.93440299988,1.0,1.03,
2026-05-17T15:08:52.466Z,2026-05-17T15:08:51.915Z,KXBTC15M-26MAY171115-15,BTC price up in next 15 mins?,KXBTC15M-26MAY171115,2026-05-17T15:15:00Z,active,0.82,0.83,0.17,0.18,0.825,0.83,185709.35,58573.95,1087.0,124.49,2026-05-17T15:08:51.971Z,btc-updown-15m-1779030000,"Bitcoin Up or Down - May 17, 11:00AM-11:15AM ET",btc-updown-15m-1779030000,2026-05-17T15:15:00Z,,0.83,0.84,0.16,0.17,0.835,0.63,10469.058769000005,,43.51,35.45,2026-05-17T15:08:51.971Z,BRTI,78087.25,78030.03,78072.30450000001,60,Polymarket RTDS,78062.7785460578,78016.93440299988,1.0,1.02,
2026-05-17T15:08:54.508Z,2026-05-17T15:08:53.912Z,KXBTC15M-26MAY171115-15,BTC price up in next 15 mins?,KXBTC15M-26MAY171115,2026-05-17T15:15:00Z,active,0.82,0.83,0.17,0.18,0.825,0.83,185709.35,58573.95,977.97,38.34,2026-05-17T15:08:53.975Z,btc-updown-15m-1779030000,"Bitcoin Up or Down - May 17, 11:00AM-11:15AM ET",btc-updown-15m-1779030000,2026-05-17T15:15:00Z,,0.83,0.84,0.16,0.17,0.835,0.63,10469.058769000005,,83.51,31.93,2026-05-17T15:08:53.975Z,BRTI,78087.96,78030.03,78072.85366666666,60,Polymarket RTDS,78062.7730460578,78016.93440299988,1.0,1.02,
2026-05-17T15:08:56.477Z,2026-05-17T15:08:55.911Z,KXBTC15M-26MAY171115-15,BTC price up in next 15 mins?,KXBTC15M-26MAY171115,2026-05-17T15:15:00Z,active,0.83,0.84,0.16,0.17,0.835,0.83,185709.35,58573.95,1096.66,68.85,2026-05-17T15:08:55.959Z,btc-updown-15m-1779030000,"Bitcoin Up or Down - May 17, 11:00AM-11:15AM ET",btc-updown-15m-1779030000,2026-05-17T15:15:00Z,,0.83,0.84,0.16,0.17,0.835,0.63,10469.058769000005,,100.45,25.68,2026-05-17T15:08:55.959Z,BRTI,78087.68,78030.03,78073.18416666666,60,Polymarket RTDS,78062.7965460578,78016.93440299988,1.01,1.01,
2026-05-17T15:08:58.414Z,2026-05-17T15:08:57.920Z,KXBTC15M-26MAY171115-15,BTC price up in next 15 mins?,KXBTC15M-26MAY171115,2026-05-17T15:15:00Z,active,0.81,0.82,0.18,0.19,0.815,0.83,185709.35,58573.95,1146.0,70.83,2026-05-17T15:08:57.964Z,btc-updown-15m-1779030000,"Bitcoin Up or Down - May 17, 11:00AM-11:15AM ET",btc-updown-15m-1779030000,2026-05-17T15:15:00Z,,0.83,0.84,0.16,0.17,0.835,0.63,10469.058769000005,,66.34,147.18,2026-05-17T15:08:57.964Z,BRTI,78087.96,78030.03,78073.82383333333,60,Polymarket RTDS,78062.7650460578,78016.93440299988,0.99,1.03,
2026-05-17T15:09:00.481Z,2026-05-17T15:08:59.918Z,KXBTC15M-26MAY171115-15,BTC price up in next 15 mins?,KXBTC15M-26MAY171115,2026-05-17T15:15:00Z,active,0.82,0.83,0.17,0.18,0.825,0.83,185709.35,58573.95,1075.0,99.31,2026-05-17T15:08:59.968Z,btc-updown-15m-1779030000,"Bitcoin Up or Down - May 17, 11:00AM-11:15AM ET",btc-updown-15m-1779030000,2026-05-17T15:15:00Z,,0.83,0.84,0.16,0.17,0.835,0.63,10469.058769000005,,66.34,97.18,2026-05-17T15:08:59.968Z,BRTI,78087.76,78030.03,78074.481,60,Polymarket RTDS,78062.26366220508,78016.93440299988,1.0,1.02,
2026-05-17T15:09:02.552Z,2026-05-17T15:09:01.932Z,KXBTC15M-26MAY171115-15,BTC price up in next 15 mins?,KXBTC15M-26MAY171115,2026-05-17T15:15:00Z,active,0.82,0.84,0.16,0.18,0.83,0.83,185709.35,58573.95,1254.95,1831.52,2026-05-17T15:09:02.027Z,btc-updown-15m-1779030000,"Bitcoin Up or Down - May 17, 11:00AM-11:15AM ET",btc-updown-15m-1779030000,2026-05-17T15:15:00Z,,0.83,0.84,0.16,0.17,0.835,0.63,10469.058769000005,,66.34,54.76,2026-05-17T15:09:02.027Z,BRTI,78087.25,78030.03,78075.12966666667,60,Polymarket RTDS,78062.26466220508,78016.93440299988,1.01,1.02,
2026-05-17T15:09:04.564Z,2026-05-17T15:09:03.924Z,KXBTC15M-26MAY171115-15,BTC price up in next 15 mins?,KXBTC15M-26MAY171115,2026-05-17T15:15:00Z,active,0.82,0.84,0.16,0.18,0.83,0.83,185709.35,58573.95,1108.74,55.0,2026-05-17T15:09:03.976Z,btc-updown-15m-1779030000,"Bitcoin Up or Down - May 17, 11:00AM-11:15AM ET",btc-updown-15m-1779030000,2026-05-17T15:15:00Z,,0.84,0.85,0.15,0.16,0.845,0.63,10469.058769000005,,47.8,58.95,2026-05-17T15:09:03.976Z,BRTI,78087.68,78030.03,78075.766,60,Polymarket RTDS,78062.26366220508,78016.93440299988,1.0,1.03,
2026-05-17T15:09:06.443Z,2026-05-17T15:09:05.912Z,KXBTC15M-26MAY171115-15,BTC price up in next 15 mins?,KXBTC15M-26MAY171115,2026-05-17T15:15:00Z,active,0.83,0.84,0.16,0.17,0.835,0.83,185709.35,58573.95,1088.0,150.0,2026-05-17T15:09:05.967Z,btc-updown-15m-1779030000,"Bitcoin Up or Down - May 17, 11:00AM-11:15AM ET",btc-updown-15m-1779030000,2026-05-17T15:15:00Z,,0.84,0.85,0.15,0.16,0.845,0.63,10469.058769000005,,70.61,46.8,2026-05-17T15:09:05.967Z,BRTI,78075.4,78030.03,78075.65016666666,60,Polymarket RTDS,78062.53066220508,78016.93440299988,1.0,1.02,
2026-05-17T15:09:08.578Z,2026-05-17T15:09:07.919Z,KXBTC15M-26MAY171115-15,BTC price up in next 15 mins?,KXBTC15M-26MAY171115,2026-05-17T15:15:00Z,active,0.83,0.84,0.16,0.17,0.835,0.83,185709.35,58573.95,840.63,21.0,2026-05-17T15:09:07.972Z,btc-updown-15m-1779030000,"Bitcoin Up or Down - May 17, 11:00AM-11:15AM ET",btc-updown-15m-1779030000,2026-05-17T15:15:00Z,,0.84,0.85,0.15,0.16,0.845,0.63,10469.058769000005,,93.86,36.21,2026-05-17T15:09:07.972Z,BRTI,78068.57,78030.03,78075.93816666667,60,Polymarket RTDS,78062.02797516994,78016.93440299988,1.0,1.02,
2026-05-17T15:09:10.468Z,2026-05-17T15:09:09.928Z,KXBTC15M-26MAY171115-15,BTC price up in next 15 mins?,KXBTC15M-26MAY171115,2026-05-17T15:15:00Z,active,0.84,0.85,0.15,0.16,0.845,0.83,193154.40,63270.07,1100.79,287.3,2026-05-17T15:09:09.981Z,btc-updown-15m-1779030000,"Bitcoin Up or Down - May 17, 11:00AM-11:15AM ET",btc-updown-15m-1779030000,2026-05-17T15:15:00Z,,0.84,0.86,0.14,0.16,0.85,0.63,10469.058769000005,,98.86,116.39,2026-05-17T15:09:09.981Z,BRTI,78087.76,78030.03,78076.546,60,Polymarket RTDS,78061.937485,78016.93440299988,1.01,1.02,
2026-05-17T15:09:12.464Z,2026-05-17T15:09:11.923Z,KXBTC15M-26MAY171115-15,BTC price up in next 15 mins?,KXBTC15M-26MAY171115,2026-05-17T15:15:00Z,active,0.84,0.85,0.15,0.16,0.845,0.83,193154.40,63270.07,972.79,319.3,2026-05-17T15:09:11.971Z,btc-updown-15m-1779030000,"Bitcoin Up or Down - May 17, 11:00AM-11:15AM ET",btc-updown-15m-1779030000,2026-05-17T15:15:00Z,,0.85,0.86,0.14,0.15,0.855,0.63,10469.058769000005,,98.14,7.81,2026-05-17T15:09:11.971Z,BRTI,78087.68,78030.03,78077.155,60,Polymarket RTDS,78061.93965,78016.93440299988,1.0,1.02,
2026-05-17T15:09:14.477Z,2026-05-17T15:09:13.920Z,KXBTC15M-26MAY171115-15,BTC price up in next 15 mins?,KXBTC15M-26MAY171115,2026-05-17T15:15:00Z,active,0.84,0.86,0.14,0.16,0.85,0.83,193154.40,63270.07,1012.38,85.97,2026-05-17T15:09:13.970Z,btc-updown-15m-1779030000,"Bitcoin Up or Down - May 17, 11:00AM-11:15AM ET",btc-updown-15m-1779030000,2026-05-17T15:15:00Z,,0.86,0.87,0.13,0.14,0.865,0.63,10469.058769000005,,19.0,179.89,2026-05-17T15:09:13.970Z,BRTI,78069.15,78030.03,78077.45266666666,60,Polymarket RTDS,78061.939845,78016.93440299988,1.0,1.03,
2026-05-17T15:09:16.472Z,2026-05-17T15:09:15.920Z,KXBTC15M-26MAY171115-15,BTC price up in next 15 mins?,KXBTC15M-26MAY171115,2026-05-17T15:15:00Z,active,0.84,0.85,0.15,0.16,0.845,0.83,193154.40,63270.07,697.43,75.0,2026-05-17T15:09:15.966Z,btc-updown-15m-1779030000,"Bitcoin Up or Down - May 17, 11:00AM-11:15AM ET",btc-updown-15m-1779030000,2026-05-17T15:15:00Z,,0.86,0.87,0.13,0.14,0.865,0.63,10469.058769000005,,37.82,159.89,2026-05-17T15:09:15.966Z,BRTI,78087.68,78030.03,78078.06166666668,60,Polymarket RTDS,78061.700675,78016.93440299988,0.99,1.03,
2026-05-17T15:09:18.679Z,2026-05-17T15:09:17.922Z,KXBTC15M-26MAY171115-15,BTC price up in next 15 mins?,KXBTC15M-26MAY171115,2026-05-17T15:15:00Z,active,0.8,0.81,0.19,0.2,0.805,0.83,193154.40,63270.07,199.67,132.45,2026-05-17T15:09:17.973Z,btc-updown-15m-1779030000,"Bitcoin Up or Down - May 17, 11:00AM-11:15AM ET",btc-updown-15m-1779030000,2026-05-17T15:15:00Z,,0.82,0.84,0.16,0.18,0.83,0.63,10469.058769000005,,30.0,40.0,2026-05-17T15:09:17.973Z,BRTI,78067.65,78030.03,78078.36283333335,60,Polymarket RTDS,78059.31873,78016.93440299988,0.99,1.04,
2026-05-17T15:09:20.482Z,2026-05-17T15:09:19.920Z,KXBTC15M-26MAY171115-15,BTC price up in next 15 mins?,KXBTC15M-26MAY171115,2026-05-17T15:15:00Z,active,0.8,0.82,0.18,0.2,0.81,0.83,193154.40,63270.07,75.0,1187.29,2026-05-17T15:09:19.987Z,btc-updown-15m-1779030000,"Bitcoin Up or Down - May 17, 11:00AM-11:15AM ET",btc-updown-15m-1779030000,2026-05-17T15:15:00Z,,0.81,0.82,0.18,0.19,0.815,0.63,10469.058769000005,,1097.04,110.42,2026-05-17T15:09:19.987Z,BRTI,78087.96,78030.03,78079.0025,60,Polymarket RTDS,78057.63428,78016.93440299988,1.01,1.02,
2026-05-17T15:09:22.440Z,2026-05-17T15:09:21.918Z,KXBTC15M-26MAY171115-15,BTC price up in next 15 mins?,KXBTC15M-26MAY171115,2026-05-17T15:15:00Z,active,0.8,0.82,0.18,0.2,0.81,0.83,193154.40,63270.07,595.5,1109.62,2026-05-17T15:09:21.965Z,btc-updown-15m-1779030000,"Bitcoin Up or Down - May 17, 11:00AM-11:15AM ET",btc-updown-15m-1779030000,2026-05-17T15:15:00Z,,0.81,0.82,0.18,0.19,0.815,0.63,10469.058769000005,,1014.59,69.1,2026-05-17T15:09:21.965Z,BRTI,78069.15,78030.03,78079.24666666666,60,Polymarket RTDS,78057.0237,78016.93440299988,1.01,1.02,
2026-05-17T15:09:24.431Z,2026-05-17T15:09:23.914Z,KXBTC15M-26MAY171115-15,BTC price up in next 15 mins?,KXBTC15M-26MAY171115,2026-05-17T15:15:00Z,active,0.8,0.82,0.18,0.2,0.81,0.83,193154.40,63270.07,1575.62,131.32,2026-05-17T15:09:23.962Z,btc-updown-15m-1779030000,"Bitcoin Up or Down - May 17, 11:00AM-11:15AM ET",btc-updown-15m-1779030000,2026-05-17T15:15:00Z,,0.81,0.82,0.18,0.19,0.815,0.63,10469.058769000005,,1027.39,22.4,2026-05-17T15:09:23.962Z,BRTI,78087.25,78030.03,78079.84599999999,60,Polymarket RTDS,78057.03848,78016.93440299988,1.01,1.02,
2026-05-17T15:09:26.431Z,2026-05-17T15:09:25.915Z,KXBTC15M-26MAY171115-15,BTC price up in next 15 mins?,KXBTC15M-26MAY171115,2026-05-17T15:15:00Z,active,0.8,0.82,0.18,0.2,0.81,0.83,193154.40,63270.07,296.0,999.0,2026-05-17T15:09:25.958Z,btc-updown-15m-1779030000,"Bitcoin Up or Down - May 17, 11:00AM-11:15AM ET",btc-updown-15m-1779030000,2026-05-17T15:15:00Z,,0.81,0.82,0.18,0.19,0.815,0.63,10469.058769000005,,897.12,31.0,2026-05-17T15:09:25.958Z,BRTI,78087.96,78030.03,78080.48566666666,60,Polymarket RTDS,78057.64518,78016.93440299988,1.01,1.02,
2026-05-17T15:09:28.533Z,2026-05-17T15:09:27.922Z,KXBTC15M-26MAY171115-15,BTC price up in next 15 mins?,KXBTC15M-26MAY171115,2026-05-17T15:15:00Z,active,0.81,0.82,0.18,0.19,0.815,0.83,193154.40,63270.07,152.65,65.0,2026-05-17T15:09:27.976Z,btc-updown-15m-1779030000,"Bitcoin Up or Down - May 17, 11:00AM-11:15AM ET",btc-updown-15m-1779030000,2026-05-17T15:15:00Z,,0.82,0.83,0.17,0.18,0.825,0.63,10469.058769000005,,84.71,86.27,2026-05-17T15:09:27.976Z,BRTI,78068.57,78030.03,78080.77366666666,60,Polymarket RTDS,78057.63984,78016.93440299988,1.0,1.02,
2026-05-17T15:09:30.454Z,2026-05-17T15:09:29.923Z,KXBTC15M-26MAY171115-15,BTC price up in next 15 mins?,KXBTC15M-26MAY171115,2026-05-17T15:15:00Z,active,0.83,0.84,0.16,0.17,0.835,0.83,193154.40,63270.07,125.0,25.0,2026-05-17T15:09:29.977Z,btc-updown-15m-1779030000,"Bitcoin Up or Down - May 17, 11:00AM-11:15AM ET",btc-updown-15m-1779030000,2026-05-17T15:15:00Z,,0.83,0.84,0.16,0.17,0.835,0.63,10469.058769000005,,159.64,13.92,2026-05-17T15:09:29.977Z,BRTI,78067.65,78030.03,78080.52866666667,60,Polymarket RTDS,78057.69537,78016.93440299988,1.01,1.01,
2026-05-17T15:09:32.450Z,2026-05-17T15:09:31.915Z,KXBTC15M-26MAY171115-15,BTC price up in next 15 mins?,KXBTC15M-26MAY171115,2026-05-17T15:15:00Z,active,0.84,0.85,0.15,0.16,0.845,0.83,193154.40,63270.07,23.0,514.24,2026-05-17T15:09:31.961Z,btc-updown-15m-1779030000,"Bitcoin Up or Down - May 17, 11:00AM-11:15AM ET",btc-updown-15m-1779030000,2026-05-17T15:15:00Z,,0.84,0.85,0.15,0.16,0.845,0.63,10469.058769000005,,251.49,95.1,2026-05-17T15:09:31.961Z,BRTI,78087.96,78030.03,78080.86850000001,60,Polymarket RTDS,78057.75722,78016.93440299988,1.01,1.01,
2026-05-17T15:09:34.497Z,2026-05-17T15:09:33.922Z,KXBTC15M-26MAY171115-15,BTC price up in next 15 mins?,KXBTC15M-26MAY171115,2026-05-17T15:15:00Z,active,0.83,0.85,0.15,0.17,0.84,0.83,193154.40,63270.07,1250.75,487.13,2026-05-17T15:09:33.972Z,btc-updown-15m-1779030000,"Bitcoin Up or Down - May 17, 11:00AM-11:15AM ET",btc-updown-15m-1779030000,2026-05-17T15:15:00Z,,0.84,0.85,0.15,0.16,0.845,0.63,10469.058769000005,,264.68,54.94,2026-05-17T15:09:33.972Z,BRTI,78067.65,78030.03,78081.14116666667,60,Polymarket RTDS,78058.676085,78016.93440299988,1.01,1.02,
2026-05-17T15:09:36.419Z,2026-05-17T15:09:35.921Z,KXBTC15M-26MAY171115-15,BTC price up in next 15 mins?,KXBTC15M-26MAY171115,2026-05-17T15:15:00Z,active,0.86,0.87,0.13,0.14,0.865,0.83,193154.40,63270.07,3876.4,1.0,2026-05-17T15:09:35.970Z,btc-updown-15m-1779030000,"Bitcoin Up or Down - May 17, 11:00AM-11:15AM ET",btc-updown-15m-1779030000,2026-05-17T15:15:00Z,,0.89,0.9,0.1,0.11,0.895,0.63,10469.058769000005,,17.0,118.88,2026-05-17T15:09:35.970Z,BRTI,78065.95,78030.03,78080.77433333333,60,Polymarket RTDS,78065.074798806,78016.93440299988,0.98,1.04,
2026-05-17T15:09:38.488Z,2026-05-17T15:09:37.918Z,KXBTC15M-26MAY171115-15,BTC price up in next 15 mins?,KXBTC15M-26MAY171115,2026-05-17T15:15:00Z,active,0.87,0.88,0.12,0.13,0.875,0.83,193154.40,63270.07,1225.18,83.0,2026-05-17T15:09:37.968Z,btc-updown-15m-1779030000,"Bitcoin Up or Down - May 17, 11:00AM-11:15AM ET",btc-updown-15m-1779030000,2026-05-17T15:15:00Z,,0.89,0.9,0.1,0.11,0.895,0.63,10469.058769000005,,127.15,23.8,2026-05-17T15:09:37.968Z,BRTI,78074.25,78030.03,78080.55766666666,60,Polymarket RTDS,78065.779925,78016.93440299988,0.99,1.03,
2026-05-17T15:09:40.450Z,2026-05-17T15:09:39.926Z,KXBTC15M-26MAY171115-15,BTC price up in next 15 mins?,KXBTC15M-26MAY171115,2026-05-17T15:15:00Z,active,0.87,0.89,0.11,0.13,0.88,0.89,197365.80,64020.93,1258.93,355.03,2026-05-17T15:09:39.978Z,btc-updown-15m-1779030000,"Bitcoin Up or Down - May 17, 11:00AM-11:15AM ET",btc-updown-15m-1779030000,2026-05-17T15:15:00Z,,0.89,0.9,0.1,0.11,0.895,0.63,10469.058769000005,,261.59,33.9,2026-05-17T15:09:39.978Z,BRTI,78074.25,78030.03,78080.32916666666,60,Polymarket RTDS,78066.378405,78016.93440299988,1.0,1.03,
2026-05-17T15:09:42.493Z,2026-05-17T15:09:41.924Z,KXBTC15M-26MAY171115-15,BTC price up in next 15 mins?,KXBTC15M-26MAY171115,2026-05-17T15:15:00Z,active,0.88,0.89,0.11,0.12,0.885,0.89,197365.80,64020.93,1007.63,249.88,2026-05-17T15:09:41.982Z,btc-updown-15m-1779030000,"Bitcoin Up or Down - May 17, 11:00AM-11:15AM ET",btc-updown-15m-1779030000,2026-05-17T15:15:00Z,,0.89,0.9,0.1,0.11,0.895,0.63,10469.058769000005,,306.59,10.1,2026-05-17T15:09:41.982Z,BRTI,78065.95,78030.03,78079.96233333334,60,Polymarket RTDS,78066.37779,78016.93440299988,1.0,1.02,
2026-05-17T15:09:44.633Z,2026-05-17T15:09:43.926Z,KXBTC15M-26MAY171115-15,BTC price up in next 15 mins?,KXBTC15M-26MAY171115,2026-05-17T15:15:00Z,active,0.88,0.89,0.11,0.12,0.885,0.89,197365.80,64020.93,1126.69,89.0,2026-05-17T15:09:43.972Z,btc-updown-15m-1779030000,"Bitcoin Up or Down - May 17, 11:00AM-11:15AM ET",btc-updown-15m-1779030000,2026-05-17T15:15:00Z,,0.9,0.91,0.09,0.1,0.905,0.63,10469.058769000005,,45.1,224.02,2026-05-17T15:09:43.972Z,BRTI,78075.4,78030.03,78079.8465,60,Polymarket RTDS,78067.0536572956,78016.93440299988,0.99,1.03,
2026-05-17T15:09:46.445Z,2026-05-17T15:09:45.925Z,KXBTC15M-26MAY171115-15,BTC price up in next 15 mins?,KXBTC15M-26MAY171115,2026-05-17T15:15:00Z,active,0.89,0.9,0.1,0.11,0.895,0.89,197365.80,64020.93,1006.0,1240.07,2026-05-17T15:09:45.978Z,btc-updown-15m-1779030000,"Bitcoin Up or Down - May 17, 11:00AM-11:15AM ET",btc-updown-15m-1779030000,2026-05-17T15:15:00Z,,0.9,0.91,0.09,0.1,0.905,0.63,10469.058769000005,,73.4,224.02,2026-05-17T15:09:45.978Z,BRTI,78073.55,78030.03,78079.60966666667,60,Polymarket RTDS,78066.764485,78016.93440299988,1.0,1.02,
2026-05-17T15:09:48.462Z,2026-05-17T15:09:47.923Z,KXBTC15M-26MAY171115-15,BTC price up in next 15 mins?,KXBTC15M-26MAY171115,2026-05-17T15:15:00Z,active,0.9,0.901,0.099,0.1,0.9005000000000001,0.89,197365.80,64020.93,10.0,111.05,2026-05-17T15:09:47.969Z,btc-updown-15m-1779030000,"Bitcoin Up or Down - May 17, 11:00AM-11:15AM ET",btc-updown-15m-1779030000,2026-05-17T15:15:00Z,,0.9,0.91,0.09,0.1,0.905,0.63,10469.058769000005,,53.25,184.02,2026-05-17T15:09:47.969Z,BRTI,78074.62,78030.03,78079.72716666666,60,Polymarket RTDS,78066.76808,78016.93440299988,1.0010000000000001,1.01,
2026-05-17T15:09:50.510Z,2026-05-17T15:09:49.923Z,KXBTC15M-26MAY171115-15,BTC price up in next 15 mins?,KXBTC15M-26MAY171115,2026-05-17T15:15:00Z,active,0.9,0.902,0.098,0.1,0.901,0.89,197365.80,64020.93,35.11,60.72,2026-05-17T15:09:49.973Z,btc-updown-15m-1779030000,"Bitcoin Up or Down - May 17, 11:00AM-11:15AM ET",btc-updown-15m-1779030000,2026-05-17T15:15:00Z,,0.9,0.91,0.09,0.1,0.905,0.63,10469.058769000005,,69.22,156.83,2026-05-17T15:09:49.973Z,BRTI,78065.95,78030.03,78079.365,60,Polymarket RTDS,78066.756085,78016.93440299988,1.002,1.01,
2026-05-17T15:09:52.479Z,2026-05-17T15:09:51.930Z,KXBTC15M-26MAY171115-15,BTC price up in next 15 mins?,KXBTC15M-26MAY171115,2026-05-17T15:15:00Z,active,0.901,0.902,0.098,0.099,0.9015,0.89,197365.80,64020.93,97.84,51.26,2026-05-17T15:09:51.989Z,btc-updown-15m-1779030000,"Bitcoin Up or Down - May 17, 11:00AM-11:15AM ET",btc-updown-15m-1779030000,2026-05-17T15:15:00Z,,0.91,0.92,0.08,0.09,0.915,0.63,10469.058769000005,,259.1,245.63,2026-05-17T15:09:51.989Z,BRTI,78074.62,78030.03,78079.47783333334,60,Polymarket RTDS,78067.420985,78016.93440299988,0.992,1.0190000000000001,
2026-05-17T15:09:54.548Z,2026-05-17T15:09:53.924Z,KXBTC15M-26MAY171115-15,BTC price up in next 15 mins?,KXBTC15M-26MAY171115,2026-05-17T15:15:00Z,active,0.9,0.901,0.099,0.1,0.9005000000000001,0.89,197365.80,64020.93,2157.0,907.78,2026-05-17T15:09:53.979Z,btc-updown-15m-1779030000,"Bitcoin Up or Down - May 17, 11:00AM-11:15AM ET",btc-updown-15m-1779030000,2026-05-17T15:15:00Z,,0.91,0.92,0.08,0.09,0.915,0.63,10469.058769000005,,278.79,168.91,2026-05-17T15:09:53.979Z,BRTI,78067.65,78030.03,78079.0995,60,Polymarket RTDS,78067.23335,78016.93440299988,0.991,1.02,
2026-05-17T15:09:56.434Z,2026-05-17T15:09:55.910Z,KXBTC15M-26MAY171115-15,BTC price up in next 15 mins?,KXBTC15M-26MAY171115,2026-05-17T15:15:00Z,active,0.9,0.901,0.099,0.1,0.9005000000000001,0.89,197365.80,64020.93,1358.57,431.14,2026-05-17T15:09:55.957Z,btc-updown-15m-1779030000,"Bitcoin Up or Down - May 17, 11:00AM-11:15AM ET",btc-updown-15m-1779030000,2026-05-17T15:15:00Z,,0.91,0.92,0.08,0.09,0.915,0.63,10469.058769000005,,270.29,180.82,2026-05-17T15:09:55.957Z,BRTI,78073.55,78030.03,78078.8195,60,Polymarket RTDS,78067.205175,78016.93440299988,0.991,1.02,
2026-05-17T15:09:58.491Z,2026-05-17T15:09:57.933Z,KXBTC15M-26MAY171115-15,BTC price up in next 15 mins?,KXBTC15M-26MAY171115,2026-05-17T15:15:00Z,active,0.9,0.901,0.099,0.1,0.9005000000000001,0.89,197365.80,64020.93,1719.76,404.42,2026-05-17T15:09:57.988Z,btc-updown-15m-1779030000,"Bitcoin Up or Down - May 17, 11:00AM-11:15AM ET",btc-updown-15m-1779030000,2026-05-17T15:15:00Z,,0.91,0.92,0.08,0.09,0.915,0.63,10469.058769000005,,264.17,105.93,2026-05-17T15:09:57.988Z,BRTI,78068.57,78030.03,78078.70566666666,60,Polymarket RTDS,78067.120775,78016.93440299988,0.991,1.02,
2026-05-17T15:10:00.552Z,2026-05-17T15:09:59.929Z,KXBTC15M-26MAY171115-15,BTC price up in next 15 mins?,KXBTC15M-26MAY171115,2026-05-17T15:15:00Z,active,0.9,0.901,0.099,0.1,0.9005000000000001,0.89,197365.80,64020.93,1659.96,205.69,2026-05-17T15:09:59.976Z,btc-updown-15m-1779030000,"Bitcoin Up or Down - May 17, 11:00AM-11:15AM ET",btc-updown-15m-1779030000,2026-05-17T15:15:00Z,,0.91,0.92,0.08,0.09,0.915,0.63,10469.058769000005,,263.29,87.87,2026-05-17T15:09:59.976Z,BRTI,78065.95,78030.03,78078.35066666667,60,Polymarket RTDS,78067.11171,78016.93440299988,0.991,1.02,
2026-05-17T15:10:03.035Z,2026-05-17T15:10:01.918Z,KXBTC15M-26MAY171115-15,BTC price up in next 15 mins?,KXBTC15M-26MAY171115,2026-05-17T15:15:00Z,active,0.927,0.929,0.071,0.073,0.928,0.89,197365.80,64020.93,95.97,68.69,2026-05-17T15:10:02.000Z,btc-updown-15m-1779030000,"Bitcoin Up or Down - May 17, 11:00AM-11:15AM ET",btc-updown-15m-1779030000,2026-05-17T15:15:00Z,,0.94,0.95,0.05,0.06,0.945,0.63,10469.058769000005,,638.21,269.66,2026-05-17T15:10:02.000Z,BRTI,78067.65,78030.03,78078.352,60,Polymarket RTDS,78069.199115,78016.93440299988,0.9890000000000001,1.023,
2026-05-17T15:10:04.550Z,2026-05-17T15:10:03.934Z,KXBTC15M-26MAY171115-15,BTC price up in next 15 mins?,KXBTC15M-26MAY171115,2026-05-17T15:15:00Z,active,0.923,0.93,0.07,0.077,0.9265000000000001,0.89,197365.80,64020.93,81.32,75.35,2026-05-17T15:10:03.999Z,btc-updown-15m-1779030000,"Bitcoin Up or Down - May 17, 11:00AM-11:15AM ET",btc-updown-15m-1779030000,2026-05-17T15:15:00Z,,0.94,0.95,0.05,0.06,0.945,0.63,10469.058769000005,,529.4,250.06,2026-05-17T15:10:03.999Z,BRTI,78064.4,78030.03,78077.97116666666,60,Polymarket RTDS,78072.971985,78016.93440299988,0.99,1.027,
2026-05-17T15:10:06.479Z,2026-05-17T15:10:05.927Z,KXBTC15M-26MAY171115-15,BTC price up in next 15 mins?,KXBTC15M-26MAY171115,2026-05-17T15:15:00Z,active,0.921,0.929,0.071,0.079,0.925,0.89,197365.80,64020.93,100.0,96.0,2026-05-17T15:10:05.982Z,btc-updown-15m-1779030000,"Bitcoin Up or Down - May 17, 11:00AM-11:15AM ET",btc-updown-15m-1779030000,2026-05-17T15:15:00Z,,0.94,0.95,0.05,0.06,0.945,0.63,10469.058769000005,,482.38,360.43,2026-05-17T15:10:05.982Z,BRTI,78073.55,78030.03,78077.74283333334,60,Polymarket RTDS,78072.968585,78016.93440299988,0.9890000000000001,1.029,
2026-05-17T15:10:08.643Z,2026-05-17T15:10:07.988Z,KXBTC15M-26MAY171115-15,BTC price up in next 15 mins?,KXBTC15M-26MAY171115,2026-05-17T15:15:00Z,active,0.929,0.932,0.068,0.071,0.9305000000000001,0.89,197365.80,64020.93,100.0,34.44,2026-05-17T15:10:08.071Z,btc-updown-15m-1779030000,"Bitcoin Up or Down - May 17, 11:00AM-11:15AM ET",btc-updown-15m-1779030000,2026-05-17T15:15:00Z,,0.94,0.95,0.05,0.06,0.945,0.63,10469.058769000005,,458.21,249.94,2026-05-17T15:10:08.071Z,BRTI,78074.62,78030.03,78077.52383333333,60,Polymarket RTDS,78072.97229,78016.93440299988,0.992,1.021,
2026-05-17T15:10:10.543Z,2026-05-17T15:10:09.930Z,KXBTC15M-26MAY171115-15,BTC price up in next 15 mins?,KXBTC15M-26MAY171115,2026-05-17T15:15:00Z,active,0.923,0.933,0.067,0.077,0.928,0.922,204938.49,65974.69,75.0,136.05,2026-05-17T15:10:09.976Z,btc-updown-15m-1779030000,"Bitcoin Up or Down - May 17, 11:00AM-11:15AM ET",btc-updown-15m-1779030000,2026-05-17T15:15:00Z,,0.94,0.95,0.05,0.06,0.945,0.63,10469.058769000005,,404.46,187.84,2026-05-17T15:10:09.976Z,BRTI,78068.57,78030.03,78077.53583333334,60,Polymarket RTDS,78072.87315675248,78016.93440299988,0.9930000000000001,1.027,
2026-05-17T15:10:12.421Z,2026-05-17T15:10:11.926Z,KXBTC15M-26MAY171115-15,BTC price up in next 15 mins?,KXBTC15M-26MAY171115,2026-05-17T15:15:00Z,active,0.932,0.938,0.062,0.068,0.935,0.922,204938.49,65974.69,882.03,117.0,2026-05-17T15:10:11.973Z,btc-updown-15m-1779030000,"Bitcoin Up or Down - May 17, 11:00AM-11:15AM ET",btc-updown-15m-1779030000,2026-05-17T15:15:00Z,,0.94,0.95,0.05,0.06,0.945,0.63,10469.058769000005,,385.48,238.57,2026-05-17T15:10:11.973Z,BRTI,78067.65,78030.03,78077.5325,60,Polymarket RTDS,78072.86415675249,78016.93440299988,0.998,1.018,
2026-05-17T15:10:14.916Z,2026-05-17T15:10:13.917Z,KXBTC15M-26MAY171115-15,BTC price up in next 15 mins?,KXBTC15M-26MAY171115,2026-05-17T15:15:00Z,active,0.933,0.939,0.061,0.067,0.9359999999999999,0.922,204938.49,65974.69,102.67,141.0,2026-05-17T15:10:13.972Z,btc-updown-15m-1779030000,"Bitcoin Up or Down - May 17, 11:00AM-11:15AM ET",btc-updown-15m-1779030000,2026-05-17T15:15:00Z,,0.94,0.95,0.05,0.06,0.945,0.63,10469.058769000005,,380.48,183.48,2026-05-17T15:10:13.972Z,BRTI,78068.57,78030.03,78077.22116666666,60,Polymarket RTDS,78073.01605,78016.93440299988,0.9989999999999999,1.017,
2026-05-17T15:10:16.439Z,2026-05-17T15:10:15.925Z,KXBTC15M-26MAY171115-15,BTC price up in next 15 mins?,KXBTC15M-26MAY171115,2026-05-17T15:15:00Z,active,0.935,0.939,0.061,0.065,0.937,0.922,204938.49,65974.69,88.87,118.0,2026-05-17T15:10:15.972Z,btc-updown-15m-1779030000,"Bitcoin Up or Down - May 17, 11:00AM-11:15AM ET",btc-updown-15m-1779030000,2026-05-17T15:15:00Z,,0.94,0.95,0.05,0.06,0.945,0.63,10469.058769000005,,403.48,163.48,2026-05-17T15:10:15.972Z,BRTI,78069.15,78030.03,78077.2475,60,Polymarket RTDS,78073.36036470697,78016.93440299988,0.9989999999999999,1.015,
2026-05-17T15:10:18.449Z,2026-05-17T15:10:17.928Z,KXBTC15M-26MAY171115-15,BTC price up in next 15 mins?,KXBTC15M-26MAY171115,2026-05-17T15:15:00Z,active,0.933,0.943,0.057,0.067,0.938,0.922,204938.49,65974.69,75.0,163.06,2026-05-17T15:10:17.978Z,btc-updown-15m-1779030000,"Bitcoin Up or Down - May 17, 11:00AM-11:15AM ET",btc-updown-15m-1779030000,2026-05-17T15:15:00Z,,0.94,0.95,0.05,0.06,0.945,0.63,10469.058769000005,,250.48,14.95,2026-05-17T15:10:17.978Z,BRTI,78073.7,78030.03,78077.34966666666,60,Polymarket RTDS,78073.35186470697,78016.93440299988,1.003,1.017,
2026-05-17T15:10:20.412Z,2026-05-17T15:10:19.918Z,KXBTC15M-26MAY171115-15,BTC price up in next 15 mins?,KXBTC15M-26MAY171115,2026-05-17T15:15:00Z,active,0.943,0.949,0.051,0.057,0.946,0.922,204938.49,65974.69,163.18,147.54,2026-05-17T15:10:19.978Z,btc-updown-15m-1779030000,"Bitcoin Up or Down - May 17, 11:00AM-11:15AM ET",btc-updown-15m-1779030000,2026-05-17T15:15:00Z,,0.95,0.96,0.04,0.05,0.955,0.63,10469.058769000005,,380.87,701.36,2026-05-17T15:10:19.978Z,BRTI,78067.65,78030.03,78077.0145,60,Polymarket RTDS,78074.955075,78016.93440299988,0.999,1.017,
2026-05-17T15:10:22.440Z,2026-05-17T15:10:21.914Z,KXBTC15M-26MAY171115-15,BTC price up in next 15 mins?,KXBTC15M-26MAY171115,2026-05-17T15:15:00Z,active,0.949,0.95,0.05,0.051,0.9495,0.922,204938.49,65974.69,50.0,353.71,2026-05-17T15:10:21.971Z,btc-updown-15m-1779030000,"Bitcoin Up or Down - May 17, 11:00AM-11:15AM ET",btc-updown-15m-1779030000,2026-05-17T15:15:00Z,,0.95,0.96,0.04,0.05,0.955,0.63,10469.058769000005,,402.44,300.0,2026-05-17T15:10:21.971Z,BRTI,78068.57,78030.03,78076.65149999999,60,Polymarket RTDS,78077.405595,78016.93440299988,1.0,1.011,
2026-05-17T15:10:24.472Z,2026-05-17T15:10:23.924Z,KXBTC15M-26MAY171115-15,BTC price up in next 15 mins?,KXBTC15M-26MAY171115,2026-05-17T15:15:00Z,active,0.942,0.943,0.057,0.058,0.9424999999999999,0.922,204938.49,65974.69,30.11,203.34,2026-05-17T15:10:23.978Z,btc-updown-15m-1779030000,"Bitcoin Up or Down - May 17, 11:00AM-11:15AM ET",btc-updown-15m-1779030000,2026-05-17T15:15:00Z,,0.95,0.96,0.04,0.05,0.955,0.63,10469.058769000005,,130.57,742.75,2026-05-17T15:10:23.978Z,BRTI,78073.55,78030.03,78076.416,60,Polymarket RTDS,78080.00231122081,78016.93440299988,0.993,1.018,
2026-05-17T15:10:26.519Z,2026-05-17T15:10:25.933Z,KXBTC15M-26MAY171115-15,BTC price up in next 15 mins?,KXBTC15M-26MAY171115,2026-05-17T15:15:00Z,active,0.943,0.949,0.051,0.057,0.946,0.922,204938.49,65974.69,53.18,83.54,2026-05-17T15:10:25.980Z,btc-updown-15m-1779030000,"Bitcoin Up or Down - May 17, 11:00AM-11:15AM ET",btc-updown-15m-1779030000,2026-05-17T15:15:00Z,,0.95,0.96,0.04,0.05,0.955,0.63,10469.058769000005,,161.94,132.78,2026-05-17T15:10:25.980Z,BRTI,78074.25,78030.03,78076.19933333334,60,Polymarket RTDS,78079.99431122081,78016.93440299988,0.999,1.017,
2026-05-17T15:10:28.460Z,2026-05-17T15:10:27.928Z,KXBTC15M-26MAY171115-15,BTC price up in next 15 mins?,KXBTC15M-26MAY171115,2026-05-17T15:15:00Z,active,0.942,0.949,0.051,0.058,0.9455,0.922,204938.49,65974.69,865.46,26.0,2026-05-17T15:10:27.979Z,btc-updown-15m-1779030000,"Bitcoin Up or Down - May 17, 11:00AM-11:15AM ET",btc-updown-15m-1779030000,2026-05-17T15:15:00Z,,0.96,0.97,0.03,0.04,0.965,0.63,10469.058769000005,,1077.26,1009.81,2026-05-17T15:10:27.979Z,BRTI,78073.7,78030.03,78076.171,60,Polymarket RTDS,78081.1470006276,78016.93440299988,0.989,1.028,
2026-05-17T15:10:30.425Z,2026-05-17T15:10:29.916Z,KXBTC15M-26MAY171115-15,BTC price up in next 15 mins?,KXBTC15M-26MAY171115,2026-05-17T15:15:00Z,active,0.943,0.952,0.048,0.057,0.9475,0.922,204938.49,65974.69,40.87,75.0,2026-05-17T15:10:29.965Z,btc-updown-15m-1779030000,"Bitcoin Up or Down - May 17, 11:00AM-11:15AM ET",btc-updown-15m-1779030000,2026-05-17T15:15:00Z,,0.96,0.97,0.03,0.04,0.965,0.63,10469.058769000005,,1028.48,820.81,2026-05-17T15:10:29.965Z,BRTI,78065.95,78030.03,78076.12733333332,60,Polymarket RTDS,78081.1470006276,78016.93440299988,0.992,1.027,
2026-05-17T15:10:32.446Z,2026-05-17T15:10:31.924Z,KXBTC15M-26MAY171115-15,BTC price up in next 15 mins?,KXBTC15M-26MAY171115,2026-05-17T15:15:00Z,active,0.945,0.95,0.05,0.055,0.9475,0.922,204938.49,65974.69,80.11,106.86,2026-05-17T15:10:31.975Z,btc-updown-15m-1779030000,"Bitcoin Up or Down - May 17, 11:00AM-11:15AM ET",btc-updown-15m-1779030000,2026-05-17T15:15:00Z,,0.96,0.97,0.03,0.04,0.965,0.63,10469.058769000005,,1100.48,1419.67,2026-05-17T15:10:31.975Z,BRTI,78073.7,78030.03,78075.98316666667,60,Polymarket RTDS,78082.46607564126,78016.93440299988,0.99,1.025,
2026-05-17T15:10:34.466Z,2026-05-17T15:10:33.932Z,KXBTC15M-26MAY171115-15,BTC price up in next 15 mins?,KXBTC15M-26MAY171115,2026-05-17T15:15:00Z,active,0.945,0.957,0.043,0.055,0.951,0.922,204938.49,65974.69,41.91,95.49,2026-05-17T15:10:33.978Z,btc-updown-15m-1779030000,"Bitcoin Up or Down - May 17, 11:00AM-11:15AM ET",btc-updown-15m-1779030000,2026-05-17T15:15:00Z,,0.96,0.97,0.03,0.04,0.965,0.63,10469.058769000005,,1100.47,1399.55,2026-05-17T15:10:33.978Z,BRTI,78073.55,78030.03,78076.05649999999,60,Polymarket RTDS,78082.71715437743,78016.93440299988,0.997,1.025,
2026-05-17T15:10:36.489Z,2026-05-17T15:10:35.926Z,KXBTC15M-26MAY171115-15,BTC price up in next 15 mins?,KXBTC15M-26MAY171115,2026-05-17T15:15:00Z,active,0.952,0.957,0.043,0.048,0.9544999999999999,0.922,204938.49,65974.69,1053.98,56.0,2026-05-17T15:10:35.975Z,btc-updown-15m-1779030000,"Bitcoin Up or Down - May 17, 11:00AM-11:15AM ET",btc-updown-15m-1779030000,2026-05-17T15:15:00Z,,0.96,0.97,0.03,0.04,0.965,0.63,10469.058769000005,,1130.47,1299.55,2026-05-17T15:10:35.975Z,BRTI,78073.7,78030.03,78075.91233333334,60,Polymarket RTDS,78083.34195972439,78016.93440299988,0.997,1.018,
2026-05-17T15:10:38.435Z,2026-05-17T15:10:37.913Z,KXBTC15M-26MAY171115-15,BTC price up in next 15 mins?,KXBTC15M-26MAY171115,2026-05-17T15:15:00Z,active,0.922,0.923,0.077,0.078,0.9225000000000001,0.922,204938.49,65974.69,1029.99,10.0,2026-05-17T15:10:37.964Z,btc-updown-15m-1779030000,"Bitcoin Up or Down - May 17, 11:00AM-11:15AM ET",btc-updown-15m-1779030000,2026-05-17T15:15:00Z,,0.96,0.97,0.03,0.04,0.965,0.63,10469.058769000005,,887.06,1238.99,2026-05-17T15:10:37.964Z,BRTI,78067.65,78030.03,78075.57383333333,60,Polymarket RTDS,78083.34795972439,78016.93440299988,0.9630000000000001,1.048,
2026-05-17T15:10:40.437Z,2026-05-17T15:10:39.917Z,KXBTC15M-26MAY171115-15,BTC price up in next 15 mins?,KXBTC15M-26MAY171115,2026-05-17T15:15:00Z,active,0.925,0.935,0.065,0.075,0.93,0.93,219388.91,74988.99,8.0,75.0,2026-05-17T15:10:39.966Z,btc-updown-15m-1779030000,"Bitcoin Up or Down - May 17, 11:00AM-11:15AM ET",btc-updown-15m-1779030000,2026-05-17T15:15:00Z,,0.96,0.97,0.03,0.04,0.965,0.63,10469.058769000005,,401.79,1037.91,2026-05-17T15:10:39.966Z,BRTI,78065.95,78030.03,78075.5205,60,Polymarket RTDS,78073.68588983789,78016.93440299988,0.9750000000000001,1.045,
2026-05-17T15:10:42.502Z,2026-05-17T15:10:41.920Z,KXBTC15M-26MAY171115-15,BTC price up in next 15 mins?,KXBTC15M-26MAY171115,2026-05-17T15:15:00Z,active,0.927,0.933,0.067,0.073,0.93,0.93,219388.91,74988.99,10.0,30.93,2026-05-17T15:10:41.980Z,btc-updown-15m-1779030000,"Bitcoin Up or Down - May 17, 11:00AM-11:15AM ET",btc-updown-15m-1779030000,2026-05-17T15:15:00Z,,0.94,0.95,0.05,0.06,0.945,0.63,10469.058769000005,,108.93,85.85,2026-05-17T15:10:41.980Z,BRTI,78074.62,78030.03,78075.39166666666,60,Polymarket RTDS,78073.61724515384,78016.93440299988,0.9930000000000001,1.023,
2026-05-17T15:10:44.503Z,2026-05-17T15:10:43.921Z,KXBTC15M-26MAY171115-15,BTC price up in next 15 mins?,KXBTC15M-26MAY171115,2026-05-17T15:15:00Z,active,0.932,0.937,0.063,0.068,0.9345000000000001,0.93,219388.91,74988.99,10.0,98.15,2026-05-17T15:10:43.965Z,btc-updown-15m-1779030000,"Bitcoin Up or Down - May 17, 11:00AM-11:15AM ET",btc-updown-15m-1779030000,2026-05-17T15:15:00Z,,0.94,0.95,0.05,0.06,0.945,0.63,10469.058769000005,,118.71,155.85,2026-05-17T15:10:43.965Z,BRTI,78088.62,78030.03,78075.36283333333,60,Polymarket RTDS,78073.64206799403,78016.93440299988,0.9970000000000001,1.018,
2026-05-17T15:10:46.432Z,2026-05-17T15:10:45.931Z,KXBTC15M-26MAY171115-15,BTC price up in next 15 mins?,KXBTC15M-26MAY171115,2026-05-17T15:15:00Z,active,0.928,0.938,0.062,0.072,0.933,0.93,219388.91,74988.99,127.79,98.52,2026-05-17T15:10:45.983Z,btc-updown-15m-1779030000,"Bitcoin Up or Down - May 17, 11:00AM-11:15AM ET",btc-updown-15m-1779030000,2026-05-17T15:15:00Z,,0.94,0.95,0.05,0.06,0.945,0.63,10469.058769000005,,102.04,197.5,2026-05-17T15:10:45.983Z,BRTI,78074.25,78030.03,78075.14616666666,60,Polymarket RTDS,78073.56687319388,78016.93440299988,0.998,1.022,
2026-05-17T15:10:48.470Z,2026-05-17T15:10:47.919Z,KXBTC15M-26MAY171115-15,BTC price up in next 15 mins?,KXBTC15M-26MAY171115,2026-05-17T15:15:00Z,active,0.928,0.938,0.062,0.072,0.933,0.93,219388.91,74988.99,10.48,98.52,2026-05-17T15:10:47.979Z,btc-updown-15m-1779030000,"Bitcoin Up or Down - May 17, 11:00AM-11:15AM ET",btc-updown-15m-1779030000,2026-05-17T15:15:00Z,,0.94,0.95,0.05,0.06,0.945,0.63,10469.058769000005,,107.87,132.72,2026-05-17T15:10:47.979Z,BRTI,78073.55,78030.03,78074.906,60,Polymarket RTDS,78073.56587319387,78016.93440299988,0.998,1.022,
2026-05-17T15:10:50.460Z,2026-05-17T15:10:49.929Z,KXBTC15M-26MAY171115-15,BTC price up in next 15 mins?,KXBTC15M-26MAY171115,2026-05-17T15:15:00Z,active,0.927,0.938,0.062,0.073,0.9325,0.93,219388.91,74988.99,32.62,98.52,2026-05-17T15:10:49.978Z,btc-updown-15m-1779030000,"Bitcoin Up or Down - May 17, 11:00AM-11:15AM ET",btc-updown-15m-1779030000,2026-05-17T15:15:00Z,,0.93,0.94,0.06,0.07,0.935,0.63,10469.058769000005,,514.81,14.17,2026-05-17T15:10:49.978Z,BRTI,78088.62,78030.03,78075.12633333333,60,Polymarket RTDS,78072.96537319387,78016.93440299988,1.008,1.013,
2026-05-17T15:10:52.465Z,2026-05-17T15:10:51.956Z,KXBTC15M-26MAY171115-15,BTC price up in next 15 mins?,KXBTC15M-26MAY171115,2026-05-17T15:15:00Z,active,0.932,0.94,0.06,0.068,0.9359999999999999,0.93,219388.91,74988.99,512.34,96.0,2026-05-17T15:10:52.006Z,btc-updown-15m-1779030000,"Bitcoin Up or Down - May 17, 11:00AM-11:15AM ET",btc-updown-15m-1779030000,2026-05-17T15:15:00Z,,0.93,0.94,0.06,0.07,0.935,0.63,10469.058769000005,,544.81,14.17,2026-05-17T15:10:52.006Z,BRTI,78088.62,78030.03,78075.14916666667,60,Polymarket RTDS,78072.96687319387,78016.93440299988,1.01,1.008,
2026-05-17T15:10:54.429Z,2026-05-17T15:10:53.914Z,KXBTC15M-26MAY171115-15,BTC price up in next 15 mins?,KXBTC15M-26MAY171115,2026-05-17T15:15:00Z,active,0.932,0.939,0.061,0.068,0.9355,0.93,219388.91,74988.99,527.34,73.0,2026-05-17T15:10:53.961Z,btc-updown-15m-1779030000,"Bitcoin Up or Down - May 17, 11:00AM-11:15AM ET",btc-updown-15m-1779030000,2026-05-17T15:15:00Z,,0.93,0.94,0.06,0.07,0.935,0.63,10469.058769000005,,525.22,53.51,2026-05-17T15:10:53.961Z,BRTI,78074.62,78030.03,78074.92683333335,60,Polymarket RTDS,78072.97087319387,78016.93440299988,1.009,1.008,
2026-05-17T15:10:56.419Z,2026-05-17T15:10:55.911Z,KXBTC15M-26MAY171115-15,BTC price up in next 15 mins?,KXBTC15M-26MAY171115,2026-05-17T15:15:00Z,active,0.933,0.94,0.06,0.067,0.9365,0.93,219388.91,74988.99,75.0,27.0,2026-05-17T15:10:55.964Z,btc-updown-15m-1779030000,"Bitcoin Up or Down - May 17, 11:00AM-11:15AM ET",btc-updown-15m-1779030000,2026-05-17T15:15:00Z,,0.95,0.96,0.04,0.05,0.955,0.63,10469.058769000005,,249.48,525.68,2026-05-17T15:10:55.965Z,BRTI,78074.25,78030.03,78074.703,60,Polymarket RTDS,78072.97037319388,78016.93440299988,0.99,1.027,
2026-05-17T15:10:58.474Z,2026-05-17T15:10:57.926Z,KXBTC15M-26MAY171115-15,BTC price up in next 15 mins?,KXBTC15M-26MAY171115,2026-05-17T15:15:00Z,active,0.969,0.971,0.029,0.031,0.97,0.93,219388.91,74988.99,75.0,26.0,2026-05-17T15:10:57.987Z,btc-updown-15m-1779030000,"Bitcoin Up or Down - May 17, 11:00AM-11:15AM ET",btc-updown-15m-1779030000,2026-05-17T15:15:00Z,,0.95,0.96,0.04,0.05,0.955,0.63,10469.058769000005,,367.42,202.13,2026-05-17T15:10:57.987Z,BRTI,78065.95,78030.03,78074.33616666666,60,Polymarket RTDS,78072.97087319387,78016.93440299988,1.021,0.991,
2026-05-17T15:11:00.512Z,2026-05-17T15:10:59.935Z,KXBTC15M-26MAY171115-15,BTC price up in next 15 mins?,KXBTC15M-26MAY171115,2026-05-17T15:15:00Z,active,0.968,0.971,0.029,0.032,0.9695,0.93,219388.91,74988.99,75.0,312.02,2026-05-17T15:10:59.984Z,btc-updown-15m-1779030000,"Bitcoin Up or Down - May 17, 11:00AM-11:15AM ET",btc-updown-15m-1779030000,2026-05-17T15:15:00Z,,0.96,0.97,0.03,0.04,0.965,0.63,10469.058769000005,,126.13,322.0,2026-05-17T15:10:59.984Z,BRTI,78074.25,78030.03,78074.111,60,Polymarket RTDS,78082.89478049263,78016.93440299988,1.011,1.002,
2026-05-17T15:11:02.634Z,2026-05-17T15:11:01.934Z,KXBTC15M-26MAY171115-15,BTC price up in next 15 mins?,KXBTC15M-26MAY171115,2026-05-17T15:15:00Z,active,0.97,0.971,0.029,0.03,0.9704999999999999,0.93,219388.91,74988.99,94.62,340.02,2026-05-17T15:11:02.052Z,btc-updown-15m-1779030000,"Bitcoin Up or Down - May 17, 11:00AM-11:15AM ET",btc-updown-15m-1779030000,2026-05-17T15:15:00Z,,0.96,0.97,0.03,0.04,0.965,0.63,10469.058769000005,,213.51,272.03,2026-05-17T15:11:02.052Z,BRTI,78073.7,78030.03,78073.88516666667,60,Polymarket RTDS,78083.495,78016.93440299988,1.011,1.0,
2026-05-17T15:11:04.516Z,2026-05-17T15:11:03.925Z,KXBTC15M-26MAY171115-15,BTC price up in next 15 mins?,KXBTC15M-26MAY171115,2026-05-17T15:15:00Z,active,0.97,0.973,0.027,0.03,0.9715,0.93,219388.91,74988.99,249.0,103.9,2026-05-17T15:11:03.983Z,btc-updown-15m-1779030000,"Bitcoin Up or Down - May 17, 11:00AM-11:15AM ET",btc-updown-15m-1779030000,2026-05-17T15:15:00Z,,0.96,0.97,0.03,0.04,0.965,0.63,10469.058769000005,,377.17,266.87,2026-05-17T15:11:03.983Z,BRTI,78064.4,78030.03,78073.49716666667,60,Polymarket RTDS,78084.83663100233,78016.93440299988,1.013,1.0,
2026-05-17T15:11:06.476Z,2026-05-17T15:11:05.938Z,KXBTC15M-26MAY171115-15,BTC price up in next 15 mins?,KXBTC15M-26MAY171115,2026-05-17T15:15:00Z,active,0.971,0.972,0.028,0.029,0.9715,0.93,219388.91,74988.99,1000.0,172.0,2026-05-17T15:11:06.001Z,btc-updown-15m-1779030000,"Bitcoin Up or Down - May 17, 11:00AM-11:15AM ET",btc-updown-15m-1779030000,2026-05-17T15:15:00Z,,0.96,0.97,0.03,0.04,0.965,0.63,10469.058769000005,,339.5,280.23,2026-05-17T15:11:06.001Z,BRTI,78064.4,78030.03,78073.31383333333,60,Polymarket RTDS,78086.45462095956,78016.93440299988,1.012,0.999,
2026-05-17T15:11:08.485Z,2026-05-17T15:11:07.927Z,KXBTC15M-26MAY171115-15,BTC price up in next 15 mins?,KXBTC15M-26MAY171115,2026-05-17T15:15:00Z,active,0.972,0.977,0.023,0.028,0.9744999999999999,0.93,219388.91,74988.99,1000.0,131.52,2026-05-17T15:11:07.989Z,btc-updown-15m-1779030000,"Bitcoin Up or Down - May 17, 11:00AM-11:15AM ET",btc-updown-15m-1779030000,2026-05-17T15:15:00Z,,0.96,0.97,0.03,0.04,0.965,0.63,10469.058769000005,,339.5,245.19,2026-05-17T15:11:07.989Z,BRTI,78088.62,78030.03,78073.648,60,Polymarket RTDS,78086.75562202062,78016.93440299988,1.017,0.998,
2026-05-17T15:11:10.628Z,2026-05-17T15:11:09.926Z,KXBTC15M-26MAY171115-15,BTC price up in next 15 mins?,KXBTC15M-26MAY171115,2026-05-17T15:15:00Z,active,0.972,0.977,0.023,0.028,0.9744999999999999,0.972,230451.49,81182.05,1011.43,46.52,2026-05-17T15:11:09.980Z,btc-updown-15m-1779030000,"Bitcoin Up or Down - May 17, 11:00AM-11:15AM ET",btc-updown-15m-1779030000,2026-05-17T15:15:00Z,,0.96,0.97,0.03,0.04,0.965,0.63,10469.058769000005,,411.53,243.45,2026-05-17T15:11:09.980Z,BRTI,78092.77,78030.03,78073.7315,60,Polymarket RTDS,78087.56526753741,78016.93440299988,1.017,0.998,
2026-05-17T15:11:12.489Z,2026-05-17T15:11:11.931Z,KXBTC15M-26MAY171115-15,BTC price up in next 15 mins?,KXBTC15M-26MAY171115,2026-05-17T15:15:00Z,active,0.972,0.977,0.023,0.028,0.9744999999999999,0.972,230451.49,81182.05,1760.57,41.52,2026-05-17T15:11:11.983Z,btc-updown-15m-1779030000,"Bitcoin Up or Down - May 17, 11:00AM-11:15AM ET",btc-updown-15m-1779030000,2026-05-17T15:15:00Z,,0.96,0.97,0.03,0.04,0.965,0.63,10469.058769000005,,464.5,60.1,2026-05-17T15:11:11.983Z,BRTI,78073.55,78030.03,78073.496,60,Polymarket RTDS,78087.17516508777,78016.93440299988,1.017,0.998,
2026-05-17T15:11:14.503Z,2026-05-17T15:11:13.935Z,KXBTC15M-26MAY171115-15,BTC price up in next 15 mins?,KXBTC15M-26MAY171115,2026-05-17T15:15:00Z,active,0.972,0.977,0.023,0.028,0.9744999999999999,0.972,230451.49,81182.05,1564.57,97.52,2026-05-17T15:11:13.980Z,btc-updown-15m-1779030000,"Bitcoin Up or Down - May 17, 11:00AM-11:15AM ET",btc-updown-15m-1779030000,2026-05-17T15:15:00Z,,0.96,0.97,0.03,0.04,0.965,0.63,10469.058769000005,,384.5,32.8,2026-05-17T15:11:13.980Z,BRTI,78064.4,78030.03,78073.41683333334,60,Polymarket RTDS,78087.19559580907,78016.93440299988,1.017,0.998,
2026-05-17T15:11:16.459Z,2026-05-17T15:11:15.930Z,KXBTC15M-26MAY171115-15,BTC price up in next 15 mins?,KXBTC15M-26MAY171115,2026-05-17T15:15:00Z,active,0.972,0.977,0.023,0.028,0.9744999999999999,0.972,230451.49,81182.05,1707.79,75.0,2026-05-17T15:11:15.976Z,btc-updown-15m-1779030000,"Bitcoin Up or Down - May 17, 11:00AM-11:15AM ET",btc-updown-15m-1779030000,2026-05-17T15:15:00Z,,0.96,0.98,0.02,0.03,0.97,0.63,10469.058769000005,,429.5,3219.25,2026-05-17T15:11:15.977Z,BRTI,78090.0,78030.03,78073.4555,60,Polymarket RTDS,78087.65006511997,78016.93440299988,1.007,1.008,
2026-05-17T15:11:18.446Z,2026-05-17T15:11:17.931Z,KXBTC15M-26MAY171115-15,BTC price up in next 15 mins?,KXBTC15M-26MAY171115,2026-05-17T15:15:00Z,active,0.972,0.978,0.022,0.028,0.975,0.972,230451.49,81182.05,1782.79,1234.09,2026-05-17T15:11:17.980Z,btc-updown-15m-1779030000,"Bitcoin Up or Down - May 17, 11:00AM-11:15AM ET",btc-updown-15m-1779030000,2026-05-17T15:15:00Z,,0.97,0.98,0.02,0.03,0.975,0.63,10469.058769000005,,706.76,2838.79,2026-05-17T15:11:17.980Z,BRTI,78065.95,78030.03,78073.42716666666,60,Polymarket RTDS,78088.16827229278,78016.93440299988,1.008,1.008,
2026-05-17T15:11:20.494Z,2026-05-17T15:11:19.930Z,KXBTC15M-26MAY171115-15,BTC price up in next 15 mins?,KXBTC15M-26MAY171115,2026-05-17T15:15:00Z,active,0.976,0.978,0.022,0.024,0.977,0.972,230451.49,81182.05,8.65,10.0,2026-05-17T15:11:19.980Z,btc-updown-15m-1779030000,"Bitcoin Up or Down - May 17, 11:00AM-11:15AM ET",btc-updown-15m-1779030000,2026-05-17T15:15:00Z,,0.97,0.98,0.02,0.03,0.975,0.63,10469.058769000005,,397.84,2731.65,2026-05-17T15:11:19.980Z,BRTI,78065.95,78030.03,78073.06033333334,60,Polymarket RTDS,78087.72438771684,78016.93440299988,1.008,1.004,
2026-05-17T15:11:22.513Z,2026-05-17T15:11:21.933Z,KXBTC15M-26MAY171115-15,BTC price up in next 15 mins?,KXBTC15M-26MAY171115,2026-05-17T15:15:00Z,active,0.973,0.979,0.021,0.027,0.976,0.972,230451.49,81182.05,123.54,127.24,2026-05-17T15:11:21.984Z,btc-updown-15m-1779030000,"Bitcoin Up or Down - May 17, 11:00AM-11:15AM ET",btc-updown-15m-1779030000,2026-05-17T15:15:00Z,,0.97,0.98,0.02,0.03,0.975,0.63,10469.058769000005,,376.5,2489.52,2026-05-17T15:11:21.984Z,BRTI,78065.95,78030.03,78073.007,60,Polymarket RTDS,78087.26707411,78016.93440299988,1.009,1.007,
2026-05-17T15:11:24.464Z,2026-05-17T15:11:23.933Z,KXBTC15M-26MAY171115-15,BTC price up in next 15 mins?,KXBTC15M-26MAY171115,2026-05-17T15:15:00Z,active,0.972,0.979,0.021,0.028,0.9755,0.972,230451.49,81182.05,1087.56,36.0,2026-05-17T15:11:23.979Z,btc-updown-15m-1779030000,"Bitcoin Up or Down - May 17, 11:00AM-11:15AM ET",btc-updown-15m-1779030000,2026-05-17T15:15:00Z,,0.97,0.98,0.02,0.03,0.975,0.63,10469.058769000005,,353.84,2691.65,2026-05-17T15:11:23.979Z,BRTI,78073.7,78030.03,78072.78116666667,60,Polymarket RTDS,78087.45981707815,78016.93440299988,1.009,1.008,
2026-05-17T15:11:26.442Z,2026-05-17T15:11:25.925Z,KXBTC15M-26MAY171115-15,BTC price up in next 15 mins?,KXBTC15M-26MAY171115,2026-05-17T15:15:00Z,active,0.974,0.979,0.021,0.026,0.9764999999999999,0.972,230451.49,81182.05,26.0,54.03,2026-05-17T15:11:25.986Z,btc-updown-15m-1779030000,"Bitcoin Up or Down - May 17, 11:00AM-11:15AM ET",btc-updown-15m-1779030000,2026-05-17T15:15:00Z,,0.97,0.98,0.02,0.03,0.975,0.63,10469.058769000005,,320.0,2697.91,2026-05-17T15:11:25.986Z,BRTI,78096.5,78030.03,78072.9235,60,Polymarket RTDS,78087.56129438835,78016.93440299988,1.009,1.006,
2026-05-17T15:11:28.440Z,2026-05-17T15:11:27.925Z,KXBTC15M-26MAY171115-15,BTC price up in next 15 mins?,KXBTC15M-26MAY171115,2026-05-17T15:15:00Z,active,0.975,0.976,0.024,0.025,0.9755,0.972,230451.49,81182.05,2471.92,387.0,2026-05-17T15:11:27.985Z,btc-updown-15m-1779030000,"Bitcoin Up or Down - May 17, 11:00AM-11:15AM ET",btc-updown-15m-1779030000,2026-05-17T15:15:00Z,,0.97,0.98,0.02,0.03,0.975,0.63,10469.058769000005,,156.33,2909.5,2026-05-17T15:11:27.986Z,BRTI,78088.62,78030.03,78073.25766666667,60,Polymarket RTDS,78086.49743931393,78016.93440299988,1.006,1.005,
2026-05-17T15:11:30.439Z,2026-05-17T15:11:29.931Z,KXBTC15M-26MAY171115-15,BTC price up in next 15 mins?,KXBTC15M-26MAY171115,2026-05-17T15:15:00Z,active,0.971,0.972,0.028,0.029,0.9715,0.972,230451.49,81182.05,99.0,1286.32,2026-05-17T15:11:29.988Z,btc-updown-15m-1779030000,"Bitcoin Up or Down - May 17, 11:00AM-11:15AM ET",btc-updown-15m-1779030000,2026-05-17T15:15:00Z,,0.96,0.97,0.03,0.04,0.965,0.63,10469.058769000005,,58.99,270.44,2026-05-17T15:11:29.988Z,BRTI,78073.7,78030.03,78073.3585,60,Polymarket RTDS,78080.823715,78016.93440299988,1.012,0.999,
2026-05-17T15:11:32.502Z,2026-05-17T15:11:31.933Z,KXBTC15M-26MAY171115-15,BTC price up in next 15 mins?,KXBTC15M-26MAY171115,2026-05-17T15:15:00Z,active,0.979,0.98,0.02,0.021,0.9795,0.972,230451.49,81182.05,650.42,4650.64,2026-05-17T15:11:31.986Z,btc-updown-15m-1779030000,"Bitcoin Up or Down - May 17, 11:00AM-11:15AM ET",btc-updown-15m-1779030000,2026-05-17T15:15:00Z,,0.96,0.97,0.03,0.04,0.965,0.63,10469.058769000005,,73.11,445.74,2026-05-17T15:11:31.986Z,BRTI,78090.0,78030.03,78073.3925,60,Polymarket RTDS,78076.84009422261,78016.93440299988,1.02,0.991,
2026-05-17T15:11:34.451Z,2026-05-17T15:11:33.934Z,KXBTC15M-26MAY171115-15,BTC price up in next 15 mins?,KXBTC15M-26MAY171115,2026-05-17T15:15:00Z,active,0.975,0.976,0.024,0.025,0.9755,0.972,230451.49,81182.05,71.0,4749.92,2026-05-17T15:11:33.984Z,btc-updown-15m-1779030000,"Bitcoin Up or Down - May 17, 11:00AM-11:15AM ET",btc-updown-15m-1779030000,2026-05-17T15:15:00Z,,0.96,0.97,0.03,0.04,0.965,0.63,10469.058769000005,,51.89,373.99,2026-05-17T15:11:33.984Z,BRTI,78088.62,78030.03,78073.742,60,Polymarket RTDS,78076.20318922262,78016.93440299988,1.016,0.995,
2026-05-17T15:11:36.501Z,2026-05-17T15:11:35.928Z,KXBTC15M-26MAY171115-15,BTC price up in next 15 mins?,KXBTC15M-26MAY171115,2026-05-17T15:15:00Z,active,0.973,0.98,0.02,0.027,0.9764999999999999,0.972,230451.49,81182.05,53.0,148.0,2026-05-17T15:11:35.980Z,btc-updown-15m-1779030000,"Bitcoin Up or Down - May 17, 11:00AM-11:15AM ET",btc-updown-15m-1779030000,2026-05-17T15:15:00Z,,0.96,0.97,0.03,0.04,0.965,0.63,10469.058769000005,,26.89,316.69,2026-05-17T15:11:35.980Z,BRTI,78073.7,78030.03,78073.87116666666,60,Polymarket RTDS,78075.19704504772,78016.93440299988,1.02,0.997,
2026-05-17T15:11:38.479Z,2026-05-17T15:11:37.934Z,KXBTC15M-26MAY171115-15,BTC price up in next 15 mins?,KXBTC15M-26MAY171115,2026-05-17T15:15:00Z,active,0.973,0.977,0.023,0.027,0.975,0.972,230451.49,81182.05,50.7,3715.0,2026-05-17T15:11:37.990Z,btc-updown-15m-1779030000,"Bitcoin Up or Down - May 17, 11:00AM-11:15AM ET",btc-updown-15m-1779030000,2026-05-17T15:15:00Z,,0.96,0.97,0.03,0.04,0.965,0.63,10469.058769000005,,31.0,286.98,2026-05-17T15:11:37.990Z,BRTI,78082.97,78030.03,78074.0165,60,Polymarket RTDS,78075.23683502995,78016.93440299988,1.017,0.997,
2026-05-17T15:11:40.450Z,2026-05-17T15:11:39.927Z,KXBTC15M-26MAY171115-15,BTC price up in next 15 mins?,KXBTC15M-26MAY171115,2026-05-17T15:15:00Z,active,0.972,0.976,0.024,0.028,0.974,0.972,245886.37,89929.95,1000.0,126.42,2026-05-17T15:11:39.976Z,btc-updown-15m-1779030000,"Bitcoin Up or Down - May 17, 11:00AM-11:15AM ET",btc-updown-15m-1779030000,2026-05-17T15:15:00Z,,0.96,0.97,0.03,0.04,0.965,0.63,10469.058769000005,,36.0,208.7,2026-05-17T15:11:39.976Z,BRTI,78082.97,78030.03,78074.16183333333,60,Polymarket RTDS,78075.24571088472,78016.93440299988,1.016,0.998,
2026-05-17T15:11:42.452Z,2026-05-17T15:11:41.934Z,KXBTC15M-26MAY171115-15,BTC price up in next 15 mins?,KXBTC15M-26MAY171115,2026-05-17T15:15:00Z,active,0.97,0.976,0.024,0.03,0.973,0.972,245886.37,89929.95,255.64,75.0,2026-05-17T15:11:41.984Z,btc-updown-15m-1779030000,"Bitcoin Up or Down - May 17, 11:00AM-11:15AM ET",btc-updown-15m-1779030000,2026-05-17T15:15:00Z,,0.96,0.97,0.03,0.04,0.965,0.63,10469.058769000005,,41.0,248.7,2026-05-17T15:11:41.984Z,BRTI,78082.97,78030.03,78074.44549999999,60,Polymarket RTDS,78075.22866666113,78016.93440299988,1.016,1.0,
2026-05-17T15:11:44.495Z,2026-05-17T15:11:43.937Z,KXBTC15M-26MAY171115-15,BTC price up in next 15 mins?,KXBTC15M-26MAY171115,2026-05-17T15:15:00Z,active,0.965,0.97,0.03,0.035,0.9675,0.972,245886.37,89929.95,143.35,44.0,2026-05-17T15:11:44.005Z,btc-updown-15m-1779030000,"Bitcoin Up or Down - May 17, 11:00AM-11:15AM ET",btc-updown-15m-1779030000,2026-05-17T15:15:00Z,,0.96,0.97,0.03,0.04,0.965,0.63,10469.058769000005,,48.09,219.64,2026-05-17T15:11:44.005Z,BRTI,78073.7,78030.03,78074.41716666667,60,Polymarket RTDS,78075.17932910299,78016.93440299988,1.01,1.005,
2026-05-17T15:11:46.470Z,2026-05-17T15:11:45.928Z,KXBTC15M-26MAY171115-15,BTC price up in next 15 mins?,KXBTC15M-26MAY171115,2026-05-17T15:15:00Z,active,0.964,0.966,0.034,0.036,0.965,0.972,245886.37,89929.95,32.0,125.0,2026-05-17T15:11:45.977Z,btc-updown-15m-1779030000,"Bitcoin Up or Down - May 17, 11:00AM-11:15AM ET",btc-updown-15m-1779030000,2026-05-17T15:15:00Z,,0.96,0.97,0.03,0.04,0.965,0.63,10469.058769000005,,36.0,187.98,2026-05-17T15:11:45.977Z,BRTI,78088.62,78030.03,78074.66833333332,60,Polymarket RTDS,78075.18996579872,78016.93440299988,1.006,1.006,
2026-05-17T15:11:48.449Z,2026-05-17T15:11:47.941Z,KXBTC15M-26MAY171115-15,BTC price up in next 15 mins?,KXBTC15M-26MAY171115,2026-05-17T15:15:00Z,active,0.963,0.967,0.033,0.037,0.965,0.972,245886.37,89929.95,205.0,75.0,2026-05-17T15:11:47.995Z,btc-updown-15m-1779030000,"Bitcoin Up or Down - May 17, 11:00AM-11:15AM ET",btc-updown-15m-1779030000,2026-05-17T15:15:00Z,,0.96,0.97,0.03,0.04,0.965,0.63,10469.058769000005,,28.83,213.48,2026-05-17T15:11:47.995Z,BRTI,78096.5,78030.03,78075.033,60,Polymarket RTDS,78074.51241861413,78016.93440299988,1.007,1.007,
2026-05-17T15:11:50.526Z,2026-05-17T15:11:49.932Z,KXBTC15M-26MAY171115-15,BTC price up in next 15 mins?,KXBTC15M-26MAY171115,2026-05-17T15:15:00Z,active,0.965,0.968,0.032,0.035,0.9664999999999999,0.972,245886.37,89929.95,133.35,110.7,2026-05-17T15:11:49.999Z,btc-updown-15m-1779030000,"Bitcoin Up or Down - May 17, 11:00AM-11:15AM ET",btc-updown-15m-1779030000,2026-05-17T15:15:00Z,,0.96,0.97,0.03,0.04,0.965,0.63,10469.058769000005,,28.83,183.44,2026-05-17T15:11:49.999Z,BRTI,78083.37,78030.03,78075.32333333332,60,Polymarket RTDS,78074.13888885589,78016.93440299988,1.008,1.005,
2026-05-17T15:11:52.490Z,2026-05-17T15:11:51.930Z,KXBTC15M-26MAY171115-15,BTC price up in next 15 mins?,KXBTC15M-26MAY171115,2026-05-17T15:15:00Z,active,0.963,0.968,0.032,0.037,0.9655,0.972,245886.37,89929.95,232.42,102.53,2026-05-17T15:11:51.977Z,btc-updown-15m-1779030000,"Bitcoin Up or Down - May 17, 11:00AM-11:15AM ET",btc-updown-15m-1779030000,2026-05-17T15:15:00Z,,0.96,0.97,0.03,0.04,0.965,0.63,10469.058769000005,,35.41,277.14,2026-05-17T15:11:51.977Z,BRTI,78092.77,78030.03,78075.62583333332,60,Polymarket RTDS,78074.13588885589,78016.93440299988,1.008,1.007,
2026-05-17T15:11:54.470Z,2026-05-17T15:11:53.943Z,KXBTC15M-26MAY171115-15,BTC price up in next 15 mins?,KXBTC15M-26MAY171115,2026-05-17T15:15:00Z,active,0.963,0.97,0.03,0.037,0.9664999999999999,0.972,245886.37,89929.95,20.39,22.0,2026-05-17T15:11:53.992Z,btc-updown-15m-1779030000,"Bitcoin Up or Down - May 17, 11:00AM-11:15AM ET",btc-updown-15m-1779030000,2026-05-17T15:15:00Z,,0.96,0.97,0.03,0.04,0.965,0.63,10469.058769000005,,40.41,192.88,2026-05-17T15:11:53.992Z,BRTI,78090.0,78030.03,78075.99833333334,60,Polymarket RTDS,78074.13088885589,78016.93440299988,1.01,1.007,
2026-05-17T15:11:56.507Z,2026-05-17T15:11:55.924Z,KXBTC15M-26MAY171115-15,BTC price up in next 15 mins?,KXBTC15M-26MAY171115,2026-05-17T15:15:00Z,active,0.97,0.971,0.029,0.03,0.9704999999999999,0.972,245886.37,89929.95,4998.0,114.2,2026-05-17T15:11:55.972Z,btc-updown-15m-1779030000,"Bitcoin Up or Down - May 17, 11:00AM-11:15AM ET",btc-updown-15m-1779030000,2026-05-17T15:15:00Z,,0.95,0.96,0.04,0.05,0.955,0.63,10469.058769000005,,474.47,5.0,2026-05-17T15:11:55.972Z,BRTI,78082.72,78030.03,78076.15116666668,60,Polymarket RTDS,78074.12838885588,78016.93440299988,1.021,0.99,
2026-05-17T15:11:58.484Z,2026-05-17T15:11:57.938Z,KXBTC15M-26MAY171115-15,BTC price up in next 15 mins?,KXBTC15M-26MAY171115,2026-05-17T15:15:00Z,active,0.97,0.973,0.027,0.03,0.9715,0.972,245886.37,89929.95,4989.35,49.64,2026-05-17T15:11:57.989Z,btc-updown-15m-1779030000,"Bitcoin Up or Down - May 17, 11:00AM-11:15AM ET",btc-updown-15m-1779030000,2026-05-17T15:15:00Z,,0.96,0.97,0.03,0.04,0.965,0.63,10469.058769000005,,40.0,174.43,2026-05-17T15:11:57.989Z,BRTI,78084.08,78030.03,78076.40966666667,60,Polymarket RTDS,78074.13038885589,78016.93440299988,1.013,1.0,
2026-05-17T15:12:00.739Z,2026-05-17T15:11:59.946Z,KXBTC15M-26MAY171115-15,BTC price up in next 15 mins?,KXBTC15M-26MAY171115,2026-05-17T15:15:00Z,active,0.971,0.973,0.027,0.029,0.972,0.972,245886.37,89929.95,108.15,49.64,2026-05-17T15:12:00.041Z,btc-updown-15m-1779030000,"Bitcoin Up or Down - May 17, 11:00AM-11:15AM ET",btc-updown-15m-1779030000,2026-05-17T15:15:00Z,,0.96,0.97,0.03,0.04,0.965,0.63,10469.058769000005,,35.0,153.39,2026-05-17T15:12:00.041Z,BRTI,78088.62,78030.03,78076.7875,60,Polymarket RTDS,78074.12738885588,78016.93440299988,1.013,0.999,
2026-05-17T15:12:02.975Z,2026-05-17T15:12:01.938Z,KXBTC15M-26MAY171115-15,BTC price up in next 15 mins?,KXBTC15M-26MAY171115,2026-05-17T15:15:00Z,active,0.943,0.962,0.038,0.057,0.9524999999999999,0.972,245886.37,89929.95,10.0,125.0,2026-05-17T15:12:02.163Z,btc-updown-15m-1779030000,"Bitcoin Up or Down - May 17, 11:00AM-11:15AM ET",btc-updown-15m-1779030000,2026-05-17T15:15:00Z,,0.96,0.97,0.03,0.04,0.965,0.63,10469.058769000005,,123.01,118.87,2026-05-17T15:12:02.163Z,BRTI,78092.77,78030.03,78077.20616666667,60,Polymarket RTDS,78074.12738885588,78016.93440299988,1.002,1.027,
2026-05-17T15:12:04.544Z,2026-05-17T15:12:03.925Z,KXBTC15M-26MAY171115-15,BTC price up in next 15 mins?,KXBTC15M-26MAY171115,2026-05-17T15:15:00Z,active,0.908,0.915,0.085,0.092,0.9115,0.972,245886.37,89929.95,208.84,33.0,2026-05-17T15:12:03.976Z,btc-updown-15m-1779030000,"Bitcoin Up or Down - May 17, 11:00AM-11:15AM ET",btc-updown-15m-1779030000,2026-05-17T15:15:00Z,,0.93,0.94,0.06,0.07,0.935,0.63,10469.058769000005,,262.09,12.0,2026-05-17T15:12:03.976Z,BRTI,78090.0,78030.03,78077.63283333332,60,Polymarket RTDS,78061.09822681567,78016.93440299988,0.9850000000000001,1.032,
2026-05-17T15:12:06.465Z,2026-05-17T15:12:05.938Z,KXBTC15M-26MAY171115-15,BTC price up in next 15 mins?,KXBTC15M-26MAY171115,2026-05-17T15:15:00Z,active,0.909,0.91,0.09,0.091,0.9095,0.972,245886.37,89929.95,231.0,3.0,2026-05-17T15:12:05.990Z,btc-updown-15m-1779030000,"Bitcoin Up or Down - May 17, 11:00AM-11:15AM ET",btc-updown-15m-1779030000,2026-05-17T15:15:00Z,,0.92,0.93,0.07,0.08,0.925,0.63,10469.058769000005,,22.55,183.29,2026-05-17T15:12:05.990Z,BRTI,78079.87,78030.03,78077.73816666666,60,Polymarket RTDS,78058.83148,78016.93440299988,0.99,1.0210000000000001,
2026-05-17T15:12:08.547Z,2026-05-17T15:12:07.932Z,KXBTC15M-26MAY171115-15,BTC price up in next 15 mins?,KXBTC15M-26MAY171115,2026-05-17T15:15:00Z,active,0.921,0.923,0.077,0.079,0.922,0.972,245886.37,89929.95,25.0,75.0,2026-05-17T15:12:07.986Z,btc-updown-15m-1779030000,"Bitcoin Up or Down - May 17, 11:00AM-11:15AM ET",btc-updown-15m-1779030000,2026-05-17T15:15:00Z,,0.92,0.93,0.07,0.08,0.925,0.63,10469.058769000005,,68.21,93.03,2026-05-17T15:12:07.986Z,BRTI,78079.87,78030.03,78077.82566666667,60,Polymarket RTDS,78058.838055,78016.93440299988,1.0030000000000001,1.0090000000000001,
2026-05-17T15:12:10.599Z,2026-05-17T15:12:09.942Z,KXBTC15M-26MAY171115-15,BTC price up in next 15 mins?,KXBTC15M-26MAY171115,2026-05-17T15:15:00Z,active,0.923,0.939,0.061,0.077,0.931,0.924,256693.43,96321.97,75.0,10.0,2026-05-17T15:12:10.005Z,btc-updown-15m-1779030000,"Bitcoin Up or Down - May 17, 11:00AM-11:15AM ET",btc-updown-15m-1779030000,2026-05-17T15:15:00Z,,0.92,0.93,0.07,0.08,0.925,0.63,10469.058769000005,,139.38,8.0,2026-05-17T15:12:10.005Z,BRTI,78083.37,78030.03,78078.07233333333,60,Polymarket RTDS,78058.939155,78016.93440299988,1.019,1.0070000000000001,
2026-05-17T15:12:12.490Z,2026-05-17T15:12:11.937Z,KXBTC15M-26MAY171115-15,BTC price up in next 15 mins?,KXBTC15M-26MAY171115,2026-05-17T15:15:00Z,active,0.923,0.936,0.064,0.077,0.9295,0.924,256693.43,96321.97,43.29,147.78,2026-05-17T15:12:11.996Z,btc-updown-15m-1779030000,"Bitcoin Up or Down - May 17, 11:00AM-11:15AM ET",btc-updown-15m-1779030000,2026-05-17T15:15:00Z,,0.92,0.93,0.07,0.08,0.925,0.63,10469.058769000005,,159.38,1.92,2026-05-17T15:12:11.996Z,BRTI,78096.5,78030.03,78078.55316666666,60,Polymarket RTDS,78058.973945,78016.93440299988,1.016,1.0070000000000001,
2026-05-17T15:12:14.487Z,2026-05-17T15:12:13.928Z,KXBTC15M-26MAY171115-15,BTC price up in next 15 mins?,KXBTC15M-26MAY171115,2026-05-17T15:15:00Z,active,0.923,0.936,0.064,0.077,0.9295,0.924,256693.43,96321.97,60.81,130.78,2026-05-17T15:12:13.977Z,btc-updown-15m-1779030000,"Bitcoin Up or Down - May 17, 11:00AM-11:15AM ET",btc-updown-15m-1779030000,2026-05-17T15:15:00Z,,0.92,0.93,0.07,0.08,0.925,0.63,10469.058769000005,,151.38,1.92,2026-05-17T15:12:13.977Z,BRTI,78084.08,78030.03,78078.81166666668,60,Polymarket RTDS,78058.89635,78016.93440299988,1.016,1.0070000000000001,
2026-05-17T15:12:16.471Z,2026-05-17T15:12:15.930Z,KXBTC15M-26MAY171115-15,BTC price up in next 15 mins?,KXBTC15M-26MAY171115,2026-05-17T15:15:00Z,active,0.927,0.939,0.061,0.073,0.933,0.924,256693.43,96321.97,104.83,98.9,2026-05-17T15:12:15.978Z,btc-updown-15m-1779030000,"Bitcoin Up or Down - May 17, 11:00AM-11:15AM ET",btc-updown-15m-1779030000,2026-05-17T15:15:00Z,,0.92,0.93,0.07,0.08,0.925,0.63,10469.058769000005,,151.38,1.92,2026-05-17T15:12:15.978Z,BRTI,78092.77,78030.03,78079.20533333333,60,Polymarket RTDS,78058.91625,78016.93440299988,1.019,1.0030000000000001,
2026-05-17T15:12:18.505Z,2026-05-17T15:12:17.948Z,KXBTC15M-26MAY171115-15,BTC price up in next 15 mins?,KXBTC15M-26MAY171115,2026-05-17T15:15:00Z,active,0.959,0.96,0.04,0.041,0.9595,0.924,256693.43,96321.97,339.27,910.49,2026-05-17T15:12:17.996Z,btc-updown-15m-1779030000,"Bitcoin Up or Down - May 17, 11:00AM-11:15AM ET",btc-updown-15m-1779030000,2026-05-17T15:15:00Z,,0.94,0.98,0.02,0.06,0.96,0.63,10469.058769000005,,108.0,2462.96,2026-05-17T15:12:17.996Z,BRTI,78092.77,78030.03,78079.52316666667,60,Polymarket RTDS,78065.27638511901,78016.93440299988,1.02,1.021,
2026-05-17T15:12:20.477Z,2026-05-17T15:12:19.939Z,KXBTC15M-26MAY171115-15,BTC price up in next 15 mins?,KXBTC15M-26MAY171115,2026-05-17T15:15:00Z,active,0.959,0.96,0.04,0.041,0.9595,0.924,256693.43,96321.97,133.25,898.49,2026-05-17T15:12:19.993Z,btc-updown-15m-1779030000,"Bitcoin Up or Down - May 17, 11:00AM-11:15AM ET",btc-updown-15m-1779030000,2026-05-17T15:15:00Z,,0.96,0.97,0.03,0.04,0.965,0.63,10469.058769000005,,61.0,153.0,2026-05-17T15:12:19.993Z,BRTI,78088.62,78030.03,78079.87266666668,60,Polymarket RTDS,78067.68660482521,78016.93440299988,1.0,1.011,
2026-05-17T15:12:22.519Z,2026-05-17T15:12:21.936Z,KXBTC15M-26MAY171115-15,BTC price up in next 15 mins?,KXBTC15M-26MAY171115,2026-05-17T15:15:00Z,active,0.967,0.968,0.032,0.033,0.9675,0.924,256693.43,96321.97,3.38,75.0,2026-05-17T15:12:22.007Z,btc-updown-15m-1779030000,"Bitcoin Up or Down - May 17, 11:00AM-11:15AM ET",btc-updown-15m-1779030000,2026-05-17T15:15:00Z,,0.96,0.97,0.03,0.04,0.965,0.63,10469.058769000005,,114.2,230.47,2026-05-17T15:12:22.007Z,BRTI,78082.72,78030.03,78080.1085,60,Polymarket RTDS,78068.519905,78016.93440299988,1.008,1.003,
2026-05-17T15:12:24.728Z,2026-05-17T15:12:23.941Z,KXBTC15M-26MAY171115-15,BTC price up in next 15 mins?,KXBTC15M-26MAY171115,2026-05-17T15:15:00Z,active,0.963,0.968,0.032,0.037,0.9655,0.924,256693.43,96321.97,14.31,74.58,2026-05-17T15:12:23.985Z,btc-updown-15m-1779030000,"Bitcoin Up or Down - May 17, 11:00AM-11:15AM ET",btc-updown-15m-1779030000,2026-05-17T15:15:00Z,,0.96,0.97,0.03,0.04,0.965,0.63,10469.058769000005,,209.06,124.67,2026-05-17T15:12:23.985Z,BRTI,78082.72,78030.03,78080.26133333333,60,Polymarket RTDS,78068.680925,78016.93440299988,1.008,1.007,
2026-05-17T15:12:26.464Z,2026-05-17T15:12:25.923Z,KXBTC15M-26MAY171115-15,BTC price up in next 15 mins?,KXBTC15M-26MAY171115,2026-05-17T15:15:00Z,active,0.963,0.972,0.028,0.037,0.9675,0.924,256693.43,96321.97,107.42,111.0,2026-05-17T15:12:25.972Z,btc-updown-15m-1779030000,"Bitcoin Up or Down - May 17, 11:00AM-11:15AM ET",btc-updown-15m-1779030000,2026-05-17T15:15:00Z,,0.96,0.97,0.03,0.04,0.965,0.85,19790.30345199998,,149.61,165.31,2026-05-17T15:12:25.972Z,BRTI,78088.62,78030.03,78080.50083333332,60,Polymarket RTDS,78068.674695,78016.93440299988,1.012,1.007,
2026-05-17T15:12:28.436Z,2026-05-17T15:12:27.935Z,KXBTC15M-26MAY171115-15,BTC price up in next 15 mins?,KXBTC15M-26MAY171115,2026-05-17T15:15:00Z,active,0.962,0.963,0.037,0.038,0.9624999999999999,0.924,256693.43,96321.97,965.0,35.0,2026-05-17T15:12:27.987Z,btc-updown-15m-1779030000,"Bitcoin Up or Down - May 17, 11:00AM-11:15AM ET",btc-updown-15m-1779030000,2026-05-17T15:15:00Z,,0.96,0.97,0.03,0.04,0.965,0.85,19790.30345199998,,154.61,171.89,2026-05-17T15:12:27.987Z,BRTI,78082.97,78030.03,78080.65533333334,60,Polymarket RTDS,78068.72357,78016.93440299988,1.003,1.008,
2026-05-17T15:12:30.468Z,2026-05-17T15:12:29.922Z,KXBTC15M-26MAY171115-15,BTC price up in next 15 mins?,KXBTC15M-26MAY171115,2026-05-17T15:15:00Z,active,0.956,0.963,0.037,0.044,0.9595,0.924,256693.43,96321.97,130.83,28.0,2026-05-17T15:12:29.965Z,btc-updown-15m-1779030000,"Bitcoin Up or Down - May 17, 11:00AM-11:15AM ET",btc-updown-15m-1779030000,2026-05-17T15:15:00Z,,0.96,0.97,0.03,0.04,0.965,0.85,19790.30345199998,,179.61,170.85,2026-05-17T15:12:29.965Z,BRTI,78077.84,78030.03,78080.8535,60,Polymarket RTDS,78068.72141,78016.93440299988,1.003,1.014,
2026-05-17T15:12:32.650Z,2026-05-17T15:12:31.938Z,KXBTC15M-26MAY171115-15,BTC price up in next 15 mins?,KXBTC15M-26MAY171115,2026-05-17T15:15:00Z,active,0.963,0.969,0.031,0.037,0.966,0.924,256693.43,96321.97,75.0,37.0,2026-05-17T15:12:31.991Z,btc-updown-15m-1779030000,"Bitcoin Up or Down - May 17, 11:00AM-11:15AM ET",btc-updown-15m-1779030000,2026-05-17T15:15:00Z,,0.96,0.97,0.03,0.04,0.965,0.85,19790.30345199998,,146.81,170.85,2026-05-17T15:12:31.991Z,BRTI,78092.77,78030.03,78081.17133333333,60,Polymarket RTDS,78068.72344,78016.93440299988,1.009,1.007,
2026-05-17T15:12:34.442Z,2026-05-17T15:12:33.927Z,KXBTC15M-26MAY171115-15,BTC price up in next 15 mins?,KXBTC15M-26MAY171115,2026-05-17T15:15:00Z,active,0.96,0.966,0.034,0.04,0.963,0.924,256693.43,96321.97,2.0,26.0,2026-05-17T15:12:33.983Z,btc-updown-15m-1779030000,"Bitcoin Up or Down - May 17, 11:00AM-11:15AM ET",btc-updown-15m-1779030000,2026-05-17T15:15:00Z,,0.96,0.97,0.03,0.04,0.965,0.85,19790.30345199998,,57.07,165.79,2026-05-17T15:12:33.983Z,BRTI,78082.97,78030.03,78081.32833333334,60,Polymarket RTDS,78068.723795,78016.93440299988,1.006,1.01,
2026-05-17T15:12:36.483Z,2026-05-17T15:12:35.932Z,KXBTC15M-26MAY171115-15,BTC price up in next 15 mins?,KXBTC15M-26MAY171115,2026-05-17T15:15:00Z,active,0.962,0.97,0.03,0.038,0.966,0.924,256693.43,96321.97,707.73,45.0,2026-05-17T15:12:35.985Z,btc-updown-15m-1779030000,"Bitcoin Up or Down - May 17, 11:00AM-11:15AM ET",btc-updown-15m-1779030000,2026-05-17T15:15:00Z,,0.96,0.97,0.03,0.04,0.965,0.85,19790.30345199998,,136.05,135.73,2026-05-17T15:12:35.985Z,BRTI,78078.21,78030.03,78081.4035,60,Polymarket RTDS,78068.47069,78016.93440299988,1.01,1.008,
2026-05-17T15:12:38.435Z,2026-05-17T15:12:37.927Z,KXBTC15M-26MAY171115-15,BTC price up in next 15 mins?,KXBTC15M-26MAY171115,2026-05-17T15:15:00Z,active,0.942,0.952,0.048,0.058,0.947,0.924,256693.43,96321.97,980.0,55.0,2026-05-17T15:12:37.985Z,btc-updown-15m-1779030000,"Bitcoin Up or Down - May 17, 11:00AM-11:15AM ET",btc-updown-15m-1779030000,2026-05-17T15:15:00Z,,0.94,0.95,0.05,0.06,0.945,0.85,19790.30345199998,,87.66,117.63,2026-05-17T15:12:37.985Z,BRTI,78082.97,78030.03,78081.65883333333,60,Polymarket RTDS,78067.69111237375,78016.93440299988,1.012,1.008,
2026-05-17T15:12:40.469Z,2026-05-17T15:12:39.936Z,KXBTC15M-26MAY171115-15,BTC price up in next 15 mins?,KXBTC15M-26MAY171115,2026-05-17T15:15:00Z,active,0.953,0.958,0.042,0.047,0.9555,0.952,264810.28,98839.47,59.94,75.0,2026-05-17T15:12:39.987Z,btc-updown-15m-1779030000,"Bitcoin Up or Down - May 17, 11:00AM-11:15AM ET",btc-updown-15m-1779030000,2026-05-17T15:15:00Z,,0.94,0.95,0.05,0.06,0.945,0.85,19790.30345199998,,48.66,144.53,2026-05-17T15:12:39.987Z,BRTI,78083.37,78030.03,78081.94916666667,60,Polymarket RTDS,78059.9294763243,78016.93440299988,1.018,0.997,
2026-05-17T15:12:42.496Z,2026-05-17T15:12:41.935Z,KXBTC15M-26MAY171115-15,BTC price up in next 15 mins?,KXBTC15M-26MAY171115,2026-05-17T15:15:00Z,active,0.953,0.96,0.04,0.047,0.9564999999999999,0.952,264810.28,98839.47,59.94,33.52,2026-05-17T15:12:41.989Z,btc-updown-15m-1779030000,"Bitcoin Up or Down - May 17, 11:00AM-11:15AM ET",btc-updown-15m-1779030000,2026-05-17T15:15:00Z,,0.94,0.95,0.05,0.06,0.945,0.85,19790.30345199998,,224.74,129.52,2026-05-17T15:12:41.989Z,BRTI,78084.08,78030.03,78082.10683333334,60,Polymarket RTDS,78059.7186964656,78016.93440299988,1.02,0.997,
2026-05-17T15:12:44.517Z,2026-05-17T15:12:43.946Z,KXBTC15M-26MAY171115-15,BTC price up in next 15 mins?,KXBTC15M-26MAY171115,2026-05-17T15:15:00Z,active,0.953,0.963,0.037,0.047,0.958,0.952,264810.28,98839.47,75.0,75.0,2026-05-17T15:12:44.040Z,btc-updown-15m-1779030000,"Bitcoin Up or Down - May 17, 11:00AM-11:15AM ET",btc-updown-15m-1779030000,2026-05-17T15:15:00Z,,0.94,0.95,0.05,0.06,0.945,0.85,19790.30345199998,,226.17,94.75,2026-05-17T15:12:44.040Z,BRTI,78082.97,78030.03,78082.01266666666,60,Polymarket RTDS,78059.71113821215,78016.93440299988,1.023,0.997,
2026-05-17T15:12:46.484Z,2026-05-17T15:12:45.936Z,KXBTC15M-26MAY171115-15,BTC price up in next 15 mins?,KXBTC15M-26MAY171115,2026-05-17T15:15:00Z,active,0.953,0.964,0.036,0.047,0.9584999999999999,0.952,264810.28,98839.47,75.0,104.48,2026-05-17T15:12:45.987Z,btc-updown-15m-1779030000,"Bitcoin Up or Down - May 17, 11:00AM-11:15AM ET",btc-updown-15m-1779030000,2026-05-17T15:15:00Z,,0.94,0.95,0.05,0.06,0.945,0.85,19790.30345199998,,215.02,115.56,2026-05-17T15:12:45.987Z,BRTI,78078.21,78030.03,78082.07866666667,60,Polymarket RTDS,78059.53826660465,78016.93440299988,1.024,0.997,
2026-05-17T15:12:48.441Z,2026-05-17T15:12:47.940Z,KXBTC15M-26MAY171115-15,BTC price up in next 15 mins?,KXBTC15M-26MAY171115,2026-05-17T15:15:00Z,active,0.952,0.963,0.037,0.048,0.9575,0.952,264810.28,98839.47,1207.14,75.0,2026-05-17T15:12:47.991Z,btc-updown-15m-1779030000,"Bitcoin Up or Down - May 17, 11:00AM-11:15AM ET",btc-updown-15m-1779030000,2026-05-17T15:15:00Z,,0.94,0.95,0.05,0.06,0.945,0.85,19790.30345199998,,275.02,77.0,2026-05-17T15:12:47.991Z,BRTI,78082.97,78030.03,78082.23566666666,60,Polymarket RTDS,78059.53918660464,78016.93440299988,1.023,0.998,
2026-05-17T15:12:50.479Z,2026-05-17T15:12:49.937Z,KXBTC15M-26MAY171115-15,BTC price up in next 15 mins?,KXBTC15M-26MAY171115,2026-05-17T15:15:00Z,active,0.962,0.968,0.032,0.038,0.965,0.952,264810.28,98839.47,1075.0,53.0,2026-05-17T15:12:49.985Z,btc-updown-15m-1779030000,"Bitcoin Up or Down - May 17, 11:00AM-11:15AM ET",btc-updown-15m-1779030000,2026-05-17T15:15:00Z,,0.94,0.95,0.05,0.06,0.945,0.85,19790.30345199998,,275.02,70.88,2026-05-17T15:12:49.985Z,BRTI,78096.5,78030.03,78082.367,60,Polymarket RTDS,78059.53810160464,78016.93440299988,1.028,0.988,
2026-05-17T15:12:52.477Z,2026-05-17T15:12:51.938Z,KXBTC15M-26MAY171115-15,BTC price up in next 15 mins?,KXBTC15M-26MAY171115,2026-05-17T15:15:00Z,active,0.963,0.971,0.029,0.037,0.967,0.952,264810.28,98839.47,72.7,112.73,2026-05-17T15:12:51.988Z,btc-updown-15m-1779030000,"Bitcoin Up or Down - May 17, 11:00AM-11:15AM ET",btc-updown-15m-1779030000,2026-05-17T15:15:00Z,,0.94,0.95,0.05,0.06,0.945,0.85,19790.30345199998,,275.02,70.88,2026-05-17T15:12:51.988Z,BRTI,78084.08,78030.03,78082.29133333333,60,Polymarket RTDS,78059.54595160464,78016.93440299988,1.031,0.987,
2026-05-17T15:12:54.529Z,2026-05-17T15:12:53.963Z,KXBTC15M-26MAY171115-15,BTC price up in next 15 mins?,KXBTC15M-26MAY171115,2026-05-17T15:15:00Z,active,0.97,0.971,0.029,0.03,0.9704999999999999,0.952,264810.28,98839.47,122.2,107.73,2026-05-17T15:12:54.022Z,btc-updown-15m-1779030000,"Bitcoin Up or Down - May 17, 11:00AM-11:15AM ET",btc-updown-15m-1779030000,2026-05-17T15:15:00Z,,0.94,0.95,0.05,0.06,0.945,0.85,19790.30345199998,,255.02,64.88,2026-05-17T15:12:54.022Z,BRTI,78096.5,78030.03,78082.656,60,Polymarket RTDS,78059.54653160465,78016.93440299988,1.031,0.98,
2026-05-17T15:12:56.451Z,2026-05-17T15:12:55.927Z,KXBTC15M-26MAY171115-15,BTC price up in next 15 mins?,KXBTC15M-26MAY171115,2026-05-17T15:15:00Z,active,0.973,0.978,0.022,0.027,0.9755,0.952,264810.28,98839.47,119.94,919.44,2026-05-17T15:12:55.977Z,btc-updown-15m-1779030000,"Bitcoin Up or Down - May 17, 11:00AM-11:15AM ET",btc-updown-15m-1779030000,2026-05-17T15:15:00Z,,0.95,0.96,0.04,0.05,0.955,0.85,19790.30345199998,,311.47,80.0,2026-05-17T15:12:55.977Z,BRTI,78082.72,78030.03,78082.79716666667,60,Polymarket RTDS,78059.53920160464,78016.93440299988,1.028,0.987,
2026-05-17T15:12:58.451Z,2026-05-17T15:12:57.929Z,KXBTC15M-26MAY171115-15,BTC price up in next 15 mins?,KXBTC15M-26MAY171115,2026-05-17T15:15:00Z,active,0.973,0.977,0.023,0.027,0.975,0.952,264810.28,98839.47,75.0,34.0,2026-05-17T15:12:57.983Z,btc-updown-15m-1779030000,"Bitcoin Up or Down - May 17, 11:00AM-11:15AM ET",btc-updown-15m-1779030000,2026-05-17T15:15:00Z,,0.95,0.96,0.04,0.05,0.955,0.85,19790.30345199998,,333.32,73.89,2026-05-17T15:12:57.984Z,BRTI,78083.37,78030.03,78083.0875,60,Polymarket RTDS,78065.57145,78016.93440299988,1.027,0.987,
2026-05-17T15:13:00.517Z,2026-05-17T15:12:59.935Z,KXBTC15M-26MAY171115-15,BTC price up in next 15 mins?,KXBTC15M-26MAY171115,2026-05-17T15:15:00Z,active,0.973,0.977,0.023,0.027,0.975,0.952,264810.28,98839.47,66.68,34.0,2026-05-17T15:13:00.025Z,btc-updown-15m-1779030000,"Bitcoin Up or Down - May 17, 11:00AM-11:15AM ET",btc-updown-15m-1779030000,2026-05-17T15:15:00Z,,0.95,0.98,0.02,0.05,0.965,0.85,19790.30345199998,,515.58,2798.62,2026-05-17T15:13:00.025Z,BRTI,78083.37,78030.03,78083.2395,60,Polymarket RTDS,78065.712845,78016.93440299988,1.027,1.007,
2026-05-17T15:13:02.733Z,2026-05-17T15:13:01.952Z,KXBTC15M-26MAY171115-15,BTC price up in next 15 mins?,KXBTC15M-26MAY171115,2026-05-17T15:15:00Z,active,0.973,0.977,0.023,0.027,0.975,0.952,264810.28,98839.47,40.9,14.81,2026-05-17T15:13:02.015Z,btc-updown-15m-1779030000,"Bitcoin Up or Down - May 17, 11:00AM-11:15AM ET",btc-updown-15m-1779030000,2026-05-17T15:15:00Z,,0.97,0.98,0.02,0.03,0.975,0.85,19790.30345199998,,318.84,1473.7,2026-05-17T15:13:02.015Z,BRTI,78077.84,78030.03,78083.3085,60,Polymarket RTDS,78065.99679662776,78016.93440299988,1.007,1.007,
2026-05-17T15:13:04.485Z,2026-05-17T15:13:03.937Z,KXBTC15M-26MAY171115-15,BTC price up in next 15 mins?,KXBTC15M-26MAY171115,2026-05-17T15:15:00Z,active,0.974,0.978,0.022,0.026,0.976,0.952,264810.28,98839.47,56.28,819.44,2026-05-17T15:13:04.005Z,btc-updown-15m-1779030000,"Bitcoin Up or Down - May 17, 11:00AM-11:15AM ET",btc-updown-15m-1779030000,2026-05-17T15:15:00Z,,0.975,0.976,0.024,0.025,0.9755,0.85,19790.30345199998,,13.84,120.0,2026-05-17T15:13:04.005Z,BRTI,78077.84,78030.03,78083.5325,60,Polymarket RTDS,78066.050935,78016.93440299988,1.003,1.002,
2026-05-17T15:13:06.477Z,2026-05-17T15:13:05.946Z,KXBTC15M-26MAY171115-15,BTC price up in next 15 mins?,KXBTC15M-26MAY171115,2026-05-17T15:15:00Z,active,0.974,0.978,0.022,0.026,0.976,0.952,264810.28,98839.47,7593.59,815.44,2026-05-17T15:13:05.999Z,btc-updown-15m-1779030000,"Bitcoin Up or Down - May 17, 11:00AM-11:15AM ET",btc-updown-15m-1779030000,2026-05-17T15:15:00Z,,0.975,0.976,0.024,0.025,0.9755,0.85,19790.30345199998,,13.84,100.0,2026-05-17T15:13:05.999Z,BRTI,78084.08,78030.03,78083.8605,60,Polymarket RTDS,78066.052135,78016.93440299988,1.003,1.002,
2026-05-17T15:13:08.483Z,2026-05-17T15:13:07.937Z,KXBTC15M-26MAY171115-15,BTC price up in next 15 mins?,KXBTC15M-26MAY171115,2026-05-17T15:15:00Z,active,0.975,0.978,0.022,0.025,0.9764999999999999,0.952,264810.28,98839.47,7541.59,630.27,2026-05-17T15:13:07.989Z,btc-updown-15m-1779030000,"Bitcoin Up or Down - May 17, 11:00AM-11:15AM ET",btc-updown-15m-1779030000,2026-05-17T15:15:00Z,,0.974,0.977,0.023,0.026,0.9755,0.85,19790.30345199998,,31.64,100.0,2026-05-17T15:13:07.989Z,BRTI,78084.08,78030.03,78083.78483333332,60,Polymarket RTDS,78066.06441,78016.93440299988,1.004,1.002,
2026-05-17T15:13:10.675Z,2026-05-17T15:13:09.927Z,KXBTC15M-26MAY171115-15,BTC price up in next 15 mins?,KXBTC15M-26MAY171115,2026-05-17T15:15:00Z,active,0.977,0.98,0.02,0.023,0.9784999999999999,0.976,268356.00,99606.28,7502.68,25.0,2026-05-17T15:13:09.983Z,btc-updown-15m-1779030000,"Bitcoin Up or Down - May 17, 11:00AM-11:15AM ET",btc-updown-15m-1779030000,2026-05-17T15:15:00Z,,0.977,0.978,0.022,0.023,0.9775,0.85,19790.30345199998,,13.84,98.97,2026-05-17T15:13:09.983Z,BRTI,78096.5,78030.03,78083.84700000001,60,Polymarket RTDS,78066.070035,78016.93440299988,1.003,1.001,
2026-05-17T15:13:12.504Z,2026-05-17T15:13:11.947Z,KXBTC15M-26MAY171115-15,BTC price up in next 15 mins?,KXBTC15M-26MAY171115,2026-05-17T15:15:00Z,active,0.98,0.985,0.015,0.02,0.9824999999999999,0.976,268356.00,99606.28,179.0,1005.4,2026-05-17T15:13:11.991Z,btc-updown-15m-1779030000,"Bitcoin Up or Down - May 17, 11:00AM-11:15AM ET",btc-updown-15m-1779030000,2026-05-17T15:15:00Z,,0.978,0.979,0.021,0.022,0.9784999999999999,0.85,19790.30345199998,,13.84,100.0,2026-05-17T15:13:11.991Z,BRTI,78084.08,78030.03,78084.02249999999,60,Polymarket RTDS,78066.06989,78016.93440299988,1.007,0.999,
2026-05-17T15:13:14.446Z,2026-05-17T15:13:13.938Z,KXBTC15M-26MAY171115-15,BTC price up in next 15 mins?,KXBTC15M-26MAY171115,2026-05-17T15:15:00Z,active,0.98,0.985,0.015,0.02,0.9824999999999999,0.976,268356.00,99606.28,8195.39,934.76,2026-05-17T15:13:13.995Z,btc-updown-15m-1779030000,"Bitcoin Up or Down - May 17, 11:00AM-11:15AM ET",btc-updown-15m-1779030000,2026-05-17T15:15:00Z,,0.979,0.98,0.02,0.021,0.9795,0.85,19790.30345199998,,18.84,516.12,2026-05-17T15:13:13.995Z,BRTI,78079.87,78030.03,78084.28033333334,60,Polymarket RTDS,78066.13219,78016.93440299988,1.006,1.0,
2026-05-17T15:13:16.575Z,2026-05-17T15:13:15.943Z,KXBTC15M-26MAY171115-15,BTC price up in next 15 mins?,KXBTC15M-26MAY171115,2026-05-17T15:15:00Z,active,0.98,0.985,0.015,0.02,0.9824999999999999,0.976,268356.00,99606.28,730.72,134.3,2026-05-17T15:13:15.996Z,btc-updown-15m-1779030000,"Bitcoin Up or Down - May 17, 11:00AM-11:15AM ET",btc-updown-15m-1779030000,2026-05-17T15:15:00Z,,0.972,0.98,0.02,0.028,0.976,0.85,19790.30345199998,,14.43,416.12,2026-05-17T15:13:15.996Z,BRTI,78078.21,78030.03,78084.08383333334,60,Polymarket RTDS,78066.127065,78016.93440299988,1.013,1.0,
2026-05-17T15:13:18.609Z,2026-05-17T15:13:17.943Z,KXBTC15M-26MAY171115-15,BTC price up in next 15 mins?,KXBTC15M-26MAY171115,2026-05-17T15:15:00Z,active,0.985,0.987,0.013,0.015,0.986,0.976,268356.00,99606.28,91.0,507.29,2026-05-17T15:13:17.997Z,btc-updown-15m-1779030000,"Bitcoin Up or Down - May 17, 11:00AM-11:15AM ET",btc-updown-15m-1779030000,2026-05-17T15:15:00Z,,0.972,0.98,0.02,0.028,0.976,0.85,19790.30345199998,,31.8,411.01,2026-05-17T15:13:17.997Z,BRTI,78084.08,78030.03,78084.386,60,Polymarket RTDS,78066.07046,78016.93440299988,1.015,0.995,
2026-05-17T15:13:20.551Z,2026-05-17T15:13:19.939Z,KXBTC15M-26MAY171115-15,BTC price up in next 15 mins?,KXBTC15M-26MAY171115,2026-05-17T15:15:00Z,active,0.986,0.987,0.013,0.014,0.9864999999999999,0.976,268356.00,99606.28,20.0,404.05,2026-05-17T15:13:19.994Z,btc-updown-15m-1779030000,"Bitcoin Up or Down - May 17, 11:00AM-11:15AM ET",btc-updown-15m-1779030000,2026-05-17T15:15:00Z,,0.97,0.98,0.02,0.03,0.975,0.85,19790.30345199998,,166.04,388.56,2026-05-17T15:13:19.994Z,BRTI,78077.84,78030.03,78084.58416666667,60,Polymarket RTDS,78066.036815,78016.93440299988,1.017,0.994,
2026-05-17T15:13:33.752Z,2026-05-17T15:13:21.952Z,KXBTC15M-26MAY171115-15,BTC price up in next 15 mins?,KXBTC15M-26MAY171115,2026-05-17T15:15:00Z,active,0.985,0.99,0.01,0.015,0.9875,0.976,268356.00,99606.28,7720.83,3129.7,2026-05-17T15:13:33.224Z,btc-updown-15m-1779030000,"Bitcoin Up or Down - May 17, 11:00AM-11:15AM ET",btc-updown-15m-1779030000,2026-05-17T15:15:00Z,,0.97,0.98,0.01,0.015,0.975,0.85,19790.30345199998,,248.04,1472.59,2026-05-17T15:13:33.224Z,BRTI,78082.72,78030.03,78084.86366666667,60,Polymarket RTDS,78066.22578,78016.93440299988,1.005,0.995,
2026-05-17T15:13:34.751Z,2026-05-17T15:13:34.236Z,KXBTC15M-26MAY171115-15,BTC price up in next 15 mins?,KXBTC15M-26MAY171115,2026-05-17T15:15:00Z,active,0.992,0.996,0.004,0.008,0.994,0.976,268356.00,99606.28,1752.96,246.0,2026-05-17T15:13:34.286Z,btc-updown-15m-1779030000,"Bitcoin Up or Down - May 17, 11:00AM-11:15AM ET",btc-updown-15m-1779030000,2026-05-17T15:15:00Z,,0.995,0.998,0.002,0.005,0.9964999999999999,0.85,19790.30345199998,,6.74,50.0,2026-05-17T15:13:34.286Z,BRTI,78073.62,78030.03,78084.86233333334,60,Polymarket RTDS,78066.226355,78016.93440299988,1.001,1.006,
2026-05-17T15:13:36.783Z,2026-05-17T15:13:36.246Z,KXBTC15M-26MAY171115-15,BTC price up in next 15 mins?,KXBTC15M-26MAY171115,2026-05-17T15:15:00Z,active,0.994,0.996,0.004,0.006,0.995,0.976,268356.00,99606.28,23.0,241.0,2026-05-17T15:13:36.300Z,btc-updown-15m-1779030000,"Bitcoin Up or Down - May 17, 11:00AM-11:15AM ET",btc-updown-15m-1779030000,2026-05-17T15:15:00Z,,0.99,0.993,0.007,0.01,0.9915,0.85,19790.30345199998,,3434.16,105.0,2026-05-17T15:13:36.300Z,BRTI,78072.31,78030.03,78084.45916666667,60,Polymarket RTDS,78069.09527,78016.93440299988,1.006,0.999,
2026-05-17T15:13:38.869Z,2026-05-17T15:13:38.250Z,KXBTC15M-26MAY171115-15,BTC price up in next 15 mins?,KXBTC15M-26MAY171115,2026-05-17T15:15:00Z,active,0.993,0.996,0.004,0.007,0.9944999999999999,0.976,268356.00,99606.28,226.98,241.0,2026-05-17T15:13:38.303Z,btc-updown-15m-1779030000,"Bitcoin Up or Down - May 17, 11:00AM-11:15AM ET",btc-updown-15m-1779030000,2026-05-17T15:15:00Z,,0.99,0.993,0.007,0.01,0.9915,0.85,19790.30345199998,,2732.18,105.0,2026-05-17T15:13:38.303Z,BRTI,78079.83,78030.03,78084.31266666666,60,Polymarket RTDS,78071.419435,78016.93440299988,1.006,1.0,
2026-05-17T15:13:40.764Z,2026-05-17T15:13:40.252Z,KXBTC15M-26MAY171115-15,BTC price up in next 15 mins?,KXBTC15M-26MAY171115,2026-05-17T15:15:00Z,active,0.993,0.996,0.004,0.007,0.9944999999999999,0.993,282417.37,96354.07,1976.94,241.0,2026-05-17T15:13:40.296Z,btc-updown-15m-1779030000,"Bitcoin Up or Down - May 17, 11:00AM-11:15AM ET",btc-updown-15m-1779030000,2026-05-17T15:15:00Z,,0.991,0.994,0.006,0.009,0.9924999999999999,0.85,19790.30345199998,,40.0,125.0,2026-05-17T15:13:40.296Z,BRTI,78079.41,78030.03,78084.40783333333,60,Polymarket RTDS,78071.42454,78016.93440299988,1.005,1.001,
2026-05-17T15:13:42.803Z,2026-05-17T15:13:42.231Z,KXBTC15M-26MAY171115-15,BTC price up in next 15 mins?,KXBTC15M-26MAY171115,2026-05-17T15:15:00Z,active,0.994,0.997,0.003,0.006,0.9955,0.993,282417.37,96354.07,221.28,589.9,2026-05-17T15:13:42.281Z,btc-updown-15m-1779030000,"Bitcoin Up or Down - May 17, 11:00AM-11:15AM ET",btc-updown-15m-1779030000,2026-05-17T15:15:00Z,,0.99,0.991,0.009,0.01,0.9904999999999999,0.85,19790.30345199998,,2652.58,12.0,2026-05-17T15:13:42.281Z,BRTI,78079.87,78030.03,78084.239,60,Polymarket RTDS,78071.421655,78016.93440299988,1.007,0.997,
2026-05-17T15:13:44.751Z,2026-05-17T15:13:44.233Z,KXBTC15M-26MAY171115-15,BTC price up in next 15 mins?,KXBTC15M-26MAY171115,2026-05-17T15:15:00Z,active,0.993,0.997,0.003,0.007,0.995,0.993,282417.37,96354.07,205.49,790.9,2026-05-17T15:13:44.282Z,btc-updown-15m-1779030000,"Bitcoin Up or Down - May 17, 11:00AM-11:15AM ET",btc-updown-15m-1779030000,2026-05-17T15:15:00Z,,0.991,0.992,0.008,0.009,0.9915,0.85,19790.30345199998,,12.0,125.0,2026-05-17T15:13:44.282Z,BRTI,78077.84,78030.03,78084.05933333332,60,Polymarket RTDS,78069.38772,78016.93440299988,1.006,0.999,
2026-05-17T15:13:46.773Z,2026-05-17T15:13:46.259Z,KXBTC15M-26MAY171115-15,BTC price up in next 15 mins?,KXBTC15M-26MAY171115,2026-05-17T15:15:00Z,active,0.994,0.998,0.002,0.006,0.996,0.993,282417.37,96354.07,14.0,301.0,2026-05-17T15:13:46.308Z,btc-updown-15m-1779030000,"Bitcoin Up or Down - May 17, 11:00AM-11:15AM ET",btc-updown-15m-1779030000,2026-05-17T15:15:00Z,,0.99,0.992,0.008,0.01,0.991,0.85,19790.30345199998,,2724.58,125.0,2026-05-17T15:13:46.309Z,BRTI,78079.87,78030.03,78084.16216666668,60,Polymarket RTDS,78069.08733825471,78016.93440299988,1.008,0.998,
2026-05-17T15:13:48.779Z,2026-05-17T15:13:48.248Z,KXBTC15M-26MAY171115-15,BTC price up in next 15 mins?,KXBTC15M-26MAY171115,2026-05-17T15:15:00Z,active,0.994,0.998,0.002,0.006,0.996,0.993,282417.37,96354.07,1807.91,1701.0,2026-05-17T15:13:48.297Z,btc-updown-15m-1779030000,"Bitcoin Up or Down - May 17, 11:00AM-11:15AM ET",btc-updown-15m-1779030000,2026-05-17T15:15:00Z,,0.99,0.992,0.008,0.01,0.991,0.85,19790.30345199998,,2724.58,125.0,2026-05-17T15:13:48.297Z,BRTI,78079.83,78030.03,78084.10983333334,60,Polymarket RTDS,78069.08733825471,78016.93440299988,1.008,0.998,
2026-05-17T15:13:50.757Z,2026-05-17T15:13:50.239Z,KXBTC15M-26MAY171115-15,BTC price up in next 15 mins?,KXBTC15M-26MAY171115,2026-05-17T15:15:00Z,active,0.994,0.997,0.003,0.006,0.9955,0.993,282417.37,96354.07,1800.0,201.0,2026-05-17T15:13:50.305Z,btc-updown-15m-1779030000,"Bitcoin Up or Down - May 17, 11:00AM-11:15AM ET",btc-updown-15m-1779030000,2026-05-17T15:15:00Z,,0.99,0.991,0.009,0.01,0.9904999999999999,0.85,19790.30345199998,,2684.58,100.0,2026-05-17T15:13:50.305Z,BRTI,78072.31,78030.03,78083.93216666667,60,Polymarket RTDS,78068.18252438029,78016.93440299988,1.007,0.997,
2026-05-17T15:13:52.775Z,2026-05-17T15:13:52.251Z,KXBTC15M-26MAY171115-15,BTC price up in next 15 mins?,KXBTC15M-26MAY171115,2026-05-17T15:15:00Z,active,0.998,0.999,0.001,0.002,0.9984999999999999,0.993,282417.37,96354.07,298.0,2867.0,2026-05-17T15:13:52.303Z,btc-updown-15m-1779030000,"Bitcoin Up or Down - May 17, 11:00AM-11:15AM ET",btc-updown-15m-1779030000,2026-05-17T15:15:00Z,,0.99,0.991,0.009,0.01,0.9904999999999999,0.85,19790.30345199998,,2684.58,12.0,2026-05-17T15:13:52.303Z,BRTI,78075.43,78030.03,78083.80649999999,60,Polymarket RTDS,78064.79173,78016.93440299988,1.009,0.993,
2026-05-17T15:13:54.737Z,2026-05-17T15:13:54.236Z,KXBTC15M-26MAY171115-15,BTC price up in next 15 mins?,KXBTC15M-26MAY171115,2026-05-17T15:15:00Z,active,0.998,0.999,0.001,0.002,0.9984999999999999,0.993,282417.37,96354.07,298.0,2867.0,2026-05-17T15:13:54.283Z,btc-updown-15m-1779030000,"Bitcoin Up or Down - May 17, 11:00AM-11:15AM ET",btc-updown-15m-1779030000,2026-05-17T15:15:00Z,,0.99,0.991,0.009,0.01,0.9904999999999999,0.85,19790.30345199998,,2684.58,12.0,2026-05-17T15:13:54.283Z,BRTI,78079.83,78030.03,78083.90866666666,60,Polymarket RTDS,78064.61253,78016.93440299988,1.009,0.993,
2026-05-17T15:13:57.084Z,2026-05-17T15:13:56.238Z,KXBTC15M-26MAY171115-15,BTC price up in next 15 mins?,KXBTC15M-26MAY171115,2026-05-17T15:15:00Z,active,0.998,0.999,0.001,0.002,0.9984999999999999,0.993,282417.37,96354.07,193.39,2867.0,2026-05-17T15:13:56.285Z,btc-updown-15m-1779030000,"Bitcoin Up or Down - May 17, 11:00AM-11:15AM ET",btc-updown-15m-1779030000,2026-05-17T15:15:00Z,,0.99,0.991,0.009,0.01,0.9904999999999999,0.85,19790.30345199998,,2684.58,12.0,2026-05-17T15:13:56.285Z,BRTI,78077.84,78030.03,78083.729,60,Polymarket RTDS,78064.460315,78016.93440299988,1.009,0.993,
2026-05-17T15:13:58.747Z,2026-05-17T15:13:58.236Z,KXBTC15M-26MAY171115-15,BTC price up in next 15 mins?,KXBTC15M-26MAY171115,2026-05-17T15:15:00Z,active,0.998,0.999,0.001,0.002,0.9984999999999999,0.993,282417.37,96354.07,144.23,2867.0,2026-05-17T15:13:58.287Z,btc-updown-15m-1779030000,"Bitcoin Up or Down - May 17, 11:00AM-11:15AM ET",btc-updown-15m-1779030000,2026-05-17T15:15:00Z,,0.99,0.993,0.007,0.01,0.9915,0.85,19790.30345199998,,2741.58,250.0,2026-05-17T15:13:58.287Z,BRTI,78077.84,78030.03,78083.418,60,Polymarket RTDS,78064.46035,78016.93440299988,1.009,0.995,
2026-05-17T15:14:00.775Z,2026-05-17T15:14:00.271Z,KXBTC15M-26MAY171115-15,BTC price up in next 15 mins?,KXBTC15M-26MAY171115,2026-05-17T15:15:00Z,active,0.998,0.999,0.001,0.002,0.9984999999999999,0.993,282417.37,96354.07,6601.23,2554.17,2026-05-17T15:14:00.319Z,btc-updown-15m-1779030000,"Bitcoin Up or Down - May 17, 11:00AM-11:15AM ET",btc-updown-15m-1779030000,2026-05-17T15:15:00Z,,0.99,0.993,0.007,0.01,0.9915,0.85,19790.30345199998,,2696.53,250.0,2026-05-17T15:14:00.319Z,BRTI,78078.21,78030.03,78083.332,60,Polymarket RTDS,78064.438055,78016.93440299988,1.009,0.995,
2026-05-17T15:14:03.043Z,2026-05-17T15:14:02.264Z,KXBTC15M-26MAY171115-15,BTC price up in next 15 mins?,KXBTC15M-26MAY171115,2026-05-17T15:15:00Z,active,0.998,0.999,0.001,0.002,0.9984999999999999,0.993,282417.37,96354.07,6601.23,2112.17,2026-05-17T15:14:02.397Z,btc-updown-15m-1779030000,"Bitcoin Up or Down - May 17, 11:00AM-11:15AM ET",btc-updown-15m-1779030000,2026-05-17T15:15:00Z,,0.99,0.992,0.008,0.01,0.991,0.85,19790.30345199998,,2685.01,100.0,2026-05-17T15:14:02.397Z,BRTI,78074.15,78030.03,78083.02166666667,60,Polymarket RTDS,78064.448795,78016.93440299988,1.009,0.994,
2026-05-17T15:14:04.847Z,2026-05-17T15:14:04.254Z,KXBTC15M-26MAY171115-15,BTC price up in next 15 mins?,KXBTC15M-26MAY171115,2026-05-17T15:15:00Z,active,0.997,0.999,0.001,0.003,0.998,0.993,282417.37,96354.07,1800.0,958.94,2026-05-17T15:14:04.351Z,btc-updown-15m-1779030000,"Bitcoin Up or Down - May 17, 11:00AM-11:15AM ET",btc-updown-15m-1779030000,2026-05-17T15:15:00Z,,0.99,0.993,0.007,0.01,0.9915,0.85,19790.30345199998,,2153.18,250.0,2026-05-17T15:14:04.351Z,BRTI,78072.31,78030.03,78082.72683333333,60,Polymarket RTDS,78064.4875643825,78016.93440299988,1.009,0.996,
2026-05-17T15:14:06.749Z,2026-05-17T15:14:06.248Z,KXBTC15M-26MAY171115-15,BTC price up in next 15 mins?,KXBTC15M-26MAY171115,2026-05-17T15:15:00Z,active,0.997,0.999,0.001,0.003,0.998,0.993,282417.37,96354.07,950.0,1038.94,2026-05-17T15:14:06.312Z,btc-updown-15m-1779030000,"Bitcoin Up or Down - May 17, 11:00AM-11:15AM ET",btc-updown-15m-1779030000,2026-05-17T15:15:00Z,,0.991,0.993,0.007,0.009,0.992,0.85,19790.30345199998,,590.7,225.0,2026-05-17T15:14:06.312Z,BRTI,78078.21,78030.03,78082.65166666666,60,Polymarket RTDS,78064.505725,78016.93440299988,1.008,0.996,
2026-05-17T15:14:08.879Z,2026-05-17T15:14:08.255Z,KXBTC15M-26MAY171115-15,BTC price up in next 15 mins?,KXBTC15M-26MAY171115,2026-05-17T15:15:00Z,active,0.997,0.999,0.001,0.003,0.998,0.993,282417.37,96354.07,805.28,1183.66,2026-05-17T15:14:08.306Z,btc-updown-15m-1779030000,"Bitcoin Up or Down - May 17, 11:00AM-11:15AM ET",btc-updown-15m-1779030000,2026-05-17T15:15:00Z,,0.991,0.994,0.006,0.009,0.9924999999999999,0.85,19790.30345199998,,590.7,150.0,2026-05-17T15:14:08.306Z,BRTI,78079.83,78030.03,78082.58083333333,60,Polymarket RTDS,78064.97288,78016.93440299988,1.008,0.997,
2026-05-17T15:14:10.814Z,2026-05-17T15:14:10.233Z,KXBTC15M-26MAY171115-15,BTC price up in next 15 mins?,KXBTC15M-26MAY171115,2026-05-17T15:15:00Z,active,0.997,0.999,0.001,0.003,0.998,0.997,299365.69,109715.50,1005.28,1183.66,2026-05-17T15:14:10.283Z,btc-updown-15m-1779030000,"Bitcoin Up or Down - May 17, 11:00AM-11:15AM ET",btc-updown-15m-1779030000,2026-05-17T15:15:00Z,,0.991,0.994,0.006,0.009,0.9924999999999999,0.85,19790.30345199998,,479.58,50.0,2026-05-17T15:14:10.283Z,BRTI,78078.21,78030.03,78082.40733333334,60,Polymarket RTDS,78064.973185,78016.93440299988,1.008,0.997,
2026-05-17T15:14:12.879Z,2026-05-17T15:14:12.257Z,KXBTC15M-26MAY171115-15,BTC price up in next 15 mins?,KXBTC15M-26MAY171115,2026-05-17T15:15:00Z,active,0.997,0.999,0.001,0.003,0.998,0.997,299365.69,109715.50,505.28,459.66,2026-05-17T15:14:12.313Z,btc-updown-15m-1779030000,"Bitcoin Up or Down - May 17, 11:00AM-11:15AM ET",btc-updown-15m-1779030000,2026-05-17T15:15:00Z,,0.992,0.994,0.006,0.008,0.993,0.85,19790.30345199998,,378.83,25.0,2026-05-17T15:14:12.313Z,BRTI,78073.62,78030.03,78082.08816666667,60,Polymarket RTDS,78064.996395,78016.93440299988,1.007,0.997,
2026-05-17T15:14:14.741Z,2026-05-17T15:14:14.248Z,KXBTC15M-26MAY171115-15,BTC price up in next 15 mins?,KXBTC15M-26MAY171115,2026-05-17T15:15:00Z,active,0.997,0.999,0.001,0.003,0.998,0.997,299365.69,109715.50,505.28,394.66,2026-05-17T15:14:14.296Z,btc-updown-15m-1779030000,"Bitcoin Up or Down - May 17, 11:00AM-11:15AM ET",btc-updown-15m-1779030000,2026-05-17T15:15:00Z,,0.994,0.995,0.005,0.006,0.9944999999999999,0.85,19790.30345199998,,12.0,154.99,2026-05-17T15:14:14.296Z,BRTI,78073.62,78030.03,78081.81516666667,60,Polymarket RTDS,78064.80266,78016.93440299988,1.005,0.998,
2026-05-17T15:14:16.752Z,2026-05-17T15:14:16.248Z,KXBTC15M-26MAY171115-15,BTC price up in next 15 mins?,KXBTC15M-26MAY171115,2026-05-17T15:15:00Z,active,0.999,,,0.001,0.999,0.997,299365.69,109715.50,6070.91,,2026-05-17T15:14:16.294Z,btc-updown-15m-1779030000,"Bitcoin Up or Down - May 17, 11:00AM-11:15AM ET",btc-updown-15m-1779030000,2026-05-17T15:15:00Z,,0.994,0.995,0.005,0.006,0.9944999999999999,0.85,19790.30345199998,,12.0,29.99,2026-05-17T15:14:16.294Z,BRTI,78072.31,78030.03,78081.68916666666,60,Polymarket RTDS,78065.66923,78016.93440299988,,0.996,
2026-05-17T15:14:18.972Z,2026-05-17T15:14:18.237Z,KXBTC15M-26MAY171115-15,BTC price up in next 15 mins?,KXBTC15M-26MAY171115,2026-05-17T15:15:00Z,active,0.999,,,0.001,0.999,0.997,299365.69,109715.50,6070.91,,2026-05-17T15:14:18.289Z,btc-updown-15m-1779030000,"Bitcoin Up or Down - May 17, 11:00AM-11:15AM ET",btc-updown-15m-1779030000,2026-05-17T15:15:00Z,,0.994,0.995,0.005,0.006,0.9944999999999999,0.85,19790.30345199998,,12.0,29.99,2026-05-17T15:14:18.289Z,BRTI,78079.41,78030.03,78081.68149999999,60,Polymarket RTDS,78065.86803,78016.93440299988,,0.996,
2026-05-17T15:14:20.771Z,2026-05-17T15:14:20.242Z,KXBTC15M-26MAY171115-15,BTC price up in next 15 mins?,KXBTC15M-26MAY171115,2026-05-17T15:15:00Z,active,0.999,,,0.001,0.999,0.997,299365.69,109715.50,7234.91,,2026-05-17T15:14:20.292Z,btc-updown-15m-1779030000,"Bitcoin Up or Down - May 17, 11:00AM-11:15AM ET",btc-updown-15m-1779030000,2026-05-17T15:15:00Z,,0.992,0.995,0.005,0.008,0.9935,0.85,19790.30345199998,,378.83,29.99,2026-05-17T15:14:20.292Z,BRTI,78075.43,78030.03,78081.54916666666,60,Polymarket RTDS,78065.866915,78016.93440299988,,0.996,
2026-05-17T15:14:22.772Z,2026-05-17T15:14:22.256Z,KXBTC15M-26MAY171115-15,BTC price up in next 15 mins?,KXBTC15M-26MAY171115,2026-05-17T15:15:00Z,active,0.999,,,0.001,0.999,0.997,299365.69,109715.50,8532.91,,2026-05-17T15:14:22.300Z,btc-updown-15m-1779030000,"Bitcoin Up or Down - May 17, 11:00AM-11:15AM ET",btc-updown-15m-1779030000,2026-05-17T15:15:00Z,,0.992,0.995,0.005,0.008,0.9935,0.85,19790.30345199998,,529.83,29.99,2026-05-17T15:14:22.300Z,BRTI,78074.15,78030.03,78081.17666666667,60,Polymarket RTDS,78065.860875,78016.93440299988,,0.996,
2026-05-17T15:14:24.769Z,2026-05-17T15:14:24.256Z,KXBTC15M-26MAY171115-15,BTC price up in next 15 mins?,KXBTC15M-26MAY171115,2026-05-17T15:15:00Z,active,0.999,,,0.001,0.999,0.997,299365.69,109715.50,8532.91,,2026-05-17T15:14:24.300Z,btc-updown-15m-1779030000,"Bitcoin Up or Down - May 17, 11:00AM-11:15AM ET",btc-updown-15m-1779030000,2026-05-17T15:15:00Z,,0.993,0.995,0.005,0.007,0.994,0.85,19790.30345199998,,100.0,29.99,2026-05-17T15:14:24.300Z,BRTI,78079.83,78030.03,78081.10583333332,60,Polymarket RTDS,78065.87342936713,78016.93440299988,,0.996,
2026-05-17T15:14:26.763Z,2026-05-17T15:14:26.259Z,KXBTC15M-26MAY171115-15,BTC price up in next 15 mins?,KXBTC15M-26MAY171115,2026-05-17T15:15:00Z,active,0.999,,,0.001,0.999,0.997,299365.69,109715.50,8532.91,,2026-05-17T15:14:26.308Z,btc-updown-15m-1779030000,"Bitcoin Up or Down - May 17, 11:00AM-11:15AM ET",btc-updown-15m-1779030000,2026-05-17T15:15:00Z,,0.994,0.995,0.005,0.006,0.9944999999999999,0.85,19790.30345199998,,100.0,29.99,2026-05-17T15:14:26.308Z,BRTI,78072.75,78030.03,78080.77216666666,60,Polymarket RTDS,78065.89186,78016.93440299988,,0.996,
2026-05-17T15:14:28.745Z,2026-05-17T15:14:28.242Z,KXBTC15M-26MAY171115-15,BTC price up in next 15 mins?,KXBTC15M-26MAY171115,2026-05-17T15:15:00Z,active,0.999,,,0.001,0.999,0.997,299365.69,109715.50,8532.91,,2026-05-17T15:14:28.306Z,btc-updown-15m-1779030000,"Bitcoin Up or Down - May 17, 11:00AM-11:15AM ET",btc-updown-15m-1779030000,2026-05-17T15:15:00Z,,0.993,0.994,0.006,0.007,0.9935,0.85,19790.30345199998,,67.85,12.0,2026-05-17T15:14:28.306Z,BRTI,78079.83,78030.03,78080.55649999999,60,Polymarket RTDS,78065.878165,78016.93440299988,,0.995,
2026-05-17T15:14:30.767Z,2026-05-17T15:14:30.250Z,KXBTC15M-26MAY171115-15,BTC price up in next 15 mins?,KXBTC15M-26MAY171115,2026-05-17T15:15:00Z,active,0.999,,,0.001,0.999,0.997,299365.69,109715.50,8627.91,,2026-05-17T15:14:30.294Z,btc-updown-15m-1779030000,"Bitcoin Up or Down - May 17, 11:00AM-11:15AM ET",btc-updown-15m-1779030000,2026-05-17T15:15:00Z,,0.994,0.995,0.005,0.006,0.9944999999999999,0.85,19790.30345199998,,100.0,21.59,2026-05-17T15:14:30.294Z,BRTI,78072.75,78030.03,78080.29199999999,60,Polymarket RTDS,78065.83536,78016.93440299988,,0.996,
2026-05-17T15:14:32.754Z,2026-05-17T15:14:32.247Z,KXBTC15M-26MAY171115-15,BTC price up in next 15 mins?,KXBTC15M-26MAY171115,2026-05-17T15:15:00Z,active,0.998,0.999,0.001,0.002,0.9984999999999999,0.997,299365.69,109715.50,1649.46,20.0,2026-05-17T15:14:32.296Z,btc-updown-15m-1779030000,"Bitcoin Up or Down - May 17, 11:00AM-11:15AM ET",btc-updown-15m-1779030000,2026-05-17T15:15:00Z,,0.992,0.994,0.006,0.008,0.993,0.85,19790.30345199998,,429.83,12.0,2026-05-17T15:14:32.296Z,BRTI,78079.83,78030.03,78080.24383333333,60,Polymarket RTDS,78065.82913,78016.93440299988,1.007,0.996,
2026-05-17T15:14:34.979Z,2026-05-17T15:14:34.239Z,KXBTC15M-26MAY171115-15,BTC price up in next 15 mins?,KXBTC15M-26MAY171115,2026-05-17T15:15:00Z,active,0.998,0.999,0.001,0.002,0.9984999999999999,0.997,299365.69,109715.50,1649.46,20.0,2026-05-17T15:14:34.284Z,btc-updown-15m-1779030000,"Bitcoin Up or Down - May 17, 11:00AM-11:15AM ET",btc-updown-15m-1779030000,2026-05-17T15:15:00Z,,0.992,0.995,0.005,0.008,0.9935,0.85,19790.30345199998,,429.83,21.59,2026-05-17T15:14:34.284Z,BRTI,78074.15,78030.03,78080.101,60,Polymarket RTDS,78065.876715,78016.93440299988,1.007,0.997,
2026-05-17T15:14:36.729Z,2026-05-17T15:14:36.241Z,KXBTC15M-26MAY171115-15,BTC price up in next 15 mins?,KXBTC15M-26MAY171115,2026-05-17T15:15:00Z,active,0.998,0.999,0.001,0.002,0.9984999999999999,0.997,299365.69,109715.50,1649.46,20.0,2026-05-17T15:14:36.292Z,btc-updown-15m-1779030000,"Bitcoin Up or Down - May 17, 11:00AM-11:15AM ET",btc-updown-15m-1779030000,2026-05-17T15:15:00Z,,0.992,0.995,0.005,0.008,0.9935,0.85,19790.30345199998,,429.83,21.59,2026-05-17T15:14:36.292Z,BRTI,78072.75,78030.03,78079.8365,60,Polymarket RTDS,78065.862905,78016.93440299988,1.007,0.997,
2026-05-17T15:14:38.763Z,2026-05-17T15:14:38.252Z,KXBTC15M-26MAY171115-15,BTC price up in next 15 mins?,KXBTC15M-26MAY171115,2026-05-17T15:15:00Z,active,0.998,0.999,0.001,0.002,0.9984999999999999,0.997,299365.69,109715.50,1649.46,20.0,2026-05-17T15:14:38.296Z,btc-updown-15m-1779030000,"Bitcoin Up or Down - May 17, 11:00AM-11:15AM ET",btc-updown-15m-1779030000,2026-05-17T15:15:00Z,,0.992,0.995,0.005,0.008,0.9935,0.85,19790.30345199998,,429.83,21.59,2026-05-17T15:14:38.296Z,BRTI,78079.83,78030.03,78079.78416666666,60,Polymarket RTDS,78064.69159,78016.93440299988,1.007,0.997,
2026-05-17T15:14:40.734Z,2026-05-17T15:14:40.241Z,KXBTC15M-26MAY171115-15,BTC price up in next 15 mins?,KXBTC15M-26MAY171115,2026-05-17T15:15:00Z,active,0.998,0.999,0.001,0.002,0.9984999999999999,0.999,310025.93,119555.31,1649.46,20.0,2026-05-17T15:14:40.288Z,btc-updown-15m-1779030000,"Bitcoin Up or Down - May 17, 11:00AM-11:15AM ET",btc-updown-15m-1779030000,2026-05-17T15:15:00Z,,0.992,0.995,0.005,0.008,0.9935,0.85,19790.30345199998,,429.83,21.59,2026-05-17T15:14:40.288Z,BRTI,78070.71,78030.03,78079.66533333334,60,Polymarket RTDS,78063.49281,78016.93440299988,1.007,0.997,
2026-05-17T15:14:42.762Z,2026-05-17T15:14:42.235Z,KXBTC15M-26MAY171115-15,BTC price up in next 15 mins?,KXBTC15M-26MAY171115,2026-05-17T15:15:00Z,active,0.998,0.999,0.001,0.002,0.9984999999999999,0.999,310025.93,119555.31,1649.46,20.0,2026-05-17T15:14:42.280Z,btc-updown-15m-1779030000,"Bitcoin Up or Down - May 17, 11:00AM-11:15AM ET",btc-updown-15m-1779030000,2026-05-17T15:15:00Z,,0.992,0.995,0.005,0.008,0.9935,0.85,19790.30345199998,,428.63,21.59,2026-05-17T15:14:42.280Z,BRTI,78073.62,78030.03,78079.34616666666,60,Polymarket RTDS,78064.700665,78016.93440299988,1.007,0.997,
2026-05-17T15:14:44.795Z,2026-05-17T15:14:44.249Z,KXBTC15M-26MAY171115-15,BTC price up in next 15 mins?,KXBTC15M-26MAY171115,2026-05-17T15:15:00Z,active,0.998,0.999,0.001,0.002,0.9984999999999999,0.999,310025.93,119555.31,1649.46,20.0,2026-05-17T15:14:44.324Z,btc-updown-15m-1779030000,"Bitcoin Up or Down - May 17, 11:00AM-11:15AM ET",btc-updown-15m-1779030000,2026-05-17T15:15:00Z,,0.992,0.995,0.005,0.008,0.9935,0.85,19790.30345199998,,418.63,21.59,2026-05-17T15:14:44.324Z,BRTI,78079.41,78030.03,78079.28683333333,60,Polymarket RTDS,78064.69935,78016.93440299988,1.007,0.997,
2026-05-17T15:14:46.826Z,2026-05-17T15:14:46.247Z,KXBTC15M-26MAY171115-15,BTC price up in next 15 mins?,KXBTC15M-26MAY171115,2026-05-17T15:15:00Z,active,0.998,0.999,0.001,0.002,0.9984999999999999,0.999,310025.93,119555.31,1647.46,20.0,2026-05-17T15:14:46.301Z,btc-updown-15m-1779030000,"Bitcoin Up or Down - May 17, 11:00AM-11:15AM ET",btc-updown-15m-1779030000,2026-05-17T15:15:00Z,,0.992,0.998,0.002,0.008,0.995,0.85,19790.30345199998,,418.63,5.0,2026-05-17T15:14:46.301Z,BRTI,78072.31,78030.03,78079.18849999999,60,Polymarket RTDS,78064.72814,78016.93440299988,1.007,1.0,
2026-05-17T15:14:49.052Z,2026-05-17T15:14:48.246Z,KXBTC15M-26MAY171115-15,BTC price up in next 15 mins?,KXBTC15M-26MAY171115,2026-05-17T15:15:00Z,active,0.999,,,0.001,0.999,0.999,310025.93,119555.31,1231.0,,2026-05-17T15:14:48.303Z,btc-updown-15m-1779030000,"Bitcoin Up or Down - May 17, 11:00AM-11:15AM ET",btc-updown-15m-1779030000,2026-05-17T15:15:00Z,,0.992,0.998,0.002,0.008,0.995,0.85,19790.30345199998,,418.63,5.0,2026-05-17T15:14:48.303Z,BRTI,78075.43,78030.03,78079.06283333333,60,Polymarket RTDS,78064.76275,78016.93440299988,,0.999,
2026-05-17T15:14:50.749Z,2026-05-17T15:14:50.256Z,KXBTC15M-26MAY171115-15,BTC price up in next 15 mins?,KXBTC15M-26MAY171115,2026-05-17T15:15:00Z,active,0.999,,,0.001,0.999,0.999,310025.93,119555.31,281.0,,2026-05-17T15:14:50.315Z,btc-updown-15m-1779030000,"Bitcoin Up or Down - May 17, 11:00AM-11:15AM ET",btc-updown-15m-1779030000,2026-05-17T15:15:00Z,,0.992,0.998,0.002,0.008,0.995,0.85,19790.30345199998,,418.63,3.99,2026-05-17T15:14:50.315Z,BRTI,78079.41,78030.03,78078.99683333332,60,Polymarket RTDS,78064.77497,78016.93440299988,,0.999,
2026-05-17T15:14:52.807Z,2026-05-17T15:14:52.246Z,KXBTC15M-26MAY171115-15,BTC price up in next 15 mins?,KXBTC15M-26MAY171115,2026-05-17T15:15:00Z,active,0.999,,,0.001,0.999,0.999,310025.93,119555.31,272.0,,2026-05-17T15:14:52.307Z,btc-updown-15m-1779030000,"Bitcoin Up or Down - May 17, 11:00AM-11:15AM ET",btc-updown-15m-1779030000,2026-05-17T15:15:00Z,,0.992,0.998,0.002,0.008,0.995,0.85,19790.30345199998,,418.63,3.99,2026-05-17T15:14:52.307Z,BRTI,78079.83,78030.03,78078.92599999999,60,Polymarket RTDS,78064.761395,78016.93440299988,,0.999,
2026-05-17T15:14:54.783Z,2026-05-17T15:14:54.261Z,KXBTC15M-26MAY171115-15,BTC price up in next 15 mins?,KXBTC15M-26MAY171115,2026-05-17T15:15:00Z,active,0.999,,,0.001,0.999,0.999,310025.93,119555.31,319.0,,2026-05-17T15:14:54.312Z,btc-updown-15m-1779030000,"Bitcoin Up or Down - May 17, 11:00AM-11:15AM ET",btc-updown-15m-1779030000,2026-05-17T15:15:00Z,,0.992,0.998,0.002,0.008,0.995,0.85,19790.30345199998,,418.63,3.99,2026-05-17T15:14:54.313Z,BRTI,78072.75,78030.03,78078.75566666666,60,Polymarket RTDS,78058.80151609145,78016.93440299988,,0.999,
2026-05-17T15:14:56.749Z,2026-05-17T15:14:56.247Z,KXBTC15M-26MAY171115-15,BTC price up in next 15 mins?,KXBTC15M-26MAY171115,2026-05-17T15:15:00Z,active,0.999,,,0.001,0.999,0.999,310025.93,119555.31,319.0,,2026-05-17T15:14:56.298Z,btc-updown-15m-1779030000,"Bitcoin Up or Down - May 17, 11:00AM-11:15AM ET",btc-updown-15m-1779030000,2026-05-17T15:15:00Z,,0.998,0.999,0.001,0.002,0.9984999999999999,0.85,19790.30345199998,,5.0,444.98,2026-05-17T15:14:56.298Z,BRTI,78072.75,78030.03,78078.66466666666,60,Polymarket RTDS,78056.64476,78016.93440299988,,1.0,
2026-05-17T15:14:58.764Z,2026-05-17T15:14:58.249Z,KXBTC15M-26MAY171115-15,BTC price up in next 15 mins?,KXBTC15M-26MAY171115,2026-05-17T15:15:00Z,active,0.999,,,0.001,0.999,0.999,310025.93,119555.31,319.0,,2026-05-17T15:14:58.306Z,btc-updown-15m-1779030000,"Bitcoin Up or Down - May 17, 11:00AM-11:15AM ET",btc-updown-15m-1779030000,2026-05-17T15:15:00Z,,0.998,0.999,0.001,0.002,0.9984999999999999,0.85,19790.30345199998,,5.0,444.98,2026-05-17T15:14:58.306Z,BRTI,78072.02,78030.03,78078.48216666667,60,Polymarket RTDS,78056.86279,78016.93440299988,,1.0,
2026-05-17T15:15:00.842Z,2026-05-17T15:15:00.266Z,KXBTC15M-26MAY171115-15,BTC price up in next 15 mins?,KXBTC15M-26MAY171115,2026-05-17T15:15:00Z,active,0.999,,,0.001,0.999,0.999,310025.93,119555.31,246.82,,2026-05-17T15:15:00.312Z,btc-updown-15m-1779030000,"Bitcoin Up or Down - May 17, 11:00AM-11:15AM ET",btc-updown-15m-1779030000,2026-05-17T15:15:00Z,,0.999,0.84,0.16,0.001,0.9195,0.85,19790.30345199998,,24457.8,,2026-05-17T15:15:00.312Z,BRTI,78075.43,78030.03,78078.13100000001,60,Polymarket RTDS,78056.86666,78016.93440299988,,0.841,
2026-05-17T15:15:03.126Z,2026-05-17T15:15:02.260Z,KXBTC15M-26MAY171115-15,BTC price up in next 15 mins?,KXBTC15M-26MAY171115,2026-05-17T15:15:00Z,closed,,,,,,0.999,310025.93,119555.31,,,2026-05-17T15:15:02.545Z,btc-updown-15m-1779030000,"Bitcoin Up or Down - May 17, 11:00AM-11:15AM ET",btc-updown-15m-1779030000,2026-05-17T15:15:00Z,,0.999,0.84,0.16,0.001,0.9195,0.85,19790.30345199998,,112850.57,,2026-05-17T15:15:02.545Z,BRTI,78079.41,78030.03,78078.05316666668,60,Polymarket RTDS,78055.52136944285,78016.93440299988,,,
2026-05-17T15:15:04.763Z,2026-05-17T15:15:04.251Z,KXBTC15M-26MAY171115-15,BTC price up in next 15 mins?,KXBTC15M-26MAY171115,2026-05-17T15:15:00Z,closed,,,,,,0.999,310025.93,119555.31,,,2026-05-17T15:15:04.296Z,btc-updown-15m-1779030000,"Bitcoin Up or Down - May 17, 11:00AM-11:15AM ET",btc-updown-15m-1779030000,2026-05-17T15:15:00Z,,0.999,0.84,0.16,0.001,0.9195,0.85,19790.30345199998,,130083.04,,2026-05-17T15:15:04.296Z,BRTI,78075.43,78030.03,78077.702,60,Polymarket RTDS,78049.17564,78016.93440299988,,,
2026-05-17T15:15:07.119Z,2026-05-17T15:15:06.257Z,KXBTC15M-26MAY171115-15,BTC price up in next 15 mins?,KXBTC15M-26MAY171115,2026-05-17T15:15:00Z,closed,,,,,,0.999,310025.93,119555.31,,,2026-05-17T15:15:06.310Z,btc-updown-15m-1779030000,"Bitcoin Up or Down - May 17, 11:00AM-11:15AM ET",btc-updown-15m-1779030000,2026-05-17T15:15:00Z,,0.999,0.84,0.16,0.001,0.9195,0.85,19790.30345199998,,153783.91,,2026-05-17T15:15:06.310Z,BRTI,78079.41,78030.03,78077.64683333333,60,Polymarket RTDS,78049.11913,78016.93440299988,,,
2026-05-17T15:15:08.757Z,2026-05-17T15:15:08.262Z,KXBTC15M-26MAY171115-15,BTC price up in next 15 mins?,KXBTC15M-26MAY171115,2026-05-17T15:15:00Z,closed,,,,,,0.999,310025.93,119555.31,,,2026-05-17T15:15:08.316Z,btc-updown-15m-1779030000,"Bitcoin Up or Down - May 17, 11:00AM-11:15AM ET",btc-updown-15m-1779030000,2026-05-17T15:15:00Z,,0.999,0.84,0.16,0.001,0.9195,0.85,19790.30345199998,,197294.31,,2026-05-17T15:15:08.316Z,BRTI,78079.41,78030.03,78077.58083333333,60,Polymarket RTDS,78033.74,78016.93440299988,,,
