timestamp_utc,kalshi_timestamp_utc,kalshi_ticker,kalshi_title,kalshi_event_ticker,kalshi_close_time,kalshi_status,kalshi_yes_bid,kalshi_yes_ask,kalshi_no_bid,kalshi_no_ask,kalshi_yes_mid,kalshi_last_price,kalshi_volume,kalshi_open_interest,kalshi_best_yes_bid_qty,kalshi_best_no_bid_qty,polymarket_timestamp_utc,polymarket_ticker,polymarket_title,polymarket_event_ticker,polymarket_close_time,polymarket_status,polymarket_yes_bid,polymarket_yes_ask,polymarket_no_bid,polymarket_no_ask,polymarket_yes_mid,polymarket_last_price,polymarket_volume,polymarket_open_interest,polymarket_best_yes_bid_qty,polymarket_best_no_bid_qty,source_timestamp_utc,kalshi_btc_source,kalshi_btc_price,kalshi_btc_target,kalshi_btc_60_sma,kalshi_btc_60_sma_sample_count,polymarket_btc_source,polymarket_btc_price,polymarket_btc_target,k_plus_np,nk_plus_p,polymarket_error
2026-05-17T12:15:25.691Z,2026-05-17T12:15:25.147Z,KXBTC15M-26MAY170830-30,BTC price up in next 15 mins?,KXBTC15M-26MAY170830,2026-05-17T12:30:00Z,active,0.4,0.41,0.59,0.6,0.405,0.4,3922.09,3433.00,2691.43,502.0,2026-05-17T12:15:25.203Z,btc-updown-15m-1779020100,"Bitcoin Up or Down - May 17, 8:15AM-8:30AM ET",btc-updown-15m-1779020100,2026-05-17T12:30:00Z,,0.62,0.63,0.37,0.38,0.625,0.51,61.31,,319.93,103.86,2026-05-17T12:15:25.203Z,BRTI,78420.16,78411.52,78417.0215,60,Polymarket RTDS,78378.89559417333,78356.92733762416,0.79,1.23,
2026-05-17T12:15:27.638Z,2026-05-17T12:15:27.146Z,KXBTC15M-26MAY170830-30,BTC price up in next 15 mins?,KXBTC15M-26MAY170830,2026-05-17T12:30:00Z,active,0.4,0.41,0.59,0.6,0.405,0.4,3922.09,3433.00,2589.33,498.9,2026-05-17T12:15:27.197Z,btc-updown-15m-1779020100,"Bitcoin Up or Down - May 17, 8:15AM-8:30AM ET",btc-updown-15m-1779020100,2026-05-17T12:30:00Z,,0.62,0.63,0.37,0.38,0.625,0.51,61.31,,317.29,93.78,2026-05-17T12:15:27.197Z,BRTI,78417.46,78411.52,78418.81,2,Polymarket RTDS,78379.00590353619,78356.92733762416,0.79,1.23,
2026-05-17T12:15:29.655Z,2026-05-17T12:15:29.138Z,KXBTC15M-26MAY170830-30,BTC price up in next 15 mins?,KXBTC15M-26MAY170830,2026-05-17T12:30:00Z,active,0.4,0.41,0.59,0.6,0.405,0.4,3922.09,3433.00,2589.49,604.19,2026-05-17T12:15:29.186Z,btc-updown-15m-1779020100,"Bitcoin Up or Down - May 17, 8:15AM-8:30AM ET",btc-updown-15m-1779020100,2026-05-17T12:30:00Z,,0.62,0.63,0.37,0.38,0.625,0.51,61.31,,318.6,57.29,2026-05-17T12:15:29.186Z,BRTI,78378.09,78411.52,78405.23666666668,3,Polymarket RTDS,78379.54509829084,78356.92733762416,0.79,1.23,
2026-05-17T12:15:31.685Z,2026-05-17T12:15:31.146Z,KXBTC15M-26MAY170830-30,BTC price up in next 15 mins?,KXBTC15M-26MAY170830,2026-05-17T12:30:00Z,active,0.4,0.41,0.59,0.6,0.405,0.4,3922.09,3433.00,1526.75,501.11,2026-05-17T12:15:31.208Z,btc-updown-15m-1779020100,"Bitcoin Up or Down - May 17, 8:15AM-8:30AM ET",btc-updown-15m-1779020100,2026-05-17T12:30:00Z,,0.62,0.63,0.37,0.38,0.625,0.51,61.31,,209.44,59.93,2026-05-17T12:15:31.208Z,BRTI,78420.81,78411.52,78409.13,4,Polymarket RTDS,78379.5445599365,78356.92733762416,0.79,1.23,
2026-05-17T12:15:33.702Z,2026-05-17T12:15:33.149Z,KXBTC15M-26MAY170830-30,BTC price up in next 15 mins?,KXBTC15M-26MAY170830,2026-05-17T12:30:00Z,active,0.4,0.41,0.59,0.6,0.405,0.4,3922.09,3433.00,994.65,751.91,2026-05-17T12:15:33.194Z,btc-updown-15m-1779020100,"Bitcoin Up or Down - May 17, 8:15AM-8:30AM ET",btc-updown-15m-1779020100,2026-05-17T12:30:00Z,,0.62,0.63,0.37,0.38,0.625,0.51,61.31,,211.3,54.93,2026-05-17T12:15:33.194Z,BRTI,78394.19,78411.52,78406.142,5,Polymarket RTDS,78379.5467451354,78356.92733762416,0.79,1.23,
2026-05-17T12:15:35.635Z,2026-05-17T12:15:35.151Z,KXBTC15M-26MAY170830-30,BTC price up in next 15 mins?,KXBTC15M-26MAY170830,2026-05-17T12:30:00Z,active,0.39,0.4,0.6,0.61,0.395,0.4,3922.09,3433.00,184.01,728.0,2026-05-17T12:15:35.197Z,btc-updown-15m-1779020100,"Bitcoin Up or Down - May 17, 8:15AM-8:30AM ET",btc-updown-15m-1779020100,2026-05-17T12:30:00Z,,0.6,0.62,0.38,0.4,0.61,0.51,61.31,,148.35,45.54,2026-05-17T12:15:35.197Z,BRTI,78417.46,78411.52,78408.02833333334,6,Polymarket RTDS,78379.54619000579,78356.92733762416,0.8,1.23,
2026-05-17T12:15:37.670Z,2026-05-17T12:15:37.150Z,KXBTC15M-26MAY170830-30,BTC price up in next 15 mins?,KXBTC15M-26MAY170830,2026-05-17T12:30:00Z,active,0.39,0.4,0.6,0.61,0.395,0.4,3922.09,3433.00,176.01,728.41,2026-05-17T12:15:37.199Z,btc-updown-15m-1779020100,"Bitcoin Up or Down - May 17, 8:15AM-8:30AM ET",btc-updown-15m-1779020100,2026-05-17T12:30:00Z,,0.6,0.61,0.39,0.4,0.605,0.51,61.31,,92.96,70.66,2026-05-17T12:15:37.199Z,BRTI,78417.46,78411.52,78409.37571428572,7,Polymarket RTDS,78379.52931329084,78356.92733762416,0.8,1.22,
2026-05-17T12:15:39.664Z,2026-05-17T12:15:39.158Z,KXBTC15M-26MAY170830-30,BTC price up in next 15 mins?,KXBTC15M-26MAY170830,2026-05-17T12:30:00Z,active,0.39,0.4,0.6,0.61,0.395,0.4,3922.09,3433.00,147.0,300.25,2026-05-17T12:15:39.222Z,btc-updown-15m-1779020100,"Bitcoin Up or Down - May 17, 8:15AM-8:30AM ET",btc-updown-15m-1779020100,2026-05-17T12:30:00Z,,0.6,0.61,0.39,0.4,0.605,0.51,61.31,,28.33,53.76,2026-05-17T12:15:39.222Z,BRTI,78422.34,78411.52,78410.99625,8,Polymarket RTDS,78378.34456763807,78356.92733762416,0.8,1.22,
2026-05-17T12:15:41.763Z,2026-05-17T12:15:41.144Z,KXBTC15M-26MAY170830-30,BTC price up in next 15 mins?,KXBTC15M-26MAY170830,2026-05-17T12:30:00Z,active,0.38,0.39,0.61,0.62,0.385,0.4,3922.09,3433.00,89.0,577.0,2026-05-17T12:15:41.206Z,btc-updown-15m-1779020100,"Bitcoin Up or Down - May 17, 8:15AM-8:30AM ET",btc-updown-15m-1779020100,2026-05-17T12:30:00Z,,0.6,0.61,0.39,0.4,0.605,0.51,61.31,,58.33,90.48,2026-05-17T12:15:41.206Z,BRTI,78390.68,78411.52,78408.7388888889,9,Polymarket RTDS,78377.86597513082,78356.92733762416,0.79,1.23,
2026-05-17T12:15:43.643Z,2026-05-17T12:15:43.154Z,KXBTC15M-26MAY170830-30,BTC price up in next 15 mins?,KXBTC15M-26MAY170830,2026-05-17T12:30:00Z,active,0.38,0.39,0.61,0.62,0.385,0.4,3922.09,3433.00,200.05,313.55,2026-05-17T12:15:43.208Z,btc-updown-15m-1779020100,"Bitcoin Up or Down - May 17, 8:15AM-8:30AM ET",btc-updown-15m-1779020100,2026-05-17T12:30:00Z,,0.6,0.61,0.39,0.4,0.605,0.51,61.31,,35.33,92.39,2026-05-17T12:15:43.208Z,BRTI,78411.95,78411.52,78409.06,10,Polymarket RTDS,78378.16108188189,78356.92733762416,0.79,1.23,
2026-05-17T12:15:45.649Z,2026-05-17T12:15:45.146Z,KXBTC15M-26MAY170830-30,BTC price up in next 15 mins?,KXBTC15M-26MAY170830,2026-05-17T12:30:00Z,active,0.38,0.39,0.61,0.62,0.385,0.4,3922.09,3433.00,2706.72,206.0,2026-05-17T12:15:45.195Z,btc-updown-15m-1779020100,"Bitcoin Up or Down - May 17, 8:15AM-8:30AM ET",btc-updown-15m-1779020100,2026-05-17T12:30:00Z,,0.6,0.61,0.39,0.4,0.605,0.51,61.31,,148.06,26.2,2026-05-17T12:15:45.195Z,BRTI,78420.81,78411.52,78410.12818181819,11,Polymarket RTDS,78378.15927688188,78356.92733762416,0.79,1.23,
2026-05-17T12:15:47.637Z,2026-05-17T12:15:47.149Z,KXBTC15M-26MAY170830-30,BTC price up in next 15 mins?,KXBTC15M-26MAY170830,2026-05-17T12:30:00Z,active,0.38,0.39,0.61,0.62,0.385,0.4,3922.09,3433.00,2265.89,126.0,2026-05-17T12:15:47.199Z,btc-updown-15m-1779020100,"Bitcoin Up or Down - May 17, 8:15AM-8:30AM ET",btc-updown-15m-1779020100,2026-05-17T12:30:00Z,,0.6,0.61,0.39,0.4,0.605,0.51,61.31,,39.44,36.02,2026-05-17T12:15:47.199Z,BRTI,78422.34,78411.52,78411.14583333333,12,Polymarket RTDS,78378.87564485018,78356.92733762416,0.79,1.23,
2026-05-17T12:15:49.689Z,2026-05-17T12:15:49.150Z,KXBTC15M-26MAY170830-30,BTC price up in next 15 mins?,KXBTC15M-26MAY170830,2026-05-17T12:30:00Z,active,0.38,0.39,0.61,0.62,0.385,0.4,3922.09,3433.00,2040.96,575.0,2026-05-17T12:15:49.196Z,btc-updown-15m-1779020100,"Bitcoin Up or Down - May 17, 8:15AM-8:30AM ET",btc-updown-15m-1779020100,2026-05-17T12:30:00Z,,0.6,0.61,0.39,0.4,0.605,0.51,61.31,,62.27,80.16,2026-05-17T12:15:49.196Z,BRTI,78411.95,78411.52,78411.20769230768,13,Polymarket RTDS,78378.7183218493,78356.92733762416,0.79,1.23,
2026-05-17T12:15:51.777Z,2026-05-17T12:15:51.145Z,KXBTC15M-26MAY170830-30,BTC price up in next 15 mins?,KXBTC15M-26MAY170830,2026-05-17T12:30:00Z,active,0.39,0.4,0.6,0.61,0.395,0.4,3922.09,3433.00,182.0,609.0,2026-05-17T12:15:51.195Z,btc-updown-15m-1779020100,"Bitcoin Up or Down - May 17, 8:15AM-8:30AM ET",btc-updown-15m-1779020100,2026-05-17T12:30:00Z,,0.6,0.61,0.39,0.4,0.605,0.51,61.31,,50.86,69.91,2026-05-17T12:15:51.195Z,BRTI,78422.34,78411.52,78412.00285714286,14,Polymarket RTDS,78378.7169377944,78356.92733762416,0.8,1.22,
2026-05-17T12:15:53.644Z,2026-05-17T12:15:53.151Z,KXBTC15M-26MAY170830-30,BTC price up in next 15 mins?,KXBTC15M-26MAY170830,2026-05-17T12:30:00Z,active,0.38,0.39,0.61,0.62,0.385,0.4,3922.09,3433.00,1960.0,503.0,2026-05-17T12:15:53.200Z,btc-updown-15m-1779020100,"Bitcoin Up or Down - May 17, 8:15AM-8:30AM ET",btc-updown-15m-1779020100,2026-05-17T12:30:00Z,,0.6,0.61,0.39,0.4,0.605,0.51,61.31,,33.73,39.32,2026-05-17T12:15:53.200Z,BRTI,78425.87,78411.52,78412.92733333333,15,Polymarket RTDS,78379.42023089081,78356.92733762416,0.79,1.23,
2026-05-17T12:15:55.706Z,2026-05-17T12:15:55.152Z,KXBTC15M-26MAY170830-30,BTC price up in next 15 mins?,KXBTC15M-26MAY170830,2026-05-17T12:30:00Z,active,0.38,0.39,0.61,0.62,0.385,0.39,14493.25,11980.31,1881.89,650.19,2026-05-17T12:15:55.203Z,btc-updown-15m-1779020100,"Bitcoin Up or Down - May 17, 8:15AM-8:30AM ET",btc-updown-15m-1779020100,2026-05-17T12:30:00Z,,0.6,0.61,0.39,0.4,0.605,0.51,61.31,,65.22,29.31,2026-05-17T12:15:55.203Z,BRTI,78411.95,78411.52,78412.86624999999,16,Polymarket RTDS,78379.41990837928,78356.92733762416,0.79,1.23,
2026-05-17T12:15:57.761Z,2026-05-17T12:15:57.148Z,KXBTC15M-26MAY170830-30,BTC price up in next 15 mins?,KXBTC15M-26MAY170830,2026-05-17T12:30:00Z,active,0.42,0.43,0.57,0.58,0.425,0.39,14493.25,11980.31,19.0,722.01,2026-05-17T12:15:57.198Z,btc-updown-15m-1779020100,"Bitcoin Up or Down - May 17, 8:15AM-8:30AM ET",btc-updown-15m-1779020100,2026-05-17T12:30:00Z,,0.65,0.66,0.34,0.35,0.655,0.51,61.31,,12.0,53.5,2026-05-17T12:15:57.198Z,BRTI,78425.87,78411.52,78413.63117647059,17,Polymarket RTDS,78379.4191486616,78356.92733762416,0.78,1.24,
2026-05-17T12:15:59.800Z,2026-05-17T12:15:59.145Z,KXBTC15M-26MAY170830-30,BTC price up in next 15 mins?,KXBTC15M-26MAY170830,2026-05-17T12:30:00Z,active,0.41,0.42,0.58,0.59,0.415,0.39,14493.25,11980.31,135.0,546.89,2026-05-17T12:15:59.191Z,btc-updown-15m-1779020100,"Bitcoin Up or Down - May 17, 8:15AM-8:30AM ET",btc-updown-15m-1779020100,2026-05-17T12:30:00Z,,0.64,0.65,0.35,0.36,0.645,0.51,61.31,,1.76,91.37,2026-05-17T12:15:59.191Z,BRTI,78425.87,78411.52,78414.31111111112,18,Polymarket RTDS,78380.66598320074,78356.92733762416,0.78,1.24,
2026-05-17T12:16:01.908Z,2026-05-17T12:16:01.148Z,KXBTC15M-26MAY170830-30,BTC price up in next 15 mins?,KXBTC15M-26MAY170830,2026-05-17T12:30:00Z,active,0.42,0.43,0.57,0.58,0.425,0.39,14493.25,11980.31,10.0,975.89,2026-05-17T12:16:01.226Z,btc-updown-15m-1779020100,"Bitcoin Up or Down - May 17, 8:15AM-8:30AM ET",btc-updown-15m-1779020100,2026-05-17T12:30:00Z,,0.63,0.64,0.36,0.37,0.635,0.51,61.31,,73.32,31.13,2026-05-17T12:16:01.226Z,BRTI,78390.68,78411.52,78413.06736842105,19,Polymarket RTDS,78381.90785250922,78356.92733762416,0.8,1.22,
2026-05-17T12:16:03.688Z,2026-05-17T12:16:03.148Z,KXBTC15M-26MAY170830-30,BTC price up in next 15 mins?,KXBTC15M-26MAY170830,2026-05-17T12:30:00Z,active,0.41,0.42,0.58,0.59,0.415,0.39,14493.25,11980.31,110.47,509.34,2026-05-17T12:16:03.205Z,btc-updown-15m-1779020100,"Bitcoin Up or Down - May 17, 8:15AM-8:30AM ET",btc-updown-15m-1779020100,2026-05-17T12:30:00Z,,0.64,0.65,0.35,0.36,0.645,0.51,61.31,,20.0,89.64,2026-05-17T12:16:03.205Z,BRTI,78411.95,78411.52,78413.0115,20,Polymarket RTDS,78381.85747670422,78356.92733762416,0.78,1.24,
2026-05-17T12:16:05.659Z,2026-05-17T12:16:05.147Z,KXBTC15M-26MAY170830-30,BTC price up in next 15 mins?,KXBTC15M-26MAY170830,2026-05-17T12:30:00Z,active,0.41,0.42,0.58,0.59,0.415,0.39,14493.25,11980.31,157.65,633.27,2026-05-17T12:16:05.196Z,btc-updown-15m-1779020100,"Bitcoin Up or Down - May 17, 8:15AM-8:30AM ET",btc-updown-15m-1779020100,2026-05-17T12:30:00Z,,0.64,0.65,0.35,0.36,0.645,0.51,61.31,,120.42,27.8,2026-05-17T12:16:05.196Z,BRTI,78390.17,78411.52,78411.92380952381,21,Polymarket RTDS,78381.46932369616,78356.92733762416,0.78,1.24,
2026-05-17T12:16:07.651Z,2026-05-17T12:16:07.149Z,KXBTC15M-26MAY170830-30,BTC price up in next 15 mins?,KXBTC15M-26MAY170830,2026-05-17T12:30:00Z,active,0.42,0.43,0.57,0.58,0.425,0.39,14493.25,11980.31,6.18,759.03,2026-05-17T12:16:07.203Z,btc-updown-15m-1779020100,"Bitcoin Up or Down - May 17, 8:15AM-8:30AM ET",btc-updown-15m-1779020100,2026-05-17T12:30:00Z,,0.64,0.65,0.35,0.36,0.645,0.51,61.31,,120.28,5.44,2026-05-17T12:16:07.203Z,BRTI,78422.34,78411.52,78412.39727272728,22,Polymarket RTDS,78381.46545443316,78356.92733762416,0.79,1.23,
2026-05-17T12:16:09.648Z,2026-05-17T12:16:09.157Z,KXBTC15M-26MAY170830-30,BTC price up in next 15 mins?,KXBTC15M-26MAY170830,2026-05-17T12:30:00Z,active,0.42,0.43,0.57,0.58,0.425,0.39,14493.25,11980.31,6.18,753.04,2026-05-17T12:16:09.204Z,btc-updown-15m-1779020100,"Bitcoin Up or Down - May 17, 8:15AM-8:30AM ET",btc-updown-15m-1779020100,2026-05-17T12:30:00Z,,0.64,0.65,0.35,0.36,0.645,0.51,61.31,,209.5,5.44,2026-05-17T12:16:09.204Z,BRTI,78425.87,78411.52,78412.98304347825,23,Polymarket RTDS,78381.91956201558,78356.92733762416,0.79,1.23,
2026-05-17T12:16:11.706Z,2026-05-17T12:16:11.154Z,KXBTC15M-26MAY170830-30,BTC price up in next 15 mins?,KXBTC15M-26MAY170830,2026-05-17T12:30:00Z,active,0.42,0.43,0.57,0.58,0.425,0.39,14493.25,11980.31,113.18,80.11,2026-05-17T12:16:11.208Z,btc-updown-15m-1779020100,"Bitcoin Up or Down - May 17, 8:15AM-8:30AM ET",btc-updown-15m-1779020100,2026-05-17T12:30:00Z,,0.64,0.65,0.35,0.36,0.645,0.51,61.31,,95.68,41.8,2026-05-17T12:16:11.208Z,BRTI,78391.54,78411.52,78412.08958333333,24,Polymarket RTDS,78381.92418454621,78356.92733762416,0.79,1.23,
2026-05-17T12:16:13.661Z,2026-05-17T12:16:13.151Z,KXBTC15M-26MAY170830-30,BTC price up in next 15 mins?,KXBTC15M-26MAY170830,2026-05-17T12:30:00Z,active,0.42,0.43,0.57,0.58,0.425,0.39,14493.25,11980.31,125.18,637.22,2026-05-17T12:16:13.198Z,btc-updown-15m-1779020100,"Bitcoin Up or Down - May 17, 8:15AM-8:30AM ET",btc-updown-15m-1779020100,2026-05-17T12:30:00Z,,0.64,0.65,0.35,0.36,0.645,0.51,61.31,,230.92,5.0,2026-05-17T12:16:13.198Z,BRTI,78378.09,78411.52,78410.7296,25,Polymarket RTDS,78381.9225933526,78356.92733762416,0.79,1.23,
2026-05-17T12:16:15.645Z,2026-05-17T12:16:15.146Z,KXBTC15M-26MAY170830-30,BTC price up in next 15 mins?,KXBTC15M-26MAY170830,2026-05-17T12:30:00Z,active,0.42,0.43,0.57,0.58,0.425,0.39,14493.25,11980.31,278.37,554.01,2026-05-17T12:16:15.203Z,btc-updown-15m-1779020100,"Bitcoin Up or Down - May 17, 8:15AM-8:30AM ET",btc-updown-15m-1779020100,2026-05-17T12:30:00Z,,0.66,0.67,0.33,0.34,0.665,0.51,61.31,,132.0,64.77,2026-05-17T12:16:15.203Z,BRTI,78367.66,78411.52,78409.07307692307,26,Polymarket RTDS,78381.92265428342,78356.92733762416,0.77,1.25,
2026-05-17T12:16:17.656Z,2026-05-17T12:16:17.147Z,KXBTC15M-26MAY170830-30,BTC price up in next 15 mins?,KXBTC15M-26MAY170830,2026-05-17T12:30:00Z,active,0.42,0.43,0.57,0.58,0.425,0.39,14493.25,11980.31,165.0,604.83,2026-05-17T12:16:17.199Z,btc-updown-15m-1779020100,"Bitcoin Up or Down - May 17, 8:15AM-8:30AM ET",btc-updown-15m-1779020100,2026-05-17T12:30:00Z,,0.66,0.67,0.33,0.34,0.665,0.51,61.31,,147.0,67.8,2026-05-17T12:16:17.199Z,BRTI,78393.82,78411.52,78408.50814814813,27,Polymarket RTDS,78381.90597328973,78356.92733762416,0.77,1.25,
2026-05-17T12:16:19.705Z,2026-05-17T12:16:19.147Z,KXBTC15M-26MAY170830-30,BTC price up in next 15 mins?,KXBTC15M-26MAY170830,2026-05-17T12:30:00Z,active,0.42,0.43,0.57,0.58,0.425,0.39,14493.25,11980.31,40.0,729.03,2026-05-17T12:16:19.200Z,btc-updown-15m-1779020100,"Bitcoin Up or Down - May 17, 8:15AM-8:30AM ET",btc-updown-15m-1779020100,2026-05-17T12:30:00Z,,0.66,0.67,0.33,0.34,0.665,0.51,61.31,,97.73,102.94,2026-05-17T12:16:19.200Z,BRTI,78390.17,78411.52,78407.85321428571,28,Polymarket RTDS,78381.90598268555,78356.92733762416,0.77,1.25,
2026-05-17T12:16:21.657Z,2026-05-17T12:16:21.153Z,KXBTC15M-26MAY170830-30,BTC price up in next 15 mins?,KXBTC15M-26MAY170830,2026-05-17T12:30:00Z,active,0.42,0.43,0.57,0.58,0.425,0.39,14493.25,11980.31,23.26,729.03,2026-05-17T12:16:21.203Z,btc-updown-15m-1779020100,"Bitcoin Up or Down - May 17, 8:15AM-8:30AM ET",btc-updown-15m-1779020100,2026-05-17T12:30:00Z,,0.66,0.67,0.33,0.34,0.665,0.51,61.31,,87.58,97.78,2026-05-17T12:16:21.203Z,BRTI,78390.17,78411.52,78407.24344827587,29,Polymarket RTDS,78381.83497016142,78356.92733762416,0.77,1.25,
2026-05-17T12:16:23.678Z,2026-05-17T12:16:23.158Z,KXBTC15M-26MAY170830-30,BTC price up in next 15 mins?,KXBTC15M-26MAY170830,2026-05-17T12:30:00Z,active,0.41,0.42,0.58,0.59,0.415,0.39,14493.25,11980.31,1258.27,397.33,2026-05-17T12:16:23.210Z,btc-updown-15m-1779020100,"Bitcoin Up or Down - May 17, 8:15AM-8:30AM ET",btc-updown-15m-1779020100,2026-05-17T12:30:00Z,,0.66,0.67,0.33,0.34,0.665,0.51,61.31,,69.63,97.78,2026-05-17T12:16:23.210Z,BRTI,78378.09,78411.52,78406.27166666667,30,Polymarket RTDS,78381.83484494482,78356.92733762416,0.76,1.26,
2026-05-17T12:16:25.693Z,2026-05-17T12:16:25.148Z,KXBTC15M-26MAY170830-30,BTC price up in next 15 mins?,KXBTC15M-26MAY170830,2026-05-17T12:30:00Z,active,0.41,0.42,0.58,0.59,0.415,0.42,20993.00,17395.22,140.0,335.03,2026-05-17T12:16:25.199Z,btc-updown-15m-1779020100,"Bitcoin Up or Down - May 17, 8:15AM-8:30AM ET",btc-updown-15m-1779020100,2026-05-17T12:30:00Z,,0.61,0.63,0.37,0.39,0.62,0.51,61.31,,25.0,12.0,2026-05-17T12:16:25.199Z,BRTI,78393.82,78411.52,78405.87,31,Polymarket RTDS,78381.76127002084,78356.92733762416,0.81,1.22,
2026-05-17T12:16:27.726Z,2026-05-17T12:16:27.163Z,KXBTC15M-26MAY170830-30,BTC price up in next 15 mins?,KXBTC15M-26MAY170830,2026-05-17T12:30:00Z,active,0.41,0.42,0.58,0.59,0.415,0.42,20993.00,17395.22,30.0,446.03,2026-05-17T12:16:27.214Z,btc-updown-15m-1779020100,"Bitcoin Up or Down - May 17, 8:15AM-8:30AM ET",btc-updown-15m-1779020100,2026-05-17T12:30:00Z,,0.62,0.63,0.37,0.38,0.625,0.51,61.31,,199.19,24.28,2026-05-17T12:16:27.214Z,BRTI,78422.34,78411.52,78406.3846875,32,Polymarket RTDS,78381.75672771207,78356.92733762416,0.8,1.22,
2026-05-17T12:16:29.655Z,2026-05-17T12:16:29.153Z,KXBTC15M-26MAY170830-30,BTC price up in next 15 mins?,KXBTC15M-26MAY170830,2026-05-17T12:30:00Z,active,0.4,0.41,0.59,0.6,0.405,0.42,20993.00,17395.22,1218.67,525.0,2026-05-17T12:16:29.203Z,btc-updown-15m-1779020100,"Bitcoin Up or Down - May 17, 8:15AM-8:30AM ET",btc-updown-15m-1779020100,2026-05-17T12:30:00Z,,0.62,0.63,0.37,0.38,0.625,0.51,61.31,,254.19,19.52,2026-05-17T12:16:29.203Z,BRTI,78417.46,78411.52,78406.7203030303,33,Polymarket RTDS,78381.75530381032,78356.92733762416,0.79,1.23,
2026-05-17T12:16:31.674Z,2026-05-17T12:16:31.153Z,KXBTC15M-26MAY170830-30,BTC price up in next 15 mins?,KXBTC15M-26MAY170830,2026-05-17T12:30:00Z,active,0.4,0.41,0.59,0.6,0.405,0.42,20993.00,17395.22,1304.67,525.0,2026-05-17T12:16:31.207Z,btc-updown-15m-1779020100,"Bitcoin Up or Down - May 17, 8:15AM-8:30AM ET",btc-updown-15m-1779020100,2026-05-17T12:30:00Z,,0.62,0.63,0.37,0.38,0.625,0.51,61.31,,144.86,24.28,2026-05-17T12:16:31.207Z,BRTI,78417.46,78411.52,78407.03617647059,34,Polymarket RTDS,78381.75672877612,78356.92733762416,0.79,1.23,
2026-05-17T12:16:33.627Z,2026-05-17T12:16:33.135Z,KXBTC15M-26MAY170830-30,BTC price up in next 15 mins?,KXBTC15M-26MAY170830,2026-05-17T12:30:00Z,active,0.4,0.41,0.59,0.6,0.405,0.42,20993.00,17395.22,129.29,525.06,2026-05-17T12:16:33.202Z,btc-updown-15m-1779020100,"Bitcoin Up or Down - May 17, 8:15AM-8:30AM ET",btc-updown-15m-1779020100,2026-05-17T12:30:00Z,,0.62,0.63,0.37,0.38,0.625,0.51,61.31,,114.86,11.18,2026-05-17T12:16:33.202Z,BRTI,78417.46,78411.52,78407.334,35,Polymarket RTDS,78381.75189851708,78356.92733762416,0.79,1.23,
2026-05-17T12:16:35.687Z,2026-05-17T12:16:35.154Z,KXBTC15M-26MAY170830-30,BTC price up in next 15 mins?,KXBTC15M-26MAY170830,2026-05-17T12:30:00Z,active,0.4,0.41,0.59,0.6,0.405,0.42,20993.00,17395.22,55.29,532.49,2026-05-17T12:16:35.210Z,btc-updown-15m-1779020100,"Bitcoin Up or Down - May 17, 8:15AM-8:30AM ET",btc-updown-15m-1779020100,2026-05-17T12:30:00Z,,0.62,0.63,0.37,0.38,0.625,0.51,61.31,,106.72,1.02,2026-05-17T12:16:35.210Z,BRTI,78378.09,78411.52,78406.52166666667,36,Polymarket RTDS,78381.74741469414,78356.92733762416,0.79,1.23,
2026-05-17T12:16:39.835Z,2026-05-17T12:16:37.148Z,KXBTC15M-26MAY170830-30,BTC price up in next 15 mins?,KXBTC15M-26MAY170830,2026-05-17T12:30:00Z,active,0.4,0.41,0.59,0.6,0.405,0.42,20993.00,17395.22,49.31,462.23,2026-05-17T12:16:37.207Z,btc-updown-15m-1779020100,"Bitcoin Up or Down - May 17, 8:15AM-8:30AM ET",btc-updown-15m-1779020100,2026-05-17T12:30:00Z,,0.61,0.62,0.38,0.39,0.615,0.51,61.31,,23.4,57.11,2026-05-17T12:16:37.207Z,BRTI,78367.66,78411.52,78405.47135135136,37,Polymarket RTDS,78381.55439937241,78356.92733762416,0.8,1.22,
2026-05-17T12:16:40.846Z,2026-05-17T12:16:40.333Z,KXBTC15M-26MAY170830-30,BTC price up in next 15 mins?,KXBTC15M-26MAY170830,2026-05-17T12:30:00Z,active,0.4,0.41,0.59,0.6,0.405,0.42,20993.00,17395.22,69.5,96.98,2026-05-17T12:16:40.381Z,btc-updown-15m-1779020100,"Bitcoin Up or Down - May 17, 8:15AM-8:30AM ET",btc-updown-15m-1779020100,2026-05-17T12:30:00Z,,0.62,0.63,0.37,0.38,0.625,0.51,61.31,,53.62,97.38,2026-05-17T12:16:40.381Z,BRTI,78390.17,78411.52,78405.06868421052,38,Polymarket RTDS,78381.67829397366,78356.92733762416,0.79,1.23,
2026-05-17T12:16:43.021Z,2026-05-17T12:16:42.331Z,KXBTC15M-26MAY170830-30,BTC price up in next 15 mins?,KXBTC15M-26MAY170830,2026-05-17T12:30:00Z,active,0.4,0.41,0.59,0.6,0.405,0.42,20993.00,17395.22,84.5,71.98,2026-05-17T12:16:42.380Z,btc-updown-15m-1779020100,"Bitcoin Up or Down - May 17, 8:15AM-8:30AM ET",btc-updown-15m-1779020100,2026-05-17T12:30:00Z,,0.62,0.63,0.37,0.38,0.625,0.51,61.31,,189.44,103.38,2026-05-17T12:16:42.380Z,BRTI,78394.63,78411.52,78404.80102564102,39,Polymarket RTDS,78381.64367115681,78356.92733762416,0.79,1.23,
2026-05-17T12:16:45.144Z,2026-05-17T12:16:44.328Z,KXBTC15M-26MAY170830-30,BTC price up in next 15 mins?,KXBTC15M-26MAY170830,2026-05-17T12:30:00Z,active,0.4,0.41,0.59,0.6,0.405,0.42,20993.00,17395.22,73.02,75.0,2026-05-17T12:16:44.374Z,btc-updown-15m-1779020100,"Bitcoin Up or Down - May 17, 8:15AM-8:30AM ET",btc-updown-15m-1779020100,2026-05-17T12:30:00Z,,0.61,0.62,0.38,0.39,0.615,0.51,61.31,,126.84,27.81,2026-05-17T12:16:44.374Z,BRTI,78367.66,78411.52,78403.8725,40,Polymarket RTDS,78381.51454428463,78356.92733762416,0.8,1.22,
2026-05-17T12:16:46.852Z,2026-05-17T12:16:46.329Z,KXBTC15M-26MAY170830-30,BTC price up in next 15 mins?,KXBTC15M-26MAY170830,2026-05-17T12:30:00Z,active,0.4,0.41,0.59,0.6,0.405,0.42,20993.00,17395.22,83.22,73.98,2026-05-17T12:16:46.381Z,btc-updown-15m-1779020100,"Bitcoin Up or Down - May 17, 8:15AM-8:30AM ET",btc-updown-15m-1779020100,2026-05-17T12:30:00Z,,0.62,0.63,0.37,0.38,0.625,0.51,61.31,,279.94,94.32,2026-05-17T12:16:46.381Z,BRTI,78390.68,78411.52,78403.55073170732,41,Polymarket RTDS,78381.66401515271,78356.92733762416,0.79,1.23,
2026-05-17T12:16:48.805Z,2026-05-17T12:16:48.320Z,KXBTC15M-26MAY170830-30,BTC price up in next 15 mins?,KXBTC15M-26MAY170830,2026-05-17T12:30:00Z,active,0.41,0.42,0.58,0.59,0.415,0.42,20993.00,17395.22,162.13,106.27,2026-05-17T12:16:48.373Z,btc-updown-15m-1779020100,"Bitcoin Up or Down - May 17, 8:15AM-8:30AM ET",btc-updown-15m-1779020100,2026-05-17T12:30:00Z,,0.62,0.63,0.37,0.38,0.625,0.51,61.31,,348.52,74.98,2026-05-17T12:16:48.373Z,BRTI,78394.63,78411.52,78403.33833333333,42,Polymarket RTDS,78381.47436225732,78356.92733762416,0.8,1.22,
2026-05-17T12:16:50.868Z,2026-05-17T12:16:50.337Z,KXBTC15M-26MAY170830-30,BTC price up in next 15 mins?,KXBTC15M-26MAY170830,2026-05-17T12:30:00Z,active,0.41,0.42,0.58,0.59,0.415,0.42,20993.00,17395.22,162.13,118.27,2026-05-17T12:16:50.381Z,btc-updown-15m-1779020100,"Bitcoin Up or Down - May 17, 8:15AM-8:30AM ET",btc-updown-15m-1779020100,2026-05-17T12:30:00Z,,0.62,0.63,0.37,0.38,0.625,0.51,61.31,,261.06,54.74,2026-05-17T12:16:50.381Z,BRTI,78390.17,78411.52,78403.03209302326,43,Polymarket RTDS,78382.57955699669,78356.92733762416,0.8,1.22,
2026-05-17T12:16:52.928Z,2026-05-17T12:16:52.329Z,KXBTC15M-26MAY170830-30,BTC price up in next 15 mins?,KXBTC15M-26MAY170830,2026-05-17T12:30:00Z,active,0.42,0.43,0.57,0.58,0.425,0.42,20993.00,17395.22,25.0,3422.39,2026-05-17T12:16:52.376Z,btc-updown-15m-1779020100,"Bitcoin Up or Down - May 17, 8:15AM-8:30AM ET",btc-updown-15m-1779020100,2026-05-17T12:30:00Z,,0.62,0.63,0.37,0.38,0.625,0.51,61.31,,261.06,41.56,2026-05-17T12:16:52.376Z,BRTI,78378.09,78411.52,78402.46522727273,44,Polymarket RTDS,78383.00745382023,78356.92733762416,0.81,1.21,
2026-05-17T12:16:54.870Z,2026-05-17T12:16:54.341Z,KXBTC15M-26MAY170830-30,BTC price up in next 15 mins?,KXBTC15M-26MAY170830,2026-05-17T12:30:00Z,active,0.42,0.43,0.57,0.58,0.425,0.43,25845.17,21225.72,75.0,3142.73,2026-05-17T12:16:54.395Z,btc-updown-15m-1779020100,"Bitcoin Up or Down - May 17, 8:15AM-8:30AM ET",btc-updown-15m-1779020100,2026-05-17T12:30:00Z,,0.62,0.63,0.37,0.38,0.625,0.51,61.31,,306.06,23.87,2026-05-17T12:16:54.395Z,BRTI,78390.68,78411.52,78402.20333333334,45,Polymarket RTDS,78383.7470915127,78356.92733762416,0.81,1.21,
2026-05-17T12:16:56.951Z,2026-05-17T12:16:56.322Z,KXBTC15M-26MAY170830-30,BTC price up in next 15 mins?,KXBTC15M-26MAY170830,2026-05-17T12:30:00Z,active,0.41,0.42,0.58,0.59,0.415,0.43,25845.17,21225.72,196.62,696.27,2026-05-17T12:16:56.400Z,btc-updown-15m-1779020100,"Bitcoin Up or Down - May 17, 8:15AM-8:30AM ET",btc-updown-15m-1779020100,2026-05-17T12:30:00Z,,0.62,0.63,0.37,0.38,0.625,0.51,115.72960600000002,,286.28,13.07,2026-05-17T12:16:56.400Z,BRTI,78395.49,78411.52,78402.05739130435,46,Polymarket RTDS,78384.22242361945,78356.92733762416,0.8,1.22,
2026-05-17T12:16:58.875Z,2026-05-17T12:16:58.333Z,KXBTC15M-26MAY170830-30,BTC price up in next 15 mins?,KXBTC15M-26MAY170830,2026-05-17T12:30:00Z,active,0.41,0.42,0.58,0.59,0.415,0.43,25845.17,21225.72,261.62,529.46,2026-05-17T12:16:58.380Z,btc-updown-15m-1779020100,"Bitcoin Up or Down - May 17, 8:15AM-8:30AM ET",btc-updown-15m-1779020100,2026-05-17T12:30:00Z,,0.63,0.64,0.36,0.37,0.635,0.51,115.72960600000002,,56.98,46.09,2026-05-17T12:16:58.380Z,BRTI,78395.49,78411.52,78401.91765957446,47,Polymarket RTDS,78384.28845850585,78356.92733762416,0.79,1.23,
2026-05-17T12:17:00.905Z,2026-05-17T12:17:00.366Z,KXBTC15M-26MAY170830-30,BTC price up in next 15 mins?,KXBTC15M-26MAY170830,2026-05-17T12:30:00Z,active,0.41,0.42,0.58,0.59,0.415,0.43,25845.17,21225.72,186.62,91.27,2026-05-17T12:17:00.422Z,btc-updown-15m-1779020100,"Bitcoin Up or Down - May 17, 8:15AM-8:30AM ET",btc-updown-15m-1779020100,2026-05-17T12:30:00Z,,0.63,0.64,0.36,0.37,0.635,0.51,115.72960600000002,,147.27,32.44,2026-05-17T12:17:00.422Z,BRTI,78394.63,78411.52,78401.76583333332,48,Polymarket RTDS,78384.36366138888,78356.92733762416,0.79,1.23,
2026-05-17T12:17:02.949Z,2026-05-17T12:17:02.344Z,KXBTC15M-26MAY170830-30,BTC price up in next 15 mins?,KXBTC15M-26MAY170830,2026-05-17T12:30:00Z,active,0.41,0.42,0.58,0.59,0.415,0.43,25845.17,21225.72,164.01,81.41,2026-05-17T12:17:02.406Z,btc-updown-15m-1779020100,"Bitcoin Up or Down - May 17, 8:15AM-8:30AM ET",btc-updown-15m-1779020100,2026-05-17T12:30:00Z,,0.64,0.65,0.35,0.36,0.645,0.51,115.72960600000002,,75.47,89.78,2026-05-17T12:17:02.406Z,BRTI,78397.03,78411.52,78401.66918367347,49,Polymarket RTDS,78384.36110822383,78356.92733762416,0.78,1.24,
2026-05-17T12:17:05.003Z,2026-05-17T12:17:04.326Z,KXBTC15M-26MAY170830-30,BTC price up in next 15 mins?,KXBTC15M-26MAY170830,2026-05-17T12:30:00Z,active,0.41,0.42,0.58,0.59,0.415,0.43,25845.17,21225.72,146.54,564.19,2026-05-17T12:17:04.378Z,btc-updown-15m-1779020100,"Bitcoin Up or Down - May 17, 8:15AM-8:30AM ET",btc-updown-15m-1779020100,2026-05-17T12:30:00Z,,0.64,0.65,0.35,0.36,0.645,0.51,115.72960600000002,,80.33,82.64,2026-05-17T12:17:04.378Z,BRTI,78393.82,78411.52,78401.5122,50,Polymarket RTDS,78384.35842359347,78356.92733762416,0.78,1.24,
2026-05-17T12:17:06.843Z,2026-05-17T12:17:06.316Z,KXBTC15M-26MAY170830-30,BTC price up in next 15 mins?,KXBTC15M-26MAY170830,2026-05-17T12:30:00Z,active,0.42,0.43,0.57,0.58,0.425,0.43,25845.17,21225.72,185.28,86.0,2026-05-17T12:17:06.367Z,btc-updown-15m-1779020100,"Bitcoin Up or Down - May 17, 8:15AM-8:30AM ET",btc-updown-15m-1779020100,2026-05-17T12:30:00Z,,0.64,0.65,0.35,0.36,0.645,0.51,115.72960600000002,,237.64,33.4,2026-05-17T12:17:06.367Z,BRTI,78394.94,78411.52,78401.38333333333,51,Polymarket RTDS,78384.35706884657,78356.92733762416,0.79,1.23,
2026-05-17T12:17:09.029Z,2026-05-17T12:17:08.334Z,KXBTC15M-26MAY170830-30,BTC price up in next 15 mins?,KXBTC15M-26MAY170830,2026-05-17T12:30:00Z,active,0.42,0.43,0.57,0.58,0.425,0.43,25845.17,21225.72,1701.68,281.53,2026-05-17T12:17:08.385Z,btc-updown-15m-1779020100,"Bitcoin Up or Down - May 17, 8:15AM-8:30AM ET",btc-updown-15m-1779020100,2026-05-17T12:30:00Z,,0.64,0.65,0.35,0.36,0.645,0.51,115.72960600000002,,253.96,28.32,2026-05-17T12:17:08.385Z,BRTI,78395.49,78411.52,78401.27,52,Polymarket RTDS,78385.01456689248,78356.92733762416,0.79,1.23,
2026-05-17T12:17:10.868Z,2026-05-17T12:17:10.324Z,KXBTC15M-26MAY170830-30,BTC price up in next 15 mins?,KXBTC15M-26MAY170830,2026-05-17T12:30:00Z,active,0.42,0.43,0.57,0.58,0.425,0.43,25845.17,21225.72,1844.75,281.53,2026-05-17T12:17:10.382Z,btc-updown-15m-1779020100,"Bitcoin Up or Down - May 17, 8:15AM-8:30AM ET",btc-updown-15m-1779020100,2026-05-17T12:30:00Z,,0.64,0.65,0.35,0.36,0.645,0.51,115.72960600000002,,235.33,18.16,2026-05-17T12:17:10.382Z,BRTI,78395.49,78411.52,78401.16094339623,53,Polymarket RTDS,78385.07529047613,78356.92733762416,0.79,1.23,
2026-05-17T12:17:12.836Z,2026-05-17T12:17:12.335Z,KXBTC15M-26MAY170830-30,BTC price up in next 15 mins?,KXBTC15M-26MAY170830,2026-05-17T12:30:00Z,active,0.42,0.43,0.57,0.58,0.425,0.43,25845.17,21225.72,1762.49,201.05,2026-05-17T12:17:12.385Z,btc-updown-15m-1779020100,"Bitcoin Up or Down - May 17, 8:15AM-8:30AM ET",btc-updown-15m-1779020100,2026-05-17T12:30:00Z,,0.66,0.67,0.33,0.34,0.665,0.51,115.72960600000002,,12.0,69.39,2026-05-17T12:17:12.385Z,BRTI,78395.49,78411.52,78401.05592592592,54,Polymarket RTDS,78385.16463786142,78356.92733762416,0.77,1.25,
2026-05-17T12:17:14.906Z,2026-05-17T12:17:14.338Z,KXBTC15M-26MAY170830-30,BTC price up in next 15 mins?,KXBTC15M-26MAY170830,2026-05-17T12:30:00Z,active,0.36,0.37,0.63,0.64,0.365,0.43,25845.17,21225.72,1708.47,113.86,2026-05-17T12:17:14.391Z,btc-updown-15m-1779020100,"Bitcoin Up or Down - May 17, 8:15AM-8:30AM ET",btc-updown-15m-1779020100,2026-05-17T12:30:00Z,,0.66,0.67,0.33,0.34,0.665,0.51,115.72960600000002,,322.98,49.36,2026-05-17T12:17:14.391Z,BRTI,78390.17,78411.52,78400.85800000001,55,Polymarket RTDS,78385.06303613688,78356.92733762416,0.71,1.31,
2026-05-17T12:17:16.875Z,2026-05-17T12:17:16.338Z,KXBTC15M-26MAY170830-30,BTC price up in next 15 mins?,KXBTC15M-26MAY170830,2026-05-17T12:30:00Z,active,0.37,0.39,0.61,0.63,0.38,0.43,25845.17,21225.72,4034.23,125.0,2026-05-17T12:17:16.389Z,btc-updown-15m-1779020100,"Bitcoin Up or Down - May 17, 8:15AM-8:30AM ET",btc-updown-15m-1779020100,2026-05-17T12:30:00Z,,0.66,0.67,0.33,0.34,0.665,0.51,115.72960600000002,,346.8,19.36,2026-05-17T12:17:16.389Z,BRTI,78395.49,78411.52,78400.76214285714,56,Polymarket RTDS,78385.02834128485,78356.92733762416,0.73,1.3,
2026-05-17T12:17:18.864Z,2026-05-17T12:17:18.334Z,KXBTC15M-26MAY170830-30,BTC price up in next 15 mins?,KXBTC15M-26MAY170830,2026-05-17T12:30:00Z,active,0.37,0.38,0.62,0.63,0.375,0.43,25845.17,21225.72,2285.2,128.3,2026-05-17T12:17:18.392Z,btc-updown-15m-1779020100,"Bitcoin Up or Down - May 17, 8:15AM-8:30AM ET",btc-updown-15m-1779020100,2026-05-17T12:30:00Z,,0.66,0.67,0.33,0.34,0.665,0.51,115.72960600000002,,111.24,7.79,2026-05-17T12:17:18.392Z,BRTI,78395.49,78411.52,78400.6696491228,57,Polymarket RTDS,78385.36320673043,78356.92733762416,0.72,1.3,
2026-05-17T12:17:20.813Z,2026-05-17T12:17:20.327Z,KXBTC15M-26MAY170830-30,BTC price up in next 15 mins?,KXBTC15M-26MAY170830,2026-05-17T12:30:00Z,active,0.37,0.38,0.62,0.63,0.375,0.43,25845.17,21225.72,2247.0,135.0,2026-05-17T12:17:20.375Z,btc-updown-15m-1779020100,"Bitcoin Up or Down - May 17, 8:15AM-8:30AM ET",btc-updown-15m-1779020100,2026-05-17T12:30:00Z,,0.67,0.68,0.32,0.33,0.675,0.51,115.72960600000002,,30.0,126.13,2026-05-17T12:17:20.375Z,BRTI,78394.63,78411.52,78400.56551724138,58,Polymarket RTDS,78385.34329006982,78356.92733762416,0.71,1.31,
2026-05-17T12:17:22.826Z,2026-05-17T12:17:22.335Z,KXBTC15M-26MAY170830-30,BTC price up in next 15 mins?,KXBTC15M-26MAY170830,2026-05-17T12:30:00Z,active,0.37,0.38,0.62,0.63,0.375,0.43,25845.17,21225.72,2090.55,66.91,2026-05-17T12:17:22.380Z,btc-updown-15m-1779020100,"Bitcoin Up or Down - May 17, 8:15AM-8:30AM ET",btc-updown-15m-1779020100,2026-05-17T12:30:00Z,,0.67,0.68,0.32,0.33,0.675,0.51,115.72960600000002,,47.49,121.05,2026-05-17T12:17:22.381Z,BRTI,78390.68,78411.52,78400.39796610171,59,Polymarket RTDS,78385.31907931303,78356.92733762416,0.71,1.31,
2026-05-17T12:17:24.863Z,2026-05-17T12:17:24.341Z,KXBTC15M-26MAY170830-30,BTC price up in next 15 mins?,KXBTC15M-26MAY170830,2026-05-17T12:30:00Z,active,0.33,0.34,0.66,0.67,0.335,0.32,47646.40,31476.93,125.58,147.08,2026-05-17T12:17:24.398Z,btc-updown-15m-1779020100,"Bitcoin Up or Down - May 17, 8:15AM-8:30AM ET",btc-updown-15m-1779020100,2026-05-17T12:30:00Z,,0.62,0.65,0.35,0.38,0.635,0.51,115.72960600000002,,56.85,14.8,2026-05-17T12:17:24.398Z,BRTI,78397.03,78411.52,78400.34183333332,60,Polymarket RTDS,78385.3230259747,78356.92733762416,0.72,1.32,
2026-05-17T12:17:26.967Z,2026-05-17T12:17:26.342Z,KXBTC15M-26MAY170830-30,BTC price up in next 15 mins?,KXBTC15M-26MAY170830,2026-05-17T12:30:00Z,active,0.33,0.34,0.66,0.67,0.335,0.32,47646.40,31476.93,90.0,713.03,2026-05-17T12:17:26.425Z,btc-updown-15m-1779020100,"Bitcoin Up or Down - May 17, 8:15AM-8:30AM ET",btc-updown-15m-1779020100,2026-05-17T12:30:00Z,,0.61,0.62,0.38,0.39,0.615,0.51,115.72960600000002,,36.11,55.55,2026-05-17T12:17:26.425Z,BRTI,78391.54,78411.52,78399.86483333333,60,Polymarket RTDS,78378.72285877154,78356.92733762416,0.73,1.29,
2026-05-17T12:17:28.896Z,2026-05-17T12:17:28.348Z,KXBTC15M-26MAY170830-30,BTC price up in next 15 mins?,KXBTC15M-26MAY170830,2026-05-17T12:30:00Z,active,0.33,0.34,0.66,0.67,0.335,0.32,47646.40,31476.93,40.0,192.97,2026-05-17T12:17:28.406Z,btc-updown-15m-1779020100,"Bitcoin Up or Down - May 17, 8:15AM-8:30AM ET",btc-updown-15m-1779020100,2026-05-17T12:30:00Z,,0.61,0.62,0.38,0.39,0.615,0.51,115.72960600000002,,16.11,121.38,2026-05-17T12:17:28.406Z,BRTI,78394.63,78411.52,78399.48433333333,60,Polymarket RTDS,78378.80706646768,78356.92733762416,0.73,1.29,
2026-05-17T12:17:30.835Z,2026-05-17T12:17:30.336Z,KXBTC15M-26MAY170830-30,BTC price up in next 15 mins?,KXBTC15M-26MAY170830,2026-05-17T12:30:00Z,active,0.33,0.34,0.66,0.67,0.335,0.32,47646.40,31476.93,64.58,174.56,2026-05-17T12:17:30.386Z,btc-updown-15m-1779020100,"Bitcoin Up or Down - May 17, 8:15AM-8:30AM ET",btc-updown-15m-1779020100,2026-05-17T12:30:00Z,,0.61,0.62,0.38,0.39,0.615,0.51,115.72960600000002,,71.11,61.29,2026-05-17T12:17:30.386Z,BRTI,78390.68,78411.52,78399.69416666667,60,Polymarket RTDS,78378.80916646768,78356.92733762416,0.73,1.29,
2026-05-17T12:17:32.832Z,2026-05-17T12:17:32.331Z,KXBTC15M-26MAY170830-30,BTC price up in next 15 mins?,KXBTC15M-26MAY170830,2026-05-17T12:30:00Z,active,0.34,0.35,0.65,0.66,0.345,0.32,47646.40,31476.93,548.32,148.02,2026-05-17T12:17:32.386Z,btc-updown-15m-1779020100,"Bitcoin Up or Down - May 17, 8:15AM-8:30AM ET",btc-updown-15m-1779020100,2026-05-17T12:30:00Z,,0.61,0.62,0.38,0.39,0.615,0.51,115.72960600000002,,71.11,50.95,2026-05-17T12:17:32.386Z,BRTI,78395.49,78411.52,78399.27216666666,60,Polymarket RTDS,78378.81119646768,78356.92733762416,0.74,1.28,
2026-05-17T12:17:34.851Z,2026-05-17T12:17:34.332Z,KXBTC15M-26MAY170830-30,BTC price up in next 15 mins?,KXBTC15M-26MAY170830,2026-05-17T12:30:00Z,active,0.34,0.35,0.65,0.66,0.345,0.32,47646.40,31476.93,51.79,207.27,2026-05-17T12:17:34.380Z,btc-updown-15m-1779020100,"Bitcoin Up or Down - May 17, 8:15AM-8:30AM ET",btc-updown-15m-1779020100,2026-05-17T12:30:00Z,,0.61,0.62,0.38,0.39,0.615,0.51,115.72960600000002,,21.11,37.86,2026-05-17T12:17:34.380Z,BRTI,78394.94,78411.52,78399.28466666667,60,Polymarket RTDS,78378.84539003705,78356.92733762416,0.74,1.28,
2026-05-17T12:17:36.829Z,2026-05-17T12:17:36.325Z,KXBTC15M-26MAY170830-30,BTC price up in next 15 mins?,KXBTC15M-26MAY170830,2026-05-17T12:30:00Z,active,0.32,0.33,0.67,0.68,0.325,0.32,47646.40,31476.93,339.28,25.0,2026-05-17T12:17:36.370Z,btc-updown-15m-1779020100,"Bitcoin Up or Down - May 17, 8:15AM-8:30AM ET",btc-updown-15m-1779020100,2026-05-17T12:30:00Z,,0.61,0.62,0.38,0.39,0.615,0.51,115.72960600000002,,9.86,59.97,2026-05-17T12:17:36.370Z,BRTI,78388.4,78411.52,78398.80033333333,60,Polymarket RTDS,78378.84579003706,78356.92733762416,0.72,1.3,
2026-05-17T12:17:38.917Z,2026-05-17T12:17:38.343Z,KXBTC15M-26MAY170830-30,BTC price up in next 15 mins?,KXBTC15M-26MAY170830,2026-05-17T12:30:00Z,active,0.32,0.34,0.66,0.68,0.33,0.32,47646.40,31476.93,386.45,11.37,2026-05-17T12:17:38.426Z,btc-updown-15m-1779020100,"Bitcoin Up or Down - May 17, 8:15AM-8:30AM ET",btc-updown-15m-1779020100,2026-05-17T12:30:00Z,,0.6,0.61,0.39,0.4,0.605,0.51,115.72960600000002,,125.65,33.33,2026-05-17T12:17:38.426Z,BRTI,78390.68,78411.52,78398.354,60,Polymarket RTDS,78378.84896003705,78356.92733762416,0.74,1.29,
2026-05-17T12:17:40.964Z,2026-05-17T12:17:40.334Z,KXBTC15M-26MAY170830-30,BTC price up in next 15 mins?,KXBTC15M-26MAY170830,2026-05-17T12:30:00Z,active,0.32,0.33,0.67,0.68,0.325,0.32,47646.40,31476.93,339.28,24.5,2026-05-17T12:17:40.384Z,btc-updown-15m-1779020100,"Bitcoin Up or Down - May 17, 8:15AM-8:30AM ET",btc-updown-15m-1779020100,2026-05-17T12:30:00Z,,0.6,0.61,0.39,0.4,0.605,0.51,115.72960600000002,,60.14,28.56,2026-05-17T12:17:40.384Z,BRTI,78391.54,78411.52,78397.84066666667,60,Polymarket RTDS,78378.84855503705,78356.92733762416,0.73,1.29,
2026-05-17T12:17:44.563Z,2026-05-17T12:17:42.338Z,KXBTC15M-26MAY170830-30,BTC price up in next 15 mins?,KXBTC15M-26MAY170830,2026-05-17T12:30:00Z,active,0.38,0.39,0.61,0.62,0.385,0.32,47646.40,31476.93,83.0,223.99,2026-05-17T12:17:42.390Z,btc-updown-15m-1779020100,"Bitcoin Up or Down - May 17, 8:15AM-8:30AM ET",btc-updown-15m-1779020100,2026-05-17T12:30:00Z,,0.64,0.65,0.35,0.36,0.645,0.51,115.72960600000002,,35.0,22.64,2026-05-17T12:17:42.390Z,BRTI,78391.54,78411.52,78397.855,60,Polymarket RTDS,78383.62337,78356.92733762416,0.75,1.27,
2026-05-17T12:17:47.282Z,2026-05-17T12:17:45.037Z,KXBTC15M-26MAY170830-30,BTC price up in next 15 mins?,KXBTC15M-26MAY170830,2026-05-17T12:30:00Z,active,0.33,0.34,0.66,0.67,0.335,0.32,47646.40,31476.93,75.0,135.0,2026-05-17T12:17:45.089Z,btc-updown-15m-1779020100,"Bitcoin Up or Down - May 17, 8:15AM-8:30AM ET",btc-updown-15m-1779020100,2026-05-17T12:30:00Z,,0.66,0.67,0.33,0.34,0.665,0.51,115.72960600000002,,15.0,197.46,2026-05-17T12:17:45.089Z,BRTI,78391.54,78411.52,78397.51483333333,60,Polymarket RTDS,78379.58759948217,78356.92733762416,0.68,1.34,
2026-05-17T12:17:50.044Z,2026-05-17T12:17:47.780Z,KXBTC15M-26MAY170830-30,BTC price up in next 15 mins?,KXBTC15M-26MAY170830,2026-05-17T12:30:00Z,active,0.34,0.35,0.65,0.66,0.345,0.32,47646.40,31476.93,8.0,119.88,2026-05-17T12:17:47.847Z,btc-updown-15m-1779020100,"Bitcoin Up or Down - May 17, 8:15AM-8:30AM ET",btc-updown-15m-1779020100,2026-05-17T12:30:00Z,,0.63,0.64,0.36,0.37,0.635,0.51,115.72960600000002,,12.91,143.25,2026-05-17T12:17:47.847Z,BRTI,78391.54,78411.52,78397.027,60,Polymarket RTDS,78380.07257,78356.92733762416,0.72,1.3,
2026-05-17T12:17:53.303Z,2026-05-17T12:17:50.539Z,KXBTC15M-26MAY170830-30,BTC price up in next 15 mins?,KXBTC15M-26MAY170830,2026-05-17T12:30:00Z,active,0.33,0.34,0.66,0.67,0.335,0.32,47646.40,31476.93,627.86,75.0,2026-05-17T12:17:50.590Z,btc-updown-15m-1779020100,"Bitcoin Up or Down - May 17, 8:15AM-8:30AM ET",btc-updown-15m-1779020100,2026-05-17T12:30:00Z,,0.63,0.64,0.36,0.37,0.635,0.51,115.72960600000002,,49.19,130.66,2026-05-17T12:17:50.590Z,BRTI,78393.82,78411.52,78396.55166666667,60,Polymarket RTDS,78380.40189411849,78356.92733762416,0.71,1.31,
2026-05-17T12:17:55.104Z,2026-05-17T12:17:53.795Z,KXBTC15M-26MAY170830-30,BTC price up in next 15 mins?,KXBTC15M-26MAY170830,2026-05-17T12:30:00Z,active,0.35,0.36,0.64,0.65,0.355,0.32,47646.40,31476.93,512.37,75.52,2026-05-17T12:17:53.855Z,btc-updown-15m-1779020100,"Bitcoin Up or Down - May 17, 8:15AM-8:30AM ET",btc-updown-15m-1779020100,2026-05-17T12:30:00Z,,0.65,0.66,0.34,0.35,0.655,0.51,115.72960600000002,,12.0,97.46,2026-05-17T12:17:53.855Z,BRTI,78394.94,78411.52,78396.26816666666,60,Polymarket RTDS,78380.91135299041,78356.92733762416,0.71,1.31,
2026-05-17T12:17:58.571Z,2026-05-17T12:17:55.789Z,KXBTC15M-26MAY170830-30,BTC price up in next 15 mins?,KXBTC15M-26MAY170830,2026-05-17T12:30:00Z,active,0.35,0.36,0.64,0.65,0.355,0.36,53023.64,32324.03,675.0,10.56,2026-05-17T12:17:55.840Z,btc-updown-15m-1779020100,"Bitcoin Up or Down - May 17, 8:15AM-8:30AM ET",btc-updown-15m-1779020100,2026-05-17T12:30:00Z,,0.65,0.66,0.34,0.35,0.655,0.51,115.72960600000002,,53.38,87.8,2026-05-17T12:17:55.840Z,BRTI,78395.49,78411.52,78395.82066666667,60,Polymarket RTDS,78381.8167256566,78356.92733762416,0.71,1.31,
2026-05-17T12:17:59.644Z,2026-05-17T12:17:59.050Z,KXBTC15M-26MAY170830-30,BTC price up in next 15 mins?,KXBTC15M-26MAY170830,2026-05-17T12:30:00Z,active,0.36,0.37,0.63,0.64,0.365,0.36,53023.64,32324.03,37.11,987.29,2026-05-17T12:17:59.104Z,btc-updown-15m-1779020100,"Bitcoin Up or Down - May 17, 8:15AM-8:30AM ET",btc-updown-15m-1779020100,2026-05-17T12:30:00Z,,0.65,0.66,0.34,0.35,0.655,0.51,115.72960600000002,,41.16,121.87,2026-05-17T12:17:59.104Z,BRTI,78388.4,78411.52,78395.19616666666,60,Polymarket RTDS,78382.42563726274,78356.92733762416,0.72,1.3,
2026-05-17T12:18:02.368Z,2026-05-17T12:18:01.065Z,KXBTC15M-26MAY170830-30,BTC price up in next 15 mins?,KXBTC15M-26MAY170830,2026-05-17T12:30:00Z,active,0.41,0.42,0.58,0.59,0.415,0.36,53023.64,32324.03,174.0,1125.07,2026-05-17T12:18:01.136Z,btc-updown-15m-1779020100,"Bitcoin Up or Down - May 17, 8:15AM-8:30AM ET",btc-updown-15m-1779020100,2026-05-17T12:30:00Z,,0.64,0.65,0.35,0.36,0.645,0.51,115.72960600000002,,269.47,5.0,2026-05-17T12:18:01.137Z,BRTI,78388.4,78411.52,78394.80366666666,60,Polymarket RTDS,78382.37850840218,78356.92733762416,0.78,1.24,
2026-05-17T12:18:03.605Z,2026-05-17T12:18:03.075Z,KXBTC15M-26MAY170830-30,BTC price up in next 15 mins?,KXBTC15M-26MAY170830,2026-05-17T12:30:00Z,active,0.4,0.41,0.59,0.6,0.405,0.36,53023.64,32324.03,14.0,270.98,2026-05-17T12:18:03.140Z,btc-updown-15m-1779020100,"Bitcoin Up or Down - May 17, 8:15AM-8:30AM ET",btc-updown-15m-1779020100,2026-05-17T12:30:00Z,,0.67,0.68,0.32,0.33,0.675,0.51,115.72960600000002,,5.0,15.0,2026-05-17T12:18:03.140Z,BRTI,78395.49,78411.52,78394.29733333334,60,Polymarket RTDS,78385.66123,78356.92733762416,0.74,1.28,
2026-05-17T12:18:05.581Z,2026-05-17T12:18:05.065Z,KXBTC15M-26MAY170830-30,BTC price up in next 15 mins?,KXBTC15M-26MAY170830,2026-05-17T12:30:00Z,active,0.4,0.41,0.59,0.6,0.405,0.36,53023.64,32324.03,52.28,270.24,2026-05-17T12:18:05.112Z,btc-updown-15m-1779020100,"Bitcoin Up or Down - May 17, 8:15AM-8:30AM ET",btc-updown-15m-1779020100,2026-05-17T12:30:00Z,,0.7,0.71,0.29,0.3,0.705,0.51,115.72960600000002,,12.63,90.0,2026-05-17T12:18:05.112Z,BRTI,78395.49,78411.52,78393.791,60,Polymarket RTDS,78387.143245,78356.92733762416,0.71,1.31,
2026-05-17T12:18:07.641Z,2026-05-17T12:18:07.075Z,KXBTC15M-26MAY170830-30,BTC price up in next 15 mins?,KXBTC15M-26MAY170830,2026-05-17T12:30:00Z,active,0.4,0.41,0.59,0.6,0.405,0.36,53023.64,32324.03,8.17,217.15,2026-05-17T12:18:07.127Z,btc-updown-15m-1779020100,"Bitcoin Up or Down - May 17, 8:15AM-8:30AM ET",btc-updown-15m-1779020100,2026-05-17T12:30:00Z,,0.7,0.71,0.29,0.3,0.705,0.51,115.72960600000002,,39.62,140.41,2026-05-17T12:18:07.127Z,BRTI,78393.82,78411.52,78393.84333333332,60,Polymarket RTDS,78387.14345,78356.92733762416,0.71,1.31,
2026-05-17T12:18:10.082Z,2026-05-17T12:18:09.063Z,KXBTC15M-26MAY170830-30,BTC price up in next 15 mins?,KXBTC15M-26MAY170830,2026-05-17T12:30:00Z,active,0.4,0.41,0.59,0.6,0.405,0.36,53023.64,32324.03,18.17,625.13,2026-05-17T12:18:09.115Z,btc-updown-15m-1779020100,"Bitcoin Up or Down - May 17, 8:15AM-8:30AM ET",btc-updown-15m-1779020100,2026-05-17T12:30:00Z,,0.68,0.7,0.3,0.32,0.69,0.51,115.72960600000002,,104.39,85.3,2026-05-17T12:18:09.115Z,BRTI,78397.03,78411.52,78393.59466666666,60,Polymarket RTDS,78387.143255,78356.92733762416,0.73,1.2999999999999998,
2026-05-17T12:18:11.582Z,2026-05-17T12:18:11.066Z,KXBTC15M-26MAY170830-30,BTC price up in next 15 mins?,KXBTC15M-26MAY170830,2026-05-17T12:30:00Z,active,0.4,0.42,0.58,0.6,0.41000000000000003,0.36,53023.64,32324.03,729.27,2190.99,2026-05-17T12:18:11.114Z,btc-updown-15m-1779020100,"Bitcoin Up or Down - May 17, 8:15AM-8:30AM ET",btc-updown-15m-1779020100,2026-05-17T12:30:00Z,,0.69,0.7,0.3,0.31,0.695,0.51,115.72960600000002,,75.06,32.24,2026-05-17T12:18:11.114Z,BRTI,78392.13,78411.52,78393.62733333332,60,Polymarket RTDS,78387.13753,78356.92733762416,0.73,1.2999999999999998,
2026-05-17T12:18:13.597Z,2026-05-17T12:18:13.070Z,KXBTC15M-26MAY170830-30,BTC price up in next 15 mins?,KXBTC15M-26MAY170830,2026-05-17T12:30:00Z,active,0.45,0.46,0.54,0.55,0.455,0.36,53023.64,32324.03,680.0,1.0,2026-05-17T12:18:13.122Z,btc-updown-15m-1779020100,"Bitcoin Up or Down - May 17, 8:15AM-8:30AM ET",btc-updown-15m-1779020100,2026-05-17T12:30:00Z,,0.7,0.74,0.26,0.3,0.72,0.51,115.72960600000002,,72.0,178.0,2026-05-17T12:18:13.122Z,BRTI,78392.13,78411.52,78393.12383333333,60,Polymarket RTDS,78387.42338,78356.92733762416,0.76,1.29,
2026-05-17T12:18:15.580Z,2026-05-17T12:18:15.067Z,KXBTC15M-26MAY170830-30,BTC price up in next 15 mins?,KXBTC15M-26MAY170830,2026-05-17T12:30:00Z,active,0.46,0.47,0.53,0.54,0.46499999999999997,0.36,53023.64,32324.03,603.34,89.94,2026-05-17T12:18:15.130Z,btc-updown-15m-1779020100,"Bitcoin Up or Down - May 17, 8:15AM-8:30AM ET",btc-updown-15m-1779020100,2026-05-17T12:30:00Z,,0.74,0.75,0.25,0.26,0.745,0.51,115.72960600000002,,231.17,29.22,2026-05-17T12:18:15.130Z,BRTI,78394.63,78411.52,78392.60316666667,60,Polymarket RTDS,78396.30305035494,78356.92733762416,0.73,1.29,
2026-05-17T12:18:17.579Z,2026-05-17T12:18:17.064Z,KXBTC15M-26MAY170830-30,BTC price up in next 15 mins?,KXBTC15M-26MAY170830,2026-05-17T12:30:00Z,active,0.48,0.49,0.51,0.52,0.485,0.36,53023.64,32324.03,713.0,511.86,2026-05-17T12:18:17.111Z,btc-updown-15m-1779020100,"Bitcoin Up or Down - May 17, 8:15AM-8:30AM ET",btc-updown-15m-1779020100,2026-05-17T12:30:00Z,,0.75,0.76,0.24,0.25,0.755,0.51,115.72960600000002,,380.5,43.68,2026-05-17T12:18:17.111Z,BRTI,78388.4,78411.52,78392.55083333333,60,Polymarket RTDS,78397.46439111723,78356.92733762416,0.74,1.28,
2026-05-17T12:18:19.605Z,2026-05-17T12:18:19.059Z,KXBTC15M-26MAY170830-30,BTC price up in next 15 mins?,KXBTC15M-26MAY170830,2026-05-17T12:30:00Z,active,0.49,0.5,0.5,0.51,0.495,0.36,53023.64,32324.03,728.0,663.27,2026-05-17T12:18:19.114Z,btc-updown-15m-1779020100,"Bitcoin Up or Down - May 17, 8:15AM-8:30AM ET",btc-updown-15m-1779020100,2026-05-17T12:30:00Z,,0.75,0.77,0.23,0.25,0.76,0.51,115.72960600000002,,370.5,88.48,2026-05-17T12:18:19.114Z,BRTI,78397.03,78411.52,78392.8665,60,Polymarket RTDS,78400.223725,78356.92733762416,0.75,1.28,
2026-05-17T12:18:21.760Z,2026-05-17T12:18:21.056Z,KXBTC15M-26MAY170830-30,BTC price up in next 15 mins?,KXBTC15M-26MAY170830,2026-05-17T12:30:00Z,active,0.47,0.48,0.52,0.53,0.475,0.36,53023.64,32324.03,631.53,236.49,2026-05-17T12:18:21.104Z,btc-updown-15m-1779020100,"Bitcoin Up or Down - May 17, 8:15AM-8:30AM ET",btc-updown-15m-1779020100,2026-05-17T12:30:00Z,,0.76,0.78,0.22,0.24,0.77,0.51,115.72960600000002,,21.81,34.79,2026-05-17T12:18:21.104Z,BRTI,78394.94,78411.52,78393.32116666668,60,Polymarket RTDS,78401.04438635973,78356.92733762416,0.72,1.31,
2026-05-17T12:18:23.570Z,2026-05-17T12:18:23.070Z,KXBTC15M-26MAY170830-30,BTC price up in next 15 mins?,KXBTC15M-26MAY170830,2026-05-17T12:30:00Z,active,0.47,0.48,0.52,0.53,0.475,0.36,53023.64,32324.03,624.37,122.0,2026-05-17T12:18:23.118Z,btc-updown-15m-1779020100,"Bitcoin Up or Down - May 17, 8:15AM-8:30AM ET",btc-updown-15m-1779020100,2026-05-17T12:30:00Z,,0.73,0.74,0.26,0.27,0.735,0.51,115.72960600000002,,112.77,51.4,2026-05-17T12:18:23.118Z,BRTI,78395.49,78411.52,78393.349,60,Polymarket RTDS,78401.03838635972,78356.92733762416,0.75,1.27,
2026-05-17T12:18:25.588Z,2026-05-17T12:18:25.056Z,KXBTC15M-26MAY170830-30,BTC price up in next 15 mins?,KXBTC15M-26MAY170830,2026-05-17T12:30:00Z,active,0.48,0.49,0.51,0.52,0.485,0.48,56390.31,31958.24,700.0,2312.55,2026-05-17T12:18:25.104Z,btc-updown-15m-1779020100,"Bitcoin Up or Down - May 17, 8:15AM-8:30AM ET",btc-updown-15m-1779020100,2026-05-17T12:30:00Z,,0.73,0.74,0.26,0.27,0.735,0.51,115.72960600000002,,159.0,28.52,2026-05-17T12:18:25.104Z,BRTI,78392.13,78411.52,78393.38166666667,60,Polymarket RTDS,78401.02838635973,78356.92733762416,0.76,1.26,
2026-05-17T12:18:27.583Z,2026-05-17T12:18:27.067Z,KXBTC15M-26MAY170830-30,BTC price up in next 15 mins?,KXBTC15M-26MAY170830,2026-05-17T12:30:00Z,active,0.48,0.49,0.51,0.52,0.485,0.48,56390.31,31958.24,594.86,2261.42,2026-05-17T12:18:27.121Z,btc-updown-15m-1779020100,"Bitcoin Up or Down - May 17, 8:15AM-8:30AM ET",btc-updown-15m-1779020100,2026-05-17T12:30:00Z,,0.73,0.74,0.26,0.27,0.735,0.51,115.72960600000002,,153.27,11.49,2026-05-17T12:18:27.121Z,BRTI,78394.63,78411.52,78393.456,60,Polymarket RTDS,78401.00396805184,78356.92733762416,0.76,1.26,
2026-05-17T12:18:29.593Z,2026-05-17T12:18:29.056Z,KXBTC15M-26MAY170830-30,BTC price up in next 15 mins?,KXBTC15M-26MAY170830,2026-05-17T12:30:00Z,active,0.48,0.49,0.51,0.52,0.485,0.48,56390.31,31958.24,555.79,1646.72,2026-05-17T12:18:29.104Z,btc-updown-15m-1779020100,"Bitcoin Up or Down - May 17, 8:15AM-8:30AM ET",btc-updown-15m-1779020100,2026-05-17T12:30:00Z,,0.73,0.74,0.26,0.27,0.735,0.51,115.72960600000002,,254.56,11.49,2026-05-17T12:18:29.104Z,BRTI,78388.42,78411.52,78393.62816666668,60,Polymarket RTDS,78401.00396805184,78356.92733762416,0.76,1.26,
2026-05-17T12:18:31.629Z,2026-05-17T12:18:31.064Z,KXBTC15M-26MAY170830-30,BTC price up in next 15 mins?,KXBTC15M-26MAY170830,2026-05-17T12:30:00Z,active,0.49,0.5,0.5,0.51,0.495,0.48,56390.31,31958.24,75.0,584.02,2026-05-17T12:18:31.124Z,btc-updown-15m-1779020100,"Bitcoin Up or Down - May 17, 8:15AM-8:30AM ET",btc-updown-15m-1779020100,2026-05-17T12:30:00Z,,0.75,0.76,0.24,0.25,0.755,0.51,115.72960600000002,,222.71,18.94,2026-05-17T12:18:31.124Z,BRTI,78395.49,78411.52,78393.656,60,Polymarket RTDS,78401.00396805184,78356.92733762416,0.75,1.27,
2026-05-17T12:18:33.601Z,2026-05-17T12:18:33.066Z,KXBTC15M-26MAY170830-30,BTC price up in next 15 mins?,KXBTC15M-26MAY170830,2026-05-17T12:30:00Z,active,0.53,0.54,0.46,0.47,0.535,0.48,56390.31,31958.24,675.0,401.0,2026-05-17T12:18:33.115Z,btc-updown-15m-1779020100,"Bitcoin Up or Down - May 17, 8:15AM-8:30AM ET",btc-updown-15m-1779020100,2026-05-17T12:30:00Z,,0.78,0.79,0.21,0.22,0.785,0.51,115.72960600000002,,239.13,8.82,2026-05-17T12:18:33.115Z,BRTI,78395.49,78411.52,78393.2085,60,Polymarket RTDS,78401.00396805184,78356.92733762416,0.76,1.26,
2026-05-17T12:18:35.590Z,2026-05-17T12:18:35.066Z,KXBTC15M-26MAY170830-30,BTC price up in next 15 mins?,KXBTC15M-26MAY170830,2026-05-17T12:30:00Z,active,0.51,0.52,0.48,0.49,0.515,0.48,56390.31,31958.24,726.95,627.07,2026-05-17T12:18:35.116Z,btc-updown-15m-1779020100,"Bitcoin Up or Down - May 17, 8:15AM-8:30AM ET",btc-updown-15m-1779020100,2026-05-17T12:30:00Z,,0.77,0.78,0.22,0.23,0.775,0.51,115.72960600000002,,97.8,34.96,2026-05-17T12:18:35.116Z,BRTI,78398.01,78411.52,78392.88433333334,60,Polymarket RTDS,78404.38042059177,78356.92733762416,0.75,1.27,
2026-05-17T12:18:37.580Z,2026-05-17T12:18:37.058Z,KXBTC15M-26MAY170830-30,BTC price up in next 15 mins?,KXBTC15M-26MAY170830,2026-05-17T12:30:00Z,active,0.51,0.52,0.48,0.49,0.515,0.48,56390.31,31958.24,643.04,414.65,2026-05-17T12:18:37.114Z,btc-updown-15m-1779020100,"Bitcoin Up or Down - May 17, 8:15AM-8:30AM ET",btc-updown-15m-1779020100,2026-05-17T12:30:00Z,,0.76,0.77,0.23,0.24,0.765,0.51,115.72960600000002,,76.54,32.21,2026-05-17T12:18:37.114Z,BRTI,78398.01,78411.52,78392.56016666668,60,Polymarket RTDS,78404.72630021184,78356.92733762416,0.76,1.26,
2026-05-17T12:18:39.631Z,2026-05-17T12:18:39.071Z,KXBTC15M-26MAY170830-30,BTC price up in next 15 mins?,KXBTC15M-26MAY170830,2026-05-17T12:30:00Z,active,0.51,0.52,0.48,0.49,0.515,0.48,56390.31,31958.24,126.45,162.51,2026-05-17T12:18:39.127Z,btc-updown-15m-1779020100,"Bitcoin Up or Down - May 17, 8:15AM-8:30AM ET",btc-updown-15m-1779020100,2026-05-17T12:30:00Z,,0.76,0.77,0.23,0.24,0.765,0.51,115.72960600000002,,57.29,43.61,2026-05-17T12:18:39.127Z,BRTI,78392.13,78411.52,78392.138,60,Polymarket RTDS,78404.72630021184,78356.92733762416,0.76,1.26,
2026-05-17T12:18:41.780Z,2026-05-17T12:18:41.071Z,KXBTC15M-26MAY170830-30,BTC price up in next 15 mins?,KXBTC15M-26MAY170830,2026-05-17T12:30:00Z,active,0.5,0.51,0.49,0.5,0.505,0.48,56390.31,31958.24,745.43,123.7,2026-05-17T12:18:41.117Z,btc-updown-15m-1779020100,"Bitcoin Up or Down - May 17, 8:15AM-8:30AM ET",btc-updown-15m-1779020100,2026-05-17T12:30:00Z,,0.76,0.77,0.23,0.24,0.765,0.51,115.72960600000002,,33.12,263.61,2026-05-17T12:18:41.117Z,BRTI,78415.24,78411.52,78392.75716666666,60,Polymarket RTDS,78404.70230021184,78356.92733762416,0.75,1.27,
2026-05-17T12:18:43.647Z,2026-05-17T12:18:43.063Z,KXBTC15M-26MAY170830-30,BTC price up in next 15 mins?,KXBTC15M-26MAY170830,2026-05-17T12:30:00Z,active,0.5,0.51,0.49,0.5,0.505,0.48,56390.31,31958.24,711.31,91.54,2026-05-17T12:18:43.116Z,btc-updown-15m-1779020100,"Bitcoin Up or Down - May 17, 8:15AM-8:30AM ET",btc-updown-15m-1779020100,2026-05-17T12:30:00Z,,0.75,0.76,0.24,0.25,0.755,0.51,115.72960600000002,,359.59,20.48,2026-05-17T12:18:43.116Z,BRTI,78398.01,78411.52,78393.263,60,Polymarket RTDS,78404.72008873754,78356.92733762416,0.76,1.26,
2026-05-17T12:18:45.582Z,2026-05-17T12:18:45.067Z,KXBTC15M-26MAY170830-30,BTC price up in next 15 mins?,KXBTC15M-26MAY170830,2026-05-17T12:30:00Z,active,0.51,0.52,0.48,0.49,0.515,0.48,56390.31,31958.24,741.5,451.43,2026-05-17T12:18:45.121Z,btc-updown-15m-1779020100,"Bitcoin Up or Down - May 17, 8:15AM-8:30AM ET",btc-updown-15m-1779020100,2026-05-17T12:30:00Z,,0.74,0.75,0.25,0.26,0.745,0.51,115.72960600000002,,491.41,74.64,2026-05-17T12:18:45.121Z,BRTI,78388.4,78411.52,78393.2335,60,Polymarket RTDS,78404.895615,78356.92733762416,0.78,1.24,
2026-05-17T12:18:47.609Z,2026-05-17T12:18:47.077Z,KXBTC15M-26MAY170830-30,BTC price up in next 15 mins?,KXBTC15M-26MAY170830,2026-05-17T12:30:00Z,active,0.51,0.52,0.48,0.49,0.515,0.48,56390.31,31958.24,706.5,243.59,2026-05-17T12:18:47.123Z,btc-updown-15m-1779020100,"Bitcoin Up or Down - May 17, 8:15AM-8:30AM ET",btc-updown-15m-1779020100,2026-05-17T12:30:00Z,,0.75,0.76,0.24,0.25,0.755,0.51,115.72960600000002,,78.12,37.93,2026-05-17T12:18:47.123Z,BRTI,78388.4,78411.52,78393.12966666667,60,Polymarket RTDS,78405.071285,78356.92733762416,0.77,1.25,
2026-05-17T12:18:49.607Z,2026-05-17T12:18:49.061Z,KXBTC15M-26MAY170830-30,BTC price up in next 15 mins?,KXBTC15M-26MAY170830,2026-05-17T12:30:00Z,active,0.5,0.51,0.49,0.5,0.505,0.48,56390.31,31958.24,1183.66,73.14,2026-05-17T12:18:49.109Z,btc-updown-15m-1779020100,"Bitcoin Up or Down - May 17, 8:15AM-8:30AM ET",btc-updown-15m-1779020100,2026-05-17T12:30:00Z,,0.76,0.77,0.23,0.24,0.765,0.51,115.72960600000002,,5.0,259.86,2026-05-17T12:18:49.109Z,BRTI,78392.13,78411.52,78393.5375,60,Polymarket RTDS,78404.6297789848,78356.92733762416,0.75,1.27,
2026-05-17T12:18:51.604Z,2026-05-17T12:18:51.057Z,KXBTC15M-26MAY170830-30,BTC price up in next 15 mins?,KXBTC15M-26MAY170830,2026-05-17T12:30:00Z,active,0.52,0.53,0.47,0.48,0.525,0.48,56390.31,31958.24,826.88,2519.74,2026-05-17T12:18:51.112Z,btc-updown-15m-1779020100,"Bitcoin Up or Down - May 17, 8:15AM-8:30AM ET",btc-updown-15m-1779020100,2026-05-17T12:30:00Z,,0.74,0.75,0.25,0.26,0.745,0.51,115.72960600000002,,727.95,0.35,2026-05-17T12:18:51.112Z,BRTI,78395.49,78411.52,78393.61766666666,60,Polymarket RTDS,78404.69450306105,78356.92733762416,0.79,1.23,
2026-05-17T12:18:53.616Z,2026-05-17T12:18:53.076Z,KXBTC15M-26MAY170830-30,BTC price up in next 15 mins?,KXBTC15M-26MAY170830,2026-05-17T12:30:00Z,active,0.52,0.53,0.47,0.48,0.525,0.48,56390.31,31958.24,891.88,2527.74,2026-05-17T12:18:53.135Z,btc-updown-15m-1779020100,"Bitcoin Up or Down - May 17, 8:15AM-8:30AM ET",btc-updown-15m-1779020100,2026-05-17T12:30:00Z,,0.76,0.77,0.23,0.24,0.765,0.51,115.72960600000002,,189.04,149.52,2026-05-17T12:18:53.135Z,BRTI,78415.24,78411.52,78393.96116666666,60,Polymarket RTDS,78404.6278639848,78356.92733762416,0.77,1.25,
2026-05-17T12:18:55.573Z,2026-05-17T12:18:55.067Z,KXBTC15M-26MAY170830-30,BTC price up in next 15 mins?,KXBTC15M-26MAY170830,2026-05-17T12:30:00Z,active,0.52,0.53,0.47,0.48,0.525,0.52,63842.44,31968.43,855.35,1759.04,2026-05-17T12:18:55.116Z,btc-updown-15m-1779020100,"Bitcoin Up or Down - May 17, 8:15AM-8:30AM ET",btc-updown-15m-1779020100,2026-05-17T12:30:00Z,,0.76,0.77,0.23,0.24,0.765,0.51,115.72960600000002,,316.1,160.18,2026-05-17T12:18:55.116Z,BRTI,78415.24,78411.52,78394.379,60,Polymarket RTDS,78404.6303189848,78356.92733762416,0.77,1.25,
2026-05-17T12:18:57.599Z,2026-05-17T12:18:57.068Z,KXBTC15M-26MAY170830-30,BTC price up in next 15 mins?,KXBTC15M-26MAY170830,2026-05-17T12:30:00Z,active,0.52,0.53,0.47,0.48,0.525,0.52,63842.44,31968.43,678.29,218.26,2026-05-17T12:18:57.118Z,btc-updown-15m-1779020100,"Bitcoin Up or Down - May 17, 8:15AM-8:30AM ET",btc-updown-15m-1779020100,2026-05-17T12:30:00Z,,0.76,0.77,0.23,0.24,0.765,0.51,115.72960600000002,,235.45,148.19,2026-05-17T12:18:57.118Z,BRTI,78410.18,78411.52,78394.91383333334,60,Polymarket RTDS,78404.6441639848,78356.92733762416,0.77,1.25,
2026-05-17T12:18:59.610Z,2026-05-17T12:18:59.064Z,KXBTC15M-26MAY170830-30,BTC price up in next 15 mins?,KXBTC15M-26MAY170830,2026-05-17T12:30:00Z,active,0.52,0.53,0.47,0.48,0.525,0.52,63842.44,31968.43,377.7,147.23,2026-05-17T12:18:59.108Z,btc-updown-15m-1779020100,"Bitcoin Up or Down - May 17, 8:15AM-8:30AM ET",btc-updown-15m-1779020100,2026-05-17T12:30:00Z,,0.76,0.77,0.23,0.24,0.765,0.51,115.72960600000002,,164.85,143.12,2026-05-17T12:18:59.108Z,BRTI,78415.57,78411.52,78395.32866666667,60,Polymarket RTDS,78405.031285,78356.92733762416,0.77,1.25,
2026-05-17T12:19:01.723Z,2026-05-17T12:19:01.070Z,KXBTC15M-26MAY170830-30,BTC price up in next 15 mins?,KXBTC15M-26MAY170830,2026-05-17T12:30:00Z,active,0.53,0.54,0.46,0.47,0.535,0.52,63842.44,31968.43,701.0,2290.37,2026-05-17T12:19:01.134Z,btc-updown-15m-1779020100,"Bitcoin Up or Down - May 17, 8:15AM-8:30AM ET",btc-updown-15m-1779020100,2026-05-17T12:30:00Z,,0.76,0.77,0.23,0.24,0.765,0.51,115.72960600000002,,165.13,114.56,2026-05-17T12:19:01.134Z,BRTI,78415.24,78411.52,78395.65783333333,60,Polymarket RTDS,78405.022035,78356.92733762416,0.78,1.24,
2026-05-17T12:19:03.595Z,2026-05-17T12:19:03.065Z,KXBTC15M-26MAY170830-30,BTC price up in next 15 mins?,KXBTC15M-26MAY170830,2026-05-17T12:30:00Z,active,0.53,0.54,0.46,0.47,0.535,0.52,63842.44,31968.43,42.55,2407.7,2026-05-17T12:19:03.114Z,btc-updown-15m-1779020100,"Bitcoin Up or Down - May 17, 8:15AM-8:30AM ET",btc-updown-15m-1779020100,2026-05-17T12:30:00Z,,0.75,0.76,0.24,0.25,0.755,0.51,115.72960600000002,,383.46,49.84,2026-05-17T12:19:03.114Z,BRTI,78388.42,78411.52,78395.54000000001,60,Polymarket RTDS,78405.02789,78356.92733762416,0.79,1.23,
2026-05-17T12:19:05.563Z,2026-05-17T12:19:05.056Z,KXBTC15M-26MAY170830-30,BTC price up in next 15 mins?,KXBTC15M-26MAY170830,2026-05-17T12:30:00Z,active,0.53,0.54,0.46,0.47,0.535,0.52,63842.44,31968.43,2.04,2404.7,2026-05-17T12:19:05.104Z,btc-updown-15m-1779020100,"Bitcoin Up or Down - May 17, 8:15AM-8:30AM ET",btc-updown-15m-1779020100,2026-05-17T12:30:00Z,,0.75,0.76,0.24,0.25,0.755,0.51,115.72960600000002,,559.89,54.7,2026-05-17T12:19:05.104Z,BRTI,78415.24,78411.52,78395.8835,60,Polymarket RTDS,78404.590735,78356.92733762416,0.79,1.23,
2026-05-17T12:19:07.738Z,2026-05-17T12:19:07.063Z,KXBTC15M-26MAY170830-30,BTC price up in next 15 mins?,KXBTC15M-26MAY170830,2026-05-17T12:30:00Z,active,0.53,0.54,0.46,0.47,0.535,0.52,63842.44,31968.43,12.04,2463.7,2026-05-17T12:19:07.122Z,btc-updown-15m-1779020100,"Bitcoin Up or Down - May 17, 8:15AM-8:30AM ET",btc-updown-15m-1779020100,2026-05-17T12:30:00Z,,0.75,0.76,0.24,0.25,0.755,0.51,115.72960600000002,,543.09,54.7,2026-05-17T12:19:07.122Z,BRTI,78416.04,78411.52,78396.20033333334,60,Polymarket RTDS,78404.603315,78356.92733762416,0.79,1.23,
2026-05-17T12:19:09.611Z,2026-05-17T12:19:09.073Z,KXBTC15M-26MAY170830-30,BTC price up in next 15 mins?,KXBTC15M-26MAY170830,2026-05-17T12:30:00Z,active,0.45,0.46,0.54,0.55,0.455,0.52,63842.44,31968.43,2208.86,27.0,2026-05-17T12:19:09.121Z,btc-updown-15m-1779020100,"Bitcoin Up or Down - May 17, 8:15AM-8:30AM ET",btc-updown-15m-1779020100,2026-05-17T12:30:00Z,,0.75,0.76,0.24,0.25,0.755,0.51,115.72960600000002,,58.0,189.7,2026-05-17T12:19:09.121Z,BRTI,78415.57,78411.52,78396.56283333334,60,Polymarket RTDS,78404.59980718627,78356.92733762416,0.71,1.31,
2026-05-17T12:19:11.570Z,2026-05-17T12:19:11.072Z,KXBTC15M-26MAY170830-30,BTC price up in next 15 mins?,KXBTC15M-26MAY170830,2026-05-17T12:30:00Z,active,0.45,0.46,0.54,0.55,0.455,0.52,63842.44,31968.43,2218.86,25.52,2026-05-17T12:19:11.122Z,btc-updown-15m-1779020100,"Bitcoin Up or Down - May 17, 8:15AM-8:30AM ET",btc-updown-15m-1779020100,2026-05-17T12:30:00Z,,0.75,0.76,0.24,0.25,0.755,0.51,115.72960600000002,,110.64,238.45,2026-05-17T12:19:11.122Z,BRTI,78410.18,78411.52,78396.81683333333,60,Polymarket RTDS,78402.3593915829,78356.92733762416,0.71,1.31,
2026-05-17T12:19:13.600Z,2026-05-17T12:19:13.059Z,KXBTC15M-26MAY170830-30,BTC price up in next 15 mins?,KXBTC15M-26MAY170830,2026-05-17T12:30:00Z,active,0.45,0.46,0.54,0.55,0.455,0.52,63842.44,31968.43,1216.84,16.04,2026-05-17T12:19:13.115Z,btc-updown-15m-1779020100,"Bitcoin Up or Down - May 17, 8:15AM-8:30AM ET",btc-updown-15m-1779020100,2026-05-17T12:30:00Z,,0.75,0.76,0.24,0.25,0.755,0.51,115.72960600000002,,37.6,300.11,2026-05-17T12:19:13.115Z,BRTI,78415.87,78411.52,78397.1565,60,Polymarket RTDS,78401.0836554481,78356.92733762416,0.71,1.31,
2026-05-17T12:19:15.583Z,2026-05-17T12:19:15.066Z,KXBTC15M-26MAY170830-30,BTC price up in next 15 mins?,KXBTC15M-26MAY170830,2026-05-17T12:30:00Z,active,0.46,0.47,0.53,0.54,0.46499999999999997,0.52,63842.44,31968.43,998.98,8.38,2026-05-17T12:19:15.136Z,btc-updown-15m-1779020100,"Bitcoin Up or Down - May 17, 8:15AM-8:30AM ET",btc-updown-15m-1779020100,2026-05-17T12:30:00Z,,0.74,0.76,0.24,0.26,0.75,0.51,115.72960600000002,,73.05,284.55,2026-05-17T12:19:15.136Z,BRTI,78392.13,78411.52,78397.1005,60,Polymarket RTDS,78401.0783435343,78356.92733762416,0.73,1.3,
2026-05-17T12:19:18.450Z,2026-05-17T12:19:17.071Z,KXBTC15M-26MAY170830-30,BTC price up in next 15 mins?,KXBTC15M-26MAY170830,2026-05-17T12:30:00Z,active,0.46,0.47,0.53,0.54,0.46499999999999997,0.52,63842.44,31968.43,988.98,3.38,2026-05-17T12:19:17.120Z,btc-updown-15m-1779020100,"Bitcoin Up or Down - May 17, 8:15AM-8:30AM ET",btc-updown-15m-1779020100,2026-05-17T12:30:00Z,,0.73,0.74,0.26,0.27,0.735,0.51,115.72960600000002,,195.62,127.16,2026-05-17T12:19:17.120Z,BRTI,78415.57,78411.52,78397.43516666668,60,Polymarket RTDS,78401.07586957767,78356.92733762416,0.74,1.28,
2026-05-17T12:19:19.630Z,2026-05-17T12:19:19.078Z,KXBTC15M-26MAY170830-30,BTC price up in next 15 mins?,KXBTC15M-26MAY170830,2026-05-17T12:30:00Z,active,0.44,0.45,0.55,0.56,0.445,0.52,63842.44,31968.43,4.0,710.8,2026-05-17T12:19:19.129Z,btc-updown-15m-1779020100,"Bitcoin Up or Down - May 17, 8:15AM-8:30AM ET",btc-updown-15m-1779020100,2026-05-17T12:30:00Z,,0.69,0.7,0.3,0.31,0.695,0.51,115.72960600000002,,157.8,148.05,2026-05-17T12:19:19.129Z,BRTI,78388.42,78411.52,78397.406,60,Polymarket RTDS,78401.02554702571,78356.92733762416,0.76,1.26,
2026-05-17T12:19:21.624Z,2026-05-17T12:19:21.071Z,KXBTC15M-26MAY170830-30,BTC price up in next 15 mins?,KXBTC15M-26MAY170830,2026-05-17T12:30:00Z,active,0.44,0.45,0.55,0.56,0.445,0.52,63842.44,31968.43,4.0,2279.73,2026-05-17T12:19:21.120Z,btc-updown-15m-1779020100,"Bitcoin Up or Down - May 17, 8:15AM-8:30AM ET",btc-updown-15m-1779020100,2026-05-17T12:30:00Z,,0.69,0.7,0.3,0.31,0.695,0.51,115.72960600000002,,148.83,117.9,2026-05-17T12:19:21.120Z,BRTI,78416.04,78411.52,78397.7485,60,Polymarket RTDS,78400.04426,78356.92733762416,0.76,1.26,
2026-05-17T12:19:23.586Z,2026-05-17T12:19:23.073Z,KXBTC15M-26MAY170830-30,BTC price up in next 15 mins?,KXBTC15M-26MAY170830,2026-05-17T12:30:00Z,active,0.32,0.33,0.67,0.68,0.325,0.52,63842.44,31968.43,1094.0,768.9,2026-05-17T12:19:23.119Z,btc-updown-15m-1779020100,"Bitcoin Up or Down - May 17, 8:15AM-8:30AM ET",btc-updown-15m-1779020100,2026-05-17T12:30:00Z,,0.68,0.7,0.3,0.32,0.69,0.51,115.72960600000002,,14.5,218.27,2026-05-17T12:19:23.119Z,BRTI,78415.57,78411.52,78398.08316666666,60,Polymarket RTDS,78395.3001132856,78356.92733762416,0.65,1.38,
2026-05-17T12:19:25.597Z,2026-05-17T12:19:25.065Z,KXBTC15M-26MAY170830-30,BTC price up in next 15 mins?,KXBTC15M-26MAY170830,2026-05-17T12:30:00Z,active,0.28,0.29,0.71,0.72,0.28500000000000003,0.29,70278.57,31433.28,1087.0,289.43,2026-05-17T12:19:25.116Z,btc-updown-15m-1779020100,"Bitcoin Up or Down - May 17, 8:15AM-8:30AM ET",btc-updown-15m-1779020100,2026-05-17T12:30:00Z,,0.58,0.63,0.37,0.42,0.605,0.51,115.72960600000002,,300.0,45.0,2026-05-17T12:19:25.116Z,BRTI,78392.13,78411.52,78398.0415,60,Polymarket RTDS,78383.80075792744,78356.92733762416,0.71,1.35,
2026-05-17T12:19:27.568Z,2026-05-17T12:19:27.062Z,KXBTC15M-26MAY170830-30,BTC price up in next 15 mins?,KXBTC15M-26MAY170830,2026-05-17T12:30:00Z,active,0.21,0.22,0.78,0.79,0.215,0.29,70278.57,31433.28,960.15,249.0,2026-05-17T12:19:27.126Z,btc-updown-15m-1779020100,"Bitcoin Up or Down - May 17, 8:15AM-8:30AM ET",btc-updown-15m-1779020100,2026-05-17T12:30:00Z,,0.52,0.53,0.47,0.48,0.525,0.51,115.72960600000002,,27.2,90.46,2026-05-17T12:19:27.126Z,BRTI,78388.42,78411.52,78398.00383333334,60,Polymarket RTDS,78372.81990447595,78356.92733762416,0.7,1.32,
2026-05-17T12:19:29.666Z,2026-05-17T12:19:29.068Z,KXBTC15M-26MAY170830-30,BTC price up in next 15 mins?,KXBTC15M-26MAY170830,2026-05-17T12:30:00Z,active,0.2,0.21,0.79,0.8,0.20500000000000002,0.29,70278.57,31433.28,15.53,223.93,2026-05-17T12:19:29.117Z,btc-updown-15m-1779020100,"Bitcoin Up or Down - May 17, 8:15AM-8:30AM ET",btc-updown-15m-1779020100,2026-05-17T12:30:00Z,,0.5,0.51,0.49,0.5,0.505,0.51,115.72960600000002,,320.42,37.54,2026-05-17T12:19:29.117Z,BRTI,78388.4,78411.52,78397.86,60,Polymarket RTDS,78365.77395021862,78356.92733762416,0.71,1.31,
2026-05-17T12:19:31.741Z,2026-05-17T12:19:31.075Z,KXBTC15M-26MAY170830-30,BTC price up in next 15 mins?,KXBTC15M-26MAY170830,2026-05-17T12:30:00Z,active,0.17,0.18,0.82,0.83,0.175,0.29,70278.57,31433.28,961.95,200.0,2026-05-17T12:19:31.147Z,btc-updown-15m-1779020100,"Bitcoin Up or Down - May 17, 8:15AM-8:30AM ET",btc-updown-15m-1779020100,2026-05-17T12:30:00Z,,0.5,0.51,0.49,0.5,0.505,0.51,115.72960600000002,,292.18,173.0,2026-05-17T12:19:31.147Z,BRTI,78415.57,78411.52,78398.2605,60,Polymarket RTDS,78360.73775631002,78356.92733762416,0.6799999999999999,1.3399999999999999,
2026-05-17T12:19:33.572Z,2026-05-17T12:19:33.061Z,KXBTC15M-26MAY170830-30,BTC price up in next 15 mins?,KXBTC15M-26MAY170830,2026-05-17T12:30:00Z,active,0.17,0.18,0.82,0.83,0.175,0.29,70278.57,31433.28,1592.09,200.0,2026-05-17T12:19:33.114Z,btc-updown-15m-1779020100,"Bitcoin Up or Down - May 17, 8:15AM-8:30AM ET",btc-updown-15m-1779020100,2026-05-17T12:30:00Z,,0.48,0.49,0.51,0.52,0.485,0.51,115.72960600000002,,2.28,11.0,2026-05-17T12:19:33.114Z,BRTI,78415.24,78411.52,78398.604,60,Polymarket RTDS,78353.94665593549,78356.92733762416,0.7,1.3199999999999998,
2026-05-17T12:19:35.610Z,2026-05-17T12:19:35.072Z,KXBTC15M-26MAY170830-30,BTC price up in next 15 mins?,KXBTC15M-26MAY170830,2026-05-17T12:30:00Z,active,0.17,0.18,0.82,0.83,0.175,0.29,70278.57,31433.28,21.0,299.0,2026-05-17T12:19:35.121Z,btc-updown-15m-1779020100,"Bitcoin Up or Down - May 17, 8:15AM-8:30AM ET",btc-updown-15m-1779020100,2026-05-17T12:30:00Z,,0.45,0.46,0.54,0.55,0.455,0.51,115.72960600000002,,93.86,86.58,2026-05-17T12:19:35.121Z,BRTI,78415.24,78411.52,78399.01333333334,60,Polymarket RTDS,78351.91673106472,78356.92733762416,0.73,1.29,
2026-05-17T12:19:37.588Z,2026-05-17T12:19:37.081Z,KXBTC15M-26MAY170830-30,BTC price up in next 15 mins?,KXBTC15M-26MAY170830,2026-05-17T12:30:00Z,active,0.17,0.18,0.82,0.83,0.175,0.29,70278.57,31433.28,13.35,678.09,2026-05-17T12:19:37.134Z,btc-updown-15m-1779020100,"Bitcoin Up or Down - May 17, 8:15AM-8:30AM ET",btc-updown-15m-1779020100,2026-05-17T12:30:00Z,,0.46,0.47,0.53,0.54,0.46499999999999997,0.51,115.72960600000002,,15.51,163.88,2026-05-17T12:19:37.134Z,BRTI,78415.24,78411.52,78399.3425,60,Polymarket RTDS,78350.26674792565,78356.92733762416,0.72,1.2999999999999998,
2026-05-17T12:19:39.644Z,2026-05-17T12:19:39.058Z,KXBTC15M-26MAY170830-30,BTC price up in next 15 mins?,KXBTC15M-26MAY170830,2026-05-17T12:30:00Z,active,0.15,0.16,0.84,0.85,0.155,0.29,70278.57,31433.28,176.0,160.0,2026-05-17T12:19:39.130Z,btc-updown-15m-1779020100,"Bitcoin Up or Down - May 17, 8:15AM-8:30AM ET",btc-updown-15m-1779020100,2026-05-17T12:30:00Z,,0.46,0.47,0.53,0.54,0.46499999999999997,0.51,115.72960600000002,,26.52,222.51,2026-05-17T12:19:39.130Z,BRTI,78392.13,78411.52,78399.29566666667,60,Polymarket RTDS,78349.29582523671,78356.92733762416,0.7000000000000001,1.3199999999999998,
2026-05-17T12:19:41.610Z,2026-05-17T12:19:41.074Z,KXBTC15M-26MAY170830-30,BTC price up in next 15 mins?,KXBTC15M-26MAY170830,2026-05-17T12:30:00Z,active,0.14,0.16,0.84,0.86,0.15000000000000002,0.29,70278.57,31433.28,200.0,510.66,2026-05-17T12:19:41.119Z,btc-updown-15m-1779020100,"Bitcoin Up or Down - May 17, 8:15AM-8:30AM ET",btc-updown-15m-1779020100,2026-05-17T12:30:00Z,,0.41,0.42,0.58,0.59,0.415,0.51,115.72960600000002,,6.9,62.1,2026-05-17T12:19:41.119Z,BRTI,78416.04,78411.52,78399.75633333334,60,Polymarket RTDS,78341.34086741648,78356.92733762416,0.75,1.28,
2026-05-17T12:19:43.549Z,2026-05-17T12:19:43.073Z,KXBTC15M-26MAY170830-30,BTC price up in next 15 mins?,KXBTC15M-26MAY170830,2026-05-17T12:30:00Z,active,0.14,0.15,0.85,0.86,0.14500000000000002,0.29,70278.57,31433.28,1200.63,34.0,2026-05-17T12:19:43.119Z,btc-updown-15m-1779020100,"Bitcoin Up or Down - May 17, 8:15AM-8:30AM ET",btc-updown-15m-1779020100,2026-05-17T12:30:00Z,,0.38,0.39,0.61,0.62,0.385,0.51,115.72960600000002,,48.01,17.22,2026-05-17T12:19:43.119Z,BRTI,78415.87,78411.52,78400.17616666667,60,Polymarket RTDS,78339.86993246469,78356.92733762416,0.77,1.25,
2026-05-17T12:19:45.670Z,2026-05-17T12:19:45.068Z,KXBTC15M-26MAY170830-30,BTC price up in next 15 mins?,KXBTC15M-26MAY170830,2026-05-17T12:30:00Z,active,0.13,0.15,0.85,0.87,0.14,0.29,70278.57,31433.28,2696.52,558.7,2026-05-17T12:19:45.123Z,btc-updown-15m-1779020100,"Bitcoin Up or Down - May 17, 8:15AM-8:30AM ET",btc-updown-15m-1779020100,2026-05-17T12:30:00Z,,0.38,0.39,0.61,0.62,0.385,0.51,115.72960600000002,,24.08,185.41,2026-05-17T12:19:45.124Z,BRTI,78416.04,78411.52,78400.58450000001,60,Polymarket RTDS,78339.70682082836,78356.92733762416,0.77,1.26,
2026-05-17T12:19:47.687Z,2026-05-17T12:19:47.060Z,KXBTC15M-26MAY170830-30,BTC price up in next 15 mins?,KXBTC15M-26MAY170830,2026-05-17T12:30:00Z,active,0.15,0.16,0.84,0.85,0.155,0.29,70278.57,31433.28,331.25,671.28,2026-05-17T12:19:47.115Z,btc-updown-15m-1779020100,"Bitcoin Up or Down - May 17, 8:15AM-8:30AM ET",btc-updown-15m-1779020100,2026-05-17T12:30:00Z,,0.38,0.39,0.61,0.62,0.385,0.51,115.72960600000002,,36.83,193.01,2026-05-17T12:19:47.115Z,BRTI,78410.18,78411.52,78400.89516666667,60,Polymarket RTDS,78337.60174797534,78356.92733762416,0.78,1.24,
2026-05-17T12:19:49.606Z,2026-05-17T12:19:49.061Z,KXBTC15M-26MAY170830-30,BTC price up in next 15 mins?,KXBTC15M-26MAY170830,2026-05-17T12:30:00Z,active,0.15,0.16,0.84,0.85,0.155,0.29,70278.57,31433.28,269.34,559.72,2026-05-17T12:19:49.113Z,btc-updown-15m-1779020100,"Bitcoin Up or Down - May 17, 8:15AM-8:30AM ET",btc-updown-15m-1779020100,2026-05-17T12:30:00Z,,0.37,0.38,0.62,0.63,0.375,0.51,115.72960600000002,,8.17,247.41,2026-05-17T12:19:49.113Z,BRTI,78415.24,78411.52,78401.29016666667,60,Polymarket RTDS,78335.9494934775,78356.92733762416,0.79,1.23,
2026-05-17T12:19:51.648Z,2026-05-17T12:19:51.075Z,KXBTC15M-26MAY170830-30,BTC price up in next 15 mins?,KXBTC15M-26MAY170830,2026-05-17T12:30:00Z,active,0.15,0.16,0.84,0.85,0.155,0.29,70278.57,31433.28,669.12,359.22,2026-05-17T12:19:51.123Z,btc-updown-15m-1779020100,"Bitcoin Up or Down - May 17, 8:15AM-8:30AM ET",btc-updown-15m-1779020100,2026-05-17T12:30:00Z,,0.36,0.37,0.63,0.64,0.365,0.51,115.72960600000002,,41.6,168.05,2026-05-17T12:19:51.123Z,BRTI,78415.24,78411.52,78401.68516666668,60,Polymarket RTDS,78335.7768662815,78356.92733762416,0.8,1.22,
2026-05-17T12:19:53.585Z,2026-05-17T12:19:53.067Z,KXBTC15M-26MAY170830-30,BTC price up in next 15 mins?,KXBTC15M-26MAY170830,2026-05-17T12:30:00Z,active,0.15,0.16,0.84,0.85,0.155,0.29,70278.57,31433.28,529.96,419.23,2026-05-17T12:19:53.129Z,btc-updown-15m-1779020100,"Bitcoin Up or Down - May 17, 8:15AM-8:30AM ET",btc-updown-15m-1779020100,2026-05-17T12:30:00Z,,0.4,0.41,0.59,0.6,0.405,0.51,115.72960600000002,,330.13,422.46,2026-05-17T12:19:53.129Z,BRTI,78415.57,78411.52,78402.04766666667,60,Polymarket RTDS,78336.72802647708,78356.92733762416,0.76,1.26,
2026-05-17T12:19:55.594Z,2026-05-17T12:19:55.059Z,KXBTC15M-26MAY170830-30,BTC price up in next 15 mins?,KXBTC15M-26MAY170830,2026-05-17T12:30:00Z,active,0.15,0.16,0.84,0.85,0.155,0.16,82072.66,38125.09,418.08,311.1,2026-05-17T12:19:55.125Z,btc-updown-15m-1779020100,"Bitcoin Up or Down - May 17, 8:15AM-8:30AM ET",btc-updown-15m-1779020100,2026-05-17T12:30:00Z,,0.4,0.41,0.59,0.6,0.405,0.51,115.72960600000002,,72.26,514.52,2026-05-17T12:19:55.125Z,BRTI,78415.57,78411.52,78402.3915,60,Polymarket RTDS,78336.67331477231,78356.92733762416,0.76,1.26,
2026-05-17T12:19:57.601Z,2026-05-17T12:19:57.069Z,KXBTC15M-26MAY170830-30,BTC price up in next 15 mins?,KXBTC15M-26MAY170830,2026-05-17T12:30:00Z,active,0.15,0.16,0.84,0.85,0.155,0.16,82072.66,38125.09,335.87,208.79,2026-05-17T12:19:57.139Z,btc-updown-15m-1779020100,"Bitcoin Up or Down - May 17, 8:15AM-8:30AM ET",btc-updown-15m-1779020100,2026-05-17T12:30:00Z,,0.4,0.41,0.59,0.6,0.405,0.51,115.72960600000002,,1.26,589.8,2026-05-17T12:19:57.139Z,BRTI,78416.04,78411.52,78402.734,60,Polymarket RTDS,78336.38962065984,78356.92733762416,0.76,1.26,
2026-05-17T12:19:59.579Z,2026-05-17T12:19:59.070Z,KXBTC15M-26MAY170830-30,BTC price up in next 15 mins?,KXBTC15M-26MAY170830,2026-05-17T12:30:00Z,active,0.15,0.16,0.84,0.85,0.155,0.16,82072.66,38125.09,438.87,2191.29,2026-05-17T12:19:59.128Z,btc-updown-15m-1779020100,"Bitcoin Up or Down - May 17, 8:15AM-8:30AM ET",btc-updown-15m-1779020100,2026-05-17T12:30:00Z,,0.35,0.36,0.64,0.65,0.355,0.51,115.72960600000002,,97.0,372.4,2026-05-17T12:19:59.128Z,BRTI,78365.14,78411.52,78402.34633333333,60,Polymarket RTDS,78335.8474143244,78356.92733762416,0.81,1.21,
2026-05-17T12:20:01.807Z,2026-05-17T12:20:01.078Z,KXBTC15M-26MAY170830-30,BTC price up in next 15 mins?,KXBTC15M-26MAY170830,2026-05-17T12:30:00Z,active,0.15,0.16,0.84,0.85,0.155,0.16,82072.66,38125.09,411.87,2186.29,2026-05-17T12:20:01.160Z,btc-updown-15m-1779020100,"Bitcoin Up or Down - May 17, 8:15AM-8:30AM ET",btc-updown-15m-1779020100,2026-05-17T12:30:00Z,,0.35,0.36,0.64,0.65,0.355,0.51,115.72960600000002,,96.92,381.81,2026-05-17T12:20:01.160Z,BRTI,78398.01,78411.52,78402.50649999999,60,Polymarket RTDS,78335.5100860267,78356.92733762416,0.81,1.21,
2026-05-17T12:20:03.729Z,2026-05-17T12:20:03.095Z,KXBTC15M-26MAY170830-30,BTC price up in next 15 mins?,KXBTC15M-26MAY170830,2026-05-17T12:30:00Z,active,0.12,0.13,0.87,0.88,0.125,0.16,82072.66,38125.09,0.3,3410.99,2026-05-17T12:20:03.166Z,btc-updown-15m-1779020100,"Bitcoin Up or Down - May 17, 8:15AM-8:30AM ET",btc-updown-15m-1779020100,2026-05-17T12:30:00Z,,0.35,0.36,0.64,0.65,0.355,0.51,115.72960600000002,,34.12,464.31,2026-05-17T12:20:03.166Z,BRTI,78352.27,78411.52,78401.78616666667,60,Polymarket RTDS,78334.40948343107,78356.92733762416,0.78,1.24,
2026-05-17T12:20:05.615Z,2026-05-17T12:20:05.072Z,KXBTC15M-26MAY170830-30,BTC price up in next 15 mins?,KXBTC15M-26MAY170830,2026-05-17T12:30:00Z,active,0.1,0.11,0.89,0.9,0.10500000000000001,0.16,82072.66,38125.09,721.0,553.52,2026-05-17T12:20:05.120Z,btc-updown-15m-1779020100,"Bitcoin Up or Down - May 17, 8:15AM-8:30AM ET",btc-updown-15m-1779020100,2026-05-17T12:30:00Z,,0.3,0.32,0.68,0.7,0.31,0.51,115.72960600000002,,40.0,7.0,2026-05-17T12:20:05.120Z,BRTI,78415.57,78411.52,78402.12083333333,60,Polymarket RTDS,78324.38985370289,78356.92733762416,0.8099999999999999,1.22,
2026-05-17T12:20:07.600Z,2026-05-17T12:20:07.062Z,KXBTC15M-26MAY170830-30,BTC price up in next 15 mins?,KXBTC15M-26MAY170830,2026-05-17T12:30:00Z,active,0.11,0.12,0.88,0.89,0.11499999999999999,0.16,82072.66,38125.09,10.0,484.4,2026-05-17T12:20:07.116Z,btc-updown-15m-1779020100,"Bitcoin Up or Down - May 17, 8:15AM-8:30AM ET",btc-updown-15m-1779020100,2026-05-17T12:30:00Z,,0.26,0.3,0.7,0.73,0.28,0.51,115.72960600000002,,48.36,5.63,2026-05-17T12:20:07.116Z,BRTI,78352.27,78411.52,78401.42833333333,60,Polymarket RTDS,78318.68466677672,78356.92733762416,0.85,1.19,
2026-05-17T12:20:09.940Z,2026-05-17T12:20:09.077Z,KXBTC15M-26MAY170830-30,BTC price up in next 15 mins?,KXBTC15M-26MAY170830,2026-05-17T12:30:00Z,active,0.098,0.1,0.9,0.902,0.099,0.16,82072.66,38125.09,144.31,342.0,2026-05-17T12:20:09.127Z,btc-updown-15m-1779020100,"Bitcoin Up or Down - May 17, 8:15AM-8:30AM ET",btc-updown-15m-1779020100,2026-05-17T12:30:00Z,,0.26,0.27,0.73,0.74,0.265,0.51,115.72960600000002,,17.8,324.4,2026-05-17T12:20:09.127Z,BRTI,78415.57,78411.52,78401.73733333334,60,Polymarket RTDS,78316.82830777515,78356.92733762416,0.84,1.1720000000000002,
2026-05-17T12:20:11.572Z,2026-05-17T12:20:11.070Z,KXBTC15M-26MAY170830-30,BTC price up in next 15 mins?,KXBTC15M-26MAY170830,2026-05-17T12:30:00Z,active,0.1,0.11,0.89,0.9,0.10500000000000001,0.16,82072.66,38125.09,4.25,1041.52,2026-05-17T12:20:11.121Z,btc-updown-15m-1779020100,"Bitcoin Up or Down - May 17, 8:15AM-8:30AM ET",btc-updown-15m-1779020100,2026-05-17T12:30:00Z,,0.26,0.27,0.73,0.74,0.265,0.51,115.72960600000002,,22.49,373.43,2026-05-17T12:20:11.121Z,BRTI,78416.04,78411.52,78402.13583333333,60,Polymarket RTDS,78316.54162843511,78356.92733762416,0.85,1.17,
2026-05-17T12:20:13.607Z,2026-05-17T12:20:13.066Z,KXBTC15M-26MAY170830-30,BTC price up in next 15 mins?,KXBTC15M-26MAY170830,2026-05-17T12:30:00Z,active,0.13,0.14,0.86,0.87,0.135,0.16,82072.66,38125.09,1830.0,601.0,2026-05-17T12:20:13.115Z,btc-updown-15m-1779020100,"Bitcoin Up or Down - May 17, 8:15AM-8:30AM ET",btc-updown-15m-1779020100,2026-05-17T12:30:00Z,,0.25,0.26,0.74,0.75,0.255,0.51,115.72960600000002,,50.98,180.02,2026-05-17T12:20:13.115Z,BRTI,78365.14,78411.52,78401.686,60,Polymarket RTDS,78315.97018788825,78356.92733762416,0.89,1.13,
2026-05-17T12:20:15.603Z,2026-05-17T12:20:15.062Z,KXBTC15M-26MAY170830-30,BTC price up in next 15 mins?,KXBTC15M-26MAY170830,2026-05-17T12:30:00Z,active,0.13,0.14,0.86,0.87,0.135,0.16,82072.66,38125.09,1812.87,40.46,2026-05-17T12:20:15.116Z,btc-updown-15m-1779020100,"Bitcoin Up or Down - May 17, 8:15AM-8:30AM ET",btc-updown-15m-1779020100,2026-05-17T12:30:00Z,,0.33,0.34,0.66,0.67,0.335,0.51,115.72960600000002,,6.0,11.85,2026-05-17T12:20:15.116Z,BRTI,78346.86,78411.52,78400.88983333333,60,Polymarket RTDS,78327.59906449495,78356.92733762416,0.81,1.21,
2026-05-17T12:20:17.588Z,2026-05-17T12:20:17.087Z,KXBTC15M-26MAY170830-30,BTC price up in next 15 mins?,KXBTC15M-26MAY170830,2026-05-17T12:30:00Z,active,0.13,0.14,0.86,0.87,0.135,0.16,82072.66,38125.09,1336.67,500.0,2026-05-17T12:20:17.136Z,btc-updown-15m-1779020100,"Bitcoin Up or Down - May 17, 8:15AM-8:30AM ET",btc-updown-15m-1779020100,2026-05-17T12:30:00Z,,0.35,0.36,0.64,0.65,0.355,0.51,115.72960600000002,,48.0,306.81,2026-05-17T12:20:17.136Z,BRTI,78365.14,78411.52,78400.50216666666,60,Polymarket RTDS,78328.09114815171,78356.92733762416,0.79,1.23,
2026-05-17T12:20:19.586Z,2026-05-17T12:20:19.074Z,KXBTC15M-26MAY170830-30,BTC price up in next 15 mins?,KXBTC15M-26MAY170830,2026-05-17T12:30:00Z,active,0.14,0.15,0.85,0.86,0.14500000000000002,0.16,82072.66,38125.09,129.91,807.51,2026-05-17T12:20:19.123Z,btc-updown-15m-1779020100,"Bitcoin Up or Down - May 17, 8:15AM-8:30AM ET",btc-updown-15m-1779020100,2026-05-17T12:30:00Z,,0.34,0.35,0.65,0.66,0.345,0.51,115.72960600000002,,36.0,211.63,2026-05-17T12:20:19.123Z,BRTI,78415.24,78411.52,78400.80566666667,60,Polymarket RTDS,78328.08879299228,78356.92733762416,0.81,1.21,
2026-05-17T12:20:21.608Z,2026-05-17T12:20:21.069Z,KXBTC15M-26MAY170830-30,BTC price up in next 15 mins?,KXBTC15M-26MAY170830,2026-05-17T12:30:00Z,active,0.14,0.15,0.85,0.86,0.14500000000000002,0.16,82072.66,38125.09,2912.31,11.0,2026-05-17T12:20:21.119Z,btc-updown-15m-1779020100,"Bitcoin Up or Down - May 17, 8:15AM-8:30AM ET",btc-updown-15m-1779020100,2026-05-17T12:30:00Z,,0.34,0.36,0.64,0.66,0.35,0.51,115.72960600000002,,163.25,17.97,2026-05-17T12:20:21.119Z,BRTI,78410.18,78411.52,78401.05966666667,60,Polymarket RTDS,78328.18060211354,78356.92733762416,0.81,1.22,
2026-05-17T12:20:23.606Z,2026-05-17T12:20:23.067Z,KXBTC15M-26MAY170830-30,BTC price up in next 15 mins?,KXBTC15M-26MAY170830,2026-05-17T12:30:00Z,active,0.15,0.16,0.84,0.85,0.155,0.16,82072.66,38125.09,295.88,256.9,2026-05-17T12:20:23.126Z,btc-updown-15m-1779020100,"Bitcoin Up or Down - May 17, 8:15AM-8:30AM ET",btc-updown-15m-1779020100,2026-05-17T12:30:00Z,,0.39,0.4,0.6,0.61,0.395,0.51,115.72960600000002,,26.0,22.8,2026-05-17T12:20:23.127Z,BRTI,78415.57,78411.52,78401.39433333333,60,Polymarket RTDS,78337.042055,78356.92733762416,0.77,1.25,
2026-05-17T12:20:25.571Z,2026-05-17T12:20:25.083Z,KXBTC15M-26MAY170830-30,BTC price up in next 15 mins?,KXBTC15M-26MAY170830,2026-05-17T12:30:00Z,active,0.15,0.16,0.84,0.85,0.155,0.15,90984.22,42773.77,217.88,232.49,2026-05-17T12:20:25.134Z,btc-updown-15m-1779020100,"Bitcoin Up or Down - May 17, 8:15AM-8:30AM ET",btc-updown-15m-1779020100,2026-05-17T12:30:00Z,,0.39,0.4,0.6,0.61,0.395,0.51,115.72960600000002,,90.3,42.8,2026-05-17T12:20:25.134Z,BRTI,78365.14,78411.52,78400.9445,60,Polymarket RTDS,78337.043235,78356.92733762416,0.77,1.25,
2026-05-17T12:20:27.581Z,2026-05-17T12:20:27.075Z,KXBTC15M-26MAY170830-30,BTC price up in next 15 mins?,KXBTC15M-26MAY170830,2026-05-17T12:30:00Z,active,0.16,0.17,0.83,0.84,0.165,0.15,90984.22,42773.77,274.0,625.0,2026-05-17T12:20:27.126Z,btc-updown-15m-1779020100,"Bitcoin Up or Down - May 17, 8:15AM-8:30AM ET",btc-updown-15m-1779020100,2026-05-17T12:30:00Z,,0.39,0.4,0.6,0.61,0.395,0.51,115.72960600000002,,95.3,39.92,2026-05-17T12:20:27.126Z,BRTI,78410.18,78411.52,78401.20366666667,60,Polymarket RTDS,78337.039595,78356.92733762416,0.78,1.24,
2026-05-17T12:20:29.579Z,2026-05-17T12:20:29.064Z,KXBTC15M-26MAY170830-30,BTC price up in next 15 mins?,KXBTC15M-26MAY170830,2026-05-17T12:30:00Z,active,0.15,0.16,0.84,0.85,0.155,0.15,90984.22,42773.77,21.0,510.0,2026-05-17T12:20:29.120Z,btc-updown-15m-1779020100,"Bitcoin Up or Down - May 17, 8:15AM-8:30AM ET",btc-updown-15m-1779020100,2026-05-17T12:30:00Z,,0.39,0.4,0.6,0.61,0.395,0.51,115.72960600000002,,95.3,44.92,2026-05-17T12:20:29.120Z,BRTI,78322.98,78411.52,78400.113,60,Polymarket RTDS,78337.02177,78356.92733762416,0.77,1.25,
2026-05-17T12:20:32.525Z,2026-05-17T12:20:31.074Z,KXBTC15M-26MAY170830-30,BTC price up in next 15 mins?,KXBTC15M-26MAY170830,2026-05-17T12:30:00Z,active,0.14,0.16,0.84,0.86,0.15000000000000002,0.15,90984.22,42773.77,1593.25,527.0,2026-05-17T12:20:31.127Z,btc-updown-15m-1779020100,"Bitcoin Up or Down - May 17, 8:15AM-8:30AM ET",btc-updown-15m-1779020100,2026-05-17T12:30:00Z,,0.4,0.41,0.59,0.6,0.405,0.51,115.72960600000002,,8.79,171.82,2026-05-17T12:20:31.127Z,BRTI,78415.87,78411.52,78400.45266666666,60,Polymarket RTDS,78336.08938174334,78356.92733762416,0.76,1.27,
2026-05-17T12:20:33.690Z,2026-05-17T12:20:33.080Z,KXBTC15M-26MAY170830-30,BTC price up in next 15 mins?,KXBTC15M-26MAY170830,2026-05-17T12:30:00Z,active,0.14,0.15,0.85,0.86,0.14500000000000002,0.15,90984.22,42773.77,1785.47,20.0,2026-05-17T12:20:33.177Z,btc-updown-15m-1779020100,"Bitcoin Up or Down - May 17, 8:15AM-8:30AM ET",btc-updown-15m-1779020100,2026-05-17T12:30:00Z,,0.4,0.41,0.6,0.61,0.405,0.51,115.72960600000002,,7.12,34.21,2026-05-17T12:20:33.177Z,BRTI,78322.98,78411.52,78399.24416666667,60,Polymarket RTDS,78336.11835286216,78356.92733762416,0.76,1.27,
2026-05-17T12:20:35.629Z,2026-05-17T12:20:35.090Z,KXBTC15M-26MAY170830-30,BTC price up in next 15 mins?,KXBTC15M-26MAY170830,2026-05-17T12:30:00Z,active,0.14,0.15,0.85,0.86,0.14500000000000002,0.15,90984.22,42773.77,169.69,529.51,2026-05-17T12:20:35.142Z,btc-updown-15m-1779020100,"Bitcoin Up or Down - May 17, 8:15AM-8:30AM ET",btc-updown-15m-1779020100,2026-05-17T12:30:00Z,,0.39,0.4,0.6,0.61,0.395,0.51,115.72960600000002,,100.69,208.46,2026-05-17T12:20:35.142Z,BRTI,78415.57,78411.52,78399.53683333333,60,Polymarket RTDS,78337.055685,78356.92733762416,0.76,1.26,
2026-05-17T12:20:37.632Z,2026-05-17T12:20:37.078Z,KXBTC15M-26MAY170830-30,BTC price up in next 15 mins?,KXBTC15M-26MAY170830,2026-05-17T12:30:00Z,active,0.14,0.15,0.85,0.86,0.14500000000000002,0.15,90984.22,42773.77,169.69,301.08,2026-05-17T12:20:37.132Z,btc-updown-15m-1779020100,"Bitcoin Up or Down - May 17, 8:15AM-8:30AM ET",btc-updown-15m-1779020100,2026-05-17T12:30:00Z,,0.39,0.4,0.6,0.61,0.395,0.51,115.72960600000002,,100.69,198.46,2026-05-17T12:20:37.132Z,BRTI,78347.25,78411.52,78398.69083333334,60,Polymarket RTDS,78337.118545,78356.92733762416,0.76,1.26,
2026-05-17T12:20:39.620Z,2026-05-17T12:20:39.078Z,KXBTC15M-26MAY170830-30,BTC price up in next 15 mins?,KXBTC15M-26MAY170830,2026-05-17T12:30:00Z,active,0.15,0.16,0.84,0.85,0.155,0.15,90984.22,42773.77,158.29,25.0,2026-05-17T12:20:39.125Z,btc-updown-15m-1779020100,"Bitcoin Up or Down - May 17, 8:15AM-8:30AM ET",btc-updown-15m-1779020100,2026-05-17T12:30:00Z,,0.39,0.4,0.6,0.61,0.395,0.51,115.72960600000002,,266.31,84.88,2026-05-17T12:20:39.125Z,BRTI,78350.09,78411.52,78397.99016666667,60,Polymarket RTDS,78337.2099,78356.92733762416,0.77,1.25,
2026-05-17T12:20:41.578Z,2026-05-17T12:20:41.074Z,KXBTC15M-26MAY170830-30,BTC price up in next 15 mins?,KXBTC15M-26MAY170830,2026-05-17T12:30:00Z,active,0.15,0.17,0.83,0.85,0.16,0.15,90984.22,42773.77,248.88,534.58,2026-05-17T12:20:41.133Z,btc-updown-15m-1779020100,"Bitcoin Up or Down - May 17, 8:15AM-8:30AM ET",btc-updown-15m-1779020100,2026-05-17T12:30:00Z,,0.4,0.41,0.59,0.6,0.405,0.51,115.72960600000002,,909.19,20.0,2026-05-17T12:20:41.133Z,BRTI,78415.87,78411.52,78398.00066666667,60,Polymarket RTDS,78337.3552,78356.92733762416,0.77,1.26,
2026-05-17T12:20:43.589Z,2026-05-17T12:20:43.065Z,KXBTC15M-26MAY170830-30,BTC price up in next 15 mins?,KXBTC15M-26MAY170830,2026-05-17T12:30:00Z,active,0.15,0.17,0.83,0.85,0.16,0.15,90984.22,42773.77,183.88,528.47,2026-05-17T12:20:43.122Z,btc-updown-15m-1779020100,"Bitcoin Up or Down - May 17, 8:15AM-8:30AM ET",btc-updown-15m-1779020100,2026-05-17T12:30:00Z,,0.4,0.41,0.59,0.6,0.405,0.51,115.72960600000002,,1004.28,26.95,2026-05-17T12:20:43.122Z,BRTI,78352.27,78411.52,78397.23833333333,60,Polymarket RTDS,78337.329815,78356.92733762416,0.77,1.26,
2026-05-17T12:20:45.595Z,2026-05-17T12:20:45.080Z,KXBTC15M-26MAY170830-30,BTC price up in next 15 mins?,KXBTC15M-26MAY170830,2026-05-17T12:30:00Z,active,0.14,0.16,0.84,0.86,0.15000000000000002,0.15,90984.22,42773.77,1496.54,24.0,2026-05-17T12:20:45.127Z,btc-updown-15m-1779020100,"Bitcoin Up or Down - May 17, 8:15AM-8:30AM ET",btc-updown-15m-1779020100,2026-05-17T12:30:00Z,,0.4,0.41,0.59,0.6,0.405,0.51,115.72960600000002,,1013.32,20.91,2026-05-17T12:20:45.127Z,BRTI,78322.98,78411.52,78396.148,60,Polymarket RTDS,78337.336195,78356.92733762416,0.76,1.27,
2026-05-17T12:20:47.575Z,2026-05-17T12:20:47.060Z,KXBTC15M-26MAY170830-30,BTC price up in next 15 mins?,KXBTC15M-26MAY170830,2026-05-17T12:30:00Z,active,0.15,0.16,0.84,0.85,0.155,0.15,90984.22,42773.77,700.0,684.24,2026-05-17T12:20:47.112Z,btc-updown-15m-1779020100,"Bitcoin Up or Down - May 17, 8:15AM-8:30AM ET",btc-updown-15m-1779020100,2026-05-17T12:30:00Z,,0.4,0.41,0.59,0.6,0.405,0.51,115.72960600000002,,26.17,181.75,2026-05-17T12:20:47.112Z,BRTI,78350.09,78411.52,78395.5095,60,Polymarket RTDS,78337.337455,78356.92733762416,0.76,1.26,
2026-05-17T12:20:49.583Z,2026-05-17T12:20:49.071Z,KXBTC15M-26MAY170830-30,BTC price up in next 15 mins?,KXBTC15M-26MAY170830,2026-05-17T12:30:00Z,active,0.15,0.16,0.84,0.85,0.155,0.15,90984.22,42773.77,700.0,672.44,2026-05-17T12:20:49.124Z,btc-updown-15m-1779020100,"Bitcoin Up or Down - May 17, 8:15AM-8:30AM ET",btc-updown-15m-1779020100,2026-05-17T12:30:00Z,,0.39,0.4,0.6,0.61,0.395,0.51,115.72960600000002,,92.94,121.8,2026-05-17T12:20:49.124Z,BRTI,78350.09,78411.52,78394.80883333334,60,Polymarket RTDS,78337.423695,78356.92733762416,0.77,1.25,
2026-05-17T12:20:51.604Z,2026-05-17T12:20:51.085Z,KXBTC15M-26MAY170830-30,BTC price up in next 15 mins?,KXBTC15M-26MAY170830,2026-05-17T12:30:00Z,active,0.15,0.16,0.84,0.85,0.155,0.15,90984.22,42773.77,642.55,631.24,2026-05-17T12:20:51.133Z,btc-updown-15m-1779020100,"Bitcoin Up or Down - May 17, 8:15AM-8:30AM ET",btc-updown-15m-1779020100,2026-05-17T12:30:00Z,,0.39,0.4,0.6,0.61,0.395,0.51,115.72960600000002,,92.67,175.94,2026-05-17T12:20:51.133Z,BRTI,78415.87,78411.52,78395.1485,60,Polymarket RTDS,78337.04681021275,78356.92733762416,0.77,1.25,
2026-05-17T12:20:53.599Z,2026-05-17T12:20:53.068Z,KXBTC15M-26MAY170830-30,BTC price up in next 15 mins?,KXBTC15M-26MAY170830,2026-05-17T12:30:00Z,active,0.14,0.15,0.85,0.86,0.14500000000000002,0.15,90984.22,42773.77,242.0,500.0,2026-05-17T12:20:53.126Z,btc-updown-15m-1779020100,"Bitcoin Up or Down - May 17, 8:15AM-8:30AM ET",btc-updown-15m-1779020100,2026-05-17T12:30:00Z,,0.39,0.4,0.6,0.61,0.395,0.51,115.72960600000002,,97.94,175.94,2026-05-17T12:20:53.126Z,BRTI,78347.25,78411.52,78394.01533333333,60,Polymarket RTDS,78336.90549564219,78356.92733762416,0.76,1.26,
2026-05-17T12:20:55.596Z,2026-05-17T12:20:55.083Z,KXBTC15M-26MAY170830-30,BTC price up in next 15 mins?,KXBTC15M-26MAY170830,2026-05-17T12:30:00Z,active,0.14,0.15,0.85,0.86,0.14500000000000002,0.15,97824.89,47990.76,182.69,346.37,2026-05-17T12:20:55.131Z,btc-updown-15m-1779020100,"Bitcoin Up or Down - May 17, 8:15AM-8:30AM ET",btc-updown-15m-1779020100,2026-05-17T12:30:00Z,,0.39,0.4,0.6,0.61,0.395,0.51,115.72960600000002,,91.83,175.94,2026-05-17T12:20:55.131Z,BRTI,78347.25,78411.52,78392.88216666666,60,Polymarket RTDS,78336.85423871964,78356.92733762416,0.76,1.26,
2026-05-17T12:20:57.620Z,2026-05-17T12:20:57.093Z,KXBTC15M-26MAY170830-30,BTC price up in next 15 mins?,KXBTC15M-26MAY170830,2026-05-17T12:30:00Z,active,0.14,0.15,0.85,0.86,0.14500000000000002,0.15,97824.89,47990.76,27.0,312.95,2026-05-17T12:20:57.140Z,btc-updown-15m-1779020100,"Bitcoin Up or Down - May 17, 8:15AM-8:30AM ET",btc-updown-15m-1779020100,2026-05-17T12:30:00Z,,0.39,0.4,0.6,0.61,0.395,0.51,115.72960600000002,,91.83,178.44,2026-05-17T12:20:57.140Z,BRTI,78350.49,78411.52,78391.88733333333,60,Polymarket RTDS,78336.91036392713,78356.92733762416,0.76,1.26,
2026-05-17T12:20:59.639Z,2026-05-17T12:20:59.090Z,KXBTC15M-26MAY170830-30,BTC price up in next 15 mins?,KXBTC15M-26MAY170830,2026-05-17T12:30:00Z,active,0.14,0.15,0.85,0.86,0.14500000000000002,0.15,97824.89,47990.76,34.0,227.41,2026-05-17T12:20:59.141Z,btc-updown-15m-1779020100,"Bitcoin Up or Down - May 17, 8:15AM-8:30AM ET",btc-updown-15m-1779020100,2026-05-17T12:30:00Z,,0.39,0.4,0.6,0.61,0.395,0.51,115.72960600000002,,101.83,141.44,2026-05-17T12:20:59.141Z,BRTI,78351.0,78411.52,78390.81116666667,60,Polymarket RTDS,78337.0420623842,78356.92733762416,0.76,1.26,
2026-05-17T12:21:01.893Z,2026-05-17T12:21:01.074Z,KXBTC15M-26MAY170830-30,BTC price up in next 15 mins?,KXBTC15M-26MAY170830,2026-05-17T12:30:00Z,active,0.18,0.19,0.81,0.82,0.185,0.15,97824.89,47990.76,137.0,85.03,2026-05-17T12:21:01.134Z,btc-updown-15m-1779020100,"Bitcoin Up or Down - May 17, 8:15AM-8:30AM ET",btc-updown-15m-1779020100,2026-05-17T12:30:00Z,,0.4,0.44,0.56,0.6,0.42000000000000004,0.51,115.72960600000002,,10.0,9.29,2026-05-17T12:21:01.134Z,BRTI,78350.49,78411.52,78389.732,60,Polymarket RTDS,78343.33264131969,78356.92733762416,0.79,1.26,
2026-05-17T12:21:03.628Z,2026-05-17T12:21:03.083Z,KXBTC15M-26MAY170830-30,BTC price up in next 15 mins?,KXBTC15M-26MAY170830,2026-05-17T12:30:00Z,active,0.18,0.19,0.81,0.82,0.185,0.15,97824.89,47990.76,125.0,534.46,2026-05-17T12:21:03.158Z,btc-updown-15m-1779020100,"Bitcoin Up or Down - May 17, 8:15AM-8:30AM ET",btc-updown-15m-1779020100,2026-05-17T12:30:00Z,,0.45,0.46,0.54,0.55,0.455,0.51,115.72960600000002,,12.0,100.0,2026-05-17T12:21:03.158Z,BRTI,78352.27,78411.52,78389.1295,60,Polymarket RTDS,78344.29784823774,78356.92733762416,0.74,1.28,
2026-05-17T12:21:05.591Z,2026-05-17T12:21:05.081Z,KXBTC15M-26MAY170830-30,BTC price up in next 15 mins?,KXBTC15M-26MAY170830,2026-05-17T12:30:00Z,active,0.18,0.19,0.81,0.82,0.185,0.15,97824.89,47990.76,86.0,405.9,2026-05-17T12:21:05.129Z,btc-updown-15m-1779020100,"Bitcoin Up or Down - May 17, 8:15AM-8:30AM ET",btc-updown-15m-1779020100,2026-05-17T12:30:00Z,,0.46,0.47,0.53,0.54,0.46499999999999997,0.51,115.72960600000002,,90.0,63.33,2026-05-17T12:21:05.129Z,BRTI,78350.39,78411.52,78388.04866666667,60,Polymarket RTDS,78344.86493507864,78356.92733762416,0.73,1.29,
2026-05-17T12:21:07.656Z,2026-05-17T12:21:07.076Z,KXBTC15M-26MAY170830-30,BTC price up in next 15 mins?,KXBTC15M-26MAY170830,2026-05-17T12:30:00Z,active,0.18,0.19,0.81,0.82,0.185,0.15,97824.89,47990.76,22.0,500.0,2026-05-17T12:21:07.124Z,btc-updown-15m-1779020100,"Bitcoin Up or Down - May 17, 8:15AM-8:30AM ET",btc-updown-15m-1779020100,2026-05-17T12:30:00Z,,0.46,0.47,0.53,0.54,0.46499999999999997,0.51,115.72960600000002,,108.46,70.83,2026-05-17T12:21:07.124Z,BRTI,78350.49,78411.52,78386.95616666667,60,Polymarket RTDS,78345.12698281932,78356.92733762416,0.73,1.29,
2026-05-17T12:21:09.647Z,2026-05-17T12:21:09.106Z,KXBTC15M-26MAY170830-30,BTC price up in next 15 mins?,KXBTC15M-26MAY170830,2026-05-17T12:30:00Z,active,0.23,0.24,0.76,0.77,0.235,0.15,97824.89,47990.76,160.0,521.94,2026-05-17T12:21:09.154Z,btc-updown-15m-1779020100,"Bitcoin Up or Down - May 17, 8:15AM-8:30AM ET",btc-updown-15m-1779020100,2026-05-17T12:30:00Z,,0.46,0.54,0.46,0.49,0.5,0.51,115.72960600000002,,277.14,25.0,2026-05-17T12:21:09.154Z,BRTI,78346.86,78411.52,78385.811,60,Polymarket RTDS,78347.04054719495,78356.92733762416,0.73,1.31,
2026-05-17T12:21:11.594Z,2026-05-17T12:21:11.088Z,KXBTC15M-26MAY170830-30,BTC price up in next 15 mins?,KXBTC15M-26MAY170830,2026-05-17T12:30:00Z,active,0.23,0.24,0.76,0.77,0.235,0.15,97824.89,47990.76,118.45,468.38,2026-05-17T12:21:11.146Z,btc-updown-15m-1779020100,"Bitcoin Up or Down - May 17, 8:15AM-8:30AM ET",btc-updown-15m-1779020100,2026-05-17T12:30:00Z,,0.52,0.55,0.45,0.48,0.535,0.51,115.72960600000002,,5.0,40.1,2026-05-17T12:21:11.146Z,BRTI,78352.27,78411.52,78384.84583333334,60,Polymarket RTDS,78356.55678207905,78356.92733762416,0.72,1.32,
2026-05-17T12:21:13.604Z,2026-05-17T12:21:13.076Z,KXBTC15M-26MAY170830-30,BTC price up in next 15 mins?,KXBTC15M-26MAY170830,2026-05-17T12:30:00Z,active,0.22,0.24,0.76,0.78,0.22999999999999998,0.15,97824.89,47990.76,46.05,552.38,2026-05-17T12:21:13.132Z,btc-updown-15m-1779020100,"Bitcoin Up or Down - May 17, 8:15AM-8:30AM ET",btc-updown-15m-1779020100,2026-05-17T12:30:00Z,,0.54,0.55,0.45,0.46,0.545,0.51,115.72960600000002,,10.0,130.52,2026-05-17T12:21:13.132Z,BRTI,78350.49,78411.52,78383.75616666667,60,Polymarket RTDS,78357.6777385597,78356.92733762416,0.7,1.33,
2026-05-17T12:21:15.596Z,2026-05-17T12:21:15.072Z,KXBTC15M-26MAY170830-30,BTC price up in next 15 mins?,KXBTC15M-26MAY170830,2026-05-17T12:30:00Z,active,0.21,0.23,0.77,0.79,0.22,0.15,97824.89,47990.76,67.27,511.77,2026-05-17T12:21:15.139Z,btc-updown-15m-1779020100,"Bitcoin Up or Down - May 17, 8:15AM-8:30AM ET",btc-updown-15m-1779020100,2026-05-17T12:30:00Z,,0.54,0.55,0.45,0.46,0.545,0.51,115.72960600000002,,82.49,115.52,2026-05-17T12:21:15.139Z,BRTI,78351.0,78411.52,78383.07066666667,60,Polymarket RTDS,78358.2112812708,78356.92733762416,0.6900000000000001,1.34,
2026-05-17T12:21:17.573Z,2026-05-17T12:21:17.069Z,KXBTC15M-26MAY170830-30,BTC price up in next 15 mins?,KXBTC15M-26MAY170830,2026-05-17T12:30:00Z,active,0.24,0.25,0.75,0.76,0.245,0.15,97824.89,47990.76,88.0,120.0,2026-05-17T12:21:17.122Z,btc-updown-15m-1779020100,"Bitcoin Up or Down - May 17, 8:15AM-8:30AM ET",btc-updown-15m-1779020100,2026-05-17T12:30:00Z,,0.54,0.55,0.45,0.46,0.545,0.51,115.72960600000002,,33.85,5.0,2026-05-17T12:21:17.122Z,BRTI,78322.98,78411.52,78381.52750000001,60,Polymarket RTDS,78358.12947391225,78356.92733762416,0.71,1.31,
2026-05-17T12:21:19.625Z,2026-05-17T12:21:19.081Z,KXBTC15M-26MAY170830-30,BTC price up in next 15 mins?,KXBTC15M-26MAY170830,2026-05-17T12:30:00Z,active,0.24,0.25,0.75,0.76,0.245,0.15,97824.89,47990.76,103.94,57.36,2026-05-17T12:21:19.143Z,btc-updown-15m-1779020100,"Bitcoin Up or Down - May 17, 8:15AM-8:30AM ET",btc-updown-15m-1779020100,2026-05-17T12:30:00Z,,0.55,0.56,0.44,0.45,0.555,0.51,115.72960600000002,,96.0,287.54,2026-05-17T12:21:19.143Z,BRTI,78346.86,78411.52,78380.83483333333,60,Polymarket RTDS,78360.46316531321,78356.92733762416,0.7,1.32,
2026-05-17T12:21:21.580Z,2026-05-17T12:21:21.072Z,KXBTC15M-26MAY170830-30,BTC price up in next 15 mins?,KXBTC15M-26MAY170830,2026-05-17T12:30:00Z,active,0.21,0.22,0.78,0.79,0.215,0.15,97824.89,47990.76,4.2,1144.94,2026-05-17T12:21:21.124Z,btc-updown-15m-1779020100,"Bitcoin Up or Down - May 17, 8:15AM-8:30AM ET",btc-updown-15m-1779020100,2026-05-17T12:30:00Z,,0.51,0.52,0.48,0.49,0.515,0.51,115.72960600000002,,5.0,17.91,2026-05-17T12:21:21.124Z,BRTI,78365.14,78411.52,78379.98650000001,60,Polymarket RTDS,78360.5318353628,78356.92733762416,0.71,1.31,
2026-05-17T12:21:23.619Z,2026-05-17T12:21:23.081Z,KXBTC15M-26MAY170830-30,BTC price up in next 15 mins?,KXBTC15M-26MAY170830,2026-05-17T12:30:00Z,active,0.18,0.2,0.8,0.82,0.19,0.15,97824.89,47990.76,109.62,125.0,2026-05-17T12:21:23.131Z,btc-updown-15m-1779020100,"Bitcoin Up or Down - May 17, 8:15AM-8:30AM ET",btc-updown-15m-1779020100,2026-05-17T12:30:00Z,,0.51,0.52,0.48,0.49,0.515,0.51,115.72960600000002,,166.2,265.55,2026-05-17T12:21:23.131Z,BRTI,78346.86,78411.52,78378.84133333334,60,Polymarket RTDS,78354.39530206629,78356.92733762416,0.69,1.3399999999999999,
2026-05-17T12:21:25.588Z,2026-05-17T12:21:25.082Z,KXBTC15M-26MAY170830-30,BTC price up in next 15 mins?,KXBTC15M-26MAY170830,2026-05-17T12:30:00Z,active,0.18,0.2,0.8,0.82,0.19,0.15,97824.89,47990.76,1785.17,670.79,2026-05-17T12:21:25.137Z,btc-updown-15m-1779020100,"Bitcoin Up or Down - May 17, 8:15AM-8:30AM ET",btc-updown-15m-1779020100,2026-05-17T12:30:00Z,,0.51,0.52,0.48,0.49,0.515,0.51,115.72960600000002,,181.29,253.82,2026-05-17T12:21:25.137Z,BRTI,78350.39,78411.52,78378.14566666666,60,Polymarket RTDS,78354.39530206629,78356.92733762416,0.69,1.3399999999999999,
2026-05-17T12:21:27.614Z,2026-05-17T12:21:27.089Z,KXBTC15M-26MAY170830-30,BTC price up in next 15 mins?,KXBTC15M-26MAY170830,2026-05-17T12:30:00Z,active,0.18,0.19,0.81,0.82,0.185,0.2,102641.05,50312.75,17.0,529.9,2026-05-17T12:21:27.137Z,btc-updown-15m-1779020100,"Bitcoin Up or Down - May 17, 8:15AM-8:30AM ET",btc-updown-15m-1779020100,2026-05-17T12:30:00Z,,0.51,0.52,0.48,0.49,0.515,0.51,115.72960600000002,,216.7,246.79,2026-05-17T12:21:27.137Z,BRTI,78350.49,78411.52,78377.51349999999,60,Polymarket RTDS,78354.46008159567,78356.92733762416,0.6799999999999999,1.3399999999999999,
2026-05-17T12:21:29.616Z,2026-05-17T12:21:29.062Z,KXBTC15M-26MAY170830-30,BTC price up in next 15 mins?,KXBTC15M-26MAY170830,2026-05-17T12:30:00Z,active,0.18,0.19,0.81,0.82,0.185,0.2,102641.05,50312.75,63.0,548.6,2026-05-17T12:21:29.116Z,btc-updown-15m-1779020100,"Bitcoin Up or Down - May 17, 8:15AM-8:30AM ET",btc-updown-15m-1779020100,2026-05-17T12:30:00Z,,0.51,0.52,0.48,0.49,0.515,0.51,115.72960600000002,,109.46,240.14,2026-05-17T12:21:29.116Z,BRTI,78346.86,78411.52,78376.82116666668,60,Polymarket RTDS,78354.51992272082,78356.92733762416,0.6799999999999999,1.3399999999999999,
2026-05-17T12:21:31.644Z,2026-05-17T12:21:31.081Z,KXBTC15M-26MAY170830-30,BTC price up in next 15 mins?,KXBTC15M-26MAY170830,2026-05-17T12:30:00Z,active,0.17,0.18,0.82,0.83,0.175,0.2,102641.05,50312.75,39.0,159.59,2026-05-17T12:21:31.162Z,btc-updown-15m-1779020100,"Bitcoin Up or Down - May 17, 8:15AM-8:30AM ET",btc-updown-15m-1779020100,2026-05-17T12:30:00Z,,0.51,0.52,0.48,0.49,0.515,0.51,115.72960600000002,,78.65,151.72,2026-05-17T12:21:31.162Z,BRTI,78365.14,78411.52,78375.98066666667,60,Polymarket RTDS,78354.43422985016,78356.92733762416,0.6699999999999999,1.35,
2026-05-17T12:21:33.569Z,2026-05-17T12:21:33.070Z,KXBTC15M-26MAY170830-30,BTC price up in next 15 mins?,KXBTC15M-26MAY170830,2026-05-17T12:30:00Z,active,0.17,0.18,0.82,0.83,0.175,0.2,102641.05,50312.75,36.0,172.99,2026-05-17T12:21:33.122Z,btc-updown-15m-1779020100,"Bitcoin Up or Down - May 17, 8:15AM-8:30AM ET",btc-updown-15m-1779020100,2026-05-17T12:30:00Z,,0.51,0.52,0.48,0.49,0.515,0.51,115.72960600000002,,63.65,156.72,2026-05-17T12:21:33.122Z,BRTI,78350.39,78411.52,78374.89983333334,60,Polymarket RTDS,78354.28047969709,78356.92733762416,0.6699999999999999,1.35,
2026-05-17T12:21:35.605Z,2026-05-17T12:21:35.081Z,KXBTC15M-26MAY170830-30,BTC price up in next 15 mins?,KXBTC15M-26MAY170830,2026-05-17T12:30:00Z,active,0.16,0.18,0.82,0.84,0.16999999999999998,0.2,102641.05,50312.75,158.13,513.06,2026-05-17T12:21:35.135Z,btc-updown-15m-1779020100,"Bitcoin Up or Down - May 17, 8:15AM-8:30AM ET",btc-updown-15m-1779020100,2026-05-17T12:30:00Z,,0.51,0.52,0.48,0.49,0.515,0.51,115.72960600000002,,21.95,219.11,2026-05-17T12:21:35.135Z,BRTI,78352.27,78411.52,78373.85033333332,60,Polymarket RTDS,78354.35651068145,78356.92733762416,0.6699999999999999,1.3599999999999999,
2026-05-17T12:21:37.576Z,2026-05-17T12:21:37.074Z,KXBTC15M-26MAY170830-30,BTC price up in next 15 mins?,KXBTC15M-26MAY170830,2026-05-17T12:30:00Z,active,0.16,0.17,0.83,0.84,0.165,0.2,102641.05,50312.75,2.0,1684.76,2026-05-17T12:21:37.127Z,btc-updown-15m-1779020100,"Bitcoin Up or Down - May 17, 8:15AM-8:30AM ET",btc-updown-15m-1779020100,2026-05-17T12:30:00Z,,0.48,0.49,0.51,0.52,0.485,0.51,115.72960600000002,,10.78,193.0,2026-05-17T12:21:37.127Z,BRTI,78365.33,78411.52,78373.0185,60,Polymarket RTDS,78354.3295241491,78356.92733762416,0.6900000000000001,1.33,
2026-05-17T12:21:39.644Z,2026-05-17T12:21:39.080Z,KXBTC15M-26MAY170830-30,BTC price up in next 15 mins?,KXBTC15M-26MAY170830,2026-05-17T12:30:00Z,active,0.16,0.17,0.83,0.84,0.165,0.2,102641.05,50312.75,2.0,3114.34,2026-05-17T12:21:39.124Z,btc-updown-15m-1779020100,"Bitcoin Up or Down - May 17, 8:15AM-8:30AM ET",btc-updown-15m-1779020100,2026-05-17T12:30:00Z,,0.46,0.47,0.53,0.54,0.46499999999999997,0.51,115.72960600000002,,5.56,237.88,2026-05-17T12:21:39.124Z,BRTI,78351.0,78411.52,78372.33300000001,60,Polymarket RTDS,78351.56070294719,78356.92733762416,0.7100000000000001,1.31,
2026-05-17T12:21:41.618Z,2026-05-17T12:21:41.075Z,KXBTC15M-26MAY170830-30,BTC price up in next 15 mins?,KXBTC15M-26MAY170830,2026-05-17T12:30:00Z,active,0.15,0.16,0.84,0.85,0.155,0.2,102641.05,50312.75,75.65,722.28,2026-05-17T12:21:41.124Z,btc-updown-15m-1779020100,"Bitcoin Up or Down - May 17, 8:15AM-8:30AM ET",btc-updown-15m-1779020100,2026-05-17T12:30:00Z,,0.46,0.47,0.53,0.54,0.46499999999999997,0.51,115.72960600000002,,4.56,321.81,2026-05-17T12:21:41.124Z,BRTI,78350.09,78411.52,78371.23383333333,60,Polymarket RTDS,78349.3464704806,78356.92733762416,0.7000000000000001,1.3199999999999998,
2026-05-17T12:21:43.597Z,2026-05-17T12:21:43.079Z,KXBTC15M-26MAY170830-30,BTC price up in next 15 mins?,KXBTC15M-26MAY170830,2026-05-17T12:30:00Z,active,0.13,0.15,0.85,0.87,0.14,0.2,102641.05,50312.75,160.92,510.0,2026-05-17T12:21:43.141Z,btc-updown-15m-1779020100,"Bitcoin Up or Down - May 17, 8:15AM-8:30AM ET",btc-updown-15m-1779020100,2026-05-17T12:30:00Z,,0.46,0.47,0.53,0.54,0.46499999999999997,0.51,115.72960600000002,,4.56,325.68,2026-05-17T12:21:43.141Z,BRTI,78351.0,78411.52,78370.15266666668,60,Polymarket RTDS,78349.30495432015,78356.92733762416,0.6900000000000001,1.3399999999999999,
2026-05-17T12:21:45.612Z,2026-05-17T12:21:45.080Z,KXBTC15M-26MAY170830-30,BTC price up in next 15 mins?,KXBTC15M-26MAY170830,2026-05-17T12:30:00Z,active,0.13,0.14,0.86,0.87,0.135,0.2,102641.05,50312.75,163.92,511.3,2026-05-17T12:21:45.156Z,btc-updown-15m-1779020100,"Bitcoin Up or Down - May 17, 8:15AM-8:30AM ET",btc-updown-15m-1779020100,2026-05-17T12:30:00Z,,0.43,0.44,0.56,0.57,0.435,0.51,115.72960600000002,,13.0,5.0,2026-05-17T12:21:45.156Z,BRTI,78346.86,78411.52,78368.99966666667,60,Polymarket RTDS,78348.89284581006,78356.92733762416,0.71,1.31,
2026-05-17T12:21:47.625Z,2026-05-17T12:21:47.085Z,KXBTC15M-26MAY170830-30,BTC price up in next 15 mins?,KXBTC15M-26MAY170830,2026-05-17T12:30:00Z,active,0.13,0.14,0.86,0.87,0.135,0.2,102641.05,50312.75,163.92,158.44,2026-05-17T12:21:47.135Z,btc-updown-15m-1779020100,"Bitcoin Up or Down - May 17, 8:15AM-8:30AM ET",btc-updown-15m-1779020100,2026-05-17T12:30:00Z,,0.41,0.42,0.58,0.59,0.415,0.51,115.72960600000002,,108.7,16.0,2026-05-17T12:21:47.135Z,BRTI,78347.25,78411.52,78367.95083333334,60,Polymarket RTDS,78346.4789125532,78356.92733762416,0.73,1.29,
2026-05-17T12:21:49.635Z,2026-05-17T12:21:49.078Z,KXBTC15M-26MAY170830-30,BTC price up in next 15 mins?,KXBTC15M-26MAY170830,2026-05-17T12:30:00Z,active,0.13,0.15,0.85,0.87,0.14,0.2,102641.05,50312.75,179.92,280.4,2026-05-17T12:21:49.125Z,btc-updown-15m-1779020100,"Bitcoin Up or Down - May 17, 8:15AM-8:30AM ET",btc-updown-15m-1779020100,2026-05-17T12:30:00Z,,0.41,0.42,0.58,0.59,0.415,0.51,115.72960600000002,,67.25,69.04,2026-05-17T12:21:49.125Z,BRTI,78357.69,78411.52,78366.99166666667,60,Polymarket RTDS,78346.41547654537,78356.92733762416,0.74,1.29,
2026-05-17T12:21:51.582Z,2026-05-17T12:21:51.075Z,KXBTC15M-26MAY170830-30,BTC price up in next 15 mins?,KXBTC15M-26MAY170830,2026-05-17T12:30:00Z,active,0.13,0.14,0.86,0.87,0.135,0.2,102641.05,50312.75,163.92,516.0,2026-05-17T12:21:51.127Z,btc-updown-15m-1779020100,"Bitcoin Up or Down - May 17, 8:15AM-8:30AM ET",btc-updown-15m-1779020100,2026-05-17T12:30:00Z,,0.41,0.42,0.58,0.59,0.415,0.51,115.72960600000002,,77.16,23.61,2026-05-17T12:21:51.127Z,BRTI,78346.86,78411.52,78365.852,60,Polymarket RTDS,78346.2367609238,78356.92733762416,0.73,1.29,
2026-05-17T12:21:53.580Z,2026-05-17T12:21:53.077Z,KXBTC15M-26MAY170830-30,BTC price up in next 15 mins?,KXBTC15M-26MAY170830,2026-05-17T12:30:00Z,active,0.13,0.14,0.86,0.87,0.135,0.2,102641.05,50312.75,483.92,516.0,2026-05-17T12:21:53.131Z,btc-updown-15m-1779020100,"Bitcoin Up or Down - May 17, 8:15AM-8:30AM ET",btc-updown-15m-1779020100,2026-05-17T12:30:00Z,,0.41,0.42,0.58,0.59,0.415,0.51,115.72960600000002,,62.07,23.61,2026-05-17T12:21:53.131Z,BRTI,78347.25,78411.52,78364.71333333333,60,Polymarket RTDS,78346.04074732869,78356.92733762416,0.73,1.29,
2026-05-17T12:21:55.940Z,2026-05-17T12:21:55.087Z,KXBTC15M-26MAY170830-30,BTC price up in next 15 mins?,KXBTC15M-26MAY170830,2026-05-17T12:30:00Z,active,0.13,0.14,0.86,0.87,0.135,0.2,102641.05,50312.75,446.68,400.17,2026-05-17T12:21:55.138Z,btc-updown-15m-1779020100,"Bitcoin Up or Down - May 17, 8:15AM-8:30AM ET",btc-updown-15m-1779020100,2026-05-17T12:30:00Z,,0.41,0.42,0.58,0.59,0.415,0.79,6958.267298000003,,76.98,20.0,2026-05-17T12:21:55.138Z,BRTI,78347.25,78411.52,78363.57466666667,60,Polymarket RTDS,78345.8171948982,78356.92733762416,0.73,1.29,
2026-05-17T12:21:57.593Z,2026-05-17T12:21:57.078Z,KXBTC15M-26MAY170830-30,BTC price up in next 15 mins?,KXBTC15M-26MAY170830,2026-05-17T12:30:00Z,active,0.15,0.16,0.84,0.85,0.155,0.13,106968.64,53720.21,3197.92,10.0,2026-05-17T12:21:57.127Z,btc-updown-15m-1779020100,"Bitcoin Up or Down - May 17, 8:15AM-8:30AM ET",btc-updown-15m-1779020100,2026-05-17T12:30:00Z,,0.41,0.47,0.53,0.59,0.43999999999999995,0.79,6958.267298000003,,189.68,45.0,2026-05-17T12:21:57.127Z,BRTI,78365.33,78411.52,78362.72949999999,60,Polymarket RTDS,78345.77722260023,78356.92733762416,0.75,1.3199999999999998,
2026-05-17T12:21:59.586Z,2026-05-17T12:21:59.081Z,KXBTC15M-26MAY170830-30,BTC price up in next 15 mins?,KXBTC15M-26MAY170830,2026-05-17T12:30:00Z,active,0.2,0.21,0.79,0.8,0.20500000000000002,0.13,106968.64,53720.21,151.0,61.0,2026-05-17T12:21:59.135Z,btc-updown-15m-1779020100,"Bitcoin Up or Down - May 17, 8:15AM-8:30AM ET",btc-updown-15m-1779020100,2026-05-17T12:30:00Z,,0.48,0.49,0.51,0.52,0.485,0.79,6958.267298000003,,6.0,5.0,2026-05-17T12:21:59.135Z,BRTI,78350.39,78411.52,78362.48366666665,60,Polymarket RTDS,78352.06144220984,78356.92733762416,0.73,1.29,
2026-05-17T12:22:01.651Z,2026-05-17T12:22:01.069Z,KXBTC15M-26MAY170830-30,BTC price up in next 15 mins?,KXBTC15M-26MAY170830,2026-05-17T12:30:00Z,active,0.2,0.21,0.79,0.8,0.20500000000000002,0.13,106968.64,53720.21,676.53,57.0,2026-05-17T12:22:01.119Z,btc-updown-15m-1779020100,"Bitcoin Up or Down - May 17, 8:15AM-8:30AM ET",btc-updown-15m-1779020100,2026-05-17T12:30:00Z,,0.48,0.49,0.51,0.52,0.485,0.79,6958.267298000003,,97.28,30.32,2026-05-17T12:22:01.119Z,BRTI,78347.25,78411.52,78361.63766666666,60,Polymarket RTDS,78356.24515508527,78356.92733762416,0.73,1.29,
2026-05-17T12:22:03.600Z,2026-05-17T12:22:03.076Z,KXBTC15M-26MAY170830-30,BTC price up in next 15 mins?,KXBTC15M-26MAY170830,2026-05-17T12:30:00Z,active,0.2,0.21,0.79,0.8,0.20500000000000002,0.13,106968.64,53720.21,2260.27,2.61,2026-05-17T12:22:03.135Z,btc-updown-15m-1779020100,"Bitcoin Up or Down - May 17, 8:15AM-8:30AM ET",btc-updown-15m-1779020100,2026-05-17T12:30:00Z,,0.52,0.53,0.47,0.48,0.525,0.79,6958.267298000003,,142.44,12.66,2026-05-17T12:22:03.135Z,BRTI,78350.09,78411.52,78361.60133333334,60,Polymarket RTDS,78358.730629016,78356.92733762416,0.69,1.33,
2026-05-17T12:22:05.585Z,2026-05-17T12:22:05.082Z,KXBTC15M-26MAY170830-30,BTC price up in next 15 mins?,KXBTC15M-26MAY170830,2026-05-17T12:30:00Z,active,0.22,0.23,0.77,0.78,0.225,0.13,106968.64,53720.21,112.8,24.62,2026-05-17T12:22:05.132Z,btc-updown-15m-1779020100,"Bitcoin Up or Down - May 17, 8:15AM-8:30AM ET",btc-updown-15m-1779020100,2026-05-17T12:30:00Z,,0.53,0.54,0.46,0.47,0.535,0.79,6958.267298000003,,147.43,12.8,2026-05-17T12:22:05.132Z,BRTI,78357.69,78411.52,78360.63666666667,60,Polymarket RTDS,78359.523335,78356.92733762416,0.7,1.32,
2026-05-17T12:22:07.639Z,2026-05-17T12:22:07.096Z,KXBTC15M-26MAY170830-30,BTC price up in next 15 mins?,KXBTC15M-26MAY170830,2026-05-17T12:30:00Z,active,0.22,0.24,0.76,0.78,0.22999999999999998,0.13,106968.64,53720.21,123.5,698.94,2026-05-17T12:22:07.146Z,btc-updown-15m-1779020100,"Bitcoin Up or Down - May 17, 8:15AM-8:30AM ET",btc-updown-15m-1779020100,2026-05-17T12:30:00Z,,0.53,0.54,0.46,0.47,0.535,0.79,6958.267298000003,,137.43,12.8,2026-05-17T12:22:07.146Z,BRTI,78350.09,78411.52,78360.60033333332,60,Polymarket RTDS,78359.5283,78356.92733762416,0.71,1.32,
2026-05-17T12:22:09.619Z,2026-05-17T12:22:09.070Z,KXBTC15M-26MAY170830-30,BTC price up in next 15 mins?,KXBTC15M-26MAY170830,2026-05-17T12:30:00Z,active,0.21,0.23,0.77,0.79,0.22,0.13,106968.64,53720.21,75.0,141.38,2026-05-17T12:22:09.117Z,btc-updown-15m-1779020100,"Bitcoin Up or Down - May 17, 8:15AM-8:30AM ET",btc-updown-15m-1779020100,2026-05-17T12:30:00Z,,0.54,0.55,0.45,0.46,0.545,0.79,6958.267298000003,,86.4,65.51,2026-05-17T12:22:09.117Z,BRTI,78365.33,78411.52,78359.763,60,Polymarket RTDS,78358.75355757982,78356.92733762416,0.6900000000000001,1.34,
2026-05-17T12:22:11.598Z,2026-05-17T12:22:11.077Z,KXBTC15M-26MAY170830-30,BTC price up in next 15 mins?,KXBTC15M-26MAY170830,2026-05-17T12:30:00Z,active,0.21,0.22,0.78,0.79,0.215,0.13,106968.64,53720.21,2180.04,20.0,2026-05-17T12:22:11.127Z,btc-updown-15m-1779020100,"Bitcoin Up or Down - May 17, 8:15AM-8:30AM ET",btc-updown-15m-1779020100,2026-05-17T12:30:00Z,,0.54,0.55,0.45,0.46,0.545,0.79,6958.267298000003,,170.0,73.66,2026-05-17T12:22:11.128Z,BRTI,78350.49,78411.52,78358.67050000001,60,Polymarket RTDS,78358.75165525747,78356.92733762416,0.68,1.34,
2026-05-17T12:22:13.646Z,2026-05-17T12:22:13.090Z,KXBTC15M-26MAY170830-30,BTC price up in next 15 mins?,KXBTC15M-26MAY170830,2026-05-17T12:30:00Z,active,0.21,0.23,0.77,0.79,0.22,0.13,106968.64,53720.21,1698.67,80.75,2026-05-17T12:22:13.143Z,btc-updown-15m-1779020100,"Bitcoin Up or Down - May 17, 8:15AM-8:30AM ET",btc-updown-15m-1779020100,2026-05-17T12:30:00Z,,0.54,0.55,0.45,0.46,0.545,0.79,6958.267298000003,,181.0,68.66,2026-05-17T12:22:13.143Z,BRTI,78365.33,78411.52,78358.67366666667,60,Polymarket RTDS,78360.389195,78356.92733762416,0.6900000000000001,1.34,
2026-05-17T12:22:15.581Z,2026-05-17T12:22:15.076Z,KXBTC15M-26MAY170830-30,BTC price up in next 15 mins?,KXBTC15M-26MAY170830,2026-05-17T12:30:00Z,active,0.21,0.22,0.78,0.79,0.215,0.13,106968.64,53720.21,1140.9,92.0,2026-05-17T12:22:15.125Z,btc-updown-15m-1779020100,"Bitcoin Up or Down - May 17, 8:15AM-8:30AM ET",btc-updown-15m-1779020100,2026-05-17T12:30:00Z,,0.54,0.55,0.45,0.46,0.545,0.79,6958.267298000003,,176.7,60.33,2026-05-17T12:22:15.125Z,BRTI,78347.25,78411.52,78358.68016666666,60,Polymarket RTDS,78360.446855,78356.92733762416,0.68,1.34,
2026-05-17T12:22:17.594Z,2026-05-17T12:22:17.086Z,KXBTC15M-26MAY170830-30,BTC price up in next 15 mins?,KXBTC15M-26MAY170830,2026-05-17T12:30:00Z,active,0.22,0.23,0.77,0.78,0.225,0.13,106968.64,53720.21,75.0,123.37,2026-05-17T12:22:17.149Z,btc-updown-15m-1779020100,"Bitcoin Up or Down - May 17, 8:15AM-8:30AM ET",btc-updown-15m-1779020100,2026-05-17T12:30:00Z,,0.54,0.55,0.45,0.46,0.545,0.79,6958.267298000003,,304.59,35.83,2026-05-17T12:22:17.149Z,BRTI,78374.81,78411.52,78358.84133333334,60,Polymarket RTDS,78360.46702,78356.92733762416,0.6900000000000001,1.33,
2026-05-17T12:22:19.616Z,2026-05-17T12:22:19.076Z,KXBTC15M-26MAY170830-30,BTC price up in next 15 mins?,KXBTC15M-26MAY170830,2026-05-17T12:30:00Z,active,0.22,0.23,0.77,0.78,0.225,0.13,106968.64,53720.21,20.0,145.62,2026-05-17T12:22:19.129Z,btc-updown-15m-1779020100,"Bitcoin Up or Down - May 17, 8:15AM-8:30AM ET",btc-updown-15m-1779020100,2026-05-17T12:30:00Z,,0.56,0.57,0.43,0.44,0.565,0.79,6958.267298000003,,293.72,67.35,2026-05-17T12:22:19.129Z,BRTI,78351.0,78411.52,78357.77066666666,60,Polymarket RTDS,78360.84541889826,78356.92733762416,0.67,1.35,
2026-05-17T12:22:21.609Z,2026-05-17T12:22:21.076Z,KXBTC15M-26MAY170830-30,BTC price up in next 15 mins?,KXBTC15M-26MAY170830,2026-05-17T12:30:00Z,active,0.21,0.23,0.77,0.79,0.22,0.13,106968.64,53720.21,145.77,69.0,2026-05-17T12:22:21.131Z,btc-updown-15m-1779020100,"Bitcoin Up or Down - May 17, 8:15AM-8:30AM ET",btc-updown-15m-1779020100,2026-05-17T12:30:00Z,,0.56,0.57,0.43,0.44,0.565,0.79,6958.267298000003,,299.42,21.1,2026-05-17T12:22:21.131Z,BRTI,78374.81,78411.52,78357.18116666666,60,Polymarket RTDS,78360.20580047299,78356.92733762416,0.67,1.3599999999999999,
2026-05-17T12:22:23.579Z,2026-05-17T12:22:23.087Z,KXBTC15M-26MAY170830-30,BTC price up in next 15 mins?,KXBTC15M-26MAY170830,2026-05-17T12:30:00Z,active,0.23,0.24,0.76,0.77,0.235,0.13,106968.64,53720.21,373.93,771.87,2026-05-17T12:22:23.135Z,btc-updown-15m-1779020100,"Bitcoin Up or Down - May 17, 8:15AM-8:30AM ET",btc-updown-15m-1779020100,2026-05-17T12:30:00Z,,0.56,0.57,0.43,0.44,0.565,0.79,6958.267298000003,,299.42,21.1,2026-05-17T12:22:23.135Z,BRTI,78357.69,78411.52,78356.21650000001,60,Polymarket RTDS,78360.09301797388,78356.92733762416,0.6799999999999999,1.3399999999999999,
2026-05-17T12:22:25.625Z,2026-05-17T12:22:25.083Z,KXBTC15M-26MAY170830-30,BTC price up in next 15 mins?,KXBTC15M-26MAY170830,2026-05-17T12:30:00Z,active,0.23,0.24,0.76,0.77,0.235,0.13,106968.64,53720.21,322.81,687.21,2026-05-17T12:22:25.136Z,btc-updown-15m-1779020100,"Bitcoin Up or Down - May 17, 8:15AM-8:30AM ET",btc-updown-15m-1779020100,2026-05-17T12:30:00Z,,0.58,0.59,0.41,0.42,0.585,0.79,6958.267298000003,,430.54,153.2,2026-05-17T12:22:25.137Z,BRTI,78367.29,78411.52,78356.25233333332,60,Polymarket RTDS,78360.2869163243,78356.92733762416,0.6599999999999999,1.3599999999999999,
2026-05-17T12:22:27.786Z,2026-05-17T12:22:27.089Z,KXBTC15M-26MAY170830-30,BTC price up in next 15 mins?,KXBTC15M-26MAY170830,2026-05-17T12:30:00Z,active,0.23,0.24,0.76,0.77,0.235,0.24,111577.61,53649.24,231.4,675.7,2026-05-17T12:22:27.144Z,btc-updown-15m-1779020100,"Bitcoin Up or Down - May 17, 8:15AM-8:30AM ET",btc-updown-15m-1779020100,2026-05-17T12:30:00Z,,0.58,0.59,0.41,0.42,0.585,0.79,6958.267298000003,,463.6,139.52,2026-05-17T12:22:27.144Z,BRTI,78350.09,78411.52,78355.25083333332,60,Polymarket RTDS,78360.21952827898,78356.92733762416,0.6599999999999999,1.3599999999999999,
2026-05-17T12:22:29.627Z,2026-05-17T12:22:29.078Z,KXBTC15M-26MAY170830-30,BTC price up in next 15 mins?,KXBTC15M-26MAY170830,2026-05-17T12:30:00Z,active,0.23,0.24,0.76,0.77,0.235,0.24,111577.61,53649.24,227.81,660.7,2026-05-17T12:22:29.130Z,btc-updown-15m-1779020100,"Bitcoin Up or Down - May 17, 8:15AM-8:30AM ET",btc-updown-15m-1779020100,2026-05-17T12:30:00Z,,0.58,0.59,0.41,0.42,0.585,0.79,6958.267298000003,,427.6,159.75,2026-05-17T12:22:29.130Z,BRTI,78347.25,78411.52,78355.65533333334,60,Polymarket RTDS,78360.27441286549,78356.92733762416,0.6599999999999999,1.3599999999999999,
2026-05-17T12:22:31.591Z,2026-05-17T12:22:31.084Z,KXBTC15M-26MAY170830-30,BTC price up in next 15 mins?,KXBTC15M-26MAY170830,2026-05-17T12:30:00Z,active,0.2,0.21,0.79,0.8,0.20500000000000002,0.24,111577.61,53649.24,200.0,641.0,2026-05-17T12:22:31.137Z,btc-updown-15m-1779020100,"Bitcoin Up or Down - May 17, 8:15AM-8:30AM ET",btc-updown-15m-1779020100,2026-05-17T12:30:00Z,,0.58,0.59,0.41,0.42,0.585,0.79,6958.267298000003,,364.13,142.8,2026-05-17T12:22:31.137Z,BRTI,78357.69,78411.52,78354.68566666666,60,Polymarket RTDS,78360.22316546252,78356.92733762416,0.63,1.3900000000000001,
2026-05-17T12:22:33.572Z,2026-05-17T12:22:33.072Z,KXBTC15M-26MAY170830-30,BTC price up in next 15 mins?,KXBTC15M-26MAY170830,2026-05-17T12:30:00Z,active,0.2,0.21,0.79,0.8,0.20500000000000002,0.24,111577.61,53649.24,288.0,571.54,2026-05-17T12:22:33.121Z,btc-updown-15m-1779020100,"Bitcoin Up or Down - May 17, 8:15AM-8:30AM ET",btc-updown-15m-1779020100,2026-05-17T12:30:00Z,,0.58,0.59,0.41,0.42,0.585,0.79,6958.267298000003,,303.07,187.46,2026-05-17T12:22:33.121Z,BRTI,78351.0,78411.52,78355.15266666668,60,Polymarket RTDS,78359.85344694582,78356.92733762416,0.63,1.3900000000000001,
2026-05-17T12:22:35.662Z,2026-05-17T12:22:35.075Z,KXBTC15M-26MAY170830-30,BTC price up in next 15 mins?,KXBTC15M-26MAY170830,2026-05-17T12:30:00Z,active,0.2,0.21,0.79,0.8,0.20500000000000002,0.24,111577.61,53649.24,200.0,571.54,2026-05-17T12:22:35.142Z,btc-updown-15m-1779020100,"Bitcoin Up or Down - May 17, 8:15AM-8:30AM ET",btc-updown-15m-1779020100,2026-05-17T12:30:00Z,,0.58,0.59,0.41,0.42,0.585,0.79,6958.267298000003,,303.07,87.46,2026-05-17T12:22:35.142Z,BRTI,78347.25,78411.52,78354.014,60,Polymarket RTDS,78359.68673213795,78356.92733762416,0.63,1.3900000000000001,
2026-05-17T12:22:37.634Z,2026-05-17T12:22:37.075Z,KXBTC15M-26MAY170830-30,BTC price up in next 15 mins?,KXBTC15M-26MAY170830,2026-05-17T12:30:00Z,active,0.2,0.21,0.79,0.8,0.20500000000000002,0.24,111577.61,53649.24,200.0,623.98,2026-05-17T12:22:37.136Z,btc-updown-15m-1779020100,"Bitcoin Up or Down - May 17, 8:15AM-8:30AM ET",btc-updown-15m-1779020100,2026-05-17T12:30:00Z,,0.58,0.59,0.41,0.42,0.585,0.79,6958.267298000003,,206.07,137.46,2026-05-17T12:22:37.136Z,BRTI,78357.69,78411.52,78354.18800000001,60,Polymarket RTDS,78359.70736543485,78356.92733762416,0.63,1.3900000000000001,
2026-05-17T12:22:39.664Z,2026-05-17T12:22:39.086Z,KXBTC15M-26MAY170830-30,BTC price up in next 15 mins?,KXBTC15M-26MAY170830,2026-05-17T12:30:00Z,active,0.2,0.21,0.79,0.8,0.20500000000000002,0.24,111577.61,53649.24,148.67,601.42,2026-05-17T12:22:39.138Z,btc-updown-15m-1779020100,"Bitcoin Up or Down - May 17, 8:15AM-8:30AM ET",btc-updown-15m-1779020100,2026-05-17T12:30:00Z,,0.56,0.57,0.43,0.44,0.565,0.79,6958.267298000003,,71.08,88.2,2026-05-17T12:22:39.138Z,BRTI,78351.0,78411.52,78354.20316666667,60,Polymarket RTDS,78359.27993807217,78356.92733762416,0.65,1.37,
2026-05-17T12:22:41.624Z,2026-05-17T12:22:41.088Z,KXBTC15M-26MAY170830-30,BTC price up in next 15 mins?,KXBTC15M-26MAY170830,2026-05-17T12:30:00Z,active,0.2,0.21,0.79,0.8,0.20500000000000002,0.24,111577.61,53649.24,148.67,600.3,2026-05-17T12:22:41.159Z,btc-updown-15m-1779020100,"Bitcoin Up or Down - May 17, 8:15AM-8:30AM ET",btc-updown-15m-1779020100,2026-05-17T12:30:00Z,,0.58,0.59,0.41,0.42,0.585,0.79,6958.267298000003,,58.84,12.7,2026-05-17T12:22:41.159Z,BRTI,78373.79,78411.52,78353.50183333334,60,Polymarket RTDS,78358.64932701926,78356.92733762416,0.63,1.3900000000000001,
2026-05-17T12:22:43.646Z,2026-05-17T12:22:43.082Z,KXBTC15M-26MAY170830-30,BTC price up in next 15 mins?,KXBTC15M-26MAY170830,2026-05-17T12:30:00Z,active,0.2,0.21,0.79,0.8,0.20500000000000002,0.24,111577.61,53649.24,25.41,487.5,2026-05-17T12:22:43.131Z,btc-updown-15m-1779020100,"Bitcoin Up or Down - May 17, 8:15AM-8:30AM ET",btc-updown-15m-1779020100,2026-05-17T12:30:00Z,,0.58,0.59,0.41,0.42,0.585,0.79,6958.267298000003,,44.54,37.7,2026-05-17T12:22:43.131Z,BRTI,78365.33,78411.52,78353.71949999999,60,Polymarket RTDS,78358.10271908474,78356.92733762416,0.63,1.3900000000000001,
2026-05-17T12:22:45.675Z,2026-05-17T12:22:45.095Z,KXBTC15M-26MAY170830-30,BTC price up in next 15 mins?,KXBTC15M-26MAY170830,2026-05-17T12:30:00Z,active,0.19,0.2,0.8,0.81,0.195,0.24,111577.61,53649.24,162.0,1261.93,2026-05-17T12:22:45.140Z,btc-updown-15m-1779020100,"Bitcoin Up or Down - May 17, 8:15AM-8:30AM ET",btc-updown-15m-1779020100,2026-05-17T12:30:00Z,,0.58,0.59,0.41,0.42,0.585,0.79,6958.267298000003,,44.54,37.7,2026-05-17T12:22:45.140Z,BRTI,78350.49,78411.52,78354.178,60,Polymarket RTDS,78358.64113565657,78356.92733762416,0.62,1.4,
2026-05-17T12:22:47.571Z,2026-05-17T12:22:47.088Z,KXBTC15M-26MAY170830-30,BTC price up in next 15 mins?,KXBTC15M-26MAY170830,2026-05-17T12:30:00Z,active,0.19,0.2,0.8,0.81,0.195,0.24,111577.61,53649.24,128.93,1252.47,2026-05-17T12:22:47.134Z,btc-updown-15m-1779020100,"Bitcoin Up or Down - May 17, 8:15AM-8:30AM ET",btc-updown-15m-1779020100,2026-05-17T12:30:00Z,,0.58,0.59,0.41,0.42,0.585,0.79,6958.267298000003,,54.54,27.7,2026-05-17T12:22:47.134Z,BRTI,78374.81,78411.52,78354.59000000001,60,Polymarket RTDS,78358.99337199086,78356.92733762416,0.62,1.4,
2026-05-17T12:22:49.615Z,2026-05-17T12:22:49.090Z,KXBTC15M-26MAY170830-30,BTC price up in next 15 mins?,KXBTC15M-26MAY170830,2026-05-17T12:30:00Z,active,0.18,0.19,0.81,0.82,0.185,0.24,111577.61,53649.24,164.0,75.0,2026-05-17T12:22:49.135Z,btc-updown-15m-1779020100,"Bitcoin Up or Down - May 17, 8:15AM-8:30AM ET",btc-updown-15m-1779020100,2026-05-17T12:30:00Z,,0.58,0.59,0.41,0.42,0.585,0.79,6958.267298000003,,57.15,25.0,2026-05-17T12:22:49.135Z,BRTI,78351.0,78411.52,78354.60516666666,60,Polymarket RTDS,78359.1880943253,78356.92733762416,0.61,1.41,
2026-05-17T12:22:51.616Z,2026-05-17T12:22:51.075Z,KXBTC15M-26MAY170830-30,BTC price up in next 15 mins?,KXBTC15M-26MAY170830,2026-05-17T12:30:00Z,active,0.18,0.2,0.8,0.82,0.19,0.24,111577.61,53649.24,165.23,1289.14,2026-05-17T12:22:51.126Z,btc-updown-15m-1779020100,"Bitcoin Up or Down - May 17, 8:15AM-8:30AM ET",btc-updown-15m-1779020100,2026-05-17T12:30:00Z,,0.58,0.59,0.41,0.42,0.585,0.79,6958.267298000003,,42.15,25.0,2026-05-17T12:22:51.126Z,BRTI,78350.49,78411.52,78353.5155,60,Polymarket RTDS,78359.29248905455,78356.92733762416,0.62,1.41,
2026-05-17T12:22:53.738Z,2026-05-17T12:22:53.124Z,KXBTC15M-26MAY170830-30,BTC price up in next 15 mins?,KXBTC15M-26MAY170830,2026-05-17T12:30:00Z,active,0.18,0.2,0.8,0.82,0.19,0.24,111577.61,53649.24,129.72,1089.23,2026-05-17T12:22:53.168Z,btc-updown-15m-1779020100,"Bitcoin Up or Down - May 17, 8:15AM-8:30AM ET",btc-updown-15m-1779020100,2026-05-17T12:30:00Z,,0.57,0.58,0.42,0.43,0.575,0.79,6958.267298000003,,12.0,20.0,2026-05-17T12:22:53.168Z,BRTI,78367.29,78411.52,78353.8495,60,Polymarket RTDS,78358.77822264406,78356.92733762416,0.63,1.4,
2026-05-17T12:22:55.614Z,2026-05-17T12:22:55.088Z,KXBTC15M-26MAY170830-30,BTC price up in next 15 mins?,KXBTC15M-26MAY170830,2026-05-17T12:30:00Z,active,0.28,0.29,0.71,0.72,0.28500000000000003,0.24,111577.61,53649.24,645.0,13.47,2026-05-17T12:22:55.134Z,btc-updown-15m-1779020100,"Bitcoin Up or Down - May 17, 8:15AM-8:30AM ET",btc-updown-15m-1779020100,2026-05-17T12:30:00Z,,0.57,0.6,0.4,0.43,0.585,0.79,6958.267298000003,,30.09,231.6,2026-05-17T12:22:55.134Z,BRTI,78357.69,78411.52,78354.0235,60,Polymarket RTDS,78359.26968584179,78356.92733762416,0.72,1.3199999999999998,
2026-05-17T12:22:57.587Z,2026-05-17T12:22:57.075Z,KXBTC15M-26MAY170830-30,BTC price up in next 15 mins?,KXBTC15M-26MAY170830,2026-05-17T12:30:00Z,active,0.29,0.3,0.7,0.71,0.295,0.25,113913.71,54145.36,156.19,1050.49,2026-05-17T12:22:57.126Z,btc-updown-15m-1779020100,"Bitcoin Up or Down - May 17, 8:15AM-8:30AM ET",btc-updown-15m-1779020100,2026-05-17T12:30:00Z,,0.61,0.65,0.35,0.39,0.63,0.79,6958.267298000003,,39.34,25.0,2026-05-17T12:22:57.126Z,BRTI,78373.79,78411.52,78354.41183333333,60,Polymarket RTDS,78361.54931954465,78356.92733762416,0.69,1.3599999999999999,
2026-05-17T12:22:59.578Z,2026-05-17T12:22:59.079Z,KXBTC15M-26MAY170830-30,BTC price up in next 15 mins?,KXBTC15M-26MAY170830,2026-05-17T12:30:00Z,active,0.29,0.32,0.68,0.71,0.305,0.25,113913.71,54145.36,3244.54,450.0,2026-05-17T12:22:59.133Z,btc-updown-15m-1779020100,"Bitcoin Up or Down - May 17, 8:15AM-8:30AM ET",btc-updown-15m-1779020100,2026-05-17T12:30:00Z,,0.68,0.69,0.31,0.32,0.685,0.79,6958.267298000003,,50.0,76.6,2026-05-17T12:22:59.133Z,BRTI,78388.25,78411.52,78355.03266666667,60,Polymarket RTDS,78368.70395668279,78356.92733762416,0.64,1.4,
2026-05-17T12:23:01.643Z,2026-05-17T12:23:01.078Z,KXBTC15M-26MAY170830-30,BTC price up in next 15 mins?,KXBTC15M-26MAY170830,2026-05-17T12:30:00Z,active,0.35,0.36,0.64,0.65,0.355,0.25,113913.71,54145.36,558.98,1422.47,2026-05-17T12:23:01.130Z,btc-updown-15m-1779020100,"Bitcoin Up or Down - May 17, 8:15AM-8:30AM ET",btc-updown-15m-1779020100,2026-05-17T12:30:00Z,,0.69,0.7,0.3,0.31,0.695,0.79,6958.267298000003,,299.39,28.23,2026-05-17T12:23:01.130Z,BRTI,78387.91,78411.52,78355.65633333333,60,Polymarket RTDS,78370.88601341553,78356.92733762416,0.6699999999999999,1.35,
2026-05-17T12:23:03.602Z,2026-05-17T12:23:03.086Z,KXBTC15M-26MAY170830-30,BTC price up in next 15 mins?,KXBTC15M-26MAY170830,2026-05-17T12:30:00Z,active,0.37,0.38,0.62,0.63,0.375,0.25,113913.71,54145.36,622.0,420.0,2026-05-17T12:23:03.131Z,btc-updown-15m-1779020100,"Bitcoin Up or Down - May 17, 8:15AM-8:30AM ET",btc-updown-15m-1779020100,2026-05-17T12:30:00Z,,0.71,0.74,0.26,0.29,0.725,0.79,6958.267298000003,,28.0,21.39,2026-05-17T12:23:03.131Z,BRTI,78388.25,78411.52,78356.25600000001,60,Polymarket RTDS,78377.45631368339,78356.92733762416,0.6699999999999999,1.37,
2026-05-17T12:23:05.643Z,2026-05-17T12:23:05.087Z,KXBTC15M-26MAY170830-30,BTC price up in next 15 mins?,KXBTC15M-26MAY170830,2026-05-17T12:30:00Z,active,0.36,0.37,0.63,0.64,0.365,0.25,113913.71,54145.36,266.04,344.48,2026-05-17T12:23:05.138Z,btc-updown-15m-1779020100,"Bitcoin Up or Down - May 17, 8:15AM-8:30AM ET",btc-updown-15m-1779020100,2026-05-17T12:30:00Z,,0.72,0.75,0.25,0.28,0.735,0.79,6958.267298000003,,12.0,87.8,2026-05-17T12:23:05.138Z,BRTI,78373.79,78411.52,78356.646,60,Polymarket RTDS,78379.7057208897,78356.92733762416,0.65,1.3900000000000001,
2026-05-17T12:23:07.587Z,2026-05-17T12:23:07.087Z,KXBTC15M-26MAY170830-30,BTC price up in next 15 mins?,KXBTC15M-26MAY170830,2026-05-17T12:30:00Z,active,0.34,0.36,0.64,0.66,0.35,0.25,113913.71,54145.36,651.43,125.0,2026-05-17T12:23:07.132Z,btc-updown-15m-1779020100,"Bitcoin Up or Down - May 17, 8:15AM-8:30AM ET",btc-updown-15m-1779020100,2026-05-17T12:30:00Z,,0.73,0.74,0.26,0.27,0.735,0.79,6958.267298000003,,23.0,6.6,2026-05-17T12:23:07.132Z,BRTI,78374.6,78411.52,78357.04783333333,60,Polymarket RTDS,78380.90299933862,78356.92733762416,0.63,1.4,
2026-05-17T12:23:09.563Z,2026-05-17T12:23:09.075Z,KXBTC15M-26MAY170830-30,BTC price up in next 15 mins?,KXBTC15M-26MAY170830,2026-05-17T12:30:00Z,active,0.34,0.36,0.64,0.66,0.35,0.25,113913.71,54145.36,681.0,125.0,2026-05-17T12:23:09.120Z,btc-updown-15m-1779020100,"Bitcoin Up or Down - May 17, 8:15AM-8:30AM ET",btc-updown-15m-1779020100,2026-05-17T12:30:00Z,,0.73,0.74,0.26,0.27,0.735,0.79,6958.267298000003,,91.41,26.89,2026-05-17T12:23:09.120Z,BRTI,78374.81,78411.52,78357.51366666667,60,Polymarket RTDS,78379.77686018751,78356.92733762416,0.63,1.4,
2026-05-17T12:23:11.570Z,2026-05-17T12:23:11.088Z,KXBTC15M-26MAY170830-30,BTC price up in next 15 mins?,KXBTC15M-26MAY170830,2026-05-17T12:30:00Z,active,0.34,0.36,0.64,0.66,0.35,0.25,113913.71,54145.36,745.79,125.0,2026-05-17T12:23:11.136Z,btc-updown-15m-1779020100,"Bitcoin Up or Down - May 17, 8:15AM-8:30AM ET",btc-updown-15m-1779020100,2026-05-17T12:30:00Z,,0.73,0.74,0.26,0.27,0.735,0.79,6958.267298000003,,76.41,12.79,2026-05-17T12:23:11.136Z,BRTI,78388.25,78411.52,78358.11333333333,60,Polymarket RTDS,78380.00487290541,78356.92733762416,0.63,1.4,
2026-05-17T12:23:13.584Z,2026-05-17T12:23:13.084Z,KXBTC15M-26MAY170830-30,BTC price up in next 15 mins?,KXBTC15M-26MAY170830,2026-05-17T12:30:00Z,active,0.35,0.37,0.63,0.65,0.36,0.25,113913.71,54145.36,1200.0,142.73,2026-05-17T12:23:13.136Z,btc-updown-15m-1779020100,"Bitcoin Up or Down - May 17, 8:15AM-8:30AM ET",btc-updown-15m-1779020100,2026-05-17T12:30:00Z,,0.73,0.74,0.26,0.27,0.735,0.79,6958.267298000003,,71.41,12.79,2026-05-17T12:23:13.137Z,BRTI,78367.29,78411.52,78358.39333333333,60,Polymarket RTDS,78380.08516524991,78356.92733762416,0.64,1.3900000000000001,
2026-05-17T12:23:15.660Z,2026-05-17T12:23:15.099Z,KXBTC15M-26MAY170830-30,BTC price up in next 15 mins?,KXBTC15M-26MAY170830,2026-05-17T12:30:00Z,active,0.35,0.37,0.63,0.65,0.36,0.25,113913.71,54145.36,714.96,165.28,2026-05-17T12:23:15.151Z,btc-updown-15m-1779020100,"Bitcoin Up or Down - May 17, 8:15AM-8:30AM ET",btc-updown-15m-1779020100,2026-05-17T12:30:00Z,,0.74,0.75,0.25,0.26,0.745,0.79,6958.267298000003,,124.82,81.3,2026-05-17T12:23:15.151Z,BRTI,78367.29,78411.52,78358.66483333333,60,Polymarket RTDS,78380.1890010139,78356.92733762416,0.63,1.4,
2026-05-17T12:23:17.605Z,2026-05-17T12:23:17.083Z,KXBTC15M-26MAY170830-30,BTC price up in next 15 mins?,KXBTC15M-26MAY170830,2026-05-17T12:30:00Z,active,0.36,0.37,0.63,0.64,0.365,0.25,113913.71,54145.36,10.0,79.13,2026-05-17T12:23:17.143Z,btc-updown-15m-1779020100,"Bitcoin Up or Down - May 17, 8:15AM-8:30AM ET",btc-updown-15m-1779020100,2026-05-17T12:30:00Z,,0.74,0.75,0.25,0.26,0.745,0.79,6958.267298000003,,148.05,52.3,2026-05-17T12:23:17.143Z,BRTI,78387.91,78411.52,78359.747,60,Polymarket RTDS,78380.27603671455,78356.92733762416,0.63,1.3900000000000001,
2026-05-17T12:23:19.668Z,2026-05-17T12:23:19.097Z,KXBTC15M-26MAY170830-30,BTC price up in next 15 mins?,KXBTC15M-26MAY170830,2026-05-17T12:30:00Z,active,0.44,0.45,0.55,0.56,0.445,0.25,113913.71,54145.36,689.0,5.0,2026-05-17T12:23:19.157Z,btc-updown-15m-1779020100,"Bitcoin Up or Down - May 17, 8:15AM-8:30AM ET",btc-updown-15m-1779020100,2026-05-17T12:30:00Z,,0.75,0.76,0.24,0.25,0.755,0.79,6958.267298000003,,157.07,0.33,2026-05-17T12:23:19.157Z,BRTI,78374.81,78411.52,78360.21283333332,60,Polymarket RTDS,78380.60301043098,78356.92733762416,0.7,1.32,
2026-05-17T12:23:21.904Z,2026-05-17T12:23:21.084Z,KXBTC15M-26MAY170830-30,BTC price up in next 15 mins?,KXBTC15M-26MAY170830,2026-05-17T12:30:00Z,active,0.48,0.49,0.51,0.52,0.485,0.25,113913.71,54145.36,339.11,2718.24,2026-05-17T12:23:21.144Z,btc-updown-15m-1779020100,"Bitcoin Up or Down - May 17, 8:15AM-8:30AM ET",btc-updown-15m-1779020100,2026-05-17T12:30:00Z,,0.77,0.79,0.21,0.23,0.78,0.79,6958.267298000003,,13.46,100.0,2026-05-17T12:23:21.144Z,BRTI,78367.29,78411.52,78360.24866666667,60,Polymarket RTDS,78387.33199604167,78356.92733762416,0.72,1.31,
2026-05-17T12:23:25.367Z,2026-05-17T12:23:23.089Z,KXBTC15M-26MAY170830-30,BTC price up in next 15 mins?,KXBTC15M-26MAY170830,2026-05-17T12:30:00Z,active,0.47,0.48,0.52,0.53,0.475,0.25,113913.71,54145.36,632.82,76.77,2026-05-17T12:23:23.143Z,btc-updown-15m-1779020100,"Bitcoin Up or Down - May 17, 8:15AM-8:30AM ET",btc-updown-15m-1779020100,2026-05-17T12:30:00Z,,0.81,0.84,0.17,0.19,0.825,0.79,6958.267298000003,,5.0,20.0,2026-05-17T12:23:23.143Z,BRTI,78367.29,78411.52,78360.58916666666,60,Polymarket RTDS,78394.79788589077,78356.92733762416,0.6699999999999999,1.37,
2026-05-17T12:23:28.120Z,2026-05-17T12:23:25.855Z,KXBTC15M-26MAY170830-30,BTC price up in next 15 mins?,KXBTC15M-26MAY170830,2026-05-17T12:30:00Z,active,0.46,0.48,0.52,0.54,0.47,0.47,124014.96,48896.64,479.09,125.0,2026-05-17T12:23:25.906Z,btc-updown-15m-1779020100,"Bitcoin Up or Down - May 17, 8:15AM-8:30AM ET",btc-updown-15m-1779020100,2026-05-17T12:30:00Z,,0.84,0.85,0.15,0.16,0.845,0.79,6958.267298000003,,149.13,273.49,2026-05-17T12:23:25.906Z,BRTI,78367.29,78411.52,78360.87083333333,60,Polymarket RTDS,78398.37012885949,78356.92733762416,0.64,1.3900000000000001,
2026-05-17T12:23:31.080Z,2026-05-17T12:23:28.633Z,KXBTC15M-26MAY170830-30,BTC price up in next 15 mins?,KXBTC15M-26MAY170830,2026-05-17T12:30:00Z,active,0.48,0.49,0.51,0.52,0.485,0.47,124014.96,48896.64,573.0,144.32,2026-05-17T12:23:28.688Z,btc-updown-15m-1779020100,"Bitcoin Up or Down - May 17, 8:15AM-8:30AM ET",btc-updown-15m-1779020100,2026-05-17T12:30:00Z,,0.84,0.85,0.15,0.16,0.845,0.79,6958.267298000003,,188.97,155.51,2026-05-17T12:23:28.688Z,BRTI,78373.79,78411.52,78361.25916666667,60,Polymarket RTDS,78399.04502636494,78356.92733762416,0.65,1.37,
2026-05-17T12:23:33.871Z,2026-05-17T12:23:31.574Z,KXBTC15M-26MAY170830-30,BTC price up in next 15 mins?,KXBTC15M-26MAY170830,2026-05-17T12:30:00Z,active,0.48,0.49,0.51,0.52,0.485,0.47,124014.96,48896.64,654.31,216.81,2026-05-17T12:23:31.622Z,btc-updown-15m-1779020100,"Bitcoin Up or Down - May 17, 8:15AM-8:30AM ET",btc-updown-15m-1779020100,2026-05-17T12:30:00Z,,0.84,0.85,0.15,0.16,0.845,0.79,6958.267298000003,,119.5,157.43,2026-05-17T12:23:31.622Z,BRTI,78373.79,78411.52,78361.708,60,Polymarket RTDS,78398.7825997574,78356.92733762416,0.65,1.37,
2026-05-17T12:23:35.821Z,2026-05-17T12:23:34.360Z,KXBTC15M-26MAY170830-30,BTC price up in next 15 mins?,KXBTC15M-26MAY170830,2026-05-17T12:30:00Z,active,0.47,0.48,0.52,0.53,0.475,0.47,124014.96,48896.64,720.0,375.0,2026-05-17T12:23:34.415Z,btc-updown-15m-1779020100,"Bitcoin Up or Down - May 17, 8:15AM-8:30AM ET",btc-updown-15m-1779020100,2026-05-17T12:30:00Z,,0.84,0.85,0.15,0.16,0.845,0.79,6958.267298000003,,73.08,143.03,2026-05-17T12:23:34.415Z,BRTI,78374.81,78411.52,78361.86916666667,60,Polymarket RTDS,78398.78222218785,78356.92733762416,0.64,1.38,
2026-05-17T12:23:36.900Z,2026-05-17T12:23:36.363Z,KXBTC15M-26MAY170830-30,BTC price up in next 15 mins?,KXBTC15M-26MAY170830,2026-05-17T12:30:00Z,active,0.47,0.48,0.52,0.53,0.475,0.47,124014.96,48896.64,735.92,381.14,2026-05-17T12:23:36.416Z,btc-updown-15m-1779020100,"Bitcoin Up or Down - May 17, 8:15AM-8:30AM ET",btc-updown-15m-1779020100,2026-05-17T12:30:00Z,,0.84,0.85,0.15,0.16,0.845,0.79,6958.267298000003,,73.08,146.54,2026-05-17T12:23:36.416Z,BRTI,78387.91,78411.52,78362.4945,60,Polymarket RTDS,78398.78346984263,78356.92733762416,0.64,1.38,
2026-05-17T12:23:39.577Z,2026-05-17T12:23:38.364Z,KXBTC15M-26MAY170830-30,BTC price up in next 15 mins?,KXBTC15M-26MAY170830,2026-05-17T12:30:00Z,active,0.47,0.48,0.52,0.53,0.475,0.47,124014.96,48896.64,492.95,365.1,2026-05-17T12:23:38.415Z,btc-updown-15m-1779020100,"Bitcoin Up or Down - May 17, 8:15AM-8:30AM ET",btc-updown-15m-1779020100,2026-05-17T12:30:00Z,,0.84,0.85,0.15,0.16,0.845,0.79,6958.267298000003,,79.65,104.25,2026-05-17T12:23:38.415Z,BRTI,78367.29,78411.52,78362.74483333333,60,Polymarket RTDS,78398.78342763295,78356.92733762416,0.64,1.38,
2026-05-17T12:23:40.924Z,2026-05-17T12:23:40.364Z,KXBTC15M-26MAY170830-30,BTC price up in next 15 mins?,KXBTC15M-26MAY170830,2026-05-17T12:30:00Z,active,0.47,0.48,0.52,0.53,0.475,0.47,124014.96,48896.64,509.36,365.1,2026-05-17T12:23:40.416Z,btc-updown-15m-1779020100,"Bitcoin Up or Down - May 17, 8:15AM-8:30AM ET",btc-updown-15m-1779020100,2026-05-17T12:30:00Z,,0.84,0.85,0.15,0.16,0.845,0.79,6958.267298000003,,92.09,103.07,2026-05-17T12:23:40.416Z,BRTI,78387.91,78411.52,78363.12116666666,60,Polymarket RTDS,78398.78361200726,78356.92733762416,0.64,1.38,
2026-05-17T12:23:42.917Z,2026-05-17T12:23:42.367Z,KXBTC15M-26MAY170830-30,BTC price up in next 15 mins?,KXBTC15M-26MAY170830,2026-05-17T12:30:00Z,active,0.47,0.49,0.51,0.53,0.48,0.47,124014.96,48896.64,671.0,1809.32,2026-05-17T12:23:42.415Z,btc-updown-15m-1779020100,"Bitcoin Up or Down - May 17, 8:15AM-8:30AM ET",btc-updown-15m-1779020100,2026-05-17T12:30:00Z,,0.84,0.85,0.15,0.16,0.845,0.79,6958.267298000003,,33.08,103.07,2026-05-17T12:23:42.415Z,BRTI,78373.79,78411.52,78363.50099999999,60,Polymarket RTDS,78398.78353593507,78356.92733762416,0.65,1.38,
2026-05-17T12:23:44.869Z,2026-05-17T12:23:44.372Z,KXBTC15M-26MAY170830-30,BTC price up in next 15 mins?,KXBTC15M-26MAY170830,2026-05-17T12:30:00Z,active,0.48,0.49,0.51,0.52,0.485,0.47,124014.96,48896.64,500.83,137.75,2026-05-17T12:23:44.420Z,btc-updown-15m-1779020100,"Bitcoin Up or Down - May 17, 8:15AM-8:30AM ET",btc-updown-15m-1779020100,2026-05-17T12:30:00Z,,0.84,0.85,0.15,0.16,0.845,0.79,6958.267298000003,,95.31,115.87,2026-05-17T12:23:44.420Z,BRTI,78388.25,78411.52,78364.137,60,Polymarket RTDS,78398.72496820315,78356.92733762416,0.65,1.37,
2026-05-17T12:23:46.853Z,2026-05-17T12:23:46.365Z,KXBTC15M-26MAY170830-30,BTC price up in next 15 mins?,KXBTC15M-26MAY170830,2026-05-17T12:30:00Z,active,0.42,0.43,0.57,0.58,0.425,0.47,124014.96,48896.64,716.74,111.0,2026-05-17T12:23:46.416Z,btc-updown-15m-1779020100,"Bitcoin Up or Down - May 17, 8:15AM-8:30AM ET",btc-updown-15m-1779020100,2026-05-17T12:30:00Z,,0.83,0.84,0.16,0.17,0.835,0.79,6958.267298000003,,19.0,72.0,2026-05-17T12:23:46.416Z,BRTI,78367.29,78411.52,78364.40849999999,60,Polymarket RTDS,78397.92778373114,78356.92733762416,0.6,1.42,
2026-05-17T12:23:49.017Z,2026-05-17T12:23:48.375Z,KXBTC15M-26MAY170830-30,BTC price up in next 15 mins?,KXBTC15M-26MAY170830,2026-05-17T12:30:00Z,active,0.46,0.47,0.53,0.54,0.46499999999999997,0.47,124014.96,48896.64,562.21,43.0,2026-05-17T12:23:48.426Z,btc-updown-15m-1779020100,"Bitcoin Up or Down - May 17, 8:15AM-8:30AM ET",btc-updown-15m-1779020100,2026-05-17T12:30:00Z,,0.83,0.84,0.16,0.17,0.835,0.79,6958.267298000003,,216.38,85.99,2026-05-17T12:23:48.426Z,BRTI,78374.81,78411.52,78364.87433333333,60,Polymarket RTDS,78396.82565023881,78356.92733762416,0.64,1.38,
2026-05-17T12:23:50.868Z,2026-05-17T12:23:50.350Z,KXBTC15M-26MAY170830-30,BTC price up in next 15 mins?,KXBTC15M-26MAY170830,2026-05-17T12:30:00Z,active,0.39,0.4,0.6,0.61,0.395,0.47,124014.96,48896.64,646.0,25.0,2026-05-17T12:23:50.399Z,btc-updown-15m-1779020100,"Bitcoin Up or Down - May 17, 8:15AM-8:30AM ET",btc-updown-15m-1779020100,2026-05-17T12:30:00Z,,0.81,0.82,0.18,0.19,0.815,0.79,6958.267298000003,,9.63,131.8,2026-05-17T12:23:50.399Z,BRTI,78411.1,78411.52,78365.93849999999,60,Polymarket RTDS,78397.78520799144,78356.92733762416,0.5900000000000001,1.43,
2026-05-17T12:23:52.890Z,2026-05-17T12:23:52.364Z,KXBTC15M-26MAY170830-30,BTC price up in next 15 mins?,KXBTC15M-26MAY170830,2026-05-17T12:30:00Z,active,0.39,0.4,0.6,0.61,0.395,0.47,124014.96,48896.64,1118.0,72.0,2026-05-17T12:23:52.409Z,btc-updown-15m-1779020100,"Bitcoin Up or Down - May 17, 8:15AM-8:30AM ET",btc-updown-15m-1779020100,2026-05-17T12:30:00Z,,0.8,0.81,0.19,0.2,0.805,0.79,6958.267298000003,,169.56,0.91,2026-05-17T12:23:52.409Z,BRTI,78373.79,78411.52,78366.20683333333,60,Polymarket RTDS,78394.75107892332,78356.92733762416,0.6000000000000001,1.42,
2026-05-17T12:23:54.918Z,2026-05-17T12:23:54.359Z,KXBTC15M-26MAY170830-30,BTC price up in next 15 mins?,KXBTC15M-26MAY170830,2026-05-17T12:30:00Z,active,0.39,0.4,0.6,0.61,0.395,0.47,124014.96,48896.64,760.73,28.18,2026-05-17T12:23:54.415Z,btc-updown-15m-1779020100,"Bitcoin Up or Down - May 17, 8:15AM-8:30AM ET",btc-updown-15m-1779020100,2026-05-17T12:30:00Z,,0.8,0.81,0.19,0.2,0.805,0.79,6958.267298000003,,154.56,113.52,2026-05-17T12:23:54.415Z,BRTI,78374.81,78411.52,78366.67266666667,60,Polymarket RTDS,78393.40709882791,78356.92733762416,0.6000000000000001,1.42,
2026-05-17T12:23:56.909Z,2026-05-17T12:23:56.371Z,KXBTC15M-26MAY170830-30,BTC price up in next 15 mins?,KXBTC15M-26MAY170830,2026-05-17T12:30:00Z,active,0.41,0.42,0.58,0.59,0.415,0.4,130598.28,45361.26,639.23,75.0,2026-05-17T12:23:56.427Z,btc-updown-15m-1779020100,"Bitcoin Up or Down - May 17, 8:15AM-8:30AM ET",btc-updown-15m-1779020100,2026-05-17T12:30:00Z,,0.8,0.81,0.19,0.2,0.805,0.79,6958.267298000003,,167.25,87.25,2026-05-17T12:23:56.427Z,BRTI,78387.91,78411.52,78367.35033333332,60,Polymarket RTDS,78393.49137865573,78356.92733762416,0.62,1.4,
2026-05-17T12:23:58.890Z,2026-05-17T12:23:58.364Z,KXBTC15M-26MAY170830-30,BTC price up in next 15 mins?,KXBTC15M-26MAY170830,2026-05-17T12:30:00Z,active,0.41,0.42,0.58,0.59,0.415,0.4,130598.28,45361.26,517.47,194.93,2026-05-17T12:23:58.411Z,btc-updown-15m-1779020100,"Bitcoin Up or Down - May 17, 8:15AM-8:30AM ET",btc-updown-15m-1779020100,2026-05-17T12:30:00Z,,0.8,0.81,0.19,0.2,0.805,0.79,6958.267298000003,,150.38,74.08,2026-05-17T12:23:58.411Z,BRTI,78388.25,78411.52,78368.03366666666,60,Polymarket RTDS,78393.487791282,78356.92733762416,0.62,1.4,
2026-05-17T12:24:00.903Z,2026-05-17T12:24:00.388Z,KXBTC15M-26MAY170830-30,BTC price up in next 15 mins?,KXBTC15M-26MAY170830,2026-05-17T12:30:00Z,active,0.4,0.43,0.57,0.6,0.41500000000000004,0.4,130598.28,45361.26,702.86,246.01,2026-05-17T12:24:00.439Z,btc-updown-15m-1779020100,"Bitcoin Up or Down - May 17, 8:15AM-8:30AM ET",btc-updown-15m-1779020100,2026-05-17T12:30:00Z,,0.79,0.8,0.2,0.21,0.795,0.79,6958.267298000003,,166.12,1895.12,2026-05-17T12:24:00.439Z,BRTI,78373.79,78411.52,78368.17466666666,60,Polymarket RTDS,78393.48778603908,78356.92733762416,0.64,1.4,
2026-05-17T12:24:02.957Z,2026-05-17T12:24:02.369Z,KXBTC15M-26MAY170830-30,BTC price up in next 15 mins?,KXBTC15M-26MAY170830,2026-05-17T12:30:00Z,active,0.3,0.31,0.69,0.7,0.305,0.4,130598.28,45361.26,4.0,155.01,2026-05-17T12:24:02.442Z,btc-updown-15m-1779020100,"Bitcoin Up or Down - May 17, 8:15AM-8:30AM ET",btc-updown-15m-1779020100,2026-05-17T12:30:00Z,,0.79,0.8,0.2,0.21,0.795,0.79,6958.267298000003,,195.89,1937.19,2026-05-17T12:24:02.443Z,BRTI,78373.79,78411.52,78368.56466666666,60,Polymarket RTDS,78393.48747992331,78356.92733762416,0.52,1.5,
2026-05-17T12:24:04.876Z,2026-05-17T12:24:04.369Z,KXBTC15M-26MAY170830-30,BTC price up in next 15 mins?,KXBTC15M-26MAY170830,2026-05-17T12:30:00Z,active,0.29,0.3,0.7,0.71,0.295,0.4,130598.28,45361.26,572.41,144.04,2026-05-17T12:24:04.419Z,btc-updown-15m-1779020100,"Bitcoin Up or Down - May 17, 8:15AM-8:30AM ET",btc-updown-15m-1779020100,2026-05-17T12:30:00Z,,0.74,0.75,0.25,0.26,0.745,0.79,6958.267298000003,,137.8,89.75,2026-05-17T12:24:04.419Z,BRTI,78388.25,78411.52,78369.24799999999,60,Polymarket RTDS,78387.0359818965,78356.92733762416,0.56,1.46,
2026-05-17T12:24:06.870Z,2026-05-17T12:24:06.362Z,KXBTC15M-26MAY170830-30,BTC price up in next 15 mins?,KXBTC15M-26MAY170830,2026-05-17T12:30:00Z,active,0.29,0.3,0.7,0.71,0.295,0.4,130598.28,45361.26,393.35,194.02,2026-05-17T12:24:06.416Z,btc-updown-15m-1779020100,"Bitcoin Up or Down - May 17, 8:15AM-8:30AM ET",btc-updown-15m-1779020100,2026-05-17T12:30:00Z,,0.73,0.74,0.26,0.27,0.735,0.79,6958.267298000003,,12.8,94.76,2026-05-17T12:24:06.416Z,BRTI,78387.91,78411.52,78369.87833333334,60,Polymarket RTDS,78387.57428391003,78356.92733762416,0.5700000000000001,1.45,
2026-05-17T12:24:08.878Z,2026-05-17T12:24:08.362Z,KXBTC15M-26MAY170830-30,BTC price up in next 15 mins?,KXBTC15M-26MAY170830,2026-05-17T12:30:00Z,active,0.28,0.29,0.71,0.72,0.28500000000000003,0.4,130598.28,45361.26,541.0,314.99,2026-05-17T12:24:08.414Z,btc-updown-15m-1779020100,"Bitcoin Up or Down - May 17, 8:15AM-8:30AM ET",btc-updown-15m-1779020100,2026-05-17T12:30:00Z,,0.73,0.74,0.26,0.27,0.735,0.79,6958.267298000003,,12.8,182.32,2026-05-17T12:24:08.414Z,BRTI,78387.91,78411.52,78370.382,60,Polymarket RTDS,78385.52486324275,78356.92733762416,0.56,1.46,
2026-05-17T12:24:11.130Z,2026-05-17T12:24:10.358Z,KXBTC15M-26MAY170830-30,BTC price up in next 15 mins?,KXBTC15M-26MAY170830,2026-05-17T12:30:00Z,active,0.31,0.32,0.68,0.69,0.315,0.4,130598.28,45361.26,753.01,101.0,2026-05-17T12:24:10.403Z,btc-updown-15m-1779020100,"Bitcoin Up or Down - May 17, 8:15AM-8:30AM ET",btc-updown-15m-1779020100,2026-05-17T12:30:00Z,,0.73,0.74,0.26,0.27,0.735,0.79,6958.267298000003,,163.38,12.9,2026-05-17T12:24:10.403Z,BRTI,78374.6,78411.52,78370.79049999999,60,Polymarket RTDS,78385.75522416967,78356.92733762416,0.5900000000000001,1.43,
2026-05-17T12:24:12.955Z,2026-05-17T12:24:12.376Z,KXBTC15M-26MAY170830-30,BTC price up in next 15 mins?,KXBTC15M-26MAY170830,2026-05-17T12:30:00Z,active,0.31,0.32,0.68,0.69,0.315,0.4,130598.28,45361.26,531.2,38.34,2026-05-17T12:24:12.420Z,btc-updown-15m-1779020100,"Bitcoin Up or Down - May 17, 8:15AM-8:30AM ET",btc-updown-15m-1779020100,2026-05-17T12:30:00Z,,0.72,0.73,0.27,0.28,0.725,0.79,6958.267298000003,,229.56,735.02,2026-05-17T12:24:12.421Z,BRTI,78373.79,78411.52,78370.93149999999,60,Polymarket RTDS,78385.51934518364,78356.92733762416,0.6000000000000001,1.42,
2026-05-17T12:24:15.465Z,2026-05-17T12:24:14.362Z,KXBTC15M-26MAY170830-30,BTC price up in next 15 mins?,KXBTC15M-26MAY170830,2026-05-17T12:30:00Z,active,0.32,0.33,0.67,0.68,0.325,0.4,130598.28,45361.26,623.35,116.29,2026-05-17T12:24:14.420Z,btc-updown-15m-1779020100,"Bitcoin Up or Down - May 17, 8:15AM-8:30AM ET",btc-updown-15m-1779020100,2026-05-17T12:30:00Z,,0.72,0.73,0.27,0.28,0.725,0.79,6958.267298000003,,261.33,666.77,2026-05-17T12:24:14.420Z,BRTI,78373.79,78411.52,78371.31983333333,60,Polymarket RTDS,78385.56750808438,78356.92733762416,0.6100000000000001,1.4100000000000001,
2026-05-17T12:24:16.977Z,2026-05-17T12:24:16.377Z,KXBTC15M-26MAY170830-30,BTC price up in next 15 mins?,KXBTC15M-26MAY170830,2026-05-17T12:30:00Z,active,0.32,0.33,0.67,0.68,0.325,0.4,130598.28,45361.26,522.0,2736.57,2026-05-17T12:24:16.426Z,btc-updown-15m-1779020100,"Bitcoin Up or Down - May 17, 8:15AM-8:30AM ET",btc-updown-15m-1779020100,2026-05-17T12:30:00Z,,0.72,0.73,0.27,0.28,0.725,0.79,6958.267298000003,,235.55,666.77,2026-05-17T12:24:16.426Z,BRTI,78405.28,78411.52,78371.98566666666,60,Polymarket RTDS,78385.49878721988,78356.92733762416,0.6100000000000001,1.4100000000000001,
2026-05-17T12:24:18.907Z,2026-05-17T12:24:18.371Z,KXBTC15M-26MAY170830-30,BTC price up in next 15 mins?,KXBTC15M-26MAY170830,2026-05-17T12:30:00Z,active,0.32,0.33,0.67,0.68,0.325,0.4,130598.28,45361.26,584.15,1571.85,2026-05-17T12:24:18.427Z,btc-updown-15m-1779020100,"Bitcoin Up or Down - May 17, 8:15AM-8:30AM ET",btc-updown-15m-1779020100,2026-05-17T12:30:00Z,,0.72,0.73,0.27,0.28,0.725,0.79,6958.267298000003,,161.32,666.77,2026-05-17T12:24:18.427Z,BRTI,78387.91,78411.52,78372.66333333333,60,Polymarket RTDS,78385.50644971462,78356.92733762416,0.6100000000000001,1.4100000000000001,
2026-05-17T12:24:20.875Z,2026-05-17T12:24:20.370Z,KXBTC15M-26MAY170830-30,BTC price up in next 15 mins?,KXBTC15M-26MAY170830,2026-05-17T12:30:00Z,active,0.31,0.32,0.68,0.69,0.315,0.4,130598.28,45361.26,616.6,104.28,2026-05-17T12:24:20.424Z,btc-updown-15m-1779020100,"Bitcoin Up or Down - May 17, 8:15AM-8:30AM ET",btc-updown-15m-1779020100,2026-05-17T12:30:00Z,,0.72,0.73,0.27,0.28,0.725,0.79,6958.267298000003,,206.52,666.77,2026-05-17T12:24:20.424Z,BRTI,78405.28,78411.52,78373.17116666665,60,Polymarket RTDS,78385.50526169139,78356.92733762416,0.6000000000000001,1.42,
2026-05-17T12:24:22.921Z,2026-05-17T12:24:22.367Z,KXBTC15M-26MAY170830-30,BTC price up in next 15 mins?,KXBTC15M-26MAY170830,2026-05-17T12:30:00Z,active,0.33,0.34,0.66,0.67,0.335,0.4,130598.28,45361.26,75.0,258.08,2026-05-17T12:24:22.416Z,btc-updown-15m-1779020100,"Bitcoin Up or Down - May 17, 8:15AM-8:30AM ET",btc-updown-15m-1779020100,2026-05-17T12:30:00Z,,0.72,0.73,0.27,0.28,0.725,0.79,6958.267298000003,,271.52,652.06,2026-05-17T12:24:22.416Z,BRTI,78387.91,78411.52,78373.78633333332,60,Polymarket RTDS,78385.45371738855,78356.92733762416,0.6200000000000001,1.4,
2026-05-17T12:24:24.902Z,2026-05-17T12:24:24.380Z,KXBTC15M-26MAY170830-30,BTC price up in next 15 mins?,KXBTC15M-26MAY170830,2026-05-17T12:30:00Z,active,0.33,0.34,0.66,0.67,0.335,0.4,130598.28,45361.26,500.0,278.08,2026-05-17T12:24:24.439Z,btc-updown-15m-1779020100,"Bitcoin Up or Down - May 17, 8:15AM-8:30AM ET",btc-updown-15m-1779020100,2026-05-17T12:30:00Z,,0.72,0.73,0.27,0.28,0.725,0.79,6958.267298000003,,276.52,652.06,2026-05-17T12:24:24.439Z,BRTI,78373.79,78411.52,78373.76933333333,60,Polymarket RTDS,78385.45660103287,78356.92733762416,0.6200000000000001,1.4,
2026-05-17T12:24:26.865Z,2026-05-17T12:24:26.369Z,KXBTC15M-26MAY170830-30,BTC price up in next 15 mins?,KXBTC15M-26MAY170830,2026-05-17T12:30:00Z,active,0.32,0.33,0.67,0.68,0.325,0.32,135213.93,44650.26,444.54,675.3,2026-05-17T12:24:26.416Z,btc-updown-15m-1779020100,"Bitcoin Up or Down - May 17, 8:15AM-8:30AM ET",btc-updown-15m-1779020100,2026-05-17T12:30:00Z,,0.72,0.73,0.27,0.28,0.725,0.79,6958.267298000003,,290.26,25.0,2026-05-17T12:24:26.416Z,BRTI,78411.1,78411.52,78374.65950000001,60,Polymarket RTDS,78385.61957089302,78356.92733762416,0.6100000000000001,1.4100000000000001,
2026-05-17T12:24:29.464Z,2026-05-17T12:24:28.362Z,KXBTC15M-26MAY170830-30,BTC price up in next 15 mins?,KXBTC15M-26MAY170830,2026-05-17T12:30:00Z,active,0.31,0.32,0.68,0.69,0.315,0.32,135213.93,44650.26,511.18,122.0,2026-05-17T12:24:28.408Z,btc-updown-15m-1779020100,"Bitcoin Up or Down - May 17, 8:15AM-8:30AM ET",btc-updown-15m-1779020100,2026-05-17T12:30:00Z,,0.72,0.73,0.27,0.28,0.725,0.79,6958.267298000003,,275.26,13.89,2026-05-17T12:24:28.408Z,BRTI,78387.91,78411.52,78375.00316666666,60,Polymarket RTDS,78385.80924022805,78356.92733762416,0.6000000000000001,1.42,
2026-05-17T12:24:30.873Z,2026-05-17T12:24:30.359Z,KXBTC15M-26MAY170830-30,BTC price up in next 15 mins?,KXBTC15M-26MAY170830,2026-05-17T12:30:00Z,active,0.31,0.32,0.68,0.69,0.315,0.32,135213.93,44650.26,500.0,251.17,2026-05-17T12:24:30.409Z,btc-updown-15m-1779020100,"Bitcoin Up or Down - May 17, 8:15AM-8:30AM ET",btc-updown-15m-1779020100,2026-05-17T12:30:00Z,,0.72,0.73,0.27,0.28,0.725,0.79,6958.267298000003,,275.26,13.89,2026-05-17T12:24:30.409Z,BRTI,78373.79,78411.52,78375.39816666667,60,Polymarket RTDS,78385.92740265309,78356.92733762416,0.6000000000000001,1.42,
2026-05-17T12:24:32.871Z,2026-05-17T12:24:32.371Z,KXBTC15M-26MAY170830-30,BTC price up in next 15 mins?,KXBTC15M-26MAY170830,2026-05-17T12:30:00Z,active,0.31,0.32,0.68,0.69,0.315,0.32,135213.93,44650.26,75.0,24.61,2026-05-17T12:24:32.418Z,btc-updown-15m-1779020100,"Bitcoin Up or Down - May 17, 8:15AM-8:30AM ET",btc-updown-15m-1779020100,2026-05-17T12:30:00Z,,0.74,0.75,0.25,0.26,0.745,0.79,6958.267298000003,,24.0,42.8,2026-05-17T12:24:32.418Z,BRTI,78373.79,78411.52,78375.84049999999,60,Polymarket RTDS,78385.9089298996,78356.92733762416,0.5800000000000001,1.44,
2026-05-17T12:24:34.894Z,2026-05-17T12:24:34.369Z,KXBTC15M-26MAY170830-30,BTC price up in next 15 mins?,KXBTC15M-26MAY170830,2026-05-17T12:30:00Z,active,0.3,0.31,0.69,0.7,0.305,0.32,135213.93,44650.26,720.39,74.02,2026-05-17T12:24:34.415Z,btc-updown-15m-1779020100,"Bitcoin Up or Down - May 17, 8:15AM-8:30AM ET",btc-updown-15m-1779020100,2026-05-17T12:30:00Z,,0.74,0.75,0.25,0.26,0.745,0.79,6958.267298000003,,188.64,36.86,2026-05-17T12:24:34.415Z,BRTI,78373.79,78411.52,78376.10883333333,60,Polymarket RTDS,78385.33378278349,78356.92733762416,0.5700000000000001,1.45,
2026-05-17T12:24:37.202Z,2026-05-17T12:24:36.376Z,KXBTC15M-26MAY170830-30,BTC price up in next 15 mins?,KXBTC15M-26MAY170830,2026-05-17T12:30:00Z,active,0.3,0.32,0.68,0.7,0.31,0.32,135213.93,44650.26,725.39,264.63,2026-05-17T12:24:36.427Z,btc-updown-15m-1779020100,"Bitcoin Up or Down - May 17, 8:15AM-8:30AM ET",btc-updown-15m-1779020100,2026-05-17T12:30:00Z,,0.74,0.75,0.25,0.26,0.745,0.79,6958.267298000003,,188.64,24.8,2026-05-17T12:24:36.427Z,BRTI,78374.55,78411.52,78376.50133333333,60,Polymarket RTDS,78385.60046404865,78356.92733762416,0.5800000000000001,1.45,
2026-05-17T12:24:38.878Z,2026-05-17T12:24:38.374Z,KXBTC15M-26MAY170830-30,BTC price up in next 15 mins?,KXBTC15M-26MAY170830,2026-05-17T12:30:00Z,active,0.3,0.32,0.68,0.7,0.31,0.32,135213.93,44650.26,420.27,162.73,2026-05-17T12:24:38.422Z,btc-updown-15m-1779020100,"Bitcoin Up or Down - May 17, 8:15AM-8:30AM ET",btc-updown-15m-1779020100,2026-05-17T12:30:00Z,,0.74,0.75,0.25,0.26,0.745,0.79,6958.267298000003,,173.14,24.8,2026-05-17T12:24:38.422Z,BRTI,78393.3,78411.52,78377.26883333334,60,Polymarket RTDS,78385.3828059731,78356.92733762416,0.5800000000000001,1.45,
2026-05-17T12:24:40.881Z,2026-05-17T12:24:40.359Z,KXBTC15M-26MAY170830-30,BTC price up in next 15 mins?,KXBTC15M-26MAY170830,2026-05-17T12:30:00Z,active,0.29,0.31,0.69,0.71,0.3,0.32,135213.93,44650.26,734.79,75.0,2026-05-17T12:24:40.407Z,btc-updown-15m-1779020100,"Bitcoin Up or Down - May 17, 8:15AM-8:30AM ET",btc-updown-15m-1779020100,2026-05-17T12:30:00Z,,0.74,0.75,0.25,0.26,0.745,0.79,6958.267298000003,,185.94,8.14,2026-05-17T12:24:40.407Z,BRTI,78411.04,78411.52,78378.158,60,Polymarket RTDS,78385.44892954054,78356.92733762416,0.5700000000000001,1.46,
2026-05-17T12:24:42.874Z,2026-05-17T12:24:42.377Z,KXBTC15M-26MAY170830-30,BTC price up in next 15 mins?,KXBTC15M-26MAY170830,2026-05-17T12:30:00Z,active,0.38,0.39,0.61,0.62,0.385,0.32,135213.93,44650.26,28.55,100.0,2026-05-17T12:24:42.431Z,btc-updown-15m-1779020100,"Bitcoin Up or Down - May 17, 8:15AM-8:30AM ET",btc-updown-15m-1779020100,2026-05-17T12:30:00Z,,0.75,0.77,0.23,0.25,0.76,0.79,6958.267298000003,,117.93,10.8,2026-05-17T12:24:42.431Z,BRTI,78411.04,78411.52,78379.15866666666,60,Polymarket RTDS,78385.43307830786,78356.92733762416,0.64,1.3900000000000001,
2026-05-17T12:24:44.883Z,2026-05-17T12:24:44.376Z,KXBTC15M-26MAY170830-30,BTC price up in next 15 mins?,KXBTC15M-26MAY170830,2026-05-17T12:30:00Z,active,0.38,0.39,0.61,0.62,0.385,0.32,135213.93,44650.26,654.78,25.0,2026-05-17T12:24:44.428Z,btc-updown-15m-1779020100,"Bitcoin Up or Down - May 17, 8:15AM-8:30AM ET",btc-updown-15m-1779020100,2026-05-17T12:30:00Z,,0.81,0.82,0.18,0.19,0.815,0.79,6958.267298000003,,173.57,19.57,2026-05-17T12:24:44.428Z,BRTI,78393.59,78411.52,78379.48866666667,60,Polymarket RTDS,78391.2475,78356.92733762416,0.5800000000000001,1.44,
2026-05-17T12:24:46.983Z,2026-05-17T12:24:46.369Z,KXBTC15M-26MAY170830-30,BTC price up in next 15 mins?,KXBTC15M-26MAY170830,2026-05-17T12:30:00Z,active,0.38,0.39,0.61,0.62,0.385,0.32,135213.93,44650.26,386.06,24.38,2026-05-17T12:24:46.416Z,btc-updown-15m-1779020100,"Bitcoin Up or Down - May 17, 8:15AM-8:30AM ET",btc-updown-15m-1779020100,2026-05-17T12:30:00Z,,0.81,0.82,0.18,0.19,0.815,0.79,6958.267298000003,,220.4,19.57,2026-05-17T12:24:46.416Z,BRTI,78411.04,78411.52,78380.25050000001,60,Polymarket RTDS,78391.68687,78356.92733762416,0.5800000000000001,1.44,
2026-05-17T12:24:48.915Z,2026-05-17T12:24:48.378Z,KXBTC15M-26MAY170830-30,BTC price up in next 15 mins?,KXBTC15M-26MAY170830,2026-05-17T12:30:00Z,active,0.39,0.4,0.6,0.61,0.395,0.32,135213.93,44650.26,625.0,123.0,2026-05-17T12:24:48.423Z,btc-updown-15m-1779020100,"Bitcoin Up or Down - May 17, 8:15AM-8:30AM ET",btc-updown-15m-1779020100,2026-05-17T12:30:00Z,,0.81,0.82,0.18,0.19,0.815,0.79,6958.267298000003,,190.65,19.21,2026-05-17T12:24:48.423Z,BRTI,78395.02,78411.52,78380.99266666666,60,Polymarket RTDS,78391.77356,78356.92733762416,0.5900000000000001,1.43,
2026-05-17T12:24:50.862Z,2026-05-17T12:24:50.366Z,KXBTC15M-26MAY170830-30,BTC price up in next 15 mins?,KXBTC15M-26MAY170830,2026-05-17T12:30:00Z,active,0.39,0.4,0.6,0.61,0.395,0.32,135213.93,44650.26,641.63,28.42,2026-05-17T12:24:50.414Z,btc-updown-15m-1779020100,"Bitcoin Up or Down - May 17, 8:15AM-8:30AM ET",btc-updown-15m-1779020100,2026-05-17T12:30:00Z,,0.81,0.82,0.18,0.19,0.815,0.79,6958.267298000003,,190.65,19.21,2026-05-17T12:24:50.414Z,BRTI,78411.04,78411.52,78381.5965,60,Polymarket RTDS,78391.880115,78356.92733762416,0.5900000000000001,1.43,
2026-05-17T12:24:52.893Z,2026-05-17T12:24:52.377Z,KXBTC15M-26MAY170830-30,BTC price up in next 15 mins?,KXBTC15M-26MAY170830,2026-05-17T12:30:00Z,active,0.39,0.4,0.6,0.61,0.395,0.32,135213.93,44650.26,17.0,26.03,2026-05-17T12:24:52.428Z,btc-updown-15m-1779020100,"Bitcoin Up or Down - May 17, 8:15AM-8:30AM ET",btc-updown-15m-1779020100,2026-05-17T12:30:00Z,,0.82,0.83,0.17,0.18,0.825,0.79,6958.267298000003,,164.39,99.4,2026-05-17T12:24:52.428Z,BRTI,78405.28,78411.52,78382.50116666667,60,Polymarket RTDS,78391.97203,78356.92733762416,0.5800000000000001,1.44,
2026-05-17T12:24:54.958Z,2026-05-17T12:24:54.381Z,KXBTC15M-26MAY170830-30,BTC price up in next 15 mins?,KXBTC15M-26MAY170830,2026-05-17T12:30:00Z,active,0.38,0.39,0.61,0.62,0.385,0.32,135213.93,44650.26,610.66,75.0,2026-05-17T12:24:54.432Z,btc-updown-15m-1779020100,"Bitcoin Up or Down - May 17, 8:15AM-8:30AM ET",btc-updown-15m-1779020100,2026-05-17T12:30:00Z,,0.82,0.83,0.17,0.18,0.825,0.79,6958.267298000003,,286.86,10.0,2026-05-17T12:24:54.432Z,BRTI,78402.69,78411.52,78383.37116666666,60,Polymarket RTDS,78392.004775,78356.92733762416,0.5700000000000001,1.45,
2026-05-17T12:24:56.936Z,2026-05-17T12:24:56.354Z,KXBTC15M-26MAY170830-30,BTC price up in next 15 mins?,KXBTC15M-26MAY170830,2026-05-17T12:30:00Z,active,0.4,0.41,0.59,0.6,0.405,0.42,141568.91,44495.06,20.0,232.0,2026-05-17T12:24:56.404Z,btc-updown-15m-1779020100,"Bitcoin Up or Down - May 17, 8:15AM-8:30AM ET",btc-updown-15m-1779020100,2026-05-17T12:30:00Z,,0.85,0.86,0.14,0.15,0.855,0.79,6958.267298000003,,162.19,92.81,2026-05-17T12:24:56.404Z,BRTI,78405.28,78411.52,78384.00433333333,60,Polymarket RTDS,78391.958755,78356.92733762416,0.5599999999999999,1.46,
2026-05-17T12:24:58.861Z,2026-05-17T12:24:58.367Z,KXBTC15M-26MAY170830-30,BTC price up in next 15 mins?,KXBTC15M-26MAY170830,2026-05-17T12:30:00Z,active,0.37,0.38,0.62,0.63,0.375,0.42,141568.91,44495.06,364.15,198.76,2026-05-17T12:24:58.420Z,btc-updown-15m-1779020100,"Bitcoin Up or Down - May 17, 8:15AM-8:30AM ET",btc-updown-15m-1779020100,2026-05-17T12:30:00Z,,0.85,0.86,0.14,0.15,0.855,0.79,6958.267298000003,,157.19,202.57,2026-05-17T12:24:58.420Z,BRTI,78395.02,78411.52,78384.6265,60,Polymarket RTDS,78393.09978360678,78356.92733762416,0.53,1.49,
2026-05-17T12:25:00.913Z,2026-05-17T12:25:00.377Z,KXBTC15M-26MAY170830-30,BTC price up in next 15 mins?,KXBTC15M-26MAY170830,2026-05-17T12:30:00Z,active,0.36,0.38,0.62,0.64,0.37,0.42,141568.91,44495.06,735.0,1534.07,2026-05-17T12:25:00.428Z,btc-updown-15m-1779020100,"Bitcoin Up or Down - May 17, 8:15AM-8:30AM ET",btc-updown-15m-1779020100,2026-05-17T12:30:00Z,,0.84,0.86,0.14,0.16,0.85,0.79,6958.267298000003,,29.54,200.67,2026-05-17T12:25:00.428Z,BRTI,78408.72,78411.52,78385.20866666666,60,Polymarket RTDS,78392.31712959097,78356.92733762416,0.54,1.5,
2026-05-17T12:25:03.079Z,2026-05-17T12:25:02.407Z,KXBTC15M-26MAY170830-30,BTC price up in next 15 mins?,KXBTC15M-26MAY170830,2026-05-17T12:30:00Z,active,0.37,0.38,0.62,0.63,0.375,0.42,141568.91,44495.06,667.85,496.22,2026-05-17T12:25:02.511Z,btc-updown-15m-1779020100,"Bitcoin Up or Down - May 17, 8:15AM-8:30AM ET",btc-updown-15m-1779020100,2026-05-17T12:30:00Z,,0.84,0.85,0.15,0.16,0.845,0.79,6958.267298000003,,11.47,146.03,2026-05-17T12:25:02.511Z,BRTI,78402.69,78411.52,78385.44933333334,60,Polymarket RTDS,78391.37536422993,78356.92733762416,0.54,1.48,
2026-05-17T12:25:04.949Z,2026-05-17T12:25:04.393Z,KXBTC15M-26MAY170830-30,BTC price up in next 15 mins?,KXBTC15M-26MAY170830,2026-05-17T12:30:00Z,active,0.37,0.38,0.62,0.63,0.375,0.42,141568.91,44495.06,577.0,1957.35,2026-05-17T12:25:04.447Z,btc-updown-15m-1779020100,"Bitcoin Up or Down - May 17, 8:15AM-8:30AM ET",btc-updown-15m-1779020100,2026-05-17T12:30:00Z,,0.82,0.83,0.17,0.18,0.825,0.79,6958.267298000003,,149.93,28.55,2026-05-17T12:25:04.447Z,BRTI,78393.59,78411.52,78385.544,60,Polymarket RTDS,78391.69169138483,78356.92733762416,0.56,1.46,
2026-05-17T12:25:06.868Z,2026-05-17T12:25:06.370Z,KXBTC15M-26MAY170830-30,BTC price up in next 15 mins?,KXBTC15M-26MAY170830,2026-05-17T12:30:00Z,active,0.36,0.38,0.62,0.64,0.37,0.42,141568.91,44495.06,700.83,2922.91,2026-05-17T12:25:06.419Z,btc-updown-15m-1779020100,"Bitcoin Up or Down - May 17, 8:15AM-8:30AM ET",btc-updown-15m-1779020100,2026-05-17T12:30:00Z,,0.82,0.83,0.17,0.18,0.825,0.79,6958.267298000003,,231.74,22.02,2026-05-17T12:25:06.419Z,BRTI,78406.75,78411.52,78385.85233333333,60,Polymarket RTDS,78391.44587438669,78356.92733762416,0.56,1.47,
2026-05-17T12:25:08.866Z,2026-05-17T12:25:08.362Z,KXBTC15M-26MAY170830-30,BTC price up in next 15 mins?,KXBTC15M-26MAY170830,2026-05-17T12:30:00Z,active,0.36,0.37,0.63,0.64,0.365,0.42,141568.91,44495.06,703.83,2840.07,2026-05-17T12:25:08.407Z,btc-updown-15m-1779020100,"Bitcoin Up or Down - May 17, 8:15AM-8:30AM ET",btc-updown-15m-1779020100,2026-05-17T12:30:00Z,,0.83,0.84,0.16,0.17,0.835,0.79,6958.267298000003,,149.3,65.66,2026-05-17T12:25:08.407Z,BRTI,78411.1,78411.52,78386.47416666667,60,Polymarket RTDS,78391.50263451978,78356.92733762416,0.54,1.48,
2026-05-17T12:25:10.892Z,2026-05-17T12:25:10.375Z,KXBTC15M-26MAY170830-30,BTC price up in next 15 mins?,KXBTC15M-26MAY170830,2026-05-17T12:30:00Z,active,0.36,0.37,0.63,0.64,0.365,0.42,141568.91,44495.06,738.0,2589.35,2026-05-17T12:25:10.425Z,btc-updown-15m-1779020100,"Bitcoin Up or Down - May 17, 8:15AM-8:30AM ET",btc-updown-15m-1779020100,2026-05-17T12:30:00Z,,0.83,0.84,0.16,0.17,0.835,0.79,6958.267298000003,,163.3,89.81,2026-05-17T12:25:10.426Z,BRTI,78393.3,78411.52,78386.78583333334,60,Polymarket RTDS,78391.80638456675,78356.92733762416,0.54,1.48,
2026-05-17T12:25:12.873Z,2026-05-17T12:25:12.378Z,KXBTC15M-26MAY170830-30,BTC price up in next 15 mins?,KXBTC15M-26MAY170830,2026-05-17T12:30:00Z,active,0.35,0.36,0.64,0.65,0.355,0.42,141568.91,44495.06,718.0,2491.24,2026-05-17T12:25:12.426Z,btc-updown-15m-1779020100,"Bitcoin Up or Down - May 17, 8:15AM-8:30AM ET",btc-updown-15m-1779020100,2026-05-17T12:30:00Z,,0.83,0.84,0.16,0.17,0.835,0.79,6958.267298000003,,178.3,16.81,2026-05-17T12:25:12.426Z,BRTI,78395.02,78411.52,78387.12266666668,60,Polymarket RTDS,78390.71260248985,78356.92733762416,0.53,1.49,
2026-05-17T12:25:14.891Z,2026-05-17T12:25:14.377Z,KXBTC15M-26MAY170830-30,BTC price up in next 15 mins?,KXBTC15M-26MAY170830,2026-05-17T12:30:00Z,active,0.35,0.36,0.64,0.65,0.355,0.42,141568.91,44495.06,760.0,2124.75,2026-05-17T12:25:14.423Z,btc-updown-15m-1779020100,"Bitcoin Up or Down - May 17, 8:15AM-8:30AM ET",btc-updown-15m-1779020100,2026-05-17T12:30:00Z,,0.83,0.84,0.16,0.17,0.835,0.79,6958.267298000003,,173.3,61.32,2026-05-17T12:25:14.423Z,BRTI,78393.3,78411.52,78387.20683333333,60,Polymarket RTDS,78390.42276141058,78356.92733762416,0.53,1.49,
2026-05-17T12:25:16.903Z,2026-05-17T12:25:16.374Z,KXBTC15M-26MAY170830-30,BTC price up in next 15 mins?,KXBTC15M-26MAY170830,2026-05-17T12:30:00Z,active,0.35,0.36,0.64,0.65,0.355,0.42,141568.91,44495.06,657.63,2523.86,2026-05-17T12:25:16.423Z,btc-updown-15m-1779020100,"Bitcoin Up or Down - May 17, 8:15AM-8:30AM ET",btc-updown-15m-1779020100,2026-05-17T12:30:00Z,,0.83,0.84,0.16,0.17,0.835,0.79,6958.267298000003,,173.3,48.81,2026-05-17T12:25:16.423Z,BRTI,78395.02,78411.52,78387.669,60,Polymarket RTDS,78390.21718232751,78356.92733762416,0.53,1.49,
2026-05-17T12:25:18.929Z,2026-05-17T12:25:18.367Z,KXBTC15M-26MAY170830-30,BTC price up in next 15 mins?,KXBTC15M-26MAY170830,2026-05-17T12:30:00Z,active,0.35,0.36,0.64,0.65,0.355,0.42,141568.91,44495.06,642.62,2254.67,2026-05-17T12:25:18.423Z,btc-updown-15m-1779020100,"Bitcoin Up or Down - May 17, 8:15AM-8:30AM ET",btc-updown-15m-1779020100,2026-05-17T12:30:00Z,,0.83,0.84,0.16,0.17,0.835,0.79,6958.267298000003,,248.3,58.93,2026-05-17T12:25:18.423Z,BRTI,78411.1,78411.52,78388.39916666667,60,Polymarket RTDS,78391.69826390444,78356.92733762416,0.53,1.49,
2026-05-17T12:25:20.875Z,2026-05-17T12:25:20.375Z,KXBTC15M-26MAY170830-30,BTC price up in next 15 mins?,KXBTC15M-26MAY170830,2026-05-17T12:30:00Z,active,0.35,0.36,0.64,0.65,0.355,0.42,141568.91,44495.06,641.12,2581.16,2026-05-17T12:25:20.425Z,btc-updown-15m-1779020100,"Bitcoin Up or Down - May 17, 8:15AM-8:30AM ET",btc-updown-15m-1779020100,2026-05-17T12:30:00Z,,0.83,0.84,0.16,0.17,0.835,0.79,6958.267298000003,,248.3,27.08,2026-05-17T12:25:20.425Z,BRTI,78393.59,78411.52,78388.49383333333,60,Polymarket RTDS,78391.83031595746,78356.92733762416,0.53,1.49,
2026-05-17T12:25:22.873Z,2026-05-17T12:25:22.367Z,KXBTC15M-26MAY170830-30,BTC price up in next 15 mins?,KXBTC15M-26MAY170830,2026-05-17T12:30:00Z,active,0.35,0.36,0.64,0.65,0.355,0.42,141568.91,44495.06,639.62,2500.32,2026-05-17T12:25:22.414Z,btc-updown-15m-1779020100,"Bitcoin Up or Down - May 17, 8:15AM-8:30AM ET",btc-updown-15m-1779020100,2026-05-17T12:30:00Z,,0.83,0.84,0.16,0.17,0.835,0.79,6958.267298000003,,248.3,33.08,2026-05-17T12:25:22.414Z,BRTI,78393.59,78411.52,78388.80683333334,60,Polymarket RTDS,78391.6527114862,78356.92733762416,0.53,1.49,
2026-05-17T12:25:24.888Z,2026-05-17T12:25:24.374Z,KXBTC15M-26MAY170830-30,BTC price up in next 15 mins?,KXBTC15M-26MAY170830,2026-05-17T12:30:00Z,active,0.36,0.37,0.63,0.64,0.365,0.42,141568.91,44495.06,525.0,2998.0,2026-05-17T12:25:24.419Z,btc-updown-15m-1779020100,"Bitcoin Up or Down - May 17, 8:15AM-8:30AM ET",btc-updown-15m-1779020100,2026-05-17T12:30:00Z,,0.83,0.84,0.16,0.17,0.835,0.79,6958.267298000003,,268.81,33.08,2026-05-17T12:25:24.419Z,BRTI,78411.1,78411.52,78389.537,60,Polymarket RTDS,78390.98079621744,78356.92733762416,0.54,1.48,
2026-05-17T12:25:26.940Z,2026-05-17T12:25:26.408Z,KXBTC15M-26MAY170830-30,BTC price up in next 15 mins?,KXBTC15M-26MAY170830,2026-05-17T12:30:00Z,active,0.36,0.37,0.63,0.64,0.365,0.37,149580.08,42295.70,518.75,2991.36,2026-05-17T12:25:26.463Z,btc-updown-15m-1779020100,"Bitcoin Up or Down - May 17, 8:15AM-8:30AM ET",btc-updown-15m-1779020100,2026-05-17T12:30:00Z,,0.83,0.84,0.16,0.17,0.835,0.79,6958.267298000003,,241.9,26.91,2026-05-17T12:25:26.463Z,BRTI,78411.04,78411.52,78390.26616666667,60,Polymarket RTDS,78391.9963938621,78356.92733762416,0.54,1.48,
2026-05-17T12:25:28.858Z,2026-05-17T12:25:28.364Z,KXBTC15M-26MAY170830-30,BTC price up in next 15 mins?,KXBTC15M-26MAY170830,2026-05-17T12:30:00Z,active,0.26,0.28,0.72,0.74,0.27,0.37,149580.08,42295.70,646.0,1694.0,2026-05-17T12:25:28.417Z,btc-updown-15m-1779020100,"Bitcoin Up or Down - May 17, 8:15AM-8:30AM ET",btc-updown-15m-1779020100,2026-05-17T12:30:00Z,,0.79,0.8,0.2,0.21,0.795,0.79,6958.267298000003,,157.62,135.42,2026-05-17T12:25:28.417Z,BRTI,78393.59,78411.52,78390.70449999999,60,Polymarket RTDS,78392.07718644655,78356.92733762416,0.49,1.54,
2026-05-17T12:25:30.855Z,2026-05-17T12:25:30.366Z,KXBTC15M-26MAY170830-30,BTC price up in next 15 mins?,KXBTC15M-26MAY170830,2026-05-17T12:30:00Z,active,0.26,0.27,0.73,0.74,0.265,0.37,149580.08,42295.70,1756.14,13.0,2026-05-17T12:25:30.412Z,btc-updown-15m-1779020100,"Bitcoin Up or Down - May 17, 8:15AM-8:30AM ET",btc-updown-15m-1779020100,2026-05-17T12:30:00Z,,0.79,0.8,0.2,0.21,0.795,0.79,6958.267298000003,,176.66,67.37,2026-05-17T12:25:30.412Z,BRTI,78411.1,78411.52,78391.32633333333,60,Polymarket RTDS,78389.44858167786,78356.92733762416,0.48,1.54,
2026-05-17T12:25:32.915Z,2026-05-17T12:25:32.373Z,KXBTC15M-26MAY170830-30,BTC price up in next 15 mins?,KXBTC15M-26MAY170830,2026-05-17T12:30:00Z,active,0.27,0.29,0.71,0.73,0.28,0.37,149580.08,42295.70,585.15,1665.5,2026-05-17T12:25:32.425Z,btc-updown-15m-1779020100,"Bitcoin Up or Down - May 17, 8:15AM-8:30AM ET",btc-updown-15m-1779020100,2026-05-17T12:30:00Z,,0.79,0.8,0.2,0.21,0.795,0.79,6958.267298000003,,207.79,10.55,2026-05-17T12:25:32.425Z,BRTI,78411.04,78411.52,78391.94716666666,60,Polymarket RTDS,78389.26877604946,78356.92733762416,0.5,1.53,
2026-05-17T12:25:34.947Z,2026-05-17T12:25:34.415Z,KXBTC15M-26MAY170830-30,BTC price up in next 15 mins?,KXBTC15M-26MAY170830,2026-05-17T12:30:00Z,active,0.25,0.27,0.73,0.75,0.26,0.37,149580.08,42295.70,78.7,2690.0,2026-05-17T12:25:34.466Z,btc-updown-15m-1779020100,"Bitcoin Up or Down - May 17, 8:15AM-8:30AM ET",btc-updown-15m-1779020100,2026-05-17T12:30:00Z,,0.79,0.8,0.2,0.21,0.795,0.79,6958.267298000003,,20.28,38.79,2026-05-17T12:25:34.466Z,BRTI,78406.75,78411.52,78392.47949999999,60,Polymarket RTDS,78389.1477802308,78356.92733762416,0.48,1.55,
2026-05-17T12:25:36.887Z,2026-05-17T12:25:36.374Z,KXBTC15M-26MAY170830-30,BTC price up in next 15 mins?,KXBTC15M-26MAY170830,2026-05-17T12:30:00Z,active,0.2,0.21,0.79,0.8,0.20500000000000002,0.37,149580.08,42295.70,1625.53,85.0,2026-05-17T12:25:36.426Z,btc-updown-15m-1779020100,"Bitcoin Up or Down - May 17, 8:15AM-8:30AM ET",btc-updown-15m-1779020100,2026-05-17T12:30:00Z,,0.73,0.74,0.26,0.27,0.735,0.79,6958.267298000003,,283.85,11.67,2026-05-17T12:25:36.426Z,BRTI,78406.75,78411.52,78392.7935,60,Polymarket RTDS,78387.82436115919,78356.92733762416,0.48,1.54,
2026-05-17T12:25:38.864Z,2026-05-17T12:25:38.367Z,KXBTC15M-26MAY170830-30,BTC price up in next 15 mins?,KXBTC15M-26MAY170830,2026-05-17T12:30:00Z,active,0.31,0.32,0.68,0.69,0.315,0.37,149580.08,42295.70,700.0,2238.23,2026-05-17T12:25:38.415Z,btc-updown-15m-1779020100,"Bitcoin Up or Down - May 17, 8:15AM-8:30AM ET",btc-updown-15m-1779020100,2026-05-17T12:30:00Z,,0.75,0.83,0.17,0.25,0.79,0.79,6958.267298000003,,40.0,29.44,2026-05-17T12:25:38.415Z,BRTI,78408.72,78411.52,78393.484,60,Polymarket RTDS,78383.31914369007,78356.92733762416,0.5700000000000001,1.52,
2026-05-17T12:25:40.894Z,2026-05-17T12:25:40.365Z,KXBTC15M-26MAY170830-30,BTC price up in next 15 mins?,KXBTC15M-26MAY170830,2026-05-17T12:30:00Z,active,0.31,0.32,0.68,0.69,0.315,0.37,149580.08,42295.70,659.18,23.21,2026-05-17T12:25:40.419Z,btc-updown-15m-1779020100,"Bitcoin Up or Down - May 17, 8:15AM-8:30AM ET",btc-updown-15m-1779020100,2026-05-17T12:30:00Z,,0.79,0.81,0.19,0.21,0.8,0.79,6958.267298000003,,15.0,20.0,2026-05-17T12:25:40.419Z,BRTI,78395.02,78411.52,78393.60250000001,60,Polymarket RTDS,78388.677595,78356.92733762416,0.53,1.5,
2026-05-17T12:25:43.098Z,2026-05-17T12:25:42.381Z,KXBTC15M-26MAY170830-30,BTC price up in next 15 mins?,KXBTC15M-26MAY170830,2026-05-17T12:30:00Z,active,0.31,0.32,0.68,0.69,0.315,0.37,149580.08,42295.70,525.89,23.21,2026-05-17T12:25:42.427Z,btc-updown-15m-1779020100,"Bitcoin Up or Down - May 17, 8:15AM-8:30AM ET",btc-updown-15m-1779020100,2026-05-17T12:30:00Z,,0.84,0.85,0.15,0.16,0.845,0.79,6958.267298000003,,44.36,65.65,2026-05-17T12:25:42.427Z,BRTI,78397.65,78411.52,78394.00016666666,60,Polymarket RTDS,78388.659705,78356.92733762416,0.48,1.54,
2026-05-17T12:25:44.881Z,2026-05-17T12:25:44.378Z,KXBTC15M-26MAY170830-30,BTC price up in next 15 mins?,KXBTC15M-26MAY170830,2026-05-17T12:30:00Z,active,0.31,0.33,0.67,0.69,0.32,0.37,149580.08,42295.70,625.0,2992.54,2026-05-17T12:25:44.429Z,btc-updown-15m-1779020100,"Bitcoin Up or Down - May 17, 8:15AM-8:30AM ET",btc-updown-15m-1779020100,2026-05-17T12:30:00Z,,0.83,0.84,0.16,0.17,0.835,0.79,6958.267298000003,,98.43,38.11,2026-05-17T12:25:44.429Z,BRTI,78393.3,78411.52,78394.08433333333,60,Polymarket RTDS,78388.632645,78356.92733762416,0.5,1.5299999999999998,
2026-05-17T12:25:46.914Z,2026-05-17T12:25:46.367Z,KXBTC15M-26MAY170830-30,BTC price up in next 15 mins?,KXBTC15M-26MAY170830,2026-05-17T12:30:00Z,active,0.31,0.32,0.68,0.69,0.315,0.37,149580.08,42295.70,73.54,1574.11,2026-05-17T12:25:46.422Z,btc-updown-15m-1779020100,"Bitcoin Up or Down - May 17, 8:15AM-8:30AM ET",btc-updown-15m-1779020100,2026-05-17T12:30:00Z,,0.83,0.84,0.16,0.17,0.835,0.79,6958.267298000003,,61.43,24.8,2026-05-17T12:25:46.422Z,BRTI,78397.65,78411.52,78394.59033333333,60,Polymarket RTDS,78388.583895,78356.92733762416,0.49,1.5299999999999998,
2026-05-17T12:25:48.870Z,2026-05-17T12:25:48.366Z,KXBTC15M-26MAY170830-30,BTC price up in next 15 mins?,KXBTC15M-26MAY170830,2026-05-17T12:30:00Z,active,0.3,0.32,0.68,0.7,0.31,0.37,149580.08,42295.70,2186.3,108.38,2026-05-17T12:25:48.417Z,btc-updown-15m-1779020100,"Bitcoin Up or Down - May 17, 8:15AM-8:30AM ET",btc-updown-15m-1779020100,2026-05-17T12:30:00Z,,0.83,0.84,0.16,0.17,0.835,0.79,6958.267298000003,,119.43,8.37,2026-05-17T12:25:48.417Z,BRTI,78395.02,78411.52,78394.92716666666,60,Polymarket RTDS,78388.52657,78356.92733762416,0.49,1.54,
2026-05-17T12:25:50.879Z,2026-05-17T12:25:50.356Z,KXBTC15M-26MAY170830-30,BTC price up in next 15 mins?,KXBTC15M-26MAY170830,2026-05-17T12:30:00Z,active,0.2,0.21,0.79,0.8,0.20500000000000002,0.37,149580.08,42295.70,54.53,155.0,2026-05-17T12:25:50.401Z,btc-updown-15m-1779020100,"Bitcoin Up or Down - May 17, 8:15AM-8:30AM ET",btc-updown-15m-1779020100,2026-05-17T12:30:00Z,,0.72,0.82,0.18,0.28,0.77,0.79,6958.267298000003,,7.06,6.0,2026-05-17T12:25:50.401Z,BRTI,78393.99,78411.52,78394.64199999999,60,Polymarket RTDS,78388.23842076513,78356.92733762416,0.49,1.62,
2026-05-17T12:25:52.892Z,2026-05-17T12:25:52.380Z,KXBTC15M-26MAY170830-30,BTC price up in next 15 mins?,KXBTC15M-26MAY170830,2026-05-17T12:30:00Z,active,0.2,0.21,0.79,0.8,0.20500000000000002,0.37,149580.08,42295.70,34.53,118.0,2026-05-17T12:25:52.430Z,btc-updown-15m-1779020100,"Bitcoin Up or Down - May 17, 8:15AM-8:30AM ET",btc-updown-15m-1779020100,2026-05-17T12:30:00Z,,0.72,0.73,0.27,0.28,0.725,0.79,6958.267298000003,,135.86,13.77,2026-05-17T12:25:52.430Z,BRTI,78393.3,78411.52,78394.96716666667,60,Polymarket RTDS,78380.16254239489,78356.92733762416,0.49,1.53,
2026-05-17T12:25:55.091Z,2026-05-17T12:25:54.376Z,KXBTC15M-26MAY170830-30,BTC price up in next 15 mins?,KXBTC15M-26MAY170830,2026-05-17T12:30:00Z,active,0.19,0.2,0.8,0.81,0.195,0.37,149580.08,42295.70,9.35,3184.82,2026-05-17T12:25:54.424Z,btc-updown-15m-1779020100,"Bitcoin Up or Down - May 17, 8:15AM-8:30AM ET",btc-updown-15m-1779020100,2026-05-17T12:30:00Z,,0.72,0.73,0.27,0.28,0.725,0.79,6958.267298000003,,364.92,29.61,2026-05-17T12:25:54.424Z,BRTI,78405.28,78411.52,78395.475,60,Polymarket RTDS,78380.02512844329,78356.92733762416,0.48000000000000004,1.54,
2026-05-17T12:25:56.906Z,2026-05-17T12:25:56.379Z,KXBTC15M-26MAY170830-30,BTC price up in next 15 mins?,KXBTC15M-26MAY170830,2026-05-17T12:30:00Z,active,0.18,0.19,0.81,0.82,0.185,0.2,157652.50,42502.15,92.32,117.66,2026-05-17T12:25:56.432Z,btc-updown-15m-1779020100,"Bitcoin Up or Down - May 17, 8:15AM-8:30AM ET",btc-updown-15m-1779020100,2026-05-17T12:30:00Z,,0.72,0.73,0.27,0.28,0.725,0.79,6958.267298000003,,113.78,46.0,2026-05-17T12:25:56.432Z,BRTI,78397.65,78411.52,78395.63733333333,60,Polymarket RTDS,78379.93200017557,78356.92733762416,0.47000000000000003,1.5499999999999998,
2026-05-17T12:25:58.919Z,2026-05-17T12:25:58.378Z,KXBTC15M-26MAY170830-30,BTC price up in next 15 mins?,KXBTC15M-26MAY170830,2026-05-17T12:30:00Z,active,0.17,0.18,0.82,0.83,0.175,0.2,157652.50,42502.15,1183.03,4.0,2026-05-17T12:25:58.448Z,btc-updown-15m-1779020100,"Bitcoin Up or Down - May 17, 8:15AM-8:30AM ET",btc-updown-15m-1779020100,2026-05-17T12:30:00Z,,0.72,0.73,0.27,0.28,0.725,0.79,6958.267298000003,,130.28,70.93,2026-05-17T12:25:58.448Z,BRTI,78406.75,78411.52,78395.94566666667,60,Polymarket RTDS,78379.88633874235,78356.92733762416,0.46,1.56,
2026-05-17T12:26:00.959Z,2026-05-17T12:26:00.371Z,KXBTC15M-26MAY170830-30,BTC price up in next 15 mins?,KXBTC15M-26MAY170830,2026-05-17T12:30:00Z,active,0.17,0.18,0.82,0.83,0.175,0.2,157652.50,42502.15,1050.7,88.0,2026-05-17T12:26:00.436Z,btc-updown-15m-1779020100,"Bitcoin Up or Down - May 17, 8:15AM-8:30AM ET",btc-updown-15m-1779020100,2026-05-17T12:30:00Z,,0.72,0.73,0.27,0.28,0.725,0.79,6958.267298000003,,118.68,70.93,2026-05-17T12:26:00.436Z,BRTI,78402.69,78411.52,78396.42733333333,60,Polymarket RTDS,78379.9400034989,78356.92733762416,0.46,1.56,
2026-05-17T12:26:03.076Z,2026-05-17T12:26:02.376Z,KXBTC15M-26MAY170830-30,BTC price up in next 15 mins?,KXBTC15M-26MAY170830,2026-05-17T12:30:00Z,active,0.18,0.19,0.81,0.82,0.185,0.2,157652.50,42502.15,107.32,142.86,2026-05-17T12:26:02.445Z,btc-updown-15m-1779020100,"Bitcoin Up or Down - May 17, 8:15AM-8:30AM ET",btc-updown-15m-1779020100,2026-05-17T12:30:00Z,,0.72,0.73,0.27,0.28,0.725,0.79,6958.267298000003,,62.91,40.86,2026-05-17T12:26:02.445Z,BRTI,78397.65,78411.52,78396.825,60,Polymarket RTDS,78379.12533561555,78356.92733762416,0.47000000000000003,1.5499999999999998,
2026-05-17T12:26:04.936Z,2026-05-17T12:26:04.379Z,KXBTC15M-26MAY170830-30,BTC price up in next 15 mins?,KXBTC15M-26MAY170830,2026-05-17T12:30:00Z,active,0.18,0.19,0.81,0.82,0.185,0.2,157652.50,42502.15,972.88,591.72,2026-05-17T12:26:04.438Z,btc-updown-15m-1779020100,"Bitcoin Up or Down - May 17, 8:15AM-8:30AM ET",btc-updown-15m-1779020100,2026-05-17T12:30:00Z,,0.71,0.72,0.28,0.29,0.715,0.79,6958.267298000003,,55.95,25.43,2026-05-17T12:26:04.438Z,BRTI,78393.59,78411.52,78396.914,60,Polymarket RTDS,78378.92217108834,78356.92733762416,0.48,1.54,
2026-05-17T12:26:07.031Z,2026-05-17T12:26:06.384Z,KXBTC15M-26MAY170830-30,BTC price up in next 15 mins?,KXBTC15M-26MAY170830,2026-05-17T12:30:00Z,active,0.18,0.19,0.81,0.82,0.185,0.2,157652.50,42502.15,2575.27,663.72,2026-05-17T12:26:06.432Z,btc-updown-15m-1779020100,"Bitcoin Up or Down - May 17, 8:15AM-8:30AM ET",btc-updown-15m-1779020100,2026-05-17T12:30:00Z,,0.73,0.74,0.26,0.27,0.735,0.79,6958.267298000003,,25.0,52.89,2026-05-17T12:26:06.432Z,BRTI,78393.59,78411.52,78397.00866666666,60,Polymarket RTDS,78378.97307780496,78356.92733762416,0.46,1.56,
2026-05-17T12:26:08.915Z,2026-05-17T12:26:08.369Z,KXBTC15M-26MAY170830-30,BTC price up in next 15 mins?,KXBTC15M-26MAY170830,2026-05-17T12:30:00Z,active,0.18,0.19,0.81,0.82,0.185,0.2,157652.50,42502.15,1551.21,577.0,2026-05-17T12:26:08.437Z,btc-updown-15m-1779020100,"Bitcoin Up or Down - May 17, 8:15AM-8:30AM ET",btc-updown-15m-1779020100,2026-05-17T12:30:00Z,,0.73,0.74,0.26,0.27,0.735,0.79,6958.267298000003,,182.11,22.76,2026-05-17T12:26:08.437Z,BRTI,78402.69,78411.52,78397.25499999999,60,Polymarket RTDS,78378.97772845806,78356.92733762416,0.46,1.56,
2026-05-17T12:26:10.928Z,2026-05-17T12:26:10.364Z,KXBTC15M-26MAY170830-30,BTC price up in next 15 mins?,KXBTC15M-26MAY170830,2026-05-17T12:30:00Z,active,0.17,0.19,0.81,0.83,0.18,0.2,157652.50,42502.15,1225.48,623.0,2026-05-17T12:26:10.408Z,btc-updown-15m-1779020100,"Bitcoin Up or Down - May 17, 8:15AM-8:30AM ET",btc-updown-15m-1779020100,2026-05-17T12:30:00Z,,0.73,0.74,0.26,0.27,0.735,0.79,6958.267298000003,,174.4,27.76,2026-05-17T12:26:10.408Z,BRTI,78408.72,78411.52,78397.82366666666,60,Polymarket RTDS,78378.97805349578,78356.92733762416,0.46,1.5699999999999998,
2026-05-17T12:26:12.891Z,2026-05-17T12:26:12.372Z,KXBTC15M-26MAY170830-30,BTC price up in next 15 mins?,KXBTC15M-26MAY170830,2026-05-17T12:30:00Z,active,0.17,0.18,0.82,0.83,0.175,0.2,157652.50,42502.15,1182.76,500.0,2026-05-17T12:26:12.422Z,btc-updown-15m-1779020100,"Bitcoin Up or Down - May 17, 8:15AM-8:30AM ET",btc-updown-15m-1779020100,2026-05-17T12:30:00Z,,0.73,0.74,0.26,0.27,0.735,0.79,6958.267298000003,,62.35,35.48,2026-05-17T12:26:12.422Z,BRTI,78395.02,78411.52,78398.1775,60,Polymarket RTDS,78379.16858451084,78356.92733762416,0.45,1.5699999999999998,
2026-05-17T12:26:14.879Z,2026-05-17T12:26:14.363Z,KXBTC15M-26MAY170830-30,BTC price up in next 15 mins?,KXBTC15M-26MAY170830,2026-05-17T12:30:00Z,active,0.17,0.18,0.82,0.83,0.175,0.2,157652.50,42502.15,971.95,504.51,2026-05-17T12:26:14.421Z,btc-updown-15m-1779020100,"Bitcoin Up or Down - May 17, 8:15AM-8:30AM ET",btc-updown-15m-1779020100,2026-05-17T12:30:00Z,,0.73,0.74,0.26,0.27,0.735,0.79,6958.267298000003,,47.35,35.48,2026-05-17T12:26:14.421Z,BRTI,78395.02,78411.52,78398.53133333333,60,Polymarket RTDS,78379.17225299183,78356.92733762416,0.45,1.5699999999999998,
2026-05-17T12:26:16.923Z,2026-05-17T12:26:16.372Z,KXBTC15M-26MAY170830-30,BTC price up in next 15 mins?,KXBTC15M-26MAY170830,2026-05-17T12:30:00Z,active,0.16,0.17,0.83,0.84,0.165,0.2,157652.50,42502.15,2580.2,88.0,2026-05-17T12:26:16.437Z,btc-updown-15m-1779020100,"Bitcoin Up or Down - May 17, 8:15AM-8:30AM ET",btc-updown-15m-1779020100,2026-05-17T12:30:00Z,,0.74,0.75,0.25,0.26,0.745,0.79,6958.267298000003,,40.77,23.47,2026-05-17T12:26:16.437Z,BRTI,78393.99,78411.52,78398.34316666666,60,Polymarket RTDS,78379.17046774137,78356.92733762416,0.43000000000000005,1.5899999999999999,
2026-05-17T12:26:18.887Z,2026-05-17T12:26:18.379Z,KXBTC15M-26MAY170830-30,BTC price up in next 15 mins?,KXBTC15M-26MAY170830,2026-05-17T12:30:00Z,active,0.16,0.18,0.82,0.84,0.16999999999999998,0.2,157652.50,42502.15,1773.93,628.26,2026-05-17T12:26:18.430Z,btc-updown-15m-1779020100,"Bitcoin Up or Down - May 17, 8:15AM-8:30AM ET",btc-updown-15m-1779020100,2026-05-17T12:30:00Z,,0.74,0.75,0.25,0.26,0.745,0.79,6958.267298000003,,96.33,30.25,2026-05-17T12:26:18.430Z,BRTI,78393.59,78411.52,78398.43783333333,60,Polymarket RTDS,78379.17528335546,78356.92733762416,0.44,1.5899999999999999,
2026-05-17T12:26:20.917Z,2026-05-17T12:26:20.382Z,KXBTC15M-26MAY170830-30,BTC price up in next 15 mins?,KXBTC15M-26MAY170830,2026-05-17T12:30:00Z,active,0.16,0.17,0.83,0.84,0.165,0.2,157652.50,42502.15,1114.37,75.0,2026-05-17T12:26:20.436Z,btc-updown-15m-1779020100,"Bitcoin Up or Down - May 17, 8:15AM-8:30AM ET",btc-updown-15m-1779020100,2026-05-17T12:30:00Z,,0.74,0.75,0.25,0.26,0.745,0.79,6958.267298000003,,101.33,18.22,2026-05-17T12:26:20.436Z,BRTI,78385.6,78411.52,78398.10983333334,60,Polymarket RTDS,78378.566006871,78356.92733762416,0.43000000000000005,1.5899999999999999,
2026-05-17T12:26:22.858Z,2026-05-17T12:26:22.365Z,KXBTC15M-26MAY170830-30,BTC price up in next 15 mins?,KXBTC15M-26MAY170830,2026-05-17T12:30:00Z,active,0.17,0.18,0.82,0.83,0.175,0.2,157652.50,42502.15,74.0,533.11,2026-05-17T12:26:22.412Z,btc-updown-15m-1779020100,"Bitcoin Up or Down - May 17, 8:15AM-8:30AM ET",btc-updown-15m-1779020100,2026-05-17T12:30:00Z,,0.74,0.75,0.25,0.26,0.745,0.79,6958.267298000003,,58.68,10.34,2026-05-17T12:26:22.412Z,BRTI,78402.69,78411.52,78398.35616666666,60,Polymarket RTDS,78378.62960245578,78356.92733762416,0.44,1.58,
2026-05-17T12:26:24.890Z,2026-05-17T12:26:24.370Z,KXBTC15M-26MAY170830-30,BTC price up in next 15 mins?,KXBTC15M-26MAY170830,2026-05-17T12:30:00Z,active,0.22,0.23,0.77,0.78,0.225,0.2,157652.50,42502.15,32.7,95.62,2026-05-17T12:26:24.432Z,btc-updown-15m-1779020100,"Bitcoin Up or Down - May 17, 8:15AM-8:30AM ET",btc-updown-15m-1779020100,2026-05-17T12:30:00Z,,0.79,0.8,0.2,0.21,0.795,0.79,6958.267298000003,,42.47,13.77,2026-05-17T12:26:24.432Z,BRTI,78397.65,78411.52,78398.75383333334,60,Polymarket RTDS,78378.63238353496,78356.92733762416,0.44,1.58,
2026-05-17T12:26:26.941Z,2026-05-17T12:26:26.384Z,KXBTC15M-26MAY170830-30,BTC price up in next 15 mins?,KXBTC15M-26MAY170830,2026-05-17T12:30:00Z,active,0.23,0.24,0.76,0.77,0.235,0.2,157652.50,42502.15,631.85,79.0,2026-05-17T12:26:26.441Z,btc-updown-15m-1779020100,"Bitcoin Up or Down - May 17, 8:15AM-8:30AM ET",btc-updown-15m-1779020100,2026-05-17T12:30:00Z,,0.8,0.81,0.19,0.2,0.805,0.79,6958.267298000003,,84.09,132.0,2026-05-17T12:26:26.442Z,BRTI,78395.02,78411.52,78398.48583333334,60,Polymarket RTDS,78379.22029936437,78356.92733762416,0.44,1.58,
2026-05-17T12:26:28.914Z,2026-05-17T12:26:28.375Z,KXBTC15M-26MAY170830-30,BTC price up in next 15 mins?,KXBTC15M-26MAY170830,2026-05-17T12:30:00Z,active,0.24,0.25,0.75,0.76,0.245,0.23,164341.44,42780.72,125.0,10.0,2026-05-17T12:26:28.422Z,btc-updown-15m-1779020100,"Bitcoin Up or Down - May 17, 8:15AM-8:30AM ET",btc-updown-15m-1779020100,2026-05-17T12:30:00Z,,0.8,0.81,0.19,0.2,0.805,0.79,6958.267298000003,,89.09,125.3,2026-05-17T12:26:28.422Z,BRTI,78385.6,78411.52,78398.44733333333,60,Polymarket RTDS,78379.21356483264,78356.92733762416,0.45,1.57,
2026-05-17T12:26:30.872Z,2026-05-17T12:26:30.377Z,KXBTC15M-26MAY170830-30,BTC price up in next 15 mins?,KXBTC15M-26MAY170830,2026-05-17T12:30:00Z,active,0.24,0.25,0.75,0.76,0.245,0.23,164341.44,42780.72,12.94,283.0,2026-05-17T12:26:30.423Z,btc-updown-15m-1779020100,"Bitcoin Up or Down - May 17, 8:15AM-8:30AM ET",btc-updown-15m-1779020100,2026-05-17T12:30:00Z,,0.81,0.82,0.18,0.19,0.815,0.79,6958.267298000003,,89.95,29.18,2026-05-17T12:26:30.423Z,BRTI,78395.02,78411.52,78398.80116666667,60,Polymarket RTDS,78379.6566505851,78356.92733762416,0.44,1.58,
2026-05-17T12:26:32.908Z,2026-05-17T12:26:32.364Z,KXBTC15M-26MAY170830-30,BTC price up in next 15 mins?,KXBTC15M-26MAY170830,2026-05-17T12:30:00Z,active,0.26,0.27,0.73,0.74,0.265,0.23,164341.44,42780.72,650.0,416.0,2026-05-17T12:26:32.422Z,btc-updown-15m-1779020100,"Bitcoin Up or Down - May 17, 8:15AM-8:30AM ET",btc-updown-15m-1779020100,2026-05-17T12:30:00Z,,0.81,0.82,0.18,0.19,0.815,0.79,6958.267298000003,,215.56,8.34,2026-05-17T12:26:32.422Z,BRTI,78406.75,78411.52,78399.3505,60,Polymarket RTDS,78380.3162205851,78356.92733762416,0.46,1.56,
2026-05-17T12:26:34.902Z,2026-05-17T12:26:34.385Z,KXBTC15M-26MAY170830-30,BTC price up in next 15 mins?,KXBTC15M-26MAY170830,2026-05-17T12:30:00Z,active,0.25,0.26,0.74,0.75,0.255,0.23,164341.44,42780.72,3021.41,119.72,2026-05-17T12:26:34.443Z,btc-updown-15m-1779020100,"Bitcoin Up or Down - May 17, 8:15AM-8:30AM ET",btc-updown-15m-1779020100,2026-05-17T12:30:00Z,,0.81,0.82,0.18,0.19,0.815,0.79,6958.267298000003,,215.56,5.0,2026-05-17T12:26:34.443Z,BRTI,78393.99,78411.52,78399.68716666667,60,Polymarket RTDS,78380.32974058509,78356.92733762416,0.45,1.5699999999999998,
2026-05-17T12:26:36.891Z,2026-05-17T12:26:36.377Z,KXBTC15M-26MAY170830-30,BTC price up in next 15 mins?,KXBTC15M-26MAY170830,2026-05-17T12:30:00Z,active,0.24,0.26,0.74,0.76,0.25,0.23,164341.44,42780.72,1612.99,421.0,2026-05-17T12:26:36.425Z,btc-updown-15m-1779020100,"Bitcoin Up or Down - May 17, 8:15AM-8:30AM ET",btc-updown-15m-1779020100,2026-05-17T12:30:00Z,,0.84,0.85,0.15,0.16,0.845,0.79,6958.267298000003,,12.0,120.27,2026-05-17T12:26:36.425Z,BRTI,78385.6,78411.52,78399.87133333334,60,Polymarket RTDS,78380.33123058508,78356.92733762416,0.42000000000000004,1.6099999999999999,
2026-05-17T12:26:38.887Z,2026-05-17T12:26:38.362Z,KXBTC15M-26MAY170830-30,BTC price up in next 15 mins?,KXBTC15M-26MAY170830,2026-05-17T12:30:00Z,active,0.24,0.25,0.75,0.76,0.245,0.23,164341.44,42780.72,1511.09,88.44,2026-05-17T12:26:38.416Z,btc-updown-15m-1779020100,"Bitcoin Up or Down - May 17, 8:15AM-8:30AM ET",btc-updown-15m-1779020100,2026-05-17T12:30:00Z,,0.84,0.85,0.15,0.16,0.845,0.79,6958.267298000003,,90.7,150.13,2026-05-17T12:26:38.416Z,BRTI,78406.75,78411.52,78400.09550000001,60,Polymarket RTDS,78380.33290058508,78356.92733762416,0.41000000000000003,1.6099999999999999,
2026-05-17T12:26:40.914Z,2026-05-17T12:26:40.376Z,KXBTC15M-26MAY170830-30,BTC price up in next 15 mins?,KXBTC15M-26MAY170830,2026-05-17T12:30:00Z,active,0.24,0.25,0.75,0.76,0.245,0.23,164341.44,42780.72,510.3,49.44,2026-05-17T12:26:40.432Z,btc-updown-15m-1779020100,"Bitcoin Up or Down - May 17, 8:15AM-8:30AM ET",btc-updown-15m-1779020100,2026-05-17T12:30:00Z,,0.84,0.85,0.15,0.16,0.845,0.79,6958.267298000003,,112.73,84.53,2026-05-17T12:26:40.433Z,BRTI,78386.81,78411.52,78399.69166666667,60,Polymarket RTDS,78380.32738058509,78356.92733762416,0.41000000000000003,1.6099999999999999,
2026-05-17T12:26:42.916Z,2026-05-17T12:26:42.380Z,KXBTC15M-26MAY170830-30,BTC price up in next 15 mins?,KXBTC15M-26MAY170830,2026-05-17T12:30:00Z,active,0.16,0.2,0.8,0.84,0.18,0.23,164341.44,42780.72,10.0,650.0,2026-05-17T12:26:42.426Z,btc-updown-15m-1779020100,"Bitcoin Up or Down - May 17, 8:15AM-8:30AM ET",btc-updown-15m-1779020100,2026-05-17T12:30:00Z,,0.84,0.85,0.15,0.16,0.845,0.79,6958.267298000003,,20.0,200.58,2026-05-17T12:26:42.426Z,BRTI,78408.72,78411.52,78399.65299999999,60,Polymarket RTDS,78380.32973058509,78356.92733762416,0.36,1.69,
2026-05-17T12:26:44.881Z,2026-05-17T12:26:44.377Z,KXBTC15M-26MAY170830-30,BTC price up in next 15 mins?,KXBTC15M-26MAY170830,2026-05-17T12:30:00Z,active,0.15,0.16,0.84,0.85,0.155,0.23,164341.44,42780.72,75.0,2232.88,2026-05-17T12:26:44.449Z,btc-updown-15m-1779020100,"Bitcoin Up or Down - May 17, 8:15AM-8:30AM ET",btc-updown-15m-1779020100,2026-05-17T12:30:00Z,,0.76,0.78,0.22,0.24,0.77,0.79,6958.267298000003,,13.87,5.0,2026-05-17T12:26:44.449Z,BRTI,78408.72,78411.52,78399.90516666666,60,Polymarket RTDS,78381.03408043059,78356.92733762416,0.4,1.63,
2026-05-17T12:26:46.908Z,2026-05-17T12:26:46.379Z,KXBTC15M-26MAY170830-30,BTC price up in next 15 mins?,KXBTC15M-26MAY170830,2026-05-17T12:30:00Z,active,0.14,0.15,0.85,0.86,0.14500000000000002,0.23,164341.44,42780.72,1075.84,1686.0,2026-05-17T12:26:46.437Z,btc-updown-15m-1779020100,"Bitcoin Up or Down - May 17, 8:15AM-8:30AM ET",btc-updown-15m-1779020100,2026-05-17T12:30:00Z,,0.76,0.77,0.23,0.24,0.765,0.79,6958.267298000003,,34.59,81.88,2026-05-17T12:26:46.437Z,BRTI,78392.53,78411.52,78399.59666666666,60,Polymarket RTDS,78378.55522074964,78356.92733762416,0.39,1.63,
2026-05-17T12:26:48.914Z,2026-05-17T12:26:48.388Z,KXBTC15M-26MAY170830-30,BTC price up in next 15 mins?,KXBTC15M-26MAY170830,2026-05-17T12:30:00Z,active,0.14,0.15,0.85,0.86,0.14500000000000002,0.23,164341.44,42780.72,988.73,1481.0,2026-05-17T12:26:48.439Z,btc-updown-15m-1779020100,"Bitcoin Up or Down - May 17, 8:15AM-8:30AM ET",btc-updown-15m-1779020100,2026-05-17T12:30:00Z,,0.76,0.77,0.23,0.24,0.765,0.79,6958.267298000003,,58.89,75.88,2026-05-17T12:26:48.439Z,BRTI,78386.81,78411.52,78399.45983333333,60,Polymarket RTDS,78378.18778953154,78356.92733762416,0.39,1.63,
2026-05-17T12:26:50.887Z,2026-05-17T12:26:50.376Z,KXBTC15M-26MAY170830-30,BTC price up in next 15 mins?,KXBTC15M-26MAY170830,2026-05-17T12:30:00Z,active,0.14,0.15,0.85,0.86,0.14500000000000002,0.23,164341.44,42780.72,95.86,237.93,2026-05-17T12:26:50.439Z,btc-updown-15m-1779020100,"Bitcoin Up or Down - May 17, 8:15AM-8:30AM ET",btc-updown-15m-1779020100,2026-05-17T12:30:00Z,,0.76,0.77,0.23,0.24,0.765,0.79,6958.267298000003,,53.44,70.33,2026-05-17T12:26:50.439Z,BRTI,78393.99,78411.52,78399.17566666666,60,Polymarket RTDS,78378.19058453153,78356.92733762416,0.39,1.63,
2026-05-17T12:26:52.906Z,2026-05-17T12:26:52.374Z,KXBTC15M-26MAY170830-30,BTC price up in next 15 mins?,KXBTC15M-26MAY170830,2026-05-17T12:30:00Z,active,0.12,0.13,0.87,0.88,0.125,0.23,164341.44,42780.72,1136.78,191.32,2026-05-17T12:26:52.432Z,btc-updown-15m-1779020100,"Bitcoin Up or Down - May 17, 8:15AM-8:30AM ET",btc-updown-15m-1779020100,2026-05-17T12:30:00Z,,0.76,0.77,0.23,0.24,0.765,0.79,6958.267298000003,,60.57,74.03,2026-05-17T12:26:52.432Z,BRTI,78408.72,78411.52,78399.23300000001,60,Polymarket RTDS,78378.18841453154,78356.92733762416,0.37,1.65,
2026-05-17T12:26:54.904Z,2026-05-17T12:26:54.387Z,KXBTC15M-26MAY170830-30,BTC price up in next 15 mins?,KXBTC15M-26MAY170830,2026-05-17T12:30:00Z,active,0.12,0.13,0.87,0.88,0.125,0.23,164341.44,42780.72,827.75,164.88,2026-05-17T12:26:54.441Z,btc-updown-15m-1779020100,"Bitcoin Up or Down - May 17, 8:15AM-8:30AM ET",btc-updown-15m-1779020100,2026-05-17T12:30:00Z,,0.76,0.77,0.23,0.24,0.765,0.79,6958.267298000003,,88.07,82.77,2026-05-17T12:26:54.441Z,BRTI,78386.81,78411.52,78398.96833333332,60,Polymarket RTDS,78378.13143953154,78356.92733762416,0.37,1.65,
2026-05-17T12:26:56.917Z,2026-05-17T12:26:56.379Z,KXBTC15M-26MAY170830-30,BTC price up in next 15 mins?,KXBTC15M-26MAY170830,2026-05-17T12:30:00Z,active,0.12,0.13,0.87,0.88,0.125,0.23,164341.44,42780.72,125.0,789.82,2026-05-17T12:26:56.430Z,btc-updown-15m-1779020100,"Bitcoin Up or Down - May 17, 8:15AM-8:30AM ET",btc-updown-15m-1779020100,2026-05-17T12:30:00Z,,0.76,0.77,0.23,0.24,0.765,0.59,21891.33197100001,,73.9,157.77,2026-05-17T12:26:56.430Z,BRTI,78386.36,78411.52,78398.65299999999,60,Polymarket RTDS,78378.13375453153,78356.92733762416,0.37,1.65,
2026-05-17T12:26:58.912Z,2026-05-17T12:26:58.380Z,KXBTC15M-26MAY170830-30,BTC price up in next 15 mins?,KXBTC15M-26MAY170830,2026-05-17T12:30:00Z,active,0.1,0.12,0.88,0.9,0.11,0.12,173158.11,45541.32,87.0,649.27,2026-05-17T12:26:58.432Z,btc-updown-15m-1779020100,"Bitcoin Up or Down - May 17, 8:15AM-8:30AM ET",btc-updown-15m-1779020100,2026-05-17T12:30:00Z,,0.76,0.77,0.23,0.24,0.765,0.59,21891.33197100001,,29.77,190.57,2026-05-17T12:26:58.432Z,BRTI,78392.53,78411.52,78398.61150000001,60,Polymarket RTDS,78378.13156453153,78356.92733762416,0.36,1.67,
2026-05-17T12:27:00.930Z,2026-05-17T12:27:00.390Z,KXBTC15M-26MAY170830-30,BTC price up in next 15 mins?,KXBTC15M-26MAY170830,2026-05-17T12:30:00Z,active,0.1,0.12,0.88,0.9,0.11,0.12,173158.11,45541.32,314.0,267.0,2026-05-17T12:27:00.445Z,btc-updown-15m-1779020100,"Bitcoin Up or Down - May 17, 8:15AM-8:30AM ET",btc-updown-15m-1779020100,2026-05-17T12:30:00Z,,0.76,0.77,0.23,0.24,0.765,0.59,21891.33197100001,,47.57,149.03,2026-05-17T12:27:00.445Z,BRTI,78385.3,78411.52,78398.22116666667,60,Polymarket RTDS,78378.15271422098,78356.92733762416,0.36,1.67,
2026-05-17T12:27:03.368Z,2026-05-17T12:27:02.391Z,KXBTC15M-26MAY170830-30,BTC price up in next 15 mins?,KXBTC15M-26MAY170830,2026-05-17T12:30:00Z,active,0.1,0.12,0.88,0.9,0.11,0.12,173158.11,45541.32,468.8,203.0,2026-05-17T12:27:02.480Z,btc-updown-15m-1779020100,"Bitcoin Up or Down - May 17, 8:15AM-8:30AM ET",btc-updown-15m-1779020100,2026-05-17T12:30:00Z,,0.77,0.78,0.22,0.23,0.775,0.59,21891.33197100001,,53.92,49.15,2026-05-17T12:27:02.480Z,BRTI,78385.6,78411.52,78397.93633333333,60,Polymarket RTDS,78378.11997111798,78356.92733762416,0.35,1.6800000000000002,
2026-05-17T12:27:05.025Z,2026-05-17T12:27:04.379Z,KXBTC15M-26MAY170830-30,BTC price up in next 15 mins?,KXBTC15M-26MAY170830,2026-05-17T12:30:00Z,active,0.1,0.11,0.89,0.9,0.10500000000000001,0.12,173158.11,45541.32,358.13,75.0,2026-05-17T12:27:04.431Z,btc-updown-15m-1779020100,"Bitcoin Up or Down - May 17, 8:15AM-8:30AM ET",btc-updown-15m-1779020100,2026-05-17T12:30:00Z,,0.77,0.78,0.22,0.23,0.775,0.59,21891.33197100001,,67.82,49.15,2026-05-17T12:27:04.431Z,BRTI,78386.81,78411.52,78397.82333333333,60,Polymarket RTDS,78378.15732047544,78356.92733762416,0.34,1.6800000000000002,
2026-05-17T12:27:06.968Z,2026-05-17T12:27:06.418Z,KXBTC15M-26MAY170830-30,BTC price up in next 15 mins?,KXBTC15M-26MAY170830,2026-05-17T12:30:00Z,active,0.1,0.11,0.89,0.9,0.10500000000000001,0.12,173158.11,45541.32,275.93,59.05,2026-05-17T12:27:06.474Z,btc-updown-15m-1779020100,"Bitcoin Up or Down - May 17, 8:15AM-8:30AM ET",btc-updown-15m-1779020100,2026-05-17T12:30:00Z,,0.77,0.78,0.22,0.23,0.775,0.59,21891.33197100001,,67.82,19.15,2026-05-17T12:27:06.474Z,BRTI,78392.53,78411.52,78397.58633333333,60,Polymarket RTDS,78378.10021686746,78356.92733762416,0.34,1.6800000000000002,
2026-05-17T12:27:09.355Z,2026-05-17T12:27:08.379Z,KXBTC15M-26MAY170830-30,BTC price up in next 15 mins?,KXBTC15M-26MAY170830,2026-05-17T12:30:00Z,active,0.097,0.1,0.9,0.903,0.0985,0.12,173158.11,45541.32,58.07,107.64,2026-05-17T12:27:08.425Z,btc-updown-15m-1779020100,"Bitcoin Up or Down - May 17, 8:15AM-8:30AM ET",btc-updown-15m-1779020100,2026-05-17T12:30:00Z,,0.77,0.78,0.22,0.23,0.775,0.59,21891.33197100001,,66.34,24.15,2026-05-17T12:27:08.425Z,BRTI,78385.6,78411.52,78397.16133333332,60,Polymarket RTDS,78377.96159733967,78356.92733762416,0.33,1.683,
2026-05-17T12:27:10.915Z,2026-05-17T12:27:10.378Z,KXBTC15M-26MAY170830-30,BTC price up in next 15 mins?,KXBTC15M-26MAY170830,2026-05-17T12:30:00Z,active,0.094,0.1,0.9,0.906,0.097,0.12,173158.11,45541.32,95.13,57.05,2026-05-17T12:27:10.439Z,btc-updown-15m-1779020100,"Bitcoin Up or Down - May 17, 8:15AM-8:30AM ET",btc-updown-15m-1779020100,2026-05-17T12:30:00Z,,0.77,0.78,0.22,0.23,0.775,0.59,21891.33197100001,,66.34,31.5,2026-05-17T12:27:10.439Z,BRTI,78393.99,78411.52,78397.17283333333,60,Polymarket RTDS,78377.95232733966,78356.92733762416,0.33,1.686,
2026-05-17T12:27:12.893Z,2026-05-17T12:27:12.367Z,KXBTC15M-26MAY170830-30,BTC price up in next 15 mins?,KXBTC15M-26MAY170830,2026-05-17T12:30:00Z,active,0.091,0.092,0.908,0.909,0.0915,0.12,173158.11,45541.32,25.0,125.0,2026-05-17T12:27:12.421Z,btc-updown-15m-1779020100,"Bitcoin Up or Down - May 17, 8:15AM-8:30AM ET",btc-updown-15m-1779020100,2026-05-17T12:30:00Z,,0.76,0.77,0.23,0.24,0.765,0.59,21891.33197100001,,10.24,12.0,2026-05-17T12:27:12.421Z,BRTI,78392.53,78411.52,78397.13133333334,60,Polymarket RTDS,78377.95429233967,78356.92733762416,0.33199999999999996,1.679,
2026-05-17T12:27:15.009Z,2026-05-17T12:27:14.390Z,KXBTC15M-26MAY170830-30,BTC price up in next 15 mins?,KXBTC15M-26MAY170830,2026-05-17T12:30:00Z,active,0.091,0.1,0.9,0.909,0.0955,0.12,173158.11,45541.32,5.39,40.38,2026-05-17T12:27:14.450Z,btc-updown-15m-1779020100,"Bitcoin Up or Down - May 17, 8:15AM-8:30AM ET",btc-updown-15m-1779020100,2026-05-17T12:30:00Z,,0.76,0.77,0.23,0.24,0.765,0.59,21891.33197100001,,86.13,117.82,2026-05-17T12:27:14.450Z,BRTI,78397.65,78411.52,78397.20383333335,60,Polymarket RTDS,78377.95429233967,78356.92733762416,0.33999999999999997,1.679,
2026-05-17T12:27:16.925Z,2026-05-17T12:27:16.384Z,KXBTC15M-26MAY170830-30,BTC price up in next 15 mins?,KXBTC15M-26MAY170830,2026-05-17T12:30:00Z,active,0.072,0.079,0.921,0.928,0.0755,0.12,173158.11,45541.32,252.24,15.0,2026-05-17T12:27:16.430Z,btc-updown-15m-1779020100,"Bitcoin Up or Down - May 17, 8:15AM-8:30AM ET",btc-updown-15m-1779020100,2026-05-17T12:30:00Z,,0.76,0.77,0.23,0.24,0.765,0.59,21891.33197100001,,81.59,97.59,2026-05-17T12:27:16.430Z,BRTI,78392.89,78411.52,78397.16833333332,60,Polymarket RTDS,78377.03317394429,78356.92733762416,0.319,1.698,
2026-05-17T12:27:18.918Z,2026-05-17T12:27:18.375Z,KXBTC15M-26MAY170830-30,BTC price up in next 15 mins?,KXBTC15M-26MAY170830,2026-05-17T12:30:00Z,active,0.08,0.082,0.918,0.92,0.081,0.12,173158.11,45541.32,125.0,6.0,2026-05-17T12:27:18.434Z,btc-updown-15m-1779020100,"Bitcoin Up or Down - May 17, 8:15AM-8:30AM ET",btc-updown-15m-1779020100,2026-05-17T12:30:00Z,,0.77,0.78,0.22,0.23,0.775,0.59,21891.33197100001,,29.8,15.0,2026-05-17T12:27:18.434Z,BRTI,78393.99,78411.52,78396.88316666667,60,Polymarket RTDS,78376.28895807704,78356.92733762416,0.312,1.7000000000000002,
2026-05-17T12:27:20.924Z,2026-05-17T12:27:20.386Z,KXBTC15M-26MAY170830-30,BTC price up in next 15 mins?,KXBTC15M-26MAY170830,2026-05-17T12:30:00Z,active,0.082,0.091,0.909,0.918,0.0865,0.12,173158.11,45541.32,53.95,75.0,2026-05-17T12:27:20.461Z,btc-updown-15m-1779020100,"Bitcoin Up or Down - May 17, 8:15AM-8:30AM ET",btc-updown-15m-1779020100,2026-05-17T12:30:00Z,,0.77,0.78,0.22,0.23,0.775,0.59,21891.33197100001,,85.99,13.44,2026-05-17T12:27:20.461Z,BRTI,78385.3,78411.52,78396.74500000001,60,Polymarket RTDS,78376.28965307704,78356.92733762416,0.321,1.698,
2026-05-17T12:27:22.926Z,2026-05-17T12:27:22.377Z,KXBTC15M-26MAY170830-30,BTC price up in next 15 mins?,KXBTC15M-26MAY170830,2026-05-17T12:30:00Z,active,0.075,0.088,0.912,0.925,0.08149999999999999,0.12,173158.11,45541.32,33.04,105.68,2026-05-17T12:27:22.451Z,btc-updown-15m-1779020100,"Bitcoin Up or Down - May 17, 8:15AM-8:30AM ET",btc-updown-15m-1779020100,2026-05-17T12:30:00Z,,0.77,0.78,0.22,0.23,0.775,0.59,21891.33197100001,,85.99,13.44,2026-05-17T12:27:22.451Z,BRTI,78392.89,78411.52,78396.73333333334,60,Polymarket RTDS,78376.28972807704,78356.92733762416,0.318,1.705,
2026-05-17T12:27:25.084Z,2026-05-17T12:27:24.369Z,KXBTC15M-26MAY170830-30,BTC price up in next 15 mins?,KXBTC15M-26MAY170830,2026-05-17T12:30:00Z,active,0.073,0.081,0.919,0.927,0.077,0.12,173158.11,45541.32,75.0,75.0,2026-05-17T12:27:24.422Z,btc-updown-15m-1779020100,"Bitcoin Up or Down - May 17, 8:15AM-8:30AM ET",btc-updown-15m-1779020100,2026-05-17T12:30:00Z,,0.77,0.78,0.22,0.23,0.775,0.59,21891.33197100001,,80.77,3.96,2026-05-17T12:27:24.422Z,BRTI,78392.53,78411.52,78396.42383333333,60,Polymarket RTDS,78376.37960357509,78356.92733762416,0.311,1.707,
2026-05-17T12:27:26.922Z,2026-05-17T12:27:26.391Z,KXBTC15M-26MAY170830-30,BTC price up in next 15 mins?,KXBTC15M-26MAY170830,2026-05-17T12:30:00Z,active,0.072,0.08,0.92,0.928,0.076,0.12,173158.11,45541.32,140.32,75.0,2026-05-17T12:27:26.448Z,btc-updown-15m-1779020100,"Bitcoin Up or Down - May 17, 8:15AM-8:30AM ET",btc-updown-15m-1779020100,2026-05-17T12:30:00Z,,0.78,0.79,0.21,0.22,0.785,0.59,21891.33197100001,,52.0,38.03,2026-05-17T12:27:26.448Z,BRTI,78397.65,78411.52,78396.20066666667,60,Polymarket RTDS,78376.37365092711,78356.92733762416,0.3,1.718,
2026-05-17T12:27:28.934Z,2026-05-17T12:27:28.373Z,KXBTC15M-26MAY170830-30,BTC price up in next 15 mins?,KXBTC15M-26MAY170830,2026-05-17T12:30:00Z,active,0.07,0.081,0.919,0.93,0.07550000000000001,0.082,183171.91,49455.22,115.91,92.0,2026-05-17T12:27:28.435Z,btc-updown-15m-1779020100,"Bitcoin Up or Down - May 17, 8:15AM-8:30AM ET",btc-updown-15m-1779020100,2026-05-17T12:30:00Z,,0.78,0.79,0.21,0.22,0.785,0.59,21891.33197100001,,126.87,32.85,2026-05-17T12:27:28.435Z,BRTI,78386.36,78411.52,78396.08016666667,60,Polymarket RTDS,78376.44986946294,78356.92733762416,0.301,1.7200000000000002,
2026-05-17T12:27:31.525Z,2026-05-17T12:27:30.387Z,KXBTC15M-26MAY170830-30,BTC price up in next 15 mins?,KXBTC15M-26MAY170830,2026-05-17T12:30:00Z,active,0.072,0.08,0.92,0.928,0.076,0.082,183171.91,49455.22,94.44,156.11,2026-05-17T12:27:30.437Z,btc-updown-15m-1779020100,"Bitcoin Up or Down - May 17, 8:15AM-8:30AM ET",btc-updown-15m-1779020100,2026-05-17T12:30:00Z,,0.79,0.8,0.2,0.21,0.795,0.59,21891.33197100001,,22.7,47.64,2026-05-17T12:27:30.437Z,BRTI,78392.53,78411.52,78395.77066666666,60,Polymarket RTDS,78376.54975821306,78356.92733762416,0.29,1.7280000000000002,
2026-05-17T12:27:32.921Z,2026-05-17T12:27:32.387Z,KXBTC15M-26MAY170830-30,BTC price up in next 15 mins?,KXBTC15M-26MAY170830,2026-05-17T12:30:00Z,active,0.13,0.14,0.86,0.87,0.135,0.082,183171.91,49455.22,517.01,101.0,2026-05-17T12:27:32.448Z,btc-updown-15m-1779020100,"Bitcoin Up or Down - May 17, 8:15AM-8:30AM ET",btc-updown-15m-1779020100,2026-05-17T12:30:00Z,,0.86,0.87,0.13,0.14,0.865,0.59,21891.33197100001,,5.0,12.33,2026-05-17T12:27:32.448Z,BRTI,78393.99,78411.52,78395.48650000001,60,Polymarket RTDS,78376.55008342602,78356.92733762416,0.28,1.74,
2026-05-17T12:27:34.884Z,2026-05-17T12:27:34.378Z,KXBTC15M-26MAY170830-30,BTC price up in next 15 mins?,KXBTC15M-26MAY170830,2026-05-17T12:30:00Z,active,0.12,0.13,0.87,0.88,0.125,0.082,183171.91,49455.22,614.44,13.0,2026-05-17T12:27:34.428Z,btc-updown-15m-1779020100,"Bitcoin Up or Down - May 17, 8:15AM-8:30AM ET",btc-updown-15m-1779020100,2026-05-17T12:30:00Z,,0.87,0.88,0.12,0.13,0.875,0.59,21891.33197100001,,54.51,94.08,2026-05-17T12:27:34.428Z,BRTI,78393.99,78411.52,78395.27383333333,60,Polymarket RTDS,78378.28603232467,78356.92733762416,0.26,1.76,
2026-05-17T12:27:36.893Z,2026-05-17T12:27:36.382Z,KXBTC15M-26MAY170830-30,BTC price up in next 15 mins?,KXBTC15M-26MAY170830,2026-05-17T12:30:00Z,active,0.12,0.14,0.86,0.88,0.13,0.082,183171.91,49455.22,635.0,200.0,2026-05-17T12:27:36.434Z,btc-updown-15m-1779020100,"Bitcoin Up or Down - May 17, 8:15AM-8:30AM ET",btc-updown-15m-1779020100,2026-05-17T12:30:00Z,,0.86,0.87,0.13,0.14,0.865,0.59,21891.33197100001,,16.89,90.76,2026-05-17T12:27:36.434Z,BRTI,78392.89,78411.52,78395.04283333334,60,Polymarket RTDS,78378.27614236092,78356.92733762416,0.28,1.75,
2026-05-17T12:27:38.978Z,2026-05-17T12:27:38.378Z,KXBTC15M-26MAY170830-30,BTC price up in next 15 mins?,KXBTC15M-26MAY170830,2026-05-17T12:30:00Z,active,0.12,0.13,0.87,0.88,0.125,0.082,183171.91,49455.22,516.0,197.76,2026-05-17T12:27:38.428Z,btc-updown-15m-1779020100,"Bitcoin Up or Down - May 17, 8:15AM-8:30AM ET",btc-updown-15m-1779020100,2026-05-17T12:30:00Z,,0.85,0.86,0.14,0.15,0.855,0.59,21891.33197100001,,26.97,147.51,2026-05-17T12:27:38.428Z,BRTI,78392.53,78411.52,78394.773,60,Polymarket RTDS,78377.96234087161,78356.92733762416,0.28,1.74,
2026-05-17T12:27:40.899Z,2026-05-17T12:27:40.382Z,KXBTC15M-26MAY170830-30,BTC price up in next 15 mins?,KXBTC15M-26MAY170830,2026-05-17T12:30:00Z,active,0.12,0.13,0.87,0.88,0.125,0.082,183171.91,49455.22,289.63,191.76,2026-05-17T12:27:40.430Z,btc-updown-15m-1779020100,"Bitcoin Up or Down - May 17, 8:15AM-8:30AM ET",btc-updown-15m-1779020100,2026-05-17T12:30:00Z,,0.85,0.86,0.14,0.15,0.855,0.59,21891.33197100001,,32.57,240.86,2026-05-17T12:27:40.430Z,BRTI,78385.3,78411.52,78394.611,60,Polymarket RTDS,78377.95992087161,78356.92733762416,0.28,1.74,
2026-05-17T12:27:42.907Z,2026-05-17T12:27:42.376Z,KXBTC15M-26MAY170830-30,BTC price up in next 15 mins?,KXBTC15M-26MAY170830,2026-05-17T12:30:00Z,active,0.11,0.12,0.88,0.89,0.11499999999999999,0.082,183171.91,49455.22,1006.95,179.0,2026-05-17T12:27:42.424Z,btc-updown-15m-1779020100,"Bitcoin Up or Down - May 17, 8:15AM-8:30AM ET",btc-updown-15m-1779020100,2026-05-17T12:30:00Z,,0.85,0.86,0.14,0.15,0.855,0.59,21891.33197100001,,25.6,49.33,2026-05-17T12:27:42.424Z,BRTI,78385.6,78411.52,78394.41016666667,60,Polymarket RTDS,78377.95530587161,78356.92733762416,0.27,1.75,
2026-05-17T12:27:44.936Z,2026-05-17T12:27:44.382Z,KXBTC15M-26MAY170830-30,BTC price up in next 15 mins?,KXBTC15M-26MAY170830,2026-05-17T12:30:00Z,active,0.1,0.12,0.88,0.9,0.11,0.082,183171.91,49455.22,1119.0,433.51,2026-05-17T12:27:44.431Z,btc-updown-15m-1779020100,"Bitcoin Up or Down - May 17, 8:15AM-8:30AM ET",btc-updown-15m-1779020100,2026-05-17T12:30:00Z,,0.85,0.86,0.14,0.15,0.855,0.59,21891.33197100001,,16.26,39.33,2026-05-17T12:27:44.431Z,BRTI,78386.81,78411.52,78394.302,60,Polymarket RTDS,78377.97428464741,78356.92733762416,0.27,1.76,
2026-05-17T12:27:46.867Z,2026-05-17T12:27:46.378Z,KXBTC15M-26MAY170830-30,BTC price up in next 15 mins?,KXBTC15M-26MAY170830,2026-05-17T12:30:00Z,active,0.095,0.11,0.89,0.905,0.10250000000000001,0.082,183171.91,49455.22,91.92,161.6,2026-05-17T12:27:46.423Z,btc-updown-15m-1779020100,"Bitcoin Up or Down - May 17, 8:15AM-8:30AM ET",btc-updown-15m-1779020100,2026-05-17T12:30:00Z,,0.85,0.86,0.14,0.15,0.855,0.59,21891.33197100001,,21.26,68.45,2026-05-17T12:27:46.423Z,BRTI,78392.89,78411.52,78394.22266666667,60,Polymarket RTDS,78377.99981683544,78356.92733762416,0.26,1.7650000000000001,
2026-05-17T12:27:48.903Z,2026-05-17T12:27:48.378Z,KXBTC15M-26MAY170830-30,BTC price up in next 15 mins?,KXBTC15M-26MAY170830,2026-05-17T12:30:00Z,active,0.093,0.11,0.89,0.907,0.1015,0.082,183171.91,49455.22,95.35,138.0,2026-05-17T12:27:48.427Z,btc-updown-15m-1779020100,"Bitcoin Up or Down - May 17, 8:15AM-8:30AM ET",btc-updown-15m-1779020100,2026-05-17T12:30:00Z,,0.85,0.86,0.14,0.15,0.855,0.59,21891.33197100001,,6.92,43.39,2026-05-17T12:27:48.427Z,BRTI,78385.3,78411.52,78394.06066666666,60,Polymarket RTDS,78378.04156683543,78356.92733762416,0.26,1.767,
2026-05-17T12:27:50.891Z,2026-05-17T12:27:50.386Z,KXBTC15M-26MAY170830-30,BTC price up in next 15 mins?,KXBTC15M-26MAY170830,2026-05-17T12:30:00Z,active,0.093,0.11,0.89,0.907,0.1015,0.082,183171.91,49455.22,15.0,55.53,2026-05-17T12:27:50.439Z,btc-updown-15m-1779020100,"Bitcoin Up or Down - May 17, 8:15AM-8:30AM ET",btc-updown-15m-1779020100,2026-05-17T12:30:00Z,,0.83,0.84,0.16,0.17,0.835,0.59,21891.33197100001,,140.94,7.0,2026-05-17T12:27:50.439Z,BRTI,78392.53,78411.52,78394.03633333332,60,Polymarket RTDS,78378.04163183543,78356.92733762416,0.28,1.7469999999999999,
2026-05-17T12:27:52.947Z,2026-05-17T12:27:52.381Z,KXBTC15M-26MAY170830-30,BTC price up in next 15 mins?,KXBTC15M-26MAY170830,2026-05-17T12:30:00Z,active,0.098,0.099,0.901,0.902,0.0985,0.082,183171.91,49455.22,125.0,207.6,2026-05-17T12:27:52.427Z,btc-updown-15m-1779020100,"Bitcoin Up or Down - May 17, 8:15AM-8:30AM ET",btc-updown-15m-1779020100,2026-05-17T12:30:00Z,,0.83,0.84,0.16,0.17,0.835,0.59,21891.33197100001,,133.29,7.0,2026-05-17T12:27:52.427Z,BRTI,78392.53,78411.52,78394.0235,60,Polymarket RTDS,78378.02291683543,78356.92733762416,0.269,1.742,
2026-05-17T12:27:54.902Z,2026-05-17T12:27:54.380Z,KXBTC15M-26MAY170830-30,BTC price up in next 15 mins?,KXBTC15M-26MAY170830,2026-05-17T12:30:00Z,active,0.092,0.099,0.901,0.908,0.0955,0.082,183171.91,49455.22,520.57,342.32,2026-05-17T12:27:54.443Z,btc-updown-15m-1779020100,"Bitcoin Up or Down - May 17, 8:15AM-8:30AM ET",btc-updown-15m-1779020100,2026-05-17T12:30:00Z,,0.83,0.84,0.16,0.17,0.835,0.59,21891.33197100001,,140.64,7.0,2026-05-17T12:27:54.443Z,BRTI,78386.36,78411.52,78393.70816666666,60,Polymarket RTDS,78378.04226183544,78356.92733762416,0.269,1.748,
2026-05-17T12:27:56.874Z,2026-05-17T12:27:56.386Z,KXBTC15M-26MAY170830-30,BTC price up in next 15 mins?,KXBTC15M-26MAY170830,2026-05-17T12:30:00Z,active,0.08,0.089,0.911,0.92,0.08449999999999999,0.082,183171.91,49455.22,134.13,25.0,2026-05-17T12:27:56.438Z,btc-updown-15m-1779020100,"Bitcoin Up or Down - May 17, 8:15AM-8:30AM ET",btc-updown-15m-1779020100,2026-05-17T12:30:00Z,,0.83,0.84,0.16,0.17,0.835,0.59,21891.33197100001,,140.64,4.65,2026-05-17T12:27:56.438Z,BRTI,78392.53,78411.52,78393.62283333334,60,Polymarket RTDS,78378.05663683543,78356.92733762416,0.259,1.76,
2026-05-17T12:27:58.918Z,2026-05-17T12:27:58.385Z,KXBTC15M-26MAY170830-30,BTC price up in next 15 mins?,KXBTC15M-26MAY170830,2026-05-17T12:30:00Z,active,0.08,0.083,0.917,0.92,0.0815,0.092,190944.96,53444.94,12.0,46.25,2026-05-17T12:27:58.453Z,btc-updown-15m-1779020100,"Bitcoin Up or Down - May 17, 8:15AM-8:30AM ET",btc-updown-15m-1779020100,2026-05-17T12:30:00Z,,0.84,0.85,0.15,0.16,0.845,0.59,21891.33197100001,,19.06,33.15,2026-05-17T12:27:58.453Z,BRTI,78392.53,78411.52,78393.38583333333,60,Polymarket RTDS,78377.99833289413,78356.92733762416,0.243,1.77,
2026-05-17T12:28:00.932Z,2026-05-17T12:28:00.386Z,KXBTC15M-26MAY170830-30,BTC price up in next 15 mins?,KXBTC15M-26MAY170830,2026-05-17T12:30:00Z,active,0.072,0.08,0.92,0.928,0.076,0.092,190944.96,53444.94,72.44,4.77,2026-05-17T12:28:00.440Z,btc-updown-15m-1779020100,"Bitcoin Up or Down - May 17, 8:15AM-8:30AM ET",btc-updown-15m-1779020100,2026-05-17T12:30:00Z,,0.84,0.85,0.15,0.16,0.845,0.59,21891.33197100001,,24.06,13.15,2026-05-17T12:28:00.440Z,BRTI,78385.3,78411.52,78393.09599999999,60,Polymarket RTDS,78377.99031789413,78356.92733762416,0.24,1.778,
2026-05-17T12:28:03.006Z,2026-05-17T12:28:02.381Z,KXBTC15M-26MAY170830-30,BTC price up in next 15 mins?,KXBTC15M-26MAY170830,2026-05-17T12:30:00Z,active,0.1,0.11,0.89,0.9,0.10500000000000001,0.092,190944.96,53444.94,1101.0,81.0,2026-05-17T12:28:02.452Z,btc-updown-15m-1779020100,"Bitcoin Up or Down - May 17, 8:15AM-8:30AM ET",btc-updown-15m-1779020100,2026-05-17T12:30:00Z,,0.88,0.89,0.11,0.12,0.885,0.59,21891.33197100001,,20.0,61.08,2026-05-17T12:28:02.452Z,BRTI,78392.53,78411.52,78393.01066666665,60,Polymarket RTDS,78379.71128597934,78356.92733762416,0.22999999999999998,1.79,
2026-05-17T12:28:04.921Z,2026-05-17T12:28:04.389Z,KXBTC15M-26MAY170830-30,BTC price up in next 15 mins?,KXBTC15M-26MAY170830,2026-05-17T12:30:00Z,active,0.1,0.11,0.89,0.9,0.10500000000000001,0.092,190944.96,53444.94,471.47,75.0,2026-05-17T12:28:04.439Z,btc-updown-15m-1779020100,"Bitcoin Up or Down - May 17, 8:15AM-8:30AM ET",btc-updown-15m-1779020100,2026-05-17T12:30:00Z,,0.88,0.89,0.11,0.12,0.885,0.59,21891.33197100001,,68.73,16.77,2026-05-17T12:28:04.439Z,BRTI,78385.3,78411.52,78392.8725,60,Polymarket RTDS,78380.00993097934,78356.92733762416,0.22999999999999998,1.79,
2026-05-17T12:28:06.984Z,2026-05-17T12:28:06.380Z,KXBTC15M-26MAY170830-30,BTC price up in next 15 mins?,KXBTC15M-26MAY170830,2026-05-17T12:30:00Z,active,0.12,0.13,0.87,0.88,0.125,0.092,190944.96,53444.94,700.0,760.15,2026-05-17T12:28:06.440Z,btc-updown-15m-1779020100,"Bitcoin Up or Down - May 17, 8:15AM-8:30AM ET",btc-updown-15m-1779020100,2026-05-17T12:30:00Z,,0.89,0.9,0.1,0.11,0.895,0.59,21891.33197100001,,38.91,65.89,2026-05-17T12:28:06.440Z,BRTI,78392.89,78411.52,78392.86083333334,60,Polymarket RTDS,78380.05927845938,78356.92733762416,0.24,1.78,
2026-05-17T12:28:09.183Z,2026-05-17T12:28:08.378Z,KXBTC15M-26MAY170830-30,BTC price up in next 15 mins?,KXBTC15M-26MAY170830,2026-05-17T12:30:00Z,active,0.099,0.1,0.9,0.901,0.0995,0.092,190944.96,53444.94,89.0,11.0,2026-05-17T12:28:08.441Z,btc-updown-15m-1779020100,"Bitcoin Up or Down - May 17, 8:15AM-8:30AM ET",btc-updown-15m-1779020100,2026-05-17T12:30:00Z,,0.89,0.9,0.1,0.11,0.895,0.59,21891.33197100001,,161.0,99.15,2026-05-17T12:28:08.441Z,BRTI,78391.06,78411.52,78392.667,60,Polymarket RTDS,78380.07471845938,78356.92733762416,0.21000000000000002,1.8010000000000002,
2026-05-17T12:28:10.933Z,2026-05-17T12:28:10.386Z,KXBTC15M-26MAY170830-30,BTC price up in next 15 mins?,KXBTC15M-26MAY170830,2026-05-17T12:30:00Z,active,0.11,0.12,0.88,0.89,0.11499999999999999,0.092,190944.96,53444.94,200.0,56.0,2026-05-17T12:28:10.442Z,btc-updown-15m-1779020100,"Bitcoin Up or Down - May 17, 8:15AM-8:30AM ET",btc-updown-15m-1779020100,2026-05-17T12:30:00Z,,0.89,0.9,0.1,0.11,0.895,0.59,21891.33197100001,,217.66,77.68,2026-05-17T12:28:10.442Z,BRTI,78392.53,78411.52,78392.39716666666,60,Polymarket RTDS,78380.06712345938,78356.92733762416,0.22999999999999998,1.79,
2026-05-17T12:28:13.490Z,2026-05-17T12:28:12.388Z,KXBTC15M-26MAY170830-30,BTC price up in next 15 mins?,KXBTC15M-26MAY170830,2026-05-17T12:30:00Z,active,0.11,0.13,0.87,0.89,0.12,0.092,190944.96,53444.94,1466.92,841.85,2026-05-17T12:28:12.443Z,btc-updown-15m-1779020100,"Bitcoin Up or Down - May 17, 8:15AM-8:30AM ET",btc-updown-15m-1779020100,2026-05-17T12:30:00Z,,0.89,0.9,0.1,0.11,0.895,0.59,21891.33197100001,,241.66,28.79,2026-05-17T12:28:12.443Z,BRTI,78386.36,78411.52,78392.25283333333,60,Polymarket RTDS,78380.18227198042,78356.92733762416,0.24,1.79,
2026-05-17T12:28:14.879Z,2026-05-17T12:28:14.381Z,KXBTC15M-26MAY170830-30,BTC price up in next 15 mins?,KXBTC15M-26MAY170830,2026-05-17T12:30:00Z,active,0.14,0.15,0.85,0.86,0.14500000000000002,0.092,190944.96,53444.94,525.0,609.0,2026-05-17T12:28:14.441Z,btc-updown-15m-1779020100,"Bitcoin Up or Down - May 17, 8:15AM-8:30AM ET",btc-updown-15m-1779020100,2026-05-17T12:30:00Z,,0.91,0.92,0.08,0.09,0.915,0.59,21891.33197100001,,5.39,40.51,2026-05-17T12:28:14.441Z,BRTI,78389.67,78411.52,78392.16366666667,60,Polymarket RTDS,78381.04703532398,78356.92733762416,0.24,1.78,
2026-05-17T12:28:16.867Z,2026-05-17T12:28:16.381Z,KXBTC15M-26MAY170830-30,BTC price up in next 15 mins?,KXBTC15M-26MAY170830,2026-05-17T12:30:00Z,active,0.22,0.24,0.76,0.78,0.22999999999999998,0.092,190944.96,53444.94,650.0,475.0,2026-05-17T12:28:16.425Z,btc-updown-15m-1779020100,"Bitcoin Up or Down - May 17, 8:15AM-8:30AM ET",btc-updown-15m-1779020100,2026-05-17T12:30:00Z,,0.92,0.93,0.07,0.08,0.925,0.59,21891.33197100001,,212.07,34.0,2026-05-17T12:28:16.425Z,BRTI,78385.3,78411.52,78392.01883333334,60,Polymarket RTDS,78383.10088,78356.92733762416,0.32,1.71,
2026-05-17T12:28:18.940Z,2026-05-17T12:28:18.382Z,KXBTC15M-26MAY170830-30,BTC price up in next 15 mins?,KXBTC15M-26MAY170830,2026-05-17T12:30:00Z,active,0.22,0.23,0.77,0.78,0.225,0.092,190944.96,53444.94,150.0,75.0,2026-05-17T12:28:18.471Z,btc-updown-15m-1779020100,"Bitcoin Up or Down - May 17, 8:15AM-8:30AM ET",btc-updown-15m-1779020100,2026-05-17T12:30:00Z,,0.96,0.97,0.03,0.04,0.965,0.59,21891.33197100001,,15.0,211.0,2026-05-17T12:28:18.471Z,BRTI,78393.14,78411.52,78392.01133333333,60,Polymarket RTDS,78388.5360250489,78356.92733762416,0.27,1.75,
2026-05-17T12:28:20.899Z,2026-05-17T12:28:20.379Z,KXBTC15M-26MAY170830-30,BTC price up in next 15 mins?,KXBTC15M-26MAY170830,2026-05-17T12:30:00Z,active,0.2,0.22,0.78,0.8,0.21000000000000002,0.092,190944.96,53444.94,510.0,545.93,2026-05-17T12:28:20.431Z,btc-updown-15m-1779020100,"Bitcoin Up or Down - May 17, 8:15AM-8:30AM ET",btc-updown-15m-1779020100,2026-05-17T12:30:00Z,,0.96,0.97,0.03,0.04,0.965,0.59,21891.33197100001,,23.66,394.9,2026-05-17T12:28:20.431Z,BRTI,78391.06,78411.52,78392.10233333333,60,Polymarket RTDS,78388.65888661963,78356.92733762416,0.26,1.77,
2026-05-17T12:28:22.883Z,2026-05-17T12:28:22.388Z,KXBTC15M-26MAY170830-30,BTC price up in next 15 mins?,KXBTC15M-26MAY170830,2026-05-17T12:30:00Z,active,0.19,0.2,0.8,0.81,0.195,0.092,190944.96,53444.94,509.0,167.07,2026-05-17T12:28:22.440Z,btc-updown-15m-1779020100,"Bitcoin Up or Down - May 17, 8:15AM-8:30AM ET",btc-updown-15m-1779020100,2026-05-17T12:30:00Z,,0.96,0.97,0.03,0.04,0.965,0.59,21891.33197100001,,23.66,471.35,2026-05-17T12:28:22.440Z,BRTI,78389.67,78411.52,78391.88533333334,60,Polymarket RTDS,78389.2648478016,78356.92733762416,0.24000000000000002,1.78,
2026-05-17T12:28:24.882Z,2026-05-17T12:28:24.367Z,KXBTC15M-26MAY170830-30,BTC price up in next 15 mins?,KXBTC15M-26MAY170830,2026-05-17T12:30:00Z,active,0.18,0.19,0.81,0.82,0.185,0.092,190944.96,53444.94,587.53,1264.85,2026-05-17T12:28:24.420Z,btc-updown-15m-1779020100,"Bitcoin Up or Down - May 17, 8:15AM-8:30AM ET",btc-updown-15m-1779020100,2026-05-17T12:30:00Z,,0.94,0.95,0.05,0.06,0.945,0.59,21891.33197100001,,18.05,12.0,2026-05-17T12:28:24.420Z,BRTI,78389.67,78411.52,78391.75233333332,60,Polymarket RTDS,78389.37837133187,78356.92733762416,0.25,1.77,
2026-05-17T12:28:26.907Z,2026-05-17T12:28:26.383Z,KXBTC15M-26MAY170830-30,BTC price up in next 15 mins?,KXBTC15M-26MAY170830,2026-05-17T12:30:00Z,active,0.18,0.19,0.81,0.82,0.185,0.092,190944.96,53444.94,1676.71,65.37,2026-05-17T12:28:26.436Z,btc-updown-15m-1779020100,"Bitcoin Up or Down - May 17, 8:15AM-8:30AM ET",btc-updown-15m-1779020100,2026-05-17T12:30:00Z,,0.95,0.96,0.04,0.05,0.955,0.59,21891.33197100001,,17.8,129.16,2026-05-17T12:28:26.436Z,BRTI,78385.3,78411.52,78391.59033333333,60,Polymarket RTDS,78390.75039752391,78356.92733762416,0.24,1.7799999999999998,
2026-05-17T12:28:28.925Z,2026-05-17T12:28:28.382Z,KXBTC15M-26MAY170830-30,BTC price up in next 15 mins?,KXBTC15M-26MAY170830,2026-05-17T12:30:00Z,active,0.2,0.21,0.79,0.8,0.20500000000000002,0.19,202293.55,56392.79,1495.9,206.26,2026-05-17T12:28:28.434Z,btc-updown-15m-1779020100,"Bitcoin Up or Down - May 17, 8:15AM-8:30AM ET",btc-updown-15m-1779020100,2026-05-17T12:30:00Z,,0.95,0.96,0.04,0.05,0.955,0.59,21891.33197100001,,45.78,32.25,2026-05-17T12:28:28.434Z,BRTI,78386.36,78411.52,78391.60299999999,60,Polymarket RTDS,78392.321465,78356.92733762416,0.26,1.76,
2026-05-17T12:28:30.924Z,2026-05-17T12:28:30.382Z,KXBTC15M-26MAY170830-30,BTC price up in next 15 mins?,KXBTC15M-26MAY170830,2026-05-17T12:30:00Z,active,0.23,0.25,0.75,0.77,0.24,0.19,202293.55,56392.79,991.49,200.0,2026-05-17T12:28:30.434Z,btc-updown-15m-1779020100,"Bitcoin Up or Down - May 17, 8:15AM-8:30AM ET",btc-updown-15m-1779020100,2026-05-17T12:30:00Z,,0.96,0.97,0.03,0.04,0.965,0.59,21891.33197100001,,375.47,512.93,2026-05-17T12:28:30.434Z,BRTI,78385.3,78411.52,78391.441,60,Polymarket RTDS,78392.893035,78356.92733762416,0.29,1.74,
2026-05-17T12:28:32.868Z,2026-05-17T12:28:32.383Z,KXBTC15M-26MAY170830-30,BTC price up in next 15 mins?,KXBTC15M-26MAY170830,2026-05-17T12:30:00Z,active,0.24,0.25,0.75,0.76,0.245,0.19,202293.55,56392.79,1355.19,156.0,2026-05-17T12:28:32.434Z,btc-updown-15m-1779020100,"Bitcoin Up or Down - May 17, 8:15AM-8:30AM ET",btc-updown-15m-1779020100,2026-05-17T12:30:00Z,,0.96,0.97,0.03,0.04,0.965,0.59,21891.33197100001,,410.27,448.66,2026-05-17T12:28:32.435Z,BRTI,78386.36,78411.52,78391.10116666667,60,Polymarket RTDS,78393.088685,78356.92733762416,0.29,1.73,
2026-05-17T12:28:34.900Z,2026-05-17T12:28:34.391Z,KXBTC15M-26MAY170830-30,BTC price up in next 15 mins?,KXBTC15M-26MAY170830,2026-05-17T12:30:00Z,active,0.24,0.25,0.75,0.76,0.245,0.19,202293.55,56392.79,812.84,140.8,2026-05-17T12:28:34.446Z,btc-updown-15m-1779020100,"Bitcoin Up or Down - May 17, 8:15AM-8:30AM ET",btc-updown-15m-1779020100,2026-05-17T12:30:00Z,,0.96,0.97,0.03,0.04,0.965,0.59,21891.33197100001,,410.27,395.24,2026-05-17T12:28:34.446Z,BRTI,78386.36,78411.52,78390.974,60,Polymarket RTDS,78393.08864,78356.92733762416,0.29,1.73,
2026-05-17T12:28:36.890Z,2026-05-17T12:28:36.374Z,KXBTC15M-26MAY170830-30,BTC price up in next 15 mins?,KXBTC15M-26MAY170830,2026-05-17T12:30:00Z,active,0.32,0.33,0.67,0.68,0.325,0.19,202293.55,56392.79,25.0,10.0,2026-05-17T12:28:36.429Z,btc-updown-15m-1779020100,"Bitcoin Up or Down - May 17, 8:15AM-8:30AM ET",btc-updown-15m-1779020100,2026-05-17T12:30:00Z,,0.96,0.97,0.03,0.04,0.965,0.59,21891.33197100001,,475.27,80.0,2026-05-17T12:28:36.429Z,BRTI,78393.14,78411.52,78391.09966666668,60,Polymarket RTDS,78393.08874,78356.92733762416,0.37,1.65,
2026-05-17T12:28:38.918Z,2026-05-17T12:28:38.382Z,KXBTC15M-26MAY170830-30,BTC price up in next 15 mins?,KXBTC15M-26MAY170830,2026-05-17T12:30:00Z,active,0.31,0.32,0.68,0.69,0.315,0.19,202293.55,56392.79,110.0,513.0,2026-05-17T12:28:38.429Z,btc-updown-15m-1779020100,"Bitcoin Up or Down - May 17, 8:15AM-8:30AM ET",btc-updown-15m-1779020100,2026-05-17T12:30:00Z,,0.97,0.98,0.02,0.03,0.975,0.59,21891.33197100001,,18.1,577.27,2026-05-17T12:28:38.429Z,BRTI,78385.3,78411.52,78390.74216666668,60,Polymarket RTDS,78393.346685,78356.92733762416,0.35,1.67,
2026-05-17T12:28:40.876Z,2026-05-17T12:28:40.382Z,KXBTC15M-26MAY170830-30,BTC price up in next 15 mins?,KXBTC15M-26MAY170830,2026-05-17T12:30:00Z,active,0.29,0.3,0.7,0.71,0.295,0.19,202293.55,56392.79,125.0,10.0,2026-05-17T12:28:40.426Z,btc-updown-15m-1779020100,"Bitcoin Up or Down - May 17, 8:15AM-8:30AM ET",btc-updown-15m-1779020100,2026-05-17T12:30:00Z,,0.97,0.98,0.02,0.03,0.975,0.59,21891.33197100001,,115.9,577.27,2026-05-17T12:28:40.426Z,BRTI,78393.14,78411.52,78390.84766666667,60,Polymarket RTDS,78393.642215,78356.92733762416,0.32999999999999996,1.69,
2026-05-17T12:28:42.897Z,2026-05-17T12:28:42.393Z,KXBTC15M-26MAY170830-30,BTC price up in next 15 mins?,KXBTC15M-26MAY170830,2026-05-17T12:30:00Z,active,0.28,0.29,0.71,0.72,0.28500000000000003,0.19,202293.55,56392.79,117.43,1590.42,2026-05-17T12:28:42.446Z,btc-updown-15m-1779020100,"Bitcoin Up or Down - May 17, 8:15AM-8:30AM ET",btc-updown-15m-1779020100,2026-05-17T12:30:00Z,,0.97,0.98,0.02,0.03,0.975,0.59,21891.33197100001,,47.8,547.0,2026-05-17T12:28:42.446Z,BRTI,78385.3,78411.52,78390.45733333334,60,Polymarket RTDS,78393.56751,78356.92733762416,0.31999999999999995,1.7,
2026-05-17T12:28:44.907Z,2026-05-17T12:28:44.385Z,KXBTC15M-26MAY170830-30,BTC price up in next 15 mins?,KXBTC15M-26MAY170830,2026-05-17T12:30:00Z,active,0.3,0.31,0.69,0.7,0.305,0.19,202293.55,56392.79,678.49,71.0,2026-05-17T12:28:44.429Z,btc-updown-15m-1779020100,"Bitcoin Up or Down - May 17, 8:15AM-8:30AM ET",btc-updown-15m-1779020100,2026-05-17T12:30:00Z,,0.97,0.98,0.02,0.03,0.975,0.59,21891.33197100001,,52.8,447.0,2026-05-17T12:28:44.429Z,BRTI,78402.5,78411.52,78390.35366666666,60,Polymarket RTDS,78393.15274788412,78356.92733762416,0.33999999999999997,1.68,
2026-05-17T12:28:47.087Z,2026-05-17T12:28:46.384Z,KXBTC15M-26MAY170830-30,BTC price up in next 15 mins?,KXBTC15M-26MAY170830,2026-05-17T12:30:00Z,active,0.47,0.48,0.52,0.53,0.475,0.19,202293.55,56392.79,706.0,24.0,2026-05-17T12:28:46.433Z,btc-updown-15m-1779020100,"Bitcoin Up or Down - May 17, 8:15AM-8:30AM ET",btc-updown-15m-1779020100,2026-05-17T12:30:00Z,,0.97,0.98,0.02,0.03,0.975,0.59,21891.33197100001,,56.22,258.39,2026-05-17T12:28:46.433Z,BRTI,78402.21,78411.52,78390.515,60,Polymarket RTDS,78393.70646684006,78356.92733762416,0.51,1.51,
2026-05-17T12:28:50.619Z,2026-05-17T12:28:48.393Z,KXBTC15M-26MAY170830-30,BTC price up in next 15 mins?,KXBTC15M-26MAY170830,2026-05-17T12:30:00Z,active,0.47,0.49,0.51,0.53,0.48,0.19,202293.55,56392.79,911.47,136.0,2026-05-17T12:28:48.444Z,btc-updown-15m-1779020100,"Bitcoin Up or Down - May 17, 8:15AM-8:30AM ET",btc-updown-15m-1779020100,2026-05-17T12:30:00Z,,0.97,0.98,0.02,0.03,0.975,0.59,21891.33197100001,,104.2,250.58,2026-05-17T12:28:48.444Z,BRTI,78402.21,78411.52,78390.77166666667,60,Polymarket RTDS,78398.37540561281,78356.92733762416,0.52,1.51,
2026-05-17T12:28:51.616Z,2026-05-17T12:28:51.111Z,KXBTC15M-26MAY170830-30,BTC price up in next 15 mins?,KXBTC15M-26MAY170830,2026-05-17T12:30:00Z,active,0.48,0.49,0.51,0.52,0.485,0.19,202293.55,56392.79,1134.77,12.11,2026-05-17T12:28:51.156Z,btc-updown-15m-1779020100,"Bitcoin Up or Down - May 17, 8:15AM-8:30AM ET",btc-updown-15m-1779020100,2026-05-17T12:30:00Z,,0.98,0.99,0.01,0.02,0.985,0.59,21891.33197100001,,12.0,1745.21,2026-05-17T12:28:51.157Z,BRTI,78389.02,78411.52,78390.68883333333,60,Polymarket RTDS,78398.37899378428,78356.92733762416,0.51,1.51,
2026-05-17T12:28:53.623Z,2026-05-17T12:28:53.102Z,KXBTC15M-26MAY170830-30,BTC price up in next 15 mins?,KXBTC15M-26MAY170830,2026-05-17T12:30:00Z,active,0.39,0.4,0.6,0.61,0.395,0.19,202293.55,56392.79,532.0,500.0,2026-05-17T12:28:53.151Z,btc-updown-15m-1779020100,"Bitcoin Up or Down - May 17, 8:15AM-8:30AM ET",btc-updown-15m-1779020100,2026-05-17T12:30:00Z,,0.97,0.98,0.02,0.03,0.975,0.59,21891.33197100001,,174.61,20.0,2026-05-17T12:28:53.151Z,BRTI,78389.67,78411.52,78390.37133333334,60,Polymarket RTDS,78400.09648,78356.92733762416,0.43000000000000005,1.5899999999999999,
2026-05-17T12:28:55.667Z,2026-05-17T12:28:55.109Z,KXBTC15M-26MAY170830-30,BTC price up in next 15 mins?,KXBTC15M-26MAY170830,2026-05-17T12:30:00Z,active,0.25,0.26,0.74,0.75,0.255,0.19,202293.55,56392.79,608.0,105.0,2026-05-17T12:28:55.171Z,btc-updown-15m-1779020100,"Bitcoin Up or Down - May 17, 8:15AM-8:30AM ET",btc-updown-15m-1779020100,2026-05-17T12:30:00Z,,0.97,0.98,0.02,0.03,0.975,0.59,21891.33197100001,,175.75,47.06,2026-05-17T12:28:55.171Z,BRTI,78402.5,78411.52,78390.63283333332,60,Polymarket RTDS,78400.38559,78356.92733762416,0.29000000000000004,1.73,
2026-05-17T12:28:57.911Z,2026-05-17T12:28:57.118Z,KXBTC15M-26MAY170830-30,BTC price up in next 15 mins?,KXBTC15M-26MAY170830,2026-05-17T12:30:00Z,active,0.24,0.26,0.74,0.76,0.25,0.19,202293.55,56392.79,50.0,622.69,2026-05-17T12:28:57.164Z,btc-updown-15m-1779020100,"Bitcoin Up or Down - May 17, 8:15AM-8:30AM ET",btc-updown-15m-1779020100,2026-05-17T12:30:00Z,,0.97,0.98,0.02,0.03,0.975,0.59,21891.33197100001,,200.75,36.82,2026-05-17T12:28:57.164Z,BRTI,78407.29,78411.52,78390.98166666667,60,Polymarket RTDS,78398.10100310734,78356.92733762416,0.29000000000000004,1.74,
2026-05-17T12:28:59.594Z,2026-05-17T12:28:59.108Z,KXBTC15M-26MAY170830-30,BTC price up in next 15 mins?,KXBTC15M-26MAY170830,2026-05-17T12:30:00Z,active,0.23,0.24,0.76,0.77,0.235,0.26,223682.70,60008.99,562.22,47.44,2026-05-17T12:28:59.158Z,btc-updown-15m-1779020100,"Bitcoin Up or Down - May 17, 8:15AM-8:30AM ET",btc-updown-15m-1779020100,2026-05-17T12:30:00Z,,0.97,0.98,0.02,0.03,0.975,0.59,21891.33197100001,,200.75,422.76,2026-05-17T12:28:59.158Z,BRTI,78391.06,78411.52,78390.95716666666,60,Polymarket RTDS,78397.41219973704,78356.92733762416,0.27,1.75,
2026-05-17T12:29:01.806Z,2026-05-17T12:29:01.110Z,KXBTC15M-26MAY170830-30,BTC price up in next 15 mins?,KXBTC15M-26MAY170830,2026-05-17T12:30:00Z,active,0.23,0.24,0.76,0.77,0.235,0.26,223682.70,60008.99,412.05,135.44,2026-05-17T12:29:01.163Z,btc-updown-15m-1779020100,"Bitcoin Up or Down - May 17, 8:15AM-8:30AM ET",btc-updown-15m-1779020100,2026-05-17T12:30:00Z,,0.97,0.98,0.02,0.03,0.975,0.59,21891.33197100001,,113.58,464.67,2026-05-17T12:29:01.163Z,BRTI,78389.02,78411.52,78391.01916666668,60,Polymarket RTDS,78397.4516242608,78356.92733762416,0.27,1.75,
2026-05-17T12:29:03.639Z,2026-05-17T12:29:03.109Z,KXBTC15M-26MAY170830-30,BTC price up in next 15 mins?,KXBTC15M-26MAY170830,2026-05-17T12:30:00Z,active,0.23,0.24,0.76,0.77,0.235,0.26,223682.70,60008.99,131.81,35.18,2026-05-17T12:29:03.160Z,btc-updown-15m-1779020100,"Bitcoin Up or Down - May 17, 8:15AM-8:30AM ET",btc-updown-15m-1779020100,2026-05-17T12:30:00Z,,0.97,0.98,0.02,0.03,0.975,0.59,21891.33197100001,,101.76,439.97,2026-05-17T12:29:03.160Z,BRTI,78389.67,78411.52,78391.087,60,Polymarket RTDS,78397.4441370722,78356.92733762416,0.27,1.75,
2026-05-17T12:29:05.641Z,2026-05-17T12:29:05.126Z,KXBTC15M-26MAY170830-30,BTC price up in next 15 mins?,KXBTC15M-26MAY170830,2026-05-17T12:30:00Z,active,0.08,0.081,0.919,0.92,0.0805,0.26,223682.70,60008.99,762.81,125.0,2026-05-17T12:29:05.177Z,btc-updown-15m-1779020100,"Bitcoin Up or Down - May 17, 8:15AM-8:30AM ET",btc-updown-15m-1779020100,2026-05-17T12:30:00Z,,0.97,0.98,0.02,0.03,0.975,0.59,21891.33197100001,,117.82,505.7,2026-05-17T12:29:05.177Z,BRTI,78391.06,78411.52,78391.15783333333,60,Polymarket RTDS,78397.47155689787,78356.92733762416,0.111,1.9,
2026-05-17T12:29:07.632Z,2026-05-17T12:29:07.109Z,KXBTC15M-26MAY170830-30,BTC price up in next 15 mins?,KXBTC15M-26MAY170830,2026-05-17T12:30:00Z,active,0.084,0.1,0.9,0.916,0.092,0.26,223682.70,60008.99,94.68,294.62,2026-05-17T12:29:07.157Z,btc-updown-15m-1779020100,"Bitcoin Up or Down - May 17, 8:15AM-8:30AM ET",btc-updown-15m-1779020100,2026-05-17T12:30:00Z,,0.97,0.98,0.02,0.03,0.975,0.59,21891.33197100001,,153.04,92.7,2026-05-17T12:29:07.157Z,BRTI,78402.21,78411.52,78391.31916666667,60,Polymarket RTDS,78395.72002867472,78356.92733762416,0.13,1.896,
2026-05-17T12:29:09.815Z,2026-05-17T12:29:09.117Z,KXBTC15M-26MAY170830-30,BTC price up in next 15 mins?,KXBTC15M-26MAY170830,2026-05-17T12:30:00Z,active,0.11,0.12,0.88,0.89,0.11499999999999999,0.26,223682.70,60008.99,124.0,1048.22,2026-05-17T12:29:09.170Z,btc-updown-15m-1779020100,"Bitcoin Up or Down - May 17, 8:15AM-8:30AM ET",btc-updown-15m-1779020100,2026-05-17T12:30:00Z,,0.97,0.98,0.02,0.03,0.975,0.59,21891.33197100001,,273.26,44.94,2026-05-17T12:29:09.170Z,BRTI,78402.21,78411.52,78391.59599999999,60,Polymarket RTDS,78393.81970727556,78356.92733762416,0.15,1.87,
2026-05-17T12:29:11.621Z,2026-05-17T12:29:11.110Z,KXBTC15M-26MAY170830-30,BTC price up in next 15 mins?,KXBTC15M-26MAY170830,2026-05-17T12:30:00Z,active,0.098,0.099,0.901,0.902,0.0985,0.26,223682.70,60008.99,200.0,50.0,2026-05-17T12:29:11.161Z,btc-updown-15m-1779020100,"Bitcoin Up or Down - May 17, 8:15AM-8:30AM ET",btc-updown-15m-1779020100,2026-05-17T12:30:00Z,,0.97,0.98,0.02,0.03,0.975,0.59,21891.33197100001,,271.22,7.47,2026-05-17T12:29:11.161Z,BRTI,78389.02,78411.52,78391.51316666667,60,Polymarket RTDS,78395.028228331,78356.92733762416,0.129,1.8820000000000001,
2026-05-17T12:29:13.859Z,2026-05-17T12:29:13.109Z,KXBTC15M-26MAY170830-30,BTC price up in next 15 mins?,KXBTC15M-26MAY170830,2026-05-17T12:30:00Z,active,0.099,0.11,0.89,0.901,0.10450000000000001,0.26,223682.70,60008.99,94.12,575.25,2026-05-17T12:29:13.171Z,btc-updown-15m-1779020100,"Bitcoin Up or Down - May 17, 8:15AM-8:30AM ET",btc-updown-15m-1779020100,2026-05-17T12:30:00Z,,0.97,0.98,0.02,0.03,0.975,0.59,21891.33197100001,,111.99,20.0,2026-05-17T12:29:13.171Z,BRTI,78393.14,78411.52,78391.52333333335,60,Polymarket RTDS,78395.12177346743,78356.92733762416,0.14,1.881,
2026-05-17T12:29:15.622Z,2026-05-17T12:29:15.111Z,KXBTC15M-26MAY170830-30,BTC price up in next 15 mins?,KXBTC15M-26MAY170830,2026-05-17T12:30:00Z,active,0.099,0.1,0.9,0.901,0.0995,0.26,223682.70,60008.99,25.0,80.0,2026-05-17T12:29:15.158Z,btc-updown-15m-1779020100,"Bitcoin Up or Down - May 17, 8:15AM-8:30AM ET",btc-updown-15m-1779020100,2026-05-17T12:30:00Z,,0.98,0.99,0.01,0.02,0.985,0.59,21891.33197100001,,7.92,1330.08,2026-05-17T12:29:15.158Z,BRTI,78402.21,78411.52,78391.59933333333,60,Polymarket RTDS,78397.34795,78356.92733762416,0.12000000000000001,1.891,
2026-05-17T12:29:17.637Z,2026-05-17T12:29:17.114Z,KXBTC15M-26MAY170830-30,BTC price up in next 15 mins?,KXBTC15M-26MAY170830,2026-05-17T12:30:00Z,active,0.091,0.099,0.901,0.909,0.095,0.26,223682.70,60008.99,135.67,1.0,2026-05-17T12:29:17.177Z,btc-updown-15m-1779020100,"Bitcoin Up or Down - May 17, 8:15AM-8:30AM ET",btc-updown-15m-1779020100,2026-05-17T12:30:00Z,,0.98,0.99,0.01,0.02,0.985,0.59,21891.33197100001,,562.43,1328.08,2026-05-17T12:29:17.177Z,BRTI,78409.67,78411.52,78391.879,60,Polymarket RTDS,78397.34839,78356.92733762416,0.11900000000000001,1.899,
2026-05-17T12:29:19.683Z,2026-05-17T12:29:19.120Z,KXBTC15M-26MAY170830-30,BTC price up in next 15 mins?,KXBTC15M-26MAY170830,2026-05-17T12:30:00Z,active,0.2,0.21,0.79,0.8,0.20500000000000002,0.26,223682.70,60008.99,1.0,150.0,2026-05-17T12:29:19.169Z,btc-updown-15m-1779020100,"Bitcoin Up or Down - May 17, 8:15AM-8:30AM ET",btc-updown-15m-1779020100,2026-05-17T12:30:00Z,,0.98,0.99,0.01,0.02,0.985,0.59,21891.33197100001,,602.43,1117.02,2026-05-17T12:29:19.169Z,BRTI,78393.14,78411.52,78391.86483333333,60,Polymarket RTDS,78396.8527978742,78356.92733762416,0.22999999999999998,1.79,
2026-05-17T12:29:21.626Z,2026-05-17T12:29:21.105Z,KXBTC15M-26MAY170830-30,BTC price up in next 15 mins?,KXBTC15M-26MAY170830,2026-05-17T12:30:00Z,active,0.19,0.21,0.79,0.81,0.2,0.26,223682.70,60008.99,197.0,125.0,2026-05-17T12:29:21.158Z,btc-updown-15m-1779020100,"Bitcoin Up or Down - May 17, 8:15AM-8:30AM ET",btc-updown-15m-1779020100,2026-05-17T12:30:00Z,,0.99,0.57,0.43,0.01,0.78,0.59,21891.33197100001,,849.64,,2026-05-17T12:29:21.158Z,BRTI,78402.21,78411.52,78392.14666666667,60,Polymarket RTDS,78399.63144487103,78356.92733762416,0.22,1.38,
2026-05-17T12:29:23.618Z,2026-05-17T12:29:23.102Z,KXBTC15M-26MAY170830-30,BTC price up in next 15 mins?,KXBTC15M-26MAY170830,2026-05-17T12:30:00Z,active,0.15,0.16,0.84,0.85,0.155,0.26,223682.70,60008.99,125.0,41.28,2026-05-17T12:29:23.147Z,btc-updown-15m-1779020100,"Bitcoin Up or Down - May 17, 8:15AM-8:30AM ET",btc-updown-15m-1779020100,2026-05-17T12:30:00Z,,0.99,0.57,0.43,0.01,0.78,0.59,21891.33197100001,,1184.95,,2026-05-17T12:29:23.147Z,BRTI,78409.67,78411.52,78392.42633333334,60,Polymarket RTDS,78399.65112523657,78356.92733762416,0.17,1.42,
2026-05-17T12:29:25.643Z,2026-05-17T12:29:25.122Z,KXBTC15M-26MAY170830-30,BTC price up in next 15 mins?,KXBTC15M-26MAY170830,2026-05-17T12:30:00Z,active,0.13,0.15,0.85,0.87,0.14,0.26,223682.70,60008.99,146.0,391.89,2026-05-17T12:29:25.171Z,btc-updown-15m-1779020100,"Bitcoin Up or Down - May 17, 8:15AM-8:30AM ET",btc-updown-15m-1779020100,2026-05-17T12:30:00Z,,0.99,0.57,0.43,0.01,0.78,0.59,21891.33197100001,,1183.66,,2026-05-17T12:29:25.171Z,BRTI,78393.14,78411.52,78392.43650000001,60,Polymarket RTDS,78400.232655,78356.92733762416,0.16,1.44,
2026-05-17T12:29:27.786Z,2026-05-17T12:29:27.107Z,KXBTC15M-26MAY170830-30,BTC price up in next 15 mins?,KXBTC15M-26MAY170830,2026-05-17T12:30:00Z,active,0.031,0.035,0.965,0.969,0.033,0.26,223682.70,60008.99,4.0,125.0,2026-05-17T12:29:27.153Z,btc-updown-15m-1779020100,"Bitcoin Up or Down - May 17, 8:15AM-8:30AM ET",btc-updown-15m-1779020100,2026-05-17T12:30:00Z,,0.99,0.57,0.43,0.01,0.78,0.59,21891.33197100001,,1397.55,,2026-05-17T12:29:27.153Z,BRTI,78406.75,78411.52,78392.58816666667,60,Polymarket RTDS,78400.23813,78356.92733762416,0.045000000000000005,1.539,
2026-05-17T12:29:29.741Z,2026-05-17T12:29:29.117Z,KXBTC15M-26MAY170830-30,BTC price up in next 15 mins?,KXBTC15M-26MAY170830,2026-05-17T12:30:00Z,active,0.022,0.023,0.977,0.978,0.0225,0.025,242288.13,60161.89,246.43,125.0,2026-05-17T12:29:29.166Z,btc-updown-15m-1779020100,"Bitcoin Up or Down - May 17, 8:15AM-8:30AM ET",btc-updown-15m-1779020100,2026-05-17T12:30:00Z,,0.99,0.57,0.43,0.01,0.78,0.59,21891.33197100001,,1297.55,,2026-05-17T12:29:29.166Z,BRTI,78406.75,78411.52,78392.928,60,Polymarket RTDS,78397.414775,78356.92733762416,0.033,1.548,
2026-05-17T12:29:31.643Z,2026-05-17T12:29:31.118Z,KXBTC15M-26MAY170830-30,BTC price up in next 15 mins?,KXBTC15M-26MAY170830,2026-05-17T12:30:00Z,active,0.016,0.02,0.98,0.984,0.018000000000000002,0.025,242288.13,60161.89,16.02,7.61,2026-05-17T12:29:31.195Z,btc-updown-15m-1779020100,"Bitcoin Up or Down - May 17, 8:15AM-8:30AM ET",btc-updown-15m-1779020100,2026-05-17T12:30:00Z,,0.99,0.57,0.43,0.01,0.78,0.59,21891.33197100001,,1397.55,,2026-05-17T12:29:31.195Z,BRTI,78402.21,78411.52,78393.08933333334,60,Polymarket RTDS,78397.393335,78356.92733762416,0.03,1.5539999999999998,
2026-05-17T12:29:33.616Z,2026-05-17T12:29:33.114Z,KXBTC15M-26MAY170830-30,BTC price up in next 15 mins?,KXBTC15M-26MAY170830,2026-05-17T12:30:00Z,active,0.016,0.021,0.979,0.984,0.018500000000000003,0.025,242288.13,60161.89,29.0,4.06,2026-05-17T12:29:33.164Z,btc-updown-15m-1779020100,"Bitcoin Up or Down - May 17, 8:15AM-8:30AM ET",btc-updown-15m-1779020100,2026-05-17T12:30:00Z,,0.99,0.57,0.43,0.01,0.78,0.59,21891.33197100001,,1402.6,,2026-05-17T12:29:33.164Z,BRTI,78402.21,78411.52,78393.22633333334,60,Polymarket RTDS,78396.60794216636,78356.92733762416,0.031,1.5539999999999998,
2026-05-17T12:29:35.649Z,2026-05-17T12:29:35.111Z,KXBTC15M-26MAY170830-30,BTC price up in next 15 mins?,KXBTC15M-26MAY170830,2026-05-17T12:30:00Z,active,0.014,0.024,0.976,0.986,0.019,0.025,242288.13,60161.89,14.0,135.72,2026-05-17T12:29:35.164Z,btc-updown-15m-1779020100,"Bitcoin Up or Down - May 17, 8:15AM-8:30AM ET",btc-updown-15m-1779020100,2026-05-17T12:30:00Z,,0.99,0.57,0.43,0.01,0.78,0.59,21891.33197100001,,1402.6,,2026-05-17T12:29:35.164Z,BRTI,78391.06,78411.52,78393.1775,60,Polymarket RTDS,78395.78284518361,78356.92733762416,0.034,1.556,
2026-05-17T12:29:37.624Z,2026-05-17T12:29:37.110Z,KXBTC15M-26MAY170830-30,BTC price up in next 15 mins?,KXBTC15M-26MAY170830,2026-05-17T12:30:00Z,active,0.023,0.034,0.966,0.977,0.0285,0.025,242288.13,60161.89,15.0,160.62,2026-05-17T12:29:37.158Z,btc-updown-15m-1779020100,"Bitcoin Up or Down - May 17, 8:15AM-8:30AM ET",btc-updown-15m-1779020100,2026-05-17T12:30:00Z,,0.99,0.57,0.43,0.01,0.78,0.59,21891.33197100001,,1407.65,,2026-05-17T12:29:37.158Z,BRTI,78402.21,78411.52,78393.33283333333,60,Polymarket RTDS,78393.99594392208,78356.92733762416,0.044000000000000004,1.547,
2026-05-17T12:29:39.707Z,2026-05-17T12:29:39.125Z,KXBTC15M-26MAY170830-30,BTC price up in next 15 mins?,KXBTC15M-26MAY170830,2026-05-17T12:30:00Z,active,0.019,0.03,0.97,0.981,0.0245,0.025,242288.13,60161.89,41.52,125.0,2026-05-17T12:29:39.178Z,btc-updown-15m-1779020100,"Bitcoin Up or Down - May 17, 8:15AM-8:30AM ET",btc-updown-15m-1779020100,2026-05-17T12:30:00Z,,0.99,0.57,0.43,0.01,0.78,0.59,21891.33197100001,,1412.65,,2026-05-17T12:29:39.178Z,BRTI,78404.41,78411.52,78393.53083333332,60,Polymarket RTDS,78395.27556800026,78356.92733762416,0.04,1.551,
2026-05-17T12:29:41.658Z,2026-05-17T12:29:41.118Z,KXBTC15M-26MAY170830-30,BTC price up in next 15 mins?,KXBTC15M-26MAY170830,2026-05-17T12:30:00Z,active,0.017,0.026,0.974,0.983,0.0215,0.025,242288.13,60161.89,79.64,185.29,2026-05-17T12:29:41.167Z,btc-updown-15m-1779020100,"Bitcoin Up or Down - May 17, 8:15AM-8:30AM ET",btc-updown-15m-1779020100,2026-05-17T12:30:00Z,,0.99,0.57,0.43,0.01,0.78,0.59,21891.33197100001,,1412.65,,2026-05-17T12:29:41.167Z,BRTI,78404.41,78411.52,78393.84933333333,60,Polymarket RTDS,78395.65791372114,78356.92733762416,0.036,1.553,
2026-05-17T12:29:43.830Z,2026-05-17T12:29:43.115Z,KXBTC15M-26MAY170830-30,BTC price up in next 15 mins?,KXBTC15M-26MAY170830,2026-05-17T12:30:00Z,active,0.02,0.021,0.979,0.98,0.0205,0.025,242288.13,60161.89,376.32,170.0,2026-05-17T12:29:43.159Z,btc-updown-15m-1779020100,"Bitcoin Up or Down - May 17, 8:15AM-8:30AM ET",btc-updown-15m-1779020100,2026-05-17T12:30:00Z,,0.99,0.57,0.43,0.01,0.78,0.59,21891.33197100001,,1412.65,,2026-05-17T12:29:43.159Z,BRTI,78405.5,78411.52,78394.18100000001,60,Polymarket RTDS,78395.67557014561,78356.92733762416,0.031,1.5499999999999998,
2026-05-17T12:29:45.608Z,2026-05-17T12:29:45.104Z,KXBTC15M-26MAY170830-30,BTC price up in next 15 mins?,KXBTC15M-26MAY170830,2026-05-17T12:30:00Z,active,0.018,0.03,0.97,0.982,0.024,0.025,242288.13,60161.89,34.0,611.23,2026-05-17T12:29:45.156Z,btc-updown-15m-1779020100,"Bitcoin Up or Down - May 17, 8:15AM-8:30AM ET",btc-updown-15m-1779020100,2026-05-17T12:30:00Z,,0.99,0.57,0.43,0.01,0.78,0.59,21891.33197100001,,3912.65,,2026-05-17T12:29:45.156Z,BRTI,78393.14,78411.52,78394.2865,60,Polymarket RTDS,78395.6245047213,78356.92733762416,0.04,1.552,
2026-05-17T12:29:47.663Z,2026-05-17T12:29:47.127Z,KXBTC15M-26MAY170830-30,BTC price up in next 15 mins?,KXBTC15M-26MAY170830,2026-05-17T12:30:00Z,active,,0.001,0.999,,0.001,0.025,242288.13,60161.89,,4386.42,2026-05-17T12:29:47.181Z,btc-updown-15m-1779020100,"Bitcoin Up or Down - May 17, 8:15AM-8:30AM ET",btc-updown-15m-1779020100,2026-05-17T12:30:00Z,,0.99,0.57,0.43,0.01,0.78,0.59,21891.33197100001,,3902.65,,2026-05-17T12:29:47.181Z,BRTI,78407.29,78411.52,78394.52649999999,60,Polymarket RTDS,78395.64284077291,78356.92733762416,0.011,,
2026-05-17T12:29:49.613Z,2026-05-17T12:29:49.112Z,KXBTC15M-26MAY170830-30,BTC price up in next 15 mins?,KXBTC15M-26MAY170830,2026-05-17T12:30:00Z,active,,0.001,0.999,,0.001,0.025,242288.13,60161.89,,3980.42,2026-05-17T12:29:49.163Z,btc-updown-15m-1779020100,"Bitcoin Up or Down - May 17, 8:15AM-8:30AM ET",btc-updown-15m-1779020100,2026-05-17T12:30:00Z,,0.99,0.57,0.43,0.01,0.78,0.59,21891.33197100001,,5860.78,,2026-05-17T12:29:49.163Z,BRTI,78404.41,78411.52,78394.845,60,Polymarket RTDS,78395.64083119704,78356.92733762416,0.011,,
2026-05-17T12:29:51.635Z,2026-05-17T12:29:51.111Z,KXBTC15M-26MAY170830-30,BTC price up in next 15 mins?,KXBTC15M-26MAY170830,2026-05-17T12:30:00Z,active,,0.001,0.999,,0.001,0.025,242288.13,60161.89,,3964.95,2026-05-17T12:29:51.163Z,btc-updown-15m-1779020100,"Bitcoin Up or Down - May 17, 8:15AM-8:30AM ET",btc-updown-15m-1779020100,2026-05-17T12:30:00Z,,0.99,0.57,0.43,0.01,0.78,0.59,21891.33197100001,,6143.24,,2026-05-17T12:29:51.163Z,BRTI,78409.67,78411.52,78395.13066666666,60,Polymarket RTDS,78395.6038451437,78356.92733762416,0.011,,
2026-05-17T12:29:53.613Z,2026-05-17T12:29:53.114Z,KXBTC15M-26MAY170830-30,BTC price up in next 15 mins?,KXBTC15M-26MAY170830,2026-05-17T12:30:00Z,active,,0.001,0.999,,0.001,0.025,242288.13,60161.89,,4057.95,2026-05-17T12:29:53.171Z,btc-updown-15m-1779020100,"Bitcoin Up or Down - May 17, 8:15AM-8:30AM ET",btc-updown-15m-1779020100,2026-05-17T12:30:00Z,,0.99,0.57,0.43,0.01,0.78,0.59,21891.33197100001,,6192.7,,2026-05-17T12:29:53.171Z,BRTI,78389.67,78411.52,78395.08300000001,60,Polymarket RTDS,78395.58021028925,78356.92733762416,0.011,,
2026-05-17T12:29:55.654Z,2026-05-17T12:29:55.114Z,KXBTC15M-26MAY170830-30,BTC price up in next 15 mins?,KXBTC15M-26MAY170830,2026-05-17T12:30:00Z,active,,0.001,0.999,,0.001,0.025,242288.13,60161.89,,4057.95,2026-05-17T12:29:55.163Z,btc-updown-15m-1779020100,"Bitcoin Up or Down - May 17, 8:15AM-8:30AM ET",btc-updown-15m-1779020100,2026-05-17T12:30:00Z,,0.99,0.57,0.43,0.01,0.78,0.59,21891.33197100001,,6333.7,,2026-05-17T12:29:55.163Z,BRTI,78405.5,78411.52,78395.402,60,Polymarket RTDS,78395.40989504944,78356.92733762416,0.011,,
2026-05-17T12:29:57.635Z,2026-05-17T12:29:57.106Z,KXBTC15M-26MAY170830-30,BTC price up in next 15 mins?,KXBTC15M-26MAY170830,2026-05-17T12:30:00Z,active,,0.001,0.999,,0.001,0.025,242288.13,60161.89,,4096.39,2026-05-17T12:29:57.169Z,btc-updown-15m-1779020100,"Bitcoin Up or Down - May 17, 8:15AM-8:30AM ET",btc-updown-15m-1779020100,2026-05-17T12:30:00Z,,0.99,0.57,0.43,0.01,0.78,0.59,21891.33197100001,,6686.8,,2026-05-17T12:29:57.169Z,BRTI,78393.14,78411.52,78395.41216666668,60,Polymarket RTDS,78395.57446347762,78356.92733762416,0.011,,
2026-05-17T12:29:59.639Z,2026-05-17T12:29:59.114Z,KXBTC15M-26MAY170830-30,BTC price up in next 15 mins?,KXBTC15M-26MAY170830,2026-05-17T12:30:00Z,active,,0.001,0.999,,0.001,0.001,260150.08,65823.92,,4142.39,2026-05-17T12:29:59.163Z,btc-updown-15m-1779020100,"Bitcoin Up or Down - May 17, 8:15AM-8:30AM ET",btc-updown-15m-1779020100,2026-05-17T12:30:00Z,,0.99,0.57,0.43,0.01,0.78,0.59,21891.33197100001,,16818.17,,2026-05-17T12:29:59.163Z,BRTI,78405.5,78411.52,78395.62833333334,60,Polymarket RTDS,78395.66625762294,78356.92733762416,0.011,,
2026-05-17T12:30:01.928Z,2026-05-17T12:30:01.126Z,KXBTC15M-26MAY170830-30,BTC price up in next 15 mins?,KXBTC15M-26MAY170830,2026-05-17T12:30:00Z,closed,,,,,,0.001,260150.08,65823.92,,,2026-05-17T12:30:01.179Z,btc-updown-15m-1779020100,"Bitcoin Up or Down - May 17, 8:15AM-8:30AM ET",btc-updown-15m-1779020100,2026-05-17T12:30:00Z,,0.99,0.57,0.43,0.01,0.78,0.59,21891.33197100001,,115989.97,,2026-05-17T12:30:01.179Z,BRTI,78404.41,78411.52,78395.94683333334,60,Polymarket RTDS,78395.9011185961,78356.92733762416,,,
2026-05-17T12:30:03.819Z,2026-05-17T12:30:03.144Z,KXBTC15M-26MAY170830-30,BTC price up in next 15 mins?,KXBTC15M-26MAY170830,2026-05-17T12:30:00Z,closed,,,,,,0.001,260150.08,65823.92,,,2026-05-17T12:30:03.224Z,btc-updown-15m-1779020100,"Bitcoin Up or Down - May 17, 8:15AM-8:30AM ET",btc-updown-15m-1779020100,2026-05-17T12:30:00Z,,0.99,0.57,0.43,0.01,0.78,0.59,21891.33197100001,,358403.78,,2026-05-17T12:30:03.224Z,BRTI,78393.14,78411.52,78395.957,60,Polymarket RTDS,78395.92712626267,78356.92733762416,,,
2026-05-17T12:30:05.717Z,2026-05-17T12:30:05.123Z,KXBTC15M-26MAY170830-30,BTC price up in next 15 mins?,KXBTC15M-26MAY170830,2026-05-17T12:30:00Z,closed,,,,,,0.001,260150.08,65823.92,,,2026-05-17T12:30:05.180Z,btc-updown-15m-1779020100,"Bitcoin Up or Down - May 17, 8:15AM-8:30AM ET",btc-updown-15m-1779020100,2026-05-17T12:30:00Z,,0.99,0.57,0.43,0.01,0.78,0.59,21891.33197100001,,668926.62,,2026-05-17T12:30:05.180Z,BRTI,78402.21,78411.52,78396.23883333334,60,Polymarket RTDS,78395.77573303405,78356.92733762416,,,
2026-05-17T12:30:07.765Z,2026-05-17T12:30:07.110Z,KXBTC15M-26MAY170830-30,BTC price up in next 15 mins?,KXBTC15M-26MAY170830,2026-05-17T12:30:00Z,closed,,,,,,0.001,260150.08,65823.92,,,2026-05-17T12:30:07.177Z,btc-updown-15m-1779020100,"Bitcoin Up or Down - May 17, 8:15AM-8:30AM ET",btc-updown-15m-1779020100,2026-05-17T12:30:00Z,,0.99,0.57,0.43,0.01,0.78,0.59,21891.33197100001,,684639.28,,2026-05-17T12:30:07.177Z,BRTI,78407.29,78411.52,78396.47883333334,60,Polymarket RTDS,78395.7012374991,78356.92733762416,,,
2026-05-17T12:30:09.649Z,2026-05-17T12:30:09.118Z,KXBTC15M-26MAY170830-30,BTC price up in next 15 mins?,KXBTC15M-26MAY170830,2026-05-17T12:30:00Z,closed,,,,,,0.001,260150.08,65823.92,,,2026-05-17T12:30:09.179Z,btc-updown-15m-1779020100,"Bitcoin Up or Down - May 17, 8:15AM-8:30AM ET",btc-updown-15m-1779020100,2026-05-17T12:30:00Z,,0.99,0.57,0.43,0.01,0.78,0.59,21891.33197100001,,684632.87,,2026-05-17T12:30:09.179Z,BRTI,78409.67,78411.52,78396.789,60,Polymarket RTDS,78395.23887220741,78356.92733762416,,,
2026-05-17T12:30:11.686Z,2026-05-17T12:30:11.116Z,KXBTC15M-26MAY170830-30,BTC price up in next 15 mins?,KXBTC15M-26MAY170830,2026-05-17T12:30:00Z,closed,,,,,,0.001,260150.08,65823.92,,,2026-05-17T12:30:11.172Z,btc-updown-15m-1779020100,"Bitcoin Up or Down - May 17, 8:15AM-8:30AM ET",btc-updown-15m-1779020100,2026-05-17T12:30:00Z,,0.99,0.57,0.43,0.01,0.78,0.59,21891.33197100001,,686370.4,,2026-05-17T12:30:11.172Z,BRTI,78409.67,78411.52,78397.07466666667,60,Polymarket RTDS,78395.86973329629,78356.92733762416,,,
2026-05-17T12:30:13.608Z,2026-05-17T12:30:13.113Z,KXBTC15M-26MAY170830-30,BTC price up in next 15 mins?,KXBTC15M-26MAY170830,2026-05-17T12:30:00Z,closed,,,,,,0.001,260150.08,65823.92,,,2026-05-17T12:30:13.157Z,btc-updown-15m-1779020100,"Bitcoin Up or Down - May 17, 8:15AM-8:30AM ET",btc-updown-15m-1779020100,2026-05-17T12:30:00Z,,0.99,0.57,0.43,0.01,0.78,0.59,21891.33197100001,,686370.4,,2026-05-17T12:30:13.158Z,BRTI,78405.5,78411.52,78397.39366666667,60,Polymarket RTDS,78395.88327398738,78356.92733762416,,,
2026-05-17T12:30:15.610Z,2026-05-17T12:30:15.104Z,KXBTC15M-26MAY170830-30,BTC price up in next 15 mins?,KXBTC15M-26MAY170830,2026-05-17T12:30:00Z,closed,,,,,,0.001,260150.08,65823.92,,,2026-05-17T12:30:15.157Z,btc-updown-15m-1779020100,"Bitcoin Up or Down - May 17, 8:15AM-8:30AM ET",btc-updown-15m-1779020100,2026-05-17T12:30:00Z,,0.99,0.57,0.43,0.01,0.78,0.59,21891.33197100001,,686370.4,,2026-05-17T12:30:15.157Z,BRTI,78402.21,78411.52,78397.60266666667,60,Polymarket RTDS,78395.82681446175,78356.92733762416,,,
2026-05-17T12:30:17.612Z,2026-05-17T12:30:17.109Z,KXBTC15M-26MAY170830-30,BTC price up in next 15 mins?,KXBTC15M-26MAY170830,2026-05-17T12:30:00Z,closed,,,,,,0.001,260150.08,65823.92,,,2026-05-17T12:30:17.160Z,btc-updown-15m-1779020100,"Bitcoin Up or Down - May 17, 8:15AM-8:30AM ET",btc-updown-15m-1779020100,2026-05-17T12:30:00Z,,0.99,0.57,0.43,0.01,0.78,0.59,21891.33197100001,,654704.4,,2026-05-17T12:30:17.160Z,BRTI,78404.41,78411.52,78397.92116666668,60,Polymarket RTDS,78395.10280660716,78356.92733762416,,,
2026-05-17T12:30:19.708Z,2026-05-17T12:30:19.131Z,KXBTC15M-26MAY170830-30,BTC price up in next 15 mins?,KXBTC15M-26MAY170830,2026-05-17T12:30:00Z,closed,,,,,,0.001,260150.08,65823.92,,,2026-05-17T12:30:19.181Z,btc-updown-15m-1779020100,"Bitcoin Up or Down - May 17, 8:15AM-8:30AM ET",btc-updown-15m-1779020100,2026-05-17T12:30:00Z,,0.99,0.57,0.43,0.01,0.78,0.59,21891.33197100001,,654704.4,,2026-05-17T12:30:19.181Z,BRTI,78405.5,78411.52,78398.12716666666,60,Polymarket RTDS,78395.83656105983,78356.92733762416,,,
2026-05-17T12:30:21.679Z,2026-05-17T12:30:21.111Z,KXBTC15M-26MAY170830-30,BTC price up in next 15 mins?,KXBTC15M-26MAY170830,2026-05-17T12:30:00Z,closed,,,,,,0.001,260150.08,65823.92,,,2026-05-17T12:30:21.212Z,btc-updown-15m-1779020100,"Bitcoin Up or Down - May 17, 8:15AM-8:30AM ET",btc-updown-15m-1779020100,2026-05-17T12:30:00Z,,0.99,0.57,0.43,0.01,0.78,0.59,21891.33197100001,,654704.4,,2026-05-17T12:30:21.212Z,BRTI,78402.5,78411.52,78398.31783333333,60,Polymarket RTDS,78395.82822457215,78356.92733762416,,,
2026-05-17T12:30:23.711Z,2026-05-17T12:30:23.121Z,KXBTC15M-26MAY170830-30,BTC price up in next 15 mins?,KXBTC15M-26MAY170830,2026-05-17T12:30:00Z,closed,,,,,,0.001,260150.08,65823.92,,,2026-05-17T12:30:23.171Z,btc-updown-15m-1779020100,"Bitcoin Up or Down - May 17, 8:15AM-8:30AM ET",btc-updown-15m-1779020100,2026-05-17T12:30:00Z,,0.99,0.57,0.43,0.01,0.78,0.59,21891.33197100001,,654512.25,,2026-05-17T12:30:23.171Z,BRTI,78402.21,78411.52,78398.52683333334,60,Polymarket RTDS,78395.82578645968,78356.92733762416,,,
2026-05-17T12:30:25.631Z,2026-05-17T12:30:25.127Z,KXBTC15M-26MAY170830-30,BTC price up in next 15 mins?,KXBTC15M-26MAY170830,2026-05-17T12:30:00Z,closed,,,,,,0.001,260150.08,65823.92,,,2026-05-17T12:30:25.170Z,btc-updown-15m-1779020100,"Bitcoin Up or Down - May 17, 8:15AM-8:30AM ET",btc-updown-15m-1779020100,2026-05-17T12:30:00Z,,0.99,0.57,0.43,0.01,0.78,0.59,21891.33197100001,,654512.25,,2026-05-17T12:30:25.170Z,BRTI,78403.79,78411.52,78398.76216666667,60,Polymarket RTDS,78395.86685807473,78356.92733762416,,,
2026-05-17T12:30:27.620Z,2026-05-17T12:30:27.122Z,KXBTC15M-26MAY170830-30,BTC price up in next 15 mins?,KXBTC15M-26MAY170830,2026-05-17T12:30:00Z,closed,,,,,,0.001,260150.08,65823.92,,,2026-05-17T12:30:27.191Z,btc-updown-15m-1779020100,"Bitcoin Up or Down - May 17, 8:15AM-8:30AM ET",btc-updown-15m-1779020100,2026-05-17T12:30:00Z,,0.99,0.57,0.43,0.01,0.78,0.59,21891.33197100001,,654511.22,,2026-05-17T12:30:27.191Z,BRTI,78405.5,78411.52,78399.09883333332,60,Polymarket RTDS,78396.63826726818,78356.92733762416,,,
