timestamp_utc,kalshi_timestamp_utc,kalshi_ticker,kalshi_title,kalshi_event_ticker,kalshi_close_time,kalshi_status,kalshi_yes_bid,kalshi_yes_ask,kalshi_no_bid,kalshi_no_ask,kalshi_yes_mid,kalshi_last_price,kalshi_volume,kalshi_open_interest,kalshi_best_yes_bid_qty,kalshi_best_no_bid_qty,polymarket_timestamp_utc,polymarket_ticker,polymarket_title,polymarket_event_ticker,polymarket_close_time,polymarket_status,polymarket_yes_bid,polymarket_yes_ask,polymarket_no_bid,polymarket_no_ask,polymarket_yes_mid,polymarket_last_price,polymarket_volume,polymarket_open_interest,polymarket_best_yes_bid_qty,polymarket_best_no_bid_qty,source_timestamp_utc,kalshi_btc_source,kalshi_btc_price,kalshi_btc_target,kalshi_btc_60_sma,kalshi_btc_60_sma_sample_count,polymarket_btc_source,polymarket_btc_price,polymarket_btc_target,k_plus_np,nk_plus_p,polymarket_error
2026-05-17T17:15:09.652Z,2026-05-17T17:15:08.931Z,KXBTC15M-26MAY171330-30,BTC price up in next 15 mins?,KXBTC15M-26MAY171330,2026-05-17T17:30:00Z,active,0.59,0.61,0.39,0.41,0.6,0.57,1060.17,1053.76,30.0,140.0,2026-05-17T17:15:08.987Z,btc-updown-15m-1779038100,"Bitcoin Up or Down - May 17, 1:15PM-1:30PM ET",btc-updown-15m-1779038100,2026-05-17T17:30:00Z,,0.56,0.57,0.43,0.44,0.565,0.51,51.93784,,66.83,20.0,2026-05-17T17:15:08.987Z,BRTI,77878.49,77882.98,77894.41716666667,60,Polymarket RTDS,77893.10136776548,77885.601995,1.05,0.98,
2026-05-17T17:15:11.506Z,2026-05-17T17:15:10.947Z,KXBTC15M-26MAY171330-30,BTC price up in next 15 mins?,KXBTC15M-26MAY171330,2026-05-17T17:30:00Z,active,0.61,0.62,0.38,0.39,0.615,0.57,1060.17,1053.76,145.0,10.0,2026-05-17T17:15:11.002Z,btc-updown-15m-1779038100,"Bitcoin Up or Down - May 17, 1:15PM-1:30PM ET",btc-updown-15m-1779038100,2026-05-17T17:30:00Z,,0.57,0.58,0.42,0.43,0.575,0.51,51.93784,,36.7,113.36,2026-05-17T17:15:11.002Z,BRTI,77892.1,77882.98,77885.29500000001,2,Polymarket RTDS,77892.55773445245,77885.601995,1.05,0.97,
2026-05-17T17:15:13.484Z,2026-05-17T17:15:12.940Z,KXBTC15M-26MAY171330-30,BTC price up in next 15 mins?,KXBTC15M-26MAY171330,2026-05-17T17:30:00Z,active,0.6,0.62,0.38,0.4,0.61,0.57,1060.17,1053.76,272.0,115.73,2026-05-17T17:15:12.991Z,btc-updown-15m-1779038100,"Bitcoin Up or Down - May 17, 1:15PM-1:30PM ET",btc-updown-15m-1779038100,2026-05-17T17:30:00Z,,0.57,0.58,0.42,0.43,0.575,0.51,51.93784,,49.59,93.86,2026-05-17T17:15:12.991Z,BRTI,77893.3,77882.98,77887.96333333333,3,Polymarket RTDS,77894.60008275647,77885.601995,1.05,0.98,
2026-05-17T17:15:15.428Z,2026-05-17T17:15:14.937Z,KXBTC15M-26MAY171330-30,BTC price up in next 15 mins?,KXBTC15M-26MAY171330,2026-05-17T17:30:00Z,active,0.61,0.62,0.38,0.39,0.615,0.57,1060.17,1053.76,1238.0,107.99,2026-05-17T17:15:14.994Z,btc-updown-15m-1779038100,"Bitcoin Up or Down - May 17, 1:15PM-1:30PM ET",btc-updown-15m-1779038100,2026-05-17T17:30:00Z,,0.57,0.58,0.42,0.43,0.575,0.51,51.93784,,169.02,88.79,2026-05-17T17:15:14.994Z,BRTI,77881.14,77882.98,77886.2575,4,Polymarket RTDS,77894.87101698067,77885.601995,1.05,0.97,
2026-05-17T17:15:17.504Z,2026-05-17T17:15:16.941Z,KXBTC15M-26MAY171330-30,BTC price up in next 15 mins?,KXBTC15M-26MAY171330,2026-05-17T17:30:00Z,active,0.64,0.65,0.35,0.36,0.645,0.57,1060.17,1053.76,78.0,365.59,2026-05-17T17:15:16.988Z,btc-updown-15m-1779038100,"Bitcoin Up or Down - May 17, 1:15PM-1:30PM ET",btc-updown-15m-1779038100,2026-05-17T17:30:00Z,,0.57,0.59,0.41,0.42,0.58,0.51,51.93784,,307.42,32.33,2026-05-17T17:15:16.988Z,BRTI,77871.03,77882.98,77883.212,5,Polymarket RTDS,77894.88392420426,77885.601995,1.07,0.95,
2026-05-17T17:15:19.460Z,2026-05-17T17:15:18.947Z,KXBTC15M-26MAY171330-30,BTC price up in next 15 mins?,KXBTC15M-26MAY171330,2026-05-17T17:30:00Z,active,0.65,0.66,0.34,0.35,0.655,0.57,1060.17,1053.76,1074.81,181.0,2026-05-17T17:15:19.006Z,btc-updown-15m-1779038100,"Bitcoin Up or Down - May 17, 1:15PM-1:30PM ET",btc-updown-15m-1779038100,2026-05-17T17:30:00Z,,0.6,0.61,0.39,0.4,0.605,0.51,51.93784,,109.1,64.21,2026-05-17T17:15:19.006Z,BRTI,77878.49,77882.98,77882.425,6,Polymarket RTDS,77898.88159191726,77885.601995,1.06,0.96,
2026-05-17T17:15:21.491Z,2026-05-17T17:15:20.950Z,KXBTC15M-26MAY171330-30,BTC price up in next 15 mins?,KXBTC15M-26MAY171330,2026-05-17T17:30:00Z,active,0.62,0.63,0.37,0.38,0.625,0.57,1060.17,1053.76,4887.37,2171.19,2026-05-17T17:15:20.998Z,btc-updown-15m-1779038100,"Bitcoin Up or Down - May 17, 1:15PM-1:30PM ET",btc-updown-15m-1779038100,2026-05-17T17:30:00Z,,0.6,0.61,0.39,0.4,0.605,0.51,51.93784,,45.0,5.0,2026-05-17T17:15:20.998Z,BRTI,77877.47,77882.98,77881.71714285715,7,Polymarket RTDS,77900.43347171287,77885.601995,1.03,0.99,
2026-05-17T17:15:23.514Z,2026-05-17T17:15:22.948Z,KXBTC15M-26MAY171330-30,BTC price up in next 15 mins?,KXBTC15M-26MAY171330,2026-05-17T17:30:00Z,active,0.62,0.63,0.37,0.38,0.625,0.57,1060.17,1053.76,4436.37,3175.87,2026-05-17T17:15:23.005Z,btc-updown-15m-1779038100,"Bitcoin Up or Down - May 17, 1:15PM-1:30PM ET",btc-updown-15m-1779038100,2026-05-17T17:30:00Z,,0.58,0.61,0.39,0.42,0.595,0.51,51.93784,,2.98,140.4,2026-05-17T17:15:23.005Z,BRTI,77905.14,77882.98,77884.645,8,Polymarket RTDS,77894.97999630497,77885.601995,1.05,0.99,
2026-05-17T17:15:26.355Z,2026-05-17T17:15:24.936Z,KXBTC15M-26MAY171330-30,BTC price up in next 15 mins?,KXBTC15M-26MAY171330,2026-05-17T17:30:00Z,active,0.62,0.63,0.37,0.38,0.625,0.57,1060.17,1053.76,6904.23,161.15,2026-05-17T17:15:24.987Z,btc-updown-15m-1779038100,"Bitcoin Up or Down - May 17, 1:15PM-1:30PM ET",btc-updown-15m-1779038100,2026-05-17T17:30:00Z,,0.57,0.58,0.42,0.43,0.575,0.51,51.93784,,303.37,12.8,2026-05-17T17:15:24.987Z,BRTI,77893.3,77882.98,77885.60666666666,9,Polymarket RTDS,77894.74907801632,77885.601995,1.06,0.96,
2026-05-17T17:15:27.483Z,2026-05-17T17:15:26.941Z,KXBTC15M-26MAY171330-30,BTC price up in next 15 mins?,KXBTC15M-26MAY171330,2026-05-17T17:30:00Z,active,0.62,0.63,0.37,0.38,0.625,0.57,1060.17,1053.76,6430.2,2.49,2026-05-17T17:15:26.995Z,btc-updown-15m-1779038100,"Bitcoin Up or Down - May 17, 1:15PM-1:30PM ET",btc-updown-15m-1779038100,2026-05-17T17:30:00Z,,0.6,0.61,0.39,0.4,0.605,0.51,51.93784,,111.32,84.29,2026-05-17T17:15:26.995Z,BRTI,77880.33,77882.98,77885.079,10,Polymarket RTDS,77896.15140240124,77885.601995,1.03,0.99,
2026-05-17T17:15:29.451Z,2026-05-17T17:15:28.949Z,KXBTC15M-26MAY171330-30,BTC price up in next 15 mins?,KXBTC15M-26MAY171330,2026-05-17T17:30:00Z,active,0.67,0.68,0.32,0.33,0.675,0.57,1060.17,1053.76,2254.27,2.0,2026-05-17T17:15:28.996Z,btc-updown-15m-1779038100,"Bitcoin Up or Down - May 17, 1:15PM-1:30PM ET",btc-updown-15m-1779038100,2026-05-17T17:30:00Z,,0.6,0.62,0.38,0.4,0.61,0.51,51.93784,,112.33,97.05,2026-05-17T17:15:28.996Z,BRTI,77905.14,77882.98,77886.90272727273,11,Polymarket RTDS,77899.35601023238,77885.601995,1.08,0.95,
2026-05-17T17:15:33.189Z,2026-05-17T17:15:30.935Z,KXBTC15M-26MAY171330-30,BTC price up in next 15 mins?,KXBTC15M-26MAY171330,2026-05-17T17:30:00Z,active,0.68,0.69,0.31,0.32,0.685,0.57,1060.17,1053.76,1089.0,1178.37,2026-05-17T17:15:30.982Z,btc-updown-15m-1779038100,"Bitcoin Up or Down - May 17, 1:15PM-1:30PM ET",btc-updown-15m-1779038100,2026-05-17T17:30:00Z,,0.61,0.62,0.38,0.39,0.615,0.51,51.93784,,110.35,47.8,2026-05-17T17:15:30.982Z,BRTI,77905.14,77882.98,77888.4225,12,Polymarket RTDS,77908.37072575632,77885.601995,1.08,0.94,
2026-05-17T17:15:34.194Z,2026-05-17T17:15:33.673Z,KXBTC15M-26MAY171330-30,BTC price up in next 15 mins?,KXBTC15M-26MAY171330,2026-05-17T17:30:00Z,active,0.69,0.7,0.3,0.31,0.695,0.57,1060.17,1053.76,885.4,246.73,2026-05-17T17:15:33.721Z,btc-updown-15m-1779038100,"Bitcoin Up or Down - May 17, 1:15PM-1:30PM ET",btc-updown-15m-1779038100,2026-05-17T17:30:00Z,,0.64,0.66,0.34,0.36,0.65,0.51,51.93784,,5.0,46.51,2026-05-17T17:15:33.721Z,BRTI,77881.14,77882.98,77887.86230769231,13,Polymarket RTDS,77910.93206988162,77885.601995,1.06,0.97,
2026-05-17T17:15:36.299Z,2026-05-17T17:15:35.684Z,KXBTC15M-26MAY171330-30,BTC price up in next 15 mins?,KXBTC15M-26MAY171330,2026-05-17T17:30:00Z,active,0.7,0.72,0.28,0.3,0.71,0.57,1060.17,1053.76,1221.0,1115.47,2026-05-17T17:15:35.739Z,btc-updown-15m-1779038100,"Bitcoin Up or Down - May 17, 1:15PM-1:30PM ET",btc-updown-15m-1779038100,2026-05-17T17:30:00Z,,0.65,0.66,0.34,0.35,0.655,0.51,51.93784,,122.87,65.24,2026-05-17T17:15:35.739Z,BRTI,77893.3,77882.98,77888.25071428572,14,Polymarket RTDS,77911.12716833605,77885.601995,1.0699999999999998,0.96,
2026-05-17T17:15:38.192Z,2026-05-17T17:15:37.677Z,KXBTC15M-26MAY171330-30,BTC price up in next 15 mins?,KXBTC15M-26MAY171330,2026-05-17T17:30:00Z,active,0.71,0.72,0.28,0.29,0.715,0.57,1060.17,1053.76,928.19,35.6,2026-05-17T17:15:37.723Z,btc-updown-15m-1779038100,"Bitcoin Up or Down - May 17, 1:15PM-1:30PM ET",btc-updown-15m-1779038100,2026-05-17T17:30:00Z,,0.66,0.67,0.33,0.34,0.665,0.51,51.93784,,29.03,58.56,2026-05-17T17:15:37.723Z,BRTI,77875.84,77882.98,77887.42333333334,15,Polymarket RTDS,77911.21646230931,77885.601995,1.06,0.96,
2026-05-17T17:15:40.192Z,2026-05-17T17:15:39.669Z,KXBTC15M-26MAY171330-30,BTC price up in next 15 mins?,KXBTC15M-26MAY171330,2026-05-17T17:30:00Z,active,0.7,0.71,0.29,0.3,0.705,0.71,16179.99,13207.46,1196.33,201.08,2026-05-17T17:15:39.724Z,btc-updown-15m-1779038100,"Bitcoin Up or Down - May 17, 1:15PM-1:30PM ET",btc-updown-15m-1779038100,2026-05-17T17:30:00Z,,0.66,0.67,0.33,0.34,0.665,0.51,51.93784,,39.82,52.4,2026-05-17T17:15:39.724Z,BRTI,77871.03,77882.98,77886.39875000001,16,Polymarket RTDS,77912.881235,77885.601995,1.05,0.97,
2026-05-17T17:15:42.207Z,2026-05-17T17:15:41.679Z,KXBTC15M-26MAY171330-30,BTC price up in next 15 mins?,KXBTC15M-26MAY171330,2026-05-17T17:30:00Z,active,0.7,0.71,0.29,0.3,0.705,0.71,16179.99,13207.46,686.16,67.96,2026-05-17T17:15:41.731Z,btc-updown-15m-1779038100,"Bitcoin Up or Down - May 17, 1:15PM-1:30PM ET",btc-updown-15m-1779038100,2026-05-17T17:30:00Z,,0.66,0.67,0.33,0.34,0.665,0.51,51.93784,,64.67,57.4,2026-05-17T17:15:41.731Z,BRTI,77921.37,77882.98,77888.45588235294,17,Polymarket RTDS,77913.33476,77885.601995,1.05,0.97,
2026-05-17T17:15:44.186Z,2026-05-17T17:15:43.683Z,KXBTC15M-26MAY171330-30,BTC price up in next 15 mins?,KXBTC15M-26MAY171330,2026-05-17T17:30:00Z,active,0.7,0.71,0.29,0.3,0.705,0.71,16179.99,13207.46,1106.86,75.0,2026-05-17T17:15:43.732Z,btc-updown-15m-1779038100,"Bitcoin Up or Down - May 17, 1:15PM-1:30PM ET",btc-updown-15m-1779038100,2026-05-17T17:30:00Z,,0.66,0.67,0.33,0.34,0.665,0.51,51.93784,,76.34,65.12,2026-05-17T17:15:43.732Z,BRTI,77871.03,77882.98,77887.48777777777,18,Polymarket RTDS,77911.417885,77885.601995,1.05,0.97,
2026-05-17T17:15:46.262Z,2026-05-17T17:15:45.688Z,KXBTC15M-26MAY171330-30,BTC price up in next 15 mins?,KXBTC15M-26MAY171330,2026-05-17T17:30:00Z,active,0.7,0.72,0.28,0.3,0.71,0.71,16179.99,13207.46,1208.01,211.9,2026-05-17T17:15:45.740Z,btc-updown-15m-1779038100,"Bitcoin Up or Down - May 17, 1:15PM-1:30PM ET",btc-updown-15m-1779038100,2026-05-17T17:30:00Z,,0.66,0.67,0.33,0.34,0.665,0.51,51.93784,,78.28,83.97,2026-05-17T17:15:45.740Z,BRTI,77871.03,77882.98,77886.62157894736,19,Polymarket RTDS,77910.96108,77885.601995,1.06,0.97,
2026-05-17T17:15:48.185Z,2026-05-17T17:15:47.680Z,KXBTC15M-26MAY171330-30,BTC price up in next 15 mins?,KXBTC15M-26MAY171330,2026-05-17T17:30:00Z,active,0.71,0.72,0.28,0.29,0.715,0.71,16179.99,13207.46,1122.89,192.18,2026-05-17T17:15:47.733Z,btc-updown-15m-1779038100,"Bitcoin Up or Down - May 17, 1:15PM-1:30PM ET",btc-updown-15m-1779038100,2026-05-17T17:30:00Z,,0.66,0.67,0.33,0.34,0.665,0.51,51.93784,,97.52,58.97,2026-05-17T17:15:47.733Z,BRTI,77878.49,77882.98,77886.215,20,Polymarket RTDS,77910.9816,77885.601995,1.06,0.96,
2026-05-17T17:15:51.927Z,2026-05-17T17:15:49.693Z,KXBTC15M-26MAY171330-30,BTC price up in next 15 mins?,KXBTC15M-26MAY171330,2026-05-17T17:30:00Z,active,0.7,0.72,0.28,0.3,0.71,0.71,16179.99,13207.46,1315.68,1281.91,2026-05-17T17:15:49.742Z,btc-updown-15m-1779038100,"Bitcoin Up or Down - May 17, 1:15PM-1:30PM ET",btc-updown-15m-1779038100,2026-05-17T17:30:00Z,,0.66,0.67,0.33,0.34,0.665,0.51,51.93784,,66.63,49.16,2026-05-17T17:15:49.742Z,BRTI,77878.49,77882.98,77885.84714285715,21,Polymarket RTDS,77911.822875,77885.601995,1.06,0.97,
2026-05-17T17:15:54.673Z,2026-05-17T17:15:52.421Z,KXBTC15M-26MAY171330-30,BTC price up in next 15 mins?,KXBTC15M-26MAY171330,2026-05-17T17:30:00Z,active,0.7,0.71,0.29,0.3,0.705,0.71,16179.99,13207.46,1160.68,75.0,2026-05-17T17:15:52.468Z,btc-updown-15m-1779038100,"Bitcoin Up or Down - May 17, 1:15PM-1:30PM ET",btc-updown-15m-1779038100,2026-05-17T17:30:00Z,,0.63,0.64,0.36,0.37,0.635,0.51,51.93784,,161.79,1495.42,2026-05-17T17:15:52.468Z,BRTI,77878.49,77882.98,77885.51272727273,22,Polymarket RTDS,77911.837075,77885.601995,1.08,0.94,
2026-05-17T17:15:56.087Z,2026-05-17T17:15:55.155Z,KXBTC15M-26MAY171330-30,BTC price up in next 15 mins?,KXBTC15M-26MAY171330,2026-05-17T17:30:00Z,active,0.71,0.72,0.28,0.29,0.715,0.71,16179.99,13207.46,994.2,75.0,2026-05-17T17:15:55.204Z,btc-updown-15m-1779038100,"Bitcoin Up or Down - May 17, 1:15PM-1:30PM ET",btc-updown-15m-1779038100,2026-05-17T17:30:00Z,,0.63,0.64,0.36,0.37,0.635,0.51,51.93784,,277.28,1480.26,2026-05-17T17:15:55.204Z,BRTI,77878.86,77882.98,77885.22347826087,23,Polymarket RTDS,77911.86259,77885.601995,1.0899999999999999,0.9299999999999999,
2026-05-17T17:15:57.826Z,2026-05-17T17:15:57.157Z,KXBTC15M-26MAY171330-30,BTC price up in next 15 mins?,KXBTC15M-26MAY171330,2026-05-17T17:30:00Z,active,0.71,0.73,0.27,0.29,0.72,0.71,16179.99,13207.46,1393.0,1240.52,2026-05-17T17:15:57.211Z,btc-updown-15m-1779038100,"Bitcoin Up or Down - May 17, 1:15PM-1:30PM ET",btc-updown-15m-1779038100,2026-05-17T17:30:00Z,,0.63,0.64,0.36,0.37,0.635,0.51,51.93784,,277.28,1441.6,2026-05-17T17:15:57.211Z,BRTI,77881.14,77882.98,77885.05333333333,24,Polymarket RTDS,77911.84721,77885.601995,1.1,0.9299999999999999,
2026-05-17T17:15:59.699Z,2026-05-17T17:15:59.169Z,KXBTC15M-26MAY171330-30,BTC price up in next 15 mins?,KXBTC15M-26MAY171330,2026-05-17T17:30:00Z,active,0.71,0.72,0.28,0.29,0.715,0.71,16179.99,13207.46,974.19,161.7,2026-05-17T17:15:59.214Z,btc-updown-15m-1779038100,"Bitcoin Up or Down - May 17, 1:15PM-1:30PM ET",btc-updown-15m-1779038100,2026-05-17T17:30:00Z,,0.63,0.64,0.36,0.37,0.635,0.51,51.93784,,461.27,1424.12,2026-05-17T17:15:59.214Z,BRTI,77878.86,77882.98,77884.8056,25,Polymarket RTDS,77912.877692751,77885.601995,1.0899999999999999,0.9299999999999999,
2026-05-17T17:16:01.848Z,2026-05-17T17:16:01.177Z,KXBTC15M-26MAY171330-30,BTC price up in next 15 mins?,KXBTC15M-26MAY171330,2026-05-17T17:30:00Z,active,0.72,0.74,0.26,0.28,0.73,0.71,16179.99,13207.46,1111.44,2196.76,2026-05-17T17:16:01.237Z,btc-updown-15m-1779038100,"Bitcoin Up or Down - May 17, 1:15PM-1:30PM ET",btc-updown-15m-1779038100,2026-05-17T17:30:00Z,,0.63,0.64,0.36,0.37,0.635,0.51,51.93784,,531.35,1255.18,2026-05-17T17:16:01.237Z,BRTI,77881.14,77882.98,77884.66461538462,26,Polymarket RTDS,77913.82679,77885.601995,1.1099999999999999,0.92,
2026-05-17T17:16:03.764Z,2026-05-17T17:16:03.167Z,KXBTC15M-26MAY171330-30,BTC price up in next 15 mins?,KXBTC15M-26MAY171330,2026-05-17T17:30:00Z,active,0.7,0.71,0.29,0.3,0.705,0.71,16179.99,13207.46,2290.19,659.9,2026-05-17T17:16:03.235Z,btc-updown-15m-1779038100,"Bitcoin Up or Down - May 17, 1:15PM-1:30PM ET",btc-updown-15m-1779038100,2026-05-17T17:30:00Z,,0.63,0.64,0.36,0.37,0.635,0.51,51.93784,,402.48,377.38,2026-05-17T17:16:03.235Z,BRTI,77877.47,77882.98,77884.39814814815,27,Polymarket RTDS,77913.878225,77885.601995,1.08,0.94,
2026-05-17T17:16:05.738Z,2026-05-17T17:16:05.166Z,KXBTC15M-26MAY171330-30,BTC price up in next 15 mins?,KXBTC15M-26MAY171330,2026-05-17T17:30:00Z,active,0.7,0.71,0.29,0.3,0.705,0.71,16179.99,13207.46,1287.68,428.23,2026-05-17T17:16:05.234Z,btc-updown-15m-1779038100,"Bitcoin Up or Down - May 17, 1:15PM-1:30PM ET",btc-updown-15m-1779038100,2026-05-17T17:30:00Z,,0.63,0.64,0.36,0.37,0.635,0.51,51.93784,,534.82,342.3,2026-05-17T17:16:05.234Z,BRTI,77892.1,77882.98,77884.67321428572,28,Polymarket RTDS,77913.657885,77885.601995,1.08,0.94,
2026-05-17T17:16:07.681Z,2026-05-17T17:16:07.165Z,KXBTC15M-26MAY171330-30,BTC price up in next 15 mins?,KXBTC15M-26MAY171330,2026-05-17T17:30:00Z,active,0.7,0.71,0.29,0.3,0.705,0.71,16179.99,13207.46,968.12,101.61,2026-05-17T17:16:07.214Z,btc-updown-15m-1779038100,"Bitcoin Up or Down - May 17, 1:15PM-1:30PM ET",btc-updown-15m-1779038100,2026-05-17T17:30:00Z,,0.63,0.64,0.36,0.37,0.635,0.51,51.93784,,480.25,155.33,2026-05-17T17:16:07.214Z,BRTI,77878.86,77882.98,77884.47275862069,29,Polymarket RTDS,77913.64973,77885.601995,1.08,0.94,
2026-05-17T17:16:09.688Z,2026-05-17T17:16:09.166Z,KXBTC15M-26MAY171330-30,BTC price up in next 15 mins?,KXBTC15M-26MAY171330,2026-05-17T17:30:00Z,active,0.71,0.72,0.28,0.29,0.715,0.71,31411.35,25439.41,831.98,136.5,2026-05-17T17:16:09.212Z,btc-updown-15m-1779038100,"Bitcoin Up or Down - May 17, 1:15PM-1:30PM ET",btc-updown-15m-1779038100,2026-05-17T17:30:00Z,,0.63,0.64,0.36,0.37,0.635,0.51,51.93784,,553.38,131.07,2026-05-17T17:16:09.212Z,BRTI,77878.86,77882.98,77884.28566666666,30,Polymarket RTDS,77913.901435,77885.601995,1.0899999999999999,0.9299999999999999,
2026-05-17T17:16:11.655Z,2026-05-17T17:16:11.152Z,KXBTC15M-26MAY171330-30,BTC price up in next 15 mins?,KXBTC15M-26MAY171330,2026-05-17T17:30:00Z,active,0.74,0.75,0.25,0.26,0.745,0.71,31411.35,25439.41,1083.16,451.48,2026-05-17T17:16:11.196Z,btc-updown-15m-1779038100,"Bitcoin Up or Down - May 17, 1:15PM-1:30PM ET",btc-updown-15m-1779038100,2026-05-17T17:30:00Z,,0.68,0.69,0.31,0.32,0.685,0.51,51.93784,,378.93,46.91,2026-05-17T17:16:11.196Z,BRTI,77892.1,77882.98,77884.53774193548,31,Polymarket RTDS,77919.29541795755,77885.601995,1.07,0.95,
2026-05-17T17:16:13.709Z,2026-05-17T17:16:13.171Z,KXBTC15M-26MAY171330-30,BTC price up in next 15 mins?,KXBTC15M-26MAY171330,2026-05-17T17:30:00Z,active,0.74,0.75,0.25,0.26,0.745,0.71,31411.35,25439.41,29.4,479.57,2026-05-17T17:16:13.218Z,btc-updown-15m-1779038100,"Bitcoin Up or Down - May 17, 1:15PM-1:30PM ET",btc-updown-15m-1779038100,2026-05-17T17:30:00Z,,0.68,0.7,0.3,0.32,0.69,0.51,51.93784,,426.6,33.8,2026-05-17T17:16:13.218Z,BRTI,77875.84,77882.98,77884.26593750001,32,Polymarket RTDS,77922.24601,77885.601995,1.07,0.96,
2026-05-17T17:16:15.679Z,2026-05-17T17:16:15.164Z,KXBTC15M-26MAY171330-30,BTC price up in next 15 mins?,KXBTC15M-26MAY171330,2026-05-17T17:30:00Z,active,0.74,0.75,0.25,0.26,0.745,0.71,31411.35,25439.41,2992.6,349.23,2026-05-17T17:16:15.211Z,btc-updown-15m-1779038100,"Bitcoin Up or Down - May 17, 1:15PM-1:30PM ET",btc-updown-15m-1779038100,2026-05-17T17:30:00Z,,0.7,0.71,0.29,0.3,0.705,0.51,51.93784,,85.19,19.09,2026-05-17T17:16:15.211Z,BRTI,77921.37,77882.98,77885.3903030303,33,Polymarket RTDS,77923.09933,77885.601995,1.05,0.97,
2026-05-17T17:16:17.746Z,2026-05-17T17:16:17.178Z,KXBTC15M-26MAY171330-30,BTC price up in next 15 mins?,KXBTC15M-26MAY171330,2026-05-17T17:30:00Z,active,0.74,0.75,0.25,0.26,0.745,0.71,31411.35,25439.41,3684.23,172.91,2026-05-17T17:16:17.230Z,btc-updown-15m-1779038100,"Bitcoin Up or Down - May 17, 1:15PM-1:30PM ET",btc-updown-15m-1779038100,2026-05-17T17:30:00Z,,0.71,0.72,0.28,0.29,0.715,0.51,51.93784,,273.03,20.0,2026-05-17T17:16:17.230Z,BRTI,77918.68,77882.98,77886.36941176471,34,Polymarket RTDS,77925.86388895687,77885.601995,1.04,0.98,
2026-05-17T17:16:19.698Z,2026-05-17T17:16:19.162Z,KXBTC15M-26MAY171330-30,BTC price up in next 15 mins?,KXBTC15M-26MAY171330,2026-05-17T17:30:00Z,active,0.71,0.74,0.26,0.29,0.725,0.71,31411.35,25439.41,400.0,1213.2,2026-05-17T17:16:19.215Z,btc-updown-15m-1779038100,"Bitcoin Up or Down - May 17, 1:15PM-1:30PM ET",btc-updown-15m-1779038100,2026-05-17T17:30:00Z,,0.71,0.72,0.28,0.29,0.715,0.51,51.93784,,170.2,27.54,2026-05-17T17:16:19.215Z,BRTI,77905.14,77882.98,77886.90571428572,35,Polymarket RTDS,77927.546355,77885.601995,1.03,1.01,
2026-05-17T17:16:21.716Z,2026-05-17T17:16:21.170Z,KXBTC15M-26MAY171330-30,BTC price up in next 15 mins?,KXBTC15M-26MAY171330,2026-05-17T17:30:00Z,active,0.7,0.71,0.29,0.3,0.705,0.71,31411.35,25439.41,1680.0,70.09,2026-05-17T17:16:21.225Z,btc-updown-15m-1779038100,"Bitcoin Up or Down - May 17, 1:15PM-1:30PM ET",btc-updown-15m-1779038100,2026-05-17T17:30:00Z,,0.7,0.71,0.29,0.3,0.705,0.51,51.93784,,6.99,10.0,2026-05-17T17:16:21.225Z,BRTI,77918.68,77882.98,77887.78833333333,36,Polymarket RTDS,77927.553695,77885.601995,1.01,1.01,
2026-05-17T17:16:23.716Z,2026-05-17T17:16:23.172Z,KXBTC15M-26MAY171330-30,BTC price up in next 15 mins?,KXBTC15M-26MAY171330,2026-05-17T17:30:00Z,active,0.75,0.76,0.24,0.25,0.755,0.71,31411.35,25439.41,1240.0,484.0,2026-05-17T17:16:23.230Z,btc-updown-15m-1779038100,"Bitcoin Up or Down - May 17, 1:15PM-1:30PM ET",btc-updown-15m-1779038100,2026-05-17T17:30:00Z,,0.69,0.71,0.29,0.31,0.7,0.51,51.93784,,66.7,61.41,2026-05-17T17:16:23.230Z,BRTI,77918.49,77882.98,77888.61810810812,37,Polymarket RTDS,77919.54439194205,77885.601995,1.07,0.96,
2026-05-17T17:16:25.766Z,2026-05-17T17:16:25.175Z,KXBTC15M-26MAY171330-30,BTC price up in next 15 mins?,KXBTC15M-26MAY171330,2026-05-17T17:30:00Z,active,0.73,0.75,0.25,0.27,0.74,0.71,31411.35,25439.41,2224.24,26.0,2026-05-17T17:16:25.226Z,btc-updown-15m-1779038100,"Bitcoin Up or Down - May 17, 1:15PM-1:30PM ET",btc-updown-15m-1779038100,2026-05-17T17:30:00Z,,0.72,0.73,0.27,0.28,0.725,0.51,51.93784,,88.77,56.99,2026-05-17T17:16:25.226Z,BRTI,77918.49,77882.98,77889.4042105263,38,Polymarket RTDS,77919.59702,77885.601995,1.03,1.0,
2026-05-17T17:16:27.702Z,2026-05-17T17:16:27.173Z,KXBTC15M-26MAY171330-30,BTC price up in next 15 mins?,KXBTC15M-26MAY171330,2026-05-17T17:30:00Z,active,0.74,0.75,0.25,0.26,0.745,0.71,31411.35,25439.41,2266.47,13.72,2026-05-17T17:16:27.218Z,btc-updown-15m-1779038100,"Bitcoin Up or Down - May 17, 1:15PM-1:30PM ET",btc-updown-15m-1779038100,2026-05-17T17:30:00Z,,0.72,0.73,0.27,0.28,0.725,0.51,51.93784,,339.28,25.0,2026-05-17T17:16:27.218Z,BRTI,77918.68,77882.98,77890.15487179488,39,Polymarket RTDS,77928.479585,77885.601995,1.03,0.99,
2026-05-17T17:16:29.943Z,2026-05-17T17:16:29.163Z,KXBTC15M-26MAY171330-30,BTC price up in next 15 mins?,KXBTC15M-26MAY171330,2026-05-17T17:30:00Z,active,0.74,0.75,0.25,0.26,0.745,0.71,31411.35,25439.41,2241.62,287.55,2026-05-17T17:16:29.215Z,btc-updown-15m-1779038100,"Bitcoin Up or Down - May 17, 1:15PM-1:30PM ET",btc-updown-15m-1779038100,2026-05-17T17:30:00Z,,0.74,0.75,0.25,0.26,0.745,0.51,51.93784,,145.54,130.43,2026-05-17T17:16:29.215Z,BRTI,77918.17,77882.98,77890.85525,40,Polymarket RTDS,77928.731555,77885.601995,1.01,1.01,
2026-05-17T17:16:31.749Z,2026-05-17T17:16:31.176Z,KXBTC15M-26MAY171330-30,BTC price up in next 15 mins?,KXBTC15M-26MAY171330,2026-05-17T17:30:00Z,active,0.74,0.75,0.25,0.26,0.745,0.71,31411.35,25439.41,1744.09,760.19,2026-05-17T17:16:31.224Z,btc-updown-15m-1779038100,"Bitcoin Up or Down - May 17, 1:15PM-1:30PM ET",btc-updown-15m-1779038100,2026-05-17T17:30:00Z,,0.74,0.75,0.25,0.26,0.745,0.51,51.93784,,167.87,82.96,2026-05-17T17:16:31.224Z,BRTI,77918.86,77882.98,77891.53829268292,41,Polymarket RTDS,77929.42242289628,77885.601995,1.01,1.01,
2026-05-17T17:16:33.738Z,2026-05-17T17:16:33.157Z,KXBTC15M-26MAY171330-30,BTC price up in next 15 mins?,KXBTC15M-26MAY171330,2026-05-17T17:30:00Z,active,0.74,0.75,0.25,0.26,0.745,0.71,31411.35,25439.41,2076.58,662.41,2026-05-17T17:16:33.222Z,btc-updown-15m-1779038100,"Bitcoin Up or Down - May 17, 1:15PM-1:30PM ET",btc-updown-15m-1779038100,2026-05-17T17:30:00Z,,0.74,0.75,0.25,0.26,0.745,0.51,51.93784,,315.96,67.8,2026-05-17T17:16:33.222Z,BRTI,77905.14,77882.98,77891.86214285714,42,Polymarket RTDS,77930.30506018018,77885.601995,1.01,1.01,
2026-05-17T17:16:35.672Z,2026-05-17T17:16:35.162Z,KXBTC15M-26MAY171330-30,BTC price up in next 15 mins?,KXBTC15M-26MAY171330,2026-05-17T17:30:00Z,active,0.74,0.75,0.25,0.26,0.745,0.71,31411.35,25439.41,2586.39,392.31,2026-05-17T17:16:35.212Z,btc-updown-15m-1779038100,"Bitcoin Up or Down - May 17, 1:15PM-1:30PM ET",btc-updown-15m-1779038100,2026-05-17T17:30:00Z,,0.75,0.76,0.24,0.25,0.755,0.51,51.93784,,438.82,5.59,2026-05-17T17:16:35.212Z,BRTI,77918.68,77882.98,77892.48581395349,43,Polymarket RTDS,77929.9337,77885.601995,1.0,1.02,
2026-05-17T17:16:37.655Z,2026-05-17T17:16:37.177Z,KXBTC15M-26MAY171330-30,BTC price up in next 15 mins?,KXBTC15M-26MAY171330,2026-05-17T17:30:00Z,active,0.75,0.76,0.24,0.25,0.755,0.71,31411.35,25439.41,1233.77,235.0,2026-05-17T17:16:37.227Z,btc-updown-15m-1779038100,"Bitcoin Up or Down - May 17, 1:15PM-1:30PM ET",btc-updown-15m-1779038100,2026-05-17T17:30:00Z,,0.76,0.77,0.23,0.24,0.765,0.51,51.93784,,159.52,102.8,2026-05-17T17:16:37.227Z,BRTI,77892.1,77882.98,77892.47704545455,44,Polymarket RTDS,77931.3767974062,77885.601995,1.0,1.02,
2026-05-17T17:16:39.735Z,2026-05-17T17:16:39.180Z,KXBTC15M-26MAY171330-30,BTC price up in next 15 mins?,KXBTC15M-26MAY171330,2026-05-17T17:30:00Z,active,0.73,0.74,0.26,0.27,0.735,0.74,57255.06,47343.68,1101.07,211.6,2026-05-17T17:16:39.226Z,btc-updown-15m-1779038100,"Bitcoin Up or Down - May 17, 1:15PM-1:30PM ET",btc-updown-15m-1779038100,2026-05-17T17:30:00Z,,0.76,0.77,0.23,0.24,0.765,0.51,51.93784,,99.15,5.0,2026-05-17T17:16:39.226Z,BRTI,77931.3,77882.98,77893.33977777777,45,Polymarket RTDS,77932.397415,77885.601995,0.98,1.04,
2026-05-17T17:16:41.696Z,2026-05-17T17:16:41.174Z,KXBTC15M-26MAY171330-30,BTC price up in next 15 mins?,KXBTC15M-26MAY171330,2026-05-17T17:30:00Z,active,0.73,0.74,0.26,0.27,0.735,0.74,57255.06,47343.68,1008.74,68.53,2026-05-17T17:16:41.227Z,btc-updown-15m-1779038100,"Bitcoin Up or Down - May 17, 1:15PM-1:30PM ET",btc-updown-15m-1779038100,2026-05-17T17:30:00Z,,0.77,0.78,0.22,0.23,0.775,0.51,51.93784,,20.0,318.09,2026-05-17T17:16:41.227Z,BRTI,77921.37,77882.98,77893.94913043479,46,Polymarket RTDS,77930.852965,77885.601995,0.97,1.05,
2026-05-17T17:16:43.738Z,2026-05-17T17:16:43.164Z,KXBTC15M-26MAY171330-30,BTC price up in next 15 mins?,KXBTC15M-26MAY171330,2026-05-17T17:30:00Z,active,0.73,0.74,0.26,0.27,0.735,0.74,57255.06,47343.68,1091.0,122.0,2026-05-17T17:16:43.227Z,btc-updown-15m-1779038100,"Bitcoin Up or Down - May 17, 1:15PM-1:30PM ET",btc-updown-15m-1779038100,2026-05-17T17:30:00Z,,0.75,0.76,0.24,0.25,0.755,0.51,51.93784,,55.91,30.0,2026-05-17T17:16:43.227Z,BRTI,77926.15,77882.98,77894.63425531915,47,Polymarket RTDS,77930.88582,77885.601995,0.99,1.03,
2026-05-17T17:16:45.685Z,2026-05-17T17:16:45.158Z,KXBTC15M-26MAY171330-30,BTC price up in next 15 mins?,KXBTC15M-26MAY171330,2026-05-17T17:30:00Z,active,0.73,0.75,0.25,0.27,0.74,0.74,57255.06,47343.68,956.0,793.07,2026-05-17T17:16:45.202Z,btc-updown-15m-1779038100,"Bitcoin Up or Down - May 17, 1:15PM-1:30PM ET",btc-updown-15m-1779038100,2026-05-17T17:30:00Z,,0.75,0.76,0.24,0.25,0.755,0.51,51.93784,,171.1,93.19,2026-05-17T17:16:45.202Z,BRTI,77931.3,77882.98,77895.39812499999,48,Polymarket RTDS,77930.873665,77885.601995,1.0,1.03,
2026-05-17T17:16:47.678Z,2026-05-17T17:16:47.162Z,KXBTC15M-26MAY171330-30,BTC price up in next 15 mins?,KXBTC15M-26MAY171330,2026-05-17T17:30:00Z,active,0.73,0.75,0.25,0.27,0.74,0.74,57255.06,47343.68,532.43,532.1,2026-05-17T17:16:47.205Z,btc-updown-15m-1779038100,"Bitcoin Up or Down - May 17, 1:15PM-1:30PM ET",btc-updown-15m-1779038100,2026-05-17T17:30:00Z,,0.75,0.76,0.24,0.25,0.755,0.51,51.93784,,56.61,85.18,2026-05-17T17:16:47.205Z,BRTI,77918.86,77882.98,77895.87693877552,49,Polymarket RTDS,77930.888775,77885.601995,1.0,1.03,
2026-05-17T17:16:49.658Z,2026-05-17T17:16:49.164Z,KXBTC15M-26MAY171330-30,BTC price up in next 15 mins?,KXBTC15M-26MAY171330,2026-05-17T17:30:00Z,active,0.73,0.74,0.26,0.27,0.735,0.74,57255.06,47343.68,1003.0,10.0,2026-05-17T17:16:49.211Z,btc-updown-15m-1779038100,"Bitcoin Up or Down - May 17, 1:15PM-1:30PM ET",btc-updown-15m-1779038100,2026-05-17T17:30:00Z,,0.74,0.75,0.25,0.26,0.745,0.51,51.93784,,80.09,20.0,2026-05-17T17:16:49.211Z,BRTI,77918.88,77882.98,77896.337,50,Polymarket RTDS,77930.90994,77885.601995,1.0,1.02,
2026-05-17T17:16:51.701Z,2026-05-17T17:16:51.171Z,KXBTC15M-26MAY171330-30,BTC price up in next 15 mins?,KXBTC15M-26MAY171330,2026-05-17T17:30:00Z,active,0.72,0.75,0.25,0.28,0.735,0.74,57255.06,47343.68,1345.97,580.93,2026-05-17T17:16:51.219Z,btc-updown-15m-1779038100,"Bitcoin Up or Down - May 17, 1:15PM-1:30PM ET",btc-updown-15m-1779038100,2026-05-17T17:30:00Z,,0.74,0.75,0.25,0.26,0.745,0.51,51.93784,,175.1,40.92,2026-05-17T17:16:51.219Z,BRTI,77905.14,77882.98,77896.50960784314,51,Polymarket RTDS,77930.901065,77885.601995,1.01,1.03,
2026-05-17T17:16:53.707Z,2026-05-17T17:16:53.164Z,KXBTC15M-26MAY171330-30,BTC price up in next 15 mins?,KXBTC15M-26MAY171330,2026-05-17T17:30:00Z,active,0.73,0.75,0.25,0.27,0.74,0.74,57255.06,47343.68,1077.0,387.35,2026-05-17T17:16:53.234Z,btc-updown-15m-1779038100,"Bitcoin Up or Down - May 17, 1:15PM-1:30PM ET",btc-updown-15m-1779038100,2026-05-17T17:30:00Z,,0.75,0.76,0.24,0.25,0.755,0.51,51.93784,,20.0,24.93,2026-05-17T17:16:53.234Z,BRTI,77918.49,77882.98,77896.9323076923,52,Polymarket RTDS,77930.903875,77885.601995,1.0,1.03,
2026-05-17T17:16:56.099Z,2026-05-17T17:16:55.162Z,KXBTC15M-26MAY171330-30,BTC price up in next 15 mins?,KXBTC15M-26MAY171330,2026-05-17T17:30:00Z,active,0.73,0.74,0.26,0.27,0.735,0.74,57255.06,47343.68,676.42,15.0,2026-05-17T17:16:55.213Z,btc-updown-15m-1779038100,"Bitcoin Up or Down - May 17, 1:15PM-1:30PM ET",btc-updown-15m-1779038100,2026-05-17T17:30:00Z,,0.75,0.76,0.24,0.25,0.755,0.51,51.93784,,106.17,66.87,2026-05-17T17:16:55.213Z,BRTI,77892.1,77882.98,77896.84113207547,53,Polymarket RTDS,77930.90349,77885.601995,0.99,1.03,
2026-05-17T17:16:57.658Z,2026-05-17T17:16:57.168Z,KXBTC15M-26MAY171330-30,BTC price up in next 15 mins?,KXBTC15M-26MAY171330,2026-05-17T17:30:00Z,active,0.73,0.75,0.25,0.27,0.74,0.74,57255.06,47343.68,1205.78,143.57,2026-05-17T17:16:57.215Z,btc-updown-15m-1779038100,"Bitcoin Up or Down - May 17, 1:15PM-1:30PM ET",btc-updown-15m-1779038100,2026-05-17T17:30:00Z,,0.75,0.76,0.24,0.25,0.755,0.51,51.93784,,106.17,58.36,2026-05-17T17:16:57.215Z,BRTI,77918.49,77882.98,77897.24203703704,54,Polymarket RTDS,77931.031955,77885.601995,1.0,1.03,
2026-05-17T17:16:59.712Z,2026-05-17T17:16:59.170Z,KXBTC15M-26MAY171330-30,BTC price up in next 15 mins?,KXBTC15M-26MAY171330,2026-05-17T17:30:00Z,active,0.73,0.75,0.25,0.27,0.74,0.74,57255.06,47343.68,1318.52,210.0,2026-05-17T17:16:59.220Z,btc-updown-15m-1779038100,"Bitcoin Up or Down - May 17, 1:15PM-1:30PM ET",btc-updown-15m-1779038100,2026-05-17T17:30:00Z,,0.75,0.76,0.24,0.25,0.755,0.51,51.93784,,167.3,25.0,2026-05-17T17:16:59.220Z,BRTI,77921.37,77882.98,77897.68072727273,55,Polymarket RTDS,77931.032525,77885.601995,1.0,1.03,
2026-05-17T17:17:01.828Z,2026-05-17T17:17:01.169Z,KXBTC15M-26MAY171330-30,BTC price up in next 15 mins?,KXBTC15M-26MAY171330,2026-05-17T17:30:00Z,active,0.73,0.74,0.26,0.27,0.735,0.74,57255.06,47343.68,1114.77,135.0,2026-05-17T17:17:01.232Z,btc-updown-15m-1779038100,"Bitcoin Up or Down - May 17, 1:15PM-1:30PM ET",btc-updown-15m-1779038100,2026-05-17T17:30:00Z,,0.75,0.76,0.24,0.25,0.755,0.51,51.93784,,100.01,25.0,2026-05-17T17:17:01.232Z,BRTI,77918.88,77882.98,77898.05928571429,56,Polymarket RTDS,77931.196825,77885.601995,0.99,1.03,
2026-05-17T17:17:03.728Z,2026-05-17T17:17:03.167Z,KXBTC15M-26MAY171330-30,BTC price up in next 15 mins?,KXBTC15M-26MAY171330,2026-05-17T17:30:00Z,active,0.71,0.72,0.28,0.29,0.715,0.74,57255.06,47343.68,1089.0,78.07,2026-05-17T17:17:03.223Z,btc-updown-15m-1779038100,"Bitcoin Up or Down - May 17, 1:15PM-1:30PM ET",btc-updown-15m-1779038100,2026-05-17T17:30:00Z,,0.72,0.73,0.27,0.28,0.725,0.51,51.93784,,24.88,32.0,2026-05-17T17:17:03.223Z,BRTI,77918.68,77882.98,77898.42105263157,57,Polymarket RTDS,77930.936125,77885.601995,1.0,1.02,
2026-05-17T17:17:05.755Z,2026-05-17T17:17:05.171Z,KXBTC15M-26MAY171330-30,BTC price up in next 15 mins?,KXBTC15M-26MAY171330,2026-05-17T17:30:00Z,active,0.71,0.73,0.27,0.29,0.72,0.74,57255.06,47343.68,1313.0,1073.75,2026-05-17T17:17:05.219Z,btc-updown-15m-1779038100,"Bitcoin Up or Down - May 17, 1:15PM-1:30PM ET",btc-updown-15m-1779038100,2026-05-17T17:30:00Z,,0.72,0.73,0.27,0.28,0.725,0.51,51.93784,,161.35,90.26,2026-05-17T17:17:05.219Z,BRTI,77937.96,77882.98,77899.10275862069,58,Polymarket RTDS,77926.001155,77885.601995,1.01,1.02,
2026-05-17T17:17:07.688Z,2026-05-17T17:17:07.181Z,KXBTC15M-26MAY171330-30,BTC price up in next 15 mins?,KXBTC15M-26MAY171330,2026-05-17T17:30:00Z,active,0.72,0.73,0.27,0.28,0.725,0.74,57255.06,47343.68,2185.6,75.0,2026-05-17T17:17:07.229Z,btc-updown-15m-1779038100,"Bitcoin Up or Down - May 17, 1:15PM-1:30PM ET",btc-updown-15m-1779038100,2026-05-17T17:30:00Z,,0.72,0.73,0.27,0.28,0.725,0.58,802.3404410000003,,217.49,85.0,2026-05-17T17:17:07.229Z,BRTI,77921.37,77882.98,77899.48016949152,59,Polymarket RTDS,77926.014945,77885.601995,1.01,1.01,
2026-05-17T17:17:09.668Z,2026-05-17T17:17:09.164Z,KXBTC15M-26MAY171330-30,BTC price up in next 15 mins?,KXBTC15M-26MAY171330,2026-05-17T17:30:00Z,active,0.74,0.75,0.25,0.26,0.745,0.74,73611.68,60044.71,1116.58,75.0,2026-05-17T17:17:09.210Z,btc-updown-15m-1779038100,"Bitcoin Up or Down - May 17, 1:15PM-1:30PM ET",btc-updown-15m-1779038100,2026-05-17T17:30:00Z,,0.74,0.75,0.25,0.26,0.745,0.58,802.3404410000003,,103.57,1.03,2026-05-17T17:17:09.210Z,BRTI,77918.88,77882.98,77899.8035,60,Polymarket RTDS,77926.7367796292,77885.601995,1.01,1.01,
2026-05-17T17:17:11.684Z,2026-05-17T17:17:11.167Z,KXBTC15M-26MAY171330-30,BTC price up in next 15 mins?,KXBTC15M-26MAY171330,2026-05-17T17:30:00Z,active,0.75,0.76,0.24,0.25,0.755,0.74,73611.68,60044.71,10.0,105.1,2026-05-17T17:17:11.215Z,btc-updown-15m-1779038100,"Bitcoin Up or Down - May 17, 1:15PM-1:30PM ET",btc-updown-15m-1779038100,2026-05-17T17:30:00Z,,0.75,0.76,0.24,0.25,0.755,0.58,802.3404410000003,,198.85,9.97,2026-05-17T17:17:11.215Z,BRTI,77931.3,77882.98,77900.68366666668,60,Polymarket RTDS,77928.3514338931,77885.601995,1.01,1.01,
2026-05-17T17:17:13.712Z,2026-05-17T17:17:13.161Z,KXBTC15M-26MAY171330-30,BTC price up in next 15 mins?,KXBTC15M-26MAY171330,2026-05-17T17:30:00Z,active,0.75,0.76,0.24,0.25,0.755,0.74,73611.68,60044.71,1035.0,75.0,2026-05-17T17:17:13.211Z,btc-updown-15m-1779038100,"Bitcoin Up or Down - May 17, 1:15PM-1:30PM ET",btc-updown-15m-1779038100,2026-05-17T17:30:00Z,,0.75,0.76,0.24,0.25,0.755,0.58,802.3404410000003,,115.09,29.31,2026-05-17T17:17:13.211Z,BRTI,77931.3,77882.98,77901.337,60,Polymarket RTDS,77929.55796,77885.601995,1.01,1.01,
2026-05-17T17:17:15.715Z,2026-05-17T17:17:15.176Z,KXBTC15M-26MAY171330-30,BTC price up in next 15 mins?,KXBTC15M-26MAY171330,2026-05-17T17:30:00Z,active,0.75,0.76,0.24,0.25,0.755,0.74,73611.68,60044.71,673.79,75.0,2026-05-17T17:17:15.229Z,btc-updown-15m-1779038100,"Bitcoin Up or Down - May 17, 1:15PM-1:30PM ET",btc-updown-15m-1779038100,2026-05-17T17:30:00Z,,0.75,0.76,0.24,0.25,0.755,0.58,802.3404410000003,,57.49,194.32,2026-05-17T17:17:15.229Z,BRTI,77937.96,77882.98,77902.08133333334,60,Polymarket RTDS,77929.45631,77885.601995,1.01,1.01,
2026-05-17T17:17:17.764Z,2026-05-17T17:17:17.176Z,KXBTC15M-26MAY171330-30,BTC price up in next 15 mins?,KXBTC15M-26MAY171330,2026-05-17T17:30:00Z,active,0.75,0.76,0.24,0.25,0.755,0.74,73611.68,60044.71,1100.0,42.4,2026-05-17T17:17:17.223Z,btc-updown-15m-1779038100,"Bitcoin Up or Down - May 17, 1:15PM-1:30PM ET",btc-updown-15m-1779038100,2026-05-17T17:30:00Z,,0.75,0.76,0.24,0.25,0.755,0.58,802.3404410000003,,180.48,165.08,2026-05-17T17:17:17.223Z,BRTI,77938.07,77882.98,77903.03016666666,60,Polymarket RTDS,77929.416675,77885.601995,1.01,1.01,
2026-05-17T17:17:19.671Z,2026-05-17T17:17:19.176Z,KXBTC15M-26MAY171330-30,BTC price up in next 15 mins?,KXBTC15M-26MAY171330,2026-05-17T17:30:00Z,active,0.75,0.77,0.23,0.25,0.76,0.74,73611.68,60044.71,857.97,565.52,2026-05-17T17:17:19.223Z,btc-updown-15m-1779038100,"Bitcoin Up or Down - May 17, 1:15PM-1:30PM ET",btc-updown-15m-1779038100,2026-05-17T17:30:00Z,,0.75,0.76,0.24,0.25,0.755,0.58,802.3404410000003,,106.99,160.01,2026-05-17T17:17:19.223Z,BRTI,77937.96,77882.98,77904.14566666666,60,Polymarket RTDS,77929.409665,77885.601995,1.02,1.01,
2026-05-17T17:17:21.663Z,2026-05-17T17:17:21.167Z,KXBTC15M-26MAY171330-30,BTC price up in next 15 mins?,KXBTC15M-26MAY171330,2026-05-17T17:30:00Z,active,0.75,0.77,0.23,0.25,0.76,0.74,73611.68,60044.71,1059.9,162.79,2026-05-17T17:17:21.214Z,btc-updown-15m-1779038100,"Bitcoin Up or Down - May 17, 1:15PM-1:30PM ET",btc-updown-15m-1779038100,2026-05-17T17:30:00Z,,0.75,0.76,0.24,0.25,0.755,0.58,802.3404410000003,,136.99,52.15,2026-05-17T17:17:21.214Z,BRTI,77918.86,77882.98,77904.81850000001,60,Polymarket RTDS,77929.786665,77885.601995,1.02,1.01,
2026-05-17T17:17:23.681Z,2026-05-17T17:17:23.170Z,KXBTC15M-26MAY171330-30,BTC price up in next 15 mins?,KXBTC15M-26MAY171330,2026-05-17T17:30:00Z,active,0.75,0.77,0.23,0.25,0.76,0.74,73611.68,60044.71,931.92,246.3,2026-05-17T17:17:23.225Z,btc-updown-15m-1779038100,"Bitcoin Up or Down - May 17, 1:15PM-1:30PM ET",btc-updown-15m-1779038100,2026-05-17T17:30:00Z,,0.74,0.75,0.25,0.26,0.745,0.58,802.3404410000003,,157.4,97.6,2026-05-17T17:17:23.225Z,BRTI,77938.07,77882.98,77905.8285,60,Polymarket RTDS,77929.91044,77885.601995,1.03,1.0,
2026-05-17T17:17:25.720Z,2026-05-17T17:17:25.178Z,KXBTC15M-26MAY171330-30,BTC price up in next 15 mins?,KXBTC15M-26MAY171330,2026-05-17T17:30:00Z,active,0.75,0.76,0.24,0.25,0.755,0.74,73611.68,60044.71,784.66,61.0,2026-05-17T17:17:25.226Z,btc-updown-15m-1779038100,"Bitcoin Up or Down - May 17, 1:15PM-1:30PM ET",btc-updown-15m-1779038100,2026-05-17T17:30:00Z,,0.74,0.75,0.25,0.26,0.745,0.58,802.3404410000003,,168.9,104.53,2026-05-17T17:17:25.226Z,BRTI,77926.15,77882.98,77906.17866666666,60,Polymarket RTDS,77929.887295,77885.601995,1.02,1.0,
2026-05-17T17:17:27.703Z,2026-05-17T17:17:27.171Z,KXBTC15M-26MAY171330-30,BTC price up in next 15 mins?,KXBTC15M-26MAY171330,2026-05-17T17:30:00Z,active,0.75,0.77,0.23,0.25,0.76,0.74,73611.68,60044.71,1352.72,213.0,2026-05-17T17:17:27.219Z,btc-updown-15m-1779038100,"Bitcoin Up or Down - May 17, 1:15PM-1:30PM ET",btc-updown-15m-1779038100,2026-05-17T17:30:00Z,,0.74,0.75,0.25,0.26,0.745,0.58,802.3404410000003,,50.09,119.46,2026-05-17T17:17:27.219Z,BRTI,77918.88,77882.98,77906.605,60,Polymarket RTDS,77929.86178,77885.601995,1.03,1.0,
2026-05-17T17:17:29.651Z,2026-05-17T17:17:29.172Z,KXBTC15M-26MAY171330-30,BTC price up in next 15 mins?,KXBTC15M-26MAY171330,2026-05-17T17:30:00Z,active,0.76,0.77,0.23,0.24,0.765,0.74,73611.68,60044.71,1077.4,205.0,2026-05-17T17:17:29.220Z,btc-updown-15m-1779038100,"Bitcoin Up or Down - May 17, 1:15PM-1:30PM ET",btc-updown-15m-1779038100,2026-05-17T17:30:00Z,,0.74,0.75,0.25,0.26,0.745,0.58,802.3404410000003,,85.09,102.32,2026-05-17T17:17:29.220Z,BRTI,77918.86,77882.98,77907.24716666667,60,Polymarket RTDS,77930.039715,77885.601995,1.03,0.99,
2026-05-17T17:17:31.704Z,2026-05-17T17:17:31.181Z,KXBTC15M-26MAY171330-30,BTC price up in next 15 mins?,KXBTC15M-26MAY171330,2026-05-17T17:30:00Z,active,0.76,0.77,0.23,0.24,0.765,0.74,73611.68,60044.71,28.24,247.23,2026-05-17T17:17:31.234Z,btc-updown-15m-1779038100,"Bitcoin Up or Down - May 17, 1:15PM-1:30PM ET",btc-updown-15m-1779038100,2026-05-17T17:30:00Z,,0.74,0.75,0.25,0.26,0.745,0.58,802.3404410000003,,70.09,97.25,2026-05-17T17:17:31.234Z,BRTI,77918.17,77882.98,77907.46433333334,60,Polymarket RTDS,77930.092975,77885.601995,1.03,0.99,
2026-05-17T17:17:33.676Z,2026-05-17T17:17:33.182Z,KXBTC15M-26MAY171330-30,BTC price up in next 15 mins?,KXBTC15M-26MAY171330,2026-05-17T17:30:00Z,active,0.72,0.73,0.27,0.28,0.725,0.74,73611.68,60044.71,1081.0,3674.0,2026-05-17T17:17:33.226Z,btc-updown-15m-1779038100,"Bitcoin Up or Down - May 17, 1:15PM-1:30PM ET",btc-updown-15m-1779038100,2026-05-17T17:30:00Z,,0.73,0.74,0.26,0.27,0.735,0.58,802.3404410000003,,15.24,23.0,2026-05-17T17:17:33.226Z,BRTI,77918.49,77882.98,77907.68683333333,60,Polymarket RTDS,77930.04916,77885.601995,1.0,1.02,
2026-05-17T17:17:35.743Z,2026-05-17T17:17:35.175Z,KXBTC15M-26MAY171330-30,BTC price up in next 15 mins?,KXBTC15M-26MAY171330,2026-05-17T17:30:00Z,active,0.71,0.72,0.28,0.29,0.715,0.74,73611.68,60044.71,1079.0,1204.28,2026-05-17T17:17:35.251Z,btc-updown-15m-1779038100,"Bitcoin Up or Down - May 17, 1:15PM-1:30PM ET",btc-updown-15m-1779038100,2026-05-17T17:30:00Z,,0.65,0.66,0.34,0.35,0.655,0.58,802.3404410000003,,504.08,56.37,2026-05-17T17:17:35.251Z,BRTI,77918.49,77882.98,77908.30933333334,60,Polymarket RTDS,77918.376665,77885.601995,1.0699999999999998,0.95,
2026-05-17T17:17:37.718Z,2026-05-17T17:17:37.161Z,KXBTC15M-26MAY171330-30,BTC price up in next 15 mins?,KXBTC15M-26MAY171330,2026-05-17T17:30:00Z,active,0.71,0.72,0.28,0.29,0.715,0.74,73611.68,60044.71,880.3,2609.28,2026-05-17T17:17:37.208Z,btc-updown-15m-1779038100,"Bitcoin Up or Down - May 17, 1:15PM-1:30PM ET",btc-updown-15m-1779038100,2026-05-17T17:30:00Z,,0.67,0.68,0.32,0.33,0.675,0.58,802.3404410000003,,37.8,179.86,2026-05-17T17:17:37.208Z,BRTI,77921.37,77882.98,77908.77716666667,60,Polymarket RTDS,77918.38986,77885.601995,1.05,0.97,
2026-05-17T17:17:39.722Z,2026-05-17T17:17:39.167Z,KXBTC15M-26MAY171330-30,BTC price up in next 15 mins?,KXBTC15M-26MAY171330,2026-05-17T17:30:00Z,active,0.7,0.71,0.29,0.3,0.705,0.7,87492.72,68068.58,997.07,1302.28,2026-05-17T17:17:39.215Z,btc-updown-15m-1779038100,"Bitcoin Up or Down - May 17, 1:15PM-1:30PM ET",btc-updown-15m-1779038100,2026-05-17T17:30:00Z,,0.67,0.68,0.32,0.33,0.675,0.58,802.3404410000003,,72.06,147.47,2026-05-17T17:17:39.215Z,BRTI,77926.15,77882.98,77909.61566666668,60,Polymarket RTDS,77917.957935,77885.601995,1.04,0.98,
2026-05-17T17:17:41.673Z,2026-05-17T17:17:41.169Z,KXBTC15M-26MAY171330-30,BTC price up in next 15 mins?,KXBTC15M-26MAY171330,2026-05-17T17:30:00Z,active,0.68,0.7,0.3,0.32,0.69,0.7,87492.72,68068.58,1528.0,1282.28,2026-05-17T17:17:41.216Z,btc-updown-15m-1779038100,"Bitcoin Up or Down - May 17, 1:15PM-1:30PM ET",btc-updown-15m-1779038100,2026-05-17T17:30:00Z,,0.67,0.68,0.32,0.33,0.675,0.58,802.3404410000003,,35.3,341.39,2026-05-17T17:17:41.216Z,BRTI,77937.96,77882.98,77910.73116666666,60,Polymarket RTDS,77917.3843299997,77885.601995,1.03,1.0,
2026-05-17T17:17:43.732Z,2026-05-17T17:17:43.165Z,KXBTC15M-26MAY171330-30,BTC price up in next 15 mins?,KXBTC15M-26MAY171330,2026-05-17T17:30:00Z,active,0.68,0.69,0.31,0.32,0.685,0.7,87492.72,68068.58,1302.12,285.02,2026-05-17T17:17:43.211Z,btc-updown-15m-1779038100,"Bitcoin Up or Down - May 17, 1:15PM-1:30PM ET",btc-updown-15m-1779038100,2026-05-17T17:30:00Z,,0.66,0.67,0.33,0.34,0.665,0.58,802.3404410000003,,114.55,202.27,2026-05-17T17:17:43.211Z,BRTI,77918.86,77882.98,77910.68933333334,60,Polymarket RTDS,77914.062335,77885.601995,1.03,0.99,
2026-05-17T17:17:45.722Z,2026-05-17T17:17:45.172Z,KXBTC15M-26MAY171330-30,BTC price up in next 15 mins?,KXBTC15M-26MAY171330,2026-05-17T17:30:00Z,active,0.68,0.69,0.31,0.32,0.685,0.7,87492.72,68068.58,1208.96,1090.28,2026-05-17T17:17:45.220Z,btc-updown-15m-1779038100,"Bitcoin Up or Down - May 17, 1:15PM-1:30PM ET",btc-updown-15m-1779038100,2026-05-17T17:30:00Z,,0.66,0.67,0.33,0.34,0.665,0.58,802.3404410000003,,8.93,245.44,2026-05-17T17:17:45.220Z,BRTI,77931.3,77882.98,77911.69383333334,60,Polymarket RTDS,77914.027995,77885.601995,1.03,0.99,
2026-05-17T17:17:47.662Z,2026-05-17T17:17:47.176Z,KXBTC15M-26MAY171330-30,BTC price up in next 15 mins?,KXBTC15M-26MAY171330,2026-05-17T17:30:00Z,active,0.67,0.68,0.32,0.33,0.675,0.7,87492.72,68068.58,1005.76,1126.28,2026-05-17T17:17:47.225Z,btc-updown-15m-1779038100,"Bitcoin Up or Down - May 17, 1:15PM-1:30PM ET",btc-updown-15m-1779038100,2026-05-17T17:30:00Z,,0.66,0.67,0.33,0.34,0.665,0.58,802.3404410000003,,5.0,303.15,2026-05-17T17:17:47.225Z,BRTI,77918.17,77882.98,77912.4795,60,Polymarket RTDS,77913.99122,77885.601995,1.02,1.0,
2026-05-17T17:17:49.742Z,2026-05-17T17:17:49.176Z,KXBTC15M-26MAY171330-30,BTC price up in next 15 mins?,KXBTC15M-26MAY171330,2026-05-17T17:30:00Z,active,0.67,0.68,0.32,0.33,0.675,0.7,87492.72,68068.58,795.31,1078.92,2026-05-17T17:17:49.229Z,btc-updown-15m-1779038100,"Bitcoin Up or Down - May 17, 1:15PM-1:30PM ET",btc-updown-15m-1779038100,2026-05-17T17:30:00Z,,0.65,0.66,0.34,0.35,0.655,0.58,802.3404410000003,,5.64,33.01,2026-05-17T17:17:49.229Z,BRTI,77918.68,77882.98,77913.14933333333,60,Polymarket RTDS,77912.86480780822,77885.601995,1.03,0.99,
2026-05-17T17:17:51.690Z,2026-05-17T17:17:51.161Z,KXBTC15M-26MAY171330-30,BTC price up in next 15 mins?,KXBTC15M-26MAY171330,2026-05-17T17:30:00Z,active,0.66,0.68,0.32,0.34,0.67,0.7,87492.72,68068.58,1658.0,1173.92,2026-05-17T17:17:51.208Z,btc-updown-15m-1779038100,"Bitcoin Up or Down - May 17, 1:15PM-1:30PM ET",btc-updown-15m-1779038100,2026-05-17T17:30:00Z,,0.64,0.65,0.35,0.36,0.645,0.58,802.3404410000003,,114.15,54.05,2026-05-17T17:17:51.208Z,BRTI,77931.3,77882.98,77914.0295,60,Polymarket RTDS,77913.39995,77885.601995,1.04,0.99,
2026-05-17T17:17:53.773Z,2026-05-17T17:17:53.183Z,KXBTC15M-26MAY171330-30,BTC price up in next 15 mins?,KXBTC15M-26MAY171330,2026-05-17T17:30:00Z,active,0.68,0.69,0.31,0.32,0.685,0.7,87492.72,68068.58,344.0,151.0,2026-05-17T17:17:53.228Z,btc-updown-15m-1779038100,"Bitcoin Up or Down - May 17, 1:15PM-1:30PM ET",btc-updown-15m-1779038100,2026-05-17T17:30:00Z,,0.64,0.65,0.35,0.36,0.645,0.58,802.3404410000003,,98.2,98.91,2026-05-17T17:17:53.228Z,BRTI,77923.36,77882.98,77914.77733333333,60,Polymarket RTDS,77912.9653145885,77885.601995,1.0499999999999998,0.97,
2026-05-17T17:17:55.740Z,2026-05-17T17:17:55.172Z,KXBTC15M-26MAY171330-30,BTC price up in next 15 mins?,KXBTC15M-26MAY171330,2026-05-17T17:30:00Z,active,0.65,0.66,0.34,0.35,0.655,0.7,87492.72,68068.58,1157.0,180.0,2026-05-17T17:17:55.224Z,btc-updown-15m-1779038100,"Bitcoin Up or Down - May 17, 1:15PM-1:30PM ET",btc-updown-15m-1779038100,2026-05-17T17:30:00Z,,0.64,0.65,0.35,0.36,0.645,0.58,802.3404410000003,,2.94,92.14,2026-05-17T17:17:55.224Z,BRTI,77920.26,77882.98,77915.46733333333,60,Polymarket RTDS,77913.171085,77885.601995,1.02,1.0,
2026-05-17T17:17:57.681Z,2026-05-17T17:17:57.165Z,KXBTC15M-26MAY171330-30,BTC price up in next 15 mins?,KXBTC15M-26MAY171330,2026-05-17T17:30:00Z,active,0.65,0.66,0.34,0.35,0.655,0.7,87492.72,68068.58,1116.01,141.93,2026-05-17T17:17:57.217Z,btc-updown-15m-1779038100,"Bitcoin Up or Down - May 17, 1:15PM-1:30PM ET",btc-updown-15m-1779038100,2026-05-17T17:30:00Z,,0.62,0.63,0.37,0.38,0.625,0.58,802.3404410000003,,300.98,17.42,2026-05-17T17:17:57.217Z,BRTI,77918.68,77882.98,77916.09300000001,60,Polymarket RTDS,77906.74353,77885.601995,1.04,0.98,
2026-05-17T17:17:59.672Z,2026-05-17T17:17:59.177Z,KXBTC15M-26MAY171330-30,BTC price up in next 15 mins?,KXBTC15M-26MAY171330,2026-05-17T17:30:00Z,active,0.64,0.65,0.35,0.36,0.645,0.7,87492.72,68068.58,1004.33,94.15,2026-05-17T17:17:59.230Z,btc-updown-15m-1779038100,"Bitcoin Up or Down - May 17, 1:15PM-1:30PM ET",btc-updown-15m-1779038100,2026-05-17T17:30:00Z,,0.6,0.62,0.38,0.4,0.61,0.58,802.3404410000003,,50.16,100.83,2026-05-17T17:17:59.230Z,BRTI,77918.86,77882.98,77916.75966666666,60,Polymarket RTDS,77906.72972,77885.601995,1.05,0.98,
2026-05-17T17:18:01.916Z,2026-05-17T17:18:01.167Z,KXBTC15M-26MAY171330-30,BTC price up in next 15 mins?,KXBTC15M-26MAY171330,2026-05-17T17:30:00Z,active,0.63,0.65,0.35,0.37,0.64,0.7,87492.72,68068.58,1240.0,2262.88,2026-05-17T17:18:01.252Z,btc-updown-15m-1779038100,"Bitcoin Up or Down - May 17, 1:15PM-1:30PM ET",btc-updown-15m-1779038100,2026-05-17T17:30:00Z,,0.57,0.58,0.42,0.43,0.575,0.58,802.3404410000003,,295.82,14.67,2026-05-17T17:18:01.252Z,BRTI,77918.86,77882.98,77917.38833333334,60,Polymarket RTDS,77901.3470342438,77885.601995,1.08,0.95,
2026-05-17T17:18:03.775Z,2026-05-17T17:18:03.174Z,KXBTC15M-26MAY171330-30,BTC price up in next 15 mins?,KXBTC15M-26MAY171330,2026-05-17T17:30:00Z,active,0.64,0.65,0.35,0.36,0.645,0.7,87492.72,68068.58,14.59,2380.23,2026-05-17T17:18:03.232Z,btc-updown-15m-1779038100,"Bitcoin Up or Down - May 17, 1:15PM-1:30PM ET",btc-updown-15m-1779038100,2026-05-17T17:30:00Z,,0.57,0.58,0.42,0.43,0.575,0.58,802.3404410000003,,315.82,5.06,2026-05-17T17:18:03.232Z,BRTI,77907.93,77882.98,77917.896,60,Polymarket RTDS,77900.955405,77885.601995,1.08,0.94,
2026-05-17T17:18:05.709Z,2026-05-17T17:18:05.176Z,KXBTC15M-26MAY171330-30,BTC price up in next 15 mins?,KXBTC15M-26MAY171330,2026-05-17T17:30:00Z,active,0.62,0.64,0.36,0.38,0.63,0.7,87492.72,68068.58,1196.03,129.0,2026-05-17T17:18:05.224Z,btc-updown-15m-1779038100,"Bitcoin Up or Down - May 17, 1:15PM-1:30PM ET",btc-updown-15m-1779038100,2026-05-17T17:30:00Z,,0.59,0.6,0.4,0.41,0.595,0.58,802.3404410000003,,84.94,2.84,2026-05-17T17:18:05.224Z,BRTI,77926.15,77882.98,77918.4635,60,Polymarket RTDS,77901.024845,77885.601995,1.05,0.98,
2026-05-17T17:18:07.701Z,2026-05-17T17:18:07.183Z,KXBTC15M-26MAY171330-30,BTC price up in next 15 mins?,KXBTC15M-26MAY171330,2026-05-17T17:30:00Z,active,0.63,0.64,0.36,0.37,0.635,0.7,87492.72,68068.58,1075.0,3.0,2026-05-17T17:18:07.235Z,btc-updown-15m-1779038100,"Bitcoin Up or Down - May 17, 1:15PM-1:30PM ET",btc-updown-15m-1779038100,2026-05-17T17:30:00Z,,0.6,0.61,0.39,0.4,0.605,0.58,802.3404410000003,,45.48,146.0,2026-05-17T17:18:07.235Z,BRTI,77920.26,77882.98,77919.1535,60,Polymarket RTDS,77900.99143,77885.601995,1.04,0.98,
2026-05-17T17:18:10.004Z,2026-05-17T17:18:09.158Z,KXBTC15M-26MAY171330-30,BTC price up in next 15 mins?,KXBTC15M-26MAY171330,2026-05-17T17:30:00Z,active,0.64,0.65,0.35,0.36,0.645,0.7,87492.72,68068.58,988.39,411.73,2026-05-17T17:18:09.210Z,btc-updown-15m-1779038100,"Bitcoin Up or Down - May 17, 1:15PM-1:30PM ET",btc-updown-15m-1779038100,2026-05-17T17:30:00Z,,0.6,0.61,0.39,0.4,0.605,0.58,802.3404410000003,,45.48,142.62,2026-05-17T17:18:09.210Z,BRTI,77907.44,77882.98,77919.62983333334,60,Polymarket RTDS,77900.99143,77885.601995,1.05,0.97,
2026-05-17T17:18:11.679Z,2026-05-17T17:18:11.178Z,KXBTC15M-26MAY171330-30,BTC price up in next 15 mins?,KXBTC15M-26MAY171330,2026-05-17T17:30:00Z,active,0.67,0.69,0.31,0.33,0.6799999999999999,0.64,105765.68,79570.12,190.0,527.0,2026-05-17T17:18:11.229Z,btc-updown-15m-1779038100,"Bitcoin Up or Down - May 17, 1:15PM-1:30PM ET",btc-updown-15m-1779038100,2026-05-17T17:30:00Z,,0.6,0.61,0.39,0.4,0.605,0.58,802.3404410000003,,45.48,132.07,2026-05-17T17:18:11.229Z,BRTI,77938.07,77882.98,77920.396,60,Polymarket RTDS,77900.99143,77885.601995,1.0899999999999999,0.94,
2026-05-17T17:18:13.702Z,2026-05-17T17:18:13.176Z,KXBTC15M-26MAY171330-30,BTC price up in next 15 mins?,KXBTC15M-26MAY171330,2026-05-17T17:30:00Z,active,0.66,0.67,0.33,0.34,0.665,0.64,105765.68,79570.12,1154.0,150.0,2026-05-17T17:18:13.227Z,btc-updown-15m-1779038100,"Bitcoin Up or Down - May 17, 1:15PM-1:30PM ET",btc-updown-15m-1779038100,2026-05-17T17:30:00Z,,0.62,0.63,0.37,0.38,0.625,0.58,802.3404410000003,,11.0,5.09,2026-05-17T17:18:13.227Z,BRTI,77938.07,77882.98,77921.43316666667,60,Polymarket RTDS,77900.99143,77885.601995,1.05,0.97,
2026-05-17T17:18:15.873Z,2026-05-17T17:18:15.167Z,KXBTC15M-26MAY171330-30,BTC price up in next 15 mins?,KXBTC15M-26MAY171330,2026-05-17T17:30:00Z,active,0.66,0.68,0.32,0.34,0.67,0.64,105765.68,79570.12,948.88,69.53,2026-05-17T17:18:15.219Z,btc-updown-15m-1779038100,"Bitcoin Up or Down - May 17, 1:15PM-1:30PM ET",btc-updown-15m-1779038100,2026-05-17T17:30:00Z,,0.63,0.64,0.36,0.37,0.635,0.58,802.3404410000003,,151.55,85.43,2026-05-17T17:18:15.219Z,BRTI,77907.44,77882.98,77921.20099999999,60,Polymarket RTDS,77904.49109,77885.601995,1.05,0.98,
2026-05-17T17:18:17.650Z,2026-05-17T17:18:17.171Z,KXBTC15M-26MAY171330-30,BTC price up in next 15 mins?,KXBTC15M-26MAY171330,2026-05-17T17:30:00Z,active,0.66,0.68,0.32,0.34,0.67,0.64,105765.68,79570.12,944.65,183.55,2026-05-17T17:18:17.216Z,btc-updown-15m-1779038100,"Bitcoin Up or Down - May 17, 1:15PM-1:30PM ET",btc-updown-15m-1779038100,2026-05-17T17:30:00Z,,0.63,0.64,0.36,0.37,0.635,0.58,802.3404410000003,,192.07,56.51,2026-05-17T17:18:17.216Z,BRTI,77907.44,77882.98,77921.01366666667,60,Polymarket RTDS,77904.500715,77885.601995,1.05,0.98,
2026-05-17T17:18:19.703Z,2026-05-17T17:18:19.195Z,KXBTC15M-26MAY171330-30,BTC price up in next 15 mins?,KXBTC15M-26MAY171330,2026-05-17T17:30:00Z,active,0.67,0.69,0.31,0.33,0.6799999999999999,0.64,105765.68,79570.12,1103.84,319.37,2026-05-17T17:18:19.252Z,btc-updown-15m-1779038100,"Bitcoin Up or Down - May 17, 1:15PM-1:30PM ET",btc-updown-15m-1779038100,2026-05-17T17:30:00Z,,0.63,0.64,0.36,0.37,0.635,0.58,802.3404410000003,,192.07,70.0,2026-05-17T17:18:19.252Z,BRTI,77920.26,77882.98,77921.26566666667,60,Polymarket RTDS,77904.49144,77885.601995,1.06,0.97,
2026-05-17T17:18:21.861Z,2026-05-17T17:18:21.175Z,KXBTC15M-26MAY171330-30,BTC price up in next 15 mins?,KXBTC15M-26MAY171330,2026-05-17T17:30:00Z,active,0.67,0.68,0.32,0.33,0.675,0.64,105765.68,79570.12,75.0,125.0,2026-05-17T17:18:21.223Z,btc-updown-15m-1779038100,"Bitcoin Up or Down - May 17, 1:15PM-1:30PM ET",btc-updown-15m-1779038100,2026-05-17T17:30:00Z,,0.63,0.64,0.36,0.37,0.635,0.58,802.3404410000003,,177.07,25.0,2026-05-17T17:18:21.223Z,BRTI,77908.26,77882.98,77921.092,60,Polymarket RTDS,77904.36928,77885.601995,1.05,0.97,
2026-05-17T17:18:23.772Z,2026-05-17T17:18:23.179Z,KXBTC15M-26MAY171330-30,BTC price up in next 15 mins?,KXBTC15M-26MAY171330,2026-05-17T17:30:00Z,active,0.66,0.69,0.31,0.34,0.675,0.64,105765.68,79570.12,1040.0,638.37,2026-05-17T17:18:23.268Z,btc-updown-15m-1779038100,"Bitcoin Up or Down - May 17, 1:15PM-1:30PM ET",btc-updown-15m-1779038100,2026-05-17T17:30:00Z,,0.63,0.64,0.36,0.37,0.635,0.58,802.3404410000003,,48.98,70.0,2026-05-17T17:18:23.268Z,BRTI,77938.07,77882.98,77921.41833333332,60,Polymarket RTDS,77904.37067,77885.601995,1.06,0.98,
2026-05-17T17:18:25.676Z,2026-05-17T17:18:25.177Z,KXBTC15M-26MAY171330-30,BTC price up in next 15 mins?,KXBTC15M-26MAY171330,2026-05-17T17:30:00Z,active,0.66,0.67,0.33,0.34,0.665,0.64,105765.68,79570.12,1001.0,170.0,2026-05-17T17:18:25.225Z,btc-updown-15m-1779038100,"Bitcoin Up or Down - May 17, 1:15PM-1:30PM ET",btc-updown-15m-1779038100,2026-05-17T17:30:00Z,,0.63,0.64,0.36,0.37,0.635,0.58,802.3404410000003,,14.86,255.21,2026-05-17T17:18:25.225Z,BRTI,77938.07,77882.98,77921.74466666667,60,Polymarket RTDS,77904.24919,77885.601995,1.04,0.98,
2026-05-17T17:18:27.725Z,2026-05-17T17:18:27.195Z,KXBTC15M-26MAY171330-30,BTC price up in next 15 mins?,KXBTC15M-26MAY171330,2026-05-17T17:30:00Z,active,0.67,0.68,0.32,0.33,0.675,0.64,105765.68,79570.12,10.0,200.0,2026-05-17T17:18:27.243Z,btc-updown-15m-1779038100,"Bitcoin Up or Down - May 17, 1:15PM-1:30PM ET",btc-updown-15m-1779038100,2026-05-17T17:30:00Z,,0.63,0.64,0.36,0.37,0.635,0.58,802.3404410000003,,19.97,250.13,2026-05-17T17:18:27.243Z,BRTI,77908.5,77882.98,77921.575,60,Polymarket RTDS,77904.213375,77885.601995,1.05,0.97,
2026-05-17T17:18:29.902Z,2026-05-17T17:18:29.179Z,KXBTC15M-26MAY171330-30,BTC price up in next 15 mins?,KXBTC15M-26MAY171330,2026-05-17T17:30:00Z,active,0.66,0.68,0.32,0.34,0.67,0.64,105765.68,79570.12,436.69,195.72,2026-05-17T17:18:29.224Z,btc-updown-15m-1779038100,"Bitcoin Up or Down - May 17, 1:15PM-1:30PM ET",btc-updown-15m-1779038100,2026-05-17T17:30:00Z,,0.63,0.64,0.36,0.37,0.635,0.58,802.3404410000003,,84.95,175.05,2026-05-17T17:18:29.224Z,BRTI,77913.61,77882.98,77921.49900000001,60,Polymarket RTDS,77904.2288,77885.601995,1.05,0.98,
2026-05-17T17:18:31.659Z,2026-05-17T17:18:31.176Z,KXBTC15M-26MAY171330-30,BTC price up in next 15 mins?,KXBTC15M-26MAY171330,2026-05-17T17:30:00Z,active,0.47,0.48,0.52,0.53,0.475,0.64,105765.68,79570.12,79.0,1635.0,2026-05-17T17:18:31.222Z,btc-updown-15m-1779038100,"Bitcoin Up or Down - May 17, 1:15PM-1:30PM ET",btc-updown-15m-1779038100,2026-05-17T17:30:00Z,,0.57,0.64,0.36,0.43,0.605,0.58,802.3404410000003,,175.42,109.92,2026-05-17T17:18:31.222Z,BRTI,77907.93,77882.98,77921.31683333333,60,Polymarket RTDS,77885.82946092852,77885.601995,0.9099999999999999,1.17,
2026-05-17T17:18:33.728Z,2026-05-17T17:18:33.168Z,KXBTC15M-26MAY171330-30,BTC price up in next 15 mins?,KXBTC15M-26MAY171330,2026-05-17T17:30:00Z,active,0.46,0.47,0.53,0.54,0.46499999999999997,0.64,105765.68,79570.12,43.69,1583.28,2026-05-17T17:18:33.216Z,btc-updown-15m-1779038100,"Bitcoin Up or Down - May 17, 1:15PM-1:30PM ET",btc-updown-15m-1779038100,2026-05-17T17:30:00Z,,0.46,0.47,0.53,0.54,0.46499999999999997,0.58,802.3404410000003,,30.0,25.0,2026-05-17T17:18:33.216Z,BRTI,77937.96,77882.98,77921.86383333334,60,Polymarket RTDS,77876.55969132608,77885.601995,1.01,1.01,
2026-05-17T17:18:35.693Z,2026-05-17T17:18:35.169Z,KXBTC15M-26MAY171330-30,BTC price up in next 15 mins?,KXBTC15M-26MAY171330,2026-05-17T17:30:00Z,active,0.46,0.47,0.53,0.54,0.46499999999999997,0.64,105765.68,79570.12,120.0,1250.43,2026-05-17T17:18:35.219Z,btc-updown-15m-1779038100,"Bitcoin Up or Down - May 17, 1:15PM-1:30PM ET",btc-updown-15m-1779038100,2026-05-17T17:30:00Z,,0.45,0.46,0.54,0.55,0.455,0.58,802.3404410000003,,331.66,14.98,2026-05-17T17:18:35.219Z,BRTI,77907.44,77882.98,77921.6765,60,Polymarket RTDS,77867.194145,77885.601995,1.02,1.0,
2026-05-17T17:18:37.690Z,2026-05-17T17:18:37.174Z,KXBTC15M-26MAY171330-30,BTC price up in next 15 mins?,KXBTC15M-26MAY171330,2026-05-17T17:30:00Z,active,0.45,0.46,0.54,0.55,0.455,0.64,105765.68,79570.12,311.0,270.01,2026-05-17T17:18:37.228Z,btc-updown-15m-1779038100,"Bitcoin Up or Down - May 17, 1:15PM-1:30PM ET",btc-updown-15m-1779038100,2026-05-17T17:30:00Z,,0.45,0.46,0.54,0.55,0.455,0.58,802.3404410000003,,187.08,58.37,2026-05-17T17:18:37.229Z,BRTI,77938.07,77882.98,77922.44266666667,60,Polymarket RTDS,77864.42715103131,77885.601995,1.01,1.01,
2026-05-17T17:18:39.713Z,2026-05-17T17:18:39.179Z,KXBTC15M-26MAY171330-30,BTC price up in next 15 mins?,KXBTC15M-26MAY171330,2026-05-17T17:30:00Z,active,0.42,0.43,0.57,0.58,0.425,0.64,105765.68,79570.12,525.0,2167.0,2026-05-17T17:18:39.235Z,btc-updown-15m-1779038100,"Bitcoin Up or Down - May 17, 1:15PM-1:30PM ET",btc-updown-15m-1779038100,2026-05-17T17:30:00Z,,0.45,0.48,0.53,0.55,0.46499999999999997,0.58,802.3404410000003,,12.75,6.97,2026-05-17T17:18:39.235Z,BRTI,77920.26,77882.98,77922.25866666668,60,Polymarket RTDS,77863.78915,77885.601995,0.98,1.06,
2026-05-17T17:18:41.666Z,2026-05-17T17:18:41.174Z,KXBTC15M-26MAY171330-30,BTC price up in next 15 mins?,KXBTC15M-26MAY171330,2026-05-17T17:30:00Z,active,0.42,0.43,0.57,0.58,0.425,0.45,140493.76,77340.80,80.0,1444.99,2026-05-17T17:18:41.223Z,btc-updown-15m-1779038100,"Bitcoin Up or Down - May 17, 1:15PM-1:30PM ET",btc-updown-15m-1779038100,2026-05-17T17:30:00Z,,0.45,0.46,0.54,0.55,0.455,0.58,802.3404410000003,,7.75,48.0,2026-05-17T17:18:41.223Z,BRTI,77923.36,77882.98,77922.29183333334,60,Polymarket RTDS,77863.69414385756,77885.601995,0.98,1.04,
2026-05-17T17:18:43.659Z,2026-05-17T17:18:43.163Z,KXBTC15M-26MAY171330-30,BTC price up in next 15 mins?,KXBTC15M-26MAY171330,2026-05-17T17:30:00Z,active,0.41,0.42,0.58,0.59,0.415,0.45,140493.76,77340.80,94.22,1578.47,2026-05-17T17:18:43.214Z,btc-updown-15m-1779038100,"Bitcoin Up or Down - May 17, 1:15PM-1:30PM ET",btc-updown-15m-1779038100,2026-05-17T17:30:00Z,,0.45,0.46,0.54,0.55,0.455,0.58,802.3404410000003,,5.0,70.0,2026-05-17T17:18:43.214Z,BRTI,77908.26,77882.98,77921.99366666666,60,Polymarket RTDS,77862.65751453173,77885.601995,0.97,1.05,
2026-05-17T17:18:45.699Z,2026-05-17T17:18:45.177Z,KXBTC15M-26MAY171330-30,BTC price up in next 15 mins?,KXBTC15M-26MAY171330,2026-05-17T17:30:00Z,active,0.4,0.41,0.59,0.6,0.405,0.45,140493.76,77340.80,157.77,1805.27,2026-05-17T17:18:45.225Z,btc-updown-15m-1779038100,"Bitcoin Up or Down - May 17, 1:15PM-1:30PM ET",btc-updown-15m-1779038100,2026-05-17T17:30:00Z,,0.43,0.45,0.55,0.57,0.44,0.58,802.3404410000003,,3.22,5.0,2026-05-17T17:18:45.225Z,BRTI,77913.82,77882.98,77921.70233333333,60,Polymarket RTDS,77862.97621,77885.601995,0.98,1.05,
2026-05-17T17:18:47.661Z,2026-05-17T17:18:47.176Z,KXBTC15M-26MAY171330-30,BTC price up in next 15 mins?,KXBTC15M-26MAY171330,2026-05-17T17:30:00Z,active,0.26,0.28,0.72,0.74,0.27,0.45,140493.76,77340.80,31.0,2526.53,2026-05-17T17:18:47.222Z,btc-updown-15m-1779038100,"Bitcoin Up or Down - May 17, 1:15PM-1:30PM ET",btc-updown-15m-1779038100,2026-05-17T17:30:00Z,,0.43,0.44,0.56,0.57,0.435,0.58,802.3404410000003,,29.06,104.61,2026-05-17T17:18:47.222Z,BRTI,77938.07,77882.98,77922.02249999999,60,Polymarket RTDS,77856.85987,77885.601995,0.85,1.18,
2026-05-17T17:18:49.742Z,2026-05-17T17:18:49.181Z,KXBTC15M-26MAY171330-30,BTC price up in next 15 mins?,KXBTC15M-26MAY171330,2026-05-17T17:30:00Z,active,0.27,0.28,0.72,0.73,0.275,0.45,140493.76,77340.80,140.95,1138.3,2026-05-17T17:18:49.232Z,btc-updown-15m-1779038100,"Bitcoin Up or Down - May 17, 1:15PM-1:30PM ET",btc-updown-15m-1779038100,2026-05-17T17:30:00Z,,0.31,0.32,0.68,0.69,0.315,0.58,802.3404410000003,,26.73,232.31,2026-05-17T17:18:49.232Z,BRTI,77920.26,77882.98,77922.04550000001,60,Polymarket RTDS,77850.01615069367,77885.601995,0.97,1.05,
2026-05-17T17:18:51.698Z,2026-05-17T17:18:51.186Z,KXBTC15M-26MAY171330-30,BTC price up in next 15 mins?,KXBTC15M-26MAY171330,2026-05-17T17:30:00Z,active,0.29,0.3,0.7,0.71,0.295,0.45,140493.76,77340.80,34.0,547.84,2026-05-17T17:18:51.239Z,btc-updown-15m-1779038100,"Bitcoin Up or Down - May 17, 1:15PM-1:30PM ET",btc-updown-15m-1779038100,2026-05-17T17:30:00Z,,0.31,0.32,0.68,0.69,0.315,0.58,802.3404410000003,,182.66,101.18,2026-05-17T17:18:51.239Z,BRTI,77907.44,77882.98,77922.08383333334,60,Polymarket RTDS,77828.56475792213,77885.601995,0.99,1.03,
2026-05-17T17:18:53.687Z,2026-05-17T17:18:53.176Z,KXBTC15M-26MAY171330-30,BTC price up in next 15 mins?,KXBTC15M-26MAY171330,2026-05-17T17:30:00Z,active,0.34,0.35,0.65,0.66,0.345,0.45,140493.76,77340.80,129.54,180.78,2026-05-17T17:18:53.224Z,btc-updown-15m-1779038100,"Bitcoin Up or Down - May 17, 1:15PM-1:30PM ET",btc-updown-15m-1779038100,2026-05-17T17:30:00Z,,0.33,0.36,0.64,0.67,0.345,0.58,802.3404410000003,,20.0,2.2,2026-05-17T17:18:53.224Z,BRTI,77913.82,77882.98,77922.00600000001,60,Polymarket RTDS,77841.48104018497,77885.601995,1.02,1.02,
2026-05-17T17:18:55.676Z,2026-05-17T17:18:55.175Z,KXBTC15M-26MAY171330-30,BTC price up in next 15 mins?,KXBTC15M-26MAY171330,2026-05-17T17:30:00Z,active,0.34,0.35,0.65,0.66,0.345,0.45,140493.76,77340.80,2074.23,111.34,2026-05-17T17:18:55.228Z,btc-updown-15m-1779038100,"Bitcoin Up or Down - May 17, 1:15PM-1:30PM ET",btc-updown-15m-1779038100,2026-05-17T17:30:00Z,,0.36,0.37,0.63,0.64,0.365,0.58,802.3404410000003,,26.0,11.43,2026-05-17T17:18:55.228Z,BRTI,77907.93,77882.98,77922.26983333334,60,Polymarket RTDS,77843.52502929443,77885.601995,0.99,1.03,
2026-05-17T17:18:57.749Z,2026-05-17T17:18:57.187Z,KXBTC15M-26MAY171330-30,BTC price up in next 15 mins?,KXBTC15M-26MAY171330,2026-05-17T17:30:00Z,active,0.34,0.36,0.64,0.66,0.35,0.45,140493.76,77340.80,1183.8,1196.24,2026-05-17T17:18:57.231Z,btc-updown-15m-1779038100,"Bitcoin Up or Down - May 17, 1:15PM-1:30PM ET",btc-updown-15m-1779038100,2026-05-17T17:30:00Z,,0.37,0.38,0.62,0.63,0.375,0.58,802.3404410000003,,125.27,10.0,2026-05-17T17:18:57.231Z,BRTI,77937.96,77882.98,77922.59433333334,60,Polymarket RTDS,77846.30429605198,77885.601995,0.99,1.04,
2026-05-17T17:18:59.709Z,2026-05-17T17:18:59.179Z,KXBTC15M-26MAY171330-30,BTC price up in next 15 mins?,KXBTC15M-26MAY171330,2026-05-17T17:30:00Z,active,0.35,0.36,0.64,0.65,0.355,0.45,140493.76,77340.80,194.0,1075.0,2026-05-17T17:18:59.229Z,btc-updown-15m-1779038100,"Bitcoin Up or Down - May 17, 1:15PM-1:30PM ET",btc-updown-15m-1779038100,2026-05-17T17:30:00Z,,0.37,0.38,0.62,0.63,0.375,0.58,802.3404410000003,,112.33,25.0,2026-05-17T17:18:59.229Z,BRTI,77907.44,77882.98,77922.36216666667,60,Polymarket RTDS,77846.49812066613,77885.601995,0.99,1.03,
2026-05-17T17:19:01.820Z,2026-05-17T17:19:01.168Z,KXBTC15M-26MAY171330-30,BTC price up in next 15 mins?,KXBTC15M-26MAY171330,2026-05-17T17:30:00Z,active,0.43,0.44,0.56,0.57,0.435,0.45,140493.76,77340.80,3177.0,73.0,2026-05-17T17:19:01.258Z,btc-updown-15m-1779038100,"Bitcoin Up or Down - May 17, 1:15PM-1:30PM ET",btc-updown-15m-1779038100,2026-05-17T17:30:00Z,,0.37,0.4,0.6,0.63,0.385,0.58,802.3404410000003,,171.84,17.67,2026-05-17T17:19:01.258Z,BRTI,77913.82,77882.98,77922.27783333333,60,Polymarket RTDS,77867.96307905241,77885.601995,1.07,0.97,
2026-05-17T17:19:03.704Z,2026-05-17T17:19:03.178Z,KXBTC15M-26MAY171330-30,BTC price up in next 15 mins?,KXBTC15M-26MAY171330,2026-05-17T17:30:00Z,active,0.46,0.47,0.53,0.54,0.46499999999999997,0.45,140493.76,77340.80,2770.06,75.0,2026-05-17T17:19:03.230Z,btc-updown-15m-1779038100,"Bitcoin Up or Down - May 17, 1:15PM-1:30PM ET",btc-updown-15m-1779038100,2026-05-17T17:30:00Z,,0.42,0.46,0.54,0.58,0.44,0.58,802.3404410000003,,20.0,100.0,2026-05-17T17:19:03.230Z,BRTI,77920.26,77882.98,77922.30416666667,60,Polymarket RTDS,77869.6797521062,77885.601995,1.0499999999999998,1.0,
2026-05-17T17:19:05.807Z,2026-05-17T17:19:05.176Z,KXBTC15M-26MAY171330-30,BTC price up in next 15 mins?,KXBTC15M-26MAY171330,2026-05-17T17:30:00Z,active,0.46,0.47,0.53,0.54,0.46499999999999997,0.45,140493.76,77340.80,1524.5,235.52,2026-05-17T17:19:05.226Z,btc-updown-15m-1779038100,"Bitcoin Up or Down - May 17, 1:15PM-1:30PM ET",btc-updown-15m-1779038100,2026-05-17T17:30:00Z,,0.45,0.46,0.54,0.55,0.455,0.58,802.3404410000003,,31.11,145.0,2026-05-17T17:19:05.226Z,BRTI,77882.86,77882.98,77921.38583333333,60,Polymarket RTDS,77872.4249763967,77885.601995,1.02,1.0,
2026-05-17T17:19:07.731Z,2026-05-17T17:19:07.176Z,KXBTC15M-26MAY171330-30,BTC price up in next 15 mins?,KXBTC15M-26MAY171330,2026-05-17T17:30:00Z,active,0.49,0.5,0.5,0.51,0.495,0.45,140493.76,77340.80,1008.09,231.0,2026-05-17T17:19:07.226Z,btc-updown-15m-1779038100,"Bitcoin Up or Down - May 17, 1:15PM-1:30PM ET",btc-updown-15m-1779038100,2026-05-17T17:30:00Z,,0.46,0.47,0.53,0.54,0.46499999999999997,0.58,802.3404410000003,,300.76,40.0,2026-05-17T17:19:07.226Z,BRTI,77908.5,77882.98,77921.17133333333,60,Polymarket RTDS,77872.44883711688,77885.601995,1.04,0.98,
2026-05-17T17:19:09.687Z,2026-05-17T17:19:09.175Z,KXBTC15M-26MAY171330-30,BTC price up in next 15 mins?,KXBTC15M-26MAY171330,2026-05-17T17:30:00Z,active,0.49,0.5,0.5,0.51,0.495,0.45,140493.76,77340.80,1992.09,213.8,2026-05-17T17:19:09.223Z,btc-updown-15m-1779038100,"Bitcoin Up or Down - May 17, 1:15PM-1:30PM ET",btc-updown-15m-1779038100,2026-05-17T17:30:00Z,,0.46,0.47,0.53,0.54,0.46499999999999997,0.58,802.3404410000003,,297.0,10.67,2026-05-17T17:19:09.224Z,BRTI,77913.61,77882.98,77921.0835,60,Polymarket RTDS,77873.08869469084,77885.601995,1.04,0.98,
2026-05-17T17:19:11.723Z,2026-05-17T17:19:11.195Z,KXBTC15M-26MAY171330-30,BTC price up in next 15 mins?,KXBTC15M-26MAY171330,2026-05-17T17:30:00Z,active,0.48,0.5,0.5,0.52,0.49,0.49,176048.75,80141.20,2211.0,75.0,2026-05-17T17:19:11.242Z,btc-updown-15m-1779038100,"Bitcoin Up or Down - May 17, 1:15PM-1:30PM ET",btc-updown-15m-1779038100,2026-05-17T17:30:00Z,,0.47,0.48,0.52,0.53,0.475,0.58,802.3404410000003,,116.99,12.8,2026-05-17T17:19:11.243Z,BRTI,77882.86,77882.98,77920.27616666668,60,Polymarket RTDS,77875.85749905223,77885.601995,1.03,1.0,
2026-05-17T17:19:13.676Z,2026-05-17T17:19:13.175Z,KXBTC15M-26MAY171330-30,BTC price up in next 15 mins?,KXBTC15M-26MAY171330,2026-05-17T17:30:00Z,active,0.51,0.53,0.47,0.49,0.52,0.49,176048.75,80141.20,2001.0,7.0,2026-05-17T17:19:13.232Z,btc-updown-15m-1779038100,"Bitcoin Up or Down - May 17, 1:15PM-1:30PM ET",btc-updown-15m-1779038100,2026-05-17T17:30:00Z,,0.47,0.49,0.51,0.53,0.48,0.58,802.3404410000003,,145.1,31.9,2026-05-17T17:19:13.232Z,BRTI,77882.86,77882.98,77919.46883333333,60,Polymarket RTDS,77875.87364664846,77885.601995,1.06,0.98,
2026-05-17T17:19:15.681Z,2026-05-17T17:19:15.179Z,KXBTC15M-26MAY171330-30,BTC price up in next 15 mins?,KXBTC15M-26MAY171330,2026-05-17T17:30:00Z,active,0.59,0.6,0.4,0.41,0.595,0.49,176048.75,80141.20,1639.17,180.0,2026-05-17T17:19:15.225Z,btc-updown-15m-1779038100,"Bitcoin Up or Down - May 17, 1:15PM-1:30PM ET",btc-updown-15m-1779038100,2026-05-17T17:30:00Z,,0.55,0.56,0.44,0.45,0.555,0.58,802.3404410000003,,30.0,20.8,2026-05-17T17:19:15.225Z,BRTI,77920.26,77882.98,77919.17383333333,60,Polymarket RTDS,77880.642055,77885.601995,1.05,0.97,
2026-05-17T17:19:18.558Z,2026-05-17T17:19:17.179Z,KXBTC15M-26MAY171330-30,BTC price up in next 15 mins?,KXBTC15M-26MAY171330,2026-05-17T17:30:00Z,active,0.62,0.63,0.37,0.38,0.625,0.49,176048.75,80141.20,1196.85,71.0,2026-05-17T17:19:17.232Z,btc-updown-15m-1779038100,"Bitcoin Up or Down - May 17, 1:15PM-1:30PM ET",btc-updown-15m-1779038100,2026-05-17T17:30:00Z,,0.75,0.76,0.24,0.25,0.755,0.58,802.3404410000003,,324.48,566.25,2026-05-17T17:19:17.232Z,BRTI,77907.44,77882.98,77918.66333333333,60,Polymarket RTDS,77894.5712671663,77885.601995,0.88,1.1400000000000001,
2026-05-17T17:19:19.713Z,2026-05-17T17:19:19.183Z,KXBTC15M-26MAY171330-30,BTC price up in next 15 mins?,KXBTC15M-26MAY171330,2026-05-17T17:30:00Z,active,0.61,0.63,0.37,0.39,0.62,0.49,176048.75,80141.20,1297.44,116.24,2026-05-17T17:19:19.232Z,btc-updown-15m-1779038100,"Bitcoin Up or Down - May 17, 1:15PM-1:30PM ET",btc-updown-15m-1779038100,2026-05-17T17:30:00Z,,0.6,0.66,0.34,0.4,0.63,0.58,802.3404410000003,,13.11,5.8,2026-05-17T17:19:19.232Z,BRTI,77908.5,77882.98,77918.17233333334,60,Polymarket RTDS,77897.13407632547,77885.601995,1.03,1.05,
2026-05-17T17:19:21.697Z,2026-05-17T17:19:21.180Z,KXBTC15M-26MAY171330-30,BTC price up in next 15 mins?,KXBTC15M-26MAY171330,2026-05-17T17:30:00Z,active,0.61,0.63,0.37,0.39,0.62,0.49,176048.75,80141.20,812.67,543.04,2026-05-17T17:19:21.229Z,btc-updown-15m-1779038100,"Bitcoin Up or Down - May 17, 1:15PM-1:30PM ET",btc-updown-15m-1779038100,2026-05-17T17:30:00Z,,0.63,0.64,0.36,0.37,0.635,0.58,802.3404410000003,,64.66,149.0,2026-05-17T17:19:21.229Z,BRTI,77913.82,77882.98,77918.08833333333,60,Polymarket RTDS,77897.96457001584,77885.601995,1.0,1.03,
2026-05-17T17:19:23.688Z,2026-05-17T17:19:23.189Z,KXBTC15M-26MAY171330-30,BTC price up in next 15 mins?,KXBTC15M-26MAY171330,2026-05-17T17:30:00Z,active,0.62,0.63,0.37,0.38,0.625,0.49,176048.75,80141.20,955.91,77.87,2026-05-17T17:19:23.246Z,btc-updown-15m-1779038100,"Bitcoin Up or Down - May 17, 1:15PM-1:30PM ET",btc-updown-15m-1779038100,2026-05-17T17:30:00Z,,0.63,0.64,0.36,0.37,0.635,0.58,802.3404410000003,,132.89,331.9,2026-05-17T17:19:23.246Z,BRTI,77920.26,77882.98,77917.7915,60,Polymarket RTDS,77897.91432911267,77885.601995,1.0,1.02,
2026-05-17T17:19:25.666Z,2026-05-17T17:19:25.176Z,KXBTC15M-26MAY171330-30,BTC price up in next 15 mins?,KXBTC15M-26MAY171330,2026-05-17T17:30:00Z,active,0.62,0.64,0.36,0.38,0.63,0.49,176048.75,80141.20,1152.0,144.12,2026-05-17T17:19:25.220Z,btc-updown-15m-1779038100,"Bitcoin Up or Down - May 17, 1:15PM-1:30PM ET",btc-updown-15m-1779038100,2026-05-17T17:30:00Z,,0.63,0.64,0.36,0.37,0.635,0.58,802.3404410000003,,58.2,209.12,2026-05-17T17:19:25.220Z,BRTI,77908.5,77882.98,77917.49733333333,60,Polymarket RTDS,77898.05894329147,77885.601995,1.01,1.02,
2026-05-17T17:19:27.671Z,2026-05-17T17:19:27.179Z,KXBTC15M-26MAY171330-30,BTC price up in next 15 mins?,KXBTC15M-26MAY171330,2026-05-17T17:30:00Z,active,0.63,0.64,0.36,0.37,0.635,0.49,176048.75,80141.20,2922.69,122.3,2026-05-17T17:19:27.227Z,btc-updown-15m-1779038100,"Bitcoin Up or Down - May 17, 1:15PM-1:30PM ET",btc-updown-15m-1779038100,2026-05-17T17:30:00Z,,0.64,0.65,0.35,0.36,0.645,0.58,802.3404410000003,,79.94,136.32,2026-05-17T17:19:27.227Z,BRTI,77907.93,77882.98,77917.31483333332,60,Polymarket RTDS,77898.75799824837,77885.601995,1.0,1.02,
2026-05-17T17:19:29.713Z,2026-05-17T17:19:29.179Z,KXBTC15M-26MAY171330-30,BTC price up in next 15 mins?,KXBTC15M-26MAY171330,2026-05-17T17:30:00Z,active,0.63,0.64,0.36,0.37,0.635,0.49,176048.75,80141.20,2750.19,39.3,2026-05-17T17:19:29.228Z,btc-updown-15m-1779038100,"Bitcoin Up or Down - May 17, 1:15PM-1:30PM ET",btc-updown-15m-1779038100,2026-05-17T17:30:00Z,,0.64,0.65,0.35,0.36,0.645,0.58,802.3404410000003,,79.99,195.39,2026-05-17T17:19:29.228Z,BRTI,77923.36,77882.98,77917.38983333333,60,Polymarket RTDS,77900.09311648861,77885.601995,1.0,1.02,
2026-05-17T17:19:31.682Z,2026-05-17T17:19:31.177Z,KXBTC15M-26MAY171330-30,BTC price up in next 15 mins?,KXBTC15M-26MAY171330,2026-05-17T17:30:00Z,active,0.65,0.66,0.34,0.35,0.655,0.49,176048.75,80141.20,1188.0,2.0,2026-05-17T17:19:31.222Z,btc-updown-15m-1779038100,"Bitcoin Up or Down - May 17, 1:15PM-1:30PM ET",btc-updown-15m-1779038100,2026-05-17T17:30:00Z,,0.65,0.66,0.34,0.35,0.655,0.58,802.3404410000003,,280.32,6.8,2026-05-17T17:19:31.222Z,BRTI,77908.5,77882.98,77917.22866666666,60,Polymarket RTDS,77900.5748809336,77885.601995,1.01,1.01,
2026-05-17T17:19:33.683Z,2026-05-17T17:19:33.192Z,KXBTC15M-26MAY171330-30,BTC price up in next 15 mins?,KXBTC15M-26MAY171330,2026-05-17T17:30:00Z,active,0.66,0.67,0.33,0.34,0.665,0.49,176048.75,80141.20,1299.17,100.44,2026-05-17T17:19:33.241Z,btc-updown-15m-1779038100,"Bitcoin Up or Down - May 17, 1:15PM-1:30PM ET",btc-updown-15m-1779038100,2026-05-17T17:30:00Z,,0.65,0.66,0.34,0.35,0.655,0.58,802.3404410000003,,71.01,6.6,2026-05-17T17:19:33.241Z,BRTI,77907.93,77882.98,77917.05266666667,60,Polymarket RTDS,77904.543105,77885.601995,1.02,1.0,
2026-05-17T17:19:35.694Z,2026-05-17T17:19:35.178Z,KXBTC15M-26MAY171330-30,BTC price up in next 15 mins?,KXBTC15M-26MAY171330,2026-05-17T17:30:00Z,active,0.67,0.68,0.32,0.33,0.675,0.49,176048.75,80141.20,1230.03,103.58,2026-05-17T17:19:35.226Z,btc-updown-15m-1779038100,"Bitcoin Up or Down - May 17, 1:15PM-1:30PM ET",btc-updown-15m-1779038100,2026-05-17T17:30:00Z,,0.66,0.67,0.33,0.34,0.665,0.58,802.3404410000003,,26.89,112.8,2026-05-17T17:19:35.226Z,BRTI,77882.86,77882.98,77916.45883333334,60,Polymarket RTDS,77905.277445,77885.601995,1.02,1.0,
2026-05-17T17:19:37.738Z,2026-05-17T17:19:37.190Z,KXBTC15M-26MAY171330-30,BTC price up in next 15 mins?,KXBTC15M-26MAY171330,2026-05-17T17:30:00Z,active,0.68,0.69,0.31,0.32,0.685,0.49,176048.75,80141.20,1184.0,117.42,2026-05-17T17:19:37.240Z,btc-updown-15m-1779038100,"Bitcoin Up or Down - May 17, 1:15PM-1:30PM ET",btc-updown-15m-1779038100,2026-05-17T17:30:00Z,,0.67,0.68,0.32,0.33,0.675,0.58,802.3404410000003,,293.04,200.35,2026-05-17T17:19:37.240Z,BRTI,77913.61,77882.98,77916.32949999999,60,Polymarket RTDS,77908.84916000647,77885.601995,1.02,1.0,
2026-05-17T17:19:39.724Z,2026-05-17T17:19:39.183Z,KXBTC15M-26MAY171330-30,BTC price up in next 15 mins?,KXBTC15M-26MAY171330,2026-05-17T17:30:00Z,active,0.7,0.71,0.29,0.3,0.705,0.49,176048.75,80141.20,466.51,18.94,2026-05-17T17:19:39.227Z,btc-updown-15m-1779038100,"Bitcoin Up or Down - May 17, 1:15PM-1:30PM ET",btc-updown-15m-1779038100,2026-05-17T17:30:00Z,,0.69,0.7,0.3,0.31,0.695,0.58,802.3404410000003,,338.54,25.0,2026-05-17T17:19:39.228Z,BRTI,77907.93,77882.98,77916.02583333333,60,Polymarket RTDS,77909.9719075314,77885.601995,1.02,1.0,
2026-05-17T17:19:41.711Z,2026-05-17T17:19:41.184Z,KXBTC15M-26MAY171330-30,BTC price up in next 15 mins?,KXBTC15M-26MAY171330,2026-05-17T17:30:00Z,active,0.71,0.72,0.28,0.29,0.715,0.71,191125.23,86047.33,1102.34,1038.31,2026-05-17T17:19:41.237Z,btc-updown-15m-1779038100,"Bitcoin Up or Down - May 17, 1:15PM-1:30PM ET",btc-updown-15m-1779038100,2026-05-17T17:30:00Z,,0.7,0.71,0.29,0.3,0.705,0.58,802.3404410000003,,261.98,151.45,2026-05-17T17:19:41.237Z,BRTI,77907.93,77882.98,77915.52533333332,60,Polymarket RTDS,77914.77955,77885.601995,1.02,1.0,
2026-05-17T17:19:43.707Z,2026-05-17T17:19:43.195Z,KXBTC15M-26MAY171330-30,BTC price up in next 15 mins?,KXBTC15M-26MAY171330,2026-05-17T17:30:00Z,active,0.64,0.65,0.35,0.36,0.645,0.71,191125.23,86047.33,218.0,2101.35,2026-05-17T17:19:43.261Z,btc-updown-15m-1779038100,"Bitcoin Up or Down - May 17, 1:15PM-1:30PM ET",btc-updown-15m-1779038100,2026-05-17T17:30:00Z,,0.7,0.71,0.29,0.3,0.705,0.58,802.3404410000003,,25.0,146.45,2026-05-17T17:19:43.261Z,BRTI,77882.86,77882.98,77914.92533333333,60,Polymarket RTDS,77914.91606754884,77885.601995,0.95,1.0699999999999998,
2026-05-17T17:19:45.759Z,2026-05-17T17:19:45.173Z,KXBTC15M-26MAY171330-30,BTC price up in next 15 mins?,KXBTC15M-26MAY171330,2026-05-17T17:30:00Z,active,0.64,0.65,0.35,0.36,0.645,0.71,191125.23,86047.33,278.0,649.59,2026-05-17T17:19:45.222Z,btc-updown-15m-1779038100,"Bitcoin Up or Down - May 17, 1:15PM-1:30PM ET",btc-updown-15m-1779038100,2026-05-17T17:30:00Z,,0.65,0.66,0.34,0.35,0.655,0.58,802.3404410000003,,5.0,52.86,2026-05-17T17:19:45.222Z,BRTI,77908.26,77882.98,77914.54133333334,60,Polymarket RTDS,77904.01277339864,77885.601995,1.0,1.02,
2026-05-17T17:19:47.752Z,2026-05-17T17:19:47.179Z,KXBTC15M-26MAY171330-30,BTC price up in next 15 mins?,KXBTC15M-26MAY171330,2026-05-17T17:30:00Z,active,0.64,0.66,0.34,0.36,0.65,0.71,191125.23,86047.33,133.34,2190.12,2026-05-17T17:19:47.224Z,btc-updown-15m-1779038100,"Bitcoin Up or Down - May 17, 1:15PM-1:30PM ET",btc-updown-15m-1779038100,2026-05-17T17:30:00Z,,0.64,0.65,0.35,0.36,0.645,0.58,802.3404410000003,,85.59,67.92,2026-05-17T17:19:47.224Z,BRTI,77882.86,77882.98,77913.95283333333,60,Polymarket RTDS,77902.10297431979,77885.601995,1.02,1.01,
2026-05-17T17:19:49.655Z,2026-05-17T17:19:49.173Z,KXBTC15M-26MAY171330-30,BTC price up in next 15 mins?,KXBTC15M-26MAY171330,2026-05-17T17:30:00Z,active,0.66,0.68,0.32,0.34,0.67,0.71,191125.23,86047.33,1071.83,135.48,2026-05-17T17:19:49.219Z,btc-updown-15m-1779038100,"Bitcoin Up or Down - May 17, 1:15PM-1:30PM ET",btc-updown-15m-1779038100,2026-05-17T17:30:00Z,,0.64,0.66,0.34,0.36,0.65,0.58,802.3404410000003,,166.82,19.77,2026-05-17T17:19:49.219Z,BRTI,77908.26,77882.98,77913.77916666666,60,Polymarket RTDS,77903.8245096725,77885.601995,1.04,1.0,
2026-05-17T17:19:51.668Z,2026-05-17T17:19:51.170Z,KXBTC15M-26MAY171330-30,BTC price up in next 15 mins?,KXBTC15M-26MAY171330,2026-05-17T17:30:00Z,active,0.67,0.68,0.32,0.33,0.675,0.71,191125.23,86047.33,1000.0,125.0,2026-05-17T17:19:51.218Z,btc-updown-15m-1779038100,"Bitcoin Up or Down - May 17, 1:15PM-1:30PM ET",btc-updown-15m-1779038100,2026-05-17T17:30:00Z,,0.65,0.66,0.34,0.35,0.655,0.58,802.3404410000003,,187.2,14.77,2026-05-17T17:19:51.219Z,BRTI,77907.44,77882.98,77913.38149999999,60,Polymarket RTDS,77905.55180155073,77885.601995,1.03,0.99,
2026-05-17T17:19:53.695Z,2026-05-17T17:19:53.185Z,KXBTC15M-26MAY171330-30,BTC price up in next 15 mins?,KXBTC15M-26MAY171330,2026-05-17T17:30:00Z,active,0.61,0.62,0.38,0.39,0.615,0.71,191125.23,86047.33,126.0,1030.4,2026-05-17T17:19:53.258Z,btc-updown-15m-1779038100,"Bitcoin Up or Down - May 17, 1:15PM-1:30PM ET",btc-updown-15m-1779038100,2026-05-17T17:30:00Z,,0.64,0.66,0.34,0.36,0.65,0.58,802.3404410000003,,16.88,154.58,2026-05-17T17:19:53.258Z,BRTI,77907.93,77882.98,77913.12433333333,60,Polymarket RTDS,77905.96346622912,77885.601995,0.98,1.05,
2026-05-17T17:19:55.756Z,2026-05-17T17:19:55.180Z,KXBTC15M-26MAY171330-30,BTC price up in next 15 mins?,KXBTC15M-26MAY171330,2026-05-17T17:30:00Z,active,0.61,0.62,0.38,0.39,0.615,0.71,191125.23,86047.33,93.0,1141.37,2026-05-17T17:19:55.234Z,btc-updown-15m-1779038100,"Bitcoin Up or Down - May 17, 1:15PM-1:30PM ET",btc-updown-15m-1779038100,2026-05-17T17:30:00Z,,0.61,0.62,0.38,0.39,0.615,0.58,802.3404410000003,,25.89,198.41,2026-05-17T17:19:55.234Z,BRTI,77908.5,77882.98,77912.92833333333,60,Polymarket RTDS,77904.78285498505,77885.601995,1.01,1.01,
2026-05-17T17:19:57.833Z,2026-05-17T17:19:57.185Z,KXBTC15M-26MAY171330-30,BTC price up in next 15 mins?,KXBTC15M-26MAY171330,2026-05-17T17:30:00Z,active,0.61,0.63,0.37,0.39,0.62,0.71,191125.23,86047.33,103.0,2845.69,2026-05-17T17:19:57.301Z,btc-updown-15m-1779038100,"Bitcoin Up or Down - May 17, 1:15PM-1:30PM ET",btc-updown-15m-1779038100,2026-05-17T17:30:00Z,,0.61,0.62,0.38,0.39,0.615,0.58,802.3404410000003,,35.0,224.84,2026-05-17T17:19:57.301Z,BRTI,77908.26,77882.98,77912.75466666667,60,Polymarket RTDS,77903.587095,77885.601995,1.02,1.01,
2026-05-17T17:19:59.679Z,2026-05-17T17:19:59.180Z,KXBTC15M-26MAY171330-30,BTC price up in next 15 mins?,KXBTC15M-26MAY171330,2026-05-17T17:30:00Z,active,0.61,0.62,0.38,0.39,0.615,0.71,191125.23,86047.33,136.6,1000.0,2026-05-17T17:19:59.248Z,btc-updown-15m-1779038100,"Bitcoin Up or Down - May 17, 1:15PM-1:30PM ET",btc-updown-15m-1779038100,2026-05-17T17:30:00Z,,0.61,0.62,0.38,0.39,0.615,0.58,802.3404410000003,,47.8,391.44,2026-05-17T17:19:59.248Z,BRTI,77904.78,77882.98,77912.52,60,Polymarket RTDS,77903.597875,77885.601995,1.01,1.01,
2026-05-17T17:20:01.867Z,2026-05-17T17:20:01.188Z,KXBTC15M-26MAY171330-30,BTC price up in next 15 mins?,KXBTC15M-26MAY171330,2026-05-17T17:30:00Z,active,0.61,0.62,0.38,0.39,0.615,0.71,191125.23,86047.33,78.0,1086.58,2026-05-17T17:20:01.237Z,btc-updown-15m-1779038100,"Bitcoin Up or Down - May 17, 1:15PM-1:30PM ET",btc-updown-15m-1779038100,2026-05-17T17:30:00Z,,0.61,0.62,0.38,0.39,0.615,0.58,802.3404410000003,,20.49,362.65,2026-05-17T17:20:01.237Z,BRTI,77904.78,77882.98,77912.28533333333,60,Polymarket RTDS,77903.34152634225,77885.601995,1.01,1.01,
2026-05-17T17:20:03.789Z,2026-05-17T17:20:03.182Z,KXBTC15M-26MAY171330-30,BTC price up in next 15 mins?,KXBTC15M-26MAY171330,2026-05-17T17:30:00Z,active,0.61,0.62,0.38,0.39,0.615,0.71,191125.23,86047.33,200.0,1.0,2026-05-17T17:20:03.249Z,btc-updown-15m-1779038100,"Bitcoin Up or Down - May 17, 1:15PM-1:30PM ET",btc-updown-15m-1779038100,2026-05-17T17:30:00Z,,0.61,0.62,0.38,0.39,0.615,0.58,802.3404410000003,,25.49,340.77,2026-05-17T17:20:03.249Z,BRTI,77922.98,77882.98,77912.53616666667,60,Polymarket RTDS,77903.31782799847,77885.601995,1.01,1.01,
2026-05-17T17:20:05.805Z,2026-05-17T17:20:05.187Z,KXBTC15M-26MAY171330-30,BTC price up in next 15 mins?,KXBTC15M-26MAY171330,2026-05-17T17:30:00Z,active,0.69,0.7,0.3,0.31,0.695,0.71,191125.23,86047.33,1135.0,2082.86,2026-05-17T17:20:05.236Z,btc-updown-15m-1779038100,"Bitcoin Up or Down - May 17, 1:15PM-1:30PM ET",btc-updown-15m-1779038100,2026-05-17T17:30:00Z,,0.61,0.62,0.38,0.39,0.615,0.58,802.3404410000003,,12.9,53.91,2026-05-17T17:20:05.236Z,BRTI,77922.98,77882.98,77912.48333333334,60,Polymarket RTDS,77903.31854299847,77885.601995,1.0899999999999999,0.9299999999999999,
2026-05-17T17:20:07.687Z,2026-05-17T17:20:07.182Z,KXBTC15M-26MAY171330-30,BTC price up in next 15 mins?,KXBTC15M-26MAY171330,2026-05-17T17:30:00Z,active,0.68,0.69,0.31,0.32,0.685,0.71,191125.23,86047.33,776.72,91.0,2026-05-17T17:20:07.235Z,btc-updown-15m-1779038100,"Bitcoin Up or Down - May 17, 1:15PM-1:30PM ET",btc-updown-15m-1779038100,2026-05-17T17:30:00Z,,0.63,0.67,0.33,0.37,0.65,0.58,802.3404410000003,,40.0,16.66,2026-05-17T17:20:07.235Z,BRTI,77905.73,77882.98,77912.24116666666,60,Polymarket RTDS,77908.76598907216,77885.601995,1.06,0.99,
2026-05-17T17:20:09.919Z,2026-05-17T17:20:09.190Z,KXBTC15M-26MAY171330-30,BTC price up in next 15 mins?,KXBTC15M-26MAY171330,2026-05-17T17:30:00Z,active,0.68,0.69,0.31,0.32,0.685,0.71,191125.23,86047.33,1134.0,22.0,2026-05-17T17:20:09.253Z,btc-updown-15m-1779038100,"Bitcoin Up or Down - May 17, 1:15PM-1:30PM ET",btc-updown-15m-1779038100,2026-05-17T17:30:00Z,,0.65,0.66,0.34,0.35,0.655,0.58,802.3404410000003,,69.71,7.35,2026-05-17T17:20:09.253Z,BRTI,77922.98,77882.98,77912.50016666666,60,Polymarket RTDS,77908.77843355699,77885.601995,1.04,0.98,
2026-05-17T17:20:11.745Z,2026-05-17T17:20:11.195Z,KXBTC15M-26MAY171330-30,BTC price up in next 15 mins?,KXBTC15M-26MAY171330,2026-05-17T17:30:00Z,active,0.71,0.72,0.28,0.29,0.715,0.68,212587.36,92812.03,150.0,1.0,2026-05-17T17:20:11.264Z,btc-updown-15m-1779038100,"Bitcoin Up or Down - May 17, 1:15PM-1:30PM ET",btc-updown-15m-1779038100,2026-05-17T17:30:00Z,,0.68,0.7,0.3,0.32,0.69,0.58,802.3404410000003,,278.3,10.0,2026-05-17T17:20:11.264Z,BRTI,77905.73,77882.98,77911.96116666666,60,Polymarket RTDS,77910.14804067227,77885.601995,1.04,0.99,
2026-05-17T17:20:13.697Z,2026-05-17T17:20:13.173Z,KXBTC15M-26MAY171330-30,BTC price up in next 15 mins?,KXBTC15M-26MAY171330,2026-05-17T17:30:00Z,active,0.74,0.75,0.25,0.26,0.745,0.68,212587.36,92812.03,25.0,545.0,2026-05-17T17:20:13.221Z,btc-updown-15m-1779038100,"Bitcoin Up or Down - May 17, 1:15PM-1:30PM ET",btc-updown-15m-1779038100,2026-05-17T17:30:00Z,,0.7,0.72,0.28,0.3,0.71,0.58,802.3404410000003,,47.52,6.67,2026-05-17T17:20:13.221Z,BRTI,77882.86,77882.98,77911.041,60,Polymarket RTDS,77912.33928923553,77885.601995,1.05,0.98,
2026-05-17T17:20:15.774Z,2026-05-17T17:20:15.182Z,KXBTC15M-26MAY171330-30,BTC price up in next 15 mins?,KXBTC15M-26MAY171330,2026-05-17T17:30:00Z,active,0.75,0.76,0.24,0.25,0.755,0.68,212587.36,92812.03,1191.0,202.0,2026-05-17T17:20:15.242Z,btc-updown-15m-1779038100,"Bitcoin Up or Down - May 17, 1:15PM-1:30PM ET",btc-updown-15m-1779038100,2026-05-17T17:30:00Z,,0.71,0.72,0.28,0.29,0.715,0.58,802.3404410000003,,123.59,40.0,2026-05-17T17:20:15.242Z,BRTI,77904.78,77882.98,77910.99666666666,60,Polymarket RTDS,77915.77972603498,77885.601995,1.05,0.97,
2026-05-17T17:20:17.720Z,2026-05-17T17:20:17.187Z,KXBTC15M-26MAY171330-30,BTC price up in next 15 mins?,KXBTC15M-26MAY171330,2026-05-17T17:30:00Z,active,0.75,0.77,0.23,0.25,0.76,0.68,212587.36,92812.03,1044.09,71.0,2026-05-17T17:20:17.237Z,btc-updown-15m-1779038100,"Bitcoin Up or Down - May 17, 1:15PM-1:30PM ET",btc-updown-15m-1779038100,2026-05-17T17:30:00Z,,0.74,0.75,0.25,0.26,0.745,0.58,802.3404410000003,,12.98,173.76,2026-05-17T17:20:17.237Z,BRTI,77884.75,77882.98,77910.61850000001,60,Polymarket RTDS,77924.1516741928,77885.601995,1.03,1.0,
2026-05-17T17:20:19.672Z,2026-05-17T17:20:19.180Z,KXBTC15M-26MAY171330-30,BTC price up in next 15 mins?,KXBTC15M-26MAY171330,2026-05-17T17:30:00Z,active,0.76,0.77,0.23,0.24,0.765,0.68,212587.36,92812.03,1027.17,1172.66,2026-05-17T17:20:19.230Z,btc-updown-15m-1779038100,"Bitcoin Up or Down - May 17, 1:15PM-1:30PM ET",btc-updown-15m-1779038100,2026-05-17T17:30:00Z,,0.74,0.75,0.25,0.26,0.745,0.58,802.3404410000003,,126.55,172.18,2026-05-17T17:20:19.230Z,BRTI,77922.98,77882.98,77910.66383333334,60,Polymarket RTDS,77924.65065685229,77885.601995,1.03,0.99,
2026-05-17T17:20:21.717Z,2026-05-17T17:20:21.190Z,KXBTC15M-26MAY171330-30,BTC price up in next 15 mins?,KXBTC15M-26MAY171330,2026-05-17T17:30:00Z,active,0.76,0.77,0.23,0.24,0.765,0.68,212587.36,92812.03,839.62,1070.18,2026-05-17T17:20:21.266Z,btc-updown-15m-1779038100,"Bitcoin Up or Down - May 17, 1:15PM-1:30PM ET",btc-updown-15m-1779038100,2026-05-17T17:30:00Z,,0.74,0.75,0.25,0.26,0.745,0.58,802.3404410000003,,124.35,172.76,2026-05-17T17:20:21.266Z,BRTI,77922.98,77882.98,77910.90916666666,60,Polymarket RTDS,77925.95818157638,77885.601995,1.03,0.99,
2026-05-17T17:20:23.700Z,2026-05-17T17:20:23.185Z,KXBTC15M-26MAY171330-30,BTC price up in next 15 mins?,KXBTC15M-26MAY171330,2026-05-17T17:30:00Z,active,0.76,0.78,0.22,0.24,0.77,0.68,212587.36,92812.03,495.66,1251.74,2026-05-17T17:20:23.244Z,btc-updown-15m-1779038100,"Bitcoin Up or Down - May 17, 1:15PM-1:30PM ET",btc-updown-15m-1779038100,2026-05-17T17:30:00Z,,0.74,0.75,0.25,0.26,0.745,0.58,802.3404410000003,,164.53,167.69,2026-05-17T17:20:23.244Z,BRTI,77882.86,77882.98,77909.989,60,Polymarket RTDS,77926.24657160728,77885.601995,1.04,0.99,
2026-05-17T17:20:25.730Z,2026-05-17T17:20:25.178Z,KXBTC15M-26MAY171330-30,BTC price up in next 15 mins?,KXBTC15M-26MAY171330,2026-05-17T17:30:00Z,active,0.77,0.78,0.22,0.23,0.775,0.68,212587.36,92812.03,1036.42,43.22,2026-05-17T17:20:25.232Z,btc-updown-15m-1779038100,"Bitcoin Up or Down - May 17, 1:15PM-1:30PM ET",btc-updown-15m-1779038100,2026-05-17T17:30:00Z,,0.74,0.75,0.25,0.26,0.745,0.58,802.3404410000003,,142.95,123.36,2026-05-17T17:20:25.232Z,BRTI,77904.78,77882.98,77909.43416666666,60,Polymarket RTDS,77926.30403631866,77885.601995,1.04,0.98,
2026-05-17T17:20:27.697Z,2026-05-17T17:20:27.190Z,KXBTC15M-26MAY171330-30,BTC price up in next 15 mins?,KXBTC15M-26MAY171330,2026-05-17T17:30:00Z,active,0.77,0.79,0.21,0.23,0.78,0.68,212587.36,92812.03,997.0,1227.7,2026-05-17T17:20:27.233Z,btc-updown-15m-1779038100,"Bitcoin Up or Down - May 17, 1:15PM-1:30PM ET",btc-updown-15m-1779038100,2026-05-17T17:30:00Z,,0.74,0.75,0.25,0.26,0.745,0.58,802.3404410000003,,87.17,118.29,2026-05-17T17:20:27.233Z,BRTI,77884.75,77882.98,77909.03833333333,60,Polymarket RTDS,77927.108805,77885.601995,1.05,0.98,
2026-05-17T17:20:29.678Z,2026-05-17T17:20:29.193Z,KXBTC15M-26MAY171330-30,BTC price up in next 15 mins?,KXBTC15M-26MAY171330,2026-05-17T17:30:00Z,active,0.77,0.79,0.21,0.23,0.78,0.68,212587.36,92812.03,1139.38,1107.52,2026-05-17T17:20:29.241Z,btc-updown-15m-1779038100,"Bitcoin Up or Down - May 17, 1:15PM-1:30PM ET",btc-updown-15m-1779038100,2026-05-17T17:30:00Z,,0.74,0.75,0.25,0.26,0.745,0.58,802.3404410000003,,68.53,130.55,2026-05-17T17:20:29.241Z,BRTI,77905.73,77882.98,77908.90699999999,60,Polymarket RTDS,77927.119315,77885.601995,1.05,0.98,
2026-05-17T17:20:31.706Z,2026-05-17T17:20:31.191Z,KXBTC15M-26MAY171330-30,BTC price up in next 15 mins?,KXBTC15M-26MAY171330,2026-05-17T17:30:00Z,active,0.77,0.79,0.21,0.23,0.78,0.68,212587.36,92812.03,1022.66,1111.52,2026-05-17T17:20:31.243Z,btc-updown-15m-1779038100,"Bitcoin Up or Down - May 17, 1:15PM-1:30PM ET",btc-updown-15m-1779038100,2026-05-17T17:30:00Z,,0.74,0.75,0.25,0.26,0.745,0.58,802.3404410000003,,83.14,120.41,2026-05-17T17:20:31.243Z,BRTI,77917.65,77882.98,77909.06899999999,60,Polymarket RTDS,77927.17849,77885.601995,1.05,0.98,
2026-05-17T17:20:33.690Z,2026-05-17T17:20:33.197Z,KXBTC15M-26MAY171330-30,BTC price up in next 15 mins?,KXBTC15M-26MAY171330,2026-05-17T17:30:00Z,active,0.77,0.79,0.21,0.23,0.78,0.68,212587.36,92812.03,1020.63,113.51,2026-05-17T17:20:33.247Z,btc-updown-15m-1779038100,"Bitcoin Up or Down - May 17, 1:15PM-1:30PM ET",btc-updown-15m-1779038100,2026-05-17T17:30:00Z,,0.74,0.75,0.25,0.26,0.745,0.58,802.3404410000003,,102.94,90.27,2026-05-17T17:20:33.247Z,BRTI,77929.36,77882.98,77908.92566666666,60,Polymarket RTDS,77927.22812274033,77885.601995,1.05,0.98,
2026-05-17T17:20:35.710Z,2026-05-17T17:20:35.176Z,KXBTC15M-26MAY171330-30,BTC price up in next 15 mins?,KXBTC15M-26MAY171330,2026-05-17T17:30:00Z,active,0.78,0.79,0.21,0.22,0.785,0.68,212587.36,92812.03,1010.0,206.26,2026-05-17T17:20:35.230Z,btc-updown-15m-1779038100,"Bitcoin Up or Down - May 17, 1:15PM-1:30PM ET",btc-updown-15m-1779038100,2026-05-17T17:30:00Z,,0.74,0.75,0.25,0.26,0.745,0.58,802.3404410000003,,107.68,65.2,2026-05-17T17:20:35.230Z,BRTI,77884.75,77882.98,77908.5475,60,Polymarket RTDS,77927.21868942888,77885.601995,1.05,0.97,
2026-05-17T17:20:37.700Z,2026-05-17T17:20:37.182Z,KXBTC15M-26MAY171330-30,BTC price up in next 15 mins?,KXBTC15M-26MAY171330,2026-05-17T17:30:00Z,active,0.77,0.79,0.21,0.23,0.78,0.68,212587.36,92812.03,1179.75,140.77,2026-05-17T17:20:37.230Z,btc-updown-15m-1779038100,"Bitcoin Up or Down - May 17, 1:15PM-1:30PM ET",btc-updown-15m-1779038100,2026-05-17T17:30:00Z,,0.74,0.75,0.25,0.26,0.745,0.58,802.3404410000003,,130.98,47.39,2026-05-17T17:20:37.230Z,BRTI,77917.65,77882.98,77908.20716666666,60,Polymarket RTDS,77927.32702190494,77885.601995,1.05,0.98,
2026-05-17T17:20:39.706Z,2026-05-17T17:20:39.190Z,KXBTC15M-26MAY171330-30,BTC price up in next 15 mins?,KXBTC15M-26MAY171330,2026-05-17T17:30:00Z,active,0.77,0.79,0.21,0.23,0.78,0.68,212587.36,92812.03,1035.75,139.77,2026-05-17T17:20:39.244Z,btc-updown-15m-1779038100,"Bitcoin Up or Down - May 17, 1:15PM-1:30PM ET",btc-updown-15m-1779038100,2026-05-17T17:30:00Z,,0.74,0.75,0.25,0.26,0.745,0.58,802.3404410000003,,105.78,42.32,2026-05-17T17:20:39.244Z,BRTI,77929.36,77882.98,77908.35883333333,60,Polymarket RTDS,77927.8668744558,77885.601995,1.05,0.98,
2026-05-17T17:20:41.753Z,2026-05-17T17:20:41.184Z,KXBTC15M-26MAY171330-30,BTC price up in next 15 mins?,KXBTC15M-26MAY171330,2026-05-17T17:30:00Z,active,0.78,0.79,0.21,0.22,0.785,0.79,226988.63,96491.89,1105.0,118.55,2026-05-17T17:20:41.245Z,btc-updown-15m-1779038100,"Bitcoin Up or Down - May 17, 1:15PM-1:30PM ET",btc-updown-15m-1779038100,2026-05-17T17:30:00Z,,0.74,0.75,0.25,0.26,0.745,0.58,802.3404410000003,,125.58,23.17,2026-05-17T17:20:41.245Z,BRTI,77905.73,77882.98,77908.065,60,Polymarket RTDS,77928.03355375402,77885.601995,1.05,0.97,
2026-05-17T17:20:43.728Z,2026-05-17T17:20:43.183Z,KXBTC15M-26MAY171330-30,BTC price up in next 15 mins?,KXBTC15M-26MAY171330,2026-05-17T17:30:00Z,active,0.78,0.8,0.2,0.22,0.79,0.79,226988.63,96491.89,895.53,2231.28,2026-05-17T17:20:43.235Z,btc-updown-15m-1779038100,"Bitcoin Up or Down - May 17, 1:15PM-1:30PM ET",btc-updown-15m-1779038100,2026-05-17T17:30:00Z,,0.74,0.75,0.25,0.26,0.745,0.58,802.3404410000003,,115.18,9.53,2026-05-17T17:20:43.235Z,BRTI,77905.73,77882.98,77908.02283333334,60,Polymarket RTDS,77928.10131629826,77885.601995,1.06,0.97,
2026-05-17T17:20:45.767Z,2026-05-17T17:20:45.184Z,KXBTC15M-26MAY171330-30,BTC price up in next 15 mins?,KXBTC15M-26MAY171330,2026-05-17T17:30:00Z,active,0.78,0.8,0.2,0.22,0.79,0.79,226988.63,96491.89,448.44,2123.2,2026-05-17T17:20:45.251Z,btc-updown-15m-1779038100,"Bitcoin Up or Down - May 17, 1:15PM-1:30PM ET",btc-updown-15m-1779038100,2026-05-17T17:30:00Z,,0.74,0.75,0.25,0.26,0.745,0.58,802.3404410000003,,160.79,4.46,2026-05-17T17:20:45.251Z,BRTI,77884.75,77882.98,77907.53833333333,60,Polymarket RTDS,77928.10880752791,77885.601995,1.06,0.97,
2026-05-17T17:20:47.694Z,2026-05-17T17:20:47.190Z,KXBTC15M-26MAY171330-30,BTC price up in next 15 mins?,KXBTC15M-26MAY171330,2026-05-17T17:30:00Z,active,0.77,0.78,0.22,0.23,0.775,0.79,226988.63,96491.89,3557.59,177.68,2026-05-17T17:20:47.243Z,btc-updown-15m-1779038100,"Bitcoin Up or Down - May 17, 1:15PM-1:30PM ET",btc-updown-15m-1779038100,2026-05-17T17:30:00Z,,0.71,0.72,0.28,0.29,0.715,0.58,802.3404410000003,,410.34,2861.67,2026-05-17T17:20:47.243Z,BRTI,77904.78,77882.98,77906.9835,60,Polymarket RTDS,77928.10740984243,77885.601995,1.07,0.95,
2026-05-17T17:20:49.689Z,2026-05-17T17:20:49.194Z,KXBTC15M-26MAY171330-30,BTC price up in next 15 mins?,KXBTC15M-26MAY171330,2026-05-17T17:30:00Z,active,0.77,0.78,0.22,0.23,0.775,0.79,226988.63,96491.89,3638.9,69.27,2026-05-17T17:20:49.247Z,btc-updown-15m-1779038100,"Bitcoin Up or Down - May 17, 1:15PM-1:30PM ET",btc-updown-15m-1779038100,2026-05-17T17:30:00Z,,0.71,0.72,0.28,0.29,0.715,0.58,802.3404410000003,,605.33,2745.62,2026-05-17T17:20:49.247Z,BRTI,77905.73,77882.98,77906.74133333332,60,Polymarket RTDS,77928.62780616328,77885.601995,1.07,0.95,
2026-05-17T17:20:51.686Z,2026-05-17T17:20:51.186Z,KXBTC15M-26MAY171330-30,BTC price up in next 15 mins?,KXBTC15M-26MAY171330,2026-05-17T17:30:00Z,active,0.79,0.8,0.2,0.21,0.795,0.79,226988.63,96491.89,1010.0,83.0,2026-05-17T17:20:51.242Z,btc-updown-15m-1779038100,"Bitcoin Up or Down - May 17, 1:15PM-1:30PM ET",btc-updown-15m-1779038100,2026-05-17T17:30:00Z,,0.71,0.72,0.28,0.29,0.715,0.58,802.3404410000003,,720.33,2606.48,2026-05-17T17:20:51.242Z,BRTI,77882.86,77882.98,77906.33166666668,60,Polymarket RTDS,77928.80423,77885.601995,1.09,0.9299999999999999,
2026-05-17T17:20:53.702Z,2026-05-17T17:20:53.197Z,KXBTC15M-26MAY171330-30,BTC price up in next 15 mins?,KXBTC15M-26MAY171330,2026-05-17T17:30:00Z,active,0.79,0.8,0.2,0.21,0.795,0.79,226988.63,96491.89,751.66,97.6,2026-05-17T17:20:53.244Z,btc-updown-15m-1779038100,"Bitcoin Up or Down - May 17, 1:15PM-1:30PM ET",btc-updown-15m-1779038100,2026-05-17T17:30:00Z,,0.71,0.72,0.28,0.29,0.715,0.58,802.3404410000003,,625.34,2499.41,2026-05-17T17:20:53.244Z,BRTI,77884.75,77882.98,77905.84716666667,60,Polymarket RTDS,77929.227455,77885.601995,1.09,0.9299999999999999,
2026-05-17T17:20:55.714Z,2026-05-17T17:20:55.188Z,KXBTC15M-26MAY171330-30,BTC price up in next 15 mins?,KXBTC15M-26MAY171330,2026-05-17T17:30:00Z,active,0.79,0.8,0.2,0.21,0.795,0.79,226988.63,96491.89,513.75,99.3,2026-05-17T17:20:55.240Z,btc-updown-15m-1779038100,"Bitcoin Up or Down - May 17, 1:15PM-1:30PM ET",btc-updown-15m-1779038100,2026-05-17T17:30:00Z,,0.71,0.72,0.28,0.29,0.715,0.58,802.3404410000003,,607.14,2412.84,2026-05-17T17:20:55.240Z,BRTI,77905.73,77882.98,77905.81049999999,60,Polymarket RTDS,77929.70554,77885.601995,1.09,0.9299999999999999,
2026-05-17T17:20:57.757Z,2026-05-17T17:20:57.189Z,KXBTC15M-26MAY171330-30,BTC price up in next 15 mins?,KXBTC15M-26MAY171330,2026-05-17T17:30:00Z,active,0.8,0.81,0.19,0.2,0.805,0.79,226988.63,96491.89,1667.0,3.14,2026-05-17T17:20:57.239Z,btc-updown-15m-1779038100,"Bitcoin Up or Down - May 17, 1:15PM-1:30PM ET",btc-updown-15m-1779038100,2026-05-17T17:30:00Z,,0.71,0.72,0.28,0.29,0.715,0.58,802.3404410000003,,703.69,2360.28,2026-05-17T17:20:57.239Z,BRTI,77882.86,77882.98,77904.89216666667,60,Polymarket RTDS,77929.67153,77885.601995,1.1,0.9199999999999999,
2026-05-17T17:20:59.793Z,2026-05-17T17:20:59.184Z,KXBTC15M-26MAY171330-30,BTC price up in next 15 mins?,KXBTC15M-26MAY171330,2026-05-17T17:30:00Z,active,0.81,0.82,0.18,0.19,0.815,0.79,226988.63,96491.89,3125.92,75.0,2026-05-17T17:20:59.232Z,btc-updown-15m-1779038100,"Bitcoin Up or Down - May 17, 1:15PM-1:30PM ET",btc-updown-15m-1779038100,2026-05-17T17:30:00Z,,0.71,0.72,0.28,0.29,0.715,0.58,802.3404410000003,,881.03,2049.5,2026-05-17T17:20:59.232Z,BRTI,77905.73,77882.98,77904.86366666667,60,Polymarket RTDS,77933.424975,77885.601995,1.1099999999999999,0.9099999999999999,
2026-05-17T17:21:02.060Z,2026-05-17T17:21:01.196Z,KXBTC15M-26MAY171330-30,BTC price up in next 15 mins?,KXBTC15M-26MAY171330,2026-05-17T17:30:00Z,active,0.82,0.83,0.17,0.18,0.825,0.79,226988.63,96491.89,956.0,627.72,2026-05-17T17:21:01.275Z,btc-updown-15m-1779038100,"Bitcoin Up or Down - May 17, 1:15PM-1:30PM ET",btc-updown-15m-1779038100,2026-05-17T17:30:00Z,,0.71,0.72,0.28,0.29,0.715,0.58,802.3404410000003,,801.37,523.14,2026-05-17T17:21:01.276Z,BRTI,77918.25,77882.98,77904.9375,60,Polymarket RTDS,77935.47602198228,77885.601995,1.1199999999999999,0.8999999999999999,
2026-05-17T17:21:03.747Z,2026-05-17T17:21:03.198Z,KXBTC15M-26MAY171330-30,BTC price up in next 15 mins?,KXBTC15M-26MAY171330,2026-05-17T17:30:00Z,active,0.82,0.83,0.17,0.18,0.825,0.79,226988.63,96491.89,971.24,612.72,2026-05-17T17:21:03.267Z,btc-updown-15m-1779038100,"Bitcoin Up or Down - May 17, 1:15PM-1:30PM ET",btc-updown-15m-1779038100,2026-05-17T17:30:00Z,,0.73,0.74,0.26,0.27,0.735,0.58,802.3404410000003,,495.68,7.57,2026-05-17T17:21:03.267Z,BRTI,77917.65,77882.98,77904.894,60,Polymarket RTDS,77935.64430630318,77885.601995,1.1,0.9199999999999999,
2026-05-17T17:21:06.165Z,2026-05-17T17:21:05.191Z,KXBTC15M-26MAY171330-30,BTC price up in next 15 mins?,KXBTC15M-26MAY171330,2026-05-17T17:30:00Z,active,0.82,0.83,0.17,0.18,0.825,0.79,226988.63,96491.89,782.03,125.0,2026-05-17T17:21:05.242Z,btc-updown-15m-1779038100,"Bitcoin Up or Down - May 17, 1:15PM-1:30PM ET",btc-updown-15m-1779038100,2026-05-17T17:30:00Z,,0.73,0.74,0.26,0.27,0.735,0.58,802.3404410000003,,484.49,2.5,2026-05-17T17:21:05.242Z,BRTI,77944.88,77882.98,77905.92766666667,60,Polymarket RTDS,77936.29882134112,77885.601995,1.1,0.9199999999999999,
2026-05-17T17:21:08.048Z,2026-05-17T17:21:07.193Z,KXBTC15M-26MAY171330-30,BTC price up in next 15 mins?,KXBTC15M-26MAY171330,2026-05-17T17:30:00Z,active,0.8,0.81,0.19,0.2,0.805,0.79,226988.63,96491.89,1756.0,2232.0,2026-05-17T17:21:07.501Z,btc-updown-15m-1779038100,"Bitcoin Up or Down - May 17, 1:15PM-1:30PM ET",btc-updown-15m-1779038100,2026-05-17T17:30:00Z,,0.74,0.75,0.25,0.26,0.745,0.58,802.3404410000003,,165.6,76.12,2026-05-17T17:21:07.501Z,BRTI,77931.69,77882.98,77906.31416666666,60,Polymarket RTDS,77936.06550549393,77885.601995,1.07,0.95,
2026-05-17T17:21:09.731Z,2026-05-17T17:21:09.181Z,KXBTC15M-26MAY171330-30,BTC price up in next 15 mins?,KXBTC15M-26MAY171330,2026-05-17T17:30:00Z,active,0.8,0.81,0.19,0.2,0.805,0.79,226988.63,96491.89,1665.9,615.0,2026-05-17T17:21:09.237Z,btc-updown-15m-1779038100,"Bitcoin Up or Down - May 17, 1:15PM-1:30PM ET",btc-updown-15m-1779038100,2026-05-17T17:30:00Z,,0.75,0.76,0.24,0.25,0.755,0.58,802.3404410000003,,124.74,81.49,2026-05-17T17:21:09.237Z,BRTI,77917.65,77882.98,77906.38149999999,60,Polymarket RTDS,77935.0300751539,77885.601995,1.06,0.96,
2026-05-17T17:21:11.724Z,2026-05-17T17:21:11.188Z,KXBTC15M-26MAY171330-30,BTC price up in next 15 mins?,KXBTC15M-26MAY171330,2026-05-17T17:30:00Z,active,0.8,0.81,0.19,0.2,0.805,0.8,236941.34,100378.68,1356.55,143.91,2026-05-17T17:21:11.242Z,btc-updown-15m-1779038100,"Bitcoin Up or Down - May 17, 1:15PM-1:30PM ET",btc-updown-15m-1779038100,2026-05-17T17:30:00Z,,0.75,0.76,0.24,0.25,0.755,0.58,802.3404410000003,,240.74,176.6,2026-05-17T17:21:11.242Z,BRTI,77929.36,77882.98,77907.1565,60,Polymarket RTDS,77934.85838698348,77885.601995,1.06,0.96,
2026-05-17T17:21:13.700Z,2026-05-17T17:21:13.186Z,KXBTC15M-26MAY171330-30,BTC price up in next 15 mins?,KXBTC15M-26MAY171330,2026-05-17T17:30:00Z,active,0.81,0.82,0.18,0.19,0.815,0.8,236941.34,100378.68,1176.67,72.6,2026-05-17T17:21:13.239Z,btc-updown-15m-1779038100,"Bitcoin Up or Down - May 17, 1:15PM-1:30PM ET",btc-updown-15m-1779038100,2026-05-17T17:30:00Z,,0.75,0.76,0.24,0.25,0.755,0.58,802.3404410000003,,239.65,141.53,2026-05-17T17:21:13.239Z,BRTI,77944.88,77882.98,77908.19016666667,60,Polymarket RTDS,77935.10787989436,77885.601995,1.0699999999999998,0.95,
2026-05-17T17:21:16.063Z,2026-05-17T17:21:15.189Z,KXBTC15M-26MAY171330-30,BTC price up in next 15 mins?,KXBTC15M-26MAY171330,2026-05-17T17:30:00Z,active,0.81,0.82,0.18,0.19,0.815,0.8,236941.34,100378.68,348.98,1.0,2026-05-17T17:21:15.240Z,btc-updown-15m-1779038100,"Bitcoin Up or Down - May 17, 1:15PM-1:30PM ET",btc-updown-15m-1779038100,2026-05-17T17:30:00Z,,0.75,0.76,0.24,0.25,0.755,0.58,802.3404410000003,,135.67,154.78,2026-05-17T17:21:15.240Z,BRTI,77942.73,77882.98,77908.56466666666,60,Polymarket RTDS,77934.4922016907,77885.601995,1.0699999999999998,0.95,
2026-05-17T17:21:17.686Z,2026-05-17T17:21:17.182Z,KXBTC15M-26MAY171330-30,BTC price up in next 15 mins?,KXBTC15M-26MAY171330,2026-05-17T17:30:00Z,active,0.82,0.83,0.17,0.18,0.825,0.8,236941.34,100378.68,140.1,1261.01,2026-05-17T17:21:17.228Z,btc-updown-15m-1779038100,"Bitcoin Up or Down - May 17, 1:15PM-1:30PM ET",btc-updown-15m-1779038100,2026-05-17T17:30:00Z,,0.75,0.76,0.24,0.25,0.755,0.58,802.3404410000003,,96.62,132.66,2026-05-17T17:21:17.228Z,BRTI,77905.73,77882.98,77908.53616666667,60,Polymarket RTDS,77934.49580232384,77885.601995,1.08,0.94,
2026-05-17T17:21:19.738Z,2026-05-17T17:21:19.200Z,KXBTC15M-26MAY171330-30,BTC price up in next 15 mins?,KXBTC15M-26MAY171330,2026-05-17T17:30:00Z,active,0.82,0.83,0.17,0.18,0.825,0.8,236941.34,100378.68,1173.65,7.32,2026-05-17T17:21:19.248Z,btc-updown-15m-1779038100,"Bitcoin Up or Down - May 17, 1:15PM-1:30PM ET",btc-updown-15m-1779038100,2026-05-17T17:30:00Z,,0.75,0.76,0.24,0.25,0.755,0.58,802.3404410000003,,10.9,87.66,2026-05-17T17:21:19.248Z,BRTI,77916.59,77882.98,77908.671,60,Polymarket RTDS,77935.10701922847,77885.601995,1.08,0.94,
2026-05-17T17:21:21.739Z,2026-05-17T17:21:21.195Z,KXBTC15M-26MAY171330-30,BTC price up in next 15 mins?,KXBTC15M-26MAY171330,2026-05-17T17:30:00Z,active,0.82,0.83,0.17,0.18,0.825,0.8,236941.34,100378.68,1161.81,69.4,2026-05-17T17:21:21.249Z,btc-updown-15m-1779038100,"Bitcoin Up or Down - May 17, 1:15PM-1:30PM ET",btc-updown-15m-1779038100,2026-05-17T17:30:00Z,,0.75,0.76,0.24,0.25,0.755,0.58,802.3404410000003,,194.07,62.59,2026-05-17T17:21:21.249Z,BRTI,77929.36,77882.98,77908.93,60,Polymarket RTDS,77932.6683184384,77885.601995,1.08,0.94,
2026-05-17T17:21:23.687Z,2026-05-17T17:21:23.192Z,KXBTC15M-26MAY171330-30,BTC price up in next 15 mins?,KXBTC15M-26MAY171330,2026-05-17T17:30:00Z,active,0.83,0.84,0.16,0.17,0.835,0.8,236941.34,100378.68,1084.24,114.0,2026-05-17T17:21:23.241Z,btc-updown-15m-1779038100,"Bitcoin Up or Down - May 17, 1:15PM-1:30PM ET",btc-updown-15m-1779038100,2026-05-17T17:30:00Z,,0.76,0.77,0.23,0.24,0.765,0.58,802.3404410000003,,35.0,199.92,2026-05-17T17:21:23.241Z,BRTI,77944.88,77882.98,77909.34033333333,60,Polymarket RTDS,77934.67128975374,77885.601995,1.08,0.9400000000000001,
2026-05-17T17:21:25.694Z,2026-05-17T17:21:25.184Z,KXBTC15M-26MAY171330-30,BTC price up in next 15 mins?,KXBTC15M-26MAY171330,2026-05-17T17:30:00Z,active,0.84,0.85,0.15,0.16,0.845,0.8,236941.34,100378.68,1115.0,484.0,2026-05-17T17:21:25.230Z,btc-updown-15m-1779038100,"Bitcoin Up or Down - May 17, 1:15PM-1:30PM ET",btc-updown-15m-1779038100,2026-05-17T17:30:00Z,,0.76,0.77,0.23,0.24,0.765,0.58,802.3404410000003,,369.75,13.07,2026-05-17T17:21:25.230Z,BRTI,77942.73,77882.98,77909.91083333333,60,Polymarket RTDS,77934.18584765025,77885.601995,1.0899999999999999,0.93,
2026-05-17T17:21:27.742Z,2026-05-17T17:21:27.193Z,KXBTC15M-26MAY171330-30,BTC price up in next 15 mins?,KXBTC15M-26MAY171330,2026-05-17T17:30:00Z,active,0.84,0.85,0.15,0.16,0.845,0.8,236941.34,100378.68,1144.41,278.0,2026-05-17T17:21:27.241Z,btc-updown-15m-1779038100,"Bitcoin Up or Down - May 17, 1:15PM-1:30PM ET",btc-updown-15m-1779038100,2026-05-17T17:30:00Z,,0.76,0.77,0.23,0.24,0.765,0.58,802.3404410000003,,296.8,50.18,2026-05-17T17:21:27.242Z,BRTI,77944.88,77882.98,77910.52666666666,60,Polymarket RTDS,77934.52490187941,77885.601995,1.0899999999999999,0.93,
2026-05-17T17:21:29.744Z,2026-05-17T17:21:29.196Z,KXBTC15M-26MAY171330-30,BTC price up in next 15 mins?,KXBTC15M-26MAY171330,2026-05-17T17:30:00Z,active,0.84,0.85,0.15,0.16,0.845,0.8,236941.34,100378.68,1125.9,200.0,2026-05-17T17:21:29.244Z,btc-updown-15m-1779038100,"Bitcoin Up or Down - May 17, 1:15PM-1:30PM ET",btc-updown-15m-1779038100,2026-05-17T17:30:00Z,,0.76,0.77,0.23,0.24,0.765,0.58,802.3404410000003,,296.63,5.18,2026-05-17T17:21:29.244Z,BRTI,77916.59,77882.98,77910.41383333334,60,Polymarket RTDS,77934.6018936126,77885.601995,1.0899999999999999,0.93,
2026-05-17T17:21:31.711Z,2026-05-17T17:21:31.200Z,KXBTC15M-26MAY171330-30,BTC price up in next 15 mins?,KXBTC15M-26MAY171330,2026-05-17T17:30:00Z,active,0.84,0.85,0.15,0.16,0.845,0.8,236941.34,100378.68,2905.85,10.0,2026-05-17T17:21:31.250Z,btc-updown-15m-1779038100,"Bitcoin Up or Down - May 17, 1:15PM-1:30PM ET",btc-updown-15m-1779038100,2026-05-17T17:30:00Z,,0.77,0.78,0.22,0.23,0.775,0.58,802.3404410000003,,98.21,363.94,2026-05-17T17:21:31.250Z,BRTI,77905.73,77882.98,77910.36766666666,60,Polymarket RTDS,77934.49804713925,77885.601995,1.08,0.9400000000000001,
2026-05-17T17:21:33.742Z,2026-05-17T17:21:33.186Z,KXBTC15M-26MAY171330-30,BTC price up in next 15 mins?,KXBTC15M-26MAY171330,2026-05-17T17:30:00Z,active,0.85,0.86,0.14,0.15,0.855,0.8,236941.34,100378.68,47.4,2756.24,2026-05-17T17:21:33.261Z,btc-updown-15m-1779038100,"Bitcoin Up or Down - May 17, 1:15PM-1:30PM ET",btc-updown-15m-1779038100,2026-05-17T17:30:00Z,,0.77,0.78,0.22,0.23,0.775,0.58,802.3404410000003,,178.6,312.74,2026-05-17T17:21:33.261Z,BRTI,77929.36,77882.98,77910.72483333334,60,Polymarket RTDS,77935.14409256815,77885.601995,1.09,0.93,
2026-05-17T17:21:35.707Z,2026-05-17T17:21:35.190Z,KXBTC15M-26MAY171330-30,BTC price up in next 15 mins?,KXBTC15M-26MAY171330,2026-05-17T17:30:00Z,active,0.85,0.86,0.14,0.15,0.855,0.8,236941.34,100378.68,1005.0,2682.99,2026-05-17T17:21:35.240Z,btc-updown-15m-1779038100,"Bitcoin Up or Down - May 17, 1:15PM-1:30PM ET",btc-updown-15m-1779038100,2026-05-17T17:30:00Z,,0.77,0.78,0.22,0.23,0.775,0.58,802.3404410000003,,161.51,279.09,2026-05-17T17:21:35.240Z,BRTI,77942.73,77882.98,77911.72266666667,60,Polymarket RTDS,77935.75493,77885.601995,1.09,0.93,
2026-05-17T17:21:37.712Z,2026-05-17T17:21:37.188Z,KXBTC15M-26MAY171330-30,BTC price up in next 15 mins?,KXBTC15M-26MAY171330,2026-05-17T17:30:00Z,active,0.85,0.86,0.14,0.15,0.855,0.8,236941.34,100378.68,1076.11,75.0,2026-05-17T17:21:37.245Z,btc-updown-15m-1779038100,"Bitcoin Up or Down - May 17, 1:15PM-1:30PM ET",btc-updown-15m-1779038100,2026-05-17T17:30:00Z,,0.77,0.78,0.22,0.23,0.775,0.58,802.3404410000003,,164.31,261.22,2026-05-17T17:21:37.245Z,BRTI,77944.88,77882.98,77912.24383333333,60,Polymarket RTDS,77935.804795,77885.601995,1.09,0.93,
2026-05-17T17:21:39.752Z,2026-05-17T17:21:39.181Z,KXBTC15M-26MAY171330-30,BTC price up in next 15 mins?,KXBTC15M-26MAY171330,2026-05-17T17:30:00Z,active,0.85,0.87,0.13,0.15,0.86,0.8,236941.34,100378.68,1080.87,269.66,2026-05-17T17:21:39.232Z,btc-updown-15m-1779038100,"Bitcoin Up or Down - May 17, 1:15PM-1:30PM ET",btc-updown-15m-1779038100,2026-05-17T17:30:00Z,,0.77,0.78,0.22,0.23,0.775,0.58,802.3404410000003,,204.31,249.15,2026-05-17T17:21:39.232Z,BRTI,77931.69,77882.98,77912.63983333333,60,Polymarket RTDS,77935.815915,77885.601995,1.1,0.93,
2026-05-17T17:21:41.695Z,2026-05-17T17:21:41.195Z,KXBTC15M-26MAY171330-30,BTC price up in next 15 mins?,KXBTC15M-26MAY171330,2026-05-17T17:30:00Z,active,0.86,0.87,0.13,0.14,0.865,0.85,249119.41,106479.74,3248.57,102.86,2026-05-17T17:21:41.255Z,btc-updown-15m-1779038100,"Bitcoin Up or Down - May 17, 1:15PM-1:30PM ET",btc-updown-15m-1779038100,2026-05-17T17:30:00Z,,0.79,0.8,0.2,0.21,0.795,0.58,802.3404410000003,,290.75,82.8,2026-05-17T17:21:41.255Z,BRTI,77944.88,77882.98,77913.25566666666,60,Polymarket RTDS,77935.908235,77885.601995,1.08,0.9400000000000001,
2026-05-17T17:21:43.727Z,2026-05-17T17:21:43.205Z,KXBTC15M-26MAY171330-30,BTC price up in next 15 mins?,KXBTC15M-26MAY171330,2026-05-17T17:30:00Z,active,0.87,0.88,0.12,0.13,0.875,0.85,249119.41,106479.74,552.49,1038.55,2026-05-17T17:21:43.254Z,btc-updown-15m-1779038100,"Bitcoin Up or Down - May 17, 1:15PM-1:30PM ET",btc-updown-15m-1779038100,2026-05-17T17:30:00Z,,0.79,0.8,0.2,0.21,0.795,0.58,802.3404410000003,,370.61,97.6,2026-05-17T17:21:43.254Z,BRTI,77905.73,77882.98,77913.63683333334,60,Polymarket RTDS,77937.17143978944,77885.601995,1.09,0.93,
2026-05-17T17:21:45.706Z,2026-05-17T17:21:45.187Z,KXBTC15M-26MAY171330-30,BTC price up in next 15 mins?,KXBTC15M-26MAY171330,2026-05-17T17:30:00Z,active,0.87,0.88,0.12,0.13,0.875,0.85,249119.41,106479.74,1154.0,75.0,2026-05-17T17:21:45.240Z,btc-updown-15m-1779038100,"Bitcoin Up or Down - May 17, 1:15PM-1:30PM ET",btc-updown-15m-1779038100,2026-05-17T17:30:00Z,,0.79,0.8,0.2,0.21,0.795,0.58,802.3404410000003,,484.39,97.6,2026-05-17T17:21:45.240Z,BRTI,77918.25,77882.98,77913.80333333333,60,Polymarket RTDS,77937.88474,77885.601995,1.09,0.93,
2026-05-17T17:21:47.753Z,2026-05-17T17:21:47.184Z,KXBTC15M-26MAY171330-30,BTC price up in next 15 mins?,KXBTC15M-26MAY171330,2026-05-17T17:30:00Z,active,0.87,0.89,0.11,0.13,0.88,0.85,249119.41,106479.74,1131.84,1129.7,2026-05-17T17:21:47.248Z,btc-updown-15m-1779038100,"Bitcoin Up or Down - May 17, 1:15PM-1:30PM ET",btc-updown-15m-1779038100,2026-05-17T17:30:00Z,,0.79,0.8,0.2,0.21,0.795,0.58,802.3404410000003,,388.53,54.91,2026-05-17T17:21:47.248Z,BRTI,77942.73,77882.98,77914.80116666667,60,Polymarket RTDS,77938.05362,77885.601995,1.1,0.93,
2026-05-17T17:21:49.733Z,2026-05-17T17:21:49.192Z,KXBTC15M-26MAY171330-30,BTC price up in next 15 mins?,KXBTC15M-26MAY171330,2026-05-17T17:30:00Z,active,0.86,0.87,0.13,0.14,0.865,0.85,249119.41,106479.74,3093.53,19.51,2026-05-17T17:21:49.240Z,btc-updown-15m-1779038100,"Bitcoin Up or Down - May 17, 1:15PM-1:30PM ET",btc-updown-15m-1779038100,2026-05-17T17:30:00Z,,0.81,0.82,0.18,0.19,0.815,0.58,802.3404410000003,,308.97,57.95,2026-05-17T17:21:49.241Z,BRTI,77931.69,77882.98,77915.19166666667,60,Polymarket RTDS,77939.358305,77885.601995,1.06,0.96,
2026-05-17T17:21:51.739Z,2026-05-17T17:21:51.196Z,KXBTC15M-26MAY171330-30,BTC price up in next 15 mins?,KXBTC15M-26MAY171330,2026-05-17T17:30:00Z,active,0.86,0.87,0.13,0.14,0.865,0.85,249119.41,106479.74,2173.82,3.59,2026-05-17T17:21:51.243Z,btc-updown-15m-1779038100,"Bitcoin Up or Down - May 17, 1:15PM-1:30PM ET",btc-updown-15m-1779038100,2026-05-17T17:30:00Z,,0.81,0.82,0.18,0.19,0.815,0.58,802.3404410000003,,357.11,52.88,2026-05-17T17:21:51.243Z,BRTI,77944.7,77882.98,77915.81266666666,60,Polymarket RTDS,77940.60928,77885.601995,1.06,0.96,
2026-05-17T17:21:53.720Z,2026-05-17T17:21:53.192Z,KXBTC15M-26MAY171330-30,BTC price up in next 15 mins?,KXBTC15M-26MAY171330,2026-05-17T17:30:00Z,active,0.86,0.87,0.13,0.14,0.865,0.85,249119.41,106479.74,1848.79,131.93,2026-05-17T17:21:53.254Z,btc-updown-15m-1779038100,"Bitcoin Up or Down - May 17, 1:15PM-1:30PM ET",btc-updown-15m-1779038100,2026-05-17T17:30:00Z,,0.81,0.82,0.18,0.19,0.815,0.58,802.3404410000003,,238.76,29.04,2026-05-17T17:21:53.254Z,BRTI,77918.25,77882.98,77915.98466666667,60,Polymarket RTDS,77941.056805,77885.601995,1.06,0.96,
2026-05-17T17:21:55.730Z,2026-05-17T17:21:55.187Z,KXBTC15M-26MAY171330-30,BTC price up in next 15 mins?,KXBTC15M-26MAY171330,2026-05-17T17:30:00Z,active,0.85,0.87,0.13,0.15,0.86,0.85,249119.41,106479.74,1795.21,75.0,2026-05-17T17:21:55.239Z,btc-updown-15m-1779038100,"Bitcoin Up or Down - May 17, 1:15PM-1:30PM ET",btc-updown-15m-1779038100,2026-05-17T17:30:00Z,,0.81,0.82,0.18,0.19,0.815,0.58,802.3404410000003,,233.49,2.66,2026-05-17T17:21:55.239Z,BRTI,77918.25,77882.98,77916.14716666666,60,Polymarket RTDS,77940.9513,77885.601995,1.06,0.97,
2026-05-17T17:21:57.765Z,2026-05-17T17:21:57.175Z,KXBTC15M-26MAY171330-30,BTC price up in next 15 mins?,KXBTC15M-26MAY171330,2026-05-17T17:30:00Z,active,0.86,0.87,0.13,0.14,0.865,0.85,249119.41,106479.74,1067.54,135.0,2026-05-17T17:21:57.230Z,btc-updown-15m-1779038100,"Bitcoin Up or Down - May 17, 1:15PM-1:30PM ET",btc-updown-15m-1779038100,2026-05-17T17:30:00Z,,0.82,0.83,0.17,0.18,0.825,0.58,802.3404410000003,,82.12,196.31,2026-05-17T17:21:57.230Z,BRTI,77931.69,77882.98,77916.53766666666,60,Polymarket RTDS,77940.97984,77885.601995,1.05,0.97,
2026-05-17T17:21:59.701Z,2026-05-17T17:21:59.194Z,KXBTC15M-26MAY171330-30,BTC price up in next 15 mins?,KXBTC15M-26MAY171330,2026-05-17T17:30:00Z,active,0.86,0.87,0.13,0.14,0.865,0.85,249119.41,106479.74,1180.79,10.0,2026-05-17T17:21:59.252Z,btc-updown-15m-1779038100,"Bitcoin Up or Down - May 17, 1:15PM-1:30PM ET",btc-updown-15m-1779038100,2026-05-17T17:30:00Z,,0.82,0.83,0.17,0.18,0.825,0.58,802.3404410000003,,156.66,96.22,2026-05-17T17:21:59.252Z,BRTI,77918.25,77882.98,77916.76216666665,60,Polymarket RTDS,77940.99697,77885.601995,1.05,0.97,
2026-05-17T17:22:01.898Z,2026-05-17T17:22:01.191Z,KXBTC15M-26MAY171330-30,BTC price up in next 15 mins?,KXBTC15M-26MAY171330,2026-05-17T17:30:00Z,active,0.85,0.86,0.14,0.15,0.855,0.85,249119.41,106479.74,10.0,1144.21,2026-05-17T17:22:01.245Z,btc-updown-15m-1779038100,"Bitcoin Up or Down - May 17, 1:15PM-1:30PM ET",btc-updown-15m-1779038100,2026-05-17T17:30:00Z,,0.8,0.83,0.17,0.2,0.815,0.58,802.3404410000003,,16.0,235.48,2026-05-17T17:22:01.245Z,BRTI,77931.69,77882.98,77917.21066666667,60,Polymarket RTDS,77935.37662162125,77885.601995,1.06,0.98,
2026-05-17T17:22:03.732Z,2026-05-17T17:22:03.196Z,KXBTC15M-26MAY171330-30,BTC price up in next 15 mins?,KXBTC15M-26MAY171330,2026-05-17T17:30:00Z,active,0.85,0.86,0.14,0.15,0.855,0.85,249119.41,106479.74,3197.75,751.36,2026-05-17T17:22:03.271Z,btc-updown-15m-1779038100,"Bitcoin Up or Down - May 17, 1:15PM-1:30PM ET",btc-updown-15m-1779038100,2026-05-17T17:30:00Z,,0.8,0.83,0.17,0.2,0.815,0.58,802.3404410000003,,31.75,227.8,2026-05-17T17:22:03.271Z,BRTI,77944.88,77882.98,77917.57566666667,60,Polymarket RTDS,77934.92272413112,77885.601995,1.06,0.98,
2026-05-17T17:22:05.770Z,2026-05-17T17:22:05.205Z,KXBTC15M-26MAY171330-30,BTC price up in next 15 mins?,KXBTC15M-26MAY171330,2026-05-17T17:30:00Z,active,0.85,0.86,0.14,0.15,0.855,0.85,249119.41,106479.74,3180.17,553.15,2026-05-17T17:22:05.261Z,btc-updown-15m-1779038100,"Bitcoin Up or Down - May 17, 1:15PM-1:30PM ET",btc-updown-15m-1779038100,2026-05-17T17:30:00Z,,0.81,0.82,0.18,0.19,0.815,0.58,802.3404410000003,,80.97,266.43,2026-05-17T17:22:05.261Z,BRTI,77931.69,77882.98,77917.72083333334,60,Polymarket RTDS,77939.247625,77885.601995,1.05,0.97,
2026-05-17T17:22:08.104Z,2026-05-17T17:22:07.195Z,KXBTC15M-26MAY171330-30,BTC price up in next 15 mins?,KXBTC15M-26MAY171330,2026-05-17T17:30:00Z,active,0.85,0.86,0.14,0.15,0.855,0.85,249119.41,106479.74,2987.52,553.15,2026-05-17T17:22:07.253Z,btc-updown-15m-1779038100,"Bitcoin Up or Down - May 17, 1:15PM-1:30PM ET",btc-updown-15m-1779038100,2026-05-17T17:30:00Z,,0.81,0.82,0.18,0.19,0.815,0.46,8673.031142000009,,316.51,57.04,2026-05-17T17:22:07.253Z,BRTI,77942.73,77882.98,77918.3375,60,Polymarket RTDS,77939.196905,77885.601995,1.05,0.97,
2026-05-17T17:22:09.754Z,2026-05-17T17:22:09.198Z,KXBTC15M-26MAY171330-30,BTC price up in next 15 mins?,KXBTC15M-26MAY171330,2026-05-17T17:30:00Z,active,0.86,0.87,0.13,0.14,0.865,0.85,249119.41,106479.74,1717.93,115.0,2026-05-17T17:22:09.246Z,btc-updown-15m-1779038100,"Bitcoin Up or Down - May 17, 1:15PM-1:30PM ET",btc-updown-15m-1779038100,2026-05-17T17:30:00Z,,0.81,0.82,0.18,0.19,0.815,0.46,8673.031142000009,,304.57,40.53,2026-05-17T17:22:09.246Z,BRTI,77948.94,77882.98,77918.77016666667,60,Polymarket RTDS,77939.66217,77885.601995,1.06,0.96,
2026-05-17T17:22:11.740Z,2026-05-17T17:22:11.211Z,KXBTC15M-26MAY171330-30,BTC price up in next 15 mins?,KXBTC15M-26MAY171330,2026-05-17T17:30:00Z,active,0.86,0.88,0.12,0.14,0.87,0.86,274501.39,120015.01,2440.57,1100.25,2026-05-17T17:22:11.262Z,btc-updown-15m-1779038100,"Bitcoin Up or Down - May 17, 1:15PM-1:30PM ET",btc-updown-15m-1779038100,2026-05-17T17:30:00Z,,0.81,0.82,0.18,0.19,0.815,0.46,8673.031142000009,,163.45,35.46,2026-05-17T17:22:11.262Z,BRTI,77946.92,77882.98,77919.45666666668,60,Polymarket RTDS,77939.664005,77885.601995,1.07,0.96,
2026-05-17T17:22:13.697Z,2026-05-17T17:22:13.189Z,KXBTC15M-26MAY171330-30,BTC price up in next 15 mins?,KXBTC15M-26MAY171330,2026-05-17T17:30:00Z,active,0.86,0.87,0.13,0.14,0.865,0.86,274501.39,120015.01,1324.0,231.09,2026-05-17T17:22:13.245Z,btc-updown-15m-1779038100,"Bitcoin Up or Down - May 17, 1:15PM-1:30PM ET",btc-updown-15m-1779038100,2026-05-17T17:30:00Z,,0.81,0.82,0.18,0.19,0.815,0.46,8673.031142000009,,58.86,362.06,2026-05-17T17:22:13.245Z,BRTI,77950.38,77882.98,77920.582,60,Polymarket RTDS,77939.733195,77885.601995,1.06,0.96,
2026-05-17T17:22:16.414Z,2026-05-17T17:22:15.281Z,KXBTC15M-26MAY171330-30,BTC price up in next 15 mins?,KXBTC15M-26MAY171330,2026-05-17T17:30:00Z,active,0.86,0.87,0.13,0.14,0.865,0.86,274501.39,120015.01,647.21,120.0,2026-05-17T17:22:15.328Z,btc-updown-15m-1779038100,"Bitcoin Up or Down - May 17, 1:15PM-1:30PM ET",btc-updown-15m-1779038100,2026-05-17T17:30:00Z,,0.81,0.82,0.18,0.19,0.815,0.46,8673.031142000009,,52.86,302.11,2026-05-17T17:22:15.328Z,BRTI,77947.68,77882.98,77921.297,60,Polymarket RTDS,77939.39875,77885.601995,1.06,0.96,
2026-05-17T17:22:17.772Z,2026-05-17T17:22:17.196Z,KXBTC15M-26MAY171330-30,BTC price up in next 15 mins?,KXBTC15M-26MAY171330,2026-05-17T17:30:00Z,active,0.86,0.87,0.13,0.14,0.865,0.86,274501.39,120015.01,551.36,125.0,2026-05-17T17:22:17.247Z,btc-updown-15m-1779038100,"Bitcoin Up or Down - May 17, 1:15PM-1:30PM ET",btc-updown-15m-1779038100,2026-05-17T17:30:00Z,,0.81,0.82,0.18,0.19,0.815,0.46,8673.031142000009,,58.56,282.36,2026-05-17T17:22:17.247Z,BRTI,77947.68,77882.98,77922.34583333334,60,Polymarket RTDS,77939.22365785853,77885.601995,1.06,0.96,
2026-05-17T17:22:19.687Z,2026-05-17T17:22:19.195Z,KXBTC15M-26MAY171330-30,BTC price up in next 15 mins?,KXBTC15M-26MAY171330,2026-05-17T17:30:00Z,active,0.86,0.87,0.13,0.14,0.865,0.86,274501.39,120015.01,1105.36,10.0,2026-05-17T17:22:19.246Z,btc-updown-15m-1779038100,"Bitcoin Up or Down - May 17, 1:15PM-1:30PM ET",btc-updown-15m-1779038100,2026-05-17T17:30:00Z,,0.81,0.82,0.18,0.19,0.815,0.46,8673.031142000009,,58.56,214.68,2026-05-17T17:22:19.246Z,BRTI,77942.73,77882.98,77922.675,60,Polymarket RTDS,77937.1293874485,77885.601995,1.06,0.96,
2026-05-17T17:22:21.692Z,2026-05-17T17:22:21.191Z,KXBTC15M-26MAY171330-30,BTC price up in next 15 mins?,KXBTC15M-26MAY171330,2026-05-17T17:30:00Z,active,0.86,0.87,0.13,0.14,0.865,0.86,274501.39,120015.01,2.0,1261.2,2026-05-17T17:22:21.243Z,btc-updown-15m-1779038100,"Bitcoin Up or Down - May 17, 1:15PM-1:30PM ET",btc-updown-15m-1779038100,2026-05-17T17:30:00Z,,0.8,0.81,0.19,0.2,0.805,0.46,8673.031142000009,,33.46,364.3,2026-05-17T17:22:21.243Z,BRTI,77944.88,77882.98,77923.04000000001,60,Polymarket RTDS,77939.372305,77885.601995,1.07,0.9500000000000001,
2026-05-17T17:22:23.705Z,2026-05-17T17:22:23.206Z,KXBTC15M-26MAY171330-30,BTC price up in next 15 mins?,KXBTC15M-26MAY171330,2026-05-17T17:30:00Z,active,0.85,0.86,0.14,0.15,0.855,0.86,274501.39,120015.01,9508.14,1186.61,2026-05-17T17:22:23.258Z,btc-updown-15m-1779038100,"Bitcoin Up or Down - May 17, 1:15PM-1:30PM ET",btc-updown-15m-1779038100,2026-05-17T17:30:00Z,,0.8,0.81,0.19,0.2,0.805,0.46,8673.031142000009,,76.95,325.84,2026-05-17T17:22:23.258Z,BRTI,77944.38,77882.98,77924.06533333333,60,Polymarket RTDS,77935.246555,77885.601995,1.06,0.9600000000000001,
2026-05-17T17:22:25.813Z,2026-05-17T17:22:25.184Z,KXBTC15M-26MAY171330-30,BTC price up in next 15 mins?,KXBTC15M-26MAY171330,2026-05-17T17:30:00Z,active,0.85,0.86,0.14,0.15,0.855,0.86,274501.39,120015.01,7446.74,1183.61,2026-05-17T17:22:25.231Z,btc-updown-15m-1779038100,"Bitcoin Up or Down - May 17, 1:15PM-1:30PM ET",btc-updown-15m-1779038100,2026-05-17T17:30:00Z,,0.8,0.81,0.19,0.2,0.805,0.46,8673.031142000009,,76.4,316.84,2026-05-17T17:22:25.231Z,BRTI,77944.88,77882.98,77924.73366666665,60,Polymarket RTDS,77935.252775,77885.601995,1.06,0.9600000000000001,
2026-05-17T17:22:27.664Z,2026-05-17T17:22:27.179Z,KXBTC15M-26MAY171330-30,BTC price up in next 15 mins?,KXBTC15M-26MAY171330,2026-05-17T17:30:00Z,active,0.85,0.86,0.14,0.15,0.855,0.86,274501.39,120015.01,5422.26,887.89,2026-05-17T17:22:27.230Z,btc-updown-15m-1779038100,"Bitcoin Up or Down - May 17, 1:15PM-1:30PM ET",btc-updown-15m-1779038100,2026-05-17T17:30:00Z,,0.8,0.81,0.19,0.2,0.805,0.46,8673.031142000009,,74.43,314.88,2026-05-17T17:22:27.230Z,BRTI,77947.17,77882.98,77925.774,60,Polymarket RTDS,77935.244225,77885.601995,1.06,0.9600000000000001,
2026-05-17T17:22:30.311Z,2026-05-17T17:22:29.195Z,KXBTC15M-26MAY171330-30,BTC price up in next 15 mins?,KXBTC15M-26MAY171330,2026-05-17T17:30:00Z,active,0.85,0.87,0.13,0.15,0.86,0.86,274501.39,120015.01,4820.1,219.0,2026-05-17T17:22:29.251Z,btc-updown-15m-1779038100,"Bitcoin Up or Down - May 17, 1:15PM-1:30PM ET",btc-updown-15m-1779038100,2026-05-17T17:30:00Z,,0.8,0.81,0.19,0.2,0.805,0.46,8673.031142000009,,50.45,308.61,2026-05-17T17:22:29.251Z,BRTI,77946.92,77882.98,77926.4605,60,Polymarket RTDS,77935.25446,77885.601995,1.07,0.9600000000000001,
2026-05-17T17:22:31.704Z,2026-05-17T17:22:31.189Z,KXBTC15M-26MAY171330-30,BTC price up in next 15 mins?,KXBTC15M-26MAY171330,2026-05-17T17:30:00Z,active,0.86,0.87,0.13,0.14,0.865,0.86,274501.39,120015.01,51.0,158.41,2026-05-17T17:22:31.244Z,btc-updown-15m-1779038100,"Bitcoin Up or Down - May 17, 1:15PM-1:30PM ET",btc-updown-15m-1779038100,2026-05-17T17:30:00Z,,0.8,0.81,0.19,0.2,0.805,0.46,8673.031142000009,,63.25,294.81,2026-05-17T17:22:31.244Z,BRTI,77944.38,77882.98,77926.906,60,Polymarket RTDS,77935.253765,77885.601995,1.07,0.9500000000000001,
2026-05-17T17:22:33.783Z,2026-05-17T17:22:33.192Z,KXBTC15M-26MAY171330-30,BTC price up in next 15 mins?,KXBTC15M-26MAY171330,2026-05-17T17:30:00Z,active,0.86,0.87,0.13,0.14,0.865,0.86,274501.39,120015.01,115.0,12.0,2026-05-17T17:22:33.240Z,btc-updown-15m-1779038100,"Bitcoin Up or Down - May 17, 1:15PM-1:30PM ET",btc-updown-15m-1779038100,2026-05-17T17:30:00Z,,0.8,0.81,0.19,0.2,0.805,0.46,8673.031142000009,,20.94,320.59,2026-05-17T17:22:33.240Z,BRTI,77940.69,77882.98,77927.09483333334,60,Polymarket RTDS,77935.42274,77885.601995,1.07,0.9500000000000001,
2026-05-17T17:22:35.707Z,2026-05-17T17:22:35.189Z,KXBTC15M-26MAY171330-30,BTC price up in next 15 mins?,KXBTC15M-26MAY171330,2026-05-17T17:30:00Z,active,0.86,0.88,0.12,0.14,0.87,0.86,274501.39,120015.01,85.0,313.0,2026-05-17T17:22:35.246Z,btc-updown-15m-1779038100,"Bitcoin Up or Down - May 17, 1:15PM-1:30PM ET",btc-updown-15m-1779038100,2026-05-17T17:30:00Z,,0.78,0.79,0.21,0.22,0.785,0.46,8673.031142000009,,168.3,32.0,2026-05-17T17:22:35.246Z,BRTI,77947.17,77882.98,77928.13516666667,60,Polymarket RTDS,77932.50953358541,77885.601995,1.1,0.93,
2026-05-17T17:22:37.683Z,2026-05-17T17:22:37.198Z,KXBTC15M-26MAY171330-30,BTC price up in next 15 mins?,KXBTC15M-26MAY171330,2026-05-17T17:30:00Z,active,0.86,0.87,0.13,0.14,0.865,0.86,274501.39,120015.01,75.0,60.0,2026-05-17T17:22:37.250Z,btc-updown-15m-1779038100,"Bitcoin Up or Down - May 17, 1:15PM-1:30PM ET",btc-updown-15m-1779038100,2026-05-17T17:30:00Z,,0.79,0.8,0.2,0.21,0.795,0.46,8673.031142000009,,69.77,114.84,2026-05-17T17:22:37.250Z,BRTI,77947.17,77882.98,77928.62716666666,60,Polymarket RTDS,77932.1882,77885.601995,1.08,0.9400000000000001,
2026-05-17T17:22:40.016Z,2026-05-17T17:22:39.178Z,KXBTC15M-26MAY171330-30,BTC price up in next 15 mins?,KXBTC15M-26MAY171330,2026-05-17T17:30:00Z,active,0.86,0.88,0.12,0.14,0.87,0.86,274501.39,120015.01,238.34,62.0,2026-05-17T17:22:39.231Z,btc-updown-15m-1779038100,"Bitcoin Up or Down - May 17, 1:15PM-1:30PM ET",btc-updown-15m-1779038100,2026-05-17T17:30:00Z,,0.79,0.8,0.2,0.21,0.795,0.46,8673.031142000009,,218.67,86.7,2026-05-17T17:22:39.231Z,BRTI,77948.94,77882.98,77928.9535,60,Polymarket RTDS,77932.499075,77885.601995,1.09,0.9400000000000001,
2026-05-17T17:22:41.729Z,2026-05-17T17:22:41.194Z,KXBTC15M-26MAY171330-30,BTC price up in next 15 mins?,KXBTC15M-26MAY171330,2026-05-17T17:30:00Z,active,0.85,0.86,0.14,0.15,0.855,0.85,287527.78,128464.33,5615.24,255.55,2026-05-17T17:22:41.265Z,btc-updown-15m-1779038100,"Bitcoin Up or Down - May 17, 1:15PM-1:30PM ET",btc-updown-15m-1779038100,2026-05-17T17:30:00Z,,0.79,0.8,0.2,0.21,0.795,0.46,8673.031142000009,,422.09,82.88,2026-05-17T17:22:41.265Z,BRTI,77942.73,77882.98,77929.57016666667,60,Polymarket RTDS,77932.92912867287,77885.601995,1.07,0.9500000000000001,
2026-05-17T17:22:43.673Z,2026-05-17T17:22:43.187Z,KXBTC15M-26MAY171330-30,BTC price up in next 15 mins?,KXBTC15M-26MAY171330,2026-05-17T17:30:00Z,active,0.87,0.89,0.11,0.13,0.88,0.85,287527.78,128464.33,50.99,124.0,2026-05-17T17:22:43.234Z,btc-updown-15m-1779038100,"Bitcoin Up or Down - May 17, 1:15PM-1:30PM ET",btc-updown-15m-1779038100,2026-05-17T17:30:00Z,,0.79,0.8,0.2,0.21,0.795,0.46,8673.031142000009,,302.21,82.88,2026-05-17T17:22:43.234Z,BRTI,77944.88,77882.98,77930.22266666667,60,Polymarket RTDS,77933.71448,77885.601995,1.1,0.93,
2026-05-17T17:22:45.723Z,2026-05-17T17:22:45.191Z,KXBTC15M-26MAY171330-30,BTC price up in next 15 mins?,KXBTC15M-26MAY171330,2026-05-17T17:30:00Z,active,0.89,0.9,0.1,0.11,0.895,0.85,287527.78,128464.33,112.27,132.96,2026-05-17T17:22:45.244Z,btc-updown-15m-1779038100,"Bitcoin Up or Down - May 17, 1:15PM-1:30PM ET",btc-updown-15m-1779038100,2026-05-17T17:30:00Z,,0.83,0.84,0.16,0.17,0.835,0.46,8673.031142000009,,254.32,225.44,2026-05-17T17:22:45.244Z,BRTI,77947.17,77882.98,77931.263,60,Polymarket RTDS,77933.71571,77885.601995,1.07,0.95,
2026-05-17T17:22:47.703Z,2026-05-17T17:22:47.208Z,KXBTC15M-26MAY171330-30,BTC price up in next 15 mins?,KXBTC15M-26MAY171330,2026-05-17T17:30:00Z,active,0.88,0.9,0.1,0.12,0.89,0.85,287527.78,128464.33,2290.17,90.96,2026-05-17T17:22:47.253Z,btc-updown-15m-1779038100,"Bitcoin Up or Down - May 17, 1:15PM-1:30PM ET",btc-updown-15m-1779038100,2026-05-17T17:30:00Z,,0.83,0.84,0.16,0.17,0.835,0.46,8673.031142000009,,224.32,225.44,2026-05-17T17:22:47.253Z,BRTI,77940.69,77882.98,77931.86150000001,60,Polymarket RTDS,77937.57611373183,77885.601995,1.07,0.96,
2026-05-17T17:22:49.706Z,2026-05-17T17:22:49.191Z,KXBTC15M-26MAY171330-30,BTC price up in next 15 mins?,KXBTC15M-26MAY171330,2026-05-17T17:30:00Z,active,0.88,0.89,0.11,0.12,0.885,0.85,287527.78,128464.33,83.0,2635.0,2026-05-17T17:22:49.237Z,btc-updown-15m-1779038100,"Bitcoin Up or Down - May 17, 1:15PM-1:30PM ET",btc-updown-15m-1779038100,2026-05-17T17:30:00Z,,0.82,0.83,0.17,0.18,0.825,0.46,8673.031142000009,,57.1,109.04,2026-05-17T17:22:49.237Z,BRTI,77944.7,77882.98,77932.511,60,Polymarket RTDS,77938.12356,77885.601995,1.07,0.95,
2026-05-17T17:22:51.897Z,2026-05-17T17:22:51.201Z,KXBTC15M-26MAY171330-30,BTC price up in next 15 mins?,KXBTC15M-26MAY171330,2026-05-17T17:30:00Z,active,0.83,0.85,0.15,0.17,0.84,0.85,287527.78,128464.33,25.0,50.0,2026-05-17T17:22:51.243Z,btc-updown-15m-1779038100,"Bitcoin Up or Down - May 17, 1:15PM-1:30PM ET",btc-updown-15m-1779038100,2026-05-17T17:30:00Z,,0.79,0.81,0.19,0.21,0.8,0.46,8673.031142000009,,28.71,20.0,2026-05-17T17:22:51.243Z,BRTI,77944.38,77882.98,77933.53633333332,60,Polymarket RTDS,77935.61839520348,77885.601995,1.06,0.9800000000000001,
2026-05-17T17:22:53.703Z,2026-05-17T17:22:53.183Z,KXBTC15M-26MAY171330-30,BTC price up in next 15 mins?,KXBTC15M-26MAY171330,2026-05-17T17:30:00Z,active,0.86,0.87,0.13,0.14,0.865,0.85,287527.78,128464.33,1061.08,10.75,2026-05-17T17:22:53.248Z,btc-updown-15m-1779038100,"Bitcoin Up or Down - May 17, 1:15PM-1:30PM ET",btc-updown-15m-1779038100,2026-05-17T17:30:00Z,,0.79,0.8,0.2,0.21,0.795,0.46,8673.031142000009,,145.72,50.12,2026-05-17T17:22:53.248Z,BRTI,77944.88,77882.98,77934.5385,60,Polymarket RTDS,77927.32718133731,77885.601995,1.08,0.9400000000000001,
2026-05-17T17:22:55.747Z,2026-05-17T17:22:55.179Z,KXBTC15M-26MAY171330-30,BTC price up in next 15 mins?,KXBTC15M-26MAY171330,2026-05-17T17:30:00Z,active,0.87,0.88,0.12,0.13,0.875,0.85,287527.78,128464.33,1111.63,174.0,2026-05-17T17:22:55.231Z,btc-updown-15m-1779038100,"Bitcoin Up or Down - May 17, 1:15PM-1:30PM ET",btc-updown-15m-1779038100,2026-05-17T17:30:00Z,,0.79,0.8,0.2,0.21,0.795,0.46,8673.031142000009,,142.2,52.54,2026-05-17T17:22:55.231Z,BRTI,77946.92,77882.98,77935.225,60,Polymarket RTDS,77927.93121352751,77885.601995,1.09,0.93,
2026-05-17T17:22:57.702Z,2026-05-17T17:22:57.198Z,KXBTC15M-26MAY171330-30,BTC price up in next 15 mins?,KXBTC15M-26MAY171330,2026-05-17T17:30:00Z,active,0.87,0.88,0.12,0.13,0.875,0.85,287527.78,128464.33,1044.88,74.88,2026-05-17T17:22:57.251Z,btc-updown-15m-1779038100,"Bitcoin Up or Down - May 17, 1:15PM-1:30PM ET",btc-updown-15m-1779038100,2026-05-17T17:30:00Z,,0.8,0.81,0.19,0.2,0.805,0.46,8673.031142000009,,99.32,2.6,2026-05-17T17:22:57.251Z,BRTI,77948.94,77882.98,77936.32633333333,60,Polymarket RTDS,77929.046315,77885.601995,1.08,0.9400000000000001,
2026-05-17T17:22:59.749Z,2026-05-17T17:22:59.202Z,KXBTC15M-26MAY171330-30,BTC price up in next 15 mins?,KXBTC15M-26MAY171330,2026-05-17T17:30:00Z,active,0.87,0.89,0.11,0.13,0.88,0.85,287527.78,128464.33,890.49,441.25,2026-05-17T17:22:59.246Z,btc-updown-15m-1779038100,"Bitcoin Up or Down - May 17, 1:15PM-1:30PM ET",btc-updown-15m-1779038100,2026-05-17T17:30:00Z,,0.81,0.82,0.18,0.19,0.815,0.46,8673.031142000009,,193.3,123.66,2026-05-17T17:22:59.246Z,BRTI,77940.69,77882.98,77936.909,60,Polymarket RTDS,77931.3499,77885.601995,1.08,0.95,
2026-05-17T17:23:01.884Z,2026-05-17T17:23:01.195Z,KXBTC15M-26MAY171330-30,BTC price up in next 15 mins?,KXBTC15M-26MAY171330,2026-05-17T17:30:00Z,active,0.88,0.89,0.11,0.12,0.885,0.85,287527.78,128464.33,24.0,255.65,2026-05-17T17:23:01.252Z,btc-updown-15m-1779038100,"Bitcoin Up or Down - May 17, 1:15PM-1:30PM ET",btc-updown-15m-1779038100,2026-05-17T17:30:00Z,,0.81,0.82,0.18,0.19,0.815,0.46,8673.031142000009,,148.67,126.27,2026-05-17T17:23:01.253Z,BRTI,77942.73,77882.98,77937.317,60,Polymarket RTDS,77931.348555,77885.601995,1.08,0.94,
2026-05-17T17:23:03.690Z,2026-05-17T17:23:03.188Z,KXBTC15M-26MAY171330-30,BTC price up in next 15 mins?,KXBTC15M-26MAY171330,2026-05-17T17:30:00Z,active,0.88,0.89,0.11,0.12,0.885,0.85,287527.78,128464.33,226.0,40.0,2026-05-17T17:23:03.244Z,btc-updown-15m-1779038100,"Bitcoin Up or Down - May 17, 1:15PM-1:30PM ET",btc-updown-15m-1779038100,2026-05-17T17:30:00Z,,0.81,0.82,0.18,0.19,0.815,0.46,8673.031142000009,,137.88,20.2,2026-05-17T17:23:03.244Z,BRTI,77946.92,77882.98,77937.80483333333,60,Polymarket RTDS,77931.47033682,77885.601995,1.08,0.94,
2026-05-17T17:23:05.768Z,2026-05-17T17:23:05.185Z,KXBTC15M-26MAY171330-30,BTC price up in next 15 mins?,KXBTC15M-26MAY171330,2026-05-17T17:30:00Z,active,0.88,0.9,0.1,0.12,0.89,0.85,287527.78,128464.33,194.49,331.0,2026-05-17T17:23:05.244Z,btc-updown-15m-1779038100,"Bitcoin Up or Down - May 17, 1:15PM-1:30PM ET",btc-updown-15m-1779038100,2026-05-17T17:30:00Z,,0.81,0.82,0.18,0.19,0.815,0.46,8673.031142000009,,292.48,5.81,2026-05-17T17:23:05.244Z,BRTI,77947.68,77882.98,77937.8515,60,Polymarket RTDS,77932.86267519991,77885.601995,1.09,0.94,
2026-05-17T17:23:07.709Z,2026-05-17T17:23:07.199Z,KXBTC15M-26MAY171330-30,BTC price up in next 15 mins?,KXBTC15M-26MAY171330,2026-05-17T17:30:00Z,active,0.88,0.89,0.11,0.12,0.885,0.85,287527.78,128464.33,45.76,150.0,2026-05-17T17:23:07.253Z,btc-updown-15m-1779038100,"Bitcoin Up or Down - May 17, 1:15PM-1:30PM ET",btc-updown-15m-1779038100,2026-05-17T17:30:00Z,,0.82,0.83,0.17,0.18,0.825,0.46,8673.031142000009,,62.37,160.14,2026-05-17T17:23:07.253Z,BRTI,77940.69,77882.98,77938.0015,60,Polymarket RTDS,77933.14907254808,77885.601995,1.07,0.95,
2026-05-17T17:23:09.683Z,2026-05-17T17:23:09.185Z,KXBTC15M-26MAY171330-30,BTC price up in next 15 mins?,KXBTC15M-26MAY171330,2026-05-17T17:30:00Z,active,0.88,0.9,0.1,0.12,0.89,0.85,287527.78,128464.33,52.51,2869.0,2026-05-17T17:23:09.234Z,btc-updown-15m-1779038100,"Bitcoin Up or Down - May 17, 1:15PM-1:30PM ET",btc-updown-15m-1779038100,2026-05-17T17:30:00Z,,0.82,0.83,0.17,0.18,0.825,0.46,8673.031142000009,,78.68,164.57,2026-05-17T17:23:09.234Z,BRTI,77947.17,77882.98,77938.49350000001,60,Polymarket RTDS,77933.11030626956,77885.601995,1.08,0.95,
2026-05-17T17:23:11.966Z,2026-05-17T17:23:11.202Z,KXBTC15M-26MAY171330-30,BTC price up in next 15 mins?,KXBTC15M-26MAY171330,2026-05-17T17:30:00Z,active,0.88,0.89,0.11,0.12,0.885,0.88,298312.71,132275.40,178.74,60.0,2026-05-17T17:23:11.250Z,btc-updown-15m-1779038100,"Bitcoin Up or Down - May 17, 1:15PM-1:30PM ET",btc-updown-15m-1779038100,2026-05-17T17:30:00Z,,0.82,0.83,0.17,0.18,0.825,0.46,8673.031142000009,,113.32,81.96,2026-05-17T17:23:11.250Z,BRTI,77944.38,77882.98,77938.74383333333,60,Polymarket RTDS,77933.1195563996,77885.601995,1.07,0.95,
2026-05-17T17:23:13.714Z,2026-05-17T17:23:13.202Z,KXBTC15M-26MAY171330-30,BTC price up in next 15 mins?,KXBTC15M-26MAY171330,2026-05-17T17:30:00Z,active,0.88,0.9,0.1,0.12,0.89,0.88,298312.71,132275.40,184.38,1538.0,2026-05-17T17:23:13.246Z,btc-updown-15m-1779038100,"Bitcoin Up or Down - May 17, 1:15PM-1:30PM ET",btc-updown-15m-1779038100,2026-05-17T17:30:00Z,,0.82,0.83,0.17,0.18,0.825,0.46,8673.031142000009,,128.82,81.96,2026-05-17T17:23:13.247Z,BRTI,77946.92,77882.98,77938.77783333333,60,Polymarket RTDS,77933.11876082698,77885.601995,1.08,0.95,
2026-05-17T17:23:15.729Z,2026-05-17T17:23:15.186Z,KXBTC15M-26MAY171330-30,BTC price up in next 15 mins?,KXBTC15M-26MAY171330,2026-05-17T17:30:00Z,active,0.87,0.88,0.12,0.13,0.875,0.88,298312.71,132275.40,3633.52,97.0,2026-05-17T17:23:15.236Z,btc-updown-15m-1779038100,"Bitcoin Up or Down - May 17, 1:15PM-1:30PM ET",btc-updown-15m-1779038100,2026-05-17T17:30:00Z,,0.82,0.83,0.17,0.18,0.825,0.46,8673.031142000009,,128.82,81.96,2026-05-17T17:23:15.236Z,BRTI,77948.94,77882.98,77938.88133333334,60,Polymarket RTDS,77933.0449515363,77885.601995,1.06,0.96,
2026-05-17T17:23:17.698Z,2026-05-17T17:23:17.202Z,KXBTC15M-26MAY171330-30,BTC price up in next 15 mins?,KXBTC15M-26MAY171330,2026-05-17T17:30:00Z,active,0.87,0.88,0.12,0.13,0.875,0.88,298312.71,132275.40,3475.75,121.0,2026-05-17T17:23:17.258Z,btc-updown-15m-1779038100,"Bitcoin Up or Down - May 17, 1:15PM-1:30PM ET",btc-updown-15m-1779038100,2026-05-17T17:30:00Z,,0.82,0.83,0.17,0.18,0.825,0.46,8673.031142000009,,118.82,57.11,2026-05-17T17:23:17.258Z,BRTI,77947.17,77882.98,77939.572,60,Polymarket RTDS,77933.04019579104,77885.601995,1.06,0.96,
2026-05-17T17:23:19.684Z,2026-05-17T17:23:19.191Z,KXBTC15M-26MAY171330-30,BTC price up in next 15 mins?,KXBTC15M-26MAY171330,2026-05-17T17:30:00Z,active,0.88,0.89,0.11,0.12,0.885,0.88,298312.71,132275.40,1079.47,440.0,2026-05-17T17:23:19.239Z,btc-updown-15m-1779038100,"Bitcoin Up or Down - May 17, 1:15PM-1:30PM ET",btc-updown-15m-1779038100,2026-05-17T17:30:00Z,,0.82,0.83,0.17,0.18,0.825,0.46,8673.031142000009,,118.82,57.11,2026-05-17T17:23:19.239Z,BRTI,77943.27,77882.98,77940.01666666666,60,Polymarket RTDS,77932.93133405028,77885.601995,1.07,0.95,
2026-05-17T17:23:21.734Z,2026-05-17T17:23:21.198Z,KXBTC15M-26MAY171330-30,BTC price up in next 15 mins?,KXBTC15M-26MAY171330,2026-05-17T17:30:00Z,active,0.88,0.89,0.11,0.12,0.885,0.88,298312.71,132275.40,954.96,431.0,2026-05-17T17:23:21.246Z,btc-updown-15m-1779038100,"Bitcoin Up or Down - May 17, 1:15PM-1:30PM ET",btc-updown-15m-1779038100,2026-05-17T17:30:00Z,,0.82,0.83,0.17,0.18,0.825,0.46,8673.031142000009,,118.82,35.9,2026-05-17T17:23:21.246Z,BRTI,77944.7,77882.98,77940.27233333333,60,Polymarket RTDS,77932.9286997885,77885.601995,1.07,0.95,
2026-05-17T17:23:23.741Z,2026-05-17T17:23:23.192Z,KXBTC15M-26MAY171330-30,BTC price up in next 15 mins?,KXBTC15M-26MAY171330,2026-05-17T17:30:00Z,active,0.88,0.89,0.11,0.12,0.885,0.88,298312.71,132275.40,814.34,374.0,2026-05-17T17:23:23.294Z,btc-updown-15m-1779038100,"Bitcoin Up or Down - May 17, 1:15PM-1:30PM ET",btc-updown-15m-1779038100,2026-05-17T17:30:00Z,,0.82,0.83,0.17,0.18,0.825,0.46,8673.031142000009,,144.13,35.9,2026-05-17T17:23:23.294Z,BRTI,77943.27,77882.98,77940.2455,60,Polymarket RTDS,77932.729715,77885.601995,1.07,0.95,
2026-05-17T17:23:25.724Z,2026-05-17T17:23:25.200Z,KXBTC15M-26MAY171330-30,BTC price up in next 15 mins?,KXBTC15M-26MAY171330,2026-05-17T17:30:00Z,active,0.88,0.89,0.11,0.12,0.885,0.88,298312.71,132275.40,684.42,233.69,2026-05-17T17:23:25.252Z,btc-updown-15m-1779038100,"Bitcoin Up or Down - May 17, 1:15PM-1:30PM ET",btc-updown-15m-1779038100,2026-05-17T17:30:00Z,,0.82,0.83,0.17,0.18,0.825,0.46,8673.031142000009,,149.13,26.18,2026-05-17T17:23:25.252Z,BRTI,77944.38,77882.98,77940.273,60,Polymarket RTDS,77932.78719,77885.601995,1.07,0.95,
2026-05-17T17:23:27.771Z,2026-05-17T17:23:27.191Z,KXBTC15M-26MAY171330-30,BTC price up in next 15 mins?,KXBTC15M-26MAY171330,2026-05-17T17:30:00Z,active,0.907,0.909,0.091,0.093,0.908,0.88,298312.71,132275.40,179.0,66.0,2026-05-17T17:23:27.248Z,btc-updown-15m-1779038100,"Bitcoin Up or Down - May 17, 1:15PM-1:30PM ET",btc-updown-15m-1779038100,2026-05-17T17:30:00Z,,0.83,0.84,0.16,0.17,0.835,0.46,8673.031142000009,,10.0,83.51,2026-05-17T17:23:27.248Z,BRTI,77946.92,77882.98,77940.307,60,Polymarket RTDS,77933.87099,77885.601995,1.079,0.9329999999999999,
2026-05-17T17:23:29.882Z,2026-05-17T17:23:29.196Z,KXBTC15M-26MAY171330-30,BTC price up in next 15 mins?,KXBTC15M-26MAY171330,2026-05-17T17:30:00Z,active,0.909,0.91,0.09,0.091,0.9095,0.88,298312.71,132275.40,2.1,246.0,2026-05-17T17:23:29.250Z,btc-updown-15m-1779038100,"Bitcoin Up or Down - May 17, 1:15PM-1:30PM ET",btc-updown-15m-1779038100,2026-05-17T17:30:00Z,,0.83,0.84,0.16,0.17,0.835,0.46,8673.031142000009,,271.51,70.47,2026-05-17T17:23:29.250Z,BRTI,77942.71,77882.98,77940.74233333333,60,Polymarket RTDS,77939.09389977861,77885.601995,1.08,0.9309999999999999,
2026-05-17T17:23:31.708Z,2026-05-17T17:23:31.188Z,KXBTC15M-26MAY171330-30,BTC price up in next 15 mins?,KXBTC15M-26MAY171330,2026-05-17T17:30:00Z,active,0.918,0.92,0.08,0.082,0.919,0.88,298312.71,132275.40,78.17,77.47,2026-05-17T17:23:31.241Z,btc-updown-15m-1779038100,"Bitcoin Up or Down - May 17, 1:15PM-1:30PM ET",btc-updown-15m-1779038100,2026-05-17T17:30:00Z,,0.83,0.84,0.16,0.17,0.835,0.46,8673.031142000009,,442.12,31.47,2026-05-17T17:23:31.241Z,BRTI,77943.27,77882.98,77941.368,60,Polymarket RTDS,77941.06855026864,77885.601995,1.09,0.9219999999999999,
2026-05-17T17:23:33.707Z,2026-05-17T17:23:33.194Z,KXBTC15M-26MAY171330-30,BTC price up in next 15 mins?,KXBTC15M-26MAY171330,2026-05-17T17:30:00Z,active,0.925,0.936,0.064,0.075,0.9305000000000001,0.88,298312.71,132275.40,86.46,241.0,2026-05-17T17:23:33.247Z,btc-updown-15m-1779038100,"Bitcoin Up or Down - May 17, 1:15PM-1:30PM ET",btc-updown-15m-1779038100,2026-05-17T17:30:00Z,,0.88,0.89,0.11,0.12,0.885,0.46,8673.031142000009,,293.49,68.98,2026-05-17T17:23:33.247Z,BRTI,77944.38,77882.98,77941.61833333333,60,Polymarket RTDS,77945.85367430907,77885.601995,1.056,0.965,
2026-05-17T17:23:35.718Z,2026-05-17T17:23:35.208Z,KXBTC15M-26MAY171330-30,BTC price up in next 15 mins?,KXBTC15M-26MAY171330,2026-05-17T17:30:00Z,active,0.928,0.937,0.063,0.072,0.9325000000000001,0.88,298312.71,132275.40,123.0,90.74,2026-05-17T17:23:35.256Z,btc-updown-15m-1779038100,"Bitcoin Up or Down - May 17, 1:15PM-1:30PM ET",btc-updown-15m-1779038100,2026-05-17T17:30:00Z,,0.88,0.89,0.11,0.12,0.885,0.46,8673.031142000009,,376.17,40.13,2026-05-17T17:23:35.256Z,BRTI,77944.38,77882.98,77941.64583333333,60,Polymarket RTDS,77948.4429510203,77885.601995,1.057,0.962,
2026-05-17T17:23:37.728Z,2026-05-17T17:23:37.198Z,KXBTC15M-26MAY171330-30,BTC price up in next 15 mins?,KXBTC15M-26MAY171330,2026-05-17T17:30:00Z,active,0.931,0.939,0.061,0.069,0.935,0.88,298312.71,132275.40,70.32,75.0,2026-05-17T17:23:37.250Z,btc-updown-15m-1779038100,"Bitcoin Up or Down - May 17, 1:15PM-1:30PM ET",btc-updown-15m-1779038100,2026-05-17T17:30:00Z,,0.88,0.89,0.11,0.12,0.885,0.46,8673.031142000009,,256.22,0.13,2026-05-17T17:23:37.250Z,BRTI,77948.94,77882.98,77941.7135,60,Polymarket RTDS,77949.20587649258,77885.601995,1.059,0.9590000000000001,
2026-05-17T17:23:39.778Z,2026-05-17T17:23:39.213Z,KXBTC15M-26MAY171330-30,BTC price up in next 15 mins?,KXBTC15M-26MAY171330,2026-05-17T17:30:00Z,active,0.933,0.94,0.06,0.067,0.9365,0.88,298312.71,132275.40,2.15,233.0,2026-05-17T17:23:39.266Z,btc-updown-15m-1779038100,"Bitcoin Up or Down - May 17, 1:15PM-1:30PM ET",btc-updown-15m-1779038100,2026-05-17T17:30:00Z,,0.89,0.9,0.1,0.11,0.895,0.46,8673.031142000009,,212.72,36.03,2026-05-17T17:23:39.266Z,BRTI,77944.38,77882.98,77941.925,60,Polymarket RTDS,77949.95161078109,77885.601995,1.05,0.9670000000000001,
2026-05-17T17:23:41.745Z,2026-05-17T17:23:41.190Z,KXBTC15M-26MAY171330-30,BTC price up in next 15 mins?,KXBTC15M-26MAY171330,2026-05-17T17:30:00Z,active,0.939,0.942,0.058,0.061,0.9404999999999999,0.931,304724.70,132932.57,445.74,93.0,2026-05-17T17:23:41.234Z,btc-updown-15m-1779038100,"Bitcoin Up or Down - May 17, 1:15PM-1:30PM ET",btc-updown-15m-1779038100,2026-05-17T17:30:00Z,,0.93,0.94,0.06,0.07,0.935,0.46,8673.031142000009,,138.99,565.63,2026-05-17T17:23:41.234Z,BRTI,77943.27,77882.98,77941.89816666667,60,Polymarket RTDS,77950.138745,77885.601995,1.012,1.001,
2026-05-17T17:23:43.727Z,2026-05-17T17:23:43.195Z,KXBTC15M-26MAY171330-30,BTC price up in next 15 mins?,KXBTC15M-26MAY171330,2026-05-17T17:30:00Z,active,0.942,0.947,0.053,0.058,0.9444999999999999,0.931,304724.70,132932.57,24.58,75.0,2026-05-17T17:23:43.243Z,btc-updown-15m-1779038100,"Bitcoin Up or Down - May 17, 1:15PM-1:30PM ET",btc-updown-15m-1779038100,2026-05-17T17:30:00Z,,0.93,0.94,0.06,0.07,0.935,0.46,8673.031142000009,,3657.61,443.48,2026-05-17T17:23:43.243Z,BRTI,77940.69,77882.98,77942.48083333332,60,Polymarket RTDS,77950.248805,77885.601995,1.017,0.998,
2026-05-17T17:23:45.727Z,2026-05-17T17:23:45.210Z,KXBTC15M-26MAY171330-30,BTC price up in next 15 mins?,KXBTC15M-26MAY171330,2026-05-17T17:30:00Z,active,0.939,0.947,0.053,0.061,0.943,0.931,304724.70,132932.57,428.19,75.0,2026-05-17T17:23:45.266Z,btc-updown-15m-1779038100,"Bitcoin Up or Down - May 17, 1:15PM-1:30PM ET",btc-updown-15m-1779038100,2026-05-17T17:30:00Z,,0.93,0.94,0.06,0.07,0.935,0.46,8673.031142000009,,3549.38,481.48,2026-05-17T17:23:45.266Z,BRTI,77950.38,77882.98,77943.01633333335,60,Polymarket RTDS,77950.316815,77885.601995,1.017,1.001,
2026-05-17T17:23:47.684Z,2026-05-17T17:23:47.203Z,KXBTC15M-26MAY171330-30,BTC price up in next 15 mins?,KXBTC15M-26MAY171330,2026-05-17T17:30:00Z,active,0.936,0.942,0.058,0.064,0.9390000000000001,0.931,304724.70,132932.57,16.0,11.16,2026-05-17T17:23:47.251Z,btc-updown-15m-1779038100,"Bitcoin Up or Down - May 17, 1:15PM-1:30PM ET",btc-updown-15m-1779038100,2026-05-17T17:30:00Z,,0.93,0.94,0.06,0.07,0.935,0.46,8673.031142000009,,3540.14,286.64,2026-05-17T17:23:47.251Z,BRTI,77947.68,77882.98,77943.09883333332,60,Polymarket RTDS,77950.540315,77885.601995,1.012,1.004,
2026-05-17T17:23:49.702Z,2026-05-17T17:23:49.206Z,KXBTC15M-26MAY171330-30,BTC price up in next 15 mins?,KXBTC15M-26MAY171330,2026-05-17T17:30:00Z,active,0.942,0.947,0.053,0.058,0.9444999999999999,0.931,304724.70,132932.57,9.0,16.0,2026-05-17T17:23:49.262Z,btc-updown-15m-1779038100,"Bitcoin Up or Down - May 17, 1:15PM-1:30PM ET",btc-updown-15m-1779038100,2026-05-17T17:30:00Z,,0.93,0.94,0.06,0.07,0.935,0.46,8673.031142000009,,3701.08,286.64,2026-05-17T17:23:49.262Z,BRTI,77950.38,77882.98,77943.41033333333,60,Polymarket RTDS,77951.6618376504,77885.601995,1.017,0.998,
2026-05-17T17:23:51.723Z,2026-05-17T17:23:51.197Z,KXBTC15M-26MAY171330-30,BTC price up in next 15 mins?,KXBTC15M-26MAY171330,2026-05-17T17:30:00Z,active,0.935,0.942,0.058,0.065,0.9385,0.931,304724.70,132932.57,75.0,29.75,2026-05-17T17:23:51.247Z,btc-updown-15m-1779038100,"Bitcoin Up or Down - May 17, 1:15PM-1:30PM ET",btc-updown-15m-1779038100,2026-05-17T17:30:00Z,,0.93,0.94,0.06,0.07,0.935,0.46,8673.031142000009,,3729.88,48.64,2026-05-17T17:23:51.247Z,BRTI,77943.27,77882.98,77943.38650000001,60,Polymarket RTDS,77952.42395681176,77885.601995,1.012,1.005,
2026-05-17T17:23:53.717Z,2026-05-17T17:23:53.199Z,KXBTC15M-26MAY171330-30,BTC price up in next 15 mins?,KXBTC15M-26MAY171330,2026-05-17T17:30:00Z,active,0.912,0.924,0.076,0.088,0.918,0.931,304724.70,132932.57,75.0,37.42,2026-05-17T17:23:53.248Z,btc-updown-15m-1779038100,"Bitcoin Up or Down - May 17, 1:15PM-1:30PM ET",btc-updown-15m-1779038100,2026-05-17T17:30:00Z,,0.93,0.94,0.06,0.07,0.935,0.46,8673.031142000009,,3699.88,40.64,2026-05-17T17:23:53.248Z,BRTI,77950.38,77882.98,77943.922,60,Polymarket RTDS,77952.7695976849,77885.601995,0.994,1.028,
2026-05-17T17:23:55.679Z,2026-05-17T17:23:55.195Z,KXBTC15M-26MAY171330-30,BTC price up in next 15 mins?,KXBTC15M-26MAY171330,2026-05-17T17:30:00Z,active,0.917,0.921,0.079,0.083,0.919,0.931,304724.70,132932.57,101.76,86.99,2026-05-17T17:23:55.239Z,btc-updown-15m-1779038100,"Bitcoin Up or Down - May 17, 1:15PM-1:30PM ET",btc-updown-15m-1779038100,2026-05-17T17:30:00Z,,0.93,0.94,0.06,0.07,0.935,0.46,8673.031142000009,,54.07,241.8,2026-05-17T17:23:55.239Z,BRTI,77947.68,77882.98,77944.4125,60,Polymarket RTDS,77952.862515,77885.601995,0.9910000000000001,1.023,
2026-05-17T17:23:57.698Z,2026-05-17T17:23:57.195Z,KXBTC15M-26MAY171330-30,BTC price up in next 15 mins?,KXBTC15M-26MAY171330,2026-05-17T17:30:00Z,active,0.917,0.924,0.076,0.083,0.9205000000000001,0.931,304724.70,132932.57,88.0,37.42,2026-05-17T17:23:57.245Z,btc-updown-15m-1779038100,"Bitcoin Up or Down - May 17, 1:15PM-1:30PM ET",btc-updown-15m-1779038100,2026-05-17T17:30:00Z,,0.93,0.94,0.06,0.07,0.935,0.46,8673.031142000009,,54.11,93.0,2026-05-17T17:23:57.245Z,BRTI,77940.69,77882.98,77944.5625,60,Polymarket RTDS,77952.88130638274,77885.601995,0.994,1.023,
2026-05-17T17:23:59.815Z,2026-05-17T17:23:59.191Z,KXBTC15M-26MAY171330-30,BTC price up in next 15 mins?,KXBTC15M-26MAY171330,2026-05-17T17:30:00Z,active,0.915,0.917,0.083,0.085,0.916,0.931,304724.70,132932.57,108.0,24.19,2026-05-17T17:23:59.243Z,btc-updown-15m-1779038100,"Bitcoin Up or Down - May 17, 1:15PM-1:30PM ET",btc-updown-15m-1779038100,2026-05-17T17:30:00Z,,0.92,0.93,0.07,0.08,0.925,0.46,8673.031142000009,,323.84,59.99,2026-05-17T17:23:59.243Z,BRTI,77961.7,77882.98,77945.28666666667,60,Polymarket RTDS,77951.97991802843,77885.601995,0.997,1.0150000000000001,
2026-05-17T17:24:01.908Z,2026-05-17T17:24:01.222Z,KXBTC15M-26MAY171330-30,BTC price up in next 15 mins?,KXBTC15M-26MAY171330,2026-05-17T17:30:00Z,active,0.927,0.934,0.066,0.073,0.9305000000000001,0.931,304724.70,132932.57,125.0,148.0,2026-05-17T17:24:01.295Z,btc-updown-15m-1779038100,"Bitcoin Up or Down - May 17, 1:15PM-1:30PM ET",btc-updown-15m-1779038100,2026-05-17T17:30:00Z,,0.92,0.93,0.07,0.08,0.925,0.46,8673.031142000009,,336.34,20.0,2026-05-17T17:24:01.295Z,BRTI,77943.27,77882.98,77945.47966666667,60,Polymarket RTDS,77952.75090091671,77885.601995,1.014,1.0030000000000001,
2026-05-17T17:24:03.754Z,2026-05-17T17:24:03.212Z,KXBTC15M-26MAY171330-30,BTC price up in next 15 mins?,KXBTC15M-26MAY171330,2026-05-17T17:30:00Z,active,0.929,0.937,0.063,0.071,0.933,0.931,304724.70,132932.57,43.0,125.0,2026-05-17T17:24:03.267Z,btc-updown-15m-1779038100,"Bitcoin Up or Down - May 17, 1:15PM-1:30PM ET",btc-updown-15m-1779038100,2026-05-17T17:30:00Z,,0.92,0.93,0.07,0.08,0.925,0.46,8673.031142000009,,360.43,19.76,2026-05-17T17:24:03.267Z,BRTI,77943.27,77882.98,77945.45283333333,60,Polymarket RTDS,77950.7515470667,77885.601995,1.0170000000000001,1.0010000000000001,
2026-05-17T17:24:05.704Z,2026-05-17T17:24:05.199Z,KXBTC15M-26MAY171330-30,BTC price up in next 15 mins?,KXBTC15M-26MAY171330,2026-05-17T17:30:00Z,active,0.931,0.937,0.063,0.069,0.934,0.931,304724.70,132932.57,4.0,120.82,2026-05-17T17:24:05.255Z,btc-updown-15m-1779038100,"Bitcoin Up or Down - May 17, 1:15PM-1:30PM ET",btc-updown-15m-1779038100,2026-05-17T17:30:00Z,,0.92,0.93,0.07,0.08,0.925,0.46,8673.031142000009,,365.43,8.53,2026-05-17T17:24:05.255Z,BRTI,77940.69,77882.98,77945.60283333334,60,Polymarket RTDS,77952.92578478246,77885.601995,1.0170000000000001,0.9990000000000001,
2026-05-17T17:24:07.708Z,2026-05-17T17:24:07.212Z,KXBTC15M-26MAY171330-30,BTC price up in next 15 mins?,KXBTC15M-26MAY171330,2026-05-17T17:30:00Z,active,0.932,0.937,0.063,0.068,0.9345000000000001,0.931,304724.70,132932.57,312.43,42.0,2026-05-17T17:24:07.271Z,btc-updown-15m-1779038100,"Bitcoin Up or Down - May 17, 1:15PM-1:30PM ET",btc-updown-15m-1779038100,2026-05-17T17:30:00Z,,0.93,0.94,0.06,0.07,0.935,0.46,8673.031142000009,,63.0,96.5,2026-05-17T17:24:07.271Z,BRTI,77960.61,77882.98,77945.90083333333,60,Polymarket RTDS,77952.25899314047,77885.601995,1.0070000000000001,1.008,
2026-05-17T17:24:09.731Z,2026-05-17T17:24:09.200Z,KXBTC15M-26MAY171330-30,BTC price up in next 15 mins?,KXBTC15M-26MAY171330,2026-05-17T17:30:00Z,active,0.932,0.94,0.06,0.068,0.9359999999999999,0.931,304724.70,132932.57,245.8,588.48,2026-05-17T17:24:09.253Z,btc-updown-15m-1779038100,"Bitcoin Up or Down - May 17, 1:15PM-1:30PM ET",btc-updown-15m-1779038100,2026-05-17T17:30:00Z,,0.93,0.94,0.06,0.07,0.935,0.46,8673.031142000009,,118.81,141.5,2026-05-17T17:24:09.253Z,BRTI,77959.99,77882.98,77946.08499999999,60,Polymarket RTDS,77952.71985065137,77885.601995,1.01,1.008,
2026-05-17T17:24:11.692Z,2026-05-17T17:24:11.212Z,KXBTC15M-26MAY171330-30,BTC price up in next 15 mins?,KXBTC15M-26MAY171330,2026-05-17T17:30:00Z,active,0.931,0.94,0.06,0.069,0.9355,0.931,315709.13,132484.35,91.0,663.48,2026-05-17T17:24:11.259Z,btc-updown-15m-1779038100,"Bitcoin Up or Down - May 17, 1:15PM-1:30PM ET",btc-updown-15m-1779038100,2026-05-17T17:30:00Z,,0.93,0.94,0.06,0.07,0.935,0.46,8673.031142000009,,145.95,100.41,2026-05-17T17:24:11.259Z,BRTI,77942.71,77882.98,77946.01483333333,60,Polymarket RTDS,77952.82754275462,77885.601995,1.01,1.009,
2026-05-17T17:24:13.732Z,2026-05-17T17:24:13.202Z,KXBTC15M-26MAY171330-30,BTC price up in next 15 mins?,KXBTC15M-26MAY171330,2026-05-17T17:30:00Z,active,0.929,0.939,0.061,0.071,0.9339999999999999,0.931,315709.13,132484.35,97.0,75.0,2026-05-17T17:24:13.256Z,btc-updown-15m-1779038100,"Bitcoin Up or Down - May 17, 1:15PM-1:30PM ET",btc-updown-15m-1779038100,2026-05-17T17:30:00Z,,0.93,0.94,0.06,0.07,0.935,0.46,8673.031142000009,,185.95,100.41,2026-05-17T17:24:13.256Z,BRTI,77959.99,77882.98,77946.175,60,Polymarket RTDS,77953.09270976456,77885.601995,1.009,1.011,
2026-05-17T17:24:16.411Z,2026-05-17T17:24:15.201Z,KXBTC15M-26MAY171330-30,BTC price up in next 15 mins?,KXBTC15M-26MAY171330,2026-05-17T17:30:00Z,active,0.931,0.937,0.063,0.069,0.934,0.931,315709.13,132484.35,1111.0,71.0,2026-05-17T17:24:15.252Z,btc-updown-15m-1779038100,"Bitcoin Up or Down - May 17, 1:15PM-1:30PM ET",btc-updown-15m-1779038100,2026-05-17T17:30:00Z,,0.93,0.94,0.06,0.07,0.935,0.46,8673.031142000009,,147.03,244.54,2026-05-17T17:24:15.252Z,BRTI,77961.63,77882.98,77946.4075,60,Polymarket RTDS,77952.01373035286,77885.601995,1.0070000000000001,1.009,
2026-05-17T17:24:17.730Z,2026-05-17T17:24:17.218Z,KXBTC15M-26MAY171330-30,BTC price up in next 15 mins?,KXBTC15M-26MAY171330,2026-05-17T17:30:00Z,active,0.917,0.918,0.082,0.083,0.9175,0.931,315709.13,132484.35,3176.2,227.2,2026-05-17T17:24:17.266Z,btc-updown-15m-1779038100,"Bitcoin Up or Down - May 17, 1:15PM-1:30PM ET",btc-updown-15m-1779038100,2026-05-17T17:30:00Z,,0.92,0.93,0.07,0.08,0.925,0.46,8673.031142000009,,9.76,38.0,2026-05-17T17:24:17.266Z,BRTI,77961.53,77882.98,77946.63833333334,60,Polymarket RTDS,77952.01373035286,77885.601995,0.998,1.0130000000000001,
2026-05-17T17:24:19.711Z,2026-05-17T17:24:19.194Z,KXBTC15M-26MAY171330-30,BTC price up in next 15 mins?,KXBTC15M-26MAY171330,2026-05-17T17:30:00Z,active,0.917,0.918,0.082,0.083,0.9175,0.931,315709.13,132484.35,3143.16,141.63,2026-05-17T17:24:19.240Z,btc-updown-15m-1779038100,"Bitcoin Up or Down - May 17, 1:15PM-1:30PM ET",btc-updown-15m-1779038100,2026-05-17T17:30:00Z,,0.91,0.92,0.08,0.09,0.915,0.46,8673.031142000009,,66.79,199.72,2026-05-17T17:24:19.240Z,BRTI,77959.99,77882.98,77946.926,60,Polymarket RTDS,77941.69072307434,77885.601995,1.008,1.0030000000000001,
2026-05-17T17:24:21.843Z,2026-05-17T17:24:21.198Z,KXBTC15M-26MAY171330-30,BTC price up in next 15 mins?,KXBTC15M-26MAY171330,2026-05-17T17:30:00Z,active,0.917,0.918,0.082,0.083,0.9175,0.931,315709.13,132484.35,3081.16,101.58,2026-05-17T17:24:21.247Z,btc-updown-15m-1779038100,"Bitcoin Up or Down - May 17, 1:15PM-1:30PM ET",btc-updown-15m-1779038100,2026-05-17T17:30:00Z,,0.91,0.92,0.08,0.09,0.915,0.46,8673.031142000009,,75.46,465.29,2026-05-17T17:24:21.247Z,BRTI,77940.69,77882.98,77946.85616666666,60,Polymarket RTDS,77938.81323,77885.601995,1.008,1.0030000000000001,
2026-05-17T17:24:23.696Z,2026-05-17T17:24:23.201Z,KXBTC15M-26MAY171330-30,BTC price up in next 15 mins?,KXBTC15M-26MAY171330,2026-05-17T17:30:00Z,active,0.918,0.921,0.079,0.082,0.9195,0.931,315709.13,132484.35,402.47,38.0,2026-05-17T17:24:23.248Z,btc-updown-15m-1779038100,"Bitcoin Up or Down - May 17, 1:15PM-1:30PM ET",btc-updown-15m-1779038100,2026-05-17T17:30:00Z,,0.91,0.92,0.08,0.09,0.915,0.46,8673.031142000009,,80.46,381.42,2026-05-17T17:24:23.248Z,BRTI,77960.7,77882.98,77947.12816666668,60,Polymarket RTDS,77938.56226,77885.601995,1.0110000000000001,1.002,
2026-05-17T17:24:25.749Z,2026-05-17T17:24:25.194Z,KXBTC15M-26MAY171330-30,BTC price up in next 15 mins?,KXBTC15M-26MAY171330,2026-05-17T17:30:00Z,active,0.919,0.921,0.079,0.081,0.92,0.931,315709.13,132484.35,90.0,10.0,2026-05-17T17:24:25.242Z,btc-updown-15m-1779038100,"Bitcoin Up or Down - May 17, 1:15PM-1:30PM ET",btc-updown-15m-1779038100,2026-05-17T17:30:00Z,,0.91,0.92,0.08,0.09,0.915,0.46,8673.031142000009,,80.46,392.99,2026-05-17T17:24:25.242Z,BRTI,77961.53,77882.98,77947.40566666666,60,Polymarket RTDS,77938.608145,77885.601995,1.0110000000000001,1.0010000000000001,
2026-05-17T17:24:27.718Z,2026-05-17T17:24:27.194Z,KXBTC15M-26MAY171330-30,BTC price up in next 15 mins?,KXBTC15M-26MAY171330,2026-05-17T17:30:00Z,active,0.919,0.926,0.074,0.081,0.9225000000000001,0.931,315709.13,132484.35,57.13,41.0,2026-05-17T17:24:27.243Z,btc-updown-15m-1779038100,"Bitcoin Up or Down - May 17, 1:15PM-1:30PM ET",btc-updown-15m-1779038100,2026-05-17T17:30:00Z,,0.91,0.92,0.08,0.09,0.915,0.46,8673.031142000009,,53.23,355.58,2026-05-17T17:24:27.244Z,BRTI,77961.53,77882.98,77947.645,60,Polymarket RTDS,77938.6137,77885.601995,1.016,1.0010000000000001,
2026-05-17T17:24:29.751Z,2026-05-17T17:24:29.194Z,KXBTC15M-26MAY171330-30,BTC price up in next 15 mins?,KXBTC15M-26MAY171330,2026-05-17T17:30:00Z,active,0.919,0.927,0.073,0.081,0.923,0.931,315709.13,132484.35,200.0,40.0,2026-05-17T17:24:29.242Z,btc-updown-15m-1779038100,"Bitcoin Up or Down - May 17, 1:15PM-1:30PM ET",btc-updown-15m-1779038100,2026-05-17T17:30:00Z,,0.91,0.92,0.08,0.09,0.915,0.46,8673.031142000009,,53.23,320.19,2026-05-17T17:24:29.242Z,BRTI,77945.72,77882.98,77947.625,60,Polymarket RTDS,77938.8076,77885.601995,1.0170000000000001,1.0010000000000001,
2026-05-17T17:24:31.698Z,2026-05-17T17:24:31.204Z,KXBTC15M-26MAY171330-30,BTC price up in next 15 mins?,KXBTC15M-26MAY171330,2026-05-17T17:30:00Z,active,0.92,0.927,0.073,0.08,0.9235,0.931,315709.13,132484.35,14.0,102.72,2026-05-17T17:24:31.253Z,btc-updown-15m-1779038100,"Bitcoin Up or Down - May 17, 1:15PM-1:30PM ET",btc-updown-15m-1779038100,2026-05-17T17:30:00Z,,0.91,0.92,0.08,0.09,0.915,0.46,8673.031142000009,,58.23,302.68,2026-05-17T17:24:31.253Z,BRTI,77960.04,77882.98,77947.886,60,Polymarket RTDS,77938.815275,77885.601995,1.0170000000000001,1.0,
2026-05-17T17:24:33.782Z,2026-05-17T17:24:33.208Z,KXBTC15M-26MAY171330-30,BTC price up in next 15 mins?,KXBTC15M-26MAY171330,2026-05-17T17:30:00Z,active,0.939,0.94,0.06,0.061,0.9395,0.931,315709.13,132484.35,143.0,608.48,2026-05-17T17:24:33.252Z,btc-updown-15m-1779038100,"Bitcoin Up or Down - May 17, 1:15PM-1:30PM ET",btc-updown-15m-1779038100,2026-05-17T17:30:00Z,,0.91,0.92,0.08,0.09,0.915,0.46,8673.031142000009,,153.84,63.34,2026-05-17T17:24:33.252Z,BRTI,77961.53,77882.98,77948.23333333334,60,Polymarket RTDS,77938.733185,77885.601995,1.03,0.9810000000000001,
2026-05-17T17:24:35.680Z,2026-05-17T17:24:35.191Z,KXBTC15M-26MAY171330-30,BTC price up in next 15 mins?,KXBTC15M-26MAY171330,2026-05-17T17:30:00Z,active,0.939,0.94,0.06,0.061,0.9395,0.931,315709.13,132484.35,66.25,497.36,2026-05-17T17:24:35.242Z,btc-updown-15m-1779038100,"Bitcoin Up or Down - May 17, 1:15PM-1:30PM ET",btc-updown-15m-1779038100,2026-05-17T17:30:00Z,,0.92,0.93,0.07,0.08,0.925,0.46,8673.031142000009,,134.24,5.18,2026-05-17T17:24:35.242Z,BRTI,77943.27,77882.98,77948.16833333332,60,Polymarket RTDS,77942.541845,77885.601995,1.02,0.9910000000000001,
2026-05-17T17:24:37.733Z,2026-05-17T17:24:37.195Z,KXBTC15M-26MAY171330-30,BTC price up in next 15 mins?,KXBTC15M-26MAY171330,2026-05-17T17:30:00Z,active,0.937,0.938,0.062,0.063,0.9375,0.931,315709.13,132484.35,148.0,75.0,2026-05-17T17:24:37.244Z,btc-updown-15m-1779038100,"Bitcoin Up or Down - May 17, 1:15PM-1:30PM ET",btc-updown-15m-1779038100,2026-05-17T17:30:00Z,,0.93,0.94,0.06,0.07,0.935,0.46,8673.031142000009,,155.5,333.1,2026-05-17T17:24:37.244Z,BRTI,77943.27,77882.98,77948.10333333333,60,Polymarket RTDS,77942.84074,77885.601995,1.008,1.003,
2026-05-17T17:24:39.729Z,2026-05-17T17:24:39.203Z,KXBTC15M-26MAY171330-30,BTC price up in next 15 mins?,KXBTC15M-26MAY171330,2026-05-17T17:30:00Z,active,0.936,0.938,0.062,0.064,0.937,0.931,315709.13,132484.35,133.0,74.0,2026-05-17T17:24:39.253Z,btc-updown-15m-1779038100,"Bitcoin Up or Down - May 17, 1:15PM-1:30PM ET",btc-updown-15m-1779038100,2026-05-17T17:30:00Z,,0.93,0.94,0.06,0.07,0.935,0.46,8673.031142000009,,150.5,350.84,2026-05-17T17:24:39.253Z,BRTI,77961.7,77882.98,77948.316,60,Polymarket RTDS,77942.8606,77885.601995,1.008,1.004,
2026-05-17T17:24:41.705Z,2026-05-17T17:24:41.196Z,KXBTC15M-26MAY171330-30,BTC price up in next 15 mins?,KXBTC15M-26MAY171330,2026-05-17T17:30:00Z,active,0.934,0.939,0.061,0.066,0.9365,0.936,321973.76,135197.55,104.68,731.05,2026-05-17T17:24:41.253Z,btc-updown-15m-1779038100,"Bitcoin Up or Down - May 17, 1:15PM-1:30PM ET",btc-updown-15m-1779038100,2026-05-17T17:30:00Z,,0.93,0.94,0.06,0.07,0.935,0.46,8673.031142000009,,150.5,268.84,2026-05-17T17:24:41.253Z,BRTI,77942.71,77882.98,77948.31566666668,60,Polymarket RTDS,77942.827395,77885.601995,1.009,1.006,
2026-05-17T17:24:43.683Z,2026-05-17T17:24:43.195Z,KXBTC15M-26MAY171330-30,BTC price up in next 15 mins?,KXBTC15M-26MAY171330,2026-05-17T17:30:00Z,active,0.93,0.939,0.061,0.07,0.9345,0.936,321973.76,135197.55,96.48,596.03,2026-05-17T17:24:43.245Z,btc-updown-15m-1779038100,"Bitcoin Up or Down - May 17, 1:15PM-1:30PM ET",btc-updown-15m-1779038100,2026-05-17T17:30:00Z,,0.93,0.94,0.06,0.07,0.935,0.46,8673.031142000009,,150.5,268.84,2026-05-17T17:24:43.245Z,BRTI,77961.53,77882.98,77948.59316666666,60,Polymarket RTDS,77943.01058,77885.601995,1.009,1.01,
2026-05-17T17:24:45.729Z,2026-05-17T17:24:45.212Z,KXBTC15M-26MAY171330-30,BTC price up in next 15 mins?,KXBTC15M-26MAY171330,2026-05-17T17:30:00Z,active,0.938,0.939,0.061,0.062,0.9384999999999999,0.936,321973.76,135197.55,1177.28,567.14,2026-05-17T17:24:45.263Z,btc-updown-15m-1779038100,"Bitcoin Up or Down - May 17, 1:15PM-1:30PM ET",btc-updown-15m-1779038100,2026-05-17T17:30:00Z,,0.93,0.94,0.06,0.07,0.935,0.46,8673.031142000009,,150.5,140.98,2026-05-17T17:24:45.263Z,BRTI,77961.53,77882.98,77948.8325,60,Polymarket RTDS,77942.977295,77885.601995,1.009,1.002,
2026-05-17T17:24:47.744Z,2026-05-17T17:24:47.200Z,KXBTC15M-26MAY171330-30,BTC price up in next 15 mins?,KXBTC15M-26MAY171330,2026-05-17T17:30:00Z,active,0.938,0.939,0.061,0.062,0.9384999999999999,0.936,321973.76,135197.55,289.3,488.14,2026-05-17T17:24:47.249Z,btc-updown-15m-1779038100,"Bitcoin Up or Down - May 17, 1:15PM-1:30PM ET",btc-updown-15m-1779038100,2026-05-17T17:30:00Z,,0.93,0.94,0.06,0.07,0.935,0.46,8673.031142000009,,147.08,146.84,2026-05-17T17:24:47.249Z,BRTI,77960.61,77882.98,77949.1645,60,Polymarket RTDS,77943.7241,77885.601995,1.009,1.002,
2026-05-17T17:24:49.691Z,2026-05-17T17:24:49.199Z,KXBTC15M-26MAY171330-30,BTC price up in next 15 mins?,KXBTC15M-26MAY171330,2026-05-17T17:30:00Z,active,0.938,0.939,0.061,0.062,0.9384999999999999,0.936,321973.76,135197.55,169.1,435.13,2026-05-17T17:24:49.244Z,btc-updown-15m-1779038100,"Bitcoin Up or Down - May 17, 1:15PM-1:30PM ET",btc-updown-15m-1779038100,2026-05-17T17:30:00Z,,0.93,0.94,0.06,0.07,0.935,0.46,8673.031142000009,,152.08,146.84,2026-05-17T17:24:49.244Z,BRTI,77959.99,77882.98,77949.41933333334,60,Polymarket RTDS,77943.79516,77885.601995,1.009,1.002,
2026-05-17T17:24:51.711Z,2026-05-17T17:24:51.198Z,KXBTC15M-26MAY171330-30,BTC price up in next 15 mins?,KXBTC15M-26MAY171330,2026-05-17T17:30:00Z,active,0.93,0.938,0.062,0.07,0.9339999999999999,0.936,321973.76,135197.55,34.1,25.0,2026-05-17T17:24:51.245Z,btc-updown-15m-1779038100,"Bitcoin Up or Down - May 17, 1:15PM-1:30PM ET",btc-updown-15m-1779038100,2026-05-17T17:30:00Z,,0.93,0.94,0.06,0.07,0.935,0.46,8673.031142000009,,182.08,102.84,2026-05-17T17:24:51.245Z,BRTI,77942.71,77882.98,77949.3915,60,Polymarket RTDS,77943.85338,77885.601995,1.008,1.01,
2026-05-17T17:24:53.704Z,2026-05-17T17:24:53.210Z,KXBTC15M-26MAY171330-30,BTC price up in next 15 mins?,KXBTC15M-26MAY171330,2026-05-17T17:30:00Z,active,0.927,0.938,0.062,0.073,0.9325,0.936,321973.76,135197.55,124.67,23.0,2026-05-17T17:24:53.261Z,btc-updown-15m-1779038100,"Bitcoin Up or Down - May 17, 1:15PM-1:30PM ET",btc-updown-15m-1779038100,2026-05-17T17:30:00Z,,0.93,0.94,0.06,0.07,0.935,0.46,8673.031142000009,,82.24,36.52,2026-05-17T17:24:53.261Z,BRTI,77943.27,77882.98,77949.36466666666,60,Polymarket RTDS,77943.853785,77885.601995,1.008,1.013,
2026-05-17T17:24:55.685Z,2026-05-17T17:24:55.198Z,KXBTC15M-26MAY171330-30,BTC price up in next 15 mins?,KXBTC15M-26MAY171330,2026-05-17T17:30:00Z,active,0.932,0.939,0.061,0.068,0.9355,0.936,321973.76,135197.55,75.0,19.0,2026-05-17T17:24:55.247Z,btc-updown-15m-1779038100,"Bitcoin Up or Down - May 17, 1:15PM-1:30PM ET",btc-updown-15m-1779038100,2026-05-17T17:30:00Z,,0.93,0.94,0.06,0.07,0.935,0.46,8673.031142000009,,82.24,36.52,2026-05-17T17:24:55.247Z,BRTI,77961.7,77882.98,77949.611,60,Polymarket RTDS,77943.80134,77885.601995,1.009,1.008,
2026-05-17T17:24:57.711Z,2026-05-17T17:24:57.219Z,KXBTC15M-26MAY171330-30,BTC price up in next 15 mins?,KXBTC15M-26MAY171330,2026-05-17T17:30:00Z,active,0.94,0.943,0.057,0.06,0.9415,0.936,321973.76,135197.55,4.0,25.0,2026-05-17T17:24:57.264Z,btc-updown-15m-1779038100,"Bitcoin Up or Down - May 17, 1:15PM-1:30PM ET",btc-updown-15m-1779038100,2026-05-17T17:30:00Z,,0.94,0.95,0.05,0.06,0.945,0.46,8673.031142000009,,54.7,420.56,2026-05-17T17:24:57.264Z,BRTI,77943.27,77882.98,77949.5165,60,Polymarket RTDS,77943.791225,77885.601995,1.003,1.01,
2026-05-17T17:24:59.799Z,2026-05-17T17:24:59.208Z,KXBTC15M-26MAY171330-30,BTC price up in next 15 mins?,KXBTC15M-26MAY171330,2026-05-17T17:30:00Z,active,0.935,0.943,0.057,0.065,0.9390000000000001,0.936,321973.76,135197.55,91.0,75.0,2026-05-17T17:24:59.269Z,btc-updown-15m-1779038100,"Bitcoin Up or Down - May 17, 1:15PM-1:30PM ET",btc-updown-15m-1779038100,2026-05-17T17:30:00Z,,0.94,0.95,0.05,0.06,0.945,0.46,8673.031142000009,,47.8,301.63,2026-05-17T17:24:59.269Z,BRTI,77960.61,77882.98,77949.84850000001,60,Polymarket RTDS,77943.77969,77885.601995,1.003,1.015,
2026-05-17T17:25:02.006Z,2026-05-17T17:25:01.207Z,KXBTC15M-26MAY171330-30,BTC price up in next 15 mins?,KXBTC15M-26MAY171330,2026-05-17T17:30:00Z,active,0.931,0.934,0.066,0.069,0.9325000000000001,0.936,321973.76,135197.55,14.0,125.0,2026-05-17T17:25:01.288Z,btc-updown-15m-1779038100,"Bitcoin Up or Down - May 17, 1:15PM-1:30PM ET",btc-updown-15m-1779038100,2026-05-17T17:30:00Z,,0.94,0.95,0.05,0.06,0.945,0.46,8673.031142000009,,5.0,439.24,2026-05-17T17:25:01.288Z,BRTI,77960.04,77882.98,77950.137,60,Polymarket RTDS,77944.198825,77885.601995,0.994,1.019,
2026-05-17T17:25:03.840Z,2026-05-17T17:25:03.215Z,KXBTC15M-26MAY171330-30,BTC price up in next 15 mins?,KXBTC15M-26MAY171330,2026-05-17T17:30:00Z,active,0.933,0.934,0.066,0.067,0.9335,0.936,321973.76,135197.55,1024.94,125.0,2026-05-17T17:25:03.279Z,btc-updown-15m-1779038100,"Bitcoin Up or Down - May 17, 1:15PM-1:30PM ET",btc-updown-15m-1779038100,2026-05-17T17:30:00Z,,0.92,0.94,0.06,0.08,0.9299999999999999,0.46,8673.031142000009,,117.01,14.99,2026-05-17T17:25:03.279Z,BRTI,77961.53,77882.98,77950.3805,60,Polymarket RTDS,77940.88301360201,77885.601995,1.014,1.007,
2026-05-17T17:25:05.684Z,2026-05-17T17:25:05.200Z,KXBTC15M-26MAY171330-30,BTC price up in next 15 mins?,KXBTC15M-26MAY171330,2026-05-17T17:30:00Z,active,0.934,0.936,0.064,0.066,0.935,0.936,321973.76,135197.55,0.09,33.53,2026-05-17T17:25:05.250Z,btc-updown-15m-1779038100,"Bitcoin Up or Down - May 17, 1:15PM-1:30PM ET",btc-updown-15m-1779038100,2026-05-17T17:30:00Z,,0.92,0.93,0.07,0.08,0.925,0.46,8673.031142000009,,151.01,94.27,2026-05-17T17:25:05.250Z,BRTI,77960.7,77882.98,77950.59749999999,60,Polymarket RTDS,77941.00996298454,77885.601995,1.016,0.996,
2026-05-17T17:25:07.802Z,2026-05-17T17:25:07.205Z,KXBTC15M-26MAY171330-30,BTC price up in next 15 mins?,KXBTC15M-26MAY171330,2026-05-17T17:30:00Z,active,0.933,0.936,0.064,0.067,0.9345000000000001,0.936,321973.76,135197.55,81.36,7.98,2026-05-17T17:25:07.270Z,btc-updown-15m-1779038100,"Bitcoin Up or Down - May 17, 1:15PM-1:30PM ET",btc-updown-15m-1779038100,2026-05-17T17:30:00Z,,0.92,0.93,0.07,0.08,0.925,0.46,8673.031142000009,,213.58,31.46,2026-05-17T17:25:07.270Z,BRTI,77960.04,77882.98,77950.92,60,Polymarket RTDS,77940.929945,77885.601995,1.016,0.9970000000000001,
2026-05-17T17:25:09.690Z,2026-05-17T17:25:09.202Z,KXBTC15M-26MAY171330-30,BTC price up in next 15 mins?,KXBTC15M-26MAY171330,2026-05-17T17:30:00Z,active,0.933,0.936,0.064,0.067,0.9345000000000001,0.936,321973.76,135197.55,53.52,4.59,2026-05-17T17:25:09.248Z,btc-updown-15m-1779038100,"Bitcoin Up or Down - May 17, 1:15PM-1:30PM ET",btc-updown-15m-1779038100,2026-05-17T17:30:00Z,,0.93,0.94,0.06,0.07,0.935,0.46,8673.031142000009,,39.99,178.07,2026-05-17T17:25:09.248Z,BRTI,77959.99,77882.98,77951.13366666668,60,Polymarket RTDS,77940.966225,77885.601995,1.006,1.007,
2026-05-17T17:25:11.705Z,2026-05-17T17:25:11.201Z,KXBTC15M-26MAY171330-30,BTC price up in next 15 mins?,KXBTC15M-26MAY171330,2026-05-17T17:30:00Z,active,0.933,0.938,0.062,0.067,0.9355,0.936,321973.76,135197.55,11.72,16.96,2026-05-17T17:25:11.251Z,btc-updown-15m-1779038100,"Bitcoin Up or Down - May 17, 1:15PM-1:30PM ET",btc-updown-15m-1779038100,2026-05-17T17:30:00Z,,0.93,0.94,0.06,0.07,0.935,0.46,8673.031142000009,,30.7,342.19,2026-05-17T17:25:11.251Z,BRTI,77959.99,77882.98,77951.39383333334,60,Polymarket RTDS,77941.291535,77885.601995,1.008,1.007,
2026-05-17T17:25:13.729Z,2026-05-17T17:25:13.210Z,KXBTC15M-26MAY171330-30,BTC price up in next 15 mins?,KXBTC15M-26MAY171330,2026-05-17T17:30:00Z,active,0.926,0.934,0.066,0.074,0.93,0.938,327631.70,136060.67,92.0,114.0,2026-05-17T17:25:13.255Z,btc-updown-15m-1779038100,"Bitcoin Up or Down - May 17, 1:15PM-1:30PM ET",btc-updown-15m-1779038100,2026-05-17T17:30:00Z,,0.93,0.94,0.06,0.07,0.935,0.46,8673.031142000009,,24.15,305.52,2026-05-17T17:25:13.255Z,BRTI,77960.04,77882.98,77951.6125,60,Polymarket RTDS,77941.4632286869,77885.601995,1.004,1.014,
2026-05-17T17:25:16.301Z,2026-05-17T17:25:15.201Z,KXBTC15M-26MAY171330-30,BTC price up in next 15 mins?,KXBTC15M-26MAY171330,2026-05-17T17:30:00Z,active,0.931,0.934,0.066,0.069,0.9325000000000001,0.938,327631.70,136060.67,75.0,97.49,2026-05-17T17:25:15.251Z,btc-updown-15m-1779038100,"Bitcoin Up or Down - May 17, 1:15PM-1:30PM ET",btc-updown-15m-1779038100,2026-05-17T17:30:00Z,,0.93,0.94,0.06,0.07,0.935,0.46,8673.031142000009,,44.15,280.52,2026-05-17T17:25:15.251Z,BRTI,77960.61,77882.98,77951.807,60,Polymarket RTDS,77941.3215522864,77885.601995,1.004,1.009,
2026-05-17T17:25:17.851Z,2026-05-17T17:25:17.314Z,KXBTC15M-26MAY171330-30,BTC price up in next 15 mins?,KXBTC15M-26MAY171330,2026-05-17T17:30:00Z,active,0.932,0.934,0.066,0.068,0.933,0.938,327631.70,136060.67,91.0,87.49,2026-05-17T17:25:17.366Z,btc-updown-15m-1779038100,"Bitcoin Up or Down - May 17, 1:15PM-1:30PM ET",btc-updown-15m-1779038100,2026-05-17T17:30:00Z,,0.93,0.94,0.06,0.07,0.935,0.46,8673.031142000009,,85.15,245.52,2026-05-17T17:25:17.366Z,BRTI,77959.99,77882.98,77952.02066666666,60,Polymarket RTDS,77941.32153592924,77885.601995,1.004,1.008,
2026-05-17T17:25:19.735Z,2026-05-17T17:25:19.213Z,KXBTC15M-26MAY171330-30,BTC price up in next 15 mins?,KXBTC15M-26MAY171330,2026-05-17T17:30:00Z,active,0.929,0.937,0.063,0.071,0.933,0.938,327631.70,136060.67,10.0,125.0,2026-05-17T17:25:19.262Z,btc-updown-15m-1779038100,"Bitcoin Up or Down - May 17, 1:15PM-1:30PM ET",btc-updown-15m-1779038100,2026-05-17T17:30:00Z,,0.93,0.94,0.06,0.07,0.935,0.46,8673.031142000009,,185.15,225.52,2026-05-17T17:25:19.262Z,BRTI,77948.42,77882.98,77952.1065,60,Polymarket RTDS,77941.2190214302,77885.601995,1.0070000000000001,1.011,
2026-05-17T17:25:21.728Z,2026-05-17T17:25:21.210Z,KXBTC15M-26MAY171330-30,BTC price up in next 15 mins?,KXBTC15M-26MAY171330,2026-05-17T17:30:00Z,active,0.932,0.936,0.064,0.068,0.934,0.938,327631.70,136060.67,2742.94,75.0,2026-05-17T17:25:21.258Z,btc-updown-15m-1779038100,"Bitcoin Up or Down - May 17, 1:15PM-1:30PM ET",btc-updown-15m-1779038100,2026-05-17T17:30:00Z,,0.93,0.94,0.06,0.07,0.935,0.46,8673.031142000009,,195.51,130.19,2026-05-17T17:25:21.258Z,BRTI,77960.7,77882.98,77952.37316666666,60,Polymarket RTDS,77941.22151614793,77885.601995,1.006,1.008,
2026-05-17T17:25:23.699Z,2026-05-17T17:25:23.205Z,KXBTC15M-26MAY171330-30,BTC price up in next 15 mins?,KXBTC15M-26MAY171330,2026-05-17T17:30:00Z,active,0.938,0.945,0.055,0.062,0.9415,0.938,327631.70,136060.67,26.0,66.0,2026-05-17T17:25:23.254Z,btc-updown-15m-1779038100,"Bitcoin Up or Down - May 17, 1:15PM-1:30PM ET",btc-updown-15m-1779038100,2026-05-17T17:30:00Z,,0.93,0.94,0.06,0.07,0.935,0.46,8673.031142000009,,265.81,144.46,2026-05-17T17:25:23.254Z,BRTI,77945.72,77882.98,77952.414,60,Polymarket RTDS,77941.219675,77885.601995,1.015,1.002,
2026-05-17T17:25:25.683Z,2026-05-17T17:25:25.208Z,KXBTC15M-26MAY171330-30,BTC price up in next 15 mins?,KXBTC15M-26MAY171330,2026-05-17T17:30:00Z,active,0.9,0.901,0.099,0.1,0.9005000000000001,0.938,327631.70,136060.67,169.0,239.0,2026-05-17T17:25:25.255Z,btc-updown-15m-1779038100,"Bitcoin Up or Down - May 17, 1:15PM-1:30PM ET",btc-updown-15m-1779038100,2026-05-17T17:30:00Z,,0.93,0.94,0.06,0.07,0.935,0.46,8673.031142000009,,29.15,124.46,2026-05-17T17:25:25.255Z,BRTI,77961.63,77882.98,77952.7015,60,Polymarket RTDS,77941.30491,77885.601995,0.9710000000000001,1.04,
2026-05-17T17:25:27.723Z,2026-05-17T17:25:27.203Z,KXBTC15M-26MAY171330-30,BTC price up in next 15 mins?,KXBTC15M-26MAY171330,2026-05-17T17:30:00Z,active,0.88,0.89,0.11,0.12,0.885,0.938,327631.70,136060.67,199.0,361.36,2026-05-17T17:25:27.260Z,btc-updown-15m-1779038100,"Bitcoin Up or Down - May 17, 1:15PM-1:30PM ET",btc-updown-15m-1779038100,2026-05-17T17:30:00Z,,0.93,0.94,0.06,0.07,0.935,0.46,8673.031142000009,,14.15,368.27,2026-05-17T17:25:27.260Z,BRTI,77960.61,77882.98,77952.92966666668,60,Polymarket RTDS,77927.00325871541,77885.601995,0.96,1.06,
2026-05-17T17:25:29.748Z,2026-05-17T17:25:29.197Z,KXBTC15M-26MAY171330-30,BTC price up in next 15 mins?,KXBTC15M-26MAY171330,2026-05-17T17:30:00Z,active,0.86,0.89,0.11,0.14,0.875,0.938,327631.70,136060.67,27.0,4659.59,2026-05-17T17:25:29.252Z,btc-updown-15m-1779038100,"Bitcoin Up or Down - May 17, 1:15PM-1:30PM ET",btc-updown-15m-1779038100,2026-05-17T17:30:00Z,,0.91,0.93,0.07,0.09,0.92,0.46,8673.031142000009,,21.0,137.85,2026-05-17T17:25:29.252Z,BRTI,77961.7,77882.98,77953.24616666668,60,Polymarket RTDS,77915.781955,77885.601995,0.98,1.07,
2026-05-17T17:25:31.696Z,2026-05-17T17:25:31.207Z,KXBTC15M-26MAY171330-30,BTC price up in next 15 mins?,KXBTC15M-26MAY171330,2026-05-17T17:30:00Z,active,0.81,0.82,0.18,0.19,0.815,0.938,327631.70,136060.67,70.0,1858.97,2026-05-17T17:25:31.252Z,btc-updown-15m-1779038100,"Bitcoin Up or Down - May 17, 1:15PM-1:30PM ET",btc-updown-15m-1779038100,2026-05-17T17:30:00Z,,0.75,0.76,0.24,0.25,0.755,0.46,8673.031142000009,,16.88,48.86,2026-05-17T17:25:31.253Z,BRTI,77961.53,77882.98,77953.5505,60,Polymarket RTDS,77913.598395,77885.601995,1.0699999999999998,0.95,
2026-05-17T17:25:33.692Z,2026-05-17T17:25:33.200Z,KXBTC15M-26MAY171330-30,BTC price up in next 15 mins?,KXBTC15M-26MAY171330,2026-05-17T17:30:00Z,active,0.8,0.81,0.19,0.2,0.805,0.938,327631.70,136060.67,2726.15,1075.31,2026-05-17T17:25:33.250Z,btc-updown-15m-1779038100,"Bitcoin Up or Down - May 17, 1:15PM-1:30PM ET",btc-updown-15m-1779038100,2026-05-17T17:30:00Z,,0.73,0.74,0.26,0.27,0.735,0.46,8673.031142000009,,40.0,51.21,2026-05-17T17:25:33.250Z,BRTI,77960.7,77882.98,77953.8225,60,Polymarket RTDS,77905.90227904003,77885.601995,1.08,0.94,
2026-05-17T17:25:35.683Z,2026-05-17T17:25:35.195Z,KXBTC15M-26MAY171330-30,BTC price up in next 15 mins?,KXBTC15M-26MAY171330,2026-05-17T17:30:00Z,active,0.8,0.81,0.19,0.2,0.805,0.938,327631.70,136060.67,1688.58,1141.0,2026-05-17T17:25:35.243Z,btc-updown-15m-1779038100,"Bitcoin Up or Down - May 17, 1:15PM-1:30PM ET",btc-updown-15m-1779038100,2026-05-17T17:30:00Z,,0.69,0.7,0.3,0.31,0.695,0.46,8673.031142000009,,146.73,0.82,2026-05-17T17:25:35.243Z,BRTI,77948.42,77882.98,77953.88983333333,60,Polymarket RTDS,77906.028905,77885.601995,1.12,0.8999999999999999,
2026-05-17T17:25:37.712Z,2026-05-17T17:25:37.215Z,KXBTC15M-26MAY171330-30,BTC price up in next 15 mins?,KXBTC15M-26MAY171330,2026-05-17T17:30:00Z,active,0.75,0.79,0.21,0.25,0.77,0.938,327631.70,136060.67,74.16,150.0,2026-05-17T17:25:37.278Z,btc-updown-15m-1779038100,"Bitcoin Up or Down - May 17, 1:15PM-1:30PM ET",btc-updown-15m-1779038100,2026-05-17T17:30:00Z,,0.72,0.73,0.27,0.28,0.725,0.46,8673.031142000009,,20.0,260.6,2026-05-17T17:25:37.278Z,BRTI,77948.42,77882.98,77953.88116666667,60,Polymarket RTDS,77906.014085,77885.601995,1.07,0.98,
2026-05-17T17:25:39.729Z,2026-05-17T17:25:39.211Z,KXBTC15M-26MAY171330-30,BTC price up in next 15 mins?,KXBTC15M-26MAY171330,2026-05-17T17:30:00Z,active,0.81,0.82,0.18,0.19,0.815,0.938,327631.70,136060.67,1603.08,1151.53,2026-05-17T17:25:39.255Z,btc-updown-15m-1779038100,"Bitcoin Up or Down - May 17, 1:15PM-1:30PM ET",btc-updown-15m-1779038100,2026-05-17T17:30:00Z,,0.7,0.71,0.29,0.3,0.705,0.46,8673.031142000009,,11.0,26.27,2026-05-17T17:25:39.255Z,BRTI,77961.63,77882.98,77954.16866666666,60,Polymarket RTDS,77905.496055,77885.601995,1.1199999999999999,0.8999999999999999,
2026-05-17T17:25:41.696Z,2026-05-17T17:25:41.206Z,KXBTC15M-26MAY171330-30,BTC price up in next 15 mins?,KXBTC15M-26MAY171330,2026-05-17T17:30:00Z,active,0.89,0.9,0.1,0.11,0.895,0.938,327631.70,136060.67,146.89,2202.0,2026-05-17T17:25:41.253Z,btc-updown-15m-1779038100,"Bitcoin Up or Down - May 17, 1:15PM-1:30PM ET",btc-updown-15m-1779038100,2026-05-17T17:30:00Z,,0.82,0.83,0.17,0.18,0.825,0.46,8673.031142000009,,30.49,133.19,2026-05-17T17:25:41.253Z,BRTI,77926.65,77882.98,77953.89166666666,60,Polymarket RTDS,77903.804505,77885.601995,1.08,0.94,
2026-05-17T17:25:43.696Z,2026-05-17T17:25:43.210Z,KXBTC15M-26MAY171330-30,BTC price up in next 15 mins?,KXBTC15M-26MAY171330,2026-05-17T17:30:00Z,active,0.89,0.9,0.1,0.11,0.895,0.89,337524.67,136122.16,32.11,2243.0,2026-05-17T17:25:43.255Z,btc-updown-15m-1779038100,"Bitcoin Up or Down - May 17, 1:15PM-1:30PM ET",btc-updown-15m-1779038100,2026-05-17T17:30:00Z,,0.82,0.83,0.17,0.18,0.825,0.46,8673.031142000009,,25.4,43.4,2026-05-17T17:25:43.255Z,BRTI,77947.79,77882.98,77954.01,60,Polymarket RTDS,77910.259615,77885.601995,1.08,0.94,
2026-05-17T17:25:45.734Z,2026-05-17T17:25:45.195Z,KXBTC15M-26MAY171330-30,BTC price up in next 15 mins?,KXBTC15M-26MAY171330,2026-05-17T17:30:00Z,active,0.89,0.9,0.1,0.11,0.895,0.89,337524.67,136122.16,33.11,1544.53,2026-05-17T17:25:45.248Z,btc-updown-15m-1779038100,"Bitcoin Up or Down - May 17, 1:15PM-1:30PM ET",btc-updown-15m-1779038100,2026-05-17T17:30:00Z,,0.82,0.83,0.17,0.18,0.825,0.46,8673.031142000009,,21.4,27.99,2026-05-17T17:25:45.248Z,BRTI,77960.04,77882.98,77954.171,60,Polymarket RTDS,77913.32008222531,77885.601995,1.08,0.94,
2026-05-17T17:25:47.778Z,2026-05-17T17:25:47.200Z,KXBTC15M-26MAY171330-30,BTC price up in next 15 mins?,KXBTC15M-26MAY171330,2026-05-17T17:30:00Z,active,0.89,0.9,0.1,0.11,0.895,0.89,337524.67,136122.16,18.11,1384.55,2026-05-17T17:25:47.247Z,btc-updown-15m-1779038100,"Bitcoin Up or Down - May 17, 1:15PM-1:30PM ET",btc-updown-15m-1779038100,2026-05-17T17:30:00Z,,0.82,0.83,0.17,0.18,0.825,0.46,8673.031142000009,,32.4,71.68,2026-05-17T17:25:47.247Z,BRTI,77961.63,77882.98,77954.4035,60,Polymarket RTDS,77912.7243408344,77885.601995,1.08,0.94,
2026-05-17T17:25:49.745Z,2026-05-17T17:25:49.211Z,KXBTC15M-26MAY171330-30,BTC price up in next 15 mins?,KXBTC15M-26MAY171330,2026-05-17T17:30:00Z,active,0.88,0.89,0.11,0.12,0.885,0.89,337524.67,136122.16,1164.0,1224.0,2026-05-17T17:25:49.261Z,btc-updown-15m-1779038100,"Bitcoin Up or Down - May 17, 1:15PM-1:30PM ET",btc-updown-15m-1779038100,2026-05-17T17:30:00Z,,0.82,0.83,0.17,0.18,0.825,0.46,8673.031142000009,,60.01,55.06,2026-05-17T17:25:49.261Z,BRTI,77960.7,77882.98,77954.5755,60,Polymarket RTDS,77912.82734542435,77885.601995,1.07,0.95,
2026-05-17T17:25:51.695Z,2026-05-17T17:25:51.206Z,KXBTC15M-26MAY171330-30,BTC price up in next 15 mins?,KXBTC15M-26MAY171330,2026-05-17T17:30:00Z,active,0.88,0.89,0.11,0.12,0.885,0.89,337524.67,136122.16,931.51,593.04,2026-05-17T17:25:51.254Z,btc-updown-15m-1779038100,"Bitcoin Up or Down - May 17, 1:15PM-1:30PM ET",btc-updown-15m-1779038100,2026-05-17T17:30:00Z,,0.82,0.83,0.17,0.18,0.825,0.46,8673.031142000009,,31.0,197.11,2026-05-17T17:25:51.254Z,BRTI,77960.61,77882.98,77954.8645,60,Polymarket RTDS,77913.47887,77885.601995,1.07,0.95,
2026-05-17T17:25:53.770Z,2026-05-17T17:25:53.213Z,KXBTC15M-26MAY171330-30,BTC price up in next 15 mins?,KXBTC15M-26MAY171330,2026-05-17T17:30:00Z,active,0.88,0.89,0.11,0.12,0.885,0.89,337524.67,136122.16,1613.48,1175.0,2026-05-17T17:25:53.266Z,btc-updown-15m-1779038100,"Bitcoin Up or Down - May 17, 1:15PM-1:30PM ET",btc-updown-15m-1779038100,2026-05-17T17:30:00Z,,0.82,0.83,0.17,0.18,0.825,0.46,8673.031142000009,,21.0,159.47,2026-05-17T17:25:53.266Z,BRTI,77947.79,77882.98,77954.82133333334,60,Polymarket RTDS,77912.75217535331,77885.601995,1.07,0.95,
2026-05-17T17:25:55.742Z,2026-05-17T17:25:55.210Z,KXBTC15M-26MAY171330-30,BTC price up in next 15 mins?,KXBTC15M-26MAY171330,2026-05-17T17:30:00Z,active,0.912,0.913,0.087,0.088,0.9125000000000001,0.89,337524.67,136122.16,192.72,223.0,2026-05-17T17:25:55.263Z,btc-updown-15m-1779038100,"Bitcoin Up or Down - May 17, 1:15PM-1:30PM ET",btc-updown-15m-1779038100,2026-05-17T17:30:00Z,,0.84,0.85,0.15,0.16,0.845,0.46,8673.031142000009,,237.26,11.62,2026-05-17T17:25:55.263Z,BRTI,77945.72,77882.98,77954.78866666667,60,Polymarket RTDS,77913.23700897956,77885.601995,1.073,0.938,
2026-05-17T17:25:57.705Z,2026-05-17T17:25:57.203Z,KXBTC15M-26MAY171330-30,BTC price up in next 15 mins?,KXBTC15M-26MAY171330,2026-05-17T17:30:00Z,active,0.919,0.92,0.08,0.081,0.9195,0.89,337524.67,136122.16,93.24,9206.85,2026-05-17T17:25:57.250Z,btc-updown-15m-1779038100,"Bitcoin Up or Down - May 17, 1:15PM-1:30PM ET",btc-updown-15m-1779038100,2026-05-17T17:30:00Z,,0.88,0.89,0.11,0.12,0.885,0.46,8673.031142000009,,238.35,161.56,2026-05-17T17:25:57.250Z,BRTI,77934.68,77882.98,77954.68849999999,60,Polymarket RTDS,77918.14145359729,77885.601995,1.04,0.971,
2026-05-17T17:25:59.700Z,2026-05-17T17:25:59.208Z,KXBTC15M-26MAY171330-30,BTC price up in next 15 mins?,KXBTC15M-26MAY171330,2026-05-17T17:30:00Z,active,0.919,0.92,0.08,0.081,0.9195,0.89,337524.67,136122.16,72.28,9019.57,2026-05-17T17:25:59.258Z,btc-updown-15m-1779038100,"Bitcoin Up or Down - May 17, 1:15PM-1:30PM ET",btc-updown-15m-1779038100,2026-05-17T17:30:00Z,,0.88,0.89,0.11,0.12,0.885,0.46,8673.031142000009,,187.43,263.28,2026-05-17T17:25:59.258Z,BRTI,77960.04,77882.98,77954.66083333334,60,Polymarket RTDS,77920.58765792254,77885.601995,1.04,0.971,
2026-05-17T17:26:01.991Z,2026-05-17T17:26:01.214Z,KXBTC15M-26MAY171330-30,BTC price up in next 15 mins?,KXBTC15M-26MAY171330,2026-05-17T17:30:00Z,active,0.917,0.919,0.081,0.083,0.918,0.89,337524.67,136122.16,88.78,75.0,2026-05-17T17:26:01.293Z,btc-updown-15m-1779038100,"Bitcoin Up or Down - May 17, 1:15PM-1:30PM ET",btc-updown-15m-1779038100,2026-05-17T17:30:00Z,,0.88,0.89,0.11,0.12,0.885,0.46,8673.031142000009,,144.52,34.17,2026-05-17T17:26:01.293Z,BRTI,77961.53,77882.98,77954.96516666668,60,Polymarket RTDS,77922.55151601393,77885.601995,1.0390000000000001,0.973,
2026-05-17T17:26:03.717Z,2026-05-17T17:26:03.204Z,KXBTC15M-26MAY171330-30,BTC price up in next 15 mins?,KXBTC15M-26MAY171330,2026-05-17T17:30:00Z,active,0.917,0.92,0.08,0.083,0.9185000000000001,0.89,337524.67,136122.16,88.78,8667.27,2026-05-17T17:26:03.261Z,btc-updown-15m-1779038100,"Bitcoin Up or Down - May 17, 1:15PM-1:30PM ET",btc-updown-15m-1779038100,2026-05-17T17:30:00Z,,0.88,0.89,0.11,0.12,0.885,0.46,8673.031142000009,,45.53,51.36,2026-05-17T17:26:03.261Z,BRTI,77960.61,77882.98,77955.25416666667,60,Polymarket RTDS,77925.72816474171,77885.601995,1.04,0.973,
2026-05-17T17:26:05.742Z,2026-05-17T17:26:05.203Z,KXBTC15M-26MAY171330-30,BTC price up in next 15 mins?,KXBTC15M-26MAY171330,2026-05-17T17:30:00Z,active,0.918,0.92,0.08,0.082,0.919,0.89,337524.67,136122.16,120.0,7053.84,2026-05-17T17:26:05.255Z,btc-updown-15m-1779038100,"Bitcoin Up or Down - May 17, 1:15PM-1:30PM ET",btc-updown-15m-1779038100,2026-05-17T17:30:00Z,,0.87,0.88,0.12,0.13,0.875,0.46,8673.031142000009,,205.24,20.0,2026-05-17T17:26:05.256Z,BRTI,77960.7,77882.98,77955.58766666666,60,Polymarket RTDS,77926.233785,77885.601995,1.05,0.962,
2026-05-17T17:26:08.033Z,2026-05-17T17:26:07.205Z,KXBTC15M-26MAY171330-30,BTC price up in next 15 mins?,KXBTC15M-26MAY171330,2026-05-17T17:30:00Z,active,0.915,0.92,0.08,0.085,0.9175,0.89,337524.67,136122.16,305.0,6976.84,2026-05-17T17:26:07.258Z,btc-updown-15m-1779038100,"Bitcoin Up or Down - May 17, 1:15PM-1:30PM ET",btc-updown-15m-1779038100,2026-05-17T17:30:00Z,,0.88,0.89,0.11,0.12,0.885,0.46,8673.031142000009,,92.45,139.1,2026-05-17T17:26:07.258Z,BRTI,77934.1,77882.98,77955.14583333333,60,Polymarket RTDS,77926.406185,77885.601995,1.04,0.975,
2026-05-17T17:26:09.916Z,2026-05-17T17:26:09.210Z,KXBTC15M-26MAY171330-30,BTC price up in next 15 mins?,KXBTC15M-26MAY171330,2026-05-17T17:30:00Z,active,0.922,0.925,0.075,0.078,0.9235,0.89,337524.67,136122.16,1000.0,142.5,2026-05-17T17:26:09.259Z,btc-updown-15m-1779038100,"Bitcoin Up or Down - May 17, 1:15PM-1:30PM ET",btc-updown-15m-1779038100,2026-05-17T17:30:00Z,,0.88,0.89,0.11,0.12,0.885,0.46,8673.031142000009,,113.97,116.18,2026-05-17T17:26:09.259Z,BRTI,77933.61,77882.98,77954.70616666667,60,Polymarket RTDS,77926.20711583615,77885.601995,1.045,0.968,
2026-05-17T17:26:11.739Z,2026-05-17T17:26:11.210Z,KXBTC15M-26MAY171330-30,BTC price up in next 15 mins?,KXBTC15M-26MAY171330,2026-05-17T17:30:00Z,active,0.922,0.925,0.075,0.078,0.9235,0.89,337524.67,136122.16,885.0,133.5,2026-05-17T17:26:11.262Z,btc-updown-15m-1779038100,"Bitcoin Up or Down - May 17, 1:15PM-1:30PM ET",btc-updown-15m-1779038100,2026-05-17T17:30:00Z,,0.88,0.89,0.11,0.12,0.885,0.46,8673.031142000009,,105.57,19.1,2026-05-17T17:26:11.262Z,BRTI,77926.65,77882.98,77954.43849999999,60,Polymarket RTDS,77926.12216463458,77885.601995,1.045,0.968,
2026-05-17T17:26:13.805Z,2026-05-17T17:26:13.200Z,KXBTC15M-26MAY171330-30,BTC price up in next 15 mins?,KXBTC15M-26MAY171330,2026-05-17T17:30:00Z,active,0.922,0.932,0.068,0.078,0.927,0.925,345487.58,135117.02,997.55,96.53,2026-05-17T17:26:13.248Z,btc-updown-15m-1779038100,"Bitcoin Up or Down - May 17, 1:15PM-1:30PM ET",btc-updown-15m-1779038100,2026-05-17T17:30:00Z,,0.89,0.9,0.1,0.11,0.895,0.46,8673.031142000009,,5.0,125.36,2026-05-17T17:26:13.248Z,BRTI,77961.53,77882.98,77954.46416666666,60,Polymarket RTDS,77926.17866997422,77885.601995,1.042,0.978,
2026-05-17T17:26:16.012Z,2026-05-17T17:26:15.215Z,KXBTC15M-26MAY171330-30,BTC price up in next 15 mins?,KXBTC15M-26MAY171330,2026-05-17T17:30:00Z,active,0.922,0.932,0.068,0.078,0.927,0.925,345487.58,135117.02,837.52,87.53,2026-05-17T17:26:15.268Z,btc-updown-15m-1779038100,"Bitcoin Up or Down - May 17, 1:15PM-1:30PM ET",btc-updown-15m-1779038100,2026-05-17T17:30:00Z,,0.89,0.9,0.1,0.11,0.895,0.46,8673.031142000009,,81.42,105.36,2026-05-17T17:26:15.268Z,BRTI,77933.25,77882.98,77953.99116666666,60,Polymarket RTDS,77926.08536965212,77885.601995,1.042,0.978,
2026-05-17T17:26:17.695Z,2026-05-17T17:26:17.207Z,KXBTC15M-26MAY171330-30,BTC price up in next 15 mins?,KXBTC15M-26MAY171330,2026-05-17T17:30:00Z,active,0.93,0.932,0.068,0.07,0.931,0.925,345487.58,135117.02,50.0,8.63,2026-05-17T17:26:17.259Z,btc-updown-15m-1779038100,"Bitcoin Up or Down - May 17, 1:15PM-1:30PM ET",btc-updown-15m-1779038100,2026-05-17T17:30:00Z,,0.89,0.9,0.1,0.11,0.895,0.46,8673.031142000009,,22.77,34.52,2026-05-17T17:26:17.259Z,BRTI,77926.65,77882.98,77953.40983333332,60,Polymarket RTDS,77926.0451586962,77885.601995,1.042,0.97,
2026-05-17T17:26:19.751Z,2026-05-17T17:26:19.204Z,KXBTC15M-26MAY171330-30,BTC price up in next 15 mins?,KXBTC15M-26MAY171330,2026-05-17T17:30:00Z,active,0.932,0.935,0.065,0.068,0.9335,0.925,345487.58,135117.02,1000.0,197.45,2026-05-17T17:26:19.252Z,btc-updown-15m-1779038100,"Bitcoin Up or Down - May 17, 1:15PM-1:30PM ET",btc-updown-15m-1779038100,2026-05-17T17:30:00Z,,0.89,0.9,0.1,0.11,0.895,0.46,8673.031142000009,,45.0,84.52,2026-05-17T17:26:19.252Z,BRTI,77933.44,77882.98,77952.96733333333,60,Polymarket RTDS,77926.40750755572,77885.601995,1.0450000000000002,0.968,
2026-05-17T17:26:21.735Z,2026-05-17T17:26:21.206Z,KXBTC15M-26MAY171330-30,BTC price up in next 15 mins?,KXBTC15M-26MAY171330,2026-05-17T17:30:00Z,active,0.935,0.938,0.062,0.065,0.9365,0.925,345487.58,135117.02,87.0,14.0,2026-05-17T17:26:21.261Z,btc-updown-15m-1779038100,"Bitcoin Up or Down - May 17, 1:15PM-1:30PM ET",btc-updown-15m-1779038100,2026-05-17T17:30:00Z,,0.9,0.91,0.09,0.1,0.905,0.46,8673.031142000009,,189.44,99.83,2026-05-17T17:26:21.261Z,BRTI,77945.72,77882.98,77953.05116666667,60,Polymarket RTDS,77926.34214775327,77885.601995,1.038,0.9750000000000001,
2026-05-17T17:26:23.748Z,2026-05-17T17:26:23.212Z,KXBTC15M-26MAY171330-30,BTC price up in next 15 mins?,KXBTC15M-26MAY171330,2026-05-17T17:30:00Z,active,0.935,0.942,0.058,0.065,0.9385,0.925,345487.58,135117.02,87.0,125.0,2026-05-17T17:26:23.264Z,btc-updown-15m-1779038100,"Bitcoin Up or Down - May 17, 1:15PM-1:30PM ET",btc-updown-15m-1779038100,2026-05-17T17:30:00Z,,0.89,0.9,0.1,0.11,0.895,0.46,8673.031142000009,,95.51,54.99,2026-05-17T17:26:23.265Z,BRTI,77932.96,77882.98,77952.58883333333,60,Polymarket RTDS,77927.07261,77885.601995,1.052,0.9650000000000001,
2026-05-17T17:26:25.742Z,2026-05-17T17:26:25.219Z,KXBTC15M-26MAY171330-30,BTC price up in next 15 mins?,KXBTC15M-26MAY171330,2026-05-17T17:30:00Z,active,0.935,0.942,0.058,0.065,0.9385,0.925,345487.58,135117.02,166.0,75.0,2026-05-17T17:26:25.274Z,btc-updown-15m-1779038100,"Bitcoin Up or Down - May 17, 1:15PM-1:30PM ET",btc-updown-15m-1779038100,2026-05-17T17:30:00Z,,0.9,0.91,0.09,0.1,0.905,0.46,8673.031142000009,,55.0,108.04,2026-05-17T17:26:25.274Z,BRTI,77933.61,77882.98,77952.1235,60,Polymarket RTDS,77927.22653,77885.601995,1.042,0.9750000000000001,
2026-05-17T17:26:27.796Z,2026-05-17T17:26:27.206Z,KXBTC15M-26MAY171330-30,BTC price up in next 15 mins?,KXBTC15M-26MAY171330,2026-05-17T17:30:00Z,active,0.943,0.945,0.055,0.057,0.944,0.925,345487.58,135117.02,71.82,21.0,2026-05-17T17:26:27.264Z,btc-updown-15m-1779038100,"Bitcoin Up or Down - May 17, 1:15PM-1:30PM ET",btc-updown-15m-1779038100,2026-05-17T17:30:00Z,,0.9,0.91,0.09,0.1,0.905,0.46,8673.031142000009,,61.93,73.85,2026-05-17T17:26:27.264Z,BRTI,77933.25,77882.98,77951.65216666667,60,Polymarket RTDS,77928.2317076565,77885.601995,1.045,0.9670000000000001,
2026-05-17T17:26:29.849Z,2026-05-17T17:26:29.220Z,KXBTC15M-26MAY171330-30,BTC price up in next 15 mins?,KXBTC15M-26MAY171330,2026-05-17T17:30:00Z,active,0.943,0.948,0.052,0.057,0.9455,0.925,345487.58,135117.02,41.0,75.0,2026-05-17T17:26:29.292Z,btc-updown-15m-1779038100,"Bitcoin Up or Down - May 17, 1:15PM-1:30PM ET",btc-updown-15m-1779038100,2026-05-17T17:30:00Z,,0.9,0.91,0.09,0.1,0.905,0.46,8673.031142000009,,111.9,68.35,2026-05-17T17:26:29.292Z,BRTI,77933.61,77882.98,77951.45033333333,60,Polymarket RTDS,77928.72782748802,77885.601995,1.048,0.9670000000000001,
2026-05-17T17:26:31.743Z,2026-05-17T17:26:31.213Z,KXBTC15M-26MAY171330-30,BTC price up in next 15 mins?,KXBTC15M-26MAY171330,2026-05-17T17:30:00Z,active,0.944,0.953,0.047,0.056,0.9484999999999999,0.925,345487.58,135117.02,12.0,10.0,2026-05-17T17:26:31.264Z,btc-updown-15m-1779038100,"Bitcoin Up or Down - May 17, 1:15PM-1:30PM ET",btc-updown-15m-1779038100,2026-05-17T17:30:00Z,,0.9,0.91,0.09,0.1,0.905,0.46,8673.031142000009,,104.7,48.35,2026-05-17T17:26:31.265Z,BRTI,77932.96,77882.98,77950.99900000001,60,Polymarket RTDS,77928.71123715845,77885.601995,1.053,0.9660000000000001,
2026-05-17T17:26:33.796Z,2026-05-17T17:26:33.213Z,KXBTC15M-26MAY171330-30,BTC price up in next 15 mins?,KXBTC15M-26MAY171330,2026-05-17T17:30:00Z,active,0.948,0.954,0.046,0.052,0.951,0.925,345487.58,135117.02,200.0,75.0,2026-05-17T17:26:33.265Z,btc-updown-15m-1779038100,"Bitcoin Up or Down - May 17, 1:15PM-1:30PM ET",btc-updown-15m-1779038100,2026-05-17T17:30:00Z,,0.9,0.91,0.09,0.1,0.905,0.46,8673.031142000009,,41.9,113.83,2026-05-17T17:26:33.265Z,BRTI,77933.61,77882.98,77950.53366666666,60,Polymarket RTDS,77928.79826824107,77885.601995,1.054,0.9620000000000001,
2026-05-17T17:26:35.710Z,2026-05-17T17:26:35.209Z,KXBTC15M-26MAY171330-30,BTC price up in next 15 mins?,KXBTC15M-26MAY171330,2026-05-17T17:30:00Z,active,0.943,0.951,0.049,0.057,0.947,0.925,345487.58,135117.02,75.0,188.08,2026-05-17T17:26:35.260Z,btc-updown-15m-1779038100,"Bitcoin Up or Down - May 17, 1:15PM-1:30PM ET",btc-updown-15m-1779038100,2026-05-17T17:30:00Z,,0.9,0.91,0.09,0.1,0.905,0.46,8673.031142000009,,23.45,129.4,2026-05-17T17:26:35.260Z,BRTI,77932.96,77882.98,77950.36183333333,60,Polymarket RTDS,77927.71283714336,77885.601995,1.051,0.9670000000000001,
2026-05-17T17:26:37.737Z,2026-05-17T17:26:37.219Z,KXBTC15M-26MAY171330-30,BTC price up in next 15 mins?,KXBTC15M-26MAY171330,2026-05-17T17:30:00Z,active,0.931,0.934,0.066,0.069,0.9325000000000001,0.925,345487.58,135117.02,125.0,18.0,2026-05-17T17:26:37.279Z,btc-updown-15m-1779038100,"Bitcoin Up or Down - May 17, 1:15PM-1:30PM ET",btc-updown-15m-1779038100,2026-05-17T17:30:00Z,,0.86,0.87,0.13,0.14,0.865,0.46,8673.031142000009,,21.8,155.05,2026-05-17T17:26:37.279Z,BRTI,77926.65,77882.98,77950.08483333333,60,Polymarket RTDS,77925.45364640899,77885.601995,1.074,0.9390000000000001,
2026-05-17T17:26:40.058Z,2026-05-17T17:26:39.213Z,KXBTC15M-26MAY171330-30,BTC price up in next 15 mins?,KXBTC15M-26MAY171330,2026-05-17T17:30:00Z,active,0.931,0.937,0.063,0.069,0.934,0.925,345487.58,135117.02,125.0,75.0,2026-05-17T17:26:39.263Z,btc-updown-15m-1779038100,"Bitcoin Up or Down - May 17, 1:15PM-1:30PM ET",btc-updown-15m-1779038100,2026-05-17T17:30:00Z,,0.86,0.87,0.13,0.14,0.865,0.46,8673.031142000009,,26.6,195.32,2026-05-17T17:26:39.263Z,BRTI,77938.2,77882.98,77949.69316666666,60,Polymarket RTDS,77917.82089,77885.601995,1.077,0.9390000000000001,
2026-05-17T17:26:41.714Z,2026-05-17T17:26:41.205Z,KXBTC15M-26MAY171330-30,BTC price up in next 15 mins?,KXBTC15M-26MAY171330,2026-05-17T17:30:00Z,active,0.931,0.937,0.063,0.069,0.934,0.925,345487.58,135117.02,118.1,74.0,2026-05-17T17:26:41.255Z,btc-updown-15m-1779038100,"Bitcoin Up or Down - May 17, 1:15PM-1:30PM ET",btc-updown-15m-1779038100,2026-05-17T17:30:00Z,,0.86,0.87,0.13,0.14,0.865,0.46,8673.031142000009,,26.6,225.1,2026-05-17T17:26:41.255Z,BRTI,77947.79,77882.98,77949.77783333333,60,Polymarket RTDS,77917.81853,77885.601995,1.077,0.9390000000000001,
2026-05-17T17:26:43.734Z,2026-05-17T17:26:43.212Z,KXBTC15M-26MAY171330-30,BTC price up in next 15 mins?,KXBTC15M-26MAY171330,2026-05-17T17:30:00Z,active,0.915,0.917,0.083,0.085,0.916,0.937,355719.13,139687.26,444.0,125.0,2026-05-17T17:26:43.256Z,btc-updown-15m-1779038100,"Bitcoin Up or Down - May 17, 1:15PM-1:30PM ET",btc-updown-15m-1779038100,2026-05-17T17:30:00Z,,0.83,0.84,0.16,0.17,0.835,0.46,8673.031142000009,,5.0,128.04,2026-05-17T17:26:43.256Z,BRTI,77932.96,77882.98,77949.30166666667,60,Polymarket RTDS,77916.40237986333,77885.601995,1.087,0.9249999999999999,
2026-05-17T17:26:45.763Z,2026-05-17T17:26:45.203Z,KXBTC15M-26MAY171330-30,BTC price up in next 15 mins?,KXBTC15M-26MAY171330,2026-05-17T17:30:00Z,active,0.915,0.917,0.083,0.085,0.916,0.937,355719.13,139687.26,222.94,121.8,2026-05-17T17:26:45.259Z,btc-updown-15m-1779038100,"Bitcoin Up or Down - May 17, 1:15PM-1:30PM ET",btc-updown-15m-1779038100,2026-05-17T17:30:00Z,,0.79,0.8,0.2,0.21,0.795,0.46,8673.031142000009,,52.71,230.57,2026-05-17T17:26:45.259Z,BRTI,77932.96,77882.98,77948.8255,60,Polymarket RTDS,77914.81405041096,77885.601995,1.127,0.885,
2026-05-17T17:26:47.692Z,2026-05-17T17:26:47.209Z,KXBTC15M-26MAY171330-30,BTC price up in next 15 mins?,KXBTC15M-26MAY171330,2026-05-17T17:30:00Z,active,0.915,0.916,0.084,0.085,0.9155,0.937,355719.13,139687.26,171.24,124.0,2026-05-17T17:26:47.258Z,btc-updown-15m-1779038100,"Bitcoin Up or Down - May 17, 1:15PM-1:30PM ET",btc-updown-15m-1779038100,2026-05-17T17:30:00Z,,0.79,0.8,0.2,0.21,0.795,0.46,8673.031142000009,,264.27,30.2,2026-05-17T17:26:47.258Z,BRTI,77933.25,77882.98,77948.3695,60,Polymarket RTDS,77911.70313018441,77885.601995,1.1260000000000001,0.885,
2026-05-17T17:26:49.751Z,2026-05-17T17:26:49.212Z,KXBTC15M-26MAY171330-30,BTC price up in next 15 mins?,KXBTC15M-26MAY171330,2026-05-17T17:30:00Z,active,0.904,0.908,0.092,0.096,0.906,0.937,355719.13,139687.26,146.24,923.0,2026-05-17T17:26:49.268Z,btc-updown-15m-1779038100,"Bitcoin Up or Down - May 17, 1:15PM-1:30PM ET",btc-updown-15m-1779038100,2026-05-17T17:30:00Z,,0.79,0.8,0.2,0.21,0.795,0.46,8673.031142000009,,342.51,80.57,2026-05-17T17:26:49.268Z,BRTI,77938.2,77882.98,77948.00633333334,60,Polymarket RTDS,77911.56711661018,77885.601995,1.118,0.896,
2026-05-17T17:26:51.753Z,2026-05-17T17:26:51.222Z,KXBTC15M-26MAY171330-30,BTC price up in next 15 mins?,KXBTC15M-26MAY171330,2026-05-17T17:30:00Z,active,0.903,0.908,0.092,0.097,0.9055,0.937,355719.13,139687.26,75.0,821.35,2026-05-17T17:26:51.270Z,btc-updown-15m-1779038100,"Bitcoin Up or Down - May 17, 1:15PM-1:30PM ET",btc-updown-15m-1779038100,2026-05-17T17:30:00Z,,0.79,0.8,0.2,0.21,0.795,0.46,8673.031142000009,,255.04,72.73,2026-05-17T17:26:51.270Z,BRTI,77934.1,77882.98,77947.86283333333,60,Polymarket RTDS,77912.65680567744,77885.601995,1.118,0.897,
2026-05-17T17:26:53.711Z,2026-05-17T17:26:53.207Z,KXBTC15M-26MAY171330-30,BTC price up in next 15 mins?,KXBTC15M-26MAY171330,2026-05-17T17:30:00Z,active,0.908,0.912,0.088,0.092,0.91,0.937,355719.13,139687.26,28.65,107.0,2026-05-17T17:26:53.258Z,btc-updown-15m-1779038100,"Bitcoin Up or Down - May 17, 1:15PM-1:30PM ET",btc-updown-15m-1779038100,2026-05-17T17:30:00Z,,0.79,0.8,0.2,0.21,0.795,0.46,8673.031142000009,,272.75,60.26,2026-05-17T17:26:53.258Z,BRTI,77947.79,77882.98,77947.93816666667,60,Polymarket RTDS,77911.94523835523,77885.601995,1.122,0.892,
2026-05-17T17:26:55.734Z,2026-05-17T17:26:55.201Z,KXBTC15M-26MAY171330-30,BTC price up in next 15 mins?,KXBTC15M-26MAY171330,2026-05-17T17:30:00Z,active,0.911,0.914,0.086,0.089,0.9125000000000001,0.937,355719.13,139687.26,1925.0,307.0,2026-05-17T17:26:55.248Z,btc-updown-15m-1779038100,"Bitcoin Up or Down - May 17, 1:15PM-1:30PM ET",btc-updown-15m-1779038100,2026-05-17T17:30:00Z,,0.8,0.81,0.19,0.2,0.805,0.46,8673.031142000009,,103.19,187.18,2026-05-17T17:26:55.248Z,BRTI,77933.44,77882.98,77947.46716666667,60,Polymarket RTDS,77911.11523163097,77885.601995,1.114,0.899,
2026-05-17T17:26:57.746Z,2026-05-17T17:26:57.200Z,KXBTC15M-26MAY171330-30,BTC price up in next 15 mins?,KXBTC15M-26MAY171330,2026-05-17T17:30:00Z,active,0.911,0.915,0.085,0.089,0.913,0.937,355719.13,139687.26,1871.2,75.0,2026-05-17T17:26:57.250Z,btc-updown-15m-1779038100,"Bitcoin Up or Down - May 17, 1:15PM-1:30PM ET",btc-updown-15m-1779038100,2026-05-17T17:30:00Z,,0.8,0.81,0.19,0.2,0.805,0.46,8673.031142000009,,88.27,167.18,2026-05-17T17:26:57.250Z,BRTI,77938.2,77882.98,77947.38266666667,60,Polymarket RTDS,77910.4821440187,77885.601995,1.115,0.899,
2026-05-17T17:26:59.750Z,2026-05-17T17:26:59.216Z,KXBTC15M-26MAY171330-30,BTC price up in next 15 mins?,KXBTC15M-26MAY171330,2026-05-17T17:30:00Z,active,0.916,0.92,0.08,0.084,0.918,0.937,355719.13,139687.26,125.0,102.0,2026-05-17T17:26:59.263Z,btc-updown-15m-1779038100,"Bitcoin Up or Down - May 17, 1:15PM-1:30PM ET",btc-updown-15m-1779038100,2026-05-17T17:30:00Z,,0.8,0.81,0.19,0.2,0.805,0.46,8673.031142000009,,83.19,105.18,2026-05-17T17:26:59.263Z,BRTI,77933.25,77882.98,77946.92666666667,60,Polymarket RTDS,77910.59999886331,77885.601995,1.12,0.894,
2026-05-17T17:27:01.930Z,2026-05-17T17:27:01.208Z,KXBTC15M-26MAY171330-30,BTC price up in next 15 mins?,KXBTC15M-26MAY171330,2026-05-17T17:30:00Z,active,0.929,0.93,0.07,0.071,0.9295,0.937,355719.13,139687.26,70.0,1.0,2026-05-17T17:27:01.264Z,btc-updown-15m-1779038100,"Bitcoin Up or Down - May 17, 1:15PM-1:30PM ET",btc-updown-15m-1779038100,2026-05-17T17:30:00Z,,0.82,0.83,0.17,0.18,0.825,0.46,8673.031142000009,,390.11,2.0,2026-05-17T17:27:01.264Z,BRTI,77933.25,77882.98,77946.48016666666,60,Polymarket RTDS,77910.2991945686,77885.601995,1.11,0.9009999999999999,
2026-05-17T17:27:03.758Z,2026-05-17T17:27:03.231Z,KXBTC15M-26MAY171330-30,BTC price up in next 15 mins?,KXBTC15M-26MAY171330,2026-05-17T17:30:00Z,active,0.934,0.945,0.055,0.066,0.9395,0.937,355719.13,139687.26,33.46,13.0,2026-05-17T17:27:03.284Z,btc-updown-15m-1779038100,"Bitcoin Up or Down - May 17, 1:15PM-1:30PM ET",btc-updown-15m-1779038100,2026-05-17T17:30:00Z,,0.84,0.85,0.15,0.16,0.845,0.46,8673.031142000009,,102.98,66.9,2026-05-17T17:27:03.284Z,BRTI,77926.65,77882.98,77945.89883333333,60,Polymarket RTDS,77910.39164085132,77885.601995,1.105,0.9159999999999999,
2026-05-17T17:27:05.714Z,2026-05-17T17:27:05.204Z,KXBTC15M-26MAY171330-30,BTC price up in next 15 mins?,KXBTC15M-26MAY171330,2026-05-17T17:30:00Z,active,0.932,0.938,0.062,0.068,0.935,0.937,355719.13,139687.26,1000.0,75.0,2026-05-17T17:27:05.256Z,btc-updown-15m-1779038100,"Bitcoin Up or Down - May 17, 1:15PM-1:30PM ET",btc-updown-15m-1779038100,2026-05-17T17:30:00Z,,0.84,0.85,0.15,0.16,0.845,0.46,8673.031142000009,,49.99,89.67,2026-05-17T17:27:05.256Z,BRTI,77934.1,77882.98,77945.4555,60,Polymarket RTDS,77910.49546267396,77885.601995,1.0979999999999999,0.9179999999999999,
2026-05-17T17:27:07.739Z,2026-05-17T17:27:07.220Z,KXBTC15M-26MAY171330-30,BTC price up in next 15 mins?,KXBTC15M-26MAY171330,2026-05-17T17:30:00Z,active,0.933,0.945,0.055,0.067,0.9390000000000001,0.937,355719.13,139687.26,75.0,109.0,2026-05-17T17:27:07.269Z,btc-updown-15m-1779038100,"Bitcoin Up or Down - May 17, 1:15PM-1:30PM ET",btc-updown-15m-1779038100,2026-05-17T17:30:00Z,,0.84,0.85,0.15,0.16,0.845,0.81,22683.827654000066,,58.74,172.89,2026-05-17T17:27:07.269Z,BRTI,77934.1,77882.98,77945.02316666667,60,Polymarket RTDS,77910.37425234856,77885.601995,1.105,0.917,
2026-05-17T17:27:09.726Z,2026-05-17T17:27:09.224Z,KXBTC15M-26MAY171330-30,BTC price up in next 15 mins?,KXBTC15M-26MAY171330,2026-05-17T17:30:00Z,active,0.933,0.945,0.055,0.067,0.9390000000000001,0.937,355719.13,139687.26,75.78,109.0,2026-05-17T17:27:09.272Z,btc-updown-15m-1779038100,"Bitcoin Up or Down - May 17, 1:15PM-1:30PM ET",btc-updown-15m-1779038100,2026-05-17T17:30:00Z,,0.84,0.85,0.15,0.16,0.845,0.81,22683.827654000066,,43.74,93.51,2026-05-17T17:27:09.272Z,BRTI,77933.25,77882.98,77944.5775,60,Polymarket RTDS,77910.3313078764,77885.601995,1.105,0.917,
2026-05-17T17:27:11.752Z,2026-05-17T17:27:11.217Z,KXBTC15M-26MAY171330-30,BTC price up in next 15 mins?,KXBTC15M-26MAY171330,2026-05-17T17:30:00Z,active,0.933,0.943,0.057,0.067,0.938,0.937,355719.13,139687.26,60.65,75.0,2026-05-17T17:27:11.268Z,btc-updown-15m-1779038100,"Bitcoin Up or Down - May 17, 1:15PM-1:30PM ET",btc-updown-15m-1779038100,2026-05-17T17:30:00Z,,0.84,0.85,0.15,0.16,0.845,0.81,22683.827654000066,,37.45,81.2,2026-05-17T17:27:11.268Z,BRTI,77920.57,77882.98,77943.92050000001,60,Polymarket RTDS,77909.90357329602,77885.601995,1.103,0.917,
2026-05-17T17:27:13.742Z,2026-05-17T17:27:13.202Z,KXBTC15M-26MAY171330-30,BTC price up in next 15 mins?,KXBTC15M-26MAY171330,2026-05-17T17:30:00Z,active,0.933,0.944,0.056,0.067,0.9385,0.944,360968.97,142415.19,75.0,152.92,2026-05-17T17:27:13.252Z,btc-updown-15m-1779038100,"Bitcoin Up or Down - May 17, 1:15PM-1:30PM ET",btc-updown-15m-1779038100,2026-05-17T17:30:00Z,,0.84,0.85,0.15,0.16,0.845,0.81,22683.827654000066,,67.57,26.36,2026-05-17T17:27:13.252Z,BRTI,77920.34,77882.98,77943.25883333334,60,Polymarket RTDS,77910.32128665961,77885.601995,1.1039999999999999,0.917,
2026-05-17T17:27:16.182Z,2026-05-17T17:27:15.220Z,KXBTC15M-26MAY171330-30,BTC price up in next 15 mins?,KXBTC15M-26MAY171330,2026-05-17T17:30:00Z,active,0.933,0.944,0.056,0.067,0.9385,0.944,360968.97,142415.19,186.0,65.38,2026-05-17T17:27:15.283Z,btc-updown-15m-1779038100,"Bitcoin Up or Down - May 17, 1:15PM-1:30PM ET",btc-updown-15m-1779038100,2026-05-17T17:30:00Z,,0.84,0.85,0.15,0.16,0.845,0.81,22683.827654000066,,67.57,16.36,2026-05-17T17:27:15.283Z,BRTI,77933.44,77882.98,77942.80600000001,60,Polymarket RTDS,77909.85551129727,77885.601995,1.1039999999999999,0.917,
2026-05-17T17:27:17.756Z,2026-05-17T17:27:17.214Z,KXBTC15M-26MAY171330-30,BTC price up in next 15 mins?,KXBTC15M-26MAY171330,2026-05-17T17:30:00Z,active,0.932,0.944,0.056,0.068,0.938,0.944,360968.97,142415.19,626.71,108.73,2026-05-17T17:27:17.261Z,btc-updown-15m-1779038100,"Bitcoin Up or Down - May 17, 1:15PM-1:30PM ET",btc-updown-15m-1779038100,2026-05-17T17:30:00Z,,0.84,0.85,0.15,0.16,0.845,0.81,22683.827654000066,,77.57,11.3,2026-05-17T17:27:17.261Z,BRTI,77938.2,77882.98,77942.44283333333,60,Polymarket RTDS,77910.14504062202,77885.601995,1.1039999999999999,0.9179999999999999,
2026-05-17T17:27:19.724Z,2026-05-17T17:27:19.218Z,KXBTC15M-26MAY171330-30,BTC price up in next 15 mins?,KXBTC15M-26MAY171330,2026-05-17T17:30:00Z,active,0.922,0.934,0.066,0.078,0.928,0.944,360968.97,142415.19,850.0,125.0,2026-05-17T17:27:19.267Z,btc-updown-15m-1779038100,"Bitcoin Up or Down - May 17, 1:15PM-1:30PM ET",btc-updown-15m-1779038100,2026-05-17T17:30:00Z,,0.84,0.85,0.15,0.16,0.845,0.81,22683.827654000066,,19.45,293.29,2026-05-17T17:27:19.267Z,BRTI,77920.34,77882.98,77941.97483333334,60,Polymarket RTDS,77909.77857029332,77885.601995,1.094,0.9279999999999999,
2026-05-17T17:27:21.775Z,2026-05-17T17:27:21.208Z,KXBTC15M-26MAY171330-30,BTC price up in next 15 mins?,KXBTC15M-26MAY171330,2026-05-17T17:30:00Z,active,0.932,0.939,0.061,0.068,0.9355,0.944,360968.97,142415.19,986.1,64.6,2026-05-17T17:27:21.256Z,btc-updown-15m-1779038100,"Bitcoin Up or Down - May 17, 1:15PM-1:30PM ET",btc-updown-15m-1779038100,2026-05-17T17:30:00Z,,0.83,0.84,0.16,0.17,0.835,0.81,22683.827654000066,,156.27,54.5,2026-05-17T17:27:21.256Z,BRTI,77932.96,77882.98,77941.5125,60,Polymarket RTDS,77908.206,77885.601995,1.109,0.9079999999999999,
2026-05-17T17:27:23.759Z,2026-05-17T17:27:23.216Z,KXBTC15M-26MAY171330-30,BTC price up in next 15 mins?,KXBTC15M-26MAY171330,2026-05-17T17:30:00Z,active,0.936,0.94,0.06,0.064,0.938,0.944,360968.97,142415.19,208.0,6555.39,2026-05-17T17:27:23.269Z,btc-updown-15m-1779038100,"Bitcoin Up or Down - May 17, 1:15PM-1:30PM ET",btc-updown-15m-1779038100,2026-05-17T17:30:00Z,,0.85,0.86,0.14,0.15,0.855,0.81,22683.827654000066,,31.95,55.24,2026-05-17T17:27:23.269Z,BRTI,77934.68,77882.98,77941.3285,60,Polymarket RTDS,77908.191635,77885.601995,1.0899999999999999,0.9239999999999999,
2026-05-17T17:27:25.748Z,2026-05-17T17:27:25.225Z,KXBTC15M-26MAY171330-30,BTC price up in next 15 mins?,KXBTC15M-26MAY171330,2026-05-17T17:30:00Z,active,0.936,0.94,0.06,0.064,0.938,0.944,360968.97,142415.19,125.0,4821.22,2026-05-17T17:27:25.282Z,btc-updown-15m-1779038100,"Bitcoin Up or Down - May 17, 1:15PM-1:30PM ET",btc-updown-15m-1779038100,2026-05-17T17:30:00Z,,0.85,0.86,0.14,0.15,0.855,0.81,22683.827654000066,,106.95,85.24,2026-05-17T17:27:25.282Z,BRTI,77932.96,77882.98,77940.85066666667,60,Polymarket RTDS,77908.191635,77885.601995,1.0899999999999999,0.9239999999999999,
2026-05-17T17:27:27.765Z,2026-05-17T17:27:27.215Z,KXBTC15M-26MAY171330-30,BTC price up in next 15 mins?,KXBTC15M-26MAY171330,2026-05-17T17:30:00Z,active,0.936,0.939,0.061,0.064,0.9375,0.944,360968.97,142415.19,64.0,75.0,2026-05-17T17:27:27.269Z,btc-updown-15m-1779038100,"Bitcoin Up or Down - May 17, 1:15PM-1:30PM ET",btc-updown-15m-1779038100,2026-05-17T17:30:00Z,,0.85,0.86,0.14,0.15,0.855,0.81,22683.827654000066,,106.95,95.24,2026-05-17T17:27:27.269Z,BRTI,77933.61,77882.98,77940.40066666667,60,Polymarket RTDS,77908.141055,77885.601995,1.089,0.9239999999999999,
2026-05-17T17:27:29.726Z,2026-05-17T17:27:29.222Z,KXBTC15M-26MAY171330-30,BTC price up in next 15 mins?,KXBTC15M-26MAY171330,2026-05-17T17:30:00Z,active,0.932,0.936,0.064,0.068,0.934,0.944,360968.97,142415.19,851.92,83.0,2026-05-17T17:27:29.270Z,btc-updown-15m-1779038100,"Bitcoin Up or Down - May 17, 1:15PM-1:30PM ET",btc-updown-15m-1779038100,2026-05-17T17:30:00Z,,0.84,0.86,0.14,0.16,0.85,0.81,22683.827654000066,,106.29,116.16,2026-05-17T17:27:29.270Z,BRTI,77933.44,77882.98,77939.92966666668,60,Polymarket RTDS,77908.10603452692,77885.601995,1.096,0.9279999999999999,
2026-05-17T17:27:31.808Z,2026-05-17T17:27:31.208Z,KXBTC15M-26MAY171330-30,BTC price up in next 15 mins?,KXBTC15M-26MAY171330,2026-05-17T17:30:00Z,active,0.936,0.94,0.06,0.064,0.938,0.944,360968.97,142415.19,75.0,3838.71,2026-05-17T17:27:31.271Z,btc-updown-15m-1779038100,"Bitcoin Up or Down - May 17, 1:15PM-1:30PM ET",btc-updown-15m-1779038100,2026-05-17T17:30:00Z,,0.84,0.85,0.15,0.16,0.845,0.81,22683.827654000066,,168.18,74.08,2026-05-17T17:27:31.271Z,BRTI,77938.2,77882.98,77939.54083333333,60,Polymarket RTDS,77907.87414964808,77885.601995,1.0999999999999999,0.9139999999999999,
2026-05-17T17:27:33.836Z,2026-05-17T17:27:33.217Z,KXBTC15M-26MAY171330-30,BTC price up in next 15 mins?,KXBTC15M-26MAY171330,2026-05-17T17:30:00Z,active,0.939,0.94,0.06,0.061,0.9395,0.944,360968.97,142415.19,17.0,1230.23,2026-05-17T17:27:33.269Z,btc-updown-15m-1779038100,"Bitcoin Up or Down - May 17, 1:15PM-1:30PM ET",btc-updown-15m-1779038100,2026-05-17T17:30:00Z,,0.86,0.87,0.13,0.14,0.865,0.81,22683.827654000066,,189.34,4.0,2026-05-17T17:27:33.269Z,BRTI,77933.44,77882.98,77939.0865,60,Polymarket RTDS,77908.6192599614,77885.601995,1.08,0.931,
2026-05-17T17:27:35.783Z,2026-05-17T17:27:35.206Z,KXBTC15M-26MAY171330-30,BTC price up in next 15 mins?,KXBTC15M-26MAY171330,2026-05-17T17:30:00Z,active,0.922,0.923,0.077,0.078,0.9225000000000001,0.944,360968.97,142415.19,1000.0,125.0,2026-05-17T17:27:35.260Z,btc-updown-15m-1779038100,"Bitcoin Up or Down - May 17, 1:15PM-1:30PM ET",btc-updown-15m-1779038100,2026-05-17T17:30:00Z,,0.87,0.88,0.12,0.13,0.875,0.81,22683.827654000066,,59.15,110.21,2026-05-17T17:27:35.261Z,BRTI,77938.2,77882.98,77938.91616666666,60,Polymarket RTDS,77909.121738091,77885.601995,1.053,0.958,
2026-05-17T17:27:37.723Z,2026-05-17T17:27:37.214Z,KXBTC15M-26MAY171330-30,BTC price up in next 15 mins?,KXBTC15M-26MAY171330,2026-05-17T17:30:00Z,active,0.922,0.925,0.075,0.078,0.9235,0.944,360968.97,142415.19,989.0,75.0,2026-05-17T17:27:37.272Z,btc-updown-15m-1779038100,"Bitcoin Up or Down - May 17, 1:15PM-1:30PM ET",btc-updown-15m-1779038100,2026-05-17T17:30:00Z,,0.86,0.87,0.13,0.14,0.865,0.81,22683.827654000066,,110.61,100.84,2026-05-17T17:27:37.272Z,BRTI,77920.34,77882.98,77938.44816666665,60,Polymarket RTDS,77909.0642972634,77885.601995,1.065,0.948,
2026-05-17T17:27:39.706Z,2026-05-17T17:27:39.220Z,KXBTC15M-26MAY171330-30,BTC price up in next 15 mins?,KXBTC15M-26MAY171330,2026-05-17T17:30:00Z,active,0.922,0.928,0.072,0.078,0.925,0.944,360968.97,142415.19,928.9,75.0,2026-05-17T17:27:39.269Z,btc-updown-15m-1779038100,"Bitcoin Up or Down - May 17, 1:15PM-1:30PM ET",btc-updown-15m-1779038100,2026-05-17T17:30:00Z,,0.86,0.87,0.13,0.14,0.865,0.81,22683.827654000066,,116.61,113.85,2026-05-17T17:27:39.269Z,BRTI,77926.65,77882.98,77937.86516666667,60,Polymarket RTDS,77908.90765986367,77885.601995,1.068,0.948,
2026-05-17T17:27:41.752Z,2026-05-17T17:27:41.222Z,KXBTC15M-26MAY171330-30,BTC price up in next 15 mins?,KXBTC15M-26MAY171330,2026-05-17T17:30:00Z,active,0.943,0.944,0.056,0.057,0.9435,0.944,360968.97,142415.19,105.2,1731.07,2026-05-17T17:27:41.272Z,btc-updown-15m-1779038100,"Bitcoin Up or Down - May 17, 1:15PM-1:30PM ET",btc-updown-15m-1779038100,2026-05-17T17:30:00Z,,0.86,0.87,0.13,0.14,0.865,0.81,22683.827654000066,,121.61,133.85,2026-05-17T17:27:41.272Z,BRTI,77932.96,77882.98,77937.97033333333,60,Polymarket RTDS,77908.84320986367,77885.601995,1.084,0.927,
2026-05-17T17:27:43.808Z,2026-05-17T17:27:43.219Z,KXBTC15M-26MAY171330-30,BTC price up in next 15 mins?,KXBTC15M-26MAY171330,2026-05-17T17:30:00Z,active,0.943,0.944,0.056,0.057,0.9435,0.943,373628.18,141169.41,12.29,1560.07,2026-05-17T17:27:43.272Z,btc-updown-15m-1779038100,"Bitcoin Up or Down - May 17, 1:15PM-1:30PM ET",btc-updown-15m-1779038100,2026-05-17T17:30:00Z,,0.86,0.87,0.13,0.14,0.865,0.81,22683.827654000066,,57.49,233.85,2026-05-17T17:27:43.272Z,BRTI,77920.34,77882.98,77937.51283333333,60,Polymarket RTDS,77908.66373883345,77885.601995,1.084,0.927,
2026-05-17T17:27:45.747Z,2026-05-17T17:27:45.215Z,KXBTC15M-26MAY171330-30,BTC price up in next 15 mins?,KXBTC15M-26MAY171330,2026-05-17T17:30:00Z,active,0.94,0.943,0.057,0.06,0.9415,0.943,373628.18,141169.41,118.85,75.0,2026-05-17T17:27:45.267Z,btc-updown-15m-1779038100,"Bitcoin Up or Down - May 17, 1:15PM-1:30PM ET",btc-updown-15m-1779038100,2026-05-17T17:30:00Z,,0.86,0.87,0.13,0.14,0.865,0.81,22683.827654000066,,60.21,213.85,2026-05-17T17:27:45.267Z,BRTI,77933.44,77882.98,77937.0695,60,Polymarket RTDS,77908.30167631648,77885.601995,1.083,0.9299999999999999,
2026-05-17T17:27:47.766Z,2026-05-17T17:27:47.229Z,KXBTC15M-26MAY171330-30,BTC price up in next 15 mins?,KXBTC15M-26MAY171330,2026-05-17T17:30:00Z,active,0.94,0.943,0.057,0.06,0.9415,0.943,373628.18,141169.41,104.78,57.39,2026-05-17T17:27:47.276Z,btc-updown-15m-1779038100,"Bitcoin Up or Down - May 17, 1:15PM-1:30PM ET",btc-updown-15m-1779038100,2026-05-17T17:30:00Z,,0.85,0.86,0.14,0.15,0.855,0.81,22683.827654000066,,121.28,79.96,2026-05-17T17:27:47.276Z,BRTI,77917.71,77882.98,77936.3375,60,Polymarket RTDS,77908.64447027439,77885.601995,1.093,0.9199999999999999,
2026-05-17T17:27:49.819Z,2026-05-17T17:27:49.207Z,KXBTC15M-26MAY171330-30,BTC price up in next 15 mins?,KXBTC15M-26MAY171330,2026-05-17T17:30:00Z,active,0.943,0.944,0.056,0.057,0.9435,0.943,373628.18,141169.41,150.0,1349.97,2026-05-17T17:27:49.254Z,btc-updown-15m-1779038100,"Bitcoin Up or Down - May 17, 1:15PM-1:30PM ET",btc-updown-15m-1779038100,2026-05-17T17:30:00Z,,0.85,0.86,0.14,0.15,0.855,0.81,22683.827654000066,,123.08,72.93,2026-05-17T17:27:49.254Z,BRTI,77933.25,77882.98,77935.87999999999,60,Polymarket RTDS,77908.57353049381,77885.601995,1.0939999999999999,0.917,
2026-05-17T17:27:51.749Z,2026-05-17T17:27:51.216Z,KXBTC15M-26MAY171330-30,BTC price up in next 15 mins?,KXBTC15M-26MAY171330,2026-05-17T17:30:00Z,active,0.943,0.944,0.056,0.057,0.9435,0.943,373628.18,141169.41,103.1,1308.72,2026-05-17T17:27:51.271Z,btc-updown-15m-1779038100,"Bitcoin Up or Down - May 17, 1:15PM-1:30PM ET",btc-updown-15m-1779038100,2026-05-17T17:30:00Z,,0.86,0.87,0.13,0.14,0.865,0.81,22683.827654000066,,20.0,203.16,2026-05-17T17:27:51.271Z,BRTI,77933.25,77882.98,77935.42400000001,60,Polymarket RTDS,77908.53278561884,77885.601995,1.084,0.927,
2026-05-17T17:27:53.724Z,2026-05-17T17:27:53.219Z,KXBTC15M-26MAY171330-30,BTC price up in next 15 mins?,KXBTC15M-26MAY171330,2026-05-17T17:30:00Z,active,0.943,0.944,0.056,0.057,0.9435,0.943,373628.18,141169.41,177.1,1175.7,2026-05-17T17:27:53.264Z,btc-updown-15m-1779038100,"Bitcoin Up or Down - May 17, 1:15PM-1:30PM ET",btc-updown-15m-1779038100,2026-05-17T17:30:00Z,,0.86,0.87,0.13,0.14,0.865,0.81,22683.827654000066,,58.56,72.92,2026-05-17T17:27:53.264Z,BRTI,77917.71,77882.98,77934.92266666667,60,Polymarket RTDS,77908.46237858804,77885.601995,1.084,0.927,
2026-05-17T17:27:55.854Z,2026-05-17T17:27:55.214Z,KXBTC15M-26MAY171330-30,BTC price up in next 15 mins?,KXBTC15M-26MAY171330,2026-05-17T17:30:00Z,active,0.943,0.944,0.056,0.057,0.9435,0.943,373628.18,141169.41,125.0,366.57,2026-05-17T17:27:55.264Z,btc-updown-15m-1779038100,"Bitcoin Up or Down - May 17, 1:15PM-1:30PM ET",btc-updown-15m-1779038100,2026-05-17T17:30:00Z,,0.86,0.87,0.13,0.14,0.865,0.81,22683.827654000066,,262.98,44.43,2026-05-17T17:27:55.264Z,BRTI,77934.1,77882.98,77934.729,60,Polymarket RTDS,77908.71994747773,77885.601995,1.084,0.927,
2026-05-17T17:27:57.810Z,2026-05-17T17:27:57.219Z,KXBTC15M-26MAY171330-30,BTC price up in next 15 mins?,KXBTC15M-26MAY171330,2026-05-17T17:30:00Z,active,0.943,0.944,0.056,0.057,0.9435,0.943,373628.18,141169.41,112.15,48.64,2026-05-17T17:27:57.267Z,btc-updown-15m-1779038100,"Bitcoin Up or Down - May 17, 1:15PM-1:30PM ET",btc-updown-15m-1779038100,2026-05-17T17:30:00Z,,0.88,0.89,0.11,0.12,0.885,0.81,22683.827654000066,,46.6,99.21,2026-05-17T17:27:57.267Z,BRTI,77920.34,77882.98,77934.49,60,Polymarket RTDS,77908.66921021063,77885.601995,1.064,0.9470000000000001,
2026-05-17T17:27:59.761Z,2026-05-17T17:27:59.208Z,KXBTC15M-26MAY171330-30,BTC price up in next 15 mins?,KXBTC15M-26MAY171330,2026-05-17T17:30:00Z,active,0.947,0.95,0.05,0.053,0.9484999999999999,0.943,373628.18,141169.41,90.0,44.26,2026-05-17T17:27:59.268Z,btc-updown-15m-1779038100,"Bitcoin Up or Down - May 17, 1:15PM-1:30PM ET",btc-updown-15m-1779038100,2026-05-17T17:30:00Z,,0.88,0.89,0.11,0.12,0.885,0.81,22683.827654000066,,67.67,20.0,2026-05-17T17:27:59.268Z,BRTI,77933.44,77882.98,77934.04666666666,60,Polymarket RTDS,77908.50918217663,77885.601995,1.0699999999999998,0.9430000000000001,
2026-05-17T17:28:01.859Z,2026-05-17T17:28:01.213Z,KXBTC15M-26MAY171330-30,BTC price up in next 15 mins?,KXBTC15M-26MAY171330,2026-05-17T17:30:00Z,active,0.952,0.96,0.04,0.048,0.956,0.943,373628.18,141169.41,1000.0,407.42,2026-05-17T17:28:01.264Z,btc-updown-15m-1779038100,"Bitcoin Up or Down - May 17, 1:15PM-1:30PM ET",btc-updown-15m-1779038100,2026-05-17T17:30:00Z,,0.89,0.9,0.1,0.11,0.895,0.81,22683.827654000066,,85.83,6.23,2026-05-17T17:28:01.264Z,BRTI,77916.68,77882.98,77933.29916666666,60,Polymarket RTDS,77908.8709935999,77885.601995,1.07,0.9480000000000001,
2026-05-17T17:28:03.773Z,2026-05-17T17:28:03.215Z,KXBTC15M-26MAY171330-30,BTC price up in next 15 mins?,KXBTC15M-26MAY171330,2026-05-17T17:30:00Z,active,0.952,0.959,0.041,0.048,0.9555,0.943,373628.18,141169.41,1023.76,75.0,2026-05-17T17:28:03.262Z,btc-updown-15m-1779038100,"Bitcoin Up or Down - May 17, 1:15PM-1:30PM ET",btc-updown-15m-1779038100,2026-05-17T17:30:00Z,,0.9,0.91,0.09,0.1,0.905,0.81,22683.827654000066,,91.79,35.7,2026-05-17T17:28:03.262Z,BRTI,77933.61,77882.98,77932.84916666667,60,Polymarket RTDS,77908.70113207946,77885.601995,1.059,0.9580000000000001,
2026-05-17T17:28:05.738Z,2026-05-17T17:28:05.210Z,KXBTC15M-26MAY171330-30,BTC price up in next 15 mins?,KXBTC15M-26MAY171330,2026-05-17T17:30:00Z,active,0.954,0.96,0.04,0.046,0.957,0.943,373628.18,141169.41,11.0,228.36,2026-05-17T17:28:05.255Z,btc-updown-15m-1779038100,"Bitcoin Up or Down - May 17, 1:15PM-1:30PM ET",btc-updown-15m-1779038100,2026-05-17T17:30:00Z,,0.9,0.91,0.09,0.1,0.905,0.81,22683.827654000066,,201.09,113.22,2026-05-17T17:28:05.255Z,BRTI,77916.68,77882.98,77932.1155,60,Polymarket RTDS,77908.76047870897,77885.601995,1.06,0.9560000000000001,
2026-05-17T17:28:07.776Z,2026-05-17T17:28:07.223Z,KXBTC15M-26MAY171330-30,BTC price up in next 15 mins?,KXBTC15M-26MAY171330,2026-05-17T17:30:00Z,active,0.953,0.959,0.041,0.047,0.956,0.943,373628.18,141169.41,74.02,75.0,2026-05-17T17:28:07.281Z,btc-updown-15m-1779038100,"Bitcoin Up or Down - May 17, 1:15PM-1:30PM ET",btc-updown-15m-1779038100,2026-05-17T17:30:00Z,,0.91,0.92,0.08,0.09,0.915,0.81,22683.827654000066,,50.0,195.9,2026-05-17T17:28:07.281Z,BRTI,77920.34,77882.98,77931.88616666666,60,Polymarket RTDS,77908.76605410432,77885.601995,1.049,0.9670000000000001,
2026-05-17T17:28:09.830Z,2026-05-17T17:28:09.221Z,KXBTC15M-26MAY171330-30,BTC price up in next 15 mins?,KXBTC15M-26MAY171330,2026-05-17T17:30:00Z,active,0.965,0.967,0.033,0.035,0.966,0.943,373628.18,141169.41,200.0,75.0,2026-05-17T17:28:09.272Z,btc-updown-15m-1779038100,"Bitcoin Up or Down - May 17, 1:15PM-1:30PM ET",btc-updown-15m-1779038100,2026-05-17T17:30:00Z,,0.91,0.92,0.08,0.09,0.915,0.81,22683.827654000066,,110.0,195.9,2026-05-17T17:28:09.272Z,BRTI,77916.68,77882.98,77931.604,60,Polymarket RTDS,77908.68313589749,77885.601995,1.057,0.9550000000000001,
2026-05-17T17:28:11.886Z,2026-05-17T17:28:11.216Z,KXBTC15M-26MAY171330-30,BTC price up in next 15 mins?,KXBTC15M-26MAY171330,2026-05-17T17:30:00Z,active,0.965,0.967,0.033,0.035,0.966,0.943,373628.18,141169.41,38.52,42.08,2026-05-17T17:28:11.273Z,btc-updown-15m-1779038100,"Bitcoin Up or Down - May 17, 1:15PM-1:30PM ET",btc-updown-15m-1779038100,2026-05-17T17:30:00Z,,0.91,0.92,0.08,0.09,0.915,0.81,22683.827654000066,,337.35,189.37,2026-05-17T17:28:11.273Z,BRTI,77920.34,77882.98,77931.49883333333,60,Polymarket RTDS,77908.81941483669,77885.601995,1.057,0.9550000000000001,
2026-05-17T17:28:13.785Z,2026-05-17T17:28:13.216Z,KXBTC15M-26MAY171330-30,BTC price up in next 15 mins?,KXBTC15M-26MAY171330,2026-05-17T17:30:00Z,active,0.964,0.97,0.03,0.036,0.967,0.967,379323.48,142992.37,67.7,861.04,2026-05-17T17:28:13.268Z,btc-updown-15m-1779038100,"Bitcoin Up or Down - May 17, 1:15PM-1:30PM ET",btc-updown-15m-1779038100,2026-05-17T17:30:00Z,,0.91,0.92,0.08,0.09,0.915,0.81,22683.827654000066,,367.35,176.57,2026-05-17T17:28:13.268Z,BRTI,77938.2,77882.98,77931.11,60,Polymarket RTDS,77908.82040638024,77885.601995,1.06,0.9560000000000001,
2026-05-17T17:28:15.811Z,2026-05-17T17:28:15.226Z,KXBTC15M-26MAY171330-30,BTC price up in next 15 mins?,KXBTC15M-26MAY171330,2026-05-17T17:30:00Z,active,0.968,0.97,0.03,0.032,0.969,0.967,379323.48,142992.37,146.0,723.29,2026-05-17T17:28:15.273Z,btc-updown-15m-1779038100,"Bitcoin Up or Down - May 17, 1:15PM-1:30PM ET",btc-updown-15m-1779038100,2026-05-17T17:30:00Z,,0.95,0.96,0.04,0.05,0.955,0.81,22683.827654000066,,507.08,313.32,2026-05-17T17:28:15.273Z,BRTI,77920.4,77882.98,77930.89583333333,60,Polymarket RTDS,77912.53752345318,77885.601995,1.02,0.992,
2026-05-17T17:28:17.757Z,2026-05-17T17:28:17.222Z,KXBTC15M-26MAY171330-30,BTC price up in next 15 mins?,KXBTC15M-26MAY171330,2026-05-17T17:30:00Z,active,0.969,0.97,0.03,0.031,0.9695,0.967,379323.48,142992.37,146.9,731.29,2026-05-17T17:28:17.271Z,btc-updown-15m-1779038100,"Bitcoin Up or Down - May 17, 1:15PM-1:30PM ET",btc-updown-15m-1779038100,2026-05-17T17:30:00Z,,0.94,0.95,0.05,0.06,0.945,0.81,22683.827654000066,,199.54,396.09,2026-05-17T17:28:17.271Z,BRTI,77919.66,77882.98,77930.77933333332,60,Polymarket RTDS,77916.93493259423,77885.601995,1.03,0.981,
2026-05-17T17:28:19.781Z,2026-05-17T17:28:19.204Z,KXBTC15M-26MAY171330-30,BTC price up in next 15 mins?,KXBTC15M-26MAY171330,2026-05-17T17:30:00Z,active,0.968,0.97,0.03,0.032,0.969,0.967,379323.48,142992.37,96.0,77.03,2026-05-17T17:28:19.251Z,btc-updown-15m-1779038100,"Bitcoin Up or Down - May 17, 1:15PM-1:30PM ET",btc-updown-15m-1779038100,2026-05-17T17:30:00Z,,0.95,0.96,0.04,0.05,0.955,0.81,22683.827654000066,,20.0,309.32,2026-05-17T17:28:19.251Z,BRTI,77920.57,77882.98,77930.56483333332,60,Polymarket RTDS,77917.39932489378,77885.601995,1.02,0.992,
2026-05-17T17:28:21.735Z,2026-05-17T17:28:21.215Z,KXBTC15M-26MAY171330-30,BTC price up in next 15 mins?,KXBTC15M-26MAY171330,2026-05-17T17:30:00Z,active,0.977,0.979,0.021,0.023,0.978,0.967,379323.48,142992.37,37.0,75.0,2026-05-17T17:28:21.262Z,btc-updown-15m-1779038100,"Bitcoin Up or Down - May 17, 1:15PM-1:30PM ET",btc-updown-15m-1779038100,2026-05-17T17:30:00Z,,0.95,0.96,0.04,0.05,0.955,0.81,22683.827654000066,,117.49,168.77,2026-05-17T17:28:21.262Z,BRTI,77920.57,77882.98,77930.14566666666,60,Polymarket RTDS,77917.96519213871,77885.601995,1.029,0.983,
2026-05-17T17:28:23.758Z,2026-05-17T17:28:23.219Z,KXBTC15M-26MAY171330-30,BTC price up in next 15 mins?,KXBTC15M-26MAY171330,2026-05-17T17:30:00Z,active,0.98,0.984,0.016,0.02,0.982,0.967,379323.48,142992.37,697.46,47.73,2026-05-17T17:28:23.268Z,btc-updown-15m-1779038100,"Bitcoin Up or Down - May 17, 1:15PM-1:30PM ET",btc-updown-15m-1779038100,2026-05-17T17:30:00Z,,0.95,0.96,0.04,0.05,0.955,0.81,22683.827654000066,,260.17,127.33,2026-05-17T17:28:23.268Z,BRTI,77920.4,77882.98,77929.93633333333,60,Polymarket RTDS,77921.66627541874,77885.601995,1.034,0.98,
2026-05-17T17:28:25.758Z,2026-05-17T17:28:25.232Z,KXBTC15M-26MAY171330-30,BTC price up in next 15 mins?,KXBTC15M-26MAY171330,2026-05-17T17:30:00Z,active,0.983,0.988,0.012,0.017,0.9855,0.967,379323.48,142992.37,147.81,711.19,2026-05-17T17:28:25.280Z,btc-updown-15m-1779038100,"Bitcoin Up or Down - May 17, 1:15PM-1:30PM ET",btc-updown-15m-1779038100,2026-05-17T17:30:00Z,,0.95,0.96,0.04,0.05,0.955,0.81,22683.827654000066,,69.51,203.75,2026-05-17T17:28:25.280Z,BRTI,77920.34,77882.98,77929.71516666668,60,Polymarket RTDS,77922.91880888537,77885.601995,1.038,0.977,
2026-05-17T17:28:27.796Z,2026-05-17T17:28:27.213Z,KXBTC15M-26MAY171330-30,BTC price up in next 15 mins?,KXBTC15M-26MAY171330,2026-05-17T17:30:00Z,active,0.982,0.988,0.012,0.018,0.985,0.967,379323.48,142992.37,948.03,628.82,2026-05-17T17:28:27.261Z,btc-updown-15m-1779038100,"Bitcoin Up or Down - May 17, 1:15PM-1:30PM ET",btc-updown-15m-1779038100,2026-05-17T17:30:00Z,,0.95,0.96,0.04,0.05,0.955,0.81,22683.827654000066,,94.51,229.0,2026-05-17T17:28:27.261Z,BRTI,77917.71,77882.98,77929.45616666667,60,Polymarket RTDS,77922.24896411566,77885.601995,1.038,0.978,
2026-05-17T17:28:29.755Z,2026-05-17T17:28:29.215Z,KXBTC15M-26MAY171330-30,BTC price up in next 15 mins?,KXBTC15M-26MAY171330,2026-05-17T17:30:00Z,active,0.982,0.987,0.013,0.018,0.9844999999999999,0.967,379323.48,142992.37,564.23,57.62,2026-05-17T17:28:29.262Z,btc-updown-15m-1779038100,"Bitcoin Up or Down - May 17, 1:15PM-1:30PM ET",btc-updown-15m-1779038100,2026-05-17T17:30:00Z,,0.95,0.96,0.04,0.05,0.955,0.81,22683.827654000066,,254.02,178.78,2026-05-17T17:28:29.262Z,BRTI,77920.4,77882.98,77929.236,60,Polymarket RTDS,77922.24046411565,77885.601995,1.037,0.978,
2026-05-17T17:28:31.795Z,2026-05-17T17:28:31.218Z,KXBTC15M-26MAY171330-30,BTC price up in next 15 mins?,KXBTC15M-26MAY171330,2026-05-17T17:30:00Z,active,0.99,0.992,0.008,0.01,0.991,0.967,379323.48,142992.37,88.86,1.0,2026-05-17T17:28:31.284Z,btc-updown-15m-1779038100,"Bitcoin Up or Down - May 17, 1:15PM-1:30PM ET",btc-updown-15m-1779038100,2026-05-17T17:30:00Z,,0.95,0.96,0.04,0.05,0.955,0.81,22683.827654000066,,253.02,152.48,2026-05-17T17:28:31.284Z,BRTI,77919.66,77882.98,77929.01433333334,60,Polymarket RTDS,77921.77111656082,77885.601995,1.042,0.97,
2026-05-17T17:28:33.810Z,2026-05-17T17:28:33.217Z,KXBTC15M-26MAY171330-30,BTC price up in next 15 mins?,KXBTC15M-26MAY171330,2026-05-17T17:30:00Z,active,0.992,0.994,0.006,0.008,0.993,0.967,379323.48,142992.37,9.8,86.0,2026-05-17T17:28:33.313Z,btc-updown-15m-1779038100,"Bitcoin Up or Down - May 17, 1:15PM-1:30PM ET",btc-updown-15m-1779038100,2026-05-17T17:30:00Z,,0.95,0.96,0.04,0.05,0.955,0.81,22683.827654000066,,244.71,227.95,2026-05-17T17:28:33.313Z,BRTI,77920.4,77882.98,77928.79416666667,60,Polymarket RTDS,77922.06561720157,77885.601995,1.044,0.968,
2026-05-17T17:28:35.727Z,2026-05-17T17:28:35.214Z,KXBTC15M-26MAY171330-30,BTC price up in next 15 mins?,KXBTC15M-26MAY171330,2026-05-17T17:30:00Z,active,0.994,0.995,0.005,0.006,0.9944999999999999,0.967,379323.48,142992.37,107.0,422.0,2026-05-17T17:28:35.259Z,btc-updown-15m-1779038100,"Bitcoin Up or Down - May 17, 1:15PM-1:30PM ET",btc-updown-15m-1779038100,2026-05-17T17:30:00Z,,0.95,0.96,0.04,0.05,0.955,0.81,22683.827654000066,,303.31,227.95,2026-05-17T17:28:35.259Z,BRTI,77925.29,77882.98,77928.66633333334,60,Polymarket RTDS,77921.74617718052,77885.601995,1.045,0.966,
2026-05-17T17:28:37.719Z,2026-05-17T17:28:37.204Z,KXBTC15M-26MAY171330-30,BTC price up in next 15 mins?,KXBTC15M-26MAY171330,2026-05-17T17:30:00Z,active,0.99,0.995,0.005,0.01,0.9924999999999999,0.967,379323.48,142992.37,13196.73,310.0,2026-05-17T17:28:37.249Z,btc-updown-15m-1779038100,"Bitcoin Up or Down - May 17, 1:15PM-1:30PM ET",btc-updown-15m-1779038100,2026-05-17T17:30:00Z,,0.95,0.96,0.04,0.05,0.955,0.81,22683.827654000066,,357.23,202.7,2026-05-17T17:28:37.249Z,BRTI,77919.66,77882.98,77928.54983333334,60,Polymarket RTDS,77921.75590549875,77885.601995,1.045,0.97,
2026-05-17T17:28:39.731Z,2026-05-17T17:28:39.217Z,KXBTC15M-26MAY171330-30,BTC price up in next 15 mins?,KXBTC15M-26MAY171330,2026-05-17T17:30:00Z,active,0.99,0.995,0.005,0.01,0.9924999999999999,0.967,379323.48,142992.37,13515.66,310.0,2026-05-17T17:28:39.263Z,btc-updown-15m-1779038100,"Bitcoin Up or Down - May 17, 1:15PM-1:30PM ET",btc-updown-15m-1779038100,2026-05-17T17:30:00Z,,0.95,0.96,0.04,0.05,0.955,0.81,22683.827654000066,,357.23,152.71,2026-05-17T17:28:39.263Z,BRTI,77919.66,77882.98,77928.24083333333,60,Polymarket RTDS,77921.75592886476,77885.601995,1.045,0.97,
2026-05-17T17:28:41.775Z,2026-05-17T17:28:41.218Z,KXBTC15M-26MAY171330-30,BTC price up in next 15 mins?,KXBTC15M-26MAY171330,2026-05-17T17:30:00Z,active,0.992,0.995,0.005,0.008,0.9935,0.967,379323.48,142992.37,1599.44,285.0,2026-05-17T17:28:41.277Z,btc-updown-15m-1779038100,"Bitcoin Up or Down - May 17, 1:15PM-1:30PM ET",btc-updown-15m-1779038100,2026-05-17T17:30:00Z,,0.95,0.96,0.04,0.05,0.955,0.81,22683.827654000066,,307.23,101.44,2026-05-17T17:28:41.277Z,BRTI,77925.29,77882.98,77927.86583333333,60,Polymarket RTDS,77921.96080058497,77885.601995,1.045,0.968,
2026-05-17T17:28:43.721Z,2026-05-17T17:28:43.213Z,KXBTC15M-26MAY171330-30,BTC price up in next 15 mins?,KXBTC15M-26MAY171330,2026-05-17T17:30:00Z,active,0.992,0.995,0.005,0.008,0.9935,0.992,392675.75,143706.28,1217.8,85.0,2026-05-17T17:28:43.278Z,btc-updown-15m-1779038100,"Bitcoin Up or Down - May 17, 1:15PM-1:30PM ET",btc-updown-15m-1779038100,2026-05-17T17:30:00Z,,0.95,0.96,0.04,0.05,0.955,0.81,22683.827654000066,,327.23,112.12,2026-05-17T17:28:43.278Z,BRTI,77920.34,77882.98,77927.65550000001,60,Polymarket RTDS,77921.60892777359,77885.601995,1.045,0.968,
2026-05-17T17:28:45.781Z,2026-05-17T17:28:45.215Z,KXBTC15M-26MAY171330-30,BTC price up in next 15 mins?,KXBTC15M-26MAY171330,2026-05-17T17:30:00Z,active,0.992,0.995,0.005,0.008,0.9935,0.992,392675.75,143706.28,1072.45,85.0,2026-05-17T17:28:45.272Z,btc-updown-15m-1779038100,"Bitcoin Up or Down - May 17, 1:15PM-1:30PM ET",btc-updown-15m-1779038100,2026-05-17T17:30:00Z,,0.96,0.97,0.03,0.04,0.965,0.81,22683.827654000066,,97.08,912.19,2026-05-17T17:28:45.272Z,BRTI,77920.34,77882.98,77927.44516666667,60,Polymarket RTDS,77922.29263613831,77885.601995,1.035,0.978,
2026-05-17T17:28:47.725Z,2026-05-17T17:28:47.214Z,KXBTC15M-26MAY171330-30,BTC price up in next 15 mins?,KXBTC15M-26MAY171330,2026-05-17T17:30:00Z,active,0.993,0.995,0.005,0.007,0.994,0.992,392675.75,143706.28,10.0,85.0,2026-05-17T17:28:47.267Z,btc-updown-15m-1779038100,"Bitcoin Up or Down - May 17, 1:15PM-1:30PM ET",btc-updown-15m-1779038100,2026-05-17T17:30:00Z,,0.96,0.97,0.03,0.04,0.965,0.81,22683.827654000066,,227.08,892.29,2026-05-17T17:28:47.267Z,BRTI,77919.58,77882.98,77927.21733333333,60,Polymarket RTDS,77922.43869633412,77885.601995,1.035,0.977,
2026-05-17T17:28:49.707Z,2026-05-17T17:28:49.230Z,KXBTC15M-26MAY171330-30,BTC price up in next 15 mins?,KXBTC15M-26MAY171330,2026-05-17T17:30:00Z,active,0.995,0.996,0.004,0.005,0.9955,0.992,392675.75,143706.28,1964.0,250.0,2026-05-17T17:28:49.275Z,btc-updown-15m-1779038100,"Bitcoin Up or Down - May 17, 1:15PM-1:30PM ET",btc-updown-15m-1779038100,2026-05-17T17:30:00Z,,0.96,0.97,0.03,0.04,0.965,0.81,22683.827654000066,,142.8,844.77,2026-05-17T17:28:49.275Z,BRTI,77920.4,77882.98,77926.92066666667,60,Polymarket RTDS,77921.69023133413,77885.601995,1.036,0.975,
2026-05-17T17:28:51.724Z,2026-05-17T17:28:51.216Z,KXBTC15M-26MAY171330-30,BTC price up in next 15 mins?,KXBTC15M-26MAY171330,2026-05-17T17:30:00Z,active,0.995,0.998,0.002,0.005,0.9964999999999999,0.992,392675.75,143706.28,1829.25,858.81,2026-05-17T17:28:51.268Z,btc-updown-15m-1779038100,"Bitcoin Up or Down - May 17, 1:15PM-1:30PM ET",btc-updown-15m-1779038100,2026-05-17T17:30:00Z,,0.96,0.97,0.03,0.04,0.965,0.81,22683.827654000066,,154.13,773.73,2026-05-17T17:28:51.268Z,BRTI,77919.58,77882.98,77926.67866666666,60,Polymarket RTDS,77922.9882005803,77885.601995,1.038,0.975,
2026-05-17T17:28:53.751Z,2026-05-17T17:28:53.223Z,KXBTC15M-26MAY171330-30,BTC price up in next 15 mins?,KXBTC15M-26MAY171330,2026-05-17T17:30:00Z,active,0.995,0.998,0.002,0.005,0.9964999999999999,0.992,392675.75,143706.28,1830.25,858.81,2026-05-17T17:28:53.284Z,btc-updown-15m-1779038100,"Bitcoin Up or Down - May 17, 1:15PM-1:30PM ET",btc-updown-15m-1779038100,2026-05-17T17:30:00Z,,0.96,0.97,0.03,0.04,0.965,0.81,22683.827654000066,,154.13,753.73,2026-05-17T17:28:53.284Z,BRTI,77920.34,77882.98,77926.22116666666,60,Polymarket RTDS,77923.03666967453,77885.601995,1.038,0.975,
2026-05-17T17:28:55.779Z,2026-05-17T17:28:55.227Z,KXBTC15M-26MAY171330-30,BTC price up in next 15 mins?,KXBTC15M-26MAY171330,2026-05-17T17:30:00Z,active,0.995,0.996,0.004,0.005,0.9955,0.992,392675.75,143706.28,2598.25,4800.0,2026-05-17T17:28:55.273Z,btc-updown-15m-1779038100,"Bitcoin Up or Down - May 17, 1:15PM-1:30PM ET",btc-updown-15m-1779038100,2026-05-17T17:30:00Z,,0.96,0.97,0.03,0.04,0.965,0.81,22683.827654000066,,275.44,725.07,2026-05-17T17:28:55.273Z,BRTI,77917.71,77882.98,77925.959,60,Polymarket RTDS,77922.85452838066,77885.601995,1.036,0.975,
2026-05-17T17:28:57.783Z,2026-05-17T17:28:57.218Z,KXBTC15M-26MAY171330-30,BTC price up in next 15 mins?,KXBTC15M-26MAY171330,2026-05-17T17:30:00Z,active,0.998,0.999,0.001,0.002,0.9984999999999999,0.992,392675.75,143706.28,6630.0,2841.28,2026-05-17T17:28:57.271Z,btc-updown-15m-1779038100,"Bitcoin Up or Down - May 17, 1:15PM-1:30PM ET",btc-updown-15m-1779038100,2026-05-17T17:30:00Z,,0.96,0.97,0.03,0.04,0.965,0.81,22683.827654000066,,628.57,711.93,2026-05-17T17:28:57.271Z,BRTI,77919.58,77882.98,77925.64866666666,60,Polymarket RTDS,77922.48443292743,77885.601995,1.039,0.972,
2026-05-17T17:28:59.745Z,2026-05-17T17:28:59.224Z,KXBTC15M-26MAY171330-30,BTC price up in next 15 mins?,KXBTC15M-26MAY171330,2026-05-17T17:30:00Z,active,0.998,0.999,0.001,0.002,0.9984999999999999,0.992,392675.75,143706.28,5287.0,2690.01,2026-05-17T17:28:59.283Z,btc-updown-15m-1779038100,"Bitcoin Up or Down - May 17, 1:15PM-1:30PM ET",btc-updown-15m-1779038100,2026-05-17T17:30:00Z,,0.96,0.97,0.03,0.04,0.965,0.81,22683.827654000066,,415.23,711.93,2026-05-17T17:28:59.283Z,BRTI,77925.29,77882.98,77925.516,60,Polymarket RTDS,77922.85311962572,77885.601995,1.039,0.972,
2026-05-17T17:29:02.149Z,2026-05-17T17:29:01.228Z,KXBTC15M-26MAY171330-30,BTC price up in next 15 mins?,KXBTC15M-26MAY171330,2026-05-17T17:30:00Z,active,0.998,0.999,0.001,0.002,0.9984999999999999,0.992,392675.75,143706.28,5276.44,2040.01,2026-05-17T17:29:01.302Z,btc-updown-15m-1779038100,"Bitcoin Up or Down - May 17, 1:15PM-1:30PM ET",btc-updown-15m-1779038100,2026-05-17T17:30:00Z,,0.96,0.97,0.03,0.04,0.965,0.81,22683.827654000066,,471.43,678.43,2026-05-17T17:29:01.302Z,BRTI,77920.4,77882.98,77925.30183333335,60,Polymarket RTDS,77922.96061639092,77885.601995,1.039,0.972,
2026-05-17T17:29:03.760Z,2026-05-17T17:29:03.221Z,KXBTC15M-26MAY171330-30,BTC price up in next 15 mins?,KXBTC15M-26MAY171330,2026-05-17T17:30:00Z,active,0.998,0.999,0.001,0.002,0.9984999999999999,0.992,392675.75,143706.28,5205.44,1545.01,2026-05-17T17:29:03.274Z,btc-updown-15m-1779038100,"Bitcoin Up or Down - May 17, 1:15PM-1:30PM ET",btc-updown-15m-1779038100,2026-05-17T17:30:00Z,,0.96,0.97,0.03,0.04,0.965,0.81,22683.827654000066,,404.81,650.28,2026-05-17T17:29:03.274Z,BRTI,77920.4,77882.98,77925.19766666667,60,Polymarket RTDS,77924.620195,77885.601995,1.039,0.972,
2026-05-17T17:29:05.761Z,2026-05-17T17:29:05.221Z,KXBTC15M-26MAY171330-30,BTC price up in next 15 mins?,KXBTC15M-26MAY171330,2026-05-17T17:30:00Z,active,0.998,0.999,0.001,0.002,0.9984999999999999,0.992,392675.75,143706.28,4742.69,233.0,2026-05-17T17:29:05.272Z,btc-updown-15m-1779038100,"Bitcoin Up or Down - May 17, 1:15PM-1:30PM ET",btc-updown-15m-1779038100,2026-05-17T17:30:00Z,,0.96,0.97,0.03,0.04,0.965,0.81,22683.827654000066,,412.35,630.33,2026-05-17T17:29:05.272Z,BRTI,77919.73,77882.98,77924.95816666666,60,Polymarket RTDS,77924.02740556779,77885.601995,1.039,0.972,
2026-05-17T17:29:07.724Z,2026-05-17T17:29:07.214Z,KXBTC15M-26MAY171330-30,BTC price up in next 15 mins?,KXBTC15M-26MAY171330,2026-05-17T17:30:00Z,active,0.998,0.999,0.001,0.002,0.9984999999999999,0.992,392675.75,143706.28,4742.69,233.0,2026-05-17T17:29:07.258Z,btc-updown-15m-1779038100,"Bitcoin Up or Down - May 17, 1:15PM-1:30PM ET",btc-updown-15m-1779038100,2026-05-17T17:30:00Z,,0.96,0.97,0.03,0.04,0.965,0.81,22683.827654000066,,414.46,41.65,2026-05-17T17:29:07.258Z,BRTI,77919.73,77882.98,77924.71866666667,60,Polymarket RTDS,77923.635365,77885.601995,1.039,0.972,
2026-05-17T17:29:09.929Z,2026-05-17T17:29:09.226Z,KXBTC15M-26MAY171330-30,BTC price up in next 15 mins?,KXBTC15M-26MAY171330,2026-05-17T17:30:00Z,active,0.998,0.999,0.001,0.002,0.9984999999999999,0.992,392675.75,143706.28,4742.69,233.0,2026-05-17T17:29:09.270Z,btc-updown-15m-1779038100,"Bitcoin Up or Down - May 17, 1:15PM-1:30PM ET",btc-updown-15m-1779038100,2026-05-17T17:30:00Z,,0.97,0.98,0.02,0.03,0.975,0.81,22683.827654000066,,208.6,439.31,2026-05-17T17:29:09.270Z,BRTI,77919.73,77882.98,77924.49333333333,60,Polymarket RTDS,77923.91092203541,77885.601995,1.029,0.982,
2026-05-17T17:29:11.749Z,2026-05-17T17:29:11.245Z,KXBTC15M-26MAY171330-30,BTC price up in next 15 mins?,KXBTC15M-26MAY171330,2026-05-17T17:30:00Z,active,0.998,0.999,0.001,0.002,0.9984999999999999,0.992,392675.75,143706.28,9483.69,233.0,2026-05-17T17:29:11.299Z,btc-updown-15m-1779038100,"Bitcoin Up or Down - May 17, 1:15PM-1:30PM ET",btc-updown-15m-1779038100,2026-05-17T17:30:00Z,,0.97,0.98,0.02,0.03,0.975,0.81,22683.827654000066,,997.8,439.31,2026-05-17T17:29:11.299Z,BRTI,77917.71,77882.98,77924.44566666667,60,Polymarket RTDS,77924.0160115739,77885.601995,1.029,0.982,
2026-05-17T17:29:13.765Z,2026-05-17T17:29:13.219Z,KXBTC15M-26MAY171330-30,BTC price up in next 15 mins?,KXBTC15M-26MAY171330,2026-05-17T17:30:00Z,active,0.999,,,0.001,0.999,0.999,407593.06,150930.14,1662.0,,2026-05-17T17:29:13.272Z,btc-updown-15m-1779038100,"Bitcoin Up or Down - May 17, 1:15PM-1:30PM ET",btc-updown-15m-1779038100,2026-05-17T17:30:00Z,,0.97,0.98,0.02,0.03,0.975,0.81,22683.827654000066,,983.62,439.31,2026-05-17T17:29:13.272Z,BRTI,77919.66,77882.98,77924.43433333332,60,Polymarket RTDS,77924.11111406946,77885.601995,,0.981,
2026-05-17T17:29:15.771Z,2026-05-17T17:29:15.222Z,KXBTC15M-26MAY171330-30,BTC price up in next 15 mins?,KXBTC15M-26MAY171330,2026-05-17T17:30:00Z,active,0.999,,,0.001,0.999,0.999,407593.06,150930.14,1202.0,,2026-05-17T17:29:15.269Z,btc-updown-15m-1779038100,"Bitcoin Up or Down - May 17, 1:15PM-1:30PM ET",btc-updown-15m-1779038100,2026-05-17T17:30:00Z,,0.97,0.98,0.02,0.03,0.975,0.81,22683.827654000066,,1000.58,365.74,2026-05-17T17:29:15.269Z,BRTI,77920.4,77882.98,77924.21699999999,60,Polymarket RTDS,77924.23752067694,77885.601995,,0.981,
2026-05-17T17:29:17.755Z,2026-05-17T17:29:17.221Z,KXBTC15M-26MAY171330-30,BTC price up in next 15 mins?,KXBTC15M-26MAY171330,2026-05-17T17:30:00Z,active,0.999,,,0.001,0.999,0.999,407593.06,150930.14,9305.0,,2026-05-17T17:29:17.268Z,btc-updown-15m-1779038100,"Bitcoin Up or Down - May 17, 1:15PM-1:30PM ET",btc-updown-15m-1779038100,2026-05-17T17:30:00Z,,0.97,0.98,0.02,0.03,0.975,0.81,22683.827654000066,,1602.01,404.52,2026-05-17T17:29:17.268Z,BRTI,77925.29,77882.98,77924.00183333334,60,Polymarket RTDS,77924.23752067694,77885.601995,,0.981,
2026-05-17T17:29:19.731Z,2026-05-17T17:29:19.219Z,KXBTC15M-26MAY171330-30,BTC price up in next 15 mins?,KXBTC15M-26MAY171330,2026-05-17T17:30:00Z,active,0.999,,,0.001,0.999,0.999,407593.06,150930.14,9405.0,,2026-05-17T17:29:19.294Z,btc-updown-15m-1779038100,"Bitcoin Up or Down - May 17, 1:15PM-1:30PM ET",btc-updown-15m-1779038100,2026-05-17T17:30:00Z,,0.97,0.98,0.02,0.03,0.975,0.81,22683.827654000066,,1840.74,275.84,2026-05-17T17:29:19.294Z,BRTI,77931.57,77882.98,77924.189,60,Polymarket RTDS,77924.23052067692,77885.601995,,0.981,
2026-05-17T17:29:21.791Z,2026-05-17T17:29:21.274Z,KXBTC15M-26MAY171330-30,BTC price up in next 15 mins?,KXBTC15M-26MAY171330,2026-05-17T17:30:00Z,active,0.999,,,0.001,0.999,0.999,407593.06,150930.14,9405.0,,2026-05-17T17:29:21.320Z,btc-updown-15m-1779038100,"Bitcoin Up or Down - May 17, 1:15PM-1:30PM ET",btc-updown-15m-1779038100,2026-05-17T17:30:00Z,,0.98,0.99,0.01,0.02,0.985,0.81,22683.827654000066,,161.67,1685.92,2026-05-17T17:29:21.320Z,BRTI,77919.58,77882.98,77923.966,60,Polymarket RTDS,77924.22952067693,77885.601995,,0.991,
2026-05-17T17:29:23.837Z,2026-05-17T17:29:23.221Z,KXBTC15M-26MAY171330-30,BTC price up in next 15 mins?,KXBTC15M-26MAY171330,2026-05-17T17:30:00Z,active,0.999,,,0.001,0.999,0.999,407593.06,150930.14,9404.0,,2026-05-17T17:29:23.283Z,btc-updown-15m-1779038100,"Bitcoin Up or Down - May 17, 1:15PM-1:30PM ET",btc-updown-15m-1779038100,2026-05-17T17:30:00Z,,0.98,0.99,0.01,0.02,0.985,0.81,22683.827654000066,,132.73,1687.28,2026-05-17T17:29:23.283Z,BRTI,77920.4,77882.98,77923.72799999999,60,Polymarket RTDS,77924.22602067693,77885.601995,,0.991,
2026-05-17T17:29:25.740Z,2026-05-17T17:29:25.216Z,KXBTC15M-26MAY171330-30,BTC price up in next 15 mins?,KXBTC15M-26MAY171330,2026-05-17T17:30:00Z,active,0.999,,,0.001,0.999,0.999,407593.06,150930.14,9402.0,,2026-05-17T17:29:25.263Z,btc-updown-15m-1779038100,"Bitcoin Up or Down - May 17, 1:15PM-1:30PM ET",btc-updown-15m-1779038100,2026-05-17T17:30:00Z,,0.98,0.99,0.01,0.02,0.985,0.81,22683.827654000066,,172.73,1687.28,2026-05-17T17:29:25.263Z,BRTI,77931.49,77882.98,77923.7035,60,Polymarket RTDS,77922.88385754122,77885.601995,,0.991,
2026-05-17T17:29:27.778Z,2026-05-17T17:29:27.223Z,KXBTC15M-26MAY171330-30,BTC price up in next 15 mins?,KXBTC15M-26MAY171330,2026-05-17T17:30:00Z,active,0.999,,,0.001,0.999,0.999,407593.06,150930.14,11202.0,,2026-05-17T17:29:27.288Z,btc-updown-15m-1779038100,"Bitcoin Up or Down - May 17, 1:15PM-1:30PM ET",btc-updown-15m-1779038100,2026-05-17T17:30:00Z,,0.98,0.99,0.01,0.02,0.985,0.81,22683.827654000066,,172.73,1807.28,2026-05-17T17:29:27.288Z,BRTI,77925.29,77882.98,77923.56483333332,60,Polymarket RTDS,77922.86570892694,77885.601995,,0.991,
2026-05-17T17:29:29.979Z,2026-05-17T17:29:29.225Z,KXBTC15M-26MAY171330-30,BTC price up in next 15 mins?,KXBTC15M-26MAY171330,2026-05-17T17:30:00Z,active,0.999,,,0.001,0.999,0.999,407593.06,150930.14,11261.0,,2026-05-17T17:29:29.273Z,btc-updown-15m-1779038100,"Bitcoin Up or Down - May 17, 1:15PM-1:30PM ET",btc-updown-15m-1779038100,2026-05-17T17:30:00Z,,0.98,0.99,0.01,0.02,0.985,0.81,22683.827654000066,,185.53,1785.92,2026-05-17T17:29:29.273Z,BRTI,77920.4,77882.98,77923.34749999999,60,Polymarket RTDS,77923.10380820691,77885.601995,,0.991,
2026-05-17T17:29:31.764Z,2026-05-17T17:29:31.250Z,KXBTC15M-26MAY171330-30,BTC price up in next 15 mins?,KXBTC15M-26MAY171330,2026-05-17T17:30:00Z,active,0.999,,,0.001,0.999,0.999,407593.06,150930.14,13227.0,,2026-05-17T17:29:31.301Z,btc-updown-15m-1779038100,"Bitcoin Up or Down - May 17, 1:15PM-1:30PM ET",btc-updown-15m-1779038100,2026-05-17T17:30:00Z,,0.98,0.99,0.01,0.02,0.985,0.81,22683.827654000066,,79.27,1785.85,2026-05-17T17:29:31.301Z,BRTI,77925.29,77882.98,77923.13233333333,60,Polymarket RTDS,77923.13930820691,77885.601995,,0.991,
2026-05-17T17:29:33.726Z,2026-05-17T17:29:33.229Z,KXBTC15M-26MAY171330-30,BTC price up in next 15 mins?,KXBTC15M-26MAY171330,2026-05-17T17:30:00Z,active,0.999,,,0.001,0.999,0.999,407593.06,150930.14,12256.6,,2026-05-17T17:29:33.280Z,btc-updown-15m-1779038100,"Bitcoin Up or Down - May 17, 1:15PM-1:30PM ET",btc-updown-15m-1779038100,2026-05-17T17:30:00Z,,0.98,0.99,0.01,0.02,0.985,0.81,22683.827654000066,,90.46,1665.85,2026-05-17T17:29:33.280Z,BRTI,77920.4,77882.98,77922.91500000001,60,Polymarket RTDS,77923.13880820692,77885.601995,,0.991,
2026-05-17T17:29:35.766Z,2026-05-17T17:29:35.222Z,KXBTC15M-26MAY171330-30,BTC price up in next 15 mins?,KXBTC15M-26MAY171330,2026-05-17T17:30:00Z,active,0.999,,,0.001,0.999,0.999,407593.06,150930.14,12316.6,,2026-05-17T17:29:35.272Z,btc-updown-15m-1779038100,"Bitcoin Up or Down - May 17, 1:15PM-1:30PM ET",btc-updown-15m-1779038100,2026-05-17T17:30:00Z,,0.98,0.99,0.01,0.02,0.985,0.81,22683.827654000066,,128.68,1634.85,2026-05-17T17:29:35.272Z,BRTI,77919.73,77882.98,77922.60716666667,60,Polymarket RTDS,77923.746665,77885.601995,,0.991,
2026-05-17T17:29:37.750Z,2026-05-17T17:29:37.226Z,KXBTC15M-26MAY171330-30,BTC price up in next 15 mins?,KXBTC15M-26MAY171330,2026-05-17T17:30:00Z,active,0.999,,,0.001,0.999,0.999,407593.06,150930.14,12316.6,,2026-05-17T17:29:37.276Z,btc-updown-15m-1779038100,"Bitcoin Up or Down - May 17, 1:15PM-1:30PM ET",btc-updown-15m-1779038100,2026-05-17T17:30:00Z,,0.98,0.99,0.01,0.02,0.985,0.81,22683.827654000066,,439.88,1109.85,2026-05-17T17:29:37.276Z,BRTI,77917.71,77882.98,77922.56333333332,60,Polymarket RTDS,77924.58452544874,77885.601995,,0.991,
2026-05-17T17:29:39.719Z,2026-05-17T17:29:39.216Z,KXBTC15M-26MAY171330-30,BTC price up in next 15 mins?,KXBTC15M-26MAY171330,2026-05-17T17:30:00Z,active,0.999,,,0.001,0.999,0.999,407593.06,150930.14,12316.6,,2026-05-17T17:29:39.263Z,btc-updown-15m-1779038100,"Bitcoin Up or Down - May 17, 1:15PM-1:30PM ET",btc-updown-15m-1779038100,2026-05-17T17:30:00Z,,0.98,0.99,0.01,0.02,0.985,0.81,22683.827654000066,,479.88,1105.69,2026-05-17T17:29:39.263Z,BRTI,77931.49,77882.98,77922.644,60,Polymarket RTDS,77924.915835,77885.601995,,0.991,
2026-05-17T17:29:41.727Z,2026-05-17T17:29:41.223Z,KXBTC15M-26MAY171330-30,BTC price up in next 15 mins?,KXBTC15M-26MAY171330,2026-05-17T17:30:00Z,active,0.999,,,0.001,0.999,0.999,407593.06,150930.14,12316.6,,2026-05-17T17:29:41.275Z,btc-updown-15m-1779038100,"Bitcoin Up or Down - May 17, 1:15PM-1:30PM ET",btc-updown-15m-1779038100,2026-05-17T17:30:00Z,,0.98,0.99,0.01,0.02,0.985,0.81,22683.827654000066,,479.88,1105.69,2026-05-17T17:29:41.275Z,BRTI,77919.73,77882.98,77922.4235,60,Polymarket RTDS,77924.948275,77885.601995,,0.991,
2026-05-17T17:29:43.791Z,2026-05-17T17:29:43.213Z,KXBTC15M-26MAY171330-30,BTC price up in next 15 mins?,KXBTC15M-26MAY171330,2026-05-17T17:30:00Z,active,0.999,,,0.001,0.999,0.999,409218.46,152368.54,12316.6,,2026-05-17T17:29:43.269Z,btc-updown-15m-1779038100,"Bitcoin Up or Down - May 17, 1:15PM-1:30PM ET",btc-updown-15m-1779038100,2026-05-17T17:30:00Z,,0.98,0.99,0.01,0.02,0.985,0.81,22683.827654000066,,855.56,1042.69,2026-05-17T17:29:43.269Z,BRTI,77920.4,77882.98,77922.4245,60,Polymarket RTDS,77924.94539,77885.601995,,0.991,
2026-05-17T17:29:45.790Z,2026-05-17T17:29:45.224Z,KXBTC15M-26MAY171330-30,BTC price up in next 15 mins?,KXBTC15M-26MAY171330,2026-05-17T17:30:00Z,active,0.999,,,0.001,0.999,0.999,409218.46,152368.54,12316.6,,2026-05-17T17:29:45.275Z,btc-updown-15m-1779038100,"Bitcoin Up or Down - May 17, 1:15PM-1:30PM ET",btc-updown-15m-1779038100,2026-05-17T17:30:00Z,,0.99,0.8,0.2,0.01,0.895,0.81,22683.827654000066,,3239.76,,2026-05-17T17:29:45.275Z,BRTI,77920.4,77882.98,77922.20716666666,60,Polymarket RTDS,77928.16603904849,77885.601995,,0.801,
2026-05-17T17:29:47.786Z,2026-05-17T17:29:47.219Z,KXBTC15M-26MAY171330-30,BTC price up in next 15 mins?,KXBTC15M-26MAY171330,2026-05-17T17:30:00Z,active,0.999,,,0.001,0.999,0.999,409218.46,152368.54,13567.6,,2026-05-17T17:29:47.264Z,btc-updown-15m-1779038100,"Bitcoin Up or Down - May 17, 1:15PM-1:30PM ET",btc-updown-15m-1779038100,2026-05-17T17:30:00Z,,0.99,0.8,0.2,0.01,0.895,0.81,22683.827654000066,,3389.75,,2026-05-17T17:29:47.264Z,BRTI,77919.66,77882.98,77922.23966666666,60,Polymarket RTDS,77933.07461445083,77885.601995,,0.801,
2026-05-17T17:29:49.762Z,2026-05-17T17:29:49.226Z,KXBTC15M-26MAY171330-30,BTC price up in next 15 mins?,KXBTC15M-26MAY171330,2026-05-17T17:30:00Z,active,0.999,,,0.001,0.999,0.999,409218.46,152368.54,13686.6,,2026-05-17T17:29:49.281Z,btc-updown-15m-1779038100,"Bitcoin Up or Down - May 17, 1:15PM-1:30PM ET",btc-updown-15m-1779038100,2026-05-17T17:30:00Z,,0.99,0.8,0.2,0.01,0.895,0.81,22683.827654000066,,8293.03,,2026-05-17T17:29:49.281Z,BRTI,77919.73,77882.98,77922.01433333334,60,Polymarket RTDS,77941.2009564372,77885.601995,,0.801,
2026-05-17T17:29:51.741Z,2026-05-17T17:29:51.217Z,KXBTC15M-26MAY171330-30,BTC price up in next 15 mins?,KXBTC15M-26MAY171330,2026-05-17T17:30:00Z,active,0.999,,,0.001,0.999,0.999,409218.46,152368.54,13686.6,,2026-05-17T17:29:51.263Z,btc-updown-15m-1779038100,"Bitcoin Up or Down - May 17, 1:15PM-1:30PM ET",btc-updown-15m-1779038100,2026-05-17T17:30:00Z,,0.99,0.8,0.2,0.01,0.895,0.81,22683.827654000066,,10831.98,,2026-05-17T17:29:51.263Z,BRTI,77931.54,77882.98,77921.98583333334,60,Polymarket RTDS,77941.72889239903,77885.601995,,0.801,
2026-05-17T17:29:53.723Z,2026-05-17T17:29:53.222Z,KXBTC15M-26MAY171330-30,BTC price up in next 15 mins?,KXBTC15M-26MAY171330,2026-05-17T17:30:00Z,active,0.999,,,0.001,0.999,0.999,409218.46,152368.54,12235.6,,2026-05-17T17:29:53.272Z,btc-updown-15m-1779038100,"Bitcoin Up or Down - May 17, 1:15PM-1:30PM ET",btc-updown-15m-1779038100,2026-05-17T17:30:00Z,,0.99,0.8,0.2,0.01,0.895,0.81,22683.827654000066,,10953.98,,2026-05-17T17:29:53.272Z,BRTI,77919.66,77882.98,77922.01833333333,60,Polymarket RTDS,77943.07688582368,77885.601995,,0.801,
2026-05-17T17:29:55.777Z,2026-05-17T17:29:55.211Z,KXBTC15M-26MAY171330-30,BTC price up in next 15 mins?,KXBTC15M-26MAY171330,2026-05-17T17:30:00Z,active,0.999,,,0.001,0.999,0.999,409218.46,152368.54,12231.6,,2026-05-17T17:29:55.292Z,btc-updown-15m-1779038100,"Bitcoin Up or Down - May 17, 1:15PM-1:30PM ET",btc-updown-15m-1779038100,2026-05-17T17:30:00Z,,0.99,0.8,0.2,0.01,0.895,0.81,22683.827654000066,,12693.13,,2026-05-17T17:29:55.292Z,BRTI,77919.73,77882.98,77921.77883333333,60,Polymarket RTDS,77943.10938582369,77885.601995,,0.801,
2026-05-17T17:29:57.721Z,2026-05-17T17:29:57.217Z,KXBTC15M-26MAY171330-30,BTC price up in next 15 mins?,KXBTC15M-26MAY171330,2026-05-17T17:30:00Z,active,0.999,,,0.001,0.999,0.999,409218.46,152368.54,12222.46,,2026-05-17T17:29:57.264Z,btc-updown-15m-1779038100,"Bitcoin Up or Down - May 17, 1:15PM-1:30PM ET",btc-updown-15m-1779038100,2026-05-17T17:30:00Z,,0.99,0.8,0.2,0.01,0.895,0.81,22683.827654000066,,18625.61,,2026-05-17T17:29:57.264Z,BRTI,77920.4,77882.98,77921.77983333333,60,Polymarket RTDS,77941.77930273044,77885.601995,,0.801,
2026-05-17T17:30:00.045Z,2026-05-17T17:29:59.213Z,KXBTC15M-26MAY171330-30,BTC price up in next 15 mins?,KXBTC15M-26MAY171330,2026-05-17T17:30:00Z,active,0.999,,,0.001,0.999,0.999,409218.46,152368.54,12222.46,,2026-05-17T17:29:59.263Z,btc-updown-15m-1779038100,"Bitcoin Up or Down - May 17, 1:15PM-1:30PM ET",btc-updown-15m-1779038100,2026-05-17T17:30:00Z,,0.99,0.8,0.2,0.01,0.895,0.81,22683.827654000066,,39025.8,,2026-05-17T17:29:59.263Z,BRTI,77931.49,77882.98,77921.74733333333,60,Polymarket RTDS,77943.87719827871,77885.601995,,0.801,
2026-05-17T17:30:02.252Z,2026-05-17T17:30:01.228Z,KXBTC15M-26MAY171330-30,BTC price up in next 15 mins?,KXBTC15M-26MAY171330,2026-05-17T17:30:00Z,closed,,,,,,0.999,409218.46,152368.54,,,2026-05-17T17:30:01.329Z,btc-updown-15m-1779038100,"Bitcoin Up or Down - May 17, 1:15PM-1:30PM ET",btc-updown-15m-1779038100,2026-05-17T17:30:00Z,,0.99,0.8,0.2,0.01,0.895,0.81,22683.827654000066,,118499.71,,2026-05-17T17:30:01.329Z,BRTI,77925.29,77882.98,77921.89083333334,60,Polymarket RTDS,77951.43709190974,77885.601995,,,
2026-05-17T17:30:04.168Z,2026-05-17T17:30:03.252Z,KXBTC15M-26MAY171330-30,BTC price up in next 15 mins?,KXBTC15M-26MAY171330,2026-05-17T17:30:00Z,closed,,,,,,0.999,409218.46,152368.54,,,2026-05-17T17:30:03.375Z,btc-updown-15m-1779038100,"Bitcoin Up or Down - May 17, 1:15PM-1:30PM ET",btc-updown-15m-1779038100,2026-05-17T17:30:00Z,,0.99,0.8,0.2,0.01,0.895,0.81,22683.827654000066,,417781.33,,2026-05-17T17:30:03.375Z,BRTI,77919.66,77882.98,77921.65833333334,60,Polymarket RTDS,77957.17412904765,77885.601995,,,
2026-05-17T17:30:05.936Z,2026-05-17T17:30:05.242Z,KXBTC15M-26MAY171330-30,BTC price up in next 15 mins?,KXBTC15M-26MAY171330,2026-05-17T17:30:00Z,closed,,,,,,0.999,409218.46,152368.54,,,2026-05-17T17:30:05.316Z,btc-updown-15m-1779038100,"Bitcoin Up or Down - May 17, 1:15PM-1:30PM ET",btc-updown-15m-1779038100,2026-05-17T17:30:00Z,,0.99,0.8,0.2,0.01,0.895,0.81,22683.827654000066,,502105.66,,2026-05-17T17:30:05.316Z,BRTI,77919.66,77882.98,77921.708,60,Polymarket RTDS,77957.228105,77885.601995,,,
2026-05-17T17:30:07.728Z,2026-05-17T17:30:07.228Z,KXBTC15M-26MAY171330-30,BTC price up in next 15 mins?,KXBTC15M-26MAY171330,2026-05-17T17:30:00Z,closed,,,,,,0.999,409218.46,152368.54,,,2026-05-17T17:30:07.276Z,btc-updown-15m-1779038100,"Bitcoin Up or Down - May 17, 1:15PM-1:30PM ET",btc-updown-15m-1779038100,2026-05-17T17:30:00Z,,0.99,0.8,0.2,0.01,0.895,0.81,22683.827654000066,,502403.53,,2026-05-17T17:30:07.276Z,BRTI,77931.49,77882.98,77921.89383333334,60,Polymarket RTDS,77945.54549720949,77885.601995,,,
2026-05-17T17:30:09.755Z,2026-05-17T17:30:09.233Z,KXBTC15M-26MAY171330-30,BTC price up in next 15 mins?,KXBTC15M-26MAY171330,2026-05-17T17:30:00Z,closed,,,,,,0.999,409218.46,152368.54,,,2026-05-17T17:30:09.291Z,btc-updown-15m-1779038100,"Bitcoin Up or Down - May 17, 1:15PM-1:30PM ET",btc-updown-15m-1779038100,2026-05-17T17:30:00Z,,0.99,0.8,0.2,0.01,0.895,0.81,22683.827654000066,,503741.19,,2026-05-17T17:30:09.291Z,BRTI,77956.71,77882.98,77922.561,60,Polymarket RTDS,77945.54649720949,77885.601995,,,
2026-05-17T17:30:11.788Z,2026-05-17T17:30:11.225Z,KXBTC15M-26MAY171330-30,BTC price up in next 15 mins?,KXBTC15M-26MAY171330,2026-05-17T17:30:00Z,closed,,,,,,0.999,409218.46,152368.54,,,2026-05-17T17:30:11.284Z,btc-updown-15m-1779038100,"Bitcoin Up or Down - May 17, 1:15PM-1:30PM ET",btc-updown-15m-1779038100,2026-05-17T17:30:00Z,,0.99,0.8,0.2,0.01,0.895,0.81,22683.827654000066,,497352.78,,2026-05-17T17:30:11.284Z,BRTI,77932.53,77882.98,77922.76416666666,60,Polymarket RTDS,77945.5474972095,77885.601995,,,
