timestamp_utc,kalshi_timestamp_utc,kalshi_ticker,kalshi_title,kalshi_event_ticker,kalshi_close_time,kalshi_status,kalshi_yes_bid,kalshi_yes_ask,kalshi_no_bid,kalshi_no_ask,kalshi_yes_mid,kalshi_last_price,kalshi_volume,kalshi_open_interest,kalshi_best_yes_bid_qty,kalshi_best_no_bid_qty,polymarket_timestamp_utc,polymarket_ticker,polymarket_title,polymarket_event_ticker,polymarket_close_time,polymarket_status,polymarket_yes_bid,polymarket_yes_ask,polymarket_no_bid,polymarket_no_ask,polymarket_yes_mid,polymarket_last_price,polymarket_volume,polymarket_open_interest,polymarket_best_yes_bid_qty,polymarket_best_no_bid_qty,source_timestamp_utc,kalshi_btc_source,kalshi_btc_price,kalshi_btc_target,kalshi_btc_60_sma,kalshi_btc_60_sma_sample_count,polymarket_btc_source,polymarket_btc_price,polymarket_btc_target,k_plus_np,nk_plus_p,polymarket_error
2026-05-17T11:00:06.265Z,2026-05-17T11:00:05.505Z,KXBTC15M-26MAY170715-15,BTC price up in next 15 mins?,KXBTC15M-26MAY170715,2026-05-17T11:15:00Z,active,0.62,0.64,0.36,0.38,0.63,0.51,165.00,165.00,1010.0,545.45,2026-05-17T11:00:05.569Z,btc-updown-15m-1779015600,"Bitcoin Up or Down - May 17, 7:00AM-7:15AM ET",btc-updown-15m-1779015600,2026-05-17T11:15:00Z,,0.5,0.51,0.49,0.5,0.505,0.51,49.36,,1056.94,13.03,2026-05-17T11:00:05.569Z,BRTI,78412.27,,78416.462,60,Polymarket RTDS,78432.17099106555,78431.7115082606,1.1400000000000001,0.89,
2026-05-17T11:00:08.677Z,2026-05-17T11:00:07.498Z,KXBTC15M-26MAY170715-15,BTC price up in next 15 mins?,KXBTC15M-26MAY170715,2026-05-17T11:15:00Z,active,0.62,0.63,0.37,0.38,0.625,0.51,165.00,165.00,821.78,5.8,2026-05-17T11:00:07.555Z,btc-updown-15m-1779015600,"Bitcoin Up or Down - May 17, 7:00AM-7:15AM ET",btc-updown-15m-1779015600,2026-05-17T11:15:00Z,,0.52,0.53,0.47,0.48,0.525,0.51,49.36,,98.35,126.12,2026-05-17T11:00:07.555Z,BRTI,78410.18,,78411.225,2,Polymarket RTDS,78434.77053910463,78431.7115082606,1.1099999999999999,0.91,
2026-05-17T11:00:09.972Z,2026-05-17T11:00:09.477Z,KXBTC15M-26MAY170715-15,BTC price up in next 15 mins?,KXBTC15M-26MAY170715,2026-05-17T11:15:00Z,active,0.62,0.63,0.37,0.38,0.625,0.51,165.00,165.00,666.52,19.8,2026-05-17T11:00:09.529Z,btc-updown-15m-1779015600,"Bitcoin Up or Down - May 17, 7:00AM-7:15AM ET",btc-updown-15m-1779015600,2026-05-17T11:15:00Z,,0.52,0.53,0.47,0.48,0.525,0.51,49.36,,89.76,134.11,2026-05-17T11:00:09.529Z,BRTI,78411.61,,78411.35333333333,3,Polymarket RTDS,78434.490635,78431.7115082606,1.1099999999999999,0.91,
2026-05-17T11:00:12.182Z,2026-05-17T11:00:11.489Z,KXBTC15M-26MAY170715-15,BTC price up in next 15 mins?,KXBTC15M-26MAY170715,2026-05-17T11:15:00Z,active,0.63,0.64,0.36,0.37,0.635,0.51,165.00,165.00,10.0,452.1,2026-05-17T11:00:11.552Z,btc-updown-15m-1779015600,"Bitcoin Up or Down - May 17, 7:00AM-7:15AM ET",btc-updown-15m-1779015600,2026-05-17T11:15:00Z,,0.52,0.53,0.47,0.48,0.525,0.51,49.36,,57.81,129.12,2026-05-17T11:00:11.552Z,BRTI,78429.39,,78415.8625,4,Polymarket RTDS,78434.69595,78431.7115082606,1.12,0.9,
2026-05-17T11:00:14.063Z,2026-05-17T11:00:13.504Z,KXBTC15M-26MAY170715-15,BTC price up in next 15 mins?,KXBTC15M-26MAY170715,2026-05-17T11:15:00Z,active,0.64,0.65,0.35,0.36,0.645,0.51,165.00,165.00,137.35,238.41,2026-05-17T11:00:13.559Z,btc-updown-15m-1779015600,"Bitcoin Up or Down - May 17, 7:00AM-7:15AM ET",btc-updown-15m-1779015600,2026-05-17T11:15:00Z,,0.54,0.55,0.45,0.46,0.545,0.51,49.36,,24.8,10.0,2026-05-17T11:00:13.559Z,BRTI,78410.18,,78414.726,5,Polymarket RTDS,78435.11594001797,78431.7115082606,1.11,0.91,
2026-05-17T11:00:16.020Z,2026-05-17T11:00:15.490Z,KXBTC15M-26MAY170715-15,BTC price up in next 15 mins?,KXBTC15M-26MAY170715,2026-05-17T11:15:00Z,active,0.64,0.65,0.35,0.36,0.645,0.51,165.00,165.00,121.56,70.74,2026-05-17T11:00:15.541Z,btc-updown-15m-1779015600,"Bitcoin Up or Down - May 17, 7:00AM-7:15AM ET",btc-updown-15m-1779015600,2026-05-17T11:15:00Z,,0.54,0.55,0.45,0.46,0.545,0.51,49.36,,142.22,35.25,2026-05-17T11:00:15.541Z,BRTI,78411.61,,78414.20666666667,6,Polymarket RTDS,78435.50929438499,78431.7115082606,1.11,0.91,
2026-05-17T11:00:18.031Z,2026-05-17T11:00:17.492Z,KXBTC15M-26MAY170715-15,BTC price up in next 15 mins?,KXBTC15M-26MAY170715,2026-05-17T11:15:00Z,active,0.64,0.65,0.35,0.36,0.645,0.51,165.00,165.00,960.0,208.34,2026-05-17T11:00:17.550Z,btc-updown-15m-1779015600,"Bitcoin Up or Down - May 17, 7:00AM-7:15AM ET",btc-updown-15m-1779015600,2026-05-17T11:15:00Z,,0.54,0.55,0.45,0.46,0.545,0.51,49.36,,76.4,36.61,2026-05-17T11:00:17.550Z,BRTI,78412.5,,78413.96285714286,7,Polymarket RTDS,78436.25035,78431.7115082606,1.11,0.91,
2026-05-17T11:00:20.026Z,2026-05-17T11:00:19.493Z,KXBTC15M-26MAY170715-15,BTC price up in next 15 mins?,KXBTC15M-26MAY170715,2026-05-17T11:15:00Z,active,0.64,0.65,0.35,0.36,0.645,0.51,165.00,165.00,1539.89,140.0,2026-05-17T11:00:19.567Z,btc-updown-15m-1779015600,"Bitcoin Up or Down - May 17, 7:00AM-7:15AM ET",btc-updown-15m-1779015600,2026-05-17T11:15:00Z,,0.54,0.56,0.45,0.46,0.55,0.51,49.36,,85.87,5.0,2026-05-17T11:00:19.567Z,BRTI,78429.39,,78415.89125,8,Polymarket RTDS,78436.31581020236,78431.7115082606,1.11,0.92,
2026-05-17T11:00:22.022Z,2026-05-17T11:00:21.489Z,KXBTC15M-26MAY170715-15,BTC price up in next 15 mins?,KXBTC15M-26MAY170715,2026-05-17T11:15:00Z,active,0.64,0.65,0.35,0.36,0.645,0.51,165.00,165.00,1195.72,12.0,2026-05-17T11:00:21.539Z,btc-updown-15m-1779015600,"Bitcoin Up or Down - May 17, 7:00AM-7:15AM ET",btc-updown-15m-1779015600,2026-05-17T11:15:00Z,,0.57,0.58,0.42,0.43,0.575,0.51,49.36,,5.0,16.04,2026-05-17T11:00:21.539Z,BRTI,78449.28,,78419.60111111111,9,Polymarket RTDS,78436.54006666804,78431.7115082606,1.08,0.94,
2026-05-17T11:00:23.972Z,2026-05-17T11:00:23.480Z,KXBTC15M-26MAY170715-15,BTC price up in next 15 mins?,KXBTC15M-26MAY170715,2026-05-17T11:15:00Z,active,0.64,0.66,0.34,0.36,0.65,0.51,165.00,165.00,1123.48,1849.5,2026-05-17T11:00:23.540Z,btc-updown-15m-1779015600,"Bitcoin Up or Down - May 17, 7:00AM-7:15AM ET",btc-updown-15m-1779015600,2026-05-17T11:15:00Z,,0.56,0.57,0.43,0.44,0.565,0.51,49.36,,44.72,12.0,2026-05-17T11:00:23.540Z,BRTI,78429.39,,78420.58,10,Polymarket RTDS,78439.38085162207,78431.7115082606,1.1,0.9299999999999999,
2026-05-17T11:00:25.973Z,2026-05-17T11:00:25.482Z,KXBTC15M-26MAY170715-15,BTC price up in next 15 mins?,KXBTC15M-26MAY170715,2026-05-17T11:15:00Z,active,0.64,0.65,0.35,0.36,0.645,0.51,165.00,165.00,1007.59,1568.3,2026-05-17T11:00:25.528Z,btc-updown-15m-1779015600,"Bitcoin Up or Down - May 17, 7:00AM-7:15AM ET",btc-updown-15m-1779015600,2026-05-17T11:15:00Z,,0.56,0.57,0.43,0.44,0.565,0.51,49.36,,85.45,17.97,2026-05-17T11:00:25.528Z,BRTI,78449.28,,78423.18909090909,11,Polymarket RTDS,78439.50079891716,78431.7115082606,1.09,0.9299999999999999,
2026-05-17T11:00:28.014Z,2026-05-17T11:00:27.482Z,KXBTC15M-26MAY170715-15,BTC price up in next 15 mins?,KXBTC15M-26MAY170715,2026-05-17T11:15:00Z,active,0.64,0.65,0.35,0.36,0.645,0.51,165.00,165.00,939.59,1546.94,2026-05-17T11:00:27.531Z,btc-updown-15m-1779015600,"Bitcoin Up or Down - May 17, 7:00AM-7:15AM ET",btc-updown-15m-1779015600,2026-05-17T11:15:00Z,,0.56,0.57,0.43,0.44,0.565,0.51,49.36,,61.45,31.44,2026-05-17T11:00:27.531Z,BRTI,78449.28,,78425.36333333333,12,Polymarket RTDS,78440.01590501465,78431.7115082606,1.09,0.9299999999999999,
2026-05-17T11:00:30.008Z,2026-05-17T11:00:29.484Z,KXBTC15M-26MAY170715-15,BTC price up in next 15 mins?,KXBTC15M-26MAY170715,2026-05-17T11:15:00Z,active,0.64,0.65,0.35,0.36,0.645,0.51,165.00,165.00,1085.55,1118.76,2026-05-17T11:00:29.531Z,btc-updown-15m-1779015600,"Bitcoin Up or Down - May 17, 7:00AM-7:15AM ET",btc-updown-15m-1779015600,2026-05-17T11:15:00Z,,0.56,0.57,0.43,0.44,0.565,0.51,49.36,,33.5,46.44,2026-05-17T11:00:29.531Z,BRTI,78447.07,,78427.03307692308,13,Polymarket RTDS,78439.76987769181,78431.7115082606,1.09,0.9299999999999999,
2026-05-17T11:00:32.045Z,2026-05-17T11:00:31.496Z,KXBTC15M-26MAY170715-15,BTC price up in next 15 mins?,KXBTC15M-26MAY170715,2026-05-17T11:15:00Z,active,0.64,0.65,0.35,0.36,0.645,0.51,165.00,165.00,412.69,172.01,2026-05-17T11:00:31.545Z,btc-updown-15m-1779015600,"Bitcoin Up or Down - May 17, 7:00AM-7:15AM ET",btc-updown-15m-1779015600,2026-05-17T11:15:00Z,,0.56,0.57,0.43,0.44,0.565,0.51,49.36,,58.96,58.09,2026-05-17T11:00:31.545Z,BRTI,78449.28,,78428.62214285714,14,Polymarket RTDS,78439.77991138826,78431.7115082606,1.09,0.9299999999999999,
2026-05-17T11:00:33.973Z,2026-05-17T11:00:33.488Z,KXBTC15M-26MAY170715-15,BTC price up in next 15 mins?,KXBTC15M-26MAY170715,2026-05-17T11:15:00Z,active,0.64,0.65,0.35,0.36,0.645,0.51,165.00,165.00,1128.44,67.54,2026-05-17T11:00:33.536Z,btc-updown-15m-1779015600,"Bitcoin Up or Down - May 17, 7:00AM-7:15AM ET",btc-updown-15m-1779015600,2026-05-17T11:15:00Z,,0.56,0.57,0.43,0.44,0.565,0.51,49.36,,98.96,44.23,2026-05-17T11:00:33.536Z,BRTI,78440.54,,78429.41666666667,15,Polymarket RTDS,78439.24355,78431.7115082606,1.09,0.9299999999999999,
2026-05-17T11:00:35.987Z,2026-05-17T11:00:35.479Z,KXBTC15M-26MAY170715-15,BTC price up in next 15 mins?,KXBTC15M-26MAY170715,2026-05-17T11:15:00Z,active,0.63,0.64,0.36,0.37,0.635,0.66,12317.86,10999.46,999.55,1342.5,2026-05-17T11:00:35.526Z,btc-updown-15m-1779015600,"Bitcoin Up or Down - May 17, 7:00AM-7:15AM ET",btc-updown-15m-1779015600,2026-05-17T11:15:00Z,,0.56,0.57,0.43,0.44,0.565,0.51,49.36,,48.59,59.59,2026-05-17T11:00:35.526Z,BRTI,78450.55,78425.04,78430.7375,16,Polymarket RTDS,78439.252905,78431.7115082606,1.08,0.94,
2026-05-17T11:00:38.089Z,2026-05-17T11:00:37.509Z,KXBTC15M-26MAY170715-15,BTC price up in next 15 mins?,KXBTC15M-26MAY170715,2026-05-17T11:15:00Z,active,0.63,0.64,0.36,0.37,0.635,0.66,12317.86,10999.46,1085.55,2950.01,2026-05-17T11:00:37.560Z,btc-updown-15m-1779015600,"Bitcoin Up or Down - May 17, 7:00AM-7:15AM ET",btc-updown-15m-1779015600,2026-05-17T11:15:00Z,,0.56,0.57,0.43,0.44,0.565,0.51,49.36,,15.0,157.42,2026-05-17T11:00:37.560Z,BRTI,78447.07,78425.04,78431.69823529413,17,Polymarket RTDS,78440.106793676,78431.7115082606,1.08,0.94,
2026-05-17T11:00:40.360Z,2026-05-17T11:00:39.497Z,KXBTC15M-26MAY170715-15,BTC price up in next 15 mins?,KXBTC15M-26MAY170715,2026-05-17T11:15:00Z,active,0.63,0.64,0.36,0.37,0.635,0.66,12317.86,10999.46,937.52,2620.93,2026-05-17T11:00:39.550Z,btc-updown-15m-1779015600,"Bitcoin Up or Down - May 17, 7:00AM-7:15AM ET",btc-updown-15m-1779015600,2026-05-17T11:15:00Z,,0.55,0.56,0.44,0.45,0.555,0.51,49.36,,116.63,130.48,2026-05-17T11:00:39.550Z,BRTI,78450.55,78425.04,78432.74555555555,18,Polymarket RTDS,78439.87760913119,78431.7115082606,1.09,0.93,
2026-05-17T11:00:42.142Z,2026-05-17T11:00:41.496Z,KXBTC15M-26MAY170715-15,BTC price up in next 15 mins?,KXBTC15M-26MAY170715,2026-05-17T11:15:00Z,active,0.65,0.66,0.34,0.35,0.655,0.66,12317.86,10999.46,1136.86,96.43,2026-05-17T11:00:41.547Z,btc-updown-15m-1779015600,"Bitcoin Up or Down - May 17, 7:00AM-7:15AM ET",btc-updown-15m-1779015600,2026-05-17T11:15:00Z,,0.55,0.56,0.44,0.45,0.555,0.51,49.36,,114.58,25.0,2026-05-17T11:00:41.547Z,BRTI,78412.5,78425.04,78431.68,19,Polymarket RTDS,78439.8785836037,78431.7115082606,1.11,0.91,
2026-05-17T11:00:44.049Z,2026-05-17T11:00:43.488Z,KXBTC15M-26MAY170715-15,BTC price up in next 15 mins?,KXBTC15M-26MAY170715,2026-05-17T11:15:00Z,active,0.63,0.65,0.35,0.37,0.64,0.66,12317.86,10999.46,1404.99,75.0,2026-05-17T11:00:43.545Z,btc-updown-15m-1779015600,"Bitcoin Up or Down - May 17, 7:00AM-7:15AM ET",btc-updown-15m-1779015600,2026-05-17T11:15:00Z,,0.56,0.57,0.43,0.44,0.565,0.51,49.36,,30.52,150.74,2026-05-17T11:00:43.545Z,BRTI,78410.18,78425.04,78430.60500000001,20,Polymarket RTDS,78439.70861411272,78431.7115082606,1.09,0.94,
2026-05-17T11:00:46.096Z,2026-05-17T11:00:45.518Z,KXBTC15M-26MAY170715-15,BTC price up in next 15 mins?,KXBTC15M-26MAY170715,2026-05-17T11:15:00Z,active,0.62,0.64,0.36,0.38,0.63,0.66,12317.86,10999.46,1534.49,1314.7,2026-05-17T11:00:45.585Z,btc-updown-15m-1779015600,"Bitcoin Up or Down - May 17, 7:00AM-7:15AM ET",btc-updown-15m-1779015600,2026-05-17T11:15:00Z,,0.55,0.56,0.44,0.45,0.555,0.51,49.36,,28.63,19.28,2026-05-17T11:00:45.585Z,BRTI,78410.18,78425.04,78429.63238095239,21,Polymarket RTDS,78440.59251622995,78431.7115082606,1.09,0.9400000000000001,
2026-05-17T11:00:47.989Z,2026-05-17T11:00:47.489Z,KXBTC15M-26MAY170715-15,BTC price up in next 15 mins?,KXBTC15M-26MAY170715,2026-05-17T11:15:00Z,active,0.53,0.54,0.46,0.47,0.535,0.66,12317.86,10999.46,60.0,1305.42,2026-05-17T11:00:47.541Z,btc-updown-15m-1779015600,"Bitcoin Up or Down - May 17, 7:00AM-7:15AM ET",btc-updown-15m-1779015600,2026-05-17T11:15:00Z,,0.43,0.44,0.56,0.57,0.435,0.51,49.36,,34.64,144.93,2026-05-17T11:00:47.541Z,BRTI,78447.07,78425.04,78430.425,22,Polymarket RTDS,78438.90063675291,78431.7115082606,1.1099999999999999,0.9099999999999999,
2026-05-17T11:00:49.994Z,2026-05-17T11:00:49.499Z,KXBTC15M-26MAY170715-15,BTC price up in next 15 mins?,KXBTC15M-26MAY170715,2026-05-17T11:15:00Z,active,0.46,0.47,0.53,0.54,0.46499999999999997,0.66,12317.86,10999.46,400.5,1268.32,2026-05-17T11:00:49.546Z,btc-updown-15m-1779015600,"Bitcoin Up or Down - May 17, 7:00AM-7:15AM ET",btc-updown-15m-1779015600,2026-05-17T11:15:00Z,,0.42,0.44,0.56,0.58,0.43,0.51,49.36,,18.24,188.73,2026-05-17T11:00:49.546Z,BRTI,78451.77,78425.04,78431.35304347826,23,Polymarket RTDS,78424.9983829611,78431.7115082606,1.0499999999999998,0.98,
2026-05-17T11:00:52.028Z,2026-05-17T11:00:51.490Z,KXBTC15M-26MAY170715-15,BTC price up in next 15 mins?,KXBTC15M-26MAY170715,2026-05-17T11:15:00Z,active,0.46,0.47,0.53,0.54,0.46499999999999997,0.66,12317.86,10999.46,233.3,992.0,2026-05-17T11:00:51.543Z,btc-updown-15m-1779015600,"Bitcoin Up or Down - May 17, 7:00AM-7:15AM ET",btc-updown-15m-1779015600,2026-05-17T11:15:00Z,,0.4,0.41,0.59,0.6,0.405,0.51,49.36,,87.78,18.14,2026-05-17T11:00:51.543Z,BRTI,78452.06,78425.04,78432.21583333334,24,Polymarket RTDS,78415.86224936518,78431.7115082606,1.0699999999999998,0.95,
2026-05-17T11:00:53.987Z,2026-05-17T11:00:53.476Z,KXBTC15M-26MAY170715-15,BTC price up in next 15 mins?,KXBTC15M-26MAY170715,2026-05-17T11:15:00Z,active,0.45,0.46,0.54,0.55,0.455,0.66,12317.86,10999.46,415.0,1136.0,2026-05-17T11:00:53.529Z,btc-updown-15m-1779015600,"Bitcoin Up or Down - May 17, 7:00AM-7:15AM ET",btc-updown-15m-1779015600,2026-05-17T11:15:00Z,,0.4,0.41,0.59,0.6,0.405,0.51,49.36,,48.26,92.49,2026-05-17T11:00:53.529Z,BRTI,78447.07,78425.04,78432.81,25,Polymarket RTDS,78413.3812811264,78431.7115082606,1.06,0.96,
2026-05-17T11:00:56.017Z,2026-05-17T11:00:55.489Z,KXBTC15M-26MAY170715-15,BTC price up in next 15 mins?,KXBTC15M-26MAY170715,2026-05-17T11:15:00Z,active,0.45,0.46,0.54,0.55,0.455,0.66,12317.86,10999.46,360.08,1189.33,2026-05-17T11:00:55.544Z,btc-updown-15m-1779015600,"Bitcoin Up or Down - May 17, 7:00AM-7:15AM ET",btc-updown-15m-1779015600,2026-05-17T11:15:00Z,,0.37,0.38,0.62,0.63,0.375,0.51,49.36,,2.72,96.25,2026-05-17T11:00:55.544Z,BRTI,78451.77,78425.04,78433.53923076924,26,Polymarket RTDS,78412.86257850548,78431.7115082606,1.09,0.93,
2026-05-17T11:00:58.070Z,2026-05-17T11:00:57.494Z,KXBTC15M-26MAY170715-15,BTC price up in next 15 mins?,KXBTC15M-26MAY170715,2026-05-17T11:15:00Z,active,0.44,0.45,0.55,0.56,0.445,0.66,12317.86,10999.46,13.0,1185.0,2026-05-17T11:00:57.550Z,btc-updown-15m-1779015600,"Bitcoin Up or Down - May 17, 7:00AM-7:15AM ET",btc-updown-15m-1779015600,2026-05-17T11:15:00Z,,0.37,0.38,0.62,0.63,0.375,0.51,49.36,,1.13,162.37,2026-05-17T11:00:57.550Z,BRTI,78412.5,78425.04,78432.76,27,Polymarket RTDS,78410.335455,78431.7115082606,1.08,0.9400000000000001,
2026-05-17T11:00:59.998Z,2026-05-17T11:00:59.485Z,KXBTC15M-26MAY170715-15,BTC price up in next 15 mins?,KXBTC15M-26MAY170715,2026-05-17T11:15:00Z,active,0.43,0.44,0.56,0.57,0.435,0.66,12317.86,10999.46,38.89,959.41,2026-05-17T11:00:59.534Z,btc-updown-15m-1779015600,"Bitcoin Up or Down - May 17, 7:00AM-7:15AM ET",btc-updown-15m-1779015600,2026-05-17T11:15:00Z,,0.32,0.34,0.66,0.68,0.33,0.51,49.36,,61.7,12.0,2026-05-17T11:00:59.534Z,BRTI,78447.07,78425.04,78433.27107142856,28,Polymarket RTDS,78410.296875,78431.7115082606,1.12,0.9099999999999999,
2026-05-17T11:01:02.614Z,2026-05-17T11:01:01.494Z,KXBTC15M-26MAY170715-15,BTC price up in next 15 mins?,KXBTC15M-26MAY170715,2026-05-17T11:15:00Z,active,0.41,0.42,0.58,0.59,0.415,0.66,12317.86,10999.46,133.25,1493.23,2026-05-17T11:01:01.757Z,btc-updown-15m-1779015600,"Bitcoin Up or Down - May 17, 7:00AM-7:15AM ET",btc-updown-15m-1779015600,2026-05-17T11:15:00Z,,0.32,0.33,0.67,0.68,0.325,0.51,49.36,,3.51,10.0,2026-05-17T11:01:01.757Z,BRTI,78452.06,78425.04,78433.91896551724,29,Polymarket RTDS,78405.49454369585,78431.7115082606,1.1,0.9199999999999999,
2026-05-17T11:01:04.165Z,2026-05-17T11:01:03.496Z,KXBTC15M-26MAY170715-15,BTC price up in next 15 mins?,KXBTC15M-26MAY170715,2026-05-17T11:15:00Z,active,0.4,0.41,0.59,0.6,0.405,0.66,12317.86,10999.46,449.28,1078.0,2026-05-17T11:01:03.669Z,btc-updown-15m-1779015600,"Bitcoin Up or Down - May 17, 7:00AM-7:15AM ET",btc-updown-15m-1779015600,2026-05-17T11:15:00Z,,0.33,0.34,0.66,0.67,0.335,0.51,49.36,,5.0,172.88,2026-05-17T11:01:03.669Z,BRTI,78440.54,78425.04,78434.13966666667,30,Polymarket RTDS,78402.477,78431.7115082606,1.08,0.94,
2026-05-17T11:01:06.014Z,2026-05-17T11:01:05.505Z,KXBTC15M-26MAY170715-15,BTC price up in next 15 mins?,KXBTC15M-26MAY170715,2026-05-17T11:15:00Z,active,0.4,0.41,0.59,0.6,0.405,0.4,25823.73,15419.05,817.71,846.26,2026-05-17T11:01:05.562Z,btc-updown-15m-1779015600,"Bitcoin Up or Down - May 17, 7:00AM-7:15AM ET",btc-updown-15m-1779015600,2026-05-17T11:15:00Z,,0.32,0.33,0.67,0.68,0.325,0.51,49.36,,45.31,278.22,2026-05-17T11:01:05.562Z,BRTI,78411.41,78425.04,78433.4064516129,31,Polymarket RTDS,78401.16843,78431.7115082606,1.09,0.9299999999999999,
2026-05-17T11:01:08.021Z,2026-05-17T11:01:07.485Z,KXBTC15M-26MAY170715-15,BTC price up in next 15 mins?,KXBTC15M-26MAY170715,2026-05-17T11:15:00Z,active,0.4,0.41,0.59,0.6,0.405,0.4,25823.73,15419.05,1983.82,703.27,2026-05-17T11:01:07.536Z,btc-updown-15m-1779015600,"Bitcoin Up or Down - May 17, 7:00AM-7:15AM ET",btc-updown-15m-1779015600,2026-05-17T11:15:00Z,,0.32,0.33,0.67,0.68,0.325,0.51,49.36,,85.31,268.22,2026-05-17T11:01:07.536Z,BRTI,78440.54,78425.04,78433.629375,32,Polymarket RTDS,78401.63300203616,78431.7115082606,1.09,0.9299999999999999,
2026-05-17T11:01:10.000Z,2026-05-17T11:01:09.494Z,KXBTC15M-26MAY170715-15,BTC price up in next 15 mins?,KXBTC15M-26MAY170715,2026-05-17T11:15:00Z,active,0.38,0.39,0.61,0.62,0.385,0.4,25823.73,15419.05,122.0,2319.71,2026-05-17T11:01:09.539Z,btc-updown-15m-1779015600,"Bitcoin Up or Down - May 17, 7:00AM-7:15AM ET",btc-updown-15m-1779015600,2026-05-17T11:15:00Z,,0.3,0.31,0.69,0.7,0.305,0.51,49.36,,7.93,17.0,2026-05-17T11:01:09.539Z,BRTI,78440.54,78425.04,78433.83878787879,33,Polymarket RTDS,78401.63762045713,78431.7115082606,1.0899999999999999,0.9299999999999999,
2026-05-17T11:01:11.990Z,2026-05-17T11:01:11.492Z,KXBTC15M-26MAY170715-15,BTC price up in next 15 mins?,KXBTC15M-26MAY170715,2026-05-17T11:15:00Z,active,0.37,0.38,0.62,0.63,0.375,0.4,25823.73,15419.05,102.81,1966.85,2026-05-17T11:01:11.541Z,btc-updown-15m-1779015600,"Bitcoin Up or Down - May 17, 7:00AM-7:15AM ET",btc-updown-15m-1779015600,2026-05-17T11:15:00Z,,0.31,0.32,0.68,0.69,0.315,0.51,49.36,,12.0,43.39,2026-05-17T11:01:11.541Z,BRTI,78452.06,78425.04,78434.37470588236,34,Polymarket RTDS,78392.52127632024,78431.7115082606,1.0699999999999998,0.95,
2026-05-17T11:01:14.000Z,2026-05-17T11:01:13.488Z,KXBTC15M-26MAY170715-15,BTC price up in next 15 mins?,KXBTC15M-26MAY170715,2026-05-17T11:15:00Z,active,0.37,0.38,0.62,0.63,0.375,0.4,25823.73,15419.05,77.06,2876.37,2026-05-17T11:01:13.538Z,btc-updown-15m-1779015600,"Bitcoin Up or Down - May 17, 7:00AM-7:15AM ET",btc-updown-15m-1779015600,2026-05-17T11:15:00Z,,0.3,0.31,0.69,0.7,0.305,0.51,49.36,,7.34,249.06,2026-05-17T11:01:13.538Z,BRTI,78451.77,78425.04,78434.8717142857,35,Polymarket RTDS,78390.28352712785,78431.7115082606,1.08,0.94,
2026-05-17T11:01:16.005Z,2026-05-17T11:01:15.488Z,KXBTC15M-26MAY170715-15,BTC price up in next 15 mins?,KXBTC15M-26MAY170715,2026-05-17T11:15:00Z,active,0.37,0.38,0.62,0.63,0.375,0.4,25823.73,15419.05,44.59,2841.09,2026-05-17T11:01:15.545Z,btc-updown-15m-1779015600,"Bitcoin Up or Down - May 17, 7:00AM-7:15AM ET",btc-updown-15m-1779015600,2026-05-17T11:15:00Z,,0.29,0.3,0.7,0.71,0.295,0.51,49.36,,4.28,305.46,2026-05-17T11:01:15.545Z,BRTI,78452.06,78425.04,78435.34916666667,36,Polymarket RTDS,78389.77408156528,78431.7115082606,1.0899999999999999,0.9299999999999999,
2026-05-17T11:01:17.996Z,2026-05-17T11:01:17.496Z,KXBTC15M-26MAY170715-15,BTC price up in next 15 mins?,KXBTC15M-26MAY170715,2026-05-17T11:15:00Z,active,0.3,0.31,0.69,0.7,0.305,0.4,25823.73,15419.05,3512.18,1642.0,2026-05-17T11:01:17.540Z,btc-updown-15m-1779015600,"Bitcoin Up or Down - May 17, 7:00AM-7:15AM ET",btc-updown-15m-1779015600,2026-05-17T11:15:00Z,,0.26,0.27,0.73,0.74,0.265,0.51,49.36,,2.34,21.11,2026-05-17T11:01:17.540Z,BRTI,78429.39,78425.04,78435.18810810811,37,Polymarket RTDS,78387.93917164544,78431.7115082606,1.05,0.97,
2026-05-17T11:01:20.021Z,2026-05-17T11:01:19.491Z,KXBTC15M-26MAY170715-15,BTC price up in next 15 mins?,KXBTC15M-26MAY170715,2026-05-17T11:15:00Z,active,0.3,0.31,0.69,0.7,0.305,0.4,25823.73,15419.05,817.18,2456.51,2026-05-17T11:01:19.557Z,btc-updown-15m-1779015600,"Bitcoin Up or Down - May 17, 7:00AM-7:15AM ET",btc-updown-15m-1779015600,2026-05-17T11:15:00Z,,0.2,0.21,0.79,0.8,0.20500000000000002,0.51,49.36,,10.0,94.68,2026-05-17T11:01:19.557Z,BRTI,78452.06,78425.04,78435.63210526315,38,Polymarket RTDS,78384.04644959058,78431.7115082606,1.11,0.9099999999999999,
2026-05-17T11:01:21.995Z,2026-05-17T11:01:21.479Z,KXBTC15M-26MAY170715-15,BTC price up in next 15 mins?,KXBTC15M-26MAY170715,2026-05-17T11:15:00Z,active,0.25,0.26,0.74,0.75,0.255,0.4,25823.73,15419.05,507.0,2158.63,2026-05-17T11:01:21.524Z,btc-updown-15m-1779015600,"Bitcoin Up or Down - May 17, 7:00AM-7:15AM ET",btc-updown-15m-1779015600,2026-05-17T11:15:00Z,,0.17,0.19,0.81,0.83,0.18,0.51,49.36,,30.0,133.07,2026-05-17T11:01:21.524Z,BRTI,78418.0,78425.04,78435.18000000001,39,Polymarket RTDS,78369.1256163685,78431.7115082606,1.0899999999999999,0.94,
2026-05-17T11:01:24.013Z,2026-05-17T11:01:23.487Z,KXBTC15M-26MAY170715-15,BTC price up in next 15 mins?,KXBTC15M-26MAY170715,2026-05-17T11:15:00Z,active,0.25,0.26,0.74,0.75,0.255,0.4,25823.73,15419.05,507.0,2729.91,2026-05-17T11:01:23.542Z,btc-updown-15m-1779015600,"Bitcoin Up or Down - May 17, 7:00AM-7:15AM ET",btc-updown-15m-1779015600,2026-05-17T11:15:00Z,,0.16,0.18,0.82,0.84,0.16999999999999998,0.51,49.36,,53.07,36.1,2026-05-17T11:01:23.542Z,BRTI,78429.39,78425.04,78435.03525,40,Polymarket RTDS,78358.62721,78431.7115082606,1.1,0.9299999999999999,
2026-05-17T11:01:25.992Z,2026-05-17T11:01:25.490Z,KXBTC15M-26MAY170715-15,BTC price up in next 15 mins?,KXBTC15M-26MAY170715,2026-05-17T11:15:00Z,active,0.25,0.26,0.74,0.75,0.255,0.4,25823.73,15419.05,453.63,1909.78,2026-05-17T11:01:25.537Z,btc-updown-15m-1779015600,"Bitcoin Up or Down - May 17, 7:00AM-7:15AM ET",btc-updown-15m-1779015600,2026-05-17T11:15:00Z,,0.16,0.17,0.83,0.84,0.165,0.51,49.36,,28.22,83.15,2026-05-17T11:01:25.537Z,BRTI,78440.54,78425.04,78435.16951219512,41,Polymarket RTDS,78356.29113348089,78431.7115082606,1.1,0.92,
2026-05-17T11:01:28.026Z,2026-05-17T11:01:27.487Z,KXBTC15M-26MAY170715-15,BTC price up in next 15 mins?,KXBTC15M-26MAY170715,2026-05-17T11:15:00Z,active,0.25,0.26,0.74,0.75,0.255,0.4,25823.73,15419.05,2150.22,1062.91,2026-05-17T11:01:27.539Z,btc-updown-15m-1779015600,"Bitcoin Up or Down - May 17, 7:00AM-7:15AM ET",btc-updown-15m-1779015600,2026-05-17T11:15:00Z,,0.18,0.19,0.81,0.82,0.185,0.51,49.36,,18.0,41.33,2026-05-17T11:01:27.539Z,BRTI,78429.39,78425.04,78435.0319047619,42,Polymarket RTDS,78358.39538868096,78431.7115082606,1.08,0.94,
2026-05-17T11:01:29.992Z,2026-05-17T11:01:29.496Z,KXBTC15M-26MAY170715-15,BTC price up in next 15 mins?,KXBTC15M-26MAY170715,2026-05-17T11:15:00Z,active,0.25,0.26,0.74,0.75,0.255,0.4,25823.73,15419.05,2143.22,756.74,2026-05-17T11:01:29.545Z,btc-updown-15m-1779015600,"Bitcoin Up or Down - May 17, 7:00AM-7:15AM ET",btc-updown-15m-1779015600,2026-05-17T11:15:00Z,,0.17,0.18,0.82,0.83,0.175,0.51,49.36,,150.12,257.69,2026-05-17T11:01:29.546Z,BRTI,78447.07,78425.04,78435.31186046512,43,Polymarket RTDS,78358.66996153853,78431.7115082606,1.0899999999999999,0.9299999999999999,
2026-05-17T11:01:32.027Z,2026-05-17T11:01:31.504Z,KXBTC15M-26MAY170715-15,BTC price up in next 15 mins?,KXBTC15M-26MAY170715,2026-05-17T11:15:00Z,active,0.25,0.26,0.74,0.75,0.255,0.4,25823.73,15419.05,20.74,3269.94,2026-05-17T11:01:31.556Z,btc-updown-15m-1779015600,"Bitcoin Up or Down - May 17, 7:00AM-7:15AM ET",btc-updown-15m-1779015600,2026-05-17T11:15:00Z,,0.17,0.19,0.81,0.83,0.18,0.51,49.36,,19.11,46.0,2026-05-17T11:01:31.556Z,BRTI,78449.28,78425.04,78435.62931818182,44,Polymarket RTDS,78358.60788573232,78431.7115082606,1.0899999999999999,0.94,
2026-05-17T11:01:34.046Z,2026-05-17T11:01:33.503Z,KXBTC15M-26MAY170715-15,BTC price up in next 15 mins?,KXBTC15M-26MAY170715,2026-05-17T11:15:00Z,active,0.22,0.23,0.77,0.78,0.225,0.4,25823.73,15419.05,212.0,3867.09,2026-05-17T11:01:33.557Z,btc-updown-15m-1779015600,"Bitcoin Up or Down - May 17, 7:00AM-7:15AM ET",btc-updown-15m-1779015600,2026-05-17T11:15:00Z,,0.15,0.17,0.83,0.85,0.16,0.51,49.36,,20.8,496.11,2026-05-17T11:01:33.557Z,BRTI,78418.0,78425.04,78435.23755555555,45,Polymarket RTDS,78345.07217371935,78431.7115082606,1.08,0.9500000000000001,
2026-05-17T11:01:36.090Z,2026-05-17T11:01:35.514Z,KXBTC15M-26MAY170715-15,BTC price up in next 15 mins?,KXBTC15M-26MAY170715,2026-05-17T11:15:00Z,active,0.22,0.23,0.77,0.78,0.225,0.22,41416.60,22454.16,2901.89,1240.48,2026-05-17T11:01:35.588Z,btc-updown-15m-1779015600,"Bitcoin Up or Down - May 17, 7:00AM-7:15AM ET",btc-updown-15m-1779015600,2026-05-17T11:15:00Z,,0.15,0.16,0.84,0.85,0.155,0.51,49.36,,103.86,275.58,2026-05-17T11:01:35.588Z,BRTI,78449.28,78425.04,78435.54282608697,46,Polymarket RTDS,78340.74488531296,78431.7115082606,1.08,0.9400000000000001,
2026-05-17T11:01:38.034Z,2026-05-17T11:01:37.503Z,KXBTC15M-26MAY170715-15,BTC price up in next 15 mins?,KXBTC15M-26MAY170715,2026-05-17T11:15:00Z,active,0.22,0.23,0.77,0.78,0.225,0.22,41416.60,22454.16,163.25,1275.78,2026-05-17T11:01:37.553Z,btc-updown-15m-1779015600,"Bitcoin Up or Down - May 17, 7:00AM-7:15AM ET",btc-updown-15m-1779015600,2026-05-17T11:15:00Z,,0.15,0.16,0.84,0.85,0.155,0.51,49.36,,55.22,234.35,2026-05-17T11:01:37.553Z,BRTI,78447.07,78425.04,78435.78808510638,47,Polymarket RTDS,78342.68195914089,78431.7115082606,1.08,0.9400000000000001,
2026-05-17T11:01:40.053Z,2026-05-17T11:01:39.495Z,KXBTC15M-26MAY170715-15,BTC price up in next 15 mins?,KXBTC15M-26MAY170715,2026-05-17T11:15:00Z,active,0.22,0.23,0.77,0.78,0.225,0.22,41416.60,22454.16,1621.14,1233.67,2026-05-17T11:01:39.547Z,btc-updown-15m-1779015600,"Bitcoin Up or Down - May 17, 7:00AM-7:15AM ET",btc-updown-15m-1779015600,2026-05-17T11:15:00Z,,0.15,0.16,0.84,0.85,0.155,0.51,49.36,,9.16,786.74,2026-05-17T11:01:39.547Z,BRTI,78381.99,78425.04,78434.66729166666,48,Polymarket RTDS,78342.51320448986,78431.7115082606,1.08,0.9400000000000001,
2026-05-17T11:01:42.015Z,2026-05-17T11:01:41.495Z,KXBTC15M-26MAY170715-15,BTC price up in next 15 mins?,KXBTC15M-26MAY170715,2026-05-17T11:15:00Z,active,0.21,0.22,0.78,0.79,0.215,0.22,41416.60,22454.16,1653.14,1426.49,2026-05-17T11:01:41.545Z,btc-updown-15m-1779015600,"Bitcoin Up or Down - May 17, 7:00AM-7:15AM ET",btc-updown-15m-1779015600,2026-05-17T11:15:00Z,,0.14,0.15,0.85,0.86,0.14500000000000002,0.51,49.36,,90.95,57.0,2026-05-17T11:01:41.545Z,BRTI,78429.39,78425.04,78434.55959183673,49,Polymarket RTDS,78344.40272286975,78431.7115082606,1.08,0.9400000000000001,
2026-05-17T11:01:43.992Z,2026-05-17T11:01:43.498Z,KXBTC15M-26MAY170715-15,BTC price up in next 15 mins?,KXBTC15M-26MAY170715,2026-05-17T11:15:00Z,active,0.21,0.22,0.78,0.79,0.215,0.22,41416.60,22454.16,27.0,2722.23,2026-05-17T11:01:43.552Z,btc-updown-15m-1779015600,"Bitcoin Up or Down - May 17, 7:00AM-7:15AM ET",btc-updown-15m-1779015600,2026-05-17T11:15:00Z,,0.13,0.14,0.86,0.87,0.135,0.51,49.36,,52.35,282.84,2026-05-17T11:01:43.552Z,BRTI,78381.99,78425.04,78433.5082,50,Polymarket RTDS,78343.09975022137,78431.7115082606,1.09,0.93,
2026-05-17T11:01:45.995Z,2026-05-17T11:01:45.500Z,KXBTC15M-26MAY170715-15,BTC price up in next 15 mins?,KXBTC15M-26MAY170715,2026-05-17T11:15:00Z,active,0.2,0.21,0.79,0.8,0.20500000000000002,0.22,41416.60,22454.16,1203.02,3886.7,2026-05-17T11:01:45.549Z,btc-updown-15m-1779015600,"Bitcoin Up or Down - May 17, 7:00AM-7:15AM ET",btc-updown-15m-1779015600,2026-05-17T11:15:00Z,,0.13,0.14,0.86,0.87,0.135,0.51,49.36,,16.35,357.05,2026-05-17T11:01:45.549Z,BRTI,78450.55,78425.04,78433.84235294118,51,Polymarket RTDS,78341.77937,78431.7115082606,1.08,0.9400000000000001,
2026-05-17T11:01:48.011Z,2026-05-17T11:01:47.502Z,KXBTC15M-26MAY170715-15,BTC price up in next 15 mins?,KXBTC15M-26MAY170715,2026-05-17T11:15:00Z,active,0.2,0.21,0.79,0.8,0.20500000000000002,0.22,41416.60,22454.16,4396.16,986.9,2026-05-17T11:01:47.569Z,btc-updown-15m-1779015600,"Bitcoin Up or Down - May 17, 7:00AM-7:15AM ET",btc-updown-15m-1779015600,2026-05-17T11:15:00Z,,0.12,0.13,0.87,0.88,0.125,0.51,49.36,,16.72,118.58,2026-05-17T11:01:47.569Z,BRTI,78447.07,78425.04,78434.09673076923,52,Polymarket RTDS,78340.04515764589,78431.7115082606,1.09,0.93,
2026-05-17T11:01:50.013Z,2026-05-17T11:01:49.499Z,KXBTC15M-26MAY170715-15,BTC price up in next 15 mins?,KXBTC15M-26MAY170715,2026-05-17T11:15:00Z,active,0.21,0.22,0.78,0.79,0.215,0.22,41416.60,22454.16,2150.83,1047.0,2026-05-17T11:01:49.557Z,btc-updown-15m-1779015600,"Bitcoin Up or Down - May 17, 7:00AM-7:15AM ET",btc-updown-15m-1779015600,2026-05-17T11:15:00Z,,0.12,0.13,0.87,0.88,0.125,0.51,49.36,,157.55,5.0,2026-05-17T11:01:49.557Z,BRTI,78447.07,78425.04,78434.34150943396,53,Polymarket RTDS,78340.99592506977,78431.7115082606,1.1,0.92,
2026-05-17T11:01:51.984Z,2026-05-17T11:01:51.491Z,KXBTC15M-26MAY170715-15,BTC price up in next 15 mins?,KXBTC15M-26MAY170715,2026-05-17T11:15:00Z,active,0.23,0.24,0.76,0.77,0.235,0.22,41416.60,22454.16,3213.16,1008.66,2026-05-17T11:01:51.544Z,btc-updown-15m-1779015600,"Bitcoin Up or Down - May 17, 7:00AM-7:15AM ET",btc-updown-15m-1779015600,2026-05-17T11:15:00Z,,0.18,0.23,0.81,0.82,0.20500000000000002,0.51,49.36,,18.53,20.0,2026-05-17T11:01:51.544Z,BRTI,78447.07,78425.04,78434.57722222221,54,Polymarket RTDS,78340.72433488055,78431.7115082606,1.06,1.0,
2026-05-17T11:01:54.014Z,2026-05-17T11:01:53.493Z,KXBTC15M-26MAY170715-15,BTC price up in next 15 mins?,KXBTC15M-26MAY170715,2026-05-17T11:15:00Z,active,0.23,0.24,0.76,0.77,0.235,0.22,41416.60,22454.16,3255.16,605.23,2026-05-17T11:01:53.545Z,btc-updown-15m-1779015600,"Bitcoin Up or Down - May 17, 7:00AM-7:15AM ET",btc-updown-15m-1779015600,2026-05-17T11:15:00Z,,0.17,0.18,0.82,0.83,0.175,0.51,49.36,,168.78,13.0,2026-05-17T11:01:53.545Z,BRTI,78381.99,78425.04,78433.62109090909,55,Polymarket RTDS,78348.63742,78431.7115082606,1.0699999999999998,0.95,
2026-05-17T11:01:56.055Z,2026-05-17T11:01:55.502Z,KXBTC15M-26MAY170715-15,BTC price up in next 15 mins?,KXBTC15M-26MAY170715,2026-05-17T11:15:00Z,active,0.24,0.25,0.75,0.76,0.245,0.22,41416.60,22454.16,3176.09,1416.0,2026-05-17T11:01:55.558Z,btc-updown-15m-1779015600,"Bitcoin Up or Down - May 17, 7:00AM-7:15AM ET",btc-updown-15m-1779015600,2026-05-17T11:15:00Z,,0.18,0.19,0.81,0.82,0.185,0.51,49.36,,309.63,243.2,2026-05-17T11:01:55.558Z,BRTI,78447.07,78425.04,78433.86125,56,Polymarket RTDS,78351.26643545901,78431.7115082606,1.0699999999999998,0.95,
2026-05-17T11:01:58.110Z,2026-05-17T11:01:57.497Z,KXBTC15M-26MAY170715-15,BTC price up in next 15 mins?,KXBTC15M-26MAY170715,2026-05-17T11:15:00Z,active,0.24,0.25,0.75,0.76,0.245,0.22,41416.60,22454.16,48.59,3551.7,2026-05-17T11:01:57.615Z,btc-updown-15m-1779015600,"Bitcoin Up or Down - May 17, 7:00AM-7:15AM ET",btc-updown-15m-1779015600,2026-05-17T11:15:00Z,,0.17,0.18,0.82,0.83,0.175,0.51,49.36,,125.65,186.96,2026-05-17T11:01:57.615Z,BRTI,78452.06,78425.04,78434.18052631579,57,Polymarket RTDS,78354.294825,78431.7115082606,1.08,0.94,
2026-05-17T11:02:00.022Z,2026-05-17T11:01:59.485Z,KXBTC15M-26MAY170715-15,BTC price up in next 15 mins?,KXBTC15M-26MAY170715,2026-05-17T11:15:00Z,active,0.22,0.23,0.77,0.78,0.225,0.22,41416.60,22454.16,200.0,1010.0,2026-05-17T11:01:59.561Z,btc-updown-15m-1779015600,"Bitcoin Up or Down - May 17, 7:00AM-7:15AM ET",btc-updown-15m-1779015600,2026-05-17T11:15:00Z,,0.17,0.18,0.82,0.83,0.175,0.51,49.36,,117.1,120.74,2026-05-17T11:01:59.561Z,BRTI,78372.1,78425.04,78433.11017241378,58,Polymarket RTDS,78354.294825,78431.7115082606,1.06,0.96,
2026-05-17T11:02:02.185Z,2026-05-17T11:02:01.499Z,KXBTC15M-26MAY170715-15,BTC price up in next 15 mins?,KXBTC15M-26MAY170715,2026-05-17T11:15:00Z,active,0.21,0.22,0.78,0.79,0.215,0.22,41416.60,22454.16,164.0,1045.58,2026-05-17T11:02:01.560Z,btc-updown-15m-1779015600,"Bitcoin Up or Down - May 17, 7:00AM-7:15AM ET",btc-updown-15m-1779015600,2026-05-17T11:15:00Z,,0.17,0.18,0.82,0.83,0.175,0.51,49.36,,32.57,215.97,2026-05-17T11:02:01.560Z,BRTI,78449.28,78425.04,78433.38423728813,59,Polymarket RTDS,78354.294825,78431.7115082606,1.05,0.97,
2026-05-17T11:02:04.062Z,2026-05-17T11:02:03.503Z,KXBTC15M-26MAY170715-15,BTC price up in next 15 mins?,KXBTC15M-26MAY170715,2026-05-17T11:15:00Z,active,0.2,0.21,0.79,0.8,0.20500000000000002,0.22,41416.60,22454.16,213.0,996.77,2026-05-17T11:02:03.562Z,btc-updown-15m-1779015600,"Bitcoin Up or Down - May 17, 7:00AM-7:15AM ET",btc-updown-15m-1779015600,2026-05-17T11:15:00Z,,0.17,0.18,0.82,0.83,0.175,0.51,49.36,,15.77,193.05,2026-05-17T11:02:03.563Z,BRTI,78451.77,78425.04,78433.69066666668,60,Polymarket RTDS,78354.294825,78431.7115082606,1.04,0.98,
2026-05-17T11:02:06.039Z,2026-05-17T11:02:05.500Z,KXBTC15M-26MAY170715-15,BTC price up in next 15 mins?,KXBTC15M-26MAY170715,2026-05-17T11:15:00Z,active,0.2,0.21,0.79,0.8,0.20500000000000002,0.2,55866.47,26750.98,37.53,1132.19,2026-05-17T11:02:05.558Z,btc-updown-15m-1779015600,"Bitcoin Up or Down - May 17, 7:00AM-7:15AM ET",btc-updown-15m-1779015600,2026-05-17T11:15:00Z,,0.16,0.17,0.83,0.84,0.165,0.51,49.36,,49.3,12.0,2026-05-17T11:02:05.558Z,BRTI,78450.55,78425.04,78434.32866666667,60,Polymarket RTDS,78354.294825,78431.7115082606,1.05,0.9700000000000001,
2026-05-17T11:02:08.115Z,2026-05-17T11:02:07.498Z,KXBTC15M-26MAY170715-15,BTC price up in next 15 mins?,KXBTC15M-26MAY170715,2026-05-17T11:15:00Z,active,0.19,0.2,0.8,0.81,0.195,0.2,55866.47,26750.98,2491.95,1317.44,2026-05-17T11:02:07.543Z,btc-updown-15m-1779015600,"Bitcoin Up or Down - May 17, 7:00AM-7:15AM ET",btc-updown-15m-1779015600,2026-05-17T11:15:00Z,,0.16,0.17,0.83,0.84,0.165,0.51,49.36,,31.25,209.03,2026-05-17T11:02:07.543Z,BRTI,78450.55,78425.04,78435.0015,60,Polymarket RTDS,78350.34469635456,78431.7115082606,1.04,0.9800000000000001,
2026-05-17T11:02:10.015Z,2026-05-17T11:02:09.498Z,KXBTC15M-26MAY170715-15,BTC price up in next 15 mins?,KXBTC15M-26MAY170715,2026-05-17T11:15:00Z,active,0.19,0.2,0.8,0.81,0.195,0.2,55866.47,26750.98,727.67,1076.11,2026-05-17T11:02:09.550Z,btc-updown-15m-1779015600,"Bitcoin Up or Down - May 17, 7:00AM-7:15AM ET",btc-updown-15m-1779015600,2026-05-17T11:15:00Z,,0.15,0.16,0.84,0.85,0.155,0.51,49.36,,64.75,71.96,2026-05-17T11:02:09.550Z,BRTI,78372.1,78425.04,78434.34300000001,60,Polymarket RTDS,78348.733711663,78431.7115082606,1.05,0.9700000000000001,
2026-05-17T11:02:12.023Z,2026-05-17T11:02:11.496Z,KXBTC15M-26MAY170715-15,BTC price up in next 15 mins?,KXBTC15M-26MAY170715,2026-05-17T11:15:00Z,active,0.19,0.2,0.8,0.81,0.195,0.2,55866.47,26750.98,719.76,880.77,2026-05-17T11:02:11.550Z,btc-updown-15m-1779015600,"Bitcoin Up or Down - May 17, 7:00AM-7:15AM ET",btc-updown-15m-1779015600,2026-05-17T11:15:00Z,,0.14,0.16,0.84,0.86,0.15000000000000002,0.51,49.36,,103.41,209.46,2026-05-17T11:02:11.550Z,BRTI,78449.28,78425.04,78434.6745,60,Polymarket RTDS,78348.15447302324,78431.7115082606,1.06,0.9700000000000001,
2026-05-17T11:02:14.010Z,2026-05-17T11:02:13.501Z,KXBTC15M-26MAY170715-15,BTC price up in next 15 mins?,KXBTC15M-26MAY170715,2026-05-17T11:15:00Z,active,0.19,0.2,0.8,0.81,0.195,0.2,55866.47,26750.98,227.35,1850.0,2026-05-17T11:02:13.549Z,btc-updown-15m-1779015600,"Bitcoin Up or Down - May 17, 7:00AM-7:15AM ET",btc-updown-15m-1779015600,2026-05-17T11:15:00Z,,0.14,0.15,0.85,0.86,0.14500000000000002,0.51,49.36,,32.4,162.42,2026-05-17T11:02:13.549Z,BRTI,78364.85,78425.04,78433.919,60,Polymarket RTDS,78346.72284129781,78431.7115082606,1.06,0.9600000000000001,
2026-05-17T11:02:17.060Z,2026-05-17T11:02:15.511Z,KXBTC15M-26MAY170715-15,BTC price up in next 15 mins?,KXBTC15M-26MAY170715,2026-05-17T11:15:00Z,active,0.19,0.2,0.8,0.81,0.195,0.2,55866.47,26750.98,175.35,2898.9,2026-05-17T11:02:15.569Z,btc-updown-15m-1779015600,"Bitcoin Up or Down - May 17, 7:00AM-7:15AM ET",btc-updown-15m-1779015600,2026-05-17T11:15:00Z,,0.13,0.14,0.86,0.87,0.135,0.51,49.36,,97.44,5.0,2026-05-17T11:02:15.569Z,BRTI,78418.0,78425.04,78434.0255,60,Polymarket RTDS,78341.2068569963,78431.7115082606,1.07,0.9500000000000001,
2026-05-17T11:02:18.084Z,2026-05-17T11:02:17.556Z,KXBTC15M-26MAY170715-15,BTC price up in next 15 mins?,KXBTC15M-26MAY170715,2026-05-17T11:15:00Z,active,0.19,0.2,0.8,0.81,0.195,0.2,55866.47,26750.98,244.0,1088.75,2026-05-17T11:02:17.614Z,btc-updown-15m-1779015600,"Bitcoin Up or Down - May 17, 7:00AM-7:15AM ET",btc-updown-15m-1779015600,2026-05-17T11:15:00Z,,0.12,0.13,0.87,0.88,0.125,0.51,49.36,,104.11,67.85,2026-05-17T11:02:17.614Z,BRTI,78372.1,78425.04,78433.35216666666,60,Polymarket RTDS,78339.1866232462,78431.7115082606,1.08,0.9400000000000001,
2026-05-17T11:02:20.045Z,2026-05-17T11:02:19.554Z,KXBTC15M-26MAY170715-15,BTC price up in next 15 mins?,KXBTC15M-26MAY170715,2026-05-17T11:15:00Z,active,0.19,0.2,0.8,0.81,0.195,0.2,55866.47,26750.98,1601.16,1193.21,2026-05-17T11:02:19.600Z,btc-updown-15m-1779015600,"Bitcoin Up or Down - May 17, 7:00AM-7:15AM ET",btc-updown-15m-1779015600,2026-05-17T11:15:00Z,,0.13,0.14,0.86,0.87,0.135,0.51,49.36,,248.88,5.0,2026-05-17T11:02:19.600Z,BRTI,78452.06,78425.04,78433.73,60,Polymarket RTDS,78337.0314559189,78431.7115082606,1.07,0.9500000000000001,
2026-05-17T11:02:22.112Z,2026-05-17T11:02:21.552Z,KXBTC15M-26MAY170715-15,BTC price up in next 15 mins?,KXBTC15M-26MAY170715,2026-05-17T11:15:00Z,active,0.21,0.22,0.78,0.79,0.215,0.2,55866.47,26750.98,135.0,1025.0,2026-05-17T11:02:21.603Z,btc-updown-15m-1779015600,"Bitcoin Up or Down - May 17, 7:00AM-7:15AM ET",btc-updown-15m-1779015600,2026-05-17T11:15:00Z,,0.15,0.16,0.84,0.85,0.155,0.51,49.36,,193.64,82.63,2026-05-17T11:02:21.603Z,BRTI,78451.77,78425.04,78433.7715,60,Polymarket RTDS,78338.57214901752,78431.7115082606,1.07,0.9500000000000001,
2026-05-17T11:02:24.099Z,2026-05-17T11:02:23.550Z,KXBTC15M-26MAY170715-15,BTC price up in next 15 mins?,KXBTC15M-26MAY170715,2026-05-17T11:15:00Z,active,0.21,0.22,0.78,0.79,0.215,0.2,55866.47,26750.98,3184.42,1123.1,2026-05-17T11:02:23.593Z,btc-updown-15m-1779015600,"Bitcoin Up or Down - May 17, 7:00AM-7:15AM ET",btc-updown-15m-1779015600,2026-05-17T11:15:00Z,,0.18,0.19,0.81,0.82,0.185,0.51,49.36,,93.63,210.96,2026-05-17T11:02:23.593Z,BRTI,78372.1,78425.04,78432.81666666667,60,Polymarket RTDS,78343.56128224175,78431.7115082606,1.04,0.98,
2026-05-17T11:02:26.088Z,2026-05-17T11:02:25.587Z,KXBTC15M-26MAY170715-15,BTC price up in next 15 mins?,KXBTC15M-26MAY170715,2026-05-17T11:15:00Z,active,0.21,0.22,0.78,0.79,0.215,0.2,55866.47,26750.98,2855.33,988.32,2026-05-17T11:02:25.634Z,btc-updown-15m-1779015600,"Bitcoin Up or Down - May 17, 7:00AM-7:15AM ET",btc-updown-15m-1779015600,2026-05-17T11:15:00Z,,0.18,0.19,0.81,0.82,0.185,0.51,49.36,,79.49,308.16,2026-05-17T11:02:25.634Z,BRTI,78350.32,78425.04,78431.16733333333,60,Polymarket RTDS,78347.80469,78431.7115082606,1.04,0.98,
2026-05-17T11:02:28.085Z,2026-05-17T11:02:27.554Z,KXBTC15M-26MAY170715-15,BTC price up in next 15 mins?,KXBTC15M-26MAY170715,2026-05-17T11:15:00Z,active,0.22,0.23,0.77,0.78,0.225,0.2,55866.47,26750.98,968.53,1094.07,2026-05-17T11:02:27.609Z,btc-updown-15m-1779015600,"Bitcoin Up or Down - May 17, 7:00AM-7:15AM ET",btc-updown-15m-1779015600,2026-05-17T11:15:00Z,,0.18,0.19,0.81,0.82,0.185,0.51,49.36,,213.5,69.06,2026-05-17T11:02:27.609Z,BRTI,78418.0,78425.04,78430.646,60,Polymarket RTDS,78349.96567088773,78431.7115082606,1.05,0.97,
2026-05-17T11:02:30.025Z,2026-05-17T11:02:29.547Z,KXBTC15M-26MAY170715-15,BTC price up in next 15 mins?,KXBTC15M-26MAY170715,2026-05-17T11:15:00Z,active,0.23,0.24,0.76,0.77,0.235,0.2,55866.47,26750.98,610.0,1185.0,2026-05-17T11:02:29.596Z,btc-updown-15m-1779015600,"Bitcoin Up or Down - May 17, 7:00AM-7:15AM ET",btc-updown-15m-1779015600,2026-05-17T11:15:00Z,,0.18,0.19,0.81,0.82,0.185,0.51,49.36,,266.17,21.02,2026-05-17T11:02:29.596Z,BRTI,78364.85,78425.04,78429.27566666667,60,Polymarket RTDS,78350.27192548857,78431.7115082606,1.06,0.96,
2026-05-17T11:02:32.056Z,2026-05-17T11:02:31.551Z,KXBTC15M-26MAY170715-15,BTC price up in next 15 mins?,KXBTC15M-26MAY170715,2026-05-17T11:15:00Z,active,0.24,0.25,0.75,0.76,0.245,0.2,55866.47,26750.98,164.0,1076.0,2026-05-17T11:02:31.607Z,btc-updown-15m-1779015600,"Bitcoin Up or Down - May 17, 7:00AM-7:15AM ET",btc-updown-15m-1779015600,2026-05-17T11:15:00Z,,0.19,0.2,0.8,0.81,0.195,0.51,49.36,,6.87,3.98,2026-05-17T11:02:31.607Z,BRTI,78372.1,78425.04,78427.98933333335,60,Polymarket RTDS,78352.17131193084,78431.7115082606,1.06,0.96,
2026-05-17T11:02:34.079Z,2026-05-17T11:02:33.567Z,KXBTC15M-26MAY170715-15,BTC price up in next 15 mins?,KXBTC15M-26MAY170715,2026-05-17T11:15:00Z,active,0.24,0.25,0.75,0.76,0.245,0.2,55866.47,26750.98,2055.21,1086.0,2026-05-17T11:02:33.614Z,btc-updown-15m-1779015600,"Bitcoin Up or Down - May 17, 7:00AM-7:15AM ET",btc-updown-15m-1779015600,2026-05-17T11:15:00Z,,0.19,0.2,0.8,0.81,0.195,0.51,49.36,,308.92,16.02,2026-05-17T11:02:33.614Z,BRTI,78350.32,78425.04,78426.48566666666,60,Polymarket RTDS,78356.94496,78431.7115082606,1.06,0.96,
2026-05-17T11:02:36.231Z,2026-05-17T11:02:35.558Z,KXBTC15M-26MAY170715-15,BTC price up in next 15 mins?,KXBTC15M-26MAY170715,2026-05-17T11:15:00Z,active,0.25,0.26,0.74,0.75,0.255,0.24,68817.14,35196.30,140.57,1134.18,2026-05-17T11:02:35.606Z,btc-updown-15m-1779015600,"Bitcoin Up or Down - May 17, 7:00AM-7:15AM ET",btc-updown-15m-1779015600,2026-05-17T11:15:00Z,,0.19,0.2,0.8,0.81,0.195,0.51,49.36,,278.7,16.02,2026-05-17T11:02:35.606Z,BRTI,78350.32,78425.04,78424.81516666667,60,Polymarket RTDS,78359.44418701084,78431.7115082606,1.07,0.95,
2026-05-17T11:02:38.075Z,2026-05-17T11:02:37.544Z,KXBTC15M-26MAY170715-15,BTC price up in next 15 mins?,KXBTC15M-26MAY170715,2026-05-17T11:15:00Z,active,0.25,0.26,0.74,0.75,0.255,0.24,68817.14,35196.30,1681.18,1067.02,2026-05-17T11:02:37.610Z,btc-updown-15m-1779015600,"Bitcoin Up or Down - May 17, 7:00AM-7:15AM ET",btc-updown-15m-1779015600,2026-05-17T11:15:00Z,,0.2,0.21,0.79,0.8,0.20500000000000002,0.51,49.36,,129.9,48.48,2026-05-17T11:02:37.610Z,BRTI,78372.1,78425.04,78423.56566666668,60,Polymarket RTDS,78358.79178709882,78431.7115082606,1.06,0.96,
2026-05-17T11:02:40.056Z,2026-05-17T11:02:39.560Z,KXBTC15M-26MAY170715-15,BTC price up in next 15 mins?,KXBTC15M-26MAY170715,2026-05-17T11:15:00Z,active,0.25,0.26,0.74,0.75,0.255,0.24,68817.14,35196.30,1692.18,831.26,2026-05-17T11:02:39.609Z,btc-updown-15m-1779015600,"Bitcoin Up or Down - May 17, 7:00AM-7:15AM ET",btc-updown-15m-1779015600,2026-05-17T11:15:00Z,,0.2,0.21,0.79,0.8,0.20500000000000002,0.51,49.36,,167.62,87.67,2026-05-17T11:02:39.609Z,BRTI,78350.32,78425.04,78421.89516666667,60,Polymarket RTDS,78359.64966,78431.7115082606,1.06,0.96,
2026-05-17T11:02:42.117Z,2026-05-17T11:02:41.546Z,KXBTC15M-26MAY170715-15,BTC price up in next 15 mins?,KXBTC15M-26MAY170715,2026-05-17T11:15:00Z,active,0.24,0.25,0.75,0.76,0.245,0.24,68817.14,35196.30,1740.91,786.12,2026-05-17T11:02:41.608Z,btc-updown-15m-1779015600,"Bitcoin Up or Down - May 17, 7:00AM-7:15AM ET",btc-updown-15m-1779015600,2026-05-17T11:15:00Z,,0.2,0.21,0.79,0.8,0.20500000000000002,0.51,49.36,,67.81,231.55,2026-05-17T11:02:41.608Z,BRTI,78349.96,78425.04,78420.85283333334,60,Polymarket RTDS,78359.66752,78431.7115082606,1.05,0.97,
2026-05-17T11:02:44.056Z,2026-05-17T11:02:43.555Z,KXBTC15M-26MAY170715-15,BTC price up in next 15 mins?,KXBTC15M-26MAY170715,2026-05-17T11:15:00Z,active,0.23,0.24,0.76,0.77,0.235,0.24,68817.14,35196.30,1558.63,1073.36,2026-05-17T11:02:43.604Z,btc-updown-15m-1779015600,"Bitcoin Up or Down - May 17, 7:00AM-7:15AM ET",btc-updown-15m-1779015600,2026-05-17T11:15:00Z,,0.19,0.2,0.8,0.81,0.195,0.51,49.36,,154.17,150.82,2026-05-17T11:02:43.604Z,BRTI,78349.96,78425.04,78419.84916666667,60,Polymarket RTDS,78359.64727,78431.7115082606,1.05,0.97,
2026-05-17T11:02:46.099Z,2026-05-17T11:02:45.551Z,KXBTC15M-26MAY170715-15,BTC price up in next 15 mins?,KXBTC15M-26MAY170715,2026-05-17T11:15:00Z,active,0.23,0.24,0.76,0.77,0.235,0.24,68817.14,35196.30,1558.63,1077.44,2026-05-17T11:02:45.603Z,btc-updown-15m-1779015600,"Bitcoin Up or Down - May 17, 7:00AM-7:15AM ET",btc-updown-15m-1779015600,2026-05-17T11:15:00Z,,0.19,0.2,0.8,0.81,0.195,0.51,49.36,,50.07,131.26,2026-05-17T11:02:45.603Z,BRTI,78349.96,78425.04,78418.84550000001,60,Polymarket RTDS,78356.71347890527,78431.7115082606,1.05,0.97,
2026-05-17T11:02:48.131Z,2026-05-17T11:02:47.553Z,KXBTC15M-26MAY170715-15,BTC price up in next 15 mins?,KXBTC15M-26MAY170715,2026-05-17T11:15:00Z,active,0.22,0.23,0.77,0.78,0.225,0.24,68817.14,35196.30,1217.9,814.84,2026-05-17T11:02:47.627Z,btc-updown-15m-1779015600,"Bitcoin Up or Down - May 17, 7:00AM-7:15AM ET",btc-updown-15m-1779015600,2026-05-17T11:15:00Z,,0.18,0.19,0.81,0.82,0.185,0.51,49.36,,106.25,328.99,2026-05-17T11:02:47.627Z,BRTI,78418.0,78425.04,78418.361,60,Polymarket RTDS,78356.65843280187,78431.7115082606,1.05,0.97,
2026-05-17T11:02:50.070Z,2026-05-17T11:02:49.555Z,KXBTC15M-26MAY170715-15,BTC price up in next 15 mins?,KXBTC15M-26MAY170715,2026-05-17T11:15:00Z,active,0.22,0.23,0.77,0.78,0.225,0.24,68817.14,35196.30,217.9,637.66,2026-05-17T11:02:49.606Z,btc-updown-15m-1779015600,"Bitcoin Up or Down - May 17, 7:00AM-7:15AM ET",btc-updown-15m-1779015600,2026-05-17T11:15:00Z,,0.17,0.19,0.81,0.83,0.18,0.51,49.36,,278.28,282.1,2026-05-17T11:02:49.606Z,BRTI,78381.99,78425.04,78417.198,60,Polymarket RTDS,78355.68189279175,78431.7115082606,1.06,0.97,
2026-05-17T11:02:52.119Z,2026-05-17T11:02:51.550Z,KXBTC15M-26MAY170715-15,BTC price up in next 15 mins?,KXBTC15M-26MAY170715,2026-05-17T11:15:00Z,active,0.21,0.22,0.78,0.79,0.215,0.24,68817.14,35196.30,74.37,1082.39,2026-05-17T11:02:51.595Z,btc-updown-15m-1779015600,"Bitcoin Up or Down - May 17, 7:00AM-7:15AM ET",btc-updown-15m-1779015600,2026-05-17T11:15:00Z,,0.17,0.18,0.82,0.83,0.175,0.51,49.36,,77.95,147.75,2026-05-17T11:02:51.595Z,BRTI,78381.99,78425.04,78416.03016666668,60,Polymarket RTDS,78355.28638111021,78431.7115082606,1.05,0.97,
2026-05-17T11:02:54.039Z,2026-05-17T11:02:53.544Z,KXBTC15M-26MAY170715-15,BTC price up in next 15 mins?,KXBTC15M-26MAY170715,2026-05-17T11:15:00Z,active,0.2,0.21,0.79,0.8,0.20500000000000002,0.24,68817.14,35196.30,299.53,1000.0,2026-05-17T11:02:53.596Z,btc-updown-15m-1779015600,"Bitcoin Up or Down - May 17, 7:00AM-7:15AM ET",btc-updown-15m-1779015600,2026-05-17T11:15:00Z,,0.17,0.18,0.82,0.83,0.175,0.51,49.36,,46.29,160.1,2026-05-17T11:02:53.596Z,BRTI,78372.1,78425.04,78414.78066666666,60,Polymarket RTDS,78355.29163289799,78431.7115082606,1.04,0.98,
2026-05-17T11:02:56.069Z,2026-05-17T11:02:55.563Z,KXBTC15M-26MAY170715-15,BTC price up in next 15 mins?,KXBTC15M-26MAY170715,2026-05-17T11:15:00Z,active,0.2,0.21,0.79,0.8,0.20500000000000002,0.24,68817.14,35196.30,224.53,1000.0,2026-05-17T11:02:55.618Z,btc-updown-15m-1779015600,"Bitcoin Up or Down - May 17, 7:00AM-7:15AM ET",btc-updown-15m-1779015600,2026-05-17T11:15:00Z,,0.17,0.18,0.82,0.83,0.175,0.51,49.36,,28.42,183.36,2026-05-17T11:02:55.618Z,BRTI,78377.36,78425.04,78413.54049999999,60,Polymarket RTDS,78355.22194157024,78431.7115082606,1.04,0.98,
2026-05-17T11:02:58.060Z,2026-05-17T11:02:57.558Z,KXBTC15M-26MAY170715-15,BTC price up in next 15 mins?,KXBTC15M-26MAY170715,2026-05-17T11:15:00Z,active,0.2,0.21,0.79,0.8,0.20500000000000002,0.24,68817.14,35196.30,224.53,956.07,2026-05-17T11:02:57.610Z,btc-updown-15m-1779015600,"Bitcoin Up or Down - May 17, 7:00AM-7:15AM ET",btc-updown-15m-1779015600,2026-05-17T11:15:00Z,,0.17,0.18,0.82,0.83,0.175,0.51,49.36,,16.91,66.52,2026-05-17T11:02:57.610Z,BRTI,78369.68,78425.04,78412.82683333334,60,Polymarket RTDS,78355.18191201313,78431.7115082606,1.04,0.98,
2026-05-17T11:03:00.093Z,2026-05-17T11:02:59.554Z,KXBTC15M-26MAY170715-15,BTC price up in next 15 mins?,KXBTC15M-26MAY170715,2026-05-17T11:15:00Z,active,0.19,0.2,0.8,0.81,0.195,0.24,68817.14,35196.30,2813.7,1000.0,2026-05-17T11:02:59.613Z,btc-updown-15m-1779015600,"Bitcoin Up or Down - May 17, 7:00AM-7:15AM ET",btc-updown-15m-1779015600,2026-05-17T11:15:00Z,,0.16,0.17,0.83,0.84,0.165,0.51,49.36,,84.61,12.0,2026-05-17T11:02:59.613Z,BRTI,78377.36,78425.04,78411.66500000001,60,Polymarket RTDS,78355.18917268697,78431.7115082606,1.04,0.9800000000000001,
2026-05-17T11:03:02.364Z,2026-05-17T11:03:01.554Z,KXBTC15M-26MAY170715-15,BTC price up in next 15 mins?,KXBTC15M-26MAY170715,2026-05-17T11:15:00Z,active,0.19,0.2,0.8,0.81,0.195,0.24,68817.14,35196.30,7.0,1243.36,2026-05-17T11:03:01.630Z,btc-updown-15m-1779015600,"Bitcoin Up or Down - May 17, 7:00AM-7:15AM ET",btc-updown-15m-1779015600,2026-05-17T11:15:00Z,,0.15,0.16,0.84,0.85,0.155,0.51,49.36,,35.92,284.0,2026-05-17T11:03:01.630Z,BRTI,78377.82,78425.04,78410.42766666667,60,Polymarket RTDS,78355.18941598808,78431.7115082606,1.05,0.9700000000000001,
2026-05-17T11:03:04.077Z,2026-05-17T11:03:03.558Z,KXBTC15M-26MAY170715-15,BTC price up in next 15 mins?,KXBTC15M-26MAY170715,2026-05-17T11:15:00Z,active,0.18,0.19,0.81,0.82,0.185,0.24,68817.14,35196.30,650.32,480.0,2026-05-17T11:03:03.619Z,btc-updown-15m-1779015600,"Bitcoin Up or Down - May 17, 7:00AM-7:15AM ET",btc-updown-15m-1779015600,2026-05-17T11:15:00Z,,0.15,0.16,0.84,0.85,0.155,0.51,49.36,,20.74,252.75,2026-05-17T11:03:03.619Z,BRTI,78377.36,78425.04,78409.37466666667,60,Polymarket RTDS,78355.06828508362,78431.7115082606,1.04,0.98,
2026-05-17T11:03:06.081Z,2026-05-17T11:03:05.575Z,KXBTC15M-26MAY170715-15,BTC price up in next 15 mins?,KXBTC15M-26MAY170715,2026-05-17T11:15:00Z,active,0.18,0.19,0.81,0.82,0.185,0.19,75253.28,40156.84,218.64,421.1,2026-05-17T11:03:05.635Z,btc-updown-15m-1779015600,"Bitcoin Up or Down - May 17, 7:00AM-7:15AM ET",btc-updown-15m-1779015600,2026-05-17T11:15:00Z,,0.15,0.16,0.84,0.85,0.155,0.51,49.36,,6.18,279.73,2026-05-17T11:03:05.636Z,BRTI,78364.85,78425.04,78408.59866666667,60,Polymarket RTDS,78354.31915750053,78431.7115082606,1.04,0.98,
2026-05-17T11:03:08.138Z,2026-05-17T11:03:07.555Z,KXBTC15M-26MAY170715-15,BTC price up in next 15 mins?,KXBTC15M-26MAY170715,2026-05-17T11:15:00Z,active,0.18,0.19,0.81,0.82,0.185,0.19,75253.28,40156.84,2770.99,1020.0,2026-05-17T11:03:07.607Z,btc-updown-15m-1779015600,"Bitcoin Up or Down - May 17, 7:00AM-7:15AM ET",btc-updown-15m-1779015600,2026-05-17T11:15:00Z,,0.15,0.16,0.84,0.85,0.155,0.51,49.36,,47.43,68.87,2026-05-17T11:03:07.607Z,BRTI,78364.1,78425.04,78407.32466666667,60,Polymarket RTDS,78354.32464378425,78431.7115082606,1.04,0.98,
2026-05-17T11:03:10.072Z,2026-05-17T11:03:09.562Z,KXBTC15M-26MAY170715-15,BTC price up in next 15 mins?,KXBTC15M-26MAY170715,2026-05-17T11:15:00Z,active,0.18,0.19,0.81,0.82,0.185,0.19,75253.28,40156.84,351.32,516.02,2026-05-17T11:03:09.616Z,btc-updown-15m-1779015600,"Bitcoin Up or Down - May 17, 7:00AM-7:15AM ET",btc-updown-15m-1779015600,2026-05-17T11:15:00Z,,0.15,0.16,0.84,0.85,0.155,0.51,49.36,,144.71,145.22,2026-05-17T11:03:09.616Z,BRTI,78350.32,78425.04,78405.821,60,Polymarket RTDS,78353.8124264575,78431.7115082606,1.04,0.98,
2026-05-17T11:03:12.064Z,2026-05-17T11:03:11.552Z,KXBTC15M-26MAY170715-15,BTC price up in next 15 mins?,KXBTC15M-26MAY170715,2026-05-17T11:15:00Z,active,0.18,0.19,0.81,0.82,0.185,0.19,75253.28,40156.84,213.78,688.92,2026-05-17T11:03:11.601Z,btc-updown-15m-1779015600,"Bitcoin Up or Down - May 17, 7:00AM-7:15AM ET",btc-updown-15m-1779015600,2026-05-17T11:15:00Z,,0.15,0.16,0.84,0.85,0.155,0.51,49.36,,118.89,85.07,2026-05-17T11:03:11.601Z,BRTI,78381.99,78425.04,78404.65316666667,60,Polymarket RTDS,78353.976025,78431.7115082606,1.04,0.98,
2026-05-17T11:03:14.043Z,2026-05-17T11:03:13.540Z,KXBTC15M-26MAY170715-15,BTC price up in next 15 mins?,KXBTC15M-26MAY170715,2026-05-17T11:15:00Z,active,0.18,0.19,0.81,0.82,0.185,0.19,75253.28,40156.84,171.3,481.25,2026-05-17T11:03:13.594Z,btc-updown-15m-1779015600,"Bitcoin Up or Down - May 17, 7:00AM-7:15AM ET",btc-updown-15m-1779015600,2026-05-17T11:15:00Z,,0.15,0.16,0.84,0.85,0.155,0.51,49.36,,128.77,36.01,2026-05-17T11:03:13.594Z,BRTI,78364.85,78425.04,78403.2045,60,Polymarket RTDS,78353.97352,78431.7115082606,1.04,0.98,
2026-05-17T11:03:16.061Z,2026-05-17T11:03:15.555Z,KXBTC15M-26MAY170715-15,BTC price up in next 15 mins?,KXBTC15M-26MAY170715,2026-05-17T11:15:00Z,active,0.18,0.19,0.81,0.82,0.185,0.19,75253.28,40156.84,3211.49,28.44,2026-05-17T11:03:15.607Z,btc-updown-15m-1779015600,"Bitcoin Up or Down - May 17, 7:00AM-7:15AM ET",btc-updown-15m-1779015600,2026-05-17T11:15:00Z,,0.17,0.18,0.82,0.83,0.175,0.51,49.36,,84.22,249.83,2026-05-17T11:03:15.607Z,BRTI,78350.32,78425.04,78401.50883333334,60,Polymarket RTDS,78353.992425,78431.7115082606,1.02,1.0,
2026-05-17T11:03:18.112Z,2026-05-17T11:03:17.558Z,KXBTC15M-26MAY170715-15,BTC price up in next 15 mins?,KXBTC15M-26MAY170715,2026-05-17T11:15:00Z,active,0.18,0.19,0.81,0.82,0.185,0.19,75253.28,40156.84,2801.49,905.99,2026-05-17T11:03:17.611Z,btc-updown-15m-1779015600,"Bitcoin Up or Down - May 17, 7:00AM-7:15AM ET",btc-updown-15m-1779015600,2026-05-17T11:15:00Z,,0.17,0.18,0.82,0.83,0.175,0.51,49.36,,54.24,254.83,2026-05-17T11:03:17.611Z,BRTI,78350.32,78425.04,78400.191,60,Polymarket RTDS,78355.19132,78431.7115082606,1.02,1.0,
2026-05-17T11:03:20.036Z,2026-05-17T11:03:19.555Z,KXBTC15M-26MAY170715-15,BTC price up in next 15 mins?,KXBTC15M-26MAY170715,2026-05-17T11:15:00Z,active,0.18,0.19,0.81,0.82,0.185,0.19,75253.28,40156.84,28.0,983.23,2026-05-17T11:03:19.604Z,btc-updown-15m-1779015600,"Bitcoin Up or Down - May 17, 7:00AM-7:15AM ET",btc-updown-15m-1779015600,2026-05-17T11:15:00Z,,0.17,0.18,0.82,0.83,0.175,0.51,49.36,,35.71,263.71,2026-05-17T11:03:19.604Z,BRTI,78364.1,78425.04,78398.725,60,Polymarket RTDS,78354.57616,78431.7115082606,1.02,1.0,
2026-05-17T11:03:22.036Z,2026-05-17T11:03:21.555Z,KXBTC15M-26MAY170715-15,BTC price up in next 15 mins?,KXBTC15M-26MAY170715,2026-05-17T11:15:00Z,active,0.18,0.19,0.81,0.82,0.185,0.19,75253.28,40156.84,94.6,859.23,2026-05-17T11:03:21.609Z,btc-updown-15m-1779015600,"Bitcoin Up or Down - May 17, 7:00AM-7:15AM ET",btc-updown-15m-1779015600,2026-05-17T11:15:00Z,,0.17,0.18,0.82,0.83,0.175,0.51,49.36,,14.9,77.39,2026-05-17T11:03:21.609Z,BRTI,78364.85,78425.04,78397.83916666667,60,Polymarket RTDS,78354.56143,78431.7115082606,1.02,1.0,
2026-05-17T11:03:24.087Z,2026-05-17T11:03:23.557Z,KXBTC15M-26MAY170715-15,BTC price up in next 15 mins?,KXBTC15M-26MAY170715,2026-05-17T11:15:00Z,active,0.18,0.19,0.81,0.82,0.185,0.19,75253.28,40156.84,1.4,1214.23,2026-05-17T11:03:23.620Z,btc-updown-15m-1779015600,"Bitcoin Up or Down - May 17, 7:00AM-7:15AM ET",btc-updown-15m-1779015600,2026-05-17T11:15:00Z,,0.16,0.17,0.83,0.84,0.165,0.51,49.36,,52.25,205.5,2026-05-17T11:03:23.620Z,BRTI,78377.82,78425.04,78396.97966666667,60,Polymarket RTDS,78354.50189,78431.7115082606,1.03,0.99,
2026-05-17T11:03:26.048Z,2026-05-17T11:03:25.559Z,KXBTC15M-26MAY170715-15,BTC price up in next 15 mins?,KXBTC15M-26MAY170715,2026-05-17T11:15:00Z,active,0.18,0.19,0.81,0.82,0.185,0.19,75253.28,40156.84,80.28,1189.23,2026-05-17T11:03:25.607Z,btc-updown-15m-1779015600,"Bitcoin Up or Down - May 17, 7:00AM-7:15AM ET",btc-updown-15m-1779015600,2026-05-17T11:15:00Z,,0.16,0.17,0.83,0.84,0.165,0.51,49.36,,47.19,212.32,2026-05-17T11:03:25.607Z,BRTI,78364.1,78425.04,78395.70566666666,60,Polymarket RTDS,78354.40166092971,78431.7115082606,1.03,0.99,
2026-05-17T11:03:28.089Z,2026-05-17T11:03:27.554Z,KXBTC15M-26MAY170715-15,BTC price up in next 15 mins?,KXBTC15M-26MAY170715,2026-05-17T11:15:00Z,active,0.18,0.19,0.81,0.82,0.185,0.19,75253.28,40156.84,7.07,1109.25,2026-05-17T11:03:27.607Z,btc-updown-15m-1779015600,"Bitcoin Up or Down - May 17, 7:00AM-7:15AM ET",btc-updown-15m-1779015600,2026-05-17T11:15:00Z,,0.16,0.17,0.83,0.84,0.165,0.51,49.36,,31.33,167.36,2026-05-17T11:03:27.607Z,BRTI,78364.85,78425.04,78394.62999999999,60,Polymarket RTDS,78354.40006708787,78431.7115082606,1.03,0.99,
2026-05-17T11:03:30.140Z,2026-05-17T11:03:29.553Z,KXBTC15M-26MAY170715-15,BTC price up in next 15 mins?,KXBTC15M-26MAY170715,2026-05-17T11:15:00Z,active,0.18,0.19,0.81,0.82,0.185,0.19,75253.28,40156.84,5.47,1184.25,2026-05-17T11:03:29.604Z,btc-updown-15m-1779015600,"Bitcoin Up or Down - May 17, 7:00AM-7:15AM ET",btc-updown-15m-1779015600,2026-05-17T11:15:00Z,,0.16,0.17,0.83,0.84,0.165,0.51,49.36,,25.25,167.36,2026-05-17T11:03:29.604Z,BRTI,78377.36,78425.04,78393.46816666666,60,Polymarket RTDS,78354.40544155618,78431.7115082606,1.03,0.99,
2026-05-17T11:03:32.097Z,2026-05-17T11:03:31.552Z,KXBTC15M-26MAY170715-15,BTC price up in next 15 mins?,KXBTC15M-26MAY170715,2026-05-17T11:15:00Z,active,0.18,0.19,0.81,0.82,0.185,0.19,75253.28,40156.84,2.69,1184.25,2026-05-17T11:03:31.601Z,btc-updown-15m-1779015600,"Bitcoin Up or Down - May 17, 7:00AM-7:15AM ET",btc-updown-15m-1779015600,2026-05-17T11:15:00Z,,0.16,0.17,0.83,0.84,0.165,0.51,49.36,,22.13,155.0,2026-05-17T11:03:31.601Z,BRTI,78364.38,78425.04,78392.05316666668,60,Polymarket RTDS,78354.39382476835,78431.7115082606,1.03,0.99,
2026-05-17T11:03:34.059Z,2026-05-17T11:03:33.547Z,KXBTC15M-26MAY170715-15,BTC price up in next 15 mins?,KXBTC15M-26MAY170715,2026-05-17T11:15:00Z,active,0.16,0.17,0.83,0.84,0.165,0.19,75253.28,40156.84,1284.0,999.0,2026-05-17T11:03:33.596Z,btc-updown-15m-1779015600,"Bitcoin Up or Down - May 17, 7:00AM-7:15AM ET",btc-updown-15m-1779015600,2026-05-17T11:15:00Z,,0.16,0.17,0.83,0.84,0.165,0.51,49.36,,22.13,148.82,2026-05-17T11:03:33.596Z,BRTI,78369.68,78425.04,78391.24783333334,60,Polymarket RTDS,78354.38618135454,78431.7115082606,1.01,1.01,
2026-05-17T11:03:36.052Z,2026-05-17T11:03:35.551Z,KXBTC15M-26MAY170715-15,BTC price up in next 15 mins?,KXBTC15M-26MAY170715,2026-05-17T11:15:00Z,active,0.16,0.17,0.83,0.84,0.165,0.17,84742.51,43011.13,258.7,1017.22,2026-05-17T11:03:35.609Z,btc-updown-15m-1779015600,"Bitcoin Up or Down - May 17, 7:00AM-7:15AM ET",btc-updown-15m-1779015600,2026-05-17T11:15:00Z,,0.16,0.17,0.83,0.84,0.165,0.51,49.36,,2.68,148.82,2026-05-17T11:03:35.609Z,BRTI,78368.28,78425.04,78389.89783333334,60,Polymarket RTDS,78354.82969479743,78431.7115082606,1.01,1.01,
2026-05-17T11:03:38.053Z,2026-05-17T11:03:37.556Z,KXBTC15M-26MAY170715-15,BTC price up in next 15 mins?,KXBTC15M-26MAY170715,2026-05-17T11:15:00Z,active,0.16,0.17,0.83,0.84,0.165,0.17,84742.51,43011.13,1656.5,892.42,2026-05-17T11:03:37.604Z,btc-updown-15m-1779015600,"Bitcoin Up or Down - May 17, 7:00AM-7:15AM ET",btc-updown-15m-1779015600,2026-05-17T11:15:00Z,,0.16,0.17,0.83,0.84,0.165,0.51,49.36,,2.68,89.46,2026-05-17T11:03:37.604Z,BRTI,78377.82,78425.04,78388.74366666666,60,Polymarket RTDS,78354.84172627148,78431.7115082606,1.01,1.01,
2026-05-17T11:03:40.103Z,2026-05-17T11:03:39.563Z,KXBTC15M-26MAY170715-15,BTC price up in next 15 mins?,KXBTC15M-26MAY170715,2026-05-17T11:15:00Z,active,0.16,0.17,0.83,0.84,0.165,0.17,84742.51,43011.13,329.68,967.42,2026-05-17T11:03:39.611Z,btc-updown-15m-1779015600,"Bitcoin Up or Down - May 17, 7:00AM-7:15AM ET",btc-updown-15m-1779015600,2026-05-17T11:15:00Z,,0.16,0.17,0.83,0.84,0.165,0.51,49.36,,12.0,51.87,2026-05-17T11:03:39.611Z,BRTI,78350.32,78425.04,78388.21583333334,60,Polymarket RTDS,78354.84122627544,78431.7115082606,1.01,1.01,
2026-05-17T11:03:42.088Z,2026-05-17T11:03:41.562Z,KXBTC15M-26MAY170715-15,BTC price up in next 15 mins?,KXBTC15M-26MAY170715,2026-05-17T11:15:00Z,active,0.16,0.17,0.83,0.84,0.165,0.17,84742.51,43011.13,1567.14,1000.0,2026-05-17T11:03:41.610Z,btc-updown-15m-1779015600,"Bitcoin Up or Down - May 17, 7:00AM-7:15AM ET",btc-updown-15m-1779015600,2026-05-17T11:15:00Z,,0.15,0.16,0.84,0.85,0.155,0.51,49.36,,113.32,58.15,2026-05-17T11:03:41.610Z,BRTI,78369.68,78425.04,78387.22066666668,60,Polymarket RTDS,78354.84122627544,78431.7115082606,1.02,1.0,
2026-05-17T11:03:44.064Z,2026-05-17T11:03:43.557Z,KXBTC15M-26MAY170715-15,BTC price up in next 15 mins?,KXBTC15M-26MAY170715,2026-05-17T11:15:00Z,active,0.16,0.17,0.83,0.84,0.165,0.17,84742.51,43011.13,1579.3,1044.0,2026-05-17T11:03:43.608Z,btc-updown-15m-1779015600,"Bitcoin Up or Down - May 17, 7:00AM-7:15AM ET",btc-updown-15m-1779015600,2026-05-17T11:15:00Z,,0.15,0.16,0.84,0.85,0.155,0.51,49.36,,139.75,64.06,2026-05-17T11:03:43.608Z,BRTI,78367.04,78425.04,78386.9715,60,Polymarket RTDS,78354.76233974003,78431.7115082606,1.02,1.0,
2026-05-17T11:03:46.567Z,2026-05-17T11:03:45.576Z,KXBTC15M-26MAY170715-15,BTC price up in next 15 mins?,KXBTC15M-26MAY170715,2026-05-17T11:15:00Z,active,0.16,0.17,0.83,0.84,0.165,0.17,84742.51,43011.13,1631.23,909.65,2026-05-17T11:03:45.628Z,btc-updown-15m-1779015600,"Bitcoin Up or Down - May 17, 7:00AM-7:15AM ET",btc-updown-15m-1779015600,2026-05-17T11:15:00Z,,0.15,0.16,0.84,0.85,0.155,0.51,49.36,,117.39,57.18,2026-05-17T11:03:45.628Z,BRTI,78364.38,78425.04,78385.53533333333,60,Polymarket RTDS,78354.751584761,78431.7115082606,1.02,1.0,
2026-05-17T11:03:48.063Z,2026-05-17T11:03:47.558Z,KXBTC15M-26MAY170715-15,BTC price up in next 15 mins?,KXBTC15M-26MAY170715,2026-05-17T11:15:00Z,active,0.16,0.17,0.83,0.84,0.165,0.17,84742.51,43011.13,1427.23,973.72,2026-05-17T11:03:47.609Z,btc-updown-15m-1779015600,"Bitcoin Up or Down - May 17, 7:00AM-7:15AM ET",btc-updown-15m-1779015600,2026-05-17T11:15:00Z,,0.15,0.16,0.84,0.85,0.155,0.51,49.36,,122.7,50.3,2026-05-17T11:03:47.609Z,BRTI,78367.04,78425.04,78384.2015,60,Polymarket RTDS,78354.75162230118,78431.7115082606,1.02,1.0,
2026-05-17T11:03:50.092Z,2026-05-17T11:03:49.554Z,KXBTC15M-26MAY170715-15,BTC price up in next 15 mins?,KXBTC15M-26MAY170715,2026-05-17T11:15:00Z,active,0.16,0.17,0.83,0.84,0.165,0.17,84742.51,43011.13,339.93,829.56,2026-05-17T11:03:49.615Z,btc-updown-15m-1779015600,"Bitcoin Up or Down - May 17, 7:00AM-7:15AM ET",btc-updown-15m-1779015600,2026-05-17T11:15:00Z,,0.15,0.16,0.84,0.85,0.155,0.51,49.36,,122.7,39.29,2026-05-17T11:03:49.615Z,BRTI,78367.04,78425.04,78382.86766666667,60,Polymarket RTDS,78354.78094044985,78431.7115082606,1.02,1.0,
2026-05-17T11:03:52.151Z,2026-05-17T11:03:51.547Z,KXBTC15M-26MAY170715-15,BTC price up in next 15 mins?,KXBTC15M-26MAY170715,2026-05-17T11:15:00Z,active,0.16,0.17,0.83,0.84,0.165,0.17,84742.51,43011.13,389.93,864.56,2026-05-17T11:03:51.596Z,btc-updown-15m-1779015600,"Bitcoin Up or Down - May 17, 7:00AM-7:15AM ET",btc-updown-15m-1779015600,2026-05-17T11:15:00Z,,0.16,0.17,0.83,0.84,0.165,0.51,49.36,,2.75,130.84,2026-05-17T11:03:51.596Z,BRTI,78369.68,78425.04,78381.57783333333,60,Polymarket RTDS,78354.78098250605,78431.7115082606,1.01,1.01,
2026-05-17T11:03:54.087Z,2026-05-17T11:03:53.548Z,KXBTC15M-26MAY170715-15,BTC price up in next 15 mins?,KXBTC15M-26MAY170715,2026-05-17T11:15:00Z,active,0.16,0.17,0.83,0.84,0.165,0.17,84742.51,43011.13,1944.17,882.83,2026-05-17T11:03:53.600Z,btc-updown-15m-1779015600,"Bitcoin Up or Down - May 17, 7:00AM-7:15AM ET",btc-updown-15m-1779015600,2026-05-17T11:15:00Z,,0.15,0.16,0.84,0.85,0.155,0.51,49.36,,110.18,84.28,2026-05-17T11:03:53.600Z,BRTI,78368.28,78425.04,78381.34933333333,60,Polymarket RTDS,78354.78198250604,78431.7115082606,1.02,1.0,
2026-05-17T11:03:56.090Z,2026-05-17T11:03:55.564Z,KXBTC15M-26MAY170715-15,BTC price up in next 15 mins?,KXBTC15M-26MAY170715,2026-05-17T11:15:00Z,active,0.16,0.17,0.83,0.84,0.165,0.17,84742.51,43011.13,4819.47,640.93,2026-05-17T11:03:55.613Z,btc-updown-15m-1779015600,"Bitcoin Up or Down - May 17, 7:00AM-7:15AM ET",btc-updown-15m-1779015600,2026-05-17T11:15:00Z,,0.15,0.16,0.84,0.85,0.155,0.51,49.36,,165.67,84.28,2026-05-17T11:03:55.613Z,BRTI,78368.36,78425.04,78380.0375,60,Polymarket RTDS,78354.79356845102,78431.7115082606,1.02,1.0,
2026-05-17T11:03:58.095Z,2026-05-17T11:03:57.561Z,KXBTC15M-26MAY170715-15,BTC price up in next 15 mins?,KXBTC15M-26MAY170715,2026-05-17T11:15:00Z,active,0.16,0.18,0.82,0.84,0.16999999999999998,0.17,84742.51,43011.13,4368.75,155.0,2026-05-17T11:03:57.644Z,btc-updown-15m-1779015600,"Bitcoin Up or Down - May 17, 7:00AM-7:15AM ET",btc-updown-15m-1779015600,2026-05-17T11:15:00Z,,0.15,0.16,0.84,0.85,0.155,0.51,49.36,,244.44,22.87,2026-05-17T11:03:57.644Z,BRTI,78368.28,78425.04,78378.64116666667,60,Polymarket RTDS,78354.8255941322,78431.7115082606,1.03,1.0,
2026-05-17T11:04:00.087Z,2026-05-17T11:03:59.556Z,KXBTC15M-26MAY170715-15,BTC price up in next 15 mins?,KXBTC15M-26MAY170715,2026-05-17T11:15:00Z,active,0.18,0.19,0.81,0.82,0.185,0.17,84742.51,43011.13,307.0,1118.0,2026-05-17T11:03:59.608Z,btc-updown-15m-1779015600,"Bitcoin Up or Down - May 17, 7:00AM-7:15AM ET",btc-updown-15m-1779015600,2026-05-17T11:15:00Z,,0.15,0.16,0.84,0.85,0.155,0.51,49.36,,344.9,22.87,2026-05-17T11:03:59.609Z,BRTI,78367.04,78425.04,78378.55683333334,60,Polymarket RTDS,78354.82771622446,78431.7115082606,1.04,0.98,
2026-05-17T11:04:02.373Z,2026-05-17T11:04:01.570Z,KXBTC15M-26MAY170715-15,BTC price up in next 15 mins?,KXBTC15M-26MAY170715,2026-05-17T11:15:00Z,active,0.19,0.2,0.8,0.81,0.195,0.17,84742.51,43011.13,182.0,1524.0,2026-05-17T11:04:01.630Z,btc-updown-15m-1779015600,"Bitcoin Up or Down - May 17, 7:00AM-7:15AM ET",btc-updown-15m-1779015600,2026-05-17T11:15:00Z,,0.16,0.17,0.83,0.84,0.165,0.51,49.36,,244.71,64.76,2026-05-17T11:04:01.630Z,BRTI,78364.1,78425.04,78377.13716666667,60,Polymarket RTDS,78359.39309118167,78431.7115082606,1.04,0.9800000000000001,
2026-05-17T11:04:04.565Z,2026-05-17T11:04:03.557Z,KXBTC15M-26MAY170715-15,BTC price up in next 15 mins?,KXBTC15M-26MAY170715,2026-05-17T11:15:00Z,active,0.19,0.2,0.8,0.81,0.195,0.17,84742.51,43011.13,50.0,1672.67,2026-05-17T11:04:03.634Z,btc-updown-15m-1779015600,"Bitcoin Up or Down - May 17, 7:00AM-7:15AM ET",btc-updown-15m-1779015600,2026-05-17T11:15:00Z,,0.16,0.17,0.83,0.84,0.165,0.51,49.36,,248.21,77.56,2026-05-17T11:04:03.634Z,BRTI,78368.28,78425.04,78375.74566666667,60,Polymarket RTDS,78359.52481465397,78431.7115082606,1.04,0.9800000000000001,
2026-05-17T11:04:06.160Z,2026-05-17T11:04:05.563Z,KXBTC15M-26MAY170715-15,BTC price up in next 15 mins?,KXBTC15M-26MAY170715,2026-05-17T11:15:00Z,active,0.19,0.2,0.8,0.81,0.195,0.19,87417.61,44530.18,182.0,1672.67,2026-05-17T11:04:05.629Z,btc-updown-15m-1779015600,"Bitcoin Up or Down - May 17, 7:00AM-7:15AM ET",btc-updown-15m-1779015600,2026-05-17T11:15:00Z,,0.16,0.17,0.83,0.84,0.165,0.51,49.36,,218.21,101.81,2026-05-17T11:04:05.629Z,BRTI,78349.96,78425.04,78374.06916666667,60,Polymarket RTDS,78359.75670328252,78431.7115082606,1.04,0.9800000000000001,
2026-05-17T11:04:08.091Z,2026-05-17T11:04:07.559Z,KXBTC15M-26MAY170715-15,BTC price up in next 15 mins?,KXBTC15M-26MAY170715,2026-05-17T11:15:00Z,active,0.19,0.2,0.8,0.81,0.195,0.19,87417.61,44530.18,180.0,1469.18,2026-05-17T11:04:07.608Z,btc-updown-15m-1779015600,"Bitcoin Up or Down - May 17, 7:00AM-7:15AM ET",btc-updown-15m-1779015600,2026-05-17T11:15:00Z,,0.19,0.2,0.8,0.81,0.195,0.51,49.36,,26.08,206.61,2026-05-17T11:04:07.608Z,BRTI,78349.96,78425.04,78372.39266666668,60,Polymarket RTDS,78359.7684476795,78431.7115082606,1.01,1.01,
2026-05-17T11:04:12.175Z,2026-05-17T11:04:09.551Z,KXBTC15M-26MAY170715-15,BTC price up in next 15 mins?,KXBTC15M-26MAY170715,2026-05-17T11:15:00Z,active,0.19,0.2,0.8,0.81,0.195,0.19,87417.61,44530.18,169.53,411.85,2026-05-17T11:04:09.631Z,btc-updown-15m-1779015600,"Bitcoin Up or Down - May 17, 7:00AM-7:15AM ET",btc-updown-15m-1779015600,2026-05-17T11:15:00Z,,0.18,0.19,0.81,0.82,0.185,0.51,49.36,,16.56,205.52,2026-05-17T11:04:09.631Z,BRTI,78377.82,78425.04,78372.488,60,Polymarket RTDS,78359.77043620488,78431.7115082606,1.02,1.0,
2026-05-17T11:04:14.891Z,2026-05-17T11:04:12.666Z,KXBTC15M-26MAY170715-15,BTC price up in next 15 mins?,KXBTC15M-26MAY170715,2026-05-17T11:15:00Z,active,0.19,0.2,0.8,0.81,0.195,0.19,87417.61,44530.18,2867.58,985.8,2026-05-17T11:04:12.710Z,btc-updown-15m-1779015600,"Bitcoin Up or Down - May 17, 7:00AM-7:15AM ET",btc-updown-15m-1779015600,2026-05-17T11:15:00Z,,0.18,0.19,0.81,0.82,0.185,0.51,49.36,,96.94,159.69,2026-05-17T11:04:12.710Z,BRTI,78377.82,78425.04,78371.297,60,Polymarket RTDS,78359.79342305292,78431.7115082606,1.02,1.0,
2026-05-17T11:04:16.618Z,2026-05-17T11:04:15.386Z,KXBTC15M-26MAY170715-15,BTC price up in next 15 mins?,KXBTC15M-26MAY170715,2026-05-17T11:15:00Z,active,0.19,0.2,0.8,0.81,0.195,0.19,87417.61,44530.18,2073.0,660.8,2026-05-17T11:04:15.439Z,btc-updown-15m-1779015600,"Bitcoin Up or Down - May 17, 7:00AM-7:15AM ET",btc-updown-15m-1779015600,2026-05-17T11:15:00Z,,0.18,0.19,0.81,0.82,0.185,0.51,49.36,,118.64,146.32,2026-05-17T11:04:15.439Z,BRTI,78367.04,78425.04,78371.3335,60,Polymarket RTDS,78360.41435,78431.7115082606,1.02,1.0,
2026-05-17T11:04:18.222Z,2026-05-17T11:04:17.370Z,KXBTC15M-26MAY170715-15,BTC price up in next 15 mins?,KXBTC15M-26MAY170715,2026-05-17T11:15:00Z,active,0.19,0.2,0.8,0.81,0.195,0.19,87417.61,44530.18,2841.93,584.5,2026-05-17T11:04:17.416Z,btc-updown-15m-1779015600,"Bitcoin Up or Down - May 17, 7:00AM-7:15AM ET",btc-updown-15m-1779015600,2026-05-17T11:15:00Z,,0.18,0.19,0.81,0.82,0.185,0.51,49.36,,27.95,116.97,2026-05-17T11:04:17.416Z,BRTI,78374.28,78425.04,78370.60483333333,60,Polymarket RTDS,78360.99202,78431.7115082606,1.02,1.0,
2026-05-17T11:04:19.946Z,2026-05-17T11:04:19.381Z,KXBTC15M-26MAY170715-15,BTC price up in next 15 mins?,KXBTC15M-26MAY170715,2026-05-17T11:15:00Z,active,0.2,0.21,0.79,0.8,0.20500000000000002,0.19,87417.61,44530.18,27.0,1100.0,2026-05-17T11:04:19.431Z,btc-updown-15m-1779015600,"Bitcoin Up or Down - May 17, 7:00AM-7:15AM ET",btc-updown-15m-1779015600,2026-05-17T11:15:00Z,,0.17,0.18,0.82,0.83,0.175,0.51,49.36,,164.37,124.22,2026-05-17T11:04:19.431Z,BRTI,78364.1,78425.04,78370.4715,60,Polymarket RTDS,78360.99916,78431.7115082606,1.04,0.98,
2026-05-17T11:04:22.059Z,2026-05-17T11:04:21.385Z,KXBTC15M-26MAY170715-15,BTC price up in next 15 mins?,KXBTC15M-26MAY170715,2026-05-17T11:15:00Z,active,0.2,0.21,0.79,0.8,0.20500000000000002,0.19,87417.61,44530.18,26.4,1050.75,2026-05-17T11:04:21.446Z,btc-updown-15m-1779015600,"Bitcoin Up or Down - May 17, 7:00AM-7:15AM ET",btc-updown-15m-1779015600,2026-05-17T11:15:00Z,,0.17,0.18,0.82,0.83,0.175,0.51,49.36,,174.3,118.66,2026-05-17T11:04:21.446Z,BRTI,78377.36,78425.04,78369.2265,60,Polymarket RTDS,78361.0208,78431.7115082606,1.04,0.98,
2026-05-17T11:04:23.927Z,2026-05-17T11:04:23.394Z,KXBTC15M-26MAY170715-15,BTC price up in next 15 mins?,KXBTC15M-26MAY170715,2026-05-17T11:15:00Z,active,0.19,0.2,0.8,0.81,0.195,0.19,87417.61,44530.18,1769.35,1075.0,2026-05-17T11:04:23.452Z,btc-updown-15m-1779015600,"Bitcoin Up or Down - May 17, 7:00AM-7:15AM ET",btc-updown-15m-1779015600,2026-05-17T11:15:00Z,,0.17,0.18,0.82,0.83,0.175,0.51,49.36,,89.8,77.44,2026-05-17T11:04:23.452Z,BRTI,78377.82,78425.04,78367.994,60,Polymarket RTDS,78361.01894,78431.7115082606,1.03,0.99,
2026-05-17T11:04:25.951Z,2026-05-17T11:04:25.369Z,KXBTC15M-26MAY170715-15,BTC price up in next 15 mins?,KXBTC15M-26MAY170715,2026-05-17T11:15:00Z,active,0.19,0.2,0.8,0.81,0.195,0.19,87417.61,44530.18,1769.35,1052.44,2026-05-17T11:04:25.413Z,btc-updown-15m-1779015600,"Bitcoin Up or Down - May 17, 7:00AM-7:15AM ET",btc-updown-15m-1779015600,2026-05-17T11:15:00Z,,0.17,0.18,0.82,0.83,0.175,0.51,49.36,,59.82,70.95,2026-05-17T11:04:25.413Z,BRTI,78377.36,78425.04,78368.08166666668,60,Polymarket RTDS,78361.27876323396,78431.7115082606,1.03,0.99,
2026-05-17T11:04:28.088Z,2026-05-17T11:04:27.392Z,KXBTC15M-26MAY170715-15,BTC price up in next 15 mins?,KXBTC15M-26MAY170715,2026-05-17T11:15:00Z,active,0.19,0.2,0.8,0.81,0.195,0.19,87417.61,44530.18,1836.35,952.44,2026-05-17T11:04:27.442Z,btc-updown-15m-1779015600,"Bitcoin Up or Down - May 17, 7:00AM-7:15AM ET",btc-updown-15m-1779015600,2026-05-17T11:15:00Z,,0.17,0.18,0.82,0.83,0.175,0.51,49.36,,79.68,77.83,2026-05-17T11:04:27.442Z,BRTI,78377.82,78425.04,78368.54000000001,60,Polymarket RTDS,78361.67788287178,78431.7115082606,1.03,0.99,
2026-05-17T11:04:29.923Z,2026-05-17T11:04:29.386Z,KXBTC15M-26MAY170715-15,BTC price up in next 15 mins?,KXBTC15M-26MAY170715,2026-05-17T11:15:00Z,active,0.19,0.2,0.8,0.81,0.195,0.19,87417.61,44530.18,1759.95,952.44,2026-05-17T11:04:29.434Z,btc-updown-15m-1779015600,"Bitcoin Up or Down - May 17, 7:00AM-7:15AM ET",btc-updown-15m-1779015600,2026-05-17T11:15:00Z,,0.17,0.18,0.82,0.83,0.175,0.51,49.36,,24.61,87.83,2026-05-17T11:04:29.434Z,BRTI,78374.28,78425.04,78367.81133333333,60,Polymarket RTDS,78361.68012769935,78431.7115082606,1.03,0.99,
2026-05-17T11:04:31.937Z,2026-05-17T11:04:31.389Z,KXBTC15M-26MAY170715-15,BTC price up in next 15 mins?,KXBTC15M-26MAY170715,2026-05-17T11:15:00Z,active,0.19,0.2,0.8,0.81,0.195,0.19,87417.61,44530.18,1544.35,914.37,2026-05-17T11:04:31.438Z,btc-updown-15m-1779015600,"Bitcoin Up or Down - May 17, 7:00AM-7:15AM ET",btc-updown-15m-1779015600,2026-05-17T11:15:00Z,,0.17,0.18,0.82,0.83,0.175,0.51,49.36,,4.93,69.39,2026-05-17T11:04:31.438Z,BRTI,78377.36,78425.04,78368.01983333334,60,Polymarket RTDS,78361.67985916995,78431.7115082606,1.03,0.99,
2026-05-17T11:04:33.878Z,2026-05-17T11:04:33.374Z,KXBTC15M-26MAY170715-15,BTC price up in next 15 mins?,KXBTC15M-26MAY170715,2026-05-17T11:15:00Z,active,0.19,0.2,0.8,0.81,0.195,0.19,87417.61,44530.18,1297.53,900.37,2026-05-17T11:04:33.427Z,btc-updown-15m-1779015600,"Bitcoin Up or Down - May 17, 7:00AM-7:15AM ET",btc-updown-15m-1779015600,2026-05-17T11:15:00Z,,0.16,0.17,0.83,0.84,0.165,0.51,49.36,,181.35,49.79,2026-05-17T11:04:33.427Z,BRTI,78375.08,78425.04,78368.0695,60,Polymarket RTDS,78361.67931064605,78431.7115082606,1.04,0.9800000000000001,
2026-05-17T11:04:35.897Z,2026-05-17T11:04:35.394Z,KXBTC15M-26MAY170715-15,BTC price up in next 15 mins?,KXBTC15M-26MAY170715,2026-05-17T11:15:00Z,active,0.19,0.2,0.8,0.81,0.195,0.19,91663.83,46855.73,1295.1,893.02,2026-05-17T11:04:35.442Z,btc-updown-15m-1779015600,"Bitcoin Up or Down - May 17, 7:00AM-7:15AM ET",btc-updown-15m-1779015600,2026-05-17T11:15:00Z,,0.16,0.17,0.83,0.84,0.165,0.51,49.36,,181.47,49.79,2026-05-17T11:04:35.442Z,BRTI,78378.56,78425.04,78368.54016666667,60,Polymarket RTDS,78361.7036531569,78431.7115082606,1.04,0.9800000000000001,
2026-05-17T11:04:37.909Z,2026-05-17T11:04:37.384Z,KXBTC15M-26MAY170715-15,BTC price up in next 15 mins?,KXBTC15M-26MAY170715,2026-05-17T11:15:00Z,active,0.19,0.2,0.8,0.81,0.195,0.19,91663.83,46855.73,1295.1,818.02,2026-05-17T11:04:37.447Z,btc-updown-15m-1779015600,"Bitcoin Up or Down - May 17, 7:00AM-7:15AM ET",btc-updown-15m-1779015600,2026-05-17T11:15:00Z,,0.16,0.17,0.83,0.84,0.165,0.18,242.039407,,181.47,49.79,2026-05-17T11:04:37.447Z,BRTI,78368.36,78425.04,78368.84083333334,60,Polymarket RTDS,78361.78038926506,78431.7115082606,1.04,0.9800000000000001,
2026-05-17T11:04:39.950Z,2026-05-17T11:04:39.384Z,KXBTC15M-26MAY170715-15,BTC price up in next 15 mins?,KXBTC15M-26MAY170715,2026-05-17T11:15:00Z,active,0.19,0.2,0.8,0.81,0.195,0.19,91663.83,46855.73,1295.1,656.02,2026-05-17T11:04:39.431Z,btc-updown-15m-1779015600,"Bitcoin Up or Down - May 17, 7:00AM-7:15AM ET",btc-updown-15m-1779015600,2026-05-17T11:15:00Z,,0.16,0.17,0.83,0.84,0.165,0.18,242.039407,,181.47,42.08,2026-05-17T11:04:39.431Z,BRTI,78377.36,78425.04,78368.9285,60,Polymarket RTDS,78361.78074868723,78431.7115082606,1.04,0.9800000000000001,
2026-05-17T11:04:41.886Z,2026-05-17T11:04:41.384Z,KXBTC15M-26MAY170715-15,BTC price up in next 15 mins?,KXBTC15M-26MAY170715,2026-05-17T11:15:00Z,active,0.19,0.2,0.8,0.81,0.195,0.19,91663.83,46855.73,1004.6,630.53,2026-05-17T11:04:41.433Z,btc-updown-15m-1779015600,"Bitcoin Up or Down - May 17, 7:00AM-7:15AM ET",btc-updown-15m-1779015600,2026-05-17T11:15:00Z,,0.16,0.17,0.83,0.84,0.165,0.18,242.039407,,181.47,42.08,2026-05-17T11:04:41.433Z,BRTI,78377.36,78425.04,78369.37916666667,60,Polymarket RTDS,78361.77553196724,78431.7115082606,1.04,0.9800000000000001,
2026-05-17T11:04:43.919Z,2026-05-17T11:04:43.374Z,KXBTC15M-26MAY170715-15,BTC price up in next 15 mins?,KXBTC15M-26MAY170715,2026-05-17T11:15:00Z,active,0.23,0.24,0.76,0.77,0.235,0.19,91663.83,46855.73,127.0,1077.0,2026-05-17T11:04:43.422Z,btc-updown-15m-1779015600,"Bitcoin Up or Down - May 17, 7:00AM-7:15AM ET",btc-updown-15m-1779015600,2026-05-17T11:15:00Z,,0.18,0.19,0.81,0.82,0.185,0.18,242.039407,,241.68,10.87,2026-05-17T11:04:43.422Z,BRTI,78367.04,78425.04,78369.66383333334,60,Polymarket RTDS,78361.77504216018,78431.7115082606,1.06,0.96,
2026-05-17T11:04:45.914Z,2026-05-17T11:04:45.383Z,KXBTC15M-26MAY170715-15,BTC price up in next 15 mins?,KXBTC15M-26MAY170715,2026-05-17T11:15:00Z,active,0.23,0.24,0.76,0.77,0.235,0.19,91663.83,46855.73,127.0,1090.0,2026-05-17T11:04:45.436Z,btc-updown-15m-1779015600,"Bitcoin Up or Down - May 17, 7:00AM-7:15AM ET",btc-updown-15m-1779015600,2026-05-17T11:15:00Z,,0.18,0.19,0.81,0.82,0.185,0.18,242.039407,,278.94,49.3,2026-05-17T11:04:45.437Z,BRTI,78377.36,78425.04,78370.1205,60,Polymarket RTDS,78366.32913017993,78431.7115082606,1.06,0.96,
2026-05-17T11:04:47.914Z,2026-05-17T11:04:47.385Z,KXBTC15M-26MAY170715-15,BTC price up in next 15 mins?,KXBTC15M-26MAY170715,2026-05-17T11:15:00Z,active,0.24,0.25,0.75,0.76,0.245,0.19,91663.83,46855.73,153.15,285.0,2026-05-17T11:04:47.443Z,btc-updown-15m-1779015600,"Bitcoin Up or Down - May 17, 7:00AM-7:15AM ET",btc-updown-15m-1779015600,2026-05-17T11:15:00Z,,0.19,0.2,0.8,0.81,0.195,0.18,242.039407,,400.54,56.25,2026-05-17T11:04:47.443Z,BRTI,78377.22,78425.04,78370.57483333333,60,Polymarket RTDS,78367.61667,78431.7115082606,1.06,0.96,
2026-05-17T11:04:49.906Z,2026-05-17T11:04:49.391Z,KXBTC15M-26MAY170715-15,BTC price up in next 15 mins?,KXBTC15M-26MAY170715,2026-05-17T11:15:00Z,active,0.25,0.26,0.74,0.75,0.255,0.19,91663.83,46855.73,408.0,75.0,2026-05-17T11:04:49.440Z,btc-updown-15m-1779015600,"Bitcoin Up or Down - May 17, 7:00AM-7:15AM ET",btc-updown-15m-1779015600,2026-05-17T11:15:00Z,,0.19,0.2,0.8,0.81,0.195,0.18,242.039407,,394.47,77.19,2026-05-17T11:04:49.440Z,BRTI,78377.36,78425.04,78369.8975,60,Polymarket RTDS,78368.25410536113,78431.7115082606,1.07,0.95,
2026-05-17T11:04:51.874Z,2026-05-17T11:04:51.384Z,KXBTC15M-26MAY170715-15,BTC price up in next 15 mins?,KXBTC15M-26MAY170715,2026-05-17T11:15:00Z,active,0.26,0.27,0.73,0.74,0.265,0.19,91663.83,46855.73,81.0,475.0,2026-05-17T11:04:51.434Z,btc-updown-15m-1779015600,"Bitcoin Up or Down - May 17, 7:00AM-7:15AM ET",btc-updown-15m-1779015600,2026-05-17T11:15:00Z,,0.19,0.2,0.8,0.81,0.195,0.18,242.039407,,353.29,74.87,2026-05-17T11:04:51.434Z,BRTI,78364.1,78425.04,78369.59933333333,60,Polymarket RTDS,78370.52143,78431.7115082606,1.08,0.94,
2026-05-17T11:04:53.971Z,2026-05-17T11:04:53.385Z,KXBTC15M-26MAY170715-15,BTC price up in next 15 mins?,KXBTC15M-26MAY170715,2026-05-17T11:15:00Z,active,0.26,0.27,0.73,0.74,0.265,0.19,91663.83,46855.73,1621.0,89.0,2026-05-17T11:04:53.444Z,btc-updown-15m-1779015600,"Bitcoin Up or Down - May 17, 7:00AM-7:15AM ET",btc-updown-15m-1779015600,2026-05-17T11:15:00Z,,0.21,0.22,0.78,0.79,0.215,0.18,242.039407,,263.2,289.1,2026-05-17T11:04:53.444Z,BRTI,78377.22,78425.04,78369.51983333334,60,Polymarket RTDS,78370.98409,78431.7115082606,1.06,0.96,
2026-05-17T11:04:55.901Z,2026-05-17T11:04:55.383Z,KXBTC15M-26MAY170715-15,BTC price up in next 15 mins?,KXBTC15M-26MAY170715,2026-05-17T11:15:00Z,active,0.26,0.27,0.73,0.74,0.265,0.19,91663.83,46855.73,1644.0,75.0,2026-05-17T11:04:55.431Z,btc-updown-15m-1779015600,"Bitcoin Up or Down - May 17, 7:00AM-7:15AM ET",btc-updown-15m-1779015600,2026-05-17T11:15:00Z,,0.21,0.22,0.78,0.79,0.215,0.18,242.039407,,227.15,271.07,2026-05-17T11:04:55.431Z,BRTI,78377.36,78425.04,78369.6075,60,Polymarket RTDS,78373.38404,78431.7115082606,1.06,0.96,
2026-05-17T11:04:57.906Z,2026-05-17T11:04:57.399Z,KXBTC15M-26MAY170715-15,BTC price up in next 15 mins?,KXBTC15M-26MAY170715,2026-05-17T11:15:00Z,active,0.29,0.3,0.7,0.71,0.295,0.19,91663.83,46855.73,1732.0,75.0,2026-05-17T11:04:57.447Z,btc-updown-15m-1779015600,"Bitcoin Up or Down - May 17, 7:00AM-7:15AM ET",btc-updown-15m-1779015600,2026-05-17T11:15:00Z,,0.22,0.23,0.77,0.78,0.225,0.18,242.039407,,332.81,44.09,2026-05-17T11:04:57.447Z,BRTI,78368.36,78425.04,78369.4575,60,Polymarket RTDS,78372.4963766712,78431.7115082606,1.08,0.94,
2026-05-17T11:04:59.900Z,2026-05-17T11:04:59.398Z,KXBTC15M-26MAY170715-15,BTC price up in next 15 mins?,KXBTC15M-26MAY170715,2026-05-17T11:15:00Z,active,0.29,0.3,0.7,0.71,0.295,0.19,91663.83,46855.73,1519.0,1498.0,2026-05-17T11:04:59.444Z,btc-updown-15m-1779015600,"Bitcoin Up or Down - May 17, 7:00AM-7:15AM ET",btc-updown-15m-1779015600,2026-05-17T11:15:00Z,,0.22,0.23,0.77,0.78,0.225,0.18,242.039407,,305.1,160.52,2026-05-17T11:04:59.444Z,BRTI,78378.56,78425.04,78369.6055,60,Polymarket RTDS,78374.44942203115,78431.7115082606,1.08,0.94,
2026-05-17T11:05:02.224Z,2026-05-17T11:05:01.397Z,KXBTC15M-26MAY170715-15,BTC price up in next 15 mins?,KXBTC15M-26MAY170715,2026-05-17T11:15:00Z,active,0.29,0.3,0.7,0.71,0.295,0.19,91663.83,46855.73,1657.75,75.0,2026-05-17T11:05:01.463Z,btc-updown-15m-1779015600,"Bitcoin Up or Down - May 17, 7:00AM-7:15AM ET",btc-updown-15m-1779015600,2026-05-17T11:15:00Z,,0.22,0.23,0.77,0.78,0.225,0.18,242.039407,,283.07,112.47,2026-05-17T11:05:01.463Z,BRTI,78375.08,78425.04,78369.56749999999,60,Polymarket RTDS,78379.745025,78431.7115082606,1.08,0.94,
2026-05-17T11:05:03.953Z,2026-05-17T11:05:03.394Z,KXBTC15M-26MAY170715-15,BTC price up in next 15 mins?,KXBTC15M-26MAY170715,2026-05-17T11:15:00Z,active,0.3,0.31,0.69,0.7,0.305,0.19,91663.83,46855.73,198.0,1605.0,2026-05-17T11:05:03.455Z,btc-updown-15m-1779015600,"Bitcoin Up or Down - May 17, 7:00AM-7:15AM ET",btc-updown-15m-1779015600,2026-05-17T11:15:00Z,,0.22,0.23,0.77,0.78,0.225,0.18,242.039407,,243.8,119.97,2026-05-17T11:05:03.455Z,BRTI,78375.08,78425.04,78369.52183333335,60,Polymarket RTDS,78379.23548632814,78431.7115082606,1.09,0.9299999999999999,
2026-05-17T11:05:06.163Z,2026-05-17T11:05:05.386Z,KXBTC15M-26MAY170715-15,BTC price up in next 15 mins?,KXBTC15M-26MAY170715,2026-05-17T11:15:00Z,active,0.3,0.31,0.69,0.7,0.305,0.31,94874.34,47136.07,113.0,1524.19,2026-05-17T11:05:05.450Z,btc-updown-15m-1779015600,"Bitcoin Up or Down - May 17, 7:00AM-7:15AM ET",btc-updown-15m-1779015600,2026-05-17T11:15:00Z,,0.22,0.23,0.77,0.78,0.225,0.18,242.039407,,216.07,121.27,2026-05-17T11:05:05.450Z,BRTI,78377.22,78425.04,78369.5195,60,Polymarket RTDS,78379.85782,78431.7115082606,1.09,0.9299999999999999,
2026-05-17T11:05:07.922Z,2026-05-17T11:05:07.392Z,KXBTC15M-26MAY170715-15,BTC price up in next 15 mins?,KXBTC15M-26MAY170715,2026-05-17T11:15:00Z,active,0.29,0.3,0.7,0.71,0.295,0.31,94874.34,47136.07,162.0,85.0,2026-05-17T11:05:07.443Z,btc-updown-15m-1779015600,"Bitcoin Up or Down - May 17, 7:00AM-7:15AM ET",btc-updown-15m-1779015600,2026-05-17T11:15:00Z,,0.22,0.23,0.77,0.78,0.225,0.18,242.039407,,179.49,154.36,2026-05-17T11:05:07.443Z,BRTI,78374.28,78425.04,78369.67666666667,60,Polymarket RTDS,78379.86024,78431.7115082606,1.08,0.94,
2026-05-17T11:05:09.904Z,2026-05-17T11:05:09.379Z,KXBTC15M-26MAY170715-15,BTC price up in next 15 mins?,KXBTC15M-26MAY170715,2026-05-17T11:15:00Z,active,0.29,0.3,0.7,0.71,0.295,0.31,94874.34,47136.07,38.0,1235.0,2026-05-17T11:05:09.431Z,btc-updown-15m-1779015600,"Bitcoin Up or Down - May 17, 7:00AM-7:15AM ET",btc-updown-15m-1779015600,2026-05-17T11:15:00Z,,0.22,0.23,0.77,0.78,0.225,0.18,242.039407,,210.93,134.36,2026-05-17T11:05:09.431Z,BRTI,78368.28,78425.04,78369.74633333334,60,Polymarket RTDS,78379.973285,78431.7115082606,1.08,0.94,
2026-05-17T11:05:11.880Z,2026-05-17T11:05:11.386Z,KXBTC15M-26MAY170715-15,BTC price up in next 15 mins?,KXBTC15M-26MAY170715,2026-05-17T11:15:00Z,active,0.29,0.3,0.7,0.71,0.295,0.31,94874.34,47136.07,666.87,1521.96,2026-05-17T11:05:11.435Z,btc-updown-15m-1779015600,"Bitcoin Up or Down - May 17, 7:00AM-7:15AM ET",btc-updown-15m-1779015600,2026-05-17T11:15:00Z,,0.22,0.23,0.77,0.78,0.225,0.18,242.039407,,178.97,150.41,2026-05-17T11:05:11.435Z,BRTI,78378.58,78425.04,78370.21733333333,60,Polymarket RTDS,78377.85544883614,78431.7115082606,1.08,0.94,
2026-05-17T11:05:13.949Z,2026-05-17T11:05:13.398Z,KXBTC15M-26MAY170715-15,BTC price up in next 15 mins?,KXBTC15M-26MAY170715,2026-05-17T11:15:00Z,active,0.3,0.31,0.69,0.7,0.305,0.31,94874.34,47136.07,65.44,1535.19,2026-05-17T11:05:13.447Z,btc-updown-15m-1779015600,"Bitcoin Up or Down - May 17, 7:00AM-7:15AM ET",btc-updown-15m-1779015600,2026-05-17T11:15:00Z,,0.22,0.23,0.77,0.78,0.225,0.18,242.039407,,160.02,130.41,2026-05-17T11:05:13.447Z,BRTI,78392.06,78425.04,78370.38516666667,60,Polymarket RTDS,78378.95072338713,78431.7115082606,1.09,0.9299999999999999,
2026-05-17T11:05:15.941Z,2026-05-17T11:05:15.385Z,KXBTC15M-26MAY170715-15,BTC price up in next 15 mins?,KXBTC15M-26MAY170715,2026-05-17T11:15:00Z,active,0.3,0.31,0.69,0.7,0.305,0.31,94874.34,47136.07,49.04,234.19,2026-05-17T11:05:15.434Z,btc-updown-15m-1779015600,"Bitcoin Up or Down - May 17, 7:00AM-7:15AM ET",btc-updown-15m-1779015600,2026-05-17T11:15:00Z,,0.22,0.23,0.77,0.78,0.225,0.18,242.039407,,209.14,155.41,2026-05-17T11:05:15.434Z,BRTI,78368.28,78425.04,78370.44233333334,60,Polymarket RTDS,78380.2734509801,78431.7115082606,1.09,0.9299999999999999,
2026-05-17T11:05:17.880Z,2026-05-17T11:05:17.379Z,KXBTC15M-26MAY170715-15,BTC price up in next 15 mins?,KXBTC15M-26MAY170715,2026-05-17T11:15:00Z,active,0.29,0.3,0.7,0.71,0.295,0.31,94874.34,47136.07,263.29,1000.0,2026-05-17T11:05:17.426Z,btc-updown-15m-1779015600,"Bitcoin Up or Down - May 17, 7:00AM-7:15AM ET",btc-updown-15m-1779015600,2026-05-17T11:15:00Z,,0.22,0.23,0.77,0.78,0.225,0.18,242.039407,,170.51,150.19,2026-05-17T11:05:17.426Z,BRTI,78368.28,78425.04,78370.74166666667,60,Polymarket RTDS,78380.47329615994,78431.7115082606,1.08,0.94,
2026-05-17T11:05:19.923Z,2026-05-17T11:05:19.379Z,KXBTC15M-26MAY170715-15,BTC price up in next 15 mins?,KXBTC15M-26MAY170715,2026-05-17T11:15:00Z,active,0.28,0.3,0.7,0.72,0.29000000000000004,0.31,94874.34,47136.07,2665.19,134.62,2026-05-17T11:05:19.430Z,btc-updown-15m-1779015600,"Bitcoin Up or Down - May 17, 7:00AM-7:15AM ET",btc-updown-15m-1779015600,2026-05-17T11:15:00Z,,0.22,0.23,0.77,0.78,0.225,0.18,242.039407,,56.22,105.69,2026-05-17T11:05:19.430Z,BRTI,78375.08,78425.04,78371.15433333332,60,Polymarket RTDS,78381.44566,78431.7115082606,1.08,0.95,
2026-05-17T11:05:22.107Z,2026-05-17T11:05:21.388Z,KXBTC15M-26MAY170715-15,BTC price up in next 15 mins?,KXBTC15M-26MAY170715,2026-05-17T11:15:00Z,active,0.3,0.31,0.69,0.7,0.305,0.31,94874.34,47136.07,77.0,1122.15,2026-05-17T11:05:21.453Z,btc-updown-15m-1779015600,"Bitcoin Up or Down - May 17, 7:00AM-7:15AM ET",btc-updown-15m-1779015600,2026-05-17T11:15:00Z,,0.22,0.23,0.77,0.78,0.225,0.18,242.039407,,92.2,86.34,2026-05-17T11:05:21.453Z,BRTI,78377.36,78425.04,78371.37533333334,60,Polymarket RTDS,78380.72691394361,78431.7115082606,1.09,0.9299999999999999,
2026-05-17T11:05:23.917Z,2026-05-17T11:05:23.384Z,KXBTC15M-26MAY170715-15,BTC price up in next 15 mins?,KXBTC15M-26MAY170715,2026-05-17T11:15:00Z,active,0.29,0.3,0.7,0.71,0.295,0.31,94874.34,47136.07,56.0,1025.0,2026-05-17T11:05:23.443Z,btc-updown-15m-1779015600,"Bitcoin Up or Down - May 17, 7:00AM-7:15AM ET",btc-updown-15m-1779015600,2026-05-17T11:15:00Z,,0.22,0.23,0.77,0.78,0.225,0.18,242.039407,,55.52,118.55,2026-05-17T11:05:23.443Z,BRTI,78375.08,78425.04,78371.54583333334,60,Polymarket RTDS,78381.672905,78431.7115082606,1.08,0.94,
2026-05-17T11:05:25.876Z,2026-05-17T11:05:25.381Z,KXBTC15M-26MAY170715-15,BTC price up in next 15 mins?,KXBTC15M-26MAY170715,2026-05-17T11:15:00Z,active,0.29,0.3,0.7,0.71,0.295,0.31,94874.34,47136.07,123.96,10.0,2026-05-17T11:05:25.432Z,btc-updown-15m-1779015600,"Bitcoin Up or Down - May 17, 7:00AM-7:15AM ET",btc-updown-15m-1779015600,2026-05-17T11:15:00Z,,0.22,0.23,0.77,0.78,0.225,0.18,242.039407,,63.46,118.55,2026-05-17T11:05:25.432Z,BRTI,78368.36,78425.04,78371.38816666667,60,Polymarket RTDS,78381.00746176502,78431.7115082606,1.08,0.94,
2026-05-17T11:05:27.895Z,2026-05-17T11:05:27.389Z,KXBTC15M-26MAY170715-15,BTC price up in next 15 mins?,KXBTC15M-26MAY170715,2026-05-17T11:15:00Z,active,0.29,0.31,0.69,0.71,0.3,0.31,94874.34,47136.07,212.96,1141.94,2026-05-17T11:05:27.445Z,btc-updown-15m-1779015600,"Bitcoin Up or Down - May 17, 7:00AM-7:15AM ET",btc-updown-15m-1779015600,2026-05-17T11:15:00Z,,0.22,0.23,0.77,0.78,0.225,0.18,242.039407,,58.39,40.3,2026-05-17T11:05:27.445Z,BRTI,78378.58,78425.04,78371.62950000001,60,Polymarket RTDS,78381.3548551009,78431.7115082606,1.09,0.94,
2026-05-17T11:05:30.209Z,2026-05-17T11:05:29.386Z,KXBTC15M-26MAY170715-15,BTC price up in next 15 mins?,KXBTC15M-26MAY170715,2026-05-17T11:15:00Z,active,0.29,0.3,0.7,0.71,0.295,0.31,94874.34,47136.07,1602.75,1140.0,2026-05-17T11:05:29.440Z,btc-updown-15m-1779015600,"Bitcoin Up or Down - May 17, 7:00AM-7:15AM ET",btc-updown-15m-1779015600,2026-05-17T11:15:00Z,,0.23,0.24,0.76,0.77,0.235,0.18,242.039407,,5.0,146.65,2026-05-17T11:05:29.440Z,BRTI,78377.36,78425.04,78371.838,60,Polymarket RTDS,78382.28955030772,78431.7115082606,1.07,0.95,
2026-05-17T11:05:31.936Z,2026-05-17T11:05:31.393Z,KXBTC15M-26MAY170715-15,BTC price up in next 15 mins?,KXBTC15M-26MAY170715,2026-05-17T11:15:00Z,active,0.29,0.3,0.7,0.71,0.295,0.31,94874.34,47136.07,125.0,1094.23,2026-05-17T11:05:31.442Z,btc-updown-15m-1779015600,"Bitcoin Up or Down - May 17, 7:00AM-7:15AM ET",btc-updown-15m-1779015600,2026-05-17T11:15:00Z,,0.23,0.24,0.76,0.77,0.235,0.18,242.039407,,29.93,216.04,2026-05-17T11:05:31.442Z,BRTI,78396.59,78425.04,78372.15849999999,60,Polymarket RTDS,78382.2895562968,78431.7115082606,1.07,0.95,
2026-05-17T11:05:33.935Z,2026-05-17T11:05:33.387Z,KXBTC15M-26MAY170715-15,BTC price up in next 15 mins?,KXBTC15M-26MAY170715,2026-05-17T11:15:00Z,active,0.2,0.21,0.79,0.8,0.20500000000000002,0.31,94874.34,47136.07,1722.0,1060.0,2026-05-17T11:05:33.435Z,btc-updown-15m-1779015600,"Bitcoin Up or Down - May 17, 7:00AM-7:15AM ET",btc-updown-15m-1779015600,2026-05-17T11:15:00Z,,0.16,0.21,0.79,0.84,0.185,0.18,242.039407,,13.12,72.0,2026-05-17T11:05:33.435Z,BRTI,78377.36,78425.04,78372.37483333334,60,Polymarket RTDS,78382.05977366518,78431.7115082606,1.05,1.01,
2026-05-17T11:05:35.912Z,2026-05-17T11:05:35.389Z,KXBTC15M-26MAY170715-15,BTC price up in next 15 mins?,KXBTC15M-26MAY170715,2026-05-17T11:15:00Z,active,0.2,0.21,0.79,0.8,0.20500000000000002,0.2,98534.77,49243.26,764.0,1041.33,2026-05-17T11:05:35.439Z,btc-updown-15m-1779015600,"Bitcoin Up or Down - May 17, 7:00AM-7:15AM ET",btc-updown-15m-1779015600,2026-05-17T11:15:00Z,,0.18,0.19,0.81,0.82,0.185,0.18,242.039407,,7.67,75.11,2026-05-17T11:05:35.439Z,BRTI,78378.56,78425.04,78372.52283333334,60,Polymarket RTDS,78375.85042208478,78431.7115082606,1.03,0.99,
2026-05-17T11:05:37.905Z,2026-05-17T11:05:37.387Z,KXBTC15M-26MAY170715-15,BTC price up in next 15 mins?,KXBTC15M-26MAY170715,2026-05-17T11:15:00Z,active,0.2,0.21,0.79,0.8,0.20500000000000002,0.2,98534.77,49243.26,840.0,1051.33,2026-05-17T11:05:37.442Z,btc-updown-15m-1779015600,"Bitcoin Up or Down - May 17, 7:00AM-7:15AM ET",btc-updown-15m-1779015600,2026-05-17T11:15:00Z,,0.17,0.18,0.82,0.83,0.175,0.18,242.039407,,18.8,66.94,2026-05-17T11:05:37.442Z,BRTI,78396.59,78425.04,78372.99466666667,60,Polymarket RTDS,78374.85526713495,78431.7115082606,1.04,0.98,
2026-05-17T11:05:39.945Z,2026-05-17T11:05:39.389Z,KXBTC15M-26MAY170715-15,BTC price up in next 15 mins?,KXBTC15M-26MAY170715,2026-05-17T11:15:00Z,active,0.2,0.21,0.79,0.8,0.20500000000000002,0.2,98534.77,49243.26,850.19,982.7,2026-05-17T11:05:39.442Z,btc-updown-15m-1779015600,"Bitcoin Up or Down - May 17, 7:00AM-7:15AM ET",btc-updown-15m-1779015600,2026-05-17T11:15:00Z,,0.17,0.18,0.82,0.83,0.175,0.18,242.039407,,122.47,162.87,2026-05-17T11:05:39.442Z,BRTI,78396.59,78425.04,78373.30750000001,60,Polymarket RTDS,78374.78518336738,78431.7115082606,1.04,0.98,
2026-05-17T11:05:41.864Z,2026-05-17T11:05:41.374Z,KXBTC15M-26MAY170715-15,BTC price up in next 15 mins?,KXBTC15M-26MAY170715,2026-05-17T11:15:00Z,active,0.2,0.21,0.79,0.8,0.20500000000000002,0.2,98534.77,49243.26,737.49,939.7,2026-05-17T11:05:41.432Z,btc-updown-15m-1779015600,"Bitcoin Up or Down - May 17, 7:00AM-7:15AM ET",btc-updown-15m-1779015600,2026-05-17T11:15:00Z,,0.17,0.18,0.82,0.83,0.175,0.18,242.039407,,137.33,162.87,2026-05-17T11:05:41.432Z,BRTI,78368.36,78425.04,78373.60816666667,60,Polymarket RTDS,78374.78258187989,78431.7115082606,1.04,0.98,
2026-05-17T11:05:43.897Z,2026-05-17T11:05:43.398Z,KXBTC15M-26MAY170715-15,BTC price up in next 15 mins?,KXBTC15M-26MAY170715,2026-05-17T11:15:00Z,active,0.21,0.22,0.78,0.79,0.215,0.2,98534.77,49243.26,314.0,1167.0,2026-05-17T11:05:43.444Z,btc-updown-15m-1779015600,"Bitcoin Up or Down - May 17, 7:00AM-7:15AM ET",btc-updown-15m-1779015600,2026-05-17T11:15:00Z,,0.17,0.18,0.82,0.83,0.175,0.18,242.039407,,107.26,202.87,2026-05-17T11:05:43.444Z,BRTI,78378.56,78425.04,78373.75616666667,60,Polymarket RTDS,78374.68322900319,78431.7115082606,1.05,0.97,
2026-05-17T11:05:45.907Z,2026-05-17T11:05:45.388Z,KXBTC15M-26MAY170715-15,BTC price up in next 15 mins?,KXBTC15M-26MAY170715,2026-05-17T11:15:00Z,active,0.21,0.22,0.78,0.79,0.215,0.2,98534.77,49243.26,10.0,3071.44,2026-05-17T11:05:45.440Z,btc-updown-15m-1779015600,"Bitcoin Up or Down - May 17, 7:00AM-7:15AM ET",btc-updown-15m-1779015600,2026-05-17T11:15:00Z,,0.16,0.17,0.83,0.84,0.165,0.18,242.039407,,102.63,220.95,2026-05-17T11:05:45.440Z,BRTI,78398.17,78425.04,78374.275,60,Polymarket RTDS,78374.71564820867,78431.7115082606,1.06,0.9600000000000001,
2026-05-17T11:05:47.919Z,2026-05-17T11:05:47.387Z,KXBTC15M-26MAY170715-15,BTC price up in next 15 mins?,KXBTC15M-26MAY170715,2026-05-17T11:15:00Z,active,0.21,0.22,0.78,0.79,0.215,0.2,98534.77,49243.26,140.0,2752.34,2026-05-17T11:05:47.437Z,btc-updown-15m-1779015600,"Bitcoin Up or Down - May 17, 7:00AM-7:15AM ET",btc-updown-15m-1779015600,2026-05-17T11:15:00Z,,0.16,0.17,0.83,0.84,0.165,0.18,242.039407,,67.51,251.95,2026-05-17T11:05:47.437Z,BRTI,78396.59,78425.04,78374.81183333333,60,Polymarket RTDS,78374.59730229611,78431.7115082606,1.06,0.9600000000000001,
2026-05-17T11:05:49.911Z,2026-05-17T11:05:49.379Z,KXBTC15M-26MAY170715-15,BTC price up in next 15 mins?,KXBTC15M-26MAY170715,2026-05-17T11:15:00Z,active,0.2,0.21,0.79,0.8,0.20500000000000002,0.2,98534.77,49243.26,777.0,1085.0,2026-05-17T11:05:49.429Z,btc-updown-15m-1779015600,"Bitcoin Up or Down - May 17, 7:00AM-7:15AM ET",btc-updown-15m-1779015600,2026-05-17T11:15:00Z,,0.16,0.17,0.83,0.84,0.165,0.18,242.039407,,56.99,251.95,2026-05-17T11:05:49.429Z,BRTI,78396.59,78425.04,78375.30433333333,60,Polymarket RTDS,78374.4576767303,78431.7115082606,1.05,0.9700000000000001,
2026-05-17T11:05:51.927Z,2026-05-17T11:05:51.393Z,KXBTC15M-26MAY170715-15,BTC price up in next 15 mins?,KXBTC15M-26MAY170715,2026-05-17T11:15:00Z,active,0.2,0.21,0.79,0.8,0.20500000000000002,0.2,98534.77,49243.26,777.0,1096.0,2026-05-17T11:05:51.446Z,btc-updown-15m-1779015600,"Bitcoin Up or Down - May 17, 7:00AM-7:15AM ET",btc-updown-15m-1779015600,2026-05-17T11:15:00Z,,0.16,0.17,0.83,0.84,0.165,0.18,242.039407,,63.99,275.99,2026-05-17T11:05:51.446Z,BRTI,78375.08,78425.04,78375.43833333332,60,Polymarket RTDS,78374.43541499026,78431.7115082606,1.05,0.9700000000000001,
2026-05-17T11:05:53.887Z,2026-05-17T11:05:53.390Z,KXBTC15M-26MAY170715-15,BTC price up in next 15 mins?,KXBTC15M-26MAY170715,2026-05-17T11:15:00Z,active,0.2,0.21,0.79,0.8,0.20500000000000002,0.2,98534.77,49243.26,741.59,1040.57,2026-05-17T11:05:53.441Z,btc-updown-15m-1779015600,"Bitcoin Up or Down - May 17, 7:00AM-7:15AM ET",btc-updown-15m-1779015600,2026-05-17T11:15:00Z,,0.16,0.17,0.83,0.84,0.165,0.18,242.039407,,83.99,255.99,2026-05-17T11:05:53.441Z,BRTI,78384.13,78425.04,78375.67916666667,60,Polymarket RTDS,78374.43614900479,78431.7115082606,1.05,0.9700000000000001,
2026-05-17T11:05:56.011Z,2026-05-17T11:05:55.392Z,KXBTC15M-26MAY170715-15,BTC price up in next 15 mins?,KXBTC15M-26MAY170715,2026-05-17T11:15:00Z,active,0.2,0.21,0.79,0.8,0.20500000000000002,0.2,98534.77,49243.26,368.84,1015.77,2026-05-17T11:05:55.458Z,btc-updown-15m-1779015600,"Bitcoin Up or Down - May 17, 7:00AM-7:15AM ET",btc-updown-15m-1779015600,2026-05-17T11:15:00Z,,0.16,0.17,0.83,0.84,0.165,0.18,242.039407,,63.99,188.65,2026-05-17T11:05:55.458Z,BRTI,78377.36,78425.04,78375.8305,60,Polymarket RTDS,78374.48115350555,78431.7115082606,1.05,0.9700000000000001,
2026-05-17T11:05:57.914Z,2026-05-17T11:05:57.380Z,KXBTC15M-26MAY170715-15,BTC price up in next 15 mins?,KXBTC15M-26MAY170715,2026-05-17T11:15:00Z,active,0.21,0.22,0.78,0.79,0.215,0.2,98534.77,49243.26,648.84,1091.0,2026-05-17T11:05:57.439Z,btc-updown-15m-1779015600,"Bitcoin Up or Down - May 17, 7:00AM-7:15AM ET",btc-updown-15m-1779015600,2026-05-17T11:15:00Z,,0.16,0.17,0.83,0.84,0.165,0.18,242.039407,,121.9,93.92,2026-05-17T11:05:57.439Z,BRTI,78384.13,78425.04,78376.09333333332,60,Polymarket RTDS,78374.500955134,78431.7115082606,1.06,0.9600000000000001,
2026-05-17T11:05:59.907Z,2026-05-17T11:05:59.388Z,KXBTC15M-26MAY170715-15,BTC price up in next 15 mins?,KXBTC15M-26MAY170715,2026-05-17T11:15:00Z,active,0.21,0.22,0.78,0.79,0.215,0.2,98534.77,49243.26,665.33,1025.28,2026-05-17T11:05:59.438Z,btc-updown-15m-1779015600,"Bitcoin Up or Down - May 17, 7:00AM-7:15AM ET",btc-updown-15m-1779015600,2026-05-17T11:15:00Z,,0.16,0.17,0.83,0.84,0.165,0.18,242.039407,,101.9,150.66,2026-05-17T11:05:59.438Z,BRTI,78378.58,78425.04,78376.265,60,Polymarket RTDS,78374.83266684835,78431.7115082606,1.06,0.9600000000000001,
2026-05-17T11:06:02.278Z,2026-05-17T11:06:01.399Z,KXBTC15M-26MAY170715-15,BTC price up in next 15 mins?,KXBTC15M-26MAY170715,2026-05-17T11:15:00Z,active,0.21,0.22,0.78,0.79,0.215,0.2,98534.77,49243.26,137.8,1096.63,2026-05-17T11:06:01.487Z,btc-updown-15m-1779015600,"Bitcoin Up or Down - May 17, 7:00AM-7:15AM ET",btc-updown-15m-1779015600,2026-05-17T11:15:00Z,,0.16,0.17,0.83,0.84,0.165,0.18,242.039407,,77.9,122.88,2026-05-17T11:06:01.487Z,BRTI,78378.58,78425.04,78376.45733333334,60,Polymarket RTDS,78374.82114322702,78431.7115082606,1.06,0.9600000000000001,
2026-05-17T11:06:04.037Z,2026-05-17T11:06:03.409Z,KXBTC15M-26MAY170715-15,BTC price up in next 15 mins?,KXBTC15M-26MAY170715,2026-05-17T11:15:00Z,active,0.21,0.22,0.78,0.79,0.215,0.2,98534.77,49243.26,215.8,1095.63,2026-05-17T11:06:03.529Z,btc-updown-15m-1779015600,"Bitcoin Up or Down - May 17, 7:00AM-7:15AM ET",btc-updown-15m-1779015600,2026-05-17T11:15:00Z,,0.16,0.17,0.83,0.84,0.165,0.18,242.039407,,32.89,145.61,2026-05-17T11:06:03.530Z,BRTI,78378.56,78425.04,78376.69833333333,60,Polymarket RTDS,78374.82246537239,78431.7115082606,1.06,0.9600000000000001,
2026-05-17T11:06:05.934Z,2026-05-17T11:06:05.398Z,KXBTC15M-26MAY170715-15,BTC price up in next 15 mins?,KXBTC15M-26MAY170715,2026-05-17T11:15:00Z,active,0.19,0.2,0.8,0.81,0.195,0.21,101174.28,51152.57,228.0,1111.0,2026-05-17T11:06:05.452Z,btc-updown-15m-1779015600,"Bitcoin Up or Down - May 17, 7:00AM-7:15AM ET",btc-updown-15m-1779015600,2026-05-17T11:15:00Z,,0.15,0.16,0.84,0.85,0.155,0.18,242.039407,,242.34,169.2,2026-05-17T11:06:05.452Z,BRTI,78377.22,78425.04,78376.84733333332,60,Polymarket RTDS,78374.73380632627,78431.7115082606,1.05,0.9700000000000001,
2026-05-17T11:06:07.900Z,2026-05-17T11:06:07.394Z,KXBTC15M-26MAY170715-15,BTC price up in next 15 mins?,KXBTC15M-26MAY170715,2026-05-17T11:15:00Z,active,0.19,0.2,0.8,0.81,0.195,0.21,101174.28,51152.57,98.13,2796.08,2026-05-17T11:06:07.453Z,btc-updown-15m-1779015600,"Bitcoin Up or Down - May 17, 7:00AM-7:15AM ET",btc-updown-15m-1779015600,2026-05-17T11:15:00Z,,0.15,0.16,0.84,0.85,0.155,0.18,242.039407,,207.77,106.31,2026-05-17T11:06:07.453Z,BRTI,78378.56,78425.04,78377.32400000001,60,Polymarket RTDS,78374.76429273335,78431.7115082606,1.05,0.9700000000000001,
2026-05-17T11:06:09.880Z,2026-05-17T11:06:09.387Z,KXBTC15M-26MAY170715-15,BTC price up in next 15 mins?,KXBTC15M-26MAY170715,2026-05-17T11:15:00Z,active,0.19,0.2,0.8,0.81,0.195,0.21,101174.28,51152.57,140.74,1123.0,2026-05-17T11:06:09.438Z,btc-updown-15m-1779015600,"Bitcoin Up or Down - May 17, 7:00AM-7:15AM ET",btc-updown-15m-1779015600,2026-05-17T11:15:00Z,,0.15,0.16,0.84,0.85,0.155,0.18,242.039407,,15.0,156.87,2026-05-17T11:06:09.438Z,BRTI,78375.08,78425.04,78377.74266666666,60,Polymarket RTDS,78374.73816215427,78431.7115082606,1.05,0.9700000000000001,
2026-05-17T11:06:11.990Z,2026-05-17T11:06:11.398Z,KXBTC15M-26MAY170715-15,BTC price up in next 15 mins?,KXBTC15M-26MAY170715,2026-05-17T11:15:00Z,active,0.19,0.2,0.8,0.81,0.195,0.21,101174.28,51152.57,259.74,2796.08,2026-05-17T11:06:11.452Z,btc-updown-15m-1779015600,"Bitcoin Up or Down - May 17, 7:00AM-7:15AM ET",btc-updown-15m-1779015600,2026-05-17T11:15:00Z,,0.14,0.15,0.85,0.86,0.14500000000000002,0.18,242.039407,,180.9,338.68,2026-05-17T11:06:11.452Z,BRTI,78384.13,78425.04,78377.84783333333,60,Polymarket RTDS,78374.73768181163,78431.7115082606,1.06,0.9600000000000001,
2026-05-17T11:06:13.918Z,2026-05-17T11:06:13.399Z,KXBTC15M-26MAY170715-15,BTC price up in next 15 mins?,KXBTC15M-26MAY170715,2026-05-17T11:15:00Z,active,0.19,0.2,0.8,0.81,0.195,0.21,101174.28,51152.57,343.0,2796.08,2026-05-17T11:06:13.451Z,btc-updown-15m-1779015600,"Bitcoin Up or Down - May 17, 7:00AM-7:15AM ET",btc-updown-15m-1779015600,2026-05-17T11:15:00Z,,0.14,0.15,0.85,0.86,0.14500000000000002,0.18,242.039407,,180.9,348.68,2026-05-17T11:06:13.451Z,BRTI,78386.01,78425.04,78377.98433333333,60,Polymarket RTDS,78374.76908716685,78431.7115082606,1.06,0.9600000000000001,
2026-05-17T11:06:15.905Z,2026-05-17T11:06:15.392Z,KXBTC15M-26MAY170715-15,BTC price up in next 15 mins?,KXBTC15M-26MAY170715,2026-05-17T11:15:00Z,active,0.19,0.2,0.8,0.81,0.195,0.21,101174.28,51152.57,339.22,2796.08,2026-05-17T11:06:15.443Z,btc-updown-15m-1779015600,"Bitcoin Up or Down - May 17, 7:00AM-7:15AM ET",btc-updown-15m-1779015600,2026-05-17T11:15:00Z,,0.14,0.15,0.85,0.86,0.14500000000000002,0.18,242.039407,,196.13,196.52,2026-05-17T11:06:15.443Z,BRTI,78378.58,78425.04,78378.17666666667,60,Polymarket RTDS,78375.25391491361,78431.7115082606,1.06,0.9600000000000001,
2026-05-17T11:06:17.976Z,2026-05-17T11:06:17.458Z,KXBTC15M-26MAY170715-15,BTC price up in next 15 mins?,KXBTC15M-26MAY170715,2026-05-17T11:15:00Z,active,0.18,0.19,0.81,0.82,0.185,0.21,101174.28,51152.57,318.35,1030.0,2026-05-17T11:06:17.518Z,btc-updown-15m-1779015600,"Bitcoin Up or Down - May 17, 7:00AM-7:15AM ET",btc-updown-15m-1779015600,2026-05-17T11:15:00Z,,0.14,0.15,0.85,0.86,0.14500000000000002,0.18,242.039407,,191.07,394.52,2026-05-17T11:06:17.518Z,BRTI,78378.56,78425.04,78378.24799999999,60,Polymarket RTDS,78375.21359959315,78431.7115082606,1.05,0.97,
2026-05-17T11:06:19.960Z,2026-05-17T11:06:19.383Z,KXBTC15M-26MAY170715-15,BTC price up in next 15 mins?,KXBTC15M-26MAY170715,2026-05-17T11:15:00Z,active,0.18,0.19,0.81,0.82,0.185,0.21,101174.28,51152.57,367.84,1016.37,2026-05-17T11:06:19.437Z,btc-updown-15m-1779015600,"Bitcoin Up or Down - May 17, 7:00AM-7:15AM ET",btc-updown-15m-1779015600,2026-05-17T11:15:00Z,,0.14,0.15,0.85,0.86,0.14500000000000002,0.18,242.039407,,76.47,325.95,2026-05-17T11:06:19.437Z,BRTI,78384.96,78425.04,78378.59566666668,60,Polymarket RTDS,78375.19129441836,78431.7115082606,1.05,0.97,
2026-05-17T11:06:21.916Z,2026-05-17T11:06:21.408Z,KXBTC15M-26MAY170715-15,BTC price up in next 15 mins?,KXBTC15M-26MAY170715,2026-05-17T11:15:00Z,active,0.18,0.19,0.81,0.82,0.185,0.21,101174.28,51152.57,716.74,1084.39,2026-05-17T11:06:21.459Z,btc-updown-15m-1779015600,"Bitcoin Up or Down - May 17, 7:00AM-7:15AM ET",btc-updown-15m-1779015600,2026-05-17T11:15:00Z,,0.14,0.15,0.85,0.86,0.14500000000000002,0.18,242.039407,,73.26,183.51,2026-05-17T11:06:21.459Z,BRTI,78378.56,78425.04,78378.61566666668,60,Polymarket RTDS,78375.20362305682,78431.7115082606,1.05,0.97,
2026-05-17T11:06:23.912Z,2026-05-17T11:06:23.392Z,KXBTC15M-26MAY170715-15,BTC price up in next 15 mins?,KXBTC15M-26MAY170715,2026-05-17T11:15:00Z,active,0.18,0.19,0.81,0.82,0.185,0.21,101174.28,51152.57,828.04,1084.39,2026-05-17T11:06:23.444Z,btc-updown-15m-1779015600,"Bitcoin Up or Down - May 17, 7:00AM-7:15AM ET",btc-updown-15m-1779015600,2026-05-17T11:15:00Z,,0.12,0.13,0.87,0.88,0.125,0.18,242.039407,,365.7,110.11,2026-05-17T11:06:23.444Z,BRTI,78396.59,78425.04,78378.9285,60,Polymarket RTDS,78375.23475209333,78431.7115082606,1.07,0.95,
2026-05-17T11:06:25.972Z,2026-05-17T11:06:25.400Z,KXBTC15M-26MAY170715-15,BTC price up in next 15 mins?,KXBTC15M-26MAY170715,2026-05-17T11:15:00Z,active,0.18,0.19,0.81,0.82,0.185,0.21,101174.28,51152.57,418.04,903.16,2026-05-17T11:06:25.466Z,btc-updown-15m-1779015600,"Bitcoin Up or Down - May 17, 7:00AM-7:15AM ET",btc-updown-15m-1779015600,2026-05-17T11:15:00Z,,0.13,0.14,0.86,0.87,0.135,0.18,242.039407,,66.69,335.41,2026-05-17T11:06:25.466Z,BRTI,78378.58,78425.04,78378.94883333333,60,Polymarket RTDS,78375.1236646847,78431.7115082606,1.06,0.96,
2026-05-17T11:06:27.916Z,2026-05-17T11:06:27.389Z,KXBTC15M-26MAY170715-15,BTC price up in next 15 mins?,KXBTC15M-26MAY170715,2026-05-17T11:15:00Z,active,0.18,0.19,0.81,0.82,0.185,0.21,101174.28,51152.57,415.64,903.16,2026-05-17T11:06:27.443Z,btc-updown-15m-1779015600,"Bitcoin Up or Down - May 17, 7:00AM-7:15AM ET",btc-updown-15m-1779015600,2026-05-17T11:15:00Z,,0.13,0.14,0.86,0.87,0.135,0.18,242.039407,,104.97,303.31,2026-05-17T11:06:27.443Z,BRTI,78377.36,78425.04,78378.94116666666,60,Polymarket RTDS,78375.12655672496,78431.7115082606,1.06,0.96,
2026-05-17T11:06:29.931Z,2026-05-17T11:06:29.389Z,KXBTC15M-26MAY170715-15,BTC price up in next 15 mins?,KXBTC15M-26MAY170715,2026-05-17T11:15:00Z,active,0.18,0.2,0.8,0.82,0.19,0.21,101174.28,51152.57,266.76,1530.86,2026-05-17T11:06:29.470Z,btc-updown-15m-1779015600,"Bitcoin Up or Down - May 17, 7:00AM-7:15AM ET",btc-updown-15m-1779015600,2026-05-17T11:15:00Z,,0.13,0.14,0.86,0.87,0.135,0.18,242.039407,,104.96,295.09,2026-05-17T11:06:29.470Z,BRTI,78384.13,78425.04,78379.10533333334,60,Polymarket RTDS,78375.10843525415,78431.7115082606,1.07,0.96,
2026-05-17T11:06:31.917Z,2026-05-17T11:06:31.390Z,KXBTC15M-26MAY170715-15,BTC price up in next 15 mins?,KXBTC15M-26MAY170715,2026-05-17T11:15:00Z,active,0.18,0.19,0.81,0.82,0.185,0.21,101174.28,51152.57,266.76,1105.0,2026-05-17T11:06:31.442Z,btc-updown-15m-1779015600,"Bitcoin Up or Down - May 17, 7:00AM-7:15AM ET",btc-updown-15m-1779015600,2026-05-17T11:15:00Z,,0.13,0.14,0.86,0.87,0.135,0.18,242.039407,,102.2,287.89,2026-05-17T11:06:31.442Z,BRTI,78378.58,78425.04,78379.12566666667,60,Polymarket RTDS,78375.37292328302,78431.7115082606,1.06,0.96,
2026-05-17T11:06:33.893Z,2026-05-17T11:06:33.386Z,KXBTC15M-26MAY170715-15,BTC price up in next 15 mins?,KXBTC15M-26MAY170715,2026-05-17T11:15:00Z,active,0.18,0.19,0.81,0.82,0.185,0.21,101174.28,51152.57,336.7,1085.06,2026-05-17T11:06:33.431Z,btc-updown-15m-1779015600,"Bitcoin Up or Down - May 17, 7:00AM-7:15AM ET",btc-updown-15m-1779015600,2026-05-17T11:15:00Z,,0.13,0.14,0.86,0.87,0.135,0.18,242.039407,,54.88,204.8,2026-05-17T11:06:33.431Z,BRTI,78378.58,78425.04,78379.184,60,Polymarket RTDS,78375.37582851345,78431.7115082606,1.06,0.96,
2026-05-17T11:06:35.903Z,2026-05-17T11:06:35.394Z,KXBTC15M-26MAY170715-15,BTC price up in next 15 mins?,KXBTC15M-26MAY170715,2026-05-17T11:15:00Z,active,0.17,0.18,0.82,0.83,0.175,0.18,104423.93,51786.60,232.0,1248.0,2026-05-17T11:06:35.443Z,btc-updown-15m-1779015600,"Bitcoin Up or Down - May 17, 7:00AM-7:15AM ET",btc-updown-15m-1779015600,2026-05-17T11:15:00Z,,0.13,0.14,0.86,0.87,0.135,0.18,242.039407,,24.53,216.22,2026-05-17T11:06:35.444Z,BRTI,78385.3,78425.04,78379.29633333333,60,Polymarket RTDS,78375.42837965573,78431.7115082606,1.05,0.97,
2026-05-17T11:06:37.947Z,2026-05-17T11:06:37.399Z,KXBTC15M-26MAY170715-15,BTC price up in next 15 mins?,KXBTC15M-26MAY170715,2026-05-17T11:15:00Z,active,0.17,0.18,0.82,0.83,0.175,0.18,104423.93,51786.60,220.0,1223.92,2026-05-17T11:06:37.453Z,btc-updown-15m-1779015600,"Bitcoin Up or Down - May 17, 7:00AM-7:15AM ET",btc-updown-15m-1779015600,2026-05-17T11:15:00Z,,0.12,0.13,0.87,0.88,0.125,0.18,242.039407,,232.22,123.54,2026-05-17T11:06:37.453Z,BRTI,78392.06,78425.04,78379.69133333334,60,Polymarket RTDS,78374.6059439608,78431.7115082606,1.06,0.96,
2026-05-17T11:06:39.911Z,2026-05-17T11:06:39.385Z,KXBTC15M-26MAY170715-15,BTC price up in next 15 mins?,KXBTC15M-26MAY170715,2026-05-17T11:15:00Z,active,0.17,0.18,0.82,0.83,0.175,0.18,104423.93,51786.60,324.66,1163.31,2026-05-17T11:06:39.453Z,btc-updown-15m-1779015600,"Bitcoin Up or Down - May 17, 7:00AM-7:15AM ET",btc-updown-15m-1779015600,2026-05-17T11:15:00Z,,0.13,0.14,0.86,0.87,0.135,0.18,242.039407,,12.0,207.35,2026-05-17T11:06:39.453Z,BRTI,78384.13,78425.04,78379.80416666667,60,Polymarket RTDS,78374.5135539608,78431.7115082606,1.05,0.97,
2026-05-17T11:06:41.873Z,2026-05-17T11:06:41.391Z,KXBTC15M-26MAY170715-15,BTC price up in next 15 mins?,KXBTC15M-26MAY170715,2026-05-17T11:15:00Z,active,0.17,0.18,0.82,0.83,0.175,0.18,104423.93,51786.60,242.0,1233.31,2026-05-17T11:06:41.438Z,btc-updown-15m-1779015600,"Bitcoin Up or Down - May 17, 7:00AM-7:15AM ET",btc-updown-15m-1779015600,2026-05-17T11:15:00Z,,0.12,0.13,0.87,0.88,0.125,0.18,242.039407,,228.25,14.76,2026-05-17T11:06:41.438Z,BRTI,78385.3,78425.04,78379.93650000001,60,Polymarket RTDS,78375.23732542088,78431.7115082606,1.06,0.96,
2026-05-17T11:06:43.915Z,2026-05-17T11:06:43.396Z,KXBTC15M-26MAY170715-15,BTC price up in next 15 mins?,KXBTC15M-26MAY170715,2026-05-17T11:15:00Z,active,0.17,0.18,0.82,0.83,0.175,0.18,104423.93,51786.60,249.47,1203.26,2026-05-17T11:06:43.445Z,btc-updown-15m-1779015600,"Bitcoin Up or Down - May 17, 7:00AM-7:15AM ET",btc-updown-15m-1779015600,2026-05-17T11:15:00Z,,0.12,0.13,0.87,0.88,0.125,0.18,242.039407,,208.6,182.11,2026-05-17T11:06:43.445Z,BRTI,78396.59,78425.04,78380.429,60,Polymarket RTDS,78374.49732308666,78431.7115082606,1.06,0.96,
2026-05-17T11:06:45.919Z,2026-05-17T11:06:45.409Z,KXBTC15M-26MAY170715-15,BTC price up in next 15 mins?,KXBTC15M-26MAY170715,2026-05-17T11:15:00Z,active,0.17,0.18,0.82,0.83,0.175,0.18,104423.93,51786.60,249.47,1147.59,2026-05-17T11:06:45.455Z,btc-updown-15m-1779015600,"Bitcoin Up or Down - May 17, 7:00AM-7:15AM ET",btc-updown-15m-1779015600,2026-05-17T11:15:00Z,,0.12,0.13,0.87,0.88,0.125,0.18,242.039407,,204.31,82.47,2026-05-17T11:06:45.455Z,BRTI,78398.17,78425.04,78380.77583333333,60,Polymarket RTDS,78374.52614585657,78431.7115082606,1.06,0.96,
2026-05-17T11:06:47.866Z,2026-05-17T11:06:47.383Z,KXBTC15M-26MAY170715-15,BTC price up in next 15 mins?,KXBTC15M-26MAY170715,2026-05-17T11:15:00Z,active,0.17,0.18,0.82,0.83,0.175,0.18,104423.93,51786.60,324.47,1072.59,2026-05-17T11:06:47.430Z,btc-updown-15m-1779015600,"Bitcoin Up or Down - May 17, 7:00AM-7:15AM ET",btc-updown-15m-1779015600,2026-05-17T11:15:00Z,,0.12,0.13,0.87,0.88,0.125,0.18,242.039407,,146.19,82.47,2026-05-17T11:06:47.430Z,BRTI,78396.59,78425.04,78381.09866666667,60,Polymarket RTDS,78374.53684585656,78431.7115082606,1.06,0.96,
2026-05-17T11:06:49.928Z,2026-05-17T11:06:49.401Z,KXBTC15M-26MAY170715-15,BTC price up in next 15 mins?,KXBTC15M-26MAY170715,2026-05-17T11:15:00Z,active,0.17,0.18,0.82,0.83,0.175,0.18,104423.93,51786.60,220.0,1272.59,2026-05-17T11:06:49.451Z,btc-updown-15m-1779015600,"Bitcoin Up or Down - May 17, 7:00AM-7:15AM ET",btc-updown-15m-1779015600,2026-05-17T11:15:00Z,,0.14,0.15,0.85,0.86,0.14500000000000002,0.18,242.039407,,24.82,194.63,2026-05-17T11:06:49.451Z,BRTI,78384.96,78425.04,78381.22533333332,60,Polymarket RTDS,78374.53702585657,78431.7115082606,1.04,0.98,
2026-05-17T11:06:51.957Z,2026-05-17T11:06:51.402Z,KXBTC15M-26MAY170715-15,BTC price up in next 15 mins?,KXBTC15M-26MAY170715,2026-05-17T11:15:00Z,active,0.17,0.18,0.82,0.83,0.175,0.18,104423.93,51786.60,250.0,1272.59,2026-05-17T11:06:51.460Z,btc-updown-15m-1779015600,"Bitcoin Up or Down - May 17, 7:00AM-7:15AM ET",btc-updown-15m-1779015600,2026-05-17T11:15:00Z,,0.13,0.14,0.86,0.87,0.135,0.18,242.039407,,63.84,41.74,2026-05-17T11:06:51.460Z,BRTI,78398.17,78425.04,78381.79316666667,60,Polymarket RTDS,78374.52996585656,78431.7115082606,1.05,0.97,
2026-05-17T11:06:53.922Z,2026-05-17T11:06:53.400Z,KXBTC15M-26MAY170715-15,BTC price up in next 15 mins?,KXBTC15M-26MAY170715,2026-05-17T11:15:00Z,active,0.17,0.18,0.82,0.83,0.175,0.18,104423.93,51786.60,250.0,1205.97,2026-05-17T11:06:53.446Z,btc-updown-15m-1779015600,"Bitcoin Up or Down - May 17, 7:00AM-7:15AM ET",btc-updown-15m-1779015600,2026-05-17T11:15:00Z,,0.13,0.14,0.86,0.87,0.135,0.18,242.039407,,49.28,33.34,2026-05-17T11:06:53.446Z,BRTI,78385.3,78425.04,78381.92783333334,60,Polymarket RTDS,78374.52874585656,78431.7115082606,1.05,0.97,
2026-05-17T11:06:55.943Z,2026-05-17T11:06:55.397Z,KXBTC15M-26MAY170715-15,BTC price up in next 15 mins?,KXBTC15M-26MAY170715,2026-05-17T11:15:00Z,active,0.17,0.18,0.82,0.83,0.175,0.18,104423.93,51786.60,250.0,1205.97,2026-05-17T11:06:55.445Z,btc-updown-15m-1779015600,"Bitcoin Up or Down - May 17, 7:00AM-7:15AM ET",btc-updown-15m-1779015600,2026-05-17T11:15:00Z,,0.13,0.14,0.86,0.87,0.135,0.18,242.039407,,11.08,109.95,2026-05-17T11:06:55.445Z,BRTI,78392.06,78425.04,78382.17283333333,60,Polymarket RTDS,78374.57039585657,78431.7115082606,1.05,0.97,
2026-05-17T11:06:57.919Z,2026-05-17T11:06:57.388Z,KXBTC15M-26MAY170715-15,BTC price up in next 15 mins?,KXBTC15M-26MAY170715,2026-05-17T11:15:00Z,active,0.17,0.18,0.82,0.83,0.175,0.18,104423.93,51786.60,322.38,795.99,2026-05-17T11:06:57.443Z,btc-updown-15m-1779015600,"Bitcoin Up or Down - May 17, 7:00AM-7:15AM ET",btc-updown-15m-1779015600,2026-05-17T11:15:00Z,,0.13,0.14,0.86,0.87,0.135,0.18,242.039407,,32.35,71.62,2026-05-17T11:06:57.443Z,BRTI,78385.58,78425.04,78382.45983333333,60,Polymarket RTDS,78374.56877085657,78431.7115082606,1.05,0.97,
2026-05-17T11:07:01.677Z,2026-05-17T11:06:59.391Z,KXBTC15M-26MAY170715-15,BTC price up in next 15 mins?,KXBTC15M-26MAY170715,2026-05-17T11:15:00Z,active,0.17,0.18,0.82,0.83,0.175,0.18,104423.93,51786.60,247.38,2410.45,2026-05-17T11:06:59.451Z,btc-updown-15m-1779015600,"Bitcoin Up or Down - May 17, 7:00AM-7:15AM ET",btc-updown-15m-1779015600,2026-05-17T11:15:00Z,,0.13,0.14,0.86,0.87,0.135,0.18,242.039407,,19.08,59.47,2026-05-17T11:06:59.451Z,BRTI,78385.58,78425.04,78382.57683333334,60,Polymarket RTDS,78373.79296542151,78431.7115082606,1.05,0.97,
2026-05-17T11:07:02.840Z,2026-05-17T11:07:02.188Z,KXBTC15M-26MAY170715-15,BTC price up in next 15 mins?,KXBTC15M-26MAY170715,2026-05-17T11:15:00Z,active,0.16,0.17,0.83,0.84,0.165,0.18,104423.93,51786.60,12.17,2313.86,2026-05-17T11:07:02.304Z,btc-updown-15m-1779015600,"Bitcoin Up or Down - May 17, 7:00AM-7:15AM ET",btc-updown-15m-1779015600,2026-05-17T11:15:00Z,,0.13,0.14,0.86,0.87,0.135,0.18,242.039407,,3.38,89.4,2026-05-17T11:07:02.304Z,BRTI,78384.96,78425.04,78382.7415,60,Polymarket RTDS,78373.5529978853,78431.7115082606,1.04,0.98,
2026-05-17T11:07:04.722Z,2026-05-17T11:07:04.176Z,KXBTC15M-26MAY170715-15,BTC price up in next 15 mins?,KXBTC15M-26MAY170715,2026-05-17T11:15:00Z,active,0.16,0.17,0.83,0.84,0.165,0.18,104423.93,51786.60,12.17,1257.74,2026-05-17T11:07:04.232Z,btc-updown-15m-1779015600,"Bitcoin Up or Down - May 17, 7:00AM-7:15AM ET",btc-updown-15m-1779015600,2026-05-17T11:15:00Z,,0.12,0.13,0.87,0.88,0.125,0.18,242.039407,,26.29,85.29,2026-05-17T11:07:04.233Z,BRTI,78386.01,78425.04,78382.92366666667,60,Polymarket RTDS,78373.26927514936,78431.7115082606,1.05,0.97,
2026-05-17T11:07:06.778Z,2026-05-17T11:07:06.155Z,KXBTC15M-26MAY170715-15,BTC price up in next 15 mins?,KXBTC15M-26MAY170715,2026-05-17T11:15:00Z,active,0.15,0.16,0.84,0.85,0.155,0.15,105735.71,52464.21,223.0,1024.0,2026-05-17T11:07:06.205Z,btc-updown-15m-1779015600,"Bitcoin Up or Down - May 17, 7:00AM-7:15AM ET",btc-updown-15m-1779015600,2026-05-17T11:15:00Z,,0.11,0.12,0.88,0.89,0.11499999999999999,0.18,242.039407,,79.29,14.17,2026-05-17T11:07:06.205Z,BRTI,78383.76,78425.04,78383.03266666667,60,Polymarket RTDS,78372.98332419895,78431.7115082606,1.05,0.97,
2026-05-17T11:07:08.703Z,2026-05-17T11:07:08.172Z,KXBTC15M-26MAY170715-15,BTC price up in next 15 mins?,KXBTC15M-26MAY170715,2026-05-17T11:15:00Z,active,0.14,0.15,0.85,0.86,0.14500000000000002,0.15,105735.71,52464.21,869.0,1098.0,2026-05-17T11:07:08.225Z,btc-updown-15m-1779015600,"Bitcoin Up or Down - May 17, 7:00AM-7:15AM ET",btc-updown-15m-1779015600,2026-05-17T11:15:00Z,,0.11,0.12,0.88,0.89,0.11499999999999999,0.18,242.039407,,49.74,129.8,2026-05-17T11:07:08.225Z,BRTI,78384.96,78425.04,78383.21066666667,60,Polymarket RTDS,78372.99046014936,78431.7115082606,1.04,0.98,
2026-05-17T11:07:11.780Z,2026-05-17T11:07:10.176Z,KXBTC15M-26MAY170715-15,BTC price up in next 15 mins?,KXBTC15M-26MAY170715,2026-05-17T11:15:00Z,active,0.14,0.15,0.85,0.86,0.14500000000000002,0.15,105735.71,52464.21,467.84,1023.0,2026-05-17T11:07:10.239Z,btc-updown-15m-1779015600,"Bitcoin Up or Down - May 17, 7:00AM-7:15AM ET",btc-updown-15m-1779015600,2026-05-17T11:15:00Z,,0.11,0.12,0.88,0.89,0.11499999999999999,0.18,242.039407,,69.3,129.8,2026-05-17T11:07:10.239Z,BRTI,78385.3,78425.04,78383.49433333334,60,Polymarket RTDS,78373.11053847286,78431.7115082606,1.04,0.98,
2026-05-17T11:07:12.762Z,2026-05-17T11:07:12.279Z,KXBTC15M-26MAY170715-15,BTC price up in next 15 mins?,KXBTC15M-26MAY170715,2026-05-17T11:15:00Z,active,0.13,0.14,0.86,0.87,0.135,0.15,105735.71,52464.21,483.0,1099.14,2026-05-17T11:07:12.327Z,btc-updown-15m-1779015600,"Bitcoin Up or Down - May 17, 7:00AM-7:15AM ET",btc-updown-15m-1779015600,2026-05-17T11:15:00Z,,0.11,0.12,0.88,0.89,0.11499999999999999,0.18,242.039407,,64.24,74.42,2026-05-17T11:07:12.327Z,BRTI,78396.59,78425.04,78383.7945,60,Polymarket RTDS,78373.17106677518,78431.7115082606,1.03,0.99,
2026-05-17T11:07:15.112Z,2026-05-17T11:07:14.275Z,KXBTC15M-26MAY170715-15,BTC price up in next 15 mins?,KXBTC15M-26MAY170715,2026-05-17T11:15:00Z,active,0.13,0.14,0.86,0.87,0.135,0.15,105735.71,52464.21,431.05,857.03,2026-05-17T11:07:14.329Z,btc-updown-15m-1779015600,"Bitcoin Up or Down - May 17, 7:00AM-7:15AM ET",btc-updown-15m-1779015600,2026-05-17T11:15:00Z,,0.11,0.12,0.88,0.89,0.11499999999999999,0.18,242.039407,,64.24,57.67,2026-05-17T11:07:14.329Z,BRTI,78385.3,78425.04,78383.68183333334,60,Polymarket RTDS,78372.89237035035,78431.7115082606,1.03,0.99,
2026-05-17T11:07:17.212Z,2026-05-17T11:07:16.274Z,KXBTC15M-26MAY170715-15,BTC price up in next 15 mins?,KXBTC15M-26MAY170715,2026-05-17T11:15:00Z,active,0.13,0.14,0.86,0.87,0.135,0.15,105735.71,52464.21,452.94,532.87,2026-05-17T11:07:16.322Z,btc-updown-15m-1779015600,"Bitcoin Up or Down - May 17, 7:00AM-7:15AM ET",btc-updown-15m-1779015600,2026-05-17T11:15:00Z,,0.11,0.12,0.88,0.89,0.11499999999999999,0.18,242.039407,,32.54,72.76,2026-05-17T11:07:16.322Z,BRTI,78396.59,78425.04,78384.15366666667,60,Polymarket RTDS,78373.05004895362,78431.7115082606,1.03,0.99,
2026-05-17T11:07:18.820Z,2026-05-17T11:07:18.274Z,KXBTC15M-26MAY170715-15,BTC price up in next 15 mins?,KXBTC15M-26MAY170715,2026-05-17T11:15:00Z,active,0.13,0.14,0.86,0.87,0.135,0.15,105735.71,52464.21,278.39,522.87,2026-05-17T11:07:18.330Z,btc-updown-15m-1779015600,"Bitcoin Up or Down - May 17, 7:00AM-7:15AM ET",btc-updown-15m-1779015600,2026-05-17T11:15:00Z,,0.11,0.12,0.88,0.89,0.11499999999999999,0.18,242.039407,,42.03,72.76,2026-05-17T11:07:18.330Z,BRTI,78385.58,78425.04,78384.442,60,Polymarket RTDS,78373.04980270557,78431.7115082606,1.03,0.99,
2026-05-17T11:07:20.770Z,2026-05-17T11:07:20.272Z,KXBTC15M-26MAY170715-15,BTC price up in next 15 mins?,KXBTC15M-26MAY170715,2026-05-17T11:15:00Z,active,0.13,0.14,0.86,0.87,0.135,0.15,105735.71,52464.21,171.39,1080.32,2026-05-17T11:07:20.320Z,btc-updown-15m-1779015600,"Bitcoin Up or Down - May 17, 7:00AM-7:15AM ET",btc-updown-15m-1779015600,2026-05-17T11:15:00Z,,0.1,0.11,0.89,0.9,0.10500000000000001,0.18,242.039407,,413.35,92.01,2026-05-17T11:07:20.321Z,BRTI,78386.01,78425.04,78384.62416666668,60,Polymarket RTDS,78373.0971257532,78431.7115082606,1.04,0.98,
2026-05-17T11:07:22.827Z,2026-05-17T11:07:22.269Z,KXBTC15M-26MAY170715-15,BTC price up in next 15 mins?,KXBTC15M-26MAY170715,2026-05-17T11:15:00Z,active,0.12,0.13,0.87,0.88,0.125,0.15,105735.71,52464.21,31.0,1301.35,2026-05-17T11:07:22.315Z,btc-updown-15m-1779015600,"Bitcoin Up or Down - May 17, 7:00AM-7:15AM ET",btc-updown-15m-1779015600,2026-05-17T11:15:00Z,,0.1,0.11,0.89,0.9,0.10500000000000001,0.18,242.039407,,116.99,391.26,2026-05-17T11:07:22.315Z,BRTI,78385.3,78425.04,78384.75649999999,60,Polymarket RTDS,78373.09730561404,78431.7115082606,1.03,0.99,
2026-05-17T11:07:24.945Z,2026-05-17T11:07:24.277Z,KXBTC15M-26MAY170715-15,BTC price up in next 15 mins?,KXBTC15M-26MAY170715,2026-05-17T11:15:00Z,active,0.12,0.13,0.87,0.88,0.125,0.15,105735.71,52464.21,155.0,1317.35,2026-05-17T11:07:24.332Z,btc-updown-15m-1779015600,"Bitcoin Up or Down - May 17, 7:00AM-7:15AM ET",btc-updown-15m-1779015600,2026-05-17T11:15:00Z,,0.1,0.11,0.89,0.9,0.10500000000000001,0.18,242.039407,,78.03,346.33,2026-05-17T11:07:24.332Z,BRTI,78377.46,78425.04,78384.79616666665,60,Polymarket RTDS,78369.45347717006,78431.7115082606,1.03,0.99,
2026-05-17T11:07:26.767Z,2026-05-17T11:07:26.272Z,KXBTC15M-26MAY170715-15,BTC price up in next 15 mins?,KXBTC15M-26MAY170715,2026-05-17T11:15:00Z,active,0.12,0.13,0.87,0.88,0.125,0.15,105735.71,52464.21,132.0,3885.89,2026-05-17T11:07:26.321Z,btc-updown-15m-1779015600,"Bitcoin Up or Down - May 17, 7:00AM-7:15AM ET",btc-updown-15m-1779015600,2026-05-17T11:15:00Z,,0.1,0.11,0.89,0.9,0.10500000000000001,0.18,242.039407,,22.03,400.33,2026-05-17T11:07:26.321Z,BRTI,78386.01,78425.04,78385.09033333333,60,Polymarket RTDS,78369.68761261833,78431.7115082606,1.03,0.99,
2026-05-17T11:07:28.817Z,2026-05-17T11:07:28.280Z,KXBTC15M-26MAY170715-15,BTC price up in next 15 mins?,KXBTC15M-26MAY170715,2026-05-17T11:15:00Z,active,0.12,0.13,0.87,0.88,0.125,0.15,105735.71,52464.21,132.0,3728.93,2026-05-17T11:07:28.335Z,btc-updown-15m-1779015600,"Bitcoin Up or Down - May 17, 7:00AM-7:15AM ET",btc-updown-15m-1779015600,2026-05-17T11:15:00Z,,0.08,0.09,0.91,0.92,0.08499999999999999,0.18,242.039407,,121.0,230.22,2026-05-17T11:07:28.335Z,BRTI,78383.76,78425.04,78385.17666666667,60,Polymarket RTDS,78366.3789603538,78431.7115082606,1.05,0.97,
2026-05-17T11:07:30.813Z,2026-05-17T11:07:30.278Z,KXBTC15M-26MAY170715-15,BTC price up in next 15 mins?,KXBTC15M-26MAY170715,2026-05-17T11:15:00Z,active,0.1,0.11,0.89,0.9,0.10500000000000001,0.15,105735.71,52464.21,1524.43,1287.0,2026-05-17T11:07:30.330Z,btc-updown-15m-1779015600,"Bitcoin Up or Down - May 17, 7:00AM-7:15AM ET",btc-updown-15m-1779015600,2026-05-17T11:15:00Z,,0.08,0.09,0.91,0.92,0.08499999999999999,0.18,242.039407,,103.18,189.33,2026-05-17T11:07:30.330Z,BRTI,78383.76,78425.04,78385.28333333334,60,Polymarket RTDS,78366.37922981413,78431.7115082606,1.03,0.99,
2026-05-17T11:07:32.799Z,2026-05-17T11:07:32.271Z,KXBTC15M-26MAY170715-15,BTC price up in next 15 mins?,KXBTC15M-26MAY170715,2026-05-17T11:15:00Z,active,0.1,0.11,0.89,0.9,0.10500000000000001,0.15,105735.71,52464.21,1217.59,1313.52,2026-05-17T11:07:32.323Z,btc-updown-15m-1779015600,"Bitcoin Up or Down - May 17, 7:00AM-7:15AM ET",btc-updown-15m-1779015600,2026-05-17T11:15:00Z,,0.08,0.09,0.91,0.92,0.08499999999999999,0.18,242.039407,,98.12,152.22,2026-05-17T11:07:32.323Z,BRTI,78385.58,78425.04,78385.09983333334,60,Polymarket RTDS,78365.00407622052,78431.7115082606,1.03,0.99,
2026-05-17T11:07:34.791Z,2026-05-17T11:07:34.281Z,KXBTC15M-26MAY170715-15,BTC price up in next 15 mins?,KXBTC15M-26MAY170715,2026-05-17T11:15:00Z,active,0.1,0.11,0.89,0.9,0.10500000000000001,0.15,105735.71,52464.21,1692.59,1253.65,2026-05-17T11:07:34.335Z,btc-updown-15m-1779015600,"Bitcoin Up or Down - May 17, 7:00AM-7:15AM ET",btc-updown-15m-1779015600,2026-05-17T11:15:00Z,,0.08,0.09,0.91,0.92,0.08499999999999999,0.18,242.039407,,91.97,111.28,2026-05-17T11:07:34.335Z,BRTI,78384.13,78425.04,78385.21266666666,60,Polymarket RTDS,78364.741142639,78431.7115082606,1.03,0.99,
2026-05-17T11:07:36.788Z,2026-05-17T11:07:36.266Z,KXBTC15M-26MAY170715-15,BTC price up in next 15 mins?,KXBTC15M-26MAY170715,2026-05-17T11:15:00Z,active,0.11,0.12,0.88,0.89,0.11499999999999999,0.11,114667.28,55796.79,160.0,1563.35,2026-05-17T11:07:36.340Z,btc-updown-15m-1779015600,"Bitcoin Up or Down - May 17, 7:00AM-7:15AM ET",btc-updown-15m-1779015600,2026-05-17T11:15:00Z,,0.08,0.09,0.91,0.92,0.08499999999999999,0.18,242.039407,,104.97,105.16,2026-05-17T11:07:36.340Z,BRTI,78385.3,78425.04,78385.325,60,Polymarket RTDS,78364.74082149735,78431.7115082606,1.04,0.98,
2026-05-17T11:07:38.825Z,2026-05-17T11:07:38.276Z,KXBTC15M-26MAY170715-15,BTC price up in next 15 mins?,KXBTC15M-26MAY170715,2026-05-17T11:15:00Z,active,0.16,0.17,0.83,0.84,0.165,0.11,114667.28,55796.79,1912.02,83.0,2026-05-17T11:07:38.328Z,btc-updown-15m-1779015600,"Bitcoin Up or Down - May 17, 7:00AM-7:15AM ET",btc-updown-15m-1779015600,2026-05-17T11:15:00Z,,0.07,0.08,0.92,0.93,0.07500000000000001,0.18,242.039407,,10.43,37.51,2026-05-17T11:07:38.328Z,BRTI,78386.01,78425.04,78385.14866666666,60,Polymarket RTDS,78364.7452202045,78431.7115082606,1.1,0.9199999999999999,
2026-05-17T11:07:40.780Z,2026-05-17T11:07:40.274Z,KXBTC15M-26MAY170715-15,BTC price up in next 15 mins?,KXBTC15M-26MAY170715,2026-05-17T11:15:00Z,active,0.16,0.17,0.83,0.84,0.165,0.11,114667.28,55796.79,1922.02,76.84,2026-05-17T11:07:40.325Z,btc-updown-15m-1779015600,"Bitcoin Up or Down - May 17, 7:00AM-7:15AM ET",btc-updown-15m-1779015600,2026-05-17T11:15:00Z,,0.09,0.1,0.9,0.91,0.095,0.18,242.039407,,227.2,34.37,2026-05-17T11:07:40.325Z,BRTI,78383.76,78425.04,78384.93483333333,60,Polymarket RTDS,78371.95358,78431.7115082606,1.08,0.94,
2026-05-17T11:07:42.940Z,2026-05-17T11:07:42.269Z,KXBTC15M-26MAY170715-15,BTC price up in next 15 mins?,KXBTC15M-26MAY170715,2026-05-17T11:15:00Z,active,0.16,0.17,0.83,0.84,0.165,0.11,114667.28,55796.79,1862.91,494.49,2026-05-17T11:07:42.329Z,btc-updown-15m-1779015600,"Bitcoin Up or Down - May 17, 7:00AM-7:15AM ET",btc-updown-15m-1779015600,2026-05-17T11:15:00Z,,0.09,0.1,0.9,0.91,0.095,0.18,242.039407,,20.42,12.0,2026-05-17T11:07:42.329Z,BRTI,78386.01,78425.04,78385.229,60,Polymarket RTDS,78372.032645,78431.7115082606,1.08,0.94,
2026-05-17T11:07:44.765Z,2026-05-17T11:07:44.279Z,KXBTC15M-26MAY170715-15,BTC price up in next 15 mins?,KXBTC15M-26MAY170715,2026-05-17T11:15:00Z,active,0.17,0.18,0.82,0.83,0.175,0.11,114667.28,55796.79,128.0,1644.03,2026-05-17T11:07:44.337Z,btc-updown-15m-1779015600,"Bitcoin Up or Down - May 17, 7:00AM-7:15AM ET",btc-updown-15m-1779015600,2026-05-17T11:15:00Z,,0.09,0.1,0.9,0.91,0.095,0.18,242.039407,,141.45,18.61,2026-05-17T11:07:44.337Z,BRTI,78383.76,78425.04,78385.31566666668,60,Polymarket RTDS,78372.035665,78431.7115082606,1.09,0.9299999999999999,
2026-05-17T11:07:46.796Z,2026-05-17T11:07:46.274Z,KXBTC15M-26MAY170715-15,BTC price up in next 15 mins?,KXBTC15M-26MAY170715,2026-05-17T11:15:00Z,active,0.16,0.17,0.83,0.84,0.165,0.11,114667.28,55796.79,130.0,1193.26,2026-05-17T11:07:46.327Z,btc-updown-15m-1779015600,"Bitcoin Up or Down - May 17, 7:00AM-7:15AM ET",btc-updown-15m-1779015600,2026-05-17T11:15:00Z,,0.1,0.11,0.89,0.9,0.10500000000000001,0.18,242.039407,,35.12,42.87,2026-05-17T11:07:46.327Z,BRTI,78386.01,78425.04,78385.113,60,Polymarket RTDS,78372.00817,78431.7115082606,1.07,0.95,
2026-05-17T11:07:48.801Z,2026-05-17T11:07:48.274Z,KXBTC15M-26MAY170715-15,BTC price up in next 15 mins?,KXBTC15M-26MAY170715,2026-05-17T11:15:00Z,active,0.15,0.16,0.84,0.85,0.155,0.11,114667.28,55796.79,175.88,623.62,2026-05-17T11:07:48.320Z,btc-updown-15m-1779015600,"Bitcoin Up or Down - May 17, 7:00AM-7:15AM ET",btc-updown-15m-1779015600,2026-05-17T11:15:00Z,,0.09,0.1,0.9,0.91,0.095,0.18,242.039407,,132.0,41.0,2026-05-17T11:07:48.320Z,BRTI,78385.58,78425.04,78384.9295,60,Polymarket RTDS,78371.721,78431.7115082606,1.07,0.95,
2026-05-17T11:07:50.844Z,2026-05-17T11:07:50.282Z,KXBTC15M-26MAY170715-15,BTC price up in next 15 mins?,KXBTC15M-26MAY170715,2026-05-17T11:15:00Z,active,0.15,0.16,0.84,0.85,0.155,0.11,114667.28,55796.79,170.88,613.72,2026-05-17T11:07:50.332Z,btc-updown-15m-1779015600,"Bitcoin Up or Down - May 17, 7:00AM-7:15AM ET",btc-updown-15m-1779015600,2026-05-17T11:15:00Z,,0.09,0.1,0.9,0.91,0.095,0.18,242.039407,,132.0,35.43,2026-05-17T11:07:50.332Z,BRTI,78383.73,78425.04,78384.71516666668,60,Polymarket RTDS,78371.63217,78431.7115082606,1.07,0.95,
2026-05-17T11:07:52.859Z,2026-05-17T11:07:52.274Z,KXBTC15M-26MAY170715-15,BTC price up in next 15 mins?,KXBTC15M-26MAY170715,2026-05-17T11:15:00Z,active,0.15,0.16,0.84,0.85,0.155,0.11,114667.28,55796.79,145.88,570.1,2026-05-17T11:07:52.324Z,btc-updown-15m-1779015600,"Bitcoin Up or Down - May 17, 7:00AM-7:15AM ET",btc-updown-15m-1779015600,2026-05-17T11:15:00Z,,0.09,0.1,0.9,0.91,0.095,0.18,242.039407,,163.86,26.0,2026-05-17T11:07:52.324Z,BRTI,78386.01,78425.04,78384.89733333333,60,Polymarket RTDS,78371.615695,78431.7115082606,1.07,0.95,
2026-05-17T11:07:56.522Z,2026-05-17T11:07:54.277Z,KXBTC15M-26MAY170715-15,BTC price up in next 15 mins?,KXBTC15M-26MAY170715,2026-05-17T11:15:00Z,active,0.15,0.16,0.84,0.85,0.155,0.11,114667.28,55796.79,135.79,554.5,2026-05-17T11:07:54.325Z,btc-updown-15m-1779015600,"Bitcoin Up or Down - May 17, 7:00AM-7:15AM ET",btc-updown-15m-1779015600,2026-05-17T11:15:00Z,,0.08,0.09,0.91,0.92,0.08499999999999999,0.18,242.039407,,117.8,5.0,2026-05-17T11:07:54.325Z,BRTI,78386.01,78425.04,78384.92866666666,60,Polymarket RTDS,78371.57667,78431.7115082606,1.08,0.94,
2026-05-17T11:07:57.489Z,2026-05-17T11:07:57.006Z,KXBTC15M-26MAY170715-15,BTC price up in next 15 mins?,KXBTC15M-26MAY170715,2026-05-17T11:15:00Z,active,0.15,0.16,0.84,0.85,0.155,0.11,114667.28,55796.79,158.67,492.25,2026-05-17T11:07:57.055Z,btc-updown-15m-1779015600,"Bitcoin Up or Down - May 17, 7:00AM-7:15AM ET",btc-updown-15m-1779015600,2026-05-17T11:15:00Z,,0.12,0.13,0.87,0.88,0.125,0.18,242.039407,,28.34,234.75,2026-05-17T11:07:57.055Z,BRTI,78382.84,78425.04,78385.02,60,Polymarket RTDS,78371.584795,78431.7115082606,1.04,0.98,
2026-05-17T11:07:59.515Z,2026-05-17T11:07:59.003Z,KXBTC15M-26MAY170715-15,BTC price up in next 15 mins?,KXBTC15M-26MAY170715,2026-05-17T11:15:00Z,active,0.15,0.16,0.84,0.85,0.155,0.11,114667.28,55796.79,143.56,486.75,2026-05-17T11:07:59.046Z,btc-updown-15m-1779015600,"Bitcoin Up or Down - May 17, 7:00AM-7:15AM ET",btc-updown-15m-1779015600,2026-05-17T11:15:00Z,,0.12,0.13,0.87,0.88,0.125,0.18,242.039407,,32.34,234.75,2026-05-17T11:07:59.046Z,BRTI,78385.3,78425.04,78385.0395,60,Polymarket RTDS,78371.57996,78431.7115082606,1.04,0.98,
2026-05-17T11:08:01.660Z,2026-05-17T11:08:01.006Z,KXBTC15M-26MAY170715-15,BTC price up in next 15 mins?,KXBTC15M-26MAY170715,2026-05-17T11:15:00Z,active,0.15,0.16,0.84,0.85,0.155,0.11,114667.28,55796.79,143.56,869.05,2026-05-17T11:08:01.056Z,btc-updown-15m-1779015600,"Bitcoin Up or Down - May 17, 7:00AM-7:15AM ET",btc-updown-15m-1779015600,2026-05-17T11:15:00Z,,0.1,0.11,0.89,0.9,0.10500000000000001,0.18,242.039407,,40.1,30.8,2026-05-17T11:08:01.056Z,BRTI,78382.84,78425.04,78385.1105,60,Polymarket RTDS,78371.62953,78431.7115082606,1.06,0.96,
2026-05-17T11:08:03.507Z,2026-05-17T11:08:03.006Z,KXBTC15M-26MAY170715-15,BTC price up in next 15 mins?,KXBTC15M-26MAY170715,2026-05-17T11:15:00Z,active,0.14,0.15,0.85,0.86,0.14500000000000002,0.11,114667.28,55796.79,139.0,125.0,2026-05-17T11:08:03.057Z,btc-updown-15m-1779015600,"Bitcoin Up or Down - May 17, 7:00AM-7:15AM ET",btc-updown-15m-1779015600,2026-05-17T11:15:00Z,,0.1,0.11,0.89,0.9,0.10500000000000001,0.18,242.039407,,50.68,119.29,2026-05-17T11:08:03.057Z,BRTI,78385.3,78425.04,78385.22249999999,60,Polymarket RTDS,78371.64297,78431.7115082606,1.05,0.97,
2026-05-17T11:08:05.777Z,2026-05-17T11:08:05.017Z,KXBTC15M-26MAY170715-15,BTC price up in next 15 mins?,KXBTC15M-26MAY170715,2026-05-17T11:15:00Z,active,0.14,0.15,0.85,0.86,0.14500000000000002,0.11,114667.28,55796.79,160.0,1201.51,2026-05-17T11:08:05.084Z,btc-updown-15m-1779015600,"Bitcoin Up or Down - May 17, 7:00AM-7:15AM ET",btc-updown-15m-1779015600,2026-05-17T11:15:00Z,,0.1,0.11,0.89,0.9,0.10500000000000001,0.18,242.039407,,33.32,119.29,2026-05-17T11:08:05.084Z,BRTI,78383.73,78425.04,78385.30866666666,60,Polymarket RTDS,78371.51714,78431.7115082606,1.05,0.97,
2026-05-17T11:08:07.585Z,2026-05-17T11:08:07.024Z,KXBTC15M-26MAY170715-15,BTC price up in next 15 mins?,KXBTC15M-26MAY170715,2026-05-17T11:15:00Z,active,0.14,0.15,0.85,0.86,0.14500000000000002,0.15,121671.88,60477.92,158.0,1168.51,2026-05-17T11:08:07.075Z,btc-updown-15m-1779015600,"Bitcoin Up or Down - May 17, 7:00AM-7:15AM ET",btc-updown-15m-1779015600,2026-05-17T11:15:00Z,,0.1,0.11,0.89,0.9,0.10500000000000001,0.18,242.039407,,33.32,123.29,2026-05-17T11:08:07.075Z,BRTI,78382.84,78425.04,78385.40233333333,60,Polymarket RTDS,78371.513175,78431.7115082606,1.05,0.97,
2026-05-17T11:08:09.509Z,2026-05-17T11:08:09.006Z,KXBTC15M-26MAY170715-15,BTC price up in next 15 mins?,KXBTC15M-26MAY170715,2026-05-17T11:15:00Z,active,0.16,0.17,0.83,0.84,0.165,0.15,121671.88,60477.92,207.0,1226.26,2026-05-17T11:08:09.063Z,btc-updown-15m-1779015600,"Bitcoin Up or Down - May 17, 7:00AM-7:15AM ET",btc-updown-15m-1779015600,2026-05-17T11:15:00Z,,0.1,0.11,0.89,0.9,0.10500000000000001,0.18,242.039407,,161.59,22.06,2026-05-17T11:08:09.063Z,BRTI,78385.3,78425.04,78385.51466666667,60,Polymarket RTDS,78373.10901978111,78431.7115082606,1.07,0.95,
2026-05-17T11:08:11.533Z,2026-05-17T11:08:11.019Z,KXBTC15M-26MAY170715-15,BTC price up in next 15 mins?,KXBTC15M-26MAY170715,2026-05-17T11:15:00Z,active,0.16,0.17,0.83,0.84,0.165,0.15,121671.88,60477.92,206.0,1223.26,2026-05-17T11:08:11.068Z,btc-updown-15m-1779015600,"Bitcoin Up or Down - May 17, 7:00AM-7:15AM ET",btc-updown-15m-1779015600,2026-05-17T11:15:00Z,,0.1,0.11,0.89,0.9,0.10500000000000001,0.18,242.039407,,44.9,40.66,2026-05-17T11:08:11.068Z,BRTI,78385.3,78425.04,78385.685,60,Polymarket RTDS,78374.34645307001,78431.7115082606,1.07,0.95,
2026-05-17T11:08:13.592Z,2026-05-17T11:08:13.004Z,KXBTC15M-26MAY170715-15,BTC price up in next 15 mins?,KXBTC15M-26MAY170715,2026-05-17T11:15:00Z,active,0.15,0.16,0.84,0.85,0.155,0.15,121671.88,60477.92,2350.0,951.73,2026-05-17T11:08:13.056Z,btc-updown-15m-1779015600,"Bitcoin Up or Down - May 17, 7:00AM-7:15AM ET",btc-updown-15m-1779015600,2026-05-17T11:15:00Z,,0.12,0.13,0.87,0.88,0.125,0.18,242.039407,,28.41,37.57,2026-05-17T11:08:13.056Z,BRTI,78382.68,78425.04,78385.66083333334,60,Polymarket RTDS,78374.65120010456,78431.7115082606,1.04,0.98,
2026-05-17T11:08:15.531Z,2026-05-17T11:08:15.011Z,KXBTC15M-26MAY170715-15,BTC price up in next 15 mins?,KXBTC15M-26MAY170715,2026-05-17T11:15:00Z,active,0.15,0.16,0.84,0.85,0.155,0.15,121671.88,60477.92,2020.63,948.96,2026-05-17T11:08:15.061Z,btc-updown-15m-1779015600,"Bitcoin Up or Down - May 17, 7:00AM-7:15AM ET",btc-updown-15m-1779015600,2026-05-17T11:15:00Z,,0.12,0.13,0.87,0.88,0.125,0.18,242.039407,,28.41,35.78,2026-05-17T11:08:15.061Z,BRTI,78385.3,78425.04,78385.649,60,Polymarket RTDS,78374.51800478112,78431.7115082606,1.04,0.98,
2026-05-17T11:08:17.574Z,2026-05-17T11:08:17.008Z,KXBTC15M-26MAY170715-15,BTC price up in next 15 mins?,KXBTC15M-26MAY170715,2026-05-17T11:15:00Z,active,0.15,0.16,0.84,0.85,0.155,0.15,121671.88,60477.92,1990.63,750.96,2026-05-17T11:08:17.078Z,btc-updown-15m-1779015600,"Bitcoin Up or Down - May 17, 7:00AM-7:15AM ET",btc-updown-15m-1779015600,2026-05-17T11:15:00Z,,0.12,0.13,0.87,0.88,0.125,0.18,242.039407,,45.43,40.78,2026-05-17T11:08:17.078Z,BRTI,78390.56,78425.04,78385.84866666667,60,Polymarket RTDS,78374.5922697811,78431.7115082606,1.04,0.98,
2026-05-17T11:08:20.337Z,2026-05-17T11:08:19.009Z,KXBTC15M-26MAY170715-15,BTC price up in next 15 mins?,KXBTC15M-26MAY170715,2026-05-17T11:15:00Z,active,0.15,0.16,0.84,0.85,0.155,0.15,121671.88,60477.92,1980.63,848.01,2026-05-17T11:08:19.060Z,btc-updown-15m-1779015600,"Bitcoin Up or Down - May 17, 7:00AM-7:15AM ET",btc-updown-15m-1779015600,2026-05-17T11:15:00Z,,0.12,0.13,0.87,0.88,0.125,0.18,242.039407,,45.43,51.58,2026-05-17T11:08:19.060Z,BRTI,78390.56,78425.04,78386.04866666667,60,Polymarket RTDS,78374.53987478111,78431.7115082606,1.04,0.98,
2026-05-17T11:08:21.797Z,2026-05-17T11:08:21.018Z,KXBTC15M-26MAY170715-15,BTC price up in next 15 mins?,KXBTC15M-26MAY170715,2026-05-17T11:15:00Z,active,0.15,0.16,0.84,0.85,0.155,0.15,121671.88,60477.92,1969.63,843.99,2026-05-17T11:08:21.082Z,btc-updown-15m-1779015600,"Bitcoin Up or Down - May 17, 7:00AM-7:15AM ET",btc-updown-15m-1779015600,2026-05-17T11:15:00Z,,0.12,0.13,0.87,0.88,0.125,0.18,242.039407,,25.28,50.5,2026-05-17T11:08:21.082Z,BRTI,78377.46,78425.04,78385.92366666667,60,Polymarket RTDS,78374.53977478111,78431.7115082606,1.04,0.98,
2026-05-17T11:08:23.510Z,2026-05-17T11:08:23.011Z,KXBTC15M-26MAY170715-15,BTC price up in next 15 mins?,KXBTC15M-26MAY170715,2026-05-17T11:15:00Z,active,0.15,0.16,0.84,0.85,0.155,0.15,121671.88,60477.92,1943.63,513.44,2026-05-17T11:08:23.068Z,btc-updown-15m-1779015600,"Bitcoin Up or Down - May 17, 7:00AM-7:15AM ET",btc-updown-15m-1779015600,2026-05-17T11:15:00Z,,0.12,0.13,0.87,0.88,0.125,0.18,242.039407,,16.81,108.52,2026-05-17T11:08:23.068Z,BRTI,78383.76,78425.04,78386.01033333334,60,Polymarket RTDS,78374.81095217894,78431.7115082606,1.04,0.98,
2026-05-17T11:08:25.523Z,2026-05-17T11:08:25.022Z,KXBTC15M-26MAY170715-15,BTC price up in next 15 mins?,KXBTC15M-26MAY170715,2026-05-17T11:15:00Z,active,0.15,0.16,0.84,0.85,0.155,0.15,121671.88,60477.92,1749.88,402.32,2026-05-17T11:08:25.076Z,btc-updown-15m-1779015600,"Bitcoin Up or Down - May 17, 7:00AM-7:15AM ET",btc-updown-15m-1779015600,2026-05-17T11:15:00Z,,0.12,0.13,0.87,0.88,0.125,0.18,242.039407,,3.34,108.52,2026-05-17T11:08:25.076Z,BRTI,78390.56,78425.04,78385.90983333332,60,Polymarket RTDS,78374.84170371422,78431.7115082606,1.04,0.98,
2026-05-17T11:08:27.977Z,2026-05-17T11:08:27.007Z,KXBTC15M-26MAY170715-15,BTC price up in next 15 mins?,KXBTC15M-26MAY170715,2026-05-17T11:15:00Z,active,0.15,0.16,0.84,0.85,0.155,0.15,121671.88,60477.92,1759.88,497.81,2026-05-17T11:08:27.058Z,btc-updown-15m-1779015600,"Bitcoin Up or Down - May 17, 7:00AM-7:15AM ET",btc-updown-15m-1779015600,2026-05-17T11:15:00Z,,0.11,0.12,0.88,0.89,0.11499999999999999,0.18,242.039407,,40.14,39.56,2026-05-17T11:08:27.058Z,BRTI,78383.76,78425.04,78385.99616666666,60,Polymarket RTDS,78374.54915573528,78431.7115082606,1.05,0.97,
2026-05-17T11:08:29.512Z,2026-05-17T11:08:29.015Z,KXBTC15M-26MAY170715-15,BTC price up in next 15 mins?,KXBTC15M-26MAY170715,2026-05-17T11:15:00Z,active,0.15,0.16,0.84,0.85,0.155,0.15,121671.88,60477.92,2909.0,176.0,2026-05-17T11:08:29.071Z,btc-updown-15m-1779015600,"Bitcoin Up or Down - May 17, 7:00AM-7:15AM ET",btc-updown-15m-1779015600,2026-05-17T11:15:00Z,,0.11,0.12,0.88,0.89,0.11499999999999999,0.18,242.039407,,170.65,27.56,2026-05-17T11:08:29.071Z,BRTI,78388.92,78425.04,78386.18883333333,60,Polymarket RTDS,78374.54566236892,78431.7115082606,1.05,0.97,
2026-05-17T11:08:31.586Z,2026-05-17T11:08:31.011Z,KXBTC15M-26MAY170715-15,BTC price up in next 15 mins?,KXBTC15M-26MAY170715,2026-05-17T11:15:00Z,active,0.15,0.16,0.84,0.85,0.155,0.15,121671.88,60477.92,1943.42,1064.2,2026-05-17T11:08:31.064Z,btc-updown-15m-1779015600,"Bitcoin Up or Down - May 17, 7:00AM-7:15AM ET",btc-updown-15m-1779015600,2026-05-17T11:15:00Z,,0.11,0.12,0.88,0.89,0.11499999999999999,0.18,242.039407,,179.83,27.56,2026-05-17T11:08:31.064Z,BRTI,78390.56,78425.04,78386.296,60,Polymarket RTDS,78375.23030792426,78431.7115082606,1.05,0.97,
2026-05-17T11:08:33.552Z,2026-05-17T11:08:33.012Z,KXBTC15M-26MAY170715-15,BTC price up in next 15 mins?,KXBTC15M-26MAY170715,2026-05-17T11:15:00Z,active,0.15,0.16,0.84,0.85,0.155,0.15,121671.88,60477.92,1749.42,1213.9,2026-05-17T11:08:33.064Z,btc-updown-15m-1779015600,"Bitcoin Up or Down - May 17, 7:00AM-7:15AM ET",btc-updown-15m-1779015600,2026-05-17T11:15:00Z,,0.11,0.12,0.88,0.89,0.11499999999999999,0.18,242.039407,,31.46,37.75,2026-05-17T11:08:33.064Z,BRTI,78383.76,78425.04,78386.38233333333,60,Polymarket RTDS,78375.629,78431.7115082606,1.05,0.97,
2026-05-17T11:08:35.534Z,2026-05-17T11:08:35.003Z,KXBTC15M-26MAY170715-15,BTC price up in next 15 mins?,KXBTC15M-26MAY170715,2026-05-17T11:15:00Z,active,0.19,0.2,0.8,0.81,0.195,0.15,121671.88,60477.92,3024.42,50.0,2026-05-17T11:08:35.052Z,btc-updown-15m-1779015600,"Bitcoin Up or Down - May 17, 7:00AM-7:15AM ET",btc-updown-15m-1779015600,2026-05-17T11:15:00Z,,0.13,0.17,0.83,0.87,0.15000000000000002,0.18,242.039407,,27.0,60.42,2026-05-17T11:08:35.052Z,BRTI,78383.76,78425.04,78386.46866666667,60,Polymarket RTDS,78375.79298095618,78431.7115082606,1.07,0.9800000000000001,
2026-05-17T11:08:37.532Z,2026-05-17T11:08:37.013Z,KXBTC15M-26MAY170715-15,BTC price up in next 15 mins?,KXBTC15M-26MAY170715,2026-05-17T11:15:00Z,active,0.19,0.2,0.8,0.81,0.195,0.19,124945.44,63009.89,2944.42,50.0,2026-05-17T11:08:37.065Z,btc-updown-15m-1779015600,"Bitcoin Up or Down - May 17, 7:00AM-7:15AM ET",btc-updown-15m-1779015600,2026-05-17T11:15:00Z,,0.15,0.16,0.84,0.85,0.155,0.18,242.039407,,122.58,171.42,2026-05-17T11:08:37.065Z,BRTI,78382.3,78425.04,78386.41866666666,60,Polymarket RTDS,78382.30636846709,78431.7115082606,1.05,0.9700000000000001,
2026-05-17T11:08:40.198Z,2026-05-17T11:08:39.005Z,KXBTC15M-26MAY170715-15,BTC price up in next 15 mins?,KXBTC15M-26MAY170715,2026-05-17T11:15:00Z,active,0.19,0.2,0.8,0.81,0.195,0.19,124945.44,63009.89,2814.42,115.48,2026-05-17T11:08:39.056Z,btc-updown-15m-1779015600,"Bitcoin Up or Down - May 17, 7:00AM-7:15AM ET",btc-updown-15m-1779015600,2026-05-17T11:15:00Z,,0.15,0.16,0.84,0.85,0.155,0.18,242.039407,,152.31,277.82,2026-05-17T11:08:39.056Z,BRTI,78388.3,78425.04,78386.356,60,Polymarket RTDS,78382.68143750858,78431.7115082606,1.05,0.9700000000000001,
2026-05-17T11:08:41.607Z,2026-05-17T11:08:41.008Z,KXBTC15M-26MAY170715-15,BTC price up in next 15 mins?,KXBTC15M-26MAY170715,2026-05-17T11:15:00Z,active,0.2,0.21,0.79,0.8,0.20500000000000002,0.19,124945.44,63009.89,1470.33,1200.0,2026-05-17T11:08:41.059Z,btc-updown-15m-1779015600,"Bitcoin Up or Down - May 17, 7:00AM-7:15AM ET",btc-updown-15m-1779015600,2026-05-17T11:15:00Z,,0.15,0.16,0.84,0.85,0.155,0.18,242.039407,,147.25,200.7,2026-05-17T11:08:41.059Z,BRTI,78382.84,78425.04,78386.33450000001,60,Polymarket RTDS,78382.67846412772,78431.7115082606,1.06,0.9600000000000001,
2026-05-17T11:08:43.512Z,2026-05-17T11:08:43.014Z,KXBTC15M-26MAY170715-15,BTC price up in next 15 mins?,KXBTC15M-26MAY170715,2026-05-17T11:15:00Z,active,0.2,0.21,0.79,0.8,0.20500000000000002,0.19,124945.44,63009.89,1706.19,1602.44,2026-05-17T11:08:43.071Z,btc-updown-15m-1779015600,"Bitcoin Up or Down - May 17, 7:00AM-7:15AM ET",btc-updown-15m-1779015600,2026-05-17T11:15:00Z,,0.15,0.16,0.84,0.85,0.155,0.18,242.039407,,129.1,200.7,2026-05-17T11:08:43.071Z,BRTI,78397.11,78425.04,78386.53133333333,60,Polymarket RTDS,78382.72209035026,78431.7115082606,1.06,0.9600000000000001,
2026-05-17T11:08:45.556Z,2026-05-17T11:08:45.016Z,KXBTC15M-26MAY170715-15,BTC price up in next 15 mins?,KXBTC15M-26MAY170715,2026-05-17T11:15:00Z,active,0.2,0.21,0.79,0.8,0.20500000000000002,0.19,124945.44,63009.89,1722.33,1130.25,2026-05-17T11:08:45.075Z,btc-updown-15m-1779015600,"Bitcoin Up or Down - May 17, 7:00AM-7:15AM ET",btc-updown-15m-1779015600,2026-05-17T11:15:00Z,,0.15,0.16,0.84,0.85,0.155,0.18,242.039407,,118.98,205.7,2026-05-17T11:08:45.075Z,BRTI,78382.68,78425.04,78386.2995,60,Polymarket RTDS,78382.71908430167,78431.7115082606,1.06,0.9600000000000001,
2026-05-17T11:08:47.538Z,2026-05-17T11:08:47.010Z,KXBTC15M-26MAY170715-15,BTC price up in next 15 mins?,KXBTC15M-26MAY170715,2026-05-17T11:15:00Z,active,0.2,0.21,0.79,0.8,0.20500000000000002,0.19,124945.44,63009.89,1620.33,1119.33,2026-05-17T11:08:47.060Z,btc-updown-15m-1779015600,"Bitcoin Up or Down - May 17, 7:00AM-7:15AM ET",btc-updown-15m-1779015600,2026-05-17T11:15:00Z,,0.15,0.16,0.84,0.85,0.155,0.18,242.039407,,113.74,186.09,2026-05-17T11:08:47.060Z,BRTI,78383.73,78425.04,78386.05883333334,60,Polymarket RTDS,78382.411955,78431.7115082606,1.06,0.9600000000000001,
2026-05-17T11:08:49.544Z,2026-05-17T11:08:49.022Z,KXBTC15M-26MAY170715-15,BTC price up in next 15 mins?,KXBTC15M-26MAY170715,2026-05-17T11:15:00Z,active,0.2,0.21,0.79,0.8,0.20500000000000002,0.19,124945.44,63009.89,252.0,2056.53,2026-05-17T11:08:49.071Z,btc-updown-15m-1779015600,"Bitcoin Up or Down - May 17, 7:00AM-7:15AM ET",btc-updown-15m-1779015600,2026-05-17T11:15:00Z,,0.14,0.15,0.85,0.86,0.14500000000000002,0.18,242.039407,,34.36,164.3,2026-05-17T11:08:49.071Z,BRTI,78388.92,78425.04,78385.93100000001,60,Polymarket RTDS,78383.4388,78431.7115082606,1.07,0.9500000000000001,
2026-05-17T11:08:51.572Z,2026-05-17T11:08:51.023Z,KXBTC15M-26MAY170715-15,BTC price up in next 15 mins?,KXBTC15M-26MAY170715,2026-05-17T11:15:00Z,active,0.2,0.21,0.79,0.8,0.20500000000000002,0.19,124945.44,63009.89,232.0,2493.53,2026-05-17T11:08:51.077Z,btc-updown-15m-1779015600,"Bitcoin Up or Down - May 17, 7:00AM-7:15AM ET",btc-updown-15m-1779015600,2026-05-17T11:15:00Z,,0.13,0.14,0.86,0.87,0.135,0.18,242.039407,,59.56,58.75,2026-05-17T11:08:51.077Z,BRTI,78382.84,78425.04,78385.89566666666,60,Polymarket RTDS,78383.47199,78431.7115082606,1.08,0.9400000000000001,
2026-05-17T11:08:53.570Z,2026-05-17T11:08:53.010Z,KXBTC15M-26MAY170715-15,BTC price up in next 15 mins?,KXBTC15M-26MAY170715,2026-05-17T11:15:00Z,active,0.2,0.21,0.79,0.8,0.20500000000000002,0.19,124945.44,63009.89,170.0,1982.97,2026-05-17T11:08:53.071Z,btc-updown-15m-1779015600,"Bitcoin Up or Down - May 17, 7:00AM-7:15AM ET",btc-updown-15m-1779015600,2026-05-17T11:15:00Z,,0.13,0.14,0.86,0.87,0.135,0.18,242.039407,,69.19,69.18,2026-05-17T11:08:53.071Z,BRTI,78397.11,78425.04,78385.878,60,Polymarket RTDS,78383.36088,78431.7115082606,1.08,0.9400000000000001,
2026-05-17T11:08:55.523Z,2026-05-17T11:08:55.017Z,KXBTC15M-26MAY170715-15,BTC price up in next 15 mins?,KXBTC15M-26MAY170715,2026-05-17T11:15:00Z,active,0.2,0.21,0.79,0.8,0.20500000000000002,0.19,124945.44,63009.89,155.57,1041.95,2026-05-17T11:08:55.063Z,btc-updown-15m-1779015600,"Bitcoin Up or Down - May 17, 7:00AM-7:15AM ET",btc-updown-15m-1779015600,2026-05-17T11:15:00Z,,0.13,0.14,0.86,0.87,0.135,0.18,242.039407,,84.13,46.35,2026-05-17T11:08:55.063Z,BRTI,78388.92,78425.04,78385.93833333332,60,Polymarket RTDS,78383.9208089142,78431.7115082606,1.08,0.9400000000000001,
2026-05-17T11:08:57.507Z,2026-05-17T11:08:57.020Z,KXBTC15M-26MAY170715-15,BTC price up in next 15 mins?,KXBTC15M-26MAY170715,2026-05-17T11:15:00Z,active,0.2,0.21,0.79,0.8,0.20500000000000002,0.19,124945.44,63009.89,154.57,999.86,2026-05-17T11:08:57.073Z,btc-updown-15m-1779015600,"Bitcoin Up or Down - May 17, 7:00AM-7:15AM ET",btc-updown-15m-1779015600,2026-05-17T11:15:00Z,,0.13,0.14,0.86,0.87,0.135,0.18,242.039407,,51.33,17.12,2026-05-17T11:08:57.073Z,BRTI,78382.84,78425.04,78385.78466666667,60,Polymarket RTDS,78383.91528262143,78431.7115082606,1.08,0.9400000000000001,
2026-05-17T11:08:59.530Z,2026-05-17T11:08:59.011Z,KXBTC15M-26MAY170715-15,BTC price up in next 15 mins?,KXBTC15M-26MAY170715,2026-05-17T11:15:00Z,active,0.2,0.21,0.79,0.8,0.20500000000000002,0.19,124945.44,63009.89,129.41,1399.86,2026-05-17T11:08:59.060Z,btc-updown-15m-1779015600,"Bitcoin Up or Down - May 17, 7:00AM-7:15AM ET",btc-updown-15m-1779015600,2026-05-17T11:15:00Z,,0.13,0.14,0.86,0.87,0.135,0.18,242.039407,,71.33,28.45,2026-05-17T11:08:59.060Z,BRTI,78388.3,78425.04,78385.83,60,Polymarket RTDS,78383.91840794457,78431.7115082606,1.08,0.9400000000000001,
2026-05-17T11:09:01.953Z,2026-05-17T11:09:01.016Z,KXBTC15M-26MAY170715-15,BTC price up in next 15 mins?,KXBTC15M-26MAY170715,2026-05-17T11:15:00Z,active,0.2,0.21,0.79,0.8,0.20500000000000002,0.19,124945.44,63009.89,889.41,1359.83,2026-05-17T11:09:01.077Z,btc-updown-15m-1779015600,"Bitcoin Up or Down - May 17, 7:00AM-7:15AM ET",btc-updown-15m-1779015600,2026-05-17T11:15:00Z,,0.13,0.14,0.86,0.87,0.135,0.18,242.039407,,51.33,21.31,2026-05-17T11:09:01.077Z,BRTI,78397.11,78425.04,78386.02216666666,60,Polymarket RTDS,78383.50495744692,78431.7115082606,1.08,0.9400000000000001,
2026-05-17T11:09:03.600Z,2026-05-17T11:09:03.022Z,KXBTC15M-26MAY170715-15,BTC price up in next 15 mins?,KXBTC15M-26MAY170715,2026-05-17T11:15:00Z,active,0.32,0.33,0.67,0.68,0.325,0.19,124945.44,63009.89,1033.53,104.0,2026-05-17T11:09:03.095Z,btc-updown-15m-1779015600,"Bitcoin Up or Down - May 17, 7:00AM-7:15AM ET",btc-updown-15m-1779015600,2026-05-17T11:15:00Z,,0.21,0.22,0.78,0.79,0.215,0.18,242.039407,,86.85,173.13,2026-05-17T11:09:03.095Z,BRTI,78382.68,78425.04,78385.98416666666,60,Polymarket RTDS,78389.93095112442,78431.7115082606,1.12,0.9,
2026-05-17T11:09:05.603Z,2026-05-17T11:09:05.021Z,KXBTC15M-26MAY170715-15,BTC price up in next 15 mins?,KXBTC15M-26MAY170715,2026-05-17T11:15:00Z,active,0.31,0.33,0.67,0.69,0.32,0.19,124945.44,63009.89,205.0,104.53,2026-05-17T11:09:05.083Z,btc-updown-15m-1779015600,"Bitcoin Up or Down - May 17, 7:00AM-7:15AM ET",btc-updown-15m-1779015600,2026-05-17T11:15:00Z,,0.21,0.22,0.78,0.79,0.215,0.18,242.039407,,106.26,145.3,2026-05-17T11:09:05.083Z,BRTI,78382.84,78425.04,78385.93133333333,60,Polymarket RTDS,78393.00173659601,78431.7115082606,1.12,0.9099999999999999,
2026-05-17T11:09:07.535Z,2026-05-17T11:09:07.012Z,KXBTC15M-26MAY170715-15,BTC price up in next 15 mins?,KXBTC15M-26MAY170715,2026-05-17T11:15:00Z,active,0.33,0.34,0.66,0.67,0.335,0.32,129894.59,63687.14,1783.38,75.0,2026-05-17T11:09:07.066Z,btc-updown-15m-1779015600,"Bitcoin Up or Down - May 17, 7:00AM-7:15AM ET",btc-updown-15m-1779015600,2026-05-17T11:15:00Z,,0.21,0.22,0.78,0.79,0.215,0.18,242.039407,,164.72,111.36,2026-05-17T11:09:07.066Z,BRTI,78377.46,78425.04,78385.82633333333,60,Polymarket RTDS,78394.823955,78431.7115082606,1.1300000000000001,0.89,
2026-05-17T11:09:09.563Z,2026-05-17T11:09:09.009Z,KXBTC15M-26MAY170715-15,BTC price up in next 15 mins?,KXBTC15M-26MAY170715,2026-05-17T11:15:00Z,active,0.35,0.36,0.64,0.65,0.355,0.32,129894.59,63687.14,1242.75,200.0,2026-05-17T11:09:09.053Z,btc-updown-15m-1779015600,"Bitcoin Up or Down - May 17, 7:00AM-7:15AM ET",btc-updown-15m-1779015600,2026-05-17T11:15:00Z,,0.21,0.22,0.78,0.79,0.215,0.18,242.039407,,192.52,40.96,2026-05-17T11:09:09.053Z,BRTI,78382.84,78425.04,78385.791,60,Polymarket RTDS,78396.42785158807,78431.7115082606,1.15,0.87,
2026-05-17T11:09:11.661Z,2026-05-17T11:09:11.023Z,KXBTC15M-26MAY170715-15,BTC price up in next 15 mins?,KXBTC15M-26MAY170715,2026-05-17T11:15:00Z,active,0.4,0.41,0.59,0.6,0.405,0.32,129894.59,63687.14,1217.0,1143.0,2026-05-17T11:09:11.087Z,btc-updown-15m-1779015600,"Bitcoin Up or Down - May 17, 7:00AM-7:15AM ET",btc-updown-15m-1779015600,2026-05-17T11:15:00Z,,0.24,0.25,0.75,0.76,0.245,0.18,242.039407,,129.78,69.02,2026-05-17T11:09:11.087Z,BRTI,78388.92,78425.04,78385.85133333334,60,Polymarket RTDS,78396.76242,78431.7115082606,1.17,0.85,
2026-05-17T11:09:13.558Z,2026-05-17T11:09:13.019Z,KXBTC15M-26MAY170715-15,BTC price up in next 15 mins?,KXBTC15M-26MAY170715,2026-05-17T11:15:00Z,active,0.49,0.5,0.5,0.51,0.495,0.32,129894.59,63687.14,1131.95,309.0,2026-05-17T11:09:13.075Z,btc-updown-15m-1779015600,"Bitcoin Up or Down - May 17, 7:00AM-7:15AM ET",btc-updown-15m-1779015600,2026-05-17T11:15:00Z,,0.3,0.31,0.69,0.7,0.305,0.18,242.039407,,199.94,156.51,2026-05-17T11:09:13.075Z,BRTI,78397.11,78425.04,78385.86,60,Polymarket RTDS,78402.27827313257,78431.7115082606,1.2,0.8200000000000001,
2026-05-17T11:09:15.540Z,2026-05-17T11:09:15.007Z,KXBTC15M-26MAY170715-15,BTC price up in next 15 mins?,KXBTC15M-26MAY170715,2026-05-17T11:15:00Z,active,0.48,0.49,0.51,0.52,0.485,0.32,129894.59,63687.14,1180.98,981.37,2026-05-17T11:09:15.062Z,btc-updown-15m-1779015600,"Bitcoin Up or Down - May 17, 7:00AM-7:15AM ET",btc-updown-15m-1779015600,2026-05-17T11:15:00Z,,0.3,0.33,0.67,0.7,0.315,0.18,242.039407,,50.46,1.84,2026-05-17T11:09:15.062Z,BRTI,78382.84,78425.04,78385.81899999999,60,Polymarket RTDS,78409.08733241934,78431.7115082606,1.19,0.8500000000000001,
2026-05-17T11:09:17.526Z,2026-05-17T11:09:17.021Z,KXBTC15M-26MAY170715-15,BTC price up in next 15 mins?,KXBTC15M-26MAY170715,2026-05-17T11:15:00Z,active,0.53,0.54,0.46,0.47,0.535,0.32,129894.59,63687.14,1059.45,242.94,2026-05-17T11:09:17.071Z,btc-updown-15m-1779015600,"Bitcoin Up or Down - May 17, 7:00AM-7:15AM ET",btc-updown-15m-1779015600,2026-05-17T11:15:00Z,,0.32,0.33,0.67,0.68,0.325,0.18,242.039407,,35.74,37.51,2026-05-17T11:09:17.071Z,BRTI,78388.3,78425.04,78385.68083333333,60,Polymarket RTDS,78409.83722741934,78431.7115082606,1.2200000000000002,0.8,
2026-05-17T11:09:19.583Z,2026-05-17T11:09:19.026Z,KXBTC15M-26MAY170715-15,BTC price up in next 15 mins?,KXBTC15M-26MAY170715,2026-05-17T11:15:00Z,active,0.58,0.59,0.41,0.42,0.585,0.32,129894.59,63687.14,1190.63,1.0,2026-05-17T11:09:19.078Z,btc-updown-15m-1779015600,"Bitcoin Up or Down - May 17, 7:00AM-7:15AM ET",btc-updown-15m-1779015600,2026-05-17T11:15:00Z,,0.41,0.42,0.58,0.59,0.415,0.18,242.039407,,164.29,16.89,2026-05-17T11:09:19.078Z,BRTI,78395.9,78425.04,78385.85283333334,60,Polymarket RTDS,78417.447145,78431.7115082606,1.18,0.84,
2026-05-17T11:09:21.550Z,2026-05-17T11:09:21.020Z,KXBTC15M-26MAY170715-15,BTC price up in next 15 mins?,KXBTC15M-26MAY170715,2026-05-17T11:15:00Z,active,0.6,0.61,0.39,0.4,0.605,0.32,129894.59,63687.14,1521.9,240.1,2026-05-17T11:09:21.067Z,btc-updown-15m-1779015600,"Bitcoin Up or Down - May 17, 7:00AM-7:15AM ET",btc-updown-15m-1779015600,2026-05-17T11:15:00Z,,0.42,0.43,0.57,0.58,0.425,0.18,242.039407,,102.84,21.73,2026-05-17T11:09:21.067Z,BRTI,78398.25,78425.04,78386.05683333334,60,Polymarket RTDS,78422.221125,78431.7115082606,1.19,0.8300000000000001,
2026-05-17T11:09:23.549Z,2026-05-17T11:09:23.026Z,KXBTC15M-26MAY170715-15,BTC price up in next 15 mins?,KXBTC15M-26MAY170715,2026-05-17T11:15:00Z,active,0.6,0.61,0.39,0.4,0.605,0.32,129894.59,63687.14,1023.0,89.0,2026-05-17T11:09:23.081Z,btc-updown-15m-1779015600,"Bitcoin Up or Down - May 17, 7:00AM-7:15AM ET",btc-updown-15m-1779015600,2026-05-17T11:15:00Z,,0.47,0.48,0.52,0.53,0.475,0.18,242.039407,,57.32,15.77,2026-05-17T11:09:23.081Z,BRTI,78395.9,78425.04,78386.2335,60,Polymarket RTDS,78423.68809545341,78431.7115082606,1.1400000000000001,0.88,
2026-05-17T11:09:25.542Z,2026-05-17T11:09:25.023Z,KXBTC15M-26MAY170715-15,BTC price up in next 15 mins?,KXBTC15M-26MAY170715,2026-05-17T11:15:00Z,active,0.44,0.46,0.54,0.56,0.45,0.32,129894.59,63687.14,129.0,150.0,2026-05-17T11:09:25.074Z,btc-updown-15m-1779015600,"Bitcoin Up or Down - May 17, 7:00AM-7:15AM ET",btc-updown-15m-1779015600,2026-05-17T11:15:00Z,,0.43,0.44,0.56,0.57,0.435,0.18,242.039407,,54.99,10.73,2026-05-17T11:09:25.074Z,BRTI,78388.92,78425.04,78386.4245,60,Polymarket RTDS,78424.48391231356,78431.7115082606,1.03,1.0,
2026-05-17T11:09:27.552Z,2026-05-17T11:09:27.021Z,KXBTC15M-26MAY170715-15,BTC price up in next 15 mins?,KXBTC15M-26MAY170715,2026-05-17T11:15:00Z,active,0.46,0.47,0.53,0.54,0.46499999999999997,0.32,129894.59,63687.14,2321.32,92.0,2026-05-17T11:09:27.069Z,btc-updown-15m-1779015600,"Bitcoin Up or Down - May 17, 7:00AM-7:15AM ET",btc-updown-15m-1779015600,2026-05-17T11:15:00Z,,0.32,0.33,0.67,0.68,0.325,0.18,242.039407,,172.88,128.69,2026-05-17T11:09:27.069Z,BRTI,78397.11,78425.04,78386.6095,60,Polymarket RTDS,78424.48404026614,78431.7115082606,1.15,0.8700000000000001,
2026-05-17T11:09:29.528Z,2026-05-17T11:09:29.005Z,KXBTC15M-26MAY170715-15,BTC price up in next 15 mins?,KXBTC15M-26MAY170715,2026-05-17T11:15:00Z,active,0.46,0.47,0.53,0.54,0.46499999999999997,0.32,129894.59,63687.14,987.85,1667.49,2026-05-17T11:09:29.064Z,btc-updown-15m-1779015600,"Bitcoin Up or Down - May 17, 7:00AM-7:15AM ET",btc-updown-15m-1779015600,2026-05-17T11:15:00Z,,0.31,0.32,0.68,0.69,0.315,0.18,242.039407,,52.67,122.36,2026-05-17T11:09:29.064Z,BRTI,78395.9,78425.04,78386.81183333333,60,Polymarket RTDS,78416.98281249675,78431.7115082606,1.16,0.8600000000000001,
2026-05-17T11:09:31.561Z,2026-05-17T11:09:31.028Z,KXBTC15M-26MAY170715-15,BTC price up in next 15 mins?,KXBTC15M-26MAY170715,2026-05-17T11:15:00Z,active,0.44,0.45,0.55,0.56,0.445,0.32,129894.59,63687.14,1045.0,199.0,2026-05-17T11:09:31.075Z,btc-updown-15m-1779015600,"Bitcoin Up or Down - May 17, 7:00AM-7:15AM ET",btc-updown-15m-1779015600,2026-05-17T11:15:00Z,,0.31,0.32,0.68,0.69,0.315,0.18,242.039407,,188.04,152.69,2026-05-17T11:09:31.075Z,BRTI,78388.92,78425.04,78386.89783333334,60,Polymarket RTDS,78416.93906483501,78431.7115082606,1.14,0.8800000000000001,
2026-05-17T11:09:33.538Z,2026-05-17T11:09:33.017Z,KXBTC15M-26MAY170715-15,BTC price up in next 15 mins?,KXBTC15M-26MAY170715,2026-05-17T11:15:00Z,active,0.43,0.44,0.56,0.57,0.435,0.32,129894.59,63687.14,1241.0,1540.0,2026-05-17T11:09:33.067Z,btc-updown-15m-1779015600,"Bitcoin Up or Down - May 17, 7:00AM-7:15AM ET",btc-updown-15m-1779015600,2026-05-17T11:15:00Z,,0.29,0.3,0.7,0.71,0.295,0.18,242.039407,,147.51,72.0,2026-05-17T11:09:33.067Z,BRTI,78388.3,78425.04,78386.94316666666,60,Polymarket RTDS,78416.39215078315,78431.7115082606,1.15,0.8699999999999999,
2026-05-17T11:09:35.561Z,2026-05-17T11:09:35.034Z,KXBTC15M-26MAY170715-15,BTC price up in next 15 mins?,KXBTC15M-26MAY170715,2026-05-17T11:15:00Z,active,0.43,0.44,0.56,0.57,0.435,0.32,129894.59,63687.14,723.02,1685.39,2026-05-17T11:09:35.108Z,btc-updown-15m-1779015600,"Bitcoin Up or Down - May 17, 7:00AM-7:15AM ET",btc-updown-15m-1779015600,2026-05-17T11:15:00Z,,0.29,0.3,0.7,0.71,0.295,0.18,242.039407,,0.85,197.39,2026-05-17T11:09:35.108Z,BRTI,78436.64,78425.04,78387.81833333333,60,Polymarket RTDS,78415.16277706713,78431.7115082606,1.15,0.8699999999999999,
2026-05-17T11:09:37.537Z,2026-05-17T11:09:37.019Z,KXBTC15M-26MAY170715-15,BTC price up in next 15 mins?,KXBTC15M-26MAY170715,2026-05-17T11:15:00Z,active,0.43,0.44,0.56,0.57,0.435,0.43,152049.48,52588.37,1134.97,1558.72,2026-05-17T11:09:37.077Z,btc-updown-15m-1779015600,"Bitcoin Up or Down - May 17, 7:00AM-7:15AM ET",btc-updown-15m-1779015600,2026-05-17T11:15:00Z,,0.28,0.29,0.71,0.72,0.28500000000000003,0.2,15540.427062000024,,280.43,226.78,2026-05-17T11:09:37.077Z,BRTI,78388.3,78425.04,78387.86833333333,60,Polymarket RTDS,78414.59706626416,78431.7115082606,1.16,0.8599999999999999,
2026-05-17T11:09:39.543Z,2026-05-17T11:09:39.017Z,KXBTC15M-26MAY170715-15,BTC price up in next 15 mins?,KXBTC15M-26MAY170715,2026-05-17T11:15:00Z,active,0.42,0.43,0.57,0.58,0.425,0.43,152049.48,52588.37,2183.83,100.0,2026-05-17T11:09:39.068Z,btc-updown-15m-1779015600,"Bitcoin Up or Down - May 17, 7:00AM-7:15AM ET",btc-updown-15m-1779015600,2026-05-17T11:15:00Z,,0.28,0.29,0.71,0.72,0.28500000000000003,0.2,15540.427062000024,,270.21,206.78,2026-05-17T11:09:39.068Z,BRTI,78395.9,78425.04,78388.03316666668,60,Polymarket RTDS,78414.31531832647,78431.7115082606,1.15,0.8699999999999999,
2026-05-17T11:09:41.649Z,2026-05-17T11:09:41.023Z,KXBTC15M-26MAY170715-15,BTC price up in next 15 mins?,KXBTC15M-26MAY170715,2026-05-17T11:15:00Z,active,0.42,0.43,0.57,0.58,0.425,0.43,152049.48,52588.37,1240.65,1763.48,2026-05-17T11:09:41.069Z,btc-updown-15m-1779015600,"Bitcoin Up or Down - May 17, 7:00AM-7:15AM ET",btc-updown-15m-1779015600,2026-05-17T11:15:00Z,,0.27,0.28,0.72,0.73,0.275,0.2,15540.427062000024,,344.43,105.66,2026-05-17T11:09:41.069Z,BRTI,78382.3,78425.04,78388.00883333334,60,Polymarket RTDS,78414.28608902852,78431.7115082606,1.16,0.86,
2026-05-17T11:09:43.543Z,2026-05-17T11:09:43.012Z,KXBTC15M-26MAY170715-15,BTC price up in next 15 mins?,KXBTC15M-26MAY170715,2026-05-17T11:15:00Z,active,0.42,0.43,0.57,0.58,0.425,0.43,152049.48,52588.37,1281.91,1563.32,2026-05-17T11:09:43.058Z,btc-updown-15m-1779015600,"Bitcoin Up or Down - May 17, 7:00AM-7:15AM ET",btc-updown-15m-1779015600,2026-05-17T11:15:00Z,,0.27,0.28,0.72,0.73,0.275,0.2,15540.427062000024,,342.17,134.46,2026-05-17T11:09:43.058Z,BRTI,78397.11,78425.04,78388.19383333334,60,Polymarket RTDS,78414.50292483727,78431.7115082606,1.16,0.86,
2026-05-17T11:09:45.599Z,2026-05-17T11:09:45.005Z,KXBTC15M-26MAY170715-15,BTC price up in next 15 mins?,KXBTC15M-26MAY170715,2026-05-17T11:15:00Z,active,0.42,0.43,0.57,0.58,0.425,0.43,152049.48,52588.37,2249.31,77.0,2026-05-17T11:09:45.054Z,btc-updown-15m-1779015600,"Bitcoin Up or Down - May 17, 7:00AM-7:15AM ET",btc-updown-15m-1779015600,2026-05-17T11:15:00Z,,0.27,0.28,0.72,0.73,0.275,0.2,15540.427062000024,,351.35,91.66,2026-05-17T11:09:45.054Z,BRTI,78437.02,78425.04,78389.0815,60,Polymarket RTDS,78413.937015,78431.7115082606,1.16,0.86,
2026-05-17T11:09:47.543Z,2026-05-17T11:09:47.026Z,KXBTC15M-26MAY170715-15,BTC price up in next 15 mins?,KXBTC15M-26MAY170715,2026-05-17T11:15:00Z,active,0.44,0.45,0.55,0.56,0.445,0.43,152049.48,52588.37,1258.82,1478.81,2026-05-17T11:09:47.082Z,btc-updown-15m-1779015600,"Bitcoin Up or Down - May 17, 7:00AM-7:15AM ET",btc-updown-15m-1779015600,2026-05-17T11:15:00Z,,0.28,0.29,0.71,0.72,0.28500000000000003,0.2,15540.427062000024,,155.84,45.27,2026-05-17T11:09:47.082Z,BRTI,78390.56,78425.04,78389.15733333332,60,Polymarket RTDS,78413.901415,78431.7115082606,1.17,0.8500000000000001,
2026-05-17T11:09:49.609Z,2026-05-17T11:09:49.014Z,KXBTC15M-26MAY170715-15,BTC price up in next 15 mins?,KXBTC15M-26MAY170715,2026-05-17T11:15:00Z,active,0.44,0.45,0.55,0.56,0.445,0.43,152049.48,52588.37,1082.0,1466.13,2026-05-17T11:09:49.086Z,btc-updown-15m-1779015600,"Bitcoin Up or Down - May 17, 7:00AM-7:15AM ET",btc-updown-15m-1779015600,2026-05-17T11:15:00Z,,0.28,0.29,0.71,0.72,0.28500000000000003,0.2,15540.427062000024,,201.91,48.02,2026-05-17T11:09:49.086Z,BRTI,78390.56,78425.04,78389.24033333334,60,Polymarket RTDS,78414.02268681844,78431.7115082606,1.17,0.8500000000000001,
2026-05-17T11:09:51.583Z,2026-05-17T11:09:51.024Z,KXBTC15M-26MAY170715-15,BTC price up in next 15 mins?,KXBTC15M-26MAY170715,2026-05-17T11:15:00Z,active,0.44,0.45,0.55,0.56,0.445,0.43,152049.48,52588.37,950.33,1390.32,2026-05-17T11:09:51.079Z,btc-updown-15m-1779015600,"Bitcoin Up or Down - May 17, 7:00AM-7:15AM ET",btc-updown-15m-1779015600,2026-05-17T11:15:00Z,,0.28,0.29,0.71,0.72,0.28500000000000003,0.2,15540.427062000024,,151.26,35.5,2026-05-17T11:09:51.079Z,BRTI,78388.3,78425.04,78389.3165,60,Polymarket RTDS,78413.99376325647,78431.7115082606,1.17,0.8500000000000001,
2026-05-17T11:09:53.573Z,2026-05-17T11:09:53.025Z,KXBTC15M-26MAY170715-15,BTC price up in next 15 mins?,KXBTC15M-26MAY170715,2026-05-17T11:15:00Z,active,0.44,0.45,0.55,0.56,0.445,0.43,152049.48,52588.37,848.86,1487.84,2026-05-17T11:09:53.077Z,btc-updown-15m-1779015600,"Bitcoin Up or Down - May 17, 7:00AM-7:15AM ET",btc-updown-15m-1779015600,2026-05-17T11:15:00Z,,0.28,0.29,0.71,0.72,0.28500000000000003,0.2,15540.427062000024,,138.86,48.3,2026-05-17T11:09:53.077Z,BRTI,78423.48,78425.04,78389.941,60,Polymarket RTDS,78413.73939191201,78431.7115082606,1.17,0.8500000000000001,
2026-05-17T11:09:55.616Z,2026-05-17T11:09:55.024Z,KXBTC15M-26MAY170715-15,BTC price up in next 15 mins?,KXBTC15M-26MAY170715,2026-05-17T11:15:00Z,active,0.44,0.45,0.55,0.56,0.445,0.43,152049.48,52588.37,1056.92,1581.18,2026-05-17T11:09:55.100Z,btc-updown-15m-1779015600,"Bitcoin Up or Down - May 17, 7:00AM-7:15AM ET",btc-updown-15m-1779015600,2026-05-17T11:15:00Z,,0.28,0.29,0.71,0.72,0.28500000000000003,0.2,15540.427062000024,,133.86,53.3,2026-05-17T11:09:55.100Z,BRTI,78437.02,78425.04,78390.79116666666,60,Polymarket RTDS,78414.10670359994,78431.7115082606,1.17,0.8500000000000001,
2026-05-17T11:09:57.504Z,2026-05-17T11:09:57.006Z,KXBTC15M-26MAY170715-15,BTC price up in next 15 mins?,KXBTC15M-26MAY170715,2026-05-17T11:15:00Z,active,0.44,0.45,0.55,0.56,0.445,0.43,152049.48,52588.37,622.6,1693.18,2026-05-17T11:09:57.063Z,btc-updown-15m-1779015600,"Bitcoin Up or Down - May 17, 7:00AM-7:15AM ET",btc-updown-15m-1779015600,2026-05-17T11:15:00Z,,0.28,0.29,0.71,0.72,0.28500000000000003,0.2,15540.427062000024,,173.86,54.85,2026-05-17T11:09:57.063Z,BRTI,78388.3,78425.04,78390.88216666666,60,Polymarket RTDS,78413.7535248371,78431.7115082606,1.17,0.8500000000000001,
2026-05-17T11:09:59.528Z,2026-05-17T11:09:59.020Z,KXBTC15M-26MAY170715-15,BTC price up in next 15 mins?,KXBTC15M-26MAY170715,2026-05-17T11:15:00Z,active,0.44,0.45,0.55,0.56,0.445,0.43,152049.48,52588.37,1625.42,51.31,2026-05-17T11:09:59.068Z,btc-updown-15m-1779015600,"Bitcoin Up or Down - May 17, 7:00AM-7:15AM ET",btc-updown-15m-1779015600,2026-05-17T11:15:00Z,,0.29,0.31,0.69,0.71,0.3,0.2,15540.427062000024,,29.8,58.69,2026-05-17T11:09:59.068Z,BRTI,78437.02,78425.04,78391.74416666667,60,Polymarket RTDS,78413.7532016966,78431.7115082606,1.16,0.8700000000000001,
2026-05-17T11:10:01.850Z,2026-05-17T11:10:01.022Z,KXBTC15M-26MAY170715-15,BTC price up in next 15 mins?,KXBTC15M-26MAY170715,2026-05-17T11:15:00Z,active,0.45,0.46,0.54,0.55,0.455,0.43,152049.48,52588.37,1018.84,1577.16,2026-05-17T11:10:01.087Z,btc-updown-15m-1779015600,"Bitcoin Up or Down - May 17, 7:00AM-7:15AM ET",btc-updown-15m-1779015600,2026-05-17T11:15:00Z,,0.3,0.31,0.69,0.7,0.305,0.2,15540.427062000024,,46.62,139.68,2026-05-17T11:10:01.088Z,BRTI,78390.56,78425.04,78391.87283333334,60,Polymarket RTDS,78413.7973361018,78431.7115082606,1.16,0.8600000000000001,
2026-05-17T11:10:03.694Z,2026-05-17T11:10:03.032Z,KXBTC15M-26MAY170715-15,BTC price up in next 15 mins?,KXBTC15M-26MAY170715,2026-05-17T11:15:00Z,active,0.45,0.46,0.54,0.55,0.455,0.43,152049.48,52588.37,993.04,1698.0,2026-05-17T11:10:03.128Z,btc-updown-15m-1779015600,"Bitcoin Up or Down - May 17, 7:00AM-7:15AM ET",btc-updown-15m-1779015600,2026-05-17T11:15:00Z,,0.3,0.31,0.69,0.7,0.305,0.2,15540.427062000024,,4.25,139.26,2026-05-17T11:10:03.128Z,BRTI,78437.02,78425.04,78392.73483333334,60,Polymarket RTDS,78413.95474935796,78431.7115082606,1.16,0.8600000000000001,
2026-05-17T11:10:05.645Z,2026-05-17T11:10:05.024Z,KXBTC15M-26MAY170715-15,BTC price up in next 15 mins?,KXBTC15M-26MAY170715,2026-05-17T11:15:00Z,active,0.48,0.49,0.51,0.52,0.485,0.43,152049.48,52588.37,1349.59,7.0,2026-05-17T11:10:05.079Z,btc-updown-15m-1779015600,"Bitcoin Up or Down - May 17, 7:00AM-7:15AM ET",btc-updown-15m-1779015600,2026-05-17T11:15:00Z,,0.29,0.3,0.7,0.71,0.295,0.2,15540.427062000024,,72.97,6.93,2026-05-17T11:10:05.079Z,BRTI,78388.3,78425.04,78392.811,60,Polymarket RTDS,78413.96116723938,78431.7115082606,1.2,0.8200000000000001,
2026-05-17T11:10:07.539Z,2026-05-17T11:10:07.020Z,KXBTC15M-26MAY170715-15,BTC price up in next 15 mins?,KXBTC15M-26MAY170715,2026-05-17T11:15:00Z,active,0.49,0.5,0.5,0.51,0.495,0.48,158860.74,49700.88,2109.4,1656.63,2026-05-17T11:10:07.073Z,btc-updown-15m-1779015600,"Bitcoin Up or Down - May 17, 7:00AM-7:15AM ET",btc-updown-15m-1779015600,2026-05-17T11:15:00Z,,0.29,0.3,0.7,0.71,0.295,0.2,15540.427062000024,,129.78,6.93,2026-05-17T11:10:07.073Z,BRTI,78390.56,78425.04,78392.93966666666,60,Polymarket RTDS,78415.26139493762,78431.7115082606,1.21,0.81,
2026-05-17T11:10:09.613Z,2026-05-17T11:10:09.014Z,KXBTC15M-26MAY170715-15,BTC price up in next 15 mins?,KXBTC15M-26MAY170715,2026-05-17T11:15:00Z,active,0.45,0.47,0.53,0.55,0.45999999999999996,0.48,158860.74,49700.88,99.91,148.0,2026-05-17T11:10:09.064Z,btc-updown-15m-1779015600,"Bitcoin Up or Down - May 17, 7:00AM-7:15AM ET",btc-updown-15m-1779015600,2026-05-17T11:15:00Z,,0.29,0.3,0.7,0.71,0.295,0.2,15540.427062000024,,25.0,71.08,2026-05-17T11:10:09.064Z,BRTI,78397.11,78425.04,78393.1365,60,Polymarket RTDS,78415.51135221413,78431.7115082606,1.18,0.8500000000000001,
2026-05-17T11:10:11.806Z,2026-05-17T11:10:11.022Z,KXBTC15M-26MAY170715-15,BTC price up in next 15 mins?,KXBTC15M-26MAY170715,2026-05-17T11:15:00Z,active,0.45,0.46,0.54,0.55,0.455,0.48,158860.74,49700.88,1047.3,84.1,2026-05-17T11:10:11.071Z,btc-updown-15m-1779015600,"Bitcoin Up or Down - May 17, 7:00AM-7:15AM ET",btc-updown-15m-1779015600,2026-05-17T11:15:00Z,,0.26,0.27,0.73,0.74,0.265,0.2,15540.427062000024,,129.44,40.0,2026-05-17T11:10:11.071Z,BRTI,78437.02,78425.04,78393.9985,60,Polymarket RTDS,78415.21091140337,78431.7115082606,1.2,0.8200000000000001,
2026-05-17T11:10:13.667Z,2026-05-17T11:10:13.010Z,KXBTC15M-26MAY170715-15,BTC price up in next 15 mins?,KXBTC15M-26MAY170715,2026-05-17T11:15:00Z,active,0.52,0.53,0.47,0.48,0.525,0.48,158860.74,49700.88,1075.0,1665.0,2026-05-17T11:10:13.072Z,btc-updown-15m-1779015600,"Bitcoin Up or Down - May 17, 7:00AM-7:15AM ET",btc-updown-15m-1779015600,2026-05-17T11:15:00Z,,0.26,0.28,0.72,0.74,0.27,0.2,15540.427062000024,,193.35,39.42,2026-05-17T11:10:13.073Z,BRTI,78395.9,78425.04,78394.21883333333,60,Polymarket RTDS,78414.92388555154,78431.7115082606,1.27,0.76,
2026-05-17T11:10:15.554Z,2026-05-17T11:10:15.028Z,KXBTC15M-26MAY170715-15,BTC price up in next 15 mins?,KXBTC15M-26MAY170715,2026-05-17T11:15:00Z,active,0.49,0.5,0.5,0.51,0.495,0.48,158860.74,49700.88,2256.98,41.0,2026-05-17T11:10:15.082Z,btc-updown-15m-1779015600,"Bitcoin Up or Down - May 17, 7:00AM-7:15AM ET",btc-updown-15m-1779015600,2026-05-17T11:15:00Z,,0.3,0.31,0.69,0.7,0.305,0.2,15540.427062000024,,69.84,36.22,2026-05-17T11:10:15.082Z,BRTI,78398.25,78425.04,78394.43466666667,60,Polymarket RTDS,78415.5301691672,78431.7115082606,1.2,0.8200000000000001,
2026-05-17T11:10:17.536Z,2026-05-17T11:10:17.027Z,KXBTC15M-26MAY170715-15,BTC price up in next 15 mins?,KXBTC15M-26MAY170715,2026-05-17T11:15:00Z,active,0.5,0.51,0.49,0.5,0.505,0.48,158860.74,49700.88,1018.6,1690.63,2026-05-17T11:10:17.087Z,btc-updown-15m-1779015600,"Bitcoin Up or Down - May 17, 7:00AM-7:15AM ET",btc-updown-15m-1779015600,2026-05-17T11:15:00Z,,0.3,0.31,0.69,0.7,0.305,0.2,15540.427062000024,,109.15,101.59,2026-05-17T11:10:17.087Z,BRTI,78397.11,78425.04,78394.54383333333,60,Polymarket RTDS,78415.5301591672,78431.7115082606,1.21,0.81,
2026-05-17T11:10:19.530Z,2026-05-17T11:10:19.033Z,KXBTC15M-26MAY170715-15,BTC price up in next 15 mins?,KXBTC15M-26MAY170715,2026-05-17T11:15:00Z,active,0.49,0.5,0.5,0.51,0.495,0.48,158860.74,49700.88,75.0,1709.72,2026-05-17T11:10:19.078Z,btc-updown-15m-1779015600,"Bitcoin Up or Down - May 17, 7:00AM-7:15AM ET",btc-updown-15m-1779015600,2026-05-17T11:15:00Z,,0.3,0.31,0.69,0.7,0.305,0.2,15540.427062000024,,104.07,163.97,2026-05-17T11:10:19.078Z,BRTI,78397.11,78425.04,78394.65299999999,60,Polymarket RTDS,78415.56386173083,78431.7115082606,1.2,0.8200000000000001,
2026-05-17T11:10:21.684Z,2026-05-17T11:10:21.150Z,KXBTC15M-26MAY170715-15,BTC price up in next 15 mins?,KXBTC15M-26MAY170715,2026-05-17T11:15:00Z,active,0.49,0.5,0.5,0.51,0.495,0.48,158860.74,49700.88,1039.33,1784.4,2026-05-17T11:10:21.197Z,btc-updown-15m-1779015600,"Bitcoin Up or Down - May 17, 7:00AM-7:15AM ET",btc-updown-15m-1779015600,2026-05-17T11:15:00Z,,0.3,0.31,0.69,0.7,0.305,0.2,15540.427062000024,,87.14,173.07,2026-05-17T11:10:21.197Z,BRTI,78423.48,78425.04,78395.42,60,Polymarket RTDS,78415.60927216981,78431.7115082606,1.2,0.8200000000000001,
2026-05-17T11:10:23.613Z,2026-05-17T11:10:23.015Z,KXBTC15M-26MAY170715-15,BTC price up in next 15 mins?,KXBTC15M-26MAY170715,2026-05-17T11:15:00Z,active,0.49,0.5,0.5,0.51,0.495,0.48,158860.74,49700.88,703.64,1784.4,2026-05-17T11:10:23.117Z,btc-updown-15m-1779015600,"Bitcoin Up or Down - May 17, 7:00AM-7:15AM ET",btc-updown-15m-1779015600,2026-05-17T11:15:00Z,,0.3,0.31,0.69,0.7,0.305,0.2,15540.427062000024,,83.74,173.97,2026-05-17T11:10:23.117Z,BRTI,78397.11,78425.04,78395.6425,60,Polymarket RTDS,78415.842059172,78431.7115082606,1.2,0.8200000000000001,
2026-05-17T11:10:25.565Z,2026-05-17T11:10:25.009Z,KXBTC15M-26MAY170715-15,BTC price up in next 15 mins?,KXBTC15M-26MAY170715,2026-05-17T11:15:00Z,active,0.43,0.44,0.56,0.57,0.435,0.48,158860.74,49700.88,1172.03,125.0,2026-05-17T11:10:25.079Z,btc-updown-15m-1779015600,"Bitcoin Up or Down - May 17, 7:00AM-7:15AM ET",btc-updown-15m-1779015600,2026-05-17T11:15:00Z,,0.25,0.26,0.74,0.75,0.255,0.2,15540.427062000024,,172.8,12.0,2026-05-17T11:10:25.079Z,BRTI,78395.9,78425.04,78395.7315,60,Polymarket RTDS,78415.57555413005,78431.7115082606,1.19,0.83,
2026-05-17T11:10:27.563Z,2026-05-17T11:10:27.017Z,KXBTC15M-26MAY170715-15,BTC price up in next 15 mins?,KXBTC15M-26MAY170715,2026-05-17T11:15:00Z,active,0.43,0.44,0.56,0.57,0.435,0.48,158860.74,49700.88,874.16,159.73,2026-05-17T11:10:27.080Z,btc-updown-15m-1779015600,"Bitcoin Up or Down - May 17, 7:00AM-7:15AM ET",btc-updown-15m-1779015600,2026-05-17T11:15:00Z,,0.25,0.26,0.74,0.75,0.255,0.2,15540.427062000024,,94.39,250.69,2026-05-17T11:10:27.080Z,BRTI,78437.02,78425.04,78396.61916666667,60,Polymarket RTDS,78415.0364747562,78431.7115082606,1.19,0.83,
2026-05-17T11:10:29.553Z,2026-05-17T11:10:29.021Z,KXBTC15M-26MAY170715-15,BTC price up in next 15 mins?,KXBTC15M-26MAY170715,2026-05-17T11:15:00Z,active,0.42,0.44,0.56,0.58,0.43,0.48,158860.74,49700.88,1251.6,292.47,2026-05-17T11:10:29.078Z,btc-updown-15m-1779015600,"Bitcoin Up or Down - May 17, 7:00AM-7:15AM ET",btc-updown-15m-1779015600,2026-05-17T11:15:00Z,,0.25,0.26,0.74,0.75,0.255,0.2,15540.427062000024,,54.39,272.47,2026-05-17T11:10:29.078Z,BRTI,78433.19,78425.04,78397.357,60,Polymarket RTDS,78415.12311866127,78431.7115082606,1.19,0.84,
2026-05-17T11:10:31.574Z,2026-05-17T11:10:31.040Z,KXBTC15M-26MAY170715-15,BTC price up in next 15 mins?,KXBTC15M-26MAY170715,2026-05-17T11:15:00Z,active,0.42,0.43,0.57,0.58,0.425,0.48,158860.74,49700.88,1218.34,1739.02,2026-05-17T11:10:31.093Z,btc-updown-15m-1779015600,"Bitcoin Up or Down - May 17, 7:00AM-7:15AM ET",btc-updown-15m-1779015600,2026-05-17T11:15:00Z,,0.24,0.26,0.74,0.76,0.25,0.2,15540.427062000024,,42.8,70.44,2026-05-17T11:10:31.093Z,BRTI,78397.11,78425.04,78397.46616666667,60,Polymarket RTDS,78414.9709964489,78431.7115082606,1.19,0.84,
2026-05-17T11:10:33.607Z,2026-05-17T11:10:33.030Z,KXBTC15M-26MAY170715-15,BTC price up in next 15 mins?,KXBTC15M-26MAY170715,2026-05-17T11:15:00Z,active,0.42,0.43,0.57,0.58,0.425,0.48,158860.74,49700.88,1021.88,1733.57,2026-05-17T11:10:33.082Z,btc-updown-15m-1779015600,"Bitcoin Up or Down - May 17, 7:00AM-7:15AM ET",btc-updown-15m-1779015600,2026-05-17T11:15:00Z,,0.25,0.26,0.74,0.75,0.255,0.2,15540.427062000024,,20.26,293.33,2026-05-17T11:10:33.082Z,BRTI,78425.02,78425.04,78398.15383333333,60,Polymarket RTDS,78415.55387556706,78431.7115082606,1.18,0.84,
2026-05-17T11:10:35.543Z,2026-05-17T11:10:35.023Z,KXBTC15M-26MAY170715-15,BTC price up in next 15 mins?,KXBTC15M-26MAY170715,2026-05-17T11:15:00Z,active,0.42,0.43,0.57,0.58,0.425,0.48,158860.74,49700.88,1010.64,2147.57,2026-05-17T11:10:35.079Z,btc-updown-15m-1779015600,"Bitcoin Up or Down - May 17, 7:00AM-7:15AM ET",btc-updown-15m-1779015600,2026-05-17T11:15:00Z,,0.24,0.25,0.75,0.76,0.245,0.2,15540.427062000024,,176.71,31.61,2026-05-17T11:10:35.079Z,BRTI,78397.11,78425.04,78398.37633333333,60,Polymarket RTDS,78414.90965290718,78431.7115082606,1.19,0.83,
2026-05-17T11:10:37.602Z,2026-05-17T11:10:37.076Z,KXBTC15M-26MAY170715-15,BTC price up in next 15 mins?,KXBTC15M-26MAY170715,2026-05-17T11:15:00Z,active,0.42,0.43,0.57,0.58,0.425,0.43,167839.65,47262.16,788.9,1797.32,2026-05-17T11:10:37.126Z,btc-updown-15m-1779015600,"Bitcoin Up or Down - May 17, 7:00AM-7:15AM ET",btc-updown-15m-1779015600,2026-05-17T11:15:00Z,,0.26,0.27,0.73,0.74,0.265,0.2,15540.427062000024,,19.79,88.95,2026-05-17T11:10:37.126Z,BRTI,78428.46,78425.04,78399.14566666666,60,Polymarket RTDS,78414.87038213278,78431.7115082606,1.17,0.85,
2026-05-17T11:10:39.560Z,2026-05-17T11:10:39.023Z,KXBTC15M-26MAY170715-15,BTC price up in next 15 mins?,KXBTC15M-26MAY170715,2026-05-17T11:15:00Z,active,0.42,0.43,0.57,0.58,0.425,0.43,167839.65,47262.16,806.33,2122.32,2026-05-17T11:10:39.084Z,btc-updown-15m-1779015600,"Bitcoin Up or Down - May 17, 7:00AM-7:15AM ET",btc-updown-15m-1779015600,2026-05-17T11:15:00Z,,0.26,0.27,0.73,0.74,0.265,0.2,15540.427062000024,,18.6,88.95,2026-05-17T11:10:39.084Z,BRTI,78398.25,78425.04,78399.31150000001,60,Polymarket RTDS,78414.86861448397,78431.7115082606,1.17,0.85,
2026-05-17T11:10:41.509Z,2026-05-17T11:10:41.014Z,KXBTC15M-26MAY170715-15,BTC price up in next 15 mins?,KXBTC15M-26MAY170715,2026-05-17T11:15:00Z,active,0.33,0.34,0.66,0.67,0.335,0.43,167839.65,47262.16,50.0,618.08,2026-05-17T11:10:41.068Z,btc-updown-15m-1779015600,"Bitcoin Up or Down - May 17, 7:00AM-7:15AM ET",btc-updown-15m-1779015600,2026-05-17T11:15:00Z,,0.17,0.18,0.82,0.83,0.175,0.2,15540.427062000024,,1.94,81.4,2026-05-17T11:10:41.068Z,BRTI,78433.19,78425.04,78400.15066666667,60,Polymarket RTDS,78414.86755092618,78431.7115082606,1.17,0.8500000000000001,
2026-05-17T11:10:43.721Z,2026-05-17T11:10:43.030Z,KXBTC15M-26MAY170715-15,BTC price up in next 15 mins?,KXBTC15M-26MAY170715,2026-05-17T11:15:00Z,active,0.32,0.33,0.67,0.68,0.325,0.43,167839.65,47262.16,1100.4,50.0,2026-05-17T11:10:43.084Z,btc-updown-15m-1779015600,"Bitcoin Up or Down - May 17, 7:00AM-7:15AM ET",btc-updown-15m-1779015600,2026-05-17T11:15:00Z,,0.16,0.17,0.83,0.84,0.165,0.2,15540.427062000024,,162.37,117.25,2026-05-17T11:10:43.084Z,BRTI,78422.82,78425.04,78400.57916666666,60,Polymarket RTDS,78410.96836038104,78431.7115082606,1.17,0.8500000000000001,
2026-05-17T11:10:45.598Z,2026-05-17T11:10:45.035Z,KXBTC15M-26MAY170715-15,BTC price up in next 15 mins?,KXBTC15M-26MAY170715,2026-05-17T11:15:00Z,active,0.32,0.33,0.67,0.68,0.325,0.43,167839.65,47262.16,1225.96,1559.07,2026-05-17T11:10:45.090Z,btc-updown-15m-1779015600,"Bitcoin Up or Down - May 17, 7:00AM-7:15AM ET",btc-updown-15m-1779015600,2026-05-17T11:15:00Z,,0.16,0.17,0.83,0.84,0.165,0.2,15540.427062000024,,253.49,118.52,2026-05-17T11:10:45.090Z,BRTI,78425.02,78425.04,78401.28483333332,60,Polymarket RTDS,78409.39976194271,78431.7115082606,1.17,0.8500000000000001,
2026-05-17T11:10:47.524Z,2026-05-17T11:10:47.026Z,KXBTC15M-26MAY170715-15,BTC price up in next 15 mins?,KXBTC15M-26MAY170715,2026-05-17T11:15:00Z,active,0.32,0.33,0.67,0.68,0.325,0.43,167839.65,47262.16,1004.89,1824.64,2026-05-17T11:10:47.076Z,btc-updown-15m-1779015600,"Bitcoin Up or Down - May 17, 7:00AM-7:15AM ET",btc-updown-15m-1779015600,2026-05-17T11:15:00Z,,0.16,0.17,0.83,0.84,0.165,0.2,15540.427062000024,,226.49,109.57,2026-05-17T11:10:47.076Z,BRTI,78422.82,78425.04,78401.93633333333,60,Polymarket RTDS,78409.21687670622,78431.7115082606,1.17,0.8500000000000001,
2026-05-17T11:10:49.557Z,2026-05-17T11:10:49.026Z,KXBTC15M-26MAY170715-15,BTC price up in next 15 mins?,KXBTC15M-26MAY170715,2026-05-17T11:15:00Z,active,0.32,0.33,0.67,0.68,0.325,0.43,167839.65,47262.16,576.91,1699.64,2026-05-17T11:10:49.070Z,btc-updown-15m-1779015600,"Bitcoin Up or Down - May 17, 7:00AM-7:15AM ET",btc-updown-15m-1779015600,2026-05-17T11:15:00Z,,0.16,0.17,0.83,0.84,0.165,0.2,15540.427062000024,,124.8,74.44,2026-05-17T11:10:49.070Z,BRTI,78437.02,78425.04,78402.738,60,Polymarket RTDS,78407.4908134869,78431.7115082606,1.17,0.8500000000000001,
2026-05-17T11:10:51.548Z,2026-05-17T11:10:51.032Z,KXBTC15M-26MAY170715-15,BTC price up in next 15 mins?,KXBTC15M-26MAY170715,2026-05-17T11:15:00Z,active,0.32,0.33,0.67,0.68,0.325,0.43,167839.65,47262.16,577.14,1546.64,2026-05-17T11:10:51.087Z,btc-updown-15m-1779015600,"Bitcoin Up or Down - May 17, 7:00AM-7:15AM ET",btc-updown-15m-1779015600,2026-05-17T11:15:00Z,,0.16,0.17,0.83,0.84,0.165,0.2,15540.427062000024,,188.81,74.44,2026-05-17T11:10:51.087Z,BRTI,78436.64,78425.04,78403.63466666666,60,Polymarket RTDS,78407.02012749058,78431.7115082606,1.17,0.8500000000000001,
2026-05-17T11:10:53.536Z,2026-05-17T11:10:53.027Z,KXBTC15M-26MAY170715-15,BTC price up in next 15 mins?,KXBTC15M-26MAY170715,2026-05-17T11:15:00Z,active,0.32,0.33,0.67,0.68,0.325,0.43,167839.65,47262.16,130.0,2720.73,2026-05-17T11:10:53.079Z,btc-updown-15m-1779015600,"Bitcoin Up or Down - May 17, 7:00AM-7:15AM ET",btc-updown-15m-1779015600,2026-05-17T11:15:00Z,,0.16,0.17,0.83,0.84,0.165,0.2,15540.427062000024,,74.21,74.44,2026-05-17T11:10:53.079Z,BRTI,78422.82,78425.04,78404.06316666667,60,Polymarket RTDS,78407.01364205315,78431.7115082606,1.17,0.8500000000000001,
2026-05-17T11:10:55.545Z,2026-05-17T11:10:55.012Z,KXBTC15M-26MAY170715-15,BTC price up in next 15 mins?,KXBTC15M-26MAY170715,2026-05-17T11:15:00Z,active,0.32,0.33,0.67,0.68,0.325,0.43,167839.65,47262.16,1154.38,1670.73,2026-05-17T11:10:55.061Z,btc-updown-15m-1779015600,"Bitcoin Up or Down - May 17, 7:00AM-7:15AM ET",btc-updown-15m-1779015600,2026-05-17T11:15:00Z,,0.16,0.17,0.83,0.84,0.165,0.2,15540.427062000024,,75.63,74.44,2026-05-17T11:10:55.061Z,BRTI,78423.48,78425.04,78404.63916666666,60,Polymarket RTDS,78407.02303611499,78431.7115082606,1.17,0.8500000000000001,
2026-05-17T11:10:57.595Z,2026-05-17T11:10:57.033Z,KXBTC15M-26MAY170715-15,BTC price up in next 15 mins?,KXBTC15M-26MAY170715,2026-05-17T11:15:00Z,active,0.32,0.33,0.67,0.68,0.325,0.43,167839.65,47262.16,1175.39,1491.26,2026-05-17T11:10:57.083Z,btc-updown-15m-1779015600,"Bitcoin Up or Down - May 17, 7:00AM-7:15AM ET",btc-updown-15m-1779015600,2026-05-17T11:15:00Z,,0.17,0.18,0.82,0.83,0.175,0.2,15540.427062000024,,120.99,56.32,2026-05-17T11:10:57.083Z,BRTI,78428.46,78425.04,78405.3995,60,Polymarket RTDS,78407.1505097985,78431.7115082606,1.16,0.8600000000000001,
2026-05-17T11:11:01.248Z,2026-05-17T11:10:59.022Z,KXBTC15M-26MAY170715-15,BTC price up in next 15 mins?,KXBTC15M-26MAY170715,2026-05-17T11:15:00Z,active,0.32,0.33,0.67,0.68,0.325,0.43,167839.65,47262.16,1104.44,1424.07,2026-05-17T11:10:59.071Z,btc-updown-15m-1779015600,"Bitcoin Up or Down - May 17, 7:00AM-7:15AM ET",btc-updown-15m-1779015600,2026-05-17T11:15:00Z,,0.17,0.18,0.82,0.83,0.175,0.2,15540.427062000024,,120.99,82.37,2026-05-17T11:10:59.071Z,BRTI,78428.46,78425.04,78406.06883333334,60,Polymarket RTDS,78407.20227707455,78431.7115082606,1.16,0.8600000000000001,
2026-05-17T11:11:04.079Z,2026-05-17T11:11:01.749Z,KXBTC15M-26MAY170715-15,BTC price up in next 15 mins?,KXBTC15M-26MAY170715,2026-05-17T11:15:00Z,active,0.33,0.34,0.66,0.67,0.335,0.43,167839.65,47262.16,1350.58,336.09,2026-05-17T11:11:01.855Z,btc-updown-15m-1779015600,"Bitcoin Up or Down - May 17, 7:00AM-7:15AM ET",btc-updown-15m-1779015600,2026-05-17T11:15:00Z,,0.17,0.18,0.82,0.83,0.175,0.2,15540.427062000024,,23.91,12.0,2026-05-17T11:11:01.856Z,BRTI,78428.46,78425.04,78406.59133333334,60,Polymarket RTDS,78407.15292270445,78431.7115082606,1.17,0.8500000000000001,
2026-05-17T11:11:06.898Z,2026-05-17T11:11:04.574Z,KXBTC15M-26MAY170715-15,BTC price up in next 15 mins?,KXBTC15M-26MAY170715,2026-05-17T11:15:00Z,active,0.34,0.36,0.64,0.66,0.35,0.43,167839.65,47262.16,1214.79,235.0,2026-05-17T11:11:04.629Z,btc-updown-15m-1779015600,"Bitcoin Up or Down - May 17, 7:00AM-7:15AM ET",btc-updown-15m-1779015600,2026-05-17T11:15:00Z,,0.18,0.19,0.81,0.82,0.185,0.2,15540.427062000024,,53.96,71.73,2026-05-17T11:11:04.629Z,BRTI,78420.4,78425.04,78407.22,60,Polymarket RTDS,78407.14091460434,78431.7115082606,1.18,0.8500000000000001,
2026-05-17T11:11:09.939Z,2026-05-17T11:11:07.386Z,KXBTC15M-26MAY170715-15,BTC price up in next 15 mins?,KXBTC15M-26MAY170715,2026-05-17T11:15:00Z,active,0.36,0.37,0.63,0.64,0.365,0.36,176415.74,44325.29,1232.57,213.06,2026-05-17T11:11:07.436Z,btc-updown-15m-1779015600,"Bitcoin Up or Down - May 17, 7:00AM-7:15AM ET",btc-updown-15m-1779015600,2026-05-17T11:15:00Z,,0.18,0.19,0.81,0.82,0.185,0.2,15540.427062000024,,77.96,27.79,2026-05-17T11:11:07.436Z,BRTI,78420.4,78425.04,78407.84599999999,60,Polymarket RTDS,78406.51228289692,78431.7115082606,1.19,0.8300000000000001,
2026-05-17T11:11:10.963Z,2026-05-17T11:11:10.434Z,KXBTC15M-26MAY170715-15,BTC price up in next 15 mins?,KXBTC15M-26MAY170715,2026-05-17T11:15:00Z,active,0.36,0.37,0.63,0.64,0.365,0.36,176415.74,44325.29,1340.24,125.0,2026-05-17T11:11:10.491Z,btc-updown-15m-1779015600,"Bitcoin Up or Down - May 17, 7:00AM-7:15AM ET",btc-updown-15m-1779015600,2026-05-17T11:15:00Z,,0.19,0.2,0.8,0.81,0.195,0.2,15540.427062000024,,32.0,68.37,2026-05-17T11:11:10.491Z,BRTI,78423.48,78425.04,78408.613,60,Polymarket RTDS,78406.57178709292,78431.7115082606,1.1800000000000002,0.8400000000000001,
2026-05-17T11:11:13.194Z,2026-05-17T11:11:12.423Z,KXBTC15M-26MAY170715-15,BTC price up in next 15 mins?,KXBTC15M-26MAY170715,2026-05-17T11:15:00Z,active,0.36,0.37,0.63,0.64,0.365,0.36,176415.74,44325.29,1159.27,73.23,2026-05-17T11:11:12.472Z,btc-updown-15m-1779015600,"Bitcoin Up or Down - May 17, 7:00AM-7:15AM ET",btc-updown-15m-1779015600,2026-05-17T11:15:00Z,,0.19,0.2,0.8,0.81,0.195,0.2,15540.427062000024,,5.27,145.54,2026-05-17T11:11:12.472Z,BRTI,78420.4,78425.04,78409.239,60,Polymarket RTDS,78406.25693721577,78431.7115082606,1.1800000000000002,0.8400000000000001,
2026-05-17T11:11:15.055Z,2026-05-17T11:11:14.430Z,KXBTC15M-26MAY170715-15,BTC price up in next 15 mins?,KXBTC15M-26MAY170715,2026-05-17T11:15:00Z,active,0.36,0.37,0.63,0.64,0.365,0.36,176415.74,44325.29,1039.86,16.0,2026-05-17T11:11:14.483Z,btc-updown-15m-1779015600,"Bitcoin Up or Down - May 17, 7:00AM-7:15AM ET",btc-updown-15m-1779015600,2026-05-17T11:15:00Z,,0.19,0.2,0.8,0.81,0.195,0.2,15540.427062000024,,830.01,182.44,2026-05-17T11:11:14.483Z,BRTI,78433.19,78425.04,78409.97683333333,60,Polymarket RTDS,78406.50950525583,78431.7115082606,1.1800000000000002,0.8400000000000001,
2026-05-17T11:11:17.277Z,2026-05-17T11:11:16.431Z,KXBTC15M-26MAY170715-15,BTC price up in next 15 mins?,KXBTC15M-26MAY170715,2026-05-17T11:15:00Z,active,0.35,0.36,0.64,0.65,0.355,0.36,176415.74,44325.29,1264.0,75.0,2026-05-17T11:11:16.482Z,btc-updown-15m-1779015600,"Bitcoin Up or Down - May 17, 7:00AM-7:15AM ET",btc-updown-15m-1779015600,2026-05-17T11:15:00Z,,0.19,0.2,0.8,0.81,0.195,0.2,15540.427062000024,,819.36,188.44,2026-05-17T11:11:16.482Z,BRTI,78422.82,78425.04,78410.40533333334,60,Polymarket RTDS,78406.3507078506,78431.7115082606,1.17,0.8500000000000001,
2026-05-17T11:11:18.953Z,2026-05-17T11:11:18.437Z,KXBTC15M-26MAY170715-15,BTC price up in next 15 mins?,KXBTC15M-26MAY170715,2026-05-17T11:15:00Z,active,0.35,0.36,0.64,0.65,0.355,0.36,176415.74,44325.29,115.8,250.0,2026-05-17T11:11:18.491Z,btc-updown-15m-1779015600,"Bitcoin Up or Down - May 17, 7:00AM-7:15AM ET",btc-updown-15m-1779015600,2026-05-17T11:15:00Z,,0.19,0.2,0.8,0.81,0.195,0.2,15540.427062000024,,749.41,188.44,2026-05-17T11:11:18.491Z,BRTI,78428.46,78425.04,78411.16566666667,60,Polymarket RTDS,78406.11463,78431.7115082606,1.17,0.8500000000000001,
2026-05-17T11:11:20.921Z,2026-05-17T11:11:20.429Z,KXBTC15M-26MAY170715-15,BTC price up in next 15 mins?,KXBTC15M-26MAY170715,2026-05-17T11:15:00Z,active,0.34,0.35,0.65,0.66,0.345,0.36,176415.74,44325.29,1360.79,10.0,2026-05-17T11:11:20.483Z,btc-updown-15m-1779015600,"Bitcoin Up or Down - May 17, 7:00AM-7:15AM ET",btc-updown-15m-1779015600,2026-05-17T11:15:00Z,,0.19,0.2,0.8,0.81,0.195,0.2,15540.427062000024,,707.41,188.44,2026-05-17T11:11:20.483Z,BRTI,78425.02,78425.04,78411.77766666668,60,Polymarket RTDS,78406.25032516528,78431.7115082606,1.1600000000000001,0.8600000000000001,
2026-05-17T11:11:22.963Z,2026-05-17T11:11:22.436Z,KXBTC15M-26MAY170715-15,BTC price up in next 15 mins?,KXBTC15M-26MAY170715,2026-05-17T11:15:00Z,active,0.34,0.35,0.65,0.66,0.345,0.36,176415.74,44325.29,2247.14,4.54,2026-05-17T11:11:22.485Z,btc-updown-15m-1779015600,"Bitcoin Up or Down - May 17, 7:00AM-7:15AM ET",btc-updown-15m-1779015600,2026-05-17T11:15:00Z,,0.19,0.2,0.8,0.81,0.195,0.2,15540.427062000024,,693.11,265.87,2026-05-17T11:11:22.485Z,BRTI,78436.64,78425.04,78412.45666666668,60,Polymarket RTDS,78406.20245714532,78431.7115082606,1.1600000000000001,0.8600000000000001,
2026-05-17T11:11:24.945Z,2026-05-17T11:11:24.440Z,KXBTC15M-26MAY170715-15,BTC price up in next 15 mins?,KXBTC15M-26MAY170715,2026-05-17T11:15:00Z,active,0.35,0.36,0.64,0.65,0.355,0.36,176415.74,44325.29,1239.56,73.67,2026-05-17T11:11:24.492Z,btc-updown-15m-1779015600,"Bitcoin Up or Down - May 17, 7:00AM-7:15AM ET",btc-updown-15m-1779015600,2026-05-17T11:15:00Z,,0.19,0.2,0.8,0.81,0.195,0.2,15540.427062000024,,685.57,171.14,2026-05-17T11:11:24.492Z,BRTI,78422.82,78425.04,78412.86616666666,60,Polymarket RTDS,78406.74272686442,78431.7115082606,1.17,0.8500000000000001,
2026-05-17T11:11:26.973Z,2026-05-17T11:11:26.438Z,KXBTC15M-26MAY170715-15,BTC price up in next 15 mins?,KXBTC15M-26MAY170715,2026-05-17T11:15:00Z,active,0.33,0.34,0.66,0.67,0.335,0.36,176415.74,44325.29,1025.0,527.0,2026-05-17T11:11:26.497Z,btc-updown-15m-1779015600,"Bitcoin Up or Down - May 17, 7:00AM-7:15AM ET",btc-updown-15m-1779015600,2026-05-17T11:15:00Z,,0.19,0.2,0.8,0.81,0.195,0.2,15540.427062000024,,645.81,182.04,2026-05-17T11:11:26.497Z,BRTI,78425.02,78425.04,78413.3515,60,Polymarket RTDS,78406.9350925707,78431.7115082606,1.1500000000000001,0.8700000000000001,
2026-05-17T11:11:28.956Z,2026-05-17T11:11:28.432Z,KXBTC15M-26MAY170715-15,BTC price up in next 15 mins?,KXBTC15M-26MAY170715,2026-05-17T11:15:00Z,active,0.32,0.33,0.67,0.68,0.325,0.36,176415.74,44325.29,2727.56,21.0,2026-05-17T11:11:28.480Z,btc-updown-15m-1779015600,"Bitcoin Up or Down - May 17, 7:00AM-7:15AM ET",btc-updown-15m-1779015600,2026-05-17T11:15:00Z,,0.19,0.2,0.8,0.81,0.195,0.2,15540.427062000024,,592.67,226.04,2026-05-17T11:11:28.480Z,BRTI,78422.82,78425.04,78413.9165,60,Polymarket RTDS,78406.70537218083,78431.7115082606,1.1400000000000001,0.8800000000000001,
2026-05-17T11:11:30.983Z,2026-05-17T11:11:30.433Z,KXBTC15M-26MAY170715-15,BTC price up in next 15 mins?,KXBTC15M-26MAY170715,2026-05-17T11:15:00Z,active,0.28,0.31,0.69,0.72,0.29500000000000004,0.36,176415.74,44325.29,1233.0,2663.0,2026-05-17T11:11:30.490Z,btc-updown-15m-1779015600,"Bitcoin Up or Down - May 17, 7:00AM-7:15AM ET",btc-updown-15m-1779015600,2026-05-17T11:15:00Z,,0.16,0.17,0.83,0.84,0.165,0.2,15540.427062000024,,19.8,40.0,2026-05-17T11:11:30.490Z,BRTI,78417.88,78425.04,78414.26266666666,60,Polymarket RTDS,78406.86935165017,78431.7115082606,1.15,0.89,
2026-05-17T11:11:32.961Z,2026-05-17T11:11:32.431Z,KXBTC15M-26MAY170715-15,BTC price up in next 15 mins?,KXBTC15M-26MAY170715,2026-05-17T11:15:00Z,active,0.21,0.22,0.78,0.79,0.215,0.36,176415.74,44325.29,7.0,1594.61,2026-05-17T11:11:32.485Z,btc-updown-15m-1779015600,"Bitcoin Up or Down - May 17, 7:00AM-7:15AM ET",btc-updown-15m-1779015600,2026-05-17T11:15:00Z,,0.14,0.15,0.84,0.86,0.14500000000000002,0.2,15540.427062000024,,49.3,39.97,2026-05-17T11:11:32.485Z,BRTI,78422.82,78425.04,78414.71133333333,60,Polymarket RTDS,78405.1532767122,78431.7115082606,1.08,0.9400000000000001,
2026-05-17T11:11:34.904Z,2026-05-17T11:11:34.429Z,KXBTC15M-26MAY170715-15,BTC price up in next 15 mins?,KXBTC15M-26MAY170715,2026-05-17T11:15:00Z,active,0.2,0.21,0.79,0.8,0.20500000000000002,0.36,176415.74,44325.29,25.0,225.0,2026-05-17T11:11:34.477Z,btc-updown-15m-1779015600,"Bitcoin Up or Down - May 17, 7:00AM-7:15AM ET",btc-updown-15m-1779015600,2026-05-17T11:15:00Z,,0.11,0.14,0.86,0.89,0.125,0.2,15540.427062000024,,18.0,28.0,2026-05-17T11:11:34.477Z,BRTI,78423.48,78425.04,78415.28733333334,60,Polymarket RTDS,78398.18439301326,78431.7115082606,1.1,0.9400000000000001,
2026-05-17T11:11:37.021Z,2026-05-17T11:11:36.441Z,KXBTC15M-26MAY170715-15,BTC price up in next 15 mins?,KXBTC15M-26MAY170715,2026-05-17T11:15:00Z,active,0.19,0.2,0.8,0.81,0.195,0.19,183122.95,43940.51,2592.23,125.0,2026-05-17T11:11:36.497Z,btc-updown-15m-1779015600,"Bitcoin Up or Down - May 17, 7:00AM-7:15AM ET",btc-updown-15m-1779015600,2026-05-17T11:15:00Z,,0.11,0.12,0.88,0.89,0.11499999999999999,0.2,15540.427062000024,,152.0,37.8,2026-05-17T11:11:36.497Z,BRTI,78423.48,78425.04,78415.87366666667,60,Polymarket RTDS,78397.79006051076,78431.7115082606,1.09,0.93,
2026-05-17T11:11:38.946Z,2026-05-17T11:11:38.434Z,KXBTC15M-26MAY170715-15,BTC price up in next 15 mins?,KXBTC15M-26MAY170715,2026-05-17T11:15:00Z,active,0.15,0.16,0.84,0.85,0.155,0.19,183122.95,43940.51,130.0,273.0,2026-05-17T11:11:38.488Z,btc-updown-15m-1779015600,"Bitcoin Up or Down - May 17, 7:00AM-7:15AM ET",btc-updown-15m-1779015600,2026-05-17T11:15:00Z,,0.06,0.07,0.93,0.94,0.065,0.2,15540.427062000024,,45.39,32.0,2026-05-17T11:11:38.488Z,BRTI,78418.11,78425.04,78415.56483333332,60,Polymarket RTDS,78397.71221051076,78431.7115082606,1.0999999999999999,0.9199999999999999,
2026-05-17T11:11:40.939Z,2026-05-17T11:11:40.424Z,KXBTC15M-26MAY170715-15,BTC price up in next 15 mins?,KXBTC15M-26MAY170715,2026-05-17T11:15:00Z,active,0.14,0.15,0.85,0.86,0.14500000000000002,0.19,183122.95,43940.51,2687.09,145.0,2026-05-17T11:11:40.478Z,btc-updown-15m-1779015600,"Bitcoin Up or Down - May 17, 7:00AM-7:15AM ET",btc-updown-15m-1779015600,2026-05-17T11:15:00Z,,0.07,0.08,0.92,0.93,0.07500000000000001,0.2,15540.427062000024,,128.99,11.65,2026-05-17T11:11:40.479Z,BRTI,78418.15,78425.04,78416.06233333334,60,Polymarket RTDS,78391.72102118857,78431.7115082606,1.08,0.94,
2026-05-17T11:11:42.990Z,2026-05-17T11:11:42.425Z,KXBTC15M-26MAY170715-15,BTC price up in next 15 mins?,KXBTC15M-26MAY170715,2026-05-17T11:15:00Z,active,0.14,0.15,0.85,0.86,0.14500000000000002,0.19,183122.95,43940.51,2708.53,1068.3,2026-05-17T11:11:42.482Z,btc-updown-15m-1779015600,"Bitcoin Up or Down - May 17, 7:00AM-7:15AM ET",btc-updown-15m-1779015600,2026-05-17T11:15:00Z,,0.07,0.08,0.92,0.93,0.07500000000000001,0.2,15540.427062000024,,234.31,41.13,2026-05-17T11:11:42.482Z,BRTI,78425.02,78425.04,78416.54766666667,60,Polymarket RTDS,78391.72102118857,78431.7115082606,1.08,0.94,
2026-05-17T11:11:44.915Z,2026-05-17T11:11:44.419Z,KXBTC15M-26MAY170715-15,BTC price up in next 15 mins?,KXBTC15M-26MAY170715,2026-05-17T11:15:00Z,active,0.13,0.16,0.84,0.87,0.14500000000000002,0.19,183122.95,43940.51,1555.97,1669.0,2026-05-17T11:11:44.475Z,btc-updown-15m-1779015600,"Bitcoin Up or Down - May 17, 7:00AM-7:15AM ET",btc-updown-15m-1779015600,2026-05-17T11:15:00Z,,0.07,0.08,0.92,0.93,0.07500000000000001,0.2,15540.427062000024,,265.6,110.28,2026-05-17T11:11:44.475Z,BRTI,78428.46,78425.04,78417.31700000001,60,Polymarket RTDS,78391.3991558289,78431.7115082606,1.09,0.95,
2026-05-17T11:11:46.980Z,2026-05-17T11:11:46.432Z,KXBTC15M-26MAY170715-15,BTC price up in next 15 mins?,KXBTC15M-26MAY170715,2026-05-17T11:15:00Z,active,0.13,0.14,0.86,0.87,0.135,0.19,183122.95,43940.51,146.0,1017.46,2026-05-17T11:11:46.482Z,btc-updown-15m-1779015600,"Bitcoin Up or Down - May 17, 7:00AM-7:15AM ET",btc-updown-15m-1779015600,2026-05-17T11:15:00Z,,0.07,0.08,0.92,0.93,0.07500000000000001,0.2,15540.427062000024,,80.18,130.28,2026-05-17T11:11:46.483Z,BRTI,78423.48,78425.04,78417.75649999999,60,Polymarket RTDS,78391.38708061742,78431.7115082606,1.07,0.95,
2026-05-17T11:11:48.940Z,2026-05-17T11:11:48.430Z,KXBTC15M-26MAY170715-15,BTC price up in next 15 mins?,KXBTC15M-26MAY170715,2026-05-17T11:15:00Z,active,0.12,0.13,0.87,0.88,0.125,0.19,183122.95,43940.51,2748.0,1114.01,2026-05-17T11:11:48.475Z,btc-updown-15m-1779015600,"Bitcoin Up or Down - May 17, 7:00AM-7:15AM ET",btc-updown-15m-1779015600,2026-05-17T11:15:00Z,,0.07,0.08,0.92,0.93,0.07500000000000001,0.2,15540.427062000024,,29.05,121.34,2026-05-17T11:11:48.475Z,BRTI,78418.15,78425.04,78417.44200000001,60,Polymarket RTDS,78391.2937630331,78431.7115082606,1.06,0.96,
2026-05-17T11:11:50.937Z,2026-05-17T11:11:50.440Z,KXBTC15M-26MAY170715-15,BTC price up in next 15 mins?,KXBTC15M-26MAY170715,2026-05-17T11:15:00Z,active,0.13,0.14,0.86,0.87,0.135,0.19,183122.95,43940.51,129.32,1107.5,2026-05-17T11:11:50.499Z,btc-updown-15m-1779015600,"Bitcoin Up or Down - May 17, 7:00AM-7:15AM ET",btc-updown-15m-1779015600,2026-05-17T11:15:00Z,,0.07,0.08,0.92,0.93,0.07500000000000001,0.2,15540.427062000024,,9.05,100.32,2026-05-17T11:11:50.499Z,BRTI,78423.48,78425.04,78417.99066666668,60,Polymarket RTDS,78391.3027630331,78431.7115082606,1.07,0.95,
2026-05-17T11:11:52.960Z,2026-05-17T11:11:52.434Z,KXBTC15M-26MAY170715-15,BTC price up in next 15 mins?,KXBTC15M-26MAY170715,2026-05-17T11:15:00Z,active,0.23,0.24,0.76,0.77,0.235,0.19,183122.95,43940.51,1127.82,133.0,2026-05-17T11:11:52.485Z,btc-updown-15m-1779015600,"Bitcoin Up or Down - May 17, 7:00AM-7:15AM ET",btc-updown-15m-1779015600,2026-05-17T11:15:00Z,,0.1,0.11,0.89,0.9,0.10500000000000001,0.2,15540.427062000024,,37.8,44.1,2026-05-17T11:11:52.485Z,BRTI,78428.46,78425.04,78418.62233333333,60,Polymarket RTDS,78392.9407925507,78431.7115082606,1.1400000000000001,0.88,
2026-05-17T11:11:54.971Z,2026-05-17T11:11:54.443Z,KXBTC15M-26MAY170715-15,BTC price up in next 15 mins?,KXBTC15M-26MAY170715,2026-05-17T11:15:00Z,active,0.23,0.24,0.76,0.77,0.235,0.19,183122.95,43940.51,1113.49,76.0,2026-05-17T11:11:54.511Z,btc-updown-15m-1779015600,"Bitcoin Up or Down - May 17, 7:00AM-7:15AM ET",btc-updown-15m-1779015600,2026-05-17T11:15:00Z,,0.12,0.13,0.87,0.88,0.125,0.2,15540.427062000024,,8.34,131.25,2026-05-17T11:11:54.511Z,BRTI,78418.11,78425.04,78419.11916666667,60,Polymarket RTDS,78397.06328472911,78431.7115082606,1.12,0.9,
2026-05-17T11:11:56.992Z,2026-05-17T11:11:56.430Z,KXBTC15M-26MAY170715-15,BTC price up in next 15 mins?,KXBTC15M-26MAY170715,2026-05-17T11:15:00Z,active,0.23,0.24,0.76,0.77,0.235,0.19,183122.95,43940.51,1040.22,209.61,2026-05-17T11:11:56.480Z,btc-updown-15m-1779015600,"Bitcoin Up or Down - May 17, 7:00AM-7:15AM ET",btc-updown-15m-1779015600,2026-05-17T11:15:00Z,,0.12,0.13,0.87,0.88,0.125,0.2,15540.427062000024,,2.34,205.25,2026-05-17T11:11:56.480Z,BRTI,78422.82,78425.04,78419.10816666667,60,Polymarket RTDS,78397.0532101275,78431.7115082606,1.12,0.9,
2026-05-17T11:11:59.073Z,2026-05-17T11:11:58.436Z,KXBTC15M-26MAY170715-15,BTC price up in next 15 mins?,KXBTC15M-26MAY170715,2026-05-17T11:15:00Z,active,0.33,0.34,0.66,0.67,0.335,0.19,183122.95,43940.51,953.0,563.0,2026-05-17T11:11:58.485Z,btc-updown-15m-1779015600,"Bitcoin Up or Down - May 17, 7:00AM-7:15AM ET",btc-updown-15m-1779015600,2026-05-17T11:15:00Z,,0.12,0.13,0.87,0.88,0.125,0.2,15540.427062000024,,2.34,54.3,2026-05-17T11:11:58.485Z,BRTI,78433.19,78425.04,78419.04433333334,60,Polymarket RTDS,78397.05966430684,78431.7115082606,1.22,0.8,
2026-05-17T11:12:00.957Z,2026-05-17T11:12:00.439Z,KXBTC15M-26MAY170715-15,BTC price up in next 15 mins?,KXBTC15M-26MAY170715,2026-05-17T11:15:00Z,active,0.34,0.35,0.65,0.66,0.345,0.19,183122.95,43940.51,1051.0,569.49,2026-05-17T11:12:00.492Z,btc-updown-15m-1779015600,"Bitcoin Up or Down - May 17, 7:00AM-7:15AM ET",btc-updown-15m-1779015600,2026-05-17T11:15:00Z,,0.13,0.14,0.86,0.87,0.135,0.2,15540.427062000024,,57.7,1.2,2026-05-17T11:12:00.492Z,BRTI,78420.4,78425.04,78419.57933333333,60,Polymarket RTDS,78400.04519386108,78431.7115082606,1.22,0.8,
2026-05-17T11:12:03.206Z,2026-05-17T11:12:02.437Z,KXBTC15M-26MAY170715-15,BTC price up in next 15 mins?,KXBTC15M-26MAY170715,2026-05-17T11:15:00Z,active,0.35,0.36,0.64,0.65,0.355,0.19,183122.95,43940.51,1014.86,505.67,2026-05-17T11:12:02.525Z,btc-updown-15m-1779015600,"Bitcoin Up or Down - May 17, 7:00AM-7:15AM ET",btc-updown-15m-1779015600,2026-05-17T11:15:00Z,,0.16,0.17,0.83,0.84,0.165,0.2,15540.427062000024,,33.25,10.29,2026-05-17T11:12:02.525Z,BRTI,78425.02,78425.04,78419.37933333333,60,Polymarket RTDS,78400.62943240408,78431.7115082606,1.2,0.8200000000000001,
2026-05-17T11:12:04.980Z,2026-05-17T11:12:04.426Z,KXBTC15M-26MAY170715-15,BTC price up in next 15 mins?,KXBTC15M-26MAY170715,2026-05-17T11:15:00Z,active,0.35,0.36,0.64,0.65,0.355,0.19,183122.95,43940.51,919.88,502.37,2026-05-17T11:12:04.479Z,btc-updown-15m-1779015600,"Bitcoin Up or Down - May 17, 7:00AM-7:15AM ET",btc-updown-15m-1779015600,2026-05-17T11:15:00Z,,0.16,0.17,0.83,0.84,0.165,0.2,15540.427062000024,,89.25,27.99,2026-05-17T11:12:04.479Z,BRTI,78428.46,78425.04,78420.011,60,Polymarket RTDS,78400.62993240409,78431.7115082606,1.2,0.8200000000000001,
2026-05-17T11:12:06.978Z,2026-05-17T11:12:06.437Z,KXBTC15M-26MAY170715-15,BTC price up in next 15 mins?,KXBTC15M-26MAY170715,2026-05-17T11:15:00Z,active,0.35,0.36,0.64,0.65,0.355,0.36,195496.74,47900.70,909.19,398.68,2026-05-17T11:12:06.483Z,btc-updown-15m-1779015600,"Bitcoin Up or Down - May 17, 7:00AM-7:15AM ET",btc-updown-15m-1779015600,2026-05-17T11:15:00Z,,0.17,0.18,0.82,0.83,0.175,0.2,15540.427062000024,,3.57,92.45,2026-05-17T11:12:06.483Z,BRTI,78433.19,78425.04,78419.94716666666,60,Polymarket RTDS,78400.63143240409,78431.7115082606,1.19,0.8300000000000001,
2026-05-17T11:12:08.978Z,2026-05-17T11:12:08.433Z,KXBTC15M-26MAY170715-15,BTC price up in next 15 mins?,KXBTC15M-26MAY170715,2026-05-17T11:15:00Z,active,0.37,0.38,0.62,0.63,0.375,0.36,195496.74,47900.70,1000.0,125.0,2026-05-17T11:12:08.480Z,btc-updown-15m-1779015600,"Bitcoin Up or Down - May 17, 7:00AM-7:15AM ET",btc-updown-15m-1779015600,2026-05-17T11:15:00Z,,0.16,0.17,0.83,0.84,0.165,0.2,15540.427062000024,,178.45,32.0,2026-05-17T11:12:08.480Z,BRTI,78422.82,78425.04,78420.52249999999,60,Polymarket RTDS,78399.808145,78431.7115082606,1.22,0.8,
2026-05-17T11:12:10.946Z,2026-05-17T11:12:10.446Z,KXBTC15M-26MAY170715-15,BTC price up in next 15 mins?,KXBTC15M-26MAY170715,2026-05-17T11:15:00Z,active,0.37,0.38,0.62,0.63,0.375,0.36,195496.74,47900.70,2047.67,125.0,2026-05-17T11:12:10.501Z,btc-updown-15m-1779015600,"Bitcoin Up or Down - May 17, 7:00AM-7:15AM ET",btc-updown-15m-1779015600,2026-05-17T11:15:00Z,,0.17,0.18,0.82,0.83,0.175,0.2,15540.427062000024,,87.44,57.4,2026-05-17T11:12:10.501Z,BRTI,78411.51,78425.04,78420.87166666666,60,Polymarket RTDS,78400.78435,78431.7115082606,1.21,0.81,
2026-05-17T11:12:12.957Z,2026-05-17T11:12:12.426Z,KXBTC15M-26MAY170715-15,BTC price up in next 15 mins?,KXBTC15M-26MAY170715,2026-05-17T11:15:00Z,active,0.38,0.39,0.61,0.62,0.385,0.36,195496.74,47900.70,1075.0,125.0,2026-05-17T11:12:12.475Z,btc-updown-15m-1779015600,"Bitcoin Up or Down - May 17, 7:00AM-7:15AM ET",btc-updown-15m-1779015600,2026-05-17T11:15:00Z,,0.17,0.18,0.82,0.83,0.175,0.2,15540.427062000024,,121.54,63.77,2026-05-17T11:12:12.475Z,BRTI,78422.82,78425.04,78421.30016666667,60,Polymarket RTDS,78401.02337789121,78431.7115082606,1.22,0.8,
2026-05-17T11:12:14.970Z,2026-05-17T11:12:14.438Z,KXBTC15M-26MAY170715-15,BTC price up in next 15 mins?,KXBTC15M-26MAY170715,2026-05-17T11:15:00Z,active,0.31,0.32,0.68,0.69,0.315,0.36,195496.74,47900.70,75.0,507.58,2026-05-17T11:12:14.513Z,btc-updown-15m-1779015600,"Bitcoin Up or Down - May 17, 7:00AM-7:15AM ET",btc-updown-15m-1779015600,2026-05-17T11:15:00Z,,0.16,0.17,0.83,0.84,0.165,0.2,15540.427062000024,,36.0,98.42,2026-05-17T11:12:14.513Z,BRTI,78415.84,78425.04,78420.94716666666,60,Polymarket RTDS,78401.339895,78431.7115082606,1.16,0.86,
2026-05-17T11:12:17.297Z,2026-05-17T11:12:16.441Z,KXBTC15M-26MAY170715-15,BTC price up in next 15 mins?,KXBTC15M-26MAY170715,2026-05-17T11:15:00Z,active,0.27,0.29,0.71,0.73,0.28,0.36,195496.74,47900.70,150.0,10.0,2026-05-17T11:12:16.491Z,btc-updown-15m-1779015600,"Bitcoin Up or Down - May 17, 7:00AM-7:15AM ET",btc-updown-15m-1779015600,2026-05-17T11:15:00Z,,0.13,0.14,0.86,0.87,0.135,0.2,15540.427062000024,,14.06,17.8,2026-05-17T11:12:16.491Z,BRTI,78420.4,78425.04,78421.3555,60,Polymarket RTDS,78401.2835607343,78431.7115082606,1.16,0.87,
2026-05-17T11:12:19.000Z,2026-05-17T11:12:18.437Z,KXBTC15M-26MAY170715-15,BTC price up in next 15 mins?,KXBTC15M-26MAY170715,2026-05-17T11:15:00Z,active,0.27,0.28,0.72,0.73,0.275,0.36,195496.74,47900.70,1008.0,624.0,2026-05-17T11:12:18.488Z,btc-updown-15m-1779015600,"Bitcoin Up or Down - May 17, 7:00AM-7:15AM ET",btc-updown-15m-1779015600,2026-05-17T11:15:00Z,,0.12,0.13,0.87,0.88,0.125,0.2,15540.427062000024,,38.62,65.53,2026-05-17T11:12:18.488Z,BRTI,78411.72,78425.04,78421.58,60,Polymarket RTDS,78401.28273949536,78431.7115082606,1.1600000000000001,0.86,
2026-05-17T11:12:20.938Z,2026-05-17T11:12:20.428Z,KXBTC15M-26MAY170715-15,BTC price up in next 15 mins?,KXBTC15M-26MAY170715,2026-05-17T11:15:00Z,active,0.27,0.28,0.72,0.73,0.275,0.36,195496.74,47900.70,405.3,1566.0,2026-05-17T11:12:20.477Z,btc-updown-15m-1779015600,"Bitcoin Up or Down - May 17, 7:00AM-7:15AM ET",btc-updown-15m-1779015600,2026-05-17T11:15:00Z,,0.11,0.12,0.88,0.89,0.11499999999999999,0.2,15540.427062000024,,238.98,20.0,2026-05-17T11:12:20.477Z,BRTI,78416.64,78425.04,78421.90550000001,60,Polymarket RTDS,78401.27854260163,78431.7115082606,1.17,0.85,
2026-05-17T11:12:22.972Z,2026-05-17T11:12:22.432Z,KXBTC15M-26MAY170715-15,BTC price up in next 15 mins?,KXBTC15M-26MAY170715,2026-05-17T11:15:00Z,active,0.27,0.28,0.72,0.73,0.275,0.36,195496.74,47900.70,283.42,1577.0,2026-05-17T11:12:22.483Z,btc-updown-15m-1779015600,"Bitcoin Up or Down - May 17, 7:00AM-7:15AM ET",btc-updown-15m-1779015600,2026-05-17T11:15:00Z,,0.11,0.12,0.88,0.89,0.11499999999999999,0.2,15540.427062000024,,122.68,31.69,2026-05-17T11:12:22.483Z,BRTI,78420.4,78425.04,78422.29366666666,60,Polymarket RTDS,78401.27742133298,78431.7115082606,1.17,0.85,
2026-05-17T11:12:24.987Z,2026-05-17T11:12:24.438Z,KXBTC15M-26MAY170715-15,BTC price up in next 15 mins?,KXBTC15M-26MAY170715,2026-05-17T11:15:00Z,active,0.27,0.28,0.72,0.73,0.275,0.36,195496.74,47900.70,180.74,561.11,2026-05-17T11:12:24.498Z,btc-updown-15m-1779015600,"Bitcoin Up or Down - May 17, 7:00AM-7:15AM ET",btc-updown-15m-1779015600,2026-05-17T11:15:00Z,,0.11,0.12,0.88,0.89,0.11499999999999999,0.2,15540.427062000024,,137.87,15.61,2026-05-17T11:12:24.498Z,BRTI,78420.4,78425.04,78422.24233333333,60,Polymarket RTDS,78401.27788741587,78431.7115082606,1.17,0.85,
2026-05-17T11:12:26.945Z,2026-05-17T11:12:26.431Z,KXBTC15M-26MAY170715-15,BTC price up in next 15 mins?,KXBTC15M-26MAY170715,2026-05-17T11:15:00Z,active,0.2,0.21,0.79,0.8,0.20500000000000002,0.36,195496.74,47900.70,113.53,125.0,2026-05-17T11:12:26.483Z,btc-updown-15m-1779015600,"Bitcoin Up or Down - May 17, 7:00AM-7:15AM ET",btc-updown-15m-1779015600,2026-05-17T11:15:00Z,,0.09,0.11,0.89,0.91,0.1,0.2,15540.427062000024,,31.0,20.0,2026-05-17T11:12:26.483Z,BRTI,78415.84,78425.04,78422.55450000001,60,Polymarket RTDS,78401.2750607343,78431.7115082606,1.12,0.91,
2026-05-17T11:12:28.979Z,2026-05-17T11:12:28.438Z,KXBTC15M-26MAY170715-15,BTC price up in next 15 mins?,KXBTC15M-26MAY170715,2026-05-17T11:15:00Z,active,0.2,0.21,0.79,0.8,0.20500000000000002,0.36,195496.74,47900.70,70.84,129.0,2026-05-17T11:12:28.481Z,btc-updown-15m-1779015600,"Bitcoin Up or Down - May 17, 7:00AM-7:15AM ET",btc-updown-15m-1779015600,2026-05-17T11:15:00Z,,0.09,0.1,0.9,0.91,0.095,0.2,15540.427062000024,,36.8,147.14,2026-05-17T11:12:28.481Z,BRTI,78420.4,78425.04,78422.96283333334,60,Polymarket RTDS,78401.2735607343,78431.7115082606,1.12,0.9,
2026-05-17T11:12:30.937Z,2026-05-17T11:12:30.444Z,KXBTC15M-26MAY170715-15,BTC price up in next 15 mins?,KXBTC15M-26MAY170715,2026-05-17T11:15:00Z,active,0.18,0.19,0.81,0.82,0.185,0.36,195496.74,47900.70,1352.0,17.0,2026-05-17T11:12:30.495Z,btc-updown-15m-1779015600,"Bitcoin Up or Down - May 17, 7:00AM-7:15AM ET",btc-updown-15m-1779015600,2026-05-17T11:15:00Z,,0.09,0.1,0.9,0.91,0.095,0.2,15540.427062000024,,20.32,123.92,2026-05-17T11:12:30.495Z,BRTI,78418.15,78425.04,78422.64833333335,60,Polymarket RTDS,78401.22540721302,78431.7115082606,1.1,0.9199999999999999,
2026-05-17T11:12:33.070Z,2026-05-17T11:12:32.467Z,KXBTC15M-26MAY170715-15,BTC price up in next 15 mins?,KXBTC15M-26MAY170715,2026-05-17T11:15:00Z,active,0.12,0.13,0.87,0.88,0.125,0.36,195496.74,47900.70,100.0,125.0,2026-05-17T11:12:32.514Z,btc-updown-15m-1779015600,"Bitcoin Up or Down - May 17, 7:00AM-7:15AM ET",btc-updown-15m-1779015600,2026-05-17T11:15:00Z,,0.09,0.1,0.9,0.91,0.095,0.2,15540.427062000024,,93.9,176.72,2026-05-17T11:12:32.514Z,BRTI,78415.84,78425.04,78422.35916666666,60,Polymarket RTDS,78400.49371742572,78431.7115082606,1.04,0.98,
2026-05-17T11:12:34.918Z,2026-05-17T11:12:34.428Z,KXBTC15M-26MAY170715-15,BTC price up in next 15 mins?,KXBTC15M-26MAY170715,2026-05-17T11:15:00Z,active,0.12,0.13,0.87,0.88,0.125,0.36,195496.74,47900.70,1696.45,108.12,2026-05-17T11:12:34.475Z,btc-updown-15m-1779015600,"Bitcoin Up or Down - May 17, 7:00AM-7:15AM ET",btc-updown-15m-1779015600,2026-05-17T11:15:00Z,,0.08,0.09,0.91,0.92,0.08499999999999999,0.2,15540.427062000024,,176.96,184.71,2026-05-17T11:12:34.475Z,BRTI,78415.84,78425.04,78422.67133333333,60,Polymarket RTDS,78400.12638085897,78431.7115082606,1.05,0.97,
2026-05-17T11:12:36.951Z,2026-05-17T11:12:36.432Z,KXBTC15M-26MAY170715-15,BTC price up in next 15 mins?,KXBTC15M-26MAY170715,2026-05-17T11:15:00Z,active,0.12,0.13,0.87,0.88,0.125,0.12,225224.16,52733.37,1814.0,29.0,2026-05-17T11:12:36.479Z,btc-updown-15m-1779015600,"Bitcoin Up or Down - May 17, 7:00AM-7:15AM ET",btc-updown-15m-1779015600,2026-05-17T11:15:00Z,,0.08,0.09,0.91,0.92,0.08499999999999999,0.2,15540.427062000024,,176.96,103.71,2026-05-17T11:12:36.479Z,BRTI,78415.84,78425.04,78422.51833333333,60,Polymarket RTDS,78400.12788085897,78431.7115082606,1.05,0.97,
2026-05-17T11:12:39.015Z,2026-05-17T11:12:38.446Z,KXBTC15M-26MAY170715-15,BTC price up in next 15 mins?,KXBTC15M-26MAY170715,2026-05-17T11:15:00Z,active,0.12,0.13,0.87,0.88,0.125,0.12,225224.16,52733.37,1772.88,51.78,2026-05-17T11:12:38.496Z,btc-updown-15m-1779015600,"Bitcoin Up or Down - May 17, 7:00AM-7:15AM ET",btc-updown-15m-1779015600,2026-05-17T11:15:00Z,,0.08,0.09,0.91,0.92,0.08499999999999999,0.2,15540.427062000024,,176.96,103.71,2026-05-17T11:12:38.496Z,BRTI,78418.11,78425.04,78422.86833333333,60,Polymarket RTDS,78400.12788085897,78431.7115082606,1.05,0.97,
2026-05-17T11:12:40.959Z,2026-05-17T11:12:40.441Z,KXBTC15M-26MAY170715-15,BTC price up in next 15 mins?,KXBTC15M-26MAY170715,2026-05-17T11:15:00Z,active,0.12,0.14,0.86,0.88,0.13,0.12,225224.16,52733.37,1338.0,200.0,2026-05-17T11:12:40.493Z,btc-updown-15m-1779015600,"Bitcoin Up or Down - May 17, 7:00AM-7:15AM ET",btc-updown-15m-1779015600,2026-05-17T11:15:00Z,,0.08,0.09,0.91,0.92,0.08499999999999999,0.2,15540.427062000024,,196.96,106.78,2026-05-17T11:12:40.493Z,BRTI,78407.59,78425.04,78422.52050000001,60,Polymarket RTDS,78398.72995321681,78431.7115082606,1.06,0.97,
2026-05-17T11:12:42.982Z,2026-05-17T11:12:42.447Z,KXBTC15M-26MAY170715-15,BTC price up in next 15 mins?,KXBTC15M-26MAY170715,2026-05-17T11:15:00Z,active,0.13,0.14,0.86,0.87,0.135,0.12,225224.16,52733.37,691.94,330.65,2026-05-17T11:12:42.500Z,btc-updown-15m-1779015600,"Bitcoin Up or Down - May 17, 7:00AM-7:15AM ET",btc-updown-15m-1779015600,2026-05-17T11:15:00Z,,0.08,0.09,0.91,0.92,0.08499999999999999,0.2,15540.427062000024,,146.22,84.24,2026-05-17T11:12:42.500Z,BRTI,78417.88,78425.04,78422.84766666667,60,Polymarket RTDS,78398.73095321681,78431.7115082606,1.06,0.96,
2026-05-17T11:12:46.688Z,2026-05-17T11:12:44.440Z,KXBTC15M-26MAY170715-15,BTC price up in next 15 mins?,KXBTC15M-26MAY170715,2026-05-17T11:15:00Z,active,0.12,0.13,0.87,0.88,0.125,0.12,225224.16,52733.37,709.78,75.0,2026-05-17T11:12:44.496Z,btc-updown-15m-1779015600,"Bitcoin Up or Down - May 17, 7:00AM-7:15AM ET",btc-updown-15m-1779015600,2026-05-17T11:15:00Z,,0.08,0.09,0.91,0.92,0.08499999999999999,0.2,15540.427062000024,,126.22,88.78,2026-05-17T11:12:44.496Z,BRTI,78417.88,78425.04,78422.5925,60,Polymarket RTDS,78398.23089,78431.7115082606,1.05,0.97,
2026-05-17T11:12:47.813Z,2026-05-17T11:12:47.196Z,KXBTC15M-26MAY170715-15,BTC price up in next 15 mins?,KXBTC15M-26MAY170715,2026-05-17T11:15:00Z,active,0.12,0.14,0.86,0.88,0.13,0.12,225224.16,52733.37,975.78,166.0,2026-05-17T11:12:47.249Z,btc-updown-15m-1779015600,"Bitcoin Up or Down - May 17, 7:00AM-7:15AM ET",btc-updown-15m-1779015600,2026-05-17T11:15:00Z,,0.08,0.09,0.91,0.92,0.08499999999999999,0.2,15540.427062000024,,38.82,121.58,2026-05-17T11:12:47.249Z,BRTI,78415.84,78425.04,78422.47616666667,60,Polymarket RTDS,78398.13905,78431.7115082606,1.06,0.97,
2026-05-17T11:12:51.396Z,2026-05-17T11:12:49.167Z,KXBTC15M-26MAY170715-15,BTC price up in next 15 mins?,KXBTC15M-26MAY170715,2026-05-17T11:15:00Z,active,0.13,0.15,0.85,0.87,0.14,0.12,225224.16,52733.37,1281.0,395.51,2026-05-17T11:12:49.217Z,btc-updown-15m-1779015600,"Bitcoin Up or Down - May 17, 7:00AM-7:15AM ET",btc-updown-15m-1779015600,2026-05-17T11:15:00Z,,0.08,0.09,0.91,0.92,0.08499999999999999,0.2,15540.427062000024,,26.2,152.48,2026-05-17T11:12:49.217Z,BRTI,78415.84,78425.04,78422.32316666665,60,Polymarket RTDS,78398.5648880285,78431.7115082606,1.07,0.96,
2026-05-17T11:12:54.113Z,2026-05-17T11:12:51.884Z,KXBTC15M-26MAY170715-15,BTC price up in next 15 mins?,KXBTC15M-26MAY170715,2026-05-17T11:15:00Z,active,0.13,0.14,0.86,0.87,0.135,0.12,225224.16,52733.37,254.36,43.54,2026-05-17T11:12:51.936Z,btc-updown-15m-1779015600,"Bitcoin Up or Down - May 17, 7:00AM-7:15AM ET",btc-updown-15m-1779015600,2026-05-17T11:15:00Z,,0.08,0.09,0.91,0.92,0.08499999999999999,0.2,15540.427062000024,,62.59,192.84,2026-05-17T11:12:51.936Z,BRTI,78415.84,78425.04,78422.20683333333,60,Polymarket RTDS,78398.57052587335,78431.7115082606,1.06,0.96,
2026-05-17T11:12:56.836Z,2026-05-17T11:12:54.609Z,KXBTC15M-26MAY170715-15,BTC price up in next 15 mins?,KXBTC15M-26MAY170715,2026-05-17T11:15:00Z,active,0.16,0.17,0.83,0.84,0.165,0.12,225224.16,52733.37,1248.0,536.0,2026-05-17T11:12:54.661Z,btc-updown-15m-1779015600,"Bitcoin Up or Down - May 17, 7:00AM-7:15AM ET",btc-updown-15m-1779015600,2026-05-17T11:15:00Z,,0.08,0.09,0.91,0.92,0.08499999999999999,0.2,15540.427062000024,,30.3,73.58,2026-05-17T11:12:54.661Z,BRTI,78415.84,78425.04,78421.85383333334,60,Polymarket RTDS,78398.57517043459,78431.7115082606,1.09,0.9299999999999999,
2026-05-17T11:12:59.247Z,2026-05-17T11:12:57.348Z,KXBTC15M-26MAY170715-15,BTC price up in next 15 mins?,KXBTC15M-26MAY170715,2026-05-17T11:15:00Z,active,0.16,0.18,0.82,0.84,0.16999999999999998,0.12,225224.16,52733.37,1135.0,125.0,2026-05-17T11:12:57.396Z,btc-updown-15m-1779015600,"Bitcoin Up or Down - May 17, 7:00AM-7:15AM ET",btc-updown-15m-1779015600,2026-05-17T11:15:00Z,,0.08,0.09,0.91,0.92,0.08499999999999999,0.2,15540.427062000024,,36.8,95.45,2026-05-17T11:12:57.396Z,BRTI,78411.72,78425.04,78421.43849999999,60,Polymarket RTDS,78398.69989236382,78431.7115082606,1.1,0.9299999999999999,
2026-05-17T11:13:00.398Z,2026-05-17T11:12:59.736Z,KXBTC15M-26MAY170715-15,BTC price up in next 15 mins?,KXBTC15M-26MAY170715,2026-05-17T11:15:00Z,active,0.17,0.18,0.82,0.83,0.175,0.12,225224.16,52733.37,1072.75,937.0,2026-05-17T11:12:59.784Z,btc-updown-15m-1779015600,"Bitcoin Up or Down - May 17, 7:00AM-7:15AM ET",btc-updown-15m-1779015600,2026-05-17T11:15:00Z,,0.08,0.09,0.91,0.92,0.08499999999999999,0.2,15540.427062000024,,137.19,66.57,2026-05-17T11:12:59.784Z,BRTI,78418.15,78425.04,78421.36066666666,60,Polymarket RTDS,78398.69671646279,78431.7115082606,1.1,0.9199999999999999,
2026-05-17T11:13:02.420Z,2026-05-17T11:13:01.735Z,KXBTC15M-26MAY170715-15,BTC price up in next 15 mins?,KXBTC15M-26MAY170715,2026-05-17T11:15:00Z,active,0.17,0.18,0.82,0.83,0.175,0.12,225224.16,52733.37,1291.03,964.0,2026-05-17T11:13:01.860Z,btc-updown-15m-1779015600,"Bitcoin Up or Down - May 17, 7:00AM-7:15AM ET",btc-updown-15m-1779015600,2026-05-17T11:15:00Z,,0.08,0.09,0.91,0.92,0.08499999999999999,0.2,15540.427062000024,,158.01,138.36,2026-05-17T11:13:01.860Z,BRTI,78416.64,78425.04,78421.24666666666,60,Polymarket RTDS,78399.74749823737,78431.7115082606,1.1,0.9199999999999999,
2026-05-17T11:13:04.470Z,2026-05-17T11:13:03.748Z,KXBTC15M-26MAY170715-15,BTC price up in next 15 mins?,KXBTC15M-26MAY170715,2026-05-17T11:15:00Z,active,0.12,0.13,0.87,0.88,0.125,0.12,225224.16,52733.37,399.0,310.0,2026-05-17T11:13:03.801Z,btc-updown-15m-1779015600,"Bitcoin Up or Down - May 17, 7:00AM-7:15AM ET",btc-updown-15m-1779015600,2026-05-17T11:15:00Z,,0.08,0.09,0.91,0.92,0.08499999999999999,0.2,15540.427062000024,,32.5,243.97,2026-05-17T11:13:03.801Z,BRTI,78411.51,78425.04,78420.96416666666,60,Polymarket RTDS,78399.74734802675,78431.7115082606,1.05,0.97,
2026-05-17T11:13:06.275Z,2026-05-17T11:13:05.738Z,KXBTC15M-26MAY170715-15,BTC price up in next 15 mins?,KXBTC15M-26MAY170715,2026-05-17T11:15:00Z,active,0.11,0.12,0.88,0.89,0.11499999999999999,0.12,225224.16,52733.37,196.49,178.1,2026-05-17T11:13:05.790Z,btc-updown-15m-1779015600,"Bitcoin Up or Down - May 17, 7:00AM-7:15AM ET",btc-updown-15m-1779015600,2026-05-17T11:15:00Z,,0.06,0.07,0.93,0.94,0.065,0.2,15540.427062000024,,120.16,76.07,2026-05-17T11:13:05.790Z,BRTI,78407.35,78425.04,78420.61233333334,60,Polymarket RTDS,78399.10124218423,78431.7115082606,1.06,0.96,
2026-05-17T11:13:08.339Z,2026-05-17T11:13:07.735Z,KXBTC15M-26MAY170715-15,BTC price up in next 15 mins?,KXBTC15M-26MAY170715,2026-05-17T11:15:00Z,active,0.13,0.14,0.86,0.87,0.135,0.12,237820.24,53412.99,136.85,125.0,2026-05-17T11:13:07.783Z,btc-updown-15m-1779015600,"Bitcoin Up or Down - May 17, 7:00AM-7:15AM ET",btc-updown-15m-1779015600,2026-05-17T11:15:00Z,,0.06,0.07,0.93,0.94,0.065,0.2,15540.427062000024,,80.57,54.4,2026-05-17T11:13:07.783Z,BRTI,78407.85,78425.04,78420.26883333334,60,Polymarket RTDS,78399.05041866744,78431.7115082606,1.08,0.94,
2026-05-17T11:13:10.261Z,2026-05-17T11:13:09.738Z,KXBTC15M-26MAY170715-15,BTC price up in next 15 mins?,KXBTC15M-26MAY170715,2026-05-17T11:15:00Z,active,0.14,0.15,0.85,0.86,0.14500000000000002,0.12,237820.24,53412.99,128.72,1746.51,2026-05-17T11:13:09.798Z,btc-updown-15m-1779015600,"Bitcoin Up or Down - May 17, 7:00AM-7:15AM ET",btc-updown-15m-1779015600,2026-05-17T11:15:00Z,,0.06,0.07,0.93,0.94,0.065,0.2,15540.427062000024,,80.57,43.27,2026-05-17T11:13:09.798Z,BRTI,78411.72,78425.04,78420.12416666668,60,Polymarket RTDS,78399.05125987882,78431.7115082606,1.0899999999999999,0.9299999999999999,
2026-05-17T11:13:12.334Z,2026-05-17T11:13:11.731Z,KXBTC15M-26MAY170715-15,BTC price up in next 15 mins?,KXBTC15M-26MAY170715,2026-05-17T11:15:00Z,active,0.12,0.13,0.87,0.88,0.125,0.12,237820.24,53412.99,621.0,75.0,2026-05-17T11:13:11.777Z,btc-updown-15m-1779015600,"Bitcoin Up or Down - May 17, 7:00AM-7:15AM ET",btc-updown-15m-1779015600,2026-05-17T11:15:00Z,,0.06,0.07,0.93,0.94,0.065,0.2,15540.427062000024,,48.18,32.56,2026-05-17T11:13:11.777Z,BRTI,78407.59,78425.04,78419.91066666666,60,Polymarket RTDS,78399.66802836045,78431.7115082606,1.0699999999999998,0.95,
2026-05-17T11:13:14.721Z,2026-05-17T11:13:13.738Z,KXBTC15M-26MAY170715-15,BTC price up in next 15 mins?,KXBTC15M-26MAY170715,2026-05-17T11:15:00Z,active,0.12,0.13,0.87,0.88,0.125,0.12,237820.24,53412.99,170.98,1188.03,2026-05-17T11:13:13.784Z,btc-updown-15m-1779015600,"Bitcoin Up or Down - May 17, 7:00AM-7:15AM ET",btc-updown-15m-1779015600,2026-05-17T11:15:00Z,,0.06,0.07,0.93,0.94,0.065,0.2,15540.427062000024,,14.68,94.3,2026-05-17T11:13:13.784Z,BRTI,78407.59,78425.04,78419.64583333333,60,Polymarket RTDS,78399.71583965002,78431.7115082606,1.0699999999999998,0.95,
2026-05-17T11:13:16.245Z,2026-05-17T11:13:15.731Z,KXBTC15M-26MAY170715-15,BTC price up in next 15 mins?,KXBTC15M-26MAY170715,2026-05-17T11:15:00Z,active,0.11,0.12,0.88,0.89,0.11499999999999999,0.12,237820.24,53412.99,125.0,1075.0,2026-05-17T11:13:15.779Z,btc-updown-15m-1779015600,"Bitcoin Up or Down - May 17, 7:00AM-7:15AM ET",btc-updown-15m-1779015600,2026-05-17T11:15:00Z,,0.06,0.07,0.93,0.94,0.065,0.2,15540.427062000024,,14.68,83.52,2026-05-17T11:13:15.779Z,BRTI,78411.72,78425.04,78419.50116666667,60,Polymarket RTDS,78399.71583965002,78431.7115082606,1.06,0.96,
2026-05-17T11:13:18.316Z,2026-05-17T11:13:17.742Z,KXBTC15M-26MAY170715-15,BTC price up in next 15 mins?,KXBTC15M-26MAY170715,2026-05-17T11:15:00Z,active,0.1,0.12,0.88,0.9,0.11,0.12,237820.24,53412.99,102.92,1066.27,2026-05-17T11:13:17.792Z,btc-updown-15m-1779015600,"Bitcoin Up or Down - May 17, 7:00AM-7:15AM ET",btc-updown-15m-1779015600,2026-05-17T11:15:00Z,,0.06,0.07,0.93,0.94,0.065,0.2,15540.427062000024,,14.68,196.32,2026-05-17T11:13:17.792Z,BRTI,78416.64,78425.04,78419.22533333332,60,Polymarket RTDS,78399.71728155154,78431.7115082606,1.06,0.97,
2026-05-17T11:13:20.313Z,2026-05-17T11:13:19.740Z,KXBTC15M-26MAY170715-15,BTC price up in next 15 mins?,KXBTC15M-26MAY170715,2026-05-17T11:15:00Z,active,0.093,0.098,0.902,0.907,0.0955,0.12,237820.24,53412.99,58.0,118.0,2026-05-17T11:13:19.791Z,btc-updown-15m-1779015600,"Bitcoin Up or Down - May 17, 7:00AM-7:15AM ET",btc-updown-15m-1779015600,2026-05-17T11:15:00Z,,0.06,0.07,0.93,0.94,0.065,0.2,15540.427062000024,,8.55,216.32,2026-05-17T11:13:19.791Z,BRTI,78415.84,78425.04,78419.109,60,Polymarket RTDS,78399.7177362054,78431.7115082606,1.038,0.9770000000000001,
2026-05-17T11:13:22.282Z,2026-05-17T11:13:21.752Z,KXBTC15M-26MAY170715-15,BTC price up in next 15 mins?,KXBTC15M-26MAY170715,2026-05-17T11:15:00Z,active,0.1,0.11,0.89,0.9,0.10500000000000001,0.12,237820.24,53412.99,142.0,1196.63,2026-05-17T11:13:21.814Z,btc-updown-15m-1779015600,"Bitcoin Up or Down - May 17, 7:00AM-7:15AM ET",btc-updown-15m-1779015600,2026-05-17T11:15:00Z,,0.06,0.07,0.93,0.94,0.065,0.2,15540.427062000024,,8.55,216.32,2026-05-17T11:13:21.814Z,BRTI,78407.59,78425.04,78418.76116666666,60,Polymarket RTDS,78399.71804774356,78431.7115082606,1.05,0.97,
2026-05-17T11:13:24.254Z,2026-05-17T11:13:23.739Z,KXBTC15M-26MAY170715-15,BTC price up in next 15 mins?,KXBTC15M-26MAY170715,2026-05-17T11:15:00Z,active,0.1,0.11,0.89,0.9,0.10500000000000001,0.12,237820.24,53412.99,1174.54,160.54,2026-05-17T11:13:23.790Z,btc-updown-15m-1779015600,"Bitcoin Up or Down - May 17, 7:00AM-7:15AM ET",btc-updown-15m-1779015600,2026-05-17T11:15:00Z,,0.06,0.07,0.93,0.94,0.065,0.2,15540.427062000024,,32.01,213.7,2026-05-17T11:13:23.790Z,BRTI,78406.19,78425.04,78418.44733333333,60,Polymarket RTDS,78399.7185541455,78431.7115082606,1.05,0.97,
2026-05-17T11:13:26.287Z,2026-05-17T11:13:25.738Z,KXBTC15M-26MAY170715-15,BTC price up in next 15 mins?,KXBTC15M-26MAY170715,2026-05-17T11:15:00Z,active,0.12,0.13,0.87,0.88,0.125,0.12,237820.24,53412.99,1616.0,1138.08,2026-05-17T11:13:25.799Z,btc-updown-15m-1779015600,"Bitcoin Up or Down - May 17, 7:00AM-7:15AM ET",btc-updown-15m-1779015600,2026-05-17T11:15:00Z,,0.06,0.07,0.93,0.94,0.065,0.2,15540.427062000024,,82.01,213.7,2026-05-17T11:13:25.799Z,BRTI,78411.72,78425.04,78418.03199999999,60,Polymarket RTDS,78399.69129218176,78431.7115082606,1.0699999999999998,0.95,
2026-05-17T11:13:28.244Z,2026-05-17T11:13:27.734Z,KXBTC15M-26MAY170715-15,BTC price up in next 15 mins?,KXBTC15M-26MAY170715,2026-05-17T11:15:00Z,active,0.12,0.13,0.87,0.88,0.125,0.12,237820.24,53412.99,1216.0,485.0,2026-05-17T11:13:27.784Z,btc-updown-15m-1779015600,"Bitcoin Up or Down - May 17, 7:00AM-7:15AM ET",btc-updown-15m-1779015600,2026-05-17T11:15:00Z,,0.06,0.07,0.93,0.94,0.065,0.2,15540.427062000024,,82.01,181.5,2026-05-17T11:13:27.784Z,BRTI,78411.51,78425.04,78417.8435,60,Polymarket RTDS,78398.79540896261,78431.7115082606,1.0699999999999998,0.95,
2026-05-17T11:13:30.233Z,2026-05-17T11:13:29.740Z,KXBTC15M-26MAY170715-15,BTC price up in next 15 mins?,KXBTC15M-26MAY170715,2026-05-17T11:15:00Z,active,0.12,0.13,0.87,0.88,0.125,0.12,237820.24,53412.99,295.43,790.78,2026-05-17T11:13:29.787Z,btc-updown-15m-1779015600,"Bitcoin Up or Down - May 17, 7:00AM-7:15AM ET",btc-updown-15m-1779015600,2026-05-17T11:15:00Z,,0.06,0.07,0.93,0.94,0.065,0.2,15540.427062000024,,62.01,203.58,2026-05-17T11:13:29.787Z,BRTI,78415.84,78425.04,78417.6905,60,Polymarket RTDS,78398.79549620836,78431.7115082606,1.0699999999999998,0.95,
2026-05-17T11:13:32.278Z,2026-05-17T11:13:31.740Z,KXBTC15M-26MAY170715-15,BTC price up in next 15 mins?,KXBTC15M-26MAY170715,2026-05-17T11:15:00Z,active,0.09,0.12,0.88,0.91,0.105,0.12,237820.24,53412.99,1.0,2241.62,2026-05-17T11:13:31.790Z,btc-updown-15m-1779015600,"Bitcoin Up or Down - May 17, 7:00AM-7:15AM ET",btc-updown-15m-1779015600,2026-05-17T11:15:00Z,,0.05,0.06,0.94,0.95,0.055,0.2,15540.427062000024,,130.0,12.0,2026-05-17T11:13:31.790Z,BRTI,78408.57,78425.04,78417.453,60,Polymarket RTDS,78399.7251249928,78431.7115082606,1.0699999999999998,0.97,
2026-05-17T11:13:34.266Z,2026-05-17T11:13:33.731Z,KXBTC15M-26MAY170715-15,BTC price up in next 15 mins?,KXBTC15M-26MAY170715,2026-05-17T11:15:00Z,active,0.067,0.068,0.932,0.933,0.0675,0.12,237820.24,53412.99,3828.07,53.0,2026-05-17T11:13:33.783Z,btc-updown-15m-1779015600,"Bitcoin Up or Down - May 17, 7:00AM-7:15AM ET",btc-updown-15m-1779015600,2026-05-17T11:15:00Z,,0.05,0.06,0.94,0.95,0.055,0.2,15540.427062000024,,51.28,469.72,2026-05-17T11:13:33.783Z,BRTI,78411.72,78425.04,78417.35033333332,60,Polymarket RTDS,78397.40973519316,78431.7115082606,1.018,0.9930000000000001,
2026-05-17T11:13:36.222Z,2026-05-17T11:13:35.735Z,KXBTC15M-26MAY170715-15,BTC price up in next 15 mins?,KXBTC15M-26MAY170715,2026-05-17T11:15:00Z,active,0.032,0.034,0.966,0.968,0.033,0.12,237820.24,53412.99,956.0,102.9,2026-05-17T11:13:35.784Z,btc-updown-15m-1779015600,"Bitcoin Up or Down - May 17, 7:00AM-7:15AM ET",btc-updown-15m-1779015600,2026-05-17T11:15:00Z,,0.03,0.04,0.96,0.97,0.035,0.2,15540.427062000024,,64.34,253.22,2026-05-17T11:13:35.784Z,BRTI,78408.31,78425.04,78417.1085,60,Polymarket RTDS,78395.79942611192,78431.7115082606,1.004,1.008,
2026-05-17T11:13:38.285Z,2026-05-17T11:13:37.738Z,KXBTC15M-26MAY170715-15,BTC price up in next 15 mins?,KXBTC15M-26MAY170715,2026-05-17T11:15:00Z,active,0.024,0.028,0.972,0.976,0.026000000000000002,0.022,255850.24,59520.14,4157.0,932.95,2026-05-17T11:13:37.802Z,btc-updown-15m-1779015600,"Bitcoin Up or Down - May 17, 7:00AM-7:15AM ET",btc-updown-15m-1779015600,2026-05-17T11:15:00Z,,0.03,0.04,0.96,0.97,0.035,0.2,15540.427062000024,,5.0,291.43,2026-05-17T11:13:37.802Z,BRTI,78407.85,78425.04,78416.848,60,Polymarket RTDS,78386.58995340992,78431.7115082606,0.998,1.016,
2026-05-17T11:13:40.288Z,2026-05-17T11:13:39.733Z,KXBTC15M-26MAY170715-15,BTC price up in next 15 mins?,KXBTC15M-26MAY170715,2026-05-17T11:15:00Z,active,0.024,0.028,0.972,0.976,0.026000000000000002,0.022,255850.24,59520.14,40.97,966.9,2026-05-17T11:13:39.809Z,btc-updown-15m-1779015600,"Bitcoin Up or Down - May 17, 7:00AM-7:15AM ET",btc-updown-15m-1779015600,2026-05-17T11:15:00Z,,0.02,0.03,0.97,0.98,0.025,0.2,15540.427062000024,,222.75,297.89,2026-05-17T11:13:39.810Z,BRTI,78411.51,78425.04,78416.6485,60,Polymarket RTDS,78386.44984945987,78431.7115082606,1.008,1.006,
2026-05-17T11:13:42.260Z,2026-05-17T11:13:41.730Z,KXBTC15M-26MAY170715-15,BTC price up in next 15 mins?,KXBTC15M-26MAY170715,2026-05-17T11:15:00Z,active,0.023,0.024,0.976,0.977,0.0235,0.022,255850.24,59520.14,28.0,481.26,2026-05-17T11:13:41.778Z,btc-updown-15m-1779015600,"Bitcoin Up or Down - May 17, 7:00AM-7:15AM ET",btc-updown-15m-1779015600,2026-05-17T11:15:00Z,,0.02,0.03,0.97,0.98,0.025,0.2,15540.427062000024,,200.47,424.42,2026-05-17T11:13:41.778Z,BRTI,78406.19,78425.04,78416.44983333333,60,Polymarket RTDS,78384.45188223562,78431.7115082606,1.004,1.007,
2026-05-17T11:13:44.298Z,2026-05-17T11:13:43.732Z,KXBTC15M-26MAY170715-15,BTC price up in next 15 mins?,KXBTC15M-26MAY170715,2026-05-17T11:15:00Z,active,0.02,0.023,0.977,0.98,0.0215,0.022,255850.24,59520.14,2572.2,24.9,2026-05-17T11:13:43.778Z,btc-updown-15m-1779015600,"Bitcoin Up or Down - May 17, 7:00AM-7:15AM ET",btc-updown-15m-1779015600,2026-05-17T11:15:00Z,,0.02,0.03,0.97,0.98,0.025,0.2,15540.427062000024,,212.44,418.01,2026-05-17T11:13:43.778Z,BRTI,78407.59,78425.04,78416.27383333333,60,Polymarket RTDS,78384.50855807247,78431.7115082606,1.003,1.01,
2026-05-17T11:13:46.228Z,2026-05-17T11:13:45.743Z,KXBTC15M-26MAY170715-15,BTC price up in next 15 mins?,KXBTC15M-26MAY170715,2026-05-17T11:15:00Z,active,0.023,0.024,0.976,0.977,0.0235,0.022,255850.24,59520.14,25.0,168.7,2026-05-17T11:13:45.794Z,btc-updown-15m-1779015600,"Bitcoin Up or Down - May 17, 7:00AM-7:15AM ET",btc-updown-15m-1779015600,2026-05-17T11:15:00Z,,0.02,0.03,0.97,0.98,0.025,0.2,15540.427062000024,,154.44,519.35,2026-05-17T11:13:45.794Z,BRTI,78411.51,78425.04,78416.04866666667,60,Polymarket RTDS,78384.09030192281,78431.7115082606,1.004,1.007,
2026-05-17T11:13:48.231Z,2026-05-17T11:13:47.733Z,KXBTC15M-26MAY170715-15,BTC price up in next 15 mins?,KXBTC15M-26MAY170715,2026-05-17T11:15:00Z,active,0.013,0.016,0.984,0.987,0.014499999999999999,0.022,255850.24,59520.14,451.89,732.87,2026-05-17T11:13:47.783Z,btc-updown-15m-1779015600,"Bitcoin Up or Down - May 17, 7:00AM-7:15AM ET",btc-updown-15m-1779015600,2026-05-17T11:15:00Z,,0.02,0.03,0.97,0.98,0.025,0.2,15540.427062000024,,88.92,519.35,2026-05-17T11:13:47.783Z,BRTI,78406.19,78425.04,78415.6775,60,Polymarket RTDS,78383.98993245712,78431.7115082606,0.996,1.017,
2026-05-17T11:13:50.291Z,2026-05-17T11:13:49.742Z,KXBTC15M-26MAY170715-15,BTC price up in next 15 mins?,KXBTC15M-26MAY170715,2026-05-17T11:15:00Z,active,0.014,0.017,0.983,0.986,0.0155,0.022,255850.24,59520.14,36.0,15.0,2026-05-17T11:13:49.803Z,btc-updown-15m-1779015600,"Bitcoin Up or Down - May 17, 7:00AM-7:15AM ET",btc-updown-15m-1779015600,2026-05-17T11:15:00Z,,0.01,0.02,0.98,0.99,0.015,0.2,15540.427062000024,,1833.39,227.68,2026-05-17T11:13:49.803Z,BRTI,78407.59,78425.04,78415.41266666666,60,Polymarket RTDS,78383.9904529703,78431.7115082606,1.007,1.006,
2026-05-17T11:13:52.262Z,2026-05-17T11:13:51.745Z,KXBTC15M-26MAY170715-15,BTC price up in next 15 mins?,KXBTC15M-26MAY170715,2026-05-17T11:15:00Z,active,0.012,0.015,0.985,0.988,0.0135,0.022,255850.24,59520.14,353.0,16.0,2026-05-17T11:13:51.804Z,btc-updown-15m-1779015600,"Bitcoin Up or Down - May 17, 7:00AM-7:15AM ET",btc-updown-15m-1779015600,2026-05-17T11:15:00Z,,0.21,0.01,0.99,0.79,0.11,0.2,15540.427062000024,,,3118.36,2026-05-17T11:13:51.805Z,BRTI,78407.59,78425.04,78415.23666666666,60,Polymarket RTDS,78383.56262616908,78431.7115082606,0.805,0.998,
2026-05-17T11:13:54.415Z,2026-05-17T11:13:53.752Z,KXBTC15M-26MAY170715-15,BTC price up in next 15 mins?,KXBTC15M-26MAY170715,2026-05-17T11:15:00Z,active,0.012,0.016,0.984,0.988,0.014,0.022,255850.24,59520.14,15.0,130.27,2026-05-17T11:13:53.808Z,btc-updown-15m-1779015600,"Bitcoin Up or Down - May 17, 7:00AM-7:15AM ET",btc-updown-15m-1779015600,2026-05-17T11:15:00Z,,0.21,0.01,0.99,0.79,0.11,0.2,15540.427062000024,,,2608.27,2026-05-17T11:13:53.808Z,BRTI,78411.72,78425.04,78415.04066666667,60,Polymarket RTDS,78382.6580314887,78431.7115082606,0.806,0.998,
2026-05-17T11:13:56.243Z,2026-05-17T11:13:55.733Z,KXBTC15M-26MAY170715-15,BTC price up in next 15 mins?,KXBTC15M-26MAY170715,2026-05-17T11:15:00Z,active,0.008,0.01,0.99,0.992,0.009000000000000001,0.022,255850.24,59520.14,37.0,70.0,2026-05-17T11:13:55.780Z,btc-updown-15m-1779015600,"Bitcoin Up or Down - May 17, 7:00AM-7:15AM ET",btc-updown-15m-1779015600,2026-05-17T11:15:00Z,,0.21,0.01,0.99,0.79,0.11,0.2,15540.427062000024,,,2618.27,2026-05-17T11:13:55.781Z,BRTI,78416.64,78425.04,78414.84366666667,60,Polymarket RTDS,78381.99650334576,78431.7115082606,0.8,1.002,
2026-05-17T11:13:58.265Z,2026-05-17T11:13:57.750Z,KXBTC15M-26MAY170715-15,BTC price up in next 15 mins?,KXBTC15M-26MAY170715,2026-05-17T11:15:00Z,active,0.009,0.017,0.983,0.991,0.013000000000000001,0.022,255850.24,59520.14,42.0,105.91,2026-05-17T11:13:57.806Z,btc-updown-15m-1779015600,"Bitcoin Up or Down - May 17, 7:00AM-7:15AM ET",btc-updown-15m-1779015600,2026-05-17T11:15:00Z,,0.21,0.01,0.99,0.79,0.11,0.2,15540.427062000024,,,3637.27,2026-05-17T11:13:57.806Z,BRTI,78408.31,78425.04,78414.68033333334,60,Polymarket RTDS,78381.43896529099,78431.7115082606,0.807,1.001,
2026-05-17T11:14:00.404Z,2026-05-17T11:13:59.755Z,KXBTC15M-26MAY170715-15,BTC price up in next 15 mins?,KXBTC15M-26MAY170715,2026-05-17T11:15:00Z,active,0.009,0.017,0.983,0.991,0.013000000000000001,0.022,255850.24,59520.14,42.0,276.91,2026-05-17T11:13:59.807Z,btc-updown-15m-1779015600,"Bitcoin Up or Down - May 17, 7:00AM-7:15AM ET",btc-updown-15m-1779015600,2026-05-17T11:15:00Z,,0.21,0.01,0.99,0.79,0.11,0.2,15540.427062000024,,,2938.25,2026-05-17T11:13:59.807Z,BRTI,78394.62,78425.04,78414.21033333334,60,Polymarket RTDS,78381.38754282167,78431.7115082606,0.807,1.001,
2026-05-17T11:14:02.378Z,2026-05-17T11:14:01.743Z,KXBTC15M-26MAY170715-15,BTC price up in next 15 mins?,KXBTC15M-26MAY170715,2026-05-17T11:15:00Z,active,0.009,0.01,0.99,0.991,0.0095,0.022,255850.24,59520.14,37.0,691.05,2026-05-17T11:14:01.814Z,btc-updown-15m-1779015600,"Bitcoin Up or Down - May 17, 7:00AM-7:15AM ET",btc-updown-15m-1779015600,2026-05-17T11:15:00Z,,0.21,0.01,0.99,0.79,0.11,0.2,15540.427062000024,,,2506.2,2026-05-17T11:14:01.814Z,BRTI,78408.31,78425.04,78413.79566666667,60,Polymarket RTDS,78380.588505,78431.7115082606,0.8,1.001,
2026-05-17T11:14:04.416Z,2026-05-17T11:14:03.758Z,KXBTC15M-26MAY170715-15,BTC price up in next 15 mins?,KXBTC15M-26MAY170715,2026-05-17T11:15:00Z,active,0.004,0.006,0.994,0.996,0.005,0.022,255850.24,59520.14,102.0,10.0,2026-05-17T11:14:03.803Z,btc-updown-15m-1779015600,"Bitcoin Up or Down - May 17, 7:00AM-7:15AM ET",btc-updown-15m-1779015600,2026-05-17T11:15:00Z,,0.21,0.01,0.99,0.79,0.11,0.2,15540.427062000024,,,2205.2,2026-05-17T11:14:03.803Z,BRTI,78406.19,78425.04,78413.55883333334,60,Polymarket RTDS,78379.13573987142,78431.7115082606,0.796,1.006,
2026-05-17T11:14:06.308Z,2026-05-17T11:14:05.745Z,KXBTC15M-26MAY170715-15,BTC price up in next 15 mins?,KXBTC15M-26MAY170715,2026-05-17T11:15:00Z,active,0.003,0.006,0.994,0.997,0.0045000000000000005,0.022,255850.24,59520.14,422.88,242.0,2026-05-17T11:14:05.806Z,btc-updown-15m-1779015600,"Bitcoin Up or Down - May 17, 7:00AM-7:15AM ET",btc-updown-15m-1779015600,2026-05-17T11:15:00Z,,0.21,0.01,0.99,0.79,0.11,0.2,15540.427062000024,,,273.66,2026-05-17T11:14:05.806Z,BRTI,78408.31,78425.04,78413.28033333334,60,Polymarket RTDS,78378.14866354677,78431.7115082606,0.796,1.007,
2026-05-17T11:14:08.239Z,2026-05-17T11:14:07.736Z,KXBTC15M-26MAY170715-15,BTC price up in next 15 mins?,KXBTC15M-26MAY170715,2026-05-17T11:15:00Z,active,0.003,0.007,0.993,0.997,0.005,0.006,268936.76,63182.37,331.88,457.0,2026-05-17T11:14:07.792Z,btc-updown-15m-1779015600,"Bitcoin Up or Down - May 17, 7:00AM-7:15AM ET",btc-updown-15m-1779015600,2026-05-17T11:15:00Z,,0.21,0.01,0.99,0.79,0.11,0.2,15540.427062000024,,,367.66,2026-05-17T11:14:07.792Z,BRTI,78407.35,78425.04,78412.9285,60,Polymarket RTDS,78374.29071796215,78431.7115082606,0.797,1.007,
2026-05-17T11:14:10.304Z,2026-05-17T11:14:09.737Z,KXBTC15M-26MAY170715-15,BTC price up in next 15 mins?,KXBTC15M-26MAY170715,2026-05-17T11:15:00Z,active,0.003,0.006,0.994,0.997,0.0045000000000000005,0.006,268936.76,63182.37,350.88,10.0,2026-05-17T11:14:09.795Z,btc-updown-15m-1779015600,"Bitcoin Up or Down - May 17, 7:00AM-7:15AM ET",btc-updown-15m-1779015600,2026-05-17T11:15:00Z,,0.21,0.01,0.99,0.79,0.11,0.2,15540.427062000024,,,367.66,2026-05-17T11:14:09.795Z,BRTI,78407.85,78425.04,78412.50616666667,60,Polymarket RTDS,78372.64978246072,78431.7115082606,0.796,1.007,
2026-05-17T11:14:12.286Z,2026-05-17T11:14:11.756Z,KXBTC15M-26MAY170715-15,BTC price up in next 15 mins?,KXBTC15M-26MAY170715,2026-05-17T11:15:00Z,active,0.003,0.005,0.995,0.997,0.004,0.006,268936.76,63182.37,258.88,4993.0,2026-05-17T11:14:11.807Z,btc-updown-15m-1779015600,"Bitcoin Up or Down - May 17, 7:00AM-7:15AM ET",btc-updown-15m-1779015600,2026-05-17T11:15:00Z,,0.21,0.01,0.99,0.79,0.11,0.2,15540.427062000024,,,326.0,2026-05-17T11:14:11.807Z,BRTI,78408.57,78425.04,78412.26866666667,60,Polymarket RTDS,78372.5605934971,78431.7115082606,0.795,1.007,
2026-05-17T11:14:14.247Z,2026-05-17T11:14:13.743Z,KXBTC15M-26MAY170715-15,BTC price up in next 15 mins?,KXBTC15M-26MAY170715,2026-05-17T11:15:00Z,active,0.003,0.005,0.995,0.997,0.004,0.006,268936.76,63182.37,258.88,4774.04,2026-05-17T11:14:13.805Z,btc-updown-15m-1779015600,"Bitcoin Up or Down - May 17, 7:00AM-7:15AM ET",btc-updown-15m-1779015600,2026-05-17T11:15:00Z,,0.21,0.01,0.99,0.79,0.11,0.2,15540.427062000024,,,331.0,2026-05-17T11:14:13.805Z,BRTI,78408.31,78425.04,78412.21533333333,60,Polymarket RTDS,78372.16618926456,78431.7115082606,0.795,1.007,
2026-05-17T11:14:16.256Z,2026-05-17T11:14:15.744Z,KXBTC15M-26MAY170715-15,BTC price up in next 15 mins?,KXBTC15M-26MAY170715,2026-05-17T11:15:00Z,active,0.003,0.005,0.995,0.997,0.004,0.006,268936.76,63182.37,238.88,4774.04,2026-05-17T11:14:15.794Z,btc-updown-15m-1779015600,"Bitcoin Up or Down - May 17, 7:00AM-7:15AM ET",btc-updown-15m-1779015600,2026-05-17T11:15:00Z,,0.21,0.01,0.99,0.79,0.11,0.2,15540.427062000024,,,315.12,2026-05-17T11:14:15.794Z,BRTI,78406.19,78425.04,78411.93816666667,60,Polymarket RTDS,78371.94354354983,78431.7115082606,0.795,1.007,
2026-05-17T11:14:18.236Z,2026-05-17T11:14:17.740Z,KXBTC15M-26MAY170715-15,BTC price up in next 15 mins?,KXBTC15M-26MAY170715,2026-05-17T11:15:00Z,active,0.002,0.005,0.995,0.998,0.0035,0.006,268936.76,63182.37,371.26,4640.28,2026-05-17T11:14:17.791Z,btc-updown-15m-1779015600,"Bitcoin Up or Down - May 17, 7:00AM-7:15AM ET",btc-updown-15m-1779015600,2026-05-17T11:15:00Z,,0.21,0.01,0.99,0.79,0.11,0.2,15540.427062000024,,,321.33,2026-05-17T11:14:17.791Z,BRTI,78394.62,78425.04,78411.58450000001,60,Polymarket RTDS,78371.95574528158,78431.7115082606,0.795,1.008,
2026-05-17T11:14:20.214Z,2026-05-17T11:14:19.734Z,KXBTC15M-26MAY170715-15,BTC price up in next 15 mins?,KXBTC15M-26MAY170715,2026-05-17T11:15:00Z,active,0.002,0.005,0.995,0.998,0.0035,0.006,268936.76,63182.37,371.26,4636.28,2026-05-17T11:14:19.783Z,btc-updown-15m-1779015600,"Bitcoin Up or Down - May 17, 7:00AM-7:15AM ET",btc-updown-15m-1779015600,2026-05-17T11:15:00Z,,0.21,0.01,0.99,0.79,0.11,0.2,15540.427062000024,,,6062.14,2026-05-17T11:14:19.783Z,BRTI,78407.35,78425.04,78411.367,60,Polymarket RTDS,78370.58398729851,78431.7115082606,0.795,1.008,
2026-05-17T11:14:22.272Z,2026-05-17T11:14:21.746Z,KXBTC15M-26MAY170715-15,BTC price up in next 15 mins?,KXBTC15M-26MAY170715,2026-05-17T11:15:00Z,active,0.001,0.005,0.995,0.999,0.003,0.006,268936.76,63182.37,1982.0,5136.28,2026-05-17T11:14:21.794Z,btc-updown-15m-1779015600,"Bitcoin Up or Down - May 17, 7:00AM-7:15AM ET",btc-updown-15m-1779015600,2026-05-17T11:15:00Z,,0.21,0.01,0.99,0.79,0.11,0.2,15540.427062000024,,,6720.0,2026-05-17T11:14:21.794Z,BRTI,78394.62,78425.04,78411.082,60,Polymarket RTDS,78367.68051324191,78431.7115082606,0.795,1.009,
2026-05-17T11:14:24.234Z,2026-05-17T11:14:23.752Z,KXBTC15M-26MAY170715-15,BTC price up in next 15 mins?,KXBTC15M-26MAY170715,2026-05-17T11:15:00Z,active,0.001,0.005,0.995,0.999,0.003,0.006,268936.76,63182.37,1888.0,5119.28,2026-05-17T11:14:23.799Z,btc-updown-15m-1779015600,"Bitcoin Up or Down - May 17, 7:00AM-7:15AM ET",btc-updown-15m-1779015600,2026-05-17T11:15:00Z,,0.21,0.01,0.99,0.79,0.11,0.2,15540.427062000024,,,8135.0,2026-05-17T11:14:23.799Z,BRTI,78408.31,78425.04,78410.94316666666,60,Polymarket RTDS,78362.20886632196,78431.7115082606,0.795,1.009,
2026-05-17T11:14:26.235Z,2026-05-17T11:14:25.747Z,KXBTC15M-26MAY170715-15,BTC price up in next 15 mins?,KXBTC15M-26MAY170715,2026-05-17T11:15:00Z,active,0.001,0.005,0.995,0.999,0.003,0.006,268936.76,63182.37,1888.0,5119.28,2026-05-17T11:14:25.791Z,btc-updown-15m-1779015600,"Bitcoin Up or Down - May 17, 7:00AM-7:15AM ET",btc-updown-15m-1779015600,2026-05-17T11:15:00Z,,0.21,0.01,0.99,0.79,0.11,0.2,15540.427062000024,,,9688.0,2026-05-17T11:14:25.791Z,BRTI,78407.35,78425.04,78410.72566666667,60,Polymarket RTDS,78357.59850444253,78431.7115082606,0.795,1.009,
2026-05-17T11:14:28.252Z,2026-05-17T11:14:27.742Z,KXBTC15M-26MAY170715-15,BTC price up in next 15 mins?,KXBTC15M-26MAY170715,2026-05-17T11:15:00Z,active,0.001,0.005,0.995,0.999,0.003,0.006,268936.76,63182.37,1888.0,5119.28,2026-05-17T11:14:27.788Z,btc-updown-15m-1779015600,"Bitcoin Up or Down - May 17, 7:00AM-7:15AM ET",btc-updown-15m-1779015600,2026-05-17T11:15:00Z,,0.21,0.01,0.99,0.79,0.11,0.2,15540.427062000024,,,9693.0,2026-05-17T11:14:27.788Z,BRTI,78408.31,78425.04,78410.52416666667,60,Polymarket RTDS,78355.0407659946,78431.7115082606,0.795,1.009,
2026-05-17T11:14:30.243Z,2026-05-17T11:14:29.742Z,KXBTC15M-26MAY170715-15,BTC price up in next 15 mins?,KXBTC15M-26MAY170715,2026-05-17T11:15:00Z,active,0.001,0.004,0.996,0.999,0.0025,0.006,268936.76,63182.37,363.0,1062.0,2026-05-17T11:14:29.799Z,btc-updown-15m-1779015600,"Bitcoin Up or Down - May 17, 7:00AM-7:15AM ET",btc-updown-15m-1779015600,2026-05-17T11:15:00Z,,0.21,0.01,0.99,0.79,0.11,0.2,15540.427062000024,,,8515.84,2026-05-17T11:14:29.799Z,BRTI,78408.57,78425.04,78410.40299999999,60,Polymarket RTDS,78351.62626715875,78431.7115082606,0.794,1.009,
2026-05-17T11:14:32.740Z,2026-05-17T11:14:31.742Z,KXBTC15M-26MAY170715-15,BTC price up in next 15 mins?,KXBTC15M-26MAY170715,2026-05-17T11:15:00Z,active,0.001,0.004,0.996,0.999,0.0025,0.006,268936.76,63182.37,363.0,1099.1,2026-05-17T11:14:31.811Z,btc-updown-15m-1779015600,"Bitcoin Up or Down - May 17, 7:00AM-7:15AM ET",btc-updown-15m-1779015600,2026-05-17T11:15:00Z,,0.21,0.01,0.99,0.79,0.11,0.2,15540.427062000024,,,14550.58,2026-05-17T11:14:31.811Z,BRTI,78394.62,78425.04,78409.97333333334,60,Polymarket RTDS,78346.65684895264,78431.7115082606,0.794,1.009,
2026-05-17T11:14:34.272Z,2026-05-17T11:14:33.743Z,KXBTC15M-26MAY170715-15,BTC price up in next 15 mins?,KXBTC15M-26MAY170715,2026-05-17T11:15:00Z,active,0.001,0.004,0.996,0.999,0.0025,0.006,268936.76,63182.37,268.0,1194.1,2026-05-17T11:14:33.796Z,btc-updown-15m-1779015600,"Bitcoin Up or Down - May 17, 7:00AM-7:15AM ET",btc-updown-15m-1779015600,2026-05-17T11:15:00Z,,0.21,0.01,0.99,0.79,0.11,0.2,15540.427062000024,,,13660.88,2026-05-17T11:14:33.796Z,BRTI,78408.31,78425.04,78409.80933333332,60,Polymarket RTDS,78330.82991081655,78431.7115082606,0.794,1.009,
2026-05-17T11:14:36.585Z,2026-05-17T11:14:35.745Z,KXBTC15M-26MAY170715-15,BTC price up in next 15 mins?,KXBTC15M-26MAY170715,2026-05-17T11:15:00Z,active,0.001,0.004,0.996,0.999,0.0025,0.006,268936.76,63182.37,252.45,1172.55,2026-05-17T11:14:35.963Z,btc-updown-15m-1779015600,"Bitcoin Up or Down - May 17, 7:00AM-7:15AM ET",btc-updown-15m-1779015600,2026-05-17T11:15:00Z,,0.17,0.01,0.99,0.83,0.09000000000000001,0.2,31688.59955600002,,,13660.88,2026-05-17T11:14:35.963Z,BRTI,78350.32,78425.04,78408.71733333333,60,Polymarket RTDS,78330.84007427807,78431.7115082606,0.834,1.009,
2026-05-17T11:14:38.303Z,2026-05-17T11:14:37.743Z,KXBTC15M-26MAY170715-15,BTC price up in next 15 mins?,KXBTC15M-26MAY170715,2026-05-17T11:15:00Z,active,0.001,0.004,0.996,0.999,0.0025,0.004,273999.30,67207.59,252.45,1172.55,2026-05-17T11:14:37.794Z,btc-updown-15m-1779015600,"Bitcoin Up or Down - May 17, 7:00AM-7:15AM ET",btc-updown-15m-1779015600,2026-05-17T11:15:00Z,,0.17,0.01,0.99,0.83,0.09000000000000001,0.2,31688.59955600002,,,13457.88,2026-05-17T11:14:37.794Z,BRTI,78350.32,78425.04,78407.62533333333,60,Polymarket RTDS,78330.41768324129,78431.7115082606,0.834,1.009,
2026-05-17T11:14:40.243Z,2026-05-17T11:14:39.742Z,KXBTC15M-26MAY170715-15,BTC price up in next 15 mins?,KXBTC15M-26MAY170715,2026-05-17T11:15:00Z,active,0.001,0.004,0.996,0.999,0.0025,0.004,273999.30,67207.59,252.45,1172.55,2026-05-17T11:14:39.804Z,btc-updown-15m-1779015600,"Bitcoin Up or Down - May 17, 7:00AM-7:15AM ET",btc-updown-15m-1779015600,2026-05-17T11:15:00Z,,0.17,0.01,0.99,0.83,0.09000000000000001,0.2,31688.59955600002,,,13161.78,2026-05-17T11:14:39.804Z,BRTI,78408.31,78425.04,78407.49983333334,60,Polymarket RTDS,78330.63212158145,78431.7115082606,0.834,1.009,
2026-05-17T11:14:42.341Z,2026-05-17T11:14:41.746Z,KXBTC15M-26MAY170715-15,BTC price up in next 15 mins?,KXBTC15M-26MAY170715,2026-05-17T11:15:00Z,active,0.001,0.004,0.996,0.999,0.0025,0.004,273999.30,67207.59,10.0,1250.0,2026-05-17T11:14:41.794Z,btc-updown-15m-1779015600,"Bitcoin Up or Down - May 17, 7:00AM-7:15AM ET",btc-updown-15m-1779015600,2026-05-17T11:15:00Z,,0.17,0.01,0.99,0.83,0.09000000000000001,0.2,31688.59955600002,,,13161.78,2026-05-17T11:14:41.794Z,BRTI,78382.33,78425.04,78406.9035,60,Polymarket RTDS,78330.5770738684,78431.7115082606,0.834,1.009,
2026-05-17T11:14:44.397Z,2026-05-17T11:14:43.750Z,KXBTC15M-26MAY170715-15,BTC price up in next 15 mins?,KXBTC15M-26MAY170715,2026-05-17T11:15:00Z,active,0.001,0.004,0.996,0.999,0.0025,0.004,273999.30,67207.59,34.36,1262.74,2026-05-17T11:14:43.794Z,btc-updown-15m-1779015600,"Bitcoin Up or Down - May 17, 7:00AM-7:15AM ET",btc-updown-15m-1779015600,2026-05-17T11:15:00Z,,0.17,0.01,0.99,0.83,0.09000000000000001,0.2,31688.59955600002,,,13181.78,2026-05-17T11:14:43.794Z,BRTI,78350.32,78425.04,78405.94900000001,60,Polymarket RTDS,78331.13286639926,78431.7115082606,0.834,1.009,
2026-05-17T11:14:46.305Z,2026-05-17T11:14:45.746Z,KXBTC15M-26MAY170715-15,BTC price up in next 15 mins?,KXBTC15M-26MAY170715,2026-05-17T11:15:00Z,active,0.001,0.004,0.996,0.999,0.0025,0.004,273999.30,67207.59,34.36,1262.74,2026-05-17T11:14:45.799Z,btc-updown-15m-1779015600,"Bitcoin Up or Down - May 17, 7:00AM-7:15AM ET",btc-updown-15m-1779015600,2026-05-17T11:15:00Z,,0.17,0.01,0.99,0.83,0.09000000000000001,0.2,31688.59955600002,,,13312.78,2026-05-17T11:14:45.799Z,BRTI,78383.23,78425.04,78405.3715,60,Polymarket RTDS,78331.11054929235,78431.7115082606,0.834,1.009,
2026-05-17T11:14:48.256Z,2026-05-17T11:14:47.749Z,KXBTC15M-26MAY170715-15,BTC price up in next 15 mins?,KXBTC15M-26MAY170715,2026-05-17T11:15:00Z,active,,0.001,0.999,,0.001,0.004,273999.30,67207.59,,1286.64,2026-05-17T11:14:47.799Z,btc-updown-15m-1779015600,"Bitcoin Up or Down - May 17, 7:00AM-7:15AM ET",btc-updown-15m-1779015600,2026-05-17T11:15:00Z,,0.17,0.01,0.99,0.83,0.09000000000000001,0.2,31688.59955600002,,,13165.33,2026-05-17T11:14:47.799Z,BRTI,78349.33,78425.04,78404.229,60,Polymarket RTDS,78331.11056095434,78431.7115082606,0.831,,
2026-05-17T11:14:50.265Z,2026-05-17T11:14:49.741Z,KXBTC15M-26MAY170715-15,BTC price up in next 15 mins?,KXBTC15M-26MAY170715,2026-05-17T11:15:00Z,active,,0.001,0.999,,0.001,0.004,273999.30,67207.59,,1285.64,2026-05-17T11:14:49.793Z,btc-updown-15m-1779015600,"Bitcoin Up or Down - May 17, 7:00AM-7:15AM ET",btc-updown-15m-1779015600,2026-05-17T11:15:00Z,,0.17,0.01,0.99,0.83,0.09000000000000001,0.2,31688.59955600002,,,13171.33,2026-05-17T11:14:49.793Z,BRTI,78408.57,78425.04,78404.10783333333,60,Polymarket RTDS,78331.12446920777,78431.7115082606,0.831,,
2026-05-17T11:14:52.306Z,2026-05-17T11:14:51.749Z,KXBTC15M-26MAY170715-15,BTC price up in next 15 mins?,KXBTC15M-26MAY170715,2026-05-17T11:15:00Z,active,0.001,0.003,0.997,0.999,0.002,0.004,273999.30,67207.59,10.0,1036.15,2026-05-17T11:14:51.795Z,btc-updown-15m-1779015600,"Bitcoin Up or Down - May 17, 7:00AM-7:15AM ET",btc-updown-15m-1779015600,2026-05-17T11:15:00Z,,0.17,0.01,0.99,0.83,0.09000000000000001,0.2,31688.59955600002,,,13168.33,2026-05-17T11:14:51.795Z,BRTI,78406.19,78425.04,78403.947,60,Polymarket RTDS,78331.14060840246,78431.7115082606,0.833,1.009,
2026-05-17T11:14:54.278Z,2026-05-17T11:14:53.748Z,KXBTC15M-26MAY170715-15,BTC price up in next 15 mins?,KXBTC15M-26MAY170715,2026-05-17T11:15:00Z,active,,0.001,0.999,,0.001,0.004,273999.30,67207.59,,481.0,2026-05-17T11:14:53.806Z,btc-updown-15m-1779015600,"Bitcoin Up or Down - May 17, 7:00AM-7:15AM ET",btc-updown-15m-1779015600,2026-05-17T11:15:00Z,,0.17,0.01,0.99,0.83,0.09000000000000001,0.2,31688.59955600002,,,13486.33,2026-05-17T11:14:53.806Z,BRTI,78406.19,78425.04,78403.78616666667,60,Polymarket RTDS,78331.1404776802,78431.7115082606,0.831,,
2026-05-17T11:14:56.307Z,2026-05-17T11:14:55.747Z,KXBTC15M-26MAY170715-15,BTC price up in next 15 mins?,KXBTC15M-26MAY170715,2026-05-17T11:15:00Z,active,,0.001,0.999,,0.001,0.004,273999.30,67207.59,,114.67,2026-05-17T11:14:55.798Z,btc-updown-15m-1779015600,"Bitcoin Up or Down - May 17, 7:00AM-7:15AM ET",btc-updown-15m-1779015600,2026-05-17T11:15:00Z,,0.17,0.01,0.99,0.83,0.09000000000000001,0.2,31688.59955600002,,,13551.43,2026-05-17T11:14:55.798Z,BRTI,78349.33,78425.04,78402.67766666667,60,Polymarket RTDS,78331.14045717014,78431.7115082606,0.831,,
2026-05-17T11:14:58.267Z,2026-05-17T11:14:57.732Z,KXBTC15M-26MAY170715-15,BTC price up in next 15 mins?,KXBTC15M-26MAY170715,2026-05-17T11:15:00Z,active,,0.001,0.999,,0.001,0.004,273999.30,67207.59,,99.55,2026-05-17T11:14:57.782Z,btc-updown-15m-1779015600,"Bitcoin Up or Down - May 17, 7:00AM-7:15AM ET",btc-updown-15m-1779015600,2026-05-17T11:15:00Z,,0.17,0.01,0.99,0.83,0.09000000000000001,0.2,31688.59955600002,,,23933.44,2026-05-17T11:14:57.782Z,BRTI,78381.91,78425.04,78402.18083333333,60,Polymarket RTDS,78331.17264462486,78431.7115082606,0.831,,
2026-05-17T11:15:00.429Z,2026-05-17T11:14:59.753Z,KXBTC15M-26MAY170715-15,BTC price up in next 15 mins?,KXBTC15M-26MAY170715,2026-05-17T11:15:00Z,active,,0.001,0.999,,0.001,0.004,273999.30,67207.59,,20.55,2026-05-17T11:14:59.803Z,btc-updown-15m-1779015600,"Bitcoin Up or Down - May 17, 7:00AM-7:15AM ET",btc-updown-15m-1779015600,2026-05-17T11:15:00Z,,0.17,0.01,0.99,0.83,0.09000000000000001,0.2,31688.59955600002,,,33932.65,2026-05-17T11:14:59.803Z,BRTI,78383.23,78425.04,78401.59883333332,60,Polymarket RTDS,78331.29798686835,78431.7115082606,0.831,,
2026-05-17T11:15:02.795Z,2026-05-17T11:15:01.751Z,KXBTC15M-26MAY170715-15,BTC price up in next 15 mins?,KXBTC15M-26MAY170715,2026-05-17T11:15:00Z,closed,,,,,,0.004,273999.30,67207.59,,,2026-05-17T11:15:01.821Z,btc-updown-15m-1779015600,"Bitcoin Up or Down - May 17, 7:00AM-7:15AM ET",btc-updown-15m-1779015600,2026-05-17T11:15:00Z,,0.17,0.01,0.99,0.83,0.09000000000000001,0.2,31688.59955600002,,,154769.25,2026-05-17T11:15:01.821Z,BRTI,78406.19,78425.04,78401.42466666667,60,Polymarket RTDS,78331.31648430355,78431.7115082606,,,
2026-05-17T11:15:04.295Z,2026-05-17T11:15:03.770Z,KXBTC15M-26MAY170715-15,BTC price up in next 15 mins?,KXBTC15M-26MAY170715,2026-05-17T11:15:00Z,closed,,,,,,0.004,273999.30,67207.59,,,2026-05-17T11:15:03.823Z,btc-updown-15m-1779015600,"Bitcoin Up or Down - May 17, 7:00AM-7:15AM ET",btc-updown-15m-1779015600,2026-05-17T11:15:00Z,,0.17,0.01,0.99,0.83,0.09000000000000001,0.2,31688.59955600002,,,295601.54,2026-05-17T11:15:03.823Z,BRTI,78349.33,78425.04,78400.38833333334,60,Polymarket RTDS,78335.50101268357,78431.7115082606,,,
2026-05-17T11:15:06.341Z,2026-05-17T11:15:05.758Z,KXBTC15M-26MAY170715-15,BTC price up in next 15 mins?,KXBTC15M-26MAY170715,2026-05-17T11:15:00Z,closed,,,,,,0.004,273999.30,67207.59,,,2026-05-17T11:15:05.827Z,btc-updown-15m-1779015600,"Bitcoin Up or Down - May 17, 7:00AM-7:15AM ET",btc-updown-15m-1779015600,2026-05-17T11:15:00Z,,0.17,0.01,0.99,0.83,0.09000000000000001,0.2,31688.59955600002,,,516484.22,2026-05-17T11:15:05.827Z,BRTI,78381.91,78425.04,78399.96433333334,60,Polymarket RTDS,78335.53754058524,78431.7115082606,,,
