timestamp_utc,kalshi_timestamp_utc,kalshi_ticker,kalshi_title,kalshi_event_ticker,kalshi_close_time,kalshi_status,kalshi_yes_bid,kalshi_yes_ask,kalshi_no_bid,kalshi_no_ask,kalshi_yes_mid,kalshi_last_price,kalshi_volume,kalshi_open_interest,kalshi_best_yes_bid_qty,kalshi_best_no_bid_qty,polymarket_timestamp_utc,polymarket_ticker,polymarket_title,polymarket_event_ticker,polymarket_close_time,polymarket_status,polymarket_yes_bid,polymarket_yes_ask,polymarket_no_bid,polymarket_no_ask,polymarket_yes_mid,polymarket_last_price,polymarket_volume,polymarket_open_interest,polymarket_best_yes_bid_qty,polymarket_best_no_bid_qty,source_timestamp_utc,kalshi_btc_source,kalshi_btc_price,kalshi_btc_target,kalshi_btc_60_sma,kalshi_btc_60_sma_sample_count,polymarket_btc_source,polymarket_btc_price,polymarket_btc_target,k_plus_np,nk_plus_p,polymarket_error
2026-05-17T06:15:21.784Z,2026-05-17T06:15:21.285Z,KXBTC15M-26MAY170230-30,BTC price up in next 15 mins?,KXBTC15M-26MAY170230,2026-05-17T06:30:00Z,active,0.46,0.47,0.53,0.54,0.46499999999999997,0.47,4661.38,4453.24,497.44,1745.2,2026-05-17T06:15:21.336Z,btc-updown-15m-1778998500,"Bitcoin Up or Down - May 17, 2:15AM-2:30AM ET",btc-updown-15m-1778998500,2026-05-17T06:30:00Z,,0.46,0.47,0.53,0.54,0.46499999999999997,0.51,29.237842,,37.8,48.46,2026-05-17T06:15:21.336Z,BRTI,78165.24,78164.62,78162.72666666665,60,Polymarket RTDS,78158.82135892792,78159.17989803682,1.01,1.01,
2026-05-17T06:15:23.780Z,2026-05-17T06:15:23.278Z,KXBTC15M-26MAY170230-30,BTC price up in next 15 mins?,KXBTC15M-26MAY170230,2026-05-17T06:30:00Z,active,0.46,0.47,0.53,0.54,0.46499999999999997,0.47,4661.38,4453.24,236.77,1692.53,2026-05-17T06:15:23.322Z,btc-updown-15m-1778998500,"Bitcoin Up or Down - May 17, 2:15AM-2:30AM ET",btc-updown-15m-1778998500,2026-05-17T06:30:00Z,,0.46,0.47,0.53,0.54,0.46499999999999997,0.51,29.237842,,105.32,45.47,2026-05-17T06:15:23.322Z,BRTI,78164.59,78164.62,78164.91500000001,2,Polymarket RTDS,78158.78551929793,78159.17989803682,1.01,1.01,
2026-05-17T06:15:25.768Z,2026-05-17T06:15:25.279Z,KXBTC15M-26MAY170230-30,BTC price up in next 15 mins?,KXBTC15M-26MAY170230,2026-05-17T06:30:00Z,active,0.46,0.47,0.53,0.54,0.46499999999999997,0.47,4661.38,4453.24,387.13,1241.0,2026-05-17T06:15:25.325Z,btc-updown-15m-1778998500,"Bitcoin Up or Down - May 17, 2:15AM-2:30AM ET",btc-updown-15m-1778998500,2026-05-17T06:30:00Z,,0.46,0.47,0.53,0.54,0.46499999999999997,0.51,29.237842,,30.22,45.47,2026-05-17T06:15:25.325Z,BRTI,78164.59,78164.62,78164.80666666666,3,Polymarket RTDS,78158.78636962755,78159.17989803682,1.01,1.01,
2026-05-17T06:15:27.775Z,2026-05-17T06:15:27.286Z,KXBTC15M-26MAY170230-30,BTC price up in next 15 mins?,KXBTC15M-26MAY170230,2026-05-17T06:30:00Z,active,0.46,0.47,0.53,0.54,0.46499999999999997,0.47,4661.38,4453.24,185.48,155.56,2026-05-17T06:15:27.339Z,btc-updown-15m-1778998500,"Bitcoin Up or Down - May 17, 2:15AM-2:30AM ET",btc-updown-15m-1778998500,2026-05-17T06:30:00Z,,0.45,0.46,0.54,0.55,0.455,0.51,29.237842,,105.64,21.99,2026-05-17T06:15:27.339Z,BRTI,78165.24,78164.62,78164.91500000001,4,Polymarket RTDS,78158.80330402704,78159.17989803682,1.02,1.0,
2026-05-17T06:15:29.843Z,2026-05-17T06:15:29.281Z,KXBTC15M-26MAY170230-30,BTC price up in next 15 mins?,KXBTC15M-26MAY170230,2026-05-17T06:30:00Z,active,0.47,0.48,0.52,0.53,0.475,0.47,4661.38,4453.24,649.12,565.27,2026-05-17T06:15:29.330Z,btc-updown-15m-1778998500,"Bitcoin Up or Down - May 17, 2:15AM-2:30AM ET",btc-updown-15m-1778998500,2026-05-17T06:30:00Z,,0.45,0.46,0.54,0.55,0.455,0.51,29.237842,,114.99,21.99,2026-05-17T06:15:29.330Z,BRTI,78164.59,78164.62,78164.85,5,Polymarket RTDS,78158.78996523397,78159.17989803682,1.03,0.99,
2026-05-17T06:15:31.818Z,2026-05-17T06:15:31.282Z,KXBTC15M-26MAY170230-30,BTC price up in next 15 mins?,KXBTC15M-26MAY170230,2026-05-17T06:30:00Z,active,0.47,0.48,0.52,0.53,0.475,0.47,4661.38,4453.24,698.71,203.7,2026-05-17T06:15:31.330Z,btc-updown-15m-1778998500,"Bitcoin Up or Down - May 17, 2:15AM-2:30AM ET",btc-updown-15m-1778998500,2026-05-17T06:30:00Z,,0.45,0.46,0.54,0.55,0.455,0.51,29.237842,,83.64,21.99,2026-05-17T06:15:31.330Z,BRTI,78165.4,78164.62,78164.94166666667,6,Polymarket RTDS,78158.75153009155,78159.17989803682,1.03,0.99,
2026-05-17T06:15:33.961Z,2026-05-17T06:15:33.289Z,KXBTC15M-26MAY170230-30,BTC price up in next 15 mins?,KXBTC15M-26MAY170230,2026-05-17T06:30:00Z,active,0.47,0.48,0.52,0.53,0.475,0.47,4661.38,4453.24,690.0,126.2,2026-05-17T06:15:33.334Z,btc-updown-15m-1778998500,"Bitcoin Up or Down - May 17, 2:15AM-2:30AM ET",btc-updown-15m-1778998500,2026-05-17T06:30:00Z,,0.45,0.46,0.54,0.55,0.455,0.51,29.237842,,83.64,27.68,2026-05-17T06:15:33.334Z,BRTI,78164.59,78164.62,78164.89142857143,7,Polymarket RTDS,78158.77110965429,78159.17989803682,1.03,0.99,
2026-05-17T06:15:35.848Z,2026-05-17T06:15:35.294Z,KXBTC15M-26MAY170230-30,BTC price up in next 15 mins?,KXBTC15M-26MAY170230,2026-05-17T06:30:00Z,active,0.47,0.49,0.51,0.53,0.48,0.47,4661.38,4453.24,1125.84,1238.06,2026-05-17T06:15:35.361Z,btc-updown-15m-1778998500,"Bitcoin Up or Down - May 17, 2:15AM-2:30AM ET",btc-updown-15m-1778998500,2026-05-17T06:30:00Z,,0.45,0.46,0.54,0.55,0.455,0.51,29.237842,,83.64,25.5,2026-05-17T06:15:35.361Z,BRTI,78167.93,78164.62,78165.27124999999,8,Polymarket RTDS,78158.66460309134,78159.17989803682,1.04,0.99,
2026-05-17T06:15:37.776Z,2026-05-17T06:15:37.275Z,KXBTC15M-26MAY170230-30,BTC price up in next 15 mins?,KXBTC15M-26MAY170230,2026-05-17T06:30:00Z,active,0.47,0.49,0.51,0.53,0.48,0.47,4661.38,4453.24,985.77,1273.28,2026-05-17T06:15:37.325Z,btc-updown-15m-1778998500,"Bitcoin Up or Down - May 17, 2:15AM-2:30AM ET",btc-updown-15m-1778998500,2026-05-17T06:30:00Z,,0.45,0.46,0.54,0.55,0.455,0.51,29.237842,,62.54,45.5,2026-05-17T06:15:37.325Z,BRTI,78164.59,78164.62,78165.19555555556,9,Polymarket RTDS,78158.67052905179,78159.17989803682,1.04,0.99,
2026-05-17T06:15:39.794Z,2026-05-17T06:15:39.280Z,KXBTC15M-26MAY170230-30,BTC price up in next 15 mins?,KXBTC15M-26MAY170230,2026-05-17T06:30:00Z,active,0.47,0.49,0.51,0.53,0.48,0.47,4661.38,4453.24,949.2,1255.2,2026-05-17T06:15:39.328Z,btc-updown-15m-1778998500,"Bitcoin Up or Down - May 17, 2:15AM-2:30AM ET",btc-updown-15m-1778998500,2026-05-17T06:30:00Z,,0.45,0.46,0.54,0.55,0.455,0.51,29.237842,,70.34,5.9,2026-05-17T06:15:39.328Z,BRTI,78164.59,78164.62,78165.135,10,Polymarket RTDS,78158.70387995975,78159.17989803682,1.04,0.99,
2026-05-17T06:15:41.830Z,2026-05-17T06:15:41.293Z,KXBTC15M-26MAY170230-30,BTC price up in next 15 mins?,KXBTC15M-26MAY170230,2026-05-17T06:30:00Z,active,0.48,0.49,0.51,0.52,0.485,0.47,4661.38,4453.24,889.02,200.87,2026-05-17T06:15:41.369Z,btc-updown-15m-1778998500,"Bitcoin Up or Down - May 17, 2:15AM-2:30AM ET",btc-updown-15m-1778998500,2026-05-17T06:30:00Z,,0.46,0.47,0.53,0.54,0.46499999999999997,0.51,29.237842,,85.47,67.92,2026-05-17T06:15:41.369Z,BRTI,78165.19,78164.62,78165.14,11,Polymarket RTDS,78158.82439204275,78159.17989803682,1.03,0.99,
2026-05-17T06:15:43.775Z,2026-05-17T06:15:43.277Z,KXBTC15M-26MAY170230-30,BTC price up in next 15 mins?,KXBTC15M-26MAY170230,2026-05-17T06:30:00Z,active,0.48,0.49,0.51,0.52,0.485,0.47,4661.38,4453.24,576.16,55.35,2026-05-17T06:15:43.331Z,btc-updown-15m-1778998500,"Bitcoin Up or Down - May 17, 2:15AM-2:30AM ET",btc-updown-15m-1778998500,2026-05-17T06:30:00Z,,0.46,0.47,0.53,0.54,0.46499999999999997,0.51,29.237842,,57.19,67.92,2026-05-17T06:15:43.331Z,BRTI,78165.24,78164.62,78165.14833333333,12,Polymarket RTDS,78158.79076749527,78159.17989803682,1.03,0.99,
2026-05-17T06:15:45.844Z,2026-05-17T06:15:45.281Z,KXBTC15M-26MAY170230-30,BTC price up in next 15 mins?,KXBTC15M-26MAY170230,2026-05-17T06:30:00Z,active,0.49,0.5,0.5,0.51,0.495,0.47,4661.38,4453.24,125.43,2584.4,2026-05-17T06:15:45.333Z,btc-updown-15m-1778998500,"Bitcoin Up or Down - May 17, 2:15AM-2:30AM ET",btc-updown-15m-1778998500,2026-05-17T06:30:00Z,,0.46,0.47,0.53,0.54,0.46499999999999997,0.51,29.237842,,42.8,60.33,2026-05-17T06:15:45.333Z,BRTI,78165.24,78164.62,78165.15538461538,13,Polymarket RTDS,78159.4145,78159.17989803682,1.04,0.98,
2026-05-17T06:15:47.800Z,2026-05-17T06:15:47.290Z,KXBTC15M-26MAY170230-30,BTC price up in next 15 mins?,KXBTC15M-26MAY170230,2026-05-17T06:30:00Z,active,0.49,0.5,0.5,0.51,0.495,0.47,4661.38,4453.24,80.44,2717.52,2026-05-17T06:15:47.339Z,btc-updown-15m-1778998500,"Bitcoin Up or Down - May 17, 2:15AM-2:30AM ET",btc-updown-15m-1778998500,2026-05-17T06:30:00Z,,0.46,0.47,0.53,0.54,0.46499999999999997,0.51,29.237842,,25.0,55.33,2026-05-17T06:15:47.339Z,BRTI,78165.81,78164.62,78165.20214285715,14,Polymarket RTDS,78158.7354243367,78159.17989803682,1.04,0.98,
2026-05-17T06:15:49.825Z,2026-05-17T06:15:49.279Z,KXBTC15M-26MAY170230-30,BTC price up in next 15 mins?,KXBTC15M-26MAY170230,2026-05-17T06:30:00Z,active,0.49,0.5,0.5,0.51,0.495,0.47,4661.38,4453.24,74.6,1740.55,2026-05-17T06:15:49.326Z,btc-updown-15m-1778998500,"Bitcoin Up or Down - May 17, 2:15AM-2:30AM ET",btc-updown-15m-1778998500,2026-05-17T06:30:00Z,,0.46,0.47,0.53,0.54,0.46499999999999997,0.51,29.237842,,20.55,44.69,2026-05-17T06:15:49.326Z,BRTI,78166.07,78164.62,78165.26,15,Polymarket RTDS,78158.76641093774,78159.17989803682,1.04,0.98,
2026-05-17T06:15:51.845Z,2026-05-17T06:15:51.283Z,KXBTC15M-26MAY170230-30,BTC price up in next 15 mins?,KXBTC15M-26MAY170230,2026-05-17T06:30:00Z,active,0.49,0.5,0.5,0.51,0.495,0.49,13348.20,11646.64,530.6,153.98,2026-05-17T06:15:51.329Z,btc-updown-15m-1778998500,"Bitcoin Up or Down - May 17, 2:15AM-2:30AM ET",btc-updown-15m-1778998500,2026-05-17T06:30:00Z,,0.46,0.47,0.53,0.54,0.46499999999999997,0.51,29.237842,,50.9,54.69,2026-05-17T06:15:51.329Z,BRTI,78165.24,78164.62,78165.25875,16,Polymarket RTDS,78158.71259906855,78159.17989803682,1.04,0.98,
2026-05-17T06:15:53.909Z,2026-05-17T06:15:53.280Z,KXBTC15M-26MAY170230-30,BTC price up in next 15 mins?,KXBTC15M-26MAY170230,2026-05-17T06:30:00Z,active,0.49,0.5,0.5,0.51,0.495,0.49,13348.20,11646.64,510.11,76.76,2026-05-17T06:15:53.324Z,btc-updown-15m-1778998500,"Bitcoin Up or Down - May 17, 2:15AM-2:30AM ET",btc-updown-15m-1778998500,2026-05-17T06:30:00Z,,0.46,0.47,0.53,0.54,0.46499999999999997,0.51,29.237842,,51.59,54.69,2026-05-17T06:15:53.324Z,BRTI,78166.07,78164.62,78165.30647058823,17,Polymarket RTDS,78158.97051297552,78159.17989803682,1.04,0.98,
2026-05-17T06:15:55.797Z,2026-05-17T06:15:55.296Z,KXBTC15M-26MAY170230-30,BTC price up in next 15 mins?,KXBTC15M-26MAY170230,2026-05-17T06:30:00Z,active,0.49,0.51,0.49,0.51,0.5,0.49,13348.20,11646.64,540.64,3380.03,2026-05-17T06:15:55.344Z,btc-updown-15m-1778998500,"Bitcoin Up or Down - May 17, 2:15AM-2:30AM ET",btc-updown-15m-1778998500,2026-05-17T06:30:00Z,,0.46,0.47,0.53,0.54,0.46499999999999997,0.51,29.237842,,51.59,54.69,2026-05-17T06:15:55.344Z,BRTI,78165.4,78164.62,78165.31166666668,18,Polymarket RTDS,78158.9798120599,78159.17989803682,1.05,0.98,
2026-05-17T06:15:57.777Z,2026-05-17T06:15:57.285Z,KXBTC15M-26MAY170230-30,BTC price up in next 15 mins?,KXBTC15M-26MAY170230,2026-05-17T06:30:00Z,active,0.49,0.51,0.49,0.51,0.5,0.49,13348.20,11646.64,571.64,3283.31,2026-05-17T06:15:57.350Z,btc-updown-15m-1778998500,"Bitcoin Up or Down - May 17, 2:15AM-2:30AM ET",btc-updown-15m-1778998500,2026-05-17T06:30:00Z,,0.46,0.47,0.53,0.54,0.46499999999999997,0.51,29.237842,,51.59,47.56,2026-05-17T06:15:57.350Z,BRTI,78165.24,78164.62,78165.30789473685,19,Polymarket RTDS,78158.98315090362,78159.17989803682,1.05,0.98,
2026-05-17T06:15:59.855Z,2026-05-17T06:15:59.294Z,KXBTC15M-26MAY170230-30,BTC price up in next 15 mins?,KXBTC15M-26MAY170230,2026-05-17T06:30:00Z,active,0.5,0.51,0.49,0.5,0.505,0.49,13348.20,11646.64,46.07,2032.97,2026-05-17T06:15:59.356Z,btc-updown-15m-1778998500,"Bitcoin Up or Down - May 17, 2:15AM-2:30AM ET",btc-updown-15m-1778998500,2026-05-17T06:30:00Z,,0.46,0.47,0.53,0.54,0.46499999999999997,0.51,29.237842,,46.49,47.56,2026-05-17T06:15:59.356Z,BRTI,78164.79,78164.62,78165.28199999999,20,Polymarket RTDS,78158.97915824456,78159.17989803682,1.05,0.97,
2026-05-17T06:16:01.990Z,2026-05-17T06:16:01.296Z,KXBTC15M-26MAY170230-30,BTC price up in next 15 mins?,KXBTC15M-26MAY170230,2026-05-17T06:30:00Z,active,0.5,0.51,0.49,0.5,0.505,0.49,13348.20,11646.64,10.0,125.0,2026-05-17T06:16:01.372Z,btc-updown-15m-1778998500,"Bitcoin Up or Down - May 17, 2:15AM-2:30AM ET",btc-updown-15m-1778998500,2026-05-17T06:30:00Z,,0.46,0.47,0.53,0.54,0.46499999999999997,0.51,29.237842,,111.29,42.56,2026-05-17T06:16:01.372Z,BRTI,78165.81,78164.62,78165.30714285714,21,Polymarket RTDS,78158.10912707131,78159.17989803682,1.05,0.97,
2026-05-17T06:16:03.800Z,2026-05-17T06:16:03.282Z,KXBTC15M-26MAY170230-30,BTC price up in next 15 mins?,KXBTC15M-26MAY170230,2026-05-17T06:30:00Z,active,0.49,0.51,0.49,0.51,0.5,0.49,13348.20,11646.64,660.21,106.13,2026-05-17T06:16:03.333Z,btc-updown-15m-1778998500,"Bitcoin Up or Down - May 17, 2:15AM-2:30AM ET",btc-updown-15m-1778998500,2026-05-17T06:30:00Z,,0.47,0.48,0.52,0.53,0.475,0.49,478.101006,,24.8,74.37,2026-05-17T06:16:03.333Z,BRTI,78165.55,78164.62,78165.31818181818,22,Polymarket RTDS,78158.16596089039,78159.17989803682,1.04,0.99,
2026-05-17T06:16:06.533Z,2026-05-17T06:16:05.290Z,KXBTC15M-26MAY170230-30,BTC price up in next 15 mins?,KXBTC15M-26MAY170230,2026-05-17T06:30:00Z,active,0.49,0.51,0.49,0.51,0.5,0.49,13348.20,11646.64,635.94,344.83,2026-05-17T06:16:05.335Z,btc-updown-15m-1778998500,"Bitcoin Up or Down - May 17, 2:15AM-2:30AM ET",btc-updown-15m-1778998500,2026-05-17T06:30:00Z,,0.47,0.48,0.52,0.53,0.475,0.49,478.101006,,91.03,59.37,2026-05-17T06:16:05.335Z,BRTI,78165.55,78164.62,78165.32826086957,23,Polymarket RTDS,78157.80350836474,78159.17989803682,1.04,0.99,
2026-05-17T06:16:07.823Z,2026-05-17T06:16:07.293Z,KXBTC15M-26MAY170230-30,BTC price up in next 15 mins?,KXBTC15M-26MAY170230,2026-05-17T06:30:00Z,active,0.49,0.5,0.5,0.51,0.495,0.49,13348.20,11646.64,671.82,8.0,2026-05-17T06:16:07.346Z,btc-updown-15m-1778998500,"Bitcoin Up or Down - May 17, 2:15AM-2:30AM ET",btc-updown-15m-1778998500,2026-05-17T06:30:00Z,,0.47,0.48,0.52,0.53,0.475,0.49,478.101006,,36.38,59.37,2026-05-17T06:16:07.346Z,BRTI,78165.19,78164.62,78165.3225,24,Polymarket RTDS,78157.80773690011,78159.17989803682,1.03,0.99,
2026-05-17T06:16:09.813Z,2026-05-17T06:16:09.289Z,KXBTC15M-26MAY170230-30,BTC price up in next 15 mins?,KXBTC15M-26MAY170230,2026-05-17T06:30:00Z,active,0.49,0.51,0.49,0.51,0.5,0.49,13348.20,11646.64,516.89,276.83,2026-05-17T06:16:09.337Z,btc-updown-15m-1778998500,"Bitcoin Up or Down - May 17, 2:15AM-2:30AM ET",btc-updown-15m-1778998500,2026-05-17T06:30:00Z,,0.47,0.48,0.52,0.53,0.475,0.49,478.101006,,41.38,57.28,2026-05-17T06:16:09.337Z,BRTI,78165.4,78164.62,78165.3256,25,Polymarket RTDS,78157.71498489668,78159.17989803682,1.04,0.99,
2026-05-17T06:16:11.858Z,2026-05-17T06:16:11.306Z,KXBTC15M-26MAY170230-30,BTC price up in next 15 mins?,KXBTC15M-26MAY170230,2026-05-17T06:30:00Z,active,0.5,0.52,0.48,0.5,0.51,0.49,13348.20,11646.64,177.24,1328.57,2026-05-17T06:16:11.358Z,btc-updown-15m-1778998500,"Bitcoin Up or Down - May 17, 2:15AM-2:30AM ET",btc-updown-15m-1778998500,2026-05-17T06:30:00Z,,0.47,0.48,0.52,0.53,0.475,0.49,478.101006,,56.38,57.28,2026-05-17T06:16:11.358Z,BRTI,78165.24,78164.62,78165.3223076923,26,Polymarket RTDS,78157.7801518373,78159.17989803682,1.05,0.98,
2026-05-17T06:16:13.779Z,2026-05-17T06:16:13.288Z,KXBTC15M-26MAY170230-30,BTC price up in next 15 mins?,KXBTC15M-26MAY170230,2026-05-17T06:30:00Z,active,0.61,0.63,0.37,0.39,0.62,0.49,13348.20,11646.64,3206.39,672.0,2026-05-17T06:16:13.339Z,btc-updown-15m-1778998500,"Bitcoin Up or Down - May 17, 2:15AM-2:30AM ET",btc-updown-15m-1778998500,2026-05-17T06:30:00Z,,0.47,0.5,0.5,0.53,0.485,0.49,478.101006,,91.01,65.0,2026-05-17T06:16:13.339Z,BRTI,78164.79,78164.62,78165.30259259259,27,Polymarket RTDS,78157.64409697971,78159.17989803682,1.1600000000000001,0.89,
2026-05-17T06:16:15.918Z,2026-05-17T06:16:15.303Z,KXBTC15M-26MAY170230-30,BTC price up in next 15 mins?,KXBTC15M-26MAY170230,2026-05-17T06:30:00Z,active,0.64,0.65,0.35,0.36,0.645,0.49,13348.20,11646.64,663.91,586.01,2026-05-17T06:16:15.387Z,btc-updown-15m-1778998500,"Bitcoin Up or Down - May 17, 2:15AM-2:30AM ET",btc-updown-15m-1778998500,2026-05-17T06:30:00Z,,0.59,0.6,0.4,0.41,0.595,0.49,478.101006,,12.0,50.21,2026-05-17T06:16:15.387Z,BRTI,78165.55,78164.62,78165.31142857144,28,Polymarket RTDS,78168.12603909223,78159.17989803682,1.06,0.96,
2026-05-17T06:16:17.830Z,2026-05-17T06:16:17.297Z,KXBTC15M-26MAY170230-30,BTC price up in next 15 mins?,KXBTC15M-26MAY170230,2026-05-17T06:30:00Z,active,0.64,0.65,0.35,0.36,0.645,0.49,13348.20,11646.64,533.15,313.0,2026-05-17T06:16:17.345Z,btc-updown-15m-1778998500,"Bitcoin Up or Down - May 17, 2:15AM-2:30AM ET",btc-updown-15m-1778998500,2026-05-17T06:30:00Z,,0.59,0.6,0.4,0.41,0.595,0.49,478.101006,,30.0,16.12,2026-05-17T06:16:17.345Z,BRTI,78165.4,78164.62,78165.31448275862,29,Polymarket RTDS,78170.074345,78159.17989803682,1.06,0.96,
2026-05-17T06:16:19.822Z,2026-05-17T06:16:19.290Z,KXBTC15M-26MAY170230-30,BTC price up in next 15 mins?,KXBTC15M-26MAY170230,2026-05-17T06:30:00Z,active,0.65,0.66,0.34,0.35,0.655,0.49,13348.20,11646.64,775.86,105.0,2026-05-17T06:16:19.336Z,btc-updown-15m-1778998500,"Bitcoin Up or Down - May 17, 2:15AM-2:30AM ET",btc-updown-15m-1778998500,2026-05-17T06:30:00Z,,0.59,0.6,0.4,0.41,0.595,0.49,478.101006,,47.46,15.71,2026-05-17T06:16:19.336Z,BRTI,78157.52,78164.62,78165.05466666668,30,Polymarket RTDS,78171.4762787555,78159.17989803682,1.07,0.95,
2026-05-17T06:16:21.820Z,2026-05-17T06:16:21.295Z,KXBTC15M-26MAY170230-30,BTC price up in next 15 mins?,KXBTC15M-26MAY170230,2026-05-17T06:30:00Z,active,0.68,0.69,0.31,0.32,0.685,0.66,26856.85,18610.72,435.58,323.89,2026-05-17T06:16:21.344Z,btc-updown-15m-1778998500,"Bitcoin Up or Down - May 17, 2:15AM-2:30AM ET",btc-updown-15m-1778998500,2026-05-17T06:30:00Z,,0.6,0.61,0.39,0.4,0.605,0.49,478.101006,,37.8,25.0,2026-05-17T06:16:21.344Z,BRTI,78165.4,78164.62,78165.06580645162,31,Polymarket RTDS,78171.64386668355,78159.17989803682,1.0899999999999999,0.9299999999999999,
2026-05-17T06:16:23.775Z,2026-05-17T06:16:23.284Z,KXBTC15M-26MAY170230-30,BTC price up in next 15 mins?,KXBTC15M-26MAY170230,2026-05-17T06:30:00Z,active,0.68,0.69,0.31,0.32,0.685,0.66,26856.85,18610.72,641.16,353.49,2026-05-17T06:16:23.329Z,btc-updown-15m-1778998500,"Bitcoin Up or Down - May 17, 2:15AM-2:30AM ET",btc-updown-15m-1778998500,2026-05-17T06:30:00Z,,0.61,0.62,0.38,0.39,0.615,0.49,478.101006,,55.0,72.8,2026-05-17T06:16:23.329Z,BRTI,78165.55,78164.62,78165.0809375,32,Polymarket RTDS,78172.90972024792,78159.17989803682,1.08,0.94,
2026-05-17T06:16:25.788Z,2026-05-17T06:16:25.283Z,KXBTC15M-26MAY170230-30,BTC price up in next 15 mins?,KXBTC15M-26MAY170230,2026-05-17T06:30:00Z,active,0.56,0.57,0.43,0.44,0.565,0.66,26856.85,18610.72,120.0,2217.98,2026-05-17T06:16:25.329Z,btc-updown-15m-1778998500,"Bitcoin Up or Down - May 17, 2:15AM-2:30AM ET",btc-updown-15m-1778998500,2026-05-17T06:30:00Z,,0.55,0.56,0.44,0.45,0.555,0.49,478.101006,,18.5,95.99,2026-05-17T06:16:25.329Z,BRTI,78165.24,78164.62,78165.08575757575,33,Polymarket RTDS,78173.1974802354,78159.17989803682,1.02,1.0,
2026-05-17T06:16:27.812Z,2026-05-17T06:16:27.287Z,KXBTC15M-26MAY170230-30,BTC price up in next 15 mins?,KXBTC15M-26MAY170230,2026-05-17T06:30:00Z,active,0.56,0.57,0.43,0.44,0.565,0.66,26856.85,18610.72,101.0,2404.13,2026-05-17T06:16:27.338Z,btc-updown-15m-1778998500,"Bitcoin Up or Down - May 17, 2:15AM-2:30AM ET",btc-updown-15m-1778998500,2026-05-17T06:30:00Z,,0.55,0.56,0.44,0.45,0.555,0.49,478.101006,,5.0,95.25,2026-05-17T06:16:27.339Z,BRTI,78166.07,78164.62,78165.11470588236,34,Polymarket RTDS,78167.78987655691,78159.17989803682,1.02,1.0,
2026-05-17T06:16:29.831Z,2026-05-17T06:16:29.298Z,KXBTC15M-26MAY170230-30,BTC price up in next 15 mins?,KXBTC15M-26MAY170230,2026-05-17T06:30:00Z,active,0.56,0.57,0.43,0.44,0.565,0.66,26856.85,18610.72,60.08,2240.13,2026-05-17T06:16:29.345Z,btc-updown-15m-1778998500,"Bitcoin Up or Down - May 17, 2:15AM-2:30AM ET",btc-updown-15m-1778998500,2026-05-17T06:30:00Z,,0.53,0.54,0.46,0.47,0.535,0.49,478.101006,,10.0,39.72,2026-05-17T06:16:29.345Z,BRTI,78168.32,78164.62,78165.20628571429,35,Polymarket RTDS,78167.09831674125,78159.17989803682,1.04,0.98,
2026-05-17T06:16:31.879Z,2026-05-17T06:16:31.287Z,KXBTC15M-26MAY170230-30,BTC price up in next 15 mins?,KXBTC15M-26MAY170230,2026-05-17T06:30:00Z,active,0.55,0.56,0.44,0.45,0.555,0.66,26856.85,18610.72,308.86,1605.26,2026-05-17T06:16:31.343Z,btc-updown-15m-1778998500,"Bitcoin Up or Down - May 17, 2:15AM-2:30AM ET",btc-updown-15m-1778998500,2026-05-17T06:30:00Z,,0.53,0.54,0.46,0.47,0.535,0.49,478.101006,,5.0,152.66,2026-05-17T06:16:31.343Z,BRTI,78165.4,78164.62,78165.21166666667,36,Polymarket RTDS,78168.02303482113,78159.17989803682,1.03,0.99,
2026-05-17T06:16:33.821Z,2026-05-17T06:16:33.303Z,KXBTC15M-26MAY170230-30,BTC price up in next 15 mins?,KXBTC15M-26MAY170230,2026-05-17T06:30:00Z,active,0.55,0.56,0.44,0.45,0.555,0.66,26856.85,18610.72,106.91,1536.6,2026-05-17T06:16:33.354Z,btc-updown-15m-1778998500,"Bitcoin Up or Down - May 17, 2:15AM-2:30AM ET",btc-updown-15m-1778998500,2026-05-17T06:30:00Z,,0.53,0.54,0.46,0.47,0.535,0.49,478.101006,,35.0,145.7,2026-05-17T06:16:33.354Z,BRTI,78165.24,78164.62,78165.21243243242,37,Polymarket RTDS,78168.1466023183,78159.17989803682,1.03,0.99,
2026-05-17T06:16:35.806Z,2026-05-17T06:16:35.288Z,KXBTC15M-26MAY170230-30,BTC price up in next 15 mins?,KXBTC15M-26MAY170230,2026-05-17T06:30:00Z,active,0.55,0.56,0.44,0.45,0.555,0.66,26856.85,18610.72,524.72,223.56,2026-05-17T06:16:35.345Z,btc-updown-15m-1778998500,"Bitcoin Up or Down - May 17, 2:15AM-2:30AM ET",btc-updown-15m-1778998500,2026-05-17T06:30:00Z,,0.52,0.53,0.47,0.48,0.525,0.49,478.101006,,70.97,94.03,2026-05-17T06:16:35.345Z,BRTI,78165.55,78164.62,78165.22131578947,38,Polymarket RTDS,78168.1467173183,78159.17989803682,1.04,0.98,
2026-05-17T06:16:37.798Z,2026-05-17T06:16:37.277Z,KXBTC15M-26MAY170230-30,BTC price up in next 15 mins?,KXBTC15M-26MAY170230,2026-05-17T06:30:00Z,active,0.54,0.55,0.45,0.46,0.545,0.66,26856.85,18610.72,131.68,25.0,2026-05-17T06:16:37.331Z,btc-updown-15m-1778998500,"Bitcoin Up or Down - May 17, 2:15AM-2:30AM ET",btc-updown-15m-1778998500,2026-05-17T06:30:00Z,,0.52,0.53,0.47,0.48,0.525,0.49,478.101006,,50.97,300.48,2026-05-17T06:16:37.331Z,BRTI,78165.55,78164.62,78165.22974358975,39,Polymarket RTDS,78168.1464423183,78159.17989803682,1.03,0.99,
2026-05-17T06:16:39.791Z,2026-05-17T06:16:39.289Z,KXBTC15M-26MAY170230-30,BTC price up in next 15 mins?,KXBTC15M-26MAY170230,2026-05-17T06:30:00Z,active,0.53,0.55,0.45,0.47,0.54,0.66,26856.85,18610.72,598.4,126.95,2026-05-17T06:16:39.337Z,btc-updown-15m-1778998500,"Bitcoin Up or Down - May 17, 2:15AM-2:30AM ET",btc-updown-15m-1778998500,2026-05-17T06:30:00Z,,0.52,0.53,0.47,0.48,0.525,0.49,478.101006,,64.97,261.37,2026-05-17T06:16:39.337Z,BRTI,78165.24,78164.62,78165.23000000001,40,Polymarket RTDS,78168.1509323183,78159.17989803682,1.03,1.0,
2026-05-17T06:16:41.859Z,2026-05-17T06:16:41.293Z,KXBTC15M-26MAY170230-30,BTC price up in next 15 mins?,KXBTC15M-26MAY170230,2026-05-17T06:30:00Z,active,0.53,0.55,0.45,0.47,0.54,0.66,26856.85,18610.72,1206.27,258.37,2026-05-17T06:16:41.351Z,btc-updown-15m-1778998500,"Bitcoin Up or Down - May 17, 2:15AM-2:30AM ET",btc-updown-15m-1778998500,2026-05-17T06:30:00Z,,0.52,0.53,0.47,0.48,0.525,0.49,478.101006,,62.88,294.92,2026-05-17T06:16:41.351Z,BRTI,78168.66,78164.62,78165.31365853659,41,Polymarket RTDS,78167.45615706612,78159.17989803682,1.03,1.0,
2026-05-17T06:16:43.794Z,2026-05-17T06:16:43.294Z,KXBTC15M-26MAY170230-30,BTC price up in next 15 mins?,KXBTC15M-26MAY170230,2026-05-17T06:30:00Z,active,0.53,0.55,0.45,0.47,0.54,0.66,26856.85,18610.72,473.61,355.23,2026-05-17T06:16:43.340Z,btc-updown-15m-1778998500,"Bitcoin Up or Down - May 17, 2:15AM-2:30AM ET",btc-updown-15m-1778998500,2026-05-17T06:30:00Z,,0.52,0.53,0.47,0.48,0.525,0.49,478.101006,,60.79,273.01,2026-05-17T06:16:43.340Z,BRTI,78168.32,78164.62,78165.38523809524,42,Polymarket RTDS,78167.32129677667,78159.17989803682,1.03,1.0,
2026-05-17T06:16:45.774Z,2026-05-17T06:16:45.285Z,KXBTC15M-26MAY170230-30,BTC price up in next 15 mins?,KXBTC15M-26MAY170230,2026-05-17T06:30:00Z,active,0.53,0.54,0.46,0.47,0.535,0.66,26856.85,18610.72,524.61,205.0,2026-05-17T06:16:45.334Z,btc-updown-15m-1778998500,"Bitcoin Up or Down - May 17, 2:15AM-2:30AM ET",btc-updown-15m-1778998500,2026-05-17T06:30:00Z,,0.5,0.51,0.49,0.5,0.505,0.49,478.101006,,250.78,40.0,2026-05-17T06:16:45.334Z,BRTI,78181.08,78164.62,78165.75023255814,43,Polymarket RTDS,78167.33868951541,78159.17989803682,1.04,0.98,
2026-05-17T06:16:47.786Z,2026-05-17T06:16:47.290Z,KXBTC15M-26MAY170230-30,BTC price up in next 15 mins?,KXBTC15M-26MAY170230,2026-05-17T06:30:00Z,active,0.53,0.54,0.46,0.47,0.535,0.66,26856.85,18610.72,75.0,81.94,2026-05-17T06:16:47.340Z,btc-updown-15m-1778998500,"Bitcoin Up or Down - May 17, 2:15AM-2:30AM ET",btc-updown-15m-1778998500,2026-05-17T06:30:00Z,,0.5,0.51,0.49,0.5,0.505,0.49,478.101006,,313.8,242.75,2026-05-17T06:16:47.340Z,BRTI,78181.08,78164.62,78166.09863636363,44,Polymarket RTDS,78167.33969225407,78159.17989803682,1.04,0.98,
2026-05-17T06:16:49.809Z,2026-05-17T06:16:49.287Z,KXBTC15M-26MAY170230-30,BTC price up in next 15 mins?,KXBTC15M-26MAY170230,2026-05-17T06:30:00Z,active,0.53,0.55,0.45,0.47,0.54,0.66,26856.85,18610.72,35.0,1741.86,2026-05-17T06:16:49.346Z,btc-updown-15m-1778998500,"Bitcoin Up or Down - May 17, 2:15AM-2:30AM ET",btc-updown-15m-1778998500,2026-05-17T06:30:00Z,,0.5,0.51,0.49,0.5,0.505,0.49,478.101006,,308.8,233.72,2026-05-17T06:16:49.346Z,BRTI,78165.81,78164.62,78166.09222222221,45,Polymarket RTDS,78167.33879050946,78159.17989803682,1.05,0.98,
2026-05-17T06:16:51.785Z,2026-05-17T06:16:51.290Z,KXBTC15M-26MAY170230-30,BTC price up in next 15 mins?,KXBTC15M-26MAY170230,2026-05-17T06:30:00Z,active,0.53,0.54,0.46,0.47,0.535,0.53,38862.85,25284.34,658.12,179.0,2026-05-17T06:16:51.338Z,btc-updown-15m-1778998500,"Bitcoin Up or Down - May 17, 2:15AM-2:30AM ET",btc-updown-15m-1778998500,2026-05-17T06:30:00Z,,0.5,0.51,0.49,0.5,0.505,0.49,478.101006,,115.23,74.84,2026-05-17T06:16:51.338Z,BRTI,78168.32,78164.62,78166.14065217391,46,Polymarket RTDS,78166.67337376748,78159.17989803682,1.04,0.98,
2026-05-17T06:16:53.810Z,2026-05-17T06:16:53.300Z,KXBTC15M-26MAY170230-30,BTC price up in next 15 mins?,KXBTC15M-26MAY170230,2026-05-17T06:30:00Z,active,0.54,0.55,0.45,0.46,0.545,0.53,38862.85,25284.34,1454.74,32.0,2026-05-17T06:16:53.350Z,btc-updown-15m-1778998500,"Bitcoin Up or Down - May 17, 2:15AM-2:30AM ET",btc-updown-15m-1778998500,2026-05-17T06:30:00Z,,0.5,0.51,0.49,0.5,0.505,0.49,478.101006,,125.23,64.74,2026-05-17T06:16:53.350Z,BRTI,78181.08,78164.62,78166.45851063829,47,Polymarket RTDS,78165.84816948934,78159.17989803682,1.05,0.97,
2026-05-17T06:16:55.846Z,2026-05-17T06:16:55.297Z,KXBTC15M-26MAY170230-30,BTC price up in next 15 mins?,KXBTC15M-26MAY170230,2026-05-17T06:30:00Z,active,0.54,0.55,0.45,0.46,0.545,0.53,38862.85,25284.34,1077.18,89.0,2026-05-17T06:16:55.344Z,btc-updown-15m-1778998500,"Bitcoin Up or Down - May 17, 2:15AM-2:30AM ET",btc-updown-15m-1778998500,2026-05-17T06:30:00Z,,0.5,0.51,0.49,0.5,0.505,0.49,478.101006,,128.55,39.54,2026-05-17T06:16:55.344Z,BRTI,78165.19,78164.62,78166.43208333333,48,Polymarket RTDS,78165.7722221508,78159.17989803682,1.05,0.97,
2026-05-17T06:16:57.814Z,2026-05-17T06:16:57.295Z,KXBTC15M-26MAY170230-30,BTC price up in next 15 mins?,KXBTC15M-26MAY170230,2026-05-17T06:30:00Z,active,0.54,0.55,0.45,0.46,0.545,0.53,38862.85,25284.34,260.79,266.6,2026-05-17T06:16:57.342Z,btc-updown-15m-1778998500,"Bitcoin Up or Down - May 17, 2:15AM-2:30AM ET",btc-updown-15m-1778998500,2026-05-17T06:30:00Z,,0.5,0.51,0.49,0.5,0.505,0.49,478.101006,,168.55,33.95,2026-05-17T06:16:57.342Z,BRTI,78168.49,78164.62,78166.47408163265,49,Polymarket RTDS,78165.7716771508,78159.17989803682,1.05,0.97,
2026-05-17T06:16:59.880Z,2026-05-17T06:16:59.299Z,KXBTC15M-26MAY170230-30,BTC price up in next 15 mins?,KXBTC15M-26MAY170230,2026-05-17T06:30:00Z,active,0.52,0.53,0.47,0.48,0.525,0.53,38862.85,25284.34,84.0,712.0,2026-05-17T06:16:59.347Z,btc-updown-15m-1778998500,"Bitcoin Up or Down - May 17, 2:15AM-2:30AM ET",btc-updown-15m-1778998500,2026-05-17T06:30:00Z,,0.5,0.51,0.49,0.5,0.505,0.49,478.101006,,155.13,25.51,2026-05-17T06:16:59.347Z,BRTI,78166.07,78164.62,78166.466,50,Polymarket RTDS,78165.7723171508,78159.17989803682,1.03,0.99,
2026-05-17T06:17:01.964Z,2026-05-17T06:17:01.288Z,KXBTC15M-26MAY170230-30,BTC price up in next 15 mins?,KXBTC15M-26MAY170230,2026-05-17T06:30:00Z,active,0.52,0.53,0.47,0.48,0.525,0.53,38862.85,25284.34,200.0,2063.44,2026-05-17T06:17:01.363Z,btc-updown-15m-1778998500,"Bitcoin Up or Down - May 17, 2:15AM-2:30AM ET",btc-updown-15m-1778998500,2026-05-17T06:30:00Z,,0.49,0.51,0.49,0.51,0.5,0.49,478.101006,,12.93,59.74,2026-05-17T06:17:01.363Z,BRTI,78165.55,78164.62,78166.44803921568,51,Polymarket RTDS,78164.80090177614,78159.17989803682,1.04,0.99,
2026-05-17T06:17:03.789Z,2026-05-17T06:17:03.295Z,KXBTC15M-26MAY170230-30,BTC price up in next 15 mins?,KXBTC15M-26MAY170230,2026-05-17T06:30:00Z,active,0.52,0.53,0.47,0.48,0.525,0.53,38862.85,25284.34,251.0,530.88,2026-05-17T06:17:03.344Z,btc-updown-15m-1778998500,"Bitcoin Up or Down - May 17, 2:15AM-2:30AM ET",btc-updown-15m-1778998500,2026-05-17T06:30:00Z,,0.5,0.51,0.49,0.5,0.505,0.49,478.101006,,38.22,20.0,2026-05-17T06:17:03.344Z,BRTI,78166.07,78164.62,78166.44076923077,52,Polymarket RTDS,78164.33184957266,78159.17989803682,1.03,0.99,
2026-05-17T06:17:05.967Z,2026-05-17T06:17:05.297Z,KXBTC15M-26MAY170230-30,BTC price up in next 15 mins?,KXBTC15M-26MAY170230,2026-05-17T06:30:00Z,active,0.52,0.54,0.46,0.48,0.53,0.53,38862.85,25284.34,305.68,279.45,2026-05-17T06:17:05.345Z,btc-updown-15m-1778998500,"Bitcoin Up or Down - May 17, 2:15AM-2:30AM ET",btc-updown-15m-1778998500,2026-05-17T06:30:00Z,,0.5,0.51,0.49,0.5,0.505,0.49,478.101006,,52.8,12.64,2026-05-17T06:17:05.345Z,BRTI,78181.08,78164.62,78166.71698113208,53,Polymarket RTDS,78164.33768457265,78159.17989803682,1.04,0.99,
2026-05-17T06:17:07.850Z,2026-05-17T06:17:07.306Z,KXBTC15M-26MAY170230-30,BTC price up in next 15 mins?,KXBTC15M-26MAY170230,2026-05-17T06:30:00Z,active,0.52,0.53,0.47,0.48,0.525,0.53,38862.85,25284.34,178.8,15.0,2026-05-17T06:17:07.357Z,btc-updown-15m-1778998500,"Bitcoin Up or Down - May 17, 2:15AM-2:30AM ET",btc-updown-15m-1778998500,2026-05-17T06:30:00Z,,0.51,0.52,0.48,0.49,0.515,0.49,478.101006,,32.0,145.46,2026-05-17T06:17:07.357Z,BRTI,78167.25,78164.62,78166.72685185185,54,Polymarket RTDS,78164.47591005039,78159.17989803682,1.02,1.0,
2026-05-17T06:17:09.819Z,2026-05-17T06:17:09.291Z,KXBTC15M-26MAY170230-30,BTC price up in next 15 mins?,KXBTC15M-26MAY170230,2026-05-17T06:30:00Z,active,0.55,0.56,0.44,0.45,0.555,0.53,38862.85,25284.34,536.34,255.86,2026-05-17T06:17:09.346Z,btc-updown-15m-1778998500,"Bitcoin Up or Down - May 17, 2:15AM-2:30AM ET",btc-updown-15m-1778998500,2026-05-17T06:30:00Z,,0.51,0.52,0.48,0.49,0.515,0.49,478.101006,,143.56,75.48,2026-05-17T06:17:09.346Z,BRTI,78165.81,78164.62,78166.7101818182,55,Polymarket RTDS,78164.48555505039,78159.17989803682,1.05,0.97,
2026-05-17T06:17:11.805Z,2026-05-17T06:17:11.285Z,KXBTC15M-26MAY170230-30,BTC price up in next 15 mins?,KXBTC15M-26MAY170230,2026-05-17T06:30:00Z,active,0.55,0.56,0.44,0.45,0.555,0.53,38862.85,25284.34,197.59,22.59,2026-05-17T06:17:11.332Z,btc-updown-15m-1778998500,"Bitcoin Up or Down - May 17, 2:15AM-2:30AM ET",btc-updown-15m-1778998500,2026-05-17T06:30:00Z,,0.51,0.52,0.48,0.49,0.515,0.49,478.101006,,145.56,10.0,2026-05-17T06:17:11.332Z,BRTI,78168.32,78164.62,78166.73892857143,56,Polymarket RTDS,78165.045235,78159.17989803682,1.05,0.97,
2026-05-17T06:17:13.803Z,2026-05-17T06:17:13.291Z,KXBTC15M-26MAY170230-30,BTC price up in next 15 mins?,KXBTC15M-26MAY170230,2026-05-17T06:30:00Z,active,0.55,0.57,0.43,0.45,0.56,0.53,38862.85,25284.34,301.27,163.44,2026-05-17T06:17:13.344Z,btc-updown-15m-1778998500,"Bitcoin Up or Down - May 17, 2:15AM-2:30AM ET",btc-updown-15m-1778998500,2026-05-17T06:30:00Z,,0.52,0.53,0.47,0.48,0.525,0.49,478.101006,,313.65,20.0,2026-05-17T06:17:13.344Z,BRTI,78168.49,78164.62,78166.76964912281,57,Polymarket RTDS,78165.045235,78159.17989803682,1.0499999999999998,0.98,
2026-05-17T06:17:15.809Z,2026-05-17T06:17:15.296Z,KXBTC15M-26MAY170230-30,BTC price up in next 15 mins?,KXBTC15M-26MAY170230,2026-05-17T06:30:00Z,active,0.55,0.56,0.44,0.45,0.555,0.53,38862.85,25284.34,230.66,6.91,2026-05-17T06:17:15.354Z,btc-updown-15m-1778998500,"Bitcoin Up or Down - May 17, 2:15AM-2:30AM ET",btc-updown-15m-1778998500,2026-05-17T06:30:00Z,,0.52,0.53,0.47,0.48,0.525,0.49,478.101006,,158.0,14.9,2026-05-17T06:17:15.354Z,BRTI,78167.25,78164.62,78166.77793103448,58,Polymarket RTDS,78165.952695,78159.17989803682,1.04,0.98,
2026-05-17T06:17:17.787Z,2026-05-17T06:17:17.287Z,KXBTC15M-26MAY170230-30,BTC price up in next 15 mins?,KXBTC15M-26MAY170230,2026-05-17T06:30:00Z,active,0.52,0.53,0.47,0.48,0.525,0.53,38862.85,25284.34,1178.63,38.76,2026-05-17T06:17:17.331Z,btc-updown-15m-1778998500,"Bitcoin Up or Down - May 17, 2:15AM-2:30AM ET",btc-updown-15m-1778998500,2026-05-17T06:30:00Z,,0.53,0.54,0.46,0.47,0.535,0.49,478.101006,,12.0,111.53,2026-05-17T06:17:17.331Z,BRTI,78167.25,78164.62,78166.78593220339,59,Polymarket RTDS,78166.058075,78159.17989803682,1.0,1.02,
2026-05-17T06:17:19.790Z,2026-05-17T06:17:19.296Z,KXBTC15M-26MAY170230-30,BTC price up in next 15 mins?,KXBTC15M-26MAY170230,2026-05-17T06:30:00Z,active,0.52,0.53,0.47,0.48,0.525,0.53,38862.85,25284.34,999.05,62.64,2026-05-17T06:17:19.350Z,btc-updown-15m-1778998500,"Bitcoin Up or Down - May 17, 2:15AM-2:30AM ET",btc-updown-15m-1778998500,2026-05-17T06:30:00Z,,0.53,0.54,0.46,0.47,0.535,0.49,478.101006,,56.92,116.53,2026-05-17T06:17:19.350Z,BRTI,78181.08,78164.62,78167.02416666667,60,Polymarket RTDS,78166.20151,78159.17989803682,1.0,1.02,
2026-05-17T06:17:21.828Z,2026-05-17T06:17:21.298Z,KXBTC15M-26MAY170230-30,BTC price up in next 15 mins?,KXBTC15M-26MAY170230,2026-05-17T06:30:00Z,active,0.52,0.53,0.47,0.48,0.525,0.52,53154.50,33742.06,2630.9,115.87,2026-05-17T06:17:21.350Z,btc-updown-15m-1778998500,"Bitcoin Up or Down - May 17, 2:15AM-2:30AM ET",btc-updown-15m-1778998500,2026-05-17T06:30:00Z,,0.53,0.54,0.46,0.47,0.535,0.49,478.101006,,78.58,72.53,2026-05-17T06:17:21.351Z,BRTI,78168.11,78164.62,78167.072,60,Polymarket RTDS,78166.11536,78159.17989803682,1.0,1.02,
2026-05-17T06:17:23.809Z,2026-05-17T06:17:23.305Z,KXBTC15M-26MAY170230-30,BTC price up in next 15 mins?,KXBTC15M-26MAY170230,2026-05-17T06:30:00Z,active,0.53,0.54,0.46,0.47,0.535,0.52,53154.50,33742.06,816.97,130.4,2026-05-17T06:17:23.350Z,btc-updown-15m-1778998500,"Bitcoin Up or Down - May 17, 2:15AM-2:30AM ET",btc-updown-15m-1778998500,2026-05-17T06:30:00Z,,0.53,0.54,0.46,0.47,0.535,0.49,478.101006,,62.3,88.82,2026-05-17T06:17:23.350Z,BRTI,78168.66,78164.62,78167.13983333333,60,Polymarket RTDS,78166.11073,78159.17989803682,1.01,1.01,
2026-05-17T06:17:25.843Z,2026-05-17T06:17:25.295Z,KXBTC15M-26MAY170230-30,BTC price up in next 15 mins?,KXBTC15M-26MAY170230,2026-05-17T06:30:00Z,active,0.52,0.53,0.47,0.48,0.525,0.52,53154.50,33742.06,724.91,1171.0,2026-05-17T06:17:25.343Z,btc-updown-15m-1778998500,"Bitcoin Up or Down - May 17, 2:15AM-2:30AM ET",btc-updown-15m-1778998500,2026-05-17T06:30:00Z,,0.52,0.53,0.47,0.48,0.525,0.49,478.101006,,55.63,55.35,2026-05-17T06:17:25.343Z,BRTI,78168.32,78164.62,78167.202,60,Polymarket RTDS,78166.11752,78159.17989803682,1.01,1.01,
2026-05-17T06:17:27.788Z,2026-05-17T06:17:27.284Z,KXBTC15M-26MAY170230-30,BTC price up in next 15 mins?,KXBTC15M-26MAY170230,2026-05-17T06:30:00Z,active,0.51,0.52,0.48,0.49,0.515,0.52,53154.50,33742.06,889.44,222.0,2026-05-17T06:17:27.332Z,btc-updown-15m-1778998500,"Bitcoin Up or Down - May 17, 2:15AM-2:30AM ET",btc-updown-15m-1778998500,2026-05-17T06:30:00Z,,0.52,0.53,0.47,0.48,0.525,0.49,478.101006,,60.63,155.35,2026-05-17T06:17:27.332Z,BRTI,78168.32,78164.62,78167.25333333334,60,Polymarket RTDS,78166.08772,78159.17989803682,1.0,1.02,
2026-05-17T06:17:29.810Z,2026-05-17T06:17:29.298Z,KXBTC15M-26MAY170230-30,BTC price up in next 15 mins?,KXBTC15M-26MAY170230,2026-05-17T06:30:00Z,active,0.51,0.52,0.48,0.49,0.515,0.52,53154.50,33742.06,954.44,175.0,2026-05-17T06:17:29.341Z,btc-updown-15m-1778998500,"Bitcoin Up or Down - May 17, 2:15AM-2:30AM ET",btc-updown-15m-1778998500,2026-05-17T06:30:00Z,,0.52,0.53,0.47,0.48,0.525,0.49,478.101006,,50.0,187.35,2026-05-17T06:17:29.341Z,BRTI,78181.08,78164.62,78167.52816666667,60,Polymarket RTDS,78165.52709805826,78159.17989803682,1.0,1.02,
2026-05-17T06:17:31.772Z,2026-05-17T06:17:31.286Z,KXBTC15M-26MAY170230-30,BTC price up in next 15 mins?,KXBTC15M-26MAY170230,2026-05-17T06:30:00Z,active,0.52,0.53,0.47,0.48,0.525,0.52,53154.50,33742.06,47.72,249.26,2026-05-17T06:17:31.332Z,btc-updown-15m-1778998500,"Bitcoin Up or Down - May 17, 2:15AM-2:30AM ET",btc-updown-15m-1778998500,2026-05-17T06:30:00Z,,0.52,0.53,0.47,0.48,0.525,0.49,478.101006,,50.0,288.28,2026-05-17T06:17:31.332Z,BRTI,78166.07,78164.62,78167.53933333333,60,Polymarket RTDS,78165.42068717358,78159.17989803682,1.01,1.01,
2026-05-17T06:17:33.802Z,2026-05-17T06:17:33.296Z,KXBTC15M-26MAY170230-30,BTC price up in next 15 mins?,KXBTC15M-26MAY170230,2026-05-17T06:30:00Z,active,0.52,0.53,0.47,0.48,0.525,0.52,53154.50,33742.06,44.75,219.09,2026-05-17T06:17:33.338Z,btc-updown-15m-1778998500,"Bitcoin Up or Down - May 17, 2:15AM-2:30AM ET",btc-updown-15m-1778998500,2026-05-17T06:30:00Z,,0.52,0.53,0.47,0.48,0.525,0.49,478.101006,,50.0,303.84,2026-05-17T06:17:33.338Z,BRTI,78170.97,78164.62,78167.64566666666,60,Polymarket RTDS,78164.96553,78159.17989803682,1.01,1.01,
2026-05-17T06:17:35.802Z,2026-05-17T06:17:35.299Z,KXBTC15M-26MAY170230-30,BTC price up in next 15 mins?,KXBTC15M-26MAY170230,2026-05-17T06:30:00Z,active,0.52,0.53,0.47,0.48,0.525,0.52,53154.50,33742.06,28.04,165.28,2026-05-17T06:17:35.346Z,btc-updown-15m-1778998500,"Bitcoin Up or Down - May 17, 2:15AM-2:30AM ET",btc-updown-15m-1778998500,2026-05-17T06:30:00Z,,0.52,0.53,0.47,0.48,0.525,0.49,478.101006,,55.0,288.84,2026-05-17T06:17:35.346Z,BRTI,78181.08,78164.62,78167.86483333334,60,Polymarket RTDS,78164.96418,78159.17989803682,1.01,1.01,
2026-05-17T06:17:37.801Z,2026-05-17T06:17:37.296Z,KXBTC15M-26MAY170230-30,BTC price up in next 15 mins?,KXBTC15M-26MAY170230,2026-05-17T06:30:00Z,active,0.52,0.53,0.47,0.48,0.525,0.52,53154.50,33742.06,8.34,107.21,2026-05-17T06:17:37.364Z,btc-updown-15m-1778998500,"Bitcoin Up or Down - May 17, 2:15AM-2:30AM ET",btc-updown-15m-1778998500,2026-05-17T06:30:00Z,,0.52,0.53,0.47,0.48,0.525,0.49,478.101006,,55.0,305.48,2026-05-17T06:17:37.364Z,BRTI,78181.08,78164.62,78168.13966666667,60,Polymarket RTDS,78164.97331,78159.17989803682,1.01,1.01,
2026-05-17T06:17:39.791Z,2026-05-17T06:17:39.286Z,KXBTC15M-26MAY170230-30,BTC price up in next 15 mins?,KXBTC15M-26MAY170230,2026-05-17T06:30:00Z,active,0.52,0.54,0.46,0.48,0.53,0.52,53154.50,33742.06,132.03,1784.05,2026-05-17T06:17:39.328Z,btc-updown-15m-1778998500,"Bitcoin Up or Down - May 17, 2:15AM-2:30AM ET",btc-updown-15m-1778998500,2026-05-17T06:30:00Z,,0.52,0.53,0.47,0.48,0.525,0.49,478.101006,,55.0,305.12,2026-05-17T06:17:39.328Z,BRTI,78168.49,78164.62,78168.20466666667,60,Polymarket RTDS,78164.972735,78159.17989803682,1.02,1.01,
2026-05-17T06:17:41.760Z,2026-05-17T06:17:41.290Z,KXBTC15M-26MAY170230-30,BTC price up in next 15 mins?,KXBTC15M-26MAY170230,2026-05-17T06:30:00Z,active,0.4,0.41,0.59,0.6,0.405,0.52,53154.50,33742.06,395.91,3247.0,2026-05-17T06:17:41.338Z,btc-updown-15m-1778998500,"Bitcoin Up or Down - May 17, 2:15AM-2:30AM ET",btc-updown-15m-1778998500,2026-05-17T06:30:00Z,,0.52,0.53,0.47,0.48,0.525,0.49,478.101006,,2.89,347.93,2026-05-17T06:17:41.338Z,BRTI,78181.08,78164.62,78168.46949999999,60,Polymarket RTDS,78164.995515,78159.17989803682,0.8899999999999999,1.13,
2026-05-17T06:17:43.793Z,2026-05-17T06:17:43.293Z,KXBTC15M-26MAY170230-30,BTC price up in next 15 mins?,KXBTC15M-26MAY170230,2026-05-17T06:30:00Z,active,0.4,0.41,0.59,0.6,0.405,0.52,53154.50,33742.06,354.64,637.17,2026-05-17T06:17:43.337Z,btc-updown-15m-1778998500,"Bitcoin Up or Down - May 17, 2:15AM-2:30AM ET",btc-updown-15m-1778998500,2026-05-17T06:30:00Z,,0.44,0.5,0.5,0.57,0.47,0.49,478.101006,,100.0,1439.3,2026-05-17T06:17:43.337Z,BRTI,78168.32,78164.62,78168.52083333333,60,Polymarket RTDS,78155.17772681829,78159.17989803682,0.98,1.1,
2026-05-17T06:17:45.887Z,2026-05-17T06:17:45.305Z,KXBTC15M-26MAY170230-30,BTC price up in next 15 mins?,KXBTC15M-26MAY170230,2026-05-17T06:30:00Z,active,0.4,0.41,0.59,0.6,0.405,0.52,53154.50,33742.06,655.85,44.37,2026-05-17T06:17:45.374Z,btc-updown-15m-1778998500,"Bitcoin Up or Down - May 17, 2:15AM-2:30AM ET",btc-updown-15m-1778998500,2026-05-17T06:30:00Z,,0.41,0.42,0.58,0.59,0.415,0.49,478.101006,,12.0,24.0,2026-05-17T06:17:45.374Z,BRTI,78168.49,78164.62,78168.575,60,Polymarket RTDS,78155.71468043044,78159.17989803682,1.0,1.02,
2026-05-17T06:17:47.794Z,2026-05-17T06:17:47.292Z,KXBTC15M-26MAY170230-30,BTC price up in next 15 mins?,KXBTC15M-26MAY170230,2026-05-17T06:30:00Z,active,0.41,0.42,0.58,0.59,0.415,0.52,53154.50,33742.06,270.63,652.27,2026-05-17T06:17:47.347Z,btc-updown-15m-1778998500,"Bitcoin Up or Down - May 17, 2:15AM-2:30AM ET",btc-updown-15m-1778998500,2026-05-17T06:30:00Z,,0.44,0.45,0.55,0.56,0.445,0.49,478.101006,,13.49,145.13,2026-05-17T06:17:47.347Z,BRTI,78167.25,78164.62,78168.599,60,Polymarket RTDS,78155.71953339482,78159.17989803682,0.98,1.04,
2026-05-17T06:17:49.814Z,2026-05-17T06:17:49.282Z,KXBTC15M-26MAY170230-30,BTC price up in next 15 mins?,KXBTC15M-26MAY170230,2026-05-17T06:30:00Z,active,0.42,0.43,0.57,0.58,0.425,0.52,53154.50,33742.06,8.0,2244.01,2026-05-17T06:17:49.328Z,btc-updown-15m-1778998500,"Bitcoin Up or Down - May 17, 2:15AM-2:30AM ET",btc-updown-15m-1778998500,2026-05-17T06:30:00Z,,0.41,0.42,0.58,0.59,0.415,0.49,478.101006,,60.0,12.0,2026-05-17T06:17:49.328Z,BRTI,78168.66,78164.62,78168.64216666667,60,Polymarket RTDS,78155.71895296068,78159.17989803682,1.02,1.0,
2026-05-17T06:17:51.856Z,2026-05-17T06:17:51.299Z,KXBTC15M-26MAY170230-30,BTC price up in next 15 mins?,KXBTC15M-26MAY170230,2026-05-17T06:30:00Z,active,0.42,0.43,0.57,0.58,0.425,0.42,62614.19,38584.95,123.84,1730.84,2026-05-17T06:17:51.348Z,btc-updown-15m-1778998500,"Bitcoin Up or Down - May 17, 2:15AM-2:30AM ET",btc-updown-15m-1778998500,2026-05-17T06:30:00Z,,0.42,0.43,0.57,0.58,0.425,0.49,478.101006,,30.0,30.0,2026-05-17T06:17:51.348Z,BRTI,78170.97,78164.62,78168.73766666667,60,Polymarket RTDS,78155.33838275792,78159.17989803682,1.01,1.01,
2026-05-17T06:17:53.851Z,2026-05-17T06:17:53.300Z,KXBTC15M-26MAY170230-30,BTC price up in next 15 mins?,KXBTC15M-26MAY170230,2026-05-17T06:30:00Z,active,0.41,0.42,0.58,0.59,0.415,0.42,62614.19,38584.95,263.17,53.18,2026-05-17T06:17:53.351Z,btc-updown-15m-1778998500,"Bitcoin Up or Down - May 17, 2:15AM-2:30AM ET",btc-updown-15m-1778998500,2026-05-17T06:30:00Z,,0.44,0.45,0.55,0.56,0.445,0.49,478.101006,,25.0,98.63,2026-05-17T06:17:53.351Z,BRTI,78168.11,78164.62,78168.77166666667,60,Polymarket RTDS,78155.3270364973,78159.17989803682,0.98,1.04,
2026-05-17T06:17:55.809Z,2026-05-17T06:17:55.303Z,KXBTC15M-26MAY170230-30,BTC price up in next 15 mins?,KXBTC15M-26MAY170230,2026-05-17T06:30:00Z,active,0.41,0.42,0.58,0.59,0.415,0.42,62614.19,38584.95,169.53,96.27,2026-05-17T06:17:55.347Z,btc-updown-15m-1778998500,"Bitcoin Up or Down - May 17, 2:15AM-2:30AM ET",btc-updown-15m-1778998500,2026-05-17T06:30:00Z,,0.43,0.44,0.56,0.57,0.435,0.49,478.101006,,42.89,33.4,2026-05-17T06:17:55.347Z,BRTI,78168.49,78164.62,78168.82316666668,60,Polymarket RTDS,78155.36982733475,78159.17989803682,0.99,1.03,
2026-05-17T06:17:57.833Z,2026-05-17T06:17:57.303Z,KXBTC15M-26MAY170230-30,BTC price up in next 15 mins?,KXBTC15M-26MAY170230,2026-05-17T06:30:00Z,active,0.41,0.42,0.58,0.59,0.415,0.42,62614.19,38584.95,86.11,125.0,2026-05-17T06:17:57.348Z,btc-updown-15m-1778998500,"Bitcoin Up or Down - May 17, 2:15AM-2:30AM ET",btc-updown-15m-1778998500,2026-05-17T06:30:00Z,,0.43,0.44,0.56,0.57,0.435,0.49,478.101006,,41.13,52.41,2026-05-17T06:17:57.348Z,BRTI,78181.08,78164.62,78169.08716666668,60,Polymarket RTDS,78155.29961130448,78159.17989803682,0.99,1.03,
2026-05-17T06:17:59.827Z,2026-05-17T06:17:59.294Z,KXBTC15M-26MAY170230-30,BTC price up in next 15 mins?,KXBTC15M-26MAY170230,2026-05-17T06:30:00Z,active,0.41,0.42,0.58,0.59,0.415,0.42,62614.19,38584.95,137.0,67.2,2026-05-17T06:17:59.347Z,btc-updown-15m-1778998500,"Bitcoin Up or Down - May 17, 2:15AM-2:30AM ET",btc-updown-15m-1778998500,2026-05-17T06:30:00Z,,0.44,0.45,0.55,0.56,0.445,0.49,478.101006,,39.79,19.63,2026-05-17T06:17:59.347Z,BRTI,78181.08,78164.62,78169.35866666668,60,Polymarket RTDS,78155.99054726286,78159.17989803682,0.98,1.04,
2026-05-17T06:18:02.196Z,2026-05-17T06:18:01.302Z,KXBTC15M-26MAY170230-30,BTC price up in next 15 mins?,KXBTC15M-26MAY170230,2026-05-17T06:30:00Z,active,0.4,0.42,0.58,0.6,0.41000000000000003,0.42,62614.19,38584.95,130.59,31.27,2026-05-17T06:18:01.377Z,btc-updown-15m-1778998500,"Bitcoin Up or Down - May 17, 2:15AM-2:30AM ET",btc-updown-15m-1778998500,2026-05-17T06:30:00Z,,0.43,0.44,0.56,0.57,0.435,0.49,478.101006,,47.43,17.49,2026-05-17T06:18:01.378Z,BRTI,78170.97,78164.62,78169.44466666666,60,Polymarket RTDS,78155.08076619575,78159.17989803682,0.99,1.04,
2026-05-17T06:18:03.818Z,2026-05-17T06:18:03.301Z,KXBTC15M-26MAY170230-30,BTC price up in next 15 mins?,KXBTC15M-26MAY170230,2026-05-17T06:30:00Z,active,0.41,0.42,0.58,0.59,0.415,0.42,62614.19,38584.95,19.92,124.07,2026-05-17T06:18:03.359Z,btc-updown-15m-1778998500,"Bitcoin Up or Down - May 17, 2:15AM-2:30AM ET",btc-updown-15m-1778998500,2026-05-17T06:30:00Z,,0.43,0.44,0.56,0.57,0.435,0.49,478.101006,,30.01,26.36,2026-05-17T06:18:03.360Z,BRTI,78170.97,78164.62,78169.535,60,Polymarket RTDS,78155.10198172016,78159.17989803682,0.99,1.03,
2026-05-17T06:18:05.886Z,2026-05-17T06:18:05.311Z,KXBTC15M-26MAY170230-30,BTC price up in next 15 mins?,KXBTC15M-26MAY170230,2026-05-17T06:30:00Z,active,0.42,0.43,0.57,0.58,0.425,0.42,62614.19,38584.95,80.0,819.75,2026-05-17T06:18:05.379Z,btc-updown-15m-1778998500,"Bitcoin Up or Down - May 17, 2:15AM-2:30AM ET",btc-updown-15m-1778998500,2026-05-17T06:30:00Z,,0.43,0.44,0.56,0.57,0.435,0.49,478.101006,,30.01,41.36,2026-05-17T06:18:05.379Z,BRTI,78168.32,78164.62,78169.58116666667,60,Polymarket RTDS,78154.3009120455,78159.17989803682,1.0,1.02,
2026-05-17T06:18:07.783Z,2026-05-17T06:18:07.300Z,KXBTC15M-26MAY170230-30,BTC price up in next 15 mins?,KXBTC15M-26MAY170230,2026-05-17T06:30:00Z,active,0.42,0.43,0.57,0.58,0.425,0.42,62614.19,38584.95,1704.32,37.27,2026-05-17T06:18:07.347Z,btc-updown-15m-1778998500,"Bitcoin Up or Down - May 17, 2:15AM-2:30AM ET",btc-updown-15m-1778998500,2026-05-17T06:30:00Z,,0.43,0.44,0.56,0.57,0.435,0.49,478.101006,,94.14,41.36,2026-05-17T06:18:07.347Z,BRTI,78168.49,78164.62,78169.63616666666,60,Polymarket RTDS,78154.3733224682,78159.17989803682,1.0,1.02,
2026-05-17T06:18:09.833Z,2026-05-17T06:18:09.297Z,KXBTC15M-26MAY170230-30,BTC price up in next 15 mins?,KXBTC15M-26MAY170230,2026-05-17T06:30:00Z,active,0.44,0.45,0.55,0.56,0.445,0.42,62614.19,38584.95,10.0,288.68,2026-05-17T06:18:09.347Z,btc-updown-15m-1778998500,"Bitcoin Up or Down - May 17, 2:15AM-2:30AM ET",btc-updown-15m-1778998500,2026-05-17T06:30:00Z,,0.43,0.44,0.56,0.57,0.435,0.49,478.101006,,111.05,41.36,2026-05-17T06:18:09.347Z,BRTI,78157.99,78164.62,78169.51266666666,60,Polymarket RTDS,78154.36553276234,78159.17989803682,1.02,1.0,
2026-05-17T06:18:11.790Z,2026-05-17T06:18:11.304Z,KXBTC15M-26MAY170230-30,BTC price up in next 15 mins?,KXBTC15M-26MAY170230,2026-05-17T06:30:00Z,active,0.44,0.45,0.55,0.56,0.445,0.42,62614.19,38584.95,117.0,259.37,2026-05-17T06:18:11.367Z,btc-updown-15m-1778998500,"Bitcoin Up or Down - May 17, 2:15AM-2:30AM ET",btc-updown-15m-1778998500,2026-05-17T06:30:00Z,,0.43,0.44,0.56,0.57,0.435,0.49,478.101006,,126.05,5.0,2026-05-17T06:18:11.367Z,BRTI,78168.66,78164.62,78169.56966666666,60,Polymarket RTDS,78155.21755419343,78159.17989803682,1.02,1.0,
2026-05-17T06:18:13.800Z,2026-05-17T06:18:13.293Z,KXBTC15M-26MAY170230-30,BTC price up in next 15 mins?,KXBTC15M-26MAY170230,2026-05-17T06:30:00Z,active,0.43,0.44,0.56,0.57,0.435,0.42,62614.19,38584.95,33.24,221.97,2026-05-17T06:18:13.344Z,btc-updown-15m-1778998500,"Bitcoin Up or Down - May 17, 2:15AM-2:30AM ET",btc-updown-15m-1778998500,2026-05-17T06:30:00Z,,0.43,0.44,0.56,0.57,0.435,0.49,478.101006,,87.1,26.36,2026-05-17T06:18:13.344Z,BRTI,78170.97,78164.62,78169.67266666667,60,Polymarket RTDS,78155.29318510405,78159.17989803682,1.01,1.01,
2026-05-17T06:18:15.824Z,2026-05-17T06:18:15.295Z,KXBTC15M-26MAY170230-30,BTC price up in next 15 mins?,KXBTC15M-26MAY170230,2026-05-17T06:30:00Z,active,0.43,0.44,0.56,0.57,0.435,0.42,62614.19,38584.95,30.08,1900.71,2026-05-17T06:18:15.354Z,btc-updown-15m-1778998500,"Bitcoin Up or Down - May 17, 2:15AM-2:30AM ET",btc-updown-15m-1778998500,2026-05-17T06:30:00Z,,0.43,0.44,0.56,0.57,0.435,0.49,478.101006,,40.75,51.36,2026-05-17T06:18:15.354Z,BRTI,78168.63,78164.62,78169.724,60,Polymarket RTDS,78154.16864530895,78159.17989803682,1.01,1.01,
2026-05-17T06:18:17.809Z,2026-05-17T06:18:17.294Z,KXBTC15M-26MAY170230-30,BTC price up in next 15 mins?,KXBTC15M-26MAY170230,2026-05-17T06:30:00Z,active,0.41,0.42,0.58,0.59,0.415,0.42,62614.19,38584.95,93.23,524.52,2026-05-17T06:18:17.344Z,btc-updown-15m-1778998500,"Bitcoin Up or Down - May 17, 2:15AM-2:30AM ET",btc-updown-15m-1778998500,2026-05-17T06:30:00Z,,0.41,0.42,0.58,0.59,0.415,0.49,478.101006,,84.25,268.0,2026-05-17T06:18:17.345Z,BRTI,78167.25,78164.62,78169.75483333334,60,Polymarket RTDS,78154.18520355383,78159.17989803682,1.01,1.01,
2026-05-17T06:18:19.784Z,2026-05-17T06:18:19.296Z,KXBTC15M-26MAY170230-30,BTC price up in next 15 mins?,KXBTC15M-26MAY170230,2026-05-17T06:30:00Z,active,0.4,0.41,0.59,0.6,0.405,0.42,62614.19,38584.95,5.97,821.6,2026-05-17T06:18:19.343Z,btc-updown-15m-1778998500,"Bitcoin Up or Down - May 17, 2:15AM-2:30AM ET",btc-updown-15m-1778998500,2026-05-17T06:30:00Z,,0.41,0.42,0.58,0.59,0.415,0.49,478.101006,,35.05,315.0,2026-05-17T06:18:19.343Z,BRTI,78167.25,78164.62,78169.917,60,Polymarket RTDS,78153.03730696368,78159.17989803682,1.0,1.02,
2026-05-17T06:18:21.787Z,2026-05-17T06:18:21.309Z,KXBTC15M-26MAY170230-30,BTC price up in next 15 mins?,KXBTC15M-26MAY170230,2026-05-17T06:30:00Z,active,0.4,0.41,0.59,0.6,0.405,0.4,71017.31,41458.59,5.0,735.98,2026-05-17T06:18:21.358Z,btc-updown-15m-1778998500,"Bitcoin Up or Down - May 17, 2:15AM-2:30AM ET",btc-updown-15m-1778998500,2026-05-17T06:30:00Z,,0.41,0.42,0.58,0.59,0.415,0.49,478.101006,,28.04,315.0,2026-05-17T06:18:21.358Z,BRTI,78168.32,78164.62,78169.96566666667,60,Polymarket RTDS,78152.334815,78159.17989803682,1.0,1.02,
2026-05-17T06:18:23.776Z,2026-05-17T06:18:23.299Z,KXBTC15M-26MAY170230-30,BTC price up in next 15 mins?,KXBTC15M-26MAY170230,2026-05-17T06:30:00Z,active,0.4,0.41,0.59,0.6,0.405,0.4,71017.31,41458.59,73.73,747.98,2026-05-17T06:18:23.342Z,btc-updown-15m-1778998500,"Bitcoin Up or Down - May 17, 2:15AM-2:30AM ET",btc-updown-15m-1778998500,2026-05-17T06:30:00Z,,0.4,0.41,0.59,0.6,0.405,0.49,478.101006,,127.94,274.1,2026-05-17T06:18:23.342Z,BRTI,78168.11,78164.62,78170.00833333333,60,Polymarket RTDS,78152.30362146777,78159.17989803682,1.01,1.01,
2026-05-17T06:18:25.852Z,2026-05-17T06:18:25.300Z,KXBTC15M-26MAY170230-30,BTC price up in next 15 mins?,KXBTC15M-26MAY170230,2026-05-17T06:30:00Z,active,0.39,0.4,0.6,0.61,0.395,0.4,71017.31,41458.59,120.17,659.29,2026-05-17T06:18:25.345Z,btc-updown-15m-1778998500,"Bitcoin Up or Down - May 17, 2:15AM-2:30AM ET",btc-updown-15m-1778998500,2026-05-17T06:30:00Z,,0.4,0.41,0.59,0.6,0.405,0.49,478.101006,,117.85,269.22,2026-05-17T06:18:25.345Z,BRTI,78168.32,78164.62,78170.05966666667,60,Polymarket RTDS,78152.30605007907,78159.17989803682,1.0,1.02,
2026-05-17T06:18:27.851Z,2026-05-17T06:18:27.301Z,KXBTC15M-26MAY170230-30,BTC price up in next 15 mins?,KXBTC15M-26MAY170230,2026-05-17T06:30:00Z,active,0.39,0.4,0.6,0.61,0.395,0.4,71017.31,41458.59,190.46,391.7,2026-05-17T06:18:27.346Z,btc-updown-15m-1778998500,"Bitcoin Up or Down - May 17, 2:15AM-2:30AM ET",btc-updown-15m-1778998500,2026-05-17T06:30:00Z,,0.4,0.41,0.59,0.6,0.405,0.49,478.101006,,89.61,261.78,2026-05-17T06:18:27.346Z,BRTI,78168.49,78164.62,78170.1,60,Polymarket RTDS,78153.44422165811,78159.17989803682,1.0,1.02,
2026-05-17T06:18:29.812Z,2026-05-17T06:18:29.295Z,KXBTC15M-26MAY170230-30,BTC price up in next 15 mins?,KXBTC15M-26MAY170230,2026-05-17T06:30:00Z,active,0.39,0.4,0.6,0.61,0.395,0.4,71017.31,41458.59,205.07,199.73,2026-05-17T06:18:29.349Z,btc-updown-15m-1778998500,"Bitcoin Up or Down - May 17, 2:15AM-2:30AM ET",btc-updown-15m-1778998500,2026-05-17T06:30:00Z,,0.4,0.41,0.59,0.6,0.405,0.49,478.101006,,29.61,266.78,2026-05-17T06:18:29.349Z,BRTI,78155.69,78164.62,78169.8895,60,Polymarket RTDS,78153.41482582905,78159.17989803682,1.0,1.02,
2026-05-17T06:18:31.771Z,2026-05-17T06:18:31.302Z,KXBTC15M-26MAY170230-30,BTC price up in next 15 mins?,KXBTC15M-26MAY170230,2026-05-17T06:30:00Z,active,0.39,0.4,0.6,0.61,0.395,0.4,71017.31,41458.59,125.13,176.31,2026-05-17T06:18:31.351Z,btc-updown-15m-1778998500,"Bitcoin Up or Down - May 17, 2:15AM-2:30AM ET",btc-updown-15m-1778998500,2026-05-17T06:30:00Z,,0.4,0.41,0.59,0.6,0.405,0.49,478.101006,,25.64,279.58,2026-05-17T06:18:31.351Z,BRTI,78167.25,78164.62,78169.92033333333,60,Polymarket RTDS,78153.35349,78159.17989803682,1.0,1.02,
2026-05-17T06:18:33.833Z,2026-05-17T06:18:33.311Z,KXBTC15M-26MAY170230-30,BTC price up in next 15 mins?,KXBTC15M-26MAY170230,2026-05-17T06:30:00Z,active,0.39,0.4,0.6,0.61,0.395,0.4,71017.31,41458.59,5.81,172.32,2026-05-17T06:18:33.357Z,btc-updown-15m-1778998500,"Bitcoin Up or Down - May 17, 2:15AM-2:30AM ET",btc-updown-15m-1778998500,2026-05-17T06:30:00Z,,0.39,0.4,0.6,0.61,0.395,0.49,478.101006,,158.89,273.07,2026-05-17T06:18:33.357Z,BRTI,78168.63,78164.62,78169.97683333333,60,Polymarket RTDS,78152.61454367646,78159.17989803682,1.01,1.01,
2026-05-17T06:18:35.812Z,2026-05-17T06:18:35.300Z,KXBTC15M-26MAY170230-30,BTC price up in next 15 mins?,KXBTC15M-26MAY170230,2026-05-17T06:30:00Z,active,0.38,0.39,0.61,0.62,0.385,0.4,71017.31,41458.59,293.59,6.81,2026-05-17T06:18:35.346Z,btc-updown-15m-1778998500,"Bitcoin Up or Down - May 17, 2:15AM-2:30AM ET",btc-updown-15m-1778998500,2026-05-17T06:30:00Z,,0.39,0.4,0.6,0.61,0.395,0.49,478.101006,,141.11,270.53,2026-05-17T06:18:35.346Z,BRTI,78155.69,78164.62,78169.8125,60,Polymarket RTDS,78152.6143689183,78159.17989803682,1.0,1.02,
2026-05-17T06:18:37.781Z,2026-05-17T06:18:37.295Z,KXBTC15M-26MAY170230-30,BTC price up in next 15 mins?,KXBTC15M-26MAY170230,2026-05-17T06:30:00Z,active,0.39,0.4,0.6,0.61,0.395,0.4,71017.31,41458.59,125.63,594.45,2026-05-17T06:18:37.342Z,btc-updown-15m-1778998500,"Bitcoin Up or Down - May 17, 2:15AM-2:30AM ET",btc-updown-15m-1778998500,2026-05-17T06:30:00Z,,0.39,0.4,0.6,0.61,0.395,0.49,478.101006,,141.11,270.53,2026-05-17T06:18:37.342Z,BRTI,78168.63,78164.62,78169.86383333334,60,Polymarket RTDS,78152.61633527822,78159.17989803682,1.01,1.01,
2026-05-17T06:18:39.844Z,2026-05-17T06:18:39.294Z,KXBTC15M-26MAY170230-30,BTC price up in next 15 mins?,KXBTC15M-26MAY170230,2026-05-17T06:30:00Z,active,0.39,0.4,0.6,0.61,0.395,0.4,71017.31,41458.59,12.81,429.74,2026-05-17T06:18:39.342Z,btc-updown-15m-1778998500,"Bitcoin Up or Down - May 17, 2:15AM-2:30AM ET",btc-updown-15m-1778998500,2026-05-17T06:30:00Z,,0.39,0.4,0.6,0.61,0.395,0.49,478.101006,,146.11,258.03,2026-05-17T06:18:39.342Z,BRTI,78168.49,78164.62,78169.918,60,Polymarket RTDS,78152.61733498059,78159.17989803682,1.01,1.01,
2026-05-17T06:18:41.793Z,2026-05-17T06:18:41.295Z,KXBTC15M-26MAY170230-30,BTC price up in next 15 mins?,KXBTC15M-26MAY170230,2026-05-17T06:30:00Z,active,0.38,0.4,0.6,0.62,0.39,0.4,71017.31,41458.59,275.1,8.15,2026-05-17T06:18:41.344Z,btc-updown-15m-1778998500,"Bitcoin Up or Down - May 17, 2:15AM-2:30AM ET",btc-updown-15m-1778998500,2026-05-17T06:30:00Z,,0.39,0.4,0.6,0.61,0.395,0.49,478.101006,,127.57,77.77,2026-05-17T06:18:41.344Z,BRTI,78155.04,78164.62,78169.691,60,Polymarket RTDS,78152.61845867256,78159.17989803682,1.01,1.02,
2026-05-17T06:18:43.767Z,2026-05-17T06:18:43.298Z,KXBTC15M-26MAY170230-30,BTC price up in next 15 mins?,KXBTC15M-26MAY170230,2026-05-17T06:30:00Z,active,0.38,0.39,0.61,0.62,0.385,0.4,71017.31,41458.59,179.36,75.0,2026-05-17T06:18:43.347Z,btc-updown-15m-1778998500,"Bitcoin Up or Down - May 17, 2:15AM-2:30AM ET",btc-updown-15m-1778998500,2026-05-17T06:30:00Z,,0.39,0.45,0.55,0.61,0.42000000000000004,0.49,478.101006,,122.48,157.06,2026-05-17T06:18:43.347Z,BRTI,78155.76,78164.62,78169.48166666667,60,Polymarket RTDS,78152.09407906441,78159.17989803682,1.0,1.07,
2026-05-17T06:18:45.843Z,2026-05-17T06:18:45.312Z,KXBTC15M-26MAY170230-30,BTC price up in next 15 mins?,KXBTC15M-26MAY170230,2026-05-17T06:30:00Z,active,0.38,0.39,0.61,0.62,0.385,0.4,71017.31,41458.59,268.36,295.4,2026-05-17T06:18:45.369Z,btc-updown-15m-1778998500,"Bitcoin Up or Down - May 17, 2:15AM-2:30AM ET",btc-updown-15m-1778998500,2026-05-17T06:30:00Z,,0.41,0.42,0.58,0.59,0.415,0.49,478.101006,,69.11,51.41,2026-05-17T06:18:45.369Z,BRTI,78168.49,78164.62,78169.27183333335,60,Polymarket RTDS,78151.3129216477,78159.17989803682,0.98,1.04,
2026-05-17T06:18:47.800Z,2026-05-17T06:18:47.299Z,KXBTC15M-26MAY170230-30,BTC price up in next 15 mins?,KXBTC15M-26MAY170230,2026-05-17T06:30:00Z,active,0.38,0.39,0.61,0.62,0.385,0.4,71017.31,41458.59,16.25,315.54,2026-05-17T06:18:47.349Z,btc-updown-15m-1778998500,"Bitcoin Up or Down - May 17, 2:15AM-2:30AM ET",btc-updown-15m-1778998500,2026-05-17T06:30:00Z,,0.41,0.42,0.58,0.59,0.415,0.49,478.101006,,69.86,49.94,2026-05-17T06:18:47.349Z,BRTI,78168.11,78164.62,78169.05566666667,60,Polymarket RTDS,78151.29516542262,78159.17989803682,0.98,1.04,
2026-05-17T06:18:49.833Z,2026-05-17T06:18:49.298Z,KXBTC15M-26MAY170230-30,BTC price up in next 15 mins?,KXBTC15M-26MAY170230,2026-05-17T06:30:00Z,active,0.37,0.38,0.62,0.63,0.375,0.4,71017.31,41458.59,13.12,920.17,2026-05-17T06:18:49.347Z,btc-updown-15m-1778998500,"Bitcoin Up or Down - May 17, 2:15AM-2:30AM ET",btc-updown-15m-1778998500,2026-05-17T06:30:00Z,,0.4,0.41,0.59,0.6,0.405,0.49,478.101006,,744.5,49.8,2026-05-17T06:18:49.347Z,BRTI,78157.99,78164.62,78168.92533333335,60,Polymarket RTDS,78151.07269013258,78159.17989803682,0.98,1.04,
2026-05-17T06:18:51.811Z,2026-05-17T06:18:51.314Z,KXBTC15M-26MAY170230-30,BTC price up in next 15 mins?,KXBTC15M-26MAY170230,2026-05-17T06:30:00Z,active,0.36,0.37,0.63,0.64,0.365,0.37,76068.89,42617.06,173.44,764.15,2026-05-17T06:18:51.363Z,btc-updown-15m-1778998500,"Bitcoin Up or Down - May 17, 2:15AM-2:30AM ET",btc-updown-15m-1778998500,2026-05-17T06:30:00Z,,0.4,0.41,0.59,0.6,0.405,0.49,478.101006,,114.72,123.44,2026-05-17T06:18:51.363Z,BRTI,78167.25,78164.62,78168.9075,60,Polymarket RTDS,78151.0422083656,78159.17989803682,0.97,1.05,
2026-05-17T06:18:53.795Z,2026-05-17T06:18:53.293Z,KXBTC15M-26MAY170230-30,BTC price up in next 15 mins?,KXBTC15M-26MAY170230,2026-05-17T06:30:00Z,active,0.33,0.34,0.66,0.67,0.335,0.37,76068.89,42617.06,138.0,635.0,2026-05-17T06:18:53.344Z,btc-updown-15m-1778998500,"Bitcoin Up or Down - May 17, 2:15AM-2:30AM ET",btc-updown-15m-1778998500,2026-05-17T06:30:00Z,,0.37,0.38,0.62,0.63,0.375,0.49,478.101006,,5.63,79.8,2026-05-17T06:18:53.344Z,BRTI,78170.97,78164.62,78168.739,60,Polymarket RTDS,78150.27961599446,78159.17989803682,0.97,1.05,
2026-05-17T06:18:55.782Z,2026-05-17T06:18:55.300Z,KXBTC15M-26MAY170230-30,BTC price up in next 15 mins?,KXBTC15M-26MAY170230,2026-05-17T06:30:00Z,active,0.33,0.34,0.66,0.67,0.335,0.37,76068.89,42617.06,204.06,1679.45,2026-05-17T06:18:55.348Z,btc-updown-15m-1778998500,"Bitcoin Up or Down - May 17, 2:15AM-2:30AM ET",btc-updown-15m-1778998500,2026-05-17T06:30:00Z,,0.35,0.36,0.64,0.65,0.355,0.49,478.101006,,153.7,143.61,2026-05-17T06:18:55.348Z,BRTI,78167.25,78164.62,78168.77333333335,60,Polymarket RTDS,78147.70501339195,78159.17989803682,0.99,1.03,
2026-05-17T06:18:57.815Z,2026-05-17T06:18:57.302Z,KXBTC15M-26MAY170230-30,BTC price up in next 15 mins?,KXBTC15M-26MAY170230,2026-05-17T06:30:00Z,active,0.25,0.26,0.74,0.75,0.255,0.37,76068.89,42617.06,24.78,2997.49,2026-05-17T06:18:57.359Z,btc-updown-15m-1778998500,"Bitcoin Up or Down - May 17, 2:15AM-2:30AM ET",btc-updown-15m-1778998500,2026-05-17T06:30:00Z,,0.29,0.3,0.7,0.71,0.295,0.49,478.101006,,5.0,206.64,2026-05-17T06:18:57.359Z,BRTI,78156.04,78164.62,78168.56583333334,60,Polymarket RTDS,78147.26306693668,78159.17989803682,0.97,1.05,
2026-05-17T06:18:59.794Z,2026-05-17T06:18:59.293Z,KXBTC15M-26MAY170230-30,BTC price up in next 15 mins?,KXBTC15M-26MAY170230,2026-05-17T06:30:00Z,active,0.27,0.28,0.72,0.73,0.275,0.37,76068.89,42617.06,125.0,3166.41,2026-05-17T06:18:59.336Z,btc-updown-15m-1778998500,"Bitcoin Up or Down - May 17, 2:15AM-2:30AM ET",btc-updown-15m-1778998500,2026-05-17T06:30:00Z,,0.27,0.28,0.72,0.73,0.275,0.49,478.101006,,192.72,97.69,2026-05-17T06:18:59.336Z,BRTI,78155.76,78164.62,78168.39400000001,60,Polymarket RTDS,78135.93797977011,78159.17989803682,1.01,1.01,
2026-05-17T06:19:02.020Z,2026-05-17T06:19:01.293Z,KXBTC15M-26MAY170230-30,BTC price up in next 15 mins?,KXBTC15M-26MAY170230,2026-05-17T06:30:00Z,active,0.25,0.26,0.74,0.75,0.255,0.37,76068.89,42617.06,119.05,689.0,2026-05-17T06:19:01.390Z,btc-updown-15m-1778998500,"Bitcoin Up or Down - May 17, 2:15AM-2:30AM ET",btc-updown-15m-1778998500,2026-05-17T06:30:00Z,,0.27,0.28,0.72,0.73,0.275,0.49,478.101006,,39.94,124.5,2026-05-17T06:19:01.390Z,BRTI,78167.25,78164.62,78168.42233333334,60,Polymarket RTDS,78132.04569562858,78159.17989803682,0.99,1.03,
2026-05-17T06:19:03.792Z,2026-05-17T06:19:03.299Z,KXBTC15M-26MAY170230-30,BTC price up in next 15 mins?,KXBTC15M-26MAY170230,2026-05-17T06:30:00Z,active,0.25,0.26,0.74,0.75,0.255,0.37,76068.89,42617.06,102.22,842.0,2026-05-17T06:19:03.351Z,btc-updown-15m-1778998500,"Bitcoin Up or Down - May 17, 2:15AM-2:30AM ET",btc-updown-15m-1778998500,2026-05-17T06:30:00Z,,0.27,0.28,0.72,0.73,0.275,0.49,478.101006,,31.02,129.46,2026-05-17T06:19:03.351Z,BRTI,78157.99,78164.62,78168.28766666666,60,Polymarket RTDS,78131.5741844804,78159.17989803682,0.99,1.03,
2026-05-17T06:19:06.059Z,2026-05-17T06:19:05.302Z,KXBTC15M-26MAY170230-30,BTC price up in next 15 mins?,KXBTC15M-26MAY170230,2026-05-17T06:30:00Z,active,0.24,0.25,0.75,0.76,0.245,0.37,76068.89,42617.06,1081.1,646.73,2026-05-17T06:19:05.350Z,btc-updown-15m-1778998500,"Bitcoin Up or Down - May 17, 2:15AM-2:30AM ET",btc-updown-15m-1778998500,2026-05-17T06:30:00Z,,0.27,0.28,0.72,0.73,0.275,0.49,478.101006,,31.02,128.04,2026-05-17T06:19:05.350Z,BRTI,78135.83,78164.62,78167.53349999999,60,Polymarket RTDS,78131.01456741364,78159.17989803682,0.98,1.04,
2026-05-17T06:19:07.807Z,2026-05-17T06:19:07.290Z,KXBTC15M-26MAY170230-30,BTC price up in next 15 mins?,KXBTC15M-26MAY170230,2026-05-17T06:30:00Z,active,0.25,0.26,0.74,0.75,0.255,0.37,76068.89,42617.06,2863.0,704.97,2026-05-17T06:19:07.377Z,btc-updown-15m-1778998500,"Bitcoin Up or Down - May 17, 2:15AM-2:30AM ET",btc-updown-15m-1778998500,2026-05-17T06:30:00Z,,0.28,0.29,0.71,0.72,0.28500000000000003,0.49,478.101006,,94.11,14.38,2026-05-17T06:19:07.377Z,BRTI,78136.72,78164.62,78167.02466666668,60,Polymarket RTDS,78132.37212343662,78159.17989803682,0.98,1.04,
2026-05-17T06:19:09.837Z,2026-05-17T06:19:09.313Z,KXBTC15M-26MAY170230-30,BTC price up in next 15 mins?,KXBTC15M-26MAY170230,2026-05-17T06:30:00Z,active,0.39,0.4,0.6,0.61,0.395,0.37,76068.89,42617.06,21.0,721.83,2026-05-17T06:19:09.361Z,btc-updown-15m-1778998500,"Bitcoin Up or Down - May 17, 2:15AM-2:30AM ET",btc-updown-15m-1778998500,2026-05-17T06:30:00Z,,0.3,0.35,0.65,0.7,0.32499999999999996,0.49,478.101006,,10.0,14.14,2026-05-17T06:19:09.361Z,BRTI,78155.04,78164.62,78166.84516666667,60,Polymarket RTDS,78132.746,78159.17989803682,1.1,0.96,
2026-05-17T06:19:11.817Z,2026-05-17T06:19:11.299Z,KXBTC15M-26MAY170230-30,BTC price up in next 15 mins?,KXBTC15M-26MAY170230,2026-05-17T06:30:00Z,active,0.36,0.37,0.63,0.64,0.365,0.37,76068.89,42617.06,2359.86,56.08,2026-05-17T06:19:11.344Z,btc-updown-15m-1778998500,"Bitcoin Up or Down - May 17, 2:15AM-2:30AM ET",btc-updown-15m-1778998500,2026-05-17T06:30:00Z,,0.35,0.39,0.61,0.65,0.37,0.49,478.101006,,13.0,37.39,2026-05-17T06:19:11.344Z,BRTI,78155.76,78164.62,78166.63583333333,60,Polymarket RTDS,78143.09717945752,78159.17989803682,1.02,1.03,
2026-05-17T06:19:13.924Z,2026-05-17T06:19:13.306Z,KXBTC15M-26MAY170230-30,BTC price up in next 15 mins?,KXBTC15M-26MAY170230,2026-05-17T06:30:00Z,active,0.37,0.38,0.62,0.63,0.375,0.37,76068.89,42617.06,1640.0,566.0,2026-05-17T06:19:13.464Z,btc-updown-15m-1778998500,"Bitcoin Up or Down - May 17, 2:15AM-2:30AM ET",btc-updown-15m-1778998500,2026-05-17T06:30:00Z,,0.38,0.39,0.61,0.62,0.385,0.49,478.101006,,54.09,29.8,2026-05-17T06:19:13.464Z,BRTI,78170.97,78164.62,78166.67716666666,60,Polymarket RTDS,78142.54213613,78159.17989803682,1.0,1.02,
2026-05-17T06:19:15.896Z,2026-05-17T06:19:15.304Z,KXBTC15M-26MAY170230-30,BTC price up in next 15 mins?,KXBTC15M-26MAY170230,2026-05-17T06:30:00Z,active,0.37,0.38,0.62,0.63,0.375,0.37,76068.89,42617.06,1580.83,692.0,2026-05-17T06:19:15.347Z,btc-updown-15m-1778998500,"Bitcoin Up or Down - May 17, 2:15AM-2:30AM ET",btc-updown-15m-1778998500,2026-05-17T06:30:00Z,,0.38,0.39,0.61,0.62,0.385,0.49,478.101006,,5.0,129.39,2026-05-17T06:19:15.347Z,BRTI,78157.99,78164.62,78166.52283333334,60,Polymarket RTDS,78143.04794545831,78159.17989803682,1.0,1.02,
2026-05-17T06:19:17.803Z,2026-05-17T06:19:17.313Z,KXBTC15M-26MAY170230-30,BTC price up in next 15 mins?,KXBTC15M-26MAY170230,2026-05-17T06:30:00Z,active,0.37,0.38,0.62,0.63,0.375,0.37,76068.89,42617.06,895.91,917.28,2026-05-17T06:19:17.359Z,btc-updown-15m-1778998500,"Bitcoin Up or Down - May 17, 2:15AM-2:30AM ET",btc-updown-15m-1778998500,2026-05-17T06:30:00Z,,0.37,0.38,0.62,0.63,0.375,0.49,478.101006,,66.72,25.0,2026-05-17T06:19:17.359Z,BRTI,78155.69,78164.62,78166.33016666668,60,Polymarket RTDS,78143.7748837224,78159.17989803682,1.01,1.01,
2026-05-17T06:19:19.777Z,2026-05-17T06:19:19.309Z,KXBTC15M-26MAY170230-30,BTC price up in next 15 mins?,KXBTC15M-26MAY170230,2026-05-17T06:30:00Z,active,0.37,0.38,0.62,0.63,0.375,0.37,76068.89,42617.06,1739.51,232.99,2026-05-17T06:19:19.361Z,btc-updown-15m-1778998500,"Bitcoin Up or Down - May 17, 2:15AM-2:30AM ET",btc-updown-15m-1778998500,2026-05-17T06:30:00Z,,0.37,0.39,0.61,0.63,0.38,0.49,478.101006,,66.33,45.15,2026-05-17T06:19:19.361Z,BRTI,78154.51,78164.62,78165.88733333333,60,Polymarket RTDS,78143.970375,78159.17989803682,1.01,1.02,
2026-05-17T06:19:21.823Z,2026-05-17T06:19:21.308Z,KXBTC15M-26MAY170230-30,BTC price up in next 15 mins?,KXBTC15M-26MAY170230,2026-05-17T06:30:00Z,active,0.4,0.41,0.59,0.6,0.405,0.37,76068.89,42617.06,92.0,546.98,2026-05-17T06:19:21.356Z,btc-updown-15m-1778998500,"Bitcoin Up or Down - May 17, 2:15AM-2:30AM ET",btc-updown-15m-1778998500,2026-05-17T06:30:00Z,,0.4,0.41,0.59,0.6,0.405,0.49,478.101006,,16.19,97.92,2026-05-17T06:19:21.356Z,BRTI,78155.76,78164.62,78165.68149999999,60,Polymarket RTDS,78144.24574492342,78159.17989803682,1.01,1.01,
2026-05-17T06:19:24.252Z,2026-05-17T06:19:23.310Z,KXBTC15M-26MAY170230-30,BTC price up in next 15 mins?,KXBTC15M-26MAY170230,2026-05-17T06:30:00Z,active,0.4,0.41,0.59,0.6,0.405,0.39,97253.59,45401.33,113.43,96.98,2026-05-17T06:19:23.358Z,btc-updown-15m-1778998500,"Bitcoin Up or Down - May 17, 2:15AM-2:30AM ET",btc-updown-15m-1778998500,2026-05-17T06:30:00Z,,0.41,0.42,0.58,0.59,0.415,0.49,478.101006,,11.83,187.8,2026-05-17T06:19:23.358Z,BRTI,78155.76,78164.62,78165.46650000001,60,Polymarket RTDS,78145.67168389932,78159.17989803682,1.0,1.02,
2026-05-17T06:19:25.823Z,2026-05-17T06:19:25.296Z,KXBTC15M-26MAY170230-30,BTC price up in next 15 mins?,KXBTC15M-26MAY170230,2026-05-17T06:30:00Z,active,0.4,0.41,0.59,0.6,0.405,0.39,97253.59,45401.33,1548.06,674.71,2026-05-17T06:19:25.352Z,btc-updown-15m-1778998500,"Bitcoin Up or Down - May 17, 2:15AM-2:30AM ET",btc-updown-15m-1778998500,2026-05-17T06:30:00Z,,0.4,0.41,0.59,0.6,0.405,0.49,478.101006,,44.96,200.68,2026-05-17T06:19:25.352Z,BRTI,78157.99,78164.62,78165.29433333334,60,Polymarket RTDS,78144.30958226057,78159.17989803682,1.01,1.01,
2026-05-17T06:19:27.805Z,2026-05-17T06:19:27.305Z,KXBTC15M-26MAY170230-30,BTC price up in next 15 mins?,KXBTC15M-26MAY170230,2026-05-17T06:30:00Z,active,0.4,0.41,0.59,0.6,0.405,0.39,97253.59,45401.33,1687.06,403.95,2026-05-17T06:19:27.351Z,btc-updown-15m-1778998500,"Bitcoin Up or Down - May 17, 2:15AM-2:30AM ET",btc-updown-15m-1778998500,2026-05-17T06:30:00Z,,0.4,0.41,0.59,0.6,0.405,0.49,478.101006,,3.45,200.68,2026-05-17T06:19:27.351Z,BRTI,78155.04,78164.62,78165.073,60,Polymarket RTDS,78144.79655014888,78159.17989803682,1.01,1.01,
2026-05-17T06:19:29.815Z,2026-05-17T06:19:29.316Z,KXBTC15M-26MAY170230-30,BTC price up in next 15 mins?,KXBTC15M-26MAY170230,2026-05-17T06:30:00Z,active,0.4,0.42,0.58,0.6,0.41000000000000003,0.39,97253.59,45401.33,2269.0,709.65,2026-05-17T06:19:29.379Z,btc-updown-15m-1778998500,"Bitcoin Up or Down - May 17, 2:15AM-2:30AM ET",btc-updown-15m-1778998500,2026-05-17T06:30:00Z,,0.4,0.41,0.59,0.6,0.405,0.49,478.101006,,251.69,112.2,2026-05-17T06:19:29.379Z,BRTI,78155.69,78164.62,78164.64983333334,60,Polymarket RTDS,78144.77885,78159.17989803682,1.02,1.01,
2026-05-17T06:19:31.808Z,2026-05-17T06:19:31.288Z,KXBTC15M-26MAY170230-30,BTC price up in next 15 mins?,KXBTC15M-26MAY170230,2026-05-17T06:30:00Z,active,0.4,0.41,0.59,0.6,0.405,0.39,97253.59,45401.33,2227.38,364.48,2026-05-17T06:19:31.330Z,btc-updown-15m-1778998500,"Bitcoin Up or Down - May 17, 2:15AM-2:30AM ET",btc-updown-15m-1778998500,2026-05-17T06:30:00Z,,0.4,0.41,0.59,0.6,0.405,0.49,478.101006,,264.57,107.2,2026-05-17T06:19:31.330Z,BRTI,78154.51,78164.62,78164.45716666666,60,Polymarket RTDS,78144.7069,78159.17989803682,1.01,1.01,
2026-05-17T06:19:33.935Z,2026-05-17T06:19:33.305Z,KXBTC15M-26MAY170230-30,BTC price up in next 15 mins?,KXBTC15M-26MAY170230,2026-05-17T06:30:00Z,active,0.4,0.41,0.59,0.6,0.405,0.39,97253.59,45401.33,2019.42,656.57,2026-05-17T06:19:33.356Z,btc-updown-15m-1778998500,"Bitcoin Up or Down - May 17, 2:15AM-2:30AM ET",btc-updown-15m-1778998500,2026-05-17T06:30:00Z,,0.4,0.41,0.59,0.6,0.405,0.49,478.101006,,239.48,204.76,2026-05-17T06:19:33.356Z,BRTI,78135.83,78164.62,78163.8715,60,Polymarket RTDS,78144.69564,78159.17989803682,1.01,1.01,
2026-05-17T06:19:35.798Z,2026-05-17T06:19:35.290Z,KXBTC15M-26MAY170230-30,BTC price up in next 15 mins?,KXBTC15M-26MAY170230,2026-05-17T06:30:00Z,active,0.4,0.41,0.59,0.6,0.405,0.39,97253.59,45401.33,2416.42,429.06,2026-05-17T06:19:35.336Z,btc-updown-15m-1778998500,"Bitcoin Up or Down - May 17, 2:15AM-2:30AM ET",btc-updown-15m-1778998500,2026-05-17T06:30:00Z,,0.4,0.41,0.59,0.6,0.405,0.49,478.101006,,213.25,251.75,2026-05-17T06:19:35.336Z,BRTI,78157.99,78164.62,78163.48666666666,60,Polymarket RTDS,78144.803095,78159.17989803682,1.01,1.01,
2026-05-17T06:19:37.811Z,2026-05-17T06:19:37.300Z,KXBTC15M-26MAY170230-30,BTC price up in next 15 mins?,KXBTC15M-26MAY170230,2026-05-17T06:30:00Z,active,0.4,0.41,0.59,0.6,0.405,0.39,97253.59,45401.33,1601.3,429.04,2026-05-17T06:19:37.344Z,btc-updown-15m-1778998500,"Bitcoin Up or Down - May 17, 2:15AM-2:30AM ET",btc-updown-15m-1778998500,2026-05-17T06:30:00Z,,0.4,0.41,0.59,0.6,0.405,0.49,478.101006,,203.07,246.75,2026-05-17T06:19:37.344Z,BRTI,78155.76,78164.62,78163.06466666666,60,Polymarket RTDS,78144.80127,78159.17989803682,1.01,1.01,
2026-05-17T06:19:39.821Z,2026-05-17T06:19:39.291Z,KXBTC15M-26MAY170230-30,BTC price up in next 15 mins?,KXBTC15M-26MAY170230,2026-05-17T06:30:00Z,active,0.45,0.46,0.54,0.55,0.455,0.39,97253.59,45401.33,190.84,96.0,2026-05-17T06:19:39.346Z,btc-updown-15m-1778998500,"Bitcoin Up or Down - May 17, 2:15AM-2:30AM ET",btc-updown-15m-1778998500,2026-05-17T06:30:00Z,,0.44,0.45,0.55,0.56,0.445,0.49,478.101006,,20.0,174.2,2026-05-17T06:19:39.346Z,BRTI,78157.99,78164.62,78162.88966666667,60,Polymarket RTDS,78144.68102,78159.17989803682,1.02,1.0,
2026-05-17T06:19:41.781Z,2026-05-17T06:19:41.298Z,KXBTC15M-26MAY170230-30,BTC price up in next 15 mins?,KXBTC15M-26MAY170230,2026-05-17T06:30:00Z,active,0.45,0.46,0.54,0.55,0.455,0.39,97253.59,45401.33,2801.84,0.3,2026-05-17T06:19:41.343Z,btc-updown-15m-1778998500,"Bitcoin Up or Down - May 17, 2:15AM-2:30AM ET",btc-updown-15m-1778998500,2026-05-17T06:30:00Z,,0.45,0.46,0.54,0.55,0.455,0.49,478.101006,,33.36,79.8,2026-05-17T06:19:41.343Z,BRTI,78136.72,78164.62,78162.15033333334,60,Polymarket RTDS,78147.1654546109,78159.17989803682,1.01,1.01,
2026-05-17T06:19:43.797Z,2026-05-17T06:19:43.307Z,KXBTC15M-26MAY170230-30,BTC price up in next 15 mins?,KXBTC15M-26MAY170230,2026-05-17T06:30:00Z,active,0.46,0.47,0.53,0.54,0.46499999999999997,0.39,97253.59,45401.33,1561.37,1354.28,2026-05-17T06:19:43.353Z,btc-updown-15m-1778998500,"Bitcoin Up or Down - May 17, 2:15AM-2:30AM ET",btc-updown-15m-1778998500,2026-05-17T06:30:00Z,,0.44,0.45,0.55,0.56,0.445,0.49,478.101006,,97.76,88.49,2026-05-17T06:19:43.353Z,BRTI,78154.51,78164.62,78161.92016666666,60,Polymarket RTDS,78147.889805,78159.17989803682,1.03,0.99,
2026-05-17T06:19:45.807Z,2026-05-17T06:19:45.309Z,KXBTC15M-26MAY170230-30,BTC price up in next 15 mins?,KXBTC15M-26MAY170230,2026-05-17T06:30:00Z,active,0.46,0.47,0.53,0.54,0.46499999999999997,0.39,97253.59,45401.33,1550.73,262.91,2026-05-17T06:19:45.357Z,btc-updown-15m-1778998500,"Bitcoin Up or Down - May 17, 2:15AM-2:30AM ET",btc-updown-15m-1778998500,2026-05-17T06:30:00Z,,0.45,0.46,0.54,0.55,0.455,0.49,478.101006,,12.0,125.2,2026-05-17T06:19:45.358Z,BRTI,78152.62,78164.62,78161.65566666666,60,Polymarket RTDS,78148.093165,78159.17989803682,1.02,1.0,
2026-05-17T06:19:47.826Z,2026-05-17T06:19:47.299Z,KXBTC15M-26MAY170230-30,BTC price up in next 15 mins?,KXBTC15M-26MAY170230,2026-05-17T06:30:00Z,active,0.46,0.47,0.53,0.54,0.46499999999999997,0.39,97253.59,45401.33,50.0,1719.67,2026-05-17T06:19:47.366Z,btc-updown-15m-1778998500,"Bitcoin Up or Down - May 17, 2:15AM-2:30AM ET",btc-updown-15m-1778998500,2026-05-17T06:30:00Z,,0.44,0.45,0.55,0.56,0.445,0.49,478.101006,,32.36,200.63,2026-05-17T06:19:47.366Z,BRTI,78154.51,78164.62,78161.44333333333,60,Polymarket RTDS,78148.20973,78159.17989803682,1.03,0.99,
2026-05-17T06:19:49.805Z,2026-05-17T06:19:49.305Z,KXBTC15M-26MAY170230-30,BTC price up in next 15 mins?,KXBTC15M-26MAY170230,2026-05-17T06:30:00Z,active,0.46,0.47,0.53,0.54,0.46499999999999997,0.39,97253.59,45401.33,290.0,1689.42,2026-05-17T06:19:49.350Z,btc-updown-15m-1778998500,"Bitcoin Up or Down - May 17, 2:15AM-2:30AM ET",btc-updown-15m-1778998500,2026-05-17T06:30:00Z,,0.44,0.45,0.55,0.56,0.445,0.49,478.101006,,10.73,180.05,2026-05-17T06:19:49.350Z,BRTI,78155.76,78164.62,78161.22833333333,60,Polymarket RTDS,78149.88387867124,78159.17989803682,1.03,0.99,
2026-05-17T06:19:51.810Z,2026-05-17T06:19:51.298Z,KXBTC15M-26MAY170230-30,BTC price up in next 15 mins?,KXBTC15M-26MAY170230,2026-05-17T06:30:00Z,active,0.41,0.42,0.58,0.59,0.415,0.39,97253.59,45401.33,24939.23,2475.75,2026-05-17T06:19:51.343Z,btc-updown-15m-1778998500,"Bitcoin Up or Down - May 17, 2:15AM-2:30AM ET",btc-updown-15m-1778998500,2026-05-17T06:30:00Z,,0.41,0.45,0.55,0.59,0.43,0.49,478.101006,,4.0,186.72,2026-05-17T06:19:51.343Z,BRTI,78155.76,78164.62,78160.97483333334,60,Polymarket RTDS,78150.46136451757,78159.17989803682,1.01,1.04,
2026-05-17T06:19:53.803Z,2026-05-17T06:19:53.304Z,KXBTC15M-26MAY170230-30,BTC price up in next 15 mins?,KXBTC15M-26MAY170230,2026-05-17T06:30:00Z,active,0.41,0.42,0.58,0.59,0.415,0.41,129507.36,71463.10,24498.28,2419.24,2026-05-17T06:19:53.354Z,btc-updown-15m-1778998500,"Bitcoin Up or Down - May 17, 2:15AM-2:30AM ET",btc-updown-15m-1778998500,2026-05-17T06:30:00Z,,0.3,0.31,0.69,0.7,0.305,0.49,478.101006,,27.64,23.87,2026-05-17T06:19:53.354Z,BRTI,78135.83,78164.62,78160.43683333333,60,Polymarket RTDS,78137.34680999028,78159.17989803682,1.1199999999999999,0.8999999999999999,
2026-05-17T06:19:55.789Z,2026-05-17T06:19:55.308Z,KXBTC15M-26MAY170230-30,BTC price up in next 15 mins?,KXBTC15M-26MAY170230,2026-05-17T06:30:00Z,active,0.41,0.42,0.58,0.59,0.415,0.41,129507.36,71463.10,23929.57,2162.06,2026-05-17T06:19:55.360Z,btc-updown-15m-1778998500,"Bitcoin Up or Down - May 17, 2:15AM-2:30AM ET",btc-updown-15m-1778998500,2026-05-17T06:30:00Z,,0.31,0.32,0.68,0.69,0.315,0.49,478.101006,,35.39,16.65,2026-05-17T06:19:55.360Z,BRTI,78155.04,78164.62,78160.21266666666,60,Polymarket RTDS,78137.33118989786,78159.17989803682,1.1099999999999999,0.9099999999999999,
2026-05-17T06:19:57.801Z,2026-05-17T06:19:57.313Z,KXBTC15M-26MAY170230-30,BTC price up in next 15 mins?,KXBTC15M-26MAY170230,2026-05-17T06:30:00Z,active,0.41,0.42,0.58,0.59,0.415,0.41,129507.36,71463.10,23710.3,2213.42,2026-05-17T06:19:57.362Z,btc-updown-15m-1778998500,"Bitcoin Up or Down - May 17, 2:15AM-2:30AM ET",btc-updown-15m-1778998500,2026-05-17T06:30:00Z,,0.31,0.33,0.67,0.69,0.32,0.49,478.101006,,55.07,99.9,2026-05-17T06:19:57.362Z,BRTI,78155.69,78164.62,78159.7895,60,Polymarket RTDS,78136.49430894008,78159.17989803682,1.1099999999999999,0.9199999999999999,
2026-05-17T06:19:59.828Z,2026-05-17T06:19:59.298Z,KXBTC15M-26MAY170230-30,BTC price up in next 15 mins?,KXBTC15M-26MAY170230,2026-05-17T06:30:00Z,active,0.41,0.42,0.58,0.59,0.415,0.41,129507.36,71463.10,23339.48,1566.36,2026-05-17T06:19:59.371Z,btc-updown-15m-1778998500,"Bitcoin Up or Down - May 17, 2:15AM-2:30AM ET",btc-updown-15m-1778998500,2026-05-17T06:30:00Z,,0.31,0.32,0.68,0.69,0.315,0.49,478.101006,,20.0,190.01,2026-05-17T06:19:59.371Z,BRTI,78155.76,78164.62,78159.3675,60,Polymarket RTDS,78136.96993933307,78159.17989803682,1.1099999999999999,0.9099999999999999,
2026-05-17T06:20:02.101Z,2026-05-17T06:20:01.312Z,KXBTC15M-26MAY170230-30,BTC price up in next 15 mins?,KXBTC15M-26MAY170230,2026-05-17T06:30:00Z,active,0.41,0.42,0.58,0.59,0.415,0.41,129507.36,71463.10,23138.66,1510.36,2026-05-17T06:20:01.385Z,btc-updown-15m-1778998500,"Bitcoin Up or Down - May 17, 2:15AM-2:30AM ET",btc-updown-15m-1778998500,2026-05-17T06:30:00Z,,0.31,0.32,0.68,0.69,0.315,0.49,478.101006,,15.65,427.88,2026-05-17T06:20:01.387Z,BRTI,78155.76,78164.62,78159.114,60,Polymarket RTDS,78135.5200493365,78159.17989803682,1.1099999999999999,0.9099999999999999,
2026-05-17T06:20:03.884Z,2026-05-17T06:20:03.365Z,KXBTC15M-26MAY170230-30,BTC price up in next 15 mins?,KXBTC15M-26MAY170230,2026-05-17T06:30:00Z,active,0.41,0.42,0.58,0.59,0.415,0.41,129507.36,71463.10,11592.03,1151.65,2026-05-17T06:20:03.422Z,btc-updown-15m-1778998500,"Bitcoin Up or Down - May 17, 2:15AM-2:30AM ET",btc-updown-15m-1778998500,2026-05-17T06:30:00Z,,0.32,0.33,0.67,0.68,0.325,0.49,478.101006,,337.95,17.28,2026-05-17T06:20:03.422Z,BRTI,78155.76,78164.62,78158.8605,60,Polymarket RTDS,78134.651766498,78159.17989803682,1.1,0.9199999999999999,
2026-05-17T06:20:05.806Z,2026-05-17T06:20:05.308Z,KXBTC15M-26MAY170230-30,BTC price up in next 15 mins?,KXBTC15M-26MAY170230,2026-05-17T06:30:00Z,active,0.41,0.42,0.58,0.59,0.415,0.41,129507.36,71463.10,11557.68,1150.65,2026-05-17T06:20:05.359Z,btc-updown-15m-1778998500,"Bitcoin Up or Down - May 17, 2:15AM-2:30AM ET",btc-updown-15m-1778998500,2026-05-17T06:30:00Z,,0.33,0.34,0.66,0.67,0.335,0.49,478.101006,,47.47,163.63,2026-05-17T06:20:05.359Z,BRTI,78155.76,78164.62,78158.65116666668,60,Polymarket RTDS,78135.81489813175,78159.17989803682,1.09,0.9299999999999999,
2026-05-17T06:20:07.824Z,2026-05-17T06:20:07.314Z,KXBTC15M-26MAY170230-30,BTC price up in next 15 mins?,KXBTC15M-26MAY170230,2026-05-17T06:30:00Z,active,0.41,0.42,0.58,0.59,0.415,0.41,129507.36,71463.10,200.0,1171.92,2026-05-17T06:20:07.379Z,btc-updown-15m-1778998500,"Bitcoin Up or Down - May 17, 2:15AM-2:30AM ET",btc-updown-15m-1778998500,2026-05-17T06:30:00Z,,0.33,0.34,0.66,0.67,0.335,0.49,478.101006,,52.85,207.38,2026-05-17T06:20:07.379Z,BRTI,78156.04,78164.62,78158.44366666667,60,Polymarket RTDS,78135.81867601708,78159.17989803682,1.09,0.9299999999999999,
2026-05-17T06:20:09.857Z,2026-05-17T06:20:09.299Z,KXBTC15M-26MAY170230-30,BTC price up in next 15 mins?,KXBTC15M-26MAY170230,2026-05-17T06:30:00Z,active,0.41,0.42,0.58,0.59,0.415,0.41,129507.36,71463.10,178.0,1096.98,2026-05-17T06:20:09.347Z,btc-updown-15m-1778998500,"Bitcoin Up or Down - May 17, 2:15AM-2:30AM ET",btc-updown-15m-1778998500,2026-05-17T06:30:00Z,,0.32,0.33,0.67,0.68,0.325,0.49,478.101006,,71.78,132.71,2026-05-17T06:20:09.347Z,BRTI,78135.83,78164.62,78158.07433333334,60,Polymarket RTDS,78136.10569323436,78159.17989803682,1.1,0.9199999999999999,
2026-05-17T06:20:11.798Z,2026-05-17T06:20:11.300Z,KXBTC15M-26MAY170230-30,BTC price up in next 15 mins?,KXBTC15M-26MAY170230,2026-05-17T06:30:00Z,active,0.41,0.42,0.58,0.59,0.415,0.41,129507.36,71463.10,32.66,1261.98,2026-05-17T06:20:11.347Z,btc-updown-15m-1778998500,"Bitcoin Up or Down - May 17, 2:15AM-2:30AM ET",btc-updown-15m-1778998500,2026-05-17T06:30:00Z,,0.33,0.34,0.66,0.67,0.335,0.49,478.101006,,37.53,296.61,2026-05-17T06:20:11.347Z,BRTI,78155.04,78164.62,78157.84733333332,60,Polymarket RTDS,78136.07724437703,78159.17989803682,1.09,0.9299999999999999,
2026-05-17T06:20:13.815Z,2026-05-17T06:20:13.300Z,KXBTC15M-26MAY170230-30,BTC price up in next 15 mins?,KXBTC15M-26MAY170230,2026-05-17T06:30:00Z,active,0.25,0.26,0.74,0.75,0.255,0.41,129507.36,71463.10,200.0,6082.0,2026-05-17T06:20:13.348Z,btc-updown-15m-1778998500,"Bitcoin Up or Down - May 17, 2:15AM-2:30AM ET",btc-updown-15m-1778998500,2026-05-17T06:30:00Z,,0.29,0.33,0.67,0.71,0.31,0.49,478.101006,,7.07,440.71,2026-05-17T06:20:13.348Z,BRTI,78155.69,78164.62,78157.59266666666,60,Polymarket RTDS,78136.08985505742,78159.17989803682,0.97,1.08,
2026-05-17T06:20:15.915Z,2026-05-17T06:20:15.322Z,KXBTC15M-26MAY170230-30,BTC price up in next 15 mins?,KXBTC15M-26MAY170230,2026-05-17T06:30:00Z,active,0.23,0.24,0.76,0.77,0.235,0.41,129507.36,71463.10,213.03,6312.68,2026-05-17T06:20:15.392Z,btc-updown-15m-1778998500,"Bitcoin Up or Down - May 17, 2:15AM-2:30AM ET",btc-updown-15m-1778998500,2026-05-17T06:30:00Z,,0.17,0.25,0.75,0.83,0.21000000000000002,0.49,478.101006,,20.0,10.0,2026-05-17T06:20:15.392Z,BRTI,78154.51,78164.62,78157.35733333333,60,Polymarket RTDS,78115.03956936255,78159.17989803682,1.0699999999999998,1.02,
2026-05-17T06:20:17.920Z,2026-05-17T06:20:17.302Z,KXBTC15M-26MAY170230-30,BTC price up in next 15 mins?,KXBTC15M-26MAY170230,2026-05-17T06:30:00Z,active,0.21,0.22,0.78,0.79,0.215,0.41,129507.36,71463.10,209.0,6285.27,2026-05-17T06:20:17.347Z,btc-updown-15m-1778998500,"Bitcoin Up or Down - May 17, 2:15AM-2:30AM ET",btc-updown-15m-1778998500,2026-05-17T06:30:00Z,,0.17,0.18,0.82,0.83,0.175,0.49,478.101006,,15.0,12.8,2026-05-17T06:20:17.347Z,BRTI,78155.69,78164.62,78157.16466666666,60,Polymarket RTDS,78114.7095653183,78159.17989803682,1.05,0.97,
2026-05-17T06:20:19.814Z,2026-05-17T06:20:19.322Z,KXBTC15M-26MAY170230-30,BTC price up in next 15 mins?,KXBTC15M-26MAY170230,2026-05-17T06:30:00Z,active,0.19,0.2,0.8,0.81,0.195,0.41,129507.36,71463.10,217.0,4765.62,2026-05-17T06:20:19.374Z,btc-updown-15m-1778998500,"Bitcoin Up or Down - May 17, 2:15AM-2:30AM ET",btc-updown-15m-1778998500,2026-05-17T06:30:00Z,,0.17,0.18,0.82,0.83,0.175,0.49,478.101006,,28.06,85.76,2026-05-17T06:20:19.374Z,BRTI,78152.62,78164.62,78156.92083333334,60,Polymarket RTDS,78113.51481763639,78159.17989803682,1.03,0.99,
2026-05-17T06:20:21.902Z,2026-05-17T06:20:21.307Z,KXBTC15M-26MAY170230-30,BTC price up in next 15 mins?,KXBTC15M-26MAY170230,2026-05-17T06:30:00Z,active,0.17,0.18,0.82,0.83,0.175,0.41,129507.36,71463.10,830.59,1732.62,2026-05-17T06:20:21.351Z,btc-updown-15m-1778998500,"Bitcoin Up or Down - May 17, 2:15AM-2:30AM ET",btc-updown-15m-1778998500,2026-05-17T06:30:00Z,,0.15,0.18,0.82,0.85,0.16499999999999998,0.49,478.101006,,58.48,144.14,2026-05-17T06:20:21.351Z,BRTI,78158.27,78164.62,78156.75333333334,60,Polymarket RTDS,78111.44907906959,78159.17989803682,1.03,1.01,
2026-05-17T06:20:23.827Z,2026-05-17T06:20:23.315Z,KXBTC15M-26MAY170230-30,BTC price up in next 15 mins?,KXBTC15M-26MAY170230,2026-05-17T06:30:00Z,active,0.17,0.18,0.82,0.83,0.175,0.18,154651.78,91288.99,1095.71,1491.57,2026-05-17T06:20:23.365Z,btc-updown-15m-1778998500,"Bitcoin Up or Down - May 17, 2:15AM-2:30AM ET",btc-updown-15m-1778998500,2026-05-17T06:30:00Z,,0.16,0.17,0.83,0.84,0.165,0.49,478.101006,,15.38,31.47,2026-05-17T06:20:23.365Z,BRTI,78155.76,78164.62,78156.5475,60,Polymarket RTDS,78111.46475406957,78159.17989803682,1.02,1.0,
2026-05-17T06:20:25.832Z,2026-05-17T06:20:25.315Z,KXBTC15M-26MAY170230-30,BTC price up in next 15 mins?,KXBTC15M-26MAY170230,2026-05-17T06:30:00Z,active,0.17,0.18,0.82,0.83,0.175,0.18,154651.78,91288.99,232.0,1085.23,2026-05-17T06:20:25.368Z,btc-updown-15m-1778998500,"Bitcoin Up or Down - May 17, 2:15AM-2:30AM ET",btc-updown-15m-1778998500,2026-05-17T06:30:00Z,,0.16,0.17,0.83,0.84,0.165,0.49,478.101006,,28.38,48.91,2026-05-17T06:20:25.368Z,BRTI,78155.76,78164.62,78156.33816666667,60,Polymarket RTDS,78111.57710198086,78159.17989803682,1.02,1.0,
2026-05-17T06:20:27.798Z,2026-05-17T06:20:27.306Z,KXBTC15M-26MAY170230-30,BTC price up in next 15 mins?,KXBTC15M-26MAY170230,2026-05-17T06:30:00Z,active,0.17,0.18,0.82,0.83,0.175,0.18,154651.78,91288.99,210.0,587.17,2026-05-17T06:20:27.361Z,btc-updown-15m-1778998500,"Bitcoin Up or Down - May 17, 2:15AM-2:30AM ET",btc-updown-15m-1778998500,2026-05-17T06:30:00Z,,0.16,0.17,0.83,0.84,0.165,0.49,478.101006,,59.33,137.96,2026-05-17T06:20:27.361Z,BRTI,78155.76,78164.62,78156.12599999999,60,Polymarket RTDS,78111.53520700849,78159.17989803682,1.02,1.0,
2026-05-17T06:20:30.324Z,2026-05-17T06:20:29.313Z,KXBTC15M-26MAY170230-30,BTC price up in next 15 mins?,KXBTC15M-26MAY170230,2026-05-17T06:30:00Z,active,0.17,0.18,0.82,0.83,0.175,0.18,154651.78,91288.99,2087.45,470.36,2026-05-17T06:20:29.361Z,btc-updown-15m-1778998500,"Bitcoin Up or Down - May 17, 2:15AM-2:30AM ET",btc-updown-15m-1778998500,2026-05-17T06:30:00Z,,0.16,0.17,0.83,0.84,0.165,0.49,478.101006,,53.08,142.96,2026-05-17T06:20:29.361Z,BRTI,78156.04,78164.62,78156.13183333333,60,Polymarket RTDS,78111.5237804055,78159.17989803682,1.02,1.0,
2026-05-17T06:20:31.815Z,2026-05-17T06:20:31.309Z,KXBTC15M-26MAY170230-30,BTC price up in next 15 mins?,KXBTC15M-26MAY170230,2026-05-17T06:30:00Z,active,0.17,0.18,0.82,0.83,0.175,0.18,154651.78,91288.99,1185.68,1984.81,2026-05-17T06:20:31.355Z,btc-updown-15m-1778998500,"Bitcoin Up or Down - May 17, 2:15AM-2:30AM ET",btc-updown-15m-1778998500,2026-05-17T06:30:00Z,,0.16,0.17,0.83,0.84,0.165,0.49,478.101006,,26.83,135.0,2026-05-17T06:20:31.355Z,BRTI,78156.04,78164.62,78155.945,60,Polymarket RTDS,78111.23258123908,78159.17989803682,1.02,1.0,
2026-05-17T06:20:33.847Z,2026-05-17T06:20:33.314Z,KXBTC15M-26MAY170230-30,BTC price up in next 15 mins?,KXBTC15M-26MAY170230,2026-05-17T06:30:00Z,active,0.15,0.16,0.84,0.85,0.155,0.18,154651.78,91288.99,421.21,1436.69,2026-05-17T06:20:33.366Z,btc-updown-15m-1778998500,"Bitcoin Up or Down - May 17, 2:15AM-2:30AM ET",btc-updown-15m-1778998500,2026-05-17T06:30:00Z,,0.14,0.15,0.85,0.86,0.14500000000000002,0.49,478.101006,,16.45,37.0,2026-05-17T06:20:33.366Z,BRTI,78152.62,78164.62,78155.67816666666,60,Polymarket RTDS,78107.19861566246,78159.17989803682,1.02,1.0,
2026-05-17T06:20:35.843Z,2026-05-17T06:20:35.305Z,KXBTC15M-26MAY170230-30,BTC price up in next 15 mins?,KXBTC15M-26MAY170230,2026-05-17T06:30:00Z,active,0.16,0.17,0.83,0.84,0.165,0.18,154651.78,91288.99,243.84,425.5,2026-05-17T06:20:35.361Z,btc-updown-15m-1778998500,"Bitcoin Up or Down - May 17, 2:15AM-2:30AM ET",btc-updown-15m-1778998500,2026-05-17T06:30:00Z,,0.15,0.16,0.84,0.85,0.155,0.49,478.101006,,19.53,316.62,2026-05-17T06:20:35.361Z,BRTI,78115.66,78164.62,78155.011,60,Polymarket RTDS,78106.28455425799,78159.17989803682,1.02,1.0,
2026-05-17T06:20:37.860Z,2026-05-17T06:20:37.315Z,KXBTC15M-26MAY170230-30,BTC price up in next 15 mins?,KXBTC15M-26MAY170230,2026-05-17T06:30:00Z,active,0.16,0.17,0.83,0.84,0.165,0.18,154651.78,91288.99,40.3,1429.57,2026-05-17T06:20:37.367Z,btc-updown-15m-1778998500,"Bitcoin Up or Down - May 17, 2:15AM-2:30AM ET",btc-updown-15m-1778998500,2026-05-17T06:30:00Z,,0.14,0.15,0.85,0.86,0.14500000000000002,0.49,478.101006,,71.51,243.58,2026-05-17T06:20:37.367Z,BRTI,78106.37,78164.62,78153.97333333333,60,Polymarket RTDS,78106.24414275149,78159.17989803682,1.03,0.99,
2026-05-17T06:20:39.813Z,2026-05-17T06:20:39.314Z,KXBTC15M-26MAY170230-30,BTC price up in next 15 mins?,KXBTC15M-26MAY170230,2026-05-17T06:30:00Z,active,0.16,0.17,0.83,0.84,0.165,0.18,154651.78,91288.99,125.0,1007.04,2026-05-17T06:20:39.360Z,btc-updown-15m-1778998500,"Bitcoin Up or Down - May 17, 2:15AM-2:30AM ET",btc-updown-15m-1778998500,2026-05-17T06:30:00Z,,0.14,0.15,0.85,0.86,0.14500000000000002,0.49,478.101006,,54.88,166.92,2026-05-17T06:20:39.360Z,BRTI,78158.27,78164.62,78153.803,60,Polymarket RTDS,78105.36747799465,78159.17989803682,1.03,0.99,
2026-05-17T06:20:41.827Z,2026-05-17T06:20:41.307Z,KXBTC15M-26MAY170230-30,BTC price up in next 15 mins?,KXBTC15M-26MAY170230,2026-05-17T06:30:00Z,active,0.16,0.17,0.83,0.84,0.165,0.18,154651.78,91288.99,246.0,594.91,2026-05-17T06:20:41.350Z,btc-updown-15m-1778998500,"Bitcoin Up or Down - May 17, 2:15AM-2:30AM ET",btc-updown-15m-1778998500,2026-05-17T06:30:00Z,,0.14,0.15,0.85,0.86,0.14500000000000002,0.49,478.101006,,25.88,123.99,2026-05-17T06:20:41.350Z,BRTI,78106.37,78164.62,78152.99183333333,60,Polymarket RTDS,78105.57673293517,78159.17989803682,1.03,0.99,
2026-05-17T06:20:43.811Z,2026-05-17T06:20:43.318Z,KXBTC15M-26MAY170230-30,BTC price up in next 15 mins?,KXBTC15M-26MAY170230,2026-05-17T06:30:00Z,active,0.18,0.19,0.81,0.82,0.185,0.18,154651.78,91288.99,4424.38,683.78,2026-05-17T06:20:43.364Z,btc-updown-15m-1778998500,"Bitcoin Up or Down - May 17, 2:15AM-2:30AM ET",btc-updown-15m-1778998500,2026-05-17T06:30:00Z,,0.13,0.14,0.86,0.87,0.135,0.49,478.101006,,48.5,210.92,2026-05-17T06:20:43.364Z,BRTI,78156.04,78164.62,78152.9965,60,Polymarket RTDS,78104.20948,78159.17989803682,1.06,0.96,
2026-05-17T06:20:45.813Z,2026-05-17T06:20:45.303Z,KXBTC15M-26MAY170230-30,BTC price up in next 15 mins?,KXBTC15M-26MAY170230,2026-05-17T06:30:00Z,active,0.14,0.15,0.85,0.86,0.14500000000000002,0.18,154651.78,91288.99,15.0,4334.34,2026-05-17T06:20:45.356Z,btc-updown-15m-1778998500,"Bitcoin Up or Down - May 17, 2:15AM-2:30AM ET",btc-updown-15m-1778998500,2026-05-17T06:30:00Z,,0.1,0.11,0.89,0.9,0.10500000000000001,0.49,478.101006,,48.72,333.87,2026-05-17T06:20:45.356Z,BRTI,78136.72,78164.62,78152.46699999999,60,Polymarket RTDS,78104.99448173471,78159.17989803682,1.05,0.97,
2026-05-17T06:20:47.870Z,2026-05-17T06:20:47.337Z,KXBTC15M-26MAY170230-30,BTC price up in next 15 mins?,KXBTC15M-26MAY170230,2026-05-17T06:30:00Z,active,0.12,0.13,0.87,0.88,0.125,0.18,154651.78,91288.99,155.71,3519.0,2026-05-17T06:20:47.392Z,btc-updown-15m-1778998500,"Bitcoin Up or Down - May 17, 2:15AM-2:30AM ET",btc-updown-15m-1778998500,2026-05-17T06:30:00Z,,0.1,0.11,0.89,0.9,0.10500000000000001,0.49,478.101006,,42.6,399.87,2026-05-17T06:20:47.392Z,BRTI,78154.51,78164.62,78152.24033333334,60,Polymarket RTDS,78093.32787733873,78159.17989803682,1.03,0.99,
2026-05-17T06:20:50.268Z,2026-05-17T06:20:49.312Z,KXBTC15M-26MAY170230-30,BTC price up in next 15 mins?,KXBTC15M-26MAY170230,2026-05-17T06:30:00Z,active,0.12,0.13,0.87,0.88,0.125,0.18,154651.78,91288.99,40.71,735.68,2026-05-17T06:20:49.381Z,btc-updown-15m-1778998500,"Bitcoin Up or Down - May 17, 2:15AM-2:30AM ET",btc-updown-15m-1778998500,2026-05-17T06:30:00Z,,0.09,0.1,0.9,0.91,0.095,0.49,478.101006,,433.44,330.87,2026-05-17T06:20:49.381Z,BRTI,78115.66,78164.62,78151.53483333332,60,Polymarket RTDS,78088.74504745551,78159.17989803682,1.04,0.98,
2026-05-17T06:20:51.821Z,2026-05-17T06:20:51.305Z,KXBTC15M-26MAY170230-30,BTC price up in next 15 mins?,KXBTC15M-26MAY170230,2026-05-17T06:30:00Z,active,0.1,0.12,0.88,0.9,0.11,0.18,154651.78,91288.99,889.54,2975.63,2026-05-17T06:20:51.362Z,btc-updown-15m-1778998500,"Bitcoin Up or Down - May 17, 2:15AM-2:30AM ET",btc-updown-15m-1778998500,2026-05-17T06:30:00Z,,0.09,0.1,0.9,0.91,0.095,0.49,478.101006,,229.25,494.24,2026-05-17T06:20:51.362Z,BRTI,78115.66,78164.62,78150.675,60,Polymarket RTDS,78086.65084725997,78159.17989803682,1.03,1.0,
2026-05-17T06:20:53.840Z,2026-05-17T06:20:53.323Z,KXBTC15M-26MAY170230-30,BTC price up in next 15 mins?,KXBTC15M-26MAY170230,2026-05-17T06:30:00Z,active,0.1,0.11,0.89,0.9,0.10500000000000001,0.11,186327.81,110503.35,115.97,658.52,2026-05-17T06:20:53.377Z,btc-updown-15m-1778998500,"Bitcoin Up or Down - May 17, 2:15AM-2:30AM ET",btc-updown-15m-1778998500,2026-05-17T06:30:00Z,,0.09,0.1,0.9,0.91,0.095,0.49,478.101006,,112.65,503.24,2026-05-17T06:20:53.377Z,BRTI,78090.59,78164.62,78149.33533333334,60,Polymarket RTDS,78086.24774649368,78159.17989803682,1.02,1.0,
2026-05-17T06:20:55.806Z,2026-05-17T06:20:55.310Z,KXBTC15M-26MAY170230-30,BTC price up in next 15 mins?,KXBTC15M-26MAY170230,2026-05-17T06:30:00Z,active,0.094,0.098,0.902,0.906,0.096,0.11,186327.81,110503.35,125.0,484.29,2026-05-17T06:20:55.352Z,btc-updown-15m-1778998500,"Bitcoin Up or Down - May 17, 2:15AM-2:30AM ET",btc-updown-15m-1778998500,2026-05-17T06:30:00Z,,0.09,0.1,0.9,0.91,0.095,0.49,478.101006,,2.65,503.24,2026-05-17T06:20:55.352Z,BRTI,78115.66,78164.62,78148.4755,60,Polymarket RTDS,78086.01483679606,78159.17989803682,1.008,1.006,
2026-05-17T06:20:57.920Z,2026-05-17T06:20:57.302Z,KXBTC15M-26MAY170230-30,BTC price up in next 15 mins?,KXBTC15M-26MAY170230,2026-05-17T06:30:00Z,active,0.094,0.095,0.905,0.906,0.0945,0.11,186327.81,110503.35,125.0,294.49,2026-05-17T06:20:57.351Z,btc-updown-15m-1778998500,"Bitcoin Up or Down - May 17, 2:15AM-2:30AM ET",btc-updown-15m-1778998500,2026-05-17T06:30:00Z,,0.08,0.09,0.91,0.92,0.08499999999999999,0.49,478.101006,,93.81,451.95,2026-05-17T06:20:57.351Z,BRTI,78114.31,78164.62,78147.78,60,Polymarket RTDS,78086.18913385911,78159.17989803682,1.0150000000000001,0.996,
2026-05-17T06:20:59.891Z,2026-05-17T06:20:59.314Z,KXBTC15M-26MAY170230-30,BTC price up in next 15 mins?,KXBTC15M-26MAY170230,2026-05-17T06:30:00Z,active,0.091,0.095,0.905,0.909,0.093,0.11,186327.81,110503.35,217.98,76.42,2026-05-17T06:20:59.359Z,btc-updown-15m-1778998500,"Bitcoin Up or Down - May 17, 2:15AM-2:30AM ET",btc-updown-15m-1778998500,2026-05-17T06:30:00Z,,0.08,0.09,0.91,0.92,0.08499999999999999,0.49,478.101006,,68.5,456.95,2026-05-17T06:20:59.359Z,BRTI,78136.72,78164.62,78147.46266666666,60,Polymarket RTDS,78085.94434556046,78159.17989803682,1.0150000000000001,0.999,
2026-05-17T06:21:02.141Z,2026-05-17T06:21:01.324Z,KXBTC15M-26MAY170230-30,BTC price up in next 15 mins?,KXBTC15M-26MAY170230,2026-05-17T06:30:00Z,active,0.11,0.12,0.88,0.89,0.11499999999999999,0.11,186327.81,110503.35,92.44,565.65,2026-05-17T06:21:01.380Z,btc-updown-15m-1778998500,"Bitcoin Up or Down - May 17, 2:15AM-2:30AM ET",btc-updown-15m-1778998500,2026-05-17T06:30:00Z,,0.08,0.09,0.91,0.92,0.08499999999999999,0.49,478.101006,,80.13,368.96,2026-05-17T06:21:01.380Z,BRTI,78115.66,78164.62,78146.60283333334,60,Polymarket RTDS,78086.00646103981,78159.17989803682,1.04,0.98,
2026-05-17T06:21:03.823Z,2026-05-17T06:21:03.310Z,KXBTC15M-26MAY170230-30,BTC price up in next 15 mins?,KXBTC15M-26MAY170230,2026-05-17T06:30:00Z,active,0.098,0.1,0.9,0.902,0.099,0.11,186327.81,110503.35,45.31,77.0,2026-05-17T06:21:03.368Z,btc-updown-15m-1778998500,"Bitcoin Up or Down - May 17, 2:15AM-2:30AM ET",btc-updown-15m-1778998500,2026-05-17T06:30:00Z,,0.07,0.08,0.92,0.93,0.07500000000000001,0.53,5023.357331000003,,14.29,232.13,2026-05-17T06:21:03.368Z,BRTI,78158.27,78164.62,78146.6075,60,Polymarket RTDS,78086.01620463343,78159.17989803682,1.03,0.982,
2026-05-17T06:21:05.808Z,2026-05-17T06:21:05.298Z,KXBTC15M-26MAY170230-30,BTC price up in next 15 mins?,KXBTC15M-26MAY170230,2026-05-17T06:30:00Z,active,0.098,0.11,0.89,0.902,0.10400000000000001,0.11,186327.81,110503.35,26.0,564.37,2026-05-17T06:21:05.354Z,btc-updown-15m-1778998500,"Bitcoin Up or Down - May 17, 2:15AM-2:30AM ET",btc-updown-15m-1778998500,2026-05-17T06:30:00Z,,0.08,0.09,0.91,0.92,0.08499999999999999,0.53,5023.357331000003,,17.9,430.05,2026-05-17T06:21:05.354Z,BRTI,78135.83,78164.62,78146.6075,60,Polymarket RTDS,78086.3578144338,78159.17989803682,1.03,0.992,
2026-05-17T06:21:07.802Z,2026-05-17T06:21:07.304Z,KXBTC15M-26MAY170230-30,BTC price up in next 15 mins?,KXBTC15M-26MAY170230,2026-05-17T06:30:00Z,active,0.099,0.1,0.9,0.901,0.0995,0.11,186327.81,110503.35,133.92,75.0,2026-05-17T06:21:07.350Z,btc-updown-15m-1778998500,"Bitcoin Up or Down - May 17, 2:15AM-2:30AM ET",btc-updown-15m-1778998500,2026-05-17T06:30:00Z,,0.08,0.09,0.91,0.92,0.08499999999999999,0.53,5023.357331000003,,17.8,435.54,2026-05-17T06:21:07.350Z,BRTI,78114.31,78164.62,78146.234,60,Polymarket RTDS,78086.45572821959,78159.17989803682,1.02,0.991,
2026-05-17T06:21:09.847Z,2026-05-17T06:21:09.314Z,KXBTC15M-26MAY170230-30,BTC price up in next 15 mins?,KXBTC15M-26MAY170230,2026-05-17T06:30:00Z,active,0.095,0.098,0.902,0.905,0.0965,0.11,186327.81,110503.35,783.17,500.0,2026-05-17T06:21:09.392Z,btc-updown-15m-1778998500,"Bitcoin Up or Down - May 17, 2:15AM-2:30AM ET",btc-updown-15m-1778998500,2026-05-17T06:30:00Z,,0.08,0.09,0.91,0.92,0.08499999999999999,0.53,5023.357331000003,,29.21,415.37,2026-05-17T06:21:09.392Z,BRTI,78089.51,78164.62,78145.14183333333,60,Polymarket RTDS,78086.02552853726,78159.17989803682,1.018,0.995,
2026-05-17T06:21:11.828Z,2026-05-17T06:21:11.312Z,KXBTC15M-26MAY170230-30,BTC price up in next 15 mins?,KXBTC15M-26MAY170230,2026-05-17T06:30:00Z,active,0.1,0.11,0.89,0.9,0.10500000000000001,0.11,186327.81,110503.35,48.0,3403.21,2026-05-17T06:21:11.363Z,btc-updown-15m-1778998500,"Bitcoin Up or Down - May 17, 2:15AM-2:30AM ET",btc-updown-15m-1778998500,2026-05-17T06:30:00Z,,0.07,0.08,0.92,0.93,0.07500000000000001,0.53,5023.357331000003,,2937.0,268.49,2026-05-17T06:21:11.363Z,BRTI,78089.51,78164.62,78144.03766666666,60,Polymarket RTDS,78086.02934011965,78159.17989803682,1.04,0.98,
2026-05-17T06:21:13.940Z,2026-05-17T06:21:13.302Z,KXBTC15M-26MAY170230-30,BTC price up in next 15 mins?,KXBTC15M-26MAY170230,2026-05-17T06:30:00Z,active,0.14,0.15,0.85,0.86,0.14500000000000002,0.11,186327.81,110503.35,211.75,548.51,2026-05-17T06:21:13.347Z,btc-updown-15m-1778998500,"Bitcoin Up or Down - May 17, 2:15AM-2:30AM ET",btc-updown-15m-1778998500,2026-05-17T06:30:00Z,,0.07,0.09,0.91,0.93,0.08,0.53,5023.357331000003,,3098.97,82.35,2026-05-17T06:21:13.347Z,BRTI,78158.27,78164.62,78143.82599999999,60,Polymarket RTDS,78085.61062209288,78159.17989803682,1.08,0.95,
2026-05-17T06:21:15.842Z,2026-05-17T06:21:15.318Z,KXBTC15M-26MAY170230-30,BTC price up in next 15 mins?,KXBTC15M-26MAY170230,2026-05-17T06:30:00Z,active,0.14,0.15,0.85,0.86,0.14500000000000002,0.11,186327.81,110503.35,160.77,405.22,2026-05-17T06:21:15.367Z,btc-updown-15m-1778998500,"Bitcoin Up or Down - May 17, 2:15AM-2:30AM ET",btc-updown-15m-1778998500,2026-05-17T06:30:00Z,,0.1,0.11,0.89,0.9,0.10500000000000001,0.53,5023.357331000003,,72.0,102.03,2026-05-17T06:21:15.367Z,BRTI,78115.66,78164.62,78143.12049999999,60,Polymarket RTDS,78093.59804780291,78159.17989803682,1.05,0.97,
2026-05-17T06:21:17.818Z,2026-05-17T06:21:17.307Z,KXBTC15M-26MAY170230-30,BTC price up in next 15 mins?,KXBTC15M-26MAY170230,2026-05-17T06:30:00Z,active,0.14,0.15,0.85,0.86,0.14500000000000002,0.11,186327.81,110503.35,142.4,192.99,2026-05-17T06:21:17.356Z,btc-updown-15m-1778998500,"Bitcoin Up or Down - May 17, 2:15AM-2:30AM ET",btc-updown-15m-1778998500,2026-05-17T06:30:00Z,,0.1,0.11,0.89,0.9,0.10500000000000001,0.53,5023.357331000003,,216.99,259.0,2026-05-17T06:21:17.357Z,BRTI,78115.66,78164.62,78142.45333333334,60,Polymarket RTDS,78094.57854196943,78159.17989803682,1.05,0.97,
2026-05-17T06:21:19.787Z,2026-05-17T06:21:19.299Z,KXBTC15M-26MAY170230-30,BTC price up in next 15 mins?,KXBTC15M-26MAY170230,2026-05-17T06:30:00Z,active,0.14,0.15,0.85,0.86,0.14500000000000002,0.11,186327.81,110503.35,79.71,496.58,2026-05-17T06:21:19.345Z,btc-updown-15m-1778998500,"Bitcoin Up or Down - May 17, 2:15AM-2:30AM ET",btc-updown-15m-1778998500,2026-05-17T06:30:00Z,,0.1,0.11,0.89,0.9,0.10500000000000001,0.53,5023.357331000003,,191.3,264.0,2026-05-17T06:21:19.345Z,BRTI,78090.59,78164.62,78141.388,60,Polymarket RTDS,78094.58738624968,78159.17989803682,1.05,0.97,
2026-05-17T06:21:21.789Z,2026-05-17T06:21:21.316Z,KXBTC15M-26MAY170230-30,BTC price up in next 15 mins?,KXBTC15M-26MAY170230,2026-05-17T06:30:00Z,active,0.14,0.15,0.85,0.86,0.14500000000000002,0.11,186327.81,110503.35,2008.23,3302.98,2026-05-17T06:21:21.359Z,btc-updown-15m-1778998500,"Bitcoin Up or Down - May 17, 2:15AM-2:30AM ET",btc-updown-15m-1778998500,2026-05-17T06:30:00Z,,0.1,0.11,0.89,0.9,0.10500000000000001,0.53,5023.357331000003,,187.62,184.42,2026-05-17T06:21:21.359Z,BRTI,78152.62,78164.62,78141.33566666667,60,Polymarket RTDS,78094.5943991367,78159.17989803682,1.05,0.97,
2026-05-17T06:21:25.558Z,2026-05-17T06:21:23.316Z,KXBTC15M-26MAY170230-30,BTC price up in next 15 mins?,KXBTC15M-26MAY170230,2026-05-17T06:30:00Z,active,0.14,0.15,0.85,0.86,0.14500000000000002,0.15,217333.35,117615.49,1773.98,3461.51,2026-05-17T06:21:23.366Z,btc-updown-15m-1778998500,"Bitcoin Up or Down - May 17, 2:15AM-2:30AM ET",btc-updown-15m-1778998500,2026-05-17T06:30:00Z,,0.1,0.11,0.89,0.9,0.10500000000000001,0.53,5023.357331000003,,187.62,129.8,2026-05-17T06:21:23.366Z,BRTI,78152.62,78164.62,78141.28333333334,60,Polymarket RTDS,78094.59160730302,78159.17989803682,1.05,0.97,
2026-05-17T06:21:26.537Z,2026-05-17T06:21:26.059Z,KXBTC15M-26MAY170230-30,BTC price up in next 15 mins?,KXBTC15M-26MAY170230,2026-05-17T06:30:00Z,active,0.14,0.15,0.85,0.86,0.14500000000000002,0.15,217333.35,117615.49,1327.34,3354.34,2026-05-17T06:21:26.107Z,btc-updown-15m-1778998500,"Bitcoin Up or Down - May 17, 2:15AM-2:30AM ET",btc-updown-15m-1778998500,2026-05-17T06:30:00Z,,0.1,0.11,0.89,0.9,0.10500000000000001,0.53,5023.357331000003,,182.56,121.29,2026-05-17T06:21:26.107Z,BRTI,78090.59,78164.62,78140.15999999999,60,Polymarket RTDS,78094.5822214754,78159.17989803682,1.05,0.97,
2026-05-17T06:21:28.589Z,2026-05-17T06:21:28.048Z,KXBTC15M-26MAY170230-30,BTC price up in next 15 mins?,KXBTC15M-26MAY170230,2026-05-17T06:30:00Z,active,0.14,0.15,0.85,0.86,0.14500000000000002,0.15,217333.35,117615.49,514.16,3870.39,2026-05-17T06:21:28.091Z,btc-updown-15m-1778998500,"Bitcoin Up or Down - May 17, 2:15AM-2:30AM ET",btc-updown-15m-1778998500,2026-05-17T06:30:00Z,,0.1,0.11,0.89,0.9,0.10500000000000001,0.53,5023.357331000003,,124.4,121.29,2026-05-17T06:21:28.091Z,BRTI,78158.27,78164.62,78140.21383333333,60,Polymarket RTDS,78094.57903366856,78159.17989803682,1.05,0.97,
2026-05-17T06:21:30.540Z,2026-05-17T06:21:30.035Z,KXBTC15M-26MAY170230-30,BTC price up in next 15 mins?,KXBTC15M-26MAY170230,2026-05-17T06:30:00Z,active,0.14,0.15,0.85,0.86,0.14500000000000002,0.15,217333.35,117615.49,488.16,1720.13,2026-05-17T06:21:30.084Z,btc-updown-15m-1778998500,"Bitcoin Up or Down - May 17, 2:15AM-2:30AM ET",btc-updown-15m-1778998500,2026-05-17T06:30:00Z,,0.1,0.11,0.89,0.9,0.10500000000000001,0.53,5023.357331000003,,189.4,112.19,2026-05-17T06:21:30.085Z,BRTI,78090.59,78164.62,78139.12883333332,60,Polymarket RTDS,78095.26822698062,78159.17989803682,1.05,0.97,
2026-05-17T06:21:32.864Z,2026-05-17T06:21:32.035Z,KXBTC15M-26MAY170230-30,BTC price up in next 15 mins?,KXBTC15M-26MAY170230,2026-05-17T06:30:00Z,active,0.13,0.14,0.86,0.87,0.135,0.15,217333.35,117615.49,220.69,1325.94,2026-05-17T06:21:32.083Z,btc-updown-15m-1778998500,"Bitcoin Up or Down - May 17, 2:15AM-2:30AM ET",btc-updown-15m-1778998500,2026-05-17T06:30:00Z,,0.1,0.11,0.89,0.9,0.10500000000000001,0.53,5023.357331000003,,107.41,113.09,2026-05-17T06:21:32.083Z,BRTI,78115.66,78164.62,78138.48133333333,60,Polymarket RTDS,78095.26268078054,78159.17989803682,1.04,0.98,
2026-05-17T06:21:34.567Z,2026-05-17T06:21:34.043Z,KXBTC15M-26MAY170230-30,BTC price up in next 15 mins?,KXBTC15M-26MAY170230,2026-05-17T06:30:00Z,active,0.12,0.13,0.87,0.88,0.125,0.15,217333.35,117615.49,291.0,71.46,2026-05-17T06:21:34.092Z,btc-updown-15m-1778998500,"Bitcoin Up or Down - May 17, 2:15AM-2:30AM ET",btc-updown-15m-1778998500,2026-05-17T06:30:00Z,,0.1,0.11,0.89,0.9,0.10500000000000001,0.53,5023.357331000003,,109.06,163.97,2026-05-17T06:21:34.092Z,BRTI,78106.37,78164.62,78137.99033333334,60,Polymarket RTDS,78093.82212637737,78159.17989803682,1.03,0.99,
2026-05-17T06:21:36.560Z,2026-05-17T06:21:36.044Z,KXBTC15M-26MAY170230-30,BTC price up in next 15 mins?,KXBTC15M-26MAY170230,2026-05-17T06:30:00Z,active,0.12,0.13,0.87,0.88,0.125,0.15,217333.35,117615.49,111.34,473.54,2026-05-17T06:21:36.091Z,btc-updown-15m-1778998500,"Bitcoin Up or Down - May 17, 2:15AM-2:30AM ET",btc-updown-15m-1778998500,2026-05-17T06:30:00Z,,0.1,0.11,0.89,0.9,0.10500000000000001,0.53,5023.357331000003,,30.0,148.12,2026-05-17T06:21:36.091Z,BRTI,78114.31,78164.62,78137.26233333333,60,Polymarket RTDS,78093.45257360484,78159.17989803682,1.03,0.99,
2026-05-17T06:21:38.590Z,2026-05-17T06:21:38.035Z,KXBTC15M-26MAY170230-30,BTC price up in next 15 mins?,KXBTC15M-26MAY170230,2026-05-17T06:30:00Z,active,0.12,0.13,0.87,0.88,0.125,0.15,217333.35,117615.49,99.0,375.2,2026-05-17T06:21:38.129Z,btc-updown-15m-1778998500,"Bitcoin Up or Down - May 17, 2:15AM-2:30AM ET",btc-updown-15m-1778998500,2026-05-17T06:30:00Z,,0.09,0.1,0.9,0.91,0.095,0.53,5023.357331000003,,206.75,179.11,2026-05-17T06:21:38.129Z,BRTI,78089.51,78164.62,78136.15816666668,60,Polymarket RTDS,78092.78424407286,78159.17989803682,1.04,0.98,
2026-05-17T06:21:40.563Z,2026-05-17T06:21:40.056Z,KXBTC15M-26MAY170230-30,BTC price up in next 15 mins?,KXBTC15M-26MAY170230,2026-05-17T06:30:00Z,active,0.11,0.12,0.88,0.89,0.11499999999999999,0.15,217333.35,117615.49,169.0,400.0,2026-05-17T06:21:40.107Z,btc-updown-15m-1778998500,"Bitcoin Up or Down - May 17, 2:15AM-2:30AM ET",btc-updown-15m-1778998500,2026-05-17T06:30:00Z,,0.09,0.1,0.9,0.91,0.095,0.53,5023.357331000003,,169.13,167.11,2026-05-17T06:21:40.107Z,BRTI,78115.66,78164.62,78135.45266666666,60,Polymarket RTDS,78092.74144743611,78159.17989803682,1.03,0.99,
2026-05-17T06:21:42.578Z,2026-05-17T06:21:42.047Z,KXBTC15M-26MAY170230-30,BTC price up in next 15 mins?,KXBTC15M-26MAY170230,2026-05-17T06:30:00Z,active,0.11,0.12,0.88,0.89,0.11499999999999999,0.15,217333.35,117615.49,324.73,596.42,2026-05-17T06:21:42.096Z,btc-updown-15m-1778998500,"Bitcoin Up or Down - May 17, 2:15AM-2:30AM ET",btc-updown-15m-1778998500,2026-05-17T06:30:00Z,,0.1,0.11,0.89,0.9,0.10500000000000001,0.53,5023.357331000003,,37.19,414.65,2026-05-17T06:21:42.096Z,BRTI,78092.63,78164.62,78134.71783333334,60,Polymarket RTDS,78092.64228747369,78159.17989803682,1.02,1.0,
2026-05-17T06:21:44.555Z,2026-05-17T06:21:44.049Z,KXBTC15M-26MAY170230-30,BTC price up in next 15 mins?,KXBTC15M-26MAY170230,2026-05-17T06:30:00Z,active,0.11,0.12,0.88,0.89,0.11499999999999999,0.15,217333.35,117615.49,2297.73,1501.17,2026-05-17T06:21:44.093Z,btc-updown-15m-1778998500,"Bitcoin Up or Down - May 17, 2:15AM-2:30AM ET",btc-updown-15m-1778998500,2026-05-17T06:30:00Z,,0.09,0.1,0.9,0.91,0.095,0.53,5023.357331000003,,165.77,245.03,2026-05-17T06:21:44.093Z,BRTI,78106.37,78164.62,78133.91549999999,60,Polymarket RTDS,78095.00424502938,78159.17989803682,1.03,0.99,
2026-05-17T06:21:46.536Z,2026-05-17T06:21:46.058Z,KXBTC15M-26MAY170230-30,BTC price up in next 15 mins?,KXBTC15M-26MAY170230,2026-05-17T06:30:00Z,active,0.08,0.081,0.919,0.92,0.0805,0.15,217333.35,117615.49,121.0,107.16,2026-05-17T06:21:46.102Z,btc-updown-15m-1778998500,"Bitcoin Up or Down - May 17, 2:15AM-2:30AM ET",btc-updown-15m-1778998500,2026-05-17T06:30:00Z,,0.09,0.1,0.9,0.91,0.095,0.53,5023.357331000003,,144.14,91.97,2026-05-17T06:21:46.102Z,BRTI,78092.63,78164.62,78132.91566666665,60,Polymarket RTDS,78095.19539021635,78159.17989803682,0.991,1.02,
2026-05-17T06:21:48.546Z,2026-05-17T06:21:48.041Z,KXBTC15M-26MAY170230-30,BTC price up in next 15 mins?,KXBTC15M-26MAY170230,2026-05-17T06:30:00Z,active,0.094,0.098,0.902,0.906,0.096,0.15,217333.35,117615.49,44.39,500.0,2026-05-17T06:21:48.089Z,btc-updown-15m-1778998500,"Bitcoin Up or Down - May 17, 2:15AM-2:30AM ET",btc-updown-15m-1778998500,2026-05-17T06:30:00Z,,0.09,0.1,0.9,0.91,0.095,0.53,5023.357331000003,,144.14,91.97,2026-05-17T06:21:48.090Z,BRTI,78089.51,78164.62,78131.83233333332,60,Polymarket RTDS,78095.39555095788,78159.17989803682,1.008,1.006,
2026-05-17T06:21:50.539Z,2026-05-17T06:21:50.036Z,KXBTC15M-26MAY170230-30,BTC price up in next 15 mins?,KXBTC15M-26MAY170230,2026-05-17T06:30:00Z,active,0.073,0.074,0.926,0.927,0.0735,0.15,217333.35,117615.49,146.0,125.0,2026-05-17T06:21:50.091Z,btc-updown-15m-1778998500,"Bitcoin Up or Down - May 17, 2:15AM-2:30AM ET",btc-updown-15m-1778998500,2026-05-17T06:30:00Z,,0.09,0.1,0.9,0.91,0.095,0.53,5023.357331000003,,138.8,130.26,2026-05-17T06:21:50.091Z,BRTI,78101.14,78164.62,78130.922,60,Polymarket RTDS,78095.31976216477,78159.17989803682,0.984,1.0270000000000001,
2026-05-17T06:21:52.540Z,2026-05-17T06:21:52.050Z,KXBTC15M-26MAY170230-30,BTC price up in next 15 mins?,KXBTC15M-26MAY170230,2026-05-17T06:30:00Z,active,0.074,0.078,0.922,0.926,0.076,0.078,259486.58,130469.40,125.0,475.49,2026-05-17T06:21:52.097Z,btc-updown-15m-1778998500,"Bitcoin Up or Down - May 17, 2:15AM-2:30AM ET",btc-updown-15m-1778998500,2026-05-17T06:30:00Z,,0.09,0.1,0.9,0.91,0.095,0.53,5023.357331000003,,65.68,137.96,2026-05-17T06:21:52.097Z,BRTI,78092.63,78164.62,78129.86983333333,60,Polymarket RTDS,78094.35048701985,78159.17989803682,0.988,1.026,
2026-05-17T06:21:54.549Z,2026-05-17T06:21:54.050Z,KXBTC15M-26MAY170230-30,BTC price up in next 15 mins?,KXBTC15M-26MAY170230,2026-05-17T06:30:00Z,active,0.08,0.082,0.918,0.92,0.081,0.078,259486.58,130469.40,75.0,139.73,2026-05-17T06:21:54.095Z,btc-updown-15m-1778998500,"Bitcoin Up or Down - May 17, 2:15AM-2:30AM ET",btc-updown-15m-1778998500,2026-05-17T06:30:00Z,,0.09,0.1,0.9,0.91,0.095,0.53,5023.357331000003,,60.68,141.16,2026-05-17T06:21:54.095Z,BRTI,78103.14,78164.62,78129.325,60,Polymarket RTDS,78092.25945051985,78159.17989803682,0.992,1.02,
2026-05-17T06:21:56.562Z,2026-05-17T06:21:56.055Z,KXBTC15M-26MAY170230-30,BTC price up in next 15 mins?,KXBTC15M-26MAY170230,2026-05-17T06:30:00Z,active,0.08,0.081,0.919,0.92,0.0805,0.078,259486.58,130469.40,50.0,0.81,2026-05-17T06:21:56.111Z,btc-updown-15m-1778998500,"Bitcoin Up or Down - May 17, 2:15AM-2:30AM ET",btc-updown-15m-1778998500,2026-05-17T06:30:00Z,,0.09,0.1,0.9,0.91,0.095,0.53,5023.357331000003,,60.68,136.16,2026-05-17T06:21:56.111Z,BRTI,78101.14,78164.62,78128.42666666667,60,Polymarket RTDS,78092.58420136859,78159.17989803682,0.991,1.02,
2026-05-17T06:21:58.565Z,2026-05-17T06:21:58.055Z,KXBTC15M-26MAY170230-30,BTC price up in next 15 mins?,KXBTC15M-26MAY170230,2026-05-17T06:30:00Z,active,0.079,0.084,0.916,0.921,0.0815,0.078,259486.58,130469.40,82.93,79.33,2026-05-17T06:21:58.106Z,btc-updown-15m-1778998500,"Bitcoin Up or Down - May 17, 2:15AM-2:30AM ET",btc-updown-15m-1778998500,2026-05-17T06:30:00Z,,0.09,0.1,0.9,0.91,0.095,0.53,5023.357331000003,,2.08,141.16,2026-05-17T06:21:58.106Z,BRTI,78114.31,78164.62,78127.737,60,Polymarket RTDS,78093.543165,78159.17989803682,0.994,1.0210000000000001,
2026-05-17T06:22:00.586Z,2026-05-17T06:22:00.050Z,KXBTC15M-26MAY170230-30,BTC price up in next 15 mins?,KXBTC15M-26MAY170230,2026-05-17T06:30:00Z,active,0.08,0.086,0.914,0.92,0.08299999999999999,0.078,259486.58,130469.40,190.67,3.15,2026-05-17T06:22:00.116Z,btc-updown-15m-1778998500,"Bitcoin Up or Down - May 17, 2:15AM-2:30AM ET",btc-updown-15m-1778998500,2026-05-17T06:30:00Z,,0.09,0.1,0.9,0.91,0.095,0.53,5023.357331000003,,7.08,253.96,2026-05-17T06:22:00.116Z,BRTI,78114.31,78164.62,78127.04616666665,60,Polymarket RTDS,78094.4652821098,78159.17989803682,0.996,1.02,
2026-05-17T06:22:02.580Z,2026-05-17T06:22:02.063Z,KXBTC15M-26MAY170230-30,BTC price up in next 15 mins?,KXBTC15M-26MAY170230,2026-05-17T06:30:00Z,active,0.084,0.088,0.912,0.916,0.086,0.078,259486.58,130469.40,281.72,500.0,2026-05-17T06:22:02.132Z,btc-updown-15m-1778998500,"Bitcoin Up or Down - May 17, 2:15AM-2:30AM ET",btc-updown-15m-1778998500,2026-05-17T06:30:00Z,,0.08,0.09,0.91,0.92,0.08499999999999999,0.53,5023.357331000003,,99.56,96.25,2026-05-17T06:22:02.132Z,BRTI,78101.14,78164.62,78126.13583333333,60,Polymarket RTDS,78094.01262208905,78159.17989803682,1.008,1.006,
2026-05-17T06:22:04.586Z,2026-05-17T06:22:04.048Z,KXBTC15M-26MAY170230-30,BTC price up in next 15 mins?,KXBTC15M-26MAY170230,2026-05-17T06:30:00Z,active,0.084,0.087,0.913,0.916,0.08549999999999999,0.078,259486.58,130469.40,267.72,75.0,2026-05-17T06:22:04.108Z,btc-updown-15m-1778998500,"Bitcoin Up or Down - May 17, 2:15AM-2:30AM ET",btc-updown-15m-1778998500,2026-05-17T06:30:00Z,,0.08,0.09,0.91,0.92,0.08499999999999999,0.53,5023.357331000003,,112.18,182.06,2026-05-17T06:22:04.108Z,BRTI,78092.63,78164.62,78125.08366666666,60,Polymarket RTDS,78093.8902538323,78159.17989803682,1.0070000000000001,1.006,
2026-05-17T06:22:08.274Z,2026-05-17T06:22:06.045Z,KXBTC15M-26MAY170230-30,BTC price up in next 15 mins?,KXBTC15M-26MAY170230,2026-05-17T06:30:00Z,active,0.084,0.087,0.913,0.916,0.08549999999999999,0.078,259486.58,130469.40,218.04,105.65,2026-05-17T06:22:06.099Z,btc-updown-15m-1778998500,"Bitcoin Up or Down - May 17, 2:15AM-2:30AM ET",btc-updown-15m-1778998500,2026-05-17T06:30:00Z,,0.08,0.09,0.91,0.92,0.08499999999999999,0.53,5023.357331000003,,69.02,282.06,2026-05-17T06:22:06.099Z,BRTI,78092.63,78164.62,78124.0315,60,Polymarket RTDS,78093.32885625653,78159.17989803682,1.0070000000000001,1.006,
2026-05-17T06:22:09.262Z,2026-05-17T06:22:08.771Z,KXBTC15M-26MAY170230-30,BTC price up in next 15 mins?,KXBTC15M-26MAY170230,2026-05-17T06:30:00Z,active,0.081,0.087,0.913,0.919,0.08399999999999999,0.078,259486.58,130469.40,140.41,554.88,2026-05-17T06:22:08.817Z,btc-updown-15m-1778998500,"Bitcoin Up or Down - May 17, 2:15AM-2:30AM ET",btc-updown-15m-1778998500,2026-05-17T06:30:00Z,,0.08,0.09,0.91,0.92,0.08499999999999999,0.53,5023.357331000003,,69.02,289.06,2026-05-17T06:22:08.817Z,BRTI,78101.14,78164.62,78123.1165,60,Polymarket RTDS,78093.03444116961,78159.17989803682,1.0070000000000001,1.0090000000000001,
2026-05-17T06:22:11.416Z,2026-05-17T06:22:10.750Z,KXBTC15M-26MAY170230-30,BTC price up in next 15 mins?,KXBTC15M-26MAY170230,2026-05-17T06:30:00Z,active,0.081,0.087,0.913,0.919,0.08399999999999999,0.078,259486.58,130469.40,60.41,32.45,2026-05-17T06:22:10.798Z,btc-updown-15m-1778998500,"Bitcoin Up or Down - May 17, 2:15AM-2:30AM ET",btc-updown-15m-1778998500,2026-05-17T06:30:00Z,,0.08,0.09,0.91,0.92,0.08499999999999999,0.53,5023.357331000003,,63.96,289.06,2026-05-17T06:22:10.798Z,BRTI,78092.63,78164.62,78122.3965,60,Polymarket RTDS,78092.94930070333,78159.17989803682,1.0070000000000001,1.0090000000000001,
2026-05-17T06:22:14.982Z,2026-05-17T06:22:12.758Z,KXBTC15M-26MAY170230-30,BTC price up in next 15 mins?,KXBTC15M-26MAY170230,2026-05-17T06:30:00Z,active,0.08,0.087,0.913,0.92,0.08349999999999999,0.078,259486.58,130469.40,201.48,155.65,2026-05-17T06:22:12.804Z,btc-updown-15m-1778998500,"Bitcoin Up or Down - May 17, 2:15AM-2:30AM ET",btc-updown-15m-1778998500,2026-05-17T06:30:00Z,,0.07,0.08,0.92,0.93,0.07500000000000001,0.53,5023.357331000003,,3035.99,91.2,2026-05-17T06:22:12.804Z,BRTI,78092.63,78164.62,78121.35633333333,60,Polymarket RTDS,78091.8487030013,78159.17989803682,1.0170000000000001,1.0,
2026-05-17T06:22:16.629Z,2026-05-17T06:22:15.470Z,KXBTC15M-26MAY170230-30,BTC price up in next 15 mins?,KXBTC15M-26MAY170230,2026-05-17T06:30:00Z,active,0.081,0.088,0.912,0.919,0.08449999999999999,0.078,259486.58,130469.40,82.41,436.62,2026-05-17T06:22:15.514Z,btc-updown-15m-1778998500,"Bitcoin Up or Down - May 17, 2:15AM-2:30AM ET",btc-updown-15m-1778998500,2026-05-17T06:30:00Z,,0.07,0.08,0.92,0.93,0.07500000000000001,0.53,5023.357331000003,,3080.99,109.81,2026-05-17T06:22:15.514Z,BRTI,78114.31,78164.62,78120.66666666667,60,Polymarket RTDS,78091.72578930488,78159.17989803682,1.018,0.999,
2026-05-17T06:22:17.979Z,2026-05-17T06:22:17.473Z,KXBTC15M-26MAY170230-30,BTC price up in next 15 mins?,KXBTC15M-26MAY170230,2026-05-17T06:30:00Z,active,0.079,0.08,0.92,0.921,0.0795,0.078,259486.58,130469.40,1907.24,72.17,2026-05-17T06:22:17.517Z,btc-updown-15m-1778998500,"Bitcoin Up or Down - May 17, 2:15AM-2:30AM ET",btc-updown-15m-1778998500,2026-05-17T06:30:00Z,,0.07,0.08,0.92,0.93,0.07500000000000001,0.53,5023.357331000003,,2946.88,130.5,2026-05-17T06:22:17.517Z,BRTI,78115.66,78164.62,78120.01916666668,60,Polymarket RTDS,78091.38188951634,78159.17989803682,1.01,1.0010000000000001,
2026-05-17T06:22:19.959Z,2026-05-17T06:22:19.461Z,KXBTC15M-26MAY170230-30,BTC price up in next 15 mins?,KXBTC15M-26MAY170230,2026-05-17T06:30:00Z,active,0.079,0.082,0.918,0.921,0.0805,0.078,259486.58,130469.40,1901.24,53.21,2026-05-17T06:22:19.507Z,btc-updown-15m-1778998500,"Bitcoin Up or Down - May 17, 2:15AM-2:30AM ET",btc-updown-15m-1778998500,2026-05-17T06:30:00Z,,0.07,0.08,0.92,0.93,0.07500000000000001,0.53,5023.357331000003,,2984.09,196.47,2026-05-17T06:22:19.507Z,BRTI,78106.37,78164.62,78119.19716666666,60,Polymarket RTDS,78091.56046769867,78159.17989803682,1.012,1.0010000000000001,
2026-05-17T06:22:21.970Z,2026-05-17T06:22:21.463Z,KXBTC15M-26MAY170230-30,BTC price up in next 15 mins?,KXBTC15M-26MAY170230,2026-05-17T06:30:00Z,active,0.08,0.088,0.912,0.92,0.08399999999999999,0.078,259486.58,130469.40,128.09,252.62,2026-05-17T06:22:21.511Z,btc-updown-15m-1778998500,"Bitcoin Up or Down - May 17, 2:15AM-2:30AM ET",btc-updown-15m-1778998500,2026-05-17T06:30:00Z,,0.07,0.08,0.92,0.93,0.07500000000000001,0.53,5023.357331000003,,2984.09,216.47,2026-05-17T06:22:21.511Z,BRTI,78115.66,78164.62,78118.58116666667,60,Polymarket RTDS,78089.81168390349,78159.17989803682,1.018,1.0,
2026-05-17T06:22:24.063Z,2026-05-17T06:22:23.475Z,KXBTC15M-26MAY170230-30,BTC price up in next 15 mins?,KXBTC15M-26MAY170230,2026-05-17T06:30:00Z,active,0.08,0.088,0.912,0.92,0.08399999999999999,0.088,268499.74,134097.16,108.67,500.0,2026-05-17T06:22:23.519Z,btc-updown-15m-1778998500,"Bitcoin Up or Down - May 17, 2:15AM-2:30AM ET",btc-updown-15m-1778998500,2026-05-17T06:30:00Z,,0.07,0.08,0.92,0.93,0.07500000000000001,0.53,5023.357331000003,,2897.26,216.47,2026-05-17T06:22:23.519Z,BRTI,78101.14,78164.62,78117.629,60,Polymarket RTDS,78089.362289042,78159.17989803682,1.018,1.0,
2026-05-17T06:22:26.006Z,2026-05-17T06:22:25.482Z,KXBTC15M-26MAY170230-30,BTC price up in next 15 mins?,KXBTC15M-26MAY170230,2026-05-17T06:30:00Z,active,0.079,0.081,0.919,0.921,0.08,0.088,268499.74,134097.16,769.81,36237.25,2026-05-17T06:22:25.533Z,btc-updown-15m-1778998500,"Bitcoin Up or Down - May 17, 2:15AM-2:30AM ET",btc-updown-15m-1778998500,2026-05-17T06:30:00Z,,0.07,0.08,0.92,0.93,0.07500000000000001,0.53,5023.357331000003,,2897.26,212.92,2026-05-17T06:22:25.533Z,BRTI,78092.63,78164.62,78116.57683333334,60,Polymarket RTDS,78089.38245886688,78159.17989803682,1.0110000000000001,1.0010000000000001,
2026-05-17T06:22:27.971Z,2026-05-17T06:22:27.471Z,KXBTC15M-26MAY170230-30,BTC price up in next 15 mins?,KXBTC15M-26MAY170230,2026-05-17T06:30:00Z,active,0.08,0.081,0.919,0.92,0.0805,0.088,268499.74,134097.16,20.4,35867.77,2026-05-17T06:22:27.515Z,btc-updown-15m-1778998500,"Bitcoin Up or Down - May 17, 2:15AM-2:30AM ET",btc-updown-15m-1778998500,2026-05-17T06:30:00Z,,0.07,0.08,0.92,0.93,0.07500000000000001,0.53,5023.357331000003,,2877.26,353.71,2026-05-17T06:22:27.515Z,BRTI,78103.14,78164.62,78115.69983333333,60,Polymarket RTDS,78089.50671864883,78159.17989803682,1.0110000000000001,1.0,
2026-05-17T06:22:29.965Z,2026-05-17T06:22:29.467Z,KXBTC15M-26MAY170230-30,BTC price up in next 15 mins?,KXBTC15M-26MAY170230,2026-05-17T06:30:00Z,active,0.079,0.08,0.92,0.921,0.0795,0.088,268499.74,134097.16,613.81,2.95,2026-05-17T06:22:29.513Z,btc-updown-15m-1778998500,"Bitcoin Up or Down - May 17, 2:15AM-2:30AM ET",btc-updown-15m-1778998500,2026-05-17T06:30:00Z,,0.07,0.08,0.92,0.93,0.07500000000000001,0.53,5023.357331000003,,2879.03,284.28,2026-05-17T06:22:29.513Z,BRTI,78103.14,78164.62,78114.82283333334,60,Polymarket RTDS,78089.22638606826,78159.17989803682,1.01,1.0010000000000001,
2026-05-17T06:22:33.715Z,2026-05-17T06:22:31.474Z,KXBTC15M-26MAY170230-30,BTC price up in next 15 mins?,KXBTC15M-26MAY170230,2026-05-17T06:30:00Z,active,0.079,0.08,0.92,0.921,0.0795,0.088,268499.74,134097.16,492.35,595.06,2026-05-17T06:22:31.530Z,btc-updown-15m-1778998500,"Bitcoin Up or Down - May 17, 2:15AM-2:30AM ET",btc-updown-15m-1778998500,2026-05-17T06:30:00Z,,0.07,0.08,0.92,0.93,0.07500000000000001,0.53,5023.357331000003,,2853.97,247.44,2026-05-17T06:22:31.530Z,BRTI,78103.14,78164.62,78113.94116666666,60,Polymarket RTDS,78089.05071155686,78159.17989803682,1.01,1.0010000000000001,
2026-05-17T06:22:34.710Z,2026-05-17T06:22:34.206Z,KXBTC15M-26MAY170230-30,BTC price up in next 15 mins?,KXBTC15M-26MAY170230,2026-05-17T06:30:00Z,active,0.071,0.075,0.925,0.929,0.073,0.088,268499.74,134097.16,93.2,10.0,2026-05-17T06:22:34.250Z,btc-updown-15m-1778998500,"Bitcoin Up or Down - May 17, 2:15AM-2:30AM ET",btc-updown-15m-1778998500,2026-05-17T06:30:00Z,,0.07,0.08,0.92,0.93,0.07500000000000001,0.53,5023.357331000003,,2842.14,247.44,2026-05-17T06:22:34.250Z,BRTI,78099.14,78164.62,78112.99283333334,60,Polymarket RTDS,78089.0501701998,78159.17989803682,1.0050000000000001,1.0090000000000001,
2026-05-17T06:22:36.711Z,2026-05-17T06:22:36.213Z,KXBTC15M-26MAY170230-30,BTC price up in next 15 mins?,KXBTC15M-26MAY170230,2026-05-17T06:30:00Z,active,0.07,0.077,0.923,0.93,0.07350000000000001,0.088,268499.74,134097.16,312.0,33.2,2026-05-17T06:22:36.267Z,btc-updown-15m-1778998500,"Bitcoin Up or Down - May 17, 2:15AM-2:30AM ET",btc-updown-15m-1778998500,2026-05-17T06:30:00Z,,0.07,0.08,0.92,0.93,0.07500000000000001,0.53,5023.357331000003,,2813.86,252.44,2026-05-17T06:22:36.268Z,BRTI,78101.14,78164.62,78112.13483333333,60,Polymarket RTDS,78089.2233653008,78159.17989803682,1.0070000000000001,1.01,
2026-05-17T06:22:38.710Z,2026-05-17T06:22:38.202Z,KXBTC15M-26MAY170230-30,BTC price up in next 15 mins?,KXBTC15M-26MAY170230,2026-05-17T06:30:00Z,active,0.059,0.068,0.932,0.941,0.0635,0.088,268499.74,134097.16,135.0,425.28,2026-05-17T06:22:38.251Z,btc-updown-15m-1778998500,"Bitcoin Up or Down - May 17, 2:15AM-2:30AM ET",btc-updown-15m-1778998500,2026-05-17T06:30:00Z,,0.07,0.08,0.92,0.93,0.07500000000000001,0.53,5023.357331000003,,2813.86,277.44,2026-05-17T06:22:38.251Z,BRTI,78098.57,78164.62,78111.85,60,Polymarket RTDS,78089.33804481913,78159.17989803682,0.998,1.021,
2026-05-17T06:22:41.356Z,2026-05-17T06:22:40.218Z,KXBTC15M-26MAY170230-30,BTC price up in next 15 mins?,KXBTC15M-26MAY170230,2026-05-17T06:30:00Z,active,0.05,0.057,0.943,0.95,0.053500000000000006,0.088,268499.74,134097.16,754.47,92.76,2026-05-17T06:22:40.261Z,btc-updown-15m-1778998500,"Bitcoin Up or Down - May 17, 2:15AM-2:30AM ET",btc-updown-15m-1778998500,2026-05-17T06:30:00Z,,0.07,0.08,0.92,0.93,0.07500000000000001,0.53,5023.357331000003,,2241.45,482.94,2026-05-17T06:22:40.261Z,BRTI,78099.14,78164.62,78111.72949999999,60,Polymarket RTDS,78085.357155447,78159.17989803682,0.9870000000000001,1.03,
2026-05-17T06:22:42.749Z,2026-05-17T06:22:42.192Z,KXBTC15M-26MAY170230-30,BTC price up in next 15 mins?,KXBTC15M-26MAY170230,2026-05-17T06:30:00Z,active,0.047,0.05,0.95,0.953,0.0485,0.088,268499.74,134097.16,29.77,95.0,2026-05-17T06:22:42.235Z,btc-updown-15m-1778998500,"Bitcoin Up or Down - May 17, 2:15AM-2:30AM ET",btc-updown-15m-1778998500,2026-05-17T06:30:00Z,,0.07,0.08,0.92,0.93,0.07500000000000001,0.53,5023.357331000003,,2156.2,717.52,2026-05-17T06:22:42.235Z,BRTI,78089.51,78164.62,78110.5835,60,Polymarket RTDS,78085.30632647565,78159.17989803682,0.9800000000000001,1.033,
2026-05-17T06:22:44.723Z,2026-05-17T06:22:44.217Z,KXBTC15M-26MAY170230-30,BTC price up in next 15 mins?,KXBTC15M-26MAY170230,2026-05-17T06:30:00Z,active,0.045,0.05,0.95,0.955,0.0475,0.088,268499.74,134097.16,101.65,78.7,2026-05-17T06:22:44.266Z,btc-updown-15m-1778998500,"Bitcoin Up or Down - May 17, 2:15AM-2:30AM ET",btc-updown-15m-1778998500,2026-05-17T06:30:00Z,,0.07,0.08,0.92,0.93,0.07500000000000001,0.53,5023.357331000003,,2178.14,560.3,2026-05-17T06:22:44.266Z,BRTI,78089.51,78164.62,78110.3025,60,Polymarket RTDS,78085.2113297357,78159.17989803682,0.9800000000000001,1.035,
2026-05-17T06:22:46.708Z,2026-05-17T06:22:46.206Z,KXBTC15M-26MAY170230-30,BTC price up in next 15 mins?,KXBTC15M-26MAY170230,2026-05-17T06:30:00Z,active,0.046,0.054,0.946,0.954,0.05,0.088,268499.74,134097.16,91.27,75.0,2026-05-17T06:22:46.254Z,btc-updown-15m-1778998500,"Bitcoin Up or Down - May 17, 2:15AM-2:30AM ET",btc-updown-15m-1778998500,2026-05-17T06:30:00Z,,0.07,0.08,0.92,0.93,0.07500000000000001,0.53,5023.357331000003,,2087.69,460.3,2026-05-17T06:22:46.254Z,BRTI,78087.25,78164.62,78109.156,60,Polymarket RTDS,78084.05938751533,78159.17989803682,0.9840000000000001,1.034,
2026-05-17T06:22:48.726Z,2026-05-17T06:22:48.207Z,KXBTC15M-26MAY170230-30,BTC price up in next 15 mins?,KXBTC15M-26MAY170230,2026-05-17T06:30:00Z,active,0.047,0.054,0.946,0.953,0.0505,0.088,268499.74,134097.16,171.38,156.0,2026-05-17T06:22:48.251Z,btc-updown-15m-1778998500,"Bitcoin Up or Down - May 17, 2:15AM-2:30AM ET",btc-updown-15m-1778998500,2026-05-17T06:30:00Z,,0.07,0.08,0.92,0.93,0.07500000000000001,0.53,5023.357331000003,,2016.32,460.3,2026-05-17T06:22:48.251Z,BRTI,78089.2,78164.62,78108.364,60,Polymarket RTDS,78083.14644725232,78159.17989803682,0.9840000000000001,1.033,
2026-05-17T06:22:50.797Z,2026-05-17T06:22:50.205Z,KXBTC15M-26MAY170230-30,BTC price up in next 15 mins?,KXBTC15M-26MAY170230,2026-05-17T06:30:00Z,active,0.034,0.035,0.965,0.966,0.0345,0.088,268499.74,134097.16,171.0,249.09,2026-05-17T06:22:50.253Z,btc-updown-15m-1778998500,"Bitcoin Up or Down - May 17, 2:15AM-2:30AM ET",btc-updown-15m-1778998500,2026-05-17T06:30:00Z,,0.07,0.08,0.92,0.93,0.07500000000000001,0.53,5023.357331000003,,2011.32,465.3,2026-05-17T06:22:50.253Z,BRTI,78088.19,78164.62,78107.25866666666,60,Polymarket RTDS,78082.43102580242,78159.17989803682,0.9650000000000001,1.046,
2026-05-17T06:22:52.699Z,2026-05-17T06:22:52.191Z,KXBTC15M-26MAY170230-30,BTC price up in next 15 mins?,KXBTC15M-26MAY170230,2026-05-17T06:30:00Z,active,0.034,0.037,0.963,0.966,0.035500000000000004,0.037,286738.47,137136.83,139.0,19.32,2026-05-17T06:22:52.255Z,btc-updown-15m-1778998500,"Bitcoin Up or Down - May 17, 2:15AM-2:30AM ET",btc-updown-15m-1778998500,2026-05-17T06:30:00Z,,0.06,0.07,0.93,0.94,0.065,0.53,5023.357331000003,,24.61,457.69,2026-05-17T06:22:52.255Z,BRTI,78089.2,78164.62,78106.81766666665,60,Polymarket RTDS,78082.43564855916,78159.17989803682,0.977,1.036,
2026-05-17T06:22:54.709Z,2026-05-17T06:22:54.212Z,KXBTC15M-26MAY170230-30,BTC price up in next 15 mins?,KXBTC15M-26MAY170230,2026-05-17T06:30:00Z,active,0.032,0.037,0.963,0.968,0.0345,0.037,286738.47,137136.83,125.0,92.0,2026-05-17T06:22:54.259Z,btc-updown-15m-1778998500,"Bitcoin Up or Down - May 17, 2:15AM-2:30AM ET",btc-updown-15m-1778998500,2026-05-17T06:30:00Z,,0.06,0.07,0.93,0.94,0.065,0.53,5023.357331000003,,23.54,619.77,2026-05-17T06:22:54.260Z,BRTI,78087.25,78164.62,78106.34416666668,60,Polymarket RTDS,78081.1434323158,78159.17989803682,0.977,1.038,
2026-05-17T06:22:56.734Z,2026-05-17T06:22:56.202Z,KXBTC15M-26MAY170230-30,BTC price up in next 15 mins?,KXBTC15M-26MAY170230,2026-05-17T06:30:00Z,active,0.036,0.037,0.963,0.964,0.0365,0.037,286738.47,137136.83,938.0,7.82,2026-05-17T06:22:56.277Z,btc-updown-15m-1778998500,"Bitcoin Up or Down - May 17, 2:15AM-2:30AM ET",btc-updown-15m-1778998500,2026-05-17T06:30:00Z,,0.06,0.07,0.93,0.94,0.065,0.53,5023.357331000003,,18.54,603.77,2026-05-17T06:22:56.277Z,BRTI,78103.14,78164.62,78106.55333333333,60,Polymarket RTDS,78080.70131819297,78159.17989803682,0.977,1.034,
2026-05-17T06:22:58.701Z,2026-05-17T06:22:58.209Z,KXBTC15M-26MAY170230-30,BTC price up in next 15 mins?,KXBTC15M-26MAY170230,2026-05-17T06:30:00Z,active,0.037,0.041,0.959,0.963,0.039,0.037,286738.47,137136.83,45.12,48.62,2026-05-17T06:22:58.258Z,btc-updown-15m-1778998500,"Bitcoin Up or Down - May 17, 2:15AM-2:30AM ET",btc-updown-15m-1778998500,2026-05-17T06:30:00Z,,0.06,0.07,0.93,0.94,0.065,0.53,5023.357331000003,,18.54,603.77,2026-05-17T06:22:58.258Z,BRTI,78087.25,78164.62,78106.07983333334,60,Polymarket RTDS,78080.31724793793,78159.17989803682,0.981,1.033,
2026-05-17T06:23:00.701Z,2026-05-17T06:23:00.197Z,KXBTC15M-26MAY170230-30,BTC price up in next 15 mins?,KXBTC15M-26MAY170230,2026-05-17T06:30:00Z,active,0.036,0.041,0.959,0.964,0.0385,0.037,286738.47,137136.83,305.15,96.0,2026-05-17T06:23:00.255Z,btc-updown-15m-1778998500,"Bitcoin Up or Down - May 17, 2:15AM-2:30AM ET",btc-updown-15m-1778998500,2026-05-17T06:30:00Z,,0.06,0.07,0.93,0.94,0.065,0.53,5023.357331000003,,18.54,597.91,2026-05-17T06:23:00.255Z,BRTI,78089.2,78164.62,78105.66133333332,60,Polymarket RTDS,78078.75217015306,78159.17989803682,0.981,1.034,
2026-05-17T06:23:02.783Z,2026-05-17T06:23:02.210Z,KXBTC15M-26MAY170230-30,BTC price up in next 15 mins?,KXBTC15M-26MAY170230,2026-05-17T06:30:00Z,active,0.034,0.037,0.963,0.966,0.035500000000000004,0.037,286738.47,137136.83,27.0,45.73,2026-05-17T06:23:02.299Z,btc-updown-15m-1778998500,"Bitcoin Up or Down - May 17, 2:15AM-2:30AM ET",btc-updown-15m-1778998500,2026-05-17T06:30:00Z,,0.05,0.06,0.94,0.95,0.055,0.53,5023.357331000003,,141.82,510.9,2026-05-17T06:23:02.299Z,BRTI,78087.25,78164.62,78104.83683333333,60,Polymarket RTDS,78079.0229035761,78159.17989803682,0.987,1.026,
2026-05-17T06:23:04.729Z,2026-05-17T06:23:04.215Z,KXBTC15M-26MAY170230-30,BTC price up in next 15 mins?,KXBTC15M-26MAY170230,2026-05-17T06:30:00Z,active,0.034,0.037,0.963,0.966,0.035500000000000004,0.037,286738.47,137136.83,67.0,99.33,2026-05-17T06:23:04.262Z,btc-updown-15m-1778998500,"Bitcoin Up or Down - May 17, 2:15AM-2:30AM ET",btc-updown-15m-1778998500,2026-05-17T06:30:00Z,,0.05,0.06,0.94,0.95,0.055,0.53,5023.357331000003,,136.76,495.9,2026-05-17T06:23:04.262Z,BRTI,78099.14,78164.62,78104.56150000001,60,Polymarket RTDS,78075.18073103196,78159.17989803682,0.987,1.026,
2026-05-17T06:23:06.727Z,2026-05-17T06:23:06.206Z,KXBTC15M-26MAY170230-30,BTC price up in next 15 mins?,KXBTC15M-26MAY170230,2026-05-17T06:30:00Z,active,0.034,0.037,0.963,0.966,0.035500000000000004,0.037,286738.47,137136.83,66.0,45.71,2026-05-17T06:23:06.259Z,btc-updown-15m-1778998500,"Bitcoin Up or Down - May 17, 2:15AM-2:30AM ET",btc-updown-15m-1778998500,2026-05-17T06:30:00Z,,0.03,0.04,0.96,0.97,0.035,0.53,5023.357331000003,,1851.32,375.7,2026-05-17T06:23:06.259Z,BRTI,78097.43,78164.62,78103.5475,60,Polymarket RTDS,78076.11846251224,78159.17989803682,1.007,1.006,
2026-05-17T06:23:08.722Z,2026-05-17T06:23:08.200Z,KXBTC15M-26MAY170230-30,BTC price up in next 15 mins?,KXBTC15M-26MAY170230,2026-05-17T06:30:00Z,active,0.033,0.034,0.966,0.967,0.0335,0.037,286738.47,137136.83,139.0,34597.97,2026-05-17T06:23:08.272Z,btc-updown-15m-1778998500,"Bitcoin Up or Down - May 17, 2:15AM-2:30AM ET",btc-updown-15m-1778998500,2026-05-17T06:30:00Z,,0.03,0.04,0.96,0.97,0.035,0.53,5023.357331000003,,1568.6,82.99,2026-05-17T06:23:08.272Z,BRTI,78099.14,78164.62,78102.936,60,Polymarket RTDS,78076.60152681507,78159.17989803682,1.004,1.007,
2026-05-17T06:23:10.711Z,2026-05-17T06:23:10.199Z,KXBTC15M-26MAY170230-30,BTC price up in next 15 mins?,KXBTC15M-26MAY170230,2026-05-17T06:30:00Z,active,0.032,0.033,0.967,0.968,0.0325,0.037,286738.47,137136.83,131.0,75.0,2026-05-17T06:23:10.247Z,btc-updown-15m-1778998500,"Bitcoin Up or Down - May 17, 2:15AM-2:30AM ET",btc-updown-15m-1778998500,2026-05-17T06:30:00Z,,0.04,0.05,0.95,0.96,0.045,0.53,5023.357331000003,,27.0,423.0,2026-05-17T06:23:10.247Z,BRTI,78083.34,78164.62,78102.41983333333,60,Polymarket RTDS,78077.23169,78159.17989803682,0.993,1.018,
2026-05-17T06:23:12.724Z,2026-05-17T06:23:12.205Z,KXBTC15M-26MAY170230-30,BTC price up in next 15 mins?,KXBTC15M-26MAY170230,2026-05-17T06:30:00Z,active,0.033,0.034,0.966,0.967,0.0335,0.037,286738.47,137136.83,1.4,32484.56,2026-05-17T06:23:12.253Z,btc-updown-15m-1778998500,"Bitcoin Up or Down - May 17, 2:15AM-2:30AM ET",btc-updown-15m-1778998500,2026-05-17T06:30:00Z,,0.04,0.05,0.95,0.96,0.045,0.53,5023.357331000003,,276.8,395.6,2026-05-17T06:23:12.253Z,BRTI,78097.43,78164.62,78102.55183333335,60,Polymarket RTDS,78076.43870588084,78159.17989803682,0.994,1.017,
2026-05-17T06:23:14.696Z,2026-05-17T06:23:14.202Z,KXBTC15M-26MAY170230-30,BTC price up in next 15 mins?,KXBTC15M-26MAY170230,2026-05-17T06:30:00Z,active,0.03,0.034,0.966,0.97,0.032,0.037,286738.47,137136.83,547.23,32384.56,2026-05-17T06:23:14.250Z,btc-updown-15m-1778998500,"Bitcoin Up or Down - May 17, 2:15AM-2:30AM ET",btc-updown-15m-1778998500,2026-05-17T06:30:00Z,,0.03,0.04,0.96,0.97,0.035,0.53,5023.357331000003,,615.6,747.23,2026-05-17T06:23:14.250Z,BRTI,78088.19,78164.62,78102.52983333333,60,Polymarket RTDS,78076.10620758747,78159.17989803682,1.004,1.01,
2026-05-17T06:23:16.712Z,2026-05-17T06:23:16.220Z,KXBTC15M-26MAY170230-30,BTC price up in next 15 mins?,KXBTC15M-26MAY170230,2026-05-17T06:30:00Z,active,0.03,0.033,0.967,0.97,0.0315,0.037,286738.47,137136.83,546.23,10.0,2026-05-17T06:23:16.263Z,btc-updown-15m-1778998500,"Bitcoin Up or Down - May 17, 2:15AM-2:30AM ET",btc-updown-15m-1778998500,2026-05-17T06:30:00Z,,0.03,0.04,0.96,0.97,0.035,0.53,5023.357331000003,,616.6,811.03,2026-05-17T06:23:16.263Z,BRTI,78083.34,78164.62,78101.281,60,Polymarket RTDS,78075.90273860238,78159.17989803682,1.003,1.01,
2026-05-17T06:23:18.746Z,2026-05-17T06:23:18.241Z,KXBTC15M-26MAY170230-30,BTC price up in next 15 mins?,KXBTC15M-26MAY170230,2026-05-17T06:30:00Z,active,0.03,0.034,0.966,0.97,0.032,0.037,286738.47,137136.83,569.23,31551.17,2026-05-17T06:23:18.287Z,btc-updown-15m-1778998500,"Bitcoin Up or Down - May 17, 2:15AM-2:30AM ET",btc-updown-15m-1778998500,2026-05-17T06:30:00Z,,0.03,0.04,0.96,0.97,0.035,0.53,5023.357331000003,,10.94,860.31,2026-05-17T06:23:18.287Z,BRTI,78087.25,78164.62,78100.80750000001,60,Polymarket RTDS,78074.06778646125,78159.17989803682,1.004,1.01,
2026-05-17T06:23:20.746Z,2026-05-17T06:23:20.214Z,KXBTC15M-26MAY170230-30,BTC price up in next 15 mins?,KXBTC15M-26MAY170230,2026-05-17T06:30:00Z,active,0.03,0.034,0.966,0.97,0.032,0.037,286738.47,137136.83,240.67,31465.67,2026-05-17T06:23:20.261Z,btc-updown-15m-1778998500,"Bitcoin Up or Down - May 17, 2:15AM-2:30AM ET",btc-updown-15m-1778998500,2026-05-17T06:30:00Z,,0.03,0.04,0.96,0.97,0.035,0.53,5023.357331000003,,382.88,860.31,2026-05-17T06:23:20.261Z,BRTI,78097.43,78164.62,78100.50366666666,60,Polymarket RTDS,78072.84018811233,78159.17989803682,1.004,1.01,
2026-05-17T06:23:22.725Z,2026-05-17T06:23:22.210Z,KXBTC15M-26MAY170230-30,BTC price up in next 15 mins?,KXBTC15M-26MAY170230,2026-05-17T06:30:00Z,active,0.03,0.034,0.966,0.97,0.032,0.033,297497.85,137810.89,180.67,30796.53,2026-05-17T06:23:22.259Z,btc-updown-15m-1778998500,"Bitcoin Up or Down - May 17, 2:15AM-2:30AM ET",btc-updown-15m-1778998500,2026-05-17T06:30:00Z,,0.03,0.04,0.96,0.97,0.035,0.53,5023.357331000003,,422.77,810.31,2026-05-17T06:23:22.259Z,BRTI,78099.14,78164.62,78100.64616666666,60,Polymarket RTDS,78072.8192083923,78159.17989803682,1.004,1.01,
2026-05-17T06:23:24.704Z,2026-05-17T06:23:24.196Z,KXBTC15M-26MAY170230-30,BTC price up in next 15 mins?,KXBTC15M-26MAY170230,2026-05-17T06:30:00Z,active,0.025,0.033,0.967,0.975,0.029,0.033,297497.85,137810.89,202.0,45.58,2026-05-17T06:23:24.238Z,btc-updown-15m-1778998500,"Bitcoin Up or Down - May 17, 2:15AM-2:30AM ET",btc-updown-15m-1778998500,2026-05-17T06:30:00Z,,0.03,0.04,0.96,0.97,0.035,0.53,5023.357331000003,,422.77,632.82,2026-05-17T06:23:24.238Z,BRTI,78098.57,78164.62,78099.74533333333,60,Polymarket RTDS,78072.79750809137,78159.17989803682,1.003,1.015,
2026-05-17T06:23:26.705Z,2026-05-17T06:23:26.205Z,KXBTC15M-26MAY170230-30,BTC price up in next 15 mins?,KXBTC15M-26MAY170230,2026-05-17T06:30:00Z,active,0.03,0.034,0.966,0.97,0.032,0.033,297497.85,137810.89,44.0,29397.56,2026-05-17T06:23:26.257Z,btc-updown-15m-1778998500,"Bitcoin Up or Down - May 17, 2:15AM-2:30AM ET",btc-updown-15m-1778998500,2026-05-17T06:30:00Z,,0.03,0.04,0.96,0.97,0.035,0.53,5023.357331000003,,486.68,582.81,2026-05-17T06:23:26.257Z,BRTI,78083.16,78164.62,78098.58766666666,60,Polymarket RTDS,78072.89865232375,78159.17989803682,1.004,1.01,
2026-05-17T06:23:28.730Z,2026-05-17T06:23:28.205Z,KXBTC15M-26MAY170230-30,BTC price up in next 15 mins?,KXBTC15M-26MAY170230,2026-05-17T06:30:00Z,active,0.03,0.034,0.966,0.97,0.032,0.033,297497.85,137810.89,20.0,29243.68,2026-05-17T06:23:28.252Z,btc-updown-15m-1778998500,"Bitcoin Up or Down - May 17, 2:15AM-2:30AM ET",btc-updown-15m-1778998500,2026-05-17T06:30:00Z,,0.03,0.04,0.96,0.97,0.035,0.53,5023.357331000003,,486.68,582.81,2026-05-17T06:23:28.252Z,BRTI,78098.57,78164.62,78098.72066666668,60,Polymarket RTDS,78072.75985333404,78159.17989803682,1.004,1.01,
2026-05-17T06:23:30.767Z,2026-05-17T06:23:30.217Z,KXBTC15M-26MAY170230-30,BTC price up in next 15 mins?,KXBTC15M-26MAY170230,2026-05-17T06:30:00Z,active,0.022,0.028,0.972,0.978,0.025,0.033,297497.85,137810.89,902.18,623.11,2026-05-17T06:23:30.270Z,btc-updown-15m-1778998500,"Bitcoin Up or Down - May 17, 2:15AM-2:30AM ET",btc-updown-15m-1778998500,2026-05-17T06:30:00Z,,0.03,0.04,0.96,0.97,0.035,0.53,5023.357331000003,,466.68,557.81,2026-05-17T06:23:30.270Z,BRTI,78087.25,78164.62,78097.537,60,Polymarket RTDS,78074.30563187129,78159.17989803682,0.998,1.018,
2026-05-17T06:23:32.705Z,2026-05-17T06:23:32.214Z,KXBTC15M-26MAY170230-30,BTC price up in next 15 mins?,KXBTC15M-26MAY170230,2026-05-17T06:30:00Z,active,0.022,0.028,0.972,0.978,0.025,0.033,297497.85,137810.89,719.61,415.18,2026-05-17T06:23:32.270Z,btc-updown-15m-1778998500,"Bitcoin Up or Down - May 17, 2:15AM-2:30AM ET",btc-updown-15m-1778998500,2026-05-17T06:30:00Z,,0.03,0.04,0.96,0.97,0.035,0.53,5023.357331000003,,476.68,558.81,2026-05-17T06:23:32.270Z,BRTI,78083.34,78164.62,78097.41616666666,60,Polymarket RTDS,78072.77655851639,78159.17989803682,0.998,1.018,
2026-05-17T06:23:34.817Z,2026-05-17T06:23:34.216Z,KXBTC15M-26MAY170230-30,BTC price up in next 15 mins?,KXBTC15M-26MAY170230,2026-05-17T06:30:00Z,active,0.026,0.034,0.966,0.974,0.03,0.033,297497.85,137810.89,30.0,22399.9,2026-05-17T06:23:34.258Z,btc-updown-15m-1778998500,"Bitcoin Up or Down - May 17, 2:15AM-2:30AM ET",btc-updown-15m-1778998500,2026-05-17T06:30:00Z,,0.03,0.04,0.96,0.97,0.035,0.53,5023.357331000003,,475.64,558.81,2026-05-17T06:23:34.258Z,BRTI,78083.16,78164.62,78096.87449999999,60,Polymarket RTDS,78074.30965617328,78159.17989803682,1.004,1.014,
2026-05-17T06:23:36.731Z,2026-05-17T06:23:36.216Z,KXBTC15M-26MAY170230-30,BTC price up in next 15 mins?,KXBTC15M-26MAY170230,2026-05-17T06:30:00Z,active,0.026,0.034,0.966,0.974,0.03,0.033,297497.85,137810.89,81.0,22538.9,2026-05-17T06:23:36.283Z,btc-updown-15m-1778998500,"Bitcoin Up or Down - May 17, 2:15AM-2:30AM ET",btc-updown-15m-1778998500,2026-05-17T06:30:00Z,,0.03,0.04,0.96,0.97,0.035,0.53,5023.357331000003,,250.93,598.81,2026-05-17T06:23:36.283Z,BRTI,78098.57,78164.62,78096.7445,60,Polymarket RTDS,78074.83496500489,78159.17989803682,1.004,1.014,
2026-05-17T06:23:38.707Z,2026-05-17T06:23:38.206Z,KXBTC15M-26MAY170230-30,BTC price up in next 15 mins?,KXBTC15M-26MAY170230,2026-05-17T06:30:00Z,active,0.022,0.028,0.972,0.978,0.025,0.033,297497.85,137810.89,719.61,296.65,2026-05-17T06:23:38.255Z,btc-updown-15m-1778998500,"Bitcoin Up or Down - May 17, 2:15AM-2:30AM ET",btc-updown-15m-1778998500,2026-05-17T06:30:00Z,,0.03,0.04,0.96,0.97,0.035,0.53,5023.357331000003,,273.43,598.81,2026-05-17T06:23:38.255Z,BRTI,78088.19,78164.62,78096.30916666666,60,Polymarket RTDS,78074.0049096199,78159.17989803682,0.998,1.018,
2026-05-17T06:23:40.795Z,2026-05-17T06:23:40.198Z,KXBTC15M-26MAY170230-30,BTC price up in next 15 mins?,KXBTC15M-26MAY170230,2026-05-17T06:30:00Z,active,0.022,0.028,0.972,0.978,0.025,0.033,297497.85,137810.89,413.56,443.64,2026-05-17T06:23:40.248Z,btc-updown-15m-1778998500,"Bitcoin Up or Down - May 17, 2:15AM-2:30AM ET",btc-updown-15m-1778998500,2026-05-17T06:30:00Z,,0.03,0.04,0.96,0.97,0.035,0.53,5023.357331000003,,473.43,348.81,2026-05-17T06:23:40.248Z,BRTI,78083.34,78164.62,78096.20633333334,60,Polymarket RTDS,78073.88259417805,78159.17989803682,0.998,1.018,
2026-05-17T06:23:42.723Z,2026-05-17T06:23:42.211Z,KXBTC15M-26MAY170230-30,BTC price up in next 15 mins?,KXBTC15M-26MAY170230,2026-05-17T06:30:00Z,active,0.02,0.022,0.978,0.98,0.020999999999999998,0.033,297497.85,137810.89,813.23,307.89,2026-05-17T06:23:42.263Z,btc-updown-15m-1778998500,"Bitcoin Up or Down - May 17, 2:15AM-2:30AM ET",btc-updown-15m-1778998500,2026-05-17T06:30:00Z,,0.03,0.04,0.96,0.97,0.035,0.53,5023.357331000003,,473.43,353.81,2026-05-17T06:23:42.263Z,BRTI,78098.57,78164.62,78095.9215,60,Polymarket RTDS,78073.38849482949,78159.17989803682,0.992,1.02,
2026-05-17T06:23:44.711Z,2026-05-17T06:23:44.200Z,KXBTC15M-26MAY170230-30,BTC price up in next 15 mins?,KXBTC15M-26MAY170230,2026-05-17T06:30:00Z,active,0.02,0.024,0.976,0.98,0.022,0.033,297497.85,137810.89,696.83,449.41,2026-05-17T06:23:44.246Z,btc-updown-15m-1778998500,"Bitcoin Up or Down - May 17, 2:15AM-2:30AM ET",btc-updown-15m-1778998500,2026-05-17T06:30:00Z,,0.03,0.04,0.96,0.97,0.035,0.53,5023.357331000003,,1472.39,353.81,2026-05-17T06:23:44.246Z,BRTI,78076.31,78164.62,78095.6495,60,Polymarket RTDS,78073.14952192917,78159.17989803682,0.994,1.02,
2026-05-17T06:23:46.759Z,2026-05-17T06:23:46.218Z,KXBTC15M-26MAY170230-30,BTC price up in next 15 mins?,KXBTC15M-26MAY170230,2026-05-17T06:30:00Z,active,0.02,0.023,0.977,0.98,0.0215,0.033,297497.85,137810.89,539.83,30.0,2026-05-17T06:23:46.262Z,btc-updown-15m-1778998500,"Bitcoin Up or Down - May 17, 2:15AM-2:30AM ET",btc-updown-15m-1778998500,2026-05-17T06:30:00Z,,0.03,0.04,0.96,0.97,0.035,0.53,5023.357331000003,,1431.68,369.61,2026-05-17T06:23:46.262Z,BRTI,78098.57,78164.62,78095.5195,60,Polymarket RTDS,78072.20860677536,78159.17989803682,0.993,1.02,
2026-05-17T06:23:48.759Z,2026-05-17T06:23:48.210Z,KXBTC15M-26MAY170230-30,BTC price up in next 15 mins?,KXBTC15M-26MAY170230,2026-05-17T06:30:00Z,active,0.023,0.028,0.972,0.977,0.025500000000000002,0.033,297497.85,137810.89,50.0,949.94,2026-05-17T06:23:48.261Z,btc-updown-15m-1778998500,"Bitcoin Up or Down - May 17, 2:15AM-2:30AM ET",btc-updown-15m-1778998500,2026-05-17T06:30:00Z,,0.03,0.04,0.96,0.97,0.035,0.53,5023.357331000003,,1475.58,358.6,2026-05-17T06:23:48.261Z,BRTI,78098.57,78164.62,78095.61850000001,60,Polymarket RTDS,78070.49636429381,78159.17989803682,0.998,1.017,
2026-05-17T06:23:50.716Z,2026-05-17T06:23:50.210Z,KXBTC15M-26MAY170230-30,BTC price up in next 15 mins?,KXBTC15M-26MAY170230,2026-05-17T06:30:00Z,active,0.028,0.029,0.971,0.972,0.0285,0.033,297497.85,137810.89,210.65,29.0,2026-05-17T06:23:50.255Z,btc-updown-15m-1778998500,"Bitcoin Up or Down - May 17, 2:15AM-2:30AM ET",btc-updown-15m-1778998500,2026-05-17T06:30:00Z,,0.03,0.04,0.96,0.97,0.035,0.53,5023.357331000003,,730.0,395.85,2026-05-17T06:23:50.255Z,BRTI,78097.43,78164.62,78095.75050000001,60,Polymarket RTDS,78070.38425540921,78159.17989803682,0.999,1.012,
2026-05-17T06:23:52.716Z,2026-05-17T06:23:52.219Z,KXBTC15M-26MAY170230-30,BTC price up in next 15 mins?,KXBTC15M-26MAY170230,2026-05-17T06:30:00Z,active,0.021,0.028,0.972,0.979,0.0245,0.021,313580.54,137985.82,64.83,465.36,2026-05-17T06:23:52.275Z,btc-updown-15m-1778998500,"Bitcoin Up or Down - May 17, 2:15AM-2:30AM ET",btc-updown-15m-1778998500,2026-05-17T06:30:00Z,,0.03,0.04,0.96,0.97,0.035,0.53,5023.357331000003,,569.19,659.94,2026-05-17T06:23:52.275Z,BRTI,78097.43,78164.62,78095.68866666667,60,Polymarket RTDS,78066.6422387354,78159.17989803682,0.998,1.019,
2026-05-17T06:23:54.697Z,2026-05-17T06:23:54.210Z,KXBTC15M-26MAY170230-30,BTC price up in next 15 mins?,KXBTC15M-26MAY170230,2026-05-17T06:30:00Z,active,0.015,0.02,0.98,0.985,0.0175,0.021,313580.54,137985.82,55.29,21818.12,2026-05-17T06:23:54.261Z,btc-updown-15m-1778998500,"Bitcoin Up or Down - May 17, 2:15AM-2:30AM ET",btc-updown-15m-1778998500,2026-05-17T06:30:00Z,,0.03,0.04,0.96,0.97,0.035,0.53,5023.357331000003,,523.85,651.4,2026-05-17T06:23:54.261Z,BRTI,78076.31,78164.62,78095.41666666667,60,Polymarket RTDS,78065.5270917234,78159.17989803682,0.99,1.025,
2026-05-17T06:23:56.721Z,2026-05-17T06:23:56.213Z,KXBTC15M-26MAY170230-30,BTC price up in next 15 mins?,KXBTC15M-26MAY170230,2026-05-17T06:30:00Z,active,0.015,0.02,0.98,0.985,0.0175,0.021,313580.54,137985.82,50.0,21416.0,2026-05-17T06:23:56.269Z,btc-updown-15m-1778998500,"Bitcoin Up or Down - May 17, 2:15AM-2:30AM ET",btc-updown-15m-1778998500,2026-05-17T06:30:00Z,,0.03,0.04,0.96,0.97,0.035,0.53,5023.357331000003,,412.04,851.4,2026-05-17T06:23:56.269Z,BRTI,78098.57,78164.62,78095.34049999999,60,Polymarket RTDS,78060.74488780188,78159.17989803682,0.99,1.025,
2026-05-17T06:23:58.694Z,2026-05-17T06:23:58.195Z,KXBTC15M-26MAY170230-30,BTC price up in next 15 mins?,KXBTC15M-26MAY170230,2026-05-17T06:30:00Z,active,0.015,0.02,0.98,0.985,0.0175,0.021,313580.54,137985.82,50.0,19058.77,2026-05-17T06:23:58.248Z,btc-updown-15m-1778998500,"Bitcoin Up or Down - May 17, 2:15AM-2:30AM ET",btc-updown-15m-1778998500,2026-05-17T06:30:00Z,,0.03,0.04,0.96,0.97,0.035,0.53,5023.357331000003,,412.04,850.4,2026-05-17T06:23:58.248Z,BRTI,78083.34,78164.62,78095.04383333333,60,Polymarket RTDS,78060.49421543806,78159.17989803682,0.99,1.025,
2026-05-17T06:24:00.778Z,2026-05-17T06:24:00.213Z,KXBTC15M-26MAY170230-30,BTC price up in next 15 mins?,KXBTC15M-26MAY170230,2026-05-17T06:30:00Z,active,0.013,0.018,0.982,0.987,0.0155,0.021,313580.54,137985.82,1481.25,168.03,2026-05-17T06:24:00.283Z,btc-updown-15m-1778998500,"Bitcoin Up or Down - May 17, 2:15AM-2:30AM ET",btc-updown-15m-1778998500,2026-05-17T06:30:00Z,,0.03,0.04,0.96,0.97,0.035,0.53,5023.357331000003,,455.37,850.4,2026-05-17T06:24:00.283Z,BRTI,78083.16,78164.62,78094.52466666668,60,Polymarket RTDS,78060.44084078018,78159.17989803682,0.988,1.027,
2026-05-17T06:24:02.806Z,2026-05-17T06:24:02.224Z,KXBTC15M-26MAY170230-30,BTC price up in next 15 mins?,KXBTC15M-26MAY170230,2026-05-17T06:30:00Z,active,0.014,0.018,0.982,0.986,0.016,0.021,313580.54,137985.82,68.0,543.0,2026-05-17T06:24:02.286Z,btc-updown-15m-1778998500,"Bitcoin Up or Down - May 17, 2:15AM-2:30AM ET",btc-updown-15m-1778998500,2026-05-17T06:30:00Z,,0.02,0.03,0.97,0.98,0.025,0.53,5023.357331000003,,2950.7,950.47,2026-05-17T06:24:02.286Z,BRTI,78098.57,78164.62,78094.26233333333,60,Polymarket RTDS,78060.3195396911,78159.17989803682,0.998,1.016,
2026-05-17T06:24:04.718Z,2026-05-17T06:24:04.219Z,KXBTC15M-26MAY170230-30,BTC price up in next 15 mins?,KXBTC15M-26MAY170230,2026-05-17T06:30:00Z,active,0.014,0.018,0.982,0.986,0.016,0.021,313580.54,137985.82,28.0,533.65,2026-05-17T06:24:04.260Z,btc-updown-15m-1778998500,"Bitcoin Up or Down - May 17, 2:15AM-2:30AM ET",btc-updown-15m-1778998500,2026-05-17T06:30:00Z,,0.02,0.03,0.97,0.98,0.025,0.53,5023.357331000003,,2949.67,950.47,2026-05-17T06:24:04.260Z,BRTI,78099.14,78164.62,78094.229,60,Polymarket RTDS,78059.2017362061,78159.17989803682,0.998,1.016,
2026-05-17T06:24:06.735Z,2026-05-17T06:24:06.212Z,KXBTC15M-26MAY170230-30,BTC price up in next 15 mins?,KXBTC15M-26MAY170230,2026-05-17T06:30:00Z,active,0.015,0.018,0.982,0.985,0.0165,0.021,313580.54,137985.82,474.68,10.0,2026-05-17T06:24:06.271Z,btc-updown-15m-1778998500,"Bitcoin Up or Down - May 17, 2:15AM-2:30AM ET",btc-updown-15m-1778998500,2026-05-17T06:30:00Z,,0.02,0.03,0.97,0.98,0.025,0.53,5023.357331000003,,2825.6,1016.11,2026-05-17T06:24:06.271Z,BRTI,78083.34,78164.62,78094.07416666667,60,Polymarket RTDS,78058.97801896915,78159.17989803682,0.998,1.015,
2026-05-17T06:24:08.729Z,2026-05-17T06:24:08.217Z,KXBTC15M-26MAY170230-30,BTC price up in next 15 mins?,KXBTC15M-26MAY170230,2026-05-17T06:30:00Z,active,0.015,0.02,0.98,0.985,0.0175,0.021,313580.54,137985.82,429.61,19432.75,2026-05-17T06:24:08.267Z,btc-updown-15m-1778998500,"Bitcoin Up or Down - May 17, 2:15AM-2:30AM ET",btc-updown-15m-1778998500,2026-05-17T06:30:00Z,,0.02,0.03,0.97,0.98,0.025,0.53,5023.357331000003,,2642.98,1016.11,2026-05-17T06:24:08.267Z,BRTI,78087.25,78164.62,78093.9845,60,Polymarket RTDS,78058.26214466381,78159.17989803682,1.0,1.015,
2026-05-17T06:24:10.717Z,2026-05-17T06:24:10.215Z,KXBTC15M-26MAY170230-30,BTC price up in next 15 mins?,KXBTC15M-26MAY170230,2026-05-17T06:30:00Z,active,0.013,0.016,0.984,0.987,0.014499999999999999,0.021,313580.54,137985.82,718.05,97.95,2026-05-17T06:24:10.260Z,btc-updown-15m-1778998500,"Bitcoin Up or Down - May 17, 2:15AM-2:30AM ET",btc-updown-15m-1778998500,2026-05-17T06:30:00Z,,0.02,0.03,0.97,0.98,0.025,0.53,5023.357331000003,,2815.6,1016.11,2026-05-17T06:24:10.260Z,BRTI,78098.57,78164.62,78093.94166666667,60,Polymarket RTDS,78058.23230083332,78159.17989803682,0.996,1.017,
2026-05-17T06:24:12.733Z,2026-05-17T06:24:12.227Z,KXBTC15M-26MAY170230-30,BTC price up in next 15 mins?,KXBTC15M-26MAY170230,2026-05-17T06:30:00Z,active,0.014,0.016,0.984,0.986,0.015,0.021,313580.54,137985.82,299.92,91.88,2026-05-17T06:24:12.282Z,btc-updown-15m-1778998500,"Bitcoin Up or Down - May 17, 2:15AM-2:30AM ET",btc-updown-15m-1778998500,2026-05-17T06:30:00Z,,0.02,0.03,0.97,0.98,0.025,0.53,5023.357331000003,,2824.42,793.01,2026-05-17T06:24:12.282Z,BRTI,78083.34,78164.62,78093.78683333333,60,Polymarket RTDS,78059.05606249259,78159.17989803682,0.996,1.016,
2026-05-17T06:24:14.748Z,2026-05-17T06:24:14.212Z,KXBTC15M-26MAY170230-30,BTC price up in next 15 mins?,KXBTC15M-26MAY170230,2026-05-17T06:30:00Z,active,0.014,0.017,0.983,0.986,0.0155,0.021,313580.54,137985.82,149.78,551.85,2026-05-17T06:24:14.261Z,btc-updown-15m-1778998500,"Bitcoin Up or Down - May 17, 2:15AM-2:30AM ET",btc-updown-15m-1778998500,2026-05-17T06:30:00Z,,0.02,0.03,0.97,0.98,0.025,0.53,5023.357331000003,,2559.42,793.01,2026-05-17T06:24:14.261Z,BRTI,78098.57,78164.62,78093.88583333333,60,Polymarket RTDS,78061.79524568093,78159.17989803682,0.997,1.016,
2026-05-17T06:24:16.733Z,2026-05-17T06:24:16.209Z,KXBTC15M-26MAY170230-30,BTC price up in next 15 mins?,KXBTC15M-26MAY170230,2026-05-17T06:30:00Z,active,0.013,0.016,0.984,0.987,0.014499999999999999,0.021,313580.54,137985.82,643.02,53.79,2026-05-17T06:24:16.254Z,btc-updown-15m-1778998500,"Bitcoin Up or Down - May 17, 2:15AM-2:30AM ET",btc-updown-15m-1778998500,2026-05-17T06:30:00Z,,0.02,0.03,0.97,0.98,0.025,0.53,5023.357331000003,,2246.71,1036.58,2026-05-17T06:24:16.254Z,BRTI,78088.19,78164.62,78093.4505,60,Polymarket RTDS,78061.85488887904,78159.17989803682,0.996,1.017,
2026-05-17T06:24:18.725Z,2026-05-17T06:24:18.204Z,KXBTC15M-26MAY170230-30,BTC price up in next 15 mins?,KXBTC15M-26MAY170230,2026-05-17T06:30:00Z,active,0.016,0.017,0.983,0.984,0.0165,0.021,313580.54,137985.82,131.18,57.95,2026-05-17T06:24:18.255Z,btc-updown-15m-1778998500,"Bitcoin Up or Down - May 17, 2:15AM-2:30AM ET",btc-updown-15m-1778998500,2026-05-17T06:30:00Z,,0.02,0.03,0.97,0.98,0.025,0.53,5023.357331000003,,1429.09,1085.76,2026-05-17T06:24:18.255Z,BRTI,78087.25,78164.62,78092.977,60,Polymarket RTDS,78060.18346952066,78159.17989803682,0.997,1.014,
2026-05-17T06:24:20.717Z,2026-05-17T06:24:20.214Z,KXBTC15M-26MAY170230-30,BTC price up in next 15 mins?,KXBTC15M-26MAY170230,2026-05-17T06:30:00Z,active,0.009,0.01,0.99,0.991,0.0095,0.021,313580.54,137985.82,50.0,1788.45,2026-05-17T06:24:20.270Z,btc-updown-15m-1778998500,"Bitcoin Up or Down - May 17, 2:15AM-2:30AM ET",btc-updown-15m-1778998500,2026-05-17T06:30:00Z,,0.02,0.03,0.97,0.98,0.025,0.53,5023.357331000003,,1596.6,1115.47,2026-05-17T06:24:20.270Z,BRTI,78080.87,78164.62,78092.552,60,Polymarket RTDS,78050.65537933931,78159.17989803682,0.99,1.021,
2026-05-17T06:24:22.713Z,2026-05-17T06:24:22.217Z,KXBTC15M-26MAY170230-30,BTC price up in next 15 mins?,KXBTC15M-26MAY170230,2026-05-17T06:30:00Z,active,0.009,0.01,0.99,0.991,0.0095,0.021,313580.54,137985.82,44.0,4104.84,2026-05-17T06:24:22.269Z,btc-updown-15m-1778998500,"Bitcoin Up or Down - May 17, 2:15AM-2:30AM ET",btc-updown-15m-1778998500,2026-05-17T06:30:00Z,,0.02,0.03,0.97,0.98,0.025,0.53,5023.357331000003,,1603.6,1070.47,2026-05-17T06:24:22.269Z,BRTI,78083.16,78164.62,78092.01033333334,60,Polymarket RTDS,78050.65486715407,78159.17989803682,0.99,1.021,
2026-05-17T06:24:24.706Z,2026-05-17T06:24:24.211Z,KXBTC15M-26MAY170230-30,BTC price up in next 15 mins?,KXBTC15M-26MAY170230,2026-05-17T06:30:00Z,active,0.008,0.01,0.99,0.992,0.009000000000000001,0.009,327895.94,143899.08,381.0,2773.91,2026-05-17T06:24:24.265Z,btc-updown-15m-1778998500,"Bitcoin Up or Down - May 17, 2:15AM-2:30AM ET",btc-updown-15m-1778998500,2026-05-17T06:30:00Z,,0.02,0.03,0.97,0.98,0.025,0.53,5023.357331000003,,1098.49,1070.47,2026-05-17T06:24:24.265Z,BRTI,78087.25,78164.62,78091.77883333334,60,Polymarket RTDS,78050.6293172251,78159.17989803682,0.99,1.022,
2026-05-17T06:24:26.722Z,2026-05-17T06:24:26.213Z,KXBTC15M-26MAY170230-30,BTC price up in next 15 mins?,KXBTC15M-26MAY170230,2026-05-17T06:30:00Z,active,0.009,0.01,0.99,0.991,0.0095,0.009,327895.94,143899.08,100.0,2725.96,2026-05-17T06:24:26.267Z,btc-updown-15m-1778998500,"Bitcoin Up or Down - May 17, 2:15AM-2:30AM ET",btc-updown-15m-1778998500,2026-05-17T06:30:00Z,,0.02,0.03,0.97,0.98,0.025,0.53,5023.357331000003,,1097.46,1070.47,2026-05-17T06:24:26.267Z,BRTI,78087.25,78164.62,78091.68916666666,60,Polymarket RTDS,78050.51917930855,78159.17989803682,0.99,1.021,
2026-05-17T06:24:28.710Z,2026-05-17T06:24:28.209Z,KXBTC15M-26MAY170230-30,BTC price up in next 15 mins?,KXBTC15M-26MAY170230,2026-05-17T06:30:00Z,active,0.008,0.009,0.991,0.992,0.0085,0.009,327895.94,143899.08,113.0,293.95,2026-05-17T06:24:28.261Z,btc-updown-15m-1778998500,"Bitcoin Up or Down - May 17, 2:15AM-2:30AM ET",btc-updown-15m-1778998500,2026-05-17T06:30:00Z,,0.02,0.03,0.97,0.98,0.025,0.53,5023.357331000003,,879.46,1070.47,2026-05-17T06:24:28.261Z,BRTI,78088.19,78164.62,78091.44,60,Polymarket RTDS,78050.47365490868,78159.17989803682,0.989,1.022,
2026-05-17T06:24:30.810Z,2026-05-17T06:24:30.210Z,KXBTC15M-26MAY170230-30,BTC price up in next 15 mins?,KXBTC15M-26MAY170230,2026-05-17T06:30:00Z,active,0.008,0.009,0.991,0.992,0.0085,0.009,327895.94,143899.08,89.0,46.92,2026-05-17T06:24:30.285Z,btc-updown-15m-1778998500,"Bitcoin Up or Down - May 17, 2:15AM-2:30AM ET",btc-updown-15m-1778998500,2026-05-17T06:30:00Z,,0.02,0.03,0.97,0.98,0.025,0.53,5023.357331000003,,417.37,1062.63,2026-05-17T06:24:30.285Z,BRTI,78057.33,78164.62,78090.6765,60,Polymarket RTDS,78050.3464046155,78159.17989803682,0.989,1.022,
2026-05-17T06:24:32.691Z,2026-05-17T06:24:32.200Z,KXBTC15M-26MAY170230-30,BTC price up in next 15 mins?,KXBTC15M-26MAY170230,2026-05-17T06:30:00Z,active,0.009,0.01,0.99,0.991,0.0095,0.009,327895.94,143899.08,52.0,2781.46,2026-05-17T06:24:32.244Z,btc-updown-15m-1778998500,"Bitcoin Up or Down - May 17, 2:15AM-2:30AM ET",btc-updown-15m-1778998500,2026-05-17T06:30:00Z,,0.02,0.03,0.97,0.98,0.025,0.53,5023.357331000003,,242.99,1027.05,2026-05-17T06:24:32.244Z,BRTI,78083.16,78164.62,78090.3435,60,Polymarket RTDS,78049.75144,78159.17989803682,0.99,1.021,
2026-05-17T06:24:34.761Z,2026-05-17T06:24:34.219Z,KXBTC15M-26MAY170230-30,BTC price up in next 15 mins?,KXBTC15M-26MAY170230,2026-05-17T06:30:00Z,active,0.01,0.015,0.985,0.99,0.0125,0.009,327895.94,143899.08,52.6,5.44,2026-05-17T06:24:34.266Z,btc-updown-15m-1778998500,"Bitcoin Up or Down - May 17, 2:15AM-2:30AM ET",btc-updown-15m-1778998500,2026-05-17T06:30:00Z,,0.01,0.02,0.98,0.99,0.015,0.53,5023.357331000003,,2346.24,803.72,2026-05-17T06:24:34.266Z,BRTI,78083.16,78164.62,78090.07716666667,60,Polymarket RTDS,78050.12986627335,78159.17989803682,1.005,1.01,
2026-05-17T06:24:36.730Z,2026-05-17T06:24:36.214Z,KXBTC15M-26MAY170230-30,BTC price up in next 15 mins?,KXBTC15M-26MAY170230,2026-05-17T06:30:00Z,active,0.012,0.016,0.984,0.988,0.014,0.009,327895.94,143899.08,96.0,64.11,2026-05-17T06:24:36.263Z,btc-updown-15m-1778998500,"Bitcoin Up or Down - May 17, 2:15AM-2:30AM ET",btc-updown-15m-1778998500,2026-05-17T06:30:00Z,,0.01,0.02,0.98,0.99,0.015,0.53,5023.357331000003,,1843.56,803.72,2026-05-17T06:24:36.263Z,BRTI,78083.34,78164.62,78089.78050000001,60,Polymarket RTDS,78050.09759959654,78159.17989803682,1.006,1.008,
2026-05-17T06:24:38.728Z,2026-05-17T06:24:38.220Z,KXBTC15M-26MAY170230-30,BTC price up in next 15 mins?,KXBTC15M-26MAY170230,2026-05-17T06:30:00Z,active,0.012,0.016,0.984,0.988,0.014,0.009,327895.94,143899.08,96.0,64.11,2026-05-17T06:24:38.266Z,btc-updown-15m-1778998500,"Bitcoin Up or Down - May 17, 2:15AM-2:30AM ET",btc-updown-15m-1778998500,2026-05-17T06:30:00Z,,0.01,0.02,0.98,0.99,0.015,0.53,5023.357331000003,,2312.95,522.72,2026-05-17T06:24:38.266Z,BRTI,78083.16,78164.62,78089.52366666666,60,Polymarket RTDS,78049.937582523,78159.17989803682,1.006,1.008,
2026-05-17T06:24:40.808Z,2026-05-17T06:24:40.219Z,KXBTC15M-26MAY170230-30,BTC price up in next 15 mins?,KXBTC15M-26MAY170230,2026-05-17T06:30:00Z,active,0.011,0.018,0.982,0.989,0.014499999999999999,0.009,327895.94,143899.08,10.0,334.42,2026-05-17T06:24:40.270Z,btc-updown-15m-1778998500,"Bitcoin Up or Down - May 17, 2:15AM-2:30AM ET",btc-updown-15m-1778998500,2026-05-17T06:30:00Z,,0.01,0.02,0.98,0.99,0.015,0.53,5023.357331000003,,1900.54,722.72,2026-05-17T06:24:40.270Z,BRTI,78083.16,78164.62,78089.25733333334,60,Polymarket RTDS,78049.96220000774,78159.17989803682,1.008,1.009,
2026-05-17T06:24:42.744Z,2026-05-17T06:24:42.216Z,KXBTC15M-26MAY170230-30,BTC price up in next 15 mins?,KXBTC15M-26MAY170230,2026-05-17T06:30:00Z,active,0.011,0.018,0.982,0.989,0.014499999999999999,0.009,327895.94,143899.08,15.0,282.12,2026-05-17T06:24:42.262Z,btc-updown-15m-1778998500,"Bitcoin Up or Down - May 17, 2:15AM-2:30AM ET",btc-updown-15m-1778998500,2026-05-17T06:30:00Z,,0.01,0.02,0.98,0.99,0.015,0.53,5023.357331000003,,2200.54,722.72,2026-05-17T06:24:42.262Z,BRTI,78055.62,78164.62,78088.69249999999,60,Polymarket RTDS,78049.96395848412,78159.17989803682,1.008,1.009,
2026-05-17T06:24:44.761Z,2026-05-17T06:24:44.222Z,KXBTC15M-26MAY170230-30,BTC price up in next 15 mins?,KXBTC15M-26MAY170230,2026-05-17T06:30:00Z,active,0.011,0.016,0.984,0.989,0.0135,0.009,327895.94,143899.08,115.0,10.0,2026-05-17T06:24:44.314Z,btc-updown-15m-1778998500,"Bitcoin Up or Down - May 17, 2:15AM-2:30AM ET",btc-updown-15m-1778998500,2026-05-17T06:30:00Z,,0.52,0.01,0.99,0.48,0.265,0.53,5023.357331000003,,,4723.58,2026-05-17T06:24:44.314Z,BRTI,78087.25,78164.62,78088.65483333333,60,Polymarket RTDS,78049.95696592549,78159.17989803682,0.496,0.999,
2026-05-17T06:24:46.682Z,2026-05-17T06:24:46.212Z,KXBTC15M-26MAY170230-30,BTC price up in next 15 mins?,KXBTC15M-26MAY170230,2026-05-17T06:30:00Z,active,0.01,0.017,0.983,0.99,0.013500000000000002,0.009,327895.94,143899.08,28.0,181.0,2026-05-17T06:24:46.259Z,btc-updown-15m-1778998500,"Bitcoin Up or Down - May 17, 2:15AM-2:30AM ET",btc-updown-15m-1778998500,2026-05-17T06:30:00Z,,0.52,0.01,0.99,0.48,0.265,0.53,5023.357331000003,,,2957.75,2026-05-17T06:24:46.259Z,BRTI,78076.31,78164.62,78088.47249999999,60,Polymarket RTDS,78040.39823110554,78159.17989803682,0.497,1.0,
2026-05-17T06:24:48.705Z,2026-05-17T06:24:48.208Z,KXBTC15M-26MAY170230-30,BTC price up in next 15 mins?,KXBTC15M-26MAY170230,2026-05-17T06:30:00Z,active,0.01,0.017,0.983,0.99,0.013500000000000002,0.009,327895.94,143899.08,118.0,122.42,2026-05-17T06:24:48.257Z,btc-updown-15m-1778998500,"Bitcoin Up or Down - May 17, 2:15AM-2:30AM ET",btc-updown-15m-1778998500,2026-05-17T06:30:00Z,,0.52,0.01,0.99,0.48,0.265,0.53,5023.357331000003,,,2954.75,2026-05-17T06:24:48.257Z,BRTI,78055.62,78164.62,78087.91283333332,60,Polymarket RTDS,78038.58343460904,78159.17989803682,0.497,1.0,
2026-05-17T06:24:50.764Z,2026-05-17T06:24:50.214Z,KXBTC15M-26MAY170230-30,BTC price up in next 15 mins?,KXBTC15M-26MAY170230,2026-05-17T06:30:00Z,active,0.01,0.017,0.983,0.99,0.013500000000000002,0.009,327895.94,143899.08,107.91,52.95,2026-05-17T06:24:50.261Z,btc-updown-15m-1778998500,"Bitcoin Up or Down - May 17, 2:15AM-2:30AM ET",btc-updown-15m-1778998500,2026-05-17T06:30:00Z,,0.52,0.01,0.99,0.48,0.265,0.53,5023.357331000003,,,2954.75,2026-05-17T06:24:50.261Z,BRTI,78057.33,78164.62,78087.3985,60,Polymarket RTDS,78037.70112928584,78159.17989803682,0.497,1.0,
2026-05-17T06:24:52.728Z,2026-05-17T06:24:52.220Z,KXBTC15M-26MAY170230-30,BTC price up in next 15 mins?,KXBTC15M-26MAY170230,2026-05-17T06:30:00Z,active,0.011,0.018,0.982,0.989,0.014499999999999999,0.009,327895.94,143899.08,10.0,515.62,2026-05-17T06:24:52.273Z,btc-updown-15m-1778998500,"Bitcoin Up or Down - May 17, 2:15AM-2:30AM ET",btc-updown-15m-1778998500,2026-05-17T06:30:00Z,,0.52,0.01,0.99,0.48,0.265,0.53,5023.357331000003,,,2954.75,2026-05-17T06:24:52.273Z,BRTI,78042.34,78164.62,78086.6175,60,Polymarket RTDS,78037.6877910908,78159.17989803682,0.498,0.999,
2026-05-17T06:24:54.721Z,2026-05-17T06:24:54.222Z,KXBTC15M-26MAY170230-30,BTC price up in next 15 mins?,KXBTC15M-26MAY170230,2026-05-17T06:30:00Z,active,0.011,0.018,0.982,0.989,0.014499999999999999,0.018,335725.71,148814.67,10.0,387.5,2026-05-17T06:24:54.271Z,btc-updown-15m-1778998500,"Bitcoin Up or Down - May 17, 2:15AM-2:30AM ET",btc-updown-15m-1778998500,2026-05-17T06:30:00Z,,0.52,0.01,0.99,0.48,0.265,0.53,5023.357331000003,,,2954.75,2026-05-17T06:24:54.271Z,BRTI,78054.03,78164.62,78086.06383333333,60,Polymarket RTDS,78037.5857522884,78159.17989803682,0.498,0.999,
2026-05-17T06:24:56.713Z,2026-05-17T06:24:56.202Z,KXBTC15M-26MAY170230-30,BTC price up in next 15 mins?,KXBTC15M-26MAY170230,2026-05-17T06:30:00Z,active,0.011,0.018,0.982,0.989,0.014499999999999999,0.018,335725.71,148814.67,10.0,354.3,2026-05-17T06:24:56.251Z,btc-updown-15m-1778998500,"Bitcoin Up or Down - May 17, 2:15AM-2:30AM ET",btc-updown-15m-1778998500,2026-05-17T06:30:00Z,,0.52,0.01,0.99,0.48,0.265,0.53,5023.357331000003,,,2969.75,2026-05-17T06:24:56.251Z,BRTI,78054.03,78164.62,78085.24533333333,60,Polymarket RTDS,78037.42905492189,78159.17989803682,0.498,0.999,
2026-05-17T06:24:58.687Z,2026-05-17T06:24:58.200Z,KXBTC15M-26MAY170230-30,BTC price up in next 15 mins?,KXBTC15M-26MAY170230,2026-05-17T06:30:00Z,active,0.012,0.016,0.984,0.988,0.014,0.018,335725.71,148814.67,44.0,10.0,2026-05-17T06:24:58.251Z,btc-updown-15m-1778998500,"Bitcoin Up or Down - May 17, 2:15AM-2:30AM ET",btc-updown-15m-1778998500,2026-05-17T06:30:00Z,,0.52,0.01,0.99,0.48,0.265,0.53,5023.357331000003,,,2969.75,2026-05-17T06:24:58.251Z,BRTI,78054.03,78164.62,78084.69166666667,60,Polymarket RTDS,78037.47567517174,78159.17989803682,0.496,0.998,
2026-05-17T06:25:00.851Z,2026-05-17T06:25:00.208Z,KXBTC15M-26MAY170230-30,BTC price up in next 15 mins?,KXBTC15M-26MAY170230,2026-05-17T06:30:00Z,active,0.017,0.018,0.982,0.983,0.0175,0.018,335725.71,148814.67,25.0,515.01,2026-05-17T06:25:00.260Z,btc-updown-15m-1778998500,"Bitcoin Up or Down - May 17, 2:15AM-2:30AM ET",btc-updown-15m-1778998500,2026-05-17T06:30:00Z,,0.52,0.01,0.99,0.48,0.265,0.53,5023.357331000003,,,2895.8,2026-05-17T06:25:00.260Z,BRTI,78076.31,78164.62,78084.47683333333,60,Polymarket RTDS,78037.48456174435,78159.17989803682,0.498,0.993,
2026-05-17T06:25:02.826Z,2026-05-17T06:25:02.219Z,KXBTC15M-26MAY170230-30,BTC price up in next 15 mins?,KXBTC15M-26MAY170230,2026-05-17T06:30:00Z,active,0.009,0.01,0.99,0.991,0.0095,0.018,335725.71,148814.67,20.0,221.62,2026-05-17T06:25:02.271Z,btc-updown-15m-1778998500,"Bitcoin Up or Down - May 17, 2:15AM-2:30AM ET",btc-updown-15m-1778998500,2026-05-17T06:30:00Z,,0.52,0.01,0.99,0.48,0.265,0.53,5023.357331000003,,,2737.8,2026-05-17T06:25:02.271Z,BRTI,78058.25,78164.62,78083.99350000001,60,Polymarket RTDS,78036.62607522757,78159.17989803682,0.49,1.001,
2026-05-17T06:25:04.740Z,2026-05-17T06:25:04.215Z,KXBTC15M-26MAY170230-30,BTC price up in next 15 mins?,KXBTC15M-26MAY170230,2026-05-17T06:30:00Z,active,0.01,0.012,0.988,0.99,0.011,0.018,335725.71,148814.67,63.0,6.83,2026-05-17T06:25:04.272Z,btc-updown-15m-1778998500,"Bitcoin Up or Down - May 17, 2:15AM-2:30AM ET",btc-updown-15m-1778998500,2026-05-17T06:30:00Z,,0.52,0.01,0.99,0.48,0.265,0.53,5023.357331000003,,,2737.8,2026-05-17T06:25:04.272Z,BRTI,78083.16,78164.62,78083.72716666666,60,Polymarket RTDS,78035.24326003261,78159.17989803682,0.492,1.0,
2026-05-17T06:25:06.724Z,2026-05-17T06:25:06.220Z,KXBTC15M-26MAY170230-30,BTC price up in next 15 mins?,KXBTC15M-26MAY170230,2026-05-17T06:30:00Z,active,0.01,0.018,0.982,0.99,0.013999999999999999,0.018,335725.71,148814.67,21.0,1510.0,2026-05-17T06:25:06.269Z,btc-updown-15m-1778998500,"Bitcoin Up or Down - May 17, 2:15AM-2:30AM ET",btc-updown-15m-1778998500,2026-05-17T06:30:00Z,,0.52,0.01,0.99,0.48,0.265,0.53,5023.357331000003,,,2737.8,2026-05-17T06:25:06.269Z,BRTI,78057.33,78164.62,78083.05883333334,60,Polymarket RTDS,78035.29660838253,78159.17989803682,0.498,1.0,
2026-05-17T06:25:08.709Z,2026-05-17T06:25:08.204Z,KXBTC15M-26MAY170230-30,BTC price up in next 15 mins?,KXBTC15M-26MAY170230,2026-05-17T06:30:00Z,active,0.012,0.016,0.984,0.988,0.014,0.018,335725.71,148814.67,309.7,19.0,2026-05-17T06:25:08.250Z,btc-updown-15m-1778998500,"Bitcoin Up or Down - May 17, 2:15AM-2:30AM ET",btc-updown-15m-1778998500,2026-05-17T06:30:00Z,,0.52,0.01,0.99,0.48,0.265,0.53,5023.357331000003,,,2737.8,2026-05-17T06:25:08.250Z,BRTI,78038.27,78164.62,78082.04433333334,60,Polymarket RTDS,78034.77836479878,78159.17989803682,0.496,0.998,
2026-05-17T06:25:10.764Z,2026-05-17T06:25:10.223Z,KXBTC15M-26MAY170230-30,BTC price up in next 15 mins?,KXBTC15M-26MAY170230,2026-05-17T06:30:00Z,active,0.012,0.016,0.984,0.988,0.014,0.018,335725.71,148814.67,262.58,19.0,2026-05-17T06:25:10.285Z,btc-updown-15m-1778998500,"Bitcoin Up or Down - May 17, 2:15AM-2:30AM ET",btc-updown-15m-1778998500,2026-05-17T06:30:00Z,,0.52,0.01,0.99,0.48,0.265,0.53,5023.357331000003,,,2742.8,2026-05-17T06:25:10.285Z,BRTI,78057.33,78164.62,78081.61083333334,60,Polymarket RTDS,78034.02573458466,78159.17989803682,0.496,0.998,
2026-05-17T06:25:12.690Z,2026-05-17T06:25:12.206Z,KXBTC15M-26MAY170230-30,BTC price up in next 15 mins?,KXBTC15M-26MAY170230,2026-05-17T06:30:00Z,active,0.012,0.017,0.983,0.988,0.0145,0.018,335725.71,148814.67,195.27,567.0,2026-05-17T06:25:12.253Z,btc-updown-15m-1778998500,"Bitcoin Up or Down - May 17, 2:15AM-2:30AM ET",btc-updown-15m-1778998500,2026-05-17T06:30:00Z,,0.52,0.01,0.99,0.48,0.265,0.53,5023.357331000003,,,2742.8,2026-05-17T06:25:12.253Z,BRTI,78080.87,78164.62,78081.33483333333,60,Polymarket RTDS,78034.08068792996,78159.17989803682,0.497,0.998,
2026-05-17T06:25:14.723Z,2026-05-17T06:25:14.221Z,KXBTC15M-26MAY170230-30,BTC price up in next 15 mins?,KXBTC15M-26MAY170230,2026-05-17T06:30:00Z,active,0.01,0.015,0.985,0.99,0.0125,0.018,335725.71,148814.67,72.0,14.0,2026-05-17T06:25:14.277Z,btc-updown-15m-1778998500,"Bitcoin Up or Down - May 17, 2:15AM-2:30AM ET",btc-updown-15m-1778998500,2026-05-17T06:30:00Z,,0.52,0.01,0.99,0.48,0.265,0.53,5023.357331000003,,,2737.8,2026-05-17T06:25:14.277Z,BRTI,78080.87,78164.62,78081.21283333334,60,Polymarket RTDS,78027.43360628831,78159.17989803682,0.495,1.0,
2026-05-17T06:25:16.743Z,2026-05-17T06:25:16.212Z,KXBTC15M-26MAY170230-30,BTC price up in next 15 mins?,KXBTC15M-26MAY170230,2026-05-17T06:30:00Z,active,0.007,0.013,0.987,0.993,0.01,0.018,335725.71,148814.67,21.0,15.0,2026-05-17T06:25:16.265Z,btc-updown-15m-1778998500,"Bitcoin Up or Down - May 17, 2:15AM-2:30AM ET",btc-updown-15m-1778998500,2026-05-17T06:30:00Z,,0.52,0.01,0.99,0.48,0.265,0.53,5023.357331000003,,,2742.8,2026-05-17T06:25:16.265Z,BRTI,78080.87,78164.62,78081.17166666666,60,Polymarket RTDS,78025.69797760877,78159.17989803682,0.493,1.003,
2026-05-17T06:25:18.745Z,2026-05-17T06:25:18.226Z,KXBTC15M-26MAY170230-30,BTC price up in next 15 mins?,KXBTC15M-26MAY170230,2026-05-17T06:30:00Z,active,0.006,0.008,0.992,0.994,0.007,0.018,335725.71,148814.67,96.0,67.0,2026-05-17T06:25:18.274Z,btc-updown-15m-1778998500,"Bitcoin Up or Down - May 17, 2:15AM-2:30AM ET",btc-updown-15m-1778998500,2026-05-17T06:30:00Z,,0.52,0.01,0.99,0.48,0.265,0.53,5023.357331000003,,,2637.8,2026-05-17T06:25:18.274Z,BRTI,78076.31,78164.62,78080.98933333335,60,Polymarket RTDS,78017.8533577975,78159.17989803682,0.488,1.004,
2026-05-17T06:25:20.749Z,2026-05-17T06:25:20.231Z,KXBTC15M-26MAY170230-30,BTC price up in next 15 mins?,KXBTC15M-26MAY170230,2026-05-17T06:30:00Z,active,0.006,0.01,0.99,0.994,0.008,0.018,335725.71,148814.67,72.0,1.0,2026-05-17T06:25:20.273Z,btc-updown-15m-1778998500,"Bitcoin Up or Down - May 17, 2:15AM-2:30AM ET",btc-updown-15m-1778998500,2026-05-17T06:30:00Z,,0.52,0.01,0.99,0.48,0.265,0.53,5023.357331000003,,,2637.8,2026-05-17T06:25:20.273Z,BRTI,78038.3,78164.62,78080.00383333334,60,Polymarket RTDS,78017.75077838011,78159.17989803682,0.49,1.004,
2026-05-17T06:25:22.729Z,2026-05-17T06:25:22.225Z,KXBTC15M-26MAY170230-30,BTC price up in next 15 mins?,KXBTC15M-26MAY170230,2026-05-17T06:30:00Z,active,0.006,0.01,0.99,0.994,0.008,0.018,335725.71,148814.67,70.0,3.0,2026-05-17T06:25:22.275Z,btc-updown-15m-1778998500,"Bitcoin Up or Down - May 17, 2:15AM-2:30AM ET",btc-updown-15m-1778998500,2026-05-17T06:30:00Z,,0.52,0.01,0.99,0.48,0.265,0.53,5023.357331000003,,,2637.8,2026-05-17T06:25:22.275Z,BRTI,78038.27,78164.62,78078.98933333335,60,Polymarket RTDS,78015.71946956663,78159.17989803682,0.49,1.004,
2026-05-17T06:25:24.725Z,2026-05-17T06:25:24.222Z,KXBTC15M-26MAY170230-30,BTC price up in next 15 mins?,KXBTC15M-26MAY170230,2026-05-17T06:30:00Z,active,0.005,0.01,0.99,0.995,0.0075,0.006,342651.51,154317.65,274.2,645.07,2026-05-17T06:25:24.267Z,btc-updown-15m-1778998500,"Bitcoin Up or Down - May 17, 2:15AM-2:30AM ET",btc-updown-15m-1778998500,2026-05-17T06:30:00Z,,0.52,0.01,0.99,0.48,0.265,0.53,5023.357331000003,,,2642.8,2026-05-17T06:25:24.267Z,BRTI,78038.3,78164.62,78077.98483333334,60,Polymarket RTDS,78011.9357779607,78159.17989803682,0.49,1.005,
2026-05-17T06:25:26.713Z,2026-05-17T06:25:26.214Z,KXBTC15M-26MAY170230-30,BTC price up in next 15 mins?,KXBTC15M-26MAY170230,2026-05-17T06:30:00Z,active,0.005,0.01,0.99,0.995,0.0075,0.006,342651.51,154317.65,321.2,583.07,2026-05-17T06:25:26.260Z,btc-updown-15m-1778998500,"Bitcoin Up or Down - May 17, 2:15AM-2:30AM ET",btc-updown-15m-1778998500,2026-05-17T06:30:00Z,,0.52,0.01,0.99,0.48,0.265,0.53,5023.357331000003,,,2642.8,2026-05-17T06:25:26.260Z,BRTI,78055.62,78164.62,78077.52583333333,60,Polymarket RTDS,78003.87310013897,78159.17989803682,0.49,1.005,
2026-05-17T06:25:29.089Z,2026-05-17T06:25:28.230Z,KXBTC15M-26MAY170230-30,BTC price up in next 15 mins?,KXBTC15M-26MAY170230,2026-05-17T06:30:00Z,active,0.006,0.01,0.99,0.994,0.008,0.006,342651.51,154317.65,60.0,513.0,2026-05-17T06:25:28.277Z,btc-updown-15m-1778998500,"Bitcoin Up or Down - May 17, 2:15AM-2:30AM ET",btc-updown-15m-1778998500,2026-05-17T06:30:00Z,,0.52,0.01,0.99,0.48,0.265,0.53,5023.357331000003,,,2687.8,2026-05-17T06:25:28.277Z,BRTI,78038.3,78164.62,78076.52133333334,60,Polymarket RTDS,78006.96497575981,78159.17989803682,0.49,1.004,
2026-05-17T06:25:30.847Z,2026-05-17T06:25:30.215Z,KXBTC15M-26MAY170230-30,BTC price up in next 15 mins?,KXBTC15M-26MAY170230,2026-05-17T06:30:00Z,active,0.006,0.01,0.99,0.994,0.008,0.006,342651.51,154317.65,60.0,1054.05,2026-05-17T06:25:30.258Z,btc-updown-15m-1778998500,"Bitcoin Up or Down - May 17, 2:15AM-2:30AM ET",btc-updown-15m-1778998500,2026-05-17T06:30:00Z,,0.52,0.01,0.99,0.48,0.265,0.53,5023.357331000003,,,3090.46,2026-05-17T06:25:30.258Z,BRTI,78054.03,78164.62,78075.96766666666,60,Polymarket RTDS,78008.5328240524,78159.17989803682,0.49,1.004,
2026-05-17T06:25:32.730Z,2026-05-17T06:25:32.222Z,KXBTC15M-26MAY170230-30,BTC price up in next 15 mins?,KXBTC15M-26MAY170230,2026-05-17T06:30:00Z,active,0.006,0.01,0.99,0.994,0.008,0.006,342651.51,154317.65,73.0,1032.55,2026-05-17T06:25:32.269Z,btc-updown-15m-1778998500,"Bitcoin Up or Down - May 17, 2:15AM-2:30AM ET",btc-updown-15m-1778998500,2026-05-17T06:30:00Z,,0.52,0.01,0.99,0.48,0.265,0.53,5023.357331000003,,,3090.46,2026-05-17T06:25:32.269Z,BRTI,78038.3,78164.62,78075.217,60,Polymarket RTDS,78009.84307225895,78159.17989803682,0.49,1.004,
2026-05-17T06:25:34.773Z,2026-05-17T06:25:34.214Z,KXBTC15M-26MAY170230-30,BTC price up in next 15 mins?,KXBTC15M-26MAY170230,2026-05-17T06:30:00Z,active,0.008,0.01,0.99,0.992,0.009000000000000001,0.006,342651.51,154317.65,100.0,883.64,2026-05-17T06:25:34.263Z,btc-updown-15m-1778998500,"Bitcoin Up or Down - May 17, 2:15AM-2:30AM ET",btc-updown-15m-1778998500,2026-05-17T06:30:00Z,,0.52,0.01,0.99,0.48,0.265,0.53,5023.357331000003,,,3095.46,2026-05-17T06:25:34.263Z,BRTI,78057.33,78164.62,78074.7865,60,Polymarket RTDS,78009.89514157227,78159.17989803682,0.49,1.002,
2026-05-17T06:25:36.751Z,2026-05-17T06:25:36.232Z,KXBTC15M-26MAY170230-30,BTC price up in next 15 mins?,KXBTC15M-26MAY170230,2026-05-17T06:30:00Z,active,0.008,0.01,0.99,0.992,0.009000000000000001,0.006,342651.51,154317.65,100.0,816.89,2026-05-17T06:25:36.284Z,btc-updown-15m-1778998500,"Bitcoin Up or Down - May 17, 2:15AM-2:30AM ET",btc-updown-15m-1778998500,2026-05-17T06:30:00Z,,0.52,0.01,0.99,0.48,0.265,0.53,5023.357331000003,,,3095.46,2026-05-17T06:25:36.284Z,BRTI,78038.27,78164.62,78073.7815,60,Polymarket RTDS,78010.0794457079,78159.17989803682,0.49,1.002,
2026-05-17T06:25:38.701Z,2026-05-17T06:25:38.210Z,KXBTC15M-26MAY170230-30,BTC price up in next 15 mins?,KXBTC15M-26MAY170230,2026-05-17T06:30:00Z,active,0.008,0.01,0.99,0.992,0.009000000000000001,0.006,342651.51,154317.65,100.0,450.86,2026-05-17T06:25:38.258Z,btc-updown-15m-1778998500,"Bitcoin Up or Down - May 17, 2:15AM-2:30AM ET",btc-updown-15m-1778998500,2026-05-17T06:30:00Z,,0.52,0.01,0.99,0.48,0.265,0.53,5023.357331000003,,,3090.46,2026-05-17T06:25:38.258Z,BRTI,78038.27,78164.62,78072.9495,60,Polymarket RTDS,78009.93580378953,78159.17989803682,0.49,1.002,
2026-05-17T06:25:40.739Z,2026-05-17T06:25:40.222Z,KXBTC15M-26MAY170230-30,BTC price up in next 15 mins?,KXBTC15M-26MAY170230,2026-05-17T06:30:00Z,active,0.008,0.01,0.99,0.992,0.009000000000000001,0.006,342651.51,154317.65,150.0,450.86,2026-05-17T06:25:40.270Z,btc-updown-15m-1778998500,"Bitcoin Up or Down - May 17, 2:15AM-2:30AM ET",btc-updown-15m-1778998500,2026-05-17T06:30:00Z,,0.52,0.01,0.99,0.48,0.265,0.53,5023.357331000003,,,3090.46,2026-05-17T06:25:40.270Z,BRTI,78038.3,78164.62,78072.19883333333,60,Polymarket RTDS,78020.32084430172,78159.17989803682,0.49,1.002,
2026-05-17T06:25:42.719Z,2026-05-17T06:25:42.215Z,KXBTC15M-26MAY170230-30,BTC price up in next 15 mins?,KXBTC15M-26MAY170230,2026-05-17T06:30:00Z,active,0.008,0.017,0.983,0.992,0.0125,0.006,342651.51,154317.65,165.0,708.63,2026-05-17T06:25:42.273Z,btc-updown-15m-1778998500,"Bitcoin Up or Down - May 17, 2:15AM-2:30AM ET",btc-updown-15m-1778998500,2026-05-17T06:30:00Z,,0.52,0.01,0.99,0.48,0.265,0.53,5023.357331000003,,,3093.38,2026-05-17T06:25:42.273Z,BRTI,78057.33,78164.62,78071.51150000001,60,Polymarket RTDS,78022.05539579979,78159.17989803682,0.497,1.002,
2026-05-17T06:25:44.728Z,2026-05-17T06:25:44.208Z,KXBTC15M-26MAY170230-30,BTC price up in next 15 mins?,KXBTC15M-26MAY170230,2026-05-17T06:30:00Z,active,0.01,0.014,0.986,0.99,0.012,0.006,342651.51,154317.65,45.0,18.0,2026-05-17T06:25:44.253Z,btc-updown-15m-1778998500,"Bitcoin Up or Down - May 17, 2:15AM-2:30AM ET",btc-updown-15m-1778998500,2026-05-17T06:30:00Z,,0.52,0.01,0.99,0.48,0.265,0.53,5023.357331000003,,,3068.38,2026-05-17T06:25:44.253Z,BRTI,78058.25,78164.62,78071.2105,60,Polymarket RTDS,78024.52105732166,78159.17989803682,0.494,1.0,
2026-05-17T06:25:46.720Z,2026-05-17T06:25:46.225Z,KXBTC15M-26MAY170230-30,BTC price up in next 15 mins?,KXBTC15M-26MAY170230,2026-05-17T06:30:00Z,active,0.011,0.014,0.986,0.989,0.0125,0.006,342651.51,154317.65,5.57,69.92,2026-05-17T06:25:46.277Z,btc-updown-15m-1778998500,"Bitcoin Up or Down - May 17, 2:15AM-2:30AM ET",btc-updown-15m-1778998500,2026-05-17T06:30:00Z,,0.52,0.01,0.99,0.48,0.265,0.53,5023.357331000003,,,3493.38,2026-05-17T06:25:46.277Z,BRTI,78036.91,78164.62,78070.18283333333,60,Polymarket RTDS,78026.38614120585,78159.17989803682,0.494,0.999,
2026-05-17T06:25:48.733Z,2026-05-17T06:25:48.215Z,KXBTC15M-26MAY170230-30,BTC price up in next 15 mins?,KXBTC15M-26MAY170230,2026-05-17T06:30:00Z,active,0.011,0.015,0.985,0.989,0.013,0.006,342651.51,154317.65,15.53,220.27,2026-05-17T06:25:48.264Z,btc-updown-15m-1778998500,"Bitcoin Up or Down - May 17, 2:15AM-2:30AM ET",btc-updown-15m-1778998500,2026-05-17T06:30:00Z,,0.002,0.009,0.991,0.998,0.0055,0.53,5023.357331000003,,125.0,550.0,2026-05-17T06:25:48.264Z,BRTI,78038.27,78164.62,78069.17783333334,60,Polymarket RTDS,78026.17586746748,78159.17989803682,1.013,0.998,
2026-05-17T06:25:50.724Z,2026-05-17T06:25:50.217Z,KXBTC15M-26MAY170230-30,BTC price up in next 15 mins?,KXBTC15M-26MAY170230,2026-05-17T06:30:00Z,active,0.01,0.014,0.986,0.99,0.012,0.006,342651.51,154317.65,49.37,69.92,2026-05-17T06:25:50.262Z,btc-updown-15m-1778998500,"Bitcoin Up or Down - May 17, 2:15AM-2:30AM ET",btc-updown-15m-1778998500,2026-05-17T06:30:00Z,,0.002,0.003,0.997,0.998,0.0025,0.53,5023.357331000003,,148.79,12.0,2026-05-17T06:25:50.262Z,BRTI,78036.91,78164.62,78068.16916666667,60,Polymarket RTDS,78026.09944273328,78159.17989803682,1.012,0.993,
2026-05-17T06:25:52.734Z,2026-05-17T06:25:52.215Z,KXBTC15M-26MAY170230-30,BTC price up in next 15 mins?,KXBTC15M-26MAY170230,2026-05-17T06:30:00Z,active,0.01,0.014,0.986,0.99,0.012,0.006,342651.51,154317.65,25.0,69.92,2026-05-17T06:25:52.266Z,btc-updown-15m-1778998500,"Bitcoin Up or Down - May 17, 2:15AM-2:30AM ET",btc-updown-15m-1778998500,2026-05-17T06:30:00Z,,0.003,0.004,0.996,0.997,0.0035,0.53,5023.357331000003,,125.0,5.0,2026-05-17T06:25:52.266Z,BRTI,78038.27,78164.62,78067.18316666667,60,Polymarket RTDS,78026.148315087,78159.17989803682,1.011,0.994,
2026-05-17T06:25:54.745Z,2026-05-17T06:25:54.217Z,KXBTC15M-26MAY170230-30,BTC price up in next 15 mins?,KXBTC15M-26MAY170230,2026-05-17T06:30:00Z,active,0.01,0.014,0.986,0.99,0.012,0.01,348182.72,158934.54,22.56,69.92,2026-05-17T06:25:54.267Z,btc-updown-15m-1778998500,"Bitcoin Up or Down - May 17, 2:15AM-2:30AM ET",btc-updown-15m-1778998500,2026-05-17T06:30:00Z,,0.003,0.004,0.996,0.997,0.0035,0.53,5023.357331000003,,114.97,5.0,2026-05-17T06:25:54.267Z,BRTI,78058.25,78164.62,78066.88216666666,60,Polymarket RTDS,78026.11157040522,78159.17989803682,1.011,0.994,
2026-05-17T06:25:56.725Z,2026-05-17T06:25:56.217Z,KXBTC15M-26MAY170230-30,BTC price up in next 15 mins?,KXBTC15M-26MAY170230,2026-05-17T06:30:00Z,active,0.01,0.014,0.986,0.99,0.012,0.01,348182.72,158934.54,52.56,1740.0,2026-05-17T06:25:56.280Z,btc-updown-15m-1778998500,"Bitcoin Up or Down - May 17, 2:15AM-2:30AM ET",btc-updown-15m-1778998500,2026-05-17T06:30:00Z,,0.003,0.004,0.996,0.997,0.0035,0.53,5023.357331000003,,114.97,5.0,2026-05-17T06:25:56.280Z,BRTI,78042.34,78164.62,78065.945,60,Polymarket RTDS,78026.13391524059,78159.17989803682,1.011,0.994,
2026-05-17T06:25:58.727Z,2026-05-17T06:25:58.222Z,KXBTC15M-26MAY170230-30,BTC price up in next 15 mins?,KXBTC15M-26MAY170230,2026-05-17T06:30:00Z,active,0.01,0.015,0.985,0.99,0.0125,0.01,348182.72,158934.54,43.56,165.3,2026-05-17T06:25:58.267Z,btc-updown-15m-1778998500,"Bitcoin Up or Down - May 17, 2:15AM-2:30AM ET",btc-updown-15m-1778998500,2026-05-17T06:30:00Z,,0.003,0.004,0.996,0.997,0.0035,0.53,5023.357331000003,,114.97,5.0,2026-05-17T06:25:58.267Z,BRTI,78055.62,78164.62,78065.48300000001,60,Polymarket RTDS,78027.2709446097,78159.17989803682,1.012,0.994,
2026-05-17T06:26:00.729Z,2026-05-17T06:26:00.231Z,KXBTC15M-26MAY170230-30,BTC price up in next 15 mins?,KXBTC15M-26MAY170230,2026-05-17T06:30:00Z,active,0.006,0.01,0.99,0.994,0.008,0.01,348182.72,158934.54,56.0,291.44,2026-05-17T06:26:00.283Z,btc-updown-15m-1778998500,"Bitcoin Up or Down - May 17, 2:15AM-2:30AM ET",btc-updown-15m-1778998500,2026-05-17T06:30:00Z,,0.003,0.004,0.996,0.997,0.0035,0.53,5023.357331000003,,114.97,5.0,2026-05-17T06:26:00.283Z,BRTI,78042.34,78164.62,78064.80266666667,60,Polymarket RTDS,78027.60951756882,78159.17989803682,1.007,0.998,
2026-05-17T06:26:02.902Z,2026-05-17T06:26:02.215Z,KXBTC15M-26MAY170230-30,BTC price up in next 15 mins?,KXBTC15M-26MAY170230,2026-05-17T06:30:00Z,active,0.008,0.01,0.99,0.992,0.009000000000000001,0.01,348182.72,158934.54,303.0,18.41,2026-05-17T06:26:02.288Z,btc-updown-15m-1778998500,"Bitcoin Up or Down - May 17, 2:15AM-2:30AM ET",btc-updown-15m-1778998500,2026-05-17T06:30:00Z,,0.003,0.004,0.996,0.997,0.0035,0.53,5023.357331000003,,114.97,5.0,2026-05-17T06:26:02.288Z,BRTI,78057.33,78164.62,78064.11533333334,60,Polymarket RTDS,78028.21426590708,78159.17989803682,1.007,0.996,
2026-05-17T06:26:04.723Z,2026-05-17T06:26:04.226Z,KXBTC15M-26MAY170230-30,BTC price up in next 15 mins?,KXBTC15M-26MAY170230,2026-05-17T06:30:00Z,active,0.01,0.014,0.986,0.99,0.012,0.01,348182.72,158934.54,9.0,13.0,2026-05-17T06:26:04.276Z,btc-updown-15m-1778998500,"Bitcoin Up or Down - May 17, 2:15AM-2:30AM ET",btc-updown-15m-1778998500,2026-05-17T06:30:00Z,,0.003,0.004,0.996,0.997,0.0035,0.02,22102.402773000034,,114.97,5.0,2026-05-17T06:26:04.276Z,BRTI,78038.27,78164.62,78063.10083333333,60,Polymarket RTDS,78028.49627444017,78159.17989803682,1.011,0.994,
2026-05-17T06:26:06.725Z,2026-05-17T06:26:06.212Z,KXBTC15M-26MAY170230-30,BTC price up in next 15 mins?,KXBTC15M-26MAY170230,2026-05-17T06:30:00Z,active,0.009,0.01,0.99,0.991,0.0095,0.01,348182.72,158934.54,51.78,102.0,2026-05-17T06:26:06.273Z,btc-updown-15m-1778998500,"Bitcoin Up or Down - May 17, 2:15AM-2:30AM ET",btc-updown-15m-1778998500,2026-05-17T06:30:00Z,,0.003,0.004,0.996,0.997,0.0035,0.02,22102.402773000034,,114.97,5.0,2026-05-17T06:26:06.273Z,BRTI,78046.44,78164.62,78062.48583333334,60,Polymarket RTDS,78028.50048380476,78159.17989803682,1.007,0.995,
2026-05-17T06:26:08.710Z,2026-05-17T06:26:08.217Z,KXBTC15M-26MAY170230-30,BTC price up in next 15 mins?,KXBTC15M-26MAY170230,2026-05-17T06:30:00Z,active,0.009,0.014,0.986,0.991,0.0115,0.01,348182.72,158934.54,37.78,66.54,2026-05-17T06:26:08.265Z,btc-updown-15m-1778998500,"Bitcoin Up or Down - May 17, 2:15AM-2:30AM ET",btc-updown-15m-1778998500,2026-05-17T06:30:00Z,,0.003,0.004,0.996,0.997,0.0035,0.02,22102.402773000034,,114.97,5.0,2026-05-17T06:26:08.265Z,BRTI,78057.33,78164.62,78061.98716666667,60,Polymarket RTDS,78029.67464842547,78159.17989803682,1.011,0.995,
2026-05-17T06:26:10.714Z,2026-05-17T06:26:10.219Z,KXBTC15M-26MAY170230-30,BTC price up in next 15 mins?,KXBTC15M-26MAY170230,2026-05-17T06:30:00Z,active,0.009,0.014,0.986,0.991,0.0115,0.01,348182.72,158934.54,32.78,11.62,2026-05-17T06:26:10.263Z,btc-updown-15m-1778998500,"Bitcoin Up or Down - May 17, 2:15AM-2:30AM ET",btc-updown-15m-1778998500,2026-05-17T06:30:00Z,,0.003,0.004,0.996,0.997,0.0035,0.02,22102.402773000034,,114.97,5.0,2026-05-17T06:26:10.263Z,BRTI,78038.3,78164.62,78060.98266666666,60,Polymarket RTDS,78029.6910195558,78159.17989803682,1.011,0.995,
2026-05-17T06:26:12.839Z,2026-05-17T06:26:12.227Z,KXBTC15M-26MAY170230-30,BTC price up in next 15 mins?,KXBTC15M-26MAY170230,2026-05-17T06:30:00Z,active,0.009,0.015,0.985,0.991,0.012,0.01,348182.72,158934.54,26.78,69.93,2026-05-17T06:26:12.270Z,btc-updown-15m-1778998500,"Bitcoin Up or Down - May 17, 2:15AM-2:30AM ET",btc-updown-15m-1778998500,2026-05-17T06:30:00Z,,0.003,0.004,0.996,0.997,0.0035,0.02,22102.402773000034,,114.97,5.0,2026-05-17T06:26:12.270Z,BRTI,78055.62,78164.62,78060.52066666666,60,Polymarket RTDS,78029.66427114057,78159.17989803682,1.012,0.995,
2026-05-17T06:26:14.721Z,2026-05-17T06:26:14.213Z,KXBTC15M-26MAY170230-30,BTC price up in next 15 mins?,KXBTC15M-26MAY170230,2026-05-17T06:30:00Z,active,0.009,0.015,0.985,0.991,0.012,0.01,348182.72,158934.54,29.0,69.93,2026-05-17T06:26:14.262Z,btc-updown-15m-1778998500,"Bitcoin Up or Down - May 17, 2:15AM-2:30AM ET",btc-updown-15m-1778998500,2026-05-17T06:30:00Z,,0.005,0.006,0.994,0.995,0.0055,0.02,22102.402773000034,,25.0,12.0,2026-05-17T06:26:14.262Z,BRTI,78055.62,78164.62,78059.80483333333,60,Polymarket RTDS,78029.67289882216,78159.17989803682,1.01,0.997,
2026-05-17T06:26:16.714Z,2026-05-17T06:26:16.211Z,KXBTC15M-26MAY170230-30,BTC price up in next 15 mins?,KXBTC15M-26MAY170230,2026-05-17T06:30:00Z,active,0.009,0.015,0.985,0.991,0.012,0.01,348182.72,158934.54,23.0,82.93,2026-05-17T06:26:16.259Z,btc-updown-15m-1778998500,"Bitcoin Up or Down - May 17, 2:15AM-2:30AM ET",btc-updown-15m-1778998500,2026-05-17T06:30:00Z,,0.006,0.007,0.993,0.994,0.006500000000000001,0.02,22102.402773000034,,25.0,12.0,2026-05-17T06:26:16.259Z,BRTI,78042.34,78164.62,78059.04066666667,60,Polymarket RTDS,78030.48078905752,78159.17989803682,1.009,0.998,
2026-05-17T06:26:18.750Z,2026-05-17T06:26:18.252Z,KXBTC15M-26MAY170230-30,BTC price up in next 15 mins?,KXBTC15M-26MAY170230,2026-05-17T06:30:00Z,active,0.009,0.015,0.985,0.991,0.012,0.01,348182.72,158934.54,18.0,5000.0,2026-05-17T06:26:18.300Z,btc-updown-15m-1778998500,"Bitcoin Up or Down - May 17, 2:15AM-2:30AM ET",btc-updown-15m-1778998500,2026-05-17T06:30:00Z,,0.008,0.009,0.991,0.992,0.0085,0.02,22102.402773000034,,12.0,385.52,2026-05-17T06:26:18.300Z,BRTI,78038.27,78164.62,78058.22433333333,60,Polymarket RTDS,78030.39351089734,78159.17989803682,1.007,1.0,
2026-05-17T06:26:20.741Z,2026-05-17T06:26:20.219Z,KXBTC15M-26MAY170230-30,BTC price up in next 15 mins?,KXBTC15M-26MAY170230,2026-05-17T06:30:00Z,active,0.008,0.01,0.99,0.992,0.009000000000000001,0.01,348182.72,158934.54,235.0,590.77,2026-05-17T06:26:20.272Z,btc-updown-15m-1778998500,"Bitcoin Up or Down - May 17, 2:15AM-2:30AM ET",btc-updown-15m-1778998500,2026-05-17T06:30:00Z,,0.004,0.008,0.992,0.996,0.006,0.02,22102.402773000034,,25.0,5.0,2026-05-17T06:26:20.272Z,BRTI,78038.27,78164.62,78057.51433333334,60,Polymarket RTDS,78029.09193940321,78159.17989803682,1.006,1.0,
2026-05-17T06:26:22.947Z,2026-05-17T06:26:22.219Z,KXBTC15M-26MAY170230-30,BTC price up in next 15 mins?,KXBTC15M-26MAY170230,2026-05-17T06:30:00Z,active,0.005,0.009,0.991,0.995,0.006999999999999999,0.01,348182.72,158934.54,142.0,15.0,2026-05-17T06:26:22.270Z,btc-updown-15m-1778998500,"Bitcoin Up or Down - May 17, 2:15AM-2:30AM ET",btc-updown-15m-1778998500,2026-05-17T06:30:00Z,,0.007,0.008,0.992,0.993,0.0075,0.02,22102.402773000034,,12.0,5.0,2026-05-17T06:26:22.270Z,BRTI,78057.33,78164.62,78057.08383333334,60,Polymarket RTDS,78010.555735,78159.17989803682,1.002,1.003,
2026-05-17T06:26:24.723Z,2026-05-17T06:26:24.216Z,KXBTC15M-26MAY170230-30,BTC price up in next 15 mins?,KXBTC15M-26MAY170230,2026-05-17T06:30:00Z,active,0.005,0.009,0.991,0.995,0.006999999999999999,0.005,351298.78,161198.72,134.0,15.0,2026-05-17T06:26:24.272Z,btc-updown-15m-1778998500,"Bitcoin Up or Down - May 17, 2:15AM-2:30AM ET",btc-updown-15m-1778998500,2026-05-17T06:30:00Z,,0.004,0.005,0.995,0.996,0.0045000000000000005,0.02,22102.402773000034,,50.0,25.0,2026-05-17T06:26:24.272Z,BRTI,78042.34,78164.62,78056.33533333334,60,Polymarket RTDS,78010.53648638734,78159.17989803682,1.005,1.0,
2026-05-17T06:26:26.828Z,2026-05-17T06:26:26.225Z,KXBTC15M-26MAY170230-30,BTC price up in next 15 mins?,KXBTC15M-26MAY170230,2026-05-17T06:30:00Z,active,0.005,0.009,0.991,0.995,0.006999999999999999,0.005,351298.78,161198.72,128.0,15.0,2026-05-17T06:26:26.277Z,btc-updown-15m-1778998500,"Bitcoin Up or Down - May 17, 2:15AM-2:30AM ET",btc-updown-15m-1778998500,2026-05-17T06:30:00Z,,0.004,0.005,0.995,0.996,0.0045000000000000005,0.02,22102.402773000034,,50.0,125.0,2026-05-17T06:26:26.277Z,BRTI,78054.03,78164.62,78055.78166666668,60,Polymarket RTDS,78010.51689441767,78159.17989803682,1.005,1.0,
2026-05-17T06:26:28.778Z,2026-05-17T06:26:28.217Z,KXBTC15M-26MAY170230-30,BTC price up in next 15 mins?,KXBTC15M-26MAY170230,2026-05-17T06:30:00Z,active,0.005,0.008,0.992,0.995,0.006500000000000001,0.005,351298.78,161198.72,127.2,253.0,2026-05-17T06:26:28.313Z,btc-updown-15m-1778998500,"Bitcoin Up or Down - May 17, 2:15AM-2:30AM ET",btc-updown-15m-1778998500,2026-05-17T06:30:00Z,,0.004,0.005,0.995,0.996,0.0045000000000000005,0.02,22102.402773000034,,60.0,125.0,2026-05-17T06:26:28.313Z,BRTI,78038.3,78164.62,78054.95016666666,60,Polymarket RTDS,78010.62520156078,78159.17989803682,1.004,1.0,
2026-05-17T06:26:30.738Z,2026-05-17T06:26:30.224Z,KXBTC15M-26MAY170230-30,BTC price up in next 15 mins?,KXBTC15M-26MAY170230,2026-05-17T06:30:00Z,active,0.004,0.006,0.994,0.996,0.005,0.005,351298.78,161198.72,709.0,4975.0,2026-05-17T06:26:30.276Z,btc-updown-15m-1778998500,"Bitcoin Up or Down - May 17, 2:15AM-2:30AM ET",btc-updown-15m-1778998500,2026-05-17T06:30:00Z,,0.004,0.005,0.995,0.996,0.0045000000000000005,0.02,22102.402773000034,,10.0,125.0,2026-05-17T06:26:30.276Z,BRTI,78038.3,78164.62,78054.633,60,Polymarket RTDS,78010.63277656077,78159.17989803682,1.002,1.001,
2026-05-17T06:26:32.752Z,2026-05-17T06:26:32.214Z,KXBTC15M-26MAY170230-30,BTC price up in next 15 mins?,KXBTC15M-26MAY170230,2026-05-17T06:30:00Z,active,0.004,0.006,0.994,0.996,0.005,0.005,351298.78,161198.72,654.0,4975.0,2026-05-17T06:26:32.262Z,btc-updown-15m-1778998500,"Bitcoin Up or Down - May 17, 2:15AM-2:30AM ET",btc-updown-15m-1778998500,2026-05-17T06:30:00Z,,0.004,0.005,0.995,0.996,0.0045000000000000005,0.02,22102.402773000034,,10.0,125.0,2026-05-17T06:26:32.262Z,BRTI,78016.24,78164.62,78053.51766666667,60,Polymarket RTDS,78010.84087150794,78159.17989803682,1.002,1.001,
2026-05-17T06:26:34.743Z,2026-05-17T06:26:34.220Z,KXBTC15M-26MAY170230-30,BTC price up in next 15 mins?,KXBTC15M-26MAY170230,2026-05-17T06:30:00Z,active,0.004,0.006,0.994,0.996,0.005,0.005,351298.78,161198.72,643.0,4975.0,2026-05-17T06:26:34.267Z,btc-updown-15m-1778998500,"Bitcoin Up or Down - May 17, 2:15AM-2:30AM ET",btc-updown-15m-1778998500,2026-05-17T06:30:00Z,,0.004,0.005,0.995,0.996,0.0045000000000000005,0.02,22102.402773000034,,10.0,125.0,2026-05-17T06:26:34.267Z,BRTI,78016.64,78164.62,78052.409,60,Polymarket RTDS,78011.05092150794,78159.17989803682,1.002,1.001,
2026-05-17T06:26:36.723Z,2026-05-17T06:26:36.230Z,KXBTC15M-26MAY170230-30,BTC price up in next 15 mins?,KXBTC15M-26MAY170230,2026-05-17T06:30:00Z,active,0.004,0.005,0.995,0.996,0.0045000000000000005,0.005,351298.78,161198.72,638.0,5000.0,2026-05-17T06:26:36.277Z,btc-updown-15m-1778998500,"Bitcoin Up or Down - May 17, 2:15AM-2:30AM ET",btc-updown-15m-1778998500,2026-05-17T06:30:00Z,,0.004,0.005,0.995,0.996,0.0045000000000000005,0.02,22102.402773000034,,4.98,125.0,2026-05-17T06:26:36.277Z,BRTI,78016.24,78164.62,78051.29066666667,60,Polymarket RTDS,78011.07656150793,78159.17989803682,1.001,1.001,
2026-05-17T06:26:38.717Z,2026-05-17T06:26:38.211Z,KXBTC15M-26MAY170230-30,BTC price up in next 15 mins?,KXBTC15M-26MAY170230,2026-05-17T06:30:00Z,active,0.004,0.006,0.994,0.996,0.005,0.005,351298.78,161198.72,638.0,4825.0,2026-05-17T06:26:38.258Z,btc-updown-15m-1778998500,"Bitcoin Up or Down - May 17, 2:15AM-2:30AM ET",btc-updown-15m-1778998500,2026-05-17T06:30:00Z,,0.004,0.005,0.995,0.996,0.0045000000000000005,0.02,22102.402773000034,,4.98,130.0,2026-05-17T06:26:38.258Z,BRTI,78046.44,78164.62,78050.67866666666,60,Polymarket RTDS,78011.07184150793,78159.17989803682,1.002,1.001,
2026-05-17T06:26:40.758Z,2026-05-17T06:26:40.216Z,KXBTC15M-26MAY170230-30,BTC price up in next 15 mins?,KXBTC15M-26MAY170230,2026-05-17T06:30:00Z,active,0.003,0.006,0.994,0.997,0.0045000000000000005,0.005,351298.78,161198.72,430.0,4825.0,2026-05-17T06:26:40.272Z,btc-updown-15m-1778998500,"Bitcoin Up or Down - May 17, 2:15AM-2:30AM ET",btc-updown-15m-1778998500,2026-05-17T06:30:00Z,,0.004,0.005,0.995,0.996,0.0045000000000000005,0.02,22102.402773000034,,4.98,130.0,2026-05-17T06:26:40.272Z,BRTI,78016.64,78164.62,78049.57,60,Polymarket RTDS,78010.91747650794,78159.17989803682,1.002,1.002,
2026-05-17T06:26:42.719Z,2026-05-17T06:26:42.208Z,KXBTC15M-26MAY170230-30,BTC price up in next 15 mins?,KXBTC15M-26MAY170230,2026-05-17T06:30:00Z,active,0.001,0.006,0.994,0.999,0.0035,0.005,351298.78,161198.72,3637.78,4838.0,2026-05-17T06:26:42.256Z,btc-updown-15m-1778998500,"Bitcoin Up or Down - May 17, 2:15AM-2:30AM ET",btc-updown-15m-1778998500,2026-05-17T06:30:00Z,,0.004,0.005,0.995,0.996,0.0045000000000000005,0.02,22102.402773000034,,4.98,130.0,2026-05-17T06:26:42.256Z,BRTI,78015.49,78164.62,78048.90116666668,60,Polymarket RTDS,78010.91523150794,78159.17989803682,1.002,1.004,
2026-05-17T06:26:44.738Z,2026-05-17T06:26:44.223Z,KXBTC15M-26MAY170230-30,BTC price up in next 15 mins?,KXBTC15M-26MAY170230,2026-05-17T06:30:00Z,active,0.001,0.005,0.995,0.999,0.003,0.005,351298.78,161198.72,3662.78,901.0,2026-05-17T06:26:44.269Z,btc-updown-15m-1778998500,"Bitcoin Up or Down - May 17, 2:15AM-2:30AM ET",btc-updown-15m-1778998500,2026-05-17T06:30:00Z,,0.003,0.004,0.996,0.997,0.0035,0.02,22102.402773000034,,50.0,100.0,2026-05-17T06:26:44.269Z,BRTI,78016.47,78164.62,78047.7215,60,Polymarket RTDS,78010.95652369894,78159.17989803682,1.002,1.003,
2026-05-17T06:26:46.731Z,2026-05-17T06:26:46.219Z,KXBTC15M-26MAY170230-30,BTC price up in next 15 mins?,KXBTC15M-26MAY170230,2026-05-17T06:30:00Z,active,0.001,0.005,0.995,0.999,0.003,0.005,351298.78,161198.72,3662.78,901.0,2026-05-17T06:26:46.267Z,btc-updown-15m-1778998500,"Bitcoin Up or Down - May 17, 2:15AM-2:30AM ET",btc-updown-15m-1778998500,2026-05-17T06:30:00Z,,0.003,0.004,0.996,0.997,0.0035,0.02,22102.402773000034,,25.0,100.0,2026-05-17T06:26:46.267Z,BRTI,78016.24,78164.62,78046.72033333333,60,Polymarket RTDS,78010.96428869895,78159.17989803682,1.002,1.003,
2026-05-17T06:26:48.769Z,2026-05-17T06:26:48.220Z,KXBTC15M-26MAY170230-30,BTC price up in next 15 mins?,KXBTC15M-26MAY170230,2026-05-17T06:30:00Z,active,0.001,0.005,0.995,0.999,0.003,0.005,351298.78,161198.72,3847.9,753.02,2026-05-17T06:26:48.271Z,btc-updown-15m-1778998500,"Bitcoin Up or Down - May 17, 2:15AM-2:30AM ET",btc-updown-15m-1778998500,2026-05-17T06:30:00Z,,0.002,0.003,0.997,0.998,0.0025,0.02,22102.402773000034,,125.0,5.0,2026-05-17T06:26:48.271Z,BRTI,78038.3,78164.62,78046.43166666667,60,Polymarket RTDS,78011.75127996785,78159.17989803682,1.003,1.002,
2026-05-17T06:26:50.728Z,2026-05-17T06:26:50.211Z,KXBTC15M-26MAY170230-30,BTC price up in next 15 mins?,KXBTC15M-26MAY170230,2026-05-17T06:30:00Z,active,0.001,0.005,0.995,0.999,0.003,0.005,351298.78,161198.72,3908.22,753.02,2026-05-17T06:26:50.255Z,btc-updown-15m-1778998500,"Bitcoin Up or Down - May 17, 2:15AM-2:30AM ET",btc-updown-15m-1778998500,2026-05-17T06:30:00Z,,0.002,0.003,0.997,0.998,0.0025,0.02,22102.402773000034,,25.0,5.0,2026-05-17T06:26:50.255Z,BRTI,78038.27,78164.62,78046.114,60,Polymarket RTDS,78011.84024370248,78159.17989803682,1.003,1.002,
2026-05-17T06:26:52.740Z,2026-05-17T06:26:52.218Z,KXBTC15M-26MAY170230-30,BTC price up in next 15 mins?,KXBTC15M-26MAY170230,2026-05-17T06:30:00Z,active,0.001,0.002,0.998,0.999,0.0015,0.005,351298.78,161198.72,3908.22,1195.0,2026-05-17T06:26:52.266Z,btc-updown-15m-1778998500,"Bitcoin Up or Down - May 17, 2:15AM-2:30AM ET",btc-updown-15m-1778998500,2026-05-17T06:30:00Z,,0.002,0.003,0.997,0.998,0.0025,0.02,22102.402773000034,,25.0,5.0,2026-05-17T06:26:52.266Z,BRTI,78017.31,78164.62,78045.69683333334,60,Polymarket RTDS,78011.08768363812,78159.17989803682,1.0,1.002,
2026-05-17T06:26:54.735Z,2026-05-17T06:26:54.219Z,KXBTC15M-26MAY170230-30,BTC price up in next 15 mins?,KXBTC15M-26MAY170230,2026-05-17T06:30:00Z,active,0.001,0.002,0.998,0.999,0.0015,0.002,356219.30,164803.12,3858.22,979.88,2026-05-17T06:26:54.290Z,btc-updown-15m-1778998500,"Bitcoin Up or Down - May 17, 2:15AM-2:30AM ET",btc-updown-15m-1778998500,2026-05-17T06:30:00Z,,0.002,0.003,0.997,0.998,0.0025,0.02,22102.402773000034,,25.0,5.0,2026-05-17T06:26:54.290Z,BRTI,78016.24,78164.62,78045.06700000001,60,Polymarket RTDS,78011.04683363813,78159.17989803682,1.0,1.002,
2026-05-17T06:26:56.730Z,2026-05-17T06:26:56.211Z,KXBTC15M-26MAY170230-30,BTC price up in next 15 mins?,KXBTC15M-26MAY170230,2026-05-17T06:30:00Z,active,0.001,0.002,0.998,0.999,0.0015,0.002,356219.30,164803.12,3858.22,317.13,2026-05-17T06:26:56.255Z,btc-updown-15m-1778998500,"Bitcoin Up or Down - May 17, 2:15AM-2:30AM ET",btc-updown-15m-1778998500,2026-05-17T06:30:00Z,,0.002,0.003,0.997,0.998,0.0025,0.02,22102.402773000034,,25.0,5.0,2026-05-17T06:26:56.255Z,BRTI,78016.47,78164.62,78044.441,60,Polymarket RTDS,78010.95840869895,78159.17989803682,1.0,1.002,
2026-05-17T06:26:58.762Z,2026-05-17T06:26:58.233Z,KXBTC15M-26MAY170230-30,BTC price up in next 15 mins?,KXBTC15M-26MAY170230,2026-05-17T06:30:00Z,active,0.001,0.002,0.998,0.999,0.0015,0.002,356219.30,164803.12,3858.22,317.13,2026-05-17T06:26:58.279Z,btc-updown-15m-1778998500,"Bitcoin Up or Down - May 17, 2:15AM-2:30AM ET",btc-updown-15m-1778998500,2026-05-17T06:30:00Z,,0.002,0.003,0.997,0.998,0.0025,0.02,22102.402773000034,,25.0,5.0,2026-05-17T06:26:58.279Z,BRTI,78016.3,78164.62,78043.81216666667,60,Polymarket RTDS,78010.98680369895,78159.17989803682,1.0,1.002,
2026-05-17T06:27:00.759Z,2026-05-17T06:27:00.215Z,KXBTC15M-26MAY170230-30,BTC price up in next 15 mins?,KXBTC15M-26MAY170230,2026-05-17T06:30:00Z,active,0.001,0.002,0.998,0.999,0.0015,0.002,356219.30,164803.12,3858.22,317.13,2026-05-17T06:27:00.269Z,btc-updown-15m-1778998500,"Bitcoin Up or Down - May 17, 2:15AM-2:30AM ET",btc-updown-15m-1778998500,2026-05-17T06:30:00Z,,0.002,0.003,0.997,0.998,0.0025,0.02,22102.402773000034,,22.99,105.0,2026-05-17T06:27:00.269Z,BRTI,78016.64,78164.62,78042.81766666667,60,Polymarket RTDS,78010.91643937357,78159.17989803682,1.0,1.002,
2026-05-17T06:27:02.862Z,2026-05-17T06:27:02.230Z,KXBTC15M-26MAY170230-30,BTC price up in next 15 mins?,KXBTC15M-26MAY170230,2026-05-17T06:30:00Z,active,0.001,0.002,0.998,0.999,0.0015,0.002,356219.30,164803.12,3815.22,10.0,2026-05-17T06:27:02.322Z,btc-updown-15m-1778998500,"Bitcoin Up or Down - May 17, 2:15AM-2:30AM ET",btc-updown-15m-1778998500,2026-05-17T06:30:00Z,,0.002,0.003,0.997,0.998,0.0025,0.02,22102.402773000034,,22.99,105.0,2026-05-17T06:27:02.322Z,BRTI,78036.91,78164.62,78042.462,60,Polymarket RTDS,78010.91942937356,78159.17989803682,1.0,1.002,
2026-05-17T06:27:06.480Z,2026-05-17T06:27:04.222Z,KXBTC15M-26MAY170230-30,BTC price up in next 15 mins?,KXBTC15M-26MAY170230,2026-05-17T06:30:00Z,active,0.001,0.002,0.998,0.999,0.0015,0.002,356219.30,164803.12,3754.9,10.0,2026-05-17T06:27:04.277Z,btc-updown-15m-1778998500,"Bitcoin Up or Down - May 17, 2:15AM-2:30AM ET",btc-updown-15m-1778998500,2026-05-17T06:30:00Z,,0.002,0.003,0.997,0.998,0.0025,0.02,22102.402773000034,,22.99,105.0,2026-05-17T06:27:04.277Z,BRTI,78036.91,78164.62,78041.69116666666,60,Polymarket RTDS,78010.81294917226,78159.17989803682,1.0,1.002,
2026-05-17T06:27:07.544Z,2026-05-17T06:27:06.969Z,KXBTC15M-26MAY170230-30,BTC price up in next 15 mins?,KXBTC15M-26MAY170230,2026-05-17T06:30:00Z,active,0.001,0.002,0.998,0.999,0.0015,0.002,356219.30,164803.12,2453.7,10.0,2026-05-17T06:27:07.034Z,btc-updown-15m-1778998500,"Bitcoin Up or Down - May 17, 2:15AM-2:30AM ET",btc-updown-15m-1778998500,2026-05-17T06:30:00Z,,0.002,0.003,0.997,0.998,0.0025,0.02,22102.402773000034,,72.99,105.0,2026-05-17T06:27:07.034Z,BRTI,78016.47,78164.62,78041.01016666667,60,Polymarket RTDS,78010.80490417227,78159.17989803682,1.0,1.002,
2026-05-17T06:27:09.449Z,2026-05-17T06:27:08.957Z,KXBTC15M-26MAY170230-30,BTC price up in next 15 mins?,KXBTC15M-26MAY170230,2026-05-17T06:30:00Z,active,0.002,0.003,0.997,0.998,0.0025,0.002,356219.30,164803.12,990.0,10.0,2026-05-17T06:27:09.006Z,btc-updown-15m-1778998500,"Bitcoin Up or Down - May 17, 2:15AM-2:30AM ET",btc-updown-15m-1778998500,2026-05-17T06:30:00Z,,0.002,0.003,0.997,0.998,0.0025,0.02,22102.402773000034,,72.99,105.0,2026-05-17T06:27:09.006Z,BRTI,78016.3,78164.62,78040.644,60,Polymarket RTDS,78009.17795077745,78159.17989803682,1.001,1.001,
2026-05-17T06:27:11.460Z,2026-05-17T06:27:10.974Z,KXBTC15M-26MAY170230-30,BTC price up in next 15 mins?,KXBTC15M-26MAY170230,2026-05-17T06:30:00Z,active,0.002,0.003,0.997,0.998,0.0025,0.002,356219.30,164803.12,990.0,10.0,2026-05-17T06:27:11.017Z,btc-updown-15m-1778998500,"Bitcoin Up or Down - May 17, 2:15AM-2:30AM ET",btc-updown-15m-1778998500,2026-05-17T06:30:00Z,,0.001,0.002,0.998,0.999,0.0015,0.02,22102.402773000034,,5243.06,12.0,2026-05-17T06:27:11.017Z,BRTI,78016.47,78164.62,78039.963,60,Polymarket RTDS,78009.04185219924,78159.17989803682,1.002,1.0,
2026-05-17T06:27:13.526Z,2026-05-17T06:27:12.974Z,KXBTC15M-26MAY170230-30,BTC price up in next 15 mins?,KXBTC15M-26MAY170230,2026-05-17T06:30:00Z,active,0.002,0.003,0.997,0.998,0.0025,0.002,356219.30,164803.12,990.0,10.0,2026-05-17T06:27:13.025Z,btc-updown-15m-1778998500,"Bitcoin Up or Down - May 17, 2:15AM-2:30AM ET",btc-updown-15m-1778998500,2026-05-17T06:30:00Z,,0.001,0.003,0.997,0.999,0.002,0.02,22102.402773000034,,5243.06,105.0,2026-05-17T06:27:13.025Z,BRTI,78016.64,78164.62,78038.8925,60,Polymarket RTDS,78004.95447018978,78159.17989803682,1.002,1.001,
2026-05-17T06:27:15.961Z,2026-05-17T06:27:14.982Z,KXBTC15M-26MAY170230-30,BTC price up in next 15 mins?,KXBTC15M-26MAY170230,2026-05-17T06:30:00Z,active,0.002,0.003,0.997,0.998,0.0025,0.002,356219.30,164803.12,990.0,10.0,2026-05-17T06:27:15.024Z,btc-updown-15m-1778998500,"Bitcoin Up or Down - May 17, 2:15AM-2:30AM ET",btc-updown-15m-1778998500,2026-05-17T06:30:00Z,,0.001,0.002,0.998,0.999,0.0015,0.02,22102.402773000034,,5243.06,100.0,2026-05-17T06:27:15.024Z,BRTI,78015.87,78164.62,78037.80916666666,60,Polymarket RTDS,77999.98210303346,78159.17989803682,1.002,1.0,
2026-05-17T06:27:17.466Z,2026-05-17T06:27:16.977Z,KXBTC15M-26MAY170230-30,BTC price up in next 15 mins?,KXBTC15M-26MAY170230,2026-05-17T06:30:00Z,active,,0.001,0.999,,0.001,0.002,356219.30,164803.12,,823.42,2026-05-17T06:27:17.021Z,btc-updown-15m-1778998500,"Bitcoin Up or Down - May 17, 2:15AM-2:30AM ET",btc-updown-15m-1778998500,2026-05-17T06:30:00Z,,0.001,0.002,0.998,0.999,0.0015,0.02,22102.402773000034,,5243.06,100.0,2026-05-17T06:27:17.021Z,BRTI,78015.76,78164.62,78036.724,60,Polymarket RTDS,77998.5040599128,78159.17989803682,1.0,,
2026-05-17T06:27:19.493Z,2026-05-17T06:27:18.970Z,KXBTC15M-26MAY170230-30,BTC price up in next 15 mins?,KXBTC15M-26MAY170230,2026-05-17T06:30:00Z,active,,0.001,0.999,,0.001,0.002,356219.30,164803.12,,797.42,2026-05-17T06:27:19.015Z,btc-updown-15m-1778998500,"Bitcoin Up or Down - May 17, 2:15AM-2:30AM ET",btc-updown-15m-1778998500,2026-05-17T06:30:00Z,,0.001,0.002,0.998,0.999,0.0015,0.02,22102.402773000034,,4745.06,100.0,2026-05-17T06:27:19.015Z,BRTI,78016.24,78164.62,78035.72283333333,60,Polymarket RTDS,77997.89658393347,78159.17989803682,1.0,,
2026-05-17T06:27:21.540Z,2026-05-17T06:27:20.970Z,KXBTC15M-26MAY170230-30,BTC price up in next 15 mins?,KXBTC15M-26MAY170230,2026-05-17T06:30:00Z,active,,0.001,0.999,,0.001,0.002,356219.30,164803.12,,797.42,2026-05-17T06:27:21.017Z,btc-updown-15m-1778998500,"Bitcoin Up or Down - May 17, 2:15AM-2:30AM ET",btc-updown-15m-1778998500,2026-05-17T06:30:00Z,,0.001,0.002,0.998,0.999,0.0015,0.02,22102.402773000034,,4745.06,100.0,2026-05-17T06:27:21.017Z,BRTI,78016.3,78164.62,78035.35616666666,60,Polymarket RTDS,77992.98092774145,78159.17989803682,1.0,,
2026-05-17T06:27:23.597Z,2026-05-17T06:27:22.973Z,KXBTC15M-26MAY170230-30,BTC price up in next 15 mins?,KXBTC15M-26MAY170230,2026-05-17T06:30:00Z,active,,0.001,0.999,,0.001,0.001,362691.90,169778.52,,795.42,2026-05-17T06:27:23.068Z,btc-updown-15m-1778998500,"Bitcoin Up or Down - May 17, 2:15AM-2:30AM ET",btc-updown-15m-1778998500,2026-05-17T06:30:00Z,,0.002,0.003,0.997,0.998,0.0025,0.02,22102.402773000034,,6.99,130.0,2026-05-17T06:27:23.068Z,BRTI,78036.91,78164.62,78035.3335,60,Polymarket RTDS,77989.50687194895,78159.17989803682,0.999,,
2026-05-17T06:27:25.461Z,2026-05-17T06:27:24.972Z,KXBTC15M-26MAY170230-30,BTC price up in next 15 mins?,KXBTC15M-26MAY170230,2026-05-17T06:30:00Z,active,,0.001,0.999,,0.001,0.001,362691.90,169778.52,,764.42,2026-05-17T06:27:25.020Z,btc-updown-15m-1778998500,"Bitcoin Up or Down - May 17, 2:15AM-2:30AM ET",btc-updown-15m-1778998500,2026-05-17T06:30:00Z,,0.001,0.003,0.997,0.999,0.002,0.02,22102.402773000034,,4845.06,230.0,2026-05-17T06:27:25.020Z,BRTI,78036.91,78164.62,78035.31033333334,60,Polymarket RTDS,78003.50739879083,78159.17989803682,1.0,,
2026-05-17T06:27:27.477Z,2026-05-17T06:27:26.972Z,KXBTC15M-26MAY170230-30,BTC price up in next 15 mins?,KXBTC15M-26MAY170230,2026-05-17T06:30:00Z,active,,0.001,0.999,,0.001,0.001,362691.90,169778.52,,764.42,2026-05-17T06:27:27.021Z,btc-updown-15m-1778998500,"Bitcoin Up or Down - May 17, 2:15AM-2:30AM ET",btc-updown-15m-1778998500,2026-05-17T06:30:00Z,,0.001,0.003,0.997,0.999,0.002,0.02,22102.402773000034,,4845.06,230.0,2026-05-17T06:27:27.021Z,BRTI,78017.31,78164.62,78034.67183333334,60,Polymarket RTDS,78004.0323855665,78159.17989803682,1.0,,
2026-05-17T06:27:29.472Z,2026-05-17T06:27:28.978Z,KXBTC15M-26MAY170230-30,BTC price up in next 15 mins?,KXBTC15M-26MAY170230,2026-05-17T06:30:00Z,active,,0.001,0.999,,0.001,0.001,362691.90,169778.52,,963.42,2026-05-17T06:27:29.026Z,btc-updown-15m-1778998500,"Bitcoin Up or Down - May 17, 2:15AM-2:30AM ET",btc-updown-15m-1778998500,2026-05-17T06:30:00Z,,0.001,0.002,0.998,0.999,0.0015,0.02,22102.402773000034,,4745.06,100.0,2026-05-17T06:27:29.026Z,BRTI,78036.91,78164.62,78034.64866666666,60,Polymarket RTDS,78004.23220601158,78159.17989803682,1.0,,
2026-05-17T06:27:31.489Z,2026-05-17T06:27:30.972Z,KXBTC15M-26MAY170230-30,BTC price up in next 15 mins?,KXBTC15M-26MAY170230,2026-05-17T06:30:00Z,active,,0.001,0.999,,0.001,0.001,362691.90,169778.52,,953.42,2026-05-17T06:27:31.026Z,btc-updown-15m-1778998500,"Bitcoin Up or Down - May 17, 2:15AM-2:30AM ET",btc-updown-15m-1778998500,2026-05-17T06:30:00Z,,0.001,0.002,0.998,0.999,0.0015,0.02,22102.402773000034,,4744.05,100.0,2026-05-17T06:27:31.026Z,BRTI,78016.24,78164.62,78034.01883333334,60,Polymarket RTDS,78004.75027611977,78159.17989803682,1.0,,
2026-05-17T06:27:33.479Z,2026-05-17T06:27:32.970Z,KXBTC15M-26MAY170230-30,BTC price up in next 15 mins?,KXBTC15M-26MAY170230,2026-05-17T06:30:00Z,active,,0.001,0.999,,0.001,0.001,362691.90,169778.52,,953.42,2026-05-17T06:27:33.019Z,btc-updown-15m-1778998500,"Bitcoin Up or Down - May 17, 2:15AM-2:30AM ET",btc-updown-15m-1778998500,2026-05-17T06:30:00Z,,0.001,0.002,0.998,0.999,0.0015,0.02,22102.402773000034,,4744.05,100.0,2026-05-17T06:27:33.019Z,BRTI,78015.87,78164.62,78033.645,60,Polymarket RTDS,78004.99565142822,78159.17989803682,1.0,,
2026-05-17T06:27:35.480Z,2026-05-17T06:27:34.977Z,KXBTC15M-26MAY170230-30,BTC price up in next 15 mins?,KXBTC15M-26MAY170230,2026-05-17T06:30:00Z,active,,0.001,0.999,,0.001,0.001,362691.90,169778.52,,953.42,2026-05-17T06:27:35.024Z,btc-updown-15m-1778998500,"Bitcoin Up or Down - May 17, 2:15AM-2:30AM ET",btc-updown-15m-1778998500,2026-05-17T06:30:00Z,,0.001,0.002,0.998,0.999,0.0015,0.02,22102.402773000034,,4744.05,200.0,2026-05-17T06:27:35.024Z,BRTI,78016.24,78164.62,78032.96016666667,60,Polymarket RTDS,78004.90950989712,78159.17989803682,1.0,,
2026-05-17T06:27:37.461Z,2026-05-17T06:27:36.972Z,KXBTC15M-26MAY170230-30,BTC price up in next 15 mins?,KXBTC15M-26MAY170230,2026-05-17T06:30:00Z,active,,0.001,0.999,,0.001,0.001,362691.90,169778.52,,853.42,2026-05-17T06:27:37.022Z,btc-updown-15m-1778998500,"Bitcoin Up or Down - May 17, 2:15AM-2:30AM ET",btc-updown-15m-1778998500,2026-05-17T06:30:00Z,,0.001,0.002,0.998,0.999,0.0015,0.02,22102.402773000034,,4719.05,100.0,2026-05-17T06:27:37.022Z,BRTI,78017.31,78164.62,78032.61083333334,60,Polymarket RTDS,78005.11330276857,78159.17989803682,1.0,,
2026-05-17T06:27:39.520Z,2026-05-17T06:27:38.968Z,KXBTC15M-26MAY170230-30,BTC price up in next 15 mins?,KXBTC15M-26MAY170230,2026-05-17T06:30:00Z,active,,0.001,0.999,,0.001,0.001,362691.90,169778.52,,853.42,2026-05-17T06:27:39.017Z,btc-updown-15m-1778998500,"Bitcoin Up or Down - May 17, 2:15AM-2:30AM ET",btc-updown-15m-1778998500,2026-05-17T06:30:00Z,,0.001,0.002,0.998,0.999,0.0015,0.02,22102.402773000034,,4819.05,125.0,2026-05-17T06:27:39.017Z,BRTI,78016.47,78164.62,78032.2475,60,Polymarket RTDS,78008.05587996151,78159.17989803682,1.0,,
2026-05-17T06:27:41.475Z,2026-05-17T06:27:40.977Z,KXBTC15M-26MAY170230-30,BTC price up in next 15 mins?,KXBTC15M-26MAY170230,2026-05-17T06:30:00Z,active,,0.001,0.999,,0.001,0.001,362691.90,169778.52,,853.42,2026-05-17T06:27:41.025Z,btc-updown-15m-1778998500,"Bitcoin Up or Down - May 17, 2:15AM-2:30AM ET",btc-updown-15m-1778998500,2026-05-17T06:30:00Z,,0.001,0.002,0.998,0.999,0.0015,0.02,22102.402773000034,,4744.05,200.0,2026-05-17T06:27:41.025Z,BRTI,78016.24,78164.62,78031.87983333334,60,Polymarket RTDS,78007.67527930572,78159.17989803682,1.0,,
2026-05-17T06:27:43.475Z,2026-05-17T06:27:42.980Z,KXBTC15M-26MAY170230-30,BTC price up in next 15 mins?,KXBTC15M-26MAY170230,2026-05-17T06:30:00Z,active,,0.001,0.999,,0.001,0.001,362691.90,169778.52,,853.42,2026-05-17T06:27:43.032Z,btc-updown-15m-1778998500,"Bitcoin Up or Down - May 17, 2:15AM-2:30AM ET",btc-updown-15m-1778998500,2026-05-17T06:30:00Z,,0.001,0.002,0.998,0.999,0.0015,0.02,22102.402773000034,,4744.05,200.0,2026-05-17T06:27:43.032Z,BRTI,78016.24,78164.62,78031.195,60,Polymarket RTDS,78008.14967631463,78159.17989803682,1.0,,
2026-05-17T06:27:45.487Z,2026-05-17T06:27:44.962Z,KXBTC15M-26MAY170230-30,BTC price up in next 15 mins?,KXBTC15M-26MAY170230,2026-05-17T06:30:00Z,active,,0.001,0.999,,0.001,0.001,362691.90,169778.52,,853.42,2026-05-17T06:27:45.011Z,btc-updown-15m-1778998500,"Bitcoin Up or Down - May 17, 2:15AM-2:30AM ET",btc-updown-15m-1778998500,2026-05-17T06:30:00Z,,0.001,0.002,0.998,0.999,0.0015,0.02,22102.402773000034,,4744.05,200.0,2026-05-17T06:27:45.011Z,BRTI,78016.24,78164.62,78030.49483333335,60,Polymarket RTDS,78008.3961864399,78159.17989803682,1.0,,
2026-05-17T06:27:49.204Z,2026-05-17T06:27:46.984Z,KXBTC15M-26MAY170230-30,BTC price up in next 15 mins?,KXBTC15M-26MAY170230,2026-05-17T06:30:00Z,active,,0.001,0.999,,0.001,0.001,362691.90,169778.52,,853.42,2026-05-17T06:27:47.035Z,btc-updown-15m-1778998500,"Bitcoin Up or Down - May 17, 2:15AM-2:30AM ET",btc-updown-15m-1778998500,2026-05-17T06:30:00Z,,0.001,0.002,0.998,0.999,0.0015,0.02,22102.402773000034,,4744.05,200.0,2026-05-17T06:27:47.035Z,BRTI,78016.24,78164.62,78030.15033333334,60,Polymarket RTDS,78008.31948471164,78159.17989803682,1.0,,
2026-05-17T06:27:50.170Z,2026-05-17T06:27:49.693Z,KXBTC15M-26MAY170230-30,BTC price up in next 15 mins?,KXBTC15M-26MAY170230,2026-05-17T06:30:00Z,active,,0.001,0.999,,0.001,0.001,362691.90,169778.52,,853.42,2026-05-17T06:27:49.741Z,btc-updown-15m-1778998500,"Bitcoin Up or Down - May 17, 2:15AM-2:30AM ET",btc-updown-15m-1778998500,2026-05-17T06:30:00Z,,0.001,0.002,0.998,0.999,0.0015,0.02,22102.402773000034,,4744.05,200.0,2026-05-17T06:27:49.741Z,BRTI,78011.66,78164.62,78029.70683333333,60,Polymarket RTDS,78008.29637770152,78159.17989803682,1.0,,
2026-05-17T06:27:52.626Z,2026-05-17T06:27:51.693Z,KXBTC15M-26MAY170230-30,BTC price up in next 15 mins?,KXBTC15M-26MAY170230,2026-05-17T06:30:00Z,active,,0.001,0.999,,0.001,0.001,362691.90,169778.52,,853.42,2026-05-17T06:27:51.740Z,btc-updown-15m-1778998500,"Bitcoin Up or Down - May 17, 2:15AM-2:30AM ET",btc-updown-15m-1778998500,2026-05-17T06:30:00Z,,0.001,0.002,0.998,0.999,0.0015,0.02,22102.402773000034,,4744.05,200.0,2026-05-17T06:27:51.740Z,BRTI,78016.3,78164.62,78029.36333333333,60,Polymarket RTDS,78008.23401109486,78159.17989803682,1.0,,
2026-05-17T06:27:54.247Z,2026-05-17T06:27:53.714Z,KXBTC15M-26MAY170230-30,BTC price up in next 15 mins?,KXBTC15M-26MAY170230,2026-05-17T06:30:00Z,active,,0.001,0.999,,0.001,0.001,362834.90,169888.52,,852.42,2026-05-17T06:27:53.765Z,btc-updown-15m-1778998500,"Bitcoin Up or Down - May 17, 2:15AM-2:30AM ET",btc-updown-15m-1778998500,2026-05-17T06:30:00Z,,0.001,0.002,0.998,0.999,0.0015,0.02,22102.402773000034,,4744.05,200.0,2026-05-17T06:27:53.765Z,BRTI,78016.3,78164.62,78028.99716666667,60,Polymarket RTDS,78008.25442453635,78159.17989803682,1.0,,
2026-05-17T06:27:56.189Z,2026-05-17T06:27:55.690Z,KXBTC15M-26MAY170230-30,BTC price up in next 15 mins?,KXBTC15M-26MAY170230,2026-05-17T06:30:00Z,active,,0.001,0.999,,0.001,0.001,362834.90,169888.52,,844.82,2026-05-17T06:27:55.735Z,btc-updown-15m-1778998500,"Bitcoin Up or Down - May 17, 2:15AM-2:30AM ET",btc-updown-15m-1778998500,2026-05-17T06:30:00Z,,0.001,0.002,0.998,0.999,0.0015,0.02,22102.402773000034,,4744.05,200.0,2026-05-17T06:27:55.735Z,BRTI,78015.87,78164.62,78028.29083333333,60,Polymarket RTDS,78008.189105286,78159.17989803682,1.0,,
2026-05-17T06:27:58.250Z,2026-05-17T06:27:57.704Z,KXBTC15M-26MAY170230-30,BTC price up in next 15 mins?,KXBTC15M-26MAY170230,2026-05-17T06:30:00Z,active,,0.001,0.999,,0.001,0.001,362834.90,169888.52,,844.82,2026-05-17T06:27:57.768Z,btc-updown-15m-1778998500,"Bitcoin Up or Down - May 17, 2:15AM-2:30AM ET",btc-updown-15m-1778998500,2026-05-17T06:30:00Z,,0.001,0.002,0.998,0.999,0.0015,0.02,22102.402773000034,,4740.35,200.0,2026-05-17T06:27:57.768Z,BRTI,78017.89,78164.62,78027.88333333333,60,Polymarket RTDS,78009.17836418253,78159.17989803682,1.0,,
2026-05-17T06:28:00.312Z,2026-05-17T06:27:59.682Z,KXBTC15M-26MAY170230-30,BTC price up in next 15 mins?,KXBTC15M-26MAY170230,2026-05-17T06:30:00Z,active,,0.001,0.999,,0.001,0.001,362834.90,169888.52,,844.82,2026-05-17T06:27:59.727Z,btc-updown-15m-1778998500,"Bitcoin Up or Down - May 17, 2:15AM-2:30AM ET",btc-updown-15m-1778998500,2026-05-17T06:30:00Z,,0.001,0.002,0.998,0.999,0.0015,0.02,22102.402773000034,,4740.35,200.0,2026-05-17T06:27:59.727Z,BRTI,78016.47,78164.62,78027.23083333332,60,Polymarket RTDS,78010.87219374801,78159.17989803682,1.0,,
2026-05-17T06:28:02.349Z,2026-05-17T06:28:01.712Z,KXBTC15M-26MAY170230-30,BTC price up in next 15 mins?,KXBTC15M-26MAY170230,2026-05-17T06:30:00Z,active,,0.001,0.999,,0.001,0.001,362834.90,169888.52,,21613.82,2026-05-17T06:28:01.763Z,btc-updown-15m-1778998500,"Bitcoin Up or Down - May 17, 2:15AM-2:30AM ET",btc-updown-15m-1778998500,2026-05-17T06:30:00Z,,0.001,0.002,0.998,0.999,0.0015,0.02,22102.402773000034,,1573.21,200.0,2026-05-17T06:28:01.763Z,BRTI,78017.89,78164.62,78026.82333333333,60,Polymarket RTDS,78013.56473319996,78159.17989803682,1.0,,
2026-05-17T06:28:04.215Z,2026-05-17T06:28:03.702Z,KXBTC15M-26MAY170230-30,BTC price up in next 15 mins?,KXBTC15M-26MAY170230,2026-05-17T06:30:00Z,active,,0.001,0.999,,0.001,0.001,362834.90,169888.52,,22613.82,2026-05-17T06:28:03.749Z,btc-updown-15m-1778998500,"Bitcoin Up or Down - May 17, 2:15AM-2:30AM ET",btc-updown-15m-1778998500,2026-05-17T06:30:00Z,,0.001,0.002,0.998,0.999,0.0015,0.02,22102.402773000034,,1567.2,200.0,2026-05-17T06:28:03.749Z,BRTI,78016.24,78164.62,78026.13850000002,60,Polymarket RTDS,78016.82733581305,78159.17989803682,1.0,,
2026-05-17T06:28:06.229Z,2026-05-17T06:28:05.692Z,KXBTC15M-26MAY170230-30,BTC price up in next 15 mins?,KXBTC15M-26MAY170230,2026-05-17T06:30:00Z,active,,0.001,0.999,,0.001,0.001,362834.90,169888.52,,22613.82,2026-05-17T06:28:05.739Z,btc-updown-15m-1778998500,"Bitcoin Up or Down - May 17, 2:15AM-2:30AM ET",btc-updown-15m-1778998500,2026-05-17T06:30:00Z,,0.001,0.002,0.998,0.999,0.0015,0.02,22102.402773000034,,101.17,900.0,2026-05-17T06:28:05.739Z,BRTI,78017.31,78164.62,78025.78916666665,60,Polymarket RTDS,78016.83626964885,78159.17989803682,1.0,,
2026-05-17T06:28:08.207Z,2026-05-17T06:28:07.687Z,KXBTC15M-26MAY170230-30,BTC price up in next 15 mins?,KXBTC15M-26MAY170230,2026-05-17T06:30:00Z,active,,0.001,0.999,,0.001,0.001,362834.90,169888.52,,22612.82,2026-05-17T06:28:07.740Z,btc-updown-15m-1778998500,"Bitcoin Up or Down - May 17, 2:15AM-2:30AM ET",btc-updown-15m-1778998500,2026-05-17T06:30:00Z,,0.001,0.002,0.998,0.999,0.0015,0.02,22102.402773000034,,101.17,900.0,2026-05-17T06:28:07.740Z,BRTI,78017.89,78164.62,78025.31333333332,60,Polymarket RTDS,78017.21540511241,78159.17989803682,1.0,,
2026-05-17T06:28:10.199Z,2026-05-17T06:28:09.697Z,KXBTC15M-26MAY170230-30,BTC price up in next 15 mins?,KXBTC15M-26MAY170230,2026-05-17T06:30:00Z,active,,0.001,0.999,,0.001,0.001,362834.90,169888.52,,22606.82,2026-05-17T06:28:09.745Z,btc-updown-15m-1778998500,"Bitcoin Up or Down - May 17, 2:15AM-2:30AM ET",btc-updown-15m-1778998500,2026-05-17T06:30:00Z,,0.001,0.002,0.998,0.999,0.0015,0.02,22102.402773000034,,101.17,900.0,2026-05-17T06:28:09.745Z,BRTI,78017.31,78164.62,78024.64633333334,60,Polymarket RTDS,78020.883245,78159.17989803682,1.0,,
2026-05-17T06:28:12.206Z,2026-05-17T06:28:11.684Z,KXBTC15M-26MAY170230-30,BTC price up in next 15 mins?,KXBTC15M-26MAY170230,2026-05-17T06:30:00Z,active,,0.001,0.999,,0.001,0.001,362834.90,169888.52,,22606.82,2026-05-17T06:28:11.732Z,btc-updown-15m-1778998500,"Bitcoin Up or Down - May 17, 2:15AM-2:30AM ET",btc-updown-15m-1778998500,2026-05-17T06:30:00Z,,0.001,0.002,0.998,0.999,0.0015,0.02,22102.402773000034,,101.17,900.0,2026-05-17T06:28:11.732Z,BRTI,78016.24,78164.62,78024.27866666667,60,Polymarket RTDS,78021.92831379155,78159.17989803682,1.0,,
2026-05-17T06:28:14.184Z,2026-05-17T06:28:13.689Z,KXBTC15M-26MAY170230-30,BTC price up in next 15 mins?,KXBTC15M-26MAY170230,2026-05-17T06:30:00Z,active,,0.001,0.999,,0.001,0.001,362834.90,169888.52,,22606.82,2026-05-17T06:28:13.740Z,btc-updown-15m-1778998500,"Bitcoin Up or Down - May 17, 2:15AM-2:30AM ET",btc-updown-15m-1778998500,2026-05-17T06:30:00Z,,0.001,0.002,0.998,0.999,0.0015,0.02,22102.402773000034,,101.17,900.0,2026-05-17T06:28:13.740Z,BRTI,78015.76,78164.62,78023.61433333335,60,Polymarket RTDS,78021.9639643284,78159.17989803682,1.0,,
2026-05-17T06:28:16.316Z,2026-05-17T06:28:15.704Z,KXBTC15M-26MAY170230-30,BTC price up in next 15 mins?,KXBTC15M-26MAY170230,2026-05-17T06:30:00Z,active,,0.001,0.999,,0.001,0.001,362834.90,169888.52,,22606.82,2026-05-17T06:28:15.772Z,btc-updown-15m-1778998500,"Bitcoin Up or Down - May 17, 2:15AM-2:30AM ET",btc-updown-15m-1778998500,2026-05-17T06:30:00Z,,0.001,0.002,0.998,0.999,0.0015,0.02,22102.402773000034,,101.17,900.0,2026-05-17T06:28:15.772Z,BRTI,78011.66,78164.62,78022.88166666667,60,Polymarket RTDS,78021.97059829255,78159.17989803682,1.0,,
2026-05-17T06:28:18.237Z,2026-05-17T06:28:17.694Z,KXBTC15M-26MAY170230-30,BTC price up in next 15 mins?,KXBTC15M-26MAY170230,2026-05-17T06:30:00Z,active,,0.001,0.999,,0.001,0.001,362834.90,169888.52,,22506.82,2026-05-17T06:28:17.738Z,btc-updown-15m-1778998500,"Bitcoin Up or Down - May 17, 2:15AM-2:30AM ET",btc-updown-15m-1778998500,2026-05-17T06:30:00Z,,0.001,0.002,0.998,0.999,0.0015,0.02,22102.402773000034,,101.17,900.0,2026-05-17T06:28:17.738Z,BRTI,78011.66,78164.62,78022.37033333333,60,Polymarket RTDS,78024.02547291384,78159.17989803682,1.0,,
2026-05-17T06:28:20.188Z,2026-05-17T06:28:19.685Z,KXBTC15M-26MAY170230-30,BTC price up in next 15 mins?,KXBTC15M-26MAY170230,2026-05-17T06:30:00Z,active,,0.001,0.999,,0.001,0.001,362834.90,169888.52,,20646.82,2026-05-17T06:28:19.739Z,btc-updown-15m-1778998500,"Bitcoin Up or Down - May 17, 2:15AM-2:30AM ET",btc-updown-15m-1778998500,2026-05-17T06:30:00Z,,0.001,0.002,0.998,0.999,0.0015,0.02,22102.402773000034,,101.17,900.0,2026-05-17T06:28:19.739Z,BRTI,78017.31,78164.62,78022.021,60,Polymarket RTDS,78024.02547291384,78159.17989803682,1.0,,
2026-05-17T06:28:22.258Z,2026-05-17T06:28:21.696Z,KXBTC15M-26MAY170230-30,BTC price up in next 15 mins?,KXBTC15M-26MAY170230,2026-05-17T06:30:00Z,active,,0.001,0.999,,0.001,0.001,362834.90,169888.52,,20646.82,2026-05-17T06:28:21.752Z,btc-updown-15m-1778998500,"Bitcoin Up or Down - May 17, 2:15AM-2:30AM ET",btc-updown-15m-1778998500,2026-05-17T06:30:00Z,,0.001,0.002,0.998,0.999,0.0015,0.02,22102.402773000034,,101.17,900.0,2026-05-17T06:28:21.752Z,BRTI,78016.24,78164.62,78021.65383333334,60,Polymarket RTDS,78024.25018726054,78159.17989803682,1.0,,
2026-05-17T06:28:24.675Z,2026-05-17T06:28:23.701Z,KXBTC15M-26MAY170230-30,BTC price up in next 15 mins?,KXBTC15M-26MAY170230,2026-05-17T06:30:00Z,active,,0.001,0.999,,0.001,0.001,364896.50,171850.52,,20646.82,2026-05-17T06:28:23.749Z,btc-updown-15m-1778998500,"Bitcoin Up or Down - May 17, 2:15AM-2:30AM ET",btc-updown-15m-1778998500,2026-05-17T06:30:00Z,,0.001,0.002,0.998,0.999,0.0015,0.02,22102.402773000034,,101.17,900.0,2026-05-17T06:28:23.749Z,BRTI,78016.3,78164.62,78020.97,60,Polymarket RTDS,78025.12728604654,78159.17989803682,1.0,,
2026-05-17T06:28:26.239Z,2026-05-17T06:28:25.697Z,KXBTC15M-26MAY170230-30,BTC price up in next 15 mins?,KXBTC15M-26MAY170230,2026-05-17T06:30:00Z,active,,0.001,0.999,,0.001,0.001,364896.50,171850.52,,20646.82,2026-05-17T06:28:25.745Z,btc-updown-15m-1778998500,"Bitcoin Up or Down - May 17, 2:15AM-2:30AM ET",btc-updown-15m-1778998500,2026-05-17T06:30:00Z,,0.001,0.002,0.998,0.999,0.0015,0.02,22102.402773000034,,101.17,900.0,2026-05-17T06:28:25.745Z,BRTI,78015.87,78164.62,78020.52883333334,60,Polymarket RTDS,78027.33488515303,78159.17989803682,1.0,,
2026-05-17T06:28:28.247Z,2026-05-17T06:28:27.694Z,KXBTC15M-26MAY170230-30,BTC price up in next 15 mins?,KXBTC15M-26MAY170230,2026-05-17T06:30:00Z,active,,0.001,0.999,,0.001,0.001,364896.50,171850.52,,20646.82,2026-05-17T06:28:27.743Z,btc-updown-15m-1778998500,"Bitcoin Up or Down - May 17, 2:15AM-2:30AM ET",btc-updown-15m-1778998500,2026-05-17T06:30:00Z,,0.001,0.002,0.998,0.999,0.0015,0.02,22102.402773000034,,101.17,900.0,2026-05-17T06:28:27.743Z,BRTI,78011.66,78164.62,78019.82266666667,60,Polymarket RTDS,78029.03176735822,78159.17989803682,1.0,,
2026-05-17T06:28:30.343Z,2026-05-17T06:28:29.695Z,KXBTC15M-26MAY170230-30,BTC price up in next 15 mins?,KXBTC15M-26MAY170230,2026-05-17T06:30:00Z,active,,0.001,0.999,,0.001,0.001,364896.50,171850.52,,20646.82,2026-05-17T06:28:29.747Z,btc-updown-15m-1778998500,"Bitcoin Up or Down - May 17, 2:15AM-2:30AM ET",btc-updown-15m-1778998500,2026-05-17T06:30:00Z,,0.001,0.002,0.998,0.999,0.0015,0.02,22102.402773000034,,101.17,900.0,2026-05-17T06:28:29.747Z,BRTI,78017.31,78164.62,78019.47283333333,60,Polymarket RTDS,78031.42722040488,78159.17989803682,1.0,,
2026-05-17T06:28:32.237Z,2026-05-17T06:28:31.697Z,KXBTC15M-26MAY170230-30,BTC price up in next 15 mins?,KXBTC15M-26MAY170230,2026-05-17T06:30:00Z,active,,0.001,0.999,,0.001,0.001,364896.50,171850.52,,20646.82,2026-05-17T06:28:31.750Z,btc-updown-15m-1778998500,"Bitcoin Up or Down - May 17, 2:15AM-2:30AM ET",btc-updown-15m-1778998500,2026-05-17T06:30:00Z,,0.01,0.001,0.999,0.99,0.0055,0.02,22102.402773000034,,,243.68,2026-05-17T06:28:31.750Z,BRTI,78016.3,78164.62,78019.10616666666,60,Polymarket RTDS,78038.7715461854,78159.17989803682,0.991,,
2026-05-17T06:28:34.198Z,2026-05-17T06:28:33.695Z,KXBTC15M-26MAY170230-30,BTC price up in next 15 mins?,KXBTC15M-26MAY170230,2026-05-17T06:30:00Z,active,,0.001,0.999,,0.001,0.001,364896.50,171850.52,,20646.82,2026-05-17T06:28:33.748Z,btc-updown-15m-1778998500,"Bitcoin Up or Down - May 17, 2:15AM-2:30AM ET",btc-updown-15m-1778998500,2026-05-17T06:30:00Z,,0.01,0.001,0.999,0.99,0.0055,0.02,22102.402773000034,,,231.68,2026-05-17T06:28:33.748Z,BRTI,78015.76,78164.62,78019.09816666666,60,Polymarket RTDS,78043.019254682,78159.17989803682,0.991,,
2026-05-17T06:28:36.200Z,2026-05-17T06:28:35.699Z,KXBTC15M-26MAY170230-30,BTC price up in next 15 mins?,KXBTC15M-26MAY170230,2026-05-17T06:30:00Z,active,,0.001,0.999,,0.001,0.001,364896.50,171850.52,,20646.82,2026-05-17T06:28:35.752Z,btc-updown-15m-1778998500,"Bitcoin Up or Down - May 17, 2:15AM-2:30AM ET",btc-updown-15m-1778998500,2026-05-17T06:30:00Z,,0.01,0.001,0.999,0.99,0.0055,0.02,22102.402773000034,,,331.68,2026-05-17T06:28:35.752Z,BRTI,78015.87,78164.62,78019.08533333334,60,Polymarket RTDS,78043.72360077137,78159.17989803682,0.991,,
2026-05-17T06:28:38.209Z,2026-05-17T06:28:37.693Z,KXBTC15M-26MAY170230-30,BTC price up in next 15 mins?,KXBTC15M-26MAY170230,2026-05-17T06:30:00Z,active,,0.001,0.999,,0.001,0.001,364896.50,171850.52,,20646.82,2026-05-17T06:28:37.741Z,btc-updown-15m-1778998500,"Bitcoin Up or Down - May 17, 2:15AM-2:30AM ET",btc-updown-15m-1778998500,2026-05-17T06:30:00Z,,0.01,0.001,0.999,0.99,0.0055,0.02,22102.402773000034,,,331.68,2026-05-17T06:28:37.741Z,BRTI,78045.92,78164.62,78019.58,60,Polymarket RTDS,78043.81533253568,78159.17989803682,0.991,,
2026-05-17T06:28:40.232Z,2026-05-17T06:28:39.712Z,KXBTC15M-26MAY170230-30,BTC price up in next 15 mins?,KXBTC15M-26MAY170230,2026-05-17T06:30:00Z,active,,0.001,0.999,,0.001,0.001,364896.50,171850.52,,20388.73,2026-05-17T06:28:39.757Z,btc-updown-15m-1778998500,"Bitcoin Up or Down - May 17, 2:15AM-2:30AM ET",btc-updown-15m-1778998500,2026-05-17T06:30:00Z,,0.01,0.001,0.999,0.99,0.0055,0.02,22102.402773000034,,,331.68,2026-05-17T06:28:39.757Z,BRTI,78016.3,78164.62,78019.07766666666,60,Polymarket RTDS,78044.0951959446,78159.17989803682,0.991,,
2026-05-17T06:28:42.243Z,2026-05-17T06:28:41.704Z,KXBTC15M-26MAY170230-30,BTC price up in next 15 mins?,KXBTC15M-26MAY170230,2026-05-17T06:30:00Z,active,,0.001,0.999,,0.001,0.001,364896.50,171850.52,,19843.23,2026-05-17T06:28:41.764Z,btc-updown-15m-1778998500,"Bitcoin Up or Down - May 17, 2:15AM-2:30AM ET",btc-updown-15m-1778998500,2026-05-17T06:30:00Z,,0.001,0.002,0.998,0.999,0.0015,0.02,22102.402773000034,,334.16,365.84,2026-05-17T06:28:41.764Z,BRTI,78016.3,78164.62,78019.072,60,Polymarket RTDS,78051.18858574827,78159.17989803682,1.0,,
2026-05-17T06:28:44.212Z,2026-05-17T06:28:43.693Z,KXBTC15M-26MAY170230-30,BTC price up in next 15 mins?,KXBTC15M-26MAY170230,2026-05-17T06:30:00Z,active,,0.001,0.999,,0.001,0.001,364896.50,171850.52,,19843.23,2026-05-17T06:28:43.743Z,btc-updown-15m-1778998500,"Bitcoin Up or Down - May 17, 2:15AM-2:30AM ET",btc-updown-15m-1778998500,2026-05-17T06:30:00Z,,0.001,0.002,0.998,0.999,0.0015,0.02,22102.402773000034,,459.16,365.84,2026-05-17T06:28:43.743Z,BRTI,78011.66,78164.62,78019.00816666667,60,Polymarket RTDS,78051.22214929898,78159.17989803682,1.0,,
2026-05-17T06:28:46.224Z,2026-05-17T06:28:45.694Z,KXBTC15M-26MAY170230-30,BTC price up in next 15 mins?,KXBTC15M-26MAY170230,2026-05-17T06:30:00Z,active,,0.001,0.999,,0.001,0.001,364896.50,171850.52,,19843.23,2026-05-17T06:28:45.755Z,btc-updown-15m-1778998500,"Bitcoin Up or Down - May 17, 2:15AM-2:30AM ET",btc-updown-15m-1778998500,2026-05-17T06:30:00Z,,0.001,0.002,0.998,0.999,0.0015,0.02,22102.402773000034,,459.16,365.84,2026-05-17T06:28:45.755Z,BRTI,78017.89,78164.62,78019.03183333334,60,Polymarket RTDS,78051.08528899137,78159.17989803682,1.0,,
2026-05-17T06:28:48.218Z,2026-05-17T06:28:47.704Z,KXBTC15M-26MAY170230-30,BTC price up in next 15 mins?,KXBTC15M-26MAY170230,2026-05-17T06:30:00Z,active,,0.001,0.999,,0.001,0.001,364896.50,171850.52,,21043.23,2026-05-17T06:28:47.753Z,btc-updown-15m-1778998500,"Bitcoin Up or Down - May 17, 2:15AM-2:30AM ET",btc-updown-15m-1778998500,2026-05-17T06:30:00Z,,0.001,0.002,0.998,0.999,0.0015,0.02,22102.402773000034,,459.16,365.84,2026-05-17T06:28:47.753Z,BRTI,78017.89,78164.62,78019.05933333334,60,Polymarket RTDS,78051.08791652996,78159.17989803682,1.0,,
2026-05-17T06:28:50.251Z,2026-05-17T06:28:49.692Z,KXBTC15M-26MAY170230-30,BTC price up in next 15 mins?,KXBTC15M-26MAY170230,2026-05-17T06:30:00Z,active,,0.001,0.999,,0.001,0.001,364896.50,171850.52,,21136.23,2026-05-17T06:28:49.740Z,btc-updown-15m-1778998500,"Bitcoin Up or Down - May 17, 2:15AM-2:30AM ET",btc-updown-15m-1778998500,2026-05-17T06:30:00Z,,0.001,0.002,0.998,0.999,0.0015,0.02,22102.402773000034,,334.16,465.84,2026-05-17T06:28:49.740Z,BRTI,78047.7,78164.62,78019.216,60,Polymarket RTDS,78047.9201622958,78159.17989803682,1.0,,
2026-05-17T06:28:52.189Z,2026-05-17T06:28:51.687Z,KXBTC15M-26MAY170230-30,BTC price up in next 15 mins?,KXBTC15M-26MAY170230,2026-05-17T06:30:00Z,active,,0.001,0.999,,0.001,0.001,364896.50,171850.52,,21250.23,2026-05-17T06:28:51.731Z,btc-updown-15m-1778998500,"Bitcoin Up or Down - May 17, 2:15AM-2:30AM ET",btc-updown-15m-1778998500,2026-05-17T06:30:00Z,,0.001,0.002,0.998,0.999,0.0015,0.02,22102.402773000034,,359.16,490.84,2026-05-17T06:28:51.731Z,BRTI,78045.92,78164.62,78019.3435,60,Polymarket RTDS,78044.95639994882,78159.17989803682,1.0,,
2026-05-17T06:28:54.190Z,2026-05-17T06:28:53.699Z,KXBTC15M-26MAY170230-30,BTC price up in next 15 mins?,KXBTC15M-26MAY170230,2026-05-17T06:30:00Z,active,,0.001,0.999,,0.001,0.001,365700.09,172454.11,,21348.23,2026-05-17T06:28:53.750Z,btc-updown-15m-1778998500,"Bitcoin Up or Down - May 17, 2:15AM-2:30AM ET",btc-updown-15m-1778998500,2026-05-17T06:30:00Z,,0.001,0.002,0.998,0.999,0.0015,0.02,22102.402773000034,,609.16,490.84,2026-05-17T06:28:53.750Z,BRTI,78056.47,78164.62,78019.99616666668,60,Polymarket RTDS,78044.50717770607,78159.17989803682,1.0,,
2026-05-17T06:28:56.181Z,2026-05-17T06:28:55.699Z,KXBTC15M-26MAY170230-30,BTC price up in next 15 mins?,KXBTC15M-26MAY170230,2026-05-17T06:30:00Z,active,,0.001,0.999,,0.001,0.001,365700.09,172454.11,,21348.23,2026-05-17T06:28:55.743Z,btc-updown-15m-1778998500,"Bitcoin Up or Down - May 17, 2:15AM-2:30AM ET",btc-updown-15m-1778998500,2026-05-17T06:30:00Z,,0.001,0.002,0.998,0.999,0.0015,0.02,22102.402773000034,,609.16,490.84,2026-05-17T06:28:55.743Z,BRTI,78015.87,78164.62,78019.99,60,Polymarket RTDS,78044.57167418076,78159.17989803682,1.0,,
2026-05-17T06:28:58.204Z,2026-05-17T06:28:57.694Z,KXBTC15M-26MAY170230-30,BTC price up in next 15 mins?,KXBTC15M-26MAY170230,2026-05-17T06:30:00Z,active,,0.001,0.999,,0.001,0.001,365700.09,172454.11,,20422.83,2026-05-17T06:28:57.743Z,btc-updown-15m-1778998500,"Bitcoin Up or Down - May 17, 2:15AM-2:30AM ET",btc-updown-15m-1778998500,2026-05-17T06:30:00Z,,0.001,0.002,0.998,0.999,0.0015,0.02,22102.402773000034,,609.16,490.84,2026-05-17T06:28:57.743Z,BRTI,78015.87,78164.62,78019.98,60,Polymarket RTDS,78044.62922465139,78159.17989803682,1.0,,
2026-05-17T06:29:00.342Z,2026-05-17T06:28:59.696Z,KXBTC15M-26MAY170230-30,BTC price up in next 15 mins?,KXBTC15M-26MAY170230,2026-05-17T06:30:00Z,active,,0.001,0.999,,0.001,0.001,365700.09,172454.11,,20422.83,2026-05-17T06:28:59.743Z,btc-updown-15m-1778998500,"Bitcoin Up or Down - May 17, 2:15AM-2:30AM ET",btc-updown-15m-1778998500,2026-05-17T06:30:00Z,,0.001,0.002,0.998,0.999,0.0015,0.02,22102.402773000034,,609.16,490.84,2026-05-17T06:28:59.743Z,BRTI,78043.81,78164.62,78020.43849999999,60,Polymarket RTDS,78044.99630404625,78159.17989803682,1.0,,
2026-05-17T06:29:02.453Z,2026-05-17T06:29:01.701Z,KXBTC15M-26MAY170230-30,BTC price up in next 15 mins?,KXBTC15M-26MAY170230,2026-05-17T06:30:00Z,active,,0.001,0.999,,0.001,0.001,365700.09,172454.11,,22230.83,2026-05-17T06:29:01.768Z,btc-updown-15m-1778998500,"Bitcoin Up or Down - May 17, 2:15AM-2:30AM ET",btc-updown-15m-1778998500,2026-05-17T06:30:00Z,,0.001,0.002,0.998,0.999,0.0015,0.02,22102.402773000034,,359.16,390.84,2026-05-17T06:29:01.768Z,BRTI,78047.7,78164.62,78020.95616666667,60,Polymarket RTDS,78045.12600949318,78159.17989803682,1.0,,
2026-05-17T06:29:04.191Z,2026-05-17T06:29:03.692Z,KXBTC15M-26MAY170230-30,BTC price up in next 15 mins?,KXBTC15M-26MAY170230,2026-05-17T06:30:00Z,active,,0.001,0.999,,0.001,0.001,365700.09,172454.11,,22243.83,2026-05-17T06:29:03.739Z,btc-updown-15m-1778998500,"Bitcoin Up or Down - May 17, 2:15AM-2:30AM ET",btc-updown-15m-1778998500,2026-05-17T06:30:00Z,,0.001,0.002,0.998,0.999,0.0015,0.02,22102.402773000034,,444.14,415.84,2026-05-17T06:29:03.739Z,BRTI,78043.81,78164.62,78021.07116666668,60,Polymarket RTDS,78044.59919215897,78159.17989803682,1.0,,
2026-05-17T06:29:06.244Z,2026-05-17T06:29:05.710Z,KXBTC15M-26MAY170230-30,BTC price up in next 15 mins?,KXBTC15M-26MAY170230,2026-05-17T06:30:00Z,active,,0.001,0.999,,0.001,0.001,365700.09,172454.11,,22145.83,2026-05-17T06:29:05.756Z,btc-updown-15m-1778998500,"Bitcoin Up or Down - May 17, 2:15AM-2:30AM ET",btc-updown-15m-1778998500,2026-05-17T06:30:00Z,,0.001,0.002,0.998,0.999,0.0015,0.02,22102.402773000034,,422.19,452.79,2026-05-17T06:29:05.756Z,BRTI,78043.81,78164.62,78021.18616666667,60,Polymarket RTDS,78044.71911733755,78159.17989803682,1.0,,
2026-05-17T06:29:08.197Z,2026-05-17T06:29:07.699Z,KXBTC15M-26MAY170230-30,BTC price up in next 15 mins?,KXBTC15M-26MAY170230,2026-05-17T06:30:00Z,active,,0.001,0.999,,0.001,0.001,365700.09,172454.11,,22145.83,2026-05-17T06:29:07.747Z,btc-updown-15m-1778998500,"Bitcoin Up or Down - May 17, 2:15AM-2:30AM ET",btc-updown-15m-1778998500,2026-05-17T06:30:00Z,,0.001,0.002,0.998,0.999,0.0015,0.02,22102.402773000034,,422.19,452.79,2026-05-17T06:29:07.747Z,BRTI,78015.76,78164.62,78021.17433333333,60,Polymarket RTDS,78045.24924420765,78159.17989803682,1.0,,
2026-05-17T06:29:10.317Z,2026-05-17T06:29:09.710Z,KXBTC15M-26MAY170230-30,BTC price up in next 15 mins?,KXBTC15M-26MAY170230,2026-05-17T06:30:00Z,active,,0.001,0.999,,0.001,0.001,365700.09,172454.11,,21687.83,2026-05-17T06:29:09.762Z,btc-updown-15m-1778998500,"Bitcoin Up or Down - May 17, 2:15AM-2:30AM ET",btc-updown-15m-1778998500,2026-05-17T06:30:00Z,,0.01,0.001,0.999,0.99,0.0055,0.02,22102.402773000034,,,21811.81,2026-05-17T06:29:09.762Z,BRTI,78047.7,78164.62,78021.69766666667,60,Polymarket RTDS,78045.31347447517,78159.17989803682,0.991,,
2026-05-17T06:29:12.256Z,2026-05-17T06:29:11.696Z,KXBTC15M-26MAY170230-30,BTC price up in next 15 mins?,KXBTC15M-26MAY170230,2026-05-17T06:30:00Z,active,,0.001,0.999,,0.001,0.001,365700.09,172454.11,,21687.83,2026-05-17T06:29:11.740Z,btc-updown-15m-1778998500,"Bitcoin Up or Down - May 17, 2:15AM-2:30AM ET",btc-updown-15m-1778998500,2026-05-17T06:30:00Z,,0.01,0.001,0.999,0.99,0.0055,0.02,22102.402773000034,,,21799.81,2026-05-17T06:29:11.740Z,BRTI,78045.34,78164.62,78022.17883333334,60,Polymarket RTDS,78046.15688332927,78159.17989803682,0.991,,
2026-05-17T06:29:14.218Z,2026-05-17T06:29:13.690Z,KXBTC15M-26MAY170230-30,BTC price up in next 15 mins?,KXBTC15M-26MAY170230,2026-05-17T06:30:00Z,active,,0.001,0.999,,0.001,0.001,365700.09,172454.11,,21664.5,2026-05-17T06:29:13.757Z,btc-updown-15m-1778998500,"Bitcoin Up or Down - May 17, 2:15AM-2:30AM ET",btc-updown-15m-1778998500,2026-05-17T06:30:00Z,,0.01,0.001,0.999,0.99,0.0055,0.02,22102.402773000034,,,22199.14,2026-05-17T06:29:13.757Z,BRTI,78056.47,78164.62,78022.84266666666,60,Polymarket RTDS,78045.924435,78159.17989803682,0.991,,
2026-05-17T06:29:16.261Z,2026-05-17T06:29:15.698Z,KXBTC15M-26MAY170230-30,BTC price up in next 15 mins?,KXBTC15M-26MAY170230,2026-05-17T06:30:00Z,active,,0.001,0.999,,0.001,0.001,365700.09,172454.11,,21665.5,2026-05-17T06:29:15.743Z,btc-updown-15m-1778998500,"Bitcoin Up or Down - May 17, 2:15AM-2:30AM ET",btc-updown-15m-1778998500,2026-05-17T06:30:00Z,,0.01,0.001,0.999,0.99,0.0055,0.02,22102.402773000034,,,22199.14,2026-05-17T06:29:15.743Z,BRTI,78047.7,78164.62,78023.37316666666,60,Polymarket RTDS,78046.68299542202,78159.17989803682,0.991,,
2026-05-17T06:29:19.928Z,2026-05-17T06:29:17.702Z,KXBTC15M-26MAY170230-30,BTC price up in next 15 mins?,KXBTC15M-26MAY170230,2026-05-17T06:30:00Z,active,,0.001,0.999,,0.001,0.001,365700.09,172454.11,,21665.5,2026-05-17T06:29:17.750Z,btc-updown-15m-1778998500,"Bitcoin Up or Down - May 17, 2:15AM-2:30AM ET",btc-updown-15m-1778998500,2026-05-17T06:30:00Z,,0.01,0.001,0.999,0.99,0.0055,0.02,22102.402773000034,,,22199.14,2026-05-17T06:29:17.750Z,BRTI,78047.7,78164.62,78023.90550000001,60,Polymarket RTDS,78048.97874889105,78159.17989803682,0.991,,
2026-05-17T06:29:20.912Z,2026-05-17T06:29:20.418Z,KXBTC15M-26MAY170230-30,BTC price up in next 15 mins?,KXBTC15M-26MAY170230,2026-05-17T06:30:00Z,active,,0.001,0.999,,0.001,0.001,365700.09,172454.11,,20340.1,2026-05-17T06:29:20.465Z,btc-updown-15m-1778998500,"Bitcoin Up or Down - May 17, 2:15AM-2:30AM ET",btc-updown-15m-1778998500,2026-05-17T06:30:00Z,,0.01,0.001,0.999,0.99,0.0055,0.02,22102.402773000034,,,22199.14,2026-05-17T06:29:20.465Z,BRTI,78045.92,78164.62,78024.40016666666,60,Polymarket RTDS,78048.97342204154,78159.17989803682,0.991,,
2026-05-17T06:29:22.909Z,2026-05-17T06:29:22.419Z,KXBTC15M-26MAY170230-30,BTC price up in next 15 mins?,KXBTC15M-26MAY170230,2026-05-17T06:30:00Z,active,,0.001,0.999,,0.001,0.001,365700.09,172454.11,,18509.05,2026-05-17T06:29:22.465Z,btc-updown-15m-1778998500,"Bitcoin Up or Down - May 17, 2:15AM-2:30AM ET",btc-updown-15m-1778998500,2026-05-17T06:30:00Z,,0.01,0.001,0.999,0.99,0.0055,0.02,22102.402773000034,,,22199.14,2026-05-17T06:29:22.465Z,BRTI,78043.81,78164.62,78024.85866666665,60,Polymarket RTDS,78048.89987471933,78159.17989803682,0.991,,
2026-05-17T06:29:24.902Z,2026-05-17T06:29:24.411Z,KXBTC15M-26MAY170230-30,BTC price up in next 15 mins?,KXBTC15M-26MAY170230,2026-05-17T06:30:00Z,active,,0.001,0.999,,0.001,0.001,370863.27,177580.84,,18509.05,2026-05-17T06:29:24.455Z,btc-updown-15m-1778998500,"Bitcoin Up or Down - May 17, 2:15AM-2:30AM ET",btc-updown-15m-1778998500,2026-05-17T06:30:00Z,,0.01,0.001,0.999,0.99,0.0055,0.02,22102.402773000034,,,22199.14,2026-05-17T06:29:24.455Z,BRTI,78043.81,78164.62,78024.97366666667,60,Polymarket RTDS,78048.68645963,78159.17989803682,0.991,,
2026-05-17T06:29:26.915Z,2026-05-17T06:29:26.412Z,KXBTC15M-26MAY170230-30,BTC price up in next 15 mins?,KXBTC15M-26MAY170230,2026-05-17T06:30:00Z,active,,0.001,0.999,,0.001,0.001,370863.27,177580.84,,18509.05,2026-05-17T06:29:26.457Z,btc-updown-15m-1778998500,"Bitcoin Up or Down - May 17, 2:15AM-2:30AM ET",btc-updown-15m-1778998500,2026-05-17T06:30:00Z,,0.01,0.001,0.999,0.99,0.0055,0.02,22102.402773000034,,,25215.16,2026-05-17T06:29:26.457Z,BRTI,78049.64,78164.62,78025.18583333334,60,Polymarket RTDS,78048.95503449204,78159.17989803682,0.991,,
2026-05-17T06:29:30.653Z,2026-05-17T06:29:28.430Z,KXBTC15M-26MAY170230-30,BTC price up in next 15 mins?,KXBTC15M-26MAY170230,2026-05-17T06:30:00Z,active,,0.001,0.999,,0.001,0.001,370863.27,177580.84,,18509.05,2026-05-17T06:29:28.477Z,btc-updown-15m-1778998500,"Bitcoin Up or Down - May 17, 2:15AM-2:30AM ET",btc-updown-15m-1778998500,2026-05-17T06:30:00Z,,0.01,0.001,0.999,0.99,0.0055,0.02,22102.402773000034,,,25215.16,2026-05-17T06:29:28.477Z,BRTI,78049.64,78164.62,78025.72466666668,60,Polymarket RTDS,78051.4981087029,78159.17989803682,0.991,,
2026-05-17T06:29:33.373Z,2026-05-17T06:29:31.150Z,KXBTC15M-26MAY170230-30,BTC price up in next 15 mins?,KXBTC15M-26MAY170230,2026-05-17T06:30:00Z,active,,0.001,0.999,,0.001,0.001,370863.27,177580.84,,18509.05,2026-05-17T06:29:31.199Z,btc-updown-15m-1778998500,"Bitcoin Up or Down - May 17, 2:15AM-2:30AM ET",btc-updown-15m-1778998500,2026-05-17T06:30:00Z,,0.01,0.001,0.999,0.99,0.0055,0.02,22102.402773000034,,,25215.16,2026-05-17T06:29:31.199Z,BRTI,78049.64,78164.62,78025.93683333333,60,Polymarket RTDS,78051.49716961628,78159.17989803682,0.991,,
2026-05-17T06:29:34.363Z,2026-05-17T06:29:33.856Z,KXBTC15M-26MAY170230-30,BTC price up in next 15 mins?,KXBTC15M-26MAY170230,2026-05-17T06:30:00Z,active,,0.001,0.999,,0.001,0.001,370863.27,177580.84,,18509.05,2026-05-17T06:29:33.903Z,btc-updown-15m-1778998500,"Bitcoin Up or Down - May 17, 2:15AM-2:30AM ET",btc-updown-15m-1778998500,2026-05-17T06:30:00Z,,0.01,0.001,0.999,0.99,0.0055,0.02,22102.402773000034,,,25215.16,2026-05-17T06:29:33.903Z,BRTI,78049.64,78164.62,78026.49350000001,60,Polymarket RTDS,78051.49716961628,78159.17989803682,0.991,,
2026-05-17T06:29:36.350Z,2026-05-17T06:29:35.855Z,KXBTC15M-26MAY170230-30,BTC price up in next 15 mins?,KXBTC15M-26MAY170230,2026-05-17T06:30:00Z,active,,0.001,0.999,,0.001,0.001,370863.27,177580.84,,18509.05,2026-05-17T06:29:35.898Z,btc-updown-15m-1778998500,"Bitcoin Up or Down - May 17, 2:15AM-2:30AM ET",btc-updown-15m-1778998500,2026-05-17T06:30:00Z,,0.01,0.001,0.999,0.99,0.0055,0.02,22102.402773000034,,,25215.16,2026-05-17T06:29:35.898Z,BRTI,78017.89,78164.62,78026.52716666667,60,Polymarket RTDS,78051.19949,78159.17989803682,0.991,,
2026-05-17T06:29:38.508Z,2026-05-17T06:29:37.857Z,KXBTC15M-26MAY170230-30,BTC price up in next 15 mins?,KXBTC15M-26MAY170230,2026-05-17T06:30:00Z,active,,0.001,0.999,,0.001,0.001,370863.27,177580.84,,18509.05,2026-05-17T06:29:37.904Z,btc-updown-15m-1778998500,"Bitcoin Up or Down - May 17, 2:15AM-2:30AM ET",btc-updown-15m-1778998500,2026-05-17T06:30:00Z,,0.01,0.001,0.999,0.99,0.0055,0.02,22102.402773000034,,,25215.16,2026-05-17T06:29:37.904Z,BRTI,78045.92,78164.62,78027.02183333333,60,Polymarket RTDS,78051.16971,78159.17989803682,0.991,,
2026-05-17T06:29:42.089Z,2026-05-17T06:29:39.859Z,KXBTC15M-26MAY170230-30,BTC price up in next 15 mins?,KXBTC15M-26MAY170230,2026-05-17T06:30:00Z,active,,0.001,0.999,,0.001,0.001,370863.27,177580.84,,18509.05,2026-05-17T06:29:39.907Z,btc-updown-15m-1778998500,"Bitcoin Up or Down - May 17, 2:15AM-2:30AM ET",btc-updown-15m-1778998500,2026-05-17T06:30:00Z,,0.01,0.001,0.999,0.99,0.0055,0.02,22102.402773000034,,,25215.16,2026-05-17T06:29:39.907Z,BRTI,78045.92,78164.62,78027.49866666667,60,Polymarket RTDS,78051.230065,78159.17989803682,0.991,,
2026-05-17T06:29:43.075Z,2026-05-17T06:29:42.581Z,KXBTC15M-26MAY170230-30,BTC price up in next 15 mins?,KXBTC15M-26MAY170230,2026-05-17T06:30:00Z,active,,0.001,0.999,,0.001,0.001,370863.27,177580.84,,18731.05,2026-05-17T06:29:42.631Z,btc-updown-15m-1778998500,"Bitcoin Up or Down - May 17, 2:15AM-2:30AM ET",btc-updown-15m-1778998500,2026-05-17T06:30:00Z,,0.01,0.001,0.999,0.99,0.0055,0.02,22102.402773000034,,,25215.16,2026-05-17T06:29:42.631Z,BRTI,78045.34,78164.62,78027.97983333333,60,Polymarket RTDS,78051.230465,78159.17989803682,0.991,,
2026-05-17T06:29:45.071Z,2026-05-17T06:29:44.572Z,KXBTC15M-26MAY170230-30,BTC price up in next 15 mins?,KXBTC15M-26MAY170230,2026-05-17T06:30:00Z,active,,0.001,0.999,,0.001,0.001,370863.27,177580.84,,17643.55,2026-05-17T06:29:44.617Z,btc-updown-15m-1778998500,"Bitcoin Up or Down - May 17, 2:15AM-2:30AM ET",btc-updown-15m-1778998500,2026-05-17T06:30:00Z,,0.01,0.001,0.999,0.99,0.0055,0.02,22102.402773000034,,,25215.16,2026-05-17T06:29:44.617Z,BRTI,78049.64,78164.62,78028.5365,60,Polymarket RTDS,78052.11826691654,78159.17989803682,0.991,,
2026-05-17T06:29:47.050Z,2026-05-17T06:29:46.570Z,KXBTC15M-26MAY170230-30,BTC price up in next 15 mins?,KXBTC15M-26MAY170230,2026-05-17T06:30:00Z,active,,0.001,0.999,,0.001,0.001,370863.27,177580.84,,17643.55,2026-05-17T06:29:46.617Z,btc-updown-15m-1778998500,"Bitcoin Up or Down - May 17, 2:15AM-2:30AM ET",btc-updown-15m-1778998500,2026-05-17T06:30:00Z,,0.01,0.001,0.999,0.99,0.0055,0.02,22102.402773000034,,,25215.16,2026-05-17T06:29:46.617Z,BRTI,78047.7,78164.62,78029.06083333334,60,Polymarket RTDS,78051.11939568412,78159.17989803682,0.991,,
2026-05-17T06:29:49.107Z,2026-05-17T06:29:48.584Z,KXBTC15M-26MAY170230-30,BTC price up in next 15 mins?,KXBTC15M-26MAY170230,2026-05-17T06:30:00Z,active,,0.001,0.999,,0.001,0.001,370863.27,177580.84,,17643.55,2026-05-17T06:29:48.637Z,btc-updown-15m-1778998500,"Bitcoin Up or Down - May 17, 2:15AM-2:30AM ET",btc-updown-15m-1778998500,2026-05-17T06:30:00Z,,0.01,0.001,0.999,0.99,0.0055,0.02,22102.402773000034,,,25205.16,2026-05-17T06:29:48.637Z,BRTI,78049.64,78164.62,78029.6175,60,Polymarket RTDS,78050.4415894858,78159.17989803682,0.991,,
2026-05-17T06:29:51.079Z,2026-05-17T06:29:50.584Z,KXBTC15M-26MAY170230-30,BTC price up in next 15 mins?,KXBTC15M-26MAY170230,2026-05-17T06:30:00Z,active,,0.001,0.999,,0.001,0.001,370863.27,177580.84,,17943.55,2026-05-17T06:29:50.633Z,btc-updown-15m-1778998500,"Bitcoin Up or Down - May 17, 2:15AM-2:30AM ET",btc-updown-15m-1778998500,2026-05-17T06:30:00Z,,0.01,0.001,0.999,0.99,0.0055,0.02,22102.402773000034,,,25255.16,2026-05-17T06:29:50.633Z,BRTI,78045.34,78164.62,78030.10250000001,60,Polymarket RTDS,78049.99743314311,78159.17989803682,0.991,,
2026-05-17T06:29:53.095Z,2026-05-17T06:29:52.575Z,KXBTC15M-26MAY170230-30,BTC price up in next 15 mins?,KXBTC15M-26MAY170230,2026-05-17T06:30:00Z,active,,0.001,0.999,,0.001,0.001,370863.27,177580.84,,16083.55,2026-05-17T06:29:52.642Z,btc-updown-15m-1778998500,"Bitcoin Up or Down - May 17, 2:15AM-2:30AM ET",btc-updown-15m-1778998500,2026-05-17T06:30:00Z,,0.01,0.001,0.999,0.99,0.0055,0.02,22102.402773000034,,,25255.16,2026-05-17T06:29:52.642Z,BRTI,78045.34,78164.62,78030.66383333334,60,Polymarket RTDS,78051.0813823961,78159.17989803682,0.991,,
2026-05-17T06:29:55.148Z,2026-05-17T06:29:54.578Z,KXBTC15M-26MAY170230-30,BTC price up in next 15 mins?,KXBTC15M-26MAY170230,2026-05-17T06:30:00Z,active,,0.001,0.999,,0.001,0.001,372810.77,179528.34,,16083.55,2026-05-17T06:29:54.623Z,btc-updown-15m-1778998500,"Bitcoin Up or Down - May 17, 2:15AM-2:30AM ET",btc-updown-15m-1778998500,2026-05-17T06:30:00Z,,0.01,0.001,0.999,0.99,0.0055,0.02,22102.402773000034,,,26756.66,2026-05-17T06:29:54.623Z,BRTI,78056.62,78164.62,78031.33583333335,60,Polymarket RTDS,78050.78325795155,78159.17989803682,0.991,,
2026-05-17T06:29:57.095Z,2026-05-17T06:29:56.587Z,KXBTC15M-26MAY170230-30,BTC price up in next 15 mins?,KXBTC15M-26MAY170230,2026-05-17T06:30:00Z,active,,0.001,0.999,,0.001,0.001,372810.77,179528.34,,15969.55,2026-05-17T06:29:56.636Z,btc-updown-15m-1778998500,"Bitcoin Up or Down - May 17, 2:15AM-2:30AM ET",btc-updown-15m-1778998500,2026-05-17T06:30:00Z,,0.01,0.001,0.999,0.99,0.0055,0.02,22102.402773000034,,,28989.91,2026-05-17T06:29:56.636Z,BRTI,78049.64,78164.62,78031.8915,60,Polymarket RTDS,78050.77647772717,78159.17989803682,0.991,,
2026-05-17T06:29:59.131Z,2026-05-17T06:29:58.578Z,KXBTC15M-26MAY170230-30,BTC price up in next 15 mins?,KXBTC15M-26MAY170230,2026-05-17T06:30:00Z,active,,0.001,0.999,,0.001,0.001,372810.77,179528.34,,15511.55,2026-05-17T06:29:58.636Z,btc-updown-15m-1778998500,"Bitcoin Up or Down - May 17, 2:15AM-2:30AM ET",btc-updown-15m-1778998500,2026-05-17T06:30:00Z,,0.01,0.001,0.999,0.99,0.0055,0.02,22102.402773000034,,,29495.41,2026-05-17T06:29:58.636Z,BRTI,78056.47,78164.62,78032.56816666666,60,Polymarket RTDS,78050.77737351168,78159.17989803682,0.991,,
2026-05-17T06:30:01.325Z,2026-05-17T06:30:00.570Z,KXBTC15M-26MAY170230-30,BTC price up in next 15 mins?,KXBTC15M-26MAY170230,2026-05-17T06:30:00Z,closed,,0.001,0.999,,0.001,0.001,372810.77,179528.34,,14260.55,2026-05-17T06:30:00.645Z,btc-updown-15m-1778998500,"Bitcoin Up or Down - May 17, 2:15AM-2:30AM ET",btc-updown-15m-1778998500,2026-05-17T06:30:00Z,,0.01,0.001,0.999,0.99,0.0055,0.02,22102.402773000034,,,62396.13,2026-05-17T06:30:00.645Z,BRTI,78049.69,78164.62,78033.09816666666,60,Polymarket RTDS,78051.99410650929,78159.17989803682,0.991,,
2026-05-17T06:30:03.583Z,2026-05-17T06:30:02.589Z,KXBTC15M-26MAY170230-30,BTC price up in next 15 mins?,KXBTC15M-26MAY170230,2026-05-17T06:30:00Z,closed,,,,,,0.001,372810.77,179528.34,,,2026-05-17T06:30:02.763Z,btc-updown-15m-1778998500,"Bitcoin Up or Down - May 17, 2:15AM-2:30AM ET",btc-updown-15m-1778998500,2026-05-17T06:30:00Z,,0.01,0.001,0.999,0.99,0.0055,0.02,22102.402773000034,,,173726.44,2026-05-17T06:30:02.763Z,BRTI,78045.92,78164.62,78033.58899999999,60,Polymarket RTDS,78052.1662677177,78159.17989803682,,,
2026-05-17T06:30:06.805Z,2026-05-17T06:30:04.582Z,KXBTC15M-26MAY170230-30,BTC price up in next 15 mins?,KXBTC15M-26MAY170230,2026-05-17T06:30:00Z,closed,,,,,,0.001,372810.77,179528.34,,,2026-05-17T06:30:04.629Z,btc-updown-15m-1778998500,"Bitcoin Up or Down - May 17, 2:15AM-2:30AM ET",btc-updown-15m-1778998500,2026-05-17T06:30:00Z,,0.01,0.001,0.999,0.99,0.0055,0.02,22102.402773000034,,,254021.98,2026-05-17T06:30:04.629Z,BRTI,78045.92,78164.62,78034.05616666666,60,Polymarket RTDS,78052.34490205126,78159.17989803682,,,
2026-05-17T06:30:07.839Z,2026-05-17T06:30:07.299Z,KXBTC15M-26MAY170230-30,BTC price up in next 15 mins?,KXBTC15M-26MAY170230,2026-05-17T06:30:00Z,closed,,,,,,0.001,372810.77,179528.34,,,2026-05-17T06:30:07.342Z,btc-updown-15m-1778998500,"Bitcoin Up or Down - May 17, 2:15AM-2:30AM ET",btc-updown-15m-1778998500,2026-05-17T06:30:00Z,,0.01,0.001,0.999,0.99,0.0055,0.02,22102.402773000034,,,379272.21,2026-05-17T06:30:07.342Z,BRTI,78045.34,78164.62,78034.54116666666,60,Polymarket RTDS,78052.29549688715,78159.17989803682,,,
2026-05-17T06:30:09.813Z,2026-05-17T06:30:09.292Z,KXBTC15M-26MAY170230-30,BTC price up in next 15 mins?,KXBTC15M-26MAY170230,2026-05-17T06:30:00Z,closed,,,,,,0.001,372810.77,179528.34,,,2026-05-17T06:30:09.354Z,btc-updown-15m-1778998500,"Bitcoin Up or Down - May 17, 2:15AM-2:30AM ET",btc-updown-15m-1778998500,2026-05-17T06:30:00Z,,0.01,0.001,0.999,0.99,0.0055,0.02,22102.402773000034,,,381009.74,2026-05-17T06:30:09.354Z,BRTI,78047.7,78164.62,78035.04766666667,60,Polymarket RTDS,78052.21919923344,78159.17989803682,,,
2026-05-17T06:30:11.869Z,2026-05-17T06:30:11.298Z,KXBTC15M-26MAY170230-30,BTC price up in next 15 mins?,KXBTC15M-26MAY170230,2026-05-17T06:30:00Z,closed,,,,,,0.001,372810.77,179528.34,,,2026-05-17T06:30:11.351Z,btc-updown-15m-1778998500,"Bitcoin Up or Down - May 17, 2:15AM-2:30AM ET",btc-updown-15m-1778998500,2026-05-17T06:30:00Z,,0.01,0.001,0.999,0.99,0.0055,0.02,22102.402773000034,,,381009.74,2026-05-17T06:30:11.351Z,BRTI,78049.69,78164.62,78035.57766666666,60,Polymarket RTDS,78052.41725962532,78159.17989803682,,,
2026-05-17T06:30:13.841Z,2026-05-17T06:30:13.306Z,KXBTC15M-26MAY170230-30,BTC price up in next 15 mins?,KXBTC15M-26MAY170230,2026-05-17T06:30:00Z,closed,,,,,,0.001,372810.77,179528.34,,,2026-05-17T06:30:13.356Z,btc-updown-15m-1778998500,"Bitcoin Up or Down - May 17, 2:15AM-2:30AM ET",btc-updown-15m-1778998500,2026-05-17T06:30:00Z,,0.01,0.001,0.999,0.99,0.0055,0.02,22102.402773000034,,,381009.74,2026-05-17T06:30:13.356Z,BRTI,78056.8,78164.62,78036.23583333334,60,Polymarket RTDS,78050.66994464958,78159.17989803682,,,
2026-05-17T06:30:16.784Z,2026-05-17T06:30:15.302Z,KXBTC15M-26MAY170230-30,BTC price up in next 15 mins?,KXBTC15M-26MAY170230,2026-05-17T06:30:00Z,closed,,,,,,0.001,372810.77,179528.34,,,2026-05-17T06:30:15.352Z,btc-updown-15m-1778998500,"Bitcoin Up or Down - May 17, 2:15AM-2:30AM ET",btc-updown-15m-1778998500,2026-05-17T06:30:00Z,,0.01,0.001,0.999,0.99,0.0055,0.02,22102.402773000034,,,381009.74,2026-05-17T06:30:15.352Z,BRTI,78056.47,78164.62,78036.90633333333,60,Polymarket RTDS,78050.68942567249,78159.17989803682,,,
2026-05-17T06:30:18.001Z,2026-05-17T06:30:17.295Z,KXBTC15M-26MAY170230-30,BTC price up in next 15 mins?,KXBTC15M-26MAY170230,2026-05-17T06:30:00Z,closed,,,,,,0.001,372810.77,179528.34,,,2026-05-17T06:30:17.346Z,btc-updown-15m-1778998500,"Bitcoin Up or Down - May 17, 2:15AM-2:30AM ET",btc-updown-15m-1778998500,2026-05-17T06:30:00Z,,0.01,0.001,0.999,0.99,0.0055,0.02,22102.402773000034,,,381009.74,2026-05-17T06:30:17.346Z,BRTI,78056.62,78164.62,78037.58733333334,60,Polymarket RTDS,78050.6940887372,78159.17989803682,,,
2026-05-17T06:30:19.779Z,2026-05-17T06:30:19.288Z,KXBTC15M-26MAY170230-30,BTC price up in next 15 mins?,KXBTC15M-26MAY170230,2026-05-17T06:30:00Z,closed,,,,,,0.001,372810.77,179528.34,,,2026-05-17T06:30:19.340Z,btc-updown-15m-1778998500,"Bitcoin Up or Down - May 17, 2:15AM-2:30AM ET",btc-updown-15m-1778998500,2026-05-17T06:30:00Z,,0.01,0.001,0.999,0.99,0.0055,0.02,22102.402773000034,,,381009.74,2026-05-17T06:30:19.340Z,BRTI,78056.62,78164.62,78038.33666666667,60,Polymarket RTDS,78050.67629165725,78159.17989803682,,,
2026-05-17T06:30:21.843Z,2026-05-17T06:30:21.315Z,KXBTC15M-26MAY170230-30,BTC price up in next 15 mins?,KXBTC15M-26MAY170230,2026-05-17T06:30:00Z,closed,,,,,,0.001,372810.77,179528.34,,,2026-05-17T06:30:21.361Z,btc-updown-15m-1778998500,"Bitcoin Up or Down - May 17, 2:15AM-2:30AM ET",btc-updown-15m-1778998500,2026-05-17T06:30:00Z,,0.01,0.001,0.999,0.99,0.0055,0.02,22102.402773000034,,,381009.74,2026-05-17T06:30:21.362Z,BRTI,78056.8,78164.62,78039.08899999999,60,Polymarket RTDS,78050.49607420465,78159.17989803682,,,
2026-05-17T06:30:24.043Z,2026-05-17T06:30:23.289Z,KXBTC15M-26MAY170230-30,BTC price up in next 15 mins?,KXBTC15M-26MAY170230,2026-05-17T06:30:00Z,closed,,,,,,0.001,372810.77,179528.34,,,2026-05-17T06:30:23.358Z,btc-updown-15m-1778998500,"Bitcoin Up or Down - May 17, 2:15AM-2:30AM ET",btc-updown-15m-1778998500,2026-05-17T06:30:00Z,,0.01,0.001,0.999,0.99,0.0055,0.02,22102.402773000034,,,381009.74,2026-05-17T06:30:23.358Z,BRTI,78049.64,78164.62,78039.62783333333,60,Polymarket RTDS,78050.55169970178,78159.17989803682,,,
