timestamp_utc,ticker,title,event_ticker,close_time,status,yes_bid,yes_ask,no_bid,no_ask,yes_mid,last_price,volume,open_interest,best_yes_bid_qty,best_no_bid_qty,yes_levels_json,no_levels_json
2026-05-16T06:45:09.828Z,KXBTC15M-26MAY160300-00,BTC price up in next 15 mins?,KXBTC15M-26MAY160300,2026-05-16T07:00:00Z,active,0.56,0.57,0.43,0.44,0.565,0.57,709.25,654.93,189.0,30.0,"[[""0.4700"",""0.85""],[""0.4800"",""151.83""],[""0.4900"",""70.81""],[""0.5000"",""170.00""],[""0.5100"",""50.00""],[""0.5200"",""436.82""],[""0.5300"",""20.00""],[""0.5400"",""9.00""],[""0.5500"",""16.00""],[""0.5700"",""189.00""]]","[[""0.3000"",""14.00""],[""0.3300"",""402.00""],[""0.3500"",""187.14""],[""0.3600"",""140.11""],[""0.3700"",""139.00""],[""0.3800"",""132.00""],[""0.3900"",""282.00""],[""0.4000"",""194.00""],[""0.4100"",""1000.25""],[""0.4200"",""30.00""]]"
2026-05-16T06:45:11.833Z,KXBTC15M-26MAY160300-00,BTC price up in next 15 mins?,KXBTC15M-26MAY160300,2026-05-16T07:00:00Z,active,0.56,0.57,0.43,0.44,0.565,0.57,709.25,654.93,189.63,166.53,"[[""0.4600"",""401.86""],[""0.4700"",""0.85""],[""0.4800"",""1.83""],[""0.4900"",""220.81""],[""0.5000"",""170.80""],[""0.5100"",""142.00""],[""0.5200"",""38.82""],[""0.5400"",""411.00""],[""0.5500"",""45.00""],[""0.5800"",""189.63""]]","[[""0.3000"",""14.00""],[""0.3300"",""403.21""],[""0.3400"",""1.17""],[""0.3500"",""187.14""],[""0.3600"",""139.00""],[""0.3700"",""139.00""],[""0.3800"",""282.00""],[""0.3900"",""134.00""],[""0.4000"",""1073.25""],[""0.4100"",""166.53""]]"
2026-05-16T06:45:13.840Z,KXBTC15M-26MAY160300-00,BTC price up in next 15 mins?,KXBTC15M-26MAY160300,2026-05-16T07:00:00Z,active,0.56,0.57,0.43,0.44,0.565,0.57,709.25,654.93,54.88,733.1,"[[""0.5000"",""295.80""],[""0.5100"",""265.78""],[""0.5200"",""173.82""],[""0.5300"",""127.00""],[""0.5400"",""125.00""],[""0.5500"",""595.00""],[""0.5600"",""125.00""],[""0.5700"",""125.00""],[""0.5800"",""1569.53""],[""0.5900"",""54.88""]]","[[""0.3100"",""125.00""],[""0.3200"",""135.00""],[""0.3300"",""1668.21""],[""0.3400"",""126.17""],[""0.3500"",""321.00""],[""0.3600"",""264.00""],[""0.3700"",""288.00""],[""0.3800"",""419.00""],[""0.3900"",""830.25""],[""0.4000"",""733.10""]]"
2026-05-16T06:45:15.827Z,KXBTC15M-26MAY160300-00,BTC price up in next 15 mins?,KXBTC15M-26MAY160300,2026-05-16T07:00:00Z,active,0.56,0.57,0.43,0.44,0.565,0.57,709.25,654.93,2550.59,222.19,"[[""0.5100"",""265.78""],[""0.5200"",""173.82""],[""0.5300"",""127.00""],[""0.5400"",""125.00""],[""0.5500"",""193.00""],[""0.5600"",""203.00""],[""0.5700"",""525.00""],[""0.5800"",""125.00""],[""0.5900"",""148.00""],[""0.6000"",""2550.59""]]","[[""0.3000"",""541.00""],[""0.3100"",""125.00""],[""0.3200"",""135.00""],[""0.3300"",""1668.21""],[""0.3400"",""566.17""],[""0.3500"",""321.00""],[""0.3600"",""1274.00""],[""0.3700"",""440.00""],[""0.3800"",""291.00""],[""0.3900"",""222.19""]]"
2026-05-16T06:45:17.824Z,KXBTC15M-26MAY160300-00,BTC price up in next 15 mins?,KXBTC15M-26MAY160300,2026-05-16T07:00:00Z,active,0.56,0.57,0.43,0.44,0.565,0.57,709.25,654.93,3232.59,294.0,"[[""0.5400"",""125.00""],[""0.5500"",""185.00""],[""0.5600"",""125.00""],[""0.5700"",""149.00""],[""0.5800"",""127.00""],[""0.5900"",""135.00""],[""0.6000"",""525.00""],[""0.6100"",""348.84""],[""0.6200"",""138.00""],[""0.6300"",""3232.59""]]","[[""0.2700"",""626.00""],[""0.2800"",""126.00""],[""0.2900"",""176.00""],[""0.3000"",""141.00""],[""0.3100"",""1689.00""],[""0.3200"",""1035.00""],[""0.3300"",""128.21""],[""0.3400"",""1163.17""],[""0.3500"",""471.00""],[""0.3600"",""294.00""]]"
2026-05-16T06:45:19.836Z,KXBTC15M-26MAY160300-00,BTC price up in next 15 mins?,KXBTC15M-26MAY160300,2026-05-16T07:00:00Z,active,0.56,0.57,0.43,0.44,0.565,0.57,709.25,654.93,777.11,202.55,"[[""0.5400"",""125.00""],[""0.5500"",""185.00""],[""0.5600"",""125.00""],[""0.5700"",""149.00""],[""0.5800"",""140.00""],[""0.5900"",""537.00""],[""0.6000"",""125.00""],[""0.6100"",""348.84""],[""0.6200"",""256.00""],[""0.6300"",""777.11""]]","[[""0.2700"",""226.00""],[""0.2800"",""126.00""],[""0.2900"",""176.00""],[""0.3000"",""141.00""],[""0.3100"",""649.00""],[""0.3200"",""535.00""],[""0.3300"",""128.21""],[""0.3400"",""277.00""],[""0.3500"",""780.87""],[""0.3600"",""202.55""]]"
2026-05-16T06:45:21.820Z,KXBTC15M-26MAY160300-00,BTC price up in next 15 mins?,KXBTC15M-26MAY160300,2026-05-16T07:00:00Z,active,0.56,0.57,0.43,0.44,0.565,0.57,709.25,654.93,728.11,433.75,"[[""0.5400"",""125.00""],[""0.5500"",""176.00""],[""0.5600"",""125.00""],[""0.5700"",""151.00""],[""0.5800"",""142.00""],[""0.5900"",""137.00""],[""0.6000"",""525.00""],[""0.6100"",""348.84""],[""0.6200"",""122.84""],[""0.6300"",""728.11""]]","[[""0.2600"",""666.00""],[""0.2700"",""226.00""],[""0.2800"",""126.00""],[""0.2900"",""176.00""],[""0.3000"",""141.00""],[""0.3100"",""154.00""],[""0.3200"",""1035.00""],[""0.3300"",""308.21""],[""0.3400"",""838.25""],[""0.3500"",""433.75""]]"
2026-05-16T06:45:23.831Z,KXBTC15M-26MAY160300-00,BTC price up in next 15 mins?,KXBTC15M-26MAY160300,2026-05-16T07:00:00Z,active,0.56,0.57,0.43,0.44,0.565,0.57,709.25,654.93,926.25,125.0,"[[""0.5400"",""275.00""],[""0.5500"",""144.00""],[""0.5600"",""125.00""],[""0.5700"",""149.00""],[""0.5800"",""140.00""],[""0.5900"",""137.00""],[""0.6000"",""525.00""],[""0.6100"",""348.84""],[""0.6200"",""93.84""],[""0.6300"",""926.25""]]","[[""0.2600"",""666.00""],[""0.2700"",""226.00""],[""0.2800"",""126.00""],[""0.2900"",""176.00""],[""0.3000"",""141.00""],[""0.3100"",""654.00""],[""0.3200"",""535.00""],[""0.3300"",""477.21""],[""0.3400"",""696.88""],[""0.3500"",""125.00""]]"
2026-05-16T06:45:25.839Z,KXBTC15M-26MAY160300-00,BTC price up in next 15 mins?,KXBTC15M-26MAY160300,2026-05-16T07:00:00Z,active,0.56,0.57,0.43,0.44,0.565,0.57,709.25,654.93,295.58,19.7,"[[""0.5500"",""184.00""],[""0.5600"",""125.00""],[""0.5700"",""149.00""],[""0.5800"",""140.00""],[""0.5900"",""135.00""],[""0.6000"",""527.00""],[""0.6100"",""508.84""],[""0.6200"",""85.84""],[""0.6300"",""241.00""],[""0.6400"",""295.58""]]","[[""0.2600"",""267.00""],[""0.2700"",""226.00""],[""0.2800"",""126.00""],[""0.2900"",""136.00""],[""0.3000"",""641.00""],[""0.3100"",""674.00""],[""0.3200"",""215.00""],[""0.3300"",""300.21""],[""0.3400"",""589.25""],[""0.3500"",""19.70""]]"
2026-05-16T06:45:27.825Z,KXBTC15M-26MAY160300-00,BTC price up in next 15 mins?,KXBTC15M-26MAY160300,2026-05-16T07:00:00Z,active,0.56,0.57,0.43,0.44,0.565,0.57,709.25,654.93,886.32,25.5,"[[""0.5400"",""677.00""],[""0.5500"",""184.00""],[""0.5600"",""125.00""],[""0.5700"",""151.00""],[""0.5800"",""140.00""],[""0.5900"",""135.00""],[""0.6000"",""527.00""],[""0.6100"",""132.36""],[""0.6200"",""777.00""],[""0.6300"",""886.32""]]","[[""0.2600"",""267.00""],[""0.2700"",""226.00""],[""0.2800"",""126.00""],[""0.2900"",""136.00""],[""0.3000"",""141.00""],[""0.3100"",""594.00""],[""0.3200"",""635.00""],[""0.3300"",""388.89""],[""0.3400"",""76.09""],[""0.3500"",""25.50""]]"
2026-05-16T06:45:29.832Z,KXBTC15M-26MAY160300-00,BTC price up in next 15 mins?,KXBTC15M-26MAY160300,2026-05-16T07:00:00Z,active,0.56,0.57,0.43,0.44,0.565,0.57,709.25,654.93,709.19,265.63,"[[""0.5500"",""175.00""],[""0.5600"",""125.00""],[""0.5700"",""151.00""],[""0.5800"",""142.00""],[""0.5900"",""135.00""],[""0.6000"",""527.00""],[""0.6100"",""132.36""],[""0.6200"",""144.00""],[""0.6300"",""231.00""],[""0.6400"",""709.19""]]","[[""0.2500"",""349.00""],[""0.2600"",""267.00""],[""0.2700"",""226.00""],[""0.2800"",""126.00""],[""0.2900"",""136.00""],[""0.3000"",""141.00""],[""0.3100"",""554.00""],[""0.3200"",""675.00""],[""0.3300"",""753.92""],[""0.3400"",""265.63""]]"
2026-05-16T06:45:31.829Z,KXBTC15M-26MAY160300-00,BTC price up in next 15 mins?,KXBTC15M-26MAY160300,2026-05-16T07:00:00Z,active,0.56,0.57,0.43,0.44,0.565,0.57,709.25,654.93,97.0,375.23,"[[""0.5600"",""126.00""],[""0.5700"",""151.00""],[""0.5800"",""142.00""],[""0.5900"",""135.00""],[""0.6000"",""527.00""],[""0.6100"",""132.36""],[""0.6200"",""144.00""],[""0.6300"",""212.00""],[""0.6400"",""717.63""],[""0.6500"",""97.00""]]","[[""0.2400"",""825.00""],[""0.2500"",""749.00""],[""0.2600"",""267.00""],[""0.2700"",""226.00""],[""0.2800"",""126.00""],[""0.2900"",""137.00""],[""0.3000"",""141.00""],[""0.3100"",""554.00""],[""0.3200"",""1325.00""],[""0.3300"",""375.23""]]"
2026-05-16T06:45:33.834Z,KXBTC15M-26MAY160300-00,BTC price up in next 15 mins?,KXBTC15M-26MAY160300,2026-05-16T07:00:00Z,active,0.56,0.57,0.43,0.44,0.565,0.57,709.25,654.93,89.77,235.0,"[[""0.5600"",""276.00""],[""0.5700"",""149.00""],[""0.5800"",""142.00""],[""0.5900"",""210.00""],[""0.6000"",""527.00""],[""0.6100"",""212.36""],[""0.6200"",""144.00""],[""0.6300"",""135.00""],[""0.6400"",""563.84""],[""0.6500"",""89.77""]]","[[""0.2400"",""1225.00""],[""0.2500"",""349.00""],[""0.2600"",""267.00""],[""0.2700"",""226.00""],[""0.2800"",""126.00""],[""0.2900"",""137.00""],[""0.3000"",""141.00""],[""0.3100"",""655.43""],[""0.3200"",""644.00""],[""0.3300"",""235.00""]]"
2026-05-16T06:45:35.847Z,KXBTC15M-26MAY160300-00,BTC price up in next 15 mins?,KXBTC15M-26MAY160300,2026-05-16T07:00:00Z,active,0.56,0.57,0.43,0.44,0.565,0.57,709.25,654.93,122.81,75.0,"[[""0.5700"",""149.00""],[""0.5800"",""140.00""],[""0.5900"",""210.00""],[""0.6000"",""127.00""],[""0.6100"",""612.36""],[""0.6200"",""144.00""],[""0.6300"",""135.00""],[""0.6400"",""2745.00""],[""0.6500"",""520.75""],[""0.6600"",""122.81""]]","[[""0.2400"",""825.00""],[""0.2500"",""349.00""],[""0.2600"",""271.00""],[""0.2700"",""226.00""],[""0.2800"",""126.00""],[""0.2900"",""444.30""],[""0.3000"",""1681.00""],[""0.3100"",""2315.00""],[""0.3200"",""147.26""],[""0.3300"",""75.00""]]"
2026-05-16T06:45:37.823Z,KXBTC15M-26MAY160300-00,BTC price up in next 15 mins?,KXBTC15M-26MAY160300,2026-05-16T07:00:00Z,active,0.56,0.57,0.43,0.44,0.565,0.57,709.25,654.93,32.19,246.26,"[[""0.5800"",""140.00""],[""0.5900"",""210.00""],[""0.6000"",""127.00""],[""0.6100"",""532.36""],[""0.6200"",""144.00""],[""0.6300"",""135.00""],[""0.6400"",""2675.00""],[""0.6500"",""549.19""],[""0.6600"",""15.00""],[""0.6700"",""32.19""]]","[[""0.2300"",""636.00""],[""0.2400"",""825.00""],[""0.2500"",""349.00""],[""0.2600"",""267.00""],[""0.2700"",""226.00""],[""0.2800"",""126.00""],[""0.2900"",""444.30""],[""0.3000"",""1681.00""],[""0.3100"",""1894.00""],[""0.3200"",""246.26""]]"
2026-05-16T06:45:39.816Z,KXBTC15M-26MAY160300-00,BTC price up in next 15 mins?,KXBTC15M-26MAY160300,2026-05-16T07:00:00Z,active,0.66,0.68,0.32,0.34,0.67,0.66,14427.27,12044.41,189.0,583.65,"[[""0.5800"",""140.00""],[""0.5900"",""135.00""],[""0.6000"",""202.00""],[""0.6100"",""532.36""],[""0.6200"",""144.00""],[""0.6300"",""135.00""],[""0.6400"",""1625.00""],[""0.6500"",""1665.00""],[""0.6600"",""355.33""],[""0.6700"",""189.00""]]","[[""0.2300"",""236.00""],[""0.2400"",""825.00""],[""0.2500"",""349.00""],[""0.2600"",""267.00""],[""0.2700"",""226.00""],[""0.2800"",""126.00""],[""0.2900"",""484.30""],[""0.3000"",""1681.00""],[""0.3100"",""1514.00""],[""0.3200"",""583.65""]]"
2026-05-16T06:45:41.821Z,KXBTC15M-26MAY160300-00,BTC price up in next 15 mins?,KXBTC15M-26MAY160300,2026-05-16T07:00:00Z,active,0.66,0.68,0.32,0.34,0.67,0.66,14427.27,12044.41,104.55,384.47,"[[""0.5800"",""142.00""],[""0.5900"",""137.67""],[""0.6000"",""202.66""],[""0.6100"",""532.36""],[""0.6200"",""144.00""],[""0.6300"",""135.00""],[""0.6400"",""1125.00""],[""0.6500"",""2165.00""],[""0.6600"",""355.33""],[""0.6700"",""104.55""]]","[[""0.2300"",""236.00""],[""0.2400"",""829.00""],[""0.2500"",""349.00""],[""0.2600"",""267.00""],[""0.2700"",""226.00""],[""0.2800"",""127.00""],[""0.2900"",""483.30""],[""0.3000"",""1696.23""],[""0.3100"",""1881.00""],[""0.3200"",""384.47""]]"
2026-05-16T06:45:43.829Z,KXBTC15M-26MAY160300-00,BTC price up in next 15 mins?,KXBTC15M-26MAY160300,2026-05-16T07:00:00Z,active,0.66,0.68,0.32,0.34,0.67,0.66,14427.27,12044.41,404.63,345.54,"[[""0.5700"",""549.70""],[""0.5800"",""148.68""],[""0.5900"",""137.67""],[""0.6000"",""127.66""],[""0.6100"",""532.36""],[""0.6200"",""144.00""],[""0.6300"",""135.00""],[""0.6400"",""125.00""],[""0.6500"",""3173.00""],[""0.6600"",""404.63""]]","[[""0.2300"",""236.00""],[""0.2400"",""825.00""],[""0.2500"",""349.00""],[""0.2600"",""267.00""],[""0.2700"",""228.00""],[""0.2800"",""127.00""],[""0.2900"",""483.30""],[""0.3000"",""1696.23""],[""0.3100"",""1854.00""],[""0.3200"",""345.54""]]"
2026-05-16T06:45:45.833Z,KXBTC15M-26MAY160300-00,BTC price up in next 15 mins?,KXBTC15M-26MAY160300,2026-05-16T07:00:00Z,active,0.66,0.68,0.32,0.34,0.67,0.66,14427.27,12044.41,125.0,397.09,"[[""0.5700"",""525.70""],[""0.5800"",""150.68""],[""0.5900"",""135.67""],[""0.6000"",""125.66""],[""0.6100"",""134.01""],[""0.6200"",""146.00""],[""0.6300"",""535.00""],[""0.6400"",""203.00""],[""0.6500"",""3280.89""],[""0.6600"",""125.00""]]","[[""0.2300"",""236.00""],[""0.2400"",""825.00""],[""0.2500"",""349.00""],[""0.2600"",""267.00""],[""0.2700"",""536.30""],[""0.2800"",""126.00""],[""0.2900"",""176.00""],[""0.3000"",""1696.23""],[""0.3100"",""580.80""],[""0.3200"",""397.09""]]"
2026-05-16T06:45:47.841Z,KXBTC15M-26MAY160300-00,BTC price up in next 15 mins?,KXBTC15M-26MAY160300,2026-05-16T07:00:00Z,active,0.66,0.68,0.32,0.34,0.67,0.66,14427.27,12044.41,1173.4,75.0,"[[""0.5700"",""675.70""],[""0.5800"",""150.68""],[""0.5900"",""137.67""],[""0.6000"",""125.66""],[""0.6100"",""210.36""],[""0.6200"",""544.00""],[""0.6300"",""135.00""],[""0.6400"",""125.00""],[""0.6500"",""2056.89""],[""0.6600"",""1173.40""]]","[[""0.2400"",""575.00""],[""0.2500"",""349.00""],[""0.2600"",""267.00""],[""0.2700"",""226.00""],[""0.2800"",""474.30""],[""0.2900"",""1136.00""],[""0.3000"",""1846.23""],[""0.3100"",""411.80""],[""0.3200"",""171.70""],[""0.3300"",""75.00""]]"
2026-05-16T06:45:49.830Z,KXBTC15M-26MAY160300-00,BTC price up in next 15 mins?,KXBTC15M-26MAY160300,2026-05-16T07:00:00Z,active,0.66,0.68,0.32,0.34,0.67,0.66,14427.27,12044.41,25.64,96.0,"[[""0.5800"",""150.68""],[""0.5900"",""137.67""],[""0.6000"",""125.66""],[""0.6100"",""133.36""],[""0.6200"",""546.00""],[""0.6300"",""135.00""],[""0.6400"",""125.00""],[""0.6500"",""2048.89""],[""0.6600"",""1272.68""],[""0.6700"",""25.64""]]","[[""0.2300"",""236.00""],[""0.2400"",""575.00""],[""0.2500"",""349.00""],[""0.2600"",""267.00""],[""0.2700"",""227.00""],[""0.2800"",""473.30""],[""0.2900"",""1136.00""],[""0.3000"",""2346.23""],[""0.3100"",""746.60""],[""0.3200"",""96.00""]]"
2026-05-16T06:45:51.828Z,KXBTC15M-26MAY160300-00,BTC price up in next 15 mins?,KXBTC15M-26MAY160300,2026-05-16T07:00:00Z,active,0.66,0.68,0.32,0.34,0.67,0.66,14427.27,12044.41,85.0,875.22,"[[""0.5800"",""700.68""],[""0.5900"",""137.67""],[""0.6000"",""131.66""],[""0.6100"",""133.36""],[""0.6200"",""144.00""],[""0.6300"",""541.00""],[""0.6400"",""125.00""],[""0.6500"",""2048.89""],[""0.6600"",""1881.68""],[""0.6700"",""85.00""]]","[[""0.2200"",""353.00""],[""0.2300"",""236.00""],[""0.2400"",""575.00""],[""0.2500"",""349.00""],[""0.2600"",""278.00""],[""0.2700"",""533.30""],[""0.2800"",""126.00""],[""0.2900"",""1286.00""],[""0.3000"",""1696.23""],[""0.3100"",""875.22""]]"
2026-05-16T06:45:53.837Z,KXBTC15M-26MAY160300-00,BTC price up in next 15 mins?,KXBTC15M-26MAY160300,2026-05-16T07:00:00Z,active,0.66,0.68,0.32,0.34,0.67,0.66,14427.27,12044.41,286.22,5.0,"[[""0.5800"",""550.68""],[""0.5900"",""285.67""],[""0.6000"",""131.66""],[""0.6100"",""210.01""],[""0.6200"",""144.00""],[""0.6300"",""139.00""],[""0.6400"",""551.00""],[""0.6500"",""1548.89""],[""0.6600"",""1909.08""],[""0.6700"",""286.22""]]","[[""0.2300"",""236.00""],[""0.2400"",""575.00""],[""0.2500"",""374.00""],[""0.2600"",""584.30""],[""0.2700"",""226.00""],[""0.2800"",""276.00""],[""0.2900"",""1136.00""],[""0.3000"",""2196.23""],[""0.3100"",""243.62""],[""0.3200"",""5.00""]]"
2026-05-16T06:45:55.838Z,KXBTC15M-26MAY160300-00,BTC price up in next 15 mins?,KXBTC15M-26MAY160300,2026-05-16T07:00:00Z,active,0.66,0.68,0.32,0.34,0.67,0.66,14427.27,12044.41,1630.18,226.62,"[[""0.6200"",""144.00""],[""0.6300"",""139.00""],[""0.6400"",""125.00""],[""0.6500"",""200.00""],[""0.6600"",""527.00""],[""0.6700"",""202.30""],[""0.6800"",""139.83""],[""0.6900"",""135.00""],[""0.7000"",""1758.14""],[""0.7100"",""1630.18""]]","[[""0.1900"",""590.00""],[""0.2000"",""424.00""],[""0.2100"",""154.00""],[""0.2200"",""353.00""],[""0.2300"",""236.00""],[""0.2400"",""1383.30""],[""0.2500"",""2929.00""],[""0.2600"",""387.00""],[""0.2700"",""226.00""],[""0.2800"",""226.62""]]"
2026-05-16T06:45:57.829Z,KXBTC15M-26MAY160300-00,BTC price up in next 15 mins?,KXBTC15M-26MAY160300,2026-05-16T07:00:00Z,active,0.66,0.68,0.32,0.34,0.67,0.66,14427.27,12044.41,547.15,218.0,"[[""0.6200"",""146.00""],[""0.6300"",""139.00""],[""0.6400"",""127.00""],[""0.6500"",""525.00""],[""0.6600"",""149.00""],[""0.6700"",""135.00""],[""0.6800"",""106.83""],[""0.6900"",""223.00""],[""0.7000"",""54.13""],[""0.7100"",""547.15""]]","[[""0.1900"",""190.00""],[""0.2000"",""824.00""],[""0.2100"",""154.00""],[""0.2200"",""353.00""],[""0.2300"",""236.00""],[""0.2400"",""575.00""],[""0.2500"",""3737.30""],[""0.2600"",""396.41""],[""0.2700"",""625.00""],[""0.2800"",""218.00""]]"
2026-05-16T06:45:59.839Z,KXBTC15M-26MAY160300-00,BTC price up in next 15 mins?,KXBTC15M-26MAY160300,2026-05-16T07:00:00Z,active,0.66,0.68,0.32,0.34,0.67,0.66,14427.27,12044.41,1732.85,5.0,"[[""0.6100"",""136.36""],[""0.6200"",""296.00""],[""0.6300"",""141.00""],[""0.6400"",""127.00""],[""0.6500"",""525.00""],[""0.6600"",""149.00""],[""0.6700"",""135.00""],[""0.6800"",""1646.83""],[""0.6900"",""217.00""],[""0.7000"",""1732.85""]]","[[""0.2000"",""424.00""],[""0.2100"",""154.00""],[""0.2200"",""428.00""],[""0.2300"",""236.00""],[""0.2400"",""1076.00""],[""0.2500"",""846.30""],[""0.2600"",""2786.41""],[""0.2700"",""205.00""],[""0.2800"",""157.28""],[""0.2900"",""5.00""]]"
2026-05-16T06:46:01.835Z,KXBTC15M-26MAY160300-00,BTC price up in next 15 mins?,KXBTC15M-26MAY160300,2026-05-16T07:00:00Z,active,0.66,0.68,0.32,0.34,0.67,0.66,14427.27,12044.41,496.27,64.41,"[[""0.6200"",""296.00""],[""0.6300"",""139.00""],[""0.6400"",""225.00""],[""0.6500"",""156.00""],[""0.6600"",""549.00""],[""0.6700"",""135.00""],[""0.6800"",""106.83""],[""0.6900"",""1661.00""],[""0.7000"",""1270.00""],[""0.7100"",""496.27""]]","[[""0.1800"",""899.00""],[""0.1900"",""134.00""],[""0.2000"",""340.00""],[""0.2100"",""153.00""],[""0.2200"",""427.00""],[""0.2300"",""735.00""],[""0.2400"",""757.30""],[""0.2500"",""538.00""],[""0.2600"",""2786.41""],[""0.2700"",""64.41""]]"
2026-05-16T06:46:03.844Z,KXBTC15M-26MAY160300-00,BTC price up in next 15 mins?,KXBTC15M-26MAY160300,2026-05-16T07:00:00Z,active,0.66,0.68,0.32,0.34,0.67,0.66,14427.27,12044.41,17.0,287.0,"[[""0.5700"",""165.00""],[""0.5800"",""160.00""],[""0.5900"",""509.00""],[""0.6000"",""534.00""],[""0.6100"",""132.36""],[""0.6200"",""2244.00""],[""0.6300"",""1141.00""],[""0.6400"",""729.00""],[""0.6500"",""249.00""],[""0.6600"",""17.00""]]","[[""0.2400"",""449.00""],[""0.2500"",""498.00""],[""0.2600"",""276.41""],[""0.2700"",""353.71""],[""0.2800"",""125.00""],[""0.2900"",""125.00""],[""0.3000"",""2675.00""],[""0.3100"",""130.00""],[""0.3200"",""625.00""],[""0.3300"",""287.00""]]"
2026-05-16T06:46:05.839Z,KXBTC15M-26MAY160300-00,BTC price up in next 15 mins?,KXBTC15M-26MAY160300,2026-05-16T07:00:00Z,active,0.66,0.68,0.32,0.34,0.67,0.66,14427.27,12044.41,9.73,3368.82,"[[""0.5700"",""127.00""],[""0.5800"",""160.00""],[""0.5900"",""535.00""],[""0.6000"",""136.00""],[""0.6100"",""1672.36""],[""0.6200"",""1169.00""],[""0.6300"",""661.11""],[""0.6400"",""230.00""],[""0.6500"",""249.00""],[""0.6600"",""9.73""]]","[[""0.2400"",""823.00""],[""0.2500"",""347.00""],[""0.2600"",""212.41""],[""0.2700"",""81.41""],[""0.2800"",""125.00""],[""0.2900"",""150.00""],[""0.3000"",""135.00""],[""0.3100"",""432.30""],[""0.3200"",""130.00""],[""0.3300"",""3368.82""]]"
2026-05-16T06:46:07.848Z,KXBTC15M-26MAY160300-00,BTC price up in next 15 mins?,KXBTC15M-26MAY160300,2026-05-16T07:00:00Z,active,0.66,0.68,0.32,0.34,0.67,0.66,14427.27,12044.41,100.0,3244.0,"[[""0.5500"",""970.00""],[""0.5600"",""758.00""],[""0.5700"",""125.00""],[""0.5800"",""2474.00""],[""0.5900"",""1635.67""],[""0.6000"",""134.66""],[""0.6100"",""193.36""],[""0.6200"",""144.00""],[""0.6300"",""18.00""],[""0.6400"",""100.00""]]","[[""0.2600"",""212.41""],[""0.2700"",""157.41""],[""0.2800"",""275.00""],[""0.2900"",""125.00""],[""0.3000"",""135.00""],[""0.3100"",""125.00""],[""0.3200"",""516.30""],[""0.3300"",""7.94""],[""0.3400"",""133.00""],[""0.3500"",""3244.00""]]"
2026-05-16T06:46:09.838Z,KXBTC15M-26MAY160300-00,BTC price up in next 15 mins?,KXBTC15M-26MAY160300,2026-05-16T07:00:00Z,active,0.64,0.65,0.35,0.36,0.645,0.65,31354.72,22581.73,149.14,107.69,"[[""0.5500"",""496.00""],[""0.5600"",""283.00""],[""0.5700"",""127.00""],[""0.5800"",""237.00""],[""0.5900"",""137.67""],[""0.6000"",""158.66""],[""0.6100"",""132.36""],[""0.6200"",""3117.00""],[""0.6300"",""653.00""],[""0.6400"",""149.14""]]","[[""0.2600"",""212.41""],[""0.2700"",""81.41""],[""0.2800"",""456.30""],[""0.2900"",""126.00""],[""0.3000"",""135.00""],[""0.3100"",""125.00""],[""0.3200"",""1374.00""],[""0.3300"",""2040.00""],[""0.3400"",""80.00""],[""0.3500"",""107.69""]]"
2026-05-16T06:46:11.839Z,KXBTC15M-26MAY160300-00,BTC price up in next 15 mins?,KXBTC15M-26MAY160300,2026-05-16T07:00:00Z,active,0.64,0.65,0.35,0.36,0.645,0.65,31354.72,22581.73,30.19,42.0,"[[""0.5500"",""496.00""],[""0.5600"",""286.00""],[""0.5700"",""127.00""],[""0.5800"",""160.00""],[""0.5900"",""137.00""],[""0.6000"",""347.49""],[""0.6100"",""165.36""],[""0.6200"",""2675.00""],[""0.6300"",""792.59""],[""0.6400"",""30.19""]]","[[""0.2600"",""212.41""],[""0.2700"",""81.41""],[""0.2800"",""149.00""],[""0.2900"",""200.00""],[""0.3000"",""136.00""],[""0.3100"",""125.00""],[""0.3200"",""1774.00""],[""0.3300"",""2165.00""],[""0.3400"",""229.63""],[""0.3500"",""42.00""]]"
2026-05-16T06:46:13.838Z,KXBTC15M-26MAY160300-00,BTC price up in next 15 mins?,KXBTC15M-26MAY160300,2026-05-16T07:00:00Z,active,0.64,0.65,0.35,0.36,0.645,0.65,31354.72,22581.73,75.0,130.0,"[[""0.5600"",""432.00""],[""0.5700"",""127.00""],[""0.5800"",""160.00""],[""0.5900"",""141.00""],[""0.6000"",""158.00""],[""0.6100"",""133.36""],[""0.6200"",""2065.82""],[""0.6300"",""1216.00""],[""0.6400"",""804.00""],[""0.6500"",""75.00""]]","[[""0.2500"",""347.00""],[""0.2600"",""212.41""],[""0.2700"",""41.41""],[""0.2800"",""264.00""],[""0.2900"",""126.00""],[""0.3000"",""536.00""],[""0.3100"",""275.00""],[""0.3200"",""3264.00""],[""0.3300"",""281.00""],[""0.3400"",""130.00""]]"
2026-05-16T06:46:15.829Z,KXBTC15M-26MAY160300-00,BTC price up in next 15 mins?,KXBTC15M-26MAY160300,2026-05-16T07:00:00Z,active,0.64,0.65,0.35,0.36,0.645,0.65,31354.72,22581.73,38.0,243.0,"[[""0.5800"",""162.00""],[""0.5900"",""141.00""],[""0.6000"",""160.00""],[""0.6100"",""126.00""],[""0.6200"",""125.00""],[""0.6300"",""535.00""],[""0.6400"",""1665.82""],[""0.6500"",""1280.00""],[""0.6600"",""648.40""],[""0.6700"",""38.00""]]","[[""0.2300"",""1009.00""],[""0.2400"",""449.00""],[""0.2500"",""347.00""],[""0.2600"",""212.41""],[""0.2700"",""41.41""],[""0.2800"",""189.00""],[""0.2900"",""1026.00""],[""0.3000"",""2676.00""],[""0.3100"",""775.00""],[""0.3200"",""243.00""]]"
2026-05-16T06:46:17.836Z,KXBTC15M-26MAY160300-00,BTC price up in next 15 mins?,KXBTC15M-26MAY160300,2026-05-16T07:00:00Z,active,0.64,0.65,0.35,0.36,0.645,0.65,31354.72,22581.73,608.87,4.56,"[[""0.5700"",""275.00""],[""0.5800"",""162.00""],[""0.5900"",""141.00""],[""0.6000"",""158.00""],[""0.6100"",""128.00""],[""0.6200"",""525.00""],[""0.6300"",""135.00""],[""0.6400"",""1665.82""],[""0.6500"",""1215.00""],[""0.6600"",""608.87""]]","[[""0.2400"",""449.00""],[""0.2500"",""347.00""],[""0.2600"",""212.41""],[""0.2700"",""116.41""],[""0.2800"",""190.00""],[""0.2900"",""125.00""],[""0.3000"",""3726.00""],[""0.3100"",""218.52""],[""0.3200"",""169.00""],[""0.3300"",""4.56""]]"
2026-05-16T06:46:19.827Z,KXBTC15M-26MAY160300-00,BTC price up in next 15 mins?,KXBTC15M-26MAY160300,2026-05-16T07:00:00Z,active,0.64,0.65,0.35,0.36,0.645,0.65,31354.72,22581.73,760.41,8.46,"[[""0.6000"",""129.00""],[""0.6100"",""650.00""],[""0.6200"",""127.00""],[""0.6300"",""137.00""],[""0.6400"",""125.00""],[""0.6500"",""127.00""],[""0.6600"",""549.00""],[""0.6700"",""135.00""],[""0.6800"",""2749.82""],[""0.6900"",""760.41""]]","[[""0.2100"",""238.00""],[""0.2200"",""352.00""],[""0.2300"",""259.00""],[""0.2400"",""495.00""],[""0.2500"",""347.00""],[""0.2600"",""1262.41""],[""0.2700"",""2581.41""],[""0.2800"",""157.00""],[""0.2900"",""125.00""],[""0.3000"",""8.46""]]"
2026-05-16T06:46:21.844Z,KXBTC15M-26MAY160300-00,BTC price up in next 15 mins?,KXBTC15M-26MAY160300,2026-05-16T07:00:00Z,active,0.64,0.65,0.35,0.36,0.645,0.65,31354.72,22581.73,450.62,10.0,"[[""0.6000"",""279.00""],[""0.6100"",""500.00""],[""0.6200"",""127.64""],[""0.6300"",""212.00""],[""0.6400"",""125.00""],[""0.6500"",""127.00""],[""0.6600"",""549.00""],[""0.6700"",""135.00""],[""0.6800"",""2759.82""],[""0.6900"",""450.62""]]","[[""0.2100"",""238.00""],[""0.2200"",""352.00""],[""0.2300"",""259.00""],[""0.2400"",""495.00""],[""0.2500"",""347.00""],[""0.2600"",""1112.41""],[""0.2700"",""1731.41""],[""0.2800"",""1138.48""],[""0.2900"",""150.00""],[""0.3000"",""10.00""]]"
2026-05-16T06:46:23.840Z,KXBTC15M-26MAY160300-00,BTC price up in next 15 mins?,KXBTC15M-26MAY160300,2026-05-16T07:00:00Z,active,0.64,0.65,0.35,0.36,0.645,0.65,31354.72,22581.73,489.81,160.0,"[[""0.6100"",""500.65""],[""0.6200"",""127.64""],[""0.6300"",""137.63""],[""0.6400"",""125.00""],[""0.6500"",""527.00""],[""0.6600"",""149.00""],[""0.6700"",""135.00""],[""0.6800"",""2680.82""],[""0.6900"",""224.00""],[""0.7000"",""489.81""]]","[[""0.2000"",""342.72""],[""0.2100"",""238.00""],[""0.2200"",""352.00""],[""0.2300"",""299.00""],[""0.2400"",""455.00""],[""0.2500"",""347.00""],[""0.2600"",""2652.41""],[""0.2700"",""1271.41""],[""0.2800"",""146.48""],[""0.2900"",""160.00""]]"
2026-05-16T06:46:25.834Z,KXBTC15M-26MAY160300-00,BTC price up in next 15 mins?,KXBTC15M-26MAY160300,2026-05-16T07:00:00Z,active,0.64,0.65,0.35,0.36,0.645,0.65,31354.72,22581.73,71.9,430.55,"[[""0.6000"",""327.66""],[""0.6100"",""500.65""],[""0.6200"",""127.64""],[""0.6300"",""135.63""],[""0.6400"",""127.00""],[""0.6500"",""530.00""],[""0.6600"",""2689.82""],[""0.6700"",""226.00""],[""0.6800"",""622.25""],[""0.6900"",""71.90""]]","[[""0.2100"",""163.00""],[""0.2200"",""352.00""],[""0.2300"",""299.00""],[""0.2400"",""525.00""],[""0.2500"",""347.00""],[""0.2600"",""212.41""],[""0.2700"",""596.41""],[""0.2800"",""2165.00""],[""0.2900"",""1213.00""],[""0.3000"",""430.55""]]"
2026-05-16T06:46:27.835Z,KXBTC15M-26MAY160300-00,BTC price up in next 15 mins?,KXBTC15M-26MAY160300,2026-05-16T07:00:00Z,active,0.64,0.65,0.35,0.36,0.645,0.65,31354.72,22581.73,624.45,145.78,"[[""0.5900"",""139.67""],[""0.6000"",""327.66""],[""0.6100"",""500.65""],[""0.6200"",""127.64""],[""0.6300"",""135.00""],[""0.6400"",""127.00""],[""0.6500"",""530.00""],[""0.6600"",""2689.82""],[""0.6700"",""216.00""],[""0.6800"",""624.45""]]","[[""0.2100"",""163.00""],[""0.2200"",""352.00""],[""0.2300"",""335.73""],[""0.2400"",""450.00""],[""0.2500"",""487.00""],[""0.2600"",""212.41""],[""0.2700"",""596.41""],[""0.2800"",""2165.00""],[""0.2900"",""1206.55""],[""0.3000"",""145.78""]]"
2026-05-16T06:46:29.836Z,KXBTC15M-26MAY160300-00,BTC price up in next 15 mins?,KXBTC15M-26MAY160300,2026-05-16T07:00:00Z,active,0.64,0.65,0.35,0.36,0.645,0.65,31354.72,22581.73,734.84,159.78,"[[""0.5900"",""139.67""],[""0.6000"",""332.66""],[""0.6100"",""128.65""],[""0.6200"",""151.00""],[""0.6300"",""137.00""],[""0.6400"",""127.00""],[""0.6500"",""530.00""],[""0.6600"",""1665.82""],[""0.6700"",""1137.00""],[""0.6800"",""734.84""]]","[[""0.2100"",""163.00""],[""0.2200"",""352.00""],[""0.2300"",""236.73""],[""0.2400"",""450.66""],[""0.2500"",""563.00""],[""0.2600"",""236.41""],[""0.2700"",""2636.41""],[""0.2800"",""205.00""],[""0.2900"",""1102.55""],[""0.3000"",""159.78""]]"
2026-05-16T06:46:31.833Z,KXBTC15M-26MAY160300-00,BTC price up in next 15 mins?,KXBTC15M-26MAY160300,2026-05-16T07:00:00Z,active,0.64,0.65,0.35,0.36,0.645,0.65,31354.72,22581.73,706.17,130.05,"[[""0.5900"",""139.67""],[""0.6000"",""332.66""],[""0.6100"",""128.65""],[""0.6200"",""151.64""],[""0.6300"",""135.00""],[""0.6400"",""127.00""],[""0.6500"",""530.00""],[""0.6600"",""125.00""],[""0.6700"",""2676.82""],[""0.6800"",""706.17""]]","[[""0.2100"",""164.90""],[""0.2200"",""353.81""],[""0.2300"",""236.73""],[""0.2400"",""426.66""],[""0.2500"",""487.00""],[""0.2600"",""236.41""],[""0.2700"",""2636.41""],[""0.2800"",""1205.00""],[""0.2900"",""141.57""],[""0.3000"",""130.05""]]"
2026-05-16T06:46:33.835Z,KXBTC15M-26MAY160300-00,BTC price up in next 15 mins?,KXBTC15M-26MAY160300,2026-05-16T07:00:00Z,active,0.64,0.65,0.35,0.36,0.645,0.65,31354.72,22581.73,617.86,133.61,"[[""0.5900"",""135.67""],[""0.6000"",""332.66""],[""0.6100"",""128.65""],[""0.6200"",""151.64""],[""0.6300"",""139.00""],[""0.6400"",""127.00""],[""0.6500"",""3170.89""],[""0.6600"",""125.00""],[""0.6700"",""275.00""],[""0.6800"",""617.86""]]","[[""0.2200"",""353.81""],[""0.2300"",""236.73""],[""0.2400"",""351.66""],[""0.2500"",""487.00""],[""0.2600"",""236.41""],[""0.2700"",""1096.41""],[""0.2800"",""205.00""],[""0.2900"",""2634.55""],[""0.3000"",""208.59""],[""0.3100"",""133.61""]]"
2026-05-16T06:46:35.851Z,KXBTC15M-26MAY160300-00,BTC price up in next 15 mins?,KXBTC15M-26MAY160300,2026-05-16T07:00:00Z,active,0.64,0.65,0.35,0.36,0.645,0.65,31354.72,22581.73,447.49,162.98,"[[""0.5900"",""135.67""],[""0.6000"",""332.66""],[""0.6100"",""128.65""],[""0.6200"",""151.00""],[""0.6300"",""141.00""],[""0.6400"",""127.00""],[""0.6500"",""3170.89""],[""0.6600"",""125.00""],[""0.6700"",""145.00""],[""0.6800"",""447.49""]]","[[""0.2100"",""164.90""],[""0.2200"",""353.81""],[""0.2300"",""236.73""],[""0.2400"",""351.66""],[""0.2500"",""487.00""],[""0.2600"",""236.41""],[""0.2700"",""1114.41""],[""0.2800"",""205.00""],[""0.2900"",""2634.55""],[""0.3000"",""162.98""]]"
2026-05-16T06:46:37.837Z,KXBTC15M-26MAY160300-00,BTC price up in next 15 mins?,KXBTC15M-26MAY160300,2026-05-16T07:00:00Z,active,0.64,0.65,0.35,0.36,0.645,0.65,31354.72,22581.73,630.78,3014.59,"[[""0.5900"",""135.67""],[""0.6000"",""332.66""],[""0.6100"",""128.65""],[""0.6200"",""226.00""],[""0.6300"",""139.00""],[""0.6400"",""127.00""],[""0.6500"",""3170.89""],[""0.6600"",""205.00""],[""0.6700"",""145.00""],[""0.6800"",""630.78""]]","[[""0.2000"",""850.72""],[""0.2100"",""164.90""],[""0.2200"",""353.81""],[""0.2300"",""236.73""],[""0.2400"",""350.66""],[""0.2500"",""563.00""],[""0.2600"",""236.41""],[""0.2700"",""1114.41""],[""0.2800"",""125.00""],[""0.2900"",""3014.59""]]"
2026-05-16T06:46:39.836Z,KXBTC15M-26MAY160300-00,BTC price up in next 15 mins?,KXBTC15M-26MAY160300,2026-05-16T07:00:00Z,active,0.69,0.7,0.3,0.31,0.695,0.69,43377.24,32100.84,704.77,23.54,"[[""0.6000"",""332.66""],[""0.6100"",""128.65""],[""0.6200"",""151.00""],[""0.6300"",""139.00""],[""0.6400"",""127.00""],[""0.6500"",""640.00""],[""0.6600"",""2745.89""],[""0.6700"",""135.00""],[""0.6800"",""135.00""],[""0.6900"",""704.77""]]","[[""0.2100"",""164.90""],[""0.2200"",""353.81""],[""0.2300"",""236.73""],[""0.2400"",""425.00""],[""0.2500"",""487.00""],[""0.2600"",""236.41""],[""0.2700"",""1114.41""],[""0.2800"",""1665.59""],[""0.2900"",""1169.00""],[""0.3000"",""23.54""]]"
2026-05-16T06:46:41.832Z,KXBTC15M-26MAY160300-00,BTC price up in next 15 mins?,KXBTC15M-26MAY160300,2026-05-16T07:00:00Z,active,0.69,0.7,0.3,0.31,0.695,0.69,43377.24,32100.84,548.58,39.0,"[[""0.6200"",""151.64""],[""0.6300"",""141.00""],[""0.6400"",""127.00""],[""0.6500"",""242.00""],[""0.6600"",""525.00""],[""0.6700"",""135.00""],[""0.6800"",""2665.89""],[""0.6900"",""165.00""],[""0.7000"",""171.33""],[""0.7100"",""548.58""]]","[[""0.1900"",""910.10""],[""0.2000"",""450.72""],[""0.2100"",""164.90""],[""0.2200"",""353.81""],[""0.2300"",""176.73""],[""0.2400"",""850.00""],[""0.2500"",""447.00""],[""0.2600"",""3327.00""],[""0.2700"",""192.84""],[""0.2800"",""39.00""]]"
2026-05-16T06:46:43.834Z,KXBTC15M-26MAY160300-00,BTC price up in next 15 mins?,KXBTC15M-26MAY160300,2026-05-16T07:00:00Z,active,0.69,0.7,0.3,0.31,0.695,0.69,43377.24,32100.84,798.0,25.0,"[[""0.6200"",""301.64""],[""0.6300"",""141.00""],[""0.6400"",""127.00""],[""0.6500"",""240.00""],[""0.6600"",""127.00""],[""0.6700"",""135.00""],[""0.6800"",""525.00""],[""0.6900"",""152.00""],[""0.7000"",""2695.89""],[""0.7100"",""798.00""]]","[[""0.1900"",""510.10""],[""0.2000"",""500.72""],[""0.2100"",""664.90""],[""0.2200"",""428.81""],[""0.2300"",""177.73""],[""0.2400"",""2289.59""],[""0.2500"",""1677.00""],[""0.2600"",""236.41""],[""0.2700"",""41.00""],[""0.2800"",""25.00""]]"
2026-05-16T06:46:45.843Z,KXBTC15M-26MAY160300-00,BTC price up in next 15 mins?,KXBTC15M-26MAY160300,2026-05-16T07:00:00Z,active,0.69,0.7,0.3,0.31,0.695,0.69,43377.24,32100.84,560.19,149.33,"[[""0.6300"",""513.00""],[""0.6400"",""275.00""],[""0.6500"",""237.00""],[""0.6600"",""127.00""],[""0.6700"",""137.00""],[""0.6800"",""129.00""],[""0.6900"",""549.00""],[""0.7000"",""2665.89""],[""0.7100"",""646.46""],[""0.7200"",""560.19""]]","[[""0.1800"",""127.22""],[""0.1900"",""140.10""],[""0.2000"",""500.72""],[""0.2100"",""710.90""],[""0.2200"",""428.81""],[""0.2300"",""710.73""],[""0.2400"",""1904.59""],[""0.2500"",""1447.00""],[""0.2600"",""222.41""],[""0.2700"",""149.33""]]"
2026-05-16T06:46:47.839Z,KXBTC15M-26MAY160300-00,BTC price up in next 15 mins?,KXBTC15M-26MAY160300,2026-05-16T07:00:00Z,active,0.69,0.7,0.3,0.31,0.695,0.69,43377.24,32100.84,785.26,32.99,"[[""0.6300"",""139.00""],[""0.6400"",""275.00""],[""0.6500"",""237.00""],[""0.6600"",""127.00""],[""0.6700"",""159.00""],[""0.6800"",""125.00""],[""0.6900"",""532.00""],[""0.7000"",""2665.89""],[""0.7100"",""233.00""],[""0.7200"",""785.26""]]","[[""0.1800"",""135.22""],[""0.1900"",""140.10""],[""0.2000"",""534.72""],[""0.2100"",""204.90""],[""0.2200"",""1351.00""],[""0.2300"",""290.00""],[""0.2400"",""1904.59""],[""0.2500"",""1447.00""],[""0.2600"",""227.41""],[""0.2700"",""32.99""]]"
2026-05-16T06:46:49.827Z,KXBTC15M-26MAY160300-00,BTC price up in next 15 mins?,KXBTC15M-26MAY160300,2026-05-16T07:00:00Z,active,0.69,0.7,0.3,0.31,0.695,0.69,43377.24,32100.84,972.01,1.99,"[[""0.6300"",""139.00""],[""0.6400"",""125.00""],[""0.6500"",""387.00""],[""0.6600"",""127.00""],[""0.6700"",""159.00""],[""0.6800"",""125.00""],[""0.6900"",""132.00""],[""0.7000"",""1525.00""],[""0.7100"",""2172.35""],[""0.7200"",""972.01""]]","[[""0.1800"",""135.22""],[""0.1900"",""140.10""],[""0.2000"",""428.72""],[""0.2100"",""703.00""],[""0.2200"",""1001.00""],[""0.2300"",""1680.59""],[""0.2400"",""429.00""],[""0.2500"",""1474.00""],[""0.2600"",""230.41""],[""0.2700"",""1.99""]]"
2026-05-16T06:46:51.839Z,KXBTC15M-26MAY160300-00,BTC price up in next 15 mins?,KXBTC15M-26MAY160300,2026-05-16T07:00:00Z,active,0.69,0.7,0.3,0.31,0.695,0.69,43377.24,32100.84,2271.53,16.99,"[[""0.6300"",""139.00""],[""0.6400"",""125.00""],[""0.6500"",""387.00""],[""0.6600"",""127.00""],[""0.6700"",""161.00""],[""0.6800"",""125.00""],[""0.6900"",""132.00""],[""0.7000"",""1525.00""],[""0.7100"",""713.46""],[""0.7200"",""2271.53""]]","[[""0.1800"",""133.00""],[""0.1900"",""138.00""],[""0.2000"",""426.72""],[""0.2100"",""703.00""],[""0.2200"",""1001.00""],[""0.2300"",""2680.59""],[""0.2400"",""445.02""],[""0.2500"",""447.00""],[""0.2600"",""245.41""],[""0.2700"",""16.99""]]"
2026-05-16T06:46:53.843Z,KXBTC15M-26MAY160300-00,BTC price up in next 15 mins?,KXBTC15M-26MAY160300,2026-05-16T07:00:00Z,active,0.69,0.7,0.3,0.31,0.695,0.69,43377.24,32100.84,723.5,395.23,"[[""0.6400"",""125.00""],[""0.6500"",""236.00""],[""0.6600"",""277.00""],[""0.6700"",""161.00""],[""0.6800"",""125.00""],[""0.6900"",""130.00""],[""0.7000"",""1527.00""],[""0.7100"",""145.00""],[""0.7200"",""2177.35""],[""0.7300"",""723.50""]]","[[""0.1700"",""163.00""],[""0.1800"",""133.00""],[""0.1900"",""139.00""],[""0.2000"",""425.72""],[""0.2100"",""1203.00""],[""0.2200"",""416.00""],[""0.2300"",""1690.59""],[""0.2400"",""1349.00""],[""0.2500"",""462.00""],[""0.2600"",""395.23""]]"
2026-05-16T06:46:55.837Z,KXBTC15M-26MAY160300-00,BTC price up in next 15 mins?,KXBTC15M-26MAY160300,2026-05-16T07:00:00Z,active,0.69,0.7,0.3,0.31,0.695,0.69,43377.24,32100.84,671.81,283.12,"[[""0.6400"",""125.00""],[""0.6500"",""416.00""],[""0.6600"",""127.00""],[""0.6700"",""161.00""],[""0.6800"",""127.00""],[""0.6900"",""132.00""],[""0.7000"",""1529.00""],[""0.7100"",""145.00""],[""0.7200"",""2177.35""],[""0.7300"",""671.81""]]","[[""0.1700"",""163.00""],[""0.1800"",""133.00""],[""0.1900"",""139.00""],[""0.2000"",""1000.72""],[""0.2100"",""153.00""],[""0.2200"",""2506.59""],[""0.2300"",""150.00""],[""0.2400"",""1349.00""],[""0.2500"",""470.00""],[""0.2600"",""283.12""]]"
2026-05-16T06:46:57.836Z,KXBTC15M-26MAY160300-00,BTC price up in next 15 mins?,KXBTC15M-26MAY160300,2026-05-16T07:00:00Z,active,0.69,0.7,0.3,0.31,0.695,0.69,43377.24,32100.84,683.81,118.2,"[[""0.6400"",""125.00""],[""0.6500"",""461.00""],[""0.6600"",""127.60""],[""0.6700"",""161.00""],[""0.6800"",""125.00""],[""0.6900"",""130.00""],[""0.7000"",""1531.00""],[""0.7100"",""135.00""],[""0.7200"",""2198.35""],[""0.7300"",""683.81""]]","[[""0.1700"",""163.00""],[""0.1800"",""133.00""],[""0.1900"",""139.00""],[""0.2000"",""500.72""],[""0.2100"",""653.00""],[""0.2200"",""966.00""],[""0.2300"",""1690.59""],[""0.2400"",""1429.00""],[""0.2500"",""606.00""],[""0.2600"",""118.20""]]"
2026-05-16T06:46:59.826Z,KXBTC15M-26MAY160300-00,BTC price up in next 15 mins?,KXBTC15M-26MAY160300,2026-05-16T07:00:00Z,active,0.69,0.7,0.3,0.31,0.695,0.69,43377.24,32100.84,848.0,2631.54,"[[""0.6500"",""462.61""],[""0.6600"",""127.60""],[""0.6700"",""161.00""],[""0.6800"",""127.00""],[""0.6900"",""125.00""],[""0.7000"",""1131.00""],[""0.7100"",""135.00""],[""0.7200"",""2065.89""],[""0.7300"",""235.00""],[""0.7400"",""848.00""]]","[[""0.1600"",""563.00""],[""0.1700"",""173.00""],[""0.1800"",""139.00""],[""0.1900"",""213.00""],[""0.2000"",""2365.96""],[""0.2100"",""693.00""],[""0.2200"",""2066.00""],[""0.2300"",""139.00""],[""0.2400"",""1135.00""],[""0.2500"",""2631.54""]]"
2026-05-16T06:47:01.834Z,KXBTC15M-26MAY160300-00,BTC price up in next 15 mins?,KXBTC15M-26MAY160300,2026-05-16T07:00:00Z,active,0.69,0.7,0.3,0.31,0.695,0.69,43377.24,32100.84,1019.15,2681.65,"[[""0.6500"",""312.61""],[""0.6600"",""377.60""],[""0.6700"",""161.59""],[""0.6800"",""127.00""],[""0.6900"",""125.00""],[""0.7000"",""129.00""],[""0.7100"",""1137.00""],[""0.7200"",""550.00""],[""0.7300"",""1690.89""],[""0.7400"",""1019.15""]]","[[""0.1600"",""503.00""],[""0.1700"",""173.00""],[""0.1800"",""180.00""],[""0.1900"",""138.00""],[""0.2000"",""2351.96""],[""0.2100"",""775.00""],[""0.2200"",""1689.00""],[""0.2300"",""151.00""],[""0.2400"",""1135.00""],[""0.2500"",""2681.65""]]"
2026-05-16T06:47:03.836Z,KXBTC15M-26MAY160300-00,BTC price up in next 15 mins?,KXBTC15M-26MAY160300,2026-05-16T07:00:00Z,active,0.69,0.7,0.3,0.31,0.695,0.69,43377.24,32100.84,724.17,2795.95,"[[""0.6500"",""312.00""],[""0.6600"",""377.00""],[""0.6700"",""161.59""],[""0.6800"",""127.00""],[""0.6900"",""127.00""],[""0.7000"",""129.00""],[""0.7100"",""137.00""],[""0.7200"",""1550.00""],[""0.7300"",""1719.39""],[""0.7400"",""724.17""]]","[[""0.1600"",""503.00""],[""0.1700"",""173.00""],[""0.1800"",""185.00""],[""0.1900"",""138.00""],[""0.2000"",""2346.96""],[""0.2100"",""775.00""],[""0.2200"",""1689.00""],[""0.2300"",""272.00""],[""0.2400"",""1154.00""],[""0.2500"",""2795.95""]]"
2026-05-16T06:47:05.841Z,KXBTC15M-26MAY160300-00,BTC price up in next 15 mins?,KXBTC15M-26MAY160300,2026-05-16T07:00:00Z,active,0.69,0.7,0.3,0.31,0.695,0.69,43377.24,32100.84,679.8,2690.14,"[[""0.6500"",""312.61""],[""0.6600"",""227.60""],[""0.6700"",""311.59""],[""0.6800"",""127.00""],[""0.6900"",""127.00""],[""0.7000"",""129.00""],[""0.7100"",""137.00""],[""0.7200"",""1550.00""],[""0.7300"",""1731.39""],[""0.7400"",""679.80""]]","[[""0.1600"",""503.00""],[""0.1700"",""173.00""],[""0.1800"",""185.00""],[""0.1900"",""138.00""],[""0.2000"",""2496.96""],[""0.2100"",""625.00""],[""0.2200"",""1689.00""],[""0.2300"",""125.00""],[""0.2400"",""1164.00""],[""0.2500"",""2690.14""]]"
2026-05-16T06:47:07.840Z,KXBTC15M-26MAY160300-00,BTC price up in next 15 mins?,KXBTC15M-26MAY160300,2026-05-16T07:00:00Z,active,0.69,0.7,0.3,0.31,0.695,0.69,43377.24,32100.84,525.5,2621.79,"[[""0.6500"",""312.61""],[""0.6600"",""227.60""],[""0.6700"",""311.59""],[""0.6800"",""202.00""],[""0.6900"",""125.00""],[""0.7000"",""129.00""],[""0.7100"",""135.00""],[""0.7200"",""1552.00""],[""0.7300"",""1711.39""],[""0.7400"",""525.50""]]","[[""0.1600"",""503.00""],[""0.1700"",""174.00""],[""0.1800"",""184.00""],[""0.1900"",""138.00""],[""0.2000"",""2496.96""],[""0.2100"",""625.00""],[""0.2200"",""1689.00""],[""0.2300"",""125.00""],[""0.2400"",""1164.00""],[""0.2500"",""2621.79""]]"
2026-05-16T06:47:09.841Z,KXBTC15M-26MAY160300-00,BTC price up in next 15 mins?,KXBTC15M-26MAY160300,2026-05-16T07:00:00Z,active,0.74,0.75,0.25,0.26,0.745,0.74,52473.98,37127.30,553.0,2597.81,"[[""0.6500"",""312.61""],[""0.6600"",""227.60""],[""0.6700"",""311.59""],[""0.6800"",""202.00""],[""0.6900"",""127.00""],[""0.7000"",""129.00""],[""0.7100"",""135.00""],[""0.7200"",""1552.00""],[""0.7300"",""1719.39""],[""0.7400"",""553.00""]]","[[""0.1600"",""503.00""],[""0.1700"",""176.35""],[""0.1800"",""186.22""],[""0.1900"",""138.00""],[""0.2000"",""2456.96""],[""0.2100"",""665.00""],[""0.2200"",""1689.00""],[""0.2300"",""125.00""],[""0.2400"",""1164.00""],[""0.2500"",""2597.81""]]"
2026-05-16T06:47:11.848Z,KXBTC15M-26MAY160300-00,BTC price up in next 15 mins?,KXBTC15M-26MAY160300,2026-05-16T07:00:00Z,active,0.74,0.75,0.25,0.26,0.745,0.74,52473.98,37127.30,2188.95,9.0,"[[""0.6400"",""165.62""],[""0.6500"",""312.61""],[""0.6600"",""225.60""],[""0.6700"",""161.59""],[""0.6800"",""277.00""],[""0.6900"",""127.00""],[""0.7000"",""129.00""],[""0.7100"",""135.00""],[""0.7200"",""1776.00""],[""0.7300"",""2188.95""]]","[[""0.1700"",""176.35""],[""0.1800"",""186.22""],[""0.1900"",""290.10""],[""0.2000"",""2381.96""],[""0.2100"",""665.00""],[""0.2200"",""1689.00""],[""0.2300"",""125.00""],[""0.2400"",""1161.00""],[""0.2500"",""2431.89""],[""0.2600"",""9.00""]]"
2026-05-16T06:47:13.839Z,KXBTC15M-26MAY160300-00,BTC price up in next 15 mins?,KXBTC15M-26MAY160300,2026-05-16T07:00:00Z,active,0.74,0.75,0.25,0.26,0.745,0.74,52473.98,37127.30,2205.15,85.67,"[[""0.6400"",""165.62""],[""0.6500"",""312.61""],[""0.6600"",""225.60""],[""0.6700"",""161.00""],[""0.6800"",""277.00""],[""0.6900"",""127.00""],[""0.7000"",""129.00""],[""0.7100"",""135.00""],[""0.7200"",""1776.00""],[""0.7300"",""2205.15""]]","[[""0.1700"",""176.35""],[""0.1800"",""186.22""],[""0.1900"",""365.10""],[""0.2000"",""2306.96""],[""0.2100"",""665.00""],[""0.2200"",""1689.00""],[""0.2300"",""149.00""],[""0.2400"",""1145.00""],[""0.2500"",""2381.22""],[""0.2600"",""85.67""]]"
2026-05-16T06:47:15.838Z,KXBTC15M-26MAY160300-00,BTC price up in next 15 mins?,KXBTC15M-26MAY160300,2026-05-16T07:00:00Z,active,0.74,0.75,0.25,0.26,0.745,0.74,52473.98,37127.30,591.14,91.02,"[[""0.6400"",""165.62""],[""0.6500"",""312.61""],[""0.6600"",""225.60""],[""0.6700"",""236.00""],[""0.6800"",""277.00""],[""0.6900"",""125.00""],[""0.7000"",""129.00""],[""0.7100"",""1680.54""],[""0.7200"",""1632.00""],[""0.7300"",""591.14""]]","[[""0.1700"",""176.35""],[""0.1800"",""221.22""],[""0.1900"",""690.10""],[""0.2000"",""1981.96""],[""0.2100"",""670.00""],[""0.2200"",""1689.00""],[""0.2300"",""125.00""],[""0.2400"",""1171.00""],[""0.2500"",""2328.85""],[""0.2600"",""91.02""]]"
2026-05-16T06:47:17.838Z,KXBTC15M-26MAY160300-00,BTC price up in next 15 mins?,KXBTC15M-26MAY160300,2026-05-16T07:00:00Z,active,0.74,0.75,0.25,0.26,0.745,0.74,52473.98,37127.30,645.0,141.0,"[[""0.5800"",""568.68""],[""0.5900"",""137.67""],[""0.6000"",""182.66""],[""0.6100"",""201.65""],[""0.6200"",""280.64""],[""0.6300"",""146.63""],[""0.6400"",""2666.16""],[""0.6500"",""722.61""],[""0.6600"",""225.60""],[""0.6700"",""645.00""]]","[[""0.2100"",""185.00""],[""0.2200"",""135.00""],[""0.2300"",""125.00""],[""0.2400"",""145.00""],[""0.2500"",""2463.85""],[""0.2600"",""152.00""],[""0.2700"",""535.02""],[""0.2800"",""140.00""],[""0.2900"",""3175.00""],[""0.3200"",""141.00""]]"
2026-05-16T06:47:19.857Z,KXBTC15M-26MAY160300-00,BTC price up in next 15 mins?,KXBTC15M-26MAY160300,2026-05-16T07:00:00Z,active,0.74,0.75,0.25,0.26,0.745,0.74,52473.98,37127.30,3204.18,95.02,"[[""0.5800"",""168.68""],[""0.5900"",""139.67""],[""0.6000"",""330.66""],[""0.6100"",""403.65""],[""0.6200"",""151.64""],[""0.6300"",""140.63""],[""0.6400"",""125.62""],[""0.6500"",""814.61""],[""0.6600"",""396.00""],[""0.6700"",""3204.18""]]","[[""0.2200"",""165.00""],[""0.2300"",""125.00""],[""0.2400"",""145.00""],[""0.2500"",""2313.85""],[""0.2600"",""125.00""],[""0.2700"",""1199.00""],[""0.2800"",""208.48""],[""0.2900"",""130.00""],[""0.3000"",""125.00""],[""0.3200"",""95.02""]]"
2026-05-16T06:47:21.835Z,KXBTC15M-26MAY160300-00,BTC price up in next 15 mins?,KXBTC15M-26MAY160300,2026-05-16T07:00:00Z,active,0.74,0.75,0.25,0.26,0.745,0.74,52473.98,37127.30,33.85,3203.02,"[[""0.4700"",""125.00""],[""0.4800"",""278.00""],[""0.4900"",""240.00""],[""0.5000"",""3966.00""],[""0.5100"",""768.00""],[""0.5200"",""1139.00""],[""0.5300"",""548.00""],[""0.5400"",""211.58""],[""0.5500"",""339.72""],[""0.5600"",""33.85""]]","[[""0.3400"",""125.00""],[""0.3500"",""125.00""],[""0.3600"",""135.00""],[""0.3700"",""125.00""],[""0.3800"",""125.00""],[""0.3900"",""275.00""],[""0.4000"",""161.00""],[""0.4100"",""127.00""],[""0.4200"",""530.00""],[""0.4300"",""3203.02""]]"
2026-05-16T06:47:23.834Z,KXBTC15M-26MAY160300-00,BTC price up in next 15 mins?,KXBTC15M-26MAY160300,2026-05-16T07:00:00Z,active,0.74,0.75,0.25,0.26,0.745,0.74,52473.98,37127.30,412.72,612.0,"[[""0.4600"",""1361.00""],[""0.4700"",""125.00""],[""0.4800"",""278.00""],[""0.4900"",""1705.00""],[""0.5000"",""2926.00""],[""0.5100"",""266.00""],[""0.5200"",""543.00""],[""0.5300"",""1135.00""],[""0.5400"",""245.90""],[""0.5500"",""412.72""]]","[[""0.3500"",""125.00""],[""0.3600"",""135.00""],[""0.3700"",""200.00""],[""0.3800"",""125.00""],[""0.3900"",""275.00""],[""0.4000"",""159.00""],[""0.4100"",""127.00""],[""0.4200"",""130.00""],[""0.4300"",""3067.00""],[""0.4400"",""612.00""]]"
2026-05-16T06:47:25.836Z,KXBTC15M-26MAY160300-00,BTC price up in next 15 mins?,KXBTC15M-26MAY160300,2026-05-16T07:00:00Z,active,0.74,0.75,0.25,0.26,0.745,0.74,52473.98,37127.30,13.24,2097.26,"[[""0.4700"",""125.00""],[""0.4800"",""278.00""],[""0.4900"",""240.00""],[""0.5000"",""2421.00""],[""0.5100"",""2306.00""],[""0.5200"",""139.00""],[""0.5300"",""530.00""],[""0.5400"",""1255.58""],[""0.5500"",""417.00""],[""0.5600"",""13.24""]]","[[""0.3400"",""125.00""],[""0.3500"",""125.00""],[""0.3600"",""135.00""],[""0.3700"",""125.00""],[""0.3800"",""525.00""],[""0.3900"",""282.00""],[""0.4000"",""159.00""],[""0.4100"",""127.00""],[""0.4200"",""1124.65""],[""0.4300"",""2097.26""]]"
2026-05-16T06:47:27.871Z,KXBTC15M-26MAY160300-00,BTC price up in next 15 mins?,KXBTC15M-26MAY160300,2026-05-16T07:00:00Z,active,0.74,0.75,0.25,0.26,0.745,0.74,52473.98,37127.30,468.51,484.32,"[[""0.4600"",""1361.00""],[""0.4700"",""125.00""],[""0.4800"",""278.00""],[""0.4900"",""165.00""],[""0.5000"",""2426.00""],[""0.5100"",""766.00""],[""0.5200"",""1679.00""],[""0.5300"",""127.00""],[""0.5400"",""1621.58""],[""0.5500"",""468.51""]]","[[""0.3500"",""125.00""],[""0.3600"",""135.00""],[""0.3700"",""125.00""],[""0.3800"",""525.00""],[""0.3900"",""275.00""],[""0.4000"",""1161.65""],[""0.4100"",""127.00""],[""0.4200"",""156.00""],[""0.4300"",""1625.36""],[""0.4400"",""484.32""]]"
2026-05-16T06:47:29.860Z,KXBTC15M-26MAY160300-00,BTC price up in next 15 mins?,KXBTC15M-26MAY160300,2026-05-16T07:00:00Z,active,0.74,0.75,0.25,0.26,0.745,0.74,52473.98,37127.30,251.0,2080.95,"[[""0.4200"",""201.00""],[""0.4300"",""337.00""],[""0.4400"",""776.00""],[""0.4500"",""389.00""],[""0.4600"",""1713.00""],[""0.4700"",""159.00""],[""0.4800"",""542.00""],[""0.4900"",""1165.00""],[""0.5000"",""2397.00""],[""0.5100"",""251.00""]]","[[""0.3900"",""125.00""],[""0.4000"",""135.00""],[""0.4100"",""150.00""],[""0.4200"",""125.00""],[""0.4300"",""275.00""],[""0.4400"",""535.00""],[""0.4500"",""129.00""],[""0.4600"",""1135.00""],[""0.4700"",""129.00""],[""0.4800"",""2080.95""]]"
2026-05-16T06:47:31.846Z,KXBTC15M-26MAY160300-00,BTC price up in next 15 mins?,KXBTC15M-26MAY160300,2026-05-16T07:00:00Z,active,0.74,0.75,0.25,0.26,0.745,0.74,52473.98,37127.30,115.26,1942.59,"[[""0.4300"",""337.93""],[""0.4400"",""126.90""],[""0.4500"",""537.00""],[""0.4600"",""670.86""],[""0.4700"",""151.00""],[""0.4800"",""1668.00""],[""0.4900"",""175.00""],[""0.5000"",""2802.00""],[""0.5100"",""1305.68""],[""0.5200"",""115.26""]]","[[""0.3800"",""125.00""],[""0.3900"",""125.00""],[""0.4000"",""135.00""],[""0.4100"",""150.00""],[""0.4200"",""680.00""],[""0.4300"",""125.00""],[""0.4400"",""1137.65""],[""0.4500"",""125.00""],[""0.4600"",""201.00""],[""0.4700"",""1942.59""]]"
2026-05-16T06:47:33.858Z,KXBTC15M-26MAY160300-00,BTC price up in next 15 mins?,KXBTC15M-26MAY160300,2026-05-16T07:00:00Z,active,0.74,0.75,0.25,0.26,0.745,0.74,52473.98,37127.30,1217.52,560.0,"[[""0.4200"",""201.95""],[""0.4300"",""337.93""],[""0.4400"",""126.90""],[""0.4500"",""537.88""],[""0.4600"",""673.00""],[""0.4700"",""151.00""],[""0.4800"",""1668.00""],[""0.4900"",""567.00""],[""0.5000"",""2432.00""],[""0.5100"",""1217.52""]]","[[""0.3900"",""125.00""],[""0.4000"",""135.00""],[""0.4100"",""150.00""],[""0.4200"",""675.00""],[""0.4300"",""125.00""],[""0.4400"",""137.00""],[""0.4500"",""1325.65""],[""0.4600"",""130.00""],[""0.4700"",""1547.56""],[""0.4800"",""560.00""]]"
2026-05-16T06:47:35.836Z,KXBTC15M-26MAY160300-00,BTC price up in next 15 mins?,KXBTC15M-26MAY160300,2026-05-16T07:00:00Z,active,0.74,0.75,0.25,0.26,0.745,0.74,52473.98,37127.30,1257.69,376.73,"[[""0.4200"",""201.95""],[""0.4300"",""337.93""],[""0.4400"",""276.90""],[""0.4500"",""387.00""],[""0.4600"",""675.00""],[""0.4700"",""149.00""],[""0.4800"",""1820.00""],[""0.4900"",""565.00""],[""0.5000"",""2421.00""],[""0.5100"",""1257.69""]]","[[""0.3900"",""125.00""],[""0.4000"",""135.00""],[""0.4100"",""150.00""],[""0.4200"",""125.00""],[""0.4300"",""675.00""],[""0.4400"",""137.00""],[""0.4500"",""1325.65""],[""0.4600"",""132.00""],[""0.4700"",""1673.56""],[""0.4800"",""376.73""]]"
2026-05-16T06:47:37.834Z,KXBTC15M-26MAY160300-00,BTC price up in next 15 mins?,KXBTC15M-26MAY160300,2026-05-16T07:00:00Z,active,0.74,0.75,0.25,0.26,0.745,0.74,52473.98,37127.30,2719.31,575.0,"[[""0.4300"",""337.93""],[""0.4400"",""276.90""],[""0.4500"",""347.00""],[""0.4600"",""215.00""],[""0.4700"",""149.00""],[""0.4800"",""280.00""],[""0.4900"",""1065.00""],[""0.5000"",""2397.00""],[""0.5100"",""96.16""],[""0.5200"",""2719.31""]]","[[""0.3800"",""126.05""],[""0.3900"",""126.02""],[""0.4000"",""136.00""],[""0.4100"",""150.97""],[""0.4200"",""1125.65""],[""0.4300"",""2215.47""],[""0.4400"",""135.00""],[""0.4500"",""327.00""],[""0.4600"",""243.00""],[""0.4700"",""575.00""]]"
2026-05-16T06:47:39.848Z,KXBTC15M-26MAY160300-00,BTC price up in next 15 mins?,KXBTC15M-26MAY160300,2026-05-16T07:00:00Z,active,0.52,0.53,0.47,0.48,0.525,0.53,69612.19,32666.83,1092.14,516.52,"[[""0.4300"",""337.93""],[""0.4400"",""126.90""],[""0.4500"",""513.64""],[""0.4600"",""215.00""],[""0.4700"",""649.00""],[""0.4800"",""278.00""],[""0.4900"",""167.00""],[""0.5000"",""4337.00""],[""0.5100"",""176.16""],[""0.5200"",""1092.14""]]","[[""0.3800"",""126.05""],[""0.3900"",""126.02""],[""0.4000"",""136.00""],[""0.4100"",""150.00""],[""0.4200"",""675.00""],[""0.4300"",""125.00""],[""0.4400"",""1137.65""],[""0.4500"",""1865.47""],[""0.4600"",""309.00""],[""0.4700"",""516.52""]]"
2026-05-16T06:47:41.832Z,KXBTC15M-26MAY160300-00,BTC price up in next 15 mins?,KXBTC15M-26MAY160300,2026-05-16T07:00:00Z,active,0.52,0.53,0.47,0.48,0.525,0.53,69612.19,32666.83,168.5,575.0,"[[""0.4700"",""125.00""],[""0.4800"",""428.00""],[""0.4900"",""205.00""],[""0.5000"",""2397.00""],[""0.5100"",""88.16""],[""0.5200"",""259.00""],[""0.5300"",""636.00""],[""0.5400"",""2795.51""],[""0.5500"",""535.00""],[""0.5600"",""168.50""]]","[[""0.3400"",""126.17""],[""0.3500"",""131.14""],[""0.3600"",""136.11""],[""0.3700"",""126.08""],[""0.3800"",""526.05""],[""0.3900"",""2830.14""],[""0.4000"",""136.00""],[""0.4100"",""128.00""],[""0.4200"",""219.00""],[""0.4300"",""575.00""]]"
2026-05-16T06:47:43.840Z,KXBTC15M-26MAY160300-00,BTC price up in next 15 mins?,KXBTC15M-26MAY160300,2026-05-16T07:00:00Z,active,0.52,0.53,0.47,0.48,0.525,0.53,69612.19,32666.83,131.0,634.02,"[[""0.5100"",""126.16""],[""0.5200"",""125.00""],[""0.5300"",""136.00""],[""0.5400"",""125.00""],[""0.5500"",""88.48""],[""0.5600"",""125.00""],[""0.5700"",""1635.00""],[""0.5800"",""1940.70""],[""0.5900"",""8.00""],[""0.6000"",""131.00""]]","[[""0.3000"",""525.00""],[""0.3100"",""126.29""],[""0.3200"",""136.25""],[""0.3300"",""139.21""],[""0.3400"",""526.17""],[""0.3500"",""144.14""],[""0.3600"",""136.11""],[""0.3700"",""1666.08""],[""0.3800"",""1278.05""],[""0.3900"",""634.02""]]"
2026-05-16T06:47:45.838Z,KXBTC15M-26MAY160300-00,BTC price up in next 15 mins?,KXBTC15M-26MAY160300,2026-05-16T07:00:00Z,active,0.52,0.53,0.47,0.48,0.525,0.53,69612.19,32666.83,1321.0,500.0,"[[""0.5000"",""2397.00""],[""0.5100"",""364.16""],[""0.5200"",""167.00""],[""0.5300"",""136.00""],[""0.5400"",""200.00""],[""0.5500"",""81.48""],[""0.5600"",""1027.00""],[""0.5700"",""140.00""],[""0.5800"",""1673.26""],[""0.5900"",""1321.00""]]","[[""0.3100"",""166.29""],[""0.3200"",""136.25""],[""0.3300"",""139.21""],[""0.3400"",""201.17""],[""0.3500"",""134.14""],[""0.3600"",""686.11""],[""0.3700"",""2692.55""],[""0.3800"",""135.00""],[""0.3900"",""180.00""],[""0.4000"",""500.00""]]"
2026-05-16T06:47:47.838Z,KXBTC15M-26MAY160300-00,BTC price up in next 15 mins?,KXBTC15M-26MAY160300,2026-05-16T07:00:00Z,active,0.52,0.53,0.47,0.48,0.525,0.53,69612.19,32666.83,54.89,755.0,"[[""0.5100"",""364.16""],[""0.5200"",""167.00""],[""0.5300"",""213.00""],[""0.5400"",""125.00""],[""0.5500"",""81.48""],[""0.5600"",""527.00""],[""0.5700"",""640.00""],[""0.5800"",""1125.00""],[""0.5900"",""1805.92""],[""0.6000"",""54.89""]]","[[""0.3000"",""125.00""],[""0.3100"",""166.29""],[""0.3200"",""136.25""],[""0.3300"",""139.21""],[""0.3400"",""126.17""],[""0.3500"",""134.14""],[""0.3600"",""686.11""],[""0.3700"",""2691.47""],[""0.3800"",""510.00""],[""0.3900"",""755.00""]]"
2026-05-16T06:47:49.838Z,KXBTC15M-26MAY160300-00,BTC price up in next 15 mins?,KXBTC15M-26MAY160300,2026-05-16T07:00:00Z,active,0.52,0.53,0.47,0.48,0.525,0.53,69612.19,32666.83,96.59,718.27,"[[""0.5100"",""364.16""],[""0.5200"",""167.00""],[""0.5300"",""213.00""],[""0.5400"",""125.00""],[""0.5500"",""181.48""],[""0.5600"",""1027.00""],[""0.5700"",""140.00""],[""0.5800"",""1125.00""],[""0.5900"",""1811.92""],[""0.6000"",""96.59""]]","[[""0.3000"",""125.00""],[""0.3100"",""166.29""],[""0.3200"",""136.25""],[""0.3300"",""139.21""],[""0.3400"",""125.00""],[""0.3500"",""133.00""],[""0.3600"",""685.00""],[""0.3700"",""1691.00""],[""0.3800"",""1215.47""],[""0.3900"",""718.27""]]"
2026-05-16T06:47:51.834Z,KXBTC15M-26MAY160300-00,BTC price up in next 15 mins?,KXBTC15M-26MAY160300,2026-05-16T07:00:00Z,active,0.52,0.53,0.47,0.48,0.525,0.53,69612.19,32666.83,275.59,14.88,"[[""0.5000"",""2437.00""],[""0.5100"",""367.16""],[""0.5200"",""127.00""],[""0.5300"",""211.00""],[""0.5400"",""125.00""],[""0.5500"",""183.48""],[""0.5600"",""525.00""],[""0.5700"",""635.00""],[""0.5800"",""2673.26""],[""0.5900"",""275.59""]]","[[""0.3100"",""165.00""],[""0.3200"",""135.00""],[""0.3300"",""138.00""],[""0.3400"",""125.00""],[""0.3500"",""128.00""],[""0.3600"",""2225.00""],[""0.3700"",""1189.47""],[""0.3800"",""177.00""],[""0.3900"",""473.85""],[""0.4000"",""14.88""]]"
2026-05-16T06:47:53.837Z,KXBTC15M-26MAY160300-00,BTC price up in next 15 mins?,KXBTC15M-26MAY160300,2026-05-16T07:00:00Z,active,0.52,0.53,0.47,0.48,0.525,0.53,69612.19,32666.83,2938.85,1.08,"[[""0.5000"",""2397.00""],[""0.5100"",""405.16""],[""0.5200"",""127.00""],[""0.5300"",""138.00""],[""0.5400"",""132.00""],[""0.5500"",""183.48""],[""0.5600"",""525.00""],[""0.5700"",""635.00""],[""0.5800"",""133.00""],[""0.5900"",""2938.85""]]","[[""0.3100"",""125.00""],[""0.3200"",""175.00""],[""0.3300"",""138.00""],[""0.3400"",""200.00""],[""0.3500"",""128.00""],[""0.3600"",""2225.00""],[""0.3700"",""1199.47""],[""0.3800"",""142.00""],[""0.3900"",""705.33""],[""0.4000"",""1.08""]]"
2026-05-16T06:47:55.840Z,KXBTC15M-26MAY160300-00,BTC price up in next 15 mins?,KXBTC15M-26MAY160300,2026-05-16T07:00:00Z,active,0.52,0.53,0.47,0.48,0.525,0.53,69612.19,32666.83,126.0,2141.0,"[[""0.4500"",""358.76""],[""0.4600"",""201.00""],[""0.4700"",""525.00""],[""0.4800"",""785.00""],[""0.4900"",""170.00""],[""0.5000"",""3937.00""],[""0.5100"",""1775.16""],[""0.5200"",""125.00""],[""0.5300"",""136.00""],[""0.5400"",""126.00""]]","[[""0.3600"",""285.00""],[""0.3700"",""149.00""],[""0.3800"",""38.89""],[""0.3900"",""25.98""],[""0.4000"",""135.00""],[""0.4100"",""1525.47""],[""0.4200"",""125.00""],[""0.4300"",""125.00""],[""0.4400"",""125.00""],[""0.4500"",""2141.00""]]"
2026-05-16T06:47:57.840Z,KXBTC15M-26MAY160300-00,BTC price up in next 15 mins?,KXBTC15M-26MAY160300,2026-05-16T07:00:00Z,active,0.52,0.53,0.47,0.48,0.525,0.53,69612.19,32666.83,222.16,1259.93,"[[""0.4200"",""126.00""],[""0.4300"",""337.00""],[""0.4400"",""166.00""],[""0.4500"",""1039.76""],[""0.4600"",""163.00""],[""0.4700"",""1665.00""],[""0.4800"",""1685.00""],[""0.4900"",""196.00""],[""0.5000"",""2407.00""],[""0.5100"",""222.16""]]","[[""0.3900"",""23.98""],[""0.4000"",""135.00""],[""0.4100"",""125.00""],[""0.4200"",""275.00""],[""0.4300"",""149.00""],[""0.4400"",""537.00""],[""0.4500"",""125.00""],[""0.4600"",""125.00""],[""0.4700"",""1680.00""],[""0.4800"",""1259.93""]]"
2026-05-16T06:47:59.846Z,KXBTC15M-26MAY160300-00,BTC price up in next 15 mins?,KXBTC15M-26MAY160300,2026-05-16T07:00:00Z,active,0.52,0.53,0.47,0.48,0.525,0.53,69612.19,32666.83,2048.61,589.78,"[[""0.4100"",""394.00""],[""0.4200"",""126.95""],[""0.4300"",""952.93""],[""0.4400"",""128.90""],[""0.4500"",""537.76""],[""0.4600"",""161.00""],[""0.4700"",""125.00""],[""0.4800"",""3227.00""],[""0.4900"",""165.00""],[""0.5000"",""2048.61""]]","[[""0.4000"",""135.00""],[""0.4100"",""131.00""],[""0.4200"",""276.00""],[""0.4300"",""149.00""],[""0.4400"",""535.00""],[""0.4500"",""127.00""],[""0.4600"",""125.00""],[""0.4700"",""1670.00""],[""0.4800"",""1118.95""],[""0.4900"",""589.78""]]"
2026-05-16T06:48:01.851Z,KXBTC15M-26MAY160300-00,BTC price up in next 15 mins?,KXBTC15M-26MAY160300,2026-05-16T07:00:00Z,active,0.52,0.53,0.47,0.48,0.525,0.53,69612.19,32666.83,1814.52,3264.12,"[[""0.4100"",""394.00""],[""0.4200"",""318.95""],[""0.4300"",""912.93""],[""0.4400"",""126.00""],[""0.4500"",""1765.76""],[""0.4600"",""1701.00""],[""0.4700"",""125.00""],[""0.4800"",""308.00""],[""0.4900"",""180.00""],[""0.5000"",""1814.52""]]","[[""0.4000"",""145.00""],[""0.4100"",""505.00""],[""0.4200"",""126.00""],[""0.4300"",""125.00""],[""0.4400"",""135.00""],[""0.4500"",""275.00""],[""0.4600"",""149.00""],[""0.4700"",""533.00""],[""0.4800"",""153.00""],[""0.4900"",""3264.12""]]"
2026-05-16T06:48:03.839Z,KXBTC15M-26MAY160300-00,BTC price up in next 15 mins?,KXBTC15M-26MAY160300,2026-05-16T07:00:00Z,active,0.52,0.53,0.47,0.48,0.525,0.53,69612.19,32666.83,114.21,3894.9,"[[""0.3600"",""304.00""],[""0.3700"",""674.00""],[""0.3800"",""257.00""],[""0.3900"",""259.00""],[""0.4000"",""291.00""],[""0.4100"",""2934.97""],[""0.4200"",""126.95""],[""0.4300"",""852.93""],[""0.4400"",""126.00""],[""0.4500"",""114.21""]]","[[""0.4400"",""135.00""],[""0.4500"",""125.00""],[""0.4600"",""125.00""],[""0.4700"",""126.00""],[""0.4800"",""135.00""],[""0.4900"",""130.00""],[""0.5000"",""145.00""],[""0.5100"",""125.00""],[""0.5200"",""275.00""],[""0.5300"",""3894.90""]]"
2026-05-16T06:48:05.839Z,KXBTC15M-26MAY160300-00,BTC price up in next 15 mins?,KXBTC15M-26MAY160300,2026-05-16T07:00:00Z,active,0.52,0.53,0.47,0.48,0.525,0.53,69612.19,32666.83,11.0,3697.13,"[[""0.3500"",""272.00""],[""0.3600"",""266.00""],[""0.3700"",""824.00""],[""0.3800"",""259.00""],[""0.3900"",""1797.00""],[""0.4000"",""1274.00""],[""0.4100"",""409.97""],[""0.4200"",""126.95""],[""0.4300"",""842.00""],[""0.4400"",""11.00""]]","[[""0.4600"",""125.00""],[""0.4700"",""750.00""],[""0.4800"",""135.00""],[""0.4900"",""130.00""],[""0.5000"",""649.00""],[""0.5100"",""149.00""],[""0.5200"",""135.00""],[""0.5300"",""125.00""],[""0.5400"",""143.00""],[""0.5500"",""3697.13""]]"
2026-05-16T06:48:07.843Z,KXBTC15M-26MAY160300-00,BTC price up in next 15 mins?,KXBTC15M-26MAY160300,2026-05-16T07:00:00Z,active,0.52,0.53,0.47,0.48,0.525,0.53,69612.19,32666.83,268.0,500.0,"[[""0.4200"",""126.00""],[""0.4300"",""918.60""],[""0.4400"",""150.00""],[""0.4500"",""625.00""],[""0.4600"",""135.00""],[""0.4700"",""527.00""],[""0.4800"",""125.00""],[""0.4900"",""2665.00""],[""0.5000"",""200.00""],[""0.5100"",""268.00""]]","[[""0.3900"",""65.98""],[""0.4000"",""145.00""],[""0.4100"",""131.00""],[""0.4200"",""2741.00""],[""0.4300"",""125.00""],[""0.4400"",""145.00""],[""0.4500"",""125.00""],[""0.4600"",""125.00""],[""0.4700"",""77.00""],[""0.4800"",""500.00""]]"
2026-05-16T06:48:09.843Z,KXBTC15M-26MAY160300-00,BTC price up in next 15 mins?,KXBTC15M-26MAY160300,2026-05-16T07:00:00Z,active,0.52,0.53,0.47,0.48,0.525,0.53,69612.19,32666.83,1555.0,828.0,"[[""0.4100"",""394.00""],[""0.4200"",""126.00""],[""0.4300"",""1413.60""],[""0.4400"",""206.00""],[""0.4500"",""138.00""],[""0.4600"",""154.00""],[""0.4700"",""277.00""],[""0.4800"",""525.00""],[""0.4900"",""1105.08""],[""0.5000"",""1555.00""]]","[[""0.4000"",""305.00""],[""0.4100"",""127.00""],[""0.4200"",""126.00""],[""0.4300"",""130.00""],[""0.4400"",""135.00""],[""0.4500"",""1665.00""],[""0.4600"",""135.00""],[""0.4700"",""1126.00""],[""0.4800"",""143.00""],[""0.4900"",""828.00""]]"
2026-05-16T06:48:11.839Z,KXBTC15M-26MAY160300-00,BTC price up in next 15 mins?,KXBTC15M-26MAY160300,2026-05-16T07:00:00Z,active,0.5,0.51,0.49,0.5,0.505,0.49,89603.19,34791.15,80.0,794.02,"[[""0.3900"",""258.02""],[""0.4000"",""849.00""],[""0.4100"",""394.00""],[""0.4200"",""128.95""],[""0.4300"",""862.60""],[""0.4400"",""277.00""],[""0.4500"",""543.00""],[""0.4600"",""1135.00""],[""0.4700"",""1665.00""],[""0.4800"",""80.00""]]","[[""0.4200"",""126.00""],[""0.4300"",""392.81""],[""0.4400"",""135.00""],[""0.4500"",""132.00""],[""0.4600"",""125.00""],[""0.4700"",""155.00""],[""0.4800"",""1675.00""],[""0.4900"",""135.00""],[""0.5000"",""1133.00""],[""0.5100"",""794.02""]]"
2026-05-16T06:48:13.838Z,KXBTC15M-26MAY160300-00,BTC price up in next 15 mins?,KXBTC15M-26MAY160300,2026-05-16T07:00:00Z,active,0.5,0.51,0.49,0.5,0.505,0.49,89603.19,34791.15,1410.9,621.48,"[[""0.3800"",""322.05""],[""0.3900"",""258.02""],[""0.4000"",""850.00""],[""0.4100"",""396.00""],[""0.4200"",""128.00""],[""0.4300"",""858.60""],[""0.4400"",""681.00""],[""0.4500"",""1143.00""],[""0.4600"",""135.00""],[""0.4700"",""1410.90""]]","[[""0.4300"",""392.81""],[""0.4400"",""135.00""],[""0.4500"",""132.00""],[""0.4600"",""125.00""],[""0.4700"",""155.00""],[""0.4800"",""1675.00""],[""0.4900"",""205.00""],[""0.5000"",""126.00""],[""0.5100"",""1114.33""],[""0.5200"",""621.48""]]"
2026-05-16T06:48:15.846Z,KXBTC15M-26MAY160300-00,BTC price up in next 15 mins?,KXBTC15M-26MAY160300,2026-05-16T07:00:00Z,active,0.5,0.51,0.49,0.5,0.505,0.49,89603.19,34791.15,19.0,842.46,"[[""0.3600"",""765.11""],[""0.3700"",""275.08""],[""0.3800"",""322.05""],[""0.3900"",""260.02""],[""0.4000"",""374.00""],[""0.4100"",""1394.00""],[""0.4200"",""126.00""],[""0.4300"",""2775.90""],[""0.4400"",""269.00""],[""0.4500"",""19.00""]]","[[""0.4500"",""255.69""],[""0.4600"",""125.00""],[""0.4700"",""155.00""],[""0.4800"",""135.00""],[""0.4900"",""125.00""],[""0.5000"",""136.00""],[""0.5100"",""28.33""],[""0.5200"",""1675.00""],[""0.5300"",""1215.00""],[""0.5400"",""842.46""]]"
2026-05-16T06:48:17.847Z,KXBTC15M-26MAY160300-00,BTC price up in next 15 mins?,KXBTC15M-26MAY160300,2026-05-16T07:00:00Z,active,0.5,0.51,0.49,0.5,0.505,0.49,89603.19,34791.15,1681.15,586.0,"[[""0.4000"",""264.00""],[""0.4100"",""394.00""],[""0.4200"",""168.00""],[""0.4300"",""1398.60""],[""0.4400"",""125.00""],[""0.4500"",""290.74""],[""0.4600"",""525.00""],[""0.4700"",""125.00""],[""0.4800"",""1275.00""],[""0.4900"",""1681.15""]]","[[""0.4100"",""500.00""],[""0.4200"",""394.76""],[""0.4300"",""125.93""],[""0.4400"",""136.90""],[""0.4500"",""1676.88""],[""0.4600"",""135.00""],[""0.4700"",""1155.00""],[""0.4800"",""163.60""],[""0.4900"",""170.00""],[""0.5000"",""586.00""]]"
2026-05-16T06:48:19.842Z,KXBTC15M-26MAY160300-00,BTC price up in next 15 mins?,KXBTC15M-26MAY160300,2026-05-16T07:00:00Z,active,0.5,0.51,0.49,0.5,0.505,0.49,89603.19,34791.15,1384.88,647.41,"[[""0.4000"",""264.00""],[""0.4100"",""394.00""],[""0.4200"",""128.00""],[""0.4300"",""938.60""],[""0.4400"",""627.00""],[""0.4500"",""290.74""],[""0.4600"",""525.00""],[""0.4700"",""125.00""],[""0.4800"",""1145.00""],[""0.4900"",""1384.88""]]","[[""0.4100"",""617.81""],[""0.4200"",""276.95""],[""0.4300"",""126.93""],[""0.4400"",""135.90""],[""0.4500"",""1676.88""],[""0.4600"",""135.00""],[""0.4700"",""155.00""],[""0.4800"",""1145.00""],[""0.4900"",""188.95""],[""0.5000"",""647.41""]]"
2026-05-16T06:48:21.847Z,KXBTC15M-26MAY160300-00,BTC price up in next 15 mins?,KXBTC15M-26MAY160300,2026-05-16T07:00:00Z,active,0.5,0.51,0.49,0.5,0.505,0.49,89603.19,34791.15,1535.28,606.38,"[[""0.4000"",""264.00""],[""0.4100"",""394.00""],[""0.4200"",""126.00""],[""0.4300"",""898.60""],[""0.4400"",""667.00""],[""0.4500"",""288.74""],[""0.4600"",""127.00""],[""0.4700"",""525.00""],[""0.4800"",""1145.00""],[""0.4900"",""1535.28""]]","[[""0.4100"",""617.81""],[""0.4200"",""276.95""],[""0.4300"",""126.93""],[""0.4400"",""135.00""],[""0.4500"",""1676.00""],[""0.4600"",""175.00""],[""0.4700"",""155.00""],[""0.4800"",""1145.00""],[""0.4900"",""188.95""],[""0.5000"",""606.38""]]"
2026-05-16T06:48:23.847Z,KXBTC15M-26MAY160300-00,BTC price up in next 15 mins?,KXBTC15M-26MAY160300,2026-05-16T07:00:00Z,active,0.5,0.51,0.49,0.5,0.505,0.49,89603.19,34791.15,255.0,674.0,"[[""0.3700"",""275.08""],[""0.3800"",""882.05""],[""0.3900"",""257.00""],[""0.4000"",""266.00""],[""0.4100"",""396.97""],[""0.4200"",""276.95""],[""0.4300"",""940.60""],[""0.4400"",""1506.50""],[""0.4500"",""1714.60""],[""0.4600"",""255.00""]]","[[""0.4400"",""135.00""],[""0.4500"",""423.31""],[""0.4600"",""125.00""],[""0.4700"",""195.00""],[""0.4800"",""135.00""],[""0.4900"",""150.00""],[""0.5000"",""165.00""],[""0.5100"",""1665.00""],[""0.5200"",""1144.72""],[""0.5300"",""674.00""]]"
2026-05-16T06:48:25.852Z,KXBTC15M-26MAY160300-00,BTC price up in next 15 mins?,KXBTC15M-26MAY160300,2026-05-16T07:00:00Z,active,0.5,0.51,0.49,0.5,0.505,0.49,89603.19,34791.15,278.0,1691.49,"[[""0.3600"",""765.11""],[""0.3700"",""350.08""],[""0.3800"",""382.05""],[""0.3900"",""257.00""],[""0.4000"",""268.00""],[""0.4100"",""394.00""],[""0.4200"",""2816.86""],[""0.4300"",""1225.60""],[""0.4400"",""210.26""],[""0.4500"",""278.00""]]","[[""0.4500"",""422.31""],[""0.4600"",""126.00""],[""0.4700"",""155.00""],[""0.4800"",""135.00""],[""0.4900"",""150.00""],[""0.5000"",""125.00""],[""0.5100"",""125.00""],[""0.5200"",""1666.72""],[""0.5300"",""135.00""],[""0.5400"",""1691.49""]]"
2026-05-16T06:48:27.851Z,KXBTC15M-26MAY160300-00,BTC price up in next 15 mins?,KXBTC15M-26MAY160300,2026-05-16T07:00:00Z,active,0.5,0.51,0.49,0.5,0.505,0.49,89603.19,34791.15,1774.95,600.22,"[[""0.3500"",""271.14""],[""0.3600"",""265.11""],[""0.3700"",""775.08""],[""0.3800"",""456.00""],[""0.3900"",""304.00""],[""0.4000"",""265.00""],[""0.4100"",""394.00""],[""0.4200"",""306.00""],[""0.4300"",""2166.64""],[""0.4400"",""1774.95""]]","[[""0.4600"",""125.00""],[""0.4700"",""151.00""],[""0.4800"",""135.00""],[""0.4900"",""150.00""],[""0.5000"",""125.00""],[""0.5100"",""125.00""],[""0.5200"",""1666.72""],[""0.5300"",""1130.00""],[""0.5400"",""201.00""],[""0.5500"",""600.22""]]"
2026-05-16T06:48:29.846Z,KXBTC15M-26MAY160300-00,BTC price up in next 15 mins?,KXBTC15M-26MAY160300,2026-05-16T07:00:00Z,active,0.5,0.51,0.49,0.5,0.505,0.49,89603.19,34791.15,945.34,375.45,"[[""0.3400"",""136.17""],[""0.3500"",""771.14""],[""0.3600"",""265.11""],[""0.3700"",""274.00""],[""0.3800"",""357.00""],[""0.3900"",""304.00""],[""0.4000"",""1265.00""],[""0.4100"",""2486.86""],[""0.4200"",""154.00""],[""0.4300"",""945.34""]]","[[""0.4700"",""262.31""],[""0.4800"",""136.00""],[""0.4900"",""150.00""],[""0.5000"",""125.00""],[""0.5100"",""125.00""],[""0.5200"",""126.72""],[""0.5300"",""130.00""],[""0.5400"",""1665.00""],[""0.5500"",""1229.00""],[""0.5600"",""375.45""]]"
2026-05-16T06:48:31.847Z,KXBTC15M-26MAY160300-00,BTC price up in next 15 mins?,KXBTC15M-26MAY160300,2026-05-16T07:00:00Z,active,0.5,0.51,0.49,0.5,0.505,0.49,89603.19,34791.15,829.34,492.81,"[[""0.3400"",""136.17""],[""0.3500"",""771.14""],[""0.3600"",""265.11""],[""0.3700"",""274.00""],[""0.3800"",""357.00""],[""0.3900"",""328.00""],[""0.4000"",""265.00""],[""0.4100"",""3486.86""],[""0.4200"",""216.00""],[""0.4300"",""829.34""]]","[[""0.4700"",""263.16""],[""0.4800"",""160.83""],[""0.4900"",""150.81""],[""0.5000"",""200.00""],[""0.5100"",""125.00""],[""0.5200"",""126.72""],[""0.5300"",""130.00""],[""0.5400"",""1665.00""],[""0.5500"",""1242.00""],[""0.5600"",""492.81""]]"
2026-05-16T06:48:33.837Z,KXBTC15M-26MAY160300-00,BTC price up in next 15 mins?,KXBTC15M-26MAY160300,2026-05-16T07:00:00Z,active,0.5,0.51,0.49,0.5,0.505,0.49,89603.19,34791.15,653.52,388.5,"[[""0.3400"",""136.17""],[""0.3500"",""771.14""],[""0.3600"",""265.11""],[""0.3700"",""349.00""],[""0.3800"",""359.00""],[""0.3900"",""326.00""],[""0.4000"",""417.00""],[""0.4100"",""3334.86""],[""0.4200"",""361.00""],[""0.4300"",""653.52""]]","[[""0.4700"",""276.85""],[""0.4800"",""296.14""],[""0.4900"",""151.81""],[""0.5000"",""125.00""],[""0.5100"",""127.00""],[""0.5200"",""126.72""],[""0.5300"",""130.00""],[""0.5400"",""1665.00""],[""0.5500"",""1327.00""],[""0.5600"",""388.50""]]"
2026-05-16T06:48:35.853Z,KXBTC15M-26MAY160300-00,BTC price up in next 15 mins?,KXBTC15M-26MAY160300,2026-05-16T07:00:00Z,active,0.5,0.51,0.49,0.5,0.505,0.49,89603.19,34791.15,99.7,398.49,"[[""0.3400"",""136.17""],[""0.3500"",""771.14""],[""0.3600"",""265.11""],[""0.3700"",""349.00""],[""0.3800"",""359.00""],[""0.3900"",""326.00""],[""0.4000"",""817.00""],[""0.4100"",""2934.86""],[""0.4200"",""346.00""],[""0.4300"",""99.70""]]","[[""0.4700"",""276.85""],[""0.4800"",""296.14""],[""0.4900"",""151.81""],[""0.5000"",""125.00""],[""0.5100"",""127.00""],[""0.5200"",""126.72""],[""0.5300"",""130.00""],[""0.5400"",""125.00""],[""0.5500"",""2840.00""],[""0.5600"",""398.49""]]"
2026-05-16T06:48:37.845Z,KXBTC15M-26MAY160300-00,BTC price up in next 15 mins?,KXBTC15M-26MAY160300,2026-05-16T07:00:00Z,active,0.5,0.51,0.49,0.5,0.505,0.49,89603.19,34791.15,1028.74,671.94,"[[""0.3500"",""371.14""],[""0.3600"",""765.11""],[""0.3700"",""274.00""],[""0.3800"",""359.00""],[""0.3900"",""328.00""],[""0.4000"",""265.00""],[""0.4100"",""546.00""],[""0.4200"",""3066.86""],[""0.4300"",""183.70""],[""0.4400"",""1028.74""]]","[[""0.4600"",""275.86""],[""0.4700"",""263.16""],[""0.4800"",""160.83""],[""0.4900"",""150.81""],[""0.5000"",""125.00""],[""0.5100"",""127.00""],[""0.5200"",""126.72""],[""0.5300"",""1130.85""],[""0.5400"",""1700.00""],[""0.5500"",""671.94""]]"
2026-05-16T06:48:39.844Z,KXBTC15M-26MAY160300-00,BTC price up in next 15 mins?,KXBTC15M-26MAY160300,2026-05-16T07:00:00Z,active,0.5,0.51,0.49,0.5,0.505,0.49,89603.19,34791.15,878.33,675.41,"[[""0.3500"",""371.14""],[""0.3600"",""765.11""],[""0.3700"",""275.08""],[""0.3800"",""359.00""],[""0.3900"",""328.00""],[""0.4000"",""267.00""],[""0.4100"",""396.00""],[""0.4200"",""3216.86""],[""0.4300"",""313.70""],[""0.4400"",""878.33""]]","[[""0.4600"",""262.17""],[""0.4700"",""126.85""],[""0.4800"",""160.83""],[""0.4900"",""225.00""],[""0.5000"",""125.00""],[""0.5100"",""127.00""],[""0.5200"",""126.72""],[""0.5300"",""130.00""],[""0.5400"",""2700.85""],[""0.5500"",""675.41""]]"
2026-05-16T06:48:41.842Z,KXBTC15M-26MAY160300-00,BTC price up in next 15 mins?,KXBTC15M-26MAY160300,2026-05-16T07:00:00Z,active,0.44,0.45,0.55,0.56,0.445,0.44,98912.05,34820.69,535.8,3232.63,"[[""0.3500"",""371.14""],[""0.3600"",""265.11""],[""0.3700"",""275.08""],[""0.3800"",""434.00""],[""0.3900"",""328.00""],[""0.4000"",""1805.86""],[""0.4100"",""1486.00""],[""0.4200"",""696.00""],[""0.4300"",""84.70""],[""0.4400"",""535.80""]]","[[""0.4600"",""262.17""],[""0.4700"",""126.85""],[""0.4800"",""160.83""],[""0.4900"",""150.00""],[""0.5000"",""125.00""],[""0.5100"",""127.00""],[""0.5200"",""126.72""],[""0.5300"",""130.00""],[""0.5400"",""133.00""],[""0.5500"",""3232.63""]]"
2026-05-16T06:48:43.835Z,KXBTC15M-26MAY160300-00,BTC price up in next 15 mins?,KXBTC15M-26MAY160300,2026-05-16T07:00:00Z,active,0.44,0.45,0.55,0.56,0.445,0.44,98912.05,34820.69,488.91,3308.09,"[[""0.3500"",""382.14""],[""0.3600"",""267.11""],[""0.3700"",""275.08""],[""0.3800"",""432.00""],[""0.3900"",""2378.86""],[""0.4000"",""1399.00""],[""0.4100"",""430.47""],[""0.4200"",""126.00""],[""0.4300"",""2.00""],[""0.4400"",""488.91""]]","[[""0.4600"",""165.86""],[""0.4700"",""126.85""],[""0.4800"",""309.83""],[""0.4900"",""286.31""],[""0.5000"",""126.00""],[""0.5100"",""127.00""],[""0.5200"",""126.72""],[""0.5300"",""130.00""],[""0.5400"",""125.00""],[""0.5500"",""3308.09""]]"
2026-05-16T06:48:45.840Z,KXBTC15M-26MAY160300-00,BTC price up in next 15 mins?,KXBTC15M-26MAY160300,2026-05-16T07:00:00Z,active,0.44,0.45,0.55,0.56,0.445,0.44,98912.05,34820.69,22.0,1070.78,"[[""0.3300"",""146.21""],[""0.3400"",""136.17""],[""0.3500"",""382.14""],[""0.3600"",""266.00""],[""0.3700"",""1815.94""],[""0.3800"",""834.00""],[""0.3900"",""1431.00""],[""0.4000"",""319.00""],[""0.4100"",""399.00""],[""0.4200"",""22.00""]]","[[""0.4800"",""309.83""],[""0.4900"",""150.00""],[""0.5000"",""261.31""],[""0.5100"",""133.00""],[""0.5200"",""126.72""],[""0.5300"",""125.00""],[""0.5400"",""125.00""],[""0.5500"",""125.00""],[""0.5600"",""1697.00""],[""0.5700"",""1070.78""]]"
2026-05-16T06:48:47.848Z,KXBTC15M-26MAY160300-00,BTC price up in next 15 mins?,KXBTC15M-26MAY160300,2026-05-16T07:00:00Z,active,0.44,0.45,0.55,0.56,0.445,0.44,98912.05,34820.69,60.75,2247.56,"[[""0.3300"",""146.21""],[""0.3400"",""136.17""],[""0.3500"",""382.14""],[""0.3600"",""266.00""],[""0.3700"",""276.00""],[""0.3800"",""1974.86""],[""0.3900"",""911.00""],[""0.4000"",""1325.20""],[""0.4100"",""432.00""],[""0.4200"",""60.75""]]","[[""0.4800"",""309.83""],[""0.4900"",""287.12""],[""0.5000"",""126.80""],[""0.5100"",""132.00""],[""0.5200"",""126.72""],[""0.5300"",""125.00""],[""0.5400"",""125.00""],[""0.5500"",""125.00""],[""0.5600"",""1166.28""],[""0.5700"",""2247.56""]]"
2026-05-16T06:48:49.843Z,KXBTC15M-26MAY160300-00,BTC price up in next 15 mins?,KXBTC15M-26MAY160300,2026-05-16T07:00:00Z,active,0.44,0.45,0.55,0.56,0.445,0.44,98912.05,34820.69,369.22,2264.15,"[[""0.3200"",""626.25""],[""0.3300"",""146.21""],[""0.3400"",""136.17""],[""0.3500"",""458.00""],[""0.3600"",""266.00""],[""0.3700"",""2216.86""],[""0.3800"",""507.00""],[""0.3900"",""376.00""],[""0.4000"",""1294.00""],[""0.4100"",""369.22""]]","[[""0.4900"",""300.81""],[""0.5000"",""262.11""],[""0.5100"",""125.00""],[""0.5200"",""127.72""],[""0.5300"",""130.00""],[""0.5400"",""125.00""],[""0.5500"",""1127.28""],[""0.5600"",""135.00""],[""0.5700"",""140.00""],[""0.5800"",""2264.15""]]"
2026-05-16T06:48:51.849Z,KXBTC15M-26MAY160300-00,BTC price up in next 15 mins?,KXBTC15M-26MAY160300,2026-05-16T07:00:00Z,active,0.44,0.45,0.55,0.56,0.445,0.44,98912.05,34820.69,350.0,2249.33,"[[""0.3200"",""126.25""],[""0.3300"",""146.21""],[""0.3400"",""136.17""],[""0.3500"",""458.00""],[""0.3600"",""266.00""],[""0.3700"",""1814.86""],[""0.3800"",""759.00""],[""0.3900"",""1476.00""],[""0.4000"",""295.20""],[""0.4100"",""350.00""]]","[[""0.4900"",""150.81""],[""0.5000"",""262.11""],[""0.5100"",""126.78""],[""0.5200"",""126.72""],[""0.5300"",""130.00""],[""0.5400"",""125.00""],[""0.5500"",""127.00""],[""0.5600"",""1135.28""],[""0.5700"",""158.00""],[""0.5800"",""2249.33""]]"
2026-05-16T06:48:53.834Z,KXBTC15M-26MAY160300-00,BTC price up in next 15 mins?,KXBTC15M-26MAY160300,2026-05-16T07:00:00Z,active,0.44,0.45,0.55,0.56,0.445,0.44,98912.05,34820.69,2717.36,568.0,"[[""0.3400"",""136.17""],[""0.3500"",""381.00""],[""0.3600"",""264.00""],[""0.3700"",""849.00""],[""0.3800"",""397.00""],[""0.3900"",""283.00""],[""0.4000"",""305.00""],[""0.4100"",""294.53""],[""0.4200"",""442.89""],[""0.4300"",""2717.36""]]","[[""0.4700"",""127.85""],[""0.4800"",""135.83""],[""0.4900"",""150.81""],[""0.5000"",""125.80""],[""0.5100"",""130.78""],[""0.5200"",""2667.00""],[""0.5300"",""155.00""],[""0.5400"",""125.00""],[""0.5500"",""23.00""],[""0.5600"",""568.00""]]"
2026-05-16T06:48:55.837Z,KXBTC15M-26MAY160300-00,BTC price up in next 15 mins?,KXBTC15M-26MAY160300,2026-05-16T07:00:00Z,active,0.44,0.45,0.55,0.56,0.445,0.44,98912.05,34820.69,3032.37,391.99,"[[""0.3400"",""136.17""],[""0.3500"",""382.14""],[""0.3600"",""265.11""],[""0.3700"",""774.00""],[""0.3800"",""357.00""],[""0.3900"",""283.00""],[""0.4000"",""307.00""],[""0.4100"",""294.53""],[""0.4200"",""582.89""],[""0.4300"",""3032.37""]]","[[""0.4700"",""126.85""],[""0.4800"",""136.83""],[""0.4900"",""150.81""],[""0.5000"",""125.00""],[""0.5100"",""130.00""],[""0.5200"",""1666.72""],[""0.5300"",""1135.28""],[""0.5400"",""178.00""],[""0.5500"",""2.00""],[""0.5600"",""391.99""]]"
2026-05-16T06:48:57.840Z,KXBTC15M-26MAY160300-00,BTC price up in next 15 mins?,KXBTC15M-26MAY160300,2026-05-16T07:00:00Z,active,0.44,0.45,0.55,0.56,0.445,0.44,98912.05,34820.69,329.53,665.0,"[[""0.3200"",""630.25""],[""0.3300"",""520.21""],[""0.3400"",""136.17""],[""0.3500"",""382.14""],[""0.3600"",""305.11""],[""0.3700"",""1349.00""],[""0.3800"",""1897.00""],[""0.3900"",""699.00""],[""0.4000"",""265.00""],[""0.4100"",""329.53""]]","[[""0.4900"",""150.81""],[""0.5000"",""261.31""],[""0.5100"",""130.00""],[""0.5200"",""126.72""],[""0.5300"",""135.00""],[""0.5400"",""125.00""],[""0.5500"",""127.00""],[""0.5600"",""2715.28""],[""0.5700"",""491.00""],[""0.5800"",""665.00""]]"
2026-05-16T06:48:59.846Z,KXBTC15M-26MAY160300-00,BTC price up in next 15 mins?,KXBTC15M-26MAY160300,2026-05-16T07:00:00Z,active,0.44,0.45,0.55,0.56,0.445,0.44,98912.05,34820.69,186.53,3344.84,"[[""0.3200"",""130.25""],[""0.3300"",""146.21""],[""0.3400"",""160.17""],[""0.3500"",""383.00""],[""0.3600"",""1846.00""],[""0.3700"",""901.00""],[""0.3800"",""1357.00""],[""0.3900"",""272.00""],[""0.4000"",""265.00""],[""0.4100"",""186.53""]]","[[""0.4900"",""150.81""],[""0.5000"",""275.00""],[""0.5100"",""261.31""],[""0.5200"",""127.72""],[""0.5300"",""154.00""],[""0.5400"",""125.00""],[""0.5500"",""127.00""],[""0.5600"",""198.00""],[""0.5700"",""126.00""],[""0.5800"",""3344.84""]]"
2026-05-16T06:49:01.850Z,KXBTC15M-26MAY160300-00,BTC price up in next 15 mins?,KXBTC15M-26MAY160300,2026-05-16T07:00:00Z,active,0.44,0.45,0.55,0.56,0.445,0.44,98912.05,34820.69,150.0,2034.57,"[[""0.3100"",""240.29""],[""0.3200"",""126.25""],[""0.3300"",""146.21""],[""0.3400"",""161.00""],[""0.3500"",""2073.00""],[""0.3600"",""1706.00""],[""0.3700"",""349.00""],[""0.3800"",""372.00""],[""0.3900"",""257.00""],[""0.4000"",""150.00""]]","[[""0.5000"",""125.80""],[""0.5100"",""125.78""],[""0.5200"",""413.03""],[""0.5300"",""150.00""],[""0.5400"",""130.00""],[""0.5500"",""127.00""],[""0.5600"",""135.00""],[""0.5700"",""126.00""],[""0.5800"",""1150.00""],[""0.5900"",""2034.57""]]"
2026-05-16T06:49:03.845Z,KXBTC15M-26MAY160300-00,BTC price up in next 15 mins?,KXBTC15M-26MAY160300,2026-05-16T07:00:00Z,active,0.44,0.45,0.55,0.56,0.445,0.44,98912.05,34820.69,141.12,2302.76,"[[""0.3100"",""740.29""],[""0.3200"",""126.25""],[""0.3300"",""146.21""],[""0.3400"",""161.00""],[""0.3500"",""483.00""],[""0.3600"",""2396.00""],[""0.3700"",""389.00""],[""0.3800"",""1372.00""],[""0.3900"",""257.00""],[""0.4000"",""141.12""]]","[[""0.5000"",""125.80""],[""0.5100"",""275.78""],[""0.5200"",""263.79""],[""0.5300"",""150.00""],[""0.5400"",""130.00""],[""0.5500"",""127.00""],[""0.5600"",""135.00""],[""0.5700"",""144.00""],[""0.5800"",""1150.00""],[""0.5900"",""2302.76""]]"
2026-05-16T06:49:05.847Z,KXBTC15M-26MAY160300-00,BTC price up in next 15 mins?,KXBTC15M-26MAY160300,2026-05-16T07:00:00Z,active,0.44,0.45,0.55,0.56,0.445,0.44,98912.05,34820.69,218.23,712.58,"[[""0.3000"",""690.33""],[""0.3100"",""240.29""],[""0.3200"",""126.25""],[""0.3300"",""145.00""],[""0.3400"",""161.00""],[""0.3500"",""618.00""],[""0.3600"",""2244.00""],[""0.3700"",""1519.00""],[""0.3800"",""388.00""],[""0.3900"",""218.23""]]","[[""0.5100"",""125.78""],[""0.5200"",""413.79""],[""0.5300"",""150.00""],[""0.5400"",""130.00""],[""0.5500"",""125.00""],[""0.5600"",""135.00""],[""0.5700"",""144.00""],[""0.5800"",""1142.00""],[""0.5900"",""1678.37""],[""0.6000"",""712.58""]]"
2026-05-16T06:49:07.855Z,KXBTC15M-26MAY160300-00,BTC price up in next 15 mins?,KXBTC15M-26MAY160300,2026-05-16T07:00:00Z,active,0.44,0.45,0.55,0.56,0.445,0.44,98912.05,34820.69,253.75,736.22,"[[""0.3000"",""190.33""],[""0.3100"",""240.29""],[""0.3200"",""126.25""],[""0.3300"",""145.00""],[""0.3400"",""161.00""],[""0.3500"",""618.00""],[""0.3600"",""2204.00""],[""0.3700"",""1354.00""],[""0.3800"",""388.00""],[""0.3900"",""253.75""]]","[[""0.5100"",""125.78""],[""0.5200"",""413.79""],[""0.5300"",""149.75""],[""0.5400"",""206.00""],[""0.5500"",""125.00""],[""0.5600"",""135.00""],[""0.5700"",""144.00""],[""0.5800"",""1142.00""],[""0.5900"",""1696.37""],[""0.6000"",""736.22""]]"
2026-05-16T06:49:09.844Z,KXBTC15M-26MAY160300-00,BTC price up in next 15 mins?,KXBTC15M-26MAY160300,2026-05-16T07:00:00Z,active,0.44,0.45,0.55,0.56,0.445,0.44,98912.05,34820.69,176.75,683.91,"[[""0.3000"",""190.33""],[""0.3100"",""240.29""],[""0.3200"",""126.25""],[""0.3300"",""220.00""],[""0.3400"",""161.00""],[""0.3500"",""470.00""],[""0.3600"",""2354.00""],[""0.3700"",""1314.00""],[""0.3800"",""428.00""],[""0.3900"",""176.75""]]","[[""0.5100"",""275.78""],[""0.5200"",""263.79""],[""0.5300"",""150.75""],[""0.5400"",""130.00""],[""0.5500"",""125.00""],[""0.5600"",""135.00""],[""0.5700"",""144.00""],[""0.5800"",""1142.00""],[""0.5900"",""1696.37""],[""0.6000"",""683.91""]]"
2026-05-16T06:49:11.840Z,KXBTC15M-26MAY160300-00,BTC price up in next 15 mins?,KXBTC15M-26MAY160300,2026-05-16T07:00:00Z,active,0.39,0.4,0.6,0.61,0.395,0.4,108094.49,39003.19,62.7,517.98,"[[""0.3000"",""190.33""],[""0.3100"",""240.29""],[""0.3200"",""126.25""],[""0.3300"",""220.00""],[""0.3400"",""161.00""],[""0.3500"",""718.00""],[""0.3600"",""664.00""],[""0.3700"",""1814.00""],[""0.3800"",""1582.00""],[""0.3900"",""62.70""]]","[[""0.5100"",""125.78""],[""0.5200"",""413.79""],[""0.5300"",""149.75""],[""0.5400"",""131.00""],[""0.5500"",""125.00""],[""0.5600"",""135.00""],[""0.5700"",""144.00""],[""0.5800"",""1142.00""],[""0.5900"",""1696.37""],[""0.6000"",""517.98""]]"
2026-05-16T06:49:13.840Z,KXBTC15M-26MAY160300-00,BTC price up in next 15 mins?,KXBTC15M-26MAY160300,2026-05-16T07:00:00Z,active,0.39,0.4,0.6,0.61,0.395,0.4,108094.49,39003.19,2665.31,579.0,"[[""0.3100"",""240.29""],[""0.3200"",""126.25""],[""0.3300"",""145.00""],[""0.3400"",""659.00""],[""0.3500"",""566.00""],[""0.3600"",""266.00""],[""0.3700"",""278.00""],[""0.3800"",""802.00""],[""0.3900"",""142.32""],[""0.4000"",""2665.31""]]","[[""0.5000"",""262.11""],[""0.5100"",""125.78""],[""0.5200"",""128.48""],[""0.5300"",""149.75""],[""0.5400"",""1205.00""],[""0.5500"",""1675.37""],[""0.5600"",""218.39""],[""0.5700"",""154.00""],[""0.5800"",""125.00""],[""0.5900"",""579.00""]]"
2026-05-16T06:49:15.842Z,KXBTC15M-26MAY160300-00,BTC price up in next 15 mins?,KXBTC15M-26MAY160300,2026-05-16T07:00:00Z,active,0.39,0.4,0.6,0.61,0.395,0.4,108094.49,39003.19,2785.2,652.0,"[[""0.3100"",""240.29""],[""0.3200"",""126.25""],[""0.3300"",""646.21""],[""0.3400"",""159.00""],[""0.3500"",""566.00""],[""0.3600"",""266.00""],[""0.3700"",""278.00""],[""0.3800"",""402.00""],[""0.3900"",""542.32""],[""0.4000"",""2785.20""]]","[[""0.5000"",""412.11""],[""0.5100"",""126.78""],[""0.5200"",""127.48""],[""0.5300"",""149.00""],[""0.5400"",""130.00""],[""0.5500"",""2675.37""],[""0.5600"",""191.00""],[""0.5700"",""154.00""],[""0.5800"",""125.00""],[""0.5900"",""652.00""]]"
2026-05-16T06:49:17.852Z,KXBTC15M-26MAY160300-00,BTC price up in next 15 mins?,KXBTC15M-26MAY160300,2026-05-16T07:00:00Z,active,0.39,0.4,0.6,0.61,0.395,0.4,108094.49,39003.19,2782.2,620.65,"[[""0.3100"",""240.29""],[""0.3200"",""126.25""],[""0.3300"",""646.21""],[""0.3400"",""159.00""],[""0.3500"",""566.00""],[""0.3600"",""266.00""],[""0.3700"",""276.00""],[""0.3800"",""402.00""],[""0.3900"",""542.32""],[""0.4000"",""2782.20""]]","[[""0.5000"",""412.11""],[""0.5100"",""126.78""],[""0.5200"",""127.48""],[""0.5300"",""149.00""],[""0.5400"",""130.00""],[""0.5500"",""1675.37""],[""0.5600"",""1172.39""],[""0.5700"",""154.00""],[""0.5800"",""125.00""],[""0.5900"",""620.65""]]"
2026-05-16T06:49:19.847Z,KXBTC15M-26MAY160300-00,BTC price up in next 15 mins?,KXBTC15M-26MAY160300,2026-05-16T07:00:00Z,active,0.39,0.4,0.6,0.61,0.395,0.4,108094.49,39003.19,193.68,272.71,"[[""0.3100"",""744.29""],[""0.3200"",""126.25""],[""0.3300"",""146.21""],[""0.3400"",""234.00""],[""0.3500"",""566.00""],[""0.3600"",""266.00""],[""0.3700"",""1426.00""],[""0.3800"",""802.00""],[""0.3900"",""1682.32""],[""0.4000"",""193.68""]]","[[""0.5000"",""422.11""],[""0.5100"",""126.78""],[""0.5200"",""127.48""],[""0.5300"",""149.00""],[""0.5400"",""130.00""],[""0.5500"",""125.00""],[""0.5600"",""1675.37""],[""0.5700"",""1164.00""],[""0.5800"",""152.00""],[""0.5900"",""272.71""]]"
2026-05-16T06:49:21.847Z,KXBTC15M-26MAY160300-00,BTC price up in next 15 mins?,KXBTC15M-26MAY160300,2026-05-16T07:00:00Z,active,0.39,0.4,0.6,0.61,0.395,0.4,108094.49,39003.19,1917.53,575.0,"[[""0.3100"",""244.29""],[""0.3200"",""626.25""],[""0.3300"",""146.21""],[""0.3400"",""159.00""],[""0.3500"",""566.00""],[""0.3600"",""266.00""],[""0.3700"",""428.00""],[""0.3800"",""802.00""],[""0.3900"",""1152.32""],[""0.4000"",""1917.53""]]","[[""0.5000"",""422.11""],[""0.5100"",""126.78""],[""0.5200"",""127.48""],[""0.5300"",""149.00""],[""0.5400"",""130.00""],[""0.5500"",""2665.37""],[""0.5600"",""155.00""],[""0.5700"",""144.00""],[""0.5800"",""160.00""],[""0.5900"",""575.00""]]"
2026-05-16T06:49:23.854Z,KXBTC15M-26MAY160300-00,BTC price up in next 15 mins?,KXBTC15M-26MAY160300,2026-05-16T07:00:00Z,active,0.39,0.4,0.6,0.61,0.395,0.4,108094.49,39003.19,136.0,210.0,"[[""0.3100"",""240.29""],[""0.3200"",""126.25""],[""0.3300"",""646.21""],[""0.3400"",""236.00""],[""0.3500"",""568.00""],[""0.3600"",""264.00""],[""0.3700"",""316.00""],[""0.3800"",""372.00""],[""0.3900"",""3082.85""],[""0.4000"",""136.00""]]","[[""0.4900"",""295.12""],[""0.5000"",""285.80""],[""0.5100"",""125.78""],[""0.5200"",""128.48""],[""0.5300"",""149.00""],[""0.5400"",""130.00""],[""0.5500"",""1125.00""],[""0.5600"",""1675.37""],[""0.5700"",""184.00""],[""0.5800"",""210.00""]]"
2026-05-16T06:49:25.847Z,KXBTC15M-26MAY160300-00,BTC price up in next 15 mins?,KXBTC15M-26MAY160300,2026-05-16T07:00:00Z,active,0.39,0.4,0.6,0.61,0.395,0.4,108094.49,39003.19,2673.09,579.0,"[[""0.3600"",""264.00""],[""0.3700"",""318.00""],[""0.3800"",""367.00""],[""0.3900"",""164.32""],[""0.4000"",""773.90""],[""0.4100"",""535.00""],[""0.4200"",""130.00""],[""0.4300"",""125.00""],[""0.4400"",""135.00""],[""0.4500"",""2673.09""]]","[[""0.4500"",""141.88""],[""0.4600"",""636.17""],[""0.4700"",""276.85""],[""0.4800"",""135.83""],[""0.4900"",""1159.81""],[""0.5000"",""130.80""],[""0.5100"",""1666.15""],[""0.5200"",""178.07""],[""0.5300"",""149.00""],[""0.5400"",""579.00""]]"
2026-05-16T06:49:27.848Z,KXBTC15M-26MAY160300-00,BTC price up in next 15 mins?,KXBTC15M-26MAY160300,2026-05-16T07:00:00Z,active,0.39,0.4,0.6,0.61,0.395,0.4,108094.49,39003.19,2730.55,182.38,"[[""0.3800"",""365.00""],[""0.3900"",""142.32""],[""0.4000"",""121.90""],[""0.4100"",""210.00""],[""0.4200"",""134.00""],[""0.4300"",""279.00""],[""0.4400"",""635.00""],[""0.4500"",""471.00""],[""0.4600"",""143.00""],[""0.4700"",""2730.55""]]","[[""0.4300"",""425.93""],[""0.4400"",""285.90""],[""0.4500"",""132.88""],[""0.4600"",""1666.23""],[""0.4700"",""126.00""],[""0.4800"",""1145.00""],[""0.4900"",""187.76""],[""0.5000"",""130.80""],[""0.5100"",""146.78""],[""0.5200"",""182.38""]]"
2026-05-16T06:49:29.850Z,KXBTC15M-26MAY160300-00,BTC price up in next 15 mins?,KXBTC15M-26MAY160300,2026-05-16T07:00:00Z,active,0.39,0.4,0.6,0.61,0.395,0.4,108094.49,39003.19,1633.78,550.9,"[[""0.3800"",""365.00""],[""0.3900"",""142.32""],[""0.4000"",""121.90""],[""0.4100"",""210.00""],[""0.4200"",""284.00""],[""0.4300"",""627.00""],[""0.4400"",""135.00""],[""0.4500"",""471.00""],[""0.4600"",""1151.51""],[""0.4700"",""1633.78""]]","[[""0.4300"",""562.24""],[""0.4400"",""135.90""],[""0.4500"",""281.88""],[""0.4600"",""126.00""],[""0.4700"",""1666.37""],[""0.4800"",""165.00""],[""0.4900"",""1158.00""],[""0.5000"",""159.80""],[""0.5100"",""143.00""],[""0.5200"",""550.90""]]"
2026-05-16T06:49:31.839Z,KXBTC15M-26MAY160300-00,BTC price up in next 15 mins?,KXBTC15M-26MAY160300,2026-05-16T07:00:00Z,active,0.39,0.4,0.6,0.61,0.395,0.4,108094.49,39003.19,1716.17,112.46,"[[""0.3800"",""366.05""],[""0.3900"",""143.34""],[""0.4000"",""122.90""],[""0.4100"",""212.00""],[""0.4200"",""132.00""],[""0.4300"",""777.00""],[""0.4400"",""135.00""],[""0.4500"",""496.00""],[""0.4600"",""1125.51""],[""0.4700"",""1716.17""]]","[[""0.4300"",""562.24""],[""0.4400"",""285.90""],[""0.4500"",""132.88""],[""0.4600"",""125.00""],[""0.4700"",""126.00""],[""0.4800"",""1685.37""],[""0.4900"",""158.00""],[""0.5000"",""1159.00""],[""0.5100"",""125.00""],[""0.5200"",""112.46""]]"
2026-05-16T06:49:33.850Z,KXBTC15M-26MAY160300-00,BTC price up in next 15 mins?,KXBTC15M-26MAY160300,2026-05-16T07:00:00Z,active,0.39,0.4,0.6,0.61,0.395,0.4,108094.49,39003.19,145.0,480.06,"[[""0.3300"",""146.21""],[""0.3400"",""136.17""],[""0.3500"",""1142.14""],[""0.3600"",""331.11""],[""0.3700"",""429.08""],[""0.3800"",""366.05""],[""0.3900"",""1545.85""],[""0.4000"",""122.90""],[""0.4100"",""1685.23""],[""0.4200"",""145.00""]]","[[""0.4800"",""135.00""],[""0.4900"",""158.00""],[""0.5000"",""417.31""],[""0.5100"",""125.00""],[""0.5200"",""149.00""],[""0.5300"",""195.98""],[""0.5400"",""1690.37""],[""0.5500"",""144.00""],[""0.5600"",""1165.02""],[""0.5700"",""480.06""]]"
2026-05-16T06:49:35.855Z,KXBTC15M-26MAY160300-00,BTC price up in next 15 mins?,KXBTC15M-26MAY160300,2026-05-16T07:00:00Z,active,0.39,0.4,0.6,0.61,0.395,0.4,108094.49,39003.19,5.33,3282.79,"[[""0.3300"",""646.21""],[""0.3400"",""136.17""],[""0.3500"",""682.14""],[""0.3600"",""288.00""],[""0.3700"",""3368.74""],[""0.3800"",""367.00""],[""0.3900"",""142.32""],[""0.4000"",""121.90""],[""0.4100"",""38.00""],[""0.4200"",""5.33""]]","[[""0.4800"",""135.00""],[""0.4900"",""158.00""],[""0.5000"",""280.00""],[""0.5100"",""264.31""],[""0.5200"",""149.00""],[""0.5300"",""120.98""],[""0.5400"",""151.00""],[""0.5500"",""125.00""],[""0.5600"",""149.00""],[""0.5700"",""3282.79""]]"
2026-05-16T06:49:37.850Z,KXBTC15M-26MAY160300-00,BTC price up in next 15 mins?,KXBTC15M-26MAY160300,2026-05-16T07:00:00Z,active,0.39,0.4,0.6,0.61,0.395,0.4,108094.49,39003.19,141.0,3254.96,"[[""0.3100"",""236.29""],[""0.3200"",""128.25""],[""0.3300"",""148.21""],[""0.3400"",""291.17""],[""0.3500"",""1008.00""],[""0.3600"",""2828.74""],[""0.3700"",""293.47""],[""0.3800"",""365.00""],[""0.3900"",""171.32""],[""0.4000"",""141.00""]]","[[""0.5000"",""125.00""],[""0.5100"",""125.00""],[""0.5200"",""149.00""],[""0.5300"",""407.29""],[""0.5400"",""152.00""],[""0.5500"",""125.00""],[""0.5600"",""135.00""],[""0.5700"",""150.00""],[""0.5800"",""194.25""],[""0.5900"",""3254.96""]]"
2026-05-16T06:49:39.841Z,KXBTC15M-26MAY160300-00,BTC price up in next 15 mins?,KXBTC15M-26MAY160300,2026-05-16T07:00:00Z,active,0.39,0.4,0.6,0.61,0.395,0.4,108094.49,39003.19,283.0,1968.6,"[[""0.2800"",""839.42""],[""0.2900"",""214.61""],[""0.3000"",""192.33""],[""0.3100"",""260.29""],[""0.3200"",""316.25""],[""0.3300"",""548.21""],[""0.3400"",""1675.23""],[""0.3500"",""1576.51""],[""0.3600"",""264.00""],[""0.3700"",""283.00""]]","[[""0.5300"",""120.98""],[""0.5400"",""151.00""],[""0.5500"",""411.31""],[""0.5600"",""136.00""],[""0.5700"",""150.00""],[""0.5800"",""91.25""],[""0.5900"",""149.00""],[""0.6000"",""152.00""],[""0.6100"",""1288.84""],[""0.6200"",""1968.60""]]"
2026-05-16T06:49:41.853Z,KXBTC15M-26MAY160300-00,BTC price up in next 15 mins?,KXBTC15M-26MAY160300,2026-05-16T07:00:00Z,active,0.37,0.38,0.62,0.63,0.375,0.38,118610.65,42681.38,270.0,3165.36,"[[""0.2700"",""252.15""],[""0.2800"",""416.42""],[""0.2900"",""177.61""],[""0.3000"",""189.00""],[""0.3100"",""2351.23""],[""0.3200"",""125.00""],[""0.3300"",""1145.51""],[""0.3400"",""135.00""],[""0.3500"",""576.00""],[""0.3600"",""270.00""]]","[[""0.5400"",""161.00""],[""0.5500"",""125.00""],[""0.5600"",""285.00""],[""0.5700"",""287.31""],[""0.5800"",""91.25""],[""0.5900"",""149.00""],[""0.6000"",""125.00""],[""0.6100"",""171.45""],[""0.6200"",""135.00""],[""0.6300"",""3165.36""]]"
2026-05-16T06:49:43.837Z,KXBTC15M-26MAY160300-00,BTC price up in next 15 mins?,KXBTC15M-26MAY160300,2026-05-16T07:00:00Z,active,0.37,0.38,0.62,0.63,0.375,0.38,118610.65,42681.38,280.47,125.0,"[[""0.1100"",""376.34""],[""0.1200"",""1140.31""],[""0.1300"",""135.00""],[""0.1400"",""1201.57""],[""0.1500"",""525.92""],[""0.1600"",""251.48""],[""0.1700"",""153.00""],[""0.1800"",""125.00""],[""0.1900"",""144.00""],[""0.2000"",""280.47""]]","[[""0.6500"",""125.00""],[""0.6600"",""125.00""],[""0.6700"",""150.00""],[""0.6800"",""125.00""],[""0.6900"",""125.00""],[""0.7000"",""125.00""],[""0.7100"",""150.00""],[""0.7200"",""2665.00""],[""0.7300"",""125.00""],[""0.7400"",""125.00""]]"
2026-05-16T06:49:45.858Z,KXBTC15M-26MAY160300-00,BTC price up in next 15 mins?,KXBTC15M-26MAY160300,2026-05-16T07:00:00Z,active,0.37,0.38,0.62,0.63,0.375,0.38,118610.65,42681.38,75.0,3603.79,"[[""0.0940"",""125.00""],[""0.0960"",""125.00""],[""0.0980"",""125.00""],[""0.1000"",""2258.00""],[""0.1100"",""371.34""],[""0.1200"",""2070.00""],[""0.1300"",""1125.00""],[""0.1400"",""800.00""],[""0.1500"",""305.00""],[""0.1600"",""75.00""]]","[[""0.7300"",""499.00""],[""0.7400"",""149.00""],[""0.7500"",""150.00""],[""0.7600"",""125.00""],[""0.7700"",""125.00""],[""0.7800"",""125.00""],[""0.7900"",""150.00""],[""0.8000"",""131.00""],[""0.8100"",""418.00""],[""0.8200"",""3603.79""]]"
2026-05-16T06:49:47.858Z,KXBTC15M-26MAY160300-00,BTC price up in next 15 mins?,KXBTC15M-26MAY160300,2026-05-16T07:00:00Z,active,0.37,0.38,0.62,0.63,0.375,0.38,118610.65,42681.38,225.0,152.79,"[[""0.0920"",""125.00""],[""0.0940"",""125.00""],[""0.0960"",""125.00""],[""0.0980"",""125.00""],[""0.1000"",""2258.00""],[""0.1100"",""371.34""],[""0.1200"",""630.00""],[""0.1300"",""2665.00""],[""0.1400"",""601.83""],[""0.1500"",""225.00""]]","[[""0.7500"",""150.00""],[""0.7600"",""200.00""],[""0.7700"",""125.00""],[""0.7800"",""125.00""],[""0.7900"",""150.00""],[""0.8000"",""153.00""],[""0.8100"",""525.00""],[""0.8200"",""125.00""],[""0.8300"",""2617.34""],[""0.8400"",""152.79""]]"
2026-05-16T06:49:49.848Z,KXBTC15M-26MAY160300-00,BTC price up in next 15 mins?,KXBTC15M-26MAY160300,2026-05-16T07:00:00Z,active,0.37,0.38,0.62,0.63,0.375,0.38,118610.65,42681.38,125.0,441.9,"[[""0.0550"",""1.00""],[""0.0560"",""125.00""],[""0.0590"",""125.00""],[""0.0610"",""125.00""],[""0.0640"",""125.00""],[""0.0670"",""200.00""],[""0.0680"",""410.00""],[""0.0710"",""125.00""],[""0.0720"",""13.00""],[""0.0730"",""125.00""]]","[[""0.8900"",""125.00""],[""0.9000"",""127.00""],[""0.9020"",""125.00""],[""0.9040"",""125.00""],[""0.9060"",""125.00""],[""0.9080"",""150.00""],[""0.9120"",""125.00""],[""0.9180"",""176.00""],[""0.9200"",""1545.00""],[""0.9220"",""441.90""]]"
2026-05-16T06:49:51.844Z,KXBTC15M-26MAY160300-00,BTC price up in next 15 mins?,KXBTC15M-26MAY160300,2026-05-16T07:00:00Z,active,0.37,0.38,0.62,0.63,0.375,0.38,118610.65,42681.38,12.0,79.54,"[[""0.0710"",""125.00""],[""0.0720"",""500.00""],[""0.0730"",""125.00""],[""0.0750"",""125.00""],[""0.0770"",""125.00""],[""0.0780"",""25.00""],[""0.0800"",""1285.00""],[""0.0810"",""20.48""],[""0.0840"",""2.00""],[""0.0850"",""12.00""]]","[[""0.8500"",""821.00""],[""0.8600"",""1705.00""],[""0.8700"",""684.43""],[""0.8800"",""125.00""],[""0.8900"",""749.00""],[""0.9000"",""1767.00""],[""0.9020"",""60.00""],[""0.9030"",""326.00""],[""0.9040"",""17.11""],[""0.9050"",""79.54""]]"
2026-05-16T06:49:53.857Z,KXBTC15M-26MAY160300-00,BTC price up in next 15 mins?,KXBTC15M-26MAY160300,2026-05-16T07:00:00Z,active,0.37,0.38,0.62,0.63,0.375,0.38,118610.65,42681.38,16.0,500.0,"[[""0.0550"",""1.00""],[""0.0560"",""125.00""],[""0.0590"",""125.00""],[""0.0600"",""1000.00""],[""0.0630"",""125.00""],[""0.0670"",""125.00""],[""0.0700"",""125.00""],[""0.0710"",""10.00""],[""0.0730"",""125.00""],[""0.0740"",""16.00""]]","[[""0.9050"",""125.00""],[""0.9070"",""72.79""],[""0.9080"",""100.00""],[""0.9100"",""2538.00""],[""0.9110"",""125.00""],[""0.9140"",""135.00""],[""0.9150"",""166.00""],[""0.9160"",""400.00""],[""0.9170"",""261.45""],[""0.9220"",""500.00""]]"
2026-05-16T06:49:55.847Z,KXBTC15M-26MAY160300-00,BTC price up in next 15 mins?,KXBTC15M-26MAY160300,2026-05-16T07:00:00Z,active,0.37,0.38,0.62,0.63,0.375,0.38,118610.65,42681.38,25.0,1.0,"[[""0.0510"",""100.00""],[""0.0530"",""125.00""],[""0.0550"",""3.00""],[""0.0560"",""125.00""],[""0.0590"",""125.00""],[""0.0630"",""125.00""],[""0.0670"",""125.00""],[""0.0700"",""2685.00""],[""0.0730"",""125.00""],[""0.0780"",""25.00""]]","[[""0.8800"",""1693.00""],[""0.8900"",""248.00""],[""0.9000"",""749.00""],[""0.9010"",""184.00""],[""0.9020"",""2.00""],[""0.9050"",""135.00""],[""0.9070"",""72.79""],[""0.9080"",""100.00""],[""0.9100"",""125.00""],[""0.9110"",""1.00""]]"
2026-05-16T06:49:57.853Z,KXBTC15M-26MAY160300-00,BTC price up in next 15 mins?,KXBTC15M-26MAY160300,2026-05-16T07:00:00Z,active,0.37,0.38,0.62,0.63,0.375,0.38,118610.65,42681.38,89.06,369.03,"[[""0.0440"",""126.00""],[""0.0480"",""125.00""],[""0.0500"",""3016.00""],[""0.0510"",""500.00""],[""0.0530"",""125.00""],[""0.0550"",""1.00""],[""0.0560"",""125.00""],[""0.0590"",""125.00""],[""0.0610"",""22.00""],[""0.0630"",""89.06""]]","[[""0.9050"",""125.00""],[""0.9070"",""72.79""],[""0.9080"",""100.00""],[""0.9100"",""2663.00""],[""0.9130"",""125.00""],[""0.9160"",""125.00""],[""0.9190"",""125.00""],[""0.9230"",""38.53""],[""0.9290"",""17.00""],[""0.9320"",""369.03""]]"
2026-05-16T06:49:59.855Z,KXBTC15M-26MAY160300-00,BTC price up in next 15 mins?,KXBTC15M-26MAY160300,2026-05-16T07:00:00Z,active,0.37,0.38,0.62,0.63,0.375,0.38,118610.65,42681.38,10.0,93.28,"[[""0.0510"",""100.00""],[""0.0530"",""125.00""],[""0.0550"",""1.00""],[""0.0560"",""123.33""],[""0.0570"",""400.00""],[""0.0600"",""130.00""],[""0.0620"",""125.00""],[""0.0640"",""125.00""],[""0.0650"",""19.00""],[""0.0660"",""10.00""]]","[[""0.9050"",""125.00""],[""0.9070"",""72.79""],[""0.9080"",""100.00""],[""0.9100"",""1123.00""],[""0.9130"",""125.00""],[""0.9180"",""10.00""],[""0.9190"",""14.00""],[""0.9220"",""500.00""],[""0.9260"",""2.00""],[""0.9330"",""93.28""]]"
2026-05-16T06:50:01.846Z,KXBTC15M-26MAY160300-00,BTC price up in next 15 mins?,KXBTC15M-26MAY160300,2026-05-16T07:00:00Z,active,0.37,0.38,0.62,0.63,0.375,0.38,118610.65,42681.38,113.62,45.89,"[[""0.0420"",""125.00""],[""0.0440"",""126.00""],[""0.0480"",""125.00""],[""0.0500"",""195.00""],[""0.0530"",""125.00""],[""0.0550"",""1.00""],[""0.0560"",""154.33""],[""0.0590"",""125.00""],[""0.0610"",""125.00""],[""0.0630"",""113.62""]]","[[""0.9080"",""100.00""],[""0.9100"",""125.00""],[""0.9130"",""125.00""],[""0.9170"",""125.00""],[""0.9200"",""3289.71""],[""0.9270"",""10.00""],[""0.9280"",""50.00""],[""0.9320"",""500.00""],[""0.9340"",""3502.59""],[""0.9350"",""45.89""]]"
2026-05-16T06:50:03.842Z,KXBTC15M-26MAY160300-00,BTC price up in next 15 mins?,KXBTC15M-26MAY160300,2026-05-16T07:00:00Z,active,0.37,0.38,0.62,0.63,0.375,0.38,118610.65,42681.38,169.0,74.09,"[[""0.0490"",""400.00""],[""0.0500"",""3135.28""],[""0.0530"",""125.00""],[""0.0550"",""1.00""],[""0.0560"",""120.33""],[""0.0590"",""125.00""],[""0.0600"",""1.00""],[""0.0610"",""125.00""],[""0.0630"",""80.90""],[""0.0660"",""169.00""]]","[[""0.9080"",""100.00""],[""0.9100"",""1665.06""],[""0.9130"",""125.00""],[""0.9140"",""50.00""],[""0.9150"",""10.00""],[""0.9160"",""125.00""],[""0.9180"",""125.00""],[""0.9200"",""16.00""],[""0.9220"",""500.00""],[""0.9330"",""74.09""]]"
2026-05-16T06:50:05.845Z,KXBTC15M-26MAY160300-00,BTC price up in next 15 mins?,KXBTC15M-26MAY160300,2026-05-16T07:00:00Z,active,0.37,0.38,0.62,0.63,0.375,0.38,118610.65,42681.38,75.0,321.29,"[[""0.0480"",""527.00""],[""0.0500"",""3135.28""],[""0.0530"",""125.00""],[""0.0550"",""1.00""],[""0.0560"",""120.33""],[""0.0590"",""125.00""],[""0.0600"",""135.00""],[""0.0610"",""125.00""],[""0.0640"",""117.19""],[""0.0650"",""75.00""]]","[[""0.9070"",""72.79""],[""0.9080"",""100.00""],[""0.9100"",""499.00""],[""0.9130"",""125.00""],[""0.9160"",""125.00""],[""0.9180"",""125.00""],[""0.9200"",""5.00""],[""0.9210"",""125.00""],[""0.9220"",""26.00""],[""0.9320"",""321.29""]]"
2026-05-16T06:50:07.850Z,KXBTC15M-26MAY160300-00,BTC price up in next 15 mins?,KXBTC15M-26MAY160300,2026-05-16T07:00:00Z,active,0.37,0.38,0.62,0.63,0.375,0.38,118610.65,42681.38,125.0,10.0,"[[""0.0560"",""120.33""],[""0.0580"",""10.00""],[""0.0590"",""125.00""],[""0.0600"",""1621.28""],[""0.0610"",""125.00""],[""0.0640"",""24.95""],[""0.0650"",""16.00""],[""0.0670"",""125.00""],[""0.0680"",""50.00""],[""0.0690"",""125.00""]]","[[""0.9070"",""72.79""],[""0.9080"",""100.00""],[""0.9100"",""499.00""],[""0.9130"",""125.00""],[""0.9160"",""233.00""],[""0.9180"",""125.00""],[""0.9220"",""500.00""],[""0.9230"",""2639.90""],[""0.9260"",""15.00""],[""0.9290"",""10.00""]]"
2026-05-16T06:50:09.855Z,KXBTC15M-26MAY160300-00,BTC price up in next 15 mins?,KXBTC15M-26MAY160300,2026-05-16T07:00:00Z,active,0.37,0.38,0.62,0.63,0.375,0.38,118610.65,42681.38,24.0,4.63,"[[""0.0420"",""125.00""],[""0.0440"",""128.00""],[""0.0450"",""400.00""],[""0.0480"",""125.00""],[""0.0500"",""2642.28""],[""0.0530"",""125.00""],[""0.0550"",""1.00""],[""0.0560"",""120.33""],[""0.0590"",""135.00""],[""0.0600"",""24.00""]]","[[""0.9130"",""125.00""],[""0.9160"",""125.00""],[""0.9180"",""56.02""],[""0.9200"",""70.00""],[""0.9210"",""125.00""],[""0.9240"",""125.00""],[""0.9260"",""4680.00""],[""0.9280"",""10.00""],[""0.9290"",""18.00""],[""0.9320"",""4.63""]]"
2026-05-16T06:50:11.852Z,KXBTC15M-26MAY160300-00,BTC price up in next 15 mins?,KXBTC15M-26MAY160300,2026-05-16T07:00:00Z,active,0.061,0.067,0.933,0.939,0.064,0.067,170094.32,64478.57,110.0,783.94,"[[""0.0440"",""128.00""],[""0.0480"",""125.00""],[""0.0490"",""400.00""],[""0.0500"",""2642.28""],[""0.0530"",""125.00""],[""0.0550"",""1.00""],[""0.0560"",""100.54""],[""0.0590"",""125.00""],[""0.0600"",""10.00""],[""0.0610"",""110.00""]]","[[""0.9130"",""125.00""],[""0.9160"",""125.00""],[""0.9180"",""56.02""],[""0.9200"",""70.00""],[""0.9210"",""125.00""],[""0.9220"",""19.00""],[""0.9240"",""125.00""],[""0.9250"",""10.00""],[""0.9320"",""439.04""],[""0.9330"",""783.94""]]"
2026-05-16T06:50:13.857Z,KXBTC15M-26MAY160300-00,BTC price up in next 15 mins?,KXBTC15M-26MAY160300,2026-05-16T07:00:00Z,active,0.061,0.067,0.933,0.939,0.064,0.067,170094.32,64478.57,11.0,75.05,"[[""0.0450"",""2.00""],[""0.0480"",""525.00""],[""0.0500"",""2642.28""],[""0.0530"",""125.00""],[""0.0550"",""1.00""],[""0.0560"",""100.54""],[""0.0590"",""68.96""],[""0.0600"",""22.01""],[""0.0620"",""26.00""],[""0.0650"",""11.00""]]","[[""0.9110"",""304.00""],[""0.9130"",""125.00""],[""0.9160"",""125.00""],[""0.9180"",""56.02""],[""0.9200"",""70.00""],[""0.9210"",""125.00""],[""0.9240"",""108.79""],[""0.9250"",""10.00""],[""0.9270"",""19.00""],[""0.9320"",""75.05""]]"
2026-05-16T06:50:15.850Z,KXBTC15M-26MAY160300-00,BTC price up in next 15 mins?,KXBTC15M-26MAY160300,2026-05-16T07:00:00Z,active,0.061,0.067,0.933,0.939,0.064,0.067,170094.32,64478.57,145.27,75.0,"[[""0.0550"",""1.00""],[""0.0560"",""100.54""],[""0.0590"",""68.96""],[""0.0600"",""616.00""],[""0.0630"",""133.00""],[""0.0650"",""136.00""],[""0.0670"",""125.00""],[""0.0700"",""97.78""],[""0.0710"",""14.00""],[""0.0730"",""145.27""]]","[[""0.9050"",""125.00""],[""0.9070"",""72.79""],[""0.9080"",""100.00""],[""0.9100"",""125.00""],[""0.9110"",""278.55""],[""0.9130"",""54.58""],[""0.9150"",""10.00""],[""0.9160"",""8.00""],[""0.9220"",""500.00""],[""0.9230"",""75.00""]]"
2026-05-16T06:50:17.844Z,KXBTC15M-26MAY160300-00,BTC price up in next 15 mins?,KXBTC15M-26MAY160300,2026-05-16T07:00:00Z,active,0.061,0.067,0.933,0.939,0.064,0.067,170094.32,64478.57,91.0,27.9,"[[""0.0500"",""2642.28""],[""0.0530"",""125.00""],[""0.0550"",""1.00""],[""0.0560"",""100.54""],[""0.0590"",""68.96""],[""0.0600"",""150.00""],[""0.0620"",""18.00""],[""0.0630"",""125.00""],[""0.0650"",""61.00""],[""0.0660"",""91.00""]]","[[""0.9080"",""100.00""],[""0.9100"",""1275.71""],[""0.9110"",""278.55""],[""0.9130"",""54.58""],[""0.9160"",""125.00""],[""0.9190"",""125.00""],[""0.9220"",""500.00""],[""0.9250"",""10.00""],[""0.9320"",""1818.00""],[""0.9330"",""27.90""]]"
2026-05-16T06:50:19.852Z,KXBTC15M-26MAY160300-00,BTC price up in next 15 mins?,KXBTC15M-26MAY160300,2026-05-16T07:00:00Z,active,0.061,0.067,0.933,0.939,0.064,0.067,170094.32,64478.57,1499.0,3874.82,"[[""0.0130"",""2110.00""],[""0.0140"",""200.00""],[""0.0150"",""182.00""],[""0.0160"",""187.00""],[""0.0170"",""58.00""],[""0.0180"",""180.00""],[""0.0190"",""71.00""],[""0.0200"",""2061.67""],[""0.0210"",""190.00""],[""0.0220"",""1499.00""]]","[[""0.9520"",""142.00""],[""0.9550"",""125.00""],[""0.9590"",""125.00""],[""0.9600"",""1000.00""],[""0.9630"",""329.00""],[""0.9650"",""230.00""],[""0.9660"",""127.00""],[""0.9700"",""1.00""],[""0.9720"",""511.00""],[""0.9760"",""3874.82""]]"
2026-05-16T06:50:21.837Z,KXBTC15M-26MAY160300-00,BTC price up in next 15 mins?,KXBTC15M-26MAY160300,2026-05-16T07:00:00Z,active,0.061,0.067,0.933,0.939,0.064,0.067,170094.32,64478.57,1344.0,4097.1,"[[""0.0130"",""2110.00""],[""0.0140"",""200.00""],[""0.0150"",""172.00""],[""0.0160"",""187.00""],[""0.0170"",""58.00""],[""0.0180"",""190.00""],[""0.0190"",""52.00""],[""0.0200"",""2161.67""],[""0.0210"",""190.00""],[""0.0220"",""1344.00""]]","[[""0.9500"",""143.00""],[""0.9510"",""17.00""],[""0.9520"",""142.00""],[""0.9550"",""125.00""],[""0.9580"",""53.00""],[""0.9590"",""125.00""],[""0.9600"",""1000.64""],[""0.9710"",""10.00""],[""0.9720"",""690.00""],[""0.9740"",""4097.10""]]"
2026-05-16T06:50:23.841Z,KXBTC15M-26MAY160300-00,BTC price up in next 15 mins?,KXBTC15M-26MAY160300,2026-05-16T07:00:00Z,active,0.061,0.067,0.933,0.939,0.064,0.067,170094.32,64478.57,2240.67,633.08,"[[""0.0110"",""2095.00""],[""0.0120"",""2487.00""],[""0.0130"",""2110.00""],[""0.0140"",""200.00""],[""0.0150"",""172.00""],[""0.0160"",""187.00""],[""0.0170"",""58.00""],[""0.0180"",""180.00""],[""0.0190"",""52.00""],[""0.0200"",""2240.67""]]","[[""0.9520"",""142.00""],[""0.9550"",""125.00""],[""0.9580"",""53.00""],[""0.9590"",""125.00""],[""0.9610"",""50.00""],[""0.9630"",""125.00""],[""0.9690"",""10.00""],[""0.9700"",""87.00""],[""0.9720"",""697.00""],[""0.9790"",""633.08""]]"
2026-05-16T06:50:25.855Z,KXBTC15M-26MAY160300-00,BTC price up in next 15 mins?,KXBTC15M-26MAY160300,2026-05-16T07:00:00Z,active,0.061,0.067,0.933,0.939,0.064,0.067,170094.32,64478.57,28.0,60.49,"[[""0.0140"",""200.00""],[""0.0150"",""172.00""],[""0.0160"",""187.00""],[""0.0170"",""58.00""],[""0.0180"",""180.00""],[""0.0190"",""452.00""],[""0.0200"",""2870.36""],[""0.0210"",""27.26""],[""0.0270"",""10.00""],[""0.0280"",""28.00""]]","[[""0.9500"",""1143.64""],[""0.9510"",""67.00""],[""0.9520"",""142.00""],[""0.9550"",""125.00""],[""0.9590"",""125.00""],[""0.9600"",""624.00""],[""0.9610"",""50.00""],[""0.9620"",""500.00""],[""0.9630"",""125.00""],[""0.9650"",""60.49""]]"
2026-05-16T06:50:27.844Z,KXBTC15M-26MAY160300-00,BTC price up in next 15 mins?,KXBTC15M-26MAY160300,2026-05-16T07:00:00Z,active,0.061,0.067,0.933,0.939,0.064,0.067,170094.32,64478.57,54.92,4785.0,"[[""0.0170"",""58.00""],[""0.0180"",""180.00""],[""0.0190"",""52.00""],[""0.0200"",""3640.36""],[""0.0230"",""125.00""],[""0.0240"",""402.00""],[""0.0260"",""125.00""],[""0.0270"",""110.00""],[""0.0300"",""330.00""],[""0.0310"",""54.92""]]","[[""0.9490"",""17.00""],[""0.9500"",""143.00""],[""0.9510"",""67.00""],[""0.9520"",""142.00""],[""0.9550"",""125.00""],[""0.9590"",""144.00""],[""0.9600"",""624.00""],[""0.9610"",""50.00""],[""0.9620"",""475.12""],[""0.9630"",""4785.00""]]"
2026-05-16T06:50:29.848Z,KXBTC15M-26MAY160300-00,BTC price up in next 15 mins?,KXBTC15M-26MAY160300,2026-05-16T07:00:00Z,active,0.061,0.067,0.933,0.939,0.064,0.067,170094.32,64478.57,194.0,1635.0,"[[""0.0190"",""52.00""],[""0.0200"",""3597.34""],[""0.0230"",""125.00""],[""0.0260"",""125.00""],[""0.0280"",""125.00""],[""0.0300"",""135.00""],[""0.0310"",""125.00""],[""0.0320"",""500.00""],[""0.0340"",""125.00""],[""0.0360"",""194.00""]]","[[""0.9470"",""23.00""],[""0.9480"",""142.00""],[""0.9490"",""17.00""],[""0.9500"",""143.00""],[""0.9510"",""67.00""],[""0.9520"",""142.00""],[""0.9540"",""10.00""],[""0.9610"",""162.00""],[""0.9620"",""113.00""],[""0.9630"",""1635.00""]]"
2026-05-16T06:50:31.855Z,KXBTC15M-26MAY160300-00,BTC price up in next 15 mins?,KXBTC15M-26MAY160300,2026-05-16T07:00:00Z,active,0.061,0.067,0.933,0.939,0.064,0.067,170094.32,64478.57,18.57,40.85,"[[""0.0230"",""125.00""],[""0.0260"",""125.00""],[""0.0280"",""125.00""],[""0.0300"",""1621.00""],[""0.0310"",""125.00""],[""0.0340"",""125.00""],[""0.0400"",""130.00""],[""0.0410"",""26.16""],[""0.0460"",""10.00""],[""0.0480"",""18.57""]]","[[""0.9420"",""658.00""],[""0.9430"",""23.00""],[""0.9440"",""148.00""],[""0.9450"",""423.00""],[""0.9460"",""142.00""],[""0.9470"",""23.00""],[""0.9480"",""142.00""],[""0.9490"",""23.00""],[""0.9500"",""138.18""],[""0.9510"",""40.85""]]"
2026-05-16T06:50:33.859Z,KXBTC15M-26MAY160300-00,BTC price up in next 15 mins?,KXBTC15M-26MAY160300,2026-05-16T07:00:00Z,active,0.061,0.067,0.933,0.939,0.064,0.067,170094.32,64478.57,75.0,50.0,"[[""0.0280"",""125.00""],[""0.0300"",""1024.00""],[""0.0310"",""175.00""],[""0.0320"",""500.00""],[""0.0340"",""125.00""],[""0.0370"",""125.00""],[""0.0400"",""871.00""],[""0.0410"",""25.00""],[""0.0420"",""71.00""],[""0.0460"",""75.00""]]","[[""0.9410"",""27.00""],[""0.9420"",""148.00""],[""0.9430"",""23.00""],[""0.9440"",""148.00""],[""0.9450"",""23.00""],[""0.9460"",""148.00""],[""0.9470"",""23.00""],[""0.9480"",""23.00""],[""0.9490"",""1300.00""],[""0.9500"",""50.00""]]"
2026-05-16T06:50:35.856Z,KXBTC15M-26MAY160300-00,BTC price up in next 15 mins?,KXBTC15M-26MAY160300,2026-05-16T07:00:00Z,active,0.061,0.067,0.933,0.939,0.064,0.067,170094.32,64478.57,125.0,22.34,"[[""0.0370"",""125.00""],[""0.0400"",""1746.00""],[""0.0410"",""27.00""],[""0.0420"",""900.00""],[""0.0430"",""125.00""],[""0.0460"",""125.00""],[""0.0490"",""125.00""],[""0.0510"",""142.56""],[""0.0520"",""75.00""],[""0.0530"",""125.00""]]","[[""0.9360"",""5.00""],[""0.9370"",""5.00""],[""0.9380"",""5.00""],[""0.9390"",""10.00""],[""0.9400"",""335.00""],[""0.9410"",""27.00""],[""0.9420"",""23.00""],[""0.9430"",""23.00""],[""0.9440"",""23.00""],[""0.9450"",""22.34""]]"
2026-05-16T06:50:37.855Z,KXBTC15M-26MAY160300-00,BTC price up in next 15 mins?,KXBTC15M-26MAY160300,2026-05-16T07:00:00Z,active,0.061,0.067,0.933,0.939,0.064,0.067,170094.32,64478.57,125.0,40.64,"[[""0.0300"",""766.00""],[""0.0310"",""175.00""],[""0.0320"",""500.00""],[""0.0340"",""125.00""],[""0.0360"",""100.00""],[""0.0370"",""125.00""],[""0.0400"",""125.00""],[""0.0410"",""25.00""],[""0.0420"",""2.00""],[""0.0430"",""125.00""]]","[[""0.9340"",""405.00""],[""0.9350"",""5.00""],[""0.9360"",""130.00""],[""0.9370"",""5.00""],[""0.9380"",""5.00""],[""0.9390"",""135.00""],[""0.9400"",""330.00""],[""0.9410"",""27.00""],[""0.9420"",""148.00""],[""0.9430"",""40.64""]]"
2026-05-16T06:50:39.852Z,KXBTC15M-26MAY160300-00,BTC price up in next 15 mins?,KXBTC15M-26MAY160300,2026-05-16T07:00:00Z,active,0.061,0.067,0.933,0.939,0.064,0.067,170094.32,64478.57,132.0,1112.83,"[[""0.0300"",""1766.00""],[""0.0310"",""175.00""],[""0.0320"",""500.00""],[""0.0330"",""400.00""],[""0.0340"",""127.00""],[""0.0360"",""100.00""],[""0.0370"",""125.00""],[""0.0400"",""255.00""],[""0.0410"",""25.00""],[""0.0420"",""132.00""]]","[[""0.9360"",""130.00""],[""0.9370"",""25.00""],[""0.9380"",""5.00""],[""0.9390"",""135.00""],[""0.9400"",""1000.00""],[""0.9420"",""125.00""],[""0.9440"",""135.00""],[""0.9460"",""125.00""],[""0.9510"",""50.00""],[""0.9570"",""1112.83""]]"
2026-05-16T06:50:41.855Z,KXBTC15M-26MAY160300-00,BTC price up in next 15 mins?,KXBTC15M-26MAY160300,2026-05-16T07:00:00Z,active,0.042,0.043,0.957,0.958,0.042499999999999996,0.042,214714.09,88319.70,46.0,75.0,"[[""0.0310"",""175.00""],[""0.0340"",""125.00""],[""0.0360"",""500.00""],[""0.0370"",""125.00""],[""0.0380"",""2.00""],[""0.0400"",""125.00""],[""0.0410"",""25.00""],[""0.0420"",""500.00""],[""0.0470"",""800.00""],[""0.0480"",""46.00""]]","[[""0.9370"",""7.00""],[""0.9380"",""7.00""],[""0.9390"",""135.00""],[""0.9400"",""1000.00""],[""0.9410"",""10.00""],[""0.9420"",""125.00""],[""0.9440"",""125.00""],[""0.9460"",""125.00""],[""0.9470"",""30.55""],[""0.9510"",""75.00""]]"
2026-05-16T06:50:43.842Z,KXBTC15M-26MAY160300-00,BTC price up in next 15 mins?,KXBTC15M-26MAY160300,2026-05-16T07:00:00Z,active,0.042,0.043,0.957,0.958,0.042499999999999996,0.042,214714.09,88319.70,125.0,75.0,"[[""0.0360"",""500.00""],[""0.0370"",""125.00""],[""0.0400"",""255.00""],[""0.0410"",""27.00""],[""0.0420"",""500.00""],[""0.0430"",""125.00""],[""0.0450"",""125.00""],[""0.0460"",""10.00""],[""0.0470"",""769.00""],[""0.0480"",""125.00""]]","[[""0.9350"",""7.00""],[""0.9360"",""132.00""],[""0.9370"",""7.00""],[""0.9380"",""7.00""],[""0.9390"",""153.00""],[""0.9400"",""1000.00""],[""0.9410"",""30.75""],[""0.9440"",""10.00""],[""0.9460"",""2.11""],[""0.9470"",""75.00""]]"
2026-05-16T06:50:45.850Z,KXBTC15M-26MAY160300-00,BTC price up in next 15 mins?,KXBTC15M-26MAY160300,2026-05-16T07:00:00Z,active,0.042,0.043,0.957,0.958,0.042499999999999996,0.042,214714.09,88319.70,94.0,2.11,"[[""0.0400"",""1141.00""],[""0.0410"",""27.00""],[""0.0420"",""500.00""],[""0.0430"",""135.00""],[""0.0450"",""125.00""],[""0.0470"",""769.00""],[""0.0480"",""125.00""],[""0.0500"",""140.00""],[""0.0510"",""125.00""],[""0.0520"",""94.00""]]","[[""0.9320"",""24.00""],[""0.9330"",""132.00""],[""0.9340"",""7.00""],[""0.9350"",""7.00""],[""0.9360"",""132.00""],[""0.9370"",""7.00""],[""0.9380"",""7.00""],[""0.9390"",""10.00""],[""0.9410"",""10.00""],[""0.9460"",""2.11""]]"
2026-05-16T06:50:47.845Z,KXBTC15M-26MAY160300-00,BTC price up in next 15 mins?,KXBTC15M-26MAY160300,2026-05-16T07:00:00Z,active,0.042,0.043,0.957,0.958,0.042499999999999996,0.042,214714.09,88319.70,150.0,6.0,"[[""0.0520"",""400.00""],[""0.0540"",""125.00""],[""0.0560"",""125.00""],[""0.0580"",""125.00""],[""0.0600"",""135.00""],[""0.0610"",""135.00""],[""0.0620"",""500.00""],[""0.0650"",""125.00""],[""0.0660"",""12.00""],[""0.0680"",""150.00""]]","[[""0.9210"",""5.00""],[""0.9220"",""23.00""],[""0.9230"",""6.00""],[""0.9240"",""967.00""],[""0.9250"",""16.00""],[""0.9260"",""6.00""],[""0.9270"",""6.00""],[""0.9280"",""6.00""],[""0.9290"",""6.00""],[""0.9300"",""6.00""]]"
2026-05-16T06:50:49.865Z,KXBTC15M-26MAY160300-00,BTC price up in next 15 mins?,KXBTC15M-26MAY160300,2026-05-16T07:00:00Z,active,0.042,0.043,0.957,0.958,0.042499999999999996,0.042,214714.09,88319.70,75.0,863.55,"[[""0.0470"",""769.00""],[""0.0480"",""125.00""],[""0.0510"",""125.00""],[""0.0520"",""500.00""],[""0.0540"",""125.00""],[""0.0560"",""125.00""],[""0.0580"",""41.00""],[""0.0610"",""125.00""],[""0.0630"",""147.00""],[""0.0640"",""75.00""]]","[[""0.9150"",""1.00""],[""0.9160"",""126.00""],[""0.9170"",""1.00""],[""0.9180"",""1.00""],[""0.9190"",""5.00""],[""0.9200"",""1930.80""],[""0.9210"",""5.00""],[""0.9220"",""6.00""],[""0.9230"",""141.00""],[""0.9240"",""863.55""]]"
2026-05-16T06:50:51.863Z,KXBTC15M-26MAY160300-00,BTC price up in next 15 mins?,KXBTC15M-26MAY160300,2026-05-16T07:00:00Z,active,0.042,0.043,0.957,0.958,0.042499999999999996,0.042,214714.09,88319.70,75.0,368.55,"[[""0.0540"",""125.00""],[""0.0560"",""125.00""],[""0.0580"",""41.00""],[""0.0610"",""125.00""],[""0.0620"",""500.00""],[""0.0630"",""125.00""],[""0.0660"",""135.00""],[""0.0680"",""12.00""],[""0.0690"",""105.95""],[""0.0720"",""75.00""]]","[[""0.9150"",""1.00""],[""0.9160"",""126.00""],[""0.9170"",""1.00""],[""0.9180"",""1.00""],[""0.9190"",""5.00""],[""0.9200"",""432.00""],[""0.9210"",""5.00""],[""0.9220"",""6.00""],[""0.9230"",""6.00""],[""0.9240"",""368.55""]]"
2026-05-16T06:50:53.857Z,KXBTC15M-26MAY160300-00,BTC price up in next 15 mins?,KXBTC15M-26MAY160300,2026-05-16T07:00:00Z,active,0.042,0.043,0.957,0.958,0.042499999999999996,0.042,214714.09,88319.70,75.0,22.85,"[[""0.0600"",""1000.00""],[""0.0610"",""125.00""],[""0.0630"",""125.00""],[""0.0660"",""125.00""],[""0.0690"",""105.95""],[""0.0700"",""130.00""],[""0.0720"",""625.00""],[""0.0730"",""38.00""],[""0.0750"",""135.00""],[""0.0790"",""75.00""]]","[[""0.9110"",""774.00""],[""0.9120"",""16.00""],[""0.9130"",""1.00""],[""0.9140"",""1.00""],[""0.9150"",""1.00""],[""0.9160"",""1.00""],[""0.9170"",""1.00""],[""0.9180"",""1.00""],[""0.9190"",""5.00""],[""0.9200"",""22.85""]]"
2026-05-16T06:50:55.849Z,KXBTC15M-26MAY160300-00,BTC price up in next 15 mins?,KXBTC15M-26MAY160300,2026-05-16T07:00:00Z,active,0.042,0.043,0.957,0.958,0.042499999999999996,0.042,214714.09,88319.70,140.13,101.24,"[[""0.0620"",""500.00""],[""0.0630"",""125.00""],[""0.0660"",""125.00""],[""0.0690"",""105.95""],[""0.0700"",""130.00""],[""0.0710"",""12.00""],[""0.0720"",""135.00""],[""0.0730"",""25.00""],[""0.0750"",""125.00""],[""0.0770"",""140.13""]]","[[""0.9110"",""774.00""],[""0.9120"",""1.00""],[""0.9130"",""1.00""],[""0.9140"",""1.00""],[""0.9150"",""1.00""],[""0.9160"",""16.00""],[""0.9170"",""1.00""],[""0.9180"",""1.00""],[""0.9190"",""5.00""],[""0.9200"",""101.24""]]"
2026-05-16T06:50:57.850Z,KXBTC15M-26MAY160300-00,BTC price up in next 15 mins?,KXBTC15M-26MAY160300,2026-05-16T07:00:00Z,active,0.042,0.043,0.957,0.958,0.042499999999999996,0.042,214714.09,88319.70,89.0,713.45,"[[""0.0660"",""125.00""],[""0.0690"",""105.95""],[""0.0720"",""625.00""],[""0.0730"",""25.00""],[""0.0750"",""125.00""],[""0.0770"",""140.13""],[""0.0780"",""125.00""],[""0.0800"",""3229.65""],[""0.0810"",""135.00""],[""0.0820"",""89.00""]]","[[""0.9020"",""1.00""],[""0.9030"",""11.00""],[""0.9040"",""1.00""],[""0.9050"",""126.00""],[""0.9060"",""1.00""],[""0.9070"",""1.00""],[""0.9080"",""101.00""],[""0.9090"",""2.00""],[""0.9100"",""325.00""],[""0.9110"",""713.45""]]"
2026-05-16T06:50:59.858Z,KXBTC15M-26MAY160300-00,BTC price up in next 15 mins?,KXBTC15M-26MAY160300,2026-05-16T07:00:00Z,active,0.042,0.043,0.957,0.958,0.042499999999999996,0.042,214714.09,88319.70,36.98,301.0,"[[""0.0660"",""125.00""],[""0.0690"",""105.95""],[""0.0700"",""24.00""],[""0.0720"",""125.00""],[""0.0730"",""25.00""],[""0.0750"",""125.00""],[""0.0770"",""140.13""],[""0.0780"",""125.00""],[""0.0800"",""3479.65""],[""0.0810"",""36.98""]]","[[""0.9010"",""185.00""],[""0.9020"",""501.00""],[""0.9030"",""411.00""],[""0.9040"",""1.00""],[""0.9050"",""142.00""],[""0.9060"",""1.00""],[""0.9070"",""1.00""],[""0.9080"",""226.00""],[""0.9090"",""2.00""],[""0.9100"",""301.00""]]"
2026-05-16T06:51:01.878Z,KXBTC15M-26MAY160300-00,BTC price up in next 15 mins?,KXBTC15M-26MAY160300,2026-05-16T07:00:00Z,active,0.042,0.043,0.957,0.958,0.042499999999999996,0.042,214714.09,88319.70,205.0,125.0,"[[""0.0610"",""125.00""],[""0.0620"",""500.00""],[""0.0630"",""125.00""],[""0.0660"",""125.00""],[""0.0700"",""125.00""],[""0.0740"",""125.00""],[""0.0770"",""10.00""],[""0.0780"",""12.00""],[""0.0790"",""200.00""],[""0.0800"",""205.00""]]","[[""0.9020"",""501.00""],[""0.9030"",""401.00""],[""0.9040"",""1.00""],[""0.9050"",""126.00""],[""0.9060"",""1.00""],[""0.9070"",""1.00""],[""0.9080"",""236.00""],[""0.9090"",""18.00""],[""0.9100"",""306.00""],[""0.9110"",""125.00""]]"
2026-05-16T06:51:03.857Z,KXBTC15M-26MAY160300-00,BTC price up in next 15 mins?,KXBTC15M-26MAY160300,2026-05-16T07:00:00Z,active,0.042,0.043,0.957,0.958,0.042499999999999996,0.042,214714.09,88319.70,115.75,489.55,"[[""0.0630"",""127.00""],[""0.0660"",""125.00""],[""0.0670"",""400.00""],[""0.0700"",""1125.00""],[""0.0720"",""25.00""],[""0.0740"",""125.00""],[""0.0770"",""125.00""],[""0.0790"",""200.00""],[""0.0800"",""125.00""],[""0.0830"",""115.75""]]","[[""0.9000"",""225.00""],[""0.9010"",""185.00""],[""0.9020"",""1.00""],[""0.9030"",""1.00""],[""0.9040"",""1.00""],[""0.9050"",""1.00""],[""0.9060"",""1.00""],[""0.9070"",""1.00""],[""0.9080"",""71.84""],[""0.9120"",""489.55""]]"
2026-05-16T06:51:05.862Z,KXBTC15M-26MAY160300-00,BTC price up in next 15 mins?,KXBTC15M-26MAY160300,2026-05-16T07:00:00Z,active,0.042,0.043,0.957,0.958,0.042499999999999996,0.042,214714.09,88319.70,155.0,0.33,"[[""0.0740"",""125.00""],[""0.0770"",""125.00""],[""0.0790"",""202.00""],[""0.0800"",""1796.75""],[""0.0830"",""125.00""],[""0.0860"",""125.00""],[""0.0870"",""400.00""],[""0.0880"",""12.00""],[""0.0890"",""135.00""],[""0.0900"",""155.00""]]","[[""0.8900"",""304.00""],[""0.9000"",""225.00""],[""0.9010"",""35.00""],[""0.9020"",""501.00""],[""0.9030"",""30.55""],[""0.9040"",""1.00""],[""0.9050"",""1.00""],[""0.9060"",""1.00""],[""0.9070"",""1.00""],[""0.9080"",""0.33""]]"
2026-05-16T06:51:07.860Z,KXBTC15M-26MAY160300-00,BTC price up in next 15 mins?,KXBTC15M-26MAY160300,2026-05-16T07:00:00Z,active,0.042,0.043,0.957,0.958,0.042499999999999996,0.042,214714.09,88319.70,2393.0,799.0,"[[""0.0830"",""125.00""],[""0.0860"",""125.00""],[""0.0890"",""125.00""],[""0.0900"",""153.00""],[""0.0920"",""125.00""],[""0.0940"",""2.00""],[""0.0950"",""125.00""],[""0.0970"",""124.00""],[""0.1000"",""14.67""],[""0.1100"",""2393.00""]]","[[""0.7900"",""217.47""],[""0.8000"",""127.00""],[""0.8100"",""126.00""],[""0.8200"",""131.00""],[""0.8300"",""783.00""],[""0.8400"",""532.00""],[""0.8500"",""1131.80""],[""0.8600"",""735.00""],[""0.8700"",""166.00""],[""0.8800"",""799.00""]]"
2026-05-16T06:51:09.850Z,KXBTC15M-26MAY160300-00,BTC price up in next 15 mins?,KXBTC15M-26MAY160300,2026-05-16T07:00:00Z,active,0.042,0.043,0.957,0.958,0.042499999999999996,0.042,214714.09,88319.70,430.0,775.64,"[[""0.0830"",""125.00""],[""0.0860"",""125.00""],[""0.0890"",""125.00""],[""0.0900"",""1002.00""],[""0.0920"",""125.00""],[""0.0940"",""10.00""],[""0.0950"",""125.00""],[""0.0970"",""524.00""],[""0.1000"",""659.67""],[""0.1100"",""430.00""]]","[[""0.7900"",""177.47""],[""0.8000"",""167.00""],[""0.8100"",""126.00""],[""0.8200"",""131.00""],[""0.8300"",""783.00""],[""0.8400"",""134.00""],[""0.8500"",""531.00""],[""0.8600"",""733.00""],[""0.8700"",""1248.80""],[""0.8800"",""775.64""]]"
2026-05-16T06:51:11.857Z,KXBTC15M-26MAY160300-00,BTC price up in next 15 mins?,KXBTC15M-26MAY160300,2026-05-16T07:00:00Z,active,0.11,0.12,0.88,0.89,0.11499999999999999,0.12,229360.16,92241.95,2482.94,144.07,"[[""0.0830"",""125.00""],[""0.0860"",""125.00""],[""0.0890"",""125.00""],[""0.0900"",""220.00""],[""0.0920"",""125.00""],[""0.0950"",""125.00""],[""0.0970"",""124.00""],[""0.1000"",""516.67""],[""0.1100"",""148.49""],[""0.1200"",""2482.94""]]","[[""0.7800"",""125.00""],[""0.7900"",""177.47""],[""0.8000"",""127.00""],[""0.8100"",""817.00""],[""0.8200"",""131.00""],[""0.8300"",""567.00""],[""0.8400"",""134.00""],[""0.8500"",""1173.80""],[""0.8600"",""1278.00""],[""0.8700"",""144.07""]]"
2026-05-16T06:51:13.858Z,KXBTC15M-26MAY160300-00,BTC price up in next 15 mins?,KXBTC15M-26MAY160300,2026-05-16T07:00:00Z,active,0.11,0.12,0.88,0.89,0.11499999999999999,0.12,229360.16,92241.95,2529.41,837.7,"[[""0.0860"",""125.00""],[""0.0890"",""125.00""],[""0.0900"",""225.00""],[""0.0920"",""125.00""],[""0.0950"",""125.00""],[""0.0970"",""124.00""],[""0.1000"",""38.67""],[""0.1100"",""646.49""],[""0.1200"",""70.67""],[""0.1300"",""2529.41""]]","[[""0.7700"",""851.51""],[""0.7800"",""125.51""],[""0.7900"",""576.97""],[""0.8000"",""743.00""],[""0.8100"",""526.00""],[""0.8200"",""131.00""],[""0.8300"",""198.00""],[""0.8400"",""1163.80""],[""0.8500"",""506.00""],[""0.8600"",""837.70""]]"
2026-05-16T06:51:15.852Z,KXBTC15M-26MAY160300-00,BTC price up in next 15 mins?,KXBTC15M-26MAY160300,2026-05-16T07:00:00Z,active,0.11,0.12,0.88,0.89,0.11499999999999999,0.12,229360.16,92241.95,341.0,590.15,"[[""0.0830"",""125.00""],[""0.0860"",""525.00""],[""0.0890"",""125.00""],[""0.0900"",""49.00""],[""0.0920"",""625.00""],[""0.0950"",""125.00""],[""0.0980"",""125.00""],[""0.1000"",""231.00""],[""0.1100"",""1776.00""],[""0.1200"",""341.00""]]","[[""0.7800"",""125.51""],[""0.7900"",""202.97""],[""0.8000"",""127.50""],[""0.8100"",""750.00""],[""0.8200"",""133.00""],[""0.8300"",""1164.00""],[""0.8400"",""132.00""],[""0.8500"",""531.00""],[""0.8600"",""1676.89""],[""0.8700"",""590.15""]]"
2026-05-16T06:51:17.864Z,KXBTC15M-26MAY160300-00,BTC price up in next 15 mins?,KXBTC15M-26MAY160300,2026-05-16T07:00:00Z,active,0.11,0.12,0.88,0.89,0.11499999999999999,0.12,229360.16,92241.95,2066.96,441.99,"[[""0.0800"",""30.75""],[""0.0830"",""125.00""],[""0.0860"",""125.00""],[""0.0890"",""125.00""],[""0.0900"",""425.00""],[""0.0920"",""625.00""],[""0.0950"",""125.00""],[""0.0980"",""125.00""],[""0.1000"",""127.00""],[""0.1100"",""2066.96""]]","[[""0.7800"",""125.51""],[""0.7900"",""202.97""],[""0.8000"",""127.50""],[""0.8100"",""128.49""],[""0.8200"",""133.00""],[""0.8300"",""788.00""],[""0.8400"",""532.00""],[""0.8500"",""1133.34""],[""0.8600"",""693.98""],[""0.8700"",""441.99""]]"
2026-05-16T06:51:19.863Z,KXBTC15M-26MAY160300-00,BTC price up in next 15 mins?,KXBTC15M-26MAY160300,2026-05-16T07:00:00Z,active,0.11,0.12,0.88,0.89,0.11499999999999999,0.12,229360.16,92241.95,129.0,649.25,"[[""0.0770"",""125.00""],[""0.0800"",""54.75""],[""0.0830"",""125.00""],[""0.0860"",""125.00""],[""0.0870"",""10.00""],[""0.0890"",""125.00""],[""0.0900"",""1636.00""],[""0.0910"",""21.52""],[""0.0950"",""12.00""],[""0.1000"",""129.00""]]","[[""0.8000"",""276.50""],[""0.8100"",""126.49""],[""0.8200"",""131.00""],[""0.8300"",""867.00""],[""0.8400"",""508.00""],[""0.8500"",""138.00""],[""0.8600"",""921.00""],[""0.8700"",""550.00""],[""0.8800"",""1870.09""],[""0.8900"",""649.25""]]"
2026-05-16T06:51:21.851Z,KXBTC15M-26MAY160300-00,BTC price up in next 15 mins?,KXBTC15M-26MAY160300,2026-05-16T07:00:00Z,active,0.11,0.12,0.88,0.89,0.11499999999999999,0.12,229360.16,92241.95,130.0,147.46,"[[""0.0540"",""125.00""],[""0.0560"",""125.00""],[""0.0580"",""41.00""],[""0.0600"",""1006.00""],[""0.0610"",""125.00""],[""0.0630"",""125.00""],[""0.0640"",""12.00""],[""0.0650"",""10.00""],[""0.0700"",""5.00""],[""0.0900"",""130.00""]]","[[""0.8700"",""153.00""],[""0.8800"",""476.98""],[""0.8900"",""743.00""],[""0.9000"",""1000.78""],[""0.9010"",""125.00""],[""0.9020"",""500.00""],[""0.9030"",""150.00""],[""0.9070"",""125.00""],[""0.9080"",""400.00""],[""0.9090"",""147.46""]]"
2026-05-16T06:51:23.845Z,KXBTC15M-26MAY160300-00,BTC price up in next 15 mins?,KXBTC15M-26MAY160300,2026-05-16T07:00:00Z,active,0.11,0.12,0.88,0.89,0.11499999999999999,0.12,229360.16,92241.95,197.45,18.04,"[[""0.0670"",""125.00""],[""0.0690"",""125.00""],[""0.0700"",""7.00""],[""0.0710"",""125.00""],[""0.0730"",""150.00""],[""0.0750"",""125.00""],[""0.0780"",""125.00""],[""0.0830"",""13.00""],[""0.0850"",""10.00""],[""0.0900"",""197.45""]]","[[""0.8600"",""307.00""],[""0.8700"",""151.00""],[""0.8800"",""1100.98""],[""0.8900"",""527.00""],[""0.9000"",""1811.24""],[""0.9010"",""16.00""],[""0.9020"",""625.00""],[""0.9030"",""25.00""],[""0.9040"",""103.10""],[""0.9050"",""18.04""]]"
2026-05-16T06:51:25.867Z,KXBTC15M-26MAY160300-00,BTC price up in next 15 mins?,KXBTC15M-26MAY160300,2026-05-16T07:00:00Z,active,0.11,0.12,0.88,0.89,0.11499999999999999,0.12,229360.16,92241.95,300.93,781.57,"[[""0.0780"",""127.00""],[""0.0800"",""5.00""],[""0.0810"",""125.00""],[""0.0840"",""125.00""],[""0.0870"",""125.00""],[""0.0900"",""741.00""],[""0.0930"",""100.00""],[""0.0970"",""125.00""],[""0.1000"",""1525.00""],[""0.1100"",""300.93""]]","[[""0.7900"",""303.97""],[""0.8000"",""226.50""],[""0.8100"",""128.49""],[""0.8200"",""303.00""],[""0.8300"",""167.00""],[""0.8400"",""137.00""],[""0.8500"",""531.00""],[""0.8600"",""1794.24""],[""0.8700"",""26.00""],[""0.8800"",""781.57""]]"
2026-05-16T06:51:27.851Z,KXBTC15M-26MAY160300-00,BTC price up in next 15 mins?,KXBTC15M-26MAY160300,2026-05-16T07:00:00Z,active,0.11,0.12,0.88,0.89,0.11499999999999999,0.12,229360.16,92241.95,170.23,914.28,"[[""0.0800"",""24.00""],[""0.0810"",""125.00""],[""0.0840"",""125.00""],[""0.0850"",""400.00""],[""0.0870"",""125.00""],[""0.0890"",""2.00""],[""0.0900"",""1125.00""],[""0.0930"",""125.00""],[""0.0970"",""125.00""],[""0.1000"",""170.23""]]","[[""0.7900"",""303.97""],[""0.8000"",""376.50""],[""0.8100"",""126.49""],[""0.8200"",""303.00""],[""0.8300"",""793.00""],[""0.8400"",""506.00""],[""0.8500"",""136.00""],[""0.8600"",""537.00""],[""0.8700"",""1151.24""],[""0.8800"",""914.28""]]"
2026-05-16T06:51:29.852Z,KXBTC15M-26MAY160300-00,BTC price up in next 15 mins?,KXBTC15M-26MAY160300,2026-05-16T07:00:00Z,active,0.11,0.12,0.88,0.89,0.11499999999999999,0.12,229360.16,92241.95,356.23,335.0,"[[""0.0810"",""125.00""],[""0.0820"",""400.00""],[""0.0840"",""125.00""],[""0.0850"",""2.00""],[""0.0870"",""125.00""],[""0.0900"",""1741.00""],[""0.0930"",""125.00""],[""0.0970"",""125.00""],[""0.0990"",""11.00""],[""0.1000"",""356.23""]]","[[""0.8000"",""376.50""],[""0.8100"",""126.49""],[""0.8200"",""303.00""],[""0.8300"",""793.00""],[""0.8400"",""506.00""],[""0.8500"",""136.00""],[""0.8600"",""741.71""],[""0.8700"",""1577.24""],[""0.8800"",""33.00""],[""0.8900"",""335.00""]]"
2026-05-16T06:51:31.841Z,KXBTC15M-26MAY160300-00,BTC price up in next 15 mins?,KXBTC15M-26MAY160300,2026-05-16T07:00:00Z,active,0.11,0.12,0.88,0.89,0.11499999999999999,0.12,229360.16,92241.95,25.0,1779.02,"[[""0.0820"",""400.00""],[""0.0840"",""125.00""],[""0.0870"",""125.00""],[""0.0880"",""2.00""],[""0.0900"",""1871.00""],[""0.0930"",""125.00""],[""0.0950"",""10.00""],[""0.0970"",""125.00""],[""0.0980"",""28.00""],[""0.0990"",""25.00""]]","[[""0.8100"",""752.49""],[""0.8200"",""675.00""],[""0.8300"",""242.00""],[""0.8400"",""132.00""],[""0.8500"",""160.00""],[""0.8600"",""741.71""],[""0.8700"",""1580.24""],[""0.8800"",""1.00""],[""0.8900"",""510.00""],[""0.9000"",""1779.02""]]"
2026-05-16T06:51:33.868Z,KXBTC15M-26MAY160300-00,BTC price up in next 15 mins?,KXBTC15M-26MAY160300,2026-05-16T07:00:00Z,active,0.11,0.12,0.88,0.89,0.11499999999999999,0.12,229360.16,92241.95,120.0,1713.38,"[[""0.0800"",""621.00""],[""0.0810"",""125.00""],[""0.0840"",""525.00""],[""0.0870"",""125.00""],[""0.0890"",""125.00""],[""0.0900"",""1132.00""],[""0.0930"",""125.00""],[""0.0960"",""135.00""],[""0.0970"",""11.00""],[""0.0990"",""120.00""]]","[[""0.8100"",""136.49""],[""0.8200"",""343.00""],[""0.8300"",""781.00""],[""0.8400"",""137.00""],[""0.8500"",""131.00""],[""0.8600"",""743.71""],[""0.8700"",""1551.24""],[""0.8800"",""158.00""],[""0.8900"",""510.00""],[""0.9000"",""1713.38""]]"
2026-05-16T06:51:35.862Z,KXBTC15M-26MAY160300-00,BTC price up in next 15 mins?,KXBTC15M-26MAY160300,2026-05-16T07:00:00Z,active,0.11,0.12,0.88,0.89,0.11499999999999999,0.12,229360.16,92241.95,40.0,477.74,"[[""0.0540"",""125.00""],[""0.0560"",""125.00""],[""0.0580"",""41.00""],[""0.0600"",""1622.00""],[""0.0620"",""200.00""],[""0.0630"",""400.00""],[""0.0660"",""125.00""],[""0.0690"",""10.00""],[""0.0700"",""132.00""],[""0.0730"",""40.00""]]","[[""0.9030"",""125.00""],[""0.9060"",""88.50""],[""0.9100"",""1139.00""],[""0.9120"",""125.00""],[""0.9140"",""125.00""],[""0.9160"",""125.00""],[""0.9170"",""10.00""],[""0.9180"",""125.00""],[""0.9200"",""127.00""],[""0.9220"",""477.74""]]"
2026-05-16T06:51:37.855Z,KXBTC15M-26MAY160300-00,BTC price up in next 15 mins?,KXBTC15M-26MAY160300,2026-05-16T07:00:00Z,active,0.11,0.12,0.88,0.89,0.11499999999999999,0.12,229360.16,92241.95,277.74,519.86,"[[""0.0600"",""1648.00""],[""0.0620"",""125.00""],[""0.0630"",""400.00""],[""0.0660"",""125.00""],[""0.0700"",""127.00""],[""0.0720"",""10.00""],[""0.0730"",""150.00""],[""0.0760"",""125.00""],[""0.0790"",""11.00""],[""0.0800"",""277.74""]]","[[""0.8800"",""125.00""],[""0.8900"",""1310.00""],[""0.9000"",""1629.04""],[""0.9010"",""25.00""],[""0.9030"",""125.00""],[""0.9060"",""103.50""],[""0.9070"",""2.00""],[""0.9100"",""1000.00""],[""0.9110"",""10.00""],[""0.9120"",""519.86""]]"
2026-05-16T06:51:39.850Z,KXBTC15M-26MAY160300-00,BTC price up in next 15 mins?,KXBTC15M-26MAY160300,2026-05-16T07:00:00Z,active,0.11,0.12,0.88,0.89,0.11499999999999999,0.12,229360.16,92241.95,108.44,528.25,"[[""0.0740"",""2.00""],[""0.0760"",""125.00""],[""0.0800"",""1127.00""],[""0.0830"",""125.00""],[""0.0850"",""21.00""],[""0.0870"",""144.91""],[""0.0900"",""130.00""],[""0.0910"",""125.00""],[""0.0920"",""21.29""],[""0.0950"",""108.44""]]","[[""0.8200"",""301.00""],[""0.8300"",""159.00""],[""0.8400"",""132.00""],[""0.8500"",""131.00""],[""0.8600"",""749.00""],[""0.8700"",""1141.00""],[""0.8800"",""527.00""],[""0.8900"",""1201.00""],[""0.9000"",""1510.04""],[""0.9020"",""528.25""]]"
2026-05-16T06:51:41.854Z,KXBTC15M-26MAY160300-00,BTC price up in next 15 mins?,KXBTC15M-26MAY160300,2026-05-16T07:00:00Z,active,0.095,0.097,0.903,0.905,0.096,0.098,250877.06,100545.42,128.51,1335.8,"[[""0.0800"",""1127.00""],[""0.0830"",""125.00""],[""0.0870"",""125.00""],[""0.0880"",""400.00""],[""0.0900"",""746.00""],[""0.0910"",""125.00""],[""0.0920"",""10.00""],[""0.0930"",""13.00""],[""0.0950"",""108.44""],[""0.0990"",""128.51""]]","[[""0.8100"",""128.49""],[""0.8200"",""313.00""],[""0.8300"",""157.00""],[""0.8400"",""132.00""],[""0.8500"",""131.00""],[""0.8600"",""1143.00""],[""0.8700"",""151.00""],[""0.8800"",""1000.00""],[""0.8900"",""700.00""],[""0.9000"",""1335.80""]]"
2026-05-16T06:51:43.851Z,KXBTC15M-26MAY160300-00,BTC price up in next 15 mins?,KXBTC15M-26MAY160300,2026-05-16T07:00:00Z,active,0.095,0.097,0.903,0.905,0.096,0.098,250877.06,100545.42,150.0,1168.82,"[[""0.0760"",""125.00""],[""0.0800"",""1151.00""],[""0.0830"",""125.00""],[""0.0840"",""400.00""],[""0.0870"",""135.00""],[""0.0900"",""798.69""],[""0.0920"",""125.00""],[""0.0940"",""125.00""],[""0.0960"",""145.40""],[""0.0980"",""150.00""]]","[[""0.8100"",""128.49""],[""0.8200"",""937.00""],[""0.8300"",""157.00""],[""0.8400"",""506.00""],[""0.8500"",""131.00""],[""0.8600"",""1143.00""],[""0.8700"",""151.00""],[""0.8800"",""1149.00""],[""0.8900"",""695.00""],[""0.9000"",""1168.82""]]"
2026-05-16T06:51:45.857Z,KXBTC15M-26MAY160300-00,BTC price up in next 15 mins?,KXBTC15M-26MAY160300,2026-05-16T07:00:00Z,active,0.095,0.097,0.903,0.905,0.096,0.098,250877.06,100545.42,169.98,7.0,"[[""0.0760"",""125.00""],[""0.0800"",""151.00""],[""0.0830"",""125.00""],[""0.0870"",""125.00""],[""0.0900"",""1883.69""],[""0.0920"",""125.00""],[""0.0930"",""400.00""],[""0.0950"",""37.49""],[""0.0970"",""10.00""],[""0.0980"",""169.98""]]","[[""0.8100"",""138.49""],[""0.8200"",""755.00""],[""0.8300"",""157.00""],[""0.8400"",""506.00""],[""0.8500"",""747.00""],[""0.8600"",""525.00""],[""0.8700"",""1126.00""],[""0.8800"",""227.00""],[""0.8900"",""719.00""],[""0.9000"",""7.00""]]"
2026-05-16T06:51:47.852Z,KXBTC15M-26MAY160300-00,BTC price up in next 15 mins?,KXBTC15M-26MAY160300,2026-05-16T07:00:00Z,active,0.095,0.097,0.903,0.905,0.096,0.098,250877.06,100545.42,148.43,300.18,"[[""0.0700"",""1843.00""],[""0.0730"",""150.00""],[""0.0770"",""125.00""],[""0.0800"",""127.00""],[""0.0810"",""400.00""],[""0.0830"",""125.00""],[""0.0860"",""125.00""],[""0.0870"",""21.00""],[""0.0890"",""125.00""],[""0.0900"",""148.43""]]","[[""0.8200"",""133.00""],[""0.8300"",""159.00""],[""0.8400"",""756.00""],[""0.8500"",""131.00""],[""0.8600"",""135.00""],[""0.8700"",""551.00""],[""0.8800"",""911.00""],[""0.8900"",""1323.00""],[""0.9000"",""15.00""],[""0.9020"",""300.18""]]"
2026-05-16T06:51:49.853Z,KXBTC15M-26MAY160300-00,BTC price up in next 15 mins?,KXBTC15M-26MAY160300,2026-05-16T07:00:00Z,active,0.095,0.097,0.903,0.905,0.096,0.098,250877.06,100545.42,255.0,500.0,"[[""0.0700"",""229.00""],[""0.0720"",""125.00""],[""0.0730"",""25.00""],[""0.0740"",""125.00""],[""0.0760"",""125.00""],[""0.0800"",""127.00""],[""0.0830"",""125.00""],[""0.0860"",""125.00""],[""0.0880"",""11.00""],[""0.0900"",""255.00""]]","[[""0.8300"",""157.00""],[""0.8400"",""282.00""],[""0.8500"",""131.00""],[""0.8600"",""125.00""],[""0.8700"",""151.00""],[""0.8800"",""297.00""],[""0.8900"",""735.00""],[""0.9000"",""1616.74""],[""0.9010"",""25.00""],[""0.9020"",""500.00""]]"
2026-05-16T06:51:51.867Z,KXBTC15M-26MAY160300-00,BTC price up in next 15 mins?,KXBTC15M-26MAY160300,2026-05-16T07:00:00Z,active,0.095,0.097,0.903,0.905,0.096,0.098,250877.06,100545.42,273.43,222.43,"[[""0.0700"",""236.00""],[""0.0720"",""125.00""],[""0.0730"",""25.00""],[""0.0740"",""125.00""],[""0.0760"",""125.00""],[""0.0800"",""127.00""],[""0.0830"",""125.00""],[""0.0860"",""135.00""],[""0.0880"",""11.00""],[""0.0900"",""273.43""]]","[[""0.8200"",""131.00""],[""0.8300"",""347.00""],[""0.8400"",""134.00""],[""0.8500"",""138.00""],[""0.8600"",""759.00""],[""0.8700"",""151.00""],[""0.8800"",""297.00""],[""0.8900"",""734.00""],[""0.9000"",""1253.02""],[""0.9020"",""222.43""]]"
2026-05-16T06:51:53.854Z,KXBTC15M-26MAY160300-00,BTC price up in next 15 mins?,KXBTC15M-26MAY160300,2026-05-16T07:00:00Z,active,0.095,0.097,0.903,0.905,0.096,0.098,250877.06,100545.42,244.49,75.0,"[[""0.0690"",""2.00""],[""0.0700"",""234.00""],[""0.0720"",""125.00""],[""0.0730"",""25.00""],[""0.0740"",""125.00""],[""0.0760"",""125.00""],[""0.0800"",""127.00""],[""0.0830"",""125.00""],[""0.0860"",""146.00""],[""0.0900"",""244.49""]]","[[""0.8300"",""347.00""],[""0.8400"",""134.00""],[""0.8500"",""136.00""],[""0.8600"",""749.00""],[""0.8700"",""151.00""],[""0.8800"",""1287.02""],[""0.8900"",""759.00""],[""0.9000"",""1070.55""],[""0.9020"",""77.57""],[""0.9030"",""75.00""]]"
2026-05-16T06:51:55.862Z,KXBTC15M-26MAY160300-00,BTC price up in next 15 mins?,KXBTC15M-26MAY160300,2026-05-16T07:00:00Z,active,0.095,0.097,0.903,0.905,0.096,0.098,250877.06,100545.42,107.52,16.86,"[[""0.0720"",""125.00""],[""0.0730"",""25.00""],[""0.0740"",""125.00""],[""0.0760"",""125.00""],[""0.0800"",""127.00""],[""0.0830"",""125.00""],[""0.0860"",""125.00""],[""0.0890"",""10.00""],[""0.0900"",""246.49""],[""0.0910"",""107.52""]]","[[""0.8300"",""347.00""],[""0.8400"",""134.00""],[""0.8500"",""182.27""],[""0.8600"",""749.00""],[""0.8700"",""151.00""],[""0.8800"",""1287.02""],[""0.8900"",""759.00""],[""0.9000"",""1071.55""],[""0.9010"",""28.86""],[""0.9020"",""16.86""]]"
2026-05-16T06:51:57.858Z,KXBTC15M-26MAY160300-00,BTC price up in next 15 mins?,KXBTC15M-26MAY160300,2026-05-16T07:00:00Z,active,0.095,0.097,0.903,0.905,0.096,0.098,250877.06,100545.42,125.0,45.37,"[[""0.0720"",""127.00""],[""0.0730"",""25.00""],[""0.0740"",""125.00""],[""0.0760"",""125.00""],[""0.0800"",""151.00""],[""0.0830"",""125.00""],[""0.0860"",""125.00""],[""0.0890"",""21.00""],[""0.0900"",""244.49""],[""0.0930"",""125.00""]]","[[""0.8300"",""307.00""],[""0.8400"",""758.00""],[""0.8500"",""510.00""],[""0.8600"",""165.00""],[""0.8700"",""151.00""],[""0.8800"",""1313.02""],[""0.8900"",""1368.95""],[""0.9000"",""61.61""],[""0.9020"",""500.00""],[""0.9030"",""45.37""]]"
2026-05-16T06:51:59.856Z,KXBTC15M-26MAY160300-00,BTC price up in next 15 mins?,KXBTC15M-26MAY160300,2026-05-16T07:00:00Z,active,0.095,0.097,0.903,0.905,0.096,0.098,250877.06,100545.42,125.0,2108.79,"[[""0.0800"",""1151.00""],[""0.0830"",""125.00""],[""0.0860"",""125.00""],[""0.0900"",""246.49""],[""0.0920"",""10.00""],[""0.0930"",""125.00""],[""0.0940"",""20.83""],[""0.0950"",""11.00""],[""0.0960"",""16.79""],[""0.0990"",""125.00""]]","[[""0.8000"",""607.00""],[""0.8100"",""136.00""],[""0.8200"",""143.00""],[""0.8300"",""307.00""],[""0.8400"",""758.00""],[""0.8500"",""510.00""],[""0.8600"",""165.00""],[""0.8700"",""151.00""],[""0.8800"",""913.02""],[""0.8900"",""2108.79""]]"
2026-05-16T06:52:01.861Z,KXBTC15M-26MAY160300-00,BTC price up in next 15 mins?,KXBTC15M-26MAY160300,2026-05-16T07:00:00Z,active,0.095,0.097,0.903,0.905,0.096,0.098,250877.06,100545.42,121.0,1079.0,"[[""0.0770"",""400.00""],[""0.0800"",""743.00""],[""0.0810"",""2.00""],[""0.0830"",""125.00""],[""0.0860"",""125.00""],[""0.0890"",""10.00""],[""0.0900"",""1318.62""],[""0.0910"",""21.52""],[""0.0940"",""136.00""],[""0.0970"",""121.00""]]","[[""0.8100"",""136.00""],[""0.8200"",""917.00""],[""0.8300"",""199.00""],[""0.8400"",""506.00""],[""0.8500"",""136.00""],[""0.8600"",""125.00""],[""0.8700"",""1169.02""],[""0.8800"",""1295.55""],[""0.8900"",""635.24""],[""0.9000"",""1079.00""]]"
2026-05-16T06:52:03.852Z,KXBTC15M-26MAY160300-00,BTC price up in next 15 mins?,KXBTC15M-26MAY160300,2026-05-16T07:00:00Z,active,0.095,0.097,0.903,0.905,0.096,0.098,250877.06,100545.42,48.95,1795.79,"[[""0.0800"",""1767.00""],[""0.0810"",""2.00""],[""0.0830"",""125.00""],[""0.0860"",""125.00""],[""0.0870"",""8.00""],[""0.0890"",""21.00""],[""0.0900"",""243.62""],[""0.0910"",""21.52""],[""0.0940"",""125.00""],[""0.0970"",""48.95""]]","[[""0.8000"",""226.50""],[""0.8100"",""136.49""],[""0.8200"",""917.00""],[""0.8300"",""159.00""],[""0.8400"",""546.00""],[""0.8500"",""136.00""],[""0.8600"",""125.00""],[""0.8700"",""769.02""],[""0.8800"",""719.00""],[""0.8900"",""1795.79""]]"
2026-05-16T06:52:05.858Z,KXBTC15M-26MAY160300-00,BTC price up in next 15 mins?,KXBTC15M-26MAY160300,2026-05-16T07:00:00Z,active,0.095,0.097,0.903,0.905,0.096,0.098,250877.06,100545.42,8.0,125.0,"[[""0.0700"",""232.00""],[""0.0720"",""125.00""],[""0.0730"",""25.00""],[""0.0740"",""125.00""],[""0.0760"",""125.00""],[""0.0770"",""400.00""],[""0.0790"",""147.00""],[""0.0800"",""1154.00""],[""0.0810"",""75.00""],[""0.0820"",""8.00""]]","[[""0.8700"",""153.00""],[""0.8800"",""1335.02""],[""0.8900"",""1233.79""],[""0.9000"",""22.00""],[""0.9010"",""125.00""],[""0.9020"",""500.00""],[""0.9030"",""125.00""],[""0.9040"",""10.00""],[""0.9050"",""139.00""],[""0.9070"",""125.00""]]"
2026-05-16T06:52:07.855Z,KXBTC15M-26MAY160300-00,BTC price up in next 15 mins?,KXBTC15M-26MAY160300,2026-05-16T07:00:00Z,active,0.095,0.097,0.903,0.905,0.096,0.098,250877.06,100545.42,125.0,432.19,"[[""0.0790"",""125.00""],[""0.0800"",""1000.00""],[""0.0830"",""125.00""],[""0.0850"",""125.00""],[""0.0870"",""125.00""],[""0.0880"",""8.00""],[""0.0890"",""135.00""],[""0.0900"",""11.00""],[""0.0910"",""125.00""],[""0.0940"",""125.00""]]","[[""0.8200"",""143.00""],[""0.8300"",""307.00""],[""0.8400"",""174.00""],[""0.8500"",""760.00""],[""0.8600"",""125.00""],[""0.8700"",""151.00""],[""0.8800"",""913.02""],[""0.8900"",""1643.79""],[""0.9000"",""22.00""],[""0.9020"",""432.19""]]"
2026-05-16T06:52:09.851Z,KXBTC15M-26MAY160300-00,BTC price up in next 15 mins?,KXBTC15M-26MAY160300,2026-05-16T07:00:00Z,active,0.095,0.097,0.903,0.905,0.096,0.098,250877.06,100545.42,20.0,661.15,"[[""0.0790"",""125.00""],[""0.0830"",""125.00""],[""0.0850"",""125.00""],[""0.0870"",""125.00""],[""0.0890"",""525.00""],[""0.0900"",""1750.00""],[""0.0930"",""125.00""],[""0.0960"",""149.30""],[""0.0990"",""125.00""],[""0.1000"",""20.00""]]","[[""0.8000"",""276.50""],[""0.8100"",""276.49""],[""0.8200"",""145.00""],[""0.8300"",""157.00""],[""0.8400"",""132.00""],[""0.8500"",""752.02""],[""0.8600"",""527.00""],[""0.8700"",""1126.55""],[""0.8800"",""199.00""],[""0.8900"",""661.15""]]"
2026-05-16T06:52:11.868Z,KXBTC15M-26MAY160300-00,BTC price up in next 15 mins?,KXBTC15M-26MAY160300,2026-05-16T07:00:00Z,active,0.1,0.11,0.89,0.9,0.10500000000000001,0.11,263515.12,105748.01,1849.51,505.32,"[[""0.0760"",""125.00""],[""0.0790"",""125.00""],[""0.0830"",""125.00""],[""0.0850"",""125.00""],[""0.0870"",""125.00""],[""0.0890"",""125.00""],[""0.0930"",""125.00""],[""0.0960"",""535.00""],[""0.0990"",""98.75""],[""0.1000"",""1849.51""]]","[[""0.8000"",""275.50""],[""0.8100"",""277.49""],[""0.8200"",""143.00""],[""0.8300"",""232.00""],[""0.8400"",""748.00""],[""0.8500"",""136.00""],[""0.8600"",""1527.00""],[""0.8700"",""1.00""],[""0.8800"",""208.00""],[""0.8900"",""505.32""]]"
2026-05-16T06:52:13.863Z,KXBTC15M-26MAY160300-00,BTC price up in next 15 mins?,KXBTC15M-26MAY160300,2026-05-16T07:00:00Z,active,0.1,0.11,0.89,0.9,0.10500000000000001,0.11,263515.12,105748.01,270.0,535.29,"[[""0.0850"",""125.00""],[""0.0870"",""125.00""],[""0.0890"",""125.00""],[""0.0900"",""24.00""],[""0.0930"",""525.00""],[""0.0960"",""125.00""],[""0.0990"",""88.75""],[""0.1000"",""1045.00""],[""0.1100"",""791.00""],[""0.1200"",""270.00""]]","[[""0.7800"",""235.00""],[""0.7900"",""926.47""],[""0.8000"",""225.00""],[""0.8100"",""689.00""],[""0.8200"",""139.00""],[""0.8300"",""150.00""],[""0.8400"",""772.00""],[""0.8500"",""136.00""],[""0.8600"",""1496.94""],[""0.8700"",""535.29""]]"
2026-05-16T06:52:15.854Z,KXBTC15M-26MAY160300-00,BTC price up in next 15 mins?,KXBTC15M-26MAY160300,2026-05-16T07:00:00Z,active,0.1,0.11,0.89,0.9,0.10500000000000001,0.11,263515.12,105748.01,186.23,17327.17,"[[""0.0790"",""125.00""],[""0.0830"",""125.00""],[""0.0850"",""125.00""],[""0.0870"",""125.00""],[""0.0890"",""125.00""],[""0.0900"",""1770.00""],[""0.0910"",""31.52""],[""0.0930"",""125.00""],[""0.0960"",""125.00""],[""0.0990"",""186.23""]]","[[""0.8100"",""649.00""],[""0.8200"",""137.00""],[""0.8300"",""150.00""],[""0.8400"",""149.00""],[""0.8500"",""1152.00""],[""0.8600"",""125.00""],[""0.8700"",""1152.00""],[""0.8800"",""13.00""],[""0.8900"",""510.00""],[""0.9000"",""17327.17""]]"
2026-05-16T06:52:17.843Z,KXBTC15M-26MAY160300-00,BTC price up in next 15 mins?,KXBTC15M-26MAY160300,2026-05-16T07:00:00Z,active,0.1,0.11,0.89,0.9,0.10500000000000001,0.11,263515.12,105748.01,160.3,16858.23,"[[""0.0790"",""125.00""],[""0.0830"",""125.00""],[""0.0850"",""125.00""],[""0.0870"",""125.00""],[""0.0890"",""125.00""],[""0.0900"",""1770.00""],[""0.0910"",""10.00""],[""0.0930"",""146.06""],[""0.0960"",""125.00""],[""0.0990"",""160.30""]]","[[""0.8100"",""649.00""],[""0.8200"",""137.00""],[""0.8300"",""150.00""],[""0.8400"",""149.00""],[""0.8500"",""130.00""],[""0.8600"",""741.00""],[""0.8700"",""1552.00""],[""0.8800"",""13.00""],[""0.8900"",""510.00""],[""0.9000"",""16858.23""]]"
2026-05-16T06:52:19.867Z,KXBTC15M-26MAY160300-00,BTC price up in next 15 mins?,KXBTC15M-26MAY160300,2026-05-16T07:00:00Z,active,0.1,0.11,0.89,0.9,0.10500000000000001,0.11,263515.12,105748.01,135.0,16415.53,"[[""0.0790"",""125.00""],[""0.0830"",""125.00""],[""0.0850"",""125.00""],[""0.0870"",""125.00""],[""0.0890"",""125.00""],[""0.0900"",""1770.00""],[""0.0930"",""125.00""],[""0.0950"",""10.00""],[""0.0960"",""125.00""],[""0.0990"",""135.00""]]","[[""0.8100"",""649.00""],[""0.8200"",""137.00""],[""0.8300"",""150.00""],[""0.8400"",""149.00""],[""0.8500"",""746.00""],[""0.8600"",""525.00""],[""0.8700"",""1002.00""],[""0.8800"",""30.00""],[""0.8900"",""510.00""],[""0.9000"",""16415.53""]]"
2026-05-16T06:52:21.855Z,KXBTC15M-26MAY160300-00,BTC price up in next 15 mins?,KXBTC15M-26MAY160300,2026-05-16T07:00:00Z,active,0.1,0.11,0.89,0.9,0.10500000000000001,0.11,263515.12,105748.01,480.31,15362.77,"[[""0.0830"",""125.00""],[""0.0850"",""125.00""],[""0.0870"",""125.00""],[""0.0890"",""125.00""],[""0.0900"",""154.00""],[""0.0910"",""11.00""],[""0.0930"",""146.06""],[""0.0950"",""10.00""],[""0.0960"",""44.10""],[""0.0990"",""480.31""]]","[[""0.8100"",""689.00""],[""0.8200"",""137.00""],[""0.8300"",""150.00""],[""0.8400"",""149.00""],[""0.8500"",""130.00""],[""0.8600"",""1143.00""],[""0.8700"",""125.00""],[""0.8800"",""20.00""],[""0.8900"",""1527.00""],[""0.9000"",""15362.77""]]"
2026-05-16T06:52:23.865Z,KXBTC15M-26MAY160300-00,BTC price up in next 15 mins?,KXBTC15M-26MAY160300,2026-05-16T07:00:00Z,active,0.1,0.11,0.89,0.9,0.10500000000000001,0.11,263515.12,105748.01,38.06,14920.75,"[[""0.0830"",""125.00""],[""0.0850"",""125.00""],[""0.0870"",""2458.00""],[""0.0880"",""10.00""],[""0.0890"",""125.00""],[""0.0900"",""772.00""],[""0.0910"",""11.00""],[""0.0930"",""391.04""],[""0.0940"",""20.83""],[""0.0970"",""38.06""]]","[[""0.8100"",""689.49""],[""0.8200"",""137.00""],[""0.8300"",""150.00""],[""0.8400"",""149.00""],[""0.8500"",""130.00""],[""0.8600"",""1143.00""],[""0.8700"",""125.00""],[""0.8800"",""145.00""],[""0.8900"",""1527.00""],[""0.9000"",""14920.75""]]"
2026-05-16T06:52:25.859Z,KXBTC15M-26MAY160300-00,BTC price up in next 15 mins?,KXBTC15M-26MAY160300,2026-05-16T07:00:00Z,active,0.1,0.11,0.89,0.9,0.10500000000000001,0.11,263515.12,105748.01,38.06,14842.41,"[[""0.0830"",""125.00""],[""0.0850"",""125.00""],[""0.0870"",""2458.00""],[""0.0880"",""10.00""],[""0.0890"",""125.00""],[""0.0900"",""772.00""],[""0.0910"",""11.00""],[""0.0930"",""391.04""],[""0.0940"",""20.83""],[""0.0970"",""38.06""]]","[[""0.8100"",""689.49""],[""0.8200"",""137.00""],[""0.8300"",""150.00""],[""0.8400"",""149.00""],[""0.8500"",""130.00""],[""0.8600"",""1143.00""],[""0.8700"",""125.00""],[""0.8800"",""145.00""],[""0.8900"",""1527.00""],[""0.9000"",""14842.41""]]"
2026-05-16T06:52:27.854Z,KXBTC15M-26MAY160300-00,BTC price up in next 15 mins?,KXBTC15M-26MAY160300,2026-05-16T07:00:00Z,active,0.1,0.11,0.89,0.9,0.10500000000000001,0.11,263515.12,105748.01,733.0,574.54,"[[""0.0820"",""500.00""],[""0.0830"",""125.00""],[""0.0850"",""125.00""],[""0.0870"",""125.00""],[""0.0890"",""525.00""],[""0.0930"",""391.04""],[""0.0970"",""38.06""],[""0.1000"",""125.00""],[""0.1100"",""1305.00""],[""0.1200"",""733.00""]]","[[""0.7800"",""237.51""],[""0.7900"",""676.97""],[""0.8000"",""225.50""],[""0.8100"",""275.49""],[""0.8200"",""1171.00""],[""0.8300"",""150.00""],[""0.8400"",""527.00""],[""0.8500"",""1130.00""],[""0.8600"",""183.18""],[""0.8700"",""574.54""]]"
2026-05-16T06:52:29.855Z,KXBTC15M-26MAY160300-00,BTC price up in next 15 mins?,KXBTC15M-26MAY160300,2026-05-16T07:00:00Z,active,0.1,0.11,0.89,0.9,0.10500000000000001,0.11,263515.12,105748.01,123.82,575.0,"[[""0.0870"",""125.00""],[""0.0880"",""400.00""],[""0.0890"",""125.00""],[""0.0920"",""500.00""],[""0.0930"",""391.04""],[""0.0970"",""38.06""],[""0.1000"",""175.00""],[""0.1100"",""3509.00""],[""0.1200"",""949.00""],[""0.1300"",""123.82""]]","[[""0.7700"",""849.51""],[""0.7800"",""237.51""],[""0.7900"",""676.97""],[""0.8000"",""225.50""],[""0.8100"",""275.00""],[""0.8200"",""1171.00""],[""0.8300"",""150.00""],[""0.8400"",""551.00""],[""0.8500"",""1198.35""],[""0.8600"",""575.00""]]"
2026-05-16T06:52:31.854Z,KXBTC15M-26MAY160300-00,BTC price up in next 15 mins?,KXBTC15M-26MAY160300,2026-05-16T07:00:00Z,active,0.1,0.11,0.89,0.9,0.10500000000000001,0.11,263515.12,105748.01,746.0,500.0,"[[""0.0890"",""125.00""],[""0.0930"",""110.73""],[""0.0970"",""38.06""],[""0.1000"",""175.00""],[""0.1100"",""190.00""],[""0.1200"",""2569.00""],[""0.1300"",""125.82""],[""0.1400"",""100.76""],[""0.1500"",""1167.00""],[""0.1600"",""746.00""]]","[[""0.7400"",""125.54""],[""0.7500"",""360.73""],[""0.7600"",""125.52""],[""0.7700"",""225.51""],[""0.7800"",""841.51""],[""0.7900"",""307.97""],[""0.8000"",""627.50""],[""0.8100"",""1275.00""],[""0.8200"",""281.00""],[""0.8300"",""500.00""]]"
2026-05-16T06:52:33.867Z,KXBTC15M-26MAY160300-00,BTC price up in next 15 mins?,KXBTC15M-26MAY160300,2026-05-16T07:00:00Z,active,0.1,0.11,0.89,0.9,0.10500000000000001,0.11,263515.12,105748.01,635.15,1635.08,"[[""0.0900"",""374.00""],[""0.0930"",""110.73""],[""0.0970"",""38.06""],[""0.1000"",""215.00""],[""0.1100"",""550.00""],[""0.1200"",""86.00""],[""0.1300"",""125.82""],[""0.1400"",""1624.76""],[""0.1500"",""157.00""],[""0.1600"",""635.15""]]","[[""0.7300"",""135.54""],[""0.7400"",""501.54""],[""0.7500"",""350.73""],[""0.7600"",""125.52""],[""0.7700"",""225.51""],[""0.7800"",""225.51""],[""0.7900"",""1011.97""],[""0.8000"",""151.00""],[""0.8100"",""564.90""],[""0.8200"",""1635.08""]]"
2026-05-16T06:52:35.865Z,KXBTC15M-26MAY160300-00,BTC price up in next 15 mins?,KXBTC15M-26MAY160300,2026-05-16T07:00:00Z,active,0.1,0.11,0.89,0.9,0.10500000000000001,0.11,263515.12,105748.01,25.0,125.0,"[[""0.0870"",""125.00""],[""0.0890"",""125.00""],[""0.0930"",""110.73""],[""0.0970"",""38.06""],[""0.1000"",""617.00""],[""0.1100"",""150.00""],[""0.1200"",""85.00""],[""0.1300"",""876.00""],[""0.1400"",""1551.45""],[""0.1500"",""25.00""]]","[[""0.7500"",""350.20""],[""0.7600"",""125.00""],[""0.7700"",""225.00""],[""0.7800"",""225.00""],[""0.7900"",""393.47""],[""0.8000"",""127.00""],[""0.8100"",""741.00""],[""0.8200"",""2025.82""],[""0.8300"",""181.59""],[""0.8400"",""125.00""]]"
2026-05-16T06:52:37.859Z,KXBTC15M-26MAY160300-00,BTC price up in next 15 mins?,KXBTC15M-26MAY160300,2026-05-16T07:00:00Z,active,0.1,0.11,0.89,0.9,0.10500000000000001,0.11,263515.12,105748.01,130.0,1921.68,"[[""0.0890"",""125.00""],[""0.0930"",""110.73""],[""0.0970"",""38.06""],[""0.1000"",""215.00""],[""0.1100"",""650.00""],[""0.1200"",""85.00""],[""0.1300"",""746.00""],[""0.1400"",""1512.81""],[""0.1500"",""183.00""],[""0.1600"",""130.00""]]","[[""0.7300"",""175.00""],[""0.7400"",""125.00""],[""0.7500"",""350.20""],[""0.7600"",""749.00""],[""0.7700"",""225.00""],[""0.7800"",""599.00""],[""0.7900"",""393.47""],[""0.8000"",""177.00""],[""0.8100"",""743.00""],[""0.8200"",""1921.68""]]"
2026-05-16T06:52:39.871Z,KXBTC15M-26MAY160300-00,BTC price up in next 15 mins?,KXBTC15M-26MAY160300,2026-05-16T07:00:00Z,active,0.1,0.11,0.89,0.9,0.10500000000000001,0.11,263515.12,105748.01,104.0,470.2,"[[""0.0850"",""125.00""],[""0.0870"",""125.00""],[""0.0890"",""125.00""],[""0.0930"",""110.73""],[""0.0970"",""38.06""],[""0.0980"",""400.00""],[""0.1000"",""1291.00""],[""0.1100"",""1250.00""],[""0.1200"",""175.00""],[""0.1300"",""104.00""]]","[[""0.7700"",""225.00""],[""0.7800"",""225.00""],[""0.7900"",""307.47""],[""0.8000"",""177.00""],[""0.8100"",""749.00""],[""0.8200"",""125.00""],[""0.8300"",""150.00""],[""0.8400"",""1141.00""],[""0.8500"",""1129.34""],[""0.8600"",""470.20""]]"
2026-05-16T06:52:41.865Z,KXBTC15M-26MAY160300-00,BTC price up in next 15 mins?,KXBTC15M-26MAY160300,2026-05-16T07:00:00Z,active,0.14,0.15,0.85,0.86,0.14500000000000002,0.15,297247.76,123768.43,100.0,631.54,"[[""0.0850"",""125.00""],[""0.0870"",""125.00""],[""0.0890"",""125.00""],[""0.0930"",""110.73""],[""0.0970"",""38.06""],[""0.1000"",""1141.00""],[""0.1100"",""800.00""],[""0.1200"",""130.00""],[""0.1300"",""1129.00""],[""0.1400"",""100.00""]]","[[""0.7600"",""165.00""],[""0.7700"",""225.00""],[""0.7800"",""225.00""],[""0.7900"",""304.47""],[""0.8000"",""182.00""],[""0.8100"",""125.00""],[""0.8200"",""127.00""],[""0.8300"",""1160.00""],[""0.8400"",""1166.00""],[""0.8500"",""631.54""]]"
2026-05-16T06:52:43.870Z,KXBTC15M-26MAY160300-00,BTC price up in next 15 mins?,KXBTC15M-26MAY160300,2026-05-16T07:00:00Z,active,0.14,0.15,0.85,0.86,0.14500000000000002,0.15,297247.76,123768.43,1128.97,527.79,"[[""0.0870"",""125.00""],[""0.0890"",""125.00""],[""0.0900"",""40.00""],[""0.0930"",""110.73""],[""0.0970"",""38.06""],[""0.1000"",""125.00""],[""0.1100"",""1316.00""],[""0.1200"",""630.00""],[""0.1300"",""129.00""],[""0.1400"",""1128.97""]]","[[""0.7500"",""390.20""],[""0.7600"",""125.00""],[""0.7700"",""849.00""],[""0.7800"",""227.00""],[""0.7900"",""676.47""],[""0.8000"",""182.00""],[""0.8100"",""125.00""],[""0.8200"",""1127.00""],[""0.8300"",""1211.00""],[""0.8400"",""527.79""]]"
2026-05-16T06:52:45.864Z,KXBTC15M-26MAY160300-00,BTC price up in next 15 mins?,KXBTC15M-26MAY160300,2026-05-16T07:00:00Z,active,0.14,0.15,0.85,0.86,0.14500000000000002,0.15,297247.76,123768.43,148.8,394.79,"[[""0.0860"",""75.00""],[""0.0870"",""125.00""],[""0.0890"",""125.00""],[""0.0930"",""110.73""],[""0.0970"",""38.06""],[""0.1000"",""565.00""],[""0.1100"",""1440.00""],[""0.1200"",""135.00""],[""0.1300"",""1129.00""],[""0.1400"",""148.80""]]","[[""0.7600"",""165.52""],[""0.7700"",""849.51""],[""0.7800"",""227.51""],[""0.7900"",""676.47""],[""0.8000"",""182.00""],[""0.8100"",""125.00""],[""0.8200"",""151.00""],[""0.8300"",""2193.00""],[""0.8400"",""144.00""],[""0.8500"",""394.79""]]"
2026-05-16T06:52:47.848Z,KXBTC15M-26MAY160300-00,BTC price up in next 15 mins?,KXBTC15M-26MAY160300,2026-05-16T07:00:00Z,active,0.14,0.15,0.85,0.86,0.14500000000000002,0.15,297247.76,123768.43,130.97,451.51,"[[""0.0860"",""75.00""],[""0.0870"",""125.00""],[""0.0890"",""125.00""],[""0.0930"",""110.73""],[""0.0970"",""38.06""],[""0.1000"",""1181.00""],[""0.1100"",""824.00""],[""0.1200"",""135.00""],[""0.1300"",""1129.00""],[""0.1400"",""130.97""]]","[[""0.7600"",""165.52""],[""0.7700"",""849.51""],[""0.7800"",""227.51""],[""0.7900"",""676.47""],[""0.8000"",""182.00""],[""0.8100"",""125.00""],[""0.8200"",""151.00""],[""0.8300"",""1779.00""],[""0.8400"",""544.00""],[""0.8500"",""451.51""]]"
2026-05-16T06:52:49.861Z,KXBTC15M-26MAY160300-00,BTC price up in next 15 mins?,KXBTC15M-26MAY160300,2026-05-16T07:00:00Z,active,0.14,0.15,0.85,0.86,0.14500000000000002,0.15,297247.76,123768.43,1155.75,425.24,"[[""0.0830"",""125.00""],[""0.0850"",""125.00""],[""0.0870"",""125.00""],[""0.0890"",""125.00""],[""0.0930"",""110.73""],[""0.0970"",""38.06""],[""0.1000"",""1681.00""],[""0.1100"",""324.00""],[""0.1200"",""265.00""],[""0.1300"",""1155.75""]]","[[""0.7700"",""849.51""],[""0.7800"",""227.51""],[""0.7900"",""676.97""],[""0.8000"",""182.00""],[""0.8100"",""125.00""],[""0.8200"",""151.00""],[""0.8300"",""1150.00""],[""0.8400"",""1176.00""],[""0.8500"",""201.35""],[""0.8600"",""425.24""]]"
2026-05-16T06:52:51.864Z,KXBTC15M-26MAY160300-00,BTC price up in next 15 mins?,KXBTC15M-26MAY160300,2026-05-16T07:00:00Z,active,0.14,0.15,0.85,0.86,0.14500000000000002,0.15,297247.76,123768.43,1167.89,155.12,"[[""0.0850"",""125.00""],[""0.0870"",""125.00""],[""0.0890"",""127.00""],[""0.0930"",""110.73""],[""0.0970"",""38.06""],[""0.0980"",""400.00""],[""0.1000"",""1281.00""],[""0.1100"",""484.00""],[""0.1200"",""135.00""],[""0.1300"",""1167.89""]]","[[""0.7700"",""849.51""],[""0.7800"",""267.51""],[""0.7900"",""676.97""],[""0.8000"",""182.00""],[""0.8100"",""125.00""],[""0.8200"",""151.00""],[""0.8300"",""1150.00""],[""0.8400"",""1169.00""],[""0.8500"",""212.35""],[""0.8600"",""155.12""]]"
2026-05-16T06:52:53.859Z,KXBTC15M-26MAY160300-00,BTC price up in next 15 mins?,KXBTC15M-26MAY160300,2026-05-16T07:00:00Z,active,0.14,0.15,0.85,0.86,0.14500000000000002,0.15,297247.76,123768.43,192.31,2711.64,"[[""0.0830"",""125.00""],[""0.0850"",""125.00""],[""0.0870"",""125.00""],[""0.0890"",""125.00""],[""0.0900"",""1004.53""],[""0.0930"",""110.73""],[""0.0940"",""10.00""],[""0.0970"",""10.00""],[""0.1000"",""2.00""],[""0.1100"",""192.31""]]","[[""0.7900"",""342.97""],[""0.8000"",""329.00""],[""0.8100"",""207.00""],[""0.8200"",""127.00""],[""0.8300"",""150.00""],[""0.8400"",""125.00""],[""0.8500"",""171.00""],[""0.8600"",""127.00""],[""0.8700"",""33.53""],[""0.8800"",""2711.64""]]"
2026-05-16T06:52:55.856Z,KXBTC15M-26MAY160300-00,BTC price up in next 15 mins?,KXBTC15M-26MAY160300,2026-05-16T07:00:00Z,active,0.14,0.15,0.85,0.86,0.14500000000000002,0.15,297247.76,123768.43,16.46,2687.64,"[[""0.0800"",""25.00""],[""0.0830"",""125.00""],[""0.0850"",""125.00""],[""0.0870"",""125.00""],[""0.0890"",""125.00""],[""0.0900"",""1004.53""],[""0.0930"",""110.73""],[""0.0940"",""20.83""],[""0.1000"",""18.00""],[""0.1100"",""16.46""]]","[[""0.7900"",""342.97""],[""0.8000"",""327.00""],[""0.8100"",""207.00""],[""0.8200"",""127.00""],[""0.8300"",""774.00""],[""0.8400"",""125.00""],[""0.8500"",""544.00""],[""0.8600"",""149.00""],[""0.8700"",""43.53""],[""0.8800"",""2687.64""]]"
2026-05-16T06:52:57.861Z,KXBTC15M-26MAY160300-00,BTC price up in next 15 mins?,KXBTC15M-26MAY160300,2026-05-16T07:00:00Z,active,0.14,0.15,0.85,0.86,0.14500000000000002,0.15,297247.76,123768.43,81.0,23.0,"[[""0.0440"",""400.00""],[""0.0450"",""125.00""],[""0.0480"",""125.00""],[""0.0500"",""1022.53""],[""0.0520"",""113.00""],[""0.0530"",""20.75""],[""0.0540"",""11.00""],[""0.0560"",""10.00""],[""0.0600"",""26.00""],[""0.0700"",""81.00""]]","[[""0.9150"",""502.00""],[""0.9190"",""125.00""],[""0.9210"",""125.00""],[""0.9220"",""500.00""],[""0.9240"",""125.00""],[""0.9250"",""8.00""],[""0.9260"",""125.00""],[""0.9270"",""29.29""],[""0.9280"",""75.88""],[""0.9290"",""23.00""]]"
2026-05-16T06:52:59.868Z,KXBTC15M-26MAY160300-00,BTC price up in next 15 mins?,KXBTC15M-26MAY160300,2026-05-16T07:00:00Z,active,0.14,0.15,0.85,0.86,0.14500000000000002,0.15,297247.76,123768.43,71.7,7.6,"[[""0.0470"",""125.00""],[""0.0490"",""125.00""],[""0.0500"",""1022.53""],[""0.0520"",""125.00""],[""0.0550"",""125.00""],[""0.0600"",""163.00""],[""0.0610"",""21.65""],[""0.0630"",""10.00""],[""0.0640"",""11.00""],[""0.0700"",""71.70""]]","[[""0.9130"",""125.00""],[""0.9150"",""102.00""],[""0.9190"",""125.00""],[""0.9200"",""1616.16""],[""0.9210"",""148.00""],[""0.9220"",""500.00""],[""0.9230"",""400.00""],[""0.9240"",""125.00""],[""0.9250"",""29.36""],[""0.9270"",""7.60""]]"
2026-05-16T06:53:01.859Z,KXBTC15M-26MAY160300-00,BTC price up in next 15 mins?,KXBTC15M-26MAY160300,2026-05-16T07:00:00Z,active,0.14,0.15,0.85,0.86,0.14500000000000002,0.15,297247.76,123768.43,93.0,1.0,"[[""0.0640"",""125.00""],[""0.0650"",""400.00""],[""0.0670"",""125.00""],[""0.0690"",""125.00""],[""0.0700"",""1000.53""],[""0.0720"",""500.00""],[""0.0730"",""125.00""],[""0.0750"",""125.00""],[""0.0770"",""161.00""],[""0.0790"",""93.00""]]","[[""0.8400"",""131.26""],[""0.8500"",""165.00""],[""0.8600"",""125.00""],[""0.8700"",""676.53""],[""0.8800"",""1741.16""],[""0.8900"",""936.00""],[""0.9000"",""5.00""],[""0.9100"",""15.00""],[""0.9160"",""2.00""],[""0.9200"",""1.00""]]"
2026-05-16T06:53:03.850Z,KXBTC15M-26MAY160300-00,BTC price up in next 15 mins?,KXBTC15M-26MAY160300,2026-05-16T07:00:00Z,active,0.14,0.15,0.85,0.86,0.14500000000000002,0.15,297247.76,123768.43,83.0,181.0,"[[""0.0870"",""125.00""],[""0.0890"",""125.00""],[""0.0900"",""130.00""],[""0.0920"",""127.00""],[""0.0930"",""10.00""],[""0.0940"",""125.00""],[""0.0960"",""125.00""],[""0.0970"",""10.00""],[""0.0980"",""125.00""],[""0.0990"",""83.00""]]","[[""0.8100"",""749.00""],[""0.8200"",""125.00""],[""0.8300"",""150.00""],[""0.8400"",""131.26""],[""0.8500"",""170.00""],[""0.8600"",""127.00""],[""0.8700"",""2035.16""],[""0.8800"",""564.64""],[""0.8900"",""10.00""],[""0.9000"",""181.00""]]"
2026-05-16T06:53:05.852Z,KXBTC15M-26MAY160300-00,BTC price up in next 15 mins?,KXBTC15M-26MAY160300,2026-05-16T07:00:00Z,active,0.14,0.15,0.85,0.86,0.14500000000000002,0.15,297247.76,123768.43,387.0,64.18,"[[""0.0890"",""125.00""],[""0.0900"",""1617.53""],[""0.0910"",""400.00""],[""0.0920"",""625.00""],[""0.0940"",""125.00""],[""0.0950"",""2.00""],[""0.0960"",""125.00""],[""0.0980"",""125.00""],[""0.1000"",""20.00""],[""0.1100"",""387.00""]]","[[""0.7900"",""452.47""],[""0.8000"",""177.00""],[""0.8100"",""749.00""],[""0.8200"",""128.00""],[""0.8300"",""524.00""],[""0.8400"",""131.26""],[""0.8500"",""170.00""],[""0.8600"",""1167.00""],[""0.8700"",""1529.16""],[""0.8800"",""64.18""]]"
2026-05-16T06:53:07.866Z,KXBTC15M-26MAY160300-00,BTC price up in next 15 mins?,KXBTC15M-26MAY160300,2026-05-16T07:00:00Z,active,0.14,0.15,0.85,0.86,0.14500000000000002,0.15,297247.76,123768.43,113.51,166.68,"[[""0.0870"",""125.00""],[""0.0890"",""125.00""],[""0.0900"",""767.00""],[""0.0920"",""125.00""],[""0.0940"",""125.00""],[""0.0960"",""125.00""],[""0.0980"",""125.00""],[""0.1000"",""1930.80""],[""0.1100"",""182.00""],[""0.1200"",""113.51""]]","[[""0.7800"",""789.00""],[""0.7900"",""302.47""],[""0.8000"",""182.00""],[""0.8100"",""151.00""],[""0.8200"",""127.00""],[""0.8300"",""150.00""],[""0.8400"",""133.26""],[""0.8500"",""1181.00""],[""0.8600"",""1633.16""],[""0.8700"",""166.68""]]"
2026-05-16T06:53:09.867Z,KXBTC15M-26MAY160300-00,BTC price up in next 15 mins?,KXBTC15M-26MAY160300,2026-05-16T07:00:00Z,active,0.14,0.15,0.85,0.86,0.14500000000000002,0.15,297247.76,123768.43,1145.8,103.75,"[[""0.0870"",""125.00""],[""0.0890"",""125.00""],[""0.0900"",""617.00""],[""0.0920"",""125.00""],[""0.0940"",""125.00""],[""0.0950"",""400.00""],[""0.0960"",""125.00""],[""0.0980"",""125.00""],[""0.1000"",""544.38""],[""0.1100"",""1145.80""]]","[[""0.7900"",""492.47""],[""0.8000"",""801.00""],[""0.8100"",""125.00""],[""0.8200"",""499.00""],[""0.8300"",""150.00""],[""0.8400"",""131.26""],[""0.8500"",""1788.16""],[""0.8600"",""1049.00""],[""0.8700"",""169.00""],[""0.8800"",""103.75""]]"
2026-05-16T06:53:11.862Z,KXBTC15M-26MAY160300-00,BTC price up in next 15 mins?,KXBTC15M-26MAY160300,2026-05-16T07:00:00Z,active,0.13,0.14,0.86,0.87,0.135,0.13,305103.11,125815.85,1532.63,0.6,"[[""0.0870"",""125.00""],[""0.0890"",""125.00""],[""0.0920"",""125.00""],[""0.0940"",""125.00""],[""0.0960"",""125.00""],[""0.0980"",""125.00""],[""0.1000"",""150.00""],[""0.1100"",""731.99""],[""0.1200"",""756.00""],[""0.1300"",""1532.63""]]","[[""0.7700"",""375.00""],[""0.7800"",""889.00""],[""0.7900"",""302.47""],[""0.8000"",""177.00""],[""0.8100"",""125.00""],[""0.8200"",""525.00""],[""0.8300"",""1150.16""],[""0.8400"",""1249.26""],[""0.8500"",""63.00""],[""0.8600"",""0.60""]]"
2026-05-16T06:53:13.865Z,KXBTC15M-26MAY160300-00,BTC price up in next 15 mins?,KXBTC15M-26MAY160300,2026-05-16T07:00:00Z,active,0.13,0.14,0.86,0.87,0.135,0.13,305103.11,125815.85,571.12,657.07,"[[""0.0890"",""125.00""],[""0.0920"",""125.00""],[""0.0940"",""125.00""],[""0.0960"",""125.00""],[""0.0980"",""125.00""],[""0.1000"",""150.00""],[""0.1100"",""113.99""],[""0.1200"",""1444.61""],[""0.1300"",""1135.80""],[""0.1400"",""571.12""]]","[[""0.7500"",""360.20""],[""0.7600"",""125.00""],[""0.7700"",""375.00""],[""0.7800"",""265.00""],[""0.7900"",""304.97""],[""0.8000"",""182.00""],[""0.8100"",""525.00""],[""0.8200"",""741.00""],[""0.8300"",""1174.28""],[""0.8400"",""657.07""]]"
2026-05-16T06:53:15.860Z,KXBTC15M-26MAY160300-00,BTC price up in next 15 mins?,KXBTC15M-26MAY160300,2026-05-16T07:00:00Z,active,0.13,0.14,0.86,0.87,0.135,0.13,305103.11,125815.85,408.8,671.59,"[[""0.0940"",""125.00""],[""0.0960"",""125.00""],[""0.0980"",""125.00""],[""0.1100"",""487.99""],[""0.1200"",""130.00""],[""0.1300"",""125.00""],[""0.1400"",""1391.61""],[""0.1500"",""202.00""],[""0.1600"",""1126.80""],[""0.1700"",""408.80""]]","[[""0.7300"",""275.00""],[""0.7400"",""189.00""],[""0.7500"",""360.20""],[""0.7600"",""127.00""],[""0.7700"",""227.00""],[""0.7800"",""625.00""],[""0.7900"",""302.97""],[""0.8000"",""1798.28""],[""0.8100"",""213.00""],[""0.8200"",""671.59""]]"
2026-05-16T06:53:17.851Z,KXBTC15M-26MAY160300-00,BTC price up in next 15 mins?,KXBTC15M-26MAY160300,2026-05-16T07:00:00Z,active,0.13,0.14,0.86,0.87,0.135,0.13,305103.11,125815.85,1480.79,646.48,"[[""0.0890"",""125.00""],[""0.0920"",""125.00""],[""0.0940"",""125.00""],[""0.0960"",""125.00""],[""0.0980"",""125.00""],[""0.1100"",""113.99""],[""0.1200"",""280.00""],[""0.1300"",""625.00""],[""0.1400"",""783.61""],[""0.1500"",""1480.79""]]","[[""0.7400"",""749.00""],[""0.7500"",""510.20""],[""0.7600"",""125.00""],[""0.7700"",""267.00""],[""0.7800"",""227.00""],[""0.7900"",""302.47""],[""0.8000"",""582.00""],[""0.8100"",""743.00""],[""0.8200"",""1117.28""],[""0.8300"",""646.48""]]"
2026-05-16T06:53:19.868Z,KXBTC15M-26MAY160300-00,BTC price up in next 15 mins?,KXBTC15M-26MAY160300,2026-05-16T07:00:00Z,active,0.13,0.14,0.86,0.87,0.135,0.13,305103.11,125815.85,120.86,388.11,"[[""0.0890"",""125.00""],[""0.0920"",""125.00""],[""0.0940"",""125.00""],[""0.0960"",""200.00""],[""0.0980"",""125.00""],[""0.1100"",""287.99""],[""0.1200"",""630.00""],[""0.1300"",""257.00""],[""0.1400"",""2147.16""],[""0.1500"",""120.86""]]","[[""0.7500"",""360.20""],[""0.7600"",""649.00""],[""0.7700"",""267.00""],[""0.7800"",""227.00""],[""0.7900"",""304.47""],[""0.8000"",""582.00""],[""0.8100"",""765.00""],[""0.8200"",""1119.28""],[""0.8300"",""96.46""],[""0.8400"",""388.11""]]"
2026-05-16T06:53:21.854Z,KXBTC15M-26MAY160300-00,BTC price up in next 15 mins?,KXBTC15M-26MAY160300,2026-05-16T07:00:00Z,active,0.13,0.14,0.86,0.87,0.135,0.13,305103.11,125815.85,1593.35,144.12,"[[""0.0920"",""125.00""],[""0.0940"",""125.00""],[""0.0960"",""125.00""],[""0.0980"",""125.00""],[""0.0990"",""4.00""],[""0.1000"",""150.00""],[""0.1100"",""137.99""],[""0.1200"",""630.00""],[""0.1300"",""895.61""],[""0.1400"",""1593.35""]]","[[""0.7500"",""360.20""],[""0.7600"",""499.00""],[""0.7700"",""417.00""],[""0.7800"",""227.00""],[""0.7900"",""302.47""],[""0.8000"",""182.00""],[""0.8100"",""1165.00""],[""0.8200"",""118.00""],[""0.8300"",""1070.74""],[""0.8400"",""144.12""]]"
2026-05-16T06:53:23.854Z,KXBTC15M-26MAY160300-00,BTC price up in next 15 mins?,KXBTC15M-26MAY160300,2026-05-16T07:00:00Z,active,0.13,0.14,0.86,0.87,0.135,0.13,305103.11,125815.85,549.58,255.11,"[[""0.0890"",""125.00""],[""0.0920"",""125.00""],[""0.0940"",""125.00""],[""0.0960"",""125.00""],[""0.0970"",""75.00""],[""0.0980"",""125.00""],[""0.1100"",""287.99""],[""0.1200"",""630.00""],[""0.1300"",""1743.85""],[""0.1400"",""549.58""]]","[[""0.7500"",""360.20""],[""0.7600"",""649.00""],[""0.7700"",""227.00""],[""0.7800"",""267.00""],[""0.7900"",""302.47""],[""0.8000"",""182.00""],[""0.8100"",""1165.00""],[""0.8200"",""118.00""],[""0.8300"",""1096.74""],[""0.8400"",""255.11""]]"
2026-05-16T06:53:25.864Z,KXBTC15M-26MAY160300-00,BTC price up in next 15 mins?,KXBTC15M-26MAY160300,2026-05-16T07:00:00Z,active,0.13,0.14,0.86,0.87,0.135,0.13,305103.11,125815.85,117.0,381.41,"[[""0.0850"",""125.00""],[""0.0870"",""125.00""],[""0.0890"",""125.00""],[""0.0900"",""1616.85""],[""0.0920"",""125.00""],[""0.0940"",""125.00""],[""0.0960"",""125.00""],[""0.0980"",""125.00""],[""0.0990"",""400.00""],[""0.1100"",""117.00""]]","[[""0.7900"",""452.47""],[""0.8000"",""217.00""],[""0.8100"",""125.00""],[""0.8200"",""116.00""],[""0.8300"",""471.46""],[""0.8400"",""126.00""],[""0.8500"",""100.50""],[""0.8600"",""758.00""],[""0.8700"",""1160.28""],[""0.8800"",""381.41""]]"
2026-05-16T06:53:27.867Z,KXBTC15M-26MAY160300-00,BTC price up in next 15 mins?,KXBTC15M-26MAY160300,2026-05-16T07:00:00Z,active,0.13,0.14,0.86,0.87,0.135,0.13,305103.11,125815.85,1220.24,2.0,"[[""0.0870"",""125.00""],[""0.0890"",""125.00""],[""0.0920"",""125.00""],[""0.0940"",""125.00""],[""0.0960"",""125.00""],[""0.0980"",""125.00""],[""0.1000"",""24.00""],[""0.1100"",""1050.00""],[""0.1200"",""741.61""],[""0.1300"",""1220.24""]]","[[""0.7700"",""560.00""],[""0.7800"",""849.51""],[""0.7900"",""302.97""],[""0.8000"",""701.50""],[""0.8100"",""525.49""],[""0.8200"",""732.00""],[""0.8300"",""1069.60""],[""0.8400"",""160.00""],[""0.8500"",""260.51""],[""0.8600"",""2.00""]]"
2026-05-16T06:53:29.852Z,KXBTC15M-26MAY160300-00,BTC price up in next 15 mins?,KXBTC15M-26MAY160300,2026-05-16T07:00:00Z,active,0.13,0.14,0.86,0.87,0.135,0.13,305103.11,125815.85,262.1,388.22,"[[""0.0890"",""125.00""],[""0.0900"",""133.00""],[""0.0920"",""125.00""],[""0.0940"",""125.00""],[""0.0960"",""125.00""],[""0.0980"",""125.00""],[""0.1100"",""1050.00""],[""0.1200"",""750.61""],[""0.1300"",""1125.24""],[""0.1400"",""262.10""]]","[[""0.7600"",""749.00""],[""0.7700"",""600.00""],[""0.7800"",""375.51""],[""0.7900"",""302.97""],[""0.8000"",""182.50""],[""0.8100"",""525.49""],[""0.8200"",""116.00""],[""0.8300"",""1687.60""],[""0.8400"",""156.00""],[""0.8500"",""388.22""]]"
2026-05-16T06:53:31.867Z,KXBTC15M-26MAY160300-00,BTC price up in next 15 mins?,KXBTC15M-26MAY160300,2026-05-16T07:00:00Z,active,0.13,0.14,0.86,0.87,0.135,0.13,305103.11,125815.85,1651.87,4.71,"[[""0.0890"",""125.00""],[""0.0920"",""125.00""],[""0.0940"",""125.00""],[""0.0960"",""125.00""],[""0.0980"",""125.00""],[""0.1000"",""133.00""],[""0.1100"",""150.00""],[""0.1200"",""1274.61""],[""0.1300"",""131.00""],[""0.1400"",""1651.87""]]","[[""0.7600"",""749.52""],[""0.7700"",""750.51""],[""0.7800"",""599.51""],[""0.7900"",""302.47""],[""0.8000"",""584.00""],[""0.8100"",""125.00""],[""0.8200"",""1758.14""],[""0.8300"",""79.46""],[""0.8400"",""540.79""],[""0.8500"",""4.71""]]"
2026-05-16T06:53:33.866Z,KXBTC15M-26MAY160300-00,BTC price up in next 15 mins?,KXBTC15M-26MAY160300,2026-05-16T07:00:00Z,active,0.13,0.14,0.86,0.87,0.135,0.13,305103.11,125815.85,279.09,527.79,"[[""0.0920"",""125.00""],[""0.0940"",""125.00""],[""0.0960"",""125.00""],[""0.0980"",""125.00""],[""0.1000"",""133.00""],[""0.1100"",""150.00""],[""0.1200"",""1272.61""],[""0.1300"",""1129.24""],[""0.1400"",""631.00""],[""0.1500"",""279.09""]]","[[""0.7500"",""360.73""],[""0.7600"",""789.52""],[""0.7700"",""710.51""],[""0.7800"",""599.51""],[""0.7900"",""302.47""],[""0.8000"",""580.00""],[""0.8100"",""125.00""],[""0.8200"",""758.00""],[""0.8300"",""1087.60""],[""0.8400"",""527.79""]]"
2026-05-16T06:53:35.874Z,KXBTC15M-26MAY160300-00,BTC price up in next 15 mins?,KXBTC15M-26MAY160300,2026-05-16T07:00:00Z,active,0.13,0.14,0.86,0.87,0.135,0.13,305103.11,125815.85,155.92,460.52,"[[""0.0890"",""125.00""],[""0.0920"",""125.00""],[""0.0940"",""125.00""],[""0.0960"",""125.00""],[""0.0980"",""125.00""],[""0.1000"",""633.00""],[""0.1100"",""550.00""],[""0.1200"",""772.61""],[""0.1300"",""1133.24""],[""0.1400"",""155.92""]]","[[""0.7600"",""749.52""],[""0.7700"",""710.51""],[""0.7800"",""639.51""],[""0.7900"",""302.47""],[""0.8000"",""580.00""],[""0.8100"",""125.00""],[""0.8200"",""758.00""],[""0.8300"",""89.46""],[""0.8400"",""1143.14""],[""0.8500"",""460.52""]]"
2026-05-16T06:53:37.859Z,KXBTC15M-26MAY160300-00,BTC price up in next 15 mins?,KXBTC15M-26MAY160300,2026-05-16T07:00:00Z,active,0.13,0.14,0.86,0.87,0.135,0.13,305103.11,125815.85,231.48,383.49,"[[""0.0890"",""125.00""],[""0.0920"",""125.00""],[""0.0940"",""125.00""],[""0.0960"",""125.00""],[""0.0980"",""125.00""],[""0.1000"",""153.00""],[""0.1100"",""1050.00""],[""0.1200"",""772.61""],[""0.1300"",""1133.24""],[""0.1400"",""231.48""]]","[[""0.7600"",""749.52""],[""0.7700"",""710.51""],[""0.7800"",""599.51""],[""0.7900"",""344.47""],[""0.8000"",""580.00""],[""0.8100"",""125.00""],[""0.8200"",""758.00""],[""0.8300"",""1080.60""],[""0.8400"",""125.00""],[""0.8500"",""383.49""]]"
2026-05-16T06:53:39.871Z,KXBTC15M-26MAY160300-00,BTC price up in next 15 mins?,KXBTC15M-26MAY160300,2026-05-16T07:00:00Z,active,0.13,0.14,0.86,0.87,0.135,0.13,305103.11,125815.85,134.28,510.0,"[[""0.0900"",""133.00""],[""0.0920"",""125.00""],[""0.0940"",""125.00""],[""0.0960"",""125.00""],[""0.0980"",""125.00""],[""0.1000"",""20.00""],[""0.1100"",""1073.00""],[""0.1200"",""154.00""],[""0.1300"",""1717.16""],[""0.1400"",""134.28""]]","[[""0.7600"",""749.52""],[""0.7700"",""560.51""],[""0.7800"",""749.51""],[""0.7900"",""344.47""],[""0.8000"",""580.00""],[""0.8100"",""125.00""],[""0.8200"",""758.00""],[""0.8300"",""70.46""],[""0.8400"",""1142.49""],[""0.8500"",""510.00""]]"
2026-05-16T06:53:41.862Z,KXBTC15M-26MAY160300-00,BTC price up in next 15 mins?,KXBTC15M-26MAY160300,2026-05-16T07:00:00Z,active,0.14,0.15,0.85,0.86,0.14500000000000002,0.15,314985.96,129282.60,1870.07,545.11,"[[""0.0890"",""125.00""],[""0.0900"",""133.00""],[""0.0920"",""125.00""],[""0.0940"",""125.00""],[""0.0960"",""125.00""],[""0.0980"",""125.00""],[""0.1000"",""20.00""],[""0.1100"",""1073.00""],[""0.1200"",""154.00""],[""0.1300"",""1870.07""]]","[[""0.7600"",""749.52""],[""0.7700"",""560.51""],[""0.7800"",""749.51""],[""0.7900"",""344.47""],[""0.8000"",""180.00""],[""0.8100"",""741.00""],[""0.8200"",""142.00""],[""0.8300"",""1069.60""],[""0.8400"",""535.35""],[""0.8500"",""545.11""]]"
2026-05-16T06:53:43.860Z,KXBTC15M-26MAY160300-00,BTC price up in next 15 mins?,KXBTC15M-26MAY160300,2026-05-16T07:00:00Z,active,0.14,0.15,0.85,0.86,0.14500000000000002,0.15,314985.96,129282.60,1234.29,29.76,"[[""0.0900"",""133.00""],[""0.0920"",""125.00""],[""0.0940"",""125.00""],[""0.0960"",""125.00""],[""0.0980"",""127.00""],[""0.1000"",""20.00""],[""0.1100"",""173.00""],[""0.1200"",""2601.00""],[""0.1300"",""1739.39""],[""0.1400"",""1234.29""]]","[[""0.7600"",""749.52""],[""0.7700"",""600.51""],[""0.7800"",""749.51""],[""0.7900"",""377.97""],[""0.8000"",""180.00""],[""0.8100"",""125.00""],[""0.8200"",""1156.00""],[""0.8300"",""1579.60""],[""0.8400"",""119.35""],[""0.8500"",""29.76""]]"
2026-05-16T06:53:45.866Z,KXBTC15M-26MAY160300-00,BTC price up in next 15 mins?,KXBTC15M-26MAY160300,2026-05-16T07:00:00Z,active,0.14,0.15,0.85,0.86,0.14500000000000002,0.15,314985.96,129282.60,27.0,166.79,"[[""0.0920"",""125.00""],[""0.0940"",""125.00""],[""0.0960"",""125.00""],[""0.0980"",""125.00""],[""0.1000"",""155.00""],[""0.1100"",""173.00""],[""0.1200"",""1851.00""],[""0.1300"",""2026.39""],[""0.1400"",""19.83""],[""0.1500"",""27.00""]]","[[""0.7500"",""360.73""],[""0.7600"",""749.52""],[""0.7700"",""750.51""],[""0.7800"",""599.51""],[""0.7900"",""377.47""],[""0.8000"",""796.00""],[""0.8100"",""125.00""],[""0.8200"",""1540.14""],[""0.8300"",""579.46""],[""0.8400"",""166.79""]]"
2026-05-16T06:53:47.861Z,KXBTC15M-26MAY160300-00,BTC price up in next 15 mins?,KXBTC15M-26MAY160300,2026-05-16T07:00:00Z,active,0.14,0.15,0.85,0.86,0.14500000000000002,0.15,314985.96,129282.60,119.03,70.64,"[[""0.0920"",""125.00""],[""0.0940"",""125.00""],[""0.0960"",""125.00""],[""0.0980"",""125.00""],[""0.1000"",""155.00""],[""0.1100"",""789.00""],[""0.1200"",""579.00""],[""0.1300"",""625.00""],[""0.1400"",""1002.53""],[""0.1500"",""119.03""]]","[[""0.7500"",""360.73""],[""0.7600"",""749.52""],[""0.7700"",""415.51""],[""0.7800"",""599.00""],[""0.7900"",""377.47""],[""0.8000"",""180.00""],[""0.8100"",""125.00""],[""0.8200"",""2156.14""],[""0.8300"",""579.46""],[""0.8400"",""70.64""]]"
2026-05-16T06:53:49.864Z,KXBTC15M-26MAY160300-00,BTC price up in next 15 mins?,KXBTC15M-26MAY160300,2026-05-16T07:00:00Z,active,0.14,0.15,0.85,0.86,0.14500000000000002,0.15,314985.96,129282.60,100.18,1187.46,"[[""0.0920"",""125.00""],[""0.0940"",""125.00""],[""0.0960"",""125.00""],[""0.0980"",""125.00""],[""0.1000"",""155.00""],[""0.1100"",""790.00""],[""0.1200"",""154.00""],[""0.1300"",""2035.53""],[""0.1400"",""144.83""],[""0.1500"",""100.18""]]","[[""0.7400"",""125.54""],[""0.7500"",""400.73""],[""0.7600"",""749.52""],[""0.7700"",""375.51""],[""0.7800"",""599.00""],[""0.7900"",""379.47""],[""0.8000"",""180.00""],[""0.8100"",""125.00""],[""0.8200"",""1548.14""],[""0.8300"",""1187.46""]]"
2026-05-16T06:53:51.873Z,KXBTC15M-26MAY160300-00,BTC price up in next 15 mins?,KXBTC15M-26MAY160300,2026-05-16T07:00:00Z,active,0.14,0.15,0.85,0.86,0.14500000000000002,0.15,314985.96,129282.60,126.59,687.69,"[[""0.0920"",""125.00""],[""0.0940"",""125.00""],[""0.0960"",""125.00""],[""0.0980"",""125.00""],[""0.1000"",""153.00""],[""0.1100"",""792.00""],[""0.1200"",""130.00""],[""0.1300"",""1025.00""],[""0.1400"",""1151.53""],[""0.1500"",""126.59""]]","[[""0.7400"",""125.54""],[""0.7500"",""734.73""],[""0.7600"",""165.52""],[""0.7700"",""375.51""],[""0.7800"",""225.00""],[""0.7900"",""401.47""],[""0.8000"",""180.00""],[""0.8100"",""741.00""],[""0.8200"",""1536.14""],[""0.8300"",""687.69""]]"
2026-05-16T06:53:53.863Z,KXBTC15M-26MAY160300-00,BTC price up in next 15 mins?,KXBTC15M-26MAY160300,2026-05-16T07:00:00Z,active,0.14,0.15,0.85,0.86,0.14500000000000002,0.15,314985.96,129282.60,243.59,670.76,"[[""0.0920"",""125.00""],[""0.0940"",""125.00""],[""0.0960"",""125.00""],[""0.0980"",""125.00""],[""0.1000"",""20.00""],[""0.1100"",""925.00""],[""0.1200"",""130.00""],[""0.1300"",""625.00""],[""0.1400"",""1598.53""],[""0.1500"",""243.59""]]","[[""0.7400"",""125.54""],[""0.7500"",""734.73""],[""0.7600"",""275.52""],[""0.7700"",""265.51""],[""0.7800"",""225.00""],[""0.7900"",""401.47""],[""0.8000"",""180.00""],[""0.8100"",""1141.00""],[""0.8200"",""1136.14""],[""0.8300"",""670.76""]]"
2026-05-16T06:53:55.862Z,KXBTC15M-26MAY160300-00,BTC price up in next 15 mins?,KXBTC15M-26MAY160300,2026-05-16T07:00:00Z,active,0.14,0.15,0.85,0.86,0.14500000000000002,0.15,314985.96,129282.60,113.59,742.53,"[[""0.0920"",""125.00""],[""0.0940"",""125.00""],[""0.0960"",""125.00""],[""0.0980"",""125.00""],[""0.1000"",""153.00""],[""0.1100"",""792.00""],[""0.1200"",""130.00""],[""0.1300"",""1025.00""],[""0.1400"",""1187.53""],[""0.1500"",""113.59""]]","[[""0.7400"",""125.54""],[""0.7500"",""734.73""],[""0.7600"",""125.52""],[""0.7700"",""415.51""],[""0.7800"",""225.00""],[""0.7900"",""326.47""],[""0.8000"",""180.00""],[""0.8100"",""525.00""],[""0.8200"",""1752.14""],[""0.8300"",""742.53""]]"
2026-05-16T06:53:57.853Z,KXBTC15M-26MAY160300-00,BTC price up in next 15 mins?,KXBTC15M-26MAY160300,2026-05-16T07:00:00Z,active,0.14,0.15,0.85,0.86,0.14500000000000002,0.15,314985.96,129282.60,221.3,10.0,"[[""0.0920"",""125.00""],[""0.0940"",""125.00""],[""0.0960"",""125.00""],[""0.0980"",""125.00""],[""0.1000"",""153.00""],[""0.1100"",""792.00""],[""0.1200"",""130.00""],[""0.1300"",""1035.00""],[""0.1400"",""1176.53""],[""0.1500"",""221.30""]]","[[""0.7500"",""734.73""],[""0.7600"",""125.52""],[""0.7700"",""415.51""],[""0.7800"",""225.00""],[""0.7900"",""326.47""],[""0.8000"",""180.00""],[""0.8100"",""525.00""],[""0.8200"",""1707.40""],[""0.8300"",""726.97""],[""0.8400"",""10.00""]]"
2026-05-16T06:53:59.872Z,KXBTC15M-26MAY160300-00,BTC price up in next 15 mins?,KXBTC15M-26MAY160300,2026-05-16T07:00:00Z,active,0.14,0.15,0.85,0.86,0.14500000000000002,0.15,314985.96,129282.60,1153.65,26.54,"[[""0.0940"",""125.00""],[""0.0960"",""125.00""],[""0.0980"",""125.00""],[""0.1000"",""135.00""],[""0.1100"",""309.00""],[""0.1200"",""130.00""],[""0.1300"",""125.00""],[""0.1400"",""813.00""],[""0.1500"",""1159.27""],[""0.1600"",""1153.65""]]","[[""0.7400"",""125.54""],[""0.7500"",""774.73""],[""0.7600"",""277.52""],[""0.7700"",""300.00""],[""0.7800"",""225.00""],[""0.7900"",""942.47""],[""0.8000"",""1614.07""],[""0.8100"",""500.00""],[""0.8200"",""2.00""],[""0.8300"",""26.54""]]"
2026-05-16T06:54:01.862Z,KXBTC15M-26MAY160300-00,BTC price up in next 15 mins?,KXBTC15M-26MAY160300,2026-05-16T07:00:00Z,active,0.14,0.15,0.85,0.86,0.14500000000000002,0.15,314985.96,129282.60,200.83,540.59,"[[""0.0960"",""125.00""],[""0.0980"",""125.00""],[""0.1000"",""20.00""],[""0.1100"",""307.00""],[""0.1200"",""667.00""],[""0.1300"",""130.00""],[""0.1400"",""766.00""],[""0.1500"",""549.27""],[""0.1600"",""1097.81""],[""0.1700"",""200.83""]]","[[""0.7300"",""125.54""],[""0.7400"",""125.54""],[""0.7500"",""400.73""],[""0.7600"",""350.52""],[""0.7700"",""225.00""],[""0.7800"",""225.00""],[""0.7900"",""918.47""],[""0.8000"",""1580.40""],[""0.8100"",""145.00""],[""0.8200"",""540.59""]]"
2026-05-16T06:54:03.865Z,KXBTC15M-26MAY160300-00,BTC price up in next 15 mins?,KXBTC15M-26MAY160300,2026-05-16T07:00:00Z,active,0.14,0.15,0.85,0.86,0.14500000000000002,0.15,314985.96,129282.60,75.0,484.24,"[[""0.0900"",""3.00""],[""0.0920"",""125.00""],[""0.0940"",""125.00""],[""0.0960"",""125.00""],[""0.0980"",""125.00""],[""0.1100"",""525.00""],[""0.1200"",""625.00""],[""0.1300"",""150.00""],[""0.1400"",""2822.00""],[""0.1500"",""75.00""]]","[[""0.7500"",""734.73""],[""0.7600"",""202.52""],[""0.7700"",""415.00""],[""0.7800"",""225.00""],[""0.7900"",""302.47""],[""0.8000"",""599.00""],[""0.8100"",""1127.40""],[""0.8200"",""145.43""],[""0.8300"",""776.00""],[""0.8400"",""484.24""]]"
2026-05-16T06:54:05.874Z,KXBTC15M-26MAY160300-00,BTC price up in next 15 mins?,KXBTC15M-26MAY160300,2026-05-16T07:00:00Z,active,0.14,0.15,0.85,0.86,0.14500000000000002,0.15,314985.96,129282.60,95.7,454.61,"[[""0.0890"",""125.00""],[""0.0900"",""4.00""],[""0.0920"",""125.00""],[""0.0940"",""125.00""],[""0.0960"",""125.00""],[""0.0980"",""125.00""],[""0.1100"",""1025.00""],[""0.1200"",""135.00""],[""0.1300"",""1640.43""],[""0.1400"",""95.70""]]","[[""0.7600"",""202.00""],[""0.7700"",""415.00""],[""0.7800"",""225.00""],[""0.7900"",""302.47""],[""0.8000"",""599.00""],[""0.8100"",""127.00""],[""0.8200"",""140.43""],[""0.8300"",""126.00""],[""0.8400"",""1746.40""],[""0.8500"",""454.61""]]"
2026-05-16T06:54:07.855Z,KXBTC15M-26MAY160300-00,BTC price up in next 15 mins?,KXBTC15M-26MAY160300,2026-05-16T07:00:00Z,active,0.14,0.15,0.85,0.86,0.14500000000000002,0.15,314985.96,129282.60,85.0,145.73,"[[""0.0690"",""525.00""],[""0.0700"",""5.00""],[""0.0730"",""125.00""],[""0.0750"",""125.00""],[""0.0770"",""150.00""],[""0.0810"",""125.00""],[""0.0840"",""1625.00""],[""0.0850"",""108.00""],[""0.0860"",""10.00""],[""0.0880"",""85.00""]]","[[""0.8400"",""125.00""],[""0.8500"",""530.00""],[""0.8600"",""125.00""],[""0.8700"",""150.00""],[""0.8800"",""125.00""],[""0.8900"",""160.00""],[""0.9000"",""1616.40""],[""0.9010"",""125.00""],[""0.9020"",""500.00""],[""0.9030"",""145.73""]]"
2026-05-16T06:54:09.869Z,KXBTC15M-26MAY160300-00,BTC price up in next 15 mins?,KXBTC15M-26MAY160300,2026-05-16T07:00:00Z,active,0.14,0.15,0.85,0.86,0.14500000000000002,0.15,314985.96,129282.60,125.0,2267.51,"[[""0.0750"",""125.00""],[""0.0770"",""150.00""],[""0.0800"",""1400.00""],[""0.0810"",""125.00""],[""0.0830"",""1500.00""],[""0.0840"",""125.00""],[""0.0850"",""108.00""],[""0.0860"",""10.00""],[""0.0880"",""136.00""],[""0.0920"",""125.00""]]","[[""0.8000"",""949.00""],[""0.8100"",""125.00""],[""0.8200"",""152.43""],[""0.8300"",""151.00""],[""0.8400"",""600.00""],[""0.8500"",""130.00""],[""0.8600"",""125.00""],[""0.8700"",""150.00""],[""0.8800"",""125.00""],[""0.8900"",""2267.51""]]"
2026-05-16T06:54:11.865Z,KXBTC15M-26MAY160300-00,BTC price up in next 15 mins?,KXBTC15M-26MAY160300,2026-05-16T07:00:00Z,active,0.092,0.1,0.9,0.908,0.096,0.11,326828.74,132779.49,21.0,101.61,"[[""0.0580"",""125.00""],[""0.0600"",""1026.00""],[""0.0610"",""125.00""],[""0.0640"",""125.00""],[""0.0650"",""400.00""],[""0.0670"",""125.00""],[""0.0690"",""125.00""],[""0.0700"",""5.00""],[""0.0740"",""25.00""],[""0.0750"",""21.00""]]","[[""0.8700"",""150.00""],[""0.8800"",""125.00""],[""0.8900"",""126.00""],[""0.9000"",""1741.40""],[""0.9010"",""25.00""],[""0.9020"",""500.00""],[""0.9030"",""125.00""],[""0.9060"",""135.00""],[""0.9070"",""13.00""],[""0.9090"",""101.61""]]"
2026-05-16T06:54:13.864Z,KXBTC15M-26MAY160300-00,BTC price up in next 15 mins?,KXBTC15M-26MAY160300,2026-05-16T07:00:00Z,active,0.092,0.1,0.9,0.908,0.096,0.11,326828.74,132779.49,254.48,40.79,"[[""0.0650"",""400.00""],[""0.0670"",""125.00""],[""0.0690"",""125.00""],[""0.0700"",""5.00""],[""0.0720"",""125.00""],[""0.0740"",""25.00""],[""0.0760"",""135.00""],[""0.0780"",""125.00""],[""0.0800"",""143.00""],[""0.0810"",""254.48""]]","[[""0.8700"",""150.00""],[""0.8800"",""125.00""],[""0.8900"",""126.00""],[""0.9000"",""1125.40""],[""0.9010"",""38.00""],[""0.9030"",""135.00""],[""0.9060"",""125.00""],[""0.9100"",""616.00""],[""0.9120"",""385.37""],[""0.9130"",""40.79""]]"
2026-05-16T06:54:15.875Z,KXBTC15M-26MAY160300-00,BTC price up in next 15 mins?,KXBTC15M-26MAY160300,2026-05-16T07:00:00Z,active,0.092,0.1,0.9,0.908,0.096,0.11,326828.74,132779.49,263.81,500.0,"[[""0.0640"",""125.00""],[""0.0670"",""125.00""],[""0.0690"",""125.00""],[""0.0700"",""29.00""],[""0.0720"",""125.00""],[""0.0730"",""11.00""],[""0.0740"",""25.00""],[""0.0760"",""135.00""],[""0.0780"",""125.00""],[""0.0800"",""263.81""]]","[[""0.8700"",""150.00""],[""0.8800"",""149.00""],[""0.8900"",""125.00""],[""0.9000"",""1741.40""],[""0.9010"",""25.00""],[""0.9020"",""10.00""],[""0.9030"",""125.00""],[""0.9060"",""125.00""],[""0.9090"",""11.27""],[""0.9120"",""500.00""]]"
2026-05-16T06:54:17.876Z,KXBTC15M-26MAY160300-00,BTC price up in next 15 mins?,KXBTC15M-26MAY160300,2026-05-16T07:00:00Z,active,0.092,0.1,0.9,0.908,0.096,0.11,326828.74,132779.49,10.0,243.17,"[[""0.0670"",""125.00""],[""0.0690"",""125.00""],[""0.0700"",""29.00""],[""0.0720"",""125.00""],[""0.0740"",""25.00""],[""0.0760"",""125.00""],[""0.0780"",""136.00""],[""0.0800"",""155.00""],[""0.0810"",""129.48""],[""0.0830"",""10.00""]]","[[""0.8400"",""749.00""],[""0.8500"",""533.00""],[""0.8600"",""501.00""],[""0.8700"",""150.00""],[""0.8800"",""149.00""],[""0.8900"",""125.00""],[""0.9000"",""1751.40""],[""0.9010"",""25.00""],[""0.9030"",""138.00""],[""0.9120"",""243.17""]]"
2026-05-16T06:54:19.876Z,KXBTC15M-26MAY160300-00,BTC price up in next 15 mins?,KXBTC15M-26MAY160300,2026-05-16T07:00:00Z,active,0.092,0.1,0.9,0.908,0.096,0.11,326828.74,132779.49,142.23,535.0,"[[""0.0800"",""1155.00""],[""0.0810"",""125.00""],[""0.0850"",""125.00""],[""0.0890"",""125.00""],[""0.0910"",""125.00""],[""0.0940"",""125.00""],[""0.0950"",""10.00""],[""0.0970"",""10.00""],[""0.0980"",""125.00""],[""0.1000"",""142.23""]]","[[""0.8000"",""382.76""],[""0.8100"",""1085.00""],[""0.8200"",""125.00""],[""0.8300"",""524.00""],[""0.8400"",""527.00""],[""0.8500"",""133.00""],[""0.8600"",""125.00""],[""0.8700"",""150.00""],[""0.8800"",""1776.40""],[""0.8900"",""535.00""]]"
2026-05-16T06:54:21.872Z,KXBTC15M-26MAY160300-00,BTC price up in next 15 mins?,KXBTC15M-26MAY160300,2026-05-16T07:00:00Z,active,0.092,0.1,0.9,0.908,0.096,0.11,326828.74,132779.49,5000.0,5.25,"[[""0.0740"",""25.00""],[""0.0760"",""125.00""],[""0.0780"",""525.00""],[""0.0800"",""1155.00""],[""0.0810"",""125.00""],[""0.0830"",""108.00""],[""0.0840"",""10.00""],[""0.0870"",""13.00""],[""0.0900"",""130.00""],[""0.0920"",""5000.00""]]","[[""0.8400"",""527.00""],[""0.8500"",""133.00""],[""0.8600"",""125.00""],[""0.8700"",""174.00""],[""0.8800"",""1741.40""],[""0.8900"",""186.00""],[""0.9000"",""125.00""],[""0.9020"",""500.00""],[""0.9030"",""125.00""],[""0.9040"",""5.25""]]"
2026-05-16T06:54:23.870Z,KXBTC15M-26MAY160300-00,BTC price up in next 15 mins?,KXBTC15M-26MAY160300,2026-05-16T07:00:00Z,active,0.092,0.1,0.9,0.908,0.096,0.11,326828.74,132779.49,105.0,107.62,"[[""0.0480"",""125.00""],[""0.0500"",""1124.32""],[""0.0520"",""125.00""],[""0.0530"",""400.00""],[""0.0570"",""10.00""],[""0.0600"",""26.00""],[""0.0640"",""10.00""],[""0.0700"",""5.00""],[""0.0710"",""113.00""],[""0.0800"",""105.00""]]","[[""0.9030"",""125.00""],[""0.9050"",""25.00""],[""0.9060"",""125.00""],[""0.9090"",""125.00""],[""0.9100"",""1000.00""],[""0.9110"",""125.00""],[""0.9120"",""500.00""],[""0.9140"",""125.00""],[""0.9160"",""125.00""],[""0.9180"",""107.62""]]"
2026-05-16T06:54:25.871Z,KXBTC15M-26MAY160300-00,BTC price up in next 15 mins?,KXBTC15M-26MAY160300,2026-05-16T07:00:00Z,active,0.092,0.1,0.9,0.908,0.096,0.11,326828.74,132779.49,130.0,150.0,"[[""0.0230"",""1061.00""],[""0.0240"",""846.00""],[""0.0300"",""1302.00""],[""0.0310"",""129.00""],[""0.0320"",""500.00""],[""0.0380"",""4.00""],[""0.0400"",""20.00""],[""0.0500"",""124.32""],[""0.0560"",""10.00""],[""0.0600"",""130.00""]]","[[""0.9200"",""1630.00""],[""0.9220"",""125.00""],[""0.9240"",""125.00""],[""0.9260"",""120.00""],[""0.9290"",""73.65""],[""0.9320"",""500.00""],[""0.9330"",""125.00""],[""0.9350"",""125.00""],[""0.9370"",""125.00""],[""0.9390"",""150.00""]]"
2026-05-16T06:54:27.867Z,KXBTC15M-26MAY160300-00,BTC price up in next 15 mins?,KXBTC15M-26MAY160300,2026-05-16T07:00:00Z,active,0.092,0.1,0.9,0.908,0.096,0.11,326828.74,132779.49,325.71,30.44,"[[""0.0240"",""846.00""],[""0.0260"",""525.00""],[""0.0280"",""125.00""],[""0.0300"",""1302.00""],[""0.0310"",""254.00""],[""0.0380"",""1500.00""],[""0.0400"",""150.00""],[""0.0440"",""20.00""],[""0.0460"",""4875.00""],[""0.0470"",""325.71""]]","[[""0.9350"",""125.00""],[""0.9370"",""125.00""],[""0.9390"",""136.80""],[""0.9400"",""13.00""],[""0.9420"",""510.00""],[""0.9430"",""125.00""],[""0.9450"",""125.00""],[""0.9470"",""125.00""],[""0.9480"",""30.52""],[""0.9510"",""30.44""]]"
2026-05-16T06:54:29.862Z,KXBTC15M-26MAY160300-00,BTC price up in next 15 mins?,KXBTC15M-26MAY160300,2026-05-16T07:00:00Z,active,0.092,0.1,0.9,0.908,0.096,0.11,326828.74,132779.49,125.0,85.0,"[[""0.0620"",""125.00""],[""0.0640"",""125.00""],[""0.0660"",""10.00""],[""0.0670"",""125.00""],[""0.0700"",""125.00""],[""0.0720"",""125.00""],[""0.0740"",""150.00""],[""0.0770"",""125.00""],[""0.0800"",""125.00""],[""0.0840"",""125.00""]]","[[""0.8500"",""128.00""],[""0.8600"",""686.00""],[""0.8700"",""152.00""],[""0.8800"",""125.00""],[""0.9000"",""1616.00""],[""0.9050"",""25.00""],[""0.9080"",""14.00""],[""0.9100"",""6.00""],[""0.9120"",""500.00""],[""0.9140"",""85.00""]]"
2026-05-16T06:54:31.875Z,KXBTC15M-26MAY160300-00,BTC price up in next 15 mins?,KXBTC15M-26MAY160300,2026-05-16T07:00:00Z,active,0.092,0.1,0.9,0.908,0.096,0.11,326828.74,132779.49,125.0,564.64,"[[""0.0870"",""108.98""],[""0.0880"",""10.00""],[""0.0900"",""1000.00""],[""0.0910"",""125.00""],[""0.0930"",""125.00""],[""0.0940"",""10.00""],[""0.0950"",""125.00""],[""0.0990"",""125.00""],[""0.1000"",""17.23""],[""0.1100"",""125.00""]]","[[""0.7900"",""302.47""],[""0.8000"",""332.76""],[""0.8100"",""462.00""],[""0.8200"",""125.00""],[""0.8300"",""774.00""],[""0.8400"",""535.00""],[""0.8500"",""135.00""],[""0.8600"",""126.00""],[""0.8700"",""3715.19""],[""0.8800"",""564.64""]]"
2026-05-16T06:54:33.878Z,KXBTC15M-26MAY160300-00,BTC price up in next 15 mins?,KXBTC15M-26MAY160300,2026-05-16T07:00:00Z,active,0.092,0.1,0.9,0.908,0.096,0.11,326828.74,132779.49,130.0,1155.0,"[[""0.0770"",""125.00""],[""0.0800"",""1125.00""],[""0.0820"",""11.00""],[""0.0840"",""125.00""],[""0.0870"",""108.98""],[""0.0910"",""125.00""],[""0.0930"",""125.00""],[""0.0950"",""125.00""],[""0.0990"",""125.00""],[""0.1000"",""130.00""]]","[[""0.8000"",""182.76""],[""0.8100"",""612.00""],[""0.8200"",""127.00""],[""0.8300"",""774.00""],[""0.8400"",""899.00""],[""0.8500"",""135.00""],[""0.8600"",""126.00""],[""0.8700"",""150.00""],[""0.8800"",""3109.83""],[""0.8900"",""1155.00""]]"
2026-05-16T06:54:35.873Z,KXBTC15M-26MAY160300-00,BTC price up in next 15 mins?,KXBTC15M-26MAY160300,2026-05-16T07:00:00Z,active,0.092,0.1,0.9,0.908,0.096,0.11,326828.74,132779.49,11.0,125.0,"[[""0.0500"",""730.00""],[""0.0520"",""738.00""],[""0.0540"",""525.00""],[""0.0580"",""125.00""],[""0.0600"",""1125.00""],[""0.0620"",""125.00""],[""0.0700"",""29.00""],[""0.0760"",""10.00""],[""0.0770"",""1500.00""],[""0.0790"",""11.00""]]","[[""0.8900"",""126.00""],[""0.9000"",""1626.00""],[""0.9010"",""125.00""],[""0.9020"",""25.00""],[""0.9040"",""139.00""],[""0.9060"",""125.00""],[""0.9100"",""125.00""],[""0.9120"",""500.00""],[""0.9130"",""125.00""],[""0.9160"",""125.00""]]"
2026-05-16T06:54:37.875Z,KXBTC15M-26MAY160300-00,BTC price up in next 15 mins?,KXBTC15M-26MAY160300,2026-05-16T07:00:00Z,active,0.092,0.1,0.9,0.908,0.096,0.11,326828.74,132779.49,50.0,32.38,"[[""0.0660"",""125.00""],[""0.0680"",""125.00""],[""0.0700"",""130.00""],[""0.0720"",""238.00""],[""0.0750"",""10.00""],[""0.0760"",""125.00""],[""0.0770"",""36.00""],[""0.0780"",""125.00""],[""0.0800"",""145.74""],[""0.0820"",""50.00""]]","[[""0.8800"",""2232.09""],[""0.8900"",""126.00""],[""0.9000"",""1731.77""],[""0.9020"",""150.00""],[""0.9030"",""10.00""],[""0.9050"",""125.00""],[""0.9070"",""13.00""],[""0.9080"",""125.00""],[""0.9120"",""500.00""],[""0.9130"",""32.38""]]"
2026-05-16T06:54:39.879Z,KXBTC15M-26MAY160300-00,BTC price up in next 15 mins?,KXBTC15M-26MAY160300,2026-05-16T07:00:00Z,active,0.092,0.1,0.9,0.908,0.096,0.11,326828.74,132779.49,53.04,416.76,"[[""0.0660"",""125.00""],[""0.0680"",""125.00""],[""0.0700"",""140.00""],[""0.0720"",""238.00""],[""0.0730"",""10.00""],[""0.0760"",""125.00""],[""0.0770"",""25.00""],[""0.0780"",""18.97""],[""0.0820"",""39.35""],[""0.0870"",""53.04""]]","[[""0.8800"",""2232.09""],[""0.8900"",""126.00""],[""0.9000"",""1731.77""],[""0.9020"",""150.00""],[""0.9050"",""125.00""],[""0.9070"",""10.00""],[""0.9080"",""125.00""],[""0.9100"",""13.00""],[""0.9110"",""125.00""],[""0.9120"",""416.76""]]"
2026-05-16T06:54:41.877Z,KXBTC15M-26MAY160300-00,BTC price up in next 15 mins?,KXBTC15M-26MAY160300,2026-05-16T07:00:00Z,active,0.06,0.067,0.933,0.94,0.0635,0.067,340148.22,139095.27,80.0,135.76,"[[""0.0400"",""1145.00""],[""0.0420"",""150.00""],[""0.0440"",""125.00""],[""0.0470"",""125.00""],[""0.0500"",""355.00""],[""0.0530"",""125.00""],[""0.0540"",""1510.00""],[""0.0550"",""20.00""],[""0.0570"",""11.00""],[""0.0600"",""80.00""]]","[[""0.9150"",""125.00""],[""0.9170"",""125.00""],[""0.9190"",""125.00""],[""0.9200"",""1616.77""],[""0.9230"",""125.00""],[""0.9250"",""135.00""],[""0.9270"",""138.00""],[""0.9290"",""106.85""],[""0.9320"",""500.00""],[""0.9330"",""135.76""]]"
2026-05-16T06:54:43.873Z,KXBTC15M-26MAY160300-00,BTC price up in next 15 mins?,KXBTC15M-26MAY160300,2026-05-16T07:00:00Z,active,0.06,0.067,0.933,0.94,0.0635,0.067,340148.22,139095.27,10.0,76.75,"[[""0.0440"",""125.00""],[""0.0470"",""125.00""],[""0.0500"",""249.00""],[""0.0510"",""10.00""],[""0.0530"",""125.00""],[""0.0540"",""12.00""],[""0.0550"",""20.00""],[""0.0560"",""125.00""],[""0.0600"",""5.00""],[""0.0670"",""10.00""]]","[[""0.9110"",""125.00""],[""0.9150"",""125.00""],[""0.9170"",""125.00""],[""0.9190"",""125.00""],[""0.9200"",""1640.77""],[""0.9220"",""499.14""],[""0.9230"",""125.00""],[""0.9250"",""125.00""],[""0.9270"",""125.00""],[""0.9290"",""76.75""]]"
2026-05-16T06:54:45.870Z,KXBTC15M-26MAY160300-00,BTC price up in next 15 mins?,KXBTC15M-26MAY160300,2026-05-16T07:00:00Z,active,0.06,0.067,0.933,0.94,0.0635,0.067,340148.22,139095.27,97.77,500.0,"[[""0.0380"",""125.00""],[""0.0400"",""1145.00""],[""0.0420"",""150.00""],[""0.0440"",""125.00""],[""0.0470"",""125.00""],[""0.0500"",""379.00""],[""0.0530"",""125.00""],[""0.0560"",""246.00""],[""0.0570"",""1510.00""],[""0.0580"",""97.77""]]","[[""0.9110"",""125.00""],[""0.9150"",""125.00""],[""0.9170"",""125.00""],[""0.9190"",""125.00""],[""0.9200"",""1641.77""],[""0.9230"",""135.00""],[""0.9250"",""125.00""],[""0.9270"",""125.00""],[""0.9280"",""15.00""],[""0.9320"",""500.00""]]"
2026-05-16T06:54:47.867Z,KXBTC15M-26MAY160300-00,BTC price up in next 15 mins?,KXBTC15M-26MAY160300,2026-05-16T07:00:00Z,active,0.06,0.067,0.933,0.94,0.0635,0.067,340148.22,139095.27,2121.3,115.0,"[[""0.0420"",""150.00""],[""0.0440"",""125.00""],[""0.0470"",""125.00""],[""0.0500"",""249.00""],[""0.0530"",""1625.00""],[""0.0560"",""125.00""],[""0.0590"",""129.00""],[""0.0600"",""255.00""],[""0.0650"",""10.00""],[""0.0700"",""2121.30""]]","[[""0.9110"",""125.00""],[""0.9150"",""125.00""],[""0.9170"",""125.00""],[""0.9190"",""125.00""],[""0.9200"",""1641.77""],[""0.9210"",""10.00""],[""0.9220"",""500.00""],[""0.9230"",""125.00""],[""0.9250"",""125.00""],[""0.9270"",""115.00""]]"
2026-05-16T06:54:49.868Z,KXBTC15M-26MAY160300-00,BTC price up in next 15 mins?,KXBTC15M-26MAY160300,2026-05-16T07:00:00Z,active,0.06,0.067,0.933,0.94,0.0635,0.067,340148.22,139095.27,25.0,528.82,"[[""0.0560"",""125.00""],[""0.0600"",""1125.00""],[""0.0630"",""135.00""],[""0.0640"",""1616.00""],[""0.0650"",""125.00""],[""0.0680"",""125.00""],[""0.0700"",""1943.25""],[""0.0710"",""125.00""],[""0.0720"",""20.55""],[""0.0730"",""25.00""]]","[[""0.9000"",""1125.00""],[""0.9020"",""150.00""],[""0.9050"",""125.00""],[""0.9080"",""125.00""],[""0.9100"",""746.00""],[""0.9120"",""125.00""],[""0.9140"",""135.00""],[""0.9160"",""13.00""],[""0.9200"",""1.00""],[""0.9220"",""528.82""]]"
2026-05-16T06:54:51.874Z,KXBTC15M-26MAY160300-00,BTC price up in next 15 mins?,KXBTC15M-26MAY160300,2026-05-16T07:00:00Z,active,0.06,0.067,0.933,0.94,0.0635,0.067,340148.22,139095.27,10.0,391.74,"[[""0.0600"",""1125.00""],[""0.0620"",""1500.00""],[""0.0630"",""242.00""],[""0.0650"",""125.00""],[""0.0680"",""125.00""],[""0.0700"",""1466.72""],[""0.0710"",""20.84""],[""0.0720"",""125.00""],[""0.0740"",""136.00""],[""0.0750"",""10.00""]]","[[""0.8700"",""560.00""],[""0.8800"",""127.00""],[""0.8900"",""741.98""],[""0.9000"",""1135.00""],[""0.9020"",""150.00""],[""0.9050"",""125.00""],[""0.9080"",""139.00""],[""0.9100"",""126.00""],[""0.9130"",""125.00""],[""0.9220"",""391.74""]]"
2026-05-16T06:54:53.869Z,KXBTC15M-26MAY160300-00,BTC price up in next 15 mins?,KXBTC15M-26MAY160300,2026-05-16T07:00:00Z,active,0.06,0.067,0.933,0.94,0.0635,0.067,340148.22,139095.27,75.0,319.5,"[[""0.0470"",""125.00""],[""0.0500"",""865.00""],[""0.0530"",""125.00""],[""0.0560"",""125.00""],[""0.0600"",""1255.00""],[""0.0620"",""1500.00""],[""0.0630"",""242.00""],[""0.0640"",""21.00""],[""0.0650"",""125.00""],[""0.0700"",""75.00""]]","[[""0.9000"",""125.00""],[""0.9020"",""150.00""],[""0.9050"",""125.00""],[""0.9080"",""125.00""],[""0.9100"",""1150.00""],[""0.9130"",""125.00""],[""0.9140"",""2998.75""],[""0.9160"",""125.00""],[""0.9190"",""138.00""],[""0.9220"",""319.50""]]"
2026-05-16T06:54:55.875Z,KXBTC15M-26MAY160300-00,BTC price up in next 15 mins?,KXBTC15M-26MAY160300,2026-05-16T07:00:00Z,active,0.06,0.067,0.933,0.94,0.0635,0.067,340148.22,139095.27,75.0,498.96,"[[""0.0440"",""125.00""],[""0.0450"",""2.00""],[""0.0470"",""125.00""],[""0.0500"",""1865.00""],[""0.0530"",""1635.00""],[""0.0540"",""20.37""],[""0.0560"",""125.00""],[""0.0600"",""130.00""],[""0.0620"",""117.00""],[""0.0640"",""75.00""]]","[[""0.9160"",""125.00""],[""0.9190"",""125.00""],[""0.9200"",""1001.00""],[""0.9220"",""174.90""],[""0.9230"",""75.00""],[""0.9250"",""125.00""],[""0.9260"",""2988.75""],[""0.9270"",""135.00""],[""0.9310"",""125.00""],[""0.9320"",""498.96""]]"
2026-05-16T06:54:57.854Z,KXBTC15M-26MAY160300-00,BTC price up in next 15 mins?,KXBTC15M-26MAY160300,2026-05-16T07:00:00Z,active,0.06,0.067,0.933,0.94,0.0635,0.067,340148.22,139095.27,75.0,510.76,"[[""0.0440"",""125.00""],[""0.0450"",""2.00""],[""0.0470"",""125.00""],[""0.0500"",""1971.00""],[""0.0530"",""136.00""],[""0.0540"",""1500.00""],[""0.0560"",""5.00""],[""0.0570"",""5000.00""],[""0.0580"",""10.00""],[""0.0590"",""75.00""]]","[[""0.9160"",""125.00""],[""0.9190"",""125.00""],[""0.9200"",""1001.00""],[""0.9220"",""186.18""],[""0.9240"",""2988.75""],[""0.9250"",""125.00""],[""0.9270"",""125.00""],[""0.9300"",""14.00""],[""0.9310"",""125.00""],[""0.9320"",""510.76""]]"
2026-05-16T06:54:59.918Z,KXBTC15M-26MAY160300-00,BTC price up in next 15 mins?,KXBTC15M-26MAY160300,2026-05-16T07:00:00Z,active,0.06,0.067,0.933,0.94,0.0635,0.067,340148.22,139095.27,270.01,155.03,"[[""0.0400"",""169.00""],[""0.0420"",""150.00""],[""0.0440"",""125.00""],[""0.0450"",""2.00""],[""0.0470"",""125.00""],[""0.0500"",""1841.00""],[""0.0520"",""10.00""],[""0.0540"",""1500.00""],[""0.0550"",""10.00""],[""0.0600"",""270.01""]]","[[""0.9220"",""176.18""],[""0.9240"",""2988.75""],[""0.9250"",""125.00""],[""0.9270"",""125.00""],[""0.9280"",""10.00""],[""0.9290"",""13.00""],[""0.9310"",""125.00""],[""0.9320"",""500.00""],[""0.9330"",""25.00""],[""0.9340"",""155.03""]]"
2026-05-16T06:55:01.894Z,KXBTC15M-26MAY160300-00,BTC price up in next 15 mins?,KXBTC15M-26MAY160300,2026-05-16T07:00:00Z,active,0.06,0.067,0.933,0.94,0.0635,0.067,340148.22,139095.27,528.91,100.0,"[[""0.0400"",""169.00""],[""0.0420"",""150.00""],[""0.0440"",""125.00""],[""0.0450"",""2.00""],[""0.0470"",""125.00""],[""0.0500"",""1845.00""],[""0.0530"",""125.00""],[""0.0550"",""20.00""],[""0.0560"",""125.00""],[""0.0570"",""528.91""]]","[[""0.9200"",""1024.00""],[""0.9210"",""20.00""],[""0.9220"",""176.18""],[""0.9250"",""125.00""],[""0.9270"",""135.00""],[""0.9290"",""14.00""],[""0.9300"",""6.00""],[""0.9310"",""125.00""],[""0.9320"",""500.00""],[""0.9330"",""100.00""]]"
2026-05-16T06:55:03.869Z,KXBTC15M-26MAY160300-00,BTC price up in next 15 mins?,KXBTC15M-26MAY160300,2026-05-16T07:00:00Z,active,0.06,0.067,0.933,0.94,0.0635,0.067,340148.22,139095.27,313.11,223.33,"[[""0.0470"",""125.00""],[""0.0500"",""1865.00""],[""0.0520"",""1500.00""],[""0.0530"",""125.00""],[""0.0550"",""10.00""],[""0.0560"",""125.00""],[""0.0580"",""10.00""],[""0.0590"",""119.00""],[""0.0610"",""5000.00""],[""0.0620"",""313.11""]]","[[""0.9190"",""125.00""],[""0.9200"",""1000.00""],[""0.9210"",""10.00""],[""0.9220"",""305.00""],[""0.9250"",""125.00""],[""0.9270"",""125.00""],[""0.9290"",""14.00""],[""0.9300"",""6.00""],[""0.9310"",""125.00""],[""0.9320"",""223.33""]]"
2026-05-16T06:55:05.869Z,KXBTC15M-26MAY160300-00,BTC price up in next 15 mins?,KXBTC15M-26MAY160300,2026-05-16T07:00:00Z,active,0.06,0.067,0.933,0.94,0.0635,0.067,340148.22,139095.27,88.0,500.0,"[[""0.0660"",""317.60""],[""0.0670"",""125.00""],[""0.0690"",""125.00""],[""0.0720"",""125.00""],[""0.0740"",""1625.00""],[""0.0760"",""236.00""],[""0.0770"",""25.00""],[""0.0790"",""125.00""],[""0.0800"",""30.74""],[""0.0840"",""88.00""]]","[[""0.8500"",""528.00""],[""0.8600"",""744.00""],[""0.8700"",""150.00""],[""0.8800"",""1149.00""],[""0.8900"",""235.00""],[""0.9000"",""125.00""],[""0.9020"",""125.00""],[""0.9040"",""125.00""],[""0.9070"",""125.00""],[""0.9120"",""500.00""]]"
2026-05-16T06:55:07.860Z,KXBTC15M-26MAY160300-00,BTC price up in next 15 mins?,KXBTC15M-26MAY160300,2026-05-16T07:00:00Z,active,0.06,0.067,0.933,0.94,0.0635,0.067,340148.22,139095.27,4016.06,75.0,"[[""0.0700"",""24.00""],[""0.0720"",""125.00""],[""0.0730"",""400.00""],[""0.0740"",""125.00""],[""0.0760"",""125.00""],[""0.0770"",""35.00""],[""0.0790"",""125.00""],[""0.0800"",""1621.00""],[""0.0900"",""15.00""],[""0.0910"",""4016.06""]]","[[""0.8500"",""154.00""],[""0.8600"",""742.00""],[""0.8700"",""150.00""],[""0.8800"",""125.00""],[""0.8900"",""1238.00""],[""0.9000"",""135.00""],[""0.9020"",""625.00""],[""0.9040"",""125.00""],[""0.9070"",""76.56""],[""0.9080"",""75.00""]]"
2026-05-16T06:55:09.874Z,KXBTC15M-26MAY160300-00,BTC price up in next 15 mins?,KXBTC15M-26MAY160300,2026-05-16T07:00:00Z,active,0.06,0.067,0.933,0.94,0.0635,0.067,340148.22,139095.27,64.79,185.0,"[[""0.0750"",""111.00""],[""0.0760"",""125.00""],[""0.0770"",""25.00""],[""0.0790"",""125.00""],[""0.0800"",""19.00""],[""0.0820"",""125.00""],[""0.0840"",""5010.00""],[""0.0850"",""86.65""],[""0.0860"",""19.29""],[""0.0870"",""64.79""]]","[[""0.8400"",""527.00""],[""0.8500"",""821.00""],[""0.8600"",""136.00""],[""0.8700"",""150.00""],[""0.8800"",""1125.00""],[""0.8900"",""272.00""],[""0.9000"",""10.00""],[""0.9020"",""500.00""],[""0.9030"",""29.55""],[""0.9120"",""185.00""]]"
2026-05-16T06:55:11.878Z,KXBTC15M-26MAY160300-00,BTC price up in next 15 mins?,KXBTC15M-26MAY160300,2026-05-16T07:00:00Z,active,0.06,0.067,0.933,0.94,0.0635,0.067,340148.22,139095.27,85.0,125.0,"[[""0.0500"",""275.00""],[""0.0530"",""125.00""],[""0.0560"",""125.00""],[""0.0600"",""1535.00""],[""0.0620"",""10.00""],[""0.0660"",""317.60""],[""0.0700"",""640.00""],[""0.0710"",""10.00""],[""0.0770"",""25.00""],[""0.0800"",""85.00""]]","[[""0.9010"",""150.00""],[""0.9040"",""125.00""],[""0.9060"",""125.00""],[""0.9090"",""125.00""],[""0.9110"",""138.00""],[""0.9120"",""601.41""],[""0.9140"",""10.00""],[""0.9150"",""125.00""],[""0.9170"",""125.00""],[""0.9190"",""125.00""]]"
2026-05-16T06:55:13.874Z,KXBTC15M-26MAY160300-00,BTC price up in next 15 mins?,KXBTC15M-26MAY160300,2026-05-16T07:00:00Z,active,0.086,0.088,0.912,0.914,0.087,0.085,354659.94,146408.44,138.14,63.41,"[[""0.0480"",""400.00""],[""0.0500"",""1275.00""],[""0.0530"",""125.00""],[""0.0560"",""125.00""],[""0.0600"",""756.00""],[""0.0610"",""11.00""],[""0.0650"",""10.00""],[""0.0660"",""317.60""],[""0.0670"",""5000.00""],[""0.0700"",""138.14""]]","[[""0.9090"",""125.00""],[""0.9110"",""125.00""],[""0.9120"",""111.41""],[""0.9150"",""125.00""],[""0.9180"",""125.00""],[""0.9200"",""1000.00""],[""0.9220"",""587.70""],[""0.9230"",""29.42""],[""0.9250"",""125.00""],[""0.9260"",""63.41""]]"
2026-05-16T06:55:15.879Z,KXBTC15M-26MAY160300-00,BTC price up in next 15 mins?,KXBTC15M-26MAY160300,2026-05-16T07:00:00Z,active,0.086,0.088,0.912,0.914,0.087,0.085,354659.94,146408.44,133.84,213.0,"[[""0.0500"",""1299.00""],[""0.0530"",""125.00""],[""0.0560"",""125.00""],[""0.0580"",""11.00""],[""0.0600"",""756.00""],[""0.0660"",""317.60""],[""0.0670"",""10.00""],[""0.0680"",""5000.00""],[""0.0700"",""3.00""],[""0.0710"",""133.84""]]","[[""0.9090"",""125.00""],[""0.9100"",""1110.00""],[""0.9110"",""125.00""],[""0.9120"",""101.41""],[""0.9150"",""125.00""],[""0.9180"",""125.00""],[""0.9200"",""25.00""],[""0.9220"",""571.70""],[""0.9230"",""29.42""],[""0.9250"",""213.00""]]"
2026-05-16T06:55:17.875Z,KXBTC15M-26MAY160300-00,BTC price up in next 15 mins?,KXBTC15M-26MAY160300,2026-05-16T07:00:00Z,active,0.086,0.088,0.912,0.914,0.087,0.085,354659.94,146408.44,119.0,448.58,"[[""0.0500"",""1299.00""],[""0.0530"",""125.00""],[""0.0560"",""125.00""],[""0.0600"",""756.00""],[""0.0640"",""135.00""],[""0.0660"",""327.60""],[""0.0710"",""10.00""],[""0.0720"",""4742.00""],[""0.0730"",""112.00""],[""0.0740"",""119.00""]]","[[""0.9040"",""125.00""],[""0.9060"",""125.00""],[""0.9090"",""135.00""],[""0.9100"",""1206.00""],[""0.9110"",""125.00""],[""0.9120"",""101.41""],[""0.9150"",""125.00""],[""0.9180"",""125.00""],[""0.9200"",""25.00""],[""0.9220"",""448.58""]]"
2026-05-16T06:55:19.872Z,KXBTC15M-26MAY160300-00,BTC price up in next 15 mins?,KXBTC15M-26MAY160300,2026-05-16T07:00:00Z,active,0.086,0.088,0.912,0.914,0.087,0.085,354659.94,146408.44,23.0,93.21,"[[""0.0560"",""125.00""],[""0.0600"",""756.00""],[""0.0630"",""11.00""],[""0.0640"",""135.00""],[""0.0650"",""1500.00""],[""0.0660"",""317.60""],[""0.0670"",""125.00""],[""0.0710"",""10.00""],[""0.0720"",""133.55""],[""0.0740"",""23.00""]]","[[""0.9090"",""125.00""],[""0.9100"",""1100.00""],[""0.9110"",""231.00""],[""0.9120"",""101.41""],[""0.9130"",""10.00""],[""0.9150"",""125.00""],[""0.9170"",""13.00""],[""0.9180"",""125.00""],[""0.9200"",""25.00""],[""0.9220"",""93.21""]]"
2026-05-16T06:55:21.865Z,KXBTC15M-26MAY160300-00,BTC price up in next 15 mins?,KXBTC15M-26MAY160300,2026-05-16T07:00:00Z,active,0.086,0.088,0.912,0.914,0.087,0.085,354659.94,146408.44,123.0,76.51,"[[""0.0500"",""1249.00""],[""0.0530"",""125.00""],[""0.0560"",""125.00""],[""0.0600"",""756.00""],[""0.0610"",""10.00""],[""0.0630"",""1500.00""],[""0.0640"",""125.00""],[""0.0660"",""327.60""],[""0.0670"",""125.00""],[""0.0710"",""123.00""]]","[[""0.9100"",""1101.00""],[""0.9110"",""125.00""],[""0.9120"",""208.41""],[""0.9130"",""10.00""],[""0.9150"",""125.00""],[""0.9170"",""13.00""],[""0.9180"",""125.00""],[""0.9200"",""24.00""],[""0.9220"",""320.04""],[""0.9230"",""76.51""]]"
2026-05-16T06:55:23.872Z,KXBTC15M-26MAY160300-00,BTC price up in next 15 mins?,KXBTC15M-26MAY160300,2026-05-16T07:00:00Z,active,0.086,0.088,0.912,0.914,0.087,0.085,354659.94,146408.44,5000.0,252.29,"[[""0.0500"",""225.00""],[""0.0530"",""125.00""],[""0.0560"",""125.00""],[""0.0600"",""1756.00""],[""0.0640"",""1625.00""],[""0.0660"",""317.60""],[""0.0670"",""135.00""],[""0.0700"",""135.00""],[""0.0710"",""122.60""],[""0.0720"",""5000.00""]]","[[""0.9040"",""125.00""],[""0.9060"",""135.00""],[""0.9090"",""125.00""],[""0.9100"",""1207.00""],[""0.9110"",""125.00""],[""0.9120"",""101.41""],[""0.9140"",""13.00""],[""0.9150"",""125.00""],[""0.9160"",""29.01""],[""0.9220"",""252.29""]]"
2026-05-16T06:55:25.872Z,KXBTC15M-26MAY160300-00,BTC price up in next 15 mins?,KXBTC15M-26MAY160300,2026-05-16T07:00:00Z,active,0.086,0.088,0.912,0.914,0.087,0.085,354659.94,146408.44,125.0,91.41,"[[""0.0670"",""1625.00""],[""0.0700"",""1741.00""],[""0.0710"",""10.00""],[""0.0730"",""125.00""],[""0.0740"",""36.00""],[""0.0760"",""236.00""],[""0.0800"",""125.00""],[""0.0820"",""125.00""],[""0.0850"",""125.00""],[""0.0870"",""125.00""]]","[[""0.8600"",""131.00""],[""0.8700"",""1166.00""],[""0.8800"",""127.00""],[""0.8900"",""1125.00""],[""0.9000"",""100.00""],[""0.9020"",""500.00""],[""0.9030"",""39.55""],[""0.9080"",""13.00""],[""0.9100"",""100.00""],[""0.9120"",""91.41""]]"
2026-05-16T06:55:27.872Z,KXBTC15M-26MAY160300-00,BTC price up in next 15 mins?,KXBTC15M-26MAY160300,2026-05-16T07:00:00Z,active,0.086,0.088,0.912,0.914,0.087,0.085,354659.94,146408.44,123.99,89.41,"[[""0.0700"",""1765.00""],[""0.0730"",""125.00""],[""0.0740"",""46.00""],[""0.0750"",""111.00""],[""0.0760"",""125.00""],[""0.0800"",""125.00""],[""0.0820"",""125.00""],[""0.0850"",""115.00""],[""0.0860"",""19.29""],[""0.0890"",""123.99""]]","[[""0.8500"",""502.00""],[""0.8600"",""131.00""],[""0.8700"",""1166.00""],[""0.8800"",""127.00""],[""0.8900"",""1125.00""],[""0.9000"",""110.00""],[""0.9020"",""500.00""],[""0.9030"",""29.55""],[""0.9080"",""13.00""],[""0.9100"",""89.41""]]"
2026-05-16T06:55:29.881Z,KXBTC15M-26MAY160300-00,BTC price up in next 15 mins?,KXBTC15M-26MAY160300,2026-05-16T07:00:00Z,active,0.086,0.088,0.912,0.914,0.087,0.085,354659.94,146408.44,217.52,53.86,"[[""0.0670"",""125.00""],[""0.0700"",""1149.00""],[""0.0730"",""125.00""],[""0.0740"",""25.00""],[""0.0750"",""1500.00""],[""0.0760"",""125.00""],[""0.0800"",""741.00""],[""0.0810"",""21.00""],[""0.0820"",""125.00""],[""0.0850"",""217.52""]]","[[""0.8200"",""166.00""],[""0.8300"",""784.00""],[""0.8400"",""277.00""],[""0.8500"",""502.00""],[""0.8600"",""131.00""],[""0.8700"",""1166.00""],[""0.8800"",""171.00""],[""0.8900"",""4284.86""],[""0.9000"",""140.00""],[""0.9010"",""53.86""]]"
2026-05-16T06:55:31.866Z,KXBTC15M-26MAY160300-00,BTC price up in next 15 mins?,KXBTC15M-26MAY160300,2026-05-16T07:00:00Z,active,0.086,0.088,0.912,0.914,0.087,0.085,354659.94,146408.44,150.0,127.01,"[[""0.0670"",""125.00""],[""0.0700"",""1765.00""],[""0.0730"",""125.00""],[""0.0740"",""25.00""],[""0.0760"",""125.00""],[""0.0780"",""10.00""],[""0.0800"",""125.00""],[""0.0820"",""234.00""],[""0.0830"",""12.00""],[""0.0900"",""150.00""]]","[[""0.8300"",""784.00""],[""0.8400"",""277.00""],[""0.8500"",""502.00""],[""0.8600"",""131.00""],[""0.8700"",""1166.00""],[""0.8800"",""171.00""],[""0.8900"",""80.59""],[""0.9000"",""4256.27""],[""0.9020"",""104.00""],[""0.9030"",""127.01""]]"
2026-05-16T06:55:33.872Z,KXBTC15M-26MAY160300-00,BTC price up in next 15 mins?,KXBTC15M-26MAY160300,2026-05-16T07:00:00Z,active,0.086,0.088,0.912,0.914,0.087,0.085,354659.94,146408.44,116.92,3000.0,"[[""0.0740"",""25.00""],[""0.0760"",""125.00""],[""0.0800"",""1125.00""],[""0.0820"",""135.00""],[""0.0840"",""1666.00""],[""0.0850"",""233.00""],[""0.0860"",""19.29""],[""0.0870"",""125.00""],[""0.0900"",""146.98""],[""0.0910"",""116.92""]]","[[""0.8100"",""126.00""],[""0.8200"",""126.00""],[""0.8300"",""814.00""],[""0.8400"",""129.00""],[""0.8500"",""652.00""],[""0.8600"",""131.00""],[""0.8700"",""766.00""],[""0.8800"",""1549.32""],[""0.8900"",""420.00""],[""0.9000"",""3000.00""]]"
2026-05-16T06:55:35.858Z,KXBTC15M-26MAY160300-00,BTC price up in next 15 mins?,KXBTC15M-26MAY160300,2026-05-16T07:00:00Z,active,0.086,0.088,0.912,0.914,0.087,0.085,354659.94,146408.44,125.0,2965.67,"[[""0.0760"",""125.00""],[""0.0800"",""741.00""],[""0.0820"",""135.00""],[""0.0850"",""125.00""],[""0.0870"",""125.00""],[""0.0900"",""1146.98""],[""0.0910"",""116.92""],[""0.0920"",""21.29""],[""0.0950"",""122.00""],[""0.0990"",""125.00""]]","[[""0.8100"",""126.00""],[""0.8200"",""166.00""],[""0.8300"",""774.00""],[""0.8400"",""279.00""],[""0.8500"",""504.00""],[""0.8600"",""131.00""],[""0.8700"",""1766.32""],[""0.8800"",""549.00""],[""0.8900"",""295.00""],[""0.9000"",""2965.67""]]"
2026-05-16T06:55:37.888Z,KXBTC15M-26MAY160300-00,BTC price up in next 15 mins?,KXBTC15M-26MAY160300,2026-05-16T07:00:00Z,active,0.086,0.088,0.912,0.914,0.087,0.085,354659.94,146408.44,94.52,125.0,"[[""0.0700"",""149.00""],[""0.0730"",""125.00""],[""0.0740"",""25.00""],[""0.0760"",""125.00""],[""0.0790"",""10.00""],[""0.0800"",""1751.00""],[""0.0810"",""109.00""],[""0.0820"",""115.03""],[""0.0840"",""1654.08""],[""0.0850"",""94.52""]]","[[""0.8400"",""129.00""],[""0.8500"",""652.00""],[""0.8600"",""131.00""],[""0.8700"",""766.00""],[""0.8800"",""1569.32""],[""0.8900"",""405.00""],[""0.9000"",""3050.21""],[""0.9010"",""41.86""],[""0.9020"",""125.00""],[""0.9040"",""125.00""]]"
2026-05-16T06:55:39.878Z,KXBTC15M-26MAY160300-00,BTC price up in next 15 mins?,KXBTC15M-26MAY160300,2026-05-16T07:00:00Z,active,0.086,0.088,0.912,0.914,0.087,0.085,354659.94,146408.44,110.29,154.49,"[[""0.0670"",""125.00""],[""0.0700"",""149.00""],[""0.0730"",""125.00""],[""0.0740"",""25.00""],[""0.0760"",""125.00""],[""0.0790"",""10.00""],[""0.0800"",""1850.00""],[""0.0820"",""115.03""],[""0.0830"",""1654.08""],[""0.0860"",""110.29""]]","[[""0.8400"",""129.00""],[""0.8500"",""652.00""],[""0.8600"",""131.00""],[""0.8700"",""766.00""],[""0.8800"",""1569.32""],[""0.8900"",""305.00""],[""0.9000"",""3153.21""],[""0.9020"",""125.00""],[""0.9040"",""4.46""],[""0.9050"",""154.49""]]"
2026-05-16T06:55:41.878Z,KXBTC15M-26MAY160300-00,BTC price up in next 15 mins?,KXBTC15M-26MAY160300,2026-05-16T07:00:00Z,active,0.086,0.088,0.912,0.914,0.087,0.085,354659.94,146408.44,91.0,3185.1,"[[""0.0670"",""125.00""],[""0.0700"",""149.00""],[""0.0730"",""125.00""],[""0.0740"",""25.00""],[""0.0760"",""125.00""],[""0.0790"",""110.00""],[""0.0800"",""1742.00""],[""0.0820"",""125.03""],[""0.0850"",""125.00""],[""0.0860"",""91.00""]]","[[""0.8100"",""126.00""],[""0.8200"",""176.00""],[""0.8300"",""774.00""],[""0.8400"",""127.00""],[""0.8500"",""652.00""],[""0.8600"",""131.00""],[""0.8700"",""766.00""],[""0.8800"",""1169.32""],[""0.8900"",""721.00""],[""0.9000"",""3185.10""]]"
2026-05-16T06:55:43.876Z,KXBTC15M-26MAY160300-00,BTC price up in next 15 mins?,KXBTC15M-26MAY160300,2026-05-16T07:00:00Z,active,0.088,0.1,0.9,0.912,0.094,0.095,364968.92,150236.64,87.0,154.55,"[[""0.0670"",""125.00""],[""0.0700"",""765.00""],[""0.0730"",""125.00""],[""0.0740"",""25.00""],[""0.0760"",""125.00""],[""0.0790"",""1774.08""],[""0.0800"",""1126.00""],[""0.0820"",""115.03""],[""0.0830"",""19.99""],[""0.0860"",""87.00""]]","[[""0.8300"",""774.00""],[""0.8400"",""129.00""],[""0.8500"",""652.00""],[""0.8600"",""131.00""],[""0.8700"",""766.00""],[""0.8800"",""169.00""],[""0.8900"",""1723.32""],[""0.9000"",""3150.92""],[""0.9010"",""25.00""],[""0.9030"",""154.55""]]"
2026-05-16T06:55:45.882Z,KXBTC15M-26MAY160300-00,BTC price up in next 15 mins?,KXBTC15M-26MAY160300,2026-05-16T07:00:00Z,active,0.088,0.1,0.9,0.912,0.094,0.095,364968.92,150236.64,135.26,16.0,"[[""0.0700"",""765.00""],[""0.0720"",""400.00""],[""0.0730"",""125.00""],[""0.0740"",""25.00""],[""0.0760"",""125.00""],[""0.0770"",""1654.08""],[""0.0780"",""110.00""],[""0.0790"",""10.00""],[""0.0800"",""1126.00""],[""0.0820"",""135.26""]]","[[""0.8400"",""129.00""],[""0.8500"",""702.00""],[""0.8600"",""681.00""],[""0.8700"",""766.00""],[""0.8800"",""169.00""],[""0.8900"",""1705.32""],[""0.9000"",""3047.92""],[""0.9010"",""128.00""],[""0.9030"",""83.53""],[""0.9040"",""16.00""]]"
2026-05-16T06:55:47.881Z,KXBTC15M-26MAY160300-00,BTC price up in next 15 mins?,KXBTC15M-26MAY160300,2026-05-16T07:00:00Z,active,0.088,0.1,0.9,0.912,0.094,0.095,364968.92,150236.64,16.0,2.0,"[[""0.0670"",""125.00""],[""0.0700"",""1165.00""],[""0.0730"",""125.00""],[""0.0740"",""25.00""],[""0.0760"",""125.00""],[""0.0770"",""1654.08""],[""0.0790"",""120.00""],[""0.0800"",""1126.00""],[""0.0820"",""115.03""],[""0.0830"",""16.00""]]","[[""0.8300"",""814.00""],[""0.8400"",""129.00""],[""0.8500"",""702.00""],[""0.8600"",""681.00""],[""0.8700"",""766.00""],[""0.8800"",""169.00""],[""0.8900"",""1801.32""],[""0.9000"",""2397.92""],[""0.9010"",""28.86""],[""0.9020"",""2.00""]]"
2026-05-16T06:55:49.876Z,KXBTC15M-26MAY160300-00,BTC price up in next 15 mins?,KXBTC15M-26MAY160300,2026-05-16T07:00:00Z,active,0.088,0.1,0.9,0.912,0.094,0.095,364968.92,150236.64,104.99,144.55,"[[""0.0700"",""1165.00""],[""0.0730"",""125.00""],[""0.0740"",""25.00""],[""0.0760"",""125.00""],[""0.0770"",""1654.08""],[""0.0780"",""110.00""],[""0.0790"",""10.00""],[""0.0800"",""1126.00""],[""0.0820"",""108.24""],[""0.0830"",""104.99""]]","[[""0.8300"",""814.00""],[""0.8400"",""129.00""],[""0.8500"",""702.00""],[""0.8600"",""681.00""],[""0.8700"",""766.00""],[""0.8800"",""169.00""],[""0.8900"",""1824.32""],[""0.9000"",""2345.01""],[""0.9010"",""2.00""],[""0.9030"",""144.55""]]"
2026-05-16T06:55:51.883Z,KXBTC15M-26MAY160300-00,BTC price up in next 15 mins?,KXBTC15M-26MAY160300,2026-05-16T07:00:00Z,active,0.088,0.1,0.9,0.912,0.094,0.095,364968.92,150236.64,143.64,38.77,"[[""0.0740"",""25.00""],[""0.0750"",""2.00""],[""0.0760"",""125.00""],[""0.0770"",""111.00""],[""0.0800"",""126.00""],[""0.0820"",""1772.32""],[""0.0830"",""11.00""],[""0.0850"",""125.00""],[""0.0870"",""125.00""],[""0.0890"",""143.64""]]","[[""0.8200"",""136.00""],[""0.8300"",""814.00""],[""0.8400"",""129.00""],[""0.8500"",""702.00""],[""0.8600"",""681.00""],[""0.8700"",""766.00""],[""0.8800"",""171.00""],[""0.8900"",""401.00""],[""0.9000"",""2620.01""],[""0.9010"",""38.77""]]"
2026-05-16T06:55:53.877Z,KXBTC15M-26MAY160300-00,BTC price up in next 15 mins?,KXBTC15M-26MAY160300,2026-05-16T07:00:00Z,active,0.088,0.1,0.9,0.912,0.094,0.095,364968.92,150236.64,4.05,79.41,"[[""0.0700"",""1149.00""],[""0.0730"",""125.00""],[""0.0740"",""25.00""],[""0.0760"",""236.00""],[""0.0770"",""2.00""],[""0.0800"",""136.00""],[""0.0810"",""1654.08""],[""0.0820"",""108.24""],[""0.0850"",""125.00""],[""0.0880"",""4.05""]]","[[""0.8300"",""814.00""],[""0.8400"",""129.00""],[""0.8500"",""702.00""],[""0.8600"",""681.00""],[""0.8700"",""766.00""],[""0.8800"",""1151.00""],[""0.8900"",""821.00""],[""0.9000"",""2219.55""],[""0.9010"",""125.00""],[""0.9030"",""79.41""]]"
2026-05-16T06:55:55.864Z,KXBTC15M-26MAY160300-00,BTC price up in next 15 mins?,KXBTC15M-26MAY160300,2026-05-16T07:00:00Z,active,0.088,0.1,0.9,0.912,0.094,0.095,364968.92,150236.64,123.71,2232.55,"[[""0.0700"",""1149.00""],[""0.0730"",""125.00""],[""0.0740"",""25.00""],[""0.0760"",""135.00""],[""0.0770"",""2.00""],[""0.0790"",""1654.08""],[""0.0800"",""126.00""],[""0.0820"",""108.24""],[""0.0830"",""11.00""],[""0.0850"",""123.71""]]","[[""0.8100"",""126.00""],[""0.8200"",""136.00""],[""0.8300"",""814.00""],[""0.8400"",""129.00""],[""0.8500"",""702.00""],[""0.8600"",""661.00""],[""0.8700"",""320.00""],[""0.8800"",""1767.00""],[""0.8900"",""801.00""],[""0.9000"",""2232.55""]]"
2026-05-16T06:55:57.871Z,KXBTC15M-26MAY160300-00,BTC price up in next 15 mins?,KXBTC15M-26MAY160300,2026-05-16T07:00:00Z,active,0.088,0.1,0.9,0.912,0.094,0.095,364968.92,150236.64,125.0,2385.98,"[[""0.0730"",""125.00""],[""0.0740"",""25.00""],[""0.0760"",""125.00""],[""0.0770"",""2.00""],[""0.0790"",""1664.08""],[""0.0800"",""137.00""],[""0.0820"",""108.24""],[""0.0850"",""123.71""],[""0.0860"",""19.29""],[""0.0990"",""125.00""]]","[[""0.8100"",""126.00""],[""0.8200"",""136.00""],[""0.8300"",""774.00""],[""0.8400"",""169.00""],[""0.8500"",""702.00""],[""0.8600"",""531.00""],[""0.8700"",""300.00""],[""0.8800"",""1787.00""],[""0.8900"",""801.00""],[""0.9000"",""2385.98""]]"
2026-05-16T06:55:59.866Z,KXBTC15M-26MAY160300-00,BTC price up in next 15 mins?,KXBTC15M-26MAY160300,2026-05-16T07:00:00Z,active,0.088,0.1,0.9,0.912,0.094,0.095,364968.92,150236.64,1138.23,1852.18,"[[""0.0850"",""123.71""],[""0.0880"",""125.00""],[""0.0900"",""640.00""],[""0.0910"",""125.00""],[""0.0940"",""127.00""],[""0.0960"",""10.00""],[""0.0970"",""125.00""],[""0.0980"",""10.00""],[""0.0990"",""112.11""],[""0.1000"",""1138.23""]]","[[""0.7900"",""277.47""],[""0.8000"",""797.76""],[""0.8100"",""126.00""],[""0.8200"",""510.00""],[""0.8300"",""150.00""],[""0.8400"",""279.00""],[""0.8500"",""978.00""],[""0.8600"",""773.00""],[""0.8700"",""1560.00""],[""0.8800"",""1852.18""]]"
2026-05-16T06:56:01.873Z,KXBTC15M-26MAY160300-00,BTC price up in next 15 mins?,KXBTC15M-26MAY160300,2026-05-16T07:00:00Z,active,0.088,0.1,0.9,0.912,0.094,0.095,364968.92,150236.64,107.0,1875.72,"[[""0.0800"",""125.00""],[""0.0820"",""108.24""],[""0.0850"",""123.71""],[""0.0880"",""127.00""],[""0.0900"",""1034.00""],[""0.0910"",""125.00""],[""0.0920"",""21.29""],[""0.0940"",""125.00""],[""0.0990"",""112.11""],[""0.1000"",""107.00""]]","[[""0.8000"",""759.76""],[""0.8100"",""126.00""],[""0.8200"",""510.00""],[""0.8300"",""150.00""],[""0.8400"",""129.00""],[""0.8500"",""1128.00""],[""0.8600"",""150.00""],[""0.8700"",""792.00""],[""0.8800"",""1817.00""],[""0.8900"",""1875.72""]]"
2026-05-16T06:56:03.871Z,KXBTC15M-26MAY160300-00,BTC price up in next 15 mins?,KXBTC15M-26MAY160300,2026-05-16T07:00:00Z,active,0.088,0.1,0.9,0.912,0.094,0.095,364968.92,150236.64,303.0,9.93,"[[""0.0400"",""1808.00""],[""0.0410"",""150.00""],[""0.0420"",""194.00""],[""0.0440"",""135.00""],[""0.0450"",""351.00""],[""0.0470"",""125.00""],[""0.0480"",""11.00""],[""0.0500"",""184.00""],[""0.0520"",""113.00""],[""0.0600"",""303.00""]]","[[""0.9210"",""125.00""],[""0.9230"",""125.00""],[""0.9250"",""125.00""],[""0.9270"",""125.00""],[""0.9290"",""1695.72""],[""0.9320"",""10.00""],[""0.9330"",""125.00""],[""0.9350"",""125.00""],[""0.9370"",""125.00""],[""0.9390"",""9.93""]]"
2026-05-16T06:56:05.880Z,KXBTC15M-26MAY160300-00,BTC price up in next 15 mins?,KXBTC15M-26MAY160300,2026-05-16T07:00:00Z,active,0.088,0.1,0.9,0.912,0.094,0.095,364968.92,150236.64,92.0,1570.72,"[[""0.0540"",""125.00""],[""0.0570"",""125.00""],[""0.0590"",""1625.00""],[""0.0600"",""100.00""],[""0.0620"",""127.00""],[""0.0630"",""125.00""],[""0.0650"",""125.00""],[""0.0670"",""125.00""],[""0.0690"",""125.00""],[""0.0700"",""92.00""]]","[[""0.9050"",""125.00""],[""0.9070"",""535.00""],[""0.9090"",""152.00""],[""0.9100"",""1630.00""],[""0.9120"",""145.00""],[""0.9150"",""108.00""],[""0.9160"",""125.00""],[""0.9180"",""134.00""],[""0.9200"",""115.00""],[""0.9210"",""1570.72""]]"
2026-05-16T06:56:07.870Z,KXBTC15M-26MAY160300-00,BTC price up in next 15 mins?,KXBTC15M-26MAY160300,2026-05-16T07:00:00Z,active,0.088,0.1,0.9,0.912,0.094,0.095,364968.92,150236.64,138.06,23.65,"[[""0.0510"",""125.00""],[""0.0540"",""125.00""],[""0.0570"",""125.00""],[""0.0590"",""125.00""],[""0.0600"",""124.00""],[""0.0610"",""118.00""],[""0.0630"",""135.00""],[""0.0650"",""136.00""],[""0.0670"",""125.00""],[""0.0690"",""138.06""]]","[[""0.9090"",""150.00""],[""0.9100"",""1000.00""],[""0.9120"",""125.00""],[""0.9130"",""400.00""],[""0.9160"",""233.00""],[""0.9170"",""2.00""],[""0.9180"",""133.00""],[""0.9200"",""13.00""],[""0.9240"",""1561.12""],[""0.9270"",""23.65""]]"
2026-05-16T06:56:09.875Z,KXBTC15M-26MAY160300-00,BTC price up in next 15 mins?,KXBTC15M-26MAY160300,2026-05-16T07:00:00Z,active,0.088,0.1,0.9,0.912,0.094,0.095,364968.92,150236.64,100.0,1551.12,"[[""0.0450"",""127.00""],[""0.0480"",""125.00""],[""0.0500"",""1076.00""],[""0.0510"",""125.00""],[""0.0520"",""12.00""],[""0.0540"",""125.00""],[""0.0550"",""10.00""],[""0.0570"",""125.00""],[""0.0590"",""119.00""],[""0.0600"",""100.00""]]","[[""0.9140"",""10.00""],[""0.9160"",""125.00""],[""0.9180"",""125.00""],[""0.9210"",""235.00""],[""0.9240"",""135.00""],[""0.9250"",""400.00""],[""0.9260"",""2.00""],[""0.9270"",""125.00""],[""0.9280"",""23.00""],[""0.9330"",""1551.12""]]"
2026-05-16T06:56:11.894Z,KXBTC15M-26MAY160300-00,BTC price up in next 15 mins?,KXBTC15M-26MAY160300,2026-05-16T07:00:00Z,active,0.088,0.1,0.9,0.912,0.094,0.095,364968.92,150236.64,237.07,19.0,"[[""0.0180"",""68.00""],[""0.0190"",""52.00""],[""0.0200"",""2345.06""],[""0.0220"",""909.00""],[""0.0230"",""125.00""],[""0.0260"",""135.00""],[""0.0270"",""1500.00""],[""0.0290"",""125.00""],[""0.0300"",""312.00""],[""0.0340"",""237.07""]]","[[""0.9430"",""20.00""],[""0.9440"",""126.00""],[""0.9470"",""111.34""],[""0.9500"",""1126.00""],[""0.9520"",""125.00""],[""0.9530"",""400.00""],[""0.9540"",""125.00""],[""0.9560"",""1615.00""],[""0.9580"",""125.00""],[""0.9600"",""19.00""]]"
2026-05-16T06:56:13.870Z,KXBTC15M-26MAY160300-00,BTC price up in next 15 mins?,KXBTC15M-26MAY160300,2026-05-16T07:00:00Z,active,0.035,0.044,0.956,0.965,0.0395,0.035,371415.09,149855.52,909.0,54.0,"[[""0.0120"",""1876.00""],[""0.0130"",""1561.00""],[""0.0140"",""71.00""],[""0.0150"",""167.00""],[""0.0160"",""1562.00""],[""0.0170"",""58.00""],[""0.0180"",""55.00""],[""0.0190"",""62.00""],[""0.0200"",""604.06""],[""0.0220"",""909.00""]]","[[""0.9520"",""525.00""],[""0.9540"",""127.00""],[""0.9560"",""125.00""],[""0.9600"",""200.00""],[""0.9630"",""661.00""],[""0.9650"",""10.00""],[""0.9670"",""133.00""],[""0.9690"",""125.00""],[""0.9720"",""125.00""],[""0.9730"",""54.00""]]"
2026-05-16T06:56:15.872Z,KXBTC15M-26MAY160300-00,BTC price up in next 15 mins?,KXBTC15M-26MAY160300,2026-05-16T07:00:00Z,active,0.035,0.044,0.956,0.965,0.0395,0.035,371415.09,149855.52,135.0,68.24,"[[""0.0170"",""58.00""],[""0.0180"",""180.00""],[""0.0190"",""52.00""],[""0.0200"",""2345.06""],[""0.0220"",""909.00""],[""0.0230"",""127.00""],[""0.0250"",""1652.00""],[""0.0260"",""125.00""],[""0.0280"",""325.00""],[""0.0310"",""135.00""]]","[[""0.9460"",""10.00""],[""0.9470"",""111.34""],[""0.9500"",""131.00""],[""0.9520"",""149.00""],[""0.9530"",""39.00""],[""0.9540"",""525.00""],[""0.9580"",""131.00""],[""0.9590"",""15.00""],[""0.9600"",""1260.96""],[""0.9610"",""68.24""]]"
2026-05-16T06:56:17.878Z,KXBTC15M-26MAY160300-00,BTC price up in next 15 mins?,KXBTC15M-26MAY160300,2026-05-16T07:00:00Z,active,0.035,0.044,0.956,0.965,0.0395,0.035,371415.09,149855.52,3.0,110.6,"[[""0.0190"",""52.00""],[""0.0200"",""2369.06""],[""0.0220"",""909.00""],[""0.0230"",""125.00""],[""0.0240"",""154.00""],[""0.0250"",""1502.00""],[""0.0260"",""135.00""],[""0.0280"",""325.00""],[""0.0290"",""14.00""],[""0.0300"",""3.00""]]","[[""0.9470"",""111.34""],[""0.9500"",""905.00""],[""0.9520"",""125.00""],[""0.9540"",""125.00""],[""0.9550"",""10.00""],[""0.9560"",""129.00""],[""0.9580"",""125.00""],[""0.9590"",""15.00""],[""0.9600"",""1409.96""],[""0.9620"",""110.60""]]"
2026-05-16T06:56:19.879Z,KXBTC15M-26MAY160300-00,BTC price up in next 15 mins?,KXBTC15M-26MAY160300,2026-05-16T07:00:00Z,active,0.035,0.044,0.956,0.965,0.0395,0.035,371415.09,149855.52,75.0,78.01,"[[""0.0170"",""58.00""],[""0.0180"",""180.00""],[""0.0190"",""52.00""],[""0.0200"",""2369.06""],[""0.0210"",""10.00""],[""0.0220"",""909.00""],[""0.0230"",""125.00""],[""0.0240"",""154.00""],[""0.0250"",""1500.00""],[""0.0260"",""75.00""]]","[[""0.9520"",""125.00""],[""0.9530"",""2.00""],[""0.9540"",""125.00""],[""0.9560"",""129.00""],[""0.9580"",""125.00""],[""0.9600"",""152.00""],[""0.9610"",""1643.04""],[""0.9630"",""143.00""],[""0.9650"",""135.00""],[""0.9670"",""78.01""]]"
2026-05-16T06:56:21.863Z,KXBTC15M-26MAY160300-00,BTC price up in next 15 mins?,KXBTC15M-26MAY160300,2026-05-16T07:00:00Z,active,0.035,0.044,0.956,0.965,0.0395,0.035,371415.09,149855.52,26.4,4.0,"[[""0.0190"",""52.00""],[""0.0200"",""1104.06""],[""0.0220"",""909.00""],[""0.0230"",""125.00""],[""0.0260"",""125.00""],[""0.0280"",""125.00""],[""0.0290"",""1510.00""],[""0.0300"",""1765.00""],[""0.0310"",""143.00""],[""0.0330"",""26.40""]]","[[""0.9420"",""125.00""],[""0.9440"",""526.00""],[""0.9450"",""2.00""],[""0.9470"",""111.34""],[""0.9500"",""141.00""],[""0.9510"",""125.00""],[""0.9540"",""125.00""],[""0.9560"",""1665.12""],[""0.9570"",""16.00""],[""0.9600"",""4.00""]]"
2026-05-16T06:56:23.876Z,KXBTC15M-26MAY160300-00,BTC price up in next 15 mins?,KXBTC15M-26MAY160300,2026-05-16T07:00:00Z,active,0.035,0.044,0.956,0.965,0.0395,0.035,371415.09,149855.52,5004.45,1648.3,"[[""0.0180"",""180.00""],[""0.0190"",""52.00""],[""0.0200"",""730.06""],[""0.0220"",""909.00""],[""0.0230"",""125.00""],[""0.0260"",""1625.00""],[""0.0280"",""125.00""],[""0.0290"",""158.00""],[""0.0300"",""1741.00""],[""0.0320"",""5004.45""]]","[[""0.9350"",""125.00""],[""0.9390"",""125.00""],[""0.9400"",""1025.00""],[""0.9420"",""525.00""],[""0.9440"",""126.00""],[""0.9470"",""123.34""],[""0.9500"",""126.00""],[""0.9530"",""127.00""],[""0.9540"",""125.00""],[""0.9580"",""1648.30""]]"
2026-05-16T06:56:25.879Z,KXBTC15M-26MAY160300-00,BTC price up in next 15 mins?,KXBTC15M-26MAY160300,2026-05-16T07:00:00Z,active,0.035,0.044,0.956,0.965,0.0395,0.035,371415.09,149855.52,488.54,1729.3,"[[""0.0260"",""125.00""],[""0.0280"",""125.00""],[""0.0300"",""120.00""],[""0.0330"",""125.00""],[""0.0340"",""1500.00""],[""0.0360"",""125.00""],[""0.0390"",""219.76""],[""0.0400"",""1616.00""],[""0.0410"",""4744.08""],[""0.0420"",""488.54""]]","[[""0.9310"",""125.00""],[""0.9330"",""125.00""],[""0.9350"",""125.00""],[""0.9360"",""10.00""],[""0.9390"",""125.00""],[""0.9400"",""25.00""],[""0.9410"",""119.00""],[""0.9420"",""125.00""],[""0.9430"",""115.00""],[""0.9440"",""1729.30""]]"
2026-05-16T06:56:27.879Z,KXBTC15M-26MAY160300-00,BTC price up in next 15 mins?,KXBTC15M-26MAY160300,2026-05-16T07:00:00Z,active,0.035,0.044,0.956,0.965,0.0395,0.035,371415.09,149855.52,4826.6,70.0,"[[""0.0260"",""125.00""],[""0.0280"",""125.00""],[""0.0300"",""121.00""],[""0.0330"",""125.00""],[""0.0350"",""10.00""],[""0.0360"",""125.00""],[""0.0380"",""13.00""],[""0.0400"",""1640.00""],[""0.0420"",""250.00""],[""0.0430"",""4826.60""]]","[[""0.9400"",""25.00""],[""0.9410"",""119.00""],[""0.9420"",""125.00""],[""0.9450"",""125.00""],[""0.9480"",""125.00""],[""0.9490"",""14.00""],[""0.9500"",""0.54""],[""0.9510"",""125.00""],[""0.9520"",""1619.30""],[""0.9530"",""70.00""]]"
2026-05-16T06:56:29.874Z,KXBTC15M-26MAY160300-00,BTC price up in next 15 mins?,KXBTC15M-26MAY160300,2026-05-16T07:00:00Z,active,0.035,0.044,0.956,0.965,0.0395,0.035,371415.09,149855.52,104.69,15.0,"[[""0.0180"",""348.00""],[""0.0190"",""52.00""],[""0.0200"",""729.06""],[""0.0220"",""909.00""],[""0.0230"",""125.00""],[""0.0260"",""125.00""],[""0.0270"",""10.00""],[""0.0280"",""125.00""],[""0.0300"",""3123.01""],[""0.0310"",""104.69""]]","[[""0.9420"",""125.00""],[""0.9430"",""120.00""],[""0.9450"",""125.00""],[""0.9480"",""125.00""],[""0.9500"",""0.54""],[""0.9510"",""125.00""],[""0.9540"",""1744.30""],[""0.9550"",""45.00""],[""0.9560"",""536.29""],[""0.9570"",""15.00""]]"
2026-05-16T06:56:31.875Z,KXBTC15M-26MAY160300-00,BTC price up in next 15 mins?,KXBTC15M-26MAY160300,2026-05-16T07:00:00Z,active,0.035,0.044,0.956,0.965,0.0395,0.035,371415.09,149855.52,105.65,23.0,"[[""0.0230"",""125.00""],[""0.0250"",""125.00""],[""0.0270"",""10.00""],[""0.0280"",""125.00""],[""0.0290"",""12.00""],[""0.0300"",""640.01""],[""0.0310"",""125.00""],[""0.0320"",""1700.00""],[""0.0340"",""5125.00""],[""0.0350"",""105.65""]]","[[""0.9400"",""1025.00""],[""0.9420"",""125.00""],[""0.9450"",""125.00""],[""0.9480"",""248.00""],[""0.9500"",""0.54""],[""0.9510"",""125.00""],[""0.9530"",""10.00""],[""0.9540"",""125.00""],[""0.9560"",""478.29""],[""0.9570"",""23.00""]]"
2026-05-16T06:56:33.874Z,KXBTC15M-26MAY160300-00,BTC price up in next 15 mins?,KXBTC15M-26MAY160300,2026-05-16T07:00:00Z,active,0.035,0.044,0.956,0.965,0.0395,0.035,371415.09,149855.52,5000.0,44.0,"[[""0.0220"",""909.00""],[""0.0230"",""125.00""],[""0.0250"",""125.00""],[""0.0270"",""10.00""],[""0.0280"",""1625.00""],[""0.0300"",""1640.01""],[""0.0310"",""125.00""],[""0.0320"",""225.00""],[""0.0340"",""12.00""],[""0.0350"",""5000.00""]]","[[""0.9450"",""125.00""],[""0.9480"",""125.00""],[""0.9490"",""124.00""],[""0.9500"",""24.54""],[""0.9510"",""125.00""],[""0.9530"",""10.00""],[""0.9540"",""125.00""],[""0.9560"",""75.51""],[""0.9570"",""1619.30""],[""0.9610"",""44.00""]]"
2026-05-16T06:56:35.871Z,KXBTC15M-26MAY160300-00,BTC price up in next 15 mins?,KXBTC15M-26MAY160300,2026-05-16T07:00:00Z,active,0.035,0.044,0.956,0.965,0.0395,0.035,371415.09,149855.52,4615.39,149.11,"[[""0.0230"",""125.00""],[""0.0250"",""125.00""],[""0.0270"",""10.00""],[""0.0280"",""125.00""],[""0.0300"",""1524.00""],[""0.0310"",""125.00""],[""0.0320"",""225.00""],[""0.0340"",""125.00""],[""0.0350"",""13.00""],[""0.0370"",""4615.39""]]","[[""0.9390"",""127.00""],[""0.9400"",""1025.00""],[""0.9410"",""20.00""],[""0.9420"",""125.00""],[""0.9450"",""246.00""],[""0.9480"",""125.00""],[""0.9500"",""40.54""],[""0.9510"",""125.00""],[""0.9540"",""1629.30""],[""0.9560"",""149.11""]]"
2026-05-16T06:56:37.871Z,KXBTC15M-26MAY160300-00,BTC price up in next 15 mins?,KXBTC15M-26MAY160300,2026-05-16T07:00:00Z,active,0.035,0.044,0.956,0.965,0.0395,0.035,371415.09,149855.52,4985.22,86.01,"[[""0.0230"",""125.00""],[""0.0250"",""125.00""],[""0.0280"",""135.00""],[""0.0300"",""3140.01""],[""0.0310"",""125.00""],[""0.0320"",""25.00""],[""0.0340"",""125.00""],[""0.0350"",""13.00""],[""0.0370"",""150.00""],[""0.0380"",""4985.22""]]","[[""0.9350"",""125.00""],[""0.9360"",""2.00""],[""0.9390"",""125.00""],[""0.9400"",""25.00""],[""0.9420"",""125.00""],[""0.9450"",""125.00""],[""0.9480"",""135.00""],[""0.9500"",""39.54""],[""0.9540"",""1619.30""],[""0.9560"",""86.01""]]"
2026-05-16T06:56:39.866Z,KXBTC15M-26MAY160300-00,BTC price up in next 15 mins?,KXBTC15M-26MAY160300,2026-05-16T07:00:00Z,active,0.035,0.044,0.956,0.965,0.0395,0.035,371415.09,149855.52,102.5,1653.0,"[[""0.0250"",""125.00""],[""0.0280"",""135.00""],[""0.0290"",""1500.00""],[""0.0300"",""1640.01""],[""0.0310"",""125.00""],[""0.0320"",""25.00""],[""0.0340"",""125.00""],[""0.0370"",""162.00""],[""0.0380"",""5000.00""],[""0.0390"",""102.50""]]","[[""0.9350"",""125.00""],[""0.9360"",""2.00""],[""0.9390"",""125.00""],[""0.9400"",""25.00""],[""0.9420"",""125.00""],[""0.9450"",""157.00""],[""0.9480"",""125.00""],[""0.9500"",""114.54""],[""0.9530"",""10.00""],[""0.9550"",""1653.00""]]"
2026-05-16T06:56:41.871Z,KXBTC15M-26MAY160300-00,BTC price up in next 15 mins?,KXBTC15M-26MAY160300,2026-05-16T07:00:00Z,active,0.035,0.044,0.956,0.965,0.0395,0.035,371415.09,149855.52,201.9,13.0,"[[""0.0250"",""125.00""],[""0.0260"",""400.00""],[""0.0280"",""125.00""],[""0.0310"",""153.88""],[""0.0320"",""5000.00""],[""0.0340"",""125.00""],[""0.0370"",""136.74""],[""0.0390"",""1500.00""],[""0.0400"",""1741.01""],[""0.0430"",""201.90""]]","[[""0.9330"",""125.00""],[""0.9350"",""125.00""],[""0.9370"",""20.00""],[""0.9380"",""10.00""],[""0.9390"",""125.00""],[""0.9400"",""25.00""],[""0.9420"",""125.00""],[""0.9460"",""14.00""],[""0.9500"",""0.54""],[""0.9550"",""13.00""]]"
2026-05-16T06:56:43.866Z,KXBTC15M-26MAY160300-00,BTC price up in next 15 mins?,KXBTC15M-26MAY160300,2026-05-16T07:00:00Z,active,0.049,0.05,0.95,0.951,0.0495,0.045,382396.48,150962.61,125.0,75.0,"[[""0.0420"",""25.00""],[""0.0430"",""121.90""],[""0.0440"",""5.00""],[""0.0470"",""125.00""],[""0.0490"",""125.00""],[""0.0500"",""1616.01""],[""0.0510"",""10.00""],[""0.0530"",""104.42""],[""0.0560"",""125.00""],[""0.0590"",""125.00""]]","[[""0.9160"",""125.00""],[""0.9180"",""125.00""],[""0.9210"",""125.00""],[""0.9240"",""125.00""],[""0.9270"",""125.00""],[""0.9280"",""29.26""],[""0.9300"",""5.00""],[""0.9310"",""17.00""],[""0.9370"",""1628.30""],[""0.9380"",""75.00""]]"
2026-05-16T06:56:45.870Z,KXBTC15M-26MAY160300-00,BTC price up in next 15 mins?,KXBTC15M-26MAY160300,2026-05-16T07:00:00Z,active,0.049,0.05,0.95,0.951,0.0495,0.045,382396.48,150962.61,101.16,1771.79,"[[""0.0230"",""125.00""],[""0.0250"",""125.00""],[""0.0280"",""125.00""],[""0.0290"",""558.00""],[""0.0310"",""10.88""],[""0.0330"",""1500.00""],[""0.0340"",""135.00""],[""0.0370"",""125.00""],[""0.0400"",""1741.01""],[""0.0410"",""101.16""]]","[[""0.9300"",""130.00""],[""0.9340"",""125.00""],[""0.9380"",""125.00""],[""0.9400"",""25.00""],[""0.9410"",""125.00""],[""0.9430"",""125.00""],[""0.9450"",""19.00""],[""0.9470"",""125.00""],[""0.9480"",""25.00""],[""0.9490"",""1771.79""]]"
2026-05-16T06:56:47.882Z,KXBTC15M-26MAY160300-00,BTC price up in next 15 mins?,KXBTC15M-26MAY160300,2026-05-16T07:00:00Z,active,0.049,0.05,0.95,0.951,0.0495,0.045,382396.48,150962.61,4799.59,200.0,"[[""0.0160"",""66.00""],[""0.0170"",""58.00""],[""0.0180"",""55.00""],[""0.0190"",""52.00""],[""0.0200"",""2222.06""],[""0.0220"",""500.00""],[""0.0250"",""11.00""],[""0.0260"",""1500.00""],[""0.0280"",""10.00""],[""0.0320"",""4799.59""]]","[[""0.9500"",""1.00""],[""0.9510"",""125.00""],[""0.9540"",""10.00""],[""0.9550"",""125.00""],[""0.9570"",""150.00""],[""0.9580"",""1587.31""],[""0.9610"",""125.00""],[""0.9620"",""15.00""],[""0.9630"",""125.00""],[""0.9650"",""200.00""]]"
2026-05-16T06:56:49.876Z,KXBTC15M-26MAY160300-00,BTC price up in next 15 mins?,KXBTC15M-26MAY160300,2026-05-16T07:00:00Z,active,0.049,0.05,0.95,0.951,0.0495,0.045,382396.48,150962.61,14.0,83.37,"[[""0.0220"",""625.00""],[""0.0240"",""125.00""],[""0.0250"",""10.00""],[""0.0260"",""125.00""],[""0.0280"",""125.00""],[""0.0300"",""1588.22""],[""0.0320"",""5125.00""],[""0.0330"",""27.89""],[""0.0350"",""200.00""],[""0.0360"",""14.00""]]","[[""0.9340"",""125.00""],[""0.9380"",""525.00""],[""0.9400"",""1401.00""],[""0.9410"",""145.00""],[""0.9430"",""125.00""],[""0.9470"",""125.00""],[""0.9500"",""1.00""],[""0.9510"",""125.00""],[""0.9540"",""2399.00""],[""0.9550"",""83.37""]]"
2026-05-16T06:56:51.868Z,KXBTC15M-26MAY160300-00,BTC price up in next 15 mins?,KXBTC15M-26MAY160300,2026-05-16T07:00:00Z,active,0.049,0.05,0.95,0.951,0.0495,0.045,382396.48,150962.61,2.0,85.0,"[[""0.0190"",""190.00""],[""0.0200"",""2222.06""],[""0.0220"",""625.00""],[""0.0230"",""10.00""],[""0.0240"",""125.00""],[""0.0260"",""125.00""],[""0.0280"",""125.00""],[""0.0320"",""125.00""],[""0.0330"",""200.00""],[""0.0400"",""2.00""]]","[[""0.9370"",""125.00""],[""0.9390"",""145.00""],[""0.9400"",""25.00""],[""0.9430"",""125.00""],[""0.9450"",""125.00""],[""0.9490"",""125.00""],[""0.9520"",""291.00""],[""0.9540"",""125.00""],[""0.9550"",""28.00""],[""0.9560"",""85.00""]]"
2026-05-16T06:56:53.881Z,KXBTC15M-26MAY160300-00,BTC price up in next 15 mins?,KXBTC15M-26MAY160300,2026-05-16T07:00:00Z,active,0.049,0.05,0.95,0.951,0.0495,0.045,382396.48,150962.61,200.0,393.0,"[[""0.0200"",""1222.06""],[""0.0220"",""625.00""],[""0.0240"",""125.00""],[""0.0260"",""125.00""],[""0.0280"",""125.00""],[""0.0300"",""1000.00""],[""0.0310"",""10.00""],[""0.0320"",""138.00""],[""0.0370"",""5000.00""],[""0.0390"",""200.00""]]","[[""0.9410"",""2.00""],[""0.9420"",""10.00""],[""0.9430"",""125.00""],[""0.9440"",""121.00""],[""0.9450"",""125.00""],[""0.9490"",""125.00""],[""0.9520"",""125.00""],[""0.9530"",""1.00""],[""0.9540"",""125.00""],[""0.9550"",""393.00""]]"
2026-05-16T06:56:55.877Z,KXBTC15M-26MAY160300-00,BTC price up in next 15 mins?,KXBTC15M-26MAY160300,2026-05-16T07:00:00Z,active,0.049,0.05,0.95,0.951,0.0495,0.045,382396.48,150962.61,200.0,25.0,"[[""0.0180"",""55.00""],[""0.0190"",""177.00""],[""0.0200"",""606.06""],[""0.0210"",""125.00""],[""0.0220"",""2465.09""],[""0.0230"",""5000.00""],[""0.0240"",""125.00""],[""0.0250"",""10.00""],[""0.0260"",""125.00""],[""0.0280"",""200.00""]]","[[""0.9430"",""125.00""],[""0.9440"",""400.00""],[""0.9450"",""125.00""],[""0.9480"",""125.00""],[""0.9520"",""2.00""],[""0.9530"",""1.00""],[""0.9540"",""95.00""],[""0.9600"",""998.00""],[""0.9610"",""23.00""],[""0.9710"",""25.00""]]"
2026-05-16T06:56:57.879Z,KXBTC15M-26MAY160300-00,BTC price up in next 15 mins?,KXBTC15M-26MAY160300,2026-05-16T07:00:00Z,active,0.049,0.05,0.95,0.951,0.0495,0.045,382396.48,150962.61,123.29,249.22,"[[""0.0220"",""500.00""],[""0.0240"",""125.00""],[""0.0250"",""166.00""],[""0.0260"",""125.00""],[""0.0280"",""125.00""],[""0.0290"",""27.29""],[""0.0310"",""10.00""],[""0.0320"",""125.00""],[""0.0340"",""125.00""],[""0.0360"",""123.29""]]","[[""0.9390"",""125.00""],[""0.9400"",""1649.00""],[""0.9430"",""125.00""],[""0.9450"",""125.00""],[""0.9460"",""20.00""],[""0.9480"",""525.00""],[""0.9500"",""376.00""],[""0.9530"",""137.00""],[""0.9610"",""166.00""],[""0.9630"",""249.22""]]"
2026-05-16T06:56:59.887Z,KXBTC15M-26MAY160300-00,BTC price up in next 15 mins?,KXBTC15M-26MAY160300,2026-05-16T07:00:00Z,active,0.049,0.05,0.95,0.951,0.0495,0.045,382396.48,150962.61,4188.53,54.6,"[[""0.0190"",""177.00""],[""0.0200"",""2246.06""],[""0.0210"",""125.00""],[""0.0220"",""500.00""],[""0.0240"",""279.00""],[""0.0260"",""135.00""],[""0.0270"",""13.00""],[""0.0280"",""116.17""],[""0.0310"",""125.00""],[""0.0320"",""4188.53""]]","[[""0.9480"",""125.00""],[""0.9490"",""2.00""],[""0.9500"",""10.00""],[""0.9510"",""125.00""],[""0.9520"",""126.00""],[""0.9530"",""135.00""],[""0.9550"",""125.00""],[""0.9610"",""18.00""],[""0.9620"",""166.00""],[""0.9640"",""54.60""]]"
2026-05-16T06:57:01.891Z,KXBTC15M-26MAY160300-00,BTC price up in next 15 mins?,KXBTC15M-26MAY160300,2026-05-16T07:00:00Z,active,0.049,0.05,0.95,0.951,0.0495,0.045,382396.48,150962.61,116.17,3.0,"[[""0.0170"",""58.00""],[""0.0180"",""55.00""],[""0.0190"",""177.00""],[""0.0200"",""1278.06""],[""0.0210"",""125.00""],[""0.0220"",""500.00""],[""0.0230"",""23.00""],[""0.0240"",""279.00""],[""0.0260"",""125.00""],[""0.0280"",""116.17""]]","[[""0.9510"",""125.00""],[""0.9530"",""147.00""],[""0.9540"",""128.00""],[""0.9550"",""125.00""],[""0.9580"",""125.00""],[""0.9600"",""5.00""],[""0.9640"",""200.00""],[""0.9650"",""16.00""],[""0.9660"",""41.00""],[""0.9700"",""3.00""]]"
2026-05-16T06:57:03.874Z,KXBTC15M-26MAY160300-00,BTC price up in next 15 mins?,KXBTC15M-26MAY160300,2026-05-16T07:00:00Z,active,0.049,0.05,0.95,0.951,0.0495,0.045,382396.48,150962.61,75.0,166.0,"[[""0.0180"",""2174.09""],[""0.0190"",""177.00""],[""0.0200"",""1278.06""],[""0.0210"",""125.00""],[""0.0220"",""500.00""],[""0.0230"",""180.00""],[""0.0240"",""125.00""],[""0.0260"",""106.19""],[""0.0270"",""5000.00""],[""0.0280"",""75.00""]]","[[""0.9500"",""29.00""],[""0.9510"",""125.00""],[""0.9530"",""545.00""],[""0.9550"",""127.00""],[""0.9580"",""125.00""],[""0.9600"",""5.00""],[""0.9610"",""125.00""],[""0.9640"",""200.00""],[""0.9650"",""18.00""],[""0.9670"",""166.00""]]"
2026-05-16T06:57:05.894Z,KXBTC15M-26MAY160300-00,BTC price up in next 15 mins?,KXBTC15M-26MAY160300,2026-05-16T07:00:00Z,active,0.049,0.05,0.95,0.951,0.0495,0.045,382396.48,150962.61,5098.0,122.91,"[[""0.0160"",""62.00""],[""0.0170"",""58.00""],[""0.0180"",""55.00""],[""0.0190"",""177.00""],[""0.0200"",""3563.15""],[""0.0210"",""125.00""],[""0.0220"",""658.00""],[""0.0240"",""125.00""],[""0.0260"",""116.19""],[""0.0270"",""5098.00""]]","[[""0.9480"",""125.00""],[""0.9500"",""439.00""],[""0.9510"",""125.00""],[""0.9530"",""126.00""],[""0.9550"",""127.00""],[""0.9560"",""16.00""],[""0.9580"",""625.00""],[""0.9600"",""5.00""],[""0.9610"",""129.86""],[""0.9650"",""122.91""]]"
2026-05-16T06:57:07.879Z,KXBTC15M-26MAY160300-00,BTC price up in next 15 mins?,KXBTC15M-26MAY160300,2026-05-16T07:00:00Z,active,0.049,0.05,0.95,0.951,0.0495,0.045,382396.48,150962.61,4476.94,8.0,"[[""0.0160"",""62.00""],[""0.0170"",""58.00""],[""0.0180"",""55.00""],[""0.0190"",""2462.09""],[""0.0200"",""1278.06""],[""0.0210"",""125.00""],[""0.0220"",""672.00""],[""0.0240"",""125.00""],[""0.0260"",""116.19""],[""0.0270"",""4476.94""]]","[[""0.9510"",""125.00""],[""0.9530"",""653.00""],[""0.9550"",""127.00""],[""0.9580"",""625.00""],[""0.9600"",""6.00""],[""0.9610"",""129.86""],[""0.9620"",""35.60""],[""0.9650"",""16.00""],[""0.9660"",""47.91""],[""0.9670"",""8.00""]]"
2026-05-16T06:57:09.881Z,KXBTC15M-26MAY160300-00,BTC price up in next 15 mins?,KXBTC15M-26MAY160300,2026-05-16T07:00:00Z,active,0.049,0.05,0.95,0.951,0.0495,0.045,382396.48,150962.61,155.68,103.0,"[[""0.0180"",""70.00""],[""0.0190"",""177.00""],[""0.0200"",""1278.06""],[""0.0210"",""160.00""],[""0.0220"",""532.38""],[""0.0240"",""135.00""],[""0.0250"",""5000.00""],[""0.0260"",""125.00""],[""0.0280"",""125.00""],[""0.0300"",""155.68""]]","[[""0.9490"",""10.00""],[""0.9500"",""29.00""],[""0.9510"",""125.00""],[""0.9530"",""126.00""],[""0.9540"",""528.00""],[""0.9550"",""125.00""],[""0.9560"",""2.00""],[""0.9580"",""415.38""],[""0.9590"",""35.71""],[""0.9640"",""103.00""]]"
2026-05-16T06:57:11.870Z,KXBTC15M-26MAY160300-00,BTC price up in next 15 mins?,KXBTC15M-26MAY160300,2026-05-16T07:00:00Z,active,0.049,0.05,0.95,0.951,0.0495,0.045,382396.48,150962.61,228.26,143.64,"[[""0.0150"",""192.00""],[""0.0160"",""62.00""],[""0.0170"",""58.00""],[""0.0180"",""55.00""],[""0.0190"",""177.00""],[""0.0200"",""1441.06""],[""0.0220"",""532.38""],[""0.0240"",""135.00""],[""0.0260"",""139.00""],[""0.0280"",""228.26""]]","[[""0.9480"",""125.00""],[""0.9500"",""379.00""],[""0.9510"",""125.00""],[""0.9520"",""10.00""],[""0.9530"",""126.00""],[""0.9550"",""254.00""],[""0.9580"",""503.36""],[""0.9590"",""400.00""],[""0.9600"",""32.00""],[""0.9610"",""143.64""]]"
2026-05-16T06:57:13.875Z,KXBTC15M-26MAY160300-00,BTC price up in next 15 mins?,KXBTC15M-26MAY160300,2026-05-16T07:00:00Z,active,0.046,0.047,0.953,0.954,0.0465,0.047,395615.92,154794.07,100.32,0.79,"[[""0.0280"",""125.00""],[""0.0300"",""671.00""],[""0.0310"",""125.00""],[""0.0340"",""125.00""],[""0.0360"",""10.00""],[""0.0380"",""125.00""],[""0.0410"",""178.00""],[""0.0430"",""130.00""],[""0.0440"",""125.00""],[""0.0460"",""100.32""]]","[[""0.9250"",""525.00""],[""0.9290"",""125.00""],[""0.9300"",""5.00""],[""0.9310"",""125.00""],[""0.9330"",""10.00""],[""0.9350"",""125.00""],[""0.9380"",""125.00""],[""0.9400"",""25.00""],[""0.9410"",""155.75""],[""0.9530"",""0.79""]]"
2026-05-16T06:57:15.869Z,KXBTC15M-26MAY160300-00,BTC price up in next 15 mins?,KXBTC15M-26MAY160300,2026-05-16T07:00:00Z,active,0.046,0.047,0.953,0.954,0.0465,0.047,395615.92,154794.07,42.69,19.72,"[[""0.0280"",""125.00""],[""0.0300"",""271.00""],[""0.0310"",""125.00""],[""0.0340"",""125.00""],[""0.0360"",""12.00""],[""0.0380"",""260.00""],[""0.0400"",""400.00""],[""0.0410"",""125.00""],[""0.0440"",""4987.42""],[""0.0450"",""42.69""]]","[[""0.9300"",""5.00""],[""0.9310"",""125.00""],[""0.9320"",""10.00""],[""0.9340"",""115.00""],[""0.9350"",""125.00""],[""0.9360"",""400.00""],[""0.9380"",""125.00""],[""0.9400"",""99.00""],[""0.9410"",""140.00""],[""0.9440"",""19.72""]]"
2026-05-16T06:57:17.878Z,KXBTC15M-26MAY160300-00,BTC price up in next 15 mins?,KXBTC15M-26MAY160300,2026-05-16T07:00:00Z,active,0.046,0.047,0.953,0.954,0.0465,0.047,395615.92,154794.07,68.8,140.55,"[[""0.0260"",""125.00""],[""0.0280"",""125.00""],[""0.0300"",""281.00""],[""0.0310"",""125.00""],[""0.0320"",""2.00""],[""0.0340"",""264.00""],[""0.0350"",""12.00""],[""0.0380"",""125.00""],[""0.0400"",""399.85""],[""0.0410"",""68.80""]]","[[""0.9290"",""125.00""],[""0.9300"",""405.00""],[""0.9310"",""125.00""],[""0.9350"",""241.00""],[""0.9380"",""125.00""],[""0.9400"",""109.00""],[""0.9410"",""125.00""],[""0.9420"",""400.00""],[""0.9440"",""19.72""],[""0.9470"",""140.55""]]"
2026-05-16T06:57:19.890Z,KXBTC15M-26MAY160300-00,BTC price up in next 15 mins?,KXBTC15M-26MAY160300,2026-05-16T07:00:00Z,active,0.046,0.047,0.953,0.954,0.0465,0.047,395615.92,154794.07,149.91,25.0,"[[""0.0160"",""62.00""],[""0.0170"",""58.00""],[""0.0180"",""55.00""],[""0.0190"",""177.00""],[""0.0200"",""856.06""],[""0.0220"",""546.38""],[""0.0230"",""156.00""],[""0.0240"",""135.00""],[""0.0260"",""125.00""],[""0.0280"",""149.91""]]","[[""0.9470"",""95.00""],[""0.9500"",""130.00""],[""0.9530"",""125.00""],[""0.9560"",""124.40""],[""0.9570"",""400.00""],[""0.9590"",""45.70""],[""0.9600"",""35.67""],[""0.9660"",""18.00""],[""0.9700"",""51.00""],[""0.9710"",""25.00""]]"
2026-05-16T06:57:21.885Z,KXBTC15M-26MAY160300-00,BTC price up in next 15 mins?,KXBTC15M-26MAY160300,2026-05-16T07:00:00Z,active,0.046,0.047,0.953,0.954,0.0465,0.047,395615.92,154794.07,75.0,125.7,"[[""0.0160"",""62.00""],[""0.0170"",""60.00""],[""0.0180"",""55.00""],[""0.0190"",""177.00""],[""0.0200"",""1526.91""],[""0.0220"",""690.38""],[""0.0240"",""135.00""],[""0.0250"",""14.00""],[""0.0280"",""5000.00""],[""0.0290"",""75.00""]]","[[""0.9410"",""127.00""],[""0.9440"",""39.72""],[""0.9460"",""10.00""],[""0.9470"",""95.00""],[""0.9500"",""130.00""],[""0.9530"",""147.00""],[""0.9540"",""400.00""],[""0.9560"",""124.40""],[""0.9570"",""50.00""],[""0.9590"",""125.70""]]"
2026-05-16T06:57:23.893Z,KXBTC15M-26MAY160300-00,BTC price up in next 15 mins?,KXBTC15M-26MAY160300,2026-05-16T07:00:00Z,active,0.046,0.047,0.953,0.954,0.0465,0.047,395615.92,154794.07,125.0,15.0,"[[""0.0290"",""125.00""],[""0.0300"",""647.85""],[""0.0310"",""125.00""],[""0.0330"",""139.00""],[""0.0350"",""125.00""],[""0.0360"",""12.00""],[""0.0370"",""125.00""],[""0.0390"",""75.00""],[""0.0400"",""125.00""],[""0.0430"",""125.00""]]","[[""0.9260"",""10.00""],[""0.9290"",""125.00""],[""0.9300"",""550.97""],[""0.9310"",""125.00""],[""0.9320"",""400.00""],[""0.9350"",""125.00""],[""0.9440"",""8.00""],[""0.9450"",""30.61""],[""0.9510"",""25.00""],[""0.9560"",""15.00""]]"
2026-05-16T06:57:25.879Z,KXBTC15M-26MAY160300-00,BTC price up in next 15 mins?,KXBTC15M-26MAY160300,2026-05-16T07:00:00Z,active,0.046,0.047,0.953,0.954,0.0465,0.047,395615.92,154794.07,125.0,77.0,"[[""0.0520"",""125.00""],[""0.0550"",""11.00""],[""0.0560"",""125.00""],[""0.0580"",""125.00""],[""0.0600"",""125.00""],[""0.0620"",""125.00""],[""0.0640"",""125.00""],[""0.0670"",""125.00""],[""0.0700"",""125.00""],[""0.0730"",""125.00""]]","[[""0.9000"",""397.00""],[""0.9030"",""125.00""],[""0.9050"",""125.00""],[""0.9070"",""135.00""],[""0.9090"",""150.00""],[""0.9100"",""600.07""],[""0.9120"",""125.00""],[""0.9190"",""10.00""],[""0.9200"",""150.00""],[""0.9240"",""77.00""]]"
2026-05-16T06:57:27.878Z,KXBTC15M-26MAY160300-00,BTC price up in next 15 mins?,KXBTC15M-26MAY160300,2026-05-16T07:00:00Z,active,0.046,0.047,0.953,0.954,0.0465,0.047,395615.92,154794.07,8.0,666.03,"[[""0.0330"",""125.00""],[""0.0350"",""125.00""],[""0.0370"",""535.00""],[""0.0400"",""126.00""],[""0.0430"",""125.00""],[""0.0460"",""125.00""],[""0.0500"",""125.00""],[""0.0520"",""125.00""],[""0.0560"",""125.00""],[""0.0570"",""8.00""]]","[[""0.9190"",""10.00""],[""0.9200"",""247.00""],[""0.9210"",""125.00""],[""0.9230"",""10.00""],[""0.9240"",""125.00""],[""0.9270"",""125.00""],[""0.9300"",""675.07""],[""0.9320"",""125.00""],[""0.9410"",""86.00""],[""0.9420"",""666.03""]]"
2026-05-16T06:57:29.885Z,KXBTC15M-26MAY160300-00,BTC price up in next 15 mins?,KXBTC15M-26MAY160300,2026-05-16T07:00:00Z,active,0.046,0.047,0.953,0.954,0.0465,0.047,395615.92,154794.07,97.82,483.35,"[[""0.0300"",""413.85""],[""0.0310"",""125.00""],[""0.0330"",""125.00""],[""0.0340"",""139.00""],[""0.0350"",""125.00""],[""0.0370"",""535.00""],[""0.0400"",""126.00""],[""0.0430"",""125.00""],[""0.0460"",""125.00""],[""0.0470"",""97.82""]]","[[""0.9240"",""125.00""],[""0.9270"",""125.00""],[""0.9300"",""1673.07""],[""0.9320"",""125.00""],[""0.9330"",""20.00""],[""0.9360"",""125.00""],[""0.9390"",""125.00""],[""0.9400"",""1.00""],[""0.9410"",""86.00""],[""0.9420"",""483.35""]]"
2026-05-16T06:57:31.894Z,KXBTC15M-26MAY160300-00,BTC price up in next 15 mins?,KXBTC15M-26MAY160300,2026-05-16T07:00:00Z,active,0.046,0.047,0.953,0.954,0.0465,0.047,395615.92,154794.07,222.82,75.0,"[[""0.0290"",""125.00""],[""0.0300"",""413.85""],[""0.0310"",""125.00""],[""0.0330"",""125.00""],[""0.0350"",""125.00""],[""0.0360"",""2.00""],[""0.0370"",""535.00""],[""0.0400"",""126.00""],[""0.0430"",""125.00""],[""0.0470"",""222.82""]]","[[""0.9300"",""1673.07""],[""0.9320"",""1236.00""],[""0.9330"",""8.00""],[""0.9360"",""125.00""],[""0.9390"",""125.00""],[""0.9400"",""2.00""],[""0.9410"",""86.00""],[""0.9420"",""608.35""],[""0.9430"",""30.68""],[""0.9440"",""75.00""]]"
2026-05-16T06:57:33.883Z,KXBTC15M-26MAY160300-00,BTC price up in next 15 mins?,KXBTC15M-26MAY160300,2026-05-16T07:00:00Z,active,0.046,0.047,0.953,0.954,0.0465,0.047,395615.92,154794.07,75.0,151.52,"[[""0.0290"",""125.00""],[""0.0300"",""437.85""],[""0.0310"",""125.00""],[""0.0330"",""127.00""],[""0.0340"",""400.00""],[""0.0350"",""125.00""],[""0.0360"",""137.00""],[""0.0370"",""135.00""],[""0.0400"",""133.70""],[""0.0410"",""75.00""]]","[[""0.9320"",""1236.00""],[""0.9360"",""125.00""],[""0.9370"",""20.00""],[""0.9390"",""125.00""],[""0.9400"",""26.00""],[""0.9410"",""25.00""],[""0.9420"",""608.35""],[""0.9450"",""125.00""],[""0.9470"",""248.00""],[""0.9480"",""151.52""]]"
2026-05-16T06:57:35.878Z,KXBTC15M-26MAY160300-00,BTC price up in next 15 mins?,KXBTC15M-26MAY160300,2026-05-16T07:00:00Z,active,0.046,0.047,0.953,0.954,0.0465,0.047,395615.92,154794.07,380.78,12.0,"[[""0.0160"",""187.00""],[""0.0170"",""58.00""],[""0.0180"",""180.00""],[""0.0190"",""52.00""],[""0.0200"",""1377.06""],[""0.0210"",""21.00""],[""0.0220"",""361.14""],[""0.0230"",""125.00""],[""0.0240"",""10.00""],[""0.0250"",""380.78""]]","[[""0.9480"",""400.00""],[""0.9510"",""125.00""],[""0.9530"",""125.00""],[""0.9550"",""125.00""],[""0.9570"",""255.00""],[""0.9590"",""125.00""],[""0.9610"",""125.00""],[""0.9630"",""125.00""],[""0.9650"",""33.40""],[""0.9660"",""12.00""]]"
2026-05-16T06:57:37.868Z,KXBTC15M-26MAY160300-00,BTC price up in next 15 mins?,KXBTC15M-26MAY160300,2026-05-16T07:00:00Z,active,0.046,0.047,0.953,0.954,0.0465,0.047,395615.92,154794.07,221.0,9.0,"[[""0.0180"",""180.00""],[""0.0190"",""52.00""],[""0.0200"",""1624.06""],[""0.0210"",""4.00""],[""0.0220"",""361.14""],[""0.0230"",""125.00""],[""0.0250"",""14.00""],[""0.0260"",""8.22""],[""0.0270"",""10.00""],[""0.0290"",""221.00""]]","[[""0.9510"",""125.00""],[""0.9530"",""125.00""],[""0.9550"",""125.00""],[""0.9570"",""125.00""],[""0.9580"",""131.00""],[""0.9590"",""125.00""],[""0.9610"",""125.00""],[""0.9630"",""160.56""],[""0.9640"",""8.00""],[""0.9650"",""9.00""]]"
2026-05-16T06:57:39.868Z,KXBTC15M-26MAY160300-00,BTC price up in next 15 mins?,KXBTC15M-26MAY160300,2026-05-16T07:00:00Z,active,0.046,0.047,0.953,0.954,0.0465,0.047,395615.92,154794.07,110.51,55.6,"[[""0.0180"",""180.00""],[""0.0190"",""52.00""],[""0.0200"",""1648.06""],[""0.0210"",""4.00""],[""0.0220"",""361.14""],[""0.0230"",""125.00""],[""0.0260"",""1.00""],[""0.0270"",""135.00""],[""0.0280"",""147.00""],[""0.0290"",""110.51""]]","[[""0.9470"",""125.00""],[""0.9480"",""2.00""],[""0.9500"",""24.00""],[""0.9510"",""125.00""],[""0.9530"",""133.00""],[""0.9550"",""125.00""],[""0.9570"",""125.00""],[""0.9590"",""257.00""],[""0.9610"",""125.00""],[""0.9620"",""55.60""]]"
2026-05-16T06:57:41.879Z,KXBTC15M-26MAY160300-00,BTC price up in next 15 mins?,KXBTC15M-26MAY160300,2026-05-16T07:00:00Z,active,0.046,0.047,0.953,0.954,0.0465,0.047,395615.92,154794.07,159.41,75.0,"[[""0.0140"",""200.00""],[""0.0150"",""67.00""],[""0.0160"",""197.00""],[""0.0170"",""58.00""],[""0.0180"",""180.00""],[""0.0190"",""52.00""],[""0.0200"",""977.06""],[""0.0210"",""4.00""],[""0.0220"",""519.14""],[""0.0230"",""159.41""]]","[[""0.9570"",""125.00""],[""0.9590"",""125.00""],[""0.9600"",""74.00""],[""0.9610"",""125.00""],[""0.9620"",""10.00""],[""0.9640"",""137.00""],[""0.9650"",""35.49""],[""0.9670"",""8.00""],[""0.9700"",""83.00""],[""0.9710"",""75.00""]]"
2026-05-16T06:57:43.882Z,KXBTC15M-26MAY160300-00,BTC price up in next 15 mins?,KXBTC15M-26MAY160300,2026-05-16T07:00:00Z,active,0.031,0.039,0.961,0.969,0.035,0.043,406304.02,158620.57,5.9,8.0,"[[""0.0170"",""58.00""],[""0.0180"",""180.00""],[""0.0190"",""52.00""],[""0.0200"",""977.06""],[""0.0210"",""4.00""],[""0.0220"",""361.14""],[""0.0230"",""271.00""],[""0.0270"",""125.00""],[""0.0290"",""147.00""],[""0.0310"",""5.90""]]","[[""0.9450"",""125.00""],[""0.9470"",""125.00""],[""0.9480"",""400.00""],[""0.9500"",""1024.07""],[""0.9510"",""125.00""],[""0.9530"",""125.00""],[""0.9550"",""125.00""],[""0.9560"",""2.00""],[""0.9620"",""245.60""],[""0.9660"",""8.00""]]"
2026-05-16T06:57:45.875Z,KXBTC15M-26MAY160300-00,BTC price up in next 15 mins?,KXBTC15M-26MAY160300,2026-05-16T07:00:00Z,active,0.031,0.039,0.961,0.969,0.035,0.043,406304.02,158620.57,58.68,125.64,"[[""0.0180"",""180.00""],[""0.0190"",""52.00""],[""0.0200"",""1401.06""],[""0.0210"",""4.00""],[""0.0220"",""361.14""],[""0.0230"",""261.00""],[""0.0260"",""10.00""],[""0.0270"",""125.00""],[""0.0290"",""125.00""],[""0.0300"",""58.68""]]","[[""0.9450"",""125.00""],[""0.9460"",""20.00""],[""0.9470"",""125.00""],[""0.9500"",""400.07""],[""0.9510"",""125.00""],[""0.9530"",""125.00""],[""0.9550"",""125.00""],[""0.9560"",""2.00""],[""0.9600"",""24.00""],[""0.9610"",""125.64""]]"
2026-05-16T06:57:47.885Z,KXBTC15M-26MAY160300-00,BTC price up in next 15 mins?,KXBTC15M-26MAY160300,2026-05-16T07:00:00Z,active,0.031,0.039,0.961,0.969,0.035,0.043,406304.02,158620.57,51.84,38.0,"[[""0.0140"",""200.00""],[""0.0150"",""67.00""],[""0.0160"",""197.00""],[""0.0170"",""58.00""],[""0.0180"",""180.00""],[""0.0190"",""52.00""],[""0.0200"",""1401.06""],[""0.0210"",""4.00""],[""0.0220"",""404.27""],[""0.0240"",""51.84""]]","[[""0.9530"",""125.00""],[""0.9550"",""125.00""],[""0.9580"",""127.00""],[""0.9590"",""10.00""],[""0.9600"",""282.00""],[""0.9610"",""692.72""],[""0.9620"",""125.00""],[""0.9640"",""126.00""],[""0.9660"",""125.00""],[""0.9670"",""38.00""]]"
2026-05-16T06:57:49.883Z,KXBTC15M-26MAY160300-00,BTC price up in next 15 mins?,KXBTC15M-26MAY160300,2026-05-16T07:00:00Z,active,0.031,0.039,0.961,0.969,0.035,0.043,406304.02,158620.57,83.37,38.0,"[[""0.0140"",""200.00""],[""0.0150"",""67.00""],[""0.0160"",""197.00""],[""0.0170"",""58.00""],[""0.0180"",""180.00""],[""0.0190"",""52.00""],[""0.0200"",""1422.06""],[""0.0210"",""164.00""],[""0.0220"",""244.64""],[""0.0230"",""83.37""]]","[[""0.9530"",""125.00""],[""0.9550"",""125.00""],[""0.9580"",""125.00""],[""0.9590"",""12.00""],[""0.9600"",""149.00""],[""0.9610"",""826.72""],[""0.9620"",""125.00""],[""0.9640"",""126.00""],[""0.9660"",""125.00""],[""0.9670"",""38.00""]]"
2026-05-16T06:57:51.886Z,KXBTC15M-26MAY160300-00,BTC price up in next 15 mins?,KXBTC15M-26MAY160300,2026-05-16T07:00:00Z,active,0.031,0.039,0.961,0.969,0.035,0.043,406304.02,158620.57,109.41,17.0,"[[""0.0140"",""200.00""],[""0.0150"",""67.00""],[""0.0160"",""197.00""],[""0.0170"",""58.00""],[""0.0180"",""180.00""],[""0.0190"",""77.00""],[""0.0200"",""1001.06""],[""0.0210"",""164.00""],[""0.0220"",""122.85""],[""0.0230"",""109.41""]]","[[""0.9550"",""125.00""],[""0.9580"",""125.00""],[""0.9590"",""12.00""],[""0.9600"",""149.00""],[""0.9610"",""692.72""],[""0.9620"",""260.00""],[""0.9640"",""126.00""],[""0.9660"",""125.00""],[""0.9670"",""35.41""],[""0.9700"",""17.00""]]"
2026-05-16T06:57:53.887Z,KXBTC15M-26MAY160300-00,BTC price up in next 15 mins?,KXBTC15M-26MAY160300,2026-05-16T07:00:00Z,active,0.031,0.039,0.961,0.969,0.035,0.043,406304.02,158620.57,39.0,114.7,"[[""0.0140"",""200.00""],[""0.0150"",""67.00""],[""0.0160"",""197.00""],[""0.0170"",""58.00""],[""0.0180"",""180.00""],[""0.0190"",""52.00""],[""0.0200"",""1164.06""],[""0.0210"",""4.00""],[""0.0220"",""148.87""],[""0.0230"",""39.00""]]","[[""0.9510"",""145.00""],[""0.9530"",""125.00""],[""0.9550"",""125.00""],[""0.9580"",""125.00""],[""0.9590"",""12.00""],[""0.9600"",""149.00""],[""0.9610"",""692.72""],[""0.9620"",""260.00""],[""0.9640"",""126.00""],[""0.9660"",""114.70""]]"
2026-05-16T06:57:55.877Z,KXBTC15M-26MAY160300-00,BTC price up in next 15 mins?,KXBTC15M-26MAY160300,2026-05-16T07:00:00Z,active,0.031,0.039,0.961,0.969,0.035,0.043,406304.02,158620.57,92.08,71.97,"[[""0.0120"",""1741.00""],[""0.0130"",""1556.00""],[""0.0140"",""200.00""],[""0.0150"",""67.00""],[""0.0160"",""197.00""],[""0.0170"",""58.00""],[""0.0180"",""205.00""],[""0.0190"",""52.00""],[""0.0200"",""1073.09""],[""0.0210"",""92.08""]]","[[""0.9600"",""149.00""],[""0.9610"",""694.72""],[""0.9620"",""125.00""],[""0.9630"",""136.00""],[""0.9640"",""126.00""],[""0.9660"",""114.70""],[""0.9700"",""104.00""],[""0.9710"",""37.59""],[""0.9740"",""18.00""],[""0.9760"",""71.97""]]"
2026-05-16T06:57:57.886Z,KXBTC15M-26MAY160300-00,BTC price up in next 15 mins?,KXBTC15M-26MAY160300,2026-05-16T07:00:00Z,active,0.031,0.039,0.961,0.969,0.035,0.043,406304.02,158620.57,104.86,14.95,"[[""0.0120"",""1741.00""],[""0.0130"",""1556.00""],[""0.0140"",""200.00""],[""0.0150"",""67.00""],[""0.0160"",""197.00""],[""0.0170"",""58.00""],[""0.0180"",""180.00""],[""0.0190"",""217.00""],[""0.0200"",""915.09""],[""0.0210"",""104.86""]]","[[""0.9580"",""125.00""],[""0.9590"",""10.00""],[""0.9600"",""149.00""],[""0.9610"",""692.72""],[""0.9620"",""127.00""],[""0.9640"",""263.00""],[""0.9650"",""35.49""],[""0.9660"",""39.70""],[""0.9690"",""20.00""],[""0.9700"",""14.95""]]"
2026-05-16T06:58:02.982Z,KXBTC15M-26MAY160300-00,BTC price up in next 15 mins?,KXBTC15M-26MAY160300,2026-05-16T07:00:00Z,active,0.031,0.039,0.961,0.969,0.035,0.043,406304.02,158620.57,16.0,75.0,"[[""0.0120"",""1731.00""],[""0.0130"",""1556.00""],[""0.0140"",""200.00""],[""0.0150"",""67.00""],[""0.0160"",""197.00""],[""0.0170"",""58.00""],[""0.0180"",""180.00""],[""0.0190"",""52.00""],[""0.0200"",""380.25""],[""0.0210"",""16.00""]]","[[""0.9560"",""400.00""],[""0.9580"",""125.00""],[""0.9600"",""525.07""],[""0.9610"",""736.72""],[""0.9620"",""260.00""],[""0.9640"",""126.00""],[""0.9660"",""39.70""],[""0.9670"",""2.00""],[""0.9700"",""2379.26""],[""0.9710"",""75.00""]]"
2026-05-16T06:58:04.559Z,KXBTC15M-26MAY160300-00,BTC price up in next 15 mins?,KXBTC15M-26MAY160300,2026-05-16T07:00:00Z,active,0.031,0.039,0.961,0.969,0.035,0.043,406304.02,158620.57,379.25,136.55,"[[""0.0110"",""241.00""],[""0.0120"",""1731.00""],[""0.0130"",""1549.00""],[""0.0140"",""381.00""],[""0.0150"",""67.00""],[""0.0160"",""197.00""],[""0.0170"",""58.00""],[""0.0180"",""180.00""],[""0.0190"",""70.00""],[""0.0200"",""379.25""]]","[[""0.9580"",""125.00""],[""0.9590"",""400.00""],[""0.9600"",""525.07""],[""0.9610"",""736.72""],[""0.9620"",""260.00""],[""0.9640"",""126.00""],[""0.9660"",""39.70""],[""0.9670"",""2.00""],[""0.9700"",""2379.26""],[""0.9720"",""136.55""]]"
2026-05-16T06:58:06.565Z,KXBTC15M-26MAY160300-00,BTC price up in next 15 mins?,KXBTC15M-26MAY160300,2026-05-16T07:00:00Z,active,0.031,0.039,0.961,0.969,0.035,0.043,406304.02,158620.57,49.0,1275.8,"[[""0.0030"",""1436.00""],[""0.0040"",""1104.00""],[""0.0050"",""479.00""],[""0.0060"",""1.00""],[""0.0080"",""11.00""],[""0.0100"",""985.79""],[""0.0110"",""435.00""],[""0.0120"",""1731.00""],[""0.0130"",""208.11""],[""0.0140"",""49.00""]]","[[""0.9660"",""39.70""],[""0.9700"",""2599.40""],[""0.9720"",""125.00""],[""0.9740"",""125.00""],[""0.9760"",""125.00""],[""0.9770"",""27.00""],[""0.9780"",""125.00""],[""0.9800"",""228.00""],[""0.9820"",""125.00""],[""0.9840"",""1275.80""]]"
2026-05-16T06:58:08.565Z,KXBTC15M-26MAY160300-00,BTC price up in next 15 mins?,KXBTC15M-26MAY160300,2026-05-16T07:00:00Z,active,0.031,0.039,0.961,0.969,0.035,0.043,406304.02,158620.57,832.82,243.0,"[[""0.0010"",""3746.00""],[""0.0020"",""1926.00""],[""0.0030"",""400.00""],[""0.0050"",""489.00""],[""0.0060"",""1.00""],[""0.0080"",""1.00""],[""0.0090"",""206.00""],[""0.0100"",""832.82""]]","[[""0.9720"",""127.00""],[""0.9730"",""25.00""],[""0.9740"",""125.00""],[""0.9760"",""125.00""],[""0.9780"",""125.00""],[""0.9800"",""1326.00""],[""0.9820"",""125.00""],[""0.9830"",""625.00""],[""0.9840"",""1889.50""],[""0.9850"",""243.00""]]"
2026-05-16T06:58:10.560Z,KXBTC15M-26MAY160300-00,BTC price up in next 15 mins?,KXBTC15M-26MAY160300,2026-05-16T07:00:00Z,active,0.031,0.039,0.961,0.969,0.035,0.043,406304.02,158620.57,149.36,1887.42,"[[""0.0010"",""3746.00""],[""0.0020"",""1926.00""],[""0.0030"",""400.00""],[""0.0050"",""489.00""],[""0.0060"",""1.00""],[""0.0080"",""1.00""],[""0.0090"",""20.00""],[""0.0100"",""149.36""]]","[[""0.9720"",""125.00""],[""0.9730"",""25.00""],[""0.9740"",""125.00""],[""0.9750"",""2.00""],[""0.9760"",""279.00""],[""0.9780"",""125.00""],[""0.9800"",""1316.00""],[""0.9820"",""125.00""],[""0.9830"",""625.00""],[""0.9840"",""1887.42""]]"
2026-05-16T06:58:12.563Z,KXBTC15M-26MAY160300-00,BTC price up in next 15 mins?,KXBTC15M-26MAY160300,2026-05-16T07:00:00Z,active,0.031,0.039,0.961,0.969,0.035,0.043,406304.02,158620.57,15.0,485.04,"[[""0.0010"",""3756.00""],[""0.0020"",""1926.00""],[""0.0030"",""400.00""],[""0.0050"",""489.00""],[""0.0060"",""1.00""],[""0.0080"",""1.00""],[""0.0090"",""15.00""]]","[[""0.9740"",""137.00""],[""0.9760"",""125.00""],[""0.9780"",""125.00""],[""0.9800"",""1232.37""],[""0.9820"",""125.00""],[""0.9830"",""625.00""],[""0.9840"",""1887.42""],[""0.9850"",""340.00""],[""0.9860"",""15.00""],[""0.9900"",""485.04""]]"
2026-05-16T06:58:14.559Z,KXBTC15M-26MAY160300-00,BTC price up in next 15 mins?,KXBTC15M-26MAY160300,2026-05-16T07:00:00Z,active,0.009,0.01,0.99,0.991,0.0095,0.01,417619.38,161011.69,15.0,442.36,"[[""0.0010"",""3756.00""],[""0.0020"",""1926.00""],[""0.0030"",""492.14""],[""0.0050"",""489.00""],[""0.0060"",""1.00""],[""0.0080"",""1.00""],[""0.0090"",""15.00""]]","[[""0.9740"",""125.00""],[""0.9750"",""2.00""],[""0.9760"",""279.00""],[""0.9780"",""125.00""],[""0.9800"",""1232.37""],[""0.9820"",""125.00""],[""0.9830"",""625.00""],[""0.9840"",""1887.42""],[""0.9860"",""10.00""],[""0.9900"",""442.36""]]"
2026-05-16T06:58:16.562Z,KXBTC15M-26MAY160300-00,BTC price up in next 15 mins?,KXBTC15M-26MAY160300,2026-05-16T07:00:00Z,active,0.009,0.01,0.99,0.991,0.0095,0.01,417619.38,161011.69,27.0,350.66,"[[""0.0010"",""3756.00""],[""0.0020"",""1926.00""],[""0.0030"",""400.00""],[""0.0050"",""489.00""],[""0.0060"",""47.07""],[""0.0070"",""27.00""]]","[[""0.9730"",""27.00""],[""0.9740"",""125.00""],[""0.9760"",""279.00""],[""0.9780"",""125.00""],[""0.9800"",""131.37""],[""0.9820"",""125.00""],[""0.9830"",""625.00""],[""0.9840"",""1887.42""],[""0.9860"",""15.00""],[""0.9900"",""350.66""]]"
2026-05-16T06:58:18.572Z,KXBTC15M-26MAY160300-00,BTC price up in next 15 mins?,KXBTC15M-26MAY160300,2026-05-16T07:00:00Z,active,0.009,0.01,0.99,0.991,0.0095,0.01,417619.38,161011.69,27.0,3953.9,"[[""0.0010"",""3756.00""],[""0.0020"",""1926.00""],[""0.0030"",""400.00""],[""0.0050"",""489.00""],[""0.0060"",""1.00""],[""0.0070"",""27.00""]]","[[""0.9740"",""127.00""],[""0.9760"",""125.00""],[""0.9780"",""125.00""],[""0.9800"",""131.37""],[""0.9820"",""125.00""],[""0.9830"",""633.00""],[""0.9840"",""4109.42""],[""0.9870"",""11.00""],[""0.9900"",""374.66""],[""0.9910"",""3953.90""]]"
2026-05-16T06:58:20.569Z,KXBTC15M-26MAY160300-00,BTC price up in next 15 mins?,KXBTC15M-26MAY160300,2026-05-16T07:00:00Z,active,0.009,0.01,0.99,0.991,0.0095,0.01,417619.38,161011.69,372.36,3870.35,"[[""0.0010"",""3756.00""],[""0.0020"",""1926.00""],[""0.0030"",""400.00""],[""0.0040"",""18.00""],[""0.0050"",""372.36""]]","[[""0.9730"",""35.00""],[""0.9740"",""127.00""],[""0.9760"",""125.00""],[""0.9780"",""125.00""],[""0.9800"",""1129.37""],[""0.9820"",""125.00""],[""0.9830"",""633.00""],[""0.9840"",""4109.42""],[""0.9900"",""385.66""],[""0.9910"",""3870.35""]]"
2026-05-16T06:58:22.560Z,KXBTC15M-26MAY160300-00,BTC price up in next 15 mins?,KXBTC15M-26MAY160300,2026-05-16T07:00:00Z,active,0.009,0.01,0.99,0.991,0.0095,0.01,417619.38,161011.69,711.19,1723.42,"[[""0.0010"",""4816.00""],[""0.0020"",""711.19""]]","[[""0.9750"",""2.00""],[""0.9760"",""125.00""],[""0.9780"",""125.00""],[""0.9800"",""755.37""],[""0.9820"",""125.00""],[""0.9830"",""625.00""],[""0.9840"",""2222.00""],[""0.9900"",""371.66""],[""0.9910"",""3869.35""],[""0.9920"",""1723.42""]]"
2026-05-16T06:58:24.567Z,KXBTC15M-26MAY160300-00,BTC price up in next 15 mins?,KXBTC15M-26MAY160300,2026-05-16T07:00:00Z,active,0.009,0.01,0.99,0.991,0.0095,0.01,417619.38,161011.69,112.14,8.0,"[[""0.0010"",""4932.25""],[""0.0020"",""711.19""],[""0.0030"",""112.14""]]","[[""0.9800"",""131.37""],[""0.9810"",""10.00""],[""0.9820"",""125.00""],[""0.9830"",""625.00""],[""0.9840"",""2222.00""],[""0.9900"",""985.66""],[""0.9910"",""3889.35""],[""0.9920"",""1731.42""],[""0.9930"",""803.75""],[""0.9960"",""8.00""]]"
2026-05-16T06:58:26.566Z,KXBTC15M-26MAY160300-00,BTC price up in next 15 mins?,KXBTC15M-26MAY160300,2026-05-16T07:00:00Z,active,0.009,0.01,0.99,0.991,0.0095,0.01,417619.38,161011.69,112.14,737.75,"[[""0.0010"",""4998.25""],[""0.0020"",""1025.00""],[""0.0030"",""112.14""]]","[[""0.9800"",""131.37""],[""0.9810"",""10.00""],[""0.9820"",""125.00""],[""0.9830"",""625.00""],[""0.9840"",""2222.00""],[""0.9860"",""8.00""],[""0.9900"",""1369.66""],[""0.9910"",""3889.35""],[""0.9920"",""1731.42""],[""0.9930"",""737.75""]]"
2026-05-16T06:58:28.583Z,KXBTC15M-26MAY160300-00,BTC price up in next 15 mins?,KXBTC15M-26MAY160300,2026-05-16T07:00:00Z,active,0.009,0.01,0.99,0.991,0.0095,0.01,417619.38,161011.69,106.14,219.47,"[[""0.0010"",""3766.00""],[""0.0020"",""2125.00""],[""0.0030"",""106.14""]]","[[""0.9800"",""131.37""],[""0.9810"",""10.00""],[""0.9820"",""125.00""],[""0.9830"",""625.00""],[""0.9840"",""2222.00""],[""0.9850"",""8.00""],[""0.9900"",""1359.66""],[""0.9910"",""3889.35""],[""0.9920"",""1713.42""],[""0.9930"",""219.47""]]"
2026-05-16T06:58:30.565Z,KXBTC15M-26MAY160300-00,BTC price up in next 15 mins?,KXBTC15M-26MAY160300,2026-05-16T07:00:00Z,active,0.009,0.01,0.99,0.991,0.0095,0.01,417619.38,161011.69,106.14,200.44,"[[""0.0010"",""3766.00""],[""0.0020"",""3125.00""],[""0.0030"",""106.14""]]","[[""0.9780"",""125.00""],[""0.9800"",""131.37""],[""0.9810"",""10.00""],[""0.9820"",""125.00""],[""0.9830"",""625.00""],[""0.9840"",""2222.00""],[""0.9900"",""1399.66""],[""0.9910"",""3879.35""],[""0.9920"",""1727.42""],[""0.9930"",""200.44""]]"
2026-05-16T06:58:32.566Z,KXBTC15M-26MAY160300-00,BTC price up in next 15 mins?,KXBTC15M-26MAY160300,2026-05-16T07:00:00Z,active,0.009,0.01,0.99,0.991,0.0095,0.01,417619.38,161011.69,14.0,3720.0,"[[""0.0010"",""3766.00""],[""0.0020"",""3125.00""],[""0.0030"",""14.00""]]","[[""0.9800"",""165.37""],[""0.9810"",""10.00""],[""0.9820"",""125.00""],[""0.9830"",""625.00""],[""0.9840"",""2222.00""],[""0.9900"",""401.66""],[""0.9910"",""3879.35""],[""0.9920"",""1595.87""],[""0.9940"",""920.00""],[""0.9950"",""3720.00""]]"
2026-05-16T06:58:34.546Z,KXBTC15M-26MAY160300-00,BTC price up in next 15 mins?,KXBTC15M-26MAY160300,2026-05-16T07:00:00Z,active,0.009,0.01,0.99,0.991,0.0095,0.01,417619.38,161011.69,14.0,4767.45,"[[""0.0010"",""3766.00""],[""0.0020"",""3125.00""],[""0.0030"",""14.00""]]","[[""0.9800"",""165.37""],[""0.9810"",""10.00""],[""0.9820"",""125.00""],[""0.9830"",""625.00""],[""0.9840"",""2222.00""],[""0.9900"",""401.66""],[""0.9910"",""3879.35""],[""0.9920"",""1595.87""],[""0.9940"",""820.00""],[""0.9950"",""4767.45""]]"
2026-05-16T06:58:36.587Z,KXBTC15M-26MAY160300-00,BTC price up in next 15 mins?,KXBTC15M-26MAY160300,2026-05-16T07:00:00Z,active,0.009,0.01,0.99,0.991,0.0095,0.01,417619.38,161011.69,1425.0,5000.0,"[[""0.0010"",""3782.00""],[""0.0020"",""1425.00""]]","[[""0.9800"",""175.37""],[""0.9810"",""10.00""],[""0.9820"",""125.00""],[""0.9830"",""625.00""],[""0.9840"",""2222.00""],[""0.9900"",""441.66""],[""0.9910"",""3879.35""],[""0.9920"",""1581.87""],[""0.9940"",""833.00""],[""0.9950"",""5000.00""]]"
2026-05-16T06:58:38.567Z,KXBTC15M-26MAY160300-00,BTC price up in next 15 mins?,KXBTC15M-26MAY160300,2026-05-16T07:00:00Z,active,0.009,0.01,0.99,0.991,0.0095,0.01,417619.38,161011.69,1425.0,5000.0,"[[""0.0010"",""3782.00""],[""0.0020"",""1425.00""]]","[[""0.9800"",""165.37""],[""0.9810"",""10.00""],[""0.9820"",""135.00""],[""0.9830"",""625.00""],[""0.9840"",""2222.00""],[""0.9900"",""537.66""],[""0.9910"",""3879.35""],[""0.9920"",""1581.87""],[""0.9940"",""833.00""],[""0.9950"",""5000.00""]]"
2026-05-16T06:58:40.570Z,KXBTC15M-26MAY160300-00,BTC price up in next 15 mins?,KXBTC15M-26MAY160300,2026-05-16T07:00:00Z,active,0.009,0.01,0.99,0.991,0.0095,0.01,417619.38,161011.69,1425.0,3320.0,"[[""0.0010"",""1638.00""],[""0.0020"",""1425.00""]]","[[""0.9810"",""10.00""],[""0.9820"",""135.00""],[""0.9830"",""625.00""],[""0.9840"",""2222.00""],[""0.9900"",""497.66""],[""0.9910"",""3879.35""],[""0.9920"",""1581.87""],[""0.9940"",""833.00""],[""0.9960"",""200.00""],[""0.9970"",""3320.00""]]"
2026-05-16T06:58:42.550Z,KXBTC15M-26MAY160300-00,BTC price up in next 15 mins?,KXBTC15M-26MAY160300,2026-05-16T07:00:00Z,active,0.009,0.01,0.99,0.991,0.0095,0.01,417619.38,161011.69,206.17,200.0,"[[""0.0010"",""1622.00""],[""0.0020"",""206.17""]]","[[""0.9810"",""10.00""],[""0.9820"",""125.00""],[""0.9830"",""625.00""],[""0.9840"",""2222.00""],[""0.9900"",""497.66""],[""0.9910"",""3879.35""],[""0.9920"",""458.00""],[""0.9930"",""515.83""],[""0.9940"",""820.00""],[""0.9960"",""200.00""]]"
2026-05-16T06:58:44.557Z,KXBTC15M-26MAY160300-00,BTC price up in next 15 mins?,KXBTC15M-26MAY160300,2026-05-16T07:00:00Z,active,0.002,0.004,0.996,0.998,0.003,0.002,424549.63,163859.98,17.0,5000.0,"[[""0.0010"",""1622.00""],[""0.0020"",""184.17""],[""0.0030"",""17.00""]]","[[""0.9810"",""10.00""],[""0.9820"",""125.00""],[""0.9830"",""625.00""],[""0.9840"",""2222.00""],[""0.9900"",""497.66""],[""0.9910"",""3879.35""],[""0.9920"",""460.00""],[""0.9930"",""515.83""],[""0.9940"",""628.08""],[""0.9950"",""5000.00""]]"
2026-05-16T06:58:46.568Z,KXBTC15M-26MAY160300-00,BTC price up in next 15 mins?,KXBTC15M-26MAY160300,2026-05-16T07:00:00Z,active,0.002,0.004,0.996,0.998,0.003,0.002,424549.63,163859.98,2599.17,200.0,"[[""0.0010"",""2599.17""]]","[[""0.9810"",""10.00""],[""0.9820"",""125.00""],[""0.9830"",""625.00""],[""0.9840"",""2222.00""],[""0.9900"",""497.66""],[""0.9910"",""3879.35""],[""0.9920"",""445.00""],[""0.9940"",""643.08""],[""0.9950"",""700.00""],[""0.9960"",""200.00""]]"
2026-05-16T06:58:48.564Z,KXBTC15M-26MAY160300-00,BTC price up in next 15 mins?,KXBTC15M-26MAY160300,2026-05-16T07:00:00Z,active,0.002,0.004,0.996,0.998,0.003,0.002,424549.63,163859.98,1500.0,700.0,"[[""0.0010"",""2467.77""],[""0.0020"",""1500.00""]]","[[""0.9800"",""165.37""],[""0.9810"",""10.00""],[""0.9820"",""125.00""],[""0.9830"",""625.00""],[""0.9840"",""2222.00""],[""0.9900"",""497.66""],[""0.9910"",""3879.35""],[""0.9920"",""445.00""],[""0.9940"",""643.08""],[""0.9950"",""700.00""]]"
2026-05-16T06:58:50.548Z,KXBTC15M-26MAY160300-00,BTC price up in next 15 mins?,KXBTC15M-26MAY160300,2026-05-16T07:00:00Z,active,0.002,0.004,0.996,0.998,0.003,0.002,424549.63,163859.98,898.7,900.0,"[[""0.0010"",""1967.77""],[""0.0020"",""898.70""]]","[[""0.9800"",""165.37""],[""0.9810"",""10.00""],[""0.9820"",""125.00""],[""0.9830"",""625.00""],[""0.9840"",""2222.00""],[""0.9900"",""391.66""],[""0.9910"",""3879.35""],[""0.9920"",""445.00""],[""0.9940"",""643.08""],[""0.9950"",""900.00""]]"
2026-05-16T06:58:52.550Z,KXBTC15M-26MAY160300-00,BTC price up in next 15 mins?,KXBTC15M-26MAY160300,2026-05-16T07:00:00Z,active,0.002,0.004,0.996,0.998,0.003,0.002,424549.63,163859.98,898.7,1311.0,"[[""0.0010"",""1954.77""],[""0.0020"",""898.70""]]","[[""0.9780"",""125.00""],[""0.9800"",""165.37""],[""0.9810"",""10.00""],[""0.9820"",""125.00""],[""0.9830"",""625.00""],[""0.9900"",""391.66""],[""0.9910"",""3879.35""],[""0.9920"",""445.00""],[""0.9940"",""628.08""],[""0.9950"",""1311.00""]]"
2026-05-16T06:58:54.559Z,KXBTC15M-26MAY160300-00,BTC price up in next 15 mins?,KXBTC15M-26MAY160300,2026-05-16T07:00:00Z,active,0.002,0.004,0.996,0.998,0.003,0.002,424549.63,163859.98,898.7,1100.0,"[[""0.0010"",""2368.77""],[""0.0020"",""898.70""]]","[[""0.9780"",""125.00""],[""0.9800"",""185.37""],[""0.9810"",""10.00""],[""0.9820"",""125.00""],[""0.9830"",""625.00""],[""0.9900"",""391.66""],[""0.9910"",""3879.35""],[""0.9920"",""445.00""],[""0.9940"",""643.08""],[""0.9950"",""1100.00""]]"
2026-05-16T06:58:56.570Z,KXBTC15M-26MAY160300-00,BTC price up in next 15 mins?,KXBTC15M-26MAY160300,2026-05-16T07:00:00Z,active,0.002,0.004,0.996,0.998,0.003,0.002,424549.63,163859.98,898.7,1114.0,"[[""0.0010"",""2354.77""],[""0.0020"",""898.70""]]","[[""0.9780"",""125.00""],[""0.9800"",""585.37""],[""0.9810"",""10.00""],[""0.9820"",""125.00""],[""0.9830"",""625.00""],[""0.9900"",""687.66""],[""0.9910"",""3879.35""],[""0.9920"",""445.00""],[""0.9940"",""628.08""],[""0.9950"",""1114.00""]]"
2026-05-16T06:58:58.567Z,KXBTC15M-26MAY160300-00,BTC price up in next 15 mins?,KXBTC15M-26MAY160300,2026-05-16T07:00:00Z,active,0.002,0.004,0.996,0.998,0.003,0.002,424549.63,163859.98,898.7,1114.0,"[[""0.0010"",""2354.77""],[""0.0020"",""898.70""]]","[[""0.9780"",""125.00""],[""0.9800"",""565.37""],[""0.9810"",""10.00""],[""0.9820"",""125.00""],[""0.9830"",""625.00""],[""0.9900"",""687.66""],[""0.9910"",""3889.35""],[""0.9920"",""445.00""],[""0.9940"",""628.08""],[""0.9950"",""1114.00""]]"
2026-05-16T06:59:00.560Z,KXBTC15M-26MAY160300-00,BTC price up in next 15 mins?,KXBTC15M-26MAY160300,2026-05-16T07:00:00Z,active,0.002,0.004,0.996,0.998,0.003,0.002,424549.63,163859.98,1474.47,2222.0,"[[""0.0010"",""1474.47""]]","[[""0.9810"",""10.00""],[""0.9820"",""125.00""],[""0.9830"",""625.00""],[""0.9850"",""145.97""],[""0.9900"",""733.66""],[""0.9910"",""3889.35""],[""0.9920"",""445.00""],[""0.9940"",""628.08""],[""0.9950"",""1114.00""],[""0.9960"",""2222.00""]]"
2026-05-16T06:59:02.564Z,KXBTC15M-26MAY160300-00,BTC price up in next 15 mins?,KXBTC15M-26MAY160300,2026-05-16T07:00:00Z,active,0.002,0.004,0.996,0.998,0.003,0.002,424549.63,163859.98,10.0,1010.0,"[[""0.0010"",""10.00""]]","[[""0.9820"",""125.00""],[""0.9830"",""625.00""],[""0.9850"",""145.97""],[""0.9900"",""537.94""],[""0.9910"",""3889.35""],[""0.9940"",""628.08""],[""0.9950"",""814.00""],[""0.9960"",""2222.00""],[""0.9970"",""1476.53""],[""0.9980"",""1010.00""]]"
2026-05-16T06:59:04.558Z,KXBTC15M-26MAY160300-00,BTC price up in next 15 mins?,KXBTC15M-26MAY160300,2026-05-16T07:00:00Z,active,0.002,0.004,0.996,0.998,0.003,0.002,424549.63,163859.98,,391.18,[],"[[""0.9830"",""625.00""],[""0.9850"",""145.97""],[""0.9900"",""638.94""],[""0.9910"",""3889.35""],[""0.9940"",""643.08""],[""0.9950"",""810.00""],[""0.9960"",""2222.00""],[""0.9970"",""1476.53""],[""0.9980"",""1000.00""],[""0.9990"",""391.18""]]"
2026-05-16T06:59:06.576Z,KXBTC15M-26MAY160300-00,BTC price up in next 15 mins?,KXBTC15M-26MAY160300,2026-05-16T07:00:00Z,active,0.002,0.004,0.996,0.998,0.003,0.002,424549.63,163859.98,,391.18,[],"[[""0.9820"",""125.00""],[""0.9830"",""625.00""],[""0.9850"",""145.97""],[""0.9900"",""684.94""],[""0.9910"",""3889.35""],[""0.9940"",""653.08""],[""0.9960"",""2222.00""],[""0.9970"",""1476.53""],[""0.9980"",""1200.00""],[""0.9990"",""391.18""]]"
2026-05-16T06:59:08.585Z,KXBTC15M-26MAY160300-00,BTC price up in next 15 mins?,KXBTC15M-26MAY160300,2026-05-16T07:00:00Z,active,0.002,0.004,0.996,0.998,0.003,0.002,424549.63,163859.98,,605.18,[],"[[""0.9820"",""125.00""],[""0.9830"",""625.00""],[""0.9850"",""145.97""],[""0.9900"",""509.94""],[""0.9910"",""3889.35""],[""0.9940"",""653.08""],[""0.9960"",""2222.00""],[""0.9970"",""1476.53""],[""0.9980"",""1200.00""],[""0.9990"",""605.18""]]"
2026-05-16T06:59:10.568Z,KXBTC15M-26MAY160300-00,BTC price up in next 15 mins?,KXBTC15M-26MAY160300,2026-05-16T07:00:00Z,active,0.002,0.004,0.996,0.998,0.003,0.002,424549.63,163859.98,,761.18,[],"[[""0.9830"",""625.00""],[""0.9850"",""145.97""],[""0.9900"",""555.94""],[""0.9910"",""3889.35""],[""0.9920"",""96.00""],[""0.9940"",""638.08""],[""0.9950"",""10.00""],[""0.9970"",""1476.53""],[""0.9980"",""1200.00""],[""0.9990"",""761.18""]]"
2026-05-16T06:59:12.561Z,KXBTC15M-26MAY160300-00,BTC price up in next 15 mins?,KXBTC15M-26MAY160300,2026-05-16T07:00:00Z,active,0.002,0.004,0.996,0.998,0.003,0.002,424549.63,163859.98,,761.18,[],"[[""0.9830"",""625.00""],[""0.9850"",""145.97""],[""0.9900"",""578.94""],[""0.9910"",""3889.35""],[""0.9920"",""96.00""],[""0.9940"",""638.08""],[""0.9950"",""10.00""],[""0.9970"",""1476.53""],[""0.9980"",""1200.00""],[""0.9990"",""761.18""]]"
2026-05-16T06:59:14.583Z,KXBTC15M-26MAY160300-00,BTC price up in next 15 mins?,KXBTC15M-26MAY160300,2026-05-16T07:00:00Z,active,,0.001,0.999,1.0,0.001,0.001,428616.25,167185.20,,761.18,[],"[[""0.9830"",""625.00""],[""0.9850"",""145.97""],[""0.9900"",""665.94""],[""0.9910"",""3889.35""],[""0.9920"",""96.00""],[""0.9940"",""638.08""],[""0.9950"",""10.00""],[""0.9970"",""1476.53""],[""0.9980"",""1200.00""],[""0.9990"",""761.18""]]"
2026-05-16T06:59:16.619Z,KXBTC15M-26MAY160300-00,BTC price up in next 15 mins?,KXBTC15M-26MAY160300,2026-05-16T07:00:00Z,active,,0.001,0.999,1.0,0.001,0.001,428616.25,167185.20,,761.18,[],"[[""0.9820"",""209.00""],[""0.9830"",""625.00""],[""0.9850"",""145.97""],[""0.9900"",""665.94""],[""0.9910"",""3889.35""],[""0.9920"",""96.00""],[""0.9940"",""638.08""],[""0.9970"",""1476.53""],[""0.9980"",""1200.00""],[""0.9990"",""761.18""]]"
2026-05-16T06:59:18.564Z,KXBTC15M-26MAY160300-00,BTC price up in next 15 mins?,KXBTC15M-26MAY160300,2026-05-16T07:00:00Z,active,,0.001,0.999,1.0,0.001,0.001,428616.25,167185.20,,3221.42,[],"[[""0.9820"",""347.00""],[""0.9830"",""625.00""],[""0.9850"",""145.97""],[""0.9900"",""595.94""],[""0.9910"",""3889.35""],[""0.9920"",""242.00""],[""0.9940"",""638.08""],[""0.9970"",""1476.53""],[""0.9980"",""1200.00""],[""0.9990"",""3221.42""]]"
2026-05-16T06:59:20.572Z,KXBTC15M-26MAY160300-00,BTC price up in next 15 mins?,KXBTC15M-26MAY160300,2026-05-16T07:00:00Z,active,,0.001,0.999,1.0,0.001,0.001,428616.25,167185.20,,3159.97,[],"[[""0.9820"",""347.00""],[""0.9830"",""625.00""],[""0.9850"",""145.97""],[""0.9900"",""595.94""],[""0.9910"",""3889.35""],[""0.9920"",""242.00""],[""0.9940"",""638.08""],[""0.9970"",""1476.53""],[""0.9980"",""1200.00""],[""0.9990"",""3159.97""]]"
2026-05-16T06:59:22.562Z,KXBTC15M-26MAY160300-00,BTC price up in next 15 mins?,KXBTC15M-26MAY160300,2026-05-16T07:00:00Z,active,,0.001,0.999,1.0,0.001,0.001,428616.25,167185.20,,3150.97,[],"[[""0.9820"",""347.00""],[""0.9830"",""625.00""],[""0.9850"",""145.97""],[""0.9900"",""595.94""],[""0.9910"",""3889.35""],[""0.9920"",""242.00""],[""0.9940"",""638.08""],[""0.9970"",""1476.53""],[""0.9980"",""1200.00""],[""0.9990"",""3150.97""]]"
2026-05-16T06:59:24.556Z,KXBTC15M-26MAY160300-00,BTC price up in next 15 mins?,KXBTC15M-26MAY160300,2026-05-16T07:00:00Z,active,,0.001,0.999,1.0,0.001,0.001,428616.25,167185.20,,3150.97,[],"[[""0.9820"",""347.00""],[""0.9830"",""625.00""],[""0.9850"",""145.97""],[""0.9900"",""595.94""],[""0.9910"",""3889.35""],[""0.9920"",""242.00""],[""0.9940"",""638.08""],[""0.9970"",""1476.53""],[""0.9980"",""1200.00""],[""0.9990"",""3150.97""]]"
2026-05-16T06:59:26.577Z,KXBTC15M-26MAY160300-00,BTC price up in next 15 mins?,KXBTC15M-26MAY160300,2026-05-16T07:00:00Z,active,,0.001,0.999,1.0,0.001,0.001,428616.25,167185.20,,3150.97,[],"[[""0.9820"",""347.00""],[""0.9830"",""625.00""],[""0.9850"",""145.97""],[""0.9900"",""635.94""],[""0.9910"",""3889.35""],[""0.9920"",""242.00""],[""0.9940"",""638.08""],[""0.9970"",""1476.53""],[""0.9980"",""1200.00""],[""0.9990"",""3150.97""]]"
2026-05-16T06:59:28.562Z,KXBTC15M-26MAY160300-00,BTC price up in next 15 mins?,KXBTC15M-26MAY160300,2026-05-16T07:00:00Z,active,,0.001,0.999,1.0,0.001,0.001,428616.25,167185.20,,3150.97,[],"[[""0.9820"",""347.00""],[""0.9830"",""625.00""],[""0.9850"",""145.97""],[""0.9900"",""635.94""],[""0.9910"",""3889.35""],[""0.9920"",""242.00""],[""0.9940"",""638.08""],[""0.9970"",""1476.53""],[""0.9980"",""1200.00""],[""0.9990"",""3150.97""]]"
2026-05-16T06:59:30.564Z,KXBTC15M-26MAY160300-00,BTC price up in next 15 mins?,KXBTC15M-26MAY160300,2026-05-16T07:00:00Z,active,,0.001,0.999,1.0,0.001,0.001,428616.25,167185.20,,3150.97,[],"[[""0.9820"",""347.00""],[""0.9830"",""625.00""],[""0.9850"",""145.97""],[""0.9900"",""595.94""],[""0.9910"",""3889.35""],[""0.9920"",""242.00""],[""0.9940"",""638.08""],[""0.9970"",""1476.53""],[""0.9980"",""1200.00""],[""0.9990"",""3150.97""]]"
2026-05-16T06:59:32.583Z,KXBTC15M-26MAY160300-00,BTC price up in next 15 mins?,KXBTC15M-26MAY160300,2026-05-16T07:00:00Z,active,,0.001,0.999,1.0,0.001,0.001,428616.25,167185.20,,3057.0,[],"[[""0.9820"",""347.00""],[""0.9830"",""625.00""],[""0.9850"",""145.97""],[""0.9900"",""584.94""],[""0.9910"",""3889.35""],[""0.9920"",""242.00""],[""0.9940"",""638.08""],[""0.9970"",""1476.53""],[""0.9980"",""200.00""],[""0.9990"",""3057.00""]]"
2026-05-16T06:59:34.572Z,KXBTC15M-26MAY160300-00,BTC price up in next 15 mins?,KXBTC15M-26MAY160300,2026-05-16T07:00:00Z,active,,0.001,0.999,1.0,0.001,0.001,428616.25,167185.20,,2204.18,[],"[[""0.9820"",""347.00""],[""0.9830"",""625.00""],[""0.9850"",""145.97""],[""0.9900"",""584.94""],[""0.9910"",""3889.35""],[""0.9920"",""242.00""],[""0.9940"",""638.08""],[""0.9970"",""1476.53""],[""0.9980"",""200.00""],[""0.9990"",""2204.18""]]"
2026-05-16T06:59:36.570Z,KXBTC15M-26MAY160300-00,BTC price up in next 15 mins?,KXBTC15M-26MAY160300,2026-05-16T07:00:00Z,active,,0.001,0.999,1.0,0.001,0.001,428616.25,167185.20,,2204.18,[],"[[""0.9820"",""347.00""],[""0.9830"",""625.00""],[""0.9850"",""145.97""],[""0.9900"",""584.94""],[""0.9910"",""3889.35""],[""0.9920"",""242.00""],[""0.9940"",""638.08""],[""0.9970"",""1476.53""],[""0.9980"",""200.00""],[""0.9990"",""2204.18""]]"
2026-05-16T06:59:38.556Z,KXBTC15M-26MAY160300-00,BTC price up in next 15 mins?,KXBTC15M-26MAY160300,2026-05-16T07:00:00Z,active,,0.001,0.999,1.0,0.001,0.001,428616.25,167185.20,,2096.68,[],"[[""0.9820"",""347.00""],[""0.9830"",""625.00""],[""0.9850"",""145.97""],[""0.9900"",""584.94""],[""0.9910"",""3889.35""],[""0.9920"",""242.00""],[""0.9940"",""638.08""],[""0.9970"",""1476.53""],[""0.9980"",""200.00""],[""0.9990"",""2096.68""]]"
2026-05-16T06:59:40.572Z,KXBTC15M-26MAY160300-00,BTC price up in next 15 mins?,KXBTC15M-26MAY160300,2026-05-16T07:00:00Z,active,,0.001,0.999,1.0,0.001,0.001,428616.25,167185.20,,2085.85,[],"[[""0.9820"",""347.00""],[""0.9830"",""625.00""],[""0.9850"",""145.97""],[""0.9900"",""584.94""],[""0.9910"",""3889.35""],[""0.9920"",""242.00""],[""0.9940"",""638.08""],[""0.9970"",""1476.53""],[""0.9980"",""200.00""],[""0.9990"",""2085.85""]]"
2026-05-16T06:59:42.556Z,KXBTC15M-26MAY160300-00,BTC price up in next 15 mins?,KXBTC15M-26MAY160300,2026-05-16T07:00:00Z,active,,0.001,0.999,1.0,0.001,0.001,428616.25,167185.20,,2105.85,[],"[[""0.9820"",""347.00""],[""0.9830"",""625.00""],[""0.9850"",""145.97""],[""0.9900"",""603.94""],[""0.9910"",""3889.35""],[""0.9920"",""242.00""],[""0.9940"",""638.08""],[""0.9970"",""1476.53""],[""0.9980"",""200.00""],[""0.9990"",""2105.85""]]"
2026-05-16T06:59:44.568Z,KXBTC15M-26MAY160300-00,BTC price up in next 15 mins?,KXBTC15M-26MAY160300,2026-05-16T07:00:00Z,active,,0.001,0.999,1.0,0.001,0.001,429809.79,168212.88,,2107.85,[],"[[""0.9820"",""347.00""],[""0.9830"",""625.00""],[""0.9850"",""145.97""],[""0.9900"",""603.94""],[""0.9910"",""3889.35""],[""0.9920"",""242.00""],[""0.9940"",""638.08""],[""0.9970"",""1476.53""],[""0.9980"",""200.00""],[""0.9990"",""2107.85""]]"
2026-05-16T06:59:46.562Z,KXBTC15M-26MAY160300-00,BTC price up in next 15 mins?,KXBTC15M-26MAY160300,2026-05-16T07:00:00Z,active,,0.001,0.999,1.0,0.001,0.001,429809.79,168212.88,,1893.0,[],"[[""0.9820"",""347.00""],[""0.9830"",""625.00""],[""0.9850"",""145.97""],[""0.9900"",""625.94""],[""0.9910"",""3889.35""],[""0.9920"",""242.00""],[""0.9940"",""638.08""],[""0.9970"",""1476.53""],[""0.9980"",""200.00""],[""0.9990"",""1893.00""]]"
2026-05-16T06:59:48.560Z,KXBTC15M-26MAY160300-00,BTC price up in next 15 mins?,KXBTC15M-26MAY160300,2026-05-16T07:00:00Z,active,,0.001,0.999,1.0,0.001,0.001,429809.79,168212.88,,2317.0,[],"[[""0.9820"",""347.00""],[""0.9830"",""625.00""],[""0.9850"",""145.97""],[""0.9900"",""625.94""],[""0.9910"",""3889.35""],[""0.9920"",""242.00""],[""0.9940"",""638.08""],[""0.9970"",""1476.53""],[""0.9980"",""200.00""],[""0.9990"",""2317.00""]]"
2026-05-16T06:59:50.574Z,KXBTC15M-26MAY160300-00,BTC price up in next 15 mins?,KXBTC15M-26MAY160300,2026-05-16T07:00:00Z,active,,0.001,0.999,1.0,0.001,0.001,429809.79,168212.88,,3079.25,[],"[[""0.9830"",""625.00""],[""0.9850"",""145.97""],[""0.9900"",""822.94""],[""0.9910"",""3889.35""],[""0.9920"",""242.00""],[""0.9940"",""638.08""],[""0.9960"",""47.00""],[""0.9970"",""877.75""],[""0.9980"",""47.00""],[""0.9990"",""3079.25""]]"
2026-05-16T06:59:52.561Z,KXBTC15M-26MAY160300-00,BTC price up in next 15 mins?,KXBTC15M-26MAY160300,2026-05-16T07:00:00Z,active,,0.001,0.999,1.0,0.001,0.001,429809.79,168212.88,,47.01,[],"[[""0.9830"",""625.00""],[""0.9850"",""145.97""],[""0.9900"",""822.94""],[""0.9910"",""3889.35""],[""0.9920"",""242.00""],[""0.9940"",""638.08""],[""0.9960"",""47.00""],[""0.9970"",""877.75""],[""0.9980"",""124.25""],[""0.9990"",""47.01""]]"
2026-05-16T06:59:54.571Z,KXBTC15M-26MAY160300-00,BTC price up in next 15 mins?,KXBTC15M-26MAY160300,2026-05-16T07:00:00Z,active,,0.001,0.999,1.0,0.001,0.001,429809.79,168212.88,,27.01,[],"[[""0.9830"",""625.00""],[""0.9850"",""145.97""],[""0.9900"",""822.94""],[""0.9910"",""3889.35""],[""0.9920"",""242.00""],[""0.9940"",""638.08""],[""0.9960"",""47.00""],[""0.9970"",""877.75""],[""0.9980"",""124.25""],[""0.9990"",""27.01""]]"
2026-05-16T06:59:56.567Z,KXBTC15M-26MAY160300-00,BTC price up in next 15 mins?,KXBTC15M-26MAY160300,2026-05-16T07:00:00Z,active,,0.001,0.999,1.0,0.001,0.001,429809.79,168212.88,,27.01,[],"[[""0.9830"",""625.00""],[""0.9850"",""145.97""],[""0.9900"",""822.94""],[""0.9910"",""3889.35""],[""0.9920"",""242.00""],[""0.9940"",""638.08""],[""0.9960"",""47.00""],[""0.9970"",""877.75""],[""0.9980"",""124.25""],[""0.9990"",""27.01""]]"
2026-05-16T06:59:58.575Z,KXBTC15M-26MAY160300-00,BTC price up in next 15 mins?,KXBTC15M-26MAY160300,2026-05-16T07:00:00Z,active,,0.001,0.999,1.0,0.001,0.001,429809.79,168212.88,,27.01,[],"[[""0.9830"",""625.00""],[""0.9850"",""145.97""],[""0.9900"",""822.94""],[""0.9910"",""3889.35""],[""0.9920"",""242.00""],[""0.9940"",""638.08""],[""0.9960"",""47.00""],[""0.9970"",""877.75""],[""0.9980"",""124.25""],[""0.9990"",""27.01""]]"
2026-05-16T07:00:00.585Z,KXBTC15M-26MAY160300-00,BTC price up in next 15 mins?,KXBTC15M-26MAY160300,2026-05-16T07:00:00Z,closed,,0.001,0.999,1.0,0.001,0.001,429809.79,168212.88,,26.01,[],"[[""0.9820"",""125.00""],[""0.9830"",""625.00""],[""0.9850"",""145.97""],[""0.9900"",""792.66""],[""0.9910"",""3879.35""],[""0.9940"",""638.08""],[""0.9960"",""47.00""],[""0.9970"",""877.75""],[""0.9980"",""124.25""],[""0.9990"",""26.01""]]"
2026-05-16T07:00:02.577Z,KXBTC15M-26MAY160300-00,BTC price up in next 15 mins?,KXBTC15M-26MAY160300,2026-05-16T07:00:00Z,closed,,0.001,0.999,1.0,0.001,0.001,429809.79,168212.88,,,[],[]
2026-05-16T07:00:04.565Z,KXBTC15M-26MAY160300-00,BTC price up in next 15 mins?,KXBTC15M-26MAY160300,2026-05-16T07:00:00Z,closed,,0.001,0.999,1.0,0.001,0.001,429809.79,168212.88,,,[],[]
2026-05-16T07:00:06.565Z,KXBTC15M-26MAY160300-00,BTC price up in next 15 mins?,KXBTC15M-26MAY160300,2026-05-16T07:00:00Z,closed,,0.001,0.999,1.0,0.001,0.001,429809.79,168212.88,,,[],[]
2026-05-16T07:00:08.578Z,KXBTC15M-26MAY160300-00,BTC price up in next 15 mins?,KXBTC15M-26MAY160300,2026-05-16T07:00:00Z,closed,,0.001,0.999,1.0,0.001,0.001,429809.79,168212.88,,,[],[]
2026-05-16T07:00:10.575Z,KXBTC15M-26MAY160300-00,BTC price up in next 15 mins?,KXBTC15M-26MAY160300,2026-05-16T07:00:00Z,closed,,0.001,0.999,1.0,0.001,0.001,429809.79,168212.88,,,[],[]
2026-05-16T07:00:12.565Z,KXBTC15M-26MAY160300-00,BTC price up in next 15 mins?,KXBTC15M-26MAY160300,2026-05-16T07:00:00Z,closed,,0.001,0.999,1.0,0.001,0.001,429809.79,168212.88,,,[],[]
