timestamp_utc,ticker,title,event_ticker,close_time,status,yes_bid,yes_ask,no_bid,no_ask,yes_mid,last_price,volume,open_interest,best_yes_bid_qty,best_no_bid_qty,yes_levels_json,no_levels_json
2026-05-16T11:00:21.945Z,KXBTC15M-26MAY160715-15,BTC price up in next 15 mins?,KXBTC15M-26MAY160715,2026-05-16T11:15:00Z,active,0.75,0.76,0.24,0.25,0.755,0.76,5247.03,4660.67,1200.0,115.4,"[[""0.6600"",""226.51""],[""0.6700"",""429.49""],[""0.6800"",""151.47""],[""0.6900"",""126.44""],[""0.7000"",""313.42""],[""0.7100"",""145.40""],[""0.7200"",""125.53""],[""0.7300"",""29.30""],[""0.7400"",""3066.00""],[""0.7500"",""1200.00""]]","[[""0.1500"",""1076.00""],[""0.1600"",""215.00""],[""0.1700"",""374.00""],[""0.1800"",""216.00""],[""0.1900"",""633.00""],[""0.2000"",""1546.00""],[""0.2100"",""86.00""],[""0.2200"",""2831.39""],[""0.2300"",""111.00""],[""0.2400"",""115.40""]]"
2026-05-16T11:00:23.961Z,KXBTC15M-26MAY160715-15,BTC price up in next 15 mins?,KXBTC15M-26MAY160715,2026-05-16T11:15:00Z,active,0.75,0.76,0.24,0.25,0.755,0.76,5247.03,4660.67,2356.0,334.7,"[[""0.6800"",""281.47""],[""0.6900"",""126.44""],[""0.7000"",""189.42""],[""0.7100"",""145.40""],[""0.7200"",""275.53""],[""0.7300"",""29.30""],[""0.7400"",""169.00""],[""0.7500"",""1525.00""],[""0.7600"",""1692.00""],[""0.7700"",""2356.00""]]","[[""0.1300"",""788.00""],[""0.1400"",""701.00""],[""0.1500"",""1226.00""],[""0.1600"",""306.00""],[""0.1700"",""216.00""],[""0.1800"",""1660.00""],[""0.1900"",""1720.39""],[""0.2000"",""378.00""],[""0.2100"",""1096.00""],[""0.2200"",""334.70""]]"
2026-05-16T11:00:25.946Z,KXBTC15M-26MAY160715-15,BTC price up in next 15 mins?,KXBTC15M-26MAY160715,2026-05-16T11:15:00Z,active,0.75,0.76,0.24,0.25,0.755,0.76,5247.03,4660.67,2494.99,216.28,"[[""0.6800"",""313.47""],[""0.6900"",""181.44""],[""0.7000"",""189.42""],[""0.7100"",""145.40""],[""0.7200"",""125.53""],[""0.7300"",""180.66""],[""0.7400"",""127.35""],[""0.7500"",""568.00""],[""0.7600"",""2691.00""],[""0.7700"",""2494.99""]]","[[""0.1300"",""788.00""],[""0.1400"",""451.00""],[""0.1500"",""1076.00""],[""0.1600"",""217.00""],[""0.1700"",""614.00""],[""0.1800"",""1214.00""],[""0.1900"",""1744.39""],[""0.2000"",""1503.00""],[""0.2100"",""96.00""],[""0.2200"",""216.28""]]"
2026-05-16T11:00:27.949Z,KXBTC15M-26MAY160715-15,BTC price up in next 15 mins?,KXBTC15M-26MAY160715,2026-05-16T11:15:00Z,active,0.75,0.76,0.24,0.25,0.755,0.76,5247.03,4660.67,2201.58,88.68,"[[""0.6800"",""313.47""],[""0.6900"",""188.44""],[""0.7000"",""189.42""],[""0.7100"",""145.40""],[""0.7200"",""275.53""],[""0.7300"",""30.66""],[""0.7400"",""127.35""],[""0.7500"",""568.00""],[""0.7600"",""2701.00""],[""0.7700"",""2201.58""]]","[[""0.1300"",""794.00""],[""0.1400"",""306.00""],[""0.1500"",""1231.00""],[""0.1600"",""217.00""],[""0.1700"",""1614.00""],[""0.1800"",""214.00""],[""0.1900"",""1720.39""],[""0.2000"",""1503.00""],[""0.2100"",""131.00""],[""0.2200"",""88.68""]]"
2026-05-16T11:00:29.958Z,KXBTC15M-26MAY160715-15,BTC price up in next 15 mins?,KXBTC15M-26MAY160715,2026-05-16T11:15:00Z,active,0.75,0.76,0.24,0.25,0.755,0.76,5247.03,4660.67,4107.18,88.68,"[[""0.6800"",""313.47""],[""0.6900"",""188.44""],[""0.7000"",""189.42""],[""0.7100"",""145.40""],[""0.7200"",""125.53""],[""0.7300"",""180.66""],[""0.7400"",""127.35""],[""0.7500"",""168.00""],[""0.7600"",""1561.00""],[""0.7700"",""4107.18""]]","[[""0.1300"",""794.00""],[""0.1400"",""456.00""],[""0.1500"",""1083.00""],[""0.1600"",""615.00""],[""0.1700"",""1214.00""],[""0.1800"",""257.00""],[""0.1900"",""1695.39""],[""0.2000"",""1378.00""],[""0.2100"",""113.00""],[""0.2200"",""88.68""]]"
2026-05-16T11:00:31.956Z,KXBTC15M-26MAY160715-15,BTC price up in next 15 mins?,KXBTC15M-26MAY160715,2026-05-16T11:15:00Z,active,0.75,0.76,0.24,0.25,0.755,0.76,5247.03,4660.67,1381.14,2949.51,"[[""0.7000"",""189.42""],[""0.7100"",""145.40""],[""0.7200"",""125.53""],[""0.7300"",""255.66""],[""0.7400"",""127.35""],[""0.7500"",""1126.33""],[""0.7600"",""2102.31""],[""0.7700"",""687.00""],[""0.7800"",""135.00""],[""0.7900"",""1381.14""]]","[[""0.1100"",""1122.00""],[""0.1200"",""2531.00""],[""0.1300"",""794.00""],[""0.1400"",""456.00""],[""0.1500"",""1083.00""],[""0.1600"",""215.00""],[""0.1700"",""1614.00""],[""0.1800"",""257.00""],[""0.1900"",""208.00""],[""0.2000"",""2949.51""]]"
2026-05-16T11:00:33.939Z,KXBTC15M-26MAY160715-15,BTC price up in next 15 mins?,KXBTC15M-26MAY160715,2026-05-16T11:15:00Z,active,0.75,0.76,0.24,0.25,0.755,0.76,5247.03,4660.67,2683.5,67.0,"[[""0.7000"",""189.42""],[""0.7100"",""145.40""],[""0.7200"",""125.53""],[""0.7300"",""255.66""],[""0.7400"",""127.35""],[""0.7500"",""126.33""],[""0.7600"",""198.31""],[""0.7700"",""1068.00""],[""0.7800"",""1862.00""],[""0.7900"",""2683.50""]]","[[""0.1100"",""1122.00""],[""0.1200"",""2531.00""],[""0.1300"",""794.00""],[""0.1400"",""531.00""],[""0.1500"",""2081.00""],[""0.1600"",""617.00""],[""0.1700"",""1214.31""],[""0.1800"",""1619.39""],[""0.1900"",""83.00""],[""0.2000"",""67.00""]]"
2026-05-16T11:00:35.949Z,KXBTC15M-26MAY160715-15,BTC price up in next 15 mins?,KXBTC15M-26MAY160715,2026-05-16T11:15:00Z,active,0.75,0.76,0.24,0.25,0.755,0.76,5247.03,4660.67,5105.67,88.0,"[[""0.7200"",""129.53""],[""0.7300"",""30.66""],[""0.7400"",""626.35""],[""0.7500"",""126.33""],[""0.7600"",""461.31""],[""0.7700"",""776.29""],[""0.7800"",""126.28""],[""0.7900"",""144.00""],[""0.8000"",""550.00""],[""0.8100"",""5105.67""]]","[[""0.0980"",""125.00""],[""0.1000"",""2149.00""],[""0.1100"",""1122.00""],[""0.1200"",""2034.00""],[""0.1300"",""2194.00""],[""0.1400"",""400.00""],[""0.1500"",""3289.70""],[""0.1600"",""65.00""],[""0.1700"",""99.00""],[""0.1800"",""88.00""]]"
2026-05-16T11:00:37.949Z,KXBTC15M-26MAY160715-15,BTC price up in next 15 mins?,KXBTC15M-26MAY160715,2026-05-16T11:15:00Z,active,0.75,0.76,0.24,0.25,0.755,0.76,5247.03,4660.67,67.47,2841.64,"[[""0.7200"",""279.53""],[""0.7300"",""30.66""],[""0.7400"",""127.35""],[""0.7500"",""201.33""],[""0.7600"",""561.31""],[""0.7700"",""2316.29""],[""0.7800"",""1136.28""],[""0.7900"",""164.00""],[""0.8000"",""1452.00""],[""0.8100"",""67.47""]]","[[""0.0980"",""125.00""],[""0.1000"",""1700.00""],[""0.1100"",""1122.00""],[""0.1200"",""2032.00""],[""0.1300"",""794.00""],[""0.1400"",""306.00""],[""0.1500"",""934.00""],[""0.1600"",""190.00""],[""0.1700"",""1682.00""],[""0.1800"",""2841.64""]]"
2026-05-16T11:00:39.936Z,KXBTC15M-26MAY160715-15,BTC price up in next 15 mins?,KXBTC15M-26MAY160715,2026-05-16T11:15:00Z,active,0.75,0.76,0.24,0.25,0.755,0.76,5247.03,4660.67,1775.83,36.92,"[[""0.7200"",""279.53""],[""0.7300"",""30.66""],[""0.7400"",""127.35""],[""0.7500"",""126.33""],[""0.7600"",""161.31""],[""0.7700"",""1176.29""],[""0.7800"",""1666.28""],[""0.7900"",""125.00""],[""0.8000"",""1637.00""],[""0.8100"",""1775.83""]]","[[""0.0980"",""125.00""],[""0.1000"",""1700.00""],[""0.1100"",""1122.00""],[""0.1200"",""2107.00""],[""0.1300"",""794.00""],[""0.1400"",""308.00""],[""0.1500"",""2332.00""],[""0.1600"",""233.00""],[""0.1700"",""2759.70""],[""0.1800"",""36.92""]]"
2026-05-16T11:00:41.948Z,KXBTC15M-26MAY160715-15,BTC price up in next 15 mins?,KXBTC15M-26MAY160715,2026-05-16T11:15:00Z,active,0.75,0.76,0.24,0.25,0.755,0.76,5247.03,4660.67,1032.74,76.92,"[[""0.7200"",""628.53""],[""0.7300"",""30.66""],[""0.7400"",""426.35""],[""0.7500"",""376.33""],[""0.7600"",""164.31""],[""0.7700"",""797.29""],[""0.7800"",""569.28""],[""0.7900"",""1665.00""],[""0.8000"",""1450.00""],[""0.8100"",""1032.74""]]","[[""0.0980"",""125.00""],[""0.1000"",""1700.00""],[""0.1100"",""1422.00""],[""0.1200"",""2259.00""],[""0.1300"",""794.00""],[""0.1400"",""706.00""],[""0.1500"",""2282.00""],[""0.1600"",""257.00""],[""0.1700"",""2770.70""],[""0.1800"",""76.92""]]"
2026-05-16T11:00:43.946Z,KXBTC15M-26MAY160715-15,BTC price up in next 15 mins?,KXBTC15M-26MAY160715,2026-05-16T11:15:00Z,active,0.75,0.76,0.24,0.25,0.755,0.76,5247.03,4660.67,4929.72,36.92,"[[""0.7200"",""628.53""],[""0.7300"",""30.66""],[""0.7400"",""426.35""],[""0.7500"",""376.33""],[""0.7600"",""164.31""],[""0.7700"",""795.29""],[""0.7800"",""128.28""],[""0.7900"",""168.00""],[""0.8000"",""850.00""],[""0.8100"",""4929.72""]]","[[""0.0980"",""125.00""],[""0.1000"",""1700.00""],[""0.1100"",""1422.00""],[""0.1200"",""2257.00""],[""0.1300"",""2194.00""],[""0.1400"",""306.00""],[""0.1500"",""3771.70""],[""0.1600"",""89.00""],[""0.1700"",""151.00""],[""0.1800"",""36.92""]]"
2026-05-16T11:00:45.932Z,KXBTC15M-26MAY160715-15,BTC price up in next 15 mins?,KXBTC15M-26MAY160715,2026-05-16T11:15:00Z,active,0.75,0.76,0.24,0.25,0.755,0.76,5247.03,4660.67,5006.12,1.0,"[[""0.7400"",""127.35""],[""0.7500"",""226.33""],[""0.7600"",""164.31""],[""0.7700"",""1425.29""],[""0.7800"",""429.28""],[""0.7900"",""146.00""],[""0.8000"",""450.00""],[""0.8100"",""156.00""],[""0.8200"",""125.00""],[""0.8300"",""5006.12""]]","[[""0.0940"",""125.00""],[""0.0960"",""125.00""],[""0.0980"",""125.00""],[""0.1000"",""2250.00""],[""0.1100"",""1123.00""],[""0.1200"",""2252.39""],[""0.1300"",""1841.31""],[""0.1400"",""316.00""],[""0.1500"",""1157.00""],[""0.1600"",""1.00""]]"
2026-05-16T11:00:47.948Z,KXBTC15M-26MAY160715-15,BTC price up in next 15 mins?,KXBTC15M-26MAY160715,2026-05-16T11:15:00Z,active,0.75,0.76,0.24,0.25,0.755,0.76,5247.03,4660.67,140.0,3910.28,"[[""0.7500"",""226.33""],[""0.7600"",""314.31""],[""0.7700"",""776.29""],[""0.7800"",""205.28""],[""0.7900"",""145.26""],[""0.8000"",""889.25""],[""0.8100"",""2676.23""],[""0.8200"",""125.00""],[""0.8300"",""1000.00""],[""0.8400"",""140.00""]]","[[""0.0920"",""125.00""],[""0.0940"",""125.00""],[""0.0960"",""125.00""],[""0.0980"",""125.00""],[""0.1000"",""1700.00""],[""0.1100"",""1572.00""],[""0.1200"",""763.00""],[""0.1300"",""1205.00""],[""0.1400"",""1349.00""],[""0.1500"",""3910.28""]]"
2026-05-16T11:00:49.948Z,KXBTC15M-26MAY160715-15,BTC price up in next 15 mins?,KXBTC15M-26MAY160715,2026-05-16T11:15:00Z,active,0.75,0.76,0.24,0.25,0.755,0.76,5247.03,4660.67,200.0,1.0,"[[""0.7400"",""976.35""],[""0.7500"",""226.33""],[""0.7600"",""164.31""],[""0.7700"",""776.29""],[""0.7800"",""130.28""],[""0.7900"",""145.26""],[""0.8000"",""452.00""],[""0.8100"",""561.00""],[""0.8200"",""3992.00""],[""0.8300"",""200.00""]]","[[""0.0960"",""125.00""],[""0.0980"",""125.00""],[""0.0990"",""75.00""],[""0.1000"",""1700.00""],[""0.1100"",""2422.00""],[""0.1200"",""1163.00""],[""0.1300"",""3442.70""],[""0.1400"",""306.00""],[""0.1500"",""1034.06""],[""0.1600"",""1.00""]]"
2026-05-16T11:00:51.934Z,KXBTC15M-26MAY160715-15,BTC price up in next 15 mins?,KXBTC15M-26MAY160715,2026-05-16T11:15:00Z,active,0.82,0.83,0.17,0.18,0.825,0.82,14624.06,13059.08,1419.05,91.0,"[[""0.7300"",""30.66""],[""0.7400"",""576.35""],[""0.7500"",""226.33""],[""0.7600"",""164.31""],[""0.7700"",""776.29""],[""0.7800"",""130.28""],[""0.7900"",""584.26""],[""0.8000"",""3009.00""],[""0.8100"",""135.00""],[""0.8200"",""1419.05""]]","[[""0.0960"",""125.00""],[""0.0980"",""125.00""],[""0.1000"",""1775.00""],[""0.1100"",""1422.00""],[""0.1200"",""763.00""],[""0.1300"",""953.00""],[""0.1400"",""1708.00""],[""0.1500"",""1159.06""],[""0.1600"",""2672.55""],[""0.1700"",""91.00""]]"
2026-05-16T11:00:53.941Z,KXBTC15M-26MAY160715-15,BTC price up in next 15 mins?,KXBTC15M-26MAY160715,2026-05-16T11:15:00Z,active,0.82,0.83,0.17,0.18,0.825,0.82,14624.06,13059.08,2088.61,89.0,"[[""0.7400"",""127.35""],[""0.7500"",""875.33""],[""0.7600"",""264.31""],[""0.7700"",""1075.29""],[""0.7800"",""130.28""],[""0.7900"",""126.26""],[""0.8000"",""853.25""],[""0.8100"",""2871.00""],[""0.8200"",""206.00""],[""0.8300"",""2088.61""]]","[[""0.0940"",""125.00""],[""0.0960"",""125.00""],[""0.0980"",""125.00""],[""0.1000"",""1775.00""],[""0.1100"",""1123.00""],[""0.1200"",""1313.00""],[""0.1300"",""1786.00""],[""0.1400"",""368.00""],[""0.1500"",""3646.76""],[""0.1600"",""89.00""]]"
2026-05-16T11:00:55.959Z,KXBTC15M-26MAY160715-15,BTC price up in next 15 mins?,KXBTC15M-26MAY160715,2026-05-16T11:15:00Z,active,0.82,0.83,0.17,0.18,0.825,0.82,14624.06,13059.08,841.09,3756.76,"[[""0.7500"",""725.33""],[""0.7600"",""264.31""],[""0.7700"",""1075.29""],[""0.7800"",""205.28""],[""0.7900"",""126.26""],[""0.8000"",""853.25""],[""0.8100"",""2685.23""],[""0.8200"",""170.00""],[""0.8300"",""47.00""],[""0.8400"",""841.09""]]","[[""0.0920"",""125.00""],[""0.0940"",""125.00""],[""0.0960"",""125.00""],[""0.0980"",""125.00""],[""0.1000"",""1850.00""],[""0.1100"",""1123.00""],[""0.1200"",""2163.00""],[""0.1300"",""786.00""],[""0.1400"",""325.00""],[""0.1500"",""3756.76""]]"
2026-05-16T11:00:57.949Z,KXBTC15M-26MAY160715-15,BTC price up in next 15 mins?,KXBTC15M-26MAY160715,2026-05-16T11:15:00Z,active,0.82,0.83,0.17,0.18,0.825,0.82,14624.06,13059.08,1318.95,269.0,"[[""0.7300"",""230.66""],[""0.7400"",""277.35""],[""0.7500"",""725.33""],[""0.7600"",""379.31""],[""0.7700"",""925.29""],[""0.7800"",""166.28""],[""0.7900"",""528.26""],[""0.8000"",""3026.00""],[""0.8100"",""154.00""],[""0.8200"",""1318.95""]]","[[""0.0960"",""125.00""],[""0.0980"",""125.00""],[""0.1000"",""1700.00""],[""0.1100"",""1198.00""],[""0.1200"",""763.00""],[""0.1300"",""934.00""],[""0.1400"",""1770.00""],[""0.1500"",""1159.06""],[""0.1600"",""2612.70""],[""0.1700"",""269.00""]]"
2026-05-16T11:00:59.960Z,KXBTC15M-26MAY160715-15,BTC price up in next 15 mins?,KXBTC15M-26MAY160715,2026-05-16T11:15:00Z,active,0.82,0.83,0.17,0.18,0.825,0.82,14624.06,13059.08,1229.95,1726.39,"[[""0.7300"",""529.66""],[""0.7400"",""277.35""],[""0.7500"",""226.33""],[""0.7600"",""379.31""],[""0.7700"",""626.29""],[""0.7800"",""186.28""],[""0.7900"",""2091.26""],[""0.8000"",""1450.00""],[""0.8100"",""135.00""],[""0.8200"",""1229.95""]]","[[""0.0960"",""125.00""],[""0.0980"",""125.00""],[""0.1000"",""1700.00""],[""0.1100"",""1482.00""],[""0.1200"",""763.00""],[""0.1300"",""934.00""],[""0.1400"",""708.00""],[""0.1500"",""1678.06""],[""0.1600"",""1125.31""],[""0.1700"",""1726.39""]]"
2026-05-16T11:01:01.948Z,KXBTC15M-26MAY160715-15,BTC price up in next 15 mins?,KXBTC15M-26MAY160715,2026-05-16T11:15:00Z,active,0.82,0.83,0.17,0.18,0.825,0.82,14624.06,13059.08,300.0,3689.66,"[[""0.7100"",""483.40""],[""0.7200"",""130.53""],[""0.7300"",""230.66""],[""0.7400"",""146.35""],[""0.7500"",""259.33""],[""0.7600"",""2384.31""],[""0.7700"",""1628.29""],[""0.7800"",""1142.00""],[""0.7900"",""130.00""],[""0.8000"",""300.00""]]","[[""0.1000"",""1869.00""],[""0.1100"",""927.00""],[""0.1200"",""763.00""],[""0.1300"",""989.00""],[""0.1400"",""204.00""],[""0.1500"",""546.06""],[""0.1600"",""296.00""],[""0.1700"",""551.00""],[""0.1800"",""168.00""],[""0.1900"",""3689.66""]]"
2026-05-16T11:01:03.942Z,KXBTC15M-26MAY160715-15,BTC price up in next 15 mins?,KXBTC15M-26MAY160715,2026-05-16T11:15:00Z,active,0.82,0.83,0.17,0.18,0.825,0.82,14624.06,13059.08,87.0,2684.59,"[[""0.7100"",""333.40""],[""0.7200"",""130.53""],[""0.7300"",""230.66""],[""0.7400"",""146.35""],[""0.7500"",""2183.33""],[""0.7600"",""1482.31""],[""0.7700"",""626.29""],[""0.7800"",""142.00""],[""0.7900"",""1130.00""],[""0.8000"",""87.00""]]","[[""0.1000"",""1914.00""],[""0.1100"",""947.00""],[""0.1200"",""763.00""],[""0.1300"",""1000.00""],[""0.1400"",""216.00""],[""0.1500"",""546.06""],[""0.1600"",""144.00""],[""0.1700"",""713.00""],[""0.1800"",""1168.00""],[""0.1900"",""2684.59""]]"
2026-05-16T11:01:05.943Z,KXBTC15M-26MAY160715-15,BTC price up in next 15 mins?,KXBTC15M-26MAY160715,2026-05-16T11:15:00Z,active,0.82,0.83,0.17,0.18,0.825,0.82,14624.06,13059.08,75.0,3582.59,"[[""0.7100"",""337.40""],[""0.7200"",""125.53""],[""0.7300"",""230.66""],[""0.7400"",""776.35""],[""0.7500"",""1766.33""],[""0.7600"",""1673.31""],[""0.7700"",""1028.29""],[""0.7800"",""129.28""],[""0.7900"",""1062.00""],[""0.8100"",""75.00""]]","[[""0.0980"",""125.00""],[""0.1000"",""1720.00""],[""0.1100"",""947.00""],[""0.1200"",""763.00""],[""0.1300"",""926.00""],[""0.1400"",""237.00""],[""0.1500"",""946.06""],[""0.1600"",""161.00""],[""0.1700"",""171.00""],[""0.1800"",""3582.59""]]"
2026-05-16T11:01:07.950Z,KXBTC15M-26MAY160715-15,BTC price up in next 15 mins?,KXBTC15M-26MAY160715,2026-05-16T11:15:00Z,active,0.82,0.83,0.17,0.18,0.825,0.82,14624.06,13059.08,258.0,1768.28,"[[""0.6900"",""343.44""],[""0.7000"",""399.42""],[""0.7100"",""352.40""],[""0.7200"",""138.53""],[""0.7300"",""230.66""],[""0.7400"",""1672.35""],[""0.7500"",""671.33""],[""0.7600"",""1368.00""],[""0.7700"",""1629.00""],[""0.7800"",""258.00""]]","[[""0.1200"",""1262.00""],[""0.1300"",""701.00""],[""0.1400"",""515.00""],[""0.1500"",""621.06""],[""0.1600"",""125.00""],[""0.1700"",""163.00""],[""0.1800"",""742.00""],[""0.1900"",""161.00""],[""0.2000"",""2135.31""],[""0.2100"",""1768.28""]]"
2026-05-16T11:01:09.965Z,KXBTC15M-26MAY160715-15,BTC price up in next 15 mins?,KXBTC15M-26MAY160715,2026-05-16T11:15:00Z,active,0.82,0.83,0.17,0.18,0.825,0.82,14624.06,13059.08,1170.0,2623.7,"[[""0.6900"",""842.44""],[""0.7000"",""399.42""],[""0.7100"",""632.40""],[""0.7200"",""125.53""],[""0.7300"",""230.66""],[""0.7400"",""2072.35""],[""0.7500"",""1229.33""],[""0.7600"",""272.00""],[""0.7700"",""629.00""],[""0.7800"",""1170.00""]]","[[""0.1200"",""1062.00""],[""0.1300"",""701.00""],[""0.1400"",""216.00""],[""0.1500"",""621.06""],[""0.1600"",""144.00""],[""0.1700"",""661.00""],[""0.1800"",""682.00""],[""0.1900"",""1161.00""],[""0.2000"",""318.00""],[""0.2100"",""2623.70""]]"
2026-05-16T11:01:11.949Z,KXBTC15M-26MAY160715-15,BTC price up in next 15 mins?,KXBTC15M-26MAY160715,2026-05-16T11:15:00Z,active,0.82,0.83,0.17,0.18,0.825,0.82,14624.06,13059.08,1664.6,245.47,"[[""0.6800"",""213.47""],[""0.6900"",""343.44""],[""0.7000"",""449.42""],[""0.7100"",""408.40""],[""0.7200"",""125.53""],[""0.7300"",""630.66""],[""0.7400"",""1674.35""],[""0.7500"",""295.00""],[""0.7600"",""1129.00""],[""0.7700"",""1664.60""]]","[[""0.1300"",""701.00""],[""0.1400"",""143.00""],[""0.1500"",""546.06""],[""0.1600"",""125.00""],[""0.1700"",""650.00""],[""0.1800"",""380.00""],[""0.1900"",""163.00""],[""0.2000"",""4112.70""],[""0.2100"",""203.00""],[""0.2200"",""245.47""]]"
2026-05-16T11:01:13.949Z,KXBTC15M-26MAY160715-15,BTC price up in next 15 mins?,KXBTC15M-26MAY160715,2026-05-16T11:15:00Z,active,0.82,0.83,0.17,0.18,0.825,0.82,14624.06,13059.08,471.71,2829.72,"[[""0.6800"",""263.47""],[""0.6900"",""193.44""],[""0.7000"",""399.42""],[""0.7100"",""1953.40""],[""0.7200"",""525.53""],[""0.7300"",""299.66""],[""0.7400"",""1146.35""],[""0.7500"",""110.00""],[""0.7600"",""1233.00""],[""0.7700"",""471.71""]]","[[""0.1300"",""701.00""],[""0.1400"",""492.00""],[""0.1500"",""546.06""],[""0.1600"",""125.00""],[""0.1700"",""650.00""],[""0.1800"",""244.00""],[""0.1900"",""161.00""],[""0.2000"",""377.00""],[""0.2100"",""1598.00""],[""0.2200"",""2829.72""]]"
2026-05-16T11:01:15.958Z,KXBTC15M-26MAY160715-15,BTC price up in next 15 mins?,KXBTC15M-26MAY160715,2026-05-16T11:15:00Z,active,0.82,0.83,0.17,0.18,0.825,0.82,14624.06,13059.08,42.79,2775.41,"[[""0.6800"",""263.47""],[""0.6900"",""193.44""],[""0.7000"",""399.42""],[""0.7100"",""1953.40""],[""0.7200"",""125.53""],[""0.7300"",""675.66""],[""0.7400"",""1158.35""],[""0.7500"",""193.00""],[""0.7600"",""1233.00""],[""0.7700"",""42.79""]]","[[""0.1300"",""701.00""],[""0.1400"",""492.00""],[""0.1500"",""546.06""],[""0.1600"",""125.00""],[""0.1700"",""650.00""],[""0.1800"",""244.00""],[""0.1900"",""161.00""],[""0.2000"",""777.00""],[""0.2100"",""1198.00""],[""0.2200"",""2775.41""]]"
2026-05-16T11:01:17.946Z,KXBTC15M-26MAY160715-15,BTC price up in next 15 mins?,KXBTC15M-26MAY160715,2026-05-16T11:15:00Z,active,0.82,0.83,0.17,0.18,0.825,0.82,14624.06,13059.08,102.54,3844.32,"[[""0.6700"",""579.49""],[""0.6800"",""267.47""],[""0.6900"",""193.44""],[""0.7000"",""1814.42""],[""0.7100"",""938.40""],[""0.7200"",""193.53""],[""0.7300"",""1327.36""],[""0.7400"",""1160.00""],[""0.7500"",""100.00""],[""0.7600"",""102.54""]]","[[""0.1400"",""492.00""],[""0.1500"",""546.06""],[""0.1600"",""125.00""],[""0.1700"",""650.00""],[""0.1800"",""244.00""],[""0.1900"",""161.00""],[""0.2000"",""375.00""],[""0.2100"",""557.00""],[""0.2200"",""168.00""],[""0.2300"",""3844.32""]]"
2026-05-16T11:01:19.962Z,KXBTC15M-26MAY160715-15,BTC price up in next 15 mins?,KXBTC15M-26MAY160715,2026-05-16T11:15:00Z,active,0.82,0.83,0.17,0.18,0.825,0.82,14624.06,13059.08,73.0,1388.0,"[[""0.6600"",""229.51""],[""0.6700"",""130.49""],[""0.6800"",""236.47""],[""0.6900"",""623.44""],[""0.7000"",""276.42""],[""0.7100"",""2073.40""],[""0.7200"",""125.53""],[""0.7300"",""1211.00""],[""0.7400"",""1131.00""],[""0.7500"",""73.00""]]","[[""0.1500"",""546.06""],[""0.1600"",""474.00""],[""0.1700"",""650.00""],[""0.1800"",""225.00""],[""0.1900"",""161.00""],[""0.2000"",""244.00""],[""0.2100"",""150.00""],[""0.2200"",""275.00""],[""0.2300"",""3987.32""],[""0.2400"",""1388.00""]]"
2026-05-16T11:01:21.942Z,KXBTC15M-26MAY160715-15,BTC price up in next 15 mins?,KXBTC15M-26MAY160715,2026-05-16T11:15:00Z,active,0.74,0.75,0.25,0.26,0.745,0.75,21952.21,18604.63,1236.68,25.0,"[[""0.6500"",""480.53""],[""0.6600"",""229.51""],[""0.6700"",""130.49""],[""0.6800"",""236.47""],[""0.6900"",""193.44""],[""0.7000"",""201.42""],[""0.7100"",""931.40""],[""0.7200"",""2665.60""],[""0.7300"",""360.58""],[""0.7400"",""1236.68""]]","[[""0.1600"",""474.00""],[""0.1700"",""725.00""],[""0.1800"",""225.00""],[""0.1900"",""161.00""],[""0.2000"",""244.00""],[""0.2100"",""1555.00""],[""0.2200"",""311.00""],[""0.2300"",""1096.06""],[""0.2400"",""1636.49""],[""0.2500"",""25.00""]]"
2026-05-16T11:01:23.952Z,KXBTC15M-26MAY160715-15,BTC price up in next 15 mins?,KXBTC15M-26MAY160715,2026-05-16T11:15:00Z,active,0.74,0.75,0.25,0.26,0.745,0.75,21952.21,18604.63,161.28,2697.57,"[[""0.6600"",""728.51""],[""0.6700"",""280.49""],[""0.6800"",""516.47""],[""0.6900"",""268.44""],[""0.7000"",""2740.02""],[""0.7100"",""974.40""],[""0.7200"",""171.00""],[""0.7300"",""10.00""],[""0.7400"",""1031.68""],[""0.7500"",""161.28""]]","[[""0.1500"",""546.06""],[""0.1600"",""125.00""],[""0.1700"",""650.00""],[""0.1800"",""225.00""],[""0.1900"",""180.00""],[""0.2000"",""375.00""],[""0.2100"",""157.00""],[""0.2200"",""525.00""],[""0.2300"",""1113.75""],[""0.2400"",""2697.57""]]"
2026-05-16T11:01:25.944Z,KXBTC15M-26MAY160715-15,BTC price up in next 15 mins?,KXBTC15M-26MAY160715,2026-05-16T11:15:00Z,active,0.74,0.75,0.25,0.26,0.745,0.75,21952.21,18604.63,1021.71,2608.57,"[[""0.6600"",""728.51""],[""0.6700"",""130.49""],[""0.6800"",""662.47""],[""0.6900"",""193.44""],[""0.7000"",""199.42""],[""0.7100"",""3076.00""],[""0.7200"",""172.38""],[""0.7300"",""599.00""],[""0.7400"",""92.00""],[""0.7500"",""1021.71""]]","[[""0.1500"",""546.06""],[""0.1600"",""125.00""],[""0.1700"",""650.00""],[""0.1800"",""300.00""],[""0.1900"",""330.00""],[""0.2000"",""627.00""],[""0.2100"",""198.00""],[""0.2200"",""1125.00""],[""0.2300"",""108.75""],[""0.2400"",""2608.57""]]"
2026-05-16T11:01:27.960Z,KXBTC15M-26MAY160715-15,BTC price up in next 15 mins?,KXBTC15M-26MAY160715,2026-05-16T11:15:00Z,active,0.74,0.75,0.25,0.26,0.745,0.75,21952.21,18604.63,1676.2,1.0,"[[""0.6600"",""728.51""],[""0.6700"",""145.49""],[""0.6800"",""662.47""],[""0.6900"",""243.44""],[""0.7000"",""399.42""],[""0.7100"",""330.40""],[""0.7200"",""413.38""],[""0.7300"",""1675.60""],[""0.7400"",""1527.00""],[""0.7500"",""1676.20""]]","[[""0.1500"",""546.06""],[""0.1600"",""125.00""],[""0.1700"",""655.00""],[""0.1800"",""700.00""],[""0.1900"",""332.00""],[""0.2000"",""1303.00""],[""0.2100"",""150.00""],[""0.2200"",""2622.57""],[""0.2300"",""92.75""],[""0.2400"",""1.00""]]"
2026-05-16T11:01:29.952Z,KXBTC15M-26MAY160715-15,BTC price up in next 15 mins?,KXBTC15M-26MAY160715,2026-05-16T11:15:00Z,active,0.74,0.75,0.25,0.26,0.745,0.75,21952.21,18604.63,1509.3,310.0,"[[""0.6900"",""243.44""],[""0.7000"",""1063.42""],[""0.7100"",""326.40""],[""0.7200"",""650.38""],[""0.7300"",""136.36""],[""0.7400"",""125.00""],[""0.7500"",""374.33""],[""0.7600"",""1181.00""],[""0.7700"",""2091.60""],[""0.7800"",""1509.30""]]","[[""0.1100"",""2188.00""],[""0.1200"",""1527.00""],[""0.1300"",""701.00""],[""0.1400"",""148.00""],[""0.1500"",""565.06""],[""0.1600"",""568.00""],[""0.1700"",""1807.00""],[""0.1800"",""1712.26""],[""0.1900"",""1163.31""],[""0.2000"",""310.00""]]"
2026-05-16T11:01:31.943Z,KXBTC15M-26MAY160715-15,BTC price up in next 15 mins?,KXBTC15M-26MAY160715,2026-05-16T11:15:00Z,active,0.74,0.75,0.25,0.26,0.745,0.75,21952.21,18604.63,1307.0,1135.31,"[[""0.6900"",""208.44""],[""0.7000"",""888.42""],[""0.7100"",""476.40""],[""0.7200"",""700.38""],[""0.7300"",""136.36""],[""0.7400"",""136.35""],[""0.7500"",""1331.33""],[""0.7600"",""2122.60""],[""0.7700"",""179.00""],[""0.7800"",""1307.00""]]","[[""0.1200"",""1127.00""],[""0.1300"",""701.00""],[""0.1400"",""148.00""],[""0.1500"",""640.06""],[""0.1600"",""275.00""],[""0.1700"",""1057.00""],[""0.1800"",""1268.00""],[""0.1900"",""125.00""],[""0.2000"",""1753.26""],[""0.2100"",""1135.31""]]"
2026-05-16T11:01:33.954Z,KXBTC15M-26MAY160715-15,BTC price up in next 15 mins?,KXBTC15M-26MAY160715,2026-05-16T11:15:00Z,active,0.74,0.75,0.25,0.26,0.745,0.75,21952.21,18604.63,1265.88,96.0,"[[""0.6900"",""208.44""],[""0.7000"",""888.42""],[""0.7100"",""326.40""],[""0.7200"",""925.38""],[""0.7300"",""146.36""],[""0.7400"",""126.35""],[""0.7500"",""331.33""],[""0.7600"",""3122.60""],[""0.7700"",""194.00""],[""0.7800"",""1265.88""]]","[[""0.1200"",""1127.00""],[""0.1300"",""701.00""],[""0.1400"",""148.00""],[""0.1500"",""715.06""],[""0.1600"",""525.00""],[""0.1700"",""657.00""],[""0.1800"",""1268.00""],[""0.1900"",""125.00""],[""0.2000"",""2716.86""],[""0.2100"",""96.00""]]"
2026-05-16T11:01:35.946Z,KXBTC15M-26MAY160715-15,BTC price up in next 15 mins?,KXBTC15M-26MAY160715,2026-05-16T11:15:00Z,active,0.74,0.75,0.25,0.26,0.745,0.75,21952.21,18604.63,2097.99,100.0,"[[""0.7000"",""888.42""],[""0.7100"",""326.40""],[""0.7200"",""650.38""],[""0.7300"",""286.36""],[""0.7400"",""176.35""],[""0.7500"",""341.33""],[""0.7600"",""181.31""],[""0.7700"",""1129.00""],[""0.7800"",""2150.60""],[""0.7900"",""2097.99""]]","[[""0.1100"",""493.00""],[""0.1200"",""1127.00""],[""0.1300"",""701.00""],[""0.1400"",""298.00""],[""0.1500"",""1042.06""],[""0.1600"",""1125.00""],[""0.1700"",""698.00""],[""0.1800"",""1712.26""],[""0.1900"",""1171.60""],[""0.2000"",""100.00""]]"
2026-05-16T11:01:37.948Z,KXBTC15M-26MAY160715-15,BTC price up in next 15 mins?,KXBTC15M-26MAY160715,2026-05-16T11:15:00Z,active,0.74,0.75,0.25,0.26,0.745,0.75,21952.21,18604.63,1130.0,1181.93,"[[""0.6900"",""193.44""],[""0.7000"",""888.42""],[""0.7100"",""476.40""],[""0.7200"",""730.38""],[""0.7300"",""136.36""],[""0.7400"",""1693.95""],[""0.7500"",""1326.33""],[""0.7600"",""593.00""],[""0.7700"",""12.00""],[""0.7800"",""1130.00""]]","[[""0.1200"",""1127.00""],[""0.1300"",""701.00""],[""0.1400"",""148.00""],[""0.1500"",""565.06""],[""0.1600"",""275.00""],[""0.1700"",""1052.00""],[""0.1800"",""268.00""],[""0.1900"",""1125.00""],[""0.2000"",""2202.26""],[""0.2100"",""1181.93""]]"
2026-05-16T11:01:39.941Z,KXBTC15M-26MAY160715-15,BTC price up in next 15 mins?,KXBTC15M-26MAY160715,2026-05-16T11:15:00Z,active,0.74,0.75,0.25,0.26,0.745,0.75,21952.21,18604.63,1530.08,16.27,"[[""0.6900"",""193.44""],[""0.7000"",""938.42""],[""0.7100"",""326.40""],[""0.7200"",""650.38""],[""0.7300"",""286.36""],[""0.7400"",""126.35""],[""0.7500"",""131.33""],[""0.7600"",""223.00""],[""0.7700"",""3186.60""],[""0.7800"",""1530.08""]]","[[""0.1200"",""1127.00""],[""0.1300"",""701.00""],[""0.1400"",""298.00""],[""0.1500"",""1040.06""],[""0.1600"",""127.00""],[""0.1700"",""1655.00""],[""0.1800"",""1262.93""],[""0.1900"",""1622.26""],[""0.2000"",""585.00""],[""0.2100"",""16.27""]]"
2026-05-16T11:01:41.941Z,KXBTC15M-26MAY160715-15,BTC price up in next 15 mins?,KXBTC15M-26MAY160715,2026-05-16T11:15:00Z,active,0.74,0.75,0.25,0.26,0.745,0.75,21952.21,18604.63,1130.0,267.47,"[[""0.6900"",""193.44""],[""0.7000"",""439.42""],[""0.7100"",""476.40""],[""0.7200"",""351.38""],[""0.7300"",""155.36""],[""0.7400"",""126.35""],[""0.7500"",""131.33""],[""0.7600"",""3116.60""],[""0.7700"",""266.00""],[""0.7800"",""1130.00""]]","[[""0.1200"",""828.00""],[""0.1300"",""701.00""],[""0.1400"",""447.00""],[""0.1500"",""546.06""],[""0.1600"",""275.00""],[""0.1700"",""1057.00""],[""0.1800"",""225.00""],[""0.1900"",""1187.00""],[""0.2000"",""3192.19""],[""0.2100"",""267.47""]]"
2026-05-16T11:01:43.941Z,KXBTC15M-26MAY160715-15,BTC price up in next 15 mins?,KXBTC15M-26MAY160715,2026-05-16T11:15:00Z,active,0.74,0.75,0.25,0.26,0.745,0.75,21952.21,18604.63,751.79,255.38,"[[""0.6900"",""193.44""],[""0.7000"",""399.42""],[""0.7100"",""476.40""],[""0.7200"",""351.38""],[""0.7300"",""155.36""],[""0.7400"",""126.35""],[""0.7500"",""131.33""],[""0.7600"",""3115.60""],[""0.7700"",""181.00""],[""0.7800"",""751.79""]]","[[""0.1200"",""828.00""],[""0.1300"",""701.00""],[""0.1400"",""447.00""],[""0.1500"",""621.06""],[""0.1600"",""275.00""],[""0.1700"",""1057.00""],[""0.1800"",""1225.00""],[""0.1900"",""187.00""],[""0.2000"",""3192.19""],[""0.2100"",""255.38""]]"
2026-05-16T11:01:45.951Z,KXBTC15M-26MAY160715-15,BTC price up in next 15 mins?,KXBTC15M-26MAY160715,2026-05-16T11:15:00Z,active,0.74,0.75,0.25,0.26,0.745,0.75,21952.21,18604.63,123.79,3876.63,"[[""0.6900"",""193.44""],[""0.7000"",""399.42""],[""0.7100"",""551.40""],[""0.7200"",""351.38""],[""0.7300"",""3095.96""],[""0.7400"",""199.35""],[""0.7500"",""1156.61""],[""0.7600"",""22.00""],[""0.7700"",""2.00""],[""0.7800"",""123.79""]]","[[""0.1200"",""828.00""],[""0.1300"",""701.00""],[""0.1400"",""447.00""],[""0.1500"",""546.06""],[""0.1600"",""275.00""],[""0.1700"",""655.00""],[""0.1800"",""227.00""],[""0.1900"",""544.00""],[""0.2000"",""753.00""],[""0.2100"",""3876.63""]]"
2026-05-16T11:01:47.958Z,KXBTC15M-26MAY160715-15,BTC price up in next 15 mins?,KXBTC15M-26MAY160715,2026-05-16T11:15:00Z,active,0.74,0.75,0.25,0.26,0.745,0.75,21952.21,18604.63,124.04,2055.18,"[[""0.6700"",""280.49""],[""0.6800"",""213.47""],[""0.6900"",""212.44""],[""0.7000"",""399.42""],[""0.7100"",""1771.00""],[""0.7200"",""758.38""],[""0.7300"",""379.36""],[""0.7400"",""1140.35""],[""0.7500"",""1000.00""],[""0.7600"",""124.04""]]","[[""0.1400"",""148.00""],[""0.1500"",""546.06""],[""0.1600"",""424.00""],[""0.1700"",""650.00""],[""0.1800"",""225.00""],[""0.1900"",""125.00""],[""0.2000"",""884.00""],[""0.2100"",""552.00""],[""0.2200"",""2120.93""],[""0.2300"",""2055.18""]]"
2026-05-16T11:01:49.960Z,KXBTC15M-26MAY160715-15,BTC price up in next 15 mins?,KXBTC15M-26MAY160715,2026-05-16T11:15:00Z,active,0.74,0.75,0.25,0.26,0.745,0.75,21952.21,18604.63,104.6,3946.17,"[[""0.6600"",""229.51""],[""0.6700"",""280.49""],[""0.6800"",""213.47""],[""0.6900"",""212.44""],[""0.7000"",""399.42""],[""0.7100"",""1770.00""],[""0.7200"",""801.38""],[""0.7300"",""1346.36""],[""0.7400"",""1004.00""],[""0.7600"",""104.60""]]","[[""0.1400"",""148.00""],[""0.1500"",""546.06""],[""0.1600"",""424.00""],[""0.1700"",""650.00""],[""0.1800"",""225.00""],[""0.1900"",""125.00""],[""0.2000"",""884.00""],[""0.2100"",""552.00""],[""0.2200"",""126.00""],[""0.2300"",""3946.17""]]"
2026-05-16T11:01:51.946Z,KXBTC15M-26MAY160715-15,BTC price up in next 15 mins?,KXBTC15M-26MAY160715,2026-05-16T11:15:00Z,active,0.74,0.75,0.25,0.26,0.745,0.77,32933.93,25804.49,1367.16,42.0,"[[""0.6500"",""548.53""],[""0.6600"",""129.51""],[""0.6700"",""280.49""],[""0.6800"",""213.47""],[""0.6900"",""212.44""],[""0.7000"",""399.42""],[""0.7100"",""169.40""],[""0.7200"",""2447.60""],[""0.7300"",""1348.00""],[""0.7400"",""1367.16""]]","[[""0.1500"",""546.06""],[""0.1600"",""424.00""],[""0.1700"",""725.00""],[""0.1800"",""225.00""],[""0.1900"",""225.00""],[""0.2000"",""884.00""],[""0.2100"",""552.00""],[""0.2200"",""1225.00""],[""0.2300"",""2617.19""],[""0.2500"",""42.00""]]"
2026-05-16T11:01:53.950Z,KXBTC15M-26MAY160715-15,BTC price up in next 15 mins?,KXBTC15M-26MAY160715,2026-05-16T11:15:00Z,active,0.74,0.75,0.25,0.26,0.745,0.77,32933.93,25804.49,1139.48,175.0,"[[""0.6600"",""129.51""],[""0.6700"",""280.49""],[""0.6800"",""213.47""],[""0.6900"",""287.44""],[""0.7000"",""399.42""],[""0.7100"",""169.40""],[""0.7200"",""2048.98""],[""0.7300"",""1735.00""],[""0.7400"",""140.00""],[""0.7500"",""1139.48""]]","[[""0.1500"",""546.06""],[""0.1600"",""424.00""],[""0.1700"",""650.00""],[""0.1800"",""225.00""],[""0.1900"",""225.00""],[""0.2000"",""1284.00""],[""0.2100"",""195.00""],[""0.2200"",""1225.00""],[""0.2300"",""2655.19""],[""0.2400"",""175.00""]]"
2026-05-16T11:01:55.942Z,KXBTC15M-26MAY160715-15,BTC price up in next 15 mins?,KXBTC15M-26MAY160715,2026-05-16T11:15:00Z,active,0.74,0.75,0.25,0.26,0.745,0.77,32933.93,25804.49,1389.66,99.0,"[[""0.6500"",""548.53""],[""0.6600"",""179.51""],[""0.6700"",""130.49""],[""0.6800"",""363.47""],[""0.6900"",""212.44""],[""0.7000"",""389.42""],[""0.7100"",""169.40""],[""0.7200"",""2448.98""],[""0.7300"",""1335.00""],[""0.7400"",""1389.66""]]","[[""0.1500"",""546.06""],[""0.1600"",""424.00""],[""0.1700"",""650.00""],[""0.1800"",""225.00""],[""0.1900"",""375.00""],[""0.2000"",""734.00""],[""0.2100"",""595.00""],[""0.2200"",""1225.00""],[""0.2300"",""2615.19""],[""0.2400"",""99.00""]]"
2026-05-16T11:01:57.941Z,KXBTC15M-26MAY160715-15,BTC price up in next 15 mins?,KXBTC15M-26MAY160715,2026-05-16T11:15:00Z,active,0.74,0.75,0.25,0.26,0.745,0.77,32933.93,25804.49,267.4,31.23,"[[""0.6600"",""194.51""],[""0.6700"",""130.49""],[""0.6800"",""363.47""],[""0.6900"",""212.44""],[""0.7000"",""389.42""],[""0.7100"",""169.40""],[""0.7200"",""2248.98""],[""0.7300"",""1345.00""],[""0.7400"",""454.86""],[""0.7500"",""267.40""]]","[[""0.1500"",""546.06""],[""0.1600"",""424.00""],[""0.1700"",""650.00""],[""0.1800"",""300.00""],[""0.1900"",""375.00""],[""0.2000"",""734.00""],[""0.2100"",""595.00""],[""0.2200"",""1225.00""],[""0.2300"",""2635.19""],[""0.2400"",""31.23""]]"
2026-05-16T11:01:59.950Z,KXBTC15M-26MAY160715-15,BTC price up in next 15 mins?,KXBTC15M-26MAY160715,2026-05-16T11:15:00Z,active,0.74,0.75,0.25,0.26,0.745,0.77,32933.93,25804.49,1548.18,10.0,"[[""0.6500"",""533.53""],[""0.6600"",""194.51""],[""0.6700"",""130.49""],[""0.6800"",""363.47""],[""0.6900"",""212.44""],[""0.7000"",""389.42""],[""0.7100"",""169.40""],[""0.7200"",""2248.98""],[""0.7300"",""1533.36""],[""0.7400"",""1548.18""]]","[[""0.1500"",""546.06""],[""0.1600"",""424.00""],[""0.1700"",""650.00""],[""0.1800"",""225.00""],[""0.1900"",""375.00""],[""0.2000"",""734.00""],[""0.2100"",""595.00""],[""0.2200"",""1225.00""],[""0.2300"",""2577.14""],[""0.2400"",""10.00""]]"
2026-05-16T11:02:01.957Z,KXBTC15M-26MAY160715-15,BTC price up in next 15 mins?,KXBTC15M-26MAY160715,2026-05-16T11:15:00Z,active,0.74,0.75,0.25,0.26,0.745,0.77,32933.93,25804.49,4327.3,10.0,"[[""0.6700"",""126.49""],[""0.6800"",""166.47""],[""0.6900"",""131.44""],[""0.7000"",""376.42""],[""0.7100"",""775.40""],[""0.7200"",""306.38""],[""0.7300"",""645.36""],[""0.7400"",""351.18""],[""0.7500"",""251.00""],[""0.7600"",""4327.30""]]","[[""0.1400"",""142.00""],[""0.1500"",""1446.06""],[""0.1600"",""294.00""],[""0.1700"",""1127.00""],[""0.1800"",""225.00""],[""0.1900"",""1712.21""],[""0.2000"",""1739.93""],[""0.2100"",""150.00""],[""0.2200"",""100.00""],[""0.2300"",""10.00""]]"
2026-05-16T11:02:03.960Z,KXBTC15M-26MAY160715-15,BTC price up in next 15 mins?,KXBTC15M-26MAY160715,2026-05-16T11:15:00Z,active,0.74,0.75,0.25,0.26,0.745,0.77,32933.93,25804.49,4493.03,32.0,"[[""0.6800"",""665.47""],[""0.6900"",""168.44""],[""0.7000"",""662.42""],[""0.7100"",""163.40""],[""0.7200"",""393.38""],[""0.7300"",""542.36""],[""0.7400"",""333.53""],[""0.7500"",""144.00""],[""0.7600"",""268.00""],[""0.7700"",""4493.03""]]","[[""0.1200"",""722.00""],[""0.1300"",""994.00""],[""0.1400"",""292.00""],[""0.1500"",""1846.06""],[""0.1600"",""202.00""],[""0.1700"",""685.00""],[""0.1800"",""1712.21""],[""0.1900"",""1248.93""],[""0.2000"",""590.00""],[""0.2200"",""32.00""]]"
2026-05-16T11:02:05.952Z,KXBTC15M-26MAY160715-15,BTC price up in next 15 mins?,KXBTC15M-26MAY160715,2026-05-16T11:15:00Z,active,0.74,0.75,0.25,0.26,0.745,0.77,32933.93,25804.49,1180.88,786.0,"[[""0.7000"",""669.42""],[""0.7100"",""170.40""],[""0.7200"",""351.38""],[""0.7300"",""467.36""],[""0.7400"",""533.53""],[""0.7500"",""158.33""],[""0.7600"",""226.31""],[""0.7700"",""1525.34""],[""0.7800"",""1805.60""],[""0.7900"",""1180.88""]]","[[""0.1100"",""497.00""],[""0.1200"",""722.00""],[""0.1300"",""1144.00""],[""0.1400"",""542.00""],[""0.1500"",""1448.06""],[""0.1600"",""125.00""],[""0.1700"",""693.00""],[""0.1800"",""1729.21""],[""0.1900"",""1246.93""],[""0.2000"",""786.00""]]"
2026-05-16T11:02:07.946Z,KXBTC15M-26MAY160715-15,BTC price up in next 15 mins?,KXBTC15M-26MAY160715,2026-05-16T11:15:00Z,active,0.74,0.75,0.25,0.26,0.745,0.77,32933.93,25804.49,1119.63,618.24,"[[""0.7000"",""669.42""],[""0.7100"",""170.40""],[""0.7200"",""351.38""],[""0.7300"",""617.36""],[""0.7400"",""383.53""],[""0.7500"",""158.33""],[""0.7600"",""226.31""],[""0.7700"",""1155.34""],[""0.7800"",""2120.60""],[""0.7900"",""1119.63""]]","[[""0.1100"",""497.00""],[""0.1200"",""722.00""],[""0.1300"",""994.00""],[""0.1400"",""292.00""],[""0.1500"",""848.06""],[""0.1600"",""1125.00""],[""0.1700"",""693.00""],[""0.1800"",""1712.21""],[""0.1900"",""1246.93""],[""0.2000"",""618.24""]]"
2026-05-16T11:02:09.952Z,KXBTC15M-26MAY160715-15,BTC price up in next 15 mins?,KXBTC15M-26MAY160715,2026-05-16T11:15:00Z,active,0.74,0.75,0.25,0.26,0.745,0.77,32933.93,25804.49,1136.05,129.0,"[[""0.7100"",""170.40""],[""0.7200"",""496.38""],[""0.7300"",""392.36""],[""0.7400"",""408.53""],[""0.7500"",""163.33""],[""0.7600"",""476.31""],[""0.7700"",""171.29""],[""0.7800"",""3252.94""],[""0.7900"",""160.00""],[""0.8000"",""1136.05""]]","[[""0.1000"",""1470.00""],[""0.1100"",""497.00""],[""0.1200"",""722.00""],[""0.1300"",""1069.00""],[""0.1400"",""1142.00""],[""0.1500"",""996.06""],[""0.1600"",""146.00""],[""0.1700"",""2142.21""],[""0.1800"",""1227.24""],[""0.1900"",""129.00""]]"
2026-05-16T11:02:11.954Z,KXBTC15M-26MAY160715-15,BTC price up in next 15 mins?,KXBTC15M-26MAY160715,2026-05-16T11:15:00Z,active,0.74,0.75,0.25,0.26,0.745,0.77,32933.93,25804.49,3154.78,100.0,"[[""0.7100"",""669.40""],[""0.7200"",""346.38""],[""0.7300"",""691.36""],[""0.7400"",""333.53""],[""0.7500"",""289.33""],[""0.7600"",""531.31""],[""0.7700"",""145.29""],[""0.7800"",""170.00""],[""0.7900"",""1525.34""],[""0.8000"",""3154.78""]]","[[""0.1000"",""971.00""],[""0.1100"",""796.00""],[""0.1200"",""872.00""],[""0.1300"",""2170.00""],[""0.1400"",""144.00""],[""0.1500"",""524.06""],[""0.1600"",""1636.21""],[""0.1700"",""1644.24""],[""0.1800"",""235.00""],[""0.1900"",""100.00""]]"
2026-05-16T11:02:13.948Z,KXBTC15M-26MAY160715-15,BTC price up in next 15 mins?,KXBTC15M-26MAY160715,2026-05-16T11:15:00Z,active,0.74,0.75,0.25,0.26,0.745,0.77,32933.93,25804.49,2904.55,90.0,"[[""0.7100"",""669.40""],[""0.7200"",""346.38""],[""0.7300"",""691.36""],[""0.7400"",""533.53""],[""0.7500"",""144.33""],[""0.7600"",""476.31""],[""0.7700"",""145.29""],[""0.7800"",""168.00""],[""0.7900"",""1613.34""],[""0.8000"",""2904.55""]]","[[""0.1000"",""971.00""],[""0.1100"",""796.00""],[""0.1200"",""722.00""],[""0.1300"",""1920.00""],[""0.1400"",""544.00""],[""0.1500"",""489.06""],[""0.1600"",""1649.21""],[""0.1700"",""1649.24""],[""0.1800"",""235.00""],[""0.1900"",""90.00""]]"
2026-05-16T11:02:15.945Z,KXBTC15M-26MAY160715-15,BTC price up in next 15 mins?,KXBTC15M-26MAY160715,2026-05-16T11:15:00Z,active,0.74,0.75,0.25,0.26,0.745,0.77,32933.93,25804.49,4430.98,64.79,"[[""0.7100"",""669.40""],[""0.7200"",""361.38""],[""0.7300"",""691.36""],[""0.7400"",""333.53""],[""0.7500"",""289.33""],[""0.7600"",""476.31""],[""0.7700"",""195.29""],[""0.7800"",""125.00""],[""0.7900"",""360.00""],[""0.8000"",""4430.98""]]","[[""0.1000"",""971.00""],[""0.1100"",""796.00""],[""0.1200"",""1872.00""],[""0.1300"",""1177.00""],[""0.1400"",""142.00""],[""0.1500"",""1966.27""],[""0.1600"",""1138.24""],[""0.1700"",""660.00""],[""0.1800"",""100.00""],[""0.1900"",""64.79""]]"
2026-05-16T11:02:17.956Z,KXBTC15M-26MAY160715-15,BTC price up in next 15 mins?,KXBTC15M-26MAY160715,2026-05-16T11:15:00Z,active,0.74,0.75,0.25,0.26,0.745,0.77,32933.93,25804.49,3481.51,500.0,"[[""0.7300"",""491.36""],[""0.7400"",""333.53""],[""0.7500"",""339.33""],[""0.7600"",""476.31""],[""0.7700"",""295.29""],[""0.7800"",""130.28""],[""0.7900"",""175.00""],[""0.8000"",""150.00""],[""0.8100"",""1615.34""],[""0.8200"",""3481.51""]]","[[""0.0960"",""125.00""],[""0.0980"",""125.00""],[""0.1000"",""2126.00""],[""0.1100"",""1196.00""],[""0.1200"",""724.00""],[""0.1300"",""2295.21""],[""0.1400"",""142.00""],[""0.1500"",""1440.30""],[""0.1600"",""29.00""],[""0.1700"",""500.00""]]"
2026-05-16T11:02:19.947Z,KXBTC15M-26MAY160715-15,BTC price up in next 15 mins?,KXBTC15M-26MAY160715,2026-05-16T11:15:00Z,active,0.74,0.75,0.25,0.26,0.745,0.77,32933.93,25804.49,1697.91,160.0,"[[""0.7300"",""491.36""],[""0.7400"",""333.53""],[""0.7500"",""339.33""],[""0.7600"",""551.31""],[""0.7700"",""145.29""],[""0.7800"",""280.28""],[""0.7900"",""176.26""],[""0.8000"",""1151.59""],[""0.8100"",""2072.60""],[""0.8200"",""1697.91""]]","[[""0.0960"",""125.00""],[""0.0980"",""125.00""],[""0.1000"",""976.00""],[""0.1100"",""1196.00""],[""0.1200"",""1724.00""],[""0.1300"",""685.00""],[""0.1400"",""185.00""],[""0.1500"",""1948.27""],[""0.1600"",""1221.24""],[""0.1700"",""160.00""]]"
2026-05-16T11:02:21.969Z,KXBTC15M-26MAY160715-15,BTC price up in next 15 mins?,KXBTC15M-26MAY160715,2026-05-16T11:15:00Z,active,0.83,0.84,0.16,0.17,0.835,0.84,38142.88,29433.90,1244.65,130.33,"[[""0.7400"",""333.53""],[""0.7500"",""339.33""],[""0.7600"",""626.31""],[""0.7700"",""145.29""],[""0.7800"",""180.28""],[""0.7900"",""166.26""],[""0.8000"",""153.25""],[""0.8100"",""1530.34""],[""0.8200"",""1670.60""],[""0.8300"",""1244.65""]]","[[""0.0940"",""125.00""],[""0.0960"",""125.00""],[""0.0980"",""125.00""],[""0.1000"",""2051.00""],[""0.1100"",""946.00""],[""0.1200"",""1124.00""],[""0.1300"",""685.00""],[""0.1400"",""1691.21""],[""0.1500"",""1466.30""],[""0.1600"",""130.33""]]"
2026-05-16T11:02:23.961Z,KXBTC15M-26MAY160715-15,BTC price up in next 15 mins?,KXBTC15M-26MAY160715,2026-05-16T11:15:00Z,active,0.83,0.84,0.16,0.17,0.835,0.84,38142.88,29433.90,1194.65,2686.78,"[[""0.7400"",""337.53""],[""0.7500"",""339.33""],[""0.7600"",""476.31""],[""0.7700"",""370.29""],[""0.7800"",""130.28""],[""0.7900"",""1666.86""],[""0.8000"",""1591.59""],[""0.8100"",""132.00""],[""0.8200"",""15.00""],[""0.8300"",""1194.65""]]","[[""0.0940"",""125.00""],[""0.0960"",""125.00""],[""0.0980"",""125.00""],[""0.1000"",""1126.00""],[""0.1100"",""796.00""],[""0.1200"",""1124.00""],[""0.1300"",""1685.00""],[""0.1400"",""161.00""],[""0.1500"",""507.06""],[""0.1600"",""2686.78""]]"
2026-05-16T11:02:25.962Z,KXBTC15M-26MAY160715-15,BTC price up in next 15 mins?,KXBTC15M-26MAY160715,2026-05-16T11:15:00Z,active,0.83,0.84,0.16,0.17,0.835,0.84,38142.88,29433.90,1004.54,2768.53,"[[""0.7200"",""421.38""],[""0.7300"",""199.36""],[""0.7400"",""352.53""],[""0.7500"",""344.33""],[""0.7600"",""2416.91""],[""0.7700"",""197.29""],[""0.7800"",""1130.62""],[""0.7900"",""125.00""],[""0.8000"",""140.00""],[""0.8100"",""1004.54""]]","[[""0.0980"",""125.00""],[""0.1000"",""1470.00""],[""0.1100"",""497.00""],[""0.1200"",""652.00""],[""0.1300"",""984.00""],[""0.1400"",""171.00""],[""0.1500"",""446.06""],[""0.1600"",""1677.00""],[""0.1700"",""875.00""],[""0.1800"",""2768.53""]]"
2026-05-16T11:02:27.961Z,KXBTC15M-26MAY160715-15,BTC price up in next 15 mins?,KXBTC15M-26MAY160715,2026-05-16T11:15:00Z,active,0.83,0.84,0.16,0.17,0.835,0.84,38142.88,29433.90,1133.62,3037.22,"[[""0.7200"",""421.38""],[""0.7300"",""199.36""],[""0.7400"",""152.53""],[""0.7500"",""344.33""],[""0.7600"",""678.31""],[""0.7700"",""2066.89""],[""0.7800"",""1130.62""],[""0.7900"",""150.00""],[""0.8000"",""10.00""],[""0.8100"",""1133.62""]]","[[""0.0980"",""125.00""],[""0.1000"",""1470.00""],[""0.1100"",""497.00""],[""0.1200"",""652.00""],[""0.1300"",""984.00""],[""0.1400"",""171.00""],[""0.1500"",""446.06""],[""0.1600"",""1677.00""],[""0.1700"",""130.00""],[""0.1800"",""3037.22""]]"
2026-05-16T11:02:29.945Z,KXBTC15M-26MAY160715-15,BTC price up in next 15 mins?,KXBTC15M-26MAY160715,2026-05-16T11:15:00Z,active,0.83,0.84,0.16,0.17,0.835,0.84,38142.88,29433.90,1085.0,1729.78,"[[""0.7000"",""819.42""],[""0.7100"",""170.40""],[""0.7200"",""346.38""],[""0.7300"",""199.36""],[""0.7400"",""282.53""],[""0.7500"",""2286.93""],[""0.7600"",""719.31""],[""0.7700"",""1125.34""],[""0.7800"",""31.00""],[""0.7900"",""1085.00""]]","[[""0.1100"",""497.00""],[""0.1200"",""652.00""],[""0.1300"",""984.00""],[""0.1400"",""171.00""],[""0.1500"",""446.06""],[""0.1600"",""125.00""],[""0.1700"",""2030.00""],[""0.1800"",""1582.95""],[""0.1900"",""237.00""],[""0.2000"",""1729.78""]]"
2026-05-16T11:02:31.960Z,KXBTC15M-26MAY160715-15,BTC price up in next 15 mins?,KXBTC15M-26MAY160715,2026-05-16T11:15:00Z,active,0.83,0.84,0.16,0.17,0.835,0.84,38142.88,29433.90,1590.56,1470.05,"[[""0.7000"",""669.42""],[""0.7100"",""320.40""],[""0.7200"",""346.38""],[""0.7300"",""199.36""],[""0.7400"",""152.53""],[""0.7500"",""346.33""],[""0.7600"",""2616.91""],[""0.7700"",""168.00""],[""0.7800"",""1129.00""],[""0.7900"",""1590.56""]]","[[""0.1100"",""497.00""],[""0.1200"",""652.00""],[""0.1300"",""984.00""],[""0.1400"",""171.00""],[""0.1500"",""446.06""],[""0.1600"",""1275.00""],[""0.1700"",""532.00""],[""0.1800"",""1186.00""],[""0.1900"",""238.00""],[""0.2000"",""1470.05""]]"
2026-05-16T11:02:33.958Z,KXBTC15M-26MAY160715-15,BTC price up in next 15 mins?,KXBTC15M-26MAY160715,2026-05-16T11:15:00Z,active,0.83,0.84,0.16,0.17,0.835,0.84,38142.88,29433.90,1010.0,1707.48,"[[""0.7000"",""819.42""],[""0.7100"",""170.40""],[""0.7200"",""351.38""],[""0.7300"",""274.36""],[""0.7400"",""152.53""],[""0.7500"",""784.33""],[""0.7600"",""2216.91""],[""0.7700"",""1642.56""],[""0.7800"",""129.00""],[""0.7900"",""1010.00""]]","[[""0.1100"",""497.00""],[""0.1200"",""652.00""],[""0.1300"",""984.00""],[""0.1400"",""171.00""],[""0.1500"",""446.06""],[""0.1600"",""125.00""],[""0.1700"",""1275.00""],[""0.1800"",""631.00""],[""0.1900"",""1135.00""],[""0.2000"",""1707.48""]]"
2026-05-16T11:02:35.955Z,KXBTC15M-26MAY160715-15,BTC price up in next 15 mins?,KXBTC15M-26MAY160715,2026-05-16T11:15:00Z,active,0.83,0.84,0.16,0.17,0.835,0.84,38142.88,29433.90,1269.0,1472.29,"[[""0.6900"",""175.44""],[""0.7000"",""669.42""],[""0.7100"",""320.40""],[""0.7200"",""351.38""],[""0.7300"",""274.36""],[""0.7400"",""152.53""],[""0.7500"",""784.33""],[""0.7600"",""2216.91""],[""0.7700"",""1642.56""],[""0.7800"",""1269.00""]]","[[""0.1100"",""497.00""],[""0.1200"",""652.00""],[""0.1300"",""984.00""],[""0.1400"",""171.00""],[""0.1500"",""446.06""],[""0.1600"",""1275.00""],[""0.1700"",""125.00""],[""0.1800"",""631.00""],[""0.1900"",""1125.00""],[""0.2000"",""1472.29""]]"
2026-05-16T11:02:37.954Z,KXBTC15M-26MAY160715-15,BTC price up in next 15 mins?,KXBTC15M-26MAY160715,2026-05-16T11:15:00Z,active,0.83,0.84,0.16,0.17,0.835,0.84,38142.88,29433.90,1339.52,124.0,"[[""0.6900"",""175.44""],[""0.7000"",""669.42""],[""0.7100"",""320.40""],[""0.7200"",""351.38""],[""0.7300"",""199.36""],[""0.7400"",""152.53""],[""0.7500"",""771.33""],[""0.7600"",""2215.60""],[""0.7700"",""1133.00""],[""0.7800"",""1339.52""]]","[[""0.1200"",""652.00""],[""0.1300"",""984.00""],[""0.1400"",""171.00""],[""0.1500"",""446.06""],[""0.1600"",""1275.00""],[""0.1700"",""125.00""],[""0.1800"",""631.00""],[""0.1900"",""1125.00""],[""0.2000"",""1470.69""],[""0.2100"",""124.00""]]"
2026-05-16T11:02:39.963Z,KXBTC15M-26MAY160715-15,BTC price up in next 15 mins?,KXBTC15M-26MAY160715,2026-05-16T11:15:00Z,active,0.83,0.84,0.16,0.17,0.835,0.84,38142.88,29433.90,1205.0,139.0,"[[""0.6900"",""179.44""],[""0.7000"",""819.42""],[""0.7100"",""170.40""],[""0.7200"",""351.38""],[""0.7300"",""199.36""],[""0.7400"",""152.53""],[""0.7500"",""871.33""],[""0.7600"",""2215.60""],[""0.7700"",""1650.56""],[""0.7800"",""1205.00""]]","[[""0.1200"",""652.00""],[""0.1300"",""1013.00""],[""0.1400"",""200.00""],[""0.1500"",""502.06""],[""0.1600"",""125.00""],[""0.1700"",""1275.00""],[""0.1800"",""631.00""],[""0.1900"",""1125.00""],[""0.2000"",""1580.69""],[""0.2100"",""139.00""]]"
2026-05-16T11:02:41.944Z,KXBTC15M-26MAY160715-15,BTC price up in next 15 mins?,KXBTC15M-26MAY160715,2026-05-16T11:15:00Z,active,0.83,0.84,0.16,0.17,0.835,0.84,38142.88,29433.90,1279.66,103.53,"[[""0.6900"",""179.44""],[""0.7000"",""669.42""],[""0.7100"",""320.40""],[""0.7200"",""351.38""],[""0.7300"",""199.36""],[""0.7400"",""152.53""],[""0.7500"",""871.33""],[""0.7600"",""2215.60""],[""0.7700"",""1650.56""],[""0.7800"",""1279.66""]]","[[""0.1200"",""652.00""],[""0.1300"",""1013.00""],[""0.1400"",""200.00""],[""0.1500"",""502.06""],[""0.1600"",""1275.00""],[""0.1700"",""125.00""],[""0.1800"",""631.00""],[""0.1900"",""2612.69""],[""0.2000"",""244.00""],[""0.2100"",""103.53""]]"
2026-05-16T11:02:43.948Z,KXBTC15M-26MAY160715-15,BTC price up in next 15 mins?,KXBTC15M-26MAY160715,2026-05-16T11:15:00Z,active,0.83,0.84,0.16,0.17,0.835,0.84,38142.88,29433.90,1215.0,125.0,"[[""0.7000"",""420.42""],[""0.7100"",""669.40""],[""0.7200"",""496.38""],[""0.7300"",""498.36""],[""0.7400"",""133.53""],[""0.7500"",""431.33""],[""0.7600"",""2618.91""],[""0.7700"",""1144.00""],[""0.7800"",""608.03""],[""0.7900"",""1215.00""]]","[[""0.1100"",""917.00""],[""0.1200"",""652.00""],[""0.1300"",""714.00""],[""0.1400"",""256.00""],[""0.1500"",""652.06""],[""0.1600"",""1544.00""],[""0.1700"",""132.00""],[""0.1800"",""229.00""],[""0.1900"",""2645.69""],[""0.2000"",""125.00""]]"
2026-05-16T11:02:45.956Z,KXBTC15M-26MAY160715-15,BTC price up in next 15 mins?,KXBTC15M-26MAY160715,2026-05-16T11:15:00Z,active,0.83,0.84,0.16,0.17,0.835,0.84,38142.88,29433.90,1107.28,223.0,"[[""0.7000"",""420.42""],[""0.7100"",""669.40""],[""0.7200"",""496.38""],[""0.7300"",""573.36""],[""0.7400"",""133.53""],[""0.7500"",""474.33""],[""0.7600"",""2618.91""],[""0.7700"",""1170.00""],[""0.7800"",""160.00""],[""0.7900"",""1107.28""]]","[[""0.1100"",""917.00""],[""0.1200"",""652.00""],[""0.1300"",""714.00""],[""0.1400"",""181.00""],[""0.1500"",""652.06""],[""0.1600"",""1546.00""],[""0.1700"",""130.00""],[""0.1800"",""229.00""],[""0.1900"",""2612.69""],[""0.2000"",""223.00""]]"
2026-05-16T11:02:47.951Z,KXBTC15M-26MAY160715-15,BTC price up in next 15 mins?,KXBTC15M-26MAY160715,2026-05-16T11:15:00Z,active,0.83,0.84,0.16,0.17,0.835,0.84,38142.88,29433.90,1331.0,3709.86,"[[""0.6800"",""202.47""],[""0.6900"",""179.44""],[""0.7000"",""370.42""],[""0.7100"",""320.40""],[""0.7200"",""351.38""],[""0.7300"",""657.36""],[""0.7400"",""1674.13""],[""0.7500"",""1228.33""],[""0.7600"",""712.31""],[""0.7800"",""1331.00""]]","[[""0.1100"",""568.00""],[""0.1200"",""652.00""],[""0.1300"",""764.00""],[""0.1400"",""181.00""],[""0.1500"",""502.06""],[""0.1600"",""275.00""],[""0.1700"",""130.00""],[""0.1800"",""1188.00""],[""0.1900"",""525.00""],[""0.2000"",""3709.86""]]"
2026-05-16T11:02:49.956Z,KXBTC15M-26MAY160715-15,BTC price up in next 15 mins?,KXBTC15M-26MAY160715,2026-05-16T11:15:00Z,active,0.83,0.84,0.16,0.17,0.835,0.84,38142.88,29433.90,1321.0,2000.54,"[[""0.6900"",""329.44""],[""0.7000"",""370.42""],[""0.7100"",""189.40""],[""0.7200"",""426.38""],[""0.7300"",""584.36""],[""0.7400"",""176.53""],[""0.7500"",""1795.93""],[""0.7600"",""1685.00""],[""0.7700"",""125.00""],[""0.7800"",""1321.00""]]","[[""0.1200"",""1151.00""],[""0.1300"",""764.00""],[""0.1400"",""480.00""],[""0.1500"",""502.06""],[""0.1600"",""125.00""],[""0.1700"",""134.00""],[""0.1800"",""1336.00""],[""0.1900"",""546.00""],[""0.2000"",""1115.00""],[""0.2100"",""2000.54""]]"
2026-05-16T11:02:51.956Z,KXBTC15M-26MAY160715-15,BTC price up in next 15 mins?,KXBTC15M-26MAY160715,2026-05-16T11:15:00Z,active,0.78,0.79,0.21,0.22,0.785,0.79,42455.91,31340.74,1321.0,2591.43,"[[""0.6900"",""329.44""],[""0.7000"",""370.42""],[""0.7100"",""189.40""],[""0.7200"",""426.38""],[""0.7300"",""184.36""],[""0.7400"",""576.53""],[""0.7500"",""1769.93""],[""0.7600"",""1675.00""],[""0.7700"",""161.00""],[""0.7800"",""1321.00""]]","[[""0.1200"",""1151.00""],[""0.1300"",""764.00""],[""0.1400"",""480.00""],[""0.1500"",""502.06""],[""0.1600"",""125.00""],[""0.1700"",""134.00""],[""0.1800"",""336.00""],[""0.1900"",""1587.00""],[""0.2000"",""1867.00""],[""0.2100"",""2591.43""]]"
2026-05-16T11:02:53.953Z,KXBTC15M-26MAY160715-15,BTC price up in next 15 mins?,KXBTC15M-26MAY160715,2026-05-16T11:15:00Z,active,0.78,0.79,0.21,0.22,0.785,0.79,42455.91,31340.74,1235.2,1103.5,"[[""0.6900"",""329.44""],[""0.7000"",""370.42""],[""0.7100"",""189.40""],[""0.7200"",""351.38""],[""0.7300"",""584.36""],[""0.7400"",""176.53""],[""0.7500"",""1769.93""],[""0.7600"",""1675.00""],[""0.7700"",""161.00""],[""0.7800"",""1235.20""]]","[[""0.1200"",""1151.00""],[""0.1300"",""764.00""],[""0.1400"",""480.00""],[""0.1500"",""502.06""],[""0.1600"",""125.00""],[""0.1700"",""1134.00""],[""0.1800"",""336.00""],[""0.1900"",""587.00""],[""0.2000"",""2603.93""],[""0.2100"",""1103.50""]]"
2026-05-16T11:02:55.957Z,KXBTC15M-26MAY160715-15,BTC price up in next 15 mins?,KXBTC15M-26MAY160715,2026-05-16T11:15:00Z,active,0.78,0.79,0.21,0.22,0.785,0.79,42455.91,31340.74,1374.0,90.0,"[[""0.6800"",""202.47""],[""0.6900"",""179.44""],[""0.7000"",""520.42""],[""0.7100"",""189.40""],[""0.7200"",""351.38""],[""0.7300"",""182.36""],[""0.7400"",""535.53""],[""0.7500"",""271.00""],[""0.7600"",""3603.63""],[""0.7700"",""1374.00""]]","[[""0.1300"",""764.00""],[""0.1400"",""480.00""],[""0.1500"",""577.06""],[""0.1600"",""125.00""],[""0.1700"",""1284.00""],[""0.1800"",""586.00""],[""0.1900"",""1189.00""],[""0.2000"",""1638.93""],[""0.2100"",""125.00""],[""0.2200"",""90.00""]]"
2026-05-16T11:02:57.959Z,KXBTC15M-26MAY160715-15,BTC price up in next 15 mins?,KXBTC15M-26MAY160715,2026-05-16T11:15:00Z,active,0.78,0.79,0.21,0.22,0.785,0.79,42455.91,31340.74,1085.0,240.0,"[[""0.6800"",""202.47""],[""0.6900"",""179.44""],[""0.7000"",""520.42""],[""0.7100"",""189.40""],[""0.7200"",""351.38""],[""0.7300"",""584.36""],[""0.7400"",""133.53""],[""0.7500"",""2811.60""],[""0.7600"",""1105.03""],[""0.7700"",""1085.00""]]","[[""0.1300"",""764.00""],[""0.1400"",""480.00""],[""0.1500"",""577.06""],[""0.1600"",""125.00""],[""0.1700"",""275.00""],[""0.1800"",""186.00""],[""0.1900"",""1144.00""],[""0.2000"",""560.00""],[""0.2100"",""2648.93""],[""0.2200"",""240.00""]]"
2026-05-16T11:02:59.954Z,KXBTC15M-26MAY160715-15,BTC price up in next 15 mins?,KXBTC15M-26MAY160715,2026-05-16T11:15:00Z,active,0.78,0.79,0.21,0.22,0.785,0.79,42455.91,31340.74,1568.0,111.93,"[[""0.6700"",""426.49""],[""0.6800"",""202.47""],[""0.6900"",""179.44""],[""0.7000"",""520.42""],[""0.7100"",""189.40""],[""0.7200"",""351.38""],[""0.7300"",""627.36""],[""0.7400"",""1672.78""],[""0.7500"",""1256.00""],[""0.7600"",""1568.00""]]","[[""0.1400"",""480.00""],[""0.1500"",""502.06""],[""0.1600"",""125.00""],[""0.1700"",""350.00""],[""0.1800"",""1186.00""],[""0.1900"",""146.00""],[""0.2000"",""3001.93""],[""0.2100"",""168.00""],[""0.2200"",""102.00""],[""0.2300"",""111.93""]]"
2026-05-16T11:03:01.988Z,KXBTC15M-26MAY160715-15,BTC price up in next 15 mins?,KXBTC15M-26MAY160715,2026-05-16T11:15:00Z,active,0.78,0.79,0.21,0.22,0.785,0.79,42455.91,31340.74,75.0,375.78,"[[""0.6800"",""202.47""],[""0.6900"",""329.44""],[""0.7000"",""370.42""],[""0.7100"",""189.40""],[""0.7200"",""346.38""],[""0.7300"",""584.36""],[""0.7400"",""176.53""],[""0.7500"",""2809.60""],[""0.7600"",""1476.54""],[""0.7700"",""75.00""]]","[[""0.1300"",""729.00""],[""0.1400"",""444.00""],[""0.1500"",""445.06""],[""0.1600"",""200.00""],[""0.1700"",""130.00""],[""0.1800"",""1336.00""],[""0.1900"",""144.00""],[""0.2000"",""2998.93""],[""0.2100"",""918.00""],[""0.2200"",""375.78""]]"
2026-05-16T11:03:03.960Z,KXBTC15M-26MAY160715-15,BTC price up in next 15 mins?,KXBTC15M-26MAY160715,2026-05-16T11:15:00Z,active,0.78,0.79,0.21,0.22,0.785,0.79,42455.91,31340.74,1075.0,155.75,"[[""0.6800"",""202.47""],[""0.6900"",""329.44""],[""0.7000"",""370.42""],[""0.7100"",""189.40""],[""0.7200"",""346.38""],[""0.7300"",""584.36""],[""0.7400"",""176.53""],[""0.7500"",""2773.60""],[""0.7600"",""498.54""],[""0.7700"",""1075.00""]]","[[""0.1300"",""729.00""],[""0.1400"",""444.00""],[""0.1500"",""445.06""],[""0.1600"",""200.00""],[""0.1700"",""130.00""],[""0.1800"",""336.00""],[""0.1900"",""1144.00""],[""0.2000"",""2998.93""],[""0.2100"",""168.00""],[""0.2200"",""155.75""]]"
2026-05-16T11:03:05.965Z,KXBTC15M-26MAY160715-15,BTC price up in next 15 mins?,KXBTC15M-26MAY160715,2026-05-16T11:15:00Z,active,0.78,0.79,0.21,0.22,0.785,0.79,42455.91,31340.74,793.96,245.93,"[[""0.6800"",""202.47""],[""0.6900"",""179.44""],[""0.7000"",""520.42""],[""0.7100"",""189.40""],[""0.7200"",""346.38""],[""0.7300"",""584.36""],[""0.7400"",""176.53""],[""0.7500"",""2773.60""],[""0.7600"",""1036.57""],[""0.7700"",""793.96""]]","[[""0.1300"",""729.00""],[""0.1400"",""444.00""],[""0.1500"",""445.06""],[""0.1600"",""200.00""],[""0.1700"",""280.00""],[""0.1800"",""1186.00""],[""0.1900"",""544.00""],[""0.2000"",""2598.93""],[""0.2100"",""194.00""],[""0.2200"",""245.93""]]"
2026-05-16T11:03:07.957Z,KXBTC15M-26MAY160715-15,BTC price up in next 15 mins?,KXBTC15M-26MAY160715,2026-05-16T11:15:00Z,active,0.78,0.79,0.21,0.22,0.785,0.79,42455.91,31340.74,1103.0,143.0,"[[""0.6900"",""179.44""],[""0.7000"",""420.42""],[""0.7100"",""469.40""],[""0.7200"",""496.38""],[""0.7300"",""182.36""],[""0.7400"",""178.53""],[""0.7500"",""3174.93""],[""0.7600"",""485.54""],[""0.7700"",""515.03""],[""0.7800"",""1103.00""]]","[[""0.1200"",""945.00""],[""0.1300"",""729.00""],[""0.1400"",""145.00""],[""0.1500"",""670.06""],[""0.1600"",""144.00""],[""0.1700"",""130.00""],[""0.1800"",""1586.00""],[""0.1900"",""170.00""],[""0.2000"",""2631.93""],[""0.2100"",""143.00""]]"
2026-05-16T11:03:09.959Z,KXBTC15M-26MAY160715-15,BTC price up in next 15 mins?,KXBTC15M-26MAY160715,2026-05-16T11:15:00Z,active,0.78,0.79,0.21,0.22,0.785,0.79,42455.91,31340.74,1058.9,142.0,"[[""0.6900"",""179.44""],[""0.7000"",""420.42""],[""0.7100"",""469.40""],[""0.7200"",""496.38""],[""0.7300"",""182.36""],[""0.7400"",""135.53""],[""0.7500"",""2174.93""],[""0.7600"",""1278.54""],[""0.7700"",""515.03""],[""0.7800"",""1058.90""]]","[[""0.1200"",""945.00""],[""0.1300"",""729.00""],[""0.1400"",""145.00""],[""0.1500"",""670.06""],[""0.1600"",""144.00""],[""0.1700"",""1130.00""],[""0.1800"",""588.00""],[""0.1900"",""168.00""],[""0.2000"",""2631.93""],[""0.2100"",""142.00""]]"
2026-05-16T11:03:11.962Z,KXBTC15M-26MAY160715-15,BTC price up in next 15 mins?,KXBTC15M-26MAY160715,2026-05-16T11:15:00Z,active,0.78,0.79,0.21,0.22,0.785,0.79,42455.91,31340.74,956.6,258.14,"[[""0.7100"",""469.40""],[""0.7200"",""396.38""],[""0.7300"",""332.36""],[""0.7400"",""208.53""],[""0.7500"",""234.33""],[""0.7600"",""681.85""],[""0.7700"",""1666.89""],[""0.7800"",""1128.00""],[""0.7900"",""430.03""],[""0.8000"",""956.60""]]","[[""0.1000"",""1460.00""],[""0.1100"",""541.00""],[""0.1200"",""945.00""],[""0.1300"",""679.00""],[""0.1400"",""295.00""],[""0.1500"",""445.06""],[""0.1600"",""1144.00""],[""0.1700"",""575.00""],[""0.1800"",""2664.93""],[""0.1900"",""258.14""]]"
2026-05-16T11:03:13.958Z,KXBTC15M-26MAY160715-15,BTC price up in next 15 mins?,KXBTC15M-26MAY160715,2026-05-16T11:15:00Z,active,0.78,0.79,0.21,0.22,0.785,0.79,42455.91,31340.74,1377.0,146.67,"[[""0.7000"",""370.42""],[""0.7100"",""469.40""],[""0.7200"",""396.38""],[""0.7300"",""332.36""],[""0.7400"",""133.53""],[""0.7500"",""234.33""],[""0.7600"",""681.85""],[""0.7700"",""1666.89""],[""0.7800"",""1368.03""],[""0.7900"",""1377.00""]]","[[""0.1000"",""1410.00""],[""0.1100"",""541.00""],[""0.1200"",""945.00""],[""0.1300"",""754.00""],[""0.1400"",""295.00""],[""0.1500"",""445.06""],[""0.1600"",""1544.00""],[""0.1700"",""175.00""],[""0.1800"",""2664.93""],[""0.1900"",""146.67""]]"
2026-05-16T11:03:15.964Z,KXBTC15M-26MAY160715-15,BTC price up in next 15 mins?,KXBTC15M-26MAY160715,2026-05-16T11:15:00Z,active,0.78,0.79,0.21,0.22,0.785,0.79,42455.91,31340.74,1302.0,308.67,"[[""0.7000"",""370.42""],[""0.7100"",""469.40""],[""0.7200"",""396.38""],[""0.7300"",""407.36""],[""0.7400"",""133.53""],[""0.7500"",""234.33""],[""0.7600"",""681.85""],[""0.7700"",""1666.89""],[""0.7800"",""1368.03""],[""0.7900"",""1302.00""]]","[[""0.1000"",""1410.00""],[""0.1100"",""541.00""],[""0.1200"",""945.00""],[""0.1300"",""679.00""],[""0.1400"",""295.00""],[""0.1500"",""445.06""],[""0.1600"",""1544.00""],[""0.1700"",""175.00""],[""0.1800"",""2664.93""],[""0.1900"",""308.67""]]"
2026-05-16T11:03:17.953Z,KXBTC15M-26MAY160715-15,BTC price up in next 15 mins?,KXBTC15M-26MAY160715,2026-05-16T11:15:00Z,active,0.78,0.79,0.21,0.22,0.785,0.79,42455.91,31340.74,1207.0,213.0,"[[""0.7300"",""681.36""],[""0.7400"",""283.53""],[""0.7500"",""533.33""],[""0.7600"",""217.85""],[""0.7700"",""128.29""],[""0.7800"",""588.00""],[""0.7900"",""1665.60""],[""0.8000"",""1152.00""],[""0.8100"",""169.00""],[""0.8200"",""1207.00""]]","[[""0.0960"",""125.00""],[""0.0980"",""125.00""],[""0.1000"",""1210.00""],[""0.1100"",""477.00""],[""0.1200"",""646.00""],[""0.1300"",""904.00""],[""0.1400"",""1535.00""],[""0.1500"",""509.06""],[""0.1600"",""3433.90""],[""0.1700"",""213.00""]]"
2026-05-16T11:03:19.961Z,KXBTC15M-26MAY160715-15,BTC price up in next 15 mins?,KXBTC15M-26MAY160715,2026-05-16T11:15:00Z,active,0.78,0.79,0.21,0.22,0.785,0.79,42455.91,31340.74,1005.0,369.98,"[[""0.7300"",""681.36""],[""0.7400"",""133.53""],[""0.7500"",""533.33""],[""0.7600"",""446.85""],[""0.7700"",""126.29""],[""0.7800"",""591.28""],[""0.7900"",""1666.86""],[""0.8000"",""1152.00""],[""0.8100"",""299.00""],[""0.8200"",""1005.00""]]","[[""0.0960"",""125.00""],[""0.0980"",""125.00""],[""0.1000"",""1210.00""],[""0.1100"",""627.00""],[""0.1200"",""646.00""],[""0.1300"",""679.00""],[""0.1400"",""1535.00""],[""0.1500"",""509.06""],[""0.1600"",""3433.90""],[""0.1700"",""369.98""]]"
2026-05-16T11:03:21.960Z,KXBTC15M-26MAY160715-15,BTC price up in next 15 mins?,KXBTC15M-26MAY160715,2026-05-16T11:15:00Z,active,0.82,0.83,0.17,0.18,0.825,0.82,44914.05,32287.64,1115.93,30.0,"[[""0.7300"",""681.36""],[""0.7400"",""183.53""],[""0.7500"",""528.33""],[""0.7600"",""446.85""],[""0.7700"",""126.29""],[""0.7800"",""148.28""],[""0.7900"",""2071.86""],[""0.8000"",""1152.00""],[""0.8100"",""178.00""],[""0.8200"",""1115.93""]]","[[""0.0960"",""125.00""],[""0.0980"",""125.00""],[""0.1000"",""1210.00""],[""0.1100"",""527.00""],[""0.1200"",""646.00""],[""0.1300"",""679.00""],[""0.1400"",""1537.00""],[""0.1500"",""507.06""],[""0.1600"",""3432.60""],[""0.1700"",""30.00""]]"
2026-05-16T11:03:23.956Z,KXBTC15M-26MAY160715-15,BTC price up in next 15 mins?,KXBTC15M-26MAY160715,2026-05-16T11:15:00Z,active,0.82,0.83,0.17,0.18,0.825,0.82,44914.05,32287.64,1250.93,75.0,"[[""0.7300"",""681.36""],[""0.7400"",""183.53""],[""0.7500"",""528.33""],[""0.7600"",""446.85""],[""0.7700"",""126.29""],[""0.7800"",""148.28""],[""0.7900"",""2071.86""],[""0.8000"",""1152.00""],[""0.8100"",""355.00""],[""0.8200"",""1250.93""]]","[[""0.0960"",""125.00""],[""0.0980"",""125.00""],[""0.1000"",""1210.00""],[""0.1100"",""527.00""],[""0.1200"",""646.00""],[""0.1300"",""684.00""],[""0.1400"",""1537.00""],[""0.1500"",""507.06""],[""0.1600"",""2628.41""],[""0.1700"",""75.00""]]"
2026-05-16T11:03:25.961Z,KXBTC15M-26MAY160715-15,BTC price up in next 15 mins?,KXBTC15M-26MAY160715,2026-05-16T11:15:00Z,active,0.82,0.83,0.17,0.18,0.825,0.82,44914.05,32287.64,1148.45,762.05,"[[""0.7300"",""681.36""],[""0.7400"",""183.53""],[""0.7500"",""528.33""],[""0.7600"",""446.85""],[""0.7700"",""126.29""],[""0.7800"",""148.28""],[""0.7900"",""2071.86""],[""0.8000"",""152.00""],[""0.8100"",""168.00""],[""0.8200"",""1148.45""]]","[[""0.0960"",""125.00""],[""0.0980"",""125.00""],[""0.1000"",""1210.00""],[""0.1100"",""527.00""],[""0.1200"",""646.00""],[""0.1300"",""684.00""],[""0.1400"",""1537.00""],[""0.1500"",""507.06""],[""0.1600"",""2368.40""],[""0.1700"",""762.05""]]"
2026-05-16T11:03:27.956Z,KXBTC15M-26MAY160715-15,BTC price up in next 15 mins?,KXBTC15M-26MAY160715,2026-05-16T11:15:00Z,active,0.82,0.83,0.17,0.18,0.825,0.82,44914.05,32287.64,950.26,257.93,"[[""0.7300"",""681.36""],[""0.7400"",""183.53""],[""0.7500"",""528.33""],[""0.7600"",""221.85""],[""0.7700"",""276.29""],[""0.7800"",""146.28""],[""0.7900"",""2073.86""],[""0.8000"",""1152.00""],[""0.8100"",""355.00""],[""0.8200"",""950.26""]]","[[""0.0960"",""125.00""],[""0.0980"",""125.00""],[""0.1000"",""1360.00""],[""0.1100"",""452.00""],[""0.1200"",""646.00""],[""0.1300"",""684.00""],[""0.1400"",""1537.00""],[""0.1500"",""1507.06""],[""0.1600"",""1546.43""],[""0.1700"",""257.93""]]"
2026-05-16T11:03:29.967Z,KXBTC15M-26MAY160715-15,BTC price up in next 15 mins?,KXBTC15M-26MAY160715,2026-05-16T11:15:00Z,active,0.82,0.83,0.17,0.18,0.825,0.82,44914.05,32287.64,875.26,332.93,"[[""0.7300"",""681.36""],[""0.7400"",""183.53""],[""0.7500"",""528.33""],[""0.7600"",""296.85""],[""0.7700"",""276.29""],[""0.7800"",""146.28""],[""0.7900"",""2073.86""],[""0.8000"",""1152.00""],[""0.8100"",""168.00""],[""0.8200"",""875.26""]]","[[""0.0960"",""125.00""],[""0.0980"",""125.00""],[""0.1000"",""1360.00""],[""0.1100"",""377.00""],[""0.1200"",""646.00""],[""0.1300"",""684.00""],[""0.1400"",""1537.00""],[""0.1500"",""1507.06""],[""0.1600"",""2368.40""],[""0.1700"",""332.93""]]"
2026-05-16T11:03:31.957Z,KXBTC15M-26MAY160715-15,BTC price up in next 15 mins?,KXBTC15M-26MAY160715,2026-05-16T11:15:00Z,active,0.82,0.83,0.17,0.18,0.825,0.82,44914.05,32287.64,1228.67,125.0,"[[""0.7200"",""845.38""],[""0.7300"",""182.36""],[""0.7400"",""432.53""],[""0.7500"",""379.33""],[""0.7600"",""217.85""],[""0.7700"",""528.29""],[""0.7800"",""170.28""],[""0.7900"",""2626.60""],[""0.8000"",""943.18""],[""0.8100"",""1228.67""]]","[[""0.0980"",""125.00""],[""0.1000"",""911.00""],[""0.1100"",""686.00""],[""0.1200"",""871.00""],[""0.1300"",""684.00""],[""0.1400"",""154.00""],[""0.1500"",""4387.06""],[""0.1600"",""80.50""],[""0.1700"",""178.00""],[""0.1800"",""125.00""]]"
2026-05-16T11:03:33.954Z,KXBTC15M-26MAY160715-15,BTC price up in next 15 mins?,KXBTC15M-26MAY160715,2026-05-16T11:15:00Z,active,0.82,0.83,0.17,0.18,0.825,0.82,44914.05,32287.64,1240.67,75.52,"[[""0.7200"",""845.38""],[""0.7300"",""232.36""],[""0.7400"",""432.53""],[""0.7500"",""379.33""],[""0.7600"",""217.85""],[""0.7700"",""126.29""],[""0.7800"",""572.28""],[""0.7900"",""1689.60""],[""0.8000"",""2130.18""],[""0.8100"",""1240.67""]]","[[""0.0980"",""125.00""],[""0.1000"",""911.00""],[""0.1100"",""686.00""],[""0.1200"",""871.00""],[""0.1300"",""684.00""],[""0.1400"",""154.00""],[""0.1500"",""4387.06""],[""0.1600"",""70.50""],[""0.1700"",""188.00""],[""0.1800"",""75.52""]]"
2026-05-16T11:03:35.970Z,KXBTC15M-26MAY160715-15,BTC price up in next 15 mins?,KXBTC15M-26MAY160715,2026-05-16T11:15:00Z,active,0.82,0.83,0.17,0.18,0.825,0.82,44914.05,32287.64,1166.8,176.0,"[[""0.7300"",""332.36""],[""0.7400"",""133.53""],[""0.7500"",""248.33""],[""0.7600"",""292.85""],[""0.7700"",""528.29""],[""0.7800"",""131.28""],[""0.7900"",""173.00""],[""0.8000"",""1862.00""],[""0.8100"",""2675.78""],[""0.8200"",""1166.80""]]","[[""0.0960"",""125.00""],[""0.0980"",""125.00""],[""0.1000"",""911.00""],[""0.1100"",""437.00""],[""0.1200"",""1020.00""],[""0.1300"",""684.00""],[""0.1400"",""2825.00""],[""0.1500"",""1847.06""],[""0.1600"",""99.50""],[""0.1700"",""176.00""]]"
2026-05-16T11:03:37.962Z,KXBTC15M-26MAY160715-15,BTC price up in next 15 mins?,KXBTC15M-26MAY160715,2026-05-16T11:15:00Z,active,0.82,0.83,0.17,0.18,0.825,0.82,44914.05,32287.64,1241.8,176.0,"[[""0.7300"",""232.36""],[""0.7400"",""632.53""],[""0.7500"",""379.33""],[""0.7600"",""516.85""],[""0.7700"",""126.29""],[""0.7800"",""552.28""],[""0.7900"",""131.26""],[""0.8000"",""193.00""],[""0.8100"",""4376.78""],[""0.8200"",""1241.80""]]","[[""0.0970"",""50.00""],[""0.0980"",""125.00""],[""0.1000"",""1210.00""],[""0.1100"",""462.00""],[""0.1200"",""796.00""],[""0.1300"",""684.00""],[""0.1400"",""2675.00""],[""0.1500"",""1866.06""],[""0.1600"",""80.50""],[""0.1700"",""176.00""]]"
2026-05-16T11:03:39.970Z,KXBTC15M-26MAY160715-15,BTC price up in next 15 mins?,KXBTC15M-26MAY160715,2026-05-16T11:15:00Z,active,0.82,0.83,0.17,0.18,0.825,0.82,44914.05,32287.64,3.0,2026.91,"[[""0.7400"",""682.53""],[""0.7500"",""379.33""],[""0.7600"",""516.85""],[""0.7700"",""203.29""],[""0.7800"",""550.28""],[""0.7900"",""1671.86""],[""0.8000"",""1151.43""],[""0.8100"",""28.00""],[""0.8200"",""1135.00""],[""0.8300"",""3.00""]]","[[""0.0960"",""125.00""],[""0.0970"",""50.00""],[""0.0980"",""125.00""],[""0.1000"",""1210.00""],[""0.1100"",""387.00""],[""0.1200"",""796.00""],[""0.1300"",""684.00""],[""0.1400"",""135.00""],[""0.1500"",""2838.90""],[""0.1600"",""2026.91""]]"
2026-05-16T11:03:41.955Z,KXBTC15M-26MAY160715-15,BTC price up in next 15 mins?,KXBTC15M-26MAY160715,2026-05-16T11:15:00Z,active,0.82,0.83,0.17,0.18,0.825,0.82,44914.05,32287.64,2.0,529.91,"[[""0.7400"",""632.53""],[""0.7500"",""379.33""],[""0.7600"",""516.85""],[""0.7700"",""603.29""],[""0.7800"",""149.28""],[""0.7900"",""1671.86""],[""0.8000"",""1151.43""],[""0.8100"",""37.00""],[""0.8200"",""1005.00""],[""0.8300"",""2.00""]]","[[""0.0940"",""125.00""],[""0.0960"",""125.00""],[""0.0980"",""125.00""],[""0.1000"",""1210.00""],[""0.1100"",""437.00""],[""0.1200"",""796.00""],[""0.1300"",""684.00""],[""0.1400"",""135.00""],[""0.1500"",""4378.90""],[""0.1600"",""529.91""]]"
2026-05-16T11:03:43.954Z,KXBTC15M-26MAY160715-15,BTC price up in next 15 mins?,KXBTC15M-26MAY160715,2026-05-16T11:15:00Z,active,0.82,0.83,0.17,0.18,0.825,0.82,44914.05,32287.64,1244.0,402.91,"[[""0.7300"",""189.36""],[""0.7400"",""632.53""],[""0.7500"",""379.33""],[""0.7600"",""516.85""],[""0.7700"",""528.29""],[""0.7800"",""149.28""],[""0.7900"",""174.26""],[""0.8000"",""1690.60""],[""0.8100"",""1135.18""],[""0.8200"",""1244.00""]]","[[""0.0960"",""125.00""],[""0.0980"",""125.00""],[""0.1000"",""1210.00""],[""0.1100"",""512.00""],[""0.1200"",""796.00""],[""0.1300"",""684.00""],[""0.1400"",""1135.00""],[""0.1500"",""3378.90""],[""0.1600"",""195.00""],[""0.1700"",""402.91""]]"
2026-05-16T11:03:45.959Z,KXBTC15M-26MAY160715-15,BTC price up in next 15 mins?,KXBTC15M-26MAY160715,2026-05-16T11:15:00Z,active,0.82,0.83,0.17,0.18,0.825,0.82,44914.05,32287.64,168.0,155.0,"[[""0.7400"",""682.53""],[""0.7500"",""379.33""],[""0.7600"",""516.85""],[""0.7700"",""201.29""],[""0.7800"",""549.28""],[""0.7900"",""174.26""],[""0.8000"",""1691.85""],[""0.8100"",""2816.18""],[""0.8200"",""1131.00""],[""0.8300"",""168.00""]]","[[""0.0940"",""125.00""],[""0.0960"",""125.00""],[""0.0980"",""125.00""],[""0.1000"",""1210.00""],[""0.1100"",""512.00""],[""0.1200"",""839.00""],[""0.1300"",""686.00""],[""0.1400"",""1885.00""],[""0.1500"",""3403.90""],[""0.1600"",""155.00""]]"
2026-05-16T11:03:47.960Z,KXBTC15M-26MAY160715-15,BTC price up in next 15 mins?,KXBTC15M-26MAY160715,2026-05-16T11:15:00Z,active,0.82,0.83,0.17,0.18,0.825,0.82,44914.05,32287.64,2.0,142.15,"[[""0.7400"",""682.53""],[""0.7500"",""229.33""],[""0.7600"",""666.85""],[""0.7700"",""201.29""],[""0.7800"",""549.28""],[""0.7900"",""174.26""],[""0.8000"",""1691.85""],[""0.8100"",""1129.18""],[""0.8200"",""1302.00""],[""0.8300"",""2.00""]]","[[""0.0940"",""125.00""],[""0.0960"",""125.00""],[""0.0980"",""125.00""],[""0.1000"",""1285.00""],[""0.1100"",""587.00""],[""0.1200"",""646.00""],[""0.1300"",""729.00""],[""0.1400"",""1135.00""],[""0.1500"",""3405.90""],[""0.1600"",""142.15""]]"
2026-05-16T11:03:49.959Z,KXBTC15M-26MAY160715-15,BTC price up in next 15 mins?,KXBTC15M-26MAY160715,2026-05-16T11:15:00Z,active,0.82,0.83,0.17,0.18,0.825,0.82,44914.05,32287.64,142.0,209.1,"[[""0.7400"",""682.53""],[""0.7500"",""229.33""],[""0.7600"",""691.85""],[""0.7700"",""201.29""],[""0.7800"",""549.28""],[""0.7900"",""174.26""],[""0.8000"",""1691.85""],[""0.8100"",""1127.18""],[""0.8200"",""1164.00""],[""0.8300"",""142.00""]]","[[""0.0940"",""125.00""],[""0.0960"",""125.00""],[""0.0980"",""125.00""],[""0.1000"",""1210.00""],[""0.1100"",""587.00""],[""0.1200"",""646.00""],[""0.1300"",""729.00""],[""0.1400"",""1135.00""],[""0.1500"",""3416.90""],[""0.1600"",""209.10""]]"
2026-05-16T11:03:51.947Z,KXBTC15M-26MAY160715-15,BTC price up in next 15 mins?,KXBTC15M-26MAY160715,2026-05-16T11:15:00Z,active,0.82,0.83,0.17,0.18,0.825,0.82,44914.05,32287.64,139.0,18.0,"[[""0.7400"",""632.53""],[""0.7500"",""279.33""],[""0.7600"",""691.85""],[""0.7700"",""201.29""],[""0.7800"",""549.28""],[""0.7900"",""174.26""],[""0.8000"",""1691.85""],[""0.8100"",""1127.18""],[""0.8200"",""1164.00""],[""0.8300"",""139.00""]]","[[""0.0940"",""125.00""],[""0.0960"",""125.00""],[""0.0980"",""125.00""],[""0.1000"",""1285.00""],[""0.1100"",""587.00""],[""0.1200"",""646.00""],[""0.1300"",""729.00""],[""0.1400"",""1885.00""],[""0.1500"",""3416.90""],[""0.1600"",""18.00""]]"
2026-05-16T11:03:53.965Z,KXBTC15M-26MAY160715-15,BTC price up in next 15 mins?,KXBTC15M-26MAY160715,2026-05-16T11:15:00Z,active,0.83,0.84,0.16,0.17,0.835,0.83,54592.30,38423.13,1077.0,38.47,"[[""0.7400"",""632.53""],[""0.7500"",""279.33""],[""0.7600"",""691.85""],[""0.7700"",""126.29""],[""0.7800"",""549.28""],[""0.7900"",""174.26""],[""0.8000"",""1691.85""],[""0.8100"",""1127.18""],[""0.8200"",""296.00""],[""0.8300"",""1077.00""]]","[[""0.0940"",""125.00""],[""0.0960"",""125.00""],[""0.0980"",""125.00""],[""0.1000"",""1285.00""],[""0.1100"",""587.00""],[""0.1200"",""646.00""],[""0.1300"",""729.00""],[""0.1400"",""2885.00""],[""0.1500"",""2378.90""],[""0.1600"",""38.47""]]"
2026-05-16T11:03:55.958Z,KXBTC15M-26MAY160715-15,BTC price up in next 15 mins?,KXBTC15M-26MAY160715,2026-05-16T11:15:00Z,active,0.83,0.84,0.16,0.17,0.835,0.83,54592.30,38423.13,1137.0,107.6,"[[""0.7300"",""189.36""],[""0.7400"",""632.53""],[""0.7500"",""279.33""],[""0.7600"",""691.85""],[""0.7700"",""201.29""],[""0.7800"",""549.28""],[""0.7900"",""174.26""],[""0.8000"",""1691.85""],[""0.8100"",""1129.18""],[""0.8200"",""1137.00""]]","[[""0.0940"",""125.00""],[""0.0960"",""125.00""],[""0.0980"",""125.00""],[""0.1000"",""1210.00""],[""0.1100"",""587.00""],[""0.1200"",""646.00""],[""0.1300"",""686.00""],[""0.1400"",""178.00""],[""0.1500"",""4399.90""],[""0.1600"",""107.60""]]"
2026-05-16T11:03:57.955Z,KXBTC15M-26MAY160715-15,BTC price up in next 15 mins?,KXBTC15M-26MAY160715,2026-05-16T11:15:00Z,active,0.83,0.84,0.16,0.17,0.835,0.83,54592.30,38423.13,11.0,1085.0,"[[""0.7400"",""632.53""],[""0.7500"",""279.33""],[""0.7600"",""691.85""],[""0.7700"",""201.29""],[""0.7800"",""549.28""],[""0.7900"",""174.26""],[""0.8000"",""1691.85""],[""0.8100"",""2128.41""],[""0.8200"",""53.00""],[""0.8300"",""11.00""]]","[[""0.0940"",""125.00""],[""0.0960"",""125.00""],[""0.0980"",""125.00""],[""0.1000"",""1210.00""],[""0.1100"",""587.00""],[""0.1200"",""646.00""],[""0.1300"",""686.00""],[""0.1400"",""928.00""],[""0.1500"",""3078.29""],[""0.1600"",""1085.00""]]"
2026-05-16T11:03:59.959Z,KXBTC15M-26MAY160715-15,BTC price up in next 15 mins?,KXBTC15M-26MAY160715,2026-05-16T11:15:00Z,active,0.83,0.84,0.16,0.17,0.835,0.83,54592.30,38423.13,1028.55,75.0,"[[""0.7300"",""194.36""],[""0.7400"",""682.53""],[""0.7500"",""229.33""],[""0.7600"",""691.85""],[""0.7700"",""601.29""],[""0.7800"",""149.28""],[""0.7900"",""174.26""],[""0.8000"",""1691.85""],[""0.8100"",""1136.18""],[""0.8200"",""1028.55""]]","[[""0.0960"",""125.00""],[""0.0980"",""125.00""],[""0.1000"",""1210.00""],[""0.1100"",""537.00""],[""0.1200"",""696.00""],[""0.1300"",""727.00""],[""0.1400"",""1137.00""],[""0.1500"",""2688.29""],[""0.1600"",""558.47""],[""0.1700"",""75.00""]]"
2026-05-16T11:04:01.971Z,KXBTC15M-26MAY160715-15,BTC price up in next 15 mins?,KXBTC15M-26MAY160715,2026-05-16T11:15:00Z,active,0.83,0.84,0.16,0.17,0.835,0.83,54592.30,38423.13,1013.89,666.47,"[[""0.7400"",""682.53""],[""0.7500"",""229.33""],[""0.7600"",""951.85""],[""0.7700"",""526.29""],[""0.7800"",""149.28""],[""0.7900"",""174.26""],[""0.8000"",""1691.85""],[""0.8100"",""1128.18""],[""0.8200"",""68.55""],[""0.8300"",""1013.89""]]","[[""0.0940"",""125.00""],[""0.0960"",""125.00""],[""0.0980"",""125.00""],[""0.1000"",""1185.00""],[""0.1100"",""532.00""],[""0.1200"",""691.00""],[""0.1300"",""727.00""],[""0.1400"",""2137.00""],[""0.1500"",""1678.29""],[""0.1600"",""666.47""]]"
2026-05-16T11:04:03.972Z,KXBTC15M-26MAY160715-15,BTC price up in next 15 mins?,KXBTC15M-26MAY160715,2026-05-16T11:15:00Z,active,0.83,0.84,0.16,0.17,0.835,0.83,54592.30,38423.13,10.0,108.47,"[[""0.7400"",""682.53""],[""0.7500"",""229.33""],[""0.7600"",""951.85""],[""0.7700"",""526.29""],[""0.7800"",""149.28""],[""0.7900"",""174.26""],[""0.8000"",""1691.85""],[""0.8100"",""1266.18""],[""0.8200"",""1103.55""],[""0.8300"",""10.00""]]","[[""0.0940"",""125.00""],[""0.0960"",""125.00""],[""0.0980"",""125.00""],[""0.1000"",""1200.00""],[""0.1100"",""532.00""],[""0.1200"",""691.00""],[""0.1300"",""727.00""],[""0.1400"",""1887.00""],[""0.1500"",""3117.29""],[""0.1600"",""108.47""]]"
2026-05-16T11:04:05.969Z,KXBTC15M-26MAY160715-15,BTC price up in next 15 mins?,KXBTC15M-26MAY160715,2026-05-16T11:15:00Z,active,0.83,0.84,0.16,0.17,0.835,0.83,54592.30,38423.13,1141.0,1645.78,"[[""0.7400"",""682.53""],[""0.7500"",""229.33""],[""0.7600"",""666.85""],[""0.7700"",""526.29""],[""0.7800"",""149.28""],[""0.7900"",""1666.86""],[""0.8000"",""484.25""],[""0.8100"",""1128.18""],[""0.8200"",""112.55""],[""0.8300"",""1141.00""]]","[[""0.0940"",""125.00""],[""0.0960"",""125.00""],[""0.0980"",""125.00""],[""0.1000"",""901.00""],[""0.1100"",""532.00""],[""0.1200"",""696.00""],[""0.1300"",""722.00""],[""0.1400"",""1887.00""],[""0.1500"",""1547.00""],[""0.1600"",""1645.78""]]"
2026-05-16T11:04:07.950Z,KXBTC15M-26MAY160715-15,BTC price up in next 15 mins?,KXBTC15M-26MAY160715,2026-05-16T11:15:00Z,active,0.83,0.84,0.16,0.17,0.835,0.83,54592.30,38423.13,94.0,1628.35,"[[""0.7400"",""682.53""],[""0.7500"",""229.33""],[""0.7600"",""666.85""],[""0.7700"",""526.29""],[""0.7800"",""149.28""],[""0.7900"",""1666.86""],[""0.8000"",""484.25""],[""0.8100"",""1128.18""],[""0.8200"",""1061.50""],[""0.8300"",""94.00""]]","[[""0.0940"",""125.00""],[""0.0960"",""125.00""],[""0.0980"",""125.00""],[""0.1000"",""901.00""],[""0.1100"",""532.00""],[""0.1200"",""696.00""],[""0.1300"",""722.00""],[""0.1400"",""887.00""],[""0.1500"",""2547.00""],[""0.1600"",""1628.35""]]"
2026-05-16T11:04:09.960Z,KXBTC15M-26MAY160715-15,BTC price up in next 15 mins?,KXBTC15M-26MAY160715,2026-05-16T11:15:00Z,active,0.83,0.84,0.16,0.17,0.835,0.83,54592.30,38423.13,991.37,101.47,"[[""0.7400"",""632.53""],[""0.7500"",""279.33""],[""0.7600"",""516.85""],[""0.7700"",""351.29""],[""0.7800"",""549.28""],[""0.7900"",""126.26""],[""0.8000"",""2044.85""],[""0.8100"",""1128.18""],[""0.8200"",""34.55""],[""0.8300"",""991.37""]]","[[""0.0940"",""125.00""],[""0.0960"",""125.00""],[""0.0980"",""125.00""],[""0.1000"",""1051.00""],[""0.1100"",""382.00""],[""0.1200"",""696.00""],[""0.1300"",""2264.00""],[""0.1400"",""1885.00""],[""0.1500"",""1550.00""],[""0.1600"",""101.47""]]"
2026-05-16T11:04:11.973Z,KXBTC15M-26MAY160715-15,BTC price up in next 15 mins?,KXBTC15M-26MAY160715,2026-05-16T11:15:00Z,active,0.83,0.84,0.16,0.17,0.835,0.83,54592.30,38423.13,1036.0,226.47,"[[""0.7400"",""632.53""],[""0.7500"",""279.33""],[""0.7600"",""516.85""],[""0.7700"",""351.29""],[""0.7800"",""549.28""],[""0.7900"",""126.26""],[""0.8000"",""2044.85""],[""0.8100"",""1128.18""],[""0.8200"",""34.55""],[""0.8300"",""1036.00""]]","[[""0.0940"",""125.00""],[""0.0960"",""125.00""],[""0.0980"",""125.00""],[""0.1000"",""1051.00""],[""0.1100"",""382.00""],[""0.1200"",""696.00""],[""0.1300"",""724.00""],[""0.1400"",""3425.00""],[""0.1500"",""1550.00""],[""0.1600"",""226.47""]]"
2026-05-16T11:04:13.960Z,KXBTC15M-26MAY160715-15,BTC price up in next 15 mins?,KXBTC15M-26MAY160715,2026-05-16T11:15:00Z,active,0.83,0.84,0.16,0.17,0.835,0.83,54592.30,38423.13,1220.33,656.68,"[[""0.7500"",""229.33""],[""0.7600"",""566.85""],[""0.7700"",""276.29""],[""0.7800"",""149.28""],[""0.7900"",""526.26""],[""0.8000"",""461.25""],[""0.8100"",""169.00""],[""0.8200"",""2568.73""],[""0.8300"",""187.00""],[""0.8400"",""1220.33""]]","[[""0.0910"",""100.00""],[""0.0920"",""125.00""],[""0.0940"",""125.00""],[""0.0960"",""125.00""],[""0.0980"",""125.00""],[""0.1000"",""1051.00""],[""0.1100"",""372.00""],[""0.1200"",""2286.00""],[""0.1300"",""3431.00""],[""0.1400"",""656.68""]]"
2026-05-16T11:04:15.966Z,KXBTC15M-26MAY160715-15,BTC price up in next 15 mins?,KXBTC15M-26MAY160715,2026-05-16T11:15:00Z,active,0.83,0.84,0.16,0.17,0.835,0.83,54592.30,38423.13,1206.35,1.0,"[[""0.7500"",""229.33""],[""0.7600"",""217.85""],[""0.7700"",""176.29""],[""0.7800"",""205.28""],[""0.7900"",""676.26""],[""0.8000"",""441.25""],[""0.8100"",""170.23""],[""0.8200"",""2566.73""],[""0.8300"",""174.00""],[""0.8400"",""1206.35""]]","[[""0.0920"",""125.00""],[""0.0940"",""125.00""],[""0.0960"",""125.00""],[""0.0980"",""125.00""],[""0.1000"",""951.00""],[""0.1100"",""415.00""],[""0.1200"",""1098.00""],[""0.1300"",""4979.00""],[""0.1400"",""248.82""],[""0.1500"",""1.00""]]"
2026-05-16T11:04:17.972Z,KXBTC15M-26MAY160715-15,BTC price up in next 15 mins?,KXBTC15M-26MAY160715,2026-05-16T11:15:00Z,active,0.83,0.84,0.16,0.17,0.835,0.83,54592.30,38423.13,1335.35,229.35,"[[""0.7500"",""229.33""],[""0.7600"",""217.85""],[""0.7700"",""176.29""],[""0.7800"",""130.28""],[""0.7900"",""676.26""],[""0.8000"",""441.25""],[""0.8100"",""170.23""],[""0.8200"",""2566.73""],[""0.8300"",""137.00""],[""0.8400"",""1335.35""]]","[[""0.0910"",""100.00""],[""0.0920"",""125.00""],[""0.0940"",""125.00""],[""0.0960"",""125.00""],[""0.0980"",""125.00""],[""0.1000"",""951.00""],[""0.1100"",""415.00""],[""0.1200"",""1098.00""],[""0.1300"",""4969.00""],[""0.1400"",""229.35""]]"
2026-05-16T11:04:19.961Z,KXBTC15M-26MAY160715-15,BTC price up in next 15 mins?,KXBTC15M-26MAY160715,2026-05-16T11:15:00Z,active,0.83,0.84,0.16,0.17,0.835,0.83,54592.30,38423.13,2.0,3792.68,"[[""0.7600"",""267.85""],[""0.7700"",""126.29""],[""0.7800"",""130.28""],[""0.7900"",""351.26""],[""0.8000"",""441.25""],[""0.8100"",""2667.41""],[""0.8200"",""470.76""],[""0.8300"",""1004.00""],[""0.8400"",""225.00""],[""0.8500"",""2.00""]]","[[""0.0910"",""100.00""],[""0.0920"",""125.00""],[""0.0940"",""125.00""],[""0.0960"",""125.00""],[""0.0980"",""125.00""],[""0.1000"",""951.00""],[""0.1100"",""372.00""],[""0.1200"",""741.00""],[""0.1300"",""2579.00""],[""0.1400"",""3792.68""]]"
2026-05-16T11:04:21.958Z,KXBTC15M-26MAY160715-15,BTC price up in next 15 mins?,KXBTC15M-26MAY160715,2026-05-16T11:15:00Z,active,0.83,0.84,0.16,0.17,0.835,0.83,54592.30,38423.13,270.98,1141.5,"[[""0.7500"",""728.33""],[""0.7600"",""217.85""],[""0.7700"",""425.29""],[""0.7800"",""130.28""],[""0.7900"",""276.26""],[""0.8000"",""2000.25""],[""0.8100"",""1127.41""],[""0.8200"",""1471.55""],[""0.8300"",""127.00""],[""0.8400"",""270.98""]]","[[""0.0940"",""125.00""],[""0.0960"",""125.00""],[""0.0970"",""75.00""],[""0.0980"",""125.00""],[""0.1000"",""901.00""],[""0.1100"",""372.00""],[""0.1200"",""1096.00""],[""0.1300"",""348.00""],[""0.1400"",""2672.87""],[""0.1500"",""1141.50""]]"
2026-05-16T11:04:23.955Z,KXBTC15M-26MAY160715-15,BTC price up in next 15 mins?,KXBTC15M-26MAY160715,2026-05-16T11:15:00Z,active,0.84,0.85,0.15,0.16,0.845,0.86,66835.86,47520.25,40.0,1197.7,"[[""0.7600"",""217.85""],[""0.7700"",""425.29""],[""0.7800"",""355.28""],[""0.7900"",""126.26""],[""0.8000"",""460.25""],[""0.8100"",""1667.23""],[""0.8200"",""1029.94""],[""0.8300"",""1527.00""],[""0.8400"",""15.98""],[""0.8500"",""40.00""]]","[[""0.0910"",""100.00""],[""0.0920"",""125.00""],[""0.0940"",""125.00""],[""0.0960"",""525.00""],[""0.0980"",""125.00""],[""0.1000"",""901.00""],[""0.1100"",""415.00""],[""0.1200"",""2236.00""],[""0.1300"",""1300.00""],[""0.1400"",""1197.70""]]"
2026-05-16T11:04:25.952Z,KXBTC15M-26MAY160715-15,BTC price up in next 15 mins?,KXBTC15M-26MAY160715,2026-05-16T11:15:00Z,active,0.84,0.85,0.15,0.16,0.845,0.86,66835.86,47520.25,43.92,40.46,"[[""0.7500"",""628.33""],[""0.7600"",""217.85""],[""0.7700"",""425.29""],[""0.7800"",""355.28""],[""0.7900"",""126.26""],[""0.8000"",""503.25""],[""0.8100"",""1669.23""],[""0.8200"",""1026.73""],[""0.8300"",""1657.00""],[""0.8400"",""43.92""]]","[[""0.0920"",""125.00""],[""0.0940"",""125.00""],[""0.0960"",""525.00""],[""0.0980"",""125.00""],[""0.1000"",""901.00""],[""0.1100"",""415.00""],[""0.1200"",""2236.00""],[""0.1300"",""1277.00""],[""0.1400"",""1149.70""],[""0.1500"",""40.46""]]"
2026-05-16T11:04:27.962Z,KXBTC15M-26MAY160715-15,BTC price up in next 15 mins?,KXBTC15M-26MAY160715,2026-05-16T11:15:00Z,active,0.84,0.85,0.15,0.16,0.845,0.86,66835.86,47520.25,407.0,1193.04,"[[""0.7600"",""217.85""],[""0.7700"",""425.29""],[""0.7800"",""355.28""],[""0.7900"",""126.26""],[""0.8000"",""460.25""],[""0.8100"",""1669.23""],[""0.8200"",""1027.94""],[""0.8300"",""1525.00""],[""0.8400"",""95.24""],[""0.8500"",""407.00""]]","[[""0.0920"",""125.00""],[""0.0940"",""125.00""],[""0.0960"",""125.00""],[""0.0980"",""125.00""],[""0.0990"",""400.00""],[""0.1000"",""901.00""],[""0.1100"",""415.00""],[""0.1200"",""2236.00""],[""0.1300"",""1275.00""],[""0.1400"",""1193.04""]]"
2026-05-16T11:04:29.964Z,KXBTC15M-26MAY160715-15,BTC price up in next 15 mins?,KXBTC15M-26MAY160715,2026-05-16T11:15:00Z,active,0.84,0.85,0.15,0.16,0.845,0.86,66835.86,47520.25,70.0,1179.0,"[[""0.7600"",""217.85""],[""0.7700"",""425.29""],[""0.7800"",""280.28""],[""0.7900"",""126.26""],[""0.8000"",""455.25""],[""0.8100"",""1667.23""],[""0.8200"",""70.76""],[""0.8300"",""2125.18""],[""0.8400"",""554.79""],[""0.8500"",""70.00""]]","[[""0.0910"",""100.00""],[""0.0920"",""127.00""],[""0.0940"",""125.00""],[""0.0960"",""125.00""],[""0.0980"",""125.00""],[""0.1000"",""901.00""],[""0.1100"",""372.00""],[""0.1200"",""3231.00""],[""0.1300"",""308.69""],[""0.1400"",""1179.00""]]"
2026-05-16T11:04:31.957Z,KXBTC15M-26MAY160715-15,BTC price up in next 15 mins?,KXBTC15M-26MAY160715,2026-05-16T11:15:00Z,active,0.84,0.85,0.15,0.16,0.845,0.86,66835.86,47520.25,444.84,921.7,"[[""0.7600"",""217.85""],[""0.7700"",""126.29""],[""0.7800"",""629.28""],[""0.7900"",""575.26""],[""0.8000"",""436.25""],[""0.8100"",""1666.23""],[""0.8200"",""70.76""],[""0.8300"",""2125.18""],[""0.8400"",""188.79""],[""0.8500"",""444.84""]]","[[""0.0910"",""102.00""],[""0.0920"",""125.00""],[""0.0940"",""125.00""],[""0.0960"",""125.00""],[""0.0980"",""125.00""],[""0.1000"",""901.00""],[""0.1100"",""372.00""],[""0.1200"",""3250.00""],[""0.1300"",""299.00""],[""0.1400"",""921.70""]]"
2026-05-16T11:04:33.965Z,KXBTC15M-26MAY160715-15,BTC price up in next 15 mins?,KXBTC15M-26MAY160715,2026-05-16T11:15:00Z,active,0.84,0.85,0.15,0.16,0.845,0.86,66835.86,47520.25,530.0,996.7,"[[""0.7600"",""217.85""],[""0.7700"",""126.29""],[""0.7800"",""629.28""],[""0.7900"",""650.26""],[""0.8000"",""436.25""],[""0.8100"",""1666.23""],[""0.8200"",""71.76""],[""0.8300"",""2125.18""],[""0.8400"",""191.00""],[""0.8500"",""530.00""]]","[[""0.0920"",""125.00""],[""0.0930"",""2.00""],[""0.0940"",""125.00""],[""0.0960"",""125.00""],[""0.0980"",""125.00""],[""0.1000"",""1351.00""],[""0.1100"",""372.00""],[""0.1200"",""3250.00""],[""0.1300"",""299.00""],[""0.1400"",""996.70""]]"
2026-05-16T11:04:35.968Z,KXBTC15M-26MAY160715-15,BTC price up in next 15 mins?,KXBTC15M-26MAY160715,2026-05-16T11:15:00Z,active,0.84,0.85,0.15,0.16,0.845,0.86,66835.86,47520.25,22.0,1085.0,"[[""0.7600"",""217.85""],[""0.7700"",""126.29""],[""0.7800"",""629.28""],[""0.7900"",""650.26""],[""0.8000"",""436.25""],[""0.8100"",""1666.23""],[""0.8200"",""71.76""],[""0.8300"",""2125.18""],[""0.8400"",""561.00""],[""0.8500"",""22.00""]]","[[""0.0910"",""100.00""],[""0.0920"",""127.00""],[""0.0940"",""125.00""],[""0.0960"",""125.00""],[""0.0980"",""125.00""],[""0.1000"",""1363.00""],[""0.1100"",""372.00""],[""0.1200"",""3250.00""],[""0.1300"",""317.00""],[""0.1400"",""1085.00""]]"
2026-05-16T11:04:37.996Z,KXBTC15M-26MAY160715-15,BTC price up in next 15 mins?,KXBTC15M-26MAY160715,2026-05-16T11:15:00Z,active,0.84,0.85,0.15,0.16,0.845,0.86,66835.86,47520.25,174.0,1102.68,"[[""0.7600"",""217.85""],[""0.7700"",""126.29""],[""0.7800"",""629.28""],[""0.7900"",""650.26""],[""0.8000"",""441.25""],[""0.8100"",""1666.23""],[""0.8200"",""71.76""],[""0.8300"",""2125.18""],[""0.8400"",""556.00""],[""0.8500"",""174.00""]]","[[""0.0910"",""100.00""],[""0.0920"",""127.00""],[""0.0940"",""125.00""],[""0.0960"",""125.00""],[""0.0980"",""125.00""],[""0.1000"",""1363.00""],[""0.1100"",""372.00""],[""0.1200"",""3255.00""],[""0.1300"",""317.00""],[""0.1400"",""1102.68""]]"
2026-05-16T11:04:39.949Z,KXBTC15M-26MAY160715-15,BTC price up in next 15 mins?,KXBTC15M-26MAY160715,2026-05-16T11:15:00Z,active,0.84,0.85,0.15,0.16,0.845,0.86,66835.86,47520.25,712.0,17.43,"[[""0.7600"",""217.85""],[""0.7700"",""126.29""],[""0.7800"",""629.28""],[""0.7900"",""650.26""],[""0.8000"",""156.25""],[""0.8100"",""411.23""],[""0.8200"",""1568.76""],[""0.8300"",""168.00""],[""0.8400"",""2154.18""],[""0.8500"",""712.00""]]","[[""0.0920"",""125.00""],[""0.0930"",""2.00""],[""0.0940"",""125.00""],[""0.0960"",""125.00""],[""0.0980"",""125.00""],[""0.1000"",""1363.00""],[""0.1100"",""2912.00""],[""0.1200"",""758.00""],[""0.1300"",""1286.00""],[""0.1400"",""17.43""]]"
2026-05-16T11:04:41.970Z,KXBTC15M-26MAY160715-15,BTC price up in next 15 mins?,KXBTC15M-26MAY160715,2026-05-16T11:15:00Z,active,0.84,0.85,0.15,0.16,0.845,0.86,66835.86,47520.25,596.0,25.0,"[[""0.7600"",""217.85""],[""0.7700"",""126.29""],[""0.7800"",""629.28""],[""0.7900"",""425.26""],[""0.8000"",""306.25""],[""0.8100"",""411.23""],[""0.8200"",""1568.76""],[""0.8300"",""168.00""],[""0.8400"",""2154.18""],[""0.8500"",""596.00""]]","[[""0.0910"",""102.00""],[""0.0920"",""125.00""],[""0.0940"",""125.00""],[""0.0960"",""125.00""],[""0.0980"",""125.00""],[""0.1000"",""1363.00""],[""0.1100"",""2921.09""],[""0.1200"",""258.00""],[""0.1300"",""1257.80""],[""0.1400"",""25.00""]]"
2026-05-16T11:04:43.963Z,KXBTC15M-26MAY160715-15,BTC price up in next 15 mins?,KXBTC15M-26MAY160715,2026-05-16T11:15:00Z,active,0.84,0.85,0.15,0.16,0.845,0.86,66835.86,47520.25,678.0,25.0,"[[""0.7600"",""217.85""],[""0.7700"",""126.29""],[""0.7800"",""629.28""],[""0.7900"",""425.26""],[""0.8000"",""306.25""],[""0.8100"",""411.23""],[""0.8200"",""1568.76""],[""0.8300"",""168.00""],[""0.8400"",""2152.18""],[""0.8500"",""678.00""]]","[[""0.0910"",""100.00""],[""0.0920"",""125.00""],[""0.0940"",""125.00""],[""0.0960"",""125.00""],[""0.0980"",""125.00""],[""0.1000"",""1363.00""],[""0.1100"",""2912.00""],[""0.1200"",""287.00""],[""0.1300"",""1237.80""],[""0.1400"",""25.00""]]"
2026-05-16T11:04:45.959Z,KXBTC15M-26MAY160715-15,BTC price up in next 15 mins?,KXBTC15M-26MAY160715,2026-05-16T11:15:00Z,active,0.84,0.85,0.15,0.16,0.845,0.86,66835.86,47520.25,1455.42,96.82,"[[""0.7600"",""217.85""],[""0.7700"",""126.29""],[""0.7800"",""629.28""],[""0.7900"",""500.26""],[""0.8000"",""306.25""],[""0.8100"",""411.23""],[""0.8200"",""28.76""],[""0.8300"",""1708.00""],[""0.8400"",""1152.18""],[""0.8500"",""1455.42""]]","[[""0.0910"",""100.00""],[""0.0920"",""125.00""],[""0.0940"",""125.00""],[""0.0960"",""125.00""],[""0.0980"",""125.00""],[""0.1000"",""1363.00""],[""0.1100"",""2912.00""],[""0.1200"",""1244.00""],[""0.1300"",""288.49""],[""0.1400"",""96.82""]]"
2026-05-16T11:04:47.949Z,KXBTC15M-26MAY160715-15,BTC price up in next 15 mins?,KXBTC15M-26MAY160715,2026-05-16T11:15:00Z,active,0.84,0.85,0.15,0.16,0.845,0.86,66835.86,47520.25,31.01,131.0,"[[""0.7700"",""126.29""],[""0.7800"",""625.28""],[""0.7900"",""425.26""],[""0.8000"",""306.25""],[""0.8100"",""411.23""],[""0.8200"",""32.76""],[""0.8300"",""1709.20""],[""0.8400"",""1169.18""],[""0.8500"",""1629.96""],[""0.8600"",""31.01""]]","[[""0.0910"",""100.00""],[""0.0920"",""125.00""],[""0.0940"",""125.00""],[""0.0950"",""43.00""],[""0.0960"",""125.00""],[""0.0980"",""125.00""],[""0.1000"",""1363.00""],[""0.1100"",""2912.00""],[""0.1200"",""1245.00""],[""0.1300"",""131.00""]]"
2026-05-16T11:04:49.963Z,KXBTC15M-26MAY160715-15,BTC price up in next 15 mins?,KXBTC15M-26MAY160715,2026-05-16T11:15:00Z,active,0.84,0.85,0.15,0.16,0.845,0.86,66835.86,47520.25,546.01,140.38,"[[""0.7700"",""126.29""],[""0.7800"",""625.28""],[""0.7900"",""425.26""],[""0.8000"",""156.25""],[""0.8100"",""411.23""],[""0.8200"",""182.76""],[""0.8300"",""1709.20""],[""0.8400"",""1169.18""],[""0.8500"",""1133.00""],[""0.8600"",""546.01""]]","[[""0.0910"",""100.00""],[""0.0920"",""125.00""],[""0.0940"",""525.00""],[""0.0950"",""43.00""],[""0.0960"",""125.00""],[""0.0980"",""125.00""],[""0.1000"",""913.00""],[""0.1100"",""2943.00""],[""0.1200"",""1225.00""],[""0.1300"",""140.38""]]"
2026-05-16T11:04:51.952Z,KXBTC15M-26MAY160715-15,BTC price up in next 15 mins?,KXBTC15M-26MAY160715,2026-05-16T11:15:00Z,active,0.84,0.85,0.15,0.16,0.845,0.86,66835.86,47520.25,567.0,75.0,"[[""0.7700"",""126.29""],[""0.7800"",""625.28""],[""0.7900"",""425.26""],[""0.8000"",""231.25""],[""0.8100"",""561.23""],[""0.8200"",""32.76""],[""0.8300"",""1666.20""],[""0.8400"",""212.00""],[""0.8500"",""2135.18""],[""0.8600"",""567.00""]]","[[""0.0920"",""125.00""],[""0.0940"",""125.00""],[""0.0950"",""43.00""],[""0.0960"",""125.00""],[""0.0970"",""400.00""],[""0.0980"",""125.00""],[""0.1000"",""913.00""],[""0.1100"",""2943.00""],[""0.1200"",""1192.15""],[""0.1300"",""75.00""]]"
2026-05-16T11:04:53.969Z,KXBTC15M-26MAY160715-15,BTC price up in next 15 mins?,KXBTC15M-26MAY160715,2026-05-16T11:15:00Z,active,0.86,0.87,0.13,0.14,0.865,0.87,71582.84,48764.85,18.0,227.0,"[[""0.7800"",""629.28""],[""0.7900"",""425.26""],[""0.8000"",""226.25""],[""0.8100"",""411.23""],[""0.8200"",""178.76""],[""0.8300"",""1666.20""],[""0.8400"",""218.19""],[""0.8500"",""2125.18""],[""0.8600"",""527.00""],[""0.8700"",""18.00""]]","[[""0.0900"",""275.00""],[""0.0910"",""100.00""],[""0.0920"",""125.00""],[""0.0940"",""525.00""],[""0.0950"",""43.00""],[""0.0960"",""125.00""],[""0.0980"",""125.00""],[""0.1000"",""1913.00""],[""0.1100"",""2962.00""],[""0.1200"",""227.00""]]"
2026-05-16T11:04:55.963Z,KXBTC15M-26MAY160715-15,BTC price up in next 15 mins?,KXBTC15M-26MAY160715,2026-05-16T11:15:00Z,active,0.86,0.87,0.13,0.14,0.865,0.87,71582.84,48764.85,2262.18,87.91,"[[""0.7600"",""239.85""],[""0.7700"",""126.29""],[""0.7800"",""625.28""],[""0.7900"",""425.26""],[""0.8000"",""151.25""],[""0.8100"",""561.23""],[""0.8200"",""432.76""],[""0.8300"",""1665.00""],[""0.8400"",""219.00""],[""0.8500"",""2262.18""]]","[[""0.0910"",""100.00""],[""0.0920"",""125.00""],[""0.0940"",""125.00""],[""0.0960"",""125.00""],[""0.0980"",""125.00""],[""0.1000"",""1913.00""],[""0.1100"",""2933.00""],[""0.1200"",""239.00""],[""0.1300"",""400.00""],[""0.1400"",""87.91""]]"
2026-05-16T11:04:57.970Z,KXBTC15M-26MAY160715-15,BTC price up in next 15 mins?,KXBTC15M-26MAY160715,2026-05-16T11:15:00Z,active,0.86,0.87,0.13,0.14,0.865,0.87,71582.84,48764.85,152.0,732.0,"[[""0.7900"",""126.26""],[""0.8000"",""151.25""],[""0.8100"",""411.23""],[""0.8200"",""178.76""],[""0.8300"",""126.20""],[""0.8400"",""598.00""],[""0.8500"",""1686.00""],[""0.8600"",""1125.18""],[""0.8700"",""1200.00""],[""0.8800"",""152.00""]]","[[""0.0860"",""125.00""],[""0.0880"",""126.00""],[""0.0900"",""2815.00""],[""0.0910"",""100.00""],[""0.0920"",""125.00""],[""0.0940"",""125.00""],[""0.0950"",""43.00""],[""0.0960"",""139.00""],[""0.1000"",""1790.00""],[""0.1100"",""732.00""]]"
2026-05-16T11:04:59.967Z,KXBTC15M-26MAY160715-15,BTC price up in next 15 mins?,KXBTC15M-26MAY160715,2026-05-16T11:15:00Z,active,0.86,0.87,0.13,0.14,0.865,0.87,71582.84,48764.85,34.38,732.0,"[[""0.7900"",""126.26""],[""0.8000"",""151.25""],[""0.8100"",""910.23""],[""0.8200"",""103.76""],[""0.8300"",""975.20""],[""0.8400"",""209.19""],[""0.8500"",""1671.17""],[""0.8600"",""1144.18""],[""0.8700"",""1135.00""],[""0.8800"",""34.38""]]","[[""0.0880"",""126.00""],[""0.0900"",""2815.00""],[""0.0910"",""100.00""],[""0.0920"",""125.00""],[""0.0940"",""125.00""],[""0.0950"",""43.00""],[""0.0960"",""229.00""],[""0.0990"",""139.00""],[""0.1000"",""1809.00""],[""0.1100"",""732.00""]]"
2026-05-16T11:05:01.977Z,KXBTC15M-26MAY160715-15,BTC price up in next 15 mins?,KXBTC15M-26MAY160715,2026-05-16T11:15:00Z,active,0.86,0.87,0.13,0.14,0.865,0.87,71582.84,48764.85,1836.0,3916.89,"[[""0.8000"",""151.25""],[""0.8100"",""411.23""],[""0.8200"",""103.76""],[""0.8300"",""126.20""],[""0.8400"",""1858.19""],[""0.8500"",""2129.35""],[""0.8600"",""550.16""],[""0.8700"",""110.00""],[""0.8800"",""15.00""],[""0.8900"",""1836.00""]]","[[""0.0820"",""125.00""],[""0.0840"",""125.00""],[""0.0860"",""125.00""],[""0.0880"",""126.00""],[""0.0900"",""263.00""],[""0.0920"",""125.00""],[""0.0940"",""125.00""],[""0.0960"",""525.00""],[""0.0990"",""125.00""],[""0.1000"",""3916.89""]]"
2026-05-16T11:05:03.965Z,KXBTC15M-26MAY160715-15,BTC price up in next 15 mins?,KXBTC15M-26MAY160715,2026-05-16T11:15:00Z,active,0.86,0.87,0.13,0.14,0.865,0.87,71582.84,48764.85,1534.48,2926.44,"[[""0.8000"",""600.25""],[""0.8100"",""446.23""],[""0.8200"",""122.76""],[""0.8300"",""1666.20""],[""0.8400"",""163.19""],[""0.8500"",""529.17""],[""0.8600"",""2190.34""],[""0.8700"",""120.00""],[""0.8800"",""15.00""],[""0.8900"",""1534.48""]]","[[""0.0840"",""125.00""],[""0.0860"",""125.00""],[""0.0880"",""126.00""],[""0.0900"",""1282.00""],[""0.0920"",""125.00""],[""0.0940"",""125.00""],[""0.0960"",""125.00""],[""0.0970"",""400.00""],[""0.0990"",""125.00""],[""0.1000"",""2926.44""]]"
2026-05-16T11:05:05.968Z,KXBTC15M-26MAY160715-15,BTC price up in next 15 mins?,KXBTC15M-26MAY160715,2026-05-16T11:15:00Z,active,0.86,0.87,0.13,0.14,0.865,0.87,71582.84,48764.85,1463.7,2996.0,"[[""0.8000"",""600.25""],[""0.8100"",""446.23""],[""0.8200"",""47.76""],[""0.8300"",""1741.20""],[""0.8400"",""163.19""],[""0.8500"",""129.17""],[""0.8600"",""590.16""],[""0.8700"",""1120.00""],[""0.8800"",""1015.18""],[""0.8900"",""1463.70""]]","[[""0.0840"",""125.00""],[""0.0860"",""125.00""],[""0.0880"",""126.00""],[""0.0900"",""402.00""],[""0.0920"",""125.00""],[""0.0940"",""125.00""],[""0.0950"",""400.00""],[""0.0960"",""125.00""],[""0.0990"",""125.00""],[""0.1000"",""2996.00""]]"
2026-05-16T11:05:07.973Z,KXBTC15M-26MAY160715-15,BTC price up in next 15 mins?,KXBTC15M-26MAY160715,2026-05-16T11:15:00Z,active,0.86,0.87,0.13,0.14,0.865,0.87,71582.84,48764.85,1493.72,1250.0,"[[""0.8000"",""450.25""],[""0.8100"",""596.23""],[""0.8200"",""46.76""],[""0.8300"",""126.20""],[""0.8400"",""164.19""],[""0.8500"",""129.17""],[""0.8600"",""2114.16""],[""0.8700"",""1126.00""],[""0.8800"",""1025.18""],[""0.8900"",""1493.72""]]","[[""0.0840"",""125.00""],[""0.0860"",""125.00""],[""0.0880"",""126.00""],[""0.0900"",""402.00""],[""0.0920"",""125.00""],[""0.0940"",""125.00""],[""0.0950"",""437.00""],[""0.0960"",""125.00""],[""0.0990"",""125.00""],[""0.1000"",""1250.00""]]"
2026-05-16T11:05:09.961Z,KXBTC15M-26MAY160715-15,BTC price up in next 15 mins?,KXBTC15M-26MAY160715,2026-05-16T11:15:00Z,active,0.86,0.87,0.13,0.14,0.865,0.87,71582.84,48764.85,1476.79,1355.0,"[[""0.8000"",""151.25""],[""0.8100"",""810.23""],[""0.8200"",""27.76""],[""0.8300"",""710.20""],[""0.8400"",""165.19""],[""0.8500"",""138.17""],[""0.8600"",""2114.16""],[""0.8700"",""1110.00""],[""0.8800"",""1015.18""],[""0.8900"",""1476.79""]]","[[""0.0860"",""125.00""],[""0.0880"",""126.00""],[""0.0900"",""402.00""],[""0.0920"",""125.00""],[""0.0930"",""12.00""],[""0.0940"",""125.00""],[""0.0950"",""400.00""],[""0.0960"",""125.00""],[""0.0990"",""125.00""],[""0.1000"",""1355.00""]]"
2026-05-16T11:05:11.961Z,KXBTC15M-26MAY160715-15,BTC price up in next 15 mins?,KXBTC15M-26MAY160715,2026-05-16T11:15:00Z,active,0.86,0.87,0.13,0.14,0.865,0.87,71582.84,48764.85,1056.19,1178.0,"[[""0.8000"",""151.25""],[""0.8100"",""810.23""],[""0.8200"",""27.76""],[""0.8300"",""710.20""],[""0.8400"",""163.19""],[""0.8500"",""138.17""],[""0.8600"",""2116.16""],[""0.8700"",""1110.00""],[""0.8800"",""1015.18""],[""0.8900"",""1056.19""]]","[[""0.0860"",""125.00""],[""0.0880"",""126.00""],[""0.0900"",""402.00""],[""0.0910"",""12.00""],[""0.0920"",""125.00""],[""0.0940"",""525.00""],[""0.0960"",""157.43""],[""0.0970"",""10.00""],[""0.0990"",""125.00""],[""0.1000"",""1178.00""]]"
2026-05-16T11:05:13.968Z,KXBTC15M-26MAY160715-15,BTC price up in next 15 mins?,KXBTC15M-26MAY160715,2026-05-16T11:15:00Z,active,0.86,0.87,0.13,0.14,0.865,0.87,71582.84,48764.85,1007.64,1187.0,"[[""0.8000"",""151.25""],[""0.8100"",""810.23""],[""0.8200"",""27.76""],[""0.8300"",""710.20""],[""0.8400"",""163.19""],[""0.8500"",""588.17""],[""0.8600"",""1541.16""],[""0.8700"",""1110.00""],[""0.8800"",""1025.18""],[""0.8900"",""1007.64""]]","[[""0.0840"",""125.00""],[""0.0860"",""125.00""],[""0.0880"",""126.00""],[""0.0900"",""402.00""],[""0.0920"",""125.00""],[""0.0940"",""138.00""],[""0.0950"",""32.43""],[""0.0960"",""125.00""],[""0.0990"",""525.00""],[""0.1000"",""1187.00""]]"
2026-05-16T11:05:15.969Z,KXBTC15M-26MAY160715-15,BTC price up in next 15 mins?,KXBTC15M-26MAY160715,2026-05-16T11:15:00Z,active,0.86,0.87,0.13,0.14,0.865,0.87,71582.84,48764.85,840.13,1188.0,"[[""0.8000"",""151.25""],[""0.8100"",""660.23""],[""0.8200"",""27.76""],[""0.8300"",""785.20""],[""0.8400"",""163.19""],[""0.8500"",""588.17""],[""0.8600"",""1541.16""],[""0.8700"",""1110.00""],[""0.8800"",""1015.18""],[""0.8900"",""840.13""]]","[[""0.0840"",""125.00""],[""0.0860"",""125.00""],[""0.0880"",""128.00""],[""0.0900"",""402.00""],[""0.0920"",""137.00""],[""0.0940"",""135.00""],[""0.0950"",""32.43""],[""0.0960"",""125.00""],[""0.0990"",""125.00""],[""0.1000"",""1188.00""]]"
2026-05-16T11:05:17.966Z,KXBTC15M-26MAY160715-15,BTC price up in next 15 mins?,KXBTC15M-26MAY160715,2026-05-16T11:15:00Z,active,0.86,0.87,0.13,0.14,0.865,0.87,71582.84,48764.85,240.0,1244.0,"[[""0.7800"",""130.28""],[""0.7900"",""126.26""],[""0.8000"",""301.25""],[""0.8100"",""660.23""],[""0.8200"",""27.76""],[""0.8300"",""710.20""],[""0.8400"",""2148.19""],[""0.8500"",""1024.00""],[""0.8600"",""1008.18""],[""0.8700"",""240.00""]]","[[""0.0880"",""126.00""],[""0.0900"",""1402.00""],[""0.0920"",""127.00""],[""0.0940"",""125.00""],[""0.0960"",""125.00""],[""0.0980"",""13.00""],[""0.0990"",""125.00""],[""0.1000"",""1549.70""],[""0.1100"",""192.43""],[""0.1200"",""1244.00""]]"
2026-05-16T11:05:19.969Z,KXBTC15M-26MAY160715-15,BTC price up in next 15 mins?,KXBTC15M-26MAY160715,2026-05-16T11:15:00Z,active,0.86,0.87,0.13,0.14,0.865,0.87,71582.84,48764.85,166.0,200.0,"[[""0.7800"",""280.28""],[""0.7900"",""126.26""],[""0.8000"",""151.25""],[""0.8100"",""735.23""],[""0.8200"",""27.76""],[""0.8300"",""2250.20""],[""0.8400"",""1608.19""],[""0.8500"",""1149.18""],[""0.8600"",""8.00""],[""0.8700"",""166.00""]]","[[""0.0880"",""126.00""],[""0.0900"",""552.00""],[""0.0920"",""125.00""],[""0.0940"",""125.00""],[""0.0960"",""125.00""],[""0.0980"",""13.00""],[""0.0990"",""127.00""],[""0.1000"",""2549.70""],[""0.1100"",""282.43""],[""0.1200"",""200.00""]]"
2026-05-16T11:05:21.971Z,KXBTC15M-26MAY160715-15,BTC price up in next 15 mins?,KXBTC15M-26MAY160715,2026-05-16T11:15:00Z,active,0.86,0.87,0.13,0.14,0.865,0.87,71582.84,48764.85,106.0,1237.38,"[[""0.7700"",""126.29""],[""0.7800"",""276.28""],[""0.7900"",""126.26""],[""0.8000"",""151.25""],[""0.8100"",""660.23""],[""0.8200"",""31.76""],[""0.8300"",""2250.20""],[""0.8400"",""1606.00""],[""0.8500"",""1279.18""],[""0.8600"",""106.00""]]","[[""0.0880"",""126.00""],[""0.0900"",""552.00""],[""0.0920"",""125.00""],[""0.0940"",""125.00""],[""0.0960"",""127.00""],[""0.0990"",""125.00""],[""0.1000"",""2549.70""],[""0.1100"",""150.00""],[""0.1200"",""187.43""],[""0.1300"",""1237.38""]]"
2026-05-16T11:05:23.964Z,KXBTC15M-26MAY160715-15,BTC price up in next 15 mins?,KXBTC15M-26MAY160715,2026-05-16T11:15:00Z,active,0.85,0.87,0.13,0.15,0.86,0.85,80085.45,50325.27,1109.07,217.0,"[[""0.7600"",""224.85""],[""0.7700"",""130.29""],[""0.7800"",""276.28""],[""0.7900"",""126.26""],[""0.8000"",""156.25""],[""0.8100"",""161.23""],[""0.8200"",""27.76""],[""0.8300"",""453.00""],[""0.8400"",""3103.00""],[""0.8500"",""1109.07""]]","[[""0.0900"",""552.00""],[""0.0920"",""125.00""],[""0.0940"",""125.00""],[""0.0960"",""127.00""],[""0.0990"",""125.00""],[""0.1000"",""2549.70""],[""0.1100"",""150.00""],[""0.1200"",""162.43""],[""0.1300"",""1139.00""],[""0.1400"",""217.00""]]"
2026-05-16T11:05:25.967Z,KXBTC15M-26MAY160715-15,BTC price up in next 15 mins?,KXBTC15M-26MAY160715,2026-05-16T11:15:00Z,active,0.85,0.87,0.13,0.15,0.86,0.85,80085.45,50325.27,2135.33,303.0,"[[""0.7600"",""224.85""],[""0.7700"",""130.29""],[""0.7800"",""126.28""],[""0.7900"",""276.26""],[""0.8000"",""156.25""],[""0.8100"",""161.23""],[""0.8200"",""27.76""],[""0.8300"",""454.20""],[""0.8400"",""2103.00""],[""0.8500"",""2135.33""]]","[[""0.0900"",""383.00""],[""0.0920"",""125.00""],[""0.0940"",""125.00""],[""0.0960"",""125.00""],[""0.0970"",""2.00""],[""0.0990"",""125.00""],[""0.1000"",""1549.70""],[""0.1100"",""1150.00""],[""0.1200"",""1215.43""],[""0.1300"",""303.00""]]"
2026-05-16T11:05:27.959Z,KXBTC15M-26MAY160715-15,BTC price up in next 15 mins?,KXBTC15M-26MAY160715,2026-05-16T11:15:00Z,active,0.85,0.87,0.13,0.15,0.86,0.85,80085.45,50325.27,126.26,1257.78,"[[""0.7600"",""224.85""],[""0.7700"",""130.29""],[""0.7800"",""126.28""],[""0.7900"",""276.26""],[""0.8000"",""151.25""],[""0.8100"",""166.23""],[""0.8200"",""27.76""],[""0.8300"",""454.20""],[""0.8400"",""4103.61""],[""0.8500"",""126.26""]]","[[""0.0920"",""125.00""],[""0.0940"",""125.00""],[""0.0950"",""32.43""],[""0.0960"",""125.00""],[""0.0970"",""2.00""],[""0.0990"",""125.00""],[""0.1000"",""1539.70""],[""0.1100"",""1165.00""],[""0.1200"",""125.00""],[""0.1300"",""1257.78""]]"
2026-05-16T11:05:29.962Z,KXBTC15M-26MAY160715-15,BTC price up in next 15 mins?,KXBTC15M-26MAY160715,2026-05-16T11:15:00Z,active,0.85,0.87,0.13,0.15,0.86,0.85,80085.45,50325.27,3742.61,332.89,"[[""0.7500"",""129.33""],[""0.7600"",""217.85""],[""0.7700"",""130.29""],[""0.7800"",""126.28""],[""0.7900"",""276.26""],[""0.8000"",""151.25""],[""0.8100"",""166.23""],[""0.8200"",""26.55""],[""0.8300"",""985.00""],[""0.8400"",""3742.61""]]","[[""0.0920"",""125.00""],[""0.0940"",""125.00""],[""0.0960"",""125.00""],[""0.0990"",""127.00""],[""0.1000"",""1539.70""],[""0.1100"",""1155.00""],[""0.1200"",""135.00""],[""0.1300"",""1120.78""],[""0.1400"",""126.00""],[""0.1500"",""332.89""]]"
2026-05-16T11:05:31.974Z,KXBTC15M-26MAY160715-15,BTC price up in next 15 mins?,KXBTC15M-26MAY160715,2026-05-16T11:15:00Z,active,0.85,0.87,0.13,0.15,0.86,0.85,80085.45,50325.27,3842.64,320.0,"[[""0.7500"",""129.33""],[""0.7600"",""217.85""],[""0.7700"",""130.29""],[""0.7800"",""625.28""],[""0.7900"",""575.26""],[""0.8000"",""151.25""],[""0.8100"",""166.23""],[""0.8200"",""46.76""],[""0.8300"",""945.00""],[""0.8400"",""3842.64""]]","[[""0.0900"",""383.00""],[""0.0920"",""125.00""],[""0.0940"",""125.00""],[""0.0960"",""125.00""],[""0.0990"",""125.00""],[""0.1000"",""1541.70""],[""0.1100"",""187.43""],[""0.1200"",""1154.00""],[""0.1300"",""1120.78""],[""0.1400"",""320.00""]]"
2026-05-16T11:05:33.977Z,KXBTC15M-26MAY160715-15,BTC price up in next 15 mins?,KXBTC15M-26MAY160715,2026-05-16T11:15:00Z,active,0.85,0.87,0.13,0.15,0.86,0.85,80085.45,50325.27,10.75,17.0,"[[""0.7600"",""217.85""],[""0.7700"",""130.29""],[""0.7800"",""625.28""],[""0.7900"",""575.26""],[""0.8000"",""151.25""],[""0.8100"",""166.23""],[""0.8200"",""46.76""],[""0.8300"",""453.00""],[""0.8400"",""4262.62""],[""0.8500"",""10.75""]]","[[""0.0920"",""125.00""],[""0.0940"",""125.00""],[""0.0950"",""2.00""],[""0.0960"",""125.00""],[""0.0990"",""125.00""],[""0.1000"",""1539.70""],[""0.1100"",""187.43""],[""0.1200"",""1144.00""],[""0.1300"",""1157.78""],[""0.1400"",""17.00""]]"
2026-05-16T11:05:35.969Z,KXBTC15M-26MAY160715-15,BTC price up in next 15 mins?,KXBTC15M-26MAY160715,2026-05-16T11:15:00Z,active,0.85,0.87,0.13,0.15,0.86,0.85,80085.45,50325.27,4192.94,37.0,"[[""0.7500"",""129.33""],[""0.7600"",""217.85""],[""0.7700"",""130.29""],[""0.7800"",""625.28""],[""0.7900"",""650.26""],[""0.8000"",""151.25""],[""0.8100"",""166.23""],[""0.8200"",""46.76""],[""0.8300"",""455.00""],[""0.8400"",""4192.94""]]","[[""0.0920"",""125.00""],[""0.0940"",""125.00""],[""0.0960"",""125.00""],[""0.0970"",""2.00""],[""0.0990"",""125.00""],[""0.1000"",""1539.70""],[""0.1100"",""187.43""],[""0.1200"",""1144.00""],[""0.1300"",""1227.78""],[""0.1400"",""37.00""]]"
2026-05-16T11:05:37.967Z,KXBTC15M-26MAY160715-15,BTC price up in next 15 mins?,KXBTC15M-26MAY160715,2026-05-16T11:15:00Z,active,0.85,0.87,0.13,0.15,0.86,0.85,80085.45,50325.27,2423.28,10.0,"[[""0.7600"",""217.85""],[""0.7700"",""140.29""],[""0.7800"",""625.28""],[""0.7900"",""500.26""],[""0.8000"",""301.25""],[""0.8100"",""166.23""],[""0.8200"",""46.76""],[""0.8300"",""454.20""],[""0.8400"",""1654.61""],[""0.8500"",""2423.28""]]","[[""0.0900"",""383.00""],[""0.0920"",""125.00""],[""0.0940"",""127.00""],[""0.0960"",""125.00""],[""0.0990"",""125.00""],[""0.1000"",""1539.70""],[""0.1100"",""187.43""],[""0.1200"",""2152.00""],[""0.1300"",""246.78""],[""0.1400"",""10.00""]]"
2026-05-16T11:05:39.972Z,KXBTC15M-26MAY160715-15,BTC price up in next 15 mins?,KXBTC15M-26MAY160715,2026-05-16T11:15:00Z,active,0.85,0.87,0.13,0.15,0.86,0.85,80085.45,50325.27,2889.13,1.0,"[[""0.7600"",""217.85""],[""0.7700"",""140.29""],[""0.7800"",""625.28""],[""0.7900"",""425.26""],[""0.8000"",""301.25""],[""0.8100"",""166.23""],[""0.8200"",""46.76""],[""0.8300"",""168.00""],[""0.8400"",""1749.61""],[""0.8500"",""2889.13""]]","[[""0.0900"",""383.00""],[""0.0920"",""125.00""],[""0.0940"",""125.00""],[""0.0960"",""127.00""],[""0.0990"",""125.00""],[""0.1000"",""1539.70""],[""0.1100"",""187.43""],[""0.1200"",""2144.00""],[""0.1300"",""311.12""],[""0.1400"",""1.00""]]"
2026-05-16T11:05:41.971Z,KXBTC15M-26MAY160715-15,BTC price up in next 15 mins?,KXBTC15M-26MAY160715,2026-05-16T11:15:00Z,active,0.85,0.87,0.13,0.15,0.86,0.85,80085.45,50325.27,2735.49,1.0,"[[""0.7600"",""217.85""],[""0.7700"",""140.29""],[""0.7800"",""625.28""],[""0.7900"",""425.26""],[""0.8000"",""301.25""],[""0.8100"",""166.23""],[""0.8200"",""46.76""],[""0.8300"",""168.00""],[""0.8400"",""1618.61""],[""0.8500"",""2735.49""]]","[[""0.0900"",""383.00""],[""0.0920"",""125.00""],[""0.0940"",""125.00""],[""0.0960"",""127.00""],[""0.0990"",""125.00""],[""0.1000"",""1539.70""],[""0.1100"",""187.43""],[""0.1200"",""2144.00""],[""0.1300"",""140.12""],[""0.1400"",""1.00""]]"
2026-05-16T11:05:43.969Z,KXBTC15M-26MAY160715-15,BTC price up in next 15 mins?,KXBTC15M-26MAY160715,2026-05-16T11:15:00Z,active,0.85,0.87,0.13,0.15,0.86,0.85,80085.45,50325.27,41.01,277.33,"[[""0.7700"",""136.29""],[""0.7800"",""625.28""],[""0.7900"",""425.26""],[""0.8000"",""301.25""],[""0.8100"",""170.23""],[""0.8200"",""46.76""],[""0.8300"",""169.20""],[""0.8400"",""1527.61""],[""0.8500"",""3038.49""],[""0.8600"",""41.01""]]","[[""0.0880"",""126.00""],[""0.0900"",""383.00""],[""0.0920"",""125.00""],[""0.0940"",""125.00""],[""0.0960"",""127.00""],[""0.0990"",""125.00""],[""0.1000"",""1539.70""],[""0.1100"",""187.43""],[""0.1200"",""2194.00""],[""0.1300"",""277.33""]]"
2026-05-16T11:05:45.970Z,KXBTC15M-26MAY160715-15,BTC price up in next 15 mins?,KXBTC15M-26MAY160715,2026-05-16T11:15:00Z,active,0.85,0.87,0.13,0.15,0.86,0.85,80085.45,50325.27,269.01,121.0,"[[""0.7700"",""136.29""],[""0.7800"",""625.28""],[""0.7900"",""425.26""],[""0.8000"",""301.25""],[""0.8100"",""165.23""],[""0.8200"",""46.76""],[""0.8300"",""169.20""],[""0.8400"",""1552.61""],[""0.8500"",""2963.49""],[""0.8600"",""269.01""]]","[[""0.0900"",""383.00""],[""0.0920"",""125.00""],[""0.0940"",""125.00""],[""0.0950"",""2.00""],[""0.0960"",""125.00""],[""0.0990"",""125.00""],[""0.1000"",""1539.70""],[""0.1100"",""1196.11""],[""0.1200"",""1008.00""],[""0.1300"",""121.00""]]"
2026-05-16T11:05:47.975Z,KXBTC15M-26MAY160715-15,BTC price up in next 15 mins?,KXBTC15M-26MAY160715,2026-05-16T11:15:00Z,active,0.85,0.87,0.13,0.15,0.86,0.85,80085.45,50325.27,173.8,121.0,"[[""0.7700"",""136.29""],[""0.7800"",""625.28""],[""0.7900"",""425.26""],[""0.8000"",""376.25""],[""0.8100"",""165.23""],[""0.8200"",""46.76""],[""0.8300"",""169.20""],[""0.8400"",""1552.61""],[""0.8500"",""2963.49""],[""0.8600"",""173.80""]]","[[""0.0900"",""383.00""],[""0.0920"",""125.00""],[""0.0940"",""125.00""],[""0.0950"",""2.00""],[""0.0960"",""125.00""],[""0.0990"",""125.00""],[""0.1000"",""1574.70""],[""0.1100"",""1105.11""],[""0.1200"",""1208.00""],[""0.1300"",""121.00""]]"
2026-05-16T11:05:49.985Z,KXBTC15M-26MAY160715-15,BTC price up in next 15 mins?,KXBTC15M-26MAY160715,2026-05-16T11:15:00Z,active,0.85,0.87,0.13,0.15,0.86,0.85,80085.45,50325.27,193.64,121.0,"[[""0.7700"",""136.29""],[""0.7800"",""625.28""],[""0.7900"",""425.26""],[""0.8000"",""151.25""],[""0.8100"",""315.23""],[""0.8200"",""46.76""],[""0.8300"",""126.20""],[""0.8400"",""595.00""],[""0.8500"",""3964.10""],[""0.8600"",""193.64""]]","[[""0.0880"",""126.00""],[""0.0900"",""1922.70""],[""0.0920"",""127.00""],[""0.0940"",""125.00""],[""0.0960"",""125.00""],[""0.0990"",""125.00""],[""0.1000"",""35.00""],[""0.1100"",""1105.11""],[""0.1200"",""1133.00""],[""0.1300"",""121.00""]]"
2026-05-16T11:05:51.962Z,KXBTC15M-26MAY160715-15,BTC price up in next 15 mins?,KXBTC15M-26MAY160715,2026-05-16T11:15:00Z,active,0.85,0.87,0.13,0.15,0.86,0.85,80085.45,50325.27,174.64,1152.0,"[[""0.7700"",""136.29""],[""0.7800"",""130.28""],[""0.7900"",""126.26""],[""0.8000"",""151.25""],[""0.8100"",""161.23""],[""0.8200"",""177.76""],[""0.8300"",""126.20""],[""0.8400"",""151.19""],[""0.8500"",""4589.10""],[""0.8600"",""174.64""]]","[[""0.0840"",""127.00""],[""0.0860"",""125.00""],[""0.0880"",""126.00""],[""0.0900"",""1922.70""],[""0.0920"",""125.00""],[""0.0940"",""125.00""],[""0.0960"",""125.00""],[""0.0990"",""125.00""],[""0.1100"",""1138.11""],[""0.1200"",""1152.00""]]"
2026-05-16T11:05:53.974Z,KXBTC15M-26MAY160715-15,BTC price up in next 15 mins?,KXBTC15M-26MAY160715,2026-05-16T11:15:00Z,active,0.87,0.88,0.12,0.13,0.875,0.87,84360.72,51439.63,294.0,1298.0,"[[""0.7700"",""136.29""],[""0.7800"",""130.28""],[""0.7900"",""126.26""],[""0.8000"",""151.25""],[""0.8100"",""161.23""],[""0.8200"",""177.76""],[""0.8300"",""126.20""],[""0.8400"",""151.19""],[""0.8500"",""4263.73""],[""0.8600"",""294.00""]]","[[""0.0860"",""125.00""],[""0.0880"",""126.00""],[""0.0900"",""1922.70""],[""0.0920"",""125.00""],[""0.0940"",""125.00""],[""0.0950"",""43.00""],[""0.0960"",""125.00""],[""0.0990"",""125.00""],[""0.1100"",""1170.11""],[""0.1200"",""1298.00""]]"
2026-05-16T11:05:56.046Z,KXBTC15M-26MAY160715-15,BTC price up in next 15 mins?,KXBTC15M-26MAY160715,2026-05-16T11:15:00Z,active,0.87,0.88,0.12,0.13,0.875,0.87,84360.72,51439.63,149.0,1174.0,"[[""0.7800"",""130.28""],[""0.7900"",""126.26""],[""0.8000"",""226.25""],[""0.8100"",""161.23""],[""0.8200"",""177.76""],[""0.8300"",""169.20""],[""0.8400"",""151.19""],[""0.8500"",""1714.63""],[""0.8600"",""2760.10""],[""0.8700"",""149.00""]]","[[""0.0880"",""126.00""],[""0.0900"",""1922.70""],[""0.0920"",""125.00""],[""0.0940"",""125.00""],[""0.0950"",""43.00""],[""0.0960"",""125.00""],[""0.0990"",""125.00""],[""0.1000"",""1000.11""],[""0.1100"",""192.00""],[""0.1200"",""1174.00""]]"
2026-05-16T11:05:57.978Z,KXBTC15M-26MAY160715-15,BTC price up in next 15 mins?,KXBTC15M-26MAY160715,2026-05-16T11:15:00Z,active,0.87,0.88,0.12,0.13,0.875,0.87,84360.72,51439.63,160.56,1076.0,"[[""0.7800"",""180.28""],[""0.7900"",""126.26""],[""0.8000"",""725.25""],[""0.8100"",""460.23""],[""0.8200"",""177.76""],[""0.8300"",""126.20""],[""0.8400"",""213.19""],[""0.8500"",""1714.63""],[""0.8600"",""2768.10""],[""0.8700"",""160.56""]]","[[""0.0880"",""126.00""],[""0.0900"",""1922.70""],[""0.0920"",""125.00""],[""0.0940"",""125.00""],[""0.0950"",""43.00""],[""0.0960"",""125.00""],[""0.0990"",""125.00""],[""0.1000"",""1019.11""],[""0.1100"",""422.00""],[""0.1200"",""1076.00""]]"
2026-05-16T11:05:59.973Z,KXBTC15M-26MAY160715-15,BTC price up in next 15 mins?,KXBTC15M-26MAY160715,2026-05-16T11:15:00Z,active,0.87,0.88,0.12,0.13,0.875,0.87,84360.72,51439.63,5.0,1365.0,"[[""0.7900"",""126.26""],[""0.8000"",""725.25""],[""0.8100"",""460.23""],[""0.8200"",""177.76""],[""0.8300"",""126.20""],[""0.8400"",""170.19""],[""0.8500"",""1758.80""],[""0.8600"",""2666.10""],[""0.8700"",""78.87""],[""0.8800"",""5.00""]]","[[""0.0860"",""125.00""],[""0.0880"",""126.00""],[""0.0900"",""1922.70""],[""0.0920"",""125.00""],[""0.0940"",""125.00""],[""0.0950"",""43.00""],[""0.0960"",""125.00""],[""0.0990"",""125.00""],[""0.1000"",""1019.11""],[""0.1100"",""1365.00""]]"
2026-05-16T11:06:01.972Z,KXBTC15M-26MAY160715-15,BTC price up in next 15 mins?,KXBTC15M-26MAY160715,2026-05-16T11:15:00Z,active,0.87,0.88,0.12,0.13,0.875,0.87,84360.72,51439.63,2875.1,445.0,"[[""0.7700"",""136.29""],[""0.7800"",""181.28""],[""0.7900"",""126.26""],[""0.8000"",""650.25""],[""0.8100"",""460.23""],[""0.8200"",""181.76""],[""0.8300"",""126.20""],[""0.8400"",""169.00""],[""0.8500"",""1760.63""],[""0.8600"",""2875.10""]]","[[""0.0900"",""1792.70""],[""0.0920"",""125.00""],[""0.0940"",""125.00""],[""0.0950"",""43.00""],[""0.0960"",""125.00""],[""0.0990"",""125.00""],[""0.1000"",""1019.11""],[""0.1100"",""150.00""],[""0.1200"",""1016.00""],[""0.1300"",""445.00""]]"
2026-05-16T11:06:03.972Z,KXBTC15M-26MAY160715-15,BTC price up in next 15 mins?,KXBTC15M-26MAY160715,2026-05-16T11:15:00Z,active,0.87,0.88,0.12,0.13,0.875,0.87,84360.72,51439.63,11.0,1236.43,"[[""0.7800"",""180.28""],[""0.7900"",""126.26""],[""0.8000"",""650.25""],[""0.8100"",""460.23""],[""0.8200"",""182.76""],[""0.8300"",""126.20""],[""0.8400"",""170.19""],[""0.8500"",""3293.12""],[""0.8600"",""1286.36""],[""0.8700"",""11.00""]]","[[""0.0880"",""126.00""],[""0.0900"",""1792.70""],[""0.0920"",""125.00""],[""0.0940"",""125.00""],[""0.0950"",""43.00""],[""0.0960"",""125.00""],[""0.0990"",""125.00""],[""0.1000"",""1024.11""],[""0.1100"",""260.00""],[""0.1200"",""1236.43""]]"
2026-05-16T11:06:05.960Z,KXBTC15M-26MAY160715-15,BTC price up in next 15 mins?,KXBTC15M-26MAY160715,2026-05-16T11:15:00Z,active,0.87,0.88,0.12,0.13,0.875,0.87,84360.72,51439.63,49.18,254.0,"[[""0.7800"",""180.28""],[""0.7900"",""126.26""],[""0.8000"",""725.25""],[""0.8100"",""460.23""],[""0.8200"",""182.76""],[""0.8300"",""126.20""],[""0.8400"",""170.19""],[""0.8500"",""352.63""],[""0.8600"",""4130.85""],[""0.8700"",""49.18""]]","[[""0.0880"",""126.00""],[""0.0900"",""1792.70""],[""0.0920"",""125.00""],[""0.0940"",""125.00""],[""0.0950"",""43.00""],[""0.0960"",""125.00""],[""0.0990"",""125.00""],[""0.1000"",""1026.11""],[""0.1100"",""1303.00""],[""0.1200"",""254.00""]]"
2026-05-16T11:06:07.992Z,KXBTC15M-26MAY160715-15,BTC price up in next 15 mins?,KXBTC15M-26MAY160715,2026-05-16T11:15:00Z,active,0.87,0.88,0.12,0.13,0.875,0.87,84360.72,51439.63,10.0,1526.18,"[[""0.7900"",""126.26""],[""0.8000"",""650.25""],[""0.8100"",""460.23""],[""0.8200"",""32.76""],[""0.8300"",""276.20""],[""0.8400"",""170.19""],[""0.8500"",""350.63""],[""0.8600"",""2490.36""],[""0.8700"",""1615.80""],[""0.8800"",""10.00""]]","[[""0.0860"",""125.00""],[""0.0880"",""126.00""],[""0.0900"",""1253.11""],[""0.0920"",""125.00""],[""0.0940"",""125.00""],[""0.0960"",""125.00""],[""0.0970"",""43.00""],[""0.0990"",""125.00""],[""0.1000"",""24.00""],[""0.1100"",""1526.18""]]"
2026-05-16T11:06:09.985Z,KXBTC15M-26MAY160715-15,BTC price up in next 15 mins?,KXBTC15M-26MAY160715,2026-05-16T11:15:00Z,active,0.87,0.88,0.12,0.13,0.875,0.87,84360.72,51439.63,256.75,1530.77,"[[""0.7900"",""126.26""],[""0.8000"",""650.25""],[""0.8100"",""460.23""],[""0.8200"",""32.76""],[""0.8300"",""276.20""],[""0.8400"",""170.19""],[""0.8500"",""66.80""],[""0.8600"",""1489.75""],[""0.8700"",""2767.29""],[""0.8800"",""256.75""]]","[[""0.0860"",""125.00""],[""0.0880"",""126.00""],[""0.0900"",""1253.11""],[""0.0920"",""125.00""],[""0.0940"",""125.00""],[""0.0960"",""125.00""],[""0.0970"",""43.00""],[""0.0990"",""125.00""],[""0.1000"",""24.00""],[""0.1100"",""1530.77""]]"
2026-05-16T11:06:11.969Z,KXBTC15M-26MAY160715-15,BTC price up in next 15 mins?,KXBTC15M-26MAY160715,2026-05-16T11:15:00Z,active,0.87,0.88,0.12,0.13,0.875,0.87,84360.72,51439.63,340.5,1257.77,"[[""0.7900"",""126.26""],[""0.8000"",""650.25""],[""0.8100"",""460.23""],[""0.8200"",""32.76""],[""0.8300"",""276.20""],[""0.8400"",""170.19""],[""0.8500"",""66.80""],[""0.8600"",""1489.75""],[""0.8700"",""2676.29""],[""0.8800"",""340.50""]]","[[""0.0860"",""125.00""],[""0.0880"",""126.00""],[""0.0900"",""253.00""],[""0.0920"",""125.00""],[""0.0940"",""125.00""],[""0.0960"",""175.00""],[""0.0970"",""43.00""],[""0.0990"",""125.00""],[""0.1000"",""172.00""],[""0.1100"",""1257.77""]]"
2026-05-16T11:06:13.968Z,KXBTC15M-26MAY160715-15,BTC price up in next 15 mins?,KXBTC15M-26MAY160715,2026-05-16T11:15:00Z,active,0.87,0.88,0.12,0.13,0.875,0.87,84360.72,51439.63,1.0,1441.0,"[[""0.7400"",""432.53""],[""0.7500"",""126.33""],[""0.7600"",""217.85""],[""0.7700"",""1211.29""],[""0.7800"",""201.28""],[""0.7900"",""169.26""],[""0.8000"",""2091.25""],[""0.8100"",""1180.66""],[""0.8200"",""1.21""],[""0.8300"",""1.00""]]","[[""0.0940"",""125.00""],[""0.0960"",""125.00""],[""0.0990"",""125.00""],[""0.1000"",""318.00""],[""0.1100"",""125.00""],[""0.1200"",""125.00""],[""0.1300"",""1690.00""],[""0.1400"",""1130.00""],[""0.1500"",""168.00""],[""0.1600"",""1441.00""]]"
2026-05-16T11:06:15.970Z,KXBTC15M-26MAY160715-15,BTC price up in next 15 mins?,KXBTC15M-26MAY160715,2026-05-16T11:15:00Z,active,0.87,0.88,0.12,0.13,0.875,0.87,84360.72,51439.63,2841.66,980.25,"[[""0.7600"",""217.85""],[""0.7700"",""146.29""],[""0.7800"",""675.28""],[""0.7900"",""126.26""],[""0.8000"",""455.25""],[""0.8100"",""161.23""],[""0.8200"",""1126.21""],[""0.8300"",""589.00""],[""0.8400"",""150.00""],[""0.8500"",""2841.66""]]","[[""0.0900"",""1793.00""],[""0.0920"",""125.00""],[""0.0940"",""125.00""],[""0.0960"",""125.00""],[""0.0990"",""125.00""],[""0.1000"",""1105.00""],[""0.1100"",""179.00""],[""0.1200"",""290.00""],[""0.1300"",""96.00""],[""0.1400"",""980.25""]]"
2026-05-16T11:06:17.977Z,KXBTC15M-26MAY160715-15,BTC price up in next 15 mins?,KXBTC15M-26MAY160715,2026-05-16T11:15:00Z,active,0.87,0.88,0.12,0.13,0.875,0.87,84360.72,51439.63,226.0,1047.67,"[[""0.7600"",""217.85""],[""0.7700"",""146.29""],[""0.7800"",""675.28""],[""0.7900"",""201.26""],[""0.8000"",""455.25""],[""0.8100"",""204.23""],[""0.8200"",""1126.21""],[""0.8300"",""546.00""],[""0.8400"",""2690.66""],[""0.8500"",""226.00""]]","[[""0.0900"",""1793.00""],[""0.0920"",""125.00""],[""0.0940"",""125.00""],[""0.0960"",""125.00""],[""0.0990"",""125.00""],[""0.1000"",""16.00""],[""0.1100"",""1179.00""],[""0.1200"",""290.00""],[""0.1300"",""139.00""],[""0.1400"",""1047.67""]]"
2026-05-16T11:06:19.968Z,KXBTC15M-26MAY160715-15,BTC price up in next 15 mins?,KXBTC15M-26MAY160715,2026-05-16T11:15:00Z,active,0.87,0.88,0.12,0.13,0.875,0.87,84360.72,51439.63,31.91,1210.0,"[[""0.7600"",""217.85""],[""0.7700"",""146.29""],[""0.7800"",""675.28""],[""0.7900"",""201.26""],[""0.8000"",""1455.25""],[""0.8100"",""161.23""],[""0.8200"",""169.21""],[""0.8300"",""3086.66""],[""0.8400"",""150.00""],[""0.8500"",""31.91""]]","[[""0.0900"",""333.00""],[""0.0920"",""125.00""],[""0.0940"",""125.00""],[""0.0960"",""125.00""],[""0.0990"",""125.00""],[""0.1000"",""1542.00""],[""0.1100"",""179.00""],[""0.1200"",""1140.00""],[""0.1300"",""432.00""],[""0.1400"",""1210.00""]]"
2026-05-16T11:06:21.971Z,KXBTC15M-26MAY160715-15,BTC price up in next 15 mins?,KXBTC15M-26MAY160715,2026-05-16T11:15:00Z,active,0.87,0.88,0.12,0.13,0.875,0.87,84360.72,51439.63,0.54,1330.0,"[[""0.7600"",""716.85""],[""0.7700"",""146.29""],[""0.7800"",""475.28""],[""0.7900"",""201.26""],[""0.8000"",""1156.25""],[""0.8100"",""225.23""],[""0.8200"",""526.21""],[""0.8300"",""2665.66""],[""0.8400"",""180.00""],[""0.8500"",""0.54""]]","[[""0.0900"",""333.00""],[""0.0920"",""125.00""],[""0.0940"",""125.00""],[""0.0960"",""125.00""],[""0.0990"",""125.00""],[""0.1000"",""1590.00""],[""0.1100"",""160.00""],[""0.1200"",""1161.00""],[""0.1300"",""264.00""],[""0.1400"",""1330.00""]]"
2026-05-16T11:06:23.980Z,KXBTC15M-26MAY160715-15,BTC price up in next 15 mins?,KXBTC15M-26MAY160715,2026-05-16T11:15:00Z,active,0.83,0.85,0.15,0.17,0.84,0.83,97945.17,55646.13,167.0,200.0,"[[""0.7500"",""126.33""],[""0.7600"",""716.85""],[""0.7700"",""211.29""],[""0.7800"",""485.28""],[""0.7900"",""126.26""],[""0.8000"",""1156.25""],[""0.8100"",""224.00""],[""0.8200"",""525.00""],[""0.8300"",""2601.89""],[""0.8400"",""167.00""]]","[[""0.0900"",""333.00""],[""0.0920"",""125.00""],[""0.0940"",""125.00""],[""0.0960"",""125.00""],[""0.0990"",""125.00""],[""0.1000"",""1590.00""],[""0.1100"",""160.00""],[""0.1200"",""1161.00""],[""0.1300"",""221.00""],[""0.1400"",""200.00""]]"
2026-05-16T11:06:25.982Z,KXBTC15M-26MAY160715-15,BTC price up in next 15 mins?,KXBTC15M-26MAY160715,2026-05-16T11:15:00Z,active,0.83,0.85,0.15,0.17,0.84,0.83,97945.17,55646.13,121.14,1195.0,"[[""0.7500"",""126.33""],[""0.7600"",""716.85""],[""0.7700"",""211.29""],[""0.7800"",""485.28""],[""0.7900"",""126.26""],[""0.8000"",""1156.25""],[""0.8100"",""625.23""],[""0.8200"",""125.00""],[""0.8300"",""2619.89""],[""0.8400"",""121.14""]]","[[""0.0920"",""125.00""],[""0.0940"",""125.00""],[""0.0960"",""125.00""],[""0.0990"",""125.00""],[""0.1000"",""50.00""],[""0.1100"",""1700.00""],[""0.1200"",""1151.00""],[""0.1300"",""275.00""],[""0.1400"",""125.00""],[""0.1500"",""1195.00""]]"
2026-05-16T11:06:27.966Z,KXBTC15M-26MAY160715-15,BTC price up in next 15 mins?,KXBTC15M-26MAY160715,2026-05-16T11:15:00Z,active,0.83,0.85,0.15,0.17,0.84,0.83,97945.17,55646.13,80.0,1140.76,"[[""0.7500"",""126.33""],[""0.7600"",""716.85""],[""0.7700"",""136.29""],[""0.7800"",""485.28""],[""0.7900"",""1126.26""],[""0.8000"",""556.25""],[""0.8100"",""182.23""],[""0.8200"",""1137.66""],[""0.8300"",""1673.23""],[""0.8400"",""80.00""]]","[[""0.0920"",""125.00""],[""0.0940"",""125.00""],[""0.0960"",""200.00""],[""0.0990"",""125.00""],[""0.1000"",""50.00""],[""0.1100"",""1690.00""],[""0.1200"",""151.00""],[""0.1300"",""1275.00""],[""0.1400"",""125.00""],[""0.1500"",""1140.76""]]"
2026-05-16T11:06:29.975Z,KXBTC15M-26MAY160715-15,BTC price up in next 15 mins?,KXBTC15M-26MAY160715,2026-05-16T11:15:00Z,active,0.83,0.85,0.15,0.17,0.84,0.83,97945.17,55646.13,40.53,1103.0,"[[""0.7500"",""425.33""],[""0.7600"",""217.85""],[""0.7700"",""136.29""],[""0.7800"",""251.28""],[""0.7900"",""155.26""],[""0.8000"",""1156.25""],[""0.8100"",""763.23""],[""0.8200"",""125.00""],[""0.8300"",""2695.89""],[""0.8400"",""40.53""]]","[[""0.0920"",""125.00""],[""0.0940"",""125.00""],[""0.0960"",""125.00""],[""0.0990"",""125.00""],[""0.1000"",""50.00""],[""0.1100"",""1690.00""],[""0.1200"",""1132.00""],[""0.1300"",""294.00""],[""0.1400"",""125.00""],[""0.1500"",""1103.00""]]"
2026-05-16T11:06:31.970Z,KXBTC15M-26MAY160715-15,BTC price up in next 15 mins?,KXBTC15M-26MAY160715,2026-05-16T11:15:00Z,active,0.83,0.85,0.15,0.17,0.84,0.83,97945.17,55646.13,145.0,1215.0,"[[""0.7500"",""425.33""],[""0.7600"",""217.85""],[""0.7700"",""136.29""],[""0.7800"",""251.28""],[""0.7900"",""155.26""],[""0.8000"",""1156.25""],[""0.8100"",""806.23""],[""0.8200"",""125.00""],[""0.8300"",""2697.89""],[""0.8400"",""145.00""]]","[[""0.0920"",""125.00""],[""0.0940"",""125.00""],[""0.0960"",""125.00""],[""0.0990"",""125.00""],[""0.1000"",""1590.00""],[""0.1100"",""150.00""],[""0.1200"",""1132.00""],[""0.1300"",""294.00""],[""0.1400"",""254.00""],[""0.1500"",""1215.00""]]"
2026-05-16T11:06:33.963Z,KXBTC15M-26MAY160715-15,BTC price up in next 15 mins?,KXBTC15M-26MAY160715,2026-05-16T11:15:00Z,active,0.83,0.85,0.15,0.17,0.84,0.83,97945.17,55646.13,137.1,1232.0,"[[""0.7500"",""425.33""],[""0.7600"",""217.85""],[""0.7700"",""136.29""],[""0.7800"",""251.28""],[""0.7900"",""155.26""],[""0.8000"",""1156.25""],[""0.8100"",""806.23""],[""0.8200"",""125.00""],[""0.8300"",""2697.89""],[""0.8400"",""137.10""]]","[[""0.0920"",""125.00""],[""0.0940"",""125.00""],[""0.0960"",""125.00""],[""0.0990"",""125.00""],[""0.1000"",""1540.00""],[""0.1100"",""150.00""],[""0.1200"",""1182.00""],[""0.1300"",""294.00""],[""0.1400"",""219.00""],[""0.1500"",""1232.00""]]"
2026-05-16T11:06:35.977Z,KXBTC15M-26MAY160715-15,BTC price up in next 15 mins?,KXBTC15M-26MAY160715,2026-05-16T11:15:00Z,active,0.83,0.85,0.15,0.17,0.84,0.83,97945.17,55646.13,317.69,1215.0,"[[""0.7500"",""425.33""],[""0.7600"",""217.85""],[""0.7700"",""136.29""],[""0.7800"",""251.28""],[""0.7900"",""145.26""],[""0.8000"",""1166.25""],[""0.8100"",""806.23""],[""0.8200"",""125.00""],[""0.8300"",""2675.89""],[""0.8400"",""317.69""]]","[[""0.0920"",""125.00""],[""0.0940"",""125.00""],[""0.0960"",""125.00""],[""0.0990"",""125.00""],[""0.1000"",""1540.00""],[""0.1100"",""150.00""],[""0.1200"",""1182.00""],[""0.1300"",""294.00""],[""0.1400"",""150.00""],[""0.1500"",""1215.00""]]"
2026-05-16T11:06:37.976Z,KXBTC15M-26MAY160715-15,BTC price up in next 15 mins?,KXBTC15M-26MAY160715,2026-05-16T11:15:00Z,active,0.83,0.85,0.15,0.17,0.84,0.83,97945.17,55646.13,1852.07,999.9,"[[""0.7500"",""425.33""],[""0.7600"",""217.85""],[""0.7700"",""136.29""],[""0.7800"",""176.28""],[""0.7900"",""145.26""],[""0.8000"",""161.25""],[""0.8100"",""1811.23""],[""0.8200"",""125.00""],[""0.8300"",""1135.66""],[""0.8400"",""1852.07""]]","[[""0.0920"",""125.00""],[""0.0940"",""125.00""],[""0.0960"",""200.00""],[""0.0990"",""125.00""],[""0.1000"",""1840.00""],[""0.1100"",""155.00""],[""0.1200"",""1177.00""],[""0.1300"",""294.00""],[""0.1400"",""139.00""],[""0.1500"",""999.90""]]"
2026-05-16T11:06:39.978Z,KXBTC15M-26MAY160715-15,BTC price up in next 15 mins?,KXBTC15M-26MAY160715,2026-05-16T11:15:00Z,active,0.83,0.85,0.15,0.17,0.84,0.83,97945.17,55646.13,1991.07,1085.0,"[[""0.7500"",""575.33""],[""0.7600"",""217.85""],[""0.7700"",""136.29""],[""0.7800"",""176.28""],[""0.7900"",""145.26""],[""0.8000"",""151.25""],[""0.8100"",""1811.23""],[""0.8200"",""135.00""],[""0.8300"",""1143.66""],[""0.8400"",""1991.07""]]","[[""0.0920"",""125.00""],[""0.0940"",""125.00""],[""0.0960"",""125.00""],[""0.0990"",""125.00""],[""0.1000"",""1840.00""],[""0.1100"",""155.00""],[""0.1200"",""1327.00""],[""0.1300"",""144.00""],[""0.1400"",""143.00""],[""0.1500"",""1085.00""]]"
2026-05-16T11:06:41.975Z,KXBTC15M-26MAY160715-15,BTC price up in next 15 mins?,KXBTC15M-26MAY160715,2026-05-16T11:15:00Z,active,0.83,0.85,0.15,0.17,0.84,0.83,97945.17,55646.13,2748.09,1086.0,"[[""0.7600"",""367.85""],[""0.7700"",""136.29""],[""0.7800"",""176.28""],[""0.7900"",""151.26""],[""0.8000"",""151.25""],[""0.8100"",""366.23""],[""0.8200"",""126.21""],[""0.8300"",""1537.00""],[""0.8400"",""387.05""],[""0.8500"",""2748.09""]]","[[""0.0900"",""1873.00""],[""0.0920"",""125.00""],[""0.0940"",""125.00""],[""0.0960"",""125.00""],[""0.0990"",""125.00""],[""0.1000"",""1302.00""],[""0.1100"",""315.00""],[""0.1200"",""175.00""],[""0.1300"",""140.00""],[""0.1400"",""1086.00""]]"
2026-05-16T11:06:43.974Z,KXBTC15M-26MAY160715-15,BTC price up in next 15 mins?,KXBTC15M-26MAY160715,2026-05-16T11:15:00Z,active,0.83,0.85,0.15,0.17,0.84,0.83,97945.17,55646.13,27.26,1182.49,"[[""0.7600"",""367.85""],[""0.7700"",""136.29""],[""0.7800"",""675.28""],[""0.7900"",""525.26""],[""0.8000"",""151.25""],[""0.8100"",""411.23""],[""0.8200"",""1545.21""],[""0.8300"",""135.00""],[""0.8400"",""2904.14""],[""0.8500"",""27.26""]]","[[""0.0900"",""333.00""],[""0.0920"",""125.00""],[""0.0940"",""125.00""],[""0.0960"",""125.00""],[""0.0990"",""125.00""],[""0.1000"",""1840.00""],[""0.1100"",""1317.00""],[""0.1200"",""194.00""],[""0.1300"",""161.00""],[""0.1400"",""1182.49""]]"
2026-05-16T11:06:45.975Z,KXBTC15M-26MAY160715-15,BTC price up in next 15 mins?,KXBTC15M-26MAY160715,2026-05-16T11:15:00Z,active,0.83,0.85,0.15,0.17,0.84,0.83,97945.17,55646.13,421.45,1010.0,"[[""0.7500"",""280.33""],[""0.7600"",""217.85""],[""0.7700"",""136.29""],[""0.7800"",""675.28""],[""0.7900"",""450.26""],[""0.8000"",""1151.25""],[""0.8100"",""811.23""],[""0.8200"",""2685.09""],[""0.8300"",""135.00""],[""0.8400"",""421.45""]]","[[""0.0920"",""125.00""],[""0.0940"",""200.00""],[""0.0960"",""125.00""],[""0.0990"",""175.00""],[""0.1000"",""300.00""],[""0.1100"",""155.00""],[""0.1200"",""296.00""],[""0.1300"",""2665.00""],[""0.1400"",""146.00""],[""0.1500"",""1010.00""]]"
2026-05-16T11:06:47.964Z,KXBTC15M-26MAY160715-15,BTC price up in next 15 mins?,KXBTC15M-26MAY160715,2026-05-16T11:15:00Z,active,0.83,0.85,0.15,0.17,0.84,0.83,97945.17,55646.13,341.55,1086.0,"[[""0.7500"",""280.33""],[""0.7600"",""716.85""],[""0.7700"",""435.29""],[""0.7800"",""251.28""],[""0.7900"",""151.26""],[""0.8000"",""151.25""],[""0.8100"",""1811.23""],[""0.8200"",""2685.09""],[""0.8300"",""135.00""],[""0.8400"",""341.55""]]","[[""0.0920"",""125.00""],[""0.0940"",""125.00""],[""0.0960"",""125.00""],[""0.0990"",""175.00""],[""0.1000"",""300.00""],[""0.1100"",""174.00""],[""0.1200"",""277.00""],[""0.1300"",""2665.00""],[""0.1400"",""146.00""],[""0.1500"",""1086.00""]]"
2026-05-16T11:06:49.972Z,KXBTC15M-26MAY160715-15,BTC price up in next 15 mins?,KXBTC15M-26MAY160715,2026-05-16T11:15:00Z,active,0.83,0.85,0.15,0.17,0.84,0.83,97945.17,55646.13,341.55,1086.0,"[[""0.7500"",""280.33""],[""0.7600"",""716.85""],[""0.7700"",""435.29""],[""0.7800"",""251.28""],[""0.7900"",""151.26""],[""0.8000"",""151.25""],[""0.8100"",""1768.23""],[""0.8200"",""187.00""],[""0.8300"",""2684.09""],[""0.8400"",""341.55""]]","[[""0.0920"",""125.00""],[""0.0940"",""125.00""],[""0.0960"",""125.00""],[""0.0990"",""175.00""],[""0.1000"",""300.00""],[""0.1100"",""1714.00""],[""0.1200"",""1277.00""],[""0.1300"",""125.00""],[""0.1400"",""146.00""],[""0.1500"",""1086.00""]]"
2026-05-16T11:06:51.969Z,KXBTC15M-26MAY160715-15,BTC price up in next 15 mins?,KXBTC15M-26MAY160715,2026-05-16T11:15:00Z,active,0.83,0.85,0.15,0.17,0.84,0.83,97945.17,55646.13,289.8,1075.0,"[[""0.7400"",""133.53""],[""0.7500"",""126.33""],[""0.7600"",""866.85""],[""0.7700"",""435.29""],[""0.7800"",""251.28""],[""0.7900"",""155.26""],[""0.8000"",""151.25""],[""0.8100"",""1768.23""],[""0.8200"",""197.00""],[""0.8300"",""289.80""]]","[[""0.0940"",""125.00""],[""0.0960"",""125.00""],[""0.0990"",""125.00""],[""0.1000"",""300.00""],[""0.1100"",""1864.00""],[""0.1200"",""1177.00""],[""0.1300"",""125.00""],[""0.1400"",""125.00""],[""0.1500"",""29.00""],[""0.1600"",""1075.00""]]"
2026-05-16T11:06:53.974Z,KXBTC15M-26MAY160715-15,BTC price up in next 15 mins?,KXBTC15M-26MAY160715,2026-05-16T11:15:00Z,active,0.83,0.84,0.16,0.17,0.835,0.84,110473.23,56993.26,265.75,537.97,"[[""0.7400"",""133.53""],[""0.7500"",""126.33""],[""0.7600"",""866.85""],[""0.7700"",""435.29""],[""0.7800"",""176.28""],[""0.7900"",""155.26""],[""0.8000"",""151.25""],[""0.8100"",""1767.00""],[""0.8200"",""2816.80""],[""0.8300"",""265.75""]]","[[""0.0940"",""125.00""],[""0.0960"",""125.00""],[""0.0990"",""125.00""],[""0.1000"",""375.00""],[""0.1100"",""324.00""],[""0.1200"",""177.00""],[""0.1300"",""2665.00""],[""0.1400"",""125.00""],[""0.1500"",""29.00""],[""0.1600"",""537.97""]]"
2026-05-16T11:06:55.975Z,KXBTC15M-26MAY160715-15,BTC price up in next 15 mins?,KXBTC15M-26MAY160715,2026-05-16T11:15:00Z,active,0.83,0.84,0.16,0.17,0.835,0.84,110473.23,56993.26,176.29,1075.0,"[[""0.7400"",""133.53""],[""0.7500"",""276.33""],[""0.7600"",""716.85""],[""0.7700"",""510.29""],[""0.7800"",""176.28""],[""0.7900"",""155.26""],[""0.8000"",""151.25""],[""0.8100"",""1767.00""],[""0.8200"",""2735.80""],[""0.8300"",""176.29""]]","[[""0.0940"",""125.00""],[""0.0960"",""125.00""],[""0.0990"",""125.00""],[""0.1000"",""300.00""],[""0.1100"",""174.00""],[""0.1200"",""327.00""],[""0.1300"",""1665.00""],[""0.1400"",""1125.00""],[""0.1500"",""182.00""],[""0.1600"",""1075.00""]]"
2026-05-16T11:06:57.972Z,KXBTC15M-26MAY160715-15,BTC price up in next 15 mins?,KXBTC15M-26MAY160715,2026-05-16T11:15:00Z,active,0.83,0.84,0.16,0.17,0.835,0.84,110473.23,56993.26,86.54,1270.47,"[[""0.7400"",""137.53""],[""0.7500"",""126.33""],[""0.7600"",""217.85""],[""0.7700"",""136.29""],[""0.7800"",""176.28""],[""0.7900"",""553.26""],[""0.8000"",""194.25""],[""0.8100"",""2905.80""],[""0.8200"",""1143.00""],[""0.8300"",""86.54""]]","[[""0.0940"",""125.00""],[""0.0960"",""125.00""],[""0.0990"",""125.00""],[""0.1000"",""375.00""],[""0.1100"",""150.00""],[""0.1200"",""130.00""],[""0.1300"",""125.00""],[""0.1400"",""2867.00""],[""0.1500"",""191.00""],[""0.1600"",""1270.47""]]"
2026-05-16T11:06:59.968Z,KXBTC15M-26MAY160715-15,BTC price up in next 15 mins?,KXBTC15M-26MAY160715,2026-05-16T11:15:00Z,active,0.83,0.84,0.16,0.17,0.835,0.84,110473.23,56993.26,0.54,1380.47,"[[""0.7400"",""137.53""],[""0.7500"",""575.33""],[""0.7600"",""217.85""],[""0.7700"",""211.29""],[""0.7800"",""176.28""],[""0.7900"",""170.26""],[""0.8000"",""1596.25""],[""0.8100"",""1925.80""],[""0.8200"",""1143.00""],[""0.8300"",""0.54""]]","[[""0.0940"",""125.00""],[""0.0960"",""125.00""],[""0.0990"",""125.00""],[""0.1000"",""300.00""],[""0.1100"",""155.00""],[""0.1200"",""275.00""],[""0.1300"",""127.00""],[""0.1400"",""2734.00""],[""0.1500"",""160.00""],[""0.1600"",""1380.47""]]"
2026-05-16T11:07:01.980Z,KXBTC15M-26MAY160715-15,BTC price up in next 15 mins?,KXBTC15M-26MAY160715,2026-05-16T11:15:00Z,active,0.83,0.84,0.16,0.17,0.835,0.84,110473.23,56993.26,1507.24,131.0,"[[""0.7300"",""688.36""],[""0.7400"",""108.53""],[""0.7500"",""575.33""],[""0.7600"",""155.31""],[""0.7700"",""136.29""],[""0.7800"",""176.28""],[""0.7900"",""172.26""],[""0.8000"",""593.00""],[""0.8100"",""1931.80""],[""0.8200"",""1507.24""]]","[[""0.0960"",""125.00""],[""0.0990"",""125.00""],[""0.1000"",""301.00""],[""0.1100"",""230.00""],[""0.1200"",""275.00""],[""0.1300"",""127.00""],[""0.1400"",""2734.00""],[""0.1500"",""1160.00""],[""0.1600"",""157.00""],[""0.1700"",""131.00""]]"
2026-05-16T11:07:03.969Z,KXBTC15M-26MAY160715-15,BTC price up in next 15 mins?,KXBTC15M-26MAY160715,2026-05-16T11:15:00Z,active,0.83,0.84,0.16,0.17,0.835,0.84,110473.23,56993.26,1.0,252.47,"[[""0.7400"",""118.53""],[""0.7500"",""575.33""],[""0.7600"",""230.31""],[""0.7700"",""136.29""],[""0.7800"",""176.28""],[""0.7900"",""172.26""],[""0.8000"",""594.25""],[""0.8100"",""2906.24""],[""0.8200"",""1031.00""],[""0.8300"",""1.00""]]","[[""0.0940"",""125.00""],[""0.0960"",""125.00""],[""0.0990"",""125.00""],[""0.1000"",""305.00""],[""0.1100"",""155.00""],[""0.1200"",""275.00""],[""0.1300"",""125.00""],[""0.1400"",""1736.00""],[""0.1500"",""2288.00""],[""0.1600"",""252.47""]]"
2026-05-16T11:07:05.972Z,KXBTC15M-26MAY160715-15,BTC price up in next 15 mins?,KXBTC15M-26MAY160715,2026-05-16T11:15:00Z,active,0.83,0.84,0.16,0.17,0.835,0.84,110473.23,56993.26,75.0,177.47,"[[""0.7400"",""118.53""],[""0.7500"",""575.33""],[""0.7600"",""155.31""],[""0.7700"",""136.29""],[""0.7800"",""176.28""],[""0.7900"",""170.26""],[""0.8000"",""596.25""],[""0.8100"",""2906.24""],[""0.8200"",""656.50""],[""0.8300"",""75.00""]]","[[""0.0940"",""125.00""],[""0.0960"",""125.00""],[""0.0990"",""125.00""],[""0.1000"",""375.00""],[""0.1100"",""155.00""],[""0.1200"",""275.00""],[""0.1300"",""127.00""],[""0.1400"",""1734.00""],[""0.1500"",""2288.00""],[""0.1600"",""177.47""]]"
2026-05-16T11:07:07.973Z,KXBTC15M-26MAY160715-15,BTC price up in next 15 mins?,KXBTC15M-26MAY160715,2026-05-16T11:15:00Z,active,0.83,0.84,0.16,0.17,0.835,0.84,110473.23,56993.26,10.0,344.47,"[[""0.7400"",""118.53""],[""0.7500"",""575.33""],[""0.7600"",""155.31""],[""0.7700"",""211.29""],[""0.7800"",""176.28""],[""0.7900"",""172.26""],[""0.8000"",""594.25""],[""0.8100"",""2906.24""],[""0.8200"",""416.06""],[""0.8300"",""10.00""]]","[[""0.0940"",""125.00""],[""0.0960"",""125.00""],[""0.0990"",""125.00""],[""0.1000"",""300.00""],[""0.1100"",""155.00""],[""0.1200"",""275.00""],[""0.1300"",""127.00""],[""0.1400"",""1734.00""],[""0.1500"",""2200.00""],[""0.1600"",""344.47""]]"
2026-05-16T11:07:09.972Z,KXBTC15M-26MAY160715-15,BTC price up in next 15 mins?,KXBTC15M-26MAY160715,2026-05-16T11:15:00Z,active,0.83,0.84,0.16,0.17,0.835,0.84,110473.23,56993.26,225.5,1367.47,"[[""0.7300"",""678.36""],[""0.7400"",""118.53""],[""0.7500"",""575.33""],[""0.7600"",""155.31""],[""0.7700"",""136.29""],[""0.7800"",""176.28""],[""0.7900"",""172.26""],[""0.8000"",""593.00""],[""0.8100"",""3932.24""],[""0.8200"",""225.50""]]","[[""0.0940"",""125.00""],[""0.0960"",""125.00""],[""0.0990"",""125.00""],[""0.1000"",""300.00""],[""0.1100"",""155.00""],[""0.1200"",""275.00""],[""0.1300"",""127.00""],[""0.1400"",""1734.00""],[""0.1500"",""1158.00""],[""0.1600"",""1367.47""]]"
2026-05-16T11:07:11.984Z,KXBTC15M-26MAY160715-15,BTC price up in next 15 mins?,KXBTC15M-26MAY160715,2026-05-16T11:15:00Z,active,0.83,0.84,0.16,0.17,0.835,0.84,110473.23,56993.26,150.95,226.0,"[[""0.7300"",""329.36""],[""0.7400"",""118.53""],[""0.7500"",""126.33""],[""0.7600"",""249.31""],[""0.7700"",""136.29""],[""0.7800"",""578.28""],[""0.7900"",""151.26""],[""0.8000"",""205.00""],[""0.8100"",""3916.24""],[""0.8200"",""150.95""]]","[[""0.0960"",""125.00""],[""0.0990"",""125.00""],[""0.1000"",""300.00""],[""0.1100"",""454.00""],[""0.1200"",""125.00""],[""0.1300"",""125.00""],[""0.1400"",""1865.00""],[""0.1500"",""1171.00""],[""0.1600"",""1140.00""],[""0.1700"",""226.00""]]"
2026-05-16T11:07:13.968Z,KXBTC15M-26MAY160715-15,BTC price up in next 15 mins?,KXBTC15M-26MAY160715,2026-05-16T11:15:00Z,active,0.83,0.84,0.16,0.17,0.835,0.84,110473.23,56993.26,123.69,75.0,"[[""0.7300"",""329.36""],[""0.7400"",""118.53""],[""0.7500"",""126.33""],[""0.7600"",""249.31""],[""0.7700"",""136.29""],[""0.7800"",""578.28""],[""0.7900"",""194.26""],[""0.8000"",""150.00""],[""0.8100"",""3941.24""],[""0.8200"",""123.69""]]","[[""0.0970"",""10.16""],[""0.0990"",""125.00""],[""0.1000"",""300.00""],[""0.1100"",""454.00""],[""0.1200"",""125.00""],[""0.1300"",""125.00""],[""0.1400"",""1865.00""],[""0.1500"",""1171.00""],[""0.1600"",""1289.00""],[""0.1700"",""75.00""]]"
2026-05-16T11:07:15.975Z,KXBTC15M-26MAY160715-15,BTC price up in next 15 mins?,KXBTC15M-26MAY160715,2026-05-16T11:15:00Z,active,0.83,0.84,0.16,0.17,0.835,0.84,110473.23,56993.26,2914.55,205.0,"[[""0.7200"",""645.38""],[""0.7300"",""329.36""],[""0.7400"",""118.53""],[""0.7500"",""126.33""],[""0.7600"",""249.31""],[""0.7700"",""136.29""],[""0.7800"",""578.28""],[""0.7900"",""194.26""],[""0.8000"",""1150.00""],[""0.8100"",""2914.55""]]","[[""0.0990"",""125.00""],[""0.1000"",""300.00""],[""0.1100"",""454.00""],[""0.1200"",""125.00""],[""0.1300"",""125.00""],[""0.1400"",""1865.00""],[""0.1500"",""1171.00""],[""0.1600"",""151.00""],[""0.1700"",""235.56""],[""0.1800"",""205.00""]]"
2026-05-16T11:07:17.972Z,KXBTC15M-26MAY160715-15,BTC price up in next 15 mins?,KXBTC15M-26MAY160715,2026-05-16T11:15:00Z,active,0.83,0.84,0.16,0.17,0.835,0.84,110473.23,56993.26,2980.38,1.0,"[[""0.7200"",""346.38""],[""0.7300"",""678.36""],[""0.7400"",""268.53""],[""0.7500"",""425.33""],[""0.7600"",""155.31""],[""0.7700"",""136.29""],[""0.7800"",""176.28""],[""0.7900"",""614.00""],[""0.8000"",""1150.44""],[""0.8100"",""2980.38""]]","[[""0.0990"",""125.00""],[""0.1000"",""300.00""],[""0.1100"",""155.00""],[""0.1200"",""219.00""],[""0.1300"",""275.00""],[""0.1400"",""1717.00""],[""0.1500"",""1169.00""],[""0.1600"",""1132.00""],[""0.1700"",""125.00""],[""0.1800"",""1.00""]]"
2026-05-16T11:07:19.975Z,KXBTC15M-26MAY160715-15,BTC price up in next 15 mins?,KXBTC15M-26MAY160715,2026-05-16T11:15:00Z,active,0.83,0.84,0.16,0.17,0.835,0.84,110473.23,56993.26,162.0,119.0,"[[""0.7400"",""122.53""],[""0.7500"",""126.33""],[""0.7600"",""151.31""],[""0.7700"",""286.29""],[""0.7800"",""675.28""],[""0.7900"",""151.26""],[""0.8000"",""450.25""],[""0.8100"",""1349.02""],[""0.8200"",""3075.80""],[""0.8300"",""162.00""]]","[[""0.0960"",""125.00""],[""0.0970"",""10.00""],[""0.0990"",""125.00""],[""0.1000"",""450.00""],[""0.1100"",""174.00""],[""0.1200"",""271.00""],[""0.1300"",""125.00""],[""0.1400"",""1665.00""],[""0.1500"",""2168.00""],[""0.1600"",""119.00""]]"
2026-05-16T11:07:21.971Z,KXBTC15M-26MAY160715-15,BTC price up in next 15 mins?,KXBTC15M-26MAY160715,2026-05-16T11:15:00Z,active,0.83,0.84,0.16,0.17,0.835,0.84,110473.23,56993.26,167.21,74.0,"[[""0.7900"",""151.26""],[""0.8000"",""151.25""],[""0.8100"",""326.58""],[""0.8200"",""202.00""],[""0.8300"",""125.00""],[""0.8400"",""305.00""],[""0.8500"",""624.00""],[""0.8600"",""1824.00""],[""0.8700"",""2672.80""],[""0.8800"",""167.21""]]","[[""0.0840"",""125.00""],[""0.0860"",""125.00""],[""0.0880"",""126.00""],[""0.0900"",""243.00""],[""0.0920"",""125.00""],[""0.0950"",""125.00""],[""0.0980"",""125.00""],[""0.0990"",""17.00""],[""0.1000"",""2428.00""],[""0.1100"",""74.00""]]"
2026-05-16T11:07:23.966Z,KXBTC15M-26MAY160715-15,BTC price up in next 15 mins?,KXBTC15M-26MAY160715,2026-05-16T11:15:00Z,active,0.88,0.89,0.11,0.12,0.885,0.89,116590.63,60128.83,1167.71,75.0,"[[""0.7900"",""151.26""],[""0.8000"",""151.25""],[""0.8100"",""327.81""],[""0.8200"",""351.21""],[""0.8300"",""127.20""],[""0.8400"",""156.19""],[""0.8500"",""668.17""],[""0.8600"",""1426.00""],[""0.8700"",""2158.80""],[""0.8800"",""1167.71""]]","[[""0.0840"",""125.00""],[""0.0860"",""125.00""],[""0.0880"",""126.00""],[""0.0900"",""243.00""],[""0.0920"",""1125.00""],[""0.0950"",""125.00""],[""0.0980"",""125.00""],[""0.0990"",""17.00""],[""0.1000"",""1428.81""],[""0.1100"",""75.00""]]"
2026-05-16T11:07:25.973Z,KXBTC15M-26MAY160715-15,BTC price up in next 15 mins?,KXBTC15M-26MAY160715,2026-05-16T11:15:00Z,active,0.88,0.89,0.11,0.12,0.885,0.89,116590.63,60128.83,305.0,28.0,"[[""0.8700"",""96.14""],[""0.8800"",""113.93""],[""0.8900"",""915.00""],[""0.9000"",""2540.80""],[""0.9010"",""525.00""],[""0.9020"",""1112.00""],[""0.9030"",""125.00""],[""0.9050"",""125.00""],[""0.9070"",""125.00""],[""0.9090"",""305.00""]]","[[""0.0670"",""125.00""],[""0.0700"",""122.60""],[""0.0710"",""110.00""],[""0.0730"",""1029.00""],[""0.0790"",""18.00""],[""0.0800"",""123.00""],[""0.0810"",""22.03""],[""0.0830"",""12.00""],[""0.0880"",""1.00""],[""0.0900"",""28.00""]]"
2026-05-16T11:07:27.989Z,KXBTC15M-26MAY160715-15,BTC price up in next 15 mins?,KXBTC15M-26MAY160715,2026-05-16T11:15:00Z,active,0.88,0.89,0.11,0.12,0.885,0.89,116590.63,60128.83,77.48,8.61,"[[""0.9010"",""125.00""],[""0.9030"",""125.00""],[""0.9050"",""125.00""],[""0.9070"",""125.00""],[""0.9090"",""504.00""],[""0.9110"",""139.00""],[""0.9120"",""1125.00""],[""0.9140"",""125.00""],[""0.9150"",""1.00""],[""0.9160"",""77.48""]]","[[""0.0650"",""10.00""],[""0.0660"",""1.00""],[""0.0690"",""21.00""],[""0.0700"",""127.60""],[""0.0710"",""100.00""],[""0.0730"",""1029.00""],[""0.0740"",""19.70""],[""0.0790"",""18.00""],[""0.0800"",""118.00""],[""0.0830"",""8.61""]]"
2026-05-16T11:07:29.980Z,KXBTC15M-26MAY160715-15,BTC price up in next 15 mins?,KXBTC15M-26MAY160715,2026-05-16T11:15:00Z,active,0.88,0.89,0.11,0.12,0.885,0.89,116590.63,60128.83,123.0,206.61,"[[""0.9010"",""125.00""],[""0.9030"",""125.00""],[""0.9050"",""127.00""],[""0.9070"",""125.00""],[""0.9090"",""104.00""],[""0.9100"",""1595.80""],[""0.9110"",""425.00""],[""0.9120"",""1125.00""],[""0.9160"",""125.00""],[""0.9190"",""123.00""]]","[[""0.0620"",""1000.00""],[""0.0640"",""125.00""],[""0.0660"",""126.00""],[""0.0700"",""121.60""],[""0.0710"",""100.00""],[""0.0720"",""3.00""],[""0.0730"",""1029.00""],[""0.0740"",""10.00""],[""0.0790"",""18.00""],[""0.0800"",""206.61""]]"
2026-05-16T11:07:31.987Z,KXBTC15M-26MAY160715-15,BTC price up in next 15 mins?,KXBTC15M-26MAY160715,2026-05-16T11:15:00Z,active,0.88,0.89,0.11,0.12,0.885,0.89,116590.63,60128.83,75.0,115.61,"[[""0.9040"",""125.00""],[""0.9070"",""525.00""],[""0.9090"",""135.00""],[""0.9100"",""46.00""],[""0.9110"",""1.00""],[""0.9120"",""1125.00""],[""0.9130"",""100.00""],[""0.9150"",""155.22""],[""0.9170"",""125.00""],[""0.9190"",""75.00""]]","[[""0.0570"",""125.00""],[""0.0600"",""1132.00""],[""0.0620"",""1000.00""],[""0.0660"",""1.00""],[""0.0700"",""126.60""],[""0.0710"",""100.00""],[""0.0730"",""1029.00""],[""0.0740"",""21.00""],[""0.0790"",""18.00""],[""0.0800"",""115.61""]]"
2026-05-16T11:07:33.973Z,KXBTC15M-26MAY160715-15,BTC price up in next 15 mins?,KXBTC15M-26MAY160715,2026-05-16T11:15:00Z,active,0.88,0.89,0.11,0.12,0.885,0.89,116590.63,60128.83,54.53,59.56,"[[""0.9050"",""400.00""],[""0.9070"",""125.00""],[""0.9090"",""125.00""],[""0.9100"",""2589.80""],[""0.9110"",""43.00""],[""0.9120"",""1125.00""],[""0.9130"",""35.00""],[""0.9150"",""233.00""],[""0.9170"",""125.00""],[""0.9190"",""54.53""]]","[[""0.0570"",""125.00""],[""0.0600"",""1276.00""],[""0.0620"",""1000.00""],[""0.0660"",""1.00""],[""0.0700"",""123.60""],[""0.0710"",""120.00""],[""0.0730"",""1039.00""],[""0.0740"",""19.70""],[""0.0790"",""18.00""],[""0.0800"",""59.56""]]"
2026-05-16T11:07:35.978Z,KXBTC15M-26MAY160715-15,BTC price up in next 15 mins?,KXBTC15M-26MAY160715,2026-05-16T11:15:00Z,active,0.88,0.89,0.11,0.12,0.885,0.89,116590.63,60128.83,9.0,33.9,"[[""0.9130"",""25.00""],[""0.9150"",""125.00""],[""0.9170"",""70.16""],[""0.9200"",""553.00""],[""0.9210"",""100.00""],[""0.9220"",""1000.00""],[""0.9230"",""141.00""],[""0.9240"",""85.00""],[""0.9260"",""125.00""],[""0.9300"",""9.00""]]","[[""0.0460"",""125.00""],[""0.0480"",""125.00""],[""0.0500"",""1699.00""],[""0.0510"",""315.00""],[""0.0520"",""1125.00""],[""0.0540"",""168.00""],[""0.0550"",""1.00""],[""0.0570"",""125.00""],[""0.0600"",""1063.19""],[""0.0610"",""33.90""]]"
2026-05-16T11:07:37.963Z,KXBTC15M-26MAY160715-15,BTC price up in next 15 mins?,KXBTC15M-26MAY160715,2026-05-16T11:15:00Z,active,0.88,0.89,0.11,0.12,0.885,0.89,116590.63,60128.83,933.0,99.0,"[[""0.9210"",""500.00""],[""0.9230"",""125.00""],[""0.9260"",""125.00""],[""0.9280"",""113.00""],[""0.9300"",""1706.00""],[""0.9330"",""125.00""],[""0.9360"",""36.00""],[""0.9380"",""10.00""],[""0.9400"",""191.00""],[""0.9420"",""933.00""]]","[[""0.0380"",""125.00""],[""0.0400"",""3437.78""],[""0.0410"",""391.00""],[""0.0420"",""125.00""],[""0.0440"",""126.00""],[""0.0450"",""20.00""],[""0.0470"",""125.00""],[""0.0490"",""10.00""],[""0.0500"",""19.00""],[""0.0510"",""99.00""]]"
2026-05-16T11:07:39.980Z,KXBTC15M-26MAY160715-15,BTC price up in next 15 mins?,KXBTC15M-26MAY160715,2026-05-16T11:15:00Z,active,0.88,0.89,0.11,0.12,0.885,0.89,116590.63,60128.83,75.0,41.96,"[[""0.9150"",""125.00""],[""0.9160"",""400.00""],[""0.9170"",""69.16""],[""0.9200"",""2614.00""],[""0.9210"",""100.00""],[""0.9220"",""1008.00""],[""0.9230"",""125.00""],[""0.9250"",""48.34""],[""0.9260"",""142.00""],[""0.9270"",""75.00""]]","[[""0.0420"",""125.00""],[""0.0430"",""43.00""],[""0.0440"",""126.00""],[""0.0470"",""125.00""],[""0.0500"",""1144.00""],[""0.0520"",""1125.00""],[""0.0550"",""125.00""],[""0.0580"",""125.00""],[""0.0600"",""10.00""],[""0.0610"",""41.96""]]"
2026-05-16T11:07:41.973Z,KXBTC15M-26MAY160715-15,BTC price up in next 15 mins?,KXBTC15M-26MAY160715,2026-05-16T11:15:00Z,active,0.88,0.89,0.11,0.12,0.885,0.89,116590.63,60128.83,119.14,94.7,"[[""0.9040"",""127.00""],[""0.9070"",""125.00""],[""0.9090"",""125.00""],[""0.9100"",""30.00""],[""0.9120"",""1133.00""],[""0.9130"",""25.00""],[""0.9150"",""135.00""],[""0.9180"",""16.00""],[""0.9200"",""1021.00""],[""0.9210"",""119.14""]]","[[""0.0580"",""125.00""],[""0.0600"",""2540.00""],[""0.0610"",""41.96""],[""0.0620"",""1000.00""],[""0.0640"",""125.00""],[""0.0680"",""125.00""],[""0.0700"",""10.00""],[""0.0710"",""125.00""],[""0.0720"",""18.00""],[""0.0740"",""94.70""]]"
2026-05-16T11:07:43.971Z,KXBTC15M-26MAY160715-15,BTC price up in next 15 mins?,KXBTC15M-26MAY160715,2026-05-16T11:15:00Z,active,0.88,0.89,0.11,0.12,0.885,0.89,116590.63,60128.83,1125.0,309.32,"[[""0.9130"",""25.00""],[""0.9150"",""125.00""],[""0.9180"",""125.00""],[""0.9200"",""2566.00""],[""0.9210"",""214.12""],[""0.9240"",""125.00""],[""0.9270"",""125.00""],[""0.9300"",""125.00""],[""0.9310"",""27.00""],[""0.9320"",""1125.00""]]","[[""0.0430"",""50.00""],[""0.0440"",""126.00""],[""0.0470"",""125.00""],[""0.0500"",""2666.00""],[""0.0520"",""125.00""],[""0.0550"",""10.00""],[""0.0560"",""4400.00""],[""0.0570"",""1.00""],[""0.0580"",""118.70""],[""0.0670"",""309.32""]]"
2026-05-16T11:07:45.975Z,KXBTC15M-26MAY160715-15,BTC price up in next 15 mins?,KXBTC15M-26MAY160715,2026-05-16T11:15:00Z,active,0.88,0.89,0.11,0.12,0.885,0.89,116590.63,60128.83,10.0,104.0,"[[""0.9090"",""125.00""],[""0.9100"",""2970.00""],[""0.9120"",""125.00""],[""0.9130"",""25.00""],[""0.9150"",""125.00""],[""0.9180"",""125.00""],[""0.9200"",""1026.00""],[""0.9210"",""324.12""],[""0.9220"",""1075.00""],[""0.9240"",""10.00""]]","[[""0.0500"",""2666.00""],[""0.0520"",""1125.00""],[""0.0550"",""125.00""],[""0.0570"",""5.00""],[""0.0590"",""125.00""],[""0.0610"",""10.00""],[""0.0630"",""125.00""],[""0.0660"",""125.00""],[""0.0670"",""205.51""],[""0.0680"",""104.00""]]"
2026-05-16T11:07:47.985Z,KXBTC15M-26MAY160715-15,BTC price up in next 15 mins?,KXBTC15M-26MAY160715,2026-05-16T11:15:00Z,active,0.88,0.89,0.11,0.12,0.885,0.89,116590.63,60128.83,0.54,840.0,"[[""0.9090"",""125.00""],[""0.9100"",""30.00""],[""0.9110"",""125.00""],[""0.9120"",""10.00""],[""0.9130"",""150.00""],[""0.9160"",""125.00""],[""0.9190"",""13.00""],[""0.9200"",""1036.00""],[""0.9210"",""89.12""],[""0.9240"",""0.54""]]","[[""0.0600"",""2540.00""],[""0.0630"",""125.00""],[""0.0660"",""125.00""],[""0.0670"",""204.51""],[""0.0690"",""125.00""],[""0.0700"",""18.00""],[""0.0710"",""35.00""],[""0.0720"",""906.33""],[""0.0740"",""1.00""],[""0.0750"",""840.00""]]"
2026-05-16T11:07:50.003Z,KXBTC15M-26MAY160715-15,BTC price up in next 15 mins?,KXBTC15M-26MAY160715,2026-05-16T11:15:00Z,active,0.88,0.89,0.11,0.12,0.885,0.89,116590.63,60128.83,440.56,34.0,"[[""0.8800"",""2053.06""],[""0.8900"",""1118.00""],[""0.9000"",""19.00""],[""0.9010"",""125.00""],[""0.9060"",""10.00""],[""0.9100"",""30.00""],[""0.9120"",""15.00""],[""0.9200"",""1036.00""],[""0.9210"",""89.12""],[""0.9260"",""440.56""]]","[[""0.0590"",""125.00""],[""0.0600"",""2559.00""],[""0.0620"",""1000.00""],[""0.0630"",""125.00""],[""0.0660"",""125.00""],[""0.0670"",""204.51""],[""0.0690"",""125.00""],[""0.0710"",""25.00""],[""0.0720"",""201.00""],[""0.0730"",""34.00""]]"
2026-05-16T11:07:51.981Z,KXBTC15M-26MAY160715-15,BTC price up in next 15 mins?,KXBTC15M-26MAY160715,2026-05-16T11:15:00Z,active,0.88,0.89,0.11,0.12,0.885,0.89,116590.63,60128.83,1031.0,1344.45,"[[""0.8500"",""625.17""],[""0.8600"",""425.16""],[""0.8700"",""571.14""],[""0.8800"",""1655.06""],[""0.8900"",""2135.00""],[""0.9010"",""125.00""],[""0.9040"",""125.00""],[""0.9070"",""14.00""],[""0.9100"",""45.00""],[""0.9200"",""1031.00""]]","[[""0.0660"",""125.00""],[""0.0670"",""204.51""],[""0.0690"",""125.00""],[""0.0700"",""19.00""],[""0.0710"",""25.00""],[""0.0720"",""1125.00""],[""0.0740"",""10.00""],[""0.0760"",""125.00""],[""0.0780"",""101.00""],[""0.0790"",""1344.45""]]"
2026-05-16T11:07:53.981Z,KXBTC15M-26MAY160715-15,BTC price up in next 15 mins?,KXBTC15M-26MAY160715,2026-05-16T11:15:00Z,active,0.88,0.89,0.11,0.12,0.885,0.89,116590.63,60128.83,420.54,1061.0,"[[""0.8700"",""96.14""],[""0.8800"",""2055.06""],[""0.8900"",""2116.00""],[""0.9010"",""125.00""],[""0.9040"",""125.00""],[""0.9050"",""28.93""],[""0.9070"",""10.00""],[""0.9090"",""12.00""],[""0.9100"",""5.00""],[""0.9200"",""420.54""]]","[[""0.0660"",""125.00""],[""0.0670"",""204.51""],[""0.0690"",""125.00""],[""0.0700"",""2540.00""],[""0.0710"",""25.00""],[""0.0720"",""1125.00""],[""0.0740"",""10.00""],[""0.0760"",""125.00""],[""0.0780"",""100.00""],[""0.0790"",""1061.00""]]"
2026-05-16T11:07:55.970Z,KXBTC15M-26MAY160715-15,BTC price up in next 15 mins?,KXBTC15M-26MAY160715,2026-05-16T11:15:00Z,active,0.92,0.921,0.079,0.08,0.9205000000000001,0.92,123344.72,62721.06,94.0,1000.0,"[[""0.8100"",""327.81""],[""0.8200"",""283.21""],[""0.8300"",""127.20""],[""0.8400"",""151.19""],[""0.8500"",""126.17""],[""0.8600"",""625.16""],[""0.8700"",""1796.00""],[""0.8800"",""1656.93""],[""0.8900"",""1266.00""],[""0.9000"",""94.00""]]","[[""0.0720"",""125.00""],[""0.0760"",""125.00""],[""0.0780"",""84.00""],[""0.0800"",""3552.46""],[""0.0810"",""125.00""],[""0.0830"",""125.00""],[""0.0850"",""125.00""],[""0.0870"",""79.35""],[""0.0900"",""85.60""],[""0.0920"",""1000.00""]]"
2026-05-16T11:07:57.968Z,KXBTC15M-26MAY160715-15,BTC price up in next 15 mins?,KXBTC15M-26MAY160715,2026-05-16T11:15:00Z,active,0.92,0.921,0.079,0.08,0.9205000000000001,0.92,123344.72,62721.06,0.08,95.06,"[[""0.8100"",""327.81""],[""0.8200"",""283.21""],[""0.8300"",""127.20""],[""0.8400"",""226.19""],[""0.8500"",""126.17""],[""0.8600"",""625.16""],[""0.8700"",""3336.00""],[""0.8800"",""1111.93""],[""0.8900"",""282.00""],[""0.9000"",""0.08""]]","[[""0.0800"",""2540.00""],[""0.0810"",""125.00""],[""0.0830"",""125.00""],[""0.0850"",""125.00""],[""0.0870"",""69.35""],[""0.0900"",""142.00""],[""0.0910"",""10.00""],[""0.0920"",""1001.00""],[""0.0930"",""125.00""],[""0.0940"",""95.06""]]"
2026-05-16T11:07:59.972Z,KXBTC15M-26MAY160715-15,BTC price up in next 15 mins?,KXBTC15M-26MAY160715,2026-05-16T11:15:00Z,active,0.92,0.921,0.079,0.08,0.9205000000000001,0.92,123344.72,62721.06,85.0,993.92,"[[""0.8700"",""395.14""],[""0.8800"",""113.93""],[""0.8900"",""1540.00""],[""0.9000"",""2665.00""],[""0.9030"",""126.00""],[""0.9060"",""125.00""],[""0.9080"",""125.00""],[""0.9100"",""125.00""],[""0.9120"",""49.84""],[""0.9140"",""85.00""]]","[[""0.0590"",""125.00""],[""0.0600"",""2540.00""],[""0.0630"",""175.00""],[""0.0660"",""125.00""],[""0.0670"",""204.51""],[""0.0690"",""135.00""],[""0.0700"",""38.00""],[""0.0710"",""150.00""],[""0.0740"",""125.00""],[""0.0820"",""993.92""]]"
2026-05-16T11:08:01.980Z,KXBTC15M-26MAY160715-15,BTC price up in next 15 mins?,KXBTC15M-26MAY160715,2026-05-16T11:15:00Z,active,0.92,0.921,0.079,0.08,0.9205000000000001,0.92,123344.72,62721.06,1.0,120.48,"[[""0.9020"",""1000.00""],[""0.9030"",""525.00""],[""0.9060"",""125.00""],[""0.9080"",""125.00""],[""0.9100"",""149.00""],[""0.9110"",""15.00""],[""0.9120"",""41.84""],[""0.9140"",""85.00""],[""0.9150"",""30.22""],[""0.9200"",""1.00""]]","[[""0.0590"",""125.00""],[""0.0600"",""2540.00""],[""0.0630"",""175.00""],[""0.0660"",""125.00""],[""0.0670"",""204.51""],[""0.0690"",""135.00""],[""0.0710"",""150.00""],[""0.0720"",""1000.00""],[""0.0740"",""24.00""],[""0.0760"",""120.48""]]"
2026-05-16T11:08:03.971Z,KXBTC15M-26MAY160715-15,BTC price up in next 15 mins?,KXBTC15M-26MAY160715,2026-05-16T11:15:00Z,active,0.92,0.921,0.079,0.08,0.9205000000000001,0.92,123344.72,62721.06,123.2,204.51,"[[""0.9120"",""42.84""],[""0.9160"",""233.00""],[""0.9190"",""125.00""],[""0.9200"",""2540.00""],[""0.9220"",""1000.00""],[""0.9230"",""131.00""],[""0.9240"",""75.00""],[""0.9260"",""125.00""],[""0.9280"",""139.00""],[""0.9300"",""123.20""]]","[[""0.0420"",""1929.00""],[""0.0440"",""126.00""],[""0.0470"",""125.00""],[""0.0500"",""156.00""],[""0.0520"",""125.00""],[""0.0570"",""5.00""],[""0.0600"",""11.00""],[""0.0610"",""10.00""],[""0.0620"",""19.00""],[""0.0670"",""204.51""]]"
2026-05-16T11:08:05.972Z,KXBTC15M-26MAY160715-15,BTC price up in next 15 mins?,KXBTC15M-26MAY160715,2026-05-16T11:15:00Z,active,0.92,0.921,0.079,0.08,0.9205000000000001,0.92,123344.72,62721.06,75.0,163.33,"[[""0.9110"",""25.00""],[""0.9120"",""41.84""],[""0.9160"",""127.00""],[""0.9190"",""125.00""],[""0.9200"",""3076.00""],[""0.9220"",""1000.00""],[""0.9230"",""131.00""],[""0.9260"",""125.00""],[""0.9280"",""137.00""],[""0.9290"",""75.00""]]","[[""0.0470"",""125.00""],[""0.0500"",""142.00""],[""0.0520"",""1125.00""],[""0.0550"",""125.00""],[""0.0570"",""5.00""],[""0.0580"",""125.00""],[""0.0600"",""11.00""],[""0.0610"",""10.00""],[""0.0620"",""21.00""],[""0.0670"",""163.33""]]"
2026-05-16T11:08:07.970Z,KXBTC15M-26MAY160715-15,BTC price up in next 15 mins?,KXBTC15M-26MAY160715,2026-05-16T11:15:00Z,active,0.92,0.921,0.079,0.08,0.9205000000000001,0.92,123344.72,62721.06,1.0,185.09,"[[""0.9160"",""127.00""],[""0.9190"",""125.00""],[""0.9200"",""2559.00""],[""0.9210"",""510.00""],[""0.9220"",""1000.00""],[""0.9230"",""131.00""],[""0.9250"",""8.00""],[""0.9260"",""125.00""],[""0.9280"",""135.00""],[""0.9290"",""1.00""]]","[[""0.0470"",""125.00""],[""0.0500"",""1137.00""],[""0.0520"",""1125.00""],[""0.0550"",""125.00""],[""0.0570"",""5.00""],[""0.0580"",""125.00""],[""0.0600"",""11.00""],[""0.0610"",""10.00""],[""0.0620"",""21.00""],[""0.0670"",""185.09""]]"
2026-05-16T11:08:09.972Z,KXBTC15M-26MAY160715-15,BTC price up in next 15 mins?,KXBTC15M-26MAY160715,2026-05-16T11:15:00Z,active,0.92,0.921,0.079,0.08,0.9205000000000001,0.92,123344.72,62721.06,124.0,10.0,"[[""0.9230"",""121.00""],[""0.9240"",""400.00""],[""0.9260"",""125.00""],[""0.9280"",""129.00""],[""0.9300"",""10.00""],[""0.9320"",""1125.00""],[""0.9330"",""17.00""],[""0.9340"",""125.00""],[""0.9360"",""125.00""],[""0.9380"",""124.00""]]","[[""0.0380"",""125.00""],[""0.0400"",""2465.00""],[""0.0410"",""50.00""],[""0.0420"",""1929.00""],[""0.0440"",""126.00""],[""0.0470"",""125.00""],[""0.0500"",""1012.00""],[""0.0530"",""22.65""],[""0.0560"",""18.00""],[""0.0570"",""10.00""]]"
2026-05-16T11:08:11.974Z,KXBTC15M-26MAY160715-15,BTC price up in next 15 mins?,KXBTC15M-26MAY160715,2026-05-16T11:15:00Z,active,0.92,0.921,0.079,0.08,0.9205000000000001,0.92,123344.72,62721.06,124.0,12.0,"[[""0.9340"",""125.00""],[""0.9360"",""125.00""],[""0.9380"",""123.00""],[""0.9400"",""15.00""],[""0.9410"",""125.00""],[""0.9420"",""1025.00""],[""0.9430"",""125.00""],[""0.9460"",""65.00""],[""0.9470"",""16.00""],[""0.9490"",""124.00""]]","[[""0.0320"",""1329.00""],[""0.0330"",""1.00""],[""0.0350"",""125.00""],[""0.0400"",""800.00""],[""0.0410"",""93.00""],[""0.0420"",""804.00""],[""0.0430"",""20.93""],[""0.0440"",""21.00""],[""0.0460"",""10.00""],[""0.0500"",""12.00""]]"
2026-05-16T11:08:13.981Z,KXBTC15M-26MAY160715-15,BTC price up in next 15 mins?,KXBTC15M-26MAY160715,2026-05-16T11:15:00Z,active,0.92,0.921,0.079,0.08,0.9205000000000001,0.92,123344.72,62721.06,73.01,77.59,"[[""0.9360"",""125.00""],[""0.9370"",""10.00""],[""0.9380"",""123.00""],[""0.9400"",""24.00""],[""0.9410"",""125.00""],[""0.9420"",""1000.00""],[""0.9430"",""125.00""],[""0.9460"",""64.00""],[""0.9470"",""16.00""],[""0.9490"",""73.01""]]","[[""0.0350"",""125.00""],[""0.0360"",""43.00""],[""0.0400"",""1781.00""],[""0.0410"",""50.00""],[""0.0420"",""804.00""],[""0.0440"",""21.00""],[""0.0460"",""10.00""],[""0.0470"",""1840.00""],[""0.0480"",""18.75""],[""0.0500"",""77.59""]]"
2026-05-16T11:08:15.973Z,KXBTC15M-26MAY160715-15,BTC price up in next 15 mins?,KXBTC15M-26MAY160715,2026-05-16T11:15:00Z,active,0.92,0.921,0.079,0.08,0.9205000000000001,0.92,123344.72,62721.06,17.0,62.0,"[[""0.9360"",""125.00""],[""0.9380"",""123.00""],[""0.9400"",""1964.00""],[""0.9410"",""125.00""],[""0.9420"",""1025.00""],[""0.9430"",""135.00""],[""0.9460"",""51.95""],[""0.9470"",""9.00""],[""0.9490"",""200.00""],[""0.9500"",""17.00""]]","[[""0.0310"",""746.00""],[""0.0320"",""1329.00""],[""0.0330"",""1.00""],[""0.0350"",""125.00""],[""0.0360"",""43.00""],[""0.0400"",""781.00""],[""0.0410"",""71.00""],[""0.0430"",""10.00""],[""0.0440"",""1.00""],[""0.0450"",""62.00""]]"
2026-05-16T11:08:17.976Z,KXBTC15M-26MAY160715-15,BTC price up in next 15 mins?,KXBTC15M-26MAY160715,2026-05-16T11:15:00Z,active,0.92,0.921,0.079,0.08,0.9205000000000001,0.92,123344.72,62721.06,76.0,153.01,"[[""0.9360"",""125.00""],[""0.9380"",""523.00""],[""0.9400"",""1564.00""],[""0.9410"",""125.00""],[""0.9420"",""1025.00""],[""0.9430"",""125.00""],[""0.9450"",""8.00""],[""0.9460"",""77.95""],[""0.9470"",""3.67""],[""0.9490"",""76.00""]]","[[""0.0320"",""1329.00""],[""0.0330"",""1.00""],[""0.0340"",""43.00""],[""0.0350"",""125.00""],[""0.0400"",""781.00""],[""0.0410"",""13.94""],[""0.0430"",""10.00""],[""0.0450"",""25.00""],[""0.0460"",""640.00""],[""0.0500"",""153.01""]]"
2026-05-16T11:08:19.978Z,KXBTC15M-26MAY160715-15,BTC price up in next 15 mins?,KXBTC15M-26MAY160715,2026-05-16T11:15:00Z,active,0.92,0.921,0.079,0.08,0.9205000000000001,0.92,123344.72,62721.06,5.0,136.45,"[[""0.9360"",""125.00""],[""0.9370"",""400.00""],[""0.9380"",""123.00""],[""0.9400"",""1559.00""],[""0.9410"",""125.00""],[""0.9420"",""1025.00""],[""0.9430"",""135.00""],[""0.9450"",""24.00""],[""0.9460"",""25.07""],[""0.9500"",""5.00""]]","[[""0.0300"",""3050.00""],[""0.0310"",""746.00""],[""0.0320"",""1329.00""],[""0.0330"",""1.00""],[""0.0340"",""1500.00""],[""0.0350"",""168.00""],[""0.0400"",""744.90""],[""0.0410"",""1.00""],[""0.0420"",""2540.00""],[""0.0440"",""136.45""]]"
2026-05-16T11:08:21.992Z,KXBTC15M-26MAY160715-15,BTC price up in next 15 mins?,KXBTC15M-26MAY160715,2026-05-16T11:15:00Z,active,0.92,0.921,0.079,0.08,0.9205000000000001,0.92,123344.72,62721.06,1.44,123.93,"[[""0.9360"",""127.00""],[""0.9380"",""523.00""],[""0.9400"",""1564.00""],[""0.9410"",""175.00""],[""0.9420"",""1025.00""],[""0.9430"",""125.00""],[""0.9440"",""32.14""],[""0.9460"",""33.07""],[""0.9490"",""10.00""],[""0.9500"",""1.44""]]","[[""0.0280"",""125.00""],[""0.0300"",""3050.00""],[""0.0310"",""746.00""],[""0.0320"",""1329.00""],[""0.0330"",""1.00""],[""0.0350"",""168.00""],[""0.0390"",""10.00""],[""0.0400"",""379.00""],[""0.0410"",""1431.27""],[""0.0430"",""123.93""]]"
2026-05-16T11:08:23.977Z,KXBTC15M-26MAY160715-15,BTC price up in next 15 mins?,KXBTC15M-26MAY160715,2026-05-16T11:15:00Z,active,0.92,0.921,0.079,0.08,0.9205000000000001,0.92,123344.72,62721.06,1.0,132.5,"[[""0.9280"",""121.00""],[""0.9290"",""400.00""],[""0.9320"",""125.00""],[""0.9340"",""144.00""],[""0.9360"",""125.00""],[""0.9370"",""10.00""],[""0.9380"",""123.00""],[""0.9400"",""24.00""],[""0.9410"",""50.00""],[""0.9500"",""1.00""]]","[[""0.0350"",""125.00""],[""0.0380"",""125.00""],[""0.0400"",""2937.00""],[""0.0410"",""168.00""],[""0.0420"",""1000.00""],[""0.0440"",""125.00""],[""0.0450"",""11.00""],[""0.0460"",""2020.00""],[""0.0470"",""125.00""],[""0.0490"",""132.50""]]"
2026-05-16T11:08:25.974Z,KXBTC15M-26MAY160715-15,BTC price up in next 15 mins?,KXBTC15M-26MAY160715,2026-05-16T11:15:00Z,active,0.95,0.951,0.049,0.05,0.9504999999999999,0.95,127268.33,65087.67,1.0,58.43,"[[""0.9320"",""1127.00""],[""0.9330"",""400.00""],[""0.9340"",""125.00""],[""0.9360"",""125.00""],[""0.9380"",""123.00""],[""0.9400"",""34.00""],[""0.9410"",""50.00""],[""0.9420"",""32.21""],[""0.9460"",""17.00""],[""0.9500"",""1.00""]]","[[""0.0350"",""125.00""],[""0.0380"",""125.00""],[""0.0390"",""43.00""],[""0.0400"",""2937.00""],[""0.0410"",""125.00""],[""0.0420"",""1000.00""],[""0.0440"",""144.00""],[""0.0450"",""10.00""],[""0.0470"",""125.00""],[""0.0490"",""58.43""]]"
2026-05-16T11:08:27.978Z,KXBTC15M-26MAY160715-15,BTC price up in next 15 mins?,KXBTC15M-26MAY160715,2026-05-16T11:15:00Z,active,0.95,0.951,0.049,0.05,0.9504999999999999,0.95,127268.33,65087.67,1.0,76.23,"[[""0.9260"",""125.00""],[""0.9280"",""121.00""],[""0.9300"",""402.00""],[""0.9320"",""1239.00""],[""0.9330"",""8.00""],[""0.9340"",""135.00""],[""0.9350"",""16.00""],[""0.9400"",""24.00""],[""0.9410"",""50.00""],[""0.9420"",""1.00""]]","[[""0.0380"",""125.00""],[""0.0400"",""2942.00""],[""0.0410"",""125.00""],[""0.0420"",""1000.00""],[""0.0430"",""43.00""],[""0.0440"",""125.00""],[""0.0470"",""107.63""],[""0.0480"",""1.00""],[""0.0490"",""840.00""],[""0.0500"",""76.23""]]"
2026-05-16T11:08:29.971Z,KXBTC15M-26MAY160715-15,BTC price up in next 15 mins?,KXBTC15M-26MAY160715,2026-05-16T11:15:00Z,active,0.95,0.951,0.049,0.05,0.9504999999999999,0.95,127268.33,65087.67,1.0,120.7,"[[""0.9260"",""125.00""],[""0.9280"",""121.00""],[""0.9290"",""113.00""],[""0.9300"",""8.00""],[""0.9320"",""125.00""],[""0.9330"",""75.00""],[""0.9350"",""125.00""],[""0.9360"",""27.58""],[""0.9390"",""22.00""],[""0.9400"",""1.00""]]","[[""0.0400"",""388.00""],[""0.0410"",""125.00""],[""0.0440"",""125.00""],[""0.0470"",""117.63""],[""0.0480"",""43.00""],[""0.0500"",""2559.00""],[""0.0510"",""125.00""],[""0.0520"",""998.00""],[""0.0530"",""2211.79""],[""0.0580"",""120.70""]]"
2026-05-16T11:08:31.967Z,KXBTC15M-26MAY160715-15,BTC price up in next 15 mins?,KXBTC15M-26MAY160715,2026-05-16T11:15:00Z,active,0.95,0.951,0.049,0.05,0.9504999999999999,0.95,127268.33,65087.67,1.0,101.83,"[[""0.9230"",""521.00""],[""0.9240"",""2.00""],[""0.9260"",""125.00""],[""0.9280"",""121.00""],[""0.9320"",""125.00""],[""0.9330"",""27.67""],[""0.9370"",""12.00""],[""0.9390"",""10.00""],[""0.9420"",""8.00""],[""0.9440"",""1.00""]]","[[""0.0400"",""2942.00""],[""0.0410"",""125.00""],[""0.0420"",""50.00""],[""0.0440"",""125.00""],[""0.0470"",""117.63""],[""0.0500"",""48.00""],[""0.0510"",""125.00""],[""0.0520"",""583.00""],[""0.0530"",""15.00""],[""0.0550"",""101.83""]]"
2026-05-16T11:08:33.983Z,KXBTC15M-26MAY160715-15,BTC price up in next 15 mins?,KXBTC15M-26MAY160715,2026-05-16T11:15:00Z,active,0.95,0.951,0.049,0.05,0.9504999999999999,0.95,127268.33,65087.67,11.0,110.12,"[[""0.9190"",""525.00""],[""0.9200"",""1000.00""],[""0.9230"",""121.00""],[""0.9260"",""125.00""],[""0.9280"",""121.00""],[""0.9310"",""10.00""],[""0.9320"",""125.00""],[""0.9370"",""7.00""],[""0.9390"",""10.00""],[""0.9400"",""11.00""]]","[[""0.0410"",""125.00""],[""0.0420"",""50.00""],[""0.0440"",""125.00""],[""0.0470"",""117.63""],[""0.0500"",""1545.00""],[""0.0510"",""125.00""],[""0.0520"",""582.00""],[""0.0530"",""43.00""],[""0.0540"",""125.00""],[""0.0550"",""110.12""]]"
2026-05-16T11:08:35.976Z,KXBTC15M-26MAY160715-15,BTC price up in next 15 mins?,KXBTC15M-26MAY160715,2026-05-16T11:15:00Z,active,0.95,0.951,0.049,0.05,0.9504999999999999,0.95,127268.33,65087.67,11.0,76.0,"[[""0.9210"",""2.00""],[""0.9230"",""121.00""],[""0.9240"",""400.00""],[""0.9260"",""125.00""],[""0.9280"",""121.00""],[""0.9320"",""125.00""],[""0.9350"",""135.00""],[""0.9360"",""27.58""],[""0.9400"",""9.54""],[""0.9420"",""11.00""]]","[[""0.0420"",""50.00""],[""0.0440"",""135.00""],[""0.0470"",""107.63""],[""0.0480"",""43.00""],[""0.0500"",""1564.00""],[""0.0510"",""125.00""],[""0.0520"",""582.00""],[""0.0550"",""34.12""],[""0.0560"",""1760.00""],[""0.0570"",""76.00""]]"
2026-05-16T11:08:37.973Z,KXBTC15M-26MAY160715-15,BTC price up in next 15 mins?,KXBTC15M-26MAY160715,2026-05-16T11:15:00Z,active,0.95,0.951,0.049,0.05,0.9504999999999999,0.95,127268.33,65087.67,11.0,97.06,"[[""0.9210"",""2.00""],[""0.9230"",""521.00""],[""0.9260"",""125.00""],[""0.9280"",""121.00""],[""0.9320"",""125.00""],[""0.9330"",""10.00""],[""0.9350"",""125.00""],[""0.9360"",""27.58""],[""0.9400"",""9.54""],[""0.9420"",""11.00""]]","[[""0.0420"",""50.00""],[""0.0440"",""135.00""],[""0.0470"",""107.63""],[""0.0480"",""43.00""],[""0.0500"",""24.00""],[""0.0510"",""125.00""],[""0.0520"",""582.00""],[""0.0550"",""36.12""],[""0.0560"",""200.00""],[""0.0570"",""97.06""]]"
2026-05-16T11:08:39.989Z,KXBTC15M-26MAY160715-15,BTC price up in next 15 mins?,KXBTC15M-26MAY160715,2026-05-16T11:15:00Z,active,0.95,0.951,0.049,0.05,0.9504999999999999,0.95,127268.33,65087.67,30.0,75.0,"[[""0.9230"",""121.00""],[""0.9240"",""400.00""],[""0.9260"",""125.00""],[""0.9280"",""121.00""],[""0.9320"",""125.00""],[""0.9340"",""10.00""],[""0.9350"",""125.00""],[""0.9370"",""22.00""],[""0.9390"",""1.00""],[""0.9400"",""30.00""]]","[[""0.0410"",""125.00""],[""0.0420"",""50.00""],[""0.0440"",""125.00""],[""0.0470"",""107.63""],[""0.0480"",""43.00""],[""0.0500"",""34.00""],[""0.0510"",""139.00""],[""0.0520"",""79.72""],[""0.0580"",""656.49""],[""0.0590"",""75.00""]]"
2026-05-16T11:08:41.986Z,KXBTC15M-26MAY160715-15,BTC price up in next 15 mins?,KXBTC15M-26MAY160715,2026-05-16T11:15:00Z,active,0.95,0.951,0.049,0.05,0.9504999999999999,0.95,127268.33,65087.67,103.18,475.0,"[[""0.9190"",""125.00""],[""0.9200"",""2559.00""],[""0.9220"",""1000.00""],[""0.9230"",""234.00""],[""0.9240"",""400.00""],[""0.9260"",""125.00""],[""0.9280"",""121.00""],[""0.9310"",""10.00""],[""0.9320"",""125.00""],[""0.9350"",""103.18""]]","[[""0.0410"",""125.00""],[""0.0420"",""50.00""],[""0.0440"",""125.00""],[""0.0470"",""150.63""],[""0.0500"",""149.00""],[""0.0520"",""79.72""],[""0.0530"",""10.00""],[""0.0580"",""19.00""],[""0.0590"",""1.00""],[""0.0610"",""475.00""]]"
2026-05-16T11:08:43.988Z,KXBTC15M-26MAY160715-15,BTC price up in next 15 mins?,KXBTC15M-26MAY160715,2026-05-16T11:15:00Z,active,0.95,0.951,0.049,0.05,0.9504999999999999,0.95,127268.33,65087.67,102.18,401.0,"[[""0.9200"",""2559.00""],[""0.9220"",""1000.00""],[""0.9230"",""232.00""],[""0.9240"",""2.00""],[""0.9260"",""525.00""],[""0.9280"",""121.00""],[""0.9300"",""2.00""],[""0.9310"",""10.00""],[""0.9320"",""125.00""],[""0.9350"",""102.18""]]","[[""0.0410"",""125.00""],[""0.0420"",""50.00""],[""0.0440"",""125.00""],[""0.0470"",""150.63""],[""0.0500"",""149.00""],[""0.0520"",""79.72""],[""0.0530"",""10.00""],[""0.0580"",""5.00""],[""0.0590"",""15.00""],[""0.0610"",""401.00""]]"
2026-05-16T11:08:45.983Z,KXBTC15M-26MAY160715-15,BTC price up in next 15 mins?,KXBTC15M-26MAY160715,2026-05-16T11:15:00Z,active,0.95,0.951,0.049,0.05,0.9504999999999999,0.95,127268.33,65087.67,121.0,1088.0,"[[""0.9060"",""125.00""],[""0.9080"",""125.00""],[""0.9100"",""2665.00""],[""0.9110"",""25.00""],[""0.9120"",""41.84""],[""0.9130"",""43.00""],[""0.9160"",""127.00""],[""0.9190"",""535.00""],[""0.9200"",""21.00""],[""0.9230"",""121.00""]]","[[""0.0500"",""2684.00""],[""0.0540"",""125.00""],[""0.0570"",""125.00""],[""0.0580"",""5.00""],[""0.0600"",""125.00""],[""0.0610"",""371.00""],[""0.0630"",""135.00""],[""0.0640"",""51.00""],[""0.0700"",""5.00""],[""0.0720"",""1088.00""]]"
2026-05-16T11:08:47.985Z,KXBTC15M-26MAY160715-15,BTC price up in next 15 mins?,KXBTC15M-26MAY160715,2026-05-16T11:15:00Z,active,0.95,0.951,0.049,0.05,0.9504999999999999,0.95,127268.33,65087.67,1.0,93.92,"[[""0.9080"",""125.00""],[""0.9100"",""125.00""],[""0.9110"",""25.00""],[""0.9120"",""84.84""],[""0.9130"",""10.00""],[""0.9160"",""128.00""],[""0.9190"",""234.00""],[""0.9200"",""419.00""],[""0.9210"",""2.00""],[""0.9230"",""1.00""]]","[[""0.0610"",""371.00""],[""0.0630"",""125.00""],[""0.0640"",""50.00""],[""0.0650"",""1000.00""],[""0.0660"",""125.00""],[""0.0680"",""125.00""],[""0.0690"",""10.00""],[""0.0700"",""5.00""],[""0.0720"",""1013.00""],[""0.0730"",""93.92""]]"
2026-05-16T11:08:49.974Z,KXBTC15M-26MAY160715-15,BTC price up in next 15 mins?,KXBTC15M-26MAY160715,2026-05-16T11:15:00Z,active,0.95,0.951,0.049,0.05,0.9504999999999999,0.95,127268.33,65087.67,33.0,87.0,"[[""0.9060"",""125.00""],[""0.9070"",""10.00""],[""0.9080"",""171.00""],[""0.9100"",""125.00""],[""0.9110"",""25.00""],[""0.9120"",""41.84""],[""0.9160"",""233.00""],[""0.9170"",""400.00""],[""0.9180"",""2.00""],[""0.9200"",""33.00""]]","[[""0.0610"",""371.00""],[""0.0630"",""125.00""],[""0.0640"",""50.00""],[""0.0650"",""1000.00""],[""0.0660"",""125.00""],[""0.0680"",""125.00""],[""0.0700"",""5.00""],[""0.0720"",""1135.00""],[""0.0730"",""1.00""],[""0.0740"",""87.00""]]"
2026-05-16T11:08:51.970Z,KXBTC15M-26MAY160715-15,BTC price up in next 15 mins?,KXBTC15M-26MAY160715,2026-05-16T11:15:00Z,active,0.95,0.951,0.049,0.05,0.9504999999999999,0.95,127268.33,65087.67,103.71,1000.0,"[[""0.8700"",""96.14""],[""0.8800"",""410.93""],[""0.8900"",""1116.00""],[""0.9000"",""3685.00""],[""0.9030"",""168.00""],[""0.9060"",""125.00""],[""0.9080"",""125.00""],[""0.9100"",""135.00""],[""0.9110"",""400.00""],[""0.9120"",""103.71""]]","[[""0.0640"",""50.00""],[""0.0650"",""1000.00""],[""0.0660"",""125.00""],[""0.0680"",""135.00""],[""0.0700"",""5.00""],[""0.0710"",""25.00""],[""0.0720"",""125.00""],[""0.0740"",""1.00""],[""0.0780"",""12.00""],[""0.0820"",""1000.00""]]"
2026-05-16T11:08:53.976Z,KXBTC15M-26MAY160715-15,BTC price up in next 15 mins?,KXBTC15M-26MAY160715,2026-05-16T11:15:00Z,active,0.95,0.951,0.049,0.05,0.9504999999999999,0.95,127268.33,65087.67,183.0,1000.0,"[[""0.8900"",""1116.00""],[""0.9000"",""3685.00""],[""0.9010"",""43.00""],[""0.9030"",""125.00""],[""0.9060"",""125.00""],[""0.9070"",""10.00""],[""0.9080"",""125.00""],[""0.9100"",""139.00""],[""0.9110"",""400.00""],[""0.9130"",""183.00""]]","[[""0.0640"",""50.00""],[""0.0650"",""1000.00""],[""0.0660"",""125.00""],[""0.0680"",""125.00""],[""0.0690"",""2.00""],[""0.0700"",""5.00""],[""0.0710"",""35.00""],[""0.0720"",""125.00""],[""0.0770"",""13.00""],[""0.0820"",""1000.00""]]"
2026-05-16T11:08:55.972Z,KXBTC15M-26MAY160715-15,BTC price up in next 15 mins?,KXBTC15M-26MAY160715,2026-05-16T11:15:00Z,active,0.913,0.918,0.082,0.087,0.9155,0.913,131077.65,67674.81,125.54,1.0,"[[""0.8900"",""178.00""],[""0.9000"",""3666.00""],[""0.9020"",""1000.00""],[""0.9030"",""125.00""],[""0.9060"",""125.00""],[""0.9070"",""12.00""],[""0.9080"",""125.00""],[""0.9090"",""410.00""],[""0.9100"",""125.00""],[""0.9130"",""125.54""]]","[[""0.0650"",""1000.00""],[""0.0660"",""125.00""],[""0.0670"",""43.00""],[""0.0680"",""125.00""],[""0.0700"",""34.00""],[""0.0710"",""25.00""],[""0.0720"",""1127.00""],[""0.0730"",""10.00""],[""0.0800"",""14.00""],[""0.0830"",""1.00""]]"
2026-05-16T11:08:57.980Z,KXBTC15M-26MAY160715-15,BTC price up in next 15 mins?,KXBTC15M-26MAY160715,2026-05-16T11:15:00Z,active,0.913,0.918,0.082,0.087,0.9155,0.913,131077.65,67674.81,97.86,76.0,"[[""0.9010"",""43.00""],[""0.9020"",""1000.00""],[""0.9030"",""125.00""],[""0.9060"",""125.00""],[""0.9080"",""125.00""],[""0.9090"",""116.00""],[""0.9100"",""129.00""],[""0.9110"",""437.00""],[""0.9130"",""60.01""],[""0.9160"",""97.86""]]","[[""0.0630"",""125.00""],[""0.0650"",""1000.00""],[""0.0660"",""125.00""],[""0.0680"",""125.00""],[""0.0700"",""46.00""],[""0.0710"",""25.00""],[""0.0720"",""1000.00""],[""0.0730"",""19.97""],[""0.0780"",""2.00""],[""0.0830"",""76.00""]]"
2026-05-16T11:08:59.988Z,KXBTC15M-26MAY160715-15,BTC price up in next 15 mins?,KXBTC15M-26MAY160715,2026-05-16T11:15:00Z,active,0.913,0.918,0.082,0.087,0.9155,0.913,131077.65,67674.81,79.16,1.0,"[[""0.9020"",""1000.00""],[""0.9030"",""168.00""],[""0.9060"",""125.00""],[""0.9080"",""125.00""],[""0.9090"",""106.00""],[""0.9100"",""129.00""],[""0.9110"",""439.00""],[""0.9120"",""10.00""],[""0.9130"",""60.01""],[""0.9160"",""79.16""]]","[[""0.0650"",""1000.00""],[""0.0660"",""125.00""],[""0.0670"",""2.00""],[""0.0680"",""125.00""],[""0.0700"",""44.00""],[""0.0710"",""25.00""],[""0.0720"",""1000.00""],[""0.0730"",""19.97""],[""0.0760"",""2.00""],[""0.0830"",""1.00""]]"
2026-05-16T11:09:01.971Z,KXBTC15M-26MAY160715-15,BTC price up in next 15 mins?,KXBTC15M-26MAY160715,2026-05-16T11:15:00Z,active,0.913,0.918,0.082,0.087,0.9155,0.913,131077.65,67674.81,1000.0,96.0,"[[""0.9060"",""125.00""],[""0.9070"",""43.00""],[""0.9080"",""125.00""],[""0.9100"",""1780.00""],[""0.9110"",""27.00""],[""0.9120"",""10.00""],[""0.9130"",""60.01""],[""0.9160"",""63.16""],[""0.9170"",""400.00""],[""0.9220"",""1000.00""]]","[[""0.0600"",""1125.00""],[""0.0630"",""127.00""],[""0.0650"",""1000.00""],[""0.0660"",""125.00""],[""0.0670"",""10.00""],[""0.0680"",""125.00""],[""0.0700"",""29.00""],[""0.0710"",""25.00""],[""0.0730"",""1.00""],[""0.0740"",""96.00""]]"
2026-05-16T11:09:03.984Z,KXBTC15M-26MAY160715-15,BTC price up in next 15 mins?,KXBTC15M-26MAY160715,2026-05-16T11:15:00Z,active,0.913,0.918,0.082,0.087,0.9155,0.913,131077.65,67674.81,669.96,91.84,"[[""0.9030"",""125.00""],[""0.9060"",""125.00""],[""0.9080"",""168.00""],[""0.9100"",""1674.00""],[""0.9110"",""131.00""],[""0.9130"",""60.01""],[""0.9150"",""10.00""],[""0.9160"",""62.16""],[""0.9200"",""415.00""],[""0.9220"",""669.96""]]","[[""0.0540"",""125.00""],[""0.0570"",""125.00""],[""0.0600"",""1125.00""],[""0.0610"",""2.00""],[""0.0630"",""125.00""],[""0.0660"",""125.00""],[""0.0670"",""10.00""],[""0.0680"",""125.00""],[""0.0690"",""12.00""],[""0.0700"",""91.84""]]"
2026-05-16T11:09:05.988Z,KXBTC15M-26MAY160715-15,BTC price up in next 15 mins?,KXBTC15M-26MAY160715,2026-05-16T11:15:00Z,active,0.913,0.918,0.082,0.087,0.9155,0.913,131077.65,67674.81,75.0,125.0,"[[""0.9100"",""1669.00""],[""0.9110"",""25.00""],[""0.9120"",""107.00""],[""0.9130"",""60.01""],[""0.9150"",""10.00""],[""0.9160"",""62.16""],[""0.9170"",""400.00""],[""0.9200"",""15.00""],[""0.9220"",""639.97""],[""0.9230"",""75.00""]]","[[""0.0500"",""1665.00""],[""0.0520"",""1000.00""],[""0.0530"",""43.00""],[""0.0540"",""125.00""],[""0.0570"",""125.00""],[""0.0600"",""1144.00""],[""0.0630"",""127.00""],[""0.0660"",""125.00""],[""0.0670"",""24.00""],[""0.0680"",""125.00""]]"
2026-05-16T11:09:07.978Z,KXBTC15M-26MAY160715-15,BTC price up in next 15 mins?,KXBTC15M-26MAY160715,2026-05-16T11:15:00Z,active,0.913,0.918,0.082,0.087,0.9155,0.913,131077.65,67674.81,30.96,13.0,"[[""0.9090"",""43.00""],[""0.9100"",""2674.00""],[""0.9110"",""25.00""],[""0.9120"",""117.00""],[""0.9130"",""60.01""],[""0.9160"",""62.16""],[""0.9190"",""15.00""],[""0.9200"",""400.00""],[""0.9220"",""638.97""],[""0.9230"",""30.96""]]","[[""0.0520"",""1000.00""],[""0.0540"",""125.00""],[""0.0570"",""125.00""],[""0.0600"",""1144.00""],[""0.0610"",""2.00""],[""0.0630"",""125.00""],[""0.0660"",""125.00""],[""0.0670"",""10.00""],[""0.0680"",""125.00""],[""0.0690"",""13.00""]]"
2026-05-16T11:09:09.976Z,KXBTC15M-26MAY160715-15,BTC price up in next 15 mins?,KXBTC15M-26MAY160715,2026-05-16T11:15:00Z,active,0.913,0.918,0.082,0.087,0.9155,0.913,131077.65,67674.81,115.99,0.88,"[[""0.9080"",""125.00""],[""0.9090"",""43.00""],[""0.9100"",""2674.00""],[""0.9110"",""25.00""],[""0.9130"",""167.01""],[""0.9150"",""10.00""],[""0.9160"",""62.16""],[""0.9200"",""430.00""],[""0.9220"",""638.97""],[""0.9230"",""115.99""]]","[[""0.0520"",""1000.00""],[""0.0540"",""125.00""],[""0.0570"",""125.00""],[""0.0600"",""1144.00""],[""0.0610"",""2.00""],[""0.0630"",""139.00""],[""0.0660"",""125.00""],[""0.0670"",""10.00""],[""0.0680"",""125.00""],[""0.0690"",""0.88""]]"
2026-05-16T11:09:11.970Z,KXBTC15M-26MAY160715-15,BTC price up in next 15 mins?,KXBTC15M-26MAY160715,2026-05-16T11:15:00Z,active,0.913,0.918,0.082,0.087,0.9155,0.913,131077.65,67674.81,31.0,884.01,"[[""0.9080"",""125.00""],[""0.9090"",""43.00""],[""0.9100"",""2674.00""],[""0.9110"",""25.00""],[""0.9120"",""1010.00""],[""0.9130"",""167.01""],[""0.9140"",""400.00""],[""0.9160"",""52.16""],[""0.9200"",""30.00""],[""0.9220"",""31.00""]]","[[""0.0520"",""1000.00""],[""0.0540"",""125.00""],[""0.0570"",""125.00""],[""0.0600"",""1146.00""],[""0.0630"",""125.00""],[""0.0660"",""125.00""],[""0.0670"",""10.00""],[""0.0680"",""95.98""],[""0.0720"",""12.00""],[""0.0770"",""884.01""]]"
2026-05-16T11:09:13.975Z,KXBTC15M-26MAY160715-15,BTC price up in next 15 mins?,KXBTC15M-26MAY160715,2026-05-16T11:15:00Z,active,0.913,0.918,0.082,0.087,0.9155,0.913,131077.65,67674.81,980.0,76.0,"[[""0.9060"",""125.00""],[""0.9080"",""125.00""],[""0.9100"",""2674.00""],[""0.9110"",""68.00""],[""0.9130"",""70.01""],[""0.9140"",""107.00""],[""0.9160"",""53.16""],[""0.9200"",""30.00""],[""0.9210"",""400.00""],[""0.9220"",""980.00""]]","[[""0.0520"",""1000.00""],[""0.0540"",""125.00""],[""0.0570"",""125.00""],[""0.0600"",""1146.00""],[""0.0630"",""125.00""],[""0.0660"",""125.00""],[""0.0670"",""10.00""],[""0.0680"",""95.98""],[""0.0700"",""13.00""],[""0.0720"",""76.00""]]"
2026-05-16T11:09:15.979Z,KXBTC15M-26MAY160715-15,BTC price up in next 15 mins?,KXBTC15M-26MAY160715,2026-05-16T11:15:00Z,active,0.913,0.918,0.082,0.087,0.9155,0.913,131077.65,67674.81,105.5,1.0,"[[""0.9100"",""2674.00""],[""0.9110"",""68.00""],[""0.9130"",""60.01""],[""0.9150"",""108.00""],[""0.9160"",""47.16""],[""0.9190"",""16.00""],[""0.9200"",""31.00""],[""0.9210"",""400.00""],[""0.9220"",""979.54""],[""0.9230"",""105.50""]]","[[""0.0540"",""125.00""],[""0.0570"",""125.00""],[""0.0600"",""1144.00""],[""0.0610"",""2.00""],[""0.0630"",""125.00""],[""0.0640"",""10.00""],[""0.0660"",""125.00""],[""0.0680"",""95.98""],[""0.0690"",""14.00""],[""0.0720"",""1.00""]]"
2026-05-16T11:09:17.980Z,KXBTC15M-26MAY160715-15,BTC price up in next 15 mins?,KXBTC15M-26MAY160715,2026-05-16T11:15:00Z,active,0.913,0.918,0.082,0.087,0.9155,0.913,131077.65,67674.81,105.92,1.0,"[[""0.9130"",""60.01""],[""0.9140"",""43.00""],[""0.9150"",""108.00""],[""0.9160"",""47.16""],[""0.9190"",""125.00""],[""0.9200"",""31.00""],[""0.9210"",""17.00""],[""0.9220"",""979.54""],[""0.9230"",""400.00""],[""0.9240"",""105.92""]]","[[""0.0540"",""125.00""],[""0.0570"",""125.00""],[""0.0580"",""2.00""],[""0.0600"",""1144.00""],[""0.0630"",""125.00""],[""0.0640"",""10.00""],[""0.0650"",""13.00""],[""0.0660"",""125.00""],[""0.0680"",""95.98""],[""0.0720"",""1.00""]]"
2026-05-16T11:09:19.979Z,KXBTC15M-26MAY160715-15,BTC price up in next 15 mins?,KXBTC15M-26MAY160715,2026-05-16T11:15:00Z,active,0.913,0.918,0.082,0.087,0.9155,0.913,131077.65,67674.81,83.24,8.0,"[[""0.9240"",""125.00""],[""0.9260"",""125.00""],[""0.9290"",""238.00""],[""0.9300"",""798.00""],[""0.9320"",""1118.90""],[""0.9330"",""53.00""],[""0.9350"",""125.00""],[""0.9360"",""401.00""],[""0.9400"",""10.00""],[""0.9430"",""83.24""]]","[[""0.0350"",""168.00""],[""0.0380"",""125.00""],[""0.0400"",""2866.00""],[""0.0410"",""127.00""],[""0.0420"",""1000.00""],[""0.0440"",""125.00""],[""0.0470"",""122.63""],[""0.0490"",""10.00""],[""0.0500"",""125.00""],[""0.0510"",""8.00""]]"
2026-05-16T11:09:21.975Z,KXBTC15M-26MAY160715-15,BTC price up in next 15 mins?,KXBTC15M-26MAY160715,2026-05-16T11:15:00Z,active,0.913,0.918,0.082,0.087,0.9155,0.913,131077.65,67674.81,91.0,1.0,"[[""0.9240"",""125.00""],[""0.9260"",""125.00""],[""0.9290"",""125.00""],[""0.9300"",""1672.00""],[""0.9320"",""1118.90""],[""0.9330"",""10.00""],[""0.9350"",""126.00""],[""0.9360"",""385.35""],[""0.9370"",""43.00""],[""0.9380"",""91.00""]]","[[""0.0390"",""2.00""],[""0.0400"",""2885.00""],[""0.0410"",""1625.00""],[""0.0420"",""1000.00""],[""0.0440"",""125.00""],[""0.0470"",""107.63""],[""0.0490"",""10.00""],[""0.0500"",""127.00""],[""0.0510"",""37.54""],[""0.0520"",""1.00""]]"
2026-05-16T11:09:23.994Z,KXBTC15M-26MAY160715-15,BTC price up in next 15 mins?,KXBTC15M-26MAY160715,2026-05-16T11:15:00Z,active,0.913,0.918,0.082,0.087,0.9155,0.913,131077.65,67674.81,101.0,1.0,"[[""0.9290"",""125.00""],[""0.9300"",""2672.00""],[""0.9320"",""1118.90""],[""0.9330"",""10.00""],[""0.9350"",""125.00""],[""0.9360"",""43.00""],[""0.9380"",""125.00""],[""0.9390"",""400.00""],[""0.9400"",""14.00""],[""0.9420"",""101.00""]]","[[""0.0350"",""125.00""],[""0.0380"",""125.00""],[""0.0400"",""2885.00""],[""0.0410"",""127.00""],[""0.0420"",""1000.00""],[""0.0440"",""125.00""],[""0.0470"",""107.63""],[""0.0490"",""34.00""],[""0.0500"",""125.00""],[""0.0520"",""1.00""]]"
2026-05-16T11:09:25.979Z,KXBTC15M-26MAY160715-15,BTC price up in next 15 mins?,KXBTC15M-26MAY160715,2026-05-16T11:15:00Z,active,0.942,0.948,0.052,0.058,0.945,0.936,133327.85,69085.33,200.0,17.0,"[[""0.9330"",""115.00""],[""0.9350"",""125.00""],[""0.9380"",""125.00""],[""0.9390"",""43.00""],[""0.9400"",""10.00""],[""0.9410"",""125.00""],[""0.9420"",""1025.00""],[""0.9430"",""49.18""],[""0.9440"",""400.00""],[""0.9450"",""200.00""]]","[[""0.0320"",""1329.00""],[""0.0330"",""1.00""],[""0.0350"",""125.00""],[""0.0360"",""137.00""],[""0.0380"",""125.00""],[""0.0400"",""1860.00""],[""0.0410"",""127.00""],[""0.0420"",""21.42""],[""0.0430"",""10.00""],[""0.0460"",""17.00""]]"
2026-05-16T11:09:27.988Z,KXBTC15M-26MAY160715-15,BTC price up in next 15 mins?,KXBTC15M-26MAY160715,2026-05-16T11:15:00Z,active,0.942,0.948,0.052,0.058,0.945,0.936,133327.85,69085.33,157.0,136.91,"[[""0.9380"",""125.00""],[""0.9400"",""3338.00""],[""0.9410"",""125.00""],[""0.9420"",""25.00""],[""0.9450"",""125.00""],[""0.9470"",""10.00""],[""0.9480"",""125.00""],[""0.9500"",""19.00""],[""0.9520"",""1400.00""],[""0.9530"",""157.00""]]","[[""0.0270"",""2.00""],[""0.0280"",""272.00""],[""0.0300"",""3021.00""],[""0.0310"",""764.00""],[""0.0320"",""1829.00""],[""0.0330"",""1.00""],[""0.0350"",""125.00""],[""0.0370"",""8.00""],[""0.0380"",""125.00""],[""0.0400"",""136.91""]]"
2026-05-16T11:09:29.974Z,KXBTC15M-26MAY160715-15,BTC price up in next 15 mins?,KXBTC15M-26MAY160715,2026-05-16T11:15:00Z,active,0.942,0.948,0.052,0.058,0.945,0.936,133327.85,69085.33,98.0,197.33,"[[""0.9390"",""118.00""],[""0.9400"",""3338.00""],[""0.9410"",""125.00""],[""0.9420"",""25.00""],[""0.9440"",""10.00""],[""0.9450"",""125.00""],[""0.9480"",""125.00""],[""0.9500"",""19.00""],[""0.9520"",""1400.00""],[""0.9530"",""98.00""]]","[[""0.0260"",""276.00""],[""0.0280"",""125.00""],[""0.0290"",""2.00""],[""0.0300"",""3021.00""],[""0.0310"",""101.00""],[""0.0320"",""329.00""],[""0.0330"",""1519.00""],[""0.0350"",""125.00""],[""0.0380"",""125.00""],[""0.0400"",""197.33""]]"
2026-05-16T11:09:31.991Z,KXBTC15M-26MAY160715-15,BTC price up in next 15 mins?,KXBTC15M-26MAY160715,2026-05-16T11:15:00Z,active,0.942,0.948,0.052,0.058,0.945,0.936,133327.85,69085.33,42.07,43.24,"[[""0.9300"",""2541.00""],[""0.9320"",""1118.90""],[""0.9330"",""115.00""],[""0.9350"",""125.00""],[""0.9380"",""125.00""],[""0.9400"",""19.00""],[""0.9410"",""125.00""],[""0.9420"",""468.00""],[""0.9450"",""133.00""],[""0.9460"",""42.07""]]","[[""0.0320"",""471.00""],[""0.0330"",""1.00""],[""0.0350"",""125.00""],[""0.0380"",""127.00""],[""0.0390"",""10.00""],[""0.0400"",""130.33""],[""0.0410"",""130.00""],[""0.0420"",""1000.00""],[""0.0430"",""14.00""],[""0.0460"",""43.24""]]"
2026-05-16T11:09:33.981Z,KXBTC15M-26MAY160715-15,BTC price up in next 15 mins?,KXBTC15M-26MAY160715,2026-05-16T11:15:00Z,active,0.942,0.948,0.052,0.058,0.945,0.936,133327.85,69085.33,1.0,75.0,"[[""0.9320"",""1118.90""],[""0.9350"",""125.00""],[""0.9360"",""116.00""],[""0.9380"",""125.00""],[""0.9390"",""443.00""],[""0.9400"",""29.00""],[""0.9420"",""25.00""],[""0.9430"",""2.00""],[""0.9440"",""11.00""],[""0.9470"",""1.00""]]","[[""0.0340"",""139.00""],[""0.0350"",""125.00""],[""0.0380"",""125.00""],[""0.0400"",""2672.33""],[""0.0410"",""155.00""],[""0.0420"",""1010.00""],[""0.0440"",""125.00""],[""0.0450"",""13.00""],[""0.0470"",""125.00""],[""0.0480"",""75.00""]]"
2026-05-16T11:09:35.985Z,KXBTC15M-26MAY160715-15,BTC price up in next 15 mins?,KXBTC15M-26MAY160715,2026-05-16T11:15:00Z,active,0.942,0.948,0.052,0.058,0.945,0.936,133327.85,69085.33,14.61,94.54,"[[""0.9290"",""125.00""],[""0.9300"",""2541.00""],[""0.9320"",""1118.90""],[""0.9350"",""125.00""],[""0.9360"",""116.00""],[""0.9380"",""125.00""],[""0.9390"",""400.00""],[""0.9400"",""72.00""],[""0.9420"",""27.00""],[""0.9440"",""14.61""]]","[[""0.0330"",""1.00""],[""0.0340"",""139.00""],[""0.0350"",""125.00""],[""0.0380"",""125.00""],[""0.0400"",""2670.33""],[""0.0410"",""152.00""],[""0.0420"",""1010.00""],[""0.0440"",""125.00""],[""0.0470"",""138.00""],[""0.0480"",""94.54""]]"
2026-05-16T11:09:37.984Z,KXBTC15M-26MAY160715-15,BTC price up in next 15 mins?,KXBTC15M-26MAY160715,2026-05-16T11:15:00Z,active,0.942,0.948,0.052,0.058,0.945,0.936,133327.85,69085.33,25.0,12.0,"[[""0.9260"",""125.00""],[""0.9290"",""125.00""],[""0.9300"",""2541.00""],[""0.9320"",""1118.90""],[""0.9350"",""525.00""],[""0.9360"",""43.00""],[""0.9380"",""125.00""],[""0.9400"",""10.00""],[""0.9410"",""2.00""],[""0.9420"",""25.00""]]","[[""0.0350"",""125.00""],[""0.0380"",""125.00""],[""0.0400"",""2651.33""],[""0.0410"",""150.00""],[""0.0420"",""1000.00""],[""0.0440"",""127.00""],[""0.0450"",""10.00""],[""0.0470"",""125.00""],[""0.0480"",""85.00""],[""0.0490"",""12.00""]]"
2026-05-16T11:09:39.983Z,KXBTC15M-26MAY160715-15,BTC price up in next 15 mins?,KXBTC15M-26MAY160715,2026-05-16T11:15:00Z,active,0.942,0.948,0.052,0.058,0.945,0.936,133327.85,69085.33,118.9,75.0,"[[""0.9190"",""125.00""],[""0.9200"",""2570.00""],[""0.9220"",""168.00""],[""0.9240"",""125.00""],[""0.9250"",""414.00""],[""0.9260"",""125.00""],[""0.9290"",""125.00""],[""0.9300"",""1.00""],[""0.9310"",""10.00""],[""0.9320"",""118.90""]]","[[""0.0470"",""125.00""],[""0.0480"",""10.00""],[""0.0500"",""144.00""],[""0.0510"",""10.00""],[""0.0530"",""630.00""],[""0.0550"",""3.00""],[""0.0560"",""1585.00""],[""0.0580"",""25.00""],[""0.0620"",""1012.00""],[""0.0630"",""75.00""]]"
2026-05-16T11:09:41.984Z,KXBTC15M-26MAY160715-15,BTC price up in next 15 mins?,KXBTC15M-26MAY160715,2026-05-16T11:15:00Z,active,0.942,0.948,0.052,0.058,0.945,0.936,133327.85,69085.33,116.9,36.15,"[[""0.9190"",""125.00""],[""0.9200"",""1030.00""],[""0.9210"",""14.00""],[""0.9220"",""168.00""],[""0.9240"",""125.00""],[""0.9250"",""400.00""],[""0.9260"",""125.00""],[""0.9290"",""135.00""],[""0.9300"",""1.00""],[""0.9320"",""116.90""]]","[[""0.0440"",""125.00""],[""0.0470"",""175.00""],[""0.0480"",""10.00""],[""0.0500"",""2684.00""],[""0.0530"",""630.00""],[""0.0540"",""10.00""],[""0.0560"",""132.00""],[""0.0580"",""25.00""],[""0.0620"",""1000.00""],[""0.0630"",""36.15""]]"
2026-05-16T11:09:43.981Z,KXBTC15M-26MAY160715-15,BTC price up in next 15 mins?,KXBTC15M-26MAY160715,2026-05-16T11:15:00Z,active,0.942,0.948,0.052,0.058,0.945,0.936,133327.85,69085.33,116.9,110.11,"[[""0.9160"",""37.16""],[""0.9190"",""125.00""],[""0.9200"",""1030.00""],[""0.9220"",""125.00""],[""0.9230"",""57.00""],[""0.9240"",""525.00""],[""0.9260"",""125.00""],[""0.9290"",""135.00""],[""0.9300"",""1.00""],[""0.9320"",""116.90""]]","[[""0.0470"",""175.00""],[""0.0480"",""10.00""],[""0.0500"",""2684.00""],[""0.0530"",""630.00""],[""0.0540"",""10.00""],[""0.0560"",""130.00""],[""0.0570"",""2.00""],[""0.0580"",""25.00""],[""0.0620"",""1000.00""],[""0.0630"",""110.11""]]"
2026-05-16T11:09:45.991Z,KXBTC15M-26MAY160715-15,BTC price up in next 15 mins?,KXBTC15M-26MAY160715,2026-05-16T11:15:00Z,active,0.942,0.948,0.052,0.058,0.945,0.936,133327.85,69085.33,125.0,101.0,"[[""0.9240"",""125.00""],[""0.9260"",""168.00""],[""0.9270"",""400.00""],[""0.9290"",""125.00""],[""0.9300"",""1.00""],[""0.9320"",""115.90""],[""0.9360"",""125.00""],[""0.9370"",""17.00""],[""0.9380"",""10.00""],[""0.9390"",""125.00""]]","[[""0.0440"",""125.00""],[""0.0450"",""10.00""],[""0.0470"",""125.00""],[""0.0480"",""10.00""],[""0.0500"",""19.00""],[""0.0520"",""1000.00""],[""0.0530"",""518.00""],[""0.0540"",""2.00""],[""0.0560"",""5.00""],[""0.0580"",""101.00""]]"
2026-05-16T11:09:47.985Z,KXBTC15M-26MAY160715-15,BTC price up in next 15 mins?,KXBTC15M-26MAY160715,2026-05-16T11:15:00Z,active,0.942,0.948,0.052,0.058,0.945,0.936,133327.85,69085.33,40.61,100.0,"[[""0.9220"",""1125.00""],[""0.9240"",""125.00""],[""0.9260"",""125.00""],[""0.9290"",""238.00""],[""0.9300"",""30.00""],[""0.9320"",""115.90""],[""0.9340"",""400.00""],[""0.9350"",""43.00""],[""0.9360"",""125.00""],[""0.9370"",""40.61""]]","[[""0.0440"",""125.00""],[""0.0450"",""2.00""],[""0.0470"",""125.00""],[""0.0480"",""10.00""],[""0.0490"",""15.00""],[""0.0500"",""135.00""],[""0.0520"",""1000.00""],[""0.0530"",""505.00""],[""0.0560"",""5.00""],[""0.0580"",""100.00""]]"
2026-05-16T11:09:49.983Z,KXBTC15M-26MAY160715-15,BTC price up in next 15 mins?,KXBTC15M-26MAY160715,2026-05-16T11:15:00Z,active,0.942,0.948,0.052,0.058,0.945,0.936,133327.85,69085.33,124.93,25.0,"[[""0.9190"",""125.00""],[""0.9200"",""2570.00""],[""0.9220"",""1125.00""],[""0.9240"",""125.00""],[""0.9260"",""125.00""],[""0.9290"",""125.00""],[""0.9300"",""143.00""],[""0.9320"",""115.90""],[""0.9330"",""400.00""],[""0.9360"",""124.93""]]","[[""0.0410"",""150.00""],[""0.0440"",""125.00""],[""0.0470"",""125.00""],[""0.0480"",""12.00""],[""0.0500"",""135.00""],[""0.0520"",""1013.00""],[""0.0530"",""505.00""],[""0.0540"",""22.23""],[""0.0560"",""5.00""],[""0.0580"",""25.00""]]"
2026-05-16T11:09:51.981Z,KXBTC15M-26MAY160715-15,BTC price up in next 15 mins?,KXBTC15M-26MAY160715,2026-05-16T11:15:00Z,active,0.942,0.948,0.052,0.058,0.945,0.936,133327.85,69085.33,10.0,126.0,"[[""0.9190"",""125.00""],[""0.9200"",""2570.00""],[""0.9220"",""1125.00""],[""0.9240"",""125.00""],[""0.9260"",""125.00""],[""0.9270"",""400.00""],[""0.9280"",""113.00""],[""0.9300"",""20.00""],[""0.9320"",""13.00""],[""0.9350"",""10.00""]]","[[""0.0440"",""125.00""],[""0.0470"",""135.00""],[""0.0480"",""10.00""],[""0.0500"",""1125.00""],[""0.0520"",""1000.00""],[""0.0530"",""507.00""],[""0.0540"",""125.00""],[""0.0560"",""5.00""],[""0.0570"",""138.00""],[""0.0610"",""126.00""]]"
2026-05-16T11:09:53.971Z,KXBTC15M-26MAY160715-15,BTC price up in next 15 mins?,KXBTC15M-26MAY160715,2026-05-16T11:15:00Z,active,0.942,0.948,0.052,0.058,0.945,0.936,133327.85,69085.33,9.76,24.52,"[[""0.9160"",""37.16""],[""0.9190"",""168.00""],[""0.9200"",""2570.00""],[""0.9220"",""1125.00""],[""0.9240"",""125.00""],[""0.9260"",""125.00""],[""0.9270"",""400.00""],[""0.9290"",""113.00""],[""0.9300"",""95.00""],[""0.9310"",""9.76""]]","[[""0.0480"",""10.00""],[""0.0500"",""1125.00""],[""0.0520"",""1000.00""],[""0.0530"",""507.00""],[""0.0540"",""125.00""],[""0.0560"",""5.00""],[""0.0570"",""125.00""],[""0.0580"",""19.00""],[""0.0610"",""125.00""],[""0.0620"",""24.52""]]"
2026-05-16T11:09:55.981Z,KXBTC15M-26MAY160715-15,BTC price up in next 15 mins?,KXBTC15M-26MAY160715,2026-05-16T11:15:00Z,active,0.931,0.937,0.063,0.069,0.934,0.934,134802.02,69915.03,17.0,99.15,"[[""0.9200"",""2575.00""],[""0.9220"",""125.00""],[""0.9230"",""10.00""],[""0.9240"",""125.00""],[""0.9250"",""43.00""],[""0.9260"",""125.00""],[""0.9270"",""400.00""],[""0.9280"",""15.00""],[""0.9290"",""113.00""],[""0.9300"",""17.00""]]","[[""0.0470"",""125.00""],[""0.0480"",""10.00""],[""0.0500"",""1125.00""],[""0.0530"",""502.00""],[""0.0540"",""135.00""],[""0.0560"",""5.00""],[""0.0570"",""125.00""],[""0.0610"",""17.00""],[""0.0620"",""957.80""],[""0.0630"",""99.15""]]"
2026-05-16T11:09:57.977Z,KXBTC15M-26MAY160715-15,BTC price up in next 15 mins?,KXBTC15M-26MAY160715,2026-05-16T11:15:00Z,active,0.931,0.937,0.063,0.069,0.934,0.934,134802.02,69915.03,127.0,21.0,"[[""0.9110"",""25.00""],[""0.9130"",""60.01""],[""0.9160"",""37.16""],[""0.9190"",""125.00""],[""0.9200"",""2589.00""],[""0.9220"",""1125.00""],[""0.9240"",""135.00""],[""0.9260"",""168.00""],[""0.9290"",""525.00""],[""0.9300"",""127.00""]]","[[""0.0470"",""125.00""],[""0.0480"",""10.00""],[""0.0490"",""1500.00""],[""0.0500"",""1125.00""],[""0.0520"",""1000.00""],[""0.0530"",""502.00""],[""0.0540"",""135.00""],[""0.0560"",""5.00""],[""0.0570"",""125.00""],[""0.0580"",""21.00""]]"
2026-05-16T11:09:59.990Z,KXBTC15M-26MAY160715-15,BTC price up in next 15 mins?,KXBTC15M-26MAY160715,2026-05-16T11:15:00Z,active,0.931,0.937,0.063,0.069,0.934,0.934,134802.02,69915.03,25.0,5.0,"[[""0.9240"",""125.00""],[""0.9260"",""125.00""],[""0.9270"",""10.00""],[""0.9280"",""43.00""],[""0.9290"",""125.00""],[""0.9300"",""513.00""],[""0.9320"",""1125.00""],[""0.9350"",""125.00""],[""0.9370"",""14.00""],[""0.9420"",""25.00""]]","[[""0.0410"",""150.00""],[""0.0420"",""1000.00""],[""0.0440"",""125.00""],[""0.0470"",""125.00""],[""0.0480"",""10.00""],[""0.0500"",""1125.00""],[""0.0510"",""12.00""],[""0.0530"",""500.00""],[""0.0540"",""10.00""],[""0.0570"",""5.00""]]"
2026-05-16T11:10:01.990Z,KXBTC15M-26MAY160715-15,BTC price up in next 15 mins?,KXBTC15M-26MAY160715,2026-05-16T11:15:00Z,active,0.931,0.937,0.063,0.069,0.934,0.934,134802.02,69915.03,60.0,68.15,"[[""0.9260"",""125.00""],[""0.9290"",""125.00""],[""0.9300"",""53.00""],[""0.9310"",""114.00""],[""0.9320"",""1125.00""],[""0.9330"",""400.00""],[""0.9350"",""125.00""],[""0.9390"",""15.00""],[""0.9400"",""93.00""],[""0.9420"",""60.00""]]","[[""0.0410"",""282.00""],[""0.0420"",""1000.00""],[""0.0440"",""125.00""],[""0.0470"",""125.00""],[""0.0480"",""10.00""],[""0.0490"",""12.00""],[""0.0500"",""125.00""],[""0.0510"",""10.00""],[""0.0530"",""497.23""],[""0.0540"",""68.15""]]"
2026-05-16T11:10:03.992Z,KXBTC15M-26MAY160715-15,BTC price up in next 15 mins?,KXBTC15M-26MAY160715,2026-05-16T11:15:00Z,active,0.931,0.937,0.063,0.069,0.934,0.934,134802.02,69915.03,127.0,497.23,"[[""0.9260"",""125.00""],[""0.9290"",""125.00""],[""0.9300"",""2540.00""],[""0.9320"",""168.00""],[""0.9350"",""525.00""],[""0.9390"",""125.00""],[""0.9400"",""88.00""],[""0.9410"",""125.00""],[""0.9420"",""1035.00""],[""0.9430"",""127.00""]]","[[""0.0370"",""93.00""],[""0.0380"",""125.00""],[""0.0390"",""10.00""],[""0.0400"",""1670.33""],[""0.0410"",""125.00""],[""0.0420"",""10.00""],[""0.0440"",""125.00""],[""0.0450"",""2.00""],[""0.0480"",""10.00""],[""0.0530"",""497.23""]]"
2026-05-16T11:10:05.999Z,KXBTC15M-26MAY160715-15,BTC price up in next 15 mins?,KXBTC15M-26MAY160715,2026-05-16T11:15:00Z,active,0.931,0.937,0.063,0.069,0.934,0.934,134802.02,69915.03,76.0,476.38,"[[""0.9320"",""125.00""],[""0.9350"",""125.00""],[""0.9380"",""117.00""],[""0.9390"",""125.00""],[""0.9400"",""107.00""],[""0.9410"",""125.00""],[""0.9420"",""1034.00""],[""0.9440"",""125.00""],[""0.9450"",""410.00""],[""0.9460"",""76.00""]]","[[""0.0310"",""101.00""],[""0.0320"",""1329.00""],[""0.0330"",""1.00""],[""0.0340"",""2.00""],[""0.0350"",""125.00""],[""0.0400"",""111.33""],[""0.0410"",""10.00""],[""0.0460"",""19.00""],[""0.0480"",""1510.00""],[""0.0530"",""476.38""]]"
2026-05-16T11:10:07.990Z,KXBTC15M-26MAY160715-15,BTC price up in next 15 mins?,KXBTC15M-26MAY160715,2026-05-16T11:15:00Z,active,0.931,0.937,0.063,0.069,0.934,0.934,134802.02,69915.03,1.0,71.7,"[[""0.9340"",""10.00""],[""0.9350"",""125.00""],[""0.9390"",""243.00""],[""0.9400"",""1657.00""],[""0.9410"",""125.00""],[""0.9420"",""1024.00""],[""0.9430"",""258.26""],[""0.9440"",""17.00""],[""0.9450"",""124.44""],[""0.9500"",""1.00""]]","[[""0.0260"",""125.00""],[""0.0280"",""125.00""],[""0.0300"",""3035.00""],[""0.0310"",""101.00""],[""0.0320"",""1329.00""],[""0.0330"",""44.00""],[""0.0350"",""127.00""],[""0.0400"",""1611.33""],[""0.0450"",""34.00""],[""0.0480"",""71.70""]]"
2026-05-16T11:10:09.983Z,KXBTC15M-26MAY160715-15,BTC price up in next 15 mins?,KXBTC15M-26MAY160715,2026-05-16T11:15:00Z,active,0.931,0.937,0.063,0.069,0.934,0.934,134802.02,69915.03,561.0,82.95,"[[""0.9390"",""125.00""],[""0.9400"",""1657.00""],[""0.9410"",""125.00""],[""0.9420"",""24.00""],[""0.9450"",""133.44""],[""0.9460"",""400.00""],[""0.9500"",""2.00""],[""0.9510"",""16.00""],[""0.9520"",""1000.00""],[""0.9600"",""561.00""]]","[[""0.0260"",""125.00""],[""0.0280"",""125.00""],[""0.0300"",""3250.00""],[""0.0310"",""101.00""],[""0.0320"",""374.00""],[""0.0330"",""1.00""],[""0.0340"",""1500.00""],[""0.0350"",""125.00""],[""0.0380"",""10.00""],[""0.0390"",""82.95""]]"
2026-05-16T11:10:11.984Z,KXBTC15M-26MAY160715-15,BTC price up in next 15 mins?,KXBTC15M-26MAY160715,2026-05-16T11:15:00Z,active,0.931,0.937,0.063,0.069,0.934,0.934,134802.02,69915.03,204.0,24.0,"[[""0.9430"",""43.00""],[""0.9450"",""123.44""],[""0.9480"",""125.00""],[""0.9490"",""400.00""],[""0.9500"",""1.00""],[""0.9520"",""1125.00""],[""0.9530"",""10.00""],[""0.9570"",""17.00""],[""0.9600"",""236.42""],[""0.9630"",""204.00""]]","[[""0.0220"",""1499.00""],[""0.0240"",""125.00""],[""0.0250"",""1.00""],[""0.0260"",""1625.00""],[""0.0280"",""125.00""],[""0.0290"",""146.00""],[""0.0300"",""566.00""],[""0.0310"",""144.00""],[""0.0320"",""76.90""],[""0.0330"",""24.00""]]"
2026-05-16T11:10:13.996Z,KXBTC15M-26MAY160715-15,BTC price up in next 15 mins?,KXBTC15M-26MAY160715,2026-05-16T11:15:00Z,active,0.931,0.937,0.063,0.069,0.934,0.934,134802.02,69915.03,92.0,125.0,"[[""0.9320"",""125.00""],[""0.9350"",""125.00""],[""0.9390"",""168.00""],[""0.9400"",""3043.00""],[""0.9410"",""42.63""],[""0.9440"",""125.00""],[""0.9450"",""25.00""],[""0.9480"",""10.00""],[""0.9520"",""1000.00""],[""0.9530"",""92.00""]]","[[""0.0300"",""2087.00""],[""0.0310"",""101.00""],[""0.0320"",""66.90""],[""0.0330"",""43.00""],[""0.0340"",""10.00""],[""0.0360"",""126.00""],[""0.0370"",""3752.26""],[""0.0390"",""127.00""],[""0.0400"",""19.00""],[""0.0410"",""125.00""]]"
2026-05-16T11:10:15.981Z,KXBTC15M-26MAY160715-15,BTC price up in next 15 mins?,KXBTC15M-26MAY160715,2026-05-16T11:15:00Z,active,0.931,0.937,0.063,0.069,0.934,0.934,134802.02,69915.03,93.0,53.0,"[[""0.9390"",""125.00""],[""0.9400"",""2643.00""],[""0.9410"",""161.63""],[""0.9420"",""43.00""],[""0.9440"",""125.00""],[""0.9450"",""25.00""],[""0.9480"",""410.00""],[""0.9500"",""21.00""],[""0.9520"",""1000.00""],[""0.9530"",""93.00""]]","[[""0.0260"",""125.00""],[""0.0280"",""125.00""],[""0.0300"",""2087.00""],[""0.0310"",""101.00""],[""0.0320"",""111.90""],[""0.0340"",""10.00""],[""0.0360"",""125.00""],[""0.0370"",""19.00""],[""0.0390"",""125.00""],[""0.0410"",""53.00""]]"
2026-05-16T11:10:17.990Z,KXBTC15M-26MAY160715-15,BTC price up in next 15 mins?,KXBTC15M-26MAY160715,2026-05-16T11:15:00Z,active,0.931,0.937,0.063,0.069,0.934,0.934,134802.02,69915.03,124.24,2938.21,"[[""0.9480"",""400.00""],[""0.9490"",""125.00""],[""0.9500"",""21.00""],[""0.9510"",""168.00""],[""0.9520"",""1000.00""],[""0.9530"",""125.00""],[""0.9540"",""10.00""],[""0.9550"",""200.00""],[""0.9580"",""143.00""],[""0.9650"",""124.24""]]","[[""0.0220"",""3408.00""],[""0.0230"",""156.00""],[""0.0240"",""125.00""],[""0.0250"",""1.00""],[""0.0260"",""125.00""],[""0.0280"",""125.00""],[""0.0290"",""8.00""],[""0.0300"",""403.06""],[""0.0310"",""10.00""],[""0.0320"",""2938.21""]]"
2026-05-16T11:10:19.979Z,KXBTC15M-26MAY160715-15,BTC price up in next 15 mins?,KXBTC15M-26MAY160715,2026-05-16T11:15:00Z,active,0.931,0.937,0.063,0.069,0.934,0.934,134802.02,69915.03,10.0,318.18,"[[""0.9470"",""127.00""],[""0.9490"",""525.00""],[""0.9500"",""1571.00""],[""0.9510"",""168.00""],[""0.9520"",""1000.00""],[""0.9530"",""125.00""],[""0.9550"",""76.81""],[""0.9560"",""35.83""],[""0.9610"",""15.00""],[""0.9620"",""10.00""]]","[[""0.0180"",""125.00""],[""0.0200"",""3981.00""],[""0.0210"",""190.00""],[""0.0220"",""1908.00""],[""0.0240"",""125.00""],[""0.0250"",""1.00""],[""0.0260"",""135.00""],[""0.0270"",""149.00""],[""0.0280"",""133.00""],[""0.0300"",""318.18""]]"
2026-05-16T11:10:21.983Z,KXBTC15M-26MAY160715-15,BTC price up in next 15 mins?,KXBTC15M-26MAY160715,2026-05-16T11:15:00Z,active,0.931,0.937,0.063,0.069,0.934,0.934,134802.02,69915.03,20.0,741.0,"[[""0.9490"",""125.00""],[""0.9500"",""1573.00""],[""0.9510"",""175.00""],[""0.9520"",""1000.00""],[""0.9530"",""525.00""],[""0.9550"",""119.81""],[""0.9610"",""50.00""],[""0.9620"",""11.00""],[""0.9630"",""18.00""],[""0.9680"",""20.00""]]","[[""0.0200"",""4000.00""],[""0.0210"",""190.00""],[""0.0220"",""1908.00""],[""0.0240"",""125.00""],[""0.0250"",""1.00""],[""0.0260"",""286.00""],[""0.0270"",""27.00""],[""0.0280"",""125.00""],[""0.0300"",""280.18""],[""0.0310"",""741.00""]]"
2026-05-16T11:10:23.981Z,KXBTC15M-26MAY160715-15,BTC price up in next 15 mins?,KXBTC15M-26MAY160715,2026-05-16T11:15:00Z,active,0.931,0.937,0.063,0.069,0.934,0.934,134802.02,69915.03,18.0,1.0,"[[""0.9500"",""2571.00""],[""0.9510"",""175.00""],[""0.9530"",""125.00""],[""0.9550"",""76.81""],[""0.9560"",""400.00""],[""0.9580"",""125.00""],[""0.9610"",""185.00""],[""0.9620"",""1000.00""],[""0.9630"",""44.00""],[""0.9640"",""18.00""]]","[[""0.0200"",""4000.00""],[""0.0210"",""190.00""],[""0.0220"",""1908.00""],[""0.0240"",""125.00""],[""0.0250"",""19.00""],[""0.0260"",""125.00""],[""0.0280"",""21.00""],[""0.0300"",""191.00""],[""0.0310"",""2719.09""],[""0.0320"",""1.00""]]"
2026-05-16T11:10:25.978Z,KXBTC15M-26MAY160715-15,BTC price up in next 15 mins?,KXBTC15M-26MAY160715,2026-05-16T11:15:00Z,active,0.964,0.968,0.032,0.036,0.966,0.969,145564.29,75662.25,23.0,27.28,"[[""0.9500"",""2569.00""],[""0.9510"",""175.00""],[""0.9530"",""127.00""],[""0.9550"",""76.81""],[""0.9560"",""400.00""],[""0.9580"",""125.00""],[""0.9610"",""185.00""],[""0.9620"",""863.89""],[""0.9630"",""76.00""],[""0.9640"",""23.00""]]","[[""0.0150"",""144.00""],[""0.0160"",""125.00""],[""0.0180"",""125.00""],[""0.0200"",""4000.00""],[""0.0210"",""350.00""],[""0.0220"",""1908.00""],[""0.0240"",""125.00""],[""0.0250"",""19.00""],[""0.0260"",""125.00""],[""0.0300"",""27.28""]]"
2026-05-16T11:10:27.992Z,KXBTC15M-26MAY160715-15,BTC price up in next 15 mins?,KXBTC15M-26MAY160715,2026-05-16T11:15:00Z,active,0.964,0.968,0.032,0.036,0.966,0.969,145564.29,75662.25,37.79,27.0,"[[""0.9450"",""25.00""],[""0.9470"",""127.00""],[""0.9490"",""141.00""],[""0.9500"",""1551.00""],[""0.9510"",""175.00""],[""0.9520"",""1000.00""],[""0.9530"",""125.00""],[""0.9550"",""76.81""],[""0.9580"",""145.39""],[""0.9590"",""37.79""]]","[[""0.0240"",""125.00""],[""0.0250"",""1.00""],[""0.0260"",""125.00""],[""0.0280"",""10.00""],[""0.0290"",""125.00""],[""0.0300"",""46.28""],[""0.0310"",""29.03""],[""0.0320"",""1.00""],[""0.0390"",""71.92""],[""0.0400"",""27.00""]]"
2026-05-16T11:10:29.977Z,KXBTC15M-26MAY160715-15,BTC price up in next 15 mins?,KXBTC15M-26MAY160715,2026-05-16T11:15:00Z,active,0.964,0.968,0.032,0.036,0.966,0.969,145564.29,75662.25,32.0,5204.0,"[[""0.9490"",""168.00""],[""0.9500"",""1546.00""],[""0.9510"",""175.00""],[""0.9520"",""1000.00""],[""0.9530"",""125.00""],[""0.9550"",""86.81""],[""0.9580"",""135.39""],[""0.9590"",""1.00""],[""0.9620"",""58.00""],[""0.9630"",""32.00""]]","[[""0.0160"",""125.00""],[""0.0180"",""125.00""],[""0.0200"",""4000.00""],[""0.0210"",""190.00""],[""0.0220"",""1908.00""],[""0.0240"",""340.00""],[""0.0250"",""1.00""],[""0.0260"",""133.00""],[""0.0290"",""165.17""],[""0.0300"",""5204.00""]]"
2026-05-16T11:10:31.982Z,KXBTC15M-26MAY160715-15,BTC price up in next 15 mins?,KXBTC15M-26MAY160715,2026-05-16T11:15:00Z,active,0.964,0.968,0.032,0.036,0.966,0.969,145564.29,75662.25,149.0,19.12,"[[""0.9500"",""2840.00""],[""0.9510"",""177.00""],[""0.9520"",""400.00""],[""0.9530"",""125.00""],[""0.9550"",""76.81""],[""0.9580"",""303.39""],[""0.9600"",""29.00""],[""0.9610"",""135.00""],[""0.9620"",""1058.00""],[""0.9630"",""149.00""]]","[[""0.0180"",""168.00""],[""0.0200"",""3250.00""],[""0.0210"",""350.00""],[""0.0220"",""1908.00""],[""0.0230"",""8.00""],[""0.0240"",""125.00""],[""0.0250"",""11.00""],[""0.0260"",""125.00""],[""0.0310"",""3820.00""],[""0.0320"",""19.12""]]"
2026-05-16T11:10:33.983Z,KXBTC15M-26MAY160715-15,BTC price up in next 15 mins?,KXBTC15M-26MAY160715,2026-05-16T11:15:00Z,active,0.964,0.968,0.032,0.036,0.966,0.969,145564.29,75662.25,5.94,89.78,"[[""0.9500"",""2840.00""],[""0.9510"",""125.00""],[""0.9530"",""127.00""],[""0.9550"",""476.81""],[""0.9580"",""260.39""],[""0.9600"",""29.00""],[""0.9610"",""218.00""],[""0.9620"",""1058.00""],[""0.9640"",""10.00""],[""0.9650"",""5.94""]]","[[""0.0180"",""125.00""],[""0.0200"",""3413.00""],[""0.0210"",""190.00""],[""0.0220"",""1918.00""],[""0.0230"",""8.00""],[""0.0240"",""125.00""],[""0.0250"",""1.00""],[""0.0260"",""125.00""],[""0.0290"",""2943.00""],[""0.0310"",""89.78""]]"
2026-05-16T11:10:35.991Z,KXBTC15M-26MAY160715-15,BTC price up in next 15 mins?,KXBTC15M-26MAY160715,2026-05-16T11:15:00Z,active,0.964,0.968,0.032,0.036,0.966,0.969,145564.29,75662.25,104.0,61.9,"[[""0.9540"",""2.00""],[""0.9550"",""76.81""],[""0.9560"",""400.00""],[""0.9580"",""260.39""],[""0.9600"",""1574.00""],[""0.9610"",""175.00""],[""0.9620"",""362.95""],[""0.9630"",""18.94""],[""0.9640"",""125.00""],[""0.9650"",""104.00""]]","[[""0.0140"",""125.00""],[""0.0150"",""101.00""],[""0.0160"",""125.00""],[""0.0180"",""125.00""],[""0.0190"",""43.00""],[""0.0200"",""3413.00""],[""0.0210"",""190.00""],[""0.0220"",""1918.00""],[""0.0230"",""8.00""],[""0.0240"",""61.90""]]"
2026-05-16T11:10:37.993Z,KXBTC15M-26MAY160715-15,BTC price up in next 15 mins?,KXBTC15M-26MAY160715,2026-05-16T11:15:00Z,active,0.964,0.968,0.032,0.036,0.966,0.969,145564.29,75662.25,20.0,27.25,"[[""0.9530"",""125.00""],[""0.9540"",""10.00""],[""0.9550"",""78.81""],[""0.9560"",""400.00""],[""0.9580"",""260.39""],[""0.9590"",""43.00""],[""0.9600"",""34.00""],[""0.9610"",""175.00""],[""0.9620"",""345.35""],[""0.9630"",""20.00""]]","[[""0.0160"",""125.00""],[""0.0180"",""125.00""],[""0.0190"",""208.00""],[""0.0200"",""3250.00""],[""0.0210"",""190.00""],[""0.0220"",""3408.00""],[""0.0230"",""8.00""],[""0.0290"",""34.00""],[""0.0300"",""1915.00""],[""0.0310"",""27.25""]]"
2026-05-16T11:10:39.995Z,KXBTC15M-26MAY160715-15,BTC price up in next 15 mins?,KXBTC15M-26MAY160715,2026-05-16T11:15:00Z,active,0.964,0.968,0.032,0.036,0.966,0.969,145564.29,75662.25,182.37,114.0,"[[""0.9490"",""249.00""],[""0.9500"",""5312.67""],[""0.9510"",""125.00""],[""0.9530"",""125.00""],[""0.9540"",""10.00""],[""0.9550"",""78.81""],[""0.9560"",""400.00""],[""0.9580"",""157.60""],[""0.9590"",""20.00""],[""0.9620"",""182.37""]]","[[""0.0210"",""190.00""],[""0.0220"",""1908.00""],[""0.0230"",""8.00""],[""0.0240"",""1500.00""],[""0.0250"",""125.00""],[""0.0260"",""43.00""],[""0.0290"",""10.00""],[""0.0300"",""1914.00""],[""0.0310"",""1.00""],[""0.0320"",""114.00""]]"
2026-05-16T11:10:41.998Z,KXBTC15M-26MAY160715-15,BTC price up in next 15 mins?,KXBTC15M-26MAY160715,2026-05-16T11:15:00Z,active,0.964,0.968,0.032,0.036,0.966,0.969,145564.29,75662.25,33.0,64.12,"[[""0.9490"",""125.00""],[""0.9500"",""5432.67""],[""0.9510"",""125.00""],[""0.9530"",""125.00""],[""0.9540"",""10.00""],[""0.9550"",""76.81""],[""0.9560"",""2.00""],[""0.9580"",""557.60""],[""0.9620"",""181.37""],[""0.9630"",""33.00""]]","[[""0.0200"",""3250.00""],[""0.0210"",""190.00""],[""0.0220"",""1908.00""],[""0.0230"",""8.00""],[""0.0250"",""1625.00""],[""0.0260"",""43.00""],[""0.0270"",""24.00""],[""0.0290"",""10.00""],[""0.0300"",""1914.00""],[""0.0320"",""64.12""]]"
2026-05-16T11:10:43.986Z,KXBTC15M-26MAY160715-15,BTC price up in next 15 mins?,KXBTC15M-26MAY160715,2026-05-16T11:15:00Z,active,0.964,0.968,0.032,0.036,0.966,0.969,145564.29,75662.25,222.76,35.0,"[[""0.9470"",""125.00""],[""0.9490"",""168.00""],[""0.9500"",""2972.00""],[""0.9510"",""125.00""],[""0.9530"",""125.00""],[""0.9550"",""2537.48""],[""0.9570"",""10.00""],[""0.9580"",""159.60""],[""0.9590"",""400.00""],[""0.9620"",""222.76""]]","[[""0.0170"",""171.00""],[""0.0180"",""125.00""],[""0.0200"",""3250.00""],[""0.0210"",""190.00""],[""0.0220"",""1908.00""],[""0.0230"",""1551.00""],[""0.0250"",""125.00""],[""0.0260"",""10.00""],[""0.0300"",""1940.00""],[""0.0310"",""35.00""]]"
2026-05-16T11:10:45.983Z,KXBTC15M-26MAY160715-15,BTC price up in next 15 mins?,KXBTC15M-26MAY160715,2026-05-16T11:15:00Z,active,0.964,0.968,0.032,0.036,0.966,0.969,145564.29,75662.25,28.0,1328.89,"[[""0.9490"",""125.00""],[""0.9500"",""3351.00""],[""0.9510"",""250.00""],[""0.9530"",""125.00""],[""0.9540"",""10.00""],[""0.9550"",""119.81""],[""0.9580"",""159.60""],[""0.9600"",""419.00""],[""0.9620"",""209.76""],[""0.9630"",""28.00""]]","[[""0.0160"",""299.00""],[""0.0180"",""125.00""],[""0.0200"",""3250.00""],[""0.0210"",""190.00""],[""0.0220"",""1908.00""],[""0.0230"",""8.00""],[""0.0240"",""43.00""],[""0.0250"",""125.00""],[""0.0260"",""10.00""],[""0.0300"",""1328.89""]]"
2026-05-16T11:10:47.991Z,KXBTC15M-26MAY160715-15,BTC price up in next 15 mins?,KXBTC15M-26MAY160715,2026-05-16T11:15:00Z,active,0.964,0.968,0.032,0.036,0.966,0.969,145564.29,75662.25,28.0,979.89,"[[""0.9500"",""1806.00""],[""0.9510"",""250.00""],[""0.9530"",""125.00""],[""0.9540"",""10.00""],[""0.9550"",""119.81""],[""0.9580"",""159.60""],[""0.9590"",""400.00""],[""0.9600"",""1559.00""],[""0.9620"",""209.76""],[""0.9630"",""28.00""]]","[[""0.0160"",""299.00""],[""0.0180"",""125.00""],[""0.0200"",""3250.00""],[""0.0210"",""190.00""],[""0.0220"",""1908.00""],[""0.0230"",""51.00""],[""0.0250"",""1625.00""],[""0.0270"",""24.00""],[""0.0290"",""10.00""],[""0.0300"",""979.89""]]"
2026-05-16T11:10:49.971Z,KXBTC15M-26MAY160715-15,BTC price up in next 15 mins?,KXBTC15M-26MAY160715,2026-05-16T11:15:00Z,active,0.964,0.968,0.032,0.036,0.966,0.969,145564.29,75662.25,38.0,894.39,"[[""0.9510"",""125.00""],[""0.9520"",""126.00""],[""0.9530"",""125.00""],[""0.9540"",""10.00""],[""0.9550"",""119.81""],[""0.9580"",""157.60""],[""0.9590"",""2.00""],[""0.9600"",""1959.00""],[""0.9620"",""209.76""],[""0.9630"",""38.00""]]","[[""0.0160"",""125.00""],[""0.0180"",""125.00""],[""0.0200"",""3250.00""],[""0.0210"",""190.00""],[""0.0220"",""1908.00""],[""0.0230"",""51.00""],[""0.0250"",""1625.00""],[""0.0270"",""24.00""],[""0.0290"",""10.00""],[""0.0300"",""894.39""]]"
2026-05-16T11:10:51.986Z,KXBTC15M-26MAY160715-15,BTC price up in next 15 mins?,KXBTC15M-26MAY160715,2026-05-16T11:15:00Z,active,0.964,0.968,0.032,0.036,0.966,0.969,145564.29,75662.25,20.0,849.34,"[[""0.9520"",""126.00""],[""0.9530"",""125.00""],[""0.9540"",""10.00""],[""0.9550"",""76.81""],[""0.9560"",""43.00""],[""0.9580"",""157.60""],[""0.9600"",""1566.00""],[""0.9610"",""2.00""],[""0.9620"",""610.76""],[""0.9630"",""20.00""]]","[[""0.0150"",""101.00""],[""0.0160"",""125.00""],[""0.0180"",""125.00""],[""0.0200"",""3250.00""],[""0.0210"",""233.00""],[""0.0220"",""1908.00""],[""0.0230"",""1508.00""],[""0.0250"",""125.00""],[""0.0290"",""10.00""],[""0.0300"",""849.34""]]"
2026-05-16T11:10:53.975Z,KXBTC15M-26MAY160715-15,BTC price up in next 15 mins?,KXBTC15M-26MAY160715,2026-05-16T11:15:00Z,active,0.964,0.968,0.032,0.036,0.966,0.969,145564.29,75662.25,58.0,265.0,"[[""0.9510"",""125.00""],[""0.9520"",""3460.67""],[""0.9530"",""252.00""],[""0.9540"",""10.00""],[""0.9550"",""76.81""],[""0.9560"",""43.00""],[""0.9580"",""157.60""],[""0.9600"",""1568.00""],[""0.9610"",""400.00""],[""0.9620"",""58.00""]]","[[""0.0180"",""125.00""],[""0.0200"",""3250.00""],[""0.0210"",""190.00""],[""0.0220"",""1908.00""],[""0.0230"",""43.00""],[""0.0250"",""125.00""],[""0.0290"",""10.00""],[""0.0300"",""828.34""],[""0.0320"",""24.00""],[""0.0370"",""265.00""]]"
2026-05-16T11:10:55.995Z,KXBTC15M-26MAY160715-15,BTC price up in next 15 mins?,KXBTC15M-26MAY160715,2026-05-16T11:15:00Z,active,0.962,0.963,0.037,0.038,0.9624999999999999,0.963,151635.32,75972.38,75.0,226.23,"[[""0.9520"",""1000.00""],[""0.9530"",""252.00""],[""0.9540"",""2470.67""],[""0.9550"",""76.81""],[""0.9570"",""43.00""],[""0.9580"",""157.60""],[""0.9590"",""400.00""],[""0.9600"",""26.00""],[""0.9610"",""2.00""],[""0.9620"",""75.00""]]","[[""0.0160"",""125.00""],[""0.0180"",""125.00""],[""0.0200"",""3250.00""],[""0.0210"",""233.00""],[""0.0220"",""1908.00""],[""0.0250"",""125.00""],[""0.0290"",""10.00""],[""0.0300"",""827.34""],[""0.0310"",""24.00""],[""0.0370"",""226.23""]]"
2026-05-16T11:10:57.991Z,KXBTC15M-26MAY160715-15,BTC price up in next 15 mins?,KXBTC15M-26MAY160715,2026-05-16T11:15:00Z,active,0.962,0.963,0.037,0.038,0.9624999999999999,0.963,151635.32,75972.38,77.0,121.65,"[[""0.9500"",""2541.00""],[""0.9510"",""125.00""],[""0.9520"",""1000.00""],[""0.9530"",""125.00""],[""0.9540"",""10.00""],[""0.9550"",""2537.48""],[""0.9580"",""157.60""],[""0.9590"",""175.00""],[""0.9600"",""426.00""],[""0.9620"",""77.00""]]","[[""0.0180"",""125.00""],[""0.0200"",""3250.00""],[""0.0210"",""233.00""],[""0.0220"",""1908.00""],[""0.0250"",""125.00""],[""0.0260"",""10.00""],[""0.0290"",""1500.00""],[""0.0300"",""851.34""],[""0.0310"",""29.03""],[""0.0370"",""121.65""]]"
2026-05-16T11:10:59.987Z,KXBTC15M-26MAY160715-15,BTC price up in next 15 mins?,KXBTC15M-26MAY160715,2026-05-16T11:15:00Z,active,0.962,0.963,0.037,0.038,0.9624999999999999,0.963,151635.32,75972.38,51.59,121.65,"[[""0.9510"",""125.00""],[""0.9520"",""1000.00""],[""0.9530"",""125.00""],[""0.9540"",""10.00""],[""0.9550"",""2537.48""],[""0.9580"",""157.60""],[""0.9590"",""175.00""],[""0.9600"",""28.00""],[""0.9610"",""525.00""],[""0.9620"",""51.59""]]","[[""0.0160"",""125.00""],[""0.0180"",""125.00""],[""0.0200"",""3250.00""],[""0.0210"",""233.00""],[""0.0220"",""1908.00""],[""0.0250"",""125.00""],[""0.0260"",""10.00""],[""0.0300"",""2351.34""],[""0.0310"",""29.03""],[""0.0370"",""121.65""]]"
2026-05-16T11:11:01.998Z,KXBTC15M-26MAY160715-15,BTC price up in next 15 mins?,KXBTC15M-26MAY160715,2026-05-16T11:15:00Z,active,0.962,0.963,0.037,0.038,0.9624999999999999,0.963,151635.32,75972.38,18.0,680.35,"[[""0.9550"",""76.81""],[""0.9570"",""10.00""],[""0.9580"",""157.60""],[""0.9590"",""2503.67""],[""0.9600"",""1573.00""],[""0.9610"",""125.00""],[""0.9620"",""1000.00""],[""0.9630"",""400.00""],[""0.9650"",""1.00""],[""0.9660"",""18.00""]]","[[""0.0180"",""125.00""],[""0.0190"",""43.00""],[""0.0200"",""3209.00""],[""0.0210"",""190.00""],[""0.0220"",""1908.00""],[""0.0240"",""1508.00""],[""0.0250"",""125.00""],[""0.0260"",""10.00""],[""0.0270"",""23.00""],[""0.0300"",""680.35""]]"
2026-05-16T11:11:03.986Z,KXBTC15M-26MAY160715-15,BTC price up in next 15 mins?,KXBTC15M-26MAY160715,2026-05-16T11:15:00Z,active,0.962,0.963,0.037,0.038,0.9624999999999999,0.963,151635.32,75972.38,16.0,640.35,"[[""0.9510"",""125.00""],[""0.9530"",""125.00""],[""0.9550"",""76.81""],[""0.9570"",""2470.67""],[""0.9580"",""157.60""],[""0.9600"",""1706.00""],[""0.9610"",""168.00""],[""0.9620"",""1058.00""],[""0.9630"",""345.30""],[""0.9640"",""16.00""]]","[[""0.0160"",""125.00""],[""0.0180"",""125.00""],[""0.0190"",""43.00""],[""0.0200"",""3209.00""],[""0.0210"",""190.00""],[""0.0220"",""1908.00""],[""0.0240"",""8.00""],[""0.0250"",""125.00""],[""0.0260"",""1510.00""],[""0.0300"",""640.35""]]"
2026-05-16T11:11:05.999Z,KXBTC15M-26MAY160715-15,BTC price up in next 15 mins?,KXBTC15M-26MAY160715,2026-05-16T11:15:00Z,active,0.962,0.963,0.037,0.038,0.9624999999999999,0.963,151635.32,75972.38,62.39,31.03,"[[""0.9530"",""125.00""],[""0.9550"",""76.81""],[""0.9570"",""10.00""],[""0.9580"",""157.60""],[""0.9590"",""2460.67""],[""0.9600"",""28.00""],[""0.9610"",""3635.00""],[""0.9620"",""1058.00""],[""0.9630"",""238.79""],[""0.9640"",""62.39""]]","[[""0.0190"",""43.00""],[""0.0200"",""3209.00""],[""0.0210"",""190.00""],[""0.0220"",""1908.00""],[""0.0240"",""1508.00""],[""0.0250"",""125.00""],[""0.0260"",""10.00""],[""0.0280"",""17.00""],[""0.0300"",""594.02""],[""0.0310"",""31.03""]]"
2026-05-16T11:11:07.983Z,KXBTC15M-26MAY160715-15,BTC price up in next 15 mins?,KXBTC15M-26MAY160715,2026-05-16T11:15:00Z,active,0.962,0.963,0.037,0.038,0.9624999999999999,0.963,151635.32,75972.38,125.0,1500.0,"[[""0.9540"",""20.00""],[""0.9550"",""76.81""],[""0.9560"",""10.00""],[""0.9570"",""130.00""],[""0.9580"",""157.60""],[""0.9600"",""1644.00""],[""0.9610"",""3458.00""],[""0.9620"",""1058.00""],[""0.9630"",""60.00""],[""0.9640"",""125.00""]]","[[""0.0150"",""101.00""],[""0.0160"",""125.00""],[""0.0170"",""43.00""],[""0.0180"",""125.00""],[""0.0200"",""1650.00""],[""0.0210"",""190.00""],[""0.0220"",""1908.00""],[""0.0260"",""10.00""],[""0.0300"",""412.00""],[""0.0310"",""1500.00""]]"
2026-05-16T11:11:09.993Z,KXBTC15M-26MAY160715-15,BTC price up in next 15 mins?,KXBTC15M-26MAY160715,2026-05-16T11:15:00Z,active,0.962,0.963,0.037,0.038,0.9624999999999999,0.963,151635.32,75972.38,26.0,1.0,"[[""0.9580"",""157.60""],[""0.9590"",""43.00""],[""0.9600"",""1644.00""],[""0.9610"",""3458.00""],[""0.9620"",""1058.00""],[""0.9640"",""126.00""],[""0.9650"",""400.00""],[""0.9670"",""10.00""],[""0.9700"",""2095.00""],[""0.9710"",""26.00""]]","[[""0.0130"",""1085.00""],[""0.0140"",""125.00""],[""0.0150"",""101.00""],[""0.0160"",""125.00""],[""0.0180"",""125.00""],[""0.0190"",""53.00""],[""0.0200"",""1650.00""],[""0.0210"",""220.00""],[""0.0220"",""1908.00""],[""0.0270"",""1.00""]]"
2026-05-16T11:11:11.995Z,KXBTC15M-26MAY160715-15,BTC price up in next 15 mins?,KXBTC15M-26MAY160715,2026-05-16T11:15:00Z,active,0.962,0.963,0.037,0.038,0.9624999999999999,0.963,151635.32,75972.38,19.0,1419.74,"[[""0.9590"",""43.00""],[""0.9600"",""2313.00""],[""0.9610"",""3458.00""],[""0.9620"",""58.00""],[""0.9640"",""125.00""],[""0.9670"",""410.00""],[""0.9700"",""2095.00""],[""0.9720"",""1070.26""],[""0.9730"",""16.00""],[""0.9760"",""19.00""]]","[[""0.0120"",""1880.00""],[""0.0130"",""1085.00""],[""0.0140"",""1625.00""],[""0.0150"",""101.00""],[""0.0160"",""125.00""],[""0.0180"",""125.00""],[""0.0190"",""10.00""],[""0.0200"",""707.00""],[""0.0210"",""220.00""],[""0.0220"",""1419.74""]]"
2026-05-16T11:11:13.982Z,KXBTC15M-26MAY160715-15,BTC price up in next 15 mins?,KXBTC15M-26MAY160715,2026-05-16T11:15:00Z,active,0.962,0.963,0.037,0.038,0.9624999999999999,0.963,151635.32,75972.38,1371.15,736.0,"[[""0.9550"",""76.81""],[""0.9580"",""200.60""],[""0.9600"",""2313.00""],[""0.9610"",""3458.00""],[""0.9620"",""58.00""],[""0.9630"",""400.00""],[""0.9640"",""125.00""],[""0.9670"",""10.00""],[""0.9700"",""2100.00""],[""0.9720"",""1371.15""]]","[[""0.0130"",""1087.00""],[""0.0140"",""125.00""],[""0.0150"",""101.00""],[""0.0160"",""125.00""],[""0.0180"",""125.00""],[""0.0190"",""10.00""],[""0.0200"",""677.00""],[""0.0210"",""233.00""],[""0.0220"",""616.26""],[""0.0240"",""736.00""]]"
2026-05-16T11:11:15.996Z,KXBTC15M-26MAY160715-15,BTC price up in next 15 mins?,KXBTC15M-26MAY160715,2026-05-16T11:15:00Z,active,0.962,0.963,0.037,0.038,0.9624999999999999,0.963,151635.32,75972.38,158.39,130.0,"[[""0.9490"",""125.00""],[""0.9500"",""2840.00""],[""0.9510"",""125.00""],[""0.9530"",""168.00""],[""0.9550"",""76.81""],[""0.9580"",""157.60""],[""0.9600"",""783.00""],[""0.9610"",""525.00""],[""0.9620"",""1058.00""],[""0.9640"",""158.39""]]","[[""0.0150"",""101.00""],[""0.0160"",""125.00""],[""0.0180"",""125.00""],[""0.0200"",""3209.00""],[""0.0210"",""190.00""],[""0.0220"",""598.26""],[""0.0240"",""1.00""],[""0.0250"",""53.00""],[""0.0260"",""21.00""],[""0.0300"",""130.00""]]"
2026-05-16T11:11:17.990Z,KXBTC15M-26MAY160715-15,BTC price up in next 15 mins?,KXBTC15M-26MAY160715,2026-05-16T11:15:00Z,active,0.962,0.963,0.037,0.038,0.9624999999999999,0.963,151635.32,75972.38,141.35,129.0,"[[""0.9510"",""125.00""],[""0.9520"",""43.00""],[""0.9530"",""125.00""],[""0.9550"",""205.81""],[""0.9580"",""157.60""],[""0.9600"",""109.00""],[""0.9610"",""125.00""],[""0.9620"",""1458.00""],[""0.9640"",""125.00""],[""0.9650"",""141.35""]]","[[""0.0130"",""1085.00""],[""0.0140"",""125.00""],[""0.0150"",""103.00""],[""0.0160"",""125.00""],[""0.0180"",""125.00""],[""0.0200"",""3209.00""],[""0.0210"",""190.00""],[""0.0220"",""608.26""],[""0.0250"",""67.00""],[""0.0300"",""129.00""]]"
2026-05-16T11:11:19.990Z,KXBTC15M-26MAY160715-15,BTC price up in next 15 mins?,KXBTC15M-26MAY160715,2026-05-16T11:15:00Z,active,0.962,0.963,0.037,0.038,0.9624999999999999,0.963,151635.32,75972.38,299.32,5000.0,"[[""0.9600"",""2294.00""],[""0.9610"",""125.00""],[""0.9620"",""58.00""],[""0.9640"",""125.00""],[""0.9650"",""443.00""],[""0.9670"",""125.00""],[""0.9710"",""10.00""],[""0.9720"",""1000.00""],[""0.9740"",""14.00""],[""0.9760"",""299.32""]]","[[""0.0110"",""1.00""],[""0.0120"",""1880.00""],[""0.0130"",""1085.00""],[""0.0140"",""308.00""],[""0.0150"",""101.00""],[""0.0160"",""125.00""],[""0.0180"",""125.00""],[""0.0190"",""18.00""],[""0.0200"",""22.00""],[""0.0210"",""5000.00""]]"
2026-05-16T11:11:21.985Z,KXBTC15M-26MAY160715-15,BTC price up in next 15 mins?,KXBTC15M-26MAY160715,2026-05-16T11:15:00Z,active,0.962,0.963,0.037,0.038,0.9624999999999999,0.963,151635.32,75972.38,260.67,4281.0,"[[""0.9600"",""2308.00""],[""0.9610"",""125.00""],[""0.9620"",""458.00""],[""0.9640"",""168.00""],[""0.9670"",""125.00""],[""0.9700"",""5.00""],[""0.9710"",""10.00""],[""0.9720"",""1000.00""],[""0.9740"",""14.00""],[""0.9760"",""260.67""]]","[[""0.0110"",""1.00""],[""0.0120"",""1880.00""],[""0.0130"",""1085.00""],[""0.0140"",""306.00""],[""0.0150"",""103.00""],[""0.0160"",""135.00""],[""0.0180"",""125.00""],[""0.0190"",""8.00""],[""0.0200"",""22.00""],[""0.0210"",""4281.00""]]"
2026-05-16T11:11:23.993Z,KXBTC15M-26MAY160715-15,BTC price up in next 15 mins?,KXBTC15M-26MAY160715,2026-05-16T11:15:00Z,active,0.962,0.963,0.037,0.038,0.9624999999999999,0.963,151635.32,75972.38,248.35,51.24,"[[""0.9600"",""2308.00""],[""0.9610"",""125.00""],[""0.9620"",""1458.00""],[""0.9640"",""125.00""],[""0.9650"",""45.00""],[""0.9670"",""125.00""],[""0.9680"",""10.00""],[""0.9700"",""10.00""],[""0.9730"",""14.00""],[""0.9760"",""248.35""]]","[[""0.0110"",""1.00""],[""0.0120"",""1880.00""],[""0.0130"",""1085.00""],[""0.0140"",""349.00""],[""0.0150"",""103.00""],[""0.0160"",""125.00""],[""0.0180"",""125.00""],[""0.0190"",""18.00""],[""0.0200"",""5000.00""],[""0.0210"",""51.24""]]"
2026-05-16T11:11:26.000Z,KXBTC15M-26MAY160715-15,BTC price up in next 15 mins?,KXBTC15M-26MAY160715,2026-05-16T11:15:00Z,active,0.976,0.98,0.02,0.024,0.978,0.979,158850.01,78184.79,1.0,4590.84,"[[""0.9620"",""1058.00""],[""0.9630"",""400.00""],[""0.9640"",""125.00""],[""0.9650"",""45.00""],[""0.9670"",""125.00""],[""0.9680"",""43.25""],[""0.9700"",""5.00""],[""0.9730"",""14.00""],[""0.9760"",""247.35""],[""0.9770"",""1.00""]]","[[""0.0100"",""3774.66""],[""0.0110"",""44.00""],[""0.0120"",""1880.00""],[""0.0130"",""1270.00""],[""0.0140"",""125.00""],[""0.0150"",""103.00""],[""0.0160"",""125.00""],[""0.0180"",""133.00""],[""0.0190"",""10.00""],[""0.0210"",""4590.84""]]"
2026-05-16T11:11:27.993Z,KXBTC15M-26MAY160715-15,BTC price up in next 15 mins?,KXBTC15M-26MAY160715,2026-05-16T11:15:00Z,active,0.976,0.98,0.02,0.024,0.978,0.979,158850.01,78184.79,1.0,2340.0,"[[""0.9620"",""1458.00""],[""0.9640"",""125.00""],[""0.9650"",""2.00""],[""0.9660"",""43.00""],[""0.9670"",""125.00""],[""0.9680"",""43.25""],[""0.9700"",""5.00""],[""0.9740"",""14.00""],[""0.9760"",""247.35""],[""0.9770"",""1.00""]]","[[""0.0120"",""1880.00""],[""0.0130"",""1270.00""],[""0.0140"",""125.00""],[""0.0150"",""103.00""],[""0.0160"",""125.00""],[""0.0180"",""133.00""],[""0.0190"",""10.00""],[""0.0200"",""24.00""],[""0.0210"",""1.00""],[""0.0220"",""2340.00""]]"
2026-05-16T11:11:29.993Z,KXBTC15M-26MAY160715-15,BTC price up in next 15 mins?,KXBTC15M-26MAY160715,2026-05-16T11:15:00Z,active,0.976,0.98,0.02,0.024,0.978,0.979,158850.01,78184.79,34.54,27.0,"[[""0.9600"",""2308.00""],[""0.9610"",""125.00""],[""0.9620"",""58.00""],[""0.9630"",""400.00""],[""0.9640"",""135.00""],[""0.9650"",""2.00""],[""0.9670"",""149.07""],[""0.9690"",""1.00""],[""0.9720"",""1015.00""],[""0.9730"",""34.54""]]","[[""0.0100"",""3774.66""],[""0.0110"",""44.00""],[""0.0120"",""2069.00""],[""0.0130"",""1085.00""],[""0.0140"",""125.00""],[""0.0150"",""103.00""],[""0.0160"",""125.00""],[""0.0180"",""133.00""],[""0.0200"",""5.00""],[""0.0220"",""27.00""]]"
2026-05-16T11:11:31.991Z,KXBTC15M-26MAY160715-15,BTC price up in next 15 mins?,KXBTC15M-26MAY160715,2026-05-16T11:15:00Z,active,0.976,0.98,0.02,0.024,0.978,0.979,158850.01,78184.79,102.0,2818.0,"[[""0.9610"",""125.00""],[""0.9620"",""58.00""],[""0.9640"",""525.00""],[""0.9650"",""2.00""],[""0.9670"",""106.07""],[""0.9680"",""43.00""],[""0.9700"",""149.00""],[""0.9710"",""10.00""],[""0.9720"",""1125.00""],[""0.9740"",""102.00""]]","[[""0.0080"",""1.00""],[""0.0100"",""3774.66""],[""0.0110"",""1.00""],[""0.0120"",""2069.00""],[""0.0130"",""1087.00""],[""0.0140"",""125.00""],[""0.0150"",""101.00""],[""0.0160"",""133.61""],[""0.0170"",""30.00""],[""0.0190"",""2818.00""]]"
2026-05-16T11:11:34.000Z,KXBTC15M-26MAY160715-15,BTC price up in next 15 mins?,KXBTC15M-26MAY160715,2026-05-16T11:15:00Z,active,0.976,0.98,0.02,0.024,0.978,0.979,158850.01,78184.79,65.2,29.0,"[[""0.9620"",""58.00""],[""0.9640"",""125.00""],[""0.9650"",""2.00""],[""0.9660"",""400.00""],[""0.9670"",""106.07""],[""0.9700"",""197.00""],[""0.9710"",""10.00""],[""0.9720"",""1125.00""],[""0.9730"",""14.00""],[""0.9740"",""65.20""]]","[[""0.0080"",""1.00""],[""0.0100"",""5284.31""],[""0.0110"",""197.00""],[""0.0120"",""1880.00""],[""0.0130"",""1085.00""],[""0.0140"",""125.00""],[""0.0150"",""101.00""],[""0.0160"",""133.61""],[""0.0170"",""8.00""],[""0.0200"",""29.00""]]"
2026-05-16T11:11:36.003Z,KXBTC15M-26MAY160715-15,BTC price up in next 15 mins?,KXBTC15M-26MAY160715,2026-05-16T11:15:00Z,active,0.976,0.98,0.02,0.024,0.978,0.979,158850.01,78184.79,65.2,41.91,"[[""0.9620"",""58.00""],[""0.9640"",""125.00""],[""0.9650"",""2.00""],[""0.9660"",""400.00""],[""0.9670"",""106.07""],[""0.9700"",""149.00""],[""0.9710"",""53.00""],[""0.9720"",""1125.00""],[""0.9730"",""14.00""],[""0.9740"",""65.20""]]","[[""0.0080"",""1.00""],[""0.0100"",""5284.31""],[""0.0110"",""3.00""],[""0.0120"",""2069.00""],[""0.0130"",""1085.00""],[""0.0140"",""125.00""],[""0.0150"",""101.00""],[""0.0160"",""133.61""],[""0.0170"",""44.12""],[""0.0180"",""41.91""]]"
2026-05-16T11:11:37.990Z,KXBTC15M-26MAY160715-15,BTC price up in next 15 mins?,KXBTC15M-26MAY160715,2026-05-16T11:15:00Z,active,0.976,0.98,0.02,0.024,0.978,0.979,158850.01,78184.79,124.0,791.94,"[[""0.9720"",""1125.00""],[""0.9740"",""29.70""],[""0.9750"",""125.00""],[""0.9770"",""125.00""],[""0.9790"",""125.00""],[""0.9800"",""120.00""],[""0.9810"",""125.00""],[""0.9830"",""760.00""],[""0.9840"",""2215.00""],[""0.9850"",""124.00""]]","[[""0.0020"",""1226.00""],[""0.0030"",""733.00""],[""0.0050"",""375.00""],[""0.0060"",""1.00""],[""0.0080"",""1.00""],[""0.0090"",""10.00""],[""0.0100"",""74.30""],[""0.0120"",""25.00""],[""0.0130"",""4966.88""],[""0.0140"",""791.94""]]"
2026-05-16T11:11:39.994Z,KXBTC15M-26MAY160715-15,BTC price up in next 15 mins?,KXBTC15M-26MAY160715,2026-05-16T11:15:00Z,active,0.976,0.98,0.02,0.024,0.978,0.979,158850.01,78184.79,577.16,2814.0,"[[""0.9710"",""43.00""],[""0.9720"",""1125.00""],[""0.9730"",""34.54""],[""0.9740"",""29.70""],[""0.9750"",""125.00""],[""0.9770"",""125.00""],[""0.9790"",""142.00""],[""0.9800"",""112.00""],[""0.9810"",""125.00""],[""0.9830"",""577.16""]]","[[""0.0030"",""733.00""],[""0.0050"",""375.00""],[""0.0060"",""1.00""],[""0.0080"",""1.00""],[""0.0090"",""10.00""],[""0.0100"",""75.30""],[""0.0120"",""25.00""],[""0.0140"",""1.00""],[""0.0150"",""17.00""],[""0.0160"",""2814.00""]]"
2026-05-16T11:11:42.002Z,KXBTC15M-26MAY160715-15,BTC price up in next 15 mins?,KXBTC15M-26MAY160715,2026-05-16T11:15:00Z,active,0.976,0.98,0.02,0.024,0.978,0.979,158850.01,78184.79,141.0,57.71,"[[""0.9650"",""4.00""],[""0.9670"",""106.07""],[""0.9700"",""893.00""],[""0.9710"",""53.00""],[""0.9720"",""1125.00""],[""0.9730"",""34.54""],[""0.9740"",""1.00""],[""0.9750"",""125.00""],[""0.9770"",""125.00""],[""0.9790"",""141.00""]]","[[""0.0030"",""733.00""],[""0.0050"",""375.00""],[""0.0060"",""1.00""],[""0.0080"",""1.00""],[""0.0100"",""75.30""],[""0.0120"",""25.00""],[""0.0150"",""17.00""],[""0.0160"",""11.00""],[""0.0190"",""3448.00""],[""0.0200"",""57.71""]]"
2026-05-16T11:11:43.992Z,KXBTC15M-26MAY160715-15,BTC price up in next 15 mins?,KXBTC15M-26MAY160715,2026-05-16T11:15:00Z,active,0.976,0.98,0.02,0.024,0.978,0.979,158850.01,78184.79,259.28,28.0,"[[""0.9650"",""2.00""],[""0.9660"",""2.00""],[""0.9670"",""106.07""],[""0.9700"",""255.00""],[""0.9710"",""53.00""],[""0.9720"",""1125.00""],[""0.9740"",""1.00""],[""0.9750"",""125.00""],[""0.9770"",""125.00""],[""0.9790"",""259.28""]]","[[""0.0030"",""733.00""],[""0.0050"",""375.00""],[""0.0060"",""1.00""],[""0.0080"",""1.00""],[""0.0100"",""2615.30""],[""0.0110"",""32.72""],[""0.0120"",""25.00""],[""0.0140"",""22.00""],[""0.0160"",""10.00""],[""0.0200"",""28.00""]]"
2026-05-16T11:11:46.000Z,KXBTC15M-26MAY160715-15,BTC price up in next 15 mins?,KXBTC15M-26MAY160715,2026-05-16T11:15:00Z,active,0.976,0.98,0.02,0.024,0.978,0.979,158850.01,78184.79,248.58,6.0,"[[""0.9650"",""402.00""],[""0.9670"",""106.07""],[""0.9680"",""2.00""],[""0.9700"",""226.00""],[""0.9720"",""1125.00""],[""0.9730"",""43.00""],[""0.9740"",""11.00""],[""0.9750"",""125.00""],[""0.9770"",""125.00""],[""0.9790"",""248.58""]]","[[""0.0030"",""733.00""],[""0.0050"",""375.00""],[""0.0060"",""1.00""],[""0.0080"",""1.00""],[""0.0100"",""2596.30""],[""0.0110"",""32.72""],[""0.0120"",""25.00""],[""0.0130"",""10.00""],[""0.0140"",""22.00""],[""0.0200"",""6.00""]]"
2026-05-16T11:11:47.990Z,KXBTC15M-26MAY160715-15,BTC price up in next 15 mins?,KXBTC15M-26MAY160715,2026-05-16T11:15:00Z,active,0.976,0.98,0.02,0.024,0.978,0.979,158850.01,78184.79,226.27,17.23,"[[""0.9650"",""2.00""],[""0.9660"",""400.00""],[""0.9670"",""108.07""],[""0.9700"",""245.00""],[""0.9720"",""1125.00""],[""0.9730"",""43.00""],[""0.9740"",""11.00""],[""0.9750"",""125.00""],[""0.9770"",""125.00""],[""0.9790"",""226.27""]]","[[""0.0050"",""375.00""],[""0.0060"",""1.00""],[""0.0080"",""1.00""],[""0.0100"",""2615.30""],[""0.0120"",""25.00""],[""0.0130"",""10.00""],[""0.0140"",""22.00""],[""0.0150"",""800.00""],[""0.0160"",""38.38""],[""0.0200"",""17.23""]]"
2026-05-16T11:11:49.999Z,KXBTC15M-26MAY160715-15,BTC price up in next 15 mins?,KXBTC15M-26MAY160715,2026-05-16T11:15:00Z,active,0.976,0.98,0.02,0.024,0.978,0.979,158850.01,78184.79,61.87,2876.14,"[[""0.9650"",""2.00""],[""0.9670"",""506.07""],[""0.9680"",""2.00""],[""0.9700"",""245.00""],[""0.9710"",""10.00""],[""0.9720"",""1125.00""],[""0.9740"",""1.00""],[""0.9750"",""168.00""],[""0.9770"",""125.00""],[""0.9790"",""61.87""]]","[[""0.0030"",""733.00""],[""0.0050"",""375.00""],[""0.0060"",""1.00""],[""0.0080"",""1.00""],[""0.0100"",""2570.00""],[""0.0120"",""25.00""],[""0.0130"",""31.00""],[""0.0150"",""703.99""],[""0.0160"",""1.00""],[""0.0170"",""2876.14""]]"
2026-05-16T11:11:52.006Z,KXBTC15M-26MAY160715-15,BTC price up in next 15 mins?,KXBTC15M-26MAY160715,2026-05-16T11:15:00Z,active,0.976,0.98,0.02,0.024,0.978,0.979,158850.01,78184.79,17.0,76.3,"[[""0.9650"",""2.00""],[""0.9670"",""506.07""],[""0.9680"",""2.00""],[""0.9700"",""145.00""],[""0.9720"",""1125.00""],[""0.9740"",""61.00""],[""0.9750"",""175.00""],[""0.9760"",""43.00""],[""0.9770"",""125.00""],[""0.9790"",""17.00""]]","[[""0.0020"",""1276.00""],[""0.0030"",""733.00""],[""0.0050"",""375.00""],[""0.0060"",""1.00""],[""0.0080"",""1.00""],[""0.0100"",""2570.00""],[""0.0120"",""25.00""],[""0.0130"",""32.00""],[""0.0150"",""703.99""],[""0.0180"",""76.30""]]"
2026-05-16T11:11:53.987Z,KXBTC15M-26MAY160715-15,BTC price up in next 15 mins?,KXBTC15M-26MAY160715,2026-05-16T11:15:00Z,active,0.976,0.98,0.02,0.024,0.978,0.979,158850.01,78184.79,43.33,105.42,"[[""0.9670"",""106.07""],[""0.9680"",""400.00""],[""0.9690"",""2.00""],[""0.9700"",""1690.00""],[""0.9720"",""1125.00""],[""0.9740"",""1.00""],[""0.9750"",""125.00""],[""0.9760"",""65.00""],[""0.9770"",""145.00""],[""0.9780"",""43.33""]]","[[""0.0030"",""733.00""],[""0.0050"",""375.00""],[""0.0060"",""1.00""],[""0.0080"",""1.00""],[""0.0100"",""2570.00""],[""0.0110"",""125.00""],[""0.0120"",""25.00""],[""0.0130"",""10.00""],[""0.0150"",""703.99""],[""0.0180"",""105.42""]]"
2026-05-16T11:11:56.001Z,KXBTC15M-26MAY160715-15,BTC price up in next 15 mins?,KXBTC15M-26MAY160715,2026-05-16T11:15:00Z,active,0.978,0.984,0.016,0.022,0.981,0.982,168316.05,78145.62,18.0,764.93,"[[""0.9670"",""106.07""],[""0.9680"",""400.00""],[""0.9700"",""1687.00""],[""0.9720"",""1125.00""],[""0.9740"",""1.00""],[""0.9750"",""125.00""],[""0.9770"",""52.00""],[""0.9780"",""50.00""],[""0.9790"",""50.00""],[""0.9800"",""18.00""]]","[[""0.0020"",""1226.00""],[""0.0030"",""733.00""],[""0.0050"",""4.00""],[""0.0060"",""1.00""],[""0.0080"",""1.00""],[""0.0100"",""2765.00""],[""0.0110"",""125.00""],[""0.0120"",""25.00""],[""0.0140"",""43.00""],[""0.0150"",""764.93""]]"
2026-05-16T11:11:57.986Z,KXBTC15M-26MAY160715-15,BTC price up in next 15 mins?,KXBTC15M-26MAY160715,2026-05-16T11:15:00Z,active,0.978,0.984,0.016,0.022,0.981,0.982,168316.05,78145.62,29.0,564.93,"[[""0.9670"",""106.07""],[""0.9700"",""2055.00""],[""0.9710"",""400.00""],[""0.9720"",""1127.00""],[""0.9740"",""1.00""],[""0.9750"",""159.46""],[""0.9770"",""42.00""],[""0.9780"",""50.00""],[""0.9790"",""50.00""],[""0.9800"",""29.00""]]","[[""0.0010"",""4517.00""],[""0.0020"",""1226.00""],[""0.0030"",""733.00""],[""0.0050"",""4.00""],[""0.0060"",""1.00""],[""0.0080"",""1.00""],[""0.0100"",""2765.00""],[""0.0110"",""125.00""],[""0.0120"",""68.00""],[""0.0150"",""564.93""]]"
2026-05-16T11:11:59.990Z,KXBTC15M-26MAY160715-15,BTC price up in next 15 mins?,KXBTC15M-26MAY160715,2026-05-16T11:15:00Z,active,0.978,0.984,0.016,0.022,0.981,0.982,168316.05,78145.62,24.0,523.93,"[[""0.9700"",""2055.00""],[""0.9710"",""443.00""],[""0.9720"",""1125.00""],[""0.9730"",""2.00""],[""0.9740"",""1.00""],[""0.9750"",""159.46""],[""0.9770"",""42.00""],[""0.9780"",""50.00""],[""0.9790"",""50.00""],[""0.9800"",""24.00""]]","[[""0.0010"",""4517.00""],[""0.0020"",""1226.00""],[""0.0030"",""733.00""],[""0.0050"",""4.00""],[""0.0060"",""1.00""],[""0.0080"",""1.00""],[""0.0100"",""2765.00""],[""0.0110"",""168.00""],[""0.0120"",""25.00""],[""0.0150"",""523.93""]]"
2026-05-16T11:12:01.994Z,KXBTC15M-26MAY160715-15,BTC price up in next 15 mins?,KXBTC15M-26MAY160715,2026-05-16T11:15:00Z,active,0.978,0.984,0.016,0.022,0.981,0.982,168316.05,78145.62,18.0,59.38,"[[""0.9640"",""125.00""],[""0.9650"",""2.00""],[""0.9670"",""106.07""],[""0.9700"",""1387.00""],[""0.9710"",""53.00""],[""0.9720"",""1125.00""],[""0.9730"",""400.00""],[""0.9740"",""35.50""],[""0.9750"",""2.00""],[""0.9780"",""18.00""]]","[[""0.0050"",""4.00""],[""0.0060"",""1.00""],[""0.0080"",""1.00""],[""0.0100"",""1231.00""],[""0.0110"",""168.00""],[""0.0120"",""25.00""],[""0.0130"",""10.00""],[""0.0140"",""125.00""],[""0.0150"",""158.99""],[""0.0160"",""59.38""]]"
2026-05-16T11:12:03.982Z,KXBTC15M-26MAY160715-15,BTC price up in next 15 mins?,KXBTC15M-26MAY160715,2026-05-16T11:15:00Z,active,0.978,0.984,0.016,0.022,0.981,0.982,168316.05,78145.62,6.0,545.75,"[[""0.9720"",""168.00""],[""0.9740"",""401.00""],[""0.9750"",""125.00""],[""0.9760"",""2.00""],[""0.9770"",""125.00""],[""0.9780"",""2.00""],[""0.9800"",""10.00""],[""0.9810"",""15.00""],[""0.9820"",""1001.00""],[""0.9840"",""6.00""]]","[[""0.0030"",""733.00""],[""0.0040"",""1500.00""],[""0.0050"",""4.00""],[""0.0060"",""1.00""],[""0.0080"",""1.00""],[""0.0090"",""10.00""],[""0.0100"",""215.00""],[""0.0110"",""25.00""],[""0.0120"",""2760.00""],[""0.0130"",""545.75""]]"
2026-05-16T11:12:05.993Z,KXBTC15M-26MAY160715-15,BTC price up in next 15 mins?,KXBTC15M-26MAY160715,2026-05-16T11:15:00Z,active,0.978,0.984,0.016,0.022,0.981,0.982,168316.05,78145.62,494.7,2330.4,"[[""0.9670"",""106.07""],[""0.9700"",""1284.00""],[""0.9720"",""125.00""],[""0.9730"",""443.00""],[""0.9740"",""3.00""],[""0.9750"",""125.00""],[""0.9770"",""125.00""],[""0.9780"",""2.00""],[""0.9800"",""163.00""],[""0.9820"",""494.70""]]","[[""0.0030"",""733.00""],[""0.0040"",""1500.00""],[""0.0050"",""4.00""],[""0.0060"",""1.00""],[""0.0080"",""1.00""],[""0.0090"",""10.00""],[""0.0100"",""215.00""],[""0.0110"",""25.00""],[""0.0130"",""17.00""],[""0.0140"",""2330.40""]]"
2026-05-16T11:12:07.990Z,KXBTC15M-26MAY160715-15,BTC price up in next 15 mins?,KXBTC15M-26MAY160715,2026-05-16T11:15:00Z,active,0.978,0.984,0.016,0.022,0.981,0.982,168316.05,78145.62,333.77,509.82,"[[""0.9700"",""1284.00""],[""0.9720"",""125.00""],[""0.9730"",""400.00""],[""0.9740"",""44.00""],[""0.9750"",""127.00""],[""0.9770"",""125.00""],[""0.9780"",""2.00""],[""0.9800"",""163.00""],[""0.9820"",""494.70""],[""0.9850"",""333.77""]]","[[""0.0020"",""1226.00""],[""0.0030"",""733.00""],[""0.0050"",""4.00""],[""0.0060"",""1.00""],[""0.0080"",""1.00""],[""0.0090"",""10.00""],[""0.0100"",""215.00""],[""0.0110"",""25.00""],[""0.0130"",""16.00""],[""0.0140"",""509.82""]]"
2026-05-16T11:12:10.004Z,KXBTC15M-26MAY160715-15,BTC price up in next 15 mins?,KXBTC15M-26MAY160715,2026-05-16T11:15:00Z,active,0.978,0.984,0.016,0.022,0.981,0.982,168316.05,78145.62,333.77,446.95,"[[""0.9720"",""125.00""],[""0.9740"",""401.00""],[""0.9750"",""168.00""],[""0.9760"",""2.00""],[""0.9770"",""125.00""],[""0.9780"",""2.00""],[""0.9800"",""164.00""],[""0.9810"",""8.00""],[""0.9820"",""494.70""],[""0.9850"",""333.77""]]","[[""0.0020"",""1226.00""],[""0.0030"",""733.00""],[""0.0050"",""4.00""],[""0.0060"",""1.00""],[""0.0080"",""1.00""],[""0.0090"",""10.00""],[""0.0100"",""215.00""],[""0.0110"",""25.00""],[""0.0130"",""16.00""],[""0.0140"",""446.95""]]"
2026-05-16T11:12:11.993Z,KXBTC15M-26MAY160715-15,BTC price up in next 15 mins?,KXBTC15M-26MAY160715,2026-05-16T11:15:00Z,active,0.978,0.984,0.016,0.022,0.981,0.982,168316.05,78145.62,283.77,530.7,"[[""0.9700"",""1283.00""],[""0.9720"",""125.00""],[""0.9740"",""1.00""],[""0.9750"",""525.00""],[""0.9760"",""51.00""],[""0.9770"",""127.00""],[""0.9780"",""2.00""],[""0.9800"",""164.00""],[""0.9820"",""494.70""],[""0.9850"",""283.77""]]","[[""0.0020"",""1226.00""],[""0.0030"",""733.00""],[""0.0050"",""4.00""],[""0.0060"",""1.00""],[""0.0080"",""1.00""],[""0.0090"",""10.00""],[""0.0100"",""215.00""],[""0.0110"",""25.00""],[""0.0120"",""20.00""],[""0.0140"",""530.70""]]"
2026-05-16T11:12:13.984Z,KXBTC15M-26MAY160715-15,BTC price up in next 15 mins?,KXBTC15M-26MAY160715,2026-05-16T11:15:00Z,active,0.978,0.984,0.016,0.022,0.981,0.982,168316.05,78145.62,157.71,388.21,"[[""0.9700"",""1283.00""],[""0.9720"",""125.00""],[""0.9740"",""1.00""],[""0.9750"",""525.00""],[""0.9760"",""51.00""],[""0.9770"",""127.00""],[""0.9780"",""2.00""],[""0.9800"",""169.00""],[""0.9820"",""494.70""],[""0.9850"",""157.71""]]","[[""0.0020"",""1226.00""],[""0.0030"",""733.00""],[""0.0050"",""4.00""],[""0.0060"",""1.00""],[""0.0080"",""1.00""],[""0.0090"",""10.00""],[""0.0100"",""30.00""],[""0.0110"",""25.00""],[""0.0120"",""20.00""],[""0.0140"",""388.21""]]"
2026-05-16T11:12:15.998Z,KXBTC15M-26MAY160715-15,BTC price up in next 15 mins?,KXBTC15M-26MAY160715,2026-05-16T11:15:00Z,active,0.978,0.984,0.016,0.022,0.981,0.982,168316.05,78145.62,714.85,353.96,"[[""0.9670"",""106.07""],[""0.9700"",""1130.00""],[""0.9720"",""125.00""],[""0.9740"",""1.00""],[""0.9750"",""125.00""],[""0.9760"",""408.00""],[""0.9770"",""168.00""],[""0.9780"",""4.00""],[""0.9800"",""164.00""],[""0.9820"",""714.85""]]","[[""0.0030"",""733.00""],[""0.0040"",""8.00""],[""0.0050"",""4.00""],[""0.0060"",""1.00""],[""0.0080"",""1.00""],[""0.0090"",""10.00""],[""0.0100"",""30.00""],[""0.0110"",""25.00""],[""0.0120"",""20.00""],[""0.0140"",""353.96""]]"
2026-05-16T11:12:18.001Z,KXBTC15M-26MAY160715-15,BTC price up in next 15 mins?,KXBTC15M-26MAY160715,2026-05-16T11:15:00Z,active,0.978,0.984,0.016,0.022,0.981,0.982,168316.05,78145.62,100.0,353.96,"[[""0.9720"",""125.00""],[""0.9740"",""1.00""],[""0.9750"",""133.00""],[""0.9770"",""125.00""],[""0.9780"",""402.00""],[""0.9790"",""45.00""],[""0.9800"",""263.00""],[""0.9820"",""481.70""],[""0.9830"",""75.68""],[""0.9840"",""100.00""]]","[[""0.0020"",""1226.00""],[""0.0030"",""733.00""],[""0.0040"",""8.00""],[""0.0050"",""4.00""],[""0.0060"",""11.00""],[""0.0080"",""1.00""],[""0.0100"",""30.00""],[""0.0110"",""25.00""],[""0.0120"",""20.00""],[""0.0140"",""353.96""]]"
2026-05-16T11:12:20.001Z,KXBTC15M-26MAY160715-15,BTC price up in next 15 mins?,KXBTC15M-26MAY160715,2026-05-16T11:15:00Z,active,0.978,0.984,0.016,0.022,0.981,0.982,168316.05,78145.62,785.98,1.0,"[[""0.9740"",""1.00""],[""0.9750"",""125.00""],[""0.9760"",""8.00""],[""0.9770"",""125.00""],[""0.9780"",""402.00""],[""0.9790"",""2.00""],[""0.9800"",""306.00""],[""0.9820"",""481.70""],[""0.9830"",""10.00""],[""0.9860"",""785.98""]]","[[""0.0020"",""1226.00""],[""0.0030"",""733.00""],[""0.0040"",""98.00""],[""0.0050"",""4.00""],[""0.0060"",""11.00""],[""0.0080"",""1.00""],[""0.0090"",""17.00""],[""0.0100"",""30.00""],[""0.0110"",""211.80""],[""0.0120"",""1.00""]]"
2026-05-16T11:12:21.983Z,KXBTC15M-26MAY160715-15,BTC price up in next 15 mins?,KXBTC15M-26MAY160715,2026-05-16T11:15:00Z,active,0.978,0.984,0.016,0.022,0.981,0.982,168316.05,78145.62,170.56,84.8,"[[""0.9720"",""125.00""],[""0.9740"",""1.00""],[""0.9750"",""125.00""],[""0.9770"",""125.00""],[""0.9780"",""2.00""],[""0.9800"",""883.00""],[""0.9810"",""2.00""],[""0.9820"",""481.70""],[""0.9860"",""279.26""],[""0.9870"",""170.56""]]","[[""0.0020"",""1226.00""],[""0.0030"",""733.00""],[""0.0040"",""98.00""],[""0.0050"",""4.00""],[""0.0060"",""11.00""],[""0.0080"",""1.00""],[""0.0090"",""17.00""],[""0.0100"",""11.00""],[""0.0110"",""26.00""],[""0.0120"",""84.80""]]"
2026-05-16T11:12:23.998Z,KXBTC15M-26MAY160715-15,BTC price up in next 15 mins?,KXBTC15M-26MAY160715,2026-05-16T11:15:00Z,active,0.978,0.984,0.016,0.022,0.981,0.982,168316.05,78145.62,200.2,101.8,"[[""0.9720"",""125.00""],[""0.9740"",""1.00""],[""0.9750"",""125.00""],[""0.9770"",""125.00""],[""0.9780"",""2.00""],[""0.9800"",""870.00""],[""0.9820"",""526.70""],[""0.9860"",""137.60""],[""0.9870"",""76.00""],[""0.9900"",""200.20""]]","[[""0.0010"",""4417.00""],[""0.0020"",""1226.00""],[""0.0030"",""741.00""],[""0.0040"",""90.00""],[""0.0050"",""4.00""],[""0.0060"",""11.00""],[""0.0080"",""1.00""],[""0.0090"",""101.80""]]"
2026-05-16T11:12:25.999Z,KXBTC15M-26MAY160715-15,BTC price up in next 15 mins?,KXBTC15M-26MAY160715,2026-05-16T11:15:00Z,active,0.99,0.991,0.009,0.01,0.9904999999999999,0.99,172273.02,80386.38,194.2,320.95,"[[""0.9750"",""125.00""],[""0.9770"",""125.00""],[""0.9780"",""2.00""],[""0.9800"",""465.00""],[""0.9810"",""400.00""],[""0.9820"",""524.70""],[""0.9830"",""2.00""],[""0.9860"",""126.60""],[""0.9870"",""15.00""],[""0.9900"",""194.20""]]","[[""0.0010"",""4417.00""],[""0.0020"",""1234.00""],[""0.0030"",""733.00""],[""0.0040"",""90.00""],[""0.0050"",""4.00""],[""0.0060"",""11.00""],[""0.0080"",""15.00""],[""0.0090"",""320.95""]]"
2026-05-16T11:12:27.997Z,KXBTC15M-26MAY160715-15,BTC price up in next 15 mins?,KXBTC15M-26MAY160715,2026-05-16T11:15:00Z,active,0.99,0.991,0.009,0.01,0.9904999999999999,0.99,172273.02,80386.38,70.0,1.0,"[[""0.9770"",""125.00""],[""0.9780"",""2.00""],[""0.9800"",""1109.00""],[""0.9820"",""481.70""],[""0.9830"",""443.00""],[""0.9840"",""2.00""],[""0.9860"",""116.60""],[""0.9870"",""23.00""],[""0.9890"",""10.00""],[""0.9900"",""70.00""]]","[[""0.0010"",""4427.00""],[""0.0020"",""1226.00""],[""0.0030"",""743.00""],[""0.0050"",""4.00""],[""0.0060"",""1.00""],[""0.0080"",""15.00""],[""0.0090"",""1.00""]]"
2026-05-16T11:12:30.008Z,KXBTC15M-26MAY160715-15,BTC price up in next 15 mins?,KXBTC15M-26MAY160715,2026-05-16T11:15:00Z,active,0.99,0.991,0.009,0.01,0.9904999999999999,0.99,172273.02,80386.38,267.97,1.0,"[[""0.9750"",""125.00""],[""0.9770"",""125.00""],[""0.9780"",""2.00""],[""0.9800"",""1109.00""],[""0.9820"",""481.70""],[""0.9830"",""43.00""],[""0.9840"",""400.00""],[""0.9860"",""118.60""],[""0.9870"",""23.00""],[""0.9900"",""267.97""]]","[[""0.0010"",""4427.00""],[""0.0020"",""1226.00""],[""0.0030"",""743.00""],[""0.0050"",""4.00""],[""0.0060"",""1.00""],[""0.0080"",""15.00""],[""0.0090"",""1.00""]]"
2026-05-16T11:12:32.000Z,KXBTC15M-26MAY160715-15,BTC price up in next 15 mins?,KXBTC15M-26MAY160715,2026-05-16T11:15:00Z,active,0.99,0.991,0.009,0.01,0.9904999999999999,0.99,172273.02,80386.38,208.24,23.0,"[[""0.9740"",""1.00""],[""0.9750"",""125.00""],[""0.9770"",""125.00""],[""0.9780"",""2.00""],[""0.9800"",""1089.00""],[""0.9820"",""481.70""],[""0.9830"",""43.00""],[""0.9850"",""10.00""],[""0.9860"",""496.10""],[""0.9900"",""208.24""]]","[[""0.0010"",""4427.00""],[""0.0020"",""1226.00""],[""0.0030"",""743.00""],[""0.0040"",""90.00""],[""0.0050"",""4.00""],[""0.0060"",""1.00""],[""0.0080"",""1.00""],[""0.0090"",""23.00""]]"
2026-05-16T11:12:34.005Z,KXBTC15M-26MAY160715-15,BTC price up in next 15 mins?,KXBTC15M-26MAY160715,2026-05-16T11:15:00Z,active,0.99,0.991,0.009,0.01,0.9904999999999999,0.99,172273.02,80386.38,51.0,1.0,"[[""0.9780"",""2.00""],[""0.9800"",""817.00""],[""0.9810"",""173.00""],[""0.9820"",""481.70""],[""0.9830"",""43.00""],[""0.9860"",""96.10""],[""0.9870"",""400.00""],[""0.9890"",""20.00""],[""0.9900"",""174.00""],[""0.9910"",""51.00""]]","[[""0.0010"",""4427.00""],[""0.0020"",""1226.00""],[""0.0030"",""743.00""],[""0.0050"",""1504.00""],[""0.0060"",""20.00""],[""0.0080"",""1.00""]]"
2026-05-16T11:12:35.990Z,KXBTC15M-26MAY160715-15,BTC price up in next 15 mins?,KXBTC15M-26MAY160715,2026-05-16T11:15:00Z,active,0.99,0.991,0.009,0.01,0.9904999999999999,0.99,172273.02,80386.38,293.0,17.0,"[[""0.9780"",""2.00""],[""0.9800"",""1639.00""],[""0.9810"",""173.00""],[""0.9820"",""481.70""],[""0.9830"",""43.00""],[""0.9850"",""4294.67""],[""0.9860"",""96.10""],[""0.9870"",""57.00""],[""0.9890"",""420.00""],[""0.9900"",""293.00""]]","[[""0.0010"",""4427.00""],[""0.0020"",""1226.00""],[""0.0030"",""743.00""],[""0.0040"",""90.00""],[""0.0050"",""4.00""],[""0.0060"",""17.00""]]"
2026-05-16T11:12:37.990Z,KXBTC15M-26MAY160715-15,BTC price up in next 15 mins?,KXBTC15M-26MAY160715,2026-05-16T11:15:00Z,active,0.99,0.991,0.009,0.01,0.9904999999999999,0.99,172273.02,80386.38,59.0,30.0,"[[""0.9820"",""481.70""],[""0.9830"",""43.00""],[""0.9860"",""277.10""],[""0.9870"",""57.00""],[""0.9890"",""4308.67""],[""0.9900"",""1056.70""],[""0.9910"",""415.00""],[""0.9920"",""1010.00""],[""0.9930"",""220.00""],[""0.9950"",""59.00""]]","[[""0.0010"",""4677.00""],[""0.0020"",""100.00""],[""0.0030"",""30.00""]]"
2026-05-16T11:12:40.011Z,KXBTC15M-26MAY160715-15,BTC price up in next 15 mins?,KXBTC15M-26MAY160715,2026-05-16T11:15:00Z,active,0.99,0.991,0.009,0.01,0.9904999999999999,0.99,172273.02,80386.38,39.52,101.0,"[[""0.9860"",""96.10""],[""0.9870"",""57.00""],[""0.9890"",""4308.67""],[""0.9900"",""1055.70""],[""0.9910"",""420.00""],[""0.9920"",""6.00""],[""0.9930"",""236.00""],[""0.9940"",""21.00""],[""0.9950"",""1007.00""],[""0.9960"",""39.52""]]","[[""0.0010"",""4701.00""],[""0.0020"",""1300.00""],[""0.0030"",""101.00""]]"
2026-05-16T11:12:42.000Z,KXBTC15M-26MAY160715-15,BTC price up in next 15 mins?,KXBTC15M-26MAY160715,2026-05-16T11:15:00Z,active,0.99,0.991,0.009,0.01,0.9904999999999999,0.99,172273.02,80386.38,871.52,1.0,"[[""0.9850"",""177.00""],[""0.9860"",""96.10""],[""0.9870"",""57.00""],[""0.9890"",""4308.67""],[""0.9900"",""1095.70""],[""0.9910"",""420.00""],[""0.9920"",""6.00""],[""0.9930"",""236.00""],[""0.9940"",""21.00""],[""0.9950"",""871.52""]]","[[""0.0010"",""4701.00""],[""0.0020"",""100.00""],[""0.0030"",""1.00""]]"
2026-05-16T11:12:43.996Z,KXBTC15M-26MAY160715-15,BTC price up in next 15 mins?,KXBTC15M-26MAY160715,2026-05-16T11:15:00Z,active,0.99,0.991,0.009,0.01,0.9904999999999999,0.99,172273.02,80386.38,872.52,1.0,"[[""0.9830"",""43.00""],[""0.9860"",""277.10""],[""0.9870"",""57.00""],[""0.9890"",""4308.67""],[""0.9900"",""1116.70""],[""0.9910"",""420.00""],[""0.9920"",""6.00""],[""0.9930"",""236.00""],[""0.9940"",""21.00""],[""0.9950"",""872.52""]]","[[""0.0010"",""4854.48""],[""0.0020"",""100.00""],[""0.0030"",""1.00""]]"
2026-05-16T11:12:45.983Z,KXBTC15M-26MAY160715-15,BTC price up in next 15 mins?,KXBTC15M-26MAY160715,2026-05-16T11:15:00Z,active,0.99,0.991,0.009,0.01,0.9904999999999999,0.99,172273.02,80386.38,872.52,1.0,"[[""0.9820"",""481.70""],[""0.9830"",""43.00""],[""0.9860"",""277.10""],[""0.9870"",""57.00""],[""0.9900"",""5395.37""],[""0.9910"",""20.00""],[""0.9920"",""406.00""],[""0.9930"",""236.00""],[""0.9940"",""21.00""],[""0.9950"",""872.52""]]","[[""0.0010"",""4854.48""],[""0.0020"",""100.00""],[""0.0030"",""1.00""]]"
2026-05-16T11:12:47.996Z,KXBTC15M-26MAY160715-15,BTC price up in next 15 mins?,KXBTC15M-26MAY160715,2026-05-16T11:15:00Z,active,0.99,0.991,0.009,0.01,0.9904999999999999,0.99,172273.02,80386.38,872.52,11.0,"[[""0.9820"",""481.70""],[""0.9830"",""43.00""],[""0.9860"",""96.10""],[""0.9870"",""242.00""],[""0.9900"",""5395.37""],[""0.9910"",""20.00""],[""0.9920"",""406.00""],[""0.9930"",""236.00""],[""0.9940"",""24.00""],[""0.9950"",""872.52""]]","[[""0.0010"",""4854.48""],[""0.0020"",""125.00""],[""0.0030"",""11.00""]]"
2026-05-16T11:12:49.982Z,KXBTC15M-26MAY160715-15,BTC price up in next 15 mins?,KXBTC15M-26MAY160715,2026-05-16T11:15:00Z,active,0.99,0.991,0.009,0.01,0.9904999999999999,0.99,172273.02,80386.38,872.52,4399.71,"[[""0.9830"",""43.00""],[""0.9860"",""96.10""],[""0.9870"",""57.00""],[""0.9880"",""189.00""],[""0.9900"",""1086.70""],[""0.9910"",""4328.67""],[""0.9920"",""406.00""],[""0.9930"",""226.00""],[""0.9940"",""35.00""],[""0.9950"",""872.52""]]","[[""0.0010"",""4399.71""]]"
2026-05-16T11:12:51.999Z,KXBTC15M-26MAY160715-15,BTC price up in next 15 mins?,KXBTC15M-26MAY160715,2026-05-16T11:15:00Z,active,0.99,0.991,0.009,0.01,0.9904999999999999,0.99,172273.02,80386.38,38.0,4439.71,"[[""0.9870"",""57.00""],[""0.9890"",""194.00""],[""0.9900"",""1086.70""],[""0.9910"",""4328.67""],[""0.9920"",""406.00""],[""0.9930"",""226.00""],[""0.9940"",""35.00""],[""0.9950"",""807.52""],[""0.9960"",""12.00""],[""0.9970"",""38.00""]]","[[""0.0010"",""4439.71""]]"
2026-05-16T11:12:53.997Z,KXBTC15M-26MAY160715-15,BTC price up in next 15 mins?,KXBTC15M-26MAY160715,2026-05-16T11:15:00Z,active,0.99,0.991,0.009,0.01,0.9904999999999999,0.99,172273.02,80386.38,817.52,4455.71,"[[""0.9830"",""43.00""],[""0.9860"",""96.10""],[""0.9870"",""57.00""],[""0.9880"",""189.00""],[""0.9900"",""1112.70""],[""0.9910"",""4328.67""],[""0.9920"",""6.00""],[""0.9930"",""626.00""],[""0.9940"",""35.00""],[""0.9950"",""817.52""]]","[[""0.0010"",""4455.71""]]"
2026-05-16T11:12:55.985Z,KXBTC15M-26MAY160715-15,BTC price up in next 15 mins?,KXBTC15M-26MAY160715,2026-05-16T11:15:00Z,active,0.995,0.999,0.001,0.005,0.997,0.995,176600.87,83255.72,817.52,4524.71,"[[""0.9830"",""43.00""],[""0.9860"",""96.10""],[""0.9870"",""57.00""],[""0.9890"",""194.00""],[""0.9900"",""1121.70""],[""0.9910"",""4328.67""],[""0.9920"",""6.00""],[""0.9930"",""626.00""],[""0.9940"",""35.00""],[""0.9950"",""817.52""]]","[[""0.0010"",""4524.71""]]"
2026-05-16T11:12:57.991Z,KXBTC15M-26MAY160715-15,BTC price up in next 15 mins?,KXBTC15M-26MAY160715,2026-05-16T11:15:00Z,active,0.995,0.999,0.001,0.005,0.997,0.995,176600.87,83255.72,817.52,4524.71,"[[""0.9820"",""481.70""],[""0.9830"",""43.00""],[""0.9860"",""96.10""],[""0.9870"",""57.00""],[""0.9900"",""1285.70""],[""0.9910"",""4328.67""],[""0.9920"",""6.00""],[""0.9930"",""626.00""],[""0.9940"",""35.00""],[""0.9950"",""817.52""]]","[[""0.0010"",""4524.71""]]"
2026-05-16T11:12:59.987Z,KXBTC15M-26MAY160715-15,BTC price up in next 15 mins?,KXBTC15M-26MAY160715,2026-05-16T11:15:00Z,active,0.995,0.999,0.001,0.005,0.997,0.995,176600.87,83255.72,817.52,4524.71,"[[""0.9820"",""481.70""],[""0.9830"",""43.00""],[""0.9860"",""96.10""],[""0.9870"",""57.00""],[""0.9900"",""1303.70""],[""0.9910"",""4328.67""],[""0.9920"",""6.00""],[""0.9930"",""626.00""],[""0.9940"",""35.00""],[""0.9950"",""817.52""]]","[[""0.0010"",""4524.71""]]"
2026-05-16T11:13:02.003Z,KXBTC15M-26MAY160715-15,BTC price up in next 15 mins?,KXBTC15M-26MAY160715,2026-05-16T11:15:00Z,active,0.995,0.999,0.001,0.005,0.997,0.995,176600.87,83255.72,2010.04,4524.71,"[[""0.9820"",""481.70""],[""0.9830"",""43.00""],[""0.9860"",""96.10""],[""0.9870"",""57.00""],[""0.9900"",""1463.70""],[""0.9910"",""20.00""],[""0.9920"",""219.00""],[""0.9930"",""226.00""],[""0.9940"",""4743.67""],[""0.9950"",""2010.04""]]","[[""0.0010"",""4524.71""]]"
2026-05-16T11:13:04.010Z,KXBTC15M-26MAY160715-15,BTC price up in next 15 mins?,KXBTC15M-26MAY160715,2026-05-16T11:15:00Z,active,0.995,0.999,0.001,0.005,0.997,0.995,176600.87,83255.72,3486.71,422.0,"[[""0.9820"",""481.70""],[""0.9830"",""43.00""],[""0.9850"",""8.00""],[""0.9860"",""96.10""],[""0.9870"",""57.00""],[""0.9900"",""1529.70""],[""0.9910"",""20.00""],[""0.9920"",""219.00""],[""0.9930"",""226.00""],[""0.9940"",""3486.71""]]","[[""0.0010"",""5201.23""],[""0.0020"",""422.00""]]"
2026-05-16T11:13:06.013Z,KXBTC15M-26MAY160715-15,BTC price up in next 15 mins?,KXBTC15M-26MAY160715,2026-05-16T11:15:00Z,active,0.995,0.999,0.001,0.005,0.997,0.995,176600.87,83255.72,3333.45,523.0,"[[""0.9820"",""481.70""],[""0.9830"",""43.00""],[""0.9850"",""8.00""],[""0.9860"",""96.10""],[""0.9870"",""57.00""],[""0.9900"",""1573.70""],[""0.9910"",""20.00""],[""0.9920"",""20.00""],[""0.9930"",""448.00""],[""0.9940"",""3333.45""]]","[[""0.0010"",""7000.23""],[""0.0020"",""523.00""]]"
2026-05-16T11:13:08.007Z,KXBTC15M-26MAY160715-15,BTC price up in next 15 mins?,KXBTC15M-26MAY160715,2026-05-16T11:15:00Z,active,0.995,0.999,0.001,0.005,0.997,0.995,176600.87,83255.72,1.0,123.0,"[[""0.9820"",""481.70""],[""0.9830"",""43.00""],[""0.9860"",""96.10""],[""0.9870"",""57.00""],[""0.9900"",""1573.70""],[""0.9910"",""20.00""],[""0.9920"",""20.00""],[""0.9930"",""226.00""],[""0.9940"",""3564.45""],[""0.9970"",""1.00""]]","[[""0.0010"",""7400.23""],[""0.0020"",""123.00""]]"
2026-05-16T11:13:09.988Z,KXBTC15M-26MAY160715-15,BTC price up in next 15 mins?,KXBTC15M-26MAY160715,2026-05-16T11:15:00Z,active,0.995,0.999,0.001,0.005,0.997,0.995,176600.87,83255.72,1.0,123.0,"[[""0.9830"",""43.00""],[""0.9860"",""96.10""],[""0.9870"",""57.00""],[""0.9900"",""1573.70""],[""0.9910"",""20.00""],[""0.9920"",""20.00""],[""0.9930"",""226.00""],[""0.9940"",""3564.45""],[""0.9950"",""5000.00""],[""0.9970"",""1.00""]]","[[""0.0010"",""7400.23""],[""0.0020"",""123.00""]]"
2026-05-16T11:13:11.995Z,KXBTC15M-26MAY160715-15,BTC price up in next 15 mins?,KXBTC15M-26MAY160715,2026-05-16T11:15:00Z,active,0.995,0.999,0.001,0.005,0.997,0.995,176600.87,83255.72,1.0,123.0,"[[""0.9860"",""96.10""],[""0.9870"",""57.00""],[""0.9900"",""2023.70""],[""0.9910"",""20.00""],[""0.9920"",""20.00""],[""0.9930"",""226.00""],[""0.9940"",""642.00""],[""0.9950"",""7922.45""],[""0.9960"",""17.90""],[""0.9970"",""1.00""]]","[[""0.0010"",""7400.23""],[""0.0020"",""123.00""]]"
2026-05-16T11:13:13.990Z,KXBTC15M-26MAY160715-15,BTC price up in next 15 mins?,KXBTC15M-26MAY160715,2026-05-16T11:15:00Z,active,0.995,0.999,0.001,0.005,0.997,0.995,176600.87,83255.72,1.0,123.0,"[[""0.9860"",""96.10""],[""0.9870"",""57.00""],[""0.9900"",""2023.70""],[""0.9910"",""20.00""],[""0.9920"",""20.00""],[""0.9930"",""226.00""],[""0.9940"",""642.00""],[""0.9950"",""2922.45""],[""0.9960"",""5000.00""],[""0.9970"",""1.00""]]","[[""0.0010"",""7400.23""],[""0.0020"",""123.00""]]"
2026-05-16T11:13:16.003Z,KXBTC15M-26MAY160715-15,BTC price up in next 15 mins?,KXBTC15M-26MAY160715,2026-05-16T11:15:00Z,active,0.995,0.999,0.001,0.005,0.997,0.995,176600.87,83255.72,48.09,123.0,"[[""0.9860"",""96.10""],[""0.9870"",""65.00""],[""0.9900"",""2023.70""],[""0.9910"",""20.00""],[""0.9920"",""20.00""],[""0.9930"",""226.00""],[""0.9940"",""642.00""],[""0.9950"",""2922.45""],[""0.9960"",""5000.00""],[""0.9970"",""48.09""]]","[[""0.0010"",""7400.23""],[""0.0020"",""123.00""]]"
2026-05-16T11:13:17.984Z,KXBTC15M-26MAY160715-15,BTC price up in next 15 mins?,KXBTC15M-26MAY160715,2026-05-16T11:15:00Z,active,0.995,0.999,0.001,0.005,0.997,0.995,176600.87,83255.72,4988.0,23.0,"[[""0.9830"",""43.00""],[""0.9860"",""96.10""],[""0.9870"",""65.00""],[""0.9900"",""2255.70""],[""0.9910"",""20.00""],[""0.9920"",""20.00""],[""0.9930"",""226.00""],[""0.9940"",""642.00""],[""0.9960"",""2922.45""],[""0.9970"",""4988.00""]]","[[""0.0010"",""7400.23""],[""0.0020"",""23.00""]]"
2026-05-16T11:13:20.004Z,KXBTC15M-26MAY160715-15,BTC price up in next 15 mins?,KXBTC15M-26MAY160715,2026-05-16T11:15:00Z,active,0.995,0.999,0.001,0.005,0.997,0.995,176600.87,83255.72,5000.0,23.0,"[[""0.9830"",""43.00""],[""0.9860"",""96.10""],[""0.9870"",""765.00""],[""0.9900"",""2255.70""],[""0.9910"",""20.00""],[""0.9920"",""20.00""],[""0.9930"",""226.00""],[""0.9940"",""642.00""],[""0.9960"",""2922.45""],[""0.9970"",""5000.00""]]","[[""0.0010"",""7000.23""],[""0.0020"",""23.00""]]"
2026-05-16T11:13:22.001Z,KXBTC15M-26MAY160715-15,BTC price up in next 15 mins?,KXBTC15M-26MAY160715,2026-05-16T11:15:00Z,active,0.995,0.999,0.001,0.005,0.997,0.995,176600.87,83255.72,208.0,7001.23,"[[""0.9860"",""96.10""],[""0.9870"",""757.00""],[""0.9900"",""2225.70""],[""0.9910"",""20.00""],[""0.9920"",""6.00""],[""0.9930"",""226.00""],[""0.9940"",""642.00""],[""0.9960"",""3068.84""],[""0.9970"",""19.00""],[""0.9980"",""208.00""]]","[[""0.0010"",""7001.23""]]"
2026-05-16T11:13:24.003Z,KXBTC15M-26MAY160715-15,BTC price up in next 15 mins?,KXBTC15M-26MAY160715,2026-05-16T11:15:00Z,active,0.995,0.999,0.001,0.005,0.997,0.995,176600.87,83255.72,208.0,7001.23,"[[""0.9870"",""757.00""],[""0.9900"",""7820.70""],[""0.9910"",""20.00""],[""0.9920"",""6.00""],[""0.9930"",""226.00""],[""0.9940"",""642.00""],[""0.9950"",""15.00""],[""0.9960"",""3057.84""],[""0.9970"",""19.00""],[""0.9980"",""208.00""]]","[[""0.0010"",""7001.23""]]"
2026-05-16T11:13:25.989Z,KXBTC15M-26MAY160715-15,BTC price up in next 15 mins?,KXBTC15M-26MAY160715,2026-05-16T11:15:00Z,active,0.998,0.999,0.001,0.002,0.9984999999999999,0.998,180468.13,84323.04,208.0,7001.23,"[[""0.9870"",""757.00""],[""0.9900"",""7820.70""],[""0.9910"",""20.00""],[""0.9920"",""7.00""],[""0.9930"",""226.00""],[""0.9940"",""242.00""],[""0.9950"",""15.00""],[""0.9960"",""3057.84""],[""0.9970"",""19.00""],[""0.9980"",""208.00""]]","[[""0.0010"",""7001.23""]]"
2026-05-16T11:13:28.010Z,KXBTC15M-26MAY160715-15,BTC price up in next 15 mins?,KXBTC15M-26MAY160715,2026-05-16T11:15:00Z,active,0.998,0.999,0.001,0.002,0.9984999999999999,0.998,180468.13,84323.04,208.0,7001.23,"[[""0.9870"",""757.00""],[""0.9900"",""7780.70""],[""0.9910"",""20.00""],[""0.9920"",""8.00""],[""0.9930"",""226.00""],[""0.9940"",""242.00""],[""0.9950"",""15.00""],[""0.9960"",""3057.84""],[""0.9970"",""19.00""],[""0.9980"",""208.00""]]","[[""0.0010"",""7001.23""]]"
2026-05-16T11:13:29.994Z,KXBTC15M-26MAY160715-15,BTC price up in next 15 mins?,KXBTC15M-26MAY160715,2026-05-16T11:15:00Z,active,0.998,0.999,0.001,0.002,0.9984999999999999,0.998,180468.13,84323.04,208.0,7000.23,"[[""0.9870"",""757.00""],[""0.9900"",""7816.70""],[""0.9910"",""20.00""],[""0.9920"",""8.00""],[""0.9930"",""226.00""],[""0.9940"",""242.00""],[""0.9950"",""15.00""],[""0.9960"",""3057.84""],[""0.9970"",""19.00""],[""0.9980"",""208.00""]]","[[""0.0010"",""7000.23""]]"
2026-05-16T11:13:31.996Z,KXBTC15M-26MAY160715-15,BTC price up in next 15 mins?,KXBTC15M-26MAY160715,2026-05-16T11:15:00Z,active,0.998,0.999,0.001,0.002,0.9984999999999999,0.998,180468.13,84323.04,208.0,7000.23,"[[""0.9860"",""96.10""],[""0.9870"",""757.00""],[""0.9900"",""6693.70""],[""0.9910"",""1252.00""],[""0.9920"",""623.00""],[""0.9930"",""226.00""],[""0.9940"",""242.00""],[""0.9960"",""3057.84""],[""0.9970"",""19.00""],[""0.9980"",""208.00""]]","[[""0.0010"",""7000.23""]]"
2026-05-16T11:13:34.005Z,KXBTC15M-26MAY160715-15,BTC price up in next 15 mins?,KXBTC15M-26MAY160715,2026-05-16T11:15:00Z,active,0.998,0.999,0.001,0.002,0.9984999999999999,0.998,180468.13,84323.04,208.0,7000.23,"[[""0.9860"",""96.10""],[""0.9870"",""757.00""],[""0.9900"",""6657.70""],[""0.9910"",""1252.00""],[""0.9920"",""623.00""],[""0.9930"",""226.00""],[""0.9940"",""242.00""],[""0.9960"",""3057.84""],[""0.9970"",""19.00""],[""0.9980"",""208.00""]]","[[""0.0010"",""7000.23""]]"
2026-05-16T11:13:36.005Z,KXBTC15M-26MAY160715-15,BTC price up in next 15 mins?,KXBTC15M-26MAY160715,2026-05-16T11:15:00Z,active,0.998,0.999,0.001,0.002,0.9984999999999999,0.998,180468.13,84323.04,208.0,6922.23,"[[""0.9860"",""96.10""],[""0.9870"",""757.00""],[""0.9900"",""6723.70""],[""0.9910"",""1252.00""],[""0.9920"",""623.00""],[""0.9930"",""226.00""],[""0.9940"",""242.00""],[""0.9960"",""3057.84""],[""0.9970"",""19.00""],[""0.9980"",""208.00""]]","[[""0.0010"",""6922.23""]]"
2026-05-16T11:13:38.006Z,KXBTC15M-26MAY160715-15,BTC price up in next 15 mins?,KXBTC15M-26MAY160715,2026-05-16T11:15:00Z,active,0.998,0.999,0.001,0.002,0.9984999999999999,0.998,180468.13,84323.04,208.0,6922.23,"[[""0.9860"",""96.10""],[""0.9870"",""757.00""],[""0.9900"",""6763.70""],[""0.9910"",""1252.00""],[""0.9920"",""623.00""],[""0.9930"",""226.00""],[""0.9940"",""10.00""],[""0.9960"",""3057.84""],[""0.9970"",""19.00""],[""0.9980"",""208.00""]]","[[""0.0010"",""6922.23""]]"
2026-05-16T11:13:40.000Z,KXBTC15M-26MAY160715-15,BTC price up in next 15 mins?,KXBTC15M-26MAY160715,2026-05-16T11:15:00Z,active,0.998,0.999,0.001,0.002,0.9984999999999999,0.998,180468.13,84323.04,1779.93,,"[[""0.9870"",""57.00""],[""0.9900"",""7379.70""],[""0.9910"",""1252.00""],[""0.9920"",""623.00""],[""0.9930"",""226.00""],[""0.9940"",""10.00""],[""0.9960"",""3057.84""],[""0.9970"",""1269.00""],[""0.9980"",""208.00""],[""0.9990"",""1779.93""]]",[]
2026-05-16T11:13:42.006Z,KXBTC15M-26MAY160715-15,BTC price up in next 15 mins?,KXBTC15M-26MAY160715,2026-05-16T11:15:00Z,active,0.998,0.999,0.001,0.002,0.9984999999999999,0.998,180468.13,84323.04,1780.93,,"[[""0.9880"",""8.00""],[""0.9900"",""7101.00""],[""0.9910"",""1252.00""],[""0.9920"",""623.00""],[""0.9930"",""226.00""],[""0.9940"",""242.00""],[""0.9960"",""3057.84""],[""0.9970"",""1269.00""],[""0.9980"",""707.00""],[""0.9990"",""1780.93""]]",[]
2026-05-16T11:13:43.994Z,KXBTC15M-26MAY160715-15,BTC price up in next 15 mins?,KXBTC15M-26MAY160715,2026-05-16T11:15:00Z,active,0.998,0.999,0.001,0.002,0.9984999999999999,0.998,180468.13,84323.04,1780.93,,"[[""0.9880"",""8.00""],[""0.9900"",""7137.00""],[""0.9910"",""1252.00""],[""0.9920"",""623.00""],[""0.9930"",""226.00""],[""0.9940"",""242.00""],[""0.9960"",""3057.84""],[""0.9970"",""1269.00""],[""0.9980"",""3281.00""],[""0.9990"",""1780.93""]]",[]
2026-05-16T11:13:45.998Z,KXBTC15M-26MAY160715-15,BTC price up in next 15 mins?,KXBTC15M-26MAY160715,2026-05-16T11:15:00Z,active,0.998,0.999,0.001,0.002,0.9984999999999999,0.998,180468.13,84323.04,1780.93,,"[[""0.9880"",""8.00""],[""0.9900"",""7137.00""],[""0.9910"",""1252.00""],[""0.9920"",""623.00""],[""0.9930"",""226.00""],[""0.9940"",""242.00""],[""0.9960"",""3057.84""],[""0.9970"",""1269.00""],[""0.9980"",""3281.00""],[""0.9990"",""1780.93""]]",[]
2026-05-16T11:13:48.006Z,KXBTC15M-26MAY160715-15,BTC price up in next 15 mins?,KXBTC15M-26MAY160715,2026-05-16T11:15:00Z,active,0.998,0.999,0.001,0.002,0.9984999999999999,0.998,180468.13,84323.04,2157.93,,"[[""0.9880"",""8.00""],[""0.9900"",""7137.00""],[""0.9910"",""1252.00""],[""0.9920"",""623.00""],[""0.9930"",""226.00""],[""0.9940"",""242.00""],[""0.9960"",""3057.84""],[""0.9970"",""1269.00""],[""0.9980"",""3074.00""],[""0.9990"",""2157.93""]]",[]
2026-05-16T11:13:49.995Z,KXBTC15M-26MAY160715-15,BTC price up in next 15 mins?,KXBTC15M-26MAY160715,2026-05-16T11:15:00Z,active,0.998,0.999,0.001,0.002,0.9984999999999999,0.998,180468.13,84323.04,2157.93,,"[[""0.9880"",""8.00""],[""0.9900"",""7101.00""],[""0.9910"",""1252.00""],[""0.9920"",""623.00""],[""0.9930"",""226.00""],[""0.9940"",""242.00""],[""0.9960"",""3057.84""],[""0.9970"",""1269.00""],[""0.9980"",""7761.00""],[""0.9990"",""2157.93""]]",[]
2026-05-16T11:13:51.998Z,KXBTC15M-26MAY160715-15,BTC price up in next 15 mins?,KXBTC15M-26MAY160715,2026-05-16T11:15:00Z,active,0.998,0.999,0.001,0.002,0.9984999999999999,0.998,180468.13,84323.04,2379.93,,"[[""0.9880"",""8.00""],[""0.9900"",""7083.00""],[""0.9910"",""1252.00""],[""0.9920"",""623.00""],[""0.9930"",""226.00""],[""0.9940"",""242.00""],[""0.9960"",""3057.84""],[""0.9970"",""1269.00""],[""0.9980"",""7761.00""],[""0.9990"",""2379.93""]]",[]
2026-05-16T11:13:53.996Z,KXBTC15M-26MAY160715-15,BTC price up in next 15 mins?,KXBTC15M-26MAY160715,2026-05-16T11:15:00Z,active,0.998,0.999,0.001,0.002,0.9984999999999999,0.998,180468.13,84323.04,2379.93,,"[[""0.9900"",""7083.00""],[""0.9910"",""1252.00""],[""0.9920"",""623.00""],[""0.9930"",""226.00""],[""0.9940"",""242.00""],[""0.9950"",""18.00""],[""0.9960"",""3057.84""],[""0.9970"",""1269.00""],[""0.9980"",""7761.00""],[""0.9990"",""2379.93""]]",[]
2026-05-16T11:13:56.004Z,KXBTC15M-26MAY160715-15,BTC price up in next 15 mins?,KXBTC15M-26MAY160715,2026-05-16T11:15:00Z,active,0.999,1.0,,0.001,0.9995,0.999,187469.36,90210.17,4759.86,,"[[""0.9900"",""7083.00""],[""0.9910"",""1252.00""],[""0.9920"",""623.00""],[""0.9930"",""226.00""],[""0.9940"",""242.00""],[""0.9950"",""18.00""],[""0.9960"",""3057.84""],[""0.9970"",""1269.00""],[""0.9980"",""7761.00""],[""0.9990"",""4759.86""]]",[]
2026-05-16T11:13:58.006Z,KXBTC15M-26MAY160715-15,BTC price up in next 15 mins?,KXBTC15M-26MAY160715,2026-05-16T11:15:00Z,active,0.999,1.0,,0.001,0.9995,0.999,187469.36,90210.17,4759.86,,"[[""0.9900"",""7132.00""],[""0.9910"",""1252.00""],[""0.9920"",""623.00""],[""0.9930"",""226.00""],[""0.9940"",""242.00""],[""0.9950"",""18.00""],[""0.9960"",""3057.84""],[""0.9970"",""1269.00""],[""0.9980"",""7761.00""],[""0.9990"",""4759.86""]]",[]
2026-05-16T11:14:00.036Z,KXBTC15M-26MAY160715-15,BTC price up in next 15 mins?,KXBTC15M-26MAY160715,2026-05-16T11:15:00Z,active,0.999,1.0,,0.001,0.9995,0.999,187469.36,90210.17,4759.86,,"[[""0.9900"",""7137.00""],[""0.9910"",""1252.00""],[""0.9920"",""623.00""],[""0.9930"",""226.00""],[""0.9940"",""242.00""],[""0.9950"",""518.00""],[""0.9960"",""3057.84""],[""0.9970"",""1269.00""],[""0.9980"",""7761.00""],[""0.9990"",""4759.86""]]",[]
2026-05-16T11:14:02.012Z,KXBTC15M-26MAY160715-15,BTC price up in next 15 mins?,KXBTC15M-26MAY160715,2026-05-16T11:15:00Z,active,0.999,1.0,,0.001,0.9995,0.999,187469.36,90210.17,6755.86,,"[[""0.9900"",""7228.00""],[""0.9910"",""1252.00""],[""0.9920"",""623.00""],[""0.9930"",""226.00""],[""0.9940"",""242.00""],[""0.9950"",""518.00""],[""0.9960"",""3057.84""],[""0.9970"",""1269.00""],[""0.9980"",""7761.00""],[""0.9990"",""6755.86""]]",[]
2026-05-16T11:14:03.999Z,KXBTC15M-26MAY160715-15,BTC price up in next 15 mins?,KXBTC15M-26MAY160715,2026-05-16T11:15:00Z,active,0.999,1.0,,0.001,0.9995,0.999,187469.36,90210.17,6755.86,,"[[""0.9900"",""7107.00""],[""0.9910"",""1252.00""],[""0.9920"",""623.00""],[""0.9930"",""226.00""],[""0.9940"",""242.00""],[""0.9950"",""518.00""],[""0.9960"",""3057.84""],[""0.9970"",""1269.00""],[""0.9980"",""7761.00""],[""0.9990"",""6755.86""]]",[]
2026-05-16T11:14:06.005Z,KXBTC15M-26MAY160715-15,BTC price up in next 15 mins?,KXBTC15M-26MAY160715,2026-05-16T11:15:00Z,active,0.999,1.0,,0.001,0.9995,0.999,187469.36,90210.17,6755.86,,"[[""0.9900"",""7107.00""],[""0.9910"",""1252.00""],[""0.9920"",""623.00""],[""0.9930"",""226.00""],[""0.9940"",""242.00""],[""0.9950"",""518.00""],[""0.9960"",""3057.84""],[""0.9970"",""1269.00""],[""0.9980"",""7761.00""],[""0.9990"",""6755.86""]]",[]
2026-05-16T11:14:07.998Z,KXBTC15M-26MAY160715-15,BTC price up in next 15 mins?,KXBTC15M-26MAY160715,2026-05-16T11:15:00Z,active,0.999,1.0,,0.001,0.9995,0.999,187469.36,90210.17,6755.86,,"[[""0.9900"",""7298.28""],[""0.9910"",""1252.00""],[""0.9920"",""623.00""],[""0.9930"",""226.00""],[""0.9940"",""242.00""],[""0.9950"",""518.00""],[""0.9960"",""3057.84""],[""0.9970"",""1269.00""],[""0.9980"",""7761.00""],[""0.9990"",""6755.86""]]",[]
2026-05-16T11:14:10.009Z,KXBTC15M-26MAY160715-15,BTC price up in next 15 mins?,KXBTC15M-26MAY160715,2026-05-16T11:15:00Z,active,0.999,1.0,,0.001,0.9995,0.999,187469.36,90210.17,6755.86,,"[[""0.9900"",""7413.28""],[""0.9910"",""1252.00""],[""0.9920"",""718.00""],[""0.9930"",""226.00""],[""0.9940"",""242.00""],[""0.9950"",""518.00""],[""0.9960"",""3057.84""],[""0.9970"",""1269.00""],[""0.9980"",""7761.00""],[""0.9990"",""6755.86""]]",[]
2026-05-16T11:14:12.007Z,KXBTC15M-26MAY160715-15,BTC price up in next 15 mins?,KXBTC15M-26MAY160715,2026-05-16T11:15:00Z,active,0.999,1.0,,0.001,0.9995,0.999,187469.36,90210.17,6755.86,,"[[""0.9900"",""7913.28""],[""0.9910"",""1252.00""],[""0.9920"",""873.00""],[""0.9930"",""226.00""],[""0.9940"",""242.00""],[""0.9950"",""518.00""],[""0.9960"",""3057.84""],[""0.9970"",""1269.00""],[""0.9980"",""7761.00""],[""0.9990"",""6755.86""]]",[]
2026-05-16T11:14:14.009Z,KXBTC15M-26MAY160715-15,BTC price up in next 15 mins?,KXBTC15M-26MAY160715,2026-05-16T11:15:00Z,active,0.999,1.0,,0.001,0.9995,0.999,187469.36,90210.17,6755.86,,"[[""0.9900"",""7798.28""],[""0.9910"",""1252.00""],[""0.9920"",""873.00""],[""0.9930"",""226.00""],[""0.9940"",""242.00""],[""0.9950"",""518.00""],[""0.9960"",""3057.84""],[""0.9970"",""1269.00""],[""0.9980"",""7761.00""],[""0.9990"",""6755.86""]]",[]
2026-05-16T11:14:16.009Z,KXBTC15M-26MAY160715-15,BTC price up in next 15 mins?,KXBTC15M-26MAY160715,2026-05-16T11:15:00Z,active,0.999,1.0,,0.001,0.9995,0.999,187469.36,90210.17,6755.86,,"[[""0.9900"",""7798.28""],[""0.9910"",""1252.00""],[""0.9920"",""873.00""],[""0.9930"",""226.00""],[""0.9940"",""242.00""],[""0.9950"",""518.00""],[""0.9960"",""3057.84""],[""0.9970"",""1269.00""],[""0.9980"",""7761.00""],[""0.9990"",""6755.86""]]",[]
2026-05-16T11:14:18.014Z,KXBTC15M-26MAY160715-15,BTC price up in next 15 mins?,KXBTC15M-26MAY160715,2026-05-16T11:15:00Z,active,0.999,1.0,,0.001,0.9995,0.999,187469.36,90210.17,6755.86,,"[[""0.9900"",""7798.28""],[""0.9910"",""1252.00""],[""0.9920"",""873.00""],[""0.9930"",""226.00""],[""0.9940"",""242.00""],[""0.9950"",""518.00""],[""0.9960"",""3057.84""],[""0.9970"",""1269.00""],[""0.9980"",""7761.00""],[""0.9990"",""6755.86""]]",[]
2026-05-16T11:14:19.999Z,KXBTC15M-26MAY160715-15,BTC price up in next 15 mins?,KXBTC15M-26MAY160715,2026-05-16T11:15:00Z,active,0.999,1.0,,0.001,0.9995,0.999,187469.36,90210.17,6755.86,,"[[""0.9900"",""7798.28""],[""0.9910"",""1252.00""],[""0.9920"",""873.00""],[""0.9930"",""226.00""],[""0.9940"",""242.00""],[""0.9950"",""518.00""],[""0.9960"",""3057.84""],[""0.9970"",""1269.00""],[""0.9980"",""7761.00""],[""0.9990"",""6755.86""]]",[]
2026-05-16T11:14:21.999Z,KXBTC15M-26MAY160715-15,BTC price up in next 15 mins?,KXBTC15M-26MAY160715,2026-05-16T11:15:00Z,active,0.999,1.0,,0.001,0.9995,0.999,187469.36,90210.17,6755.86,,"[[""0.9900"",""7798.28""],[""0.9910"",""1252.00""],[""0.9920"",""873.00""],[""0.9930"",""226.00""],[""0.9940"",""242.00""],[""0.9950"",""518.00""],[""0.9960"",""3057.84""],[""0.9970"",""1269.00""],[""0.9980"",""7761.00""],[""0.9990"",""6755.86""]]",[]
2026-05-16T11:14:23.996Z,KXBTC15M-26MAY160715-15,BTC price up in next 15 mins?,KXBTC15M-26MAY160715,2026-05-16T11:15:00Z,active,0.999,1.0,,0.001,0.9995,0.999,187469.36,90210.17,6755.86,,"[[""0.9900"",""7813.28""],[""0.9910"",""1252.00""],[""0.9920"",""873.00""],[""0.9930"",""226.00""],[""0.9940"",""242.00""],[""0.9950"",""518.00""],[""0.9960"",""3057.84""],[""0.9970"",""1269.00""],[""0.9980"",""7761.00""],[""0.9990"",""6755.86""]]",[]
2026-05-16T11:14:26.001Z,KXBTC15M-26MAY160715-15,BTC price up in next 15 mins?,KXBTC15M-26MAY160715,2026-05-16T11:15:00Z,active,0.999,1.0,,0.001,0.9995,0.999,187469.36,90210.17,6755.86,,"[[""0.9900"",""7869.28""],[""0.9910"",""1252.00""],[""0.9920"",""873.00""],[""0.9930"",""226.00""],[""0.9940"",""242.00""],[""0.9950"",""518.00""],[""0.9960"",""3057.84""],[""0.9970"",""1269.00""],[""0.9980"",""7761.00""],[""0.9990"",""6755.86""]]",[]
2026-05-16T11:14:28.005Z,KXBTC15M-26MAY160715-15,BTC price up in next 15 mins?,KXBTC15M-26MAY160715,2026-05-16T11:15:00Z,active,0.999,1.0,,0.001,0.9995,0.999,187469.36,90210.17,6755.86,,"[[""0.9900"",""7854.28""],[""0.9910"",""1252.00""],[""0.9920"",""873.00""],[""0.9930"",""226.00""],[""0.9940"",""242.00""],[""0.9950"",""518.00""],[""0.9960"",""3057.84""],[""0.9970"",""1269.00""],[""0.9980"",""7761.00""],[""0.9990"",""6755.86""]]",[]
2026-05-16T11:14:29.996Z,KXBTC15M-26MAY160715-15,BTC price up in next 15 mins?,KXBTC15M-26MAY160715,2026-05-16T11:15:00Z,active,0.999,1.0,,0.001,0.9995,0.999,187469.36,90210.17,6755.86,,"[[""0.9900"",""8254.28""],[""0.9910"",""1252.00""],[""0.9920"",""873.00""],[""0.9930"",""226.00""],[""0.9940"",""242.00""],[""0.9950"",""518.00""],[""0.9960"",""3057.84""],[""0.9970"",""1269.00""],[""0.9980"",""7761.00""],[""0.9990"",""6755.86""]]",[]
2026-05-16T11:14:32.007Z,KXBTC15M-26MAY160715-15,BTC price up in next 15 mins?,KXBTC15M-26MAY160715,2026-05-16T11:15:00Z,active,0.999,1.0,,0.001,0.9995,0.999,187469.36,90210.17,6775.86,,"[[""0.9900"",""8269.28""],[""0.9910"",""1252.00""],[""0.9920"",""873.00""],[""0.9930"",""226.00""],[""0.9940"",""242.00""],[""0.9950"",""518.00""],[""0.9960"",""3057.84""],[""0.9970"",""1269.00""],[""0.9980"",""7761.00""],[""0.9990"",""6775.86""]]",[]
2026-05-16T11:14:34.004Z,KXBTC15M-26MAY160715-15,BTC price up in next 15 mins?,KXBTC15M-26MAY160715,2026-05-16T11:15:00Z,active,0.999,1.0,,0.001,0.9995,0.999,187469.36,90210.17,6775.86,,"[[""0.9900"",""8279.28""],[""0.9910"",""1252.00""],[""0.9920"",""873.00""],[""0.9930"",""226.00""],[""0.9940"",""10.00""],[""0.9950"",""518.00""],[""0.9960"",""3057.84""],[""0.9970"",""1269.00""],[""0.9980"",""7761.00""],[""0.9990"",""6775.86""]]",[]
2026-05-16T11:14:36.003Z,KXBTC15M-26MAY160715-15,BTC price up in next 15 mins?,KXBTC15M-26MAY160715,2026-05-16T11:15:00Z,active,0.999,1.0,,0.001,0.9995,0.999,187469.36,90210.17,11219.86,,"[[""0.9900"",""8279.28""],[""0.9910"",""1252.00""],[""0.9920"",""873.00""],[""0.9930"",""226.00""],[""0.9940"",""242.00""],[""0.9950"",""518.00""],[""0.9960"",""3057.84""],[""0.9970"",""1269.00""],[""0.9980"",""7761.00""],[""0.9990"",""11219.86""]]",[]
2026-05-16T11:14:38.002Z,KXBTC15M-26MAY160715-15,BTC price up in next 15 mins?,KXBTC15M-26MAY160715,2026-05-16T11:15:00Z,active,0.999,1.0,,0.001,0.9995,0.999,187469.36,90210.17,11219.86,,"[[""0.9900"",""8279.28""],[""0.9910"",""1252.00""],[""0.9920"",""873.00""],[""0.9930"",""226.00""],[""0.9940"",""242.00""],[""0.9950"",""518.00""],[""0.9960"",""3057.84""],[""0.9970"",""1269.00""],[""0.9980"",""7761.00""],[""0.9990"",""11219.86""]]",[]
2026-05-16T11:14:40.006Z,KXBTC15M-26MAY160715-15,BTC price up in next 15 mins?,KXBTC15M-26MAY160715,2026-05-16T11:15:00Z,active,0.999,1.0,,0.001,0.9995,0.999,187469.36,90210.17,11199.86,,"[[""0.9900"",""8385.28""],[""0.9910"",""1252.00""],[""0.9920"",""873.00""],[""0.9930"",""226.00""],[""0.9940"",""10.00""],[""0.9950"",""518.00""],[""0.9960"",""3057.84""],[""0.9970"",""1269.00""],[""0.9980"",""7761.00""],[""0.9990"",""11199.86""]]",[]
2026-05-16T11:14:42.000Z,KXBTC15M-26MAY160715-15,BTC price up in next 15 mins?,KXBTC15M-26MAY160715,2026-05-16T11:15:00Z,active,0.999,1.0,,0.001,0.9995,0.999,187469.36,90210.17,17219.86,,"[[""0.9900"",""8425.28""],[""0.9910"",""1252.00""],[""0.9920"",""873.00""],[""0.9930"",""226.00""],[""0.9940"",""242.00""],[""0.9950"",""518.00""],[""0.9960"",""3057.84""],[""0.9970"",""1269.00""],[""0.9980"",""7761.00""],[""0.9990"",""17219.86""]]",[]
2026-05-16T11:14:44.000Z,KXBTC15M-26MAY160715-15,BTC price up in next 15 mins?,KXBTC15M-26MAY160715,2026-05-16T11:15:00Z,active,0.999,1.0,,0.001,0.9995,0.999,187469.36,90210.17,17219.86,,"[[""0.9900"",""8319.28""],[""0.9910"",""1252.00""],[""0.9920"",""873.00""],[""0.9930"",""226.00""],[""0.9940"",""242.00""],[""0.9950"",""518.00""],[""0.9960"",""3057.84""],[""0.9970"",""1269.00""],[""0.9980"",""7761.00""],[""0.9990"",""17219.86""]]",[]
2026-05-16T11:14:46.003Z,KXBTC15M-26MAY160715-15,BTC price up in next 15 mins?,KXBTC15M-26MAY160715,2026-05-16T11:15:00Z,active,0.999,1.0,,0.001,0.9995,0.999,187469.36,90210.17,18416.86,,"[[""0.9900"",""8299.28""],[""0.9910"",""1252.00""],[""0.9920"",""873.00""],[""0.9930"",""226.00""],[""0.9940"",""242.00""],[""0.9950"",""518.00""],[""0.9960"",""3057.84""],[""0.9970"",""1269.00""],[""0.9980"",""7761.00""],[""0.9990"",""18416.86""]]",[]
2026-05-16T11:14:48.013Z,KXBTC15M-26MAY160715-15,BTC price up in next 15 mins?,KXBTC15M-26MAY160715,2026-05-16T11:15:00Z,active,0.999,1.0,,0.001,0.9995,0.999,187469.36,90210.17,18129.86,,"[[""0.9900"",""8299.28""],[""0.9910"",""1252.00""],[""0.9920"",""873.00""],[""0.9930"",""226.00""],[""0.9940"",""242.00""],[""0.9950"",""518.00""],[""0.9960"",""3057.84""],[""0.9970"",""1269.00""],[""0.9980"",""7761.00""],[""0.9990"",""18129.86""]]",[]
2026-05-16T11:14:50.005Z,KXBTC15M-26MAY160715-15,BTC price up in next 15 mins?,KXBTC15M-26MAY160715,2026-05-16T11:15:00Z,active,0.999,1.0,,0.001,0.9995,0.999,187469.36,90210.17,18178.86,,"[[""0.9900"",""8299.28""],[""0.9910"",""1252.00""],[""0.9920"",""873.00""],[""0.9930"",""226.00""],[""0.9940"",""242.00""],[""0.9950"",""518.00""],[""0.9960"",""3106.84""],[""0.9970"",""1318.00""],[""0.9980"",""7810.00""],[""0.9990"",""18178.86""]]",[]
2026-05-16T11:14:51.998Z,KXBTC15M-26MAY160715-15,BTC price up in next 15 mins?,KXBTC15M-26MAY160715,2026-05-16T11:15:00Z,active,0.999,1.0,,0.001,0.9995,0.999,187469.36,90210.17,18178.86,,"[[""0.9900"",""8497.28""],[""0.9910"",""1252.00""],[""0.9920"",""873.00""],[""0.9930"",""226.00""],[""0.9940"",""242.00""],[""0.9950"",""518.00""],[""0.9960"",""3106.84""],[""0.9970"",""1318.00""],[""0.9980"",""7810.00""],[""0.9990"",""18178.86""]]",[]
2026-05-16T11:14:53.998Z,KXBTC15M-26MAY160715-15,BTC price up in next 15 mins?,KXBTC15M-26MAY160715,2026-05-16T11:15:00Z,active,0.999,1.0,,0.001,0.9995,0.999,187469.36,90210.17,18178.86,,"[[""0.9900"",""7471.28""],[""0.9910"",""1252.00""],[""0.9920"",""873.00""],[""0.9930"",""226.00""],[""0.9940"",""242.00""],[""0.9950"",""518.00""],[""0.9960"",""2971.45""],[""0.9970"",""1318.00""],[""0.9980"",""7810.00""],[""0.9990"",""18178.86""]]",[]
2026-05-16T11:14:56.016Z,KXBTC15M-26MAY160715-15,BTC price up in next 15 mins?,KXBTC15M-26MAY160715,2026-05-16T11:15:00Z,active,0.999,1.0,,0.001,0.9995,0.999,187756.36,90210.17,17938.86,,"[[""0.9900"",""7481.28""],[""0.9910"",""1252.00""],[""0.9920"",""873.00""],[""0.9930"",""226.00""],[""0.9940"",""242.00""],[""0.9950"",""518.00""],[""0.9960"",""2971.45""],[""0.9970"",""1318.00""],[""0.9980"",""7810.00""],[""0.9990"",""17938.86""]]",[]
2026-05-16T11:14:57.998Z,KXBTC15M-26MAY160715-15,BTC price up in next 15 mins?,KXBTC15M-26MAY160715,2026-05-16T11:15:00Z,active,0.999,1.0,,0.001,0.9995,0.999,187756.36,90210.17,17938.86,,"[[""0.9900"",""7481.28""],[""0.9910"",""1252.00""],[""0.9920"",""867.00""],[""0.9930"",""220.00""],[""0.9940"",""242.00""],[""0.9950"",""518.00""],[""0.9960"",""2971.45""],[""0.9970"",""1299.00""],[""0.9980"",""7810.00""],[""0.9990"",""17938.86""]]",[]
2026-05-16T11:15:00.005Z,KXBTC15M-26MAY160715-15,BTC price up in next 15 mins?,KXBTC15M-26MAY160715,2026-05-16T11:15:00Z,active,0.999,1.0,,0.001,0.9995,0.999,187756.36,90210.17,17938.86,,"[[""0.9900"",""7517.28""],[""0.9910"",""1252.00""],[""0.9920"",""867.00""],[""0.9930"",""220.00""],[""0.9940"",""242.00""],[""0.9950"",""518.00""],[""0.9960"",""49.00""],[""0.9970"",""1299.00""],[""0.9980"",""7810.00""],[""0.9990"",""17938.86""]]",[]
2026-05-16T11:15:02.019Z,KXBTC15M-26MAY160715-15,BTC price up in next 15 mins?,KXBTC15M-26MAY160715,2026-05-16T11:15:00Z,closed,0.999,1.0,,0.001,0.9995,0.999,187756.36,90210.17,,,[],[]
2026-05-16T11:15:04.013Z,KXBTC15M-26MAY160715-15,BTC price up in next 15 mins?,KXBTC15M-26MAY160715,2026-05-16T11:15:00Z,closed,0.999,1.0,,0.001,0.9995,0.999,187756.36,90210.17,,,[],[]
2026-05-16T11:15:05.994Z,KXBTC15M-26MAY160715-15,BTC price up in next 15 mins?,KXBTC15M-26MAY160715,2026-05-16T11:15:00Z,closed,0.999,1.0,,0.001,0.9995,0.999,187756.36,90210.17,,,[],[]
2026-05-16T11:15:08.011Z,KXBTC15M-26MAY160715-15,BTC price up in next 15 mins?,KXBTC15M-26MAY160715,2026-05-16T11:15:00Z,closed,0.999,1.0,,0.001,0.9995,0.999,187756.36,90210.17,,,[],[]
2026-05-16T11:15:09.998Z,KXBTC15M-26MAY160715-15,BTC price up in next 15 mins?,KXBTC15M-26MAY160715,2026-05-16T11:15:00Z,closed,0.999,1.0,,0.001,0.9995,0.999,187756.36,90210.17,,,[],[]
2026-05-16T11:15:12.007Z,KXBTC15M-26MAY160715-15,BTC price up in next 15 mins?,KXBTC15M-26MAY160715,2026-05-16T11:15:00Z,closed,0.999,1.0,,0.001,0.9995,0.999,187756.36,90210.17,,,[],[]
2026-05-16T11:15:14.009Z,KXBTC15M-26MAY160715-15,BTC price up in next 15 mins?,KXBTC15M-26MAY160715,2026-05-16T11:15:00Z,closed,0.999,1.0,,0.001,0.9995,0.999,187756.36,90210.17,,,[],[]
2026-05-16T11:15:16.004Z,KXBTC15M-26MAY160715-15,BTC price up in next 15 mins?,KXBTC15M-26MAY160715,2026-05-16T11:15:00Z,closed,0.999,1.0,,0.001,0.9995,0.999,187756.36,90210.17,,,[],[]
2026-05-16T11:15:18.015Z,KXBTC15M-26MAY160715-15,BTC price up in next 15 mins?,KXBTC15M-26MAY160715,2026-05-16T11:15:00Z,closed,0.999,1.0,,0.001,0.9995,0.999,187756.36,90210.17,,,[],[]
2026-05-16T11:15:20.010Z,KXBTC15M-26MAY160715-15,BTC price up in next 15 mins?,KXBTC15M-26MAY160715,2026-05-16T11:15:00Z,closed,0.999,1.0,,0.001,0.9995,0.999,187756.36,90210.17,,,[],[]
2026-05-16T11:15:21.994Z,KXBTC15M-26MAY160715-15,BTC price up in next 15 mins?,KXBTC15M-26MAY160715,2026-05-16T11:15:00Z,closed,0.999,1.0,,0.001,0.9995,0.999,187756.36,90210.17,,,[],[]
2026-05-16T11:15:24.002Z,KXBTC15M-26MAY160715-15,BTC price up in next 15 mins?,KXBTC15M-26MAY160715,2026-05-16T11:15:00Z,closed,0.999,1.0,,0.001,0.9995,0.999,187756.36,90210.17,,,[],[]
2026-05-16T11:15:26.006Z,KXBTC15M-26MAY160715-15,BTC price up in next 15 mins?,KXBTC15M-26MAY160715,2026-05-16T11:15:00Z,closed,0.999,1.0,,0.001,0.9995,0.999,187756.36,90210.17,,,[],[]
