timestamp_utc,ticker,title,event_ticker,close_time,status,yes_bid,yes_ask,no_bid,no_ask,yes_mid,last_price,volume,open_interest,best_yes_bid_qty,best_no_bid_qty,yes_levels_json,no_levels_json
2026-05-17T02:15:15.833Z,btc-updown-15m-1778984100,"Bitcoin Up or Down - May 16, 10:15PM-10:30PM ET",btc-updown-15m-1778984100,2026-05-17T02:30:00Z,,0.52,0.53,0.47,0.48,0.525,0.53,441.950514,,11.0,65.19,"[[0.01,""10100""],[0.02,""41424""],[0.03,""25023.67""],[0.04,""16627""],[0.05,""12155""],[0.06,""9055.34""],[0.07,""7227.29""],[0.08,""5299.5""],[0.09,""51.12""],[0.1,""4235""],[0.11,""59.1""],[0.12,""28.34""],[0.13,""3278.7""],[0.14,""27.15""],[0.15,""2853.67""],[0.16,""31.25""],[0.17,""2517.89""],[0.18,""25.56""],[0.19,""45.27""],[0.2,""70""],[0.21,""1761""],[0.22,""25""],[0.23,""45""],[0.24,""525""],[0.25,""2005""],[0.26,""525""],[0.27,""45""],[0.28,""25""],[0.29,""45""],[0.3,""46.66""],[0.31,""60""],[0.32,""25""],[0.33,""71""],[0.34,""25""],[0.35,""107.86""],[0.36,""25""],[0.37,""60""],[0.38,""25""],[0.39,""60""],[0.4,""52""],[0.41,""60""],[0.42,""30""],[0.43,""65""],[0.44,""235""],[0.45,""65""],[0.46,""30""],[0.47,""120""],[0.48,""205""],[0.49,""290""],[0.5,""355.66""],[0.51,""27.92""],[0.52,""11""]]","[[0.01,""10033""],[0.02,""41357""],[0.03,""25031.67""],[0.04,""16627""],[0.05,""12155.01""],[0.06,""9055.34""],[0.07,""7217.29""],[0.08,""5299.51""],[0.09,""51.12""],[0.1,""4235.01""],[0.11,""59.1""],[0.12,""28.34""],[0.13,""3278.7""],[0.14,""27.15""],[0.15,""2853.67""],[0.16,""31.25""],[0.17,""2517.89""],[0.18,""525.56""],[0.19,""545.27""],[0.2,""545.01""],[0.21,""2261""],[0.22,""525""],[0.23,""45""],[0.24,""25""],[0.25,""1490""],[0.26,""25""],[0.27,""45""],[0.28,""40""],[0.29,""65""],[0.3,""94.02""],[0.31,""65""],[0.32,""60""],[0.33,""71""],[0.34,""60""],[0.35,""98.58""],[0.36,""120""],[0.37,""70""],[0.38,""65""],[0.39,""75""],[0.4,""192""],[0.41,""181""],[0.42,""80""],[0.43,""80""],[0.44,""245""],[0.45,""190.72""],[0.46,""85""],[0.47,""65.19""]]"
2026-05-17T02:15:18.099Z,btc-updown-15m-1778984100,"Bitcoin Up or Down - May 16, 10:15PM-10:30PM ET",btc-updown-15m-1778984100,2026-05-17T02:30:00Z,,0.52,0.53,0.47,0.48,0.525,0.53,441.950514,,26.75,60.35,"[[0.01,""10095""],[0.02,""41424""],[0.03,""25023.67""],[0.04,""16627""],[0.05,""12155""],[0.06,""9055.34""],[0.07,""7227.29""],[0.08,""5299.5""],[0.09,""51.12""],[0.1,""4235""],[0.11,""59.1""],[0.12,""28.34""],[0.13,""47.7""],[0.14,""27.15""],[0.15,""51.67""],[0.16,""36.25""],[0.17,""45.89""],[0.18,""25.56""],[0.19,""45.27""],[0.2,""70""],[0.21,""45""],[0.22,""25""],[0.23,""45""],[0.24,""525""],[0.25,""565""],[0.26,""525""],[0.27,""45""],[0.28,""25""],[0.29,""45""],[0.3,""46.66""],[0.31,""60""],[0.32,""25""],[0.33,""66""],[0.34,""30""],[0.35,""112.86""],[0.36,""30""],[0.37,""65""],[0.38,""25""],[0.39,""65""],[0.4,""57""],[0.41,""65""],[0.42,""30""],[0.43,""70""],[0.44,""235""],[0.45,""65""],[0.46,""30""],[0.47,""120""],[0.48,""205""],[0.49,""290""],[0.5,""355.66""],[0.51,""109.13""],[0.52,""26.75""]]","[[0.01,""10038""],[0.02,""41357""],[0.03,""25031.67""],[0.04,""16627""],[0.05,""12155.01""],[0.06,""9055.34""],[0.07,""7217.29""],[0.08,""5299.51""],[0.09,""51.12""],[0.1,""4235.01""],[0.11,""59.1""],[0.12,""28.34""],[0.13,""47.7""],[0.14,""27.15""],[0.15,""51.67""],[0.16,""36.25""],[0.17,""45.89""],[0.18,""525.56""],[0.19,""545.27""],[0.2,""545.01""],[0.21,""545""],[0.22,""525""],[0.23,""45""],[0.24,""25""],[0.25,""50""],[0.26,""25""],[0.27,""45""],[0.28,""40""],[0.29,""65""],[0.3,""99.02""],[0.31,""65""],[0.32,""60""],[0.33,""71""],[0.34,""60""],[0.35,""98.58""],[0.36,""120""],[0.37,""65""],[0.38,""65""],[0.39,""70""],[0.4,""187""],[0.41,""176""],[0.42,""75""],[0.43,""80""],[0.44,""245""],[0.45,""190.72""],[0.46,""96.48""],[0.47,""60.35""]]"
2026-05-17T02:15:20.106Z,btc-updown-15m-1778984100,"Bitcoin Up or Down - May 16, 10:15PM-10:30PM ET",btc-updown-15m-1778984100,2026-05-17T02:30:00Z,,0.51,0.52,0.48,0.49,0.515,0.53,441.950514,,116.56,14.78,"[[0.01,""10101.97""],[0.02,""41380.47""],[0.03,""25023.67""],[0.04,""16633.81""],[0.05,""12155""],[0.06,""9055.34""],[0.07,""7227.29""],[0.08,""5299.5""],[0.09,""56.98""],[0.1,""4235""],[0.11,""59.1""],[0.12,""28.34""],[0.13,""47.7""],[0.14,""27.15""],[0.15,""51.67""],[0.16,""36.25""],[0.17,""45.89""],[0.18,""25.56""],[0.19,""45.27""],[0.2,""70""],[0.21,""45""],[0.22,""25""],[0.23,""45""],[0.24,""525""],[0.25,""565""],[0.26,""525""],[0.27,""45""],[0.28,""25""],[0.29,""45""],[0.3,""46.66""],[0.31,""60""],[0.32,""25""],[0.33,""60""],[0.34,""30""],[0.35,""107.86""],[0.36,""25""],[0.37,""60""],[0.38,""25""],[0.39,""60""],[0.4,""57""],[0.41,""70""],[0.42,""40""],[0.43,""75""],[0.44,""135""],[0.45,""165""],[0.46,""30""],[0.47,""120""],[0.48,""205""],[0.49,""290""],[0.5,""350.66""],[0.51,""116.56""]]","[[0.01,""10045""],[0.02,""41363.63""],[0.03,""25031.67""],[0.04,""16633.97""],[0.05,""12155.01""],[0.06,""9055.34""],[0.07,""7217.29""],[0.08,""5299.51""],[0.09,""56.87""],[0.1,""4235.01""],[0.11,""59.1""],[0.12,""28.34""],[0.13,""47.7""],[0.14,""27.15""],[0.15,""51.67""],[0.16,""36.25""],[0.17,""45.89""],[0.18,""525.56""],[0.19,""545.27""],[0.2,""545.01""],[0.21,""545""],[0.22,""525""],[0.23,""45""],[0.24,""25""],[0.25,""50""],[0.26,""25""],[0.27,""45""],[0.28,""40""],[0.29,""80""],[0.3,""84.02""],[0.31,""65""],[0.32,""60""],[0.33,""65""],[0.34,""60""],[0.35,""98.58""],[0.36,""120""],[0.37,""65""],[0.38,""65""],[0.39,""70""],[0.4,""187""],[0.41,""176""],[0.42,""75""],[0.43,""80""],[0.44,""245""],[0.45,""190.72""],[0.46,""96.48""],[0.47,""63.73""],[0.48,""14.78""]]"
2026-05-17T02:15:22.105Z,btc-updown-15m-1778984100,"Bitcoin Up or Down - May 16, 10:15PM-10:30PM ET",btc-updown-15m-1778984100,2026-05-17T02:30:00Z,,0.52,0.53,0.47,0.48,0.525,0.53,441.950514,,47.6,59.99,"[[0.01,""10101.97""],[0.02,""41380.47""],[0.03,""25023.67""],[0.04,""16633.81""],[0.05,""12155""],[0.06,""9060.34""],[0.07,""7227.29""],[0.08,""5299.5""],[0.09,""56.98""],[0.1,""35""],[0.11,""59.1""],[0.12,""28.34""],[0.13,""47.7""],[0.14,""27.15""],[0.15,""51.67""],[0.16,""36.25""],[0.17,""45.89""],[0.18,""25.56""],[0.19,""45.27""],[0.2,""70""],[0.21,""50""],[0.22,""25""],[0.23,""45""],[0.24,""525""],[0.25,""565""],[0.26,""525""],[0.27,""45""],[0.28,""25""],[0.29,""50""],[0.3,""196.66""],[0.31,""60""],[0.32,""25""],[0.33,""60""],[0.34,""30""],[0.35,""107.86""],[0.36,""30""],[0.37,""60""],[0.38,""225""],[0.39,""60""],[0.4,""52""],[0.41,""60""],[0.42,""35""],[0.43,""75""],[0.44,""135""],[0.45,""165""],[0.46,""30""],[0.47,""120""],[0.48,""205""],[0.49,""290""],[0.5,""350.66""],[0.51,""93.8""],[0.52,""47.6""]]","[[0.01,""10040""],[0.02,""41363.63""],[0.03,""25036.67""],[0.04,""16633.97""],[0.05,""12155.01""],[0.06,""9055.34""],[0.07,""7217.29""],[0.08,""5299.51""],[0.09,""56.87""],[0.1,""35.01""],[0.11,""59.1""],[0.12,""28.34""],[0.13,""47.7""],[0.14,""27.15""],[0.15,""51.67""],[0.16,""36.25""],[0.17,""45.89""],[0.18,""530.56""],[0.19,""545.27""],[0.2,""545.01""],[0.21,""545""],[0.22,""525""],[0.23,""45""],[0.24,""25""],[0.25,""50""],[0.26,""30""],[0.27,""50""],[0.28,""40""],[0.29,""70""],[0.3,""84.02""],[0.31,""65""],[0.32,""60""],[0.33,""70""],[0.34,""260""],[0.35,""98.58""],[0.36,""120""],[0.37,""65""],[0.38,""65""],[0.39,""70""],[0.4,""92""],[0.41,""76""],[0.42,""75""],[0.43,""80""],[0.44,""245""],[0.45,""190.72""],[0.46,""109.28""],[0.47,""59.99""]]"
2026-05-17T02:15:24.915Z,btc-updown-15m-1778984100,"Bitcoin Up or Down - May 16, 10:15PM-10:30PM ET",btc-updown-15m-1778984100,2026-05-17T02:30:00Z,,0.52,0.53,0.47,0.48,0.525,0.53,441.950514,,57.6,53.1,"[[0.01,""10409.97""],[0.02,""41533.57""],[0.03,""25126.77""],[0.04,""16711.9""],[0.05,""12218.2""],[0.06,""9060.34""],[0.07,""7227.29""],[0.08,""5299.5""],[0.09,""56.98""],[0.1,""35""],[0.11,""59.1""],[0.12,""28.34""],[0.13,""47.7""],[0.14,""27.15""],[0.15,""51.67""],[0.16,""36.25""],[0.17,""45.89""],[0.18,""25.56""],[0.19,""45.27""],[0.2,""70""],[0.21,""50""],[0.22,""25""],[0.23,""45""],[0.24,""525""],[0.25,""565""],[0.26,""525""],[0.27,""45""],[0.28,""25""],[0.29,""50""],[0.3,""196.66""],[0.31,""60""],[0.32,""25""],[0.33,""60""],[0.34,""30""],[0.35,""107.86""],[0.36,""30""],[0.37,""66""],[0.38,""30""],[0.39,""65""],[0.4,""257""],[0.41,""460""],[0.42,""335""],[0.43,""75""],[0.44,""140""],[0.45,""185""],[0.46,""30""],[0.47,""120""],[0.48,""205""],[0.49,""290""],[0.5,""361.04""],[0.51,""78.5""],[0.52,""57.6""]]","[[0.01,""10343""],[0.02,""41516.73""],[0.03,""25036.67""],[0.04,""16633.97""],[0.05,""12155.01""],[0.06,""9055.34""],[0.07,""7217.29""],[0.08,""5299.51""],[0.09,""56.87""],[0.1,""35.01""],[0.11,""59.1""],[0.12,""28.34""],[0.13,""47.7""],[0.14,""27.15""],[0.15,""51.67""],[0.16,""36.25""],[0.17,""545.89""],[0.18,""530.56""],[0.19,""545.27""],[0.2,""545.01""],[0.21,""45""],[0.22,""25""],[0.23,""45""],[0.24,""25""],[0.25,""50""],[0.26,""30""],[0.27,""55""],[0.28,""60""],[0.29,""70""],[0.3,""90.02""],[0.31,""65""],[0.32,""60""],[0.33,""270""],[0.34,""460""],[0.35,""398.58""],[0.36,""120""],[0.37,""73.11""],[0.38,""65""],[0.39,""270""],[0.4,""92""],[0.41,""76""],[0.42,""75""],[0.43,""80""],[0.44,""225""],[0.45,""190.72""],[0.46,""124.28""],[0.47,""53.1""]]"
2026-05-17T02:15:27.113Z,btc-updown-15m-1778984100,"Bitcoin Up or Down - May 16, 10:15PM-10:30PM ET",btc-updown-15m-1778984100,2026-05-17T02:30:00Z,,0.52,0.53,0.47,0.48,0.525,0.53,441.950514,,50.51,58.1,"[[0.01,""10409.97""],[0.02,""41533.57""],[0.03,""25126.77""],[0.04,""16711.9""],[0.05,""12218.2""],[0.06,""9113.54""],[0.07,""7273.39""],[0.08,""5340.29""],[0.09,""93.58""],[0.1,""68.29""],[0.11,""59.1""],[0.12,""28.34""],[0.13,""47.7""],[0.14,""27.15""],[0.15,""51.67""],[0.16,""36.25""],[0.17,""45.89""],[0.18,""25.56""],[0.19,""45.27""],[0.2,""70""],[0.21,""50""],[0.22,""25""],[0.23,""45""],[0.24,""525""],[0.25,""565""],[0.26,""525""],[0.27,""45""],[0.28,""25""],[0.29,""50""],[0.3,""196.66""],[0.31,""60""],[0.32,""25""],[0.33,""60""],[0.34,""30""],[0.35,""107.86""],[0.36,""30""],[0.37,""66""],[0.38,""30""],[0.39,""65""],[0.4,""257""],[0.41,""460""],[0.42,""335""],[0.43,""75""],[0.44,""140""],[0.45,""205""],[0.46,""30""],[0.47,""120""],[0.48,""205""],[0.49,""290""],[0.5,""361.04""],[0.51,""78.5""],[0.52,""50.51""]]","[[0.01,""10348""],[0.02,""41516.73""],[0.03,""25139.77""],[0.04,""16712.06""],[0.05,""12218.21""],[0.06,""9108.54""],[0.07,""7217.29""],[0.08,""5299.51""],[0.09,""56.87""],[0.1,""35.01""],[0.11,""59.1""],[0.12,""28.34""],[0.13,""47.7""],[0.14,""27.15""],[0.15,""51.67""],[0.16,""36.25""],[0.17,""545.89""],[0.18,""530.56""],[0.19,""545.27""],[0.2,""545.01""],[0.21,""45""],[0.22,""25""],[0.23,""45""],[0.24,""25""],[0.25,""50""],[0.26,""30""],[0.27,""60""],[0.28,""60""],[0.29,""65""],[0.3,""90.02""],[0.31,""65""],[0.32,""60""],[0.33,""270""],[0.34,""465""],[0.35,""403.58""],[0.36,""125""],[0.37,""73.11""],[0.38,""70""],[0.39,""275""],[0.4,""97""],[0.41,""76""],[0.42,""75""],[0.43,""100""],[0.44,""225""],[0.45,""190.72""],[0.46,""109.28""],[0.47,""58.1""]]"
2026-05-17T02:15:28.595Z,btc-updown-15m-1778984100,"Bitcoin Up or Down - May 16, 10:15PM-10:30PM ET",btc-updown-15m-1778984100,2026-05-17T02:30:00Z,,0.52,0.53,0.47,0.48,0.525,0.53,441.950514,,44.26,68.1,"[[0.01,""10409.97""],[0.02,""41533.57""],[0.03,""25126.77""],[0.04,""16711.9""],[0.05,""12218.2""],[0.06,""9113.54""],[0.07,""7273.39""],[0.08,""5340.29""],[0.09,""93.58""],[0.1,""68.29""],[0.11,""89.7""],[0.12,""56.74""],[0.13,""74.2""],[0.14,""27.15""],[0.15,""51.67""],[0.16,""36.25""],[0.17,""45.89""],[0.18,""25.56""],[0.19,""45.27""],[0.2,""70""],[0.21,""50""],[0.22,""525""],[0.23,""545""],[0.24,""525""],[0.25,""565""],[0.26,""525""],[0.27,""45""],[0.28,""25""],[0.29,""50""],[0.3,""196.66""],[0.31,""60""],[0.32,""25""],[0.33,""60""],[0.34,""30""],[0.35,""107.86""],[0.36,""30""],[0.37,""71""],[0.38,""30""],[0.39,""65""],[0.4,""252""],[0.41,""460""],[0.42,""335""],[0.43,""75""],[0.44,""140""],[0.45,""205""],[0.46,""30""],[0.47,""120""],[0.48,""205""],[0.49,""285""],[0.5,""361.04""],[0.51,""78.5""],[0.52,""44.26""]]","[[0.01,""10348""],[0.02,""41516.73""],[0.03,""25139.77""],[0.04,""16712.06""],[0.05,""12218.21""],[0.06,""9108.54""],[0.07,""7263.39""],[0.08,""5340.3""],[0.09,""93.47""],[0.1,""35.01""],[0.11,""59.1""],[0.12,""28.34""],[0.13,""47.7""],[0.14,""27.15""],[0.15,""51.67""],[0.16,""36.25""],[0.17,""545.89""],[0.18,""530.56""],[0.19,""545.27""],[0.2,""545.01""],[0.21,""45""],[0.22,""25""],[0.23,""45""],[0.24,""25""],[0.25,""50""],[0.26,""30""],[0.27,""60""],[0.28,""40""],[0.29,""45""],[0.3,""70.02""],[0.31,""45""],[0.32,""60""],[0.33,""270""],[0.34,""465""],[0.35,""403.58""],[0.36,""125""],[0.37,""73.11""],[0.38,""65""],[0.39,""275""],[0.4,""97""],[0.41,""81""],[0.42,""75""],[0.43,""120""],[0.44,""225""],[0.45,""190.72""],[0.46,""109.28""],[0.47,""68.1""]]"
2026-05-17T02:15:30.525Z,btc-updown-15m-1778984100,"Bitcoin Up or Down - May 16, 10:15PM-10:30PM ET",btc-updown-15m-1778984100,2026-05-17T02:30:00Z,,0.52,0.53,0.47,0.48,0.525,0.53,441.950514,,44.26,69.85,"[[0.01,""10409.97""],[0.02,""41533.57""],[0.03,""25126.77""],[0.04,""16711.9""],[0.05,""12218.2""],[0.06,""9113.54""],[0.07,""7273.39""],[0.08,""5340.29""],[0.09,""93.58""],[0.1,""68.29""],[0.11,""89.7""],[0.12,""56.74""],[0.13,""74.2""],[0.14,""52.05""],[0.15,""75.17""],[0.16,""58.55""],[0.17,""45.89""],[0.18,""25.56""],[0.19,""45.27""],[0.2,""70""],[0.21,""50""],[0.22,""525""],[0.23,""545""],[0.24,""525""],[0.25,""565""],[0.26,""525""],[0.27,""45""],[0.28,""25""],[0.29,""50""],[0.3,""196.66""],[0.31,""60""],[0.32,""25""],[0.33,""60""],[0.34,""30""],[0.35,""107.86""],[0.36,""30""],[0.37,""66""],[0.38,""30""],[0.39,""65""],[0.4,""257""],[0.41,""460""],[0.42,""335""],[0.43,""75""],[0.44,""145""],[0.45,""205""],[0.46,""30""],[0.47,""120""],[0.48,""205""],[0.49,""285""],[0.5,""361.04""],[0.51,""78.5""],[0.52,""44.26""]]","[[0.01,""10348""],[0.02,""41516.73""],[0.03,""25139.77""],[0.04,""16712.06""],[0.05,""12218.21""],[0.06,""9108.54""],[0.07,""7263.39""],[0.08,""5340.3""],[0.09,""93.47""],[0.1,""68.3""],[0.11,""89.7""],[0.12,""56.74""],[0.13,""74.2""],[0.14,""27.15""],[0.15,""51.67""],[0.16,""36.25""],[0.17,""545.89""],[0.18,""530.56""],[0.19,""545.27""],[0.2,""545.01""],[0.21,""45""],[0.22,""25""],[0.23,""45""],[0.24,""25""],[0.25,""50""],[0.26,""30""],[0.27,""60""],[0.28,""40""],[0.29,""45""],[0.3,""70.02""],[0.31,""45""],[0.32,""60""],[0.33,""270""],[0.34,""465""],[0.35,""403.58""],[0.36,""125""],[0.37,""78.11""],[0.38,""70""],[0.39,""275""],[0.4,""97""],[0.41,""76""],[0.42,""75""],[0.43,""125""],[0.44,""225""],[0.45,""190.72""],[0.46,""109.28""],[0.47,""69.85""]]"
2026-05-17T02:15:34.093Z,btc-updown-15m-1778984100,"Bitcoin Up or Down - May 16, 10:15PM-10:30PM ET",btc-updown-15m-1778984100,2026-05-17T02:30:00Z,,0.52,0.53,0.47,0.48,0.525,0.53,441.950514,,15.0,76.91,"[[0.01,""10409.97""],[0.02,""41533.57""],[0.03,""25206.77""],[0.04,""16711.9""],[0.05,""12218.2""],[0.06,""9113.54""],[0.07,""7273.39""],[0.08,""5340.29""],[0.09,""93.58""],[0.1,""68.29""],[0.11,""89.7""],[0.12,""56.74""],[0.13,""74.2""],[0.14,""52.05""],[0.15,""75.17""],[0.16,""58.55""],[0.17,""67.19""],[0.18,""45.86""],[0.19,""64.77""],[0.2,""88.8""],[0.21,""68.1""],[0.22,""542.5""],[0.23,""561.89""],[0.24,""541.39""],[0.25,""565""],[0.26,""25""],[0.27,""45""],[0.28,""25""],[0.29,""50""],[0.3,""196.66""],[0.31,""60""],[0.32,""25""],[0.33,""60""],[0.34,""25""],[0.35,""107.86""],[0.36,""30""],[0.37,""66""],[0.38,""25""],[0.39,""60""],[0.4,""252""],[0.41,""460""],[0.42,""330""],[0.43,""70""],[0.44,""35""],[0.45,""105""],[0.46,""30""],[0.47,""120""],[0.48,""200""],[0.49,""280""],[0.5,""326.04""],[0.51,""35.63""],[0.52,""15""]]","[[0.01,""10343""],[0.02,""41516.73""],[0.03,""25219.77""],[0.04,""16712.06""],[0.05,""12218.21""],[0.06,""9108.54""],[0.07,""7263.39""],[0.08,""5340.3""],[0.09,""93.47""],[0.1,""68.3""],[0.11,""89.7""],[0.12,""56.74""],[0.13,""74.2""],[0.14,""52.05""],[0.15,""75.17""],[0.16,""58.55""],[0.17,""567.19""],[0.18,""550.86""],[0.19,""545.27""],[0.2,""545.01""],[0.21,""545""],[0.22,""25""],[0.23,""45""],[0.24,""25""],[0.25,""50""],[0.26,""30""],[0.27,""60""],[0.28,""40""],[0.29,""65""],[0.3,""90.02""],[0.31,""85""],[0.32,""60""],[0.33,""270""],[0.34,""465""],[0.35,""403.58""],[0.36,""125""],[0.37,""73.11""],[0.38,""70""],[0.39,""275""],[0.4,""97""],[0.41,""76""],[0.42,""75""],[0.43,""100""],[0.44,""225""],[0.45,""195.72""],[0.46,""114.28""],[0.47,""76.91""]]"
2026-05-17T02:15:36.646Z,btc-updown-15m-1778984100,"Bitcoin Up or Down - May 16, 10:15PM-10:30PM ET",btc-updown-15m-1778984100,2026-05-17T02:30:00Z,,0.49,0.5,0.5,0.51,0.495,0.53,441.950514,,265.0,49.89,"[[0.01,""10409.97""],[0.02,""41583.57""],[0.03,""25206.77""],[0.04,""16711.9""],[0.05,""12218.2""],[0.06,""9113.54""],[0.07,""7273.39""],[0.08,""90.29""],[0.09,""93.58""],[0.1,""68.29""],[0.11,""89.7""],[0.12,""56.74""],[0.13,""74.2""],[0.14,""52.05""],[0.15,""75.17""],[0.16,""58.55""],[0.17,""67.19""],[0.18,""45.86""],[0.19,""64.77""],[0.2,""588.8""],[0.21,""568.1""],[0.22,""542.5""],[0.23,""61.89""],[0.24,""41.39""],[0.25,""81""],[0.26,""40.6""],[0.27,""60.2""],[0.28,""39.9""],[0.29,""79.6""],[0.3,""210.96""],[0.31,""74""],[0.32,""30""],[0.33,""60""],[0.34,""25""],[0.35,""107.86""],[0.36,""36""],[0.37,""60""],[0.38,""25""],[0.39,""60""],[0.4,""52""],[0.41,""465""],[0.42,""430""],[0.43,""170""],[0.44,""75""],[0.45,""65""],[0.46,""25""],[0.47,""115""],[0.48,""200""],[0.49,""265""]]","[[0.01,""10348""],[0.02,""41516.73""],[0.03,""25219.77""],[0.04,""16712.06""],[0.05,""12218.21""],[0.06,""9108.54""],[0.07,""7263.39""],[0.08,""90.3""],[0.09,""93.47""],[0.1,""68.3""],[0.11,""89.7""],[0.12,""56.74""],[0.13,""74.2""],[0.14,""52.05""],[0.15,""75.17""],[0.16,""58.55""],[0.17,""567.19""],[0.18,""550.86""],[0.19,""564.77""],[0.2,""563.81""],[0.21,""563.1""],[0.22,""542.5""],[0.23,""545""],[0.24,""25""],[0.25,""50""],[0.26,""30""],[0.27,""60""],[0.28,""40""],[0.29,""45""],[0.3,""65.02""],[0.31,""65""],[0.32,""45""],[0.33,""50""],[0.34,""445""],[0.35,""383.58""],[0.36,""105""],[0.37,""73.11""],[0.38,""70""],[0.39,""175""],[0.4,""197""],[0.41,""76""],[0.42,""75""],[0.43,""80""],[0.44,""285""],[0.45,""215.72""],[0.46,""102.8""],[0.47,""123.53""],[0.48,""79.85""],[0.49,""90.02""],[0.5,""49.89""]]"
2026-05-17T02:15:37.812Z,btc-updown-15m-1778984100,"Bitcoin Up or Down - May 16, 10:15PM-10:30PM ET",btc-updown-15m-1778984100,2026-05-17T02:30:00Z,,0.49,0.5,0.5,0.51,0.495,0.53,441.950514,,308.04,103.39,"[[0.01,""10409.97""],[0.02,""41583.57""],[0.03,""25206.77""],[0.04,""16711.9""],[0.05,""12218.2""],[0.06,""9113.54""],[0.07,""7273.39""],[0.08,""90.29""],[0.09,""93.58""],[0.1,""68.29""],[0.11,""89.7""],[0.12,""56.74""],[0.13,""74.2""],[0.14,""52.05""],[0.15,""75.17""],[0.16,""58.55""],[0.17,""67.19""],[0.18,""45.86""],[0.19,""64.77""],[0.2,""588.8""],[0.21,""568.1""],[0.22,""542.5""],[0.23,""61.89""],[0.24,""41.39""],[0.25,""81""],[0.26,""40.6""],[0.27,""60.2""],[0.28,""39.9""],[0.29,""79.6""],[0.3,""210.96""],[0.31,""74""],[0.32,""43.8""],[0.33,""73.6""],[0.34,""38.4""],[0.35,""121.06""],[0.36,""36""],[0.37,""60""],[0.38,""25""],[0.39,""60""],[0.4,""57""],[0.41,""465""],[0.42,""530""],[0.43,""70""],[0.44,""75""],[0.45,""65""],[0.46,""25""],[0.47,""120""],[0.48,""200""],[0.49,""308.04""]]","[[0.01,""10348""],[0.02,""41516.73""],[0.03,""25219.77""],[0.04,""16712.06""],[0.05,""12218.21""],[0.06,""9108.54""],[0.07,""7263.39""],[0.08,""90.3""],[0.09,""93.47""],[0.1,""68.3""],[0.11,""89.7""],[0.12,""56.74""],[0.13,""74.2""],[0.14,""52.05""],[0.15,""75.17""],[0.16,""58.55""],[0.17,""67.19""],[0.18,""50.86""],[0.19,""564.77""],[0.2,""563.81""],[0.21,""563.1""],[0.22,""542.5""],[0.23,""545""],[0.24,""25""],[0.25,""50""],[0.26,""30""],[0.27,""60""],[0.28,""25""],[0.29,""45""],[0.3,""65.02""],[0.31,""65""],[0.32,""45""],[0.33,""50""],[0.34,""445""],[0.35,""383.58""],[0.36,""105""],[0.37,""73.11""],[0.38,""65""],[0.39,""175""],[0.4,""197""],[0.41,""76""],[0.42,""75""],[0.43,""80""],[0.44,""285""],[0.45,""215.72""],[0.46,""102.8""],[0.47,""98.53""],[0.48,""84.85""],[0.49,""77""],[0.5,""103.39""]]"
2026-05-17T02:15:39.854Z,btc-updown-15m-1778984100,"Bitcoin Up or Down - May 16, 10:15PM-10:30PM ET",btc-updown-15m-1778984100,2026-05-17T02:30:00Z,,0.49,0.5,0.5,0.51,0.495,0.53,441.950514,,320.19,78.39,"[[0.01,""10404.97""],[0.02,""41533.57""],[0.03,""25206.77""],[0.04,""16711.9""],[0.05,""12218.2""],[0.06,""9113.54""],[0.07,""7273.39""],[0.08,""90.29""],[0.09,""93.58""],[0.1,""68.29""],[0.11,""89.7""],[0.12,""56.74""],[0.13,""74.2""],[0.14,""52.05""],[0.15,""75.17""],[0.16,""58.55""],[0.17,""67.19""],[0.18,""45.86""],[0.19,""64.77""],[0.2,""588.8""],[0.21,""568.1""],[0.22,""542.5""],[0.23,""561.89""],[0.24,""41.39""],[0.25,""81""],[0.26,""40.6""],[0.27,""60.2""],[0.28,""39.9""],[0.29,""79.6""],[0.3,""210.96""],[0.31,""74""],[0.32,""43.8""],[0.33,""73.6""],[0.34,""38.4""],[0.35,""121.06""],[0.36,""49""],[0.37,""72.9""],[0.38,""42.7""],[0.39,""265""],[0.4,""62""],[0.41,""465""],[0.42,""435""],[0.43,""175""],[0.44,""80""],[0.45,""65""],[0.46,""25""],[0.47,""120""],[0.48,""200""],[0.49,""320.19""]]","[[0.01,""10348""],[0.02,""41516.73""],[0.03,""25219.77""],[0.04,""16712.06""],[0.05,""12218.21""],[0.06,""9108.54""],[0.07,""7263.39""],[0.08,""90.3""],[0.09,""93.47""],[0.1,""68.3""],[0.11,""89.7""],[0.12,""56.74""],[0.13,""74.2""],[0.14,""52.05""],[0.15,""75.17""],[0.16,""58.55""],[0.17,""67.19""],[0.18,""50.86""],[0.19,""564.77""],[0.2,""563.81""],[0.21,""563.1""],[0.22,""542.5""],[0.23,""561.89""],[0.24,""41.39""],[0.25,""66""],[0.26,""45.6""],[0.27,""60""],[0.28,""25""],[0.29,""45""],[0.3,""65.02""],[0.31,""65""],[0.32,""45""],[0.33,""250""],[0.34,""445""],[0.35,""383.58""],[0.36,""105""],[0.37,""65""],[0.38,""65""],[0.39,""175""],[0.4,""197""],[0.41,""76""],[0.42,""75""],[0.43,""80""],[0.44,""290""],[0.45,""215.72""],[0.46,""102.8""],[0.47,""73.53""],[0.48,""94.85""],[0.49,""77""],[0.5,""78.39""]]"
2026-05-17T02:15:41.932Z,btc-updown-15m-1778984100,"Bitcoin Up or Down - May 16, 10:15PM-10:30PM ET",btc-updown-15m-1778984100,2026-05-17T02:30:00Z,,0.49,0.5,0.5,0.51,0.495,0.53,441.950514,,317.4,64.39,"[[0.01,""10409.97""],[0.02,""41533.57""],[0.03,""25206.77""],[0.04,""16711.9""],[0.05,""12218.2""],[0.06,""9113.54""],[0.07,""415.39""],[0.08,""90.29""],[0.09,""93.58""],[0.1,""68.29""],[0.11,""89.7""],[0.12,""56.74""],[0.13,""74.2""],[0.14,""52.05""],[0.15,""75.17""],[0.16,""58.55""],[0.17,""67.19""],[0.18,""45.86""],[0.19,""64.77""],[0.2,""588.8""],[0.21,""568.1""],[0.22,""542.5""],[0.23,""561.89""],[0.24,""41.39""],[0.25,""81""],[0.26,""40.6""],[0.27,""60.2""],[0.28,""39.9""],[0.29,""79.6""],[0.3,""210.96""],[0.31,""74""],[0.32,""43.8""],[0.33,""73.6""],[0.34,""38.4""],[0.35,""121.06""],[0.36,""49""],[0.37,""72.9""],[0.38,""42.7""],[0.39,""277.6""],[0.4,""74.5""],[0.41,""465""],[0.42,""435""],[0.43,""175""],[0.44,""80""],[0.45,""65""],[0.46,""25""],[0.47,""120""],[0.48,""200""],[0.49,""317.4""]]","[[0.01,""10343""],[0.02,""41516.73""],[0.03,""25219.77""],[0.04,""16712.06""],[0.05,""12218.21""],[0.06,""9108.54""],[0.07,""405.39""],[0.08,""90.3""],[0.09,""93.47""],[0.1,""68.3""],[0.11,""89.7""],[0.12,""56.74""],[0.13,""74.2""],[0.14,""52.05""],[0.15,""75.17""],[0.16,""58.55""],[0.17,""67.19""],[0.18,""50.86""],[0.19,""564.77""],[0.2,""563.81""],[0.21,""563.1""],[0.22,""542.5""],[0.23,""561.89""],[0.24,""41.39""],[0.25,""66""],[0.26,""45.6""],[0.27,""75.2""],[0.28,""39.9""],[0.29,""59.6""],[0.3,""79.32""],[0.31,""79""],[0.32,""78.8""],[0.33,""263.6""],[0.34,""485""],[0.35,""403.58""],[0.36,""105""],[0.37,""65""],[0.38,""65""],[0.39,""175""],[0.4,""197""],[0.41,""76""],[0.42,""75""],[0.43,""80""],[0.44,""290""],[0.45,""215.72""],[0.46,""97.8""],[0.47,""42.8""],[0.48,""124.82""],[0.49,""77""],[0.5,""64.39""]]"
2026-05-17T02:15:43.887Z,btc-updown-15m-1778984100,"Bitcoin Up or Down - May 16, 10:15PM-10:30PM ET",btc-updown-15m-1778984100,2026-05-17T02:30:00Z,,0.49,0.5,0.5,0.51,0.495,0.53,441.950514,,268.28,46.27,"[[0.01,""10409.97""],[0.02,""41533.57""],[0.03,""25206.77""],[0.04,""16711.9""],[0.05,""12218.2""],[0.06,""9113.54""],[0.07,""415.39""],[0.08,""90.29""],[0.09,""93.58""],[0.1,""68.29""],[0.11,""89.7""],[0.12,""56.74""],[0.13,""74.2""],[0.14,""52.05""],[0.15,""75.17""],[0.16,""58.55""],[0.17,""67.19""],[0.18,""45.86""],[0.19,""564.77""],[0.2,""588.8""],[0.21,""568.1""],[0.22,""42.5""],[0.23,""61.89""],[0.24,""41.39""],[0.25,""81""],[0.26,""40.6""],[0.27,""60.2""],[0.28,""39.9""],[0.29,""79.6""],[0.3,""210.96""],[0.31,""74""],[0.32,""43.8""],[0.33,""73.6""],[0.34,""38.4""],[0.35,""121.06""],[0.36,""49""],[0.37,""72.9""],[0.38,""42.7""],[0.39,""277.6""],[0.4,""74.5""],[0.41,""477.4""],[0.42,""447.3""],[0.43,""175""],[0.44,""80""],[0.45,""65""],[0.46,""65""],[0.47,""120""],[0.48,""200""],[0.49,""268.28""]]","[[0.01,""10348""],[0.02,""41516.73""],[0.03,""25219.77""],[0.04,""16712.06""],[0.05,""12218.21""],[0.06,""9108.54""],[0.07,""405.39""],[0.08,""90.3""],[0.09,""93.47""],[0.1,""68.3""],[0.11,""89.7""],[0.12,""56.74""],[0.13,""74.2""],[0.14,""52.05""],[0.15,""75.17""],[0.16,""58.55""],[0.17,""67.19""],[0.18,""50.86""],[0.19,""564.77""],[0.2,""563.81""],[0.21,""563.1""],[0.22,""542.5""],[0.23,""561.89""],[0.24,""541.39""],[0.25,""66""],[0.26,""45.6""],[0.27,""75.2""],[0.28,""39.9""],[0.29,""59.6""],[0.3,""79.32""],[0.31,""59""],[0.32,""58.8""],[0.33,""283.6""],[0.34,""478.4""],[0.35,""416.78""],[0.36,""138""],[0.37,""77.9""],[0.38,""77.7""],[0.39,""187.6""],[0.4,""197""],[0.41,""76""],[0.42,""75""],[0.43,""80""],[0.44,""290""],[0.45,""215.72""],[0.46,""117.8""],[0.47,""62.8""],[0.48,""139.31""],[0.49,""79""],[0.5,""46.27""]]"
2026-05-17T02:15:46.684Z,btc-updown-15m-1778984100,"Bitcoin Up or Down - May 16, 10:15PM-10:30PM ET",btc-updown-15m-1778984100,2026-05-17T02:30:00Z,,0.49,0.5,0.5,0.51,0.495,0.53,441.950514,,285.79,151.27,"[[0.01,""10414.97""],[0.02,""41538.57""],[0.03,""25211.77""],[0.04,""16716.9""],[0.05,""12223.2""],[0.06,""118.54""],[0.07,""415.39""],[0.08,""90.29""],[0.09,""93.58""],[0.1,""68.29""],[0.11,""89.7""],[0.12,""56.74""],[0.13,""74.2""],[0.14,""52.05""],[0.15,""75.17""],[0.16,""58.55""],[0.17,""67.19""],[0.18,""45.86""],[0.19,""564.77""],[0.2,""588.8""],[0.21,""568.1""],[0.22,""42.5""],[0.23,""61.89""],[0.24,""41.39""],[0.25,""81""],[0.26,""40.6""],[0.27,""60.2""],[0.28,""39.9""],[0.29,""79.6""],[0.3,""210.96""],[0.31,""74""],[0.32,""43.8""],[0.33,""73.6""],[0.34,""38.4""],[0.35,""121.06""],[0.36,""49""],[0.37,""72.9""],[0.38,""42.7""],[0.39,""277.6""],[0.4,""74.5""],[0.41,""477.4""],[0.42,""452.3""],[0.43,""187.2""],[0.44,""80""],[0.45,""65""],[0.46,""65""],[0.47,""120""],[0.48,""200""],[0.49,""285.79""]]","[[0.01,""10348""],[0.02,""41516.73""],[0.03,""25219.77""],[0.04,""16712.06""],[0.05,""12218.21""],[0.06,""108.54""],[0.07,""405.39""],[0.08,""90.3""],[0.09,""93.47""],[0.1,""68.3""],[0.11,""89.7""],[0.12,""56.74""],[0.13,""74.2""],[0.14,""52.05""],[0.15,""75.17""],[0.16,""58.55""],[0.17,""67.19""],[0.18,""50.86""],[0.19,""564.77""],[0.2,""563.81""],[0.21,""563.1""],[0.22,""542.5""],[0.23,""561.89""],[0.24,""541.39""],[0.25,""66""],[0.26,""45.6""],[0.27,""75.2""],[0.28,""39.9""],[0.29,""59.6""],[0.3,""229.32""],[0.31,""59""],[0.32,""58.8""],[0.33,""263.6""],[0.34,""458.4""],[0.35,""396.78""],[0.36,""138""],[0.37,""77.9""],[0.38,""77.7""],[0.39,""187.6""],[0.4,""209.5""],[0.41,""88.4""],[0.42,""75""],[0.43,""80""],[0.44,""290""],[0.45,""220.72""],[0.46,""117.8""],[0.47,""74.8""],[0.48,""139.31""],[0.49,""111.8""],[0.5,""151.27""]]"
2026-05-17T02:15:49.155Z,btc-updown-15m-1778984100,"Bitcoin Up or Down - May 16, 10:15PM-10:30PM ET",btc-updown-15m-1778984100,2026-05-17T02:30:00Z,,0.49,0.5,0.5,0.51,0.495,0.53,441.950514,,263.82,141.27,"[[0.01,""10414.97""],[0.02,""41538.57""],[0.03,""25211.77""],[0.04,""16716.9""],[0.05,""12223.2""],[0.06,""118.54""],[0.07,""415.39""],[0.08,""90.29""],[0.09,""93.58""],[0.1,""68.29""],[0.11,""89.7""],[0.12,""56.74""],[0.13,""74.2""],[0.14,""52.05""],[0.15,""75.17""],[0.16,""58.55""],[0.17,""67.19""],[0.18,""45.86""],[0.19,""564.77""],[0.2,""588.8""],[0.21,""568.1""],[0.22,""42.5""],[0.23,""61.89""],[0.24,""41.39""],[0.25,""81""],[0.26,""40.6""],[0.27,""60.2""],[0.28,""39.9""],[0.29,""79.6""],[0.3,""227.62""],[0.31,""74""],[0.32,""43.8""],[0.33,""73.6""],[0.34,""38.4""],[0.35,""121.06""],[0.36,""49""],[0.37,""72.9""],[0.38,""42.7""],[0.39,""277.6""],[0.4,""69.5""],[0.41,""477.4""],[0.42,""452.3""],[0.43,""187.2""],[0.44,""80""],[0.45,""65""],[0.46,""70""],[0.47,""120""],[0.48,""200""],[0.49,""263.82""]]","[[0.01,""10343""],[0.02,""41521.73""],[0.03,""25224.77""],[0.04,""16717.06""],[0.05,""12218.21""],[0.06,""108.54""],[0.07,""405.39""],[0.08,""90.3""],[0.09,""93.47""],[0.1,""68.3""],[0.11,""89.7""],[0.12,""56.74""],[0.13,""74.2""],[0.14,""52.05""],[0.15,""75.17""],[0.16,""58.55""],[0.17,""67.19""],[0.18,""50.86""],[0.19,""564.77""],[0.2,""563.81""],[0.21,""563.1""],[0.22,""542.5""],[0.23,""561.89""],[0.24,""541.39""],[0.25,""66""],[0.26,""45.6""],[0.27,""75.2""],[0.28,""39.9""],[0.29,""59.6""],[0.3,""229.32""],[0.31,""59""],[0.32,""58.8""],[0.33,""263.6""],[0.34,""458.4""],[0.35,""396.78""],[0.36,""138""],[0.37,""77.9""],[0.38,""72.7""],[0.39,""187.6""],[0.4,""209.5""],[0.41,""88.4""],[0.42,""75""],[0.43,""80""],[0.44,""290""],[0.45,""220.72""],[0.46,""117.8""],[0.47,""74.8""],[0.48,""139.31""],[0.49,""111.8""],[0.5,""141.27""]]"
2026-05-17T02:15:50.479Z,btc-updown-15m-1778984100,"Bitcoin Up or Down - May 16, 10:15PM-10:30PM ET",btc-updown-15m-1778984100,2026-05-17T02:30:00Z,,0.49,0.5,0.5,0.51,0.495,0.53,441.950514,,171.52,156.27,"[[0.01,""10414.97""],[0.02,""41538.57""],[0.03,""25211.77""],[0.04,""16716.9""],[0.05,""12223.2""],[0.06,""118.54""],[0.07,""415.39""],[0.08,""90.29""],[0.09,""93.58""],[0.1,""68.29""],[0.11,""89.7""],[0.12,""56.74""],[0.13,""74.2""],[0.14,""52.05""],[0.15,""75.17""],[0.16,""58.55""],[0.17,""67.19""],[0.18,""545.86""],[0.19,""64.77""],[0.2,""88.8""],[0.21,""68.1""],[0.22,""42.5""],[0.23,""61.89""],[0.24,""41.39""],[0.25,""81""],[0.26,""40.6""],[0.27,""60.2""],[0.28,""39.9""],[0.29,""79.6""],[0.3,""227.62""],[0.31,""74""],[0.32,""43.8""],[0.33,""73.6""],[0.34,""38.4""],[0.35,""121.06""],[0.36,""49""],[0.37,""72.9""],[0.38,""37.7""],[0.39,""272.6""],[0.4,""57""],[0.41,""65""],[0.42,""340""],[0.43,""70""],[0.44,""55""],[0.45,""45""],[0.47,""35""],[0.48,""110""],[0.49,""171.52""]]","[[0.01,""10343""],[0.02,""41521.73""],[0.03,""25224.77""],[0.04,""16717.06""],[0.05,""12223.21""],[0.06,""113.54""],[0.07,""405.39""],[0.08,""90.3""],[0.09,""93.47""],[0.1,""68.3""],[0.11,""89.7""],[0.12,""56.74""],[0.13,""74.2""],[0.14,""52.05""],[0.15,""75.17""],[0.16,""58.55""],[0.17,""67.19""],[0.18,""50.86""],[0.19,""64.77""],[0.2,""563.81""],[0.21,""563.1""],[0.22,""542.5""],[0.23,""561.89""],[0.24,""541.39""],[0.25,""66""],[0.26,""45.6""],[0.27,""60.2""],[0.28,""39.9""],[0.29,""59.6""],[0.3,""245.98""],[0.31,""59""],[0.32,""53.8""],[0.33,""263.6""],[0.34,""58.4""],[0.35,""396.78""],[0.36,""138""],[0.37,""77.9""],[0.38,""77.7""],[0.39,""82.6""],[0.4,""104.5""],[0.41,""88.4""],[0.42,""75""],[0.43,""80""],[0.44,""150""],[0.45,""80.72""],[0.46,""77.8""],[0.47,""82.8""],[0.48,""139.31""],[0.49,""96.8""],[0.5,""156.27""]]"
2026-05-17T02:15:52.421Z,btc-updown-15m-1778984100,"Bitcoin Up or Down - May 16, 10:15PM-10:30PM ET",btc-updown-15m-1778984100,2026-05-17T02:30:00Z,,0.47,0.48,0.52,0.53,0.475,0.53,441.950514,,22.51,62.0,"[[0.01,""10414.97""],[0.02,""41538.57""],[0.03,""25211.77""],[0.04,""16716.9""],[0.05,""223.2""],[0.06,""118.54""],[0.07,""415.39""],[0.08,""90.29""],[0.09,""93.58""],[0.1,""68.29""],[0.11,""89.7""],[0.12,""56.74""],[0.13,""74.2""],[0.14,""52.05""],[0.15,""75.17""],[0.16,""58.55""],[0.17,""67.19""],[0.18,""545.86""],[0.19,""64.77""],[0.2,""88.8""],[0.21,""68.1""],[0.22,""42.5""],[0.23,""61.89""],[0.24,""41.39""],[0.25,""81""],[0.26,""40.6""],[0.27,""75.2""],[0.28,""39.9""],[0.29,""79.6""],[0.3,""227.62""],[0.31,""74""],[0.32,""38.8""],[0.33,""73.6""],[0.34,""44.4""],[0.35,""126.06""],[0.36,""43""],[0.37,""77.9""],[0.38,""42.7""],[0.39,""65""],[0.4,""162""],[0.41,""165""],[0.42,""35""],[0.43,""175""],[0.44,""70""],[0.45,""90""],[0.46,""32""],[0.47,""22.51""]]","[[0.01,""10358""],[0.02,""41571.73""],[0.03,""25224.77""],[0.04,""16717.06""],[0.05,""223.21""],[0.06,""113.54""],[0.07,""405.39""],[0.08,""90.3""],[0.09,""93.47""],[0.1,""68.3""],[0.11,""89.7""],[0.12,""56.74""],[0.13,""74.2""],[0.14,""52.05""],[0.15,""75.17""],[0.16,""58.55""],[0.17,""67.19""],[0.18,""50.86""],[0.19,""64.77""],[0.2,""563.81""],[0.21,""563.1""],[0.22,""542.5""],[0.23,""561.89""],[0.24,""541.39""],[0.25,""566""],[0.26,""45.6""],[0.27,""60.2""],[0.28,""39.9""],[0.29,""59.6""],[0.3,""224.98""],[0.31,""74""],[0.32,""59.8""],[0.33,""58.6""],[0.34,""53.4""],[0.35,""111.78""],[0.36,""133""],[0.37,""77.9""],[0.38,""72.7""],[0.39,""82.6""],[0.4,""99.5""],[0.41,""88.4""],[0.42,""277.3""],[0.43,""92.2""],[0.44,""122.2""],[0.45,""132.82""],[0.46,""77.1""],[0.47,""134.8""],[0.48,""141.85""],[0.49,""149.8""],[0.5,""202.77""],[0.51,""96.51""],[0.52,""62""]]"
2026-05-17T02:15:55.301Z,btc-updown-15m-1778984100,"Bitcoin Up or Down - May 16, 10:15PM-10:30PM ET",btc-updown-15m-1778984100,2026-05-17T02:30:00Z,,0.46,0.47,0.53,0.54,0.46499999999999997,0.53,441.950514,,164.8,10.0,"[[0.01,""10419.97""],[0.02,""41538.57""],[0.03,""25211.77""],[0.04,""16716.9""],[0.05,""223.2""],[0.06,""118.54""],[0.07,""415.39""],[0.08,""90.29""],[0.09,""93.58""],[0.1,""68.29""],[0.11,""89.7""],[0.12,""56.74""],[0.13,""74.2""],[0.14,""52.05""],[0.15,""75.17""],[0.16,""58.55""],[0.17,""567.19""],[0.18,""545.86""],[0.19,""564.77""],[0.2,""88.8""],[0.21,""68.1""],[0.22,""42.5""],[0.23,""61.89""],[0.24,""46.39""],[0.25,""96""],[0.26,""40.6""],[0.27,""75.2""],[0.28,""39.9""],[0.29,""79.6""],[0.3,""227.62""],[0.31,""74""],[0.32,""43.8""],[0.33,""73.6""],[0.34,""44.4""],[0.35,""121.06""],[0.36,""38""],[0.37,""272.9""],[0.38,""37.7""],[0.39,""60""],[0.4,""457""],[0.41,""160""],[0.42,""30""],[0.43,""170""],[0.44,""75""],[0.45,""190""],[0.46,""164.8""]]","[[0.01,""10363""],[0.02,""41571.73""],[0.03,""25224.77""],[0.04,""16717.06""],[0.05,""223.21""],[0.06,""113.54""],[0.07,""405.39""],[0.08,""90.3""],[0.09,""93.47""],[0.1,""68.3""],[0.11,""89.7""],[0.12,""56.74""],[0.13,""74.2""],[0.14,""52.05""],[0.15,""75.17""],[0.16,""58.55""],[0.17,""67.19""],[0.18,""50.86""],[0.19,""64.77""],[0.2,""63.81""],[0.21,""563.1""],[0.22,""542.5""],[0.23,""561.89""],[0.24,""541.39""],[0.25,""566""],[0.26,""40.6""],[0.27,""60.2""],[0.28,""39.9""],[0.29,""59.6""],[0.3,""224.98""],[0.31,""79""],[0.32,""59.8""],[0.33,""58.6""],[0.34,""73.4""],[0.35,""296.78""],[0.36,""513""],[0.37,""62.9""],[0.38,""352.7""],[0.39,""62.6""],[0.4,""99.5""],[0.41,""88.4""],[0.42,""272.3""],[0.43,""87.2""],[0.44,""117.2""],[0.45,""127.82""],[0.46,""172.1""],[0.47,""205""],[0.48,""224.85""],[0.49,""172.8""],[0.5,""217.8""],[0.51,""110.26""],[0.52,""100.91""],[0.53,""10""]]"
2026-05-17T02:15:57.879Z,btc-updown-15m-1778984100,"Bitcoin Up or Down - May 16, 10:15PM-10:30PM ET",btc-updown-15m-1778984100,2026-05-17T02:30:00Z,,0.46,0.47,0.53,0.54,0.46499999999999997,0.53,441.950514,,138.83,15.0,"[[0.01,""10419.97""],[0.02,""41538.57""],[0.03,""25211.77""],[0.04,""16716.9""],[0.05,""223.2""],[0.06,""118.54""],[0.07,""415.39""],[0.08,""90.29""],[0.09,""93.58""],[0.1,""68.29""],[0.11,""89.7""],[0.12,""56.74""],[0.13,""74.2""],[0.14,""52.05""],[0.15,""75.17""],[0.16,""58.55""],[0.17,""567.19""],[0.18,""545.86""],[0.19,""564.77""],[0.2,""88.8""],[0.21,""68.1""],[0.22,""42.5""],[0.23,""61.89""],[0.24,""46.39""],[0.25,""96""],[0.26,""40.6""],[0.27,""75.2""],[0.28,""39.9""],[0.29,""79.6""],[0.3,""227.62""],[0.31,""74""],[0.32,""43.8""],[0.33,""73.6""],[0.34,""49.4""],[0.35,""126.06""],[0.36,""43""],[0.37,""277.9""],[0.38,""442.7""],[0.39,""65""],[0.4,""457""],[0.41,""160""],[0.42,""30""],[0.43,""170""],[0.44,""80""],[0.45,""197""],[0.46,""138.83""]]","[[0.01,""10358""],[0.02,""41521.73""],[0.03,""25224.77""],[0.04,""16717.06""],[0.05,""223.21""],[0.06,""113.54""],[0.07,""405.39""],[0.08,""90.3""],[0.09,""93.47""],[0.1,""68.3""],[0.11,""89.7""],[0.12,""56.74""],[0.13,""74.2""],[0.14,""52.05""],[0.15,""75.17""],[0.16,""58.55""],[0.17,""67.19""],[0.18,""50.86""],[0.19,""64.77""],[0.2,""63.81""],[0.21,""563.1""],[0.22,""542.5""],[0.23,""561.89""],[0.24,""541.39""],[0.25,""566""],[0.26,""40.6""],[0.27,""60.2""],[0.28,""39.9""],[0.29,""59.6""],[0.3,""224.98""],[0.31,""79""],[0.32,""44.8""],[0.33,""58.6""],[0.34,""73.4""],[0.35,""296.78""],[0.36,""513""],[0.37,""62.9""],[0.38,""352.7""],[0.39,""62.6""],[0.4,""99.5""],[0.41,""88.4""],[0.42,""277.3""],[0.43,""87.2""],[0.44,""122.2""],[0.45,""127.82""],[0.46,""72.1""],[0.47,""205""],[0.48,""224.85""],[0.49,""172.8""],[0.5,""192.8""],[0.51,""111.26""],[0.52,""113.71""],[0.53,""15""]]"
2026-05-17T02:15:59.098Z,btc-updown-15m-1778984100,"Bitcoin Up or Down - May 16, 10:15PM-10:30PM ET",btc-updown-15m-1778984100,2026-05-17T02:30:00Z,,0.45,0.47,0.53,0.55,0.45999999999999996,0.53,441.950514,,197.0,41.88,"[[0.01,""10414.97""],[0.02,""41538.57""],[0.03,""25211.77""],[0.04,""16716.9""],[0.05,""223.2""],[0.06,""118.54""],[0.07,""415.39""],[0.08,""90.29""],[0.09,""93.58""],[0.1,""68.29""],[0.11,""89.7""],[0.12,""56.74""],[0.13,""74.2""],[0.14,""52.05""],[0.15,""75.17""],[0.16,""58.55""],[0.17,""567.19""],[0.18,""545.86""],[0.19,""64.77""],[0.2,""88.8""],[0.21,""68.1""],[0.22,""42.5""],[0.23,""61.89""],[0.24,""46.39""],[0.25,""96""],[0.26,""40.6""],[0.27,""75.2""],[0.28,""39.9""],[0.29,""79.6""],[0.3,""227.62""],[0.31,""74""],[0.32,""43.8""],[0.33,""73.6""],[0.34,""49.4""],[0.35,""126.06""],[0.36,""43""],[0.37,""277.9""],[0.38,""442.7""],[0.39,""65""],[0.4,""457""],[0.41,""160""],[0.42,""30""],[0.43,""170""],[0.44,""170""],[0.45,""197""]]","[[0.01,""10353""],[0.02,""41521.73""],[0.03,""25224.77""],[0.04,""16717.06""],[0.05,""223.21""],[0.06,""113.54""],[0.07,""405.39""],[0.08,""90.3""],[0.09,""93.47""],[0.1,""68.3""],[0.11,""89.7""],[0.12,""56.74""],[0.13,""74.2""],[0.14,""52.05""],[0.15,""75.17""],[0.16,""58.55""],[0.17,""67.19""],[0.18,""50.86""],[0.19,""64.77""],[0.2,""63.81""],[0.21,""563.1""],[0.22,""542.5""],[0.23,""561.89""],[0.24,""541.39""],[0.25,""566""],[0.26,""40.6""],[0.27,""60.2""],[0.28,""39.9""],[0.29,""59.6""],[0.3,""224.98""],[0.31,""79""],[0.32,""44.8""],[0.33,""58.6""],[0.34,""53.4""],[0.35,""296.78""],[0.36,""513""],[0.37,""82.9""],[0.38,""372.7""],[0.39,""82.6""],[0.4,""99.5""],[0.41,""88.4""],[0.42,""277.3""],[0.43,""87.2""],[0.44,""117.2""],[0.45,""127.82""],[0.46,""72.1""],[0.47,""105""],[0.48,""184.85""],[0.49,""272.8""],[0.5,""192.8""],[0.51,""111.26""],[0.52,""100.29""],[0.53,""41.88""]]"
2026-05-17T02:16:01.108Z,btc-updown-15m-1778984100,"Bitcoin Up or Down - May 16, 10:15PM-10:30PM ET",btc-updown-15m-1778984100,2026-05-17T02:30:00Z,,0.45,0.46,0.54,0.55,0.455,0.53,441.950514,,59.03,75.28,"[[0.01,""10643.68""],[0.02,""41538.57""],[0.03,""25211.77""],[0.04,""216.9""],[0.05,""223.2""],[0.06,""118.54""],[0.07,""415.39""],[0.08,""90.29""],[0.09,""93.58""],[0.1,""68.29""],[0.11,""89.7""],[0.12,""56.74""],[0.13,""74.2""],[0.14,""52.05""],[0.15,""80.17""],[0.16,""558.55""],[0.17,""67.19""],[0.18,""45.86""],[0.19,""64.77""],[0.2,""88.8""],[0.21,""63.1""],[0.22,""42.5""],[0.23,""61.89""],[0.24,""46.39""],[0.25,""96""],[0.26,""40.6""],[0.27,""75.2""],[0.28,""39.9""],[0.29,""74.6""],[0.3,""232.62""],[0.31,""74""],[0.32,""43.8""],[0.33,""73.6""],[0.34,""44.4""],[0.35,""121.06""],[0.36,""38""],[0.37,""277.9""],[0.38,""425""],[0.39,""160""],[0.4,""452""],[0.41,""75""],[0.42,""165""],[0.43,""177""],[0.44,""65""],[0.45,""59.03""]]","[[0.01,""10353""],[0.02,""41521.73""],[0.03,""25224.77""],[0.04,""217.06""],[0.05,""223.21""],[0.06,""113.54""],[0.07,""405.39""],[0.08,""90.3""],[0.09,""93.47""],[0.1,""68.3""],[0.11,""89.7""],[0.12,""56.74""],[0.13,""74.2""],[0.14,""52.05""],[0.15,""75.17""],[0.16,""58.55""],[0.17,""67.19""],[0.18,""45.86""],[0.19,""64.77""],[0.2,""63.81""],[0.21,""563.1""],[0.22,""542.5""],[0.23,""561.89""],[0.24,""546.39""],[0.25,""566""],[0.26,""40.6""],[0.27,""560.2""],[0.28,""39.9""],[0.29,""59.6""],[0.3,""224.98""],[0.31,""79""],[0.32,""44.8""],[0.33,""58.6""],[0.34,""53.4""],[0.35,""296.78""],[0.36,""533""],[0.37,""82.9""],[0.38,""372.7""],[0.39,""82.6""],[0.4,""99.5""],[0.41,""88.4""],[0.42,""277.3""],[0.43,""82.2""],[0.44,""117.2""],[0.45,""127.82""],[0.46,""77.1""],[0.47,""77""],[0.48,""72.05""],[0.49,""217.8""],[0.5,""292.8""],[0.51,""232.77""],[0.52,""57.8""],[0.53,""108.03""],[0.54,""75.28""]]"
2026-05-17T02:16:03.188Z,btc-updown-15m-1778984100,"Bitcoin Up or Down - May 16, 10:15PM-10:30PM ET",btc-updown-15m-1778984100,2026-05-17T02:30:00Z,,0.45,0.46,0.54,0.55,0.455,0.53,441.950514,,60.69,67.3,"[[0.01,""10643.68""],[0.02,""41538.57""],[0.03,""25211.77""],[0.04,""216.9""],[0.05,""223.2""],[0.06,""118.54""],[0.07,""415.39""],[0.08,""90.29""],[0.09,""93.58""],[0.1,""68.29""],[0.11,""89.7""],[0.12,""56.74""],[0.13,""74.2""],[0.14,""552.05""],[0.15,""580.17""],[0.16,""558.55""],[0.17,""67.19""],[0.18,""45.86""],[0.19,""64.77""],[0.2,""88.8""],[0.21,""63.1""],[0.22,""42.5""],[0.23,""61.89""],[0.24,""46.39""],[0.25,""96""],[0.26,""40.6""],[0.27,""75.2""],[0.28,""39.9""],[0.29,""74.6""],[0.3,""232.62""],[0.31,""74""],[0.32,""43.8""],[0.33,""73.6""],[0.34,""49.4""],[0.35,""121.06""],[0.36,""38""],[0.37,""277.9""],[0.38,""425""],[0.39,""160""],[0.4,""452""],[0.41,""75""],[0.42,""170""],[0.43,""262""],[0.44,""95""],[0.45,""60.69""]]","[[0.01,""10358""],[0.02,""41521.73""],[0.03,""25224.77""],[0.04,""217.06""],[0.05,""223.21""],[0.06,""113.54""],[0.07,""405.39""],[0.08,""90.3""],[0.09,""93.47""],[0.1,""68.3""],[0.11,""89.7""],[0.12,""56.74""],[0.13,""74.2""],[0.14,""52.05""],[0.15,""75.17""],[0.16,""58.55""],[0.17,""67.19""],[0.18,""45.86""],[0.19,""64.77""],[0.2,""63.81""],[0.21,""63.1""],[0.22,""42.5""],[0.23,""61.89""],[0.24,""546.39""],[0.25,""566""],[0.26,""540.6""],[0.27,""560.2""],[0.28,""539.9""],[0.29,""59.6""],[0.3,""224.98""],[0.31,""79""],[0.32,""44.8""],[0.33,""58.6""],[0.34,""53.4""],[0.35,""296.78""],[0.36,""533""],[0.37,""82.9""],[0.38,""372.7""],[0.39,""82.6""],[0.4,""99.5""],[0.41,""88.4""],[0.42,""277.3""],[0.43,""82.2""],[0.44,""117.2""],[0.45,""127.82""],[0.46,""77.1""],[0.47,""77""],[0.48,""97.05""],[0.49,""242.8""],[0.5,""287.8""],[0.51,""232.77""],[0.52,""62.8""],[0.53,""108.03""],[0.54,""67.3""]]"
2026-05-17T02:16:06.745Z,btc-updown-15m-1778984100,"Bitcoin Up or Down - May 16, 10:15PM-10:30PM ET",btc-updown-15m-1778984100,2026-05-17T02:30:00Z,,0.45,0.46,0.54,0.55,0.455,0.53,441.950514,,80.23,77.3,"[[0.01,""10643.68""],[0.02,""41538.57""],[0.03,""25211.77""],[0.04,""216.9""],[0.05,""223.2""],[0.06,""118.54""],[0.07,""415.39""],[0.08,""90.29""],[0.09,""93.58""],[0.1,""68.29""],[0.11,""89.7""],[0.12,""56.74""],[0.13,""74.2""],[0.14,""552.05""],[0.15,""580.17""],[0.16,""558.55""],[0.17,""67.19""],[0.18,""45.86""],[0.19,""64.77""],[0.2,""88.8""],[0.21,""63.1""],[0.22,""42.5""],[0.23,""61.89""],[0.24,""46.39""],[0.25,""96""],[0.26,""40.6""],[0.27,""75.2""],[0.28,""39.9""],[0.29,""74.6""],[0.3,""232.62""],[0.31,""74""],[0.32,""43.8""],[0.33,""73.6""],[0.34,""43.4""],[0.35,""126.06""],[0.36,""43""],[0.37,""87.9""],[0.38,""30""],[0.39,""165""],[0.4,""152""],[0.41,""75""],[0.42,""170""],[0.43,""262""],[0.44,""95""],[0.45,""80.23""]]","[[0.01,""10353""],[0.02,""41521.73""],[0.03,""25224.77""],[0.04,""217.06""],[0.05,""223.21""],[0.06,""113.54""],[0.07,""405.39""],[0.08,""90.3""],[0.09,""93.47""],[0.1,""68.3""],[0.11,""89.7""],[0.12,""56.74""],[0.13,""74.2""],[0.14,""52.05""],[0.15,""75.17""],[0.16,""58.55""],[0.17,""67.19""],[0.18,""45.86""],[0.19,""64.77""],[0.2,""63.81""],[0.21,""63.1""],[0.22,""42.5""],[0.23,""61.89""],[0.24,""546.39""],[0.25,""566""],[0.26,""540.6""],[0.27,""560.2""],[0.28,""39.9""],[0.29,""59.6""],[0.3,""224.98""],[0.31,""79""],[0.32,""38.8""],[0.33,""58.6""],[0.34,""58.4""],[0.35,""91.78""],[0.36,""113""],[0.37,""62.9""],[0.38,""52.7""],[0.39,""62.6""],[0.4,""99.5""],[0.41,""88.4""],[0.42,""277.3""],[0.43,""82.2""],[0.44,""117.2""],[0.45,""127.82""],[0.46,""77.1""],[0.47,""77""],[0.48,""147.05""],[0.49,""202.8""],[0.5,""327.8""],[0.51,""212.77""],[0.52,""82.8""],[0.53,""119.03""],[0.54,""77.3""]]"
2026-05-17T02:16:08.957Z,btc-updown-15m-1778984100,"Bitcoin Up or Down - May 16, 10:15PM-10:30PM ET",btc-updown-15m-1778984100,2026-05-17T02:30:00Z,,0.45,0.46,0.54,0.55,0.455,0.53,441.950514,,75.23,54.81,"[[0.01,""10842.22""],[0.02,""41636.66""],[0.03,""25211.77""],[0.04,""216.9""],[0.05,""223.2""],[0.06,""118.54""],[0.07,""415.39""],[0.08,""90.29""],[0.09,""93.58""],[0.1,""68.29""],[0.11,""89.7""],[0.12,""56.74""],[0.13,""74.2""],[0.14,""552.05""],[0.15,""580.17""],[0.16,""558.55""],[0.17,""67.19""],[0.18,""45.86""],[0.19,""64.77""],[0.2,""88.8""],[0.21,""63.1""],[0.22,""42.5""],[0.23,""61.89""],[0.24,""46.39""],[0.25,""96""],[0.26,""40.6""],[0.27,""75.2""],[0.28,""39.9""],[0.29,""74.6""],[0.3,""215.96""],[0.31,""74""],[0.32,""43.8""],[0.33,""78.6""],[0.34,""48.4""],[0.35,""137.06""],[0.36,""48""],[0.37,""87.9""],[0.38,""35""],[0.39,""170""],[0.4,""157""],[0.41,""375""],[0.42,""175""],[0.43,""262""],[0.44,""95""],[0.45,""75.23""]]","[[0.01,""10358""],[0.02,""41521.73""],[0.03,""25224.77""],[0.04,""217.06""],[0.05,""223.21""],[0.06,""113.54""],[0.07,""405.39""],[0.08,""90.3""],[0.09,""93.47""],[0.1,""68.3""],[0.11,""89.7""],[0.12,""56.74""],[0.13,""74.2""],[0.14,""52.05""],[0.15,""75.17""],[0.16,""58.55""],[0.17,""67.19""],[0.18,""45.86""],[0.19,""64.77""],[0.2,""63.81""],[0.21,""63.1""],[0.22,""42.5""],[0.23,""61.89""],[0.24,""546.39""],[0.25,""566""],[0.26,""540.6""],[0.27,""560.2""],[0.28,""39.9""],[0.29,""59.6""],[0.3,""208.32""],[0.31,""85""],[0.32,""38.8""],[0.33,""58.6""],[0.34,""58.4""],[0.35,""91.78""],[0.36,""413""],[0.37,""62.9""],[0.38,""52.7""],[0.39,""82.6""],[0.4,""99.5""],[0.41,""88.4""],[0.42,""277.3""],[0.43,""82.2""],[0.44,""117.2""],[0.45,""132.82""],[0.46,""82.1""],[0.47,""82""],[0.48,""152.05""],[0.49,""207.8""],[0.5,""332.8""],[0.51,""217.77""],[0.52,""98.8""],[0.53,""98.03""],[0.54,""54.81""]]"
2026-05-17T02:16:10.473Z,btc-updown-15m-1778984100,"Bitcoin Up or Down - May 16, 10:15PM-10:30PM ET",btc-updown-15m-1778984100,2026-05-17T02:30:00Z,,0.46,0.47,0.53,0.54,0.46499999999999997,0.53,441.950514,,40.55,25.21,"[[0.01,""11036.22""],[0.02,""41538.57""],[0.03,""25211.77""],[0.04,""216.9""],[0.05,""223.2""],[0.06,""118.54""],[0.07,""415.39""],[0.08,""90.29""],[0.09,""93.58""],[0.1,""68.29""],[0.11,""89.7""],[0.12,""56.74""],[0.13,""74.2""],[0.14,""552.05""],[0.15,""580.17""],[0.16,""558.55""],[0.17,""67.19""],[0.18,""45.86""],[0.19,""64.77""],[0.2,""88.8""],[0.21,""63.1""],[0.22,""42.5""],[0.23,""61.89""],[0.24,""46.39""],[0.25,""96""],[0.26,""40.6""],[0.27,""75.2""],[0.28,""39.9""],[0.29,""74.6""],[0.3,""215.96""],[0.31,""74""],[0.32,""43.8""],[0.33,""78.6""],[0.34,""48.4""],[0.35,""137.06""],[0.36,""48""],[0.37,""87.9""],[0.38,""35""],[0.39,""170""],[0.4,""557""],[0.41,""375""],[0.42,""75""],[0.43,""242""],[0.44,""240""],[0.45,""101.49""],[0.46,""40.55""]]","[[0.01,""10358""],[0.02,""41521.73""],[0.03,""25224.77""],[0.04,""217.06""],[0.05,""223.21""],[0.06,""113.54""],[0.07,""405.39""],[0.08,""90.3""],[0.09,""93.47""],[0.1,""68.3""],[0.11,""89.7""],[0.12,""56.74""],[0.13,""74.2""],[0.14,""52.05""],[0.15,""75.17""],[0.16,""58.55""],[0.17,""67.19""],[0.18,""45.86""],[0.19,""64.77""],[0.2,""63.81""],[0.21,""63.1""],[0.22,""42.5""],[0.23,""61.89""],[0.24,""546.39""],[0.25,""566""],[0.26,""540.6""],[0.27,""560.2""],[0.28,""39.9""],[0.29,""59.6""],[0.3,""208.32""],[0.31,""85""],[0.32,""38.8""],[0.33,""58.6""],[0.34,""58.4""],[0.35,""491.78""],[0.36,""413""],[0.37,""62.9""],[0.38,""52.7""],[0.39,""82.6""],[0.4,""99.5""],[0.41,""88.4""],[0.42,""282.3""],[0.43,""82.2""],[0.44,""122.2""],[0.45,""132.82""],[0.46,""77.1""],[0.47,""82""],[0.48,""137.05""],[0.49,""302.8""],[0.5,""178.81""],[0.53,""25.21""]]"
2026-05-17T02:16:13.322Z,btc-updown-15m-1778984100,"Bitcoin Up or Down - May 16, 10:15PM-10:30PM ET",btc-updown-15m-1778984100,2026-05-17T02:30:00Z,,0.46,0.47,0.53,0.54,0.46499999999999997,0.53,441.950514,,70.21,4.62,"[[0.01,""11036.22""],[0.02,""41538.57""],[0.03,""25211.77""],[0.04,""216.9""],[0.05,""223.2""],[0.06,""118.54""],[0.07,""415.39""],[0.08,""90.29""],[0.09,""93.58""],[0.1,""68.29""],[0.11,""89.7""],[0.12,""56.74""],[0.13,""74.2""],[0.14,""552.05""],[0.15,""580.17""],[0.16,""558.55""],[0.17,""67.19""],[0.18,""45.86""],[0.19,""64.77""],[0.2,""88.8""],[0.21,""63.1""],[0.22,""42.5""],[0.23,""61.89""],[0.24,""46.39""],[0.25,""96""],[0.26,""40.6""],[0.27,""75.2""],[0.28,""39.9""],[0.29,""74.6""],[0.3,""215.96""],[0.31,""74""],[0.32,""43.8""],[0.33,""73.6""],[0.34,""43.4""],[0.35,""132.06""],[0.36,""48""],[0.37,""87.9""],[0.38,""247.7""],[0.39,""170""],[0.4,""557""],[0.41,""375""],[0.42,""75""],[0.43,""235""],[0.44,""257""],[0.45,""99.83""],[0.46,""70.21""]]","[[0.01,""10358""],[0.02,""41521.73""],[0.03,""25224.77""],[0.04,""217.06""],[0.05,""223.21""],[0.06,""113.54""],[0.07,""405.39""],[0.08,""90.3""],[0.09,""93.47""],[0.1,""68.3""],[0.11,""89.7""],[0.12,""56.74""],[0.13,""74.2""],[0.14,""52.05""],[0.15,""75.17""],[0.16,""58.55""],[0.17,""67.19""],[0.18,""45.86""],[0.19,""64.77""],[0.2,""63.81""],[0.21,""63.1""],[0.22,""42.5""],[0.23,""61.89""],[0.24,""546.39""],[0.25,""566""],[0.26,""540.6""],[0.27,""560.2""],[0.28,""39.9""],[0.29,""59.6""],[0.3,""208.32""],[0.31,""85""],[0.32,""38.8""],[0.33,""58.6""],[0.34,""253.4""],[0.35,""491.78""],[0.36,""413""],[0.37,""62.9""],[0.38,""52.7""],[0.39,""82.6""],[0.4,""99.5""],[0.41,""88.4""],[0.42,""277.3""],[0.43,""87.2""],[0.44,""122.2""],[0.45,""137.82""],[0.46,""77.1""],[0.47,""70""],[0.48,""137.05""],[0.49,""307.8""],[0.5,""178.81""],[0.51,""21""],[0.53,""4.62""]]"
2026-05-17T02:16:15.713Z,btc-updown-15m-1778984100,"Bitcoin Up or Down - May 16, 10:15PM-10:30PM ET",btc-updown-15m-1778984100,2026-05-17T02:30:00Z,,0.46,0.47,0.53,0.54,0.46499999999999997,0.53,441.950514,,20.4,32.0,"[[0.01,""11036.22""],[0.02,""41538.57""],[0.03,""25211.77""],[0.04,""216.9""],[0.05,""223.2""],[0.06,""118.54""],[0.07,""415.39""],[0.08,""90.29""],[0.09,""93.58""],[0.1,""68.29""],[0.11,""89.7""],[0.12,""56.74""],[0.13,""74.2""],[0.14,""552.05""],[0.15,""580.17""],[0.16,""558.55""],[0.17,""67.19""],[0.18,""45.86""],[0.19,""64.77""],[0.2,""88.8""],[0.21,""63.1""],[0.22,""42.5""],[0.23,""61.89""],[0.24,""46.39""],[0.25,""96""],[0.26,""40.6""],[0.27,""75.2""],[0.28,""39.9""],[0.29,""74.6""],[0.3,""215.96""],[0.31,""74""],[0.32,""43.8""],[0.33,""73.6""],[0.34,""43.4""],[0.35,""132.06""],[0.36,""43""],[0.37,""87.9""],[0.38,""247.7""],[0.39,""170""],[0.4,""557""],[0.41,""375""],[0.42,""75""],[0.43,""235""],[0.44,""289.5""],[0.45,""79.83""],[0.46,""20.4""]]","[[0.01,""10358""],[0.02,""41521.73""],[0.03,""25224.77""],[0.04,""217.06""],[0.05,""223.21""],[0.06,""113.54""],[0.07,""405.39""],[0.08,""90.3""],[0.09,""93.47""],[0.1,""68.3""],[0.11,""89.7""],[0.12,""56.74""],[0.13,""74.2""],[0.14,""52.05""],[0.15,""75.17""],[0.16,""58.55""],[0.17,""67.19""],[0.18,""45.86""],[0.19,""64.77""],[0.2,""63.81""],[0.21,""63.1""],[0.22,""42.5""],[0.23,""61.89""],[0.24,""546.39""],[0.25,""566""],[0.26,""540.6""],[0.27,""560.2""],[0.28,""39.9""],[0.29,""59.6""],[0.3,""208.32""],[0.31,""85""],[0.32,""53.8""],[0.33,""58.6""],[0.34,""253.4""],[0.35,""496.78""],[0.36,""413""],[0.37,""62.9""],[0.38,""72.7""],[0.39,""62.6""],[0.4,""99.5""],[0.41,""88.4""],[0.42,""277.3""],[0.43,""87.2""],[0.44,""122.2""],[0.45,""137.82""],[0.46,""77.1""],[0.47,""70""],[0.48,""137.05""],[0.49,""307.8""],[0.5,""178.81""],[0.51,""46""],[0.52,""59.65""],[0.53,""32""]]"
2026-05-17T02:16:17.491Z,btc-updown-15m-1778984100,"Bitcoin Up or Down - May 16, 10:15PM-10:30PM ET",btc-updown-15m-1778984100,2026-05-17T02:30:00Z,,0.45,0.46,0.54,0.55,0.455,0.53,441.950514,,113.51,5.0,"[[0.01,""11036.22""],[0.02,""41538.57""],[0.03,""25211.77""],[0.04,""216.9""],[0.05,""223.2""],[0.06,""118.54""],[0.07,""415.39""],[0.08,""90.29""],[0.09,""93.58""],[0.1,""68.29""],[0.11,""89.7""],[0.12,""56.74""],[0.13,""74.2""],[0.14,""552.05""],[0.15,""580.17""],[0.16,""558.55""],[0.17,""67.19""],[0.18,""45.86""],[0.19,""64.77""],[0.2,""88.8""],[0.21,""63.1""],[0.22,""42.5""],[0.23,""61.89""],[0.24,""46.39""],[0.25,""96""],[0.26,""40.6""],[0.27,""75.2""],[0.28,""39.9""],[0.29,""74.6""],[0.3,""215.96""],[0.31,""74""],[0.32,""43.8""],[0.33,""73.6""],[0.34,""43.4""],[0.35,""132.06""],[0.36,""48""],[0.37,""87.9""],[0.38,""247.7""],[0.39,""170""],[0.4,""557""],[0.41,""375""],[0.42,""75""],[0.43,""247.02""],[0.44,""277.5""],[0.45,""113.51""]]","[[0.01,""10358""],[0.02,""41521.73""],[0.03,""25224.77""],[0.04,""217.06""],[0.05,""223.21""],[0.06,""113.54""],[0.07,""405.39""],[0.08,""90.3""],[0.09,""93.47""],[0.1,""68.3""],[0.11,""89.7""],[0.12,""56.74""],[0.13,""74.2""],[0.14,""52.05""],[0.15,""75.17""],[0.16,""58.55""],[0.17,""67.19""],[0.18,""45.86""],[0.19,""64.77""],[0.2,""63.81""],[0.21,""63.1""],[0.22,""42.5""],[0.23,""61.89""],[0.24,""546.39""],[0.25,""566""],[0.26,""540.6""],[0.27,""560.2""],[0.28,""39.9""],[0.29,""59.6""],[0.3,""208.32""],[0.31,""85""],[0.32,""38.8""],[0.33,""58.6""],[0.34,""258.4""],[0.35,""491.78""],[0.36,""413""],[0.37,""62.9""],[0.38,""72.7""],[0.39,""62.6""],[0.4,""99.5""],[0.41,""88.4""],[0.42,""177.3""],[0.43,""187.2""],[0.44,""122.2""],[0.45,""137.82""],[0.46,""77.1""],[0.47,""70""],[0.48,""137.05""],[0.49,""307.8""],[0.5,""198.81""],[0.51,""60""],[0.52,""79.26""],[0.53,""76.19""],[0.54,""5""]]"
2026-05-17T02:16:19.517Z,btc-updown-15m-1778984100,"Bitcoin Up or Down - May 16, 10:15PM-10:30PM ET",btc-updown-15m-1778984100,2026-05-17T02:30:00Z,,0.46,0.47,0.53,0.54,0.46499999999999997,0.53,441.950514,,30.0,81.19,"[[0.01,""11036.22""],[0.02,""41538.57""],[0.03,""25211.77""],[0.04,""216.9""],[0.05,""223.2""],[0.06,""118.54""],[0.07,""415.39""],[0.08,""90.29""],[0.09,""93.58""],[0.1,""68.29""],[0.11,""89.7""],[0.12,""56.74""],[0.13,""74.2""],[0.14,""552.05""],[0.15,""580.17""],[0.16,""558.55""],[0.17,""67.19""],[0.18,""45.86""],[0.19,""64.77""],[0.2,""88.8""],[0.21,""63.1""],[0.22,""42.5""],[0.23,""61.89""],[0.24,""46.39""],[0.25,""96""],[0.26,""40.6""],[0.27,""75.2""],[0.28,""39.9""],[0.29,""74.6""],[0.3,""215.96""],[0.31,""74""],[0.32,""43.8""],[0.33,""73.6""],[0.34,""43.4""],[0.35,""132.06""],[0.36,""48""],[0.37,""87.9""],[0.38,""247.7""],[0.39,""170""],[0.4,""557""],[0.41,""375""],[0.42,""35""],[0.43,""287.02""],[0.44,""246.77""],[0.45,""137.25""],[0.46,""30""]]","[[0.01,""10358""],[0.02,""41521.73""],[0.03,""25224.77""],[0.04,""217.06""],[0.05,""223.21""],[0.06,""113.54""],[0.07,""405.39""],[0.08,""90.3""],[0.09,""93.47""],[0.1,""68.3""],[0.11,""89.7""],[0.12,""56.74""],[0.13,""74.2""],[0.14,""52.05""],[0.15,""75.17""],[0.16,""58.55""],[0.17,""67.19""],[0.18,""45.86""],[0.19,""64.77""],[0.2,""63.81""],[0.21,""63.1""],[0.22,""42.5""],[0.23,""61.89""],[0.24,""546.39""],[0.25,""566""],[0.26,""540.6""],[0.27,""560.2""],[0.28,""39.9""],[0.29,""59.6""],[0.3,""208.32""],[0.31,""85""],[0.32,""38.8""],[0.33,""58.6""],[0.34,""258.4""],[0.35,""491.78""],[0.36,""413""],[0.37,""62.9""],[0.38,""52.7""],[0.39,""82.6""],[0.4,""99.5""],[0.41,""93.4""],[0.42,""182.3""],[0.43,""187.2""],[0.44,""122.2""],[0.45,""137.82""],[0.46,""77.1""],[0.47,""70""],[0.48,""137.05""],[0.49,""307.8""],[0.5,""198.81""],[0.51,""65""],[0.52,""79.26""],[0.53,""81.19""]]"
2026-05-17T02:16:22.236Z,btc-updown-15m-1778984100,"Bitcoin Up or Down - May 16, 10:15PM-10:30PM ET",btc-updown-15m-1778984100,2026-05-17T02:30:00Z,,0.46,0.47,0.53,0.54,0.46499999999999997,0.53,467.19222,,40.0,34.32,"[[0.01,""11036.22""],[0.02,""41538.57""],[0.03,""25211.77""],[0.04,""216.9""],[0.05,""223.2""],[0.06,""118.54""],[0.07,""415.39""],[0.08,""90.29""],[0.09,""93.58""],[0.1,""68.29""],[0.11,""89.7""],[0.12,""56.74""],[0.13,""74.2""],[0.14,""552.05""],[0.15,""580.17""],[0.16,""558.55""],[0.17,""67.19""],[0.18,""45.86""],[0.19,""64.77""],[0.2,""88.8""],[0.21,""63.1""],[0.22,""42.5""],[0.23,""61.89""],[0.24,""46.39""],[0.25,""96""],[0.26,""40.6""],[0.27,""75.2""],[0.28,""39.9""],[0.29,""74.6""],[0.3,""215.96""],[0.31,""74""],[0.32,""43.8""],[0.33,""73.6""],[0.34,""43.4""],[0.35,""126.06""],[0.36,""54""],[0.37,""87.9""],[0.38,""247.7""],[0.39,""170""],[0.4,""557""],[0.41,""375""],[0.42,""75""],[0.43,""247.02""],[0.44,""298.77""],[0.45,""94.85""],[0.46,""40""]]","[[0.01,""10358""],[0.02,""41521.73""],[0.03,""25224.77""],[0.04,""217.06""],[0.05,""223.21""],[0.06,""113.54""],[0.07,""405.39""],[0.08,""90.3""],[0.09,""93.47""],[0.1,""68.3""],[0.11,""89.7""],[0.12,""56.74""],[0.13,""74.2""],[0.14,""52.05""],[0.15,""75.17""],[0.16,""58.55""],[0.17,""67.19""],[0.18,""45.86""],[0.19,""64.77""],[0.2,""63.81""],[0.21,""63.1""],[0.22,""42.5""],[0.23,""61.89""],[0.24,""546.39""],[0.25,""566""],[0.26,""540.6""],[0.27,""560.2""],[0.28,""39.9""],[0.29,""59.6""],[0.3,""208.32""],[0.31,""85""],[0.32,""38.8""],[0.33,""58.6""],[0.34,""258.4""],[0.35,""491.78""],[0.36,""413""],[0.37,""62.9""],[0.38,""72.7""],[0.39,""82.6""],[0.4,""99.5""],[0.41,""93.4""],[0.42,""182.3""],[0.43,""187.2""],[0.44,""122.2""],[0.45,""137.82""],[0.46,""77.1""],[0.47,""70""],[0.48,""177.05""],[0.49,""227.8""],[0.5,""213.81""],[0.51,""61""],[0.52,""84.26""],[0.53,""34.32""]]"
2026-05-17T02:16:24.532Z,btc-updown-15m-1778984100,"Bitcoin Up or Down - May 16, 10:15PM-10:30PM ET",btc-updown-15m-1778984100,2026-05-17T02:30:00Z,,0.46,0.47,0.53,0.54,0.46499999999999997,0.53,467.19222,,35.0,60.81,"[[0.01,""11036.22""],[0.02,""41538.57""],[0.03,""25211.77""],[0.04,""216.9""],[0.05,""223.2""],[0.06,""118.54""],[0.07,""415.39""],[0.08,""90.29""],[0.09,""93.58""],[0.1,""68.29""],[0.11,""89.7""],[0.12,""56.74""],[0.13,""74.2""],[0.14,""552.05""],[0.15,""580.17""],[0.16,""558.55""],[0.17,""567.19""],[0.18,""45.86""],[0.19,""64.77""],[0.2,""88.8""],[0.21,""63.1""],[0.22,""42.5""],[0.23,""61.89""],[0.24,""46.39""],[0.25,""96""],[0.26,""40.6""],[0.27,""75.2""],[0.28,""39.9""],[0.29,""74.6""],[0.3,""215.96""],[0.31,""74""],[0.32,""43.8""],[0.33,""73.6""],[0.34,""43.4""],[0.35,""126.06""],[0.36,""54""],[0.37,""87.9""],[0.38,""247.7""],[0.39,""170""],[0.4,""557""],[0.41,""375""],[0.42,""75""],[0.43,""235""],[0.44,""310.79""],[0.45,""94.85""],[0.46,""35""]]","[[0.01,""10363""],[0.02,""41521.73""],[0.03,""25224.77""],[0.04,""217.06""],[0.05,""223.21""],[0.06,""113.54""],[0.07,""405.39""],[0.08,""90.3""],[0.09,""93.47""],[0.1,""68.3""],[0.11,""89.7""],[0.12,""56.74""],[0.13,""74.2""],[0.14,""52.05""],[0.15,""75.17""],[0.16,""58.55""],[0.17,""67.19""],[0.18,""45.86""],[0.19,""64.77""],[0.2,""63.81""],[0.21,""63.1""],[0.22,""42.5""],[0.23,""61.89""],[0.24,""546.39""],[0.25,""566""],[0.26,""540.6""],[0.27,""60.2""],[0.28,""39.9""],[0.29,""59.6""],[0.3,""208.32""],[0.31,""85""],[0.32,""38.8""],[0.33,""58.6""],[0.34,""258.4""],[0.35,""491.78""],[0.36,""413""],[0.37,""82.9""],[0.38,""72.7""],[0.39,""82.6""],[0.4,""99.5""],[0.41,""93.4""],[0.42,""182.3""],[0.43,""187.2""],[0.44,""122.2""],[0.45,""137.82""],[0.46,""77.1""],[0.47,""70""],[0.48,""177.05""],[0.49,""227.8""],[0.5,""213.81""],[0.51,""61""],[0.52,""53.26""],[0.53,""60.81""]]"
2026-05-17T02:16:25.703Z,btc-updown-15m-1778984100,"Bitcoin Up or Down - May 16, 10:15PM-10:30PM ET",btc-updown-15m-1778984100,2026-05-17T02:30:00Z,,0.46,0.47,0.53,0.54,0.46499999999999997,0.53,467.19222,,35.0,42.04,"[[0.01,""11036.22""],[0.02,""41538.57""],[0.03,""25211.77""],[0.04,""216.9""],[0.05,""223.2""],[0.06,""118.54""],[0.07,""415.39""],[0.08,""90.29""],[0.09,""93.58""],[0.1,""68.29""],[0.11,""89.7""],[0.12,""56.74""],[0.13,""74.2""],[0.14,""552.05""],[0.15,""580.17""],[0.16,""558.55""],[0.17,""67.19""],[0.18,""45.86""],[0.19,""64.77""],[0.2,""88.8""],[0.21,""63.1""],[0.22,""42.5""],[0.23,""61.89""],[0.24,""46.39""],[0.25,""96""],[0.26,""40.6""],[0.27,""75.2""],[0.28,""39.9""],[0.29,""74.6""],[0.3,""210.96""],[0.31,""74""],[0.32,""43.8""],[0.33,""73.6""],[0.34,""38.4""],[0.35,""126.06""],[0.36,""54""],[0.37,""87.9""],[0.38,""247.7""],[0.39,""170""],[0.4,""557""],[0.41,""375""],[0.42,""75""],[0.43,""235""],[0.44,""310.79""],[0.45,""94.85""],[0.46,""35""]]","[[0.01,""10358""],[0.02,""41521.73""],[0.03,""25224.77""],[0.04,""217.06""],[0.05,""223.21""],[0.06,""113.54""],[0.07,""405.39""],[0.08,""90.3""],[0.09,""93.47""],[0.1,""68.3""],[0.11,""89.7""],[0.12,""56.74""],[0.13,""74.2""],[0.14,""52.05""],[0.15,""75.17""],[0.16,""58.55""],[0.17,""67.19""],[0.18,""45.86""],[0.19,""64.77""],[0.2,""63.81""],[0.21,""63.1""],[0.22,""42.5""],[0.23,""61.89""],[0.24,""546.39""],[0.25,""566""],[0.26,""540.6""],[0.27,""560.2""],[0.28,""39.9""],[0.29,""59.6""],[0.3,""208.32""],[0.31,""85""],[0.32,""38.8""],[0.33,""58.6""],[0.34,""253.4""],[0.35,""491.78""],[0.36,""413""],[0.37,""82.9""],[0.38,""72.7""],[0.39,""82.6""],[0.4,""99.5""],[0.41,""113.4""],[0.42,""222.3""],[0.43,""167.2""],[0.44,""117.2""],[0.45,""137.82""],[0.46,""77.1""],[0.47,""70""],[0.48,""177.05""],[0.49,""237.8""],[0.5,""213.81""],[0.51,""61""],[0.52,""73.26""],[0.53,""42.04""]]"
2026-05-17T02:16:27.678Z,btc-updown-15m-1778984100,"Bitcoin Up or Down - May 16, 10:15PM-10:30PM ET",btc-updown-15m-1778984100,2026-05-17T02:30:00Z,,0.47,0.48,0.52,0.53,0.475,0.53,467.19222,,25.0,63.0,"[[0.01,""11036.22""],[0.02,""41538.57""],[0.03,""25211.77""],[0.04,""216.9""],[0.05,""223.2""],[0.06,""118.54""],[0.07,""415.39""],[0.08,""90.29""],[0.09,""93.58""],[0.1,""68.29""],[0.11,""89.7""],[0.12,""56.74""],[0.13,""74.2""],[0.14,""552.05""],[0.15,""580.17""],[0.16,""558.55""],[0.17,""67.19""],[0.18,""45.86""],[0.19,""64.77""],[0.2,""88.8""],[0.21,""63.1""],[0.22,""42.5""],[0.23,""61.89""],[0.24,""46.39""],[0.25,""81""],[0.26,""40.6""],[0.27,""75.2""],[0.28,""39.9""],[0.29,""79.6""],[0.3,""210.96""],[0.31,""74""],[0.32,""43.8""],[0.33,""78.6""],[0.34,""43.4""],[0.35,""126.06""],[0.36,""44""],[0.37,""77.9""],[0.38,""247.7""],[0.39,""170""],[0.4,""562""],[0.41,""375""],[0.42,""115""],[0.43,""195""],[0.44,""254.27""],[0.45,""86.85""],[0.46,""52.8""],[0.47,""25""]]","[[0.01,""10358""],[0.02,""41571.73""],[0.03,""25224.77""],[0.04,""217.06""],[0.05,""223.21""],[0.06,""113.54""],[0.07,""405.39""],[0.08,""90.3""],[0.09,""93.47""],[0.1,""68.3""],[0.11,""89.7""],[0.12,""56.74""],[0.13,""74.2""],[0.14,""52.05""],[0.15,""75.17""],[0.16,""58.55""],[0.17,""67.19""],[0.18,""45.86""],[0.19,""64.77""],[0.2,""63.81""],[0.21,""63.1""],[0.22,""42.5""],[0.23,""61.89""],[0.24,""546.39""],[0.25,""566""],[0.26,""540.6""],[0.27,""560.2""],[0.28,""39.9""],[0.29,""59.6""],[0.3,""208.32""],[0.31,""85""],[0.32,""53.8""],[0.33,""58.6""],[0.34,""253.4""],[0.35,""496.78""],[0.36,""413""],[0.37,""62.9""],[0.38,""52.7""],[0.39,""82.6""],[0.4,""99.5""],[0.41,""88.4""],[0.42,""182.3""],[0.43,""187.2""],[0.44,""122.2""],[0.45,""97.82""],[0.46,""77.1""],[0.47,""120""],[0.48,""132.05""],[0.49,""272.8""],[0.5,""160""],[0.51,""89.79""],[0.52,""63""]]"
2026-05-17T02:16:29.680Z,btc-updown-15m-1778984100,"Bitcoin Up or Down - May 16, 10:15PM-10:30PM ET",btc-updown-15m-1778984100,2026-05-17T02:30:00Z,,0.47,0.48,0.52,0.53,0.475,0.53,467.19222,,40.0,58.74,"[[0.01,""11036.22""],[0.02,""41538.57""],[0.03,""25211.77""],[0.04,""216.9""],[0.05,""223.2""],[0.06,""118.54""],[0.07,""415.39""],[0.08,""90.29""],[0.09,""93.58""],[0.1,""68.29""],[0.11,""89.7""],[0.12,""56.74""],[0.13,""74.2""],[0.14,""552.05""],[0.15,""580.17""],[0.16,""558.55""],[0.17,""67.19""],[0.18,""45.86""],[0.19,""64.77""],[0.2,""88.8""],[0.21,""63.1""],[0.22,""42.5""],[0.23,""61.89""],[0.24,""46.39""],[0.25,""81""],[0.26,""40.6""],[0.27,""75.2""],[0.28,""39.9""],[0.29,""74.6""],[0.3,""210.96""],[0.31,""74""],[0.32,""43.8""],[0.33,""78.6""],[0.34,""43.4""],[0.35,""126.06""],[0.36,""44""],[0.37,""77.9""],[0.38,""247.7""],[0.39,""170""],[0.4,""562""],[0.41,""375""],[0.42,""95""],[0.43,""195""],[0.44,""259.27""],[0.45,""111.85""],[0.46,""52.8""],[0.47,""40""]]","[[0.01,""10358""],[0.02,""41571.73""],[0.03,""25224.77""],[0.04,""217.06""],[0.05,""223.21""],[0.06,""113.54""],[0.07,""405.39""],[0.08,""90.3""],[0.09,""93.47""],[0.1,""68.3""],[0.11,""89.7""],[0.12,""56.74""],[0.13,""74.2""],[0.14,""52.05""],[0.15,""75.17""],[0.16,""58.55""],[0.17,""67.19""],[0.18,""45.86""],[0.19,""64.77""],[0.2,""63.81""],[0.21,""63.1""],[0.22,""42.5""],[0.23,""61.89""],[0.24,""546.39""],[0.25,""566""],[0.26,""540.6""],[0.27,""560.2""],[0.28,""39.9""],[0.29,""59.6""],[0.3,""208.32""],[0.31,""85""],[0.32,""53.8""],[0.33,""58.6""],[0.34,""253.4""],[0.35,""491.78""],[0.36,""413""],[0.37,""82.9""],[0.38,""72.7""],[0.39,""82.6""],[0.4,""99.5""],[0.41,""88.4""],[0.42,""182.3""],[0.43,""187.2""],[0.44,""122.2""],[0.45,""97.82""],[0.46,""117.1""],[0.47,""120""],[0.48,""132.05""],[0.49,""272.8""],[0.5,""160""],[0.51,""79.79""],[0.52,""58.74""]]"
2026-05-17T02:16:32.870Z,btc-updown-15m-1778984100,"Bitcoin Up or Down - May 16, 10:15PM-10:30PM ET",btc-updown-15m-1778984100,2026-05-17T02:30:00Z,,0.47,0.48,0.52,0.53,0.475,0.53,467.19222,,35.0,47.74,"[[0.01,""10736.22""],[0.02,""41538.57""],[0.03,""1211.77""],[0.04,""216.9""],[0.05,""223.2""],[0.06,""118.54""],[0.07,""415.39""],[0.08,""90.29""],[0.09,""93.58""],[0.1,""68.29""],[0.11,""89.7""],[0.12,""56.74""],[0.13,""74.2""],[0.14,""552.05""],[0.15,""580.17""],[0.16,""558.55""],[0.17,""67.19""],[0.18,""45.86""],[0.19,""64.77""],[0.2,""88.8""],[0.21,""63.1""],[0.22,""42.5""],[0.23,""61.89""],[0.24,""46.39""],[0.25,""81""],[0.26,""40.6""],[0.27,""75.2""],[0.28,""39.9""],[0.29,""79.6""],[0.3,""210.96""],[0.31,""74""],[0.32,""43.8""],[0.33,""78.6""],[0.34,""43.4""],[0.35,""126.06""],[0.36,""44""],[0.37,""77.9""],[0.38,""247.7""],[0.39,""170""],[0.4,""562""],[0.41,""375""],[0.42,""115""],[0.43,""195""],[0.44,""259.27""],[0.45,""111.85""],[0.46,""52.8""],[0.47,""35""]]","[[0.01,""10058""],[0.02,""41521.73""],[0.03,""1224.77""],[0.04,""217.06""],[0.05,""223.21""],[0.06,""113.54""],[0.07,""405.39""],[0.08,""90.3""],[0.09,""93.47""],[0.1,""68.3""],[0.11,""89.7""],[0.12,""56.74""],[0.13,""74.2""],[0.14,""52.05""],[0.15,""75.17""],[0.16,""58.55""],[0.17,""67.19""],[0.18,""45.86""],[0.19,""64.77""],[0.2,""63.81""],[0.21,""63.1""],[0.22,""42.5""],[0.23,""61.89""],[0.24,""546.39""],[0.25,""566""],[0.26,""540.6""],[0.27,""560.2""],[0.28,""39.9""],[0.29,""59.6""],[0.3,""208.32""],[0.31,""85""],[0.32,""53.8""],[0.33,""58.6""],[0.34,""253.4""],[0.35,""496.78""],[0.36,""433""],[0.37,""82.9""],[0.38,""72.7""],[0.39,""82.6""],[0.4,""99.5""],[0.41,""88.4""],[0.42,""182.3""],[0.43,""187.2""],[0.44,""122.2""],[0.45,""97.82""],[0.46,""117.1""],[0.47,""120""],[0.48,""132.05""],[0.49,""272.8""],[0.5,""180""],[0.51,""79.79""],[0.52,""47.74""]]"
2026-05-17T02:16:35.191Z,btc-updown-15m-1778984100,"Bitcoin Up or Down - May 16, 10:15PM-10:30PM ET",btc-updown-15m-1778984100,2026-05-17T02:30:00Z,,0.48,0.51,0.51,0.52,0.495,0.53,467.19222,,47.03,10.0,"[[0.01,""10736.22""],[0.02,""41538.57""],[0.03,""1211.77""],[0.04,""216.9""],[0.05,""223.2""],[0.06,""118.54""],[0.07,""415.39""],[0.08,""90.29""],[0.09,""93.58""],[0.1,""68.29""],[0.11,""89.7""],[0.12,""56.74""],[0.13,""574.2""],[0.14,""552.05""],[0.15,""580.17""],[0.16,""558.55""],[0.17,""567.19""],[0.18,""45.86""],[0.19,""64.77""],[0.2,""88.8""],[0.21,""63.1""],[0.22,""42.5""],[0.23,""61.89""],[0.24,""46.39""],[0.25,""81""],[0.26,""40.6""],[0.27,""75.2""],[0.28,""39.9""],[0.29,""74.6""],[0.3,""210.96""],[0.31,""74""],[0.32,""43.8""],[0.33,""78.6""],[0.34,""43.4""],[0.35,""126.06""],[0.36,""44""],[0.37,""82.9""],[0.38,""247.7""],[0.39,""82.6""],[0.4,""662""],[0.41,""375""],[0.42,""75""],[0.43,""95""],[0.44,""89.27""],[0.45,""78.61""],[0.46,""125.8""],[0.47,""182.26""],[0.48,""47.03""]]","[[0.01,""10058""],[0.02,""41521.73""],[0.03,""1224.77""],[0.04,""217.06""],[0.05,""223.21""],[0.06,""113.54""],[0.07,""405.39""],[0.08,""90.3""],[0.09,""93.47""],[0.1,""68.3""],[0.11,""89.7""],[0.12,""56.74""],[0.13,""74.2""],[0.14,""52.05""],[0.15,""75.17""],[0.16,""58.55""],[0.17,""67.19""],[0.18,""45.86""],[0.19,""64.77""],[0.2,""63.81""],[0.21,""63.1""],[0.22,""42.5""],[0.23,""561.89""],[0.24,""46.39""],[0.25,""66""],[0.26,""40.6""],[0.27,""60.2""],[0.28,""39.9""],[0.29,""59.6""],[0.3,""208.32""],[0.31,""85""],[0.32,""53.8""],[0.33,""58.6""],[0.34,""253.4""],[0.35,""496.78""],[0.36,""433""],[0.37,""82.9""],[0.38,""72.7""],[0.39,""77.6""],[0.4,""99.5""],[0.41,""83.4""],[0.42,""82.3""],[0.43,""70""],[0.44,""70""],[0.45,""70.72""],[0.46,""65""],[0.47,""80""],[0.48,""10""],[0.49,""27.8""],[0.51,""10""]]"
2026-05-17T02:16:36.319Z,btc-updown-15m-1778984100,"Bitcoin Up or Down - May 16, 10:15PM-10:30PM ET",btc-updown-15m-1778984100,2026-05-17T02:30:00Z,,0.5,0.51,0.49,0.5,0.505,0.53,467.19222,,208.64,13.73,"[[0.01,""10736.22""],[0.02,""41588.57""],[0.03,""1211.77""],[0.04,""216.9""],[0.05,""223.2""],[0.06,""118.54""],[0.07,""415.39""],[0.08,""90.29""],[0.09,""93.58""],[0.1,""68.29""],[0.11,""89.7""],[0.12,""56.74""],[0.13,""574.2""],[0.14,""552.05""],[0.15,""580.17""],[0.16,""558.55""],[0.17,""567.19""],[0.18,""545.86""],[0.19,""564.77""],[0.2,""588.8""],[0.21,""63.1""],[0.22,""42.5""],[0.23,""61.89""],[0.24,""46.39""],[0.25,""81""],[0.26,""40.6""],[0.27,""75.2""],[0.28,""39.9""],[0.29,""74.6""],[0.3,""210.96""],[0.31,""74""],[0.32,""43.8""],[0.33,""78.6""],[0.34,""43.4""],[0.35,""132.06""],[0.36,""38""],[0.37,""77.9""],[0.38,""42.7""],[0.39,""77.6""],[0.4,""69.5""],[0.41,""287.4""],[0.42,""42.3""],[0.43,""95""],[0.44,""85""],[0.45,""165""],[0.46,""207.8""],[0.47,""177.91""],[0.48,""141.92""],[0.49,""99.8""],[0.5,""208.64""]]","[[0.01,""10053""],[0.02,""41521.73""],[0.03,""1224.77""],[0.04,""217.06""],[0.05,""223.21""],[0.06,""113.54""],[0.07,""405.39""],[0.08,""90.3""],[0.09,""93.47""],[0.1,""68.3""],[0.11,""89.7""],[0.12,""56.74""],[0.13,""74.2""],[0.14,""52.05""],[0.15,""75.17""],[0.16,""58.55""],[0.17,""67.19""],[0.18,""545.86""],[0.19,""564.77""],[0.2,""563.81""],[0.21,""63.1""],[0.22,""42.5""],[0.23,""61.89""],[0.24,""46.39""],[0.25,""66""],[0.26,""40.6""],[0.27,""60.2""],[0.28,""39.9""],[0.29,""59.6""],[0.3,""223.32""],[0.31,""85""],[0.32,""53.8""],[0.33,""58.6""],[0.34,""53.4""],[0.35,""91.78""],[0.36,""138""],[0.37,""87.9""],[0.38,""77.7""],[0.39,""82.6""],[0.4,""99.5""],[0.41,""113.4""],[0.42,""230""],[0.43,""56""],[0.44,""80""],[0.45,""90.72""],[0.46,""60""],[0.47,""40""],[0.48,""67.8""],[0.49,""13.73""]]"
2026-05-17T02:16:38.317Z,btc-updown-15m-1778984100,"Bitcoin Up or Down - May 16, 10:15PM-10:30PM ET",btc-updown-15m-1778984100,2026-05-17T02:30:00Z,,0.5,0.51,0.49,0.5,0.505,0.53,467.19222,,156.84,13.12,"[[0.01,""10741.22""],[0.02,""41588.57""],[0.03,""1211.77""],[0.04,""216.9""],[0.05,""223.2""],[0.06,""118.54""],[0.07,""415.39""],[0.08,""90.29""],[0.09,""93.58""],[0.1,""68.29""],[0.11,""89.7""],[0.12,""56.74""],[0.13,""74.2""],[0.14,""52.05""],[0.15,""80.17""],[0.16,""558.55""],[0.17,""567.19""],[0.18,""545.86""],[0.19,""564.77""],[0.2,""588.8""],[0.21,""63.1""],[0.22,""42.5""],[0.23,""61.89""],[0.24,""46.39""],[0.25,""81""],[0.26,""40.6""],[0.27,""60.2""],[0.28,""39.9""],[0.29,""74.6""],[0.3,""210.96""],[0.31,""74""],[0.32,""48.8""],[0.33,""78.6""],[0.34,""43.4""],[0.35,""126.06""],[0.36,""38""],[0.37,""77.9""],[0.38,""42.7""],[0.39,""77.6""],[0.4,""69.5""],[0.41,""287.4""],[0.42,""42.3""],[0.43,""107.2""],[0.44,""85""],[0.45,""65""],[0.46,""82.8""],[0.47,""262.91""],[0.48,""161.92""],[0.49,""99.8""],[0.5,""156.84""]]","[[0.01,""10053""],[0.02,""41521.73""],[0.03,""1224.77""],[0.04,""217.06""],[0.05,""223.21""],[0.06,""113.54""],[0.07,""405.39""],[0.08,""90.3""],[0.09,""93.47""],[0.1,""68.3""],[0.11,""89.7""],[0.12,""56.74""],[0.13,""74.2""],[0.14,""52.05""],[0.15,""75.17""],[0.16,""58.55""],[0.17,""67.19""],[0.18,""545.86""],[0.19,""564.77""],[0.2,""563.81""],[0.21,""563.1""],[0.22,""42.5""],[0.23,""61.89""],[0.24,""46.39""],[0.25,""66""],[0.26,""40.6""],[0.27,""60.2""],[0.28,""39.9""],[0.29,""59.6""],[0.3,""223.32""],[0.31,""79""],[0.32,""53.8""],[0.33,""58.6""],[0.34,""53.4""],[0.35,""91.78""],[0.36,""138""],[0.37,""87.9""],[0.38,""77.7""],[0.39,""82.6""],[0.4,""104.5""],[0.41,""113.4""],[0.42,""150""],[0.43,""56""],[0.44,""120""],[0.45,""90.72""],[0.46,""160""],[0.47,""40""],[0.48,""72.8""],[0.49,""13.12""]]"
2026-05-17T02:16:40.388Z,btc-updown-15m-1778984100,"Bitcoin Up or Down - May 16, 10:15PM-10:30PM ET",btc-updown-15m-1778984100,2026-05-17T02:30:00Z,,0.51,0.52,0.48,0.49,0.515,0.53,467.19222,,45.35,92.8,"[[0.01,""10736.22""],[0.02,""41538.57""],[0.03,""1211.77""],[0.04,""216.9""],[0.05,""223.2""],[0.06,""118.54""],[0.07,""415.39""],[0.08,""90.29""],[0.09,""93.58""],[0.1,""68.29""],[0.11,""89.7""],[0.12,""56.74""],[0.13,""74.2""],[0.14,""52.05""],[0.15,""75.17""],[0.16,""558.55""],[0.17,""567.19""],[0.18,""545.86""],[0.19,""564.77""],[0.2,""588.8""],[0.21,""63.1""],[0.22,""42.5""],[0.23,""61.89""],[0.24,""41.39""],[0.25,""81""],[0.26,""40.6""],[0.27,""60.2""],[0.28,""39.9""],[0.29,""74.6""],[0.3,""210.96""],[0.31,""74""],[0.32,""43.8""],[0.33,""78.6""],[0.34,""43.4""],[0.35,""126.06""],[0.36,""38""],[0.37,""77.9""],[0.38,""242.7""],[0.39,""477.6""],[0.4,""364.5""],[0.41,""282.4""],[0.42,""42.3""],[0.43,""107.2""],[0.44,""85""],[0.45,""65""],[0.46,""82.8""],[0.47,""246.91""],[0.48,""256.8""],[0.49,""99.8""],[0.5,""130.61""],[0.51,""45.35""]]","[[0.01,""10058""],[0.02,""41521.73""],[0.03,""1224.77""],[0.04,""217.06""],[0.05,""223.21""],[0.06,""113.54""],[0.07,""405.39""],[0.08,""90.3""],[0.09,""93.47""],[0.1,""68.3""],[0.11,""89.7""],[0.12,""56.74""],[0.13,""74.2""],[0.14,""52.05""],[0.15,""75.17""],[0.16,""58.55""],[0.17,""67.19""],[0.18,""545.86""],[0.19,""564.77""],[0.2,""563.81""],[0.21,""563.1""],[0.22,""42.5""],[0.23,""61.89""],[0.24,""41.39""],[0.25,""66""],[0.26,""40.6""],[0.27,""60.2""],[0.28,""54.9""],[0.29,""79.6""],[0.3,""243.32""],[0.31,""94""],[0.32,""78.8""],[0.33,""278.6""],[0.34,""73.4""],[0.35,""511.78""],[0.36,""438""],[0.37,""82.9""],[0.38,""77.7""],[0.39,""82.6""],[0.4,""99.5""],[0.41,""113.4""],[0.42,""150""],[0.43,""145""],[0.44,""120""],[0.45,""190.72""],[0.46,""160""],[0.47,""40""],[0.48,""92.8""]]"
2026-05-17T02:16:43.089Z,btc-updown-15m-1778984100,"Bitcoin Up or Down - May 16, 10:15PM-10:30PM ET",btc-updown-15m-1778984100,2026-05-17T02:30:00Z,,0.51,0.52,0.48,0.49,0.515,0.53,467.19222,,22.12,103.82,"[[0.01,""10736.22""],[0.02,""41538.57""],[0.03,""1211.77""],[0.04,""216.9""],[0.05,""223.2""],[0.06,""118.54""],[0.07,""415.39""],[0.08,""90.29""],[0.09,""93.58""],[0.1,""68.29""],[0.11,""89.7""],[0.12,""56.74""],[0.13,""74.2""],[0.14,""52.05""],[0.15,""75.17""],[0.16,""558.55""],[0.17,""567.19""],[0.18,""545.86""],[0.19,""564.77""],[0.2,""588.8""],[0.21,""68.1""],[0.22,""42.5""],[0.23,""61.89""],[0.24,""41.39""],[0.25,""81""],[0.26,""40.6""],[0.27,""60.2""],[0.28,""39.9""],[0.29,""64.6""],[0.3,""210.96""],[0.31,""74""],[0.32,""43.8""],[0.33,""78.6""],[0.34,""43.4""],[0.35,""132.06""],[0.36,""43""],[0.37,""77.9""],[0.38,""242.7""],[0.39,""477.6""],[0.4,""364.5""],[0.41,""282.4""],[0.42,""47.3""],[0.43,""112.2""],[0.44,""80""],[0.45,""105""],[0.46,""42.8""],[0.47,""280.91""],[0.48,""179.8""],[0.49,""128.41""],[0.5,""70""],[0.51,""22.12""]]","[[0.01,""10058""],[0.02,""41521.73""],[0.03,""1224.77""],[0.04,""217.06""],[0.05,""223.21""],[0.06,""113.54""],[0.07,""405.39""],[0.08,""90.3""],[0.09,""93.47""],[0.1,""68.3""],[0.11,""89.7""],[0.12,""56.74""],[0.13,""74.2""],[0.14,""52.05""],[0.15,""75.17""],[0.16,""58.55""],[0.17,""67.19""],[0.18,""550.86""],[0.19,""564.77""],[0.2,""563.81""],[0.21,""563.1""],[0.22,""42.5""],[0.23,""61.89""],[0.24,""41.39""],[0.25,""66""],[0.26,""45.6""],[0.27,""60.2""],[0.28,""54.9""],[0.29,""59.6""],[0.3,""73.32""],[0.31,""100""],[0.32,""78.8""],[0.33,""263.6""],[0.34,""73.4""],[0.35,""511.78""],[0.36,""433""],[0.37,""82.9""],[0.38,""77.7""],[0.39,""87.6""],[0.4,""104.5""],[0.41,""118.4""],[0.42,""170""],[0.43,""191""],[0.44,""155""],[0.45,""200.72""],[0.46,""170""],[0.47,""40""],[0.48,""103.82""]]"
2026-05-17T02:16:45.862Z,btc-updown-15m-1778984100,"Bitcoin Up or Down - May 16, 10:15PM-10:30PM ET",btc-updown-15m-1778984100,2026-05-17T02:30:00Z,,0.49,0.5,0.5,0.51,0.495,0.53,467.19222,,20.0,135.94,"[[0.01,""10731.22""],[0.02,""41538.57""],[0.03,""1211.77""],[0.04,""216.9""],[0.05,""223.2""],[0.06,""118.54""],[0.07,""415.39""],[0.08,""90.29""],[0.09,""93.58""],[0.1,""68.29""],[0.11,""89.7""],[0.12,""56.74""],[0.13,""74.2""],[0.14,""52.05""],[0.15,""575.17""],[0.16,""558.55""],[0.17,""67.19""],[0.18,""45.86""],[0.19,""64.77""],[0.2,""88.8""],[0.21,""68.1""],[0.22,""42.5""],[0.23,""61.89""],[0.24,""41.39""],[0.25,""81""],[0.26,""40.6""],[0.27,""60.2""],[0.28,""39.9""],[0.29,""79.6""],[0.3,""65.96""],[0.31,""74""],[0.32,""38.8""],[0.33,""73.6""],[0.34,""38.4""],[0.35,""127.06""],[0.36,""43""],[0.37,""72.9""],[0.38,""237.7""],[0.39,""477.6""],[0.4,""474.5""],[0.41,""175""],[0.42,""30""],[0.43,""95""],[0.44,""80""],[0.45,""85""],[0.46,""122.8""],[0.47,""77.91""],[0.48,""5""],[0.49,""20""]]","[[0.01,""10058""],[0.02,""41521.73""],[0.03,""1224.77""],[0.04,""217.06""],[0.05,""223.21""],[0.06,""113.54""],[0.07,""405.39""],[0.08,""90.3""],[0.09,""93.47""],[0.1,""68.3""],[0.11,""89.7""],[0.12,""56.74""],[0.13,""74.2""],[0.14,""52.05""],[0.15,""75.17""],[0.16,""58.55""],[0.17,""67.19""],[0.18,""550.86""],[0.19,""564.77""],[0.2,""563.81""],[0.21,""563.1""],[0.22,""542.5""],[0.23,""61.89""],[0.24,""41.39""],[0.25,""66""],[0.26,""45.6""],[0.27,""60.2""],[0.28,""54.9""],[0.29,""59.6""],[0.3,""78.32""],[0.31,""95""],[0.32,""73.8""],[0.33,""263.6""],[0.34,""78.4""],[0.35,""511.78""],[0.36,""433""],[0.37,""77.9""],[0.38,""72.7""],[0.39,""82.6""],[0.4,""99.5""],[0.41,""118.4""],[0.42,""82.3""],[0.43,""287.2""],[0.44,""102.2""],[0.45,""60.72""],[0.46,""146""],[0.47,""190""],[0.48,""118.58""],[0.49,""62.6""],[0.5,""135.94""]]"
2026-05-17T02:16:47.234Z,btc-updown-15m-1778984100,"Bitcoin Up or Down - May 16, 10:15PM-10:30PM ET",btc-updown-15m-1778984100,2026-05-17T02:30:00Z,,0.48,0.49,0.51,0.52,0.485,0.53,467.19222,,12.8,91.76,"[[0.01,""10736.22""],[0.02,""41538.57""],[0.03,""1211.77""],[0.04,""216.9""],[0.05,""223.2""],[0.06,""118.54""],[0.07,""415.39""],[0.08,""90.29""],[0.09,""93.58""],[0.1,""68.29""],[0.11,""89.7""],[0.12,""56.74""],[0.13,""74.2""],[0.14,""52.05""],[0.15,""575.17""],[0.16,""558.55""],[0.17,""67.19""],[0.18,""45.86""],[0.19,""64.77""],[0.2,""88.8""],[0.21,""68.1""],[0.22,""42.5""],[0.23,""61.89""],[0.24,""41.39""],[0.25,""81""],[0.26,""40.6""],[0.27,""75.2""],[0.28,""39.9""],[0.29,""79.6""],[0.3,""65.96""],[0.31,""74""],[0.32,""38.8""],[0.33,""73.6""],[0.34,""38.4""],[0.35,""127.06""],[0.36,""43""],[0.37,""72.9""],[0.38,""237.7""],[0.39,""477.6""],[0.4,""474.5""],[0.41,""175""],[0.42,""70""],[0.43,""95""],[0.44,""70""],[0.45,""60""],[0.46,""222.8""],[0.47,""66.41""],[0.48,""12.8""]]","[[0.01,""10058""],[0.02,""41521.73""],[0.03,""1224.77""],[0.04,""217.06""],[0.05,""223.21""],[0.06,""113.54""],[0.07,""405.39""],[0.08,""90.3""],[0.09,""93.47""],[0.1,""68.3""],[0.11,""89.7""],[0.12,""56.74""],[0.13,""74.2""],[0.14,""52.05""],[0.15,""75.17""],[0.16,""58.55""],[0.17,""67.19""],[0.18,""550.86""],[0.19,""564.77""],[0.2,""563.81""],[0.21,""563.1""],[0.22,""542.5""],[0.23,""561.89""],[0.24,""41.39""],[0.25,""66""],[0.26,""45.6""],[0.27,""60.2""],[0.28,""54.9""],[0.29,""59.6""],[0.3,""78.32""],[0.31,""95""],[0.32,""73.8""],[0.33,""283.6""],[0.34,""78.4""],[0.35,""511.78""],[0.36,""433""],[0.37,""77.9""],[0.38,""72.7""],[0.39,""82.6""],[0.4,""99.5""],[0.41,""123.4""],[0.42,""82.3""],[0.43,""287.2""],[0.44,""97.2""],[0.45,""55.72""],[0.46,""146""],[0.47,""190""],[0.48,""96.58""],[0.49,""62.6""],[0.5,""126.17""],[0.51,""91.76""]]"
2026-05-17T02:16:49.290Z,btc-updown-15m-1778984100,"Bitcoin Up or Down - May 16, 10:15PM-10:30PM ET",btc-updown-15m-1778984100,2026-05-17T02:30:00Z,,0.48,0.49,0.51,0.52,0.485,0.53,467.19222,,27.8,96.38,"[[0.01,""10736.22""],[0.02,""41538.57""],[0.03,""1211.77""],[0.04,""216.9""],[0.05,""223.2""],[0.06,""118.54""],[0.07,""415.39""],[0.08,""90.29""],[0.09,""93.58""],[0.1,""68.29""],[0.11,""89.7""],[0.12,""56.74""],[0.13,""74.2""],[0.14,""52.05""],[0.15,""575.17""],[0.16,""558.55""],[0.17,""67.19""],[0.18,""45.86""],[0.19,""64.77""],[0.2,""88.8""],[0.21,""68.1""],[0.22,""42.5""],[0.23,""61.89""],[0.24,""41.39""],[0.25,""81""],[0.26,""40.6""],[0.27,""75.2""],[0.28,""39.9""],[0.29,""79.6""],[0.3,""65.96""],[0.31,""74""],[0.32,""38.8""],[0.33,""78.6""],[0.34,""43.4""],[0.35,""132.06""],[0.36,""38""],[0.37,""77.9""],[0.38,""242.7""],[0.39,""477.6""],[0.4,""469.5""],[0.41,""170""],[0.42,""65""],[0.43,""135""],[0.44,""30""],[0.45,""135""],[0.46,""187.82""],[0.47,""102.68""],[0.48,""27.8""]]","[[0.01,""10053""],[0.02,""41521.73""],[0.03,""1224.77""],[0.04,""217.06""],[0.05,""223.21""],[0.06,""113.54""],[0.07,""405.39""],[0.08,""90.3""],[0.09,""93.47""],[0.1,""68.3""],[0.11,""89.7""],[0.12,""56.74""],[0.13,""74.2""],[0.14,""52.05""],[0.15,""75.17""],[0.16,""58.55""],[0.17,""67.19""],[0.18,""550.86""],[0.19,""564.77""],[0.2,""563.81""],[0.21,""563.1""],[0.22,""542.5""],[0.23,""561.89""],[0.24,""41.39""],[0.25,""66""],[0.26,""45.6""],[0.27,""60.2""],[0.28,""39.9""],[0.29,""59.6""],[0.3,""68.32""],[0.31,""70""],[0.32,""53.8""],[0.33,""263.6""],[0.34,""58.4""],[0.35,""491.78""],[0.36,""413""],[0.37,""57.9""],[0.38,""52.7""],[0.39,""82.6""],[0.4,""99.5""],[0.41,""113.4""],[0.42,""77.3""],[0.43,""282.2""],[0.44,""97.2""],[0.45,""75.72""],[0.46,""171""],[0.47,""240""],[0.48,""111.58""],[0.49,""74.18""],[0.5,""146.17""],[0.51,""96.38""]]"
2026-05-17T02:16:51.251Z,btc-updown-15m-1778984100,"Bitcoin Up or Down - May 16, 10:15PM-10:30PM ET",btc-updown-15m-1778984100,2026-05-17T02:30:00Z,,0.48,0.49,0.51,0.52,0.485,0.53,467.19222,,17.8,106.38,"[[0.01,""10736.22""],[0.02,""41538.57""],[0.03,""1211.77""],[0.04,""216.9""],[0.05,""223.2""],[0.06,""118.54""],[0.07,""415.39""],[0.08,""90.29""],[0.09,""93.58""],[0.1,""68.29""],[0.11,""89.7""],[0.12,""56.74""],[0.13,""74.2""],[0.14,""552.05""],[0.15,""575.17""],[0.16,""558.55""],[0.17,""567.19""],[0.18,""45.86""],[0.19,""64.77""],[0.2,""88.8""],[0.21,""68.1""],[0.22,""42.5""],[0.23,""61.89""],[0.24,""41.39""],[0.25,""81""],[0.26,""40.6""],[0.27,""75.2""],[0.28,""39.9""],[0.29,""79.6""],[0.3,""65.96""],[0.31,""74""],[0.32,""43.8""],[0.33,""78.6""],[0.34,""43.4""],[0.35,""132.06""],[0.36,""38""],[0.37,""77.9""],[0.38,""242.7""],[0.39,""477.6""],[0.4,""469.5""],[0.41,""170""],[0.42,""65""],[0.43,""135""],[0.44,""30""],[0.45,""135""],[0.46,""197.82""],[0.47,""97.68""],[0.48,""17.8""]]","[[0.01,""10058""],[0.02,""41521.73""],[0.03,""1224.77""],[0.04,""217.06""],[0.05,""223.21""],[0.06,""113.54""],[0.07,""405.39""],[0.08,""90.3""],[0.09,""93.47""],[0.1,""68.3""],[0.11,""89.7""],[0.12,""56.74""],[0.13,""74.2""],[0.14,""52.05""],[0.15,""75.17""],[0.16,""58.55""],[0.17,""67.19""],[0.18,""50.86""],[0.19,""64.77""],[0.2,""563.81""],[0.21,""563.1""],[0.22,""542.5""],[0.23,""561.89""],[0.24,""541.39""],[0.25,""66""],[0.26,""45.6""],[0.27,""60.2""],[0.28,""39.9""],[0.29,""59.6""],[0.3,""68.32""],[0.31,""70""],[0.32,""53.8""],[0.33,""263.6""],[0.34,""58.4""],[0.35,""491.78""],[0.36,""413""],[0.37,""77.9""],[0.38,""52.7""],[0.39,""62.6""],[0.4,""99.5""],[0.41,""113.4""],[0.42,""77.3""],[0.43,""282.2""],[0.44,""97.2""],[0.45,""85.72""],[0.46,""160""],[0.47,""240""],[0.48,""106.58""],[0.49,""49.18""],[0.5,""106.17""],[0.51,""106.38""]]"
2026-05-17T02:16:54.204Z,btc-updown-15m-1778984100,"Bitcoin Up or Down - May 16, 10:15PM-10:30PM ET",btc-updown-15m-1778984100,2026-05-17T02:30:00Z,,0.46,0.48,0.52,0.54,0.47,0.53,467.19222,,59.82,103.73,"[[0.01,""10736.22""],[0.02,""41538.57""],[0.03,""1211.77""],[0.04,""216.9""],[0.05,""223.2""],[0.06,""118.54""],[0.07,""415.39""],[0.08,""90.29""],[0.09,""93.58""],[0.1,""68.29""],[0.11,""89.7""],[0.12,""56.74""],[0.13,""74.2""],[0.14,""552.05""],[0.15,""575.17""],[0.16,""58.55""],[0.17,""67.19""],[0.18,""45.86""],[0.19,""64.77""],[0.2,""88.8""],[0.21,""68.1""],[0.22,""42.5""],[0.23,""61.89""],[0.24,""41.39""],[0.25,""81""],[0.26,""40.6""],[0.27,""75.2""],[0.28,""39.9""],[0.29,""79.6""],[0.3,""65.96""],[0.31,""74""],[0.32,""43.8""],[0.33,""73.6""],[0.34,""38.4""],[0.35,""127.06""],[0.36,""38""],[0.37,""72.9""],[0.38,""237.7""],[0.39,""472.6""],[0.4,""357""],[0.41,""70""],[0.42,""65""],[0.43,""130""],[0.44,""30""],[0.45,""180""],[0.46,""59.82""]]","[[0.01,""10058""],[0.02,""41521.73""],[0.03,""1224.77""],[0.04,""217.06""],[0.05,""223.21""],[0.06,""113.54""],[0.07,""405.39""],[0.08,""90.3""],[0.09,""93.47""],[0.1,""68.3""],[0.11,""89.7""],[0.12,""56.74""],[0.13,""74.2""],[0.14,""52.05""],[0.15,""75.17""],[0.16,""58.55""],[0.17,""67.19""],[0.18,""50.86""],[0.19,""64.77""],[0.2,""63.81""],[0.21,""563.1""],[0.22,""542.5""],[0.23,""561.89""],[0.24,""541.39""],[0.25,""566""],[0.26,""45.6""],[0.27,""60.2""],[0.28,""39.9""],[0.29,""59.6""],[0.3,""68.32""],[0.31,""70""],[0.32,""53.8""],[0.33,""258.6""],[0.34,""58.4""],[0.35,""491.78""],[0.36,""413""],[0.37,""82.9""],[0.38,""52.7""],[0.39,""62.6""],[0.4,""99.5""],[0.41,""113.4""],[0.42,""77.3""],[0.43,""282.2""],[0.44,""92.2""],[0.45,""97.82""],[0.46,""110""],[0.47,""180""],[0.48,""61.58""],[0.49,""62.8""],[0.5,""82.8""],[0.51,""72.8""],[0.52,""103.73""]]"
2026-05-17T02:16:57.313Z,btc-updown-15m-1778984100,"Bitcoin Up or Down - May 16, 10:15PM-10:30PM ET",btc-updown-15m-1778984100,2026-05-17T02:30:00Z,,0.44,0.45,0.55,0.56,0.445,0.53,467.19222,,45.4,62.77,"[[0.01,""10731.22""],[0.02,""41533.57""],[0.03,""1211.77""],[0.04,""216.9""],[0.05,""223.2""],[0.06,""118.54""],[0.07,""415.39""],[0.08,""90.29""],[0.09,""93.58""],[0.1,""68.29""],[0.11,""89.7""],[0.12,""56.74""],[0.13,""574.2""],[0.14,""52.05""],[0.15,""75.17""],[0.16,""58.55""],[0.17,""67.19""],[0.18,""45.86""],[0.19,""64.77""],[0.2,""88.8""],[0.21,""63.1""],[0.22,""42.5""],[0.23,""76.89""],[0.24,""46.39""],[0.25,""96""],[0.26,""40.6""],[0.27,""75.2""],[0.28,""39.9""],[0.29,""74.6""],[0.3,""60.96""],[0.31,""74""],[0.32,""43.8""],[0.33,""73.6""],[0.34,""38.4""],[0.35,""121.06""],[0.36,""25""],[0.37,""60""],[0.38,""65""],[0.39,""100""],[0.4,""72""],[0.41,""117""],[0.42,""65""],[0.43,""45""],[0.44,""45.4""]]","[[0.01,""10053""],[0.02,""41521.73""],[0.03,""1224.77""],[0.04,""217.06""],[0.05,""223.21""],[0.06,""113.54""],[0.07,""405.39""],[0.08,""90.3""],[0.09,""93.47""],[0.1,""68.3""],[0.11,""89.7""],[0.12,""56.74""],[0.13,""74.2""],[0.14,""52.05""],[0.15,""75.17""],[0.16,""58.55""],[0.17,""67.19""],[0.18,""45.86""],[0.19,""64.77""],[0.2,""63.81""],[0.21,""563.1""],[0.22,""542.5""],[0.23,""561.89""],[0.24,""541.39""],[0.25,""566""],[0.26,""40.6""],[0.27,""560.2""],[0.28,""39.9""],[0.29,""59.6""],[0.3,""58.32""],[0.31,""64""],[0.32,""53.8""],[0.33,""73.6""],[0.34,""53.4""],[0.35,""91.78""],[0.36,""113""],[0.37,""62.9""],[0.38,""52.7""],[0.39,""57.6""],[0.4,""94.5""],[0.41,""108.4""],[0.42,""72.3""],[0.43,""82.2""],[0.44,""92.2""],[0.45,""97.82""],[0.46,""77.1""],[0.47,""87""],[0.48,""112""],[0.49,""157""],[0.5,""109.8""],[0.51,""127.8""],[0.52,""77.8""],[0.53,""209.18""],[0.54,""86""],[0.55,""62.77""]]"
2026-05-17T02:16:58.660Z,btc-updown-15m-1778984100,"Bitcoin Up or Down - May 16, 10:15PM-10:30PM ET",btc-updown-15m-1778984100,2026-05-17T02:30:00Z,,0.44,0.45,0.55,0.56,0.445,0.53,467.19222,,82.95,49.09,"[[0.01,""10736.22""],[0.02,""41533.57""],[0.03,""1211.77""],[0.04,""216.9""],[0.05,""223.2""],[0.06,""118.54""],[0.07,""415.39""],[0.08,""90.29""],[0.09,""93.58""],[0.1,""68.29""],[0.11,""589.7""],[0.12,""556.74""],[0.13,""1074.2""],[0.14,""52.05""],[0.15,""80.17""],[0.16,""58.55""],[0.17,""67.19""],[0.18,""45.86""],[0.19,""64.77""],[0.2,""88.8""],[0.21,""63.1""],[0.22,""42.5""],[0.23,""76.89""],[0.24,""46.39""],[0.25,""96""],[0.26,""40.6""],[0.27,""75.2""],[0.28,""39.9""],[0.29,""74.6""],[0.3,""60.96""],[0.31,""74""],[0.32,""43.8""],[0.33,""73.6""],[0.34,""38.4""],[0.35,""221.06""],[0.36,""25""],[0.37,""465""],[0.38,""65""],[0.39,""100""],[0.4,""92""],[0.41,""117""],[0.42,""90""],[0.43,""20""],[0.44,""82.95""]]","[[0.01,""10058""],[0.02,""41521.73""],[0.03,""1224.77""],[0.04,""217.06""],[0.05,""223.21""],[0.06,""113.54""],[0.07,""405.39""],[0.08,""90.3""],[0.09,""93.47""],[0.1,""68.3""],[0.11,""89.7""],[0.12,""56.74""],[0.13,""74.2""],[0.14,""52.05""],[0.15,""75.17""],[0.16,""58.55""],[0.17,""67.19""],[0.18,""45.86""],[0.19,""64.77""],[0.2,""63.81""],[0.21,""63.1""],[0.22,""42.5""],[0.23,""561.89""],[0.24,""546.39""],[0.25,""566""],[0.26,""540.6""],[0.27,""560.2""],[0.28,""539.9""],[0.29,""59.6""],[0.3,""58.32""],[0.31,""64""],[0.32,""38.8""],[0.33,""73.6""],[0.34,""38.4""],[0.35,""91.78""],[0.36,""118""],[0.37,""62.9""],[0.38,""77.7""],[0.39,""357.6""],[0.4,""94.5""],[0.41,""108.4""],[0.42,""72.3""],[0.43,""82.2""],[0.44,""92.2""],[0.45,""297.82""],[0.46,""77.1""],[0.47,""82""],[0.48,""112""],[0.49,""102""],[0.5,""234.8""],[0.51,""152.8""],[0.52,""77.8""],[0.53,""229.18""],[0.54,""119.37""],[0.55,""49.09""]]"
2026-05-17T02:17:00.688Z,btc-updown-15m-1778984100,"Bitcoin Up or Down - May 16, 10:15PM-10:30PM ET",btc-updown-15m-1778984100,2026-05-17T02:30:00Z,,0.44,0.45,0.55,0.56,0.445,0.53,467.19222,,68.82,49.09,"[[0.01,""10736.22""],[0.02,""41533.57""],[0.03,""1211.77""],[0.04,""216.9""],[0.05,""223.2""],[0.06,""118.54""],[0.07,""415.39""],[0.08,""90.29""],[0.09,""93.58""],[0.1,""68.29""],[0.11,""89.7""],[0.12,""556.74""],[0.13,""1074.2""],[0.14,""552.05""],[0.15,""580.17""],[0.16,""58.55""],[0.17,""67.19""],[0.18,""45.86""],[0.19,""64.77""],[0.2,""88.8""],[0.21,""63.1""],[0.22,""42.5""],[0.23,""76.89""],[0.24,""46.39""],[0.25,""96""],[0.26,""40.6""],[0.27,""80.2""],[0.28,""39.9""],[0.29,""74.6""],[0.3,""60.96""],[0.31,""79""],[0.32,""54.8""],[0.33,""83.6""],[0.34,""43.4""],[0.35,""426.06""],[0.36,""425""],[0.37,""465""],[0.38,""60""],[0.39,""105""],[0.4,""192""],[0.41,""282""],[0.42,""120""],[0.43,""20""],[0.44,""68.82""]]","[[0.01,""10058""],[0.02,""41521.73""],[0.03,""1224.77""],[0.04,""217.06""],[0.05,""223.21""],[0.06,""113.54""],[0.07,""405.39""],[0.08,""90.3""],[0.09,""93.47""],[0.1,""68.3""],[0.11,""89.7""],[0.12,""56.74""],[0.13,""74.2""],[0.14,""52.05""],[0.15,""75.17""],[0.16,""58.55""],[0.17,""67.19""],[0.18,""45.86""],[0.19,""64.77""],[0.2,""63.81""],[0.21,""63.1""],[0.22,""42.5""],[0.23,""61.89""],[0.24,""546.39""],[0.25,""566""],[0.26,""540.6""],[0.27,""560.2""],[0.28,""39.9""],[0.29,""59.6""],[0.3,""58.32""],[0.31,""64""],[0.32,""38.8""],[0.33,""74.6""],[0.34,""38.4""],[0.35,""91.78""],[0.36,""318""],[0.37,""462.9""],[0.38,""52.7""],[0.39,""377.6""],[0.4,""74.5""],[0.41,""108.4""],[0.42,""72.3""],[0.43,""82.2""],[0.44,""92.2""],[0.45,""297.82""],[0.46,""77.1""],[0.47,""122""],[0.48,""112""],[0.49,""77""],[0.5,""122.8""],[0.51,""252.8""],[0.52,""147.8""],[0.53,""179.18""],[0.54,""119.37""],[0.55,""49.09""]]"
2026-05-17T02:17:02.731Z,btc-updown-15m-1778984100,"Bitcoin Up or Down - May 16, 10:15PM-10:30PM ET",btc-updown-15m-1778984100,2026-05-17T02:30:00Z,,0.45,0.49,0.51,0.55,0.47,0.53,467.19222,,30.0,28.97,"[[0.01,""10631.22""],[0.02,""2533.57""],[0.03,""1211.77""],[0.04,""216.9""],[0.05,""223.2""],[0.06,""118.54""],[0.07,""415.39""],[0.08,""90.29""],[0.09,""93.58""],[0.1,""68.29""],[0.11,""89.7""],[0.12,""556.74""],[0.13,""1074.2""],[0.14,""552.05""],[0.15,""580.17""],[0.16,""58.55""],[0.17,""67.19""],[0.18,""45.86""],[0.19,""64.77""],[0.2,""88.8""],[0.21,""63.1""],[0.22,""42.5""],[0.23,""76.89""],[0.24,""150.39""],[0.25,""96""],[0.26,""40.6""],[0.27,""80.2""],[0.28,""39.9""],[0.29,""74.6""],[0.3,""60.96""],[0.31,""74""],[0.32,""43.8""],[0.33,""73.6""],[0.34,""43.4""],[0.35,""126.06""],[0.36,""43""],[0.37,""65""],[0.38,""160""],[0.39,""60""],[0.4,""52""],[0.41,""60""],[0.42,""122""],[0.43,""60""],[0.44,""192.14""],[0.45,""30""]]","[[0.01,""9963""],[0.02,""2571.73""],[0.03,""1224.77""],[0.04,""217.06""],[0.05,""223.21""],[0.06,""113.54""],[0.07,""405.39""],[0.08,""90.3""],[0.09,""93.47""],[0.1,""68.3""],[0.11,""89.7""],[0.12,""56.74""],[0.13,""74.2""],[0.14,""52.05""],[0.15,""75.17""],[0.16,""58.55""],[0.17,""67.19""],[0.18,""45.86""],[0.19,""64.77""],[0.2,""63.81""],[0.21,""63.1""],[0.22,""42.5""],[0.23,""561.89""],[0.24,""46.39""],[0.25,""66""],[0.26,""40.6""],[0.27,""60.2""],[0.28,""39.9""],[0.29,""59.6""],[0.3,""58.32""],[0.31,""64""],[0.32,""38.8""],[0.33,""58.6""],[0.34,""38.4""],[0.35,""163.18""],[0.36,""118""],[0.37,""62.9""],[0.38,""52.7""],[0.39,""77.6""],[0.4,""74.5""],[0.41,""108.4""],[0.42,""72.3""],[0.43,""77.2""],[0.44,""87.2""],[0.45,""67.82""],[0.46,""40""],[0.47,""40""],[0.48,""60""],[0.49,""40""],[0.5,""37.8""],[0.51,""28.97""]]"
2026-05-17T02:17:05.560Z,btc-updown-15m-1778984100,"Bitcoin Up or Down - May 16, 10:15PM-10:30PM ET",btc-updown-15m-1778984100,2026-05-17T02:30:00Z,,0.53,0.55,0.45,0.47,0.54,0.53,467.19222,,5.0,27.84,"[[0.01,""10626.22""],[0.02,""2538.57""],[0.03,""1211.77""],[0.04,""216.9""],[0.05,""223.2""],[0.06,""118.54""],[0.07,""415.39""],[0.08,""90.29""],[0.09,""93.58""],[0.1,""68.29""],[0.11,""89.7""],[0.12,""556.74""],[0.13,""1074.2""],[0.14,""552.05""],[0.15,""575.17""],[0.16,""558.55""],[0.17,""67.19""],[0.18,""45.86""],[0.19,""64.77""],[0.2,""88.8""],[0.21,""63.1""],[0.22,""42.5""],[0.23,""61.89""],[0.24,""145.39""],[0.25,""96""],[0.26,""40.6""],[0.27,""75.2""],[0.28,""39.9""],[0.29,""74.6""],[0.3,""60.96""],[0.31,""74""],[0.32,""38.8""],[0.33,""73.6""],[0.34,""43.4""],[0.35,""121.06""],[0.36,""38""],[0.37,""77.9""],[0.38,""77.7""],[0.39,""78.6""],[0.4,""52""],[0.41,""85""],[0.42,""30""],[0.43,""135.53""],[0.44,""66""],[0.45,""77.84""],[0.46,""88.13""],[0.47,""25""],[0.48,""57.34""],[0.49,""90.34""],[0.5,""55""],[0.51,""60""],[0.52,""1061.33""],[0.53,""5""]]","[[0.01,""9948""],[0.02,""2571.73""],[0.03,""1224.77""],[0.04,""217.06""],[0.05,""223.21""],[0.06,""113.54""],[0.07,""405.39""],[0.08,""90.3""],[0.09,""93.47""],[0.1,""68.3""],[0.11,""89.7""],[0.12,""56.74""],[0.13,""74.2""],[0.14,""52.05""],[0.15,""75.17""],[0.16,""58.55""],[0.17,""67.19""],[0.18,""50.86""],[0.19,""64.77""],[0.2,""63.81""],[0.21,""63.1""],[0.22,""42.5""],[0.23,""561.89""],[0.24,""41.39""],[0.25,""66""],[0.26,""40.6""],[0.27,""81.2""],[0.28,""39.9""],[0.29,""259.6""],[0.3,""58.32""],[0.31,""359""],[0.32,""38.8""],[0.33,""58.6""],[0.34,""53.4""],[0.35,""163.18""],[0.36,""118""],[0.37,""57.9""],[0.38,""67.7""],[0.39,""60""],[0.4,""77""],[0.41,""71""],[0.42,""40""],[0.43,""140""],[0.44,""105""],[0.45,""27.84""]]"
2026-05-17T02:17:06.667Z,btc-updown-15m-1778984100,"Bitcoin Up or Down - May 16, 10:15PM-10:30PM ET",btc-updown-15m-1778984100,2026-05-17T02:30:00Z,,0.52,0.54,0.46,0.48,0.53,0.53,467.19222,,40.34,12.8,"[[0.01,""10626.22""],[0.02,""2538.57""],[0.03,""1211.77""],[0.04,""216.9""],[0.05,""223.2""],[0.06,""118.54""],[0.07,""415.39""],[0.08,""90.29""],[0.09,""93.58""],[0.1,""68.29""],[0.11,""89.7""],[0.12,""56.74""],[0.13,""1074.2""],[0.14,""552.05""],[0.15,""575.17""],[0.16,""558.55""],[0.17,""67.19""],[0.18,""45.86""],[0.19,""64.77""],[0.2,""88.8""],[0.21,""63.1""],[0.22,""42.5""],[0.23,""61.89""],[0.24,""145.39""],[0.25,""96""],[0.26,""40.6""],[0.27,""75.2""],[0.28,""39.9""],[0.29,""74.6""],[0.3,""60.96""],[0.31,""74""],[0.32,""38.8""],[0.33,""73.6""],[0.34,""38.4""],[0.35,""121.06""],[0.36,""38""],[0.37,""77.9""],[0.38,""77.7""],[0.39,""72.6""],[0.4,""64.5""],[0.41,""72.4""],[0.42,""42.3""],[0.43,""185.53""],[0.44,""71""],[0.45,""61.23""],[0.46,""41""],[0.47,""130""],[0.48,""100""],[0.49,""108.61""],[0.5,""75""],[0.51,""96""],[0.52,""40.34""]]","[[0.01,""9943""],[0.02,""2571.73""],[0.03,""1224.77""],[0.04,""217.06""],[0.05,""223.21""],[0.06,""113.54""],[0.07,""405.39""],[0.08,""90.3""],[0.09,""93.47""],[0.1,""68.3""],[0.11,""89.7""],[0.12,""56.74""],[0.13,""74.2""],[0.14,""52.05""],[0.15,""75.17""],[0.16,""58.55""],[0.17,""67.19""],[0.18,""50.86""],[0.19,""64.77""],[0.2,""63.81""],[0.21,""63.1""],[0.22,""42.5""],[0.23,""561.89""],[0.24,""41.39""],[0.25,""66""],[0.26,""45.6""],[0.27,""75.2""],[0.28,""39.9""],[0.29,""79.6""],[0.3,""58.32""],[0.31,""59""],[0.32,""53.8""],[0.33,""63.6""],[0.34,""53.4""],[0.35,""203.18""],[0.36,""118""],[0.37,""57.9""],[0.38,""80""],[0.39,""60""],[0.4,""57""],[0.41,""91""],[0.42,""32""],[0.43,""45""],[0.44,""100""],[0.45,""20.54""],[0.46,""12.8""]]"
2026-05-17T02:17:08.669Z,btc-updown-15m-1778984100,"Bitcoin Up or Down - May 16, 10:15PM-10:30PM ET",btc-updown-15m-1778984100,2026-05-17T02:30:00Z,,0.54,0.55,0.45,0.46,0.545,0.53,467.19222,,121.13,52.29,"[[0.01,""10636.22""],[0.02,""2538.57""],[0.03,""1211.77""],[0.04,""216.9""],[0.05,""223.2""],[0.06,""118.54""],[0.07,""415.39""],[0.08,""90.29""],[0.09,""93.58""],[0.1,""68.29""],[0.11,""89.7""],[0.12,""56.74""],[0.13,""1074.2""],[0.14,""552.05""],[0.15,""575.17""],[0.16,""558.55""],[0.17,""67.19""],[0.18,""45.86""],[0.19,""64.77""],[0.2,""88.8""],[0.21,""63.1""],[0.22,""547.5""],[0.23,""561.89""],[0.24,""645.39""],[0.25,""81""],[0.26,""40.6""],[0.27,""60.2""],[0.28,""39.9""],[0.29,""59.6""],[0.3,""65.96""],[0.31,""59""],[0.32,""38.8""],[0.33,""58.6""],[0.34,""38.4""],[0.35,""126.06""],[0.36,""38""],[0.37,""83.9""],[0.38,""72.7""],[0.39,""72.6""],[0.4,""75.5""],[0.41,""282.4""],[0.42,""252.3""],[0.43,""82.2""],[0.44,""347.2""],[0.45,""83.33""],[0.46,""47.1""],[0.47,""150""],[0.48,""70""],[0.49,""205""],[0.5,""130""],[0.51,""214""],[0.52,""94.41""],[0.53,""63""],[0.54,""121.13""]]","[[0.01,""9958""],[0.02,""2521.73""],[0.03,""1224.77""],[0.04,""217.06""],[0.05,""223.21""],[0.06,""113.54""],[0.07,""405.39""],[0.08,""90.3""],[0.09,""93.47""],[0.1,""68.3""],[0.11,""89.7""],[0.12,""56.74""],[0.13,""74.2""],[0.14,""52.05""],[0.15,""575.17""],[0.16,""558.55""],[0.17,""567.19""],[0.18,""50.86""],[0.19,""64.77""],[0.2,""63.81""],[0.21,""63.1""],[0.22,""42.5""],[0.23,""61.89""],[0.24,""56.39""],[0.25,""66""],[0.26,""80.6""],[0.27,""101.2""],[0.28,""74.9""],[0.29,""84.6""],[0.3,""293.32""],[0.31,""79""],[0.32,""73.8""],[0.33,""383.6""],[0.34,""73.4""],[0.35,""223.18""],[0.36,""138""],[0.37,""82.9""],[0.38,""197.7""],[0.39,""165""],[0.4,""62""],[0.41,""141""],[0.42,""77""],[0.43,""150""],[0.44,""145""],[0.45,""52.29""]]"
2026-05-17T02:17:10.721Z,btc-updown-15m-1778984100,"Bitcoin Up or Down - May 16, 10:15PM-10:30PM ET",btc-updown-15m-1778984100,2026-05-17T02:30:00Z,,0.54,0.55,0.45,0.46,0.545,0.53,467.19222,,127.31,46.57,"[[0.01,""10636.22""],[0.02,""2538.57""],[0.03,""1211.77""],[0.04,""216.9""],[0.05,""223.2""],[0.06,""118.54""],[0.07,""415.39""],[0.08,""90.29""],[0.09,""93.58""],[0.1,""68.29""],[0.11,""89.7""],[0.12,""56.74""],[0.13,""74.2""],[0.14,""52.05""],[0.15,""575.17""],[0.16,""558.55""],[0.17,""67.19""],[0.18,""45.86""],[0.19,""64.77""],[0.2,""88.8""],[0.21,""63.1""],[0.22,""547.5""],[0.23,""561.89""],[0.24,""645.39""],[0.25,""81""],[0.26,""40.6""],[0.27,""60.2""],[0.28,""39.9""],[0.29,""59.6""],[0.3,""65.96""],[0.31,""59""],[0.32,""38.8""],[0.33,""58.6""],[0.34,""38.4""],[0.35,""121.06""],[0.36,""38""],[0.37,""83.9""],[0.38,""72.7""],[0.39,""72.6""],[0.4,""75.5""],[0.41,""282.4""],[0.42,""652.3""],[0.43,""82.2""],[0.44,""347.2""],[0.45,""83.33""],[0.46,""47.1""],[0.47,""150""],[0.48,""70""],[0.49,""205""],[0.5,""135""],[0.51,""159""],[0.52,""144.41""],[0.53,""58""],[0.54,""127.31""]]","[[0.01,""9953""],[0.02,""2521.73""],[0.03,""1224.77""],[0.04,""217.06""],[0.05,""223.21""],[0.06,""113.54""],[0.07,""405.39""],[0.08,""90.3""],[0.09,""93.47""],[0.1,""68.3""],[0.11,""89.7""],[0.12,""56.74""],[0.13,""74.2""],[0.14,""52.05""],[0.15,""575.17""],[0.16,""558.55""],[0.17,""567.19""],[0.18,""50.86""],[0.19,""64.77""],[0.2,""63.81""],[0.21,""63.1""],[0.22,""42.5""],[0.23,""61.89""],[0.24,""56.39""],[0.25,""86""],[0.26,""60.6""],[0.27,""101.2""],[0.28,""74.9""],[0.29,""79.6""],[0.3,""293.32""],[0.31,""479""],[0.32,""73.8""],[0.33,""383.6""],[0.34,""73.4""],[0.35,""228.18""],[0.36,""148""],[0.37,""92.9""],[0.38,""307.7""],[0.39,""65""],[0.4,""47""],[0.41,""141""],[0.42,""72""],[0.43,""150""],[0.44,""145""],[0.45,""46.57""]]"
2026-05-17T02:17:12.770Z,btc-updown-15m-1778984100,"Bitcoin Up or Down - May 16, 10:15PM-10:30PM ET",btc-updown-15m-1778984100,2026-05-17T02:30:00Z,,0.54,0.55,0.45,0.46,0.545,0.53,467.19222,,211.32,44.14,"[[0.01,""10636.22""],[0.02,""2538.57""],[0.03,""1211.77""],[0.04,""216.9""],[0.05,""223.2""],[0.06,""118.54""],[0.07,""415.39""],[0.08,""90.29""],[0.09,""93.58""],[0.1,""68.29""],[0.11,""89.7""],[0.12,""56.74""],[0.13,""74.2""],[0.14,""52.05""],[0.15,""575.17""],[0.16,""558.55""],[0.17,""67.19""],[0.18,""45.86""],[0.19,""64.77""],[0.2,""88.8""],[0.21,""63.1""],[0.22,""547.5""],[0.23,""561.89""],[0.24,""645.39""],[0.25,""581""],[0.26,""40.6""],[0.27,""60.2""],[0.28,""39.9""],[0.29,""59.6""],[0.3,""65.96""],[0.31,""59""],[0.32,""38.8""],[0.33,""58.6""],[0.34,""38.4""],[0.35,""121.06""],[0.36,""43""],[0.37,""83.9""],[0.38,""72.7""],[0.39,""72.6""],[0.4,""75.5""],[0.41,""282.4""],[0.42,""652.3""],[0.43,""82.2""],[0.44,""347.2""],[0.45,""83.33""],[0.46,""47.1""],[0.47,""122""],[0.48,""70""],[0.49,""105""],[0.5,""70""],[0.51,""120""],[0.52,""149.39""],[0.53,""73""],[0.54,""211.32""]]","[[0.01,""9958""],[0.02,""2521.73""],[0.03,""1224.77""],[0.04,""217.06""],[0.05,""223.21""],[0.06,""113.54""],[0.07,""405.39""],[0.08,""90.3""],[0.09,""93.47""],[0.1,""68.3""],[0.11,""89.7""],[0.12,""56.74""],[0.13,""74.2""],[0.14,""552.05""],[0.15,""575.17""],[0.16,""558.55""],[0.17,""567.19""],[0.18,""50.86""],[0.19,""64.77""],[0.2,""63.81""],[0.21,""63.1""],[0.22,""42.5""],[0.23,""61.89""],[0.24,""56.39""],[0.25,""86""],[0.26,""80.6""],[0.27,""101.2""],[0.28,""74.9""],[0.29,""79.6""],[0.3,""293.32""],[0.31,""479""],[0.32,""73.8""],[0.33,""423.6""],[0.34,""73.4""],[0.35,""188.18""],[0.36,""173""],[0.37,""192.9""],[0.38,""177.7""],[0.39,""45""],[0.4,""47""],[0.41,""141""],[0.42,""72""],[0.43,""170""],[0.44,""80""],[0.45,""44.14""]]"
2026-05-17T02:17:15.584Z,btc-updown-15m-1778984100,"Bitcoin Up or Down - May 16, 10:15PM-10:30PM ET",btc-updown-15m-1778984100,2026-05-17T02:30:00Z,,0.56,0.57,0.43,0.44,0.565,0.53,467.19222,,146.22,50.0,"[[0.01,""10636.22""],[0.02,""2538.57""],[0.03,""1211.77""],[0.04,""216.9""],[0.05,""223.2""],[0.06,""118.54""],[0.07,""415.39""],[0.08,""90.29""],[0.09,""93.58""],[0.1,""68.29""],[0.11,""89.7""],[0.12,""56.74""],[0.13,""74.2""],[0.14,""52.05""],[0.15,""75.17""],[0.16,""58.55""],[0.17,""67.19""],[0.18,""45.86""],[0.19,""64.77""],[0.2,""88.8""],[0.21,""63.1""],[0.22,""547.5""],[0.23,""561.89""],[0.24,""645.39""],[0.25,""581""],[0.26,""540.6""],[0.27,""560.2""],[0.28,""39.9""],[0.29,""59.6""],[0.3,""65.96""],[0.31,""59""],[0.32,""38.8""],[0.33,""58.6""],[0.34,""38.4""],[0.35,""121.06""],[0.36,""43""],[0.37,""72.9""],[0.38,""78.7""],[0.39,""72.6""],[0.4,""70.5""],[0.41,""82.4""],[0.42,""52.3""],[0.43,""87.2""],[0.44,""52.2""],[0.45,""183.33""],[0.46,""147.1""],[0.47,""112""],[0.48,""42""],[0.49,""77""],[0.5,""110""],[0.51,""95""],[0.52,""188.78""],[0.53,""190""],[0.54,""202.86""],[0.55,""149.84""],[0.56,""146.22""]]","[[0.01,""9958""],[0.02,""2521.73""],[0.03,""1224.77""],[0.04,""217.06""],[0.05,""223.21""],[0.06,""113.54""],[0.07,""405.39""],[0.08,""90.3""],[0.09,""93.47""],[0.1,""68.3""],[0.11,""89.7""],[0.12,""561.74""],[0.13,""574.2""],[0.14,""552.05""],[0.15,""575.17""],[0.16,""58.55""],[0.17,""67.19""],[0.18,""45.86""],[0.19,""64.77""],[0.2,""63.81""],[0.21,""68.1""],[0.22,""57.5""],[0.23,""61.89""],[0.24,""136.39""],[0.25,""86""],[0.26,""90.6""],[0.27,""86.2""],[0.28,""79.9""],[0.29,""84.6""],[0.3,""93.32""],[0.31,""119""],[0.32,""73.8""],[0.33,""78.6""],[0.34,""83.4""],[0.35,""183.18""],[0.36,""210""],[0.37,""145""],[0.38,""45""],[0.39,""95""],[0.4,""204""],[0.41,""196""],[0.42,""85""],[0.43,""50""]]"
2026-05-17T02:17:19.234Z,btc-updown-15m-1778984100,"Bitcoin Up or Down - May 16, 10:15PM-10:30PM ET",btc-updown-15m-1778984100,2026-05-17T02:30:00Z,,0.56,0.57,0.43,0.44,0.565,0.53,467.19222,,154.12,36.97,"[[0.01,""10014.97""],[0.02,""2850.17""],[0.03,""1211.77""],[0.04,""216.9""],[0.05,""223.2""],[0.06,""118.54""],[0.07,""415.39""],[0.08,""90.29""],[0.09,""93.58""],[0.1,""68.29""],[0.11,""89.7""],[0.12,""56.74""],[0.13,""74.2""],[0.14,""52.05""],[0.15,""75.17""],[0.16,""58.55""],[0.17,""67.19""],[0.18,""45.86""],[0.19,""64.77""],[0.2,""88.8""],[0.21,""63.1""],[0.22,""47.5""],[0.23,""561.89""],[0.24,""645.39""],[0.25,""581""],[0.26,""540.6""],[0.27,""560.2""],[0.28,""39.9""],[0.29,""59.6""],[0.3,""65.96""],[0.31,""59""],[0.32,""38.8""],[0.33,""58.6""],[0.34,""38.4""],[0.35,""121.06""],[0.36,""43""],[0.37,""77.9""],[0.38,""72.7""],[0.39,""72.6""],[0.4,""76.5""],[0.41,""82.4""],[0.42,""47.3""],[0.43,""82.2""],[0.44,""42.2""],[0.45,""188.33""],[0.46,""457.1""],[0.47,""117""],[0.48,""47""],[0.49,""87""],[0.5,""115""],[0.51,""65""],[0.52,""213.78""],[0.53,""205""],[0.54,""192.86""],[0.55,""144.84""],[0.56,""154.12""]]","[[0.01,""9958""],[0.02,""2516.73""],[0.03,""1224.77""],[0.04,""217.06""],[0.05,""223.21""],[0.06,""113.54""],[0.07,""405.39""],[0.08,""90.3""],[0.09,""93.47""],[0.1,""68.3""],[0.11,""89.7""],[0.12,""561.74""],[0.13,""574.2""],[0.14,""552.05""],[0.15,""575.17""],[0.16,""58.55""],[0.17,""67.19""],[0.18,""45.86""],[0.19,""64.77""],[0.2,""63.81""],[0.21,""68.1""],[0.22,""82.5""],[0.23,""61.89""],[0.24,""56.39""],[0.25,""81""],[0.26,""61.6""],[0.27,""85.2""],[0.28,""74.9""],[0.29,""84.6""],[0.3,""398.32""],[0.31,""124""],[0.32,""78.8""],[0.33,""83.6""],[0.34,""83.4""],[0.35,""193.18""],[0.36,""205""],[0.37,""150""],[0.38,""55""],[0.39,""107""],[0.4,""187""],[0.41,""196""],[0.42,""85""],[0.43,""36.97""]]"
2026-05-17T02:17:24.543Z,btc-updown-15m-1778984100,"Bitcoin Up or Down - May 16, 10:15PM-10:30PM ET",btc-updown-15m-1778984100,2026-05-17T02:30:00Z,,0.57,0.58,0.42,0.43,0.575,0.53,467.19222,,143.77,143.55,"[[0.01,""10024.97""],[0.02,""2900.17""],[0.03,""1211.77""],[0.04,""216.9""],[0.05,""223.2""],[0.06,""118.54""],[0.07,""415.39""],[0.08,""90.29""],[0.09,""93.58""],[0.1,""68.29""],[0.11,""89.7""],[0.12,""56.74""],[0.13,""74.2""],[0.14,""52.05""],[0.15,""75.17""],[0.16,""58.55""],[0.17,""67.19""],[0.18,""45.86""],[0.19,""64.77""],[0.2,""88.8""],[0.21,""63.1""],[0.22,""47.5""],[0.23,""561.89""],[0.24,""645.39""],[0.25,""581""],[0.26,""540.6""],[0.27,""560.2""],[0.28,""39.9""],[0.29,""59.6""],[0.3,""60.96""],[0.31,""59""],[0.32,""38.8""],[0.33,""58.6""],[0.34,""38.4""],[0.35,""126.06""],[0.36,""43""],[0.37,""72.9""],[0.38,""72.7""],[0.39,""83.6""],[0.4,""70.5""],[0.41,""77.4""],[0.42,""42.3""],[0.43,""72.2""],[0.44,""42.2""],[0.45,""193.33""],[0.46,""447.1""],[0.47,""77""],[0.48,""47""],[0.49,""92""],[0.5,""115""],[0.51,""65""],[0.52,""170""],[0.53,""220""],[0.54,""163.53""],[0.55,""271.95""],[0.56,""107.51""],[0.57,""143.77""]]","[[0.01,""9958""],[0.02,""2511.73""],[0.03,""1224.77""],[0.04,""217.06""],[0.05,""223.21""],[0.06,""113.54""],[0.07,""405.39""],[0.08,""90.3""],[0.09,""93.47""],[0.1,""68.3""],[0.11,""89.7""],[0.12,""561.74""],[0.13,""574.2""],[0.14,""552.05""],[0.15,""75.17""],[0.16,""58.55""],[0.17,""67.19""],[0.18,""45.86""],[0.19,""64.77""],[0.2,""63.81""],[0.21,""88.1""],[0.22,""77.5""],[0.23,""81.89""],[0.24,""91.39""],[0.25,""92""],[0.26,""75.6""],[0.27,""80.2""],[0.28,""74.9""],[0.29,""84.6""],[0.3,""393.32""],[0.31,""129""],[0.32,""83.8""],[0.33,""93.6""],[0.34,""88.4""],[0.35,""188.18""],[0.36,""190""],[0.37,""150""],[0.38,""55""],[0.39,""108""],[0.4,""232""],[0.41,""163.8""],[0.42,""143.55""]]"
2026-05-17T02:17:25.785Z,btc-updown-15m-1778984100,"Bitcoin Up or Down - May 16, 10:15PM-10:30PM ET",btc-updown-15m-1778984100,2026-05-17T02:30:00Z,,0.57,0.58,0.42,0.43,0.575,0.53,467.19222,,106.72,163.55,"[[0.01,""10019.97""],[0.02,""2900.17""],[0.03,""1211.77""],[0.04,""216.9""],[0.05,""223.2""],[0.06,""118.54""],[0.07,""415.39""],[0.08,""90.29""],[0.09,""93.58""],[0.1,""68.29""],[0.11,""89.7""],[0.12,""56.74""],[0.13,""74.2""],[0.14,""52.05""],[0.15,""75.17""],[0.16,""58.55""],[0.17,""67.19""],[0.18,""45.86""],[0.19,""64.77""],[0.2,""88.8""],[0.21,""63.1""],[0.22,""47.5""],[0.23,""561.89""],[0.24,""645.39""],[0.25,""581""],[0.26,""40.6""],[0.27,""60.2""],[0.28,""39.9""],[0.29,""59.6""],[0.3,""60.96""],[0.31,""59""],[0.32,""38.8""],[0.33,""58.6""],[0.34,""38.4""],[0.35,""126.06""],[0.36,""43""],[0.37,""72.9""],[0.38,""77.7""],[0.39,""78.6""],[0.4,""70.5""],[0.41,""77.4""],[0.42,""42.3""],[0.43,""77.2""],[0.44,""42.2""],[0.45,""193.33""],[0.46,""447.1""],[0.47,""77""],[0.48,""47""],[0.49,""132""],[0.5,""115""],[0.51,""65""],[0.52,""170""],[0.53,""225""],[0.54,""163.53""],[0.55,""271.95""],[0.56,""78.82""],[0.57,""106.72""]]","[[0.01,""9958""],[0.02,""2511.73""],[0.03,""1224.77""],[0.04,""217.06""],[0.05,""223.21""],[0.06,""113.54""],[0.07,""405.39""],[0.08,""90.3""],[0.09,""93.47""],[0.1,""68.3""],[0.11,""89.7""],[0.12,""561.74""],[0.13,""574.2""],[0.14,""552.05""],[0.15,""575.17""],[0.16,""58.55""],[0.17,""67.19""],[0.18,""45.86""],[0.19,""64.77""],[0.2,""83.81""],[0.21,""88.1""],[0.22,""77.5""],[0.23,""81.89""],[0.24,""91.39""],[0.25,""92""],[0.26,""80.6""],[0.27,""80.2""],[0.28,""74.9""],[0.29,""84.6""],[0.3,""393.32""],[0.31,""129""],[0.32,""83.8""],[0.33,""93.6""],[0.34,""88.4""],[0.35,""198.18""],[0.36,""190""],[0.37,""150""],[0.38,""60""],[0.39,""128""],[0.4,""217""],[0.41,""163.8""],[0.42,""163.55""]]"
2026-05-17T02:17:27.950Z,btc-updown-15m-1778984100,"Bitcoin Up or Down - May 16, 10:15PM-10:30PM ET",btc-updown-15m-1778984100,2026-05-17T02:30:00Z,,0.57,0.58,0.42,0.43,0.575,0.53,467.19222,,5.0,146.62,"[[0.01,""10019.97""],[0.02,""2900.17""],[0.03,""1211.77""],[0.04,""216.9""],[0.05,""223.2""],[0.06,""118.54""],[0.07,""415.39""],[0.08,""90.29""],[0.09,""93.58""],[0.1,""68.29""],[0.11,""89.7""],[0.12,""56.74""],[0.13,""74.2""],[0.14,""52.05""],[0.15,""75.17""],[0.16,""58.55""],[0.17,""67.19""],[0.18,""45.86""],[0.19,""64.77""],[0.2,""88.8""],[0.21,""63.1""],[0.22,""47.5""],[0.23,""61.89""],[0.24,""145.39""],[0.25,""81""],[0.26,""40.6""],[0.27,""60.2""],[0.28,""39.9""],[0.29,""59.6""],[0.3,""60.96""],[0.31,""59""],[0.32,""38.8""],[0.33,""58.6""],[0.34,""38.4""],[0.35,""126.06""],[0.36,""43""],[0.37,""72.9""],[0.38,""72.7""],[0.39,""72.6""],[0.4,""70.5""],[0.41,""77.4""],[0.42,""42.3""],[0.43,""72.2""],[0.44,""37.2""],[0.45,""83.33""],[0.46,""30""],[0.47,""60""],[0.48,""30""],[0.49,""95""],[0.5,""10""],[0.51,""40""],[0.52,""105""],[0.53,""90""],[0.54,""11""],[0.55,""105""],[0.57,""5""]]","[[0.01,""9953""],[0.02,""2516.73""],[0.03,""1224.77""],[0.04,""217.06""],[0.05,""223.21""],[0.06,""113.54""],[0.07,""405.39""],[0.08,""90.3""],[0.09,""93.47""],[0.1,""68.3""],[0.11,""89.7""],[0.12,""561.74""],[0.13,""574.2""],[0.14,""552.05""],[0.15,""575.17""],[0.16,""558.55""],[0.17,""67.19""],[0.18,""45.86""],[0.19,""64.77""],[0.2,""83.81""],[0.21,""88.1""],[0.22,""77.5""],[0.23,""81.89""],[0.24,""76.39""],[0.25,""86""],[0.26,""80.6""],[0.27,""80.2""],[0.28,""74.9""],[0.29,""84.6""],[0.3,""93.32""],[0.31,""79""],[0.32,""78.8""],[0.33,""93.6""],[0.34,""88.4""],[0.35,""193.18""],[0.36,""118""],[0.37,""50""],[0.38,""30""],[0.39,""75""],[0.4,""222""],[0.41,""188.8""],[0.42,""146.62""]]"
2026-05-17T02:17:29.711Z,btc-updown-15m-1778984100,"Bitcoin Up or Down - May 16, 10:15PM-10:30PM ET",btc-updown-15m-1778984100,2026-05-17T02:30:00Z,,0.55,0.57,0.43,0.45,0.56,0.53,467.19222,,56.77,20.0,"[[0.01,""10014.97""],[0.02,""2900.17""],[0.03,""1211.77""],[0.04,""216.9""],[0.05,""223.2""],[0.06,""118.54""],[0.07,""415.39""],[0.08,""90.29""],[0.09,""93.58""],[0.1,""68.29""],[0.11,""89.7""],[0.12,""56.74""],[0.13,""74.2""],[0.14,""52.05""],[0.15,""75.17""],[0.16,""58.55""],[0.17,""67.19""],[0.18,""45.86""],[0.19,""64.77""],[0.2,""588.8""],[0.21,""63.1""],[0.22,""47.5""],[0.23,""61.89""],[0.24,""145.39""],[0.25,""81""],[0.26,""40.6""],[0.27,""60.2""],[0.28,""39.9""],[0.29,""59.6""],[0.3,""60.96""],[0.31,""59""],[0.32,""38.8""],[0.33,""58.6""],[0.34,""38.4""],[0.35,""111.06""],[0.36,""43""],[0.37,""72.9""],[0.38,""72.7""],[0.39,""72.6""],[0.4,""65.5""],[0.41,""72.4""],[0.42,""25""],[0.43,""55""],[0.45,""46.23""],[0.46,""5""],[0.47,""35""],[0.48,""85""],[0.49,""25""],[0.51,""16""],[0.52,""30""],[0.55,""56.77""]]","[[0.01,""9953""],[0.02,""2516.73""],[0.03,""1224.77""],[0.04,""217.06""],[0.05,""223.21""],[0.06,""113.54""],[0.07,""405.39""],[0.08,""90.3""],[0.09,""93.47""],[0.1,""68.3""],[0.11,""89.7""],[0.12,""561.74""],[0.13,""574.2""],[0.14,""552.05""],[0.15,""575.17""],[0.16,""558.55""],[0.17,""67.19""],[0.18,""45.86""],[0.19,""64.77""],[0.2,""83.81""],[0.21,""88.1""],[0.22,""77.5""],[0.23,""81.89""],[0.24,""76.39""],[0.25,""101""],[0.26,""75.6""],[0.27,""80.2""],[0.28,""74.9""],[0.29,""84.6""],[0.3,""93.32""],[0.31,""79""],[0.32,""73.8""],[0.33,""83.6""],[0.34,""83.4""],[0.35,""193.18""],[0.36,""118""],[0.37,""50""],[0.38,""30""],[0.39,""55""],[0.4,""122""],[0.41,""233.8""],[0.42,""266.82""],[0.43,""20""]]"
2026-05-17T02:17:31.756Z,btc-updown-15m-1778984100,"Bitcoin Up or Down - May 16, 10:15PM-10:30PM ET",btc-updown-15m-1778984100,2026-05-17T02:30:00Z,,0.48,0.49,0.51,0.53,0.485,0.53,467.19222,,12.8,61.0,"[[0.01,""10610.5""],[0.02,""2588.57""],[0.03,""1206.77""],[0.04,""216.9""],[0.05,""228.2""],[0.06,""118.54""],[0.07,""415.39""],[0.08,""90.29""],[0.09,""93.58""],[0.1,""68.29""],[0.11,""89.7""],[0.12,""56.74""],[0.13,""74.2""],[0.14,""52.05""],[0.15,""75.17""],[0.16,""58.55""],[0.17,""67.19""],[0.18,""45.86""],[0.19,""64.77""],[0.2,""88.8""],[0.21,""63.1""],[0.22,""47.5""],[0.23,""61.89""],[0.24,""145.39""],[0.25,""81""],[0.26,""40.6""],[0.27,""60.2""],[0.28,""39.9""],[0.29,""59.6""],[0.3,""60.96""],[0.31,""59""],[0.32,""38.8""],[0.33,""58.6""],[0.34,""438.4""],[0.35,""106.06""],[0.36,""25""],[0.37,""55""],[0.38,""55""],[0.39,""55""],[0.4,""53""],[0.41,""95""],[0.42,""107""],[0.43,""35""],[0.44,""10""],[0.45,""46.23""],[0.46,""15""],[0.48,""12.8""]]","[[0.01,""9968""],[0.02,""2516.73""],[0.03,""1224.77""],[0.04,""217.06""],[0.05,""223.21""],[0.06,""113.54""],[0.07,""405.39""],[0.08,""90.3""],[0.09,""93.47""],[0.1,""68.3""],[0.11,""89.7""],[0.12,""561.74""],[0.13,""574.2""],[0.14,""552.05""],[0.15,""575.17""],[0.16,""558.55""],[0.17,""67.19""],[0.18,""45.86""],[0.19,""64.77""],[0.2,""83.81""],[0.21,""588.1""],[0.22,""77.5""],[0.23,""81.89""],[0.24,""76.39""],[0.25,""86""],[0.26,""75.6""],[0.27,""80.2""],[0.28,""74.9""],[0.29,""79.6""],[0.3,""93.32""],[0.31,""89""],[0.32,""73.8""],[0.33,""78.6""],[0.34,""79.4""],[0.35,""188.18""],[0.36,""133""],[0.37,""62.9""],[0.38,""57.7""],[0.39,""662.6""],[0.4,""77""],[0.41,""152.68""],[0.42,""200""],[0.43,""90.98""],[0.44,""71.63""],[0.45,""61.63""],[0.46,""25""],[0.47,""171.35""],[0.48,""21.15""],[0.49,""77.8""],[0.5,""28.08""],[0.51,""61""]]"
2026-05-17T02:17:35.008Z,btc-updown-15m-1778984100,"Bitcoin Up or Down - May 16, 10:15PM-10:30PM ET",btc-updown-15m-1778984100,2026-05-17T02:30:00Z,,0.45,0.46,0.54,0.55,0.455,0.53,467.19222,,15.19,92.52,"[[0.01,""10610.5""],[0.02,""2528.57""],[0.03,""1206.77""],[0.04,""216.9""],[0.05,""223.2""],[0.06,""118.54""],[0.07,""415.39""],[0.08,""90.29""],[0.09,""93.58""],[0.1,""68.29""],[0.11,""89.7""],[0.12,""56.74""],[0.13,""74.2""],[0.14,""52.05""],[0.15,""75.17""],[0.16,""63.55""],[0.17,""67.19""],[0.18,""545.86""],[0.19,""564.77""],[0.2,""88.8""],[0.21,""63.1""],[0.22,""42.5""],[0.23,""76.89""],[0.24,""145.39""],[0.25,""96""],[0.26,""40.6""],[0.27,""80.2""],[0.28,""39.9""],[0.29,""80.6""],[0.3,""65.96""],[0.31,""74""],[0.32,""38.8""],[0.33,""273.6""],[0.34,""438.4""],[0.35,""521.06""],[0.36,""138""],[0.37,""60""],[0.38,""100""],[0.39,""105""],[0.4,""63""],[0.41,""310""],[0.42,""222""],[0.43,""66.61""],[0.44,""25""],[0.45,""15.19""]]","[[0.01,""9958""],[0.02,""2516.73""],[0.03,""1229.77""],[0.04,""217.06""],[0.05,""223.21""],[0.06,""113.54""],[0.07,""405.39""],[0.08,""90.3""],[0.09,""93.47""],[0.1,""68.3""],[0.11,""89.7""],[0.12,""61.74""],[0.13,""74.2""],[0.14,""552.05""],[0.15,""575.17""],[0.16,""558.55""],[0.17,""67.19""],[0.18,""45.86""],[0.19,""564.77""],[0.2,""563.81""],[0.21,""68.1""],[0.22,""42.5""],[0.23,""61.89""],[0.24,""41.39""],[0.25,""66""],[0.26,""45.6""],[0.27,""60.2""],[0.28,""39.9""],[0.29,""59.6""],[0.3,""58.32""],[0.31,""69""],[0.32,""38.8""],[0.33,""63.6""],[0.34,""59.4""],[0.35,""163.18""],[0.36,""118""],[0.37,""257.9""],[0.38,""57.7""],[0.39,""457.6""],[0.4,""399.5""],[0.41,""113.4""],[0.42,""107.3""],[0.43,""92.2""],[0.44,""122.2""],[0.45,""192.1""],[0.46,""217.1""],[0.47,""83.5""],[0.48,""82""],[0.49,""77""],[0.5,""120""],[0.51,""305""],[0.52,""237.8""],[0.53,""121.59""],[0.54,""92.52""]]"
2026-05-17T02:17:37.608Z,btc-updown-15m-1778984100,"Bitcoin Up or Down - May 16, 10:15PM-10:30PM ET",btc-updown-15m-1778984100,2026-05-17T02:30:00Z,,0.45,0.46,0.54,0.55,0.455,0.53,467.19222,,60.96,15.0,"[[0.01,""10610.5""],[0.02,""2528.57""],[0.03,""1206.77""],[0.04,""216.9""],[0.05,""223.2""],[0.06,""118.54""],[0.07,""415.39""],[0.08,""90.29""],[0.09,""93.58""],[0.1,""68.29""],[0.11,""89.7""],[0.12,""56.74""],[0.13,""74.2""],[0.14,""52.05""],[0.15,""75.17""],[0.16,""63.55""],[0.17,""67.19""],[0.18,""545.86""],[0.19,""564.77""],[0.2,""88.8""],[0.21,""63.1""],[0.22,""47.5""],[0.23,""76.89""],[0.24,""145.39""],[0.25,""96""],[0.26,""45.6""],[0.27,""75.2""],[0.28,""39.9""],[0.29,""74.6""],[0.3,""65.96""],[0.31,""74""],[0.32,""54.8""],[0.33,""78.6""],[0.34,""43.4""],[0.35,""226.06""],[0.36,""143""],[0.37,""75""],[0.38,""65""],[0.39,""140""],[0.4,""63""],[0.41,""310""],[0.42,""198""],[0.43,""77""],[0.44,""120.01""],[0.45,""60.96""]]","[[0.01,""9958""],[0.02,""2521.73""],[0.03,""1229.77""],[0.04,""217.06""],[0.05,""223.21""],[0.06,""113.54""],[0.07,""405.39""],[0.08,""90.3""],[0.09,""93.47""],[0.1,""68.3""],[0.11,""89.7""],[0.12,""61.74""],[0.13,""74.2""],[0.14,""552.05""],[0.15,""575.17""],[0.16,""558.55""],[0.17,""67.19""],[0.18,""45.86""],[0.19,""564.77""],[0.2,""563.81""],[0.21,""68.1""],[0.22,""42.5""],[0.23,""61.89""],[0.24,""41.39""],[0.25,""66""],[0.26,""45.6""],[0.27,""60.2""],[0.28,""39.9""],[0.29,""59.6""],[0.3,""58.32""],[0.31,""69""],[0.32,""44.8""],[0.33,""63.6""],[0.34,""53.4""],[0.35,""163.18""],[0.36,""118""],[0.37,""57.9""],[0.38,""57.7""],[0.39,""62.6""],[0.4,""99.5""],[0.41,""113.4""],[0.42,""87.3""],[0.43,""82.2""],[0.44,""77.2""],[0.45,""182.1""],[0.46,""222.1""],[0.47,""83.5""],[0.48,""77""],[0.49,""110""],[0.5,""70""],[0.51,""330""],[0.52,""222.8""],[0.53,""136.59""],[0.54,""15""]]"
2026-05-17T02:17:38.773Z,btc-updown-15m-1778984100,"Bitcoin Up or Down - May 16, 10:15PM-10:30PM ET",btc-updown-15m-1778984100,2026-05-17T02:30:00Z,,0.45,0.46,0.54,0.55,0.455,0.53,467.19222,,62.9,35.0,"[[0.01,""10610.5""],[0.02,""2528.57""],[0.03,""1206.77""],[0.04,""216.9""],[0.05,""223.2""],[0.06,""118.54""],[0.07,""415.39""],[0.08,""90.29""],[0.09,""93.58""],[0.1,""68.29""],[0.11,""89.7""],[0.12,""56.74""],[0.13,""574.2""],[0.14,""552.05""],[0.15,""575.17""],[0.16,""63.55""],[0.17,""67.19""],[0.18,""45.86""],[0.19,""64.77""],[0.2,""88.8""],[0.21,""63.1""],[0.22,""47.5""],[0.23,""61.89""],[0.24,""145.39""],[0.25,""96""],[0.26,""40.6""],[0.27,""75.2""],[0.28,""39.9""],[0.29,""74.6""],[0.3,""65.96""],[0.31,""74""],[0.32,""49.8""],[0.33,""78.6""],[0.34,""43.4""],[0.35,""226.06""],[0.36,""343""],[0.37,""75""],[0.38,""65""],[0.39,""140""],[0.4,""63""],[0.41,""310""],[0.42,""203""],[0.43,""77""],[0.44,""120.01""],[0.45,""62.9""]]","[[0.01,""9953""],[0.02,""2521.73""],[0.03,""1229.77""],[0.04,""217.06""],[0.05,""223.21""],[0.06,""113.54""],[0.07,""405.39""],[0.08,""90.3""],[0.09,""93.47""],[0.1,""68.3""],[0.11,""89.7""],[0.12,""61.74""],[0.13,""74.2""],[0.14,""52.05""],[0.15,""75.17""],[0.16,""558.55""],[0.17,""67.19""],[0.18,""45.86""],[0.19,""564.77""],[0.2,""563.81""],[0.21,""68.1""],[0.22,""42.5""],[0.23,""61.89""],[0.24,""41.39""],[0.25,""566""],[0.26,""545.6""],[0.27,""560.2""],[0.28,""39.9""],[0.29,""59.6""],[0.3,""58.32""],[0.31,""69""],[0.32,""44.8""],[0.33,""63.6""],[0.34,""53.4""],[0.35,""363.18""],[0.36,""118""],[0.37,""57.9""],[0.38,""57.7""],[0.39,""82.6""],[0.4,""99.5""],[0.41,""113.4""],[0.42,""87.3""],[0.43,""82.2""],[0.44,""77.2""],[0.45,""182.1""],[0.46,""222.1""],[0.47,""83.5""],[0.48,""77""],[0.49,""110""],[0.5,""50""],[0.51,""320""],[0.52,""187.8""],[0.53,""131.99""],[0.54,""35""]]"
2026-05-17T02:17:40.846Z,btc-updown-15m-1778984100,"Bitcoin Up or Down - May 16, 10:15PM-10:30PM ET",btc-updown-15m-1778984100,2026-05-17T02:30:00Z,,0.46,0.47,0.53,0.54,0.46499999999999997,0.53,467.19222,,47.0,145.9,"[[0.01,""10610.5""],[0.02,""2533.57""],[0.03,""1206.77""],[0.04,""216.9""],[0.05,""223.2""],[0.06,""118.54""],[0.07,""415.39""],[0.08,""90.29""],[0.09,""93.58""],[0.1,""68.29""],[0.11,""89.7""],[0.12,""56.74""],[0.13,""574.2""],[0.14,""552.05""],[0.15,""575.17""],[0.16,""63.55""],[0.17,""67.19""],[0.18,""45.86""],[0.19,""64.77""],[0.2,""88.8""],[0.21,""63.1""],[0.22,""47.5""],[0.23,""61.89""],[0.24,""145.39""],[0.25,""96""],[0.26,""45.6""],[0.27,""75.2""],[0.28,""39.9""],[0.29,""74.6""],[0.3,""65.96""],[0.31,""74""],[0.32,""49.8""],[0.33,""78.6""],[0.34,""43.4""],[0.35,""226.06""],[0.36,""143""],[0.37,""475""],[0.38,""360""],[0.39,""140""],[0.4,""58""],[0.41,""310""],[0.42,""160""],[0.43,""82""],[0.44,""25""],[0.45,""36.34""],[0.46,""47""]]","[[0.01,""9958""],[0.02,""2521.73""],[0.03,""1229.77""],[0.04,""217.06""],[0.05,""223.21""],[0.06,""113.54""],[0.07,""405.39""],[0.08,""90.3""],[0.09,""93.47""],[0.1,""68.3""],[0.11,""89.7""],[0.12,""61.74""],[0.13,""74.2""],[0.14,""52.05""],[0.15,""75.17""],[0.16,""558.55""],[0.17,""67.19""],[0.18,""45.86""],[0.19,""564.77""],[0.2,""563.81""],[0.21,""68.1""],[0.22,""42.5""],[0.23,""61.89""],[0.24,""41.39""],[0.25,""566""],[0.26,""545.6""],[0.27,""560.2""],[0.28,""39.9""],[0.29,""59.6""],[0.3,""58.32""],[0.31,""69""],[0.32,""44.8""],[0.33,""63.6""],[0.34,""53.4""],[0.35,""163.18""],[0.36,""518""],[0.37,""357.9""],[0.38,""77.7""],[0.39,""82.6""],[0.4,""99.5""],[0.41,""113.4""],[0.42,""87.3""],[0.43,""82.2""],[0.44,""77.2""],[0.45,""182.1""],[0.46,""222.1""],[0.47,""83.5""],[0.48,""77""],[0.49,""121""],[0.5,""40""],[0.51,""320""],[0.52,""187.8""],[0.53,""145.9""]]"
2026-05-17T02:17:43.703Z,btc-updown-15m-1778984100,"Bitcoin Up or Down - May 16, 10:15PM-10:30PM ET",btc-updown-15m-1778984100,2026-05-17T02:30:00Z,,0.46,0.47,0.53,0.54,0.46499999999999997,0.53,467.19222,,52.8,125.9,"[[0.01,""10605.5""],[0.02,""2533.57""],[0.03,""1206.77""],[0.04,""216.9""],[0.05,""223.2""],[0.06,""118.54""],[0.07,""415.39""],[0.08,""90.29""],[0.09,""93.58""],[0.1,""68.29""],[0.11,""89.7""],[0.12,""56.74""],[0.13,""574.2""],[0.14,""552.05""],[0.15,""575.17""],[0.16,""63.55""],[0.17,""67.19""],[0.18,""45.86""],[0.19,""64.77""],[0.2,""88.8""],[0.21,""63.1""],[0.22,""47.5""],[0.23,""61.89""],[0.24,""145.39""],[0.25,""96""],[0.26,""45.6""],[0.27,""75.2""],[0.28,""39.9""],[0.29,""74.6""],[0.3,""65.96""],[0.31,""74""],[0.32,""49.8""],[0.33,""78.6""],[0.34,""48.4""],[0.35,""226.06""],[0.36,""343""],[0.37,""480""],[0.38,""360""],[0.39,""140""],[0.4,""58""],[0.41,""315""],[0.42,""160""],[0.43,""102""],[0.44,""25""],[0.45,""23.94""],[0.46,""52.8""]]","[[0.01,""9958""],[0.02,""2521.73""],[0.03,""1229.77""],[0.04,""217.06""],[0.05,""223.21""],[0.06,""113.54""],[0.07,""405.39""],[0.08,""90.3""],[0.09,""93.47""],[0.1,""68.3""],[0.11,""89.7""],[0.12,""61.74""],[0.13,""74.2""],[0.14,""52.05""],[0.15,""75.17""],[0.16,""558.55""],[0.17,""67.19""],[0.18,""45.86""],[0.19,""564.77""],[0.2,""563.81""],[0.21,""68.1""],[0.22,""42.5""],[0.23,""61.89""],[0.24,""41.39""],[0.25,""566""],[0.26,""545.6""],[0.27,""560.2""],[0.28,""39.9""],[0.29,""59.6""],[0.3,""58.32""],[0.31,""69""],[0.32,""44.8""],[0.33,""63.6""],[0.34,""53.4""],[0.35,""363.18""],[0.36,""538""],[0.37,""377.9""],[0.38,""77.7""],[0.39,""82.6""],[0.4,""99.5""],[0.41,""113.4""],[0.42,""87.3""],[0.43,""82.2""],[0.44,""82.2""],[0.45,""187.1""],[0.46,""227.1""],[0.47,""83.5""],[0.48,""82""],[0.49,""121""],[0.5,""145""],[0.51,""250""],[0.52,""232.8""],[0.53,""125.9""]]"
2026-05-17T02:17:46.052Z,btc-updown-15m-1778984100,"Bitcoin Up or Down - May 16, 10:15PM-10:30PM ET",btc-updown-15m-1778984100,2026-05-17T02:30:00Z,,0.46,0.47,0.53,0.54,0.46499999999999997,0.53,467.19222,,57.8,125.9,"[[0.01,""10610.5""],[0.02,""2533.57""],[0.03,""1206.77""],[0.04,""216.9""],[0.05,""223.2""],[0.06,""118.54""],[0.07,""415.39""],[0.08,""90.29""],[0.09,""93.58""],[0.1,""68.29""],[0.11,""589.7""],[0.12,""556.74""],[0.13,""574.2""],[0.14,""552.05""],[0.15,""75.17""],[0.16,""63.55""],[0.17,""67.19""],[0.18,""45.86""],[0.19,""64.77""],[0.2,""88.8""],[0.21,""63.1""],[0.22,""47.5""],[0.23,""61.89""],[0.24,""145.39""],[0.25,""96""],[0.26,""45.6""],[0.27,""75.2""],[0.28,""39.9""],[0.29,""74.6""],[0.3,""65.96""],[0.31,""74""],[0.32,""49.8""],[0.33,""78.6""],[0.34,""43.4""],[0.35,""231.06""],[0.36,""343""],[0.37,""480""],[0.38,""360""],[0.39,""140""],[0.4,""58""],[0.41,""270""],[0.42,""200""],[0.43,""97""],[0.44,""25""],[0.45,""23.94""],[0.46,""57.8""]]","[[0.01,""9958""],[0.02,""2521.73""],[0.03,""1229.77""],[0.04,""217.06""],[0.05,""223.21""],[0.06,""113.54""],[0.07,""405.39""],[0.08,""90.3""],[0.09,""93.47""],[0.1,""68.3""],[0.11,""89.7""],[0.12,""61.74""],[0.13,""74.2""],[0.14,""52.05""],[0.15,""75.17""],[0.16,""58.55""],[0.17,""67.19""],[0.18,""45.86""],[0.19,""564.77""],[0.2,""563.81""],[0.21,""68.1""],[0.22,""42.5""],[0.23,""61.89""],[0.24,""41.39""],[0.25,""566""],[0.26,""545.6""],[0.27,""560.2""],[0.28,""539.9""],[0.29,""59.6""],[0.3,""58.32""],[0.31,""74""],[0.32,""49.8""],[0.33,""68.6""],[0.34,""58.4""],[0.35,""363.18""],[0.36,""538""],[0.37,""377.9""],[0.38,""77.7""],[0.39,""82.6""],[0.4,""99.5""],[0.41,""113.4""],[0.42,""87.3""],[0.43,""82.2""],[0.44,""77.2""],[0.45,""182.1""],[0.46,""222.1""],[0.47,""83.5""],[0.48,""77""],[0.49,""121""],[0.5,""140""],[0.51,""285""],[0.52,""342.8""],[0.53,""125.9""]]"
2026-05-17T02:17:47.143Z,btc-updown-15m-1778984100,"Bitcoin Up or Down - May 16, 10:15PM-10:30PM ET",btc-updown-15m-1778984100,2026-05-17T02:30:00Z,,0.46,0.47,0.53,0.54,0.46499999999999997,0.53,467.19222,,52.8,128.7,"[[0.01,""10605.5""],[0.02,""2533.57""],[0.03,""1206.77""],[0.04,""216.9""],[0.05,""223.2""],[0.06,""118.54""],[0.07,""415.39""],[0.08,""90.29""],[0.09,""93.58""],[0.1,""68.29""],[0.11,""589.7""],[0.12,""556.74""],[0.13,""574.2""],[0.14,""552.05""],[0.15,""75.17""],[0.16,""63.55""],[0.17,""67.19""],[0.18,""45.86""],[0.19,""64.77""],[0.2,""88.8""],[0.21,""63.1""],[0.22,""47.5""],[0.23,""61.89""],[0.24,""145.39""],[0.25,""96""],[0.26,""45.6""],[0.27,""75.2""],[0.28,""39.9""],[0.29,""74.6""],[0.3,""65.96""],[0.31,""74""],[0.32,""49.8""],[0.33,""78.6""],[0.34,""43.4""],[0.35,""226.06""],[0.36,""343""],[0.37,""480""],[0.38,""360""],[0.39,""140""],[0.4,""58""],[0.41,""275""],[0.42,""195""],[0.43,""97""],[0.44,""25""],[0.45,""28.94""],[0.46,""52.8""]]","[[0.01,""9958""],[0.02,""2521.73""],[0.03,""1229.77""],[0.04,""217.06""],[0.05,""223.21""],[0.06,""113.54""],[0.07,""405.39""],[0.08,""90.3""],[0.09,""93.47""],[0.1,""68.3""],[0.11,""89.7""],[0.12,""61.74""],[0.13,""74.2""],[0.14,""52.05""],[0.15,""75.17""],[0.16,""58.55""],[0.17,""67.19""],[0.18,""45.86""],[0.19,""564.77""],[0.2,""563.81""],[0.21,""68.1""],[0.22,""42.5""],[0.23,""61.89""],[0.24,""41.39""],[0.25,""566""],[0.26,""545.6""],[0.27,""560.2""],[0.28,""539.9""],[0.29,""59.6""],[0.3,""58.32""],[0.31,""74""],[0.32,""49.8""],[0.33,""68.6""],[0.34,""58.4""],[0.35,""363.18""],[0.36,""518""],[0.37,""357.9""],[0.38,""57.7""],[0.39,""62.6""],[0.4,""79.5""],[0.41,""93.4""],[0.42,""67.3""],[0.43,""62.2""],[0.44,""77.2""],[0.45,""182.1""],[0.46,""222.1""],[0.47,""83.5""],[0.48,""77""],[0.49,""116""],[0.5,""140""],[0.51,""270""],[0.52,""262.8""],[0.53,""128.7""]]"
2026-05-17T02:17:49.717Z,btc-updown-15m-1778984100,"Bitcoin Up or Down - May 16, 10:15PM-10:30PM ET",btc-updown-15m-1778984100,2026-05-17T02:30:00Z,,0.46,0.47,0.53,0.54,0.46499999999999997,0.53,467.19222,,57.8,131.7,"[[0.01,""10610.5""],[0.02,""2538.57""],[0.03,""1206.77""],[0.04,""216.9""],[0.05,""223.2""],[0.06,""118.54""],[0.07,""415.39""],[0.08,""90.29""],[0.09,""93.58""],[0.1,""68.29""],[0.11,""589.7""],[0.12,""556.74""],[0.13,""574.2""],[0.14,""552.05""],[0.15,""75.17""],[0.16,""63.55""],[0.17,""67.19""],[0.18,""45.86""],[0.19,""64.77""],[0.2,""88.8""],[0.21,""63.1""],[0.22,""47.5""],[0.23,""61.89""],[0.24,""145.39""],[0.25,""96""],[0.26,""40.6""],[0.27,""75.2""],[0.28,""39.9""],[0.29,""74.6""],[0.3,""65.96""],[0.31,""74""],[0.32,""49.8""],[0.33,""78.6""],[0.34,""43.4""],[0.35,""226.06""],[0.36,""348""],[0.37,""475""],[0.38,""360""],[0.39,""140""],[0.4,""58""],[0.41,""275""],[0.42,""195""],[0.43,""85""],[0.44,""37""],[0.45,""28.94""],[0.46,""57.8""]]","[[0.01,""9958""],[0.02,""2521.73""],[0.03,""1229.77""],[0.04,""217.06""],[0.05,""223.21""],[0.06,""113.54""],[0.07,""405.39""],[0.08,""90.3""],[0.09,""93.47""],[0.1,""68.3""],[0.11,""89.7""],[0.12,""61.74""],[0.13,""74.2""],[0.14,""52.05""],[0.15,""75.17""],[0.16,""58.55""],[0.17,""67.19""],[0.18,""45.86""],[0.19,""64.77""],[0.2,""563.81""],[0.21,""68.1""],[0.22,""42.5""],[0.23,""61.89""],[0.24,""41.39""],[0.25,""566""],[0.26,""545.6""],[0.27,""560.2""],[0.28,""539.9""],[0.29,""59.6""],[0.3,""58.32""],[0.31,""74""],[0.32,""49.8""],[0.33,""68.6""],[0.34,""58.4""],[0.35,""363.18""],[0.36,""518""],[0.37,""357.9""],[0.38,""52.7""],[0.39,""82.6""],[0.4,""99.5""],[0.41,""113.4""],[0.42,""87.3""],[0.43,""82.2""],[0.44,""77.2""],[0.45,""182.1""],[0.46,""222.1""],[0.47,""83.5""],[0.48,""77""],[0.49,""116""],[0.5,""140""],[0.51,""275""],[0.52,""262.8""],[0.53,""131.7""]]"
2026-05-17T02:17:52.292Z,btc-updown-15m-1778984100,"Bitcoin Up or Down - May 16, 10:15PM-10:30PM ET",btc-updown-15m-1778984100,2026-05-17T02:30:00Z,,0.46,0.47,0.53,0.54,0.46499999999999997,0.53,467.19222,,62.8,136.7,"[[0.01,""10610.5""],[0.02,""2538.57""],[0.03,""1206.77""],[0.04,""216.9""],[0.05,""223.2""],[0.06,""118.54""],[0.07,""415.39""],[0.08,""90.29""],[0.09,""93.58""],[0.1,""568.29""],[0.11,""589.7""],[0.12,""556.74""],[0.13,""574.2""],[0.14,""52.05""],[0.15,""75.17""],[0.16,""63.55""],[0.17,""67.19""],[0.18,""45.86""],[0.19,""64.77""],[0.2,""88.8""],[0.21,""63.1""],[0.22,""47.5""],[0.23,""61.89""],[0.24,""145.39""],[0.25,""96""],[0.26,""45.6""],[0.27,""75.2""],[0.28,""39.9""],[0.29,""74.6""],[0.3,""65.96""],[0.31,""74""],[0.32,""43.8""],[0.33,""84.6""],[0.34,""43.4""],[0.35,""226.06""],[0.36,""148""],[0.37,""75""],[0.38,""60""],[0.39,""140""],[0.4,""58""],[0.41,""275""],[0.42,""195""],[0.43,""90""],[0.44,""37""],[0.45,""28.94""],[0.46,""62.8""]]","[[0.01,""9958""],[0.02,""2521.73""],[0.03,""1229.77""],[0.04,""217.06""],[0.05,""223.21""],[0.06,""113.54""],[0.07,""405.39""],[0.08,""90.3""],[0.09,""93.47""],[0.1,""68.3""],[0.11,""89.7""],[0.12,""61.74""],[0.13,""74.2""],[0.14,""52.05""],[0.15,""75.17""],[0.16,""58.55""],[0.17,""67.19""],[0.18,""45.86""],[0.19,""64.77""],[0.2,""563.81""],[0.21,""68.1""],[0.22,""42.5""],[0.23,""561.89""],[0.24,""541.39""],[0.25,""566""],[0.26,""545.6""],[0.27,""560.2""],[0.28,""39.9""],[0.29,""59.6""],[0.3,""58.32""],[0.31,""74""],[0.32,""49.8""],[0.33,""68.6""],[0.34,""58.4""],[0.35,""163.18""],[0.36,""118""],[0.37,""57.9""],[0.38,""77.7""],[0.39,""82.6""],[0.4,""99.5""],[0.41,""113.4""],[0.42,""87.3""],[0.43,""82.2""],[0.44,""77.2""],[0.45,""182.1""],[0.46,""222.1""],[0.47,""83.5""],[0.48,""77""],[0.49,""116""],[0.5,""140""],[0.51,""255""],[0.52,""242.8""],[0.53,""136.7""]]"
2026-05-17T02:17:54.147Z,btc-updown-15m-1778984100,"Bitcoin Up or Down - May 16, 10:15PM-10:30PM ET",btc-updown-15m-1778984100,2026-05-17T02:30:00Z,,0.46,0.47,0.53,0.54,0.46499999999999997,0.53,467.19222,,2.14,126.08,"[[0.01,""10610.5""],[0.02,""2533.57""],[0.03,""1206.77""],[0.04,""216.9""],[0.05,""223.2""],[0.06,""118.54""],[0.07,""415.39""],[0.08,""90.29""],[0.09,""93.58""],[0.1,""568.29""],[0.11,""589.7""],[0.12,""556.74""],[0.13,""574.2""],[0.14,""52.05""],[0.15,""75.17""],[0.16,""63.55""],[0.17,""67.19""],[0.18,""45.86""],[0.19,""64.77""],[0.2,""88.8""],[0.21,""63.1""],[0.22,""47.5""],[0.23,""61.89""],[0.24,""145.39""],[0.25,""96""],[0.26,""45.6""],[0.27,""75.2""],[0.28,""39.9""],[0.29,""74.6""],[0.3,""65.96""],[0.31,""74""],[0.32,""43.8""],[0.33,""84.6""],[0.34,""43.4""],[0.35,""226.06""],[0.36,""148""],[0.37,""75""],[0.38,""60""],[0.39,""140""],[0.4,""58""],[0.41,""275""],[0.42,""170""],[0.43,""85""],[0.44,""37""],[0.45,""28.94""],[0.46,""2.14""]]","[[0.01,""9958""],[0.02,""2521.73""],[0.03,""1229.77""],[0.04,""217.06""],[0.05,""223.21""],[0.06,""113.54""],[0.07,""405.39""],[0.08,""90.3""],[0.09,""93.47""],[0.1,""68.3""],[0.11,""89.7""],[0.12,""61.74""],[0.13,""74.2""],[0.14,""52.05""],[0.15,""75.17""],[0.16,""58.55""],[0.17,""67.19""],[0.18,""45.86""],[0.19,""64.77""],[0.2,""563.81""],[0.21,""68.1""],[0.22,""42.5""],[0.23,""561.89""],[0.24,""541.39""],[0.25,""566""],[0.26,""545.6""],[0.27,""560.2""],[0.28,""39.9""],[0.29,""59.6""],[0.3,""58.32""],[0.31,""74""],[0.32,""49.8""],[0.33,""68.6""],[0.34,""58.4""],[0.35,""188.18""],[0.36,""118""],[0.37,""77.9""],[0.38,""77.7""],[0.39,""82.6""],[0.4,""99.5""],[0.41,""113.4""],[0.42,""87.3""],[0.43,""82.2""],[0.44,""77.2""],[0.45,""182.1""],[0.46,""222.1""],[0.47,""83.5""],[0.48,""77""],[0.49,""116""],[0.5,""140""],[0.51,""200""],[0.52,""242.8""],[0.53,""126.08""]]"
2026-05-17T02:17:55.781Z,btc-updown-15m-1778984100,"Bitcoin Up or Down - May 16, 10:15PM-10:30PM ET",btc-updown-15m-1778984100,2026-05-17T02:30:00Z,,0.45,0.46,0.54,0.55,0.455,0.53,467.19222,,32.09,40.36,"[[0.01,""10610.5""],[0.02,""2533.57""],[0.03,""1206.77""],[0.04,""216.9""],[0.05,""223.2""],[0.06,""118.54""],[0.07,""415.39""],[0.08,""90.29""],[0.09,""93.58""],[0.1,""568.29""],[0.11,""589.7""],[0.12,""556.74""],[0.13,""574.2""],[0.14,""52.05""],[0.15,""75.17""],[0.16,""63.55""],[0.17,""67.19""],[0.18,""45.86""],[0.19,""64.77""],[0.2,""88.8""],[0.21,""63.1""],[0.22,""47.5""],[0.23,""61.89""],[0.24,""145.39""],[0.25,""96""],[0.26,""45.6""],[0.27,""75.2""],[0.28,""39.9""],[0.29,""74.6""],[0.3,""65.96""],[0.31,""74""],[0.32,""43.8""],[0.33,""84.6""],[0.34,""43.4""],[0.35,""226.06""],[0.36,""148""],[0.37,""75""],[0.38,""60""],[0.39,""140""],[0.4,""183""],[0.41,""275""],[0.42,""95""],[0.43,""40""],[0.44,""49.8""],[0.45,""32.09""]]","[[0.01,""9958""],[0.02,""2521.73""],[0.03,""1229.77""],[0.04,""217.06""],[0.05,""223.21""],[0.06,""113.54""],[0.07,""405.39""],[0.08,""90.3""],[0.09,""93.47""],[0.1,""68.3""],[0.11,""89.7""],[0.12,""61.74""],[0.13,""74.2""],[0.14,""52.05""],[0.15,""75.17""],[0.16,""58.55""],[0.17,""67.19""],[0.18,""45.86""],[0.19,""64.77""],[0.2,""563.81""],[0.21,""68.1""],[0.22,""42.5""],[0.23,""561.89""],[0.24,""541.39""],[0.25,""566""],[0.26,""545.6""],[0.27,""560.2""],[0.28,""39.9""],[0.29,""59.6""],[0.3,""58.32""],[0.31,""74""],[0.32,""49.8""],[0.33,""68.6""],[0.34,""258.4""],[0.35,""168.18""],[0.36,""118""],[0.37,""57.9""],[0.38,""57.7""],[0.39,""82.6""],[0.4,""99.5""],[0.41,""113.4""],[0.42,""87.3""],[0.43,""82.2""],[0.44,""77.2""],[0.45,""182.1""],[0.46,""222.1""],[0.47,""83.5""],[0.48,""87""],[0.49,""105""],[0.5,""140""],[0.51,""220""],[0.52,""287.8""],[0.53,""82.8""],[0.54,""40.36""]]"
2026-05-17T02:17:58.492Z,btc-updown-15m-1778984100,"Bitcoin Up or Down - May 16, 10:15PM-10:30PM ET",btc-updown-15m-1778984100,2026-05-17T02:30:00Z,,0.45,0.46,0.54,0.55,0.455,0.53,467.19222,,27.09,55.36,"[[0.01,""10610.5""],[0.02,""2533.57""],[0.03,""1206.77""],[0.04,""216.9""],[0.05,""223.2""],[0.06,""118.54""],[0.07,""415.39""],[0.08,""90.29""],[0.09,""93.58""],[0.1,""568.29""],[0.11,""589.7""],[0.12,""556.74""],[0.13,""574.2""],[0.14,""52.05""],[0.15,""75.17""],[0.16,""63.55""],[0.17,""67.19""],[0.18,""45.86""],[0.19,""64.77""],[0.2,""88.8""],[0.21,""63.1""],[0.22,""47.5""],[0.23,""61.89""],[0.24,""145.39""],[0.25,""96""],[0.26,""45.6""],[0.27,""75.2""],[0.28,""39.9""],[0.29,""74.6""],[0.3,""65.96""],[0.31,""74""],[0.32,""43.8""],[0.33,""84.6""],[0.34,""43.4""],[0.35,""426.06""],[0.36,""143""],[0.37,""487.9""],[0.38,""360""],[0.39,""105""],[0.4,""183""],[0.41,""240""],[0.42,""105.02""],[0.43,""45""],[0.44,""49.8""],[0.45,""27.09""]]","[[0.01,""9958""],[0.02,""2521.73""],[0.03,""1224.77""],[0.04,""222.06""],[0.05,""223.21""],[0.06,""113.54""],[0.07,""405.39""],[0.08,""90.3""],[0.09,""93.47""],[0.1,""68.3""],[0.11,""89.7""],[0.12,""61.74""],[0.13,""74.2""],[0.14,""52.05""],[0.15,""75.17""],[0.16,""58.55""],[0.17,""67.19""],[0.18,""45.86""],[0.19,""64.77""],[0.2,""63.81""],[0.21,""68.1""],[0.22,""42.5""],[0.23,""561.89""],[0.24,""541.39""],[0.25,""566""],[0.26,""545.6""],[0.27,""60.2""],[0.28,""39.9""],[0.29,""59.6""],[0.3,""58.32""],[0.31,""74""],[0.32,""49.8""],[0.33,""68.6""],[0.34,""258.4""],[0.35,""568.18""],[0.36,""418""],[0.37,""57.9""],[0.38,""77.7""],[0.39,""82.6""],[0.4,""99.5""],[0.41,""113.4""],[0.42,""87.3""],[0.43,""82.2""],[0.44,""77.2""],[0.45,""182.1""],[0.46,""222.1""],[0.47,""83.5""],[0.48,""97""],[0.49,""115""],[0.5,""140""],[0.51,""200""],[0.52,""287.8""],[0.53,""67.8""],[0.54,""55.36""]]"
2026-05-17T02:18:00.764Z,btc-updown-15m-1778984100,"Bitcoin Up or Down - May 16, 10:15PM-10:30PM ET",btc-updown-15m-1778984100,2026-05-17T02:30:00Z,,0.45,0.46,0.54,0.55,0.455,0.53,467.19222,,6.13,56.51,"[[0.01,""10397.94""],[0.02,""2533.57""],[0.03,""1206.77""],[0.04,""216.9""],[0.05,""223.2""],[0.06,""118.54""],[0.07,""415.39""],[0.08,""90.29""],[0.09,""93.58""],[0.1,""568.29""],[0.11,""589.7""],[0.12,""556.74""],[0.13,""574.2""],[0.14,""52.05""],[0.15,""75.17""],[0.16,""63.55""],[0.17,""67.19""],[0.18,""45.86""],[0.19,""64.77""],[0.2,""88.8""],[0.21,""63.1""],[0.22,""47.5""],[0.23,""61.89""],[0.24,""145.39""],[0.25,""96""],[0.26,""45.6""],[0.27,""75.2""],[0.28,""39.9""],[0.29,""74.6""],[0.3,""65.96""],[0.31,""74""],[0.32,""121.8""],[0.33,""89.6""],[0.34,""48.4""],[0.35,""426.06""],[0.36,""138""],[0.37,""470""],[0.38,""360""],[0.39,""105""],[0.4,""223""],[0.41,""240""],[0.42,""145.02""],[0.43,""45""],[0.44,""54.8""],[0.45,""6.13""]]","[[0.01,""9958""],[0.02,""2521.73""],[0.03,""1224.77""],[0.04,""222.06""],[0.05,""223.21""],[0.06,""113.54""],[0.07,""405.39""],[0.08,""90.3""],[0.09,""93.47""],[0.1,""68.3""],[0.11,""89.7""],[0.12,""61.74""],[0.13,""74.2""],[0.14,""52.05""],[0.15,""75.17""],[0.16,""58.55""],[0.17,""67.19""],[0.18,""45.86""],[0.19,""64.77""],[0.2,""63.81""],[0.21,""68.1""],[0.22,""42.5""],[0.23,""561.89""],[0.24,""541.39""],[0.25,""566""],[0.26,""545.6""],[0.27,""60.2""],[0.28,""39.9""],[0.29,""59.6""],[0.3,""58.32""],[0.31,""74""],[0.32,""49.8""],[0.33,""68.6""],[0.34,""258.4""],[0.35,""568.18""],[0.36,""478""],[0.37,""77.9""],[0.38,""77.7""],[0.39,""82.6""],[0.4,""99.5""],[0.41,""108.4""],[0.42,""82.3""],[0.43,""77.2""],[0.44,""82.2""],[0.45,""187.1""],[0.46,""222.1""],[0.47,""83.5""],[0.48,""97""],[0.49,""115""],[0.5,""140""],[0.51,""200""],[0.52,""297.8""],[0.53,""67.8""],[0.54,""56.51""]]"
2026-05-17T02:18:02.723Z,btc-updown-15m-1778984100,"Bitcoin Up or Down - May 16, 10:15PM-10:30PM ET",btc-updown-15m-1778984100,2026-05-17T02:30:00Z,,0.44,0.45,0.55,0.56,0.445,0.53,467.19222,,24.08,63.03,"[[0.01,""10392.94""],[0.02,""2533.57""],[0.03,""1206.77""],[0.04,""216.9""],[0.05,""223.2""],[0.06,""118.54""],[0.07,""415.39""],[0.08,""90.29""],[0.09,""93.58""],[0.1,""568.29""],[0.11,""589.7""],[0.12,""556.74""],[0.13,""574.2""],[0.14,""52.05""],[0.15,""75.17""],[0.16,""63.55""],[0.17,""67.19""],[0.18,""45.86""],[0.19,""64.77""],[0.2,""88.8""],[0.21,""63.1""],[0.22,""47.5""],[0.23,""61.89""],[0.24,""41.39""],[0.25,""96""],[0.26,""40.6""],[0.27,""75.2""],[0.28,""39.9""],[0.29,""74.6""],[0.3,""65.96""],[0.31,""74""],[0.32,""116.8""],[0.33,""73.6""],[0.34,""38.4""],[0.35,""117.86""],[0.36,""25""],[0.37,""70""],[0.38,""60""],[0.39,""100""],[0.4,""88""],[0.41,""275""],[0.42,""75.02""],[0.43,""37.8""],[0.44,""24.08""]]","[[0.01,""10300.25""],[0.02,""2571.73""],[0.03,""1224.77""],[0.04,""222.06""],[0.05,""223.21""],[0.06,""113.54""],[0.07,""405.39""],[0.08,""90.3""],[0.09,""93.47""],[0.1,""68.3""],[0.11,""89.7""],[0.12,""61.74""],[0.13,""74.2""],[0.14,""52.05""],[0.15,""75.17""],[0.16,""58.55""],[0.17,""67.19""],[0.18,""45.86""],[0.19,""64.77""],[0.2,""63.81""],[0.21,""68.1""],[0.22,""42.5""],[0.23,""561.89""],[0.24,""541.39""],[0.25,""566""],[0.26,""545.6""],[0.27,""152.2""],[0.28,""39.9""],[0.29,""59.6""],[0.3,""58.32""],[0.31,""64""],[0.32,""43.8""],[0.33,""78.6""],[0.34,""58.4""],[0.35,""96.78""],[0.36,""138""],[0.37,""77.9""],[0.38,""72.7""],[0.39,""82.6""],[0.4,""99.5""],[0.41,""113.4""],[0.42,""82.3""],[0.43,""77.2""],[0.44,""77.2""],[0.45,""77.1""],[0.46,""122.1""],[0.47,""177""],[0.48,""202""],[0.49,""97""],[0.5,""157""],[0.51,""195""],[0.52,""307.8""],[0.53,""57.8""],[0.54,""134.31""],[0.55,""63.03""]]"
2026-05-17T02:18:06.035Z,btc-updown-15m-1778984100,"Bitcoin Up or Down - May 16, 10:15PM-10:30PM ET",btc-updown-15m-1778984100,2026-05-17T02:30:00Z,,0.43,0.44,0.56,0.57,0.435,0.53,467.19222,,65.29,30.0,"[[0.01,""10397.94""],[0.02,""2533.57""],[0.03,""1206.77""],[0.04,""216.9""],[0.05,""223.2""],[0.06,""118.54""],[0.07,""415.39""],[0.08,""90.29""],[0.09,""93.58""],[0.1,""568.29""],[0.11,""589.7""],[0.12,""556.74""],[0.13,""74.2""],[0.14,""52.05""],[0.15,""75.17""],[0.16,""63.55""],[0.17,""67.19""],[0.18,""45.86""],[0.19,""64.77""],[0.2,""88.8""],[0.21,""63.1""],[0.22,""47.5""],[0.23,""76.89""],[0.24,""41.39""],[0.25,""101""],[0.26,""40.6""],[0.27,""75.2""],[0.28,""39.9""],[0.29,""74.6""],[0.3,""71.96""],[0.31,""74""],[0.32,""116.8""],[0.33,""173.6""],[0.34,""138.4""],[0.35,""412.86""],[0.36,""65""],[0.37,""75""],[0.38,""60""],[0.39,""100""],[0.4,""183""],[0.41,""288.84""],[0.42,""75.02""],[0.43,""65.29""]]","[[0.01,""10300.25""],[0.02,""2571.73""],[0.03,""1224.77""],[0.04,""217.06""],[0.05,""228.21""],[0.06,""113.54""],[0.07,""405.39""],[0.08,""90.3""],[0.09,""93.47""],[0.1,""68.3""],[0.11,""89.7""],[0.12,""61.74""],[0.13,""74.2""],[0.14,""52.05""],[0.15,""75.17""],[0.16,""58.55""],[0.17,""67.19""],[0.18,""45.86""],[0.19,""64.77""],[0.2,""63.81""],[0.21,""68.1""],[0.22,""42.5""],[0.23,""561.89""],[0.24,""541.39""],[0.25,""566""],[0.26,""545.6""],[0.27,""652.2""],[0.28,""39.9""],[0.29,""59.6""],[0.3,""44.3""],[0.31,""64""],[0.32,""43.8""],[0.33,""78.6""],[0.34,""43.4""],[0.35,""102.78""],[0.36,""138""],[0.37,""77.9""],[0.38,""72.7""],[0.39,""387.6""],[0.4,""99.5""],[0.41,""108.4""],[0.42,""82.3""],[0.43,""77.2""],[0.44,""77.2""],[0.45,""82.1""],[0.46,""122.1""],[0.47,""77""],[0.48,""187""],[0.49,""202""],[0.5,""157""],[0.51,""202""],[0.52,""262.8""],[0.53,""107.8""],[0.54,""68.95""],[0.55,""95.03""],[0.56,""30""]]"
2026-05-17T02:18:08.429Z,btc-updown-15m-1778984100,"Bitcoin Up or Down - May 16, 10:15PM-10:30PM ET",btc-updown-15m-1778984100,2026-05-17T02:30:00Z,,0.43,0.44,0.56,0.57,0.435,0.53,467.19222,,42.05,42.87,"[[0.01,""10392.94""],[0.02,""2528.57""],[0.03,""1206.77""],[0.04,""216.9""],[0.05,""223.2""],[0.06,""118.54""],[0.07,""415.39""],[0.08,""90.29""],[0.09,""93.58""],[0.1,""568.29""],[0.11,""589.7""],[0.12,""556.74""],[0.13,""74.2""],[0.14,""52.05""],[0.15,""75.17""],[0.16,""63.55""],[0.17,""67.19""],[0.18,""45.86""],[0.19,""64.77""],[0.2,""88.8""],[0.21,""63.1""],[0.22,""47.5""],[0.23,""76.89""],[0.24,""46.39""],[0.25,""96""],[0.26,""40.6""],[0.27,""80.2""],[0.28,""44.9""],[0.29,""79.6""],[0.3,""71.96""],[0.31,""74""],[0.32,""121.8""],[0.33,""378.6""],[0.34,""143.4""],[0.35,""412.86""],[0.36,""65""],[0.37,""75""],[0.38,""60""],[0.39,""100""],[0.4,""208""],[0.41,""280""],[0.42,""107.82""],[0.43,""42.05""]]","[[0.01,""10300.25""],[0.02,""2521.73""],[0.03,""1224.77""],[0.04,""217.06""],[0.05,""228.21""],[0.06,""113.54""],[0.07,""405.39""],[0.08,""90.3""],[0.09,""93.47""],[0.1,""68.3""],[0.11,""89.7""],[0.12,""61.74""],[0.13,""74.2""],[0.14,""52.05""],[0.15,""75.17""],[0.16,""58.55""],[0.17,""67.19""],[0.18,""45.86""],[0.19,""64.77""],[0.2,""63.81""],[0.21,""68.1""],[0.22,""42.5""],[0.23,""561.89""],[0.24,""541.39""],[0.25,""571""],[0.26,""545.6""],[0.27,""652.2""],[0.28,""539.9""],[0.29,""59.6""],[0.3,""44.3""],[0.31,""64""],[0.32,""43.8""],[0.33,""78.6""],[0.34,""43.4""],[0.35,""102.78""],[0.36,""118""],[0.37,""257.9""],[0.38,""452.7""],[0.39,""362.6""],[0.4,""104.5""],[0.41,""108.4""],[0.42,""82.3""],[0.43,""77.2""],[0.44,""77.2""],[0.45,""82.1""],[0.46,""122.1""],[0.47,""77""],[0.48,""187""],[0.49,""202""],[0.5,""157""],[0.51,""222""],[0.52,""257.8""],[0.53,""112.8""],[0.54,""73.95""],[0.55,""87.8""],[0.56,""42.87""]]"
2026-05-17T02:18:10.310Z,btc-updown-15m-1778984100,"Bitcoin Up or Down - May 16, 10:15PM-10:30PM ET",btc-updown-15m-1778984100,2026-05-17T02:30:00Z,,0.43,0.44,0.56,0.57,0.435,0.53,467.19222,,37.05,18.95,"[[0.01,""10397.94""],[0.02,""2528.57""],[0.03,""1206.77""],[0.04,""216.9""],[0.05,""223.2""],[0.06,""118.54""],[0.07,""415.39""],[0.08,""90.29""],[0.09,""93.58""],[0.1,""568.29""],[0.11,""589.7""],[0.12,""556.74""],[0.13,""574.2""],[0.14,""52.05""],[0.15,""75.17""],[0.16,""63.55""],[0.17,""67.19""],[0.18,""45.86""],[0.19,""64.77""],[0.2,""88.8""],[0.21,""63.1""],[0.22,""47.5""],[0.23,""76.89""],[0.24,""46.39""],[0.25,""96""],[0.26,""40.6""],[0.27,""75.2""],[0.28,""39.9""],[0.29,""74.6""],[0.3,""71.96""],[0.31,""74""],[0.32,""116.8""],[0.33,""373.6""],[0.34,""548.4""],[0.35,""407.86""],[0.36,""65""],[0.37,""75""],[0.38,""60""],[0.39,""100""],[0.4,""221.84""],[0.41,""280""],[0.42,""172.81""],[0.43,""37.05""]]","[[0.01,""10305.25""],[0.02,""2521.73""],[0.03,""1224.77""],[0.04,""217.06""],[0.05,""228.21""],[0.06,""113.54""],[0.07,""405.39""],[0.08,""90.3""],[0.09,""93.47""],[0.1,""68.3""],[0.11,""89.7""],[0.12,""61.74""],[0.13,""74.2""],[0.14,""52.05""],[0.15,""75.17""],[0.16,""58.55""],[0.17,""67.19""],[0.18,""45.86""],[0.19,""64.77""],[0.2,""63.81""],[0.21,""68.1""],[0.22,""42.5""],[0.23,""61.89""],[0.24,""541.39""],[0.25,""571""],[0.26,""545.6""],[0.27,""652.2""],[0.28,""39.9""],[0.29,""59.6""],[0.3,""44.3""],[0.31,""64""],[0.32,""43.8""],[0.33,""78.6""],[0.34,""43.4""],[0.35,""102.78""],[0.36,""118""],[0.37,""257.9""],[0.38,""452.7""],[0.39,""362.6""],[0.4,""104.5""],[0.41,""108.4""],[0.42,""82.3""],[0.43,""77.2""],[0.44,""77.2""],[0.45,""82.1""],[0.46,""122.1""],[0.47,""77""],[0.48,""187""],[0.49,""202""],[0.5,""157""],[0.51,""190""],[0.52,""277.8""],[0.53,""117.8""],[0.54,""73.95""],[0.55,""81.96""],[0.56,""18.95""]]"
2026-05-17T02:18:11.931Z,btc-updown-15m-1778984100,"Bitcoin Up or Down - May 16, 10:15PM-10:30PM ET",btc-updown-15m-1778984100,2026-05-17T02:30:00Z,,0.44,0.45,0.55,0.56,0.445,0.53,467.19222,,46.99,126.07,"[[0.01,""10397.94""],[0.02,""2528.57""],[0.03,""1206.77""],[0.04,""216.9""],[0.05,""223.2""],[0.06,""118.54""],[0.07,""415.39""],[0.08,""90.29""],[0.09,""93.58""],[0.1,""568.29""],[0.11,""589.7""],[0.12,""556.74""],[0.13,""574.2""],[0.14,""52.05""],[0.15,""75.17""],[0.16,""63.55""],[0.17,""67.19""],[0.18,""45.86""],[0.19,""64.77""],[0.2,""88.8""],[0.21,""63.1""],[0.22,""47.5""],[0.23,""76.89""],[0.24,""46.39""],[0.25,""96""],[0.26,""40.6""],[0.27,""75.2""],[0.28,""39.9""],[0.29,""74.6""],[0.3,""66.96""],[0.31,""74""],[0.32,""116.8""],[0.33,""373.6""],[0.34,""543.4""],[0.35,""407.86""],[0.36,""65""],[0.37,""75""],[0.38,""60""],[0.39,""100""],[0.4,""208""],[0.41,""329.99""],[0.42,""87.82""],[0.43,""47.05""],[0.44,""46.99""]]","[[0.01,""10300.25""],[0.02,""2521.73""],[0.03,""1224.77""],[0.04,""217.06""],[0.05,""228.21""],[0.06,""113.54""],[0.07,""405.39""],[0.08,""90.3""],[0.09,""93.47""],[0.1,""68.3""],[0.11,""89.7""],[0.12,""61.74""],[0.13,""74.2""],[0.14,""52.05""],[0.15,""75.17""],[0.16,""58.55""],[0.17,""67.19""],[0.18,""45.86""],[0.19,""64.77""],[0.2,""63.81""],[0.21,""68.1""],[0.22,""42.5""],[0.23,""61.89""],[0.24,""541.39""],[0.25,""571""],[0.26,""545.6""],[0.27,""152.2""],[0.28,""39.9""],[0.29,""59.6""],[0.3,""39.3""],[0.31,""64""],[0.32,""43.8""],[0.33,""78.6""],[0.34,""43.4""],[0.35,""102.78""],[0.36,""118""],[0.37,""257.9""],[0.38,""452.7""],[0.39,""382.6""],[0.4,""99.5""],[0.41,""108.4""],[0.42,""82.3""],[0.43,""77.2""],[0.44,""77.2""],[0.45,""82.1""],[0.46,""122.1""],[0.47,""77""],[0.48,""187""],[0.49,""202""],[0.5,""117""],[0.51,""242""],[0.52,""217.8""],[0.53,""157.8""],[0.54,""73.95""],[0.55,""126.07""]]"
2026-05-17T02:18:14.737Z,btc-updown-15m-1778984100,"Bitcoin Up or Down - May 16, 10:15PM-10:30PM ET",btc-updown-15m-1778984100,2026-05-17T02:30:00Z,,0.44,0.45,0.55,0.56,0.445,0.53,467.19222,,34.99,114.83,"[[0.01,""10397.94""],[0.02,""2528.57""],[0.03,""1206.77""],[0.04,""216.9""],[0.05,""223.2""],[0.06,""118.54""],[0.07,""415.39""],[0.08,""90.29""],[0.09,""93.58""],[0.1,""568.29""],[0.11,""589.7""],[0.12,""556.74""],[0.13,""574.2""],[0.14,""52.05""],[0.15,""75.17""],[0.16,""63.55""],[0.17,""67.19""],[0.18,""45.86""],[0.19,""64.77""],[0.2,""88.8""],[0.21,""63.1""],[0.22,""47.5""],[0.23,""76.89""],[0.24,""46.39""],[0.25,""96""],[0.26,""40.6""],[0.27,""80.2""],[0.28,""44.9""],[0.29,""79.6""],[0.3,""66.96""],[0.31,""74""],[0.32,""121.8""],[0.33,""378.6""],[0.34,""548.4""],[0.35,""407.86""],[0.36,""65""],[0.37,""75""],[0.38,""60""],[0.39,""100""],[0.4,""208""],[0.41,""280""],[0.42,""87.82""],[0.43,""52.05""],[0.44,""34.99""]]","[[0.01,""10300.25""],[0.02,""2521.73""],[0.03,""1224.77""],[0.04,""217.06""],[0.05,""228.21""],[0.06,""113.54""],[0.07,""405.39""],[0.08,""90.3""],[0.09,""93.47""],[0.1,""68.3""],[0.11,""89.7""],[0.12,""61.74""],[0.13,""74.2""],[0.14,""52.05""],[0.15,""75.17""],[0.16,""58.55""],[0.17,""67.19""],[0.18,""45.86""],[0.19,""64.77""],[0.2,""63.81""],[0.21,""68.1""],[0.22,""42.5""],[0.23,""61.89""],[0.24,""541.39""],[0.25,""571""],[0.26,""545.6""],[0.27,""152.2""],[0.28,""39.9""],[0.29,""59.6""],[0.3,""39.3""],[0.31,""64""],[0.32,""43.8""],[0.33,""78.6""],[0.34,""43.4""],[0.35,""102.78""],[0.36,""138""],[0.37,""277.9""],[0.38,""472.7""],[0.39,""382.6""],[0.4,""104.5""],[0.41,""108.4""],[0.42,""82.3""],[0.43,""77.2""],[0.44,""77.2""],[0.45,""82.1""],[0.46,""122.1""],[0.47,""77""],[0.48,""187""],[0.49,""202""],[0.5,""117""],[0.51,""242""],[0.52,""217.8""],[0.53,""157.8""],[0.54,""73.95""],[0.55,""114.83""]]"
2026-05-17T02:18:17.492Z,btc-updown-15m-1778984100,"Bitcoin Up or Down - May 16, 10:15PM-10:30PM ET",btc-updown-15m-1778984100,2026-05-17T02:30:00Z,,0.44,0.45,0.55,0.56,0.445,0.53,467.19222,,146.48,14.11,"[[0.01,""10397.94""],[0.02,""2528.57""],[0.03,""1206.77""],[0.04,""216.9""],[0.05,""223.2""],[0.06,""118.54""],[0.07,""415.39""],[0.08,""90.29""],[0.09,""93.58""],[0.1,""568.29""],[0.11,""589.7""],[0.12,""556.74""],[0.13,""74.2""],[0.14,""52.05""],[0.15,""75.17""],[0.16,""63.55""],[0.17,""67.19""],[0.18,""45.86""],[0.19,""64.77""],[0.2,""88.8""],[0.21,""63.1""],[0.22,""47.5""],[0.23,""76.89""],[0.24,""41.39""],[0.25,""96""],[0.26,""40.6""],[0.27,""80.2""],[0.28,""44.9""],[0.29,""79.6""],[0.3,""66.96""],[0.31,""74""],[0.32,""116.8""],[0.33,""278.6""],[0.34,""448.4""],[0.35,""612.86""],[0.36,""30""],[0.37,""75""],[0.38,""105""],[0.39,""110""],[0.4,""188""],[0.41,""305""],[0.42,""92.02""],[0.43,""57.36""],[0.44,""146.48""]]","[[0.01,""10305.25""],[0.02,""2521.73""],[0.03,""1224.77""],[0.04,""217.06""],[0.05,""228.21""],[0.06,""113.54""],[0.07,""405.39""],[0.08,""90.3""],[0.09,""93.47""],[0.1,""68.3""],[0.11,""89.7""],[0.12,""61.74""],[0.13,""74.2""],[0.14,""52.05""],[0.15,""75.17""],[0.16,""58.55""],[0.17,""67.19""],[0.18,""45.86""],[0.19,""64.77""],[0.2,""63.81""],[0.21,""68.1""],[0.22,""42.5""],[0.23,""61.89""],[0.24,""541.39""],[0.25,""571""],[0.26,""545.6""],[0.27,""652.2""],[0.28,""39.9""],[0.29,""59.6""],[0.3,""39.3""],[0.31,""64""],[0.32,""43.8""],[0.33,""78.6""],[0.34,""43.4""],[0.35,""102.78""],[0.36,""118""],[0.37,""257.9""],[0.38,""452.7""],[0.39,""382.6""],[0.4,""99.5""],[0.41,""108.4""],[0.42,""82.3""],[0.43,""77.2""],[0.44,""72.2""],[0.45,""82.1""],[0.46,""122.1""],[0.47,""82""],[0.48,""192""],[0.49,""202""],[0.5,""117""],[0.51,""250""],[0.52,""197.8""],[0.53,""152.8""],[0.54,""78.95""],[0.55,""14.11""]]"
2026-05-17T02:18:19.345Z,btc-updown-15m-1778984100,"Bitcoin Up or Down - May 16, 10:15PM-10:30PM ET",btc-updown-15m-1778984100,2026-05-17T02:30:00Z,,0.44,0.45,0.55,0.56,0.445,0.53,467.19222,,71.26,15.0,"[[0.01,""10397.94""],[0.02,""2528.57""],[0.03,""1206.77""],[0.04,""216.9""],[0.05,""223.2""],[0.06,""118.54""],[0.07,""415.39""],[0.08,""90.29""],[0.09,""93.58""],[0.1,""568.29""],[0.11,""589.7""],[0.12,""556.74""],[0.13,""74.2""],[0.14,""52.05""],[0.15,""75.17""],[0.16,""63.55""],[0.17,""67.19""],[0.18,""45.86""],[0.19,""64.77""],[0.2,""88.8""],[0.21,""63.1""],[0.22,""47.5""],[0.23,""76.89""],[0.24,""41.39""],[0.25,""101""],[0.26,""40.6""],[0.27,""80.2""],[0.28,""44.9""],[0.29,""79.6""],[0.3,""66.96""],[0.31,""74""],[0.32,""121.8""],[0.33,""278.6""],[0.34,""448.4""],[0.35,""612.86""],[0.36,""30""],[0.37,""75""],[0.38,""65""],[0.39,""130""],[0.4,""188""],[0.41,""305""],[0.42,""92.02""],[0.43,""77.36""],[0.44,""71.26""]]","[[0.01,""10305.25""],[0.02,""2521.73""],[0.03,""1224.77""],[0.04,""217.06""],[0.05,""228.21""],[0.06,""113.54""],[0.07,""405.39""],[0.08,""90.3""],[0.09,""93.47""],[0.1,""68.3""],[0.11,""89.7""],[0.12,""61.74""],[0.13,""74.2""],[0.14,""52.05""],[0.15,""75.17""],[0.16,""58.55""],[0.17,""67.19""],[0.18,""45.86""],[0.19,""64.77""],[0.2,""63.81""],[0.21,""68.1""],[0.22,""42.5""],[0.23,""61.89""],[0.24,""541.39""],[0.25,""571""],[0.26,""545.6""],[0.27,""652.2""],[0.28,""39.9""],[0.29,""59.6""],[0.3,""39.3""],[0.31,""64""],[0.32,""43.8""],[0.33,""78.6""],[0.34,""43.4""],[0.35,""102.78""],[0.36,""118""],[0.37,""257.9""],[0.38,""472.7""],[0.39,""387.6""],[0.4,""99.5""],[0.41,""108.4""],[0.42,""82.3""],[0.43,""77.2""],[0.44,""72.2""],[0.45,""82.1""],[0.46,""122.1""],[0.47,""82""],[0.48,""192""],[0.49,""242""],[0.5,""117""],[0.51,""250""],[0.52,""197.8""],[0.53,""152.8""],[0.54,""83.95""],[0.55,""15""]]"
2026-05-17T02:18:22.364Z,btc-updown-15m-1778984100,"Bitcoin Up or Down - May 16, 10:15PM-10:30PM ET",btc-updown-15m-1778984100,2026-05-17T02:30:00Z,,0.44,0.45,0.55,0.56,0.445,0.53,467.19222,,157.53,20.0,"[[0.01,""10397.94""],[0.02,""2528.57""],[0.03,""1206.77""],[0.04,""216.9""],[0.05,""223.2""],[0.06,""118.54""],[0.07,""415.39""],[0.08,""90.29""],[0.09,""93.58""],[0.1,""568.29""],[0.11,""589.7""],[0.12,""556.74""],[0.13,""574.2""],[0.14,""52.05""],[0.15,""75.17""],[0.16,""63.55""],[0.17,""67.19""],[0.18,""45.86""],[0.19,""64.77""],[0.2,""88.8""],[0.21,""63.1""],[0.22,""47.5""],[0.23,""76.89""],[0.24,""41.39""],[0.25,""101""],[0.26,""40.6""],[0.27,""80.2""],[0.28,""44.9""],[0.29,""85.6""],[0.3,""65.96""],[0.31,""74""],[0.32,""121.8""],[0.33,""83.6""],[0.34,""348.4""],[0.35,""312.86""],[0.36,""30""],[0.37,""75""],[0.38,""105""],[0.39,""110""],[0.4,""228""],[0.41,""265""],[0.42,""92.02""],[0.43,""72.36""],[0.44,""157.53""]]","[[0.01,""10495.3""],[0.02,""2521.73""],[0.03,""1224.77""],[0.04,""217.06""],[0.05,""228.21""],[0.06,""113.54""],[0.07,""405.39""],[0.08,""90.3""],[0.09,""93.47""],[0.1,""68.3""],[0.11,""89.7""],[0.12,""61.74""],[0.13,""74.2""],[0.14,""52.05""],[0.15,""75.17""],[0.16,""58.55""],[0.17,""67.19""],[0.18,""45.86""],[0.19,""64.77""],[0.2,""63.81""],[0.21,""568.1""],[0.22,""542.5""],[0.23,""561.89""],[0.24,""541.39""],[0.25,""71""],[0.26,""45.6""],[0.27,""152.2""],[0.28,""39.9""],[0.29,""59.6""],[0.3,""44.3""],[0.31,""64""],[0.32,""43.8""],[0.33,""78.6""],[0.34,""43.4""],[0.35,""102.78""],[0.36,""138""],[0.37,""77.9""],[0.38,""72.7""],[0.39,""87.6""],[0.4,""399.5""],[0.41,""108.4""],[0.42,""82.3""],[0.43,""77.2""],[0.44,""77.2""],[0.45,""82.1""],[0.46,""127.1""],[0.47,""82""],[0.48,""192""],[0.49,""237""],[0.5,""112""],[0.51,""235""],[0.52,""177.8""],[0.53,""97.8""],[0.54,""83.95""],[0.55,""20""]]"
2026-05-17T02:18:23.961Z,btc-updown-15m-1778984100,"Bitcoin Up or Down - May 16, 10:15PM-10:30PM ET",btc-updown-15m-1778984100,2026-05-17T02:30:00Z,,0.44,0.45,0.55,0.56,0.445,0.53,467.19222,,162.53,20.0,"[[0.01,""10397.94""],[0.02,""2533.57""],[0.03,""1206.77""],[0.04,""216.9""],[0.05,""223.2""],[0.06,""118.54""],[0.07,""415.39""],[0.08,""90.29""],[0.09,""93.58""],[0.1,""568.29""],[0.11,""589.7""],[0.12,""556.74""],[0.13,""574.2""],[0.14,""52.05""],[0.15,""75.17""],[0.16,""63.55""],[0.17,""67.19""],[0.18,""45.86""],[0.19,""64.77""],[0.2,""88.8""],[0.21,""63.1""],[0.22,""47.5""],[0.23,""76.89""],[0.24,""41.39""],[0.25,""96""],[0.26,""40.6""],[0.27,""80.2""],[0.28,""44.9""],[0.29,""85.6""],[0.3,""65.96""],[0.31,""74""],[0.32,""321.8""],[0.33,""83.6""],[0.34,""348.4""],[0.35,""312.86""],[0.36,""30""],[0.37,""75""],[0.38,""105""],[0.39,""110""],[0.4,""228""],[0.41,""265""],[0.42,""92.02""],[0.43,""57.36""],[0.44,""162.53""]]","[[0.01,""10495.3""],[0.02,""2521.73""],[0.03,""1224.77""],[0.04,""217.06""],[0.05,""228.21""],[0.06,""113.54""],[0.07,""405.39""],[0.08,""90.3""],[0.09,""93.47""],[0.1,""68.3""],[0.11,""89.7""],[0.12,""61.74""],[0.13,""74.2""],[0.14,""52.05""],[0.15,""75.17""],[0.16,""58.55""],[0.17,""67.19""],[0.18,""45.86""],[0.19,""64.77""],[0.2,""63.81""],[0.21,""568.1""],[0.22,""542.5""],[0.23,""561.89""],[0.24,""541.39""],[0.25,""71""],[0.26,""45.6""],[0.27,""152.2""],[0.28,""39.9""],[0.29,""59.6""],[0.3,""44.3""],[0.31,""64""],[0.32,""43.8""],[0.33,""78.6""],[0.34,""63.4""],[0.35,""102.78""],[0.36,""138""],[0.37,""277.9""],[0.38,""72.7""],[0.39,""82.6""],[0.4,""399.5""],[0.41,""108.4""],[0.42,""82.3""],[0.43,""77.2""],[0.44,""77.2""],[0.45,""82.1""],[0.46,""127.1""],[0.47,""82""],[0.48,""192""],[0.49,""237""],[0.5,""112""],[0.51,""235""],[0.52,""227.8""],[0.53,""97.8""],[0.54,""83.95""],[0.55,""20""]]"
2026-05-17T02:18:25.994Z,btc-updown-15m-1778984100,"Bitcoin Up or Down - May 16, 10:15PM-10:30PM ET",btc-updown-15m-1778984100,2026-05-17T02:30:00Z,,0.44,0.45,0.55,0.56,0.445,0.53,467.19222,,165.53,15.97,"[[0.01,""10397.94""],[0.02,""2538.57""],[0.03,""1206.77""],[0.04,""216.9""],[0.05,""223.2""],[0.06,""118.54""],[0.07,""415.39""],[0.08,""90.29""],[0.09,""93.58""],[0.1,""568.29""],[0.11,""589.7""],[0.12,""556.74""],[0.13,""574.2""],[0.14,""52.05""],[0.15,""75.17""],[0.16,""63.55""],[0.17,""67.19""],[0.18,""45.86""],[0.19,""64.77""],[0.2,""88.8""],[0.21,""63.1""],[0.22,""47.5""],[0.23,""76.89""],[0.24,""41.39""],[0.25,""101""],[0.26,""40.6""],[0.27,""80.2""],[0.28,""44.9""],[0.29,""85.6""],[0.3,""65.96""],[0.31,""74""],[0.32,""321.8""],[0.33,""483.6""],[0.34,""348.4""],[0.35,""312.86""],[0.36,""30""],[0.37,""75""],[0.38,""105""],[0.39,""110""],[0.4,""228""],[0.41,""265""],[0.42,""92.02""],[0.43,""72.36""],[0.44,""165.53""]]","[[0.01,""10490.3""],[0.02,""2521.73""],[0.03,""1224.77""],[0.04,""217.06""],[0.05,""228.21""],[0.06,""113.54""],[0.07,""405.39""],[0.08,""90.3""],[0.09,""93.47""],[0.1,""68.3""],[0.11,""89.7""],[0.12,""61.74""],[0.13,""74.2""],[0.14,""52.05""],[0.15,""75.17""],[0.16,""58.55""],[0.17,""67.19""],[0.18,""45.86""],[0.19,""64.77""],[0.2,""63.81""],[0.21,""568.1""],[0.22,""542.5""],[0.23,""561.89""],[0.24,""541.39""],[0.25,""71""],[0.26,""45.6""],[0.27,""152.2""],[0.28,""39.9""],[0.29,""59.6""],[0.3,""44.3""],[0.31,""64""],[0.32,""43.8""],[0.33,""78.6""],[0.34,""43.4""],[0.35,""122.78""],[0.36,""138""],[0.37,""277.9""],[0.38,""472.7""],[0.39,""87.6""],[0.4,""399.5""],[0.41,""108.4""],[0.42,""82.3""],[0.43,""77.2""],[0.44,""77.2""],[0.45,""82.1""],[0.46,""127.1""],[0.47,""82""],[0.48,""192""],[0.49,""237""],[0.5,""112""],[0.51,""240""],[0.52,""227.8""],[0.53,""97.8""],[0.54,""83.95""],[0.55,""15.97""]]"
2026-05-17T02:18:28.889Z,btc-updown-15m-1778984100,"Bitcoin Up or Down - May 16, 10:15PM-10:30PM ET",btc-updown-15m-1778984100,2026-05-17T02:30:00Z,,0.44,0.45,0.55,0.56,0.445,0.53,467.19222,,162.53,15.97,"[[0.01,""10397.94""],[0.02,""2538.57""],[0.03,""1206.77""],[0.04,""216.9""],[0.05,""223.2""],[0.06,""118.54""],[0.07,""415.39""],[0.08,""90.29""],[0.09,""93.58""],[0.1,""568.29""],[0.11,""589.7""],[0.12,""556.74""],[0.13,""574.2""],[0.14,""52.05""],[0.15,""75.17""],[0.16,""63.55""],[0.17,""67.19""],[0.18,""45.86""],[0.19,""64.77""],[0.2,""88.8""],[0.21,""63.1""],[0.22,""47.5""],[0.23,""76.89""],[0.24,""41.39""],[0.25,""96""],[0.26,""45.6""],[0.27,""80.2""],[0.28,""44.9""],[0.29,""85.6""],[0.3,""65.96""],[0.31,""74""],[0.32,""321.8""],[0.33,""483.6""],[0.34,""448.4""],[0.35,""217.86""],[0.36,""30""],[0.37,""75""],[0.38,""105""],[0.39,""110""],[0.4,""228""],[0.41,""265""],[0.42,""92.02""],[0.43,""81.47""],[0.44,""162.53""]]","[[0.01,""10500.3""],[0.02,""2521.73""],[0.03,""1224.77""],[0.04,""217.06""],[0.05,""228.21""],[0.06,""113.54""],[0.07,""405.39""],[0.08,""90.3""],[0.09,""93.47""],[0.1,""68.3""],[0.11,""89.7""],[0.12,""61.74""],[0.13,""74.2""],[0.14,""52.05""],[0.15,""75.17""],[0.16,""58.55""],[0.17,""67.19""],[0.18,""45.86""],[0.19,""64.77""],[0.2,""63.81""],[0.21,""568.1""],[0.22,""542.5""],[0.23,""561.89""],[0.24,""541.39""],[0.25,""71""],[0.26,""45.6""],[0.27,""152.2""],[0.28,""39.9""],[0.29,""59.6""],[0.3,""44.3""],[0.31,""64""],[0.32,""43.8""],[0.33,""78.6""],[0.34,""43.4""],[0.35,""122.78""],[0.36,""138""],[0.37,""277.9""],[0.38,""477.7""],[0.39,""82.6""],[0.4,""399.5""],[0.41,""108.4""],[0.42,""82.3""],[0.43,""77.2""],[0.44,""77.2""],[0.45,""82.1""],[0.46,""127.1""],[0.47,""82""],[0.48,""192""],[0.49,""242""],[0.5,""117""],[0.51,""240""],[0.52,""177.8""],[0.53,""97.8""],[0.54,""83.95""],[0.55,""15.97""]]"
2026-05-17T02:18:31.888Z,btc-updown-15m-1778984100,"Bitcoin Up or Down - May 16, 10:15PM-10:30PM ET",btc-updown-15m-1778984100,2026-05-17T02:30:00Z,,0.46,0.47,0.53,0.54,0.46499999999999997,0.53,467.19222,,95.15,42.8,"[[0.01,""10397.94""],[0.02,""2538.57""],[0.03,""1206.77""],[0.04,""216.9""],[0.05,""223.2""],[0.06,""118.54""],[0.07,""415.39""],[0.08,""90.29""],[0.09,""93.58""],[0.1,""568.29""],[0.11,""589.7""],[0.12,""556.74""],[0.13,""574.2""],[0.14,""52.05""],[0.15,""75.17""],[0.16,""63.55""],[0.17,""67.19""],[0.18,""45.86""],[0.19,""64.77""],[0.2,""88.8""],[0.21,""63.1""],[0.22,""47.5""],[0.23,""76.89""],[0.24,""41.39""],[0.25,""96""],[0.26,""40.6""],[0.27,""80.2""],[0.28,""44.9""],[0.29,""85.6""],[0.3,""65.96""],[0.31,""74""],[0.32,""321.8""],[0.33,""478.6""],[0.34,""443.4""],[0.35,""221.06""],[0.36,""48""],[0.37,""87.9""],[0.38,""65""],[0.39,""65""],[0.4,""143""],[0.41,""88.84""],[0.42,""165.02""],[0.43,""323.46""],[0.44,""122""],[0.45,""77.12""],[0.46,""95.15""]]","[[0.01,""10495.3""],[0.02,""2521.73""],[0.03,""1229.77""],[0.04,""217.06""],[0.05,""223.21""],[0.06,""113.54""],[0.07,""405.39""],[0.08,""90.3""],[0.09,""93.47""],[0.1,""68.3""],[0.11,""89.7""],[0.12,""61.74""],[0.13,""74.2""],[0.14,""52.05""],[0.15,""75.17""],[0.16,""58.55""],[0.17,""67.19""],[0.18,""45.86""],[0.19,""64.77""],[0.2,""563.81""],[0.21,""568.1""],[0.22,""42.5""],[0.23,""61.89""],[0.24,""41.39""],[0.25,""71""],[0.26,""45.6""],[0.27,""152.2""],[0.28,""39.9""],[0.29,""59.6""],[0.3,""44.3""],[0.31,""64""],[0.32,""63.8""],[0.33,""98.6""],[0.34,""78.4""],[0.35,""122.78""],[0.36,""138""],[0.37,""277.9""],[0.38,""472.7""],[0.39,""82.6""],[0.4,""399.5""],[0.41,""108.4""],[0.42,""82.3""],[0.43,""77.2""],[0.44,""77.2""],[0.45,""82.1""],[0.46,""182.1""],[0.47,""162""],[0.48,""82""],[0.49,""230""],[0.5,""170""],[0.51,""105""],[0.52,""37.8""],[0.53,""42.8""]]"
2026-05-17T02:18:33.325Z,btc-updown-15m-1778984100,"Bitcoin Up or Down - May 16, 10:15PM-10:30PM ET",btc-updown-15m-1778984100,2026-05-17T02:30:00Z,,0.46,0.47,0.53,0.54,0.46499999999999997,0.53,467.19222,,68.92,42.8,"[[0.01,""10397.94""],[0.02,""2538.57""],[0.03,""1206.77""],[0.04,""216.9""],[0.05,""223.2""],[0.06,""118.54""],[0.07,""415.39""],[0.08,""90.29""],[0.09,""93.58""],[0.1,""568.29""],[0.11,""589.7""],[0.12,""556.74""],[0.13,""574.2""],[0.14,""52.05""],[0.15,""75.17""],[0.16,""63.55""],[0.17,""67.19""],[0.18,""45.86""],[0.19,""64.77""],[0.2,""88.8""],[0.21,""63.1""],[0.22,""47.5""],[0.23,""61.89""],[0.24,""41.39""],[0.25,""96""],[0.26,""40.6""],[0.27,""85.2""],[0.28,""44.9""],[0.29,""85.6""],[0.3,""65.96""],[0.31,""74""],[0.32,""321.8""],[0.33,""478.6""],[0.34,""443.4""],[0.35,""221.06""],[0.36,""48""],[0.37,""87.9""],[0.38,""65""],[0.39,""65""],[0.4,""148""],[0.41,""75""],[0.42,""205.02""],[0.43,""271.47""],[0.44,""122""],[0.45,""67.12""],[0.46,""68.92""]]","[[0.01,""10495.3""],[0.02,""2521.73""],[0.03,""1229.77""],[0.04,""217.06""],[0.05,""223.21""],[0.06,""113.54""],[0.07,""405.39""],[0.08,""90.3""],[0.09,""93.47""],[0.1,""68.3""],[0.11,""89.7""],[0.12,""61.74""],[0.13,""74.2""],[0.14,""52.05""],[0.15,""75.17""],[0.16,""58.55""],[0.17,""67.19""],[0.18,""45.86""],[0.19,""64.77""],[0.2,""563.81""],[0.21,""568.1""],[0.22,""42.5""],[0.23,""61.89""],[0.24,""41.39""],[0.25,""71""],[0.26,""45.6""],[0.27,""152.2""],[0.28,""39.9""],[0.29,""59.6""],[0.3,""44.3""],[0.31,""64""],[0.32,""43.8""],[0.33,""98.6""],[0.34,""78.4""],[0.35,""122.78""],[0.36,""138""],[0.37,""282.9""],[0.38,""472.7""],[0.39,""82.6""],[0.4,""399.5""],[0.41,""108.4""],[0.42,""82.3""],[0.43,""77.2""],[0.44,""77.2""],[0.45,""82.1""],[0.46,""182.1""],[0.47,""162""],[0.48,""82""],[0.49,""265""],[0.5,""220""],[0.51,""105""],[0.52,""62.8""],[0.53,""42.8""]]"
2026-05-17T02:18:36.568Z,btc-updown-15m-1778984100,"Bitcoin Up or Down - May 16, 10:15PM-10:30PM ET",btc-updown-15m-1778984100,2026-05-17T02:30:00Z,,0.46,0.47,0.53,0.54,0.46499999999999997,0.53,467.19222,,75.08,37.8,"[[0.01,""10397.94""],[0.02,""2538.57""],[0.03,""1206.77""],[0.04,""216.9""],[0.05,""223.2""],[0.06,""118.54""],[0.07,""415.39""],[0.08,""90.29""],[0.09,""93.58""],[0.1,""568.29""],[0.11,""589.7""],[0.12,""556.74""],[0.13,""574.2""],[0.14,""52.05""],[0.15,""75.17""],[0.16,""63.55""],[0.17,""67.19""],[0.18,""45.86""],[0.19,""64.77""],[0.2,""88.8""],[0.21,""63.1""],[0.22,""47.5""],[0.23,""61.89""],[0.24,""41.39""],[0.25,""96""],[0.26,""40.6""],[0.27,""80.2""],[0.28,""49.9""],[0.29,""85.6""],[0.3,""65.96""],[0.31,""74""],[0.32,""121.8""],[0.33,""478.6""],[0.34,""443.4""],[0.35,""221.06""],[0.36,""48""],[0.37,""75""],[0.38,""65""],[0.39,""65""],[0.4,""148""],[0.41,""75""],[0.42,""205.02""],[0.43,""271.47""],[0.44,""102""],[0.45,""102.12""],[0.46,""75.08""]]","[[0.01,""10495.3""],[0.02,""2521.73""],[0.03,""1229.77""],[0.04,""217.06""],[0.05,""223.21""],[0.06,""113.54""],[0.07,""405.39""],[0.08,""90.3""],[0.09,""93.47""],[0.1,""68.3""],[0.11,""89.7""],[0.12,""61.74""],[0.13,""74.2""],[0.14,""52.05""],[0.15,""75.17""],[0.16,""58.55""],[0.17,""67.19""],[0.18,""45.86""],[0.19,""64.77""],[0.2,""563.81""],[0.21,""568.1""],[0.22,""542.5""],[0.23,""561.89""],[0.24,""541.39""],[0.25,""71""],[0.26,""45.6""],[0.27,""152.2""],[0.28,""39.9""],[0.29,""59.6""],[0.3,""44.3""],[0.31,""64""],[0.32,""63.8""],[0.33,""98.6""],[0.34,""78.4""],[0.35,""122.78""],[0.36,""143""],[0.37,""77.9""],[0.38,""472.7""],[0.39,""82.6""],[0.4,""399.5""],[0.41,""108.4""],[0.42,""82.3""],[0.43,""117.2""],[0.44,""82.2""],[0.45,""87.1""],[0.46,""187.1""],[0.47,""162""],[0.48,""123""],[0.49,""275""],[0.5,""175""],[0.51,""110""],[0.52,""62.8""],[0.53,""37.8""]]"
2026-05-17T02:18:39.795Z,btc-updown-15m-1778984100,"Bitcoin Up or Down - May 16, 10:15PM-10:30PM ET",btc-updown-15m-1778984100,2026-05-17T02:30:00Z,,0.46,0.47,0.53,0.54,0.46499999999999997,0.53,467.19222,,56.31,42.8,"[[0.01,""10397.94""],[0.02,""2538.57""],[0.03,""1206.77""],[0.04,""216.9""],[0.05,""223.2""],[0.06,""118.54""],[0.07,""415.39""],[0.08,""90.29""],[0.09,""93.58""],[0.1,""568.29""],[0.11,""589.7""],[0.12,""556.74""],[0.13,""574.2""],[0.14,""52.05""],[0.15,""75.17""],[0.16,""63.55""],[0.17,""67.19""],[0.18,""59.74""],[0.19,""64.77""],[0.2,""88.8""],[0.21,""63.1""],[0.22,""47.5""],[0.23,""61.89""],[0.24,""41.39""],[0.25,""96""],[0.26,""40.6""],[0.27,""80.2""],[0.28,""44.9""],[0.29,""85.6""],[0.3,""65.96""],[0.31,""274""],[0.32,""121.8""],[0.33,""478.6""],[0.34,""443.4""],[0.35,""221.06""],[0.36,""43""],[0.37,""92.9""],[0.38,""65""],[0.39,""65""],[0.4,""148""],[0.41,""75""],[0.42,""205.02""],[0.43,""271.47""],[0.44,""97""],[0.45,""92.12""],[0.46,""56.31""]]","[[0.01,""10495.3""],[0.02,""2521.73""],[0.03,""1229.77""],[0.04,""217.06""],[0.05,""223.21""],[0.06,""113.54""],[0.07,""405.39""],[0.08,""90.3""],[0.09,""93.47""],[0.1,""68.3""],[0.11,""89.7""],[0.12,""61.74""],[0.13,""74.2""],[0.14,""52.05""],[0.15,""75.17""],[0.16,""58.55""],[0.17,""67.19""],[0.18,""45.86""],[0.19,""64.77""],[0.2,""563.81""],[0.21,""568.1""],[0.22,""542.5""],[0.23,""561.89""],[0.24,""541.39""],[0.25,""71""],[0.26,""45.6""],[0.27,""152.2""],[0.28,""39.9""],[0.29,""59.6""],[0.3,""44.3""],[0.31,""64""],[0.32,""43.8""],[0.33,""78.6""],[0.34,""58.4""],[0.35,""102.78""],[0.36,""118""],[0.37,""257.9""],[0.38,""452.7""],[0.39,""82.6""],[0.4,""399.5""],[0.41,""108.4""],[0.42,""82.3""],[0.43,""117.2""],[0.44,""82.2""],[0.45,""87.1""],[0.46,""187.1""],[0.47,""182""],[0.48,""193""],[0.49,""290""],[0.5,""175""],[0.51,""110""],[0.52,""62.8""],[0.53,""42.8""]]"
2026-05-17T02:18:41.080Z,btc-updown-15m-1778984100,"Bitcoin Up or Down - May 16, 10:15PM-10:30PM ET",btc-updown-15m-1778984100,2026-05-17T02:30:00Z,,0.46,0.47,0.53,0.54,0.46499999999999997,0.53,467.19222,,91.43,17.8,"[[0.01,""10397.94""],[0.02,""2538.57""],[0.03,""1206.77""],[0.04,""216.9""],[0.05,""223.2""],[0.06,""118.54""],[0.07,""415.39""],[0.08,""90.29""],[0.09,""93.58""],[0.1,""568.29""],[0.11,""589.7""],[0.12,""556.74""],[0.13,""574.2""],[0.14,""52.05""],[0.15,""75.17""],[0.16,""63.55""],[0.17,""67.19""],[0.18,""59.74""],[0.19,""64.77""],[0.2,""88.8""],[0.21,""63.1""],[0.22,""47.5""],[0.23,""61.89""],[0.24,""41.39""],[0.25,""96""],[0.26,""40.6""],[0.27,""80.2""],[0.28,""49.9""],[0.29,""85.6""],[0.3,""65.96""],[0.31,""274""],[0.32,""121.8""],[0.33,""478.6""],[0.34,""443.4""],[0.35,""221.06""],[0.36,""43""],[0.37,""92.9""],[0.38,""65""],[0.39,""65""],[0.4,""148""],[0.41,""75""],[0.42,""120.02""],[0.43,""271.47""],[0.44,""182""],[0.45,""142""],[0.46,""91.43""]]","[[0.01,""10495.3""],[0.02,""2521.73""],[0.03,""1224.77""],[0.04,""217.06""],[0.05,""223.21""],[0.06,""113.54""],[0.07,""405.39""],[0.08,""90.3""],[0.09,""93.47""],[0.1,""68.3""],[0.11,""89.7""],[0.12,""61.74""],[0.13,""74.2""],[0.14,""52.05""],[0.15,""75.17""],[0.16,""58.55""],[0.17,""67.19""],[0.18,""45.86""],[0.19,""64.77""],[0.2,""568.81""],[0.21,""568.1""],[0.22,""542.5""],[0.23,""561.89""],[0.24,""541.39""],[0.25,""71""],[0.26,""40.6""],[0.27,""152.2""],[0.28,""44.9""],[0.29,""59.6""],[0.3,""44.3""],[0.31,""64""],[0.32,""58.8""],[0.33,""73.6""],[0.34,""58.4""],[0.35,""127.78""],[0.36,""143""],[0.37,""277.9""],[0.38,""472.7""],[0.39,""77.6""],[0.4,""399.5""],[0.41,""108.4""],[0.42,""87.3""],[0.43,""77.2""],[0.44,""122.2""],[0.45,""87.1""],[0.46,""182.1""],[0.47,""182""],[0.48,""268""],[0.49,""290""],[0.5,""10""],[0.51,""52.8""],[0.53,""17.8""]]"
2026-05-17T02:18:43.486Z,btc-updown-15m-1778984100,"Bitcoin Up or Down - May 16, 10:15PM-10:30PM ET",btc-updown-15m-1778984100,2026-05-17T02:30:00Z,,0.46,0.47,0.53,0.54,0.46499999999999997,0.53,467.19222,,43.11,87.8,"[[0.01,""10397.94""],[0.02,""2538.57""],[0.03,""1206.77""],[0.04,""216.9""],[0.05,""223.2""],[0.06,""118.54""],[0.07,""415.39""],[0.08,""90.29""],[0.09,""93.58""],[0.1,""568.29""],[0.11,""589.7""],[0.12,""556.74""],[0.13,""74.2""],[0.14,""52.05""],[0.15,""75.17""],[0.16,""63.55""],[0.17,""67.19""],[0.18,""59.74""],[0.19,""64.77""],[0.2,""88.8""],[0.21,""63.1""],[0.22,""47.5""],[0.23,""61.89""],[0.24,""41.39""],[0.25,""96""],[0.26,""40.6""],[0.27,""80.2""],[0.28,""49.9""],[0.29,""85.6""],[0.3,""65.96""],[0.31,""274""],[0.32,""121.8""],[0.33,""478.6""],[0.34,""443.4""],[0.35,""221.06""],[0.36,""43""],[0.37,""92.9""],[0.38,""65""],[0.39,""65""],[0.4,""148""],[0.41,""75""],[0.42,""120.02""],[0.43,""271.47""],[0.44,""175.75""],[0.45,""75""],[0.46,""43.11""]]","[[0.01,""10495.3""],[0.02,""2521.73""],[0.03,""1229.77""],[0.04,""217.06""],[0.05,""223.21""],[0.06,""113.54""],[0.07,""405.39""],[0.08,""90.3""],[0.09,""93.47""],[0.1,""68.3""],[0.11,""89.7""],[0.12,""61.74""],[0.13,""74.2""],[0.14,""52.05""],[0.15,""75.17""],[0.16,""58.55""],[0.17,""67.19""],[0.18,""45.86""],[0.19,""64.77""],[0.2,""568.81""],[0.21,""568.1""],[0.22,""542.5""],[0.23,""561.89""],[0.24,""541.39""],[0.25,""571""],[0.26,""40.6""],[0.27,""152.2""],[0.28,""44.9""],[0.29,""59.6""],[0.3,""44.3""],[0.31,""64""],[0.32,""43.8""],[0.33,""73.6""],[0.34,""58.4""],[0.35,""147.78""],[0.36,""143""],[0.37,""277.9""],[0.38,""472.7""],[0.39,""77.6""],[0.4,""399.5""],[0.41,""113.4""],[0.42,""87.3""],[0.43,""82.2""],[0.44,""82.2""],[0.45,""132.1""],[0.46,""182.1""],[0.47,""182""],[0.48,""267""],[0.49,""290""],[0.5,""30""],[0.51,""52.8""],[0.52,""25""],[0.53,""87.8""]]"
2026-05-17T02:18:46.123Z,btc-updown-15m-1778984100,"Bitcoin Up or Down - May 16, 10:15PM-10:30PM ET",btc-updown-15m-1778984100,2026-05-17T02:30:00Z,,0.46,0.47,0.53,0.54,0.46499999999999997,0.53,467.19222,,54.3,32.8,"[[0.01,""10397.94""],[0.02,""2538.57""],[0.03,""1206.77""],[0.04,""216.9""],[0.05,""223.2""],[0.06,""118.54""],[0.07,""415.39""],[0.08,""90.29""],[0.09,""93.58""],[0.1,""568.29""],[0.11,""589.7""],[0.12,""556.74""],[0.13,""74.2""],[0.14,""52.05""],[0.15,""75.17""],[0.16,""63.55""],[0.17,""67.19""],[0.18,""59.74""],[0.19,""64.77""],[0.2,""88.8""],[0.21,""63.1""],[0.22,""47.5""],[0.23,""61.89""],[0.24,""41.39""],[0.25,""96""],[0.26,""45.6""],[0.27,""80.2""],[0.28,""49.9""],[0.29,""80.6""],[0.3,""65.96""],[0.31,""274""],[0.32,""121.8""],[0.33,""478.6""],[0.34,""443.4""],[0.35,""221.06""],[0.36,""43""],[0.37,""75""],[0.38,""65""],[0.39,""65""],[0.4,""148""],[0.41,""75""],[0.42,""120.02""],[0.43,""271.47""],[0.44,""167""],[0.45,""83.6""],[0.46,""54.3""]]","[[0.01,""10495.3""],[0.02,""2521.73""],[0.03,""1229.77""],[0.04,""217.06""],[0.05,""223.21""],[0.06,""113.54""],[0.07,""405.39""],[0.08,""90.3""],[0.09,""93.47""],[0.1,""68.3""],[0.11,""89.7""],[0.12,""61.74""],[0.13,""74.2""],[0.14,""52.05""],[0.15,""75.17""],[0.16,""58.55""],[0.17,""67.19""],[0.18,""45.86""],[0.19,""64.77""],[0.2,""68.81""],[0.21,""568.1""],[0.22,""542.5""],[0.23,""561.89""],[0.24,""541.39""],[0.25,""71""],[0.26,""40.6""],[0.27,""152.2""],[0.28,""44.9""],[0.29,""59.6""],[0.3,""44.3""],[0.31,""64""],[0.32,""43.8""],[0.33,""73.6""],[0.34,""58.4""],[0.35,""107.78""],[0.36,""143""],[0.37,""277.9""],[0.38,""472.7""],[0.39,""77.6""],[0.4,""404.5""],[0.41,""113.4""],[0.42,""87.3""],[0.43,""82.2""],[0.44,""82.2""],[0.45,""132.1""],[0.46,""182.1""],[0.47,""182""],[0.48,""267""],[0.49,""290""],[0.5,""25""],[0.51,""52.8""],[0.52,""80""],[0.53,""32.8""]]"
2026-05-17T02:18:48.476Z,btc-updown-15m-1778984100,"Bitcoin Up or Down - May 16, 10:15PM-10:30PM ET",btc-updown-15m-1778984100,2026-05-17T02:30:00Z,,0.49,0.5,0.5,0.51,0.495,0.53,467.19222,,67.04,5.8,"[[0.01,""10397.94""],[0.02,""2538.57""],[0.03,""1206.77""],[0.04,""216.9""],[0.05,""223.2""],[0.06,""118.54""],[0.07,""415.39""],[0.08,""90.29""],[0.09,""93.58""],[0.1,""68.29""],[0.11,""589.7""],[0.12,""556.74""],[0.13,""574.2""],[0.14,""552.05""],[0.15,""575.17""],[0.16,""63.55""],[0.17,""67.19""],[0.18,""59.74""],[0.19,""64.77""],[0.2,""88.8""],[0.21,""63.1""],[0.22,""42.5""],[0.23,""61.89""],[0.24,""41.39""],[0.25,""96""],[0.26,""45.6""],[0.27,""90.2""],[0.28,""44.9""],[0.29,""80.6""],[0.3,""60.96""],[0.31,""274""],[0.32,""116.8""],[0.33,""473.6""],[0.34,""443.4""],[0.35,""221.06""],[0.36,""38""],[0.37,""77.9""],[0.38,""72.7""],[0.39,""100""],[0.4,""63""],[0.41,""80""],[0.42,""70.02""],[0.43,""59.56""],[0.44,""75""],[0.45,""132.8""],[0.46,""85.12""],[0.47,""146""],[0.48,""126.99""],[0.49,""67.04""]]","[[0.01,""10500.3""],[0.02,""2521.73""],[0.03,""1224.77""],[0.04,""217.06""],[0.05,""223.21""],[0.06,""113.54""],[0.07,""405.39""],[0.08,""90.3""],[0.09,""93.47""],[0.1,""68.3""],[0.11,""89.7""],[0.12,""61.74""],[0.13,""74.2""],[0.14,""52.05""],[0.15,""75.17""],[0.16,""558.55""],[0.17,""567.19""],[0.18,""545.86""],[0.19,""564.77""],[0.2,""568.81""],[0.21,""68.1""],[0.22,""42.5""],[0.23,""61.89""],[0.24,""41.39""],[0.25,""71""],[0.26,""40.6""],[0.27,""172.2""],[0.28,""44.9""],[0.29,""59.6""],[0.3,""59.3""],[0.31,""64""],[0.32,""58.8""],[0.33,""73.6""],[0.34,""63.4""],[0.35,""132.78""],[0.36,""143""],[0.37,""287.9""],[0.38,""477.7""],[0.39,""82.6""],[0.4,""404.5""],[0.41,""93.4""],[0.42,""282.3""],[0.43,""102.2""],[0.44,""217.2""],[0.45,""170""],[0.46,""105""],[0.47,""70""],[0.48,""20""],[0.49,""45""],[0.5,""5.8""]]"
2026-05-17T02:18:50.411Z,btc-updown-15m-1778984100,"Bitcoin Up or Down - May 16, 10:15PM-10:30PM ET",btc-updown-15m-1778984100,2026-05-17T02:30:00Z,,0.49,0.5,0.5,0.51,0.495,0.53,467.19222,,230.13,57.8,"[[0.01,""10397.94""],[0.02,""2538.57""],[0.03,""1206.77""],[0.04,""216.9""],[0.05,""223.2""],[0.06,""118.54""],[0.07,""415.39""],[0.08,""90.29""],[0.09,""93.58""],[0.1,""68.29""],[0.11,""589.7""],[0.12,""556.74""],[0.13,""574.2""],[0.14,""552.05""],[0.15,""575.17""],[0.16,""63.55""],[0.17,""67.19""],[0.18,""59.74""],[0.19,""64.77""],[0.2,""88.8""],[0.21,""63.1""],[0.22,""42.5""],[0.23,""61.89""],[0.24,""41.39""],[0.25,""96""],[0.26,""45.6""],[0.27,""90.2""],[0.28,""39.9""],[0.29,""80.6""],[0.3,""60.96""],[0.31,""274""],[0.32,""116.8""],[0.33,""473.6""],[0.34,""443.4""],[0.35,""221.06""],[0.36,""38""],[0.37,""77.9""],[0.38,""72.7""],[0.39,""112.6""],[0.4,""75.5""],[0.41,""80""],[0.42,""82.92""],[0.43,""59.56""],[0.44,""90""],[0.45,""92.8""],[0.46,""89.15""],[0.47,""121""],[0.48,""206.99""],[0.49,""230.13""]]","[[0.01,""10500.3""],[0.02,""2521.73""],[0.03,""1224.77""],[0.04,""217.06""],[0.05,""223.21""],[0.06,""113.54""],[0.07,""405.39""],[0.08,""90.3""],[0.09,""93.47""],[0.1,""68.3""],[0.11,""89.7""],[0.12,""61.74""],[0.13,""74.2""],[0.14,""52.05""],[0.15,""75.17""],[0.16,""558.55""],[0.17,""567.19""],[0.18,""545.86""],[0.19,""564.77""],[0.2,""568.81""],[0.21,""68.1""],[0.22,""42.5""],[0.23,""61.89""],[0.24,""41.39""],[0.25,""71""],[0.26,""40.6""],[0.27,""152.2""],[0.28,""44.9""],[0.29,""59.6""],[0.3,""59.3""],[0.31,""64""],[0.32,""58.8""],[0.33,""73.6""],[0.34,""58.4""],[0.35,""132.78""],[0.36,""143""],[0.37,""282.9""],[0.38,""482.7""],[0.39,""82.6""],[0.4,""404.5""],[0.41,""113.4""],[0.42,""302.3""],[0.43,""102.2""],[0.44,""222.2""],[0.45,""170""],[0.46,""100""],[0.47,""90""],[0.48,""25""],[0.49,""40""],[0.5,""57.8""]]"
2026-05-17T02:18:52.513Z,btc-updown-15m-1778984100,"Bitcoin Up or Down - May 16, 10:15PM-10:30PM ET",btc-updown-15m-1778984100,2026-05-17T02:30:00Z,,0.53,0.57,0.43,0.47,0.55,0.53,467.19222,,7.0,18.82,"[[0.01,""10392.94""],[0.02,""2538.57""],[0.03,""1206.77""],[0.04,""216.9""],[0.05,""223.2""],[0.06,""118.54""],[0.07,""415.39""],[0.08,""90.29""],[0.09,""93.58""],[0.1,""68.29""],[0.11,""589.7""],[0.12,""556.74""],[0.13,""574.2""],[0.14,""552.05""],[0.15,""575.17""],[0.16,""63.55""],[0.17,""567.19""],[0.18,""59.74""],[0.19,""64.77""],[0.2,""88.8""],[0.21,""63.1""],[0.22,""42.5""],[0.23,""61.89""],[0.24,""41.39""],[0.25,""96""],[0.26,""40.6""],[0.27,""80.2""],[0.28,""39.9""],[0.29,""74.6""],[0.3,""60.96""],[0.31,""74""],[0.32,""121.8""],[0.33,""78.6""],[0.34,""43.4""],[0.35,""121.06""],[0.36,""38""],[0.37,""77.9""],[0.38,""72.7""],[0.39,""72.6""],[0.4,""95.5""],[0.41,""80""],[0.42,""40.02""],[0.43,""59.56""],[0.44,""30""],[0.45,""82.8""],[0.46,""43.96""],[0.47,""75""],[0.48,""254.79""],[0.49,""315.49""],[0.52,""6.73""],[0.53,""7""]]","[[0.01,""9958""],[0.02,""2571.73""],[0.03,""1224.77""],[0.04,""217.06""],[0.05,""223.21""],[0.06,""113.54""],[0.07,""405.39""],[0.08,""90.3""],[0.09,""93.47""],[0.1,""68.3""],[0.11,""89.7""],[0.12,""61.74""],[0.13,""74.2""],[0.14,""52.05""],[0.15,""75.17""],[0.16,""58.55""],[0.17,""67.19""],[0.18,""45.86""],[0.19,""64.77""],[0.2,""68.81""],[0.21,""68.1""],[0.22,""42.5""],[0.23,""61.89""],[0.24,""46.39""],[0.25,""71""],[0.26,""40.6""],[0.27,""152.2""],[0.28,""44.9""],[0.29,""59.6""],[0.3,""59.3""],[0.31,""64""],[0.32,""58.8""],[0.33,""63.6""],[0.34,""53.4""],[0.35,""101.78""],[0.36,""100""],[0.37,""20""],[0.38,""15""],[0.39,""20""],[0.4,""42""],[0.41,""51""],[0.42,""30""],[0.43,""18.82""]]"
2026-05-17T02:18:55.345Z,btc-updown-15m-1778984100,"Bitcoin Up or Down - May 16, 10:15PM-10:30PM ET",btc-updown-15m-1778984100,2026-05-17T02:30:00Z,,0.58,0.59,0.41,0.42,0.585,0.53,467.19222,,68.01,80.86,"[[0.01,""10397.94""],[0.02,""2538.57""],[0.03,""1206.77""],[0.04,""216.9""],[0.05,""223.2""],[0.06,""118.54""],[0.07,""420.39""],[0.08,""90.29""],[0.09,""93.58""],[0.1,""68.29""],[0.11,""89.7""],[0.12,""56.74""],[0.13,""74.2""],[0.14,""52.05""],[0.15,""75.17""],[0.16,""558.55""],[0.17,""567.19""],[0.18,""59.74""],[0.19,""564.77""],[0.2,""588.8""],[0.21,""563.1""],[0.22,""542.5""],[0.23,""566.89""],[0.24,""41.39""],[0.25,""81""],[0.26,""40.6""],[0.27,""60.2""],[0.28,""39.9""],[0.29,""59.6""],[0.3,""60.96""],[0.31,""64""],[0.32,""121.8""],[0.33,""63.6""],[0.34,""43.4""],[0.35,""111.06""],[0.36,""38""],[0.37,""77.9""],[0.38,""72.7""],[0.39,""83.6""],[0.4,""70.5""],[0.41,""82.4""],[0.42,""47.32""],[0.43,""266.76""],[0.44,""37.2""],[0.45,""77.1""],[0.46,""32.22""],[0.47,""72""],[0.48,""37""],[0.49,""114""],[0.5,""122""],[0.51,""167""],[0.52,""40""],[0.53,""125""],[0.54,""106.53""],[0.55,""181.52""],[0.56,""61.55""],[0.57,""81""],[0.58,""68.01""]]","[[0.01,""9953""],[0.02,""2571.73""],[0.03,""1224.77""],[0.04,""217.06""],[0.05,""223.21""],[0.06,""113.54""],[0.07,""405.39""],[0.08,""90.3""],[0.09,""593.47""],[0.1,""568.3""],[0.11,""589.7""],[0.12,""61.74""],[0.13,""79.2""],[0.14,""52.05""],[0.15,""75.17""],[0.16,""58.55""],[0.17,""67.19""],[0.18,""45.86""],[0.19,""64.77""],[0.2,""63.81""],[0.21,""73.1""],[0.22,""77.5""],[0.23,""81.89""],[0.24,""91.39""],[0.25,""97""],[0.26,""75.6""],[0.27,""212.2""],[0.28,""74.9""],[0.29,""79.6""],[0.3,""79.3""],[0.31,""84""],[0.32,""83.8""],[0.33,""63.6""],[0.34,""53.4""],[0.35,""83.58""],[0.36,""100""],[0.37,""52""],[0.38,""160""],[0.39,""210""],[0.4,""187""],[0.41,""80.86""]]"
2026-05-17T02:18:58.930Z,btc-updown-15m-1778984100,"Bitcoin Up or Down - May 16, 10:15PM-10:30PM ET",btc-updown-15m-1778984100,2026-05-17T02:30:00Z,,0.6,0.61,0.39,0.4,0.605,0.53,467.19222,,33.53,31.81,"[[0.01,""10397.94""],[0.02,""2588.57""],[0.03,""1206.77""],[0.04,""216.9""],[0.05,""223.2""],[0.06,""118.54""],[0.07,""415.39""],[0.08,""90.29""],[0.09,""98.58""],[0.1,""68.29""],[0.11,""89.7""],[0.12,""56.74""],[0.13,""74.2""],[0.14,""52.05""],[0.15,""75.17""],[0.16,""58.55""],[0.17,""67.19""],[0.18,""59.74""],[0.19,""64.77""],[0.2,""588.8""],[0.21,""563.1""],[0.22,""542.5""],[0.23,""561.89""],[0.24,""541.39""],[0.25,""81""],[0.26,""40.6""],[0.27,""60.2""],[0.28,""39.9""],[0.29,""59.6""],[0.3,""60.96""],[0.31,""64""],[0.32,""121.8""],[0.33,""63.6""],[0.34,""43.4""],[0.35,""111.06""],[0.36,""38""],[0.37,""62.9""],[0.38,""72.7""],[0.39,""77.6""],[0.4,""70.5""],[0.41,""82.4""],[0.42,""47.32""],[0.43,""71.76""],[0.44,""37.2""],[0.45,""77.1""],[0.46,""32.22""],[0.47,""172""],[0.48,""137""],[0.49,""92""],[0.5,""82""],[0.51,""72""],[0.52,""47""],[0.53,""140""],[0.54,""60""],[0.55,""115""],[0.56,""229.04""],[0.57,""95.8""],[0.58,""141.53""],[0.59,""109.72""],[0.6,""33.53""]]","[[0.01,""9953""],[0.02,""2511.73""],[0.03,""1224.77""],[0.04,""217.06""],[0.05,""223.21""],[0.06,""113.54""],[0.07,""405.39""],[0.08,""590.3""],[0.09,""593.47""],[0.1,""568.3""],[0.11,""589.7""],[0.12,""61.74""],[0.13,""79.2""],[0.14,""52.05""],[0.15,""75.17""],[0.16,""58.55""],[0.17,""67.19""],[0.18,""45.86""],[0.19,""64.77""],[0.2,""98.81""],[0.21,""83.1""],[0.22,""82.5""],[0.23,""121.89""],[0.24,""82.39""],[0.25,""91""],[0.26,""75.6""],[0.27,""177.2""],[0.28,""74.9""],[0.29,""84.6""],[0.3,""84.3""],[0.31,""79""],[0.32,""53.8""],[0.33,""45""],[0.34,""53""],[0.35,""103.58""],[0.36,""175""],[0.37,""45""],[0.38,""35.4""],[0.39,""31.81""]]"
2026-05-17T02:18:59.942Z,btc-updown-15m-1778984100,"Bitcoin Up or Down - May 16, 10:15PM-10:30PM ET",btc-updown-15m-1778984100,2026-05-17T02:30:00Z,,0.6,0.61,0.39,0.4,0.605,0.53,467.19222,,160.55,105.69,"[[0.01,""10392.94""],[0.02,""2588.57""],[0.03,""1206.77""],[0.04,""216.9""],[0.05,""223.2""],[0.06,""118.54""],[0.07,""415.39""],[0.08,""90.29""],[0.09,""98.58""],[0.1,""68.29""],[0.11,""89.7""],[0.12,""56.74""],[0.13,""74.2""],[0.14,""52.05""],[0.15,""75.17""],[0.16,""58.55""],[0.17,""67.19""],[0.18,""59.74""],[0.19,""64.77""],[0.2,""588.8""],[0.21,""563.1""],[0.22,""542.5""],[0.23,""561.89""],[0.24,""541.39""],[0.25,""81""],[0.26,""40.6""],[0.27,""60.2""],[0.28,""39.9""],[0.29,""64.6""],[0.3,""60.96""],[0.31,""64""],[0.32,""121.8""],[0.33,""63.6""],[0.34,""43.4""],[0.35,""111.06""],[0.36,""43""],[0.37,""62.9""],[0.38,""72.7""],[0.39,""77.6""],[0.4,""70.5""],[0.41,""82.4""],[0.42,""47.32""],[0.43,""77.76""],[0.44,""37.2""],[0.45,""77.1""],[0.46,""32.22""],[0.47,""172""],[0.48,""147""],[0.49,""77""],[0.5,""92""],[0.51,""72""],[0.52,""47""],[0.53,""140""],[0.54,""90""],[0.55,""115""],[0.56,""181.36""],[0.57,""122.8""],[0.58,""116.53""],[0.59,""94.73""],[0.6,""160.55""]]","[[0.01,""9943""],[0.02,""2511.73""],[0.03,""1224.77""],[0.04,""217.06""],[0.05,""223.21""],[0.06,""113.54""],[0.07,""405.39""],[0.08,""590.3""],[0.09,""593.47""],[0.1,""568.3""],[0.11,""589.7""],[0.12,""61.74""],[0.13,""79.2""],[0.14,""52.05""],[0.15,""75.17""],[0.16,""58.55""],[0.17,""67.19""],[0.18,""45.86""],[0.19,""84.77""],[0.2,""98.81""],[0.21,""83.1""],[0.22,""82.5""],[0.23,""81.89""],[0.24,""116.39""],[0.25,""91""],[0.26,""75.6""],[0.27,""177.2""],[0.28,""94.9""],[0.29,""84.6""],[0.3,""84.3""],[0.31,""89""],[0.32,""53.8""],[0.33,""50""],[0.34,""258.76""],[0.35,""103.58""],[0.36,""180.44""],[0.37,""85""],[0.38,""60.4""],[0.39,""105.69""]]"
2026-05-17T02:19:02.710Z,btc-updown-15m-1778984100,"Bitcoin Up or Down - May 16, 10:15PM-10:30PM ET",btc-updown-15m-1778984100,2026-05-17T02:30:00Z,,0.6,0.61,0.39,0.4,0.605,0.53,467.19222,,182.27,100.69,"[[0.01,""10402.94""],[0.02,""2538.57""],[0.03,""1206.77""],[0.04,""216.9""],[0.05,""223.2""],[0.06,""118.54""],[0.07,""415.39""],[0.08,""90.29""],[0.09,""93.58""],[0.1,""73.29""],[0.11,""89.7""],[0.12,""56.74""],[0.13,""74.2""],[0.14,""52.05""],[0.15,""75.17""],[0.16,""58.55""],[0.17,""67.19""],[0.18,""59.74""],[0.19,""64.77""],[0.2,""588.8""],[0.21,""563.1""],[0.22,""542.5""],[0.23,""561.89""],[0.24,""541.39""],[0.25,""81""],[0.26,""40.6""],[0.27,""60.2""],[0.28,""39.9""],[0.29,""64.6""],[0.3,""60.96""],[0.31,""64""],[0.32,""43.8""],[0.33,""63.6""],[0.34,""43.4""],[0.35,""111.06""],[0.36,""43""],[0.37,""62.9""],[0.38,""72.7""],[0.39,""77.6""],[0.4,""70.5""],[0.41,""82.4""],[0.42,""47.32""],[0.43,""135.76""],[0.44,""37.2""],[0.45,""77.1""],[0.46,""32.22""],[0.47,""172""],[0.48,""137""],[0.49,""72""],[0.5,""392""],[0.51,""82""],[0.52,""52""],[0.53,""145""],[0.54,""85""],[0.55,""141.11""],[0.56,""160""],[0.57,""72.8""],[0.58,""111.34""],[0.59,""100.64""],[0.6,""182.27""]]","[[0.01,""9953""],[0.02,""2511.73""],[0.03,""1224.77""],[0.04,""217.06""],[0.05,""223.21""],[0.06,""113.54""],[0.07,""405.39""],[0.08,""590.3""],[0.09,""593.47""],[0.1,""568.3""],[0.11,""589.7""],[0.12,""61.74""],[0.13,""79.2""],[0.14,""52.05""],[0.15,""75.17""],[0.16,""214.8""],[0.17,""87.19""],[0.18,""65.86""],[0.19,""84.77""],[0.2,""98.81""],[0.21,""108.1""],[0.22,""83.5""],[0.23,""81.89""],[0.24,""76.39""],[0.25,""391""],[0.26,""80.6""],[0.27,""85.2""],[0.28,""74.9""],[0.29,""84.6""],[0.3,""84.3""],[0.31,""84""],[0.32,""53.8""],[0.33,""58.6""],[0.34,""283""],[0.35,""203.58""],[0.36,""165.44""],[0.37,""110""],[0.38,""35.4""],[0.39,""100.69""]]"
2026-05-17T02:19:05.499Z,btc-updown-15m-1778984100,"Bitcoin Up or Down - May 16, 10:15PM-10:30PM ET",btc-updown-15m-1778984100,2026-05-17T02:30:00Z,,0.6,0.61,0.39,0.4,0.605,0.53,467.19222,,121.07,68.88,"[[0.01,""10402.94""],[0.02,""2538.57""],[0.03,""1206.77""],[0.04,""216.9""],[0.05,""223.2""],[0.06,""118.54""],[0.07,""415.39""],[0.08,""90.29""],[0.09,""93.58""],[0.1,""73.29""],[0.11,""89.7""],[0.12,""56.74""],[0.13,""74.2""],[0.14,""52.05""],[0.15,""75.17""],[0.16,""58.55""],[0.17,""67.19""],[0.18,""59.74""],[0.19,""64.77""],[0.2,""588.8""],[0.21,""563.1""],[0.22,""542.5""],[0.23,""561.89""],[0.24,""541.39""],[0.25,""581""],[0.26,""540.6""],[0.27,""60.2""],[0.28,""39.9""],[0.29,""64.6""],[0.3,""60.96""],[0.31,""64""],[0.32,""43.8""],[0.33,""63.6""],[0.34,""43.4""],[0.35,""111.06""],[0.36,""43""],[0.37,""62.9""],[0.38,""72.7""],[0.39,""77.6""],[0.4,""70.5""],[0.41,""82.4""],[0.42,""47.32""],[0.43,""135.76""],[0.44,""37.2""],[0.45,""77.1""],[0.46,""32.22""],[0.47,""372""],[0.48,""537""],[0.49,""72""],[0.5,""392""],[0.51,""87""],[0.52,""45""],[0.53,""105""],[0.54,""125""],[0.55,""151.11""],[0.56,""165""],[0.57,""117.8""],[0.58,""116.34""],[0.59,""135.83""],[0.6,""121.07""]]","[[0.01,""9953""],[0.02,""2511.73""],[0.03,""1224.77""],[0.04,""217.06""],[0.05,""223.21""],[0.06,""113.54""],[0.07,""905.39""],[0.08,""590.3""],[0.09,""593.47""],[0.1,""568.3""],[0.11,""89.7""],[0.12,""61.74""],[0.13,""79.2""],[0.14,""52.05""],[0.15,""75.17""],[0.16,""214.8""],[0.17,""67.19""],[0.18,""45.86""],[0.19,""64.77""],[0.2,""78.81""],[0.21,""113.1""],[0.22,""88.5""],[0.23,""286.89""],[0.24,""521.39""],[0.25,""396""],[0.26,""90.6""],[0.27,""95.2""],[0.28,""89.9""],[0.29,""89.6""],[0.3,""69.3""],[0.31,""69""],[0.32,""58.8""],[0.33,""45""],[0.34,""278""],[0.35,""203.58""],[0.36,""185.44""],[0.37,""60""],[0.38,""100.4""],[0.39,""68.88""]]"
2026-05-17T02:19:06.665Z,btc-updown-15m-1778984100,"Bitcoin Up or Down - May 16, 10:15PM-10:30PM ET",btc-updown-15m-1778984100,2026-05-17T02:30:00Z,,0.6,0.61,0.39,0.4,0.605,0.53,467.19222,,146.07,51.08,"[[0.01,""10397.94""],[0.02,""2538.57""],[0.03,""1206.77""],[0.04,""216.9""],[0.05,""223.2""],[0.06,""118.54""],[0.07,""415.39""],[0.08,""90.29""],[0.09,""93.58""],[0.1,""73.29""],[0.11,""89.7""],[0.12,""56.74""],[0.13,""74.2""],[0.14,""52.05""],[0.15,""75.17""],[0.16,""58.55""],[0.17,""67.19""],[0.18,""59.74""],[0.19,""64.77""],[0.2,""588.8""],[0.21,""563.1""],[0.22,""542.5""],[0.23,""561.89""],[0.24,""541.39""],[0.25,""581""],[0.26,""540.6""],[0.27,""60.2""],[0.28,""39.9""],[0.29,""64.6""],[0.3,""60.96""],[0.31,""64""],[0.32,""43.8""],[0.33,""63.6""],[0.34,""43.4""],[0.35,""111.06""],[0.36,""43""],[0.37,""62.9""],[0.38,""72.7""],[0.39,""77.6""],[0.4,""76.5""],[0.41,""82.4""],[0.42,""47.32""],[0.43,""129.76""],[0.44,""37.2""],[0.45,""77.1""],[0.46,""32.22""],[0.47,""172""],[0.48,""137""],[0.49,""72""],[0.5,""92""],[0.51,""87""],[0.52,""45""],[0.53,""105""],[0.54,""125""],[0.55,""140""],[0.56,""165""],[0.57,""77.8""],[0.58,""116.34""],[0.59,""110.83""],[0.6,""146.07""]]","[[0.01,""9958""],[0.02,""2511.73""],[0.03,""1224.77""],[0.04,""217.06""],[0.05,""223.21""],[0.06,""113.54""],[0.07,""905.39""],[0.08,""590.3""],[0.09,""593.47""],[0.1,""568.3""],[0.11,""89.7""],[0.12,""61.74""],[0.13,""79.2""],[0.14,""52.05""],[0.15,""75.17""],[0.16,""214.8""],[0.17,""67.19""],[0.18,""45.86""],[0.19,""64.77""],[0.2,""78.81""],[0.21,""108.1""],[0.22,""88.5""],[0.23,""86.89""],[0.24,""121.39""],[0.25,""96""],[0.26,""90.6""],[0.27,""95.2""],[0.28,""89.9""],[0.29,""69.6""],[0.3,""69.3""],[0.31,""69""],[0.32,""53.8""],[0.33,""45""],[0.34,""278""],[0.35,""208.58""],[0.36,""165.44""],[0.37,""85""],[0.38,""75.4""],[0.39,""51.08""]]"
2026-05-17T02:19:08.638Z,btc-updown-15m-1778984100,"Bitcoin Up or Down - May 16, 10:15PM-10:30PM ET",btc-updown-15m-1778984100,2026-05-17T02:30:00Z,,0.61,0.63,0.37,0.39,0.62,0.53,467.19222,,130.73,27.66,"[[0.01,""10397.94""],[0.02,""2538.57""],[0.03,""1206.77""],[0.04,""216.9""],[0.05,""223.2""],[0.06,""118.54""],[0.07,""415.39""],[0.08,""90.29""],[0.09,""93.58""],[0.1,""73.29""],[0.11,""89.7""],[0.12,""56.74""],[0.13,""74.2""],[0.14,""52.05""],[0.15,""75.17""],[0.16,""58.55""],[0.17,""67.19""],[0.18,""59.74""],[0.19,""64.77""],[0.2,""88.8""],[0.21,""63.1""],[0.22,""42.5""],[0.23,""561.89""],[0.24,""541.39""],[0.25,""581""],[0.26,""540.6""],[0.27,""560.2""],[0.28,""539.9""],[0.29,""64.6""],[0.3,""60.96""],[0.31,""64""],[0.32,""43.8""],[0.33,""63.6""],[0.34,""43.4""],[0.35,""111.06""],[0.36,""43""],[0.37,""62.9""],[0.38,""72.7""],[0.39,""72.6""],[0.4,""76.5""],[0.41,""82.4""],[0.42,""47.32""],[0.43,""129.76""],[0.44,""37.2""],[0.45,""277.1""],[0.46,""432.22""],[0.47,""72""],[0.48,""337""],[0.49,""172""],[0.5,""187""],[0.51,""82""],[0.52,""62""],[0.53,""77""],[0.54,""60""],[0.55,""170""],[0.56,""40""],[0.57,""82.8""],[0.58,""202.5""],[0.59,""115.99""],[0.6,""234.91""],[0.61,""130.73""]]","[[0.01,""9958""],[0.02,""2511.73""],[0.03,""1224.77""],[0.04,""217.06""],[0.05,""223.21""],[0.06,""613.54""],[0.07,""905.39""],[0.08,""590.3""],[0.09,""93.47""],[0.1,""68.3""],[0.11,""89.7""],[0.12,""61.74""],[0.13,""79.2""],[0.14,""52.05""],[0.15,""95.17""],[0.16,""239.8""],[0.17,""107.19""],[0.18,""60.86""],[0.19,""64.77""],[0.2,""118.81""],[0.21,""103.1""],[0.22,""83.5""],[0.23,""86.89""],[0.24,""81.39""],[0.25,""96""],[0.26,""80.6""],[0.27,""365.2""],[0.28,""59.9""],[0.29,""59.6""],[0.3,""54.3""],[0.31,""64""],[0.32,""146.8""],[0.33,""50""],[0.34,""5""],[0.35,""113.58""],[0.36,""65""],[0.37,""27.66""]]"
2026-05-17T02:19:10.652Z,btc-updown-15m-1778984100,"Bitcoin Up or Down - May 16, 10:15PM-10:30PM ET",btc-updown-15m-1778984100,2026-05-17T02:30:00Z,,0.62,0.63,0.37,0.38,0.625,0.53,467.19222,,84.56,105.3,"[[0.01,""10402.94""],[0.02,""2538.57""],[0.03,""1206.77""],[0.04,""216.9""],[0.05,""223.2""],[0.06,""113.54""],[0.07,""415.39""],[0.08,""90.29""],[0.09,""93.58""],[0.1,""68.29""],[0.11,""89.7""],[0.12,""61.74""],[0.13,""74.2""],[0.14,""52.05""],[0.15,""75.17""],[0.16,""58.55""],[0.17,""72.19""],[0.18,""59.74""],[0.19,""64.77""],[0.2,""88.8""],[0.21,""63.1""],[0.22,""42.5""],[0.23,""61.89""],[0.24,""541.39""],[0.25,""581""],[0.26,""540.6""],[0.27,""560.2""],[0.28,""539.9""],[0.29,""64.6""],[0.3,""60.96""],[0.31,""64""],[0.32,""43.8""],[0.33,""63.6""],[0.34,""43.4""],[0.35,""106.06""],[0.36,""43""],[0.37,""62.9""],[0.38,""72.7""],[0.39,""72.6""],[0.4,""81.5""],[0.41,""87.4""],[0.42,""47.32""],[0.43,""124.76""],[0.44,""37.2""],[0.45,""77.1""],[0.46,""432.22""],[0.47,""77""],[0.48,""337""],[0.49,""172""],[0.5,""147""],[0.51,""82""],[0.52,""47""],[0.53,""70""],[0.54,""75""],[0.55,""170""],[0.56,""65""],[0.57,""147.8""],[0.58,""146.82""],[0.59,""280.18""],[0.6,""106.92""],[0.61,""116.68""],[0.62,""84.56""]]","[[0.01,""9953""],[0.02,""2511.73""],[0.03,""1219.77""],[0.04,""217.06""],[0.05,""223.21""],[0.06,""613.54""],[0.07,""910.39""],[0.08,""590.3""],[0.09,""593.47""],[0.1,""68.3""],[0.11,""89.7""],[0.12,""61.74""],[0.13,""74.2""],[0.14,""52.05""],[0.15,""95.17""],[0.16,""239.8""],[0.17,""87.19""],[0.18,""80.86""],[0.19,""84.77""],[0.2,""98.81""],[0.21,""148.1""],[0.22,""88.5""],[0.23,""96.89""],[0.24,""81.39""],[0.25,""496""],[0.26,""80.6""],[0.27,""365.2""],[0.28,""64.9""],[0.29,""64.6""],[0.3,""64.3""],[0.31,""169""],[0.32,""178.8""],[0.33,""170""],[0.34,""139""],[0.35,""103.58""],[0.36,""222.18""],[0.37,""105.3""]]"
2026-05-17T02:19:13.441Z,btc-updown-15m-1778984100,"Bitcoin Up or Down - May 16, 10:15PM-10:30PM ET",btc-updown-15m-1778984100,2026-05-17T02:30:00Z,,0.62,0.63,0.37,0.38,0.625,0.53,467.19222,,109.56,103.68,"[[0.01,""10402.94""],[0.02,""2538.57""],[0.03,""1206.77""],[0.04,""216.9""],[0.05,""223.2""],[0.06,""113.54""],[0.07,""415.39""],[0.08,""90.29""],[0.09,""93.58""],[0.1,""68.29""],[0.11,""89.7""],[0.12,""61.74""],[0.13,""74.2""],[0.14,""52.05""],[0.15,""75.17""],[0.16,""58.55""],[0.17,""72.19""],[0.18,""59.74""],[0.19,""64.77""],[0.2,""88.8""],[0.21,""63.1""],[0.22,""42.5""],[0.23,""61.89""],[0.24,""541.39""],[0.25,""581""],[0.26,""540.6""],[0.27,""560.2""],[0.28,""539.9""],[0.29,""64.6""],[0.3,""60.96""],[0.31,""64""],[0.32,""43.8""],[0.33,""63.6""],[0.34,""43.4""],[0.35,""106.06""],[0.36,""43""],[0.37,""62.9""],[0.38,""72.7""],[0.39,""57.6""],[0.4,""81.5""],[0.41,""82.4""],[0.42,""52.32""],[0.43,""124.76""],[0.44,""37.2""],[0.45,""277.1""],[0.46,""432.22""],[0.47,""77""],[0.48,""342""],[0.49,""172""],[0.5,""147""],[0.51,""82""],[0.52,""47""],[0.53,""70""],[0.54,""75""],[0.55,""170""],[0.56,""65""],[0.57,""142.8""],[0.58,""146.82""],[0.59,""280.18""],[0.6,""91.92""],[0.61,""131.68""],[0.62,""109.56""]]","[[0.01,""9953""],[0.02,""2511.73""],[0.03,""1219.77""],[0.04,""217.06""],[0.05,""223.21""],[0.06,""613.54""],[0.07,""910.39""],[0.08,""590.3""],[0.09,""593.47""],[0.1,""68.3""],[0.11,""89.7""],[0.12,""61.74""],[0.13,""74.2""],[0.14,""92.05""],[0.15,""95.17""],[0.16,""239.8""],[0.17,""87.19""],[0.18,""80.86""],[0.19,""84.77""],[0.2,""98.81""],[0.21,""143.1""],[0.22,""88.5""],[0.23,""96.89""],[0.24,""81.39""],[0.25,""696""],[0.26,""80.6""],[0.27,""385.2""],[0.28,""64.9""],[0.29,""64.6""],[0.3,""69.3""],[0.31,""174""],[0.32,""183.8""],[0.33,""183.6""],[0.34,""164.3""],[0.35,""103.58""],[0.36,""216.73""],[0.37,""103.68""]]"
2026-05-17T02:19:16.308Z,btc-updown-15m-1778984100,"Bitcoin Up or Down - May 16, 10:15PM-10:30PM ET",btc-updown-15m-1778984100,2026-05-17T02:30:00Z,,0.62,0.63,0.37,0.38,0.625,0.53,467.19222,,97.56,87.97,"[[0.01,""10397.94""],[0.02,""2538.57""],[0.03,""1206.77""],[0.04,""216.9""],[0.05,""223.2""],[0.06,""113.54""],[0.07,""415.39""],[0.08,""90.29""],[0.09,""93.58""],[0.1,""68.29""],[0.11,""89.7""],[0.12,""61.74""],[0.13,""74.2""],[0.14,""52.05""],[0.15,""75.17""],[0.16,""58.55""],[0.17,""72.19""],[0.18,""59.74""],[0.19,""64.77""],[0.2,""88.8""],[0.21,""63.1""],[0.22,""42.5""],[0.23,""61.89""],[0.24,""541.39""],[0.25,""581""],[0.26,""540.6""],[0.27,""560.2""],[0.28,""539.9""],[0.29,""64.6""],[0.3,""60.96""],[0.31,""64""],[0.32,""43.8""],[0.33,""63.6""],[0.34,""43.4""],[0.35,""106.06""],[0.36,""43""],[0.37,""62.9""],[0.38,""72.7""],[0.39,""57.6""],[0.4,""81.5""],[0.41,""82.4""],[0.42,""47.32""],[0.43,""124.76""],[0.44,""37.2""],[0.45,""277.1""],[0.46,""432.22""],[0.47,""77""],[0.48,""342""],[0.49,""172""],[0.5,""147""],[0.51,""82""],[0.52,""42""],[0.53,""75""],[0.54,""40""],[0.55,""170""],[0.56,""45""],[0.57,""102.8""],[0.58,""161.82""],[0.59,""277.99""],[0.6,""104.42""],[0.61,""139.48""],[0.62,""97.56""]]","[[0.01,""9958""],[0.02,""2511.73""],[0.03,""1219.77""],[0.04,""217.06""],[0.05,""223.21""],[0.06,""613.54""],[0.07,""910.39""],[0.08,""590.3""],[0.09,""593.47""],[0.1,""68.3""],[0.11,""89.7""],[0.12,""61.74""],[0.13,""94.2""],[0.14,""72.05""],[0.15,""95.17""],[0.16,""239.8""],[0.17,""87.19""],[0.18,""80.86""],[0.19,""84.77""],[0.2,""98.81""],[0.21,""143.1""],[0.22,""88.5""],[0.23,""91.89""],[0.24,""81.39""],[0.25,""696""],[0.26,""85.6""],[0.27,""390.2""],[0.28,""69.9""],[0.29,""69.6""],[0.3,""69.3""],[0.31,""74""],[0.32,""278.8""],[0.33,""201.4""],[0.34,""44""],[0.35,""98.58""],[0.36,""78.25""],[0.37,""87.97""]]"
2026-05-17T02:19:17.412Z,btc-updown-15m-1778984100,"Bitcoin Up or Down - May 16, 10:15PM-10:30PM ET",btc-updown-15m-1778984100,2026-05-17T02:30:00Z,,0.62,0.63,0.37,0.38,0.625,0.53,467.19222,,157.57,38.57,"[[0.01,""10402.94""],[0.02,""2538.57""],[0.03,""1206.77""],[0.04,""216.9""],[0.05,""223.2""],[0.06,""113.54""],[0.07,""415.39""],[0.08,""90.29""],[0.09,""93.58""],[0.1,""68.29""],[0.11,""89.7""],[0.12,""61.74""],[0.13,""74.2""],[0.14,""52.05""],[0.15,""75.17""],[0.16,""58.55""],[0.17,""72.19""],[0.18,""59.74""],[0.19,""64.77""],[0.2,""88.8""],[0.21,""63.1""],[0.22,""42.5""],[0.23,""61.89""],[0.24,""41.39""],[0.25,""581""],[0.26,""540.6""],[0.27,""560.2""],[0.28,""539.9""],[0.29,""564.6""],[0.3,""60.96""],[0.31,""64""],[0.32,""43.8""],[0.33,""63.6""],[0.34,""43.4""],[0.35,""106.06""],[0.36,""43""],[0.37,""62.9""],[0.38,""72.7""],[0.39,""57.6""],[0.4,""81.5""],[0.41,""82.4""],[0.42,""47.32""],[0.43,""124.76""],[0.44,""37.2""],[0.45,""77.1""],[0.46,""32.22""],[0.47,""77""],[0.48,""342""],[0.49,""72""],[0.5,""142""],[0.51,""177""],[0.52,""37""],[0.53,""70""],[0.54,""40""],[0.55,""200""],[0.56,""50""],[0.57,""142.8""],[0.58,""61.82""],[0.59,""227.8""],[0.6,""254.61""],[0.61,""128.48""],[0.62,""157.57""]]","[[0.01,""9953""],[0.02,""2511.73""],[0.03,""1219.77""],[0.04,""217.06""],[0.05,""723.21""],[0.06,""613.54""],[0.07,""910.39""],[0.08,""90.3""],[0.09,""93.47""],[0.1,""68.3""],[0.11,""89.7""],[0.12,""61.74""],[0.13,""94.2""],[0.14,""72.05""],[0.15,""95.17""],[0.16,""239.8""],[0.17,""87.19""],[0.18,""80.86""],[0.19,""84.77""],[0.2,""98.81""],[0.21,""143.1""],[0.22,""88.5""],[0.23,""91.89""],[0.24,""81.39""],[0.25,""96""],[0.26,""60.6""],[0.27,""365.2""],[0.28,""69.9""],[0.29,""69.6""],[0.3,""59.3""],[0.31,""294""],[0.32,""163.8""],[0.33,""142.8""],[0.34,""59""],[0.35,""89.19""],[0.36,""100""],[0.37,""38.57""]]"
2026-05-17T02:19:19.478Z,btc-updown-15m-1778984100,"Bitcoin Up or Down - May 16, 10:15PM-10:30PM ET",btc-updown-15m-1778984100,2026-05-17T02:30:00Z,,0.62,0.63,0.37,0.38,0.625,0.53,467.19222,,65.34,76.95,"[[0.01,""10402.94""],[0.02,""2538.57""],[0.03,""1206.77""],[0.04,""216.9""],[0.05,""223.2""],[0.06,""113.54""],[0.07,""415.39""],[0.08,""90.29""],[0.09,""93.58""],[0.1,""68.29""],[0.11,""89.7""],[0.12,""61.74""],[0.13,""74.2""],[0.14,""52.05""],[0.15,""75.17""],[0.16,""58.55""],[0.17,""72.19""],[0.18,""59.74""],[0.19,""64.77""],[0.2,""88.8""],[0.21,""63.1""],[0.22,""42.5""],[0.23,""61.89""],[0.24,""41.39""],[0.25,""581""],[0.26,""540.6""],[0.27,""560.2""],[0.28,""39.9""],[0.29,""64.6""],[0.3,""60.96""],[0.31,""64""],[0.32,""43.8""],[0.33,""63.6""],[0.34,""43.4""],[0.35,""106.06""],[0.36,""43""],[0.37,""62.9""],[0.38,""72.7""],[0.39,""57.6""],[0.4,""81.5""],[0.41,""82.4""],[0.42,""47.32""],[0.43,""124.76""],[0.44,""42.2""],[0.45,""277.1""],[0.46,""32.22""],[0.47,""77""],[0.48,""342""],[0.49,""72""],[0.5,""142""],[0.51,""182""],[0.52,""42""],[0.53,""87""],[0.54,""45""],[0.55,""160""],[0.56,""90""],[0.57,""117.8""],[0.58,""61.82""],[0.59,""247.8""],[0.6,""265.42""],[0.61,""107.96""],[0.62,""65.34""]]","[[0.01,""9953""],[0.02,""2511.73""],[0.03,""1219.77""],[0.04,""217.06""],[0.05,""723.21""],[0.06,""613.54""],[0.07,""910.39""],[0.08,""590.3""],[0.09,""93.47""],[0.1,""68.3""],[0.11,""89.7""],[0.12,""61.74""],[0.13,""74.2""],[0.14,""52.05""],[0.15,""75.17""],[0.16,""239.8""],[0.17,""87.19""],[0.18,""80.86""],[0.19,""84.77""],[0.2,""98.81""],[0.21,""148.1""],[0.22,""88.5""],[0.23,""91.89""],[0.24,""281.39""],[0.25,""101""],[0.26,""85.6""],[0.27,""390.2""],[0.28,""69.9""],[0.29,""169.6""],[0.3,""164.3""],[0.31,""94""],[0.32,""178.8""],[0.33,""150""],[0.34,""70""],[0.35,""110.48""],[0.36,""105.97""],[0.37,""76.95""]]"
2026-05-17T02:19:21.386Z,btc-updown-15m-1778984100,"Bitcoin Up or Down - May 16, 10:15PM-10:30PM ET",btc-updown-15m-1778984100,2026-05-17T02:30:00Z,,0.62,0.63,0.37,0.38,0.625,0.53,467.19222,,69.39,73.95,"[[0.01,""10402.94""],[0.02,""2538.57""],[0.03,""1206.77""],[0.04,""216.9""],[0.05,""223.2""],[0.06,""113.54""],[0.07,""415.39""],[0.08,""90.29""],[0.09,""93.58""],[0.1,""68.29""],[0.11,""89.7""],[0.12,""61.74""],[0.13,""74.2""],[0.14,""52.05""],[0.15,""75.17""],[0.16,""58.55""],[0.17,""72.19""],[0.18,""59.74""],[0.19,""64.77""],[0.2,""88.8""],[0.21,""63.1""],[0.22,""42.5""],[0.23,""61.89""],[0.24,""41.39""],[0.25,""581""],[0.26,""540.6""],[0.27,""560.2""],[0.28,""539.9""],[0.29,""564.6""],[0.3,""60.96""],[0.31,""64""],[0.32,""43.8""],[0.33,""63.6""],[0.34,""43.4""],[0.35,""106.06""],[0.36,""43""],[0.37,""62.9""],[0.38,""72.7""],[0.39,""57.6""],[0.4,""81.5""],[0.41,""82.4""],[0.42,""47.32""],[0.43,""124.76""],[0.44,""37.2""],[0.45,""82.1""],[0.46,""32.22""],[0.47,""77""],[0.48,""37""],[0.49,""72""],[0.5,""142""],[0.51,""182""],[0.52,""42""],[0.53,""87""],[0.54,""40""],[0.55,""165""],[0.56,""85""],[0.57,""122.8""],[0.58,""61.82""],[0.59,""247.8""],[0.6,""241.8""],[0.61,""125.59""],[0.62,""69.39""]]","[[0.01,""9953""],[0.02,""2511.73""],[0.03,""1219.77""],[0.04,""217.06""],[0.05,""723.21""],[0.06,""613.54""],[0.07,""910.39""],[0.08,""590.3""],[0.09,""93.47""],[0.1,""68.3""],[0.11,""109.7""],[0.12,""81.74""],[0.13,""94.2""],[0.14,""72.05""],[0.15,""95.17""],[0.16,""239.8""],[0.17,""87.19""],[0.18,""80.86""],[0.19,""84.77""],[0.2,""103.82""],[0.21,""143.1""],[0.22,""83.5""],[0.23,""91.89""],[0.24,""81.39""],[0.25,""101""],[0.26,""65.6""],[0.27,""70.2""],[0.28,""69.9""],[0.29,""169.6""],[0.3,""164.3""],[0.31,""94""],[0.32,""206.9""],[0.33,""145""],[0.34,""45""],[0.35,""135.48""],[0.36,""118.77""],[0.37,""73.95""]]"
2026-05-17T02:19:24.251Z,btc-updown-15m-1778984100,"Bitcoin Up or Down - May 16, 10:15PM-10:30PM ET",btc-updown-15m-1778984100,2026-05-17T02:30:00Z,,0.62,0.63,0.37,0.38,0.625,0.53,467.19222,,102.35,18.38,"[[0.01,""10402.94""],[0.02,""2538.57""],[0.03,""1206.77""],[0.04,""216.9""],[0.05,""223.2""],[0.06,""113.54""],[0.07,""415.39""],[0.08,""90.29""],[0.09,""93.58""],[0.1,""68.29""],[0.11,""89.7""],[0.12,""61.74""],[0.13,""74.2""],[0.14,""52.05""],[0.15,""75.17""],[0.16,""58.55""],[0.17,""72.19""],[0.18,""59.74""],[0.19,""64.77""],[0.2,""88.8""],[0.21,""63.1""],[0.22,""42.5""],[0.23,""61.89""],[0.24,""41.39""],[0.25,""581""],[0.26,""540.6""],[0.27,""560.2""],[0.28,""539.9""],[0.29,""564.6""],[0.3,""60.96""],[0.31,""64""],[0.32,""43.8""],[0.33,""63.6""],[0.34,""43.4""],[0.35,""106.06""],[0.36,""43""],[0.37,""62.9""],[0.38,""72.7""],[0.39,""57.6""],[0.4,""81.5""],[0.41,""82.4""],[0.42,""47.32""],[0.43,""124.76""],[0.44,""37.2""],[0.45,""82.1""],[0.46,""232.22""],[0.47,""477""],[0.48,""337""],[0.49,""72""],[0.5,""142""],[0.51,""182""],[0.52,""42""],[0.53,""75""],[0.54,""40""],[0.55,""120""],[0.56,""120""],[0.57,""127.8""],[0.58,""61.82""],[0.59,""222.8""],[0.6,""265.8""],[0.61,""112.77""],[0.62,""102.35""]]","[[0.01,""9953""],[0.02,""2511.73""],[0.03,""1219.77""],[0.04,""217.06""],[0.05,""723.21""],[0.06,""613.54""],[0.07,""910.39""],[0.08,""590.3""],[0.09,""93.47""],[0.1,""68.3""],[0.11,""109.7""],[0.12,""81.74""],[0.13,""94.2""],[0.14,""72.05""],[0.15,""95.17""],[0.16,""239.8""],[0.17,""87.19""],[0.18,""80.86""],[0.19,""84.77""],[0.2,""103.82""],[0.21,""143.1""],[0.22,""83.5""],[0.23,""91.89""],[0.24,""281.39""],[0.25,""501""],[0.26,""365.6""],[0.27,""70.2""],[0.28,""69.9""],[0.29,""169.6""],[0.3,""164.3""],[0.31,""99""],[0.32,""206.9""],[0.33,""145""],[0.34,""45""],[0.35,""129.89""],[0.36,""145.97""],[0.37,""18.38""]]"
2026-05-17T02:19:27.757Z,btc-updown-15m-1778984100,"Bitcoin Up or Down - May 16, 10:15PM-10:30PM ET",btc-updown-15m-1778984100,2026-05-17T02:30:00Z,,0.62,0.63,0.37,0.38,0.625,0.53,467.19222,,87.75,5.29,"[[0.01,""10392.94""],[0.02,""2538.57""],[0.03,""1206.77""],[0.04,""216.9""],[0.05,""223.2""],[0.06,""113.54""],[0.07,""415.39""],[0.08,""90.29""],[0.09,""93.58""],[0.1,""68.29""],[0.11,""89.7""],[0.12,""61.74""],[0.13,""74.2""],[0.14,""52.05""],[0.15,""75.17""],[0.16,""58.55""],[0.17,""72.19""],[0.18,""59.74""],[0.19,""64.77""],[0.2,""88.8""],[0.21,""63.1""],[0.22,""42.5""],[0.23,""61.89""],[0.24,""41.39""],[0.25,""81""],[0.26,""540.6""],[0.27,""560.2""],[0.28,""539.9""],[0.29,""564.6""],[0.3,""560.96""],[0.31,""64""],[0.32,""43.8""],[0.33,""63.6""],[0.34,""43.4""],[0.35,""106.06""],[0.36,""43""],[0.37,""62.9""],[0.38,""72.7""],[0.39,""57.6""],[0.4,""75.5""],[0.41,""88.4""],[0.42,""47.32""],[0.43,""124.76""],[0.44,""37.2""],[0.45,""77.1""],[0.46,""32.22""],[0.47,""82""],[0.48,""37""],[0.49,""367""],[0.5,""142""],[0.51,""182""],[0.52,""47""],[0.53,""87""],[0.54,""52.1""],[0.55,""92.1""],[0.56,""160""],[0.57,""77.8""],[0.58,""86.82""],[0.59,""222.8""],[0.6,""190.8""],[0.61,""198.77""],[0.62,""87.75""]]","[[0.01,""9958""],[0.02,""2511.73""],[0.03,""1219.77""],[0.04,""717.06""],[0.05,""723.21""],[0.06,""613.54""],[0.07,""910.39""],[0.08,""90.3""],[0.09,""93.47""],[0.1,""168.3""],[0.11,""109.7""],[0.12,""81.74""],[0.13,""94.2""],[0.14,""72.05""],[0.15,""95.17""],[0.16,""239.8""],[0.17,""87.19""],[0.18,""86.42""],[0.19,""84.77""],[0.2,""98.81""],[0.21,""114.1""],[0.22,""82.5""],[0.23,""91.89""],[0.24,""81.39""],[0.25,""86""],[0.26,""365.6""],[0.27,""75.2""],[0.28,""164.9""],[0.29,""164.6""],[0.3,""59.3""],[0.31,""175""],[0.32,""178.1""],[0.33,""65""],[0.34,""19""],[0.35,""78.58""],[0.36,""120.97""],[0.37,""5.29""]]"
2026-05-17T02:19:28.709Z,btc-updown-15m-1778984100,"Bitcoin Up or Down - May 16, 10:15PM-10:30PM ET",btc-updown-15m-1778984100,2026-05-17T02:30:00Z,,0.62,0.63,0.37,0.38,0.625,0.53,467.19222,,99.75,5.29,"[[0.01,""10397.94""],[0.02,""2538.57""],[0.03,""1206.77""],[0.04,""216.9""],[0.05,""223.2""],[0.06,""113.54""],[0.07,""415.39""],[0.08,""90.29""],[0.09,""93.58""],[0.1,""68.29""],[0.11,""89.7""],[0.12,""61.74""],[0.13,""74.2""],[0.14,""52.05""],[0.15,""75.17""],[0.16,""58.55""],[0.17,""72.19""],[0.18,""59.74""],[0.19,""64.77""],[0.2,""88.8""],[0.21,""63.1""],[0.22,""42.5""],[0.23,""61.89""],[0.24,""41.39""],[0.25,""581""],[0.26,""540.6""],[0.27,""560.2""],[0.28,""39.9""],[0.29,""64.6""],[0.3,""60.96""],[0.31,""64""],[0.32,""43.8""],[0.33,""63.6""],[0.34,""43.4""],[0.35,""106.06""],[0.36,""43""],[0.37,""62.9""],[0.38,""72.7""],[0.39,""57.6""],[0.4,""75.5""],[0.41,""88.4""],[0.42,""47.32""],[0.43,""124.76""],[0.44,""37.2""],[0.45,""77.1""],[0.46,""32.22""],[0.47,""77""],[0.48,""437""],[0.49,""367""],[0.5,""142""],[0.51,""182""],[0.52,""47""],[0.53,""87""],[0.54,""52.1""],[0.55,""92.1""],[0.56,""160""],[0.57,""77.8""],[0.58,""86.82""],[0.59,""222.8""],[0.6,""190.8""],[0.61,""223.77""],[0.62,""99.75""]]","[[0.01,""9953""],[0.02,""2511.73""],[0.03,""1219.77""],[0.04,""717.06""],[0.05,""723.21""],[0.06,""613.54""],[0.07,""910.39""],[0.08,""590.3""],[0.09,""93.47""],[0.1,""68.3""],[0.11,""89.7""],[0.12,""61.74""],[0.13,""74.2""],[0.14,""52.05""],[0.15,""75.17""],[0.16,""219.8""],[0.17,""67.19""],[0.18,""100.86""],[0.19,""90.04""],[0.2,""98.81""],[0.21,""114.1""],[0.22,""82.5""],[0.23,""91.89""],[0.24,""481.39""],[0.25,""176""],[0.26,""400.6""],[0.27,""130.2""],[0.28,""159.9""],[0.29,""164.6""],[0.3,""89.3""],[0.31,""175""],[0.32,""168.1""],[0.33,""85""],[0.34,""69""],[0.35,""78.58""],[0.36,""120.97""],[0.37,""5.29""]]"
2026-05-17T02:19:31.065Z,btc-updown-15m-1778984100,"Bitcoin Up or Down - May 16, 10:15PM-10:30PM ET",btc-updown-15m-1778984100,2026-05-17T02:30:00Z,,0.63,0.64,0.36,0.37,0.635,0.53,467.19222,,144.51,130.33,"[[0.01,""10397.94""],[0.02,""2538.57""],[0.03,""1206.77""],[0.04,""216.9""],[0.05,""223.2""],[0.06,""113.54""],[0.07,""415.39""],[0.08,""90.29""],[0.09,""93.58""],[0.1,""68.29""],[0.11,""89.7""],[0.12,""56.74""],[0.13,""79.2""],[0.14,""52.05""],[0.15,""75.17""],[0.16,""58.55""],[0.17,""72.19""],[0.18,""59.74""],[0.19,""64.77""],[0.2,""88.8""],[0.21,""63.1""],[0.22,""42.5""],[0.23,""61.89""],[0.24,""41.39""],[0.25,""581""],[0.26,""540.6""],[0.27,""560.2""],[0.28,""539.9""],[0.29,""564.6""],[0.3,""60.96""],[0.31,""64""],[0.32,""43.8""],[0.33,""63.6""],[0.34,""43.4""],[0.35,""106.06""],[0.36,""43""],[0.37,""62.9""],[0.38,""72.7""],[0.39,""57.6""],[0.4,""75.5""],[0.41,""88.4""],[0.42,""47.32""],[0.43,""124.76""],[0.44,""37.2""],[0.45,""77.1""],[0.46,""237.22""],[0.47,""77""],[0.48,""437""],[0.49,""367""],[0.5,""142""],[0.51,""177""],[0.52,""47""],[0.53,""82""],[0.54,""62.1""],[0.55,""92.1""],[0.56,""160""],[0.57,""65""],[0.58,""86.82""],[0.59,""222.8""],[0.6,""172.8""],[0.61,""238.77""],[0.62,""62.66""],[0.63,""144.51""]]","[[0.01,""9953""],[0.02,""2511.73""],[0.03,""1219.77""],[0.04,""717.06""],[0.05,""723.21""],[0.06,""613.54""],[0.07,""910.39""],[0.08,""90.3""],[0.09,""93.47""],[0.1,""68.3""],[0.11,""89.7""],[0.12,""61.74""],[0.13,""94.2""],[0.14,""72.05""],[0.15,""95.17""],[0.16,""254.8""],[0.17,""87.19""],[0.18,""120.86""],[0.19,""90.04""],[0.2,""98.81""],[0.21,""114.1""],[0.22,""82.5""],[0.23,""291.89""],[0.24,""481.39""],[0.25,""76""],[0.26,""360.6""],[0.27,""70.2""],[0.28,""164.9""],[0.29,""164.6""],[0.3,""84.3""],[0.31,""170""],[0.32,""163.1""],[0.33,""90""],[0.34,""74.74""],[0.35,""91.38""],[0.36,""130.33""]]"
2026-05-17T02:19:34.539Z,btc-updown-15m-1778984100,"Bitcoin Up or Down - May 16, 10:15PM-10:30PM ET",btc-updown-15m-1778984100,2026-05-17T02:30:00Z,,0.63,0.64,0.36,0.37,0.635,0.53,467.19222,,217.33,24.91,"[[0.01,""10430.5""],[0.02,""2538.57""],[0.03,""1206.77""],[0.04,""216.9""],[0.05,""223.2""],[0.06,""113.54""],[0.07,""415.39""],[0.08,""90.29""],[0.09,""93.58""],[0.1,""68.29""],[0.11,""89.7""],[0.12,""56.74""],[0.13,""79.2""],[0.14,""52.05""],[0.15,""75.17""],[0.16,""58.55""],[0.17,""72.19""],[0.18,""59.74""],[0.19,""64.77""],[0.2,""88.8""],[0.21,""63.1""],[0.22,""42.5""],[0.23,""61.89""],[0.24,""41.39""],[0.25,""81""],[0.26,""540.6""],[0.27,""560.2""],[0.28,""539.9""],[0.29,""564.6""],[0.3,""560.96""],[0.31,""564""],[0.32,""43.8""],[0.33,""63.6""],[0.34,""43.4""],[0.35,""106.06""],[0.36,""43""],[0.37,""62.9""],[0.38,""72.7""],[0.39,""57.6""],[0.4,""75.5""],[0.41,""67.4""],[0.42,""47.32""],[0.43,""124.76""],[0.44,""37.2""],[0.45,""77.1""],[0.46,""32.22""],[0.47,""77""],[0.48,""37""],[0.49,""67""],[0.5,""37""],[0.51,""72""],[0.52,""337""],[0.53,""177""],[0.54,""52.1""],[0.55,""97.1""],[0.56,""97.2""],[0.57,""82.2""],[0.58,""121.82""],[0.59,""97.8""],[0.6,""87.8""],[0.61,""215.09""],[0.62,""188.66""],[0.63,""217.33""]]","[[0.01,""9958""],[0.02,""2511.73""],[0.03,""1219.77""],[0.04,""717.06""],[0.05,""723.21""],[0.06,""613.54""],[0.07,""410.39""],[0.08,""90.3""],[0.09,""93.47""],[0.1,""108.3""],[0.11,""129.7""],[0.12,""61.74""],[0.13,""94.2""],[0.14,""72.05""],[0.15,""95.17""],[0.16,""254.8""],[0.17,""98.19""],[0.18,""96.86""],[0.19,""290.04""],[0.2,""104.81""],[0.21,""93.1""],[0.22,""82.5""],[0.23,""71.89""],[0.24,""61.39""],[0.25,""76""],[0.26,""60.6""],[0.27,""60.2""],[0.28,""84.9""],[0.29,""170""],[0.3,""140""],[0.31,""65""],[0.32,""34.68""],[0.33,""90.38""],[0.34,""5""],[0.35,""78.58""],[0.36,""24.91""]]"
2026-05-17T02:19:36.149Z,btc-updown-15m-1778984100,"Bitcoin Up or Down - May 16, 10:15PM-10:30PM ET",btc-updown-15m-1778984100,2026-05-17T02:30:00Z,,0.65,0.66,0.34,0.35,0.655,0.53,467.19222,,231.32,40.62,"[[0.01,""10440.5""],[0.02,""2538.57""],[0.03,""1206.77""],[0.04,""216.9""],[0.05,""223.2""],[0.06,""113.54""],[0.07,""415.39""],[0.08,""90.29""],[0.09,""93.58""],[0.1,""68.29""],[0.11,""89.7""],[0.12,""56.74""],[0.13,""74.2""],[0.14,""57.05""],[0.15,""75.17""],[0.16,""58.55""],[0.17,""72.19""],[0.18,""59.74""],[0.19,""64.77""],[0.2,""88.8""],[0.21,""63.1""],[0.22,""42.5""],[0.23,""61.89""],[0.24,""41.39""],[0.25,""81""],[0.26,""40.6""],[0.27,""60.2""],[0.28,""539.9""],[0.29,""559.6""],[0.3,""560.96""],[0.31,""564""],[0.32,""543.8""],[0.33,""563.6""],[0.34,""43.4""],[0.35,""111.06""],[0.36,""43""],[0.37,""62.9""],[0.38,""72.7""],[0.39,""57.6""],[0.4,""75.5""],[0.41,""67.4""],[0.42,""47.32""],[0.43,""124.76""],[0.44,""37.2""],[0.45,""77.1""],[0.46,""32.22""],[0.47,""77""],[0.48,""37""],[0.49,""72""],[0.5,""37""],[0.51,""72""],[0.52,""37""],[0.53,""72""],[0.54,""147.1""],[0.55,""92.1""],[0.56,""167.2""],[0.57,""92.2""],[0.58,""36.32""],[0.59,""205""],[0.6,""47.8""],[0.61,""127.8""],[0.62,""126.59""],[0.63,""287.8""],[0.64,""175.55""],[0.65,""231.32""]]","[[0.01,""9953""],[0.02,""2511.73""],[0.03,""1719.77""],[0.04,""717.06""],[0.05,""723.21""],[0.06,""613.54""],[0.07,""410.39""],[0.08,""90.3""],[0.09,""93.47""],[0.1,""88.3""],[0.11,""109.7""],[0.12,""81.74""],[0.13,""94.2""],[0.14,""87.05""],[0.15,""95.17""],[0.16,""266.8""],[0.17,""98.19""],[0.18,""131.86""],[0.19,""95.77""],[0.2,""104.81""],[0.21,""98.1""],[0.22,""62.5""],[0.23,""66.89""],[0.24,""61.39""],[0.25,""76""],[0.26,""55.6""],[0.27,""80.2""],[0.28,""165""],[0.29,""140""],[0.3,""60""],[0.31,""40""],[0.32,""115.58""],[0.33,""5""],[0.34,""40.62""]]"
2026-05-17T02:19:38.251Z,btc-updown-15m-1778984100,"Bitcoin Up or Down - May 16, 10:15PM-10:30PM ET",btc-updown-15m-1778984100,2026-05-17T02:30:00Z,,0.66,0.67,0.33,0.34,0.665,0.53,467.19222,,179.55,36.35,"[[0.01,""10435.5""],[0.02,""2588.57""],[0.03,""1206.77""],[0.04,""216.9""],[0.05,""223.2""],[0.06,""113.54""],[0.07,""415.39""],[0.08,""90.29""],[0.09,""93.58""],[0.1,""68.29""],[0.11,""89.7""],[0.12,""56.74""],[0.13,""74.2""],[0.14,""52.05""],[0.15,""75.17""],[0.16,""63.55""],[0.17,""72.19""],[0.18,""59.74""],[0.19,""64.77""],[0.2,""88.8""],[0.21,""63.1""],[0.22,""42.5""],[0.23,""61.89""],[0.24,""41.39""],[0.25,""81""],[0.26,""40.6""],[0.27,""60.2""],[0.28,""39.9""],[0.29,""59.6""],[0.3,""560.96""],[0.31,""564""],[0.32,""543.8""],[0.33,""563.6""],[0.34,""543.4""],[0.35,""111.06""],[0.36,""43""],[0.37,""62.9""],[0.38,""72.7""],[0.39,""57.6""],[0.4,""75.5""],[0.41,""67.4""],[0.42,""47.32""],[0.43,""109.76""],[0.44,""37.2""],[0.45,""77.1""],[0.46,""32.22""],[0.47,""78""],[0.48,""37""],[0.49,""67""],[0.5,""37""],[0.51,""77""],[0.52,""37""],[0.53,""72""],[0.54,""147.1""],[0.55,""397.1""],[0.56,""162.2""],[0.57,""92.2""],[0.58,""36.32""],[0.59,""165""],[0.6,""35""],[0.61,""127.8""],[0.62,""166.59""],[0.63,""277.8""],[0.64,""159""],[0.65,""150.23""],[0.66,""179.55""]]","[[0.01,""9953""],[0.02,""2511.73""],[0.03,""1719.77""],[0.04,""717.06""],[0.05,""723.21""],[0.06,""113.54""],[0.07,""430.39""],[0.08,""110.3""],[0.09,""113.47""],[0.1,""88.3""],[0.11,""114.7""],[0.12,""81.74""],[0.13,""94.2""],[0.14,""87.05""],[0.15,""95.17""],[0.16,""266.8""],[0.17,""104.19""],[0.18,""126.86""],[0.19,""95.77""],[0.2,""104.81""],[0.21,""378.1""],[0.22,""62.5""],[0.23,""66.89""],[0.24,""61.39""],[0.25,""181""],[0.26,""155.6""],[0.27,""80.2""],[0.28,""160""],[0.29,""140""],[0.3,""45""],[0.31,""25""],[0.32,""136.8""],[0.33,""36.35""]]"
2026-05-17T02:19:41.071Z,btc-updown-15m-1778984100,"Bitcoin Up or Down - May 16, 10:15PM-10:30PM ET",btc-updown-15m-1778984100,2026-05-17T02:30:00Z,,0.66,0.67,0.33,0.34,0.665,0.53,467.19222,,198.73,31.35,"[[0.01,""10452.92""],[0.02,""2588.57""],[0.03,""1206.77""],[0.04,""216.9""],[0.05,""223.2""],[0.06,""113.54""],[0.07,""415.39""],[0.08,""90.29""],[0.09,""93.58""],[0.1,""68.29""],[0.11,""89.7""],[0.12,""56.74""],[0.13,""74.2""],[0.14,""52.05""],[0.15,""75.17""],[0.16,""63.55""],[0.17,""72.19""],[0.18,""59.74""],[0.19,""64.77""],[0.2,""88.8""],[0.21,""63.1""],[0.22,""42.5""],[0.23,""61.89""],[0.24,""41.39""],[0.25,""81""],[0.26,""40.6""],[0.27,""60.2""],[0.28,""39.9""],[0.29,""59.6""],[0.3,""560.96""],[0.31,""564""],[0.32,""543.8""],[0.33,""563.6""],[0.34,""543.4""],[0.35,""111.06""],[0.36,""43""],[0.37,""62.9""],[0.38,""72.7""],[0.39,""57.6""],[0.4,""75.5""],[0.41,""67.4""],[0.42,""47.32""],[0.43,""109.76""],[0.44,""37.2""],[0.45,""77.1""],[0.46,""32.22""],[0.47,""78""],[0.48,""37""],[0.49,""72""],[0.5,""37""],[0.51,""77""],[0.52,""237""],[0.53,""72""],[0.54,""547.1""],[0.55,""387.1""],[0.56,""152.2""],[0.57,""92.2""],[0.58,""36.32""],[0.59,""185""],[0.6,""35""],[0.61,""127.8""],[0.62,""126.59""],[0.63,""272.8""],[0.64,""143""],[0.65,""145.23""],[0.66,""198.73""]]","[[0.01,""9953""],[0.02,""2511.73""],[0.03,""1719.77""],[0.04,""717.06""],[0.05,""723.21""],[0.06,""133.54""],[0.07,""430.39""],[0.08,""110.3""],[0.09,""113.47""],[0.1,""88.3""],[0.11,""114.7""],[0.12,""81.74""],[0.13,""94.2""],[0.14,""87.05""],[0.15,""95.17""],[0.16,""278.06""],[0.17,""99.19""],[0.18,""126.86""],[0.19,""295.77""],[0.2,""504.81""],[0.21,""378.1""],[0.22,""62.5""],[0.23,""66.89""],[0.24,""61.39""],[0.25,""181""],[0.26,""155.6""],[0.27,""80.2""],[0.28,""160""],[0.29,""150.19""],[0.3,""50""],[0.31,""25""],[0.32,""137.8""],[0.33,""31.35""]]"
2026-05-17T02:19:44.489Z,btc-updown-15m-1778984100,"Bitcoin Up or Down - May 16, 10:15PM-10:30PM ET",btc-updown-15m-1778984100,2026-05-17T02:30:00Z,,0.67,0.68,0.32,0.33,0.675,0.53,467.19222,,160.2,2.15,"[[0.01,""10552.92""],[0.02,""2538.57""],[0.03,""1206.77""],[0.04,""216.9""],[0.05,""223.2""],[0.06,""113.54""],[0.07,""415.39""],[0.08,""90.29""],[0.09,""93.58""],[0.1,""68.29""],[0.11,""89.7""],[0.12,""56.74""],[0.13,""74.2""],[0.14,""52.05""],[0.15,""75.17""],[0.16,""58.55""],[0.17,""77.19""],[0.18,""59.74""],[0.19,""64.77""],[0.2,""88.8""],[0.21,""63.1""],[0.22,""42.5""],[0.23,""61.89""],[0.24,""41.39""],[0.25,""81""],[0.26,""40.6""],[0.27,""60.2""],[0.28,""39.9""],[0.29,""59.6""],[0.3,""65.96""],[0.31,""564""],[0.32,""543.8""],[0.33,""563.6""],[0.34,""543.4""],[0.35,""611.06""],[0.36,""543""],[0.37,""62.9""],[0.38,""72.7""],[0.39,""57.6""],[0.4,""70.5""],[0.41,""67.4""],[0.42,""47.32""],[0.43,""109.76""],[0.44,""37.2""],[0.45,""67.1""],[0.46,""32.22""],[0.47,""78""],[0.48,""37""],[0.49,""67""],[0.5,""37""],[0.51,""77""],[0.52,""237""],[0.53,""72""],[0.54,""547.1""],[0.55,""387.1""],[0.56,""147.2""],[0.57,""82.2""],[0.58,""41.32""],[0.59,""142.4""],[0.6,""75""],[0.61,""70""],[0.62,""66.59""],[0.63,""207.8""],[0.64,""195""],[0.65,""150.99""],[0.66,""104.77""],[0.67,""160.2""]]","[[0.01,""10053""],[0.02,""3011.73""],[0.03,""1719.77""],[0.04,""217.06""],[0.05,""243.21""],[0.06,""133.54""],[0.07,""510.39""],[0.08,""150.3""],[0.09,""113.47""],[0.1,""88.3""],[0.11,""114.7""],[0.12,""96.74""],[0.13,""94.2""],[0.14,""87.05""],[0.15,""102.17""],[0.16,""318.06""],[0.17,""79.19""],[0.18,""66.86""],[0.19,""281.77""],[0.2,""484.81""],[0.21,""378.1""],[0.22,""72.5""],[0.23,""76.89""],[0.24,""156.39""],[0.25,""176""],[0.26,""75.6""],[0.27,""160.2""],[0.28,""100""],[0.29,""86.49""],[0.3,""17.02""],[0.31,""110""],[0.32,""2.15""]]"
2026-05-17T02:19:46.227Z,btc-updown-15m-1778984100,"Bitcoin Up or Down - May 16, 10:15PM-10:30PM ET",btc-updown-15m-1778984100,2026-05-17T02:30:00Z,,0.7,0.71,0.29,0.3,0.705,0.53,467.19222,,67.85,52.92,"[[0.01,""10557.92""],[0.02,""2538.57""],[0.03,""1206.77""],[0.04,""216.9""],[0.05,""223.2""],[0.06,""113.54""],[0.07,""415.39""],[0.08,""90.29""],[0.09,""93.58""],[0.1,""68.29""],[0.11,""89.7""],[0.12,""56.74""],[0.13,""74.2""],[0.14,""52.05""],[0.15,""75.17""],[0.16,""58.55""],[0.17,""72.19""],[0.18,""59.74""],[0.19,""69.77""],[0.2,""88.8""],[0.21,""63.1""],[0.22,""42.5""],[0.23,""61.89""],[0.24,""41.39""],[0.25,""81""],[0.26,""40.6""],[0.27,""60.2""],[0.28,""39.9""],[0.29,""59.6""],[0.3,""65.96""],[0.31,""64""],[0.32,""43.8""],[0.33,""63.6""],[0.34,""543.4""],[0.35,""611.06""],[0.36,""543""],[0.37,""562.9""],[0.38,""72.7""],[0.39,""57.6""],[0.4,""70.5""],[0.41,""67.4""],[0.42,""47.32""],[0.43,""109.76""],[0.44,""37.2""],[0.45,""67.1""],[0.46,""32.22""],[0.47,""72""],[0.48,""37""],[0.49,""67""],[0.5,""43""],[0.51,""72""],[0.52,""42""],[0.53,""72""],[0.54,""47.1""],[0.55,""82.1""],[0.56,""37.2""],[0.57,""77.2""],[0.58,""441.32""],[0.59,""102.4""],[0.6,""147.5""],[0.61,""77.6""],[0.62,""71.49""],[0.63,""75""],[0.64,""115""],[0.65,""90""],[0.66,""221""],[0.67,""257.8""],[0.68,""139.42""],[0.69,""79.92""],[0.7,""67.85""]]","[[0.01,""10553""],[0.02,""3011.73""],[0.03,""1719.77""],[0.04,""717.06""],[0.05,""223.21""],[0.06,""113.54""],[0.07,""405.39""],[0.08,""90.3""],[0.09,""93.47""],[0.1,""103.3""],[0.11,""124.7""],[0.12,""96.74""],[0.13,""102.2""],[0.14,""142.2""],[0.15,""128.17""],[0.16,""263.05""],[0.17,""93.19""],[0.18,""86.86""],[0.19,""370.77""],[0.2,""84.81""],[0.21,""68.1""],[0.22,""162.5""],[0.23,""86.89""],[0.24,""281.39""],[0.25,""150""],[0.26,""60""],[0.27,""41""],[0.28,""47.52""],[0.29,""52.92""]]"
2026-05-17T02:19:48.010Z,btc-updown-15m-1778984100,"Bitcoin Up or Down - May 16, 10:15PM-10:30PM ET",btc-updown-15m-1778984100,2026-05-17T02:30:00Z,,0.7,0.71,0.29,0.3,0.705,0.53,467.19222,,68.39,31.55,"[[0.01,""10557.92""],[0.02,""2538.57""],[0.03,""1206.77""],[0.04,""216.9""],[0.05,""223.2""],[0.06,""113.54""],[0.07,""415.39""],[0.08,""90.29""],[0.09,""93.58""],[0.1,""68.29""],[0.11,""89.7""],[0.12,""56.74""],[0.13,""74.2""],[0.14,""52.05""],[0.15,""75.17""],[0.16,""58.55""],[0.17,""72.19""],[0.18,""59.74""],[0.19,""69.77""],[0.2,""88.8""],[0.21,""63.1""],[0.22,""42.5""],[0.23,""61.89""],[0.24,""41.39""],[0.25,""81""],[0.26,""40.6""],[0.27,""60.2""],[0.28,""39.9""],[0.29,""59.6""],[0.3,""65.96""],[0.31,""64""],[0.32,""43.8""],[0.33,""63.6""],[0.34,""543.4""],[0.35,""611.06""],[0.36,""543""],[0.37,""562.9""],[0.38,""72.7""],[0.39,""57.6""],[0.4,""70.5""],[0.41,""67.4""],[0.42,""47.32""],[0.43,""109.76""],[0.44,""37.2""],[0.45,""67.1""],[0.46,""32.22""],[0.47,""72""],[0.48,""37""],[0.49,""67""],[0.5,""48""],[0.51,""72""],[0.52,""37""],[0.53,""77""],[0.54,""47.1""],[0.55,""82.1""],[0.56,""37.2""],[0.57,""472.2""],[0.58,""448.31""],[0.59,""92.4""],[0.6,""152.5""],[0.61,""82.6""],[0.62,""78.53""],[0.63,""80""],[0.64,""110""],[0.65,""90""],[0.66,""221""],[0.67,""257.8""],[0.68,""139.42""],[0.69,""67.72""],[0.7,""68.39""]]","[[0.01,""10553""],[0.02,""3011.73""],[0.03,""1719.77""],[0.04,""737.06""],[0.05,""243.21""],[0.06,""133.54""],[0.07,""425.39""],[0.08,""90.3""],[0.09,""113.47""],[0.1,""103.3""],[0.11,""114.7""],[0.12,""96.74""],[0.13,""102.2""],[0.14,""142.2""],[0.15,""128.17""],[0.16,""263.05""],[0.17,""93.19""],[0.18,""486.86""],[0.19,""370.77""],[0.2,""84.81""],[0.21,""73.1""],[0.22,""162.5""],[0.23,""86.89""],[0.24,""281.39""],[0.25,""150""],[0.26,""81.7""],[0.27,""52.8""],[0.28,""94.8""],[0.29,""31.55""]]"
2026-05-17T02:19:49.957Z,btc-updown-15m-1778984100,"Bitcoin Up or Down - May 16, 10:15PM-10:30PM ET",btc-updown-15m-1778984100,2026-05-17T02:30:00Z,,0.7,0.71,0.29,0.3,0.705,0.53,467.19222,,48.39,49.56,"[[0.01,""10552.92""],[0.02,""2538.57""],[0.03,""1206.77""],[0.04,""216.9""],[0.05,""223.2""],[0.06,""113.54""],[0.07,""415.39""],[0.08,""90.29""],[0.09,""93.58""],[0.1,""68.29""],[0.11,""89.7""],[0.12,""56.74""],[0.13,""74.2""],[0.14,""52.05""],[0.15,""75.17""],[0.16,""58.55""],[0.17,""72.19""],[0.18,""59.74""],[0.19,""69.77""],[0.2,""88.8""],[0.21,""63.1""],[0.22,""42.5""],[0.23,""61.89""],[0.24,""41.39""],[0.25,""81""],[0.26,""40.6""],[0.27,""60.2""],[0.28,""39.9""],[0.29,""59.6""],[0.3,""65.96""],[0.31,""64""],[0.32,""43.8""],[0.33,""63.6""],[0.34,""543.4""],[0.35,""611.06""],[0.36,""543""],[0.37,""562.9""],[0.38,""572.7""],[0.39,""57.6""],[0.4,""70.5""],[0.41,""67.4""],[0.42,""47.32""],[0.43,""109.76""],[0.44,""37.2""],[0.45,""67.1""],[0.46,""32.22""],[0.47,""57""],[0.48,""37""],[0.49,""67""],[0.5,""48""],[0.51,""72""],[0.52,""37""],[0.53,""77""],[0.54,""47.1""],[0.55,""282.1""],[0.56,""37.2""],[0.57,""472.2""],[0.58,""448.31""],[0.59,""92.4""],[0.6,""152.5""],[0.61,""82.6""],[0.62,""78.53""],[0.63,""75""],[0.64,""115""],[0.65,""90""],[0.66,""221""],[0.67,""247.8""],[0.68,""119.13""],[0.69,""103.84""],[0.7,""48.39""]]","[[0.01,""10558""],[0.02,""3011.73""],[0.03,""1719.77""],[0.04,""737.06""],[0.05,""243.21""],[0.06,""133.54""],[0.07,""425.39""],[0.08,""110.3""],[0.09,""113.47""],[0.1,""103.3""],[0.11,""114.7""],[0.12,""96.74""],[0.13,""102.2""],[0.14,""142.2""],[0.15,""128.17""],[0.16,""263.05""],[0.17,""293.19""],[0.18,""471.86""],[0.19,""380.77""],[0.2,""94.81""],[0.21,""73.1""],[0.22,""162.5""],[0.23,""86.89""],[0.24,""281.39""],[0.25,""150""],[0.26,""81.7""],[0.27,""45""],[0.28,""94.8""],[0.29,""49.56""]]"
2026-05-17T02:19:52.030Z,btc-updown-15m-1778984100,"Bitcoin Up or Down - May 16, 10:15PM-10:30PM ET",btc-updown-15m-1778984100,2026-05-17T02:30:00Z,,0.72,0.73,0.27,0.28,0.725,0.53,467.19222,,214.81,27.8,"[[0.01,""10557.92""],[0.02,""2538.57""],[0.03,""1206.77""],[0.04,""216.9""],[0.05,""223.2""],[0.06,""113.54""],[0.07,""415.39""],[0.08,""90.29""],[0.09,""93.58""],[0.1,""68.29""],[0.11,""89.7""],[0.12,""56.74""],[0.13,""74.2""],[0.14,""52.05""],[0.15,""75.17""],[0.16,""58.55""],[0.17,""72.19""],[0.18,""59.74""],[0.19,""69.77""],[0.2,""88.8""],[0.21,""63.1""],[0.22,""42.5""],[0.23,""61.89""],[0.24,""41.39""],[0.25,""81""],[0.26,""40.6""],[0.27,""60.2""],[0.28,""39.9""],[0.29,""59.6""],[0.3,""65.96""],[0.31,""64""],[0.32,""43.8""],[0.33,""63.6""],[0.34,""43.4""],[0.35,""106.06""],[0.36,""43""],[0.37,""562.9""],[0.38,""572.7""],[0.39,""557.6""],[0.4,""570.5""],[0.41,""572.4""],[0.42,""47.32""],[0.43,""109.76""],[0.44,""37.2""],[0.45,""62.1""],[0.46,""32.22""],[0.47,""57""],[0.48,""37""],[0.49,""67""],[0.5,""53""],[0.51,""72""],[0.52,""37""],[0.53,""72""],[0.54,""42.1""],[0.55,""282.1""],[0.56,""37.2""],[0.57,""472.2""],[0.58,""48.31""],[0.59,""392.4""],[0.6,""152.5""],[0.61,""72.6""],[0.62,""153.53""],[0.63,""102.9""],[0.64,""40""],[0.65,""105""],[0.66,""75""],[0.67,""157.8""],[0.68,""188.8""],[0.69,""254.97""],[0.7,""111.33""],[0.71,""156.44""],[0.72,""214.81""]]","[[0.01,""10548""],[0.02,""3011.73""],[0.03,""1719.77""],[0.04,""237.06""],[0.05,""243.21""],[0.06,""138.54""],[0.07,""425.39""],[0.08,""125.3""],[0.09,""113.47""],[0.1,""103.3""],[0.11,""159.7""],[0.12,""105.74""],[0.13,""101.9""],[0.14,""95.05""],[0.15,""108.17""],[0.16,""243.05""],[0.17,""273.19""],[0.18,""466.86""],[0.19,""375.77""],[0.2,""78.81""],[0.21,""163.1""],[0.22,""177.5""],[0.23,""181.89""],[0.24,""145""],[0.25,""60.4""],[0.26,""111.4""],[0.27,""27.8""]]"
2026-05-17T02:19:54.993Z,btc-updown-15m-1778984100,"Bitcoin Up or Down - May 16, 10:15PM-10:30PM ET",btc-updown-15m-1778984100,2026-05-17T02:30:00Z,,0.74,0.75,0.25,0.26,0.745,0.53,467.19222,,173.71,104.99,"[[0.01,""10552.92""],[0.02,""2538.57""],[0.03,""1206.77""],[0.04,""216.9""],[0.05,""223.2""],[0.06,""113.54""],[0.07,""415.39""],[0.08,""90.29""],[0.09,""93.58""],[0.1,""68.29""],[0.11,""89.7""],[0.12,""56.74""],[0.13,""74.2""],[0.14,""52.05""],[0.15,""75.17""],[0.16,""58.55""],[0.17,""67.19""],[0.18,""59.74""],[0.19,""64.77""],[0.2,""88.8""],[0.21,""63.1""],[0.22,""42.5""],[0.23,""61.89""],[0.24,""46.39""],[0.25,""81""],[0.26,""40.6""],[0.27,""60.2""],[0.28,""49.9""],[0.29,""64.6""],[0.3,""65.96""],[0.31,""64""],[0.32,""43.8""],[0.33,""63.6""],[0.34,""43.4""],[0.35,""106.06""],[0.36,""43""],[0.37,""62.9""],[0.38,""72.7""],[0.39,""557.6""],[0.4,""570.5""],[0.41,""572.4""],[0.42,""547.32""],[0.43,""609.76""],[0.44,""37.2""],[0.45,""62.1""],[0.46,""32.22""],[0.47,""57""],[0.48,""37""],[0.49,""52""],[0.5,""47""],[0.51,""57""],[0.52,""37""],[0.53,""72""],[0.54,""48.1""],[0.55,""72.1""],[0.56,""37.2""],[0.57,""72.2""],[0.58,""43.31""],[0.59,""82.4""],[0.6,""47.5""],[0.61,""82.6""],[0.62,""338.53""],[0.63,""177.9""],[0.64,""38""],[0.65,""188.2""],[0.66,""40""],[0.67,""165""],[0.68,""71""],[0.69,""203.85""],[0.7,""240""],[0.71,""144""],[0.72,""124.9""],[0.73,""157.31""],[0.74,""173.71""]]","[[0.01,""10568""],[0.02,""3031.73""],[0.03,""1239.77""],[0.04,""237.06""],[0.05,""243.21""],[0.06,""153.54""],[0.07,""425.39""],[0.08,""125.3""],[0.09,""125.47""],[0.1,""113.31""],[0.11,""174.7""],[0.12,""110.74""],[0.13,""110.2""],[0.14,""75.05""],[0.15,""82.17""],[0.16,""236.8""],[0.17,""373.19""],[0.18,""66.86""],[0.19,""269.77""],[0.2,""73.8""],[0.21,""88.1""],[0.22,""147.5""],[0.23,""174.14""],[0.24,""34.8""],[0.25,""104.99""]]"
2026-05-17T02:19:57.748Z,btc-updown-15m-1778984100,"Bitcoin Up or Down - May 16, 10:15PM-10:30PM ET",btc-updown-15m-1778984100,2026-05-17T02:30:00Z,,0.74,0.75,0.25,0.26,0.745,0.53,467.19222,,160.51,64.99,"[[0.01,""10364.28""],[0.02,""2538.57""],[0.03,""1206.77""],[0.04,""216.9""],[0.05,""223.2""],[0.06,""113.54""],[0.07,""415.39""],[0.08,""90.29""],[0.09,""93.58""],[0.1,""68.29""],[0.11,""89.7""],[0.12,""56.74""],[0.13,""74.2""],[0.14,""52.05""],[0.15,""75.17""],[0.16,""58.55""],[0.17,""67.19""],[0.18,""59.74""],[0.19,""64.77""],[0.2,""88.8""],[0.21,""63.1""],[0.22,""42.5""],[0.23,""61.89""],[0.24,""46.39""],[0.25,""81""],[0.26,""40.6""],[0.27,""60.2""],[0.28,""49.9""],[0.29,""64.6""],[0.3,""65.96""],[0.31,""64""],[0.32,""43.8""],[0.33,""63.6""],[0.34,""43.4""],[0.35,""106.06""],[0.36,""43""],[0.37,""62.9""],[0.38,""72.7""],[0.39,""557.6""],[0.4,""570.5""],[0.41,""572.4""],[0.42,""547.32""],[0.43,""609.76""],[0.44,""37.2""],[0.45,""62.1""],[0.46,""32.22""],[0.47,""57""],[0.48,""37""],[0.49,""52""],[0.5,""47""],[0.51,""57""],[0.52,""37""],[0.53,""72""],[0.54,""42.1""],[0.55,""72.1""],[0.56,""43.2""],[0.57,""72.2""],[0.58,""43.31""],[0.59,""82.4""],[0.6,""42.5""],[0.61,""77.6""],[0.62,""33.53""],[0.63,""77.9""],[0.64,""443""],[0.65,""83.2""],[0.66,""148.4""],[0.67,""175""],[0.68,""71""],[0.69,""203.85""],[0.7,""240""],[0.71,""134""],[0.72,""116.42""],[0.73,""126.13""],[0.74,""160.51""]]","[[0.01,""10568""],[0.02,""3031.73""],[0.03,""1239.77""],[0.04,""237.06""],[0.05,""243.21""],[0.06,""153.54""],[0.07,""425.39""],[0.08,""125.3""],[0.09,""125.47""],[0.1,""113.31""],[0.11,""174.7""],[0.12,""126.74""],[0.13,""94.2""],[0.14,""75.05""],[0.15,""382.17""],[0.16,""236.8""],[0.17,""73.19""],[0.18,""66.86""],[0.19,""264.5""],[0.2,""83.3""],[0.21,""102.4""],[0.22,""134.56""],[0.23,""180""],[0.24,""60.8""],[0.25,""64.99""]]"
2026-05-17T02:19:59.020Z,btc-updown-15m-1778984100,"Bitcoin Up or Down - May 16, 10:15PM-10:30PM ET",btc-updown-15m-1778984100,2026-05-17T02:30:00Z,,0.77,0.78,0.22,0.23,0.775,0.53,467.19222,,124.08,120.48,"[[0.01,""10364.28""],[0.02,""2538.57""],[0.03,""1206.77""],[0.04,""216.9""],[0.05,""223.2""],[0.06,""113.54""],[0.07,""415.39""],[0.08,""90.29""],[0.09,""93.58""],[0.1,""68.29""],[0.11,""89.7""],[0.12,""56.74""],[0.13,""74.2""],[0.14,""52.05""],[0.15,""75.17""],[0.16,""58.55""],[0.17,""67.19""],[0.18,""59.74""],[0.19,""64.77""],[0.2,""88.8""],[0.21,""63.1""],[0.22,""42.5""],[0.23,""61.89""],[0.24,""46.39""],[0.25,""81""],[0.26,""40.6""],[0.27,""60.2""],[0.28,""49.9""],[0.29,""64.6""],[0.3,""65.96""],[0.31,""64""],[0.32,""43.8""],[0.33,""63.6""],[0.34,""43.4""],[0.35,""106.06""],[0.36,""43""],[0.37,""62.9""],[0.38,""72.7""],[0.39,""57.6""],[0.4,""570.5""],[0.41,""567.4""],[0.42,""47.32""],[0.43,""609.76""],[0.44,""537.2""],[0.45,""562.1""],[0.46,""532.22""],[0.47,""62""],[0.48,""37""],[0.49,""52""],[0.5,""42""],[0.51,""57""],[0.52,""37""],[0.53,""72""],[0.54,""42.1""],[0.55,""77.1""],[0.56,""43.2""],[0.57,""77.2""],[0.58,""38.31""],[0.59,""82.4""],[0.6,""42.5""],[0.61,""277.6""],[0.62,""38.53""],[0.63,""82.9""],[0.64,""343""],[0.65,""173.2""],[0.66,""38.4""],[0.67,""203.6""],[0.68,""76""],[0.69,""138.85""],[0.7,""62.2""],[0.71,""177""],[0.72,""212.8""],[0.73,""121.13""],[0.74,""83.8""],[0.75,""105.41""],[0.76,""112""],[0.77,""124.08""]]","[[0.01,""10568""],[0.02,""2531.73""],[0.03,""1239.77""],[0.04,""237.06""],[0.05,""243.21""],[0.06,""148.54""],[0.07,""445.39""],[0.08,""165.3""],[0.09,""125.47""],[0.1,""103.3""],[0.11,""118.8""],[0.12,""97.74""],[0.13,""82.2""],[0.14,""275.05""],[0.15,""382.17""],[0.16,""234.8""],[0.17,""61.3""],[0.18,""40.3""],[0.19,""84.5""],[0.2,""193.82""],[0.21,""139.3""],[0.22,""120.48""]]"
2026-05-17T02:20:02.243Z,btc-updown-15m-1778984100,"Bitcoin Up or Down - May 16, 10:15PM-10:30PM ET",btc-updown-15m-1778984100,2026-05-17T02:30:00Z,,0.77,0.78,0.22,0.23,0.775,0.53,467.19222,,64.11,118.46,"[[0.01,""10364.28""],[0.02,""2538.57""],[0.03,""1206.77""],[0.04,""216.9""],[0.05,""223.2""],[0.06,""113.54""],[0.07,""115.39""],[0.08,""90.29""],[0.09,""93.58""],[0.1,""68.29""],[0.11,""89.7""],[0.12,""56.74""],[0.13,""74.2""],[0.14,""52.05""],[0.15,""75.17""],[0.16,""58.55""],[0.17,""67.19""],[0.18,""59.74""],[0.19,""64.77""],[0.2,""88.8""],[0.21,""63.1""],[0.22,""42.5""],[0.23,""61.89""],[0.24,""41.39""],[0.25,""81""],[0.26,""40.6""],[0.27,""65.2""],[0.28,""49.9""],[0.29,""64.6""],[0.3,""60.96""],[0.31,""64""],[0.32,""43.8""],[0.33,""63.6""],[0.34,""43.4""],[0.35,""106.06""],[0.36,""43""],[0.37,""62.9""],[0.38,""72.7""],[0.39,""57.6""],[0.4,""70.5""],[0.41,""67.4""],[0.42,""47.32""],[0.43,""551.76""],[0.44,""537.2""],[0.45,""562.1""],[0.46,""532.22""],[0.47,""562""],[0.48,""37""],[0.49,""52""],[0.5,""37""],[0.51,""57""],[0.52,""37""],[0.53,""72""],[0.54,""88.1""],[0.55,""77.1""],[0.56,""37.2""],[0.57,""72.2""],[0.58,""38.31""],[0.59,""82.4""],[0.6,""42.5""],[0.61,""72.6""],[0.62,""28.53""],[0.63,""77.9""],[0.64,""43""],[0.65,""73.2""],[0.66,""138.4""],[0.67,""93.6""],[0.68,""173.8""],[0.69,""122.85""],[0.7,""102.2""],[0.71,""177""],[0.72,""222.8""],[0.73,""144.31""],[0.74,""57.8""],[0.75,""92.33""],[0.76,""121.33""],[0.77,""64.11""]]","[[0.01,""10573""],[0.02,""2531.73""],[0.03,""1239.77""],[0.04,""237.06""],[0.05,""743.21""],[0.06,""148.54""],[0.07,""130.39""],[0.08,""177.8""],[0.09,""125.47""],[0.1,""124.31""],[0.11,""99.7""],[0.12,""100.74""],[0.13,""74.2""],[0.14,""75.05""],[0.15,""82.17""],[0.16,""85.55""],[0.17,""173.19""],[0.18,""191.98""],[0.19,""84.5""],[0.2,""205.02""],[0.21,""190.31""],[0.22,""118.46""]]"
2026-05-17T02:20:04.372Z,btc-updown-15m-1778984100,"Bitcoin Up or Down - May 16, 10:15PM-10:30PM ET",btc-updown-15m-1778984100,2026-05-17T02:30:00Z,,0.77,0.78,0.22,0.23,0.775,0.53,467.19222,,34.19,20.66,"[[0.01,""10364.28""],[0.02,""2532.57""],[0.03,""1206.77""],[0.04,""216.9""],[0.05,""223.2""],[0.06,""107.54""],[0.07,""115.39""],[0.08,""90.29""],[0.09,""93.58""],[0.1,""68.29""],[0.11,""89.7""],[0.12,""56.74""],[0.13,""74.2""],[0.14,""52.05""],[0.15,""75.17""],[0.16,""58.55""],[0.17,""67.19""],[0.18,""59.74""],[0.19,""64.77""],[0.2,""88.8""],[0.21,""63.1""],[0.22,""42.5""],[0.23,""61.89""],[0.24,""41.39""],[0.25,""81""],[0.26,""40.6""],[0.27,""65.2""],[0.28,""49.9""],[0.29,""69.6""],[0.3,""60.96""],[0.31,""64""],[0.32,""43.8""],[0.33,""63.6""],[0.34,""43.4""],[0.35,""106.06""],[0.36,""43""],[0.37,""62.9""],[0.38,""72.7""],[0.39,""57.6""],[0.4,""70.5""],[0.41,""67.4""],[0.42,""547.32""],[0.43,""551.76""],[0.44,""537.2""],[0.45,""62.1""],[0.46,""32.22""],[0.47,""62""],[0.48,""37""],[0.49,""52""],[0.5,""37""],[0.51,""57""],[0.52,""37""],[0.53,""57""],[0.54,""88.1""],[0.55,""62.1""],[0.56,""37.2""],[0.57,""72.2""],[0.58,""43.31""],[0.59,""82.4""],[0.6,""42.5""],[0.61,""72.6""],[0.62,""28.53""],[0.63,""72.9""],[0.64,""38""],[0.65,""78.2""],[0.66,""38.4""],[0.67,""193.6""],[0.68,""78.8""],[0.69,""69""],[0.7,""91.5""],[0.71,""77""],[0.72,""142.8""],[0.73,""95.8""],[0.74,""42.8""],[0.75,""97""],[0.76,""114.46""],[0.77,""34.19""]]","[[0.01,""10063""],[0.02,""2525.73""],[0.03,""1239.77""],[0.04,""237.06""],[0.05,""743.21""],[0.06,""142.54""],[0.07,""130.39""],[0.08,""117.8""],[0.09,""93.47""],[0.1,""93.31""],[0.11,""109.7""],[0.12,""686.74""],[0.13,""74.2""],[0.14,""67.05""],[0.15,""75.17""],[0.16,""72.3""],[0.17,""61.3""],[0.18,""20""],[0.19,""20""],[0.2,""29.5""],[0.21,""14.3""],[0.22,""20.66""]]"
2026-05-17T02:20:07.150Z,btc-updown-15m-1778984100,"Bitcoin Up or Down - May 16, 10:15PM-10:30PM ET",btc-updown-15m-1778984100,2026-05-17T02:30:00Z,,0.79,0.8,0.2,0.21,0.795,0.53,467.19222,,126.0,18.82,"[[0.01,""10364.28""],[0.02,""2582.57""],[0.03,""1206.77""],[0.04,""216.9""],[0.05,""223.2""],[0.06,""107.54""],[0.07,""115.39""],[0.08,""90.29""],[0.09,""93.58""],[0.1,""68.29""],[0.11,""89.7""],[0.12,""56.74""],[0.13,""74.2""],[0.14,""52.05""],[0.15,""75.17""],[0.16,""58.55""],[0.17,""67.19""],[0.18,""59.74""],[0.19,""64.77""],[0.2,""88.8""],[0.21,""63.1""],[0.22,""42.5""],[0.23,""61.89""],[0.24,""41.39""],[0.25,""81""],[0.26,""40.6""],[0.27,""60.2""],[0.28,""49.9""],[0.29,""74.6""],[0.3,""60.96""],[0.31,""64""],[0.32,""43.8""],[0.33,""63.6""],[0.34,""43.4""],[0.35,""106.06""],[0.36,""43""],[0.37,""62.9""],[0.38,""72.7""],[0.39,""57.6""],[0.4,""70.5""],[0.41,""67.4""],[0.42,""547.32""],[0.43,""551.76""],[0.44,""537.2""],[0.45,""62.1""],[0.46,""532.22""],[0.47,""562""],[0.48,""37""],[0.49,""52""],[0.5,""37""],[0.51,""57""],[0.52,""37""],[0.53,""57""],[0.54,""88.1""],[0.55,""62.1""],[0.56,""37.2""],[0.57,""72.2""],[0.58,""38.31""],[0.59,""77.4""],[0.6,""42.5""],[0.61,""72.6""],[0.62,""33.53""],[0.63,""83.9""],[0.64,""38""],[0.65,""73.2""],[0.66,""43.4""],[0.67,""83.6""],[0.68,""153.8""],[0.69,""64""],[0.7,""146.5""],[0.71,""396.6""],[0.72,""104.9""],[0.73,""133""],[0.74,""62.8""],[0.75,""170""],[0.76,""72.8""],[0.77,""126.2""],[0.78,""168.57""],[0.79,""126""]]","[[0.01,""10073""],[0.02,""2525.73""],[0.03,""1239.77""],[0.04,""237.06""],[0.05,""763.21""],[0.06,""182.54""],[0.07,""130.39""],[0.08,""105.3""],[0.09,""119.47""],[0.1,""83.3""],[0.11,""89.7""],[0.12,""376.74""],[0.13,""79.2""],[0.14,""167.05""],[0.15,""75.17""],[0.16,""71.9""],[0.17,""113.68""],[0.18,""41""],[0.19,""142.8""],[0.2,""18.82""]]"
2026-05-17T02:20:09.603Z,btc-updown-15m-1778984100,"Bitcoin Up or Down - May 16, 10:15PM-10:30PM ET",btc-updown-15m-1778984100,2026-05-17T02:30:00Z,,0.84,0.85,0.15,0.16,0.845,0.53,467.19222,,6.26,158.8,"[[0.01,""10369.28""],[0.02,""2632.57""],[0.03,""1206.77""],[0.04,""216.9""],[0.05,""223.2""],[0.06,""107.54""],[0.07,""115.39""],[0.08,""90.29""],[0.09,""93.58""],[0.1,""68.29""],[0.11,""89.7""],[0.12,""56.74""],[0.13,""74.2""],[0.14,""52.05""],[0.15,""70.17""],[0.16,""58.55""],[0.17,""67.19""],[0.18,""45.86""],[0.19,""64.77""],[0.2,""88.8""],[0.21,""63.1""],[0.22,""42.5""],[0.23,""61.89""],[0.24,""41.39""],[0.25,""81""],[0.26,""40.6""],[0.27,""60.2""],[0.28,""44.9""],[0.29,""69.6""],[0.3,""60.96""],[0.31,""64""],[0.32,""43.8""],[0.33,""63.6""],[0.34,""48.4""],[0.35,""106.06""],[0.36,""43""],[0.37,""62.9""],[0.38,""72.7""],[0.39,""62.6""],[0.4,""70.5""],[0.41,""67.4""],[0.42,""47.32""],[0.43,""51.76""],[0.44,""37.2""],[0.45,""62.1""],[0.46,""32.22""],[0.47,""557""],[0.48,""37""],[0.49,""52""],[0.5,""37""],[0.51,""57""],[0.52,""37""],[0.53,""562""],[0.54,""588.1""],[0.55,""557.1""],[0.56,""537.2""],[0.57,""557.2""],[0.58,""38.31""],[0.59,""62.4""],[0.6,""47.5""],[0.61,""57.6""],[0.62,""28.53""],[0.63,""72.9""],[0.64,""38""],[0.65,""78.2""],[0.66,""38.4""],[0.67,""78.6""],[0.68,""43.8""],[0.69,""70""],[0.7,""56.5""],[0.71,""96.6""],[0.72,""44.9""],[0.73,""88.2""],[0.74,""345.6""],[0.75,""106""],[0.76,""501.39""],[0.77,""135.32""],[0.78,""40""],[0.79,""177.8""],[0.8,""83.8""],[0.81,""65.8""],[0.82,""103.36""],[0.83,""87.44""],[0.84,""6.26""]]","[[0.01,""10068""],[0.02,""2530.73""],[0.03,""1239.77""],[0.04,""237.06""],[0.05,""743.21""],[0.06,""147.54""],[0.07,""111.39""],[0.08,""305.3""],[0.09,""392.72""],[0.1,""83.3""],[0.11,""189.7""],[0.12,""160.95""],[0.13,""130.68""],[0.14,""44.9""],[0.15,""158.8""]]"
2026-05-17T02:20:12.480Z,btc-updown-15m-1778984100,"Bitcoin Up or Down - May 16, 10:15PM-10:30PM ET",btc-updown-15m-1778984100,2026-05-17T02:30:00Z,,0.82,0.83,0.17,0.18,0.825,0.53,467.19222,,5.0,1.72,"[[0.01,""10369.28""],[0.02,""2582.57""],[0.03,""1206.77""],[0.04,""216.9""],[0.05,""223.2""],[0.06,""107.54""],[0.07,""115.39""],[0.08,""90.29""],[0.09,""93.58""],[0.1,""68.29""],[0.11,""89.7""],[0.12,""56.74""],[0.13,""74.2""],[0.14,""52.05""],[0.15,""70.17""],[0.16,""58.55""],[0.17,""67.19""],[0.18,""45.86""],[0.19,""64.77""],[0.2,""88.8""],[0.21,""63.1""],[0.22,""42.5""],[0.23,""61.89""],[0.24,""41.39""],[0.25,""81""],[0.26,""40.6""],[0.27,""60.2""],[0.28,""44.9""],[0.29,""69.6""],[0.3,""65.96""],[0.31,""64""],[0.32,""43.8""],[0.33,""68.6""],[0.34,""43.4""],[0.35,""106.06""],[0.36,""43""],[0.37,""62.9""],[0.38,""72.7""],[0.39,""62.6""],[0.4,""70.5""],[0.41,""67.4""],[0.42,""47.32""],[0.43,""51.76""],[0.44,""37.2""],[0.45,""62.1""],[0.46,""32.22""],[0.47,""57""],[0.48,""37""],[0.49,""52""],[0.5,""37""],[0.51,""57""],[0.52,""37""],[0.53,""62""],[0.54,""88.1""],[0.55,""57.1""],[0.56,""37.2""],[0.57,""57.2""],[0.58,""538.31""],[0.59,""62.4""],[0.6,""47.5""],[0.61,""57.6""],[0.62,""28.53""],[0.63,""72.9""],[0.64,""38""],[0.65,""73.2""],[0.66,""38.4""],[0.67,""78.6""],[0.68,""43.8""],[0.69,""59""],[0.7,""46.5""],[0.71,""74.6""],[0.72,""64.9""],[0.73,""100""],[0.74,""75""],[0.75,""80""],[0.76,""5""],[0.77,""2.92""],[0.82,""5""]]","[[0.01,""10063""],[0.02,""2530.73""],[0.03,""1239.77""],[0.04,""217.06""],[0.05,""763.21""],[0.06,""147.54""],[0.07,""145.39""],[0.08,""117.81""],[0.09,""92.72""],[0.1,""183.3""],[0.11,""114.7""],[0.12,""86.74""],[0.13,""106.5""],[0.14,""224.25""],[0.15,""130.46""],[0.16,""154.73""],[0.17,""1.72""]]"
2026-05-17T02:20:15.220Z,btc-updown-15m-1778984100,"Bitcoin Up or Down - May 16, 10:15PM-10:30PM ET",btc-updown-15m-1778984100,2026-05-17T02:30:00Z,,0.77,0.78,0.22,0.23,0.775,0.53,467.19222,,109.54,31.0,"[[0.01,""10369.28""],[0.02,""2532.57""],[0.03,""1206.77""],[0.04,""216.9""],[0.05,""223.2""],[0.06,""107.54""],[0.07,""115.39""],[0.08,""90.29""],[0.09,""93.58""],[0.1,""68.29""],[0.11,""89.7""],[0.12,""56.74""],[0.13,""74.2""],[0.14,""52.05""],[0.15,""70.17""],[0.16,""58.55""],[0.17,""67.19""],[0.18,""45.86""],[0.19,""64.77""],[0.2,""88.8""],[0.21,""63.1""],[0.22,""42.5""],[0.23,""61.89""],[0.24,""41.39""],[0.25,""81""],[0.26,""40.6""],[0.27,""65.2""],[0.28,""44.9""],[0.29,""69.6""],[0.3,""65.96""],[0.31,""64""],[0.32,""43.8""],[0.33,""63.6""],[0.34,""43.4""],[0.35,""106.06""],[0.36,""43""],[0.37,""62.9""],[0.38,""72.7""],[0.39,""62.6""],[0.4,""70.5""],[0.41,""67.4""],[0.42,""47.32""],[0.43,""51.76""],[0.44,""537.2""],[0.45,""562.1""],[0.46,""532.22""],[0.47,""62""],[0.48,""37""],[0.49,""52""],[0.5,""37""],[0.51,""57""],[0.52,""37""],[0.53,""57""],[0.54,""88.1""],[0.55,""62.1""],[0.56,""37.2""],[0.57,""72.2""],[0.58,""38.31""],[0.59,""77.4""],[0.6,""42.5""],[0.61,""77.6""],[0.62,""33.53""],[0.63,""72.9""],[0.64,""38""],[0.65,""73.2""],[0.66,""38.4""],[0.67,""73.6""],[0.68,""49.8""],[0.69,""59""],[0.7,""46.5""],[0.71,""99.6""],[0.72,""184.9""],[0.73,""165""],[0.74,""225""],[0.75,""225""],[0.76,""95""],[0.77,""109.54""]]","[[0.01,""10573""],[0.02,""2540.73""],[0.03,""1239.77""],[0.04,""252.06""],[0.05,""763.21""],[0.06,""157.54""],[0.07,""151.39""],[0.08,""187.81""],[0.09,""117.72""],[0.1,""103.3""],[0.11,""114.7""],[0.12,""76.74""],[0.13,""299.2""],[0.14,""182.05""],[0.15,""356.17""],[0.16,""237.55""],[0.17,""288.83""],[0.18,""224.53""],[0.19,""89.58""],[0.2,""73.39""],[0.21,""57""],[0.22,""31""]]"
2026-05-17T02:20:16.688Z,btc-updown-15m-1778984100,"Bitcoin Up or Down - May 16, 10:15PM-10:30PM ET",btc-updown-15m-1778984100,2026-05-17T02:30:00Z,,0.8,0.81,0.19,0.2,0.805,0.53,467.19222,,12.0,108.0,"[[0.01,""10374.28""],[0.02,""2532.57""],[0.03,""1206.77""],[0.04,""216.9""],[0.05,""223.2""],[0.06,""107.54""],[0.07,""115.39""],[0.08,""90.29""],[0.09,""93.58""],[0.1,""68.29""],[0.11,""89.7""],[0.12,""56.74""],[0.13,""74.2""],[0.14,""52.05""],[0.15,""70.17""],[0.16,""58.55""],[0.17,""67.19""],[0.18,""45.86""],[0.19,""64.77""],[0.2,""88.8""],[0.21,""63.1""],[0.22,""42.5""],[0.23,""61.89""],[0.24,""41.39""],[0.25,""81""],[0.26,""40.6""],[0.27,""60.2""],[0.28,""44.9""],[0.29,""74.6""],[0.3,""65.96""],[0.31,""64""],[0.32,""43.8""],[0.33,""63.6""],[0.34,""43.4""],[0.35,""106.06""],[0.36,""43""],[0.37,""62.9""],[0.38,""72.7""],[0.39,""62.6""],[0.4,""70.5""],[0.41,""67.4""],[0.42,""47.32""],[0.43,""51.76""],[0.44,""537.2""],[0.45,""562.1""],[0.46,""532.22""],[0.47,""62""],[0.48,""37""],[0.49,""52""],[0.5,""37""],[0.51,""557""],[0.52,""37""],[0.53,""57""],[0.54,""88.1""],[0.55,""62.1""],[0.56,""37.2""],[0.57,""72.2""],[0.58,""38.31""],[0.59,""77.4""],[0.6,""42.5""],[0.61,""77.6""],[0.62,""33.53""],[0.63,""72.9""],[0.64,""38""],[0.65,""73.2""],[0.66,""38.4""],[0.67,""73.6""],[0.68,""49.8""],[0.69,""69""],[0.7,""56.5""],[0.71,""101.6""],[0.72,""64.9""],[0.73,""475.2""],[0.74,""550""],[0.75,""685""],[0.76,""100.83""],[0.77,""83.84""],[0.78,""131""],[0.79,""113.31""],[0.8,""12""]]","[[0.01,""10583""],[0.02,""2540.73""],[0.03,""1239.77""],[0.04,""252.06""],[0.05,""763.21""],[0.06,""162.54""],[0.07,""141.39""],[0.08,""317.81""],[0.09,""787.72""],[0.1,""93.3""],[0.11,""114.7""],[0.12,""76.74""],[0.13,""299.2""],[0.14,""182.05""],[0.15,""350.17""],[0.16,""182.55""],[0.17,""253.84""],[0.18,""211.97""],[0.19,""108""]]"
2026-05-17T02:20:19.533Z,btc-updown-15m-1778984100,"Bitcoin Up or Down - May 16, 10:15PM-10:30PM ET",btc-updown-15m-1778984100,2026-05-17T02:30:00Z,,0.79,0.8,0.2,0.21,0.795,0.53,467.19222,,66.97,5.0,"[[0.01,""10364.28""],[0.02,""2532.57""],[0.03,""1206.77""],[0.04,""216.9""],[0.05,""223.2""],[0.06,""107.54""],[0.07,""115.39""],[0.08,""90.29""],[0.09,""93.58""],[0.1,""68.29""],[0.11,""89.7""],[0.12,""56.74""],[0.13,""74.2""],[0.14,""52.05""],[0.15,""70.17""],[0.16,""58.55""],[0.17,""67.19""],[0.18,""45.86""],[0.19,""64.77""],[0.2,""88.8""],[0.21,""63.1""],[0.22,""42.5""],[0.23,""61.89""],[0.24,""41.39""],[0.25,""81""],[0.26,""40.6""],[0.27,""60.2""],[0.28,""44.9""],[0.29,""74.6""],[0.3,""65.96""],[0.31,""64""],[0.32,""43.8""],[0.33,""63.6""],[0.34,""43.4""],[0.35,""106.06""],[0.36,""43""],[0.37,""62.9""],[0.38,""72.7""],[0.39,""62.6""],[0.4,""70.5""],[0.41,""67.4""],[0.42,""47.32""],[0.43,""51.76""],[0.44,""37.2""],[0.45,""562.1""],[0.46,""532.22""],[0.47,""562""],[0.48,""537""],[0.49,""552""],[0.5,""37""],[0.51,""57""],[0.52,""37""],[0.53,""57""],[0.54,""88.1""],[0.55,""62.1""],[0.56,""37.2""],[0.57,""57.2""],[0.58,""38.31""],[0.59,""77.4""],[0.6,""42.5""],[0.61,""72.6""],[0.62,""33.53""],[0.63,""72.9""],[0.64,""38""],[0.65,""73.2""],[0.66,""38.4""],[0.67,""73.6""],[0.68,""49.8""],[0.69,""69""],[0.7,""56.5""],[0.71,""94.6""],[0.72,""39.9""],[0.73,""452""],[0.74,""555""],[0.75,""615""],[0.76,""100.83""],[0.77,""91.45""],[0.78,""110.07""],[0.79,""66.97""]]","[[0.01,""10588""],[0.02,""2540.73""],[0.03,""1239.77""],[0.04,""252.06""],[0.05,""763.21""],[0.06,""202.54""],[0.07,""141.39""],[0.08,""317.81""],[0.09,""787.72""],[0.1,""93.3""],[0.11,""119.7""],[0.12,""76.74""],[0.13,""299.2""],[0.14,""184.95""],[0.15,""359.57""],[0.16,""325.54""],[0.17,""274.82""],[0.18,""88.53""],[0.19,""205.93""],[0.2,""5""]]"
2026-05-17T02:20:22.033Z,btc-updown-15m-1778984100,"Bitcoin Up or Down - May 16, 10:15PM-10:30PM ET",btc-updown-15m-1778984100,2026-05-17T02:30:00Z,,0.81,0.82,0.18,0.19,0.815,0.53,467.19222,,54.59,37.0,"[[0.01,""10364.28""],[0.02,""2582.57""],[0.03,""1206.77""],[0.04,""216.9""],[0.05,""223.2""],[0.06,""107.54""],[0.07,""115.39""],[0.08,""90.29""],[0.09,""93.58""],[0.1,""68.29""],[0.11,""89.7""],[0.12,""56.74""],[0.13,""74.2""],[0.14,""52.05""],[0.15,""70.17""],[0.16,""58.55""],[0.17,""67.19""],[0.18,""45.86""],[0.19,""64.77""],[0.2,""88.8""],[0.21,""63.1""],[0.22,""42.5""],[0.23,""61.89""],[0.24,""41.39""],[0.25,""81""],[0.26,""40.6""],[0.27,""60.2""],[0.28,""44.9""],[0.29,""69.6""],[0.3,""70.96""],[0.31,""64""],[0.32,""43.8""],[0.33,""63.6""],[0.34,""43.4""],[0.35,""106.06""],[0.36,""43""],[0.37,""62.9""],[0.38,""72.7""],[0.39,""62.6""],[0.4,""70.5""],[0.41,""67.4""],[0.42,""47.32""],[0.43,""51.76""],[0.44,""37.2""],[0.45,""562.1""],[0.46,""532.22""],[0.47,""562""],[0.48,""537""],[0.49,""552""],[0.5,""537""],[0.51,""57""],[0.52,""37""],[0.53,""57""],[0.54,""88.1""],[0.55,""62.1""],[0.56,""37.2""],[0.57,""57.2""],[0.58,""38.31""],[0.59,""77.4""],[0.6,""42.5""],[0.61,""72.6""],[0.62,""28.53""],[0.63,""72.9""],[0.64,""38""],[0.65,""73.2""],[0.66,""38.4""],[0.67,""73.6""],[0.68,""43.8""],[0.69,""69""],[0.7,""56.5""],[0.71,""89.6""],[0.72,""39.9""],[0.73,""75.2""],[0.74,""458.6""],[0.75,""385""],[0.76,""85""],[0.77,""75.45""],[0.78,""167.8""],[0.79,""62.8""],[0.8,""57.8""],[0.81,""54.59""]]","[[0.01,""10073""],[0.02,""2540.73""],[0.03,""1239.77""],[0.04,""292.06""],[0.05,""763.21""],[0.06,""152.54""],[0.07,""105.39""],[0.08,""117.81""],[0.09,""787.72""],[0.1,""93.3""],[0.11,""119.7""],[0.12,""76.74""],[0.13,""191.5""],[0.14,""84.9""],[0.15,""277""],[0.16,""89""],[0.17,""69.27""],[0.18,""37""]]"
2026-05-17T02:20:23.683Z,btc-updown-15m-1778984100,"Bitcoin Up or Down - May 16, 10:15PM-10:30PM ET",btc-updown-15m-1778984100,2026-05-17T02:30:00Z,,0.8,0.81,0.19,0.2,0.805,0.53,467.19222,,151.22,59.3,"[[0.01,""10369.28""],[0.02,""2582.57""],[0.03,""1206.77""],[0.04,""216.9""],[0.05,""223.2""],[0.06,""107.54""],[0.07,""115.39""],[0.08,""90.29""],[0.09,""93.58""],[0.1,""68.29""],[0.11,""89.7""],[0.12,""56.74""],[0.13,""74.2""],[0.14,""52.05""],[0.15,""70.17""],[0.16,""58.55""],[0.17,""67.19""],[0.18,""45.86""],[0.19,""64.77""],[0.2,""88.8""],[0.21,""63.1""],[0.22,""42.5""],[0.23,""61.89""],[0.24,""41.39""],[0.25,""81""],[0.26,""40.6""],[0.27,""60.2""],[0.28,""44.9""],[0.29,""69.6""],[0.3,""70.96""],[0.31,""64""],[0.32,""43.8""],[0.33,""63.6""],[0.34,""43.4""],[0.35,""106.06""],[0.36,""43""],[0.37,""62.9""],[0.38,""72.7""],[0.39,""62.6""],[0.4,""70.5""],[0.41,""67.4""],[0.42,""47.32""],[0.43,""51.76""],[0.44,""37.2""],[0.45,""62.1""],[0.46,""32.22""],[0.47,""62""],[0.48,""537""],[0.49,""552""],[0.5,""537""],[0.51,""57""],[0.52,""537""],[0.53,""557""],[0.54,""588.1""],[0.55,""62.1""],[0.56,""37.2""],[0.57,""57.2""],[0.58,""38.31""],[0.59,""77.4""],[0.6,""42.5""],[0.61,""72.6""],[0.62,""28.53""],[0.63,""72.9""],[0.64,""38""],[0.65,""73.2""],[0.66,""38.4""],[0.67,""79.6""],[0.68,""43.8""],[0.69,""69""],[0.7,""56.5""],[0.71,""89.6""],[0.72,""39.9""],[0.73,""75.2""],[0.74,""545.6""],[0.75,""446""],[0.76,""185""],[0.77,""200.45""],[0.78,""147.8""],[0.79,""159.57""],[0.8,""151.22""]]","[[0.01,""10088""],[0.02,""2540.73""],[0.03,""1239.77""],[0.04,""292.06""],[0.05,""763.21""],[0.06,""152.54""],[0.07,""111.39""],[0.08,""105.3""],[0.09,""787.72""],[0.1,""93.3""],[0.11,""119.7""],[0.12,""176.74""],[0.13,""199.2""],[0.14,""132.05""],[0.15,""363.5""],[0.16,""94""],[0.17,""69.84""],[0.18,""48.46""],[0.19,""59.3""]]"
2026-05-17T02:20:25.687Z,btc-updown-15m-1778984100,"Bitcoin Up or Down - May 16, 10:15PM-10:30PM ET",btc-updown-15m-1778984100,2026-05-17T02:30:00Z,,0.8,0.81,0.19,0.2,0.805,0.53,467.19222,,105.05,38.46,"[[0.01,""10374.28""],[0.02,""2532.57""],[0.03,""1206.77""],[0.04,""216.9""],[0.05,""223.2""],[0.06,""107.54""],[0.07,""115.39""],[0.08,""90.29""],[0.09,""93.58""],[0.1,""68.29""],[0.11,""89.7""],[0.12,""56.74""],[0.13,""74.2""],[0.14,""52.05""],[0.15,""70.17""],[0.16,""58.55""],[0.17,""67.19""],[0.18,""45.86""],[0.19,""64.77""],[0.2,""88.8""],[0.21,""63.1""],[0.22,""42.5""],[0.23,""61.89""],[0.24,""41.39""],[0.25,""81""],[0.26,""40.6""],[0.27,""60.2""],[0.28,""44.9""],[0.29,""69.6""],[0.3,""70.96""],[0.31,""64""],[0.32,""43.8""],[0.33,""63.6""],[0.34,""43.4""],[0.35,""106.06""],[0.36,""43""],[0.37,""62.9""],[0.38,""72.7""],[0.39,""62.6""],[0.4,""70.5""],[0.41,""67.4""],[0.42,""47.32""],[0.43,""51.76""],[0.44,""37.2""],[0.45,""62.1""],[0.46,""32.22""],[0.47,""62""],[0.48,""37""],[0.49,""52""],[0.5,""537""],[0.51,""557""],[0.52,""537""],[0.53,""557""],[0.54,""88.1""],[0.55,""62.1""],[0.56,""37.2""],[0.57,""57.2""],[0.58,""38.31""],[0.59,""77.4""],[0.6,""42.5""],[0.61,""72.6""],[0.62,""28.53""],[0.63,""72.9""],[0.64,""38""],[0.65,""73.2""],[0.66,""43.4""],[0.67,""79.6""],[0.68,""43.8""],[0.69,""69""],[0.7,""56.5""],[0.71,""89.6""],[0.72,""39.9""],[0.73,""75.2""],[0.74,""540.6""],[0.75,""401""],[0.76,""101.39""],[0.77,""340.45""],[0.78,""235.52""],[0.79,""186.76""],[0.8,""105.05""]]","[[0.01,""10083""],[0.02,""2540.73""],[0.03,""1244.77""],[0.04,""292.06""],[0.05,""743.21""],[0.06,""152.54""],[0.07,""111.39""],[0.08,""105.3""],[0.09,""787.72""],[0.1,""93.3""],[0.11,""219.7""],[0.12,""176.74""],[0.13,""264.2""],[0.14,""317.05""],[0.15,""455""],[0.16,""154""],[0.17,""71.13""],[0.18,""28""],[0.19,""38.46""]]"
2026-05-17T02:20:27.686Z,btc-updown-15m-1778984100,"Bitcoin Up or Down - May 16, 10:15PM-10:30PM ET",btc-updown-15m-1778984100,2026-05-17T02:30:00Z,,0.78,0.8,0.2,0.22,0.79,0.53,467.19222,,50.32,40.93,"[[0.01,""10369.28""],[0.02,""2582.57""],[0.03,""1206.77""],[0.04,""216.9""],[0.05,""223.2""],[0.06,""107.54""],[0.07,""115.39""],[0.08,""90.29""],[0.09,""93.58""],[0.1,""68.29""],[0.11,""89.7""],[0.12,""56.74""],[0.13,""74.2""],[0.14,""52.05""],[0.15,""70.17""],[0.16,""58.55""],[0.17,""67.19""],[0.18,""45.86""],[0.19,""64.77""],[0.2,""88.8""],[0.21,""63.1""],[0.22,""42.5""],[0.23,""61.89""],[0.24,""41.39""],[0.25,""81""],[0.26,""40.6""],[0.27,""60.2""],[0.28,""44.9""],[0.29,""69.6""],[0.3,""65.96""],[0.31,""64""],[0.32,""43.8""],[0.33,""63.6""],[0.34,""43.4""],[0.35,""106.06""],[0.36,""43""],[0.37,""62.9""],[0.38,""72.7""],[0.39,""62.6""],[0.4,""70.5""],[0.41,""67.4""],[0.42,""47.32""],[0.43,""51.76""],[0.44,""37.2""],[0.45,""62.1""],[0.46,""32.22""],[0.47,""62""],[0.48,""37""],[0.49,""52""],[0.5,""37""],[0.51,""57""],[0.52,""37""],[0.53,""57""],[0.54,""88.1""],[0.55,""62.1""],[0.56,""37.2""],[0.57,""57.2""],[0.58,""38.31""],[0.59,""77.4""],[0.6,""42.5""],[0.61,""72.6""],[0.62,""28.53""],[0.63,""72.9""],[0.64,""38""],[0.65,""73.2""],[0.66,""43.4""],[0.67,""79.6""],[0.68,""43.8""],[0.69,""59""],[0.7,""46.5""],[0.71,""79.6""],[0.72,""239.9""],[0.73,""205.2""],[0.74,""505""],[0.75,""390""],[0.76,""80.44""],[0.77,""200.45""],[0.78,""50.32""]]","[[0.01,""10078""],[0.02,""2540.73""],[0.03,""1244.77""],[0.04,""252.06""],[0.05,""783.21""],[0.06,""192.54""],[0.07,""116.39""],[0.08,""315.3""],[0.09,""797.72""],[0.1,""93.3""],[0.11,""94.7""],[0.12,""76.74""],[0.13,""174.2""],[0.14,""167.05""],[0.15,""195.17""],[0.16,""218.68""],[0.17,""118.68""],[0.18,""75.36""],[0.19,""160.78""],[0.2,""40.93""]]"
2026-05-17T02:20:30.507Z,btc-updown-15m-1778984100,"Bitcoin Up or Down - May 16, 10:15PM-10:30PM ET",btc-updown-15m-1778984100,2026-05-17T02:30:00Z,,0.78,0.79,0.21,0.22,0.785,0.53,467.19222,,22.8,111.85,"[[0.01,""10374.28""],[0.02,""2582.57""],[0.03,""1206.77""],[0.04,""216.9""],[0.05,""223.2""],[0.06,""107.54""],[0.07,""115.39""],[0.08,""90.29""],[0.09,""93.58""],[0.1,""68.29""],[0.11,""89.7""],[0.12,""56.74""],[0.13,""74.2""],[0.14,""52.05""],[0.15,""70.17""],[0.16,""58.55""],[0.17,""67.19""],[0.18,""45.86""],[0.19,""64.77""],[0.2,""88.8""],[0.21,""63.1""],[0.22,""42.5""],[0.23,""61.89""],[0.24,""41.39""],[0.25,""81""],[0.26,""40.6""],[0.27,""65.2""],[0.28,""44.9""],[0.29,""69.6""],[0.3,""65.96""],[0.31,""64""],[0.32,""43.8""],[0.33,""63.6""],[0.34,""43.4""],[0.35,""106.06""],[0.36,""43""],[0.37,""62.9""],[0.38,""72.7""],[0.39,""62.6""],[0.4,""70.5""],[0.41,""67.4""],[0.42,""47.32""],[0.43,""51.76""],[0.44,""37.2""],[0.45,""62.1""],[0.46,""32.22""],[0.47,""62""],[0.48,""37""],[0.49,""52""],[0.5,""37""],[0.51,""76.61""],[0.52,""37""],[0.53,""57""],[0.54,""83.1""],[0.55,""62.1""],[0.56,""37.2""],[0.57,""72.2""],[0.58,""38.31""],[0.59,""87.4""],[0.6,""42.5""],[0.61,""72.6""],[0.62,""33.53""],[0.63,""72.9""],[0.64,""38""],[0.65,""73.2""],[0.66,""38.4""],[0.67,""79.6""],[0.68,""43.8""],[0.69,""59""],[0.7,""46.5""],[0.71,""79.6""],[0.72,""239.9""],[0.73,""185.2""],[0.74,""525""],[0.75,""415""],[0.76,""105.83""],[0.77,""221""],[0.78,""22.8""]]","[[0.01,""10073""],[0.02,""2540.73""],[0.03,""1244.77""],[0.04,""252.06""],[0.05,""763.21""],[0.06,""172.54""],[0.07,""181.39""],[0.08,""335.3""],[0.09,""812.72""],[0.1,""93.3""],[0.11,""94.7""],[0.12,""76.74""],[0.13,""183.1""],[0.14,""76.65""],[0.15,""235.17""],[0.16,""207.55""],[0.17,""103.89""],[0.18,""70.36""],[0.19,""100.96""],[0.2,""154.81""],[0.21,""111.85""]]"
2026-05-17T02:20:33.637Z,btc-updown-15m-1778984100,"Bitcoin Up or Down - May 16, 10:15PM-10:30PM ET",btc-updown-15m-1778984100,2026-05-17T02:30:00Z,,0.78,0.79,0.21,0.22,0.785,0.53,467.19222,,122.2,101.85,"[[0.01,""10379.28""],[0.02,""2532.57""],[0.03,""1206.77""],[0.04,""216.9""],[0.05,""223.2""],[0.06,""107.54""],[0.07,""115.39""],[0.08,""90.29""],[0.09,""93.58""],[0.1,""68.29""],[0.11,""89.7""],[0.12,""56.74""],[0.13,""74.2""],[0.14,""52.05""],[0.15,""70.17""],[0.16,""58.55""],[0.17,""67.19""],[0.18,""45.86""],[0.19,""64.77""],[0.2,""88.8""],[0.21,""63.1""],[0.22,""42.5""],[0.23,""61.89""],[0.24,""41.39""],[0.25,""81""],[0.26,""40.6""],[0.27,""65.2""],[0.28,""44.9""],[0.29,""69.6""],[0.3,""65.96""],[0.31,""64""],[0.32,""43.8""],[0.33,""63.6""],[0.34,""43.4""],[0.35,""106.06""],[0.36,""43""],[0.37,""62.9""],[0.38,""72.7""],[0.39,""62.6""],[0.4,""70.5""],[0.41,""67.4""],[0.42,""47.32""],[0.43,""51.76""],[0.44,""37.2""],[0.45,""62.1""],[0.46,""32.22""],[0.47,""562""],[0.48,""537""],[0.49,""52""],[0.5,""37""],[0.51,""76.61""],[0.52,""37""],[0.53,""57""],[0.54,""83.1""],[0.55,""62.1""],[0.56,""37.2""],[0.57,""72.2""],[0.58,""38.31""],[0.59,""87.4""],[0.6,""42.5""],[0.61,""72.6""],[0.62,""33.53""],[0.63,""77.9""],[0.64,""38""],[0.65,""73.2""],[0.66,""38.4""],[0.67,""79.6""],[0.68,""43.8""],[0.69,""64""],[0.7,""56.5""],[0.71,""89.6""],[0.72,""244.9""],[0.73,""85.2""],[0.74,""610""],[0.75,""435""],[0.76,""135.44""],[0.77,""267.73""],[0.78,""122.2""]]","[[0.01,""10073""],[0.02,""2540.73""],[0.03,""1244.77""],[0.04,""252.06""],[0.05,""763.21""],[0.06,""172.54""],[0.07,""181.39""],[0.08,""335.3""],[0.09,""792.72""],[0.1,""93.3""],[0.11,""94.7""],[0.12,""176.74""],[0.13,""192.7""],[0.14,""67.05""],[0.15,""235.17""],[0.16,""207.55""],[0.17,""103.89""],[0.18,""70.36""],[0.19,""127.07""],[0.2,""99.81""],[0.21,""101.85""]]"
2026-05-17T02:20:34.545Z,btc-updown-15m-1778984100,"Bitcoin Up or Down - May 16, 10:15PM-10:30PM ET",btc-updown-15m-1778984100,2026-05-17T02:30:00Z,,0.78,0.79,0.21,0.22,0.785,0.53,467.19222,,105.5,106.85,"[[0.01,""10379.28""],[0.02,""2532.57""],[0.03,""1206.77""],[0.04,""216.9""],[0.05,""223.2""],[0.06,""107.54""],[0.07,""115.39""],[0.08,""90.29""],[0.09,""93.58""],[0.1,""68.29""],[0.11,""89.7""],[0.12,""56.74""],[0.13,""74.2""],[0.14,""52.05""],[0.15,""70.17""],[0.16,""58.55""],[0.17,""67.19""],[0.18,""45.86""],[0.19,""64.77""],[0.2,""88.8""],[0.21,""63.1""],[0.22,""42.5""],[0.23,""61.89""],[0.24,""41.39""],[0.25,""81""],[0.26,""40.6""],[0.27,""65.2""],[0.28,""44.9""],[0.29,""69.6""],[0.3,""65.96""],[0.31,""64""],[0.32,""43.8""],[0.33,""63.6""],[0.34,""43.4""],[0.35,""106.06""],[0.36,""43""],[0.37,""62.9""],[0.38,""72.7""],[0.39,""62.6""],[0.4,""70.5""],[0.41,""67.4""],[0.42,""47.32""],[0.43,""51.76""],[0.44,""37.2""],[0.45,""62.1""],[0.46,""32.22""],[0.47,""562""],[0.48,""537""],[0.49,""52""],[0.5,""37""],[0.51,""76.61""],[0.52,""37""],[0.53,""57""],[0.54,""83.1""],[0.55,""62.1""],[0.56,""37.2""],[0.57,""72.2""],[0.58,""38.31""],[0.59,""87.4""],[0.6,""42.5""],[0.61,""72.6""],[0.62,""33.53""],[0.63,""72.9""],[0.64,""38""],[0.65,""88.58""],[0.66,""38.4""],[0.67,""79.6""],[0.68,""43.8""],[0.69,""64""],[0.7,""56.5""],[0.71,""89.6""],[0.72,""244.9""],[0.73,""85.2""],[0.74,""605""],[0.75,""395""],[0.76,""175.44""],[0.77,""232.73""],[0.78,""105.5""]]","[[0.01,""10073""],[0.02,""2540.73""],[0.03,""1244.77""],[0.04,""252.06""],[0.05,""763.21""],[0.06,""172.54""],[0.07,""181.39""],[0.08,""335.3""],[0.09,""792.72""],[0.1,""93.3""],[0.11,""94.7""],[0.12,""176.74""],[0.13,""192.7""],[0.14,""67.05""],[0.15,""235.17""],[0.16,""207.55""],[0.17,""103.89""],[0.18,""87.85""],[0.19,""121.07""],[0.2,""99.81""],[0.21,""106.85""]]"
2026-05-17T02:20:36.565Z,btc-updown-15m-1778984100,"Bitcoin Up or Down - May 16, 10:15PM-10:30PM ET",btc-updown-15m-1778984100,2026-05-17T02:30:00Z,,0.78,0.79,0.21,0.22,0.785,0.53,467.19222,,100.5,101.3,"[[0.01,""10379.28""],[0.02,""2532.57""],[0.03,""1206.77""],[0.04,""216.9""],[0.05,""223.2""],[0.06,""107.54""],[0.07,""115.39""],[0.08,""90.29""],[0.09,""93.58""],[0.1,""68.29""],[0.11,""89.7""],[0.12,""56.74""],[0.13,""74.2""],[0.14,""52.05""],[0.15,""70.17""],[0.16,""58.55""],[0.17,""67.19""],[0.18,""45.86""],[0.19,""64.77""],[0.2,""88.8""],[0.21,""63.1""],[0.22,""42.5""],[0.23,""61.89""],[0.24,""41.39""],[0.25,""81""],[0.26,""40.6""],[0.27,""65.2""],[0.28,""44.9""],[0.29,""69.6""],[0.3,""65.96""],[0.31,""64""],[0.32,""43.8""],[0.33,""63.6""],[0.34,""43.4""],[0.35,""106.06""],[0.36,""43""],[0.37,""62.9""],[0.38,""72.7""],[0.39,""62.6""],[0.4,""70.5""],[0.41,""67.4""],[0.42,""47.32""],[0.43,""51.76""],[0.44,""37.2""],[0.45,""62.1""],[0.46,""532.22""],[0.47,""562""],[0.48,""537""],[0.49,""52""],[0.5,""37""],[0.51,""76.61""],[0.52,""37""],[0.53,""57""],[0.54,""83.1""],[0.55,""62.1""],[0.56,""37.2""],[0.57,""72.2""],[0.58,""38.31""],[0.59,""87.4""],[0.6,""42.5""],[0.61,""72.6""],[0.62,""33.53""],[0.63,""72.9""],[0.64,""38""],[0.65,""88.58""],[0.66,""38.4""],[0.67,""73.6""],[0.68,""49.8""],[0.69,""64""],[0.7,""56.5""],[0.71,""89.6""],[0.72,""44.9""],[0.73,""85.2""],[0.74,""605""],[0.75,""95""],[0.76,""70""],[0.77,""332.73""],[0.78,""100.5""]]","[[0.01,""10068""],[0.02,""2540.73""],[0.03,""1244.77""],[0.04,""252.06""],[0.05,""763.21""],[0.06,""172.54""],[0.07,""141.39""],[0.08,""135.3""],[0.09,""532.72""],[0.1,""93.3""],[0.11,""94.7""],[0.12,""176.74""],[0.13,""192.7""],[0.14,""67.05""],[0.15,""235.17""],[0.16,""207.55""],[0.17,""103.89""],[0.18,""76.36""],[0.19,""131.96""],[0.2,""99.81""],[0.21,""101.3""]]"
2026-05-17T02:20:39.583Z,btc-updown-15m-1778984100,"Bitcoin Up or Down - May 16, 10:15PM-10:30PM ET",btc-updown-15m-1778984100,2026-05-17T02:30:00Z,,0.78,0.79,0.21,0.22,0.785,0.53,467.19222,,212.5,84.3,"[[0.01,""10379.28""],[0.02,""2532.57""],[0.03,""1206.77""],[0.04,""216.9""],[0.05,""223.2""],[0.06,""107.54""],[0.07,""115.39""],[0.08,""90.29""],[0.09,""87.72""],[0.1,""73.57""],[0.11,""89.7""],[0.12,""56.74""],[0.13,""74.2""],[0.14,""52.05""],[0.15,""70.17""],[0.16,""58.55""],[0.17,""67.19""],[0.18,""45.86""],[0.19,""64.77""],[0.2,""88.8""],[0.21,""63.1""],[0.22,""42.5""],[0.23,""61.89""],[0.24,""41.39""],[0.25,""81""],[0.26,""40.6""],[0.27,""65.2""],[0.28,""44.9""],[0.29,""69.6""],[0.3,""65.96""],[0.31,""64""],[0.32,""43.8""],[0.33,""63.6""],[0.34,""43.4""],[0.35,""106.06""],[0.36,""43""],[0.37,""62.9""],[0.38,""72.7""],[0.39,""62.6""],[0.4,""70.5""],[0.41,""67.4""],[0.42,""47.32""],[0.43,""51.76""],[0.44,""37.2""],[0.45,""62.1""],[0.46,""532.22""],[0.47,""562""],[0.48,""537""],[0.49,""52""],[0.5,""37""],[0.51,""76.61""],[0.52,""37""],[0.53,""57""],[0.54,""83.1""],[0.55,""62.1""],[0.56,""37.2""],[0.57,""72.2""],[0.58,""38.31""],[0.59,""87.4""],[0.6,""42.5""],[0.61,""72.6""],[0.62,""33.53""],[0.63,""72.9""],[0.64,""38""],[0.65,""88.58""],[0.66,""38.4""],[0.67,""73.6""],[0.68,""49.8""],[0.69,""69""],[0.7,""56.5""],[0.71,""94.6""],[0.72,""49.9""],[0.73,""185.2""],[0.74,""505""],[0.75,""95""],[0.76,""206.27""],[0.77,""241.75""],[0.78,""212.5""]]","[[0.01,""10073""],[0.02,""2540.73""],[0.03,""1244.77""],[0.04,""252.06""],[0.05,""763.21""],[0.06,""181.18""],[0.07,""141.39""],[0.08,""115.3""],[0.09,""532.72""],[0.1,""93.3""],[0.11,""94.7""],[0.12,""176.74""],[0.13,""192.99""],[0.14,""107.05""],[0.15,""195.17""],[0.16,""247.55""],[0.17,""63.89""],[0.18,""87.85""],[0.19,""109.07""],[0.2,""70""],[0.21,""84.3""]]"
2026-05-17T02:20:42.494Z,btc-updown-15m-1778984100,"Bitcoin Up or Down - May 16, 10:15PM-10:30PM ET",btc-updown-15m-1778984100,2026-05-17T02:30:00Z,,0.78,0.79,0.21,0.22,0.785,0.53,467.19222,,25.0,126.84,"[[0.01,""10379.28""],[0.02,""2532.57""],[0.03,""1206.77""],[0.04,""216.9""],[0.05,""223.2""],[0.06,""107.54""],[0.07,""115.39""],[0.08,""90.29""],[0.09,""87.72""],[0.1,""73.57""],[0.11,""89.7""],[0.12,""56.74""],[0.13,""74.2""],[0.14,""52.05""],[0.15,""70.17""],[0.16,""58.55""],[0.17,""67.19""],[0.18,""45.86""],[0.19,""64.77""],[0.2,""88.8""],[0.21,""63.1""],[0.22,""42.5""],[0.23,""61.89""],[0.24,""41.39""],[0.25,""81""],[0.26,""40.6""],[0.27,""60.2""],[0.28,""49.9""],[0.29,""69.6""],[0.3,""65.96""],[0.31,""64""],[0.32,""43.8""],[0.33,""63.6""],[0.34,""43.4""],[0.35,""106.06""],[0.36,""43""],[0.37,""62.9""],[0.38,""72.7""],[0.39,""62.6""],[0.4,""70.5""],[0.41,""67.4""],[0.42,""47.32""],[0.43,""51.76""],[0.44,""37.2""],[0.45,""62.1""],[0.46,""32.22""],[0.47,""62""],[0.48,""37""],[0.49,""52""],[0.5,""37""],[0.51,""76.61""],[0.52,""37""],[0.53,""57""],[0.54,""83.1""],[0.55,""62.1""],[0.56,""37.2""],[0.57,""72.2""],[0.58,""38.31""],[0.59,""87.4""],[0.6,""42.5""],[0.61,""72.6""],[0.62,""38.53""],[0.63,""72.9""],[0.64,""38""],[0.65,""88.58""],[0.66,""38.4""],[0.67,""73.6""],[0.68,""49.8""],[0.69,""64""],[0.7,""36.5""],[0.71,""69.6""],[0.72,""70""],[0.73,""275""],[0.74,""435""],[0.75,""90""],[0.76,""340.83""],[0.77,""53.8""],[0.78,""25""]]","[[0.01,""10073""],[0.02,""2540.73""],[0.03,""1244.77""],[0.04,""252.06""],[0.05,""763.21""],[0.06,""191.18""],[0.07,""141.39""],[0.08,""355.3""],[0.09,""787.72""],[0.1,""93.3""],[0.11,""94.7""],[0.12,""196.74""],[0.13,""192.99""],[0.14,""67.05""],[0.15,""77.17""],[0.16,""129.55""],[0.17,""94.89""],[0.18,""76.36""],[0.19,""64.07""],[0.2,""93.81""],[0.21,""126.84""]]"
2026-05-17T02:20:44.037Z,btc-updown-15m-1778984100,"Bitcoin Up or Down - May 16, 10:15PM-10:30PM ET",btc-updown-15m-1778984100,2026-05-17T02:30:00Z,,0.78,0.79,0.21,0.22,0.785,0.53,467.19222,,0.45,247.3,"[[0.01,""10379.28""],[0.02,""2532.57""],[0.03,""1206.77""],[0.04,""216.9""],[0.05,""223.2""],[0.06,""107.54""],[0.07,""115.39""],[0.08,""90.29""],[0.09,""87.72""],[0.1,""73.57""],[0.11,""89.7""],[0.12,""56.74""],[0.13,""74.2""],[0.14,""52.05""],[0.15,""70.17""],[0.16,""58.55""],[0.17,""67.19""],[0.18,""45.86""],[0.19,""64.77""],[0.2,""88.8""],[0.21,""63.1""],[0.22,""42.5""],[0.23,""61.89""],[0.24,""41.39""],[0.25,""81""],[0.26,""40.6""],[0.27,""60.2""],[0.28,""49.9""],[0.29,""69.6""],[0.3,""65.96""],[0.31,""64""],[0.32,""43.8""],[0.33,""63.6""],[0.34,""43.4""],[0.35,""106.06""],[0.36,""43""],[0.37,""62.9""],[0.38,""72.7""],[0.39,""62.6""],[0.4,""70.5""],[0.41,""67.4""],[0.42,""47.32""],[0.43,""51.76""],[0.44,""37.2""],[0.45,""562.1""],[0.46,""32.22""],[0.47,""62""],[0.48,""37""],[0.49,""52""],[0.5,""37""],[0.51,""76.61""],[0.52,""37""],[0.53,""57""],[0.54,""83.1""],[0.55,""62.1""],[0.56,""37.2""],[0.57,""72.2""],[0.58,""38.31""],[0.59,""87.4""],[0.6,""42.5""],[0.61,""72.6""],[0.62,""38.53""],[0.63,""72.9""],[0.64,""38""],[0.65,""88.58""],[0.66,""38.4""],[0.67,""73.6""],[0.68,""49.8""],[0.69,""79""],[0.7,""36.5""],[0.71,""129.6""],[0.72,""30""],[0.73,""415""],[0.74,""470""],[0.75,""201""],[0.76,""386.27""],[0.77,""67.8""],[0.78,""0.45""]]","[[0.01,""10068""],[0.02,""2540.73""],[0.03,""1244.77""],[0.04,""252.06""],[0.05,""763.21""],[0.06,""191.18""],[0.07,""141.39""],[0.08,""335.3""],[0.09,""807.72""],[0.1,""133.3""],[0.11,""94.7""],[0.12,""196.74""],[0.13,""200.99""],[0.14,""67.05""],[0.15,""77.17""],[0.16,""129.55""],[0.17,""116.19""],[0.18,""116.36""],[0.19,""74.96""],[0.2,""87.81""],[0.21,""247.3""]]"
2026-05-17T02:20:46.956Z,btc-updown-15m-1778984100,"Bitcoin Up or Down - May 16, 10:15PM-10:30PM ET",btc-updown-15m-1778984100,2026-05-17T02:30:00Z,,0.78,0.79,0.21,0.22,0.785,0.53,467.19222,,55.0,219.12,"[[0.01,""10379.28""],[0.02,""2532.57""],[0.03,""1206.77""],[0.04,""216.9""],[0.05,""223.2""],[0.06,""107.54""],[0.07,""115.39""],[0.08,""90.29""],[0.09,""87.72""],[0.1,""73.57""],[0.11,""89.7""],[0.12,""56.74""],[0.13,""74.2""],[0.14,""52.05""],[0.15,""70.17""],[0.16,""58.55""],[0.17,""67.19""],[0.18,""45.86""],[0.19,""64.77""],[0.2,""88.8""],[0.21,""63.1""],[0.22,""42.5""],[0.23,""61.89""],[0.24,""41.39""],[0.25,""81""],[0.26,""40.6""],[0.27,""60.2""],[0.28,""49.9""],[0.29,""69.6""],[0.3,""65.96""],[0.31,""64""],[0.32,""43.8""],[0.33,""63.6""],[0.34,""43.4""],[0.35,""106.06""],[0.36,""43""],[0.37,""62.9""],[0.38,""72.7""],[0.39,""62.6""],[0.4,""70.5""],[0.41,""67.4""],[0.42,""47.32""],[0.43,""51.76""],[0.44,""37.2""],[0.45,""62.1""],[0.46,""32.22""],[0.47,""62""],[0.48,""37""],[0.49,""52""],[0.5,""37""],[0.51,""76.61""],[0.52,""37""],[0.53,""57""],[0.54,""83.1""],[0.55,""62.1""],[0.56,""37.2""],[0.57,""72.2""],[0.58,""38.31""],[0.59,""87.4""],[0.6,""42.5""],[0.61,""72.6""],[0.62,""38.53""],[0.63,""72.9""],[0.64,""38""],[0.65,""88.58""],[0.66,""38.4""],[0.67,""73.6""],[0.68,""49.8""],[0.69,""74""],[0.7,""31.5""],[0.71,""104.6""],[0.72,""44.9""],[0.73,""270""],[0.74,""565""],[0.75,""140""],[0.76,""401.83""],[0.77,""50""],[0.78,""55""]]","[[0.01,""10073""],[0.02,""2540.73""],[0.03,""1244.77""],[0.04,""252.06""],[0.05,""763.21""],[0.06,""191.18""],[0.07,""141.39""],[0.08,""335.3""],[0.09,""787.72""],[0.1,""133.3""],[0.11,""94.7""],[0.12,""205.74""],[0.13,""183.8""],[0.14,""72.05""],[0.15,""70.17""],[0.16,""122.55""],[0.17,""210.19""],[0.18,""110.36""],[0.19,""58.07""],[0.2,""93.81""],[0.21,""219.12""]]"
2026-05-17T02:20:49.980Z,btc-updown-15m-1778984100,"Bitcoin Up or Down - May 16, 10:15PM-10:30PM ET",btc-updown-15m-1778984100,2026-05-17T02:30:00Z,,0.76,0.77,0.23,0.24,0.765,0.53,467.19222,,15.9,179.72,"[[0.01,""10379.28""],[0.02,""2582.57""],[0.03,""1206.77""],[0.04,""216.9""],[0.05,""223.2""],[0.06,""107.54""],[0.07,""115.39""],[0.08,""90.29""],[0.09,""87.72""],[0.1,""73.57""],[0.11,""89.7""],[0.12,""56.74""],[0.13,""74.2""],[0.14,""52.05""],[0.15,""70.17""],[0.16,""58.55""],[0.17,""67.19""],[0.18,""45.86""],[0.19,""64.77""],[0.2,""88.8""],[0.21,""63.1""],[0.22,""42.5""],[0.23,""61.89""],[0.24,""41.39""],[0.25,""81""],[0.26,""45.6""],[0.27,""60.2""],[0.28,""44.9""],[0.29,""69.6""],[0.3,""65.96""],[0.31,""64""],[0.32,""43.8""],[0.33,""63.6""],[0.34,""43.4""],[0.35,""106.06""],[0.36,""43""],[0.37,""562.9""],[0.38,""572.7""],[0.39,""562.6""],[0.4,""70.5""],[0.41,""67.4""],[0.42,""47.32""],[0.43,""51.76""],[0.44,""37.2""],[0.45,""62.1""],[0.46,""32.22""],[0.47,""62""],[0.48,""37""],[0.49,""52""],[0.5,""37""],[0.51,""76.61""],[0.52,""37""],[0.53,""57""],[0.54,""83.1""],[0.55,""77.1""],[0.56,""37.2""],[0.57,""72.2""],[0.58,""38.31""],[0.59,""92.4""],[0.6,""42.5""],[0.61,""72.6""],[0.62,""33.53""],[0.63,""72.9""],[0.64,""38""],[0.65,""94.58""],[0.66,""38.4""],[0.67,""73.6""],[0.68,""48.8""],[0.69,""214""],[0.7,""42.2""],[0.71,""85""],[0.72,""710""],[0.73,""238.51""],[0.74,""106""],[0.76,""15.9""]]","[[0.01,""10078""],[0.02,""2525.73""],[0.03,""1239.77""],[0.04,""252.06""],[0.05,""743.21""],[0.06,""166.18""],[0.07,""155.39""],[0.08,""141.3""],[0.09,""122.72""],[0.1,""503.31""],[0.11,""89.7""],[0.12,""236.74""],[0.13,""174.2""],[0.14,""72.05""],[0.15,""70.17""],[0.16,""91.45""],[0.17,""125.19""],[0.18,""215.66""],[0.19,""242.57""],[0.2,""82.81""],[0.21,""94.01""],[0.22,""101.39""],[0.23,""179.72""]]"
2026-05-17T02:20:51.082Z,btc-updown-15m-1778984100,"Bitcoin Up or Down - May 16, 10:15PM-10:30PM ET",btc-updown-15m-1778984100,2026-05-17T02:30:00Z,,0.76,0.77,0.23,0.24,0.765,0.53,467.19222,,30.0,944.54,"[[0.01,""10379.28""],[0.02,""2582.57""],[0.03,""1206.77""],[0.04,""216.9""],[0.05,""223.2""],[0.06,""107.54""],[0.07,""115.39""],[0.08,""90.29""],[0.09,""87.72""],[0.1,""73.57""],[0.11,""89.7""],[0.12,""56.74""],[0.13,""74.2""],[0.14,""52.05""],[0.15,""70.17""],[0.16,""58.55""],[0.17,""67.19""],[0.18,""45.86""],[0.19,""64.77""],[0.2,""88.8""],[0.21,""63.1""],[0.22,""42.5""],[0.23,""61.89""],[0.24,""41.39""],[0.25,""81""],[0.26,""45.6""],[0.27,""60.2""],[0.28,""44.9""],[0.29,""69.6""],[0.3,""65.96""],[0.31,""64""],[0.32,""43.8""],[0.33,""63.6""],[0.34,""43.4""],[0.35,""606.06""],[0.36,""543""],[0.37,""562.9""],[0.38,""572.7""],[0.39,""62.6""],[0.4,""70.5""],[0.41,""67.4""],[0.42,""47.32""],[0.43,""51.76""],[0.44,""37.2""],[0.45,""62.1""],[0.46,""32.22""],[0.47,""62""],[0.48,""37""],[0.49,""52""],[0.5,""37""],[0.51,""76.61""],[0.52,""37""],[0.53,""57""],[0.54,""83.1""],[0.55,""77.1""],[0.56,""37.2""],[0.57,""72.2""],[0.58,""38.31""],[0.59,""87.4""],[0.6,""42.5""],[0.61,""72.6""],[0.62,""33.53""],[0.63,""72.9""],[0.64,""38""],[0.65,""88.58""],[0.66,""38.4""],[0.67,""73.6""],[0.68,""48.8""],[0.69,""214""],[0.7,""42.2""],[0.71,""85""],[0.72,""685""],[0.73,""518.51""],[0.74,""106""],[0.75,""43.31""],[0.76,""30""]]","[[0.01,""10078""],[0.02,""2525.73""],[0.03,""1239.77""],[0.04,""252.06""],[0.05,""743.21""],[0.06,""166.18""],[0.07,""155.39""],[0.08,""135.3""],[0.09,""122.72""],[0.1,""833.31""],[0.11,""89.7""],[0.12,""196.74""],[0.13,""174.2""],[0.14,""72.05""],[0.15,""70.17""],[0.16,""91.45""],[0.17,""125.19""],[0.18,""215.66""],[0.19,""242.57""],[0.2,""93.14""],[0.21,""94.01""],[0.22,""92""],[0.23,""944.54""]]"
2026-05-17T02:20:53.047Z,btc-updown-15m-1778984100,"Bitcoin Up or Down - May 16, 10:15PM-10:30PM ET",btc-updown-15m-1778984100,2026-05-17T02:30:00Z,,0.76,0.77,0.23,0.24,0.765,0.53,467.19222,,25.0,954.54,"[[0.01,""10389.28""],[0.02,""2532.57""],[0.03,""1206.77""],[0.04,""216.9""],[0.05,""223.2""],[0.06,""107.54""],[0.07,""115.39""],[0.08,""90.29""],[0.09,""87.72""],[0.1,""73.57""],[0.11,""89.7""],[0.12,""56.74""],[0.13,""74.2""],[0.14,""52.05""],[0.15,""70.17""],[0.16,""58.55""],[0.17,""67.19""],[0.18,""45.86""],[0.19,""64.77""],[0.2,""88.8""],[0.21,""63.1""],[0.22,""42.5""],[0.23,""61.89""],[0.24,""41.39""],[0.25,""81""],[0.26,""45.6""],[0.27,""60.2""],[0.28,""44.9""],[0.29,""69.6""],[0.3,""65.96""],[0.31,""64""],[0.32,""43.8""],[0.33,""63.6""],[0.34,""43.4""],[0.35,""606.06""],[0.36,""543""],[0.37,""562.9""],[0.38,""572.7""],[0.39,""62.6""],[0.4,""70.5""],[0.41,""67.4""],[0.42,""47.32""],[0.43,""51.76""],[0.44,""37.2""],[0.45,""62.1""],[0.46,""32.22""],[0.47,""62""],[0.48,""37""],[0.49,""52""],[0.5,""37""],[0.51,""76.61""],[0.52,""37""],[0.53,""57""],[0.54,""83.1""],[0.55,""77.1""],[0.56,""37.2""],[0.57,""72.2""],[0.58,""38.31""],[0.59,""92.4""],[0.6,""42.5""],[0.61,""72.6""],[0.62,""33.53""],[0.63,""72.9""],[0.64,""38""],[0.65,""88.58""],[0.66,""44.4""],[0.67,""73.6""],[0.68,""56.8""],[0.69,""224""],[0.7,""52.2""],[0.71,""95""],[0.72,""285""],[0.73,""213.51""],[0.74,""70""],[0.75,""37.8""],[0.76,""25""]]","[[0.01,""10078""],[0.02,""2525.73""],[0.03,""1239.77""],[0.04,""252.06""],[0.05,""743.21""],[0.06,""166.18""],[0.07,""161.39""],[0.08,""135.3""],[0.09,""122.72""],[0.1,""113.31""],[0.11,""89.7""],[0.12,""196.74""],[0.13,""174.2""],[0.14,""72.05""],[0.15,""70.17""],[0.16,""91.45""],[0.17,""85.19""],[0.18,""230.66""],[0.19,""202.57""],[0.2,""82.81""],[0.21,""79.01""],[0.22,""90""],[0.23,""954.54""]]"
2026-05-17T02:20:55.915Z,btc-updown-15m-1778984100,"Bitcoin Up or Down - May 16, 10:15PM-10:30PM ET",btc-updown-15m-1778984100,2026-05-17T02:30:00Z,,0.73,0.74,0.26,0.27,0.735,0.53,467.19222,,161.31,78.33,"[[0.01,""10374.28""],[0.02,""2582.57""],[0.03,""1206.77""],[0.04,""216.9""],[0.05,""223.2""],[0.06,""107.54""],[0.07,""115.39""],[0.08,""90.29""],[0.09,""87.72""],[0.1,""73.57""],[0.11,""89.7""],[0.12,""56.74""],[0.13,""74.2""],[0.14,""52.05""],[0.15,""70.17""],[0.16,""58.55""],[0.17,""67.19""],[0.18,""45.86""],[0.19,""64.77""],[0.2,""88.8""],[0.21,""63.1""],[0.22,""42.5""],[0.23,""66.89""],[0.24,""41.39""],[0.25,""81""],[0.26,""40.6""],[0.27,""60.2""],[0.28,""49.9""],[0.29,""69.6""],[0.3,""65.96""],[0.31,""64""],[0.32,""43.8""],[0.33,""63.6""],[0.34,""43.4""],[0.35,""606.06""],[0.36,""543""],[0.37,""62.9""],[0.38,""72.7""],[0.39,""57.6""],[0.4,""70.5""],[0.41,""67.4""],[0.42,""47.32""],[0.43,""51.76""],[0.44,""37.2""],[0.45,""62.1""],[0.46,""32.22""],[0.47,""62""],[0.48,""37""],[0.49,""52""],[0.5,""37""],[0.51,""76.61""],[0.52,""37""],[0.53,""72""],[0.54,""83.1""],[0.55,""77.1""],[0.56,""37.2""],[0.57,""72.2""],[0.58,""43.31""],[0.59,""98.4""],[0.6,""42.5""],[0.61,""72.6""],[0.62,""33.53""],[0.63,""72.9""],[0.64,""38""],[0.65,""93.58""],[0.66,""25""],[0.67,""460""],[0.68,""470""],[0.69,""45""],[0.7,""117.2""],[0.71,""130""],[0.72,""176""],[0.73,""161.31""]]","[[0.01,""10568""],[0.02,""2525.73""],[0.03,""1239.77""],[0.04,""252.06""],[0.05,""743.21""],[0.06,""166.18""],[0.07,""125.39""],[0.08,""125.3""],[0.09,""113.72""],[0.1,""133.31""],[0.11,""124.7""],[0.12,""931.74""],[0.13,""219.2""],[0.14,""107.05""],[0.15,""70.17""],[0.16,""72.45""],[0.17,""72.19""],[0.18,""77.86""],[0.19,""229.77""],[0.2,""99.81""],[0.21,""112.11""],[0.22,""82.5""],[0.23,""797.8""],[0.24,""187.13""],[0.25,""37.8""],[0.26,""78.33""]]"
2026-05-17T02:20:59.378Z,btc-updown-15m-1778984100,"Bitcoin Up or Down - May 16, 10:15PM-10:30PM ET",btc-updown-15m-1778984100,2026-05-17T02:30:00Z,,0.73,0.74,0.26,0.27,0.735,0.53,467.19222,,141.36,96.03,"[[0.01,""10369.28""],[0.02,""2532.57""],[0.03,""1206.77""],[0.04,""216.9""],[0.05,""203.2""],[0.06,""107.54""],[0.07,""115.39""],[0.08,""90.29""],[0.09,""87.72""],[0.1,""73.57""],[0.11,""89.7""],[0.12,""56.74""],[0.13,""74.2""],[0.14,""52.05""],[0.15,""70.17""],[0.16,""58.55""],[0.17,""67.19""],[0.18,""45.86""],[0.19,""64.77""],[0.2,""88.8""],[0.21,""63.1""],[0.22,""42.5""],[0.23,""66.89""],[0.24,""41.39""],[0.25,""81""],[0.26,""40.6""],[0.27,""60.2""],[0.28,""49.9""],[0.29,""69.6""],[0.3,""65.96""],[0.31,""64""],[0.32,""43.8""],[0.33,""63.6""],[0.34,""543.4""],[0.35,""606.06""],[0.36,""543""],[0.37,""62.9""],[0.38,""72.7""],[0.39,""57.6""],[0.4,""70.5""],[0.41,""67.4""],[0.42,""47.32""],[0.43,""51.76""],[0.44,""37.2""],[0.45,""62.1""],[0.46,""32.22""],[0.47,""62""],[0.48,""37""],[0.49,""52""],[0.5,""37""],[0.51,""76.61""],[0.52,""37""],[0.53,""72""],[0.54,""83.1""],[0.55,""77.1""],[0.56,""37.2""],[0.57,""72.2""],[0.58,""43.31""],[0.59,""98.4""],[0.6,""42.5""],[0.61,""72.6""],[0.62,""28.53""],[0.63,""72.9""],[0.64,""38""],[0.65,""98.58""],[0.66,""248.4""],[0.67,""483.6""],[0.68,""480""],[0.69,""45""],[0.7,""182.2""],[0.71,""240""],[0.72,""221""],[0.73,""141.36""]]","[[0.01,""10578""],[0.02,""2525.73""],[0.03,""1239.77""],[0.04,""237.06""],[0.05,""743.21""],[0.06,""166.18""],[0.07,""125.39""],[0.08,""125.3""],[0.09,""113.72""],[0.1,""133.31""],[0.11,""324.7""],[0.12,""931.74""],[0.13,""179.2""],[0.14,""107.05""],[0.15,""70.17""],[0.16,""80.85""],[0.17,""72.19""],[0.18,""117.86""],[0.19,""194.77""],[0.2,""239.81""],[0.21,""54.01""],[0.22,""65""],[0.23,""42.8""],[0.24,""178.8""],[0.25,""37.8""],[0.26,""96.03""]]"
2026-05-17T02:21:02.619Z,btc-updown-15m-1778984100,"Bitcoin Up or Down - May 16, 10:15PM-10:30PM ET",btc-updown-15m-1778984100,2026-05-17T02:30:00Z,,0.73,0.74,0.26,0.27,0.735,0.53,467.19222,,72.65,104.06,"[[0.01,""9874.28""],[0.02,""2532.57""],[0.03,""1206.77""],[0.04,""216.9""],[0.05,""183.2""],[0.06,""107.54""],[0.07,""115.39""],[0.08,""90.29""],[0.09,""87.72""],[0.1,""73.57""],[0.11,""89.7""],[0.12,""56.74""],[0.13,""74.2""],[0.14,""52.05""],[0.15,""70.17""],[0.16,""58.55""],[0.17,""67.19""],[0.18,""45.86""],[0.19,""64.77""],[0.2,""88.8""],[0.21,""63.1""],[0.22,""42.5""],[0.23,""66.89""],[0.24,""41.39""],[0.25,""81""],[0.26,""40.6""],[0.27,""60.2""],[0.28,""49.9""],[0.29,""69.6""],[0.3,""65.96""],[0.31,""64""],[0.32,""543.8""],[0.33,""563.6""],[0.34,""543.4""],[0.35,""106.06""],[0.36,""43""],[0.37,""62.9""],[0.38,""72.7""],[0.39,""57.6""],[0.4,""70.5""],[0.41,""67.4""],[0.42,""47.32""],[0.43,""51.76""],[0.44,""37.2""],[0.45,""62.1""],[0.46,""32.22""],[0.47,""62""],[0.48,""37""],[0.49,""52""],[0.5,""37""],[0.51,""76.61""],[0.52,""37""],[0.53,""72""],[0.54,""37.1""],[0.55,""122.5""],[0.56,""37.2""],[0.57,""72.2""],[0.58,""43.31""],[0.59,""98.4""],[0.6,""42.5""],[0.61,""72.6""],[0.62,""28.53""],[0.63,""72.9""],[0.64,""38""],[0.65,""98.58""],[0.66,""248.4""],[0.67,""473.6""],[0.68,""488.8""],[0.69,""45""],[0.7,""222.2""],[0.71,""205""],[0.72,""276""],[0.73,""72.65""]]","[[0.01,""10073""],[0.02,""3025.73""],[0.03,""1239.77""],[0.04,""862.06""],[0.05,""203.21""],[0.06,""166.18""],[0.07,""125.39""],[0.08,""125.3""],[0.09,""113.72""],[0.1,""133.31""],[0.11,""324.7""],[0.12,""931.74""],[0.13,""179.2""],[0.14,""107.05""],[0.15,""70.17""],[0.16,""80.85""],[0.17,""72.19""],[0.18,""77.86""],[0.19,""229.77""],[0.2,""199.81""],[0.21,""94.01""],[0.22,""65""],[0.23,""62.8""],[0.24,""175.8""],[0.25,""37.8""],[0.26,""104.06""]]"
2026-05-17T02:21:06.031Z,btc-updown-15m-1778984100,"Bitcoin Up or Down - May 16, 10:15PM-10:30PM ET",btc-updown-15m-1778984100,2026-05-17T02:30:00Z,,0.73,0.74,0.26,0.27,0.735,0.53,467.19222,,139.13,84.68,"[[0.01,""9874.28""],[0.02,""2532.57""],[0.03,""1206.77""],[0.04,""216.9""],[0.05,""183.2""],[0.06,""107.54""],[0.07,""115.39""],[0.08,""90.29""],[0.09,""87.72""],[0.1,""73.57""],[0.11,""89.7""],[0.12,""56.74""],[0.13,""74.2""],[0.14,""52.05""],[0.15,""70.17""],[0.16,""58.55""],[0.17,""67.19""],[0.18,""45.86""],[0.19,""64.77""],[0.2,""88.8""],[0.21,""63.1""],[0.22,""42.5""],[0.23,""66.89""],[0.24,""41.39""],[0.25,""81""],[0.26,""40.6""],[0.27,""60.2""],[0.28,""49.9""],[0.29,""69.6""],[0.3,""65.96""],[0.31,""64""],[0.32,""543.8""],[0.33,""563.6""],[0.34,""543.4""],[0.35,""606.06""],[0.36,""543""],[0.37,""562.9""],[0.38,""72.7""],[0.39,""57.6""],[0.4,""70.5""],[0.41,""67.4""],[0.42,""47.32""],[0.43,""51.76""],[0.44,""37.2""],[0.45,""62.1""],[0.46,""32.22""],[0.47,""62""],[0.48,""37""],[0.49,""52""],[0.5,""37""],[0.51,""76.61""],[0.52,""37""],[0.53,""72""],[0.54,""37.1""],[0.55,""122.5""],[0.56,""37.2""],[0.57,""72.2""],[0.58,""43.31""],[0.59,""92.4""],[0.6,""42.5""],[0.61,""72.6""],[0.62,""28.53""],[0.63,""72.9""],[0.64,""38""],[0.65,""93.58""],[0.66,""248.4""],[0.67,""483.6""],[0.68,""493.8""],[0.69,""45""],[0.7,""88.2""],[0.71,""345""],[0.72,""221""],[0.73,""139.13""]]","[[0.01,""10078""],[0.02,""3525.73""],[0.03,""1239.77""],[0.04,""862.06""],[0.05,""203.21""],[0.06,""166.18""],[0.07,""125.39""],[0.08,""125.3""],[0.09,""118.84""],[0.1,""128.3""],[0.11,""324.7""],[0.12,""931.74""],[0.13,""174.2""],[0.14,""107.05""],[0.15,""70.17""],[0.16,""80.85""],[0.17,""72.19""],[0.18,""77.86""],[0.19,""234.77""],[0.2,""199.81""],[0.21,""94.01""],[0.22,""65""],[0.23,""62.8""],[0.24,""164.8""],[0.25,""21.06""],[0.26,""84.68""]]"
2026-05-17T02:21:09.409Z,btc-updown-15m-1778984100,"Bitcoin Up or Down - May 16, 10:15PM-10:30PM ET",btc-updown-15m-1778984100,2026-05-17T02:30:00Z,,0.73,0.74,0.26,0.27,0.735,0.53,467.19222,,140.13,82.62,"[[0.01,""9879.28""],[0.02,""2532.57""],[0.03,""1206.77""],[0.04,""216.9""],[0.05,""183.2""],[0.06,""107.54""],[0.07,""115.39""],[0.08,""90.29""],[0.09,""87.72""],[0.1,""73.57""],[0.11,""89.7""],[0.12,""56.74""],[0.13,""74.2""],[0.14,""52.05""],[0.15,""70.17""],[0.16,""58.55""],[0.17,""67.19""],[0.18,""45.86""],[0.19,""64.77""],[0.2,""88.8""],[0.21,""63.1""],[0.22,""42.5""],[0.23,""66.89""],[0.24,""41.39""],[0.25,""81""],[0.26,""40.6""],[0.27,""60.2""],[0.28,""49.9""],[0.29,""69.6""],[0.3,""65.96""],[0.31,""64""],[0.32,""43.8""],[0.33,""563.6""],[0.34,""543.4""],[0.35,""606.06""],[0.36,""43""],[0.37,""62.9""],[0.38,""72.7""],[0.39,""57.6""],[0.4,""70.5""],[0.41,""67.4""],[0.42,""47.32""],[0.43,""51.76""],[0.44,""37.2""],[0.45,""62.1""],[0.46,""32.22""],[0.47,""62""],[0.48,""37""],[0.49,""52""],[0.5,""37""],[0.51,""76.61""],[0.52,""37""],[0.53,""72""],[0.54,""37.1""],[0.55,""122.5""],[0.56,""37.2""],[0.57,""72.2""],[0.58,""43.31""],[0.59,""92.4""],[0.6,""48.5""],[0.61,""72.6""],[0.62,""28.53""],[0.63,""72.9""],[0.64,""38""],[0.65,""93.58""],[0.66,""248.4""],[0.67,""83.6""],[0.68,""593.8""],[0.69,""345""],[0.7,""88.2""],[0.71,""345""],[0.72,""235.69""],[0.73,""140.13""]]","[[0.01,""10078""],[0.02,""3525.73""],[0.03,""1239.77""],[0.04,""862.06""],[0.05,""203.21""],[0.06,""166.18""],[0.07,""125.39""],[0.08,""125.3""],[0.09,""113.72""],[0.1,""333.31""],[0.11,""524.7""],[0.12,""531.74""],[0.13,""354.2""],[0.14,""107.05""],[0.15,""70.17""],[0.16,""80.85""],[0.17,""72.19""],[0.18,""77.86""],[0.19,""189.77""],[0.2,""239.81""],[0.21,""54.01""],[0.22,""65""],[0.23,""79.8""],[0.24,""97.8""],[0.25,""12.8""],[0.26,""82.62""]]"
2026-05-17T02:21:10.771Z,btc-updown-15m-1778984100,"Bitcoin Up or Down - May 16, 10:15PM-10:30PM ET",btc-updown-15m-1778984100,2026-05-17T02:30:00Z,,0.73,0.74,0.26,0.27,0.735,0.53,467.19222,,145.62,18.0,"[[0.01,""9874.28""],[0.02,""2532.57""],[0.03,""1206.77""],[0.04,""216.9""],[0.05,""183.2""],[0.06,""107.54""],[0.07,""115.39""],[0.08,""90.29""],[0.09,""87.72""],[0.1,""73.57""],[0.11,""89.7""],[0.12,""56.74""],[0.13,""74.2""],[0.14,""52.05""],[0.15,""70.17""],[0.16,""58.55""],[0.17,""67.19""],[0.18,""45.86""],[0.19,""64.77""],[0.2,""88.8""],[0.21,""63.1""],[0.22,""42.5""],[0.23,""66.89""],[0.24,""41.39""],[0.25,""81""],[0.26,""40.6""],[0.27,""60.2""],[0.28,""49.9""],[0.29,""69.6""],[0.3,""65.96""],[0.31,""64""],[0.32,""43.8""],[0.33,""563.6""],[0.34,""543.4""],[0.35,""606.06""],[0.36,""543""],[0.37,""562.9""],[0.38,""72.7""],[0.39,""557.6""],[0.4,""70.5""],[0.41,""67.4""],[0.42,""47.32""],[0.43,""51.76""],[0.44,""37.2""],[0.45,""62.1""],[0.46,""32.22""],[0.47,""62""],[0.48,""37""],[0.49,""52""],[0.5,""37""],[0.51,""76.61""],[0.52,""37""],[0.53,""72""],[0.54,""37.1""],[0.55,""122.5""],[0.56,""37.2""],[0.57,""72.2""],[0.58,""43.31""],[0.59,""92.4""],[0.6,""48.5""],[0.61,""72.6""],[0.62,""28.53""],[0.63,""72.9""],[0.64,""38""],[0.65,""93.58""],[0.66,""253.4""],[0.67,""88.6""],[0.68,""553.8""],[0.69,""345""],[0.7,""93.2""],[0.71,""370""],[0.72,""220.69""],[0.73,""145.62""]]","[[0.01,""10138""],[0.02,""3505.73""],[0.03,""1219.77""],[0.04,""842.06""],[0.05,""203.21""],[0.06,""161.18""],[0.07,""125.39""],[0.08,""125.3""],[0.09,""123.72""],[0.1,""333.31""],[0.11,""504.7""],[0.12,""511.74""],[0.13,""174.2""],[0.14,""67.05""],[0.15,""70.17""],[0.16,""72.45""],[0.17,""81.09""],[0.18,""123.86""],[0.19,""189.77""],[0.2,""221.01""],[0.21,""54.01""],[0.22,""65""],[0.23,""59.8""],[0.24,""80.8""],[0.25,""8.26""],[0.26,""18""]]"
2026-05-17T02:21:12.944Z,btc-updown-15m-1778984100,"Bitcoin Up or Down - May 16, 10:15PM-10:30PM ET",btc-updown-15m-1778984100,2026-05-17T02:30:00Z,,0.72,0.73,0.27,0.28,0.725,0.53,467.19222,,75.53,5.0,"[[0.01,""9874.28""],[0.02,""2532.57""],[0.03,""1206.77""],[0.04,""216.9""],[0.05,""183.2""],[0.06,""107.54""],[0.07,""115.39""],[0.08,""90.29""],[0.09,""87.72""],[0.1,""73.57""],[0.11,""89.7""],[0.12,""56.74""],[0.13,""74.2""],[0.14,""52.05""],[0.15,""70.17""],[0.16,""58.55""],[0.17,""67.19""],[0.18,""45.86""],[0.19,""64.77""],[0.2,""88.8""],[0.21,""68.1""],[0.22,""42.5""],[0.23,""61.89""],[0.24,""41.39""],[0.25,""81""],[0.26,""40.6""],[0.27,""60.2""],[0.28,""49.9""],[0.29,""69.6""],[0.3,""65.96""],[0.31,""64""],[0.32,""43.8""],[0.33,""63.6""],[0.34,""43.4""],[0.35,""606.06""],[0.36,""543""],[0.37,""562.9""],[0.38,""572.7""],[0.39,""557.6""],[0.4,""70.5""],[0.41,""72.4""],[0.42,""47.32""],[0.43,""51.76""],[0.44,""37.2""],[0.45,""62.1""],[0.46,""32.22""],[0.47,""57""],[0.48,""37""],[0.49,""57""],[0.5,""37""],[0.51,""91.61""],[0.52,""37""],[0.53,""72""],[0.54,""37.1""],[0.55,""117.5""],[0.56,""37.2""],[0.57,""72.2""],[0.58,""43.31""],[0.59,""92.4""],[0.6,""48.5""],[0.61,""72.6""],[0.62,""28.53""],[0.63,""72.9""],[0.64,""38""],[0.65,""93.58""],[0.66,""248.4""],[0.67,""68.6""],[0.68,""553.8""],[0.69,""385""],[0.7,""208.2""],[0.71,""544.76""],[0.72,""75.53""]]","[[0.01,""10073""],[0.02,""2525.73""],[0.03,""1259.77""],[0.04,""862.06""],[0.05,""203.21""],[0.06,""166.18""],[0.07,""125.39""],[0.08,""125.3""],[0.09,""134.84""],[0.1,""323.3""],[0.11,""504.7""],[0.12,""451.74""],[0.13,""74.2""],[0.14,""67.05""],[0.15,""70.17""],[0.16,""63.55""],[0.17,""276.09""],[0.18,""75.96""],[0.19,""64.77""],[0.2,""226.01""],[0.21,""166.21""],[0.22,""100""],[0.23,""129.8""],[0.24,""80.8""],[0.25,""5""],[0.26,""33""],[0.27,""5""]]"
2026-05-17T02:21:16.508Z,btc-updown-15m-1778984100,"Bitcoin Up or Down - May 16, 10:15PM-10:30PM ET",btc-updown-15m-1778984100,2026-05-17T02:30:00Z,,0.73,0.74,0.26,0.27,0.735,0.53,467.19222,,242.69,9.9,"[[0.01,""9874.28""],[0.02,""2532.57""],[0.03,""1206.77""],[0.04,""216.9""],[0.05,""183.2""],[0.06,""107.54""],[0.07,""115.39""],[0.08,""90.29""],[0.09,""87.72""],[0.1,""73.57""],[0.11,""89.7""],[0.12,""56.74""],[0.13,""74.2""],[0.14,""52.05""],[0.15,""70.17""],[0.16,""58.55""],[0.17,""67.19""],[0.18,""45.86""],[0.19,""64.77""],[0.2,""88.8""],[0.21,""63.1""],[0.22,""42.5""],[0.23,""66.89""],[0.24,""41.39""],[0.25,""81""],[0.26,""40.6""],[0.27,""60.2""],[0.28,""49.9""],[0.29,""69.6""],[0.3,""65.96""],[0.31,""64""],[0.32,""43.8""],[0.33,""63.6""],[0.34,""43.4""],[0.35,""606.06""],[0.36,""543""],[0.37,""562.9""],[0.38,""572.7""],[0.39,""557.6""],[0.4,""570.5""],[0.41,""572.4""],[0.42,""47.32""],[0.43,""51.76""],[0.44,""37.2""],[0.45,""62.1""],[0.46,""32.22""],[0.47,""57""],[0.48,""37""],[0.49,""57""],[0.5,""37""],[0.51,""91.61""],[0.52,""37""],[0.53,""72""],[0.54,""37.1""],[0.55,""117.5""],[0.56,""37.2""],[0.57,""72.2""],[0.58,""43.31""],[0.59,""92.4""],[0.6,""48.5""],[0.61,""72.6""],[0.62,""28.53""],[0.63,""72.9""],[0.64,""38""],[0.65,""93.58""],[0.66,""248.4""],[0.67,""83.6""],[0.68,""553.8""],[0.69,""345""],[0.7,""223.2""],[0.71,""423.8""],[0.72,""152.8""],[0.73,""242.69""]]","[[0.01,""9568""],[0.02,""2525.73""],[0.03,""1239.77""],[0.04,""862.06""],[0.05,""203.21""],[0.06,""161.18""],[0.07,""125.39""],[0.08,""125.3""],[0.09,""124.84""],[0.1,""298.3""],[0.11,""504.7""],[0.12,""451.74""],[0.13,""74.2""],[0.14,""67.05""],[0.15,""70.17""],[0.16,""63.55""],[0.17,""76.09""],[0.18,""75.96""],[0.19,""64.77""],[0.2,""226.01""],[0.21,""166.21""],[0.22,""150""],[0.23,""79.8""],[0.24,""51.8""],[0.25,""8.26""],[0.26,""9.9""]]"
2026-05-17T02:21:18.381Z,btc-updown-15m-1778984100,"Bitcoin Up or Down - May 16, 10:15PM-10:30PM ET",btc-updown-15m-1778984100,2026-05-17T02:30:00Z,,0.75,0.76,0.24,0.25,0.755,0.53,467.19222,,81.03,68.8,"[[0.01,""9869.28""],[0.02,""2532.57""],[0.03,""1206.77""],[0.04,""216.9""],[0.05,""183.2""],[0.06,""107.54""],[0.07,""115.39""],[0.08,""90.29""],[0.09,""87.72""],[0.1,""73.57""],[0.11,""89.7""],[0.12,""56.74""],[0.13,""74.2""],[0.14,""52.05""],[0.15,""70.17""],[0.16,""58.55""],[0.17,""67.19""],[0.18,""45.86""],[0.19,""64.77""],[0.2,""88.8""],[0.21,""63.1""],[0.22,""42.5""],[0.23,""61.89""],[0.24,""41.39""],[0.25,""81""],[0.26,""40.6""],[0.27,""60.2""],[0.28,""49.9""],[0.29,""69.6""],[0.3,""65.96""],[0.31,""64""],[0.32,""43.8""],[0.33,""63.6""],[0.34,""43.4""],[0.35,""606.06""],[0.36,""543""],[0.37,""562.9""],[0.38,""572.7""],[0.39,""557.6""],[0.4,""570.5""],[0.41,""572.4""],[0.42,""47.32""],[0.43,""51.76""],[0.44,""37.2""],[0.45,""62.1""],[0.46,""32.22""],[0.47,""57""],[0.48,""37""],[0.49,""57""],[0.5,""37""],[0.51,""91.61""],[0.52,""37""],[0.53,""72""],[0.54,""37.1""],[0.55,""117.5""],[0.56,""37.2""],[0.57,""72.2""],[0.58,""43.31""],[0.59,""87.4""],[0.6,""53.5""],[0.61,""72.6""],[0.62,""28.53""],[0.63,""72.9""],[0.64,""38""],[0.65,""93.58""],[0.66,""248.4""],[0.67,""83.6""],[0.68,""553.8""],[0.69,""359""],[0.7,""223.2""],[0.71,""418.8""],[0.72,""132.8""],[0.73,""55.42""],[0.74,""35.8""],[0.75,""81.03""]]","[[0.01,""9563""],[0.02,""2525.73""],[0.03,""1239.77""],[0.04,""877.06""],[0.05,""203.21""],[0.06,""161.18""],[0.07,""125.39""],[0.08,""125.3""],[0.09,""129.84""],[0.1,""293.3""],[0.11,""504.7""],[0.12,""551.74""],[0.13,""174.2""],[0.14,""67.05""],[0.15,""70.17""],[0.16,""63.55""],[0.17,""76.09""],[0.18,""75.96""],[0.19,""104.77""],[0.2,""181.01""],[0.21,""216.04""],[0.22,""60""],[0.23,""143.78""],[0.24,""68.8""]]"
2026-05-17T02:21:20.308Z,btc-updown-15m-1778984100,"Bitcoin Up or Down - May 16, 10:15PM-10:30PM ET",btc-updown-15m-1778984100,2026-05-17T02:30:00Z,,0.75,0.76,0.24,0.25,0.755,0.53,467.19222,,79.9,80.41,"[[0.01,""9874.28""],[0.02,""2532.57""],[0.03,""1206.77""],[0.04,""216.9""],[0.05,""183.2""],[0.06,""107.54""],[0.07,""115.39""],[0.08,""90.29""],[0.09,""87.72""],[0.1,""73.57""],[0.11,""89.7""],[0.12,""56.74""],[0.13,""74.2""],[0.14,""52.05""],[0.15,""70.17""],[0.16,""58.55""],[0.17,""67.19""],[0.18,""45.86""],[0.19,""64.77""],[0.2,""88.8""],[0.21,""63.1""],[0.22,""42.5""],[0.23,""61.89""],[0.24,""41.39""],[0.25,""86""],[0.26,""40.6""],[0.27,""60.2""],[0.28,""49.9""],[0.29,""69.6""],[0.3,""65.96""],[0.31,""64""],[0.32,""43.8""],[0.33,""63.6""],[0.34,""43.4""],[0.35,""106.06""],[0.36,""543""],[0.37,""562.9""],[0.38,""572.7""],[0.39,""557.6""],[0.4,""70.5""],[0.41,""72.4""],[0.42,""47.32""],[0.43,""51.76""],[0.44,""37.2""],[0.45,""62.1""],[0.46,""32.22""],[0.47,""57""],[0.48,""37""],[0.49,""57""],[0.5,""37""],[0.51,""76.61""],[0.52,""37""],[0.53,""57""],[0.54,""37.1""],[0.55,""117.5""],[0.56,""37.2""],[0.57,""72.2""],[0.58,""43.31""],[0.59,""87.4""],[0.6,""53.5""],[0.61,""72.6""],[0.62,""28.53""],[0.63,""72.9""],[0.64,""38""],[0.65,""93.58""],[0.66,""248.4""],[0.67,""83.6""],[0.68,""453.8""],[0.69,""459""],[0.7,""123.2""],[0.71,""293.8""],[0.72,""332.8""],[0.73,""69""],[0.74,""109.42""],[0.75,""79.9""]]","[[0.01,""9573""],[0.02,""2525.73""],[0.03,""1239.77""],[0.04,""877.06""],[0.05,""203.21""],[0.06,""161.18""],[0.07,""125.39""],[0.08,""125.3""],[0.09,""149.84""],[0.1,""293.3""],[0.11,""504.7""],[0.12,""551.74""],[0.13,""174.2""],[0.14,""67.05""],[0.15,""70.17""],[0.16,""63.55""],[0.17,""81.09""],[0.18,""75.96""],[0.19,""104.77""],[0.2,""181.01""],[0.21,""206.21""],[0.22,""84""],[0.23,""117.8""],[0.24,""80.41""]]"
2026-05-17T02:21:23.396Z,btc-updown-15m-1778984100,"Bitcoin Up or Down - May 16, 10:15PM-10:30PM ET",btc-updown-15m-1778984100,2026-05-17T02:30:00Z,,0.75,0.76,0.24,0.25,0.755,0.47,6605.497443999998,,49.45,104.82,"[[0.01,""9874.28""],[0.02,""2532.57""],[0.03,""1206.77""],[0.04,""216.9""],[0.05,""183.2""],[0.06,""107.54""],[0.07,""115.39""],[0.08,""90.29""],[0.09,""87.72""],[0.1,""73.57""],[0.11,""89.7""],[0.12,""56.74""],[0.13,""74.2""],[0.14,""52.05""],[0.15,""70.17""],[0.16,""58.55""],[0.17,""67.19""],[0.18,""45.86""],[0.19,""64.77""],[0.2,""68.8""],[0.21,""63.1""],[0.22,""42.5""],[0.23,""61.89""],[0.24,""41.39""],[0.25,""86""],[0.26,""40.6""],[0.27,""60.2""],[0.28,""49.9""],[0.29,""69.6""],[0.3,""65.96""],[0.31,""64""],[0.32,""43.8""],[0.33,""63.6""],[0.34,""43.4""],[0.35,""106.06""],[0.36,""543""],[0.37,""562.9""],[0.38,""572.7""],[0.39,""557.6""],[0.4,""70.5""],[0.41,""72.4""],[0.42,""47.32""],[0.43,""51.76""],[0.44,""37.2""],[0.45,""62.1""],[0.46,""32.22""],[0.47,""57""],[0.48,""37""],[0.49,""57""],[0.5,""37""],[0.51,""76.61""],[0.52,""37""],[0.53,""57""],[0.54,""37.1""],[0.55,""117.5""],[0.56,""37.2""],[0.57,""72.2""],[0.58,""43.31""],[0.59,""87.4""],[0.6,""53.5""],[0.61,""72.6""],[0.62,""28.53""],[0.63,""72.9""],[0.64,""38""],[0.65,""93.58""],[0.66,""48.4""],[0.67,""83.6""],[0.68,""458.8""],[0.69,""174""],[0.7,""383.2""],[0.71,""358.8""],[0.72,""287.8""],[0.73,""54""],[0.74,""124.42""],[0.75,""49.45""]]","[[0.01,""9573""],[0.02,""2525.73""],[0.03,""1239.77""],[0.04,""877.06""],[0.05,""203.21""],[0.06,""161.18""],[0.07,""125.39""],[0.08,""125.3""],[0.09,""149.84""],[0.1,""93.3""],[0.11,""504.7""],[0.12,""551.74""],[0.13,""174.2""],[0.14,""67.05""],[0.15,""70.17""],[0.16,""63.55""],[0.17,""86.09""],[0.18,""75.96""],[0.19,""229.77""],[0.2,""181.01""],[0.21,""81.21""],[0.22,""84""],[0.23,""117.8""],[0.24,""104.82""]]"
2026-05-17T02:21:26.024Z,btc-updown-15m-1778984100,"Bitcoin Up or Down - May 16, 10:15PM-10:30PM ET",btc-updown-15m-1778984100,2026-05-17T02:30:00Z,,0.75,0.76,0.24,0.25,0.755,0.47,6605.497443999998,,128.47,104.82,"[[0.01,""9869.28""],[0.02,""2532.57""],[0.03,""1206.77""],[0.04,""216.9""],[0.05,""183.2""],[0.06,""107.54""],[0.07,""115.39""],[0.08,""90.29""],[0.09,""87.72""],[0.1,""73.57""],[0.11,""89.7""],[0.12,""56.74""],[0.13,""74.2""],[0.14,""52.05""],[0.15,""70.17""],[0.16,""58.55""],[0.17,""67.19""],[0.18,""45.86""],[0.19,""64.77""],[0.2,""68.8""],[0.21,""63.1""],[0.22,""42.5""],[0.23,""61.89""],[0.24,""41.39""],[0.25,""86""],[0.26,""40.6""],[0.27,""60.2""],[0.28,""49.9""],[0.29,""69.6""],[0.3,""65.96""],[0.31,""64""],[0.32,""43.8""],[0.33,""63.6""],[0.34,""43.4""],[0.35,""106.06""],[0.36,""543""],[0.37,""562.9""],[0.38,""572.7""],[0.39,""557.6""],[0.4,""70.5""],[0.41,""72.4""],[0.42,""47.32""],[0.43,""51.76""],[0.44,""37.2""],[0.45,""62.1""],[0.46,""32.22""],[0.47,""57""],[0.48,""37""],[0.49,""57""],[0.5,""37""],[0.51,""76.61""],[0.52,""37""],[0.53,""57""],[0.54,""37.1""],[0.55,""117.5""],[0.56,""37.2""],[0.57,""72.2""],[0.58,""43.31""],[0.59,""87.4""],[0.6,""53.5""],[0.61,""72.6""],[0.62,""28.53""],[0.63,""72.9""],[0.64,""38""],[0.65,""93.58""],[0.66,""48.4""],[0.67,""283.6""],[0.68,""453.8""],[0.69,""179""],[0.7,""383.2""],[0.71,""333.8""],[0.72,""292.8""],[0.73,""79""],[0.74,""124.42""],[0.75,""128.47""]]","[[0.01,""9573""],[0.02,""2525.73""],[0.03,""1239.77""],[0.04,""877.06""],[0.05,""203.21""],[0.06,""161.18""],[0.07,""125.39""],[0.08,""125.3""],[0.09,""149.84""],[0.1,""293.3""],[0.11,""504.7""],[0.12,""551.74""],[0.13,""174.2""],[0.14,""67.05""],[0.15,""70.17""],[0.16,""63.55""],[0.17,""81.09""],[0.18,""75.96""],[0.19,""229.77""],[0.2,""181.01""],[0.21,""91.04""],[0.22,""84""],[0.23,""117.8""],[0.24,""104.82""]]"
2026-05-17T02:21:27.240Z,btc-updown-15m-1778984100,"Bitcoin Up or Down - May 16, 10:15PM-10:30PM ET",btc-updown-15m-1778984100,2026-05-17T02:30:00Z,,0.73,0.74,0.26,0.27,0.735,0.47,6605.497443999998,,59.17,40.14,"[[0.01,""9874.28""],[0.02,""2532.57""],[0.03,""1206.77""],[0.04,""216.9""],[0.05,""183.2""],[0.06,""107.54""],[0.07,""115.39""],[0.08,""90.29""],[0.09,""87.72""],[0.1,""73.57""],[0.11,""89.7""],[0.12,""56.74""],[0.13,""74.2""],[0.14,""52.05""],[0.15,""70.17""],[0.16,""58.55""],[0.17,""67.19""],[0.18,""45.86""],[0.19,""64.77""],[0.2,""68.8""],[0.21,""63.1""],[0.22,""47.5""],[0.23,""61.89""],[0.24,""41.39""],[0.25,""81""],[0.26,""40.6""],[0.27,""60.2""],[0.28,""49.9""],[0.29,""69.6""],[0.3,""65.96""],[0.31,""64""],[0.32,""43.8""],[0.33,""63.6""],[0.34,""43.4""],[0.35,""106.06""],[0.36,""543""],[0.37,""562.9""],[0.38,""572.7""],[0.39,""557.6""],[0.4,""70.5""],[0.41,""72.4""],[0.42,""47.32""],[0.43,""51.76""],[0.44,""37.2""],[0.45,""62.1""],[0.46,""32.22""],[0.47,""57""],[0.48,""37""],[0.49,""57""],[0.5,""37""],[0.51,""91.61""],[0.52,""37""],[0.53,""72""],[0.54,""37.1""],[0.55,""117.5""],[0.56,""37.2""],[0.57,""72.2""],[0.58,""43.31""],[0.59,""87.4""],[0.6,""53.5""],[0.61,""72.6""],[0.62,""28.53""],[0.63,""72.9""],[0.64,""38""],[0.65,""93.58""],[0.66,""48.4""],[0.67,""283.6""],[0.68,""453.8""],[0.69,""164""],[0.7,""423.2""],[0.71,""252.8""],[0.72,""325.87""],[0.73,""59.17""]]","[[0.01,""9573""],[0.02,""2525.73""],[0.03,""1239.77""],[0.04,""877.06""],[0.05,""203.21""],[0.06,""161.18""],[0.07,""125.39""],[0.08,""125.3""],[0.09,""149.84""],[0.1,""293.3""],[0.11,""504.7""],[0.12,""551.74""],[0.13,""174.2""],[0.14,""67.05""],[0.15,""70.17""],[0.16,""63.55""],[0.17,""81.09""],[0.18,""75.96""],[0.19,""229.77""],[0.2,""181.01""],[0.21,""194.21""],[0.22,""115""],[0.23,""67.8""],[0.24,""69.82""],[0.25,""20""],[0.26,""40.14""]]"
2026-05-17T02:21:29.927Z,btc-updown-15m-1778984100,"Bitcoin Up or Down - May 16, 10:15PM-10:30PM ET",btc-updown-15m-1778984100,2026-05-17T02:30:00Z,,0.75,0.76,0.24,0.25,0.755,0.47,6605.497443999998,,5.0,100.58,"[[0.01,""9879.28""],[0.02,""2532.57""],[0.03,""1206.77""],[0.04,""216.9""],[0.05,""183.2""],[0.06,""107.54""],[0.07,""115.39""],[0.08,""90.29""],[0.09,""87.72""],[0.1,""73.57""],[0.11,""89.7""],[0.12,""56.74""],[0.13,""74.2""],[0.14,""52.05""],[0.15,""70.17""],[0.16,""58.55""],[0.17,""67.19""],[0.18,""45.86""],[0.19,""64.77""],[0.2,""68.8""],[0.21,""63.1""],[0.22,""42.5""],[0.23,""66.89""],[0.24,""41.39""],[0.25,""81""],[0.26,""40.6""],[0.27,""60.2""],[0.28,""49.9""],[0.29,""69.6""],[0.3,""65.96""],[0.31,""64""],[0.32,""43.8""],[0.33,""63.6""],[0.34,""43.4""],[0.35,""106.06""],[0.36,""543""],[0.37,""562.9""],[0.38,""572.7""],[0.39,""557.6""],[0.4,""70.5""],[0.41,""72.4""],[0.42,""47.32""],[0.43,""51.76""],[0.44,""37.2""],[0.45,""62.1""],[0.46,""32.22""],[0.47,""57""],[0.48,""37""],[0.49,""57""],[0.5,""37""],[0.51,""76.61""],[0.52,""37""],[0.53,""72""],[0.54,""37.1""],[0.55,""117.5""],[0.56,""37.2""],[0.57,""72.2""],[0.58,""43.31""],[0.59,""87.4""],[0.6,""53.5""],[0.61,""72.6""],[0.62,""28.53""],[0.63,""72.9""],[0.64,""43""],[0.65,""98.58""],[0.66,""48.4""],[0.67,""288.6""],[0.68,""458.8""],[0.69,""169""],[0.7,""428.2""],[0.71,""282.8""],[0.72,""330.87""],[0.73,""167.07""],[0.74,""169.86""],[0.75,""5""]]","[[0.01,""9573""],[0.02,""2525.73""],[0.03,""1239.77""],[0.04,""877.06""],[0.05,""203.21""],[0.06,""161.18""],[0.07,""125.39""],[0.08,""125.3""],[0.09,""154.84""],[0.1,""293.3""],[0.11,""504.7""],[0.12,""546.74""],[0.13,""174.2""],[0.14,""67.05""],[0.15,""77.17""],[0.16,""70.55""],[0.17,""92.09""],[0.18,""81.96""],[0.19,""235.77""],[0.2,""187.01""],[0.21,""103.21""],[0.22,""65""],[0.23,""117.8""],[0.24,""100.58""]]"
2026-05-17T02:21:32.857Z,btc-updown-15m-1778984100,"Bitcoin Up or Down - May 16, 10:15PM-10:30PM ET",btc-updown-15m-1778984100,2026-05-17T02:30:00Z,,0.72,0.73,0.27,0.28,0.725,0.47,6605.497443999998,,87.17,115.5,"[[0.01,""9879.28""],[0.02,""2582.57""],[0.03,""1206.77""],[0.04,""216.9""],[0.05,""183.2""],[0.06,""107.54""],[0.07,""115.39""],[0.08,""90.29""],[0.09,""87.72""],[0.1,""73.57""],[0.11,""89.7""],[0.12,""56.74""],[0.13,""741.2""],[0.14,""52.05""],[0.15,""70.17""],[0.16,""58.55""],[0.17,""67.19""],[0.18,""45.86""],[0.19,""64.77""],[0.2,""68.8""],[0.21,""63.1""],[0.22,""47.5""],[0.23,""61.89""],[0.24,""41.39""],[0.25,""81""],[0.26,""40.6""],[0.27,""60.2""],[0.28,""49.9""],[0.29,""69.6""],[0.3,""65.96""],[0.31,""564""],[0.32,""543.8""],[0.33,""563.6""],[0.34,""543.4""],[0.35,""606.06""],[0.36,""43""],[0.37,""62.9""],[0.38,""72.7""],[0.39,""57.6""],[0.4,""70.5""],[0.41,""72.4""],[0.42,""47.32""],[0.43,""51.76""],[0.44,""37.2""],[0.45,""62.1""],[0.46,""32.22""],[0.47,""57""],[0.48,""37""],[0.49,""57""],[0.5,""37""],[0.51,""91.61""],[0.52,""37""],[0.53,""72""],[0.54,""37.1""],[0.55,""122.5""],[0.56,""37.2""],[0.57,""72.2""],[0.58,""43.31""],[0.59,""87.4""],[0.6,""48.5""],[0.61,""72.6""],[0.62,""28.53""],[0.63,""72.9""],[0.64,""38""],[0.65,""193.58""],[0.66,""38.4""],[0.67,""308.6""],[0.68,""575""],[0.69,""110.52""],[0.7,""493.2""],[0.71,""327.04""],[0.72,""87.17""]]","[[0.01,""10053""],[0.02,""2505.73""],[0.03,""1239.77""],[0.04,""877.06""],[0.05,""203.21""],[0.06,""161.18""],[0.07,""125.39""],[0.08,""125.3""],[0.09,""143.72""],[0.1,""313.3""],[0.11,""524.7""],[0.12,""415.08""],[0.13,""74.2""],[0.14,""67.05""],[0.15,""210.17""],[0.16,""63.55""],[0.17,""172.19""],[0.18,""60.86""],[0.19,""64.77""],[0.2,""114.81""],[0.21,""178.51""],[0.22,""225""],[0.23,""89.5""],[0.24,""85.96""],[0.25,""175.8""],[0.26,""48""],[0.27,""115.5""]]"
2026-05-17T02:21:34.427Z,btc-updown-15m-1778984100,"Bitcoin Up or Down - May 16, 10:15PM-10:30PM ET",btc-updown-15m-1778984100,2026-05-17T02:30:00Z,,0.72,0.73,0.27,0.28,0.725,0.47,6605.497443999998,,85.65,115.5,"[[0.01,""9879.28""],[0.02,""2582.57""],[0.03,""1206.77""],[0.04,""216.9""],[0.05,""183.2""],[0.06,""107.54""],[0.07,""115.39""],[0.08,""90.29""],[0.09,""87.72""],[0.1,""73.57""],[0.11,""89.7""],[0.12,""56.74""],[0.13,""741.2""],[0.14,""52.05""],[0.15,""70.17""],[0.16,""58.55""],[0.17,""67.19""],[0.18,""45.86""],[0.19,""64.77""],[0.2,""68.8""],[0.21,""63.1""],[0.22,""47.5""],[0.23,""61.89""],[0.24,""41.39""],[0.25,""81""],[0.26,""40.6""],[0.27,""60.2""],[0.28,""49.9""],[0.29,""69.6""],[0.3,""65.96""],[0.31,""564""],[0.32,""543.8""],[0.33,""563.6""],[0.34,""543.4""],[0.35,""606.06""],[0.36,""43""],[0.37,""62.9""],[0.38,""72.7""],[0.39,""57.6""],[0.4,""70.5""],[0.41,""72.4""],[0.42,""47.32""],[0.43,""51.76""],[0.44,""37.2""],[0.45,""62.1""],[0.46,""32.22""],[0.47,""57""],[0.48,""37""],[0.49,""57""],[0.5,""37""],[0.51,""91.61""],[0.52,""37""],[0.53,""72""],[0.54,""37.1""],[0.55,""117.5""],[0.56,""42.2""],[0.57,""72.2""],[0.58,""43.31""],[0.59,""87.4""],[0.6,""48.5""],[0.61,""72.6""],[0.62,""28.53""],[0.63,""72.9""],[0.64,""38""],[0.65,""93.58""],[0.66,""138.4""],[0.67,""318.6""],[0.68,""483.8""],[0.69,""180""],[0.7,""483.2""],[0.71,""339.8""],[0.72,""85.65""]]","[[0.01,""10053""],[0.02,""2505.73""],[0.03,""1239.77""],[0.04,""862.06""],[0.05,""203.21""],[0.06,""146.18""],[0.07,""125.39""],[0.08,""125.3""],[0.09,""143.72""],[0.1,""313.3""],[0.11,""524.7""],[0.12,""415.08""],[0.13,""74.2""],[0.14,""67.05""],[0.15,""210.17""],[0.16,""63.55""],[0.17,""172.19""],[0.18,""60.86""],[0.19,""64.77""],[0.2,""249.31""],[0.21,""181.91""],[0.22,""100""],[0.23,""81.8""],[0.24,""85.96""],[0.25,""185.8""],[0.26,""53""],[0.27,""115.5""]]"
2026-05-17T02:21:36.441Z,btc-updown-15m-1778984100,"Bitcoin Up or Down - May 16, 10:15PM-10:30PM ET",btc-updown-15m-1778984100,2026-05-17T02:30:00Z,,0.72,0.73,0.27,0.28,0.725,0.47,6605.497443999998,,90.65,135.08,"[[0.01,""9879.28""],[0.02,""2532.57""],[0.03,""1206.77""],[0.04,""216.9""],[0.05,""183.2""],[0.06,""107.54""],[0.07,""115.39""],[0.08,""90.29""],[0.09,""87.72""],[0.1,""73.57""],[0.11,""89.7""],[0.12,""56.74""],[0.13,""741.2""],[0.14,""52.05""],[0.15,""70.17""],[0.16,""58.55""],[0.17,""67.19""],[0.18,""45.86""],[0.19,""64.77""],[0.2,""68.8""],[0.21,""63.1""],[0.22,""47.5""],[0.23,""61.89""],[0.24,""41.39""],[0.25,""81""],[0.26,""40.6""],[0.27,""60.2""],[0.28,""49.9""],[0.29,""69.6""],[0.3,""565.96""],[0.31,""564""],[0.32,""543.8""],[0.33,""563.6""],[0.34,""43.4""],[0.35,""106.06""],[0.36,""43""],[0.37,""62.9""],[0.38,""72.7""],[0.39,""57.6""],[0.4,""70.5""],[0.41,""72.4""],[0.42,""47.32""],[0.43,""51.76""],[0.44,""37.2""],[0.45,""62.1""],[0.46,""32.22""],[0.47,""57""],[0.48,""37""],[0.49,""57""],[0.5,""37""],[0.51,""91.61""],[0.52,""37""],[0.53,""72""],[0.54,""37.1""],[0.55,""117.5""],[0.56,""42.2""],[0.57,""72.2""],[0.58,""43.31""],[0.59,""87.4""],[0.6,""42.5""],[0.61,""72.6""],[0.62,""28.53""],[0.63,""72.9""],[0.64,""38""],[0.65,""93.58""],[0.66,""148.4""],[0.67,""328.6""],[0.68,""493.8""],[0.69,""185""],[0.7,""483.2""],[0.71,""409.48""],[0.72,""90.65""]]","[[0.01,""10073""],[0.02,""2525.73""],[0.03,""1239.77""],[0.04,""862.06""],[0.05,""203.21""],[0.06,""146.18""],[0.07,""125.39""],[0.08,""125.3""],[0.09,""137.72""],[0.1,""313.3""],[0.11,""824.7""],[0.12,""115.08""],[0.13,""114.2""],[0.14,""67.05""],[0.15,""170.17""],[0.16,""63.55""],[0.17,""172.19""],[0.18,""60.86""],[0.19,""64.77""],[0.2,""235.51""],[0.21,""181.91""],[0.22,""117""],[0.23,""62.8""],[0.24,""89.56""],[0.25,""170.8""],[0.26,""130.8""],[0.27,""135.08""]]"
2026-05-17T02:21:38.676Z,btc-updown-15m-1778984100,"Bitcoin Up or Down - May 16, 10:15PM-10:30PM ET",btc-updown-15m-1778984100,2026-05-17T02:30:00Z,,0.8,0.81,0.19,0.2,0.805,0.47,6605.497443999998,,52.1,194.12,"[[0.01,""9879.28""],[0.02,""2582.57""],[0.03,""1206.77""],[0.04,""216.9""],[0.05,""183.2""],[0.06,""107.54""],[0.07,""115.39""],[0.08,""90.29""],[0.09,""87.72""],[0.1,""73.57""],[0.11,""89.7""],[0.12,""56.74""],[0.13,""741.2""],[0.14,""52.05""],[0.15,""70.17""],[0.16,""58.55""],[0.17,""67.19""],[0.18,""45.86""],[0.19,""64.77""],[0.2,""68.8""],[0.21,""63.1""],[0.22,""42.5""],[0.23,""61.89""],[0.24,""41.39""],[0.25,""81""],[0.26,""40.6""],[0.27,""60.2""],[0.28,""49.9""],[0.29,""69.6""],[0.3,""570.96""],[0.31,""564""],[0.32,""543.8""],[0.33,""563.6""],[0.34,""43.4""],[0.35,""106.06""],[0.36,""543""],[0.37,""562.9""],[0.38,""572.7""],[0.39,""57.6""],[0.4,""70.5""],[0.41,""67.4""],[0.42,""47.32""],[0.43,""51.76""],[0.44,""37.2""],[0.45,""62.1""],[0.46,""32.22""],[0.47,""62""],[0.48,""37""],[0.49,""52""],[0.5,""37""],[0.51,""76.61""],[0.52,""37""],[0.53,""57""],[0.54,""42.1""],[0.55,""102.5""],[0.56,""37.2""],[0.57,""57.2""],[0.58,""38.31""],[0.59,""87.4""],[0.6,""42.5""],[0.61,""77.6""],[0.62,""39.53""],[0.63,""72.9""],[0.64,""38""],[0.65,""88.58""],[0.66,""38.4""],[0.67,""73.6""],[0.68,""53.8""],[0.69,""84""],[0.7,""147.5""],[0.71,""69.6""],[0.72,""89.9""],[0.73,""456.2""],[0.74,""218.6""],[0.75,""144""],[0.76,""56.8""],[0.77,""83.8""],[0.78,""112.83""],[0.79,""35""],[0.8,""52.1""]]","[[0.01,""9588""],[0.02,""2540.73""],[0.03,""1239.77""],[0.04,""877.06""],[0.05,""203.21""],[0.06,""136.18""],[0.07,""150.39""],[0.08,""123.81""],[0.09,""117.72""],[0.1,""83.3""],[0.11,""94.7""],[0.12,""96.74""],[0.13,""74.2""],[0.14,""167.05""],[0.15,""170.17""],[0.16,""54.21""],[0.17,""210.89""],[0.18,""145""],[0.19,""194.12""]]"
2026-05-17T02:21:41.335Z,btc-updown-15m-1778984100,"Bitcoin Up or Down - May 16, 10:15PM-10:30PM ET",btc-updown-15m-1778984100,2026-05-17T02:30:00Z,,0.78,0.79,0.21,0.22,0.785,0.47,6605.497443999998,,35.51,15.0,"[[0.01,""9877.31""],[0.02,""2576.1""],[0.03,""1206.77""],[0.04,""210.09""],[0.05,""183.2""],[0.06,""107.54""],[0.07,""115.39""],[0.08,""90.29""],[0.09,""87.72""],[0.1,""73.57""],[0.11,""89.7""],[0.12,""56.74""],[0.13,""741.2""],[0.14,""52.05""],[0.15,""70.17""],[0.16,""58.55""],[0.17,""67.19""],[0.18,""45.86""],[0.19,""64.77""],[0.2,""68.8""],[0.21,""63.1""],[0.22,""42.5""],[0.23,""61.89""],[0.24,""41.39""],[0.25,""81""],[0.26,""40.6""],[0.27,""60.2""],[0.28,""49.9""],[0.29,""69.6""],[0.3,""70.96""],[0.31,""64""],[0.32,""43.8""],[0.33,""63.6""],[0.34,""43.4""],[0.35,""606.06""],[0.36,""43""],[0.37,""62.9""],[0.38,""72.7""],[0.39,""57.6""],[0.4,""70.5""],[0.41,""67.4""],[0.42,""47.32""],[0.43,""51.76""],[0.44,""37.2""],[0.45,""62.1""],[0.46,""32.22""],[0.47,""62""],[0.48,""37""],[0.49,""52""],[0.5,""37""],[0.51,""76.61""],[0.52,""37""],[0.53,""57""],[0.54,""42.1""],[0.55,""102.5""],[0.56,""37.2""],[0.57,""57.2""],[0.58,""38.31""],[0.59,""87.4""],[0.6,""42.5""],[0.61,""72.6""],[0.62,""44.53""],[0.63,""72.9""],[0.64,""38""],[0.65,""88.58""],[0.66,""43.4""],[0.67,""78.6""],[0.68,""48.8""],[0.69,""79""],[0.7,""37.5""],[0.71,""74.6""],[0.72,""504.9""],[0.73,""80""],[0.74,""13""],[0.75,""13""],[0.76,""19.43""],[0.77,""14""],[0.78,""35.51""]]","[[0.01,""9581""],[0.02,""2534.1""],[0.03,""1239.77""],[0.04,""870.09""],[0.05,""203.21""],[0.06,""156.18""],[0.07,""110.39""],[0.08,""111.3""],[0.09,""137.72""],[0.1,""414.3""],[0.11,""104.7""],[0.12,""145.74""],[0.13,""82.2""],[0.14,""175.05""],[0.15,""109.37""],[0.16,""75.55""],[0.17,""91.89""],[0.18,""189.4""],[0.19,""211.46""],[0.21,""15""]]"
2026-05-17T02:21:44.450Z,btc-updown-15m-1778984100,"Bitcoin Up or Down - May 16, 10:15PM-10:30PM ET",btc-updown-15m-1778984100,2026-05-17T02:30:00Z,,0.76,0.77,0.23,0.24,0.765,0.47,6605.497443999998,,13.45,105.78,"[[0.01,""9772.31""],[0.02,""2526.1""],[0.03,""1206.77""],[0.04,""210.09""],[0.05,""183.2""],[0.06,""107.54""],[0.07,""115.39""],[0.08,""90.29""],[0.09,""87.72""],[0.1,""73.57""],[0.11,""89.7""],[0.12,""56.74""],[0.13,""741.2""],[0.14,""52.05""],[0.15,""70.17""],[0.16,""58.55""],[0.17,""67.19""],[0.18,""45.86""],[0.19,""64.77""],[0.2,""68.8""],[0.21,""63.1""],[0.22,""42.5""],[0.23,""61.89""],[0.24,""41.39""],[0.25,""81""],[0.26,""45.6""],[0.27,""60.2""],[0.28,""49.9""],[0.29,""69.6""],[0.3,""65.96""],[0.31,""64""],[0.32,""543.8""],[0.33,""563.6""],[0.34,""543.4""],[0.35,""106.06""],[0.36,""43""],[0.37,""62.9""],[0.38,""72.7""],[0.39,""57.6""],[0.4,""70.5""],[0.41,""67.4""],[0.42,""47.32""],[0.43,""51.76""],[0.44,""37.2""],[0.45,""62.1""],[0.46,""32.22""],[0.47,""62""],[0.48,""37""],[0.49,""52""],[0.5,""37""],[0.51,""76.61""],[0.52,""37""],[0.53,""57""],[0.54,""42.1""],[0.55,""102.5""],[0.56,""37.2""],[0.57,""72.2""],[0.58,""38.31""],[0.59,""87.4""],[0.6,""42.5""],[0.61,""72.6""],[0.62,""39.53""],[0.63,""72.9""],[0.64,""43""],[0.65,""93.58""],[0.66,""43.4""],[0.67,""113.6""],[0.68,""268.8""],[0.69,""134""],[0.7,""602.5""],[0.71,""97""],[0.72,""446""],[0.73,""78.51""],[0.74,""43.21""],[0.75,""13""],[0.76,""13.45""]]","[[0.01,""9966""],[0.02,""2519.1""],[0.03,""1239.77""],[0.04,""870.09""],[0.05,""203.21""],[0.06,""156.18""],[0.07,""130.39""],[0.08,""141.3""],[0.09,""342.72""],[0.1,""813.3""],[0.11,""103.8""],[0.12,""96.74""],[0.13,""114.2""],[0.14,""180.05""],[0.15,""77.17""],[0.16,""70.55""],[0.17,""73.19""],[0.18,""66.86""],[0.19,""136.89""],[0.2,""119.41""],[0.21,""103""],[0.22,""131.8""],[0.23,""105.78""]]"
2026-05-17T02:21:46.877Z,btc-updown-15m-1778984100,"Bitcoin Up or Down - May 16, 10:15PM-10:30PM ET",btc-updown-15m-1778984100,2026-05-17T02:30:00Z,,0.76,0.77,0.23,0.24,0.765,0.47,6605.497443999998,,18.45,234.66,"[[0.01,""9777.31""],[0.02,""2526.1""],[0.03,""1206.77""],[0.04,""210.09""],[0.05,""183.2""],[0.06,""107.54""],[0.07,""115.39""],[0.08,""90.29""],[0.09,""87.72""],[0.1,""73.57""],[0.11,""89.7""],[0.12,""56.74""],[0.13,""741.2""],[0.14,""52.05""],[0.15,""70.17""],[0.16,""58.55""],[0.17,""67.19""],[0.18,""45.86""],[0.19,""64.77""],[0.2,""68.8""],[0.21,""63.1""],[0.22,""42.5""],[0.23,""61.89""],[0.24,""41.39""],[0.25,""81""],[0.26,""45.6""],[0.27,""60.2""],[0.28,""49.9""],[0.29,""69.6""],[0.3,""65.96""],[0.31,""64""],[0.32,""543.8""],[0.33,""563.6""],[0.34,""543.4""],[0.35,""106.06""],[0.36,""43""],[0.37,""62.9""],[0.38,""72.7""],[0.39,""57.6""],[0.4,""70.5""],[0.41,""67.4""],[0.42,""47.32""],[0.43,""51.76""],[0.44,""37.2""],[0.45,""62.1""],[0.46,""32.22""],[0.47,""62""],[0.48,""37""],[0.49,""52""],[0.5,""37""],[0.51,""76.61""],[0.52,""37""],[0.53,""57""],[0.54,""42.1""],[0.55,""102.5""],[0.56,""37.2""],[0.57,""77.2""],[0.58,""38.31""],[0.59,""87.4""],[0.6,""42.5""],[0.61,""72.6""],[0.62,""39.53""],[0.63,""72.9""],[0.64,""43""],[0.65,""93.58""],[0.66,""43.4""],[0.67,""218.6""],[0.68,""278.8""],[0.69,""144""],[0.7,""712.5""],[0.71,""97""],[0.72,""466""],[0.73,""98.51""],[0.74,""18.21""],[0.75,""13""],[0.76,""18.45""]]","[[0.01,""9971""],[0.02,""2519.1""],[0.03,""1239.77""],[0.04,""870.09""],[0.05,""203.21""],[0.06,""156.18""],[0.07,""130.39""],[0.08,""141.3""],[0.09,""342.72""],[0.1,""813.3""],[0.11,""123.8""],[0.12,""96.74""],[0.13,""114.2""],[0.14,""180.05""],[0.15,""77.17""],[0.16,""170.55""],[0.17,""73.19""],[0.18,""66.86""],[0.19,""131.39""],[0.2,""239.41""],[0.21,""228""],[0.22,""136.8""],[0.23,""234.66""]]"
2026-05-17T02:21:50.252Z,btc-updown-15m-1778984100,"Bitcoin Up or Down - May 16, 10:15PM-10:30PM ET",btc-updown-15m-1778984100,2026-05-17T02:30:00Z,,0.69,0.7,0.3,0.31,0.695,0.47,6605.497443999998,,27.97,58.89,"[[0.01,""9772.31""],[0.02,""2576.1""],[0.03,""1206.77""],[0.04,""210.09""],[0.05,""183.2""],[0.06,""107.54""],[0.07,""115.39""],[0.08,""90.29""],[0.09,""87.72""],[0.1,""73.57""],[0.11,""89.7""],[0.12,""56.74""],[0.13,""741.2""],[0.14,""52.05""],[0.15,""70.17""],[0.16,""58.55""],[0.17,""67.19""],[0.18,""45.86""],[0.19,""69.77""],[0.2,""68.8""],[0.21,""63.1""],[0.22,""42.5""],[0.23,""61.89""],[0.24,""41.39""],[0.25,""81""],[0.26,""40.6""],[0.27,""60.2""],[0.28,""49.9""],[0.29,""69.6""],[0.3,""65.96""],[0.31,""64""],[0.32,""43.8""],[0.33,""63.6""],[0.34,""43.4""],[0.35,""106.06""],[0.36,""43""],[0.37,""62.9""],[0.38,""72.7""],[0.39,""62.6""],[0.4,""70.5""],[0.41,""67.4""],[0.42,""47.32""],[0.43,""51.76""],[0.44,""37.2""],[0.45,""62.1""],[0.46,""32.22""],[0.47,""62""],[0.48,""37""],[0.49,""52""],[0.5,""37""],[0.51,""76.61""],[0.52,""42""],[0.53,""78""],[0.54,""42.1""],[0.55,""117.5""],[0.56,""37.2""],[0.57,""72.2""],[0.58,""33.31""],[0.59,""82.4""],[0.6,""37.5""],[0.61,""67.6""],[0.62,""50.83""],[0.63,""40""],[0.64,""20""],[0.65,""55.38""],[0.66,""100""],[0.67,""11""],[0.68,""15""],[0.69,""27.97""]]","[[0.01,""9941""],[0.02,""3019.1""],[0.03,""1239.77""],[0.04,""855.09""],[0.05,""203.21""],[0.06,""141.18""],[0.07,""125.39""],[0.08,""125.3""],[0.09,""117.72""],[0.1,""103.3""],[0.11,""115.7""],[0.12,""131.74""],[0.13,""99.2""],[0.14,""92.05""],[0.15,""100.17""],[0.16,""108.55""],[0.17,""92.19""],[0.18,""60.86""],[0.19,""83.09""],[0.2,""58.81""],[0.21,""70.1""],[0.22,""218.91""],[0.23,""149.89""],[0.24,""57.2""],[0.25,""100.8""],[0.26,""36.8""],[0.27,""50.8""],[0.28,""45""],[0.29,""84.13""],[0.3,""58.89""]]"
2026-05-17T02:21:51.406Z,btc-updown-15m-1778984100,"Bitcoin Up or Down - May 16, 10:15PM-10:30PM ET",btc-updown-15m-1778984100,2026-05-17T02:30:00Z,,0.68,0.69,0.31,0.32,0.685,0.47,6605.497443999998,,17.8,32.0,"[[0.01,""9772.31""],[0.02,""2576.1""],[0.03,""1206.77""],[0.04,""210.09""],[0.05,""183.2""],[0.06,""107.54""],[0.07,""115.39""],[0.08,""90.29""],[0.09,""87.72""],[0.1,""73.57""],[0.11,""89.7""],[0.12,""56.74""],[0.13,""741.2""],[0.14,""52.05""],[0.15,""70.17""],[0.16,""58.55""],[0.17,""67.19""],[0.18,""45.86""],[0.19,""64.77""],[0.2,""68.8""],[0.21,""63.1""],[0.22,""42.5""],[0.23,""61.89""],[0.24,""41.39""],[0.25,""81""],[0.26,""40.6""],[0.27,""60.2""],[0.28,""49.9""],[0.29,""69.6""],[0.3,""65.96""],[0.31,""64""],[0.32,""43.8""],[0.33,""63.6""],[0.34,""43.4""],[0.35,""106.06""],[0.36,""43""],[0.37,""62.9""],[0.38,""72.7""],[0.39,""62.6""],[0.4,""70.5""],[0.41,""67.4""],[0.42,""47.32""],[0.43,""51.76""],[0.44,""37.2""],[0.45,""62.1""],[0.46,""32.22""],[0.47,""62""],[0.48,""37""],[0.49,""52""],[0.5,""37""],[0.51,""91.61""],[0.52,""42""],[0.53,""72""],[0.54,""42.1""],[0.55,""112.5""],[0.56,""32.2""],[0.57,""67.2""],[0.58,""38.31""],[0.59,""82.4""],[0.6,""37.5""],[0.61,""72.6""],[0.62,""23.53""],[0.63,""365""],[0.64,""20""],[0.65,""75.38""],[0.66,""105""],[0.67,""5""],[0.68,""17.8""]]","[[0.01,""9941""],[0.02,""2999.1""],[0.03,""1239.77""],[0.04,""855.09""],[0.05,""203.21""],[0.06,""141.18""],[0.07,""125.39""],[0.08,""125.3""],[0.09,""117.72""],[0.1,""103.3""],[0.11,""109.7""],[0.12,""136.74""],[0.13,""99.2""],[0.14,""392.05""],[0.15,""115.17""],[0.16,""88.55""],[0.17,""92.19""],[0.18,""100.86""],[0.19,""83.09""],[0.2,""58.81""],[0.21,""70.1""],[0.22,""103.6""],[0.23,""136.39""],[0.24,""101.39""],[0.25,""116.8""],[0.26,""106.8""],[0.27,""67.8""],[0.28,""77""],[0.29,""107.8""],[0.3,""79.35""],[0.31,""32""]]"
2026-05-17T02:21:53.441Z,btc-updown-15m-1778984100,"Bitcoin Up or Down - May 16, 10:15PM-10:30PM ET",btc-updown-15m-1778984100,2026-05-17T02:30:00Z,,0.68,0.69,0.31,0.32,0.685,0.47,6605.497443999998,,17.8,107.46,"[[0.01,""9777.31""],[0.02,""2526.1""],[0.03,""1206.77""],[0.04,""210.09""],[0.05,""183.2""],[0.06,""107.54""],[0.07,""115.39""],[0.08,""90.29""],[0.09,""87.72""],[0.1,""73.57""],[0.11,""89.7""],[0.12,""56.74""],[0.13,""741.2""],[0.14,""52.05""],[0.15,""70.17""],[0.16,""58.55""],[0.17,""72.19""],[0.18,""45.86""],[0.19,""64.77""],[0.2,""68.8""],[0.21,""63.1""],[0.22,""542.5""],[0.23,""561.89""],[0.24,""541.39""],[0.25,""81""],[0.26,""40.6""],[0.27,""60.2""],[0.28,""49.9""],[0.29,""69.6""],[0.3,""65.96""],[0.31,""64""],[0.32,""43.8""],[0.33,""63.6""],[0.34,""43.4""],[0.35,""106.06""],[0.36,""43""],[0.37,""62.9""],[0.38,""72.7""],[0.39,""62.6""],[0.4,""70.5""],[0.41,""67.4""],[0.42,""47.32""],[0.43,""51.76""],[0.44,""37.2""],[0.45,""62.1""],[0.46,""32.22""],[0.47,""62""],[0.48,""37""],[0.49,""67""],[0.5,""37""],[0.51,""91.61""],[0.52,""42""],[0.53,""72""],[0.54,""42.1""],[0.55,""117.5""],[0.56,""37.2""],[0.57,""72.2""],[0.58,""38.31""],[0.59,""82.4""],[0.6,""37.5""],[0.61,""172.6""],[0.62,""23.53""],[0.63,""80""],[0.64,""160""],[0.65,""116.38""],[0.66,""241""],[0.67,""87.89""],[0.68,""17.8""]]","[[0.01,""9946""],[0.02,""2999.1""],[0.03,""1719.77""],[0.04,""835.09""],[0.05,""183.21""],[0.06,""121.18""],[0.07,""125.39""],[0.08,""115.3""],[0.09,""117.72""],[0.1,""88.3""],[0.11,""114.7""],[0.12,""121.74""],[0.13,""99.2""],[0.14,""99.2""],[0.15,""95.17""],[0.16,""88.55""],[0.17,""92.19""],[0.18,""80.86""],[0.19,""143.09""],[0.2,""178.81""],[0.21,""158.1""],[0.22,""73.6""],[0.23,""73.39""],[0.24,""61.39""],[0.25,""248""],[0.26,""66.8""],[0.27,""97.8""],[0.28,""78.38""],[0.29,""57.8""],[0.3,""163.3""],[0.31,""107.46""]]"
2026-05-17T02:21:55.443Z,btc-updown-15m-1778984100,"Bitcoin Up or Down - May 16, 10:15PM-10:30PM ET",btc-updown-15m-1778984100,2026-05-17T02:30:00Z,,0.66,0.67,0.33,0.34,0.665,0.47,6605.497443999998,,58.5,24.59,"[[0.01,""9777.31""],[0.02,""2576.1""],[0.03,""1206.77""],[0.04,""210.09""],[0.05,""183.2""],[0.06,""107.54""],[0.07,""115.39""],[0.08,""90.29""],[0.09,""87.72""],[0.1,""73.57""],[0.11,""89.7""],[0.12,""56.74""],[0.13,""741.2""],[0.14,""52.05""],[0.15,""70.17""],[0.16,""63.55""],[0.17,""67.19""],[0.18,""45.86""],[0.19,""564.77""],[0.2,""568.8""],[0.21,""563.1""],[0.22,""42.5""],[0.23,""61.89""],[0.24,""41.39""],[0.25,""81""],[0.26,""40.6""],[0.27,""60.2""],[0.28,""49.9""],[0.29,""69.6""],[0.3,""65.96""],[0.31,""64""],[0.32,""43.8""],[0.33,""63.6""],[0.34,""43.4""],[0.35,""106.06""],[0.36,""43""],[0.37,""62.9""],[0.38,""72.7""],[0.39,""62.6""],[0.4,""70.5""],[0.41,""67.4""],[0.42,""47.32""],[0.43,""51.76""],[0.44,""37.2""],[0.45,""62.1""],[0.46,""32.22""],[0.47,""77""],[0.48,""37""],[0.49,""67""],[0.5,""43""],[0.51,""91.61""],[0.52,""37""],[0.53,""72""],[0.54,""42.1""],[0.55,""122.5""],[0.56,""42.2""],[0.57,""72.2""],[0.58,""143.31""],[0.59,""87.4""],[0.6,""70""],[0.61,""145""],[0.62,""116.83""],[0.63,""170""],[0.64,""205""],[0.65,""141.38""],[0.66,""58.5""]]","[[0.01,""9951""],[0.02,""2999.1""],[0.03,""1719.77""],[0.04,""1335.09""],[0.05,""183.21""],[0.06,""121.18""],[0.07,""105.39""],[0.08,""95.3""],[0.09,""97.72""],[0.1,""68.3""],[0.11,""89.7""],[0.12,""107.74""],[0.13,""109.2""],[0.14,""87.05""],[0.15,""95.17""],[0.16,""93.55""],[0.17,""98.08""],[0.18,""85.86""],[0.19,""103.09""],[0.2,""83.81""],[0.21,""98.1""],[0.22,""82.5""],[0.23,""81.89""],[0.24,""101.39""],[0.25,""90.7""],[0.26,""74.6""],[0.27,""215""],[0.28,""170""],[0.29,""102.8""],[0.3,""79.56""],[0.31,""156.8""],[0.32,""143.56""],[0.33,""24.59""]]"
2026-05-17T02:21:57.388Z,btc-updown-15m-1778984100,"Bitcoin Up or Down - May 16, 10:15PM-10:30PM ET",btc-updown-15m-1778984100,2026-05-17T02:30:00Z,,0.66,0.67,0.33,0.34,0.665,0.47,6605.497443999998,,73.59,196.64,"[[0.01,""9772.31""],[0.02,""2576.1""],[0.03,""1206.77""],[0.04,""210.09""],[0.05,""183.2""],[0.06,""107.54""],[0.07,""115.39""],[0.08,""90.29""],[0.09,""87.72""],[0.1,""73.57""],[0.11,""89.7""],[0.12,""56.74""],[0.13,""741.2""],[0.14,""52.05""],[0.15,""70.17""],[0.16,""63.55""],[0.17,""67.19""],[0.18,""45.86""],[0.19,""564.77""],[0.2,""568.8""],[0.21,""563.1""],[0.22,""542.5""],[0.23,""61.89""],[0.24,""41.39""],[0.25,""81""],[0.26,""40.6""],[0.27,""60.2""],[0.28,""49.9""],[0.29,""69.6""],[0.3,""65.96""],[0.31,""64""],[0.32,""43.8""],[0.33,""63.6""],[0.34,""43.4""],[0.35,""106.06""],[0.36,""43""],[0.37,""62.9""],[0.38,""72.7""],[0.39,""62.6""],[0.4,""70.5""],[0.41,""67.4""],[0.42,""47.32""],[0.43,""51.76""],[0.44,""37.2""],[0.45,""62.1""],[0.46,""32.22""],[0.47,""77""],[0.48,""37""],[0.49,""67""],[0.5,""48""],[0.51,""91.61""],[0.52,""37""],[0.53,""72""],[0.54,""42.1""],[0.55,""112.5""],[0.56,""37.2""],[0.57,""72.2""],[0.58,""43.31""],[0.59,""187.4""],[0.6,""382.5""],[0.61,""145""],[0.62,""91.83""],[0.63,""240""],[0.64,""250""],[0.65,""50.38""],[0.66,""73.59""]]","[[0.01,""9951""],[0.02,""2999.1""],[0.03,""1719.77""],[0.04,""1335.09""],[0.05,""183.21""],[0.06,""121.18""],[0.07,""105.39""],[0.08,""95.3""],[0.09,""97.72""],[0.1,""68.3""],[0.11,""89.7""],[0.12,""107.74""],[0.13,""109.2""],[0.14,""92.05""],[0.15,""95.17""],[0.16,""399.81""],[0.17,""87.19""],[0.18,""85.86""],[0.19,""103.09""],[0.2,""83.81""],[0.21,""198.1""],[0.22,""177.5""],[0.23,""66.89""],[0.24,""78.59""],[0.25,""87.3""],[0.26,""74.6""],[0.27,""215""],[0.28,""170""],[0.29,""102.8""],[0.3,""79.56""],[0.31,""106.8""],[0.32,""193.56""],[0.33,""196.64""]]"
2026-05-17T02:22:00.357Z,btc-updown-15m-1778984100,"Bitcoin Up or Down - May 16, 10:15PM-10:30PM ET",btc-updown-15m-1778984100,2026-05-17T02:30:00Z,,0.66,0.67,0.33,0.34,0.665,0.47,6605.497443999998,,86.74,65.22,"[[0.01,""9777.31""],[0.02,""2526.1""],[0.03,""1206.77""],[0.04,""210.09""],[0.05,""183.2""],[0.06,""107.54""],[0.07,""115.39""],[0.08,""90.29""],[0.09,""87.72""],[0.1,""73.57""],[0.11,""89.7""],[0.12,""56.74""],[0.13,""741.2""],[0.14,""52.05""],[0.15,""70.17""],[0.16,""63.55""],[0.17,""67.19""],[0.18,""45.86""],[0.19,""564.77""],[0.2,""568.8""],[0.21,""563.1""],[0.22,""42.5""],[0.23,""61.89""],[0.24,""41.39""],[0.25,""81""],[0.26,""40.6""],[0.27,""60.2""],[0.28,""49.9""],[0.29,""69.6""],[0.3,""65.96""],[0.31,""64""],[0.32,""43.8""],[0.33,""63.6""],[0.34,""43.4""],[0.35,""106.06""],[0.36,""43""],[0.37,""62.9""],[0.38,""72.7""],[0.39,""62.6""],[0.4,""70.5""],[0.41,""67.4""],[0.42,""47.32""],[0.43,""51.76""],[0.44,""37.2""],[0.45,""62.1""],[0.46,""32.22""],[0.47,""77""],[0.48,""37""],[0.49,""67""],[0.5,""42""],[0.51,""91.61""],[0.52,""37""],[0.53,""72""],[0.54,""42.1""],[0.55,""117.5""],[0.56,""37.2""],[0.57,""277.2""],[0.58,""143.31""],[0.59,""87.4""],[0.6,""382.5""],[0.61,""156""],[0.62,""80.83""],[0.63,""215""],[0.64,""225""],[0.65,""146.38""],[0.66,""86.74""]]","[[0.01,""9956""],[0.02,""2949.1""],[0.03,""1719.77""],[0.04,""1335.09""],[0.05,""183.21""],[0.06,""121.18""],[0.07,""105.39""],[0.08,""95.3""],[0.09,""97.72""],[0.1,""88.3""],[0.11,""89.7""],[0.12,""107.74""],[0.13,""109.2""],[0.14,""272.05""],[0.15,""95.17""],[0.16,""399.81""],[0.17,""87.19""],[0.18,""85.86""],[0.19,""103.09""],[0.2,""83.81""],[0.21,""218.1""],[0.22,""177.5""],[0.23,""61.89""],[0.24,""78.59""],[0.25,""92.3""],[0.26,""74.6""],[0.27,""215""],[0.28,""170""],[0.29,""109.95""],[0.3,""65.65""],[0.31,""85.8""],[0.32,""243.4""],[0.33,""65.22""]]"
2026-05-17T02:22:03.416Z,btc-updown-15m-1778984100,"Bitcoin Up or Down - May 16, 10:15PM-10:30PM ET",btc-updown-15m-1778984100,2026-05-17T02:30:00Z,,0.66,0.67,0.33,0.34,0.665,0.47,6605.497443999998,,112.93,91.54,"[[0.01,""9597.98""],[0.02,""2476.1""],[0.03,""1206.77""],[0.04,""210.09""],[0.05,""183.2""],[0.06,""107.54""],[0.07,""115.39""],[0.08,""90.29""],[0.09,""87.72""],[0.1,""73.57""],[0.11,""89.7""],[0.12,""56.74""],[0.13,""741.2""],[0.14,""52.05""],[0.15,""70.17""],[0.16,""63.55""],[0.17,""67.19""],[0.18,""45.86""],[0.19,""564.77""],[0.2,""568.8""],[0.21,""563.1""],[0.22,""42.5""],[0.23,""61.89""],[0.24,""41.39""],[0.25,""81""],[0.26,""40.6""],[0.27,""60.2""],[0.28,""49.9""],[0.29,""69.6""],[0.3,""65.96""],[0.31,""64""],[0.32,""43.8""],[0.33,""63.6""],[0.34,""43.4""],[0.35,""106.06""],[0.36,""43""],[0.37,""62.9""],[0.38,""72.7""],[0.39,""62.6""],[0.4,""70.5""],[0.41,""67.4""],[0.42,""47.32""],[0.43,""51.76""],[0.44,""37.2""],[0.45,""62.1""],[0.46,""32.22""],[0.47,""77""],[0.48,""37""],[0.49,""124""],[0.5,""42""],[0.51,""91.61""],[0.52,""37""],[0.53,""72""],[0.54,""42.1""],[0.55,""72.1""],[0.56,""37.2""],[0.57,""277.2""],[0.58,""153.31""],[0.59,""92.4""],[0.6,""392.5""],[0.61,""173.6""],[0.62,""85.83""],[0.63,""245""],[0.64,""250""],[0.65,""146.38""],[0.66,""112.93""]]","[[0.01,""9961""],[0.02,""2949.1""],[0.03,""1719.77""],[0.04,""210.09""],[0.05,""183.21""],[0.06,""121.18""],[0.07,""105.39""],[0.08,""95.3""],[0.09,""117.72""],[0.1,""338.3""],[0.11,""109.7""],[0.12,""87.74""],[0.13,""109.2""],[0.14,""272.05""],[0.15,""90.17""],[0.16,""399.81""],[0.17,""92.19""],[0.18,""90.86""],[0.19,""103.09""],[0.2,""83.81""],[0.21,""198.1""],[0.22,""157.5""],[0.23,""66.89""],[0.24,""83.59""],[0.25,""87.3""],[0.26,""59""],[0.27,""215""],[0.28,""170""],[0.29,""102.8""],[0.3,""65.65""],[0.31,""181.8""],[0.32,""156.8""],[0.33,""91.54""]]"
2026-05-17T02:22:04.530Z,btc-updown-15m-1778984100,"Bitcoin Up or Down - May 16, 10:15PM-10:30PM ET",btc-updown-15m-1778984100,2026-05-17T02:30:00Z,,0.66,0.67,0.33,0.34,0.665,0.47,6605.497443999998,,112.93,91.54,"[[0.01,""9597.98""],[0.02,""2476.1""],[0.03,""1206.77""],[0.04,""210.09""],[0.05,""183.2""],[0.06,""107.54""],[0.07,""115.39""],[0.08,""90.29""],[0.09,""87.72""],[0.1,""73.57""],[0.11,""89.7""],[0.12,""56.74""],[0.13,""741.2""],[0.14,""52.05""],[0.15,""70.17""],[0.16,""63.55""],[0.17,""67.19""],[0.18,""45.86""],[0.19,""564.77""],[0.2,""568.8""],[0.21,""563.1""],[0.22,""42.5""],[0.23,""61.89""],[0.24,""41.39""],[0.25,""81""],[0.26,""40.6""],[0.27,""60.2""],[0.28,""49.9""],[0.29,""69.6""],[0.3,""65.96""],[0.31,""64""],[0.32,""43.8""],[0.33,""63.6""],[0.34,""43.4""],[0.35,""106.06""],[0.36,""43""],[0.37,""62.9""],[0.38,""72.7""],[0.39,""62.6""],[0.4,""70.5""],[0.41,""67.4""],[0.42,""47.32""],[0.43,""51.76""],[0.44,""37.2""],[0.45,""62.1""],[0.46,""32.22""],[0.47,""77""],[0.48,""37""],[0.49,""124""],[0.5,""42""],[0.51,""91.61""],[0.52,""37""],[0.53,""72""],[0.54,""42.1""],[0.55,""72.1""],[0.56,""37.2""],[0.57,""272.2""],[0.58,""548.31""],[0.59,""87.4""],[0.6,""387.5""],[0.61,""168.6""],[0.62,""80.83""],[0.63,""240""],[0.64,""245""],[0.65,""141.38""],[0.66,""112.93""]]","[[0.01,""9961""],[0.02,""2949.1""],[0.03,""1719.77""],[0.04,""210.09""],[0.05,""183.21""],[0.06,""161.18""],[0.07,""145.39""],[0.08,""155.3""],[0.09,""97.72""],[0.1,""318.3""],[0.11,""109.7""],[0.12,""107.74""],[0.13,""109.2""],[0.14,""272.05""],[0.15,""490.17""],[0.16,""399.81""],[0.17,""92.19""],[0.18,""90.86""],[0.19,""103.09""],[0.2,""83.81""],[0.21,""198.1""],[0.22,""157.5""],[0.23,""61.89""],[0.24,""78.59""],[0.25,""82.3""],[0.26,""94""],[0.27,""170""],[0.28,""205""],[0.29,""57.8""],[0.3,""67.56""],[0.31,""176.8""],[0.32,""156.8""],[0.33,""91.54""]]"
2026-05-17T02:22:07.824Z,btc-updown-15m-1778984100,"Bitcoin Up or Down - May 16, 10:15PM-10:30PM ET",btc-updown-15m-1778984100,2026-05-17T02:30:00Z,,0.66,0.67,0.33,0.34,0.665,0.47,6605.497443999998,,164.42,56.93,"[[0.01,""9592.98""],[0.02,""2476.1""],[0.03,""1206.77""],[0.04,""210.09""],[0.05,""183.2""],[0.06,""107.54""],[0.07,""115.39""],[0.08,""90.29""],[0.09,""87.72""],[0.1,""73.57""],[0.11,""89.7""],[0.12,""56.74""],[0.13,""741.2""],[0.14,""52.05""],[0.15,""70.17""],[0.16,""63.55""],[0.17,""67.19""],[0.18,""45.86""],[0.19,""564.77""],[0.2,""568.8""],[0.21,""563.1""],[0.22,""542.5""],[0.23,""61.89""],[0.24,""41.39""],[0.25,""81""],[0.26,""40.6""],[0.27,""60.2""],[0.28,""49.9""],[0.29,""69.6""],[0.3,""65.96""],[0.31,""64""],[0.32,""43.8""],[0.33,""63.6""],[0.34,""43.4""],[0.35,""106.06""],[0.36,""43""],[0.37,""62.9""],[0.38,""72.7""],[0.39,""62.6""],[0.4,""70.5""],[0.41,""67.4""],[0.42,""47.32""],[0.43,""51.76""],[0.44,""37.2""],[0.45,""62.1""],[0.46,""32.22""],[0.47,""77""],[0.48,""37""],[0.49,""118""],[0.5,""42""],[0.51,""97.61""],[0.52,""37""],[0.53,""72""],[0.54,""42.1""],[0.55,""72.1""],[0.56,""37.2""],[0.57,""72.2""],[0.58,""148.31""],[0.59,""87.4""],[0.6,""87.5""],[0.61,""457.6""],[0.62,""129.53""],[0.63,""215""],[0.64,""180""],[0.65,""129.9""],[0.66,""164.42""]]","[[0.01,""9956""],[0.02,""2949.1""],[0.03,""1719.77""],[0.04,""210.09""],[0.05,""183.21""],[0.06,""121.18""],[0.07,""105.39""],[0.08,""95.3""],[0.09,""97.72""],[0.1,""318.3""],[0.11,""109.7""],[0.12,""107.74""],[0.13,""109.2""],[0.14,""72.05""],[0.15,""390.17""],[0.16,""99.81""],[0.17,""92.19""],[0.18,""90.86""],[0.19,""103.09""],[0.2,""143.81""],[0.21,""218.1""],[0.22,""177.5""],[0.23,""68.59""],[0.24,""77.49""],[0.25,""55""],[0.26,""94""],[0.27,""170""],[0.28,""205""],[0.29,""72.8""],[0.3,""52.56""],[0.31,""181.8""],[0.32,""131.8""],[0.33,""56.93""]]"
2026-05-17T02:22:12.225Z,btc-updown-15m-1778984100,"Bitcoin Up or Down - May 16, 10:15PM-10:30PM ET",btc-updown-15m-1778984100,2026-05-17T02:30:00Z,,0.66,0.67,0.33,0.34,0.665,0.47,6605.497443999998,,174.42,56.93,"[[0.01,""9587.98""],[0.02,""2476.1""],[0.03,""1206.77""],[0.04,""210.09""],[0.05,""183.2""],[0.06,""107.54""],[0.07,""115.39""],[0.08,""90.29""],[0.09,""87.72""],[0.1,""73.57""],[0.11,""89.7""],[0.12,""56.74""],[0.13,""741.2""],[0.14,""52.05""],[0.15,""70.17""],[0.16,""63.55""],[0.17,""67.19""],[0.18,""45.86""],[0.19,""564.77""],[0.2,""568.8""],[0.21,""563.1""],[0.22,""542.5""],[0.23,""61.89""],[0.24,""41.39""],[0.25,""81""],[0.26,""40.6""],[0.27,""60.2""],[0.28,""49.9""],[0.29,""69.6""],[0.3,""65.96""],[0.31,""64""],[0.32,""43.8""],[0.33,""63.6""],[0.34,""43.4""],[0.35,""106.06""],[0.36,""43""],[0.37,""62.9""],[0.38,""72.7""],[0.39,""62.6""],[0.4,""70.5""],[0.41,""67.4""],[0.42,""47.32""],[0.43,""51.76""],[0.44,""37.2""],[0.45,""62.1""],[0.46,""32.22""],[0.47,""77""],[0.48,""37""],[0.49,""118""],[0.5,""37""],[0.51,""97.61""],[0.52,""37""],[0.53,""72""],[0.54,""42.1""],[0.55,""72.1""],[0.56,""37.2""],[0.57,""272.2""],[0.58,""48.31""],[0.59,""592.4""],[0.6,""93.5""],[0.61,""457.6""],[0.62,""79.53""],[0.63,""215""],[0.64,""230""],[0.65,""103.82""],[0.66,""174.42""]]","[[0.01,""9961""],[0.02,""2949.1""],[0.03,""1219.77""],[0.04,""210.09""],[0.05,""183.21""],[0.06,""141.18""],[0.07,""125.39""],[0.08,""95.3""],[0.09,""117.72""],[0.1,""338.3""],[0.11,""109.7""],[0.12,""107.74""],[0.13,""309.2""],[0.14,""472.05""],[0.15,""390.17""],[0.16,""93.55""],[0.17,""92.19""],[0.18,""90.86""],[0.19,""103.09""],[0.2,""143.81""],[0.21,""198.1""],[0.22,""157.5""],[0.23,""68.59""],[0.24,""77.49""],[0.25,""55""],[0.26,""194""],[0.27,""170""],[0.28,""105""],[0.29,""72.8""],[0.3,""52.56""],[0.31,""181.8""],[0.32,""136.8""],[0.33,""56.93""]]"
2026-05-17T02:22:13.954Z,btc-updown-15m-1778984100,"Bitcoin Up or Down - May 16, 10:15PM-10:30PM ET",btc-updown-15m-1778984100,2026-05-17T02:30:00Z,,0.68,0.69,0.31,0.32,0.685,0.47,6605.497443999998,,32.0,113.96,"[[0.01,""9587.98""],[0.02,""2476.1""],[0.03,""1206.77""],[0.04,""210.09""],[0.05,""183.2""],[0.06,""107.54""],[0.07,""115.39""],[0.08,""90.29""],[0.09,""87.72""],[0.1,""73.57""],[0.11,""89.7""],[0.12,""56.74""],[0.13,""741.2""],[0.14,""52.05""],[0.15,""70.17""],[0.16,""63.55""],[0.17,""67.19""],[0.18,""45.86""],[0.19,""564.77""],[0.2,""568.8""],[0.21,""563.1""],[0.22,""542.5""],[0.23,""61.89""],[0.24,""41.39""],[0.25,""81""],[0.26,""40.6""],[0.27,""60.2""],[0.28,""49.9""],[0.29,""69.6""],[0.3,""65.96""],[0.31,""64""],[0.32,""43.8""],[0.33,""63.6""],[0.34,""43.4""],[0.35,""106.06""],[0.36,""43""],[0.37,""62.9""],[0.38,""72.7""],[0.39,""62.6""],[0.4,""70.5""],[0.41,""67.4""],[0.42,""47.32""],[0.43,""51.76""],[0.44,""37.2""],[0.45,""62.1""],[0.46,""32.22""],[0.47,""77""],[0.48,""37""],[0.49,""118""],[0.5,""37""],[0.51,""97.61""],[0.52,""37""],[0.53,""72""],[0.54,""42.1""],[0.55,""72.1""],[0.56,""37.2""],[0.57,""272.2""],[0.58,""53.31""],[0.59,""597.4""],[0.6,""63.5""],[0.61,""507.6""],[0.62,""84.53""],[0.63,""220""],[0.64,""235""],[0.65,""108.82""],[0.66,""151.57""],[0.67,""59.93""],[0.68,""32""]]","[[0.01,""9961""],[0.02,""2949.1""],[0.03,""1219.77""],[0.04,""210.09""],[0.05,""183.21""],[0.06,""141.18""],[0.07,""125.39""],[0.08,""95.3""],[0.09,""117.72""],[0.1,""338.3""],[0.11,""109.7""],[0.12,""107.74""],[0.13,""309.2""],[0.14,""487.05""],[0.15,""390.17""],[0.16,""99.81""],[0.17,""92.19""],[0.18,""90.86""],[0.19,""103.09""],[0.2,""183.81""],[0.21,""63.1""],[0.22,""182.5""],[0.23,""73.59""],[0.24,""82.49""],[0.25,""60""],[0.26,""199""],[0.27,""175""],[0.28,""110""],[0.29,""84.95""],[0.3,""146.65""],[0.31,""113.96""]]"
2026-05-17T02:22:17.064Z,btc-updown-15m-1778984100,"Bitcoin Up or Down - May 16, 10:15PM-10:30PM ET",btc-updown-15m-1778984100,2026-05-17T02:30:00Z,,0.68,0.69,0.31,0.32,0.685,0.47,6605.497443999998,,129.12,128.24,"[[0.01,""9587.98""],[0.02,""2476.1""],[0.03,""1206.77""],[0.04,""210.09""],[0.05,""183.2""],[0.06,""107.54""],[0.07,""115.39""],[0.08,""90.29""],[0.09,""87.72""],[0.1,""73.57""],[0.11,""89.7""],[0.12,""56.74""],[0.13,""741.2""],[0.14,""52.05""],[0.15,""70.17""],[0.16,""58.55""],[0.17,""67.19""],[0.18,""50.86""],[0.19,""564.77""],[0.2,""568.8""],[0.21,""563.1""],[0.22,""542.5""],[0.23,""61.89""],[0.24,""41.39""],[0.25,""81""],[0.26,""40.6""],[0.27,""60.2""],[0.28,""49.9""],[0.29,""69.6""],[0.3,""65.96""],[0.31,""64""],[0.32,""43.8""],[0.33,""63.6""],[0.34,""43.4""],[0.35,""106.06""],[0.36,""43""],[0.37,""62.9""],[0.38,""72.7""],[0.39,""62.6""],[0.4,""70.5""],[0.41,""67.4""],[0.42,""47.32""],[0.43,""51.76""],[0.44,""37.2""],[0.45,""62.1""],[0.46,""32.22""],[0.47,""77""],[0.48,""37""],[0.49,""118""],[0.5,""37""],[0.51,""102.61""],[0.52,""37""],[0.53,""72""],[0.54,""42.1""],[0.55,""72.1""],[0.56,""37.2""],[0.57,""272.2""],[0.58,""53.31""],[0.59,""597.4""],[0.6,""57.5""],[0.61,""422.6""],[0.62,""178.53""],[0.63,""198.9""],[0.64,""235""],[0.65,""90""],[0.66,""47.8""],[0.67,""188.31""],[0.68,""129.12""]]","[[0.01,""9956""],[0.02,""2949.1""],[0.03,""1219.77""],[0.04,""210.09""],[0.05,""183.21""],[0.06,""121.18""],[0.07,""105.39""],[0.08,""115.3""],[0.09,""117.72""],[0.1,""338.3""],[0.11,""109.7""],[0.12,""107.74""],[0.13,""309.2""],[0.14,""487.05""],[0.15,""390.17""],[0.16,""99.81""],[0.17,""92.19""],[0.18,""90.86""],[0.19,""103.09""],[0.2,""283.81""],[0.21,""83.1""],[0.22,""182.5""],[0.23,""78.59""],[0.24,""82.49""],[0.25,""60""],[0.26,""199""],[0.27,""175""],[0.28,""92.41""],[0.29,""77.8""],[0.3,""146.65""],[0.31,""128.24""]]"
2026-05-17T02:22:20.363Z,btc-updown-15m-1778984100,"Bitcoin Up or Down - May 16, 10:15PM-10:30PM ET",btc-updown-15m-1778984100,2026-05-17T02:30:00Z,,0.68,0.69,0.31,0.32,0.685,0.47,6605.497443999998,,84.12,43.53,"[[0.01,""9592.98""],[0.02,""2476.1""],[0.03,""1206.77""],[0.04,""210.09""],[0.05,""183.2""],[0.06,""107.54""],[0.07,""115.39""],[0.08,""90.29""],[0.09,""87.72""],[0.1,""73.57""],[0.11,""89.7""],[0.12,""56.74""],[0.13,""741.2""],[0.14,""52.05""],[0.15,""70.17""],[0.16,""58.55""],[0.17,""67.19""],[0.18,""50.86""],[0.19,""564.77""],[0.2,""568.8""],[0.21,""563.1""],[0.22,""542.5""],[0.23,""61.89""],[0.24,""41.39""],[0.25,""81""],[0.26,""40.6""],[0.27,""60.2""],[0.28,""49.9""],[0.29,""69.6""],[0.3,""65.96""],[0.31,""64""],[0.32,""43.8""],[0.33,""63.6""],[0.34,""43.4""],[0.35,""106.06""],[0.36,""43""],[0.37,""62.9""],[0.38,""72.7""],[0.39,""62.6""],[0.4,""70.5""],[0.41,""67.4""],[0.42,""47.32""],[0.43,""51.76""],[0.44,""37.2""],[0.45,""62.1""],[0.46,""32.22""],[0.47,""62""],[0.48,""37""],[0.49,""118""],[0.5,""42""],[0.51,""97.61""],[0.52,""37""],[0.53,""72""],[0.54,""42.1""],[0.55,""72.1""],[0.56,""37.2""],[0.57,""272.2""],[0.58,""53.31""],[0.59,""597.4""],[0.6,""57.5""],[0.61,""422.6""],[0.62,""178.53""],[0.63,""106""],[0.64,""235""],[0.65,""190""],[0.66,""42.8""],[0.67,""188.31""],[0.68,""84.12""]]","[[0.01,""9956""],[0.02,""2949.1""],[0.03,""1219.77""],[0.04,""210.09""],[0.05,""183.21""],[0.06,""121.18""],[0.07,""105.39""],[0.08,""115.3""],[0.09,""117.72""],[0.1,""338.3""],[0.11,""109.7""],[0.12,""107.74""],[0.13,""309.2""],[0.14,""487.05""],[0.15,""390.17""],[0.16,""99.81""],[0.17,""92.19""],[0.18,""90.86""],[0.19,""103.09""],[0.2,""283.81""],[0.21,""83.1""],[0.22,""182.5""],[0.23,""66.89""],[0.24,""78.19""],[0.25,""71.9""],[0.26,""224""],[0.27,""175""],[0.28,""85""],[0.29,""85.95""],[0.3,""126.65""],[0.31,""43.53""]]"
2026-05-17T02:22:23.367Z,btc-updown-15m-1778984100,"Bitcoin Up or Down - May 16, 10:15PM-10:30PM ET",btc-updown-15m-1778984100,2026-05-17T02:30:00Z,,0.68,0.69,0.31,0.32,0.685,0.47,6605.497443999998,,26.1,237.92,"[[0.01,""9592.98""],[0.02,""2476.1""],[0.03,""1206.77""],[0.04,""210.09""],[0.05,""183.2""],[0.06,""107.54""],[0.07,""115.39""],[0.08,""90.29""],[0.09,""87.72""],[0.1,""73.57""],[0.11,""89.7""],[0.12,""56.74""],[0.13,""741.2""],[0.14,""52.05""],[0.15,""70.17""],[0.16,""58.55""],[0.17,""67.19""],[0.18,""50.86""],[0.19,""564.77""],[0.2,""568.8""],[0.21,""563.1""],[0.22,""42.5""],[0.23,""61.89""],[0.24,""41.39""],[0.25,""81""],[0.26,""40.6""],[0.27,""60.2""],[0.28,""49.9""],[0.29,""69.6""],[0.3,""65.96""],[0.31,""64""],[0.32,""43.8""],[0.33,""63.6""],[0.34,""43.4""],[0.35,""106.06""],[0.36,""43""],[0.37,""62.9""],[0.38,""72.7""],[0.39,""62.6""],[0.4,""70.5""],[0.41,""67.4""],[0.42,""47.32""],[0.43,""51.76""],[0.44,""37.2""],[0.45,""62.1""],[0.46,""32.22""],[0.47,""62""],[0.48,""37""],[0.49,""118""],[0.5,""37""],[0.51,""102.61""],[0.52,""37""],[0.53,""72""],[0.54,""42.1""],[0.55,""72.1""],[0.56,""37.2""],[0.57,""272.2""],[0.58,""53.31""],[0.59,""597.4""],[0.6,""57.5""],[0.61,""407.6""],[0.62,""178.53""],[0.63,""101""],[0.64,""215""],[0.65,""120""],[0.66,""5""],[0.67,""39.51""],[0.68,""26.1""]]","[[0.01,""9956""],[0.02,""2949.1""],[0.03,""1219.77""],[0.04,""210.09""],[0.05,""183.21""],[0.06,""121.18""],[0.07,""125.39""],[0.08,""115.3""],[0.09,""117.72""],[0.1,""338.3""],[0.11,""115.7""],[0.12,""101.74""],[0.13,""309.2""],[0.14,""487.05""],[0.15,""396.84""],[0.16,""93.55""],[0.17,""92.19""],[0.18,""90.86""],[0.19,""103.09""],[0.2,""243.81""],[0.21,""63.1""],[0.22,""162.5""],[0.23,""66.89""],[0.24,""78.19""],[0.25,""71.9""],[0.26,""224""],[0.27,""182.68""],[0.28,""85""],[0.29,""78.8""],[0.3,""50.65""],[0.31,""237.92""]]"
2026-05-17T02:22:26.053Z,btc-updown-15m-1778984100,"Bitcoin Up or Down - May 16, 10:15PM-10:30PM ET",btc-updown-15m-1778984100,2026-05-17T02:30:00Z,,0.64,0.65,0.35,0.36,0.645,0.47,6605.497443999998,,12.8,10.0,"[[0.01,""9582.98""],[0.02,""2476.1""],[0.03,""1206.77""],[0.04,""217.35""],[0.05,""183.2""],[0.06,""107.54""],[0.07,""115.39""],[0.08,""90.29""],[0.09,""87.72""],[0.1,""73.57""],[0.11,""89.7""],[0.12,""56.74""],[0.13,""746.2""],[0.14,""52.05""],[0.15,""70.17""],[0.16,""58.55""],[0.17,""67.19""],[0.18,""545.86""],[0.19,""64.77""],[0.2,""68.8""],[0.21,""63.1""],[0.22,""42.5""],[0.23,""61.89""],[0.24,""41.39""],[0.25,""81""],[0.26,""40.6""],[0.27,""60.2""],[0.28,""44.9""],[0.29,""69.6""],[0.3,""65.96""],[0.31,""64""],[0.32,""43.8""],[0.33,""63.6""],[0.34,""43.4""],[0.35,""106.06""],[0.36,""43""],[0.37,""62.9""],[0.38,""72.7""],[0.39,""57.6""],[0.4,""70.5""],[0.41,""72.4""],[0.42,""47.32""],[0.43,""51.76""],[0.44,""37.2""],[0.45,""62.1""],[0.46,""32.22""],[0.47,""77""],[0.48,""48""],[0.49,""118""],[0.5,""37""],[0.51,""91.61""],[0.52,""37""],[0.53,""72""],[0.54,""37.1""],[0.55,""177.1""],[0.56,""37.2""],[0.57,""197.2""],[0.58,""69.31""],[0.59,""75""],[0.6,""30""],[0.61,""152.8""],[0.62,""20""],[0.64,""12.8""]]","[[0.01,""9946""],[0.02,""2949.1""],[0.03,""1719.77""],[0.04,""210.09""],[0.05,""183.21""],[0.06,""112.54""],[0.07,""125.39""],[0.08,""110.3""],[0.09,""117.72""],[0.1,""338.3""],[0.11,""109.7""],[0.12,""107.74""],[0.13,""94.2""],[0.14,""102.05""],[0.15,""90.17""],[0.16,""83.55""],[0.17,""87.19""],[0.18,""80.86""],[0.19,""98.09""],[0.2,""143.81""],[0.21,""103.1""],[0.22,""167.5""],[0.23,""206.89""],[0.24,""81.39""],[0.25,""91""],[0.26,""69.6""],[0.27,""71.4""],[0.28,""56.8""],[0.29,""90""],[0.3,""45.65""],[0.31,""152.8""],[0.32,""39.26""],[0.33,""137.57""],[0.35,""10""]]"
2026-05-17T02:22:28.056Z,btc-updown-15m-1778984100,"Bitcoin Up or Down - May 16, 10:15PM-10:30PM ET",btc-updown-15m-1778984100,2026-05-17T02:30:00Z,,0.64,0.65,0.35,0.36,0.645,0.47,6605.497443999998,,17.8,218.36,"[[0.01,""9589.33""],[0.02,""2481.99""],[0.03,""1206.77""],[0.04,""217.35""],[0.05,""183.2""],[0.06,""107.54""],[0.07,""115.39""],[0.08,""90.29""],[0.09,""87.72""],[0.1,""73.57""],[0.11,""89.7""],[0.12,""56.74""],[0.13,""746.2""],[0.14,""52.05""],[0.15,""75.17""],[0.16,""58.55""],[0.17,""67.19""],[0.18,""545.86""],[0.19,""64.77""],[0.2,""68.8""],[0.21,""63.1""],[0.22,""42.5""],[0.23,""61.89""],[0.24,""41.39""],[0.25,""81""],[0.26,""40.6""],[0.27,""60.2""],[0.28,""44.9""],[0.29,""69.6""],[0.3,""65.96""],[0.31,""64""],[0.32,""43.8""],[0.33,""68.6""],[0.34,""43.4""],[0.35,""106.06""],[0.36,""43""],[0.37,""62.9""],[0.38,""72.7""],[0.39,""57.6""],[0.4,""70.5""],[0.41,""72.4""],[0.42,""47.32""],[0.43,""51.76""],[0.44,""37.2""],[0.45,""77.1""],[0.46,""32.22""],[0.47,""77""],[0.48,""48""],[0.49,""118""],[0.5,""37""],[0.51,""91.61""],[0.52,""37""],[0.53,""72""],[0.54,""37.1""],[0.55,""377.1""],[0.56,""37.2""],[0.57,""572.2""],[0.58,""84.31""],[0.59,""432.4""],[0.6,""175""],[0.61,""287.8""],[0.62,""141""],[0.63,""35""],[0.64,""17.8""]]","[[0.01,""9962.28""],[0.02,""2957.19""],[0.03,""1719.77""],[0.04,""217.06""],[0.05,""183.21""],[0.06,""112.54""],[0.07,""105.39""],[0.08,""96.5""],[0.09,""92.72""],[0.1,""318.3""],[0.11,""89.7""],[0.12,""87.74""],[0.13,""89.2""],[0.14,""277.05""],[0.15,""470.17""],[0.16,""363.55""],[0.17,""92.19""],[0.18,""91.42""],[0.19,""103.09""],[0.2,""148.81""],[0.21,""83.1""],[0.22,""182.5""],[0.23,""181.89""],[0.24,""81.39""],[0.25,""131""],[0.26,""89.6""],[0.27,""70""],[0.28,""55.1""],[0.29,""190""],[0.3,""170.65""],[0.31,""184.47""],[0.32,""52.8""],[0.33,""120.8""],[0.34,""64.88""],[0.35,""218.36""]]"
2026-05-17T02:22:30.930Z,btc-updown-15m-1778984100,"Bitcoin Up or Down - May 16, 10:15PM-10:30PM ET",btc-updown-15m-1778984100,2026-05-17T02:30:00Z,,0.64,0.65,0.35,0.36,0.645,0.47,6605.497443999998,,17.8,211.36,"[[0.01,""9589.33""],[0.02,""2531.99""],[0.03,""1206.77""],[0.04,""217.35""],[0.05,""183.2""],[0.06,""107.54""],[0.07,""115.39""],[0.08,""90.29""],[0.09,""87.72""],[0.1,""73.57""],[0.11,""89.7""],[0.12,""56.74""],[0.13,""746.2""],[0.14,""52.05""],[0.15,""75.17""],[0.16,""58.55""],[0.17,""72.62""],[0.18,""545.86""],[0.19,""564.77""],[0.2,""568.8""],[0.21,""63.1""],[0.22,""42.5""],[0.23,""61.89""],[0.24,""41.39""],[0.25,""81""],[0.26,""40.6""],[0.27,""60.2""],[0.28,""39.9""],[0.29,""64.6""],[0.3,""60.96""],[0.31,""59""],[0.32,""38.8""],[0.33,""63.6""],[0.34,""38.4""],[0.35,""106.06""],[0.36,""43""],[0.37,""62.9""],[0.38,""72.7""],[0.39,""57.6""],[0.4,""70.5""],[0.41,""72.4""],[0.42,""47.32""],[0.43,""51.76""],[0.44,""37.2""],[0.45,""77.1""],[0.46,""32.22""],[0.47,""77""],[0.48,""48""],[0.49,""118""],[0.5,""37""],[0.51,""91.61""],[0.52,""37""],[0.53,""72""],[0.54,""37.1""],[0.55,""377.1""],[0.56,""37.2""],[0.57,""577.2""],[0.58,""83.31""],[0.59,""453.4""],[0.6,""205""],[0.61,""272.8""],[0.62,""156""],[0.63,""10""],[0.64,""17.8""]]","[[0.01,""9967.28""],[0.02,""2957.19""],[0.03,""1719.77""],[0.04,""717.06""],[0.05,""183.21""],[0.06,""112.54""],[0.07,""105.39""],[0.08,""96.5""],[0.09,""92.72""],[0.1,""318.3""],[0.11,""109.7""],[0.12,""107.74""],[0.13,""109.2""],[0.14,""282.05""],[0.15,""490.17""],[0.16,""368.55""],[0.17,""92.19""],[0.18,""91.42""],[0.19,""108.09""],[0.2,""148.81""],[0.21,""83.1""],[0.22,""177.5""],[0.23,""181.89""],[0.24,""81.39""],[0.25,""131""],[0.26,""69.6""],[0.27,""54.8""],[0.28,""55.1""],[0.29,""190""],[0.3,""210.65""],[0.31,""139.47""],[0.32,""52.8""],[0.33,""105.8""],[0.34,""129.88""],[0.35,""211.36""]]"
2026-05-17T02:22:34.060Z,btc-updown-15m-1778984100,"Bitcoin Up or Down - May 16, 10:15PM-10:30PM ET",btc-updown-15m-1778984100,2026-05-17T02:30:00Z,,0.61,0.62,0.38,0.39,0.615,0.47,6605.497443999998,,37.8,138.5,"[[0.01,""9589.33""],[0.02,""2181.99""],[0.03,""973.77""],[0.04,""142.35""],[0.05,""183.2""],[0.06,""107.54""],[0.07,""115.39""],[0.08,""90.29""],[0.09,""87.72""],[0.1,""73.57""],[0.11,""94.7""],[0.12,""56.74""],[0.13,""741.2""],[0.14,""52.05""],[0.15,""75.17""],[0.16,""558.55""],[0.17,""572.62""],[0.18,""45.86""],[0.19,""64.77""],[0.2,""68.8""],[0.21,""63.1""],[0.22,""42.5""],[0.23,""61.89""],[0.24,""41.39""],[0.25,""81""],[0.26,""40.6""],[0.27,""60.2""],[0.28,""39.9""],[0.29,""64.6""],[0.3,""60.96""],[0.31,""59""],[0.32,""38.8""],[0.33,""63.6""],[0.34,""38.4""],[0.35,""106.06""],[0.36,""43""],[0.37,""62.9""],[0.38,""72.7""],[0.39,""57.6""],[0.4,""70.5""],[0.41,""72.4""],[0.42,""47.32""],[0.43,""51.76""],[0.44,""37.2""],[0.45,""77.1""],[0.46,""32.22""],[0.47,""77""],[0.48,""42""],[0.49,""118""],[0.5,""37""],[0.51,""91.61""],[0.52,""25""],[0.53,""360""],[0.54,""25""],[0.55,""76""],[0.56,""100""],[0.57,""45""],[0.58,""61.01""],[0.59,""191""],[0.6,""45""],[0.61,""37.8""]]","[[0.01,""9962.28""],[0.02,""2607.19""],[0.03,""1486.77""],[0.04,""642.06""],[0.05,""683.21""],[0.06,""112.54""],[0.07,""105.39""],[0.08,""96.5""],[0.09,""87.72""],[0.1,""318.3""],[0.11,""89.7""],[0.12,""81.74""],[0.13,""89.2""],[0.14,""52.05""],[0.15,""70.17""],[0.16,""48.55""],[0.17,""82.19""],[0.18,""51.42""],[0.19,""78.09""],[0.2,""408.81""],[0.21,""78.1""],[0.22,""77.5""],[0.23,""81.89""],[0.24,""81.39""],[0.25,""91""],[0.26,""99.6""],[0.27,""85.2""],[0.28,""97.7""],[0.29,""79.6""],[0.3,""67.15""],[0.31,""93""],[0.32,""253.8""],[0.33,""107.4""],[0.34,""76""],[0.35,""87.8""],[0.36,""126.8""],[0.37,""154.8""],[0.38,""138.5""]]"
2026-05-17T02:22:36.452Z,btc-updown-15m-1778984100,"Bitcoin Up or Down - May 16, 10:15PM-10:30PM ET",btc-updown-15m-1778984100,2026-05-17T02:30:00Z,,0.61,0.62,0.38,0.39,0.615,0.47,6605.497443999998,,55.0,136.69,"[[0.01,""9589.33""],[0.02,""2181.99""],[0.03,""973.77""],[0.04,""142.35""],[0.05,""183.2""],[0.06,""107.54""],[0.07,""115.39""],[0.08,""90.29""],[0.09,""87.72""],[0.1,""73.57""],[0.11,""94.7""],[0.12,""56.74""],[0.13,""741.2""],[0.14,""52.05""],[0.15,""75.17""],[0.16,""558.55""],[0.17,""572.62""],[0.18,""45.86""],[0.19,""64.77""],[0.2,""68.8""],[0.21,""63.1""],[0.22,""42.5""],[0.23,""61.89""],[0.24,""41.39""],[0.25,""81""],[0.26,""40.6""],[0.27,""60.2""],[0.28,""39.9""],[0.29,""64.6""],[0.3,""60.96""],[0.31,""59""],[0.32,""38.8""],[0.33,""63.6""],[0.34,""38.4""],[0.35,""106.06""],[0.36,""43""],[0.37,""62.9""],[0.38,""72.7""],[0.39,""57.6""],[0.4,""70.5""],[0.41,""72.4""],[0.42,""53.32""],[0.43,""51.76""],[0.44,""37.2""],[0.45,""77.1""],[0.46,""32.22""],[0.47,""77""],[0.48,""42""],[0.49,""118""],[0.5,""37""],[0.51,""91.61""],[0.52,""125""],[0.53,""60""],[0.54,""125""],[0.55,""76""],[0.56,""125""],[0.57,""70""],[0.58,""161.01""],[0.59,""291""],[0.6,""70""],[0.61,""55""]]","[[0.01,""9962.28""],[0.02,""2714.19""],[0.03,""1486.77""],[0.04,""642.06""],[0.05,""683.21""],[0.06,""112.54""],[0.07,""110.39""],[0.08,""96.5""],[0.09,""87.72""],[0.1,""318.3""],[0.11,""89.7""],[0.12,""81.74""],[0.13,""89.2""],[0.14,""52.05""],[0.15,""76.17""],[0.16,""58.55""],[0.17,""72.19""],[0.18,""51.42""],[0.19,""53.09""],[0.2,""108.81""],[0.21,""78.1""],[0.22,""82.5""],[0.23,""86.89""],[0.24,""186.39""],[0.25,""186""],[0.26,""94.6""],[0.27,""80.2""],[0.28,""102.7""],[0.29,""84.6""],[0.3,""67.15""],[0.31,""119""],[0.32,""238.8""],[0.33,""247.4""],[0.34,""61""],[0.35,""87.8""],[0.36,""121.8""],[0.37,""165.37""],[0.38,""136.69""]]"
2026-05-17T02:22:38.774Z,btc-updown-15m-1778984100,"Bitcoin Up or Down - May 16, 10:15PM-10:30PM ET",btc-updown-15m-1778984100,2026-05-17T02:30:00Z,,0.61,0.62,0.38,0.39,0.615,0.47,6605.497443999998,,55.0,141.69,"[[0.01,""9594.33""],[0.02,""2131.99""],[0.03,""973.77""],[0.04,""142.35""],[0.05,""183.2""],[0.06,""107.54""],[0.07,""115.39""],[0.08,""90.29""],[0.09,""87.72""],[0.1,""73.57""],[0.11,""94.7""],[0.12,""56.74""],[0.13,""741.2""],[0.14,""52.05""],[0.15,""75.17""],[0.16,""558.55""],[0.17,""572.62""],[0.18,""45.86""],[0.19,""64.77""],[0.2,""68.8""],[0.21,""63.1""],[0.22,""42.5""],[0.23,""61.89""],[0.24,""41.39""],[0.25,""81""],[0.26,""40.6""],[0.27,""60.2""],[0.28,""39.9""],[0.29,""59.6""],[0.3,""60.96""],[0.31,""59""],[0.32,""38.8""],[0.33,""63.6""],[0.34,""38.4""],[0.35,""106.06""],[0.36,""43""],[0.37,""62.9""],[0.38,""72.7""],[0.39,""57.6""],[0.4,""70.5""],[0.41,""72.4""],[0.42,""53.32""],[0.43,""51.76""],[0.44,""37.2""],[0.45,""77.1""],[0.46,""32.22""],[0.47,""77""],[0.48,""42""],[0.49,""118""],[0.5,""37""],[0.51,""91.61""],[0.52,""137""],[0.53,""360""],[0.54,""125""],[0.55,""65""],[0.56,""71""],[0.57,""110""],[0.58,""146.01""],[0.59,""235""],[0.6,""166""],[0.61,""55""]]","[[0.01,""9962.28""],[0.02,""2607.19""],[0.03,""1486.77""],[0.04,""642.06""],[0.05,""683.21""],[0.06,""112.54""],[0.07,""110.39""],[0.08,""96.5""],[0.09,""87.72""],[0.1,""318.3""],[0.11,""89.7""],[0.12,""81.74""],[0.13,""89.2""],[0.14,""52.05""],[0.15,""76.17""],[0.16,""63.55""],[0.17,""67.19""],[0.18,""51.42""],[0.19,""353.09""],[0.2,""108.81""],[0.21,""78.1""],[0.22,""82.5""],[0.23,""86.89""],[0.24,""186.39""],[0.25,""186""],[0.26,""94.6""],[0.27,""120.2""],[0.28,""102.7""],[0.29,""89.6""],[0.3,""67.15""],[0.31,""124""],[0.32,""238.8""],[0.33,""247.4""],[0.34,""61""],[0.35,""101.8""],[0.36,""107.8""],[0.37,""165.37""],[0.38,""141.69""]]"
2026-05-17T02:22:40.534Z,btc-updown-15m-1778984100,"Bitcoin Up or Down - May 16, 10:15PM-10:30PM ET",btc-updown-15m-1778984100,2026-05-17T02:30:00Z,,0.61,0.62,0.38,0.39,0.615,0.47,6605.497443999998,,55.0,161.69,"[[0.01,""9594.33""],[0.02,""2131.99""],[0.03,""973.77""],[0.04,""142.35""],[0.05,""183.2""],[0.06,""107.54""],[0.07,""115.39""],[0.08,""90.29""],[0.09,""87.72""],[0.1,""73.57""],[0.11,""94.7""],[0.12,""56.74""],[0.13,""741.2""],[0.14,""52.05""],[0.15,""75.17""],[0.16,""558.55""],[0.17,""572.62""],[0.18,""45.86""],[0.19,""64.77""],[0.2,""68.8""],[0.21,""63.1""],[0.22,""42.5""],[0.23,""61.89""],[0.24,""41.39""],[0.25,""81""],[0.26,""40.6""],[0.27,""60.2""],[0.28,""39.9""],[0.29,""59.6""],[0.3,""60.96""],[0.31,""59""],[0.32,""38.8""],[0.33,""63.6""],[0.34,""38.4""],[0.35,""106.06""],[0.36,""43""],[0.37,""62.9""],[0.38,""72.7""],[0.39,""57.6""],[0.4,""70.5""],[0.41,""72.4""],[0.42,""53.32""],[0.43,""51.76""],[0.44,""37.2""],[0.45,""77.1""],[0.46,""32.22""],[0.47,""72""],[0.48,""42""],[0.49,""318""],[0.5,""37""],[0.51,""491.61""],[0.52,""142""],[0.53,""377""],[0.54,""135""],[0.55,""70""],[0.56,""76""],[0.57,""110""],[0.58,""146.01""],[0.59,""235""],[0.6,""166""],[0.61,""55""]]","[[0.01,""9957.28""],[0.02,""2607.19""],[0.03,""1486.77""],[0.04,""642.06""],[0.05,""683.21""],[0.06,""112.54""],[0.07,""110.39""],[0.08,""96.5""],[0.09,""87.72""],[0.1,""318.3""],[0.11,""89.7""],[0.12,""81.74""],[0.13,""89.2""],[0.14,""52.05""],[0.15,""76.17""],[0.16,""63.55""],[0.17,""267.19""],[0.18,""445.86""],[0.19,""353.09""],[0.2,""108.81""],[0.21,""78.1""],[0.22,""82.5""],[0.23,""86.89""],[0.24,""186.39""],[0.25,""186""],[0.26,""94.6""],[0.27,""120.2""],[0.28,""102.7""],[0.29,""84.6""],[0.3,""67.15""],[0.31,""124""],[0.32,""238.8""],[0.33,""233.8""],[0.34,""61""],[0.35,""101.8""],[0.36,""107.8""],[0.37,""165.37""],[0.38,""161.69""]]"
2026-05-17T02:22:43.379Z,btc-updown-15m-1778984100,"Bitcoin Up or Down - May 16, 10:15PM-10:30PM ET",btc-updown-15m-1778984100,2026-05-17T02:30:00Z,,0.61,0.62,0.38,0.39,0.615,0.47,6605.497443999998,,55.0,130.77,"[[0.01,""9589.33""],[0.02,""2131.99""],[0.03,""973.77""],[0.04,""142.35""],[0.05,""183.2""],[0.06,""107.54""],[0.07,""115.39""],[0.08,""90.29""],[0.09,""87.72""],[0.1,""73.57""],[0.11,""94.7""],[0.12,""56.74""],[0.13,""741.2""],[0.14,""52.05""],[0.15,""575.17""],[0.16,""558.55""],[0.17,""572.62""],[0.18,""45.86""],[0.19,""64.77""],[0.2,""68.8""],[0.21,""63.1""],[0.22,""42.5""],[0.23,""61.89""],[0.24,""41.39""],[0.25,""81""],[0.26,""40.6""],[0.27,""60.2""],[0.28,""39.9""],[0.29,""59.6""],[0.3,""60.96""],[0.31,""59""],[0.32,""38.8""],[0.33,""63.6""],[0.34,""38.4""],[0.35,""106.06""],[0.36,""43""],[0.37,""62.9""],[0.38,""72.7""],[0.39,""57.6""],[0.4,""70.5""],[0.41,""72.4""],[0.42,""53.32""],[0.43,""51.76""],[0.44,""37.2""],[0.45,""77.1""],[0.46,""32.22""],[0.47,""72""],[0.48,""52""],[0.49,""323""],[0.5,""42""],[0.51,""501.61""],[0.52,""147""],[0.53,""382""],[0.54,""152.1""],[0.55,""75""],[0.56,""91""],[0.57,""110""],[0.58,""146.01""],[0.59,""195""],[0.6,""206""],[0.61,""55""]]","[[0.01,""9962.28""],[0.02,""2607.19""],[0.03,""1486.77""],[0.04,""642.06""],[0.05,""683.21""],[0.06,""112.54""],[0.07,""110.39""],[0.08,""96.5""],[0.09,""87.72""],[0.1,""318.3""],[0.11,""89.7""],[0.12,""81.74""],[0.13,""89.2""],[0.14,""52.05""],[0.15,""76.17""],[0.16,""63.55""],[0.17,""267.19""],[0.18,""451.42""],[0.19,""353.09""],[0.2,""108.81""],[0.21,""78.1""],[0.22,""82.5""],[0.23,""86.89""],[0.24,""186.39""],[0.25,""186""],[0.26,""94.6""],[0.27,""120.2""],[0.28,""102.7""],[0.29,""89.6""],[0.3,""57.15""],[0.31,""104""],[0.32,""210""],[0.33,""238.8""],[0.34,""66""],[0.35,""121.8""],[0.36,""112.8""],[0.37,""165.37""],[0.38,""130.77""]]"
2026-05-17T02:22:45.260Z,btc-updown-15m-1778984100,"Bitcoin Up or Down - May 16, 10:15PM-10:30PM ET",btc-updown-15m-1778984100,2026-05-17T02:30:00Z,,0.6,0.61,0.39,0.4,0.605,0.47,6605.497443999998,,17.8,313.28,"[[0.01,""9589.33""],[0.02,""2131.99""],[0.03,""973.77""],[0.04,""142.35""],[0.05,""183.2""],[0.06,""107.54""],[0.07,""115.39""],[0.08,""90.29""],[0.09,""87.72""],[0.1,""73.57""],[0.11,""94.7""],[0.12,""556.74""],[0.13,""1241.2""],[0.14,""552.05""],[0.15,""575.17""],[0.16,""58.55""],[0.17,""72.62""],[0.18,""45.86""],[0.19,""64.77""],[0.2,""68.8""],[0.21,""63.1""],[0.22,""42.5""],[0.23,""61.89""],[0.24,""41.39""],[0.25,""81""],[0.26,""40.6""],[0.27,""60.2""],[0.28,""39.9""],[0.29,""59.6""],[0.3,""60.96""],[0.31,""59""],[0.32,""38.8""],[0.33,""63.6""],[0.34,""38.4""],[0.35,""106.06""],[0.36,""43""],[0.37,""62.9""],[0.38,""72.7""],[0.39,""57.6""],[0.4,""70.5""],[0.41,""72.4""],[0.42,""53.32""],[0.43,""66.76""],[0.44,""37.2""],[0.45,""77.1""],[0.46,""32.22""],[0.47,""72""],[0.48,""42""],[0.49,""318""],[0.5,""37""],[0.51,""491.61""],[0.52,""142""],[0.53,""372""],[0.54,""177.1""],[0.55,""40""],[0.56,""31""],[0.57,""206""],[0.58,""171.01""],[0.59,""240""],[0.6,""17.8""]]","[[0.01,""9962.28""],[0.02,""2607.19""],[0.03,""1486.77""],[0.04,""642.06""],[0.05,""683.21""],[0.06,""612.54""],[0.07,""110.39""],[0.08,""96.5""],[0.09,""87.72""],[0.1,""318.3""],[0.11,""89.7""],[0.12,""81.74""],[0.13,""89.2""],[0.14,""52.05""],[0.15,""76.17""],[0.16,""63.55""],[0.17,""267.19""],[0.18,""445.86""],[0.19,""353.09""],[0.2,""103.81""],[0.21,""78.1""],[0.22,""82.5""],[0.23,""86.89""],[0.24,""91.39""],[0.25,""86""],[0.26,""94.6""],[0.27,""180.2""],[0.28,""174.9""],[0.29,""124.6""],[0.3,""47.15""],[0.31,""217.2""],[0.32,""221.8""],[0.33,""121""],[0.34,""61""],[0.35,""91.8""],[0.36,""57.8""],[0.37,""69.37""],[0.38,""153.88""],[0.39,""313.28""]]"
2026-05-17T02:22:47.261Z,btc-updown-15m-1778984100,"Bitcoin Up or Down - May 16, 10:15PM-10:30PM ET",btc-updown-15m-1778984100,2026-05-17T02:30:00Z,,0.6,0.61,0.39,0.4,0.605,0.47,6605.497443999998,,7.8,420.9,"[[0.01,""9589.33""],[0.02,""2131.99""],[0.03,""973.77""],[0.04,""142.35""],[0.05,""183.2""],[0.06,""107.54""],[0.07,""115.39""],[0.08,""90.29""],[0.09,""87.72""],[0.1,""73.57""],[0.11,""94.7""],[0.12,""556.74""],[0.13,""1241.2""],[0.14,""552.05""],[0.15,""580.27""],[0.16,""58.55""],[0.17,""72.62""],[0.18,""45.86""],[0.19,""64.77""],[0.2,""68.8""],[0.21,""63.1""],[0.22,""42.5""],[0.23,""61.89""],[0.24,""41.39""],[0.25,""81""],[0.26,""40.6""],[0.27,""60.2""],[0.28,""39.9""],[0.29,""59.6""],[0.3,""60.96""],[0.31,""59""],[0.32,""38.8""],[0.33,""63.6""],[0.34,""38.4""],[0.35,""106.06""],[0.36,""43""],[0.37,""62.9""],[0.38,""72.7""],[0.39,""57.6""],[0.4,""70.5""],[0.41,""72.4""],[0.42,""53.32""],[0.43,""66.76""],[0.44,""42.2""],[0.45,""77.1""],[0.46,""32.22""],[0.47,""72""],[0.48,""42""],[0.49,""318""],[0.5,""37""],[0.51,""491.61""],[0.52,""142""],[0.53,""372""],[0.54,""177.1""],[0.55,""40""],[0.56,""31""],[0.57,""201""],[0.58,""176.01""],[0.59,""240""],[0.6,""7.8""]]","[[0.01,""9457.28""],[0.02,""2607.19""],[0.03,""1486.77""],[0.04,""642.06""],[0.05,""683.21""],[0.06,""612.54""],[0.07,""110.39""],[0.08,""96.5""],[0.09,""87.72""],[0.1,""318.3""],[0.11,""89.7""],[0.12,""81.74""],[0.13,""89.2""],[0.14,""52.05""],[0.15,""76.17""],[0.16,""63.55""],[0.17,""267.19""],[0.18,""445.86""],[0.19,""353.09""],[0.2,""103.81""],[0.21,""83.1""],[0.22,""82.5""],[0.23,""86.89""],[0.24,""91.39""],[0.25,""86""],[0.26,""94.6""],[0.27,""180.2""],[0.28,""174.9""],[0.29,""124.6""],[0.3,""47.15""],[0.31,""217.2""],[0.32,""216.8""],[0.33,""121""],[0.34,""61""],[0.35,""77.8""],[0.36,""57.8""],[0.37,""63.8""],[0.38,""138.88""],[0.39,""420.9""]]"
2026-05-17T02:22:50.023Z,btc-updown-15m-1778984100,"Bitcoin Up or Down - May 16, 10:15PM-10:30PM ET",btc-updown-15m-1778984100,2026-05-17T02:30:00Z,,0.6,0.61,0.39,0.4,0.605,0.47,6605.497443999998,,32.8,415.9,"[[0.01,""9589.33""],[0.02,""2131.99""],[0.03,""973.77""],[0.04,""142.35""],[0.05,""183.2""],[0.06,""107.54""],[0.07,""115.39""],[0.08,""90.29""],[0.09,""87.72""],[0.1,""73.57""],[0.11,""94.7""],[0.12,""556.74""],[0.13,""1241.2""],[0.14,""552.05""],[0.15,""580.27""],[0.16,""58.55""],[0.17,""72.62""],[0.18,""45.86""],[0.19,""64.77""],[0.2,""68.8""],[0.21,""63.1""],[0.22,""42.5""],[0.23,""61.89""],[0.24,""41.39""],[0.25,""81""],[0.26,""40.6""],[0.27,""60.2""],[0.28,""39.9""],[0.29,""59.6""],[0.3,""60.96""],[0.31,""59""],[0.32,""38.8""],[0.33,""63.6""],[0.34,""38.4""],[0.35,""106.06""],[0.36,""43""],[0.37,""62.9""],[0.38,""72.7""],[0.39,""57.6""],[0.4,""70.5""],[0.41,""72.4""],[0.42,""53.32""],[0.43,""66.76""],[0.44,""42.2""],[0.45,""77.1""],[0.46,""32.22""],[0.47,""72""],[0.48,""42""],[0.49,""318""],[0.5,""37""],[0.51,""491.61""],[0.52,""147""],[0.53,""377""],[0.54,""182.1""],[0.55,""52.1""],[0.56,""151""],[0.57,""200""],[0.58,""272.01""],[0.59,""235""],[0.6,""32.8""]]","[[0.01,""9462.28""],[0.02,""2607.19""],[0.03,""1486.77""],[0.04,""642.06""],[0.05,""683.21""],[0.06,""612.54""],[0.07,""110.39""],[0.08,""96.5""],[0.09,""87.72""],[0.1,""318.3""],[0.11,""89.7""],[0.12,""81.74""],[0.13,""89.2""],[0.14,""52.05""],[0.15,""76.17""],[0.16,""63.55""],[0.17,""267.19""],[0.18,""445.86""],[0.19,""353.09""],[0.2,""103.81""],[0.21,""83.1""],[0.22,""67.5""],[0.23,""86.89""],[0.24,""86.39""],[0.25,""86""],[0.26,""94.6""],[0.27,""180.2""],[0.28,""174.9""],[0.29,""124.6""],[0.3,""47.15""],[0.31,""203.7""],[0.32,""217.3""],[0.33,""126""],[0.34,""74""],[0.35,""77.8""],[0.36,""57.8""],[0.37,""69.37""],[0.38,""153.88""],[0.39,""415.9""]]"
2026-05-17T02:22:53.821Z,btc-updown-15m-1778984100,"Bitcoin Up or Down - May 16, 10:15PM-10:30PM ET",btc-updown-15m-1778984100,2026-05-17T02:30:00Z,,0.59,0.6,0.4,0.41,0.595,0.47,6605.497443999998,,171.77,66.33,"[[0.01,""9589.33""],[0.02,""2131.99""],[0.03,""973.77""],[0.04,""142.35""],[0.05,""183.2""],[0.06,""107.54""],[0.07,""115.39""],[0.08,""90.29""],[0.09,""592.72""],[0.1,""573.57""],[0.11,""589.7""],[0.12,""556.74""],[0.13,""1241.2""],[0.14,""552.05""],[0.15,""580.27""],[0.16,""58.55""],[0.17,""72.62""],[0.18,""45.86""],[0.19,""64.77""],[0.2,""68.8""],[0.21,""63.1""],[0.22,""42.5""],[0.23,""61.89""],[0.24,""41.39""],[0.25,""81""],[0.26,""40.6""],[0.27,""60.2""],[0.28,""39.9""],[0.29,""59.6""],[0.3,""60.96""],[0.31,""59""],[0.32,""38.8""],[0.33,""63.6""],[0.34,""38.4""],[0.35,""106.06""],[0.36,""48""],[0.37,""62.9""],[0.38,""72.7""],[0.39,""57.6""],[0.4,""70.5""],[0.41,""67.4""],[0.42,""53.32""],[0.43,""66.76""],[0.44,""52.2""],[0.45,""82.1""],[0.46,""37.22""],[0.47,""177""],[0.48,""42""],[0.49,""223""],[0.5,""42""],[0.51,""95.61""],[0.52,""60""],[0.53,""430""],[0.54,""165""],[0.55,""210""],[0.56,""65""],[0.57,""136""],[0.58,""85.53""],[0.59,""171.77""]]","[[0.01,""9462.28""],[0.02,""2107.19""],[0.03,""986.77""],[0.04,""642.06""],[0.05,""683.21""],[0.06,""612.54""],[0.07,""110.39""],[0.08,""96.5""],[0.09,""87.72""],[0.1,""318.3""],[0.11,""89.7""],[0.12,""81.74""],[0.13,""84.2""],[0.14,""58.05""],[0.15,""70.17""],[0.16,""63.55""],[0.17,""67.19""],[0.18,""50.86""],[0.19,""353.09""],[0.2,""103.81""],[0.21,""88.1""],[0.22,""67.5""],[0.23,""86.89""],[0.24,""86.39""],[0.25,""86""],[0.26,""194.6""],[0.27,""80.2""],[0.28,""214.9""],[0.29,""84.6""],[0.3,""47.15""],[0.31,""82.7""],[0.32,""71.1""],[0.33,""74.6""],[0.34,""54.4""],[0.35,""163.2""],[0.36,""187.8""],[0.37,""227.8""],[0.38,""142.3""],[0.39,""69""],[0.4,""66.33""]]"
2026-05-17T02:22:55.813Z,btc-updown-15m-1778984100,"Bitcoin Up or Down - May 16, 10:15PM-10:30PM ET",btc-updown-15m-1778984100,2026-05-17T02:30:00Z,,0.59,0.6,0.4,0.41,0.595,0.47,6605.497443999998,,174.33,38.32,"[[0.01,""9589.33""],[0.02,""2131.99""],[0.03,""973.77""],[0.04,""142.35""],[0.05,""183.2""],[0.06,""107.54""],[0.07,""115.39""],[0.08,""90.29""],[0.09,""92.72""],[0.1,""73.57""],[0.11,""589.7""],[0.12,""556.74""],[0.13,""1241.2""],[0.14,""552.05""],[0.15,""580.27""],[0.16,""558.55""],[0.17,""72.62""],[0.18,""45.86""],[0.19,""64.77""],[0.2,""68.8""],[0.21,""63.1""],[0.22,""42.5""],[0.23,""61.89""],[0.24,""41.39""],[0.25,""81""],[0.26,""40.6""],[0.27,""60.2""],[0.28,""39.9""],[0.29,""59.6""],[0.3,""60.96""],[0.31,""59""],[0.32,""38.8""],[0.33,""63.6""],[0.34,""38.4""],[0.35,""106.06""],[0.36,""48""],[0.37,""62.9""],[0.38,""72.7""],[0.39,""57.6""],[0.4,""70.5""],[0.41,""67.4""],[0.42,""53.32""],[0.43,""66.76""],[0.44,""47.2""],[0.45,""82.1""],[0.46,""37.22""],[0.47,""177""],[0.48,""42""],[0.49,""423""],[0.5,""42""],[0.51,""507.61""],[0.52,""60""],[0.53,""430""],[0.54,""170""],[0.55,""210""],[0.56,""105""],[0.57,""40""],[0.58,""176.53""],[0.59,""174.33""]]","[[0.01,""9457.28""],[0.02,""2107.19""],[0.03,""1486.77""],[0.04,""642.06""],[0.05,""683.21""],[0.06,""612.54""],[0.07,""110.39""],[0.08,""96.5""],[0.09,""87.72""],[0.1,""318.3""],[0.11,""89.7""],[0.12,""81.74""],[0.13,""84.2""],[0.14,""58.05""],[0.15,""70.17""],[0.16,""263.55""],[0.17,""467.19""],[0.18,""50.86""],[0.19,""353.09""],[0.2,""103.81""],[0.21,""88.1""],[0.22,""67.5""],[0.23,""86.89""],[0.24,""86.39""],[0.25,""86""],[0.26,""194.6""],[0.27,""80.2""],[0.28,""214.9""],[0.29,""84.6""],[0.3,""47.15""],[0.31,""82.7""],[0.32,""71.1""],[0.33,""74.6""],[0.34,""94.4""],[0.35,""115.89""],[0.36,""227.8""],[0.37,""237.8""],[0.38,""188.3""],[0.39,""82""],[0.4,""38.32""]]"
2026-05-17T02:22:57.864Z,btc-updown-15m-1778984100,"Bitcoin Up or Down - May 16, 10:15PM-10:30PM ET",btc-updown-15m-1778984100,2026-05-17T02:30:00Z,,0.59,0.6,0.4,0.41,0.595,0.47,6605.497443999998,,92.4,71.3,"[[0.01,""9594.33""],[0.02,""2131.99""],[0.03,""973.77""],[0.04,""142.35""],[0.05,""183.2""],[0.06,""107.54""],[0.07,""115.39""],[0.08,""90.29""],[0.09,""92.72""],[0.1,""73.57""],[0.11,""89.7""],[0.12,""556.74""],[0.13,""1241.2""],[0.14,""552.05""],[0.15,""580.27""],[0.16,""558.55""],[0.17,""72.62""],[0.18,""45.86""],[0.19,""64.77""],[0.2,""68.8""],[0.21,""63.1""],[0.22,""42.5""],[0.23,""61.89""],[0.24,""41.39""],[0.25,""81""],[0.26,""40.6""],[0.27,""60.2""],[0.28,""39.9""],[0.29,""59.6""],[0.3,""60.96""],[0.31,""59""],[0.32,""38.8""],[0.33,""63.6""],[0.34,""38.4""],[0.35,""106.06""],[0.36,""48""],[0.37,""62.9""],[0.38,""72.7""],[0.39,""57.6""],[0.4,""70.5""],[0.41,""67.4""],[0.42,""53.32""],[0.43,""66.76""],[0.44,""47.2""],[0.45,""82.1""],[0.46,""37.22""],[0.47,""77""],[0.48,""142""],[0.49,""423""],[0.5,""42""],[0.51,""496.61""],[0.52,""76""],[0.53,""430""],[0.54,""170""],[0.55,""220""],[0.56,""110""],[0.57,""40""],[0.58,""176.53""],[0.59,""92.4""]]","[[0.01,""9462.28""],[0.02,""2107.19""],[0.03,""1486.77""],[0.04,""642.06""],[0.05,""683.21""],[0.06,""612.54""],[0.07,""110.39""],[0.08,""96.5""],[0.09,""87.72""],[0.1,""318.3""],[0.11,""89.7""],[0.12,""81.74""],[0.13,""84.2""],[0.14,""58.05""],[0.15,""70.17""],[0.16,""263.55""],[0.17,""467.19""],[0.18,""50.86""],[0.19,""353.09""],[0.2,""43.81""],[0.21,""88.1""],[0.22,""67.5""],[0.23,""86.89""],[0.24,""86.39""],[0.25,""86""],[0.26,""194.6""],[0.27,""180.2""],[0.28,""114.9""],[0.29,""84.6""],[0.3,""52.15""],[0.31,""82.7""],[0.32,""71.1""],[0.33,""74.6""],[0.34,""81""],[0.35,""110""],[0.36,""227.8""],[0.37,""187.8""],[0.38,""238.3""],[0.39,""67""],[0.4,""71.3""]]"
2026-05-17T02:22:59.829Z,btc-updown-15m-1778984100,"Bitcoin Up or Down - May 16, 10:15PM-10:30PM ET",btc-updown-15m-1778984100,2026-05-17T02:30:00Z,,0.59,0.6,0.4,0.41,0.595,0.47,6605.497443999998,,78.2,76.3,"[[0.01,""9589.33""],[0.02,""2131.99""],[0.03,""973.77""],[0.04,""142.35""],[0.05,""183.2""],[0.06,""107.54""],[0.07,""115.39""],[0.08,""90.29""],[0.09,""92.72""],[0.1,""73.57""],[0.11,""89.7""],[0.12,""556.74""],[0.13,""1241.2""],[0.14,""552.05""],[0.15,""580.27""],[0.16,""58.55""],[0.17,""72.62""],[0.18,""45.86""],[0.19,""64.77""],[0.2,""68.8""],[0.21,""63.1""],[0.22,""42.5""],[0.23,""61.89""],[0.24,""41.39""],[0.25,""81""],[0.26,""40.6""],[0.27,""60.2""],[0.28,""39.9""],[0.29,""59.6""],[0.3,""60.96""],[0.31,""59""],[0.32,""38.8""],[0.33,""63.6""],[0.34,""38.4""],[0.35,""106.06""],[0.36,""48""],[0.37,""62.9""],[0.38,""72.7""],[0.39,""57.6""],[0.4,""70.5""],[0.41,""67.4""],[0.42,""53.32""],[0.43,""66.76""],[0.44,""47.2""],[0.45,""82.1""],[0.46,""37.22""],[0.47,""77""],[0.48,""142""],[0.49,""223""],[0.5,""42""],[0.51,""496.61""],[0.52,""88""],[0.53,""420""],[0.54,""170""],[0.55,""185""],[0.56,""85""],[0.57,""45""],[0.58,""144.53""],[0.59,""78.2""]]","[[0.01,""9462.28""],[0.02,""2107.19""],[0.03,""1486.77""],[0.04,""642.06""],[0.05,""683.21""],[0.06,""612.54""],[0.07,""110.39""],[0.08,""96.5""],[0.09,""87.72""],[0.1,""318.3""],[0.11,""89.7""],[0.12,""81.74""],[0.13,""84.2""],[0.14,""58.05""],[0.15,""70.17""],[0.16,""63.55""],[0.17,""467.19""],[0.18,""50.86""],[0.19,""353.09""],[0.2,""43.81""],[0.21,""88.1""],[0.22,""67.5""],[0.23,""86.89""],[0.24,""86.39""],[0.25,""86""],[0.26,""194.6""],[0.27,""180.2""],[0.28,""74.9""],[0.29,""124.6""],[0.3,""47.15""],[0.31,""82.7""],[0.32,""71.1""],[0.33,""74.6""],[0.34,""81""],[0.35,""110""],[0.36,""227.8""],[0.37,""192.8""],[0.38,""193.3""],[0.39,""79.8""],[0.4,""76.3""]]"
2026-05-17T02:23:01.760Z,btc-updown-15m-1778984100,"Bitcoin Up or Down - May 16, 10:15PM-10:30PM ET",btc-updown-15m-1778984100,2026-05-17T02:30:00Z,,0.59,0.6,0.4,0.41,0.595,0.47,6605.497443999998,,68.2,49.64,"[[0.01,""9589.33""],[0.02,""2131.99""],[0.03,""973.77""],[0.04,""142.35""],[0.05,""183.2""],[0.06,""107.54""],[0.07,""115.39""],[0.08,""73.29""],[0.09,""92.72""],[0.1,""73.57""],[0.11,""89.7""],[0.12,""556.74""],[0.13,""1241.2""],[0.14,""552.05""],[0.15,""580.27""],[0.16,""58.55""],[0.17,""72.62""],[0.18,""45.86""],[0.19,""64.77""],[0.2,""68.8""],[0.21,""63.1""],[0.22,""42.5""],[0.23,""61.89""],[0.24,""41.39""],[0.25,""81""],[0.26,""40.6""],[0.27,""60.2""],[0.28,""39.9""],[0.29,""59.6""],[0.3,""60.96""],[0.31,""59""],[0.32,""38.8""],[0.33,""63.6""],[0.34,""38.4""],[0.35,""106.06""],[0.36,""48""],[0.37,""62.9""],[0.38,""72.7""],[0.39,""57.6""],[0.4,""70.5""],[0.41,""67.4""],[0.42,""53.32""],[0.43,""66.76""],[0.44,""47.2""],[0.45,""82.1""],[0.46,""37.22""],[0.47,""77""],[0.48,""142""],[0.49,""272""],[0.5,""142""],[0.51,""496.61""],[0.52,""58""],[0.53,""400""],[0.54,""245""],[0.55,""155""],[0.56,""120""],[0.57,""40""],[0.58,""169.53""],[0.59,""68.2""]]","[[0.01,""9467.28""],[0.02,""2107.19""],[0.03,""1486.77""],[0.04,""642.06""],[0.05,""683.21""],[0.06,""612.54""],[0.07,""110.39""],[0.08,""79.5""],[0.09,""87.72""],[0.1,""68.3""],[0.11,""89.7""],[0.12,""81.74""],[0.13,""84.2""],[0.14,""58.05""],[0.15,""70.17""],[0.16,""63.55""],[0.17,""667.19""],[0.18,""50.86""],[0.19,""353.09""],[0.2,""43.81""],[0.21,""83.1""],[0.22,""62.5""],[0.23,""91.89""],[0.24,""91.39""],[0.25,""91""],[0.26,""189.6""],[0.27,""180.2""],[0.28,""74.9""],[0.29,""124.6""],[0.3,""47.15""],[0.31,""82.7""],[0.32,""76.1""],[0.33,""101""],[0.34,""81""],[0.35,""235""],[0.36,""187.8""],[0.37,""67.8""],[0.38,""243.3""],[0.39,""79.8""],[0.4,""49.64""]]"
2026-05-17T02:23:03.766Z,btc-updown-15m-1778984100,"Bitcoin Up or Down - May 16, 10:15PM-10:30PM ET",btc-updown-15m-1778984100,2026-05-17T02:30:00Z,,0.59,0.6,0.4,0.41,0.595,0.47,6605.497443999998,,73.2,54.64,"[[0.01,""9589.33""],[0.02,""2131.99""],[0.03,""973.77""],[0.04,""142.35""],[0.05,""183.2""],[0.06,""107.54""],[0.07,""115.39""],[0.08,""73.29""],[0.09,""92.72""],[0.1,""73.57""],[0.11,""89.7""],[0.12,""556.74""],[0.13,""1241.2""],[0.14,""552.05""],[0.15,""580.27""],[0.16,""58.55""],[0.17,""72.62""],[0.18,""45.86""],[0.19,""64.77""],[0.2,""68.8""],[0.21,""63.1""],[0.22,""42.5""],[0.23,""61.89""],[0.24,""41.39""],[0.25,""81""],[0.26,""40.6""],[0.27,""60.2""],[0.28,""39.9""],[0.29,""59.6""],[0.3,""60.96""],[0.31,""59""],[0.32,""38.8""],[0.33,""63.6""],[0.34,""38.4""],[0.35,""106.06""],[0.36,""48""],[0.37,""62.9""],[0.38,""72.7""],[0.39,""57.6""],[0.4,""70.5""],[0.41,""67.4""],[0.42,""53.32""],[0.43,""66.76""],[0.44,""47.2""],[0.45,""77.1""],[0.46,""37.22""],[0.47,""77""],[0.48,""142""],[0.49,""272""],[0.5,""142""],[0.51,""496.61""],[0.52,""58""],[0.53,""412""],[0.54,""245""],[0.55,""180""],[0.56,""145""],[0.57,""40""],[0.58,""73.53""],[0.59,""73.2""]]","[[0.01,""9462.28""],[0.02,""2107.19""],[0.03,""1486.77""],[0.04,""642.06""],[0.05,""683.21""],[0.06,""612.54""],[0.07,""110.39""],[0.08,""79.5""],[0.09,""87.72""],[0.1,""68.3""],[0.11,""89.7""],[0.12,""81.74""],[0.13,""84.2""],[0.14,""58.05""],[0.15,""75.27""],[0.16,""63.55""],[0.17,""667.19""],[0.18,""50.86""],[0.19,""353.09""],[0.2,""43.81""],[0.21,""83.1""],[0.22,""62.5""],[0.23,""91.89""],[0.24,""91.39""],[0.25,""91""],[0.26,""189.6""],[0.27,""180.2""],[0.28,""74.9""],[0.29,""124.6""],[0.3,""47.15""],[0.31,""82.7""],[0.32,""71.1""],[0.33,""101""],[0.34,""81""],[0.35,""235""],[0.36,""196.21""],[0.37,""67.8""],[0.38,""86.88""],[0.39,""129.8""],[0.4,""54.64""]]"
2026-05-17T02:23:06.674Z,btc-updown-15m-1778984100,"Bitcoin Up or Down - May 16, 10:15PM-10:30PM ET",btc-updown-15m-1778984100,2026-05-17T02:30:00Z,,0.59,0.6,0.4,0.41,0.595,0.47,6605.497443999998,,15.1,141.1,"[[0.01,""9589.33""],[0.02,""2131.99""],[0.03,""973.77""],[0.04,""142.35""],[0.05,""183.2""],[0.06,""107.54""],[0.07,""115.39""],[0.08,""73.29""],[0.09,""92.72""],[0.1,""73.57""],[0.11,""589.7""],[0.12,""56.74""],[0.13,""741.2""],[0.14,""52.05""],[0.15,""80.27""],[0.16,""58.55""],[0.17,""72.62""],[0.18,""45.86""],[0.19,""64.77""],[0.2,""68.8""],[0.21,""63.1""],[0.22,""42.5""],[0.23,""61.89""],[0.24,""41.39""],[0.25,""81""],[0.26,""40.6""],[0.27,""60.2""],[0.28,""39.9""],[0.29,""59.6""],[0.3,""60.96""],[0.31,""59""],[0.32,""38.8""],[0.33,""63.6""],[0.34,""38.4""],[0.35,""106.06""],[0.36,""48""],[0.37,""62.9""],[0.38,""72.7""],[0.39,""57.6""],[0.4,""70.5""],[0.41,""67.4""],[0.42,""47.32""],[0.43,""66.76""],[0.44,""42.2""],[0.45,""77.1""],[0.46,""37.22""],[0.47,""60""],[0.48,""65""],[0.49,""45""],[0.5,""25""],[0.51,""39.61""],[0.52,""5""],[0.53,""20""],[0.55,""116""],[0.56,""65""],[0.58,""7.32""],[0.59,""15.1""]]","[[0.01,""9467.28""],[0.02,""2107.19""],[0.03,""1486.77""],[0.04,""642.06""],[0.05,""683.21""],[0.06,""612.54""],[0.07,""110.39""],[0.08,""79.5""],[0.09,""87.72""],[0.1,""68.3""],[0.11,""89.7""],[0.12,""81.74""],[0.13,""84.2""],[0.14,""52.05""],[0.15,""75.27""],[0.16,""48.55""],[0.17,""67.19""],[0.18,""50.86""],[0.19,""53.09""],[0.2,""58.81""],[0.21,""83.1""],[0.22,""62.5""],[0.23,""81.89""],[0.24,""81.39""],[0.25,""81""],[0.26,""89.6""],[0.27,""80.2""],[0.28,""74.9""],[0.29,""79.6""],[0.3,""52.15""],[0.31,""69""],[0.32,""58.8""],[0.33,""88.6""],[0.34,""41""],[0.35,""70""],[0.36,""71.21""],[0.37,""67.8""],[0.38,""96.88""],[0.39,""71.8""],[0.4,""141.1""]]"
2026-05-17T02:23:09.908Z,btc-updown-15m-1778984100,"Bitcoin Up or Down - May 16, 10:15PM-10:30PM ET",btc-updown-15m-1778984100,2026-05-17T02:30:00Z,,0.53,0.54,0.46,0.47,0.535,0.47,6605.497443999998,,67.8,126.32,"[[0.01,""9589.33""],[0.02,""2131.99""],[0.03,""978.77""],[0.04,""142.35""],[0.05,""183.2""],[0.06,""107.54""],[0.07,""115.39""],[0.08,""73.29""],[0.09,""587.72""],[0.1,""573.57""],[0.11,""589.7""],[0.12,""56.74""],[0.13,""741.2""],[0.14,""52.05""],[0.15,""80.27""],[0.16,""58.55""],[0.17,""72.62""],[0.18,""45.86""],[0.19,""64.77""],[0.2,""68.8""],[0.21,""63.1""],[0.22,""42.5""],[0.23,""61.89""],[0.24,""41.39""],[0.25,""81""],[0.26,""45.6""],[0.27,""60.2""],[0.28,""39.9""],[0.29,""59.6""],[0.3,""60.96""],[0.31,""64""],[0.32,""38.8""],[0.33,""58.6""],[0.34,""43.4""],[0.35,""112.06""],[0.36,""43""],[0.37,""77.9""],[0.38,""77.7""],[0.39,""72.6""],[0.4,""70.5""],[0.41,""82.4""],[0.42,""247.32""],[0.43,""66.76""],[0.44,""37.2""],[0.45,""82.1""],[0.46,""332.22""],[0.47,""40""],[0.48,""80""],[0.49,""71""],[0.5,""25""],[0.51,""224.61""],[0.52,""261""],[0.53,""67.8""]]","[[0.01,""9472.28""],[0.02,""2107.19""],[0.03,""986.77""],[0.04,""642.06""],[0.05,""683.21""],[0.06,""612.54""],[0.07,""605.39""],[0.08,""579.5""],[0.09,""587.72""],[0.1,""68.3""],[0.11,""89.7""],[0.12,""61.74""],[0.13,""84.2""],[0.14,""57.05""],[0.15,""75.27""],[0.16,""48.55""],[0.17,""67.19""],[0.18,""51.86""],[0.19,""53.09""],[0.2,""58.81""],[0.21,""78.1""],[0.22,""62.5""],[0.23,""386.89""],[0.24,""61.39""],[0.25,""81""],[0.26,""74.6""],[0.27,""80.2""],[0.28,""74.9""],[0.29,""84.6""],[0.3,""52.15""],[0.31,""159""],[0.32,""153.8""],[0.33,""58.6""],[0.34,""38.4""],[0.35,""78.2""],[0.36,""93""],[0.37,""107.9""],[0.38,""257.7""],[0.39,""183.8""],[0.4,""69.68""],[0.41,""79.8""],[0.42,""90.35""],[0.43,""67.8""],[0.44,""62.8""],[0.45,""121.81""],[0.46,""126.32""]]"
2026-05-17T02:23:11.684Z,btc-updown-15m-1778984100,"Bitcoin Up or Down - May 16, 10:15PM-10:30PM ET",btc-updown-15m-1778984100,2026-05-17T02:30:00Z,,0.53,0.54,0.46,0.47,0.535,0.47,6605.497443999998,,265.67,51.71,"[[0.01,""9589.33""],[0.02,""2126.99""],[0.03,""978.77""],[0.04,""142.35""],[0.05,""183.2""],[0.06,""107.54""],[0.07,""115.39""],[0.08,""73.29""],[0.09,""587.72""],[0.1,""573.57""],[0.11,""589.7""],[0.12,""56.74""],[0.13,""741.2""],[0.14,""52.05""],[0.15,""80.27""],[0.16,""58.55""],[0.17,""72.62""],[0.18,""45.86""],[0.19,""64.77""],[0.2,""68.8""],[0.21,""63.1""],[0.22,""42.5""],[0.23,""61.89""],[0.24,""41.39""],[0.25,""81""],[0.26,""45.6""],[0.27,""60.2""],[0.28,""39.9""],[0.29,""59.6""],[0.3,""60.96""],[0.31,""64""],[0.32,""38.8""],[0.33,""58.6""],[0.34,""43.4""],[0.35,""112.06""],[0.36,""43""],[0.37,""77.9""],[0.38,""77.7""],[0.39,""72.6""],[0.4,""70.5""],[0.41,""82.4""],[0.42,""347.32""],[0.43,""166.76""],[0.44,""437.2""],[0.45,""82.1""],[0.46,""332.22""],[0.47,""72""],[0.48,""45""],[0.49,""121""],[0.5,""20""],[0.51,""229.61""],[0.52,""185""],[0.53,""265.67""]]","[[0.01,""9472.28""],[0.02,""2107.19""],[0.03,""986.77""],[0.04,""642.06""],[0.05,""683.21""],[0.06,""612.54""],[0.07,""605.39""],[0.08,""579.5""],[0.09,""587.72""],[0.1,""68.3""],[0.11,""89.7""],[0.12,""61.74""],[0.13,""84.2""],[0.14,""57.05""],[0.15,""75.27""],[0.16,""48.55""],[0.17,""67.19""],[0.18,""51.86""],[0.19,""53.09""],[0.2,""258.81""],[0.21,""78.1""],[0.22,""462.5""],[0.23,""386.89""],[0.24,""61.39""],[0.25,""81""],[0.26,""74.6""],[0.27,""85.2""],[0.28,""79.9""],[0.29,""94.6""],[0.3,""57.15""],[0.31,""164""],[0.32,""153.8""],[0.33,""58.6""],[0.34,""38.4""],[0.35,""118.2""],[0.36,""93""],[0.37,""67.9""],[0.38,""257.7""],[0.39,""183.8""],[0.4,""44.68""],[0.41,""79.8""],[0.42,""90.35""],[0.43,""102.8""],[0.44,""52.8""],[0.45,""52""],[0.46,""51.71""]]"
2026-05-17T02:23:14.579Z,btc-updown-15m-1778984100,"Bitcoin Up or Down - May 16, 10:15PM-10:30PM ET",btc-updown-15m-1778984100,2026-05-17T02:30:00Z,,0.53,0.54,0.46,0.47,0.535,0.47,6605.497443999998,,73.83,62.18,"[[0.01,""9594.33""],[0.02,""2126.99""],[0.03,""978.77""],[0.04,""142.35""],[0.05,""183.2""],[0.06,""107.54""],[0.07,""115.39""],[0.08,""1073.29""],[0.09,""587.72""],[0.1,""573.57""],[0.11,""89.7""],[0.12,""56.74""],[0.13,""741.2""],[0.14,""52.05""],[0.15,""80.27""],[0.16,""58.55""],[0.17,""72.62""],[0.18,""45.86""],[0.19,""64.77""],[0.2,""68.8""],[0.21,""63.1""],[0.22,""42.5""],[0.23,""61.89""],[0.24,""41.39""],[0.25,""81""],[0.26,""45.6""],[0.27,""60.2""],[0.28,""39.9""],[0.29,""59.6""],[0.3,""60.96""],[0.31,""64""],[0.32,""38.8""],[0.33,""58.6""],[0.34,""38.4""],[0.35,""112.06""],[0.36,""43""],[0.37,""77.9""],[0.38,""77.7""],[0.39,""72.6""],[0.4,""70.5""],[0.41,""82.4""],[0.42,""347.32""],[0.43,""166.76""],[0.44,""437.2""],[0.45,""82.1""],[0.46,""332.22""],[0.47,""50""],[0.48,""30""],[0.49,""130""],[0.5,""36""],[0.51,""209.61""],[0.52,""309.28""],[0.53,""73.83""]]","[[0.01,""9472.28""],[0.02,""2112.19""],[0.03,""986.77""],[0.04,""142.06""],[0.05,""683.21""],[0.06,""612.54""],[0.07,""605.39""],[0.08,""579.5""],[0.09,""87.72""],[0.1,""68.3""],[0.11,""89.7""],[0.12,""61.74""],[0.13,""79.2""],[0.14,""57.05""],[0.15,""75.27""],[0.16,""48.55""],[0.17,""67.19""],[0.18,""51.86""],[0.19,""63.09""],[0.2,""253.81""],[0.21,""78.1""],[0.22,""462.5""],[0.23,""386.89""],[0.24,""61.39""],[0.25,""81""],[0.26,""74.6""],[0.27,""85.2""],[0.28,""64.9""],[0.29,""94.6""],[0.3,""52.15""],[0.31,""164""],[0.32,""153.8""],[0.33,""58.6""],[0.34,""38.4""],[0.35,""78.2""],[0.36,""93""],[0.37,""67.9""],[0.38,""257.7""],[0.39,""192.99""],[0.4,""34.99""],[0.41,""69.8""],[0.42,""81.81""],[0.43,""57.8""],[0.44,""62.8""],[0.45,""57""],[0.46,""62.18""]]"
2026-05-17T02:23:17.983Z,btc-updown-15m-1778984100,"Bitcoin Up or Down - May 16, 10:15PM-10:30PM ET",btc-updown-15m-1778984100,2026-05-17T02:30:00Z,,0.53,0.54,0.46,0.47,0.535,0.47,6605.497443999998,,86.03,53.77,"[[0.01,""9589.33""],[0.02,""2131.99""],[0.03,""978.77""],[0.04,""142.35""],[0.05,""183.2""],[0.06,""107.54""],[0.07,""115.39""],[0.08,""1073.29""],[0.09,""587.72""],[0.1,""573.57""],[0.11,""89.7""],[0.12,""56.74""],[0.13,""741.2""],[0.14,""52.05""],[0.15,""80.27""],[0.16,""58.55""],[0.17,""72.62""],[0.18,""45.86""],[0.19,""64.77""],[0.2,""68.8""],[0.21,""63.1""],[0.22,""42.5""],[0.23,""61.89""],[0.24,""41.39""],[0.25,""81""],[0.26,""45.6""],[0.27,""60.2""],[0.28,""39.9""],[0.29,""59.6""],[0.3,""60.96""],[0.31,""64""],[0.32,""38.8""],[0.33,""58.6""],[0.34,""38.4""],[0.35,""117.06""],[0.36,""43""],[0.37,""77.9""],[0.38,""77.7""],[0.39,""72.6""],[0.4,""70.5""],[0.41,""82.4""],[0.42,""247.32""],[0.43,""166.76""],[0.44,""443.2""],[0.45,""182.1""],[0.46,""332.22""],[0.47,""50""],[0.48,""30""],[0.49,""115""],[0.5,""86""],[0.51,""229.61""],[0.52,""248.8""],[0.53,""86.03""]]","[[0.01,""9472.28""],[0.02,""2117.19""],[0.03,""986.77""],[0.04,""142.06""],[0.05,""688.21""],[0.06,""612.54""],[0.07,""605.39""],[0.08,""579.5""],[0.09,""587.72""],[0.1,""68.3""],[0.11,""89.7""],[0.12,""61.74""],[0.13,""74.2""],[0.14,""57.05""],[0.15,""75.27""],[0.16,""48.55""],[0.17,""67.19""],[0.18,""51.86""],[0.19,""78.09""],[0.2,""243.81""],[0.21,""78.1""],[0.22,""462.5""],[0.23,""386.89""],[0.24,""61.39""],[0.25,""81""],[0.26,""74.6""],[0.27,""80.2""],[0.28,""64.9""],[0.29,""99.6""],[0.3,""52.15""],[0.31,""64""],[0.32,""253.8""],[0.33,""58.6""],[0.34,""38.4""],[0.35,""78.2""],[0.36,""93""],[0.37,""120.7""],[0.38,""265.1""],[0.39,""170""],[0.4,""34.99""],[0.41,""69.8""],[0.42,""81.81""],[0.43,""57.8""],[0.44,""158.8""],[0.45,""128.21""],[0.46,""53.77""]]"
2026-05-17T02:23:20.530Z,btc-updown-15m-1778984100,"Bitcoin Up or Down - May 16, 10:15PM-10:30PM ET",btc-updown-15m-1778984100,2026-05-17T02:30:00Z,,0.52,0.53,0.47,0.48,0.525,0.47,6605.497443999998,,431.7,10.0,"[[0.01,""9589.33""],[0.02,""2131.99""],[0.03,""978.77""],[0.04,""142.35""],[0.05,""183.2""],[0.06,""107.54""],[0.07,""115.39""],[0.08,""1073.29""],[0.09,""587.72""],[0.1,""573.57""],[0.11,""89.7""],[0.12,""56.74""],[0.13,""741.2""],[0.14,""52.05""],[0.15,""80.27""],[0.16,""58.55""],[0.17,""72.62""],[0.18,""45.86""],[0.19,""64.77""],[0.2,""68.8""],[0.21,""63.1""],[0.22,""42.5""],[0.23,""61.89""],[0.24,""41.39""],[0.25,""81""],[0.26,""45.6""],[0.27,""60.2""],[0.28,""39.9""],[0.29,""59.6""],[0.3,""60.96""],[0.31,""64""],[0.32,""38.8""],[0.33,""58.6""],[0.34,""38.4""],[0.35,""127.06""],[0.36,""43""],[0.37,""77.9""],[0.38,""77.7""],[0.39,""72.6""],[0.4,""70.5""],[0.41,""82.4""],[0.42,""252.32""],[0.43,""171.76""],[0.44,""448.2""],[0.45,""187.1""],[0.46,""337.22""],[0.47,""55""],[0.48,""35""],[0.49,""60""],[0.5,""111""],[0.51,""265.99""],[0.52,""431.7""]]","[[0.01,""9472.28""],[0.02,""2117.19""],[0.03,""986.77""],[0.04,""142.06""],[0.05,""688.21""],[0.06,""612.54""],[0.07,""605.39""],[0.08,""579.5""],[0.09,""587.72""],[0.1,""68.3""],[0.11,""89.7""],[0.12,""61.74""],[0.13,""74.2""],[0.14,""57.05""],[0.15,""75.27""],[0.16,""48.55""],[0.17,""67.19""],[0.18,""51.86""],[0.19,""78.09""],[0.2,""243.81""],[0.21,""78.1""],[0.22,""462.5""],[0.23,""386.89""],[0.24,""61.39""],[0.25,""81""],[0.26,""74.6""],[0.27,""80.2""],[0.28,""59.9""],[0.29,""89.6""],[0.3,""47.15""],[0.31,""59""],[0.32,""153.8""],[0.33,""58.6""],[0.34,""38.4""],[0.35,""78.2""],[0.36,""53""],[0.37,""107.9""],[0.38,""122.7""],[0.39,""220""],[0.4,""134.99""],[0.41,""153""],[0.42,""54.81""],[0.43,""25""],[0.44,""20""],[0.45,""15""],[0.46,""36.71""],[0.47,""10""]]"
2026-05-17T02:23:23.325Z,btc-updown-15m-1778984100,"Bitcoin Up or Down - May 16, 10:15PM-10:30PM ET",btc-updown-15m-1778984100,2026-05-17T02:30:00Z,,0.57,0.58,0.42,0.43,0.575,0.47,6605.497443999998,,96.28,64.81,"[[0.01,""9589.33""],[0.02,""2131.99""],[0.03,""973.77""],[0.04,""142.35""],[0.05,""188.2""],[0.06,""107.54""],[0.07,""115.39""],[0.08,""1073.29""],[0.09,""587.72""],[0.1,""573.57""],[0.11,""89.7""],[0.12,""556.74""],[0.13,""1241.2""],[0.14,""52.05""],[0.15,""80.27""],[0.16,""58.55""],[0.17,""72.62""],[0.18,""45.86""],[0.19,""64.77""],[0.2,""68.8""],[0.21,""63.1""],[0.22,""42.5""],[0.23,""61.89""],[0.24,""41.39""],[0.25,""81""],[0.26,""45.6""],[0.27,""60.2""],[0.28,""39.9""],[0.29,""59.6""],[0.3,""60.96""],[0.31,""64""],[0.32,""38.8""],[0.33,""58.6""],[0.34,""38.4""],[0.35,""121.06""],[0.36,""49""],[0.37,""77.9""],[0.38,""72.7""],[0.39,""72.6""],[0.4,""70.5""],[0.41,""87.4""],[0.42,""252.32""],[0.43,""66.76""],[0.44,""37.2""],[0.45,""177.1""],[0.46,""332.22""],[0.47,""177""],[0.48,""35""],[0.49,""70""],[0.5,""106""],[0.51,""209.61""],[0.52,""236.05""],[0.53,""95""],[0.54,""131.04""],[0.55,""162.46""],[0.56,""57""],[0.57,""96.28""]]","[[0.01,""9472.28""],[0.02,""2117.19""],[0.03,""986.77""],[0.04,""142.06""],[0.05,""688.21""],[0.06,""612.54""],[0.07,""605.39""],[0.08,""579.5""],[0.09,""587.72""],[0.1,""68.3""],[0.11,""89.7""],[0.12,""61.74""],[0.13,""74.2""],[0.14,""57.05""],[0.15,""75.27""],[0.16,""48.55""],[0.17,""67.19""],[0.18,""51.86""],[0.19,""78.09""],[0.2,""243.81""],[0.21,""78.1""],[0.22,""62.5""],[0.23,""386.89""],[0.24,""66.39""],[0.25,""81""],[0.26,""74.6""],[0.27,""80.2""],[0.28,""74.9""],[0.29,""84.6""],[0.3,""47.15""],[0.31,""259""],[0.32,""93.8""],[0.33,""58.6""],[0.34,""48.4""],[0.35,""78.2""],[0.36,""48""],[0.37,""102.9""],[0.38,""100""],[0.39,""210.98""],[0.4,""220.99""],[0.41,""92""],[0.42,""64.81""]]"
2026-05-17T02:23:24.629Z,btc-updown-15m-1778984100,"Bitcoin Up or Down - May 16, 10:15PM-10:30PM ET",btc-updown-15m-1778984100,2026-05-17T02:30:00Z,,0.57,0.58,0.42,0.43,0.575,0.47,6605.497443999998,,207.28,37.8,"[[0.01,""9589.33""],[0.02,""2131.99""],[0.03,""973.77""],[0.04,""142.35""],[0.05,""188.2""],[0.06,""107.54""],[0.07,""115.39""],[0.08,""73.29""],[0.09,""587.72""],[0.1,""573.57""],[0.11,""589.7""],[0.12,""556.74""],[0.13,""1241.2""],[0.14,""52.05""],[0.15,""80.27""],[0.16,""58.55""],[0.17,""72.62""],[0.18,""45.86""],[0.19,""64.77""],[0.2,""68.8""],[0.21,""63.1""],[0.22,""42.5""],[0.23,""61.89""],[0.24,""41.39""],[0.25,""81""],[0.26,""45.6""],[0.27,""60.2""],[0.28,""39.9""],[0.29,""59.6""],[0.3,""60.96""],[0.31,""64""],[0.32,""38.8""],[0.33,""58.6""],[0.34,""38.4""],[0.35,""106.06""],[0.36,""49""],[0.37,""62.9""],[0.38,""72.7""],[0.39,""57.6""],[0.4,""70.5""],[0.41,""72.4""],[0.42,""252.32""],[0.43,""66.76""],[0.44,""37.2""],[0.45,""177.1""],[0.46,""332.22""],[0.47,""177""],[0.48,""35""],[0.49,""70""],[0.5,""106""],[0.51,""209.61""],[0.52,""236.05""],[0.53,""80""],[0.54,""87.31""],[0.55,""86.46""],[0.56,""164.74""],[0.57,""207.28""]]","[[0.01,""9472.28""],[0.02,""2107.19""],[0.03,""986.77""],[0.04,""642.06""],[0.05,""688.21""],[0.06,""612.54""],[0.07,""105.39""],[0.08,""79.5""],[0.09,""87.72""],[0.1,""68.3""],[0.11,""89.7""],[0.12,""61.74""],[0.13,""74.2""],[0.14,""57.05""],[0.15,""75.27""],[0.16,""48.55""],[0.17,""67.19""],[0.18,""51.86""],[0.19,""78.09""],[0.2,""243.81""],[0.21,""78.1""],[0.22,""62.5""],[0.23,""386.89""],[0.24,""46.39""],[0.25,""61""],[0.26,""54.6""],[0.27,""60.2""],[0.28,""54.9""],[0.29,""64.6""],[0.3,""47.15""],[0.31,""259""],[0.32,""108.8""],[0.33,""58.6""],[0.34,""38.4""],[0.35,""78.2""],[0.36,""48""],[0.37,""62.9""],[0.38,""100""],[0.39,""156.26""],[0.4,""115""],[0.41,""73""],[0.42,""37.8""]]"
2026-05-17T02:23:27.466Z,btc-updown-15m-1778984100,"Bitcoin Up or Down - May 16, 10:15PM-10:30PM ET",btc-updown-15m-1778984100,2026-05-17T02:30:00Z,,0.64,0.65,0.35,0.36,0.645,0.47,6605.497443999998,,49.19,81.47,"[[0.01,""9584.33""],[0.02,""2131.99""],[0.03,""973.77""],[0.04,""142.35""],[0.05,""183.2""],[0.06,""107.54""],[0.07,""115.39""],[0.08,""73.29""],[0.09,""87.72""],[0.1,""573.57""],[0.11,""589.7""],[0.12,""556.74""],[0.13,""1241.2""],[0.14,""557.05""],[0.15,""580.27""],[0.16,""558.55""],[0.17,""572.62""],[0.18,""45.86""],[0.19,""64.77""],[0.2,""68.8""],[0.21,""63.1""],[0.22,""42.5""],[0.23,""61.89""],[0.24,""41.39""],[0.25,""81""],[0.26,""40.6""],[0.27,""60.2""],[0.28,""39.9""],[0.29,""59.6""],[0.3,""60.96""],[0.31,""59""],[0.32,""43.8""],[0.33,""58.6""],[0.34,""38.4""],[0.35,""106.06""],[0.36,""49""],[0.37,""62.9""],[0.38,""72.7""],[0.39,""57.6""],[0.4,""70.5""],[0.41,""72.4""],[0.42,""247.32""],[0.43,""66.76""],[0.44,""442.2""],[0.45,""77.1""],[0.46,""337.22""],[0.47,""77""],[0.48,""142""],[0.49,""82""],[0.5,""142""],[0.51,""96.61""],[0.52,""37""],[0.53,""72""],[0.54,""37.1""],[0.55,""65""],[0.56,""80""],[0.57,""306""],[0.58,""317""],[0.59,""80""],[0.6,""145""],[0.61,""71""],[0.62,""32.8""],[0.63,""30""],[0.64,""49.19""]]","[[0.01,""9467.28""],[0.02,""2107.19""],[0.03,""1486.77""],[0.04,""642.06""],[0.05,""688.21""],[0.06,""112.54""],[0.07,""110.39""],[0.08,""79.5""],[0.09,""87.72""],[0.1,""68.3""],[0.11,""89.7""],[0.12,""61.74""],[0.13,""79.2""],[0.14,""52.05""],[0.15,""75.27""],[0.16,""48.55""],[0.17,""67.19""],[0.18,""51.86""],[0.19,""78.09""],[0.2,""248.81""],[0.21,""483.1""],[0.22,""77.5""],[0.23,""381.89""],[0.24,""96.39""],[0.25,""61""],[0.26,""69.6""],[0.27,""65.2""],[0.28,""254.9""],[0.29,""54.6""],[0.3,""70.84""],[0.31,""119""],[0.32,""160""],[0.33,""245""],[0.34,""178""],[0.35,""81.47""]]"
2026-05-17T02:23:30.778Z,btc-updown-15m-1778984100,"Bitcoin Up or Down - May 16, 10:15PM-10:30PM ET",btc-updown-15m-1778984100,2026-05-17T02:30:00Z,,0.64,0.65,0.35,0.36,0.645,0.47,6605.497443999998,,30.75,110.97,"[[0.01,""9579.33""],[0.02,""2131.99""],[0.03,""973.77""],[0.04,""142.35""],[0.05,""183.2""],[0.06,""107.54""],[0.07,""115.39""],[0.08,""73.29""],[0.09,""87.72""],[0.1,""73.57""],[0.11,""89.7""],[0.12,""56.74""],[0.13,""1241.2""],[0.14,""557.05""],[0.15,""580.27""],[0.16,""558.55""],[0.17,""572.62""],[0.18,""45.86""],[0.19,""64.77""],[0.2,""68.8""],[0.21,""63.1""],[0.22,""42.5""],[0.23,""61.89""],[0.24,""41.39""],[0.25,""81""],[0.26,""40.6""],[0.27,""60.2""],[0.28,""39.9""],[0.29,""59.6""],[0.3,""60.96""],[0.31,""59""],[0.32,""43.8""],[0.33,""58.6""],[0.34,""38.4""],[0.35,""106.06""],[0.36,""49""],[0.37,""62.9""],[0.38,""72.7""],[0.39,""57.6""],[0.4,""70.5""],[0.41,""72.4""],[0.42,""247.32""],[0.43,""51.76""],[0.44,""442.2""],[0.45,""62.1""],[0.46,""337.22""],[0.47,""62""],[0.48,""142""],[0.49,""82""],[0.5,""142""],[0.51,""96.61""],[0.52,""37""],[0.53,""72""],[0.54,""37.1""],[0.55,""65""],[0.56,""65""],[0.57,""311""],[0.58,""250""],[0.59,""80""],[0.6,""49""],[0.61,""50""],[0.62,""27.8""],[0.63,""101""],[0.64,""30.75""]]","[[0.01,""9962.28""],[0.02,""2607.19""],[0.03,""1486.77""],[0.04,""642.06""],[0.05,""188.21""],[0.06,""112.54""],[0.07,""110.39""],[0.08,""79.5""],[0.09,""87.72""],[0.1,""68.3""],[0.11,""89.7""],[0.12,""61.74""],[0.13,""79.2""],[0.14,""52.05""],[0.15,""75.27""],[0.16,""48.55""],[0.17,""67.19""],[0.18,""51.86""],[0.19,""78.09""],[0.2,""248.81""],[0.21,""483.1""],[0.22,""77.5""],[0.23,""381.89""],[0.24,""96.39""],[0.25,""61""],[0.26,""69.6""],[0.27,""70.2""],[0.28,""159.9""],[0.29,""169.6""],[0.3,""52.15""],[0.31,""164.7""],[0.32,""198.6""],[0.33,""316""],[0.34,""73""],[0.35,""110.97""]]"
2026-05-17T02:23:31.867Z,btc-updown-15m-1778984100,"Bitcoin Up or Down - May 16, 10:15PM-10:30PM ET",btc-updown-15m-1778984100,2026-05-17T02:30:00Z,,0.64,0.65,0.35,0.36,0.645,0.47,6605.497443999998,,147.16,94.97,"[[0.01,""9584.33""],[0.02,""2131.99""],[0.03,""973.77""],[0.04,""142.35""],[0.05,""183.2""],[0.06,""107.54""],[0.07,""115.39""],[0.08,""73.29""],[0.09,""87.72""],[0.1,""73.57""],[0.11,""89.7""],[0.12,""56.74""],[0.13,""1241.2""],[0.14,""557.05""],[0.15,""580.27""],[0.16,""558.55""],[0.17,""572.62""],[0.18,""45.86""],[0.19,""64.77""],[0.2,""68.8""],[0.21,""63.1""],[0.22,""42.5""],[0.23,""61.89""],[0.24,""41.39""],[0.25,""81""],[0.26,""40.6""],[0.27,""60.2""],[0.28,""39.9""],[0.29,""59.6""],[0.3,""60.96""],[0.31,""59""],[0.32,""43.8""],[0.33,""58.6""],[0.34,""38.4""],[0.35,""106.06""],[0.36,""49""],[0.37,""62.9""],[0.38,""72.7""],[0.39,""57.6""],[0.4,""70.5""],[0.41,""72.4""],[0.42,""247.32""],[0.43,""51.76""],[0.44,""442.2""],[0.45,""62.1""],[0.46,""337.22""],[0.47,""62""],[0.48,""142""],[0.49,""82""],[0.5,""142""],[0.51,""96.61""],[0.52,""37""],[0.53,""72""],[0.54,""37.1""],[0.55,""65""],[0.56,""85""],[0.57,""310""],[0.58,""225""],[0.59,""90""],[0.6,""49""],[0.61,""50""],[0.62,""58.8""],[0.63,""25""],[0.64,""147.16""]]","[[0.01,""9962.28""],[0.02,""2607.19""],[0.03,""1486.77""],[0.04,""642.06""],[0.05,""188.21""],[0.06,""112.54""],[0.07,""110.39""],[0.08,""79.5""],[0.09,""87.72""],[0.1,""68.3""],[0.11,""89.7""],[0.12,""61.74""],[0.13,""79.2""],[0.14,""52.05""],[0.15,""75.27""],[0.16,""48.55""],[0.17,""67.19""],[0.18,""51.86""],[0.19,""78.09""],[0.2,""248.81""],[0.21,""483.1""],[0.22,""77.5""],[0.23,""381.89""],[0.24,""96.39""],[0.25,""61""],[0.26,""69.6""],[0.27,""75.2""],[0.28,""159.9""],[0.29,""169.6""],[0.3,""77.15""],[0.31,""159.7""],[0.32,""173.6""],[0.33,""322.23""],[0.34,""40""],[0.35,""94.97""]]"
2026-05-17T02:23:33.886Z,btc-updown-15m-1778984100,"Bitcoin Up or Down - May 16, 10:15PM-10:30PM ET",btc-updown-15m-1778984100,2026-05-17T02:30:00Z,,0.64,0.65,0.35,0.36,0.645,0.47,6605.497443999998,,152.16,109.97,"[[0.01,""9584.33""],[0.02,""2131.99""],[0.03,""973.77""],[0.04,""142.35""],[0.05,""183.2""],[0.06,""107.54""],[0.07,""115.39""],[0.08,""73.29""],[0.09,""87.72""],[0.1,""73.57""],[0.11,""89.7""],[0.12,""56.74""],[0.13,""1241.2""],[0.14,""557.05""],[0.15,""580.27""],[0.16,""558.55""],[0.17,""572.62""],[0.18,""45.86""],[0.19,""64.77""],[0.2,""68.8""],[0.21,""63.1""],[0.22,""42.5""],[0.23,""61.89""],[0.24,""41.39""],[0.25,""81""],[0.26,""40.6""],[0.27,""60.2""],[0.28,""39.9""],[0.29,""59.6""],[0.3,""60.96""],[0.31,""59""],[0.32,""43.8""],[0.33,""58.6""],[0.34,""38.4""],[0.35,""106.06""],[0.36,""49""],[0.37,""62.9""],[0.38,""72.7""],[0.39,""57.6""],[0.4,""70.5""],[0.41,""72.4""],[0.42,""247.32""],[0.43,""51.76""],[0.44,""437.2""],[0.45,""67.1""],[0.46,""337.22""],[0.47,""62""],[0.48,""142""],[0.49,""82""],[0.5,""142""],[0.51,""96.61""],[0.52,""37""],[0.53,""77""],[0.54,""37.1""],[0.55,""65""],[0.56,""85""],[0.57,""315""],[0.58,""200""],[0.59,""105""],[0.6,""59""],[0.61,""102""],[0.62,""32.8""],[0.63,""5""],[0.64,""152.16""]]","[[0.01,""9967.28""],[0.02,""2607.19""],[0.03,""1486.77""],[0.04,""642.06""],[0.05,""188.21""],[0.06,""112.54""],[0.07,""110.39""],[0.08,""79.5""],[0.09,""87.72""],[0.1,""68.3""],[0.11,""89.7""],[0.12,""61.74""],[0.13,""79.2""],[0.14,""52.05""],[0.15,""75.27""],[0.16,""48.55""],[0.17,""67.19""],[0.18,""51.86""],[0.19,""78.09""],[0.2,""253.82""],[0.21,""478.1""],[0.22,""77.5""],[0.23,""381.89""],[0.24,""96.39""],[0.25,""61""],[0.26,""174.6""],[0.27,""170.2""],[0.28,""64.9""],[0.29,""69.6""],[0.3,""82.15""],[0.31,""134.7""],[0.32,""148.6""],[0.33,""316""],[0.34,""45""],[0.35,""109.97""]]"
2026-05-17T02:23:35.858Z,btc-updown-15m-1778984100,"Bitcoin Up or Down - May 16, 10:15PM-10:30PM ET",btc-updown-15m-1778984100,2026-05-17T02:30:00Z,,0.54,0.55,0.45,0.46,0.545,0.47,6605.497443999998,,58.0,109.9,"[[0.01,""9584.33""],[0.02,""2131.99""],[0.03,""973.77""],[0.04,""147.35""],[0.05,""183.2""],[0.06,""107.54""],[0.07,""115.39""],[0.08,""73.29""],[0.09,""587.72""],[0.1,""573.57""],[0.11,""589.7""],[0.12,""56.74""],[0.13,""741.2""],[0.14,""52.05""],[0.15,""80.27""],[0.16,""58.55""],[0.17,""72.62""],[0.18,""45.86""],[0.19,""64.77""],[0.2,""68.8""],[0.21,""63.1""],[0.22,""42.5""],[0.23,""61.89""],[0.24,""41.39""],[0.25,""81""],[0.26,""45.6""],[0.27,""60.2""],[0.28,""39.9""],[0.29,""59.6""],[0.3,""60.96""],[0.31,""59""],[0.32,""38.8""],[0.33,""58.6""],[0.34,""38.4""],[0.35,""116.06""],[0.36,""49""],[0.37,""62.9""],[0.38,""72.7""],[0.39,""57.6""],[0.4,""70.5""],[0.41,""67.4""],[0.42,""257.32""],[0.43,""56.76""],[0.44,""542.2""],[0.45,""67.1""],[0.46,""442.22""],[0.47,""97""],[0.48,""25""],[0.49,""95""],[0.5,""135""],[0.51,""249.61""],[0.52,""42""],[0.53,""20""],[0.54,""58""]]","[[0.01,""9467.28""],[0.02,""2607.19""],[0.03,""1486.77""],[0.04,""693.06""],[0.05,""688.21""],[0.06,""612.54""],[0.07,""605.39""],[0.08,""79.5""],[0.09,""87.72""],[0.1,""68.3""],[0.11,""89.7""],[0.12,""61.74""],[0.13,""79.2""],[0.14,""52.05""],[0.15,""75.27""],[0.16,""48.55""],[0.17,""67.19""],[0.18,""51.86""],[0.19,""78.09""],[0.2,""243.81""],[0.21,""478.1""],[0.22,""77.5""],[0.23,""386.89""],[0.24,""56.39""],[0.25,""61""],[0.26,""69.6""],[0.27,""65.2""],[0.28,""59.9""],[0.29,""79.6""],[0.3,""52.15""],[0.31,""64""],[0.32,""278.8""],[0.33,""83.6""],[0.34,""53.4""],[0.35,""78.2""],[0.36,""53""],[0.37,""146""],[0.38,""106""],[0.39,""239.3""],[0.4,""188.22""],[0.41,""85.13""],[0.42,""77.8""],[0.43,""83.05""],[0.44,""106.29""],[0.45,""109.9""]]"
2026-05-17T02:23:38.634Z,btc-updown-15m-1778984100,"Bitcoin Up or Down - May 16, 10:15PM-10:30PM ET",btc-updown-15m-1778984100,2026-05-17T02:30:00Z,,0.54,0.55,0.45,0.46,0.545,0.47,6605.497443999998,,27.8,145.98,"[[0.01,""9584.33""],[0.02,""2131.99""],[0.03,""973.77""],[0.04,""147.35""],[0.05,""183.2""],[0.06,""107.54""],[0.07,""115.39""],[0.08,""73.29""],[0.09,""587.72""],[0.1,""573.57""],[0.11,""589.7""],[0.12,""56.74""],[0.13,""741.2""],[0.14,""52.05""],[0.15,""80.27""],[0.16,""58.55""],[0.17,""72.62""],[0.18,""45.86""],[0.19,""64.77""],[0.2,""68.8""],[0.21,""63.1""],[0.22,""42.5""],[0.23,""61.89""],[0.24,""41.39""],[0.25,""81""],[0.26,""45.6""],[0.27,""60.2""],[0.28,""39.9""],[0.29,""59.6""],[0.3,""60.96""],[0.31,""59""],[0.32,""38.8""],[0.33,""58.6""],[0.34,""38.4""],[0.35,""117.06""],[0.36,""43""],[0.37,""62.9""],[0.38,""72.7""],[0.39,""57.6""],[0.4,""70.5""],[0.41,""82.4""],[0.42,""252.32""],[0.43,""71.76""],[0.44,""442.2""],[0.45,""177.1""],[0.46,""337.22""],[0.47,""172""],[0.48,""77""],[0.49,""130""],[0.5,""150""],[0.51,""289.61""],[0.52,""126""],[0.53,""129.78""],[0.54,""27.8""]]","[[0.01,""9467.28""],[0.02,""2617.19""],[0.03,""1486.77""],[0.04,""642.06""],[0.05,""688.21""],[0.06,""612.54""],[0.07,""605.39""],[0.08,""79.5""],[0.09,""87.72""],[0.1,""68.3""],[0.11,""89.7""],[0.12,""61.74""],[0.13,""79.2""],[0.14,""52.05""],[0.15,""75.27""],[0.16,""48.55""],[0.17,""73.19""],[0.18,""45.86""],[0.19,""78.09""],[0.2,""243.81""],[0.21,""478.1""],[0.22,""77.5""],[0.23,""386.89""],[0.24,""56.39""],[0.25,""61""],[0.26,""69.6""],[0.27,""65.2""],[0.28,""59.9""],[0.29,""74.6""],[0.3,""52.15""],[0.31,""64""],[0.32,""253.8""],[0.33,""58.6""],[0.34,""53.4""],[0.35,""78.2""],[0.36,""108""],[0.37,""136.79""],[0.38,""121""],[0.39,""241.3""],[0.4,""169.72""],[0.41,""74""],[0.42,""77.8""],[0.43,""83.05""],[0.44,""67""],[0.45,""145.98""]]"
2026-05-17T02:23:41.203Z,btc-updown-15m-1778984100,"Bitcoin Up or Down - May 16, 10:15PM-10:30PM ET",btc-updown-15m-1778984100,2026-05-17T02:30:00Z,,0.54,0.55,0.45,0.46,0.545,0.47,6605.497443999998,,100.87,240.29,"[[0.01,""9584.33""],[0.02,""2131.99""],[0.03,""973.77""],[0.04,""147.35""],[0.05,""183.2""],[0.06,""107.54""],[0.07,""115.39""],[0.08,""73.29""],[0.09,""587.72""],[0.1,""573.57""],[0.11,""589.7""],[0.12,""56.74""],[0.13,""741.2""],[0.14,""52.05""],[0.15,""80.27""],[0.16,""58.55""],[0.17,""72.62""],[0.18,""45.86""],[0.19,""64.77""],[0.2,""68.8""],[0.21,""63.1""],[0.22,""42.5""],[0.23,""61.89""],[0.24,""41.39""],[0.25,""81""],[0.26,""45.6""],[0.27,""60.2""],[0.28,""39.9""],[0.29,""59.6""],[0.3,""60.96""],[0.31,""59""],[0.32,""38.8""],[0.33,""58.6""],[0.34,""38.4""],[0.35,""117.06""],[0.36,""43""],[0.37,""67.9""],[0.38,""72.7""],[0.39,""57.6""],[0.4,""70.5""],[0.41,""82.4""],[0.42,""252.32""],[0.43,""71.76""],[0.44,""442.2""],[0.45,""177.1""],[0.46,""342.22""],[0.47,""182""],[0.48,""82""],[0.49,""130""],[0.5,""166""],[0.51,""294.61""],[0.52,""25""],[0.53,""41""],[0.54,""100.87""]]","[[0.01,""9467.28""],[0.02,""2617.19""],[0.03,""1486.77""],[0.04,""642.06""],[0.05,""688.21""],[0.06,""612.54""],[0.07,""605.39""],[0.08,""79.5""],[0.09,""87.72""],[0.1,""68.3""],[0.11,""89.7""],[0.12,""61.74""],[0.13,""79.2""],[0.14,""52.05""],[0.15,""75.27""],[0.16,""48.55""],[0.17,""73.19""],[0.18,""50.86""],[0.19,""73.09""],[0.2,""243.81""],[0.21,""478.1""],[0.22,""62.5""],[0.23,""386.89""],[0.24,""41.39""],[0.25,""61""],[0.26,""54.6""],[0.27,""65.2""],[0.28,""44.9""],[0.29,""74.6""],[0.3,""52.15""],[0.31,""64""],[0.32,""253.8""],[0.33,""58.6""],[0.34,""53.4""],[0.35,""68.2""],[0.36,""138""],[0.37,""91.79""],[0.38,""161""],[0.39,""201.3""],[0.4,""160""],[0.41,""72""],[0.42,""72.8""],[0.43,""69.8""],[0.44,""82""],[0.45,""240.29""]]"
2026-05-17T02:23:42.564Z,btc-updown-15m-1778984100,"Bitcoin Up or Down - May 16, 10:15PM-10:30PM ET",btc-updown-15m-1778984100,2026-05-17T02:30:00Z,,0.54,0.55,0.45,0.46,0.545,0.47,6605.497443999998,,20.35,247.73,"[[0.01,""9579.33""],[0.02,""2131.99""],[0.03,""973.77""],[0.04,""147.35""],[0.05,""183.2""],[0.06,""107.54""],[0.07,""615.39""],[0.08,""573.29""],[0.09,""587.72""],[0.1,""73.57""],[0.11,""89.7""],[0.12,""56.74""],[0.13,""741.2""],[0.14,""52.05""],[0.15,""80.27""],[0.16,""58.55""],[0.17,""72.62""],[0.18,""45.86""],[0.19,""64.77""],[0.2,""68.8""],[0.21,""63.1""],[0.22,""42.5""],[0.23,""61.89""],[0.24,""41.39""],[0.25,""81""],[0.26,""45.6""],[0.27,""60.2""],[0.28,""39.9""],[0.29,""59.6""],[0.3,""60.96""],[0.31,""59""],[0.32,""38.8""],[0.33,""58.6""],[0.34,""38.4""],[0.35,""117.06""],[0.36,""43""],[0.37,""62.9""],[0.38,""72.7""],[0.39,""57.6""],[0.4,""70.5""],[0.41,""82.4""],[0.42,""257.32""],[0.43,""71.76""],[0.44,""542.2""],[0.45,""83.1""],[0.46,""442.22""],[0.47,""72""],[0.48,""101""],[0.49,""190""],[0.5,""241""],[0.51,""125.61""],[0.52,""25""],[0.54,""20.35""]]","[[0.01,""9467.28""],[0.02,""2117.19""],[0.03,""1486.77""],[0.04,""642.06""],[0.05,""688.21""],[0.06,""612.54""],[0.07,""605.39""],[0.08,""579.5""],[0.09,""587.72""],[0.1,""68.3""],[0.11,""89.7""],[0.12,""61.74""],[0.13,""79.2""],[0.14,""52.05""],[0.15,""75.27""],[0.16,""48.55""],[0.17,""73.19""],[0.18,""50.86""],[0.19,""73.09""],[0.2,""243.81""],[0.21,""478.1""],[0.22,""62.5""],[0.23,""386.89""],[0.24,""41.39""],[0.25,""61""],[0.26,""54.6""],[0.27,""65.2""],[0.28,""49.9""],[0.29,""74.6""],[0.3,""52.15""],[0.31,""64""],[0.32,""253.8""],[0.33,""58.6""],[0.34,""53.4""],[0.35,""68.2""],[0.36,""58""],[0.37,""131.79""],[0.38,""73.7""],[0.39,""181.3""],[0.4,""185""],[0.41,""160""],[0.42,""95.93""],[0.43,""89.8""],[0.44,""202.27""],[0.45,""247.73""]]"
2026-05-17T02:23:44.560Z,btc-updown-15m-1778984100,"Bitcoin Up or Down - May 16, 10:15PM-10:30PM ET",btc-updown-15m-1778984100,2026-05-17T02:30:00Z,,0.49,0.5,0.5,0.51,0.495,0.47,6605.497443999998,,5.0,268.29,"[[0.01,""9579.33""],[0.02,""2181.99""],[0.03,""973.77""],[0.04,""147.35""],[0.05,""683.2""],[0.06,""607.54""],[0.07,""115.39""],[0.08,""73.29""],[0.09,""87.72""],[0.1,""73.57""],[0.11,""89.7""],[0.12,""56.74""],[0.13,""741.2""],[0.14,""52.05""],[0.15,""75.27""],[0.16,""58.55""],[0.17,""72.62""],[0.18,""45.86""],[0.19,""69.77""],[0.2,""68.8""],[0.21,""63.1""],[0.22,""42.5""],[0.23,""61.89""],[0.24,""41.39""],[0.25,""81""],[0.26,""40.6""],[0.27,""60.2""],[0.28,""39.9""],[0.29,""70.6""],[0.3,""60.96""],[0.31,""64""],[0.32,""38.8""],[0.33,""58.6""],[0.34,""43.4""],[0.35,""121.06""],[0.36,""48""],[0.37,""82.9""],[0.38,""377.7""],[0.39,""77.6""],[0.4,""163""],[0.41,""215""],[0.42,""40.02""],[0.43,""80.56""],[0.44,""50""],[0.45,""125""],[0.47,""65""],[0.48,""33.8""],[0.49,""5""]]","[[0.01,""9467.28""],[0.02,""2117.19""],[0.03,""986.77""],[0.04,""142.06""],[0.05,""188.21""],[0.06,""112.54""],[0.07,""605.39""],[0.08,""579.5""],[0.09,""587.72""],[0.1,""568.3""],[0.11,""589.7""],[0.12,""61.74""],[0.13,""574.2""],[0.14,""52.05""],[0.15,""75.27""],[0.16,""48.55""],[0.17,""67.19""],[0.18,""45.86""],[0.19,""63.09""],[0.2,""48.81""],[0.21,""78.1""],[0.22,""62.5""],[0.23,""102.89""],[0.24,""41.39""],[0.25,""61""],[0.26,""54.6""],[0.27,""60.2""],[0.28,""44.9""],[0.29,""359.6""],[0.3,""32.15""],[0.31,""59""],[0.32,""38.8""],[0.33,""68.6""],[0.34,""38.4""],[0.35,""68.2""],[0.36,""58""],[0.37,""62.9""],[0.38,""163.7""],[0.39,""168.6""],[0.4,""62.5""],[0.41,""67.4""],[0.42,""157.3""],[0.43,""82.2""],[0.44,""30""],[0.45,""187.96""],[0.46,""187""],[0.47,""72.8""],[0.48,""116.03""],[0.49,""72.8""],[0.5,""268.29""]]"
2026-05-17T02:23:46.575Z,btc-updown-15m-1778984100,"Bitcoin Up or Down - May 16, 10:15PM-10:30PM ET",btc-updown-15m-1778984100,2026-05-17T02:30:00Z,,0.47,0.48,0.52,0.53,0.475,0.47,6605.497443999998,,12.8,34.0,"[[0.01,""9584.33""],[0.02,""2181.99""],[0.03,""1473.77""],[0.04,""647.35""],[0.05,""683.2""],[0.06,""107.54""],[0.07,""115.39""],[0.08,""73.29""],[0.09,""87.72""],[0.1,""73.57""],[0.11,""89.7""],[0.12,""56.74""],[0.13,""741.2""],[0.14,""52.05""],[0.15,""75.27""],[0.16,""58.55""],[0.17,""72.62""],[0.18,""45.86""],[0.19,""69.77""],[0.2,""68.8""],[0.21,""63.1""],[0.22,""42.5""],[0.23,""61.89""],[0.24,""41.39""],[0.25,""81""],[0.26,""40.6""],[0.27,""60.2""],[0.28,""39.9""],[0.29,""70.6""],[0.3,""60.96""],[0.31,""59""],[0.32,""38.8""],[0.33,""73.6""],[0.34,""38.4""],[0.35,""126.06""],[0.36,""153""],[0.37,""122.9""],[0.38,""365""],[0.39,""72""],[0.4,""63""],[0.41,""65""],[0.42,""30.02""],[0.43,""210.56""],[0.44,""45""],[0.45,""30.03""],[0.46,""70.96""],[0.47,""12.8""]]","[[0.01,""9472.28""],[0.02,""2117.19""],[0.03,""986.77""],[0.04,""142.06""],[0.05,""188.21""],[0.06,""112.54""],[0.07,""105.39""],[0.08,""79.5""],[0.09,""587.72""],[0.1,""568.3""],[0.11,""589.7""],[0.12,""561.74""],[0.13,""74.2""],[0.14,""552.05""],[0.15,""75.27""],[0.16,""48.55""],[0.17,""67.19""],[0.18,""45.86""],[0.19,""63.09""],[0.2,""48.81""],[0.21,""78.1""],[0.22,""62.5""],[0.23,""102.89""],[0.24,""41.39""],[0.25,""61""],[0.26,""54.6""],[0.27,""60.2""],[0.28,""44.9""],[0.29,""359.6""],[0.3,""32.15""],[0.31,""59""],[0.32,""43.8""],[0.33,""63.6""],[0.34,""43.4""],[0.35,""73.2""],[0.36,""63""],[0.37,""62.9""],[0.38,""152.7""],[0.39,""157.6""],[0.4,""52.5""],[0.41,""57.4""],[0.42,""57.3""],[0.43,""57.2""],[0.44,""37.2""],[0.45,""97.26""],[0.46,""179.1""],[0.47,""104.8""],[0.48,""208.03""],[0.49,""243.93""],[0.5,""162.25""],[0.51,""99.9""],[0.52,""34""]]"
2026-05-17T02:23:49.471Z,btc-updown-15m-1778984100,"Bitcoin Up or Down - May 16, 10:15PM-10:30PM ET",btc-updown-15m-1778984100,2026-05-17T02:30:00Z,,0.44,0.45,0.55,0.56,0.445,0.47,6605.497443999998,,12.44,143.02,"[[0.01,""9584.33""],[0.02,""2631.99""],[0.03,""1473.77""],[0.04,""647.35""],[0.05,""683.2""],[0.06,""107.54""],[0.07,""115.39""],[0.08,""73.29""],[0.09,""87.72""],[0.1,""73.57""],[0.11,""89.7""],[0.12,""56.74""],[0.13,""746.2""],[0.14,""52.05""],[0.15,""75.27""],[0.16,""58.55""],[0.17,""72.62""],[0.18,""45.86""],[0.19,""64.77""],[0.2,""68.8""],[0.21,""63.1""],[0.22,""47.5""],[0.23,""61.89""],[0.24,""41.39""],[0.25,""81""],[0.26,""40.6""],[0.27,""65.2""],[0.28,""39.9""],[0.29,""79.6""],[0.3,""60.96""],[0.31,""74""],[0.32,""38.8""],[0.33,""73.6""],[0.34,""38.4""],[0.35,""561.06""],[0.36,""135""],[0.37,""65""],[0.38,""65""],[0.39,""109.9""],[0.4,""123""],[0.41,""150""],[0.42,""326.02""],[0.43,""25""],[0.44,""12.44""]]","[[0.01,""9467.28""],[0.02,""2117.19""],[0.03,""986.77""],[0.04,""147.06""],[0.05,""188.21""],[0.06,""112.54""],[0.07,""105.39""],[0.08,""79.5""],[0.09,""87.72""],[0.1,""68.3""],[0.11,""589.7""],[0.12,""561.74""],[0.13,""574.2""],[0.14,""552.05""],[0.15,""575.27""],[0.16,""548.55""],[0.17,""567.19""],[0.18,""45.86""],[0.19,""58.09""],[0.2,""48.81""],[0.21,""78.1""],[0.22,""62.5""],[0.23,""81.89""],[0.24,""47.39""],[0.25,""71""],[0.26,""54.6""],[0.27,""60.2""],[0.28,""39.9""],[0.29,""59.6""],[0.3,""332.15""],[0.31,""59""],[0.32,""38.8""],[0.33,""63.6""],[0.34,""38.4""],[0.35,""63.2""],[0.36,""43""],[0.37,""77.9""],[0.38,""47.7""],[0.39,""62.6""],[0.4,""152.5""],[0.41,""157.4""],[0.42,""52.3""],[0.43,""57.2""],[0.44,""37.2""],[0.45,""57.26""],[0.46,""117.1""],[0.47,""97""],[0.48,""132""],[0.49,""202""],[0.5,""197.5""],[0.51,""57.8""],[0.52,""129.8""],[0.53,""83.8""],[0.54,""77""],[0.55,""143.02""]]"
2026-05-17T02:23:51.777Z,btc-updown-15m-1778984100,"Bitcoin Up or Down - May 16, 10:15PM-10:30PM ET",btc-updown-15m-1778984100,2026-05-17T02:30:00Z,,0.36,0.37,0.63,0.64,0.365,0.47,6605.497443999998,,41.55,150.58,"[[0.01,""10084.33""],[0.02,""2631.99""],[0.03,""1473.77""],[0.04,""142.35""],[0.05,""183.2""],[0.06,""107.54""],[0.07,""115.39""],[0.08,""73.29""],[0.09,""87.72""],[0.1,""73.57""],[0.11,""89.7""],[0.12,""56.74""],[0.13,""746.2""],[0.14,""52.05""],[0.15,""75.27""],[0.16,""63.55""],[0.17,""72.62""],[0.18,""45.86""],[0.19,""64.77""],[0.2,""68.8""],[0.21,""73.1""],[0.22,""42.5""],[0.23,""61.89""],[0.24,""41.39""],[0.25,""381""],[0.26,""40.6""],[0.27,""40""],[0.28,""20""],[0.29,""240""],[0.3,""51.66""],[0.31,""45""],[0.32,""69.35""],[0.33,""60""],[0.34,""105""],[0.35,""207.86""],[0.36,""41.55""]]","[[0.01,""9462.28""],[0.02,""2167.19""],[0.03,""986.77""],[0.04,""142.06""],[0.05,""188.21""],[0.06,""112.54""],[0.07,""105.39""],[0.08,""79.5""],[0.09,""87.72""],[0.1,""68.3""],[0.11,""89.7""],[0.12,""71.74""],[0.13,""74.2""],[0.14,""52.05""],[0.15,""75.27""],[0.16,""48.55""],[0.17,""81.19""],[0.18,""545.86""],[0.19,""58.09""],[0.2,""43.81""],[0.21,""578.1""],[0.22,""562.5""],[0.23,""581.89""],[0.24,""46.39""],[0.25,""61""],[0.26,""54.6""],[0.27,""60.2""],[0.28,""39.9""],[0.29,""59.6""],[0.3,""32.15""],[0.31,""59""],[0.32,""38.8""],[0.33,""58.6""],[0.34,""53.4""],[0.35,""63.2""],[0.36,""38""],[0.37,""57.9""],[0.38,""37.7""],[0.39,""57.6""],[0.4,""52.5""],[0.41,""57.4""],[0.42,""352.3""],[0.43,""57.2""],[0.44,""37.2""],[0.45,""57.26""],[0.46,""62.1""],[0.47,""162""],[0.48,""57""],[0.49,""57""],[0.5,""71.7""],[0.51,""62""],[0.52,""107.02""],[0.53,""172""],[0.54,""62.1""],[0.55,""207.1""],[0.56,""170""],[0.57,""124.36""],[0.58,""52.8""],[0.59,""96.03""],[0.6,""73.8""],[0.61,""79.8""],[0.62,""257.55""],[0.63,""150.58""]]"
2026-05-17T02:23:53.527Z,btc-updown-15m-1778984100,"Bitcoin Up or Down - May 16, 10:15PM-10:30PM ET",btc-updown-15m-1778984100,2026-05-17T02:30:00Z,,0.37,0.39,0.61,0.63,0.38,0.47,6605.497443999998,,189.6,42.6,"[[0.01,""10079.33""],[0.02,""2626.99""],[0.03,""1468.77""],[0.04,""637.35""],[0.05,""678.2""],[0.06,""602.54""],[0.07,""120.39""],[0.08,""73.29""],[0.09,""87.72""],[0.1,""73.57""],[0.11,""89.7""],[0.12,""56.74""],[0.13,""741.2""],[0.14,""52.05""],[0.15,""75.27""],[0.16,""63.55""],[0.17,""72.62""],[0.18,""51.86""],[0.19,""64.77""],[0.2,""68.8""],[0.21,""68.1""],[0.22,""42.5""],[0.23,""476.89""],[0.24,""41.39""],[0.25,""396""],[0.26,""25""],[0.27,""60""],[0.28,""25""],[0.29,""160""],[0.3,""151.66""],[0.31,""85""],[0.32,""93""],[0.33,""100""],[0.34,""120""],[0.35,""314.62""],[0.36,""20""],[0.37,""189.6""]]","[[0.01,""9457.28""],[0.02,""2162.19""],[0.03,""981.77""],[0.04,""137.06""],[0.05,""183.21""],[0.06,""107.54""],[0.07,""105.39""],[0.08,""79.5""],[0.09,""87.72""],[0.1,""68.3""],[0.11,""89.7""],[0.12,""71.74""],[0.13,""74.2""],[0.14,""52.05""],[0.15,""75.27""],[0.16,""48.55""],[0.17,""67.19""],[0.18,""545.86""],[0.19,""558.09""],[0.2,""543.81""],[0.21,""78.1""],[0.22,""62.5""],[0.23,""81.89""],[0.24,""46.39""],[0.25,""61""],[0.26,""54.6""],[0.27,""60.2""],[0.28,""39.9""],[0.29,""67.6""],[0.3,""32.15""],[0.31,""59""],[0.32,""38.8""],[0.33,""58.6""],[0.34,""53.4""],[0.35,""69.2""],[0.36,""38""],[0.37,""57.9""],[0.38,""37.7""],[0.39,""62.6""],[0.4,""452.5""],[0.41,""57.4""],[0.42,""352.3""],[0.43,""57.2""],[0.44,""42.2""],[0.45,""57.26""],[0.46,""57.1""],[0.47,""57""],[0.48,""52""],[0.49,""197""],[0.5,""51.7""],[0.51,""177""],[0.52,""92.02""],[0.53,""117""],[0.54,""102.1""],[0.55,""247.1""],[0.56,""177.2""],[0.57,""82.2""],[0.58,""73.58""],[0.59,""70.2""],[0.6,""58.5""],[0.61,""42.6""]]"
2026-05-17T02:23:55.556Z,btc-updown-15m-1778984100,"Bitcoin Up or Down - May 16, 10:15PM-10:30PM ET",btc-updown-15m-1778984100,2026-05-17T02:30:00Z,,0.38,0.39,0.61,0.62,0.385,0.47,6605.497443999998,,25.0,70.36,"[[0.01,""10079.33""],[0.02,""2621.99""],[0.03,""1468.77""],[0.04,""637.35""],[0.05,""678.2""],[0.06,""602.54""],[0.07,""120.39""],[0.08,""73.29""],[0.09,""87.72""],[0.1,""73.57""],[0.11,""89.7""],[0.12,""56.74""],[0.13,""741.2""],[0.14,""52.05""],[0.15,""75.27""],[0.16,""63.55""],[0.17,""72.62""],[0.18,""51.86""],[0.19,""64.77""],[0.2,""68.8""],[0.21,""68.1""],[0.22,""247.5""],[0.23,""476.89""],[0.24,""41.39""],[0.25,""401""],[0.26,""25""],[0.27,""60""],[0.28,""25""],[0.29,""160""],[0.3,""151.66""],[0.31,""85""],[0.32,""88""],[0.33,""145""],[0.34,""120""],[0.35,""311.42""],[0.36,""35""],[0.37,""145""],[0.38,""25""]]","[[0.01,""9452.28""],[0.02,""2162.19""],[0.03,""981.77""],[0.04,""137.06""],[0.05,""183.21""],[0.06,""107.54""],[0.07,""105.39""],[0.08,""79.5""],[0.09,""87.72""],[0.1,""68.3""],[0.11,""89.7""],[0.12,""71.74""],[0.13,""74.2""],[0.14,""52.05""],[0.15,""75.27""],[0.16,""48.55""],[0.17,""67.19""],[0.18,""545.86""],[0.19,""558.09""],[0.2,""543.81""],[0.21,""78.1""],[0.22,""62.5""],[0.23,""81.89""],[0.24,""46.39""],[0.25,""61""],[0.26,""54.6""],[0.27,""60.2""],[0.28,""39.9""],[0.29,""59.6""],[0.3,""32.15""],[0.31,""59""],[0.32,""38.8""],[0.33,""58.6""],[0.34,""53.4""],[0.35,""69.2""],[0.36,""43""],[0.37,""57.9""],[0.38,""237.7""],[0.39,""62.6""],[0.4,""437.5""],[0.41,""57.4""],[0.42,""337.3""],[0.43,""57.2""],[0.44,""37.2""],[0.45,""42.26""],[0.46,""42.1""],[0.47,""57""],[0.48,""52""],[0.49,""197""],[0.5,""71.7""],[0.51,""157""],[0.52,""61.99""],[0.53,""127""],[0.54,""102.1""],[0.55,""197.1""],[0.56,""227.2""],[0.57,""82.2""],[0.58,""91.71""],[0.59,""166.2""],[0.6,""65""],[0.61,""70.36""]]"
2026-05-17T02:23:57.489Z,btc-updown-15m-1778984100,"Bitcoin Up or Down - May 16, 10:15PM-10:30PM ET",btc-updown-15m-1778984100,2026-05-17T02:30:00Z,,0.38,0.39,0.61,0.62,0.385,0.47,6605.497443999998,,158.36,90.36,"[[0.01,""10074.33""],[0.02,""2616.99""],[0.03,""1468.77""],[0.04,""637.35""],[0.05,""678.2""],[0.06,""602.54""],[0.07,""120.39""],[0.08,""73.29""],[0.09,""87.72""],[0.1,""73.57""],[0.11,""89.7""],[0.12,""56.74""],[0.13,""741.2""],[0.14,""52.05""],[0.15,""75.27""],[0.16,""63.55""],[0.17,""72.62""],[0.18,""51.86""],[0.19,""64.77""],[0.2,""68.8""],[0.21,""68.1""],[0.22,""247.5""],[0.23,""476.89""],[0.24,""41.39""],[0.25,""401""],[0.26,""25""],[0.27,""60""],[0.28,""30""],[0.29,""165""],[0.3,""161.66""],[0.31,""90""],[0.32,""85""],[0.33,""145""],[0.34,""125""],[0.35,""317.23""],[0.36,""20""],[0.37,""45.66""],[0.38,""158.36""]]","[[0.01,""9452.28""],[0.02,""2112.19""],[0.03,""981.77""],[0.04,""137.06""],[0.05,""183.21""],[0.06,""107.54""],[0.07,""105.39""],[0.08,""79.5""],[0.09,""87.72""],[0.1,""68.3""],[0.11,""89.7""],[0.12,""71.74""],[0.13,""74.2""],[0.14,""52.05""],[0.15,""75.27""],[0.16,""48.55""],[0.17,""67.19""],[0.18,""545.86""],[0.19,""558.09""],[0.2,""543.81""],[0.21,""78.1""],[0.22,""62.5""],[0.23,""81.89""],[0.24,""46.39""],[0.25,""61""],[0.26,""54.6""],[0.27,""60.2""],[0.28,""39.9""],[0.29,""59.6""],[0.3,""32.15""],[0.31,""59""],[0.32,""38.8""],[0.33,""58.6""],[0.34,""53.4""],[0.35,""69.2""],[0.36,""43""],[0.37,""57.9""],[0.38,""237.7""],[0.39,""62.6""],[0.4,""437.5""],[0.41,""57.4""],[0.42,""337.3""],[0.43,""62.2""],[0.44,""37.2""],[0.45,""42.26""],[0.46,""42.1""],[0.47,""57""],[0.48,""52""],[0.49,""197""],[0.5,""71.7""],[0.51,""157""],[0.52,""61.99""],[0.53,""122""],[0.54,""67.1""],[0.55,""237.1""],[0.56,""227.2""],[0.57,""82.2""],[0.58,""91.71""],[0.59,""166.2""],[0.6,""78.23""],[0.61,""90.36""]]"
2026-05-17T02:24:00.594Z,btc-updown-15m-1778984100,"Bitcoin Up or Down - May 16, 10:15PM-10:30PM ET",btc-updown-15m-1778984100,2026-05-17T02:30:00Z,,0.38,0.39,0.61,0.62,0.385,0.47,6605.497443999998,,201.1,93.3,"[[0.01,""9569.33""],[0.02,""2616.99""],[0.03,""1468.77""],[0.04,""637.35""],[0.05,""678.2""],[0.06,""602.54""],[0.07,""120.39""],[0.08,""73.29""],[0.09,""87.72""],[0.1,""73.57""],[0.11,""89.7""],[0.12,""56.74""],[0.13,""741.2""],[0.14,""52.05""],[0.15,""75.27""],[0.16,""63.55""],[0.17,""67.19""],[0.18,""51.86""],[0.19,""64.77""],[0.2,""68.8""],[0.21,""68.1""],[0.22,""247.5""],[0.23,""476.89""],[0.24,""46.39""],[0.25,""406""],[0.26,""30""],[0.27,""65""],[0.28,""35""],[0.29,""275""],[0.3,""66.66""],[0.31,""95""],[0.32,""90""],[0.33,""145""],[0.34,""130""],[0.35,""311.42""],[0.36,""20""],[0.37,""69.05""],[0.38,""201.1""]]","[[0.01,""8957.28""],[0.02,""2112.19""],[0.03,""981.77""],[0.04,""137.06""],[0.05,""183.21""],[0.06,""107.54""],[0.07,""105.39""],[0.08,""79.5""],[0.09,""87.72""],[0.1,""68.3""],[0.11,""89.7""],[0.12,""71.74""],[0.13,""74.2""],[0.14,""52.05""],[0.15,""75.27""],[0.16,""48.55""],[0.17,""67.19""],[0.18,""545.86""],[0.19,""558.09""],[0.2,""543.81""],[0.21,""78.1""],[0.22,""62.5""],[0.23,""81.89""],[0.24,""46.39""],[0.25,""61""],[0.26,""54.6""],[0.27,""60.2""],[0.28,""39.9""],[0.29,""59.6""],[0.3,""32.15""],[0.31,""59""],[0.32,""38.8""],[0.33,""58.6""],[0.34,""53.4""],[0.35,""69.2""],[0.36,""43""],[0.37,""57.9""],[0.38,""237.7""],[0.39,""62.6""],[0.4,""437.5""],[0.41,""57.4""],[0.42,""337.3""],[0.43,""62.2""],[0.44,""37.2""],[0.45,""42.26""],[0.46,""42.1""],[0.47,""62""],[0.48,""62""],[0.49,""207""],[0.5,""56.7""],[0.51,""177""],[0.52,""66.99""],[0.53,""87""],[0.54,""107.1""],[0.55,""202.1""],[0.56,""272.2""],[0.57,""97.2""],[0.58,""96.71""],[0.59,""171.2""],[0.6,""83.23""],[0.61,""93.3""]]"
2026-05-17T02:24:03.651Z,btc-updown-15m-1778984100,"Bitcoin Up or Down - May 16, 10:15PM-10:30PM ET",btc-updown-15m-1778984100,2026-05-17T02:30:00Z,,0.42,0.44,0.56,0.58,0.43,0.47,6605.497443999998,,17.04,7.26,"[[0.01,""7894.33""],[0.02,""2616.99""],[0.03,""1435.77""],[0.04,""637.35""],[0.05,""678.2""],[0.06,""102.54""],[0.07,""620.39""],[0.08,""73.29""],[0.09,""87.72""],[0.1,""73.57""],[0.11,""89.7""],[0.12,""56.74""],[0.13,""741.2""],[0.14,""52.05""],[0.15,""75.27""],[0.16,""63.55""],[0.17,""67.19""],[0.18,""51.86""],[0.19,""64.77""],[0.2,""68.8""],[0.21,""63.1""],[0.22,""242.5""],[0.23,""476.89""],[0.24,""41.39""],[0.25,""396""],[0.26,""45.6""],[0.27,""75.2""],[0.28,""39.9""],[0.29,""289.6""],[0.3,""70.96""],[0.31,""75""],[0.32,""55""],[0.33,""60""],[0.34,""30""],[0.35,""137.86""],[0.36,""25""],[0.37,""61""],[0.38,""94""],[0.39,""151.56""],[0.4,""27.86""],[0.41,""91.5""],[0.42,""17.04""]]","[[0.01,""7777.28""],[0.02,""2162.19""],[0.03,""948.77""],[0.04,""137.06""],[0.05,""183.21""],[0.06,""107.54""],[0.07,""110.39""],[0.08,""79.5""],[0.09,""87.72""],[0.1,""68.3""],[0.11,""89.7""],[0.12,""66.74""],[0.13,""74.2""],[0.14,""52.05""],[0.15,""75.27""],[0.16,""48.55""],[0.17,""567.19""],[0.18,""45.86""],[0.19,""58.09""],[0.2,""43.81""],[0.21,""78.1""],[0.22,""62.5""],[0.23,""81.89""],[0.24,""41.39""],[0.25,""61""],[0.26,""54.6""],[0.27,""60.2""],[0.28,""39.9""],[0.29,""59.6""],[0.3,""32.15""],[0.31,""59""],[0.32,""38.8""],[0.33,""68.6""],[0.34,""48.4""],[0.35,""69.2""],[0.36,""43""],[0.37,""57.9""],[0.38,""237.7""],[0.39,""57.6""],[0.4,""437.5""],[0.41,""57.4""],[0.42,""382.3""],[0.43,""57.2""],[0.44,""37.2""],[0.45,""42.26""],[0.46,""152.1""],[0.47,""62""],[0.48,""52""],[0.49,""77""],[0.5,""236.7""],[0.51,""52""],[0.52,""61.99""],[0.53,""85.09""],[0.54,""11""],[0.56,""7.26""]]"
2026-05-17T02:24:04.630Z,btc-updown-15m-1778984100,"Bitcoin Up or Down - May 16, 10:15PM-10:30PM ET",btc-updown-15m-1778984100,2026-05-17T02:30:00Z,,0.43,0.45,0.55,0.57,0.44,0.47,6605.497443999998,,36.76,12.8,"[[0.01,""7894.33""],[0.02,""2616.99""],[0.03,""1435.77""],[0.04,""637.35""],[0.05,""678.2""],[0.06,""102.54""],[0.07,""615.39""],[0.08,""73.29""],[0.09,""87.72""],[0.1,""73.57""],[0.11,""89.7""],[0.12,""56.74""],[0.13,""741.2""],[0.14,""52.05""],[0.15,""75.27""],[0.16,""58.55""],[0.17,""67.19""],[0.18,""51.86""],[0.19,""64.77""],[0.2,""68.8""],[0.21,""63.1""],[0.22,""242.5""],[0.23,""461.89""],[0.24,""41.39""],[0.25,""386""],[0.26,""40.6""],[0.27,""60.2""],[0.28,""39.9""],[0.29,""289.6""],[0.3,""70.96""],[0.31,""84""],[0.32,""50""],[0.33,""60""],[0.34,""30""],[0.35,""132.86""],[0.36,""30""],[0.37,""161""],[0.38,""184""],[0.39,""144.91""],[0.4,""58.86""],[0.41,""105.08""],[0.42,""35""],[0.43,""36.76""]]","[[0.01,""7767.28""],[0.02,""2162.19""],[0.03,""948.77""],[0.04,""137.06""],[0.05,""183.21""],[0.06,""107.54""],[0.07,""105.39""],[0.08,""79.5""],[0.09,""87.72""],[0.1,""68.3""],[0.11,""89.7""],[0.12,""66.74""],[0.13,""74.2""],[0.14,""52.05""],[0.15,""75.27""],[0.16,""548.55""],[0.17,""67.19""],[0.18,""45.86""],[0.19,""58.09""],[0.2,""43.81""],[0.21,""78.1""],[0.22,""62.5""],[0.23,""81.89""],[0.24,""41.39""],[0.25,""61""],[0.26,""54.6""],[0.27,""60.2""],[0.28,""39.9""],[0.29,""59.6""],[0.3,""32.15""],[0.31,""59""],[0.32,""38.8""],[0.33,""68.6""],[0.34,""48.4""],[0.35,""69.2""],[0.36,""43""],[0.37,""57.9""],[0.38,""242.7""],[0.39,""57.6""],[0.4,""437.5""],[0.41,""57.4""],[0.42,""382.3""],[0.43,""57.2""],[0.44,""137.2""],[0.45,""9.68""],[0.48,""40""],[0.55,""12.8""]]"
2026-05-17T02:24:07.015Z,btc-updown-15m-1778984100,"Bitcoin Up or Down - May 16, 10:15PM-10:30PM ET",btc-updown-15m-1778984100,2026-05-17T02:30:00Z,,0.46,0.47,0.53,0.54,0.46499999999999997,0.47,6605.497443999998,,185.81,21.7,"[[0.01,""7904.33""],[0.02,""2621.99""],[0.03,""1435.77""],[0.04,""637.35""],[0.05,""678.2""],[0.06,""602.54""],[0.07,""615.39""],[0.08,""73.29""],[0.09,""87.72""],[0.1,""73.57""],[0.11,""89.7""],[0.12,""56.74""],[0.13,""746.2""],[0.14,""52.05""],[0.15,""75.27""],[0.16,""58.55""],[0.17,""67.19""],[0.18,""45.86""],[0.19,""64.77""],[0.2,""74.8""],[0.21,""68.1""],[0.22,""42.5""],[0.23,""61.89""],[0.24,""41.39""],[0.25,""81""],[0.26,""340.6""],[0.27,""60.2""],[0.28,""39.9""],[0.29,""199.6""],[0.3,""170.96""],[0.31,""84""],[0.32,""50""],[0.33,""60""],[0.34,""25""],[0.35,""107.86""],[0.36,""25""],[0.37,""50""],[0.38,""126""],[0.39,""106""],[0.4,""134""],[0.41,""237.42""],[0.42,""140""],[0.43,""120.62""],[0.44,""55""],[0.45,""94""],[0.46,""185.81""]]","[[0.01,""7777.28""],[0.02,""2112.19""],[0.03,""953.77""],[0.04,""137.06""],[0.05,""183.21""],[0.06,""107.54""],[0.07,""105.39""],[0.08,""79.5""],[0.09,""92.72""],[0.1,""68.3""],[0.11,""89.7""],[0.12,""61.74""],[0.13,""74.2""],[0.14,""52.05""],[0.15,""575.27""],[0.16,""48.55""],[0.17,""67.19""],[0.18,""45.86""],[0.19,""53.09""],[0.2,""43.81""],[0.21,""78.1""],[0.22,""62.5""],[0.23,""81.89""],[0.24,""41.39""],[0.25,""74""],[0.26,""40.6""],[0.27,""60.2""],[0.28,""39.9""],[0.29,""59.6""],[0.3,""32.15""],[0.31,""59""],[0.32,""38.8""],[0.33,""88.6""],[0.34,""44.4""],[0.35,""68.2""],[0.36,""43""],[0.37,""57.9""],[0.38,""342.7""],[0.39,""57.6""],[0.4,""37.5""],[0.41,""57.4""],[0.42,""77.3""],[0.43,""157.2""],[0.44,""137.2""],[0.45,""49.52""],[0.46,""30""],[0.47,""175""],[0.48,""195""],[0.49,""157.8""],[0.5,""65""],[0.51,""34.55""],[0.53,""21.7""]]"
2026-05-17T02:24:08.652Z,btc-updown-15m-1778984100,"Bitcoin Up or Down - May 16, 10:15PM-10:30PM ET",btc-updown-15m-1778984100,2026-05-17T02:30:00Z,,0.46,0.47,0.53,0.54,0.46499999999999997,0.47,6605.497443999998,,161.81,11.67,"[[0.01,""7904.33""],[0.02,""2621.99""],[0.03,""1435.77""],[0.04,""637.35""],[0.05,""678.2""],[0.06,""602.54""],[0.07,""615.39""],[0.08,""73.29""],[0.09,""87.72""],[0.1,""73.57""],[0.11,""89.7""],[0.12,""56.74""],[0.13,""746.2""],[0.14,""52.05""],[0.15,""75.27""],[0.16,""58.55""],[0.17,""67.19""],[0.18,""45.86""],[0.19,""64.77""],[0.2,""74.8""],[0.21,""68.1""],[0.22,""42.5""],[0.23,""261.89""],[0.24,""41.39""],[0.25,""81""],[0.26,""340.6""],[0.27,""60.2""],[0.28,""39.9""],[0.29,""199.6""],[0.3,""170.96""],[0.31,""84""],[0.32,""50""],[0.33,""60""],[0.34,""25""],[0.35,""107.86""],[0.36,""25""],[0.37,""50""],[0.38,""126""],[0.39,""101""],[0.4,""139""],[0.41,""237.42""],[0.42,""125""],[0.43,""130.62""],[0.44,""55""],[0.45,""94""],[0.46,""161.81""]]","[[0.01,""7777.28""],[0.02,""2112.19""],[0.03,""953.77""],[0.04,""137.06""],[0.05,""183.21""],[0.06,""107.54""],[0.07,""105.39""],[0.08,""79.5""],[0.09,""92.72""],[0.1,""68.3""],[0.11,""89.7""],[0.12,""61.74""],[0.13,""74.2""],[0.14,""52.05""],[0.15,""575.27""],[0.16,""48.55""],[0.17,""67.19""],[0.18,""45.86""],[0.19,""53.09""],[0.2,""43.81""],[0.21,""78.1""],[0.22,""62.5""],[0.23,""81.89""],[0.24,""41.39""],[0.25,""66""],[0.26,""40.6""],[0.27,""60.2""],[0.28,""39.9""],[0.29,""59.6""],[0.3,""32.15""],[0.31,""59""],[0.32,""38.8""],[0.33,""88.6""],[0.34,""44.4""],[0.35,""268.2""],[0.36,""43""],[0.37,""57.9""],[0.38,""342.7""],[0.39,""57.6""],[0.4,""37.5""],[0.41,""57.4""],[0.42,""77.3""],[0.43,""157.2""],[0.44,""137.2""],[0.45,""49.52""],[0.46,""30""],[0.47,""180""],[0.48,""195""],[0.49,""127.8""],[0.5,""195""],[0.51,""48.55""],[0.52,""19.22""],[0.53,""11.67""]]"
2026-05-17T02:24:11.530Z,btc-updown-15m-1778984100,"Bitcoin Up or Down - May 16, 10:15PM-10:30PM ET",btc-updown-15m-1778984100,2026-05-17T02:30:00Z,,0.48,0.49,0.51,0.52,0.485,0.47,6605.497443999998,,68.78,35.58,"[[0.01,""7854.33""],[0.02,""2126.99""],[0.03,""1435.77""],[0.04,""637.35""],[0.05,""678.2""],[0.06,""602.54""],[0.07,""115.39""],[0.08,""73.29""],[0.09,""87.72""],[0.1,""73.57""],[0.11,""89.7""],[0.12,""56.74""],[0.13,""79.2""],[0.14,""52.05""],[0.15,""75.27""],[0.16,""58.55""],[0.17,""67.19""],[0.18,""45.86""],[0.19,""64.77""],[0.2,""74.8""],[0.21,""63.1""],[0.22,""42.5""],[0.23,""261.89""],[0.24,""41.39""],[0.25,""481""],[0.26,""340.6""],[0.27,""60.2""],[0.28,""44.9""],[0.29,""174.6""],[0.3,""170.96""],[0.31,""84""],[0.32,""50""],[0.33,""65""],[0.34,""25""],[0.35,""107.86""],[0.36,""25""],[0.37,""45""],[0.38,""105""],[0.39,""109""],[0.4,""145""],[0.41,""160""],[0.42,""130""],[0.43,""77""],[0.44,""70""],[0.45,""89""],[0.46,""125.97""],[0.47,""20""],[0.48,""68.78""]]","[[0.01,""7732.28""],[0.02,""2112.19""],[0.03,""948.77""],[0.04,""137.06""],[0.05,""183.21""],[0.06,""107.54""],[0.07,""105.39""],[0.08,""579.5""],[0.09,""592.72""],[0.1,""568.3""],[0.11,""589.7""],[0.12,""61.74""],[0.13,""74.2""],[0.14,""52.05""],[0.15,""75.27""],[0.16,""48.55""],[0.17,""67.19""],[0.18,""45.86""],[0.19,""53.09""],[0.2,""43.81""],[0.21,""78.1""],[0.22,""62.5""],[0.23,""81.89""],[0.24,""41.39""],[0.25,""66""],[0.26,""40.6""],[0.27,""60.2""],[0.28,""44.9""],[0.29,""59.6""],[0.3,""32.15""],[0.31,""59""],[0.32,""38.8""],[0.33,""83.6""],[0.34,""44.4""],[0.35,""263.2""],[0.36,""48""],[0.37,""457.9""],[0.38,""342.7""],[0.39,""57.6""],[0.4,""52.5""],[0.41,""57.4""],[0.42,""82.3""],[0.43,""157.2""],[0.44,""137.2""],[0.45,""49.52""],[0.46,""25""],[0.47,""160""],[0.48,""220""],[0.49,""222.8""],[0.5,""164.39""],[0.51,""35.58""]]"
2026-05-17T02:24:14.478Z,btc-updown-15m-1778984100,"Bitcoin Up or Down - May 16, 10:15PM-10:30PM ET",btc-updown-15m-1778984100,2026-05-17T02:30:00Z,,0.49,0.52,0.48,0.51,0.505,0.47,6605.497443999998,,22.52,19.95,"[[0.01,""7354.33""],[0.02,""2126.99""],[0.03,""1435.77""],[0.04,""637.35""],[0.05,""678.2""],[0.06,""602.54""],[0.07,""615.39""],[0.08,""73.29""],[0.09,""87.72""],[0.1,""73.57""],[0.11,""89.7""],[0.12,""56.74""],[0.13,""79.2""],[0.14,""52.05""],[0.15,""75.27""],[0.16,""58.55""],[0.17,""67.19""],[0.18,""45.86""],[0.19,""64.77""],[0.2,""68.8""],[0.21,""63.1""],[0.22,""42.5""],[0.23,""61.89""],[0.24,""41.39""],[0.25,""81""],[0.26,""45.6""],[0.27,""60.2""],[0.28,""44.9""],[0.29,""59.6""],[0.3,""60.96""],[0.31,""74""],[0.32,""63.8""],[0.33,""78.6""],[0.34,""25""],[0.35,""107.86""],[0.36,""25""],[0.37,""45""],[0.38,""40""],[0.39,""79""],[0.4,""70""],[0.41,""60""],[0.42,""25""],[0.43,""65""],[0.44,""95""],[0.45,""142.01""],[0.46,""29.97""],[0.47,""72.8""],[0.48,""296.11""],[0.49,""22.52""]]","[[0.01,""7232.28""],[0.02,""2112.19""],[0.03,""948.77""],[0.04,""137.06""],[0.05,""183.21""],[0.06,""607.54""],[0.07,""105.39""],[0.08,""79.5""],[0.09,""92.72""],[0.1,""68.3""],[0.11,""89.7""],[0.12,""61.74""],[0.13,""74.2""],[0.14,""52.05""],[0.15,""75.27""],[0.16,""48.55""],[0.17,""67.19""],[0.18,""45.86""],[0.19,""53.09""],[0.2,""43.81""],[0.21,""78.1""],[0.22,""62.5""],[0.23,""81.89""],[0.24,""41.39""],[0.25,""66""],[0.26,""40.6""],[0.27,""60.2""],[0.28,""44.9""],[0.29,""59.6""],[0.3,""32.15""],[0.31,""59""],[0.32,""38.8""],[0.33,""63.6""],[0.34,""38.4""],[0.35,""63.2""],[0.36,""35""],[0.37,""45""],[0.38,""30""],[0.39,""45""],[0.4,""25""],[0.41,""45""],[0.42,""30""],[0.43,""20""],[0.44,""10""],[0.45,""160""],[0.46,""40""],[0.48,""19.95""]]"
2026-05-17T02:24:15.513Z,btc-updown-15m-1778984100,"Bitcoin Up or Down - May 16, 10:15PM-10:30PM ET",btc-updown-15m-1778984100,2026-05-17T02:30:00Z,,0.51,0.52,0.48,0.49,0.515,0.47,6605.497443999998,,12.0,20.0,"[[0.01,""7354.33""],[0.02,""2126.99""],[0.03,""1435.77""],[0.04,""637.35""],[0.05,""678.2""],[0.06,""602.54""],[0.07,""615.39""],[0.08,""573.29""],[0.09,""587.72""],[0.1,""573.57""],[0.11,""89.7""],[0.12,""56.74""],[0.13,""74.2""],[0.14,""52.05""],[0.15,""75.27""],[0.16,""58.55""],[0.17,""67.19""],[0.18,""45.86""],[0.19,""69.77""],[0.2,""68.8""],[0.21,""63.1""],[0.22,""42.5""],[0.23,""61.89""],[0.24,""41.39""],[0.25,""81""],[0.26,""45.6""],[0.27,""60.2""],[0.28,""39.9""],[0.29,""259.6""],[0.3,""60.96""],[0.31,""59""],[0.32,""263.8""],[0.33,""63.6""],[0.34,""48.4""],[0.35,""131.06""],[0.36,""48""],[0.37,""57.9""],[0.38,""52.7""],[0.39,""72.6""],[0.4,""55""],[0.41,""100""],[0.42,""30""],[0.43,""135""],[0.44,""160""],[0.45,""80""],[0.46,""134.97""],[0.47,""172.8""],[0.48,""201.54""],[0.49,""129.38""],[0.5,""116.8""],[0.51,""12""]]","[[0.01,""7232.28""],[0.02,""2162.19""],[0.03,""948.77""],[0.04,""637.06""],[0.05,""683.21""],[0.06,""602.54""],[0.07,""105.39""],[0.08,""79.5""],[0.09,""92.72""],[0.1,""68.3""],[0.11,""89.7""],[0.12,""61.74""],[0.13,""74.2""],[0.14,""52.05""],[0.15,""75.27""],[0.16,""48.55""],[0.17,""67.19""],[0.18,""50.86""],[0.19,""53.09""],[0.2,""43.81""],[0.21,""78.1""],[0.22,""62.5""],[0.23,""86.89""],[0.24,""41.39""],[0.25,""61""],[0.26,""40.6""],[0.27,""60.2""],[0.28,""64.9""],[0.29,""259.6""],[0.3,""32.15""],[0.31,""59""],[0.32,""38.8""],[0.33,""63.6""],[0.34,""38.4""],[0.35,""103.2""],[0.36,""30""],[0.37,""145""],[0.38,""30""],[0.39,""45""],[0.4,""25""],[0.41,""45""],[0.42,""75""],[0.43,""125""],[0.44,""140""],[0.45,""134.95""],[0.46,""25.93""],[0.47,""57.8""],[0.48,""20""]]"
2026-05-17T02:24:17.512Z,btc-updown-15m-1778984100,"Bitcoin Up or Down - May 16, 10:15PM-10:30PM ET",btc-updown-15m-1778984100,2026-05-17T02:30:00Z,,0.53,0.54,0.46,0.47,0.535,0.47,6605.497443999998,,73.0,73.15,"[[0.01,""7342.98""],[0.02,""2126.1""],[0.03,""1435.77""],[0.04,""630.09""],[0.05,""678.2""],[0.06,""602.54""],[0.07,""615.39""],[0.08,""573.29""],[0.09,""587.72""],[0.1,""568.29""],[0.11,""89.7""],[0.12,""56.74""],[0.13,""74.2""],[0.14,""52.05""],[0.15,""75.27""],[0.16,""58.55""],[0.17,""67.19""],[0.18,""45.86""],[0.19,""69.77""],[0.2,""68.8""],[0.21,""63.1""],[0.22,""42.5""],[0.23,""61.89""],[0.24,""41.39""],[0.25,""81""],[0.26,""40.6""],[0.27,""60.2""],[0.28,""39.9""],[0.29,""65.6""],[0.3,""60.96""],[0.31,""64""],[0.32,""63.8""],[0.33,""58.6""],[0.34,""143.4""],[0.35,""221.06""],[0.36,""338""],[0.37,""62.9""],[0.38,""57.7""],[0.39,""77.6""],[0.4,""47.5""],[0.41,""77.4""],[0.42,""42.3""],[0.43,""147.2""],[0.44,""107.2""],[0.45,""145""],[0.46,""144.97""],[0.47,""165""],[0.48,""92.8""],[0.49,""105.32""],[0.5,""59.8""],[0.51,""176.8""],[0.52,""83""],[0.53,""73""]]","[[0.01,""7226""],[0.02,""2149.1""],[0.03,""948.77""],[0.04,""630.09""],[0.05,""683.21""],[0.06,""602.54""],[0.07,""105.39""],[0.08,""73.3""],[0.09,""92.72""],[0.1,""68.3""],[0.11,""89.7""],[0.12,""61.74""],[0.13,""74.2""],[0.14,""52.05""],[0.15,""75.27""],[0.16,""48.55""],[0.17,""67.19""],[0.18,""50.86""],[0.19,""53.09""],[0.2,""43.81""],[0.21,""78.1""],[0.22,""62.5""],[0.23,""86.89""],[0.24,""47.39""],[0.25,""86""],[0.26,""40.6""],[0.27,""60.2""],[0.28,""44.9""],[0.29,""359.6""],[0.3,""37.15""],[0.31,""59""],[0.32,""38.8""],[0.33,""63.6""],[0.34,""25""],[0.35,""90""],[0.36,""130""],[0.37,""50""],[0.38,""135""],[0.39,""50""],[0.4,""30""],[0.41,""50""],[0.42,""75""],[0.43,""145""],[0.44,""180""],[0.45,""99.95""],[0.46,""73.15""]]"
2026-05-17T02:24:19.498Z,btc-updown-15m-1778984100,"Bitcoin Up or Down - May 16, 10:15PM-10:30PM ET",btc-updown-15m-1778984100,2026-05-17T02:30:00Z,,0.52,0.53,0.47,0.48,0.525,0.47,6605.497443999998,,162.1,62.7,"[[0.01,""7342.98""],[0.02,""2126.1""],[0.03,""1435.77""],[0.04,""630.09""],[0.05,""678.2""],[0.06,""602.54""],[0.07,""615.39""],[0.08,""573.29""],[0.09,""587.72""],[0.1,""568.29""],[0.11,""89.7""],[0.12,""56.74""],[0.13,""74.2""],[0.14,""52.05""],[0.15,""75.27""],[0.16,""58.55""],[0.17,""67.19""],[0.18,""45.86""],[0.19,""69.77""],[0.2,""68.8""],[0.21,""63.1""],[0.22,""42.5""],[0.23,""61.89""],[0.24,""41.39""],[0.25,""81""],[0.26,""40.6""],[0.27,""60.2""],[0.28,""39.9""],[0.29,""65.6""],[0.3,""60.96""],[0.31,""64""],[0.32,""63.8""],[0.33,""258.6""],[0.34,""543.4""],[0.35,""206.06""],[0.36,""338""],[0.37,""62.9""],[0.38,""42.7""],[0.39,""77.6""],[0.4,""47.5""],[0.41,""77.4""],[0.42,""47.3""],[0.43,""147.2""],[0.44,""112.2""],[0.45,""145""],[0.46,""139.97""],[0.47,""165""],[0.48,""77.8""],[0.49,""77.8""],[0.5,""74.8""],[0.51,""47""],[0.52,""162.1""]]","[[0.01,""7226""],[0.02,""2149.1""],[0.03,""948.77""],[0.04,""630.09""],[0.05,""683.21""],[0.06,""602.54""],[0.07,""105.39""],[0.08,""73.3""],[0.09,""92.72""],[0.1,""68.3""],[0.11,""89.7""],[0.12,""61.74""],[0.13,""74.2""],[0.14,""52.05""],[0.15,""75.27""],[0.16,""48.55""],[0.17,""67.19""],[0.18,""50.86""],[0.19,""53.09""],[0.2,""43.81""],[0.21,""78.1""],[0.22,""62.5""],[0.23,""86.89""],[0.24,""47.39""],[0.25,""286""],[0.26,""40.6""],[0.27,""460.2""],[0.28,""44.9""],[0.29,""359.6""],[0.3,""37.15""],[0.31,""59""],[0.32,""38.8""],[0.33,""63.6""],[0.34,""25""],[0.35,""50""],[0.36,""130""],[0.37,""85""],[0.38,""140""],[0.39,""50""],[0.4,""30""],[0.41,""50""],[0.42,""30""],[0.43,""276.6""],[0.44,""258""],[0.45,""159.95""],[0.46,""82.28""],[0.47,""62.7""]]"
2026-05-17T02:24:22.682Z,btc-updown-15m-1778984100,"Bitcoin Up or Down - May 16, 10:15PM-10:30PM ET",btc-updown-15m-1778984100,2026-05-17T02:30:00Z,,0.53,0.54,0.46,0.47,0.535,0.47,6605.497443999998,,139.96,97.28,"[[0.01,""7342.98""],[0.02,""2126.1""],[0.03,""935.77""],[0.04,""130.09""],[0.05,""178.2""],[0.06,""602.54""],[0.07,""615.39""],[0.08,""573.29""],[0.09,""587.72""],[0.1,""68.29""],[0.11,""89.7""],[0.12,""56.74""],[0.13,""74.2""],[0.14,""52.05""],[0.15,""75.27""],[0.16,""58.55""],[0.17,""67.19""],[0.18,""45.86""],[0.19,""69.77""],[0.2,""68.8""],[0.21,""63.1""],[0.22,""42.5""],[0.23,""61.89""],[0.24,""41.39""],[0.25,""81""],[0.26,""40.6""],[0.27,""66.2""],[0.28,""39.9""],[0.29,""59.6""],[0.3,""60.96""],[0.31,""264""],[0.32,""63.8""],[0.33,""58.6""],[0.34,""143.4""],[0.35,""206.06""],[0.36,""38""],[0.37,""62.9""],[0.38,""42.7""],[0.39,""77.6""],[0.4,""47.5""],[0.41,""82.4""],[0.42,""87.3""],[0.43,""107.2""],[0.44,""140""],[0.45,""105""],[0.46,""139.97""],[0.47,""165""],[0.48,""82.8""],[0.49,""77.8""],[0.5,""73.8""],[0.51,""47""],[0.52,""40.81""],[0.53,""139.96""]]","[[0.01,""7226""],[0.02,""2099.1""],[0.03,""948.77""],[0.04,""630.09""],[0.05,""683.21""],[0.06,""602.54""],[0.07,""105.39""],[0.08,""73.3""],[0.09,""92.72""],[0.1,""68.3""],[0.11,""89.7""],[0.12,""61.74""],[0.13,""74.2""],[0.14,""52.05""],[0.15,""75.27""],[0.16,""48.55""],[0.17,""67.19""],[0.18,""50.86""],[0.19,""53.09""],[0.2,""43.81""],[0.21,""78.1""],[0.22,""62.5""],[0.23,""86.89""],[0.24,""47.39""],[0.25,""86""],[0.26,""240.6""],[0.27,""60.2""],[0.28,""44.9""],[0.29,""59.6""],[0.3,""37.15""],[0.31,""59""],[0.32,""38.8""],[0.33,""63.6""],[0.34,""53.4""],[0.35,""50""],[0.36,""175""],[0.37,""55""],[0.38,""145""],[0.39,""55""],[0.4,""35""],[0.41,""50""],[0.42,""55""],[0.43,""302.6""],[0.44,""202""],[0.45,""119.95""],[0.46,""97.28""]]"
2026-05-17T02:24:26.034Z,btc-updown-15m-1778984100,"Bitcoin Up or Down - May 16, 10:15PM-10:30PM ET",btc-updown-15m-1778984100,2026-05-17T02:30:00Z,,0.52,0.53,0.47,0.48,0.525,0.47,6605.497443999998,,160.01,60.93,"[[0.01,""7342.98""],[0.02,""2126.1""],[0.03,""935.77""],[0.04,""130.09""],[0.05,""178.2""],[0.06,""602.54""],[0.07,""615.39""],[0.08,""573.29""],[0.09,""587.72""],[0.1,""68.29""],[0.11,""89.7""],[0.12,""56.74""],[0.13,""74.2""],[0.14,""52.05""],[0.15,""75.27""],[0.16,""58.55""],[0.17,""67.19""],[0.18,""45.86""],[0.19,""69.77""],[0.2,""68.8""],[0.21,""63.1""],[0.22,""42.5""],[0.23,""61.89""],[0.24,""41.39""],[0.25,""81""],[0.26,""40.6""],[0.27,""66.2""],[0.28,""39.9""],[0.29,""59.6""],[0.3,""60.96""],[0.31,""264""],[0.32,""63.8""],[0.33,""458.6""],[0.34,""143.4""],[0.35,""506.06""],[0.36,""38""],[0.37,""62.9""],[0.38,""42.7""],[0.39,""77.6""],[0.4,""52.5""],[0.41,""82.4""],[0.42,""87.3""],[0.43,""95""],[0.44,""135""],[0.45,""105""],[0.46,""149.97""],[0.47,""165""],[0.48,""77.8""],[0.49,""72.8""],[0.5,""68.8""],[0.51,""59.8""],[0.52,""160.01""]]","[[0.01,""7226""],[0.02,""2104.1""],[0.03,""948.77""],[0.04,""630.09""],[0.05,""683.21""],[0.06,""602.54""],[0.07,""105.39""],[0.08,""73.3""],[0.09,""92.72""],[0.1,""68.3""],[0.11,""89.7""],[0.12,""61.74""],[0.13,""74.2""],[0.14,""52.05""],[0.15,""75.27""],[0.16,""48.55""],[0.17,""67.19""],[0.18,""50.86""],[0.19,""53.09""],[0.2,""43.81""],[0.21,""78.1""],[0.22,""62.5""],[0.23,""86.89""],[0.24,""47.39""],[0.25,""86""],[0.26,""240.6""],[0.27,""460.2""],[0.28,""44.9""],[0.29,""359.6""],[0.3,""37.15""],[0.31,""59""],[0.32,""38.8""],[0.33,""63.6""],[0.34,""38.4""],[0.35,""50""],[0.36,""175""],[0.37,""50""],[0.38,""145""],[0.39,""55""],[0.4,""35""],[0.41,""50""],[0.42,""30""],[0.43,""236.6""],[0.44,""200""],[0.45,""225.95""],[0.46,""117.28""],[0.47,""60.93""]]"
2026-05-17T02:24:27.809Z,btc-updown-15m-1778984100,"Bitcoin Up or Down - May 16, 10:15PM-10:30PM ET",btc-updown-15m-1778984100,2026-05-17T02:30:00Z,,0.52,0.53,0.47,0.48,0.525,0.47,6605.497443999998,,170.0,5.0,"[[0.01,""7342.98""],[0.02,""2126.1""],[0.03,""935.77""],[0.04,""130.09""],[0.05,""178.2""],[0.06,""602.54""],[0.07,""615.39""],[0.08,""573.29""],[0.09,""87.72""],[0.1,""68.29""],[0.11,""89.7""],[0.12,""56.74""],[0.13,""74.2""],[0.14,""52.05""],[0.15,""75.27""],[0.16,""58.55""],[0.17,""67.19""],[0.18,""45.86""],[0.19,""69.77""],[0.2,""68.8""],[0.21,""63.1""],[0.22,""42.5""],[0.23,""61.89""],[0.24,""41.39""],[0.25,""81""],[0.26,""40.6""],[0.27,""66.2""],[0.28,""39.9""],[0.29,""59.6""],[0.3,""60.96""],[0.31,""264""],[0.32,""63.8""],[0.33,""458.6""],[0.34,""138.4""],[0.35,""506.06""],[0.36,""38""],[0.37,""68.9""],[0.38,""42.7""],[0.39,""77.6""],[0.4,""47.5""],[0.41,""77.4""],[0.42,""82.3""],[0.43,""95""],[0.44,""135""],[0.45,""105""],[0.46,""149.97""],[0.47,""170""],[0.48,""77.8""],[0.49,""72.8""],[0.5,""68.8""],[0.51,""59.8""],[0.52,""170""]]","[[0.01,""7226""],[0.02,""2104.1""],[0.03,""1448.77""],[0.04,""630.09""],[0.05,""683.21""],[0.06,""102.54""],[0.07,""105.39""],[0.08,""73.3""],[0.09,""92.72""],[0.1,""68.3""],[0.11,""89.7""],[0.12,""61.74""],[0.13,""89.2""],[0.14,""52.05""],[0.15,""75.27""],[0.16,""48.55""],[0.17,""67.19""],[0.18,""50.86""],[0.19,""53.09""],[0.2,""43.81""],[0.21,""78.1""],[0.22,""62.5""],[0.23,""86.89""],[0.24,""47.39""],[0.25,""86""],[0.26,""240.6""],[0.27,""460.2""],[0.28,""44.9""],[0.29,""364.6""],[0.3,""32.15""],[0.31,""59""],[0.32,""38.8""],[0.33,""63.6""],[0.34,""38.4""],[0.35,""50""],[0.36,""175""],[0.37,""150""],[0.38,""45""],[0.39,""55""],[0.4,""35""],[0.41,""50""],[0.42,""80""],[0.43,""181.6""],[0.44,""180""],[0.45,""44.95""],[0.46,""82.26""],[0.47,""5""]]"
2026-05-17T02:24:29.834Z,btc-updown-15m-1778984100,"Bitcoin Up or Down - May 16, 10:15PM-10:30PM ET",btc-updown-15m-1778984100,2026-05-17T02:30:00Z,,0.55,0.56,0.44,0.45,0.555,0.47,6605.497443999998,,107.14,5.0,"[[0.01,""7442.98""],[0.02,""2121.1""],[0.03,""935.77""],[0.04,""130.09""],[0.05,""178.2""],[0.06,""602.54""],[0.07,""615.39""],[0.08,""573.29""],[0.09,""587.72""],[0.1,""568.29""],[0.11,""89.7""],[0.12,""56.74""],[0.13,""74.2""],[0.14,""52.05""],[0.15,""75.27""],[0.16,""58.55""],[0.17,""67.19""],[0.18,""45.86""],[0.19,""69.77""],[0.2,""68.8""],[0.21,""63.1""],[0.22,""42.5""],[0.23,""61.89""],[0.24,""41.39""],[0.25,""81""],[0.26,""40.6""],[0.27,""66.2""],[0.28,""39.9""],[0.29,""59.6""],[0.3,""60.96""],[0.31,""264""],[0.32,""63.8""],[0.33,""458.6""],[0.34,""138.4""],[0.35,""506.06""],[0.36,""38""],[0.37,""62.9""],[0.38,""42.7""],[0.39,""62.6""],[0.4,""47.5""],[0.41,""77.4""],[0.42,""42.3""],[0.43,""77.2""],[0.44,""37.2""],[0.45,""72.1""],[0.46,""64.97""],[0.47,""85""],[0.48,""110""],[0.49,""60""],[0.5,""37.8""],[0.51,""89.8""],[0.52,""223.61""],[0.53,""123.95""],[0.54,""61.82""],[0.55,""107.14""]]","[[0.01,""7326""],[0.02,""2599.1""],[0.03,""1448.77""],[0.04,""630.09""],[0.05,""683.21""],[0.06,""102.54""],[0.07,""105.39""],[0.08,""73.3""],[0.09,""87.72""],[0.1,""68.3""],[0.11,""89.7""],[0.12,""61.74""],[0.13,""74.2""],[0.14,""52.05""],[0.15,""75.27""],[0.16,""48.55""],[0.17,""67.19""],[0.18,""45.86""],[0.19,""53.09""],[0.2,""43.81""],[0.21,""78.1""],[0.22,""62.5""],[0.23,""86.89""],[0.24,""52.39""],[0.25,""76""],[0.26,""240.6""],[0.27,""460.2""],[0.28,""84.9""],[0.29,""359.6""],[0.3,""32.15""],[0.31,""45""],[0.32,""25""],[0.33,""45""],[0.34,""135""],[0.35,""150""],[0.36,""25""],[0.37,""50""],[0.38,""65""],[0.39,""25""],[0.4,""110.08""],[0.41,""100""],[0.42,""89.29""],[0.44,""5""]]"
2026-05-17T02:24:32.148Z,btc-updown-15m-1778984100,"Bitcoin Up or Down - May 16, 10:15PM-10:30PM ET",btc-updown-15m-1778984100,2026-05-17T02:30:00Z,,0.58,0.59,0.41,0.42,0.585,0.47,6605.497443999998,,176.61,188.65,"[[0.01,""7437.98""],[0.02,""2121.1""],[0.03,""935.77""],[0.04,""130.09""],[0.05,""178.2""],[0.06,""602.54""],[0.07,""615.39""],[0.08,""578.29""],[0.09,""587.72""],[0.1,""568.29""],[0.11,""89.7""],[0.12,""61.74""],[0.13,""74.2""],[0.14,""52.05""],[0.15,""75.27""],[0.16,""58.55""],[0.17,""67.19""],[0.18,""45.86""],[0.19,""64.77""],[0.2,""68.8""],[0.21,""63.1""],[0.22,""42.5""],[0.23,""61.89""],[0.24,""41.39""],[0.25,""86""],[0.26,""40.6""],[0.27,""66.2""],[0.28,""39.9""],[0.29,""59.6""],[0.3,""60.96""],[0.31,""259""],[0.32,""63.8""],[0.33,""458.6""],[0.34,""38.4""],[0.35,""406.06""],[0.36,""43""],[0.37,""157.9""],[0.38,""47.7""],[0.39,""162.6""],[0.4,""47.5""],[0.41,""82.4""],[0.42,""42.3""],[0.43,""72.2""],[0.44,""37.2""],[0.45,""72.1""],[0.46,""57.07""],[0.47,""100""],[0.48,""65""],[0.49,""100""],[0.5,""95""],[0.51,""95""],[0.52,""94.81""],[0.53,""222.8""],[0.54,""167.8""],[0.55,""164.95""],[0.56,""25""],[0.57,""46""],[0.58,""176.61""]]","[[0.01,""7326""],[0.02,""2599.1""],[0.03,""1448.77""],[0.04,""630.09""],[0.05,""683.21""],[0.06,""102.54""],[0.07,""105.39""],[0.08,""73.3""],[0.09,""87.72""],[0.1,""68.3""],[0.11,""89.7""],[0.12,""66.74""],[0.13,""74.2""],[0.14,""52.05""],[0.15,""75.27""],[0.16,""48.55""],[0.17,""67.19""],[0.18,""50.86""],[0.19,""53.09""],[0.2,""43.81""],[0.21,""78.1""],[0.22,""62.5""],[0.23,""81.89""],[0.24,""67.39""],[0.25,""66""],[0.26,""240.6""],[0.27,""470.2""],[0.28,""84.9""],[0.29,""359.6""],[0.3,""32.15""],[0.31,""59""],[0.32,""25""],[0.33,""45""],[0.34,""130""],[0.35,""150""],[0.36,""155""],[0.37,""205""],[0.38,""85""],[0.39,""85.21""],[0.4,""65""],[0.41,""188.65""]]"
2026-05-17T02:24:35.265Z,btc-updown-15m-1778984100,"Bitcoin Up or Down - May 16, 10:15PM-10:30PM ET",btc-updown-15m-1778984100,2026-05-17T02:30:00Z,,0.58,0.59,0.41,0.42,0.585,0.47,6605.497443999998,,165.21,129.98,"[[0.01,""7437.98""],[0.02,""2121.1""],[0.03,""935.77""],[0.04,""130.09""],[0.05,""178.2""],[0.06,""102.54""],[0.07,""115.39""],[0.08,""78.29""],[0.09,""587.72""],[0.1,""568.29""],[0.11,""589.7""],[0.12,""561.74""],[0.13,""574.2""],[0.14,""52.05""],[0.15,""75.27""],[0.16,""58.55""],[0.17,""67.19""],[0.18,""45.86""],[0.19,""64.77""],[0.2,""68.8""],[0.21,""63.1""],[0.22,""42.5""],[0.23,""61.89""],[0.24,""41.39""],[0.25,""86""],[0.26,""40.6""],[0.27,""66.2""],[0.28,""39.9""],[0.29,""59.6""],[0.3,""60.96""],[0.31,""259""],[0.32,""63.8""],[0.33,""458.6""],[0.34,""38.4""],[0.35,""406.06""],[0.36,""43""],[0.37,""62.9""],[0.38,""142.7""],[0.39,""162.6""],[0.4,""47.5""],[0.41,""67.4""],[0.42,""42.3""],[0.43,""57.2""],[0.44,""37.2""],[0.45,""72.1""],[0.46,""57.07""],[0.47,""60""],[0.48,""105""],[0.49,""100""],[0.5,""70""],[0.51,""95""],[0.52,""104.81""],[0.53,""112.8""],[0.54,""140""],[0.55,""262.15""],[0.56,""25""],[0.57,""53.8""],[0.58,""165.21""]]","[[0.01,""7326""],[0.02,""2599.1""],[0.03,""1448.77""],[0.04,""130.09""],[0.05,""183.21""],[0.06,""102.54""],[0.07,""105.39""],[0.08,""73.3""],[0.09,""87.72""],[0.1,""68.3""],[0.11,""89.7""],[0.12,""66.74""],[0.13,""74.2""],[0.14,""52.05""],[0.15,""75.27""],[0.16,""48.55""],[0.17,""67.19""],[0.18,""50.86""],[0.19,""53.09""],[0.2,""43.81""],[0.21,""78.1""],[0.22,""62.5""],[0.23,""81.89""],[0.24,""72.39""],[0.25,""61""],[0.26,""240.6""],[0.27,""470.2""],[0.28,""84.9""],[0.29,""359.6""],[0.3,""32.15""],[0.31,""59""],[0.32,""25""],[0.33,""45""],[0.34,""230""],[0.35,""175""],[0.36,""173""],[0.37,""146""],[0.38,""95""],[0.39,""85""],[0.4,""107.95""],[0.41,""129.98""]]"
2026-05-17T02:24:37.286Z,btc-updown-15m-1778984100,"Bitcoin Up or Down - May 16, 10:15PM-10:30PM ET",btc-updown-15m-1778984100,2026-05-17T02:30:00Z,,0.58,0.59,0.41,0.42,0.585,0.47,6605.497443999998,,180.73,123.8,"[[0.01,""7437.98""],[0.02,""2121.1""],[0.03,""935.77""],[0.04,""130.09""],[0.05,""178.2""],[0.06,""102.54""],[0.07,""115.39""],[0.08,""78.29""],[0.09,""587.72""],[0.1,""568.29""],[0.11,""589.7""],[0.12,""561.74""],[0.13,""574.2""],[0.14,""52.05""],[0.15,""75.27""],[0.16,""58.55""],[0.17,""67.19""],[0.18,""45.86""],[0.19,""64.77""],[0.2,""68.8""],[0.21,""63.1""],[0.22,""42.5""],[0.23,""61.89""],[0.24,""41.39""],[0.25,""86""],[0.26,""40.6""],[0.27,""66.2""],[0.28,""39.9""],[0.29,""59.6""],[0.3,""60.96""],[0.31,""59""],[0.32,""63.8""],[0.33,""458.6""],[0.34,""38.4""],[0.35,""406.06""],[0.36,""43""],[0.37,""57.9""],[0.38,""147.7""],[0.39,""162.6""],[0.4,""47.5""],[0.41,""67.4""],[0.42,""42.3""],[0.43,""57.2""],[0.44,""37.2""],[0.45,""72.1""],[0.46,""57.07""],[0.47,""60""],[0.48,""105""],[0.49,""100""],[0.5,""70""],[0.51,""95""],[0.52,""90.81""],[0.53,""112.8""],[0.54,""135""],[0.55,""233.15""],[0.56,""40""],[0.57,""53.8""],[0.58,""180.73""]]","[[0.01,""7326""],[0.02,""2594.1""],[0.03,""1448.77""],[0.04,""130.09""],[0.05,""183.21""],[0.06,""102.54""],[0.07,""105.39""],[0.08,""73.3""],[0.09,""87.72""],[0.1,""68.3""],[0.11,""89.7""],[0.12,""66.74""],[0.13,""74.2""],[0.14,""52.05""],[0.15,""75.27""],[0.16,""48.55""],[0.17,""67.19""],[0.18,""50.86""],[0.19,""53.09""],[0.2,""43.81""],[0.21,""78.1""],[0.22,""62.5""],[0.23,""87.89""],[0.24,""66.39""],[0.25,""61""],[0.26,""40.6""],[0.27,""470.2""],[0.28,""44.9""],[0.29,""359.6""],[0.3,""32.15""],[0.31,""59""],[0.32,""25""],[0.33,""145""],[0.34,""130""],[0.35,""175""],[0.36,""173""],[0.37,""146""],[0.38,""70""],[0.39,""85""],[0.4,""152.87""],[0.41,""123.8""]]"
2026-05-17T02:24:39.388Z,btc-updown-15m-1778984100,"Bitcoin Up or Down - May 16, 10:15PM-10:30PM ET",btc-updown-15m-1778984100,2026-05-17T02:30:00Z,,0.56,0.57,0.43,0.44,0.565,0.47,6605.497443999998,,34.73,119.13,"[[0.01,""7437.98""],[0.02,""2121.1""],[0.03,""935.77""],[0.04,""130.09""],[0.05,""178.2""],[0.06,""607.54""],[0.07,""615.39""],[0.08,""573.29""],[0.09,""87.72""],[0.1,""68.29""],[0.11,""89.7""],[0.12,""61.74""],[0.13,""74.2""],[0.14,""52.05""],[0.15,""75.27""],[0.16,""58.55""],[0.17,""67.19""],[0.18,""45.86""],[0.19,""64.77""],[0.2,""68.8""],[0.21,""63.1""],[0.22,""42.5""],[0.23,""61.89""],[0.24,""41.39""],[0.25,""86""],[0.26,""40.6""],[0.27,""66.2""],[0.28,""39.9""],[0.29,""59.6""],[0.3,""60.96""],[0.31,""59""],[0.32,""63.8""],[0.33,""458.6""],[0.34,""38.4""],[0.35,""406.06""],[0.36,""43""],[0.37,""57.9""],[0.38,""42.7""],[0.39,""57.6""],[0.4,""37.5""],[0.41,""62.4""],[0.42,""37.3""],[0.43,""72.2""],[0.44,""37.2""],[0.45,""67.1""],[0.46,""52.07""],[0.47,""55""],[0.48,""100""],[0.49,""135""],[0.5,""65""],[0.51,""70""],[0.52,""50""],[0.53,""47.8""],[0.54,""272.15""],[0.55,""161""],[0.56,""34.73""]]","[[0.01,""7326""],[0.02,""2594.1""],[0.03,""1448.77""],[0.04,""630.09""],[0.05,""683.21""],[0.06,""102.54""],[0.07,""105.39""],[0.08,""73.3""],[0.09,""87.72""],[0.1,""68.3""],[0.11,""89.7""],[0.12,""66.74""],[0.13,""74.2""],[0.14,""52.05""],[0.15,""75.27""],[0.16,""48.55""],[0.17,""67.19""],[0.18,""50.86""],[0.19,""53.09""],[0.2,""43.81""],[0.21,""78.1""],[0.22,""62.5""],[0.23,""87.89""],[0.24,""66.39""],[0.25,""61""],[0.26,""40.6""],[0.27,""465.2""],[0.28,""44.9""],[0.29,""359.6""],[0.3,""47.15""],[0.31,""99""],[0.32,""40""],[0.33,""145""],[0.34,""130""],[0.35,""175""],[0.36,""171""],[0.37,""50""],[0.38,""75""],[0.39,""95""],[0.4,""97.48""],[0.41,""71.5""],[0.42,""146.93""],[0.43,""119.13""]]"
2026-05-17T02:24:41.414Z,btc-updown-15m-1778984100,"Bitcoin Up or Down - May 16, 10:15PM-10:30PM ET",btc-updown-15m-1778984100,2026-05-17T02:30:00Z,,0.56,0.57,0.43,0.44,0.565,0.47,6605.497443999998,,34.0,285.41,"[[0.01,""7437.98""],[0.02,""2121.1""],[0.03,""935.77""],[0.04,""130.09""],[0.05,""678.2""],[0.06,""607.54""],[0.07,""615.39""],[0.08,""73.29""],[0.09,""87.72""],[0.1,""68.29""],[0.11,""89.7""],[0.12,""61.74""],[0.13,""74.2""],[0.14,""52.05""],[0.15,""75.27""],[0.16,""58.55""],[0.17,""67.19""],[0.18,""45.86""],[0.19,""64.77""],[0.2,""68.8""],[0.21,""63.1""],[0.22,""42.5""],[0.23,""61.89""],[0.24,""41.39""],[0.25,""86""],[0.26,""40.6""],[0.27,""66.2""],[0.28,""39.9""],[0.29,""59.6""],[0.3,""60.96""],[0.31,""259""],[0.32,""63.8""],[0.33,""458.6""],[0.34,""38.4""],[0.35,""406.06""],[0.36,""43""],[0.37,""57.9""],[0.38,""142.7""],[0.39,""157.6""],[0.4,""37.5""],[0.41,""62.4""],[0.42,""37.3""],[0.43,""72.2""],[0.44,""32.2""],[0.45,""67.1""],[0.46,""52.07""],[0.47,""55""],[0.48,""100""],[0.49,""135""],[0.5,""65""],[0.51,""70""],[0.52,""60""],[0.53,""168.8""],[0.54,""156.15""],[0.55,""156""],[0.56,""34""]]","[[0.01,""7326""],[0.02,""2594.1""],[0.03,""1448.77""],[0.04,""630.09""],[0.05,""683.21""],[0.06,""102.54""],[0.07,""105.39""],[0.08,""73.3""],[0.09,""87.72""],[0.1,""68.3""],[0.11,""89.7""],[0.12,""66.74""],[0.13,""74.2""],[0.14,""52.05""],[0.15,""75.27""],[0.16,""48.55""],[0.17,""67.19""],[0.18,""50.86""],[0.19,""53.09""],[0.2,""43.81""],[0.21,""78.1""],[0.22,""62.5""],[0.23,""87.89""],[0.24,""66.39""],[0.25,""261""],[0.26,""45.6""],[0.27,""465.2""],[0.28,""44.9""],[0.29,""359.6""],[0.3,""47.15""],[0.31,""59""],[0.32,""40""],[0.33,""185""],[0.34,""130""],[0.35,""175""],[0.36,""160""],[0.37,""50""],[0.38,""75""],[0.39,""62""],[0.4,""132.4""],[0.41,""42.22""],[0.42,""94.39""],[0.43,""285.41""]]"
2026-05-17T02:24:43.302Z,btc-updown-15m-1778984100,"Bitcoin Up or Down - May 16, 10:15PM-10:30PM ET",btc-updown-15m-1778984100,2026-05-17T02:30:00Z,,0.56,0.57,0.43,0.44,0.565,0.47,6605.497443999998,,23.88,283.61,"[[0.01,""7437.98""],[0.02,""2121.1""],[0.03,""935.77""],[0.04,""630.09""],[0.05,""678.2""],[0.06,""607.54""],[0.07,""615.39""],[0.08,""73.29""],[0.09,""87.72""],[0.1,""68.29""],[0.11,""89.7""],[0.12,""61.74""],[0.13,""74.2""],[0.14,""52.05""],[0.15,""75.27""],[0.16,""58.55""],[0.17,""67.19""],[0.18,""45.86""],[0.19,""64.77""],[0.2,""68.8""],[0.21,""63.1""],[0.22,""42.5""],[0.23,""61.89""],[0.24,""41.39""],[0.25,""86""],[0.26,""40.6""],[0.27,""66.2""],[0.28,""39.9""],[0.29,""59.6""],[0.3,""60.96""],[0.31,""259""],[0.32,""63.8""],[0.33,""458.6""],[0.34,""38.4""],[0.35,""406.06""],[0.36,""43""],[0.37,""57.9""],[0.38,""142.7""],[0.39,""157.6""],[0.4,""37.5""],[0.41,""62.4""],[0.42,""37.3""],[0.43,""72.2""],[0.44,""32.2""],[0.45,""67.1""],[0.46,""57.07""],[0.47,""60""],[0.48,""105""],[0.49,""140""],[0.5,""70""],[0.51,""75""],[0.52,""65""],[0.53,""198.8""],[0.54,""161.15""],[0.55,""161""],[0.56,""23.88""]]","[[0.01,""7326""],[0.02,""2599.1""],[0.03,""1448.77""],[0.04,""630.09""],[0.05,""683.21""],[0.06,""602.54""],[0.07,""105.39""],[0.08,""73.3""],[0.09,""87.72""],[0.1,""68.3""],[0.11,""89.7""],[0.12,""66.74""],[0.13,""74.2""],[0.14,""52.05""],[0.15,""75.27""],[0.16,""48.55""],[0.17,""67.19""],[0.18,""50.86""],[0.19,""53.09""],[0.2,""43.81""],[0.21,""78.1""],[0.22,""62.5""],[0.23,""87.89""],[0.24,""66.39""],[0.25,""261""],[0.26,""45.6""],[0.27,""465.2""],[0.28,""44.9""],[0.29,""359.6""],[0.3,""47.15""],[0.31,""59""],[0.32,""40""],[0.33,""190""],[0.34,""135""],[0.35,""180""],[0.36,""165""],[0.37,""55""],[0.38,""80""],[0.39,""67""],[0.4,""137.4""],[0.41,""47.22""],[0.42,""94.39""],[0.43,""283.61""]]"
2026-05-17T02:24:45.354Z,btc-updown-15m-1778984100,"Bitcoin Up or Down - May 16, 10:15PM-10:30PM ET",btc-updown-15m-1778984100,2026-05-17T02:30:00Z,,0.56,0.57,0.43,0.44,0.565,0.47,6605.497443999998,,15.0,275.6,"[[0.01,""7437.98""],[0.02,""2121.1""],[0.03,""935.77""],[0.04,""630.09""],[0.05,""678.2""],[0.06,""607.54""],[0.07,""615.39""],[0.08,""73.29""],[0.09,""87.72""],[0.1,""68.29""],[0.11,""89.7""],[0.12,""61.74""],[0.13,""74.2""],[0.14,""52.05""],[0.15,""75.27""],[0.16,""58.55""],[0.17,""67.19""],[0.18,""45.86""],[0.19,""64.77""],[0.2,""68.8""],[0.21,""63.1""],[0.22,""42.5""],[0.23,""61.89""],[0.24,""41.39""],[0.25,""86""],[0.26,""40.6""],[0.27,""66.2""],[0.28,""39.9""],[0.29,""59.6""],[0.3,""60.96""],[0.31,""259""],[0.32,""63.8""],[0.33,""458.6""],[0.34,""38.4""],[0.35,""406.06""],[0.36,""43""],[0.37,""62.9""],[0.38,""142.7""],[0.39,""62.6""],[0.4,""147.5""],[0.41,""67.4""],[0.42,""42.3""],[0.43,""72.2""],[0.44,""32.2""],[0.45,""67.1""],[0.46,""57.07""],[0.47,""100""],[0.48,""65""],[0.49,""180""],[0.5,""30""],[0.51,""75""],[0.52,""65""],[0.53,""173.8""],[0.54,""186.15""],[0.55,""146""],[0.56,""15""]]","[[0.01,""7326""],[0.02,""2599.1""],[0.03,""1448.77""],[0.04,""630.09""],[0.05,""683.21""],[0.06,""602.54""],[0.07,""105.39""],[0.08,""73.3""],[0.09,""107.72""],[0.1,""68.3""],[0.11,""89.7""],[0.12,""66.74""],[0.13,""74.2""],[0.14,""52.05""],[0.15,""75.27""],[0.16,""48.55""],[0.17,""67.19""],[0.18,""50.86""],[0.19,""53.09""],[0.2,""43.81""],[0.21,""78.1""],[0.22,""62.5""],[0.23,""87.89""],[0.24,""66.39""],[0.25,""261""],[0.26,""40.6""],[0.27,""470.2""],[0.28,""44.9""],[0.29,""359.6""],[0.3,""32.15""],[0.31,""59""],[0.32,""40""],[0.33,""185""],[0.34,""260""],[0.35,""180""],[0.36,""40""],[0.37,""55""],[0.38,""80""],[0.39,""89""],[0.4,""115""],[0.41,""47.22""],[0.42,""94.39""],[0.43,""275.6""]]"
2026-05-17T02:24:47.327Z,btc-updown-15m-1778984100,"Bitcoin Up or Down - May 16, 10:15PM-10:30PM ET",btc-updown-15m-1778984100,2026-05-17T02:30:00Z,,0.55,0.56,0.44,0.45,0.555,0.47,6605.497443999998,,181.46,77.36,"[[0.01,""7437.98""],[0.02,""2121.1""],[0.03,""935.77""],[0.04,""630.09""],[0.05,""678.2""],[0.06,""607.54""],[0.07,""615.39""],[0.08,""73.29""],[0.09,""87.72""],[0.1,""68.29""],[0.11,""89.7""],[0.12,""61.74""],[0.13,""74.2""],[0.14,""52.05""],[0.15,""75.27""],[0.16,""58.55""],[0.17,""67.19""],[0.18,""45.86""],[0.19,""64.77""],[0.2,""68.8""],[0.21,""63.1""],[0.22,""42.5""],[0.23,""61.89""],[0.24,""41.39""],[0.25,""86""],[0.26,""40.6""],[0.27,""66.2""],[0.28,""39.9""],[0.29,""59.6""],[0.3,""60.96""],[0.31,""259""],[0.32,""63.8""],[0.33,""458.6""],[0.34,""38.4""],[0.35,""406.06""],[0.36,""43""],[0.37,""57.9""],[0.38,""147.7""],[0.39,""62.6""],[0.4,""147.5""],[0.41,""67.4""],[0.42,""42.3""],[0.43,""78.2""],[0.44,""37.2""],[0.45,""67.1""],[0.46,""57.07""],[0.47,""105""],[0.48,""65""],[0.49,""180""],[0.5,""25""],[0.51,""95""],[0.52,""40""],[0.53,""148.8""],[0.54,""218.95""],[0.55,""181.46""]]","[[0.01,""7326""],[0.02,""2599.1""],[0.03,""1448.77""],[0.04,""630.09""],[0.05,""683.21""],[0.06,""602.54""],[0.07,""105.39""],[0.08,""73.3""],[0.09,""108.72""],[0.1,""68.3""],[0.11,""89.7""],[0.12,""66.74""],[0.13,""74.2""],[0.14,""52.05""],[0.15,""75.27""],[0.16,""48.55""],[0.17,""67.19""],[0.18,""50.86""],[0.19,""53.09""],[0.2,""43.81""],[0.21,""78.1""],[0.22,""62.5""],[0.23,""87.89""],[0.24,""66.39""],[0.25,""261""],[0.26,""45.6""],[0.27,""465.2""],[0.28,""44.9""],[0.29,""359.6""],[0.3,""32.15""],[0.31,""59""],[0.32,""40""],[0.33,""185""],[0.34,""260""],[0.35,""180""],[0.36,""40""],[0.37,""55""],[0.38,""80""],[0.39,""94""],[0.4,""115""],[0.41,""47.22""],[0.42,""55.93""],[0.43,""249.95""],[0.44,""77.36""]]"
2026-05-17T02:24:49.343Z,btc-updown-15m-1778984100,"Bitcoin Up or Down - May 16, 10:15PM-10:30PM ET",btc-updown-15m-1778984100,2026-05-17T02:30:00Z,,0.55,0.56,0.44,0.45,0.555,0.47,6605.497443999998,,171.26,76.76,"[[0.01,""7437.98""],[0.02,""2121.1""],[0.03,""935.77""],[0.04,""630.09""],[0.05,""678.2""],[0.06,""607.54""],[0.07,""615.39""],[0.08,""73.29""],[0.09,""87.72""],[0.1,""68.29""],[0.11,""89.7""],[0.12,""61.74""],[0.13,""74.2""],[0.14,""52.05""],[0.15,""75.27""],[0.16,""58.55""],[0.17,""67.19""],[0.18,""45.86""],[0.19,""64.77""],[0.2,""68.8""],[0.21,""63.1""],[0.22,""42.5""],[0.23,""61.89""],[0.24,""41.39""],[0.25,""86""],[0.26,""40.6""],[0.27,""66.2""],[0.28,""39.9""],[0.29,""59.6""],[0.3,""60.96""],[0.31,""259""],[0.32,""63.8""],[0.33,""458.6""],[0.34,""38.4""],[0.35,""406.06""],[0.36,""43""],[0.37,""57.9""],[0.38,""147.7""],[0.39,""62.6""],[0.4,""147.5""],[0.41,""67.4""],[0.42,""42.3""],[0.43,""72.2""],[0.44,""37.2""],[0.45,""77.1""],[0.46,""62.07""],[0.47,""105""],[0.48,""65""],[0.49,""180""],[0.5,""25""],[0.51,""95""],[0.52,""85""],[0.53,""148.8""],[0.54,""198.95""],[0.55,""171.26""]]","[[0.01,""7326""],[0.02,""2604.1""],[0.03,""1448.77""],[0.04,""630.09""],[0.05,""683.21""],[0.06,""102.54""],[0.07,""105.39""],[0.08,""73.3""],[0.09,""87.72""],[0.1,""68.3""],[0.11,""89.7""],[0.12,""66.74""],[0.13,""74.2""],[0.14,""52.05""],[0.15,""75.27""],[0.16,""48.55""],[0.17,""67.19""],[0.18,""50.86""],[0.19,""53.09""],[0.2,""43.81""],[0.21,""78.1""],[0.22,""62.5""],[0.23,""87.89""],[0.24,""66.39""],[0.25,""261""],[0.26,""45.6""],[0.27,""465.2""],[0.28,""44.9""],[0.29,""359.6""],[0.3,""32.15""],[0.31,""59""],[0.32,""40""],[0.33,""145""],[0.34,""260""],[0.35,""180""],[0.36,""40""],[0.37,""55""],[0.38,""80""],[0.39,""89""],[0.4,""115""],[0.41,""67.22""],[0.42,""55.93""],[0.43,""69.8""],[0.44,""76.76""]]"
2026-05-17T02:24:51.886Z,btc-updown-15m-1778984100,"Bitcoin Up or Down - May 16, 10:15PM-10:30PM ET",btc-updown-15m-1778984100,2026-05-17T02:30:00Z,,0.55,0.56,0.44,0.45,0.555,0.47,6605.497443999998,,108.14,41.8,"[[0.01,""7437.98""],[0.02,""2121.1""],[0.03,""935.77""],[0.04,""630.09""],[0.05,""678.2""],[0.06,""607.54""],[0.07,""615.39""],[0.08,""73.29""],[0.09,""87.72""],[0.1,""68.29""],[0.11,""89.7""],[0.12,""61.74""],[0.13,""74.2""],[0.14,""52.05""],[0.15,""75.27""],[0.16,""58.55""],[0.17,""67.19""],[0.18,""45.86""],[0.19,""64.77""],[0.2,""68.8""],[0.21,""63.1""],[0.22,""42.5""],[0.23,""61.89""],[0.24,""41.39""],[0.25,""86""],[0.26,""40.6""],[0.27,""66.2""],[0.28,""39.9""],[0.29,""59.6""],[0.3,""60.96""],[0.31,""259""],[0.32,""63.8""],[0.33,""58.6""],[0.34,""38.4""],[0.35,""106.06""],[0.36,""43""],[0.37,""57.9""],[0.38,""147.7""],[0.39,""62.6""],[0.4,""147.5""],[0.41,""67.4""],[0.42,""42.3""],[0.43,""72.2""],[0.44,""37.2""],[0.45,""72.1""],[0.46,""62.07""],[0.47,""110""],[0.48,""65""],[0.49,""180""],[0.5,""25""],[0.51,""95""],[0.52,""85""],[0.53,""168.8""],[0.54,""173.95""],[0.55,""108.14""]]","[[0.01,""7326""],[0.02,""2604.1""],[0.03,""1448.77""],[0.04,""630.09""],[0.05,""683.21""],[0.06,""102.54""],[0.07,""105.39""],[0.08,""73.3""],[0.09,""87.72""],[0.1,""68.3""],[0.11,""89.7""],[0.12,""66.74""],[0.13,""74.2""],[0.14,""52.05""],[0.15,""75.27""],[0.16,""48.55""],[0.17,""67.19""],[0.18,""50.86""],[0.19,""53.09""],[0.2,""43.81""],[0.21,""78.1""],[0.22,""62.5""],[0.23,""87.89""],[0.24,""66.39""],[0.25,""261""],[0.26,""45.6""],[0.27,""65.2""],[0.28,""44.9""],[0.29,""59.6""],[0.3,""32.15""],[0.31,""99""],[0.32,""40""],[0.33,""145""],[0.34,""260""],[0.35,""180""],[0.36,""40""],[0.37,""55""],[0.38,""80""],[0.39,""94""],[0.4,""115""],[0.41,""67.22""],[0.42,""55.93""],[0.43,""215.8""],[0.44,""41.8""]]"
2026-05-17T02:24:55.113Z,btc-updown-15m-1778984100,"Bitcoin Up or Down - May 16, 10:15PM-10:30PM ET",btc-updown-15m-1778984100,2026-05-17T02:30:00Z,,0.55,0.56,0.44,0.45,0.555,0.47,6605.497443999998,,101.14,80.98,"[[0.01,""7437.98""],[0.02,""2121.1""],[0.03,""935.77""],[0.04,""630.09""],[0.05,""678.2""],[0.06,""607.54""],[0.07,""615.39""],[0.08,""73.29""],[0.09,""87.72""],[0.1,""68.29""],[0.11,""89.7""],[0.12,""61.74""],[0.13,""74.2""],[0.14,""52.05""],[0.15,""75.27""],[0.16,""58.55""],[0.17,""67.19""],[0.18,""45.86""],[0.19,""64.77""],[0.2,""68.8""],[0.21,""63.1""],[0.22,""42.5""],[0.23,""61.89""],[0.24,""41.39""],[0.25,""86""],[0.26,""40.6""],[0.27,""66.2""],[0.28,""39.9""],[0.29,""59.6""],[0.3,""60.96""],[0.31,""259""],[0.32,""63.8""],[0.33,""58.6""],[0.34,""38.4""],[0.35,""406.06""],[0.36,""43""],[0.37,""57.9""],[0.38,""147.7""],[0.39,""62.6""],[0.4,""147.5""],[0.41,""67.4""],[0.42,""42.3""],[0.43,""72.2""],[0.44,""37.2""],[0.45,""77.1""],[0.46,""62.07""],[0.47,""110""],[0.48,""70""],[0.49,""180""],[0.5,""25""],[0.51,""70""],[0.52,""85""],[0.53,""197.8""],[0.54,""178.95""],[0.55,""101.14""]]","[[0.01,""7326""],[0.02,""2604.1""],[0.03,""1448.77""],[0.04,""630.09""],[0.05,""683.21""],[0.06,""102.54""],[0.07,""105.39""],[0.08,""73.3""],[0.09,""87.72""],[0.1,""68.3""],[0.11,""89.7""],[0.12,""66.74""],[0.13,""74.2""],[0.14,""52.05""],[0.15,""75.27""],[0.16,""48.55""],[0.17,""67.19""],[0.18,""50.86""],[0.19,""53.09""],[0.2,""43.81""],[0.21,""78.1""],[0.22,""62.5""],[0.23,""87.89""],[0.24,""66.39""],[0.25,""261""],[0.26,""45.6""],[0.27,""65.2""],[0.28,""344.9""],[0.29,""59.6""],[0.3,""32.15""],[0.31,""99""],[0.32,""40""],[0.33,""145""],[0.34,""160""],[0.35,""180""],[0.36,""140""],[0.37,""55""],[0.38,""80""],[0.39,""89""],[0.4,""115""],[0.41,""67.22""],[0.42,""55.93""],[0.43,""92""],[0.44,""80.98""]]"
2026-05-17T02:24:56.475Z,btc-updown-15m-1778984100,"Bitcoin Up or Down - May 16, 10:15PM-10:30PM ET",btc-updown-15m-1778984100,2026-05-17T02:30:00Z,,0.55,0.56,0.44,0.45,0.555,0.47,6605.497443999998,,122.08,78.75,"[[0.01,""7437.98""],[0.02,""2121.1""],[0.03,""935.77""],[0.04,""630.09""],[0.05,""678.2""],[0.06,""607.54""],[0.07,""615.39""],[0.08,""73.29""],[0.09,""87.72""],[0.1,""68.29""],[0.11,""89.7""],[0.12,""61.74""],[0.13,""74.2""],[0.14,""52.05""],[0.15,""75.27""],[0.16,""58.55""],[0.17,""67.19""],[0.18,""45.86""],[0.19,""64.77""],[0.2,""68.8""],[0.21,""63.1""],[0.22,""42.5""],[0.23,""61.89""],[0.24,""41.39""],[0.25,""86""],[0.26,""40.6""],[0.27,""66.2""],[0.28,""39.9""],[0.29,""59.6""],[0.3,""60.96""],[0.31,""259""],[0.32,""63.8""],[0.33,""458.6""],[0.34,""38.4""],[0.35,""406.06""],[0.36,""43""],[0.37,""57.9""],[0.38,""147.7""],[0.39,""62.6""],[0.4,""147.5""],[0.41,""67.4""],[0.42,""42.3""],[0.43,""72.2""],[0.44,""37.2""],[0.45,""77.1""],[0.46,""62.07""],[0.47,""110""],[0.48,""70""],[0.49,""180""],[0.5,""25""],[0.51,""70""],[0.52,""85""],[0.53,""197.8""],[0.54,""178.95""],[0.55,""122.08""]]","[[0.01,""7326""],[0.02,""2604.1""],[0.03,""1448.77""],[0.04,""630.09""],[0.05,""683.21""],[0.06,""102.54""],[0.07,""105.39""],[0.08,""73.3""],[0.09,""87.72""],[0.1,""68.3""],[0.11,""89.7""],[0.12,""66.74""],[0.13,""74.2""],[0.14,""52.05""],[0.15,""75.27""],[0.16,""48.55""],[0.17,""67.19""],[0.18,""50.86""],[0.19,""53.09""],[0.2,""43.81""],[0.21,""78.1""],[0.22,""62.5""],[0.23,""87.89""],[0.24,""66.39""],[0.25,""261""],[0.26,""445.6""],[0.27,""65.2""],[0.28,""344.9""],[0.29,""59.6""],[0.3,""32.15""],[0.31,""99""],[0.32,""40""],[0.33,""145""],[0.34,""160""],[0.35,""180""],[0.36,""140""],[0.37,""55""],[0.38,""80""],[0.39,""94""],[0.4,""115""],[0.41,""67.22""],[0.42,""50.93""],[0.43,""92""],[0.44,""78.75""]]"
2026-05-17T02:24:58.524Z,btc-updown-15m-1778984100,"Bitcoin Up or Down - May 16, 10:15PM-10:30PM ET",btc-updown-15m-1778984100,2026-05-17T02:30:00Z,,0.55,0.56,0.44,0.45,0.555,0.47,6605.497443999998,,105.96,73.66,"[[0.01,""7437.98""],[0.02,""2121.1""],[0.03,""935.77""],[0.04,""630.09""],[0.05,""678.2""],[0.06,""607.54""],[0.07,""615.39""],[0.08,""73.29""],[0.09,""87.72""],[0.1,""68.29""],[0.11,""89.7""],[0.12,""61.74""],[0.13,""74.2""],[0.14,""52.05""],[0.15,""75.27""],[0.16,""58.55""],[0.17,""67.19""],[0.18,""45.86""],[0.19,""64.77""],[0.2,""68.8""],[0.21,""63.1""],[0.22,""42.5""],[0.23,""61.89""],[0.24,""41.39""],[0.25,""86""],[0.26,""40.6""],[0.27,""66.2""],[0.28,""39.9""],[0.29,""59.6""],[0.3,""60.96""],[0.31,""259""],[0.32,""63.8""],[0.33,""458.6""],[0.34,""38.4""],[0.35,""406.06""],[0.36,""43""],[0.37,""57.9""],[0.38,""147.7""],[0.39,""62.6""],[0.4,""147.5""],[0.41,""62.4""],[0.42,""37.3""],[0.43,""72.2""],[0.44,""37.2""],[0.45,""77.1""],[0.46,""62.07""],[0.47,""110""],[0.48,""70""],[0.49,""185""],[0.5,""25""],[0.51,""70""],[0.52,""85""],[0.53,""197.8""],[0.54,""189.95""],[0.55,""105.96""]]","[[0.01,""7326""],[0.02,""2604.1""],[0.03,""1448.77""],[0.04,""630.09""],[0.05,""183.21""],[0.06,""102.54""],[0.07,""105.39""],[0.08,""73.3""],[0.09,""87.72""],[0.1,""68.3""],[0.11,""89.7""],[0.12,""66.74""],[0.13,""74.2""],[0.14,""52.05""],[0.15,""75.27""],[0.16,""48.55""],[0.17,""67.19""],[0.18,""50.86""],[0.19,""53.09""],[0.2,""43.81""],[0.21,""78.1""],[0.22,""62.5""],[0.23,""87.89""],[0.24,""66.39""],[0.25,""261""],[0.26,""445.6""],[0.27,""65.2""],[0.28,""344.9""],[0.29,""59.6""],[0.3,""32.15""],[0.31,""99""],[0.32,""40""],[0.33,""145""],[0.34,""160""],[0.35,""180""],[0.36,""135""],[0.37,""50""],[0.38,""80""],[0.39,""89""],[0.4,""115""],[0.41,""67.22""],[0.42,""50.93""],[0.43,""80""],[0.44,""73.66""]]"
2026-05-17T02:25:01.172Z,btc-updown-15m-1778984100,"Bitcoin Up or Down - May 16, 10:15PM-10:30PM ET",btc-updown-15m-1778984100,2026-05-17T02:30:00Z,,0.55,0.56,0.44,0.45,0.555,0.47,6605.497443999998,,5.0,51.72,"[[0.01,""7432.98""],[0.02,""2121.1""],[0.03,""935.77""],[0.04,""130.09""],[0.05,""178.2""],[0.06,""107.54""],[0.07,""115.39""],[0.08,""73.29""],[0.09,""87.72""],[0.1,""68.29""],[0.11,""89.7""],[0.12,""61.74""],[0.13,""74.2""],[0.14,""52.05""],[0.15,""75.27""],[0.16,""58.55""],[0.17,""67.19""],[0.18,""45.86""],[0.19,""64.77""],[0.2,""68.8""],[0.21,""63.1""],[0.22,""42.5""],[0.23,""61.89""],[0.24,""41.39""],[0.25,""86""],[0.26,""40.6""],[0.27,""66.2""],[0.28,""39.9""],[0.29,""59.6""],[0.3,""60.96""],[0.31,""259""],[0.32,""63.8""],[0.33,""458.6""],[0.34,""38.4""],[0.35,""406.06""],[0.36,""43""],[0.37,""57.9""],[0.38,""42.7""],[0.39,""57.6""],[0.4,""37.5""],[0.41,""50""],[0.42,""25""],[0.43,""61""],[0.44,""20""],[0.45,""55""],[0.46,""44.97""],[0.47,""25""],[0.49,""60""],[0.51,""5""],[0.54,""5""],[0.55,""5""]]","[[0.01,""7321""],[0.02,""2599.1""],[0.03,""1448.77""],[0.04,""630.09""],[0.05,""183.21""],[0.06,""102.54""],[0.07,""105.39""],[0.08,""73.3""],[0.09,""87.72""],[0.1,""68.3""],[0.11,""89.7""],[0.12,""66.74""],[0.13,""74.2""],[0.14,""52.05""],[0.15,""75.27""],[0.16,""48.55""],[0.17,""67.19""],[0.18,""50.86""],[0.19,""53.09""],[0.2,""43.81""],[0.21,""78.1""],[0.22,""62.5""],[0.23,""87.89""],[0.24,""86.39""],[0.25,""261""],[0.26,""465.6""],[0.27,""85.2""],[0.28,""344.9""],[0.29,""59.6""],[0.3,""52.15""],[0.31,""79""],[0.32,""40""],[0.33,""45""],[0.34,""130""],[0.35,""75""],[0.36,""40""],[0.37,""80""],[0.38,""145""],[0.39,""77""],[0.4,""35""],[0.41,""67.22""],[0.42,""50.93""],[0.43,""124.43""],[0.44,""51.72""]]"
2026-05-17T02:25:03.183Z,btc-updown-15m-1778984100,"Bitcoin Up or Down - May 16, 10:15PM-10:30PM ET",btc-updown-15m-1778984100,2026-05-17T02:30:00Z,,0.52,0.53,0.47,0.48,0.525,0.47,6605.497443999998,,14.0,68.13,"[[0.01,""7427.98""],[0.02,""2121.1""],[0.03,""935.77""],[0.04,""130.09""],[0.05,""158.2""],[0.06,""102.54""],[0.07,""115.39""],[0.08,""73.29""],[0.09,""87.72""],[0.1,""68.29""],[0.11,""89.7""],[0.12,""61.74""],[0.13,""74.2""],[0.14,""52.05""],[0.15,""75.27""],[0.16,""58.55""],[0.17,""67.19""],[0.18,""45.86""],[0.19,""64.77""],[0.2,""68.8""],[0.21,""63.1""],[0.22,""42.5""],[0.23,""61.89""],[0.24,""41.39""],[0.25,""81""],[0.26,""40.6""],[0.27,""60.2""],[0.28,""39.9""],[0.29,""64.6""],[0.3,""60.96""],[0.31,""259""],[0.32,""63.8""],[0.33,""458.6""],[0.34,""38.4""],[0.35,""406.06""],[0.36,""38""],[0.37,""52.9""],[0.38,""112.7""],[0.39,""40""],[0.4,""140""],[0.41,""20""],[0.43,""55""],[0.44,""40""],[0.45,""41.15""],[0.46,""19.97""],[0.48,""24.25""],[0.5,""29.51""],[0.52,""14""]]","[[0.01,""7311""],[0.02,""2594.1""],[0.03,""1448.77""],[0.04,""630.09""],[0.05,""163.21""],[0.06,""602.54""],[0.07,""105.39""],[0.08,""73.3""],[0.09,""87.72""],[0.1,""68.3""],[0.11,""89.7""],[0.12,""66.74""],[0.13,""74.2""],[0.14,""52.05""],[0.15,""75.27""],[0.16,""48.55""],[0.17,""67.19""],[0.18,""45.86""],[0.19,""53.09""],[0.2,""43.81""],[0.21,""78.1""],[0.22,""62.5""],[0.23,""81.89""],[0.24,""86.39""],[0.25,""261""],[0.26,""460.6""],[0.27,""80.2""],[0.28,""344.9""],[0.29,""79.6""],[0.3,""52.15""],[0.31,""79""],[0.32,""53.8""],[0.33,""45""],[0.34,""73.4""],[0.35,""70""],[0.36,""150""],[0.37,""55""],[0.38,""35""],[0.39,""50""],[0.4,""30""],[0.41,""137.1""],[0.42,""42.8""],[0.43,""62.8""],[0.44,""60""],[0.47,""68.13""]]"
2026-05-17T02:25:06.972Z,btc-updown-15m-1778984100,"Bitcoin Up or Down - May 16, 10:15PM-10:30PM ET",btc-updown-15m-1778984100,2026-05-17T02:30:00Z,,0.35,0.36,0.64,0.65,0.355,0.47,6605.497443999998,,79.8,59.0,"[[0.01,""7932.98""],[0.02,""2166.1""],[0.03,""935.77""],[0.04,""130.09""],[0.05,""158.2""],[0.06,""102.54""],[0.07,""115.39""],[0.08,""73.29""],[0.09,""87.72""],[0.1,""68.29""],[0.11,""89.7""],[0.12,""56.74""],[0.13,""74.2""],[0.14,""52.05""],[0.15,""75.27""],[0.16,""63.55""],[0.17,""67.19""],[0.18,""45.86""],[0.19,""64.77""],[0.2,""68.8""],[0.21,""68.1""],[0.22,""42.5""],[0.23,""61.89""],[0.24,""47.39""],[0.25,""81""],[0.26,""40.6""],[0.27,""60.2""],[0.28,""39.9""],[0.29,""314.6""],[0.3,""55.96""],[0.31,""368""],[0.32,""85""],[0.33,""61.13""],[0.34,""60""],[0.35,""79.8""]]","[[0.01,""7316""],[0.02,""2599.1""],[0.03,""1448.77""],[0.04,""630.09""],[0.05,""663.21""],[0.06,""602.54""],[0.07,""110.39""],[0.08,""73.3""],[0.09,""87.72""],[0.1,""68.3""],[0.11,""89.7""],[0.12,""61.74""],[0.13,""74.2""],[0.14,""52.05""],[0.15,""75.27""],[0.16,""48.55""],[0.17,""67.19""],[0.18,""45.86""],[0.19,""58.09""],[0.2,""43.81""],[0.21,""58.1""],[0.22,""42.5""],[0.23,""61.89""],[0.24,""71.39""],[0.25,""81""],[0.26,""60.6""],[0.27,""95.2""],[0.28,""64.9""],[0.29,""79.6""],[0.3,""452.15""],[0.31,""79""],[0.32,""58.8""],[0.33,""78.6""],[0.34,""58.4""],[0.35,""83.2""],[0.36,""63""],[0.37,""77.9""],[0.38,""37.7""],[0.39,""157.6""],[0.4,""37.5""],[0.41,""177.4""],[0.42,""42.3""],[0.43,""67.2""],[0.44,""37.2""],[0.45,""47.1""],[0.46,""57.1""],[0.47,""99.2""],[0.48,""45""],[0.49,""55""],[0.5,""97""],[0.51,""57""],[0.52,""37""],[0.53,""81.6""],[0.54,""85""],[0.55,""102""],[0.56,""20""],[0.57,""80""],[0.58,""5""],[0.59,""45""],[0.6,""16""],[0.61,""33.13""],[0.64,""59""]]"
2026-05-17T02:25:09.997Z,btc-updown-15m-1778984100,"Bitcoin Up or Down - May 16, 10:15PM-10:30PM ET",btc-updown-15m-1778984100,2026-05-17T02:30:00Z,,0.38,0.39,0.61,0.62,0.385,0.47,6605.497443999998,,8.34,32.0,"[[0.01,""7827.98""],[0.02,""2111.1""],[0.03,""935.77""],[0.04,""130.09""],[0.05,""163.2""],[0.06,""102.54""],[0.07,""115.39""],[0.08,""73.29""],[0.09,""87.72""],[0.1,""68.29""],[0.11,""89.7""],[0.12,""56.74""],[0.13,""74.2""],[0.14,""52.05""],[0.15,""75.27""],[0.16,""63.55""],[0.17,""67.19""],[0.18,""45.86""],[0.19,""64.77""],[0.2,""73.8""],[0.21,""68.1""],[0.22,""42.5""],[0.23,""61.89""],[0.24,""41.39""],[0.25,""81""],[0.26,""40.6""],[0.27,""75.2""],[0.28,""39.9""],[0.29,""674.6""],[0.3,""105.96""],[0.31,""414""],[0.32,""50""],[0.33,""100""],[0.34,""65""],[0.35,""227.29""],[0.36,""12.8""],[0.37,""5.47""],[0.38,""8.34""]]","[[0.01,""7226""],[0.02,""2099.1""],[0.03,""948.77""],[0.04,""130.09""],[0.05,""663.21""],[0.06,""602.54""],[0.07,""105.39""],[0.08,""73.3""],[0.09,""87.72""],[0.1,""68.3""],[0.11,""94.7""],[0.12,""61.74""],[0.13,""74.2""],[0.14,""52.05""],[0.15,""575.27""],[0.16,""548.55""],[0.17,""67.19""],[0.18,""45.86""],[0.19,""58.09""],[0.2,""43.81""],[0.21,""58.1""],[0.22,""42.5""],[0.23,""61.89""],[0.24,""51.39""],[0.25,""61""],[0.26,""40.6""],[0.27,""75.2""],[0.28,""64.9""],[0.29,""79.6""],[0.3,""452.15""],[0.31,""79""],[0.32,""358.8""],[0.33,""78.6""],[0.34,""63.4""],[0.35,""83.2""],[0.36,""63""],[0.37,""82.9""],[0.38,""37.7""],[0.39,""57.6""],[0.4,""137.5""],[0.41,""77.4""],[0.42,""142.3""],[0.43,""67.2""],[0.44,""37.2""],[0.45,""42.1""],[0.46,""37.1""],[0.47,""55.2""],[0.48,""25""],[0.49,""45""],[0.5,""100""],[0.51,""55""],[0.52,""60""],[0.53,""70""],[0.54,""146.9""],[0.55,""65""],[0.56,""65""],[0.57,""95""],[0.58,""20""],[0.59,""91.5""],[0.61,""32""]]"
2026-05-17T02:25:10.980Z,btc-updown-15m-1778984100,"Bitcoin Up or Down - May 16, 10:15PM-10:30PM ET",btc-updown-15m-1778984100,2026-05-17T02:30:00Z,,0.38,0.39,0.61,0.62,0.385,0.47,6605.497443999998,,5.01,101.16,"[[0.01,""7832.98""],[0.02,""2111.1""],[0.03,""935.77""],[0.04,""130.09""],[0.05,""163.2""],[0.06,""102.54""],[0.07,""115.39""],[0.08,""73.29""],[0.09,""87.72""],[0.1,""68.29""],[0.11,""89.7""],[0.12,""56.74""],[0.13,""74.2""],[0.14,""52.05""],[0.15,""75.27""],[0.16,""63.55""],[0.17,""67.19""],[0.18,""45.86""],[0.19,""64.77""],[0.2,""73.8""],[0.21,""68.1""],[0.22,""42.5""],[0.23,""61.89""],[0.24,""47.39""],[0.25,""81""],[0.26,""40.6""],[0.27,""75.2""],[0.28,""39.9""],[0.29,""674.6""],[0.3,""105.96""],[0.31,""414""],[0.32,""50""],[0.33,""100""],[0.34,""65""],[0.35,""137.07""],[0.36,""128.8""],[0.37,""25.47""],[0.38,""5.01""]]","[[0.01,""7221""],[0.02,""2099.1""],[0.03,""948.77""],[0.04,""130.09""],[0.05,""163.21""],[0.06,""602.54""],[0.07,""105.39""],[0.08,""73.3""],[0.09,""87.72""],[0.1,""68.3""],[0.11,""94.7""],[0.12,""61.74""],[0.13,""74.2""],[0.14,""552.05""],[0.15,""575.27""],[0.16,""548.55""],[0.17,""567.19""],[0.18,""45.86""],[0.19,""58.09""],[0.2,""43.81""],[0.21,""58.1""],[0.22,""42.5""],[0.23,""61.89""],[0.24,""46.39""],[0.25,""61""],[0.26,""56.6""],[0.27,""70.2""],[0.28,""44.9""],[0.29,""59.6""],[0.3,""432.15""],[0.31,""59""],[0.32,""338.8""],[0.33,""58.6""],[0.34,""43.4""],[0.35,""63.2""],[0.36,""43""],[0.37,""62.9""],[0.38,""37.7""],[0.39,""57.6""],[0.4,""137.5""],[0.41,""57.4""],[0.42,""142.3""],[0.43,""67.2""],[0.44,""37.2""],[0.45,""42.1""],[0.46,""37.1""],[0.47,""50.2""],[0.48,""25""],[0.49,""45""],[0.5,""80""],[0.51,""54.97""],[0.52,""60""],[0.53,""70""],[0.54,""191.9""],[0.55,""70""],[0.56,""85""],[0.57,""95""],[0.58,""40""],[0.59,""91.5""],[0.6,""40""],[0.61,""101.16""]]"
2026-05-17T02:25:13.070Z,btc-updown-15m-1778984100,"Bitcoin Up or Down - May 16, 10:15PM-10:30PM ET",btc-updown-15m-1778984100,2026-05-17T02:30:00Z,,0.38,0.39,0.61,0.62,0.385,0.47,6605.497443999998,,56.76,25.97,"[[0.01,""7832.98""],[0.02,""2111.1""],[0.03,""935.77""],[0.04,""130.09""],[0.05,""163.2""],[0.06,""102.54""],[0.07,""115.39""],[0.08,""73.29""],[0.09,""87.72""],[0.1,""68.29""],[0.11,""89.7""],[0.12,""56.74""],[0.13,""74.2""],[0.14,""52.05""],[0.15,""75.27""],[0.16,""63.55""],[0.17,""67.19""],[0.18,""45.86""],[0.19,""64.77""],[0.2,""73.8""],[0.21,""68.1""],[0.22,""42.5""],[0.23,""61.89""],[0.24,""47.39""],[0.25,""81""],[0.26,""40.6""],[0.27,""275.2""],[0.28,""139.9""],[0.29,""574.6""],[0.3,""145.96""],[0.31,""360""],[0.32,""90""],[0.33,""65""],[0.34,""89.95""],[0.35,""114.49""],[0.36,""121""],[0.37,""50.47""],[0.38,""56.76""]]","[[0.01,""7221""],[0.02,""2099.1""],[0.03,""948.77""],[0.04,""130.09""],[0.05,""163.21""],[0.06,""602.54""],[0.07,""105.39""],[0.08,""73.3""],[0.09,""87.72""],[0.1,""68.3""],[0.11,""94.7""],[0.12,""61.74""],[0.13,""574.2""],[0.14,""552.05""],[0.15,""575.27""],[0.16,""48.55""],[0.17,""67.19""],[0.18,""45.86""],[0.19,""58.09""],[0.2,""43.81""],[0.21,""58.1""],[0.22,""42.5""],[0.23,""61.89""],[0.24,""46.39""],[0.25,""61""],[0.26,""56.6""],[0.27,""70.2""],[0.28,""244.9""],[0.29,""59.6""],[0.3,""432.15""],[0.31,""59""],[0.32,""338.8""],[0.33,""58.6""],[0.34,""43.4""],[0.35,""63.2""],[0.36,""43""],[0.37,""62.9""],[0.38,""37.7""],[0.39,""57.6""],[0.4,""37.5""],[0.41,""57.4""],[0.42,""42.3""],[0.43,""167.2""],[0.44,""37.2""],[0.45,""142.1""],[0.46,""37.1""],[0.47,""62.2""],[0.48,""45""],[0.49,""65""],[0.5,""100""],[0.51,""74.97""],[0.52,""60""],[0.53,""70""],[0.54,""191.9""],[0.55,""70""],[0.56,""85""],[0.57,""65""],[0.58,""95""],[0.59,""91.5""],[0.6,""147.62""],[0.61,""25.97""]]"
2026-05-17T02:25:15.047Z,btc-updown-15m-1778984100,"Bitcoin Up or Down - May 16, 10:15PM-10:30PM ET",btc-updown-15m-1778984100,2026-05-17T02:30:00Z,,0.38,0.39,0.61,0.62,0.385,0.47,6605.497443999998,,74.96,0.97,"[[0.01,""7832.98""],[0.02,""2111.1""],[0.03,""935.77""],[0.04,""130.09""],[0.05,""163.2""],[0.06,""102.54""],[0.07,""115.39""],[0.08,""73.29""],[0.09,""87.72""],[0.1,""68.29""],[0.11,""89.7""],[0.12,""56.74""],[0.13,""74.2""],[0.14,""52.05""],[0.15,""75.27""],[0.16,""63.55""],[0.17,""67.19""],[0.18,""45.86""],[0.19,""64.77""],[0.2,""73.8""],[0.21,""74.1""],[0.22,""42.5""],[0.23,""61.89""],[0.24,""41.39""],[0.25,""81""],[0.26,""40.6""],[0.27,""375.2""],[0.28,""25""],[0.29,""260""],[0.3,""131.66""],[0.31,""60""],[0.32,""90""],[0.33,""60""],[0.34,""39""],[0.35,""134.49""],[0.36,""141.62""],[0.37,""57.8""],[0.38,""74.96""]]","[[0.01,""7216""],[0.02,""2099.1""],[0.03,""948.77""],[0.04,""130.09""],[0.05,""163.21""],[0.06,""602.54""],[0.07,""105.39""],[0.08,""73.3""],[0.09,""87.72""],[0.1,""68.3""],[0.11,""94.7""],[0.12,""561.74""],[0.13,""574.2""],[0.14,""552.05""],[0.15,""575.27""],[0.16,""48.55""],[0.17,""67.19""],[0.18,""45.86""],[0.19,""58.09""],[0.2,""43.81""],[0.21,""58.1""],[0.22,""42.5""],[0.23,""61.89""],[0.24,""46.39""],[0.25,""61""],[0.26,""45.6""],[0.27,""60.2""],[0.28,""44.9""],[0.29,""80.6""],[0.3,""32.15""],[0.31,""59""],[0.32,""38.8""],[0.33,""58.6""],[0.34,""43.4""],[0.35,""363.2""],[0.36,""43""],[0.37,""62.9""],[0.38,""37.7""],[0.39,""57.6""],[0.4,""37.5""],[0.41,""57.4""],[0.42,""37.3""],[0.43,""57.2""],[0.44,""27.2""],[0.45,""137.1""],[0.46,""47.1""],[0.47,""72.2""],[0.48,""167""],[0.49,""77""],[0.5,""97""],[0.51,""74.97""],[0.52,""79.8""],[0.53,""80.9""],[0.54,""170""],[0.55,""70""],[0.56,""95""],[0.57,""65""],[0.58,""99.47""],[0.59,""80.5""],[0.6,""177.3""],[0.61,""0.97""]]"
2026-05-17T02:25:17.937Z,btc-updown-15m-1778984100,"Bitcoin Up or Down - May 16, 10:15PM-10:30PM ET",btc-updown-15m-1778984100,2026-05-17T02:30:00Z,,0.36,0.37,0.63,0.64,0.365,0.47,6605.497443999998,,84.61,37.92,"[[0.01,""7837.98""],[0.02,""2111.1""],[0.03,""935.77""],[0.04,""130.09""],[0.05,""163.2""],[0.06,""102.54""],[0.07,""115.39""],[0.08,""73.29""],[0.09,""87.72""],[0.1,""68.29""],[0.11,""89.7""],[0.12,""56.74""],[0.13,""74.2""],[0.14,""52.05""],[0.15,""75.27""],[0.16,""63.55""],[0.17,""67.19""],[0.18,""45.86""],[0.19,""64.77""],[0.2,""68.8""],[0.21,""74.1""],[0.22,""42.5""],[0.23,""61.89""],[0.24,""46.39""],[0.25,""496""],[0.26,""40.6""],[0.27,""375.2""],[0.28,""239.9""],[0.29,""60""],[0.3,""131.66""],[0.31,""60""],[0.32,""90""],[0.33,""61.13""],[0.34,""74""],[0.35,""85""],[0.36,""84.61""]]","[[0.01,""7221""],[0.02,""2104.1""],[0.03,""948.77""],[0.04,""130.09""],[0.05,""163.21""],[0.06,""602.54""],[0.07,""105.39""],[0.08,""73.3""],[0.09,""87.72""],[0.1,""68.3""],[0.11,""89.7""],[0.12,""561.74""],[0.13,""579.2""],[0.14,""552.05""],[0.15,""575.27""],[0.16,""48.55""],[0.17,""67.19""],[0.18,""45.86""],[0.19,""58.09""],[0.2,""43.81""],[0.21,""58.1""],[0.22,""42.5""],[0.23,""61.89""],[0.24,""46.39""],[0.25,""61""],[0.26,""45.6""],[0.27,""60.2""],[0.28,""44.9""],[0.29,""80.6""],[0.3,""32.15""],[0.31,""59""],[0.32,""38.8""],[0.33,""458.6""],[0.34,""43.4""],[0.35,""363.2""],[0.36,""43""],[0.37,""62.9""],[0.38,""37.7""],[0.39,""57.6""],[0.4,""37.5""],[0.41,""57.4""],[0.42,""37.3""],[0.43,""57.2""],[0.44,""22.2""],[0.45,""137.1""],[0.46,""47.1""],[0.47,""72.2""],[0.48,""172""],[0.49,""77""],[0.5,""112""],[0.51,""74.97""],[0.52,""79.8""],[0.53,""80.9""],[0.54,""170""],[0.55,""65""],[0.56,""110""],[0.57,""65""],[0.58,""95""],[0.59,""78.5""],[0.6,""209.21""],[0.61,""35.86""],[0.62,""35.5""],[0.63,""37.92""]]"
2026-05-17T02:25:20.337Z,btc-updown-15m-1778984100,"Bitcoin Up or Down - May 16, 10:15PM-10:30PM ET",btc-updown-15m-1778984100,2026-05-17T02:30:00Z,,0.37,0.38,0.62,0.63,0.375,0.47,6605.497443999998,,84.56,5.0,"[[0.01,""7837.98""],[0.02,""2111.1""],[0.03,""935.77""],[0.04,""130.09""],[0.05,""163.2""],[0.06,""102.54""],[0.07,""115.39""],[0.08,""73.29""],[0.09,""87.72""],[0.1,""68.29""],[0.11,""89.7""],[0.12,""56.74""],[0.13,""74.2""],[0.14,""52.05""],[0.15,""75.27""],[0.16,""63.55""],[0.17,""67.19""],[0.18,""45.86""],[0.19,""64.77""],[0.2,""68.8""],[0.21,""74.1""],[0.22,""42.5""],[0.23,""61.89""],[0.24,""246.39""],[0.25,""481""],[0.26,""40.6""],[0.27,""375.2""],[0.28,""225""],[0.29,""60""],[0.3,""141.66""],[0.31,""70""],[0.32,""100""],[0.33,""74""],[0.34,""65""],[0.35,""100""],[0.36,""135.77""],[0.37,""84.56""]]","[[0.01,""7221""],[0.02,""2104.1""],[0.03,""948.77""],[0.04,""130.09""],[0.05,""163.21""],[0.06,""602.54""],[0.07,""105.39""],[0.08,""73.3""],[0.09,""87.72""],[0.1,""68.3""],[0.11,""89.7""],[0.12,""566.74""],[0.13,""574.2""],[0.14,""552.05""],[0.15,""575.27""],[0.16,""48.55""],[0.17,""67.19""],[0.18,""45.86""],[0.19,""58.09""],[0.2,""43.81""],[0.21,""58.1""],[0.22,""42.5""],[0.23,""61.89""],[0.24,""46.39""],[0.25,""61""],[0.26,""45.6""],[0.27,""60.2""],[0.28,""44.9""],[0.29,""80.6""],[0.3,""32.15""],[0.31,""259""],[0.32,""38.8""],[0.33,""458.6""],[0.34,""43.4""],[0.35,""363.2""],[0.36,""43""],[0.37,""62.9""],[0.38,""37.7""],[0.39,""57.6""],[0.4,""37.5""],[0.41,""57.4""],[0.42,""37.3""],[0.43,""57.2""],[0.44,""22.2""],[0.45,""137.1""],[0.46,""47.1""],[0.47,""72.2""],[0.48,""172""],[0.49,""77""],[0.5,""97""],[0.51,""74.97""],[0.52,""79.8""],[0.53,""80.9""],[0.54,""125""],[0.55,""105""],[0.56,""55""],[0.57,""110""],[0.58,""65""],[0.59,""78.5""],[0.6,""97.35""],[0.61,""112.82""],[0.62,""5""]]"
2026-05-17T02:25:21.563Z,btc-updown-15m-1778984100,"Bitcoin Up or Down - May 16, 10:15PM-10:30PM ET",btc-updown-15m-1778984100,2026-05-17T02:30:00Z,,0.37,0.38,0.62,0.63,0.375,0.47,6605.497443999998,,54.76,5.0,"[[0.01,""7837.98""],[0.02,""2111.1""],[0.03,""935.77""],[0.04,""130.09""],[0.05,""163.2""],[0.06,""102.54""],[0.07,""115.39""],[0.08,""73.29""],[0.09,""87.72""],[0.1,""68.29""],[0.11,""89.7""],[0.12,""56.74""],[0.13,""74.2""],[0.14,""52.05""],[0.15,""75.27""],[0.16,""63.55""],[0.17,""67.19""],[0.18,""45.86""],[0.19,""64.77""],[0.2,""68.8""],[0.21,""74.1""],[0.22,""42.5""],[0.23,""61.89""],[0.24,""46.39""],[0.25,""81""],[0.26,""440.6""],[0.27,""375.2""],[0.28,""225""],[0.29,""60""],[0.3,""141.66""],[0.31,""70""],[0.32,""100""],[0.33,""74""],[0.34,""70.95""],[0.35,""85""],[0.36,""156.99""],[0.37,""54.76""]]","[[0.01,""7226""],[0.02,""2104.1""],[0.03,""948.77""],[0.04,""130.09""],[0.05,""163.21""],[0.06,""602.54""],[0.07,""105.39""],[0.08,""73.3""],[0.09,""87.72""],[0.1,""68.3""],[0.11,""89.7""],[0.12,""566.74""],[0.13,""574.2""],[0.14,""552.05""],[0.15,""575.27""],[0.16,""48.55""],[0.17,""67.19""],[0.18,""45.86""],[0.19,""58.09""],[0.2,""43.81""],[0.21,""58.1""],[0.22,""42.5""],[0.23,""61.89""],[0.24,""46.39""],[0.25,""61""],[0.26,""45.6""],[0.27,""60.2""],[0.28,""44.9""],[0.29,""80.6""],[0.3,""32.15""],[0.31,""59""],[0.32,""438.8""],[0.33,""58.6""],[0.34,""343.4""],[0.35,""63.2""],[0.36,""43""],[0.37,""62.9""],[0.38,""37.7""],[0.39,""57.6""],[0.4,""37.5""],[0.41,""57.4""],[0.42,""37.3""],[0.43,""57.2""],[0.44,""22.2""],[0.45,""137.1""],[0.46,""47.1""],[0.47,""67""],[0.48,""177.2""],[0.49,""77""],[0.5,""97""],[0.51,""74.97""],[0.52,""79.8""],[0.53,""80.9""],[0.54,""125""],[0.55,""105""],[0.56,""60""],[0.57,""110""],[0.58,""40""],[0.59,""103.5""],[0.6,""86.35""],[0.61,""123.82""],[0.62,""5""]]"
2026-05-17T02:25:23.530Z,btc-updown-15m-1778984100,"Bitcoin Up or Down - May 16, 10:15PM-10:30PM ET",btc-updown-15m-1778984100,2026-05-17T02:30:00Z,,0.37,0.38,0.62,0.63,0.375,0.47,6605.497443999998,,5.85,47.52,"[[0.01,""7837.98""],[0.02,""2111.1""],[0.03,""935.77""],[0.04,""130.09""],[0.05,""163.2""],[0.06,""102.54""],[0.07,""115.39""],[0.08,""73.29""],[0.09,""87.72""],[0.1,""68.29""],[0.11,""89.7""],[0.12,""56.74""],[0.13,""74.2""],[0.14,""52.05""],[0.15,""75.27""],[0.16,""63.55""],[0.17,""67.19""],[0.18,""45.86""],[0.19,""64.77""],[0.2,""73.8""],[0.21,""68.1""],[0.22,""242.5""],[0.23,""61.89""],[0.24,""41.39""],[0.25,""81""],[0.26,""325""],[0.27,""65""],[0.28,""230""],[0.29,""60""],[0.3,""126.66""],[0.31,""60""],[0.32,""90""],[0.33,""974""],[0.34,""156""],[0.35,""29.83""],[0.36,""45.62""],[0.37,""5.85""]]","[[0.01,""7221""],[0.02,""2104.1""],[0.03,""948.77""],[0.04,""130.09""],[0.05,""163.21""],[0.06,""602.54""],[0.07,""105.39""],[0.08,""73.3""],[0.09,""87.72""],[0.1,""68.3""],[0.11,""89.7""],[0.12,""566.74""],[0.13,""574.2""],[0.14,""552.05""],[0.15,""575.27""],[0.16,""48.55""],[0.17,""67.19""],[0.18,""45.86""],[0.19,""58.09""],[0.2,""43.81""],[0.21,""58.1""],[0.22,""42.5""],[0.23,""61.89""],[0.24,""46.39""],[0.25,""61""],[0.26,""45.6""],[0.27,""60.2""],[0.28,""44.9""],[0.29,""59.6""],[0.3,""32.15""],[0.31,""74""],[0.32,""238.8""],[0.33,""58.6""],[0.34,""43.4""],[0.35,""63.2""],[0.36,""343""],[0.37,""62.9""],[0.38,""37.7""],[0.39,""57.6""],[0.4,""37.5""],[0.41,""57.4""],[0.42,""37.3""],[0.43,""57.2""],[0.44,""22.2""],[0.45,""137.1""],[0.46,""57.1""],[0.47,""77""],[0.48,""77.2""],[0.49,""182""],[0.5,""102""],[0.51,""86.97""],[0.52,""112""],[0.53,""70""],[0.54,""125""],[0.55,""105""],[0.56,""70""],[0.57,""105""],[0.58,""45""],[0.59,""108.5""],[0.6,""56.05""],[0.61,""23.42""],[0.62,""47.52""]]"
2026-05-17T02:25:25.589Z,btc-updown-15m-1778984100,"Bitcoin Up or Down - May 16, 10:15PM-10:30PM ET",btc-updown-15m-1778984100,2026-05-17T02:30:00Z,,0.36,0.37,0.63,0.64,0.365,0.47,6605.497443999998,,62.75,76.35,"[[0.01,""7837.98""],[0.02,""2111.1""],[0.03,""935.77""],[0.04,""130.09""],[0.05,""163.2""],[0.06,""102.54""],[0.07,""115.39""],[0.08,""73.29""],[0.09,""87.72""],[0.1,""68.29""],[0.11,""89.7""],[0.12,""56.74""],[0.13,""74.2""],[0.14,""52.05""],[0.15,""75.27""],[0.16,""63.55""],[0.17,""67.19""],[0.18,""45.86""],[0.19,""64.77""],[0.2,""73.8""],[0.21,""68.1""],[0.22,""42.5""],[0.23,""61.89""],[0.24,""46.39""],[0.25,""101""],[0.26,""30""],[0.27,""70""],[0.28,""235""],[0.29,""65""],[0.3,""131.66""],[0.31,""65""],[0.32,""95""],[0.33,""971.12""],[0.34,""186""],[0.35,""29.83""],[0.36,""62.75""]]","[[0.01,""7221""],[0.02,""2104.1""],[0.03,""948.77""],[0.04,""130.09""],[0.05,""163.21""],[0.06,""602.54""],[0.07,""105.39""],[0.08,""73.3""],[0.09,""87.72""],[0.1,""68.3""],[0.11,""89.7""],[0.12,""566.74""],[0.13,""574.2""],[0.14,""552.05""],[0.15,""575.27""],[0.16,""48.55""],[0.17,""67.19""],[0.18,""45.86""],[0.19,""58.09""],[0.2,""43.81""],[0.21,""58.1""],[0.22,""42.5""],[0.23,""61.89""],[0.24,""41.39""],[0.25,""61""],[0.26,""40.6""],[0.27,""60.2""],[0.28,""44.9""],[0.29,""59.6""],[0.3,""52.15""],[0.31,""64""],[0.32,""38.8""],[0.33,""58.6""],[0.34,""43.4""],[0.35,""63.2""],[0.36,""43""],[0.37,""62.9""],[0.38,""37.7""],[0.39,""57.6""],[0.4,""37.5""],[0.41,""57.4""],[0.42,""37.3""],[0.43,""57.2""],[0.44,""22.2""],[0.45,""137.1""],[0.46,""57.1""],[0.47,""77""],[0.48,""77.2""],[0.49,""187""],[0.5,""107""],[0.51,""86.97""],[0.52,""97""],[0.53,""82""],[0.54,""130""],[0.55,""110""],[0.56,""75""],[0.57,""110""],[0.58,""50""],[0.59,""83.5""],[0.6,""71.55""],[0.61,""42.8""],[0.62,""157.91""],[0.63,""76.35""]]"
2026-05-17T02:25:27.586Z,btc-updown-15m-1778984100,"Bitcoin Up or Down - May 16, 10:15PM-10:30PM ET",btc-updown-15m-1778984100,2026-05-17T02:30:00Z,,0.36,0.37,0.63,0.64,0.365,0.47,6605.497443999998,,52.75,66.35,"[[0.01,""7837.98""],[0.02,""2111.1""],[0.03,""935.77""],[0.04,""130.09""],[0.05,""163.2""],[0.06,""102.54""],[0.07,""115.39""],[0.08,""73.29""],[0.09,""87.72""],[0.1,""68.29""],[0.11,""89.7""],[0.12,""56.74""],[0.13,""74.2""],[0.14,""52.05""],[0.15,""75.27""],[0.16,""63.55""],[0.17,""67.19""],[0.18,""45.86""],[0.19,""64.77""],[0.2,""79.8""],[0.21,""68.1""],[0.22,""242.5""],[0.23,""61.89""],[0.24,""46.39""],[0.25,""101""],[0.26,""330""],[0.27,""70""],[0.28,""235""],[0.29,""65""],[0.3,""91.66""],[0.31,""65""],[0.32,""55""],[0.33,""965""],[0.34,""176.94""],[0.35,""44.83""],[0.36,""52.75""]]","[[0.01,""7221""],[0.02,""2104.1""],[0.03,""948.77""],[0.04,""130.09""],[0.05,""163.21""],[0.06,""602.54""],[0.07,""105.39""],[0.08,""73.3""],[0.09,""87.72""],[0.1,""68.3""],[0.11,""89.7""],[0.12,""566.74""],[0.13,""574.2""],[0.14,""552.05""],[0.15,""575.27""],[0.16,""48.55""],[0.17,""67.19""],[0.18,""45.86""],[0.19,""58.09""],[0.2,""43.81""],[0.21,""58.1""],[0.22,""42.5""],[0.23,""61.89""],[0.24,""41.39""],[0.25,""61""],[0.26,""40.6""],[0.27,""60.2""],[0.28,""44.9""],[0.29,""59.6""],[0.3,""57.15""],[0.31,""65""],[0.32,""238.8""],[0.33,""58.6""],[0.34,""443.4""],[0.35,""63.2""],[0.36,""343""],[0.37,""62.9""],[0.38,""37.7""],[0.39,""57.6""],[0.4,""37.5""],[0.41,""57.4""],[0.42,""37.3""],[0.43,""57.2""],[0.44,""22.2""],[0.45,""37.1""],[0.46,""157.1""],[0.47,""77""],[0.48,""77.2""],[0.49,""187""],[0.5,""107""],[0.51,""86.97""],[0.52,""97""],[0.53,""82""],[0.54,""105""],[0.55,""110""],[0.56,""100""],[0.57,""110""],[0.58,""50""],[0.59,""83.5""],[0.6,""121.55""],[0.61,""42.8""],[0.62,""162.91""],[0.63,""66.35""]]"
2026-05-17T02:25:30.374Z,btc-updown-15m-1778984100,"Bitcoin Up or Down - May 16, 10:15PM-10:30PM ET",btc-updown-15m-1778984100,2026-05-17T02:30:00Z,,0.35,0.36,0.64,0.65,0.355,0.47,6605.497443999998,,136.88,10.19,"[[0.01,""7837.98""],[0.02,""2111.1""],[0.03,""935.77""],[0.04,""130.09""],[0.05,""163.2""],[0.06,""102.54""],[0.07,""115.39""],[0.08,""73.29""],[0.09,""87.72""],[0.1,""68.29""],[0.11,""89.7""],[0.12,""56.74""],[0.13,""74.2""],[0.14,""52.05""],[0.15,""75.27""],[0.16,""63.55""],[0.17,""67.19""],[0.18,""45.86""],[0.19,""64.77""],[0.2,""79.8""],[0.21,""68.1""],[0.22,""242.5""],[0.23,""61.89""],[0.24,""441.39""],[0.25,""96""],[0.26,""340.6""],[0.27,""65""],[0.28,""240""],[0.29,""110""],[0.3,""96.66""],[0.31,""100""],[0.32,""50""],[0.33,""966.12""],[0.34,""176""],[0.35,""136.88""]]","[[0.01,""7221""],[0.02,""2104.1""],[0.03,""948.77""],[0.04,""130.09""],[0.05,""163.21""],[0.06,""602.54""],[0.07,""105.39""],[0.08,""73.3""],[0.09,""87.72""],[0.1,""68.3""],[0.11,""89.7""],[0.12,""561.74""],[0.13,""574.2""],[0.14,""557.05""],[0.15,""575.27""],[0.16,""48.55""],[0.17,""67.19""],[0.18,""45.86""],[0.19,""58.09""],[0.2,""43.81""],[0.21,""58.1""],[0.22,""42.5""],[0.23,""61.89""],[0.24,""41.39""],[0.25,""61""],[0.26,""40.6""],[0.27,""60.2""],[0.28,""44.9""],[0.29,""59.6""],[0.3,""57.15""],[0.31,""65""],[0.32,""238.8""],[0.33,""58.6""],[0.34,""443.4""],[0.35,""63.2""],[0.36,""343""],[0.37,""57.9""],[0.38,""37.7""],[0.39,""57.6""],[0.4,""37.5""],[0.41,""57.4""],[0.42,""42.3""],[0.43,""57.2""],[0.44,""22.2""],[0.45,""37.1""],[0.46,""157.1""],[0.47,""77""],[0.48,""77.2""],[0.49,""187""],[0.5,""107""],[0.51,""86.97""],[0.52,""57""],[0.53,""145""],[0.54,""60""],[0.55,""105""],[0.56,""100""],[0.57,""105""],[0.58,""45""],[0.59,""78.5""],[0.6,""116.55""],[0.61,""42.8""],[0.62,""164.2""],[0.63,""39.75""],[0.64,""10.19""]]"
2026-05-17T02:25:34.100Z,btc-updown-15m-1778984100,"Bitcoin Up or Down - May 16, 10:15PM-10:30PM ET",btc-updown-15m-1778984100,2026-05-17T02:30:00Z,,0.36,0.37,0.63,0.64,0.365,0.47,6605.497443999998,,71.14,5.0,"[[0.01,""7938.98""],[0.02,""2111.1""],[0.03,""602.77""],[0.04,""130.09""],[0.05,""163.2""],[0.06,""102.54""],[0.07,""115.39""],[0.08,""73.29""],[0.09,""87.72""],[0.1,""68.29""],[0.11,""89.7""],[0.12,""56.74""],[0.13,""74.2""],[0.14,""52.05""],[0.15,""75.27""],[0.16,""63.55""],[0.17,""67.19""],[0.18,""45.86""],[0.19,""64.77""],[0.2,""79.8""],[0.21,""63.1""],[0.22,""242.5""],[0.23,""61.89""],[0.24,""441.39""],[0.25,""96""],[0.26,""340.6""],[0.27,""65""],[0.28,""230""],[0.29,""125""],[0.3,""86.66""],[0.31,""100""],[0.32,""150""],[0.33,""996.07""],[0.34,""156""],[0.35,""100.21""],[0.36,""71.14""]]","[[0.01,""7211""],[0.02,""2104.1""],[0.03,""615.77""],[0.04,""130.09""],[0.05,""163.21""],[0.06,""602.54""],[0.07,""105.39""],[0.08,""73.3""],[0.09,""87.72""],[0.1,""68.3""],[0.11,""89.7""],[0.12,""566.74""],[0.13,""574.2""],[0.14,""552.05""],[0.15,""575.27""],[0.16,""48.55""],[0.17,""67.19""],[0.18,""45.86""],[0.19,""58.09""],[0.2,""43.81""],[0.21,""58.1""],[0.22,""42.5""],[0.23,""61.89""],[0.24,""41.39""],[0.25,""61""],[0.26,""40.6""],[0.27,""60.2""],[0.28,""44.9""],[0.29,""59.6""],[0.3,""57.15""],[0.31,""65""],[0.32,""238.8""],[0.33,""58.6""],[0.34,""443.4""],[0.35,""63.2""],[0.36,""343""],[0.37,""57.9""],[0.38,""37.7""],[0.39,""57.6""],[0.4,""37.5""],[0.41,""57.4""],[0.42,""42.3""],[0.43,""57.2""],[0.44,""17.2""],[0.45,""37.1""],[0.46,""157.1""],[0.47,""77""],[0.48,""77.2""],[0.49,""187""],[0.5,""107""],[0.51,""91.97""],[0.52,""72""],[0.53,""145""],[0.54,""60""],[0.55,""105""],[0.56,""100""],[0.57,""130""],[0.58,""45""],[0.59,""78.5""],[0.6,""99.05""],[0.61,""55.62""],[0.62,""126.92""],[0.63,""5""]]"
2026-05-17T02:25:35.269Z,btc-updown-15m-1778984100,"Bitcoin Up or Down - May 16, 10:15PM-10:30PM ET",btc-updown-15m-1778984100,2026-05-17T02:30:00Z,,0.36,0.37,0.63,0.64,0.365,0.47,6605.497443999998,,44.9,75.48,"[[0.01,""7327.98""],[0.02,""2111.1""],[0.03,""602.77""],[0.04,""130.09""],[0.05,""163.2""],[0.06,""102.54""],[0.07,""115.39""],[0.08,""73.29""],[0.09,""87.72""],[0.1,""68.29""],[0.11,""89.7""],[0.12,""56.74""],[0.13,""74.2""],[0.14,""52.05""],[0.15,""75.27""],[0.16,""63.55""],[0.17,""67.19""],[0.18,""45.86""],[0.19,""64.77""],[0.2,""79.8""],[0.21,""63.1""],[0.22,""242.5""],[0.23,""61.89""],[0.24,""441.39""],[0.25,""96""],[0.26,""340.6""],[0.27,""65""],[0.28,""225""],[0.29,""125""],[0.3,""46.66""],[0.31,""100""],[0.32,""150""],[0.33,""960""],[0.34,""161.94""],[0.35,""93.99""],[0.36,""44.9""]]","[[0.01,""7206""],[0.02,""2104.1""],[0.03,""615.77""],[0.04,""130.09""],[0.05,""163.21""],[0.06,""602.54""],[0.07,""105.39""],[0.08,""73.3""],[0.09,""87.72""],[0.1,""68.3""],[0.11,""89.7""],[0.12,""566.74""],[0.13,""574.2""],[0.14,""552.05""],[0.15,""575.27""],[0.16,""548.55""],[0.17,""67.19""],[0.18,""45.86""],[0.19,""58.09""],[0.2,""43.81""],[0.21,""58.1""],[0.22,""42.5""],[0.23,""61.89""],[0.24,""41.39""],[0.25,""61""],[0.26,""40.6""],[0.27,""60.2""],[0.28,""44.9""],[0.29,""59.6""],[0.3,""57.15""],[0.31,""65""],[0.32,""238.8""],[0.33,""58.6""],[0.34,""443.4""],[0.35,""63.2""],[0.36,""343""],[0.37,""57.9""],[0.38,""37.7""],[0.39,""57.6""],[0.4,""37.5""],[0.41,""57.4""],[0.42,""42.3""],[0.43,""57.2""],[0.44,""17.2""],[0.45,""37.1""],[0.46,""137.1""],[0.47,""57""],[0.48,""52.2""],[0.49,""167""],[0.5,""87""],[0.51,""71.97""],[0.52,""72""],[0.53,""145""],[0.54,""60""],[0.55,""105""],[0.56,""100""],[0.57,""130""],[0.58,""45""],[0.59,""58.5""],[0.6,""49.05""],[0.61,""57.8""],[0.62,""178.49""],[0.63,""75.48""]]"
2026-05-17T02:25:37.332Z,btc-updown-15m-1778984100,"Bitcoin Up or Down - May 16, 10:15PM-10:30PM ET",btc-updown-15m-1778984100,2026-05-17T02:30:00Z,,0.36,0.37,0.63,0.64,0.365,0.47,6605.497443999998,,32.69,35.37,"[[0.01,""7327.98""],[0.02,""2111.1""],[0.03,""602.77""],[0.04,""130.09""],[0.05,""163.2""],[0.06,""102.54""],[0.07,""115.39""],[0.08,""73.29""],[0.09,""87.72""],[0.1,""68.29""],[0.11,""89.7""],[0.12,""56.74""],[0.13,""74.2""],[0.14,""52.05""],[0.15,""75.27""],[0.16,""63.55""],[0.17,""67.19""],[0.18,""45.86""],[0.19,""64.77""],[0.2,""84.81""],[0.21,""63.1""],[0.22,""242.5""],[0.23,""61.89""],[0.24,""41.39""],[0.25,""396""],[0.26,""40.6""],[0.27,""205""],[0.28,""135""],[0.29,""135""],[0.3,""56.66""],[0.31,""100""],[0.32,""150""],[0.33,""975""],[0.34,""60""],[0.35,""442.79""],[0.36,""32.69""]]","[[0.01,""7211""],[0.02,""2104.1""],[0.03,""615.77""],[0.04,""130.09""],[0.05,""163.21""],[0.06,""602.54""],[0.07,""105.39""],[0.08,""73.3""],[0.09,""87.72""],[0.1,""68.3""],[0.11,""89.7""],[0.12,""561.74""],[0.13,""579.2""],[0.14,""552.05""],[0.15,""575.27""],[0.16,""548.55""],[0.17,""67.19""],[0.18,""45.86""],[0.19,""58.09""],[0.2,""43.81""],[0.21,""58.1""],[0.22,""42.5""],[0.23,""61.89""],[0.24,""41.39""],[0.25,""61""],[0.26,""40.6""],[0.27,""60.2""],[0.28,""44.9""],[0.29,""59.6""],[0.3,""57.15""],[0.31,""65""],[0.32,""238.8""],[0.33,""58.6""],[0.34,""43.4""],[0.35,""63.2""],[0.36,""343""],[0.37,""57.9""],[0.38,""37.7""],[0.39,""57.6""],[0.4,""37.5""],[0.41,""57.4""],[0.42,""42.3""],[0.43,""57.2""],[0.44,""17.2""],[0.45,""42.1""],[0.46,""137.1""],[0.47,""57""],[0.48,""52""],[0.49,""167""],[0.5,""107""],[0.51,""111.97""],[0.52,""72""],[0.53,""145""],[0.54,""60""],[0.55,""105""],[0.56,""100""],[0.57,""230""],[0.58,""45""],[0.59,""78.5""],[0.6,""89.05""],[0.61,""85.62""],[0.62,""153.49""],[0.63,""35.37""]]"
2026-05-17T02:25:39.278Z,btc-updown-15m-1778984100,"Bitcoin Up or Down - May 16, 10:15PM-10:30PM ET",btc-updown-15m-1778984100,2026-05-17T02:30:00Z,,0.36,0.37,0.63,0.64,0.365,0.47,6605.497443999998,,81.21,5.0,"[[0.01,""7327.98""],[0.02,""2111.1""],[0.03,""602.77""],[0.04,""130.09""],[0.05,""163.2""],[0.06,""102.54""],[0.07,""115.39""],[0.08,""73.29""],[0.09,""87.72""],[0.1,""68.29""],[0.11,""89.7""],[0.12,""56.74""],[0.13,""74.2""],[0.14,""52.05""],[0.15,""75.27""],[0.16,""63.55""],[0.17,""67.19""],[0.18,""45.86""],[0.19,""64.77""],[0.2,""84.81""],[0.21,""63.1""],[0.22,""242.5""],[0.23,""61.89""],[0.24,""41.39""],[0.25,""396""],[0.26,""40.6""],[0.27,""210""],[0.28,""165""],[0.29,""140""],[0.3,""61.66""],[0.31,""105""],[0.32,""155""],[0.33,""979""],[0.34,""65""],[0.35,""442.79""],[0.36,""81.21""]]","[[0.01,""7211""],[0.02,""2104.1""],[0.03,""615.77""],[0.04,""130.09""],[0.05,""163.21""],[0.06,""102.54""],[0.07,""105.39""],[0.08,""73.3""],[0.09,""587.72""],[0.1,""568.3""],[0.11,""589.7""],[0.12,""561.74""],[0.13,""79.2""],[0.14,""52.05""],[0.15,""75.27""],[0.16,""48.55""],[0.17,""67.19""],[0.18,""45.86""],[0.19,""58.09""],[0.2,""43.81""],[0.21,""58.1""],[0.22,""42.5""],[0.23,""61.89""],[0.24,""41.39""],[0.25,""61""],[0.26,""40.6""],[0.27,""60.2""],[0.28,""44.9""],[0.29,""59.6""],[0.3,""57.15""],[0.31,""65""],[0.32,""238.8""],[0.33,""58.6""],[0.34,""43.4""],[0.35,""63.2""],[0.36,""343""],[0.37,""57.9""],[0.38,""37.7""],[0.39,""57.6""],[0.4,""37.5""],[0.41,""57.4""],[0.42,""42.3""],[0.43,""57.2""],[0.44,""17.2""],[0.45,""42.1""],[0.46,""137.1""],[0.47,""57""],[0.48,""52""],[0.49,""67""],[0.5,""187""],[0.51,""86.97""],[0.52,""45""],[0.53,""150""],[0.54,""65""],[0.55,""110""],[0.56,""105""],[0.57,""235""],[0.58,""50""],[0.59,""83.5""],[0.6,""94.05""],[0.61,""330.62""],[0.62,""158.49""],[0.63,""5""]]"
2026-05-17T02:25:41.295Z,btc-updown-15m-1778984100,"Bitcoin Up or Down - May 16, 10:15PM-10:30PM ET",btc-updown-15m-1778984100,2026-05-17T02:30:00Z,,0.36,0.37,0.63,0.64,0.365,0.47,6605.497443999998,,60.44,5.0,"[[0.01,""7327.98""],[0.02,""2111.1""],[0.03,""602.77""],[0.04,""130.09""],[0.05,""163.2""],[0.06,""102.54""],[0.07,""115.39""],[0.08,""73.29""],[0.09,""87.72""],[0.1,""68.29""],[0.11,""89.7""],[0.12,""56.74""],[0.13,""74.2""],[0.14,""52.05""],[0.15,""75.27""],[0.16,""63.55""],[0.17,""67.19""],[0.18,""45.86""],[0.19,""64.77""],[0.2,""84.81""],[0.21,""63.1""],[0.22,""242.5""],[0.23,""461.89""],[0.24,""41.39""],[0.25,""396""],[0.26,""40.6""],[0.27,""210""],[0.28,""165""],[0.29,""140""],[0.3,""86.66""],[0.31,""105""],[0.32,""130""],[0.33,""979""],[0.34,""70.93""],[0.35,""450.74""],[0.36,""60.44""]]","[[0.01,""7206""],[0.02,""2104.1""],[0.03,""615.77""],[0.04,""130.09""],[0.05,""163.21""],[0.06,""102.54""],[0.07,""105.39""],[0.08,""73.3""],[0.09,""587.72""],[0.1,""568.3""],[0.11,""589.7""],[0.12,""566.74""],[0.13,""74.2""],[0.14,""52.05""],[0.15,""75.27""],[0.16,""48.55""],[0.17,""67.19""],[0.18,""45.86""],[0.19,""58.09""],[0.2,""43.81""],[0.21,""58.1""],[0.22,""42.5""],[0.23,""61.89""],[0.24,""41.39""],[0.25,""61""],[0.26,""40.6""],[0.27,""60.2""],[0.28,""44.9""],[0.29,""69.6""],[0.3,""47.15""],[0.31,""65""],[0.32,""238.8""],[0.33,""58.6""],[0.34,""443.4""],[0.35,""63.2""],[0.36,""343""],[0.37,""57.9""],[0.38,""37.7""],[0.39,""57.6""],[0.4,""37.5""],[0.41,""57.4""],[0.42,""42.3""],[0.43,""57.2""],[0.44,""17.2""],[0.45,""42.1""],[0.46,""137.1""],[0.47,""57""],[0.48,""52""],[0.49,""67""],[0.5,""207""],[0.51,""86.97""],[0.52,""60""],[0.53,""150""],[0.54,""65""],[0.55,""110""],[0.56,""105""],[0.57,""235""],[0.58,""50""],[0.59,""83.5""],[0.6,""44.05""],[0.61,""380.62""],[0.62,""130.29""],[0.63,""5""]]"
2026-05-17T02:25:44.149Z,btc-updown-15m-1778984100,"Bitcoin Up or Down - May 16, 10:15PM-10:30PM ET",btc-updown-15m-1778984100,2026-05-17T02:30:00Z,,0.38,0.39,0.61,0.62,0.385,0.47,6605.497443999998,,15.09,386.61,"[[0.01,""7327.98""],[0.02,""2111.1""],[0.03,""602.77""],[0.04,""130.09""],[0.05,""163.2""],[0.06,""102.54""],[0.07,""115.39""],[0.08,""73.29""],[0.09,""87.72""],[0.1,""68.29""],[0.11,""89.7""],[0.12,""56.74""],[0.13,""74.2""],[0.14,""52.05""],[0.15,""75.27""],[0.16,""63.55""],[0.17,""72.62""],[0.18,""45.86""],[0.19,""64.77""],[0.2,""84.81""],[0.21,""63.1""],[0.22,""242.5""],[0.23,""461.89""],[0.24,""41.39""],[0.25,""396""],[0.26,""40.6""],[0.27,""300""],[0.28,""65""],[0.29,""140""],[0.3,""91.66""],[0.31,""105""],[0.32,""135.15""],[0.33,""979""],[0.34,""70""],[0.35,""345.5""],[0.36,""164.11""],[0.37,""25""],[0.38,""15.09""]]","[[0.01,""7216""],[0.02,""2104.1""],[0.03,""615.77""],[0.04,""130.09""],[0.05,""163.21""],[0.06,""102.54""],[0.07,""105.39""],[0.08,""73.3""],[0.09,""587.72""],[0.1,""568.3""],[0.11,""589.7""],[0.12,""66.74""],[0.13,""74.2""],[0.14,""52.05""],[0.15,""75.27""],[0.16,""48.55""],[0.17,""67.19""],[0.18,""45.86""],[0.19,""58.09""],[0.2,""43.81""],[0.21,""58.1""],[0.22,""42.5""],[0.23,""61.89""],[0.24,""41.39""],[0.25,""61""],[0.26,""40.6""],[0.27,""60.2""],[0.28,""44.9""],[0.29,""84.6""],[0.3,""32.15""],[0.31,""65""],[0.32,""238.8""],[0.33,""58.6""],[0.34,""443.4""],[0.35,""63.2""],[0.36,""343""],[0.37,""57.9""],[0.38,""37.7""],[0.39,""57.6""],[0.4,""37.5""],[0.41,""57.4""],[0.42,""42.3""],[0.43,""57.2""],[0.44,""17.2""],[0.45,""42.1""],[0.46,""137.1""],[0.47,""57""],[0.48,""52""],[0.49,""67""],[0.5,""207""],[0.51,""91.97""],[0.52,""65""],[0.53,""155""],[0.54,""65""],[0.55,""110""],[0.56,""100""],[0.57,""235""],[0.58,""50""],[0.59,""83.5""],[0.6,""44.05""],[0.61,""386.61""]]"
2026-05-17T02:25:46.631Z,btc-updown-15m-1778984100,"Bitcoin Up or Down - May 16, 10:15PM-10:30PM ET",btc-updown-15m-1778984100,2026-05-17T02:30:00Z,,0.38,0.39,0.61,0.62,0.385,0.47,6605.497443999998,,77.8,30.0,"[[0.01,""7322.98""],[0.02,""2111.1""],[0.03,""602.77""],[0.04,""130.09""],[0.05,""163.2""],[0.06,""102.54""],[0.07,""115.39""],[0.08,""73.29""],[0.09,""87.72""],[0.1,""68.29""],[0.11,""89.7""],[0.12,""56.74""],[0.13,""74.2""],[0.14,""52.05""],[0.15,""75.27""],[0.16,""63.55""],[0.17,""72.62""],[0.18,""45.86""],[0.19,""64.77""],[0.2,""84.81""],[0.21,""63.1""],[0.22,""242.5""],[0.23,""461.89""],[0.24,""41.39""],[0.25,""381""],[0.26,""40.6""],[0.27,""265""],[0.28,""65""],[0.29,""140""],[0.3,""86.66""],[0.31,""110.15""],[0.32,""184""],[0.33,""985""],[0.34,""90""],[0.35,""92""],[0.36,""282.51""],[0.37,""36.31""],[0.38,""77.8""]]","[[0.01,""7211""],[0.02,""2104.1""],[0.03,""615.77""],[0.04,""130.09""],[0.05,""163.21""],[0.06,""102.54""],[0.07,""105.39""],[0.08,""73.3""],[0.09,""587.72""],[0.1,""568.3""],[0.11,""589.7""],[0.12,""66.74""],[0.13,""74.2""],[0.14,""52.05""],[0.15,""75.27""],[0.16,""48.55""],[0.17,""67.19""],[0.18,""45.86""],[0.19,""58.09""],[0.2,""43.81""],[0.21,""58.1""],[0.22,""42.5""],[0.23,""61.89""],[0.24,""41.39""],[0.25,""61""],[0.26,""40.6""],[0.27,""60.2""],[0.28,""44.9""],[0.29,""84.6""],[0.3,""32.15""],[0.31,""65""],[0.32,""238.8""],[0.33,""58.6""],[0.34,""443.4""],[0.35,""63.2""],[0.36,""343""],[0.37,""57.9""],[0.38,""37.7""],[0.39,""57.6""],[0.4,""37.5""],[0.41,""57.4""],[0.42,""42.3""],[0.43,""57.2""],[0.44,""17.2""],[0.45,""82.1""],[0.46,""137.1""],[0.47,""57""],[0.48,""47""],[0.49,""67""],[0.5,""167""],[0.51,""96.97""],[0.52,""65""],[0.53,""115""],[0.54,""60""],[0.55,""105""],[0.56,""105""],[0.57,""210""],[0.58,""25""],[0.59,""48.99""],[0.6,""146.3""],[0.61,""30""]]"
2026-05-17T02:25:47.904Z,btc-updown-15m-1778984100,"Bitcoin Up or Down - May 16, 10:15PM-10:30PM ET",btc-updown-15m-1778984100,2026-05-17T02:30:00Z,,0.4,0.41,0.59,0.6,0.405,0.47,6605.497443999998,,58.7,36.79,"[[0.01,""7327.98""],[0.02,""2111.1""],[0.03,""602.77""],[0.04,""130.09""],[0.05,""163.2""],[0.06,""102.54""],[0.07,""115.39""],[0.08,""73.29""],[0.09,""87.72""],[0.1,""68.29""],[0.11,""89.7""],[0.12,""56.74""],[0.13,""74.2""],[0.14,""52.05""],[0.15,""75.27""],[0.16,""63.55""],[0.17,""72.62""],[0.18,""45.86""],[0.19,""64.77""],[0.2,""74.8""],[0.21,""63.1""],[0.22,""242.5""],[0.23,""466.89""],[0.24,""46.39""],[0.25,""381""],[0.26,""40.6""],[0.27,""80.2""],[0.28,""265""],[0.29,""140""],[0.3,""86.66""],[0.31,""105""],[0.32,""170""],[0.33,""979""],[0.34,""75.15""],[0.35,""86.24""],[0.36,""47.51""],[0.37,""111.76""],[0.38,""272.8""],[0.39,""153.78""],[0.4,""58.7""]]","[[0.01,""7211""],[0.02,""2104.1""],[0.03,""615.77""],[0.04,""130.09""],[0.05,""163.21""],[0.06,""102.54""],[0.07,""105.39""],[0.08,""73.3""],[0.09,""592.72""],[0.1,""568.3""],[0.11,""589.7""],[0.12,""61.74""],[0.13,""74.2""],[0.14,""52.05""],[0.15,""75.27""],[0.16,""48.55""],[0.17,""67.19""],[0.18,""45.86""],[0.19,""58.09""],[0.2,""43.81""],[0.21,""58.1""],[0.22,""42.5""],[0.23,""61.89""],[0.24,""41.39""],[0.25,""61""],[0.26,""40.6""],[0.27,""60.2""],[0.28,""44.9""],[0.29,""84.6""],[0.3,""32.15""],[0.31,""65""],[0.32,""238.8""],[0.33,""58.6""],[0.34,""443.4""],[0.35,""63.2""],[0.36,""343""],[0.37,""62.9""],[0.38,""37.7""],[0.39,""57.6""],[0.4,""37.5""],[0.41,""57.4""],[0.42,""42.3""],[0.43,""57.2""],[0.44,""22.2""],[0.45,""37.1""],[0.46,""177.1""],[0.47,""57""],[0.48,""37""],[0.49,""57""],[0.5,""177""],[0.51,""91.97""],[0.52,""60""],[0.53,""110""],[0.54,""45""],[0.55,""105""],[0.56,""130""],[0.57,""265""],[0.58,""137.9""],[0.59,""36.79""]]"
2026-05-17T02:25:49.895Z,btc-updown-15m-1778984100,"Bitcoin Up or Down - May 16, 10:15PM-10:30PM ET",btc-updown-15m-1778984100,2026-05-17T02:30:00Z,,0.4,0.41,0.59,0.6,0.405,0.47,6605.497443999998,,71.7,46.79,"[[0.01,""7327.98""],[0.02,""2111.1""],[0.03,""602.77""],[0.04,""130.09""],[0.05,""163.2""],[0.06,""102.54""],[0.07,""115.39""],[0.08,""73.29""],[0.09,""87.72""],[0.1,""68.29""],[0.11,""89.7""],[0.12,""56.74""],[0.13,""74.2""],[0.14,""52.05""],[0.15,""75.27""],[0.16,""63.55""],[0.17,""72.62""],[0.18,""45.86""],[0.19,""64.77""],[0.2,""74.8""],[0.21,""63.1""],[0.22,""242.5""],[0.23,""461.89""],[0.24,""46.39""],[0.25,""381""],[0.26,""40.6""],[0.27,""65.2""],[0.28,""300""],[0.29,""100""],[0.3,""126.66""],[0.31,""165""],[0.32,""130""],[0.33,""1019""],[0.34,""70""],[0.35,""86.24""],[0.36,""47.51""],[0.37,""91.76""],[0.38,""37.8""],[0.39,""153.78""],[0.4,""71.7""]]","[[0.01,""7211""],[0.02,""2104.1""],[0.03,""615.77""],[0.04,""130.09""],[0.05,""163.21""],[0.06,""102.54""],[0.07,""105.39""],[0.08,""73.3""],[0.09,""592.72""],[0.1,""568.3""],[0.11,""589.7""],[0.12,""61.74""],[0.13,""74.2""],[0.14,""52.05""],[0.15,""75.27""],[0.16,""48.55""],[0.17,""67.19""],[0.18,""45.86""],[0.19,""58.09""],[0.2,""43.81""],[0.21,""58.1""],[0.22,""42.5""],[0.23,""61.89""],[0.24,""41.39""],[0.25,""61""],[0.26,""40.6""],[0.27,""60.2""],[0.28,""44.9""],[0.29,""84.6""],[0.3,""32.15""],[0.31,""65""],[0.32,""238.8""],[0.33,""58.6""],[0.34,""443.4""],[0.35,""63.2""],[0.36,""343""],[0.37,""62.9""],[0.38,""37.7""],[0.39,""57.6""],[0.4,""37.5""],[0.41,""57.4""],[0.42,""37.3""],[0.43,""57.2""],[0.44,""22.2""],[0.45,""37.1""],[0.46,""77.1""],[0.47,""57""],[0.48,""37""],[0.49,""57""],[0.5,""77""],[0.51,""86.97""],[0.52,""80""],[0.53,""110""],[0.54,""45""],[0.55,""105""],[0.56,""80""],[0.57,""265""],[0.58,""137.9""],[0.59,""46.79""]]"
2026-05-17T02:25:51.921Z,btc-updown-15m-1778984100,"Bitcoin Up or Down - May 16, 10:15PM-10:30PM ET",btc-updown-15m-1778984100,2026-05-17T02:30:00Z,,0.4,0.41,0.59,0.6,0.405,0.47,6605.497443999998,,46.7,19.59,"[[0.01,""7327.98""],[0.02,""2111.1""],[0.03,""602.77""],[0.04,""130.09""],[0.05,""163.2""],[0.06,""102.54""],[0.07,""115.39""],[0.08,""73.29""],[0.09,""87.72""],[0.1,""68.29""],[0.11,""89.7""],[0.12,""56.74""],[0.13,""74.2""],[0.14,""52.05""],[0.15,""75.27""],[0.16,""63.55""],[0.17,""72.62""],[0.18,""45.86""],[0.19,""64.77""],[0.2,""74.8""],[0.21,""63.1""],[0.22,""42.5""],[0.23,""66.89""],[0.24,""46.39""],[0.25,""81""],[0.26,""40.6""],[0.27,""65.2""],[0.28,""300""],[0.29,""95""],[0.3,""126.66""],[0.31,""165""],[0.32,""135.15""],[0.33,""1017""],[0.34,""70""],[0.35,""78.29""],[0.36,""67.51""],[0.37,""86.31""],[0.38,""43.1""],[0.39,""131.17""],[0.4,""46.7""]]","[[0.01,""7211""],[0.02,""2104.1""],[0.03,""615.77""],[0.04,""130.09""],[0.05,""163.21""],[0.06,""602.54""],[0.07,""605.39""],[0.08,""573.3""],[0.09,""592.72""],[0.1,""68.3""],[0.11,""89.7""],[0.12,""61.74""],[0.13,""74.2""],[0.14,""52.05""],[0.15,""75.27""],[0.16,""48.55""],[0.17,""67.19""],[0.18,""45.86""],[0.19,""58.09""],[0.2,""43.81""],[0.21,""58.1""],[0.22,""42.5""],[0.23,""61.89""],[0.24,""41.39""],[0.25,""61""],[0.26,""40.6""],[0.27,""60.2""],[0.28,""44.9""],[0.29,""84.6""],[0.3,""38.15""],[0.31,""59""],[0.32,""38.8""],[0.33,""58.6""],[0.34,""43.4""],[0.35,""63.2""],[0.36,""43""],[0.37,""62.9""],[0.38,""37.7""],[0.39,""57.6""],[0.4,""37.5""],[0.41,""57.4""],[0.42,""42.3""],[0.43,""57.2""],[0.44,""22.2""],[0.45,""37.1""],[0.46,""77.1""],[0.47,""157""],[0.48,""37""],[0.49,""57""],[0.5,""177""],[0.51,""91.97""],[0.52,""100""],[0.53,""110""],[0.54,""45""],[0.55,""155""],[0.56,""80""],[0.57,""331""],[0.58,""281.9""],[0.59,""19.59""]]"
2026-05-17T02:25:53.897Z,btc-updown-15m-1778984100,"Bitcoin Up or Down - May 16, 10:15PM-10:30PM ET",btc-updown-15m-1778984100,2026-05-17T02:30:00Z,,0.4,0.41,0.59,0.6,0.405,0.47,6605.497443999998,,8.36,78.84,"[[0.01,""7327.98""],[0.02,""2111.1""],[0.03,""602.77""],[0.04,""130.09""],[0.05,""163.2""],[0.06,""102.54""],[0.07,""115.39""],[0.08,""73.29""],[0.09,""87.72""],[0.1,""68.29""],[0.11,""89.7""],[0.12,""56.74""],[0.13,""74.2""],[0.14,""52.05""],[0.15,""75.27""],[0.16,""63.55""],[0.17,""72.62""],[0.18,""45.86""],[0.19,""64.77""],[0.2,""74.8""],[0.21,""63.1""],[0.22,""47.5""],[0.23,""61.89""],[0.24,""46.39""],[0.25,""81""],[0.26,""340.6""],[0.27,""90.2""],[0.28,""300""],[0.29,""70""],[0.3,""126.66""],[0.31,""165""],[0.32,""135.15""],[0.33,""1017""],[0.34,""70""],[0.35,""78.29""],[0.36,""73.11""],[0.37,""66.31""],[0.38,""287.8""],[0.39,""146.17""],[0.4,""8.36""]]","[[0.01,""7211""],[0.02,""2104.1""],[0.03,""615.77""],[0.04,""130.09""],[0.05,""163.21""],[0.06,""602.54""],[0.07,""605.39""],[0.08,""573.3""],[0.09,""592.72""],[0.1,""68.3""],[0.11,""89.7""],[0.12,""61.74""],[0.13,""74.2""],[0.14,""52.05""],[0.15,""75.27""],[0.16,""48.55""],[0.17,""67.19""],[0.18,""45.86""],[0.19,""58.09""],[0.2,""43.81""],[0.21,""58.1""],[0.22,""42.5""],[0.23,""61.89""],[0.24,""41.39""],[0.25,""61""],[0.26,""40.6""],[0.27,""60.2""],[0.28,""44.9""],[0.29,""84.6""],[0.3,""38.15""],[0.31,""59""],[0.32,""38.8""],[0.33,""58.6""],[0.34,""43.4""],[0.35,""363.2""],[0.36,""43""],[0.37,""62.9""],[0.38,""37.7""],[0.39,""57.6""],[0.4,""37.5""],[0.41,""57.4""],[0.42,""37.3""],[0.43,""62.2""],[0.44,""22.2""],[0.45,""37.1""],[0.46,""77.1""],[0.47,""157""],[0.48,""37""],[0.49,""57""],[0.5,""177""],[0.51,""91.97""],[0.52,""105""],[0.53,""115""],[0.54,""50""],[0.55,""105""],[0.56,""80""],[0.57,""265""],[0.58,""387.9""],[0.59,""78.84""]]"
2026-05-17T02:25:55.893Z,btc-updown-15m-1778984100,"Bitcoin Up or Down - May 16, 10:15PM-10:30PM ET",btc-updown-15m-1778984100,2026-05-17T02:30:00Z,,0.39,0.41,0.59,0.61,0.4,0.47,6605.497443999998,,192.67,74.3,"[[0.01,""7327.98""],[0.02,""2111.1""],[0.03,""602.77""],[0.04,""130.09""],[0.05,""163.2""],[0.06,""102.54""],[0.07,""115.39""],[0.08,""73.29""],[0.09,""87.72""],[0.1,""68.29""],[0.11,""89.7""],[0.12,""56.74""],[0.13,""74.2""],[0.14,""52.05""],[0.15,""75.27""],[0.16,""63.55""],[0.17,""72.62""],[0.18,""45.86""],[0.19,""64.77""],[0.2,""74.8""],[0.21,""63.1""],[0.22,""247.5""],[0.23,""61.89""],[0.24,""446.39""],[0.25,""81""],[0.26,""340.6""],[0.27,""90.2""],[0.28,""300""],[0.29,""55""],[0.3,""121.66""],[0.31,""165""],[0.32,""135.15""],[0.33,""1017""],[0.34,""30""],[0.35,""118.29""],[0.36,""73.11""],[0.37,""66.31""],[0.38,""287.8""],[0.39,""192.67""]]","[[0.01,""7211""],[0.02,""2104.1""],[0.03,""615.77""],[0.04,""130.09""],[0.05,""163.21""],[0.06,""602.54""],[0.07,""605.39""],[0.08,""573.3""],[0.09,""592.72""],[0.1,""68.3""],[0.11,""89.7""],[0.12,""61.74""],[0.13,""74.2""],[0.14,""52.05""],[0.15,""75.27""],[0.16,""48.55""],[0.17,""67.19""],[0.18,""45.86""],[0.19,""58.09""],[0.2,""43.81""],[0.21,""58.1""],[0.22,""42.5""],[0.23,""61.89""],[0.24,""41.39""],[0.25,""61""],[0.26,""40.6""],[0.27,""60.2""],[0.28,""39.9""],[0.29,""84.6""],[0.3,""238.15""],[0.31,""59""],[0.32,""38.8""],[0.33,""458.6""],[0.34,""43.4""],[0.35,""363.2""],[0.36,""43""],[0.37,""62.9""],[0.38,""37.7""],[0.39,""57.6""],[0.4,""37.5""],[0.41,""57.4""],[0.42,""37.3""],[0.43,""62.2""],[0.44,""22.2""],[0.45,""37.1""],[0.46,""77.1""],[0.47,""157""],[0.48,""37""],[0.49,""62""],[0.5,""167""],[0.51,""96.97""],[0.52,""105""],[0.53,""115""],[0.54,""50""],[0.55,""110""],[0.56,""80""],[0.57,""240""],[0.58,""371""],[0.59,""74.3""]]"
2026-05-17T02:25:57.937Z,btc-updown-15m-1778984100,"Bitcoin Up or Down - May 16, 10:15PM-10:30PM ET",btc-updown-15m-1778984100,2026-05-17T02:30:00Z,,0.4,0.41,0.59,0.6,0.405,0.47,6605.497443999998,,7.0,74.3,"[[0.01,""7327.98""],[0.02,""2111.1""],[0.03,""602.77""],[0.04,""130.09""],[0.05,""163.2""],[0.06,""102.54""],[0.07,""115.39""],[0.08,""73.29""],[0.09,""87.72""],[0.1,""68.29""],[0.11,""89.7""],[0.12,""56.74""],[0.13,""74.2""],[0.14,""52.05""],[0.15,""75.27""],[0.16,""63.55""],[0.17,""72.62""],[0.18,""45.86""],[0.19,""64.77""],[0.2,""74.8""],[0.21,""63.1""],[0.22,""247.5""],[0.23,""61.89""],[0.24,""446.39""],[0.25,""81""],[0.26,""340.6""],[0.27,""195.2""],[0.28,""200""],[0.29,""55""],[0.3,""121.66""],[0.31,""165""],[0.32,""135.15""],[0.33,""1018""],[0.34,""70""],[0.35,""78.29""],[0.36,""73.11""],[0.37,""66.31""],[0.38,""383.8""],[0.39,""76.67""],[0.4,""7""]]","[[0.01,""7211""],[0.02,""2104.1""],[0.03,""615.77""],[0.04,""130.09""],[0.05,""163.21""],[0.06,""602.54""],[0.07,""605.39""],[0.08,""573.3""],[0.09,""592.72""],[0.1,""68.3""],[0.11,""89.7""],[0.12,""61.74""],[0.13,""74.2""],[0.14,""52.05""],[0.15,""75.27""],[0.16,""48.55""],[0.17,""67.19""],[0.18,""45.86""],[0.19,""58.09""],[0.2,""43.81""],[0.21,""58.1""],[0.22,""42.5""],[0.23,""61.89""],[0.24,""41.39""],[0.25,""61""],[0.26,""40.6""],[0.27,""60.2""],[0.28,""39.9""],[0.29,""84.6""],[0.3,""238.15""],[0.31,""59""],[0.32,""38.8""],[0.33,""458.6""],[0.34,""43.4""],[0.35,""363.2""],[0.36,""43""],[0.37,""62.9""],[0.38,""37.7""],[0.39,""57.6""],[0.4,""37.5""],[0.41,""57.4""],[0.42,""37.3""],[0.43,""62.2""],[0.44,""22.2""],[0.45,""37.1""],[0.46,""77.1""],[0.47,""157""],[0.48,""37""],[0.49,""67""],[0.5,""72""],[0.51,""201.97""],[0.52,""105""],[0.53,""115""],[0.54,""50""],[0.55,""110""],[0.56,""80""],[0.57,""265""],[0.58,""387.9""],[0.59,""74.3""]]"
2026-05-17T02:25:59.884Z,btc-updown-15m-1778984100,"Bitcoin Up or Down - May 16, 10:15PM-10:30PM ET",btc-updown-15m-1778984100,2026-05-17T02:30:00Z,,0.38,0.39,0.61,0.62,0.385,0.47,6605.497443999998,,391.57,26.63,"[[0.01,""7327.98""],[0.02,""2111.1""],[0.03,""602.77""],[0.04,""130.09""],[0.05,""163.2""],[0.06,""102.54""],[0.07,""115.39""],[0.08,""73.29""],[0.09,""87.72""],[0.1,""68.29""],[0.11,""89.7""],[0.12,""56.74""],[0.13,""74.2""],[0.14,""52.05""],[0.15,""75.27""],[0.16,""63.55""],[0.17,""72.62""],[0.18,""45.86""],[0.19,""64.77""],[0.2,""74.8""],[0.21,""63.1""],[0.22,""242.5""],[0.23,""66.89""],[0.24,""446.39""],[0.25,""81""],[0.26,""340.6""],[0.27,""195.2""],[0.28,""205""],[0.29,""75""],[0.3,""121.66""],[0.31,""165""],[0.32,""135.15""],[0.33,""1018""],[0.34,""70""],[0.35,""119.06""],[0.36,""22.51""],[0.37,""66.31""],[0.38,""391.57""]]","[[0.01,""7211""],[0.02,""2104.1""],[0.03,""615.77""],[0.04,""130.09""],[0.05,""163.21""],[0.06,""602.54""],[0.07,""605.39""],[0.08,""573.3""],[0.09,""587.72""],[0.1,""73.3""],[0.11,""89.7""],[0.12,""61.74""],[0.13,""74.2""],[0.14,""52.05""],[0.15,""75.27""],[0.16,""48.55""],[0.17,""67.19""],[0.18,""45.86""],[0.19,""58.09""],[0.2,""43.81""],[0.21,""58.1""],[0.22,""42.5""],[0.23,""61.89""],[0.24,""41.39""],[0.25,""61""],[0.26,""40.6""],[0.27,""60.2""],[0.28,""39.9""],[0.29,""84.6""],[0.3,""238.15""],[0.31,""59""],[0.32,""38.8""],[0.33,""458.6""],[0.34,""43.4""],[0.35,""363.2""],[0.36,""43""],[0.37,""62.9""],[0.38,""37.7""],[0.39,""57.6""],[0.4,""37.5""],[0.41,""57.4""],[0.42,""42.3""],[0.43,""57.2""],[0.44,""22.2""],[0.45,""37.1""],[0.46,""77.1""],[0.47,""157""],[0.48,""37""],[0.49,""67""],[0.5,""67""],[0.51,""201.97""],[0.52,""50""],[0.53,""155""],[0.54,""50""],[0.55,""110""],[0.56,""85""],[0.57,""285""],[0.58,""476""],[0.59,""49.99""],[0.6,""74.83""],[0.61,""26.63""]]"
2026-05-17T02:26:01.941Z,btc-updown-15m-1778984100,"Bitcoin Up or Down - May 16, 10:15PM-10:30PM ET",btc-updown-15m-1778984100,2026-05-17T02:30:00Z,,0.39,0.4,0.6,0.61,0.395,0.47,6605.497443999998,,68.1,60.63,"[[0.01,""7327.98""],[0.02,""2111.1""],[0.03,""602.77""],[0.04,""130.09""],[0.05,""163.2""],[0.06,""102.54""],[0.07,""115.39""],[0.08,""73.29""],[0.09,""87.72""],[0.1,""68.29""],[0.11,""89.7""],[0.12,""56.74""],[0.13,""74.2""],[0.14,""52.05""],[0.15,""75.27""],[0.16,""63.55""],[0.17,""72.62""],[0.18,""45.86""],[0.19,""64.77""],[0.2,""74.8""],[0.21,""63.1""],[0.22,""242.5""],[0.23,""61.89""],[0.24,""446.39""],[0.25,""81""],[0.26,""345.6""],[0.27,""170.2""],[0.28,""180""],[0.29,""70""],[0.3,""146.66""],[0.31,""90""],[0.32,""143""],[0.33,""1110.15""],[0.34,""70""],[0.35,""113.29""],[0.36,""22.51""],[0.37,""66.31""],[0.38,""358.8""],[0.39,""68.1""]]","[[0.01,""7211""],[0.02,""2104.1""],[0.03,""615.77""],[0.04,""130.09""],[0.05,""163.21""],[0.06,""602.54""],[0.07,""605.39""],[0.08,""573.3""],[0.09,""587.72""],[0.1,""73.3""],[0.11,""89.7""],[0.12,""61.74""],[0.13,""74.2""],[0.14,""52.05""],[0.15,""75.27""],[0.16,""48.55""],[0.17,""67.19""],[0.18,""45.86""],[0.19,""58.09""],[0.2,""43.81""],[0.21,""58.1""],[0.22,""42.5""],[0.23,""61.89""],[0.24,""41.39""],[0.25,""61""],[0.26,""40.6""],[0.27,""60.2""],[0.28,""39.9""],[0.29,""84.6""],[0.3,""238.15""],[0.31,""59""],[0.32,""38.8""],[0.33,""458.6""],[0.34,""43.4""],[0.35,""363.2""],[0.36,""43""],[0.37,""62.9""],[0.38,""37.7""],[0.39,""57.6""],[0.4,""37.5""],[0.41,""57.4""],[0.42,""42.3""],[0.43,""57.2""],[0.44,""22.2""],[0.45,""37.1""],[0.46,""77.1""],[0.47,""157""],[0.48,""37""],[0.49,""62""],[0.5,""67""],[0.51,""201.97""],[0.52,""70""],[0.53,""115""],[0.54,""90""],[0.55,""135""],[0.56,""185""],[0.57,""260""],[0.58,""371""],[0.59,""54.99""],[0.6,""60.63""]]"
2026-05-17T02:26:03.969Z,btc-updown-15m-1778984100,"Bitcoin Up or Down - May 16, 10:15PM-10:30PM ET",btc-updown-15m-1778984100,2026-05-17T02:30:00Z,,0.39,0.4,0.6,0.61,0.395,0.47,6605.497443999998,,142.1,34.43,"[[0.01,""7322.98""],[0.02,""2111.1""],[0.03,""602.77""],[0.04,""130.09""],[0.05,""163.2""],[0.06,""102.54""],[0.07,""115.39""],[0.08,""73.29""],[0.09,""87.72""],[0.1,""68.29""],[0.11,""89.7""],[0.12,""56.74""],[0.13,""74.2""],[0.14,""52.05""],[0.15,""75.27""],[0.16,""63.55""],[0.17,""72.62""],[0.18,""45.86""],[0.19,""64.77""],[0.2,""74.8""],[0.21,""63.1""],[0.22,""242.5""],[0.23,""66.89""],[0.24,""446.39""],[0.25,""81""],[0.26,""340.6""],[0.27,""170.2""],[0.28,""218""],[0.29,""100""],[0.3,""121.66""],[0.31,""70.15""],[0.32,""130""],[0.33,""1105""],[0.34,""70""],[0.35,""113.29""],[0.36,""28.11""],[0.37,""66.31""],[0.38,""262.8""],[0.39,""142.1""]]","[[0.01,""7211""],[0.02,""2104.1""],[0.03,""615.77""],[0.04,""130.09""],[0.05,""163.21""],[0.06,""602.54""],[0.07,""605.39""],[0.08,""573.3""],[0.09,""587.72""],[0.1,""73.3""],[0.11,""89.7""],[0.12,""61.74""],[0.13,""74.2""],[0.14,""52.05""],[0.15,""75.27""],[0.16,""48.55""],[0.17,""67.19""],[0.18,""45.86""],[0.19,""58.09""],[0.2,""43.81""],[0.21,""58.1""],[0.22,""42.5""],[0.23,""61.89""],[0.24,""41.39""],[0.25,""61""],[0.26,""40.6""],[0.27,""60.2""],[0.28,""39.9""],[0.29,""84.6""],[0.3,""238.15""],[0.31,""59""],[0.32,""38.8""],[0.33,""458.6""],[0.34,""43.4""],[0.35,""363.2""],[0.36,""43""],[0.37,""62.9""],[0.38,""37.7""],[0.39,""57.6""],[0.4,""37.5""],[0.41,""57.4""],[0.42,""42.3""],[0.43,""57.2""],[0.44,""22.2""],[0.45,""37.1""],[0.46,""77.1""],[0.47,""157""],[0.48,""37""],[0.49,""67""],[0.5,""67""],[0.51,""201.97""],[0.52,""65""],[0.53,""115""],[0.54,""90""],[0.55,""135""],[0.56,""185""],[0.57,""260""],[0.58,""371""],[0.59,""54.99""],[0.6,""34.43""]]"
2026-05-17T02:26:05.936Z,btc-updown-15m-1778984100,"Bitcoin Up or Down - May 16, 10:15PM-10:30PM ET",btc-updown-15m-1778984100,2026-05-17T02:30:00Z,,0.39,0.4,0.6,0.61,0.395,0.47,6605.497443999998,,147.1,39.43,"[[0.01,""7327.98""],[0.02,""2111.1""],[0.03,""602.77""],[0.04,""130.09""],[0.05,""163.2""],[0.06,""102.54""],[0.07,""115.39""],[0.08,""73.29""],[0.09,""87.72""],[0.1,""68.29""],[0.11,""89.7""],[0.12,""56.74""],[0.13,""74.2""],[0.14,""52.05""],[0.15,""75.27""],[0.16,""63.55""],[0.17,""72.62""],[0.18,""45.86""],[0.19,""64.77""],[0.2,""68.8""],[0.21,""63.1""],[0.22,""242.5""],[0.23,""66.89""],[0.24,""446.39""],[0.25,""81""],[0.26,""340.6""],[0.27,""170.2""],[0.28,""200""],[0.29,""98""],[0.3,""121.66""],[0.31,""70.15""],[0.32,""130""],[0.33,""1105""],[0.34,""70""],[0.35,""113.29""],[0.36,""28.11""],[0.37,""66.31""],[0.38,""262.8""],[0.39,""147.1""]]","[[0.01,""7211""],[0.02,""2104.1""],[0.03,""615.77""],[0.04,""130.09""],[0.05,""163.21""],[0.06,""602.54""],[0.07,""605.39""],[0.08,""573.3""],[0.09,""587.72""],[0.1,""73.3""],[0.11,""89.7""],[0.12,""61.74""],[0.13,""74.2""],[0.14,""52.05""],[0.15,""75.27""],[0.16,""48.55""],[0.17,""67.19""],[0.18,""45.86""],[0.19,""58.09""],[0.2,""43.81""],[0.21,""58.1""],[0.22,""42.5""],[0.23,""61.89""],[0.24,""41.39""],[0.25,""61""],[0.26,""40.6""],[0.27,""60.2""],[0.28,""39.9""],[0.29,""84.6""],[0.3,""232.15""],[0.31,""59""],[0.32,""38.8""],[0.33,""458.6""],[0.34,""43.4""],[0.35,""363.2""],[0.36,""43""],[0.37,""62.9""],[0.38,""37.7""],[0.39,""57.6""],[0.4,""37.5""],[0.41,""57.4""],[0.42,""42.3""],[0.43,""57.2""],[0.44,""22.2""],[0.45,""37.1""],[0.46,""77.1""],[0.47,""157""],[0.48,""37""],[0.49,""67""],[0.5,""67""],[0.51,""201.97""],[0.52,""65""],[0.53,""115""],[0.54,""90""],[0.55,""135""],[0.56,""185""],[0.57,""210""],[0.58,""411""],[0.59,""54.99""],[0.6,""39.43""]]"
2026-05-17T02:26:07.934Z,btc-updown-15m-1778984100,"Bitcoin Up or Down - May 16, 10:15PM-10:30PM ET",btc-updown-15m-1778984100,2026-05-17T02:30:00Z,,0.39,0.4,0.6,0.61,0.395,0.47,6605.497443999998,,122.1,39.43,"[[0.01,""7322.98""],[0.02,""2111.1""],[0.03,""602.77""],[0.04,""130.09""],[0.05,""163.2""],[0.06,""102.54""],[0.07,""115.39""],[0.08,""73.29""],[0.09,""87.72""],[0.1,""68.29""],[0.11,""89.7""],[0.12,""56.74""],[0.13,""74.2""],[0.14,""52.05""],[0.15,""75.27""],[0.16,""63.55""],[0.17,""72.62""],[0.18,""45.86""],[0.19,""70.77""],[0.2,""68.8""],[0.21,""63.1""],[0.22,""42.5""],[0.23,""66.89""],[0.24,""46.39""],[0.25,""81""],[0.26,""40.6""],[0.27,""170.2""],[0.28,""200""],[0.29,""98""],[0.3,""121.66""],[0.31,""165""],[0.32,""135.15""],[0.33,""1005""],[0.34,""70""],[0.35,""118.29""],[0.36,""22.51""],[0.37,""66.31""],[0.38,""262.8""],[0.39,""122.1""]]","[[0.01,""7206""],[0.02,""2104.1""],[0.03,""615.77""],[0.04,""130.09""],[0.05,""163.21""],[0.06,""602.54""],[0.07,""605.39""],[0.08,""573.3""],[0.09,""587.72""],[0.1,""73.3""],[0.11,""89.7""],[0.12,""61.74""],[0.13,""74.2""],[0.14,""52.05""],[0.15,""75.27""],[0.16,""48.55""],[0.17,""67.19""],[0.18,""45.86""],[0.19,""58.09""],[0.2,""43.81""],[0.21,""58.1""],[0.22,""42.5""],[0.23,""61.89""],[0.24,""41.39""],[0.25,""61""],[0.26,""40.6""],[0.27,""60.2""],[0.28,""39.9""],[0.29,""84.6""],[0.3,""38.15""],[0.31,""59""],[0.32,""38.8""],[0.33,""58.6""],[0.34,""43.4""],[0.35,""63.2""],[0.36,""43""],[0.37,""62.9""],[0.38,""37.7""],[0.39,""57.6""],[0.4,""37.5""],[0.41,""57.4""],[0.42,""42.3""],[0.43,""57.2""],[0.44,""22.2""],[0.45,""37.1""],[0.46,""77.1""],[0.47,""157""],[0.48,""37""],[0.49,""67""],[0.5,""67""],[0.51,""201.97""],[0.52,""65""],[0.53,""115""],[0.54,""90""],[0.55,""135""],[0.56,""185""],[0.57,""210""],[0.58,""411""],[0.59,""54.99""],[0.6,""39.43""]]"
2026-05-17T02:26:10.186Z,btc-updown-15m-1778984100,"Bitcoin Up or Down - May 16, 10:15PM-10:30PM ET",btc-updown-15m-1778984100,2026-05-17T02:30:00Z,,0.36,0.39,0.61,0.64,0.375,0.47,6605.497443999998,,5.6,48.63,"[[0.01,""7322.98""],[0.02,""2111.1""],[0.03,""602.77""],[0.04,""130.09""],[0.05,""163.2""],[0.06,""102.54""],[0.07,""115.39""],[0.08,""73.29""],[0.09,""87.72""],[0.1,""68.29""],[0.11,""89.7""],[0.12,""56.74""],[0.13,""74.2""],[0.14,""52.05""],[0.15,""75.27""],[0.16,""63.55""],[0.17,""72.62""],[0.18,""45.86""],[0.19,""64.77""],[0.2,""68.8""],[0.21,""45""],[0.22,""25""],[0.23,""45""],[0.24,""30""],[0.25,""65""],[0.26,""20""],[0.27,""40""],[0.29,""25""],[0.3,""31.66""],[0.31,""40""],[0.32,""10.15""],[0.33,""920""],[0.35,""10.49""],[0.36,""5.6""]]","[[0.01,""7211""],[0.02,""2154.1""],[0.03,""615.77""],[0.04,""130.09""],[0.05,""163.21""],[0.06,""602.54""],[0.07,""605.39""],[0.08,""573.3""],[0.09,""587.72""],[0.1,""573.3""],[0.11,""411.7""],[0.12,""61.74""],[0.13,""74.2""],[0.14,""52.05""],[0.15,""75.27""],[0.16,""48.55""],[0.17,""67.19""],[0.18,""45.86""],[0.19,""58.09""],[0.2,""43.81""],[0.21,""58.1""],[0.22,""42.5""],[0.23,""61.89""],[0.24,""41.39""],[0.25,""61""],[0.26,""40.6""],[0.27,""60.2""],[0.28,""39.9""],[0.29,""69.6""],[0.3,""32.15""],[0.31,""64""],[0.32,""38.8""],[0.33,""58.6""],[0.34,""43.4""],[0.35,""63.2""],[0.36,""43""],[0.37,""62.9""],[0.38,""37.7""],[0.39,""57.6""],[0.4,""37.5""],[0.41,""57.4""],[0.42,""42.3""],[0.43,""57.2""],[0.44,""22.2""],[0.45,""37.1""],[0.46,""37.1""],[0.47,""57""],[0.48,""37""],[0.49,""57""],[0.5,""57""],[0.51,""96.97""],[0.52,""65""],[0.53,""75""],[0.54,""65""],[0.55,""110""],[0.56,""60""],[0.57,""50""],[0.58,""50""],[0.59,""62.8""],[0.6,""87.32""],[0.61,""48.63""]]"
2026-05-17T02:26:12.256Z,btc-updown-15m-1778984100,"Bitcoin Up or Down - May 16, 10:15PM-10:30PM ET",btc-updown-15m-1778984100,2026-05-17T02:30:00Z,,0.33,0.34,0.66,0.67,0.335,0.47,6605.497443999998,,44.91,213.59,"[[0.01,""7322.98""],[0.02,""2111.1""],[0.03,""402.77""],[0.04,""130.09""],[0.05,""163.2""],[0.06,""102.54""],[0.07,""115.39""],[0.08,""73.29""],[0.09,""87.72""],[0.1,""68.29""],[0.11,""94.7""],[0.12,""56.74""],[0.13,""74.2""],[0.14,""52.05""],[0.15,""75.27""],[0.16,""58.55""],[0.17,""78.51""],[0.18,""70.86""],[0.19,""40""],[0.2,""155.15""],[0.21,""140""],[0.22,""60""],[0.23,""55""],[0.24,""85""],[0.25,""175""],[0.26,""100""],[0.27,""136""],[0.29,""60""],[0.3,""65.97""],[0.33,""44.91""]]","[[0.01,""7211""],[0.02,""2154.1""],[0.03,""415.77""],[0.04,""130.09""],[0.05,""163.21""],[0.06,""102.54""],[0.07,""605.39""],[0.08,""573.3""],[0.09,""587.72""],[0.1,""568.3""],[0.11,""411.7""],[0.12,""61.74""],[0.13,""574.2""],[0.14,""552.05""],[0.15,""75.27""],[0.16,""53.55""],[0.17,""67.19""],[0.18,""45.86""],[0.19,""58.09""],[0.2,""43.81""],[0.21,""58.1""],[0.22,""42.5""],[0.23,""61.89""],[0.24,""41.39""],[0.25,""61""],[0.26,""40.6""],[0.27,""60.2""],[0.28,""39.9""],[0.29,""69.6""],[0.3,""32.15""],[0.31,""59""],[0.32,""53.8""],[0.33,""58.6""],[0.34,""43.4""],[0.35,""63.2""],[0.36,""43""],[0.37,""62.9""],[0.38,""37.7""],[0.39,""57.6""],[0.4,""337.5""],[0.41,""57.4""],[0.42,""37.3""],[0.43,""57.2""],[0.44,""17.2""],[0.45,""37.1""],[0.46,""37.1""],[0.47,""57""],[0.48,""42""],[0.49,""62""],[0.5,""57""],[0.51,""86.97""],[0.52,""72""],[0.53,""87""],[0.54,""77.1""],[0.55,""187.1""],[0.56,""87.2""],[0.57,""57.2""],[0.58,""132.3""],[0.59,""97.4""],[0.6,""142.5""],[0.61,""113.4""],[0.62,""207.7""],[0.63,""253.7""],[0.64,""92.8""],[0.65,""64.28""],[0.66,""213.59""]]"
2026-05-17T02:26:14.170Z,btc-updown-15m-1778984100,"Bitcoin Up or Down - May 16, 10:15PM-10:30PM ET",btc-updown-15m-1778984100,2026-05-17T02:30:00Z,,0.31,0.32,0.68,0.69,0.315,0.47,6605.497443999998,,12.8,38.63,"[[0.01,""7317.98""],[0.02,""2111.1""],[0.03,""402.77""],[0.04,""130.09""],[0.05,""163.2""],[0.06,""102.54""],[0.07,""115.39""],[0.08,""73.29""],[0.09,""87.72""],[0.1,""68.29""],[0.11,""94.7""],[0.12,""56.74""],[0.13,""74.2""],[0.14,""92.05""],[0.15,""75.27""],[0.16,""64.55""],[0.17,""78.51""],[0.18,""250.56""],[0.19,""45.27""],[0.2,""155.15""],[0.21,""440""],[0.22,""65""],[0.23,""95""],[0.24,""85""],[0.25,""175""],[0.26,""100""],[0.27,""35""],[0.29,""407.95""],[0.3,""43.17""],[0.31,""12.8""]]","[[0.01,""7211""],[0.02,""2154.1""],[0.03,""415.77""],[0.04,""130.09""],[0.05,""163.21""],[0.06,""102.54""],[0.07,""105.39""],[0.08,""573.3""],[0.09,""587.72""],[0.1,""568.3""],[0.11,""411.7""],[0.12,""61.74""],[0.13,""574.2""],[0.14,""552.05""],[0.15,""75.27""],[0.16,""548.55""],[0.17,""72.19""],[0.18,""45.86""],[0.19,""58.09""],[0.2,""43.81""],[0.21,""58.1""],[0.22,""42.5""],[0.23,""61.89""],[0.24,""41.39""],[0.25,""61""],[0.26,""40.6""],[0.27,""60.2""],[0.28,""39.9""],[0.29,""69.6""],[0.3,""32.15""],[0.31,""59""],[0.32,""53.8""],[0.33,""58.6""],[0.34,""49.4""],[0.35,""63.2""],[0.36,""243""],[0.37,""62.9""],[0.38,""37.7""],[0.39,""57.6""],[0.4,""337.5""],[0.41,""57.4""],[0.42,""37.3""],[0.43,""57.2""],[0.44,""17.2""],[0.45,""37.1""],[0.46,""37.1""],[0.47,""57""],[0.48,""37""],[0.49,""62""],[0.5,""57""],[0.51,""86.97""],[0.52,""72""],[0.53,""87""],[0.54,""82.1""],[0.55,""187.1""],[0.56,""87.2""],[0.57,""57.2""],[0.58,""132.3""],[0.59,""102.4""],[0.6,""157.5""],[0.61,""100.6""],[0.62,""222.7""],[0.63,""253.7""],[0.64,""90.8""],[0.65,""79.28""],[0.66,""94.8""],[0.67,""157.44""],[0.68,""38.63""]]"
2026-05-17T02:26:16.151Z,btc-updown-15m-1778984100,"Bitcoin Up or Down - May 16, 10:15PM-10:30PM ET",btc-updown-15m-1778984100,2026-05-17T02:30:00Z,,0.3,0.31,0.69,0.7,0.305,0.47,6605.497443999998,,50.4,77.39,"[[0.01,""7317.98""],[0.02,""2111.1""],[0.03,""402.77""],[0.04,""130.09""],[0.05,""163.2""],[0.06,""102.54""],[0.07,""115.39""],[0.08,""73.29""],[0.09,""87.72""],[0.1,""68.29""],[0.11,""94.7""],[0.12,""56.74""],[0.13,""74.2""],[0.14,""52.05""],[0.15,""80.27""],[0.16,""64.55""],[0.17,""78.51""],[0.18,""250.56""],[0.19,""50.42""],[0.2,""150""],[0.21,""485""],[0.22,""40""],[0.23,""80""],[0.24,""25""],[0.25,""155""],[0.26,""100""],[0.27,""20""],[0.28,""40""],[0.29,""20""],[0.3,""50.4""]]","[[0.01,""7211""],[0.02,""2104.1""],[0.03,""415.77""],[0.04,""130.09""],[0.05,""163.21""],[0.06,""102.54""],[0.07,""105.39""],[0.08,""73.3""],[0.09,""587.72""],[0.1,""568.3""],[0.11,""411.7""],[0.12,""61.74""],[0.13,""574.2""],[0.14,""552.05""],[0.15,""575.27""],[0.16,""548.55""],[0.17,""72.19""],[0.18,""45.86""],[0.19,""58.09""],[0.2,""43.81""],[0.21,""58.1""],[0.22,""42.5""],[0.23,""61.89""],[0.24,""41.39""],[0.25,""61""],[0.26,""40.6""],[0.27,""60.2""],[0.28,""39.9""],[0.29,""69.6""],[0.3,""32.15""],[0.31,""59""],[0.32,""53.8""],[0.33,""58.6""],[0.34,""49.4""],[0.35,""63.2""],[0.36,""243""],[0.37,""62.9""],[0.38,""37.7""],[0.39,""57.6""],[0.4,""337.5""],[0.41,""57.4""],[0.42,""37.3""],[0.43,""57.2""],[0.44,""17.2""],[0.45,""37.1""],[0.46,""37.1""],[0.47,""57""],[0.48,""37""],[0.49,""62""],[0.5,""57""],[0.51,""86.97""],[0.52,""62""],[0.53,""87""],[0.54,""67.1""],[0.55,""187.1""],[0.56,""72.2""],[0.57,""57.2""],[0.58,""77.3""],[0.59,""62.4""],[0.6,""52.5""],[0.61,""168.6""],[0.62,""157.7""],[0.63,""253.7""],[0.64,""50.8""],[0.65,""64.28""],[0.66,""340.8""],[0.67,""56.44""],[0.68,""276.43""],[0.69,""77.39""]]"
2026-05-17T02:26:19.633Z,btc-updown-15m-1778984100,"Bitcoin Up or Down - May 16, 10:15PM-10:30PM ET",btc-updown-15m-1778984100,2026-05-17T02:30:00Z,,0.26,0.27,0.73,0.74,0.265,0.47,6605.497443999998,,7.76,216.52,"[[0.01,""7317.98""],[0.02,""2111.1""],[0.03,""402.77""],[0.04,""130.09""],[0.05,""163.2""],[0.06,""102.54""],[0.07,""155.39""],[0.08,""73.29""],[0.09,""87.72""],[0.1,""68.29""],[0.11,""94.7""],[0.12,""56.74""],[0.13,""106.9""],[0.14,""52.05""],[0.15,""75.27""],[0.16,""41.4""],[0.17,""166.32""],[0.18,""176""],[0.19,""85""],[0.2,""110""],[0.21,""160""],[0.22,""100""],[0.23,""356""],[0.24,""5""],[0.25,""47.8""],[0.26,""7.76""]]","[[0.01,""7211""],[0.02,""2154.1""],[0.03,""415.77""],[0.04,""130.09""],[0.05,""163.21""],[0.06,""102.54""],[0.07,""105.39""],[0.08,""73.3""],[0.09,""87.72""],[0.1,""68.3""],[0.11,""411.7""],[0.12,""61.74""],[0.13,""74.2""],[0.14,""52.05""],[0.15,""575.27""],[0.16,""548.55""],[0.17,""567.19""],[0.18,""45.86""],[0.19,""58.09""],[0.2,""43.81""],[0.21,""558.1""],[0.22,""542.5""],[0.23,""566.89""],[0.24,""41.39""],[0.25,""61""],[0.26,""40.6""],[0.27,""60.2""],[0.28,""39.9""],[0.29,""69.6""],[0.3,""32.15""],[0.31,""59""],[0.32,""38.8""],[0.33,""58.6""],[0.34,""38.4""],[0.35,""63.2""],[0.36,""43""],[0.37,""62.9""],[0.38,""52.7""],[0.39,""57.6""],[0.4,""42.5""],[0.41,""57.4""],[0.42,""37.3""],[0.43,""57.2""],[0.44,""17.2""],[0.45,""37.1""],[0.46,""37.1""],[0.47,""62""],[0.48,""37""],[0.49,""57""],[0.5,""57""],[0.51,""86.97""],[0.52,""57""],[0.53,""82""],[0.54,""57.1""],[0.55,""77.1""],[0.56,""72.2""],[0.57,""57.2""],[0.58,""37.3""],[0.59,""62.4""],[0.6,""42.5""],[0.61,""167.6""],[0.62,""42.7""],[0.63,""82.9""],[0.64,""58""],[0.65,""63.2""],[0.66,""204.4""],[0.67,""302.24""],[0.68,""141.6""],[0.69,""144.92""],[0.7,""37.8""],[0.71,""42.8""],[0.72,""81.8""],[0.73,""216.52""]]"
2026-05-17T02:26:22.571Z,btc-updown-15m-1778984100,"Bitcoin Up or Down - May 16, 10:15PM-10:30PM ET",btc-updown-15m-1778984100,2026-05-17T02:30:00Z,,0.24,0.25,0.75,0.76,0.245,0.75,10527.888074999995,,31.2,190.73,"[[0.01,""7317.98""],[0.02,""2111.1""],[0.03,""402.77""],[0.04,""130.09""],[0.05,""203.2""],[0.06,""102.54""],[0.07,""115.39""],[0.08,""73.29""],[0.09,""87.72""],[0.1,""68.29""],[0.11,""128.8""],[0.12,""62.74""],[0.13,""74.2""],[0.14,""227.15""],[0.15,""171.92""],[0.16,""198.25""],[0.17,""85.43""],[0.18,""85""],[0.19,""155""],[0.2,""150""],[0.21,""156""],[0.23,""81.89""],[0.24,""31.2""]]","[[0.01,""7201""],[0.02,""2154.1""],[0.03,""415.77""],[0.04,""130.09""],[0.05,""163.21""],[0.06,""102.54""],[0.07,""105.39""],[0.08,""73.3""],[0.09,""87.72""],[0.1,""68.3""],[0.11,""411.7""],[0.12,""61.74""],[0.13,""74.2""],[0.14,""52.05""],[0.15,""75.27""],[0.16,""548.55""],[0.17,""567.19""],[0.18,""545.86""],[0.19,""553.09""],[0.2,""43.81""],[0.21,""58.1""],[0.22,""42.5""],[0.23,""61.89""],[0.24,""541.39""],[0.25,""566""],[0.26,""540.6""],[0.27,""60.2""],[0.28,""39.9""],[0.29,""69.6""],[0.3,""37.15""],[0.31,""59""],[0.32,""38.8""],[0.33,""58.6""],[0.34,""38.4""],[0.35,""63.2""],[0.36,""43""],[0.37,""62.9""],[0.38,""52.7""],[0.39,""57.6""],[0.4,""42.5""],[0.41,""63.4""],[0.42,""37.3""],[0.43,""257.2""],[0.44,""17.2""],[0.45,""37.1""],[0.46,""37.1""],[0.47,""57""],[0.48,""37""],[0.49,""57""],[0.5,""57""],[0.51,""86.97""],[0.52,""62""],[0.53,""82""],[0.54,""57.1""],[0.55,""77.1""],[0.56,""72.2""],[0.57,""57.2""],[0.58,""37.3""],[0.59,""62.4""],[0.6,""47.5""],[0.61,""67.6""],[0.62,""142.7""],[0.63,""62.9""],[0.64,""38""],[0.65,""123.2""],[0.66,""53.4""],[0.67,""117.24""],[0.68,""158.8""],[0.69,""244""],[0.7,""202.1""],[0.71,""121.84""],[0.72,""51.9""],[0.73,""89.8""],[0.74,""62""],[0.75,""190.73""]]"
2026-05-17T02:26:24.914Z,btc-updown-15m-1778984100,"Bitcoin Up or Down - May 16, 10:15PM-10:30PM ET",btc-updown-15m-1778984100,2026-05-17T02:30:00Z,,0.24,0.25,0.75,0.76,0.245,0.75,10527.888074999995,,15.0,296.73,"[[0.01,""7317.98""],[0.02,""2111.1""],[0.03,""402.77""],[0.04,""130.09""],[0.05,""203.2""],[0.06,""102.54""],[0.07,""115.39""],[0.08,""73.29""],[0.09,""87.72""],[0.1,""93.29""],[0.11,""103.8""],[0.12,""62.74""],[0.13,""74.2""],[0.14,""240.3""],[0.15,""185.77""],[0.16,""481.25""],[0.17,""85.43""],[0.18,""85""],[0.19,""135""],[0.2,""146""],[0.21,""60""],[0.22,""54.16""],[0.23,""70.49""],[0.24,""15""]]","[[0.01,""7211""],[0.02,""2104.1""],[0.03,""415.77""],[0.04,""130.09""],[0.05,""163.21""],[0.06,""102.54""],[0.07,""105.39""],[0.08,""73.3""],[0.09,""87.72""],[0.1,""68.3""],[0.11,""411.7""],[0.12,""61.74""],[0.13,""74.2""],[0.14,""52.05""],[0.15,""75.27""],[0.16,""48.55""],[0.17,""67.19""],[0.18,""545.86""],[0.19,""553.09""],[0.2,""43.81""],[0.21,""58.1""],[0.22,""42.5""],[0.23,""61.89""],[0.24,""541.39""],[0.25,""66""],[0.26,""40.6""],[0.27,""60.2""],[0.28,""39.9""],[0.29,""69.6""],[0.3,""37.15""],[0.31,""59""],[0.32,""38.8""],[0.33,""58.6""],[0.34,""38.4""],[0.35,""63.2""],[0.36,""43""],[0.37,""62.9""],[0.38,""52.7""],[0.39,""57.6""],[0.4,""42.5""],[0.41,""63.4""],[0.42,""37.3""],[0.43,""257.2""],[0.44,""17.2""],[0.45,""437.1""],[0.46,""37.1""],[0.47,""57""],[0.48,""337""],[0.49,""57""],[0.5,""57""],[0.51,""86.97""],[0.52,""62""],[0.53,""82""],[0.54,""57.1""],[0.55,""77.1""],[0.56,""72.2""],[0.57,""57.2""],[0.58,""37.3""],[0.59,""62.4""],[0.6,""47.5""],[0.61,""67.6""],[0.62,""42.7""],[0.63,""162.9""],[0.64,""38""],[0.65,""83.2""],[0.66,""78.4""],[0.67,""82.24""],[0.68,""98.8""],[0.69,""264""],[0.7,""242.1""],[0.71,""81.84""],[0.72,""77""],[0.73,""79.8""],[0.74,""62""],[0.75,""296.73""]]"
2026-05-17T02:26:29.222Z,btc-updown-15m-1778984100,"Bitcoin Up or Down - May 16, 10:15PM-10:30PM ET",btc-updown-15m-1778984100,2026-05-17T02:30:00Z,,0.21,0.22,0.78,0.79,0.215,0.75,10527.888074999995,,104.98,113.63,"[[0.01,""7217.98""],[0.02,""2151.1""],[0.03,""402.77""],[0.04,""130.09""],[0.05,""158.2""],[0.06,""107.54""],[0.07,""115.39""],[0.08,""98.29""],[0.09,""87.72""],[0.1,""68.29""],[0.11,""100.85""],[0.12,""146.34""],[0.13,""207.7""],[0.14,""52.15""],[0.15,""531.77""],[0.16,""161.25""],[0.17,""104.62""],[0.18,""145""],[0.19,""61""],[0.2,""60""],[0.21,""104.98""]]","[[0.01,""7116""],[0.02,""2104.1""],[0.03,""415.77""],[0.04,""130.09""],[0.05,""163.21""],[0.06,""102.54""],[0.07,""105.39""],[0.08,""73.3""],[0.09,""87.72""],[0.1,""68.3""],[0.11,""411.7""],[0.12,""61.74""],[0.13,""74.2""],[0.14,""52.05""],[0.15,""75.27""],[0.16,""48.55""],[0.17,""67.19""],[0.18,""545.86""],[0.19,""553.09""],[0.2,""43.81""],[0.21,""58.1""],[0.22,""42.5""],[0.23,""561.89""],[0.24,""541.39""],[0.25,""61""],[0.26,""40.6""],[0.27,""60.2""],[0.28,""544.9""],[0.29,""564.6""],[0.3,""537.15""],[0.31,""59""],[0.32,""38.8""],[0.33,""58.6""],[0.34,""38.4""],[0.35,""63.2""],[0.36,""43""],[0.37,""62.9""],[0.38,""37.7""],[0.39,""67.6""],[0.4,""47.5""],[0.41,""57.4""],[0.42,""37.3""],[0.43,""63.2""],[0.44,""17.2""],[0.45,""37.1""],[0.46,""42.1""],[0.47,""57""],[0.48,""37""],[0.49,""57""],[0.5,""337""],[0.51,""66.97""],[0.52,""42""],[0.53,""62""],[0.54,""37.1""],[0.55,""57.1""],[0.56,""47.2""],[0.57,""57.2""],[0.58,""37.3""],[0.59,""57.4""],[0.6,""42.5""],[0.61,""62.6""],[0.62,""47.7""],[0.63,""167.9""],[0.64,""43""],[0.65,""63.2""],[0.66,""58.4""],[0.67,""97.24""],[0.68,""78.8""],[0.69,""79""],[0.7,""174.3""],[0.71,""139.6""],[0.72,""71.9""],[0.73,""238""],[0.74,""185.6""],[0.75,""185""],[0.76,""146.36""],[0.77,""49""],[0.78,""113.63""]]"
2026-05-17T02:26:30.272Z,btc-updown-15m-1778984100,"Bitcoin Up or Down - May 16, 10:15PM-10:30PM ET",btc-updown-15m-1778984100,2026-05-17T02:30:00Z,,0.21,0.22,0.78,0.79,0.215,0.75,10527.888074999995,,384.97,70.45,"[[0.01,""7217.98""],[0.02,""2111.1""],[0.03,""402.77""],[0.04,""170.09""],[0.05,""158.2""],[0.06,""107.54""],[0.07,""115.39""],[0.08,""98.29""],[0.09,""87.72""],[0.1,""73.44""],[0.11,""95.7""],[0.12,""246.34""],[0.13,""107.7""],[0.14,""452.15""],[0.15,""531.77""],[0.16,""161.25""],[0.17,""79.62""],[0.18,""125.56""],[0.19,""95.88""],[0.2,""95""],[0.21,""384.97""]]","[[0.01,""7116""],[0.02,""2104.1""],[0.03,""415.77""],[0.04,""130.09""],[0.05,""163.21""],[0.06,""102.54""],[0.07,""105.39""],[0.08,""73.3""],[0.09,""87.72""],[0.1,""68.3""],[0.11,""411.7""],[0.12,""61.74""],[0.13,""74.2""],[0.14,""52.05""],[0.15,""75.27""],[0.16,""48.55""],[0.17,""67.19""],[0.18,""545.86""],[0.19,""553.09""],[0.2,""43.81""],[0.21,""58.1""],[0.22,""42.5""],[0.23,""561.89""],[0.24,""541.39""],[0.25,""61""],[0.26,""40.6""],[0.27,""60.2""],[0.28,""544.9""],[0.29,""564.6""],[0.3,""537.15""],[0.31,""59""],[0.32,""38.8""],[0.33,""58.6""],[0.34,""38.4""],[0.35,""63.2""],[0.36,""43""],[0.37,""62.9""],[0.38,""37.7""],[0.39,""67.6""],[0.4,""47.5""],[0.41,""57.4""],[0.42,""37.3""],[0.43,""63.2""],[0.44,""17.2""],[0.45,""37.1""],[0.46,""42.1""],[0.47,""457""],[0.48,""37""],[0.49,""57""],[0.5,""337""],[0.51,""66.97""],[0.52,""42""],[0.53,""62""],[0.54,""37.1""],[0.55,""57.1""],[0.56,""47.2""],[0.57,""57.2""],[0.58,""37.3""],[0.59,""57.4""],[0.6,""42.5""],[0.61,""62.6""],[0.62,""42.7""],[0.63,""167.9""],[0.64,""43""],[0.65,""103.2""],[0.66,""58.4""],[0.67,""97.24""],[0.68,""63.8""],[0.69,""79""],[0.7,""174.3""],[0.71,""139.6""],[0.72,""91.9""],[0.73,""238""],[0.74,""209.83""],[0.75,""179""],[0.76,""114.53""],[0.77,""54""],[0.78,""70.45""]]"
2026-05-17T02:26:33.289Z,btc-updown-15m-1778984100,"Bitcoin Up or Down - May 16, 10:15PM-10:30PM ET",btc-updown-15m-1778984100,2026-05-17T02:30:00Z,,0.27,0.3,0.7,0.73,0.28500000000000003,0.75,10527.888074999995,,20.0,5.0,"[[0.01,""7217.98""],[0.02,""1911.1""],[0.03,""402.77""],[0.04,""130.09""],[0.05,""158.2""],[0.06,""102.54""],[0.07,""115.39""],[0.08,""98.29""],[0.09,""87.72""],[0.1,""68.29""],[0.11,""135.7""],[0.12,""261.74""],[0.13,""99.35""],[0.14,""532.15""],[0.15,""432.77""],[0.16,""66.25""],[0.17,""111.32""],[0.18,""165.56""],[0.19,""160.27""],[0.2,""25""],[0.21,""133""],[0.22,""112.8""],[0.23,""171.23""],[0.24,""38.8""],[0.25,""50.72""],[0.26,""8""],[0.27,""20""]]","[[0.01,""7111""],[0.02,""1904.1""],[0.03,""415.77""],[0.04,""130.09""],[0.05,""163.21""],[0.06,""102.54""],[0.07,""105.39""],[0.08,""73.3""],[0.09,""87.72""],[0.1,""68.3""],[0.11,""411.7""],[0.12,""61.74""],[0.13,""74.2""],[0.14,""52.05""],[0.15,""75.27""],[0.16,""48.55""],[0.17,""67.19""],[0.18,""45.86""],[0.19,""53.09""],[0.2,""43.81""],[0.21,""558.1""],[0.22,""42.5""],[0.23,""61.89""],[0.24,""41.39""],[0.25,""61""],[0.26,""45.6""],[0.27,""60.2""],[0.28,""39.9""],[0.29,""59.6""],[0.3,""37.15""],[0.31,""59""],[0.32,""38.8""],[0.33,""58.6""],[0.34,""38.4""],[0.35,""63.2""],[0.36,""43""],[0.37,""62.9""],[0.38,""37.7""],[0.39,""87.6""],[0.4,""37.5""],[0.41,""57.4""],[0.42,""37.3""],[0.43,""63.2""],[0.44,""217.2""],[0.45,""37.1""],[0.46,""37.1""],[0.47,""457""],[0.48,""37""],[0.49,""57""],[0.5,""337""],[0.51,""66.97""],[0.52,""42""],[0.53,""62""],[0.54,""37.1""],[0.55,""57.1""],[0.56,""47.2""],[0.57,""57.2""],[0.58,""77.3""],[0.59,""62.4""],[0.6,""37.5""],[0.61,""57.6""],[0.62,""37.7""],[0.63,""57.9""],[0.64,""38""],[0.65,""58.2""],[0.66,""68.4""],[0.67,""157.24""],[0.68,""20""],[0.7,""5""]]"
2026-05-17T02:26:36.130Z,btc-updown-15m-1778984100,"Bitcoin Up or Down - May 16, 10:15PM-10:30PM ET",btc-updown-15m-1778984100,2026-05-17T02:30:00Z,,0.37,0.41,0.59,0.63,0.39,0.75,10527.888074999995,,41.06,5.0,"[[0.01,""7207.98""],[0.02,""1911.1""],[0.03,""402.77""],[0.04,""130.09""],[0.05,""158.2""],[0.06,""102.54""],[0.07,""115.39""],[0.08,""98.29""],[0.09,""87.72""],[0.1,""68.29""],[0.11,""89.7""],[0.12,""56.74""],[0.13,""74.2""],[0.14,""52.05""],[0.15,""75.27""],[0.16,""58.55""],[0.17,""172.62""],[0.18,""45.86""],[0.19,""79.77""],[0.2,""43.8""],[0.21,""112.1""],[0.22,""57.5""],[0.23,""102.95""],[0.24,""95.38""],[0.25,""105""],[0.26,""38""],[0.27,""131""],[0.28,""25""],[0.29,""100.96""],[0.3,""39""],[0.31,""100""],[0.32,""22.8""],[0.33,""25""],[0.34,""26.6""],[0.35,""46.95""],[0.36,""12.8""],[0.37,""41.06""]]","[[0.01,""7116""],[0.02,""1954.1""],[0.03,""415.77""],[0.04,""130.09""],[0.05,""163.21""],[0.06,""102.54""],[0.07,""105.39""],[0.08,""73.3""],[0.09,""87.72""],[0.1,""68.3""],[0.11,""416.7""],[0.12,""61.74""],[0.13,""74.2""],[0.14,""52.05""],[0.15,""75.27""],[0.16,""48.55""],[0.17,""67.19""],[0.18,""45.86""],[0.19,""53.09""],[0.2,""43.81""],[0.21,""58.1""],[0.22,""42.5""],[0.23,""61.89""],[0.24,""41.39""],[0.25,""61""],[0.26,""40.6""],[0.27,""60.2""],[0.28,""39.9""],[0.29,""79.6""],[0.3,""37.15""],[0.31,""59""],[0.32,""38.8""],[0.33,""58.6""],[0.34,""38.4""],[0.35,""63.2""],[0.36,""43""],[0.37,""62.9""],[0.38,""37.7""],[0.39,""57.6""],[0.4,""37.5""],[0.41,""57.4""],[0.42,""37.3""],[0.43,""57.2""],[0.44,""12.2""],[0.45,""32.1""],[0.46,""32.1""],[0.47,""52""],[0.48,""20""],[0.49,""40""],[0.5,""20""],[0.51,""54.97""],[0.52,""15""],[0.57,""40""],[0.58,""53.88""],[0.59,""5""]]"
2026-05-17T02:26:37.420Z,btc-updown-15m-1778984100,"Bitcoin Up or Down - May 16, 10:15PM-10:30PM ET",btc-updown-15m-1778984100,2026-05-17T02:30:00Z,,0.43,0.44,0.56,0.57,0.435,0.75,10527.888074999995,,70.9,178.51,"[[0.01,""7217.98""],[0.02,""1911.1""],[0.03,""402.77""],[0.04,""130.09""],[0.05,""158.2""],[0.06,""102.54""],[0.07,""115.39""],[0.08,""98.29""],[0.09,""87.72""],[0.1,""68.29""],[0.11,""89.7""],[0.12,""56.74""],[0.13,""79.2""],[0.14,""52.05""],[0.15,""75.27""],[0.16,""158.55""],[0.17,""178.62""],[0.18,""45.86""],[0.19,""79.77""],[0.2,""43.8""],[0.21,""98.1""],[0.22,""42.5""],[0.23,""76.89""],[0.24,""41.39""],[0.25,""76""],[0.26,""45.6""],[0.27,""80.2""],[0.28,""49.9""],[0.29,""104.6""],[0.3,""50""],[0.31,""125""],[0.32,""183""],[0.33,""145""],[0.34,""33.8""],[0.35,""59.95""],[0.36,""25""],[0.37,""91""],[0.38,""37.8""],[0.39,""60""],[0.4,""25""],[0.41,""101""],[0.42,""25""],[0.43,""70.9""]]","[[0.01,""7116""],[0.02,""1954.1""],[0.03,""415.77""],[0.04,""130.09""],[0.05,""163.21""],[0.06,""107.54""],[0.07,""105.39""],[0.08,""73.3""],[0.09,""87.72""],[0.1,""68.3""],[0.11,""411.7""],[0.12,""61.74""],[0.13,""74.2""],[0.14,""52.05""],[0.15,""80.27""],[0.16,""48.55""],[0.17,""67.19""],[0.18,""45.86""],[0.19,""553.09""],[0.2,""43.81""],[0.21,""58.1""],[0.22,""42.5""],[0.23,""61.89""],[0.24,""41.39""],[0.25,""61""],[0.26,""40.6""],[0.27,""80.2""],[0.28,""39.9""],[0.29,""64.6""],[0.3,""43.15""],[0.31,""59""],[0.32,""38.8""],[0.33,""58.6""],[0.34,""43.4""],[0.35,""63.2""],[0.36,""43""],[0.37,""62.9""],[0.38,""37.7""],[0.39,""62.6""],[0.4,""37.5""],[0.41,""62.4""],[0.42,""37.3""],[0.43,""57.2""],[0.44,""105""],[0.45,""25""],[0.46,""25""],[0.47,""150""],[0.48,""50""],[0.49,""45""],[0.5,""40""],[0.51,""34.97""],[0.52,""5""],[0.53,""32.8""],[0.54,""65""],[0.55,""165""],[0.56,""178.51""]]"
2026-05-17T02:26:41.321Z,btc-updown-15m-1778984100,"Bitcoin Up or Down - May 16, 10:15PM-10:30PM ET",btc-updown-15m-1778984100,2026-05-17T02:30:00Z,,0.43,0.44,0.56,0.57,0.435,0.75,10527.888074999995,,59.73,203.87,"[[0.01,""6919.98""],[0.02,""1758""],[0.03,""299.67""],[0.04,""52""],[0.05,""95""],[0.06,""49.34""],[0.07,""69.29""],[0.08,""57.5""],[0.09,""51.12""],[0.1,""35""],[0.11,""59.1""],[0.12,""28.34""],[0.13,""52.7""],[0.14,""27.15""],[0.15,""51.77""],[0.16,""236.25""],[0.17,""57.32""],[0.18,""25.56""],[0.19,""245.27""],[0.2,""25""],[0.21,""465""],[0.22,""25""],[0.23,""45""],[0.24,""30""],[0.25,""50""],[0.26,""40""],[0.27,""55.15""],[0.28,""35""],[0.29,""85""],[0.3,""50""],[0.31,""110""],[0.32,""178""],[0.33,""194.9""],[0.34,""25""],[0.35,""59.95""],[0.36,""25""],[0.37,""91""],[0.38,""37.8""],[0.39,""65.13""],[0.4,""25""],[0.41,""81""],[0.42,""52.92""],[0.43,""59.73""]]","[[0.01,""6813""],[0.02,""1751""],[0.03,""812.67""],[0.04,""552""],[0.05,""600.01""],[0.06,""54.34""],[0.07,""59.29""],[0.08,""32.51""],[0.09,""51.12""],[0.1,""35.01""],[0.11,""381.1""],[0.12,""33.34""],[0.13,""47.7""],[0.14,""27.15""],[0.15,""56.77""],[0.16,""26.25""],[0.17,""45.89""],[0.18,""25.56""],[0.19,""33.59""],[0.2,""25.01""],[0.21,""40""],[0.22,""25""],[0.23,""45""],[0.24,""25""],[0.25,""45""],[0.26,""25""],[0.27,""65""],[0.28,""25""],[0.29,""50""],[0.3,""28.85""],[0.31,""45""],[0.32,""225""],[0.33,""45""],[0.34,""430""],[0.35,""50""],[0.36,""30""],[0.37,""50""],[0.38,""25""],[0.39,""50""],[0.4,""25""],[0.41,""50""],[0.42,""25""],[0.43,""185""],[0.44,""5""],[0.45,""25""],[0.46,""25""],[0.47,""150""],[0.48,""50""],[0.49,""45""],[0.5,""40""],[0.51,""54.97""],[0.52,""40""],[0.53,""57.8""],[0.54,""70""],[0.55,""270.42""],[0.56,""203.87""]]"
2026-05-17T02:26:45.850Z,btc-updown-15m-1778984100,"Bitcoin Up or Down - May 16, 10:15PM-10:30PM ET",btc-updown-15m-1778984100,2026-05-17T02:30:00Z,,0.43,0.44,0.56,0.57,0.435,0.75,10527.888074999995,,256.1,180.89,"[[0.01,""6924.98""],[0.02,""1763""],[0.03,""299.67""],[0.04,""52""],[0.05,""95""],[0.06,""49.34""],[0.07,""69.29""],[0.08,""57.5""],[0.09,""51.12""],[0.1,""35""],[0.11,""59.1""],[0.12,""28.34""],[0.13,""52.7""],[0.14,""27.15""],[0.15,""51.77""],[0.16,""36.25""],[0.17,""257.32""],[0.18,""25.56""],[0.19,""245.27""],[0.2,""25""],[0.21,""465""],[0.22,""325""],[0.23,""45""],[0.24,""30""],[0.25,""50""],[0.26,""40""],[0.27,""50""],[0.28,""40.15""],[0.29,""85""],[0.3,""50""],[0.31,""210""],[0.32,""174.9""],[0.33,""97""],[0.34,""25""],[0.35,""59.95""],[0.36,""25""],[0.37,""91""],[0.38,""37.8""],[0.39,""60""],[0.4,""25""],[0.41,""96""],[0.42,""50""],[0.43,""256.1""]]","[[0.01,""6813""],[0.02,""2251""],[0.03,""812.67""],[0.04,""552""],[0.05,""100.01""],[0.06,""54.34""],[0.07,""59.29""],[0.08,""32.51""],[0.09,""51.12""],[0.1,""35.01""],[0.11,""381.1""],[0.12,""33.34""],[0.13,""47.7""],[0.14,""27.15""],[0.15,""56.77""],[0.16,""26.25""],[0.17,""45.89""],[0.18,""25.56""],[0.19,""33.59""],[0.2,""25.01""],[0.21,""40""],[0.22,""25""],[0.23,""45""],[0.24,""25""],[0.25,""45""],[0.26,""25""],[0.27,""65""],[0.28,""25""],[0.29,""50""],[0.3,""28.85""],[0.31,""45""],[0.32,""225""],[0.33,""45""],[0.34,""430""],[0.35,""50""],[0.36,""30""],[0.37,""350""],[0.38,""30""],[0.39,""45""],[0.4,""25""],[0.41,""50""],[0.42,""25""],[0.43,""85""],[0.44,""105""],[0.45,""25""],[0.46,""30""],[0.47,""145""],[0.48,""50""],[0.49,""45""],[0.5,""45""],[0.51,""50""],[0.52,""50""],[0.53,""102.8""],[0.54,""30""],[0.55,""255""],[0.56,""180.89""]]"
2026-05-17T02:26:47.951Z,btc-updown-15m-1778984100,"Bitcoin Up or Down - May 16, 10:15PM-10:30PM ET",btc-updown-15m-1778984100,2026-05-17T02:30:00Z,,0.43,0.44,0.56,0.57,0.435,0.75,10527.888074999995,,24.91,232.89,"[[0.01,""6924.98""],[0.02,""1763""],[0.03,""299.67""],[0.04,""52""],[0.05,""95""],[0.06,""49.34""],[0.07,""69.29""],[0.08,""57.5""],[0.09,""51.12""],[0.1,""35""],[0.11,""59.1""],[0.12,""28.34""],[0.13,""52.7""],[0.14,""27.15""],[0.15,""51.77""],[0.16,""36.25""],[0.17,""57.32""],[0.18,""25.56""],[0.19,""445.27""],[0.2,""25""],[0.21,""465""],[0.22,""325""],[0.23,""45""],[0.24,""30""],[0.25,""50""],[0.26,""40""],[0.27,""50""],[0.28,""35""],[0.29,""90.15""],[0.3,""50""],[0.31,""210""],[0.32,""174.9""],[0.33,""97""],[0.34,""30""],[0.35,""59.95""],[0.36,""35""],[0.37,""106.02""],[0.38,""37.8""],[0.39,""65""],[0.4,""30""],[0.41,""91""],[0.42,""146""],[0.43,""24.91""]]","[[0.01,""6813""],[0.02,""2251""],[0.03,""812.67""],[0.04,""552""],[0.05,""100.01""],[0.06,""54.34""],[0.07,""59.29""],[0.08,""32.51""],[0.09,""51.12""],[0.1,""35.01""],[0.11,""381.1""],[0.12,""33.34""],[0.13,""47.7""],[0.14,""27.15""],[0.15,""56.77""],[0.16,""26.25""],[0.17,""45.89""],[0.18,""25.56""],[0.19,""33.59""],[0.2,""25.01""],[0.21,""40""],[0.22,""25""],[0.23,""45""],[0.24,""25""],[0.25,""45""],[0.26,""25""],[0.27,""65""],[0.28,""25""],[0.29,""50""],[0.3,""28.85""],[0.31,""45""],[0.32,""225""],[0.33,""45""],[0.34,""430""],[0.35,""50""],[0.36,""30""],[0.37,""350""],[0.38,""25""],[0.39,""50""],[0.4,""25""],[0.41,""50""],[0.42,""25""],[0.43,""85""],[0.44,""105""],[0.45,""25""],[0.46,""30""],[0.47,""150""],[0.48,""55""],[0.49,""45""],[0.5,""45""],[0.51,""55""],[0.52,""50""],[0.53,""102.8""],[0.54,""60""],[0.55,""225""],[0.56,""232.89""]]"
2026-05-17T02:26:49.850Z,btc-updown-15m-1778984100,"Bitcoin Up or Down - May 16, 10:15PM-10:30PM ET",btc-updown-15m-1778984100,2026-05-17T02:30:00Z,,0.43,0.44,0.56,0.57,0.435,0.75,10527.888074999995,,17.58,158.63,"[[0.01,""6924.98""],[0.02,""1763""],[0.03,""299.67""],[0.04,""52""],[0.05,""95""],[0.06,""49.34""],[0.07,""69.29""],[0.08,""57.5""],[0.09,""51.12""],[0.1,""35""],[0.11,""59.1""],[0.12,""28.34""],[0.13,""52.7""],[0.14,""27.15""],[0.15,""51.77""],[0.16,""36.25""],[0.17,""57.32""],[0.18,""25.56""],[0.19,""445.27""],[0.2,""25""],[0.21,""465""],[0.22,""325""],[0.23,""45""],[0.24,""30""],[0.25,""50""],[0.26,""40""],[0.27,""50""],[0.28,""35""],[0.29,""85""],[0.3,""50""],[0.31,""215""],[0.32,""182""],[0.33,""100.19""],[0.34,""30""],[0.35,""64.95""],[0.36,""40""],[0.37,""106.02""],[0.38,""42.8""],[0.39,""65""],[0.4,""30""],[0.41,""187""],[0.42,""30""],[0.43,""17.58""]]","[[0.01,""6808""],[0.02,""2251""],[0.03,""812.67""],[0.04,""552""],[0.05,""100.01""],[0.06,""54.34""],[0.07,""59.29""],[0.08,""32.51""],[0.09,""51.12""],[0.1,""35.01""],[0.11,""381.1""],[0.12,""33.34""],[0.13,""47.7""],[0.14,""27.15""],[0.15,""56.77""],[0.16,""26.25""],[0.17,""45.89""],[0.18,""25.56""],[0.19,""33.59""],[0.2,""25.01""],[0.21,""40""],[0.22,""25""],[0.23,""45""],[0.24,""25""],[0.25,""45""],[0.26,""25""],[0.27,""65""],[0.28,""25""],[0.29,""50""],[0.3,""28.85""],[0.31,""45""],[0.32,""225""],[0.33,""45""],[0.34,""430""],[0.35,""50""],[0.36,""30""],[0.37,""350""],[0.38,""25""],[0.39,""45""],[0.4,""25""],[0.41,""50""],[0.42,""25""],[0.43,""85""],[0.44,""105""],[0.45,""25""],[0.46,""30""],[0.47,""145""],[0.48,""55""],[0.49,""50""],[0.5,""50""],[0.51,""55""],[0.52,""55""],[0.53,""107.8""],[0.54,""60""],[0.55,""235""],[0.56,""158.63""]]"
2026-05-17T02:26:51.842Z,btc-updown-15m-1778984100,"Bitcoin Up or Down - May 16, 10:15PM-10:30PM ET",btc-updown-15m-1778984100,2026-05-17T02:30:00Z,,0.43,0.44,0.56,0.57,0.435,0.75,10527.888074999995,,5.0,254.63,"[[0.01,""6919.98""],[0.02,""1763""],[0.03,""299.67""],[0.04,""52""],[0.05,""95""],[0.06,""49.34""],[0.07,""69.29""],[0.08,""57.5""],[0.09,""51.12""],[0.1,""35""],[0.11,""59.1""],[0.12,""28.34""],[0.13,""52.7""],[0.14,""27.15""],[0.15,""51.77""],[0.16,""42.25""],[0.17,""51.32""],[0.18,""25.56""],[0.19,""445.27""],[0.2,""25""],[0.21,""65""],[0.22,""325""],[0.23,""45""],[0.24,""30""],[0.25,""50""],[0.26,""40""],[0.27,""50""],[0.28,""40.15""],[0.29,""85""],[0.3,""90""],[0.31,""215""],[0.32,""182""],[0.33,""60.19""],[0.34,""30""],[0.35,""64.95""],[0.36,""40""],[0.37,""106.02""],[0.38,""42.8""],[0.39,""65""],[0.4,""30""],[0.41,""187""],[0.42,""52.5""],[0.43,""5""]]","[[0.01,""6813""],[0.02,""2251""],[0.03,""812.67""],[0.04,""552""],[0.05,""100.01""],[0.06,""54.34""],[0.07,""59.29""],[0.08,""32.51""],[0.09,""51.12""],[0.1,""35.01""],[0.11,""381.1""],[0.12,""33.34""],[0.13,""47.7""],[0.14,""27.15""],[0.15,""56.77""],[0.16,""26.25""],[0.17,""45.89""],[0.18,""25.56""],[0.19,""33.59""],[0.2,""25.01""],[0.21,""40""],[0.22,""25""],[0.23,""45""],[0.24,""25""],[0.25,""45""],[0.26,""25""],[0.27,""65""],[0.28,""25""],[0.29,""56""],[0.3,""22.85""],[0.31,""45""],[0.32,""225""],[0.33,""45""],[0.34,""30""],[0.35,""50""],[0.36,""30""],[0.37,""350""],[0.38,""25""],[0.39,""50""],[0.4,""25""],[0.41,""50""],[0.42,""25""],[0.43,""85""],[0.44,""105""],[0.45,""25""],[0.46,""30""],[0.47,""150""],[0.48,""55""],[0.49,""50""],[0.5,""50""],[0.51,""55""],[0.52,""55""],[0.53,""107.8""],[0.54,""60""],[0.55,""361""],[0.56,""254.63""]]"
2026-05-17T02:26:54.659Z,btc-updown-15m-1778984100,"Bitcoin Up or Down - May 16, 10:15PM-10:30PM ET",btc-updown-15m-1778984100,2026-05-17T02:30:00Z,,0.43,0.44,0.56,0.57,0.435,0.75,10527.888074999995,,265.39,243.63,"[[0.01,""6924.98""],[0.02,""1758""],[0.03,""299.67""],[0.04,""52""],[0.05,""95""],[0.06,""49.34""],[0.07,""69.29""],[0.08,""57.5""],[0.09,""51.12""],[0.1,""35""],[0.11,""59.1""],[0.12,""28.34""],[0.13,""52.7""],[0.14,""27.15""],[0.15,""51.77""],[0.16,""42.25""],[0.17,""51.32""],[0.18,""25.56""],[0.19,""445.27""],[0.2,""25""],[0.21,""65""],[0.22,""325""],[0.23,""45""],[0.24,""30""],[0.25,""50""],[0.26,""40""],[0.27,""50""],[0.28,""40.15""],[0.29,""110""],[0.3,""90""],[0.31,""190""],[0.32,""182""],[0.33,""60.19""],[0.34,""30""],[0.35,""64.95""],[0.36,""40""],[0.37,""106.02""],[0.38,""42.8""],[0.39,""65""],[0.4,""30""],[0.41,""91""],[0.42,""148.5""],[0.43,""265.39""]]","[[0.01,""6813""],[0.02,""2251""],[0.03,""812.67""],[0.04,""552""],[0.05,""100.01""],[0.06,""54.34""],[0.07,""59.29""],[0.08,""32.51""],[0.09,""51.12""],[0.1,""35.01""],[0.11,""381.1""],[0.12,""33.34""],[0.13,""47.7""],[0.14,""27.15""],[0.15,""56.77""],[0.16,""26.25""],[0.17,""45.89""],[0.18,""25.56""],[0.19,""33.59""],[0.2,""25.01""],[0.21,""40""],[0.22,""25""],[0.23,""45""],[0.24,""25""],[0.25,""45""],[0.26,""45""],[0.27,""50""],[0.28,""25""],[0.29,""51""],[0.3,""22.85""],[0.31,""45""],[0.32,""225""],[0.33,""45""],[0.34,""30""],[0.35,""50""],[0.36,""30""],[0.37,""350""],[0.38,""25""],[0.39,""50""],[0.4,""25""],[0.41,""50""],[0.42,""30""],[0.43,""85""],[0.44,""105""],[0.45,""25""],[0.46,""30""],[0.47,""150""],[0.48,""55""],[0.49,""50""],[0.5,""50""],[0.51,""55""],[0.52,""55""],[0.53,""107.8""],[0.54,""60""],[0.55,""361""],[0.56,""243.63""]]"
2026-05-17T02:26:57.617Z,btc-updown-15m-1778984100,"Bitcoin Up or Down - May 16, 10:15PM-10:30PM ET",btc-updown-15m-1778984100,2026-05-17T02:30:00Z,,0.43,0.44,0.56,0.57,0.435,0.75,10527.888074999995,,260.39,238.63,"[[0.01,""6924.98""],[0.02,""1758""],[0.03,""299.67""],[0.04,""52""],[0.05,""95""],[0.06,""49.34""],[0.07,""69.29""],[0.08,""57.5""],[0.09,""51.12""],[0.1,""35""],[0.11,""59.1""],[0.12,""28.34""],[0.13,""52.7""],[0.14,""27.15""],[0.15,""51.77""],[0.16,""42.25""],[0.17,""51.32""],[0.18,""25.56""],[0.19,""445.27""],[0.2,""425""],[0.21,""65""],[0.22,""325""],[0.23,""50""],[0.24,""30""],[0.25,""50""],[0.26,""30""],[0.27,""55.15""],[0.28,""35""],[0.29,""110""],[0.3,""90""],[0.31,""190""],[0.32,""182""],[0.33,""60.19""],[0.34,""30""],[0.35,""64.95""],[0.36,""40""],[0.37,""106.02""],[0.38,""42.8""],[0.39,""65""],[0.4,""30""],[0.41,""91""],[0.42,""128.5""],[0.43,""260.39""]]","[[0.01,""6813""],[0.02,""2251""],[0.03,""812.67""],[0.04,""552""],[0.05,""100.01""],[0.06,""54.34""],[0.07,""59.29""],[0.08,""32.51""],[0.09,""51.12""],[0.1,""35.01""],[0.11,""381.1""],[0.12,""33.34""],[0.13,""47.7""],[0.14,""27.15""],[0.15,""56.77""],[0.16,""26.25""],[0.17,""45.89""],[0.18,""25.56""],[0.19,""33.59""],[0.2,""25.01""],[0.21,""40""],[0.22,""25""],[0.23,""45""],[0.24,""25""],[0.25,""45""],[0.26,""50""],[0.27,""45""],[0.28,""25""],[0.29,""51""],[0.3,""22.85""],[0.31,""45""],[0.32,""225""],[0.33,""45""],[0.34,""430""],[0.35,""50""],[0.36,""30""],[0.37,""350""],[0.38,""25""],[0.39,""45""],[0.4,""25""],[0.41,""50""],[0.42,""30""],[0.43,""85""],[0.44,""105""],[0.45,""25""],[0.46,""30""],[0.47,""150""],[0.48,""55""],[0.49,""50""],[0.5,""50""],[0.51,""55""],[0.52,""290""],[0.53,""107.8""],[0.54,""60""],[0.55,""386""],[0.56,""238.63""]]"
2026-05-17T02:26:59.434Z,btc-updown-15m-1778984100,"Bitcoin Up or Down - May 16, 10:15PM-10:30PM ET",btc-updown-15m-1778984100,2026-05-17T02:30:00Z,,0.43,0.44,0.56,0.57,0.435,0.75,10527.888074999995,,509.85,193.63,"[[0.01,""6924.98""],[0.02,""1763""],[0.03,""299.67""],[0.04,""52""],[0.05,""95""],[0.06,""49.34""],[0.07,""69.29""],[0.08,""57.5""],[0.09,""51.12""],[0.1,""35""],[0.11,""59.1""],[0.12,""28.34""],[0.13,""52.7""],[0.14,""27.15""],[0.15,""51.77""],[0.16,""42.25""],[0.17,""51.32""],[0.18,""25.56""],[0.19,""345.27""],[0.2,""525""],[0.21,""65""],[0.22,""325""],[0.23,""50""],[0.24,""30""],[0.25,""55""],[0.26,""30""],[0.27,""55.15""],[0.28,""35""],[0.29,""110""],[0.3,""150""],[0.31,""230""],[0.32,""82""],[0.33,""50""],[0.34,""30""],[0.35,""72.15""],[0.36,""40""],[0.37,""106.02""],[0.38,""42.8""],[0.39,""65""],[0.4,""30""],[0.41,""71""],[0.42,""28.23""],[0.43,""509.85""]]","[[0.01,""7313""],[0.02,""2251""],[0.03,""812.67""],[0.04,""552""],[0.05,""100.01""],[0.06,""54.34""],[0.07,""59.29""],[0.08,""32.51""],[0.09,""51.12""],[0.1,""35.01""],[0.11,""381.1""],[0.12,""33.34""],[0.13,""47.7""],[0.14,""27.15""],[0.15,""56.77""],[0.16,""26.25""],[0.17,""45.89""],[0.18,""25.56""],[0.19,""33.59""],[0.2,""25.01""],[0.21,""40""],[0.22,""25""],[0.23,""45""],[0.24,""25""],[0.25,""45""],[0.26,""50""],[0.27,""45""],[0.28,""25""],[0.29,""51""],[0.3,""22.85""],[0.31,""45""],[0.32,""225""],[0.33,""45""],[0.34,""430""],[0.35,""50""],[0.36,""30""],[0.37,""350""],[0.38,""25""],[0.39,""50""],[0.4,""25""],[0.41,""50""],[0.42,""30""],[0.43,""85""],[0.44,""105""],[0.45,""25""],[0.46,""30""],[0.47,""150""],[0.48,""55""],[0.49,""50""],[0.5,""50""],[0.51,""55""],[0.52,""50""],[0.53,""107.8""],[0.54,""60""],[0.55,""320""],[0.56,""193.63""]]"
2026-05-17T02:27:00.890Z,btc-updown-15m-1778984100,"Bitcoin Up or Down - May 16, 10:15PM-10:30PM ET",btc-updown-15m-1778984100,2026-05-17T02:30:00Z,,0.43,0.44,0.56,0.57,0.435,0.75,10527.888074999995,,375.49,258.63,"[[0.01,""6924.98""],[0.02,""1763""],[0.03,""299.67""],[0.04,""52""],[0.05,""95""],[0.06,""49.34""],[0.07,""69.29""],[0.08,""57.5""],[0.09,""51.12""],[0.1,""35""],[0.11,""59.1""],[0.12,""28.34""],[0.13,""52.7""],[0.14,""27.15""],[0.15,""51.77""],[0.16,""42.25""],[0.17,""51.32""],[0.18,""25.56""],[0.19,""345.27""],[0.2,""525""],[0.21,""65""],[0.22,""325""],[0.23,""45""],[0.24,""30""],[0.25,""60""],[0.26,""35.15""],[0.27,""50""],[0.28,""30""],[0.29,""110""],[0.3,""190""],[0.31,""230""],[0.32,""42""],[0.33,""50""],[0.34,""30""],[0.35,""72.15""],[0.36,""40""],[0.37,""106.02""],[0.38,""42.8""],[0.39,""65""],[0.4,""30""],[0.41,""169""],[0.42,""23.23""],[0.43,""375.49""]]","[[0.01,""7313""],[0.02,""2251""],[0.03,""812.67""],[0.04,""552""],[0.05,""100.01""],[0.06,""54.34""],[0.07,""59.29""],[0.08,""32.51""],[0.09,""51.12""],[0.1,""35.01""],[0.11,""381.1""],[0.12,""33.34""],[0.13,""47.7""],[0.14,""27.15""],[0.15,""56.77""],[0.16,""26.25""],[0.17,""45.89""],[0.18,""25.56""],[0.19,""33.59""],[0.2,""25.01""],[0.21,""40""],[0.22,""25""],[0.23,""45""],[0.24,""25""],[0.25,""45""],[0.26,""50""],[0.27,""45""],[0.28,""25""],[0.29,""51""],[0.3,""22.85""],[0.31,""45""],[0.32,""225""],[0.33,""45""],[0.34,""430""],[0.35,""50""],[0.36,""30""],[0.37,""350""],[0.38,""25""],[0.39,""50""],[0.4,""25""],[0.41,""50""],[0.42,""30""],[0.43,""85""],[0.44,""105""],[0.45,""25""],[0.46,""30""],[0.47,""150""],[0.48,""55""],[0.49,""50""],[0.5,""45""],[0.51,""55""],[0.52,""290""],[0.53,""112.8""],[0.54,""75""],[0.55,""230""],[0.56,""258.63""]]"
2026-05-17T02:27:02.981Z,btc-updown-15m-1778984100,"Bitcoin Up or Down - May 16, 10:15PM-10:30PM ET",btc-updown-15m-1778984100,2026-05-17T02:30:00Z,,0.48,0.49,0.51,0.52,0.485,0.75,10527.888074999995,,157.57,4.8,"[[0.01,""6929.98""],[0.02,""1763""],[0.03,""299.67""],[0.04,""52""],[0.05,""95""],[0.06,""49.34""],[0.07,""69.29""],[0.08,""57.5""],[0.09,""51.12""],[0.1,""35""],[0.11,""59.1""],[0.12,""28.34""],[0.13,""52.7""],[0.14,""27.15""],[0.15,""51.77""],[0.16,""36.25""],[0.17,""51.32""],[0.18,""25.56""],[0.19,""45.27""],[0.2,""31""],[0.21,""60""],[0.22,""25""],[0.23,""45""],[0.24,""25""],[0.25,""245""],[0.26,""30""],[0.27,""45""],[0.28,""25""],[0.29,""70""],[0.3,""55""],[0.31,""80""],[0.32,""165""],[0.33,""80""],[0.34,""125""],[0.35,""194.95""],[0.36,""160""],[0.37,""135.02""],[0.38,""30""],[0.39,""205.15""],[0.4,""125""],[0.41,""65""],[0.42,""50""],[0.43,""128.8""],[0.44,""143.8""],[0.45,""90.75""],[0.46,""86.8""],[0.47,""111.8""],[0.48,""157.57""]]","[[0.01,""6818""],[0.02,""1751""],[0.03,""312.67""],[0.04,""52""],[0.05,""100.01""],[0.06,""49.34""],[0.07,""59.29""],[0.08,""32.51""],[0.09,""51.12""],[0.1,""35.01""],[0.11,""381.1""],[0.12,""33.34""],[0.13,""47.7""],[0.14,""27.15""],[0.15,""56.77""],[0.16,""26.25""],[0.17,""45.89""],[0.18,""25.56""],[0.19,""33.59""],[0.2,""25.01""],[0.21,""55""],[0.22,""35""],[0.23,""50""],[0.24,""25""],[0.25,""56""],[0.26,""25""],[0.27,""45""],[0.28,""25""],[0.29,""50""],[0.3,""17.85""],[0.31,""90""],[0.32,""25""],[0.33,""50""],[0.34,""25""],[0.35,""50""],[0.36,""130""],[0.37,""55""],[0.38,""130""],[0.39,""50""],[0.4,""30""],[0.41,""50""],[0.42,""35""],[0.43,""95""],[0.44,""45""],[0.45,""35""],[0.46,""170""],[0.47,""165""],[0.48,""5""],[0.51,""4.8""]]"
2026-05-17T02:27:06.595Z,btc-updown-15m-1778984100,"Bitcoin Up or Down - May 16, 10:15PM-10:30PM ET",btc-updown-15m-1778984100,2026-05-17T02:30:00Z,,0.53,0.54,0.46,0.47,0.535,0.75,10527.888074999995,,5.0,177.7,"[[0.01,""6929.98""],[0.02,""1768""],[0.03,""299.67""],[0.04,""52""],[0.05,""95""],[0.06,""49.34""],[0.07,""69.29""],[0.08,""57.5""],[0.09,""51.12""],[0.1,""35""],[0.11,""59.1""],[0.12,""28.34""],[0.13,""47.7""],[0.14,""27.15""],[0.15,""51.77""],[0.16,""36.25""],[0.17,""51.32""],[0.18,""31.56""],[0.19,""45.27""],[0.2,""30""],[0.21,""60""],[0.22,""25""],[0.23,""45""],[0.24,""25""],[0.25,""245""],[0.26,""30""],[0.27,""45""],[0.28,""25""],[0.29,""75""],[0.3,""55""],[0.31,""80""],[0.32,""155""],[0.33,""80""],[0.34,""125""],[0.35,""145""],[0.36,""160""],[0.37,""120.02""],[0.38,""30.15""],[0.39,""85""],[0.4,""25""],[0.41,""160""],[0.42,""155""],[0.43,""116""],[0.44,""35""],[0.45,""77.95""],[0.46,""45""],[0.47,""99""],[0.48,""72.25""],[0.49,""171""],[0.5,""62.7""],[0.51,""5""],[0.53,""5""]]","[[0.01,""6813""],[0.02,""1756""],[0.03,""312.67""],[0.04,""52""],[0.05,""100.01""],[0.06,""49.34""],[0.07,""59.29""],[0.08,""32.51""],[0.09,""51.12""],[0.1,""35.01""],[0.11,""381.1""],[0.12,""33.34""],[0.13,""47.7""],[0.14,""27.15""],[0.15,""51.77""],[0.16,""26.25""],[0.17,""50.89""],[0.18,""25.56""],[0.19,""33.59""],[0.2,""25.01""],[0.21,""60""],[0.22,""30""],[0.23,""45""],[0.24,""25""],[0.25,""56""],[0.26,""25""],[0.27,""45""],[0.28,""25""],[0.29,""45""],[0.3,""17.85""],[0.31,""50""],[0.32,""70""],[0.33,""50""],[0.34,""25""],[0.35,""50""],[0.36,""130""],[0.37,""50""],[0.38,""145""],[0.39,""55""],[0.4,""45""],[0.41,""50""],[0.42,""50""],[0.43,""100""],[0.44,""286""],[0.45,""155""],[0.46,""177.7""]]"
2026-05-17T02:27:09.167Z,btc-updown-15m-1778984100,"Bitcoin Up or Down - May 16, 10:15PM-10:30PM ET",btc-updown-15m-1778984100,2026-05-17T02:30:00Z,,0.52,0.53,0.47,0.48,0.525,0.75,10527.888074999995,,383.11,132.41,"[[0.01,""6934.98""],[0.02,""1768""],[0.03,""299.67""],[0.04,""52""],[0.05,""95""],[0.06,""49.34""],[0.07,""69.29""],[0.08,""57.5""],[0.09,""51.12""],[0.1,""35""],[0.11,""59.1""],[0.12,""28.34""],[0.13,""47.7""],[0.14,""27.15""],[0.15,""51.77""],[0.16,""36.25""],[0.17,""51.32""],[0.18,""31.56""],[0.19,""45.27""],[0.2,""30""],[0.21,""260""],[0.22,""25""],[0.23,""445""],[0.24,""25""],[0.25,""545""],[0.26,""25""],[0.27,""45""],[0.28,""25""],[0.29,""75""],[0.3,""55""],[0.31,""85""],[0.32,""155""],[0.33,""80""],[0.34,""125""],[0.35,""145""],[0.36,""165""],[0.37,""165.17""],[0.38,""25""],[0.39,""85""],[0.4,""125""],[0.41,""160""],[0.42,""50""],[0.43,""116""],[0.44,""30""],[0.45,""65""],[0.46,""45""],[0.47,""65""],[0.48,""72.25""],[0.49,""90""],[0.5,""39.41""],[0.51,""10""],[0.52,""383.11""]]","[[0.01,""6813""],[0.02,""1756""],[0.03,""312.67""],[0.04,""52""],[0.05,""100.01""],[0.06,""49.34""],[0.07,""59.29""],[0.08,""32.51""],[0.09,""51.12""],[0.1,""35.01""],[0.11,""381.1""],[0.12,""33.34""],[0.13,""47.7""],[0.14,""27.15""],[0.15,""51.77""],[0.16,""26.25""],[0.17,""50.89""],[0.18,""25.56""],[0.19,""33.59""],[0.2,""25.01""],[0.21,""60""],[0.22,""30""],[0.23,""45""],[0.24,""30""],[0.25,""56""],[0.26,""25""],[0.27,""45""],[0.28,""225""],[0.29,""45""],[0.3,""417.85""],[0.31,""50""],[0.32,""370""],[0.33,""45""],[0.34,""25""],[0.35,""50""],[0.36,""137""],[0.37,""50""],[0.38,""145""],[0.39,""55""],[0.4,""45""],[0.41,""50""],[0.42,""50""],[0.43,""100""],[0.44,""190""],[0.45,""150""],[0.46,""122.8""],[0.47,""132.41""]]"
2026-05-17T02:27:10.470Z,btc-updown-15m-1778984100,"Bitcoin Up or Down - May 16, 10:15PM-10:30PM ET",btc-updown-15m-1778984100,2026-05-17T02:30:00Z,,0.52,0.53,0.47,0.48,0.525,0.75,10527.888074999995,,393.76,128.86,"[[0.01,""6934.98""],[0.02,""1768""],[0.03,""299.67""],[0.04,""52""],[0.05,""95""],[0.06,""49.34""],[0.07,""69.29""],[0.08,""57.5""],[0.09,""51.12""],[0.1,""35""],[0.11,""59.1""],[0.12,""28.34""],[0.13,""47.7""],[0.14,""27.15""],[0.15,""51.77""],[0.16,""36.25""],[0.17,""51.32""],[0.18,""31.56""],[0.19,""45.27""],[0.2,""30""],[0.21,""260""],[0.22,""25""],[0.23,""445""],[0.24,""25""],[0.25,""545""],[0.26,""25""],[0.27,""45""],[0.28,""25""],[0.29,""75""],[0.3,""55""],[0.31,""85""],[0.32,""155""],[0.33,""80""],[0.34,""125""],[0.35,""170""],[0.36,""165""],[0.37,""140.17""],[0.38,""25""],[0.39,""85""],[0.4,""125""],[0.41,""145""],[0.42,""50""],[0.43,""116""],[0.44,""30""],[0.45,""65""],[0.46,""45""],[0.47,""65""],[0.48,""72.25""],[0.49,""90""],[0.5,""39.41""],[0.51,""25""],[0.52,""393.76""]]","[[0.01,""6813""],[0.02,""1756""],[0.03,""312.67""],[0.04,""52""],[0.05,""100.01""],[0.06,""49.34""],[0.07,""59.29""],[0.08,""32.51""],[0.09,""51.12""],[0.1,""35.01""],[0.11,""381.1""],[0.12,""33.34""],[0.13,""47.7""],[0.14,""27.15""],[0.15,""51.77""],[0.16,""26.25""],[0.17,""50.89""],[0.18,""25.56""],[0.19,""33.59""],[0.2,""25.01""],[0.21,""60""],[0.22,""30""],[0.23,""45""],[0.24,""30""],[0.25,""56""],[0.26,""25""],[0.27,""45""],[0.28,""225""],[0.29,""45""],[0.3,""417.85""],[0.31,""50""],[0.32,""370""],[0.33,""45""],[0.34,""25""],[0.35,""50""],[0.36,""137""],[0.37,""55""],[0.38,""130""],[0.39,""55""],[0.4,""45""],[0.41,""50""],[0.42,""146""],[0.43,""100""],[0.44,""190""],[0.45,""155""],[0.46,""122.8""],[0.47,""128.86""]]"
2026-05-17T02:27:13.358Z,btc-updown-15m-1778984100,"Bitcoin Up or Down - May 16, 10:15PM-10:30PM ET",btc-updown-15m-1778984100,2026-05-17T02:30:00Z,,0.52,0.53,0.47,0.48,0.525,0.75,10527.888074999995,,393.58,130.76,"[[0.01,""6934.98""],[0.02,""1768""],[0.03,""299.67""],[0.04,""52""],[0.05,""95""],[0.06,""49.34""],[0.07,""69.29""],[0.08,""57.5""],[0.09,""51.12""],[0.1,""35""],[0.11,""59.1""],[0.12,""28.34""],[0.13,""47.7""],[0.14,""27.15""],[0.15,""51.77""],[0.16,""36.25""],[0.17,""51.32""],[0.18,""31.56""],[0.19,""45.27""],[0.2,""30""],[0.21,""255""],[0.22,""25""],[0.23,""445""],[0.24,""25""],[0.25,""545""],[0.26,""25""],[0.27,""45""],[0.28,""25""],[0.29,""75""],[0.3,""55""],[0.31,""85""],[0.32,""155""],[0.33,""80""],[0.34,""125""],[0.35,""170""],[0.36,""170.15""],[0.37,""135.02""],[0.38,""25""],[0.39,""85""],[0.4,""125""],[0.41,""145""],[0.42,""45""],[0.43,""116""],[0.44,""30""],[0.45,""65""],[0.46,""45""],[0.47,""65""],[0.48,""59""],[0.49,""88.25""],[0.5,""54.41""],[0.51,""25""],[0.52,""393.58""]]","[[0.01,""6813""],[0.02,""1756""],[0.03,""312.67""],[0.04,""52""],[0.05,""100.01""],[0.06,""49.34""],[0.07,""59.29""],[0.08,""32.51""],[0.09,""51.12""],[0.1,""35.01""],[0.11,""381.1""],[0.12,""33.34""],[0.13,""47.7""],[0.14,""27.15""],[0.15,""51.77""],[0.16,""26.25""],[0.17,""50.89""],[0.18,""25.56""],[0.19,""33.59""],[0.2,""25.01""],[0.21,""60""],[0.22,""30""],[0.23,""45""],[0.24,""30""],[0.25,""56""],[0.26,""25""],[0.27,""45""],[0.28,""225""],[0.29,""45""],[0.3,""417.85""],[0.31,""50""],[0.32,""370""],[0.33,""45""],[0.34,""25""],[0.35,""50""],[0.36,""137""],[0.37,""55""],[0.38,""145""],[0.39,""55""],[0.4,""45""],[0.41,""290""],[0.42,""146""],[0.43,""100""],[0.44,""190""],[0.45,""160""],[0.46,""148.65""],[0.47,""130.76""]]"
2026-05-17T02:27:15.743Z,btc-updown-15m-1778984100,"Bitcoin Up or Down - May 16, 10:15PM-10:30PM ET",btc-updown-15m-1778984100,2026-05-17T02:30:00Z,,0.52,0.53,0.47,0.48,0.525,0.75,10527.888074999995,,311.9,128.12,"[[0.01,""6924.98""],[0.02,""1768""],[0.03,""299.67""],[0.04,""52""],[0.05,""95""],[0.06,""49.34""],[0.07,""69.29""],[0.08,""57.5""],[0.09,""51.12""],[0.1,""35""],[0.11,""59.1""],[0.12,""28.34""],[0.13,""47.7""],[0.14,""27.15""],[0.15,""51.77""],[0.16,""36.25""],[0.17,""51.32""],[0.18,""31.56""],[0.19,""45.27""],[0.2,""30""],[0.21,""255""],[0.22,""25""],[0.23,""445""],[0.24,""25""],[0.25,""445""],[0.26,""125""],[0.27,""45""],[0.28,""25""],[0.29,""70""],[0.3,""50""],[0.31,""80""],[0.32,""150""],[0.33,""70""],[0.34,""125""],[0.35,""170""],[0.36,""170.15""],[0.37,""135.02""],[0.38,""25""],[0.39,""85""],[0.4,""125""],[0.41,""145""],[0.42,""30""],[0.43,""116""],[0.44,""30""],[0.45,""65""],[0.46,""45""],[0.47,""78.25""],[0.48,""64""],[0.49,""75""],[0.5,""49.41""],[0.51,""45""],[0.52,""311.9""]]","[[0.01,""6808""],[0.02,""1756""],[0.03,""312.67""],[0.04,""52""],[0.05,""100.01""],[0.06,""49.34""],[0.07,""59.29""],[0.08,""32.51""],[0.09,""51.12""],[0.1,""35.01""],[0.11,""381.1""],[0.12,""33.34""],[0.13,""47.7""],[0.14,""27.15""],[0.15,""51.77""],[0.16,""26.25""],[0.17,""50.89""],[0.18,""25.56""],[0.19,""33.59""],[0.2,""25.01""],[0.21,""60""],[0.22,""30""],[0.23,""45""],[0.24,""30""],[0.25,""56""],[0.26,""25""],[0.27,""45""],[0.28,""225""],[0.29,""45""],[0.3,""417.85""],[0.31,""45""],[0.32,""370""],[0.33,""50""],[0.34,""25""],[0.35,""50""],[0.36,""37""],[0.37,""55""],[0.38,""130""],[0.39,""55""],[0.4,""145""],[0.41,""50""],[0.42,""290""],[0.43,""221""],[0.44,""215""],[0.45,""169.3""],[0.46,""133.65""],[0.47,""128.12""]]"
2026-05-17T02:27:17.463Z,btc-updown-15m-1778984100,"Bitcoin Up or Down - May 16, 10:15PM-10:30PM ET",btc-updown-15m-1778984100,2026-05-17T02:30:00Z,,0.52,0.53,0.47,0.48,0.525,0.75,10527.888074999995,,311.04,70.69,"[[0.01,""6939.98""],[0.02,""1768""],[0.03,""299.67""],[0.04,""52""],[0.05,""95""],[0.06,""49.34""],[0.07,""69.29""],[0.08,""57.5""],[0.09,""51.12""],[0.1,""35""],[0.11,""59.1""],[0.12,""28.34""],[0.13,""47.7""],[0.14,""27.15""],[0.15,""51.77""],[0.16,""36.25""],[0.17,""51.32""],[0.18,""31.56""],[0.19,""45.27""],[0.2,""30""],[0.21,""255""],[0.22,""25""],[0.23,""445""],[0.24,""25""],[0.25,""545""],[0.26,""25""],[0.27,""45""],[0.28,""25""],[0.29,""45""],[0.3,""25""],[0.31,""55""],[0.32,""25""],[0.33,""45""],[0.34,""25""],[0.35,""70""],[0.36,""65""],[0.37,""140.17""],[0.38,""25""],[0.39,""85""],[0.4,""125""],[0.41,""145""],[0.42,""30""],[0.43,""136""],[0.44,""30""],[0.45,""65""],[0.46,""45""],[0.47,""78.25""],[0.48,""59""],[0.49,""80""],[0.5,""49.41""],[0.51,""40""],[0.52,""311.04""]]","[[0.01,""6813""],[0.02,""1756""],[0.03,""312.67""],[0.04,""52""],[0.05,""100.01""],[0.06,""49.34""],[0.07,""59.29""],[0.08,""32.51""],[0.09,""51.12""],[0.1,""35.01""],[0.11,""381.1""],[0.12,""33.34""],[0.13,""47.7""],[0.14,""27.15""],[0.15,""51.77""],[0.16,""26.25""],[0.17,""50.89""],[0.18,""25.56""],[0.19,""33.59""],[0.2,""25.01""],[0.21,""60""],[0.22,""30""],[0.23,""45""],[0.24,""30""],[0.25,""56""],[0.26,""25""],[0.27,""45""],[0.28,""225""],[0.29,""85""],[0.3,""417.85""],[0.31,""45""],[0.32,""330""],[0.33,""50""],[0.34,""25""],[0.35,""57""],[0.36,""30""],[0.37,""155""],[0.38,""30""],[0.39,""55""],[0.4,""145""],[0.41,""50""],[0.42,""290""],[0.43,""196""],[0.44,""190""],[0.45,""166.2""],[0.46,""133.65""],[0.47,""70.69""]]"
2026-05-17T02:27:19.439Z,btc-updown-15m-1778984100,"Bitcoin Up or Down - May 16, 10:15PM-10:30PM ET",btc-updown-15m-1778984100,2026-05-17T02:30:00Z,,0.52,0.53,0.47,0.48,0.525,0.75,10527.888074999995,,301.78,47.1,"[[0.01,""6934.98""],[0.02,""1768""],[0.03,""299.67""],[0.04,""52""],[0.05,""95""],[0.06,""49.34""],[0.07,""69.29""],[0.08,""57.5""],[0.09,""51.12""],[0.1,""35""],[0.11,""59.1""],[0.12,""28.34""],[0.13,""47.7""],[0.14,""27.15""],[0.15,""51.77""],[0.16,""36.25""],[0.17,""51.32""],[0.18,""31.56""],[0.19,""45.27""],[0.2,""30""],[0.21,""255""],[0.22,""25""],[0.23,""445""],[0.24,""25""],[0.25,""545""],[0.26,""25""],[0.27,""45""],[0.28,""25""],[0.29,""50""],[0.3,""30""],[0.31,""60""],[0.32,""35""],[0.33,""50""],[0.34,""25""],[0.35,""70""],[0.36,""145""],[0.37,""60.17""],[0.38,""65""],[0.39,""45""],[0.4,""125""],[0.41,""145""],[0.42,""30""],[0.43,""136""],[0.44,""30""],[0.45,""65""],[0.46,""45""],[0.47,""78.25""],[0.48,""59""],[0.49,""80""],[0.5,""49.41""],[0.51,""45""],[0.52,""301.78""]]","[[0.01,""6813""],[0.02,""1756""],[0.03,""312.67""],[0.04,""52""],[0.05,""100.01""],[0.06,""49.34""],[0.07,""59.29""],[0.08,""32.51""],[0.09,""51.12""],[0.1,""35.01""],[0.11,""381.1""],[0.12,""33.34""],[0.13,""47.7""],[0.14,""27.15""],[0.15,""51.77""],[0.16,""26.25""],[0.17,""50.89""],[0.18,""25.56""],[0.19,""33.59""],[0.2,""25.01""],[0.21,""60""],[0.22,""30""],[0.23,""45""],[0.24,""30""],[0.25,""56""],[0.26,""25""],[0.27,""45""],[0.28,""225""],[0.29,""85""],[0.3,""417.85""],[0.31,""45""],[0.32,""335""],[0.33,""45""],[0.34,""25""],[0.35,""57""],[0.36,""30""],[0.37,""150""],[0.38,""30""],[0.39,""55""],[0.4,""145""],[0.41,""50""],[0.42,""290""],[0.43,""196""],[0.44,""150""],[0.45,""206.2""],[0.46,""198.28""],[0.47,""47.1""]]"
2026-05-17T02:27:21.458Z,btc-updown-15m-1778984100,"Bitcoin Up or Down - May 16, 10:15PM-10:30PM ET",btc-updown-15m-1778984100,2026-05-17T02:30:00Z,,0.59,0.62,0.38,0.41,0.605,0.75,10527.888074999995,,17.0,25.0,"[[0.01,""7429.98""],[0.02,""2318""],[0.03,""299.67""],[0.04,""52""],[0.05,""95""],[0.06,""49.34""],[0.07,""69.29""],[0.08,""57.5""],[0.09,""51.12""],[0.1,""35""],[0.11,""59.1""],[0.12,""28.34""],[0.13,""47.7""],[0.14,""27.15""],[0.15,""51.77""],[0.16,""36.25""],[0.17,""51.32""],[0.18,""25.56""],[0.19,""45.27""],[0.2,""25""],[0.21,""55""],[0.22,""25""],[0.23,""45""],[0.24,""25""],[0.25,""65""],[0.26,""25""],[0.27,""45""],[0.28,""25""],[0.29,""45""],[0.3,""41.66""],[0.31,""50""],[0.32,""25""],[0.33,""45""],[0.34,""25""],[0.35,""45""],[0.36,""35""],[0.37,""55.02""],[0.38,""35""],[0.39,""45""],[0.4,""25""],[0.41,""45""],[0.42,""25""],[0.43,""60""],[0.44,""70""],[0.45,""55""],[0.46,""40""],[0.47,""60""],[0.48,""94""],[0.49,""70""],[0.5,""89.41""],[0.51,""60""],[0.52,""62.36""],[0.53,""98.46""],[0.54,""29.82""],[0.55,""74.27""],[0.56,""23""],[0.57,""94.96""],[0.58,""15.96""],[0.59,""17""]]","[[0.01,""6813""],[0.02,""1756""],[0.03,""312.67""],[0.04,""52""],[0.05,""100.01""],[0.06,""49.34""],[0.07,""59.29""],[0.08,""32.51""],[0.09,""51.12""],[0.1,""35.01""],[0.11,""381.1""],[0.12,""33.34""],[0.13,""47.7""],[0.14,""27.15""],[0.15,""56.77""],[0.16,""26.25""],[0.17,""65.89""],[0.18,""25.56""],[0.19,""33.59""],[0.2,""31.01""],[0.21,""40""],[0.22,""25""],[0.23,""45""],[0.24,""25""],[0.25,""50""],[0.26,""25""],[0.27,""50""],[0.28,""30""],[0.29,""145""],[0.3,""17.85""],[0.31,""20""],[0.33,""20""],[0.34,""45""],[0.35,""25""],[0.36,""5""],[0.37,""62.61""],[0.38,""25""]]"
2026-05-17T02:27:23.464Z,btc-updown-15m-1778984100,"Bitcoin Up or Down - May 16, 10:15PM-10:30PM ET",btc-updown-15m-1778984100,2026-05-17T02:30:00Z,,0.65,0.66,0.34,0.35,0.655,0.75,10527.888074999995,,33.0,98.43,"[[0.01,""7419.98""],[0.02,""2318""],[0.03,""299.67""],[0.04,""52""],[0.05,""95""],[0.06,""49.34""],[0.07,""69.29""],[0.08,""57.5""],[0.09,""51.12""],[0.1,""35""],[0.11,""64.1""],[0.12,""33.34""],[0.13,""47.7""],[0.14,""27.15""],[0.15,""51.77""],[0.16,""36.25""],[0.17,""51.32""],[0.18,""25.56""],[0.19,""45.27""],[0.2,""50""],[0.21,""55""],[0.22,""25""],[0.23,""45""],[0.24,""25""],[0.25,""65""],[0.26,""25""],[0.27,""50""],[0.28,""25""],[0.29,""45""],[0.3,""41.66""],[0.31,""45""],[0.32,""25""],[0.33,""45""],[0.34,""25""],[0.35,""59.28""],[0.36,""135""],[0.37,""60.02""],[0.38,""25""],[0.39,""50""],[0.4,""55""],[0.41,""50""],[0.42,""30""],[0.43,""60""],[0.44,""130""],[0.45,""150""],[0.46,""45""],[0.47,""100""],[0.48,""54""],[0.49,""80""],[0.5,""69.41""],[0.51,""60""],[0.52,""45""],[0.53,""124.06""],[0.54,""42.82""],[0.55,""55.15""],[0.56,""25""],[0.57,""45""],[0.58,""25""],[0.59,""97.2""],[0.6,""25""],[0.61,""166""],[0.62,""17.87""],[0.63,""20""],[0.64,""5""],[0.65,""33""]]","[[0.01,""6813""],[0.02,""1751""],[0.03,""312.67""],[0.04,""52""],[0.05,""100.01""],[0.06,""49.34""],[0.07,""64.29""],[0.08,""32.51""],[0.09,""51.12""],[0.1,""35.01""],[0.11,""381.1""],[0.12,""33.34""],[0.13,""102.7""],[0.14,""27.15""],[0.15,""66.77""],[0.16,""26.25""],[0.17,""45.89""],[0.18,""25.56""],[0.19,""33.59""],[0.2,""25.01""],[0.21,""40""],[0.22,""25""],[0.23,""50""],[0.24,""25""],[0.25,""60""],[0.26,""25""],[0.27,""45""],[0.28,""25""],[0.29,""245""],[0.3,""29.5""],[0.31,""65""],[0.32,""70""],[0.33,""26.04""],[0.34,""98.43""]]"
2026-05-17T02:27:25.451Z,btc-updown-15m-1778984100,"Bitcoin Up or Down - May 16, 10:15PM-10:30PM ET",btc-updown-15m-1778984100,2026-05-17T02:30:00Z,,0.65,0.66,0.34,0.35,0.655,0.75,10527.888074999995,,355.53,198.85,"[[0.01,""7424.98""],[0.02,""2318""],[0.03,""299.67""],[0.04,""52""],[0.05,""95""],[0.06,""49.34""],[0.07,""69.29""],[0.08,""57.5""],[0.09,""51.12""],[0.1,""35""],[0.11,""59.1""],[0.12,""33.34""],[0.13,""47.7""],[0.14,""27.15""],[0.15,""56.77""],[0.16,""36.25""],[0.17,""51.32""],[0.18,""25.56""],[0.19,""45.27""],[0.2,""50""],[0.21,""55""],[0.22,""25""],[0.23,""45""],[0.24,""31""],[0.25,""65""],[0.26,""25""],[0.27,""45""],[0.28,""25""],[0.29,""45""],[0.3,""41.66""],[0.31,""345""],[0.32,""25""],[0.33,""50""],[0.34,""25""],[0.35,""59.28""],[0.36,""135""],[0.37,""80.02""],[0.38,""150""],[0.39,""75""],[0.4,""55""],[0.41,""75""],[0.42,""160""],[0.43,""70""],[0.44,""55""],[0.45,""50""],[0.46,""130""],[0.47,""85""],[0.48,""65""],[0.49,""90""],[0.5,""79.41""],[0.51,""45""],[0.52,""40""],[0.53,""124.06""],[0.54,""125""],[0.55,""150""],[0.56,""25""],[0.57,""65.15""],[0.58,""25""],[0.59,""85.2""],[0.6,""50""],[0.61,""82""],[0.62,""51""],[0.63,""51""],[0.64,""25""],[0.65,""355.53""]]","[[0.01,""6808""],[0.02,""1741""],[0.03,""312.67""],[0.04,""52""],[0.05,""100.01""],[0.06,""49.34""],[0.07,""64.29""],[0.08,""32.51""],[0.09,""51.12""],[0.1,""35.01""],[0.11,""381.1""],[0.12,""38.34""],[0.13,""102.7""],[0.14,""27.15""],[0.15,""66.77""],[0.16,""26.25""],[0.17,""45.89""],[0.18,""36.56""],[0.19,""33.59""],[0.2,""25.01""],[0.21,""40""],[0.22,""25""],[0.23,""45""],[0.24,""25""],[0.25,""365""],[0.26,""25""],[0.27,""45""],[0.28,""25""],[0.29,""145""],[0.3,""213.85""],[0.31,""170""],[0.32,""220""],[0.33,""71.05""],[0.34,""198.85""]]"
2026-05-17T02:27:27.453Z,btc-updown-15m-1778984100,"Bitcoin Up or Down - May 16, 10:15PM-10:30PM ET",btc-updown-15m-1778984100,2026-05-17T02:30:00Z,,0.65,0.66,0.34,0.35,0.655,0.75,10527.888074999995,,325.71,320.4,"[[0.01,""7424.98""],[0.02,""1768""],[0.03,""299.67""],[0.04,""52""],[0.05,""95""],[0.06,""49.34""],[0.07,""69.29""],[0.08,""57.5""],[0.09,""51.12""],[0.1,""35""],[0.11,""59.1""],[0.12,""33.34""],[0.13,""47.7""],[0.14,""27.15""],[0.15,""56.77""],[0.16,""36.25""],[0.17,""51.32""],[0.18,""25.56""],[0.19,""45.27""],[0.2,""50""],[0.21,""55""],[0.22,""25""],[0.23,""45""],[0.24,""31""],[0.25,""65""],[0.26,""25""],[0.27,""245""],[0.28,""25""],[0.29,""45""],[0.3,""41.66""],[0.31,""345""],[0.32,""25""],[0.33,""50""],[0.34,""25""],[0.35,""59.28""],[0.36,""135""],[0.37,""80.02""],[0.38,""150""],[0.39,""70""],[0.4,""60""],[0.41,""75""],[0.42,""160""],[0.43,""70""],[0.44,""55""],[0.45,""50""],[0.46,""130""],[0.47,""85""],[0.48,""65""],[0.49,""90""],[0.5,""79.41""],[0.51,""45""],[0.52,""25""],[0.53,""114.06""],[0.54,""130""],[0.55,""150""],[0.56,""30.15""],[0.57,""60""],[0.58,""25""],[0.59,""75.2""],[0.6,""60""],[0.61,""82""],[0.62,""36""],[0.63,""66""],[0.64,""25""],[0.65,""325.71""]]","[[0.01,""6808""],[0.02,""1741""],[0.03,""312.67""],[0.04,""52""],[0.05,""100.01""],[0.06,""49.34""],[0.07,""64.29""],[0.08,""32.51""],[0.09,""51.12""],[0.1,""35.01""],[0.11,""381.1""],[0.12,""38.34""],[0.13,""102.7""],[0.14,""27.15""],[0.15,""66.77""],[0.16,""26.25""],[0.17,""45.89""],[0.18,""36.56""],[0.19,""33.59""],[0.2,""25.01""],[0.21,""240""],[0.22,""25""],[0.23,""45""],[0.24,""25""],[0.25,""365""],[0.26,""25""],[0.27,""45""],[0.28,""25""],[0.29,""145""],[0.3,""213.85""],[0.31,""170""],[0.32,""190""],[0.33,""75""],[0.34,""320.4""]]"
2026-05-17T02:27:30.388Z,btc-updown-15m-1778984100,"Bitcoin Up or Down - May 16, 10:15PM-10:30PM ET",btc-updown-15m-1778984100,2026-05-17T02:30:00Z,,0.66,0.67,0.33,0.34,0.665,0.75,10527.888074999995,,12.0,160.13,"[[0.01,""7429.98""],[0.02,""1768""],[0.03,""299.67""],[0.04,""52""],[0.05,""95""],[0.06,""49.34""],[0.07,""69.29""],[0.08,""57.5""],[0.09,""51.12""],[0.1,""35""],[0.11,""59.1""],[0.12,""33.34""],[0.13,""47.7""],[0.14,""27.15""],[0.15,""56.77""],[0.16,""31.25""],[0.17,""51.32""],[0.18,""25.56""],[0.19,""45.27""],[0.2,""50""],[0.21,""55""],[0.22,""25""],[0.23,""45""],[0.24,""31""],[0.25,""65""],[0.26,""25""],[0.27,""245""],[0.28,""25""],[0.29,""45""],[0.3,""441.66""],[0.31,""345""],[0.32,""25""],[0.33,""50""],[0.34,""25""],[0.35,""59.28""],[0.36,""135""],[0.37,""80.02""],[0.38,""150""],[0.39,""75""],[0.4,""55""],[0.41,""75""],[0.42,""160""],[0.43,""70""],[0.44,""55""],[0.45,""50""],[0.46,""130""],[0.47,""85""],[0.48,""65""],[0.49,""70""],[0.5,""99.41""],[0.51,""45""],[0.52,""25""],[0.53,""114.06""],[0.54,""130""],[0.55,""155.15""],[0.56,""25""],[0.57,""60""],[0.58,""25""],[0.59,""75.2""],[0.6,""35""],[0.61,""107""],[0.62,""36""],[0.63,""56""],[0.64,""35""],[0.65,""318.71""],[0.66,""12""]]","[[0.01,""6808""],[0.02,""1741""],[0.03,""312.67""],[0.04,""52""],[0.05,""100.01""],[0.06,""49.34""],[0.07,""64.29""],[0.08,""32.51""],[0.09,""51.12""],[0.1,""35.01""],[0.11,""381.1""],[0.12,""38.34""],[0.13,""102.7""],[0.14,""27.15""],[0.15,""66.77""],[0.16,""26.25""],[0.17,""45.89""],[0.18,""36.56""],[0.19,""33.59""],[0.2,""25.01""],[0.21,""240""],[0.22,""25""],[0.23,""445""],[0.24,""25""],[0.25,""369""],[0.26,""25""],[0.27,""45""],[0.28,""25""],[0.29,""245""],[0.3,""138.85""],[0.31,""210""],[0.32,""136.24""],[0.33,""160.13""]]"
2026-05-17T02:27:33.505Z,btc-updown-15m-1778984100,"Bitcoin Up or Down - May 16, 10:15PM-10:30PM ET",btc-updown-15m-1778984100,2026-05-17T02:30:00Z,,0.66,0.67,0.33,0.34,0.665,0.75,10527.888074999995,,384.67,191.08,"[[0.01,""7184.98""],[0.02,""1768""],[0.03,""299.67""],[0.04,""52""],[0.05,""95""],[0.06,""49.34""],[0.07,""69.29""],[0.08,""57.5""],[0.09,""51.12""],[0.1,""35""],[0.11,""59.1""],[0.12,""33.34""],[0.13,""47.7""],[0.14,""27.15""],[0.15,""51.77""],[0.16,""36.25""],[0.17,""51.32""],[0.18,""25.56""],[0.19,""45.27""],[0.2,""50""],[0.21,""55""],[0.22,""25""],[0.23,""45""],[0.24,""31""],[0.25,""65""],[0.26,""25""],[0.27,""245""],[0.28,""25""],[0.29,""45""],[0.3,""441.66""],[0.31,""345""],[0.32,""25""],[0.33,""50""],[0.34,""25""],[0.35,""59.28""],[0.36,""135""],[0.37,""80.02""],[0.38,""150""],[0.39,""75""],[0.4,""55""],[0.41,""75""],[0.42,""160""],[0.43,""70""],[0.44,""55""],[0.45,""50""],[0.46,""130""],[0.47,""45""],[0.48,""65""],[0.49,""45""],[0.5,""114.41""],[0.51,""70""],[0.52,""50""],[0.53,""91.31""],[0.54,""52.75""],[0.55,""45""],[0.56,""30""],[0.57,""170.15""],[0.58,""125""],[0.59,""75.2""],[0.6,""35""],[0.61,""82""],[0.62,""61""],[0.63,""71""],[0.64,""30""],[0.65,""77.39""],[0.66,""384.67""]]","[[0.01,""6578""],[0.02,""1741""],[0.03,""312.67""],[0.04,""52""],[0.05,""100.01""],[0.06,""49.34""],[0.07,""59.29""],[0.08,""32.51""],[0.09,""51.12""],[0.1,""35.01""],[0.11,""381.1""],[0.12,""48.34""],[0.13,""92.7""],[0.14,""27.15""],[0.15,""66.77""],[0.16,""26.25""],[0.17,""45.89""],[0.18,""36.56""],[0.19,""33.59""],[0.2,""25.01""],[0.21,""240""],[0.22,""25""],[0.23,""445""],[0.24,""25""],[0.25,""369""],[0.26,""25""],[0.27,""45""],[0.28,""50""],[0.29,""370""],[0.3,""164.5""],[0.31,""45""],[0.32,""65""],[0.33,""191.08""]]"
2026-05-17T02:27:34.487Z,btc-updown-15m-1778984100,"Bitcoin Up or Down - May 16, 10:15PM-10:30PM ET",btc-updown-15m-1778984100,2026-05-17T02:30:00Z,,0.66,0.67,0.33,0.34,0.665,0.75,10527.888074999995,,377.44,176.35,"[[0.01,""7184.98""],[0.02,""1768""],[0.03,""299.67""],[0.04,""52""],[0.05,""95""],[0.06,""49.34""],[0.07,""69.29""],[0.08,""57.5""],[0.09,""51.12""],[0.1,""35""],[0.11,""59.1""],[0.12,""33.34""],[0.13,""47.7""],[0.14,""27.15""],[0.15,""51.77""],[0.16,""36.25""],[0.17,""51.32""],[0.18,""25.56""],[0.19,""45.27""],[0.2,""50""],[0.21,""55""],[0.22,""25""],[0.23,""45""],[0.24,""31""],[0.25,""65""],[0.26,""25""],[0.27,""245""],[0.28,""25""],[0.29,""45""],[0.3,""441.66""],[0.31,""345""],[0.32,""25""],[0.33,""50""],[0.34,""25""],[0.35,""59.28""],[0.36,""135""],[0.37,""80.02""],[0.38,""150""],[0.39,""75""],[0.4,""55""],[0.41,""75""],[0.42,""160""],[0.43,""70""],[0.44,""55""],[0.45,""50""],[0.46,""130""],[0.47,""45""],[0.48,""65""],[0.49,""45""],[0.5,""114.41""],[0.51,""70""],[0.52,""50""],[0.53,""51.31""],[0.54,""92.75""],[0.55,""50""],[0.56,""35""],[0.57,""175.15""],[0.58,""130""],[0.59,""80.2""],[0.6,""40""],[0.61,""87""],[0.62,""66""],[0.63,""76""],[0.64,""30""],[0.65,""77.39""],[0.66,""377.44""]]","[[0.01,""6578""],[0.02,""1741""],[0.03,""312.67""],[0.04,""52""],[0.05,""100.01""],[0.06,""49.34""],[0.07,""59.29""],[0.08,""32.51""],[0.09,""51.12""],[0.1,""35.01""],[0.11,""381.1""],[0.12,""53.34""],[0.13,""87.7""],[0.14,""27.15""],[0.15,""66.77""],[0.16,""26.25""],[0.17,""45.89""],[0.18,""36.56""],[0.19,""33.59""],[0.2,""25.01""],[0.21,""240""],[0.22,""25""],[0.23,""445""],[0.24,""35""],[0.25,""365""],[0.26,""30""],[0.27,""50""],[0.28,""162.12""],[0.29,""275""],[0.3,""162.85""],[0.31,""56.43""],[0.32,""70""],[0.33,""176.35""]]"
2026-05-17T02:27:36.525Z,btc-updown-15m-1778984100,"Bitcoin Up or Down - May 16, 10:15PM-10:30PM ET",btc-updown-15m-1778984100,2026-05-17T02:30:00Z,,0.66,0.67,0.33,0.34,0.665,0.75,10527.888074999995,,365.44,173.78,"[[0.01,""7184.98""],[0.02,""1768""],[0.03,""299.67""],[0.04,""52""],[0.05,""95""],[0.06,""49.34""],[0.07,""69.29""],[0.08,""57.5""],[0.09,""51.12""],[0.1,""35""],[0.11,""59.1""],[0.12,""33.34""],[0.13,""47.7""],[0.14,""27.15""],[0.15,""51.77""],[0.16,""36.25""],[0.17,""51.32""],[0.18,""25.56""],[0.19,""45.27""],[0.2,""50""],[0.21,""61""],[0.22,""25""],[0.23,""45""],[0.24,""25""],[0.25,""65""],[0.26,""25""],[0.27,""45""],[0.28,""25""],[0.29,""45""],[0.3,""41.66""],[0.31,""45""],[0.32,""25""],[0.33,""50""],[0.34,""25""],[0.35,""59.28""],[0.36,""135""],[0.37,""80.02""],[0.38,""150""],[0.39,""70""],[0.4,""60""],[0.41,""75""],[0.42,""160""],[0.43,""70""],[0.44,""55""],[0.45,""50""],[0.46,""130""],[0.47,""45""],[0.48,""65""],[0.49,""45""],[0.5,""114.41""],[0.51,""70""],[0.52,""50""],[0.53,""51.31""],[0.54,""97.75""],[0.55,""50""],[0.56,""35""],[0.57,""175.15""],[0.58,""130""],[0.59,""80.2""],[0.6,""40""],[0.61,""87""],[0.62,""66""],[0.63,""76""],[0.64,""25""],[0.65,""72.39""],[0.66,""365.44""]]","[[0.01,""6578""],[0.02,""1741""],[0.03,""312.67""],[0.04,""52""],[0.05,""100.01""],[0.06,""49.34""],[0.07,""59.29""],[0.08,""32.51""],[0.09,""51.12""],[0.1,""35.01""],[0.11,""381.1""],[0.12,""53.34""],[0.13,""87.7""],[0.14,""27.15""],[0.15,""66.77""],[0.16,""26.25""],[0.17,""51.89""],[0.18,""30.56""],[0.19,""33.59""],[0.2,""25.01""],[0.21,""40""],[0.22,""25""],[0.23,""45""],[0.24,""35""],[0.25,""65""],[0.26,""30""],[0.27,""50""],[0.28,""262.12""],[0.29,""371""],[0.3,""62.85""],[0.31,""50""],[0.32,""75""],[0.33,""173.78""]]"
2026-05-17T02:27:38.518Z,btc-updown-15m-1778984100,"Bitcoin Up or Down - May 16, 10:15PM-10:30PM ET",btc-updown-15m-1778984100,2026-05-17T02:30:00Z,,0.66,0.67,0.33,0.34,0.665,0.75,10527.888074999995,,130.49,53.92,"[[0.01,""7184.98""],[0.02,""1768""],[0.03,""299.67""],[0.04,""52""],[0.05,""95""],[0.06,""49.34""],[0.07,""69.29""],[0.08,""57.5""],[0.09,""51.12""],[0.1,""35""],[0.11,""59.1""],[0.12,""33.34""],[0.13,""47.7""],[0.14,""27.15""],[0.15,""51.77""],[0.16,""36.25""],[0.17,""51.32""],[0.18,""25.56""],[0.19,""45.27""],[0.2,""50""],[0.21,""61""],[0.22,""25""],[0.23,""45""],[0.24,""25""],[0.25,""65""],[0.26,""25""],[0.27,""445""],[0.28,""25""],[0.29,""45""],[0.3,""41.66""],[0.31,""45""],[0.32,""25""],[0.33,""50""],[0.34,""25""],[0.35,""59.28""],[0.36,""135""],[0.37,""55.02""],[0.38,""125""],[0.39,""50""],[0.4,""30""],[0.41,""50""],[0.42,""35""],[0.43,""45""],[0.44,""30""],[0.45,""50""],[0.46,""30""],[0.47,""45""],[0.48,""65""],[0.49,""45""],[0.5,""114.41""],[0.51,""70""],[0.52,""50""],[0.53,""51.31""],[0.54,""97.75""],[0.55,""50""],[0.56,""40.15""],[0.57,""170""],[0.58,""130""],[0.59,""75""],[0.6,""45.2""],[0.61,""87""],[0.62,""91""],[0.63,""76""],[0.64,""25""],[0.65,""77.39""],[0.66,""130.49""]]","[[0.01,""6578""],[0.02,""1741""],[0.03,""312.67""],[0.04,""52""],[0.05,""100.01""],[0.06,""49.34""],[0.07,""59.29""],[0.08,""32.51""],[0.09,""51.12""],[0.1,""35.01""],[0.11,""381.1""],[0.12,""53.34""],[0.13,""87.7""],[0.14,""27.15""],[0.15,""66.77""],[0.16,""26.25""],[0.17,""51.89""],[0.18,""30.56""],[0.19,""33.59""],[0.2,""25.01""],[0.21,""240""],[0.22,""25""],[0.23,""445""],[0.24,""35""],[0.25,""65""],[0.26,""30""],[0.27,""50""],[0.28,""255""],[0.29,""275""],[0.3,""69.51""],[0.31,""146""],[0.32,""51.24""],[0.33,""53.92""]]"
2026-05-17T02:27:40.552Z,btc-updown-15m-1778984100,"Bitcoin Up or Down - May 16, 10:15PM-10:30PM ET",btc-updown-15m-1778984100,2026-05-17T02:30:00Z,,0.66,0.67,0.33,0.34,0.665,0.75,10527.888074999995,,41.54,85.5,"[[0.01,""7184.98""],[0.02,""1768""],[0.03,""299.67""],[0.04,""52""],[0.05,""95""],[0.06,""49.34""],[0.07,""69.29""],[0.08,""57.5""],[0.09,""51.12""],[0.1,""35""],[0.11,""59.1""],[0.12,""33.34""],[0.13,""47.7""],[0.14,""27.15""],[0.15,""51.77""],[0.16,""36.25""],[0.17,""51.32""],[0.18,""25.56""],[0.19,""45.27""],[0.2,""50""],[0.21,""61""],[0.22,""25""],[0.23,""45""],[0.24,""25""],[0.25,""265""],[0.26,""25""],[0.27,""45""],[0.28,""25""],[0.29,""45""],[0.3,""341.66""],[0.31,""45""],[0.32,""25""],[0.33,""50""],[0.34,""25""],[0.35,""59.28""],[0.36,""135""],[0.37,""55.02""],[0.38,""125""],[0.39,""50""],[0.4,""30""],[0.41,""50""],[0.42,""35""],[0.43,""45""],[0.44,""30""],[0.45,""50""],[0.46,""30""],[0.47,""45""],[0.48,""65""],[0.49,""85""],[0.5,""74.41""],[0.51,""70""],[0.52,""50""],[0.53,""51.31""],[0.54,""97.75""],[0.55,""50""],[0.56,""35""],[0.57,""175.15""],[0.58,""130""],[0.59,""75""],[0.6,""35.2""],[0.61,""97""],[0.62,""91""],[0.63,""76""],[0.64,""121""],[0.65,""72.39""],[0.66,""41.54""]]","[[0.01,""6578""],[0.02,""1741""],[0.03,""312.67""],[0.04,""52""],[0.05,""100.01""],[0.06,""49.34""],[0.07,""59.29""],[0.08,""32.51""],[0.09,""51.12""],[0.1,""35.01""],[0.11,""381.1""],[0.12,""53.34""],[0.13,""87.7""],[0.14,""27.15""],[0.15,""66.77""],[0.16,""26.25""],[0.17,""51.89""],[0.18,""30.56""],[0.19,""33.59""],[0.2,""25.01""],[0.21,""240""],[0.22,""25""],[0.23,""45""],[0.24,""40""],[0.25,""365""],[0.26,""30""],[0.27,""75""],[0.28,""255""],[0.29,""250""],[0.3,""69.51""],[0.31,""70""],[0.32,""56.24""],[0.33,""85.5""]]"
2026-05-17T02:27:42.533Z,btc-updown-15m-1778984100,"Bitcoin Up or Down - May 16, 10:15PM-10:30PM ET",btc-updown-15m-1778984100,2026-05-17T02:30:00Z,,0.65,0.66,0.34,0.35,0.655,0.75,10527.888074999995,,203.1,62.91,"[[0.01,""7184.98""],[0.02,""1768""],[0.03,""299.67""],[0.04,""52""],[0.05,""95""],[0.06,""49.34""],[0.07,""69.29""],[0.08,""57.5""],[0.09,""51.12""],[0.1,""35""],[0.11,""59.1""],[0.12,""33.34""],[0.13,""47.7""],[0.14,""27.15""],[0.15,""56.77""],[0.16,""31.25""],[0.17,""51.32""],[0.18,""25.56""],[0.19,""45.27""],[0.2,""50""],[0.21,""61""],[0.22,""25""],[0.23,""45""],[0.24,""25""],[0.25,""265""],[0.26,""25""],[0.27,""445""],[0.28,""25""],[0.29,""45""],[0.3,""341.66""],[0.31,""45""],[0.32,""25""],[0.33,""50""],[0.34,""25""],[0.35,""59.28""],[0.36,""135""],[0.37,""55.02""],[0.38,""125""],[0.39,""45""],[0.4,""35""],[0.41,""50""],[0.42,""35""],[0.43,""45""],[0.44,""30""],[0.45,""50""],[0.46,""30""],[0.47,""45""],[0.48,""65""],[0.49,""85""],[0.5,""54.41""],[0.51,""70""],[0.52,""50""],[0.53,""51.31""],[0.54,""95""],[0.55,""50""],[0.56,""30""],[0.57,""70""],[0.58,""135.15""],[0.59,""175""],[0.6,""35.2""],[0.61,""97""],[0.62,""91""],[0.63,""76""],[0.64,""32.8""],[0.65,""203.1""]]","[[0.01,""6578""],[0.02,""1741""],[0.03,""312.67""],[0.04,""52""],[0.05,""100.01""],[0.06,""49.34""],[0.07,""59.29""],[0.08,""32.51""],[0.09,""51.12""],[0.1,""35.01""],[0.11,""381.1""],[0.12,""53.34""],[0.13,""87.7""],[0.14,""27.15""],[0.15,""66.77""],[0.16,""26.25""],[0.17,""51.89""],[0.18,""30.56""],[0.19,""33.59""],[0.2,""25.01""],[0.21,""240""],[0.22,""25""],[0.23,""445""],[0.24,""35""],[0.25,""365""],[0.26,""30""],[0.27,""75""],[0.28,""255""],[0.29,""250""],[0.3,""69.51""],[0.31,""70""],[0.32,""76.24""],[0.33,""15""],[0.34,""62.91""]]"
2026-05-17T02:27:44.593Z,btc-updown-15m-1778984100,"Bitcoin Up or Down - May 16, 10:15PM-10:30PM ET",btc-updown-15m-1778984100,2026-05-17T02:30:00Z,,0.65,0.66,0.34,0.35,0.655,0.75,10527.888074999995,,174.67,79.56,"[[0.01,""7184.98""],[0.02,""1768""],[0.03,""299.67""],[0.04,""52""],[0.05,""95""],[0.06,""49.34""],[0.07,""69.29""],[0.08,""57.5""],[0.09,""51.12""],[0.1,""35""],[0.11,""59.1""],[0.12,""33.34""],[0.13,""47.7""],[0.14,""27.15""],[0.15,""56.77""],[0.16,""31.25""],[0.17,""51.32""],[0.18,""25.56""],[0.19,""45.27""],[0.2,""50""],[0.21,""61""],[0.22,""25""],[0.23,""45""],[0.24,""25""],[0.25,""265""],[0.26,""25""],[0.27,""445""],[0.28,""25""],[0.29,""45""],[0.3,""341.66""],[0.31,""45""],[0.32,""25""],[0.33,""50""],[0.34,""25""],[0.35,""59.28""],[0.36,""135""],[0.37,""55.02""],[0.38,""125""],[0.39,""45""],[0.4,""35""],[0.41,""50""],[0.42,""35""],[0.43,""45""],[0.44,""25""],[0.45,""50""],[0.46,""30""],[0.47,""90""],[0.48,""25""],[0.49,""125""],[0.5,""14.41""],[0.51,""70""],[0.52,""50""],[0.53,""51.31""],[0.54,""117.75""],[0.55,""50""],[0.56,""35""],[0.57,""75.15""],[0.58,""130""],[0.59,""175""],[0.6,""35.2""],[0.61,""97""],[0.62,""41""],[0.63,""126""],[0.64,""37.8""],[0.65,""174.67""]]","[[0.01,""6573""],[0.02,""1741""],[0.03,""312.67""],[0.04,""52""],[0.05,""100.01""],[0.06,""49.34""],[0.07,""59.29""],[0.08,""32.51""],[0.09,""51.12""],[0.1,""35.01""],[0.11,""381.1""],[0.12,""53.34""],[0.13,""87.7""],[0.14,""27.15""],[0.15,""66.77""],[0.16,""26.25""],[0.17,""51.89""],[0.18,""30.56""],[0.19,""33.59""],[0.2,""25.01""],[0.21,""240""],[0.22,""25""],[0.23,""454""],[0.24,""25""],[0.25,""365""],[0.26,""30""],[0.27,""175""],[0.28,""255""],[0.29,""150""],[0.3,""69.51""],[0.31,""70""],[0.32,""161""],[0.33,""21.05""],[0.34,""79.56""]]"
2026-05-17T02:27:46.554Z,btc-updown-15m-1778984100,"Bitcoin Up or Down - May 16, 10:15PM-10:30PM ET",btc-updown-15m-1778984100,2026-05-17T02:30:00Z,,0.65,0.66,0.34,0.35,0.655,0.75,10527.888074999995,,152.32,79.56,"[[0.01,""7184.98""],[0.02,""1768""],[0.03,""299.67""],[0.04,""52""],[0.05,""95""],[0.06,""49.34""],[0.07,""69.29""],[0.08,""57.5""],[0.09,""51.12""],[0.1,""35""],[0.11,""59.1""],[0.12,""33.34""],[0.13,""47.7""],[0.14,""27.15""],[0.15,""56.77""],[0.16,""31.25""],[0.17,""51.32""],[0.18,""25.56""],[0.19,""45.27""],[0.2,""50""],[0.21,""61""],[0.22,""25""],[0.23,""45""],[0.24,""25""],[0.25,""265""],[0.26,""25""],[0.27,""445""],[0.28,""25""],[0.29,""45""],[0.3,""341.66""],[0.31,""45""],[0.32,""25""],[0.33,""50""],[0.34,""25""],[0.35,""59.28""],[0.36,""135""],[0.37,""55.02""],[0.38,""125""],[0.39,""45""],[0.4,""35""],[0.41,""50""],[0.42,""35""],[0.43,""45""],[0.44,""25""],[0.45,""50""],[0.46,""30""],[0.47,""90""],[0.48,""25""],[0.49,""125""],[0.5,""14.41""],[0.51,""70""],[0.52,""50""],[0.53,""51.31""],[0.54,""112.75""],[0.55,""50""],[0.56,""35""],[0.57,""70""],[0.58,""135.15""],[0.59,""175""],[0.6,""35.2""],[0.61,""97""],[0.62,""41""],[0.63,""126""],[0.64,""37.8""],[0.65,""152.32""]]","[[0.01,""6573""],[0.02,""1741""],[0.03,""312.67""],[0.04,""52""],[0.05,""100.01""],[0.06,""49.34""],[0.07,""59.29""],[0.08,""32.51""],[0.09,""51.12""],[0.1,""35.01""],[0.11,""381.1""],[0.12,""53.34""],[0.13,""87.7""],[0.14,""27.15""],[0.15,""66.77""],[0.16,""26.25""],[0.17,""51.89""],[0.18,""30.56""],[0.19,""33.59""],[0.2,""25.01""],[0.21,""240""],[0.22,""25""],[0.23,""454""],[0.24,""30""],[0.25,""360""],[0.26,""55""],[0.27,""175""],[0.28,""230""],[0.29,""150""],[0.3,""62.85""],[0.31,""70""],[0.32,""166""],[0.33,""35""],[0.34,""79.56""]]"
2026-05-17T02:27:49.367Z,btc-updown-15m-1778984100,"Bitcoin Up or Down - May 16, 10:15PM-10:30PM ET",btc-updown-15m-1778984100,2026-05-17T02:30:00Z,,0.65,0.66,0.34,0.35,0.655,0.75,10527.888074999995,,157.32,65.04,"[[0.01,""7184.98""],[0.02,""1768""],[0.03,""299.67""],[0.04,""52""],[0.05,""95""],[0.06,""49.34""],[0.07,""69.29""],[0.08,""57.5""],[0.09,""51.12""],[0.1,""35""],[0.11,""59.1""],[0.12,""33.34""],[0.13,""47.7""],[0.14,""27.15""],[0.15,""56.77""],[0.16,""31.25""],[0.17,""51.32""],[0.18,""25.56""],[0.19,""45.27""],[0.2,""50""],[0.21,""61""],[0.22,""25""],[0.23,""45""],[0.24,""25""],[0.25,""265""],[0.26,""25""],[0.27,""445""],[0.28,""25""],[0.29,""45""],[0.3,""341.66""],[0.31,""45""],[0.32,""25""],[0.33,""50""],[0.34,""25""],[0.35,""59.28""],[0.36,""135""],[0.37,""55.02""],[0.38,""125""],[0.39,""45""],[0.4,""35""],[0.41,""50""],[0.42,""35""],[0.43,""45""],[0.44,""25""],[0.45,""50""],[0.46,""30""],[0.47,""90""],[0.48,""65""],[0.49,""85""],[0.5,""14.41""],[0.51,""45""],[0.52,""50""],[0.53,""76.31""],[0.54,""117.75""],[0.55,""50""],[0.56,""35""],[0.57,""70""],[0.58,""130""],[0.59,""180.15""],[0.6,""35.2""],[0.61,""97""],[0.62,""41""],[0.63,""76""],[0.64,""87.8""],[0.65,""157.32""]]","[[0.01,""6573""],[0.02,""1741""],[0.03,""312.67""],[0.04,""52""],[0.05,""100.01""],[0.06,""49.34""],[0.07,""59.29""],[0.08,""32.51""],[0.09,""51.12""],[0.1,""35.01""],[0.11,""381.1""],[0.12,""53.34""],[0.13,""87.7""],[0.14,""27.15""],[0.15,""66.77""],[0.16,""26.25""],[0.17,""51.89""],[0.18,""30.56""],[0.19,""33.59""],[0.2,""25.01""],[0.21,""240""],[0.22,""38""],[0.23,""445""],[0.24,""30""],[0.25,""360""],[0.26,""55""],[0.27,""175""],[0.28,""330""],[0.29,""50""],[0.3,""62.85""],[0.31,""70""],[0.32,""172.24""],[0.33,""35""],[0.34,""65.04""]]"
2026-05-17T02:27:52.581Z,btc-updown-15m-1778984100,"Bitcoin Up or Down - May 16, 10:15PM-10:30PM ET",btc-updown-15m-1778984100,2026-05-17T02:30:00Z,,0.65,0.66,0.34,0.35,0.655,0.75,10527.888074999995,,184.97,47.51,"[[0.01,""6684.98""],[0.02,""1768""],[0.03,""299.67""],[0.04,""52""],[0.05,""95""],[0.06,""49.34""],[0.07,""69.29""],[0.08,""57.5""],[0.09,""51.12""],[0.1,""35""],[0.11,""59.1""],[0.12,""33.34""],[0.13,""47.7""],[0.14,""27.15""],[0.15,""56.77""],[0.16,""31.25""],[0.17,""51.32""],[0.18,""25.56""],[0.19,""45.27""],[0.2,""56""],[0.21,""55""],[0.22,""25""],[0.23,""45""],[0.24,""25""],[0.25,""65""],[0.26,""25""],[0.27,""445""],[0.28,""25""],[0.29,""345""],[0.3,""41.66""],[0.31,""45""],[0.32,""25""],[0.33,""50""],[0.34,""25""],[0.35,""59.28""],[0.36,""135""],[0.37,""55.02""],[0.38,""125""],[0.39,""45""],[0.4,""35""],[0.41,""50""],[0.42,""35""],[0.43,""45""],[0.44,""25""],[0.45,""50""],[0.46,""30""],[0.47,""90""],[0.48,""65""],[0.49,""85""],[0.5,""14.41""],[0.51,""45""],[0.52,""50""],[0.53,""76.31""],[0.54,""112.75""],[0.55,""50""],[0.56,""35""],[0.57,""70""],[0.58,""130""],[0.59,""175""],[0.6,""35.2""],[0.61,""102.15""],[0.62,""41""],[0.63,""76""],[0.64,""92.8""],[0.65,""184.97""]]","[[0.01,""6578""],[0.02,""1741""],[0.03,""312.67""],[0.04,""52""],[0.05,""100.01""],[0.06,""49.34""],[0.07,""59.29""],[0.08,""32.51""],[0.09,""51.12""],[0.1,""40.01""],[0.11,""381.1""],[0.12,""43.34""],[0.13,""87.7""],[0.14,""27.15""],[0.15,""61.77""],[0.16,""32.25""],[0.17,""45.89""],[0.18,""30.56""],[0.19,""33.59""],[0.2,""25.01""],[0.21,""40""],[0.22,""38""],[0.23,""445""],[0.24,""330""],[0.25,""85""],[0.26,""155""],[0.27,""150""],[0.28,""230""],[0.29,""56.89""],[0.3,""62.85""],[0.31,""76.44""],[0.32,""172.24""],[0.33,""30""],[0.34,""47.51""]]"
2026-05-17T02:27:53.990Z,btc-updown-15m-1778984100,"Bitcoin Up or Down - May 16, 10:15PM-10:30PM ET",btc-updown-15m-1778984100,2026-05-17T02:30:00Z,,0.65,0.66,0.34,0.35,0.655,0.75,10527.888074999995,,170.66,42.43,"[[0.01,""6684.98""],[0.02,""1768""],[0.03,""299.67""],[0.04,""52""],[0.05,""95""],[0.06,""49.34""],[0.07,""69.29""],[0.08,""57.5""],[0.09,""51.12""],[0.1,""35""],[0.11,""59.1""],[0.12,""33.34""],[0.13,""47.7""],[0.14,""27.15""],[0.15,""56.77""],[0.16,""31.25""],[0.17,""51.32""],[0.18,""25.56""],[0.19,""45.27""],[0.2,""56""],[0.21,""55""],[0.22,""25""],[0.23,""45""],[0.24,""225""],[0.25,""65""],[0.26,""25""],[0.27,""445""],[0.28,""25""],[0.29,""345""],[0.3,""41.66""],[0.31,""45""],[0.32,""25""],[0.33,""50""],[0.34,""25""],[0.35,""59.28""],[0.36,""135""],[0.37,""55.02""],[0.38,""125""],[0.39,""45""],[0.4,""35""],[0.41,""50""],[0.42,""35""],[0.43,""45""],[0.44,""25""],[0.45,""50""],[0.46,""30""],[0.47,""90""],[0.48,""65""],[0.49,""85""],[0.5,""14.41""],[0.51,""45""],[0.52,""50""],[0.53,""76.31""],[0.54,""112.75""],[0.55,""50""],[0.56,""35""],[0.57,""70""],[0.58,""30""],[0.59,""175""],[0.6,""130""],[0.61,""87""],[0.62,""56.15""],[0.63,""76""],[0.64,""107.8""],[0.65,""170.66""]]","[[0.01,""6573""],[0.02,""1741""],[0.03,""312.67""],[0.04,""52""],[0.05,""100.01""],[0.06,""49.34""],[0.07,""59.29""],[0.08,""32.51""],[0.09,""51.12""],[0.1,""55.01""],[0.11,""381.1""],[0.12,""38.34""],[0.13,""87.7""],[0.14,""27.15""],[0.15,""61.77""],[0.16,""32.25""],[0.17,""45.89""],[0.18,""30.56""],[0.19,""33.59""],[0.2,""25.01""],[0.21,""240""],[0.22,""38""],[0.23,""445""],[0.24,""330""],[0.25,""85""],[0.26,""155""],[0.27,""150""],[0.28,""230""],[0.29,""50""],[0.3,""62.85""],[0.31,""76.44""],[0.32,""166""],[0.33,""30""],[0.34,""42.43""]]"
2026-05-17T02:27:56.027Z,btc-updown-15m-1778984100,"Bitcoin Up or Down - May 16, 10:15PM-10:30PM ET",btc-updown-15m-1778984100,2026-05-17T02:30:00Z,,0.65,0.66,0.34,0.35,0.655,0.75,10527.888074999995,,182.66,2.13,"[[0.01,""6679.98""],[0.02,""1768""],[0.03,""299.67""],[0.04,""52""],[0.05,""95""],[0.06,""49.34""],[0.07,""69.29""],[0.08,""57.5""],[0.09,""51.12""],[0.1,""35""],[0.11,""59.1""],[0.12,""33.34""],[0.13,""47.7""],[0.14,""27.15""],[0.15,""56.77""],[0.16,""31.25""],[0.17,""51.32""],[0.18,""25.56""],[0.19,""45.27""],[0.2,""56""],[0.21,""55""],[0.22,""25""],[0.23,""45""],[0.24,""225""],[0.25,""65""],[0.26,""25""],[0.27,""445""],[0.28,""25""],[0.29,""345""],[0.3,""41.66""],[0.31,""45""],[0.32,""25""],[0.33,""50""],[0.34,""25""],[0.35,""59.28""],[0.36,""135""],[0.37,""55.02""],[0.38,""125""],[0.39,""45""],[0.4,""35""],[0.41,""50""],[0.42,""35""],[0.43,""45""],[0.44,""25""],[0.45,""50""],[0.46,""30""],[0.47,""90""],[0.48,""65""],[0.49,""85""],[0.5,""14.41""],[0.51,""45""],[0.52,""50""],[0.53,""76.31""],[0.54,""112.75""],[0.55,""50""],[0.56,""35""],[0.57,""70""],[0.58,""30""],[0.59,""175""],[0.6,""130""],[0.61,""92.15""],[0.62,""51""],[0.63,""76""],[0.64,""107.8""],[0.65,""182.66""]]","[[0.01,""6573""],[0.02,""1741""],[0.03,""312.67""],[0.04,""52""],[0.05,""100.01""],[0.06,""49.34""],[0.07,""59.29""],[0.08,""32.51""],[0.09,""51.12""],[0.1,""55.01""],[0.11,""381.1""],[0.12,""38.34""],[0.13,""87.7""],[0.14,""27.15""],[0.15,""61.77""],[0.16,""32.25""],[0.17,""45.89""],[0.18,""30.56""],[0.19,""33.59""],[0.2,""25.01""],[0.21,""252""],[0.22,""25""],[0.23,""445""],[0.24,""335""],[0.25,""85""],[0.26,""155""],[0.27,""150""],[0.28,""130""],[0.29,""50""],[0.3,""62.85""],[0.31,""76.44""],[0.32,""166""],[0.33,""35""],[0.34,""2.13""]]"
2026-05-17T02:27:58.096Z,btc-updown-15m-1778984100,"Bitcoin Up or Down - May 16, 10:15PM-10:30PM ET",btc-updown-15m-1778984100,2026-05-17T02:30:00Z,,0.7,0.74,0.26,0.3,0.72,0.75,10527.888074999995,,12.0,8.87,"[[0.01,""7174.98""],[0.02,""1818""],[0.03,""299.67""],[0.04,""52""],[0.05,""95""],[0.06,""49.34""],[0.07,""69.29""],[0.08,""57.5""],[0.09,""51.12""],[0.1,""35""],[0.11,""59.1""],[0.12,""33.34""],[0.13,""47.7""],[0.14,""27.15""],[0.15,""56.77""],[0.16,""31.25""],[0.17,""51.32""],[0.18,""25.56""],[0.19,""45.27""],[0.2,""50""],[0.21,""55""],[0.22,""25""],[0.23,""45""],[0.24,""25""],[0.25,""65""],[0.26,""25""],[0.27,""45""],[0.28,""25""],[0.29,""45""],[0.3,""41.66""],[0.31,""45""],[0.32,""25""],[0.33,""50""],[0.34,""25""],[0.35,""59.28""],[0.36,""35""],[0.37,""55.02""],[0.38,""25""],[0.39,""45""],[0.4,""25""],[0.41,""45""],[0.42,""30""],[0.43,""45""],[0.44,""25""],[0.45,""45""],[0.46,""25""],[0.47,""45""],[0.48,""25""],[0.49,""45""],[0.5,""14.41""],[0.51,""125""],[0.52,""25""],[0.53,""51.31""],[0.54,""30""],[0.55,""45""],[0.56,""25""],[0.57,""65""],[0.58,""25""],[0.59,""70""],[0.6,""30""],[0.61,""92.15""],[0.62,""41""],[0.63,""81""],[0.64,""87.8""],[0.65,""246.08""],[0.66,""62.68""],[0.67,""20""],[0.69,""35.96""],[0.7,""12""]]","[[0.01,""6568""],[0.02,""1741""],[0.03,""312.67""],[0.04,""52""],[0.05,""100.01""],[0.06,""49.34""],[0.07,""59.29""],[0.08,""32.51""],[0.09,""51.12""],[0.1,""40.01""],[0.11,""394.1""],[0.12,""38.34""],[0.13,""47.7""],[0.14,""27.15""],[0.15,""61.77""],[0.16,""26.25""],[0.17,""45.89""],[0.18,""30.56""],[0.19,""25.27""],[0.25,""5""],[0.26,""8.87""]]"
2026-05-17T02:28:00.884Z,btc-updown-15m-1778984100,"Bitcoin Up or Down - May 16, 10:15PM-10:30PM ET",btc-updown-15m-1778984100,2026-05-17T02:30:00Z,,0.77,0.78,0.22,0.23,0.775,0.75,10527.888074999995,,443.16,9.0,"[[0.01,""7184.98""],[0.02,""889""],[0.03,""299.67""],[0.04,""52""],[0.05,""95""],[0.06,""49.34""],[0.07,""69.29""],[0.08,""57.5""],[0.09,""51.12""],[0.1,""35""],[0.11,""59.1""],[0.12,""28.34""],[0.13,""47.7""],[0.14,""27.15""],[0.15,""51.77""],[0.16,""31.25""],[0.17,""51.32""],[0.18,""25.56""],[0.19,""45.27""],[0.2,""50""],[0.21,""55""],[0.22,""25""],[0.23,""45""],[0.24,""30""],[0.25,""65""],[0.26,""25""],[0.27,""56""],[0.28,""25""],[0.29,""45""],[0.3,""41.66""],[0.31,""45""],[0.32,""25""],[0.33,""45""],[0.34,""25""],[0.35,""59.28""],[0.36,""40""],[0.37,""355.02""],[0.38,""25""],[0.39,""45""],[0.4,""25""],[0.41,""45""],[0.42,""25""],[0.43,""45""],[0.44,""25""],[0.45,""145""],[0.46,""25""],[0.47,""50""],[0.48,""25""],[0.49,""45""],[0.5,""109.41""],[0.51,""45""],[0.52,""25""],[0.53,""56.31""],[0.54,""30""],[0.55,""50""],[0.56,""25""],[0.57,""70""],[0.58,""90""],[0.59,""45""],[0.6,""65""],[0.61,""40""],[0.62,""30""],[0.63,""85""],[0.64,""25""],[0.65,""117""],[0.66,""82.75""],[0.67,""45""],[0.68,""70""],[0.69,""107""],[0.7,""37""],[0.71,""162""],[0.72,""130""],[0.73,""50""],[0.74,""90""],[0.75,""50.15""],[0.76,""50""],[0.77,""443.16""]]","[[0.01,""6568""],[0.02,""852""],[0.03,""312.67""],[0.04,""52""],[0.05,""110.01""],[0.06,""64.34""],[0.07,""64.29""],[0.08,""32.51""],[0.09,""51.12""],[0.1,""46.01""],[0.11,""391.1""],[0.12,""39.34""],[0.13,""63.4""],[0.14,""65.15""],[0.15,""207.77""],[0.16,""126.25""],[0.17,""51.89""],[0.18,""242.61""],[0.19,""481.27""],[0.2,""34.95""],[0.21,""177.24""],[0.22,""9""]]"
2026-05-17T02:28:03.757Z,btc-updown-15m-1778984100,"Bitcoin Up or Down - May 16, 10:15PM-10:30PM ET",btc-updown-15m-1778984100,2026-05-17T02:30:00Z,,0.78,0.81,0.19,0.22,0.795,0.75,10527.888074999995,,247.62,10.43,"[[0.01,""7184.98""],[0.02,""1339""],[0.03,""299.67""],[0.04,""52""],[0.05,""95""],[0.06,""49.34""],[0.07,""69.29""],[0.08,""57.5""],[0.09,""51.12""],[0.1,""35""],[0.11,""54.1""],[0.12,""28.34""],[0.13,""47.7""],[0.14,""27.15""],[0.15,""51.77""],[0.16,""31.25""],[0.17,""51.32""],[0.18,""25.56""],[0.19,""45.27""],[0.2,""50""],[0.21,""55""],[0.22,""25""],[0.23,""45""],[0.24,""30""],[0.25,""65""],[0.26,""25""],[0.27,""56""],[0.28,""25""],[0.29,""45""],[0.3,""41.66""],[0.31,""45""],[0.32,""25""],[0.33,""45""],[0.34,""25""],[0.35,""59.28""],[0.36,""35""],[0.37,""55.02""],[0.38,""25""],[0.39,""45""],[0.4,""25""],[0.41,""45""],[0.42,""25""],[0.43,""45""],[0.44,""25""],[0.45,""45""],[0.46,""25""],[0.47,""50""],[0.48,""25""],[0.49,""45""],[0.5,""109.41""],[0.51,""45""],[0.52,""25""],[0.53,""51.31""],[0.54,""35""],[0.55,""50""],[0.56,""25""],[0.57,""70""],[0.58,""50""],[0.59,""45""],[0.6,""25""],[0.61,""40""],[0.62,""30""],[0.63,""45""],[0.64,""25""],[0.65,""90""],[0.66,""67.75""],[0.67,""45""],[0.68,""40""],[0.69,""70""],[0.7,""37""],[0.71,""62""],[0.72,""30""],[0.73,""50""],[0.74,""40""],[0.75,""50.15""],[0.76,""41""],[0.77,""96.8""],[0.78,""247.62""]]","[[0.01,""6568""],[0.02,""852""],[0.03,""312.67""],[0.04,""57""],[0.05,""105.01""],[0.06,""59.34""],[0.07,""64.29""],[0.08,""32.51""],[0.09,""51.12""],[0.1,""35.01""],[0.11,""376.1""],[0.12,""39.34""],[0.13,""55.4""],[0.14,""57.15""],[0.15,""55.77""],[0.16,""106.25""],[0.17,""25.89""],[0.19,""10.43""]]"
2026-05-17T02:28:05.700Z,btc-updown-15m-1778984100,"Bitcoin Up or Down - May 16, 10:15PM-10:30PM ET",btc-updown-15m-1778984100,2026-05-17T02:30:00Z,,0.81,0.82,0.18,0.19,0.815,0.75,10527.888074999995,,119.0,380.31,"[[0.01,""7184.98""],[0.02,""512""],[0.03,""299.67""],[0.04,""52""],[0.05,""95""],[0.06,""49.34""],[0.07,""69.29""],[0.08,""57.5""],[0.09,""51.12""],[0.1,""35""],[0.11,""54.1""],[0.12,""28.34""],[0.13,""47.7""],[0.14,""27.15""],[0.15,""51.77""],[0.16,""31.25""],[0.17,""51.32""],[0.18,""25.56""],[0.19,""45.27""],[0.2,""50""],[0.21,""55""],[0.22,""25""],[0.23,""45""],[0.24,""25""],[0.25,""65""],[0.26,""25""],[0.27,""51""],[0.28,""25""],[0.29,""45""],[0.3,""41.66""],[0.31,""45""],[0.32,""225""],[0.33,""45""],[0.34,""25""],[0.35,""59.28""],[0.36,""35""],[0.37,""355.02""],[0.38,""25""],[0.39,""45""],[0.4,""25""],[0.41,""45""],[0.42,""25""],[0.43,""45""],[0.44,""25""],[0.45,""45""],[0.46,""125""],[0.47,""50""],[0.48,""25""],[0.49,""45""],[0.5,""109.41""],[0.51,""45""],[0.52,""25""],[0.53,""51.31""],[0.54,""35""],[0.55,""50""],[0.56,""25""],[0.57,""70""],[0.58,""50""],[0.59,""45""],[0.6,""25""],[0.61,""40""],[0.62,""25""],[0.63,""45""],[0.64,""65""],[0.65,""45""],[0.66,""107.75""],[0.67,""45""],[0.68,""30""],[0.69,""85""],[0.7,""25""],[0.71,""50""],[0.72,""30""],[0.73,""150""],[0.74,""40""],[0.75,""45""],[0.76,""95""],[0.77,""67.8""],[0.78,""82.24""],[0.79,""95.8""],[0.8,""41""],[0.81,""119""]]","[[0.01,""6563""],[0.02,""530""],[0.03,""312.67""],[0.04,""77""],[0.05,""120.01""],[0.06,""49.34""],[0.07,""59.29""],[0.08,""32.51""],[0.09,""51.12""],[0.1,""46.01""],[0.11,""381.1""],[0.12,""39.34""],[0.13,""116.64""],[0.14,""7.15""],[0.15,""336.77""],[0.16,""18.63""],[0.18,""380.31""]]"
2026-05-17T02:28:06.841Z,btc-updown-15m-1778984100,"Bitcoin Up or Down - May 16, 10:15PM-10:30PM ET",btc-updown-15m-1778984100,2026-05-17T02:30:00Z,,0.81,0.82,0.18,0.19,0.815,0.75,10527.888074999995,,124.55,422.06,"[[0.01,""6684.98""],[0.02,""512""],[0.03,""299.67""],[0.04,""52""],[0.05,""95""],[0.06,""49.34""],[0.07,""69.29""],[0.08,""57.5""],[0.09,""51.12""],[0.1,""35""],[0.11,""54.1""],[0.12,""28.34""],[0.13,""47.7""],[0.14,""27.15""],[0.15,""51.77""],[0.16,""31.25""],[0.17,""51.32""],[0.18,""25.56""],[0.19,""45.27""],[0.2,""50""],[0.21,""55""],[0.22,""25""],[0.23,""45""],[0.24,""25""],[0.25,""65""],[0.26,""31""],[0.27,""45""],[0.28,""25""],[0.29,""45""],[0.3,""41.66""],[0.31,""50""],[0.32,""25""],[0.33,""45""],[0.34,""25""],[0.35,""64.28""],[0.36,""35""],[0.37,""355.02""],[0.38,""25""],[0.39,""45""],[0.4,""25""],[0.41,""45""],[0.42,""25""],[0.43,""45""],[0.44,""25""],[0.45,""45""],[0.46,""125""],[0.47,""50""],[0.48,""25""],[0.49,""45""],[0.5,""9.41""],[0.51,""145""],[0.52,""25""],[0.53,""51.31""],[0.54,""35""],[0.55,""50""],[0.56,""25""],[0.57,""70""],[0.58,""50""],[0.59,""45""],[0.6,""25""],[0.61,""40""],[0.62,""65""],[0.63,""45""],[0.64,""65""],[0.65,""45""],[0.66,""112.75""],[0.67,""45""],[0.68,""30""],[0.69,""85""],[0.7,""25""],[0.71,""50""],[0.72,""35""],[0.73,""175""],[0.74,""165""],[0.75,""45""],[0.76,""30""],[0.77,""62.8""],[0.78,""81.28""],[0.79,""95.8""],[0.8,""36""],[0.81,""124.55""]]","[[0.01,""6563""],[0.02,""530""],[0.03,""312.67""],[0.04,""77""],[0.05,""100.01""],[0.06,""66.34""],[0.07,""59.29""],[0.08,""32.51""],[0.09,""63.12""],[0.1,""35.01""],[0.11,""397.1""],[0.12,""67.34""],[0.13,""93.4""],[0.14,""135.15""],[0.15,""363.77""],[0.16,""38.63""],[0.17,""25.89""],[0.18,""422.06""]]"
2026-05-17T02:28:08.895Z,btc-updown-15m-1778984100,"Bitcoin Up or Down - May 16, 10:15PM-10:30PM ET",btc-updown-15m-1778984100,2026-05-17T02:30:00Z,,0.8,0.81,0.19,0.2,0.805,0.75,10527.888074999995,,90.4,17.0,"[[0.01,""6684.98""],[0.02,""512""],[0.03,""299.67""],[0.04,""52""],[0.05,""95""],[0.06,""49.34""],[0.07,""69.29""],[0.08,""57.5""],[0.09,""51.12""],[0.1,""35""],[0.11,""54.1""],[0.12,""28.34""],[0.13,""47.7""],[0.14,""27.15""],[0.15,""51.77""],[0.16,""31.25""],[0.17,""51.32""],[0.18,""25.56""],[0.19,""45.27""],[0.2,""50""],[0.21,""55""],[0.22,""25""],[0.23,""45""],[0.24,""25""],[0.25,""65""],[0.26,""31""],[0.27,""45""],[0.28,""25""],[0.29,""45""],[0.3,""46.66""],[0.31,""45""],[0.32,""25""],[0.33,""45""],[0.34,""25""],[0.35,""64.28""],[0.36,""35""],[0.37,""355.02""],[0.38,""25""],[0.39,""45""],[0.4,""25""],[0.41,""45""],[0.42,""25""],[0.43,""45""],[0.44,""25""],[0.45,""45""],[0.46,""125""],[0.47,""50""],[0.48,""25""],[0.49,""45""],[0.5,""9.41""],[0.51,""145""],[0.52,""25""],[0.53,""51.31""],[0.54,""35""],[0.55,""50""],[0.56,""25""],[0.57,""70""],[0.58,""50""],[0.59,""45""],[0.6,""25""],[0.61,""40""],[0.62,""25""],[0.63,""85""],[0.64,""25""],[0.65,""85""],[0.66,""90""],[0.67,""45""],[0.68,""25""],[0.69,""85""],[0.7,""25""],[0.71,""50""],[0.72,""35""],[0.73,""75""],[0.74,""165""],[0.75,""145""],[0.76,""30""],[0.77,""112.8""],[0.78,""45.28""],[0.79,""206.8""],[0.8,""90.4""]]","[[0.01,""6563""],[0.02,""530""],[0.03,""312.67""],[0.04,""77""],[0.05,""100.01""],[0.06,""49.34""],[0.07,""59.29""],[0.08,""45.51""],[0.09,""51.12""],[0.1,""45.01""],[0.11,""412.1""],[0.12,""67.34""],[0.13,""176.4""],[0.14,""227.15""],[0.15,""163.77""],[0.16,""45.63""],[0.17,""25.89""],[0.18,""342.18""],[0.19,""17""]]"
2026-05-17T02:28:11.956Z,btc-updown-15m-1778984100,"Bitcoin Up or Down - May 16, 10:15PM-10:30PM ET",btc-updown-15m-1778984100,2026-05-17T02:30:00Z,,0.8,0.81,0.19,0.2,0.805,0.75,10527.888074999995,,177.91,7.0,"[[0.01,""6684.98""],[0.02,""187""],[0.03,""299.67""],[0.04,""52""],[0.05,""95""],[0.06,""49.34""],[0.07,""69.29""],[0.08,""57.5""],[0.09,""51.12""],[0.1,""35""],[0.11,""54.1""],[0.12,""28.34""],[0.13,""47.7""],[0.14,""27.15""],[0.15,""51.77""],[0.16,""31.25""],[0.17,""51.32""],[0.18,""25.56""],[0.19,""45.27""],[0.2,""50""],[0.21,""55""],[0.22,""25""],[0.23,""45""],[0.24,""25""],[0.25,""65""],[0.26,""31""],[0.27,""45""],[0.28,""25""],[0.29,""45""],[0.3,""46.66""],[0.31,""45""],[0.32,""225""],[0.33,""45""],[0.34,""425""],[0.35,""64.28""],[0.36,""35""],[0.37,""355.02""],[0.38,""25""],[0.39,""45""],[0.4,""25""],[0.41,""45""],[0.42,""25""],[0.43,""45""],[0.44,""25""],[0.45,""45""],[0.46,""125""],[0.47,""50""],[0.48,""25""],[0.49,""45""],[0.5,""9.41""],[0.51,""145""],[0.52,""25""],[0.53,""51.31""],[0.54,""30""],[0.55,""55""],[0.56,""25""],[0.57,""70""],[0.58,""50""],[0.59,""45""],[0.6,""25""],[0.61,""40""],[0.62,""25""],[0.63,""85""],[0.64,""25""],[0.65,""85""],[0.66,""112.75""],[0.67,""45""],[0.68,""25""],[0.69,""90""],[0.7,""25""],[0.71,""50""],[0.72,""35""],[0.73,""75""],[0.74,""165""],[0.75,""145""],[0.76,""30""],[0.77,""62.8""],[0.78,""90.28""],[0.79,""119.6""],[0.8,""177.91""]]","[[0.01,""6563""],[0.02,""205""],[0.03,""317.67""],[0.04,""72""],[0.05,""100.01""],[0.06,""49.34""],[0.07,""59.29""],[0.08,""45.51""],[0.09,""51.12""],[0.1,""45.01""],[0.11,""412.1""],[0.12,""67.34""],[0.13,""155.7""],[0.14,""243.15""],[0.15,""363.77""],[0.16,""541.63""],[0.17,""130.95""],[0.18,""339.31""],[0.19,""7""]]"
2026-05-17T02:28:15.364Z,btc-updown-15m-1778984100,"Bitcoin Up or Down - May 16, 10:15PM-10:30PM ET",btc-updown-15m-1778984100,2026-05-17T02:30:00Z,,0.8,0.81,0.19,0.2,0.805,0.75,10527.888074999995,,67.91,5.27,"[[0.01,""6684.98""],[0.02,""187""],[0.03,""299.67""],[0.04,""52""],[0.05,""95""],[0.06,""49.34""],[0.07,""69.29""],[0.08,""57.5""],[0.09,""51.12""],[0.1,""35""],[0.11,""54.1""],[0.12,""28.34""],[0.13,""47.7""],[0.14,""27.15""],[0.15,""51.77""],[0.16,""31.25""],[0.17,""51.32""],[0.18,""25.56""],[0.19,""45.27""],[0.2,""50""],[0.21,""55""],[0.22,""25""],[0.23,""45""],[0.24,""25""],[0.25,""65""],[0.26,""31""],[0.27,""45""],[0.28,""25""],[0.29,""45""],[0.3,""46.66""],[0.31,""45""],[0.32,""225""],[0.33,""45""],[0.34,""425""],[0.35,""64.28""],[0.36,""35""],[0.37,""355.02""],[0.38,""25""],[0.39,""45""],[0.4,""25""],[0.41,""45""],[0.42,""25""],[0.43,""45""],[0.44,""25""],[0.45,""45""],[0.46,""125""],[0.47,""50""],[0.48,""25""],[0.49,""45""],[0.5,""9.41""],[0.51,""45""],[0.52,""125""],[0.53,""51.31""],[0.54,""30""],[0.55,""55""],[0.56,""25""],[0.57,""70""],[0.58,""50""],[0.59,""45""],[0.6,""25""],[0.61,""40""],[0.62,""65""],[0.63,""45""],[0.64,""65""],[0.65,""45""],[0.66,""112.75""],[0.67,""45""],[0.68,""65""],[0.69,""50""],[0.7,""25""],[0.71,""50""],[0.72,""35""],[0.73,""50""],[0.74,""165""],[0.75,""170""],[0.76,""30""],[0.77,""62.8""],[0.78,""90.28""],[0.79,""185.6""],[0.8,""67.91""]]","[[0.01,""6563""],[0.02,""165""],[0.03,""337.67""],[0.04,""52""],[0.05,""100.01""],[0.06,""49.34""],[0.07,""59.29""],[0.08,""32.51""],[0.09,""63.12""],[0.1,""35.01""],[0.11,""422.1""],[0.12,""75.68""],[0.13,""147.7""],[0.14,""351.15""],[0.15,""263.77""],[0.16,""433.25""],[0.17,""133.54""],[0.18,""325.49""],[0.19,""5.27""]]"
2026-05-17T02:28:17.755Z,btc-updown-15m-1778984100,"Bitcoin Up or Down - May 16, 10:15PM-10:30PM ET",btc-updown-15m-1778984100,2026-05-17T02:30:00Z,,0.81,0.82,0.18,0.19,0.815,0.75,10527.888074999995,,47.0,316.65,"[[0.01,""6684.98""],[0.02,""187""],[0.03,""299.67""],[0.04,""52""],[0.05,""95""],[0.06,""49.34""],[0.07,""69.29""],[0.08,""57.5""],[0.09,""51.12""],[0.1,""35""],[0.11,""54.1""],[0.12,""28.34""],[0.13,""47.7""],[0.14,""27.15""],[0.15,""51.77""],[0.16,""31.25""],[0.17,""51.32""],[0.18,""25.56""],[0.19,""45.27""],[0.2,""50""],[0.21,""55""],[0.22,""25""],[0.23,""45""],[0.24,""25""],[0.25,""65""],[0.26,""31""],[0.27,""45""],[0.28,""25""],[0.29,""45""],[0.3,""41.66""],[0.31,""50""],[0.32,""225""],[0.33,""45""],[0.34,""425""],[0.35,""64.28""],[0.36,""35""],[0.37,""355.02""],[0.38,""25""],[0.39,""45""],[0.4,""25""],[0.41,""45""],[0.42,""25""],[0.43,""45""],[0.44,""25""],[0.45,""45""],[0.46,""25""],[0.47,""150""],[0.48,""25""],[0.49,""45""],[0.5,""9.41""],[0.51,""45""],[0.52,""125""],[0.53,""51.31""],[0.54,""30""],[0.55,""55""],[0.56,""25""],[0.57,""70""],[0.58,""50""],[0.59,""45""],[0.6,""25""],[0.61,""40""],[0.62,""25""],[0.63,""85""],[0.64,""25""],[0.65,""85""],[0.66,""30""],[0.67,""107.75""],[0.68,""45""],[0.69,""50""],[0.7,""65""],[0.71,""50""],[0.72,""35""],[0.73,""50""],[0.74,""65""],[0.75,""170""],[0.76,""130""],[0.77,""62.8""],[0.78,""35.2""],[0.79,""115.57""],[0.8,""224.71""],[0.81,""47""]]","[[0.01,""6563""],[0.02,""165""],[0.03,""337.67""],[0.04,""52""],[0.05,""100.01""],[0.06,""49.34""],[0.07,""59.29""],[0.08,""45.51""],[0.09,""51.12""],[0.1,""70.01""],[0.11,""422.1""],[0.12,""141.68""],[0.13,""255.7""],[0.14,""157.15""],[0.15,""263.77""],[0.16,""438.63""],[0.17,""25.89""],[0.18,""316.65""]]"
2026-05-17T02:28:20.889Z,btc-updown-15m-1778984100,"Bitcoin Up or Down - May 16, 10:15PM-10:30PM ET",btc-updown-15m-1778984100,2026-05-17T02:30:00Z,,0.81,0.82,0.18,0.19,0.815,0.75,10527.888074999995,,121.34,182.02,"[[0.01,""6684.98""],[0.02,""187""],[0.03,""299.67""],[0.04,""52""],[0.05,""95""],[0.06,""49.34""],[0.07,""69.29""],[0.08,""57.5""],[0.09,""51.12""],[0.1,""35""],[0.11,""54.1""],[0.12,""28.34""],[0.13,""47.7""],[0.14,""27.15""],[0.15,""51.77""],[0.16,""31.25""],[0.17,""51.32""],[0.18,""25.56""],[0.19,""45.27""],[0.2,""50""],[0.21,""55""],[0.22,""25""],[0.23,""45""],[0.24,""25""],[0.25,""65""],[0.26,""31""],[0.27,""45""],[0.28,""25""],[0.29,""45""],[0.3,""41.66""],[0.31,""50""],[0.32,""225""],[0.33,""45""],[0.34,""425""],[0.35,""64.28""],[0.36,""35""],[0.37,""355.02""],[0.38,""25""],[0.39,""45""],[0.4,""25""],[0.41,""45""],[0.42,""25""],[0.43,""45""],[0.44,""25""],[0.45,""45""],[0.46,""25""],[0.47,""150""],[0.48,""25""],[0.49,""45""],[0.5,""9.41""],[0.51,""45""],[0.52,""125""],[0.53,""51.31""],[0.54,""30""],[0.55,""50""],[0.56,""30""],[0.57,""70""],[0.58,""50""],[0.59,""45""],[0.6,""25""],[0.61,""40""],[0.62,""25""],[0.63,""85""],[0.64,""25""],[0.65,""85""],[0.66,""30""],[0.67,""107.75""],[0.68,""25""],[0.69,""45""],[0.7,""50""],[0.71,""90""],[0.72,""35""],[0.73,""50""],[0.74,""65""],[0.75,""170""],[0.76,""130""],[0.77,""62.8""],[0.78,""35.2""],[0.79,""104.57""],[0.8,""177.35""],[0.81,""121.34""]]","[[0.01,""6558""],[0.02,""165""],[0.03,""337.67""],[0.04,""52""],[0.05,""100.01""],[0.06,""66.34""],[0.07,""59.29""],[0.08,""32.51""],[0.09,""63.12""],[0.1,""60.01""],[0.11,""422.1""],[0.12,""150.68""],[0.13,""265.7""],[0.14,""149.3""],[0.15,""263.77""],[0.16,""426.25""],[0.17,""101.89""],[0.18,""182.02""]]"
2026-05-17T02:28:22.762Z,btc-updown-15m-1778984100,"Bitcoin Up or Down - May 16, 10:15PM-10:30PM ET",btc-updown-15m-1778984100,2026-05-17T02:30:00Z,,0.83,0.84,0.16,0.17,0.835,0.75,10527.888074999995,,32.0,406.25,"[[0.01,""6684.98""],[0.02,""187""],[0.03,""299.67""],[0.04,""52""],[0.05,""95""],[0.06,""49.34""],[0.07,""69.29""],[0.08,""57.5""],[0.09,""51.12""],[0.1,""35""],[0.11,""54.1""],[0.12,""28.34""],[0.13,""47.7""],[0.14,""27.15""],[0.15,""51.77""],[0.16,""31.25""],[0.17,""51.32""],[0.18,""25.56""],[0.19,""45.27""],[0.2,""50""],[0.21,""55""],[0.22,""25""],[0.23,""45""],[0.24,""25""],[0.25,""71""],[0.26,""25""],[0.27,""45""],[0.28,""25""],[0.29,""45""],[0.3,""41.66""],[0.31,""45""],[0.32,""30""],[0.33,""45""],[0.34,""425""],[0.35,""64.28""],[0.36,""35""],[0.37,""55.02""],[0.38,""25""],[0.39,""45""],[0.4,""25""],[0.41,""45""],[0.42,""25""],[0.43,""45""],[0.44,""25""],[0.45,""45""],[0.46,""25""],[0.47,""150""],[0.48,""25""],[0.49,""45""],[0.5,""9.41""],[0.51,""45""],[0.52,""25""],[0.53,""151.31""],[0.54,""30""],[0.55,""45""],[0.56,""30""],[0.57,""70""],[0.58,""50""],[0.59,""45""],[0.6,""30""],[0.61,""40""],[0.62,""25""],[0.63,""85""],[0.64,""25""],[0.65,""85""],[0.66,""30""],[0.67,""107.75""],[0.68,""25""],[0.69,""45""],[0.7,""30""],[0.71,""105""],[0.72,""30""],[0.73,""50""],[0.74,""40""],[0.75,""170""],[0.76,""155""],[0.77,""62.8""],[0.78,""30""],[0.79,""98.77""],[0.8,""70.35""],[0.81,""247.8""],[0.82,""106.25""],[0.83,""32""]]","[[0.01,""6563""],[0.02,""165""],[0.03,""337.67""],[0.04,""52""],[0.05,""100.01""],[0.06,""49.34""],[0.07,""59.29""],[0.08,""32.51""],[0.09,""51.12""],[0.1,""66.01""],[0.11,""401.1""],[0.12,""167.34""],[0.13,""347.7""],[0.14,""27.15""],[0.15,""76.98""],[0.16,""406.25""]]"
2026-05-17T02:28:26.671Z,btc-updown-15m-1778984100,"Bitcoin Up or Down - May 16, 10:15PM-10:30PM ET",btc-updown-15m-1778984100,2026-05-17T02:30:00Z,,0.85,0.86,0.14,0.15,0.855,0.75,10527.888074999995,,35.0,187.85,"[[0.01,""6684.98""],[0.02,""187""],[0.03,""299.67""],[0.04,""52""],[0.05,""95""],[0.06,""49.34""],[0.07,""69.29""],[0.08,""57.5""],[0.09,""51.12""],[0.1,""35""],[0.11,""54.1""],[0.12,""28.34""],[0.13,""47.7""],[0.14,""27.15""],[0.15,""51.77""],[0.16,""31.25""],[0.17,""51.32""],[0.18,""25.56""],[0.19,""45.27""],[0.2,""50""],[0.21,""55""],[0.22,""25""],[0.23,""45""],[0.24,""25""],[0.25,""65""],[0.26,""25""],[0.27,""45""],[0.28,""25""],[0.29,""45""],[0.3,""47.66""],[0.31,""45""],[0.32,""25""],[0.33,""45""],[0.34,""25""],[0.35,""64.28""],[0.36,""235""],[0.37,""55.02""],[0.38,""25""],[0.39,""445""],[0.4,""25""],[0.41,""180.4""],[0.42,""25""],[0.43,""45""],[0.44,""25""],[0.45,""45""],[0.46,""25""],[0.47,""45""],[0.48,""25""],[0.49,""45""],[0.5,""9.41""],[0.51,""45""],[0.52,""25""],[0.53,""156.31""],[0.54,""30""],[0.55,""45""],[0.56,""25""],[0.57,""75""],[0.58,""50""],[0.59,""45""],[0.6,""30""],[0.61,""40""],[0.62,""25""],[0.63,""85""],[0.64,""25""],[0.65,""85""],[0.66,""25""],[0.67,""85""],[0.68,""47.75""],[0.69,""45""],[0.7,""35""],[0.71,""105""],[0.72,""25""],[0.73,""45""],[0.74,""25""],[0.75,""75""],[0.76,""155""],[0.77,""150""],[0.78,""30""],[0.79,""65""],[0.8,""47.8""],[0.81,""146""],[0.82,""104.8""],[0.83,""92.8""],[0.84,""154.06""],[0.85,""35""]]","[[0.01,""6578""],[0.02,""165""],[0.03,""317.67""],[0.04,""52""],[0.05,""120.01""],[0.06,""49.34""],[0.07,""59.29""],[0.08,""56.51""],[0.09,""76.12""],[0.1,""91.01""],[0.11,""503.21""],[0.12,""367.34""],[0.13,""670.94""],[0.14,""187.85""]]"
2026-05-17T02:28:29.168Z,btc-updown-15m-1778984100,"Bitcoin Up or Down - May 16, 10:15PM-10:30PM ET",btc-updown-15m-1778984100,2026-05-17T02:30:00Z,,0.85,0.86,0.14,0.15,0.855,0.75,10527.888074999995,,36.66,295.88,"[[0.01,""6689.98""],[0.02,""187""],[0.03,""299.67""],[0.04,""52""],[0.05,""95""],[0.06,""49.34""],[0.07,""69.29""],[0.08,""57.5""],[0.09,""51.12""],[0.1,""35""],[0.11,""54.1""],[0.12,""28.34""],[0.13,""47.7""],[0.14,""27.15""],[0.15,""51.77""],[0.16,""31.25""],[0.17,""51.32""],[0.18,""25.56""],[0.19,""45.27""],[0.2,""50""],[0.21,""55""],[0.22,""25""],[0.23,""45""],[0.24,""25""],[0.25,""65""],[0.26,""25""],[0.27,""45""],[0.28,""25""],[0.29,""45""],[0.3,""47.66""],[0.31,""45""],[0.32,""25""],[0.33,""45""],[0.34,""25""],[0.35,""69.28""],[0.36,""235""],[0.37,""55.02""],[0.38,""25""],[0.39,""445""],[0.4,""25""],[0.41,""180.4""],[0.42,""25""],[0.43,""45""],[0.44,""25""],[0.45,""45""],[0.46,""25""],[0.47,""45""],[0.48,""125""],[0.49,""45""],[0.5,""9.41""],[0.51,""45""],[0.52,""25""],[0.53,""56.31""],[0.54,""130""],[0.55,""45""],[0.56,""25""],[0.57,""70""],[0.58,""55""],[0.59,""45""],[0.6,""30""],[0.61,""40""],[0.62,""25""],[0.63,""85""],[0.64,""25""],[0.65,""85""],[0.66,""25""],[0.67,""45""],[0.68,""87.75""],[0.69,""45""],[0.7,""30""],[0.71,""50""],[0.72,""85""],[0.73,""45""],[0.74,""25""],[0.75,""75""],[0.76,""155""],[0.77,""150""],[0.78,""30""],[0.79,""65""],[0.8,""47.8""],[0.81,""146""],[0.82,""54.8""],[0.83,""149.96""],[0.84,""154.06""],[0.85,""36.66""]]","[[0.01,""6578""],[0.02,""165""],[0.03,""317.67""],[0.04,""52""],[0.05,""100.01""],[0.06,""49.34""],[0.07,""59.29""],[0.08,""56.51""],[0.09,""76.12""],[0.1,""101.02""],[0.11,""476.1""],[0.12,""489.85""],[0.13,""555.7""],[0.14,""295.88""]]"
2026-05-17T02:28:31.210Z,btc-updown-15m-1778984100,"Bitcoin Up or Down - May 16, 10:15PM-10:30PM ET",btc-updown-15m-1778984100,2026-05-17T02:30:00Z,,0.84,0.85,0.15,0.16,0.845,0.75,10527.888074999995,,103.09,136.44,"[[0.01,""6684.98""],[0.02,""187""],[0.03,""299.67""],[0.04,""52""],[0.05,""95""],[0.06,""49.34""],[0.07,""69.29""],[0.08,""57.5""],[0.09,""51.12""],[0.1,""35""],[0.11,""54.1""],[0.12,""28.34""],[0.13,""47.7""],[0.14,""27.15""],[0.15,""51.77""],[0.16,""31.25""],[0.17,""51.32""],[0.18,""25.56""],[0.19,""45.27""],[0.2,""50""],[0.21,""55""],[0.22,""25""],[0.23,""45""],[0.24,""25""],[0.25,""65""],[0.26,""25""],[0.27,""45""],[0.28,""25""],[0.29,""45""],[0.3,""47.66""],[0.31,""45""],[0.32,""25""],[0.33,""45""],[0.34,""30""],[0.35,""64.28""],[0.36,""235""],[0.37,""55.02""],[0.38,""25""],[0.39,""445""],[0.4,""25""],[0.41,""180.4""],[0.42,""25""],[0.43,""45""],[0.44,""25""],[0.45,""45""],[0.46,""25""],[0.47,""45""],[0.48,""125""],[0.49,""45""],[0.5,""9.41""],[0.51,""45""],[0.52,""25""],[0.53,""56.31""],[0.54,""130""],[0.55,""45""],[0.56,""25""],[0.57,""75""],[0.58,""50""],[0.59,""45""],[0.6,""30""],[0.61,""40""],[0.62,""25""],[0.63,""45""],[0.64,""65""],[0.65,""45""],[0.66,""65""],[0.67,""45""],[0.68,""65""],[0.69,""67.75""],[0.7,""30""],[0.71,""50""],[0.72,""85""],[0.73,""45""],[0.74,""25""],[0.75,""50""],[0.76,""55""],[0.77,""175""],[0.78,""130""],[0.79,""65""],[0.8,""47.8""],[0.81,""50""],[0.82,""150.8""],[0.83,""52.8""],[0.84,""103.09""]]","[[0.01,""6578""],[0.02,""165""],[0.03,""317.67""],[0.04,""52""],[0.05,""100.01""],[0.06,""49.34""],[0.07,""74.29""],[0.08,""43.51""],[0.09,""88.12""],[0.1,""80.01""],[0.11,""495.2""],[0.12,""464.34""],[0.13,""585.94""],[0.14,""190.74""],[0.15,""136.44""]]"
2026-05-17T02:28:34.716Z,btc-updown-15m-1778984100,"Bitcoin Up or Down - May 16, 10:15PM-10:30PM ET",btc-updown-15m-1778984100,2026-05-17T02:30:00Z,,0.83,0.84,0.16,0.17,0.835,0.75,10527.888074999995,,48.4,33.0,"[[0.01,""6684.98""],[0.02,""187""],[0.03,""299.67""],[0.04,""52""],[0.05,""95""],[0.06,""49.34""],[0.07,""69.29""],[0.08,""57.5""],[0.09,""51.12""],[0.1,""35""],[0.11,""54.1""],[0.12,""28.34""],[0.13,""47.7""],[0.14,""27.15""],[0.15,""51.77""],[0.16,""31.25""],[0.17,""51.32""],[0.18,""25.56""],[0.19,""45.27""],[0.2,""50""],[0.21,""55""],[0.22,""25""],[0.23,""45""],[0.24,""25""],[0.25,""65""],[0.26,""25""],[0.27,""45""],[0.28,""25""],[0.29,""45""],[0.3,""47.66""],[0.31,""45""],[0.32,""25""],[0.33,""50""],[0.34,""25""],[0.35,""64.28""],[0.36,""235""],[0.37,""55.02""],[0.38,""25""],[0.39,""445""],[0.4,""25""],[0.41,""180.4""],[0.42,""25""],[0.43,""45""],[0.44,""25""],[0.45,""45""],[0.46,""25""],[0.47,""45""],[0.48,""125""],[0.49,""45""],[0.5,""9.41""],[0.51,""45""],[0.52,""25""],[0.53,""56.31""],[0.54,""30""],[0.55,""145""],[0.56,""25""],[0.57,""70""],[0.58,""55""],[0.59,""45""],[0.6,""30""],[0.61,""40""],[0.62,""25""],[0.63,""45""],[0.64,""65""],[0.65,""45""],[0.66,""65""],[0.67,""50""],[0.68,""65""],[0.69,""67.75""],[0.7,""25""],[0.71,""45""],[0.72,""75""],[0.73,""75""],[0.74,""30""],[0.75,""45""],[0.76,""155""],[0.77,""175""],[0.78,""37.8""],[0.79,""62.8""],[0.8,""53.8""],[0.81,""133.8""],[0.82,""45.56""],[0.83,""48.4""]]","[[0.01,""6578""],[0.02,""165""],[0.03,""317.67""],[0.04,""52""],[0.05,""100.01""],[0.06,""49.34""],[0.07,""59.29""],[0.08,""76.51""],[0.09,""81.12""],[0.1,""75.02""],[0.11,""481.22""],[0.12,""542.34""],[0.13,""487.93""],[0.14,""204.9""],[0.15,""93.67""],[0.16,""33""]]"
2026-05-17T02:28:37.298Z,btc-updown-15m-1778984100,"Bitcoin Up or Down - May 16, 10:15PM-10:30PM ET",btc-updown-15m-1778984100,2026-05-17T02:30:00Z,,0.85,0.86,0.14,0.15,0.855,0.75,10527.888074999995,,14.98,218.75,"[[0.01,""6689.98""],[0.02,""187""],[0.03,""299.67""],[0.04,""52""],[0.05,""95""],[0.06,""49.34""],[0.07,""69.29""],[0.08,""57.5""],[0.09,""51.12""],[0.1,""35""],[0.11,""54.1""],[0.12,""28.34""],[0.13,""47.7""],[0.14,""27.15""],[0.15,""51.77""],[0.16,""31.25""],[0.17,""51.32""],[0.18,""25.56""],[0.19,""45.27""],[0.2,""50""],[0.21,""55""],[0.22,""25""],[0.23,""45""],[0.24,""25""],[0.25,""65""],[0.26,""25""],[0.27,""45""],[0.28,""25""],[0.29,""51""],[0.3,""41.66""],[0.31,""45""],[0.32,""25""],[0.33,""45""],[0.34,""30""],[0.35,""64.28""],[0.36,""35""],[0.37,""55.02""],[0.38,""25""],[0.39,""445""],[0.4,""25""],[0.41,""180.4""],[0.42,""25""],[0.43,""45""],[0.44,""25""],[0.45,""45""],[0.46,""25""],[0.47,""45""],[0.48,""25""],[0.49,""145""],[0.5,""9.41""],[0.51,""45""],[0.52,""25""],[0.53,""56.31""],[0.54,""30""],[0.55,""145""],[0.56,""25""],[0.57,""70""],[0.58,""55""],[0.59,""45""],[0.6,""30""],[0.61,""40""],[0.62,""25""],[0.63,""45""],[0.64,""65""],[0.65,""45""],[0.66,""65""],[0.67,""50""],[0.68,""65""],[0.69,""45""],[0.7,""47.75""],[0.71,""45""],[0.72,""30""],[0.73,""65""],[0.74,""30""],[0.75,""45""],[0.76,""130""],[0.77,""220""],[0.78,""55""],[0.79,""50""],[0.8,""42.8""],[0.81,""74.8""],[0.82,""138.8""],[0.83,""98.79""],[0.84,""155.81""],[0.85,""14.98""]]","[[0.01,""6578""],[0.02,""165""],[0.03,""317.67""],[0.04,""52""],[0.05,""100.01""],[0.06,""54.34""],[0.07,""74.29""],[0.08,""63.51""],[0.09,""88.12""],[0.1,""70.14""],[0.11,""586.1""],[0.12,""233.34""],[0.13,""495.95""],[0.14,""218.75""]]"
2026-05-17T02:28:38.667Z,btc-updown-15m-1778984100,"Bitcoin Up or Down - May 16, 10:15PM-10:30PM ET",btc-updown-15m-1778984100,2026-05-17T02:30:00Z,,0.85,0.86,0.14,0.15,0.855,0.75,10527.888074999995,,72.25,239.75,"[[0.01,""6684.98""],[0.02,""187""],[0.03,""299.67""],[0.04,""52""],[0.05,""95""],[0.06,""49.34""],[0.07,""69.29""],[0.08,""57.5""],[0.09,""51.12""],[0.1,""35""],[0.11,""54.1""],[0.12,""28.34""],[0.13,""47.7""],[0.14,""27.15""],[0.15,""51.77""],[0.16,""31.25""],[0.17,""51.32""],[0.18,""25.56""],[0.19,""45.27""],[0.2,""50""],[0.21,""55""],[0.22,""25""],[0.23,""45""],[0.24,""25""],[0.25,""65""],[0.26,""25""],[0.27,""45""],[0.28,""25""],[0.29,""51""],[0.3,""41.66""],[0.31,""45""],[0.32,""25""],[0.33,""45""],[0.34,""25""],[0.35,""69.28""],[0.36,""35""],[0.37,""55.02""],[0.38,""25""],[0.39,""445""],[0.4,""25""],[0.41,""180.4""],[0.42,""25""],[0.43,""45""],[0.44,""25""],[0.45,""45""],[0.46,""25""],[0.47,""45""],[0.48,""25""],[0.49,""145""],[0.5,""9.41""],[0.51,""45""],[0.52,""25""],[0.53,""56.31""],[0.54,""30""],[0.55,""45""],[0.56,""125""],[0.57,""70""],[0.58,""55""],[0.59,""45""],[0.6,""30""],[0.61,""40""],[0.62,""25""],[0.63,""45""],[0.64,""65""],[0.65,""45""],[0.66,""65""],[0.67,""50""],[0.68,""25""],[0.69,""85""],[0.7,""47.75""],[0.71,""45""],[0.72,""30""],[0.73,""45""],[0.74,""50""],[0.75,""45""],[0.76,""130""],[0.77,""220""],[0.78,""55""],[0.79,""50""],[0.8,""42.8""],[0.81,""74.8""],[0.82,""138.8""],[0.83,""98.79""],[0.84,""88.56""],[0.85,""72.25""]]","[[0.01,""6578""],[0.02,""165""],[0.03,""317.67""],[0.04,""52""],[0.05,""100.01""],[0.06,""54.34""],[0.07,""59.29""],[0.08,""63.51""],[0.09,""88.12""],[0.1,""70.14""],[0.11,""586.1""],[0.12,""233.34""],[0.13,""552.95""],[0.14,""239.75""]]"
2026-05-17T02:28:41.515Z,btc-updown-15m-1778984100,"Bitcoin Up or Down - May 16, 10:15PM-10:30PM ET",btc-updown-15m-1778984100,2026-05-17T02:30:00Z,,0.92,0.93,0.07,0.08,0.925,0.75,10527.888074999995,,83.12,101.0,"[[0.01,""7316.28""],[0.02,""803.3""],[0.03,""344.37""],[0.04,""85.9""],[0.05,""122.4""],[0.06,""72.34""],[0.07,""69.29""],[0.08,""57.5""],[0.09,""51.12""],[0.1,""35""],[0.11,""49.1""],[0.12,""28.34""],[0.13,""47.7""],[0.14,""27.15""],[0.15,""51.77""],[0.16,""31.25""],[0.17,""51.32""],[0.18,""25.56""],[0.19,""45.27""],[0.2,""50""],[0.21,""55""],[0.22,""25""],[0.23,""45""],[0.24,""25""],[0.25,""65""],[0.26,""25""],[0.27,""45""],[0.28,""25""],[0.29,""45""],[0.3,""41.66""],[0.31,""45""],[0.32,""25""],[0.33,""45""],[0.34,""25""],[0.35,""59.28""],[0.36,""35""],[0.37,""55.02""],[0.38,""25""],[0.39,""45""],[0.4,""30""],[0.41,""51""],[0.42,""25""],[0.43,""45""],[0.44,""25""],[0.45,""45""],[0.46,""30""],[0.47,""45""],[0.48,""25""],[0.49,""45""],[0.5,""9.41""],[0.51,""45""],[0.52,""25""],[0.53,""51.31""],[0.54,""30""],[0.55,""260.4""],[0.56,""25""],[0.57,""70""],[0.58,""50""],[0.59,""50""],[0.6,""25""],[0.61,""40""],[0.62,""25""],[0.63,""45""],[0.64,""25""],[0.65,""45""],[0.66,""25""],[0.67,""45""],[0.68,""25""],[0.69,""50""],[0.7,""25""],[0.71,""45""],[0.72,""25""],[0.73,""45""],[0.74,""25""],[0.75,""45""],[0.76,""25""],[0.77,""45""],[0.78,""25""],[0.79,""107.75""],[0.8,""25""],[0.81,""185""],[0.82,""190""],[0.83,""80""],[0.84,""30""],[0.85,""50""],[0.86,""171""],[0.87,""109.8""],[0.88,""107.8""],[0.89,""239.2""],[0.9,""174.8""],[0.91,""41.16""],[0.92,""83.12""]]","[[0.01,""6558""],[0.02,""140""],[0.03,""455.42""],[0.04,""71""],[0.05,""205.66""],[0.06,""17.79""],[0.07,""101""]]"
2026-05-17T02:28:45.036Z,btc-updown-15m-1778984100,"Bitcoin Up or Down - May 16, 10:15PM-10:30PM ET",btc-updown-15m-1778984100,2026-05-17T02:30:00Z,,0.92,0.93,0.07,0.08,0.925,0.75,10527.888074999995,,108.98,236.23,"[[0.01,""6936.08""],[0.02,""253.3""],[0.03,""344.37""],[0.04,""85.9""],[0.05,""122.4""],[0.06,""72.34""],[0.07,""84.29""],[0.08,""75.2""],[0.09,""67.02""],[0.1,""49.4""],[0.11,""62.4""],[0.12,""40.64""],[0.13,""59.2""],[0.14,""37.95""],[0.15,""61.96""],[0.16,""40.94""],[0.17,""60.51""],[0.18,""34.36""],[0.19,""53.67""],[0.2,""58.1""],[0.21,""62.8""],[0.22,""25""],[0.23,""45""],[0.24,""25""],[0.25,""65""],[0.26,""25""],[0.27,""45""],[0.28,""25""],[0.29,""45""],[0.3,""41.66""],[0.31,""45""],[0.32,""25""],[0.33,""45""],[0.34,""25""],[0.35,""59.28""],[0.36,""35""],[0.37,""55.02""],[0.38,""25""],[0.39,""45""],[0.4,""25""],[0.41,""51""],[0.42,""30""],[0.43,""45""],[0.44,""25""],[0.45,""45""],[0.46,""30""],[0.47,""45""],[0.48,""225""],[0.49,""45""],[0.5,""9.41""],[0.51,""45""],[0.52,""25""],[0.53,""51.31""],[0.54,""30""],[0.55,""260.4""],[0.56,""25""],[0.57,""70""],[0.58,""50""],[0.59,""50""],[0.6,""25""],[0.61,""40""],[0.62,""25""],[0.63,""45""],[0.64,""25""],[0.65,""45""],[0.66,""25""],[0.67,""45""],[0.68,""25""],[0.69,""45""],[0.7,""30""],[0.71,""45""],[0.72,""25""],[0.73,""145""],[0.74,""30""],[0.75,""45""],[0.76,""25""],[0.77,""45""],[0.78,""125""],[0.79,""85""],[0.8,""25""],[0.81,""185""],[0.82,""65""],[0.83,""55""],[0.84,""30""],[0.85,""72.75""],[0.86,""51""],[0.87,""84.8""],[0.88,""157.8""],[0.89,""227.8""],[0.9,""127.8""],[0.91,""189.39""],[0.92,""108.98""]]","[[0.01,""6678""],[0.02,""185""],[0.03,""522.67""],[0.04,""275.73""],[0.05,""282.01""],[0.06,""12.67""],[0.07,""236.23""]]"
2026-05-17T02:28:46.082Z,btc-updown-15m-1778984100,"Bitcoin Up or Down - May 16, 10:15PM-10:30PM ET",btc-updown-15m-1778984100,2026-05-17T02:30:00Z,,0.93,0.94,0.06,0.07,0.935,0.75,10527.888074999995,,170.32,7.67,"[[0.01,""6936.08""],[0.02,""253.3""],[0.03,""344.37""],[0.04,""85.9""],[0.05,""122.4""],[0.06,""72.34""],[0.07,""84.29""],[0.08,""75.2""],[0.09,""67.02""],[0.1,""49.4""],[0.11,""62.4""],[0.12,""40.64""],[0.13,""59.2""],[0.14,""37.95""],[0.15,""61.96""],[0.16,""40.94""],[0.17,""60.51""],[0.18,""34.36""],[0.19,""53.67""],[0.2,""58.1""],[0.21,""62.8""],[0.22,""32.6""],[0.23,""52.3""],[0.24,""32.1""],[0.25,""71.9""],[0.26,""25""],[0.27,""45""],[0.28,""25""],[0.29,""45""],[0.3,""41.66""],[0.31,""45""],[0.32,""25""],[0.33,""45""],[0.34,""25""],[0.35,""59.28""],[0.36,""35""],[0.37,""55.02""],[0.38,""25""],[0.39,""45""],[0.4,""25""],[0.41,""51""],[0.42,""25""],[0.43,""50""],[0.44,""25""],[0.45,""45""],[0.46,""30""],[0.47,""45""],[0.48,""25""],[0.49,""45""],[0.5,""9.41""],[0.51,""45""],[0.52,""25""],[0.53,""51.31""],[0.54,""30""],[0.55,""260.4""],[0.56,""25""],[0.57,""70""],[0.58,""50""],[0.59,""50""],[0.6,""25""],[0.61,""40""],[0.62,""25""],[0.63,""45""],[0.64,""25""],[0.65,""45""],[0.66,""25""],[0.67,""45""],[0.68,""25""],[0.69,""45""],[0.7,""30""],[0.71,""45""],[0.72,""25""],[0.73,""145""],[0.74,""30""],[0.75,""45""],[0.76,""25""],[0.77,""45""],[0.78,""125""],[0.79,""45""],[0.8,""65""],[0.81,""145""],[0.82,""105""],[0.83,""55""],[0.84,""30""],[0.85,""72.75""],[0.86,""51""],[0.87,""72""],[0.88,""152.8""],[0.89,""162.8""],[0.9,""102.8""],[0.91,""200.26""],[0.92,""95.09""],[0.93,""170.32""]]","[[0.01,""6678""],[0.02,""363.9""],[0.03,""762.6""],[0.04,""186.57""],[0.05,""182.01""],[0.06,""7.67""]]"
2026-05-17T02:28:48.062Z,btc-updown-15m-1778984100,"Bitcoin Up or Down - May 16, 10:15PM-10:30PM ET",btc-updown-15m-1778984100,2026-05-17T02:30:00Z,,0.94,0.95,0.05,0.06,0.945,0.75,10527.888074999995,,369.14,104.4,"[[0.01,""6936.08""],[0.02,""253.3""],[0.03,""344.37""],[0.04,""85.9""],[0.05,""112.4""],[0.06,""72.34""],[0.07,""84.29""],[0.08,""75.2""],[0.09,""67.02""],[0.1,""49.4""],[0.11,""62.4""],[0.12,""40.64""],[0.13,""59.2""],[0.14,""37.95""],[0.15,""61.96""],[0.16,""40.94""],[0.17,""60.51""],[0.18,""34.36""],[0.19,""53.67""],[0.2,""58.1""],[0.21,""62.8""],[0.22,""32.6""],[0.23,""52.3""],[0.24,""32.1""],[0.25,""71.9""],[0.26,""31.8""],[0.27,""51.6""],[0.28,""31.4""],[0.29,""51.3""],[0.3,""47.86""],[0.31,""51.1""],[0.32,""31""],[0.33,""50.9""],[0.34,""25""],[0.35,""59.28""],[0.36,""35""],[0.37,""55.02""],[0.38,""25""],[0.39,""45""],[0.4,""25""],[0.41,""51""],[0.42,""25""],[0.43,""50""],[0.44,""25""],[0.45,""45""],[0.46,""30""],[0.47,""45""],[0.48,""25""],[0.49,""45""],[0.5,""9.41""],[0.51,""45""],[0.52,""424""],[0.53,""51.31""],[0.54,""30""],[0.55,""260.4""],[0.56,""25""],[0.57,""70""],[0.58,""50""],[0.59,""50""],[0.6,""25""],[0.61,""40""],[0.62,""25""],[0.63,""45""],[0.64,""25""],[0.65,""45""],[0.66,""25""],[0.67,""45""],[0.68,""25""],[0.69,""45""],[0.7,""30""],[0.71,""45""],[0.72,""25""],[0.73,""45""],[0.74,""130""],[0.75,""40""],[0.76,""25""],[0.77,""45""],[0.78,""25""],[0.79,""150""],[0.8,""65""],[0.81,""45""],[0.82,""65""],[0.83,""85""],[0.84,""30""],[0.85,""72.75""],[0.86,""56""],[0.87,""72""],[0.88,""140""],[0.89,""162.8""],[0.9,""87.8""],[0.91,""113.39""],[0.92,""201.84""],[0.93,""160.32""],[0.94,""369.14""]]","[[0.01,""6663.12""],[0.02,""363.9""],[0.03,""1096.67""],[0.04,""181.45""],[0.05,""104.4""]]"
2026-05-17T02:28:50.112Z,btc-updown-15m-1778984100,"Bitcoin Up or Down - May 16, 10:15PM-10:30PM ET",btc-updown-15m-1778984100,2026-05-17T02:30:00Z,,0.96,0.97,0.03,0.04,0.965,0.75,10527.888074999995,,139.28,1090.99,"[[0.01,""6936.08""],[0.02,""765.97""],[0.03,""344.37""],[0.04,""85.9""],[0.05,""112.4""],[0.06,""72.34""],[0.07,""84.29""],[0.08,""75.2""],[0.09,""67.02""],[0.1,""49.4""],[0.11,""62.4""],[0.12,""40.64""],[0.13,""59.2""],[0.14,""37.95""],[0.15,""61.96""],[0.16,""40.94""],[0.17,""60.51""],[0.18,""34.36""],[0.19,""53.67""],[0.2,""58.1""],[0.21,""62.8""],[0.22,""32.6""],[0.23,""52.3""],[0.24,""32.1""],[0.25,""71.9""],[0.26,""31.8""],[0.27,""51.6""],[0.28,""31.4""],[0.29,""51.3""],[0.3,""47.86""],[0.31,""51.1""],[0.32,""31""],[0.33,""50.9""],[0.34,""30.8""],[0.35,""64.98""],[0.36,""40.6""],[0.37,""60.62""],[0.38,""30.5""],[0.39,""50.5""],[0.4,""30.4""],[0.41,""50.4""],[0.42,""25""],[0.43,""45""],[0.44,""25""],[0.45,""45""],[0.46,""35""],[0.47,""45""],[0.48,""224""],[0.49,""45""],[0.5,""9.41""],[0.51,""45""],[0.52,""424""],[0.53,""51.31""],[0.54,""30""],[0.55,""260.4""],[0.56,""25""],[0.57,""70""],[0.58,""50""],[0.59,""45""],[0.6,""25""],[0.61,""40""],[0.62,""25""],[0.63,""45""],[0.64,""25""],[0.65,""50""],[0.66,""25""],[0.67,""45""],[0.68,""25""],[0.69,""45""],[0.7,""30""],[0.71,""45""],[0.72,""25""],[0.73,""45""],[0.74,""130""],[0.75,""40""],[0.76,""25""],[0.77,""45""],[0.78,""25""],[0.79,""150""],[0.8,""25""],[0.81,""45""],[0.82,""25""],[0.83,""45""],[0.84,""65""],[0.85,""67.75""],[0.86,""110""],[0.87,""50""],[0.88,""40""],[0.89,""50""],[0.9,""150""],[0.91,""173.39""],[0.92,""72.8""],[0.93,""211.56""],[0.94,""365.14""],[0.95,""157.37""],[0.96,""139.28""]]","[[0.01,""6743""],[0.02,""675.9""],[0.03,""1090.99""]]"
2026-05-17T02:28:53.126Z,btc-updown-15m-1778984100,"Bitcoin Up or Down - May 16, 10:15PM-10:30PM ET",btc-updown-15m-1778984100,2026-05-17T02:30:00Z,,0.87,0.88,0.12,0.13,0.875,0.75,10527.888074999995,,19.72,136.3,"[[0.01,""6926.08""],[0.02,""315.97""],[0.03,""344.37""],[0.04,""85.9""],[0.05,""112.4""],[0.06,""72.34""],[0.07,""84.29""],[0.08,""75.2""],[0.09,""67.02""],[0.1,""49.4""],[0.11,""62.4""],[0.12,""40.64""],[0.13,""59.2""],[0.14,""37.95""],[0.15,""61.96""],[0.16,""40.94""],[0.17,""60.51""],[0.18,""34.36""],[0.19,""53.67""],[0.2,""58.1""],[0.21,""70.8""],[0.22,""32.6""],[0.23,""52.3""],[0.24,""32.1""],[0.25,""71.9""],[0.26,""31.8""],[0.27,""51.6""],[0.28,""31.4""],[0.29,""51.3""],[0.3,""47.86""],[0.31,""51.1""],[0.32,""31""],[0.33,""50.9""],[0.34,""30.8""],[0.35,""64.98""],[0.36,""45.6""],[0.37,""60.62""],[0.38,""30.5""],[0.39,""50.5""],[0.4,""35.4""],[0.41,""50.4""],[0.42,""30.3""],[0.43,""50.3""],[0.44,""30.3""],[0.45,""50.3""],[0.46,""35.2""],[0.47,""50.2""],[0.48,""30.2""],[0.49,""50.2""],[0.5,""14.61""],[0.51,""50.2""],[0.52,""30.2""],[0.53,""56.51""],[0.54,""30""],[0.55,""45""],[0.56,""25""],[0.57,""45""],[0.58,""25""],[0.59,""45""],[0.6,""25""],[0.61,""40""],[0.62,""25""],[0.63,""45""],[0.64,""25""],[0.65,""45""],[0.66,""25""],[0.67,""45""],[0.68,""25""],[0.69,""45""],[0.7,""30""],[0.71,""45""],[0.72,""25""],[0.73,""45""],[0.74,""25""],[0.75,""40""],[0.76,""25""],[0.77,""45""],[0.78,""65""],[0.79,""145""],[0.8,""65""],[0.81,""90""],[0.82,""70""],[0.83,""45""],[0.84,""32.07""],[0.85,""45""],[0.87,""19.72""]]","[[0.01,""6668""],[0.02,""166""],[0.03,""299.67""],[0.04,""195.25""],[0.05,""142.01""],[0.06,""94.66""],[0.07,""89.57""],[0.08,""37.31""],[0.09,""72.11""],[0.1,""44.81""],[0.11,""21.1""],[0.12,""136.3""]]"
2026-05-17T02:28:55.965Z,btc-updown-15m-1778984100,"Bitcoin Up or Down - May 16, 10:15PM-10:30PM ET",btc-updown-15m-1778984100,2026-05-17T02:30:00Z,,0.84,0.85,0.15,0.16,0.845,0.75,10527.888074999995,,50.6,52.0,"[[0.01,""6831.08""],[0.02,""265.97""],[0.03,""311.03""],[0.04,""60.9""],[0.05,""92.4""],[0.06,""55.67""],[0.07,""70""],[0.08,""62.7""],[0.09,""55.9""],[0.1,""39.4""],[0.11,""53.3""],[0.12,""32.3""],[0.13,""51.5""],[0.14,""30.8""],[0.15,""55.29""],[0.16,""34.69""],[0.17,""49.19""],[0.18,""28.8""],[0.19,""48.4""],[0.2,""53.1""],[0.21,""65.8""],[0.22,""27.6""],[0.23,""47.3""],[0.24,""27.1""],[0.25,""66.9""],[0.26,""26.8""],[0.27,""46.6""],[0.28,""26.4""],[0.29,""46.3""],[0.3,""42.86""],[0.31,""46.1""],[0.32,""26""],[0.33,""50.9""],[0.34,""25.8""],[0.35,""64.98""],[0.36,""35.6""],[0.37,""55.62""],[0.38,""25.5""],[0.39,""45.5""],[0.4,""30.4""],[0.41,""45.4""],[0.42,""25.3""],[0.43,""45.3""],[0.44,""25.3""],[0.45,""45.3""],[0.46,""25.2""],[0.47,""45.2""],[0.48,""25.2""],[0.49,""244.2""],[0.5,""14.61""],[0.51,""444.2""],[0.52,""25.2""],[0.53,""51.51""],[0.54,""30.2""],[0.55,""174.45""],[0.56,""25.3""],[0.57,""45.3""],[0.58,""30.3""],[0.59,""45.4""],[0.6,""30.4""],[0.61,""45.5""],[0.62,""30.5""],[0.63,""50.6""],[0.64,""30.6""],[0.65,""45""],[0.66,""25""],[0.67,""50""],[0.68,""25""],[0.69,""150""],[0.7,""25""],[0.71,""50""],[0.72,""30""],[0.73,""150""],[0.74,""150""],[0.75,""50""],[0.76,""70""],[0.77,""75""],[0.78,""77.75""],[0.79,""261.16""],[0.8,""157.65""],[0.81,""54.8""],[0.82,""37.8""],[0.83,""141.3""],[0.84,""50.6""]]","[[0.01,""6573""],[0.02,""321""],[0.03,""841.33""],[0.04,""190.84""],[0.05,""65""],[0.06,""45""],[0.07,""190""],[0.08,""184""],[0.09,""204.12""],[0.1,""185.01""],[0.11,""77.12""],[0.12,""37.34""],[0.13,""70.95""],[0.14,""47.95""],[0.15,""52""]]"
2026-05-17T02:28:57.187Z,btc-updown-15m-1778984100,"Bitcoin Up or Down - May 16, 10:15PM-10:30PM ET",btc-updown-15m-1778984100,2026-05-17T02:30:00Z,,0.86,0.87,0.13,0.14,0.865,0.75,10527.888074999995,,90.25,72.05,"[[0.01,""6831.08""],[0.02,""265.97""],[0.03,""311.03""],[0.04,""60.9""],[0.05,""92.4""],[0.06,""55.67""],[0.07,""70""],[0.08,""62.7""],[0.09,""55.9""],[0.1,""39.4""],[0.11,""53.3""],[0.12,""32.3""],[0.13,""51.5""],[0.14,""30.8""],[0.15,""55.29""],[0.16,""34.69""],[0.17,""49.19""],[0.18,""28.8""],[0.19,""48.4""],[0.2,""53.1""],[0.21,""65.8""],[0.22,""27.6""],[0.23,""47.3""],[0.24,""27.1""],[0.25,""66.9""],[0.26,""26.8""],[0.27,""46.6""],[0.28,""26.4""],[0.29,""46.3""],[0.3,""42.86""],[0.31,""46.1""],[0.32,""26""],[0.33,""45.9""],[0.34,""30.8""],[0.35,""64.98""],[0.36,""35.6""],[0.37,""55.62""],[0.38,""25.5""],[0.39,""45.5""],[0.4,""30.4""],[0.41,""45.4""],[0.42,""25.3""],[0.43,""45.3""],[0.44,""25.3""],[0.45,""45.3""],[0.46,""25.2""],[0.47,""45.2""],[0.48,""25.2""],[0.49,""244.2""],[0.5,""9.61""],[0.51,""444.2""],[0.52,""25.2""],[0.53,""51.51""],[0.54,""30.2""],[0.55,""174.45""],[0.56,""30.3""],[0.57,""45.3""],[0.58,""25.3""],[0.59,""45.4""],[0.6,""25.4""],[0.61,""40.5""],[0.62,""25.5""],[0.63,""45.6""],[0.64,""30.6""],[0.65,""50.7""],[0.66,""30.8""],[0.67,""50.9""],[0.68,""36""],[0.69,""156.1""],[0.7,""25""],[0.71,""45""],[0.72,""65""],[0.73,""50""],[0.74,""210""],[0.75,""45""],[0.76,""70""],[0.77,""75""],[0.78,""82.75""],[0.79,""150""],[0.8,""144.85""],[0.81,""79.8""],[0.82,""62.8""],[0.83,""45.3""],[0.84,""277.54""],[0.85,""47.13""],[0.86,""90.25""]]","[[0.01,""6573""],[0.02,""316""],[0.03,""841.33""],[0.04,""190.84""],[0.05,""45""],[0.06,""20""],[0.07,""65""],[0.08,""191.51""],[0.09,""217.12""],[0.1,""68.08""],[0.11,""65""],[0.12,""29""],[0.13,""72.05""]]"
2026-05-17T02:28:59.128Z,btc-updown-15m-1778984100,"Bitcoin Up or Down - May 16, 10:15PM-10:30PM ET",btc-updown-15m-1778984100,2026-05-17T02:30:00Z,,0.88,0.89,0.11,0.12,0.885,0.75,10527.888074999995,,17.0,111.11,"[[0.01,""6831.08""],[0.02,""215.97""],[0.03,""311.03""],[0.04,""60.9""],[0.05,""92.4""],[0.06,""55.67""],[0.07,""70""],[0.08,""62.7""],[0.09,""55.9""],[0.1,""39.4""],[0.11,""53.3""],[0.12,""32.3""],[0.13,""51.5""],[0.14,""30.8""],[0.15,""55.29""],[0.16,""34.69""],[0.17,""49.19""],[0.18,""28.8""],[0.19,""48.4""],[0.2,""53.1""],[0.21,""65.8""],[0.22,""27.6""],[0.23,""47.3""],[0.24,""27.1""],[0.25,""66.9""],[0.26,""26.8""],[0.27,""46.6""],[0.28,""26.4""],[0.29,""46.3""],[0.3,""42.86""],[0.31,""46.1""],[0.32,""26""],[0.33,""45.9""],[0.34,""25.8""],[0.35,""64.98""],[0.36,""35.6""],[0.37,""55.62""],[0.38,""30.5""],[0.39,""45.5""],[0.4,""30.4""],[0.41,""45.4""],[0.42,""25.3""],[0.43,""45.3""],[0.44,""25.3""],[0.45,""45.3""],[0.46,""25.2""],[0.47,""45.2""],[0.48,""25.2""],[0.49,""244.2""],[0.5,""9.61""],[0.51,""444.2""],[0.52,""25.2""],[0.53,""51.51""],[0.54,""30.2""],[0.55,""174.45""],[0.56,""30.3""],[0.57,""45.3""],[0.58,""25.3""],[0.59,""45.4""],[0.6,""25.4""],[0.61,""40.5""],[0.62,""25.5""],[0.63,""45.6""],[0.64,""30.6""],[0.65,""45.7""],[0.66,""25.8""],[0.67,""45.9""],[0.68,""26""],[0.69,""51.1""],[0.7,""131.2""],[0.71,""91.3""],[0.72,""31.4""],[0.73,""96.6""],[0.74,""171.8""],[0.75,""46.9""],[0.76,""72.1""],[0.77,""75""],[0.78,""82.75""],[0.79,""150""],[0.8,""144.85""],[0.81,""55""],[0.82,""50""],[0.83,""62.8""],[0.84,""193.61""],[0.85,""152.98""],[0.86,""46.75""],[0.87,""26.82""],[0.88,""17""]]","[[0.01,""6573""],[0.02,""316""],[0.03,""841.33""],[0.04,""190.84""],[0.05,""45""],[0.06,""20""],[0.07,""65""],[0.08,""203.73""],[0.09,""251.1""],[0.1,""36.01""],[0.11,""111.11""]]"
2026-05-17T02:29:01.150Z,btc-updown-15m-1778984100,"Bitcoin Up or Down - May 16, 10:15PM-10:30PM ET",btc-updown-15m-1778984100,2026-05-17T02:30:00Z,,0.92,0.96,0.04,0.08,0.94,0.75,10527.888074999995,,21.5,225.31,"[[0.01,""6766.08""],[0.02,""250.97""],[0.03,""276.03""],[0.04,""60.9""],[0.05,""72.4""],[0.06,""55.67""],[0.07,""50""],[0.08,""62.7""],[0.09,""35.9""],[0.1,""39.4""],[0.11,""33.3""],[0.12,""32.3""],[0.13,""31.5""],[0.14,""30.8""],[0.15,""35.29""],[0.16,""34.69""],[0.17,""29.19""],[0.18,""28.8""],[0.19,""28.4""],[0.2,""53.1""],[0.21,""35.8""],[0.22,""27.6""],[0.23,""27.3""],[0.24,""27.1""],[0.25,""46.9""],[0.26,""26.8""],[0.27,""26.6""],[0.28,""26.4""],[0.29,""26.3""],[0.3,""42.86""],[0.31,""26.1""],[0.32,""26""],[0.33,""25.9""],[0.34,""25.8""],[0.35,""39.98""],[0.36,""35.6""],[0.37,""35.62""],[0.38,""30.5""],[0.39,""25.5""],[0.4,""30.4""],[0.41,""25.4""],[0.42,""25.3""],[0.43,""25.3""],[0.44,""25.3""],[0.45,""25.3""],[0.46,""25.2""],[0.47,""25.2""],[0.48,""25.2""],[0.49,""224.2""],[0.5,""9.61""],[0.51,""424.2""],[0.52,""25.2""],[0.53,""31.51""],[0.54,""30.2""],[0.55,""154.45""],[0.56,""30.3""],[0.57,""25.3""],[0.58,""25.3""],[0.59,""25.4""],[0.6,""25.4""],[0.61,""20.5""],[0.62,""25.5""],[0.63,""25.6""],[0.64,""25.6""],[0.65,""25.7""],[0.66,""30.8""],[0.67,""25.9""],[0.68,""26""],[0.69,""26.1""],[0.7,""26.2""],[0.71,""26.3""],[0.72,""26.4""],[0.73,""31.6""],[0.74,""31.8""],[0.75,""31.9""],[0.76,""32.1""],[0.77,""32.3""],[0.78,""32.6""],[0.79,""32.8""],[0.8,""47.95""],[0.81,""33.4""],[0.82,""38.8""],[0.83,""84.19""],[0.84,""30""],[0.85,""30""],[0.86,""30""],[0.87,""138.8""],[0.88,""106.99""],[0.89,""44.8""],[0.9,""14.99""],[0.91,""116.55""],[0.92,""21.5""]]","[[0.01,""6493""],[0.02,""286""],[0.03,""586.33""],[0.04,""225.31""]]"
2026-05-17T02:29:03.948Z,btc-updown-15m-1778984100,"Bitcoin Up or Down - May 16, 10:15PM-10:30PM ET",btc-updown-15m-1778984100,2026-05-17T02:30:00Z,,0.95,0.96,0.04,0.05,0.955,0.75,10527.888074999995,,84.76,243.0,"[[0.01,""6741.08""],[0.02,""230.97""],[0.03,""256.03""],[0.04,""40.9""],[0.05,""52.4""],[0.06,""35.67""],[0.07,""30""],[0.08,""42.7""],[0.09,""15.9""],[0.1,""19.4""],[0.11,""13.3""],[0.12,""12.3""],[0.13,""11.5""],[0.14,""10.8""],[0.15,""15.29""],[0.16,""14.69""],[0.17,""9.19""],[0.18,""8.8""],[0.19,""8.4""],[0.2,""33.1""],[0.21,""27.8""],[0.22,""7.6""],[0.23,""7.3""],[0.24,""7.1""],[0.25,""26.9""],[0.26,""6.8""],[0.27,""6.6""],[0.28,""6.4""],[0.29,""6.3""],[0.3,""22.86""],[0.31,""6.1""],[0.32,""6""],[0.33,""5.9""],[0.34,""5.8""],[0.35,""19.98""],[0.36,""15.6""],[0.37,""15.62""],[0.38,""5.5""],[0.39,""5.5""],[0.4,""5.4""],[0.41,""5.4""],[0.42,""5.3""],[0.43,""5.3""],[0.44,""5.3""],[0.45,""10.3""],[0.46,""10.2""],[0.47,""5.2""],[0.48,""5.2""],[0.49,""204.2""],[0.5,""5.2""],[0.51,""404.2""],[0.52,""5.2""],[0.53,""11.51""],[0.54,""10.2""],[0.55,""305.29""],[0.56,""5.3""],[0.57,""5.3""],[0.58,""5.3""],[0.59,""5.4""],[0.6,""5.4""],[0.61,""5.5""],[0.62,""10.5""],[0.63,""5.6""],[0.64,""5.6""],[0.65,""5.7""],[0.66,""5.8""],[0.67,""5.9""],[0.68,""6""],[0.69,""31.1""],[0.7,""31.2""],[0.71,""6.3""],[0.72,""6.4""],[0.73,""6.6""],[0.74,""36.8""],[0.75,""36.9""],[0.76,""7.1""],[0.77,""7.3""],[0.78,""7.6""],[0.79,""7.8""],[0.8,""22.95""],[0.81,""113.4""],[0.82,""8.8""],[0.83,""9.19""],[0.84,""249.69""],[0.85,""110.19""],[0.86,""115.8""],[0.87,""121.5""],[0.88,""129.63""],[0.89,""158.3""],[0.9,""44.4""],[0.91,""84.7""],[0.92,""153""],[0.93,""63.51""],[0.94,""37.8""],[0.95,""84.76""]]","[[0.01,""6760.86""],[0.02,""707.07""],[0.03,""985.02""],[0.04,""243""]]"
2026-05-17T02:29:06.717Z,btc-updown-15m-1778984100,"Bitcoin Up or Down - May 16, 10:15PM-10:30PM ET",btc-updown-15m-1778984100,2026-05-17T02:30:00Z,,0.93,0.94,0.06,0.07,0.935,0.75,10527.888074999995,,216.45,130.97,"[[0.01,""6741.08""],[0.02,""230.97""],[0.03,""256.03""],[0.04,""40.9""],[0.05,""52.4""],[0.06,""35.67""],[0.07,""30""],[0.08,""42.7""],[0.09,""15.9""],[0.1,""19.4""],[0.11,""13.3""],[0.12,""12.3""],[0.13,""11.5""],[0.14,""10.8""],[0.15,""15.29""],[0.16,""14.69""],[0.17,""9.19""],[0.18,""8.8""],[0.19,""8.4""],[0.2,""33.1""],[0.21,""27.8""],[0.22,""7.6""],[0.23,""7.3""],[0.24,""7.1""],[0.25,""26.9""],[0.26,""6.8""],[0.27,""6.6""],[0.28,""6.4""],[0.29,""6.3""],[0.3,""22.86""],[0.31,""6.1""],[0.32,""6""],[0.33,""5.9""],[0.34,""5.8""],[0.35,""19.98""],[0.36,""15.6""],[0.37,""15.62""],[0.38,""5.5""],[0.39,""5.5""],[0.4,""5.4""],[0.41,""5.4""],[0.42,""5.3""],[0.43,""10.3""],[0.44,""5.3""],[0.45,""5.3""],[0.46,""10.2""],[0.47,""5.2""],[0.48,""5.2""],[0.49,""5.2""],[0.5,""5.2""],[0.51,""5.2""],[0.52,""5.2""],[0.53,""11.51""],[0.54,""10.2""],[0.55,""5.3""],[0.56,""5.3""],[0.57,""5.3""],[0.58,""5.3""],[0.59,""5.4""],[0.6,""5.4""],[0.61,""5.5""],[0.62,""10.5""],[0.63,""5.6""],[0.64,""5.6""],[0.65,""5.7""],[0.66,""5.8""],[0.67,""5.9""],[0.68,""6""],[0.69,""31.1""],[0.7,""31.2""],[0.71,""6.3""],[0.72,""6.4""],[0.73,""11.6""],[0.74,""36.8""],[0.75,""31.9""],[0.76,""7.1""],[0.77,""7.3""],[0.78,""7.6""],[0.79,""7.8""],[0.8,""22.95""],[0.81,""113.4""],[0.82,""8.8""],[0.83,""9.19""],[0.84,""149.69""],[0.85,""15.19""],[0.86,""15.8""],[0.87,""21.5""],[0.88,""117.3""],[0.89,""143.3""],[0.9,""140.4""],[0.91,""64.7""],[0.92,""77""],[0.93,""216.45""]]","[[0.01,""6468""],[0.02,""105""],[0.03,""691.09""],[0.04,""261.15""],[0.05,""53""],[0.06,""130.97""]]"
2026-05-17T02:29:09.229Z,btc-updown-15m-1778984100,"Bitcoin Up or Down - May 16, 10:15PM-10:30PM ET",btc-updown-15m-1778984100,2026-05-17T02:30:00Z,,0.94,0.95,0.05,0.06,0.945,0.75,10527.888074999995,,78.89,84.09,"[[0.01,""6746.08""],[0.02,""230.97""],[0.03,""256.03""],[0.04,""40.9""],[0.05,""52.4""],[0.06,""35.67""],[0.07,""30""],[0.08,""42.7""],[0.09,""15.9""],[0.1,""19.4""],[0.11,""13.3""],[0.12,""12.3""],[0.13,""11.5""],[0.14,""10.8""],[0.15,""15.29""],[0.16,""14.69""],[0.17,""9.19""],[0.18,""8.8""],[0.19,""8.4""],[0.2,""33.1""],[0.21,""27.8""],[0.22,""7.6""],[0.23,""7.3""],[0.24,""7.1""],[0.25,""26.9""],[0.26,""6.8""],[0.27,""6.6""],[0.28,""6.4""],[0.29,""6.3""],[0.3,""22.86""],[0.31,""6.1""],[0.32,""6""],[0.33,""5.9""],[0.34,""5.8""],[0.35,""19.98""],[0.36,""15.6""],[0.37,""15.62""],[0.38,""5.5""],[0.39,""5.5""],[0.4,""5.4""],[0.41,""5.4""],[0.42,""5.3""],[0.43,""10.3""],[0.44,""5.3""],[0.45,""5.3""],[0.46,""10.2""],[0.47,""5.2""],[0.48,""5.2""],[0.49,""5.2""],[0.5,""5.2""],[0.51,""5.2""],[0.52,""5.2""],[0.53,""11.51""],[0.54,""10.2""],[0.55,""5.3""],[0.56,""5.3""],[0.57,""5.3""],[0.58,""5.3""],[0.59,""5.4""],[0.6,""5.4""],[0.61,""5.5""],[0.62,""10.5""],[0.63,""5.6""],[0.64,""5.6""],[0.65,""5.7""],[0.66,""5.8""],[0.67,""5.9""],[0.68,""6""],[0.69,""31.1""],[0.7,""31.2""],[0.71,""6.3""],[0.72,""6.4""],[0.73,""6.6""],[0.74,""41.8""],[0.75,""31.9""],[0.76,""17.6""],[0.77,""7.3""],[0.78,""7.6""],[0.79,""7.8""],[0.8,""22.95""],[0.81,""13.4""],[0.82,""108.8""],[0.83,""9.19""],[0.84,""9.69""],[0.85,""150.19""],[0.86,""10.8""],[0.87,""21.5""],[0.88,""17.3""],[0.89,""118.3""],[0.9,""144.4""],[0.91,""96.01""],[0.92,""140.2""],[0.93,""96.8""],[0.94,""78.89""]]","[[0.01,""6463""],[0.02,""300.63""],[0.03,""632.83""],[0.04,""107.97""],[0.05,""84.09""]]"
2026-05-17T02:29:12.095Z,btc-updown-15m-1778984100,"Bitcoin Up or Down - May 16, 10:15PM-10:30PM ET",btc-updown-15m-1778984100,2026-05-17T02:30:00Z,,0.94,0.95,0.05,0.06,0.945,0.75,10527.888074999995,,127.1,170.1,"[[0.01,""6741.08""],[0.02,""180.97""],[0.03,""256.03""],[0.04,""40.9""],[0.05,""52.4""],[0.06,""35.67""],[0.07,""30""],[0.08,""42.7""],[0.09,""15.9""],[0.1,""19.4""],[0.11,""13.3""],[0.12,""12.3""],[0.13,""11.5""],[0.14,""10.8""],[0.15,""15.29""],[0.16,""14.69""],[0.17,""9.19""],[0.18,""8.8""],[0.19,""8.4""],[0.2,""33.1""],[0.21,""27.8""],[0.22,""7.6""],[0.23,""7.3""],[0.24,""7.1""],[0.25,""26.9""],[0.26,""6.8""],[0.27,""6.6""],[0.28,""6.4""],[0.29,""6.3""],[0.3,""22.86""],[0.31,""6.1""],[0.32,""6""],[0.33,""5.9""],[0.34,""5.8""],[0.35,""19.98""],[0.36,""5.6""],[0.37,""5.6""],[0.38,""5.5""],[0.39,""5.5""],[0.4,""5.4""],[0.41,""5.4""],[0.42,""5.3""],[0.43,""10.3""],[0.44,""5.3""],[0.45,""5.3""],[0.46,""10.2""],[0.47,""5.2""],[0.48,""5.2""],[0.49,""5.2""],[0.5,""5.2""],[0.51,""5.2""],[0.52,""5.2""],[0.53,""11.51""],[0.54,""10.2""],[0.55,""5.3""],[0.56,""5.3""],[0.57,""5.3""],[0.58,""5.3""],[0.59,""5.4""],[0.6,""5.4""],[0.61,""5.5""],[0.62,""10.5""],[0.63,""5.6""],[0.64,""5.6""],[0.65,""5.7""],[0.66,""5.8""],[0.67,""5.9""],[0.68,""6""],[0.69,""31.1""],[0.7,""31.2""],[0.71,""6.3""],[0.72,""6.4""],[0.73,""6.6""],[0.74,""36.8""],[0.75,""36.9""],[0.76,""17.6""],[0.77,""7.3""],[0.78,""7.6""],[0.79,""7.8""],[0.8,""22.95""],[0.81,""13.4""],[0.82,""8.8""],[0.83,""109.19""],[0.84,""9.69""],[0.85,""10.19""],[0.86,""150.8""],[0.87,""21.5""],[0.88,""17.3""],[0.89,""118.3""],[0.9,""144.4""],[0.91,""96.01""],[0.92,""140.2""],[0.93,""73.98""],[0.94,""127.1""]]","[[0.01,""6664.44""],[0.02,""632""],[0.03,""337.83""],[0.04,""7.97""],[0.05,""170.1""]]"
2026-05-17T02:29:15.206Z,btc-updown-15m-1778984100,"Bitcoin Up or Down - May 16, 10:15PM-10:30PM ET",btc-updown-15m-1778984100,2026-05-17T02:30:00Z,,0.94,0.95,0.05,0.06,0.945,0.75,10527.888074999995,,464.57,165.1,"[[0.01,""6746.08""],[0.02,""180.97""],[0.03,""256.03""],[0.04,""40.9""],[0.05,""52.4""],[0.06,""35.67""],[0.07,""30""],[0.08,""42.7""],[0.09,""15.9""],[0.1,""19.4""],[0.11,""13.3""],[0.12,""12.3""],[0.13,""11.5""],[0.14,""10.8""],[0.15,""15.29""],[0.16,""14.69""],[0.17,""9.19""],[0.18,""8.8""],[0.19,""8.4""],[0.2,""33.1""],[0.21,""27.8""],[0.22,""7.6""],[0.23,""7.3""],[0.24,""7.1""],[0.25,""26.9""],[0.26,""6.8""],[0.27,""6.6""],[0.28,""6.4""],[0.29,""6.3""],[0.3,""22.86""],[0.31,""6.1""],[0.32,""6""],[0.33,""5.9""],[0.34,""5.8""],[0.35,""19.98""],[0.36,""5.6""],[0.37,""5.6""],[0.38,""5.5""],[0.39,""5.5""],[0.4,""5.4""],[0.41,""5.4""],[0.42,""5.3""],[0.43,""10.3""],[0.44,""5.3""],[0.45,""5.3""],[0.46,""10.2""],[0.47,""5.2""],[0.48,""5.2""],[0.49,""5.2""],[0.5,""5.2""],[0.51,""5.2""],[0.52,""5.2""],[0.53,""11.51""],[0.54,""10.2""],[0.55,""5.3""],[0.56,""5.3""],[0.57,""5.3""],[0.58,""5.3""],[0.59,""5.4""],[0.6,""5.4""],[0.61,""5.5""],[0.62,""10.5""],[0.63,""5.6""],[0.64,""5.6""],[0.65,""5.7""],[0.66,""5.8""],[0.67,""5.9""],[0.68,""6""],[0.69,""31.1""],[0.7,""31.2""],[0.71,""6.3""],[0.72,""6.4""],[0.73,""6.6""],[0.74,""36.8""],[0.75,""31.9""],[0.76,""22.6""],[0.77,""7.3""],[0.78,""7.6""],[0.79,""7.8""],[0.8,""22.95""],[0.81,""13.4""],[0.82,""8.8""],[0.83,""9.19""],[0.84,""109.69""],[0.85,""10.19""],[0.86,""10.8""],[0.87,""156.5""],[0.88,""17.3""],[0.89,""18.3""],[0.9,""119.4""],[0.91,""189.7""],[0.92,""175.6""],[0.93,""67.8""],[0.94,""464.57""]]","[[0.01,""6884.44""],[0.02,""432""],[0.03,""312.83""],[0.05,""165.1""]]"
2026-05-17T02:29:16.423Z,btc-updown-15m-1778984100,"Bitcoin Up or Down - May 16, 10:15PM-10:30PM ET",btc-updown-15m-1778984100,2026-05-17T02:30:00Z,,0.94,0.95,0.05,0.06,0.945,0.75,10527.888074999995,,493.08,180.09,"[[0.01,""6746.08""],[0.02,""180.97""],[0.03,""256.03""],[0.04,""40.9""],[0.05,""52.4""],[0.06,""35.67""],[0.07,""30""],[0.08,""42.7""],[0.09,""15.9""],[0.1,""19.4""],[0.11,""13.3""],[0.12,""12.3""],[0.13,""11.5""],[0.14,""10.8""],[0.15,""15.29""],[0.16,""14.69""],[0.17,""9.19""],[0.18,""8.8""],[0.19,""8.4""],[0.2,""33.1""],[0.21,""27.8""],[0.22,""7.6""],[0.23,""7.3""],[0.24,""7.1""],[0.25,""26.9""],[0.26,""6.8""],[0.27,""6.6""],[0.28,""6.4""],[0.29,""6.3""],[0.3,""22.86""],[0.31,""6.1""],[0.32,""6""],[0.33,""5.9""],[0.34,""5.8""],[0.35,""19.98""],[0.36,""5.6""],[0.37,""5.6""],[0.38,""5.5""],[0.39,""5.5""],[0.4,""5.4""],[0.41,""5.4""],[0.42,""5.3""],[0.43,""10.3""],[0.44,""5.3""],[0.45,""5.3""],[0.46,""10.2""],[0.47,""5.2""],[0.48,""5.2""],[0.49,""5.2""],[0.5,""5.2""],[0.51,""5.2""],[0.52,""5.2""],[0.53,""11.51""],[0.54,""10.2""],[0.55,""5.3""],[0.56,""5.3""],[0.57,""5.3""],[0.58,""5.3""],[0.59,""5.4""],[0.6,""5.4""],[0.61,""5.5""],[0.62,""10.5""],[0.63,""5.6""],[0.64,""5.6""],[0.65,""5.7""],[0.66,""5.8""],[0.67,""5.9""],[0.68,""6""],[0.69,""31.1""],[0.7,""31.2""],[0.71,""6.3""],[0.72,""6.4""],[0.73,""6.6""],[0.74,""36.8""],[0.75,""31.9""],[0.76,""22.6""],[0.77,""7.3""],[0.78,""7.6""],[0.79,""7.8""],[0.8,""22.95""],[0.81,""13.4""],[0.82,""8.8""],[0.83,""9.19""],[0.84,""9.69""],[0.85,""110.19""],[0.86,""10.8""],[0.87,""156.5""],[0.88,""17.3""],[0.89,""18.3""],[0.9,""119.4""],[0.91,""189.7""],[0.92,""175.6""],[0.93,""67.8""],[0.94,""493.08""]]","[[0.01,""6879.44""],[0.02,""439.97""],[0.03,""317.83""],[0.05,""180.09""]]"
2026-05-17T02:29:19.530Z,btc-updown-15m-1778984100,"Bitcoin Up or Down - May 16, 10:15PM-10:30PM ET",btc-updown-15m-1778984100,2026-05-17T02:30:00Z,,0.95,0.96,0.04,0.05,0.955,0.75,10527.888074999995,,37.52,96.0,"[[0.01,""6741.08""],[0.02,""180.97""],[0.03,""256.03""],[0.04,""40.9""],[0.05,""52.4""],[0.06,""35.67""],[0.07,""30""],[0.08,""42.7""],[0.09,""15.9""],[0.1,""19.4""],[0.11,""13.3""],[0.12,""12.3""],[0.13,""11.5""],[0.14,""10.8""],[0.15,""15.29""],[0.16,""14.69""],[0.17,""9.19""],[0.18,""8.8""],[0.19,""8.4""],[0.2,""33.1""],[0.21,""27.8""],[0.22,""7.6""],[0.23,""7.3""],[0.24,""7.1""],[0.25,""26.9""],[0.26,""6.8""],[0.27,""6.6""],[0.28,""6.4""],[0.29,""6.3""],[0.3,""22.86""],[0.31,""6.1""],[0.32,""6""],[0.33,""5.9""],[0.34,""5.8""],[0.35,""19.98""],[0.36,""5.6""],[0.37,""5.6""],[0.38,""5.5""],[0.39,""5.5""],[0.4,""5.4""],[0.41,""5.4""],[0.42,""5.3""],[0.43,""5.3""],[0.44,""5.3""],[0.45,""5.3""],[0.46,""10.2""],[0.47,""5.2""],[0.48,""5.2""],[0.49,""5.2""],[0.5,""5.2""],[0.51,""5.2""],[0.52,""5.2""],[0.53,""11.51""],[0.54,""10.2""],[0.55,""5.3""],[0.56,""5.3""],[0.57,""5.3""],[0.58,""5.3""],[0.59,""5.4""],[0.6,""5.4""],[0.61,""5.5""],[0.62,""10.5""],[0.63,""5.6""],[0.64,""5.6""],[0.65,""5.7""],[0.66,""5.8""],[0.67,""5.9""],[0.68,""6""],[0.69,""31.1""],[0.7,""31.2""],[0.71,""6.3""],[0.72,""6.4""],[0.73,""6.6""],[0.74,""36.8""],[0.75,""31.9""],[0.76,""17.6""],[0.77,""12.3""],[0.78,""7.6""],[0.79,""7.8""],[0.8,""22.95""],[0.81,""13.4""],[0.82,""8.8""],[0.83,""9.19""],[0.84,""9.69""],[0.85,""10.19""],[0.86,""110.8""],[0.87,""16.5""],[0.88,""152.3""],[0.89,""13.3""],[0.9,""14.4""],[0.91,""164.7""],[0.92,""179.6""],[0.93,""72.8""],[0.94,""578.42""],[0.95,""37.52""]]","[[0.01,""6598""],[0.02,""525.69""],[0.03,""249.02""],[0.04,""96""]]"
2026-05-17T02:29:23.021Z,btc-updown-15m-1778984100,"Bitcoin Up or Down - May 16, 10:15PM-10:30PM ET",btc-updown-15m-1778984100,2026-05-17T02:30:00Z,,0.96,0.97,0.03,0.04,0.965,0.75,10527.888074999995,,69.8,255.02,"[[0.01,""6746.08""],[0.02,""180.97""],[0.03,""256.03""],[0.04,""40.9""],[0.05,""52.4""],[0.06,""35.67""],[0.07,""30""],[0.08,""42.7""],[0.09,""15.9""],[0.1,""19.4""],[0.11,""13.3""],[0.12,""12.3""],[0.13,""11.5""],[0.14,""10.8""],[0.15,""15.29""],[0.16,""14.69""],[0.17,""9.19""],[0.18,""8.8""],[0.19,""8.4""],[0.2,""33.1""],[0.21,""27.8""],[0.22,""7.6""],[0.23,""7.3""],[0.24,""7.1""],[0.25,""26.9""],[0.26,""6.8""],[0.27,""6.6""],[0.28,""6.4""],[0.29,""6.3""],[0.3,""22.86""],[0.31,""6.1""],[0.32,""6""],[0.33,""5.9""],[0.34,""5.8""],[0.35,""19.98""],[0.36,""5.6""],[0.37,""5.6""],[0.38,""5.5""],[0.39,""5.5""],[0.4,""5.4""],[0.41,""5.4""],[0.42,""5.3""],[0.43,""5.3""],[0.44,""10.3""],[0.45,""5.3""],[0.46,""10.2""],[0.47,""5.2""],[0.48,""5.2""],[0.49,""5.2""],[0.5,""5.2""],[0.51,""5.2""],[0.52,""5.2""],[0.53,""11.51""],[0.54,""10.2""],[0.55,""5.3""],[0.56,""5.3""],[0.57,""5.3""],[0.58,""5.3""],[0.59,""5.4""],[0.6,""5.4""],[0.61,""5.5""],[0.62,""10.5""],[0.63,""5.6""],[0.64,""5.6""],[0.65,""5.7""],[0.66,""5.8""],[0.67,""5.9""],[0.68,""6""],[0.69,""6.1""],[0.7,""6.2""],[0.71,""6.3""],[0.72,""6.4""],[0.73,""6.6""],[0.74,""11.8""],[0.75,""6.9""],[0.76,""17.6""],[0.77,""12.3""],[0.78,""7.6""],[0.79,""7.8""],[0.8,""22.95""],[0.81,""13.4""],[0.82,""8.8""],[0.83,""9.19""],[0.84,""9.69""],[0.85,""10.19""],[0.86,""10.8""],[0.87,""116.5""],[0.88,""12.3""],[0.89,""153.3""],[0.9,""14.4""],[0.91,""59.7""],[0.92,""169.2""],[0.93,""167.8""],[0.94,""508.32""],[0.95,""149.92""],[0.96,""69.8""]]","[[0.01,""1784.44""],[0.02,""358.97""],[0.03,""255.02""]]"
2026-05-17T02:29:24.073Z,btc-updown-15m-1778984100,"Bitcoin Up or Down - May 16, 10:15PM-10:30PM ET",btc-updown-15m-1778984100,2026-05-17T02:30:00Z,,0.96,0.97,0.03,0.04,0.965,0.75,10527.888074999995,,83.04,245.02,"[[0.01,""6741.08""],[0.02,""180.97""],[0.03,""256.03""],[0.04,""40.9""],[0.05,""52.4""],[0.06,""35.67""],[0.07,""30""],[0.08,""42.7""],[0.09,""15.9""],[0.1,""19.4""],[0.11,""13.3""],[0.12,""12.3""],[0.13,""11.5""],[0.14,""10.8""],[0.15,""15.29""],[0.16,""14.69""],[0.17,""9.19""],[0.18,""8.8""],[0.19,""8.4""],[0.2,""33.1""],[0.21,""27.8""],[0.22,""7.6""],[0.23,""7.3""],[0.24,""7.1""],[0.25,""26.9""],[0.26,""6.8""],[0.27,""6.6""],[0.28,""6.4""],[0.29,""6.3""],[0.3,""22.86""],[0.31,""6.1""],[0.32,""6""],[0.33,""5.9""],[0.34,""5.8""],[0.35,""19.98""],[0.36,""5.6""],[0.37,""5.6""],[0.38,""5.5""],[0.39,""5.5""],[0.4,""5.4""],[0.41,""5.4""],[0.42,""5.3""],[0.43,""5.3""],[0.44,""10.3""],[0.45,""5.3""],[0.46,""10.2""],[0.47,""5.2""],[0.48,""5.2""],[0.49,""5.2""],[0.5,""5.2""],[0.51,""5.2""],[0.52,""5.2""],[0.53,""11.51""],[0.54,""10.2""],[0.55,""5.3""],[0.56,""5.3""],[0.57,""5.3""],[0.58,""5.3""],[0.59,""5.4""],[0.6,""5.4""],[0.61,""5.5""],[0.62,""10.5""],[0.63,""5.6""],[0.64,""5.6""],[0.65,""5.7""],[0.66,""5.8""],[0.67,""5.9""],[0.68,""6""],[0.69,""6.1""],[0.7,""6.2""],[0.71,""6.3""],[0.72,""6.4""],[0.73,""6.6""],[0.74,""11.8""],[0.75,""6.9""],[0.76,""17.6""],[0.77,""7.3""],[0.78,""12.6""],[0.79,""7.8""],[0.8,""22.95""],[0.81,""13.4""],[0.82,""8.8""],[0.83,""9.19""],[0.84,""9.69""],[0.85,""10.19""],[0.86,""10.8""],[0.87,""116.5""],[0.88,""12.3""],[0.89,""113.3""],[0.9,""54.4""],[0.91,""59.7""],[0.92,""164.2""],[0.93,""162.8""],[0.94,""508.32""],[0.95,""124.2""],[0.96,""83.04""]]","[[0.01,""1956.44""],[0.02,""212.97""],[0.03,""245.02""]]"
2026-05-17T02:29:26.097Z,btc-updown-15m-1778984100,"Bitcoin Up or Down - May 16, 10:15PM-10:30PM ET",btc-updown-15m-1778984100,2026-05-17T02:30:00Z,,0.96,0.97,0.03,0.04,0.965,0.75,10527.888074999995,,63.57,149.02,"[[0.01,""6741.08""],[0.02,""276.97""],[0.03,""256.03""],[0.04,""40.9""],[0.05,""52.4""],[0.06,""35.67""],[0.07,""30""],[0.08,""42.7""],[0.09,""15.9""],[0.1,""19.4""],[0.11,""13.3""],[0.12,""12.3""],[0.13,""11.5""],[0.14,""10.8""],[0.15,""15.29""],[0.16,""14.69""],[0.17,""9.19""],[0.18,""8.8""],[0.19,""8.4""],[0.2,""33.1""],[0.21,""27.8""],[0.22,""7.6""],[0.23,""7.3""],[0.24,""7.1""],[0.25,""26.9""],[0.26,""6.8""],[0.27,""6.6""],[0.28,""6.4""],[0.29,""6.3""],[0.3,""22.86""],[0.31,""6.1""],[0.32,""6""],[0.33,""5.9""],[0.34,""5.8""],[0.35,""19.98""],[0.36,""5.6""],[0.37,""5.6""],[0.38,""5.5""],[0.39,""5.5""],[0.4,""5.4""],[0.41,""5.4""],[0.42,""5.3""],[0.43,""5.3""],[0.44,""5.3""],[0.45,""5.3""],[0.46,""15.2""],[0.47,""5.2""],[0.48,""5.2""],[0.49,""5.2""],[0.5,""5.2""],[0.51,""5.2""],[0.52,""5.2""],[0.53,""11.51""],[0.54,""10.2""],[0.55,""5.3""],[0.56,""5.3""],[0.57,""5.3""],[0.58,""5.3""],[0.59,""5.4""],[0.6,""5.4""],[0.61,""5.5""],[0.62,""10.5""],[0.63,""5.6""],[0.64,""5.6""],[0.65,""5.7""],[0.66,""5.8""],[0.67,""5.9""],[0.68,""6""],[0.69,""6.1""],[0.7,""6.2""],[0.71,""6.3""],[0.72,""6.4""],[0.73,""6.6""],[0.74,""11.8""],[0.75,""6.9""],[0.76,""17.6""],[0.77,""7.3""],[0.78,""12.6""],[0.79,""7.8""],[0.8,""22.95""],[0.81,""13.4""],[0.82,""8.8""],[0.83,""9.19""],[0.84,""9.69""],[0.85,""10.19""],[0.86,""10.8""],[0.87,""16.5""],[0.88,""112.3""],[0.89,""13.3""],[0.9,""114.4""],[0.91,""99.7""],[0.92,""139.2""],[0.93,""162.8""],[0.94,""215.35""],[0.95,""124.2""],[0.96,""63.57""]]","[[0.01,""1765""],[0.02,""187.97""],[0.03,""149.02""]]"
2026-05-17T02:29:28.132Z,btc-updown-15m-1778984100,"Bitcoin Up or Down - May 16, 10:15PM-10:30PM ET",btc-updown-15m-1778984100,2026-05-17T02:30:00Z,,0.97,0.98,0.02,0.03,0.975,0.75,10527.888074999995,,1315.0,175.0,"[[0.01,""6741.08""],[0.02,""276.97""],[0.03,""176.03""],[0.04,""40.9""],[0.05,""52.4""],[0.06,""35.67""],[0.07,""30""],[0.08,""42.7""],[0.09,""15.9""],[0.1,""19.4""],[0.11,""13.3""],[0.12,""12.3""],[0.13,""11.5""],[0.14,""10.8""],[0.15,""15.29""],[0.16,""14.69""],[0.17,""9.19""],[0.18,""8.8""],[0.19,""8.4""],[0.2,""33.1""],[0.21,""27.8""],[0.22,""7.6""],[0.23,""7.3""],[0.24,""7.1""],[0.25,""26.9""],[0.26,""6.8""],[0.27,""6.6""],[0.28,""6.4""],[0.29,""6.3""],[0.3,""22.86""],[0.31,""6.1""],[0.32,""6""],[0.33,""5.9""],[0.34,""5.8""],[0.35,""19.98""],[0.36,""5.6""],[0.37,""5.6""],[0.38,""5.5""],[0.39,""5.5""],[0.4,""5.4""],[0.41,""5.4""],[0.42,""5.3""],[0.43,""5.3""],[0.44,""5.3""],[0.45,""5.3""],[0.46,""10.2""],[0.47,""10.2""],[0.48,""5.2""],[0.49,""5.2""],[0.5,""5.2""],[0.51,""5.2""],[0.52,""5.2""],[0.53,""11.51""],[0.54,""10.2""],[0.55,""5.3""],[0.56,""5.3""],[0.57,""5.3""],[0.58,""5.3""],[0.59,""5.4""],[0.6,""5.4""],[0.61,""5.5""],[0.62,""10.5""],[0.63,""5.6""],[0.64,""5.6""],[0.65,""5.7""],[0.66,""5.8""],[0.67,""5.9""],[0.68,""6""],[0.69,""6.1""],[0.7,""6.2""],[0.71,""6.3""],[0.72,""6.4""],[0.73,""6.6""],[0.74,""11.8""],[0.75,""6.9""],[0.76,""17.6""],[0.77,""7.3""],[0.78,""12.6""],[0.79,""7.8""],[0.8,""22.95""],[0.81,""13.4""],[0.82,""8.8""],[0.83,""9.19""],[0.84,""9.69""],[0.85,""10.19""],[0.86,""10.8""],[0.87,""16.5""],[0.88,""12.3""],[0.89,""113.3""],[0.9,""114.4""],[0.91,""86.9""],[0.92,""39.2""],[0.93,""157.8""],[0.94,""164.3""],[0.95,""114.2""],[0.96,""90.68""],[0.97,""1315""]]","[[0.01,""1765""],[0.02,""175""]]"
2026-05-17T02:29:30.887Z,btc-updown-15m-1778984100,"Bitcoin Up or Down - May 16, 10:15PM-10:30PM ET",btc-updown-15m-1778984100,2026-05-17T02:30:00Z,,0.98,0.99,0.01,0.02,0.985,0.75,10527.888074999995,,93.8,1267.46,"[[0.01,""6741.08""],[0.02,""276.97""],[0.03,""176.03""],[0.04,""40.9""],[0.05,""52.4""],[0.06,""35.67""],[0.07,""30""],[0.08,""17.7""],[0.09,""15.9""],[0.1,""19.4""],[0.11,""13.3""],[0.12,""12.3""],[0.13,""11.5""],[0.14,""10.8""],[0.15,""15.29""],[0.16,""14.69""],[0.17,""9.19""],[0.18,""8.8""],[0.19,""8.4""],[0.2,""33.1""],[0.21,""27.8""],[0.22,""7.6""],[0.23,""7.3""],[0.24,""7.1""],[0.25,""26.9""],[0.26,""6.8""],[0.27,""6.6""],[0.28,""6.4""],[0.29,""6.3""],[0.3,""22.86""],[0.31,""6.1""],[0.32,""6""],[0.33,""5.9""],[0.34,""5.8""],[0.35,""19.98""],[0.36,""5.6""],[0.37,""5.6""],[0.38,""5.5""],[0.39,""5.5""],[0.4,""5.4""],[0.41,""5.4""],[0.42,""5.3""],[0.43,""10.3""],[0.44,""5.3""],[0.45,""10.3""],[0.46,""10.2""],[0.47,""15.2""],[0.48,""5.2""],[0.49,""10.2""],[0.5,""5.2""],[0.51,""18.2""],[0.52,""5.2""],[0.53,""11.51""],[0.54,""10.2""],[0.55,""5.3""],[0.56,""5.3""],[0.57,""5.3""],[0.58,""5.3""],[0.59,""5.4""],[0.6,""5.4""],[0.61,""5.5""],[0.62,""5.5""],[0.63,""5.6""],[0.64,""5.6""],[0.65,""5.7""],[0.66,""5.8""],[0.67,""5.9""],[0.68,""11""],[0.69,""6.1""],[0.7,""6.2""],[0.71,""6.3""],[0.72,""6.4""],[0.73,""6.6""],[0.74,""11.8""],[0.75,""6.9""],[0.76,""17.6""],[0.77,""7.3""],[0.78,""12.6""],[0.79,""7.8""],[0.8,""22.95""],[0.81,""13.4""],[0.82,""8.8""],[0.83,""9.19""],[0.84,""9.69""],[0.85,""10.19""],[0.86,""10.8""],[0.87,""11.5""],[0.88,""12.3""],[0.89,""13.3""],[0.9,""119.4""],[0.91,""146.9""],[0.92,""79.2""],[0.93,""32.8""],[0.94,""134.3""],[0.95,""140.2""],[0.96,""99.68""],[0.97,""1341.7""],[0.98,""93.8""]]","[[0.01,""1267.46""]]"
2026-05-17T02:29:34.664Z,btc-updown-15m-1778984100,"Bitcoin Up or Down - May 16, 10:15PM-10:30PM ET",btc-updown-15m-1778984100,2026-05-17T02:30:00Z,,0.99,0.76,0.24,0.01,0.875,0.75,10527.888074999995,,222.16,,"[[0.01,""6837.08""],[0.02,""180.97""],[0.03,""176.03""],[0.04,""40.9""],[0.05,""52.4""],[0.06,""35.67""],[0.07,""30""],[0.08,""17.7""],[0.09,""15.9""],[0.1,""19.4""],[0.11,""13.3""],[0.12,""12.3""],[0.13,""11.5""],[0.14,""10.8""],[0.15,""15.29""],[0.16,""14.69""],[0.17,""9.19""],[0.18,""8.8""],[0.19,""8.4""],[0.2,""33.1""],[0.21,""27.8""],[0.22,""7.6""],[0.23,""7.3""],[0.24,""7.1""],[0.25,""26.9""],[0.26,""6.8""],[0.27,""6.6""],[0.28,""6.4""],[0.29,""6.3""],[0.3,""22.86""],[0.31,""6.1""],[0.32,""6""],[0.33,""5.9""],[0.34,""5.8""],[0.35,""19.98""],[0.36,""5.6""],[0.37,""5.6""],[0.38,""5.5""],[0.39,""5.5""],[0.4,""5.4""],[0.41,""5.4""],[0.42,""5.3""],[0.43,""10.3""],[0.44,""5.3""],[0.45,""10.3""],[0.46,""10.2""],[0.47,""10.2""],[0.48,""5.2""],[0.49,""15.2""],[0.5,""5.2""],[0.51,""18.2""],[0.52,""5.2""],[0.53,""11.51""],[0.54,""10.2""],[0.55,""5.3""],[0.56,""5.3""],[0.57,""5.3""],[0.58,""5.3""],[0.59,""5.4""],[0.6,""5.4""],[0.61,""5.5""],[0.62,""5.5""],[0.63,""5.6""],[0.64,""5.6""],[0.65,""5.7""],[0.66,""5.8""],[0.67,""5.9""],[0.68,""11""],[0.69,""6.1""],[0.7,""6.2""],[0.71,""6.3""],[0.72,""6.4""],[0.73,""6.6""],[0.74,""11.8""],[0.75,""6.9""],[0.76,""17.6""],[0.77,""7.3""],[0.78,""7.6""],[0.79,""12.8""],[0.8,""22.95""],[0.81,""13.4""],[0.82,""8.8""],[0.83,""9.19""],[0.84,""9.69""],[0.85,""10.19""],[0.86,""10.8""],[0.87,""11.5""],[0.88,""12.3""],[0.89,""13.3""],[0.9,""19.4""],[0.91,""46.9""],[0.92,""239.2""],[0.93,""20""],[0.94,""74.3""],[0.95,""40.2""],[0.96,""77.47""],[0.97,""114.08""],[0.98,""33.55""],[0.99,""222.16""]]",[]
2026-05-17T02:29:37.872Z,btc-updown-15m-1778984100,"Bitcoin Up or Down - May 16, 10:15PM-10:30PM ET",btc-updown-15m-1778984100,2026-05-17T02:30:00Z,,0.99,0.76,0.24,0.01,0.875,0.75,10527.888074999995,,663.26,,"[[0.01,""6388.18""],[0.02,""114.67""],[0.03,""131.33""],[0.04,""7""],[0.05,""25""],[0.06,""12.67""],[0.07,""10""],[0.1,""5""],[0.15,""5.1""],[0.16,""5""],[0.2,""25""],[0.21,""33""],[0.25,""20""],[0.3,""16.66""],[0.35,""14.28""],[0.43,""5""],[0.45,""5""],[0.46,""5""],[0.47,""5""],[0.49,""10""],[0.51,""13""],[0.53,""6.31""],[0.54,""5""],[0.68,""5""],[0.74,""5""],[0.76,""10.5""],[0.79,""5""],[0.8,""14.85""],[0.81,""5""],[0.9,""5""],[0.91,""31""],[0.92,""21.5""],[0.93,""100""],[0.94,""6""],[0.95,""12.8""],[0.96,""43.57""],[0.97,""54.38""],[0.98,""159.26""],[0.99,""663.26""]]",[]
2026-05-17T02:29:40.293Z,btc-updown-15m-1778984100,"Bitcoin Up or Down - May 16, 10:15PM-10:30PM ET",btc-updown-15m-1778984100,2026-05-17T02:30:00Z,,0.99,0.76,0.24,0.01,0.875,0.75,10527.888074999995,,678.26,,"[[0.01,""6388.18""],[0.02,""114.67""],[0.03,""131.33""],[0.04,""7""],[0.05,""25""],[0.06,""12.67""],[0.07,""10""],[0.1,""5""],[0.15,""5.1""],[0.16,""5""],[0.2,""25""],[0.21,""33""],[0.25,""20""],[0.3,""16.66""],[0.35,""14.28""],[0.43,""5""],[0.45,""5""],[0.46,""5""],[0.47,""5""],[0.49,""10""],[0.51,""13""],[0.53,""6.31""],[0.54,""5""],[0.68,""5""],[0.74,""5""],[0.8,""14.85""],[0.81,""5""],[0.9,""5""],[0.91,""31""],[0.92,""21.5""],[0.94,""6""],[0.95,""112.8""],[0.96,""143.57""],[0.97,""54.38""],[0.98,""184.26""],[0.99,""678.26""]]",[]
2026-05-17T02:29:43.784Z,btc-updown-15m-1778984100,"Bitcoin Up or Down - May 16, 10:15PM-10:30PM ET",btc-updown-15m-1778984100,2026-05-17T02:30:00Z,,0.99,0.76,0.24,0.01,0.875,0.75,10527.888074999995,,860.8,,"[[0.01,""6388.18""],[0.02,""114.67""],[0.03,""131.33""],[0.04,""7""],[0.05,""25""],[0.06,""12.67""],[0.07,""10""],[0.1,""5""],[0.15,""5.1""],[0.16,""5""],[0.2,""25""],[0.21,""33""],[0.25,""20""],[0.3,""16.66""],[0.35,""14.28""],[0.43,""5""],[0.45,""5""],[0.46,""5""],[0.47,""5""],[0.49,""10""],[0.51,""13""],[0.53,""6.31""],[0.54,""5""],[0.68,""5""],[0.74,""5""],[0.8,""14.85""],[0.81,""5""],[0.9,""5""],[0.91,""31""],[0.92,""21.5""],[0.94,""6""],[0.95,""12.8""],[0.96,""143.57""],[0.97,""154.38""],[0.98,""144.26""],[0.99,""860.8""]]",[]
2026-05-17T02:29:45.357Z,btc-updown-15m-1778984100,"Bitcoin Up or Down - May 16, 10:15PM-10:30PM ET",btc-updown-15m-1778984100,2026-05-17T02:30:00Z,,0.99,0.76,0.24,0.01,0.875,0.75,10527.888074999995,,845.0,,"[[0.01,""6388.18""],[0.02,""114.67""],[0.03,""131.33""],[0.04,""7""],[0.05,""25""],[0.06,""12.67""],[0.07,""10""],[0.1,""5""],[0.15,""5.1""],[0.16,""5""],[0.2,""25""],[0.21,""33""],[0.25,""20""],[0.3,""16.66""],[0.35,""14.28""],[0.43,""5""],[0.45,""5""],[0.46,""5""],[0.47,""5""],[0.49,""10""],[0.51,""13""],[0.53,""6.31""],[0.54,""5""],[0.68,""5""],[0.74,""5""],[0.8,""14.85""],[0.81,""5""],[0.9,""5""],[0.91,""31""],[0.92,""21.5""],[0.94,""6""],[0.95,""12.8""],[0.96,""43.57""],[0.97,""254.38""],[0.98,""144.26""],[0.99,""845""]]",[]
2026-05-17T02:29:47.325Z,btc-updown-15m-1778984100,"Bitcoin Up or Down - May 16, 10:15PM-10:30PM ET",btc-updown-15m-1778984100,2026-05-17T02:30:00Z,,0.99,0.76,0.24,0.01,0.875,0.75,10527.888074999995,,902.46,,"[[0.01,""6388.18""],[0.02,""114.67""],[0.03,""131.33""],[0.04,""7""],[0.05,""25""],[0.06,""12.67""],[0.07,""10""],[0.1,""5""],[0.15,""5.1""],[0.16,""5""],[0.2,""25""],[0.21,""33""],[0.25,""20""],[0.3,""16.66""],[0.35,""14.28""],[0.43,""5""],[0.45,""5""],[0.46,""5""],[0.47,""5""],[0.49,""10""],[0.51,""13""],[0.53,""6.31""],[0.54,""5""],[0.68,""5""],[0.74,""5""],[0.79,""5""],[0.8,""14.85""],[0.81,""5""],[0.9,""5""],[0.91,""31""],[0.92,""21.5""],[0.94,""6""],[0.95,""12.8""],[0.96,""43.57""],[0.97,""254.38""],[0.98,""144.26""],[0.99,""902.46""]]",[]
2026-05-17T02:29:49.383Z,btc-updown-15m-1778984100,"Bitcoin Up or Down - May 16, 10:15PM-10:30PM ET",btc-updown-15m-1778984100,2026-05-17T02:30:00Z,,0.99,0.76,0.24,0.01,0.875,0.75,10527.888074999995,,902.46,,"[[0.01,""6388.18""],[0.02,""114.67""],[0.03,""131.33""],[0.04,""7""],[0.05,""25""],[0.06,""12.67""],[0.07,""10""],[0.1,""5""],[0.15,""5.1""],[0.16,""5""],[0.2,""25""],[0.21,""33""],[0.25,""20""],[0.3,""16.66""],[0.35,""14.28""],[0.43,""5""],[0.45,""5""],[0.46,""5""],[0.47,""5""],[0.49,""10""],[0.51,""13""],[0.53,""6.31""],[0.54,""5""],[0.68,""5""],[0.74,""5""],[0.79,""5""],[0.8,""14.85""],[0.81,""5""],[0.9,""5""],[0.91,""31""],[0.92,""21.5""],[0.94,""6""],[0.95,""12.8""],[0.96,""43.57""],[0.97,""154.38""],[0.98,""244.26""],[0.99,""902.46""]]",[]
2026-05-17T02:29:52.153Z,btc-updown-15m-1778984100,"Bitcoin Up or Down - May 16, 10:15PM-10:30PM ET",btc-updown-15m-1778984100,2026-05-17T02:30:00Z,,0.99,0.76,0.24,0.01,0.875,0.75,10527.888074999995,,3402.46,,"[[0.01,""1388.18""],[0.02,""114.67""],[0.03,""131.33""],[0.04,""7""],[0.05,""25""],[0.06,""12.67""],[0.07,""10""],[0.1,""123""],[0.15,""84.1""],[0.16,""5""],[0.2,""84""],[0.21,""33""],[0.25,""67""],[0.3,""55.66""],[0.35,""47.28""],[0.4,""29""],[0.43,""5""],[0.45,""5""],[0.47,""5""],[0.49,""10""],[0.51,""13""],[0.53,""6.31""],[0.54,""5""],[0.79,""5""],[0.8,""14.85""],[0.91,""31""],[0.92,""21.5""],[0.94,""6""],[0.95,""12.8""],[0.96,""43.57""],[0.97,""144.38""],[0.98,""244.26""],[0.99,""3402.46""]]",[]
2026-05-17T02:29:55.999Z,btc-updown-15m-1778984100,"Bitcoin Up or Down - May 16, 10:15PM-10:30PM ET",btc-updown-15m-1778984100,2026-05-17T02:30:00Z,,0.99,0.76,0.24,0.01,0.875,0.75,10527.888074999995,,5609.99,,"[[0.01,""1283.18""],[0.02,""114.67""],[0.03,""97.33""],[0.04,""7""],[0.05,""25""],[0.06,""12.67""],[0.07,""10""],[0.1,""1373""],[0.15,""84.1""],[0.16,""5""],[0.2,""709""],[0.21,""33""],[0.25,""67""],[0.3,""471.66""],[0.35,""47.28""],[0.4,""341""],[0.43,""5""],[0.45,""5""],[0.47,""5""],[0.49,""10""],[0.51,""13""],[0.53,""6.31""],[0.54,""5""],[0.79,""5""],[0.8,""14.85""],[0.91,""31""],[0.92,""21.5""],[0.94,""6""],[0.96,""37""],[0.97,""131.58""],[0.98,""169.26""],[0.99,""5609.99""]]",[]
2026-05-17T02:30:01.521Z,btc-updown-15m-1778984100,"Bitcoin Up or Down - May 16, 10:15PM-10:30PM ET",btc-updown-15m-1778984100,2026-05-17T02:30:00Z,,0.99,0.76,0.24,0.01,0.875,0.75,10527.888074999995,,218684.55,,"[[0.01,""1450.38""],[0.02,""714.67""],[0.03,""97.33""],[0.04,""1137""],[0.05,""25""],[0.06,""114.67""],[0.07,""960""],[0.1,""5""],[0.11,""62""],[0.15,""5.1""],[0.16,""5""],[0.2,""547""],[0.21,""75""],[0.25,""20""],[0.3,""266.66""],[0.31,""11""],[0.35,""26.18""],[0.4,""10.41""],[0.41,""11""],[0.43,""5""],[0.45,""151.25""],[0.47,""5""],[0.49,""10""],[0.5,""8.33""],[0.51,""24""],[0.53,""6.31""],[0.54,""5""],[0.6,""6.94""],[0.61,""11""],[0.65,""50""],[0.7,""5.95""],[0.79,""5""],[0.8,""14.85""],[0.91,""1697""],[0.92,""21.5""],[0.94,""6""],[0.97,""31.58""],[0.98,""41""],[0.99,""218684.55""]]",[]
2026-05-17T02:30:03.489Z,btc-updown-15m-1778984100,"Bitcoin Up or Down - May 16, 10:15PM-10:30PM ET",btc-updown-15m-1778984100,2026-05-17T02:30:00Z,,0.99,0.76,0.24,0.01,0.875,0.75,10527.888074999995,,441599.03,,"[[0.01,""101450.38""],[0.02,""714.67""],[0.03,""97.33""],[0.04,""1137""],[0.05,""135""],[0.06,""114.67""],[0.07,""960""],[0.1,""70""],[0.11,""62""],[0.15,""48.1""],[0.16,""5""],[0.2,""579""],[0.21,""75""],[0.25,""20""],[0.3,""266.66""],[0.31,""11""],[0.35,""26.18""],[0.4,""10.41""],[0.41,""11""],[0.43,""5""],[0.45,""151.25""],[0.47,""5""],[0.49,""10""],[0.5,""8.33""],[0.51,""24""],[0.53,""6.31""],[0.54,""5""],[0.6,""6.94""],[0.61,""11""],[0.65,""50""],[0.7,""5005.95""],[0.79,""5""],[0.8,""14.85""],[0.9,""3000""],[0.91,""1697""],[0.92,""21.5""],[0.93,""1666""],[0.94,""1672""],[0.96,""1666""],[0.97,""1666""],[0.98,""1707""],[0.99,""441599.03""]]",[]
2026-05-17T02:30:05.642Z,btc-updown-15m-1778984100,"Bitcoin Up or Down - May 16, 10:15PM-10:30PM ET",btc-updown-15m-1778984100,2026-05-17T02:30:00Z,,0.99,0.76,0.24,0.01,0.875,0.75,10527.888074999995,,520818.21,,"[[0.01,""101450.38""],[0.02,""714.67""],[0.03,""97.33""],[0.04,""26137""],[0.05,""5""],[0.06,""114.67""],[0.07,""960""],[0.1,""5""],[0.11,""62""],[0.15,""5.1""],[0.16,""5""],[0.2,""522""],[0.21,""75""],[0.3,""250""],[0.31,""11""],[0.35,""11.9""],[0.4,""10.41""],[0.41,""11""],[0.43,""5""],[0.45,""3393.25""],[0.47,""5""],[0.49,""10""],[0.5,""8.33""],[0.51,""24""],[0.53,""6.31""],[0.54,""5""],[0.6,""6.94""],[0.61,""11""],[0.65,""50""],[0.7,""5005.95""],[0.8,""14.85""],[0.9,""3000""],[0.91,""1697""],[0.92,""21.5""],[0.93,""1666""],[0.94,""1672""],[0.96,""1666""],[0.97,""1666""],[0.98,""1770""],[0.99,""520818.21""]]",[]
2026-05-17T02:30:08.221Z,btc-updown-15m-1778984100,"Bitcoin Up or Down - May 16, 10:15PM-10:30PM ET",btc-updown-15m-1778984100,2026-05-17T02:30:00Z,,0.99,0.76,0.24,0.01,0.875,0.75,10527.888074999995,,537692.22,,"[[0.01,""101450.38""],[0.02,""714.67""],[0.03,""97.33""],[0.04,""26137""],[0.05,""5""],[0.06,""25114.67""],[0.07,""960""],[0.1,""5""],[0.11,""62""],[0.15,""5.1""],[0.16,""5""],[0.2,""522""],[0.21,""75""],[0.3,""250""],[0.31,""16911""],[0.35,""11.9""],[0.4,""10.41""],[0.41,""11""],[0.43,""5""],[0.45,""3393.25""],[0.47,""5""],[0.48,""2600""],[0.49,""10""],[0.5,""8.33""],[0.51,""24""],[0.53,""6.31""],[0.54,""5""],[0.6,""6.94""],[0.61,""11""],[0.65,""3292""],[0.7,""5005.95""],[0.71,""9600""],[0.75,""3242""],[0.8,""14.85""],[0.85,""3242""],[0.9,""3000""],[0.91,""1697""],[0.92,""21.5""],[0.93,""1666""],[0.94,""11338""],[0.95,""12907""],[0.96,""1731""],[0.97,""1730""],[0.98,""23770""],[0.99,""537692.22""]]",[]
2026-05-17T02:30:11.488Z,btc-updown-15m-1778984100,"Bitcoin Up or Down - May 16, 10:15PM-10:30PM ET",btc-updown-15m-1778984100,2026-05-17T02:30:00Z,,0.99,0.76,0.24,0.01,0.875,0.75,10527.888074999995,,539429.66,,"[[0.01,""101450.38""],[0.02,""714.67""],[0.03,""97.33""],[0.04,""26137""],[0.05,""5""],[0.06,""25114.67""],[0.07,""960""],[0.1,""5""],[0.11,""62""],[0.15,""5.1""],[0.16,""5""],[0.2,""522""],[0.21,""75""],[0.3,""250""],[0.31,""16911""],[0.35,""11.9""],[0.4,""10.41""],[0.41,""11""],[0.43,""5""],[0.45,""3393.25""],[0.47,""5""],[0.48,""2600""],[0.49,""10""],[0.5,""8.33""],[0.51,""24""],[0.53,""6.31""],[0.54,""5""],[0.6,""6.94""],[0.61,""11""],[0.65,""3292""],[0.7,""5005.95""],[0.71,""9600""],[0.75,""3242""],[0.8,""14.85""],[0.85,""3242""],[0.9,""3000""],[0.91,""1697""],[0.92,""21.5""],[0.93,""1666""],[0.94,""11338""],[0.95,""12907""],[0.96,""1731""],[0.97,""1730""],[0.98,""23770""],[0.99,""539429.66""]]",[]
2026-05-17T02:30:12.471Z,btc-updown-15m-1778984100,"Bitcoin Up or Down - May 16, 10:15PM-10:30PM ET",btc-updown-15m-1778984100,2026-05-17T02:30:00Z,,0.99,0.76,0.24,0.01,0.875,0.75,10527.888074999995,,539429.66,,"[[0.01,""101450.38""],[0.02,""714.67""],[0.03,""97.33""],[0.04,""26137""],[0.05,""5""],[0.06,""25114.67""],[0.07,""960""],[0.1,""5""],[0.11,""62""],[0.15,""5.1""],[0.16,""5""],[0.2,""522""],[0.21,""75""],[0.3,""250""],[0.31,""16911""],[0.35,""11.9""],[0.4,""10.41""],[0.41,""11""],[0.43,""5""],[0.45,""3393.25""],[0.47,""5""],[0.48,""2600""],[0.49,""5""],[0.5,""8.33""],[0.51,""24""],[0.53,""6.31""],[0.54,""5""],[0.6,""6.94""],[0.61,""11""],[0.65,""3292""],[0.7,""5005.95""],[0.71,""9600""],[0.75,""3242""],[0.8,""14.85""],[0.85,""3242""],[0.9,""3000""],[0.91,""1697""],[0.92,""21.5""],[0.93,""1666""],[0.94,""11338""],[0.95,""12907""],[0.96,""1731""],[0.97,""1730""],[0.98,""23770""],[0.99,""539429.66""]]",[]
2026-05-17T02:30:14.592Z,btc-updown-15m-1778984100,"Bitcoin Up or Down - May 16, 10:15PM-10:30PM ET",btc-updown-15m-1778984100,2026-05-17T02:30:00Z,,0.99,0.76,0.24,0.01,0.875,0.75,10527.888074999995,,539429.66,,"[[0.01,""101440.38""],[0.02,""714.67""],[0.03,""97.33""],[0.04,""26137""],[0.05,""5""],[0.06,""25114.67""],[0.07,""960""],[0.1,""5""],[0.11,""62""],[0.15,""5.1""],[0.16,""5""],[0.2,""522""],[0.21,""75""],[0.3,""250""],[0.31,""16911""],[0.35,""11.9""],[0.4,""10.41""],[0.41,""11""],[0.43,""5""],[0.45,""3393.25""],[0.47,""5""],[0.48,""2600""],[0.49,""5""],[0.5,""8.33""],[0.51,""24""],[0.53,""6.31""],[0.54,""5""],[0.6,""6.94""],[0.61,""11""],[0.65,""3292""],[0.7,""5005.95""],[0.71,""9600""],[0.75,""3242""],[0.8,""14.85""],[0.85,""3242""],[0.9,""3000""],[0.91,""1697""],[0.92,""21.5""],[0.93,""1666""],[0.94,""11338""],[0.95,""12907""],[0.96,""1731""],[0.97,""1730""],[0.98,""23770""],[0.99,""539429.66""]]",[]
2026-05-17T02:30:16.566Z,btc-updown-15m-1778984100,"Bitcoin Up or Down - May 16, 10:15PM-10:30PM ET",btc-updown-15m-1778984100,2026-05-17T02:30:00Z,,0.99,0.76,0.24,0.01,0.875,0.75,10527.888074999995,,508133.66,,"[[0.01,""101440.38""],[0.02,""714.67""],[0.03,""97.33""],[0.04,""26137""],[0.05,""5""],[0.06,""25114.67""],[0.07,""960""],[0.1,""5""],[0.11,""62""],[0.15,""5.1""],[0.16,""5""],[0.2,""522""],[0.21,""75""],[0.3,""250""],[0.31,""16911""],[0.35,""11.9""],[0.4,""10.41""],[0.41,""11""],[0.43,""5""],[0.45,""3393.25""],[0.47,""5""],[0.48,""2600""],[0.49,""5""],[0.5,""8.33""],[0.51,""24""],[0.53,""6.31""],[0.54,""5""],[0.6,""6.94""],[0.61,""11""],[0.65,""3292""],[0.7,""5005.95""],[0.71,""9600""],[0.75,""3242""],[0.8,""14.85""],[0.85,""3242""],[0.9,""3000""],[0.91,""1697""],[0.92,""21.5""],[0.93,""1666""],[0.94,""11272""],[0.95,""12842""],[0.96,""1666""],[0.97,""1666""],[0.98,""23707""],[0.99,""508133.66""]]",[]
2026-05-17T02:30:18.556Z,btc-updown-15m-1778984100,"Bitcoin Up or Down - May 16, 10:15PM-10:30PM ET",btc-updown-15m-1778984100,2026-05-17T02:30:00Z,,0.99,0.76,0.24,0.01,0.875,0.75,10527.888074999995,,508133.66,,"[[0.01,""101440.38""],[0.02,""714.67""],[0.03,""97.33""],[0.04,""26137""],[0.05,""5""],[0.06,""25114.67""],[0.07,""960""],[0.1,""5""],[0.11,""62""],[0.15,""5.1""],[0.16,""5""],[0.2,""522""],[0.21,""75""],[0.3,""250""],[0.31,""16911""],[0.35,""11.9""],[0.4,""10.41""],[0.41,""11""],[0.43,""5""],[0.45,""3393.25""],[0.47,""5""],[0.48,""2600""],[0.49,""5""],[0.5,""8.33""],[0.51,""24""],[0.53,""6.31""],[0.54,""5""],[0.6,""6.94""],[0.61,""11""],[0.65,""3292""],[0.7,""5005.95""],[0.71,""9600""],[0.75,""3242""],[0.8,""14.85""],[0.85,""3242""],[0.9,""3000""],[0.91,""1697""],[0.92,""21.5""],[0.93,""1666""],[0.94,""11272""],[0.95,""12842""],[0.96,""1666""],[0.97,""1666""],[0.98,""23707""],[0.99,""508133.66""]]",[]
