timestamp_utc,ticker,title,event_ticker,close_time,status,yes_bid,yes_ask,no_bid,no_ask,yes_mid,last_price,volume,open_interest,best_yes_bid_qty,best_no_bid_qty,yes_levels_json,no_levels_json
2026-05-17T02:45:23.581Z,btc-updown-15m-1778985900,"Bitcoin Up or Down - May 16, 10:45PM-11:00PM ET",btc-updown-15m-1778985900,2026-05-17T03:00:00Z,,0.48,0.49,0.51,0.52,0.485,0.5,130.392135,,4.42,142.56,"[[0.01,""10370.02""],[0.02,""41559.6""],[0.03,""25030.97""],[0.04,""16627""],[0.05,""12160""],[0.06,""9057.34""],[0.07,""7232.41""],[0.08,""5299.5""],[0.09,""51.12""],[0.1,""35""],[0.11,""54.1""],[0.12,""28.34""],[0.13,""47.7""],[0.14,""27.15""],[0.15,""51.67""],[0.16,""36.25""],[0.17,""45.89""],[0.18,""30.56""],[0.19,""45.27""],[0.2,""70""],[0.21,""45""],[0.22,""25""],[0.23,""45""],[0.24,""25""],[0.25,""65""],[0.26,""30""],[0.27,""60""],[0.28,""25""],[0.29,""60""],[0.3,""46.66""],[0.31,""60""],[0.32,""25""],[0.33,""70""],[0.34,""30.5""],[0.35,""107.86""],[0.36,""31""],[0.37,""60""],[0.38,""30""],[0.39,""75""],[0.4,""74.7""],[0.41,""70""],[0.42,""230""],[0.43,""71""],[0.44,""75""],[0.45,""131.66""],[0.46,""172.8""],[0.47,""177.8""],[0.48,""4.42""]]","[[0.01,""10357.91""],[0.02,""41515.1""],[0.03,""25043.61""],[0.04,""16627""],[0.05,""12155.01""],[0.06,""9062.34""],[0.07,""7222.58""],[0.08,""5299.51""],[0.09,""51.12""],[0.1,""45.01""],[0.11,""54.1""],[0.12,""28.34""],[0.13,""47.7""],[0.14,""27.15""],[0.15,""51.67""],[0.16,""36.25""],[0.17,""45.89""],[0.18,""25.56""],[0.19,""45.27""],[0.2,""45.01""],[0.21,""50""],[0.22,""25""],[0.23,""45""],[0.24,""40""],[0.25,""50""],[0.26,""25""],[0.27,""45""],[0.28,""25""],[0.29,""50""],[0.3,""43.88""],[0.31,""50""],[0.32,""50""],[0.33,""45""],[0.34,""40""],[0.35,""78.58""],[0.36,""51""],[0.37,""45""],[0.38,""45""],[0.39,""55""],[0.4,""190.2""],[0.41,""175""],[0.42,""57""],[0.43,""55""],[0.44,""100""],[0.45,""65""],[0.46,""195""],[0.47,""160.5""],[0.48,""113.3""],[0.49,""195.7""],[0.5,""37.8""],[0.51,""142.56""]]"
2026-05-17T02:45:28.240Z,btc-updown-15m-1778985900,"Bitcoin Up or Down - May 16, 10:45PM-11:00PM ET",btc-updown-15m-1778985900,2026-05-17T03:00:00Z,,0.48,0.49,0.51,0.52,0.485,0.5,130.392135,,5.0,227.22,"[[0.01,""10370.02""],[0.02,""41559.6""],[0.03,""25214.07""],[0.04,""16705.09""],[0.05,""12223.2""],[0.06,""9110.54""],[0.07,""7278.51""],[0.08,""5340.29""],[0.09,""87.72""],[0.1,""68.29""],[0.11,""84.7""],[0.12,""56.74""],[0.13,""47.7""],[0.14,""27.15""],[0.15,""51.67""],[0.16,""36.25""],[0.17,""45.89""],[0.18,""30.56""],[0.19,""45.27""],[0.2,""70""],[0.21,""45""],[0.22,""25""],[0.23,""45""],[0.24,""25""],[0.25,""65""],[0.26,""30""],[0.27,""60""],[0.28,""25""],[0.29,""60""],[0.3,""46.66""],[0.31,""60""],[0.32,""25""],[0.33,""65""],[0.34,""30.5""],[0.35,""112.86""],[0.36,""31""],[0.37,""65""],[0.38,""40""],[0.39,""70""],[0.4,""74.7""],[0.41,""70""],[0.42,""30""],[0.43,""171""],[0.44,""175""],[0.45,""171.66""],[0.46,""226.87""],[0.47,""190.44""],[0.48,""5""]]","[[0.01,""10357.91""],[0.02,""41515.1""],[0.03,""25226.71""],[0.04,""16705.09""],[0.05,""12218.21""],[0.06,""9115.54""],[0.07,""7268.68""],[0.08,""5340.3""],[0.09,""87.72""],[0.1,""78.3""],[0.11,""84.7""],[0.12,""28.34""],[0.13,""47.7""],[0.14,""27.15""],[0.15,""51.67""],[0.16,""36.25""],[0.17,""45.89""],[0.18,""25.56""],[0.19,""45.27""],[0.2,""45.01""],[0.21,""50""],[0.22,""25""],[0.23,""45""],[0.24,""40""],[0.25,""50""],[0.26,""25""],[0.27,""45""],[0.28,""25""],[0.29,""50""],[0.3,""43.88""],[0.31,""45""],[0.32,""50""],[0.33,""45""],[0.34,""40""],[0.35,""78.58""],[0.36,""51""],[0.37,""45""],[0.38,""45""],[0.39,""50""],[0.4,""190.2""],[0.41,""175""],[0.42,""57""],[0.43,""95""],[0.44,""100""],[0.45,""60""],[0.46,""195""],[0.47,""160.5""],[0.48,""108.3""],[0.49,""63""],[0.5,""57.8""],[0.51,""227.22""]]"
2026-05-17T02:45:30.484Z,btc-updown-15m-1778985900,"Bitcoin Up or Down - May 16, 10:45PM-11:00PM ET",btc-updown-15m-1778985900,2026-05-17T03:00:00Z,,0.48,0.49,0.51,0.52,0.485,0.5,130.392135,,42.03,221.22,"[[0.01,""10375.02""],[0.02,""41559.6""],[0.03,""25214.07""],[0.04,""16705.09""],[0.05,""12223.2""],[0.06,""9110.54""],[0.07,""7278.51""],[0.08,""5340.29""],[0.09,""87.72""],[0.1,""68.29""],[0.11,""84.7""],[0.12,""56.74""],[0.13,""74.2""],[0.14,""52.05""],[0.15,""75.17""],[0.16,""58.55""],[0.17,""45.89""],[0.18,""30.56""],[0.19,""45.27""],[0.2,""70""],[0.21,""45""],[0.22,""25""],[0.23,""45""],[0.24,""25""],[0.25,""65""],[0.26,""30""],[0.27,""60""],[0.28,""25""],[0.29,""60""],[0.3,""46.66""],[0.31,""60""],[0.32,""25""],[0.33,""65""],[0.34,""35.5""],[0.35,""107.86""],[0.36,""36""],[0.37,""70""],[0.38,""40""],[0.39,""75""],[0.4,""74.7""],[0.41,""70""],[0.42,""30""],[0.43,""171""],[0.44,""175""],[0.45,""171.66""],[0.46,""207.8""],[0.47,""190.44""],[0.48,""42.03""]]","[[0.01,""10352.91""],[0.02,""41515.1""],[0.03,""25226.71""],[0.04,""16705.09""],[0.05,""12218.21""],[0.06,""9115.54""],[0.07,""7268.68""],[0.08,""5340.3""],[0.09,""87.72""],[0.1,""78.3""],[0.11,""84.7""],[0.12,""56.74""],[0.13,""74.2""],[0.14,""52.05""],[0.15,""75.17""],[0.16,""36.25""],[0.17,""45.89""],[0.18,""25.56""],[0.19,""45.27""],[0.2,""45.01""],[0.21,""50""],[0.22,""25""],[0.23,""45""],[0.24,""40""],[0.25,""50""],[0.26,""25""],[0.27,""45""],[0.28,""25""],[0.29,""50""],[0.3,""48.88""],[0.31,""45""],[0.32,""50""],[0.33,""45""],[0.34,""40""],[0.35,""78.58""],[0.36,""51""],[0.37,""45""],[0.38,""45""],[0.39,""55""],[0.4,""190.2""],[0.41,""175""],[0.42,""57""],[0.43,""95""],[0.44,""100""],[0.45,""65""],[0.46,""195""],[0.47,""200.5""],[0.48,""68.3""],[0.49,""63""],[0.5,""57.8""],[0.51,""221.22""]]"
2026-05-17T02:45:35.069Z,btc-updown-15m-1778985900,"Bitcoin Up or Down - May 16, 10:45PM-11:00PM ET",btc-updown-15m-1778985900,2026-05-17T03:00:00Z,,0.48,0.49,0.51,0.52,0.485,0.5,130.392135,,57.23,215.91,"[[0.01,""10370.02""],[0.02,""41559.6""],[0.03,""25214.07""],[0.04,""16705.09""],[0.05,""12223.2""],[0.06,""9110.54""],[0.07,""7278.51""],[0.08,""5340.29""],[0.09,""87.72""],[0.1,""68.29""],[0.11,""84.7""],[0.12,""56.74""],[0.13,""74.2""],[0.14,""52.05""],[0.15,""75.17""],[0.16,""58.55""],[0.17,""67.19""],[0.18,""50.86""],[0.19,""64.77""],[0.2,""88.8""],[0.21,""63.1""],[0.22,""42.5""],[0.23,""61.89""],[0.24,""41.39""],[0.25,""81""],[0.26,""45.6""],[0.27,""75.2""],[0.28,""39.9""],[0.29,""60""],[0.3,""46.66""],[0.31,""60""],[0.32,""25""],[0.33,""65""],[0.34,""30.5""],[0.35,""112.86""],[0.36,""231""],[0.37,""470""],[0.38,""340""],[0.39,""75""],[0.4,""84.7""],[0.41,""65""],[0.42,""30""],[0.43,""176""],[0.44,""175""],[0.45,""171.66""],[0.46,""212.8""],[0.47,""136.36""],[0.48,""57.23""]]","[[0.01,""10357.91""],[0.02,""41515.1""],[0.03,""25226.71""],[0.04,""16705.09""],[0.05,""12218.21""],[0.06,""9115.54""],[0.07,""7268.68""],[0.08,""5340.3""],[0.09,""87.72""],[0.1,""78.3""],[0.11,""84.7""],[0.12,""56.74""],[0.13,""74.2""],[0.14,""52.05""],[0.15,""75.17""],[0.16,""58.55""],[0.17,""67.19""],[0.18,""45.86""],[0.19,""64.77""],[0.2,""63.81""],[0.21,""68.1""],[0.22,""25""],[0.23,""45""],[0.24,""40""],[0.25,""50""],[0.26,""25""],[0.27,""45""],[0.28,""25""],[0.29,""55""],[0.3,""43.88""],[0.31,""45""],[0.32,""50""],[0.33,""45""],[0.34,""40""],[0.35,""78.58""],[0.36,""51""],[0.37,""245""],[0.38,""445""],[0.39,""355""],[0.4,""200.2""],[0.41,""185""],[0.42,""57""],[0.43,""95""],[0.44,""100""],[0.45,""60""],[0.46,""195""],[0.47,""200.5""],[0.48,""68.3""],[0.49,""83""],[0.5,""57.8""],[0.51,""215.91""]]"
2026-05-17T02:45:36.706Z,btc-updown-15m-1778985900,"Bitcoin Up or Down - May 16, 10:45PM-11:00PM ET",btc-updown-15m-1778985900,2026-05-17T03:00:00Z,,0.47,0.48,0.52,0.53,0.475,0.5,130.392135,,208.65,5.0,"[[0.01,""10370.02""],[0.02,""41559.6""],[0.03,""25214.07""],[0.04,""16705.09""],[0.05,""12223.2""],[0.06,""9110.54""],[0.07,""7278.51""],[0.08,""90.29""],[0.09,""87.72""],[0.1,""68.29""],[0.11,""84.7""],[0.12,""56.74""],[0.13,""74.2""],[0.14,""52.05""],[0.15,""75.17""],[0.16,""58.55""],[0.17,""67.19""],[0.18,""50.86""],[0.19,""64.77""],[0.2,""88.8""],[0.21,""63.1""],[0.22,""42.5""],[0.23,""61.89""],[0.24,""41.39""],[0.25,""81""],[0.26,""45.6""],[0.27,""75.2""],[0.28,""39.9""],[0.29,""60""],[0.3,""46.66""],[0.31,""60""],[0.32,""25""],[0.33,""70""],[0.34,""30.5""],[0.35,""107.86""],[0.36,""631""],[0.37,""65""],[0.38,""330""],[0.39,""65""],[0.4,""79.7""],[0.41,""65""],[0.42,""230""],[0.43,""71""],[0.44,""115""],[0.45,""126.66""],[0.46,""227.8""],[0.47,""208.65""]]","[[0.01,""10357.91""],[0.02,""41515.1""],[0.03,""25226.71""],[0.04,""16705.09""],[0.05,""12218.21""],[0.06,""9115.54""],[0.07,""7268.68""],[0.08,""90.3""],[0.09,""87.72""],[0.1,""78.3""],[0.11,""84.7""],[0.12,""56.74""],[0.13,""74.2""],[0.14,""52.05""],[0.15,""75.17""],[0.16,""58.55""],[0.17,""67.19""],[0.18,""45.86""],[0.19,""64.77""],[0.2,""63.81""],[0.21,""68.1""],[0.22,""42.5""],[0.23,""61.89""],[0.24,""56.39""],[0.25,""66""],[0.26,""40.6""],[0.27,""60.2""],[0.28,""39.9""],[0.29,""50""],[0.3,""43.88""],[0.31,""50""],[0.32,""50""],[0.33,""45""],[0.34,""40""],[0.35,""78.58""],[0.36,""51""],[0.37,""245""],[0.38,""445""],[0.39,""355""],[0.4,""200.2""],[0.41,""185""],[0.42,""57""],[0.43,""55""],[0.44,""140""],[0.45,""60""],[0.46,""200""],[0.47,""200.5""],[0.48,""68.3""],[0.49,""83""],[0.5,""42.8""],[0.51,""194.34""],[0.52,""5""]]"
2026-05-17T02:45:38.589Z,btc-updown-15m-1778985900,"Bitcoin Up or Down - May 16, 10:45PM-11:00PM ET",btc-updown-15m-1778985900,2026-05-17T03:00:00Z,,0.47,0.48,0.52,0.53,0.475,0.5,130.392135,,196.64,10.0,"[[0.01,""10375.02""],[0.02,""41559.6""],[0.03,""25214.07""],[0.04,""16705.09""],[0.05,""12223.2""],[0.06,""9110.54""],[0.07,""7278.51""],[0.08,""90.29""],[0.09,""87.72""],[0.1,""68.29""],[0.11,""84.7""],[0.12,""56.74""],[0.13,""74.2""],[0.14,""52.05""],[0.15,""75.17""],[0.16,""58.55""],[0.17,""67.19""],[0.18,""50.86""],[0.19,""64.77""],[0.2,""88.8""],[0.21,""63.1""],[0.22,""42.5""],[0.23,""61.89""],[0.24,""41.39""],[0.25,""81""],[0.26,""45.6""],[0.27,""75.2""],[0.28,""39.9""],[0.29,""74.6""],[0.3,""60.96""],[0.31,""74""],[0.32,""38.8""],[0.33,""70""],[0.34,""30.5""],[0.35,""207.86""],[0.36,""631""],[0.37,""65""],[0.38,""330""],[0.39,""65""],[0.4,""79.7""],[0.41,""65""],[0.42,""230""],[0.43,""71""],[0.44,""115""],[0.45,""126.66""],[0.46,""227.8""],[0.47,""196.64""]]","[[0.01,""10352.91""],[0.02,""41515.1""],[0.03,""25226.71""],[0.04,""16705.09""],[0.05,""12218.21""],[0.06,""9115.54""],[0.07,""7268.68""],[0.08,""90.3""],[0.09,""87.72""],[0.1,""78.3""],[0.11,""84.7""],[0.12,""56.74""],[0.13,""74.2""],[0.14,""52.05""],[0.15,""75.17""],[0.16,""58.55""],[0.17,""67.19""],[0.18,""45.86""],[0.19,""64.77""],[0.2,""63.81""],[0.21,""68.1""],[0.22,""42.5""],[0.23,""61.89""],[0.24,""56.39""],[0.25,""66""],[0.26,""40.6""],[0.27,""60.2""],[0.28,""39.9""],[0.29,""64.6""],[0.3,""58.18""],[0.31,""64""],[0.32,""50""],[0.33,""45""],[0.34,""40""],[0.35,""78.58""],[0.36,""51""],[0.37,""245""],[0.38,""445""],[0.39,""355""],[0.4,""200.2""],[0.41,""185""],[0.42,""57""],[0.43,""55""],[0.44,""140""],[0.45,""60""],[0.46,""200""],[0.47,""200.5""],[0.48,""68.3""],[0.49,""83""],[0.5,""42.8""],[0.51,""194.34""],[0.52,""10""]]"
2026-05-17T02:45:40.603Z,btc-updown-15m-1778985900,"Bitcoin Up or Down - May 16, 10:45PM-11:00PM ET",btc-updown-15m-1778985900,2026-05-17T03:00:00Z,,0.48,0.49,0.51,0.52,0.485,0.5,130.392135,,5.0,196.08,"[[0.01,""10375.02""],[0.02,""41559.6""],[0.03,""25214.07""],[0.04,""16705.09""],[0.05,""12223.2""],[0.06,""9110.54""],[0.07,""7278.51""],[0.08,""90.29""],[0.09,""87.72""],[0.1,""68.29""],[0.11,""84.7""],[0.12,""56.74""],[0.13,""74.2""],[0.14,""52.05""],[0.15,""75.17""],[0.16,""58.55""],[0.17,""67.19""],[0.18,""50.86""],[0.19,""64.77""],[0.2,""88.8""],[0.21,""63.1""],[0.22,""42.5""],[0.23,""61.89""],[0.24,""41.39""],[0.25,""81""],[0.26,""45.6""],[0.27,""75.2""],[0.28,""39.9""],[0.29,""74.6""],[0.3,""60.96""],[0.31,""74""],[0.32,""38.8""],[0.33,""83.6""],[0.34,""43.9""],[0.35,""221.06""],[0.36,""644""],[0.37,""77.9""],[0.38,""330""],[0.39,""65""],[0.4,""79.7""],[0.41,""65""],[0.42,""130""],[0.43,""171""],[0.44,""115""],[0.45,""126.66""],[0.46,""207.8""],[0.47,""193.64""],[0.48,""5""]]","[[0.01,""10352.91""],[0.02,""41515.1""],[0.03,""25226.71""],[0.04,""16705.09""],[0.05,""12218.21""],[0.06,""9115.54""],[0.07,""7268.68""],[0.08,""90.3""],[0.09,""87.72""],[0.1,""78.3""],[0.11,""84.7""],[0.12,""56.74""],[0.13,""74.2""],[0.14,""52.05""],[0.15,""75.17""],[0.16,""58.55""],[0.17,""67.19""],[0.18,""45.86""],[0.19,""64.77""],[0.2,""63.81""],[0.21,""68.1""],[0.22,""42.5""],[0.23,""61.89""],[0.24,""56.39""],[0.25,""66""],[0.26,""40.6""],[0.27,""60.2""],[0.28,""39.9""],[0.29,""64.6""],[0.3,""58.18""],[0.31,""64""],[0.32,""63.8""],[0.33,""58.6""],[0.34,""53.4""],[0.35,""78.58""],[0.36,""51""],[0.37,""245""],[0.38,""445""],[0.39,""355""],[0.4,""200.2""],[0.41,""185""],[0.42,""57""],[0.43,""55""],[0.44,""140""],[0.45,""60""],[0.46,""200""],[0.47,""200.5""],[0.48,""68.3""],[0.49,""83""],[0.5,""57.8""],[0.51,""196.08""]]"
2026-05-17T02:45:42.617Z,btc-updown-15m-1778985900,"Bitcoin Up or Down - May 16, 10:45PM-11:00PM ET",btc-updown-15m-1778985900,2026-05-17T03:00:00Z,,0.49,0.5,0.5,0.51,0.495,0.5,130.392135,,5.25,29.85,"[[0.01,""10375.02""],[0.02,""41559.6""],[0.03,""25214.07""],[0.04,""16705.09""],[0.05,""12223.2""],[0.06,""9110.54""],[0.07,""420.51""],[0.08,""90.29""],[0.09,""87.72""],[0.1,""68.29""],[0.11,""84.7""],[0.12,""56.74""],[0.13,""74.2""],[0.14,""52.05""],[0.15,""75.17""],[0.16,""58.55""],[0.17,""67.19""],[0.18,""50.86""],[0.19,""64.77""],[0.2,""88.8""],[0.21,""63.1""],[0.22,""42.5""],[0.23,""61.89""],[0.24,""41.39""],[0.25,""81""],[0.26,""45.6""],[0.27,""75.2""],[0.28,""39.9""],[0.29,""74.6""],[0.3,""60.96""],[0.31,""74""],[0.32,""38.8""],[0.33,""83.6""],[0.34,""43.9""],[0.35,""221.06""],[0.36,""644""],[0.37,""82.9""],[0.38,""352.7""],[0.39,""87.6""],[0.4,""97.2""],[0.41,""70""],[0.42,""130""],[0.43,""171""],[0.44,""115""],[0.45,""126.66""],[0.46,""207.8""],[0.47,""177.99""],[0.48,""90.58""],[0.49,""5.25""]]","[[0.01,""10357.91""],[0.02,""41515.1""],[0.03,""25226.71""],[0.04,""16705.09""],[0.05,""12218.21""],[0.06,""9115.54""],[0.07,""410.68""],[0.08,""90.3""],[0.09,""87.72""],[0.1,""78.3""],[0.11,""84.7""],[0.12,""56.74""],[0.13,""74.2""],[0.14,""52.05""],[0.15,""75.17""],[0.16,""58.55""],[0.17,""67.19""],[0.18,""45.86""],[0.19,""64.77""],[0.2,""63.81""],[0.21,""68.1""],[0.22,""42.5""],[0.23,""61.89""],[0.24,""56.39""],[0.25,""66""],[0.26,""40.6""],[0.27,""60.2""],[0.28,""39.9""],[0.29,""64.6""],[0.3,""58.18""],[0.31,""64""],[0.32,""63.8""],[0.33,""58.6""],[0.34,""53.4""],[0.35,""91.78""],[0.36,""64""],[0.37,""257.9""],[0.38,""457.7""],[0.39,""355""],[0.4,""200.2""],[0.41,""185""],[0.42,""57""],[0.43,""55""],[0.44,""140""],[0.45,""60""],[0.46,""200""],[0.47,""217.5""],[0.48,""68.3""],[0.49,""83""],[0.5,""29.85""]]"
2026-05-17T02:45:46.570Z,btc-updown-15m-1778985900,"Bitcoin Up or Down - May 16, 10:45PM-11:00PM ET",btc-updown-15m-1778985900,2026-05-17T03:00:00Z,,0.56,0.57,0.43,0.44,0.565,0.5,130.392135,,235.27,30.18,"[[0.01,""10375.02""],[0.02,""41554.1""],[0.03,""25214.07""],[0.04,""16705.09""],[0.05,""12223.2""],[0.06,""110.54""],[0.07,""420.51""],[0.08,""90.29""],[0.09,""87.72""],[0.1,""68.29""],[0.11,""84.7""],[0.12,""56.74""],[0.13,""74.2""],[0.14,""52.05""],[0.15,""75.17""],[0.16,""58.55""],[0.17,""67.19""],[0.18,""45.86""],[0.19,""64.77""],[0.2,""88.8""],[0.21,""63.1""],[0.22,""42.5""],[0.23,""61.89""],[0.24,""41.39""],[0.25,""86""],[0.26,""40.6""],[0.27,""75.2""],[0.28,""39.9""],[0.29,""74.6""],[0.3,""60.96""],[0.31,""79""],[0.32,""38.8""],[0.33,""73.6""],[0.34,""38.4""],[0.35,""221.06""],[0.36,""38""],[0.37,""72.9""],[0.38,""42.7""],[0.39,""72.6""],[0.4,""72.2""],[0.41,""72.4""],[0.42,""42.3""],[0.43,""78.2""],[0.44,""87.2""],[0.45,""103.76""],[0.46,""72.1""],[0.47,""82""],[0.48,""57""],[0.49,""136.25""],[0.5,""45""],[0.51,""171.8""],[0.52,""110""],[0.53,""1527.19""],[0.54,""87.8""],[0.55,""127""],[0.56,""235.27""]]","[[0.01,""10352.91""],[0.02,""41565.1""],[0.03,""25226.71""],[0.04,""16705.09""],[0.05,""12218.21""],[0.06,""115.54""],[0.07,""410.68""],[0.08,""90.3""],[0.09,""87.72""],[0.1,""78.3""],[0.11,""84.7""],[0.12,""56.74""],[0.13,""74.2""],[0.14,""52.05""],[0.15,""80.17""],[0.16,""58.55""],[0.17,""67.19""],[0.18,""45.86""],[0.19,""79.77""],[0.2,""63.81""],[0.21,""63.1""],[0.22,""42.5""],[0.23,""66.89""],[0.24,""46.39""],[0.25,""66""],[0.26,""40.6""],[0.27,""60.2""],[0.28,""39.9""],[0.29,""69.6""],[0.3,""73.18""],[0.31,""59""],[0.32,""68.8""],[0.33,""63.6""],[0.34,""158.4""],[0.35,""101.78""],[0.36,""50""],[0.37,""95""],[0.38,""30""],[0.39,""78""],[0.4,""84.7""],[0.41,""45""],[0.42,""17""],[0.43,""30.18""]]"
2026-05-17T02:45:49.465Z,btc-updown-15m-1778985900,"Bitcoin Up or Down - May 16, 10:45PM-11:00PM ET",btc-updown-15m-1778985900,2026-05-17T03:00:00Z,,0.61,0.62,0.38,0.39,0.615,0.5,130.392135,,27.55,119.69,"[[0.01,""10375.02""],[0.02,""41554.1""],[0.03,""25209.07""],[0.04,""16705.09""],[0.05,""12223.2""],[0.06,""110.54""],[0.07,""420.51""],[0.08,""90.29""],[0.09,""87.72""],[0.1,""68.29""],[0.11,""84.7""],[0.12,""56.74""],[0.13,""74.2""],[0.14,""57.05""],[0.15,""75.17""],[0.16,""58.55""],[0.17,""67.19""],[0.18,""45.86""],[0.19,""64.77""],[0.2,""88.8""],[0.21,""63.1""],[0.22,""42.5""],[0.23,""61.89""],[0.24,""41.39""],[0.25,""81""],[0.26,""40.6""],[0.27,""60.2""],[0.28,""39.9""],[0.29,""59.6""],[0.3,""60.96""],[0.31,""64""],[0.32,""38.8""],[0.33,""58.6""],[0.34,""38.4""],[0.35,""206.06""],[0.36,""48""],[0.37,""57.9""],[0.38,""37.7""],[0.39,""72.6""],[0.4,""72.2""],[0.41,""72.4""],[0.42,""37.3""],[0.43,""78.2""],[0.44,""82.2""],[0.45,""93.76""],[0.46,""278.1""],[0.47,""82""],[0.48,""162""],[0.49,""192.25""],[0.5,""52""],[0.51,""112""],[0.52,""30""],[0.53,""80""],[0.54,""165""],[0.55,""90""],[0.56,""232.8""],[0.57,""217.8""],[0.58,""45""],[0.59,""54.78""],[0.6,""57""],[0.61,""27.55""]]","[[0.01,""10352.91""],[0.02,""41555.1""],[0.03,""25226.71""],[0.04,""16705.09""],[0.05,""12218.21""],[0.06,""110.54""],[0.07,""410.68""],[0.08,""90.3""],[0.09,""92.72""],[0.1,""78.3""],[0.11,""84.7""],[0.12,""56.74""],[0.13,""74.2""],[0.14,""52.05""],[0.15,""75.17""],[0.16,""73.55""],[0.17,""67.19""],[0.18,""60.86""],[0.19,""75.04""],[0.2,""78.81""],[0.21,""63.1""],[0.22,""57.5""],[0.23,""61.89""],[0.24,""61.39""],[0.25,""66""],[0.26,""61.6""],[0.27,""60.2""],[0.28,""254.9""],[0.29,""74.6""],[0.3,""83.18""],[0.31,""264""],[0.32,""73.8""],[0.33,""88.6""],[0.34,""50""],[0.35,""223.58""],[0.36,""158""],[0.37,""95""],[0.38,""119.69""]]"
2026-05-17T02:45:51.468Z,btc-updown-15m-1778985900,"Bitcoin Up or Down - May 16, 10:45PM-11:00PM ET",btc-updown-15m-1778985900,2026-05-17T03:00:00Z,,0.57,0.6,0.4,0.43,0.585,0.5,130.392135,,10.24,10.0,"[[0.01,""10360.02""],[0.02,""41604.1""],[0.03,""25209.07""],[0.04,""16705.09""],[0.05,""223.2""],[0.06,""110.54""],[0.07,""420.51""],[0.08,""90.29""],[0.09,""87.72""],[0.1,""68.29""],[0.11,""84.7""],[0.12,""56.74""],[0.13,""74.2""],[0.14,""57.05""],[0.15,""75.17""],[0.16,""58.55""],[0.17,""67.19""],[0.18,""45.86""],[0.19,""64.77""],[0.2,""88.8""],[0.21,""63.1""],[0.22,""42.5""],[0.23,""61.89""],[0.24,""41.39""],[0.25,""81""],[0.26,""40.6""],[0.27,""60.2""],[0.28,""39.9""],[0.29,""59.6""],[0.3,""60.96""],[0.31,""64""],[0.32,""38.8""],[0.33,""58.6""],[0.34,""38.4""],[0.35,""206.06""],[0.36,""48""],[0.37,""57.9""],[0.38,""37.7""],[0.39,""72.6""],[0.4,""72.2""],[0.41,""72.4""],[0.42,""37.3""],[0.43,""78.2""],[0.44,""82.2""],[0.45,""93.76""],[0.46,""267.1""],[0.47,""72""],[0.48,""52""],[0.49,""72.25""],[0.5,""30""],[0.51,""75""],[0.52,""30""],[0.53,""180""],[0.54,""15""],[0.55,""15""],[0.56,""5""],[0.57,""10.24""]]","[[0.01,""10347.91""],[0.02,""41505.1""],[0.03,""25226.71""],[0.04,""16705.09""],[0.05,""218.21""],[0.06,""110.54""],[0.07,""410.68""],[0.08,""90.3""],[0.09,""92.72""],[0.1,""78.3""],[0.11,""84.7""],[0.12,""56.74""],[0.13,""74.2""],[0.14,""52.05""],[0.15,""75.17""],[0.16,""73.55""],[0.17,""67.19""],[0.18,""60.86""],[0.19,""69.77""],[0.2,""78.81""],[0.21,""63.1""],[0.22,""57.5""],[0.23,""61.89""],[0.24,""61.39""],[0.25,""66""],[0.26,""55.6""],[0.27,""60.2""],[0.28,""254.9""],[0.29,""469.6""],[0.3,""383.18""],[0.31,""64""],[0.32,""68.8""],[0.33,""88.6""],[0.34,""98.4""],[0.35,""83.58""],[0.36,""55""],[0.37,""160""],[0.38,""203.7""],[0.39,""112.81""],[0.4,""10""]]"
2026-05-17T02:45:54.307Z,btc-updown-15m-1778985900,"Bitcoin Up or Down - May 16, 10:45PM-11:00PM ET",btc-updown-15m-1778985900,2026-05-17T03:00:00Z,,0.56,0.57,0.43,0.44,0.565,0.5,130.392135,,8.18,145.59,"[[0.01,""10375.02""],[0.02,""41604.1""],[0.03,""25209.07""],[0.04,""16705.09""],[0.05,""223.2""],[0.06,""110.54""],[0.07,""420.51""],[0.08,""90.29""],[0.09,""87.72""],[0.1,""68.29""],[0.11,""84.7""],[0.12,""56.74""],[0.13,""74.2""],[0.14,""57.05""],[0.15,""75.17""],[0.16,""58.55""],[0.17,""67.19""],[0.18,""45.86""],[0.19,""64.77""],[0.2,""88.8""],[0.21,""63.1""],[0.22,""42.5""],[0.23,""61.89""],[0.24,""41.39""],[0.25,""81""],[0.26,""40.6""],[0.27,""60.2""],[0.28,""39.9""],[0.29,""59.6""],[0.3,""60.96""],[0.31,""64""],[0.32,""38.8""],[0.33,""58.6""],[0.34,""38.4""],[0.35,""221.06""],[0.36,""48""],[0.37,""72.9""],[0.38,""37.7""],[0.39,""72.6""],[0.4,""77.2""],[0.41,""72.4""],[0.42,""42.3""],[0.43,""78.2""],[0.44,""77.2""],[0.45,""94.76""],[0.46,""57.1""],[0.47,""77""],[0.48,""167""],[0.49,""170.25""],[0.5,""75""],[0.51,""150""],[0.52,""37""],[0.53,""240""],[0.54,""15""],[0.55,""35""],[0.56,""8.18""]]","[[0.01,""10419.27""],[0.02,""41505.1""],[0.03,""25226.71""],[0.04,""16705.09""],[0.05,""218.21""],[0.06,""110.54""],[0.07,""410.68""],[0.08,""90.3""],[0.09,""92.72""],[0.1,""78.3""],[0.11,""84.7""],[0.12,""56.74""],[0.13,""74.2""],[0.14,""52.05""],[0.15,""75.17""],[0.16,""73.55""],[0.17,""67.19""],[0.18,""45.86""],[0.19,""69.77""],[0.2,""63.81""],[0.21,""63.1""],[0.22,""57.5""],[0.23,""61.89""],[0.24,""61.39""],[0.25,""71""],[0.26,""55.6""],[0.27,""66.2""],[0.28,""65.61""],[0.29,""79.6""],[0.3,""83.18""],[0.31,""69""],[0.32,""168.8""],[0.33,""193.6""],[0.34,""58.4""],[0.35,""96.78""],[0.36,""108""],[0.37,""155""],[0.38,""188.24""],[0.39,""77""],[0.4,""171.58""],[0.41,""155""],[0.42,""52""],[0.43,""145.59""]]"
2026-05-17T02:45:57.455Z,btc-updown-15m-1778985900,"Bitcoin Up or Down - May 16, 10:45PM-11:00PM ET",btc-updown-15m-1778985900,2026-05-17T03:00:00Z,,0.55,0.56,0.44,0.45,0.555,0.5,130.392135,,10.0,115.22,"[[0.01,""10375.02""],[0.02,""41554.1""],[0.03,""25209.07""],[0.04,""16705.09""],[0.05,""223.2""],[0.06,""110.54""],[0.07,""420.51""],[0.08,""90.29""],[0.09,""87.72""],[0.1,""68.29""],[0.11,""84.7""],[0.12,""56.74""],[0.13,""74.2""],[0.14,""57.05""],[0.15,""75.17""],[0.16,""58.55""],[0.17,""67.19""],[0.18,""45.86""],[0.19,""64.77""],[0.2,""88.8""],[0.21,""63.1""],[0.22,""42.5""],[0.23,""66.89""],[0.24,""41.39""],[0.25,""81""],[0.26,""40.6""],[0.27,""60.2""],[0.28,""39.9""],[0.29,""59.6""],[0.3,""60.96""],[0.31,""64""],[0.32,""38.8""],[0.33,""58.6""],[0.34,""38.4""],[0.35,""221.06""],[0.36,""43""],[0.37,""72.9""],[0.38,""42.7""],[0.39,""72.6""],[0.4,""77.2""],[0.41,""72.4""],[0.42,""37.3""],[0.43,""78.2""],[0.44,""77.2""],[0.45,""299.76""],[0.46,""462.1""],[0.47,""382""],[0.48,""162""],[0.49,""175.25""],[0.5,""70""],[0.51,""130""],[0.52,""32""],[0.53,""216.28""],[0.54,""142.8""],[0.55,""10""]]","[[0.01,""10419.27""],[0.02,""41505.1""],[0.03,""25226.71""],[0.04,""16705.09""],[0.05,""218.21""],[0.06,""110.54""],[0.07,""410.68""],[0.08,""90.3""],[0.09,""87.72""],[0.1,""78.3""],[0.11,""84.7""],[0.12,""56.74""],[0.13,""74.2""],[0.14,""52.05""],[0.15,""75.17""],[0.16,""78.55""],[0.17,""67.19""],[0.18,""45.86""],[0.19,""64.77""],[0.2,""63.81""],[0.21,""63.1""],[0.22,""42.5""],[0.23,""61.89""],[0.24,""66.39""],[0.25,""71""],[0.26,""55.6""],[0.27,""66.2""],[0.28,""270.61""],[0.29,""479.6""],[0.3,""83.18""],[0.31,""369""],[0.32,""163.8""],[0.33,""183.6""],[0.34,""53.4""],[0.35,""91.78""],[0.36,""53""],[0.37,""45""],[0.38,""130""],[0.39,""145""],[0.4,""100""],[0.41,""142.59""],[0.42,""50""],[0.43,""117.26""],[0.44,""115.22""]]"
2026-05-17T02:45:59.053Z,btc-updown-15m-1778985900,"Bitcoin Up or Down - May 16, 10:45PM-11:00PM ET",btc-updown-15m-1778985900,2026-05-17T03:00:00Z,,0.55,0.56,0.44,0.45,0.555,0.5,130.392135,,22.33,12.8,"[[0.01,""10375.02""],[0.02,""41554.1""],[0.03,""25209.07""],[0.04,""16705.09""],[0.05,""223.2""],[0.06,""110.54""],[0.07,""420.51""],[0.08,""90.29""],[0.09,""87.72""],[0.1,""68.29""],[0.11,""84.7""],[0.12,""56.74""],[0.13,""74.2""],[0.14,""57.05""],[0.15,""75.17""],[0.16,""58.55""],[0.17,""67.19""],[0.18,""45.86""],[0.19,""64.77""],[0.2,""88.8""],[0.21,""63.1""],[0.22,""42.5""],[0.23,""66.89""],[0.24,""41.39""],[0.25,""81""],[0.26,""40.6""],[0.27,""60.2""],[0.28,""39.9""],[0.29,""59.6""],[0.3,""60.96""],[0.31,""64""],[0.32,""38.8""],[0.33,""58.6""],[0.34,""38.4""],[0.35,""221.06""],[0.36,""43""],[0.37,""72.9""],[0.38,""42.7""],[0.39,""72.6""],[0.4,""77.2""],[0.41,""72.4""],[0.42,""37.3""],[0.43,""78.2""],[0.44,""77.2""],[0.45,""299.76""],[0.46,""462.1""],[0.47,""382""],[0.48,""162""],[0.49,""175.25""],[0.5,""75""],[0.51,""130""],[0.52,""32""],[0.53,""216.28""],[0.54,""142.8""],[0.55,""22.33""]]","[[0.01,""10419.27""],[0.02,""41505.1""],[0.03,""25226.71""],[0.04,""16705.09""],[0.05,""218.21""],[0.06,""110.54""],[0.07,""410.68""],[0.08,""90.3""],[0.09,""87.72""],[0.1,""78.3""],[0.11,""84.7""],[0.12,""56.74""],[0.13,""74.2""],[0.14,""52.05""],[0.15,""75.17""],[0.16,""78.55""],[0.17,""67.19""],[0.18,""45.86""],[0.19,""64.77""],[0.2,""63.81""],[0.21,""63.1""],[0.22,""42.5""],[0.23,""61.89""],[0.24,""66.39""],[0.25,""71""],[0.26,""55.6""],[0.27,""66.2""],[0.28,""270.61""],[0.29,""479.6""],[0.3,""83.18""],[0.31,""369""],[0.32,""163.8""],[0.33,""183.6""],[0.34,""53.4""],[0.35,""96.78""],[0.36,""53""],[0.37,""45""],[0.38,""130""],[0.39,""145""],[0.4,""135.99""],[0.41,""121.59""],[0.42,""65""],[0.43,""117.26""],[0.44,""12.8""]]"
2026-05-17T02:46:01.979Z,btc-updown-15m-1778985900,"Bitcoin Up or Down - May 16, 10:45PM-11:00PM ET",btc-updown-15m-1778985900,2026-05-17T03:00:00Z,,0.55,0.56,0.44,0.45,0.555,0.5,130.392135,,114.74,75.19,"[[0.01,""10375.02""],[0.02,""41554.1""],[0.03,""25209.07""],[0.04,""205.09""],[0.05,""223.2""],[0.06,""110.54""],[0.07,""420.51""],[0.08,""90.29""],[0.09,""87.72""],[0.1,""68.29""],[0.11,""84.7""],[0.12,""56.74""],[0.13,""74.2""],[0.14,""57.05""],[0.15,""75.17""],[0.16,""58.55""],[0.17,""67.19""],[0.18,""45.86""],[0.19,""64.77""],[0.2,""88.8""],[0.21,""63.1""],[0.22,""42.5""],[0.23,""66.89""],[0.24,""41.39""],[0.25,""81""],[0.26,""40.6""],[0.27,""60.2""],[0.28,""39.9""],[0.29,""59.6""],[0.3,""60.96""],[0.31,""64""],[0.32,""38.8""],[0.33,""58.6""],[0.34,""38.4""],[0.35,""221.06""],[0.36,""43""],[0.37,""72.9""],[0.38,""42.7""],[0.39,""72.6""],[0.4,""77.2""],[0.41,""72.4""],[0.42,""37.3""],[0.43,""78.2""],[0.44,""77.2""],[0.45,""293.1""],[0.46,""462.1""],[0.47,""377""],[0.48,""157""],[0.49,""175.25""],[0.5,""115""],[0.51,""95""],[0.52,""177""],[0.53,""162.8""],[0.54,""67.8""],[0.55,""114.74""]]","[[0.01,""10424.27""],[0.02,""41515.1""],[0.03,""25226.71""],[0.04,""205.09""],[0.05,""218.21""],[0.06,""110.54""],[0.07,""410.68""],[0.08,""90.3""],[0.09,""87.72""],[0.1,""78.3""],[0.11,""84.7""],[0.12,""56.74""],[0.13,""74.2""],[0.14,""52.05""],[0.15,""75.17""],[0.16,""78.55""],[0.17,""67.19""],[0.18,""45.86""],[0.19,""64.77""],[0.2,""63.81""],[0.21,""63.1""],[0.22,""42.5""],[0.23,""61.89""],[0.24,""66.39""],[0.25,""71""],[0.26,""55.6""],[0.27,""71.2""],[0.28,""275.61""],[0.29,""479.6""],[0.3,""78.18""],[0.31,""364""],[0.32,""163.8""],[0.33,""183.6""],[0.34,""53.4""],[0.35,""121.78""],[0.36,""78""],[0.37,""45""],[0.38,""85""],[0.39,""85""],[0.4,""185""],[0.41,""258.59""],[0.42,""58""],[0.43,""66.99""],[0.44,""75.19""]]"
2026-05-17T02:46:06.035Z,btc-updown-15m-1778985900,"Bitcoin Up or Down - May 16, 10:45PM-11:00PM ET",btc-updown-15m-1778985900,2026-05-17T03:00:00Z,,0.5,0.51,0.49,0.5,0.505,0.5,130.392135,,118.33,100.63,"[[0.01,""10375.02""],[0.02,""41604.1""],[0.03,""25209.07""],[0.04,""205.09""],[0.05,""223.2""],[0.06,""110.54""],[0.07,""420.51""],[0.08,""90.29""],[0.09,""87.72""],[0.1,""68.29""],[0.11,""84.7""],[0.12,""56.74""],[0.13,""74.2""],[0.14,""57.05""],[0.15,""75.17""],[0.16,""58.55""],[0.17,""67.19""],[0.18,""45.86""],[0.19,""64.77""],[0.2,""88.8""],[0.21,""63.1""],[0.22,""42.5""],[0.23,""66.89""],[0.24,""41.39""],[0.25,""81""],[0.26,""40.6""],[0.27,""60.2""],[0.28,""39.9""],[0.29,""74.6""],[0.3,""60.96""],[0.31,""79""],[0.32,""38.8""],[0.33,""73.6""],[0.34,""38.4""],[0.35,""221.06""],[0.36,""43""],[0.37,""72.9""],[0.38,""47.7""],[0.39,""83.6""],[0.4,""77.2""],[0.41,""377.4""],[0.42,""47.3""],[0.43,""83.2""],[0.44,""70""],[0.45,""75""],[0.46,""150""],[0.47,""190""],[0.48,""166""],[0.49,""48.05""],[0.5,""118.33""]]","[[0.01,""10419.27""],[0.02,""41515.1""],[0.03,""25226.71""],[0.04,""205.09""],[0.05,""218.21""],[0.06,""110.54""],[0.07,""410.68""],[0.08,""90.3""],[0.09,""87.72""],[0.1,""78.3""],[0.11,""84.7""],[0.12,""56.74""],[0.13,""74.2""],[0.14,""52.05""],[0.15,""75.17""],[0.16,""63.55""],[0.17,""67.19""],[0.18,""45.86""],[0.19,""64.77""],[0.2,""78.81""],[0.21,""63.1""],[0.22,""42.5""],[0.23,""61.89""],[0.24,""61.39""],[0.25,""71""],[0.26,""55.6""],[0.27,""65.2""],[0.28,""65.61""],[0.29,""69.6""],[0.3,""73.18""],[0.31,""59""],[0.32,""63.8""],[0.33,""94.6""],[0.34,""258.4""],[0.35,""96.78""],[0.36,""463""],[0.37,""162.9""],[0.38,""52.7""],[0.39,""62.6""],[0.4,""72.5""],[0.41,""77.4""],[0.42,""80""],[0.43,""101.99""],[0.44,""192.8""],[0.45,""262.8""],[0.46,""73""],[0.47,""102.8""],[0.48,""129.8""],[0.49,""100.63""]]"
2026-05-17T02:46:09.673Z,btc-updown-15m-1778985900,"Bitcoin Up or Down - May 16, 10:45PM-11:00PM ET",btc-updown-15m-1778985900,2026-05-17T03:00:00Z,,0.5,0.51,0.49,0.5,0.505,0.5,130.392135,,138.33,80.63,"[[0.01,""10370.02""],[0.02,""41604.1""],[0.03,""25209.07""],[0.04,""205.09""],[0.05,""223.2""],[0.06,""110.54""],[0.07,""420.51""],[0.08,""90.29""],[0.09,""87.72""],[0.1,""68.29""],[0.11,""84.7""],[0.12,""56.74""],[0.13,""74.2""],[0.14,""57.05""],[0.15,""75.17""],[0.16,""58.55""],[0.17,""67.19""],[0.18,""45.86""],[0.19,""64.77""],[0.2,""88.8""],[0.21,""63.1""],[0.22,""42.5""],[0.23,""66.89""],[0.24,""41.39""],[0.25,""81""],[0.26,""40.6""],[0.27,""60.2""],[0.28,""39.9""],[0.29,""74.6""],[0.3,""77.62""],[0.31,""79""],[0.32,""38.8""],[0.33,""73.6""],[0.34,""38.4""],[0.35,""226.06""],[0.36,""43""],[0.37,""72.9""],[0.38,""47.7""],[0.39,""77.6""],[0.4,""83.2""],[0.41,""82.4""],[0.42,""52.3""],[0.43,""88.2""],[0.44,""82.2""],[0.45,""175""],[0.46,""90""],[0.47,""296""],[0.48,""240""],[0.49,""73.05""],[0.5,""138.33""]]","[[0.01,""10419.27""],[0.02,""41515.1""],[0.03,""25226.71""],[0.04,""205.09""],[0.05,""218.21""],[0.06,""110.54""],[0.07,""410.68""],[0.08,""90.3""],[0.09,""87.72""],[0.1,""78.3""],[0.11,""84.7""],[0.12,""56.74""],[0.13,""74.2""],[0.14,""52.05""],[0.15,""75.17""],[0.16,""63.55""],[0.17,""67.19""],[0.18,""45.86""],[0.19,""64.77""],[0.2,""78.81""],[0.21,""63.1""],[0.22,""42.5""],[0.23,""61.89""],[0.24,""46.39""],[0.25,""71""],[0.26,""40.6""],[0.27,""60.2""],[0.28,""50.61""],[0.29,""74.6""],[0.3,""89.84""],[0.31,""59""],[0.32,""69.8""],[0.33,""88.6""],[0.34,""58.4""],[0.35,""101.78""],[0.36,""63""],[0.37,""162.9""],[0.38,""52.7""],[0.39,""57.6""],[0.4,""102.5""],[0.41,""65""],[0.42,""80""],[0.43,""141.99""],[0.44,""152.8""],[0.45,""252.8""],[0.46,""73""],[0.47,""97.8""],[0.48,""114.8""],[0.49,""80.63""]]"
2026-05-17T02:46:12.474Z,btc-updown-15m-1778985900,"Bitcoin Up or Down - May 16, 10:45PM-11:00PM ET",btc-updown-15m-1778985900,2026-05-17T03:00:00Z,,0.5,0.51,0.49,0.5,0.505,0.5,130.392135,,131.29,56.7,"[[0.01,""10375.02""],[0.02,""41554.1""],[0.03,""25209.07""],[0.04,""205.09""],[0.05,""223.2""],[0.06,""110.54""],[0.07,""420.51""],[0.08,""90.29""],[0.09,""87.72""],[0.1,""68.29""],[0.11,""84.7""],[0.12,""56.74""],[0.13,""74.2""],[0.14,""57.05""],[0.15,""75.17""],[0.16,""58.55""],[0.17,""67.19""],[0.18,""45.86""],[0.19,""64.77""],[0.2,""88.8""],[0.21,""63.1""],[0.22,""42.5""],[0.23,""66.89""],[0.24,""41.39""],[0.25,""81""],[0.26,""40.6""],[0.27,""60.2""],[0.28,""39.9""],[0.29,""74.6""],[0.3,""77.62""],[0.31,""79""],[0.32,""38.8""],[0.33,""73.6""],[0.34,""38.4""],[0.35,""226.06""],[0.36,""43""],[0.37,""72.9""],[0.38,""47.7""],[0.39,""277.6""],[0.4,""83.2""],[0.41,""482.4""],[0.42,""357.3""],[0.43,""93.2""],[0.44,""87.2""],[0.45,""175""],[0.46,""90""],[0.47,""296""],[0.48,""240""],[0.49,""73.05""],[0.5,""131.29""]]","[[0.01,""10424.27""],[0.02,""41515.1""],[0.03,""25226.71""],[0.04,""205.09""],[0.05,""218.21""],[0.06,""110.54""],[0.07,""410.68""],[0.08,""90.3""],[0.09,""87.72""],[0.1,""78.3""],[0.11,""84.7""],[0.12,""56.74""],[0.13,""74.2""],[0.14,""52.05""],[0.15,""75.17""],[0.16,""63.55""],[0.17,""67.19""],[0.18,""45.86""],[0.19,""64.77""],[0.2,""78.81""],[0.21,""63.1""],[0.22,""42.5""],[0.23,""61.89""],[0.24,""46.39""],[0.25,""71""],[0.26,""40.6""],[0.27,""60.2""],[0.28,""50.61""],[0.29,""74.6""],[0.3,""89.84""],[0.31,""59""],[0.32,""69.8""],[0.33,""288.6""],[0.34,""458.4""],[0.35,""401.78""],[0.36,""63""],[0.37,""262.9""],[0.38,""52.7""],[0.39,""57.6""],[0.4,""102.5""],[0.41,""65""],[0.42,""120""],[0.43,""101.99""],[0.44,""202.8""],[0.45,""217.8""],[0.46,""83""],[0.47,""97.8""],[0.48,""114.8""],[0.49,""56.7""]]"
2026-05-17T02:46:15.922Z,btc-updown-15m-1778985900,"Bitcoin Up or Down - May 16, 10:45PM-11:00PM ET",btc-updown-15m-1778985900,2026-05-17T03:00:00Z,,0.5,0.51,0.49,0.5,0.505,0.5,130.392135,,125.36,121.84,"[[0.01,""10370.02""],[0.02,""41554.1""],[0.03,""25209.07""],[0.04,""205.09""],[0.05,""223.2""],[0.06,""110.54""],[0.07,""420.51""],[0.08,""90.29""],[0.09,""87.72""],[0.1,""68.29""],[0.11,""84.7""],[0.12,""56.74""],[0.13,""74.2""],[0.14,""57.05""],[0.15,""75.17""],[0.16,""58.55""],[0.17,""67.19""],[0.18,""45.86""],[0.19,""64.77""],[0.2,""88.8""],[0.21,""63.1""],[0.22,""42.5""],[0.23,""66.89""],[0.24,""41.39""],[0.25,""81""],[0.26,""40.6""],[0.27,""60.2""],[0.28,""39.9""],[0.29,""74.6""],[0.3,""60.96""],[0.31,""79""],[0.32,""38.8""],[0.33,""73.6""],[0.34,""38.4""],[0.35,""221.06""],[0.36,""48""],[0.37,""77.9""],[0.38,""47.7""],[0.39,""277.6""],[0.4,""83.2""],[0.41,""482.4""],[0.42,""357.3""],[0.43,""93.2""],[0.44,""87.2""],[0.45,""75""],[0.46,""190""],[0.47,""291""],[0.48,""240""],[0.49,""73.05""],[0.5,""125.36""]]","[[0.01,""10424.27""],[0.02,""41515.1""],[0.03,""25226.71""],[0.04,""205.09""],[0.05,""218.21""],[0.06,""110.54""],[0.07,""410.68""],[0.08,""90.3""],[0.09,""87.72""],[0.1,""78.3""],[0.11,""84.7""],[0.12,""56.74""],[0.13,""74.2""],[0.14,""52.05""],[0.15,""75.17""],[0.16,""63.55""],[0.17,""67.19""],[0.18,""45.86""],[0.19,""64.77""],[0.2,""78.81""],[0.21,""63.1""],[0.22,""42.5""],[0.23,""61.89""],[0.24,""46.39""],[0.25,""71""],[0.26,""40.6""],[0.27,""60.2""],[0.28,""50.61""],[0.29,""74.6""],[0.3,""73.18""],[0.31,""59""],[0.32,""69.8""],[0.33,""288.6""],[0.34,""458.4""],[0.35,""401.78""],[0.36,""63""],[0.37,""262.9""],[0.38,""52.7""],[0.39,""57.6""],[0.4,""102.5""],[0.41,""65""],[0.42,""120""],[0.43,""101.99""],[0.44,""202.8""],[0.45,""217.8""],[0.46,""83""],[0.47,""72.8""],[0.48,""124.8""],[0.49,""121.84""]]"
2026-05-17T02:46:20.062Z,btc-updown-15m-1778985900,"Bitcoin Up or Down - May 16, 10:45PM-11:00PM ET",btc-updown-15m-1778985900,2026-05-17T03:00:00Z,,0.5,0.51,0.49,0.5,0.505,0.5,130.392135,,136.18,68.75,"[[0.01,""10375.02""],[0.02,""41554.1""],[0.03,""25209.07""],[0.04,""205.09""],[0.05,""223.2""],[0.06,""110.54""],[0.07,""420.51""],[0.08,""90.29""],[0.09,""87.72""],[0.1,""68.29""],[0.11,""84.7""],[0.12,""56.74""],[0.13,""74.2""],[0.14,""57.05""],[0.15,""75.17""],[0.16,""58.55""],[0.17,""67.19""],[0.18,""45.86""],[0.19,""64.77""],[0.2,""88.8""],[0.21,""63.1""],[0.22,""42.5""],[0.23,""66.89""],[0.24,""41.39""],[0.25,""81""],[0.26,""40.6""],[0.27,""60.2""],[0.28,""39.9""],[0.29,""74.6""],[0.3,""60.96""],[0.31,""79""],[0.32,""38.8""],[0.33,""73.6""],[0.34,""38.4""],[0.35,""226.06""],[0.36,""43""],[0.37,""72.9""],[0.38,""47.7""],[0.39,""277.6""],[0.4,""83.2""],[0.41,""482.4""],[0.42,""357.3""],[0.43,""93.2""],[0.44,""187.2""],[0.45,""187.1""],[0.46,""110""],[0.47,""216""],[0.48,""200""],[0.49,""123.05""],[0.5,""136.18""]]","[[0.01,""10424.27""],[0.02,""41515.1""],[0.03,""25226.71""],[0.04,""205.09""],[0.05,""218.21""],[0.06,""110.54""],[0.07,""410.68""],[0.08,""90.3""],[0.09,""87.72""],[0.1,""78.3""],[0.11,""84.7""],[0.12,""56.74""],[0.13,""74.2""],[0.14,""52.05""],[0.15,""75.17""],[0.16,""63.55""],[0.17,""67.19""],[0.18,""45.86""],[0.19,""64.77""],[0.2,""78.81""],[0.21,""63.1""],[0.22,""42.5""],[0.23,""61.89""],[0.24,""46.39""],[0.25,""71""],[0.26,""40.6""],[0.27,""60.2""],[0.28,""50.61""],[0.29,""69.6""],[0.3,""73.18""],[0.31,""59""],[0.32,""69.8""],[0.33,""288.6""],[0.34,""458.4""],[0.35,""401.78""],[0.36,""63""],[0.37,""262.9""],[0.38,""52.7""],[0.39,""57.6""],[0.4,""50""],[0.41,""85""],[0.42,""140""],[0.43,""76.99""],[0.44,""187.8""],[0.45,""267.8""],[0.46,""68""],[0.47,""117.8""],[0.48,""64.8""],[0.49,""68.75""]]"
2026-05-17T02:46:22.444Z,btc-updown-15m-1778985900,"Bitcoin Up or Down - May 16, 10:45PM-11:00PM ET",btc-updown-15m-1778985900,2026-05-17T03:00:00Z,,0.5,0.51,0.49,0.5,0.505,0.5,130.392135,,131.18,68.75,"[[0.01,""10375.02""],[0.02,""41554.1""],[0.03,""25209.07""],[0.04,""205.09""],[0.05,""223.2""],[0.06,""110.54""],[0.07,""420.51""],[0.08,""90.29""],[0.09,""87.72""],[0.1,""68.29""],[0.11,""84.7""],[0.12,""56.74""],[0.13,""74.2""],[0.14,""57.05""],[0.15,""75.17""],[0.16,""58.55""],[0.17,""67.19""],[0.18,""45.86""],[0.19,""64.77""],[0.2,""88.8""],[0.21,""63.1""],[0.22,""42.5""],[0.23,""66.89""],[0.24,""41.39""],[0.25,""81""],[0.26,""40.6""],[0.27,""60.2""],[0.28,""39.9""],[0.29,""74.6""],[0.3,""60.96""],[0.31,""79""],[0.32,""38.8""],[0.33,""73.6""],[0.34,""38.4""],[0.35,""226.06""],[0.36,""43""],[0.37,""72.9""],[0.38,""42.7""],[0.39,""277.6""],[0.4,""83.2""],[0.41,""482.4""],[0.42,""357.3""],[0.43,""93.2""],[0.44,""187.2""],[0.45,""187.1""],[0.46,""110""],[0.47,""216""],[0.48,""205""],[0.49,""123.05""],[0.5,""131.18""]]","[[0.01,""10424.27""],[0.02,""41515.1""],[0.03,""25226.71""],[0.04,""205.09""],[0.05,""218.21""],[0.06,""110.54""],[0.07,""410.68""],[0.08,""90.3""],[0.09,""87.72""],[0.1,""78.3""],[0.11,""84.7""],[0.12,""56.74""],[0.13,""74.2""],[0.14,""52.05""],[0.15,""75.17""],[0.16,""63.55""],[0.17,""67.19""],[0.18,""45.86""],[0.19,""64.77""],[0.2,""78.81""],[0.21,""63.1""],[0.22,""42.5""],[0.23,""61.89""],[0.24,""46.39""],[0.25,""71""],[0.26,""40.6""],[0.27,""60.2""],[0.28,""50.61""],[0.29,""74.6""],[0.3,""73.18""],[0.31,""65""],[0.32,""263.8""],[0.33,""88.6""],[0.34,""458.4""],[0.35,""401.78""],[0.36,""63""],[0.37,""262.9""],[0.38,""52.7""],[0.39,""57.6""],[0.4,""50""],[0.41,""85""],[0.42,""140""],[0.43,""76.99""],[0.44,""187.8""],[0.45,""262.8""],[0.46,""68""],[0.47,""117.8""],[0.48,""64.8""],[0.49,""68.75""]]"
2026-05-17T02:46:26.013Z,btc-updown-15m-1778985900,"Bitcoin Up or Down - May 16, 10:45PM-11:00PM ET",btc-updown-15m-1778985900,2026-05-17T03:00:00Z,,0.43,0.47,0.53,0.57,0.44999999999999996,0.5,130.392135,,52.33,5.0,"[[0.01,""10365.02""],[0.02,""41554.1""],[0.03,""25209.07""],[0.04,""205.09""],[0.05,""223.2""],[0.06,""110.54""],[0.07,""420.51""],[0.08,""90.29""],[0.09,""87.72""],[0.1,""68.29""],[0.11,""84.7""],[0.12,""56.74""],[0.13,""74.2""],[0.14,""57.05""],[0.15,""75.17""],[0.16,""58.55""],[0.17,""67.19""],[0.18,""45.86""],[0.19,""64.77""],[0.2,""88.8""],[0.21,""63.1""],[0.22,""42.5""],[0.23,""61.89""],[0.24,""41.39""],[0.25,""81""],[0.26,""40.6""],[0.27,""60.2""],[0.28,""39.9""],[0.29,""74.6""],[0.3,""60.96""],[0.31,""74""],[0.32,""38.8""],[0.33,""73.6""],[0.34,""448.4""],[0.35,""221.06""],[0.36,""48""],[0.37,""65""],[0.38,""30""],[0.39,""60""],[0.4,""99.7""],[0.41,""105""],[0.42,""25""],[0.43,""52.33""]]","[[0.01,""10429.27""],[0.02,""41565.1""],[0.03,""25226.71""],[0.04,""205.09""],[0.05,""218.21""],[0.06,""110.54""],[0.07,""410.68""],[0.08,""90.3""],[0.09,""87.72""],[0.1,""78.3""],[0.11,""84.7""],[0.12,""56.74""],[0.13,""74.2""],[0.14,""52.05""],[0.15,""75.17""],[0.16,""63.55""],[0.17,""67.19""],[0.18,""45.86""],[0.19,""64.77""],[0.2,""63.81""],[0.21,""63.1""],[0.22,""42.5""],[0.23,""61.89""],[0.24,""41.39""],[0.25,""86""],[0.26,""40.6""],[0.27,""60.2""],[0.28,""50.61""],[0.29,""69.6""],[0.3,""73.18""],[0.31,""59""],[0.32,""63.8""],[0.33,""88.6""],[0.34,""53.4""],[0.35,""91.78""],[0.36,""53""],[0.37,""57.9""],[0.38,""257.7""],[0.39,""457.6""],[0.4,""57.5""],[0.41,""372.4""],[0.42,""67.3""],[0.43,""59.19""],[0.44,""92.2""],[0.45,""55""],[0.46,""29.35""],[0.5,""42.14""],[0.51,""67.58""],[0.52,""57""],[0.53,""5""]]"
2026-05-17T02:46:29.386Z,btc-updown-15m-1778985900,"Bitcoin Up or Down - May 16, 10:45PM-11:00PM ET",btc-updown-15m-1778985900,2026-05-17T03:00:00Z,,0.46,0.47,0.53,0.54,0.46499999999999997,0.5,130.392135,,115.54,133.55,"[[0.01,""10375.02""],[0.02,""41559.1""],[0.03,""25209.07""],[0.04,""205.09""],[0.05,""223.2""],[0.06,""110.54""],[0.07,""420.51""],[0.08,""90.29""],[0.09,""87.72""],[0.1,""68.29""],[0.11,""84.7""],[0.12,""56.74""],[0.13,""74.2""],[0.14,""52.05""],[0.15,""75.17""],[0.16,""58.55""],[0.17,""72.19""],[0.18,""45.86""],[0.19,""64.77""],[0.2,""88.8""],[0.21,""63.1""],[0.22,""42.5""],[0.23,""61.89""],[0.24,""41.39""],[0.25,""101""],[0.26,""40.6""],[0.27,""75.2""],[0.28,""39.9""],[0.29,""74.6""],[0.3,""65.96""],[0.31,""79""],[0.32,""38.8""],[0.33,""273.6""],[0.34,""444.4""],[0.35,""526.06""],[0.36,""48""],[0.37,""77.9""],[0.38,""150""],[0.39,""190""],[0.4,""199.7""],[0.41,""210""],[0.42,""93""],[0.43,""97.33""],[0.44,""108.91""],[0.45,""52.8""],[0.46,""115.54""]]","[[0.01,""10424.27""],[0.02,""41565.1""],[0.03,""25226.71""],[0.04,""205.09""],[0.05,""218.21""],[0.06,""110.54""],[0.07,""410.68""],[0.08,""90.3""],[0.09,""87.72""],[0.1,""78.3""],[0.11,""84.7""],[0.12,""56.74""],[0.13,""74.2""],[0.14,""52.05""],[0.15,""75.17""],[0.16,""58.55""],[0.17,""67.19""],[0.18,""45.86""],[0.19,""64.77""],[0.2,""63.81""],[0.21,""63.1""],[0.22,""47.5""],[0.23,""61.89""],[0.24,""41.39""],[0.25,""86""],[0.26,""40.6""],[0.27,""60.2""],[0.28,""39.9""],[0.29,""74.6""],[0.3,""58.18""],[0.31,""59""],[0.32,""48.8""],[0.33,""88.6""],[0.34,""53.4""],[0.35,""91.78""],[0.36,""53""],[0.37,""68.9""],[0.38,""252.7""],[0.39,""457.6""],[0.4,""57.5""],[0.41,""377.4""],[0.42,""162.3""],[0.43,""169.19""],[0.44,""92.2""],[0.45,""57.1""],[0.46,""41.45""],[0.47,""57""],[0.48,""65""],[0.49,""105""],[0.5,""55""],[0.51,""127.25""],[0.52,""311.47""],[0.53,""133.55""]]"
2026-05-17T02:46:31.409Z,btc-updown-15m-1778985900,"Bitcoin Up or Down - May 16, 10:45PM-11:00PM ET",btc-updown-15m-1778985900,2026-05-17T03:00:00Z,,0.46,0.47,0.53,0.54,0.46499999999999997,0.5,130.392135,,115.54,138.55,"[[0.01,""10075.02""],[0.02,""41559.1""],[0.03,""1209.07""],[0.04,""205.09""],[0.05,""223.2""],[0.06,""110.54""],[0.07,""420.51""],[0.08,""90.29""],[0.09,""87.72""],[0.1,""68.29""],[0.11,""84.7""],[0.12,""56.74""],[0.13,""74.2""],[0.14,""52.05""],[0.15,""75.17""],[0.16,""58.55""],[0.17,""72.19""],[0.18,""45.86""],[0.19,""64.77""],[0.2,""88.8""],[0.21,""63.1""],[0.22,""42.5""],[0.23,""61.89""],[0.24,""41.39""],[0.25,""101""],[0.26,""40.6""],[0.27,""75.2""],[0.28,""39.9""],[0.29,""74.6""],[0.3,""65.96""],[0.31,""79""],[0.32,""68.8""],[0.33,""273.6""],[0.34,""444.4""],[0.35,""521.06""],[0.36,""53""],[0.37,""82.9""],[0.38,""155""],[0.39,""190""],[0.4,""199.7""],[0.41,""210""],[0.42,""98""],[0.43,""92.33""],[0.44,""108.91""],[0.45,""52.8""],[0.46,""115.54""]]","[[0.01,""10129.27""],[0.02,""41515.1""],[0.03,""1226.71""],[0.04,""205.09""],[0.05,""218.21""],[0.06,""110.54""],[0.07,""410.68""],[0.08,""90.3""],[0.09,""87.72""],[0.1,""78.3""],[0.11,""84.7""],[0.12,""56.74""],[0.13,""74.2""],[0.14,""52.05""],[0.15,""75.17""],[0.16,""58.55""],[0.17,""67.19""],[0.18,""45.86""],[0.19,""64.77""],[0.2,""63.81""],[0.21,""63.1""],[0.22,""47.5""],[0.23,""61.89""],[0.24,""41.39""],[0.25,""86""],[0.26,""40.6""],[0.27,""60.2""],[0.28,""39.9""],[0.29,""74.6""],[0.3,""58.18""],[0.31,""59""],[0.32,""48.8""],[0.33,""88.6""],[0.34,""53.4""],[0.35,""91.78""],[0.36,""53""],[0.37,""68.9""],[0.38,""252.7""],[0.39,""457.6""],[0.4,""57.5""],[0.41,""377.4""],[0.42,""162.3""],[0.43,""164.19""],[0.44,""92.2""],[0.45,""57.1""],[0.46,""41.45""],[0.47,""57""],[0.48,""65""],[0.49,""105""],[0.5,""35""],[0.51,""137.25""],[0.52,""311.47""],[0.53,""138.55""]]"
2026-05-17T02:46:34.343Z,btc-updown-15m-1778985900,"Bitcoin Up or Down - May 16, 10:45PM-11:00PM ET",btc-updown-15m-1778985900,2026-05-17T03:00:00Z,,0.46,0.47,0.53,0.54,0.46499999999999997,0.5,130.392135,,75.54,174.18,"[[0.01,""10075.02""],[0.02,""41554.1""],[0.03,""1209.07""],[0.04,""205.09""],[0.05,""223.2""],[0.06,""110.54""],[0.07,""420.51""],[0.08,""90.29""],[0.09,""87.72""],[0.1,""68.29""],[0.11,""84.7""],[0.12,""56.74""],[0.13,""74.2""],[0.14,""52.05""],[0.15,""75.17""],[0.16,""58.55""],[0.17,""72.19""],[0.18,""45.86""],[0.19,""64.77""],[0.2,""88.8""],[0.21,""63.1""],[0.22,""42.5""],[0.23,""61.89""],[0.24,""41.39""],[0.25,""101""],[0.26,""40.6""],[0.27,""75.2""],[0.28,""39.9""],[0.29,""74.6""],[0.3,""65.96""],[0.31,""74""],[0.32,""68.8""],[0.33,""273.6""],[0.34,""444.4""],[0.35,""521.06""],[0.36,""43""],[0.37,""72.9""],[0.38,""162.7""],[0.39,""290""],[0.4,""199.7""],[0.41,""110""],[0.42,""98""],[0.43,""92.33""],[0.44,""93.91""],[0.45,""57.8""],[0.46,""75.54""]]","[[0.01,""10124.27""],[0.02,""41515.1""],[0.03,""1226.71""],[0.04,""205.09""],[0.05,""218.21""],[0.06,""110.54""],[0.07,""410.68""],[0.08,""90.3""],[0.09,""87.72""],[0.1,""78.3""],[0.11,""84.7""],[0.12,""56.74""],[0.13,""74.2""],[0.14,""52.05""],[0.15,""75.17""],[0.16,""58.55""],[0.17,""67.19""],[0.18,""45.86""],[0.19,""64.77""],[0.2,""63.81""],[0.21,""63.1""],[0.22,""47.5""],[0.23,""61.89""],[0.24,""41.39""],[0.25,""86""],[0.26,""40.6""],[0.27,""60.2""],[0.28,""39.9""],[0.29,""74.6""],[0.3,""58.18""],[0.31,""59""],[0.32,""48.8""],[0.33,""83.6""],[0.34,""53.4""],[0.35,""91.78""],[0.36,""53""],[0.37,""68.9""],[0.38,""252.7""],[0.39,""457.6""],[0.4,""57.5""],[0.41,""377.4""],[0.42,""162.3""],[0.43,""169.19""],[0.44,""52.2""],[0.45,""57.1""],[0.46,""61.45""],[0.47,""65""],[0.48,""40""],[0.49,""85""],[0.5,""25""],[0.51,""212.25""],[0.52,""232.87""],[0.53,""174.18""]]"
2026-05-17T02:46:37.730Z,btc-updown-15m-1778985900,"Bitcoin Up or Down - May 16, 10:45PM-11:00PM ET",btc-updown-15m-1778985900,2026-05-17T03:00:00Z,,0.46,0.47,0.53,0.54,0.46499999999999997,0.5,130.392135,,81.08,160.18,"[[0.01,""10075.02""],[0.02,""41554.1""],[0.03,""1209.07""],[0.04,""205.09""],[0.05,""223.2""],[0.06,""110.54""],[0.07,""420.51""],[0.08,""90.29""],[0.09,""87.72""],[0.1,""68.29""],[0.11,""84.7""],[0.12,""56.74""],[0.13,""74.2""],[0.14,""52.05""],[0.15,""75.17""],[0.16,""58.55""],[0.17,""72.19""],[0.18,""45.86""],[0.19,""64.77""],[0.2,""88.8""],[0.21,""63.1""],[0.22,""42.5""],[0.23,""61.89""],[0.24,""41.39""],[0.25,""101""],[0.26,""40.6""],[0.27,""75.2""],[0.28,""39.9""],[0.29,""79.6""],[0.3,""65.96""],[0.31,""74""],[0.32,""68.8""],[0.33,""73.6""],[0.34,""38.4""],[0.35,""221.06""],[0.36,""449""],[0.37,""72.9""],[0.38,""162.7""],[0.39,""190""],[0.4,""199.7""],[0.41,""245""],[0.42,""88""],[0.43,""107.33""],[0.44,""68.91""],[0.45,""82.8""],[0.46,""81.08""]]","[[0.01,""10124.27""],[0.02,""41515.1""],[0.03,""1226.71""],[0.04,""205.09""],[0.05,""218.21""],[0.06,""110.54""],[0.07,""410.68""],[0.08,""90.3""],[0.09,""87.72""],[0.1,""78.3""],[0.11,""84.7""],[0.12,""56.74""],[0.13,""74.2""],[0.14,""52.05""],[0.15,""75.17""],[0.16,""58.55""],[0.17,""67.19""],[0.18,""45.86""],[0.19,""64.77""],[0.2,""63.81""],[0.21,""63.1""],[0.22,""47.5""],[0.23,""61.89""],[0.24,""41.39""],[0.25,""86""],[0.26,""40.6""],[0.27,""60.2""],[0.28,""39.9""],[0.29,""74.6""],[0.3,""58.18""],[0.31,""59""],[0.32,""48.8""],[0.33,""83.6""],[0.34,""53.4""],[0.35,""96.78""],[0.36,""59""],[0.37,""62.9""],[0.38,""452.7""],[0.39,""57.6""],[0.4,""57.5""],[0.41,""77.4""],[0.42,""162.3""],[0.43,""169.19""],[0.44,""52.2""],[0.45,""57.1""],[0.46,""41.45""],[0.47,""85""],[0.48,""80""],[0.49,""45""],[0.5,""90""],[0.51,""161.25""],[0.52,""218.67""],[0.53,""160.18""]]"
2026-05-17T02:46:39.338Z,btc-updown-15m-1778985900,"Bitcoin Up or Down - May 16, 10:45PM-11:00PM ET",btc-updown-15m-1778985900,2026-05-17T03:00:00Z,,0.45,0.46,0.54,0.55,0.455,0.5,130.392135,,48.8,48.23,"[[0.01,""10075.02""],[0.02,""41554.1""],[0.03,""1209.07""],[0.04,""205.09""],[0.05,""223.2""],[0.06,""110.54""],[0.07,""420.51""],[0.08,""90.29""],[0.09,""87.72""],[0.1,""68.29""],[0.11,""84.7""],[0.12,""56.74""],[0.13,""74.2""],[0.14,""52.05""],[0.15,""75.17""],[0.16,""58.55""],[0.17,""72.19""],[0.18,""45.86""],[0.19,""64.77""],[0.2,""88.8""],[0.21,""63.1""],[0.22,""42.5""],[0.23,""61.89""],[0.24,""41.39""],[0.25,""101""],[0.26,""40.6""],[0.27,""75.2""],[0.28,""39.9""],[0.29,""79.6""],[0.3,""65.96""],[0.31,""74""],[0.32,""68.8""],[0.33,""73.6""],[0.34,""43.4""],[0.35,""431.06""],[0.36,""469""],[0.37,""82.9""],[0.38,""167.7""],[0.39,""190""],[0.4,""204.7""],[0.41,""210""],[0.42,""133""],[0.43,""102.33""],[0.44,""81.65""],[0.45,""48.8""]]","[[0.01,""10124.27""],[0.02,""41515.1""],[0.03,""1226.71""],[0.04,""205.09""],[0.05,""218.21""],[0.06,""110.54""],[0.07,""410.68""],[0.08,""90.3""],[0.09,""87.72""],[0.1,""78.3""],[0.11,""84.7""],[0.12,""56.74""],[0.13,""74.2""],[0.14,""52.05""],[0.15,""75.17""],[0.16,""58.55""],[0.17,""67.19""],[0.18,""45.86""],[0.19,""64.77""],[0.2,""63.81""],[0.21,""63.1""],[0.22,""47.5""],[0.23,""61.89""],[0.24,""41.39""],[0.25,""86""],[0.26,""40.6""],[0.27,""60.2""],[0.28,""39.9""],[0.29,""74.6""],[0.3,""58.18""],[0.31,""59""],[0.32,""48.8""],[0.33,""83.6""],[0.34,""53.4""],[0.35,""96.78""],[0.36,""59""],[0.37,""262.9""],[0.38,""452.7""],[0.39,""57.6""],[0.4,""57.5""],[0.41,""77.4""],[0.42,""162.3""],[0.43,""164.19""],[0.44,""52.2""],[0.45,""62.1""],[0.46,""51.45""],[0.47,""90""],[0.48,""85""],[0.49,""50""],[0.5,""95""],[0.51,""164.25""],[0.52,""243.67""],[0.53,""179.82""],[0.54,""48.23""]]"
2026-05-17T02:46:41.777Z,btc-updown-15m-1778985900,"Bitcoin Up or Down - May 16, 10:45PM-11:00PM ET",btc-updown-15m-1778985900,2026-05-17T03:00:00Z,,0.45,0.46,0.54,0.55,0.455,0.5,130.392135,,103.8,20.0,"[[0.01,""10075.02""],[0.02,""41559.1""],[0.03,""1209.07""],[0.04,""205.09""],[0.05,""223.2""],[0.06,""110.54""],[0.07,""420.51""],[0.08,""90.29""],[0.09,""87.72""],[0.1,""68.29""],[0.11,""84.7""],[0.12,""56.74""],[0.13,""74.2""],[0.14,""52.05""],[0.15,""75.17""],[0.16,""58.55""],[0.17,""72.19""],[0.18,""45.86""],[0.19,""64.77""],[0.2,""88.8""],[0.21,""63.1""],[0.22,""42.5""],[0.23,""61.89""],[0.24,""41.39""],[0.25,""101""],[0.26,""40.6""],[0.27,""75.2""],[0.28,""39.9""],[0.29,""74.6""],[0.3,""70.96""],[0.31,""74""],[0.32,""68.8""],[0.33,""73.6""],[0.34,""43.4""],[0.35,""431.06""],[0.36,""469""],[0.37,""387.9""],[0.38,""177.7""],[0.39,""290""],[0.4,""204.7""],[0.41,""115""],[0.42,""133""],[0.43,""102.33""],[0.44,""76.65""],[0.45,""103.8""]]","[[0.01,""10124.27""],[0.02,""41515.1""],[0.03,""1226.71""],[0.04,""205.09""],[0.05,""218.21""],[0.06,""110.54""],[0.07,""410.68""],[0.08,""90.3""],[0.09,""87.72""],[0.1,""78.3""],[0.11,""84.7""],[0.12,""56.74""],[0.13,""74.2""],[0.14,""52.05""],[0.15,""75.17""],[0.16,""58.55""],[0.17,""67.19""],[0.18,""45.86""],[0.19,""64.77""],[0.2,""63.81""],[0.21,""63.1""],[0.22,""47.5""],[0.23,""61.89""],[0.24,""41.39""],[0.25,""86""],[0.26,""40.6""],[0.27,""60.2""],[0.28,""39.9""],[0.29,""74.6""],[0.3,""58.18""],[0.31,""59""],[0.32,""48.8""],[0.33,""83.6""],[0.34,""58.4""],[0.35,""91.78""],[0.36,""59""],[0.37,""262.9""],[0.38,""452.7""],[0.39,""357.6""],[0.4,""57.5""],[0.41,""77.4""],[0.42,""162.3""],[0.43,""164.19""],[0.44,""52.2""],[0.45,""62.1""],[0.46,""51.45""],[0.47,""90""],[0.48,""85""],[0.49,""50""],[0.5,""100""],[0.51,""184.25""],[0.52,""259.08""],[0.53,""164.19""],[0.54,""20""]]"
2026-05-17T02:46:45.550Z,btc-updown-15m-1778985900,"Bitcoin Up or Down - May 16, 10:45PM-11:00PM ET",btc-updown-15m-1778985900,2026-05-17T03:00:00Z,,0.54,0.55,0.45,0.46,0.545,0.5,130.392135,,53.99,20.0,"[[0.01,""10075.02""],[0.02,""41559.1""],[0.03,""1209.07""],[0.04,""205.09""],[0.05,""223.2""],[0.06,""110.54""],[0.07,""420.51""],[0.08,""90.29""],[0.09,""87.72""],[0.1,""68.29""],[0.11,""84.7""],[0.12,""56.74""],[0.13,""74.2""],[0.14,""52.05""],[0.15,""75.17""],[0.16,""58.55""],[0.17,""67.19""],[0.18,""45.86""],[0.19,""64.77""],[0.2,""88.8""],[0.21,""63.1""],[0.22,""42.5""],[0.23,""61.89""],[0.24,""41.39""],[0.25,""96""],[0.26,""40.6""],[0.27,""75.2""],[0.28,""39.9""],[0.29,""74.6""],[0.3,""65.96""],[0.31,""74""],[0.32,""68.8""],[0.33,""73.6""],[0.34,""38.4""],[0.35,""221.06""],[0.36,""43""],[0.37,""82.9""],[0.38,""37.7""],[0.39,""72.6""],[0.4,""72.2""],[0.41,""77.4""],[0.42,""252.3""],[0.43,""149.53""],[0.44,""45.93""],[0.45,""154""],[0.46,""52""],[0.47,""62""],[0.48,""101.19""],[0.49,""109.11""],[0.5,""101.99""],[0.51,""39.99""],[0.52,""151.99""],[0.53,""42.07""],[0.54,""53.99""]]","[[0.01,""10119.27""],[0.02,""41565.1""],[0.03,""1226.71""],[0.04,""205.09""],[0.05,""218.21""],[0.06,""110.54""],[0.07,""410.68""],[0.08,""90.3""],[0.09,""87.72""],[0.1,""78.3""],[0.11,""84.7""],[0.12,""56.74""],[0.13,""74.2""],[0.14,""52.05""],[0.15,""80.17""],[0.16,""58.55""],[0.17,""67.19""],[0.18,""45.86""],[0.19,""79.77""],[0.2,""63.81""],[0.21,""63.1""],[0.22,""42.5""],[0.23,""66.89""],[0.24,""41.39""],[0.25,""71""],[0.26,""40.6""],[0.27,""60.2""],[0.28,""39.9""],[0.29,""69.6""],[0.3,""258.18""],[0.31,""64""],[0.32,""58.8""],[0.33,""88.6""],[0.34,""58.4""],[0.35,""96.78""],[0.36,""43""],[0.37,""30""],[0.38,""50""],[0.39,""35""],[0.4,""90""],[0.41,""38""],[0.43,""30""],[0.45,""20""]]"
2026-05-17T02:46:48.068Z,btc-updown-15m-1778985900,"Bitcoin Up or Down - May 16, 10:45PM-11:00PM ET",btc-updown-15m-1778985900,2026-05-17T03:00:00Z,,0.57,0.58,0.42,0.43,0.575,0.5,130.392135,,42.0,35.73,"[[0.01,""10075.02""],[0.02,""41559.1""],[0.03,""1209.07""],[0.04,""205.09""],[0.05,""218.2""],[0.06,""110.54""],[0.07,""420.51""],[0.08,""90.29""],[0.09,""87.72""],[0.1,""68.29""],[0.11,""84.7""],[0.12,""56.74""],[0.13,""74.2""],[0.14,""52.05""],[0.15,""75.17""],[0.16,""58.55""],[0.17,""67.19""],[0.18,""45.86""],[0.19,""64.77""],[0.2,""88.8""],[0.21,""63.1""],[0.22,""42.5""],[0.23,""61.89""],[0.24,""41.39""],[0.25,""81""],[0.26,""40.6""],[0.27,""60.2""],[0.28,""39.9""],[0.29,""59.6""],[0.3,""60.96""],[0.31,""59""],[0.32,""68.8""],[0.33,""58.6""],[0.34,""38.4""],[0.35,""221.06""],[0.36,""43""],[0.37,""72.9""],[0.38,""37.7""],[0.39,""72.6""],[0.4,""72.2""],[0.41,""177.4""],[0.42,""257.3""],[0.43,""120.53""],[0.44,""340.93""],[0.45,""121.1""],[0.46,""52.1""],[0.47,""162""],[0.48,""67""],[0.49,""160""],[0.5,""85""],[0.51,""70""],[0.52,""159""],[0.53,""110.08""],[0.54,""68""],[0.55,""62.8""],[0.56,""91""],[0.57,""42""]]","[[0.01,""10119.27""],[0.02,""41555.1""],[0.03,""1226.71""],[0.04,""205.09""],[0.05,""218.21""],[0.06,""110.54""],[0.07,""410.68""],[0.08,""90.3""],[0.09,""87.72""],[0.1,""78.3""],[0.11,""84.7""],[0.12,""56.74""],[0.13,""74.2""],[0.14,""52.05""],[0.15,""80.17""],[0.16,""58.55""],[0.17,""67.19""],[0.18,""45.86""],[0.19,""79.77""],[0.2,""63.81""],[0.21,""63.1""],[0.22,""42.5""],[0.23,""66.89""],[0.24,""41.39""],[0.25,""71""],[0.26,""40.6""],[0.27,""60.2""],[0.28,""39.9""],[0.29,""75.6""],[0.3,""258.18""],[0.31,""59""],[0.32,""353.8""],[0.33,""88.6""],[0.34,""58.4""],[0.35,""196.78""],[0.36,""68""],[0.37,""75""],[0.38,""50""],[0.39,""55""],[0.4,""62.88""],[0.41,""63""],[0.42,""35.73""]]"
2026-05-17T02:46:52.216Z,btc-updown-15m-1778985900,"Bitcoin Up or Down - May 16, 10:45PM-11:00PM ET",btc-updown-15m-1778985900,2026-05-17T03:00:00Z,,0.59,0.6,0.4,0.41,0.595,0.5,130.392135,,20.0,39.21,"[[0.01,""10075.02""],[0.02,""41554.1""],[0.03,""1209.07""],[0.04,""205.09""],[0.05,""223.2""],[0.06,""110.54""],[0.07,""420.51""],[0.08,""90.29""],[0.09,""87.72""],[0.1,""68.29""],[0.11,""84.7""],[0.12,""56.74""],[0.13,""74.2""],[0.14,""52.05""],[0.15,""75.17""],[0.16,""58.55""],[0.17,""67.19""],[0.18,""45.86""],[0.19,""64.77""],[0.2,""88.8""],[0.21,""63.1""],[0.22,""42.5""],[0.23,""61.89""],[0.24,""41.39""],[0.25,""81""],[0.26,""40.6""],[0.27,""60.2""],[0.28,""39.9""],[0.29,""59.6""],[0.3,""60.96""],[0.31,""59""],[0.32,""68.8""],[0.33,""58.6""],[0.34,""38.4""],[0.35,""221.06""],[0.36,""43""],[0.37,""72.9""],[0.38,""37.7""],[0.39,""72.6""],[0.4,""82.2""],[0.41,""77.4""],[0.42,""252.3""],[0.43,""115.53""],[0.44,""35.93""],[0.45,""82.1""],[0.46,""57.1""],[0.47,""82""],[0.48,""142""],[0.49,""162""],[0.5,""47""],[0.51,""55""],[0.52,""115""],[0.53,""50""],[0.54,""115""],[0.55,""94.8""],[0.56,""81.1""],[0.57,""112.93""],[0.58,""126.8""],[0.59,""20""]]","[[0.01,""10124.27""],[0.02,""41505.1""],[0.03,""1226.71""],[0.04,""205.09""],[0.05,""218.21""],[0.06,""110.54""],[0.07,""410.68""],[0.08,""90.3""],[0.09,""87.72""],[0.1,""78.3""],[0.11,""84.7""],[0.12,""56.74""],[0.13,""74.2""],[0.14,""52.05""],[0.15,""75.17""],[0.16,""58.55""],[0.17,""67.19""],[0.18,""60.86""],[0.19,""64.77""],[0.2,""78.81""],[0.21,""63.1""],[0.22,""62.5""],[0.23,""61.89""],[0.24,""56.39""],[0.25,""71""],[0.26,""55.6""],[0.27,""60.2""],[0.28,""60.9""],[0.29,""269.6""],[0.3,""78.18""],[0.31,""64""],[0.32,""68.8""],[0.33,""88.6""],[0.34,""158.4""],[0.35,""196.78""],[0.36,""125""],[0.37,""75""],[0.38,""155""],[0.39,""105.57""],[0.4,""39.21""]]"
2026-05-17T02:46:55.418Z,btc-updown-15m-1778985900,"Bitcoin Up or Down - May 16, 10:45PM-11:00PM ET",btc-updown-15m-1778985900,2026-05-17T03:00:00Z,,0.59,0.6,0.4,0.41,0.595,0.5,130.392135,,23.1,108.1,"[[0.01,""10075.02""],[0.02,""41554.1""],[0.03,""1209.07""],[0.04,""205.09""],[0.05,""223.2""],[0.06,""110.54""],[0.07,""420.51""],[0.08,""90.29""],[0.09,""87.72""],[0.1,""68.29""],[0.11,""84.7""],[0.12,""56.74""],[0.13,""79.2""],[0.14,""52.05""],[0.15,""75.17""],[0.16,""58.55""],[0.17,""67.19""],[0.18,""45.86""],[0.19,""64.77""],[0.2,""88.8""],[0.21,""63.1""],[0.22,""42.5""],[0.23,""61.89""],[0.24,""41.39""],[0.25,""81""],[0.26,""40.6""],[0.27,""60.2""],[0.28,""39.9""],[0.29,""64.6""],[0.3,""60.96""],[0.31,""59""],[0.32,""68.8""],[0.33,""58.6""],[0.34,""38.4""],[0.35,""211.06""],[0.36,""43""],[0.37,""57.9""],[0.38,""37.7""],[0.39,""72.6""],[0.4,""82.2""],[0.41,""77.4""],[0.42,""252.3""],[0.43,""115.53""],[0.44,""440.93""],[0.45,""382.1""],[0.46,""57.1""],[0.47,""82""],[0.48,""142""],[0.49,""182""],[0.5,""35""],[0.51,""60""],[0.52,""75""],[0.53,""90""],[0.54,""210""],[0.55,""204.8""],[0.56,""111.1""],[0.57,""122.93""],[0.58,""126.8""],[0.59,""23.1""]]","[[0.01,""10124.27""],[0.02,""41505.1""],[0.03,""1226.71""],[0.04,""205.09""],[0.05,""218.21""],[0.06,""110.54""],[0.07,""405.39""],[0.08,""90.3""],[0.09,""92.72""],[0.1,""78.3""],[0.11,""84.7""],[0.12,""56.74""],[0.13,""74.2""],[0.14,""52.05""],[0.15,""75.17""],[0.16,""58.55""],[0.17,""72.19""],[0.18,""60.86""],[0.19,""64.77""],[0.2,""78.81""],[0.21,""68.1""],[0.22,""57.5""],[0.23,""61.89""],[0.24,""56.39""],[0.25,""76""],[0.26,""55.6""],[0.27,""60.2""],[0.28,""60.9""],[0.29,""269.6""],[0.3,""478.18""],[0.31,""369""],[0.32,""83.8""],[0.33,""198.6""],[0.34,""188.4""],[0.35,""161.78""],[0.36,""110""],[0.37,""175""],[0.38,""283.8""],[0.39,""44.77""],[0.4,""108.1""]]"
2026-05-17T02:46:58.075Z,btc-updown-15m-1778985900,"Bitcoin Up or Down - May 16, 10:45PM-11:00PM ET",btc-updown-15m-1778985900,2026-05-17T03:00:00Z,,0.58,0.6,0.4,0.42,0.59,0.5,130.392135,,103.28,39.19,"[[0.01,""10075.02""],[0.02,""41554.1""],[0.03,""1209.07""],[0.04,""205.09""],[0.05,""223.2""],[0.06,""110.54""],[0.07,""420.51""],[0.08,""90.29""],[0.09,""87.72""],[0.1,""68.29""],[0.11,""84.7""],[0.12,""56.74""],[0.13,""79.2""],[0.14,""52.05""],[0.15,""75.17""],[0.16,""58.55""],[0.17,""67.19""],[0.18,""45.86""],[0.19,""64.77""],[0.2,""88.8""],[0.21,""63.1""],[0.22,""42.5""],[0.23,""61.89""],[0.24,""41.39""],[0.25,""81""],[0.26,""40.6""],[0.27,""60.2""],[0.28,""39.9""],[0.29,""64.6""],[0.3,""60.96""],[0.31,""59""],[0.32,""68.8""],[0.33,""58.6""],[0.34,""38.4""],[0.35,""211.06""],[0.36,""43""],[0.37,""57.9""],[0.38,""37.7""],[0.39,""72.6""],[0.4,""82.2""],[0.41,""77.4""],[0.42,""252.3""],[0.43,""115.53""],[0.44,""435.93""],[0.45,""382.1""],[0.46,""57.1""],[0.47,""87""],[0.48,""142""],[0.49,""177""],[0.5,""35""],[0.51,""60""],[0.52,""75""],[0.53,""90""],[0.54,""210""],[0.55,""209.8""],[0.56,""101.1""],[0.57,""102.93""],[0.58,""103.28""]]","[[0.01,""10124.27""],[0.02,""41505.1""],[0.03,""1226.71""],[0.04,""205.09""],[0.05,""218.21""],[0.06,""116.71""],[0.07,""405.39""],[0.08,""90.3""],[0.09,""92.72""],[0.1,""78.3""],[0.11,""84.7""],[0.12,""56.74""],[0.13,""74.2""],[0.14,""52.05""],[0.15,""75.17""],[0.16,""58.55""],[0.17,""72.19""],[0.18,""60.86""],[0.19,""64.77""],[0.2,""78.81""],[0.21,""63.1""],[0.22,""62.5""],[0.23,""61.89""],[0.24,""56.39""],[0.25,""76""],[0.26,""55.6""],[0.27,""60.2""],[0.28,""60.9""],[0.29,""269.6""],[0.3,""478.18""],[0.31,""369""],[0.32,""83.8""],[0.33,""198.6""],[0.34,""183.4""],[0.35,""161.78""],[0.36,""110""],[0.37,""175""],[0.38,""258.8""],[0.39,""144.25""],[0.4,""39.19""]]"
2026-05-17T02:47:00.061Z,btc-updown-15m-1778985900,"Bitcoin Up or Down - May 16, 10:45PM-11:00PM ET",btc-updown-15m-1778985900,2026-05-17T03:00:00Z,,0.58,0.59,0.41,0.42,0.585,0.5,130.392135,,111.28,5.0,"[[0.01,""10075.02""],[0.02,""41554.1""],[0.03,""1209.07""],[0.04,""205.09""],[0.05,""223.2""],[0.06,""110.54""],[0.07,""420.51""],[0.08,""90.29""],[0.09,""87.72""],[0.1,""68.29""],[0.11,""84.7""],[0.12,""56.74""],[0.13,""79.2""],[0.14,""52.05""],[0.15,""75.17""],[0.16,""58.55""],[0.17,""67.19""],[0.18,""45.86""],[0.19,""64.77""],[0.2,""88.8""],[0.21,""63.1""],[0.22,""42.5""],[0.23,""61.89""],[0.24,""41.39""],[0.25,""81""],[0.26,""40.6""],[0.27,""60.2""],[0.28,""39.9""],[0.29,""64.6""],[0.3,""60.96""],[0.31,""59""],[0.32,""68.8""],[0.33,""58.6""],[0.34,""38.4""],[0.35,""211.06""],[0.36,""43""],[0.37,""72.9""],[0.38,""37.7""],[0.39,""72.6""],[0.4,""82.2""],[0.41,""77.4""],[0.42,""252.3""],[0.43,""115.53""],[0.44,""440.93""],[0.45,""382.1""],[0.46,""57.1""],[0.47,""82""],[0.48,""142""],[0.49,""177""],[0.5,""35""],[0.51,""60""],[0.52,""75""],[0.53,""90""],[0.54,""210""],[0.55,""204.8""],[0.56,""106.1""],[0.57,""102.93""],[0.58,""111.28""]]","[[0.01,""10124.27""],[0.02,""41505.1""],[0.03,""1226.71""],[0.04,""205.09""],[0.05,""218.21""],[0.06,""116.71""],[0.07,""405.39""],[0.08,""90.3""],[0.09,""92.72""],[0.1,""78.3""],[0.11,""84.7""],[0.12,""56.74""],[0.13,""74.2""],[0.14,""52.05""],[0.15,""75.17""],[0.16,""58.55""],[0.17,""72.19""],[0.18,""60.86""],[0.19,""64.77""],[0.2,""78.81""],[0.21,""63.1""],[0.22,""57.5""],[0.23,""61.89""],[0.24,""56.39""],[0.25,""76""],[0.26,""55.6""],[0.27,""60.2""],[0.28,""60.9""],[0.29,""269.6""],[0.3,""473.18""],[0.31,""369""],[0.32,""83.8""],[0.33,""198.6""],[0.34,""188.4""],[0.35,""161.78""],[0.36,""110""],[0.37,""175""],[0.38,""247.88""],[0.39,""139.25""],[0.4,""72.99""],[0.41,""5""]]"
2026-05-17T02:47:02.057Z,btc-updown-15m-1778985900,"Bitcoin Up or Down - May 16, 10:45PM-11:00PM ET",btc-updown-15m-1778985900,2026-05-17T03:00:00Z,,0.58,0.59,0.41,0.42,0.585,0.51,171.168212,,104.28,14.91,"[[0.01,""9975.02""],[0.02,""2554.1""],[0.03,""1209.07""],[0.04,""205.09""],[0.05,""223.2""],[0.06,""110.54""],[0.07,""420.51""],[0.08,""90.29""],[0.09,""87.72""],[0.1,""68.29""],[0.11,""84.7""],[0.12,""56.74""],[0.13,""79.2""],[0.14,""52.05""],[0.15,""75.17""],[0.16,""58.55""],[0.17,""67.19""],[0.18,""45.86""],[0.19,""64.77""],[0.2,""88.8""],[0.21,""63.1""],[0.22,""42.5""],[0.23,""61.89""],[0.24,""41.39""],[0.25,""81""],[0.26,""40.6""],[0.27,""60.2""],[0.28,""39.9""],[0.29,""64.6""],[0.3,""60.96""],[0.31,""59""],[0.32,""68.8""],[0.33,""58.6""],[0.34,""38.4""],[0.35,""282.46""],[0.36,""43""],[0.37,""72.9""],[0.38,""37.7""],[0.39,""72.6""],[0.4,""82.2""],[0.41,""77.4""],[0.42,""252.3""],[0.43,""115.53""],[0.44,""435.93""],[0.45,""377.1""],[0.46,""52.1""],[0.47,""87""],[0.48,""152""],[0.49,""177""],[0.5,""35""],[0.51,""60""],[0.52,""75""],[0.53,""90""],[0.54,""250""],[0.55,""177.8""],[0.56,""108.1""],[0.57,""127.93""],[0.58,""104.28""]]","[[0.01,""10024.27""],[0.02,""2505.1""],[0.03,""1226.71""],[0.04,""205.09""],[0.05,""218.21""],[0.06,""116.71""],[0.07,""405.39""],[0.08,""90.3""],[0.09,""92.72""],[0.1,""78.3""],[0.11,""84.7""],[0.12,""56.74""],[0.13,""74.2""],[0.14,""52.05""],[0.15,""75.17""],[0.16,""58.55""],[0.17,""72.19""],[0.18,""60.86""],[0.19,""64.77""],[0.2,""78.81""],[0.21,""63.1""],[0.22,""62.5""],[0.23,""61.89""],[0.24,""160.39""],[0.25,""76""],[0.26,""55.6""],[0.27,""60.2""],[0.28,""60.9""],[0.29,""269.6""],[0.3,""518.18""],[0.31,""374""],[0.32,""83.8""],[0.33,""93.6""],[0.34,""283.4""],[0.35,""161.78""],[0.36,""110""],[0.37,""175""],[0.38,""235""],[0.39,""144.25""],[0.4,""72.99""],[0.41,""14.91""]]"
2026-05-17T02:47:05.606Z,btc-updown-15m-1778985900,"Bitcoin Up or Down - May 16, 10:45PM-11:00PM ET",btc-updown-15m-1778985900,2026-05-17T03:00:00Z,,0.58,0.59,0.41,0.42,0.585,0.51,171.168212,,111.28,1.66,"[[0.01,""9975.02""],[0.02,""2554.1""],[0.03,""1209.07""],[0.04,""205.09""],[0.05,""223.2""],[0.06,""110.54""],[0.07,""420.51""],[0.08,""90.29""],[0.09,""87.72""],[0.1,""68.29""],[0.11,""84.7""],[0.12,""56.74""],[0.13,""79.2""],[0.14,""52.05""],[0.15,""75.17""],[0.16,""58.55""],[0.17,""67.19""],[0.18,""45.86""],[0.19,""64.77""],[0.2,""88.8""],[0.21,""63.1""],[0.22,""42.5""],[0.23,""61.89""],[0.24,""41.39""],[0.25,""81""],[0.26,""40.6""],[0.27,""60.2""],[0.28,""39.9""],[0.29,""64.6""],[0.3,""60.96""],[0.31,""59""],[0.32,""68.8""],[0.33,""58.6""],[0.34,""38.4""],[0.35,""282.46""],[0.36,""43""],[0.37,""72.9""],[0.38,""37.7""],[0.39,""72.6""],[0.4,""72.2""],[0.41,""77.4""],[0.42,""252.3""],[0.43,""115.53""],[0.44,""435.93""],[0.45,""377.1""],[0.46,""57.1""],[0.47,""92""],[0.48,""152""],[0.49,""77""],[0.5,""147""],[0.51,""60""],[0.52,""115""],[0.53,""50""],[0.54,""250""],[0.55,""184.8""],[0.56,""96.1""],[0.57,""154.12""],[0.58,""111.28""]]","[[0.01,""10024.27""],[0.02,""2505.1""],[0.03,""1226.71""],[0.04,""205.09""],[0.05,""218.21""],[0.06,""116.71""],[0.07,""405.39""],[0.08,""90.3""],[0.09,""92.72""],[0.1,""78.3""],[0.11,""84.7""],[0.12,""56.74""],[0.13,""74.2""],[0.14,""52.05""],[0.15,""75.17""],[0.16,""58.55""],[0.17,""72.19""],[0.18,""60.86""],[0.19,""64.77""],[0.2,""63.81""],[0.21,""63.1""],[0.22,""62.5""],[0.23,""61.89""],[0.24,""160.39""],[0.25,""76""],[0.26,""55.6""],[0.27,""60.2""],[0.28,""60.9""],[0.29,""269.6""],[0.3,""518.18""],[0.31,""369""],[0.32,""83.8""],[0.33,""93.6""],[0.34,""283.4""],[0.35,""121.78""],[0.36,""150""],[0.37,""175""],[0.38,""230""],[0.39,""149.25""],[0.4,""58.8""],[0.41,""1.66""]]"
2026-05-17T02:47:08.623Z,btc-updown-15m-1778985900,"Bitcoin Up or Down - May 16, 10:45PM-11:00PM ET",btc-updown-15m-1778985900,2026-05-17T03:00:00Z,,0.59,0.6,0.4,0.41,0.595,0.51,171.168212,,167.19,65.29,"[[0.01,""9975.02""],[0.02,""2554.1""],[0.03,""1209.07""],[0.04,""205.09""],[0.05,""223.2""],[0.06,""110.54""],[0.07,""420.51""],[0.08,""90.29""],[0.09,""87.72""],[0.1,""68.29""],[0.11,""84.7""],[0.12,""56.74""],[0.13,""79.2""],[0.14,""52.05""],[0.15,""75.17""],[0.16,""58.55""],[0.17,""67.19""],[0.18,""45.86""],[0.19,""64.77""],[0.2,""88.8""],[0.21,""63.1""],[0.22,""42.5""],[0.23,""61.89""],[0.24,""41.39""],[0.25,""81""],[0.26,""40.6""],[0.27,""60.2""],[0.28,""39.9""],[0.29,""64.6""],[0.3,""60.96""],[0.31,""59""],[0.32,""68.8""],[0.33,""58.6""],[0.34,""38.4""],[0.35,""282.46""],[0.36,""43""],[0.37,""57.9""],[0.38,""37.7""],[0.39,""72.6""],[0.4,""72.2""],[0.41,""72.4""],[0.42,""247.3""],[0.43,""110.53""],[0.44,""40.93""],[0.45,""77.1""],[0.46,""52.1""],[0.47,""92""],[0.48,""152""],[0.49,""77""],[0.5,""147""],[0.51,""60""],[0.52,""75""],[0.53,""90""],[0.54,""250""],[0.55,""184.8""],[0.56,""101.1""],[0.57,""64.67""],[0.58,""32.56""],[0.59,""167.19""]]","[[0.01,""10029.27""],[0.02,""2505.1""],[0.03,""1226.71""],[0.04,""205.09""],[0.05,""218.21""],[0.06,""116.71""],[0.07,""405.39""],[0.08,""90.3""],[0.09,""92.72""],[0.1,""78.3""],[0.11,""84.7""],[0.12,""56.74""],[0.13,""74.2""],[0.14,""52.05""],[0.15,""75.17""],[0.16,""58.55""],[0.17,""72.19""],[0.18,""60.86""],[0.19,""64.77""],[0.2,""78.81""],[0.21,""68.1""],[0.22,""57.5""],[0.23,""61.89""],[0.24,""160.39""],[0.25,""76""],[0.26,""55.6""],[0.27,""60.2""],[0.28,""100.9""],[0.29,""269.6""],[0.3,""78.18""],[0.31,""74""],[0.32,""83.8""],[0.33,""293.6""],[0.34,""83.4""],[0.35,""136.78""],[0.36,""110""],[0.37,""175""],[0.38,""250""],[0.39,""131.37""],[0.4,""65.29""]]"
2026-05-17T02:47:13.016Z,btc-updown-15m-1778985900,"Bitcoin Up or Down - May 16, 10:45PM-11:00PM ET",btc-updown-15m-1778985900,2026-05-17T03:00:00Z,,0.59,0.6,0.4,0.41,0.595,0.51,171.168212,,5.0,155.09,"[[0.01,""9975.02""],[0.02,""2554.1""],[0.03,""1209.07""],[0.04,""205.09""],[0.05,""223.2""],[0.06,""110.54""],[0.07,""420.51""],[0.08,""90.29""],[0.09,""87.72""],[0.1,""68.29""],[0.11,""84.7""],[0.12,""56.74""],[0.13,""79.2""],[0.14,""52.05""],[0.15,""75.17""],[0.16,""58.55""],[0.17,""67.19""],[0.18,""45.86""],[0.19,""64.77""],[0.2,""88.8""],[0.21,""63.1""],[0.22,""42.5""],[0.23,""61.89""],[0.24,""41.39""],[0.25,""81""],[0.26,""40.6""],[0.27,""60.2""],[0.28,""39.9""],[0.29,""64.6""],[0.3,""60.96""],[0.31,""59""],[0.32,""68.8""],[0.33,""58.6""],[0.34,""38.4""],[0.35,""282.46""],[0.36,""43""],[0.37,""57.9""],[0.38,""37.7""],[0.39,""72.6""],[0.4,""72.2""],[0.41,""72.4""],[0.42,""247.3""],[0.43,""510.53""],[0.44,""340.93""],[0.45,""77.1""],[0.46,""57.1""],[0.47,""92""],[0.48,""152""],[0.49,""62""],[0.5,""147""],[0.51,""60""],[0.52,""75""],[0.53,""90""],[0.54,""230""],[0.55,""157.8""],[0.56,""83.1""],[0.57,""79.67""],[0.59,""5""]]","[[0.01,""10024.27""],[0.02,""2505.1""],[0.03,""1226.71""],[0.04,""205.09""],[0.05,""218.21""],[0.06,""116.71""],[0.07,""405.39""],[0.08,""90.3""],[0.09,""92.72""],[0.1,""78.3""],[0.11,""84.7""],[0.12,""56.74""],[0.13,""74.2""],[0.14,""52.05""],[0.15,""75.17""],[0.16,""58.55""],[0.17,""72.19""],[0.18,""60.86""],[0.19,""64.77""],[0.2,""78.81""],[0.21,""68.1""],[0.22,""57.5""],[0.23,""61.89""],[0.24,""160.39""],[0.25,""76""],[0.26,""55.6""],[0.27,""60.2""],[0.28,""60.9""],[0.29,""269.6""],[0.3,""78.18""],[0.31,""514""],[0.32,""383.8""],[0.33,""318.6""],[0.34,""83.4""],[0.35,""136.78""],[0.36,""110""],[0.37,""175""],[0.38,""245""],[0.39,""120.67""],[0.4,""155.09""]]"
2026-05-17T02:47:15.407Z,btc-updown-15m-1778985900,"Bitcoin Up or Down - May 16, 10:45PM-11:00PM ET",btc-updown-15m-1778985900,2026-05-17T03:00:00Z,,0.58,0.59,0.41,0.42,0.585,0.51,171.168212,,31.19,95.23,"[[0.01,""9975.02""],[0.02,""2554.1""],[0.03,""1209.07""],[0.04,""205.09""],[0.05,""223.2""],[0.06,""110.54""],[0.07,""420.51""],[0.08,""90.29""],[0.09,""87.72""],[0.1,""68.29""],[0.11,""84.7""],[0.12,""56.74""],[0.13,""79.2""],[0.14,""52.05""],[0.15,""75.17""],[0.16,""58.55""],[0.17,""67.19""],[0.18,""45.86""],[0.19,""64.77""],[0.2,""88.8""],[0.21,""63.1""],[0.22,""42.5""],[0.23,""61.89""],[0.24,""41.39""],[0.25,""81""],[0.26,""40.6""],[0.27,""60.2""],[0.28,""39.9""],[0.29,""64.6""],[0.3,""60.96""],[0.31,""59""],[0.32,""68.8""],[0.33,""58.6""],[0.34,""38.4""],[0.35,""282.46""],[0.36,""43""],[0.37,""72.9""],[0.38,""37.7""],[0.39,""72.6""],[0.4,""72.2""],[0.41,""72.4""],[0.42,""247.3""],[0.43,""510.53""],[0.44,""340.93""],[0.45,""77.1""],[0.46,""57.1""],[0.47,""92""],[0.48,""152""],[0.49,""62""],[0.5,""147""],[0.51,""60""],[0.52,""75""],[0.53,""90""],[0.54,""235""],[0.55,""152.8""],[0.56,""83.1""],[0.57,""92.47""],[0.58,""31.19""]]","[[0.01,""10024.27""],[0.02,""2505.1""],[0.03,""1226.71""],[0.04,""205.09""],[0.05,""218.21""],[0.06,""116.71""],[0.07,""405.39""],[0.08,""90.3""],[0.09,""92.72""],[0.1,""78.3""],[0.11,""84.7""],[0.12,""56.74""],[0.13,""74.2""],[0.14,""52.05""],[0.15,""75.17""],[0.16,""58.55""],[0.17,""72.19""],[0.18,""60.86""],[0.19,""64.77""],[0.2,""78.81""],[0.21,""68.1""],[0.22,""57.5""],[0.23,""61.89""],[0.24,""160.39""],[0.25,""76""],[0.26,""55.6""],[0.27,""60.2""],[0.28,""60.9""],[0.29,""269.6""],[0.3,""78.18""],[0.31,""509""],[0.32,""383.8""],[0.33,""323.6""],[0.34,""83.4""],[0.35,""136.78""],[0.36,""110""],[0.37,""175""],[0.38,""245""],[0.39,""120.67""],[0.4,""91.6""],[0.41,""95.23""]]"
2026-05-17T02:47:19.053Z,btc-updown-15m-1778985900,"Bitcoin Up or Down - May 16, 10:45PM-11:00PM ET",btc-updown-15m-1778985900,2026-05-17T03:00:00Z,,0.58,0.59,0.41,0.42,0.585,0.51,171.168212,,21.07,107.23,"[[0.01,""9975.02""],[0.02,""2554.1""],[0.03,""1209.07""],[0.04,""205.09""],[0.05,""223.2""],[0.06,""110.54""],[0.07,""420.51""],[0.08,""90.29""],[0.09,""87.72""],[0.1,""68.29""],[0.11,""84.7""],[0.12,""56.74""],[0.13,""79.2""],[0.14,""52.05""],[0.15,""75.17""],[0.16,""58.55""],[0.17,""67.19""],[0.18,""45.86""],[0.19,""64.77""],[0.2,""88.8""],[0.21,""63.1""],[0.22,""42.5""],[0.23,""61.89""],[0.24,""41.39""],[0.25,""81""],[0.26,""40.6""],[0.27,""60.2""],[0.28,""39.9""],[0.29,""64.6""],[0.3,""60.96""],[0.31,""59""],[0.32,""68.8""],[0.33,""58.6""],[0.34,""38.4""],[0.35,""282.46""],[0.36,""43""],[0.37,""72.9""],[0.38,""37.7""],[0.39,""72.6""],[0.4,""72.2""],[0.41,""72.4""],[0.42,""247.3""],[0.43,""510.53""],[0.44,""340.93""],[0.45,""72.1""],[0.46,""57.1""],[0.47,""92""],[0.48,""52""],[0.49,""162""],[0.5,""147""],[0.51,""60""],[0.52,""75""],[0.53,""90""],[0.54,""235""],[0.55,""152.8""],[0.56,""83.1""],[0.57,""92.47""],[0.58,""21.07""]]","[[0.01,""10024.27""],[0.02,""2505.1""],[0.03,""1226.71""],[0.04,""205.09""],[0.05,""218.21""],[0.06,""116.71""],[0.07,""405.39""],[0.08,""90.3""],[0.09,""92.72""],[0.1,""78.3""],[0.11,""84.7""],[0.12,""56.74""],[0.13,""74.2""],[0.14,""52.05""],[0.15,""75.17""],[0.16,""58.55""],[0.17,""72.19""],[0.18,""60.86""],[0.19,""64.77""],[0.2,""63.81""],[0.21,""68.1""],[0.22,""57.5""],[0.23,""61.89""],[0.24,""160.39""],[0.25,""76""],[0.26,""55.6""],[0.27,""60.2""],[0.28,""60.9""],[0.29,""269.6""],[0.3,""78.18""],[0.31,""469""],[0.32,""423.8""],[0.33,""318.6""],[0.34,""83.4""],[0.35,""136.78""],[0.36,""110""],[0.37,""175""],[0.38,""245""],[0.39,""120.67""],[0.4,""91.6""],[0.41,""107.23""]]"
2026-05-17T02:47:20.554Z,btc-updown-15m-1778985900,"Bitcoin Up or Down - May 16, 10:45PM-11:00PM ET",btc-updown-15m-1778985900,2026-05-17T03:00:00Z,,0.55,0.56,0.44,0.45,0.555,0.51,171.168212,,124.02,33.74,"[[0.01,""9975.02""],[0.02,""2554.1""],[0.03,""1209.07""],[0.04,""205.09""],[0.05,""223.2""],[0.06,""110.54""],[0.07,""420.51""],[0.08,""90.29""],[0.09,""87.72""],[0.1,""68.29""],[0.11,""84.7""],[0.12,""56.74""],[0.13,""79.2""],[0.14,""52.05""],[0.15,""75.17""],[0.16,""58.55""],[0.17,""67.19""],[0.18,""45.86""],[0.19,""64.77""],[0.2,""88.8""],[0.21,""63.1""],[0.22,""42.5""],[0.23,""61.89""],[0.24,""41.39""],[0.25,""81""],[0.26,""40.6""],[0.27,""60.2""],[0.28,""39.9""],[0.29,""64.6""],[0.3,""60.96""],[0.31,""59""],[0.32,""68.8""],[0.33,""58.6""],[0.34,""38.4""],[0.35,""297.46""],[0.36,""43""],[0.37,""72.9""],[0.38,""37.7""],[0.39,""72.6""],[0.4,""77.2""],[0.41,""72.4""],[0.42,""247.3""],[0.43,""510.53""],[0.44,""335.93""],[0.45,""82.1""],[0.46,""62.1""],[0.47,""97""],[0.48,""52""],[0.49,""162""],[0.5,""147""],[0.51,""55""],[0.52,""75""],[0.53,""121""],[0.54,""280""],[0.55,""124.02""]]","[[0.01,""10024.27""],[0.02,""2505.1""],[0.03,""1226.71""],[0.04,""205.09""],[0.05,""218.21""],[0.06,""116.71""],[0.07,""405.39""],[0.08,""90.3""],[0.09,""92.72""],[0.1,""78.3""],[0.11,""84.7""],[0.12,""56.74""],[0.13,""74.2""],[0.14,""52.05""],[0.15,""75.17""],[0.16,""58.55""],[0.17,""67.19""],[0.18,""60.86""],[0.19,""64.77""],[0.2,""63.81""],[0.21,""68.1""],[0.22,""62.5""],[0.23,""61.89""],[0.24,""160.39""],[0.25,""71""],[0.26,""55.6""],[0.27,""60.2""],[0.28,""60.9""],[0.29,""274.6""],[0.3,""78.18""],[0.31,""469""],[0.32,""413.8""],[0.33,""293.6""],[0.34,""58.4""],[0.35,""141.78""],[0.36,""135""],[0.37,""200""],[0.38,""245""],[0.39,""68.57""],[0.4,""85.8""],[0.41,""60""],[0.42,""30""],[0.43,""30""],[0.44,""33.74""]]"
2026-05-17T02:47:23.348Z,btc-updown-15m-1778985900,"Bitcoin Up or Down - May 16, 10:45PM-11:00PM ET",btc-updown-15m-1778985900,2026-05-17T03:00:00Z,,0.55,0.56,0.44,0.45,0.555,0.51,171.168212,,161.95,15.52,"[[0.01,""9975.02""],[0.02,""2554.1""],[0.03,""1209.07""],[0.04,""205.09""],[0.05,""223.2""],[0.06,""110.54""],[0.07,""420.51""],[0.08,""90.29""],[0.09,""87.72""],[0.1,""68.29""],[0.11,""84.7""],[0.12,""56.74""],[0.13,""79.2""],[0.14,""52.05""],[0.15,""75.17""],[0.16,""58.55""],[0.17,""67.19""],[0.18,""45.86""],[0.19,""64.77""],[0.2,""88.8""],[0.21,""63.1""],[0.22,""42.5""],[0.23,""61.89""],[0.24,""41.39""],[0.25,""81""],[0.26,""40.6""],[0.27,""60.2""],[0.28,""39.9""],[0.29,""64.6""],[0.3,""60.96""],[0.31,""59""],[0.32,""68.8""],[0.33,""58.6""],[0.34,""38.4""],[0.35,""297.46""],[0.36,""43""],[0.37,""72.9""],[0.38,""37.7""],[0.39,""72.6""],[0.4,""77.2""],[0.41,""72.4""],[0.42,""47.3""],[0.43,""510.53""],[0.44,""330.93""],[0.45,""87.1""],[0.46,""57.1""],[0.47,""82""],[0.48,""52""],[0.49,""162""],[0.5,""147""],[0.51,""55""],[0.52,""75""],[0.53,""161""],[0.54,""200""],[0.55,""161.95""]]","[[0.01,""10024.27""],[0.02,""2505.1""],[0.03,""1226.71""],[0.04,""205.09""],[0.05,""218.21""],[0.06,""116.71""],[0.07,""405.39""],[0.08,""90.3""],[0.09,""92.72""],[0.1,""78.3""],[0.11,""84.7""],[0.12,""56.74""],[0.13,""74.2""],[0.14,""52.05""],[0.15,""75.17""],[0.16,""58.55""],[0.17,""67.19""],[0.18,""60.86""],[0.19,""64.77""],[0.2,""73.82""],[0.21,""63.1""],[0.22,""47.5""],[0.23,""61.89""],[0.24,""160.39""],[0.25,""71""],[0.26,""55.6""],[0.27,""60.2""],[0.28,""60.9""],[0.29,""74.6""],[0.3,""78.18""],[0.31,""469""],[0.32,""413.8""],[0.33,""293.6""],[0.34,""58.4""],[0.35,""153.58""],[0.36,""135""],[0.37,""175""],[0.38,""205""],[0.39,""108.57""],[0.4,""70.8""],[0.41,""120""],[0.42,""30""],[0.43,""35""],[0.44,""15.52""]]"
2026-05-17T02:47:27.140Z,btc-updown-15m-1778985900,"Bitcoin Up or Down - May 16, 10:45PM-11:00PM ET",btc-updown-15m-1778985900,2026-05-17T03:00:00Z,,0.55,0.56,0.44,0.45,0.555,0.51,171.168212,,197.87,36.5,"[[0.01,""9975.02""],[0.02,""2554.1""],[0.03,""1209.07""],[0.04,""205.09""],[0.05,""223.2""],[0.06,""110.54""],[0.07,""420.51""],[0.08,""90.29""],[0.09,""87.72""],[0.1,""68.29""],[0.11,""84.7""],[0.12,""56.74""],[0.13,""79.2""],[0.14,""52.05""],[0.15,""75.17""],[0.16,""58.55""],[0.17,""67.19""],[0.18,""45.86""],[0.19,""64.77""],[0.2,""88.8""],[0.21,""63.1""],[0.22,""42.5""],[0.23,""61.89""],[0.24,""41.39""],[0.25,""81""],[0.26,""40.6""],[0.27,""60.2""],[0.28,""39.9""],[0.29,""64.6""],[0.3,""60.96""],[0.31,""59""],[0.32,""68.8""],[0.33,""58.6""],[0.34,""38.4""],[0.35,""297.46""],[0.36,""43""],[0.37,""72.9""],[0.38,""37.7""],[0.39,""72.6""],[0.4,""77.2""],[0.41,""72.4""],[0.42,""247.3""],[0.43,""510.53""],[0.44,""330.93""],[0.45,""87.1""],[0.46,""57.1""],[0.47,""87""],[0.48,""52""],[0.49,""162""],[0.5,""47""],[0.51,""155""],[0.52,""115""],[0.53,""137""],[0.54,""200""],[0.55,""197.87""]]","[[0.01,""10024.27""],[0.02,""2505.1""],[0.03,""1226.71""],[0.04,""205.09""],[0.05,""218.21""],[0.06,""116.71""],[0.07,""405.39""],[0.08,""90.3""],[0.09,""92.72""],[0.1,""78.3""],[0.11,""84.7""],[0.12,""56.74""],[0.13,""74.2""],[0.14,""52.05""],[0.15,""75.17""],[0.16,""58.55""],[0.17,""67.19""],[0.18,""60.86""],[0.19,""64.77""],[0.2,""73.82""],[0.21,""63.1""],[0.22,""47.5""],[0.23,""61.89""],[0.24,""160.39""],[0.25,""71""],[0.26,""55.6""],[0.27,""60.2""],[0.28,""60.9""],[0.29,""74.6""],[0.3,""278.18""],[0.31,""469""],[0.32,""373.8""],[0.33,""293.6""],[0.34,""98.4""],[0.35,""153.58""],[0.36,""160""],[0.37,""170""],[0.38,""185""],[0.39,""108.57""],[0.4,""75.8""],[0.41,""55""],[0.42,""110""],[0.43,""35""],[0.44,""36.5""]]"
2026-05-17T02:47:28.723Z,btc-updown-15m-1778985900,"Bitcoin Up or Down - May 16, 10:45PM-11:00PM ET",btc-updown-15m-1778985900,2026-05-17T03:00:00Z,,0.55,0.56,0.44,0.45,0.555,0.51,171.168212,,197.87,31.5,"[[0.01,""9975.02""],[0.02,""2554.1""],[0.03,""1209.07""],[0.04,""205.09""],[0.05,""223.2""],[0.06,""110.54""],[0.07,""420.51""],[0.08,""90.29""],[0.09,""87.72""],[0.1,""68.29""],[0.11,""84.7""],[0.12,""56.74""],[0.13,""79.2""],[0.14,""52.05""],[0.15,""75.17""],[0.16,""58.55""],[0.17,""67.19""],[0.18,""45.86""],[0.19,""64.77""],[0.2,""88.8""],[0.21,""63.1""],[0.22,""42.5""],[0.23,""61.89""],[0.24,""41.39""],[0.25,""81""],[0.26,""40.6""],[0.27,""60.2""],[0.28,""39.9""],[0.29,""64.6""],[0.3,""60.96""],[0.31,""59""],[0.32,""68.8""],[0.33,""58.6""],[0.34,""38.4""],[0.35,""297.46""],[0.36,""43""],[0.37,""72.9""],[0.38,""37.7""],[0.39,""72.6""],[0.4,""77.2""],[0.41,""72.4""],[0.42,""247.3""],[0.43,""510.53""],[0.44,""330.93""],[0.45,""87.1""],[0.46,""57.1""],[0.47,""87""],[0.48,""52""],[0.49,""162""],[0.5,""47""],[0.51,""155""],[0.52,""115""],[0.53,""137""],[0.54,""200""],[0.55,""197.87""]]","[[0.01,""10024.27""],[0.02,""2505.1""],[0.03,""1226.71""],[0.04,""205.09""],[0.05,""218.21""],[0.06,""116.71""],[0.07,""405.39""],[0.08,""90.3""],[0.09,""92.72""],[0.1,""78.3""],[0.11,""84.7""],[0.12,""56.74""],[0.13,""74.2""],[0.14,""52.05""],[0.15,""75.17""],[0.16,""58.55""],[0.17,""67.19""],[0.18,""60.86""],[0.19,""64.77""],[0.2,""73.82""],[0.21,""63.1""],[0.22,""47.5""],[0.23,""61.89""],[0.24,""160.39""],[0.25,""71""],[0.26,""55.6""],[0.27,""60.2""],[0.28,""60.9""],[0.29,""74.6""],[0.3,""278.18""],[0.31,""469""],[0.32,""373.8""],[0.33,""293.6""],[0.34,""98.4""],[0.35,""153.58""],[0.36,""160""],[0.37,""170""],[0.38,""185""],[0.39,""108.57""],[0.4,""75.8""],[0.41,""55""],[0.42,""110""],[0.43,""35""],[0.44,""31.5""]]"
2026-05-17T02:47:31.896Z,btc-updown-15m-1778985900,"Bitcoin Up or Down - May 16, 10:45PM-11:00PM ET",btc-updown-15m-1778985900,2026-05-17T03:00:00Z,,0.56,0.57,0.43,0.44,0.565,0.51,171.168212,,68.76,10.0,"[[0.01,""9975.02""],[0.02,""2554.1""],[0.03,""1209.07""],[0.04,""205.09""],[0.05,""223.2""],[0.06,""110.54""],[0.07,""420.51""],[0.08,""90.29""],[0.09,""87.72""],[0.1,""68.29""],[0.11,""84.7""],[0.12,""56.74""],[0.13,""79.2""],[0.14,""52.05""],[0.15,""75.17""],[0.16,""58.55""],[0.17,""67.19""],[0.18,""45.86""],[0.19,""64.77""],[0.2,""88.8""],[0.21,""63.1""],[0.22,""42.5""],[0.23,""61.89""],[0.24,""41.39""],[0.25,""81""],[0.26,""40.6""],[0.27,""60.2""],[0.28,""39.9""],[0.29,""64.6""],[0.3,""60.96""],[0.31,""59""],[0.32,""68.8""],[0.33,""58.6""],[0.34,""38.4""],[0.35,""297.46""],[0.36,""43""],[0.37,""72.9""],[0.38,""37.7""],[0.39,""72.6""],[0.4,""77.2""],[0.41,""72.4""],[0.42,""247.3""],[0.43,""510.53""],[0.44,""330.93""],[0.45,""82.1""],[0.46,""57.1""],[0.47,""82""],[0.48,""52""],[0.49,""162""],[0.5,""47""],[0.51,""155""],[0.52,""75""],[0.53,""135""],[0.54,""235""],[0.55,""196.8""],[0.56,""68.76""]]","[[0.01,""10024.27""],[0.02,""2505.1""],[0.03,""1226.71""],[0.04,""205.09""],[0.05,""218.21""],[0.06,""116.71""],[0.07,""405.39""],[0.08,""90.3""],[0.09,""92.72""],[0.1,""78.3""],[0.11,""84.7""],[0.12,""56.74""],[0.13,""74.2""],[0.14,""52.05""],[0.15,""75.17""],[0.16,""58.55""],[0.17,""67.19""],[0.18,""60.86""],[0.19,""64.77""],[0.2,""73.82""],[0.21,""63.1""],[0.22,""47.5""],[0.23,""61.89""],[0.24,""160.39""],[0.25,""71""],[0.26,""55.6""],[0.27,""60.2""],[0.28,""60.9""],[0.29,""74.6""],[0.3,""318.18""],[0.31,""469""],[0.32,""373.8""],[0.33,""293.6""],[0.34,""58.4""],[0.35,""191.78""],[0.36,""135""],[0.37,""170""],[0.38,""190""],[0.39,""108.57""],[0.4,""97.9""],[0.41,""60""],[0.42,""40""],[0.43,""10""]]"
2026-05-17T02:47:37.365Z,btc-updown-15m-1778985900,"Bitcoin Up or Down - May 16, 10:45PM-11:00PM ET",btc-updown-15m-1778985900,2026-05-17T03:00:00Z,,0.56,0.57,0.43,0.44,0.565,0.51,171.168212,,126.56,15.0,"[[0.01,""9980.02""],[0.02,""2554.1""],[0.03,""1209.07""],[0.04,""205.09""],[0.05,""223.2""],[0.06,""115.54""],[0.07,""420.51""],[0.08,""90.29""],[0.09,""87.72""],[0.1,""68.29""],[0.11,""84.7""],[0.12,""56.74""],[0.13,""79.2""],[0.14,""52.05""],[0.15,""75.17""],[0.16,""58.55""],[0.17,""67.19""],[0.18,""45.86""],[0.19,""64.77""],[0.2,""88.8""],[0.21,""63.1""],[0.22,""42.5""],[0.23,""61.89""],[0.24,""41.39""],[0.25,""81""],[0.26,""40.6""],[0.27,""60.2""],[0.28,""39.9""],[0.29,""64.6""],[0.3,""60.96""],[0.31,""59""],[0.32,""68.8""],[0.33,""58.6""],[0.34,""38.4""],[0.35,""297.46""],[0.36,""43""],[0.37,""72.9""],[0.38,""37.7""],[0.39,""72.6""],[0.4,""77.2""],[0.41,""72.4""],[0.42,""247.3""],[0.43,""510.53""],[0.44,""30.93""],[0.45,""82.1""],[0.46,""57.1""],[0.47,""102""],[0.48,""52""],[0.49,""162""],[0.5,""47""],[0.51,""155""],[0.52,""75""],[0.53,""137""],[0.54,""240""],[0.55,""185.26""],[0.56,""126.56""]]","[[0.01,""10024.27""],[0.02,""2505.1""],[0.03,""1221.71""],[0.04,""205.09""],[0.05,""218.21""],[0.06,""116.71""],[0.07,""405.39""],[0.08,""90.3""],[0.09,""92.72""],[0.1,""78.3""],[0.11,""84.7""],[0.12,""56.74""],[0.13,""74.2""],[0.14,""52.05""],[0.15,""75.17""],[0.16,""68.55""],[0.17,""67.19""],[0.18,""50.86""],[0.19,""64.77""],[0.2,""68.81""],[0.21,""63.1""],[0.22,""47.5""],[0.23,""61.89""],[0.24,""160.39""],[0.25,""71""],[0.26,""55.6""],[0.27,""66.2""],[0.28,""54.9""],[0.29,""274.6""],[0.3,""478.18""],[0.31,""109""],[0.32,""73.8""],[0.33,""293.6""],[0.34,""58.4""],[0.35,""191.78""],[0.36,""135""],[0.37,""170""],[0.38,""190""],[0.39,""108.57""],[0.4,""70.8""],[0.41,""79.8""],[0.42,""52.8""],[0.43,""15""]]"
2026-05-17T02:47:40.953Z,btc-updown-15m-1778985900,"Bitcoin Up or Down - May 16, 10:45PM-11:00PM ET",btc-updown-15m-1778985900,2026-05-17T03:00:00Z,,0.54,0.55,0.45,0.46,0.545,0.51,171.168212,,12.8,164.08,"[[0.01,""9970.02""],[0.02,""2554.1""],[0.03,""1209.07""],[0.04,""210.09""],[0.05,""223.2""],[0.06,""110.54""],[0.07,""420.51""],[0.08,""90.29""],[0.09,""87.72""],[0.1,""68.29""],[0.11,""84.7""],[0.12,""56.74""],[0.13,""79.2""],[0.14,""52.05""],[0.15,""75.17""],[0.16,""58.55""],[0.17,""67.19""],[0.18,""45.86""],[0.19,""64.77""],[0.2,""88.8""],[0.21,""63.1""],[0.22,""42.5""],[0.23,""61.89""],[0.24,""41.39""],[0.25,""81""],[0.26,""40.6""],[0.27,""60.2""],[0.28,""39.9""],[0.29,""64.6""],[0.3,""60.96""],[0.31,""59""],[0.32,""68.8""],[0.33,""58.6""],[0.34,""38.4""],[0.35,""297.46""],[0.36,""43""],[0.37,""72.9""],[0.38,""37.7""],[0.39,""72.6""],[0.4,""77.2""],[0.41,""72.4""],[0.42,""247.3""],[0.43,""515.53""],[0.44,""335.93""],[0.45,""72.1""],[0.46,""47.1""],[0.47,""72""],[0.48,""47""],[0.49,""190""],[0.5,""75""],[0.51,""206""],[0.52,""75""],[0.53,""87""],[0.54,""12.8""]]","[[0.01,""10024.27""],[0.02,""2505.1""],[0.03,""1221.71""],[0.04,""205.09""],[0.05,""218.21""],[0.06,""116.71""],[0.07,""405.39""],[0.08,""90.3""],[0.09,""87.72""],[0.1,""78.3""],[0.11,""84.7""],[0.12,""56.74""],[0.13,""74.2""],[0.14,""52.05""],[0.15,""80.17""],[0.16,""73.55""],[0.17,""67.19""],[0.18,""45.86""],[0.19,""64.77""],[0.2,""73.82""],[0.21,""63.1""],[0.22,""47.5""],[0.23,""61.89""],[0.24,""160.39""],[0.25,""71""],[0.26,""55.6""],[0.27,""66.2""],[0.28,""54.9""],[0.29,""274.6""],[0.3,""483.18""],[0.31,""369""],[0.32,""73.8""],[0.33,""288.6""],[0.34,""53.4""],[0.35,""161.78""],[0.36,""123""],[0.37,""70""],[0.38,""85""],[0.39,""155.77""],[0.4,""97.8""],[0.41,""112.8""],[0.42,""142.8""],[0.43,""64.8""],[0.44,""53.85""],[0.45,""164.08""]]"
2026-05-17T02:47:42.537Z,btc-updown-15m-1778985900,"Bitcoin Up or Down - May 16, 10:45PM-11:00PM ET",btc-updown-15m-1778985900,2026-05-17T03:00:00Z,,0.54,0.55,0.45,0.46,0.545,0.51,171.168212,,12.8,166.99,"[[0.01,""9975.02""],[0.02,""2554.1""],[0.03,""1209.07""],[0.04,""210.09""],[0.05,""223.2""],[0.06,""110.54""],[0.07,""420.51""],[0.08,""90.29""],[0.09,""87.72""],[0.1,""68.29""],[0.11,""84.7""],[0.12,""56.74""],[0.13,""79.2""],[0.14,""52.05""],[0.15,""75.17""],[0.16,""58.55""],[0.17,""67.19""],[0.18,""45.86""],[0.19,""64.77""],[0.2,""88.8""],[0.21,""63.1""],[0.22,""42.5""],[0.23,""61.89""],[0.24,""41.39""],[0.25,""81""],[0.26,""40.6""],[0.27,""60.2""],[0.28,""39.9""],[0.29,""64.6""],[0.3,""60.96""],[0.31,""59""],[0.32,""68.8""],[0.33,""58.6""],[0.34,""38.4""],[0.35,""297.46""],[0.36,""43""],[0.37,""72.9""],[0.38,""37.7""],[0.39,""72.6""],[0.4,""77.2""],[0.41,""72.4""],[0.42,""247.3""],[0.43,""509.53""],[0.44,""335.93""],[0.45,""72.1""],[0.46,""47.1""],[0.47,""72""],[0.48,""47""],[0.49,""190""],[0.5,""75""],[0.51,""331""],[0.52,""100""],[0.53,""87""],[0.54,""12.8""]]","[[0.01,""10024.27""],[0.02,""2505.1""],[0.03,""1221.71""],[0.04,""205.09""],[0.05,""218.21""],[0.06,""116.71""],[0.07,""405.39""],[0.08,""90.3""],[0.09,""87.72""],[0.1,""78.3""],[0.11,""84.7""],[0.12,""56.74""],[0.13,""74.2""],[0.14,""52.05""],[0.15,""80.17""],[0.16,""73.55""],[0.17,""67.19""],[0.18,""45.86""],[0.19,""64.77""],[0.2,""73.82""],[0.21,""63.1""],[0.22,""47.5""],[0.23,""61.89""],[0.24,""160.39""],[0.25,""71""],[0.26,""55.6""],[0.27,""60.2""],[0.28,""54.9""],[0.29,""274.6""],[0.3,""483.18""],[0.31,""369""],[0.32,""73.8""],[0.33,""288.6""],[0.34,""53.4""],[0.35,""161.78""],[0.36,""123""],[0.37,""70""],[0.38,""110""],[0.39,""180.77""],[0.4,""197.8""],[0.41,""212.8""],[0.42,""112.08""],[0.43,""79.8""],[0.44,""47.8""],[0.45,""166.99""]]"
2026-05-17T02:47:45.905Z,btc-updown-15m-1778985900,"Bitcoin Up or Down - May 16, 10:45PM-11:00PM ET",btc-updown-15m-1778985900,2026-05-17T03:00:00Z,,0.54,0.55,0.45,0.46,0.545,0.51,171.168212,,23.4,134.25,"[[0.01,""9975.02""],[0.02,""2554.1""],[0.03,""1209.07""],[0.04,""210.09""],[0.05,""223.2""],[0.06,""110.54""],[0.07,""420.51""],[0.08,""90.29""],[0.09,""87.72""],[0.1,""68.29""],[0.11,""84.7""],[0.12,""56.74""],[0.13,""79.2""],[0.14,""52.05""],[0.15,""75.17""],[0.16,""58.55""],[0.17,""67.19""],[0.18,""45.86""],[0.19,""64.77""],[0.2,""93.8""],[0.21,""63.1""],[0.22,""42.5""],[0.23,""61.89""],[0.24,""41.39""],[0.25,""81""],[0.26,""40.6""],[0.27,""60.2""],[0.28,""39.9""],[0.29,""64.6""],[0.3,""60.96""],[0.31,""64""],[0.32,""73.8""],[0.33,""63.6""],[0.34,""43.4""],[0.35,""297.46""],[0.36,""43""],[0.37,""72.9""],[0.38,""37.7""],[0.39,""72.6""],[0.4,""77.2""],[0.41,""72.4""],[0.42,""247.3""],[0.43,""509.53""],[0.44,""335.93""],[0.45,""72.1""],[0.46,""57.1""],[0.47,""82""],[0.48,""57""],[0.49,""202""],[0.5,""75""],[0.51,""338""],[0.52,""100""],[0.53,""87""],[0.54,""23.4""]]","[[0.01,""10024.27""],[0.02,""2510.1""],[0.03,""1221.71""],[0.04,""205.09""],[0.05,""218.21""],[0.06,""116.71""],[0.07,""405.39""],[0.08,""90.3""],[0.09,""87.72""],[0.1,""78.3""],[0.11,""84.7""],[0.12,""56.74""],[0.13,""74.2""],[0.14,""52.05""],[0.15,""80.17""],[0.16,""73.55""],[0.17,""67.19""],[0.18,""45.86""],[0.19,""64.77""],[0.2,""73.82""],[0.21,""63.1""],[0.22,""47.5""],[0.23,""61.89""],[0.24,""160.39""],[0.25,""71""],[0.26,""55.6""],[0.27,""60.2""],[0.28,""54.9""],[0.29,""274.6""],[0.3,""483.18""],[0.31,""369""],[0.32,""73.8""],[0.33,""288.6""],[0.34,""53.4""],[0.35,""161.78""],[0.36,""123""],[0.37,""70""],[0.38,""110""],[0.39,""280.77""],[0.4,""197.8""],[0.41,""112.8""],[0.42,""112.08""],[0.43,""64.8""],[0.44,""62.8""],[0.45,""134.25""]]"
2026-05-17T02:47:51.075Z,btc-updown-15m-1778985900,"Bitcoin Up or Down - May 16, 10:45PM-11:00PM ET",btc-updown-15m-1778985900,2026-05-17T03:00:00Z,,0.54,0.55,0.45,0.46,0.545,0.51,171.168212,,80.03,57.14,"[[0.01,""9975.02""],[0.02,""2554.1""],[0.03,""1209.07""],[0.04,""210.09""],[0.05,""223.2""],[0.06,""110.54""],[0.07,""420.51""],[0.08,""90.29""],[0.09,""87.72""],[0.1,""68.29""],[0.11,""84.7""],[0.12,""56.74""],[0.13,""79.2""],[0.14,""52.05""],[0.15,""75.17""],[0.16,""58.55""],[0.17,""67.19""],[0.18,""45.86""],[0.19,""64.77""],[0.2,""93.8""],[0.21,""63.1""],[0.22,""42.5""],[0.23,""61.89""],[0.24,""41.39""],[0.25,""81""],[0.26,""40.6""],[0.27,""60.2""],[0.28,""39.9""],[0.29,""64.6""],[0.3,""60.96""],[0.31,""64""],[0.32,""73.8""],[0.33,""63.6""],[0.34,""43.4""],[0.35,""297.46""],[0.36,""43""],[0.37,""72.9""],[0.38,""37.7""],[0.39,""72.6""],[0.4,""77.2""],[0.41,""72.4""],[0.42,""247.3""],[0.43,""515.53""],[0.44,""335.93""],[0.45,""82.1""],[0.46,""52.1""],[0.47,""82""],[0.48,""57""],[0.49,""67""],[0.5,""215""],[0.51,""125""],[0.52,""206""],[0.53,""190""],[0.54,""80.03""]]","[[0.01,""10024.27""],[0.02,""2515.1""],[0.03,""1221.71""],[0.04,""205.09""],[0.05,""218.21""],[0.06,""116.71""],[0.07,""405.39""],[0.08,""90.3""],[0.09,""87.72""],[0.1,""68.3""],[0.11,""84.7""],[0.12,""56.74""],[0.13,""74.2""],[0.14,""52.05""],[0.15,""80.17""],[0.16,""73.55""],[0.17,""67.19""],[0.18,""45.86""],[0.19,""64.77""],[0.2,""73.82""],[0.21,""63.1""],[0.22,""47.5""],[0.23,""61.89""],[0.24,""160.39""],[0.25,""71""],[0.26,""55.6""],[0.27,""66.2""],[0.28,""54.9""],[0.29,""279.6""],[0.3,""483.18""],[0.31,""369""],[0.32,""168.8""],[0.33,""188.6""],[0.34,""53.4""],[0.35,""166.78""],[0.36,""110""],[0.37,""70""],[0.38,""110""],[0.39,""180.77""],[0.4,""197.8""],[0.41,""120.8""],[0.42,""57.8""],[0.43,""52.8""],[0.44,""98.03""],[0.45,""57.14""]]"
2026-05-17T02:47:54.288Z,btc-updown-15m-1778985900,"Bitcoin Up or Down - May 16, 10:45PM-11:00PM ET",btc-updown-15m-1778985900,2026-05-17T03:00:00Z,,0.54,0.55,0.45,0.46,0.545,0.51,171.168212,,80.3,94.88,"[[0.01,""9975.02""],[0.02,""2554.1""],[0.03,""1214.07""],[0.04,""205.09""],[0.05,""223.2""],[0.06,""110.54""],[0.07,""420.51""],[0.08,""90.29""],[0.09,""87.72""],[0.1,""68.29""],[0.11,""84.7""],[0.12,""56.74""],[0.13,""79.2""],[0.14,""52.05""],[0.15,""75.17""],[0.16,""58.55""],[0.17,""67.19""],[0.18,""45.86""],[0.19,""64.77""],[0.2,""93.8""],[0.21,""63.1""],[0.22,""42.5""],[0.23,""66.89""],[0.24,""41.39""],[0.25,""81""],[0.26,""40.6""],[0.27,""60.2""],[0.28,""39.9""],[0.29,""59.6""],[0.3,""65.96""],[0.31,""64""],[0.32,""73.8""],[0.33,""63.6""],[0.34,""43.4""],[0.35,""292.46""],[0.36,""43""],[0.37,""72.9""],[0.38,""37.7""],[0.39,""72.6""],[0.4,""77.2""],[0.41,""72.4""],[0.42,""247.3""],[0.43,""515.53""],[0.44,""340.93""],[0.45,""67.1""],[0.46,""57.1""],[0.47,""77""],[0.48,""57""],[0.49,""73""],[0.5,""240""],[0.51,""225""],[0.52,""202.6""],[0.53,""12.8""],[0.54,""80.3""]]","[[0.01,""10024.27""],[0.02,""2515.1""],[0.03,""1221.71""],[0.04,""205.09""],[0.05,""218.21""],[0.06,""116.71""],[0.07,""405.39""],[0.08,""90.3""],[0.09,""87.72""],[0.1,""68.3""],[0.11,""84.7""],[0.12,""56.74""],[0.13,""74.2""],[0.14,""52.05""],[0.15,""80.17""],[0.16,""73.55""],[0.17,""67.19""],[0.18,""45.86""],[0.19,""64.77""],[0.2,""73.82""],[0.21,""63.1""],[0.22,""47.5""],[0.23,""61.89""],[0.24,""160.39""],[0.25,""71""],[0.26,""55.6""],[0.27,""66.2""],[0.28,""54.9""],[0.29,""279.6""],[0.3,""483.18""],[0.31,""369""],[0.32,""168.8""],[0.33,""188.6""],[0.34,""78.4""],[0.35,""121.78""],[0.36,""125""],[0.37,""70""],[0.38,""90""],[0.39,""80.77""],[0.4,""210""],[0.41,""220.8""],[0.42,""57.8""],[0.43,""72.8""],[0.44,""103.03""],[0.45,""94.88""]]"
2026-05-17T02:47:56.612Z,btc-updown-15m-1778985900,"Bitcoin Up or Down - May 16, 10:45PM-11:00PM ET",btc-updown-15m-1778985900,2026-05-17T03:00:00Z,,0.53,0.54,0.46,0.47,0.535,0.51,171.168212,,74.19,66.55,"[[0.01,""9975.02""],[0.02,""2554.1""],[0.03,""1214.07""],[0.04,""205.09""],[0.05,""223.2""],[0.06,""110.54""],[0.07,""420.51""],[0.08,""90.29""],[0.09,""87.72""],[0.1,""68.29""],[0.11,""84.7""],[0.12,""56.74""],[0.13,""79.2""],[0.14,""52.05""],[0.15,""75.17""],[0.16,""58.55""],[0.17,""67.19""],[0.18,""45.86""],[0.19,""64.77""],[0.2,""93.8""],[0.21,""63.1""],[0.22,""42.5""],[0.23,""66.89""],[0.24,""41.39""],[0.25,""81""],[0.26,""40.6""],[0.27,""60.2""],[0.28,""39.9""],[0.29,""59.6""],[0.3,""65.96""],[0.31,""64""],[0.32,""73.8""],[0.33,""78.6""],[0.34,""43.4""],[0.35,""292.46""],[0.36,""43""],[0.37,""72.9""],[0.38,""37.7""],[0.39,""72.6""],[0.4,""77.2""],[0.41,""72.4""],[0.42,""247.3""],[0.43,""510.53""],[0.44,""340.93""],[0.45,""67.1""],[0.46,""52.1""],[0.47,""77""],[0.48,""52""],[0.49,""73""],[0.5,""240""],[0.51,""225""],[0.52,""207.6""],[0.53,""74.19""]]","[[0.01,""10024.27""],[0.02,""2515.1""],[0.03,""1221.71""],[0.04,""205.09""],[0.05,""218.21""],[0.06,""116.71""],[0.07,""405.39""],[0.08,""90.3""],[0.09,""87.72""],[0.1,""68.3""],[0.11,""84.7""],[0.12,""56.74""],[0.13,""74.2""],[0.14,""52.05""],[0.15,""80.17""],[0.16,""73.55""],[0.17,""67.19""],[0.18,""45.86""],[0.19,""64.77""],[0.2,""73.82""],[0.21,""63.1""],[0.22,""47.5""],[0.23,""61.89""],[0.24,""160.39""],[0.25,""71""],[0.26,""55.6""],[0.27,""66.2""],[0.28,""54.9""],[0.29,""279.6""],[0.3,""478.18""],[0.31,""369""],[0.32,""168.8""],[0.33,""188.6""],[0.34,""78.4""],[0.35,""126.78""],[0.36,""125""],[0.37,""110""],[0.38,""50""],[0.39,""120.77""],[0.4,""170""],[0.41,""220.8""],[0.42,""57.8""],[0.43,""72.8""],[0.44,""118.03""],[0.45,""45.18""],[0.46,""66.55""]]"
2026-05-17T02:47:59.339Z,btc-updown-15m-1778985900,"Bitcoin Up or Down - May 16, 10:45PM-11:00PM ET",btc-updown-15m-1778985900,2026-05-17T03:00:00Z,,0.53,0.54,0.46,0.47,0.535,0.51,171.168212,,147.37,28.14,"[[0.01,""9975.02""],[0.02,""2554.1""],[0.03,""1214.07""],[0.04,""205.09""],[0.05,""223.2""],[0.06,""110.54""],[0.07,""420.51""],[0.08,""90.29""],[0.09,""87.72""],[0.1,""68.29""],[0.11,""84.7""],[0.12,""56.74""],[0.13,""79.2""],[0.14,""52.05""],[0.15,""75.17""],[0.16,""58.55""],[0.17,""67.19""],[0.18,""45.86""],[0.19,""64.77""],[0.2,""93.8""],[0.21,""63.1""],[0.22,""42.5""],[0.23,""66.89""],[0.24,""41.39""],[0.25,""81""],[0.26,""40.6""],[0.27,""60.2""],[0.28,""39.9""],[0.29,""59.6""],[0.3,""65.96""],[0.31,""64""],[0.32,""73.8""],[0.33,""78.6""],[0.34,""43.4""],[0.35,""292.46""],[0.36,""43""],[0.37,""72.9""],[0.38,""37.7""],[0.39,""72.6""],[0.4,""77.2""],[0.41,""72.4""],[0.42,""247.3""],[0.43,""515.53""],[0.44,""340.93""],[0.45,""67.1""],[0.46,""52.1""],[0.47,""77""],[0.48,""57""],[0.49,""73""],[0.5,""212""],[0.51,""265""],[0.52,""161.6""],[0.53,""147.37""]]","[[0.01,""10024.27""],[0.02,""2515.1""],[0.03,""1221.71""],[0.04,""205.09""],[0.05,""218.21""],[0.06,""116.71""],[0.07,""405.39""],[0.08,""90.3""],[0.09,""87.72""],[0.1,""68.3""],[0.11,""84.7""],[0.12,""56.74""],[0.13,""74.2""],[0.14,""52.05""],[0.15,""80.17""],[0.16,""73.55""],[0.17,""67.19""],[0.18,""45.86""],[0.19,""64.77""],[0.2,""73.82""],[0.21,""63.1""],[0.22,""47.5""],[0.23,""61.89""],[0.24,""145.39""],[0.25,""71""],[0.26,""55.6""],[0.27,""66.2""],[0.28,""54.9""],[0.29,""279.6""],[0.3,""483.18""],[0.31,""369""],[0.32,""168.8""],[0.33,""188.6""],[0.34,""78.4""],[0.35,""121.78""],[0.36,""125""],[0.37,""110""],[0.38,""50""],[0.39,""120.77""],[0.4,""223""],[0.41,""172.8""],[0.42,""57.8""],[0.43,""72.8""],[0.44,""103.03""],[0.45,""45.18""],[0.46,""28.14""]]"
2026-05-17T02:48:02.644Z,btc-updown-15m-1778985900,"Bitcoin Up or Down - May 16, 10:45PM-11:00PM ET",btc-updown-15m-1778985900,2026-05-17T03:00:00Z,,0.53,0.54,0.46,0.47,0.535,0.51,171.168212,,107.74,10.15,"[[0.01,""9975.02""],[0.02,""2554.1""],[0.03,""1214.07""],[0.04,""205.09""],[0.05,""223.2""],[0.06,""110.54""],[0.07,""420.51""],[0.08,""90.29""],[0.09,""87.72""],[0.1,""68.29""],[0.11,""84.7""],[0.12,""56.74""],[0.13,""79.2""],[0.14,""52.05""],[0.15,""75.17""],[0.16,""58.55""],[0.17,""67.19""],[0.18,""45.86""],[0.19,""64.77""],[0.2,""93.8""],[0.21,""63.1""],[0.22,""42.5""],[0.23,""66.89""],[0.24,""41.39""],[0.25,""181""],[0.26,""40.6""],[0.27,""60.2""],[0.28,""39.9""],[0.29,""59.6""],[0.3,""65.96""],[0.31,""64""],[0.32,""73.8""],[0.33,""78.6""],[0.34,""43.4""],[0.35,""221.06""],[0.36,""43""],[0.37,""72.9""],[0.38,""37.7""],[0.39,""72.6""],[0.4,""77.2""],[0.41,""72.4""],[0.42,""247.3""],[0.43,""510.53""],[0.44,""340.93""],[0.45,""67.1""],[0.46,""52.1""],[0.47,""77""],[0.48,""57""],[0.49,""67""],[0.5,""212""],[0.51,""225""],[0.52,""161.6""],[0.53,""107.74""]]","[[0.01,""10024.27""],[0.02,""2515.1""],[0.03,""1221.71""],[0.04,""205.09""],[0.05,""218.21""],[0.06,""116.71""],[0.07,""405.39""],[0.08,""90.3""],[0.09,""87.72""],[0.1,""68.3""],[0.11,""84.7""],[0.12,""56.74""],[0.13,""74.2""],[0.14,""52.05""],[0.15,""80.17""],[0.16,""73.55""],[0.17,""67.19""],[0.18,""45.86""],[0.19,""64.77""],[0.2,""73.82""],[0.21,""63.1""],[0.22,""47.5""],[0.23,""61.89""],[0.24,""41.39""],[0.25,""71""],[0.26,""55.6""],[0.27,""66.2""],[0.28,""54.9""],[0.29,""279.6""],[0.3,""469.3""],[0.31,""369""],[0.32,""268.8""],[0.33,""88.6""],[0.34,""151.9""],[0.35,""121.78""],[0.36,""125""],[0.37,""110""],[0.38,""50""],[0.39,""120.77""],[0.4,""218""],[0.41,""172.8""],[0.42,""57.8""],[0.43,""72.8""],[0.44,""103.03""],[0.45,""57.98""],[0.46,""10.15""]]"
2026-05-17T02:48:04.080Z,btc-updown-15m-1778985900,"Bitcoin Up or Down - May 16, 10:45PM-11:00PM ET",btc-updown-15m-1778985900,2026-05-17T03:00:00Z,,0.53,0.54,0.46,0.47,0.535,0.51,171.168212,,107.74,5.15,"[[0.01,""9980.02""],[0.02,""2554.1""],[0.03,""1214.07""],[0.04,""205.09""],[0.05,""223.2""],[0.06,""110.54""],[0.07,""420.51""],[0.08,""90.29""],[0.09,""87.72""],[0.1,""68.29""],[0.11,""84.7""],[0.12,""56.74""],[0.13,""79.2""],[0.14,""52.05""],[0.15,""75.17""],[0.16,""58.55""],[0.17,""67.19""],[0.18,""45.86""],[0.19,""64.77""],[0.2,""93.8""],[0.21,""63.1""],[0.22,""42.5""],[0.23,""66.89""],[0.24,""41.39""],[0.25,""181""],[0.26,""40.6""],[0.27,""60.2""],[0.28,""39.9""],[0.29,""59.6""],[0.3,""65.96""],[0.31,""64""],[0.32,""73.8""],[0.33,""78.6""],[0.34,""43.4""],[0.35,""221.06""],[0.36,""43""],[0.37,""72.9""],[0.38,""37.7""],[0.39,""72.6""],[0.4,""77.2""],[0.41,""72.4""],[0.42,""247.3""],[0.43,""510.53""],[0.44,""340.93""],[0.45,""67.1""],[0.46,""57.1""],[0.47,""77""],[0.48,""57""],[0.49,""67""],[0.5,""212""],[0.51,""225""],[0.52,""220.17""],[0.53,""107.74""]]","[[0.01,""10019.27""],[0.02,""2515.1""],[0.03,""1221.71""],[0.04,""205.09""],[0.05,""218.21""],[0.06,""116.71""],[0.07,""405.39""],[0.08,""90.3""],[0.09,""87.72""],[0.1,""68.3""],[0.11,""84.7""],[0.12,""56.74""],[0.13,""74.2""],[0.14,""52.05""],[0.15,""80.17""],[0.16,""73.55""],[0.17,""67.19""],[0.18,""45.86""],[0.19,""64.77""],[0.2,""73.82""],[0.21,""63.1""],[0.22,""47.5""],[0.23,""61.89""],[0.24,""41.39""],[0.25,""71""],[0.26,""55.6""],[0.27,""66.2""],[0.28,""54.9""],[0.29,""279.6""],[0.3,""469.3""],[0.31,""369""],[0.32,""268.8""],[0.33,""88.6""],[0.34,""151.9""],[0.35,""121.78""],[0.36,""130""],[0.37,""105""],[0.38,""50""],[0.39,""120.77""],[0.4,""218""],[0.41,""172.8""],[0.42,""57.8""],[0.43,""72.8""],[0.44,""103.03""],[0.45,""57.98""],[0.46,""5.15""]]"
2026-05-17T02:48:06.613Z,btc-updown-15m-1778985900,"Bitcoin Up or Down - May 16, 10:45PM-11:00PM ET",btc-updown-15m-1778985900,2026-05-17T03:00:00Z,,0.53,0.54,0.46,0.47,0.535,0.51,171.168212,,122.71,0.02,"[[0.01,""9975.02""],[0.02,""2554.1""],[0.03,""1214.07""],[0.04,""205.09""],[0.05,""223.2""],[0.06,""110.54""],[0.07,""420.51""],[0.08,""90.29""],[0.09,""87.72""],[0.1,""68.29""],[0.11,""84.7""],[0.12,""56.74""],[0.13,""79.2""],[0.14,""52.05""],[0.15,""75.17""],[0.16,""58.55""],[0.17,""67.19""],[0.18,""45.86""],[0.19,""64.77""],[0.2,""93.8""],[0.21,""63.1""],[0.22,""42.5""],[0.23,""66.89""],[0.24,""41.39""],[0.25,""181""],[0.26,""40.6""],[0.27,""60.2""],[0.28,""39.9""],[0.29,""59.6""],[0.3,""65.96""],[0.31,""64""],[0.32,""73.8""],[0.33,""78.6""],[0.34,""43.4""],[0.35,""221.06""],[0.36,""43""],[0.37,""72.9""],[0.38,""37.7""],[0.39,""72.6""],[0.4,""77.2""],[0.41,""72.4""],[0.42,""53.3""],[0.43,""504.53""],[0.44,""340.93""],[0.45,""67.1""],[0.46,""52.1""],[0.47,""77""],[0.48,""52""],[0.49,""67""],[0.5,""212""],[0.51,""225""],[0.52,""201.6""],[0.53,""122.71""]]","[[0.01,""10024.27""],[0.02,""2515.1""],[0.03,""1221.71""],[0.04,""205.09""],[0.05,""218.21""],[0.06,""116.71""],[0.07,""405.39""],[0.08,""90.3""],[0.09,""87.72""],[0.1,""68.3""],[0.11,""84.7""],[0.12,""56.74""],[0.13,""74.2""],[0.14,""52.05""],[0.15,""80.17""],[0.16,""73.55""],[0.17,""67.19""],[0.18,""45.86""],[0.19,""64.77""],[0.2,""73.82""],[0.21,""63.1""],[0.22,""47.5""],[0.23,""61.89""],[0.24,""41.39""],[0.25,""71""],[0.26,""55.6""],[0.27,""66.2""],[0.28,""54.9""],[0.29,""79.6""],[0.3,""464.3""],[0.31,""369""],[0.32,""68.8""],[0.33,""88.6""],[0.34,""151.9""],[0.35,""308.58""],[0.36,""130""],[0.37,""105""],[0.38,""50""],[0.39,""120.77""],[0.4,""218""],[0.41,""172.8""],[0.42,""57.8""],[0.43,""72.8""],[0.44,""103.03""],[0.45,""57.98""],[0.46,""0.02""]]"
2026-05-17T02:48:10.304Z,btc-updown-15m-1778985900,"Bitcoin Up or Down - May 16, 10:45PM-11:00PM ET",btc-updown-15m-1778985900,2026-05-17T03:00:00Z,,0.54,0.55,0.45,0.46,0.545,0.51,171.168212,,63.79,50.43,"[[0.01,""9970.02""],[0.02,""2554.1""],[0.03,""1214.07""],[0.04,""205.09""],[0.05,""223.2""],[0.06,""110.54""],[0.07,""420.51""],[0.08,""90.29""],[0.09,""87.72""],[0.1,""68.29""],[0.11,""84.7""],[0.12,""56.74""],[0.13,""79.2""],[0.14,""52.05""],[0.15,""75.17""],[0.16,""58.55""],[0.17,""67.19""],[0.18,""45.86""],[0.19,""64.77""],[0.2,""93.8""],[0.21,""63.1""],[0.22,""42.5""],[0.23,""66.89""],[0.24,""41.39""],[0.25,""181""],[0.26,""40.6""],[0.27,""60.2""],[0.28,""39.9""],[0.29,""59.6""],[0.3,""65.96""],[0.31,""64""],[0.32,""73.8""],[0.33,""63.6""],[0.34,""43.4""],[0.35,""221.06""],[0.36,""43""],[0.37,""72.9""],[0.38,""37.7""],[0.39,""72.6""],[0.4,""77.2""],[0.41,""72.4""],[0.42,""53.3""],[0.43,""504.53""],[0.44,""340.93""],[0.45,""67.1""],[0.46,""52.1""],[0.47,""77""],[0.48,""57""],[0.49,""67""],[0.5,""212""],[0.51,""225""],[0.52,""101.6""],[0.53,""206.41""],[0.54,""63.79""]]","[[0.01,""10024.27""],[0.02,""2515.1""],[0.03,""1221.71""],[0.04,""205.09""],[0.05,""218.21""],[0.06,""116.71""],[0.07,""405.39""],[0.08,""90.3""],[0.09,""87.72""],[0.1,""68.3""],[0.11,""84.7""],[0.12,""56.74""],[0.13,""74.2""],[0.14,""52.05""],[0.15,""80.17""],[0.16,""73.55""],[0.17,""67.19""],[0.18,""45.86""],[0.19,""64.77""],[0.2,""73.82""],[0.21,""63.1""],[0.22,""47.5""],[0.23,""61.89""],[0.24,""56.39""],[0.25,""71""],[0.26,""55.6""],[0.27,""66.2""],[0.28,""54.9""],[0.29,""79.6""],[0.3,""469.3""],[0.31,""369""],[0.32,""68.8""],[0.33,""88.6""],[0.34,""251.9""],[0.35,""208.58""],[0.36,""145""],[0.37,""90""],[0.38,""50""],[0.39,""120.77""],[0.4,""218""],[0.41,""172.8""],[0.42,""62.8""],[0.43,""72.8""],[0.44,""103.03""],[0.45,""50.43""]]"
2026-05-17T02:48:12.045Z,btc-updown-15m-1778985900,"Bitcoin Up or Down - May 16, 10:45PM-11:00PM ET",btc-updown-15m-1778985900,2026-05-17T03:00:00Z,,0.54,0.55,0.45,0.46,0.545,0.51,171.168212,,55.79,50.43,"[[0.01,""9970.02""],[0.02,""2554.1""],[0.03,""1209.07""],[0.04,""210.09""],[0.05,""223.2""],[0.06,""110.54""],[0.07,""420.51""],[0.08,""90.29""],[0.09,""87.72""],[0.1,""68.29""],[0.11,""84.7""],[0.12,""56.74""],[0.13,""79.2""],[0.14,""52.05""],[0.15,""75.17""],[0.16,""58.55""],[0.17,""67.19""],[0.18,""45.86""],[0.19,""64.77""],[0.2,""93.8""],[0.21,""63.1""],[0.22,""42.5""],[0.23,""66.89""],[0.24,""41.39""],[0.25,""181""],[0.26,""40.6""],[0.27,""60.2""],[0.28,""39.9""],[0.29,""59.6""],[0.3,""65.96""],[0.31,""64""],[0.32,""73.8""],[0.33,""63.6""],[0.34,""43.4""],[0.35,""221.06""],[0.36,""43""],[0.37,""72.9""],[0.38,""37.7""],[0.39,""72.6""],[0.4,""77.2""],[0.41,""272.4""],[0.42,""53.3""],[0.43,""504.53""],[0.44,""340.93""],[0.45,""67.1""],[0.46,""52.1""],[0.47,""77""],[0.48,""57""],[0.49,""67""],[0.5,""212""],[0.51,""225""],[0.52,""101.6""],[0.53,""206.41""],[0.54,""55.79""]]","[[0.01,""10024.27""],[0.02,""2515.1""],[0.03,""1221.71""],[0.04,""205.09""],[0.05,""218.21""],[0.06,""116.71""],[0.07,""405.39""],[0.08,""90.3""],[0.09,""87.72""],[0.1,""68.3""],[0.11,""84.7""],[0.12,""56.74""],[0.13,""74.2""],[0.14,""52.05""],[0.15,""80.17""],[0.16,""73.55""],[0.17,""67.19""],[0.18,""45.86""],[0.19,""64.77""],[0.2,""73.82""],[0.21,""63.1""],[0.22,""47.5""],[0.23,""61.89""],[0.24,""56.39""],[0.25,""71""],[0.26,""55.6""],[0.27,""66.2""],[0.28,""54.9""],[0.29,""279.6""],[0.3,""469.3""],[0.31,""369""],[0.32,""68.8""],[0.33,""88.6""],[0.34,""251.9""],[0.35,""208.58""],[0.36,""145""],[0.37,""90""],[0.38,""50""],[0.39,""120.77""],[0.4,""218""],[0.41,""172.8""],[0.42,""62.8""],[0.43,""72.8""],[0.44,""103.03""],[0.45,""50.43""]]"
2026-05-17T02:48:14.074Z,btc-updown-15m-1778985900,"Bitcoin Up or Down - May 16, 10:45PM-11:00PM ET",btc-updown-15m-1778985900,2026-05-17T03:00:00Z,,0.54,0.55,0.45,0.46,0.545,0.51,171.168212,,78.58,40.02,"[[0.01,""9975.02""],[0.02,""2554.1""],[0.03,""1209.07""],[0.04,""210.09""],[0.05,""223.2""],[0.06,""110.54""],[0.07,""420.51""],[0.08,""90.29""],[0.09,""87.72""],[0.1,""68.29""],[0.11,""84.7""],[0.12,""56.74""],[0.13,""79.2""],[0.14,""52.05""],[0.15,""75.17""],[0.16,""58.55""],[0.17,""67.19""],[0.18,""45.86""],[0.19,""64.77""],[0.2,""93.8""],[0.21,""63.1""],[0.22,""42.5""],[0.23,""66.89""],[0.24,""41.39""],[0.25,""181""],[0.26,""40.6""],[0.27,""60.2""],[0.28,""39.9""],[0.29,""59.6""],[0.3,""65.96""],[0.31,""64""],[0.32,""73.8""],[0.33,""63.6""],[0.34,""43.4""],[0.35,""221.06""],[0.36,""43""],[0.37,""72.9""],[0.38,""37.7""],[0.39,""72.6""],[0.4,""77.2""],[0.41,""272.4""],[0.42,""53.3""],[0.43,""504.53""],[0.44,""340.93""],[0.45,""72.1""],[0.46,""52.1""],[0.47,""77""],[0.48,""57""],[0.49,""67""],[0.5,""212""],[0.51,""225""],[0.52,""101.6""],[0.53,""209.41""],[0.54,""78.58""]]","[[0.01,""10024.27""],[0.02,""2515.1""],[0.03,""1221.71""],[0.04,""205.09""],[0.05,""218.21""],[0.06,""116.71""],[0.07,""405.39""],[0.08,""90.3""],[0.09,""87.72""],[0.1,""68.3""],[0.11,""84.7""],[0.12,""56.74""],[0.13,""74.2""],[0.14,""52.05""],[0.15,""80.17""],[0.16,""73.55""],[0.17,""67.19""],[0.18,""45.86""],[0.19,""64.77""],[0.2,""73.82""],[0.21,""63.1""],[0.22,""47.5""],[0.23,""61.89""],[0.24,""56.39""],[0.25,""71""],[0.26,""55.6""],[0.27,""66.2""],[0.28,""54.9""],[0.29,""279.6""],[0.3,""469.3""],[0.31,""369""],[0.32,""68.8""],[0.33,""88.6""],[0.34,""351.9""],[0.35,""108.58""],[0.36,""145""],[0.37,""90""],[0.38,""75""],[0.39,""120.77""],[0.4,""193""],[0.41,""172.8""],[0.42,""62.8""],[0.43,""72.8""],[0.44,""103.03""],[0.45,""40.02""]]"
2026-05-17T02:48:18.878Z,btc-updown-15m-1778985900,"Bitcoin Up or Down - May 16, 10:45PM-11:00PM ET",btc-updown-15m-1778985900,2026-05-17T03:00:00Z,,0.54,0.55,0.45,0.46,0.545,0.51,171.168212,,63.61,19.56,"[[0.01,""9975.02""],[0.02,""2554.1""],[0.03,""1209.07""],[0.04,""210.09""],[0.05,""218.2""],[0.06,""110.54""],[0.07,""420.51""],[0.08,""90.29""],[0.09,""87.72""],[0.1,""68.29""],[0.11,""84.7""],[0.12,""56.74""],[0.13,""79.2""],[0.14,""52.05""],[0.15,""75.17""],[0.16,""58.55""],[0.17,""67.19""],[0.18,""45.86""],[0.19,""64.77""],[0.2,""93.8""],[0.21,""63.1""],[0.22,""42.5""],[0.23,""66.89""],[0.24,""41.39""],[0.25,""181""],[0.26,""40.6""],[0.27,""60.2""],[0.28,""39.9""],[0.29,""59.6""],[0.3,""65.96""],[0.31,""64""],[0.32,""73.8""],[0.33,""63.6""],[0.34,""43.4""],[0.35,""221.06""],[0.36,""43""],[0.37,""72.9""],[0.38,""37.7""],[0.39,""72.6""],[0.4,""77.2""],[0.41,""272.4""],[0.42,""53.3""],[0.43,""504.53""],[0.44,""335.93""],[0.45,""67.1""],[0.46,""52.1""],[0.47,""77""],[0.48,""57""],[0.49,""73""],[0.5,""212""],[0.51,""225""],[0.52,""101.6""],[0.53,""199.77""],[0.54,""63.61""]]","[[0.01,""10024.27""],[0.02,""2515.1""],[0.03,""1221.71""],[0.04,""205.09""],[0.05,""218.21""],[0.06,""116.71""],[0.07,""405.39""],[0.08,""90.3""],[0.09,""87.72""],[0.1,""68.3""],[0.11,""84.7""],[0.12,""56.74""],[0.13,""74.2""],[0.14,""52.05""],[0.15,""80.17""],[0.16,""73.55""],[0.17,""67.19""],[0.18,""45.86""],[0.19,""64.77""],[0.2,""73.82""],[0.21,""63.1""],[0.22,""47.5""],[0.23,""61.89""],[0.24,""56.39""],[0.25,""71""],[0.26,""55.6""],[0.27,""66.2""],[0.28,""54.9""],[0.29,""279.6""],[0.3,""469.3""],[0.31,""369""],[0.32,""68.8""],[0.33,""88.6""],[0.34,""351.9""],[0.35,""108.58""],[0.36,""145""],[0.37,""90""],[0.38,""75""],[0.39,""160.77""],[0.4,""153""],[0.41,""177.8""],[0.42,""57.8""],[0.43,""72.8""],[0.44,""103.03""],[0.45,""19.56""]]"
2026-05-17T02:48:20.546Z,btc-updown-15m-1778985900,"Bitcoin Up or Down - May 16, 10:45PM-11:00PM ET",btc-updown-15m-1778985900,2026-05-17T03:00:00Z,,0.54,0.55,0.45,0.46,0.545,0.51,171.168212,,68.61,89.56,"[[0.01,""9975.02""],[0.02,""2554.1""],[0.03,""1209.07""],[0.04,""210.09""],[0.05,""223.2""],[0.06,""110.54""],[0.07,""420.51""],[0.08,""90.29""],[0.09,""87.72""],[0.1,""68.29""],[0.11,""84.7""],[0.12,""56.74""],[0.13,""79.2""],[0.14,""52.05""],[0.15,""75.17""],[0.16,""58.55""],[0.17,""67.19""],[0.18,""45.86""],[0.19,""64.77""],[0.2,""93.8""],[0.21,""63.1""],[0.22,""42.5""],[0.23,""66.89""],[0.24,""41.39""],[0.25,""181""],[0.26,""40.6""],[0.27,""60.2""],[0.28,""39.9""],[0.29,""59.6""],[0.3,""65.96""],[0.31,""64""],[0.32,""73.8""],[0.33,""63.6""],[0.34,""43.4""],[0.35,""221.06""],[0.36,""43""],[0.37,""72.9""],[0.38,""37.7""],[0.39,""72.6""],[0.4,""77.2""],[0.41,""272.4""],[0.42,""53.3""],[0.43,""504.53""],[0.44,""335.93""],[0.45,""67.1""],[0.46,""52.1""],[0.47,""77""],[0.48,""57""],[0.49,""73""],[0.5,""212""],[0.51,""237""],[0.52,""101.6""],[0.53,""199.77""],[0.54,""68.61""]]","[[0.01,""10024.27""],[0.02,""2515.1""],[0.03,""1221.71""],[0.04,""205.09""],[0.05,""218.21""],[0.06,""116.71""],[0.07,""405.39""],[0.08,""90.3""],[0.09,""87.72""],[0.1,""68.3""],[0.11,""84.7""],[0.12,""56.74""],[0.13,""74.2""],[0.14,""52.05""],[0.15,""80.17""],[0.16,""73.55""],[0.17,""67.19""],[0.18,""45.86""],[0.19,""64.77""],[0.2,""73.82""],[0.21,""63.1""],[0.22,""47.5""],[0.23,""61.89""],[0.24,""56.39""],[0.25,""71""],[0.26,""55.6""],[0.27,""66.2""],[0.28,""54.9""],[0.29,""279.6""],[0.3,""469.3""],[0.31,""369""],[0.32,""68.8""],[0.33,""88.6""],[0.34,""351.9""],[0.35,""113.58""],[0.36,""185""],[0.37,""50""],[0.38,""115""],[0.39,""120.77""],[0.4,""153""],[0.41,""172.8""],[0.42,""57.8""],[0.43,""72.8""],[0.44,""53.03""],[0.45,""89.56""]]"
2026-05-17T02:48:23.021Z,btc-updown-15m-1778985900,"Bitcoin Up or Down - May 16, 10:45PM-11:00PM ET",btc-updown-15m-1778985900,2026-05-17T03:00:00Z,,0.52,0.53,0.47,0.48,0.525,0.51,171.168212,,34.99,33.49,"[[0.01,""9980.02""],[0.02,""2554.1""],[0.03,""1209.07""],[0.04,""205.09""],[0.05,""223.2""],[0.06,""110.54""],[0.07,""420.51""],[0.08,""90.29""],[0.09,""87.72""],[0.1,""68.29""],[0.11,""84.7""],[0.12,""56.74""],[0.13,""79.2""],[0.14,""52.05""],[0.15,""75.17""],[0.16,""58.55""],[0.17,""67.19""],[0.18,""45.86""],[0.19,""64.77""],[0.2,""93.8""],[0.21,""63.1""],[0.22,""42.5""],[0.23,""66.89""],[0.24,""41.39""],[0.25,""181""],[0.26,""40.6""],[0.27,""60.2""],[0.28,""39.9""],[0.29,""59.6""],[0.3,""65.96""],[0.31,""64""],[0.32,""73.8""],[0.33,""63.6""],[0.34,""43.4""],[0.35,""221.06""],[0.36,""43""],[0.37,""72.9""],[0.38,""37.7""],[0.39,""72.6""],[0.4,""72.2""],[0.41,""72.4""],[0.42,""47.3""],[0.43,""500.53""],[0.44,""335.93""],[0.45,""62.1""],[0.46,""47.1""],[0.47,""67""],[0.48,""35""],[0.49,""56""],[0.5,""25""],[0.51,""100""],[0.52,""34.99""]]","[[0.01,""10024.27""],[0.02,""2515.1""],[0.03,""1221.71""],[0.04,""205.09""],[0.05,""218.21""],[0.06,""116.71""],[0.07,""405.39""],[0.08,""90.3""],[0.09,""87.72""],[0.1,""68.3""],[0.11,""84.7""],[0.12,""56.74""],[0.13,""74.2""],[0.14,""52.05""],[0.15,""80.17""],[0.16,""73.55""],[0.17,""67.19""],[0.18,""45.86""],[0.19,""64.77""],[0.2,""68.81""],[0.21,""63.1""],[0.22,""47.5""],[0.23,""61.89""],[0.24,""56.39""],[0.25,""71""],[0.26,""55.6""],[0.27,""66.2""],[0.28,""54.9""],[0.29,""74.6""],[0.3,""459.3""],[0.31,""359""],[0.32,""63.8""],[0.33,""88.6""],[0.34,""126.9""],[0.35,""136.78""],[0.36,""158""],[0.37,""62.9""],[0.38,""50""],[0.39,""55.77""],[0.4,""125""],[0.41,""95""],[0.42,""95.8""],[0.43,""72.8""],[0.44,""58.03""],[0.45,""147.8""],[0.46,""27""],[0.47,""33.49""]]"
2026-05-17T02:48:26.065Z,btc-updown-15m-1778985900,"Bitcoin Up or Down - May 16, 10:45PM-11:00PM ET",btc-updown-15m-1778985900,2026-05-17T03:00:00Z,,0.52,0.53,0.47,0.48,0.525,0.51,171.168212,,74.32,38.38,"[[0.01,""9975.02""],[0.02,""2559.1""],[0.03,""1209.07""],[0.04,""205.09""],[0.05,""223.2""],[0.06,""110.54""],[0.07,""420.51""],[0.08,""90.29""],[0.09,""87.72""],[0.1,""68.29""],[0.11,""84.7""],[0.12,""56.74""],[0.13,""79.2""],[0.14,""52.05""],[0.15,""75.17""],[0.16,""58.55""],[0.17,""67.19""],[0.18,""45.86""],[0.19,""64.77""],[0.2,""93.8""],[0.21,""63.1""],[0.22,""42.5""],[0.23,""66.89""],[0.24,""41.39""],[0.25,""181""],[0.26,""40.6""],[0.27,""60.2""],[0.28,""39.9""],[0.29,""59.6""],[0.3,""65.96""],[0.31,""79""],[0.32,""73.8""],[0.33,""78.6""],[0.34,""43.4""],[0.35,""221.06""],[0.36,""48""],[0.37,""72.9""],[0.38,""37.7""],[0.39,""72.6""],[0.4,""77.2""],[0.41,""272.4""],[0.42,""47.3""],[0.43,""500.53""],[0.44,""340.93""],[0.45,""62.1""],[0.46,""47.1""],[0.47,""189.6""],[0.48,""72""],[0.49,""355""],[0.5,""130""],[0.51,""120""],[0.52,""74.32""]]","[[0.01,""10019.27""],[0.02,""2510.1""],[0.03,""1221.71""],[0.04,""205.09""],[0.05,""218.21""],[0.06,""116.71""],[0.07,""405.39""],[0.08,""90.3""],[0.09,""87.72""],[0.1,""68.3""],[0.11,""84.7""],[0.12,""56.74""],[0.13,""74.2""],[0.14,""52.05""],[0.15,""95.17""],[0.16,""58.55""],[0.17,""67.19""],[0.18,""45.86""],[0.19,""64.77""],[0.2,""68.81""],[0.21,""63.1""],[0.22,""47.5""],[0.23,""61.89""],[0.24,""61.39""],[0.25,""71""],[0.26,""55.6""],[0.27,""66.2""],[0.28,""254.9""],[0.29,""74.6""],[0.3,""459.3""],[0.31,""359""],[0.32,""63.8""],[0.33,""88.6""],[0.34,""126.9""],[0.35,""96.78""],[0.36,""258""],[0.37,""50""],[0.38,""90""],[0.39,""55.77""],[0.4,""110""],[0.41,""193""],[0.42,""207.8""],[0.43,""162.8""],[0.44,""58.03""],[0.45,""147.8""],[0.46,""5""],[0.47,""38.38""]]"
2026-05-17T02:48:29.378Z,btc-updown-15m-1778985900,"Bitcoin Up or Down - May 16, 10:45PM-11:00PM ET",btc-updown-15m-1778985900,2026-05-17T03:00:00Z,,0.52,0.53,0.47,0.48,0.525,0.51,171.168212,,64.33,24.2,"[[0.01,""9975.02""],[0.02,""2559.1""],[0.03,""1209.07""],[0.04,""205.09""],[0.05,""223.2""],[0.06,""110.54""],[0.07,""420.51""],[0.08,""90.29""],[0.09,""87.72""],[0.1,""68.29""],[0.11,""84.7""],[0.12,""56.74""],[0.13,""79.2""],[0.14,""52.05""],[0.15,""75.17""],[0.16,""58.55""],[0.17,""67.19""],[0.18,""45.86""],[0.19,""64.77""],[0.2,""93.8""],[0.21,""63.1""],[0.22,""42.5""],[0.23,""66.89""],[0.24,""41.39""],[0.25,""181""],[0.26,""40.6""],[0.27,""60.2""],[0.28,""39.9""],[0.29,""59.6""],[0.3,""65.96""],[0.31,""79""],[0.32,""73.8""],[0.33,""78.6""],[0.34,""43.4""],[0.35,""221.06""],[0.36,""48""],[0.37,""72.9""],[0.38,""37.7""],[0.39,""77.6""],[0.4,""72.2""],[0.41,""272.4""],[0.42,""47.3""],[0.43,""500.53""],[0.44,""340.93""],[0.45,""62.1""],[0.46,""152.1""],[0.47,""99.6""],[0.48,""188""],[0.49,""272""],[0.5,""125""],[0.51,""122""],[0.52,""64.33""]]","[[0.01,""10019.27""],[0.02,""2510.1""],[0.03,""1221.71""],[0.04,""205.09""],[0.05,""218.21""],[0.06,""116.71""],[0.07,""405.39""],[0.08,""90.3""],[0.09,""87.72""],[0.1,""68.3""],[0.11,""84.7""],[0.12,""56.74""],[0.13,""74.2""],[0.14,""52.05""],[0.15,""95.17""],[0.16,""58.55""],[0.17,""67.19""],[0.18,""45.86""],[0.19,""64.77""],[0.2,""68.81""],[0.21,""63.1""],[0.22,""47.5""],[0.23,""61.89""],[0.24,""41.39""],[0.25,""76""],[0.26,""40.6""],[0.27,""66.2""],[0.28,""254.9""],[0.29,""79.6""],[0.3,""469.3""],[0.31,""369""],[0.32,""68.8""],[0.33,""88.6""],[0.34,""126.9""],[0.35,""96.78""],[0.36,""258""],[0.37,""90""],[0.38,""90""],[0.39,""55.77""],[0.4,""110""],[0.41,""185""],[0.42,""195.8""],[0.43,""182.8""],[0.44,""53.03""],[0.45,""77.8""],[0.46,""92.8""],[0.47,""24.2""]]"
2026-05-17T02:48:32.632Z,btc-updown-15m-1778985900,"Bitcoin Up or Down - May 16, 10:45PM-11:00PM ET",btc-updown-15m-1778985900,2026-05-17T03:00:00Z,,0.52,0.53,0.47,0.48,0.525,0.51,171.168212,,54.44,35.97,"[[0.01,""9975.02""],[0.02,""2559.1""],[0.03,""1209.07""],[0.04,""205.09""],[0.05,""218.2""],[0.06,""110.54""],[0.07,""420.51""],[0.08,""90.29""],[0.09,""87.72""],[0.1,""68.29""],[0.11,""84.7""],[0.12,""56.74""],[0.13,""79.2""],[0.14,""52.05""],[0.15,""75.17""],[0.16,""58.55""],[0.17,""67.19""],[0.18,""45.86""],[0.19,""64.77""],[0.2,""93.8""],[0.21,""63.1""],[0.22,""42.5""],[0.23,""66.89""],[0.24,""41.39""],[0.25,""181""],[0.26,""40.6""],[0.27,""60.2""],[0.28,""39.9""],[0.29,""59.6""],[0.3,""65.96""],[0.31,""79""],[0.32,""73.8""],[0.33,""78.6""],[0.34,""43.4""],[0.35,""221.06""],[0.36,""48""],[0.37,""72.9""],[0.38,""37.7""],[0.39,""77.6""],[0.4,""82.2""],[0.41,""277.4""],[0.42,""47.3""],[0.43,""500.53""],[0.44,""340.93""],[0.45,""62.1""],[0.46,""147.1""],[0.47,""99.6""],[0.48,""188""],[0.49,""272""],[0.5,""125""],[0.51,""134.8""],[0.52,""54.44""]]","[[0.01,""10024.27""],[0.02,""2515.1""],[0.03,""1221.71""],[0.04,""205.09""],[0.05,""218.21""],[0.06,""116.71""],[0.07,""405.39""],[0.08,""90.3""],[0.09,""87.72""],[0.1,""68.3""],[0.11,""84.7""],[0.12,""56.74""],[0.13,""74.2""],[0.14,""52.05""],[0.15,""95.17""],[0.16,""58.55""],[0.17,""67.19""],[0.18,""45.86""],[0.19,""64.77""],[0.2,""68.81""],[0.21,""63.1""],[0.22,""47.5""],[0.23,""61.89""],[0.24,""41.39""],[0.25,""76""],[0.26,""40.6""],[0.27,""66.2""],[0.28,""254.9""],[0.29,""79.6""],[0.3,""469.3""],[0.31,""369""],[0.32,""63.8""],[0.33,""88.6""],[0.34,""126.9""],[0.35,""96.78""],[0.36,""258""],[0.37,""90""],[0.38,""90""],[0.39,""55.77""],[0.4,""120""],[0.41,""185""],[0.42,""195.8""],[0.43,""182.8""],[0.44,""53.03""],[0.45,""127.8""],[0.46,""37.8""],[0.47,""35.97""]]"
2026-05-17T02:48:34.105Z,btc-updown-15m-1778985900,"Bitcoin Up or Down - May 16, 10:45PM-11:00PM ET",btc-updown-15m-1778985900,2026-05-17T03:00:00Z,,0.52,0.53,0.47,0.48,0.525,0.51,171.168212,,54.44,50.77,"[[0.01,""9975.02""],[0.02,""2559.1""],[0.03,""1209.07""],[0.04,""205.09""],[0.05,""223.2""],[0.06,""110.54""],[0.07,""420.51""],[0.08,""90.29""],[0.09,""87.72""],[0.1,""68.29""],[0.11,""84.7""],[0.12,""56.74""],[0.13,""79.2""],[0.14,""52.05""],[0.15,""75.17""],[0.16,""58.55""],[0.17,""67.19""],[0.18,""45.86""],[0.19,""64.77""],[0.2,""93.8""],[0.21,""63.1""],[0.22,""42.5""],[0.23,""66.89""],[0.24,""41.39""],[0.25,""181""],[0.26,""40.6""],[0.27,""60.2""],[0.28,""39.9""],[0.29,""59.6""],[0.3,""65.96""],[0.31,""79""],[0.32,""73.8""],[0.33,""78.6""],[0.34,""43.4""],[0.35,""221.06""],[0.36,""48""],[0.37,""72.9""],[0.38,""37.7""],[0.39,""77.6""],[0.4,""87.2""],[0.41,""272.4""],[0.42,""47.3""],[0.43,""500.53""],[0.44,""340.93""],[0.45,""62.1""],[0.46,""152.1""],[0.47,""99.6""],[0.48,""188""],[0.49,""272""],[0.5,""125""],[0.51,""132.8""],[0.52,""54.44""]]","[[0.01,""10019.27""],[0.02,""2515.1""],[0.03,""1221.71""],[0.04,""205.09""],[0.05,""218.21""],[0.06,""116.71""],[0.07,""405.39""],[0.08,""90.3""],[0.09,""87.72""],[0.1,""68.3""],[0.11,""84.7""],[0.12,""56.74""],[0.13,""74.2""],[0.14,""52.05""],[0.15,""95.17""],[0.16,""58.55""],[0.17,""67.19""],[0.18,""45.86""],[0.19,""64.77""],[0.2,""68.81""],[0.21,""63.1""],[0.22,""47.5""],[0.23,""61.89""],[0.24,""41.39""],[0.25,""76""],[0.26,""40.6""],[0.27,""66.2""],[0.28,""254.9""],[0.29,""79.6""],[0.3,""469.3""],[0.31,""369""],[0.32,""68.8""],[0.33,""88.6""],[0.34,""126.9""],[0.35,""96.78""],[0.36,""253""],[0.37,""50""],[0.38,""130""],[0.39,""55.77""],[0.4,""120""],[0.41,""185""],[0.42,""195.8""],[0.43,""182.8""],[0.44,""53.03""],[0.45,""77.8""],[0.46,""97.8""],[0.47,""50.77""]]"
2026-05-17T02:48:36.899Z,btc-updown-15m-1778985900,"Bitcoin Up or Down - May 16, 10:45PM-11:00PM ET",btc-updown-15m-1778985900,2026-05-17T03:00:00Z,,0.52,0.53,0.47,0.48,0.525,0.51,171.168212,,20.0,75.77,"[[0.01,""9975.02""],[0.02,""2559.1""],[0.03,""1209.07""],[0.04,""205.09""],[0.05,""223.2""],[0.06,""110.54""],[0.07,""420.51""],[0.08,""90.29""],[0.09,""87.72""],[0.1,""68.29""],[0.11,""84.7""],[0.12,""56.74""],[0.13,""79.2""],[0.14,""52.05""],[0.15,""75.17""],[0.16,""58.55""],[0.17,""67.19""],[0.18,""45.86""],[0.19,""64.77""],[0.2,""93.8""],[0.21,""63.1""],[0.22,""42.5""],[0.23,""66.89""],[0.24,""41.39""],[0.25,""181""],[0.26,""40.6""],[0.27,""60.2""],[0.28,""39.9""],[0.29,""59.6""],[0.3,""65.96""],[0.31,""79""],[0.32,""73.8""],[0.33,""78.6""],[0.34,""43.4""],[0.35,""221.06""],[0.36,""48""],[0.37,""72.9""],[0.38,""37.7""],[0.39,""77.6""],[0.4,""87.2""],[0.41,""272.4""],[0.42,""47.3""],[0.43,""100.53""],[0.44,""40.93""],[0.45,""62.1""],[0.46,""152.1""],[0.47,""99.6""],[0.48,""188""],[0.49,""260""],[0.5,""125""],[0.51,""132.8""],[0.52,""20""]]","[[0.01,""10024.27""],[0.02,""2515.1""],[0.03,""1221.71""],[0.04,""205.09""],[0.05,""218.21""],[0.06,""116.71""],[0.07,""405.39""],[0.08,""90.3""],[0.09,""87.72""],[0.1,""68.3""],[0.11,""84.7""],[0.12,""56.74""],[0.13,""74.2""],[0.14,""52.05""],[0.15,""95.17""],[0.16,""58.55""],[0.17,""67.19""],[0.18,""45.86""],[0.19,""64.77""],[0.2,""68.81""],[0.21,""69.1""],[0.22,""47.5""],[0.23,""61.89""],[0.24,""41.39""],[0.25,""76""],[0.26,""40.6""],[0.27,""66.2""],[0.28,""254.9""],[0.29,""79.6""],[0.3,""69.3""],[0.31,""69""],[0.32,""68.8""],[0.33,""88.6""],[0.34,""126.9""],[0.35,""196.78""],[0.36,""153""],[0.37,""50""],[0.38,""130""],[0.39,""55.77""],[0.4,""126""],[0.41,""185""],[0.42,""195.8""],[0.43,""182.8""],[0.44,""53.03""],[0.45,""77.8""],[0.46,""92.8""],[0.47,""75.77""]]"
2026-05-17T02:48:40.946Z,btc-updown-15m-1778985900,"Bitcoin Up or Down - May 16, 10:45PM-11:00PM ET",btc-updown-15m-1778985900,2026-05-17T03:00:00Z,,0.49,0.5,0.5,0.51,0.495,0.51,171.168212,,44.68,225.51,"[[0.01,""9975.02""],[0.02,""2554.1""],[0.03,""1209.07""],[0.04,""205.09""],[0.05,""223.2""],[0.06,""110.54""],[0.07,""420.51""],[0.08,""90.29""],[0.09,""87.72""],[0.1,""68.29""],[0.11,""84.7""],[0.12,""56.74""],[0.13,""79.2""],[0.14,""52.05""],[0.15,""75.17""],[0.16,""58.55""],[0.17,""67.19""],[0.18,""45.86""],[0.19,""64.77""],[0.2,""93.8""],[0.21,""63.1""],[0.22,""42.5""],[0.23,""66.89""],[0.24,""41.39""],[0.25,""181""],[0.26,""40.6""],[0.27,""60.2""],[0.28,""39.9""],[0.29,""74.6""],[0.3,""65.96""],[0.31,""79""],[0.32,""73.8""],[0.33,""78.6""],[0.34,""43.4""],[0.35,""221.06""],[0.36,""48""],[0.37,""72.9""],[0.38,""42.7""],[0.39,""77.6""],[0.4,""87.2""],[0.41,""73.4""],[0.42,""358.3""],[0.43,""94.53""],[0.44,""35.93""],[0.45,""102.1""],[0.46,""160""],[0.47,""195""],[0.48,""227.7""],[0.49,""44.68""]]","[[0.01,""10024.27""],[0.02,""2515.1""],[0.03,""1221.71""],[0.04,""205.09""],[0.05,""218.21""],[0.06,""116.71""],[0.07,""405.39""],[0.08,""90.3""],[0.09,""87.72""],[0.1,""68.3""],[0.11,""84.7""],[0.12,""56.74""],[0.13,""74.2""],[0.14,""52.05""],[0.15,""80.17""],[0.16,""73.55""],[0.17,""67.19""],[0.18,""45.86""],[0.19,""64.77""],[0.2,""68.81""],[0.21,""69.1""],[0.22,""42.5""],[0.23,""61.89""],[0.24,""41.39""],[0.25,""71""],[0.26,""45.6""],[0.27,""65.2""],[0.28,""54.9""],[0.29,""75.6""],[0.3,""59.3""],[0.31,""59""],[0.32,""373.8""],[0.33,""103.6""],[0.34,""136.9""],[0.35,""196.78""],[0.36,""153""],[0.37,""57.9""],[0.38,""52.7""],[0.39,""63.37""],[0.4,""161""],[0.41,""120""],[0.42,""85""],[0.43,""135""],[0.44,""160.23""],[0.45,""190.8""],[0.46,""57.8""],[0.47,""82""],[0.48,""169.8""],[0.49,""87.28""],[0.5,""225.51""]]"
2026-05-17T02:48:43.290Z,btc-updown-15m-1778985900,"Bitcoin Up or Down - May 16, 10:45PM-11:00PM ET",btc-updown-15m-1778985900,2026-05-17T03:00:00Z,,0.49,0.5,0.5,0.51,0.495,0.51,171.168212,,55.43,227.08,"[[0.01,""9975.02""],[0.02,""2554.1""],[0.03,""1209.07""],[0.04,""205.09""],[0.05,""223.2""],[0.06,""110.54""],[0.07,""420.51""],[0.08,""90.29""],[0.09,""87.72""],[0.1,""68.29""],[0.11,""84.7""],[0.12,""56.74""],[0.13,""79.2""],[0.14,""52.05""],[0.15,""75.17""],[0.16,""58.55""],[0.17,""67.19""],[0.18,""45.86""],[0.19,""64.77""],[0.2,""93.8""],[0.21,""63.1""],[0.22,""42.5""],[0.23,""66.89""],[0.24,""41.39""],[0.25,""181""],[0.26,""40.6""],[0.27,""60.2""],[0.28,""39.9""],[0.29,""74.6""],[0.3,""65.96""],[0.31,""79""],[0.32,""73.8""],[0.33,""78.6""],[0.34,""43.4""],[0.35,""221.06""],[0.36,""48""],[0.37,""72.9""],[0.38,""37.7""],[0.39,""287.6""],[0.4,""477.2""],[0.41,""73.4""],[0.42,""358.3""],[0.43,""94.53""],[0.44,""40.93""],[0.45,""102.1""],[0.46,""160""],[0.47,""190""],[0.48,""262.7""],[0.49,""55.43""]]","[[0.01,""10024.27""],[0.02,""2515.1""],[0.03,""1221.71""],[0.04,""205.09""],[0.05,""218.21""],[0.06,""116.71""],[0.07,""405.39""],[0.08,""90.3""],[0.09,""87.72""],[0.1,""68.3""],[0.11,""84.7""],[0.12,""56.74""],[0.13,""74.2""],[0.14,""52.05""],[0.15,""80.17""],[0.16,""73.55""],[0.17,""67.19""],[0.18,""45.86""],[0.19,""64.77""],[0.2,""68.81""],[0.21,""69.1""],[0.22,""42.5""],[0.23,""61.89""],[0.24,""41.39""],[0.25,""71""],[0.26,""45.6""],[0.27,""65.2""],[0.28,""39.9""],[0.29,""75.6""],[0.3,""259.3""],[0.31,""459""],[0.32,""368.8""],[0.33,""103.6""],[0.34,""236.9""],[0.35,""196.78""],[0.36,""53""],[0.37,""57.9""],[0.38,""52.7""],[0.39,""63.37""],[0.4,""151""],[0.41,""120""],[0.42,""85""],[0.43,""135""],[0.44,""160.23""],[0.45,""190.8""],[0.46,""57.8""],[0.47,""82""],[0.48,""169.8""],[0.49,""77.8""],[0.5,""227.08""]]"
2026-05-17T02:48:45.292Z,btc-updown-15m-1778985900,"Bitcoin Up or Down - May 16, 10:45PM-11:00PM ET",btc-updown-15m-1778985900,2026-05-17T03:00:00Z,,0.47,0.48,0.52,0.53,0.475,0.51,171.168212,,107.3,205.09,"[[0.01,""9975.02""],[0.02,""2554.1""],[0.03,""1209.07""],[0.04,""205.09""],[0.05,""223.2""],[0.06,""110.54""],[0.07,""420.51""],[0.08,""90.29""],[0.09,""87.72""],[0.1,""68.29""],[0.11,""84.7""],[0.12,""61.74""],[0.13,""74.2""],[0.14,""52.05""],[0.15,""75.17""],[0.16,""58.55""],[0.17,""67.19""],[0.18,""45.86""],[0.19,""64.77""],[0.2,""93.8""],[0.21,""63.1""],[0.22,""42.5""],[0.23,""61.89""],[0.24,""41.39""],[0.25,""181""],[0.26,""40.6""],[0.27,""80.2""],[0.28,""39.9""],[0.29,""74.6""],[0.3,""60.96""],[0.31,""79""],[0.32,""73.8""],[0.33,""78.6""],[0.34,""48.4""],[0.35,""221.06""],[0.36,""43""],[0.37,""72.9""],[0.38,""42.7""],[0.39,""267.6""],[0.4,""482.2""],[0.41,""68.4""],[0.42,""328.85""],[0.43,""144.8""],[0.44,""137.8""],[0.45,""180""],[0.46,""125.84""],[0.47,""107.3""]]","[[0.01,""10024.27""],[0.02,""2520.1""],[0.03,""1221.71""],[0.04,""205.09""],[0.05,""218.21""],[0.06,""110.54""],[0.07,""410.68""],[0.08,""90.3""],[0.09,""87.72""],[0.1,""68.3""],[0.11,""84.7""],[0.12,""56.74""],[0.13,""74.2""],[0.14,""52.05""],[0.15,""75.17""],[0.16,""73.55""],[0.17,""67.19""],[0.18,""45.86""],[0.19,""64.77""],[0.2,""68.81""],[0.21,""74.1""],[0.22,""42.5""],[0.23,""61.89""],[0.24,""41.39""],[0.25,""71""],[0.26,""45.6""],[0.27,""65.2""],[0.28,""39.9""],[0.29,""75.6""],[0.3,""259.3""],[0.31,""464""],[0.32,""378.8""],[0.33,""103.6""],[0.34,""241.9""],[0.35,""296.78""],[0.36,""53""],[0.37,""157.9""],[0.38,""52.7""],[0.39,""63.37""],[0.4,""71""],[0.41,""195""],[0.42,""45""],[0.43,""110""],[0.44,""75.23""],[0.45,""102""],[0.46,""170""],[0.47,""155""],[0.48,""154.8""],[0.49,""87.8""],[0.5,""89.57""],[0.51,""45""],[0.52,""205.09""]]"
2026-05-17T02:48:47.242Z,btc-updown-15m-1778985900,"Bitcoin Up or Down - May 16, 10:45PM-11:00PM ET",btc-updown-15m-1778985900,2026-05-17T03:00:00Z,,0.47,0.48,0.52,0.53,0.475,0.51,171.168212,,126.39,175.42,"[[0.01,""9975.02""],[0.02,""2559.1""],[0.03,""1209.07""],[0.04,""205.09""],[0.05,""223.2""],[0.06,""110.54""],[0.07,""420.51""],[0.08,""90.29""],[0.09,""87.72""],[0.1,""68.29""],[0.11,""84.7""],[0.12,""61.74""],[0.13,""74.2""],[0.14,""52.05""],[0.15,""75.17""],[0.16,""58.55""],[0.17,""67.19""],[0.18,""45.86""],[0.19,""64.77""],[0.2,""93.8""],[0.21,""63.1""],[0.22,""42.5""],[0.23,""61.89""],[0.24,""41.39""],[0.25,""186""],[0.26,""40.6""],[0.27,""75.2""],[0.28,""39.9""],[0.29,""74.6""],[0.3,""60.96""],[0.31,""79""],[0.32,""78.8""],[0.33,""78.6""],[0.34,""43.4""],[0.35,""221.06""],[0.36,""43""],[0.37,""72.9""],[0.38,""37.7""],[0.39,""267.6""],[0.4,""477.2""],[0.41,""63.4""],[0.42,""321.71""],[0.43,""269.8""],[0.44,""137.8""],[0.45,""280""],[0.46,""125.84""],[0.47,""126.39""]]","[[0.01,""10024.27""],[0.02,""2520.1""],[0.03,""1221.71""],[0.04,""205.09""],[0.05,""218.21""],[0.06,""110.54""],[0.07,""410.68""],[0.08,""90.3""],[0.09,""87.72""],[0.1,""68.3""],[0.11,""84.7""],[0.12,""56.74""],[0.13,""74.2""],[0.14,""52.05""],[0.15,""75.17""],[0.16,""73.55""],[0.17,""67.19""],[0.18,""45.86""],[0.19,""64.77""],[0.2,""68.81""],[0.21,""74.1""],[0.22,""42.5""],[0.23,""61.89""],[0.24,""41.39""],[0.25,""71""],[0.26,""45.6""],[0.27,""65.2""],[0.28,""39.9""],[0.29,""75.6""],[0.3,""259.3""],[0.31,""464""],[0.32,""378.8""],[0.33,""103.6""],[0.34,""241.9""],[0.35,""296.78""],[0.36,""53""],[0.37,""162.9""],[0.38,""52.7""],[0.39,""63.37""],[0.4,""71""],[0.41,""150""],[0.42,""40""],[0.43,""105""],[0.44,""75.23""],[0.45,""97""],[0.46,""165""],[0.47,""150""],[0.48,""149.8""],[0.49,""82.8""],[0.5,""84.57""],[0.51,""45""],[0.52,""175.42""]]"
2026-05-17T02:48:49.229Z,btc-updown-15m-1778985900,"Bitcoin Up or Down - May 16, 10:45PM-11:00PM ET",btc-updown-15m-1778985900,2026-05-17T03:00:00Z,,0.46,0.47,0.53,0.54,0.46499999999999997,0.51,171.168212,,100.01,83.19,"[[0.01,""9975.02""],[0.02,""2559.1""],[0.03,""1209.07""],[0.04,""205.09""],[0.05,""223.2""],[0.06,""110.54""],[0.07,""420.51""],[0.08,""90.29""],[0.09,""87.72""],[0.1,""68.29""],[0.11,""84.7""],[0.12,""61.74""],[0.13,""74.2""],[0.14,""52.05""],[0.15,""75.17""],[0.16,""58.55""],[0.17,""67.19""],[0.18,""45.86""],[0.19,""64.77""],[0.2,""93.8""],[0.21,""63.1""],[0.22,""42.5""],[0.23,""61.89""],[0.24,""41.39""],[0.25,""201""],[0.26,""40.6""],[0.27,""75.2""],[0.28,""39.9""],[0.29,""74.6""],[0.3,""60.96""],[0.31,""79""],[0.32,""78.8""],[0.33,""78.6""],[0.34,""43.4""],[0.35,""221.06""],[0.36,""148""],[0.37,""157.9""],[0.38,""43.7""],[0.39,""62.6""],[0.4,""50.7""],[0.41,""20""],[0.42,""34.41""],[0.43,""97.8""],[0.44,""152.8""],[0.45,""112.8""],[0.46,""100.01""]]","[[0.01,""10024.27""],[0.02,""2520.1""],[0.03,""1221.71""],[0.04,""205.09""],[0.05,""218.21""],[0.06,""110.54""],[0.07,""410.68""],[0.08,""90.3""],[0.09,""87.72""],[0.1,""68.3""],[0.11,""84.7""],[0.12,""56.74""],[0.13,""74.2""],[0.14,""52.05""],[0.15,""75.17""],[0.16,""58.55""],[0.17,""82.19""],[0.18,""45.86""],[0.19,""64.77""],[0.2,""68.81""],[0.21,""74.1""],[0.22,""42.5""],[0.23,""61.89""],[0.24,""41.39""],[0.25,""71""],[0.26,""40.6""],[0.27,""65.2""],[0.28,""39.9""],[0.29,""69.6""],[0.3,""44.3""],[0.31,""70""],[0.32,""68.8""],[0.33,""93.6""],[0.34,""231.9""],[0.35,""301.78""],[0.36,""58""],[0.37,""172.9""],[0.38,""57.7""],[0.39,""68.37""],[0.4,""58.5""],[0.41,""57.4""],[0.42,""52.3""],[0.43,""125""],[0.44,""35.23""],[0.45,""100""],[0.46,""80""],[0.47,""82""],[0.48,""192.8""],[0.49,""312.8""],[0.5,""84.57""],[0.51,""62.8""],[0.52,""99.8""],[0.53,""83.19""]]"
2026-05-17T02:48:51.201Z,btc-updown-15m-1778985900,"Bitcoin Up or Down - May 16, 10:45PM-11:00PM ET",btc-updown-15m-1778985900,2026-05-17T03:00:00Z,,0.46,0.47,0.53,0.54,0.46499999999999997,0.51,171.168212,,91.52,96.28,"[[0.01,""9975.02""],[0.02,""2559.1""],[0.03,""1209.07""],[0.04,""205.09""],[0.05,""223.2""],[0.06,""110.54""],[0.07,""420.51""],[0.08,""90.29""],[0.09,""87.72""],[0.1,""68.29""],[0.11,""84.7""],[0.12,""61.74""],[0.13,""74.2""],[0.14,""52.05""],[0.15,""75.17""],[0.16,""58.55""],[0.17,""67.19""],[0.18,""45.86""],[0.19,""64.77""],[0.2,""93.8""],[0.21,""63.1""],[0.22,""42.5""],[0.23,""61.89""],[0.24,""41.39""],[0.25,""201""],[0.26,""40.6""],[0.27,""75.2""],[0.28,""39.9""],[0.29,""74.6""],[0.3,""60.96""],[0.31,""84""],[0.32,""78.8""],[0.33,""78.6""],[0.34,""43.4""],[0.35,""221.06""],[0.36,""143""],[0.37,""163.9""],[0.38,""37.7""],[0.39,""62.6""],[0.4,""70.7""],[0.41,""45""],[0.42,""34.41""],[0.43,""72.8""],[0.44,""152.8""],[0.45,""112.8""],[0.46,""91.52""]]","[[0.01,""10024.27""],[0.02,""2520.1""],[0.03,""1221.71""],[0.04,""205.09""],[0.05,""218.21""],[0.06,""110.54""],[0.07,""410.68""],[0.08,""90.3""],[0.09,""87.72""],[0.1,""68.3""],[0.11,""84.7""],[0.12,""56.74""],[0.13,""74.2""],[0.14,""52.05""],[0.15,""75.17""],[0.16,""58.55""],[0.17,""67.19""],[0.18,""45.86""],[0.19,""79.77""],[0.2,""68.81""],[0.21,""74.1""],[0.22,""42.5""],[0.23,""61.89""],[0.24,""41.39""],[0.25,""71""],[0.26,""40.6""],[0.27,""65.2""],[0.28,""39.9""],[0.29,""69.6""],[0.3,""44.3""],[0.31,""64""],[0.32,""74.8""],[0.33,""98.6""],[0.34,""231.9""],[0.35,""296.78""],[0.36,""63""],[0.37,""172.9""],[0.38,""62.7""],[0.39,""63.37""],[0.4,""58.5""],[0.41,""57.4""],[0.42,""52.3""],[0.43,""165""],[0.44,""35.23""],[0.45,""100""],[0.46,""80""],[0.47,""82""],[0.48,""192.8""],[0.49,""312.8""],[0.5,""74.57""],[0.51,""78""],[0.52,""74.8""],[0.53,""96.28""]]"
2026-05-17T02:48:55.108Z,btc-updown-15m-1778985900,"Bitcoin Up or Down - May 16, 10:45PM-11:00PM ET",btc-updown-15m-1778985900,2026-05-17T03:00:00Z,,0.52,0.53,0.48,0.49,0.525,0.51,171.168212,,72.97,36.9,"[[0.01,""9975.02""],[0.02,""2564.1""],[0.03,""1209.07""],[0.04,""205.09""],[0.05,""223.2""],[0.06,""110.54""],[0.07,""420.51""],[0.08,""90.29""],[0.09,""87.72""],[0.1,""68.29""],[0.11,""84.7""],[0.12,""56.74""],[0.13,""74.2""],[0.14,""52.05""],[0.15,""75.17""],[0.16,""58.55""],[0.17,""67.19""],[0.18,""45.86""],[0.19,""64.77""],[0.2,""93.8""],[0.21,""63.1""],[0.22,""42.5""],[0.23,""61.89""],[0.24,""41.39""],[0.25,""196""],[0.26,""40.6""],[0.27,""75.2""],[0.28,""39.9""],[0.29,""74.6""],[0.3,""60.96""],[0.31,""79""],[0.32,""73.8""],[0.33,""78.6""],[0.34,""43.4""],[0.35,""221.06""],[0.36,""243""],[0.37,""78.9""],[0.38,""37.7""],[0.39,""72.6""],[0.4,""77.2""],[0.41,""177.4""],[0.42,""47.71""],[0.43,""172.2""],[0.44,""30""],[0.45,""85""],[0.46,""96.99""],[0.47,""92.8""],[0.48,""57.43""],[0.49,""139.79""],[0.5,""113.89""],[0.51,""83.97""],[0.52,""72.97""]]","[[0.01,""10024.27""],[0.02,""2515.1""],[0.03,""1221.71""],[0.04,""205.09""],[0.05,""218.21""],[0.06,""110.54""],[0.07,""410.68""],[0.08,""90.3""],[0.09,""87.72""],[0.1,""68.3""],[0.11,""84.7""],[0.12,""56.74""],[0.13,""74.2""],[0.14,""52.05""],[0.15,""75.17""],[0.16,""58.55""],[0.17,""67.19""],[0.18,""45.86""],[0.19,""79.77""],[0.2,""68.81""],[0.21,""74.1""],[0.22,""42.5""],[0.23,""61.89""],[0.24,""41.39""],[0.25,""71""],[0.26,""40.6""],[0.27,""65.2""],[0.28,""39.9""],[0.29,""69.6""],[0.3,""44.3""],[0.31,""64""],[0.32,""74.8""],[0.33,""98.6""],[0.34,""671.9""],[0.35,""596.78""],[0.36,""53""],[0.37,""157.9""],[0.38,""52.7""],[0.39,""113.37""],[0.4,""58.5""],[0.41,""107.4""],[0.42,""40""],[0.43,""175""],[0.44,""57""],[0.45,""65""],[0.46,""140""],[0.47,""45""],[0.48,""36.9""]]"
2026-05-17T02:48:58.365Z,btc-updown-15m-1778985900,"Bitcoin Up or Down - May 16, 10:45PM-11:00PM ET",btc-updown-15m-1778985900,2026-05-17T03:00:00Z,,0.48,0.49,0.51,0.52,0.485,0.51,171.168212,,22.84,14.99,"[[0.01,""9975.02""],[0.02,""2559.1""],[0.03,""1209.07""],[0.04,""205.09""],[0.05,""223.2""],[0.06,""110.54""],[0.07,""420.51""],[0.08,""90.29""],[0.09,""87.72""],[0.1,""68.29""],[0.11,""84.7""],[0.12,""56.74""],[0.13,""74.2""],[0.14,""52.05""],[0.15,""75.17""],[0.16,""58.55""],[0.17,""67.19""],[0.18,""45.86""],[0.19,""64.77""],[0.2,""93.8""],[0.21,""63.1""],[0.22,""42.5""],[0.23,""61.89""],[0.24,""46.39""],[0.25,""181""],[0.26,""40.6""],[0.27,""60.2""],[0.28,""39.9""],[0.29,""59.6""],[0.3,""65.96""],[0.31,""64""],[0.32,""73.8""],[0.33,""63.6""],[0.34,""43.4""],[0.35,""221.06""],[0.36,""248""],[0.37,""478.9""],[0.38,""337.7""],[0.39,""82.6""],[0.4,""87.2""],[0.41,""50""],[0.42,""34.41""],[0.43,""50""],[0.44,""70""],[0.45,""25""],[0.46,""85""],[0.47,""40""],[0.48,""22.84""]]","[[0.01,""10029.27""],[0.02,""2515.1""],[0.03,""1221.71""],[0.04,""205.09""],[0.05,""218.21""],[0.06,""110.54""],[0.07,""410.68""],[0.08,""90.3""],[0.09,""87.72""],[0.1,""68.3""],[0.11,""84.7""],[0.12,""56.74""],[0.13,""74.2""],[0.14,""52.05""],[0.15,""80.17""],[0.16,""58.55""],[0.17,""67.19""],[0.18,""45.86""],[0.19,""79.77""],[0.2,""68.81""],[0.21,""69.1""],[0.22,""42.5""],[0.23,""61.89""],[0.24,""56.39""],[0.25,""71""],[0.26,""55.6""],[0.27,""65.2""],[0.28,""54.9""],[0.29,""69.6""],[0.3,""59.3""],[0.31,""64""],[0.32,""74.8""],[0.33,""298.6""],[0.34,""631.9""],[0.35,""596.78""],[0.36,""53""],[0.37,""157.9""],[0.38,""57.7""],[0.39,""68.37""],[0.4,""103.5""],[0.41,""62.4""],[0.42,""181.84""],[0.43,""50""],[0.44,""55""],[0.45,""454.76""],[0.46,""35""],[0.47,""20.18""],[0.48,""42""],[0.49,""56""],[0.51,""14.99""]]"
2026-05-17T02:49:02.806Z,btc-updown-15m-1778985900,"Bitcoin Up or Down - May 16, 10:45PM-11:00PM ET",btc-updown-15m-1778985900,2026-05-17T03:00:00Z,,0.47,0.48,0.52,0.53,0.475,0.51,171.168212,,19.55,98.74,"[[0.01,""9975.02""],[0.02,""2559.1""],[0.03,""1209.07""],[0.04,""205.09""],[0.05,""223.2""],[0.06,""110.54""],[0.07,""420.51""],[0.08,""90.29""],[0.09,""87.72""],[0.1,""68.29""],[0.11,""84.7""],[0.12,""56.74""],[0.13,""74.2""],[0.14,""52.05""],[0.15,""75.17""],[0.16,""58.55""],[0.17,""67.19""],[0.18,""50.86""],[0.19,""64.77""],[0.2,""93.8""],[0.21,""63.1""],[0.22,""156""],[0.23,""61.89""],[0.24,""41.39""],[0.25,""81""],[0.26,""40.6""],[0.27,""75.2""],[0.28,""39.9""],[0.29,""74.6""],[0.3,""60.96""],[0.31,""79""],[0.32,""73.8""],[0.33,""78.6""],[0.34,""43.4""],[0.35,""221.06""],[0.36,""243""],[0.37,""483.9""],[0.38,""337.7""],[0.39,""62.6""],[0.4,""182.2""],[0.41,""145""],[0.42,""29.41""],[0.43,""100.6""],[0.44,""70""],[0.45,""100""],[0.46,""17.8""],[0.47,""19.55""]]","[[0.01,""10024.27""],[0.02,""2570.1""],[0.03,""1221.71""],[0.04,""205.09""],[0.05,""218.21""],[0.06,""110.54""],[0.07,""410.68""],[0.08,""90.3""],[0.09,""87.72""],[0.1,""68.3""],[0.11,""84.7""],[0.12,""56.74""],[0.13,""74.2""],[0.14,""52.05""],[0.15,""75.17""],[0.16,""58.55""],[0.17,""67.19""],[0.18,""45.86""],[0.19,""79.77""],[0.2,""68.81""],[0.21,""69.1""],[0.22,""42.5""],[0.23,""61.89""],[0.24,""56.39""],[0.25,""71""],[0.26,""55.6""],[0.27,""65.2""],[0.28,""54.9""],[0.29,""69.6""],[0.3,""59.3""],[0.31,""64""],[0.32,""74.8""],[0.33,""293.6""],[0.34,""558.4""],[0.35,""496.78""],[0.36,""158""],[0.37,""234.9""],[0.38,""62.7""],[0.39,""68.37""],[0.4,""58.5""],[0.41,""62.4""],[0.42,""120""],[0.43,""85""],[0.44,""25""],[0.45,""211.24""],[0.46,""180""],[0.47,""82.18""],[0.48,""100""],[0.49,""65""],[0.5,""55""],[0.51,""42.8""],[0.52,""98.74""]]"
2026-05-17T02:49:05.255Z,btc-updown-15m-1778985900,"Bitcoin Up or Down - May 16, 10:45PM-11:00PM ET",btc-updown-15m-1778985900,2026-05-17T03:00:00Z,,0.47,0.48,0.52,0.53,0.475,0.51,171.168212,,19.55,112.74,"[[0.01,""9975.02""],[0.02,""2559.1""],[0.03,""1209.07""],[0.04,""205.09""],[0.05,""223.2""],[0.06,""110.54""],[0.07,""420.51""],[0.08,""90.29""],[0.09,""87.72""],[0.1,""68.29""],[0.11,""84.7""],[0.12,""56.74""],[0.13,""74.2""],[0.14,""52.05""],[0.15,""75.17""],[0.16,""58.55""],[0.17,""67.19""],[0.18,""50.86""],[0.19,""64.77""],[0.2,""93.8""],[0.21,""63.1""],[0.22,""156""],[0.23,""61.89""],[0.24,""41.39""],[0.25,""86""],[0.26,""40.6""],[0.27,""75.2""],[0.28,""39.9""],[0.29,""74.6""],[0.3,""60.96""],[0.31,""79""],[0.32,""78.8""],[0.33,""78.6""],[0.34,""48.4""],[0.35,""221.06""],[0.36,""243""],[0.37,""478.9""],[0.38,""337.7""],[0.39,""62.6""],[0.4,""198.2""],[0.41,""180""],[0.42,""59.41""],[0.43,""100.6""],[0.44,""70""],[0.45,""110""],[0.46,""17.8""],[0.47,""19.55""]]","[[0.01,""10024.27""],[0.02,""2520.1""],[0.03,""1221.71""],[0.04,""205.09""],[0.05,""218.21""],[0.06,""110.54""],[0.07,""410.68""],[0.08,""90.3""],[0.09,""87.72""],[0.1,""68.3""],[0.11,""84.7""],[0.12,""56.74""],[0.13,""74.2""],[0.14,""52.05""],[0.15,""75.17""],[0.16,""58.55""],[0.17,""67.19""],[0.18,""45.86""],[0.19,""79.77""],[0.2,""68.81""],[0.21,""74.1""],[0.22,""42.5""],[0.23,""61.89""],[0.24,""41.39""],[0.25,""71""],[0.26,""40.6""],[0.27,""65.2""],[0.28,""39.9""],[0.29,""69.6""],[0.3,""49.3""],[0.31,""64""],[0.32,""74.8""],[0.33,""293.6""],[0.34,""558.4""],[0.35,""496.78""],[0.36,""158""],[0.37,""139.9""],[0.38,""162.7""],[0.39,""68.37""],[0.4,""58.5""],[0.41,""62.4""],[0.42,""132.3""],[0.43,""85""],[0.44,""25""],[0.45,""206.24""],[0.46,""80""],[0.47,""107.18""],[0.48,""230""],[0.49,""165""],[0.5,""50""],[0.51,""42.8""],[0.52,""112.74""]]"
2026-05-17T02:49:06.852Z,btc-updown-15m-1778985900,"Bitcoin Up or Down - May 16, 10:45PM-11:00PM ET",btc-updown-15m-1778985900,2026-05-17T03:00:00Z,,0.47,0.48,0.52,0.53,0.475,0.51,171.168212,,48.25,103.74,"[[0.01,""9975.02""],[0.02,""2559.1""],[0.03,""1209.07""],[0.04,""205.09""],[0.05,""223.2""],[0.06,""110.54""],[0.07,""420.51""],[0.08,""90.29""],[0.09,""87.72""],[0.1,""68.29""],[0.11,""84.7""],[0.12,""56.74""],[0.13,""74.2""],[0.14,""52.05""],[0.15,""75.17""],[0.16,""58.55""],[0.17,""67.19""],[0.18,""50.86""],[0.19,""64.77""],[0.2,""93.8""],[0.21,""63.1""],[0.22,""156""],[0.23,""61.89""],[0.24,""41.39""],[0.25,""86""],[0.26,""40.6""],[0.27,""75.2""],[0.28,""39.9""],[0.29,""74.6""],[0.3,""60.96""],[0.31,""79""],[0.32,""78.8""],[0.33,""78.6""],[0.34,""48.4""],[0.35,""221.06""],[0.36,""43""],[0.37,""478.9""],[0.38,""337.7""],[0.39,""62.6""],[0.4,""198.2""],[0.41,""180""],[0.42,""59.41""],[0.43,""85""],[0.44,""78""],[0.45,""130""],[0.46,""17.8""],[0.47,""48.25""]]","[[0.01,""10024.27""],[0.02,""2520.1""],[0.03,""1221.71""],[0.04,""205.09""],[0.05,""218.21""],[0.06,""110.54""],[0.07,""410.68""],[0.08,""90.3""],[0.09,""87.72""],[0.1,""68.3""],[0.11,""84.7""],[0.12,""56.74""],[0.13,""74.2""],[0.14,""52.05""],[0.15,""75.17""],[0.16,""58.55""],[0.17,""67.19""],[0.18,""45.86""],[0.19,""79.77""],[0.2,""68.81""],[0.21,""74.1""],[0.22,""42.5""],[0.23,""61.89""],[0.24,""41.39""],[0.25,""71""],[0.26,""40.6""],[0.27,""65.2""],[0.28,""39.9""],[0.29,""69.6""],[0.3,""49.3""],[0.31,""64""],[0.32,""74.8""],[0.33,""93.6""],[0.34,""458.4""],[0.35,""596.78""],[0.36,""158""],[0.37,""139.9""],[0.38,""162.7""],[0.39,""68.37""],[0.4,""58.5""],[0.41,""57.4""],[0.42,""132.3""],[0.43,""85""],[0.44,""70""],[0.45,""166.24""],[0.46,""80""],[0.47,""107.18""],[0.48,""225""],[0.49,""165""],[0.5,""50""],[0.51,""42.8""],[0.52,""103.74""]]"
2026-05-17T02:49:09.390Z,btc-updown-15m-1778985900,"Bitcoin Up or Down - May 16, 10:45PM-11:00PM ET",btc-updown-15m-1778985900,2026-05-17T03:00:00Z,,0.47,0.48,0.52,0.53,0.475,0.51,171.168212,,29.04,89.76,"[[0.01,""9975.02""],[0.02,""2559.1""],[0.03,""1209.07""],[0.04,""205.09""],[0.05,""223.2""],[0.06,""110.54""],[0.07,""420.51""],[0.08,""90.29""],[0.09,""87.72""],[0.1,""68.29""],[0.11,""84.7""],[0.12,""56.74""],[0.13,""74.2""],[0.14,""52.05""],[0.15,""75.17""],[0.16,""58.55""],[0.17,""67.19""],[0.18,""50.86""],[0.19,""64.77""],[0.2,""93.8""],[0.21,""63.1""],[0.22,""156""],[0.23,""61.89""],[0.24,""41.39""],[0.25,""86""],[0.26,""40.6""],[0.27,""75.2""],[0.28,""39.9""],[0.29,""74.6""],[0.3,""60.96""],[0.31,""79""],[0.32,""78.8""],[0.33,""78.6""],[0.34,""48.4""],[0.35,""421.06""],[0.36,""43""],[0.37,""478.9""],[0.38,""337.7""],[0.39,""68.6""],[0.4,""192.2""],[0.41,""180""],[0.42,""59.41""],[0.43,""90""],[0.44,""81.3""],[0.45,""130""],[0.46,""17.8""],[0.47,""29.04""]]","[[0.01,""10135.27""],[0.02,""2520.1""],[0.03,""1221.71""],[0.04,""205.09""],[0.05,""218.21""],[0.06,""110.54""],[0.07,""410.68""],[0.08,""90.3""],[0.09,""87.72""],[0.1,""68.3""],[0.11,""84.7""],[0.12,""56.74""],[0.13,""74.2""],[0.14,""52.05""],[0.15,""75.17""],[0.16,""58.55""],[0.17,""67.19""],[0.18,""45.86""],[0.19,""79.77""],[0.2,""68.81""],[0.21,""74.1""],[0.22,""42.5""],[0.23,""61.89""],[0.24,""41.39""],[0.25,""71""],[0.26,""40.6""],[0.27,""65.2""],[0.28,""39.9""],[0.29,""69.6""],[0.3,""49.3""],[0.31,""64""],[0.32,""274.8""],[0.33,""93.6""],[0.34,""458.4""],[0.35,""496.78""],[0.36,""258""],[0.37,""139.9""],[0.38,""162.7""],[0.39,""68.37""],[0.4,""58.5""],[0.41,""57.4""],[0.42,""132.3""],[0.43,""85""],[0.44,""70""],[0.45,""166.24""],[0.46,""87""],[0.47,""100.18""],[0.48,""225""],[0.49,""165""],[0.5,""50""],[0.51,""42.8""],[0.52,""89.76""]]"
2026-05-17T02:49:11.183Z,btc-updown-15m-1778985900,"Bitcoin Up or Down - May 16, 10:45PM-11:00PM ET",btc-updown-15m-1778985900,2026-05-17T03:00:00Z,,0.49,0.5,0.5,0.51,0.495,0.51,171.168212,,35.08,40.0,"[[0.01,""9975.02""],[0.02,""2559.1""],[0.03,""1209.07""],[0.04,""205.09""],[0.05,""223.2""],[0.06,""110.54""],[0.07,""420.51""],[0.08,""90.29""],[0.09,""87.72""],[0.1,""68.29""],[0.11,""84.7""],[0.12,""56.74""],[0.13,""74.2""],[0.14,""52.05""],[0.15,""75.17""],[0.16,""58.55""],[0.17,""67.19""],[0.18,""50.86""],[0.19,""64.77""],[0.2,""93.8""],[0.21,""63.1""],[0.22,""156""],[0.23,""61.89""],[0.24,""41.39""],[0.25,""86""],[0.26,""40.6""],[0.27,""75.2""],[0.28,""39.9""],[0.29,""74.6""],[0.3,""60.96""],[0.31,""79""],[0.32,""78.8""],[0.33,""78.6""],[0.34,""43.4""],[0.35,""431.06""],[0.36,""48""],[0.37,""483.9""],[0.38,""342.7""],[0.39,""88.6""],[0.4,""97.2""],[0.41,""85""],[0.42,""164.41""],[0.43,""290""],[0.44,""46.3""],[0.45,""135""],[0.46,""37.8""],[0.47,""92.74""],[0.48,""142.03""],[0.49,""35.08""]]","[[0.01,""10029.27""],[0.02,""2515.1""],[0.03,""1221.71""],[0.04,""205.09""],[0.05,""218.21""],[0.06,""110.54""],[0.07,""410.68""],[0.08,""90.3""],[0.09,""87.72""],[0.1,""68.3""],[0.11,""84.7""],[0.12,""56.74""],[0.13,""74.2""],[0.14,""52.05""],[0.15,""75.17""],[0.16,""58.55""],[0.17,""67.19""],[0.18,""45.86""],[0.19,""79.77""],[0.2,""68.81""],[0.21,""74.1""],[0.22,""42.5""],[0.23,""61.89""],[0.24,""41.39""],[0.25,""71""],[0.26,""40.6""],[0.27,""65.2""],[0.28,""39.9""],[0.29,""69.6""],[0.3,""44.3""],[0.31,""64""],[0.32,""274.8""],[0.33,""93.6""],[0.34,""458.4""],[0.35,""496.78""],[0.36,""253""],[0.37,""209.9""],[0.38,""152.7""],[0.39,""63.37""],[0.4,""58.5""],[0.41,""57.4""],[0.42,""52.3""],[0.43,""90""],[0.44,""75""],[0.45,""164.24""],[0.46,""92""],[0.47,""85.18""],[0.48,""180""],[0.49,""160""],[0.5,""40""]]"
2026-05-17T02:49:13.171Z,btc-updown-15m-1778985900,"Bitcoin Up or Down - May 16, 10:45PM-11:00PM ET",btc-updown-15m-1778985900,2026-05-17T03:00:00Z,,0.49,0.5,0.5,0.51,0.495,0.51,171.168212,,99.86,39.83,"[[0.01,""9975.02""],[0.02,""2559.1""],[0.03,""1209.07""],[0.04,""205.09""],[0.05,""223.2""],[0.06,""110.54""],[0.07,""420.51""],[0.08,""90.29""],[0.09,""87.72""],[0.1,""68.29""],[0.11,""84.7""],[0.12,""56.74""],[0.13,""74.2""],[0.14,""52.05""],[0.15,""75.17""],[0.16,""58.55""],[0.17,""67.19""],[0.18,""50.86""],[0.19,""64.77""],[0.2,""93.8""],[0.21,""63.1""],[0.22,""156""],[0.23,""61.89""],[0.24,""41.39""],[0.25,""86""],[0.26,""40.6""],[0.27,""60.2""],[0.28,""39.9""],[0.29,""74.6""],[0.3,""60.96""],[0.31,""79""],[0.32,""78.8""],[0.33,""78.6""],[0.34,""43.4""],[0.35,""421.06""],[0.36,""43""],[0.37,""483.9""],[0.38,""342.7""],[0.39,""88.6""],[0.4,""97.2""],[0.41,""85""],[0.42,""164.41""],[0.43,""290""],[0.44,""30""],[0.45,""164.4""],[0.46,""42.8""],[0.47,""81.78""],[0.48,""141.78""],[0.49,""99.86""]]","[[0.01,""10024.27""],[0.02,""2515.1""],[0.03,""1221.71""],[0.04,""205.09""],[0.05,""218.21""],[0.06,""110.54""],[0.07,""410.68""],[0.08,""90.3""],[0.09,""87.72""],[0.1,""68.3""],[0.11,""84.7""],[0.12,""56.74""],[0.13,""74.2""],[0.14,""52.05""],[0.15,""75.17""],[0.16,""58.55""],[0.17,""67.19""],[0.18,""45.86""],[0.19,""79.77""],[0.2,""68.81""],[0.21,""74.1""],[0.22,""42.5""],[0.23,""61.89""],[0.24,""41.39""],[0.25,""71""],[0.26,""40.6""],[0.27,""70.2""],[0.28,""39.9""],[0.29,""69.6""],[0.3,""59.3""],[0.31,""64""],[0.32,""274.8""],[0.33,""93.6""],[0.34,""458.4""],[0.35,""496.78""],[0.36,""253""],[0.37,""209.9""],[0.38,""152.7""],[0.39,""63.37""],[0.4,""58.5""],[0.41,""62.4""],[0.42,""45""],[0.43,""180""],[0.44,""35""],[0.45,""179.24""],[0.46,""92""],[0.47,""85.18""],[0.48,""180""],[0.49,""172.8""],[0.5,""39.83""]]"
2026-05-17T02:49:16.475Z,btc-updown-15m-1778985900,"Bitcoin Up or Down - May 16, 10:45PM-11:00PM ET",btc-updown-15m-1778985900,2026-05-17T03:00:00Z,,0.5,0.51,0.49,0.5,0.505,0.51,171.168212,,89.86,193.89,"[[0.01,""9975.02""],[0.02,""2559.1""],[0.03,""1209.07""],[0.04,""205.09""],[0.05,""223.2""],[0.06,""110.54""],[0.07,""420.51""],[0.08,""90.29""],[0.09,""87.72""],[0.1,""68.29""],[0.11,""84.7""],[0.12,""56.74""],[0.13,""74.2""],[0.14,""52.05""],[0.15,""75.17""],[0.16,""58.55""],[0.17,""67.19""],[0.18,""50.86""],[0.19,""64.77""],[0.2,""93.8""],[0.21,""63.1""],[0.22,""156""],[0.23,""61.89""],[0.24,""41.39""],[0.25,""86""],[0.26,""40.6""],[0.27,""60.2""],[0.28,""39.9""],[0.29,""74.6""],[0.3,""60.96""],[0.31,""79""],[0.32,""78.8""],[0.33,""78.6""],[0.34,""43.4""],[0.35,""421.06""],[0.36,""43""],[0.37,""478.9""],[0.38,""347.7""],[0.39,""87.6""],[0.4,""97.2""],[0.41,""85""],[0.42,""164.41""],[0.43,""290""],[0.44,""30""],[0.45,""140""],[0.46,""42.8""],[0.47,""77.38""],[0.48,""141.78""],[0.49,""81.78""],[0.5,""89.86""]]","[[0.01,""10024.27""],[0.02,""2515.1""],[0.03,""1221.71""],[0.04,""205.09""],[0.05,""218.21""],[0.06,""110.54""],[0.07,""410.68""],[0.08,""90.3""],[0.09,""87.72""],[0.1,""68.3""],[0.11,""84.7""],[0.12,""56.74""],[0.13,""74.2""],[0.14,""52.05""],[0.15,""75.17""],[0.16,""58.55""],[0.17,""67.19""],[0.18,""45.86""],[0.19,""79.77""],[0.2,""68.81""],[0.21,""74.1""],[0.22,""42.5""],[0.23,""61.89""],[0.24,""41.39""],[0.25,""71""],[0.26,""45.6""],[0.27,""65.2""],[0.28,""39.9""],[0.29,""69.6""],[0.3,""59.3""],[0.31,""64""],[0.32,""274.8""],[0.33,""93.6""],[0.34,""458.4""],[0.35,""496.78""],[0.36,""253""],[0.37,""209.9""],[0.38,""152.7""],[0.39,""63.37""],[0.4,""63.5""],[0.41,""92.4""],[0.42,""70""],[0.43,""110""],[0.44,""30""],[0.45,""159.24""],[0.46,""52""],[0.47,""130.18""],[0.48,""180""],[0.49,""193.89""]]"
2026-05-17T02:49:21.251Z,btc-updown-15m-1778985900,"Bitcoin Up or Down - May 16, 10:45PM-11:00PM ET",btc-updown-15m-1778985900,2026-05-17T03:00:00Z,,0.49,0.5,0.5,0.51,0.495,0.51,171.168212,,163.23,9.8,"[[0.01,""9975.02""],[0.02,""2559.1""],[0.03,""1209.07""],[0.04,""205.09""],[0.05,""223.2""],[0.06,""110.54""],[0.07,""420.51""],[0.08,""90.29""],[0.09,""87.72""],[0.1,""68.29""],[0.11,""84.7""],[0.12,""56.74""],[0.13,""74.2""],[0.14,""52.05""],[0.15,""75.17""],[0.16,""58.55""],[0.17,""67.19""],[0.18,""50.86""],[0.19,""64.77""],[0.2,""93.8""],[0.21,""63.1""],[0.22,""156""],[0.23,""61.89""],[0.24,""41.39""],[0.25,""86""],[0.26,""40.6""],[0.27,""75.2""],[0.28,""39.9""],[0.29,""74.6""],[0.3,""60.96""],[0.31,""79""],[0.32,""78.8""],[0.33,""78.6""],[0.34,""43.4""],[0.35,""421.06""],[0.36,""43""],[0.37,""478.9""],[0.38,""342.7""],[0.39,""88.6""],[0.4,""97.2""],[0.41,""85""],[0.42,""164.41""],[0.43,""290""],[0.44,""30""],[0.45,""140""],[0.46,""42.8""],[0.47,""42.8""],[0.48,""115.03""],[0.49,""163.23""]]","[[0.01,""10024.27""],[0.02,""2515.1""],[0.03,""1221.71""],[0.04,""205.09""],[0.05,""218.21""],[0.06,""110.54""],[0.07,""410.68""],[0.08,""90.3""],[0.09,""87.72""],[0.1,""68.3""],[0.11,""84.7""],[0.12,""56.74""],[0.13,""74.2""],[0.14,""52.05""],[0.15,""75.17""],[0.16,""58.55""],[0.17,""67.19""],[0.18,""45.86""],[0.19,""79.77""],[0.2,""68.81""],[0.21,""74.1""],[0.22,""42.5""],[0.23,""61.89""],[0.24,""41.39""],[0.25,""71""],[0.26,""45.6""],[0.27,""65.2""],[0.28,""39.9""],[0.29,""69.6""],[0.3,""59.3""],[0.31,""64""],[0.32,""274.8""],[0.33,""93.6""],[0.34,""458.4""],[0.35,""496.78""],[0.36,""258""],[0.37,""219.9""],[0.38,""162.7""],[0.39,""68.37""],[0.4,""98.5""],[0.41,""117.4""],[0.42,""45""],[0.43,""110""],[0.44,""30""],[0.45,""159.24""],[0.46,""52""],[0.47,""125.18""],[0.48,""180""],[0.49,""167.89""],[0.5,""9.8""]]"
2026-05-17T02:49:25.422Z,btc-updown-15m-1778985900,"Bitcoin Up or Down - May 16, 10:45PM-11:00PM ET",btc-updown-15m-1778985900,2026-05-17T03:00:00Z,,0.49,0.5,0.5,0.51,0.495,0.51,171.168212,,25.0,32.72,"[[0.01,""9975.02""],[0.02,""2559.1""],[0.03,""1209.07""],[0.04,""205.09""],[0.05,""223.2""],[0.06,""110.54""],[0.07,""420.51""],[0.08,""90.29""],[0.09,""87.72""],[0.1,""68.29""],[0.11,""84.7""],[0.12,""56.74""],[0.13,""74.2""],[0.14,""52.05""],[0.15,""75.17""],[0.16,""58.55""],[0.17,""67.19""],[0.18,""50.86""],[0.19,""64.77""],[0.2,""93.8""],[0.21,""63.1""],[0.22,""156""],[0.23,""61.89""],[0.24,""41.39""],[0.25,""86""],[0.26,""40.6""],[0.27,""60.2""],[0.28,""39.9""],[0.29,""74.6""],[0.3,""60.96""],[0.31,""79""],[0.32,""78.8""],[0.33,""78.6""],[0.34,""43.4""],[0.35,""421.06""],[0.36,""43""],[0.37,""478.9""],[0.38,""337.7""],[0.39,""92.6""],[0.4,""97.2""],[0.41,""97.4""],[0.42,""164.41""],[0.43,""290""],[0.44,""30""],[0.45,""140""],[0.46,""42.8""],[0.47,""42.3""],[0.48,""10""],[0.49,""25""]]","[[0.01,""10024.27""],[0.02,""2515.1""],[0.03,""1221.71""],[0.04,""205.09""],[0.05,""218.21""],[0.06,""110.54""],[0.07,""410.68""],[0.08,""90.3""],[0.09,""87.72""],[0.1,""68.3""],[0.11,""84.7""],[0.12,""56.74""],[0.13,""74.2""],[0.14,""52.05""],[0.15,""75.17""],[0.16,""58.55""],[0.17,""67.19""],[0.18,""50.86""],[0.19,""74.77""],[0.2,""68.81""],[0.21,""74.1""],[0.22,""42.5""],[0.23,""61.89""],[0.24,""41.39""],[0.25,""71""],[0.26,""40.6""],[0.27,""65.2""],[0.28,""39.9""],[0.29,""69.6""],[0.3,""59.3""],[0.31,""64""],[0.32,""274.8""],[0.33,""93.6""],[0.34,""458.4""],[0.35,""496.78""],[0.36,""258""],[0.37,""139.9""],[0.38,""162.7""],[0.39,""108.37""],[0.4,""58.5""],[0.41,""157.4""],[0.42,""45""],[0.43,""110""],[0.44,""30""],[0.45,""104.24""],[0.46,""142""],[0.47,""85.18""],[0.48,""180""],[0.49,""167.89""],[0.5,""32.72""]]"
2026-05-17T02:49:28.561Z,btc-updown-15m-1778985900,"Bitcoin Up or Down - May 16, 10:45PM-11:00PM ET",btc-updown-15m-1778985900,2026-05-17T03:00:00Z,,0.4,0.41,0.59,0.6,0.405,0.51,171.168212,,40.0,20.0,"[[0.01,""9970.02""],[0.02,""2559.1""],[0.03,""1209.07""],[0.04,""205.09""],[0.05,""223.2""],[0.06,""110.54""],[0.07,""425.51""],[0.08,""90.29""],[0.09,""87.72""],[0.1,""68.29""],[0.11,""84.7""],[0.12,""56.74""],[0.13,""74.2""],[0.14,""52.05""],[0.15,""80.17""],[0.16,""58.55""],[0.17,""67.19""],[0.18,""45.86""],[0.19,""64.77""],[0.2,""93.8""],[0.21,""63.1""],[0.22,""161""],[0.23,""61.89""],[0.24,""41.39""],[0.25,""81""],[0.26,""40.6""],[0.27,""75.2""],[0.28,""39.9""],[0.29,""74.6""],[0.3,""60.96""],[0.31,""79""],[0.32,""73.8""],[0.33,""78.6""],[0.34,""68.4""],[0.35,""441.06""],[0.36,""48""],[0.37,""429.12""],[0.38,""113.15""],[0.4,""40""]]","[[0.01,""10029.27""],[0.02,""2565.1""],[0.03,""1221.71""],[0.04,""205.09""],[0.05,""218.21""],[0.06,""110.54""],[0.07,""410.68""],[0.08,""90.3""],[0.09,""87.72""],[0.1,""68.3""],[0.11,""84.7""],[0.12,""56.74""],[0.13,""74.2""],[0.14,""52.05""],[0.15,""75.17""],[0.16,""58.55""],[0.17,""67.19""],[0.18,""60.86""],[0.19,""64.77""],[0.2,""93.81""],[0.21,""74.1""],[0.22,""42.5""],[0.23,""61.89""],[0.24,""41.39""],[0.25,""71""],[0.26,""40.6""],[0.27,""65.2""],[0.28,""39.9""],[0.29,""69.6""],[0.3,""44.3""],[0.31,""64""],[0.32,""274.8""],[0.33,""93.6""],[0.34,""458.4""],[0.35,""196.78""],[0.36,""258""],[0.37,""139.9""],[0.38,""162.7""],[0.39,""68.37""],[0.4,""58.5""],[0.41,""57.4""],[0.42,""52.3""],[0.43,""45""],[0.44,""30""],[0.45,""144.24""],[0.46,""45""],[0.47,""77.02""],[0.48,""95""],[0.49,""176.13""],[0.5,""129.92""],[0.51,""128.76""],[0.52,""77.61""],[0.53,""81.99""],[0.54,""12""],[0.55,""37""],[0.56,""12""],[0.57,""29.99""],[0.58,""29.99""],[0.59,""20""]]"
2026-05-17T02:49:30.515Z,btc-updown-15m-1778985900,"Bitcoin Up or Down - May 16, 10:45PM-11:00PM ET",btc-updown-15m-1778985900,2026-05-17T03:00:00Z,,0.41,0.42,0.58,0.59,0.415,0.51,171.168212,,344.97,44.52,"[[0.01,""9975.02""],[0.02,""2559.1""],[0.03,""1209.07""],[0.04,""205.09""],[0.05,""223.2""],[0.06,""110.54""],[0.07,""425.51""],[0.08,""90.29""],[0.09,""87.72""],[0.1,""68.29""],[0.11,""84.7""],[0.12,""56.74""],[0.13,""74.2""],[0.14,""52.05""],[0.15,""80.17""],[0.16,""58.55""],[0.17,""67.19""],[0.18,""45.86""],[0.19,""79.77""],[0.2,""93.8""],[0.21,""78.1""],[0.22,""156""],[0.23,""76.89""],[0.24,""41.39""],[0.25,""96""],[0.26,""45.6""],[0.27,""75.2""],[0.28,""39.9""],[0.29,""74.6""],[0.3,""65.96""],[0.31,""84""],[0.32,""83.8""],[0.33,""68.6""],[0.34,""48.4""],[0.35,""521.06""],[0.36,""153""],[0.37,""461""],[0.38,""72.8""],[0.39,""90""],[0.4,""167.8""],[0.41,""344.97""]]","[[0.01,""10024.27""],[0.02,""2565.1""],[0.03,""1221.71""],[0.04,""205.09""],[0.05,""218.21""],[0.06,""110.54""],[0.07,""410.68""],[0.08,""90.3""],[0.09,""92.72""],[0.1,""68.3""],[0.11,""84.7""],[0.12,""61.74""],[0.13,""74.2""],[0.14,""52.05""],[0.15,""75.17""],[0.16,""58.55""],[0.17,""67.19""],[0.18,""60.86""],[0.19,""64.77""],[0.2,""93.81""],[0.21,""69.1""],[0.22,""42.5""],[0.23,""61.89""],[0.24,""41.39""],[0.25,""71""],[0.26,""40.6""],[0.27,""65.2""],[0.28,""39.9""],[0.29,""69.6""],[0.3,""44.3""],[0.31,""64""],[0.32,""274.8""],[0.33,""93.6""],[0.34,""458.4""],[0.35,""206.78""],[0.36,""258""],[0.37,""134.9""],[0.38,""157.7""],[0.39,""63.37""],[0.4,""58.5""],[0.41,""57.4""],[0.42,""57.3""],[0.43,""45""],[0.44,""25""],[0.45,""59.24""],[0.46,""160""],[0.47,""55.18""],[0.48,""85""],[0.49,""62""],[0.5,""182.72""],[0.51,""110""],[0.52,""212.41""],[0.53,""150""],[0.54,""95""],[0.55,""50""],[0.56,""30""],[0.57,""50""],[0.58,""44.52""]]"
2026-05-17T02:49:33.668Z,btc-updown-15m-1778985900,"Bitcoin Up or Down - May 16, 10:45PM-11:00PM ET",btc-updown-15m-1778985900,2026-05-17T03:00:00Z,,0.41,0.42,0.58,0.59,0.415,0.51,171.168212,,279.17,131.26,"[[0.01,""9975.02""],[0.02,""2554.1""],[0.03,""1209.07""],[0.04,""205.09""],[0.05,""223.2""],[0.06,""110.54""],[0.07,""425.51""],[0.08,""90.29""],[0.09,""87.72""],[0.1,""68.29""],[0.11,""84.7""],[0.12,""56.74""],[0.13,""74.2""],[0.14,""52.05""],[0.15,""80.17""],[0.16,""58.55""],[0.17,""67.19""],[0.18,""45.86""],[0.19,""64.77""],[0.2,""93.8""],[0.21,""78.1""],[0.22,""156""],[0.23,""76.89""],[0.24,""41.39""],[0.25,""96""],[0.26,""45.6""],[0.27,""75.2""],[0.28,""39.9""],[0.29,""79.6""],[0.3,""60.96""],[0.31,""84""],[0.32,""83.8""],[0.33,""68.6""],[0.34,""48.4""],[0.35,""516.06""],[0.36,""153""],[0.37,""461""],[0.38,""92.39""],[0.39,""95""],[0.4,""167.8""],[0.41,""279.17""]]","[[0.01,""10019.27""],[0.02,""2515.1""],[0.03,""1221.71""],[0.04,""205.09""],[0.05,""218.21""],[0.06,""110.54""],[0.07,""410.68""],[0.08,""90.3""],[0.09,""92.72""],[0.1,""68.3""],[0.11,""84.7""],[0.12,""61.74""],[0.13,""74.2""],[0.14,""52.05""],[0.15,""75.17""],[0.16,""58.55""],[0.17,""67.19""],[0.18,""60.86""],[0.19,""64.77""],[0.2,""93.81""],[0.21,""69.1""],[0.22,""42.5""],[0.23,""61.89""],[0.24,""41.39""],[0.25,""71""],[0.26,""40.6""],[0.27,""65.2""],[0.28,""39.9""],[0.29,""69.6""],[0.3,""44.3""],[0.31,""64""],[0.32,""259.8""],[0.33,""93.6""],[0.34,""443.4""],[0.35,""206.78""],[0.36,""143""],[0.37,""234.9""],[0.38,""162.7""],[0.39,""68.37""],[0.4,""58.5""],[0.41,""57.4""],[0.42,""57.3""],[0.43,""57.2""],[0.44,""25""],[0.45,""59.24""],[0.46,""40""],[0.47,""175.18""],[0.48,""40""],[0.49,""102""],[0.5,""197.72""],[0.51,""75""],[0.52,""197.41""],[0.53,""160""],[0.54,""45""],[0.55,""50""],[0.56,""95""],[0.57,""62.8""],[0.58,""131.26""]]"
2026-05-17T02:49:36.987Z,btc-updown-15m-1778985900,"Bitcoin Up or Down - May 16, 10:45PM-11:00PM ET",btc-updown-15m-1778985900,2026-05-17T03:00:00Z,,0.41,0.42,0.58,0.59,0.415,0.51,171.168212,,264.17,131.36,"[[0.01,""9980.02""],[0.02,""2549.1""],[0.03,""1209.07""],[0.04,""205.09""],[0.05,""223.2""],[0.06,""110.54""],[0.07,""425.51""],[0.08,""90.29""],[0.09,""87.72""],[0.1,""68.29""],[0.11,""84.7""],[0.12,""56.74""],[0.13,""74.2""],[0.14,""52.05""],[0.15,""80.17""],[0.16,""58.55""],[0.17,""67.19""],[0.18,""45.86""],[0.19,""64.77""],[0.2,""88.8""],[0.21,""78.1""],[0.22,""156""],[0.23,""76.89""],[0.24,""41.39""],[0.25,""96""],[0.26,""45.6""],[0.27,""375.2""],[0.28,""39.9""],[0.29,""79.6""],[0.3,""65.96""],[0.31,""84""],[0.32,""83.8""],[0.33,""68.6""],[0.34,""53.4""],[0.35,""516.06""],[0.36,""153""],[0.37,""61""],[0.38,""72.8""],[0.39,""119.7""],[0.4,""172.8""],[0.41,""264.17""]]","[[0.01,""10019.27""],[0.02,""2515.1""],[0.03,""1221.71""],[0.04,""205.09""],[0.05,""218.21""],[0.06,""110.54""],[0.07,""410.68""],[0.08,""90.3""],[0.09,""92.72""],[0.1,""68.3""],[0.11,""84.7""],[0.12,""61.74""],[0.13,""74.2""],[0.14,""52.05""],[0.15,""75.17""],[0.16,""58.55""],[0.17,""67.19""],[0.18,""60.86""],[0.19,""64.77""],[0.2,""93.81""],[0.21,""69.1""],[0.22,""42.5""],[0.23,""61.89""],[0.24,""41.39""],[0.25,""71""],[0.26,""40.6""],[0.27,""65.2""],[0.28,""39.9""],[0.29,""69.6""],[0.3,""44.3""],[0.31,""70""],[0.32,""253.8""],[0.33,""93.6""],[0.34,""43.4""],[0.35,""505.78""],[0.36,""143""],[0.37,""234.9""],[0.38,""62.7""],[0.39,""168.37""],[0.4,""58.5""],[0.41,""57.4""],[0.42,""57.3""],[0.43,""45""],[0.44,""25""],[0.45,""59.24""],[0.46,""40""],[0.47,""175.18""],[0.48,""40""],[0.49,""142""],[0.5,""157.72""],[0.51,""75""],[0.52,""197.41""],[0.53,""160""],[0.54,""45""],[0.55,""50""],[0.56,""45""],[0.57,""112.8""],[0.58,""131.36""]]"
2026-05-17T02:49:39.609Z,btc-updown-15m-1778985900,"Bitcoin Up or Down - May 16, 10:45PM-11:00PM ET",btc-updown-15m-1778985900,2026-05-17T03:00:00Z,,0.4,0.41,0.59,0.6,0.405,0.51,171.168212,,73.41,75.65,"[[0.01,""9975.02""],[0.02,""2549.1""],[0.03,""1209.07""],[0.04,""205.09""],[0.05,""223.2""],[0.06,""110.54""],[0.07,""425.51""],[0.08,""90.29""],[0.09,""87.72""],[0.1,""68.29""],[0.11,""84.7""],[0.12,""56.74""],[0.13,""74.2""],[0.14,""52.05""],[0.15,""80.17""],[0.16,""58.55""],[0.17,""67.19""],[0.18,""45.86""],[0.19,""79.77""],[0.2,""88.8""],[0.21,""78.1""],[0.22,""156""],[0.23,""76.89""],[0.24,""41.39""],[0.25,""96""],[0.26,""45.6""],[0.27,""375.2""],[0.28,""39.9""],[0.29,""79.6""],[0.3,""65.96""],[0.31,""69""],[0.32,""83.8""],[0.33,""68.6""],[0.34,""53.4""],[0.35,""516.06""],[0.36,""65""],[0.37,""621""],[0.38,""182.8""],[0.39,""212.6""],[0.4,""73.41""]]","[[0.01,""10019.27""],[0.02,""2515.1""],[0.03,""1221.71""],[0.04,""205.09""],[0.05,""218.21""],[0.06,""110.54""],[0.07,""410.68""],[0.08,""90.3""],[0.09,""92.72""],[0.1,""68.3""],[0.11,""84.7""],[0.12,""61.74""],[0.13,""74.2""],[0.14,""52.05""],[0.15,""75.17""],[0.16,""58.55""],[0.17,""67.19""],[0.18,""60.86""],[0.19,""64.77""],[0.2,""93.81""],[0.21,""69.1""],[0.22,""42.5""],[0.23,""61.89""],[0.24,""41.39""],[0.25,""71""],[0.26,""40.6""],[0.27,""65.2""],[0.28,""39.9""],[0.29,""69.6""],[0.3,""44.3""],[0.31,""70""],[0.32,""253.8""],[0.33,""493.6""],[0.34,""43.4""],[0.35,""505.78""],[0.36,""143""],[0.37,""234.9""],[0.38,""62.7""],[0.39,""168.37""],[0.4,""58.5""],[0.41,""57.4""],[0.42,""57.3""],[0.43,""57.2""],[0.44,""37.2""],[0.45,""59.24""],[0.46,""40""],[0.47,""135.18""],[0.48,""100""],[0.49,""75""],[0.5,""139.72""],[0.51,""90""],[0.52,""122.41""],[0.53,""185""],[0.54,""145""],[0.55,""50""],[0.56,""45""],[0.57,""50""],[0.58,""62.8""],[0.59,""75.65""]]"
2026-05-17T02:49:43.670Z,btc-updown-15m-1778985900,"Bitcoin Up or Down - May 16, 10:45PM-11:00PM ET",btc-updown-15m-1778985900,2026-05-17T03:00:00Z,,0.4,0.41,0.59,0.6,0.405,0.51,171.168212,,63.31,42.8,"[[0.01,""9975.02""],[0.02,""2549.1""],[0.03,""1209.07""],[0.04,""205.09""],[0.05,""223.2""],[0.06,""110.54""],[0.07,""425.51""],[0.08,""90.29""],[0.09,""87.72""],[0.1,""68.29""],[0.11,""84.7""],[0.12,""56.74""],[0.13,""74.2""],[0.14,""52.05""],[0.15,""80.17""],[0.16,""58.55""],[0.17,""67.19""],[0.18,""45.86""],[0.19,""79.77""],[0.2,""88.8""],[0.21,""78.1""],[0.22,""156""],[0.23,""76.89""],[0.24,""41.39""],[0.25,""96""],[0.26,""45.6""],[0.27,""375.2""],[0.28,""39.9""],[0.29,""79.6""],[0.3,""65.96""],[0.31,""84""],[0.32,""83.8""],[0.33,""55""],[0.34,""40""],[0.35,""502.86""],[0.36,""65""],[0.37,""221""],[0.38,""170""],[0.39,""202.8""],[0.4,""63.31""]]","[[0.01,""10019.27""],[0.02,""2515.1""],[0.03,""1221.71""],[0.04,""205.09""],[0.05,""218.21""],[0.06,""110.54""],[0.07,""410.68""],[0.08,""90.3""],[0.09,""92.72""],[0.1,""68.3""],[0.11,""84.7""],[0.12,""61.74""],[0.13,""74.2""],[0.14,""52.05""],[0.15,""75.17""],[0.16,""58.55""],[0.17,""67.19""],[0.18,""45.86""],[0.19,""64.77""],[0.2,""98.81""],[0.21,""69.1""],[0.22,""42.5""],[0.23,""61.89""],[0.24,""41.39""],[0.25,""71""],[0.26,""40.6""],[0.27,""65.2""],[0.28,""39.9""],[0.29,""69.6""],[0.3,""44.3""],[0.31,""70""],[0.32,""253.8""],[0.33,""493.6""],[0.34,""43.4""],[0.35,""505.78""],[0.36,""143""],[0.37,""234.9""],[0.38,""47.7""],[0.39,""168.37""],[0.4,""58.5""],[0.41,""57.4""],[0.42,""57.3""],[0.43,""57.2""],[0.44,""37.2""],[0.45,""59.24""],[0.46,""40""],[0.47,""55.18""],[0.48,""120""],[0.49,""50""],[0.5,""139.72""],[0.51,""90""],[0.52,""122.41""],[0.53,""175""],[0.54,""145""],[0.55,""50""],[0.56,""45""],[0.57,""50""],[0.58,""47.8""],[0.59,""42.8""]]"
2026-05-17T02:49:45.605Z,btc-updown-15m-1778985900,"Bitcoin Up or Down - May 16, 10:45PM-11:00PM ET",btc-updown-15m-1778985900,2026-05-17T03:00:00Z,,0.36,0.37,0.63,0.64,0.365,0.51,171.168212,,140.0,89.35,"[[0.01,""10075.02""],[0.02,""2544.1""],[0.03,""1209.07""],[0.04,""205.09""],[0.05,""223.2""],[0.06,""110.54""],[0.07,""425.51""],[0.08,""90.29""],[0.09,""87.72""],[0.1,""68.29""],[0.11,""84.7""],[0.12,""56.74""],[0.13,""74.2""],[0.14,""52.05""],[0.15,""95.17""],[0.16,""58.55""],[0.17,""82.19""],[0.18,""45.86""],[0.19,""79.77""],[0.2,""88.8""],[0.21,""78.1""],[0.22,""161""],[0.23,""76.89""],[0.24,""41.39""],[0.25,""96""],[0.26,""45.6""],[0.27,""80.2""],[0.28,""44.9""],[0.29,""79.6""],[0.3,""51.66""],[0.31,""61""],[0.32,""95""],[0.33,""145""],[0.34,""200""],[0.35,""397.86""],[0.36,""140""]]","[[0.01,""10119.27""],[0.02,""2515.1""],[0.03,""1221.71""],[0.04,""205.09""],[0.05,""218.21""],[0.06,""110.54""],[0.07,""410.68""],[0.08,""90.3""],[0.09,""87.72""],[0.1,""68.3""],[0.11,""84.7""],[0.12,""61.74""],[0.13,""79.2""],[0.14,""52.05""],[0.15,""75.17""],[0.16,""58.55""],[0.17,""67.19""],[0.18,""45.86""],[0.19,""64.77""],[0.2,""88.81""],[0.21,""69.1""],[0.22,""42.5""],[0.23,""76.89""],[0.24,""41.39""],[0.25,""71""],[0.26,""40.6""],[0.27,""60.2""],[0.28,""39.9""],[0.29,""69.6""],[0.3,""44.3""],[0.31,""64""],[0.32,""53.8""],[0.33,""98.6""],[0.34,""43.4""],[0.35,""96.78""],[0.36,""38""],[0.37,""124.9""],[0.38,""43.7""],[0.39,""63.37""],[0.4,""63.5""],[0.41,""57.4""],[0.42,""152.3""],[0.43,""157.2""],[0.44,""242.2""],[0.45,""76.34""],[0.46,""67.1""],[0.47,""72.18""],[0.48,""57""],[0.49,""57""],[0.5,""72""],[0.51,""217""],[0.52,""40""],[0.53,""90""],[0.54,""97""],[0.55,""50""],[0.56,""70""],[0.57,""175""],[0.58,""157.8""],[0.59,""62.46""],[0.6,""67.8""],[0.61,""75.8""],[0.62,""40.67""],[0.63,""89.35""]]"
2026-05-17T02:49:49.699Z,btc-updown-15m-1778985900,"Bitcoin Up or Down - May 16, 10:45PM-11:00PM ET",btc-updown-15m-1778985900,2026-05-17T03:00:00Z,,0.36,0.37,0.63,0.64,0.365,0.51,171.168212,,19.67,117.15,"[[0.01,""10075.02""],[0.02,""2544.1""],[0.03,""1209.07""],[0.04,""205.09""],[0.05,""223.2""],[0.06,""110.54""],[0.07,""425.51""],[0.08,""90.29""],[0.09,""87.72""],[0.1,""68.29""],[0.11,""84.7""],[0.12,""56.74""],[0.13,""74.2""],[0.14,""52.05""],[0.15,""95.17""],[0.16,""58.55""],[0.17,""82.19""],[0.18,""45.86""],[0.19,""79.77""],[0.2,""88.8""],[0.21,""78.1""],[0.22,""161""],[0.23,""76.89""],[0.24,""41.39""],[0.25,""101""],[0.26,""45.6""],[0.27,""65.2""],[0.28,""30""],[0.29,""65""],[0.3,""51.66""],[0.31,""55""],[0.32,""90""],[0.33,""225""],[0.34,""135""],[0.35,""325.66""],[0.36,""19.67""]]","[[0.01,""10119.27""],[0.02,""2515.1""],[0.03,""1221.71""],[0.04,""205.09""],[0.05,""218.21""],[0.06,""110.54""],[0.07,""410.68""],[0.08,""90.3""],[0.09,""87.72""],[0.1,""68.3""],[0.11,""84.7""],[0.12,""61.74""],[0.13,""79.2""],[0.14,""52.05""],[0.15,""75.17""],[0.16,""58.55""],[0.17,""67.19""],[0.18,""45.86""],[0.19,""64.77""],[0.2,""88.81""],[0.21,""69.1""],[0.22,""42.5""],[0.23,""61.89""],[0.24,""41.39""],[0.25,""71""],[0.26,""50.6""],[0.27,""65.2""],[0.28,""39.9""],[0.29,""69.6""],[0.3,""44.3""],[0.31,""64""],[0.32,""53.8""],[0.33,""98.6""],[0.34,""43.4""],[0.35,""101.78""],[0.36,""38""],[0.37,""124.9""],[0.38,""237.7""],[0.39,""63.37""],[0.4,""58.5""],[0.41,""356.4""],[0.42,""37.3""],[0.43,""257.2""],[0.44,""137.2""],[0.45,""176.34""],[0.46,""62.1""],[0.47,""72.18""],[0.48,""52""],[0.49,""57""],[0.5,""102""],[0.51,""57""],[0.52,""220.41""],[0.53,""50""],[0.54,""132""],[0.55,""55""],[0.56,""45""],[0.57,""150""],[0.58,""157.8""],[0.59,""56.46""],[0.6,""67.8""],[0.61,""64.8""],[0.62,""50.6""],[0.63,""117.15""]]"
2026-05-17T02:49:52.994Z,btc-updown-15m-1778985900,"Bitcoin Up or Down - May 16, 10:45PM-11:00PM ET",btc-updown-15m-1778985900,2026-05-17T03:00:00Z,,0.36,0.37,0.63,0.64,0.365,0.51,171.168212,,178.2,15.0,"[[0.01,""10075.02""],[0.02,""2544.1""],[0.03,""1209.07""],[0.04,""205.09""],[0.05,""223.2""],[0.06,""110.54""],[0.07,""425.51""],[0.08,""90.29""],[0.09,""87.72""],[0.1,""68.29""],[0.11,""84.7""],[0.12,""56.74""],[0.13,""74.2""],[0.14,""52.05""],[0.15,""95.17""],[0.16,""58.55""],[0.17,""82.19""],[0.18,""45.86""],[0.19,""79.77""],[0.2,""88.8""],[0.21,""78.1""],[0.22,""161""],[0.23,""76.89""],[0.24,""41.39""],[0.25,""101""],[0.26,""45.6""],[0.27,""265.2""],[0.28,""444.9""],[0.29,""71""],[0.3,""61.66""],[0.31,""55""],[0.32,""170""],[0.33,""325""],[0.34,""235""],[0.35,""239.85""],[0.36,""178.2""]]","[[0.01,""10119.27""],[0.02,""2515.1""],[0.03,""1221.71""],[0.04,""205.09""],[0.05,""218.21""],[0.06,""110.54""],[0.07,""410.68""],[0.08,""90.3""],[0.09,""87.72""],[0.1,""68.3""],[0.11,""84.7""],[0.12,""61.74""],[0.13,""79.2""],[0.14,""52.05""],[0.15,""75.17""],[0.16,""58.55""],[0.17,""67.19""],[0.18,""45.86""],[0.19,""64.77""],[0.2,""88.81""],[0.21,""69.1""],[0.22,""42.5""],[0.23,""61.89""],[0.24,""41.39""],[0.25,""71""],[0.26,""55.6""],[0.27,""60.2""],[0.28,""39.9""],[0.29,""69.6""],[0.3,""44.3""],[0.31,""64""],[0.32,""53.8""],[0.33,""98.6""],[0.34,""43.4""],[0.35,""101.78""],[0.36,""43""],[0.37,""124.9""],[0.38,""37.7""],[0.39,""63.37""],[0.4,""264.5""],[0.41,""457.4""],[0.42,""37.3""],[0.43,""257.2""],[0.44,""137.2""],[0.45,""171.34""],[0.46,""57.1""],[0.47,""72.18""],[0.48,""62""],[0.49,""67""],[0.5,""102""],[0.51,""97""],[0.52,""152.41""],[0.53,""125""],[0.54,""92""],[0.55,""50""],[0.56,""50""],[0.57,""155""],[0.58,""145""],[0.59,""56.46""],[0.6,""62.8""],[0.61,""64.8""],[0.62,""40.6""],[0.63,""15""]]"
2026-05-17T02:49:55.086Z,btc-updown-15m-1778985900,"Bitcoin Up or Down - May 16, 10:45PM-11:00PM ET",btc-updown-15m-1778985900,2026-05-17T03:00:00Z,,0.36,0.37,0.63,0.64,0.365,0.51,171.168212,,117.48,62.66,"[[0.01,""10075.02""],[0.02,""2544.1""],[0.03,""1209.07""],[0.04,""205.09""],[0.05,""223.2""],[0.06,""110.54""],[0.07,""425.51""],[0.08,""90.29""],[0.09,""87.72""],[0.1,""68.29""],[0.11,""84.7""],[0.12,""56.74""],[0.13,""74.2""],[0.14,""52.05""],[0.15,""95.17""],[0.16,""58.55""],[0.17,""82.19""],[0.18,""45.86""],[0.19,""79.77""],[0.2,""88.8""],[0.21,""378.1""],[0.22,""161""],[0.23,""76.89""],[0.24,""41.39""],[0.25,""96""],[0.26,""45.6""],[0.27,""265.2""],[0.28,""444.9""],[0.29,""81""],[0.3,""66.66""],[0.31,""90""],[0.32,""155""],[0.33,""340""],[0.34,""235""],[0.35,""245.74""],[0.36,""117.48""]]","[[0.01,""10119.27""],[0.02,""2515.1""],[0.03,""1221.71""],[0.04,""205.09""],[0.05,""218.21""],[0.06,""110.54""],[0.07,""410.68""],[0.08,""90.3""],[0.09,""87.72""],[0.1,""68.3""],[0.11,""84.7""],[0.12,""61.74""],[0.13,""79.2""],[0.14,""52.05""],[0.15,""75.17""],[0.16,""58.55""],[0.17,""67.19""],[0.18,""45.86""],[0.19,""64.77""],[0.2,""88.81""],[0.21,""69.1""],[0.22,""42.5""],[0.23,""61.89""],[0.24,""41.39""],[0.25,""66""],[0.26,""55.6""],[0.27,""60.2""],[0.28,""39.9""],[0.29,""69.6""],[0.3,""44.3""],[0.31,""64""],[0.32,""53.8""],[0.33,""98.6""],[0.34,""43.4""],[0.35,""96.78""],[0.36,""43""],[0.37,""124.9""],[0.38,""37.7""],[0.39,""63.37""],[0.4,""264.5""],[0.41,""457.4""],[0.42,""37.3""],[0.43,""556.2""],[0.44,""137.2""],[0.45,""171.34""],[0.46,""57.1""],[0.47,""77.18""],[0.48,""62""],[0.49,""67""],[0.5,""102""],[0.51,""97""],[0.52,""152.41""],[0.53,""125""],[0.54,""52""],[0.55,""50""],[0.56,""50""],[0.57,""55""],[0.58,""145""],[0.59,""156.46""],[0.6,""62.8""],[0.61,""64.8""],[0.62,""55.6""],[0.63,""62.66""]]"
2026-05-17T02:49:57.000Z,btc-updown-15m-1778985900,"Bitcoin Up or Down - May 16, 10:45PM-11:00PM ET",btc-updown-15m-1778985900,2026-05-17T03:00:00Z,,0.36,0.37,0.63,0.64,0.365,0.51,171.168212,,98.05,57.46,"[[0.01,""10070.02""],[0.02,""2544.1""],[0.03,""1209.07""],[0.04,""205.09""],[0.05,""223.2""],[0.06,""110.54""],[0.07,""425.51""],[0.08,""90.29""],[0.09,""87.72""],[0.1,""68.29""],[0.11,""84.7""],[0.12,""56.74""],[0.13,""74.2""],[0.14,""52.05""],[0.15,""95.17""],[0.16,""58.55""],[0.17,""82.19""],[0.18,""45.86""],[0.19,""79.77""],[0.2,""88.8""],[0.21,""378.1""],[0.22,""161""],[0.23,""76.89""],[0.24,""41.39""],[0.25,""96""],[0.26,""45.6""],[0.27,""275.2""],[0.28,""444.9""],[0.29,""71""],[0.3,""71.66""],[0.31,""65""],[0.32,""267.9""],[0.33,""350""],[0.34,""150""],[0.35,""244.85""],[0.36,""98.05""]]","[[0.01,""10119.27""],[0.02,""2515.1""],[0.03,""1221.71""],[0.04,""205.09""],[0.05,""218.21""],[0.06,""110.54""],[0.07,""410.68""],[0.08,""90.3""],[0.09,""87.72""],[0.1,""68.3""],[0.11,""84.7""],[0.12,""61.74""],[0.13,""79.2""],[0.14,""52.05""],[0.15,""75.17""],[0.16,""58.55""],[0.17,""67.19""],[0.18,""45.86""],[0.19,""64.77""],[0.2,""88.81""],[0.21,""69.1""],[0.22,""42.5""],[0.23,""61.89""],[0.24,""41.39""],[0.25,""66""],[0.26,""55.6""],[0.27,""60.2""],[0.28,""39.9""],[0.29,""69.6""],[0.3,""44.3""],[0.31,""64""],[0.32,""53.8""],[0.33,""98.6""],[0.34,""43.4""],[0.35,""96.78""],[0.36,""43""],[0.37,""124.9""],[0.38,""37.7""],[0.39,""63.37""],[0.4,""264.5""],[0.41,""457.4""],[0.42,""37.3""],[0.43,""556.2""],[0.44,""137.2""],[0.45,""171.34""],[0.46,""57.1""],[0.47,""77.18""],[0.48,""62""],[0.49,""67""],[0.5,""52""],[0.51,""82""],[0.52,""197""],[0.53,""60""],[0.54,""95.86""],[0.55,""97""],[0.56,""90""],[0.57,""50""],[0.58,""145""],[0.59,""156.46""],[0.6,""62.8""],[0.61,""64.8""],[0.62,""55.6""],[0.63,""57.46""]]"
2026-05-17T02:49:59.009Z,btc-updown-15m-1778985900,"Bitcoin Up or Down - May 16, 10:45PM-11:00PM ET",btc-updown-15m-1778985900,2026-05-17T03:00:00Z,,0.36,0.37,0.63,0.64,0.365,0.51,171.168212,,31.54,115.26,"[[0.01,""10075.02""],[0.02,""2544.1""],[0.03,""1209.07""],[0.04,""205.09""],[0.05,""223.2""],[0.06,""110.54""],[0.07,""425.51""],[0.08,""90.29""],[0.09,""87.72""],[0.1,""68.29""],[0.11,""84.7""],[0.12,""56.74""],[0.13,""74.2""],[0.14,""52.05""],[0.15,""95.17""],[0.16,""58.55""],[0.17,""82.19""],[0.18,""45.86""],[0.19,""79.77""],[0.2,""88.8""],[0.21,""378.1""],[0.22,""161""],[0.23,""76.89""],[0.24,""41.39""],[0.25,""81""],[0.26,""45.6""],[0.27,""270.2""],[0.28,""449.9""],[0.29,""111""],[0.3,""116.66""],[0.31,""65""],[0.32,""227.9""],[0.33,""325""],[0.34,""150""],[0.35,""230.74""],[0.36,""31.54""]]","[[0.01,""10119.27""],[0.02,""2515.1""],[0.03,""1221.71""],[0.04,""205.09""],[0.05,""218.21""],[0.06,""110.54""],[0.07,""410.68""],[0.08,""90.3""],[0.09,""87.72""],[0.1,""68.3""],[0.11,""84.7""],[0.12,""61.74""],[0.13,""79.2""],[0.14,""52.05""],[0.15,""75.17""],[0.16,""58.55""],[0.17,""67.19""],[0.18,""45.86""],[0.19,""64.77""],[0.2,""88.81""],[0.21,""69.1""],[0.22,""42.5""],[0.23,""61.89""],[0.24,""41.39""],[0.25,""66""],[0.26,""55.6""],[0.27,""60.2""],[0.28,""39.9""],[0.29,""69.6""],[0.3,""44.3""],[0.31,""64""],[0.32,""53.8""],[0.33,""98.6""],[0.34,""43.4""],[0.35,""96.78""],[0.36,""43""],[0.37,""129.9""],[0.38,""37.7""],[0.39,""63.37""],[0.4,""254.5""],[0.41,""457.4""],[0.42,""37.3""],[0.43,""556.2""],[0.44,""137.2""],[0.45,""171.34""],[0.46,""57.1""],[0.47,""77.18""],[0.48,""62""],[0.49,""67""],[0.5,""52""],[0.51,""82""],[0.52,""117""],[0.53,""135""],[0.54,""95.86""],[0.55,""90""],[0.56,""97""],[0.57,""50""],[0.58,""150""],[0.59,""156.46""],[0.6,""62.8""],[0.61,""64.8""],[0.62,""55.6""],[0.63,""115.26""]]"
2026-05-17T02:50:01.646Z,btc-updown-15m-1778985900,"Bitcoin Up or Down - May 16, 10:45PM-11:00PM ET",btc-updown-15m-1778985900,2026-05-17T03:00:00Z,,0.36,0.37,0.63,0.64,0.365,0.51,171.168212,,29.77,108.99,"[[0.01,""10075.02""],[0.02,""2544.1""],[0.03,""1209.07""],[0.04,""205.09""],[0.05,""223.2""],[0.06,""110.54""],[0.07,""125.51""],[0.08,""90.29""],[0.09,""87.72""],[0.1,""68.29""],[0.11,""84.7""],[0.12,""56.74""],[0.13,""74.2""],[0.14,""52.05""],[0.15,""95.17""],[0.16,""58.55""],[0.17,""82.19""],[0.18,""45.86""],[0.19,""79.77""],[0.2,""88.8""],[0.21,""497.1""],[0.22,""47.5""],[0.23,""76.89""],[0.24,""41.39""],[0.25,""96""],[0.26,""45.6""],[0.27,""275.2""],[0.28,""454.9""],[0.29,""71""],[0.3,""96.66""],[0.31,""60""],[0.32,""277.9""],[0.33,""325""],[0.34,""135""],[0.35,""252.94""],[0.36,""29.77""]]","[[0.01,""10119.27""],[0.02,""2515.1""],[0.03,""1221.71""],[0.04,""205.09""],[0.05,""218.21""],[0.06,""110.54""],[0.07,""110.68""],[0.08,""90.3""],[0.09,""87.72""],[0.1,""68.3""],[0.11,""84.7""],[0.12,""61.74""],[0.13,""79.2""],[0.14,""52.05""],[0.15,""75.17""],[0.16,""58.55""],[0.17,""67.19""],[0.18,""45.86""],[0.19,""64.77""],[0.2,""88.81""],[0.21,""69.1""],[0.22,""42.5""],[0.23,""61.89""],[0.24,""41.39""],[0.25,""66""],[0.26,""55.6""],[0.27,""60.2""],[0.28,""39.9""],[0.29,""69.6""],[0.3,""44.3""],[0.31,""64""],[0.32,""53.8""],[0.33,""98.6""],[0.34,""43.4""],[0.35,""96.78""],[0.36,""48""],[0.37,""57.9""],[0.38,""103.2""],[0.39,""63.37""],[0.4,""254.5""],[0.41,""457.4""],[0.42,""37.3""],[0.43,""556.2""],[0.44,""137.2""],[0.45,""171.34""],[0.46,""57.1""],[0.47,""72.18""],[0.48,""57""],[0.49,""62""],[0.5,""57""],[0.51,""87""],[0.52,""110""],[0.53,""140""],[0.54,""95.86""],[0.55,""50""],[0.56,""102""],[0.57,""50""],[0.58,""45""],[0.59,""156.46""],[0.6,""162.8""],[0.61,""64.8""],[0.62,""50.6""],[0.63,""108.99""]]"
2026-05-17T02:50:03.613Z,btc-updown-15m-1778985900,"Bitcoin Up or Down - May 16, 10:45PM-11:00PM ET",btc-updown-15m-1778985900,2026-05-17T03:00:00Z,,0.36,0.37,0.63,0.64,0.365,0.51,171.168212,,112.59,101.57,"[[0.01,""10075.02""],[0.02,""2544.1""],[0.03,""1209.07""],[0.04,""205.09""],[0.05,""218.2""],[0.06,""110.54""],[0.07,""125.51""],[0.08,""90.29""],[0.09,""87.72""],[0.1,""68.29""],[0.11,""84.7""],[0.12,""56.74""],[0.13,""74.2""],[0.14,""52.05""],[0.15,""95.17""],[0.16,""58.55""],[0.17,""82.19""],[0.18,""45.86""],[0.19,""79.77""],[0.2,""88.8""],[0.21,""497.1""],[0.22,""47.5""],[0.23,""76.89""],[0.24,""41.39""],[0.25,""96""],[0.26,""45.6""],[0.27,""275.2""],[0.28,""454.9""],[0.29,""71""],[0.3,""96.66""],[0.31,""65""],[0.32,""277.9""],[0.33,""331""],[0.34,""135""],[0.35,""252.94""],[0.36,""112.59""]]","[[0.01,""10119.27""],[0.02,""2515.1""],[0.03,""1221.71""],[0.04,""205.09""],[0.05,""218.21""],[0.06,""110.54""],[0.07,""110.68""],[0.08,""90.3""],[0.09,""87.72""],[0.1,""68.3""],[0.11,""84.7""],[0.12,""61.74""],[0.13,""79.2""],[0.14,""52.05""],[0.15,""75.17""],[0.16,""58.55""],[0.17,""67.19""],[0.18,""45.86""],[0.19,""64.77""],[0.2,""88.81""],[0.21,""69.1""],[0.22,""42.5""],[0.23,""61.89""],[0.24,""41.39""],[0.25,""66""],[0.26,""55.6""],[0.27,""60.2""],[0.28,""39.9""],[0.29,""69.6""],[0.3,""44.3""],[0.31,""64""],[0.32,""53.8""],[0.33,""98.6""],[0.34,""43.4""],[0.35,""96.78""],[0.36,""48""],[0.37,""57.9""],[0.38,""103.2""],[0.39,""63.37""],[0.4,""254.5""],[0.41,""457.4""],[0.42,""37.3""],[0.43,""556.2""],[0.44,""137.2""],[0.45,""171.34""],[0.46,""57.1""],[0.47,""72.18""],[0.48,""57""],[0.49,""62""],[0.5,""57""],[0.51,""87""],[0.52,""115""],[0.53,""140""],[0.54,""135.86""],[0.55,""50""],[0.56,""102""],[0.57,""50""],[0.58,""45""],[0.59,""156.46""],[0.6,""162.8""],[0.61,""64.8""],[0.62,""50.6""],[0.63,""101.57""]]"
2026-05-17T02:50:05.730Z,btc-updown-15m-1778985900,"Bitcoin Up or Down - May 16, 10:45PM-11:00PM ET",btc-updown-15m-1778985900,2026-05-17T03:00:00Z,,0.36,0.37,0.63,0.64,0.365,0.51,171.168212,,134.6,44.82,"[[0.01,""10070.02""],[0.02,""2544.1""],[0.03,""1209.07""],[0.04,""205.09""],[0.05,""223.2""],[0.06,""110.54""],[0.07,""125.51""],[0.08,""90.29""],[0.09,""87.72""],[0.1,""68.29""],[0.11,""84.7""],[0.12,""56.74""],[0.13,""74.2""],[0.14,""52.05""],[0.15,""95.17""],[0.16,""58.55""],[0.17,""82.19""],[0.18,""45.86""],[0.19,""79.77""],[0.2,""88.8""],[0.21,""497.1""],[0.22,""47.5""],[0.23,""76.89""],[0.24,""46.39""],[0.25,""96""],[0.26,""50.6""],[0.27,""270.2""],[0.28,""454.9""],[0.29,""85.6""],[0.3,""96.66""],[0.31,""60""],[0.32,""277.9""],[0.33,""331""],[0.34,""135""],[0.35,""237.94""],[0.36,""134.6""]]","[[0.01,""10125.27""],[0.02,""2515.1""],[0.03,""1221.71""],[0.04,""205.09""],[0.05,""218.21""],[0.06,""110.54""],[0.07,""110.68""],[0.08,""90.3""],[0.09,""87.72""],[0.1,""68.3""],[0.11,""84.7""],[0.12,""61.74""],[0.13,""79.2""],[0.14,""52.05""],[0.15,""75.17""],[0.16,""58.55""],[0.17,""67.19""],[0.18,""45.86""],[0.19,""64.77""],[0.2,""88.81""],[0.21,""69.1""],[0.22,""42.5""],[0.23,""61.89""],[0.24,""41.39""],[0.25,""66""],[0.26,""55.6""],[0.27,""60.2""],[0.28,""39.9""],[0.29,""69.6""],[0.3,""44.3""],[0.31,""64""],[0.32,""53.8""],[0.33,""98.6""],[0.34,""43.4""],[0.35,""96.78""],[0.36,""48""],[0.37,""57.9""],[0.38,""103.2""],[0.39,""63.37""],[0.4,""254.5""],[0.41,""457.4""],[0.42,""37.3""],[0.43,""556.2""],[0.44,""137.2""],[0.45,""171.34""],[0.46,""57.1""],[0.47,""72.18""],[0.48,""57""],[0.49,""62""],[0.5,""57""],[0.51,""87""],[0.52,""110""],[0.53,""140""],[0.54,""135.86""],[0.55,""50""],[0.56,""97""],[0.57,""50""],[0.58,""45""],[0.59,""156.46""],[0.6,""162.8""],[0.61,""64.8""],[0.62,""55.6""],[0.63,""44.82""]]"
2026-05-17T02:50:08.552Z,btc-updown-15m-1778985900,"Bitcoin Up or Down - May 16, 10:45PM-11:00PM ET",btc-updown-15m-1778985900,2026-05-17T03:00:00Z,,0.36,0.37,0.63,0.64,0.365,0.51,171.168212,,127.94,83.68,"[[0.01,""10075.02""],[0.02,""2544.1""],[0.03,""1209.07""],[0.04,""205.09""],[0.05,""223.2""],[0.06,""110.54""],[0.07,""125.51""],[0.08,""90.29""],[0.09,""87.72""],[0.1,""68.29""],[0.11,""84.7""],[0.12,""56.74""],[0.13,""74.2""],[0.14,""52.05""],[0.15,""95.17""],[0.16,""58.55""],[0.17,""82.19""],[0.18,""45.86""],[0.19,""79.77""],[0.2,""88.8""],[0.21,""497.1""],[0.22,""47.5""],[0.23,""76.89""],[0.24,""46.39""],[0.25,""96""],[0.26,""50.6""],[0.27,""75.2""],[0.28,""454.9""],[0.29,""85.6""],[0.3,""56.66""],[0.31,""112.5""],[0.32,""221""],[0.33,""381""],[0.34,""135""],[0.35,""237.94""],[0.36,""127.94""]]","[[0.01,""10125.27""],[0.02,""2515.1""],[0.03,""1221.71""],[0.04,""205.09""],[0.05,""218.21""],[0.06,""110.54""],[0.07,""110.68""],[0.08,""90.3""],[0.09,""87.72""],[0.1,""68.3""],[0.11,""84.7""],[0.12,""61.74""],[0.13,""79.2""],[0.14,""52.05""],[0.15,""75.17""],[0.16,""58.55""],[0.17,""67.19""],[0.18,""45.86""],[0.19,""64.77""],[0.2,""88.81""],[0.21,""69.1""],[0.22,""42.5""],[0.23,""69.89""],[0.24,""41.39""],[0.25,""66""],[0.26,""55.6""],[0.27,""60.2""],[0.28,""39.9""],[0.29,""69.6""],[0.3,""44.3""],[0.31,""64""],[0.32,""53.8""],[0.33,""98.6""],[0.34,""43.4""],[0.35,""96.78""],[0.36,""48""],[0.37,""57.9""],[0.38,""103.2""],[0.39,""69.37""],[0.4,""48.5""],[0.41,""457.4""],[0.42,""37.3""],[0.43,""556.2""],[0.44,""137.2""],[0.45,""171.34""],[0.46,""57.1""],[0.47,""72.18""],[0.48,""57""],[0.49,""62""],[0.5,""57""],[0.51,""87""],[0.52,""110""],[0.53,""140""],[0.54,""135.86""],[0.55,""50""],[0.56,""57""],[0.57,""90""],[0.58,""45""],[0.59,""156.46""],[0.6,""162.8""],[0.61,""64.8""],[0.62,""55.6""],[0.63,""83.68""]]"
2026-05-17T02:50:11.710Z,btc-updown-15m-1778985900,"Bitcoin Up or Down - May 16, 10:45PM-11:00PM ET",btc-updown-15m-1778985900,2026-05-17T03:00:00Z,,0.36,0.37,0.63,0.64,0.365,0.51,171.168212,,118.08,266.68,"[[0.01,""10075.02""],[0.02,""2544.1""],[0.03,""1209.07""],[0.04,""205.09""],[0.05,""223.2""],[0.06,""110.54""],[0.07,""125.51""],[0.08,""90.29""],[0.09,""87.72""],[0.1,""68.29""],[0.11,""84.7""],[0.12,""56.74""],[0.13,""74.2""],[0.14,""52.05""],[0.15,""95.17""],[0.16,""58.55""],[0.17,""82.19""],[0.18,""45.86""],[0.19,""79.77""],[0.2,""88.8""],[0.21,""497.1""],[0.22,""52.5""],[0.23,""86.89""],[0.24,""51.39""],[0.25,""101""],[0.26,""45.6""],[0.27,""155""],[0.28,""730""],[0.29,""206""],[0.3,""51.66""],[0.31,""247.5""],[0.32,""60""],[0.33,""61""],[0.34,""60.92""],[0.35,""162.05""],[0.36,""118.08""]]","[[0.01,""10125.27""],[0.02,""2515.1""],[0.03,""1221.71""],[0.04,""205.09""],[0.05,""218.21""],[0.06,""110.54""],[0.07,""110.68""],[0.08,""90.3""],[0.09,""87.72""],[0.1,""68.3""],[0.11,""84.7""],[0.12,""61.74""],[0.13,""79.2""],[0.14,""52.05""],[0.15,""75.17""],[0.16,""58.55""],[0.17,""67.19""],[0.18,""45.86""],[0.19,""64.77""],[0.2,""88.81""],[0.21,""69.1""],[0.22,""42.5""],[0.23,""61.89""],[0.24,""41.39""],[0.25,""66""],[0.26,""55.6""],[0.27,""60.2""],[0.28,""39.9""],[0.29,""69.6""],[0.3,""44.3""],[0.31,""64""],[0.32,""53.8""],[0.33,""98.6""],[0.34,""43.4""],[0.35,""96.78""],[0.36,""43""],[0.37,""62.9""],[0.38,""103.2""],[0.39,""69.37""],[0.4,""248.5""],[0.41,""457.4""],[0.42,""37.3""],[0.43,""356.2""],[0.44,""37.2""],[0.45,""71.34""],[0.46,""157.1""],[0.47,""72.18""],[0.48,""257""],[0.49,""162""],[0.5,""57""],[0.51,""87""],[0.52,""82""],[0.53,""147""],[0.54,""67.96""],[0.55,""50""],[0.56,""90""],[0.57,""90""],[0.58,""125""],[0.59,""56.46""],[0.6,""69.8""],[0.61,""72.8""],[0.62,""155.6""],[0.63,""266.68""]]"
2026-05-17T02:50:13.344Z,btc-updown-15m-1778985900,"Bitcoin Up or Down - May 16, 10:45PM-11:00PM ET",btc-updown-15m-1778985900,2026-05-17T03:00:00Z,,0.36,0.37,0.63,0.64,0.365,0.51,171.168212,,101.43,200.48,"[[0.01,""10075.02""],[0.02,""2544.1""],[0.03,""1209.07""],[0.04,""205.09""],[0.05,""223.2""],[0.06,""110.54""],[0.07,""125.51""],[0.08,""90.29""],[0.09,""87.72""],[0.1,""68.29""],[0.11,""84.7""],[0.12,""56.74""],[0.13,""74.2""],[0.14,""52.05""],[0.15,""95.17""],[0.16,""58.55""],[0.17,""82.19""],[0.18,""45.86""],[0.19,""79.77""],[0.2,""88.8""],[0.21,""497.1""],[0.22,""52.5""],[0.23,""86.89""],[0.24,""51.39""],[0.25,""101""],[0.26,""45.6""],[0.27,""170.2""],[0.28,""730""],[0.29,""166""],[0.3,""91.66""],[0.31,""207.5""],[0.32,""125""],[0.33,""61""],[0.34,""80""],[0.35,""180.6""],[0.36,""101.43""]]","[[0.01,""10120.27""],[0.02,""2515.1""],[0.03,""1221.71""],[0.04,""205.09""],[0.05,""218.21""],[0.06,""110.54""],[0.07,""110.68""],[0.08,""90.3""],[0.09,""87.72""],[0.1,""68.3""],[0.11,""84.7""],[0.12,""61.74""],[0.13,""79.2""],[0.14,""52.05""],[0.15,""75.17""],[0.16,""58.55""],[0.17,""67.19""],[0.18,""45.86""],[0.19,""64.77""],[0.2,""88.81""],[0.21,""69.1""],[0.22,""42.5""],[0.23,""61.89""],[0.24,""41.39""],[0.25,""66""],[0.26,""55.6""],[0.27,""60.2""],[0.28,""39.9""],[0.29,""69.6""],[0.3,""44.3""],[0.31,""64""],[0.32,""53.8""],[0.33,""98.6""],[0.34,""43.4""],[0.35,""96.78""],[0.36,""43""],[0.37,""62.9""],[0.38,""103.2""],[0.39,""69.37""],[0.4,""248.5""],[0.41,""457.4""],[0.42,""37.3""],[0.43,""356.2""],[0.44,""37.2""],[0.45,""71.34""],[0.46,""157.1""],[0.47,""72.18""],[0.48,""257""],[0.49,""157""],[0.5,""57""],[0.51,""87""],[0.52,""82""],[0.53,""147""],[0.54,""55.86""],[0.55,""90""],[0.56,""50""],[0.57,""135""],[0.58,""85""],[0.59,""56.46""],[0.6,""69.8""],[0.61,""72.8""],[0.62,""140.6""],[0.63,""200.48""]]"
2026-05-17T02:50:15.308Z,btc-updown-15m-1778985900,"Bitcoin Up or Down - May 16, 10:45PM-11:00PM ET",btc-updown-15m-1778985900,2026-05-17T03:00:00Z,,0.36,0.37,0.63,0.64,0.365,0.51,171.168212,,89.7,185.34,"[[0.01,""10070.02""],[0.02,""2544.1""],[0.03,""1209.07""],[0.04,""205.09""],[0.05,""223.2""],[0.06,""110.54""],[0.07,""125.51""],[0.08,""90.29""],[0.09,""87.72""],[0.1,""68.29""],[0.11,""84.7""],[0.12,""56.74""],[0.13,""74.2""],[0.14,""52.05""],[0.15,""95.17""],[0.16,""58.55""],[0.17,""82.19""],[0.18,""45.86""],[0.19,""79.77""],[0.2,""88.8""],[0.21,""497.1""],[0.22,""52.5""],[0.23,""86.89""],[0.24,""51.39""],[0.25,""101""],[0.26,""50.6""],[0.27,""175.2""],[0.28,""735""],[0.29,""171""],[0.3,""96.66""],[0.31,""212.5""],[0.32,""125""],[0.33,""61""],[0.34,""80""],[0.35,""180.6""],[0.36,""89.7""]]","[[0.01,""10120.27""],[0.02,""2515.1""],[0.03,""1221.71""],[0.04,""205.09""],[0.05,""218.21""],[0.06,""110.54""],[0.07,""110.68""],[0.08,""90.3""],[0.09,""87.72""],[0.1,""68.3""],[0.11,""84.7""],[0.12,""61.74""],[0.13,""79.2""],[0.14,""52.05""],[0.15,""75.17""],[0.16,""58.55""],[0.17,""67.19""],[0.18,""45.86""],[0.19,""64.77""],[0.2,""88.81""],[0.21,""69.1""],[0.22,""42.5""],[0.23,""61.89""],[0.24,""41.39""],[0.25,""66""],[0.26,""55.6""],[0.27,""60.2""],[0.28,""45.9""],[0.29,""69.6""],[0.3,""44.3""],[0.31,""64""],[0.32,""53.8""],[0.33,""98.6""],[0.34,""43.4""],[0.35,""96.78""],[0.36,""43""],[0.37,""62.9""],[0.38,""103.2""],[0.39,""69.37""],[0.4,""248.5""],[0.41,""457.4""],[0.42,""37.3""],[0.43,""356.2""],[0.44,""37.2""],[0.45,""71.34""],[0.46,""157.1""],[0.47,""72.18""],[0.48,""257""],[0.49,""162""],[0.5,""57""],[0.51,""87""],[0.52,""82""],[0.53,""147""],[0.54,""55.86""],[0.55,""90""],[0.56,""50""],[0.57,""130""],[0.58,""85""],[0.59,""56.46""],[0.6,""69.8""],[0.61,""72.8""],[0.62,""140.6""],[0.63,""185.34""]]"
2026-05-17T02:50:17.351Z,btc-updown-15m-1778985900,"Bitcoin Up or Down - May 16, 10:45PM-11:00PM ET",btc-updown-15m-1778985900,2026-05-17T03:00:00Z,,0.37,0.38,0.62,0.63,0.375,0.51,171.168212,,5.44,164.37,"[[0.01,""10075.02""],[0.02,""2544.1""],[0.03,""1209.07""],[0.04,""205.09""],[0.05,""223.2""],[0.06,""110.54""],[0.07,""125.51""],[0.08,""90.29""],[0.09,""87.72""],[0.1,""68.29""],[0.11,""84.7""],[0.12,""56.74""],[0.13,""74.2""],[0.14,""52.05""],[0.15,""95.17""],[0.16,""58.55""],[0.17,""82.19""],[0.18,""45.86""],[0.19,""79.77""],[0.2,""88.8""],[0.21,""497.1""],[0.22,""47.5""],[0.23,""86.89""],[0.24,""51.39""],[0.25,""106""],[0.26,""45.6""],[0.27,""80.2""],[0.28,""744.9""],[0.29,""166""],[0.3,""91.66""],[0.31,""67.5""],[0.32,""105""],[0.33,""56""],[0.34,""80""],[0.35,""179.85""],[0.36,""61.89""],[0.37,""5.44""]]","[[0.01,""10125.27""],[0.02,""2515.1""],[0.03,""1221.71""],[0.04,""205.09""],[0.05,""218.21""],[0.06,""110.54""],[0.07,""110.68""],[0.08,""90.3""],[0.09,""87.72""],[0.1,""68.3""],[0.11,""84.7""],[0.12,""66.74""],[0.13,""74.2""],[0.14,""52.05""],[0.15,""75.17""],[0.16,""58.55""],[0.17,""67.19""],[0.18,""45.86""],[0.19,""64.77""],[0.2,""88.81""],[0.21,""69.1""],[0.22,""42.5""],[0.23,""61.89""],[0.24,""41.39""],[0.25,""66""],[0.26,""55.6""],[0.27,""60.2""],[0.28,""39.9""],[0.29,""69.6""],[0.3,""44.3""],[0.31,""64""],[0.32,""53.8""],[0.33,""98.6""],[0.34,""43.4""],[0.35,""96.78""],[0.36,""43""],[0.37,""57.9""],[0.38,""103.2""],[0.39,""69.37""],[0.4,""248.5""],[0.41,""457.4""],[0.42,""61.23""],[0.43,""356.2""],[0.44,""37.2""],[0.45,""71.34""],[0.46,""57.1""],[0.47,""172.18""],[0.48,""57""],[0.49,""262""],[0.5,""157""],[0.51,""62""],[0.52,""57""],[0.53,""130""],[0.54,""45""],[0.55,""115""],[0.56,""75""],[0.57,""151.62""],[0.58,""85""],[0.59,""56.46""],[0.6,""69.8""],[0.61,""162.8""],[0.62,""164.37""]]"
2026-05-17T02:50:19.390Z,btc-updown-15m-1778985900,"Bitcoin Up or Down - May 16, 10:45PM-11:00PM ET",btc-updown-15m-1778985900,2026-05-17T03:00:00Z,,0.36,0.37,0.63,0.64,0.365,0.51,171.168212,,162.42,164.66,"[[0.01,""10075.02""],[0.02,""2544.1""],[0.03,""1209.07""],[0.04,""205.09""],[0.05,""223.2""],[0.06,""110.54""],[0.07,""125.51""],[0.08,""90.29""],[0.09,""87.72""],[0.1,""68.29""],[0.11,""84.7""],[0.12,""56.74""],[0.13,""74.2""],[0.14,""52.05""],[0.15,""95.17""],[0.16,""58.55""],[0.17,""82.19""],[0.18,""45.86""],[0.19,""79.77""],[0.2,""88.8""],[0.21,""497.1""],[0.22,""47.5""],[0.23,""86.89""],[0.24,""56.39""],[0.25,""101""],[0.26,""45.6""],[0.27,""80.2""],[0.28,""744.9""],[0.29,""306""],[0.3,""91.66""],[0.31,""155""],[0.32,""105""],[0.33,""56""],[0.34,""80""],[0.35,""185.59""],[0.36,""162.42""]]","[[0.01,""10125.27""],[0.02,""2515.1""],[0.03,""1221.71""],[0.04,""205.09""],[0.05,""218.21""],[0.06,""110.54""],[0.07,""110.68""],[0.08,""90.3""],[0.09,""87.72""],[0.1,""68.3""],[0.11,""84.7""],[0.12,""66.74""],[0.13,""74.2""],[0.14,""52.05""],[0.15,""75.17""],[0.16,""58.55""],[0.17,""67.19""],[0.18,""45.86""],[0.19,""64.77""],[0.2,""88.81""],[0.21,""69.1""],[0.22,""42.5""],[0.23,""61.89""],[0.24,""41.39""],[0.25,""66""],[0.26,""55.6""],[0.27,""60.2""],[0.28,""39.9""],[0.29,""69.6""],[0.3,""44.3""],[0.31,""64""],[0.32,""53.8""],[0.33,""98.6""],[0.34,""43.4""],[0.35,""96.78""],[0.36,""43""],[0.37,""57.9""],[0.38,""103.2""],[0.39,""69.37""],[0.4,""253.5""],[0.41,""457.4""],[0.42,""46.23""],[0.43,""356.2""],[0.44,""37.2""],[0.45,""71.34""],[0.46,""57.1""],[0.47,""172.18""],[0.48,""57""],[0.49,""262""],[0.5,""157""],[0.51,""62""],[0.52,""57""],[0.53,""125""],[0.54,""45""],[0.55,""115""],[0.56,""75""],[0.57,""116.62""],[0.58,""85""],[0.59,""56.46""],[0.6,""109.8""],[0.61,""62.8""],[0.62,""156.81""],[0.63,""164.66""]]"
2026-05-17T02:50:21.349Z,btc-updown-15m-1778985900,"Bitcoin Up or Down - May 16, 10:45PM-11:00PM ET",btc-updown-15m-1778985900,2026-05-17T03:00:00Z,,0.35,0.36,0.64,0.65,0.355,0.51,171.168212,,142.05,82.87,"[[0.01,""10070.02""],[0.02,""2544.1""],[0.03,""1209.07""],[0.04,""205.09""],[0.05,""223.2""],[0.06,""110.54""],[0.07,""125.51""],[0.08,""90.29""],[0.09,""87.72""],[0.1,""68.29""],[0.11,""84.7""],[0.12,""56.74""],[0.13,""74.2""],[0.14,""52.05""],[0.15,""95.17""],[0.16,""58.55""],[0.17,""82.19""],[0.18,""45.86""],[0.19,""79.77""],[0.2,""88.8""],[0.21,""197.1""],[0.22,""47.5""],[0.23,""86.89""],[0.24,""56.39""],[0.25,""101""],[0.26,""45.6""],[0.27,""50""],[0.28,""130""],[0.29,""255""],[0.3,""91.66""],[0.31,""155""],[0.32,""105""],[0.33,""56""],[0.34,""65.91""],[0.35,""142.05""]]","[[0.01,""10125.27""],[0.02,""2515.1""],[0.03,""1221.71""],[0.04,""205.09""],[0.05,""218.21""],[0.06,""110.54""],[0.07,""110.68""],[0.08,""90.3""],[0.09,""87.72""],[0.1,""68.3""],[0.11,""84.7""],[0.12,""61.74""],[0.13,""79.2""],[0.14,""52.05""],[0.15,""75.17""],[0.16,""58.55""],[0.17,""67.19""],[0.18,""45.86""],[0.19,""64.77""],[0.2,""88.81""],[0.21,""69.1""],[0.22,""42.5""],[0.23,""61.89""],[0.24,""41.39""],[0.25,""66""],[0.26,""40.6""],[0.27,""60.2""],[0.28,""39.9""],[0.29,""84.6""],[0.3,""44.3""],[0.31,""64""],[0.32,""53.8""],[0.33,""98.6""],[0.34,""43.4""],[0.35,""96.78""],[0.36,""43""],[0.37,""57.9""],[0.38,""103.2""],[0.39,""63.37""],[0.4,""48.5""],[0.41,""57.4""],[0.42,""46.23""],[0.43,""57.2""],[0.44,""37.2""],[0.45,""71.34""],[0.46,""57.1""],[0.47,""67.18""],[0.48,""52""],[0.49,""57""],[0.5,""52""],[0.51,""57""],[0.52,""52""],[0.53,""45""],[0.54,""40""],[0.55,""115""],[0.56,""75""],[0.57,""116.62""],[0.58,""85""],[0.59,""56.46""],[0.6,""109.8""],[0.61,""62.8""],[0.62,""158.05""],[0.63,""155.9""],[0.64,""82.87""]]"
2026-05-17T02:50:23.381Z,btc-updown-15m-1778985900,"Bitcoin Up or Down - May 16, 10:45PM-11:00PM ET",btc-updown-15m-1778985900,2026-05-17T03:00:00Z,,0.35,0.36,0.64,0.65,0.355,0.51,171.168212,,95.14,184.88,"[[0.01,""10065.02""],[0.02,""2544.1""],[0.03,""1209.07""],[0.04,""205.09""],[0.05,""223.2""],[0.06,""110.54""],[0.07,""125.51""],[0.08,""90.29""],[0.09,""87.72""],[0.1,""68.29""],[0.11,""84.7""],[0.12,""56.74""],[0.13,""74.2""],[0.14,""52.05""],[0.15,""95.17""],[0.16,""58.55""],[0.17,""82.19""],[0.18,""45.86""],[0.19,""379.77""],[0.2,""88.8""],[0.21,""197.1""],[0.22,""47.5""],[0.23,""91.89""],[0.24,""56.39""],[0.25,""301""],[0.26,""85.6""],[0.27,""50""],[0.28,""130""],[0.29,""155""],[0.3,""191.66""],[0.31,""161.48""],[0.32,""105""],[0.33,""62.09""],[0.34,""95""],[0.35,""95.14""]]","[[0.01,""10115.27""],[0.02,""2515.1""],[0.03,""1221.71""],[0.04,""205.09""],[0.05,""218.21""],[0.06,""110.54""],[0.07,""110.68""],[0.08,""90.3""],[0.09,""87.72""],[0.1,""68.3""],[0.11,""84.7""],[0.12,""61.74""],[0.13,""74.2""],[0.14,""57.05""],[0.15,""75.17""],[0.16,""58.55""],[0.17,""67.19""],[0.18,""45.86""],[0.19,""64.77""],[0.2,""88.81""],[0.21,""69.1""],[0.22,""42.5""],[0.23,""61.89""],[0.24,""41.39""],[0.25,""66""],[0.26,""40.6""],[0.27,""60.2""],[0.28,""45.9""],[0.29,""84.6""],[0.3,""44.3""],[0.31,""64""],[0.32,""53.8""],[0.33,""98.6""],[0.34,""43.4""],[0.35,""96.78""],[0.36,""43""],[0.37,""57.9""],[0.38,""103.2""],[0.39,""63.37""],[0.4,""48.5""],[0.41,""62.4""],[0.42,""46.23""],[0.43,""257.2""],[0.44,""37.2""],[0.45,""71.34""],[0.46,""356.1""],[0.47,""67.18""],[0.48,""52""],[0.49,""162""],[0.5,""57""],[0.51,""262""],[0.52,""152""],[0.53,""57""],[0.54,""97.1""],[0.55,""92.1""],[0.56,""160""],[0.57,""116.62""],[0.58,""45""],[0.59,""56.46""],[0.6,""109.8""],[0.61,""62.8""],[0.62,""173.05""],[0.63,""124.86""],[0.64,""184.88""]]"
2026-05-17T02:50:25.320Z,btc-updown-15m-1778985900,"Bitcoin Up or Down - May 16, 10:45PM-11:00PM ET",btc-updown-15m-1778985900,2026-05-17T03:00:00Z,,0.35,0.36,0.64,0.65,0.355,0.51,171.168212,,64.14,190.88,"[[0.01,""10075.02""],[0.02,""2544.1""],[0.03,""1209.07""],[0.04,""205.09""],[0.05,""223.2""],[0.06,""116.52""],[0.07,""120.39""],[0.08,""90.29""],[0.09,""87.72""],[0.1,""68.29""],[0.11,""84.7""],[0.12,""56.74""],[0.13,""74.2""],[0.14,""52.05""],[0.15,""95.17""],[0.16,""58.55""],[0.17,""82.19""],[0.18,""45.86""],[0.19,""379.77""],[0.2,""88.8""],[0.21,""197.1""],[0.22,""47.5""],[0.23,""86.89""],[0.24,""51.39""],[0.25,""296""],[0.26,""486.6""],[0.27,""45""],[0.28,""125""],[0.29,""150""],[0.3,""191.66""],[0.31,""156.48""],[0.32,""105""],[0.33,""56""],[0.34,""113.71""],[0.35,""64.14""]]","[[0.01,""10125.27""],[0.02,""2515.1""],[0.03,""1221.71""],[0.04,""205.09""],[0.05,""218.21""],[0.06,""110.54""],[0.07,""110.68""],[0.08,""90.3""],[0.09,""87.72""],[0.1,""68.3""],[0.11,""84.7""],[0.12,""61.74""],[0.13,""74.2""],[0.14,""57.05""],[0.15,""75.17""],[0.16,""58.55""],[0.17,""67.19""],[0.18,""45.86""],[0.19,""64.77""],[0.2,""88.81""],[0.21,""69.1""],[0.22,""42.5""],[0.23,""61.89""],[0.24,""41.39""],[0.25,""66""],[0.26,""40.6""],[0.27,""60.2""],[0.28,""39.9""],[0.29,""84.6""],[0.3,""44.3""],[0.31,""64""],[0.32,""53.8""],[0.33,""98.6""],[0.34,""43.4""],[0.35,""96.78""],[0.36,""43""],[0.37,""57.9""],[0.38,""103.2""],[0.39,""63.37""],[0.4,""48.5""],[0.41,""57.4""],[0.42,""43.3""],[0.43,""257.2""],[0.44,""437.2""],[0.45,""71.34""],[0.46,""356.1""],[0.47,""67.18""],[0.48,""52""],[0.49,""157""],[0.5,""57""],[0.51,""262""],[0.52,""157""],[0.53,""57""],[0.54,""97.1""],[0.55,""50""],[0.56,""195""],[0.57,""100""],[0.58,""40""],[0.59,""51.46""],[0.6,""104.8""],[0.61,""82.8""],[0.62,""168.05""],[0.63,""119.86""],[0.64,""190.88""]]"
2026-05-17T02:50:27.326Z,btc-updown-15m-1778985900,"Bitcoin Up or Down - May 16, 10:45PM-11:00PM ET",btc-updown-15m-1778985900,2026-05-17T03:00:00Z,,0.36,0.37,0.63,0.64,0.365,0.51,171.168212,,12.41,152.09,"[[0.01,""10075.02""],[0.02,""2544.1""],[0.03,""1209.07""],[0.04,""205.09""],[0.05,""223.2""],[0.06,""116.52""],[0.07,""120.39""],[0.08,""90.29""],[0.09,""87.72""],[0.1,""68.29""],[0.11,""84.7""],[0.12,""56.74""],[0.13,""74.2""],[0.14,""52.05""],[0.15,""95.17""],[0.16,""58.55""],[0.17,""82.19""],[0.18,""45.86""],[0.19,""379.77""],[0.2,""88.8""],[0.21,""197.1""],[0.22,""47.5""],[0.23,""86.89""],[0.24,""46.39""],[0.25,""296""],[0.26,""511.6""],[0.27,""70""],[0.28,""150""],[0.29,""250""],[0.3,""91.66""],[0.31,""150""],[0.32,""105""],[0.33,""56""],[0.34,""107.8""],[0.35,""146.08""],[0.36,""12.41""]]","[[0.01,""10125.27""],[0.02,""2515.1""],[0.03,""1221.71""],[0.04,""205.09""],[0.05,""218.21""],[0.06,""110.54""],[0.07,""110.68""],[0.08,""90.3""],[0.09,""87.72""],[0.1,""68.3""],[0.11,""84.7""],[0.12,""61.74""],[0.13,""79.2""],[0.14,""52.05""],[0.15,""75.17""],[0.16,""58.55""],[0.17,""67.19""],[0.18,""45.86""],[0.19,""64.77""],[0.2,""88.81""],[0.21,""69.1""],[0.22,""42.5""],[0.23,""61.89""],[0.24,""41.39""],[0.25,""66""],[0.26,""40.6""],[0.27,""60.2""],[0.28,""39.9""],[0.29,""84.6""],[0.3,""44.3""],[0.31,""64""],[0.32,""53.8""],[0.33,""98.6""],[0.34,""43.4""],[0.35,""96.78""],[0.36,""43""],[0.37,""57.9""],[0.38,""103.2""],[0.39,""63.37""],[0.4,""48.5""],[0.41,""57.4""],[0.42,""52.23""],[0.43,""262.2""],[0.44,""437.2""],[0.45,""71.34""],[0.46,""356.1""],[0.47,""67.18""],[0.48,""52""],[0.49,""157""],[0.5,""57""],[0.51,""262""],[0.52,""157""],[0.53,""57""],[0.54,""97.1""],[0.55,""50""],[0.56,""170""],[0.57,""90""],[0.58,""40""],[0.59,""51.46""],[0.6,""64.8""],[0.61,""82.8""],[0.62,""193.05""],[0.63,""152.09""]]"
2026-05-17T02:50:30.204Z,btc-updown-15m-1778985900,"Bitcoin Up or Down - May 16, 10:45PM-11:00PM ET",btc-updown-15m-1778985900,2026-05-17T03:00:00Z,,0.35,0.36,0.64,0.65,0.355,0.51,171.168212,,161.8,5.0,"[[0.01,""10075.02""],[0.02,""2544.1""],[0.03,""1209.07""],[0.04,""205.09""],[0.05,""223.2""],[0.06,""116.52""],[0.07,""120.39""],[0.08,""90.29""],[0.09,""87.72""],[0.1,""68.29""],[0.11,""84.7""],[0.12,""56.74""],[0.13,""74.2""],[0.14,""52.05""],[0.15,""95.17""],[0.16,""58.55""],[0.17,""82.19""],[0.18,""45.86""],[0.19,""379.77""],[0.2,""88.8""],[0.21,""197.1""],[0.22,""52.5""],[0.23,""86.89""],[0.24,""46.39""],[0.25,""296""],[0.26,""511.6""],[0.27,""70""],[0.28,""150""],[0.29,""250""],[0.3,""91.66""],[0.31,""150""],[0.32,""106.26""],[0.33,""56""],[0.34,""112.8""],[0.35,""161.8""]]","[[0.01,""10130.27""],[0.02,""2515.1""],[0.03,""1221.71""],[0.04,""205.09""],[0.05,""218.21""],[0.06,""110.54""],[0.07,""110.68""],[0.08,""90.3""],[0.09,""87.72""],[0.1,""68.3""],[0.11,""84.7""],[0.12,""61.74""],[0.13,""74.2""],[0.14,""57.05""],[0.15,""75.17""],[0.16,""58.55""],[0.17,""67.19""],[0.18,""45.86""],[0.19,""64.77""],[0.2,""88.81""],[0.21,""69.1""],[0.22,""42.5""],[0.23,""61.89""],[0.24,""41.39""],[0.25,""66""],[0.26,""40.6""],[0.27,""60.2""],[0.28,""39.9""],[0.29,""84.6""],[0.3,""44.3""],[0.31,""64""],[0.32,""53.8""],[0.33,""98.6""],[0.34,""43.4""],[0.35,""96.78""],[0.36,""43""],[0.37,""57.9""],[0.38,""103.2""],[0.39,""63.37""],[0.4,""48.5""],[0.41,""57.4""],[0.42,""52.23""],[0.43,""262.2""],[0.44,""437.2""],[0.45,""71.34""],[0.46,""356.1""],[0.47,""67.18""],[0.48,""52""],[0.49,""157""],[0.5,""57""],[0.51,""262""],[0.52,""57""],[0.53,""157""],[0.54,""57.1""],[0.55,""90""],[0.56,""130""],[0.57,""130""],[0.58,""65""],[0.59,""76.46""],[0.6,""112.3""],[0.61,""82.8""],[0.62,""208.05""],[0.63,""189.29""],[0.64,""5""]]"
2026-05-17T02:50:33.492Z,btc-updown-15m-1778985900,"Bitcoin Up or Down - May 16, 10:45PM-11:00PM ET",btc-updown-15m-1778985900,2026-05-17T03:00:00Z,,0.36,0.37,0.63,0.64,0.365,0.51,171.168212,,57.95,176.01,"[[0.01,""10075.02""],[0.02,""2544.1""],[0.03,""1209.07""],[0.04,""205.09""],[0.05,""218.2""],[0.06,""116.52""],[0.07,""120.39""],[0.08,""90.29""],[0.09,""87.72""],[0.1,""68.29""],[0.11,""84.7""],[0.12,""56.74""],[0.13,""74.2""],[0.14,""52.05""],[0.15,""95.17""],[0.16,""58.55""],[0.17,""82.19""],[0.18,""45.86""],[0.19,""379.77""],[0.2,""88.8""],[0.21,""197.1""],[0.22,""52.5""],[0.23,""96.89""],[0.24,""51.39""],[0.25,""301""],[0.26,""493.4""],[0.27,""110.2""],[0.28,""160""],[0.29,""280""],[0.3,""91.66""],[0.31,""160""],[0.32,""105""],[0.33,""67.07""],[0.34,""97.8""],[0.35,""77.49""],[0.36,""57.95""]]","[[0.01,""10125.27""],[0.02,""2515.1""],[0.03,""1221.71""],[0.04,""205.09""],[0.05,""218.21""],[0.06,""110.54""],[0.07,""110.68""],[0.08,""90.3""],[0.09,""87.72""],[0.1,""68.3""],[0.11,""84.7""],[0.12,""61.74""],[0.13,""79.2""],[0.14,""52.05""],[0.15,""75.17""],[0.16,""58.55""],[0.17,""67.19""],[0.18,""45.86""],[0.19,""64.77""],[0.2,""88.81""],[0.21,""69.1""],[0.22,""42.5""],[0.23,""61.89""],[0.24,""41.39""],[0.25,""66""],[0.26,""40.6""],[0.27,""60.2""],[0.28,""39.9""],[0.29,""84.6""],[0.3,""44.3""],[0.31,""64""],[0.32,""53.8""],[0.33,""98.6""],[0.34,""43.4""],[0.35,""96.78""],[0.36,""43""],[0.37,""57.9""],[0.38,""103.2""],[0.39,""63.37""],[0.4,""48.5""],[0.41,""57.4""],[0.42,""52.23""],[0.43,""257.2""],[0.44,""437.2""],[0.45,""71.34""],[0.46,""356.1""],[0.47,""67.18""],[0.48,""52""],[0.49,""157""],[0.5,""57""],[0.51,""262""],[0.52,""57""],[0.53,""157""],[0.54,""142.1""],[0.55,""95""],[0.56,""60""],[0.57,""130""],[0.58,""70""],[0.59,""81.46""],[0.6,""117.3""],[0.61,""87.8""],[0.62,""213.05""],[0.63,""176.01""]]"
2026-05-17T02:50:35.038Z,btc-updown-15m-1778985900,"Bitcoin Up or Down - May 16, 10:45PM-11:00PM ET",btc-updown-15m-1778985900,2026-05-17T03:00:00Z,,0.36,0.37,0.63,0.64,0.365,0.51,171.168212,,30.39,176.01,"[[0.01,""10075.02""],[0.02,""2544.1""],[0.03,""1209.07""],[0.04,""205.09""],[0.05,""223.2""],[0.06,""116.52""],[0.07,""120.39""],[0.08,""90.29""],[0.09,""87.72""],[0.1,""68.29""],[0.11,""84.7""],[0.12,""56.74""],[0.13,""74.2""],[0.14,""52.05""],[0.15,""95.17""],[0.16,""58.55""],[0.17,""82.19""],[0.18,""45.86""],[0.19,""379.77""],[0.2,""88.8""],[0.21,""202.1""],[0.22,""52.5""],[0.23,""91.89""],[0.24,""46.39""],[0.25,""301""],[0.26,""500.4""],[0.27,""110.2""],[0.28,""160""],[0.29,""280""],[0.3,""91.66""],[0.31,""160""],[0.32,""105""],[0.33,""67.07""],[0.34,""97.8""],[0.35,""77.49""],[0.36,""30.39""]]","[[0.01,""10125.27""],[0.02,""2515.1""],[0.03,""1221.71""],[0.04,""205.09""],[0.05,""218.21""],[0.06,""110.54""],[0.07,""110.68""],[0.08,""90.3""],[0.09,""87.72""],[0.1,""68.3""],[0.11,""84.7""],[0.12,""61.74""],[0.13,""79.2""],[0.14,""52.05""],[0.15,""75.17""],[0.16,""58.55""],[0.17,""67.19""],[0.18,""45.86""],[0.19,""64.77""],[0.2,""88.81""],[0.21,""69.1""],[0.22,""42.5""],[0.23,""61.89""],[0.24,""41.39""],[0.25,""66""],[0.26,""40.6""],[0.27,""60.2""],[0.28,""39.9""],[0.29,""84.6""],[0.3,""44.3""],[0.31,""64""],[0.32,""53.8""],[0.33,""98.6""],[0.34,""43.4""],[0.35,""96.78""],[0.36,""43""],[0.37,""57.9""],[0.38,""103.2""],[0.39,""63.37""],[0.4,""48.5""],[0.41,""57.4""],[0.42,""52.23""],[0.43,""262.2""],[0.44,""437.2""],[0.45,""71.34""],[0.46,""356.1""],[0.47,""67.18""],[0.48,""52""],[0.49,""157""],[0.5,""57""],[0.51,""262""],[0.52,""57""],[0.53,""157""],[0.54,""137.1""],[0.55,""95""],[0.56,""60""],[0.57,""130""],[0.58,""70""],[0.59,""81.46""],[0.6,""117.3""],[0.61,""87.8""],[0.62,""213.05""],[0.63,""176.01""]]"
2026-05-17T02:50:37.996Z,btc-updown-15m-1778985900,"Bitcoin Up or Down - May 16, 10:45PM-11:00PM ET",btc-updown-15m-1778985900,2026-05-17T03:00:00Z,,0.36,0.37,0.63,0.64,0.365,0.51,171.168212,,35.07,185.03,"[[0.01,""10075.02""],[0.02,""2544.1""],[0.03,""1209.07""],[0.04,""205.09""],[0.05,""223.2""],[0.06,""116.52""],[0.07,""120.39""],[0.08,""90.29""],[0.09,""87.72""],[0.1,""68.29""],[0.11,""84.7""],[0.12,""56.74""],[0.13,""74.2""],[0.14,""52.05""],[0.15,""95.17""],[0.16,""58.55""],[0.17,""82.19""],[0.18,""45.86""],[0.19,""79.77""],[0.2,""88.8""],[0.21,""202.1""],[0.22,""57.5""],[0.23,""86.89""],[0.24,""46.39""],[0.25,""341""],[0.26,""93.4""],[0.27,""70.2""],[0.28,""160""],[0.29,""320""],[0.3,""56.66""],[0.31,""195""],[0.32,""65""],[0.33,""67.07""],[0.34,""97.8""],[0.35,""78.21""],[0.36,""35.07""]]","[[0.01,""10130.27""],[0.02,""2515.1""],[0.03,""1221.71""],[0.04,""205.09""],[0.05,""218.21""],[0.06,""110.54""],[0.07,""110.68""],[0.08,""90.3""],[0.09,""87.72""],[0.1,""68.3""],[0.11,""84.7""],[0.12,""61.74""],[0.13,""79.2""],[0.14,""52.05""],[0.15,""75.17""],[0.16,""58.55""],[0.17,""67.19""],[0.18,""45.86""],[0.19,""64.77""],[0.2,""88.81""],[0.21,""69.1""],[0.22,""42.5""],[0.23,""61.89""],[0.24,""41.39""],[0.25,""66""],[0.26,""40.6""],[0.27,""60.2""],[0.28,""39.9""],[0.29,""84.6""],[0.3,""44.3""],[0.31,""64""],[0.32,""53.8""],[0.33,""98.6""],[0.34,""43.4""],[0.35,""96.78""],[0.36,""43""],[0.37,""57.9""],[0.38,""103.2""],[0.39,""63.37""],[0.4,""48.5""],[0.41,""63.4""],[0.42,""246.23""],[0.43,""62.2""],[0.44,""37.2""],[0.45,""71.34""],[0.46,""57.1""],[0.47,""67.18""],[0.48,""52""],[0.49,""157""],[0.5,""57""],[0.51,""162""],[0.52,""157""],[0.53,""157""],[0.54,""45""],[0.55,""175""],[0.56,""55""],[0.57,""140""],[0.58,""70""],[0.59,""81.46""],[0.6,""117.3""],[0.61,""87.8""],[0.62,""213.05""],[0.63,""185.03""]]"
2026-05-17T02:50:41.930Z,btc-updown-15m-1778985900,"Bitcoin Up or Down - May 16, 10:45PM-11:00PM ET",btc-updown-15m-1778985900,2026-05-17T03:00:00Z,,0.36,0.37,0.63,0.64,0.365,0.51,171.168212,,9.92,190.37,"[[0.01,""10075.02""],[0.02,""2544.1""],[0.03,""1209.07""],[0.04,""205.09""],[0.05,""223.2""],[0.06,""116.52""],[0.07,""120.39""],[0.08,""90.29""],[0.09,""87.72""],[0.1,""68.29""],[0.11,""84.7""],[0.12,""56.74""],[0.13,""74.2""],[0.14,""52.05""],[0.15,""95.17""],[0.16,""58.55""],[0.17,""82.19""],[0.18,""345.86""],[0.19,""79.77""],[0.2,""88.8""],[0.21,""202.1""],[0.22,""52.5""],[0.23,""86.89""],[0.24,""86.39""],[0.25,""301""],[0.26,""493.4""],[0.27,""55""],[0.28,""160""],[0.29,""320""],[0.3,""56.66""],[0.31,""195""],[0.32,""65""],[0.33,""61""],[0.34,""97.8""],[0.35,""43.21""],[0.36,""9.92""]]","[[0.01,""10125.27""],[0.02,""2515.1""],[0.03,""1221.71""],[0.04,""205.09""],[0.05,""218.21""],[0.06,""110.54""],[0.07,""110.68""],[0.08,""90.3""],[0.09,""87.72""],[0.1,""68.3""],[0.11,""84.7""],[0.12,""61.74""],[0.13,""79.2""],[0.14,""52.05""],[0.15,""75.17""],[0.16,""58.55""],[0.17,""67.19""],[0.18,""45.86""],[0.19,""64.77""],[0.2,""88.81""],[0.21,""69.1""],[0.22,""42.5""],[0.23,""61.89""],[0.24,""41.39""],[0.25,""66""],[0.26,""40.6""],[0.27,""66.2""],[0.28,""39.9""],[0.29,""84.6""],[0.3,""44.3""],[0.31,""64""],[0.32,""53.8""],[0.33,""98.6""],[0.34,""43.4""],[0.35,""96.78""],[0.36,""43""],[0.37,""57.9""],[0.38,""103.2""],[0.39,""63.37""],[0.4,""48.5""],[0.41,""63.4""],[0.42,""246.23""],[0.43,""457.2""],[0.44,""42.2""],[0.45,""370.34""],[0.46,""57.1""],[0.47,""67.18""],[0.48,""52""],[0.49,""157""],[0.5,""57""],[0.51,""62""],[0.52,""257""],[0.53,""157""],[0.54,""57.1""],[0.55,""95""],[0.56,""135""],[0.57,""140""],[0.58,""70""],[0.59,""81.46""],[0.6,""117.3""],[0.61,""87.8""],[0.62,""213.05""],[0.63,""190.37""]]"
2026-05-17T02:50:43.575Z,btc-updown-15m-1778985900,"Bitcoin Up or Down - May 16, 10:45PM-11:00PM ET",btc-updown-15m-1778985900,2026-05-17T03:00:00Z,,0.36,0.37,0.63,0.64,0.365,0.51,171.168212,,15.0,207.96,"[[0.01,""10075.02""],[0.02,""2544.1""],[0.03,""1209.07""],[0.04,""205.09""],[0.05,""223.2""],[0.06,""116.52""],[0.07,""120.39""],[0.08,""90.29""],[0.09,""87.72""],[0.1,""68.29""],[0.11,""84.7""],[0.12,""56.74""],[0.13,""74.2""],[0.14,""52.05""],[0.15,""95.17""],[0.16,""58.55""],[0.17,""82.19""],[0.18,""345.86""],[0.19,""79.77""],[0.2,""88.8""],[0.21,""207.1""],[0.22,""52.5""],[0.23,""94.89""],[0.24,""86.39""],[0.25,""301""],[0.26,""493.4""],[0.27,""55""],[0.28,""160""],[0.29,""320""],[0.3,""56.66""],[0.31,""195""],[0.32,""71.26""],[0.33,""61""],[0.34,""72.8""],[0.35,""30.41""],[0.36,""15""]]","[[0.01,""10125.27""],[0.02,""2515.1""],[0.03,""1221.71""],[0.04,""205.09""],[0.05,""218.21""],[0.06,""110.54""],[0.07,""110.68""],[0.08,""90.3""],[0.09,""87.72""],[0.1,""68.3""],[0.11,""84.7""],[0.12,""61.74""],[0.13,""79.2""],[0.14,""52.05""],[0.15,""75.17""],[0.16,""58.55""],[0.17,""67.19""],[0.18,""45.86""],[0.19,""64.77""],[0.2,""88.81""],[0.21,""69.1""],[0.22,""42.5""],[0.23,""61.89""],[0.24,""41.39""],[0.25,""66""],[0.26,""40.6""],[0.27,""60.2""],[0.28,""39.9""],[0.29,""84.6""],[0.3,""44.3""],[0.31,""64""],[0.32,""53.8""],[0.33,""98.6""],[0.34,""43.4""],[0.35,""96.78""],[0.36,""43""],[0.37,""57.9""],[0.38,""103.2""],[0.39,""63.37""],[0.4,""48.5""],[0.41,""63.4""],[0.42,""246.23""],[0.43,""457.2""],[0.44,""42.2""],[0.45,""370.34""],[0.46,""57.1""],[0.47,""67.18""],[0.48,""52""],[0.49,""157""],[0.5,""57""],[0.51,""62""],[0.52,""257""],[0.53,""157""],[0.54,""57.1""],[0.55,""95""],[0.56,""135""],[0.57,""140""],[0.58,""70""],[0.59,""81.46""],[0.6,""117.3""],[0.61,""87.8""],[0.62,""213.05""],[0.63,""207.96""]]"
2026-05-17T02:50:45.824Z,btc-updown-15m-1778985900,"Bitcoin Up or Down - May 16, 10:45PM-11:00PM ET",btc-updown-15m-1778985900,2026-05-17T03:00:00Z,,0.35,0.36,0.64,0.65,0.355,0.51,171.168212,,47.38,93.68,"[[0.01,""10075.02""],[0.02,""2544.1""],[0.03,""1209.07""],[0.04,""205.09""],[0.05,""223.2""],[0.06,""116.52""],[0.07,""120.39""],[0.08,""90.29""],[0.09,""87.72""],[0.1,""68.29""],[0.11,""84.7""],[0.12,""56.74""],[0.13,""74.2""],[0.14,""52.05""],[0.15,""95.17""],[0.16,""58.55""],[0.17,""82.19""],[0.18,""351.42""],[0.19,""79.77""],[0.2,""88.8""],[0.21,""197.1""],[0.22,""47.5""],[0.23,""76.89""],[0.24,""99.39""],[0.25,""301""],[0.26,""576.6""],[0.27,""50""],[0.28,""155""],[0.29,""220""],[0.3,""56.66""],[0.31,""95""],[0.32,""71.26""],[0.33,""61""],[0.34,""73.69""],[0.35,""47.38""]]","[[0.01,""10125.27""],[0.02,""2565.1""],[0.03,""1221.71""],[0.04,""205.09""],[0.05,""218.21""],[0.06,""110.54""],[0.07,""110.68""],[0.08,""90.3""],[0.09,""87.72""],[0.1,""68.3""],[0.11,""84.7""],[0.12,""61.74""],[0.13,""79.2""],[0.14,""52.05""],[0.15,""75.17""],[0.16,""58.55""],[0.17,""67.19""],[0.18,""45.86""],[0.19,""64.77""],[0.2,""88.81""],[0.21,""69.1""],[0.22,""42.5""],[0.23,""61.89""],[0.24,""41.39""],[0.25,""66""],[0.26,""40.6""],[0.27,""60.2""],[0.28,""39.9""],[0.29,""84.6""],[0.3,""44.3""],[0.31,""64""],[0.32,""53.8""],[0.33,""98.6""],[0.34,""43.4""],[0.35,""96.78""],[0.36,""43""],[0.37,""57.9""],[0.38,""103.2""],[0.39,""63.37""],[0.4,""48.5""],[0.41,""63.4""],[0.42,""246.23""],[0.43,""457.2""],[0.44,""37.2""],[0.45,""370.34""],[0.46,""57.1""],[0.47,""67.18""],[0.48,""52""],[0.49,""57""],[0.5,""157""],[0.51,""62""],[0.52,""257""],[0.53,""157""],[0.54,""52.1""],[0.55,""95""],[0.56,""135""],[0.57,""135""],[0.58,""45""],[0.59,""56.46""],[0.6,""94.8""],[0.61,""152.8""],[0.62,""198.05""],[0.63,""210.71""],[0.64,""93.68""]]"
2026-05-17T02:50:47.617Z,btc-updown-15m-1778985900,"Bitcoin Up or Down - May 16, 10:45PM-11:00PM ET",btc-updown-15m-1778985900,2026-05-17T03:00:00Z,,0.35,0.36,0.64,0.65,0.355,0.51,171.168212,,10.0,86.9,"[[0.01,""10065.02""],[0.02,""2544.1""],[0.03,""1209.07""],[0.04,""205.09""],[0.05,""223.2""],[0.06,""116.52""],[0.07,""120.39""],[0.08,""90.29""],[0.09,""87.72""],[0.1,""68.29""],[0.11,""84.7""],[0.12,""56.74""],[0.13,""74.2""],[0.14,""52.05""],[0.15,""95.17""],[0.16,""58.55""],[0.17,""82.19""],[0.18,""345.86""],[0.19,""79.77""],[0.2,""88.8""],[0.21,""202.1""],[0.22,""47.5""],[0.23,""76.89""],[0.24,""51.39""],[0.25,""286""],[0.26,""561""],[0.27,""50""],[0.28,""230""],[0.29,""55""],[0.3,""56.66""],[0.31,""55""],[0.32,""45""],[0.33,""37.07""],[0.34,""5""],[0.35,""10""]]","[[0.01,""10120.27""],[0.02,""2565.1""],[0.03,""1221.71""],[0.04,""205.09""],[0.05,""218.21""],[0.06,""110.54""],[0.07,""110.68""],[0.08,""90.3""],[0.09,""87.72""],[0.1,""68.3""],[0.11,""84.7""],[0.12,""61.74""],[0.13,""74.2""],[0.14,""57.05""],[0.15,""75.17""],[0.16,""58.55""],[0.17,""67.19""],[0.18,""45.86""],[0.19,""64.77""],[0.2,""88.81""],[0.21,""69.1""],[0.22,""42.5""],[0.23,""61.89""],[0.24,""41.39""],[0.25,""66""],[0.26,""40.6""],[0.27,""60.2""],[0.28,""39.9""],[0.29,""84.6""],[0.3,""44.3""],[0.31,""64""],[0.32,""53.8""],[0.33,""98.6""],[0.34,""43.4""],[0.35,""96.78""],[0.36,""43""],[0.37,""57.9""],[0.38,""103.2""],[0.39,""63.37""],[0.4,""48.5""],[0.41,""63.4""],[0.42,""246.23""],[0.43,""457.2""],[0.44,""37.2""],[0.45,""370.34""],[0.46,""57.1""],[0.47,""67.18""],[0.48,""52""],[0.49,""57""],[0.5,""157""],[0.51,""62""],[0.52,""257""],[0.53,""157""],[0.54,""52.1""],[0.55,""55""],[0.56,""55""],[0.57,""55""],[0.58,""45""],[0.59,""56.46""],[0.6,""62.8""],[0.61,""159.8""],[0.62,""123.05""],[0.63,""230.71""],[0.64,""86.9""]]"
2026-05-17T02:50:49.597Z,btc-updown-15m-1778985900,"Bitcoin Up or Down - May 16, 10:45PM-11:00PM ET",btc-updown-15m-1778985900,2026-05-17T03:00:00Z,,0.35,0.36,0.64,0.65,0.355,0.51,171.168212,,0.53,203.6,"[[0.01,""10065.02""],[0.02,""2544.1""],[0.03,""1209.07""],[0.04,""205.09""],[0.05,""223.2""],[0.06,""116.52""],[0.07,""120.39""],[0.08,""90.29""],[0.09,""87.72""],[0.1,""68.29""],[0.11,""84.7""],[0.12,""56.74""],[0.13,""74.2""],[0.14,""52.05""],[0.15,""95.17""],[0.16,""58.55""],[0.17,""82.19""],[0.18,""345.86""],[0.19,""79.77""],[0.2,""88.8""],[0.21,""247.1""],[0.22,""47.5""],[0.23,""81.89""],[0.24,""51.39""],[0.25,""286""],[0.26,""591""],[0.27,""167.09""],[0.28,""270""],[0.29,""50""],[0.3,""96.66""],[0.31,""55""],[0.32,""121.26""],[0.33,""49.87""],[0.34,""35.14""],[0.35,""0.53""]]","[[0.01,""10125.27""],[0.02,""2565.1""],[0.03,""1221.71""],[0.04,""205.09""],[0.05,""218.21""],[0.06,""110.54""],[0.07,""110.68""],[0.08,""90.3""],[0.09,""87.72""],[0.1,""68.3""],[0.11,""84.7""],[0.12,""61.74""],[0.13,""74.2""],[0.14,""57.05""],[0.15,""75.17""],[0.16,""58.55""],[0.17,""67.19""],[0.18,""45.86""],[0.19,""64.77""],[0.2,""88.81""],[0.21,""69.1""],[0.22,""42.5""],[0.23,""61.89""],[0.24,""41.39""],[0.25,""66""],[0.26,""40.6""],[0.27,""60.2""],[0.28,""39.9""],[0.29,""84.6""],[0.3,""44.3""],[0.31,""64""],[0.32,""53.8""],[0.33,""98.6""],[0.34,""43.4""],[0.35,""96.78""],[0.36,""43""],[0.37,""57.9""],[0.38,""103.2""],[0.39,""63.37""],[0.4,""48.5""],[0.41,""63.4""],[0.42,""246.23""],[0.43,""457.2""],[0.44,""37.2""],[0.45,""370.34""],[0.46,""57.1""],[0.47,""67.18""],[0.48,""52""],[0.49,""57""],[0.5,""157""],[0.51,""62""],[0.52,""257""],[0.53,""157""],[0.54,""52.1""],[0.55,""67.1""],[0.56,""107.2""],[0.57,""55""],[0.58,""205""],[0.59,""56.46""],[0.6,""62.8""],[0.61,""159.8""],[0.62,""118.05""],[0.63,""230.71""],[0.64,""203.6""]]"
2026-05-17T02:50:54.153Z,btc-updown-15m-1778985900,"Bitcoin Up or Down - May 16, 10:45PM-11:00PM ET",btc-updown-15m-1778985900,2026-05-17T03:00:00Z,,0.31,0.32,0.68,0.69,0.315,0.51,171.168212,,213.9,187.23,"[[0.01,""10075.02""],[0.02,""2544.1""],[0.03,""1209.07""],[0.04,""205.09""],[0.05,""223.2""],[0.06,""116.52""],[0.07,""115.39""],[0.08,""90.29""],[0.09,""87.72""],[0.1,""73.29""],[0.11,""99.7""],[0.12,""56.74""],[0.13,""89.2""],[0.14,""52.05""],[0.15,""90.17""],[0.16,""58.55""],[0.17,""122.19""],[0.18,""56.42""],[0.19,""79.77""],[0.2,""88.8""],[0.21,""214.1""],[0.22,""72.5""],[0.23,""96.89""],[0.24,""235""],[0.25,""610""],[0.26,""61""],[0.27,""207.09""],[0.28,""37.14""],[0.29,""75""],[0.3,""78.32""],[0.31,""213.9""]]","[[0.01,""10130.27""],[0.02,""2515.1""],[0.03,""1221.71""],[0.04,""205.09""],[0.05,""218.21""],[0.06,""110.54""],[0.07,""110.68""],[0.08,""90.3""],[0.09,""87.72""],[0.1,""68.3""],[0.11,""84.7""],[0.12,""56.74""],[0.13,""74.2""],[0.14,""52.05""],[0.15,""75.17""],[0.16,""58.55""],[0.17,""72.19""],[0.18,""45.86""],[0.19,""64.77""],[0.2,""88.81""],[0.21,""69.1""],[0.22,""42.5""],[0.23,""66.89""],[0.24,""41.39""],[0.25,""66""],[0.26,""40.6""],[0.27,""67.2""],[0.28,""39.9""],[0.29,""84.6""],[0.3,""44.3""],[0.31,""64""],[0.32,""53.8""],[0.33,""98.6""],[0.34,""43.4""],[0.35,""96.78""],[0.36,""43""],[0.37,""57.9""],[0.38,""103.2""],[0.39,""63.37""],[0.4,""43.5""],[0.41,""63.4""],[0.42,""37.3""],[0.43,""57.2""],[0.44,""437.2""],[0.45,""61.34""],[0.46,""60.25""],[0.47,""52.18""],[0.48,""57""],[0.49,""57""],[0.5,""162""],[0.51,""62""],[0.52,""57""],[0.53,""257""],[0.54,""52.1""],[0.55,""62.1""],[0.56,""57.2""],[0.57,""62.2""],[0.58,""52.3""],[0.59,""101.06""],[0.6,""135""],[0.61,""195""],[0.62,""65.33""],[0.63,""60""],[0.64,""55.34""],[0.65,""87.52""],[0.66,""69.8""],[0.67,""175""],[0.68,""187.23""]]"
2026-05-17T02:50:56.447Z,btc-updown-15m-1778985900,"Bitcoin Up or Down - May 16, 10:45PM-11:00PM ET",btc-updown-15m-1778985900,2026-05-17T03:00:00Z,,0.31,0.32,0.68,0.69,0.315,0.51,171.168212,,128.84,184.1,"[[0.01,""10075.02""],[0.02,""2544.1""],[0.03,""1209.07""],[0.04,""205.09""],[0.05,""223.2""],[0.06,""116.52""],[0.07,""115.39""],[0.08,""90.29""],[0.09,""87.72""],[0.1,""73.29""],[0.11,""99.7""],[0.12,""56.74""],[0.13,""89.2""],[0.14,""52.05""],[0.15,""90.17""],[0.16,""58.55""],[0.17,""122.19""],[0.18,""356.42""],[0.19,""79.77""],[0.2,""88.8""],[0.21,""214.1""],[0.22,""72.5""],[0.23,""96.89""],[0.24,""435""],[0.25,""570""],[0.26,""101""],[0.27,""167.09""],[0.28,""77.14""],[0.29,""125""],[0.3,""159.42""],[0.31,""128.84""]]","[[0.01,""10125.27""],[0.02,""2515.1""],[0.03,""1221.71""],[0.04,""205.09""],[0.05,""218.21""],[0.06,""110.54""],[0.07,""110.68""],[0.08,""90.3""],[0.09,""87.72""],[0.1,""68.3""],[0.11,""84.7""],[0.12,""56.74""],[0.13,""74.2""],[0.14,""52.05""],[0.15,""75.17""],[0.16,""58.55""],[0.17,""72.19""],[0.18,""45.86""],[0.19,""64.77""],[0.2,""88.81""],[0.21,""69.1""],[0.22,""42.5""],[0.23,""66.89""],[0.24,""41.39""],[0.25,""66""],[0.26,""40.6""],[0.27,""60.2""],[0.28,""39.9""],[0.29,""84.6""],[0.3,""44.3""],[0.31,""64""],[0.32,""53.8""],[0.33,""98.6""],[0.34,""43.4""],[0.35,""96.78""],[0.36,""43""],[0.37,""57.9""],[0.38,""103.2""],[0.39,""63.37""],[0.4,""43.5""],[0.41,""63.4""],[0.42,""237.3""],[0.43,""57.2""],[0.44,""437.2""],[0.45,""61.34""],[0.46,""359.25""],[0.47,""52.18""],[0.48,""57""],[0.49,""57""],[0.5,""62""],[0.51,""162""],[0.52,""57""],[0.53,""257""],[0.54,""52.1""],[0.55,""162.1""],[0.56,""57.2""],[0.57,""62.2""],[0.58,""52.3""],[0.59,""88.66""],[0.6,""50""],[0.61,""275""],[0.62,""65.33""],[0.63,""60""],[0.64,""55.34""],[0.65,""87.52""],[0.66,""69.8""],[0.67,""175""],[0.68,""184.1""]]"
2026-05-17T02:50:59.650Z,btc-updown-15m-1778985900,"Bitcoin Up or Down - May 16, 10:45PM-11:00PM ET",btc-updown-15m-1778985900,2026-05-17T03:00:00Z,,0.29,0.3,0.7,0.71,0.295,0.51,171.168212,,29.01,173.57,"[[0.01,""10075.02""],[0.02,""2544.1""],[0.03,""1209.07""],[0.04,""205.09""],[0.05,""223.2""],[0.06,""116.52""],[0.07,""115.39""],[0.08,""90.29""],[0.09,""102.72""],[0.1,""73.29""],[0.11,""99.7""],[0.12,""56.74""],[0.13,""129.2""],[0.14,""57.05""],[0.15,""90.17""],[0.16,""58.55""],[0.17,""82.19""],[0.18,""45.86""],[0.19,""85.77""],[0.2,""93.8""],[0.21,""195.1""],[0.22,""55""],[0.23,""186""],[0.24,""140""],[0.25,""277.99""],[0.26,""95""],[0.27,""132.4""],[0.28,""70""],[0.29,""29.01""]]","[[0.01,""10125.27""],[0.02,""2515.1""],[0.03,""1221.71""],[0.04,""205.09""],[0.05,""198.21""],[0.06,""110.54""],[0.07,""110.68""],[0.08,""90.3""],[0.09,""87.72""],[0.1,""68.3""],[0.11,""84.7""],[0.12,""56.74""],[0.13,""74.2""],[0.14,""52.05""],[0.15,""75.17""],[0.16,""58.55""],[0.17,""67.19""],[0.18,""45.86""],[0.19,""69.77""],[0.2,""88.81""],[0.21,""69.1""],[0.22,""42.5""],[0.23,""66.89""],[0.24,""41.39""],[0.25,""66""],[0.26,""40.6""],[0.27,""65.2""],[0.28,""44.9""],[0.29,""74.6""],[0.3,""49.3""],[0.31,""64""],[0.32,""58.8""],[0.33,""93.6""],[0.34,""43.4""],[0.35,""96.78""],[0.36,""43""],[0.37,""57.9""],[0.38,""103.2""],[0.39,""68.37""],[0.4,""43.5""],[0.41,""57.4""],[0.42,""37.3""],[0.43,""57.2""],[0.44,""48.69""],[0.45,""61.34""],[0.46,""66.25""],[0.47,""52.18""],[0.48,""52""],[0.49,""57""],[0.5,""52""],[0.51,""57""],[0.52,""57""],[0.53,""62""],[0.54,""62.1""],[0.55,""162.1""],[0.56,""52.2""],[0.57,""157.2""],[0.58,""152.3""],[0.59,""196.06""],[0.6,""67.5""],[0.61,""147.6""],[0.62,""45.33""],[0.63,""130""],[0.64,""68.66""],[0.65,""94.8""],[0.66,""54.8""],[0.67,""192.8""],[0.68,""211.03""],[0.69,""152.14""],[0.7,""173.57""]]"
2026-05-17T02:51:02.848Z,btc-updown-15m-1778985900,"Bitcoin Up or Down - May 16, 10:45PM-11:00PM ET",btc-updown-15m-1778985900,2026-05-17T03:00:00Z,,0.21,0.25,0.75,0.79,0.22999999999999998,0.51,171.168212,,144.0,30.3,"[[0.01,""9560.02""],[0.02,""2544.1""],[0.03,""1209.07""],[0.04,""205.09""],[0.05,""188.2""],[0.06,""116.52""],[0.07,""115.39""],[0.08,""90.29""],[0.09,""102.72""],[0.1,""68.29""],[0.11,""626.7""],[0.12,""56.74""],[0.13,""89.2""],[0.14,""52.05""],[0.15,""55.17""],[0.16,""16.25""],[0.17,""25.89""],[0.18,""6""],[0.19,""25""],[0.2,""70""],[0.21,""144""]]","[[0.01,""9615.27""],[0.02,""2565.1""],[0.03,""1221.71""],[0.04,""205.09""],[0.05,""198.21""],[0.06,""110.54""],[0.07,""110.68""],[0.08,""90.3""],[0.09,""87.72""],[0.1,""68.3""],[0.11,""84.7""],[0.12,""56.74""],[0.13,""74.2""],[0.14,""52.05""],[0.15,""75.17""],[0.16,""58.55""],[0.17,""67.19""],[0.18,""45.86""],[0.19,""64.77""],[0.2,""88.81""],[0.21,""69.1""],[0.22,""42.5""],[0.23,""66.89""],[0.24,""41.39""],[0.25,""66""],[0.26,""40.6""],[0.27,""65.2""],[0.28,""44.9""],[0.29,""74.6""],[0.3,""49.3""],[0.31,""64""],[0.32,""53.8""],[0.33,""93.6""],[0.34,""43.4""],[0.35,""96.78""],[0.36,""43""],[0.37,""57.9""],[0.38,""103.2""],[0.39,""68.37""],[0.4,""43.5""],[0.41,""62.4""],[0.42,""37.3""],[0.43,""57.2""],[0.44,""48.69""],[0.45,""56.34""],[0.46,""52.1""],[0.47,""52.18""],[0.48,""104""],[0.49,""57""],[0.5,""57""],[0.51,""57""],[0.52,""52""],[0.53,""57""],[0.54,""57.1""],[0.55,""257.1""],[0.56,""52.2""],[0.57,""457.2""],[0.58,""52.3""],[0.59,""450.06""],[0.6,""157.5""],[0.61,""57.6""],[0.62,""53.03""],[0.63,""62.9""],[0.64,""36.66""],[0.65,""50""],[0.66,""42""],[0.67,""70""],[0.68,""72.61""],[0.69,""106.8""],[0.7,""161.01""],[0.71,""115.42""],[0.72,""192.86""],[0.73,""38.4""],[0.74,""17.45""],[0.75,""30.3""]]"
2026-05-17T02:51:07.836Z,btc-updown-15m-1778985900,"Bitcoin Up or Down - May 16, 10:45PM-11:00PM ET",btc-updown-15m-1778985900,2026-05-17T03:00:00Z,,0.3,0.34,0.66,0.7,0.32,0.51,171.168212,,96.06,6.62,"[[0.01,""9565.02""],[0.02,""2538.1""],[0.03,""1209.07""],[0.04,""205.09""],[0.05,""198.2""],[0.06,""104.54""],[0.07,""130.39""],[0.08,""90.29""],[0.09,""102.72""],[0.1,""68.29""],[0.11,""311.7""],[0.12,""56.74""],[0.13,""54.2""],[0.14,""32.05""],[0.15,""31.67""],[0.16,""116.25""],[0.17,""149.56""],[0.18,""33.05""],[0.19,""134.27""],[0.2,""35.65""],[0.21,""116""],[0.23,""22""],[0.25,""19.49""],[0.27,""8""],[0.3,""96.06""]]","[[0.01,""9625.27""],[0.02,""2559.1""],[0.03,""1221.71""],[0.04,""205.09""],[0.05,""178.21""],[0.06,""104.54""],[0.07,""110.68""],[0.08,""90.3""],[0.09,""87.72""],[0.1,""68.3""],[0.11,""84.7""],[0.12,""56.74""],[0.13,""74.2""],[0.14,""52.05""],[0.15,""75.17""],[0.16,""58.55""],[0.17,""67.19""],[0.18,""45.86""],[0.19,""64.77""],[0.2,""88.81""],[0.21,""69.1""],[0.22,""42.5""],[0.23,""61.89""],[0.24,""41.39""],[0.25,""66""],[0.26,""40.6""],[0.27,""65.2""],[0.28,""49.9""],[0.29,""74.6""],[0.3,""49.3""],[0.31,""64""],[0.32,""53.8""],[0.33,""93.6""],[0.34,""43.4""],[0.35,""96.78""],[0.36,""43""],[0.37,""57.9""],[0.38,""37.7""],[0.39,""63.37""],[0.4,""43.5""],[0.41,""57.4""],[0.42,""46.23""],[0.43,""57.2""],[0.44,""59.69""],[0.45,""61.34""],[0.46,""52.1""],[0.47,""52.18""],[0.48,""89""],[0.49,""45""],[0.5,""30""],[0.51,""45""],[0.52,""25""],[0.53,""50""],[0.54,""25""],[0.55,""65""],[0.56,""15""],[0.57,""20""],[0.58,""15""],[0.59,""20""],[0.6,""20""],[0.61,""20""],[0.62,""20""],[0.63,""33.51""],[0.64,""15""],[0.66,""6.62""]]"
2026-05-17T02:51:11.420Z,btc-updown-15m-1778985900,"Bitcoin Up or Down - May 16, 10:45PM-11:00PM ET",btc-updown-15m-1778985900,2026-05-17T03:00:00Z,,0.43,0.44,0.56,0.57,0.435,0.51,171.168212,,52.3,19.0,"[[0.01,""9565.02""],[0.02,""2538.1""],[0.03,""1209.07""],[0.04,""205.09""],[0.05,""183.2""],[0.06,""104.54""],[0.07,""115.39""],[0.08,""90.29""],[0.09,""87.72""],[0.1,""68.29""],[0.11,""311.7""],[0.12,""56.74""],[0.13,""74.2""],[0.14,""52.05""],[0.15,""75.17""],[0.16,""58.55""],[0.17,""67.22""],[0.18,""45.86""],[0.19,""94.77""],[0.2,""53.8""],[0.21,""53.1""],[0.22,""22.5""],[0.23,""39.65""],[0.24,""5""],[0.25,""85""],[0.27,""37""],[0.29,""225""],[0.3,""432""],[0.31,""20""],[0.33,""35""],[0.34,""87.25""],[0.35,""76""],[0.36,""11""],[0.37,""25.42""],[0.38,""20""],[0.39,""40""],[0.4,""87.9""],[0.41,""31.5""],[0.43,""52.3""]]","[[0.01,""9625.27""],[0.02,""2559.1""],[0.03,""1221.71""],[0.04,""205.09""],[0.05,""178.21""],[0.06,""104.54""],[0.07,""110.68""],[0.08,""90.3""],[0.09,""87.72""],[0.1,""68.3""],[0.11,""84.7""],[0.12,""56.74""],[0.13,""74.2""],[0.14,""52.05""],[0.15,""75.17""],[0.16,""58.55""],[0.17,""67.19""],[0.18,""45.86""],[0.19,""64.77""],[0.2,""68.81""],[0.21,""69.1""],[0.22,""42.5""],[0.23,""61.89""],[0.24,""41.39""],[0.25,""66""],[0.26,""55.6""],[0.27,""65.2""],[0.28,""44.9""],[0.29,""74.6""],[0.3,""49.3""],[0.31,""64""],[0.32,""53.8""],[0.33,""93.6""],[0.34,""43.4""],[0.35,""96.78""],[0.36,""243""],[0.37,""57.9""],[0.38,""437.7""],[0.39,""63.37""],[0.4,""43.5""],[0.41,""57.4""],[0.42,""37.3""],[0.43,""45""],[0.44,""47.49""],[0.45,""66.04""],[0.46,""61.8""],[0.47,""65.18""],[0.48,""74.16""],[0.5,""140""],[0.56,""19""]]"
2026-05-17T02:51:15.263Z,btc-updown-15m-1778985900,"Bitcoin Up or Down - May 16, 10:45PM-11:00PM ET",btc-updown-15m-1778985900,2026-05-17T03:00:00Z,,0.4,0.41,0.59,0.6,0.405,0.51,171.168212,,27.63,210.98,"[[0.01,""9560.02""],[0.02,""2538.1""],[0.03,""1209.07""],[0.04,""205.09""],[0.05,""183.2""],[0.06,""104.54""],[0.07,""115.39""],[0.08,""90.29""],[0.09,""87.72""],[0.1,""68.29""],[0.11,""311.7""],[0.12,""56.74""],[0.13,""99.2""],[0.14,""52.05""],[0.15,""75.17""],[0.16,""78.55""],[0.17,""87.22""],[0.18,""65.86""],[0.19,""110.77""],[0.2,""53.8""],[0.21,""358.1""],[0.22,""22.5""],[0.23,""156.89""],[0.24,""21.39""],[0.25,""116""],[0.26,""65.6""],[0.27,""92.2""],[0.28,""76.9""],[0.29,""286.6""],[0.3,""556.3""],[0.31,""39""],[0.32,""23.8""],[0.33,""71""],[0.34,""5""],[0.35,""159""],[0.36,""16""],[0.38,""37""],[0.39,""10.14""],[0.4,""27.63""]]","[[0.01,""9625.27""],[0.02,""2504.1""],[0.03,""1221.71""],[0.04,""205.09""],[0.05,""178.21""],[0.06,""104.54""],[0.07,""110.68""],[0.08,""90.3""],[0.09,""92.72""],[0.1,""68.3""],[0.11,""84.7""],[0.12,""56.74""],[0.13,""74.2""],[0.14,""52.05""],[0.15,""75.17""],[0.16,""58.55""],[0.17,""67.19""],[0.18,""45.86""],[0.19,""64.77""],[0.2,""68.81""],[0.21,""69.1""],[0.22,""42.5""],[0.23,""61.89""],[0.24,""41.39""],[0.25,""66""],[0.26,""55.6""],[0.27,""65.2""],[0.28,""44.9""],[0.29,""74.6""],[0.3,""49.3""],[0.31,""64""],[0.32,""59.8""],[0.33,""93.6""],[0.34,""43.4""],[0.35,""96.78""],[0.36,""243""],[0.37,""77.9""],[0.38,""452.7""],[0.39,""83.37""],[0.4,""377.5""],[0.41,""77.4""],[0.42,""52.3""],[0.43,""77.2""],[0.44,""94.69""],[0.45,""76.34""],[0.46,""87.1""],[0.47,""60.18""],[0.48,""44.94""],[0.49,""67.8""],[0.5,""50""],[0.51,""62.8""],[0.52,""20""],[0.53,""85""],[0.54,""112.8""],[0.55,""202""],[0.56,""72.8""],[0.57,""89.37""],[0.58,""16.25""],[0.59,""210.98""]]"
2026-05-17T02:51:17.275Z,btc-updown-15m-1778985900,"Bitcoin Up or Down - May 16, 10:45PM-11:00PM ET",btc-updown-15m-1778985900,2026-05-17T03:00:00Z,,0.35,0.36,0.64,0.65,0.355,0.51,171.168212,,202.96,204.66,"[[0.01,""9570.02""],[0.02,""2538.1""],[0.03,""1209.07""],[0.04,""205.09""],[0.05,""183.2""],[0.06,""104.54""],[0.07,""115.39""],[0.08,""90.29""],[0.09,""87.72""],[0.1,""73.29""],[0.11,""311.7""],[0.12,""56.74""],[0.13,""104.2""],[0.14,""52.05""],[0.15,""90.17""],[0.16,""58.55""],[0.17,""82.22""],[0.18,""65.86""],[0.19,""104.77""],[0.2,""73.8""],[0.21,""398.1""],[0.22,""62.5""],[0.23,""176.89""],[0.24,""66.39""],[0.25,""141""],[0.26,""110.6""],[0.27,""167.2""],[0.28,""131.9""],[0.29,""326.6""],[0.3,""706.3""],[0.31,""159""],[0.32,""268.8""],[0.33,""123.6""],[0.34,""25""],[0.35,""202.96""]]","[[0.01,""9625.27""],[0.02,""2504.1""],[0.03,""1221.71""],[0.04,""205.09""],[0.05,""178.21""],[0.06,""104.54""],[0.07,""110.68""],[0.08,""90.3""],[0.09,""87.72""],[0.1,""68.3""],[0.11,""84.7""],[0.12,""56.74""],[0.13,""74.2""],[0.14,""57.05""],[0.15,""75.17""],[0.16,""58.55""],[0.17,""67.19""],[0.18,""45.86""],[0.19,""69.77""],[0.2,""68.81""],[0.21,""69.1""],[0.22,""42.5""],[0.23,""61.89""],[0.24,""41.39""],[0.25,""66""],[0.26,""55.6""],[0.27,""65.2""],[0.28,""44.9""],[0.29,""74.6""],[0.3,""49.3""],[0.31,""64""],[0.32,""59.8""],[0.33,""98.6""],[0.34,""43.4""],[0.35,""96.78""],[0.36,""243""],[0.37,""62.9""],[0.38,""452.7""],[0.39,""63.37""],[0.4,""357.5""],[0.41,""62.4""],[0.42,""52.3""],[0.43,""57.2""],[0.44,""74.69""],[0.45,""61.34""],[0.46,""167.1""],[0.47,""60.18""],[0.48,""164.94""],[0.49,""87.8""],[0.5,""50""],[0.51,""87.8""],[0.52,""60""],[0.53,""105""],[0.54,""152.8""],[0.55,""222""],[0.56,""112.8""],[0.57,""114.89""],[0.58,""75""],[0.59,""61.75""],[0.6,""70""],[0.61,""70""],[0.62,""100""],[0.63,""50""],[0.64,""204.66""]]"
2026-05-17T02:51:20.565Z,btc-updown-15m-1778985900,"Bitcoin Up or Down - May 16, 10:45PM-11:00PM ET",btc-updown-15m-1778985900,2026-05-17T03:00:00Z,,0.35,0.36,0.64,0.65,0.355,0.51,171.168212,,203.06,192.44,"[[0.01,""9565.02""],[0.02,""2538.1""],[0.03,""1209.07""],[0.04,""205.09""],[0.05,""178.2""],[0.06,""104.54""],[0.07,""115.39""],[0.08,""90.29""],[0.09,""87.72""],[0.1,""73.29""],[0.11,""311.7""],[0.12,""56.74""],[0.13,""104.2""],[0.14,""52.05""],[0.15,""90.17""],[0.16,""78.55""],[0.17,""102.22""],[0.18,""65.86""],[0.19,""144.77""],[0.2,""78.8""],[0.21,""398.1""],[0.22,""62.5""],[0.23,""102.09""],[0.24,""66.39""],[0.25,""136""],[0.26,""85.6""],[0.27,""152.2""],[0.28,""156.9""],[0.29,""326.6""],[0.3,""606.3""],[0.31,""167.1""],[0.32,""408.8""],[0.33,""83.6""],[0.34,""70.9""],[0.35,""203.06""]]","[[0.01,""9620.27""],[0.02,""2504.1""],[0.03,""1221.71""],[0.04,""205.09""],[0.05,""178.21""],[0.06,""104.54""],[0.07,""110.68""],[0.08,""90.3""],[0.09,""87.72""],[0.1,""68.3""],[0.11,""84.7""],[0.12,""56.74""],[0.13,""74.2""],[0.14,""57.05""],[0.15,""75.17""],[0.16,""58.55""],[0.17,""67.19""],[0.18,""45.86""],[0.19,""69.77""],[0.2,""68.81""],[0.21,""69.1""],[0.22,""42.5""],[0.23,""61.89""],[0.24,""41.39""],[0.25,""66""],[0.26,""55.6""],[0.27,""65.2""],[0.28,""44.9""],[0.29,""79.6""],[0.3,""49.3""],[0.31,""64""],[0.32,""59.8""],[0.33,""98.6""],[0.34,""43.4""],[0.35,""96.78""],[0.36,""243""],[0.37,""57.9""],[0.38,""437.7""],[0.39,""63.37""],[0.4,""342.5""],[0.41,""62.4""],[0.42,""42.3""],[0.43,""57.2""],[0.44,""74.69""],[0.45,""56.34""],[0.46,""167.1""],[0.47,""40.18""],[0.48,""164.94""],[0.49,""92.8""],[0.5,""70""],[0.51,""82.8""],[0.52,""60""],[0.53,""105""],[0.54,""72.8""],[0.55,""202""],[0.56,""82.8""],[0.57,""194.89""],[0.58,""75""],[0.59,""61.75""],[0.6,""170""],[0.61,""170""],[0.62,""85""],[0.63,""100""],[0.64,""192.44""]]"
2026-05-17T02:51:23.404Z,btc-updown-15m-1778985900,"Bitcoin Up or Down - May 16, 10:45PM-11:00PM ET",btc-updown-15m-1778985900,2026-05-17T03:00:00Z,,0.35,0.36,0.64,0.65,0.355,0.51,171.168212,,159.04,183.82,"[[0.01,""9575.02""],[0.02,""2538.1""],[0.03,""1209.07""],[0.04,""205.09""],[0.05,""183.2""],[0.06,""104.54""],[0.07,""115.39""],[0.08,""90.29""],[0.09,""87.72""],[0.1,""73.29""],[0.11,""311.7""],[0.12,""56.74""],[0.13,""104.2""],[0.14,""52.05""],[0.15,""90.17""],[0.16,""58.55""],[0.17,""102.22""],[0.18,""65.86""],[0.19,""104.77""],[0.2,""78.8""],[0.21,""138.1""],[0.22,""62.5""],[0.23,""102.09""],[0.24,""66.39""],[0.25,""136""],[0.26,""85.6""],[0.27,""152.2""],[0.28,""161.9""],[0.29,""134.3""],[0.3,""212.6""],[0.31,""159""],[0.32,""310.07""],[0.33,""83.6""],[0.34,""112.39""],[0.35,""159.04""]]","[[0.01,""9625.27""],[0.02,""2509.1""],[0.03,""1221.71""],[0.04,""205.09""],[0.05,""178.21""],[0.06,""104.54""],[0.07,""110.68""],[0.08,""90.3""],[0.09,""87.72""],[0.1,""68.3""],[0.11,""84.7""],[0.12,""56.74""],[0.13,""74.2""],[0.14,""57.05""],[0.15,""75.17""],[0.16,""58.55""],[0.17,""67.19""],[0.18,""45.86""],[0.19,""69.77""],[0.2,""68.81""],[0.21,""69.1""],[0.22,""42.5""],[0.23,""61.89""],[0.24,""41.39""],[0.25,""71""],[0.26,""50.6""],[0.27,""65.2""],[0.28,""44.9""],[0.29,""79.6""],[0.3,""55.3""],[0.31,""64""],[0.32,""53.8""],[0.33,""104.6""],[0.34,""43.4""],[0.35,""96.78""],[0.36,""43""],[0.37,""57.9""],[0.38,""37.7""],[0.39,""63.37""],[0.4,""48.5""],[0.41,""57.4""],[0.42,""42.3""],[0.43,""57.2""],[0.44,""74.69""],[0.45,""56.34""],[0.46,""167.1""],[0.47,""40.18""],[0.48,""164.94""],[0.49,""72.8""],[0.5,""70""],[0.51,""82.8""],[0.52,""60""],[0.53,""105""],[0.54,""72.8""],[0.55,""202""],[0.56,""82.8""],[0.57,""189.89""],[0.58,""95""],[0.59,""81.75""],[0.6,""170""],[0.61,""190""],[0.62,""140""],[0.63,""50""],[0.64,""183.82""]]"
2026-05-17T02:51:25.405Z,btc-updown-15m-1778985900,"Bitcoin Up or Down - May 16, 10:45PM-11:00PM ET",btc-updown-15m-1778985900,2026-05-17T03:00:00Z,,0.35,0.36,0.64,0.65,0.355,0.51,171.168212,,148.31,195.9,"[[0.01,""9575.02""],[0.02,""2538.1""],[0.03,""1209.07""],[0.04,""205.09""],[0.05,""183.2""],[0.06,""104.54""],[0.07,""115.39""],[0.08,""90.29""],[0.09,""87.72""],[0.1,""73.29""],[0.11,""311.7""],[0.12,""56.74""],[0.13,""104.2""],[0.14,""52.05""],[0.15,""90.17""],[0.16,""78.55""],[0.17,""102.22""],[0.18,""65.86""],[0.19,""104.77""],[0.2,""78.8""],[0.21,""98.1""],[0.22,""102.5""],[0.23,""102.09""],[0.24,""66.39""],[0.25,""141""],[0.26,""115.6""],[0.27,""157.2""],[0.28,""146.9""],[0.29,""139.3""],[0.3,""312.6""],[0.31,""170""],[0.32,""208.8""],[0.33,""75""],[0.34,""122.39""],[0.35,""148.31""]]","[[0.01,""9630.27""],[0.02,""2509.1""],[0.03,""1221.71""],[0.04,""205.09""],[0.05,""178.21""],[0.06,""104.54""],[0.07,""110.68""],[0.08,""90.3""],[0.09,""87.72""],[0.1,""68.3""],[0.11,""84.7""],[0.12,""56.74""],[0.13,""74.2""],[0.14,""57.05""],[0.15,""75.17""],[0.16,""58.55""],[0.17,""67.19""],[0.18,""45.86""],[0.19,""69.77""],[0.2,""68.81""],[0.21,""69.1""],[0.22,""42.5""],[0.23,""61.89""],[0.24,""41.39""],[0.25,""81""],[0.26,""40.6""],[0.27,""65.2""],[0.28,""44.9""],[0.29,""79.6""],[0.3,""55.3""],[0.31,""64""],[0.32,""53.8""],[0.33,""104.6""],[0.34,""43.4""],[0.35,""96.78""],[0.36,""43""],[0.37,""57.9""],[0.38,""37.7""],[0.39,""63.37""],[0.4,""48.5""],[0.41,""57.4""],[0.42,""42.3""],[0.43,""57.2""],[0.44,""74.69""],[0.45,""56.34""],[0.46,""167.1""],[0.47,""52.18""],[0.48,""164.94""],[0.49,""72.8""],[0.5,""50""],[0.51,""62.8""],[0.52,""60""],[0.53,""65""],[0.54,""197.8""],[0.55,""167""],[0.56,""127.8""],[0.57,""114.89""],[0.58,""100""],[0.59,""91.75""],[0.6,""175""],[0.61,""195""],[0.62,""90""],[0.63,""70""],[0.64,""195.9""]]"
2026-05-17T02:51:27.379Z,btc-updown-15m-1778985900,"Bitcoin Up or Down - May 16, 10:45PM-11:00PM ET",btc-updown-15m-1778985900,2026-05-17T03:00:00Z,,0.35,0.36,0.64,0.65,0.355,0.51,171.168212,,77.39,190.9,"[[0.01,""9575.02""],[0.02,""2538.1""],[0.03,""1209.07""],[0.04,""205.09""],[0.05,""183.2""],[0.06,""104.54""],[0.07,""115.39""],[0.08,""90.29""],[0.09,""87.72""],[0.1,""73.29""],[0.11,""311.7""],[0.12,""56.74""],[0.13,""104.2""],[0.14,""52.05""],[0.15,""90.17""],[0.16,""78.55""],[0.17,""102.22""],[0.18,""65.86""],[0.19,""404.77""],[0.2,""78.8""],[0.21,""98.1""],[0.22,""102.5""],[0.23,""102.09""],[0.24,""71.39""],[0.25,""141""],[0.26,""315.6""],[0.27,""557.2""],[0.28,""79.9""],[0.29,""107.3""],[0.3,""275.6""],[0.31,""170""],[0.32,""208.8""],[0.33,""81.08""],[0.34,""100.78""],[0.35,""77.39""]]","[[0.01,""9625.27""],[0.02,""2509.1""],[0.03,""1221.71""],[0.04,""205.09""],[0.05,""178.21""],[0.06,""104.54""],[0.07,""110.68""],[0.08,""90.3""],[0.09,""87.72""],[0.1,""68.3""],[0.11,""84.7""],[0.12,""56.74""],[0.13,""74.2""],[0.14,""57.05""],[0.15,""75.17""],[0.16,""58.55""],[0.17,""67.19""],[0.18,""45.86""],[0.19,""69.77""],[0.2,""68.81""],[0.21,""69.1""],[0.22,""42.5""],[0.23,""61.89""],[0.24,""41.39""],[0.25,""81""],[0.26,""40.6""],[0.27,""65.2""],[0.28,""44.9""],[0.29,""79.6""],[0.3,""49.3""],[0.31,""64""],[0.32,""53.8""],[0.33,""104.6""],[0.34,""43.4""],[0.35,""96.78""],[0.36,""43""],[0.37,""57.9""],[0.38,""37.7""],[0.39,""263.37""],[0.4,""48.5""],[0.41,""457.4""],[0.42,""42.3""],[0.43,""356.2""],[0.44,""74.69""],[0.45,""56.34""],[0.46,""167.1""],[0.47,""52.18""],[0.48,""264.94""],[0.49,""72.8""],[0.5,""70""],[0.51,""82.8""],[0.52,""60""],[0.53,""65""],[0.54,""192.8""],[0.55,""167""],[0.56,""127.8""],[0.57,""114.89""],[0.58,""105""],[0.59,""91.75""],[0.6,""175""],[0.61,""195""],[0.62,""109.5""],[0.63,""70""],[0.64,""190.9""]]"
2026-05-17T02:51:30.339Z,btc-updown-15m-1778985900,"Bitcoin Up or Down - May 16, 10:45PM-11:00PM ET",btc-updown-15m-1778985900,2026-05-17T03:00:00Z,,0.35,0.36,0.64,0.65,0.355,0.51,171.168212,,115.83,205.9,"[[0.01,""9575.02""],[0.02,""2538.1""],[0.03,""1209.07""],[0.04,""205.09""],[0.05,""183.2""],[0.06,""104.54""],[0.07,""115.39""],[0.08,""90.29""],[0.09,""87.72""],[0.1,""73.29""],[0.11,""311.7""],[0.12,""56.74""],[0.13,""104.2""],[0.14,""52.05""],[0.15,""90.17""],[0.16,""78.55""],[0.17,""102.22""],[0.18,""65.86""],[0.19,""404.77""],[0.2,""78.8""],[0.21,""98.1""],[0.22,""102.5""],[0.23,""102.09""],[0.24,""71.39""],[0.25,""141""],[0.26,""315.6""],[0.27,""562.2""],[0.28,""79.9""],[0.29,""102.3""],[0.3,""270.6""],[0.31,""164""],[0.32,""208.8""],[0.33,""75""],[0.34,""75.9""],[0.35,""115.83""]]","[[0.01,""9630.27""],[0.02,""2509.1""],[0.03,""1221.71""],[0.04,""205.09""],[0.05,""178.21""],[0.06,""104.54""],[0.07,""110.68""],[0.08,""90.3""],[0.09,""87.72""],[0.1,""68.3""],[0.11,""84.7""],[0.12,""56.74""],[0.13,""74.2""],[0.14,""57.05""],[0.15,""75.17""],[0.16,""58.55""],[0.17,""67.19""],[0.18,""45.86""],[0.19,""69.77""],[0.2,""68.81""],[0.21,""69.1""],[0.22,""42.5""],[0.23,""61.89""],[0.24,""41.39""],[0.25,""81""],[0.26,""40.6""],[0.27,""65.2""],[0.28,""44.9""],[0.29,""79.6""],[0.3,""49.3""],[0.31,""64""],[0.32,""53.8""],[0.33,""104.6""],[0.34,""43.4""],[0.35,""96.78""],[0.36,""43""],[0.37,""57.9""],[0.38,""37.7""],[0.39,""263.37""],[0.4,""48.5""],[0.41,""457.4""],[0.42,""42.3""],[0.43,""356.2""],[0.44,""74.69""],[0.45,""56.34""],[0.46,""267.1""],[0.47,""52.18""],[0.48,""259.94""],[0.49,""72.8""],[0.5,""70""],[0.51,""87.8""],[0.52,""60""],[0.53,""65""],[0.54,""192.8""],[0.55,""127""],[0.56,""167.8""],[0.57,""114.89""],[0.58,""100""],[0.59,""91.75""],[0.6,""175""],[0.61,""195""],[0.62,""90""],[0.63,""95""],[0.64,""205.9""]]"
2026-05-17T02:51:33.616Z,btc-updown-15m-1778985900,"Bitcoin Up or Down - May 16, 10:45PM-11:00PM ET",btc-updown-15m-1778985900,2026-05-17T03:00:00Z,,0.35,0.36,0.64,0.65,0.355,0.51,171.168212,,190.44,30.34,"[[0.01,""9575.02""],[0.02,""2538.1""],[0.03,""1209.07""],[0.04,""205.09""],[0.05,""178.2""],[0.06,""104.54""],[0.07,""115.39""],[0.08,""90.29""],[0.09,""87.72""],[0.1,""73.29""],[0.11,""311.7""],[0.12,""56.74""],[0.13,""104.2""],[0.14,""52.05""],[0.15,""90.17""],[0.16,""118.55""],[0.17,""102.22""],[0.18,""65.86""],[0.19,""404.77""],[0.2,""78.8""],[0.21,""98.1""],[0.22,""62.5""],[0.23,""102.09""],[0.24,""66.39""],[0.25,""141""],[0.26,""315.6""],[0.27,""562.2""],[0.28,""79.9""],[0.29,""87.3""],[0.3,""250.6""],[0.31,""204""],[0.32,""168.8""],[0.33,""115""],[0.34,""42.88""],[0.35,""190.44""]]","[[0.01,""9630.27""],[0.02,""2509.1""],[0.03,""1221.71""],[0.04,""205.09""],[0.05,""178.21""],[0.06,""104.54""],[0.07,""110.68""],[0.08,""90.3""],[0.09,""87.72""],[0.1,""68.3""],[0.11,""84.7""],[0.12,""56.74""],[0.13,""74.2""],[0.14,""57.05""],[0.15,""75.17""],[0.16,""58.55""],[0.17,""67.19""],[0.18,""45.86""],[0.19,""69.77""],[0.2,""68.81""],[0.21,""69.1""],[0.22,""42.5""],[0.23,""61.89""],[0.24,""41.39""],[0.25,""81""],[0.26,""40.6""],[0.27,""65.2""],[0.28,""44.9""],[0.29,""79.6""],[0.3,""49.3""],[0.31,""64""],[0.32,""53.8""],[0.33,""104.6""],[0.34,""43.4""],[0.35,""96.78""],[0.36,""43""],[0.37,""57.9""],[0.38,""37.7""],[0.39,""263.37""],[0.4,""43.5""],[0.41,""457.4""],[0.42,""42.3""],[0.43,""356.2""],[0.44,""74.69""],[0.45,""56.34""],[0.46,""167.1""],[0.47,""152.18""],[0.48,""171.94""],[0.49,""192.8""],[0.5,""70""],[0.51,""87.8""],[0.52,""60""],[0.53,""65""],[0.54,""117.8""],[0.55,""207""],[0.56,""162.8""],[0.57,""102.89""],[0.58,""95""],[0.59,""91.75""],[0.6,""175""],[0.61,""170""],[0.62,""90""],[0.63,""92""],[0.64,""30.34""]]"
2026-05-17T02:51:35.408Z,btc-updown-15m-1778985900,"Bitcoin Up or Down - May 16, 10:45PM-11:00PM ET",btc-updown-15m-1778985900,2026-05-17T03:00:00Z,,0.38,0.39,0.61,0.62,0.385,0.51,171.168212,,284.77,240.71,"[[0.01,""9562.82""],[0.02,""2538.1""],[0.03,""1201.77""],[0.04,""205.09""],[0.05,""183.2""],[0.06,""104.54""],[0.07,""115.39""],[0.08,""90.29""],[0.09,""87.72""],[0.1,""73.29""],[0.11,""311.7""],[0.12,""56.74""],[0.13,""104.2""],[0.14,""52.05""],[0.15,""90.17""],[0.16,""118.55""],[0.17,""102.22""],[0.18,""65.86""],[0.19,""404.77""],[0.2,""78.8""],[0.21,""98.1""],[0.22,""62.5""],[0.23,""102.09""],[0.24,""66.39""],[0.25,""136""],[0.26,""290.6""],[0.27,""547.2""],[0.28,""112.6""],[0.29,""125.9""],[0.3,""249.3""],[0.31,""204""],[0.32,""130""],[0.33,""90""],[0.34,""55""],[0.35,""158.05""],[0.36,""45.57""],[0.37,""26.98""],[0.38,""284.77""]]","[[0.01,""9618.18""],[0.02,""2509.1""],[0.03,""1214.77""],[0.04,""205.09""],[0.05,""178.21""],[0.06,""104.54""],[0.07,""110.68""],[0.08,""90.3""],[0.09,""87.72""],[0.1,""68.3""],[0.11,""89.7""],[0.12,""56.74""],[0.13,""74.2""],[0.14,""52.05""],[0.15,""75.17""],[0.16,""58.55""],[0.17,""67.19""],[0.18,""45.86""],[0.19,""69.77""],[0.2,""68.81""],[0.21,""69.1""],[0.22,""42.5""],[0.23,""61.89""],[0.24,""41.39""],[0.25,""81""],[0.26,""40.6""],[0.27,""65.2""],[0.28,""44.9""],[0.29,""79.6""],[0.3,""49.3""],[0.31,""64""],[0.32,""53.8""],[0.33,""104.6""],[0.34,""43.4""],[0.35,""96.78""],[0.36,""43""],[0.37,""57.9""],[0.38,""37.7""],[0.39,""263.37""],[0.4,""48.5""],[0.41,""457.4""],[0.42,""57.3""],[0.43,""356.2""],[0.44,""74.69""],[0.45,""56.34""],[0.46,""167.1""],[0.47,""152.18""],[0.48,""171.94""],[0.49,""180""],[0.5,""70""],[0.51,""75""],[0.52,""65""],[0.53,""75""],[0.54,""105""],[0.55,""207""],[0.56,""145""],[0.57,""91.62""],[0.58,""75""],[0.59,""94.75""],[0.6,""220""],[0.61,""240.71""]]"
2026-05-17T02:51:37.631Z,btc-updown-15m-1778985900,"Bitcoin Up or Down - May 16, 10:45PM-11:00PM ET",btc-updown-15m-1778985900,2026-05-17T03:00:00Z,,0.38,0.39,0.61,0.62,0.385,0.51,171.168212,,289.68,246.98,"[[0.01,""9562.82""],[0.02,""2538.1""],[0.03,""1201.77""],[0.04,""205.09""],[0.05,""183.2""],[0.06,""104.54""],[0.07,""115.39""],[0.08,""90.29""],[0.09,""87.72""],[0.1,""73.29""],[0.11,""311.7""],[0.12,""56.74""],[0.13,""104.2""],[0.14,""52.05""],[0.15,""90.17""],[0.16,""78.55""],[0.17,""142.22""],[0.18,""65.86""],[0.19,""104.77""],[0.2,""78.8""],[0.21,""98.1""],[0.22,""62.5""],[0.23,""101.89""],[0.24,""66.39""],[0.25,""136""],[0.26,""90.6""],[0.27,""147.2""],[0.28,""112.6""],[0.29,""125.9""],[0.3,""249.3""],[0.31,""204""],[0.32,""130""],[0.33,""90""],[0.34,""55""],[0.35,""138.05""],[0.36,""45.57""],[0.37,""39.78""],[0.38,""289.68""]]","[[0.01,""9618.18""],[0.02,""2509.1""],[0.03,""1214.77""],[0.04,""205.09""],[0.05,""178.21""],[0.06,""104.54""],[0.07,""110.68""],[0.08,""90.3""],[0.09,""87.72""],[0.1,""68.3""],[0.11,""89.7""],[0.12,""56.74""],[0.13,""74.2""],[0.14,""52.05""],[0.15,""75.17""],[0.16,""58.55""],[0.17,""67.19""],[0.18,""45.86""],[0.19,""69.77""],[0.2,""68.81""],[0.21,""69.1""],[0.22,""42.5""],[0.23,""61.89""],[0.24,""41.39""],[0.25,""81""],[0.26,""40.6""],[0.27,""65.2""],[0.28,""44.9""],[0.29,""79.6""],[0.3,""49.3""],[0.31,""64""],[0.32,""59.8""],[0.33,""98.6""],[0.34,""43.4""],[0.35,""96.78""],[0.36,""43""],[0.37,""57.9""],[0.38,""37.7""],[0.39,""63.37""],[0.4,""48.5""],[0.41,""57.4""],[0.42,""57.3""],[0.43,""57.2""],[0.44,""74.69""],[0.45,""56.34""],[0.46,""167.1""],[0.47,""152.18""],[0.48,""171.94""],[0.49,""180""],[0.5,""70""],[0.51,""75""],[0.52,""65""],[0.53,""75""],[0.54,""105""],[0.55,""207""],[0.56,""145""],[0.57,""91.62""],[0.58,""75""],[0.59,""94.75""],[0.6,""220""],[0.61,""246.98""]]"
2026-05-17T02:51:41.135Z,btc-updown-15m-1778985900,"Bitcoin Up or Down - May 16, 10:45PM-11:00PM ET",btc-updown-15m-1778985900,2026-05-17T03:00:00Z,,0.38,0.39,0.61,0.62,0.385,0.51,171.168212,,279.5,244.36,"[[0.01,""9562.82""],[0.02,""2538.1""],[0.03,""1201.77""],[0.04,""205.09""],[0.05,""183.2""],[0.06,""104.54""],[0.07,""115.39""],[0.08,""90.29""],[0.09,""87.72""],[0.1,""73.29""],[0.11,""311.7""],[0.12,""56.74""],[0.13,""104.2""],[0.14,""52.05""],[0.15,""75.17""],[0.16,""78.55""],[0.17,""142.22""],[0.18,""365.86""],[0.19,""104.77""],[0.2,""78.8""],[0.21,""98.1""],[0.22,""62.5""],[0.23,""96.89""],[0.24,""66.39""],[0.25,""336""],[0.26,""90.6""],[0.27,""535.2""],[0.28,""117.6""],[0.29,""120.9""],[0.3,""249.3""],[0.31,""219""],[0.32,""130""],[0.33,""90""],[0.34,""30""],[0.35,""89.18""],[0.36,""30.57""],[0.37,""92.68""],[0.38,""279.5""]]","[[0.01,""9618.18""],[0.02,""2509.1""],[0.03,""1214.77""],[0.04,""205.09""],[0.05,""178.21""],[0.06,""104.54""],[0.07,""110.68""],[0.08,""90.3""],[0.09,""87.72""],[0.1,""68.3""],[0.11,""89.7""],[0.12,""56.74""],[0.13,""74.2""],[0.14,""52.05""],[0.15,""75.17""],[0.16,""58.55""],[0.17,""67.19""],[0.18,""45.86""],[0.19,""69.77""],[0.2,""68.81""],[0.21,""69.1""],[0.22,""42.5""],[0.23,""61.89""],[0.24,""41.39""],[0.25,""81""],[0.26,""40.6""],[0.27,""65.2""],[0.28,""44.9""],[0.29,""79.6""],[0.3,""49.3""],[0.31,""64""],[0.32,""59.8""],[0.33,""98.6""],[0.34,""43.4""],[0.35,""96.78""],[0.36,""43""],[0.37,""57.9""],[0.38,""237.7""],[0.39,""63.37""],[0.4,""443.5""],[0.41,""57.4""],[0.42,""356.3""],[0.43,""57.2""],[0.44,""74.69""],[0.45,""56.34""],[0.46,""167.1""],[0.47,""152.18""],[0.48,""171.94""],[0.49,""180""],[0.5,""70""],[0.51,""75""],[0.52,""65""],[0.53,""75""],[0.54,""105""],[0.55,""207""],[0.56,""145""],[0.57,""91.62""],[0.58,""75""],[0.59,""99.75""],[0.6,""205""],[0.61,""244.36""]]"
2026-05-17T02:51:43.114Z,btc-updown-15m-1778985900,"Bitcoin Up or Down - May 16, 10:45PM-11:00PM ET",btc-updown-15m-1778985900,2026-05-17T03:00:00Z,,0.38,0.39,0.61,0.62,0.385,0.51,171.168212,,265.98,244.36,"[[0.01,""9562.82""],[0.02,""2538.1""],[0.03,""1201.77""],[0.04,""205.09""],[0.05,""183.2""],[0.06,""104.54""],[0.07,""115.39""],[0.08,""90.29""],[0.09,""87.72""],[0.1,""73.29""],[0.11,""311.7""],[0.12,""56.74""],[0.13,""79.2""],[0.14,""52.05""],[0.15,""75.17""],[0.16,""78.55""],[0.17,""142.22""],[0.18,""365.86""],[0.19,""104.77""],[0.2,""78.8""],[0.21,""98.1""],[0.22,""62.5""],[0.23,""96.89""],[0.24,""66.39""],[0.25,""336""],[0.26,""65.6""],[0.27,""510.2""],[0.28,""112.6""],[0.29,""120.9""],[0.3,""249.3""],[0.31,""219""],[0.32,""130""],[0.33,""90""],[0.34,""30""],[0.35,""89.18""],[0.36,""30.57""],[0.37,""92.68""],[0.38,""265.98""]]","[[0.01,""9618.18""],[0.02,""2509.1""],[0.03,""1214.77""],[0.04,""205.09""],[0.05,""178.21""],[0.06,""104.54""],[0.07,""110.68""],[0.08,""90.3""],[0.09,""87.72""],[0.1,""68.3""],[0.11,""89.7""],[0.12,""56.74""],[0.13,""74.2""],[0.14,""52.05""],[0.15,""75.17""],[0.16,""58.55""],[0.17,""67.19""],[0.18,""45.86""],[0.19,""69.77""],[0.2,""43.81""],[0.21,""69.1""],[0.22,""42.5""],[0.23,""61.89""],[0.24,""41.39""],[0.25,""81""],[0.26,""40.6""],[0.27,""65.2""],[0.28,""44.9""],[0.29,""86.6""],[0.3,""49.3""],[0.31,""64""],[0.32,""59.8""],[0.33,""98.6""],[0.34,""43.4""],[0.35,""96.78""],[0.36,""43""],[0.37,""57.9""],[0.38,""237.7""],[0.39,""63.37""],[0.4,""448.5""],[0.41,""57.4""],[0.42,""356.3""],[0.43,""57.2""],[0.44,""74.69""],[0.45,""56.34""],[0.46,""167.1""],[0.47,""152.18""],[0.48,""171.94""],[0.49,""180""],[0.5,""70""],[0.51,""75""],[0.52,""65""],[0.53,""75""],[0.54,""105""],[0.55,""207""],[0.56,""145""],[0.57,""91.62""],[0.58,""80""],[0.59,""94.75""],[0.6,""205""],[0.61,""244.36""]]"
2026-05-17T02:51:45.199Z,btc-updown-15m-1778985900,"Bitcoin Up or Down - May 16, 10:45PM-11:00PM ET",btc-updown-15m-1778985900,2026-05-17T03:00:00Z,,0.38,0.39,0.61,0.62,0.385,0.51,171.168212,,246.18,214.43,"[[0.01,""9462.82""],[0.02,""2538.1""],[0.03,""1201.77""],[0.04,""205.09""],[0.05,""183.2""],[0.06,""104.54""],[0.07,""115.39""],[0.08,""90.29""],[0.09,""87.72""],[0.1,""73.29""],[0.11,""311.7""],[0.12,""56.74""],[0.13,""79.2""],[0.14,""52.05""],[0.15,""75.17""],[0.16,""78.55""],[0.17,""87.22""],[0.18,""65.86""],[0.19,""104.77""],[0.2,""78.8""],[0.21,""98.1""],[0.22,""62.5""],[0.23,""96.89""],[0.24,""61.39""],[0.25,""336""],[0.26,""45.6""],[0.27,""510.2""],[0.28,""147.7""],[0.29,""61.3""],[0.3,""35""],[0.31,""25""],[0.32,""5""],[0.33,""5""],[0.34,""5""],[0.35,""10.73""],[0.37,""12.8""],[0.38,""246.18""]]","[[0.01,""9518.18""],[0.02,""2509.1""],[0.03,""1214.77""],[0.04,""205.09""],[0.05,""178.21""],[0.06,""104.54""],[0.07,""110.68""],[0.08,""90.3""],[0.09,""87.72""],[0.1,""68.3""],[0.11,""89.7""],[0.12,""56.74""],[0.13,""74.2""],[0.14,""52.05""],[0.15,""75.17""],[0.16,""58.55""],[0.17,""67.19""],[0.18,""45.86""],[0.19,""69.77""],[0.2,""43.81""],[0.21,""69.1""],[0.22,""42.5""],[0.23,""61.89""],[0.24,""41.39""],[0.25,""66""],[0.26,""40.6""],[0.27,""65.2""],[0.28,""49.9""],[0.29,""86.6""],[0.3,""49.3""],[0.31,""64""],[0.32,""59.8""],[0.33,""98.6""],[0.34,""43.4""],[0.35,""96.78""],[0.36,""43""],[0.37,""57.9""],[0.38,""37.7""],[0.39,""63.37""],[0.4,""48.5""],[0.41,""57.4""],[0.42,""51.23""],[0.43,""57.2""],[0.44,""74.69""],[0.45,""56.34""],[0.46,""67.1""],[0.47,""52.18""],[0.48,""71.94""],[0.49,""92""],[0.5,""82""],[0.51,""75""],[0.52,""65""],[0.53,""75""],[0.54,""65""],[0.55,""95""],[0.56,""65""],[0.57,""82""],[0.58,""133.01""],[0.59,""64.75""],[0.6,""232.8""],[0.61,""214.43""]]"
2026-05-17T02:51:47.179Z,btc-updown-15m-1778985900,"Bitcoin Up or Down - May 16, 10:45PM-11:00PM ET",btc-updown-15m-1778985900,2026-05-17T03:00:00Z,,0.35,0.36,0.64,0.65,0.355,0.51,171.168212,,12.8,11.3,"[[0.01,""9462.82""],[0.02,""2538.1""],[0.03,""1206.77""],[0.04,""205.09""],[0.05,""183.2""],[0.06,""104.54""],[0.07,""115.39""],[0.08,""90.29""],[0.09,""87.72""],[0.1,""68.29""],[0.11,""311.7""],[0.12,""56.74""],[0.13,""119.2""],[0.14,""52.05""],[0.15,""75.17""],[0.16,""78.55""],[0.17,""102.22""],[0.18,""65.86""],[0.19,""104.77""],[0.2,""78.8""],[0.21,""103.1""],[0.22,""67.5""],[0.23,""101.89""],[0.24,""71.39""],[0.25,""141""],[0.26,""195""],[0.27,""65""],[0.28,""170""],[0.29,""56.88""],[0.3,""39""],[0.31,""51.44""],[0.32,""22.77""],[0.33,""57.8""],[0.34,""15""],[0.35,""12.8""]]","[[0.01,""9513.18""],[0.02,""2509.1""],[0.03,""1214.77""],[0.04,""205.09""],[0.05,""178.21""],[0.06,""104.54""],[0.07,""110.68""],[0.08,""90.3""],[0.09,""87.72""],[0.1,""68.3""],[0.11,""89.7""],[0.12,""56.74""],[0.13,""74.2""],[0.14,""52.05""],[0.15,""75.17""],[0.16,""58.55""],[0.17,""67.19""],[0.18,""45.86""],[0.19,""69.77""],[0.2,""43.81""],[0.21,""69.1""],[0.22,""42.5""],[0.23,""61.89""],[0.24,""41.39""],[0.25,""66""],[0.26,""40.6""],[0.27,""65.2""],[0.28,""44.9""],[0.29,""79.6""],[0.3,""54.3""],[0.31,""64""],[0.32,""53.8""],[0.33,""98.6""],[0.34,""43.4""],[0.35,""96.78""],[0.36,""43""],[0.37,""63.9""],[0.38,""37.7""],[0.39,""63.37""],[0.4,""43.5""],[0.41,""57.4""],[0.42,""42.3""],[0.43,""57.2""],[0.44,""74.69""],[0.45,""56.34""],[0.46,""75.25""],[0.47,""52.18""],[0.48,""71.94""],[0.49,""182""],[0.5,""172""],[0.51,""177""],[0.52,""72""],[0.53,""77""],[0.54,""72.1""],[0.55,""77.1""],[0.56,""77.2""],[0.57,""105""],[0.58,""75""],[0.59,""119.95""],[0.6,""115""],[0.61,""106.65""],[0.62,""209.94""],[0.63,""80.84""],[0.64,""11.3""]]"
2026-05-17T02:51:50.001Z,btc-updown-15m-1778985900,"Bitcoin Up or Down - May 16, 10:45PM-11:00PM ET",btc-updown-15m-1778985900,2026-05-17T03:00:00Z,,0.34,0.35,0.65,0.66,0.345,0.51,171.168212,,34.78,153.97,"[[0.01,""9462.82""],[0.02,""2538.1""],[0.03,""1206.77""],[0.04,""205.09""],[0.05,""183.2""],[0.06,""104.54""],[0.07,""115.39""],[0.08,""90.29""],[0.09,""87.72""],[0.1,""68.29""],[0.11,""351.7""],[0.12,""56.74""],[0.13,""79.2""],[0.14,""52.05""],[0.15,""90.17""],[0.16,""378.55""],[0.17,""102.22""],[0.18,""65.86""],[0.19,""110.04""],[0.2,""78.8""],[0.21,""98.1""],[0.22,""287.5""],[0.23,""521.89""],[0.24,""91.39""],[0.25,""166""],[0.26,""195""],[0.27,""245""],[0.28,""265""],[0.29,""151.88""],[0.3,""44""],[0.31,""45""],[0.32,""58.07""],[0.33,""20""],[0.34,""34.78""]]","[[0.01,""9518.18""],[0.02,""2509.1""],[0.03,""1214.77""],[0.04,""205.09""],[0.05,""178.21""],[0.06,""104.54""],[0.07,""110.68""],[0.08,""90.3""],[0.09,""87.72""],[0.1,""68.3""],[0.11,""84.7""],[0.12,""56.74""],[0.13,""74.2""],[0.14,""57.05""],[0.15,""75.17""],[0.16,""58.55""],[0.17,""67.19""],[0.18,""45.86""],[0.19,""69.77""],[0.2,""43.81""],[0.21,""69.1""],[0.22,""42.5""],[0.23,""61.89""],[0.24,""41.39""],[0.25,""66""],[0.26,""40.6""],[0.27,""65.2""],[0.28,""44.9""],[0.29,""94.6""],[0.3,""49.3""],[0.31,""64""],[0.32,""53.8""],[0.33,""98.6""],[0.34,""43.4""],[0.35,""96.78""],[0.36,""43""],[0.37,""63.9""],[0.38,""37.7""],[0.39,""63.37""],[0.4,""43.5""],[0.41,""57.4""],[0.42,""42.3""],[0.43,""57.2""],[0.44,""259.69""],[0.45,""456.34""],[0.46,""75.25""],[0.47,""351.18""],[0.48,""71.94""],[0.49,""82""],[0.5,""172""],[0.51,""177""],[0.52,""172""],[0.53,""182""],[0.54,""77.1""],[0.55,""82.1""],[0.56,""65""],[0.57,""70""],[0.58,""115""],[0.59,""109.75""],[0.6,""95""],[0.61,""126.65""],[0.62,""129.15""],[0.63,""145""],[0.64,""172.24""],[0.65,""153.97""]]"
2026-05-17T02:51:52.227Z,btc-updown-15m-1778985900,"Bitcoin Up or Down - May 16, 10:45PM-11:00PM ET",btc-updown-15m-1778985900,2026-05-17T03:00:00Z,,0.34,0.35,0.65,0.66,0.345,0.51,171.168212,,27.8,131.23,"[[0.01,""9462.82""],[0.02,""2538.1""],[0.03,""1206.77""],[0.04,""205.09""],[0.05,""183.2""],[0.06,""104.54""],[0.07,""115.39""],[0.08,""90.29""],[0.09,""87.72""],[0.1,""68.29""],[0.11,""351.7""],[0.12,""56.74""],[0.13,""79.2""],[0.14,""52.05""],[0.15,""90.17""],[0.16,""78.55""],[0.17,""102.22""],[0.18,""65.86""],[0.19,""115.04""],[0.2,""83.8""],[0.21,""103.1""],[0.22,""92.5""],[0.23,""126.89""],[0.24,""96.39""],[0.25,""161""],[0.26,""195""],[0.27,""245""],[0.28,""265""],[0.29,""151.88""],[0.3,""44""],[0.31,""45""],[0.32,""58.07""],[0.33,""20""],[0.34,""27.8""]]","[[0.01,""9518.18""],[0.02,""2509.1""],[0.03,""1214.77""],[0.04,""205.09""],[0.05,""178.21""],[0.06,""104.54""],[0.07,""110.68""],[0.08,""90.3""],[0.09,""87.72""],[0.1,""68.3""],[0.11,""84.7""],[0.12,""56.74""],[0.13,""74.2""],[0.14,""57.05""],[0.15,""75.17""],[0.16,""58.55""],[0.17,""67.19""],[0.18,""45.86""],[0.19,""69.77""],[0.2,""43.81""],[0.21,""69.1""],[0.22,""42.5""],[0.23,""61.89""],[0.24,""41.39""],[0.25,""66""],[0.26,""40.6""],[0.27,""65.2""],[0.28,""44.9""],[0.29,""94.6""],[0.3,""49.3""],[0.31,""64""],[0.32,""53.8""],[0.33,""98.6""],[0.34,""43.4""],[0.35,""96.78""],[0.36,""49""],[0.37,""57.9""],[0.38,""37.7""],[0.39,""63.37""],[0.4,""43.5""],[0.41,""57.4""],[0.42,""42.3""],[0.43,""57.2""],[0.44,""59.69""],[0.45,""56.34""],[0.46,""80.25""],[0.47,""52.18""],[0.48,""71.94""],[0.49,""82""],[0.5,""172""],[0.51,""177""],[0.52,""172""],[0.53,""177""],[0.54,""77.1""],[0.55,""82.1""],[0.56,""70""],[0.57,""70""],[0.58,""155""],[0.59,""109.75""],[0.6,""95""],[0.61,""111.65""],[0.62,""124.15""],[0.63,""165""],[0.64,""165""],[0.65,""131.23""]]"
2026-05-17T02:51:54.259Z,btc-updown-15m-1778985900,"Bitcoin Up or Down - May 16, 10:45PM-11:00PM ET",btc-updown-15m-1778985900,2026-05-17T03:00:00Z,,0.34,0.35,0.65,0.66,0.345,0.51,171.168212,,5.0,128.03,"[[0.01,""9452.82""],[0.02,""2538.1""],[0.03,""1206.77""],[0.04,""205.09""],[0.05,""183.2""],[0.06,""104.54""],[0.07,""115.39""],[0.08,""90.29""],[0.09,""87.72""],[0.1,""68.29""],[0.11,""311.7""],[0.12,""56.74""],[0.13,""79.2""],[0.14,""52.05""],[0.15,""90.17""],[0.16,""78.55""],[0.17,""102.22""],[0.18,""65.86""],[0.19,""79.77""],[0.2,""58.8""],[0.21,""78.1""],[0.22,""42.5""],[0.23,""45""],[0.24,""50""],[0.25,""70""],[0.26,""135""],[0.27,""125""],[0.28,""5""],[0.29,""120""],[0.31,""20""],[0.32,""5.3""],[0.33,""12.8""],[0.34,""5""]]","[[0.01,""9513.18""],[0.02,""2509.1""],[0.03,""1214.77""],[0.04,""205.09""],[0.05,""178.21""],[0.06,""104.54""],[0.07,""110.68""],[0.08,""90.3""],[0.09,""87.72""],[0.1,""68.3""],[0.11,""84.7""],[0.12,""56.74""],[0.13,""74.2""],[0.14,""57.05""],[0.15,""75.17""],[0.16,""58.55""],[0.17,""67.19""],[0.18,""45.86""],[0.19,""69.77""],[0.2,""43.81""],[0.21,""69.1""],[0.22,""42.5""],[0.23,""61.89""],[0.24,""41.39""],[0.25,""66""],[0.26,""40.6""],[0.27,""65.2""],[0.28,""44.9""],[0.29,""79.6""],[0.3,""49.3""],[0.31,""64""],[0.32,""53.8""],[0.33,""98.6""],[0.34,""43.4""],[0.35,""96.78""],[0.36,""43""],[0.37,""57.9""],[0.38,""37.7""],[0.39,""63.37""],[0.4,""43.5""],[0.41,""57.4""],[0.42,""42.3""],[0.43,""57.2""],[0.44,""59.69""],[0.45,""56.34""],[0.46,""72.1""],[0.47,""52.18""],[0.48,""71.94""],[0.49,""82""],[0.5,""72""],[0.51,""77""],[0.52,""72""],[0.53,""77""],[0.54,""72.1""],[0.55,""77.1""],[0.56,""65""],[0.57,""65""],[0.58,""70""],[0.59,""39.75""],[0.6,""95""],[0.61,""54.65""],[0.62,""51""],[0.63,""45""],[0.64,""165""],[0.65,""128.03""]]"
2026-05-17T02:51:57.834Z,btc-updown-15m-1778985900,"Bitcoin Up or Down - May 16, 10:45PM-11:00PM ET",btc-updown-15m-1778985900,2026-05-17T03:00:00Z,,0.21,0.22,0.78,0.79,0.215,0.51,171.168212,,32.2,97.3,"[[0.01,""9452.82""],[0.02,""2538.1""],[0.03,""1201.77""],[0.04,""205.09""],[0.05,""198.2""],[0.06,""104.54""],[0.07,""130.39""],[0.08,""95.29""],[0.09,""102.72""],[0.1,""68.29""],[0.11,""326.7""],[0.12,""56.74""],[0.13,""89.2""],[0.14,""52.05""],[0.15,""590.17""],[0.16,""63.55""],[0.17,""113.22""],[0.18,""45.56""],[0.19,""71.27""],[0.2,""195.99""],[0.21,""32.2""]]","[[0.01,""9518.18""],[0.02,""2509.1""],[0.03,""1214.77""],[0.04,""205.09""],[0.05,""178.21""],[0.06,""104.54""],[0.07,""110.68""],[0.08,""90.3""],[0.09,""87.72""],[0.1,""68.3""],[0.11,""84.7""],[0.12,""56.74""],[0.13,""74.2""],[0.14,""52.05""],[0.15,""75.17""],[0.16,""58.55""],[0.17,""67.19""],[0.18,""45.86""],[0.19,""64.77""],[0.2,""43.81""],[0.21,""69.1""],[0.22,""42.5""],[0.23,""61.89""],[0.24,""41.39""],[0.25,""66""],[0.26,""40.6""],[0.27,""65.2""],[0.28,""49.9""],[0.29,""79.6""],[0.3,""49.3""],[0.31,""64""],[0.32,""53.8""],[0.33,""93.6""],[0.34,""43.4""],[0.35,""96.78""],[0.36,""43""],[0.37,""57.9""],[0.38,""37.7""],[0.39,""68.37""],[0.4,""43.5""],[0.41,""57.4""],[0.42,""42.3""],[0.43,""57.2""],[0.44,""59.69""],[0.45,""56.34""],[0.46,""52.1""],[0.47,""57.18""],[0.48,""71.94""],[0.49,""77""],[0.5,""78""],[0.51,""77""],[0.52,""72""],[0.53,""77""],[0.54,""77.1""],[0.55,""77.1""],[0.56,""78.9""],[0.57,""177.2""],[0.58,""472.3""],[0.59,""52.15""],[0.6,""72.5""],[0.61,""254.45""],[0.62,""152.7""],[0.63,""157.9""],[0.64,""40""],[0.65,""60.31""],[0.66,""75.2""],[0.67,""92.3""],[0.68,""50""],[0.69,""95""],[0.7,""62""],[0.71,""97""],[0.72,""85""],[0.73,""70""],[0.74,""122""],[0.75,""182""],[0.76,""30.25""],[0.77,""25""],[0.78,""97.3""]]"
2026-05-17T02:51:59.622Z,btc-updown-15m-1778985900,"Bitcoin Up or Down - May 16, 10:45PM-11:00PM ET",btc-updown-15m-1778985900,2026-05-17T03:00:00Z,,0.2,0.21,0.79,0.8,0.20500000000000002,0.51,171.168212,,241.0,147.6,"[[0.01,""9452.82""],[0.02,""2538.1""],[0.03,""1201.77""],[0.04,""205.09""],[0.05,""198.2""],[0.06,""104.54""],[0.07,""130.39""],[0.08,""95.29""],[0.09,""102.72""],[0.1,""368.29""],[0.11,""326.7""],[0.12,""56.74""],[0.13,""99.2""],[0.14,""261.35""],[0.15,""491.07""],[0.16,""21.25""],[0.17,""71.92""],[0.18,""130.56""],[0.19,""80.79""],[0.2,""241""]]","[[0.01,""9518.18""],[0.02,""2509.1""],[0.03,""1214.77""],[0.04,""205.09""],[0.05,""178.21""],[0.06,""104.54""],[0.07,""110.68""],[0.08,""90.3""],[0.09,""87.72""],[0.1,""68.3""],[0.11,""84.7""],[0.12,""56.74""],[0.13,""74.2""],[0.14,""52.05""],[0.15,""75.17""],[0.16,""58.55""],[0.17,""67.19""],[0.18,""45.86""],[0.19,""64.77""],[0.2,""43.81""],[0.21,""69.1""],[0.22,""42.5""],[0.23,""61.89""],[0.24,""41.39""],[0.25,""66""],[0.26,""40.6""],[0.27,""65.2""],[0.28,""49.9""],[0.29,""79.6""],[0.3,""54.3""],[0.31,""64""],[0.32,""53.8""],[0.33,""93.6""],[0.34,""43.4""],[0.35,""96.78""],[0.36,""43""],[0.37,""57.9""],[0.38,""37.7""],[0.39,""63.37""],[0.4,""43.5""],[0.41,""57.4""],[0.42,""42.3""],[0.43,""57.2""],[0.44,""59.69""],[0.45,""56.34""],[0.46,""52.1""],[0.47,""52.18""],[0.48,""61.94""],[0.49,""77""],[0.5,""63""],[0.51,""77""],[0.52,""57""],[0.53,""77""],[0.54,""57.1""],[0.55,""77.1""],[0.56,""262.2""],[0.57,""177.2""],[0.58,""457.3""],[0.59,""52.15""],[0.6,""371.5""],[0.61,""249.45""],[0.62,""152.7""],[0.63,""162.9""],[0.64,""53""],[0.65,""78.51""],[0.66,""88.6""],[0.67,""105.9""],[0.68,""50""],[0.69,""55""],[0.7,""55""],[0.71,""62""],[0.72,""64""],[0.73,""83""],[0.74,""117""],[0.75,""177""],[0.76,""40""],[0.77,""76.73""],[0.78,""102.12""],[0.79,""147.6""]]"
2026-05-17T02:52:05.561Z,btc-updown-15m-1778985900,"Bitcoin Up or Down - May 16, 10:45PM-11:00PM ET",btc-updown-15m-1778985900,2026-05-17T03:00:00Z,,0.19,0.2,0.8,0.81,0.195,0.47,3193.7123299999994,,156.39,116.15,"[[0.01,""9452.82""],[0.02,""2488.1""],[0.03,""1201.77""],[0.04,""215.09""],[0.05,""203.2""],[0.06,""109.54""],[0.07,""487.39""],[0.08,""90.29""],[0.09,""402.72""],[0.1,""73.29""],[0.11,""129.7""],[0.12,""96.74""],[0.13,""289.2""],[0.14,""467.15""],[0.15,""427.07""],[0.16,""136.25""],[0.17,""226.92""],[0.18,""44.06""],[0.19,""156.39""]]","[[0.01,""9518.18""],[0.02,""2459.1""],[0.03,""1214.77""],[0.04,""205.09""],[0.05,""178.21""],[0.06,""104.54""],[0.07,""110.68""],[0.08,""90.3""],[0.09,""87.72""],[0.1,""68.3""],[0.11,""84.7""],[0.12,""56.74""],[0.13,""74.2""],[0.14,""52.05""],[0.15,""75.17""],[0.16,""58.55""],[0.17,""67.19""],[0.18,""45.86""],[0.19,""64.77""],[0.2,""43.81""],[0.21,""69.1""],[0.22,""42.5""],[0.23,""61.89""],[0.24,""41.39""],[0.25,""66""],[0.26,""40.6""],[0.27,""65.2""],[0.28,""44.9""],[0.29,""79.6""],[0.3,""59.3""],[0.31,""64""],[0.32,""53.8""],[0.33,""93.6""],[0.34,""43.4""],[0.35,""96.78""],[0.36,""43""],[0.37,""57.9""],[0.38,""37.7""],[0.39,""63.37""],[0.4,""43.5""],[0.41,""57.4""],[0.42,""37.3""],[0.43,""57.2""],[0.44,""59.69""],[0.45,""56.34""],[0.46,""57.1""],[0.47,""52.18""],[0.48,""42""],[0.49,""77""],[0.5,""57""],[0.51,""77""],[0.52,""105""],[0.53,""83""],[0.54,""57.1""],[0.55,""77.1""],[0.56,""62.2""],[0.57,""177.2""],[0.58,""57.3""],[0.59,""58.51""],[0.6,""257.5""],[0.61,""649.45""],[0.62,""52.7""],[0.63,""466.9""],[0.64,""153""],[0.65,""63.51""],[0.66,""63.6""],[0.67,""85.6""],[0.68,""58.8""],[0.69,""59""],[0.7,""59.3""],[0.71,""45""],[0.72,""122""],[0.73,""88""],[0.74,""113""],[0.75,""215""],[0.76,""157.5""],[0.77,""50.19""],[0.78,""130""],[0.79,""55.06""],[0.8,""116.15""]]"
2026-05-17T02:52:08.664Z,btc-updown-15m-1778985900,"Bitcoin Up or Down - May 16, 10:45PM-11:00PM ET",btc-updown-15m-1778985900,2026-05-17T03:00:00Z,,0.19,0.2,0.8,0.81,0.195,0.47,3193.7123299999994,,5.09,142.3,"[[0.01,""9452.82""],[0.02,""2488.1""],[0.03,""1201.77""],[0.04,""210.09""],[0.05,""198.2""],[0.06,""104.54""],[0.07,""487.39""],[0.08,""90.29""],[0.09,""102.72""],[0.1,""84.29""],[0.11,""124.7""],[0.12,""91.74""],[0.13,""74.2""],[0.14,""62.15""],[0.15,""203.57""],[0.16,""128.73""],[0.17,""71.92""],[0.18,""12.5""],[0.19,""5.09""]]","[[0.01,""9527.71""],[0.02,""2459.1""],[0.03,""1221.45""],[0.04,""205.09""],[0.05,""178.21""],[0.06,""104.54""],[0.07,""105.39""],[0.08,""95.35""],[0.09,""87.72""],[0.1,""68.3""],[0.11,""84.7""],[0.12,""56.74""],[0.13,""74.2""],[0.14,""52.05""],[0.15,""75.17""],[0.16,""58.55""],[0.17,""67.19""],[0.18,""45.86""],[0.19,""64.77""],[0.2,""68.81""],[0.21,""69.1""],[0.22,""42.5""],[0.23,""61.89""],[0.24,""41.39""],[0.25,""66""],[0.26,""40.6""],[0.27,""65.2""],[0.28,""44.9""],[0.29,""79.6""],[0.3,""59.3""],[0.31,""64""],[0.32,""53.8""],[0.33,""93.6""],[0.34,""43.4""],[0.35,""96.78""],[0.36,""43""],[0.37,""57.9""],[0.38,""37.7""],[0.39,""63.37""],[0.4,""43.5""],[0.41,""57.4""],[0.42,""37.3""],[0.43,""57.2""],[0.44,""59.69""],[0.45,""56.34""],[0.46,""52.1""],[0.47,""52.18""],[0.48,""47""],[0.49,""77""],[0.5,""62""],[0.51,""77""],[0.52,""105""],[0.53,""77""],[0.54,""57.1""],[0.55,""77.1""],[0.56,""62.2""],[0.57,""77.2""],[0.58,""57.3""],[0.59,""58.51""],[0.6,""57.5""],[0.61,""49.45""],[0.62,""52.7""],[0.63,""67.9""],[0.64,""53""],[0.65,""63.51""],[0.66,""58.6""],[0.67,""80.6""],[0.68,""58.8""],[0.69,""59""],[0.7,""59.3""],[0.71,""59.6""],[0.72,""105""],[0.73,""83""],[0.74,""105""],[0.75,""215""],[0.76,""152.5""],[0.77,""45""],[0.78,""55.12""],[0.79,""50""],[0.8,""142.3""]]"
2026-05-17T02:52:10.672Z,btc-updown-15m-1778985900,"Bitcoin Up or Down - May 16, 10:45PM-11:00PM ET",btc-updown-15m-1778985900,2026-05-17T03:00:00Z,,0.18,0.19,0.81,0.82,0.185,0.47,3193.7123299999994,,7.4,236.36,"[[0.01,""9447.82""],[0.02,""2488.1""],[0.03,""1201.77""],[0.04,""210.09""],[0.05,""198.2""],[0.06,""104.54""],[0.07,""487.39""],[0.08,""90.29""],[0.09,""102.72""],[0.1,""68.29""],[0.11,""124.7""],[0.12,""86.74""],[0.13,""74.2""],[0.14,""69.65""],[0.15,""458.17""],[0.16,""140.73""],[0.17,""109.42""],[0.18,""7.4""]]","[[0.01,""9522.71""],[0.02,""2459.1""],[0.03,""1221.45""],[0.04,""205.09""],[0.05,""178.21""],[0.06,""104.54""],[0.07,""105.39""],[0.08,""95.35""],[0.09,""87.72""],[0.1,""68.3""],[0.11,""84.7""],[0.12,""56.74""],[0.13,""74.2""],[0.14,""52.05""],[0.15,""75.17""],[0.16,""58.55""],[0.17,""67.19""],[0.18,""45.86""],[0.19,""64.77""],[0.2,""68.81""],[0.21,""69.1""],[0.22,""42.5""],[0.23,""61.89""],[0.24,""41.39""],[0.25,""66""],[0.26,""40.6""],[0.27,""65.2""],[0.28,""44.9""],[0.29,""79.6""],[0.3,""54.3""],[0.31,""69""],[0.32,""53.8""],[0.33,""93.6""],[0.34,""43.4""],[0.35,""96.78""],[0.36,""43""],[0.37,""57.9""],[0.38,""37.7""],[0.39,""63.37""],[0.4,""43.5""],[0.41,""57.4""],[0.42,""37.3""],[0.43,""57.2""],[0.44,""48.69""],[0.45,""56.34""],[0.46,""52.1""],[0.47,""52.18""],[0.48,""47""],[0.49,""77""],[0.5,""57""],[0.51,""77""],[0.52,""105""],[0.53,""77""],[0.54,""57.1""],[0.55,""77.1""],[0.56,""62.2""],[0.57,""77.2""],[0.58,""57.3""],[0.59,""58.51""],[0.6,""57.5""],[0.61,""49.45""],[0.62,""52.7""],[0.63,""67.9""],[0.64,""53""],[0.65,""63.51""],[0.66,""58.6""],[0.67,""85.6""],[0.68,""58.8""],[0.69,""64""],[0.7,""54.3""],[0.71,""59.6""],[0.72,""105""],[0.73,""88""],[0.74,""105""],[0.75,""225""],[0.76,""165.5""],[0.77,""45""],[0.78,""50""],[0.79,""42.86""],[0.8,""199.8""],[0.81,""236.36""]]"
2026-05-17T02:52:13.580Z,btc-updown-15m-1778985900,"Bitcoin Up or Down - May 16, 10:45PM-11:00PM ET",btc-updown-15m-1778985900,2026-05-17T03:00:00Z,,0.13,0.17,0.84,0.88,0.15000000000000002,0.47,3193.7123299999994,,5.59,10.0,"[[0.01,""9452.82""],[0.02,""2488.1""],[0.03,""1201.77""],[0.04,""205.09""],[0.05,""198.2""],[0.06,""104.54""],[0.07,""472.39""],[0.08,""95.29""],[0.09,""89.85""],[0.1,""48.29""],[0.11,""34.07""],[0.13,""5.59""]]","[[0.01,""9522.71""],[0.02,""2509.1""],[0.03,""1221.45""],[0.04,""205.09""],[0.05,""178.21""],[0.06,""104.54""],[0.07,""105.39""],[0.08,""95.35""],[0.09,""87.72""],[0.1,""68.3""],[0.11,""84.7""],[0.12,""56.74""],[0.13,""74.2""],[0.14,""52.05""],[0.15,""75.17""],[0.16,""58.55""],[0.17,""67.19""],[0.18,""45.86""],[0.19,""64.77""],[0.2,""68.81""],[0.21,""69.1""],[0.22,""42.5""],[0.23,""61.89""],[0.24,""41.39""],[0.25,""66""],[0.26,""40.6""],[0.27,""65.2""],[0.28,""44.9""],[0.29,""79.6""],[0.3,""54.3""],[0.31,""64""],[0.32,""58.8""],[0.33,""93.6""],[0.34,""43.4""],[0.35,""96.78""],[0.36,""43""],[0.37,""57.9""],[0.38,""37.7""],[0.39,""63.37""],[0.4,""43.5""],[0.41,""57.4""],[0.42,""37.3""],[0.43,""57.2""],[0.44,""48.69""],[0.45,""56.34""],[0.46,""52.1""],[0.47,""52.18""],[0.48,""42""],[0.49,""77""],[0.5,""57""],[0.51,""82""],[0.52,""105""],[0.53,""77""],[0.54,""57.1""],[0.55,""77.1""],[0.56,""57.2""],[0.57,""77.2""],[0.58,""57.3""],[0.59,""52.15""],[0.6,""57.5""],[0.61,""54.45""],[0.62,""52.7""],[0.63,""57.9""],[0.64,""53""],[0.65,""63.51""],[0.66,""58.6""],[0.67,""85.6""],[0.68,""53.8""],[0.69,""59""],[0.7,""54.3""],[0.71,""59.6""],[0.72,""54.9""],[0.73,""65.2""],[0.74,""65""],[0.75,""45""],[0.76,""60.74""],[0.77,""53.05""],[0.78,""88.05""],[0.79,""62.8""],[0.8,""112.8""],[0.81,""62.38""],[0.82,""83.36""],[0.83,""230.71""],[0.84,""10""]]"
2026-05-17T02:52:16.911Z,btc-updown-15m-1778985900,"Bitcoin Up or Down - May 16, 10:45PM-11:00PM ET",btc-updown-15m-1778985900,2026-05-17T03:00:00Z,,0.13,0.18,0.82,0.87,0.155,0.47,3193.7123299999994,,35.0,5.0,"[[0.01,""9452.82""],[0.02,""2488.1""],[0.03,""1206.77""],[0.04,""205.09""],[0.05,""183.2""],[0.06,""110.54""],[0.07,""500.85""],[0.08,""290.29""],[0.09,""109.85""],[0.1,""267.68""],[0.11,""153.62""],[0.13,""35""]]","[[0.01,""9522.71""],[0.02,""2509.1""],[0.03,""1221.45""],[0.04,""205.09""],[0.05,""178.21""],[0.06,""104.54""],[0.07,""105.39""],[0.08,""95.35""],[0.09,""87.72""],[0.1,""68.3""],[0.11,""79.7""],[0.12,""56.74""],[0.13,""74.2""],[0.14,""52.05""],[0.15,""70.17""],[0.16,""58.55""],[0.17,""67.19""],[0.18,""45.86""],[0.19,""64.77""],[0.2,""68.81""],[0.21,""69.1""],[0.22,""42.5""],[0.23,""61.89""],[0.24,""41.39""],[0.25,""66""],[0.26,""40.6""],[0.27,""65.2""],[0.28,""44.9""],[0.29,""79.6""],[0.3,""49.3""],[0.31,""64""],[0.32,""53.8""],[0.33,""93.6""],[0.34,""43.4""],[0.35,""96.78""],[0.36,""43""],[0.37,""57.9""],[0.38,""37.7""],[0.39,""63.37""],[0.4,""43.5""],[0.41,""62.4""],[0.42,""37.3""],[0.43,""57.2""],[0.44,""48.69""],[0.45,""56.34""],[0.46,""52.1""],[0.47,""52.18""],[0.48,""37""],[0.49,""77""],[0.5,""57""],[0.51,""77""],[0.52,""105""],[0.53,""77""],[0.54,""57.1""],[0.55,""77.1""],[0.56,""57.2""],[0.57,""77.2""],[0.58,""62.3""],[0.59,""52.15""],[0.6,""57.5""],[0.61,""49.45""],[0.62,""37.7""],[0.63,""57.9""],[0.64,""38""],[0.65,""63.51""],[0.66,""53.4""],[0.67,""85.8""],[0.68,""53.8""],[0.69,""59""],[0.7,""454.3""],[0.71,""64.6""],[0.72,""54.9""],[0.73,""60.2""],[0.74,""55.6""],[0.75,""61""],[0.76,""77.13""],[0.77,""53.05""],[0.78,""113.05""],[0.79,""45""],[0.8,""40""],[0.81,""46.58""],[0.82,""5""]]"
2026-05-17T02:52:18.876Z,btc-updown-15m-1778985900,"Bitcoin Up or Down - May 16, 10:45PM-11:00PM ET",btc-updown-15m-1778985900,2026-05-17T03:00:00Z,,0.17,0.18,0.82,0.83,0.175,0.47,3193.7123299999994,,25.77,5.0,"[[0.01,""9457.82""],[0.02,""2498.1""],[0.03,""1206.77""],[0.04,""210.09""],[0.05,""203.2""],[0.06,""110.54""],[0.07,""487.39""],[0.08,""190.29""],[0.09,""202.72""],[0.1,""83.29""],[0.11,""350.46""],[0.12,""38.3""],[0.13,""97.66""],[0.14,""59.93""],[0.15,""36.47""],[0.16,""43.25""],[0.17,""25.77""]]","[[0.01,""9522.71""],[0.02,""2509.1""],[0.03,""1221.45""],[0.04,""205.09""],[0.05,""178.21""],[0.06,""104.54""],[0.07,""105.39""],[0.08,""95.35""],[0.09,""87.72""],[0.1,""68.3""],[0.11,""79.7""],[0.12,""56.74""],[0.13,""74.2""],[0.14,""52.05""],[0.15,""70.17""],[0.16,""58.55""],[0.17,""67.19""],[0.18,""45.86""],[0.19,""64.77""],[0.2,""68.81""],[0.21,""69.1""],[0.22,""42.5""],[0.23,""61.89""],[0.24,""41.39""],[0.25,""66""],[0.26,""40.6""],[0.27,""65.2""],[0.28,""44.9""],[0.29,""79.6""],[0.3,""49.3""],[0.31,""64""],[0.32,""58.8""],[0.33,""93.6""],[0.34,""43.4""],[0.35,""96.78""],[0.36,""43""],[0.37,""57.9""],[0.38,""37.7""],[0.39,""63.37""],[0.4,""43.5""],[0.41,""62.4""],[0.42,""37.3""],[0.43,""57.2""],[0.44,""48.69""],[0.45,""56.34""],[0.46,""52.1""],[0.47,""52.18""],[0.48,""37""],[0.49,""77""],[0.5,""57""],[0.51,""77""],[0.52,""105""],[0.53,""82""],[0.54,""57.1""],[0.55,""77.1""],[0.56,""57.2""],[0.57,""77.2""],[0.58,""62.3""],[0.59,""52.15""],[0.6,""57.5""],[0.61,""54.45""],[0.62,""43.75""],[0.63,""57.9""],[0.64,""53""],[0.65,""63.51""],[0.66,""58.4""],[0.67,""85.8""],[0.68,""53.8""],[0.69,""159""],[0.7,""254.3""],[0.71,""358.6""],[0.72,""154.9""],[0.73,""60.2""],[0.74,""55.6""],[0.75,""61""],[0.76,""117.13""],[0.77,""53.05""],[0.78,""128.05""],[0.79,""137""],[0.8,""40""],[0.81,""9.52""],[0.82,""5""]]"
2026-05-17T02:52:20.880Z,btc-updown-15m-1778985900,"Bitcoin Up or Down - May 16, 10:45PM-11:00PM ET",btc-updown-15m-1778985900,2026-05-17T03:00:00Z,,0.16,0.17,0.83,0.84,0.165,0.47,3193.7123299999994,,25.35,151.6,"[[0.01,""9452.82""],[0.02,""2498.1""],[0.03,""1206.77""],[0.04,""210.09""],[0.05,""203.2""],[0.06,""115.54""],[0.07,""487.39""],[0.08,""190.29""],[0.09,""327.72""],[0.1,""598.29""],[0.11,""408.77""],[0.12,""257.34""],[0.13,""234.7""],[0.14,""73.15""],[0.15,""14.82""],[0.16,""25.35""]]","[[0.01,""9527.71""],[0.02,""2509.1""],[0.03,""1221.45""],[0.04,""205.09""],[0.05,""178.21""],[0.06,""104.54""],[0.07,""105.39""],[0.08,""95.35""],[0.09,""87.72""],[0.1,""68.3""],[0.11,""79.7""],[0.12,""56.74""],[0.13,""74.2""],[0.14,""52.05""],[0.15,""70.17""],[0.16,""58.55""],[0.17,""67.19""],[0.18,""45.86""],[0.19,""64.77""],[0.2,""68.81""],[0.21,""69.1""],[0.22,""42.5""],[0.23,""61.89""],[0.24,""41.39""],[0.25,""66""],[0.26,""40.6""],[0.27,""65.2""],[0.28,""44.9""],[0.29,""79.6""],[0.3,""49.3""],[0.31,""64""],[0.32,""53.8""],[0.33,""98.6""],[0.34,""43.4""],[0.35,""96.78""],[0.36,""43""],[0.37,""57.9""],[0.38,""37.7""],[0.39,""63.37""],[0.4,""43.5""],[0.41,""62.4""],[0.42,""37.3""],[0.43,""57.2""],[0.44,""48.69""],[0.45,""56.34""],[0.46,""52.1""],[0.47,""52.18""],[0.48,""37""],[0.49,""77""],[0.5,""57""],[0.51,""77""],[0.52,""105""],[0.53,""82""],[0.54,""57.1""],[0.55,""77.1""],[0.56,""57.2""],[0.57,""77.2""],[0.58,""62.3""],[0.59,""52.15""],[0.6,""57.5""],[0.61,""54.45""],[0.62,""43.75""],[0.63,""63.9""],[0.64,""53""],[0.65,""163.51""],[0.66,""53.4""],[0.67,""90.8""],[0.68,""253.8""],[0.69,""159""],[0.7,""654.3""],[0.71,""59.6""],[0.72,""154.9""],[0.73,""60.2""],[0.74,""55.6""],[0.75,""61""],[0.76,""122.13""],[0.77,""53.05""],[0.78,""128.05""],[0.79,""182.03""],[0.8,""140""],[0.81,""37.34""],[0.82,""62.8""],[0.83,""151.6""]]"
2026-05-17T02:52:23.021Z,btc-updown-15m-1778985900,"Bitcoin Up or Down - May 16, 10:45PM-11:00PM ET",btc-updown-15m-1778985900,2026-05-17T03:00:00Z,,0.15,0.16,0.84,0.85,0.155,0.47,3193.7123299999994,,104.05,45.03,"[[0.01,""9477.82""],[0.02,""2518.1""],[0.03,""1221.77""],[0.04,""225.09""],[0.05,""218.2""],[0.06,""129.54""],[0.07,""507.39""],[0.08,""110.29""],[0.09,""247.72""],[0.1,""318.29""],[0.11,""823.77""],[0.12,""278.96""],[0.13,""234.7""],[0.14,""48.15""],[0.15,""104.05""]]","[[0.01,""9532.71""],[0.02,""2459.1""],[0.03,""1221.45""],[0.04,""205.09""],[0.05,""178.21""],[0.06,""104.54""],[0.07,""105.39""],[0.08,""95.35""],[0.09,""87.72""],[0.1,""68.3""],[0.11,""79.7""],[0.12,""56.74""],[0.13,""74.2""],[0.14,""52.05""],[0.15,""70.17""],[0.16,""58.55""],[0.17,""67.19""],[0.18,""45.86""],[0.19,""64.77""],[0.2,""68.81""],[0.21,""69.1""],[0.22,""42.5""],[0.23,""61.89""],[0.24,""41.39""],[0.25,""66""],[0.26,""40.6""],[0.27,""65.2""],[0.28,""44.9""],[0.29,""79.6""],[0.3,""49.3""],[0.31,""64""],[0.32,""53.8""],[0.33,""93.6""],[0.34,""48.4""],[0.35,""96.78""],[0.36,""43""],[0.37,""57.9""],[0.38,""37.7""],[0.39,""63.37""],[0.4,""43.5""],[0.41,""62.4""],[0.42,""37.3""],[0.43,""57.2""],[0.44,""48.69""],[0.45,""56.34""],[0.46,""52.1""],[0.47,""52.18""],[0.48,""37""],[0.49,""57""],[0.5,""37""],[0.51,""57""],[0.52,""85""],[0.53,""62""],[0.54,""37.1""],[0.55,""57.1""],[0.56,""37.2""],[0.57,""57.2""],[0.58,""42.3""],[0.59,""32.15""],[0.6,""37.5""],[0.61,""60.45""],[0.62,""48.79""],[0.63,""57.9""],[0.64,""53""],[0.65,""63.51""],[0.66,""53.4""],[0.67,""590.8""],[0.68,""58.8""],[0.69,""59""],[0.7,""174.3""],[0.71,""179.6""],[0.72,""174.9""],[0.73,""85.2""],[0.74,""180.6""],[0.75,""91""],[0.76,""137.13""],[0.77,""98.05""],[0.78,""153.05""],[0.79,""181""],[0.8,""195""],[0.81,""77.34""],[0.82,""117.8""],[0.83,""185.8""],[0.84,""45.03""]]"
2026-05-17T02:52:27.023Z,btc-updown-15m-1778985900,"Bitcoin Up or Down - May 16, 10:45PM-11:00PM ET",btc-updown-15m-1778985900,2026-05-17T03:00:00Z,,0.15,0.16,0.84,0.85,0.155,0.47,3193.7123299999994,,105.72,12.8,"[[0.01,""9477.82""],[0.02,""2523.1""],[0.03,""1226.77""],[0.04,""230.09""],[0.05,""218.2""],[0.06,""129.54""],[0.07,""807.39""],[0.08,""123.29""],[0.09,""247.72""],[0.1,""568.29""],[0.11,""650.7""],[0.12,""313.96""],[0.13,""177.7""],[0.14,""106.15""],[0.15,""105.72""]]","[[0.01,""9522.71""],[0.02,""2459.1""],[0.03,""1221.45""],[0.04,""205.09""],[0.05,""178.21""],[0.06,""104.54""],[0.07,""105.39""],[0.08,""95.35""],[0.09,""87.72""],[0.1,""68.3""],[0.11,""79.7""],[0.12,""56.74""],[0.13,""74.2""],[0.14,""52.05""],[0.15,""70.17""],[0.16,""58.55""],[0.17,""67.19""],[0.18,""45.86""],[0.19,""64.77""],[0.2,""68.81""],[0.21,""69.1""],[0.22,""42.5""],[0.23,""61.89""],[0.24,""41.39""],[0.25,""66""],[0.26,""40.6""],[0.27,""65.2""],[0.28,""44.9""],[0.29,""79.6""],[0.3,""49.3""],[0.31,""64""],[0.32,""53.8""],[0.33,""98.6""],[0.34,""43.4""],[0.35,""96.78""],[0.36,""43""],[0.37,""57.9""],[0.38,""37.7""],[0.39,""63.37""],[0.4,""43.5""],[0.41,""62.4""],[0.42,""37.3""],[0.43,""57.2""],[0.44,""48.69""],[0.45,""56.34""],[0.46,""52.1""],[0.47,""52.18""],[0.48,""37""],[0.49,""57""],[0.5,""37""],[0.51,""57""],[0.52,""85""],[0.53,""62""],[0.54,""37.1""],[0.55,""57.1""],[0.56,""37.2""],[0.57,""57.2""],[0.58,""42.3""],[0.59,""32.15""],[0.6,""37.5""],[0.61,""60.45""],[0.62,""42.74""],[0.63,""63.85""],[0.64,""38""],[0.65,""263.51""],[0.66,""53.4""],[0.67,""590.8""],[0.68,""357.8""],[0.69,""79""],[0.7,""74.3""],[0.71,""179.6""],[0.72,""274.9""],[0.73,""80.2""],[0.74,""185.6""],[0.75,""96""],[0.76,""107.13""],[0.77,""223.05""],[0.78,""123.05""],[0.79,""126""],[0.8,""195""],[0.81,""228.65""],[0.82,""102.8""],[0.83,""115.42""],[0.84,""12.8""]]"
2026-05-17T02:52:31.096Z,btc-updown-15m-1778985900,"Bitcoin Up or Down - May 16, 10:45PM-11:00PM ET",btc-updown-15m-1778985900,2026-05-17T03:00:00Z,,0.15,0.16,0.84,0.85,0.155,0.47,3193.7123299999994,,176.89,5.0,"[[0.01,""9482.82""],[0.02,""2173.1""],[0.03,""988.77""],[0.04,""150.09""],[0.05,""238.2""],[0.06,""134.54""],[0.07,""512.39""],[0.08,""128.29""],[0.09,""147.72""],[0.1,""268.79""],[0.11,""250.7""],[0.12,""493.56""],[0.13,""175.75""],[0.14,""96.15""],[0.15,""176.89""]]","[[0.01,""9527.71""],[0.02,""2159.1""],[0.03,""988.45""],[0.04,""130.09""],[0.05,""178.21""],[0.06,""104.54""],[0.07,""105.39""],[0.08,""95.35""],[0.09,""87.72""],[0.1,""68.3""],[0.11,""79.7""],[0.12,""56.74""],[0.13,""74.2""],[0.14,""52.05""],[0.15,""70.17""],[0.16,""58.55""],[0.17,""67.19""],[0.18,""45.86""],[0.19,""64.77""],[0.2,""68.81""],[0.21,""69.1""],[0.22,""42.5""],[0.23,""61.89""],[0.24,""41.39""],[0.25,""66""],[0.26,""40.6""],[0.27,""60.2""],[0.28,""39.9""],[0.29,""74.6""],[0.3,""44.3""],[0.31,""59""],[0.32,""48.8""],[0.33,""88.6""],[0.34,""43.4""],[0.35,""96.78""],[0.36,""43""],[0.37,""57.9""],[0.38,""37.7""],[0.39,""63.37""],[0.4,""43.5""],[0.41,""62.4""],[0.42,""37.3""],[0.43,""57.2""],[0.44,""48.69""],[0.45,""56.34""],[0.46,""52.1""],[0.47,""52.18""],[0.48,""37""],[0.49,""57""],[0.5,""37""],[0.51,""57""],[0.52,""85""],[0.53,""62""],[0.54,""42.1""],[0.55,""57.1""],[0.56,""37.2""],[0.57,""57.2""],[0.58,""43.3""],[0.59,""32.15""],[0.6,""37.5""],[0.61,""54.45""],[0.62,""42.74""],[0.63,""63.85""],[0.64,""38""],[0.65,""163.51""],[0.66,""43.4""],[0.67,""80.6""],[0.68,""53.8""],[0.69,""79""],[0.7,""274.3""],[0.71,""84.6""],[0.72,""174.9""],[0.73,""80.2""],[0.74,""160.6""],[0.75,""86""],[0.76,""85.74""],[0.77,""118.05""],[0.78,""123.05""],[0.79,""122""],[0.8,""165""],[0.81,""172.36""],[0.82,""100""],[0.83,""73""],[0.84,""5""]]"
2026-05-17T02:52:35.246Z,btc-updown-15m-1778985900,"Bitcoin Up or Down - May 16, 10:45PM-11:00PM ET",btc-updown-15m-1778985900,2026-05-17T03:00:00Z,,0.19,0.2,0.8,0.81,0.195,0.47,3193.7123299999994,,108.85,19.95,"[[0.01,""9482.82""],[0.02,""2173.1""],[0.03,""1028.77""],[0.04,""150.09""],[0.05,""223.2""],[0.06,""129.54""],[0.07,""512.39""],[0.08,""110.29""],[0.09,""127.72""],[0.1,""193.29""],[0.11,""150.7""],[0.12,""120.74""],[0.13,""117.25""],[0.14,""93.15""],[0.15,""134.16""],[0.16,""77.5""],[0.17,""85.4""],[0.18,""69.36""],[0.19,""108.85""]]","[[0.01,""9522.71""],[0.02,""2159.1""],[0.03,""988.45""],[0.04,""130.09""],[0.05,""178.21""],[0.06,""104.54""],[0.07,""105.39""],[0.08,""95.35""],[0.09,""87.72""],[0.1,""68.3""],[0.11,""79.7""],[0.12,""56.74""],[0.13,""74.2""],[0.14,""52.05""],[0.15,""70.17""],[0.16,""58.55""],[0.17,""67.19""],[0.18,""45.86""],[0.19,""64.77""],[0.2,""68.81""],[0.21,""69.1""],[0.22,""42.5""],[0.23,""61.89""],[0.24,""41.39""],[0.25,""66""],[0.26,""40.6""],[0.27,""60.2""],[0.28,""39.9""],[0.29,""74.6""],[0.3,""44.3""],[0.31,""59""],[0.32,""53.8""],[0.33,""88.6""],[0.34,""38.4""],[0.35,""96.78""],[0.36,""43""],[0.37,""57.9""],[0.38,""37.7""],[0.39,""63.37""],[0.4,""43.5""],[0.41,""62.4""],[0.42,""37.3""],[0.43,""57.2""],[0.44,""48.69""],[0.45,""56.34""],[0.46,""52.1""],[0.47,""52.18""],[0.48,""37""],[0.49,""57""],[0.5,""37""],[0.51,""57""],[0.52,""85""],[0.53,""67""],[0.54,""37.1""],[0.55,""57.1""],[0.56,""43.2""],[0.57,""57.2""],[0.58,""37.3""],[0.59,""32.15""],[0.6,""43.75""],[0.61,""54.45""],[0.62,""42.74""],[0.63,""57.9""],[0.64,""153""],[0.65,""63.51""],[0.66,""58.4""],[0.67,""185.6""],[0.68,""153.8""],[0.69,""79""],[0.7,""74.3""],[0.71,""264.6""],[0.72,""84.9""],[0.73,""85.2""],[0.74,""65""],[0.75,""175""],[0.76,""97.74""],[0.77,""118.05""],[0.78,""125.77""],[0.79,""152.8""],[0.8,""19.95""]]"
2026-05-17T02:52:39.547Z,btc-updown-15m-1778985900,"Bitcoin Up or Down - May 16, 10:45PM-11:00PM ET",btc-updown-15m-1778985900,2026-05-17T03:00:00Z,,0.16,0.17,0.83,0.84,0.165,0.47,3193.7123299999994,,32.25,114.15,"[[0.01,""9477.82""],[0.02,""2168.1""],[0.03,""988.77""],[0.04,""150.09""],[0.05,""218.2""],[0.06,""141.54""],[0.07,""507.39""],[0.08,""110.29""],[0.09,""119.72""],[0.1,""443.29""],[0.11,""375.7""],[0.12,""659.74""],[0.13,""293.06""],[0.14,""29""],[0.15,""20""],[0.16,""32.25""]]","[[0.01,""9527.71""],[0.02,""2109.1""],[0.03,""988.45""],[0.04,""130.09""],[0.05,""178.21""],[0.06,""104.54""],[0.07,""105.39""],[0.08,""95.35""],[0.09,""87.72""],[0.1,""68.3""],[0.11,""79.7""],[0.12,""56.74""],[0.13,""74.2""],[0.14,""52.05""],[0.15,""70.17""],[0.16,""58.55""],[0.17,""67.19""],[0.18,""45.86""],[0.19,""64.77""],[0.2,""68.81""],[0.21,""69.1""],[0.22,""42.5""],[0.23,""61.89""],[0.24,""41.39""],[0.25,""66""],[0.26,""40.6""],[0.27,""60.2""],[0.28,""39.9""],[0.29,""69.6""],[0.3,""44.3""],[0.31,""59""],[0.32,""48.8""],[0.33,""93.6""],[0.34,""38.4""],[0.35,""96.78""],[0.36,""43""],[0.37,""57.9""],[0.38,""37.7""],[0.39,""63.37""],[0.4,""43.5""],[0.41,""62.4""],[0.42,""37.3""],[0.43,""57.2""],[0.44,""48.69""],[0.45,""56.34""],[0.46,""52.1""],[0.47,""52.18""],[0.48,""37""],[0.49,""57""],[0.5,""37""],[0.51,""57""],[0.52,""85""],[0.53,""67""],[0.54,""37.1""],[0.55,""57.1""],[0.56,""37.2""],[0.57,""63.2""],[0.58,""37.3""],[0.59,""32.15""],[0.6,""37.5""],[0.61,""54.45""],[0.62,""242.74""],[0.63,""457.9""],[0.64,""53""],[0.65,""63.51""],[0.66,""53.4""],[0.67,""185.6""],[0.68,""53.8""],[0.69,""84""],[0.7,""174.3""],[0.71,""284.6""],[0.72,""79.9""],[0.73,""185.2""],[0.74,""80.6""],[0.75,""91""],[0.76,""90.74""],[0.77,""163.05""],[0.78,""163.05""],[0.79,""239.8""],[0.8,""206.05""],[0.81,""128.8""],[0.82,""94""],[0.83,""114.15""]]"
2026-05-17T02:52:42.989Z,btc-updown-15m-1778985900,"Bitcoin Up or Down - May 16, 10:45PM-11:00PM ET",btc-updown-15m-1778985900,2026-05-17T03:00:00Z,,0.15,0.16,0.84,0.85,0.155,0.47,3193.7123299999994,,5.0,94.5,"[[0.01,""9467.82""],[0.02,""2168.1""],[0.03,""988.77""],[0.04,""150.09""],[0.05,""218.2""],[0.06,""124.54""],[0.07,""507.39""],[0.08,""390.29""],[0.09,""147.72""],[0.1,""123.29""],[0.11,""305.7""],[0.12,""448.76""],[0.13,""32.75""],[0.14,""11.07""],[0.15,""5""]]","[[0.01,""9527.71""],[0.02,""2159.1""],[0.03,""988.45""],[0.04,""130.09""],[0.05,""178.21""],[0.06,""104.54""],[0.07,""105.39""],[0.08,""95.35""],[0.09,""87.72""],[0.1,""68.3""],[0.11,""79.7""],[0.12,""56.74""],[0.13,""74.2""],[0.14,""52.05""],[0.15,""70.17""],[0.16,""58.55""],[0.17,""67.19""],[0.18,""45.86""],[0.19,""64.77""],[0.2,""68.81""],[0.21,""69.1""],[0.22,""42.5""],[0.23,""61.89""],[0.24,""41.39""],[0.25,""66""],[0.26,""40.6""],[0.27,""60.2""],[0.28,""39.9""],[0.29,""69.6""],[0.3,""44.3""],[0.31,""59""],[0.32,""48.8""],[0.33,""88.6""],[0.34,""43.4""],[0.35,""96.78""],[0.36,""43""],[0.37,""57.9""],[0.38,""37.7""],[0.39,""63.37""],[0.4,""43.5""],[0.41,""62.4""],[0.42,""37.3""],[0.43,""57.2""],[0.44,""48.69""],[0.45,""56.34""],[0.46,""52.1""],[0.47,""52.18""],[0.48,""37""],[0.49,""57""],[0.5,""37""],[0.51,""57""],[0.52,""85""],[0.53,""67""],[0.54,""37.1""],[0.55,""57.1""],[0.56,""37.2""],[0.57,""63.2""],[0.58,""37.3""],[0.59,""32.15""],[0.6,""37.5""],[0.61,""54.45""],[0.62,""242.74""],[0.63,""457.9""],[0.64,""53""],[0.65,""362.51""],[0.66,""53.4""],[0.67,""185.6""],[0.68,""53.8""],[0.69,""79""],[0.7,""174.3""],[0.71,""89.6""],[0.72,""84.9""],[0.73,""85.2""],[0.74,""75.6""],[0.75,""86""],[0.76,""90.74""],[0.77,""173.1""],[0.78,""83.05""],[0.79,""87.8""],[0.8,""20""],[0.81,""100.73""],[0.84,""94.5""]]"
2026-05-17T02:52:47.226Z,btc-updown-15m-1778985900,"Bitcoin Up or Down - May 16, 10:45PM-11:00PM ET",btc-updown-15m-1778985900,2026-05-17T03:00:00Z,,0.11,0.12,0.88,0.89,0.11499999999999999,0.47,3193.7123299999994,,28.79,97.8,"[[0.01,""9467.82""],[0.02,""2173.1""],[0.03,""988.77""],[0.04,""196.09""],[0.05,""298.2""],[0.06,""244.54""],[0.07,""426.29""],[0.08,""42.5""],[0.09,""48.12""],[0.1,""15.5""],[0.11,""28.79""]]","[[0.01,""9669.01""],[0.02,""2175.4""],[0.03,""1033.15""],[0.04,""163.99""],[0.05,""205.61""],[0.06,""104.54""],[0.07,""105.39""],[0.08,""95.35""],[0.09,""87.72""],[0.1,""68.3""],[0.11,""79.7""],[0.12,""56.74""],[0.13,""74.2""],[0.14,""52.05""],[0.15,""70.17""],[0.16,""58.55""],[0.17,""67.19""],[0.18,""45.86""],[0.19,""64.77""],[0.2,""68.81""],[0.21,""69.1""],[0.22,""42.5""],[0.23,""61.89""],[0.24,""41.39""],[0.25,""66""],[0.26,""40.6""],[0.27,""60.2""],[0.28,""39.9""],[0.29,""69.6""],[0.3,""44.3""],[0.31,""59""],[0.32,""48.8""],[0.33,""88.6""],[0.34,""38.4""],[0.35,""96.78""],[0.36,""43""],[0.37,""57.9""],[0.38,""42.7""],[0.39,""63.37""],[0.4,""43.5""],[0.41,""62.4""],[0.42,""37.3""],[0.43,""57.2""],[0.44,""48.69""],[0.45,""56.34""],[0.46,""52.1""],[0.47,""52.18""],[0.48,""37""],[0.49,""57""],[0.5,""37""],[0.51,""57""],[0.52,""85""],[0.53,""62""],[0.54,""37.1""],[0.55,""57.1""],[0.56,""37.2""],[0.57,""57.2""],[0.58,""37.3""],[0.59,""32.15""],[0.6,""37.5""],[0.61,""49.45""],[0.62,""42.74""],[0.63,""57.9""],[0.64,""43""],[0.65,""63.51""],[0.66,""38.4""],[0.67,""80.6""],[0.68,""59.8""],[0.69,""79""],[0.7,""79.66""],[0.71,""84.6""],[0.72,""74.9""],[0.73,""80.2""],[0.74,""75.6""],[0.75,""186""],[0.76,""85.74""],[0.77,""94.94""],[0.78,""190.55""],[0.79,""288.1""],[0.8,""63.8""],[0.81,""169.5""],[0.82,""65.3""],[0.83,""166.3""],[0.84,""106.85""],[0.85,""269.3""],[0.86,""206.2""],[0.87,""166.5""],[0.88,""97.8""]]"
2026-05-17T02:52:50.425Z,btc-updown-15m-1778985900,"Bitcoin Up or Down - May 16, 10:45PM-11:00PM ET",btc-updown-15m-1778985900,2026-05-17T03:00:00Z,,0.09,0.1,0.9,0.91,0.095,0.47,3193.7123299999994,,11.04,97.6,"[[0.01,""9472.82""],[0.02,""2168.1""],[0.03,""988.77""],[0.04,""195.09""],[0.05,""334.2""],[0.06,""399.35""],[0.07,""520.95""],[0.08,""108.99""],[0.09,""11.04""]]","[[0.01,""9659.01""],[0.02,""2175.4""],[0.03,""1033.15""],[0.04,""163.99""],[0.05,""205.61""],[0.06,""127.54""],[0.07,""120.39""],[0.08,""113.05""],[0.09,""103.62""],[0.1,""82.7""],[0.11,""93""],[0.12,""69.04""],[0.13,""85.7""],[0.14,""62.85""],[0.15,""80.36""],[0.16,""68.24""],[0.17,""76.38""],[0.18,""45.86""],[0.19,""64.77""],[0.2,""68.81""],[0.21,""69.1""],[0.22,""42.5""],[0.23,""61.89""],[0.24,""41.39""],[0.25,""66""],[0.26,""40.6""],[0.27,""60.2""],[0.28,""39.9""],[0.29,""69.6""],[0.3,""44.3""],[0.31,""59""],[0.32,""48.8""],[0.33,""88.6""],[0.34,""38.4""],[0.35,""96.78""],[0.36,""43""],[0.37,""57.9""],[0.38,""37.7""],[0.39,""63.37""],[0.4,""48.5""],[0.41,""62.4""],[0.42,""37.3""],[0.43,""57.2""],[0.44,""48.69""],[0.45,""56.34""],[0.46,""52.1""],[0.47,""52.18""],[0.48,""37""],[0.49,""57""],[0.5,""37""],[0.51,""57""],[0.52,""85""],[0.53,""57""],[0.54,""37.1""],[0.55,""57.1""],[0.56,""37.2""],[0.57,""57.2""],[0.58,""37.3""],[0.59,""37.15""],[0.6,""37.5""],[0.61,""49.45""],[0.62,""49.74""],[0.63,""57.9""],[0.64,""38""],[0.65,""63.51""],[0.66,""43.4""],[0.67,""80.6""],[0.68,""43.8""],[0.69,""79""],[0.7,""64.66""],[0.71,""79.6""],[0.72,""74.9""],[0.73,""80.2""],[0.74,""75.6""],[0.75,""91""],[0.76,""80.74""],[0.77,""189.94""],[0.78,""90.55""],[0.79,""88.1""],[0.8,""283.8""],[0.81,""169.5""],[0.82,""90.3""],[0.83,""171.3""],[0.84,""69.05""],[0.85,""186.3""],[0.86,""135.9""],[0.87,""291.3""],[0.88,""290.52""],[0.89,""171.64""],[0.9,""97.6""]]"
2026-05-17T02:52:54.511Z,btc-updown-15m-1778985900,"Bitcoin Up or Down - May 16, 10:45PM-11:00PM ET",btc-updown-15m-1778985900,2026-05-17T03:00:00Z,,0.07,0.08,0.92,0.93,0.07500000000000001,0.47,3193.7123299999994,,517.0,31.07,"[[0.01,""9467.82""],[0.02,""2168.1""],[0.03,""988.77""],[0.04,""200.09""],[0.05,""353.79""],[0.06,""349.67""],[0.07,""517""]]","[[0.01,""9654.01""],[0.02,""2175.4""],[0.03,""1033.15""],[0.04,""163.99""],[0.05,""205.61""],[0.06,""127.54""],[0.07,""120.39""],[0.08,""113.05""],[0.09,""103.62""],[0.1,""82.7""],[0.11,""93""],[0.12,""69.04""],[0.13,""85.7""],[0.14,""62.85""],[0.15,""80.36""],[0.16,""68.24""],[0.17,""76.38""],[0.18,""54.66""],[0.19,""73.17""],[0.2,""76.91""],[0.21,""76.9""],[0.22,""50.1""],[0.23,""69.19""],[0.24,""48.49""],[0.25,""72.9""],[0.26,""47.4""],[0.27,""66.8""],[0.28,""46.3""],[0.29,""75.9""],[0.3,""50.5""],[0.31,""65.1""],[0.32,""54.8""],[0.33,""94.5""],[0.34,""38.4""],[0.35,""96.78""],[0.36,""43""],[0.37,""57.9""],[0.38,""37.7""],[0.39,""63.37""],[0.4,""43.5""],[0.41,""67.4""],[0.42,""37.3""],[0.43,""57.2""],[0.44,""48.69""],[0.45,""56.34""],[0.46,""52.1""],[0.47,""52.18""],[0.48,""37""],[0.49,""57""],[0.5,""37""],[0.51,""57""],[0.52,""85""],[0.53,""57""],[0.54,""37.1""],[0.55,""57.1""],[0.56,""37.2""],[0.57,""57.2""],[0.58,""37.3""],[0.59,""37.15""],[0.6,""37.5""],[0.61,""49.45""],[0.62,""48.74""],[0.63,""57.9""],[0.64,""38""],[0.65,""63.51""],[0.66,""43.4""],[0.67,""80.6""],[0.68,""43.8""],[0.69,""59""],[0.7,""44.66""],[0.71,""59.6""],[0.72,""39.9""],[0.73,""60.2""],[0.74,""45.6""],[0.75,""66""],[0.76,""60.74""],[0.77,""89.94""],[0.78,""190.55""],[0.79,""88.1""],[0.8,""183.8""],[0.81,""189.5""],[0.82,""190.3""],[0.83,""191.3""],[0.84,""107.3""],[0.85,""153.5""],[0.86,""145.9""],[0.87,""322.02""],[0.88,""258.55""],[0.89,""211.7""],[0.9,""82.1""],[0.91,""33.6""],[0.92,""31.07""]]"
2026-05-17T02:52:58.554Z,btc-updown-15m-1778985900,"Bitcoin Up or Down - May 16, 10:45PM-11:00PM ET",btc-updown-15m-1778985900,2026-05-17T03:00:00Z,,0.09,0.11,0.89,0.91,0.1,0.47,3193.7123299999994,,31.0,46.43,"[[0.01,""9477.82""],[0.02,""2168.1""],[0.03,""988.77""],[0.04,""155.09""],[0.05,""198.2""],[0.06,""145.86""],[0.07,""523.12""],[0.08,""148.29""],[0.09,""31""]]","[[0.01,""9527.71""],[0.02,""2109.1""],[0.03,""988.45""],[0.04,""130.09""],[0.05,""178.21""],[0.06,""104.54""],[0.07,""100.39""],[0.08,""95.35""],[0.09,""87.72""],[0.1,""68.3""],[0.11,""79.7""],[0.12,""56.74""],[0.13,""74.2""],[0.14,""52.05""],[0.15,""70.17""],[0.16,""58.55""],[0.17,""67.19""],[0.18,""45.86""],[0.19,""64.77""],[0.2,""68.81""],[0.21,""69.1""],[0.22,""42.5""],[0.23,""61.89""],[0.24,""41.39""],[0.25,""66""],[0.26,""40.6""],[0.27,""60.2""],[0.28,""39.9""],[0.29,""69.6""],[0.3,""44.3""],[0.31,""59""],[0.32,""48.8""],[0.33,""88.6""],[0.34,""38.4""],[0.35,""96.78""],[0.36,""43""],[0.37,""57.9""],[0.38,""37.7""],[0.39,""63.37""],[0.4,""43.5""],[0.41,""67.4""],[0.42,""37.3""],[0.43,""57.2""],[0.44,""48.69""],[0.45,""56.34""],[0.46,""52.1""],[0.47,""52.18""],[0.48,""37""],[0.49,""57""],[0.5,""37""],[0.51,""57""],[0.52,""85""],[0.53,""57""],[0.54,""37.1""],[0.55,""57.1""],[0.56,""37.2""],[0.57,""57.2""],[0.58,""37.3""],[0.59,""37.15""],[0.6,""37.5""],[0.61,""49.45""],[0.62,""42.74""],[0.63,""57.9""],[0.64,""38""],[0.65,""63.51""],[0.66,""43.4""],[0.67,""80.6""],[0.68,""38.8""],[0.69,""59""],[0.7,""39.3""],[0.71,""59.6""],[0.72,""44.9""],[0.73,""60.2""],[0.74,""40.6""],[0.75,""66""],[0.76,""60.74""],[0.77,""69.94""],[0.78,""65.55""],[0.79,""63.1""],[0.8,""78.8""],[0.81,""84.5""],[0.82,""85.3""],[0.83,""86.3""],[0.84,""222.3""],[0.85,""148.5""],[0.86,""178""],[0.87,""104.8""],[0.88,""64""],[0.89,""46.43""]]"
2026-05-17T02:53:02.742Z,btc-updown-15m-1778985900,"Bitcoin Up or Down - May 16, 10:45PM-11:00PM ET",btc-updown-15m-1778985900,2026-05-17T03:00:00Z,,0.1,0.11,0.89,0.9,0.10500000000000001,0.47,3193.7123299999994,,73.8,5.0,"[[0.01,""9497.82""],[0.02,""2168.1""],[0.03,""1003.77""],[0.04,""201.09""],[0.05,""333.2""],[0.06,""549.54""],[0.07,""245.78""],[0.08,""364.3""],[0.09,""479.43""],[0.1,""73.8""]]","[[0.01,""9522.71""],[0.02,""2109.1""],[0.03,""988.45""],[0.04,""130.09""],[0.05,""178.21""],[0.06,""104.54""],[0.07,""100.39""],[0.08,""78.35""],[0.09,""87.72""],[0.1,""68.3""],[0.11,""79.7""],[0.12,""56.74""],[0.13,""74.2""],[0.14,""52.05""],[0.15,""70.17""],[0.16,""58.55""],[0.17,""67.19""],[0.18,""45.86""],[0.19,""64.77""],[0.2,""68.81""],[0.21,""69.1""],[0.22,""42.5""],[0.23,""61.89""],[0.24,""41.39""],[0.25,""66""],[0.26,""40.6""],[0.27,""60.2""],[0.28,""39.9""],[0.29,""69.6""],[0.3,""44.3""],[0.31,""59""],[0.32,""48.8""],[0.33,""88.6""],[0.34,""38.4""],[0.35,""96.78""],[0.36,""43""],[0.37,""57.9""],[0.38,""37.7""],[0.39,""68.37""],[0.4,""43.5""],[0.41,""62.4""],[0.42,""37.3""],[0.43,""57.2""],[0.44,""48.69""],[0.45,""56.34""],[0.46,""52.1""],[0.47,""52.18""],[0.48,""37""],[0.49,""57""],[0.5,""37""],[0.51,""57""],[0.52,""37""],[0.53,""57""],[0.54,""37.1""],[0.55,""57.1""],[0.56,""37.2""],[0.57,""57.2""],[0.58,""37.3""],[0.59,""37.15""],[0.6,""37.5""],[0.61,""49.45""],[0.62,""42.74""],[0.63,""57.9""],[0.64,""38""],[0.65,""63.51""],[0.66,""48.4""],[0.67,""80.6""],[0.68,""38.8""],[0.69,""64.43""],[0.7,""239.3""],[0.71,""64.6""],[0.72,""114.32""],[0.73,""379.2""],[0.74,""75.6""],[0.75,""86""],[0.76,""60.74""],[0.77,""109.94""],[0.78,""165.55""],[0.79,""183.1""],[0.8,""178.8""],[0.81,""89.5""],[0.82,""190.3""],[0.83,""111.3""],[0.84,""187.3""],[0.85,""148.5""],[0.86,""221""],[0.87,""124.8""],[0.88,""65.81""],[0.89,""5""]]"
2026-05-17T02:53:06.473Z,btc-updown-15m-1778985900,"Bitcoin Up or Down - May 16, 10:45PM-11:00PM ET",btc-updown-15m-1778985900,2026-05-17T03:00:00Z,,0.12,0.13,0.87,0.88,0.125,0.47,3193.7123299999994,,57.36,94.02,"[[0.01,""9502.82""],[0.02,""2173.1""],[0.03,""1003.77""],[0.04,""180.09""],[0.05,""358.2""],[0.06,""224.54""],[0.07,""236.88""],[0.08,""170.3""],[0.09,""189.92""],[0.1,""107.8""],[0.11,""109.79""],[0.12,""57.36""]]","[[0.01,""9532.71""],[0.02,""2109.1""],[0.03,""988.45""],[0.04,""130.09""],[0.05,""178.21""],[0.06,""104.54""],[0.07,""100.39""],[0.08,""78.35""],[0.09,""87.72""],[0.1,""68.3""],[0.11,""79.7""],[0.12,""56.74""],[0.13,""74.2""],[0.14,""52.05""],[0.15,""70.17""],[0.16,""58.55""],[0.17,""67.19""],[0.18,""45.86""],[0.19,""64.77""],[0.2,""68.81""],[0.21,""69.1""],[0.22,""42.5""],[0.23,""61.89""],[0.24,""41.39""],[0.25,""66""],[0.26,""40.6""],[0.27,""60.2""],[0.28,""39.9""],[0.29,""69.6""],[0.3,""44.3""],[0.31,""59""],[0.32,""48.8""],[0.33,""88.6""],[0.34,""38.4""],[0.35,""96.78""],[0.36,""43""],[0.37,""62.9""],[0.38,""37.7""],[0.39,""63.37""],[0.4,""43.5""],[0.41,""62.4""],[0.42,""37.3""],[0.43,""57.2""],[0.44,""48.69""],[0.45,""56.34""],[0.46,""52.1""],[0.47,""52.18""],[0.48,""37""],[0.49,""57""],[0.5,""37""],[0.51,""57""],[0.52,""37""],[0.53,""57""],[0.54,""37.1""],[0.55,""57.1""],[0.56,""37.2""],[0.57,""57.2""],[0.58,""37.3""],[0.59,""37.15""],[0.6,""37.5""],[0.61,""49.45""],[0.62,""42.74""],[0.63,""57.9""],[0.64,""38""],[0.65,""63.51""],[0.66,""48.4""],[0.67,""80.6""],[0.68,""38.8""],[0.69,""78.92""],[0.7,""39.3""],[0.71,""64.6""],[0.72,""54.9""],[0.73,""80.2""],[0.74,""175.6""],[0.75,""86""],[0.76,""180.74""],[0.77,""189.94""],[0.78,""185.55""],[0.79,""88.1""],[0.8,""203.8""],[0.81,""169.5""],[0.82,""85.3""],[0.83,""165.71""],[0.84,""224.33""],[0.85,""285.44""],[0.86,""71""],[0.87,""94.02""]]"
2026-05-17T02:53:09.232Z,btc-updown-15m-1778985900,"Bitcoin Up or Down - May 16, 10:45PM-11:00PM ET",btc-updown-15m-1778985900,2026-05-17T03:00:00Z,,0.13,0.16,0.84,0.87,0.14500000000000002,0.47,3193.7123299999994,,22.0,38.07,"[[0.01,""9492.82""],[0.02,""2178.1""],[0.03,""1008.77""],[0.04,""160.09""],[0.05,""228.2""],[0.06,""144.54""],[0.07,""539.49""],[0.08,""85.3""],[0.09,""121.92""],[0.1,""62.47""],[0.11,""401.48""],[0.12,""144.02""],[0.13,""22""]]","[[0.01,""9537.71""],[0.02,""2159.1""],[0.03,""988.45""],[0.04,""130.09""],[0.05,""178.21""],[0.06,""104.54""],[0.07,""100.39""],[0.08,""78.35""],[0.09,""87.72""],[0.1,""68.3""],[0.11,""79.7""],[0.12,""56.74""],[0.13,""74.2""],[0.14,""52.05""],[0.15,""70.17""],[0.16,""58.55""],[0.17,""67.19""],[0.18,""45.86""],[0.19,""64.77""],[0.2,""68.81""],[0.21,""69.1""],[0.22,""42.5""],[0.23,""61.89""],[0.24,""41.39""],[0.25,""66""],[0.26,""40.6""],[0.27,""60.2""],[0.28,""39.9""],[0.29,""69.6""],[0.3,""44.3""],[0.31,""59""],[0.32,""48.8""],[0.33,""88.6""],[0.34,""38.4""],[0.35,""96.78""],[0.36,""43""],[0.37,""62.9""],[0.38,""37.7""],[0.39,""63.37""],[0.4,""43.5""],[0.41,""62.4""],[0.42,""37.3""],[0.43,""57.2""],[0.44,""48.69""],[0.45,""56.34""],[0.46,""52.1""],[0.47,""52.18""],[0.48,""37""],[0.49,""57""],[0.5,""37""],[0.51,""57""],[0.52,""37""],[0.53,""57""],[0.54,""37.1""],[0.55,""62.1""],[0.56,""37.2""],[0.57,""57.2""],[0.58,""37.3""],[0.59,""37.15""],[0.6,""37.5""],[0.61,""49.45""],[0.62,""242.74""],[0.63,""57.9""],[0.64,""92.42""],[0.65,""63.51""],[0.66,""342.4""],[0.67,""86.2""],[0.68,""38.8""],[0.69,""73.49""],[0.7,""39.3""],[0.71,""59.6""],[0.72,""54.9""],[0.73,""80.2""],[0.74,""75.6""],[0.75,""81""],[0.76,""80.74""],[0.77,""89.94""],[0.78,""165.55""],[0.79,""70""],[0.8,""60""],[0.81,""90.27""],[0.82,""205""],[0.83,""110.41""],[0.84,""38.07""]]"
2026-05-17T02:53:13.221Z,btc-updown-15m-1778985900,"Bitcoin Up or Down - May 16, 10:45PM-11:00PM ET",btc-updown-15m-1778985900,2026-05-17T03:00:00Z,,0.21,0.22,0.78,0.79,0.215,0.47,3193.7123299999994,,31.29,154.8,"[[0.01,""9497.82""],[0.02,""2173.1""],[0.03,""1058.77""],[0.04,""165.09""],[0.05,""233.2""],[0.06,""134.54""],[0.07,""263.59""],[0.08,""98.29""],[0.09,""214.72""],[0.1,""328.29""],[0.11,""325.7""],[0.12,""631.32""],[0.13,""224.7""],[0.14,""265.52""],[0.15,""161.67""],[0.16,""58.05""],[0.17,""72.49""],[0.18,""64.36""],[0.19,""132.28""],[0.2,""67""],[0.21,""31.29""]]","[[0.01,""9532.71""],[0.02,""2164.1""],[0.03,""993.45""],[0.04,""135.09""],[0.05,""183.21""],[0.06,""109.54""],[0.07,""100.39""],[0.08,""78.35""],[0.09,""87.72""],[0.1,""68.3""],[0.11,""79.7""],[0.12,""56.74""],[0.13,""74.2""],[0.14,""52.05""],[0.15,""70.17""],[0.16,""58.55""],[0.17,""67.19""],[0.18,""45.86""],[0.19,""64.77""],[0.2,""68.81""],[0.21,""69.1""],[0.22,""42.5""],[0.23,""61.89""],[0.24,""41.39""],[0.25,""66""],[0.26,""40.6""],[0.27,""60.2""],[0.28,""39.9""],[0.29,""74.6""],[0.3,""44.3""],[0.31,""59""],[0.32,""48.8""],[0.33,""88.6""],[0.34,""38.4""],[0.35,""96.78""],[0.36,""43""],[0.37,""57.9""],[0.38,""37.7""],[0.39,""63.37""],[0.4,""43.5""],[0.41,""62.4""],[0.42,""37.3""],[0.43,""57.2""],[0.44,""48.69""],[0.45,""56.34""],[0.46,""52.1""],[0.47,""52.18""],[0.48,""37""],[0.49,""57""],[0.5,""37""],[0.51,""57""],[0.52,""37""],[0.53,""67""],[0.54,""37.1""],[0.55,""57.1""],[0.56,""42.2""],[0.57,""57.2""],[0.58,""37.3""],[0.59,""32.15""],[0.6,""237.5""],[0.61,""55.6""],[0.62,""112.16""],[0.63,""62.9""],[0.64,""53""],[0.65,""168.51""],[0.66,""58.4""],[0.67,""80.6""],[0.68,""153.8""],[0.69,""73.49""],[0.7,""254.3""],[0.71,""144.6""],[0.72,""154.9""],[0.73,""80.2""],[0.74,""60.6""],[0.75,""106""],[0.76,""185.74""],[0.77,""115.05""],[0.78,""154.8""]]"
2026-05-17T02:53:14.900Z,btc-updown-15m-1778985900,"Bitcoin Up or Down - May 16, 10:45PM-11:00PM ET",btc-updown-15m-1778985900,2026-05-17T03:00:00Z,,0.2,0.21,0.79,0.8,0.20500000000000002,0.47,3193.7123299999994,,65.65,17.0,"[[0.01,""9482.82""],[0.02,""2173.1""],[0.03,""1043.77""],[0.04,""165.09""],[0.05,""233.2""],[0.06,""134.54""],[0.07,""263.59""],[0.08,""398.29""],[0.09,""226.72""],[0.1,""328.29""],[0.11,""325.7""],[0.12,""625.32""],[0.13,""222.7""],[0.14,""183.15""],[0.15,""168.67""],[0.16,""65.05""],[0.17,""78.49""],[0.18,""64.36""],[0.19,""147.28""],[0.2,""65.65""]]","[[0.01,""9532.71""],[0.02,""2114.1""],[0.03,""993.45""],[0.04,""135.09""],[0.05,""183.21""],[0.06,""109.54""],[0.07,""100.39""],[0.08,""78.35""],[0.09,""87.72""],[0.1,""68.3""],[0.11,""79.7""],[0.12,""56.74""],[0.13,""74.2""],[0.14,""52.05""],[0.15,""70.17""],[0.16,""58.55""],[0.17,""67.19""],[0.18,""45.86""],[0.19,""64.77""],[0.2,""68.81""],[0.21,""69.1""],[0.22,""42.5""],[0.23,""61.89""],[0.24,""41.39""],[0.25,""66""],[0.26,""40.6""],[0.27,""60.2""],[0.28,""39.9""],[0.29,""74.6""],[0.3,""44.3""],[0.31,""59""],[0.32,""48.8""],[0.33,""88.6""],[0.34,""38.4""],[0.35,""96.78""],[0.36,""43""],[0.37,""57.9""],[0.38,""37.7""],[0.39,""63.37""],[0.4,""43.5""],[0.41,""62.4""],[0.42,""37.3""],[0.43,""57.2""],[0.44,""48.69""],[0.45,""56.34""],[0.46,""52.1""],[0.47,""52.18""],[0.48,""37""],[0.49,""57""],[0.5,""37""],[0.51,""57""],[0.52,""37""],[0.53,""67""],[0.54,""37.1""],[0.55,""57.1""],[0.56,""42.2""],[0.57,""57.2""],[0.58,""37.3""],[0.59,""32.15""],[0.6,""237.5""],[0.61,""55.6""],[0.62,""112.16""],[0.63,""62.9""],[0.64,""352""],[0.65,""168.51""],[0.66,""58.4""],[0.67,""80.6""],[0.68,""153.8""],[0.69,""73.49""],[0.7,""259.3""],[0.71,""149.6""],[0.72,""159.9""],[0.73,""85.2""],[0.74,""65.6""],[0.75,""111""],[0.76,""175.74""],[0.77,""148.05""],[0.78,""109.76""],[0.79,""17""]]"
2026-05-17T02:53:17.737Z,btc-updown-15m-1778985900,"Bitcoin Up or Down - May 16, 10:45PM-11:00PM ET",btc-updown-15m-1778985900,2026-05-17T03:00:00Z,,0.2,0.22,0.78,0.8,0.21000000000000002,0.47,3193.7123299999994,,79.31,109.76,"[[0.01,""9482.82""],[0.02,""2173.1""],[0.03,""1058.77""],[0.04,""165.09""],[0.05,""228.2""],[0.06,""134.54""],[0.07,""263.59""],[0.08,""398.29""],[0.09,""226.72""],[0.1,""328.29""],[0.11,""330.7""],[0.12,""596.92""],[0.13,""217.7""],[0.14,""173.15""],[0.15,""168.67""],[0.16,""65.05""],[0.17,""66.89""],[0.18,""60.29""],[0.19,""152.28""],[0.2,""79.31""]]","[[0.01,""9532.71""],[0.02,""2114.1""],[0.03,""993.45""],[0.04,""135.09""],[0.05,""183.21""],[0.06,""109.54""],[0.07,""100.39""],[0.08,""78.35""],[0.09,""87.72""],[0.1,""68.3""],[0.11,""79.7""],[0.12,""56.74""],[0.13,""74.2""],[0.14,""52.05""],[0.15,""70.17""],[0.16,""58.55""],[0.17,""67.19""],[0.18,""45.86""],[0.19,""64.77""],[0.2,""68.81""],[0.21,""69.1""],[0.22,""42.5""],[0.23,""61.89""],[0.24,""41.39""],[0.25,""66""],[0.26,""40.6""],[0.27,""60.2""],[0.28,""39.9""],[0.29,""74.6""],[0.3,""44.3""],[0.31,""59""],[0.32,""48.8""],[0.33,""88.6""],[0.34,""38.4""],[0.35,""96.78""],[0.36,""43""],[0.37,""57.9""],[0.38,""37.7""],[0.39,""63.37""],[0.4,""43.5""],[0.41,""62.4""],[0.42,""37.3""],[0.43,""57.2""],[0.44,""48.69""],[0.45,""56.34""],[0.46,""52.1""],[0.47,""52.18""],[0.48,""37""],[0.49,""57""],[0.5,""37""],[0.51,""57""],[0.52,""37""],[0.53,""67""],[0.54,""37.1""],[0.55,""57.1""],[0.56,""42.2""],[0.57,""57.2""],[0.58,""37.3""],[0.59,""32.15""],[0.6,""237.5""],[0.61,""55.6""],[0.62,""112.16""],[0.63,""62.9""],[0.64,""452""],[0.65,""63.51""],[0.66,""58.4""],[0.67,""80.6""],[0.68,""153.8""],[0.69,""173.49""],[0.7,""159.3""],[0.71,""149.6""],[0.72,""164.9""],[0.73,""95.2""],[0.74,""75.6""],[0.75,""91""],[0.76,""192.13""],[0.77,""143.05""],[0.78,""109.76""]]"
2026-05-17T02:53:21.195Z,btc-updown-15m-1778985900,"Bitcoin Up or Down - May 16, 10:45PM-11:00PM ET",btc-updown-15m-1778985900,2026-05-17T03:00:00Z,,0.19,0.2,0.8,0.81,0.195,0.47,3193.7123299999994,,42.65,54.1,"[[0.01,""9482.82""],[0.02,""2173.1""],[0.03,""1058.77""],[0.04,""165.09""],[0.05,""228.2""],[0.06,""134.54""],[0.07,""263.59""],[0.08,""398.29""],[0.09,""332.72""],[0.1,""108.29""],[0.11,""304.7""],[0.12,""471.92""],[0.13,""109.7""],[0.14,""181.15""],[0.15,""181.83""],[0.16,""65.05""],[0.17,""78.5""],[0.18,""54.36""],[0.19,""42.65""]]","[[0.01,""9532.71""],[0.02,""2114.1""],[0.03,""993.45""],[0.04,""135.09""],[0.05,""183.21""],[0.06,""109.54""],[0.07,""100.39""],[0.08,""78.35""],[0.09,""87.72""],[0.1,""68.3""],[0.11,""79.7""],[0.12,""56.74""],[0.13,""74.2""],[0.14,""52.05""],[0.15,""70.17""],[0.16,""58.55""],[0.17,""67.19""],[0.18,""45.86""],[0.19,""64.77""],[0.2,""68.81""],[0.21,""69.1""],[0.22,""42.5""],[0.23,""61.89""],[0.24,""41.39""],[0.25,""66""],[0.26,""40.6""],[0.27,""60.2""],[0.28,""39.9""],[0.29,""69.6""],[0.3,""49.3""],[0.31,""59""],[0.32,""48.8""],[0.33,""88.6""],[0.34,""38.4""],[0.35,""96.78""],[0.36,""43""],[0.37,""57.9""],[0.38,""37.7""],[0.39,""63.37""],[0.4,""43.5""],[0.41,""62.4""],[0.42,""37.3""],[0.43,""57.2""],[0.44,""48.69""],[0.45,""56.34""],[0.46,""52.1""],[0.47,""52.18""],[0.48,""37""],[0.49,""57""],[0.5,""37""],[0.51,""57""],[0.52,""37""],[0.53,""67""],[0.54,""37.1""],[0.55,""57.1""],[0.56,""42.2""],[0.57,""57.2""],[0.58,""37.3""],[0.59,""32.15""],[0.6,""237.5""],[0.61,""55.6""],[0.62,""112.16""],[0.63,""57.9""],[0.64,""357""],[0.65,""168.51""],[0.66,""58.4""],[0.67,""80.6""],[0.68,""153.8""],[0.69,""73.49""],[0.7,""259.3""],[0.71,""149.6""],[0.72,""164.9""],[0.73,""90.2""],[0.74,""115.6""],[0.75,""91""],[0.76,""132.13""],[0.77,""204.94""],[0.78,""89.86""],[0.79,""114""],[0.8,""54.1""]]"
2026-05-17T02:53:22.650Z,btc-updown-15m-1778985900,"Bitcoin Up or Down - May 16, 10:45PM-11:00PM ET",btc-updown-15m-1778985900,2026-05-17T03:00:00Z,,0.18,0.19,0.81,0.82,0.185,0.47,3193.7123299999994,,48.31,45.72,"[[0.01,""9482.82""],[0.02,""2178.1""],[0.03,""1058.77""],[0.04,""165.09""],[0.05,""228.2""],[0.06,""134.54""],[0.07,""263.59""],[0.08,""73.29""],[0.09,""332.72""],[0.1,""108.29""],[0.11,""104.7""],[0.12,""127.34""],[0.13,""109.7""],[0.14,""195.24""],[0.15,""168.67""],[0.16,""65.05""],[0.17,""78.5""],[0.18,""48.31""]]","[[0.01,""9532.71""],[0.02,""2114.1""],[0.03,""993.45""],[0.04,""135.09""],[0.05,""183.21""],[0.06,""109.54""],[0.07,""100.39""],[0.08,""78.35""],[0.09,""87.72""],[0.1,""68.3""],[0.11,""79.7""],[0.12,""56.74""],[0.13,""74.2""],[0.14,""52.05""],[0.15,""70.17""],[0.16,""58.55""],[0.17,""67.19""],[0.18,""45.86""],[0.19,""64.77""],[0.2,""68.81""],[0.21,""69.1""],[0.22,""42.5""],[0.23,""61.89""],[0.24,""41.39""],[0.25,""66""],[0.26,""40.6""],[0.27,""60.2""],[0.28,""39.9""],[0.29,""69.6""],[0.3,""44.3""],[0.31,""64""],[0.32,""48.8""],[0.33,""88.6""],[0.34,""38.4""],[0.35,""96.78""],[0.36,""43""],[0.37,""57.9""],[0.38,""37.7""],[0.39,""63.37""],[0.4,""43.5""],[0.41,""62.4""],[0.42,""37.3""],[0.43,""57.2""],[0.44,""48.69""],[0.45,""62.34""],[0.46,""52.1""],[0.47,""52.18""],[0.48,""37""],[0.49,""57""],[0.5,""37""],[0.51,""57""],[0.52,""37""],[0.53,""67""],[0.54,""37.1""],[0.55,""57.1""],[0.56,""42.2""],[0.57,""57.2""],[0.58,""37.3""],[0.59,""32.15""],[0.6,""37.5""],[0.61,""55.6""],[0.62,""57.74""],[0.63,""57.9""],[0.64,""58""],[0.65,""168.51""],[0.66,""58.4""],[0.67,""80.6""],[0.68,""53.8""],[0.69,""173.49""],[0.7,""259.3""],[0.71,""69.6""],[0.72,""244.9""],[0.73,""90.2""],[0.74,""115.6""],[0.75,""91""],[0.76,""137.13""],[0.77,""204.94""],[0.78,""84.8""],[0.79,""90""],[0.8,""38.4""],[0.81,""45.72""]]"
2026-05-17T02:53:24.949Z,btc-updown-15m-1778985900,"Bitcoin Up or Down - May 16, 10:45PM-11:00PM ET",btc-updown-15m-1778985900,2026-05-17T03:00:00Z,,0.18,0.19,0.81,0.82,0.185,0.47,3193.7123299999994,,68.41,60.72,"[[0.01,""9593.82""],[0.02,""2178.1""],[0.03,""1063.77""],[0.04,""165.09""],[0.05,""228.2""],[0.06,""129.54""],[0.07,""263.59""],[0.08,""86.29""],[0.09,""360.72""],[0.1,""273.29""],[0.11,""134.7""],[0.12,""78.94""],[0.13,""217.7""],[0.14,""187.24""],[0.15,""68.67""],[0.16,""65.05""],[0.17,""78.5""],[0.18,""68.41""]]","[[0.01,""9532.71""],[0.02,""2114.1""],[0.03,""993.45""],[0.04,""135.09""],[0.05,""183.21""],[0.06,""109.54""],[0.07,""100.39""],[0.08,""78.35""],[0.09,""87.72""],[0.1,""68.3""],[0.11,""79.7""],[0.12,""56.74""],[0.13,""74.2""],[0.14,""52.05""],[0.15,""70.17""],[0.16,""58.55""],[0.17,""67.19""],[0.18,""45.86""],[0.19,""64.77""],[0.2,""68.81""],[0.21,""69.1""],[0.22,""42.5""],[0.23,""61.89""],[0.24,""41.39""],[0.25,""66""],[0.26,""40.6""],[0.27,""60.2""],[0.28,""39.9""],[0.29,""69.6""],[0.3,""44.3""],[0.31,""64""],[0.32,""48.8""],[0.33,""88.6""],[0.34,""38.4""],[0.35,""96.78""],[0.36,""43""],[0.37,""57.9""],[0.38,""37.7""],[0.39,""63.37""],[0.4,""43.5""],[0.41,""62.4""],[0.42,""37.3""],[0.43,""57.2""],[0.44,""48.69""],[0.45,""56.34""],[0.46,""52.1""],[0.47,""52.18""],[0.48,""37""],[0.49,""57""],[0.5,""37""],[0.51,""57""],[0.52,""37""],[0.53,""67""],[0.54,""37.1""],[0.55,""57.1""],[0.56,""42.2""],[0.57,""57.2""],[0.58,""37.3""],[0.59,""32.15""],[0.6,""37.5""],[0.61,""55.6""],[0.62,""42.74""],[0.63,""57.9""],[0.64,""243""],[0.65,""168.51""],[0.66,""43.4""],[0.67,""80.6""],[0.68,""53.8""],[0.69,""173.49""],[0.7,""254.3""],[0.71,""64.6""],[0.72,""239.9""],[0.73,""90.2""],[0.74,""90.6""],[0.75,""121""],[0.76,""97.13""],[0.77,""204.94""],[0.78,""84.8""],[0.79,""70""],[0.8,""58.4""],[0.81,""60.72""]]"
2026-05-17T02:53:28.342Z,btc-updown-15m-1778985900,"Bitcoin Up or Down - May 16, 10:45PM-11:00PM ET",btc-updown-15m-1778985900,2026-05-17T03:00:00Z,,0.18,0.19,0.81,0.82,0.185,0.47,3193.7123299999994,,71.33,59.89,"[[0.01,""9482.82""],[0.02,""2178.1""],[0.03,""1063.77""],[0.04,""165.09""],[0.05,""228.2""],[0.06,""129.54""],[0.07,""578.59""],[0.08,""73.29""],[0.09,""372.72""],[0.1,""607.87""],[0.11,""144.7""],[0.12,""70.34""],[0.13,""217.7""],[0.14,""195.24""],[0.15,""68.67""],[0.16,""77.38""],[0.17,""60.89""],[0.18,""71.33""]]","[[0.01,""9532.71""],[0.02,""2114.1""],[0.03,""993.45""],[0.04,""135.09""],[0.05,""183.21""],[0.06,""109.54""],[0.07,""100.39""],[0.08,""78.35""],[0.09,""87.72""],[0.1,""68.3""],[0.11,""79.7""],[0.12,""56.74""],[0.13,""74.2""],[0.14,""52.05""],[0.15,""70.17""],[0.16,""58.55""],[0.17,""67.19""],[0.18,""45.86""],[0.19,""64.77""],[0.2,""68.81""],[0.21,""69.1""],[0.22,""42.5""],[0.23,""61.89""],[0.24,""41.39""],[0.25,""66""],[0.26,""40.6""],[0.27,""60.2""],[0.28,""39.9""],[0.29,""69.6""],[0.3,""44.3""],[0.31,""64""],[0.32,""48.8""],[0.33,""88.6""],[0.34,""38.4""],[0.35,""96.78""],[0.36,""43""],[0.37,""57.9""],[0.38,""37.7""],[0.39,""63.37""],[0.4,""43.5""],[0.41,""62.4""],[0.42,""37.3""],[0.43,""57.2""],[0.44,""48.69""],[0.45,""56.34""],[0.46,""52.1""],[0.47,""52.18""],[0.48,""37""],[0.49,""57""],[0.5,""37""],[0.51,""57""],[0.52,""37""],[0.53,""67""],[0.54,""37.1""],[0.55,""57.1""],[0.56,""42.2""],[0.57,""57.2""],[0.58,""37.3""],[0.59,""32.15""],[0.6,""37.5""],[0.61,""55.6""],[0.62,""42.74""],[0.63,""57.9""],[0.64,""243""],[0.65,""122.93""],[0.66,""143.4""],[0.67,""379.6""],[0.68,""53.8""],[0.69,""173.49""],[0.7,""254.3""],[0.71,""64.6""],[0.72,""139.9""],[0.73,""190.2""],[0.74,""90.6""],[0.75,""121""],[0.76,""137.13""],[0.77,""204.94""],[0.78,""72.8""],[0.79,""82""],[0.8,""70.4""],[0.81,""59.89""]]"
2026-05-17T02:53:31.273Z,btc-updown-15m-1778985900,"Bitcoin Up or Down - May 16, 10:45PM-11:00PM ET",btc-updown-15m-1778985900,2026-05-17T03:00:00Z,,0.17,0.18,0.82,0.83,0.175,0.47,3193.7123299999994,,101.53,30.0,"[[0.01,""9482.82""],[0.02,""2178.1""],[0.03,""1023.77""],[0.04,""165.09""],[0.05,""228.2""],[0.06,""129.54""],[0.07,""578.59""],[0.08,""73.29""],[0.09,""377.72""],[0.1,""607.87""],[0.11,""144.7""],[0.12,""90.34""],[0.13,""217.7""],[0.14,""156.15""],[0.15,""68.67""],[0.16,""77.38""],[0.17,""101.53""]]","[[0.01,""9532.71""],[0.02,""2114.1""],[0.03,""993.45""],[0.04,""135.09""],[0.05,""183.21""],[0.06,""109.54""],[0.07,""100.39""],[0.08,""78.35""],[0.09,""87.72""],[0.1,""68.3""],[0.11,""79.7""],[0.12,""56.74""],[0.13,""74.2""],[0.14,""52.05""],[0.15,""70.17""],[0.16,""58.55""],[0.17,""67.19""],[0.18,""45.86""],[0.19,""64.77""],[0.2,""68.81""],[0.21,""69.1""],[0.22,""42.5""],[0.23,""61.89""],[0.24,""41.39""],[0.25,""66""],[0.26,""40.6""],[0.27,""60.2""],[0.28,""39.9""],[0.29,""69.6""],[0.3,""44.3""],[0.31,""64""],[0.32,""48.8""],[0.33,""88.6""],[0.34,""38.4""],[0.35,""96.78""],[0.36,""43""],[0.37,""57.9""],[0.38,""37.7""],[0.39,""63.37""],[0.4,""43.5""],[0.41,""62.4""],[0.42,""37.3""],[0.43,""57.2""],[0.44,""48.69""],[0.45,""56.34""],[0.46,""52.1""],[0.47,""52.18""],[0.48,""37""],[0.49,""57""],[0.5,""37""],[0.51,""57""],[0.52,""37""],[0.53,""62""],[0.54,""42.1""],[0.55,""57.1""],[0.56,""42.2""],[0.57,""57.2""],[0.58,""37.3""],[0.59,""32.15""],[0.6,""37.5""],[0.61,""55.6""],[0.62,""42.74""],[0.63,""57.9""],[0.64,""243""],[0.65,""122.93""],[0.66,""143.4""],[0.67,""379.6""],[0.68,""53.8""],[0.69,""173.49""],[0.7,""54.3""],[0.71,""259.6""],[0.72,""59.9""],[0.73,""270.2""],[0.74,""95.6""],[0.75,""121""],[0.76,""147.13""],[0.77,""179.94""],[0.78,""72.8""],[0.79,""187""],[0.8,""40.55""],[0.81,""68.89""],[0.82,""30""]]"
2026-05-17T02:53:34.796Z,btc-updown-15m-1778985900,"Bitcoin Up or Down - May 16, 10:45PM-11:00PM ET",btc-updown-15m-1778985900,2026-05-17T03:00:00Z,,0.17,0.18,0.82,0.83,0.175,0.47,3193.7123299999994,,45.64,53.73,"[[0.01,""9517.82""],[0.02,""2178.1""],[0.03,""1023.77""],[0.04,""165.09""],[0.05,""228.2""],[0.06,""129.54""],[0.07,""590.59""],[0.08,""73.29""],[0.09,""377.72""],[0.1,""607.87""],[0.11,""144.7""],[0.12,""99.34""],[0.13,""209.7""],[0.14,""156.15""],[0.15,""68.67""],[0.16,""51.13""],[0.17,""45.64""]]","[[0.01,""9532.71""],[0.02,""2114.1""],[0.03,""993.45""],[0.04,""135.09""],[0.05,""183.21""],[0.06,""109.54""],[0.07,""100.39""],[0.08,""78.35""],[0.09,""87.72""],[0.1,""68.3""],[0.11,""79.7""],[0.12,""56.74""],[0.13,""74.2""],[0.14,""52.05""],[0.15,""70.17""],[0.16,""58.55""],[0.17,""67.19""],[0.18,""45.86""],[0.19,""64.77""],[0.2,""68.81""],[0.21,""69.1""],[0.22,""42.5""],[0.23,""61.89""],[0.24,""41.39""],[0.25,""66""],[0.26,""40.6""],[0.27,""60.2""],[0.28,""39.9""],[0.29,""69.6""],[0.3,""44.3""],[0.31,""64""],[0.32,""48.8""],[0.33,""88.6""],[0.34,""38.4""],[0.35,""96.78""],[0.36,""43""],[0.37,""57.9""],[0.38,""37.7""],[0.39,""63.37""],[0.4,""43.5""],[0.41,""62.4""],[0.42,""37.3""],[0.43,""57.2""],[0.44,""48.69""],[0.45,""56.34""],[0.46,""52.1""],[0.47,""52.18""],[0.48,""37""],[0.49,""57""],[0.5,""37""],[0.51,""57""],[0.52,""37""],[0.53,""62""],[0.54,""42.1""],[0.55,""57.1""],[0.56,""42.2""],[0.57,""57.2""],[0.58,""37.3""],[0.59,""32.15""],[0.6,""37.5""],[0.61,""55.6""],[0.62,""42.74""],[0.63,""57.9""],[0.64,""238""],[0.65,""122.93""],[0.66,""143.4""],[0.67,""379.6""],[0.68,""53.8""],[0.69,""73.49""],[0.7,""154.3""],[0.71,""259.6""],[0.72,""59.9""],[0.73,""190.2""],[0.74,""95.6""],[0.75,""201""],[0.76,""147.13""],[0.77,""139.94""],[0.78,""112.8""],[0.79,""176""],[0.8,""80.55""],[0.81,""57.8""],[0.82,""53.73""]]"
2026-05-17T02:53:36.341Z,btc-updown-15m-1778985900,"Bitcoin Up or Down - May 16, 10:45PM-11:00PM ET",btc-updown-15m-1778985900,2026-05-17T03:00:00Z,,0.17,0.18,0.82,0.83,0.175,0.47,3193.7123299999994,,40.57,58.73,"[[0.01,""9422.82""],[0.02,""2128.1""],[0.03,""990.43""],[0.04,""140.09""],[0.05,""208.2""],[0.06,""129.54""],[0.07,""249.3""],[0.08,""73.29""],[0.09,""526.6""],[0.1,""407.87""],[0.11,""74.1""],[0.12,""99.34""],[0.13,""224.88""],[0.14,""156.15""],[0.15,""81.83""],[0.16,""88.8""],[0.17,""40.57""]]","[[0.01,""9432.71""],[0.02,""2064.1""],[0.03,""960.11""],[0.04,""110.09""],[0.05,""163.2""],[0.06,""92.87""],[0.07,""86.1""],[0.08,""65.84""],[0.09,""76.6""],[0.1,""58.29""],[0.11,""70.6""],[0.12,""48.4""],[0.13,""66.5""],[0.14,""44.9""],[0.15,""63.5""],[0.16,""52.3""],[0.17,""61.3""],[0.18,""40.3""],[0.19,""59.5""],[0.2,""63.8""],[0.21,""64.1""],[0.22,""37.5""],[0.23,""56.89""],[0.24,""36.39""],[0.25,""61""],[0.26,""35.6""],[0.27,""55.2""],[0.28,""34.9""],[0.29,""64.6""],[0.3,""39.3""],[0.31,""54""],[0.32,""48.8""],[0.33,""83.6""],[0.34,""33.4""],[0.35,""91.78""],[0.36,""38""],[0.37,""52.9""],[0.38,""32.7""],[0.39,""58.37""],[0.4,""38.5""],[0.41,""57.4""],[0.42,""32.3""],[0.43,""52.2""],[0.44,""43.69""],[0.45,""52.1""],[0.46,""47.1""],[0.47,""47.18""],[0.48,""32""],[0.49,""52""],[0.5,""32""],[0.51,""52""],[0.52,""32""],[0.53,""57""],[0.54,""37.1""],[0.55,""52.1""],[0.56,""37.2""],[0.57,""52.2""],[0.58,""32.3""],[0.59,""27.15""],[0.6,""32.5""],[0.61,""50.6""],[0.62,""37.74""],[0.63,""252.9""],[0.64,""33""],[0.65,""122.93""],[0.66,""138.4""],[0.67,""75.6""],[0.68,""48.8""],[0.69,""68.49""],[0.7,""149.3""],[0.71,""254.6""],[0.72,""59.9""],[0.73,""190.2""],[0.74,""95.6""],[0.75,""201""],[0.76,""147.13""],[0.77,""139.94""],[0.78,""130.3""],[0.79,""171""],[0.8,""75.55""],[0.81,""57.8""],[0.82,""58.73""]]"
2026-05-17T02:53:38.256Z,btc-updown-15m-1778985900,"Bitcoin Up or Down - May 16, 10:45PM-11:00PM ET",btc-updown-15m-1778985900,2026-05-17T03:00:00Z,,0.17,0.18,0.82,0.83,0.175,0.47,3193.7123299999994,,20.77,84.03,"[[0.01,""9522.82""],[0.02,""2178.1""],[0.03,""1023.77""],[0.04,""165.09""],[0.05,""228.2""],[0.06,""429.54""],[0.07,""263.59""],[0.08,""113.29""],[0.09,""537.72""],[0.1,""447.87""],[0.11,""74.1""],[0.12,""199.34""],[0.13,""209.7""],[0.14,""56.15""],[0.15,""66.83""],[0.16,""45.05""],[0.17,""20.77""]]","[[0.01,""9532.71""],[0.02,""2114.1""],[0.03,""993.45""],[0.04,""135.09""],[0.05,""183.21""],[0.06,""109.54""],[0.07,""100.39""],[0.08,""78.35""],[0.09,""87.72""],[0.1,""68.3""],[0.11,""79.7""],[0.12,""56.74""],[0.13,""74.2""],[0.14,""52.05""],[0.15,""70.17""],[0.16,""58.55""],[0.17,""67.19""],[0.18,""45.86""],[0.19,""64.77""],[0.2,""68.81""],[0.21,""69.1""],[0.22,""42.5""],[0.23,""61.89""],[0.24,""41.39""],[0.25,""66""],[0.26,""40.6""],[0.27,""60.2""],[0.28,""39.9""],[0.29,""69.6""],[0.3,""44.3""],[0.31,""59""],[0.32,""53.8""],[0.33,""88.6""],[0.34,""38.4""],[0.35,""96.78""],[0.36,""43""],[0.37,""57.9""],[0.38,""37.7""],[0.39,""63.37""],[0.4,""43.5""],[0.41,""62.4""],[0.42,""37.3""],[0.43,""57.2""],[0.44,""48.69""],[0.45,""57.1""],[0.46,""52.1""],[0.47,""52.18""],[0.48,""37""],[0.49,""57""],[0.5,""37""],[0.51,""57""],[0.52,""37""],[0.53,""62""],[0.54,""42.1""],[0.55,""57.1""],[0.56,""42.2""],[0.57,""57.2""],[0.58,""37.3""],[0.59,""32.15""],[0.6,""37.5""],[0.61,""49.45""],[0.62,""48.79""],[0.63,""257.9""],[0.64,""38""],[0.65,""122.93""],[0.66,""143.4""],[0.67,""379.6""],[0.68,""53.8""],[0.69,""73.49""],[0.7,""154.3""],[0.71,""259.6""],[0.72,""59.9""],[0.73,""190.2""],[0.74,""95.6""],[0.75,""201""],[0.76,""147.13""],[0.77,""99.94""],[0.78,""170.3""],[0.79,""171""],[0.8,""80.55""],[0.81,""57.8""],[0.82,""84.03""]]"
2026-05-17T02:53:40.309Z,btc-updown-15m-1778985900,"Bitcoin Up or Down - May 16, 10:45PM-11:00PM ET",btc-updown-15m-1778985900,2026-05-17T03:00:00Z,,0.17,0.18,0.82,0.83,0.175,0.47,3193.7123299999994,,44.08,67.89,"[[0.01,""9522.82""],[0.02,""2178.1""],[0.03,""1023.77""],[0.04,""165.09""],[0.05,""223.2""],[0.06,""429.54""],[0.07,""263.59""],[0.08,""131.29""],[0.09,""525.72""],[0.1,""457.87""],[0.11,""64.1""],[0.12,""199.34""],[0.13,""217.7""],[0.14,""48.15""],[0.15,""81.83""],[0.16,""38.8""],[0.17,""44.08""]]","[[0.01,""9532.71""],[0.02,""2114.1""],[0.03,""993.45""],[0.04,""135.09""],[0.05,""183.21""],[0.06,""109.54""],[0.07,""100.39""],[0.08,""78.35""],[0.09,""87.72""],[0.1,""68.3""],[0.11,""79.7""],[0.12,""56.74""],[0.13,""74.2""],[0.14,""52.05""],[0.15,""70.17""],[0.16,""58.55""],[0.17,""67.19""],[0.18,""45.86""],[0.19,""64.77""],[0.2,""68.81""],[0.21,""69.1""],[0.22,""42.5""],[0.23,""61.89""],[0.24,""41.39""],[0.25,""66""],[0.26,""40.6""],[0.27,""60.2""],[0.28,""39.9""],[0.29,""69.6""],[0.3,""44.3""],[0.31,""59""],[0.32,""53.8""],[0.33,""88.6""],[0.34,""38.4""],[0.35,""96.78""],[0.36,""43""],[0.37,""57.9""],[0.38,""37.7""],[0.39,""63.37""],[0.4,""43.5""],[0.41,""62.4""],[0.42,""37.3""],[0.43,""57.2""],[0.44,""48.69""],[0.45,""57.1""],[0.46,""52.1""],[0.47,""52.18""],[0.48,""37""],[0.49,""57""],[0.5,""37""],[0.51,""57""],[0.52,""37""],[0.53,""62""],[0.54,""42.1""],[0.55,""57.1""],[0.56,""42.2""],[0.57,""57.2""],[0.58,""37.3""],[0.59,""32.15""],[0.6,""37.5""],[0.61,""49.45""],[0.62,""48.79""],[0.63,""257.9""],[0.64,""38""],[0.65,""127.93""],[0.66,""143.4""],[0.67,""379.6""],[0.68,""53.8""],[0.69,""73.49""],[0.7,""154.3""],[0.71,""259.6""],[0.72,""59.9""],[0.73,""185.2""],[0.74,""95.6""],[0.75,""201""],[0.76,""147.13""],[0.77,""99.94""],[0.78,""170.3""],[0.79,""191""],[0.8,""168.55""],[0.81,""62.8""],[0.82,""67.89""]]"
2026-05-17T02:53:43.230Z,btc-updown-15m-1778985900,"Bitcoin Up or Down - May 16, 10:45PM-11:00PM ET",btc-updown-15m-1778985900,2026-05-17T03:00:00Z,,0.17,0.18,0.82,0.83,0.175,0.47,3193.7123299999994,,26.81,48.39,"[[0.01,""9522.82""],[0.02,""2183.1""],[0.03,""1023.77""],[0.04,""165.09""],[0.05,""223.2""],[0.06,""429.54""],[0.07,""263.59""],[0.08,""226.29""],[0.09,""425.72""],[0.1,""457.87""],[0.11,""89.1""],[0.12,""199.34""],[0.13,""192.7""],[0.14,""48.15""],[0.15,""48.67""],[0.16,""127.38""],[0.17,""26.81""]]","[[0.01,""9532.71""],[0.02,""2114.1""],[0.03,""993.45""],[0.04,""135.09""],[0.05,""183.21""],[0.06,""109.54""],[0.07,""100.39""],[0.08,""78.35""],[0.09,""87.72""],[0.1,""68.3""],[0.11,""79.7""],[0.12,""56.74""],[0.13,""74.2""],[0.14,""52.05""],[0.15,""70.17""],[0.16,""58.55""],[0.17,""67.19""],[0.18,""45.86""],[0.19,""64.77""],[0.2,""68.81""],[0.21,""69.1""],[0.22,""42.5""],[0.23,""61.89""],[0.24,""41.39""],[0.25,""66""],[0.26,""40.6""],[0.27,""60.2""],[0.28,""39.9""],[0.29,""69.6""],[0.3,""44.3""],[0.31,""59""],[0.32,""53.8""],[0.33,""88.6""],[0.34,""38.4""],[0.35,""96.78""],[0.36,""43""],[0.37,""57.9""],[0.38,""37.7""],[0.39,""63.37""],[0.4,""43.5""],[0.41,""62.4""],[0.42,""37.3""],[0.43,""57.2""],[0.44,""48.69""],[0.45,""57.1""],[0.46,""52.1""],[0.47,""58.18""],[0.48,""37""],[0.49,""57""],[0.5,""37""],[0.51,""57""],[0.52,""37""],[0.53,""62""],[0.54,""42.1""],[0.55,""57.1""],[0.56,""42.2""],[0.57,""57.2""],[0.58,""37.3""],[0.59,""32.15""],[0.6,""37.5""],[0.61,""49.45""],[0.62,""48.79""],[0.63,""257.9""],[0.64,""38""],[0.65,""127.93""],[0.66,""43.4""],[0.67,""479.6""],[0.68,""53.8""],[0.69,""73.49""],[0.7,""154.3""],[0.71,""259.6""],[0.72,""59.9""],[0.73,""185.2""],[0.74,""95.6""],[0.75,""201""],[0.76,""152.13""],[0.77,""94.94""],[0.78,""175.3""],[0.79,""180""],[0.8,""179.55""],[0.81,""42.8""],[0.82,""48.39""]]"
2026-05-17T02:53:46.425Z,btc-updown-15m-1778985900,"Bitcoin Up or Down - May 16, 10:45PM-11:00PM ET",btc-updown-15m-1778985900,2026-05-17T03:00:00Z,,0.16,0.17,0.83,0.84,0.165,0.47,3193.7123299999994,,123.75,17.0,"[[0.01,""9537.82""],[0.02,""2183.1""],[0.03,""1023.77""],[0.04,""165.09""],[0.05,""223.2""],[0.06,""429.54""],[0.07,""268.59""],[0.08,""226.29""],[0.09,""425.72""],[0.1,""457.87""],[0.11,""89.1""],[0.12,""199.34""],[0.13,""192.7""],[0.14,""48.15""],[0.15,""61.81""],[0.16,""123.75""]]","[[0.01,""9532.71""],[0.02,""2114.1""],[0.03,""993.45""],[0.04,""135.09""],[0.05,""183.21""],[0.06,""109.54""],[0.07,""100.39""],[0.08,""78.35""],[0.09,""87.72""],[0.1,""68.3""],[0.11,""79.7""],[0.12,""56.74""],[0.13,""74.2""],[0.14,""52.05""],[0.15,""70.17""],[0.16,""58.55""],[0.17,""67.19""],[0.18,""45.86""],[0.19,""64.77""],[0.2,""43.81""],[0.21,""69.1""],[0.22,""42.5""],[0.23,""61.89""],[0.24,""41.39""],[0.25,""66""],[0.26,""40.6""],[0.27,""60.2""],[0.28,""39.9""],[0.29,""69.6""],[0.3,""44.3""],[0.31,""59""],[0.32,""53.8""],[0.33,""88.6""],[0.34,""38.4""],[0.35,""96.78""],[0.36,""43""],[0.37,""57.9""],[0.38,""37.7""],[0.39,""63.37""],[0.4,""43.5""],[0.41,""62.4""],[0.42,""37.3""],[0.43,""57.2""],[0.44,""48.69""],[0.45,""57.1""],[0.46,""52.1""],[0.47,""58.18""],[0.48,""37""],[0.49,""57""],[0.5,""37""],[0.51,""57""],[0.52,""37""],[0.53,""62""],[0.54,""42.1""],[0.55,""57.1""],[0.56,""37.2""],[0.57,""57.2""],[0.58,""37.3""],[0.59,""32.15""],[0.6,""37.5""],[0.61,""54.45""],[0.62,""48.79""],[0.63,""257.9""],[0.64,""38""],[0.65,""127.93""],[0.66,""43.4""],[0.67,""479.6""],[0.68,""53.8""],[0.69,""73.49""],[0.7,""154.3""],[0.71,""159.6""],[0.72,""154.9""],[0.73,""85.2""],[0.74,""195.6""],[0.75,""201""],[0.76,""152.13""],[0.77,""94.94""],[0.78,""135.3""],[0.79,""238.1""],[0.8,""168.55""],[0.81,""73.8""],[0.82,""77.27""],[0.83,""17""]]"
2026-05-17T02:53:51.751Z,btc-updown-15m-1778985900,"Bitcoin Up or Down - May 16, 10:45PM-11:00PM ET",btc-updown-15m-1778985900,2026-05-17T03:00:00Z,,0.17,0.18,0.82,0.83,0.175,0.47,3193.7123299999994,,20.0,82.01,"[[0.01,""9517.82""],[0.02,""2183.1""],[0.03,""1023.77""],[0.04,""165.09""],[0.05,""223.2""],[0.06,""129.54""],[0.07,""268.59""],[0.08,""326.29""],[0.09,""119.72""],[0.1,""113.29""],[0.11,""189.1""],[0.12,""199.34""],[0.13,""92.7""],[0.14,""62.23""],[0.15,""48.67""],[0.16,""131.07""],[0.17,""20""]]","[[0.01,""9532.71""],[0.02,""2114.1""],[0.03,""993.45""],[0.04,""135.09""],[0.05,""183.21""],[0.06,""109.54""],[0.07,""100.39""],[0.08,""78.35""],[0.09,""87.72""],[0.1,""68.3""],[0.11,""79.7""],[0.12,""56.74""],[0.13,""74.2""],[0.14,""52.05""],[0.15,""70.17""],[0.16,""58.55""],[0.17,""67.19""],[0.18,""45.86""],[0.19,""64.77""],[0.2,""43.81""],[0.21,""69.1""],[0.22,""42.5""],[0.23,""61.89""],[0.24,""41.39""],[0.25,""66""],[0.26,""40.6""],[0.27,""60.2""],[0.28,""39.9""],[0.29,""69.6""],[0.3,""44.3""],[0.31,""59""],[0.32,""53.8""],[0.33,""88.6""],[0.34,""38.4""],[0.35,""96.78""],[0.36,""43""],[0.37,""57.9""],[0.38,""37.7""],[0.39,""63.37""],[0.4,""43.5""],[0.41,""62.4""],[0.42,""37.3""],[0.43,""57.2""],[0.44,""48.69""],[0.45,""57.1""],[0.46,""52.1""],[0.47,""52.18""],[0.48,""37""],[0.49,""57""],[0.5,""37""],[0.51,""57""],[0.52,""37""],[0.53,""62""],[0.54,""42.1""],[0.55,""57.1""],[0.56,""37.2""],[0.57,""57.2""],[0.58,""37.3""],[0.59,""32.15""],[0.6,""37.5""],[0.61,""54.45""],[0.62,""48.79""],[0.63,""57.9""],[0.64,""38""],[0.65,""68.51""],[0.66,""43.4""],[0.67,""180.6""],[0.68,""53.8""],[0.69,""73.49""],[0.7,""54.3""],[0.71,""159.6""],[0.72,""254.9""],[0.73,""85.2""],[0.74,""195.6""],[0.75,""176""],[0.76,""177.13""],[0.77,""94.94""],[0.78,""105.3""],[0.79,""138.1""],[0.8,""193.55""],[0.81,""179.07""],[0.82,""82.01""]]"
2026-05-17T02:53:53.329Z,btc-updown-15m-1778985900,"Bitcoin Up or Down - May 16, 10:45PM-11:00PM ET",btc-updown-15m-1778985900,2026-05-17T03:00:00Z,,0.18,0.19,0.81,0.82,0.185,0.47,3193.7123299999994,,84.46,20.27,"[[0.01,""9482.82""],[0.02,""2183.1""],[0.03,""1023.77""],[0.04,""205.09""],[0.05,""223.2""],[0.06,""129.54""],[0.07,""263.59""],[0.08,""279.29""],[0.09,""176.72""],[0.1,""63.29""],[0.11,""134.7""],[0.12,""60.34""],[0.13,""109.7""],[0.14,""56.15""],[0.15,""68.67""],[0.16,""61.19""],[0.17,""86.89""],[0.18,""84.46""]]","[[0.01,""9532.71""],[0.02,""2114.1""],[0.03,""993.45""],[0.04,""135.09""],[0.05,""183.21""],[0.06,""109.54""],[0.07,""100.39""],[0.08,""78.35""],[0.09,""87.72""],[0.1,""68.3""],[0.11,""79.7""],[0.12,""56.74""],[0.13,""74.2""],[0.14,""52.05""],[0.15,""70.17""],[0.16,""58.55""],[0.17,""67.19""],[0.18,""45.86""],[0.19,""64.77""],[0.2,""43.81""],[0.21,""69.1""],[0.22,""42.5""],[0.23,""61.89""],[0.24,""41.39""],[0.25,""66""],[0.26,""40.6""],[0.27,""60.2""],[0.28,""39.9""],[0.29,""69.6""],[0.3,""44.3""],[0.31,""59""],[0.32,""53.8""],[0.33,""88.6""],[0.34,""38.4""],[0.35,""96.78""],[0.36,""43""],[0.37,""57.9""],[0.38,""37.7""],[0.39,""63.37""],[0.4,""43.5""],[0.41,""62.4""],[0.42,""37.3""],[0.43,""57.2""],[0.44,""48.69""],[0.45,""57.1""],[0.46,""52.1""],[0.47,""52.18""],[0.48,""37""],[0.49,""57""],[0.5,""37""],[0.51,""57""],[0.52,""37""],[0.53,""62""],[0.54,""42.1""],[0.55,""57.1""],[0.56,""37.2""],[0.57,""57.2""],[0.58,""37.3""],[0.59,""32.15""],[0.6,""37.5""],[0.61,""54.45""],[0.62,""42.74""],[0.63,""57.9""],[0.64,""38""],[0.65,""163.51""],[0.66,""53.4""],[0.67,""80.6""],[0.68,""153.8""],[0.69,""253.49""],[0.7,""154.3""],[0.71,""164.6""],[0.72,""59.9""],[0.73,""85.2""],[0.74,""85.6""],[0.75,""86""],[0.76,""192.13""],[0.77,""98.05""],[0.78,""97.8""],[0.79,""46""],[0.8,""17.8""],[0.81,""20.27""]]"
2026-05-17T02:53:55.467Z,btc-updown-15m-1778985900,"Bitcoin Up or Down - May 16, 10:45PM-11:00PM ET",btc-updown-15m-1778985900,2026-05-17T03:00:00Z,,0.2,0.21,0.79,0.8,0.20500000000000002,0.47,3193.7123299999994,,108.18,44.68,"[[0.01,""9482.82""],[0.02,""2183.1""],[0.03,""1023.77""],[0.04,""200.09""],[0.05,""223.2""],[0.06,""429.54""],[0.07,""263.59""],[0.08,""279.29""],[0.09,""504.3""],[0.1,""73.29""],[0.11,""134.7""],[0.12,""74.34""],[0.13,""109.7""],[0.14,""181.15""],[0.15,""168.67""],[0.16,""61.19""],[0.17,""89.69""],[0.18,""92.31""],[0.19,""41.27""],[0.2,""108.18""]]","[[0.01,""9532.71""],[0.02,""2114.1""],[0.03,""993.45""],[0.04,""135.09""],[0.05,""183.21""],[0.06,""109.54""],[0.07,""100.39""],[0.08,""78.35""],[0.09,""87.72""],[0.1,""68.3""],[0.11,""79.7""],[0.12,""56.74""],[0.13,""74.2""],[0.14,""52.05""],[0.15,""70.17""],[0.16,""58.55""],[0.17,""67.19""],[0.18,""45.86""],[0.19,""64.77""],[0.2,""43.81""],[0.21,""69.1""],[0.22,""42.5""],[0.23,""61.89""],[0.24,""41.39""],[0.25,""66""],[0.26,""40.6""],[0.27,""60.2""],[0.28,""39.9""],[0.29,""74.6""],[0.3,""44.3""],[0.31,""59""],[0.32,""48.8""],[0.33,""88.6""],[0.34,""38.4""],[0.35,""96.78""],[0.36,""43""],[0.37,""57.9""],[0.38,""37.7""],[0.39,""63.37""],[0.4,""43.5""],[0.41,""62.4""],[0.42,""37.3""],[0.43,""57.2""],[0.44,""48.69""],[0.45,""57.1""],[0.46,""52.1""],[0.47,""52.18""],[0.48,""37""],[0.49,""57""],[0.5,""37""],[0.51,""57""],[0.52,""37""],[0.53,""62""],[0.54,""42.1""],[0.55,""57.1""],[0.56,""37.2""],[0.57,""57.2""],[0.58,""37.3""],[0.59,""32.15""],[0.6,""43.75""],[0.61,""54.45""],[0.62,""42.74""],[0.63,""57.9""],[0.64,""38""],[0.65,""168.51""],[0.66,""63.4""],[0.67,""135.02""],[0.68,""53.8""],[0.69,""657.49""],[0.7,""159.3""],[0.71,""69.6""],[0.72,""159.9""],[0.73,""85.2""],[0.74,""80.6""],[0.75,""86""],[0.76,""217.13""],[0.77,""239.94""],[0.78,""197.8""],[0.79,""44.68""]]"
2026-05-17T02:53:57.385Z,btc-updown-15m-1778985900,"Bitcoin Up or Down - May 16, 10:45PM-11:00PM ET",btc-updown-15m-1778985900,2026-05-17T03:00:00Z,,0.2,0.21,0.79,0.8,0.20500000000000002,0.47,3193.7123299999994,,40.58,134.68,"[[0.01,""9482.82""],[0.02,""2183.1""],[0.03,""1023.77""],[0.04,""200.09""],[0.05,""223.2""],[0.06,""429.54""],[0.07,""263.59""],[0.08,""279.29""],[0.09,""699.3""],[0.1,""73.29""],[0.11,""134.7""],[0.12,""42.34""],[0.13,""109.7""],[0.14,""181.15""],[0.15,""186.92""],[0.16,""61.19""],[0.17,""79.69""],[0.18,""56.36""],[0.19,""51""],[0.2,""40.58""]]","[[0.01,""9532.71""],[0.02,""2114.1""],[0.03,""993.45""],[0.04,""135.09""],[0.05,""183.21""],[0.06,""109.54""],[0.07,""100.39""],[0.08,""78.35""],[0.09,""87.72""],[0.1,""68.3""],[0.11,""79.7""],[0.12,""56.74""],[0.13,""74.2""],[0.14,""52.05""],[0.15,""70.17""],[0.16,""58.55""],[0.17,""67.19""],[0.18,""45.86""],[0.19,""64.77""],[0.2,""43.81""],[0.21,""69.1""],[0.22,""42.5""],[0.23,""61.89""],[0.24,""41.39""],[0.25,""66""],[0.26,""40.6""],[0.27,""60.2""],[0.28,""39.9""],[0.29,""74.6""],[0.3,""44.3""],[0.31,""59""],[0.32,""48.8""],[0.33,""88.6""],[0.34,""38.4""],[0.35,""96.78""],[0.36,""43""],[0.37,""57.9""],[0.38,""37.7""],[0.39,""63.37""],[0.4,""43.5""],[0.41,""62.4""],[0.42,""37.3""],[0.43,""57.2""],[0.44,""48.69""],[0.45,""57.1""],[0.46,""52.1""],[0.47,""52.18""],[0.48,""37""],[0.49,""57""],[0.5,""37""],[0.51,""57""],[0.52,""37""],[0.53,""62""],[0.54,""42.1""],[0.55,""57.1""],[0.56,""37.2""],[0.57,""57.2""],[0.58,""37.3""],[0.59,""32.15""],[0.6,""43.75""],[0.61,""54.45""],[0.62,""42.74""],[0.63,""57.9""],[0.64,""38""],[0.65,""368.51""],[0.66,""63.4""],[0.67,""135.02""],[0.68,""53.8""],[0.69,""657.49""],[0.7,""159.3""],[0.71,""69.6""],[0.72,""159.9""],[0.73,""85.2""],[0.74,""80.6""],[0.75,""86""],[0.76,""137.13""],[0.77,""325.06""],[0.78,""157.8""],[0.79,""134.68""]]"
2026-05-17T02:54:01.139Z,btc-updown-15m-1778985900,"Bitcoin Up or Down - May 16, 10:45PM-11:00PM ET",btc-updown-15m-1778985900,2026-05-17T03:00:00Z,,0.19,0.2,0.8,0.81,0.195,0.47,3193.7123299999994,,128.13,38.62,"[[0.01,""7832.82""],[0.02,""2178.1""],[0.03,""970.77""],[0.04,""160.09""],[0.05,""268.2""],[0.06,""129.54""],[0.07,""263.59""],[0.08,""273.29""],[0.09,""172.72""],[0.1,""63.29""],[0.11,""134.7""],[0.12,""107.34""],[0.13,""217.7""],[0.14,""148.15""],[0.15,""73.78""],[0.16,""61.19""],[0.17,""79.69""],[0.18,""74.36""],[0.19,""128.13""]]","[[0.01,""7872.71""],[0.02,""2114.1""],[0.03,""960.45""],[0.04,""135.09""],[0.05,""183.21""],[0.06,""109.54""],[0.07,""100.39""],[0.08,""78.35""],[0.09,""87.72""],[0.1,""68.3""],[0.11,""79.7""],[0.12,""56.74""],[0.13,""74.2""],[0.14,""52.05""],[0.15,""70.17""],[0.16,""58.55""],[0.17,""67.19""],[0.18,""45.86""],[0.19,""64.77""],[0.2,""43.81""],[0.21,""69.1""],[0.22,""42.5""],[0.23,""61.89""],[0.24,""41.39""],[0.25,""66""],[0.26,""40.6""],[0.27,""60.2""],[0.28,""39.9""],[0.29,""69.6""],[0.3,""49.3""],[0.31,""59""],[0.32,""48.8""],[0.33,""88.6""],[0.34,""38.4""],[0.35,""96.78""],[0.36,""43""],[0.37,""57.9""],[0.38,""37.7""],[0.39,""63.37""],[0.4,""43.5""],[0.41,""62.4""],[0.42,""37.3""],[0.43,""57.2""],[0.44,""48.69""],[0.45,""57.1""],[0.46,""52.1""],[0.47,""58.18""],[0.48,""37""],[0.49,""57""],[0.5,""37""],[0.51,""57""],[0.52,""42""],[0.53,""62""],[0.54,""37.1""],[0.55,""57.1""],[0.56,""37.2""],[0.57,""57.2""],[0.58,""37.3""],[0.59,""32.15""],[0.6,""43.75""],[0.61,""54.45""],[0.62,""42.74""],[0.63,""57.9""],[0.64,""48""],[0.65,""163.51""],[0.66,""58.4""],[0.67,""80.6""],[0.68,""53.8""],[0.69,""353.49""],[0.7,""154.3""],[0.71,""69.6""],[0.72,""159.9""],[0.73,""85.2""],[0.74,""105.6""],[0.75,""86""],[0.76,""127.13""],[0.77,""184.94""],[0.78,""182.8""],[0.79,""198.38""],[0.8,""38.62""]]"
2026-05-17T02:54:08.017Z,btc-updown-15m-1778985900,"Bitcoin Up or Down - May 16, 10:45PM-11:00PM ET",btc-updown-15m-1778985900,2026-05-17T03:00:00Z,,0.2,0.21,0.79,0.8,0.20500000000000002,0.47,3193.7123299999994,,72.89,66.63,"[[0.01,""7797.82""],[0.02,""2183.1""],[0.03,""975.77""],[0.04,""165.09""],[0.05,""223.2""],[0.06,""129.54""],[0.07,""403.59""],[0.08,""184.29""],[0.09,""154.72""],[0.1,""63.29""],[0.11,""134.7""],[0.12,""33.34""],[0.13,""124.7""],[0.14,""61.26""],[0.15,""66.86""],[0.16,""161.19""],[0.17,""79.69""],[0.18,""55.25""],[0.19,""69.66""],[0.2,""72.89""]]","[[0.01,""7852.71""],[0.02,""2114.1""],[0.03,""960.45""],[0.04,""135.09""],[0.05,""183.21""],[0.06,""109.54""],[0.07,""100.39""],[0.08,""78.35""],[0.09,""87.72""],[0.1,""68.3""],[0.11,""79.7""],[0.12,""56.74""],[0.13,""74.2""],[0.14,""52.05""],[0.15,""70.17""],[0.16,""58.55""],[0.17,""67.19""],[0.18,""45.86""],[0.19,""64.77""],[0.2,""68.81""],[0.21,""69.1""],[0.22,""42.5""],[0.23,""61.89""],[0.24,""41.39""],[0.25,""66""],[0.26,""40.6""],[0.27,""60.2""],[0.28,""39.9""],[0.29,""74.6""],[0.3,""44.3""],[0.31,""59""],[0.32,""48.8""],[0.33,""88.6""],[0.34,""38.4""],[0.35,""96.78""],[0.36,""43""],[0.37,""57.9""],[0.38,""37.7""],[0.39,""63.37""],[0.4,""43.5""],[0.41,""62.4""],[0.42,""37.3""],[0.43,""57.2""],[0.44,""48.69""],[0.45,""57.1""],[0.46,""52.1""],[0.47,""52.18""],[0.48,""37""],[0.49,""57""],[0.5,""37""],[0.51,""57""],[0.52,""42""],[0.53,""62""],[0.54,""37.1""],[0.55,""57.1""],[0.56,""37.2""],[0.57,""57.2""],[0.58,""43.77""],[0.59,""32.15""],[0.6,""37.5""],[0.61,""54.45""],[0.62,""47.74""],[0.63,""157.9""],[0.64,""38""],[0.65,""68.51""],[0.66,""58.4""],[0.67,""280.6""],[0.68,""153.8""],[0.69,""253.49""],[0.7,""59.3""],[0.71,""69.6""],[0.72,""59.9""],[0.73,""110.2""],[0.74,""105.6""],[0.75,""166""],[0.76,""232.13""],[0.77,""93.05""],[0.78,""49.8""],[0.79,""66.63""]]"
2026-05-17T02:54:11.594Z,btc-updown-15m-1778985900,"Bitcoin Up or Down - May 16, 10:45PM-11:00PM ET",btc-updown-15m-1778985900,2026-05-17T03:00:00Z,,0.2,0.21,0.79,0.83,0.20500000000000002,0.47,3193.7123299999994,,50.0,296.65,"[[0.01,""7752.82""],[0.02,""2183.1""],[0.03,""975.77""],[0.04,""165.09""],[0.05,""223.2""],[0.06,""429.54""],[0.07,""363.59""],[0.08,""79.29""],[0.09,""659.3""],[0.1,""63.29""],[0.11,""64.1""],[0.12,""49.68""],[0.13,""69.7""],[0.14,""48.15""],[0.15,""51.78""],[0.16,""34.94""],[0.17,""32.8""],[0.2,""50""]]","[[0.01,""7802.71""],[0.02,""2114.1""],[0.03,""960.45""],[0.04,""135.09""],[0.05,""183.21""],[0.06,""109.54""],[0.07,""100.39""],[0.08,""78.35""],[0.09,""87.72""],[0.1,""68.3""],[0.11,""79.7""],[0.12,""56.74""],[0.13,""74.2""],[0.14,""52.05""],[0.15,""70.17""],[0.16,""58.55""],[0.17,""67.19""],[0.18,""45.86""],[0.19,""64.77""],[0.2,""68.81""],[0.21,""69.1""],[0.22,""42.5""],[0.23,""61.89""],[0.24,""41.39""],[0.25,""66""],[0.26,""40.6""],[0.27,""60.2""],[0.28,""39.9""],[0.29,""74.6""],[0.3,""44.3""],[0.31,""59""],[0.32,""48.8""],[0.33,""88.6""],[0.34,""38.4""],[0.35,""96.78""],[0.36,""43""],[0.37,""57.9""],[0.38,""37.7""],[0.39,""63.37""],[0.4,""43.5""],[0.41,""62.4""],[0.42,""37.3""],[0.43,""57.2""],[0.44,""48.69""],[0.45,""57.1""],[0.46,""52.1""],[0.47,""52.18""],[0.48,""37""],[0.49,""57""],[0.5,""37""],[0.51,""57""],[0.52,""42""],[0.53,""62""],[0.54,""37.1""],[0.55,""57.1""],[0.56,""37.2""],[0.57,""57.2""],[0.58,""37.3""],[0.59,""32.15""],[0.6,""37.5""],[0.61,""54.45""],[0.62,""42.74""],[0.63,""57.9""],[0.64,""238""],[0.65,""68.51""],[0.66,""112.82""],[0.67,""80.6""],[0.68,""452.8""],[0.69,""73.49""],[0.7,""54.3""],[0.71,""164.6""],[0.72,""54.9""],[0.73,""80.2""],[0.74,""75.6""],[0.75,""81""],[0.76,""147.13""],[0.77,""69.94""],[0.78,""95.3""],[0.79,""296.65""]]"
2026-05-17T02:54:13.554Z,btc-updown-15m-1778985900,"Bitcoin Up or Down - May 16, 10:45PM-11:00PM ET",btc-updown-15m-1778985900,2026-05-17T03:00:00Z,,0.17,0.18,0.82,0.83,0.175,0.47,3193.7123299999994,,5.94,44.38,"[[0.01,""7532.82""],[0.02,""2173.1""],[0.03,""965.77""],[0.04,""155.09""],[0.05,""223.2""],[0.06,""429.54""],[0.07,""231.39""],[0.08,""119.29""],[0.09,""664.3""],[0.1,""108.48""],[0.11,""64.1""],[0.12,""28.34""],[0.13,""109.7""],[0.14,""87.16""],[0.15,""40""],[0.16,""15.2""],[0.17,""5.94""]]","[[0.01,""7552.71""],[0.02,""2114.1""],[0.03,""960.45""],[0.04,""135.09""],[0.05,""183.21""],[0.06,""109.54""],[0.07,""100.39""],[0.08,""78.35""],[0.09,""87.72""],[0.1,""68.3""],[0.11,""79.7""],[0.12,""56.74""],[0.13,""74.2""],[0.14,""52.05""],[0.15,""70.17""],[0.16,""58.55""],[0.17,""67.19""],[0.18,""45.86""],[0.19,""64.77""],[0.2,""68.81""],[0.21,""69.1""],[0.22,""42.5""],[0.23,""61.89""],[0.24,""41.39""],[0.25,""66""],[0.26,""40.6""],[0.27,""60.2""],[0.28,""39.9""],[0.29,""69.6""],[0.3,""44.3""],[0.31,""59""],[0.32,""48.8""],[0.33,""88.6""],[0.34,""38.4""],[0.35,""96.78""],[0.36,""43""],[0.37,""57.9""],[0.38,""37.7""],[0.39,""63.37""],[0.4,""43.5""],[0.41,""62.4""],[0.42,""37.3""],[0.43,""57.2""],[0.44,""48.69""],[0.45,""57.1""],[0.46,""52.1""],[0.47,""52.18""],[0.48,""37""],[0.49,""57""],[0.5,""37""],[0.51,""57""],[0.52,""42""],[0.53,""62""],[0.54,""37.1""],[0.55,""57.1""],[0.56,""37.2""],[0.57,""57.2""],[0.58,""37.3""],[0.59,""32.15""],[0.6,""43.75""],[0.61,""54.45""],[0.62,""42.74""],[0.63,""57.9""],[0.64,""238""],[0.65,""68.51""],[0.66,""112.82""],[0.67,""80.6""],[0.68,""352.8""],[0.69,""173.49""],[0.7,""54.3""],[0.71,""59.6""],[0.72,""54.9""],[0.73,""180.2""],[0.74,""130.6""],[0.75,""91""],[0.76,""132.13""],[0.77,""94.94""],[0.78,""195.3""],[0.79,""130.19""],[0.8,""37.8""],[0.81,""121.79""],[0.82,""44.38""]]"
2026-05-17T02:54:16.747Z,btc-updown-15m-1778985900,"Bitcoin Up or Down - May 16, 10:45PM-11:00PM ET",btc-updown-15m-1778985900,2026-05-17T03:00:00Z,,0.17,0.18,0.82,0.83,0.175,0.47,3193.7123299999994,,46.32,61.64,"[[0.01,""7287.82""],[0.02,""2173.1""],[0.03,""965.77""],[0.04,""155.09""],[0.05,""223.2""],[0.06,""429.54""],[0.07,""331.39""],[0.08,""124.29""],[0.09,""704.3""],[0.1,""103.29""],[0.11,""89.1""],[0.12,""153.34""],[0.13,""184.7""],[0.14,""103.26""],[0.15,""74.47""],[0.16,""55""],[0.17,""46.32""]]","[[0.01,""7307.71""],[0.02,""2114.1""],[0.03,""960.45""],[0.04,""135.09""],[0.05,""183.21""],[0.06,""109.54""],[0.07,""100.39""],[0.08,""78.35""],[0.09,""87.72""],[0.1,""68.3""],[0.11,""79.7""],[0.12,""56.74""],[0.13,""74.2""],[0.14,""52.05""],[0.15,""70.17""],[0.16,""58.55""],[0.17,""67.19""],[0.18,""45.86""],[0.19,""64.77""],[0.2,""68.81""],[0.21,""69.1""],[0.22,""42.5""],[0.23,""61.89""],[0.24,""41.39""],[0.25,""66""],[0.26,""40.6""],[0.27,""60.2""],[0.28,""39.9""],[0.29,""69.6""],[0.3,""44.3""],[0.31,""59""],[0.32,""53.8""],[0.33,""88.6""],[0.34,""38.4""],[0.35,""96.78""],[0.36,""43""],[0.37,""57.9""],[0.38,""37.7""],[0.39,""63.37""],[0.4,""43.5""],[0.41,""62.4""],[0.42,""37.3""],[0.43,""57.2""],[0.44,""48.69""],[0.45,""57.1""],[0.46,""52.1""],[0.47,""52.18""],[0.48,""37""],[0.49,""57""],[0.5,""37""],[0.51,""57""],[0.52,""42""],[0.53,""62""],[0.54,""37.1""],[0.55,""57.1""],[0.56,""37.2""],[0.57,""57.2""],[0.58,""37.3""],[0.59,""32.15""],[0.6,""43.75""],[0.61,""54.45""],[0.62,""42.74""],[0.63,""57.9""],[0.64,""238""],[0.65,""68.51""],[0.66,""97.82""],[0.67,""185.6""],[0.68,""337.8""],[0.69,""73.49""],[0.7,""154.3""],[0.71,""159.6""],[0.72,""154.9""],[0.73,""180.2""],[0.74,""170.6""],[0.75,""91""],[0.76,""107.13""],[0.77,""94.94""],[0.78,""160.3""],[0.79,""298.29""],[0.8,""182.8""],[0.81,""97""],[0.82,""61.64""]]"
2026-05-17T02:54:20.967Z,btc-updown-15m-1778985900,"Bitcoin Up or Down - May 16, 10:45PM-11:00PM ET",btc-updown-15m-1778985900,2026-05-17T03:00:00Z,,0.16,0.17,0.83,0.84,0.165,0.47,3193.7123299999994,,53.51,82.31,"[[0.01,""7292.82""],[0.02,""2183.1""],[0.03,""990.77""],[0.04,""160.09""],[0.05,""262.2""],[0.06,""429.54""],[0.07,""371.39""],[0.08,""79.29""],[0.09,""716.3""],[0.1,""83.29""],[0.11,""114.3""],[0.12,""167.45""],[0.13,""184.7""],[0.14,""106.15""],[0.15,""59.35""],[0.16,""53.51""]]","[[0.01,""7307.71""],[0.02,""2164.1""],[0.03,""960.45""],[0.04,""135.09""],[0.05,""183.21""],[0.06,""109.54""],[0.07,""100.39""],[0.08,""78.35""],[0.09,""87.72""],[0.1,""68.3""],[0.11,""79.7""],[0.12,""56.74""],[0.13,""74.2""],[0.14,""52.05""],[0.15,""70.17""],[0.16,""58.55""],[0.17,""67.19""],[0.18,""45.86""],[0.19,""64.77""],[0.2,""68.81""],[0.21,""69.1""],[0.22,""42.5""],[0.23,""61.89""],[0.24,""41.39""],[0.25,""66""],[0.26,""40.6""],[0.27,""60.2""],[0.28,""39.9""],[0.29,""69.6""],[0.3,""44.3""],[0.31,""59""],[0.32,""53.8""],[0.33,""88.6""],[0.34,""38.4""],[0.35,""96.78""],[0.36,""43""],[0.37,""57.9""],[0.38,""37.7""],[0.39,""63.37""],[0.4,""43.5""],[0.41,""62.4""],[0.42,""37.3""],[0.43,""57.2""],[0.44,""48.69""],[0.45,""57.1""],[0.46,""52.1""],[0.47,""52.18""],[0.48,""37""],[0.49,""57""],[0.5,""37""],[0.51,""57""],[0.52,""42""],[0.53,""62""],[0.54,""37.1""],[0.55,""57.1""],[0.56,""37.2""],[0.57,""57.2""],[0.58,""37.3""],[0.59,""32.15""],[0.6,""43.75""],[0.61,""54.45""],[0.62,""42.74""],[0.63,""57.9""],[0.64,""238""],[0.65,""68.51""],[0.66,""97.82""],[0.67,""185.6""],[0.68,""337.8""],[0.69,""73.49""],[0.7,""39.3""],[0.71,""259.6""],[0.72,""159.9""],[0.73,""185.2""],[0.74,""90.6""],[0.75,""176""],[0.76,""112.13""],[0.77,""99.94""],[0.78,""100.3""],[0.79,""270.13""],[0.8,""147.8""],[0.81,""121""],[0.82,""43.24""],[0.83,""82.31""]]"
2026-05-17T02:54:24.764Z,btc-updown-15m-1778985900,"Bitcoin Up or Down - May 16, 10:45PM-11:00PM ET",btc-updown-15m-1778985900,2026-05-17T03:00:00Z,,0.14,0.15,0.85,0.86,0.14500000000000002,0.47,3193.7123299999994,,79.81,70.55,"[[0.01,""7252.82""],[0.02,""2173.1""],[0.03,""975.77""],[0.04,""180.09""],[0.05,""263.2""],[0.06,""134.54""],[0.07,""371.39""],[0.08,""132.18""],[0.09,""339.72""],[0.1,""170.11""],[0.11,""174.1""],[0.12,""103.44""],[0.13,""57.7""],[0.14,""79.81""]]","[[0.01,""7307.71""],[0.02,""2114.1""],[0.03,""960.45""],[0.04,""135.09""],[0.05,""183.21""],[0.06,""109.54""],[0.07,""100.39""],[0.08,""78.35""],[0.09,""87.72""],[0.1,""68.3""],[0.11,""79.7""],[0.12,""156.74""],[0.13,""74.2""],[0.14,""52.05""],[0.15,""70.17""],[0.16,""58.55""],[0.17,""67.19""],[0.18,""45.86""],[0.19,""64.77""],[0.2,""68.81""],[0.21,""69.1""],[0.22,""42.5""],[0.23,""61.89""],[0.24,""41.39""],[0.25,""66""],[0.26,""40.6""],[0.27,""60.2""],[0.28,""39.9""],[0.29,""69.6""],[0.3,""44.3""],[0.31,""59""],[0.32,""48.8""],[0.33,""93.6""],[0.34,""38.4""],[0.35,""96.78""],[0.36,""43""],[0.37,""57.9""],[0.38,""37.7""],[0.39,""63.37""],[0.4,""43.5""],[0.41,""62.4""],[0.42,""37.3""],[0.43,""57.2""],[0.44,""48.69""],[0.45,""57.1""],[0.46,""52.1""],[0.47,""52.18""],[0.48,""37""],[0.49,""57""],[0.5,""37""],[0.51,""57""],[0.52,""42""],[0.53,""62""],[0.54,""37.1""],[0.55,""57.1""],[0.56,""37.2""],[0.57,""57.2""],[0.58,""37.3""],[0.59,""32.15""],[0.6,""37.5""],[0.61,""54.45""],[0.62,""42.74""],[0.63,""63.85""],[0.64,""238""],[0.65,""68.51""],[0.66,""38.4""],[0.67,""80.6""],[0.68,""38.8""],[0.69,""73.49""],[0.7,""149.3""],[0.71,""59.6""],[0.72,""54.9""],[0.73,""180.2""],[0.74,""180.6""],[0.75,""196""],[0.76,""212.13""],[0.77,""164.94""],[0.78,""62.5""],[0.79,""53.13""],[0.8,""126.6""],[0.81,""290.5""],[0.82,""62.24""],[0.83,""218.53""],[0.84,""85.98""],[0.85,""70.55""]]"
2026-05-17T02:54:28.894Z,btc-updown-15m-1778985900,"Bitcoin Up or Down - May 16, 10:45PM-11:00PM ET",btc-updown-15m-1778985900,2026-05-17T03:00:00Z,,0.14,0.15,0.85,0.86,0.14500000000000002,0.47,3193.7123299999994,,64.95,216.13,"[[0.01,""7262.82""],[0.02,""2183.1""],[0.03,""985.77""],[0.04,""155.09""],[0.05,""263.2""],[0.06,""434.54""],[0.07,""371.39""],[0.08,""124.29""],[0.09,""647.7""],[0.1,""155""],[0.11,""164.1""],[0.12,""78.34""],[0.13,""77.5""],[0.14,""64.95""]]","[[0.01,""7307.71""],[0.02,""2114.1""],[0.03,""960.45""],[0.04,""135.09""],[0.05,""183.21""],[0.06,""109.54""],[0.07,""100.39""],[0.08,""78.35""],[0.09,""87.72""],[0.1,""68.3""],[0.11,""79.7""],[0.12,""156.74""],[0.13,""74.2""],[0.14,""52.05""],[0.15,""70.17""],[0.16,""58.55""],[0.17,""67.19""],[0.18,""45.86""],[0.19,""64.77""],[0.2,""68.81""],[0.21,""69.1""],[0.22,""42.5""],[0.23,""61.89""],[0.24,""41.39""],[0.25,""66""],[0.26,""40.6""],[0.27,""60.2""],[0.28,""39.9""],[0.29,""69.6""],[0.3,""44.3""],[0.31,""59""],[0.32,""48.8""],[0.33,""88.6""],[0.34,""38.4""],[0.35,""101.78""],[0.36,""43""],[0.37,""57.9""],[0.38,""37.7""],[0.39,""63.37""],[0.4,""43.5""],[0.41,""62.4""],[0.42,""37.3""],[0.43,""57.2""],[0.44,""48.69""],[0.45,""57.1""],[0.46,""52.1""],[0.47,""52.18""],[0.48,""37""],[0.49,""57""],[0.5,""37""],[0.51,""57""],[0.52,""42""],[0.53,""62""],[0.54,""37.1""],[0.55,""57.1""],[0.56,""37.2""],[0.57,""57.2""],[0.58,""37.3""],[0.59,""32.15""],[0.6,""37.5""],[0.61,""54.45""],[0.62,""42.74""],[0.63,""63.85""],[0.64,""238""],[0.65,""122.93""],[0.66,""38.4""],[0.67,""379.6""],[0.68,""38.8""],[0.69,""78.49""],[0.7,""44.3""],[0.71,""159.6""],[0.72,""54.9""],[0.73,""80.2""],[0.74,""275.6""],[0.75,""191""],[0.76,""207.13""],[0.77,""84.94""],[0.78,""137.5""],[0.79,""48.13""],[0.8,""121.6""],[0.81,""145.5""],[0.82,""97.24""],[0.83,""253.53""],[0.84,""140.98""],[0.85,""216.13""]]"
2026-05-17T02:54:32.725Z,btc-updown-15m-1778985900,"Bitcoin Up or Down - May 16, 10:45PM-11:00PM ET",btc-updown-15m-1778985900,2026-05-17T03:00:00Z,,0.13,0.14,0.86,0.87,0.135,0.47,3193.7123299999994,,57.7,115.09,"[[0.01,""7272.82""],[0.02,""2183.1""],[0.03,""990.77""],[0.04,""195.09""],[0.05,""218.2""],[0.06,""574.54""],[0.07,""231.39""],[0.08,""143.29""],[0.09,""774.49""],[0.1,""130""],[0.11,""81.66""],[0.12,""91.14""],[0.13,""57.7""]]","[[0.01,""7307.71""],[0.02,""2114.1""],[0.03,""960.45""],[0.04,""135.09""],[0.05,""183.21""],[0.06,""109.54""],[0.07,""100.39""],[0.08,""78.35""],[0.09,""87.72""],[0.1,""68.3""],[0.11,""79.7""],[0.12,""156.74""],[0.13,""74.2""],[0.14,""52.05""],[0.15,""70.17""],[0.16,""58.55""],[0.17,""67.19""],[0.18,""45.86""],[0.19,""64.77""],[0.2,""68.81""],[0.21,""69.1""],[0.22,""42.5""],[0.23,""61.89""],[0.24,""41.39""],[0.25,""66""],[0.26,""40.6""],[0.27,""60.2""],[0.28,""39.9""],[0.29,""69.6""],[0.3,""44.3""],[0.31,""59""],[0.32,""48.8""],[0.33,""88.6""],[0.34,""38.4""],[0.35,""101.78""],[0.36,""43""],[0.37,""57.9""],[0.38,""37.7""],[0.39,""63.37""],[0.4,""43.5""],[0.41,""62.4""],[0.42,""37.3""],[0.43,""57.2""],[0.44,""48.69""],[0.45,""57.1""],[0.46,""52.1""],[0.47,""52.18""],[0.48,""37""],[0.49,""57""],[0.5,""37""],[0.51,""57""],[0.52,""42""],[0.53,""62""],[0.54,""37.1""],[0.55,""57.1""],[0.56,""37.2""],[0.57,""57.2""],[0.58,""37.3""],[0.59,""32.15""],[0.6,""37.5""],[0.61,""61.45""],[0.62,""42.74""],[0.63,""63.85""],[0.64,""238""],[0.65,""122.93""],[0.66,""38.4""],[0.67,""379.6""],[0.68,""38.8""],[0.69,""73.49""],[0.7,""49.3""],[0.71,""159.6""],[0.72,""54.9""],[0.73,""80.2""],[0.74,""275.6""],[0.75,""191""],[0.76,""207.13""],[0.77,""84.94""],[0.78,""57.5""],[0.79,""48.13""],[0.8,""123.8""],[0.81,""80.5""],[0.82,""157.54""],[0.83,""274.42""],[0.84,""147.95""],[0.85,""60.79""],[0.86,""115.09""]]"
2026-05-17T02:54:36.056Z,btc-updown-15m-1778985900,"Bitcoin Up or Down - May 16, 10:45PM-11:00PM ET",btc-updown-15m-1778985900,2026-05-17T03:00:00Z,,0.13,0.14,0.86,0.87,0.135,0.47,3193.7123299999994,,55.34,161.07,"[[0.01,""7267.82""],[0.02,""2173.1""],[0.03,""980.77""],[0.04,""195.09""],[0.05,""223.2""],[0.06,""574.54""],[0.07,""231.39""],[0.08,""143.29""],[0.09,""774.49""],[0.1,""130""],[0.11,""64.1""],[0.12,""107.4""],[0.13,""55.34""]]","[[0.01,""7307.71""],[0.02,""2114.1""],[0.03,""960.45""],[0.04,""135.09""],[0.05,""183.21""],[0.06,""109.54""],[0.07,""100.39""],[0.08,""78.35""],[0.09,""87.72""],[0.1,""68.3""],[0.11,""79.7""],[0.12,""156.74""],[0.13,""74.2""],[0.14,""52.05""],[0.15,""70.17""],[0.16,""58.55""],[0.17,""67.19""],[0.18,""45.86""],[0.19,""64.77""],[0.2,""68.81""],[0.21,""69.1""],[0.22,""42.5""],[0.23,""61.89""],[0.24,""41.39""],[0.25,""66""],[0.26,""40.6""],[0.27,""60.2""],[0.28,""39.9""],[0.29,""69.6""],[0.3,""44.3""],[0.31,""59""],[0.32,""48.8""],[0.33,""88.6""],[0.34,""38.4""],[0.35,""101.78""],[0.36,""43""],[0.37,""57.9""],[0.38,""37.7""],[0.39,""63.37""],[0.4,""43.5""],[0.41,""62.4""],[0.42,""37.3""],[0.43,""57.2""],[0.44,""48.69""],[0.45,""57.1""],[0.46,""52.1""],[0.47,""52.18""],[0.48,""37""],[0.49,""57""],[0.5,""37""],[0.51,""57""],[0.52,""42""],[0.53,""62""],[0.54,""37.1""],[0.55,""57.1""],[0.56,""37.2""],[0.57,""57.2""],[0.58,""37.3""],[0.59,""32.15""],[0.6,""37.5""],[0.61,""54.45""],[0.62,""42.74""],[0.63,""63.85""],[0.64,""238""],[0.65,""122.93""],[0.66,""38.4""],[0.67,""379.6""],[0.68,""38.8""],[0.69,""73.49""],[0.7,""49.3""],[0.71,""159.6""],[0.72,""39.9""],[0.73,""80.2""],[0.74,""175.6""],[0.75,""191""],[0.76,""307.13""],[0.77,""84.94""],[0.78,""57.5""],[0.79,""128.13""],[0.8,""98.8""],[0.81,""105.5""],[0.82,""157.54""],[0.83,""264.42""],[0.84,""135.98""],[0.85,""60.79""],[0.86,""161.07""]]"
2026-05-17T02:54:41.148Z,btc-updown-15m-1778985900,"Bitcoin Up or Down - May 16, 10:45PM-11:00PM ET",btc-updown-15m-1778985900,2026-05-17T03:00:00Z,,0.14,0.18,0.82,0.86,0.16,0.47,3193.7123299999994,,107.1,234.19,"[[0.01,""7399.82""],[0.02,""2183.1""],[0.03,""985.77""],[0.04,""160.09""],[0.05,""263.2""],[0.06,""534.54""],[0.07,""271.39""],[0.08,""317.29""],[0.09,""452.81""],[0.1,""130""],[0.11,""212.75""],[0.12,""41.14""],[0.13,""88.28""],[0.14,""107.1""]]","[[0.01,""7307.71""],[0.02,""2114.1""],[0.03,""960.45""],[0.04,""135.09""],[0.05,""183.21""],[0.06,""109.54""],[0.07,""100.39""],[0.08,""78.35""],[0.09,""87.72""],[0.1,""68.3""],[0.11,""79.7""],[0.12,""156.74""],[0.13,""74.2""],[0.14,""52.05""],[0.15,""70.17""],[0.16,""58.55""],[0.17,""67.19""],[0.18,""45.86""],[0.19,""64.77""],[0.2,""68.81""],[0.21,""69.1""],[0.22,""42.5""],[0.23,""61.89""],[0.24,""41.39""],[0.25,""66""],[0.26,""40.6""],[0.27,""60.2""],[0.28,""39.9""],[0.29,""69.6""],[0.3,""44.3""],[0.31,""59""],[0.32,""48.8""],[0.33,""88.6""],[0.34,""38.4""],[0.35,""96.78""],[0.36,""43""],[0.37,""57.9""],[0.38,""37.7""],[0.39,""63.37""],[0.4,""43.5""],[0.41,""62.4""],[0.42,""37.3""],[0.43,""57.2""],[0.44,""48.69""],[0.45,""57.1""],[0.46,""58.1""],[0.47,""52.18""],[0.48,""37""],[0.49,""57""],[0.5,""37""],[0.51,""57""],[0.52,""42""],[0.53,""62""],[0.54,""37.1""],[0.55,""57.1""],[0.56,""37.2""],[0.57,""57.2""],[0.58,""37.3""],[0.59,""32.15""],[0.6,""37.5""],[0.61,""54.45""],[0.62,""42.74""],[0.63,""63.85""],[0.64,""238""],[0.65,""68.51""],[0.66,""92.82""],[0.67,""80.6""],[0.68,""342.8""],[0.69,""73.49""],[0.7,""44.3""],[0.71,""159.6""],[0.72,""54.9""],[0.73,""80.2""],[0.74,""275.6""],[0.75,""86""],[0.76,""382.13""],[0.77,""119.94""],[0.78,""62.5""],[0.79,""53.13""],[0.8,""48.8""],[0.81,""85.5""],[0.82,""234.19""]]"
2026-05-17T02:54:45.228Z,btc-updown-15m-1778985900,"Bitcoin Up or Down - May 16, 10:45PM-11:00PM ET",btc-updown-15m-1778985900,2026-05-17T03:00:00Z,,0.17,0.18,0.82,0.85,0.175,0.47,3193.7123299999994,,9.0,78.39,"[[0.01,""7267.82""],[0.02,""2183.1""],[0.03,""980.77""],[0.04,""155.09""],[0.05,""223.2""],[0.06,""529.54""],[0.07,""231.39""],[0.08,""291.5""],[0.09,""457.81""],[0.1,""125""],[0.11,""94.1""],[0.12,""28.34""],[0.13,""265.26""],[0.14,""157.89""],[0.15,""74.69""],[0.17,""9""]]","[[0.01,""7302.71""],[0.02,""2114.1""],[0.03,""960.45""],[0.04,""135.09""],[0.05,""183.21""],[0.06,""109.54""],[0.07,""100.39""],[0.08,""78.35""],[0.09,""87.72""],[0.1,""68.3""],[0.11,""79.7""],[0.12,""156.74""],[0.13,""74.2""],[0.14,""52.05""],[0.15,""70.17""],[0.16,""58.55""],[0.17,""67.19""],[0.18,""45.86""],[0.19,""64.77""],[0.2,""68.81""],[0.21,""69.1""],[0.22,""42.5""],[0.23,""61.89""],[0.24,""41.39""],[0.25,""66""],[0.26,""40.6""],[0.27,""60.2""],[0.28,""39.9""],[0.29,""69.6""],[0.3,""44.3""],[0.31,""59""],[0.32,""48.8""],[0.33,""88.6""],[0.34,""38.4""],[0.35,""96.78""],[0.36,""43""],[0.37,""57.9""],[0.38,""37.7""],[0.39,""63.37""],[0.4,""43.5""],[0.41,""62.4""],[0.42,""37.3""],[0.43,""57.2""],[0.44,""48.69""],[0.45,""57.1""],[0.46,""52.1""],[0.47,""52.18""],[0.48,""37""],[0.49,""57""],[0.5,""37""],[0.51,""57""],[0.52,""37""],[0.53,""67""],[0.54,""37.1""],[0.55,""57.1""],[0.56,""37.2""],[0.57,""57.2""],[0.58,""37.3""],[0.59,""32.15""],[0.6,""37.5""],[0.61,""54.45""],[0.62,""42.74""],[0.63,""63.85""],[0.64,""238""],[0.65,""68.51""],[0.66,""97.82""],[0.67,""80.6""],[0.68,""337.8""],[0.69,""59""],[0.7,""54.3""],[0.71,""159.6""],[0.72,""54.9""],[0.73,""80.2""],[0.74,""185.6""],[0.75,""191""],[0.76,""312.13""],[0.77,""264.94""],[0.78,""172.5""],[0.79,""45""],[0.8,""57.8""],[0.81,""102.8""],[0.82,""78.39""]]"
2026-05-17T02:54:49.637Z,btc-updown-15m-1778985900,"Bitcoin Up or Down - May 16, 10:45PM-11:00PM ET",btc-updown-15m-1778985900,2026-05-17T03:00:00Z,,0.17,0.18,0.82,0.83,0.175,0.47,3193.7123299999994,,58.03,72.8,"[[0.01,""7267.82""],[0.02,""2183.1""],[0.03,""970.77""],[0.04,""155.09""],[0.05,""218.2""],[0.06,""529.54""],[0.07,""231.39""],[0.08,""279.29""],[0.09,""484.81""],[0.1,""70""],[0.11,""114.1""],[0.12,""62.34""],[0.13,""170.26""],[0.14,""197.89""],[0.15,""168.67""],[0.16,""33.25""],[0.17,""58.03""]]","[[0.01,""7302.71""],[0.02,""2114.1""],[0.03,""960.45""],[0.04,""135.09""],[0.05,""183.21""],[0.06,""109.54""],[0.07,""100.39""],[0.08,""78.35""],[0.09,""87.72""],[0.1,""68.3""],[0.11,""79.7""],[0.12,""156.74""],[0.13,""74.2""],[0.14,""52.05""],[0.15,""70.17""],[0.16,""58.55""],[0.17,""67.19""],[0.18,""45.86""],[0.19,""64.77""],[0.2,""43.81""],[0.21,""69.1""],[0.22,""42.5""],[0.23,""61.89""],[0.24,""41.39""],[0.25,""66""],[0.26,""40.6""],[0.27,""60.2""],[0.28,""39.9""],[0.29,""69.6""],[0.3,""44.3""],[0.31,""59""],[0.32,""53.8""],[0.33,""88.6""],[0.34,""38.4""],[0.35,""96.78""],[0.36,""43""],[0.37,""57.9""],[0.38,""37.7""],[0.39,""63.37""],[0.4,""43.5""],[0.41,""62.4""],[0.42,""37.3""],[0.43,""57.2""],[0.44,""48.69""],[0.45,""57.1""],[0.46,""52.1""],[0.47,""57.18""],[0.48,""37""],[0.49,""57""],[0.5,""37""],[0.51,""57""],[0.52,""37""],[0.53,""62""],[0.54,""37.1""],[0.55,""57.1""],[0.56,""37.2""],[0.57,""57.2""],[0.58,""37.3""],[0.59,""32.15""],[0.6,""42.5""],[0.61,""49.45""],[0.62,""42.74""],[0.63,""57.9""],[0.64,""243.86""],[0.65,""68.51""],[0.66,""92.82""],[0.67,""85.6""],[0.68,""357.8""],[0.69,""64""],[0.7,""59.3""],[0.71,""64.6""],[0.72,""159.9""],[0.73,""85.2""],[0.74,""185.6""],[0.75,""316""],[0.76,""332.13""],[0.77,""243.03""],[0.78,""105""],[0.8,""48""],[0.82,""72.8""]]"
2026-05-17T02:54:53.861Z,btc-updown-15m-1778985900,"Bitcoin Up or Down - May 16, 10:45PM-11:00PM ET",btc-updown-15m-1778985900,2026-05-17T03:00:00Z,,0.54,0.67,0.33,0.46,0.605,0.47,3193.7123299999994,,11.98,30.0,"[[0.01,""7347.82""],[0.02,""2163.1""],[0.03,""975.77""],[0.04,""155.09""],[0.05,""223.2""],[0.06,""129.54""],[0.07,""115.39""],[0.08,""73.29""],[0.09,""102.72""],[0.1,""63.29""],[0.11,""94.7""],[0.12,""56.74""],[0.13,""114.46""],[0.14,""27.15""],[0.15,""61.67""],[0.16,""26.25""],[0.17,""60.82""],[0.18,""52.56""],[0.19,""65.27""],[0.2,""30""],[0.21,""25""],[0.22,""285""],[0.23,""19""],[0.24,""14""],[0.25,""13""],[0.26,""13""],[0.27,""20""],[0.28,""66.99""],[0.29,""12""],[0.33,""5""],[0.34,""12.49""],[0.35,""5""],[0.36,""20""],[0.37,""20""],[0.38,""20""],[0.39,""20""],[0.41,""25""],[0.43,""25""],[0.45,""20""],[0.46,""8.15""],[0.48,""13""],[0.5,""60.8""],[0.51,""61.7""],[0.53,""24.46""],[0.54,""11.98""]]","[[0.01,""7407.71""],[0.02,""2164.1""],[0.03,""960.45""],[0.04,""135.09""],[0.05,""183.21""],[0.06,""109.54""],[0.07,""100.39""],[0.08,""93.35""],[0.09,""87.72""],[0.1,""68.3""],[0.11,""79.7""],[0.12,""156.74""],[0.13,""74.2""],[0.14,""52.05""],[0.15,""70.17""],[0.16,""58.55""],[0.17,""67.19""],[0.18,""52.86""],[0.19,""69.77""],[0.2,""43.81""],[0.21,""69.1""],[0.22,""20""],[0.23,""40""],[0.24,""20""],[0.25,""25""],[0.27,""20""],[0.29,""30""],[0.3,""10""],[0.31,""20""],[0.32,""17""],[0.33,""30""]]"
2026-05-17T02:54:57.090Z,btc-updown-15m-1778985900,"Bitcoin Up or Down - May 16, 10:45PM-11:00PM ET",btc-updown-15m-1778985900,2026-05-17T03:00:00Z,,0.53,0.56,0.44,0.47,0.545,0.47,3193.7123299999994,,7.8,28.19,"[[0.01,""7342.82""],[0.02,""2163.1""],[0.03,""960.77""],[0.04,""160.09""],[0.05,""208.2""],[0.06,""129.54""],[0.07,""100.39""],[0.08,""73.29""],[0.09,""92.72""],[0.1,""63.29""],[0.11,""79.7""],[0.12,""56.74""],[0.13,""75.96""],[0.14,""52.05""],[0.15,""70.17""],[0.16,""48.55""],[0.17,""40.82""],[0.18,""25.56""],[0.19,""61.27""],[0.2,""50""],[0.21,""45""],[0.22,""25""],[0.23,""238.09""],[0.25,""20""],[0.26,""14.99""],[0.27,""20""],[0.28,""40""],[0.29,""20""],[0.3,""16.66""],[0.33,""5""],[0.34,""12.49""],[0.35,""14.28""],[0.36,""25""],[0.37,""20""],[0.38,""20""],[0.39,""20""],[0.4,""20""],[0.41,""25""],[0.42,""40""],[0.43,""225""],[0.44,""20""],[0.45,""30""],[0.46,""25""],[0.47,""5.11""],[0.48,""13""],[0.5,""15""],[0.53,""7.8""]]","[[0.01,""7407.71""],[0.02,""2164.1""],[0.03,""960.45""],[0.04,""135.09""],[0.05,""183.21""],[0.06,""109.54""],[0.07,""100.39""],[0.08,""78.35""],[0.09,""87.72""],[0.1,""68.3""],[0.11,""79.7""],[0.12,""171.74""],[0.13,""74.2""],[0.14,""52.05""],[0.15,""70.17""],[0.16,""58.55""],[0.17,""267.19""],[0.18,""45.86""],[0.19,""64.77""],[0.2,""43.81""],[0.21,""51""],[0.22,""20""],[0.23,""40""],[0.24,""27""],[0.25,""8.54""],[0.33,""31.3""],[0.35,""5""],[0.36,""31""],[0.37,""20.25""],[0.38,""27.75""],[0.39,""60""],[0.4,""30""],[0.41,""30""],[0.42,""8.89""],[0.44,""28.19""]]"
2026-05-17T02:55:01.261Z,btc-updown-15m-1778985900,"Bitcoin Up or Down - May 16, 10:45PM-11:00PM ET",btc-updown-15m-1778985900,2026-05-17T03:00:00Z,,0.55,0.56,0.44,0.45,0.555,0.47,3193.7123299999994,,22.48,199.43,"[[0.01,""7337.82""],[0.02,""2218.1""],[0.03,""960.77""],[0.04,""160.09""],[0.05,""213.2""],[0.06,""129.54""],[0.07,""100.39""],[0.08,""73.29""],[0.09,""87.72""],[0.1,""63.29""],[0.11,""79.7""],[0.12,""56.74""],[0.13,""75.96""],[0.14,""52.05""],[0.15,""75.17""],[0.16,""48.55""],[0.17,""62.12""],[0.18,""45.86""],[0.19,""64.77""],[0.2,""68.8""],[0.21,""63.1""],[0.22,""42.5""],[0.23,""66.89""],[0.24,""25""],[0.25,""65""],[0.26,""25""],[0.27,""45""],[0.28,""25""],[0.29,""45""],[0.3,""41.66""],[0.31,""50""],[0.32,""225""],[0.33,""50""],[0.34,""369.58""],[0.35,""59.28""],[0.36,""30""],[0.37,""50""],[0.38,""25""],[0.39,""50""],[0.4,""25""],[0.41,""60""],[0.42,""25""],[0.43,""60""],[0.44,""45""],[0.45,""130""],[0.46,""150""],[0.47,""210.11""],[0.48,""155.41""],[0.49,""65""],[0.5,""33""],[0.51,""65""],[0.52,""45""],[0.53,""70""],[0.54,""22.62""],[0.55,""22.48""]]","[[0.01,""7397.71""],[0.02,""2104.1""],[0.03,""960.45""],[0.04,""135.09""],[0.05,""183.21""],[0.06,""109.54""],[0.07,""100.39""],[0.08,""78.35""],[0.09,""87.72""],[0.1,""68.3""],[0.11,""79.7""],[0.12,""171.74""],[0.13,""74.2""],[0.14,""52.05""],[0.15,""70.17""],[0.16,""63.55""],[0.17,""67.19""],[0.18,""45.86""],[0.19,""64.77""],[0.2,""63.81""],[0.21,""89.1""],[0.22,""62.5""],[0.23,""281.89""],[0.24,""73.39""],[0.25,""143.96""],[0.26,""60.6""],[0.27,""80.2""],[0.28,""59.9""],[0.29,""65""],[0.3,""45""],[0.31,""165""],[0.32,""140""],[0.33,""65""],[0.34,""160""],[0.35,""45""],[0.36,""65""],[0.37,""80""],[0.38,""45""],[0.39,""60""],[0.4,""75""],[0.41,""68.09""],[0.42,""205""],[0.43,""161.3""],[0.44,""199.43""]]"
2026-05-17T02:55:05.728Z,btc-updown-15m-1778985900,"Bitcoin Up or Down - May 16, 10:45PM-11:00PM ET",btc-updown-15m-1778985900,2026-05-17T03:00:00Z,,0.35,0.42,0.58,0.65,0.385,0.47,3193.7123299999994,,0.24,12.22,"[[0.01,""7342.82""],[0.02,""2218.1""],[0.03,""965.77""],[0.04,""160.09""],[0.05,""135.05""],[0.12,""45""],[0.26,""15.6""],[0.32,""25""],[0.33,""13""],[0.35,""0.24""]]","[[0.01,""7383.18""],[0.02,""2104.1""],[0.03,""953.77""],[0.04,""135.09""],[0.05,""163.21""],[0.06,""109.54""],[0.07,""100.39""],[0.08,""73.3""],[0.09,""87.72""],[0.1,""68.3""],[0.11,""79.7""],[0.12,""156.74""],[0.13,""74.2""],[0.14,""52.05""],[0.15,""70.17""],[0.16,""58.55""],[0.17,""67.19""],[0.18,""50.86""],[0.19,""64.77""],[0.2,""63.81""],[0.21,""89.1""],[0.22,""62.5""],[0.23,""81.89""],[0.24,""61.39""],[0.25,""89.54""],[0.26,""70.6""],[0.27,""80.2""],[0.28,""59.9""],[0.29,""65""],[0.3,""45""],[0.31,""65""],[0.32,""45""],[0.33,""65""],[0.34,""45""],[0.35,""50""],[0.36,""30""],[0.37,""55""],[0.38,""35""],[0.39,""45""],[0.4,""25""],[0.41,""50""],[0.42,""25""],[0.43,""108.7""],[0.44,""56.3""],[0.45,""117.74""],[0.46,""22""],[0.47,""20""],[0.48,""160.56""],[0.49,""32.38""],[0.5,""5.66""],[0.51,""7.7""],[0.52,""18.09""],[0.53,""34""],[0.54,""65""],[0.55,""18.33""],[0.56,""15""],[0.57,""40""],[0.58,""12.22""]]"
2026-05-17T02:55:10.446Z,btc-updown-15m-1778985900,"Bitcoin Up or Down - May 16, 10:45PM-11:00PM ET",btc-updown-15m-1778985900,2026-05-17T03:00:00Z,,0.32,0.33,0.67,0.68,0.325,0.47,3193.7123299999994,,25.38,15.59,"[[0.01,""7347.82""],[0.02,""2168.1""],[0.03,""960.77""],[0.04,""160.09""],[0.05,""160.05""],[0.06,""36.67""],[0.07,""54.29""],[0.08,""32.5""],[0.09,""56.12""],[0.1,""30""],[0.11,""349.1""],[0.12,""28.34""],[0.13,""47.7""],[0.14,""27.15""],[0.15,""146.67""],[0.16,""20""],[0.17,""240""],[0.18,""20""],[0.19,""364.58""],[0.2,""5""],[0.21,""45""],[0.22,""25""],[0.23,""30.15""],[0.24,""10""],[0.25,""150""],[0.26,""120.6""],[0.27,""20""],[0.28,""60""],[0.29,""40.5""],[0.3,""105.3""],[0.31,""32.8""],[0.32,""25.38""]]","[[0.01,""7398.18""],[0.02,""2128.77""],[0.03,""953.77""],[0.04,""135.09""],[0.05,""153.21""],[0.06,""109.54""],[0.07,""100.39""],[0.08,""73.3""],[0.09,""87.72""],[0.1,""68.3""],[0.11,""79.7""],[0.12,""156.74""],[0.13,""74.2""],[0.14,""52.05""],[0.15,""70.17""],[0.16,""58.55""],[0.17,""72.19""],[0.18,""45.86""],[0.19,""69.77""],[0.2,""63.81""],[0.21,""89.1""],[0.22,""62.5""],[0.23,""81.89""],[0.24,""61.39""],[0.25,""89.54""],[0.26,""75.6""],[0.27,""80.2""],[0.28,""59.9""],[0.29,""79.6""],[0.3,""59.3""],[0.31,""79""],[0.32,""58.8""],[0.33,""78.6""],[0.34,""58.4""],[0.35,""71.4""],[0.36,""56""],[0.37,""57.9""],[0.38,""37.7""],[0.39,""57.6""],[0.4,""44.5""],[0.41,""277.4""],[0.42,""37.3""],[0.43,""111.62""],[0.44,""142.2""],[0.45,""441.75""],[0.46,""45""],[0.47,""52.98""],[0.48,""130""],[0.49,""45""],[0.5,""30""],[0.51,""45""],[0.52,""130""],[0.53,""50""],[0.54,""35""],[0.55,""55""],[0.56,""35""],[0.57,""45""],[0.58,""45""],[0.59,""125""],[0.6,""88.79""],[0.61,""101.65""],[0.62,""57""],[0.63,""240""],[0.64,""159.02""],[0.65,""37.8""],[0.66,""55""],[0.67,""15.59""]]"
2026-05-17T02:55:14.213Z,btc-updown-15m-1778985900,"Bitcoin Up or Down - May 16, 10:45PM-11:00PM ET",btc-updown-15m-1778985900,2026-05-17T03:00:00Z,,0.34,0.35,0.65,0.66,0.345,0.47,3193.7123299999994,,12.0,6.0,"[[0.01,""7342.82""],[0.02,""2168.1""],[0.03,""960.77""],[0.04,""160.09""],[0.05,""160.05""],[0.06,""36.67""],[0.07,""54.29""],[0.08,""32.5""],[0.09,""56.12""],[0.1,""30""],[0.11,""349.1""],[0.12,""28.34""],[0.13,""47.7""],[0.14,""27.15""],[0.15,""46.67""],[0.16,""26.25""],[0.17,""245.89""],[0.18,""20""],[0.19,""384.58""],[0.2,""25""],[0.21,""80""],[0.22,""20""],[0.23,""80""],[0.24,""20""],[0.25,""75""],[0.26,""20.75""],[0.27,""150.2""],[0.28,""34.9""],[0.29,""35""],[0.3,""12.8""],[0.31,""50.32""],[0.32,""49.26""],[0.33,""76.35""],[0.34,""12""]]","[[0.01,""7398.18""],[0.02,""2178.77""],[0.03,""953.77""],[0.04,""135.09""],[0.05,""153.21""],[0.06,""109.54""],[0.07,""100.39""],[0.08,""73.3""],[0.09,""87.72""],[0.1,""68.3""],[0.11,""79.7""],[0.12,""156.74""],[0.13,""74.2""],[0.14,""52.05""],[0.15,""75.17""],[0.16,""58.55""],[0.17,""67.19""],[0.18,""45.86""],[0.19,""69.77""],[0.2,""63.81""],[0.21,""89.1""],[0.22,""62.5""],[0.23,""81.89""],[0.24,""61.39""],[0.25,""104.54""],[0.26,""60.6""],[0.27,""80.2""],[0.28,""59.9""],[0.29,""79.6""],[0.3,""59.3""],[0.31,""79""],[0.32,""58.8""],[0.33,""78.6""],[0.34,""58.4""],[0.35,""71.4""],[0.36,""56""],[0.37,""63.2""],[0.38,""37.7""],[0.39,""57.6""],[0.4,""44.5""],[0.41,""277.4""],[0.42,""137.3""],[0.43,""99.42""],[0.44,""25""],[0.45,""421.75""],[0.46,""45""],[0.47,""45""],[0.48,""25""],[0.49,""45""],[0.5,""25""],[0.51,""45""],[0.52,""25""],[0.53,""45""],[0.54,""25""],[0.55,""85""],[0.56,""160""],[0.57,""97""],[0.58,""40""],[0.59,""45""],[0.6,""69.19""],[0.61,""151.65""],[0.62,""30""],[0.63,""24.45""],[0.64,""52.8""],[0.65,""6""]]"
2026-05-17T02:55:16.992Z,btc-updown-15m-1778985900,"Bitcoin Up or Down - May 16, 10:45PM-11:00PM ET",btc-updown-15m-1778985900,2026-05-17T03:00:00Z,,0.32,0.33,0.67,0.68,0.325,0.47,3193.7123299999994,,41.2,23.44,"[[0.01,""7342.82""],[0.02,""2168.1""],[0.03,""960.77""],[0.04,""160.09""],[0.05,""160.05""],[0.06,""36.67""],[0.07,""54.29""],[0.08,""32.5""],[0.09,""56.12""],[0.1,""30""],[0.11,""349.1""],[0.12,""28.34""],[0.13,""47.7""],[0.14,""27.15""],[0.15,""146.67""],[0.16,""60""],[0.17,""245""],[0.18,""20""],[0.19,""384.58""],[0.2,""125""],[0.21,""55""],[0.22,""45""],[0.23,""60""],[0.24,""5.15""],[0.25,""155""],[0.26,""115.6""],[0.27,""35""],[0.28,""52.5""],[0.29,""73.97""],[0.3,""125.8""],[0.31,""34.15""],[0.32,""41.2""]]","[[0.01,""7398.18""],[0.02,""2128.77""],[0.03,""953.77""],[0.04,""135.09""],[0.05,""153.21""],[0.06,""109.54""],[0.07,""100.39""],[0.08,""73.3""],[0.09,""87.72""],[0.1,""68.3""],[0.11,""79.7""],[0.12,""156.74""],[0.13,""74.2""],[0.14,""52.05""],[0.15,""70.17""],[0.16,""58.55""],[0.17,""67.19""],[0.18,""50.86""],[0.19,""69.77""],[0.2,""63.81""],[0.21,""89.1""],[0.22,""62.5""],[0.23,""81.89""],[0.24,""61.39""],[0.25,""104.54""],[0.26,""60.6""],[0.27,""80.2""],[0.28,""59.9""],[0.29,""79.6""],[0.3,""59.3""],[0.31,""79""],[0.32,""58.8""],[0.33,""78.6""],[0.34,""58.4""],[0.35,""71.4""],[0.36,""56""],[0.37,""63.2""],[0.38,""37.7""],[0.39,""57.6""],[0.4,""44.5""],[0.41,""277.4""],[0.42,""37.3""],[0.43,""111.62""],[0.44,""137.2""],[0.45,""533.85""],[0.46,""53.15""],[0.47,""45""],[0.48,""25""],[0.49,""145""],[0.5,""125""],[0.51,""45""],[0.52,""125""],[0.53,""150""],[0.54,""35""],[0.55,""50""],[0.56,""40""],[0.57,""45""],[0.58,""160""],[0.59,""70""],[0.6,""130.4""],[0.61,""77""],[0.62,""125""],[0.63,""144.45""],[0.64,""69.8""],[0.65,""89.8""],[0.66,""64.8""],[0.67,""23.44""]]"
2026-05-17T02:55:21.178Z,btc-updown-15m-1778985900,"Bitcoin Up or Down - May 16, 10:45PM-11:00PM ET",btc-updown-15m-1778985900,2026-05-17T03:00:00Z,,0.31,0.32,0.68,0.69,0.315,0.47,3193.7123299999994,,22.85,70.75,"[[0.01,""7342.82""],[0.02,""2168.1""],[0.03,""960.77""],[0.04,""160.09""],[0.05,""160.05""],[0.06,""36.67""],[0.07,""54.29""],[0.08,""32.5""],[0.09,""56.12""],[0.1,""30""],[0.11,""349.1""],[0.12,""28.34""],[0.13,""87.7""],[0.14,""27.15""],[0.15,""146.67""],[0.16,""26.26""],[0.17,""245""],[0.18,""20""],[0.19,""484.58""],[0.2,""20""],[0.21,""55""],[0.22,""45""],[0.23,""60""],[0.24,""5.15""],[0.25,""155""],[0.26,""115.6""],[0.27,""35""],[0.28,""92.5""],[0.29,""67.5""],[0.3,""140.06""],[0.31,""22.85""]]","[[0.01,""7398.18""],[0.02,""2128.77""],[0.03,""953.77""],[0.04,""135.09""],[0.05,""153.21""],[0.06,""109.54""],[0.07,""100.39""],[0.08,""73.3""],[0.09,""87.72""],[0.1,""68.3""],[0.11,""79.7""],[0.12,""156.74""],[0.13,""74.2""],[0.14,""52.05""],[0.15,""70.17""],[0.16,""58.55""],[0.17,""67.19""],[0.18,""50.86""],[0.19,""69.77""],[0.2,""88.81""],[0.21,""89.1""],[0.22,""62.5""],[0.23,""81.89""],[0.24,""61.39""],[0.25,""104.54""],[0.26,""60.6""],[0.27,""80.2""],[0.28,""59.9""],[0.29,""79.6""],[0.3,""59.3""],[0.31,""79""],[0.32,""58.8""],[0.33,""78.6""],[0.34,""58.4""],[0.35,""71.4""],[0.36,""56""],[0.37,""63.2""],[0.38,""37.7""],[0.39,""57.6""],[0.4,""44.5""],[0.41,""277.4""],[0.42,""37.3""],[0.43,""111.62""],[0.44,""137.2""],[0.45,""533.85""],[0.46,""53.15""],[0.47,""45""],[0.48,""25""],[0.49,""145""],[0.5,""125""],[0.51,""45""],[0.52,""125""],[0.53,""150""],[0.54,""35""],[0.55,""55""],[0.56,""25""],[0.57,""45""],[0.58,""40""],[0.59,""70""],[0.6,""170.4""],[0.61,""77""],[0.62,""140""],[0.63,""144.45""],[0.64,""62.8""],[0.65,""102.8""],[0.66,""79.8""],[0.67,""39.84""],[0.68,""70.75""]]"
2026-05-17T02:55:25.319Z,btc-updown-15m-1778985900,"Bitcoin Up or Down - May 16, 10:45PM-11:00PM ET",btc-updown-15m-1778985900,2026-05-17T03:00:00Z,,0.28,0.29,0.71,0.72,0.28500000000000003,0.47,3193.7123299999994,,204.61,7.93,"[[0.01,""7247.82""],[0.02,""2168.1""],[0.03,""960.77""],[0.04,""160.09""],[0.05,""160.05""],[0.06,""36.67""],[0.07,""54.29""],[0.08,""32.5""],[0.09,""56.12""],[0.1,""370""],[0.11,""49.1""],[0.12,""28.34""],[0.13,""40""],[0.14,""25""],[0.15,""140""],[0.16,""26.26""],[0.17,""240""],[0.18,""26""],[0.19,""510.58""],[0.2,""50""],[0.21,""85""],[0.22,""30.15""],[0.23,""140""],[0.24,""105""],[0.25,""60""],[0.26,""45""],[0.27,""37.5""],[0.28,""204.61""]]","[[0.01,""7298.18""],[0.02,""2128.77""],[0.03,""953.77""],[0.04,""135.09""],[0.05,""153.21""],[0.06,""109.54""],[0.07,""100.39""],[0.08,""73.3""],[0.09,""87.72""],[0.1,""68.3""],[0.11,""79.7""],[0.12,""156.74""],[0.13,""74.2""],[0.14,""52.05""],[0.15,""70.17""],[0.16,""58.55""],[0.17,""67.19""],[0.18,""45.86""],[0.19,""69.77""],[0.2,""93.81""],[0.21,""89.1""],[0.22,""62.5""],[0.23,""81.89""],[0.24,""61.39""],[0.25,""104.54""],[0.26,""60.6""],[0.27,""80.2""],[0.28,""59.9""],[0.29,""79.6""],[0.3,""59.3""],[0.31,""79""],[0.32,""58.8""],[0.33,""78.6""],[0.34,""58.4""],[0.35,""71.4""],[0.36,""56""],[0.37,""63.2""],[0.38,""37.7""],[0.39,""57.6""],[0.4,""44.5""],[0.41,""277.4""],[0.42,""37.3""],[0.43,""111.62""],[0.44,""137.2""],[0.45,""533.85""],[0.46,""57.1""],[0.47,""45""],[0.48,""32.81""],[0.49,""145""],[0.5,""125""],[0.51,""50""],[0.52,""125""],[0.53,""150""],[0.54,""35""],[0.55,""55""],[0.56,""25""],[0.57,""45""],[0.58,""25""],[0.59,""45""],[0.6,""115.4""],[0.61,""55""],[0.62,""132""],[0.63,""129.45""],[0.64,""195""],[0.65,""220""],[0.66,""47.8""],[0.67,""57.84""],[0.68,""70.8""],[0.69,""69""],[0.7,""77.43""],[0.71,""7.93""]]"
2026-05-17T02:55:29.464Z,btc-updown-15m-1778985900,"Bitcoin Up or Down - May 16, 10:45PM-11:00PM ET",btc-updown-15m-1778985900,2026-05-17T03:00:00Z,,0.28,0.29,0.71,0.72,0.28500000000000003,0.47,3193.7123299999994,,111.54,44.75,"[[0.01,""7242.82""],[0.02,""2168.1""],[0.03,""960.77""],[0.04,""160.09""],[0.05,""160.05""],[0.06,""36.67""],[0.07,""54.29""],[0.08,""32.5""],[0.09,""56.12""],[0.1,""330""],[0.11,""89.1""],[0.12,""28.34""],[0.13,""40""],[0.14,""25""],[0.15,""170.17""],[0.16,""20""],[0.17,""240""],[0.18,""26""],[0.19,""510.58""],[0.2,""50""],[0.21,""90.15""],[0.22,""30""],[0.23,""170""],[0.24,""135""],[0.25,""125""],[0.26,""12.22""],[0.27,""89.5""],[0.28,""111.54""]]","[[0.01,""7303.18""],[0.02,""2128.77""],[0.03,""953.77""],[0.04,""135.09""],[0.05,""153.21""],[0.06,""109.54""],[0.07,""100.39""],[0.08,""73.3""],[0.09,""87.72""],[0.1,""68.3""],[0.11,""79.7""],[0.12,""156.74""],[0.13,""74.2""],[0.14,""52.05""],[0.15,""70.17""],[0.16,""58.55""],[0.17,""67.19""],[0.18,""45.86""],[0.19,""69.77""],[0.2,""93.81""],[0.21,""89.1""],[0.22,""62.5""],[0.23,""81.89""],[0.24,""61.39""],[0.25,""104.54""],[0.26,""60.6""],[0.27,""80.2""],[0.28,""59.9""],[0.29,""79.6""],[0.3,""59.3""],[0.31,""79""],[0.32,""58.8""],[0.33,""78.6""],[0.34,""58.4""],[0.35,""71.4""],[0.36,""56""],[0.37,""57.9""],[0.38,""37.7""],[0.39,""57.6""],[0.4,""44.5""],[0.41,""277.4""],[0.42,""37.3""],[0.43,""111.62""],[0.44,""137.2""],[0.45,""533.85""],[0.46,""57.1""],[0.47,""45""],[0.48,""32.81""],[0.49,""145""],[0.5,""125""],[0.51,""50""],[0.52,""125""],[0.53,""150""],[0.54,""30""],[0.55,""55""],[0.56,""30""],[0.57,""45""],[0.58,""25""],[0.59,""50""],[0.6,""125""],[0.61,""55""],[0.62,""125""],[0.63,""137.45""],[0.64,""195""],[0.65,""220""],[0.66,""47.8""],[0.67,""42.84""],[0.68,""57.8""],[0.69,""93""],[0.7,""66.43""],[0.71,""44.75""]]"
2026-05-17T02:55:33.371Z,btc-updown-15m-1778985900,"Bitcoin Up or Down - May 16, 10:45PM-11:00PM ET",btc-updown-15m-1778985900,2026-05-17T03:00:00Z,,0.27,0.28,0.72,0.73,0.275,0.47,3193.7123299999994,,163.74,43.0,"[[0.01,""7232.82""],[0.02,""2148.1""],[0.03,""607.77""],[0.04,""140.09""],[0.05,""135.05""],[0.06,""36.67""],[0.07,""54.29""],[0.08,""32.5""],[0.09,""56.12""],[0.1,""330""],[0.11,""49.1""],[0.12,""128.34""],[0.13,""52.7""],[0.14,""25""],[0.15,""40""],[0.16,""40""],[0.17,""375""],[0.18,""46""],[0.19,""470.58""],[0.2,""75.15""],[0.21,""117""],[0.22,""45""],[0.23,""180""],[0.24,""145""],[0.25,""140""],[0.26,""44.74""],[0.27,""163.74""]]","[[0.01,""7288.18""],[0.02,""2128.77""],[0.03,""620.77""],[0.04,""135.09""],[0.05,""153.21""],[0.06,""109.54""],[0.07,""100.39""],[0.08,""73.3""],[0.09,""87.72""],[0.1,""68.3""],[0.11,""79.7""],[0.12,""156.74""],[0.13,""74.2""],[0.14,""52.05""],[0.15,""70.17""],[0.16,""58.55""],[0.17,""67.19""],[0.18,""45.86""],[0.19,""69.77""],[0.2,""68.81""],[0.21,""63.1""],[0.22,""47.5""],[0.23,""61.89""],[0.24,""41.39""],[0.25,""84.54""],[0.26,""40.6""],[0.27,""60.2""],[0.28,""39.9""],[0.29,""59.6""],[0.3,""39.3""],[0.31,""59""],[0.32,""38.8""],[0.33,""58.6""],[0.34,""38.4""],[0.35,""71.4""],[0.36,""56""],[0.37,""57.9""],[0.38,""37.7""],[0.39,""57.6""],[0.4,""44.5""],[0.41,""257.4""],[0.42,""37.3""],[0.43,""111.62""],[0.44,""37.2""],[0.45,""556.1""],[0.46,""37.1""],[0.47,""57""],[0.48,""32.81""],[0.49,""145""],[0.5,""125""],[0.51,""45""],[0.52,""145""],[0.53,""50""],[0.54,""155""],[0.55,""75""],[0.56,""50""],[0.57,""65""],[0.58,""45""],[0.59,""65""],[0.6,""145""],[0.61,""115""],[0.62,""65""],[0.63,""181.55""],[0.64,""98""],[0.65,""240""],[0.66,""190""],[0.67,""30.04""],[0.68,""30""],[0.69,""96""],[0.7,""47""],[0.71,""31.99""],[0.72,""43""]]"
2026-05-17T02:55:37.237Z,btc-updown-15m-1778985900,"Bitcoin Up or Down - May 16, 10:45PM-11:00PM ET",btc-updown-15m-1778985900,2026-05-17T03:00:00Z,,0.28,0.29,0.71,0.72,0.28500000000000003,0.47,3193.7123299999994,,5.0,55.0,"[[0.01,""7227.82""],[0.02,""2148.1""],[0.03,""607.77""],[0.04,""140.09""],[0.05,""140.05""],[0.06,""36.67""],[0.07,""100.39""],[0.08,""32.5""],[0.09,""56.12""],[0.1,""330""],[0.11,""49.1""],[0.12,""28.34""],[0.13,""140""],[0.14,""25""],[0.15,""51.67""],[0.16,""40""],[0.17,""175""],[0.18,""40""],[0.19,""111""],[0.2,""70""],[0.21,""137.15""],[0.22,""50""],[0.23,""190""],[0.24,""155""],[0.25,""152.53""],[0.26,""70""],[0.27,""142.24""],[0.28,""5""]]","[[0.01,""7288.18""],[0.02,""2128.77""],[0.03,""620.77""],[0.04,""135.09""],[0.05,""153.21""],[0.06,""109.54""],[0.07,""100.39""],[0.08,""73.3""],[0.09,""87.72""],[0.1,""68.3""],[0.11,""79.7""],[0.12,""156.74""],[0.13,""74.2""],[0.14,""52.05""],[0.15,""70.17""],[0.16,""58.55""],[0.17,""67.19""],[0.18,""45.86""],[0.19,""69.77""],[0.2,""68.81""],[0.21,""68.1""],[0.22,""42.5""],[0.23,""61.89""],[0.24,""41.39""],[0.25,""84.54""],[0.26,""40.6""],[0.27,""60.2""],[0.28,""39.9""],[0.29,""59.6""],[0.3,""39.3""],[0.31,""59""],[0.32,""38.8""],[0.33,""58.6""],[0.34,""38.4""],[0.35,""71.4""],[0.36,""56""],[0.37,""57.9""],[0.38,""37.7""],[0.39,""57.6""],[0.4,""44.5""],[0.41,""57.4""],[0.42,""37.3""],[0.43,""57.2""],[0.44,""37.2""],[0.45,""456.1""],[0.46,""137.1""],[0.47,""57""],[0.48,""44.81""],[0.49,""45""],[0.5,""125""],[0.51,""145""],[0.52,""50""],[0.53,""150""],[0.54,""150""],[0.55,""75""],[0.56,""50""],[0.57,""65""],[0.58,""45""],[0.59,""65""],[0.6,""145""],[0.61,""110""],[0.62,""85""],[0.63,""172.05""],[0.64,""98""],[0.65,""240""],[0.66,""175""],[0.67,""30.04""],[0.68,""30""],[0.69,""81""],[0.7,""62""],[0.71,""55""]]"
2026-05-17T02:55:41.175Z,btc-updown-15m-1778985900,"Bitcoin Up or Down - May 16, 10:45PM-11:00PM ET",btc-updown-15m-1778985900,2026-05-17T03:00:00Z,,0.28,0.29,0.71,0.72,0.28500000000000003,0.47,3193.7123299999994,,36.96,40.67,"[[0.01,""7232.82""],[0.02,""2148.1""],[0.03,""607.77""],[0.04,""140.09""],[0.05,""140.05""],[0.06,""36.67""],[0.07,""100.39""],[0.08,""32.5""],[0.09,""56.12""],[0.1,""330""],[0.11,""49.1""],[0.12,""28.34""],[0.13,""140""],[0.14,""37.15""],[0.15,""40""],[0.16,""240""],[0.17,""175""],[0.18,""390.58""],[0.19,""111""],[0.2,""70""],[0.21,""137.15""],[0.22,""150""],[0.23,""190""],[0.24,""95""],[0.25,""125""],[0.26,""117.24""],[0.27,""100.65""],[0.28,""36.96""]]","[[0.01,""7288.18""],[0.02,""2128.77""],[0.03,""620.77""],[0.04,""135.09""],[0.05,""153.21""],[0.06,""109.54""],[0.07,""100.39""],[0.08,""73.3""],[0.09,""87.72""],[0.1,""68.3""],[0.11,""79.7""],[0.12,""156.74""],[0.13,""74.2""],[0.14,""52.05""],[0.15,""70.17""],[0.16,""58.55""],[0.17,""67.19""],[0.18,""45.86""],[0.19,""69.77""],[0.2,""68.81""],[0.21,""68.1""],[0.22,""42.5""],[0.23,""61.89""],[0.24,""41.39""],[0.25,""84.54""],[0.26,""40.6""],[0.27,""60.2""],[0.28,""39.9""],[0.29,""59.6""],[0.3,""39.3""],[0.31,""59""],[0.32,""38.8""],[0.33,""58.6""],[0.34,""38.4""],[0.35,""71.4""],[0.36,""56""],[0.37,""57.9""],[0.38,""37.7""],[0.39,""57.6""],[0.4,""44.5""],[0.41,""257.4""],[0.42,""37.3""],[0.43,""111.62""],[0.44,""37.2""],[0.45,""456.1""],[0.46,""137.1""],[0.47,""57""],[0.48,""25""],[0.49,""45""],[0.5,""125""],[0.51,""145""],[0.52,""70""],[0.53,""170""],[0.54,""150""],[0.55,""75""],[0.56,""50""],[0.57,""65""],[0.58,""45""],[0.59,""65""],[0.6,""140""],[0.61,""110""],[0.62,""65""],[0.63,""152.05""],[0.64,""138""],[0.65,""220""],[0.66,""130""],[0.67,""55.04""],[0.68,""30""],[0.69,""81""],[0.7,""67""],[0.71,""40.67""]]"
2026-05-17T02:55:45.240Z,btc-updown-15m-1778985900,"Bitcoin Up or Down - May 16, 10:45PM-11:00PM ET",btc-updown-15m-1778985900,2026-05-17T03:00:00Z,,0.26,0.27,0.73,0.74,0.265,0.47,3193.7123299999994,,61.62,239.16,"[[0.01,""7227.82""],[0.02,""2143.1""],[0.03,""607.77""],[0.04,""145.09""],[0.05,""140.05""],[0.06,""36.67""],[0.07,""54.29""],[0.08,""32.5""],[0.09,""51.12""],[0.1,""330""],[0.11,""40""],[0.12,""140""],[0.13,""60""],[0.14,""52.15""],[0.15,""60""],[0.16,""240""],[0.17,""221""],[0.18,""415.58""],[0.19,""111""],[0.2,""63.15""],[0.21,""180""],[0.22,""150""],[0.23,""115""],[0.24,""55""],[0.25,""165.13""],[0.26,""61.62""]]","[[0.01,""7288.18""],[0.02,""2128.77""],[0.03,""620.77""],[0.04,""135.09""],[0.05,""153.21""],[0.06,""109.54""],[0.07,""100.39""],[0.08,""73.3""],[0.09,""87.72""],[0.1,""68.3""],[0.11,""79.7""],[0.12,""156.74""],[0.13,""74.2""],[0.14,""52.05""],[0.15,""70.17""],[0.16,""58.55""],[0.17,""67.19""],[0.18,""45.86""],[0.19,""69.77""],[0.2,""68.81""],[0.21,""63.1""],[0.22,""47.5""],[0.23,""61.89""],[0.24,""56.39""],[0.25,""69.54""],[0.26,""40.6""],[0.27,""60.2""],[0.28,""39.9""],[0.29,""59.6""],[0.3,""39.3""],[0.31,""59""],[0.32,""38.8""],[0.33,""58.6""],[0.34,""38.4""],[0.35,""71.4""],[0.36,""56""],[0.37,""57.9""],[0.38,""37.7""],[0.39,""57.6""],[0.4,""44.5""],[0.41,""257.4""],[0.42,""37.3""],[0.43,""111.62""],[0.44,""37.2""],[0.45,""456.1""],[0.46,""137.1""],[0.47,""57""],[0.48,""44.81""],[0.49,""45""],[0.5,""125""],[0.51,""145""],[0.52,""25""],[0.53,""155""],[0.54,""130""],[0.55,""55""],[0.56,""50""],[0.57,""65""],[0.58,""45""],[0.59,""65""],[0.6,""45""],[0.61,""145""],[0.62,""90""],[0.63,""112.05""],[0.64,""145""],[0.65,""73""],[0.66,""170""],[0.67,""180.04""],[0.68,""45""],[0.69,""81""],[0.7,""42.8""],[0.71,""46""],[0.72,""36""],[0.73,""239.16""]]"
2026-05-17T02:55:49.184Z,btc-updown-15m-1778985900,"Bitcoin Up or Down - May 16, 10:45PM-11:00PM ET",btc-updown-15m-1778985900,2026-05-17T03:00:00Z,,0.24,0.25,0.75,0.76,0.245,0.47,3193.7123299999994,,11.56,179.25,"[[0.01,""7232.82""],[0.02,""2143.1""],[0.03,""607.77""],[0.04,""145.09""],[0.05,""135.05""],[0.06,""20""],[0.07,""180""],[0.08,""60""],[0.09,""371.12""],[0.1,""70""],[0.11,""40""],[0.12,""140""],[0.13,""108""],[0.14,""48""],[0.15,""92""],[0.16,""82.15""],[0.17,""103""],[0.18,""151""],[0.19,""246""],[0.2,""145""],[0.21,""110.09""],[0.22,""12.7""],[0.23,""20""],[0.24,""11.56""]]","[[0.01,""7288.18""],[0.02,""2128.77""],[0.03,""620.77""],[0.04,""135.09""],[0.05,""153.21""],[0.06,""109.54""],[0.07,""100.39""],[0.08,""73.3""],[0.09,""87.72""],[0.1,""68.3""],[0.11,""79.7""],[0.12,""156.74""],[0.13,""74.2""],[0.14,""52.05""],[0.15,""70.17""],[0.16,""58.55""],[0.17,""67.19""],[0.18,""45.86""],[0.19,""64.77""],[0.2,""68.81""],[0.21,""63.1""],[0.22,""42.5""],[0.23,""61.89""],[0.24,""41.39""],[0.25,""74.54""],[0.26,""40.6""],[0.27,""60.2""],[0.28,""54.9""],[0.29,""59.6""],[0.3,""39.3""],[0.31,""59""],[0.32,""38.8""],[0.33,""58.6""],[0.34,""38.4""],[0.35,""71.4""],[0.36,""56""],[0.37,""57.9""],[0.38,""37.7""],[0.39,""57.6""],[0.4,""37.5""],[0.41,""57.4""],[0.42,""37.3""],[0.43,""57.2""],[0.44,""37.2""],[0.45,""57.1""],[0.46,""44.1""],[0.47,""57""],[0.48,""37""],[0.49,""157""],[0.5,""448""],[0.51,""89""],[0.52,""49""],[0.53,""52.08""],[0.54,""125""],[0.55,""145""],[0.56,""25""],[0.57,""150""],[0.58,""130""],[0.59,""55""],[0.6,""35""],[0.61,""45""],[0.62,""45""],[0.63,""64.45""],[0.64,""45""],[0.65,""140""],[0.66,""130""],[0.67,""130.04""],[0.68,""113""],[0.69,""119.1""],[0.7,""202.8""],[0.71,""190""],[0.72,""68.8""],[0.73,""128.4""],[0.74,""102.8""],[0.75,""179.25""]]"
2026-05-17T02:55:50.644Z,btc-updown-15m-1778985900,"Bitcoin Up or Down - May 16, 10:45PM-11:00PM ET",btc-updown-15m-1778985900,2026-05-17T03:00:00Z,,0.24,0.25,0.75,0.76,0.245,0.47,3193.7123299999994,,50.2,171.27,"[[0.01,""7232.82""],[0.02,""2143.1""],[0.03,""607.77""],[0.04,""145.09""],[0.05,""140.05""],[0.06,""36.67""],[0.07,""40""],[0.08,""40""],[0.09,""360""],[0.1,""145""],[0.11,""60""],[0.12,""40""],[0.13,""115""],[0.14,""40""],[0.15,""200""],[0.16,""70""],[0.17,""117.15""],[0.18,""145""],[0.19,""215""],[0.2,""140""],[0.21,""108.96""],[0.22,""5""],[0.23,""46.18""],[0.24,""50.2""]]","[[0.01,""7288.18""],[0.02,""2128.77""],[0.03,""620.77""],[0.04,""135.09""],[0.05,""153.21""],[0.06,""109.54""],[0.07,""100.39""],[0.08,""73.3""],[0.09,""87.72""],[0.1,""68.3""],[0.11,""79.7""],[0.12,""156.74""],[0.13,""74.2""],[0.14,""52.05""],[0.15,""70.17""],[0.16,""58.55""],[0.17,""67.19""],[0.18,""45.86""],[0.19,""64.77""],[0.2,""68.81""],[0.21,""63.1""],[0.22,""42.5""],[0.23,""61.89""],[0.24,""41.39""],[0.25,""74.54""],[0.26,""40.6""],[0.27,""60.2""],[0.28,""54.9""],[0.29,""59.6""],[0.3,""39.3""],[0.31,""59""],[0.32,""38.8""],[0.33,""58.6""],[0.34,""38.4""],[0.35,""71.4""],[0.36,""56""],[0.37,""57.9""],[0.38,""37.7""],[0.39,""57.6""],[0.4,""37.5""],[0.41,""57.4""],[0.42,""37.3""],[0.43,""57.2""],[0.44,""37.2""],[0.45,""57.1""],[0.46,""44.1""],[0.47,""57""],[0.48,""37""],[0.49,""157""],[0.5,""448""],[0.51,""69""],[0.52,""49""],[0.53,""52.08""],[0.54,""125""],[0.55,""145""],[0.56,""25""],[0.57,""145""],[0.58,""125""],[0.59,""45""],[0.6,""25""],[0.61,""45""],[0.62,""45""],[0.63,""64.45""],[0.64,""45""],[0.65,""140""],[0.66,""105""],[0.67,""85.04""],[0.68,""100""],[0.69,""85""],[0.7,""222.8""],[0.71,""185""],[0.72,""74.03""],[0.73,""98.4""],[0.74,""97.8""],[0.75,""171.27""]]"
2026-05-17T02:55:54.257Z,btc-updown-15m-1778985900,"Bitcoin Up or Down - May 16, 10:45PM-11:00PM ET",btc-updown-15m-1778985900,2026-05-17T03:00:00Z,,0.26,0.27,0.73,0.74,0.265,0.47,3193.7123299999994,,20.0,15.0,"[[0.01,""7227.82""],[0.02,""2143.1""],[0.03,""607.77""],[0.04,""145.09""],[0.05,""140.05""],[0.06,""36.67""],[0.07,""74.29""],[0.08,""40""],[0.09,""71.12""],[0.1,""45""],[0.11,""60""],[0.12,""40""],[0.13,""75""],[0.14,""40""],[0.15,""75""],[0.16,""45""],[0.17,""100""],[0.18,""50""],[0.19,""85""],[0.2,""150""],[0.21,""80""],[0.22,""20""],[0.23,""58""],[0.24,""202.87""],[0.25,""30""],[0.26,""20""]]","[[0.01,""7288.18""],[0.02,""2128.77""],[0.03,""620.77""],[0.04,""135.09""],[0.05,""153.21""],[0.06,""109.54""],[0.07,""100.39""],[0.08,""73.3""],[0.09,""87.72""],[0.1,""68.3""],[0.11,""79.7""],[0.12,""156.74""],[0.13,""74.2""],[0.14,""52.05""],[0.15,""70.17""],[0.16,""58.55""],[0.17,""67.19""],[0.18,""45.86""],[0.19,""64.77""],[0.2,""68.81""],[0.21,""63.1""],[0.22,""42.5""],[0.23,""61.89""],[0.24,""41.39""],[0.25,""74.54""],[0.26,""40.6""],[0.27,""60.2""],[0.28,""54.9""],[0.29,""59.6""],[0.3,""39.3""],[0.31,""59""],[0.32,""38.8""],[0.33,""58.6""],[0.34,""38.4""],[0.35,""71.4""],[0.36,""56""],[0.37,""57.9""],[0.38,""37.7""],[0.39,""57.6""],[0.4,""37.5""],[0.41,""57.4""],[0.42,""37.3""],[0.43,""257.2""],[0.44,""44.2""],[0.45,""57.1""],[0.46,""37.1""],[0.47,""57""],[0.48,""37""],[0.49,""57""],[0.5,""49""],[0.51,""57""],[0.52,""37""],[0.53,""125""],[0.54,""25""],[0.55,""45""],[0.56,""25""],[0.57,""50""],[0.58,""25""],[0.59,""45""],[0.6,""25""],[0.61,""45""],[0.62,""25""],[0.63,""115""],[0.64,""5""],[0.65,""20""],[0.66,""10""],[0.67,""25""],[0.68,""13""],[0.69,""37""],[0.7,""5""],[0.72,""10.23""],[0.73,""15""]]"
2026-05-17T02:55:58.398Z,btc-updown-15m-1778985900,"Bitcoin Up or Down - May 16, 10:45PM-11:00PM ET",btc-updown-15m-1778985900,2026-05-17T03:00:00Z,,0.31,0.32,0.68,0.69,0.315,0.47,3193.7123299999994,,95.21,7.23,"[[0.01,""7237.82""],[0.02,""2143.1""],[0.03,""607.77""],[0.04,""140.09""],[0.05,""140.05""],[0.06,""36.67""],[0.07,""54.29""],[0.08,""32.5""],[0.09,""356.12""],[0.1,""30""],[0.11,""49.1""],[0.12,""128.34""],[0.13,""47.7""],[0.14,""247.15""],[0.15,""417.92""],[0.16,""51.25""],[0.17,""89.89""],[0.18,""150.56""],[0.19,""115.27""],[0.2,""80""],[0.21,""85""],[0.22,""165""],[0.23,""165""],[0.24,""85""],[0.25,""77.93""],[0.26,""73""],[0.27,""120.2""],[0.28,""109.95""],[0.29,""123.57""],[0.3,""58.27""],[0.31,""95.21""]]","[[0.01,""7288.18""],[0.02,""2128.77""],[0.03,""620.77""],[0.04,""135.09""],[0.05,""153.21""],[0.06,""109.54""],[0.07,""100.39""],[0.08,""73.3""],[0.09,""87.72""],[0.1,""68.3""],[0.11,""79.7""],[0.12,""156.74""],[0.13,""74.2""],[0.14,""52.05""],[0.15,""70.17""],[0.16,""58.55""],[0.17,""67.19""],[0.18,""50.86""],[0.19,""64.77""],[0.2,""68.81""],[0.21,""63.1""],[0.22,""42.5""],[0.23,""61.89""],[0.24,""41.39""],[0.25,""69.54""],[0.26,""40.6""],[0.27,""60.2""],[0.28,""54.9""],[0.29,""59.6""],[0.3,""44.3""],[0.31,""59""],[0.32,""38.8""],[0.33,""58.6""],[0.34,""38.4""],[0.35,""76.4""],[0.36,""56""],[0.37,""57.9""],[0.38,""37.7""],[0.39,""57.6""],[0.4,""37.5""],[0.41,""57.4""],[0.42,""37.3""],[0.43,""257.2""],[0.44,""44.2""],[0.45,""77.1""],[0.46,""91.52""],[0.47,""157""],[0.48,""37""],[0.49,""483.65""],[0.5,""49""],[0.51,""62""],[0.52,""37""],[0.53,""325""],[0.54,""25""],[0.55,""45""],[0.56,""125""],[0.57,""50""],[0.58,""130""],[0.59,""55""],[0.6,""45""],[0.61,""85""],[0.62,""85""],[0.63,""45""],[0.64,""205""],[0.65,""170""],[0.66,""113""],[0.67,""30""],[0.68,""7.23""]]"
2026-05-17T02:56:02.225Z,btc-updown-15m-1778985900,"Bitcoin Up or Down - May 16, 10:45PM-11:00PM ET",btc-updown-15m-1778985900,2026-05-17T03:00:00Z,,0.32,0.33,0.67,0.68,0.325,0.47,3193.7123299999994,,61.72,39.58,"[[0.01,""7237.82""],[0.02,""2143.1""],[0.03,""607.77""],[0.04,""140.09""],[0.05,""140.05""],[0.06,""36.67""],[0.07,""54.29""],[0.08,""32.5""],[0.09,""356.12""],[0.1,""30""],[0.11,""49.1""],[0.12,""28.34""],[0.13,""147.7""],[0.14,""227.15""],[0.15,""397.92""],[0.16,""51.25""],[0.17,""65.89""],[0.18,""155.56""],[0.19,""75.27""],[0.2,""55""],[0.21,""65""],[0.22,""85""],[0.23,""71""],[0.24,""100""],[0.25,""93""],[0.26,""53""],[0.27,""133.95""],[0.28,""129.8""],[0.29,""110.75""],[0.3,""59.32""],[0.31,""92.93""],[0.32,""61.72""]]","[[0.01,""7283.18""],[0.02,""2128.77""],[0.03,""620.77""],[0.04,""135.09""],[0.05,""153.21""],[0.06,""109.54""],[0.07,""100.39""],[0.08,""73.3""],[0.09,""87.72""],[0.1,""68.3""],[0.11,""79.7""],[0.12,""156.74""],[0.13,""74.2""],[0.14,""52.05""],[0.15,""70.17""],[0.16,""58.55""],[0.17,""72.19""],[0.18,""45.86""],[0.19,""64.77""],[0.2,""68.81""],[0.21,""63.1""],[0.22,""42.5""],[0.23,""61.89""],[0.24,""41.39""],[0.25,""69.54""],[0.26,""40.6""],[0.27,""60.2""],[0.28,""54.9""],[0.29,""59.6""],[0.3,""44.3""],[0.31,""59""],[0.32,""38.8""],[0.33,""58.6""],[0.34,""38.4""],[0.35,""76.4""],[0.36,""56""],[0.37,""57.9""],[0.38,""37.7""],[0.39,""57.6""],[0.4,""37.5""],[0.41,""57.4""],[0.42,""37.3""],[0.43,""257.2""],[0.44,""44.2""],[0.45,""77.1""],[0.46,""91.52""],[0.47,""157""],[0.48,""57""],[0.49,""376""],[0.5,""69""],[0.51,""77""],[0.52,""62""],[0.53,""145""],[0.54,""145""],[0.55,""45""],[0.56,""145""],[0.57,""90""],[0.58,""175""],[0.59,""75""],[0.6,""70""],[0.61,""85""],[0.62,""90""],[0.63,""45""],[0.64,""200""],[0.65,""25""],[0.66,""44.8""],[0.67,""39.58""]]"
2026-05-17T02:56:06.362Z,btc-updown-15m-1778985900,"Bitcoin Up or Down - May 16, 10:45PM-11:00PM ET",btc-updown-15m-1778985900,2026-05-17T03:00:00Z,,0.31,0.32,0.68,0.69,0.315,0.47,3193.7123299999994,,54.71,46.28,"[[0.01,""7237.82""],[0.02,""2143.1""],[0.03,""607.77""],[0.04,""140.09""],[0.05,""140.05""],[0.06,""36.67""],[0.07,""54.29""],[0.08,""32.5""],[0.09,""56.12""],[0.1,""30""],[0.11,""49.1""],[0.12,""28.34""],[0.13,""147.7""],[0.14,""27.15""],[0.15,""53.34""],[0.16,""26.25""],[0.17,""45.89""],[0.18,""135.56""],[0.19,""75.27""],[0.2,""55""],[0.21,""110""],[0.22,""50""],[0.23,""130.4""],[0.24,""70.3""],[0.25,""93""],[0.26,""63.15""],[0.27,""143.8""],[0.28,""141.53""],[0.29,""204.25""],[0.3,""212.32""],[0.31,""54.71""]]","[[0.01,""7288.18""],[0.02,""2128.77""],[0.03,""620.77""],[0.04,""135.09""],[0.05,""153.21""],[0.06,""109.54""],[0.07,""100.39""],[0.08,""73.3""],[0.09,""87.72""],[0.1,""68.3""],[0.11,""79.7""],[0.12,""156.74""],[0.13,""74.2""],[0.14,""52.05""],[0.15,""70.17""],[0.16,""58.55""],[0.17,""72.19""],[0.18,""45.86""],[0.19,""64.77""],[0.2,""68.81""],[0.21,""63.1""],[0.22,""42.5""],[0.23,""61.89""],[0.24,""41.39""],[0.25,""69.54""],[0.26,""40.6""],[0.27,""60.2""],[0.28,""54.9""],[0.29,""59.6""],[0.3,""44.3""],[0.31,""59""],[0.32,""38.8""],[0.33,""58.6""],[0.34,""38.4""],[0.35,""76.4""],[0.36,""56""],[0.37,""57.9""],[0.38,""37.7""],[0.39,""57.6""],[0.4,""37.5""],[0.41,""57.4""],[0.42,""37.3""],[0.43,""57.2""],[0.44,""37.2""],[0.45,""57.1""],[0.46,""37.1""],[0.47,""57""],[0.48,""157""],[0.49,""64.65""],[0.5,""169""],[0.51,""77""],[0.52,""62""],[0.53,""145""],[0.54,""245""],[0.55,""65""],[0.56,""145""],[0.57,""190""],[0.58,""275""],[0.59,""80""],[0.6,""75""],[0.61,""70""],[0.62,""95""],[0.63,""50""],[0.64,""205""],[0.65,""50""],[0.66,""42.8""],[0.67,""54.8""],[0.68,""46.28""]]"
2026-05-17T02:56:10.412Z,btc-updown-15m-1778985900,"Bitcoin Up or Down - May 16, 10:45PM-11:00PM ET",btc-updown-15m-1778985900,2026-05-17T03:00:00Z,,0.3,0.31,0.69,0.7,0.305,0.47,3193.7123299999994,,168.47,68.41,"[[0.01,""7237.82""],[0.02,""2143.1""],[0.03,""607.77""],[0.04,""140.09""],[0.05,""140.05""],[0.06,""36.67""],[0.07,""54.29""],[0.08,""32.5""],[0.09,""56.12""],[0.1,""30""],[0.11,""49.1""],[0.12,""128.34""],[0.13,""247.7""],[0.14,""378.88""],[0.15,""51.67""],[0.16,""26.25""],[0.17,""50.89""],[0.18,""135.56""],[0.19,""81.27""],[0.2,""55""],[0.21,""125""],[0.22,""57""],[0.23,""110""],[0.24,""65.15""],[0.25,""93""],[0.26,""98""],[0.27,""150.78""],[0.28,""94.8""],[0.29,""173.5""],[0.3,""168.47""]]","[[0.01,""7288.18""],[0.02,""2128.77""],[0.03,""620.77""],[0.04,""135.09""],[0.05,""153.21""],[0.06,""109.54""],[0.07,""100.39""],[0.08,""73.3""],[0.09,""87.72""],[0.1,""68.3""],[0.11,""79.7""],[0.12,""156.74""],[0.13,""74.2""],[0.14,""52.05""],[0.15,""70.17""],[0.16,""58.55""],[0.17,""67.19""],[0.18,""45.86""],[0.19,""69.77""],[0.2,""68.81""],[0.21,""63.1""],[0.22,""42.5""],[0.23,""61.89""],[0.24,""41.39""],[0.25,""69.54""],[0.26,""40.6""],[0.27,""60.2""],[0.28,""54.9""],[0.29,""59.6""],[0.3,""44.3""],[0.31,""59""],[0.32,""38.8""],[0.33,""58.6""],[0.34,""38.4""],[0.35,""71.4""],[0.36,""56""],[0.37,""57.9""],[0.38,""37.7""],[0.39,""57.6""],[0.4,""37.5""],[0.41,""57.4""],[0.42,""37.3""],[0.43,""57.2""],[0.44,""37.2""],[0.45,""264.1""],[0.46,""37.1""],[0.47,""111.42""],[0.48,""157""],[0.49,""64.65""],[0.5,""169""],[0.51,""89""],[0.52,""69""],[0.53,""70""],[0.54,""325""],[0.55,""65""],[0.56,""145""],[0.57,""190""],[0.58,""175""],[0.59,""170""],[0.6,""60""],[0.61,""70""],[0.62,""110""],[0.63,""50""],[0.64,""110""],[0.65,""50""],[0.66,""117.8""],[0.67,""42.8""],[0.68,""83.28""],[0.69,""68.41""]]"
2026-05-17T02:56:14.627Z,btc-updown-15m-1778985900,"Bitcoin Up or Down - May 16, 10:45PM-11:00PM ET",btc-updown-15m-1778985900,2026-05-17T03:00:00Z,,0.3,0.31,0.69,0.7,0.305,0.47,3193.7123299999994,,70.0,58.21,"[[0.01,""7237.82""],[0.02,""2143.1""],[0.03,""407.77""],[0.04,""140.09""],[0.05,""140.05""],[0.06,""36.67""],[0.07,""54.29""],[0.08,""332.5""],[0.09,""56.12""],[0.1,""30""],[0.11,""49.1""],[0.12,""128.34""],[0.13,""247.7""],[0.14,""398.88""],[0.15,""71.67""],[0.16,""46.25""],[0.17,""175.89""],[0.18,""55.56""],[0.19,""81.27""],[0.2,""70.7""],[0.21,""135""],[0.22,""50""],[0.23,""110""],[0.24,""70.15""],[0.25,""93""],[0.26,""58""],[0.27,""190.78""],[0.28,""194.8""],[0.29,""144.8""],[0.3,""70""]]","[[0.01,""7278.18""],[0.02,""2128.77""],[0.03,""420.77""],[0.04,""135.09""],[0.05,""153.21""],[0.06,""109.54""],[0.07,""100.39""],[0.08,""73.3""],[0.09,""87.72""],[0.1,""68.3""],[0.11,""79.7""],[0.12,""156.74""],[0.13,""74.2""],[0.14,""52.05""],[0.15,""70.17""],[0.16,""58.55""],[0.17,""67.19""],[0.18,""45.86""],[0.19,""69.77""],[0.2,""68.81""],[0.21,""63.1""],[0.22,""42.5""],[0.23,""61.89""],[0.24,""41.39""],[0.25,""69.54""],[0.26,""40.6""],[0.27,""60.2""],[0.28,""54.9""],[0.29,""59.6""],[0.3,""44.3""],[0.31,""59""],[0.32,""38.8""],[0.33,""58.6""],[0.34,""38.4""],[0.35,""71.4""],[0.36,""56""],[0.37,""57.9""],[0.38,""37.7""],[0.39,""57.6""],[0.4,""37.5""],[0.41,""57.4""],[0.42,""37.3""],[0.43,""57.2""],[0.44,""37.2""],[0.45,""264.1""],[0.46,""37.1""],[0.47,""111.42""],[0.48,""137""],[0.49,""64.65""],[0.5,""448""],[0.51,""69""],[0.52,""69""],[0.53,""65""],[0.54,""325""],[0.55,""65""],[0.56,""145""],[0.57,""190""],[0.58,""175""],[0.59,""170""],[0.6,""60""],[0.61,""75""],[0.62,""70""],[0.63,""110""],[0.64,""70""],[0.65,""140""],[0.66,""67.8""],[0.67,""42.8""],[0.68,""77""],[0.69,""58.21""]]"
2026-05-17T02:56:18.543Z,btc-updown-15m-1778985900,"Bitcoin Up or Down - May 16, 10:45PM-11:00PM ET",btc-updown-15m-1778985900,2026-05-17T03:00:00Z,,0.3,0.31,0.69,0.7,0.305,0.47,3193.7123299999994,,48.56,65.04,"[[0.01,""7237.82""],[0.02,""2143.1""],[0.03,""407.77""],[0.04,""140.09""],[0.05,""71.85""],[0.06,""36.67""],[0.07,""54.29""],[0.08,""332.5""],[0.09,""56.12""],[0.1,""30""],[0.11,""49.1""],[0.12,""128.34""],[0.13,""247.7""],[0.14,""398.88""],[0.15,""71.67""],[0.16,""46.25""],[0.17,""170.89""],[0.18,""55.56""],[0.19,""81.27""],[0.2,""69.3""],[0.21,""135""],[0.22,""50""],[0.23,""110""],[0.24,""65.15""],[0.25,""93""],[0.26,""83""],[0.27,""183.8""],[0.28,""156.53""],[0.29,""144.8""],[0.3,""48.56""]]","[[0.01,""7283.18""],[0.02,""2128.77""],[0.03,""420.77""],[0.04,""135.09""],[0.05,""153.21""],[0.06,""109.54""],[0.07,""100.39""],[0.08,""73.3""],[0.09,""87.72""],[0.1,""68.3""],[0.11,""79.7""],[0.12,""156.74""],[0.13,""74.2""],[0.14,""52.05""],[0.15,""70.17""],[0.16,""58.55""],[0.17,""67.19""],[0.18,""45.86""],[0.19,""69.77""],[0.2,""68.81""],[0.21,""63.1""],[0.22,""42.5""],[0.23,""61.89""],[0.24,""41.39""],[0.25,""69.54""],[0.26,""40.6""],[0.27,""60.2""],[0.28,""54.9""],[0.29,""59.6""],[0.3,""44.3""],[0.31,""59""],[0.32,""38.8""],[0.33,""58.6""],[0.34,""38.4""],[0.35,""71.4""],[0.36,""56""],[0.37,""57.9""],[0.38,""37.7""],[0.39,""57.6""],[0.4,""37.5""],[0.41,""57.4""],[0.42,""37.3""],[0.43,""57.2""],[0.44,""37.2""],[0.45,""264.1""],[0.46,""37.1""],[0.47,""111.42""],[0.48,""137""],[0.49,""64.65""],[0.5,""448""],[0.51,""69""],[0.52,""69""],[0.53,""82""],[0.54,""225""],[0.55,""165""],[0.56,""45""],[0.57,""190""],[0.58,""175""],[0.59,""270""],[0.6,""60""],[0.61,""75""],[0.62,""70""],[0.63,""110""],[0.64,""70""],[0.65,""90""],[0.66,""117.8""],[0.67,""62.8""],[0.68,""70""],[0.69,""65.04""]]"
2026-05-17T02:56:22.794Z,btc-updown-15m-1778985900,"Bitcoin Up or Down - May 16, 10:45PM-11:00PM ET",btc-updown-15m-1778985900,2026-05-17T03:00:00Z,,0.29,0.3,0.7,0.71,0.295,0.47,3193.7123299999994,,5.0,254.18,"[[0.01,""7237.82""],[0.02,""2143.1""],[0.03,""407.77""],[0.04,""140.09""],[0.05,""76.85""],[0.06,""36.67""],[0.07,""54.29""],[0.08,""32.5""],[0.09,""56.12""],[0.1,""30""],[0.11,""49.1""],[0.12,""28.34""],[0.13,""240""],[0.14,""349.58""],[0.15,""25""],[0.17,""20""],[0.18,""6""],[0.19,""36""],[0.21,""40""],[0.22,""5.15""],[0.23,""20""],[0.25,""20""],[0.29,""5""]]","[[0.01,""7283.18""],[0.02,""2128.77""],[0.03,""420.77""],[0.04,""135.09""],[0.05,""153.21""],[0.06,""109.54""],[0.07,""100.39""],[0.08,""73.3""],[0.09,""87.72""],[0.1,""68.3""],[0.11,""79.7""],[0.12,""156.74""],[0.13,""74.2""],[0.14,""52.05""],[0.15,""70.17""],[0.16,""58.55""],[0.17,""67.19""],[0.18,""45.86""],[0.19,""64.77""],[0.2,""73.81""],[0.21,""63.1""],[0.22,""42.5""],[0.23,""61.89""],[0.24,""41.39""],[0.25,""69.54""],[0.26,""40.6""],[0.27,""60.2""],[0.28,""39.9""],[0.29,""59.6""],[0.3,""44.3""],[0.31,""59""],[0.32,""38.8""],[0.33,""58.6""],[0.34,""38.4""],[0.35,""71.4""],[0.36,""56""],[0.37,""57.9""],[0.38,""37.7""],[0.39,""57.6""],[0.4,""37.5""],[0.41,""57.4""],[0.42,""37.3""],[0.43,""57.2""],[0.44,""37.2""],[0.45,""264.1""],[0.46,""37.1""],[0.47,""111.42""],[0.48,""37""],[0.49,""57""],[0.5,""69""],[0.51,""89""],[0.52,""69""],[0.53,""77""],[0.54,""57.1""],[0.55,""77.1""],[0.56,""45""],[0.57,""65""],[0.58,""45""],[0.59,""70""],[0.6,""55""],[0.61,""80""],[0.62,""70""],[0.63,""70""],[0.64,""65""],[0.65,""45""],[0.66,""42.8""],[0.67,""62.8""],[0.68,""25""],[0.69,""75.28""],[0.7,""254.18""]]"
2026-05-17T02:56:26.825Z,btc-updown-15m-1778985900,"Bitcoin Up or Down - May 16, 10:45PM-11:00PM ET",btc-updown-15m-1778985900,2026-05-17T03:00:00Z,,0.19,0.21,0.79,0.81,0.2,0.47,3193.7123299999994,,20.0,10.0,"[[0.01,""7227.82""],[0.02,""2113.1""],[0.03,""276.33""],[0.04,""37""],[0.05,""56.85""],[0.06,""20""],[0.07,""20""],[0.08,""205.15""],[0.09,""20""],[0.1,""5""],[0.11,""15.95""],[0.14,""40""],[0.17,""7""],[0.19,""20""]]","[[0.01,""7283.18""],[0.02,""2128.77""],[0.03,""420.77""],[0.04,""135.09""],[0.05,""153.21""],[0.06,""109.54""],[0.07,""100.39""],[0.08,""73.3""],[0.09,""87.72""],[0.1,""68.3""],[0.11,""79.7""],[0.12,""156.74""],[0.13,""74.2""],[0.14,""52.05""],[0.15,""70.17""],[0.16,""58.55""],[0.17,""67.19""],[0.18,""45.86""],[0.19,""64.77""],[0.2,""68.81""],[0.21,""68.1""],[0.22,""42.5""],[0.23,""61.89""],[0.24,""41.39""],[0.25,""69.54""],[0.26,""40.6""],[0.27,""60.2""],[0.28,""39.9""],[0.29,""59.6""],[0.3,""44.3""],[0.31,""59""],[0.32,""38.8""],[0.33,""58.6""],[0.34,""38.4""],[0.35,""71.4""],[0.36,""56""],[0.37,""57.9""],[0.38,""37.7""],[0.39,""62.6""],[0.4,""37.5""],[0.41,""57.4""],[0.42,""37.3""],[0.43,""57.2""],[0.44,""37.2""],[0.45,""57.1""],[0.46,""37.1""],[0.47,""57""],[0.48,""37""],[0.49,""57""],[0.5,""49""],[0.51,""89""],[0.52,""69""],[0.53,""77""],[0.54,""57.1""],[0.55,""77.1""],[0.56,""57.2""],[0.57,""277.2""],[0.58,""57.3""],[0.59,""77.4""],[0.6,""57.5""],[0.61,""90""],[0.62,""50""],[0.63,""65""],[0.64,""45""],[0.65,""75.77""],[0.66,""25""],[0.67,""65""],[0.68,""60""],[0.69,""45""],[0.7,""102.2""],[0.71,""93.3""],[0.72,""39.99""],[0.73,""53.18""],[0.74,""45""],[0.75,""35""],[0.76,""86""],[0.77,""170.09""],[0.78,""20""],[0.79,""10""]]"
2026-05-17T02:56:28.800Z,btc-updown-15m-1778985900,"Bitcoin Up or Down - May 16, 10:45PM-11:00PM ET",btc-updown-15m-1778985900,2026-05-17T03:00:00Z,,0.15,0.16,0.84,0.85,0.155,0.47,3193.7123299999994,,298.6,16.77,"[[0.01,""7272.82""],[0.02,""2268.1""],[0.03,""304.67""],[0.04,""62""],[0.05,""76.85""],[0.06,""41.67""],[0.07,""169.29""],[0.08,""237.65""],[0.09,""410.7""],[0.1,""100""],[0.11,""190.65""],[0.12,""246.14""],[0.13,""217.7""],[0.14,""385.84""],[0.15,""298.6""]]","[[0.01,""7283.18""],[0.02,""2128.77""],[0.03,""420.77""],[0.04,""135.09""],[0.05,""153.21""],[0.06,""109.54""],[0.07,""100.39""],[0.08,""73.3""],[0.09,""87.72""],[0.1,""68.3""],[0.11,""79.7""],[0.12,""156.74""],[0.13,""74.2""],[0.14,""52.05""],[0.15,""70.17""],[0.16,""58.55""],[0.17,""67.19""],[0.18,""45.86""],[0.19,""64.77""],[0.2,""68.81""],[0.21,""63.1""],[0.22,""42.5""],[0.23,""61.89""],[0.24,""41.39""],[0.25,""69.54""],[0.26,""40.6""],[0.27,""60.2""],[0.28,""39.9""],[0.29,""59.6""],[0.3,""44.3""],[0.31,""59""],[0.32,""38.8""],[0.33,""58.6""],[0.34,""43.4""],[0.35,""71.4""],[0.36,""56""],[0.37,""57.9""],[0.38,""37.7""],[0.39,""62.6""],[0.4,""37.5""],[0.41,""57.4""],[0.42,""37.3""],[0.43,""57.2""],[0.44,""37.2""],[0.45,""57.1""],[0.46,""37.1""],[0.47,""57""],[0.48,""37""],[0.49,""57""],[0.5,""49""],[0.51,""69""],[0.52,""49""],[0.53,""57""],[0.54,""57.1""],[0.55,""77.1""],[0.56,""57.2""],[0.57,""284.2""],[0.58,""111.72""],[0.59,""77.4""],[0.6,""157.5""],[0.61,""77.6""],[0.62,""62.7""],[0.63,""77.9""],[0.64,""58""],[0.65,""183.97""],[0.66,""138.4""],[0.67,""83.6""],[0.68,""238.8""],[0.69,""64""],[0.7,""49.3""],[0.71,""150""],[0.72,""35""],[0.73,""170""],[0.74,""175""],[0.75,""62.8""],[0.76,""152.8""],[0.77,""124.24""],[0.78,""105""],[0.79,""69""],[0.8,""47.8""],[0.81,""74.03""],[0.82,""30""],[0.83,""31.75""],[0.84,""16.77""]]"
2026-05-17T02:56:31.190Z,btc-updown-15m-1778985900,"Bitcoin Up or Down - May 16, 10:45PM-11:00PM ET",btc-updown-15m-1778985900,2026-05-17T03:00:00Z,,0.18,0.24,0.76,0.82,0.21,0.47,3193.7123299999994,,42.0,39.23,"[[0.01,""7232.82""],[0.02,""2168.1""],[0.03,""407.77""],[0.04,""62""],[0.05,""76.85""],[0.06,""41.67""],[0.07,""69.29""],[0.08,""242.65""],[0.09,""415.7""],[0.1,""35""],[0.11,""65.65""],[0.12,""81.14""],[0.13,""62.7""],[0.14,""67.15""],[0.15,""125.16""],[0.16,""278.75""],[0.17,""20""],[0.18,""42""]]","[[0.01,""7278.18""],[0.02,""2128.77""],[0.03,""420.77""],[0.04,""135.09""],[0.05,""153.21""],[0.06,""109.54""],[0.07,""100.39""],[0.08,""73.3""],[0.09,""87.72""],[0.1,""68.3""],[0.11,""79.7""],[0.12,""156.74""],[0.13,""74.2""],[0.14,""52.05""],[0.15,""70.17""],[0.16,""58.55""],[0.17,""67.19""],[0.18,""45.86""],[0.19,""64.77""],[0.2,""68.81""],[0.21,""63.1""],[0.22,""42.5""],[0.23,""61.89""],[0.24,""41.39""],[0.25,""69.54""],[0.26,""40.6""],[0.27,""60.2""],[0.28,""39.9""],[0.29,""59.6""],[0.3,""44.3""],[0.31,""59""],[0.32,""38.8""],[0.33,""58.6""],[0.34,""43.4""],[0.35,""71.4""],[0.36,""56""],[0.37,""57.9""],[0.38,""37.7""],[0.39,""62.6""],[0.4,""37.5""],[0.41,""57.4""],[0.42,""37.3""],[0.43,""57.2""],[0.44,""37.2""],[0.45,""57.1""],[0.46,""37.1""],[0.47,""57""],[0.48,""37""],[0.49,""57""],[0.5,""49""],[0.51,""69""],[0.52,""49""],[0.53,""57""],[0.54,""57.1""],[0.55,""77.1""],[0.56,""57.2""],[0.57,""284.2""],[0.58,""111.72""],[0.59,""77.4""],[0.6,""57.5""],[0.61,""376.6""],[0.62,""62.7""],[0.63,""117.9""],[0.64,""58""],[0.65,""60""],[0.66,""25""],[0.67,""65""],[0.68,""20""],[0.69,""45""],[0.7,""20""],[0.71,""40""],[0.72,""60""],[0.73,""45""],[0.74,""70""],[0.75,""32.8""],[0.76,""39.23""]]"
2026-05-17T02:56:34.116Z,btc-updown-15m-1778985900,"Bitcoin Up or Down - May 16, 10:45PM-11:00PM ET",btc-updown-15m-1778985900,2026-05-17T03:00:00Z,,0.22,0.23,0.77,0.78,0.225,0.47,3193.7123299999994,,100.67,5.0,"[[0.01,""7227.82""],[0.02,""1943.1""],[0.03,""407.77""],[0.04,""62""],[0.05,""471.85""],[0.06,""41.67""],[0.07,""74.29""],[0.08,""280.01""],[0.09,""435.7""],[0.1,""60""],[0.11,""125.65""],[0.12,""61.14""],[0.13,""127.7""],[0.14,""72.3""],[0.15,""141.67""],[0.16,""92.1""],[0.17,""75.89""],[0.18,""79.56""],[0.19,""139.1""],[0.2,""59.32""],[0.21,""85.89""],[0.22,""100.67""]]","[[0.01,""7321.15""],[0.02,""1928.77""],[0.03,""420.77""],[0.04,""135.09""],[0.05,""153.21""],[0.06,""109.54""],[0.07,""100.39""],[0.08,""73.3""],[0.09,""87.72""],[0.1,""68.3""],[0.11,""79.7""],[0.12,""156.74""],[0.13,""74.2""],[0.14,""52.05""],[0.15,""70.17""],[0.16,""58.55""],[0.17,""67.19""],[0.18,""45.86""],[0.19,""64.77""],[0.2,""68.81""],[0.21,""63.1""],[0.22,""42.5""],[0.23,""61.89""],[0.24,""41.39""],[0.25,""69.54""],[0.26,""40.6""],[0.27,""65.2""],[0.28,""39.9""],[0.29,""59.6""],[0.3,""44.3""],[0.31,""59""],[0.32,""38.8""],[0.33,""58.6""],[0.34,""38.4""],[0.35,""71.4""],[0.36,""56""],[0.37,""57.9""],[0.38,""37.7""],[0.39,""62.6""],[0.4,""37.5""],[0.41,""57.4""],[0.42,""37.3""],[0.43,""57.2""],[0.44,""37.2""],[0.45,""57.1""],[0.46,""37.1""],[0.47,""57""],[0.48,""37""],[0.49,""57""],[0.5,""49""],[0.51,""69""],[0.52,""49""],[0.53,""57""],[0.54,""37.1""],[0.55,""77.1""],[0.56,""57.2""],[0.57,""284.2""],[0.58,""111.72""],[0.59,""83.76""],[0.6,""57.5""],[0.61,""381.6""],[0.62,""62.7""],[0.63,""177.9""],[0.64,""138""],[0.65,""60""],[0.66,""145""],[0.67,""165""],[0.68,""40""],[0.69,""45""],[0.7,""160""],[0.71,""105""],[0.72,""52""],[0.73,""170""],[0.74,""45""],[0.75,""52.8""],[0.76,""50""],[0.77,""5""]]"
2026-05-17T02:56:36.583Z,btc-updown-15m-1778985900,"Bitcoin Up or Down - May 16, 10:45PM-11:00PM ET",btc-updown-15m-1778985900,2026-05-17T03:00:00Z,,0.22,0.23,0.77,0.78,0.225,0.47,3193.7123299999994,,70.76,31.0,"[[0.01,""7232.82""],[0.02,""1943.1""],[0.03,""407.77""],[0.04,""62""],[0.05,""476.85""],[0.06,""41.67""],[0.07,""59.29""],[0.08,""62.5""],[0.09,""425.7""],[0.1,""160""],[0.11,""110.65""],[0.12,""61.14""],[0.13,""127.7""],[0.14,""47.15""],[0.15,""166.82""],[0.16,""107.1""],[0.17,""70.89""],[0.18,""229.56""],[0.19,""256.1""],[0.2,""152.32""],[0.21,""208.89""],[0.22,""70.76""]]","[[0.01,""7326.15""],[0.02,""1928.77""],[0.03,""420.77""],[0.04,""135.09""],[0.05,""153.21""],[0.06,""109.54""],[0.07,""100.39""],[0.08,""73.3""],[0.09,""87.72""],[0.1,""68.3""],[0.11,""79.7""],[0.12,""156.74""],[0.13,""74.2""],[0.14,""52.05""],[0.15,""70.17""],[0.16,""58.55""],[0.17,""67.19""],[0.18,""45.86""],[0.19,""64.77""],[0.2,""68.81""],[0.21,""63.1""],[0.22,""42.5""],[0.23,""61.89""],[0.24,""41.39""],[0.25,""69.54""],[0.26,""40.6""],[0.27,""65.2""],[0.28,""39.9""],[0.29,""59.6""],[0.3,""44.3""],[0.31,""59""],[0.32,""38.8""],[0.33,""58.6""],[0.34,""38.4""],[0.35,""71.4""],[0.36,""56""],[0.37,""57.9""],[0.38,""37.7""],[0.39,""62.6""],[0.4,""37.5""],[0.41,""57.4""],[0.42,""37.3""],[0.43,""57.2""],[0.44,""37.2""],[0.45,""57.1""],[0.46,""37.1""],[0.47,""57""],[0.48,""37""],[0.49,""57""],[0.5,""49""],[0.51,""69""],[0.52,""49""],[0.53,""57""],[0.54,""37.1""],[0.55,""57.1""],[0.56,""44.2""],[0.57,""57.2""],[0.58,""91.72""],[0.59,""163.76""],[0.6,""57.5""],[0.61,""376.6""],[0.62,""62.7""],[0.63,""177.9""],[0.64,""138""],[0.65,""173.2""],[0.66,""45""],[0.67,""265""],[0.68,""40""],[0.69,""65""],[0.7,""160""],[0.71,""105""],[0.72,""52""],[0.73,""170""],[0.74,""30.05""],[0.75,""57.8""],[0.76,""70""],[0.77,""31""]]"
2026-05-17T02:56:38.497Z,btc-updown-15m-1778985900,"Bitcoin Up or Down - May 16, 10:45PM-11:00PM ET",btc-updown-15m-1778985900,2026-05-17T03:00:00Z,,0.22,0.23,0.77,0.78,0.225,0.47,3193.7123299999994,,5.0,104.87,"[[0.01,""7232.82""],[0.02,""1943.1""],[0.03,""407.77""],[0.04,""62""],[0.05,""376.85""],[0.06,""41.67""],[0.07,""59.29""],[0.08,""107.5""],[0.09,""420.7""],[0.1,""160""],[0.11,""70.65""],[0.12,""61.14""],[0.13,""127.7""],[0.14,""52.3""],[0.15,""161.67""],[0.16,""88.35""],[0.17,""70.89""],[0.18,""219.93""],[0.19,""225.27""],[0.2,""141.66""],[0.21,""125""],[0.22,""5""]]","[[0.01,""7321.15""],[0.02,""1928.77""],[0.03,""420.77""],[0.04,""135.09""],[0.05,""153.21""],[0.06,""109.54""],[0.07,""100.39""],[0.08,""73.3""],[0.09,""87.72""],[0.1,""68.3""],[0.11,""79.7""],[0.12,""156.74""],[0.13,""74.2""],[0.14,""52.05""],[0.15,""70.17""],[0.16,""58.55""],[0.17,""67.19""],[0.18,""45.86""],[0.19,""64.77""],[0.2,""68.81""],[0.21,""63.1""],[0.22,""42.5""],[0.23,""61.89""],[0.24,""41.39""],[0.25,""69.54""],[0.26,""40.6""],[0.27,""65.2""],[0.28,""39.9""],[0.29,""59.6""],[0.3,""44.3""],[0.31,""59""],[0.32,""38.8""],[0.33,""58.6""],[0.34,""38.4""],[0.35,""71.4""],[0.36,""56""],[0.37,""57.9""],[0.38,""37.7""],[0.39,""62.6""],[0.4,""37.5""],[0.41,""57.4""],[0.42,""37.3""],[0.43,""57.2""],[0.44,""37.2""],[0.45,""57.1""],[0.46,""37.1""],[0.47,""57""],[0.48,""37""],[0.49,""57""],[0.5,""49""],[0.51,""69""],[0.52,""49""],[0.53,""57""],[0.54,""37.1""],[0.55,""57.1""],[0.56,""44.2""],[0.57,""57.2""],[0.58,""91.72""],[0.59,""163.76""],[0.6,""57.5""],[0.61,""376.6""],[0.62,""62.7""],[0.63,""177.9""],[0.64,""58""],[0.65,""173.2""],[0.66,""125""],[0.67,""265""],[0.68,""45""],[0.69,""70""],[0.7,""165""],[0.71,""110""],[0.72,""72""],[0.73,""170""],[0.74,""50""],[0.75,""57.8""],[0.76,""25""],[0.77,""104.87""]]"
2026-05-17T02:56:40.556Z,btc-updown-15m-1778985900,"Bitcoin Up or Down - May 16, 10:45PM-11:00PM ET",btc-updown-15m-1778985900,2026-05-17T03:00:00Z,,0.21,0.22,0.78,0.79,0.215,0.47,3193.7123299999994,,174.03,7.0,"[[0.01,""6929.82""],[0.02,""1790""],[0.03,""304.67""],[0.04,""162""],[0.05,""376.85""],[0.06,""41.67""],[0.07,""59.29""],[0.08,""262.5""],[0.09,""420.7""],[0.1,""200""],[0.11,""70.65""],[0.12,""61.14""],[0.13,""92.85""],[0.14,""47.15""],[0.15,""121.67""],[0.16,""76.35""],[0.17,""70.89""],[0.18,""94.93""],[0.19,""101.27""],[0.2,""186.66""],[0.21,""174.03""]]","[[0.01,""7018.15""],[0.02,""1775.67""],[0.03,""317.67""],[0.04,""57""],[0.05,""90.01""],[0.06,""56.34""],[0.07,""54.29""],[0.08,""32.51""],[0.09,""51.12""],[0.1,""35.01""],[0.11,""49.1""],[0.12,""128.34""],[0.13,""47.7""],[0.14,""27.15""],[0.15,""46.67""],[0.16,""36.25""],[0.17,""45.89""],[0.18,""25.56""],[0.19,""45.27""],[0.2,""50.01""],[0.21,""45""],[0.22,""25""],[0.23,""45""],[0.24,""25""],[0.25,""53.54""],[0.26,""25""],[0.27,""45""],[0.28,""30""],[0.29,""45""],[0.3,""30""],[0.31,""45""],[0.32,""25""],[0.33,""45""],[0.34,""25""],[0.35,""45""],[0.36,""30""],[0.37,""45""],[0.38,""25""],[0.39,""50""],[0.4,""25""],[0.41,""45""],[0.42,""25""],[0.43,""45""],[0.44,""25""],[0.45,""45""],[0.46,""25""],[0.47,""45""],[0.48,""25""],[0.49,""45""],[0.5,""25""],[0.51,""45""],[0.52,""25""],[0.53,""45""],[0.54,""25""],[0.55,""245""],[0.56,""32""],[0.57,""45""],[0.58,""79.42""],[0.59,""145""],[0.6,""45""],[0.61,""364""],[0.62,""55""],[0.63,""165""],[0.64,""45""],[0.65,""160""],[0.66,""125""],[0.67,""265""],[0.68,""145""],[0.69,""70""],[0.7,""165""],[0.71,""110""],[0.72,""57""],[0.73,""170""],[0.74,""50""],[0.75,""57.8""],[0.76,""25""],[0.77,""41.59""],[0.78,""7""]]"
2026-05-17T02:56:42.535Z,btc-updown-15m-1778985900,"Bitcoin Up or Down - May 16, 10:45PM-11:00PM ET",btc-updown-15m-1778985900,2026-05-17T03:00:00Z,,0.22,0.23,0.77,0.78,0.225,0.47,3193.7123299999994,,38.61,33.06,"[[0.01,""6929.82""],[0.02,""1790""],[0.03,""304.67""],[0.04,""162""],[0.05,""376.85""],[0.06,""41.67""],[0.07,""59.29""],[0.08,""262.5""],[0.09,""520.7""],[0.1,""100""],[0.11,""70.65""],[0.12,""101.14""],[0.13,""92.85""],[0.14,""87.15""],[0.15,""121.67""],[0.16,""76.35""],[0.17,""70.89""],[0.18,""104.56""],[0.19,""201.27""],[0.2,""132.32""],[0.21,""82""],[0.22,""38.61""]]","[[0.01,""7023.15""],[0.02,""1775.67""],[0.03,""317.67""],[0.04,""57""],[0.05,""90.01""],[0.06,""56.34""],[0.07,""54.29""],[0.08,""32.51""],[0.09,""51.12""],[0.1,""35.01""],[0.11,""49.1""],[0.12,""128.34""],[0.13,""47.7""],[0.14,""27.15""],[0.15,""46.67""],[0.16,""36.25""],[0.17,""45.89""],[0.18,""25.56""],[0.19,""45.27""],[0.2,""50.01""],[0.21,""45""],[0.22,""25""],[0.23,""45""],[0.24,""25""],[0.25,""53.54""],[0.26,""25""],[0.27,""50""],[0.28,""25""],[0.29,""45""],[0.3,""30""],[0.31,""45""],[0.32,""25""],[0.33,""45""],[0.34,""25""],[0.35,""45""],[0.36,""30""],[0.37,""45""],[0.38,""25""],[0.39,""50""],[0.4,""25""],[0.41,""45""],[0.42,""25""],[0.43,""45""],[0.44,""25""],[0.45,""45""],[0.46,""25""],[0.47,""45""],[0.48,""25""],[0.49,""45""],[0.5,""25""],[0.51,""45""],[0.52,""25""],[0.53,""45""],[0.54,""25""],[0.55,""245""],[0.56,""32""],[0.57,""45""],[0.58,""79.42""],[0.59,""145""],[0.6,""51.25""],[0.61,""364""],[0.62,""55""],[0.63,""165""],[0.64,""45""],[0.65,""160""],[0.66,""125""],[0.67,""265""],[0.68,""170""],[0.69,""70""],[0.7,""65""],[0.71,""170""],[0.72,""112""],[0.73,""130""],[0.74,""65""],[0.75,""82.8""],[0.76,""30""],[0.77,""33.06""]]"
2026-05-17T02:56:45.496Z,btc-updown-15m-1778985900,"Bitcoin Up or Down - May 16, 10:45PM-11:00PM ET",btc-updown-15m-1778985900,2026-05-17T03:00:00Z,,0.22,0.23,0.77,0.78,0.225,0.47,3193.7123299999994,,5.0,96.22,"[[0.01,""6929.82""],[0.02,""1790""],[0.03,""304.67""],[0.04,""162""],[0.05,""396.85""],[0.06,""61.67""],[0.07,""84.29""],[0.08,""267.5""],[0.09,""520.7""],[0.1,""100""],[0.11,""65.05""],[0.12,""106.74""],[0.13,""92.85""],[0.14,""87.15""],[0.15,""121.67""],[0.16,""76.35""],[0.17,""70.89""],[0.18,""114.93""],[0.19,""200.27""],[0.2,""132.32""],[0.21,""140.89""],[0.22,""5""]]","[[0.01,""7023.15""],[0.02,""1775.67""],[0.03,""317.67""],[0.04,""57""],[0.05,""90.01""],[0.06,""56.34""],[0.07,""54.29""],[0.08,""32.51""],[0.09,""51.12""],[0.1,""35.01""],[0.11,""49.1""],[0.12,""128.34""],[0.13,""47.7""],[0.14,""27.15""],[0.15,""46.67""],[0.16,""36.25""],[0.17,""45.89""],[0.18,""25.56""],[0.19,""45.27""],[0.2,""50.01""],[0.21,""45""],[0.22,""25""],[0.23,""45""],[0.24,""25""],[0.25,""53.54""],[0.26,""25""],[0.27,""50""],[0.28,""25""],[0.29,""45""],[0.3,""30""],[0.31,""45""],[0.32,""25""],[0.33,""45""],[0.34,""25""],[0.35,""45""],[0.36,""30""],[0.37,""45""],[0.38,""25""],[0.39,""50""],[0.4,""25""],[0.41,""45""],[0.42,""25""],[0.43,""45""],[0.44,""25""],[0.45,""45""],[0.46,""25""],[0.47,""45""],[0.48,""25""],[0.49,""45""],[0.5,""25""],[0.51,""45""],[0.52,""25""],[0.53,""45""],[0.54,""25""],[0.55,""245""],[0.56,""32""],[0.57,""45""],[0.58,""79.42""],[0.59,""45""],[0.6,""131.25""],[0.61,""344""],[0.62,""35""],[0.63,""165""],[0.64,""45""],[0.65,""160""],[0.66,""125""],[0.67,""265""],[0.68,""170""],[0.69,""70""],[0.7,""65""],[0.71,""170""],[0.72,""112""],[0.73,""150""],[0.74,""85""],[0.75,""102.8""],[0.76,""30""],[0.77,""96.22""]]"
2026-05-17T02:56:48.785Z,btc-updown-15m-1778985900,"Bitcoin Up or Down - May 16, 10:45PM-11:00PM ET",btc-updown-15m-1778985900,2026-05-17T03:00:00Z,,0.22,0.29,0.71,0.78,0.255,0.47,3193.7123299999994,,141.99,5.0,"[[0.01,""6924.82""],[0.02,""1790""],[0.03,""304.67""],[0.04,""62""],[0.05,""116.85""],[0.06,""56.67""],[0.07,""74.29""],[0.08,""52.5""],[0.09,""171.12""],[0.1,""50""],[0.11,""65.05""],[0.12,""53.94""],[0.13,""87.7""],[0.14,""52.3""],[0.15,""81.67""],[0.16,""116.35""],[0.17,""76.88""],[0.18,""79.56""],[0.19,""91.1""],[0.2,""32.32""],[0.21,""76.87""],[0.22,""141.99""]]","[[0.01,""7023.15""],[0.02,""1775.67""],[0.03,""317.67""],[0.04,""57""],[0.05,""90.01""],[0.06,""56.34""],[0.07,""54.29""],[0.08,""32.51""],[0.09,""51.12""],[0.1,""35.01""],[0.11,""49.1""],[0.12,""128.34""],[0.13,""47.7""],[0.14,""27.15""],[0.15,""46.67""],[0.16,""36.25""],[0.17,""45.89""],[0.18,""25.56""],[0.19,""45.27""],[0.2,""50.01""],[0.21,""45""],[0.22,""25""],[0.23,""45""],[0.24,""25""],[0.25,""53.54""],[0.26,""25""],[0.27,""50""],[0.28,""25""],[0.29,""45""],[0.3,""30""],[0.31,""45""],[0.32,""25""],[0.33,""45""],[0.34,""25""],[0.35,""45""],[0.36,""30""],[0.37,""45""],[0.38,""25""],[0.39,""45""],[0.4,""25""],[0.41,""45""],[0.42,""25""],[0.43,""45""],[0.44,""25""],[0.45,""45""],[0.46,""25""],[0.47,""45""],[0.48,""25""],[0.49,""45""],[0.5,""25""],[0.51,""45""],[0.52,""25""],[0.53,""45""],[0.54,""25""],[0.55,""45""],[0.56,""25""],[0.57,""45""],[0.58,""25""],[0.59,""45""],[0.6,""25""],[0.61,""65""],[0.62,""30""],[0.63,""65""],[0.64,""45""],[0.65,""60""],[0.66,""45""],[0.67,""30""],[0.68,""5""],[0.69,""25""],[0.71,""5""]]"
2026-05-17T02:56:50.213Z,btc-updown-15m-1778985900,"Bitcoin Up or Down - May 16, 10:45PM-11:00PM ET",btc-updown-15m-1778985900,2026-05-17T03:00:00Z,,0.29,0.32,0.65,0.71,0.305,0.47,3193.7123299999994,,20.0,97.85,"[[0.01,""6914.82""],[0.02,""1790""],[0.03,""304.67""],[0.04,""62""],[0.05,""196.85""],[0.06,""56.67""],[0.07,""74.29""],[0.08,""52.5""],[0.09,""71.12""],[0.1,""50""],[0.11,""170.05""],[0.12,""63.94""],[0.13,""77.7""],[0.14,""52.15""],[0.15,""66.67""],[0.16,""63.75""],[0.17,""71.89""],[0.18,""85.56""],[0.19,""106.27""],[0.2,""25""],[0.21,""85.02""],[0.22,""81.21""],[0.23,""59""],[0.24,""2.68""],[0.25,""108.12""],[0.26,""5""],[0.27,""12.58""],[0.28,""23""],[0.29,""20""]]","[[0.01,""7053.65""],[0.02,""1770.67""],[0.03,""317.67""],[0.04,""57""],[0.05,""90.01""],[0.06,""56.34""],[0.07,""54.29""],[0.08,""32.51""],[0.09,""51.12""],[0.1,""35.01""],[0.11,""49.1""],[0.12,""128.34""],[0.13,""47.7""],[0.14,""27.15""],[0.15,""46.67""],[0.16,""36.25""],[0.17,""45.89""],[0.18,""25.56""],[0.19,""50.27""],[0.2,""50.01""],[0.21,""45""],[0.22,""25""],[0.23,""45""],[0.24,""25""],[0.25,""53.54""],[0.26,""25""],[0.27,""45""],[0.28,""25""],[0.29,""45""],[0.3,""30""],[0.31,""45""],[0.32,""30""],[0.33,""45""],[0.34,""25""],[0.35,""45""],[0.36,""30""],[0.37,""45""],[0.38,""25""],[0.39,""45""],[0.4,""25""],[0.41,""45""],[0.42,""25""],[0.43,""45""],[0.44,""25""],[0.45,""45""],[0.46,""25""],[0.47,""145""],[0.48,""25""],[0.49,""45""],[0.5,""25""],[0.51,""59.35""],[0.52,""25""],[0.53,""45""],[0.54,""225""],[0.55,""45""],[0.56,""105""],[0.57,""45""],[0.58,""25""],[0.59,""145""],[0.6,""25""],[0.61,""65""],[0.62,""70""],[0.63,""65""],[0.64,""85""],[0.65,""97.85""]]"
2026-05-17T02:56:52.299Z,btc-updown-15m-1778985900,"Bitcoin Up or Down - May 16, 10:45PM-11:00PM ET",btc-updown-15m-1778985900,2026-05-17T03:00:00Z,,0.31,0.32,0.68,0.69,0.315,0.47,3193.7123299999994,,56.26,110.53,"[[0.01,""6924.82""],[0.02,""1790""],[0.03,""304.67""],[0.04,""62""],[0.05,""176.85""],[0.06,""36.67""],[0.07,""54.29""],[0.08,""32.5""],[0.09,""56.12""],[0.1,""35""],[0.11,""155.05""],[0.12,""38.94""],[0.13,""52.7""],[0.14,""47.15""],[0.15,""66.67""],[0.16,""70.01""],[0.17,""65.89""],[0.18,""85.56""],[0.19,""80.27""],[0.2,""150""],[0.21,""85.15""],[0.22,""72.72""],[0.23,""104""],[0.24,""47.68""],[0.25,""93""],[0.26,""85""],[0.27,""95.38""],[0.28,""48.8""],[0.29,""132.46""],[0.3,""50.43""],[0.31,""56.26""]]","[[0.01,""7058.65""],[0.02,""1770.67""],[0.03,""317.67""],[0.04,""57""],[0.05,""90.01""],[0.06,""56.34""],[0.07,""54.29""],[0.08,""32.51""],[0.09,""51.12""],[0.1,""35.01""],[0.11,""49.1""],[0.12,""128.34""],[0.13,""47.7""],[0.14,""27.15""],[0.15,""46.67""],[0.16,""36.25""],[0.17,""45.89""],[0.18,""30.56""],[0.19,""45.27""],[0.2,""50.01""],[0.21,""45""],[0.22,""25""],[0.23,""45""],[0.24,""25""],[0.25,""53.54""],[0.26,""25""],[0.27,""45""],[0.28,""25""],[0.29,""45""],[0.3,""30""],[0.31,""45""],[0.32,""30""],[0.33,""45""],[0.34,""25""],[0.35,""45""],[0.36,""30""],[0.37,""45""],[0.38,""25""],[0.39,""45""],[0.4,""25""],[0.41,""45""],[0.42,""25""],[0.43,""45""],[0.44,""25""],[0.45,""45""],[0.46,""125""],[0.47,""45""],[0.48,""125""],[0.49,""45""],[0.5,""30""],[0.51,""52.35""],[0.52,""145""],[0.53,""165""],[0.54,""45""],[0.55,""172""],[0.56,""125""],[0.57,""165""],[0.58,""45""],[0.59,""65""],[0.6,""60""],[0.61,""65""],[0.62,""105""],[0.63,""65""],[0.64,""135""],[0.65,""97.85""],[0.66,""87.8""],[0.67,""37.8""],[0.68,""110.53""]]"
2026-05-17T02:56:54.336Z,btc-updown-15m-1778985900,"Bitcoin Up or Down - May 16, 10:45PM-11:00PM ET",btc-updown-15m-1778985900,2026-05-17T03:00:00Z,,0.31,0.32,0.68,0.69,0.315,0.47,3193.7123299999994,,115.48,105.53,"[[0.01,""6834.82""],[0.02,""1790""],[0.03,""304.67""],[0.04,""62""],[0.05,""476.85""],[0.06,""36.67""],[0.07,""54.29""],[0.08,""32.5""],[0.09,""261.12""],[0.1,""479.58""],[0.11,""60.05""],[0.12,""38.94""],[0.13,""52.7""],[0.14,""27.15""],[0.15,""51.67""],[0.16,""65.01""],[0.17,""105.89""],[0.18,""45.56""],[0.19,""80.27""],[0.2,""70""],[0.21,""80""],[0.22,""132.87""],[0.23,""219""],[0.24,""172.68""],[0.25,""218""],[0.26,""210""],[0.27,""212.3""],[0.28,""188.8""],[0.29,""232.46""],[0.3,""57.8""],[0.31,""115.48""]]","[[0.01,""6953.65""],[0.02,""1770.67""],[0.03,""317.67""],[0.04,""57""],[0.05,""90.01""],[0.06,""56.34""],[0.07,""54.29""],[0.08,""32.51""],[0.09,""51.12""],[0.1,""35.01""],[0.11,""49.1""],[0.12,""128.34""],[0.13,""47.7""],[0.14,""27.15""],[0.15,""46.67""],[0.16,""36.25""],[0.17,""45.89""],[0.18,""30.56""],[0.19,""45.27""],[0.2,""50.01""],[0.21,""45""],[0.22,""25""],[0.23,""45""],[0.24,""25""],[0.25,""53.54""],[0.26,""25""],[0.27,""45""],[0.28,""25""],[0.29,""45""],[0.3,""30""],[0.31,""45""],[0.32,""30""],[0.33,""45""],[0.34,""25""],[0.35,""45""],[0.36,""30""],[0.37,""45""],[0.38,""25""],[0.39,""45""],[0.4,""25""],[0.41,""45""],[0.42,""25""],[0.43,""45""],[0.44,""25""],[0.45,""45""],[0.46,""125""],[0.47,""45""],[0.48,""125""],[0.49,""45""],[0.5,""25""],[0.51,""264.35""],[0.52,""145""],[0.53,""165""],[0.54,""99.42""],[0.55,""172""],[0.56,""424""],[0.57,""165""],[0.58,""45""],[0.59,""65""],[0.6,""60""],[0.61,""65""],[0.62,""105""],[0.63,""65""],[0.64,""110""],[0.65,""107.85""],[0.66,""122.8""],[0.67,""37.8""],[0.68,""105.53""]]"
2026-05-17T02:56:56.346Z,btc-updown-15m-1778985900,"Bitcoin Up or Down - May 16, 10:45PM-11:00PM ET",btc-updown-15m-1778985900,2026-05-17T03:00:00Z,,0.31,0.32,0.68,0.69,0.315,0.47,3193.7123299999994,,74.16,98.03,"[[0.01,""6829.82""],[0.02,""1790""],[0.03,""304.67""],[0.04,""162""],[0.05,""376.85""],[0.06,""36.67""],[0.07,""54.29""],[0.08,""32.5""],[0.09,""261.12""],[0.1,""479.58""],[0.11,""55.05""],[0.12,""38.94""],[0.13,""52.7""],[0.14,""27.15""],[0.15,""46.67""],[0.16,""65.01""],[0.17,""105.89""],[0.18,""45.56""],[0.19,""65.27""],[0.2,""45""],[0.21,""65""],[0.22,""122.87""],[0.23,""94""],[0.24,""47.68""],[0.25,""120.47""],[0.26,""50""],[0.27,""123.3""],[0.28,""152.8""],[0.29,""232.46""],[0.3,""32.8""],[0.31,""74.16""]]","[[0.01,""6953.65""],[0.02,""1770.67""],[0.03,""317.67""],[0.04,""57""],[0.05,""90.01""],[0.06,""56.34""],[0.07,""54.29""],[0.08,""32.51""],[0.09,""51.12""],[0.1,""35.01""],[0.11,""49.1""],[0.12,""128.34""],[0.13,""47.7""],[0.14,""27.15""],[0.15,""46.67""],[0.16,""36.25""],[0.17,""45.89""],[0.18,""30.56""],[0.19,""45.27""],[0.2,""50.01""],[0.21,""45""],[0.22,""25""],[0.23,""45""],[0.24,""25""],[0.25,""53.54""],[0.26,""25""],[0.27,""45""],[0.28,""25""],[0.29,""45""],[0.3,""30""],[0.31,""45""],[0.32,""30""],[0.33,""45""],[0.34,""25""],[0.35,""45""],[0.36,""30""],[0.37,""45""],[0.38,""25""],[0.39,""45""],[0.4,""25""],[0.41,""45""],[0.42,""25""],[0.43,""45""],[0.44,""25""],[0.45,""45""],[0.46,""125""],[0.47,""45""],[0.48,""125""],[0.49,""45""],[0.5,""25""],[0.51,""264.35""],[0.52,""45""],[0.53,""265""],[0.54,""99.42""],[0.55,""173""],[0.56,""424""],[0.57,""165""],[0.58,""45""],[0.59,""65""],[0.6,""60""],[0.61,""65""],[0.62,""60""],[0.63,""105""],[0.64,""110""],[0.65,""62.85""],[0.66,""127.8""],[0.67,""47.8""],[0.68,""98.03""]]"
2026-05-17T02:56:58.271Z,btc-updown-15m-1778985900,"Bitcoin Up or Down - May 16, 10:45PM-11:00PM ET",btc-updown-15m-1778985900,2026-05-17T03:00:00Z,,0.3,0.31,0.69,0.7,0.305,0.47,3193.7123299999994,,5.0,160.65,"[[0.01,""6824.82""],[0.02,""1790""],[0.03,""304.67""],[0.04,""162""],[0.05,""376.85""],[0.06,""36.67""],[0.07,""54.29""],[0.08,""37.5""],[0.09,""261.12""],[0.1,""479.58""],[0.11,""55.05""],[0.12,""38.94""],[0.13,""52.7""],[0.14,""27.15""],[0.15,""53.34""],[0.16,""58.75""],[0.17,""105.89""],[0.18,""45.56""],[0.19,""65.27""],[0.2,""45""],[0.21,""80""],[0.22,""117.72""],[0.23,""99.15""],[0.24,""55.46""],[0.25,""73""],[0.26,""50""],[0.27,""223.3""],[0.28,""152.8""],[0.29,""25.12""],[0.3,""5""]]","[[0.01,""6958.65""],[0.02,""1775.67""],[0.03,""317.67""],[0.04,""57""],[0.05,""90.01""],[0.06,""56.34""],[0.07,""54.29""],[0.08,""32.51""],[0.09,""51.12""],[0.1,""35.01""],[0.11,""49.1""],[0.12,""128.34""],[0.13,""47.7""],[0.14,""27.15""],[0.15,""46.67""],[0.16,""36.25""],[0.17,""45.89""],[0.18,""25.56""],[0.19,""50.27""],[0.2,""50.01""],[0.21,""45""],[0.22,""25""],[0.23,""45""],[0.24,""25""],[0.25,""53.54""],[0.26,""25""],[0.27,""45""],[0.28,""25""],[0.29,""45""],[0.3,""30""],[0.31,""45""],[0.32,""30""],[0.33,""45""],[0.34,""25""],[0.35,""45""],[0.36,""30""],[0.37,""45""],[0.38,""25""],[0.39,""45""],[0.4,""25""],[0.41,""45""],[0.42,""25""],[0.43,""45""],[0.44,""25""],[0.45,""45""],[0.46,""125""],[0.47,""45""],[0.48,""125""],[0.49,""45""],[0.5,""25""],[0.51,""264.35""],[0.52,""45""],[0.53,""265""],[0.54,""99.42""],[0.55,""73""],[0.56,""524""],[0.57,""165""],[0.58,""45""],[0.59,""165""],[0.6,""160""],[0.61,""65""],[0.62,""60""],[0.63,""65""],[0.64,""60""],[0.65,""142.85""],[0.66,""147.8""],[0.67,""102.8""],[0.68,""45.3""],[0.69,""160.65""]]"
2026-05-17T02:57:00.270Z,btc-updown-15m-1778985900,"Bitcoin Up or Down - May 16, 10:45PM-11:00PM ET",btc-updown-15m-1778985900,2026-05-17T03:00:00Z,,0.29,0.3,0.7,0.71,0.295,0.47,3193.7123299999994,,52.07,44.57,"[[0.01,""6829.82""],[0.02,""1790""],[0.03,""304.67""],[0.04,""162""],[0.05,""376.85""],[0.06,""36.67""],[0.07,""54.29""],[0.08,""37.5""],[0.09,""261.12""],[0.1,""479.58""],[0.11,""55.05""],[0.12,""28.34""],[0.13,""47.7""],[0.14,""27.15""],[0.15,""53.34""],[0.16,""63.75""],[0.17,""105.89""],[0.18,""45.56""],[0.19,""65.27""],[0.2,""45""],[0.21,""80""],[0.22,""117.72""],[0.23,""99.15""],[0.24,""47.68""],[0.25,""73""],[0.26,""157.18""],[0.27,""216.38""],[0.28,""259.67""],[0.29,""52.07""]]","[[0.01,""6963.65""],[0.02,""1775.67""],[0.03,""317.67""],[0.04,""57""],[0.05,""90.01""],[0.06,""56.34""],[0.07,""54.29""],[0.08,""32.51""],[0.09,""51.12""],[0.1,""35.01""],[0.11,""49.1""],[0.12,""128.34""],[0.13,""47.7""],[0.14,""27.15""],[0.15,""46.67""],[0.16,""36.25""],[0.17,""45.89""],[0.18,""25.56""],[0.19,""45.27""],[0.2,""55.01""],[0.21,""45""],[0.22,""25""],[0.23,""45""],[0.24,""25""],[0.25,""53.54""],[0.26,""25""],[0.27,""45""],[0.28,""25""],[0.29,""45""],[0.3,""30""],[0.31,""45""],[0.32,""30""],[0.33,""45""],[0.34,""25""],[0.35,""45""],[0.36,""30""],[0.37,""45""],[0.38,""25""],[0.39,""45""],[0.4,""25""],[0.41,""45""],[0.42,""25""],[0.43,""45""],[0.44,""25""],[0.45,""45""],[0.46,""125""],[0.47,""45""],[0.48,""125""],[0.49,""45""],[0.5,""25""],[0.51,""257""],[0.52,""45""],[0.53,""265""],[0.54,""99.42""],[0.55,""73""],[0.56,""524""],[0.57,""65""],[0.58,""145""],[0.59,""165""],[0.6,""145""],[0.61,""65""],[0.62,""60""],[0.63,""65""],[0.64,""125""],[0.65,""97.85""],[0.66,""142.8""],[0.67,""107.8""],[0.68,""40.3""],[0.69,""162.09""],[0.7,""44.57""]]"
2026-05-17T02:57:02.254Z,btc-updown-15m-1778985900,"Bitcoin Up or Down - May 16, 10:45PM-11:00PM ET",btc-updown-15m-1778985900,2026-05-17T03:00:00Z,,0.27,0.28,0.72,0.73,0.275,0.37,9550.865680000006,,109.83,32.0,"[[0.01,""6829.82""],[0.02,""1790""],[0.03,""304.67""],[0.04,""162""],[0.05,""376.85""],[0.06,""36.67""],[0.07,""54.29""],[0.08,""37.5""],[0.09,""266.12""],[0.1,""484.58""],[0.11,""55.05""],[0.12,""28.34""],[0.13,""47.7""],[0.14,""27.15""],[0.15,""53.34""],[0.16,""58.75""],[0.17,""105.89""],[0.18,""45.56""],[0.19,""80.27""],[0.2,""45""],[0.21,""105""],[0.22,""132.72""],[0.23,""99.15""],[0.24,""195.44""],[0.25,""158""],[0.26,""36""],[0.27,""109.83""]]","[[0.01,""6963.65""],[0.02,""1775.67""],[0.03,""317.67""],[0.04,""57""],[0.05,""90.01""],[0.06,""56.34""],[0.07,""54.29""],[0.08,""32.51""],[0.09,""51.12""],[0.1,""35.01""],[0.11,""49.1""],[0.12,""128.34""],[0.13,""47.7""],[0.14,""27.15""],[0.15,""46.67""],[0.16,""36.25""],[0.17,""45.89""],[0.18,""25.56""],[0.19,""45.27""],[0.2,""55.01""],[0.21,""45""],[0.22,""25""],[0.23,""45""],[0.24,""25""],[0.25,""53.54""],[0.26,""25""],[0.27,""45""],[0.28,""25""],[0.29,""45""],[0.3,""30""],[0.31,""45""],[0.32,""30""],[0.33,""45""],[0.34,""25""],[0.35,""45""],[0.36,""30""],[0.37,""45""],[0.38,""25""],[0.39,""45""],[0.4,""25""],[0.41,""45""],[0.42,""25""],[0.43,""45""],[0.44,""25""],[0.45,""45""],[0.46,""125""],[0.47,""45""],[0.48,""125""],[0.49,""45""],[0.5,""25""],[0.51,""257""],[0.52,""45""],[0.53,""265""],[0.54,""99.42""],[0.55,""65""],[0.56,""532""],[0.57,""65""],[0.58,""145""],[0.59,""65""],[0.6,""70""],[0.61,""190""],[0.62,""160""],[0.63,""65""],[0.64,""125""],[0.65,""97.85""],[0.66,""80""],[0.67,""157.8""],[0.68,""55.3""],[0.69,""77.8""],[0.7,""35""],[0.71,""25.25""],[0.72,""32""]]"
2026-05-17T02:57:04.214Z,btc-updown-15m-1778985900,"Bitcoin Up or Down - May 16, 10:45PM-11:00PM ET",btc-updown-15m-1778985900,2026-05-17T03:00:00Z,,0.28,0.29,0.71,0.72,0.28500000000000003,0.37,9550.865680000006,,42.8,50.0,"[[0.01,""6824.82""],[0.02,""1790""],[0.03,""304.67""],[0.04,""62""],[0.05,""476.85""],[0.06,""36.67""],[0.07,""59.29""],[0.08,""37.5""],[0.09,""266.12""],[0.1,""479.58""],[0.11,""55.05""],[0.12,""28.34""],[0.13,""47.7""],[0.14,""27.15""],[0.15,""53.34""],[0.16,""58.75""],[0.17,""105.89""],[0.18,""45.56""],[0.19,""86.27""],[0.2,""50""],[0.21,""110""],[0.22,""137.72""],[0.23,""104.15""],[0.24,""192.68""],[0.25,""163""],[0.26,""54.69""],[0.27,""132.86""],[0.28,""42.8""]]","[[0.01,""6963.65""],[0.02,""1775.67""],[0.03,""317.67""],[0.04,""57""],[0.05,""90.01""],[0.06,""56.34""],[0.07,""54.29""],[0.08,""32.51""],[0.09,""51.12""],[0.1,""35.01""],[0.11,""49.1""],[0.12,""128.34""],[0.13,""47.7""],[0.14,""27.15""],[0.15,""46.67""],[0.16,""36.25""],[0.17,""45.89""],[0.18,""25.56""],[0.19,""45.27""],[0.2,""50.01""],[0.21,""45""],[0.22,""30""],[0.23,""45""],[0.24,""25""],[0.25,""53.54""],[0.26,""25""],[0.27,""45""],[0.28,""25""],[0.29,""45""],[0.3,""30""],[0.31,""45""],[0.32,""30""],[0.33,""45""],[0.34,""25""],[0.35,""45""],[0.36,""30""],[0.37,""45""],[0.38,""25""],[0.39,""45""],[0.4,""25""],[0.41,""45""],[0.42,""25""],[0.43,""45""],[0.44,""25""],[0.45,""45""],[0.46,""125""],[0.47,""45""],[0.48,""125""],[0.49,""45""],[0.5,""25""],[0.51,""252""],[0.52,""45""],[0.53,""165""],[0.54,""199.42""],[0.55,""65""],[0.56,""532""],[0.57,""65""],[0.58,""145""],[0.59,""65""],[0.6,""70""],[0.61,""190""],[0.62,""165""],[0.63,""70""],[0.64,""105""],[0.65,""102.85""],[0.66,""85""],[0.67,""157.8""],[0.68,""55.3""],[0.69,""72.8""],[0.7,""50""],[0.71,""50""]]"
2026-05-17T02:57:07.056Z,btc-updown-15m-1778985900,"Bitcoin Up or Down - May 16, 10:45PM-11:00PM ET",btc-updown-15m-1778985900,2026-05-17T03:00:00Z,,0.28,0.29,0.71,0.72,0.28500000000000003,0.37,9550.865680000006,,131.81,50.25,"[[0.01,""6824.82""],[0.02,""1790""],[0.03,""304.67""],[0.04,""62""],[0.05,""176.85""],[0.06,""36.67""],[0.07,""59.29""],[0.08,""37.5""],[0.09,""66.12""],[0.1,""135""],[0.11,""50.05""],[0.12,""28.34""],[0.13,""47.7""],[0.14,""27.15""],[0.15,""53.34""],[0.16,""58.75""],[0.17,""65.89""],[0.18,""45.56""],[0.19,""71.27""],[0.2,""75""],[0.21,""110""],[0.22,""152.72""],[0.23,""104.15""],[0.24,""160.44""],[0.25,""148""],[0.26,""36.53""],[0.27,""61.7""],[0.28,""131.81""]]","[[0.01,""6958.65""],[0.02,""1775.67""],[0.03,""317.67""],[0.04,""57""],[0.05,""90.01""],[0.06,""56.34""],[0.07,""54.29""],[0.08,""32.51""],[0.09,""51.12""],[0.1,""35.01""],[0.11,""49.1""],[0.12,""128.34""],[0.13,""47.7""],[0.14,""27.15""],[0.15,""46.67""],[0.16,""36.25""],[0.17,""45.89""],[0.18,""25.56""],[0.19,""45.27""],[0.2,""50.01""],[0.21,""50""],[0.22,""25""],[0.23,""45""],[0.24,""25""],[0.25,""53.54""],[0.26,""25""],[0.27,""45""],[0.28,""25""],[0.29,""45""],[0.3,""30""],[0.31,""45""],[0.32,""30""],[0.33,""45""],[0.34,""25""],[0.35,""45""],[0.36,""30""],[0.37,""45""],[0.38,""25""],[0.39,""45""],[0.4,""25""],[0.41,""45""],[0.42,""25""],[0.43,""45""],[0.44,""25""],[0.45,""45""],[0.46,""125""],[0.47,""45""],[0.48,""25""],[0.49,""145""],[0.5,""25""],[0.51,""45""],[0.52,""50""],[0.53,""165""],[0.54,""145""],[0.55,""65""],[0.56,""233""],[0.57,""65""],[0.58,""145""],[0.59,""65""],[0.6,""70""],[0.61,""95""],[0.62,""165""],[0.63,""170""],[0.64,""65""],[0.65,""127.85""],[0.66,""130""],[0.67,""162.8""],[0.68,""55.3""],[0.69,""72.8""],[0.7,""62.8""],[0.71,""50.25""]]"
2026-05-17T02:57:09.390Z,btc-updown-15m-1778985900,"Bitcoin Up or Down - May 16, 10:45PM-11:00PM ET",btc-updown-15m-1778985900,2026-05-17T03:00:00Z,,0.28,0.29,0.71,0.72,0.28500000000000003,0.37,9550.865680000006,,114.01,35.25,"[[0.01,""6824.82""],[0.02,""1790""],[0.03,""304.67""],[0.04,""162""],[0.05,""76.85""],[0.06,""36.67""],[0.07,""59.29""],[0.08,""37.5""],[0.09,""610.7""],[0.1,""140""],[0.11,""50.05""],[0.12,""28.34""],[0.13,""47.7""],[0.14,""27.15""],[0.15,""53.34""],[0.16,""46.25""],[0.17,""65.89""],[0.18,""51.56""],[0.19,""71.27""],[0.2,""75""],[0.21,""150""],[0.22,""112.72""],[0.23,""204.15""],[0.24,""152.68""],[0.25,""48""],[0.26,""48.53""],[0.27,""60.7""],[0.28,""114.01""]]","[[0.01,""6963.65""],[0.02,""1775.67""],[0.03,""317.67""],[0.04,""57""],[0.05,""90.01""],[0.06,""56.34""],[0.07,""54.29""],[0.08,""32.51""],[0.09,""51.12""],[0.1,""35.01""],[0.11,""49.1""],[0.12,""128.34""],[0.13,""47.7""],[0.14,""27.15""],[0.15,""46.67""],[0.16,""36.25""],[0.17,""45.89""],[0.18,""25.56""],[0.19,""45.27""],[0.2,""50.01""],[0.21,""50""],[0.22,""25""],[0.23,""45""],[0.24,""25""],[0.25,""53.54""],[0.26,""25""],[0.27,""45""],[0.28,""25""],[0.29,""45""],[0.3,""30""],[0.31,""45""],[0.32,""30""],[0.33,""45""],[0.34,""25""],[0.35,""45""],[0.36,""30""],[0.37,""45""],[0.38,""25""],[0.39,""45""],[0.4,""25""],[0.41,""45""],[0.42,""25""],[0.43,""45""],[0.44,""25""],[0.45,""45""],[0.46,""25""],[0.47,""145""],[0.48,""25""],[0.49,""145""],[0.5,""25""],[0.51,""52""],[0.52,""250""],[0.53,""165""],[0.54,""199.42""],[0.55,""65""],[0.56,""233""],[0.57,""65""],[0.58,""145""],[0.59,""65""],[0.6,""45""],[0.61,""95""],[0.62,""190""],[0.63,""170""],[0.64,""65""],[0.65,""127.85""],[0.66,""90""],[0.67,""202.8""],[0.68,""55.3""],[0.69,""72.8""],[0.7,""62.8""],[0.71,""35.25""]]"
2026-05-17T02:57:11.136Z,btc-updown-15m-1778985900,"Bitcoin Up or Down - May 16, 10:45PM-11:00PM ET",btc-updown-15m-1778985900,2026-05-17T03:00:00Z,,0.28,0.29,0.71,0.72,0.28500000000000003,0.37,9550.865680000006,,343.79,30.25,"[[0.01,""6829.82""],[0.02,""1790""],[0.03,""304.67""],[0.04,""162""],[0.05,""376.85""],[0.06,""36.67""],[0.07,""59.29""],[0.08,""37.5""],[0.09,""610.7""],[0.1,""140""],[0.11,""50.05""],[0.12,""28.34""],[0.13,""47.7""],[0.14,""27.15""],[0.15,""46.67""],[0.16,""46.25""],[0.17,""65.89""],[0.18,""51.56""],[0.19,""71.27""],[0.2,""75""],[0.21,""150""],[0.22,""112.72""],[0.23,""204.15""],[0.24,""152.68""],[0.25,""63""],[0.26,""48.53""],[0.27,""60.7""],[0.28,""343.79""]]","[[0.01,""6958.65""],[0.02,""1775.67""],[0.03,""317.67""],[0.04,""57""],[0.05,""90.01""],[0.06,""56.34""],[0.07,""54.29""],[0.08,""32.51""],[0.09,""51.12""],[0.1,""35.01""],[0.11,""49.1""],[0.12,""128.34""],[0.13,""47.7""],[0.14,""27.15""],[0.15,""46.67""],[0.16,""36.25""],[0.17,""45.89""],[0.18,""25.56""],[0.19,""45.27""],[0.2,""50.01""],[0.21,""50""],[0.22,""25""],[0.23,""45""],[0.24,""25""],[0.25,""53.54""],[0.26,""25""],[0.27,""45""],[0.28,""25""],[0.29,""45""],[0.3,""30""],[0.31,""45""],[0.32,""30""],[0.33,""45""],[0.34,""25""],[0.35,""45""],[0.36,""30""],[0.37,""45""],[0.38,""25""],[0.39,""45""],[0.4,""25""],[0.41,""45""],[0.42,""25""],[0.43,""45""],[0.44,""25""],[0.45,""45""],[0.46,""25""],[0.47,""145""],[0.48,""25""],[0.49,""145""],[0.5,""25""],[0.51,""52""],[0.52,""250""],[0.53,""165""],[0.54,""199.42""],[0.55,""65""],[0.56,""233""],[0.57,""364""],[0.58,""145""],[0.59,""65""],[0.6,""45""],[0.61,""95""],[0.62,""90""],[0.63,""170""],[0.64,""165""],[0.65,""127.85""],[0.66,""140""],[0.67,""152.8""],[0.68,""40.3""],[0.69,""72.8""],[0.7,""62.8""],[0.71,""30.25""]]"
2026-05-17T02:57:13.173Z,btc-updown-15m-1778985900,"Bitcoin Up or Down - May 16, 10:45PM-11:00PM ET",btc-updown-15m-1778985900,2026-05-17T03:00:00Z,,0.28,0.29,0.71,0.72,0.28500000000000003,0.37,9550.865680000006,,103.65,25.07,"[[0.01,""6824.82""],[0.02,""1790""],[0.03,""304.67""],[0.04,""162""],[0.05,""376.85""],[0.06,""36.67""],[0.07,""59.29""],[0.08,""37.5""],[0.09,""610.7""],[0.1,""40""],[0.11,""50.05""],[0.12,""28.34""],[0.13,""87.7""],[0.14,""54.3""],[0.15,""86.67""],[0.16,""46.25""],[0.17,""65.89""],[0.18,""51.56""],[0.19,""96.27""],[0.2,""75""],[0.21,""125""],[0.22,""112.72""],[0.23,""204.15""],[0.24,""160.44""],[0.25,""83""],[0.26,""88.53""],[0.27,""60.7""],[0.28,""103.65""]]","[[0.01,""6958.65""],[0.02,""1775.67""],[0.03,""317.67""],[0.04,""57""],[0.05,""90.01""],[0.06,""56.34""],[0.07,""54.29""],[0.08,""32.51""],[0.09,""51.12""],[0.1,""35.01""],[0.11,""49.1""],[0.12,""128.34""],[0.13,""47.7""],[0.14,""27.15""],[0.15,""46.67""],[0.16,""36.25""],[0.17,""45.89""],[0.18,""25.56""],[0.19,""45.27""],[0.2,""50.01""],[0.21,""50""],[0.22,""25""],[0.23,""45""],[0.24,""25""],[0.25,""53.54""],[0.26,""25""],[0.27,""45""],[0.28,""25""],[0.29,""45""],[0.3,""30""],[0.31,""50""],[0.32,""25""],[0.33,""45""],[0.34,""25""],[0.35,""45""],[0.36,""30""],[0.37,""45""],[0.38,""25""],[0.39,""45""],[0.4,""25""],[0.41,""45""],[0.42,""25""],[0.43,""45""],[0.44,""25""],[0.45,""45""],[0.46,""25""],[0.47,""145""],[0.48,""25""],[0.49,""145""],[0.5,""25""],[0.51,""52""],[0.52,""250""],[0.53,""165""],[0.54,""199.42""],[0.55,""65""],[0.56,""233""],[0.57,""364""],[0.58,""145""],[0.59,""65""],[0.6,""45""],[0.61,""95""],[0.62,""90""],[0.63,""170""],[0.64,""165""],[0.65,""127.85""],[0.66,""110""],[0.67,""202.8""],[0.68,""55.3""],[0.69,""72.8""],[0.7,""62.8""],[0.71,""25.07""]]"
2026-05-17T02:57:15.101Z,btc-updown-15m-1778985900,"Bitcoin Up or Down - May 16, 10:45PM-11:00PM ET",btc-updown-15m-1778985900,2026-05-17T03:00:00Z,,0.28,0.29,0.71,0.72,0.28500000000000003,0.37,9550.865680000006,,98.58,70.07,"[[0.01,""6829.82""],[0.02,""1790""],[0.03,""304.67""],[0.04,""162""],[0.05,""376.85""],[0.06,""36.67""],[0.07,""59.29""],[0.08,""42.5""],[0.09,""710.7""],[0.1,""40""],[0.11,""45.05""],[0.12,""48.34""],[0.13,""67.7""],[0.14,""54.3""],[0.15,""66.67""],[0.16,""46.25""],[0.17,""65.89""],[0.18,""51.56""],[0.19,""96.27""],[0.2,""75""],[0.21,""125""],[0.22,""172.72""],[0.23,""204.15""],[0.24,""52.68""],[0.25,""83""],[0.26,""95.69""],[0.27,""48.8""],[0.28,""98.58""]]","[[0.01,""6953.65""],[0.02,""1775.67""],[0.03,""317.67""],[0.04,""57""],[0.05,""90.01""],[0.06,""56.34""],[0.07,""54.29""],[0.08,""32.51""],[0.09,""51.12""],[0.1,""35.01""],[0.11,""49.1""],[0.12,""128.34""],[0.13,""47.7""],[0.14,""27.15""],[0.15,""46.67""],[0.16,""36.25""],[0.17,""45.89""],[0.18,""25.56""],[0.19,""45.27""],[0.2,""50.01""],[0.21,""50""],[0.22,""25""],[0.23,""45""],[0.24,""25""],[0.25,""53.54""],[0.26,""25""],[0.27,""45""],[0.28,""25""],[0.29,""45""],[0.3,""30""],[0.31,""50""],[0.32,""25""],[0.33,""45""],[0.34,""25""],[0.35,""45""],[0.36,""30""],[0.37,""45""],[0.38,""25""],[0.39,""45""],[0.4,""25""],[0.41,""45""],[0.42,""25""],[0.43,""45""],[0.44,""25""],[0.45,""45""],[0.46,""25""],[0.47,""145""],[0.48,""25""],[0.49,""145""],[0.5,""25""],[0.51,""52""],[0.52,""250""],[0.53,""65""],[0.54,""299.42""],[0.55,""65""],[0.56,""133""],[0.57,""464""],[0.58,""45""],[0.59,""165""],[0.6,""45""],[0.61,""95""],[0.62,""90""],[0.63,""170""],[0.64,""165""],[0.65,""127.85""],[0.66,""110""],[0.67,""147.8""],[0.68,""55.3""],[0.69,""122.8""],[0.7,""67.8""],[0.71,""70.07""]]"
2026-05-17T02:57:17.149Z,btc-updown-15m-1778985900,"Bitcoin Up or Down - May 16, 10:45PM-11:00PM ET",btc-updown-15m-1778985900,2026-05-17T03:00:00Z,,0.28,0.3,0.7,0.72,0.29000000000000004,0.37,9550.865680000006,,105.11,78.36,"[[0.01,""6829.82""],[0.02,""1790""],[0.03,""304.67""],[0.04,""162""],[0.05,""376.85""],[0.06,""36.67""],[0.07,""59.29""],[0.08,""42.5""],[0.09,""710.7""],[0.1,""40""],[0.11,""45.05""],[0.12,""28.34""],[0.13,""67.7""],[0.14,""54.3""],[0.15,""66.67""],[0.16,""46.25""],[0.17,""65.89""],[0.18,""76.56""],[0.19,""136.27""],[0.2,""50""],[0.21,""125""],[0.22,""172.72""],[0.23,""204.15""],[0.24,""32.68""],[0.25,""83""],[0.26,""48.53""],[0.27,""76.21""],[0.28,""105.11""]]","[[0.01,""6953.65""],[0.02,""1775.67""],[0.03,""317.67""],[0.04,""57""],[0.05,""90.01""],[0.06,""56.34""],[0.07,""54.29""],[0.08,""32.51""],[0.09,""51.12""],[0.1,""35.01""],[0.11,""49.1""],[0.12,""128.34""],[0.13,""47.7""],[0.14,""27.15""],[0.15,""46.67""],[0.16,""36.25""],[0.17,""45.89""],[0.18,""25.56""],[0.19,""45.27""],[0.2,""50.01""],[0.21,""50""],[0.22,""25""],[0.23,""45""],[0.24,""25""],[0.25,""53.54""],[0.26,""25""],[0.27,""45""],[0.28,""25""],[0.29,""45""],[0.3,""30""],[0.31,""50""],[0.32,""25""],[0.33,""45""],[0.34,""25""],[0.35,""45""],[0.36,""30""],[0.37,""45""],[0.38,""25""],[0.39,""45""],[0.4,""25""],[0.41,""45""],[0.42,""25""],[0.43,""45""],[0.44,""25""],[0.45,""45""],[0.46,""25""],[0.47,""145""],[0.48,""25""],[0.49,""145""],[0.5,""25""],[0.51,""52""],[0.52,""250""],[0.53,""65""],[0.54,""299.42""],[0.55,""65""],[0.56,""133""],[0.57,""464""],[0.58,""45""],[0.59,""165""],[0.6,""45""],[0.61,""95""],[0.62,""90""],[0.63,""70""],[0.64,""165""],[0.65,""202.85""],[0.66,""70""],[0.67,""196.26""],[0.68,""55.3""],[0.69,""97.8""],[0.7,""78.36""]]"
2026-05-17T02:57:19.134Z,btc-updown-15m-1778985900,"Bitcoin Up or Down - May 16, 10:45PM-11:00PM ET",btc-updown-15m-1778985900,2026-05-17T03:00:00Z,,0.29,0.3,0.7,0.71,0.295,0.37,9550.865680000006,,41.27,86.46,"[[0.01,""6829.82""],[0.02,""1790""],[0.03,""304.67""],[0.04,""162""],[0.05,""376.85""],[0.06,""41.67""],[0.07,""59.29""],[0.08,""42.5""],[0.09,""705.7""],[0.1,""40""],[0.11,""45.05""],[0.12,""28.34""],[0.13,""67.7""],[0.14,""54.3""],[0.15,""66.67""],[0.16,""46.25""],[0.17,""65.89""],[0.18,""76.56""],[0.19,""136.27""],[0.2,""50""],[0.21,""185""],[0.22,""212.72""],[0.23,""109.15""],[0.24,""32.68""],[0.25,""89""],[0.26,""36.53""],[0.27,""64.33""],[0.28,""61.86""],[0.29,""41.27""]]","[[0.01,""6953.65""],[0.02,""1775.67""],[0.03,""317.67""],[0.04,""57""],[0.05,""90.01""],[0.06,""56.34""],[0.07,""54.29""],[0.08,""32.51""],[0.09,""51.12""],[0.1,""35.01""],[0.11,""49.1""],[0.12,""128.34""],[0.13,""47.7""],[0.14,""27.15""],[0.15,""46.67""],[0.16,""36.25""],[0.17,""45.89""],[0.18,""25.56""],[0.19,""45.27""],[0.2,""50.01""],[0.21,""50""],[0.22,""25""],[0.23,""45""],[0.24,""25""],[0.25,""53.54""],[0.26,""25""],[0.27,""45""],[0.28,""25""],[0.29,""45""],[0.3,""30""],[0.31,""50""],[0.32,""25""],[0.33,""45""],[0.34,""25""],[0.35,""45""],[0.36,""30""],[0.37,""45""],[0.38,""25""],[0.39,""45""],[0.4,""25""],[0.41,""45""],[0.42,""25""],[0.43,""45""],[0.44,""25""],[0.45,""45""],[0.46,""25""],[0.47,""145""],[0.48,""25""],[0.49,""145""],[0.5,""25""],[0.51,""52""],[0.52,""245""],[0.53,""65""],[0.54,""299.42""],[0.55,""65""],[0.56,""133""],[0.57,""464""],[0.58,""45""],[0.59,""165""],[0.6,""45""],[0.61,""70""],[0.62,""90""],[0.63,""95""],[0.64,""165""],[0.65,""202.85""],[0.66,""135""],[0.67,""156.26""],[0.68,""60.3""],[0.69,""102.8""],[0.7,""86.46""]]"
2026-05-17T02:57:21.164Z,btc-updown-15m-1778985900,"Bitcoin Up or Down - May 16, 10:45PM-11:00PM ET",btc-updown-15m-1778985900,2026-05-17T03:00:00Z,,0.28,0.29,0.71,0.72,0.28500000000000003,0.37,9550.865680000006,,61.93,83.45,"[[0.01,""6824.82""],[0.02,""1790""],[0.03,""304.67""],[0.04,""162""],[0.05,""376.85""],[0.06,""41.67""],[0.07,""59.29""],[0.08,""62.5""],[0.09,""725.7""],[0.1,""55""],[0.11,""45.05""],[0.12,""28.34""],[0.13,""67.7""],[0.14,""54.3""],[0.15,""66.67""],[0.16,""46.25""],[0.17,""65.89""],[0.18,""70.56""],[0.19,""136.27""],[0.2,""50""],[0.21,""185""],[0.22,""212.72""],[0.23,""89.15""],[0.24,""32.68""],[0.25,""96.43""],[0.26,""36.53""],[0.27,""69.33""],[0.28,""61.93""]]","[[0.01,""6948.65""],[0.02,""1775.67""],[0.03,""317.67""],[0.04,""57""],[0.05,""90.01""],[0.06,""56.34""],[0.07,""54.29""],[0.08,""32.51""],[0.09,""51.12""],[0.1,""35.01""],[0.11,""49.1""],[0.12,""128.34""],[0.13,""47.7""],[0.14,""27.15""],[0.15,""46.67""],[0.16,""36.25""],[0.17,""45.89""],[0.18,""25.56""],[0.19,""45.27""],[0.2,""50.01""],[0.21,""50""],[0.22,""25""],[0.23,""45""],[0.24,""25""],[0.25,""53.54""],[0.26,""25""],[0.27,""45""],[0.28,""25""],[0.29,""45""],[0.3,""30""],[0.31,""50""],[0.32,""25""],[0.33,""45""],[0.34,""25""],[0.35,""45""],[0.36,""30""],[0.37,""45""],[0.38,""25""],[0.39,""45""],[0.4,""25""],[0.41,""45""],[0.42,""25""],[0.43,""45""],[0.44,""25""],[0.45,""45""],[0.46,""25""],[0.47,""145""],[0.48,""25""],[0.49,""145""],[0.5,""25""],[0.51,""45""],[0.52,""245""],[0.53,""70""],[0.54,""199.42""],[0.55,""165""],[0.56,""133""],[0.57,""464""],[0.58,""45""],[0.59,""165""],[0.6,""50""],[0.61,""70""],[0.62,""90""],[0.63,""95""],[0.64,""165""],[0.65,""202.85""],[0.66,""105""],[0.67,""142.8""],[0.68,""75.3""],[0.69,""97.8""],[0.7,""55.86""],[0.71,""83.45""]]"
2026-05-17T02:57:23.144Z,btc-updown-15m-1778985900,"Bitcoin Up or Down - May 16, 10:45PM-11:00PM ET",btc-updown-15m-1778985900,2026-05-17T03:00:00Z,,0.28,0.29,0.71,0.72,0.28500000000000003,0.37,9550.865680000006,,63.42,72.52,"[[0.01,""6829.82""],[0.02,""1790""],[0.03,""304.67""],[0.04,""162""],[0.05,""376.85""],[0.06,""41.67""],[0.07,""59.29""],[0.08,""42.5""],[0.09,""505.7""],[0.1,""60""],[0.11,""65.05""],[0.12,""48.34""],[0.13,""67.7""],[0.14,""54.3""],[0.15,""66.67""],[0.16,""46.25""],[0.17,""90.89""],[0.18,""70.56""],[0.19,""111.27""],[0.2,""50""],[0.21,""225""],[0.22,""172.72""],[0.23,""89.15""],[0.24,""32.68""],[0.25,""96.43""],[0.26,""36.53""],[0.27,""71.21""],[0.28,""63.42""]]","[[0.01,""6953.65""],[0.02,""1775.67""],[0.03,""317.67""],[0.04,""57""],[0.05,""158.21""],[0.06,""56.34""],[0.07,""54.29""],[0.08,""32.51""],[0.09,""51.12""],[0.1,""35.01""],[0.11,""49.1""],[0.12,""128.34""],[0.13,""47.7""],[0.14,""27.15""],[0.15,""46.67""],[0.16,""36.25""],[0.17,""45.89""],[0.18,""25.56""],[0.19,""45.27""],[0.2,""50.01""],[0.21,""50""],[0.22,""25""],[0.23,""45""],[0.24,""25""],[0.25,""53.54""],[0.26,""25""],[0.27,""45""],[0.28,""25""],[0.29,""45""],[0.3,""30""],[0.31,""50""],[0.32,""25""],[0.33,""45""],[0.34,""25""],[0.35,""45""],[0.36,""30""],[0.37,""45""],[0.38,""25""],[0.39,""45""],[0.4,""25""],[0.41,""45""],[0.42,""25""],[0.43,""45""],[0.44,""25""],[0.45,""45""],[0.46,""25""],[0.47,""145""],[0.48,""25""],[0.49,""145""],[0.5,""25""],[0.51,""45""],[0.52,""32""],[0.53,""50""],[0.54,""179.42""],[0.55,""145""],[0.56,""105""],[0.57,""472""],[0.58,""45""],[0.59,""165""],[0.6,""45""],[0.61,""70""],[0.62,""90""],[0.63,""95""],[0.64,""65""],[0.65,""202.85""],[0.66,""190""],[0.67,""162.8""],[0.68,""133.76""],[0.69,""117.8""],[0.7,""67.8""],[0.71,""72.52""]]"
2026-05-17T02:57:25.098Z,btc-updown-15m-1778985900,"Bitcoin Up or Down - May 16, 10:45PM-11:00PM ET",btc-updown-15m-1778985900,2026-05-17T03:00:00Z,,0.28,0.29,0.71,0.72,0.28500000000000003,0.37,9550.865680000006,,67.42,57.02,"[[0.01,""6829.82""],[0.02,""1790""],[0.03,""404.67""],[0.04,""62""],[0.05,""376.85""],[0.06,""41.67""],[0.07,""59.29""],[0.08,""242.5""],[0.09,""505.7""],[0.1,""60""],[0.11,""65.05""],[0.12,""48.34""],[0.13,""67.7""],[0.14,""54.3""],[0.15,""66.67""],[0.16,""46.25""],[0.17,""90.89""],[0.18,""70.56""],[0.19,""111.27""],[0.2,""150""],[0.21,""225""],[0.22,""72.72""],[0.23,""89.15""],[0.24,""44.68""],[0.25,""85.43""],[0.26,""36.53""],[0.27,""71.21""],[0.28,""67.42""]]","[[0.01,""6953.65""],[0.02,""1775.67""],[0.03,""317.67""],[0.04,""57""],[0.05,""90.01""],[0.06,""56.34""],[0.07,""54.29""],[0.08,""32.51""],[0.09,""51.12""],[0.1,""35.01""],[0.11,""49.1""],[0.12,""128.34""],[0.13,""47.7""],[0.14,""27.15""],[0.15,""46.67""],[0.16,""36.25""],[0.17,""45.89""],[0.18,""25.56""],[0.19,""45.27""],[0.2,""50.01""],[0.21,""50""],[0.22,""25""],[0.23,""45""],[0.24,""25""],[0.25,""53.54""],[0.26,""25""],[0.27,""45""],[0.28,""25""],[0.29,""45""],[0.3,""30""],[0.31,""50""],[0.32,""25""],[0.33,""45""],[0.34,""25""],[0.35,""45""],[0.36,""30""],[0.37,""45""],[0.38,""25""],[0.39,""45""],[0.4,""25""],[0.41,""45""],[0.42,""25""],[0.43,""45""],[0.44,""25""],[0.45,""45""],[0.46,""25""],[0.47,""145""],[0.48,""25""],[0.49,""145""],[0.5,""25""],[0.51,""45""],[0.52,""232""],[0.53,""50""],[0.54,""179.42""],[0.55,""145""],[0.56,""105""],[0.57,""472""],[0.58,""45""],[0.59,""165""],[0.6,""45""],[0.61,""70""],[0.62,""90""],[0.63,""95""],[0.64,""65""],[0.65,""202.85""],[0.66,""190""],[0.67,""162.8""],[0.68,""133.76""],[0.69,""117.8""],[0.7,""67.8""],[0.71,""57.02""]]"
2026-05-17T02:57:28.802Z,btc-updown-15m-1778985900,"Bitcoin Up or Down - May 16, 10:45PM-11:00PM ET",btc-updown-15m-1778985900,2026-05-17T03:00:00Z,,0.27,0.28,0.73,0.74,0.275,0.37,9550.865680000006,,30.0,114.67,"[[0.01,""6824.82""],[0.02,""1790""],[0.03,""304.67""],[0.04,""62""],[0.05,""376.85""],[0.06,""41.67""],[0.07,""59.29""],[0.08,""242.5""],[0.09,""425.7""],[0.1,""60""],[0.11,""65.05""],[0.12,""48.34""],[0.13,""67.7""],[0.14,""81.62""],[0.15,""66.67""],[0.16,""46.25""],[0.17,""70.89""],[0.18,""56.56""],[0.19,""66.27""],[0.2,""125""],[0.21,""145""],[0.22,""27.72""],[0.23,""54.15""],[0.24,""19.68""],[0.25,""38""],[0.26,""11.53""],[0.27,""30""]]","[[0.01,""6953.65""],[0.02,""1775.67""],[0.03,""317.67""],[0.04,""57""],[0.05,""90.01""],[0.06,""56.34""],[0.07,""54.29""],[0.08,""32.51""],[0.09,""51.12""],[0.1,""35.01""],[0.11,""49.1""],[0.12,""128.34""],[0.13,""47.7""],[0.14,""27.15""],[0.15,""46.67""],[0.16,""36.25""],[0.17,""45.89""],[0.18,""25.56""],[0.19,""45.27""],[0.2,""50.01""],[0.21,""45""],[0.22,""30""],[0.23,""45""],[0.24,""25""],[0.25,""53.54""],[0.26,""25""],[0.27,""45""],[0.28,""25""],[0.29,""45""],[0.3,""30""],[0.31,""50""],[0.32,""25""],[0.33,""45""],[0.34,""25""],[0.35,""45""],[0.36,""30""],[0.37,""45""],[0.38,""25""],[0.39,""45""],[0.4,""25""],[0.41,""45""],[0.42,""25""],[0.43,""45""],[0.44,""25""],[0.45,""45""],[0.46,""25""],[0.47,""45""],[0.48,""25""],[0.49,""45""],[0.5,""25""],[0.51,""45""],[0.52,""232""],[0.53,""45""],[0.54,""84.42""],[0.55,""45""],[0.56,""145""],[0.57,""464""],[0.58,""53""],[0.59,""65""],[0.6,""85""],[0.61,""205""],[0.62,""60""],[0.63,""95""],[0.64,""90""],[0.65,""62.85""],[0.66,""205""],[0.67,""170""],[0.68,""175.3""],[0.69,""127.8""],[0.7,""97.56""],[0.71,""116.16""],[0.72,""57.8""],[0.73,""114.67""]]"
2026-05-17T02:57:30.331Z,btc-updown-15m-1778985900,"Bitcoin Up or Down - May 16, 10:45PM-11:00PM ET",btc-updown-15m-1778985900,2026-05-17T03:00:00Z,,0.24,0.25,0.75,0.76,0.245,0.37,9550.865680000006,,12.8,98.42,"[[0.01,""6819.82""],[0.02,""1790""],[0.03,""324.67""],[0.04,""167""],[0.05,""396.85""],[0.06,""61.67""],[0.07,""84.29""],[0.08,""342.5""],[0.09,""420.7""],[0.1,""55""],[0.11,""65.05""],[0.12,""88.34""],[0.13,""67.7""],[0.14,""81.62""],[0.15,""88.67""],[0.16,""78.25""],[0.17,""97.04""],[0.18,""41.93""],[0.19,""106.27""],[0.2,""134.33""],[0.21,""58""],[0.22,""47.72""],[0.23,""69""],[0.24,""12.8""]]","[[0.01,""6953.65""],[0.02,""1775.67""],[0.03,""317.67""],[0.04,""57""],[0.05,""90.01""],[0.06,""56.34""],[0.07,""54.29""],[0.08,""32.51""],[0.09,""51.12""],[0.1,""35.01""],[0.11,""49.1""],[0.12,""128.34""],[0.13,""47.7""],[0.14,""27.15""],[0.15,""46.67""],[0.16,""31.25""],[0.17,""45.89""],[0.18,""25.56""],[0.19,""45.27""],[0.2,""50.01""],[0.21,""45""],[0.22,""25""],[0.23,""45""],[0.24,""25""],[0.25,""58.54""],[0.26,""25""],[0.27,""45""],[0.28,""25""],[0.29,""45""],[0.3,""30""],[0.31,""50""],[0.32,""25""],[0.33,""45""],[0.34,""25""],[0.35,""45""],[0.36,""30""],[0.37,""45""],[0.38,""25""],[0.39,""45""],[0.4,""25""],[0.41,""45""],[0.42,""25""],[0.43,""45""],[0.44,""25""],[0.45,""45""],[0.46,""25""],[0.47,""45""],[0.48,""25""],[0.49,""145""],[0.5,""25""],[0.51,""145""],[0.52,""232""],[0.53,""45""],[0.54,""79.42""],[0.55,""50""],[0.56,""145""],[0.57,""464""],[0.58,""45""],[0.59,""65""],[0.6,""145""],[0.61,""245""],[0.62,""45""],[0.63,""95""],[0.64,""75""],[0.65,""62.85""],[0.66,""190""],[0.67,""170""],[0.68,""170""],[0.69,""115""],[0.7,""90.8""],[0.71,""97.8""],[0.72,""62.8""],[0.73,""65.79""],[0.74,""25""],[0.75,""98.42""]]"
2026-05-17T02:57:32.303Z,btc-updown-15m-1778985900,"Bitcoin Up or Down - May 16, 10:45PM-11:00PM ET",btc-updown-15m-1778985900,2026-05-17T03:00:00Z,,0.22,0.23,0.77,0.78,0.225,0.37,9550.865680000006,,70.52,371.94,"[[0.01,""6579.82""],[0.02,""1790""],[0.03,""324.67""],[0.04,""187""],[0.05,""401.85""],[0.06,""61.67""],[0.07,""84.29""],[0.08,""397.5""],[0.09,""420.7""],[0.1,""60""],[0.11,""65.05""],[0.12,""56.68""],[0.13,""90.7""],[0.14,""89.62""],[0.15,""88.67""],[0.16,""83.4""],[0.17,""91.89""],[0.18,""31.56""],[0.19,""201.09""],[0.2,""140""],[0.21,""45""],[0.22,""70.52""]]","[[0.01,""6718.65""],[0.02,""1775.67""],[0.03,""317.67""],[0.04,""57""],[0.05,""90.01""],[0.06,""56.34""],[0.07,""54.29""],[0.08,""32.51""],[0.09,""51.12""],[0.1,""35.01""],[0.11,""49.1""],[0.12,""128.34""],[0.13,""47.7""],[0.14,""27.15""],[0.15,""46.67""],[0.16,""31.25""],[0.17,""45.89""],[0.18,""25.56""],[0.19,""45.27""],[0.2,""50.01""],[0.21,""45""],[0.22,""25""],[0.23,""45""],[0.24,""25""],[0.25,""58.54""],[0.26,""25""],[0.27,""45""],[0.28,""25""],[0.29,""45""],[0.3,""30""],[0.31,""50""],[0.32,""25""],[0.33,""45""],[0.34,""25""],[0.35,""45""],[0.36,""30""],[0.37,""45""],[0.38,""25""],[0.39,""45""],[0.4,""25""],[0.41,""45""],[0.42,""25""],[0.43,""45""],[0.44,""25""],[0.45,""45""],[0.46,""25""],[0.47,""45""],[0.48,""25""],[0.49,""145""],[0.5,""25""],[0.51,""45""],[0.52,""332""],[0.53,""45""],[0.54,""79.42""],[0.55,""50""],[0.56,""25""],[0.57,""544""],[0.58,""25""],[0.59,""45""],[0.6,""125""],[0.61,""45""],[0.62,""145""],[0.63,""90""],[0.64,""150""],[0.65,""57.85""],[0.66,""190""],[0.67,""170""],[0.68,""170""],[0.69,""120""],[0.7,""70""],[0.71,""88""],[0.72,""97.8""],[0.73,""88""],[0.74,""95.84""],[0.75,""62""],[0.76,""57.28""],[0.77,""371.94""]]"
2026-05-17T02:57:34.320Z,btc-updown-15m-1778985900,"Bitcoin Up or Down - May 16, 10:45PM-11:00PM ET",btc-updown-15m-1778985900,2026-05-17T03:00:00Z,,0.22,0.23,0.77,0.78,0.225,0.37,9550.865680000006,,82.8,79.64,"[[0.01,""6584.82""],[0.02,""1810""],[0.03,""324.67""],[0.04,""187""],[0.05,""396.85""],[0.06,""61.67""],[0.07,""84.29""],[0.08,""357.5""],[0.09,""460.7""],[0.1,""60""],[0.11,""65.05""],[0.12,""65.68""],[0.13,""90.7""],[0.14,""89.62""],[0.15,""113.67""],[0.16,""83.4""],[0.17,""66.89""],[0.18,""31.56""],[0.19,""201.09""],[0.2,""140""],[0.21,""58""],[0.22,""82.8""]]","[[0.01,""6713.65""],[0.02,""1775.67""],[0.03,""317.67""],[0.04,""57""],[0.05,""158.21""],[0.06,""56.34""],[0.07,""54.29""],[0.08,""32.51""],[0.09,""51.12""],[0.1,""35.01""],[0.11,""49.1""],[0.12,""128.34""],[0.13,""47.7""],[0.14,""27.15""],[0.15,""46.67""],[0.16,""31.25""],[0.17,""45.89""],[0.18,""25.56""],[0.19,""45.27""],[0.2,""50.01""],[0.21,""45""],[0.22,""25""],[0.23,""45""],[0.24,""25""],[0.25,""53.54""],[0.26,""25""],[0.27,""50""],[0.28,""25""],[0.29,""45""],[0.3,""35""],[0.31,""45""],[0.32,""25""],[0.33,""45""],[0.34,""25""],[0.35,""45""],[0.36,""30""],[0.37,""45""],[0.38,""25""],[0.39,""45""],[0.4,""25""],[0.41,""45""],[0.42,""25""],[0.43,""45""],[0.44,""25""],[0.45,""45""],[0.46,""25""],[0.47,""45""],[0.48,""25""],[0.49,""145""],[0.5,""25""],[0.51,""45""],[0.52,""332""],[0.53,""45""],[0.54,""79.42""],[0.55,""50""],[0.56,""25""],[0.57,""544""],[0.58,""25""],[0.59,""45""],[0.6,""125""],[0.61,""45""],[0.62,""205""],[0.63,""65""],[0.64,""50""],[0.65,""62.85""],[0.66,""65""],[0.67,""150""],[0.68,""270""],[0.69,""120""],[0.7,""70""],[0.71,""88""],[0.72,""82.8""],[0.73,""140.5""],[0.74,""115.5""],[0.75,""70""],[0.76,""100""],[0.77,""79.64""]]"
2026-05-17T02:57:36.277Z,btc-updown-15m-1778985900,"Bitcoin Up or Down - May 16, 10:45PM-11:00PM ET",btc-updown-15m-1778985900,2026-05-17T03:00:00Z,,0.22,0.23,0.77,0.78,0.225,0.37,9550.865680000006,,77.8,69.64,"[[0.01,""6579.82""],[0.02,""1810""],[0.03,""324.67""],[0.04,""187""],[0.05,""101.85""],[0.06,""61.67""],[0.07,""84.29""],[0.08,""357.5""],[0.09,""460.7""],[0.1,""55""],[0.11,""65.05""],[0.12,""65.68""],[0.13,""90.7""],[0.14,""89.62""],[0.15,""93.67""],[0.16,""63.4""],[0.17,""77.87""],[0.18,""131.56""],[0.19,""216.09""],[0.2,""40""],[0.21,""38""],[0.22,""77.8""]]","[[0.01,""6718.65""],[0.02,""1775.67""],[0.03,""317.67""],[0.04,""57""],[0.05,""90.01""],[0.06,""56.34""],[0.07,""54.29""],[0.08,""32.51""],[0.09,""51.12""],[0.1,""35.01""],[0.11,""49.1""],[0.12,""128.34""],[0.13,""47.7""],[0.14,""27.15""],[0.15,""46.67""],[0.16,""31.25""],[0.17,""45.89""],[0.18,""25.56""],[0.19,""45.27""],[0.2,""50.01""],[0.21,""45""],[0.22,""25""],[0.23,""45""],[0.24,""25""],[0.25,""53.54""],[0.26,""25""],[0.27,""50""],[0.28,""25""],[0.29,""45""],[0.3,""35""],[0.31,""45""],[0.32,""25""],[0.33,""45""],[0.34,""25""],[0.35,""45""],[0.36,""30""],[0.37,""45""],[0.38,""25""],[0.39,""45""],[0.4,""25""],[0.41,""45""],[0.42,""25""],[0.43,""45""],[0.44,""25""],[0.45,""45""],[0.46,""25""],[0.47,""45""],[0.48,""25""],[0.49,""45""],[0.5,""125""],[0.51,""45""],[0.52,""325""],[0.53,""45""],[0.54,""79.42""],[0.55,""50""],[0.56,""25""],[0.57,""245""],[0.58,""25""],[0.59,""45""],[0.6,""125""],[0.61,""45""],[0.62,""205""],[0.63,""45""],[0.64,""50""],[0.65,""82.85""],[0.66,""85""],[0.67,""170""],[0.68,""215""],[0.69,""160""],[0.7,""70""],[0.71,""80""],[0.72,""82.8""],[0.73,""88""],[0.74,""130.5""],[0.75,""107.5""],[0.76,""75""],[0.77,""69.64""]]"
2026-05-17T02:57:38.304Z,btc-updown-15m-1778985900,"Bitcoin Up or Down - May 16, 10:45PM-11:00PM ET",btc-updown-15m-1778985900,2026-05-17T03:00:00Z,,0.22,0.23,0.77,0.78,0.225,0.37,9550.865680000006,,65.0,116.3,"[[0.01,""6579.82""],[0.02,""1810""],[0.03,""424.67""],[0.04,""87""],[0.05,""101.85""],[0.06,""61.67""],[0.07,""84.29""],[0.08,""357.5""],[0.09,""425.7""],[0.1,""55""],[0.11,""65.05""],[0.12,""57.34""],[0.13,""90.7""],[0.14,""114.62""],[0.15,""98.82""],[0.16,""33.25""],[0.17,""66.89""],[0.18,""131.56""],[0.19,""206.09""],[0.2,""35""],[0.21,""38""],[0.22,""65""]]","[[0.01,""6718.65""],[0.02,""1775.67""],[0.03,""317.67""],[0.04,""57""],[0.05,""90.01""],[0.06,""56.34""],[0.07,""54.29""],[0.08,""32.51""],[0.09,""51.12""],[0.1,""35.01""],[0.11,""49.1""],[0.12,""128.34""],[0.13,""47.7""],[0.14,""27.15""],[0.15,""46.67""],[0.16,""31.25""],[0.17,""45.89""],[0.18,""25.56""],[0.19,""45.27""],[0.2,""50.01""],[0.21,""45""],[0.22,""25""],[0.23,""45""],[0.24,""25""],[0.25,""53.54""],[0.26,""25""],[0.27,""50""],[0.28,""25""],[0.29,""45""],[0.3,""35""],[0.31,""45""],[0.32,""25""],[0.33,""45""],[0.34,""25""],[0.35,""45""],[0.36,""30""],[0.37,""45""],[0.38,""25""],[0.39,""45""],[0.4,""25""],[0.41,""45""],[0.42,""25""],[0.43,""45""],[0.44,""25""],[0.45,""45""],[0.46,""25""],[0.47,""45""],[0.48,""25""],[0.49,""45""],[0.5,""125""],[0.51,""52""],[0.52,""325""],[0.53,""45""],[0.54,""79.42""],[0.55,""45""],[0.56,""25""],[0.57,""145""],[0.58,""125""],[0.59,""45""],[0.6,""125""],[0.61,""45""],[0.62,""205""],[0.63,""45""],[0.64,""50""],[0.65,""82.85""],[0.66,""85""],[0.67,""70""],[0.68,""215""],[0.69,""260""],[0.7,""70""],[0.71,""80""],[0.72,""90.8""],[0.73,""93""],[0.74,""78""],[0.75,""122.5""],[0.76,""87.5""],[0.77,""116.3""]]"
2026-05-17T02:57:40.286Z,btc-updown-15m-1778985900,"Bitcoin Up or Down - May 16, 10:45PM-11:00PM ET",btc-updown-15m-1778985900,2026-05-17T03:00:00Z,,0.21,0.22,0.78,0.79,0.215,0.37,9550.865680000006,,67.08,42.18,"[[0.01,""6599.82""],[0.02,""1810""],[0.03,""424.67""],[0.04,""82""],[0.05,""96.85""],[0.06,""56.67""],[0.07,""74.29""],[0.08,""352.5""],[0.09,""420.7""],[0.1,""50""],[0.11,""65.05""],[0.12,""105.68""],[0.13,""95.7""],[0.14,""94.62""],[0.15,""93.67""],[0.16,""38.4""],[0.17,""166.89""],[0.18,""141.93""],[0.19,""96.27""],[0.2,""40""],[0.21,""67.08""]]","[[0.01,""6718.65""],[0.02,""1775.67""],[0.03,""317.67""],[0.04,""57""],[0.05,""90.01""],[0.06,""56.34""],[0.07,""54.29""],[0.08,""32.51""],[0.09,""51.12""],[0.1,""35.01""],[0.11,""49.1""],[0.12,""128.34""],[0.13,""47.7""],[0.14,""27.15""],[0.15,""46.67""],[0.16,""31.25""],[0.17,""45.89""],[0.18,""25.56""],[0.19,""45.27""],[0.2,""50.01""],[0.21,""45""],[0.22,""25""],[0.23,""45""],[0.24,""25""],[0.25,""53.54""],[0.26,""25""],[0.27,""45""],[0.28,""30""],[0.29,""45""],[0.3,""35""],[0.31,""45""],[0.32,""25""],[0.33,""45""],[0.34,""25""],[0.35,""45""],[0.36,""30""],[0.37,""45""],[0.38,""25""],[0.39,""45""],[0.4,""25""],[0.41,""45""],[0.42,""25""],[0.43,""45""],[0.44,""25""],[0.45,""45""],[0.46,""25""],[0.47,""45""],[0.48,""25""],[0.49,""45""],[0.5,""125""],[0.51,""52""],[0.52,""325""],[0.53,""45""],[0.54,""79.42""],[0.55,""45""],[0.56,""25""],[0.57,""145""],[0.58,""125""],[0.59,""125""],[0.6,""125""],[0.61,""45""],[0.62,""125""],[0.63,""45""],[0.64,""50""],[0.65,""62.85""],[0.66,""25""],[0.67,""110""],[0.68,""175""],[0.69,""300""],[0.7,""70""],[0.71,""80""],[0.72,""78""],[0.73,""93""],[0.74,""128""],[0.75,""107.5""],[0.76,""140""],[0.77,""25""],[0.78,""42.18""]]"
2026-05-17T02:57:42.260Z,btc-updown-15m-1778985900,"Bitcoin Up or Down - May 16, 10:45PM-11:00PM ET",btc-updown-15m-1778985900,2026-05-17T03:00:00Z,,0.2,0.21,0.79,0.8,0.20500000000000002,0.37,9550.865680000006,,6.57,407.67,"[[0.01,""6599.82""],[0.02,""1810""],[0.03,""464.67""],[0.04,""382""],[0.05,""96.85""],[0.06,""56.67""],[0.07,""174.29""],[0.08,""252.5""],[0.09,""420.7""],[0.1,""40""],[0.11,""55.05""],[0.12,""66.83""],[0.13,""85.7""],[0.14,""94.62""],[0.15,""153.67""],[0.16,""131.67""],[0.17,""159""],[0.18,""22""],[0.19,""76""],[0.2,""6.57""]]","[[0.01,""6718.65""],[0.02,""1775.67""],[0.03,""317.67""],[0.04,""57""],[0.05,""90.01""],[0.06,""56.34""],[0.07,""54.29""],[0.08,""32.51""],[0.09,""51.12""],[0.1,""35.01""],[0.11,""49.1""],[0.12,""128.34""],[0.13,""47.7""],[0.14,""27.15""],[0.15,""46.67""],[0.16,""31.25""],[0.17,""45.89""],[0.18,""25.56""],[0.19,""45.27""],[0.2,""50.01""],[0.21,""45""],[0.22,""25""],[0.23,""45""],[0.24,""25""],[0.25,""53.54""],[0.26,""25""],[0.27,""45""],[0.28,""30""],[0.29,""45""],[0.3,""35""],[0.31,""45""],[0.32,""25""],[0.33,""45""],[0.34,""25""],[0.35,""45""],[0.36,""30""],[0.37,""45""],[0.38,""25""],[0.39,""45""],[0.4,""25""],[0.41,""45""],[0.42,""25""],[0.43,""45""],[0.44,""25""],[0.45,""45""],[0.46,""25""],[0.47,""45""],[0.48,""25""],[0.49,""45""],[0.5,""125""],[0.51,""52""],[0.52,""325""],[0.53,""45""],[0.54,""79.42""],[0.55,""45""],[0.56,""30""],[0.57,""444""],[0.58,""125""],[0.59,""45""],[0.6,""25""],[0.61,""145""],[0.62,""25""],[0.63,""145""],[0.64,""25""],[0.65,""37.85""],[0.66,""130""],[0.67,""90""],[0.68,""110""],[0.69,""235""],[0.7,""310""],[0.71,""215""],[0.72,""180""],[0.73,""93""],[0.74,""86""],[0.75,""70""],[0.76,""155""],[0.77,""105.3""],[0.78,""88.41""],[0.79,""407.67""]]"
2026-05-17T02:57:45.493Z,btc-updown-15m-1778985900,"Bitcoin Up or Down - May 16, 10:45PM-11:00PM ET",btc-updown-15m-1778985900,2026-05-17T03:00:00Z,,0.2,0.21,0.79,0.8,0.20500000000000002,0.37,9550.865680000006,,5.69,135.44,"[[0.01,""6599.82""],[0.02,""1810""],[0.03,""424.67""],[0.04,""387""],[0.05,""101.85""],[0.06,""66.67""],[0.07,""179.29""],[0.08,""257.5""],[0.09,""432.7""],[0.1,""30""],[0.11,""69.3""],[0.12,""87.34""],[0.13,""77.7""],[0.14,""69.62""],[0.15,""166.11""],[0.16,""133.25""],[0.17,""156.98""],[0.18,""42""],[0.19,""50""],[0.2,""5.69""]]","[[0.01,""6718.65""],[0.02,""1775.67""],[0.03,""317.67""],[0.04,""57""],[0.05,""158.21""],[0.06,""56.34""],[0.07,""54.29""],[0.08,""32.51""],[0.09,""51.12""],[0.1,""35.01""],[0.11,""49.1""],[0.12,""128.34""],[0.13,""47.7""],[0.14,""27.15""],[0.15,""46.67""],[0.16,""31.25""],[0.17,""45.89""],[0.18,""25.56""],[0.19,""45.27""],[0.2,""50.01""],[0.21,""45""],[0.22,""25""],[0.23,""45""],[0.24,""25""],[0.25,""53.54""],[0.26,""25""],[0.27,""45""],[0.28,""30""],[0.29,""45""],[0.3,""35""],[0.31,""45""],[0.32,""25""],[0.33,""45""],[0.34,""25""],[0.35,""45""],[0.36,""30""],[0.37,""45""],[0.38,""25""],[0.39,""45""],[0.4,""25""],[0.41,""45""],[0.42,""25""],[0.43,""45""],[0.44,""25""],[0.45,""45""],[0.46,""25""],[0.47,""45""],[0.48,""25""],[0.49,""45""],[0.5,""125""],[0.51,""52""],[0.52,""225""],[0.53,""145""],[0.54,""79.42""],[0.55,""45""],[0.56,""30""],[0.57,""344""],[0.58,""225""],[0.59,""45""],[0.6,""25""],[0.61,""145""],[0.62,""25""],[0.63,""145""],[0.64,""45""],[0.65,""57.85""],[0.66,""50""],[0.67,""145""],[0.68,""70""],[0.69,""200""],[0.7,""255""],[0.71,""355""],[0.72,""175""],[0.73,""93""],[0.74,""91""],[0.75,""70""],[0.76,""65""],[0.77,""90""],[0.78,""88.41""],[0.79,""135.44""]]"
2026-05-17T02:57:47.374Z,btc-updown-15m-1778985900,"Bitcoin Up or Down - May 16, 10:45PM-11:00PM ET",btc-updown-15m-1778985900,2026-05-17T03:00:00Z,,0.2,0.21,0.79,0.8,0.20500000000000002,0.37,9550.865680000006,,10.69,126.79,"[[0.01,""6599.82""],[0.02,""1810""],[0.03,""324.67""],[0.04,""427""],[0.05,""101.85""],[0.06,""66.67""],[0.07,""79.29""],[0.08,""257.5""],[0.09,""432.7""],[0.1,""30""],[0.11,""74.3""],[0.12,""87.34""],[0.13,""92.7""],[0.14,""69.62""],[0.15,""168.67""],[0.16,""133.25""],[0.17,""168.89""],[0.18,""41.87""],[0.19,""50""],[0.2,""10.69""]]","[[0.01,""6713.65""],[0.02,""1775.67""],[0.03,""317.67""],[0.04,""57""],[0.05,""90.01""],[0.06,""56.34""],[0.07,""54.29""],[0.08,""32.51""],[0.09,""51.12""],[0.1,""35.01""],[0.11,""49.1""],[0.12,""128.34""],[0.13,""47.7""],[0.14,""27.15""],[0.15,""46.67""],[0.16,""31.25""],[0.17,""45.89""],[0.18,""25.56""],[0.19,""45.27""],[0.2,""50.01""],[0.21,""45""],[0.22,""25""],[0.23,""45""],[0.24,""25""],[0.25,""53.54""],[0.26,""25""],[0.27,""45""],[0.28,""30""],[0.29,""45""],[0.3,""35""],[0.31,""45""],[0.32,""25""],[0.33,""45""],[0.34,""25""],[0.35,""45""],[0.36,""30""],[0.37,""45""],[0.38,""25""],[0.39,""45""],[0.4,""25""],[0.41,""45""],[0.42,""25""],[0.43,""45""],[0.44,""25""],[0.45,""45""],[0.46,""25""],[0.47,""45""],[0.48,""25""],[0.49,""45""],[0.5,""125""],[0.51,""52""],[0.52,""225""],[0.53,""145""],[0.54,""79.42""],[0.55,""45""],[0.56,""30""],[0.57,""344""],[0.58,""225""],[0.59,""45""],[0.6,""25""],[0.61,""145""],[0.62,""25""],[0.63,""145""],[0.64,""45""],[0.65,""57.85""],[0.66,""50""],[0.67,""145""],[0.68,""70""],[0.69,""200""],[0.7,""255""],[0.71,""355""],[0.72,""175""],[0.73,""93""],[0.74,""83""],[0.75,""78""],[0.76,""65""],[0.77,""112.5""],[0.78,""140.91""],[0.79,""126.79""]]"
2026-05-17T02:57:49.482Z,btc-updown-15m-1778985900,"Bitcoin Up or Down - May 16, 10:45PM-11:00PM ET",btc-updown-15m-1778985900,2026-05-17T03:00:00Z,,0.2,0.21,0.79,0.8,0.20500000000000002,0.37,9550.865680000006,,15.69,103.44,"[[0.01,""6599.82""],[0.02,""1810""],[0.03,""324.67""],[0.04,""527""],[0.05,""101.85""],[0.06,""66.67""],[0.07,""79.29""],[0.08,""357.5""],[0.09,""420.7""],[0.1,""45.15""],[0.11,""94.15""],[0.12,""87.34""],[0.13,""75.7""],[0.14,""61.62""],[0.15,""284.67""],[0.16,""133.25""],[0.17,""51.89""],[0.18,""81.87""],[0.19,""36""],[0.2,""15.69""]]","[[0.01,""6718.65""],[0.02,""1775.67""],[0.03,""317.67""],[0.04,""57""],[0.05,""90.01""],[0.06,""56.34""],[0.07,""54.29""],[0.08,""32.51""],[0.09,""51.12""],[0.1,""35.01""],[0.11,""49.1""],[0.12,""128.34""],[0.13,""47.7""],[0.14,""27.15""],[0.15,""46.67""],[0.16,""31.25""],[0.17,""45.89""],[0.18,""25.56""],[0.19,""45.27""],[0.2,""50.01""],[0.21,""45""],[0.22,""25""],[0.23,""45""],[0.24,""25""],[0.25,""53.54""],[0.26,""25""],[0.27,""45""],[0.28,""30""],[0.29,""45""],[0.3,""35""],[0.31,""45""],[0.32,""25""],[0.33,""45""],[0.34,""25""],[0.35,""45""],[0.36,""30""],[0.37,""45""],[0.38,""25""],[0.39,""45""],[0.4,""25""],[0.41,""45""],[0.42,""25""],[0.43,""45""],[0.44,""25""],[0.45,""45""],[0.46,""25""],[0.47,""45""],[0.48,""25""],[0.49,""45""],[0.5,""125""],[0.51,""52""],[0.52,""225""],[0.53,""145""],[0.54,""79.42""],[0.55,""45""],[0.56,""30""],[0.57,""344""],[0.58,""125""],[0.59,""145""],[0.6,""25""],[0.61,""145""],[0.62,""25""],[0.63,""145""],[0.64,""45""],[0.65,""57.85""],[0.66,""50""],[0.67,""145""],[0.68,""70""],[0.69,""135""],[0.7,""135""],[0.71,""255""],[0.72,""170""],[0.73,""98""],[0.74,""91""],[0.75,""70""],[0.76,""65""],[0.77,""87.8""],[0.78,""212.99""],[0.79,""103.44""]]"
2026-05-17T02:57:51.424Z,btc-updown-15m-1778985900,"Bitcoin Up or Down - May 16, 10:45PM-11:00PM ET",btc-updown-15m-1778985900,2026-05-17T03:00:00Z,,0.2,0.21,0.79,0.8,0.20500000000000002,0.37,9550.865680000006,,0.69,152.08,"[[0.01,""6599.82""],[0.02,""1810""],[0.03,""329.67""],[0.04,""227""],[0.05,""101.85""],[0.06,""61.67""],[0.07,""279.29""],[0.08,""157.5""],[0.09,""81.27""],[0.1,""40""],[0.11,""94.15""],[0.12,""87.34""],[0.13,""75.7""],[0.14,""69.62""],[0.15,""262.67""],[0.16,""133.25""],[0.17,""51.89""],[0.18,""106.87""],[0.19,""36""],[0.2,""0.69""]]","[[0.01,""6718.65""],[0.02,""1775.67""],[0.03,""317.67""],[0.04,""57""],[0.05,""90.01""],[0.06,""56.34""],[0.07,""54.29""],[0.08,""32.51""],[0.09,""51.12""],[0.1,""35.01""],[0.11,""49.1""],[0.12,""128.34""],[0.13,""47.7""],[0.14,""27.15""],[0.15,""46.67""],[0.16,""31.25""],[0.17,""45.89""],[0.18,""25.56""],[0.19,""45.27""],[0.2,""50.01""],[0.21,""45""],[0.22,""25""],[0.23,""45""],[0.24,""25""],[0.25,""53.54""],[0.26,""25""],[0.27,""45""],[0.28,""30""],[0.29,""45""],[0.3,""35""],[0.31,""45""],[0.32,""25""],[0.33,""45""],[0.34,""25""],[0.35,""45""],[0.36,""30""],[0.37,""45""],[0.38,""25""],[0.39,""45""],[0.4,""25""],[0.41,""45""],[0.42,""25""],[0.43,""45""],[0.44,""25""],[0.45,""45""],[0.46,""25""],[0.47,""45""],[0.48,""25""],[0.49,""45""],[0.5,""125""],[0.51,""45""],[0.52,""32""],[0.53,""345""],[0.54,""25""],[0.55,""45""],[0.56,""30""],[0.57,""45""],[0.58,""125""],[0.59,""145""],[0.6,""25""],[0.61,""145""],[0.62,""25""],[0.63,""145""],[0.64,""45""],[0.65,""57.85""],[0.66,""25""],[0.67,""145""],[0.68,""45""],[0.69,""135""],[0.7,""145""],[0.71,""255""],[0.72,""170""],[0.73,""93""],[0.74,""91""],[0.75,""75""],[0.76,""65""],[0.77,""87.8""],[0.78,""212.99""],[0.79,""152.08""]]"
2026-05-17T02:57:53.450Z,btc-updown-15m-1778985900,"Bitcoin Up or Down - May 16, 10:45PM-11:00PM ET",btc-updown-15m-1778985900,2026-05-17T03:00:00Z,,0.2,0.21,0.79,0.8,0.20500000000000002,0.37,9550.865680000006,,32.8,90.08,"[[0.01,""6604.82""],[0.02,""1810""],[0.03,""329.67""],[0.04,""227""],[0.05,""106.85""],[0.06,""61.67""],[0.07,""279.29""],[0.08,""152.5""],[0.09,""81.27""],[0.1,""65""],[0.11,""94.15""],[0.12,""62.34""],[0.13,""75.7""],[0.14,""161.62""],[0.15,""262.67""],[0.16,""33.25""],[0.17,""51.89""],[0.18,""81.87""],[0.19,""54.11""],[0.2,""32.8""]]","[[0.01,""6713.65""],[0.02,""1775.67""],[0.03,""317.67""],[0.04,""57""],[0.05,""90.01""],[0.06,""56.34""],[0.07,""54.29""],[0.08,""32.51""],[0.09,""51.12""],[0.1,""35.01""],[0.11,""49.1""],[0.12,""128.34""],[0.13,""47.7""],[0.14,""27.15""],[0.15,""46.67""],[0.16,""31.25""],[0.17,""45.89""],[0.18,""25.56""],[0.19,""45.27""],[0.2,""50.01""],[0.21,""45""],[0.22,""25""],[0.23,""45""],[0.24,""25""],[0.25,""53.54""],[0.26,""25""],[0.27,""45""],[0.28,""30""],[0.29,""45""],[0.3,""35""],[0.31,""45""],[0.32,""25""],[0.33,""45""],[0.34,""25""],[0.35,""45""],[0.36,""30""],[0.37,""45""],[0.38,""25""],[0.39,""45""],[0.4,""25""],[0.41,""45""],[0.42,""25""],[0.43,""45""],[0.44,""25""],[0.45,""45""],[0.46,""25""],[0.47,""45""],[0.48,""25""],[0.49,""45""],[0.5,""125""],[0.51,""45""],[0.52,""32""],[0.53,""345""],[0.54,""25""],[0.55,""45""],[0.56,""79.42""],[0.57,""45""],[0.58,""125""],[0.59,""145""],[0.6,""25""],[0.61,""45""],[0.62,""125""],[0.63,""145""],[0.64,""45""],[0.65,""57.85""],[0.66,""25""],[0.67,""145""],[0.68,""45""],[0.69,""135""],[0.7,""115""],[0.71,""155""],[0.72,""170""],[0.73,""193""],[0.74,""91""],[0.75,""75""],[0.76,""65""],[0.77,""87.8""],[0.78,""197.99""],[0.79,""90.08""]]"
2026-05-17T02:57:58.543Z,btc-updown-15m-1778985900,"Bitcoin Up or Down - May 16, 10:45PM-11:00PM ET",btc-updown-15m-1778985900,2026-05-17T03:00:00Z,,0.2,0.21,0.79,0.8,0.20500000000000002,0.37,9550.865680000006,,99.84,15.0,"[[0.01,""6604.82""],[0.02,""1810""],[0.03,""429.67""],[0.04,""387""],[0.05,""106.85""],[0.06,""61.67""],[0.07,""379.29""],[0.08,""402.23""],[0.09,""101.12""],[0.1,""85""],[0.11,""80.05""],[0.12,""62.34""],[0.13,""175.7""],[0.14,""177.62""],[0.15,""168.67""],[0.16,""33.25""],[0.17,""91.89""],[0.18,""31.56""],[0.19,""88.61""],[0.2,""99.84""]]","[[0.01,""6713.65""],[0.02,""1775.67""],[0.03,""317.67""],[0.04,""57""],[0.05,""158.21""],[0.06,""56.34""],[0.07,""54.29""],[0.08,""32.51""],[0.09,""51.12""],[0.1,""35.01""],[0.11,""49.1""],[0.12,""128.34""],[0.13,""47.7""],[0.14,""27.15""],[0.15,""46.67""],[0.16,""31.25""],[0.17,""45.89""],[0.18,""25.56""],[0.19,""45.27""],[0.2,""50.01""],[0.21,""45""],[0.22,""25""],[0.23,""45""],[0.24,""25""],[0.25,""53.54""],[0.26,""25""],[0.27,""45""],[0.28,""25""],[0.29,""60""],[0.3,""35""],[0.31,""45""],[0.32,""25""],[0.33,""45""],[0.34,""25""],[0.35,""45""],[0.36,""30""],[0.37,""45""],[0.38,""25""],[0.39,""45""],[0.4,""25""],[0.41,""45""],[0.42,""25""],[0.43,""45""],[0.44,""25""],[0.45,""45""],[0.46,""5""],[0.47,""45""],[0.48,""25""],[0.49,""45""],[0.5,""105""],[0.51,""45""],[0.52,""32""],[0.53,""225""],[0.54,""5""],[0.55,""150""],[0.56,""179.42""],[0.57,""25""],[0.58,""5""],[0.59,""424""],[0.6,""5""],[0.61,""25""],[0.62,""25""],[0.63,""25""],[0.64,""5""],[0.65,""37.85""],[0.66,""25""],[0.67,""25""],[0.68,""224.99""],[0.69,""70""],[0.7,""35""],[0.71,""135""],[0.72,""25""],[0.73,""135""],[0.74,""138""],[0.75,""50""],[0.76,""51.2""],[0.77,""61.3""],[0.78,""20""],[0.79,""15""]]"
2026-05-17T02:58:00.533Z,btc-updown-15m-1778985900,"Bitcoin Up or Down - May 16, 10:45PM-11:00PM ET",btc-updown-15m-1778985900,2026-05-17T03:00:00Z,,0.54,0.56,0.44,0.46,0.55,0.37,9550.865680000006,,5.0,114.69,"[[0.01,""6604.82""],[0.02,""1467""],[0.03,""324.67""],[0.04,""82""],[0.05,""96.85""],[0.06,""56.67""],[0.07,""74.29""],[0.08,""52.5""],[0.09,""71.12""],[0.1,""50""],[0.11,""65.05""],[0.12,""28.34""],[0.13,""47.7""],[0.14,""61.62""],[0.15,""46.67""],[0.16,""26.25""],[0.17,""45.89""],[0.18,""25.56""],[0.19,""60.27""],[0.2,""155""],[0.21,""55""],[0.22,""40""],[0.23,""45""],[0.24,""19""],[0.25,""53.62""],[0.26,""38""],[0.27,""63""],[0.28,""17""],[0.29,""157""],[0.3,""37""],[0.31,""57""],[0.32,""36""],[0.33,""56""],[0.34,""16""],[0.35,""205""],[0.36,""30.15""],[0.37,""45""],[0.38,""88.5""],[0.39,""45""],[0.4,""31.58""],[0.41,""25""],[0.42,""25""],[0.43,""25""],[0.44,""25""],[0.45,""25""],[0.46,""30""],[0.47,""25""],[0.48,""10""],[0.49,""45""],[0.5,""10""],[0.51,""27.06""],[0.54,""5""]]","[[0.01,""6718.65""],[0.02,""1432.67""],[0.03,""317.67""],[0.04,""57""],[0.05,""90.01""],[0.06,""56.34""],[0.07,""54.29""],[0.08,""32.51""],[0.09,""51.12""],[0.1,""35.01""],[0.11,""49.1""],[0.12,""128.34""],[0.13,""47.7""],[0.14,""27.15""],[0.15,""46.67""],[0.16,""31.25""],[0.17,""45.89""],[0.18,""25.56""],[0.19,""45.27""],[0.2,""50.01""],[0.21,""45""],[0.22,""25""],[0.23,""45""],[0.24,""25""],[0.25,""53.54""],[0.26,""25""],[0.27,""70""],[0.28,""25""],[0.29,""45""],[0.3,""324""],[0.31,""50""],[0.32,""30""],[0.33,""50""],[0.34,""30""],[0.35,""30""],[0.36,""39""],[0.37,""170""],[0.38,""25""],[0.39,""30""],[0.4,""25""],[0.41,""20""],[0.42,""55""],[0.43,""155.62""],[0.44,""114.69""]]"
2026-05-17T02:58:02.490Z,btc-updown-15m-1778985900,"Bitcoin Up or Down - May 16, 10:45PM-11:00PM ET",btc-updown-15m-1778985900,2026-05-17T03:00:00Z,,0.51,0.54,0.46,0.49,0.525,0.37,9550.865680000006,,27.43,10.0,"[[0.01,""6604.82""],[0.02,""881""],[0.03,""324.67""],[0.04,""87""],[0.05,""96.85""],[0.06,""56.67""],[0.07,""74.29""],[0.08,""52.5""],[0.09,""71.12""],[0.1,""50""],[0.11,""65.05""],[0.12,""28.34""],[0.13,""47.7""],[0.14,""61.62""],[0.15,""46.67""],[0.16,""26.25""],[0.17,""45.89""],[0.18,""25.56""],[0.19,""45.27""],[0.2,""50""],[0.21,""45""],[0.22,""40""],[0.23,""45""],[0.24,""19""],[0.25,""53.62""],[0.26,""38""],[0.27,""63""],[0.28,""17""],[0.29,""57""],[0.3,""37""],[0.31,""57""],[0.32,""36""],[0.33,""56""],[0.34,""51""],[0.35,""54.28""],[0.36,""20""],[0.37,""40""],[0.38,""63.5""],[0.39,""20""],[0.4,""6.58""],[0.41,""20""],[0.42,""40""],[0.43,""20""],[0.44,""8""],[0.45,""25""],[0.46,""9""],[0.51,""27.43""]]","[[0.01,""6713.65""],[0.02,""1447.67""],[0.03,""317.67""],[0.04,""57""],[0.05,""90.01""],[0.06,""56.34""],[0.07,""54.29""],[0.08,""32.51""],[0.09,""51.12""],[0.1,""35.01""],[0.11,""49.1""],[0.12,""128.34""],[0.13,""47.7""],[0.14,""27.15""],[0.15,""46.67""],[0.16,""31.25""],[0.17,""45.89""],[0.18,""25.56""],[0.19,""45.27""],[0.2,""50.01""],[0.21,""45""],[0.22,""25""],[0.23,""45""],[0.24,""25""],[0.25,""53.54""],[0.26,""25""],[0.27,""45""],[0.28,""25""],[0.29,""45""],[0.3,""324""],[0.31,""50""],[0.32,""25""],[0.33,""45""],[0.34,""25""],[0.35,""25""],[0.36,""25""],[0.37,""5""],[0.38,""5""],[0.39,""33.5""],[0.4,""10""],[0.41,""39.88""],[0.42,""31.2""],[0.43,""236.2""],[0.44,""26.8""],[0.45,""16.07""],[0.46,""10""]]"
2026-05-17T02:58:05.437Z,btc-updown-15m-1778985900,"Bitcoin Up or Down - May 16, 10:45PM-11:00PM ET",btc-updown-15m-1778985900,2026-05-17T03:00:00Z,,0.43,0.46,0.54,0.57,0.445,0.37,9550.865680000006,,30.1,52.51,"[[0.01,""6604.82""],[0.02,""554""],[0.03,""324.67""],[0.04,""82""],[0.05,""91.85""],[0.06,""56.67""],[0.07,""74.29""],[0.08,""52.5""],[0.09,""71.12""],[0.1,""50""],[0.11,""65.05""],[0.12,""28.34""],[0.13,""47.7""],[0.14,""161.62""],[0.15,""46.67""],[0.16,""26.25""],[0.17,""45.89""],[0.18,""25.56""],[0.19,""45.27""],[0.2,""50""],[0.21,""85""],[0.22,""25""],[0.23,""50""],[0.24,""10""],[0.25,""50""],[0.26,""369.58""],[0.27,""45""],[0.28,""5""],[0.29,""45""],[0.3,""20""],[0.31,""40""],[0.32,""16.15""],[0.34,""20""],[0.42,""7.15""],[0.43,""30.1""]]","[[0.01,""6723.65""],[0.02,""509.67""],[0.03,""317.67""],[0.04,""57""],[0.05,""158.21""],[0.06,""61.34""],[0.07,""54.29""],[0.08,""32.51""],[0.09,""51.12""],[0.1,""35.01""],[0.11,""49.1""],[0.12,""128.34""],[0.13,""47.7""],[0.14,""27.15""],[0.15,""46.67""],[0.16,""31.25""],[0.17,""45.89""],[0.18,""25.56""],[0.19,""45.27""],[0.2,""50.01""],[0.21,""45""],[0.22,""79.42""],[0.23,""45""],[0.24,""25""],[0.25,""60.54""],[0.26,""125""],[0.27,""45""],[0.28,""25""],[0.29,""45""],[0.3,""324""],[0.31,""45""],[0.32,""25""],[0.33,""45""],[0.34,""25""],[0.35,""25""],[0.36,""5""],[0.37,""25""],[0.38,""5""],[0.39,""25""],[0.4,""5""],[0.41,""5""],[0.42,""5""],[0.43,""25""],[0.44,""29.8""],[0.45,""85.19""],[0.46,""49.99""],[0.47,""34.99""],[0.49,""50""],[0.51,""14.02""],[0.52,""16.07""],[0.54,""52.51""]]"
2026-05-17T02:58:07.082Z,btc-updown-15m-1778985900,"Bitcoin Up or Down - May 16, 10:45PM-11:00PM ET",btc-updown-15m-1778985900,2026-05-17T03:00:00Z,,0.32,0.34,0.66,0.68,0.33,0.37,9550.865680000006,,12.8,38.72,"[[0.01,""6609.82""],[0.02,""554""],[0.03,""324.67""],[0.04,""82""],[0.05,""96.85""],[0.06,""56.67""],[0.07,""174.29""],[0.08,""52.5""],[0.09,""71.12""],[0.1,""50""],[0.11,""65.05""],[0.12,""28.34""],[0.13,""47.7""],[0.14,""61.62""],[0.15,""46.67""],[0.16,""26.25""],[0.17,""45.89""],[0.18,""31.12""],[0.19,""25.27""],[0.2,""50""],[0.21,""25""],[0.22,""25""],[0.23,""65""],[0.24,""30""],[0.25,""5""],[0.26,""51.97""],[0.27,""11.67""],[0.28,""6.47""],[0.29,""12.41""],[0.3,""12.8""],[0.31,""12.8""],[0.32,""12.8""]]","[[0.01,""6708.65""],[0.02,""559.67""],[0.03,""317.67""],[0.04,""57""],[0.05,""158.21""],[0.06,""71.34""],[0.07,""54.29""],[0.08,""32.51""],[0.09,""51.12""],[0.1,""35.01""],[0.11,""49.1""],[0.12,""128.34""],[0.13,""47.7""],[0.14,""27.15""],[0.15,""46.67""],[0.16,""31.25""],[0.17,""45.89""],[0.18,""25.56""],[0.19,""45.27""],[0.2,""50.01""],[0.21,""45""],[0.22,""25""],[0.23,""45""],[0.24,""25""],[0.25,""53.54""],[0.26,""25""],[0.27,""45""],[0.28,""125""],[0.29,""45""],[0.3,""25""],[0.31,""45""],[0.32,""25""],[0.33,""145""],[0.34,""25""],[0.35,""25""],[0.36,""5""],[0.37,""25""],[0.38,""105""],[0.39,""25""],[0.4,""5""],[0.41,""25""],[0.42,""5""],[0.43,""45""],[0.44,""17""],[0.45,""55.2""],[0.46,""15""],[0.47,""175""],[0.48,""35""],[0.49,""120""],[0.5,""105""],[0.51,""159.02""],[0.52,""130""],[0.53,""45""],[0.54,""137""],[0.55,""193""],[0.56,""52""],[0.57,""107.03""],[0.58,""25""],[0.59,""45""],[0.6,""37""],[0.61,""25""],[0.62,""45.67""],[0.63,""30""],[0.64,""41.3""],[0.65,""52.83""],[0.66,""38.72""]]"
2026-05-17T02:58:09.142Z,btc-updown-15m-1778985900,"Bitcoin Up or Down - May 16, 10:45PM-11:00PM ET",btc-updown-15m-1778985900,2026-05-17T03:00:00Z,,0.28,0.3,0.7,0.72,0.29000000000000004,0.37,9550.865680000006,,25.0,12.0,"[[0.01,""6619.82""],[0.02,""554""],[0.03,""324.67""],[0.04,""82""],[0.05,""96.85""],[0.06,""56.67""],[0.07,""74.29""],[0.08,""152.5""],[0.09,""71.12""],[0.1,""50""],[0.11,""65.05""],[0.12,""28.34""],[0.13,""47.7""],[0.14,""61.62""],[0.15,""52.01""],[0.16,""26.25""],[0.17,""45.89""],[0.18,""370.14""],[0.19,""45.27""],[0.2,""50""],[0.21,""85""],[0.22,""25""],[0.23,""45""],[0.24,""30""],[0.25,""96""],[0.26,""25""],[0.27,""40""],[0.28,""25""]]","[[0.01,""6698.65""],[0.02,""559.67""],[0.03,""317.67""],[0.04,""57""],[0.05,""158.21""],[0.06,""71.34""],[0.07,""54.29""],[0.08,""32.51""],[0.09,""51.12""],[0.1,""35.01""],[0.11,""49.1""],[0.12,""128.34""],[0.13,""47.7""],[0.14,""27.15""],[0.15,""46.67""],[0.16,""31.25""],[0.17,""45.89""],[0.18,""30.56""],[0.19,""50.27""],[0.2,""50.01""],[0.21,""45""],[0.22,""25""],[0.23,""45""],[0.24,""25""],[0.25,""53.54""],[0.26,""25""],[0.27,""45""],[0.28,""125""],[0.29,""45""],[0.3,""25""],[0.31,""45""],[0.32,""79.42""],[0.33,""145""],[0.34,""25""],[0.35,""45""],[0.36,""25""],[0.37,""45""],[0.38,""125""],[0.39,""45""],[0.4,""25""],[0.41,""45""],[0.42,""25""],[0.43,""65""],[0.44,""30""],[0.45,""50.2""],[0.46,""30""],[0.47,""70""],[0.48,""25""],[0.49,""55""],[0.5,""105""],[0.51,""124.02""],[0.52,""35""],[0.53,""45""],[0.54,""31.9""],[0.55,""85""],[0.56,""32""],[0.57,""85.03""],[0.58,""33""],[0.59,""45""],[0.6,""45""],[0.61,""45""],[0.62,""50""],[0.63,""129""],[0.64,""30""],[0.65,""45""],[0.66,""25""],[0.67,""45""],[0.68,""25""],[0.69,""74.78""],[0.7,""12""]]"
2026-05-17T02:58:11.181Z,btc-updown-15m-1778985900,"Bitcoin Up or Down - May 16, 10:45PM-11:00PM ET",btc-updown-15m-1778985900,2026-05-17T03:00:00Z,,0.3,0.31,0.69,0.7,0.305,0.37,9550.865680000006,,13.0,10.19,"[[0.01,""6589.82""],[0.02,""534""],[0.03,""304.67""],[0.04,""82""],[0.05,""96.85""],[0.06,""56.67""],[0.07,""74.29""],[0.08,""152.5""],[0.09,""71.12""],[0.1,""50""],[0.11,""65.05""],[0.12,""28.34""],[0.13,""67.7""],[0.14,""61.62""],[0.15,""46.67""],[0.16,""26.25""],[0.17,""65.89""],[0.18,""390.14""],[0.19,""65.27""],[0.2,""70""],[0.21,""105""],[0.22,""25""],[0.23,""45""],[0.24,""30""],[0.25,""116""],[0.26,""25""],[0.27,""45""],[0.28,""26.4""],[0.29,""12.8""],[0.3,""13""]]","[[0.01,""6713.65""],[0.02,""514.67""],[0.03,""317.67""],[0.04,""57""],[0.05,""158.21""],[0.06,""71.34""],[0.07,""54.29""],[0.08,""32.51""],[0.09,""51.12""],[0.1,""35.01""],[0.11,""49.1""],[0.12,""128.34""],[0.13,""47.7""],[0.14,""27.15""],[0.15,""46.67""],[0.16,""31.25""],[0.17,""45.89""],[0.18,""30.56""],[0.19,""50.27""],[0.2,""50.01""],[0.21,""45""],[0.22,""25""],[0.23,""45""],[0.24,""25""],[0.25,""53.54""],[0.26,""25""],[0.27,""45""],[0.28,""25""],[0.29,""45""],[0.3,""25""],[0.31,""45""],[0.32,""79.42""],[0.33,""45""],[0.34,""25""],[0.35,""45""],[0.36,""25""],[0.37,""45""],[0.38,""25""],[0.39,""45""],[0.4,""25""],[0.41,""45""],[0.42,""25""],[0.43,""65""],[0.44,""25""],[0.45,""50.2""],[0.46,""25""],[0.47,""65""],[0.48,""25""],[0.49,""45""],[0.5,""25""],[0.51,""85""],[0.52,""25""],[0.53,""65""],[0.54,""50""],[0.55,""45""],[0.56,""172""],[0.57,""145.03""],[0.58,""73""],[0.59,""65""],[0.6,""65""],[0.61,""45""],[0.62,""70""],[0.63,""74""],[0.64,""60""],[0.65,""65""],[0.66,""25""],[0.67,""45""],[0.68,""25""],[0.69,""10.19""]]"
2026-05-17T02:58:13.093Z,btc-updown-15m-1778985900,"Bitcoin Up or Down - May 16, 10:45PM-11:00PM ET",btc-updown-15m-1778985900,2026-05-17T03:00:00Z,,0.23,0.25,0.75,0.76,0.24,0.37,9550.865680000006,,12.8,14.02,"[[0.01,""6574.82""],[0.02,""209""],[0.03,""304.67""],[0.04,""62""],[0.05,""96.85""],[0.06,""56.67""],[0.07,""74.29""],[0.08,""92.5""],[0.09,""71.12""],[0.1,""50""],[0.11,""65.05""],[0.12,""28.34""],[0.13,""67.7""],[0.14,""81.62""],[0.15,""46.67""],[0.16,""26.25""],[0.17,""45.89""],[0.18,""25.56""],[0.19,""25.27""],[0.2,""70""],[0.21,""0.33""],[0.23,""12.8""]]","[[0.01,""6708.65""],[0.02,""189.67""],[0.03,""317.67""],[0.04,""57""],[0.05,""90.01""],[0.06,""56.34""],[0.07,""54.29""],[0.08,""32.51""],[0.09,""51.12""],[0.1,""35.01""],[0.11,""49.1""],[0.12,""143.34""],[0.13,""47.7""],[0.14,""27.15""],[0.15,""46.67""],[0.16,""31.25""],[0.17,""45.89""],[0.18,""25.56""],[0.19,""45.27""],[0.2,""50.01""],[0.21,""45""],[0.22,""25""],[0.23,""45""],[0.24,""25""],[0.25,""53.54""],[0.26,""25""],[0.27,""45""],[0.28,""25""],[0.29,""45""],[0.3,""125""],[0.31,""45""],[0.32,""25""],[0.33,""45""],[0.34,""25""],[0.35,""45""],[0.36,""25""],[0.37,""45""],[0.38,""25""],[0.39,""45""],[0.4,""25""],[0.41,""45""],[0.42,""25""],[0.43,""65""],[0.44,""25""],[0.45,""50.2""],[0.46,""25""],[0.47,""65""],[0.48,""30""],[0.49,""45""],[0.5,""25""],[0.51,""45""],[0.52,""25""],[0.53,""65""],[0.54,""45""],[0.55,""85""],[0.56,""125""],[0.57,""145.03""],[0.58,""25""],[0.59,""105""],[0.6,""85""],[0.61,""50""],[0.62,""85""],[0.63,""45""],[0.64,""45""],[0.65,""85""],[0.66,""45""],[0.67,""45""],[0.68,""51.1""],[0.69,""163.32""],[0.71,""42""],[0.72,""12""],[0.73,""32""],[0.75,""14.02""]]"
2026-05-17T02:58:15.110Z,btc-updown-15m-1778985900,"Bitcoin Up or Down - May 16, 10:45PM-11:00PM ET",btc-updown-15m-1778985900,2026-05-17T03:00:00Z,,0.25,0.26,0.71,0.75,0.255,0.37,9550.865680000006,,12.97,8.0,"[[0.01,""6579.82""],[0.02,""209""],[0.03,""304.67""],[0.04,""162""],[0.05,""96.85""],[0.06,""56.67""],[0.07,""74.29""],[0.08,""52.5""],[0.09,""71.12""],[0.1,""50""],[0.11,""65.05""],[0.12,""48.34""],[0.13,""81.7""],[0.14,""81.62""],[0.15,""46.67""],[0.16,""26.25""],[0.17,""45.89""],[0.18,""25.56""],[0.19,""25.27""],[0.2,""65""],[0.21,""5.33""],[0.22,""12.8""],[0.23,""12.09""],[0.24,""34.8""],[0.25,""12.97""]]","[[0.01,""6718.65""],[0.02,""194.67""],[0.03,""317.67""],[0.04,""57""],[0.05,""90.01""],[0.06,""56.34""],[0.07,""54.29""],[0.08,""32.51""],[0.09,""51.12""],[0.1,""40.01""],[0.11,""49.1""],[0.12,""133.34""],[0.13,""47.7""],[0.14,""27.15""],[0.15,""46.67""],[0.16,""31.25""],[0.17,""45.89""],[0.18,""25.56""],[0.19,""45.27""],[0.2,""50.01""],[0.21,""45""],[0.22,""25""],[0.23,""45""],[0.24,""25""],[0.25,""53.54""],[0.26,""25""],[0.27,""45""],[0.28,""25""],[0.29,""45""],[0.3,""25""],[0.31,""45""],[0.32,""25""],[0.33,""45""],[0.34,""25""],[0.35,""45""],[0.36,""125""],[0.37,""45""],[0.38,""25""],[0.39,""45""],[0.4,""25""],[0.41,""45""],[0.42,""25""],[0.43,""65""],[0.44,""25""],[0.45,""50.2""],[0.46,""25""],[0.47,""65""],[0.48,""25""],[0.49,""45""],[0.5,""25""],[0.51,""45""],[0.52,""45""],[0.53,""65""],[0.54,""45""],[0.55,""65""],[0.56,""30""],[0.57,""45.03""],[0.58,""25""],[0.59,""105""],[0.6,""45""],[0.61,""65""],[0.62,""45""],[0.63,""105""],[0.64,""70""],[0.65,""85""],[0.66,""45""],[0.67,""45""],[0.68,""25""],[0.69,""14.85""],[0.71,""8""]]"
2026-05-17T02:58:17.374Z,btc-updown-15m-1778985900,"Bitcoin Up or Down - May 16, 10:45PM-11:00PM ET",btc-updown-15m-1778985900,2026-05-17T03:00:00Z,,0.27,0.28,0.72,0.73,0.275,0.37,9550.865680000006,,16.43,62.0,"[[0.01,""6579.82""],[0.02,""209""],[0.03,""304.67""],[0.04,""182""],[0.05,""96.85""],[0.06,""56.67""],[0.07,""74.29""],[0.08,""52.5""],[0.09,""71.12""],[0.1,""50""],[0.11,""115.05""],[0.12,""78.34""],[0.13,""412.28""],[0.14,""81.62""],[0.15,""66.67""],[0.16,""158.59""],[0.17,""165.89""],[0.18,""31.56""],[0.19,""51.27""],[0.2,""155.98""],[0.21,""25""],[0.22,""13.17""],[0.26,""7.4""],[0.27,""16.43""]]","[[0.01,""6723.65""],[0.02,""194.67""],[0.03,""317.67""],[0.04,""57""],[0.05,""158.21""],[0.06,""56.34""],[0.07,""54.29""],[0.08,""32.51""],[0.09,""51.12""],[0.1,""50.01""],[0.11,""49.1""],[0.12,""128.34""],[0.13,""47.7""],[0.14,""27.15""],[0.15,""46.67""],[0.16,""31.25""],[0.17,""45.89""],[0.18,""25.56""],[0.19,""45.27""],[0.2,""50.01""],[0.21,""45""],[0.22,""25""],[0.23,""45""],[0.24,""25""],[0.25,""53.54""],[0.26,""25""],[0.27,""45""],[0.28,""25""],[0.29,""45""],[0.3,""25""],[0.31,""45""],[0.32,""25""],[0.33,""45""],[0.34,""25""],[0.35,""45""],[0.36,""125""],[0.37,""45""],[0.38,""25""],[0.39,""99.42""],[0.4,""25""],[0.41,""45""],[0.42,""125""],[0.43,""45""],[0.44,""25""],[0.45,""50.2""],[0.46,""25""],[0.47,""45""],[0.48,""25""],[0.49,""145""],[0.5,""105""],[0.51,""45""],[0.52,""45""],[0.53,""65""],[0.54,""70""],[0.55,""90""],[0.56,""55""],[0.57,""65.03""],[0.58,""85""],[0.59,""65""],[0.6,""70""],[0.61,""110""],[0.62,""50""],[0.63,""115""],[0.64,""45""],[0.65,""75""],[0.66,""55""],[0.67,""37.95""],[0.68,""125""],[0.69,""157""],[0.7,""55.55""],[0.71,""50""],[0.72,""62""]]"
2026-05-17T02:58:19.452Z,btc-updown-15m-1778985900,"Bitcoin Up or Down - May 16, 10:45PM-11:00PM ET",btc-updown-15m-1778985900,2026-05-17T03:00:00Z,,0.25,0.26,0.74,0.75,0.255,0.37,9550.865680000006,,8.08,89.69,"[[0.01,""6584.82""],[0.02,""214""],[0.03,""304.67""],[0.04,""182""],[0.05,""91.85""],[0.06,""56.67""],[0.07,""79.29""],[0.08,""52.5""],[0.09,""71.12""],[0.1,""50""],[0.11,""115.05""],[0.12,""73.34""],[0.13,""412.28""],[0.14,""81.62""],[0.15,""73.67""],[0.16,""153.25""],[0.17,""171.89""],[0.18,""37.12""],[0.19,""91.27""],[0.2,""57""],[0.21,""45""],[0.22,""5""],[0.24,""5""],[0.25,""8.08""]]","[[0.01,""6718.65""],[0.02,""194.67""],[0.03,""317.67""],[0.04,""57""],[0.05,""158.21""],[0.06,""56.34""],[0.07,""54.29""],[0.08,""32.51""],[0.09,""51.12""],[0.1,""50.01""],[0.11,""49.1""],[0.12,""128.34""],[0.13,""47.7""],[0.14,""27.15""],[0.15,""46.67""],[0.16,""31.25""],[0.17,""45.89""],[0.18,""25.56""],[0.19,""45.27""],[0.2,""50.01""],[0.21,""45""],[0.22,""25""],[0.23,""45""],[0.24,""30""],[0.25,""53.54""],[0.26,""25""],[0.27,""45""],[0.28,""25""],[0.29,""45""],[0.3,""25""],[0.31,""45""],[0.32,""25""],[0.33,""45""],[0.34,""25""],[0.35,""45""],[0.36,""125""],[0.37,""45""],[0.38,""25""],[0.39,""99.42""],[0.4,""25""],[0.41,""45""],[0.42,""125""],[0.43,""45""],[0.44,""25""],[0.45,""50.2""],[0.46,""25""],[0.47,""45""],[0.48,""25""],[0.49,""145""],[0.5,""25""],[0.51,""45""],[0.52,""45""],[0.53,""65""],[0.54,""70""],[0.55,""90""],[0.56,""55""],[0.57,""65.03""],[0.58,""45""],[0.59,""105""],[0.6,""45""],[0.61,""130""],[0.62,""45""],[0.63,""105""],[0.64,""45""],[0.65,""90""],[0.66,""55""],[0.67,""117.95""],[0.68,""130""],[0.69,""157""],[0.7,""37.58""],[0.71,""50""],[0.72,""30""],[0.73,""50""],[0.74,""89.69""]]"
2026-05-17T02:58:21.445Z,btc-updown-15m-1778985900,"Bitcoin Up or Down - May 16, 10:45PM-11:00PM ET",btc-updown-15m-1778985900,2026-05-17T03:00:00Z,,0.25,0.26,0.74,0.75,0.255,0.37,9550.865680000006,,8.48,55.65,"[[0.01,""6579.82""],[0.02,""214""],[0.03,""304.67""],[0.04,""182""],[0.05,""96.85""],[0.06,""56.67""],[0.07,""79.29""],[0.08,""52.5""],[0.09,""71.12""],[0.1,""50""],[0.11,""115.05""],[0.12,""73.34""],[0.13,""67.7""],[0.14,""81.62""],[0.15,""73.67""],[0.16,""158.59""],[0.17,""171.89""],[0.18,""31.56""],[0.19,""91.27""],[0.2,""70.99""],[0.21,""85""],[0.22,""13.17""],[0.24,""5""],[0.25,""8.48""]]","[[0.01,""6723.65""],[0.02,""194.67""],[0.03,""317.67""],[0.04,""57""],[0.05,""158.21""],[0.06,""56.34""],[0.07,""54.29""],[0.08,""32.51""],[0.09,""51.12""],[0.1,""50.01""],[0.11,""49.1""],[0.12,""128.34""],[0.13,""47.7""],[0.14,""27.15""],[0.15,""46.67""],[0.16,""31.25""],[0.17,""45.89""],[0.18,""25.56""],[0.19,""45.27""],[0.2,""50.01""],[0.21,""45""],[0.22,""25""],[0.23,""45""],[0.24,""30""],[0.25,""53.54""],[0.26,""25""],[0.27,""45""],[0.28,""25""],[0.29,""45""],[0.3,""25""],[0.31,""45""],[0.32,""25""],[0.33,""45""],[0.34,""25""],[0.35,""45""],[0.36,""125""],[0.37,""45""],[0.38,""25""],[0.39,""45""],[0.4,""25""],[0.41,""45""],[0.42,""125""],[0.43,""45""],[0.44,""25""],[0.45,""45""],[0.46,""30.2""],[0.47,""45""],[0.48,""25""],[0.49,""225""],[0.5,""25""],[0.51,""45""],[0.52,""45""],[0.53,""65""],[0.54,""70""],[0.55,""90""],[0.56,""55""],[0.57,""65.03""],[0.58,""85""],[0.59,""65""],[0.6,""45""],[0.61,""110""],[0.62,""30""],[0.63,""85""],[0.64,""75""],[0.65,""50""],[0.66,""55""],[0.67,""67.95""],[0.68,""130""],[0.69,""157""],[0.7,""22.58""],[0.71,""65""],[0.72,""30""],[0.73,""50""],[0.74,""55.65""]]"
2026-05-17T02:58:23.379Z,btc-updown-15m-1778985900,"Bitcoin Up or Down - May 16, 10:45PM-11:00PM ET",btc-updown-15m-1778985900,2026-05-17T03:00:00Z,,0.25,0.26,0.74,0.75,0.255,0.37,9550.865680000006,,3.48,91.65,"[[0.01,""6579.82""],[0.02,""214""],[0.03,""304.67""],[0.04,""182""],[0.05,""96.85""],[0.06,""56.67""],[0.07,""79.29""],[0.08,""52.5""],[0.09,""71.12""],[0.1,""50""],[0.11,""115.05""],[0.12,""73.34""],[0.13,""67.7""],[0.14,""89.62""],[0.15,""73.67""],[0.16,""153.25""],[0.17,""223.12""],[0.18,""31.56""],[0.19,""95.46""],[0.2,""44""],[0.21,""33.56""],[0.22,""5""],[0.23,""20""],[0.25,""3.48""]]","[[0.01,""6728.65""],[0.02,""194.67""],[0.03,""317.67""],[0.04,""57""],[0.05,""90.01""],[0.06,""56.34""],[0.07,""54.29""],[0.08,""32.51""],[0.09,""66.12""],[0.1,""35.01""],[0.11,""49.1""],[0.12,""128.34""],[0.13,""47.7""],[0.14,""27.15""],[0.15,""46.67""],[0.16,""31.25""],[0.17,""45.89""],[0.18,""25.56""],[0.19,""45.27""],[0.2,""50.01""],[0.21,""45""],[0.22,""25""],[0.23,""45""],[0.24,""30""],[0.25,""53.54""],[0.26,""25""],[0.27,""45""],[0.28,""25""],[0.29,""45""],[0.3,""25""],[0.31,""45""],[0.32,""25""],[0.33,""45""],[0.34,""25""],[0.35,""45""],[0.36,""125""],[0.37,""45""],[0.38,""25""],[0.39,""45""],[0.4,""25""],[0.41,""45""],[0.42,""125""],[0.43,""45""],[0.44,""25""],[0.45,""45""],[0.46,""30.2""],[0.47,""45""],[0.48,""25""],[0.49,""145""],[0.5,""25""],[0.51,""45""],[0.52,""125""],[0.53,""65""],[0.54,""70""],[0.55,""90""],[0.56,""55""],[0.57,""65.03""],[0.58,""85""],[0.59,""65""],[0.6,""45""],[0.61,""110""],[0.62,""25""],[0.63,""85""],[0.64,""30""],[0.65,""50""],[0.66,""55""],[0.67,""132.95""],[0.68,""30""],[0.69,""158""],[0.7,""117.58""],[0.71,""50""],[0.72,""45""],[0.73,""50""],[0.74,""91.65""]]"
2026-05-17T02:58:25.420Z,btc-updown-15m-1778985900,"Bitcoin Up or Down - May 16, 10:45PM-11:00PM ET",btc-updown-15m-1778985900,2026-05-17T03:00:00Z,,0.25,0.26,0.74,0.75,0.255,0.37,9550.865680000006,,3.48,83.65,"[[0.01,""6579.82""],[0.02,""214""],[0.03,""404.67""],[0.04,""82""],[0.05,""96.85""],[0.06,""56.67""],[0.07,""79.29""],[0.08,""52.5""],[0.09,""71.12""],[0.1,""75""],[0.11,""115.05""],[0.12,""48.34""],[0.13,""67.7""],[0.14,""534.2""],[0.15,""173.67""],[0.16,""158.59""],[0.17,""111.89""],[0.18,""37.12""],[0.19,""95.46""],[0.2,""44""],[0.21,""33.56""],[0.22,""10.7""],[0.25,""3.48""]]","[[0.01,""6723.65""],[0.02,""194.67""],[0.03,""317.67""],[0.04,""57""],[0.05,""90.01""],[0.06,""56.34""],[0.07,""54.29""],[0.08,""32.51""],[0.09,""66.12""],[0.1,""35.01""],[0.11,""49.1""],[0.12,""128.34""],[0.13,""47.7""],[0.14,""27.15""],[0.15,""46.67""],[0.16,""31.25""],[0.17,""45.89""],[0.18,""25.56""],[0.19,""45.27""],[0.2,""50.01""],[0.21,""45""],[0.22,""25""],[0.23,""45""],[0.24,""30""],[0.25,""53.54""],[0.26,""25""],[0.27,""45""],[0.28,""25""],[0.29,""45""],[0.3,""25""],[0.31,""45""],[0.32,""25""],[0.33,""45""],[0.34,""25""],[0.35,""45""],[0.36,""125""],[0.37,""45""],[0.38,""79.42""],[0.39,""45""],[0.4,""25""],[0.41,""45""],[0.42,""125""],[0.43,""45""],[0.44,""25""],[0.45,""145""],[0.46,""30.2""],[0.47,""50""],[0.48,""125""],[0.49,""145""],[0.5,""25""],[0.51,""45""],[0.52,""125""],[0.53,""65""],[0.54,""70""],[0.55,""90""],[0.56,""50""],[0.57,""65.03""],[0.58,""90""],[0.59,""65""],[0.6,""45""],[0.61,""110""],[0.62,""25""],[0.63,""90""],[0.64,""25""],[0.65,""50""],[0.66,""55""],[0.67,""67.95""],[0.68,""80""],[0.69,""150""],[0.7,""125.58""],[0.71,""50""],[0.72,""45""],[0.73,""50""],[0.74,""83.65""]]"
2026-05-17T02:58:27.473Z,btc-updown-15m-1778985900,"Bitcoin Up or Down - May 16, 10:45PM-11:00PM ET",btc-updown-15m-1778985900,2026-05-17T03:00:00Z,,0.23,0.24,0.76,0.77,0.235,0.37,9550.865680000006,,10.0,41.88,"[[0.01,""6579.82""],[0.02,""214""],[0.03,""404.67""],[0.04,""82""],[0.05,""96.85""],[0.06,""56.67""],[0.07,""79.29""],[0.08,""52.5""],[0.09,""71.12""],[0.1,""75""],[0.11,""115.05""],[0.12,""48.34""],[0.13,""67.7""],[0.14,""534.2""],[0.15,""173.67""],[0.16,""158.59""],[0.17,""111.89""],[0.18,""41.54""],[0.19,""86""],[0.2,""38.98""],[0.21,""32.9""],[0.22,""9.18""],[0.23,""10""]]","[[0.01,""6723.65""],[0.02,""194.67""],[0.03,""317.67""],[0.04,""57""],[0.05,""158.21""],[0.06,""56.34""],[0.07,""54.29""],[0.08,""32.51""],[0.09,""66.12""],[0.1,""35.01""],[0.11,""49.1""],[0.12,""128.34""],[0.13,""47.7""],[0.14,""27.15""],[0.15,""46.67""],[0.16,""31.25""],[0.17,""45.89""],[0.18,""25.56""],[0.19,""45.27""],[0.2,""50.01""],[0.21,""45""],[0.22,""25""],[0.23,""45""],[0.24,""25""],[0.25,""53.54""],[0.26,""25""],[0.27,""45""],[0.28,""25""],[0.29,""45""],[0.3,""25""],[0.31,""45""],[0.32,""25""],[0.33,""45""],[0.34,""25""],[0.35,""45""],[0.36,""125""],[0.37,""45""],[0.38,""79.42""],[0.39,""45""],[0.4,""25""],[0.41,""45""],[0.42,""125""],[0.43,""45""],[0.44,""25""],[0.45,""145""],[0.46,""30.2""],[0.47,""45""],[0.48,""125""],[0.49,""145""],[0.5,""25""],[0.51,""414.02""],[0.52,""125""],[0.53,""65""],[0.54,""45""],[0.55,""65""],[0.56,""25""],[0.57,""65.03""],[0.58,""90""],[0.59,""65""],[0.6,""45""],[0.61,""110""],[0.62,""25""],[0.63,""90""],[0.64,""25""],[0.65,""50""],[0.66,""55""],[0.67,""67.95""],[0.68,""80""],[0.69,""150""],[0.7,""125.58""],[0.71,""50""],[0.72,""30""],[0.73,""65""],[0.74,""22.71""],[0.75,""25""],[0.76,""41.88""]]"
2026-05-17T02:58:29.373Z,btc-updown-15m-1778985900,"Bitcoin Up or Down - May 16, 10:45PM-11:00PM ET",btc-updown-15m-1778985900,2026-05-17T03:00:00Z,,0.23,0.24,0.76,0.77,0.235,0.37,9550.865680000006,,34.62,48.61,"[[0.01,""6579.82""],[0.02,""214""],[0.03,""404.67""],[0.04,""82""],[0.05,""96.85""],[0.06,""56.67""],[0.07,""79.29""],[0.08,""52.5""],[0.09,""71.12""],[0.1,""75""],[0.11,""115.05""],[0.12,""48.34""],[0.13,""67.7""],[0.14,""534.2""],[0.15,""173.67""],[0.16,""158.59""],[0.17,""111.89""],[0.18,""47.1""],[0.19,""101""],[0.2,""38.98""],[0.21,""25""],[0.22,""3.48""],[0.23,""34.62""]]","[[0.01,""6723.65""],[0.02,""194.67""],[0.03,""317.67""],[0.04,""57""],[0.05,""158.21""],[0.06,""56.34""],[0.07,""54.29""],[0.08,""32.51""],[0.09,""66.12""],[0.1,""35.01""],[0.11,""49.1""],[0.12,""128.34""],[0.13,""47.7""],[0.14,""27.15""],[0.15,""46.67""],[0.16,""31.25""],[0.17,""45.89""],[0.18,""25.56""],[0.19,""45.27""],[0.2,""50.01""],[0.21,""45""],[0.22,""25""],[0.23,""45""],[0.24,""25""],[0.25,""53.54""],[0.26,""30""],[0.27,""45""],[0.28,""25""],[0.29,""45""],[0.3,""25""],[0.31,""45""],[0.32,""25""],[0.33,""45""],[0.34,""25""],[0.35,""45""],[0.36,""125""],[0.37,""45""],[0.38,""79.42""],[0.39,""45""],[0.4,""25""],[0.41,""45""],[0.42,""125""],[0.43,""45""],[0.44,""25""],[0.45,""145""],[0.46,""30.2""],[0.47,""45""],[0.48,""130""],[0.49,""145""],[0.5,""25""],[0.51,""414.02""],[0.52,""125""],[0.53,""65""],[0.54,""45""],[0.55,""65""],[0.56,""25""],[0.57,""65.03""],[0.58,""90""],[0.59,""65""],[0.6,""45""],[0.61,""110""],[0.62,""25""],[0.63,""90""],[0.64,""25""],[0.65,""50""],[0.66,""30""],[0.67,""67.95""],[0.68,""75""],[0.69,""95""],[0.7,""125.58""],[0.71,""150""],[0.72,""30""],[0.73,""65""],[0.74,""22.71""],[0.75,""25""],[0.76,""48.61""]]"
2026-05-17T02:58:31.501Z,btc-updown-15m-1778985900,"Bitcoin Up or Down - May 16, 10:45PM-11:00PM ET",btc-updown-15m-1778985900,2026-05-17T03:00:00Z,,0.23,0.24,0.76,0.77,0.235,0.37,9550.865680000006,,28.32,48.61,"[[0.01,""6579.82""],[0.02,""314""],[0.03,""304.67""],[0.04,""82""],[0.05,""96.85""],[0.06,""56.67""],[0.07,""79.29""],[0.08,""52.5""],[0.09,""71.12""],[0.1,""75""],[0.11,""115.05""],[0.12,""48.34""],[0.13,""175.7""],[0.14,""539.54""],[0.15,""173.67""],[0.16,""53.25""],[0.17,""111.89""],[0.18,""11.56""],[0.19,""81""],[0.2,""38.98""],[0.21,""25""],[0.22,""3.48""],[0.23,""28.32""]]","[[0.01,""6746.16""],[0.02,""194.67""],[0.03,""317.67""],[0.04,""57""],[0.05,""158.21""],[0.06,""56.34""],[0.07,""54.29""],[0.08,""32.51""],[0.09,""66.12""],[0.1,""35.01""],[0.11,""49.1""],[0.12,""128.34""],[0.13,""47.7""],[0.14,""27.15""],[0.15,""46.67""],[0.16,""31.25""],[0.17,""45.89""],[0.18,""25.56""],[0.19,""45.27""],[0.2,""50.01""],[0.21,""45""],[0.22,""25""],[0.23,""45""],[0.24,""25""],[0.25,""53.54""],[0.26,""30""],[0.27,""45""],[0.28,""25""],[0.29,""45""],[0.3,""25""],[0.31,""45""],[0.32,""25""],[0.33,""45""],[0.34,""25""],[0.35,""145""],[0.36,""25""],[0.37,""45""],[0.38,""79.42""],[0.39,""45""],[0.4,""25""],[0.41,""45""],[0.42,""125""],[0.43,""45""],[0.44,""25""],[0.45,""145""],[0.46,""30.2""],[0.47,""50""],[0.48,""125""],[0.49,""145""],[0.5,""25""],[0.51,""414.02""],[0.52,""45""],[0.53,""65""],[0.54,""45""],[0.55,""65""],[0.56,""25""],[0.57,""65.03""],[0.58,""90""],[0.59,""65""],[0.6,""45""],[0.61,""110""],[0.62,""25""],[0.63,""85""],[0.64,""35""],[0.65,""50""],[0.66,""30""],[0.67,""67.95""],[0.68,""75""],[0.69,""70""],[0.7,""125.58""],[0.71,""150""],[0.72,""30""],[0.73,""50""],[0.74,""32.71""],[0.75,""25""],[0.76,""48.61""]]"
2026-05-17T02:58:33.728Z,btc-updown-15m-1778985900,"Bitcoin Up or Down - May 16, 10:45PM-11:00PM ET",btc-updown-15m-1778985900,2026-05-17T03:00:00Z,,0.23,0.24,0.76,0.77,0.235,0.37,9550.865680000006,,23.32,63.61,"[[0.01,""6584.82""],[0.02,""314""],[0.03,""304.67""],[0.04,""82""],[0.05,""96.85""],[0.06,""56.67""],[0.07,""79.29""],[0.08,""52.5""],[0.09,""96.12""],[0.1,""75""],[0.11,""90.05""],[0.12,""48.34""],[0.13,""181.04""],[0.14,""534.2""],[0.15,""173.67""],[0.16,""53.25""],[0.17,""111.89""],[0.18,""101.84""],[0.19,""26""],[0.2,""38.98""],[0.21,""25""],[0.22,""3.48""],[0.23,""23.32""]]","[[0.01,""6746.16""],[0.02,""194.67""],[0.03,""317.67""],[0.04,""57""],[0.05,""158.21""],[0.06,""56.34""],[0.07,""54.29""],[0.08,""32.51""],[0.09,""66.12""],[0.1,""35.01""],[0.11,""49.1""],[0.12,""128.34""],[0.13,""47.7""],[0.14,""27.15""],[0.15,""46.67""],[0.16,""31.25""],[0.17,""45.89""],[0.18,""25.56""],[0.19,""45.27""],[0.2,""50.01""],[0.21,""45""],[0.22,""25""],[0.23,""45""],[0.24,""25""],[0.25,""53.54""],[0.26,""30""],[0.27,""45""],[0.28,""25""],[0.29,""45""],[0.3,""25""],[0.31,""45""],[0.32,""25""],[0.33,""45""],[0.34,""25""],[0.35,""145""],[0.36,""25""],[0.37,""45""],[0.38,""79.42""],[0.39,""45""],[0.4,""25""],[0.41,""45""],[0.42,""125""],[0.43,""45""],[0.44,""25""],[0.45,""145""],[0.46,""30.2""],[0.47,""50""],[0.48,""125""],[0.49,""145""],[0.5,""25""],[0.51,""414.02""],[0.52,""45""],[0.53,""145""],[0.54,""45""],[0.55,""65""],[0.56,""25""],[0.57,""65.03""],[0.58,""85""],[0.59,""65""],[0.6,""50""],[0.61,""110""],[0.62,""30""],[0.63,""90""],[0.64,""35""],[0.65,""50""],[0.66,""30""],[0.67,""67.95""],[0.68,""55""],[0.69,""50""],[0.7,""187.58""],[0.71,""178""],[0.72,""25""],[0.73,""45""],[0.74,""32.71""],[0.75,""25""],[0.76,""63.61""]]"
2026-05-17T02:58:35.361Z,btc-updown-15m-1778985900,"Bitcoin Up or Down - May 16, 10:45PM-11:00PM ET",btc-updown-15m-1778985900,2026-05-17T03:00:00Z,,0.2,0.21,0.79,0.8,0.20500000000000002,0.37,9550.865680000006,,20.41,101.17,"[[0.01,""6579.82""],[0.02,""314""],[0.03,""304.67""],[0.04,""82""],[0.05,""96.85""],[0.06,""56.67""],[0.07,""79.29""],[0.08,""52.5""],[0.09,""96.12""],[0.1,""115""],[0.11,""90.05""],[0.12,""57.34""],[0.13,""155.7""],[0.14,""519.88""],[0.15,""158.98""],[0.16,""38.23""],[0.17,""46""],[0.18,""66.3""],[0.19,""26""],[0.2,""20.41""]]","[[0.01,""6746.16""],[0.02,""194.67""],[0.03,""317.67""],[0.04,""57""],[0.05,""158.21""],[0.06,""56.34""],[0.07,""54.29""],[0.08,""32.51""],[0.09,""66.12""],[0.1,""35.01""],[0.11,""49.1""],[0.12,""128.34""],[0.13,""47.7""],[0.14,""27.15""],[0.15,""46.67""],[0.16,""31.25""],[0.17,""45.89""],[0.18,""25.56""],[0.19,""45.27""],[0.2,""50.01""],[0.21,""45""],[0.22,""25""],[0.23,""45""],[0.24,""25""],[0.25,""53.54""],[0.26,""25""],[0.27,""45""],[0.28,""30""],[0.29,""45""],[0.3,""25""],[0.31,""45""],[0.32,""25""],[0.33,""45""],[0.34,""25""],[0.35,""145""],[0.36,""25""],[0.37,""45""],[0.38,""79.42""],[0.39,""45""],[0.4,""25""],[0.41,""45""],[0.42,""125""],[0.43,""45""],[0.44,""25""],[0.45,""145""],[0.46,""25""],[0.47,""45""],[0.48,""125""],[0.49,""145""],[0.5,""25""],[0.51,""414.02""],[0.52,""45""],[0.53,""65""],[0.54,""45""],[0.55,""65""],[0.56,""25""],[0.57,""185.03""],[0.58,""45""],[0.59,""65""],[0.6,""45""],[0.61,""110""],[0.62,""25""],[0.63,""90""],[0.64,""35""],[0.65,""50""],[0.66,""30""],[0.67,""67.95""],[0.68,""55""],[0.69,""50""],[0.7,""37.58""],[0.71,""178""],[0.72,""130""],[0.73,""50""],[0.74,""17.71""],[0.75,""72.8""],[0.76,""68.5""],[0.77,""37""],[0.78,""62.23""],[0.79,""101.17""]]"
2026-05-17T02:58:37.672Z,btc-updown-15m-1778985900,"Bitcoin Up or Down - May 16, 10:45PM-11:00PM ET",btc-updown-15m-1778985900,2026-05-17T03:00:00Z,,0.19,0.2,0.8,0.81,0.195,0.37,9550.865680000006,,1.41,19.99,"[[0.01,""6579.82""],[0.02,""209""],[0.03,""304.67""],[0.04,""82""],[0.05,""91.85""],[0.06,""56.67""],[0.07,""79.29""],[0.08,""52.5""],[0.09,""101.46""],[0.1,""75""],[0.11,""95.05""],[0.12,""48.34""],[0.13,""175.7""],[0.14,""189.62""],[0.15,""113.67""],[0.16,""33.25""],[0.17,""51.89""],[0.18,""46""],[0.19,""1.41""]]","[[0.01,""6746.16""],[0.02,""244.67""],[0.03,""317.67""],[0.04,""57""],[0.05,""158.21""],[0.06,""56.34""],[0.07,""69.29""],[0.08,""32.51""],[0.09,""51.12""],[0.1,""35.01""],[0.11,""49.1""],[0.12,""128.34""],[0.13,""47.7""],[0.14,""27.15""],[0.15,""46.67""],[0.16,""31.25""],[0.17,""45.89""],[0.18,""25.56""],[0.19,""45.27""],[0.2,""50.01""],[0.21,""45""],[0.22,""25""],[0.23,""45""],[0.24,""25""],[0.25,""53.54""],[0.26,""25""],[0.27,""45""],[0.28,""25""],[0.29,""45""],[0.3,""30""],[0.31,""45""],[0.32,""25""],[0.33,""45""],[0.34,""25""],[0.35,""45""],[0.36,""125""],[0.37,""45""],[0.38,""25""],[0.39,""45""],[0.4,""25""],[0.41,""45""],[0.42,""25""],[0.43,""145""],[0.44,""25""],[0.45,""45""],[0.46,""125""],[0.47,""45""],[0.48,""25""],[0.49,""145""],[0.5,""125""],[0.51,""414.02""],[0.52,""125""],[0.53,""65""],[0.54,""45""],[0.55,""65""],[0.56,""25""],[0.57,""105.03""],[0.58,""45""],[0.59,""65""],[0.6,""45""],[0.61,""85""],[0.62,""25""],[0.63,""90""],[0.64,""30""],[0.65,""50""],[0.66,""30""],[0.67,""42.95""],[0.68,""55""],[0.69,""100""],[0.7,""17.58""],[0.71,""163""],[0.72,""130""],[0.73,""50""],[0.74,""17.71""],[0.75,""60""],[0.76,""18.5""],[0.77,""45""],[0.78,""42.23""],[0.79,""35""],[0.8,""19.99""]]"
2026-05-17T02:58:40.778Z,btc-updown-15m-1778985900,"Bitcoin Up or Down - May 16, 10:45PM-11:00PM ET",btc-updown-15m-1778985900,2026-05-17T03:00:00Z,,0.2,0.21,0.79,0.8,0.20500000000000002,0.37,9550.865680000006,,35.05,22.68,"[[0.01,""6679.82""],[0.02,""209""],[0.03,""304.67""],[0.04,""82""],[0.05,""96.85""],[0.06,""56.67""],[0.07,""79.29""],[0.08,""77.5""],[0.09,""96.12""],[0.1,""55.34""],[0.11,""195.05""],[0.12,""56.68""],[0.13,""520.28""],[0.14,""229.62""],[0.15,""73.67""],[0.16,""44.51""],[0.17,""46""],[0.18,""85""],[0.19,""21.41""],[0.2,""35.05""]]","[[0.01,""6746.16""],[0.02,""244.67""],[0.03,""317.67""],[0.04,""57""],[0.05,""158.21""],[0.06,""56.34""],[0.07,""69.29""],[0.08,""32.51""],[0.09,""51.12""],[0.1,""35.01""],[0.11,""49.1""],[0.12,""128.34""],[0.13,""47.7""],[0.14,""27.15""],[0.15,""46.67""],[0.16,""31.25""],[0.17,""45.89""],[0.18,""25.56""],[0.19,""45.27""],[0.2,""25.01""],[0.21,""45""],[0.22,""25""],[0.23,""45""],[0.24,""25""],[0.25,""53.54""],[0.26,""25""],[0.27,""45""],[0.28,""25""],[0.29,""50""],[0.3,""25""],[0.31,""45""],[0.32,""25""],[0.33,""45""],[0.34,""25""],[0.35,""45""],[0.36,""125""],[0.37,""45""],[0.38,""79.42""],[0.39,""45""],[0.4,""25""],[0.41,""45""],[0.42,""25""],[0.43,""145""],[0.44,""25""],[0.45,""45""],[0.46,""125""],[0.47,""45""],[0.48,""25""],[0.49,""45""],[0.5,""225""],[0.51,""414.02""],[0.52,""45""],[0.53,""65""],[0.54,""125""],[0.55,""70""],[0.56,""25""],[0.57,""105.03""],[0.58,""45""],[0.59,""65""],[0.6,""45""],[0.61,""45""],[0.62,""65""],[0.63,""50""],[0.64,""70""],[0.65,""50""],[0.66,""30""],[0.67,""42.95""],[0.68,""55""],[0.69,""100""],[0.7,""17.58""],[0.71,""55""],[0.72,""188""],[0.73,""150""],[0.74,""37.71""],[0.75,""65""],[0.76,""33.5""],[0.77,""45""],[0.78,""31.52""],[0.79,""22.68""]]"
2026-05-17T02:58:42.569Z,btc-updown-15m-1778985900,"Bitcoin Up or Down - May 16, 10:45PM-11:00PM ET",btc-updown-15m-1778985900,2026-05-17T03:00:00Z,,0.22,0.23,0.77,0.78,0.225,0.37,9550.865680000006,,72.21,25.0,"[[0.01,""6584.82""],[0.02,""209""],[0.03,""304.67""],[0.04,""82""],[0.05,""96.85""],[0.06,""56.67""],[0.07,""79.29""],[0.08,""77.5""],[0.09,""96.12""],[0.1,""50""],[0.11,""190.05""],[0.12,""156.68""],[0.13,""512.28""],[0.14,""121.62""],[0.15,""66.67""],[0.16,""33.25""],[0.17,""51.89""],[0.18,""90.56""],[0.19,""56.18""],[0.2,""30.05""],[0.21,""30""],[0.22,""72.21""]]","[[0.01,""6741.16""],[0.02,""194.67""],[0.03,""317.67""],[0.04,""57""],[0.05,""158.21""],[0.06,""61.34""],[0.07,""64.29""],[0.08,""32.51""],[0.09,""51.12""],[0.1,""35.01""],[0.11,""49.1""],[0.12,""128.34""],[0.13,""47.7""],[0.14,""27.15""],[0.15,""46.67""],[0.16,""31.25""],[0.17,""45.89""],[0.18,""25.56""],[0.19,""45.27""],[0.2,""25.01""],[0.21,""45""],[0.22,""25""],[0.23,""45""],[0.24,""25""],[0.25,""53.54""],[0.26,""25""],[0.27,""50""],[0.28,""25""],[0.29,""45""],[0.3,""25""],[0.31,""45""],[0.32,""25""],[0.33,""45""],[0.34,""25""],[0.35,""45""],[0.36,""125""],[0.37,""45""],[0.38,""79.42""],[0.39,""45""],[0.4,""25""],[0.41,""45""],[0.42,""25""],[0.43,""145""],[0.44,""25""],[0.45,""45""],[0.46,""125""],[0.47,""45""],[0.48,""25""],[0.49,""45""],[0.5,""225""],[0.51,""414.02""],[0.52,""45""],[0.53,""65""],[0.54,""125""],[0.55,""65""],[0.56,""30""],[0.57,""105.03""],[0.58,""45""],[0.59,""65""],[0.6,""45""],[0.61,""45""],[0.62,""65""],[0.63,""50""],[0.64,""65""],[0.65,""50""],[0.66,""30""],[0.67,""42.95""],[0.68,""55""],[0.69,""100""],[0.7,""17.58""],[0.71,""50""],[0.72,""168""],[0.73,""175""],[0.74,""42.71""],[0.75,""65""],[0.76,""46.3""],[0.77,""25""]]"
2026-05-17T02:58:44.571Z,btc-updown-15m-1778985900,"Bitcoin Up or Down - May 16, 10:45PM-11:00PM ET",btc-updown-15m-1778985900,2026-05-17T03:00:00Z,,0.22,0.23,0.77,0.78,0.225,0.37,9550.865680000006,,26.86,82.65,"[[0.01,""6684.82""],[0.02,""209""],[0.03,""304.67""],[0.04,""82""],[0.05,""96.85""],[0.06,""56.67""],[0.07,""79.29""],[0.08,""77.5""],[0.09,""96.12""],[0.1,""50""],[0.11,""204.49""],[0.12,""148.34""],[0.13,""512.28""],[0.14,""121.62""],[0.15,""66.67""],[0.16,""36.25""],[0.17,""91.89""],[0.18,""31.56""],[0.19,""30.91""],[0.2,""30.05""],[0.21,""38.6""],[0.22,""26.86""]]","[[0.01,""6741.16""],[0.02,""194.67""],[0.03,""317.67""],[0.04,""57""],[0.05,""158.21""],[0.06,""71.34""],[0.07,""54.29""],[0.08,""32.51""],[0.09,""51.12""],[0.1,""35.01""],[0.11,""49.1""],[0.12,""128.34""],[0.13,""47.7""],[0.14,""27.15""],[0.15,""46.67""],[0.16,""31.25""],[0.17,""45.89""],[0.18,""25.56""],[0.19,""45.27""],[0.2,""25.01""],[0.21,""45""],[0.22,""25""],[0.23,""45""],[0.24,""25""],[0.25,""53.54""],[0.26,""25""],[0.27,""50""],[0.28,""25""],[0.29,""45""],[0.3,""25""],[0.31,""45""],[0.32,""25""],[0.33,""45""],[0.34,""25""],[0.35,""45""],[0.36,""125""],[0.37,""45""],[0.38,""79.42""],[0.39,""45""],[0.4,""25""],[0.41,""45""],[0.42,""25""],[0.43,""145""],[0.44,""25""],[0.45,""45""],[0.46,""125""],[0.47,""45""],[0.48,""25""],[0.49,""45""],[0.5,""225""],[0.51,""414.02""],[0.52,""45""],[0.53,""65""],[0.54,""125""],[0.55,""65""],[0.56,""30""],[0.57,""105.03""],[0.58,""45""],[0.59,""65""],[0.6,""45""],[0.61,""45""],[0.62,""25""],[0.63,""90""],[0.64,""25""],[0.65,""90""],[0.66,""30""],[0.67,""42.95""],[0.68,""30""],[0.69,""100""],[0.7,""42.58""],[0.71,""50""],[0.72,""35""],[0.73,""208""],[0.74,""142.71""],[0.75,""65""],[0.76,""46.3""],[0.77,""82.65""]]"
2026-05-17T02:58:46.574Z,btc-updown-15m-1778985900,"Bitcoin Up or Down - May 16, 10:45PM-11:00PM ET",btc-updown-15m-1778985900,2026-05-17T03:00:00Z,,0.22,0.23,0.77,0.78,0.225,0.37,9550.865680000006,,40.07,67.65,"[[0.01,""6684.82""],[0.02,""209""],[0.03,""304.67""],[0.04,""82""],[0.05,""96.85""],[0.06,""56.67""],[0.07,""79.29""],[0.08,""77.5""],[0.09,""101.46""],[0.1,""150""],[0.11,""199.15""],[0.12,""148.34""],[0.13,""412.28""],[0.14,""121.62""],[0.15,""66.67""],[0.16,""36.25""],[0.17,""91.89""],[0.18,""31.56""],[0.19,""26.68""],[0.2,""25""],[0.21,""30""],[0.22,""40.07""]]","[[0.01,""6841.16""],[0.02,""194.67""],[0.03,""317.67""],[0.04,""57""],[0.05,""90.01""],[0.06,""71.34""],[0.07,""54.29""],[0.08,""32.51""],[0.09,""51.12""],[0.1,""35.01""],[0.11,""49.1""],[0.12,""128.34""],[0.13,""47.7""],[0.14,""27.15""],[0.15,""46.67""],[0.16,""31.25""],[0.17,""45.89""],[0.18,""25.56""],[0.19,""45.27""],[0.2,""25.01""],[0.21,""45""],[0.22,""25""],[0.23,""45""],[0.24,""25""],[0.25,""53.54""],[0.26,""25""],[0.27,""50""],[0.28,""25""],[0.29,""45""],[0.3,""25""],[0.31,""45""],[0.32,""25""],[0.33,""45""],[0.34,""25""],[0.35,""45""],[0.36,""125""],[0.37,""45""],[0.38,""79.42""],[0.39,""45""],[0.4,""25""],[0.41,""45""],[0.42,""25""],[0.43,""145""],[0.44,""25""],[0.45,""45""],[0.46,""125""],[0.47,""45""],[0.48,""25""],[0.49,""45""],[0.5,""125""],[0.51,""514.02""],[0.52,""45""],[0.53,""65""],[0.54,""125""],[0.55,""65""],[0.56,""30""],[0.57,""65.03""],[0.58,""85""],[0.59,""65""],[0.6,""45""],[0.61,""45""],[0.62,""25""],[0.63,""90""],[0.64,""25""],[0.65,""90""],[0.66,""30""],[0.67,""42.95""],[0.68,""30""],[0.69,""100""],[0.7,""42.58""],[0.71,""50""],[0.72,""35""],[0.73,""158""],[0.74,""142.71""],[0.75,""65""],[0.76,""46.3""],[0.77,""67.65""]]"
2026-05-17T02:58:48.584Z,btc-updown-15m-1778985900,"Bitcoin Up or Down - May 16, 10:45PM-11:00PM ET",btc-updown-15m-1778985900,2026-05-17T03:00:00Z,,0.22,0.23,0.77,0.78,0.225,0.37,9550.865680000006,,67.07,25.0,"[[0.01,""6684.82""],[0.02,""209""],[0.03,""304.67""],[0.04,""82""],[0.05,""96.85""],[0.06,""56.67""],[0.07,""104.29""],[0.08,""77.5""],[0.09,""76.46""],[0.1,""150""],[0.11,""199.15""],[0.12,""148.34""],[0.13,""412.28""],[0.14,""121.62""],[0.15,""66.67""],[0.16,""40.25""],[0.17,""85.89""],[0.18,""31.56""],[0.19,""26.68""],[0.2,""39.03""],[0.21,""30""],[0.22,""67.07""]]","[[0.01,""6881.62""],[0.02,""194.67""],[0.03,""317.67""],[0.04,""57""],[0.05,""158.21""],[0.06,""71.34""],[0.07,""54.29""],[0.08,""32.51""],[0.09,""51.12""],[0.1,""35.01""],[0.11,""49.1""],[0.12,""128.34""],[0.13,""47.7""],[0.14,""27.15""],[0.15,""46.67""],[0.16,""31.25""],[0.17,""45.89""],[0.18,""25.56""],[0.19,""45.27""],[0.2,""25.01""],[0.21,""45""],[0.22,""25""],[0.23,""45""],[0.24,""25""],[0.25,""53.54""],[0.26,""25""],[0.27,""50""],[0.28,""25""],[0.29,""45""],[0.3,""25""],[0.31,""45""],[0.32,""25""],[0.33,""45""],[0.34,""25""],[0.35,""45""],[0.36,""125""],[0.37,""45""],[0.38,""79.42""],[0.39,""45""],[0.4,""25""],[0.41,""45""],[0.42,""25""],[0.43,""145""],[0.44,""25""],[0.45,""45""],[0.46,""25""],[0.47,""145""],[0.48,""25""],[0.49,""45""],[0.5,""125""],[0.51,""514.02""],[0.52,""45""],[0.53,""65""],[0.54,""125""],[0.55,""65""],[0.56,""25""],[0.57,""70.03""],[0.58,""85""],[0.59,""65""],[0.6,""45""],[0.61,""45""],[0.62,""25""],[0.63,""85""],[0.64,""25""],[0.65,""85""],[0.66,""35""],[0.67,""42.95""],[0.68,""30""],[0.69,""75""],[0.7,""67.58""],[0.71,""50""],[0.72,""35""],[0.73,""158""],[0.74,""142.71""],[0.75,""70""],[0.76,""33.5""],[0.77,""25""]]"
2026-05-17T02:58:50.603Z,btc-updown-15m-1778985900,"Bitcoin Up or Down - May 16, 10:45PM-11:00PM ET",btc-updown-15m-1778985900,2026-05-17T03:00:00Z,,0.24,0.25,0.75,0.76,0.245,0.37,9550.865680000006,,26.99,112.68,"[[0.01,""6684.82""],[0.02,""209""],[0.03,""304.67""],[0.04,""82""],[0.05,""96.85""],[0.06,""56.67""],[0.07,""104.29""],[0.08,""82.84""],[0.09,""71.12""],[0.1,""150""],[0.11,""190.05""],[0.12,""148.34""],[0.13,""412.28""],[0.14,""81.62""],[0.15,""66.67""],[0.16,""86.51""],[0.17,""45.89""],[0.18,""31.56""],[0.19,""46.68""],[0.2,""37.3""],[0.21,""48.5""],[0.22,""115.27""],[0.23,""26.99""],[0.24,""26.99""]]","[[0.01,""6881.62""],[0.02,""194.67""],[0.03,""317.67""],[0.04,""57""],[0.05,""158.21""],[0.06,""71.34""],[0.07,""54.29""],[0.08,""32.51""],[0.09,""51.12""],[0.1,""35.01""],[0.11,""49.1""],[0.12,""128.34""],[0.13,""47.7""],[0.14,""27.15""],[0.15,""46.67""],[0.16,""31.25""],[0.17,""45.89""],[0.18,""25.56""],[0.19,""45.27""],[0.2,""25.01""],[0.21,""45""],[0.22,""25""],[0.23,""45""],[0.24,""25""],[0.25,""58.54""],[0.26,""25""],[0.27,""45""],[0.28,""25""],[0.29,""45""],[0.3,""25""],[0.31,""45""],[0.32,""25""],[0.33,""45""],[0.34,""25""],[0.35,""45""],[0.36,""25""],[0.37,""45""],[0.38,""79.42""],[0.39,""45""],[0.4,""25""],[0.41,""45""],[0.42,""25""],[0.43,""45""],[0.44,""25""],[0.45,""45""],[0.46,""125""],[0.47,""45""],[0.48,""25""],[0.49,""45""],[0.5,""125""],[0.51,""414.02""],[0.52,""45""],[0.53,""65""],[0.54,""45""],[0.55,""65""],[0.56,""25""],[0.57,""65.03""],[0.58,""85""],[0.59,""65""],[0.6,""45""],[0.61,""45""],[0.62,""25""],[0.63,""90""],[0.64,""25""],[0.65,""85""],[0.66,""30""],[0.67,""42.95""],[0.68,""30""],[0.69,""50""],[0.7,""42.58""],[0.71,""75""],[0.72,""30""],[0.73,""50""],[0.74,""125.71""],[0.75,""112.68""]]"
2026-05-17T02:58:52.633Z,btc-updown-15m-1778985900,"Bitcoin Up or Down - May 16, 10:45PM-11:00PM ET",btc-updown-15m-1778985900,2026-05-17T03:00:00Z,,0.23,0.27,0.73,0.77,0.25,0.37,9550.865680000006,,42.4,35.38,"[[0.01,""6684.82""],[0.02,""209""],[0.03,""304.67""],[0.04,""82""],[0.05,""96.85""],[0.06,""56.67""],[0.07,""74.29""],[0.08,""77.5""],[0.09,""96.12""],[0.1,""150""],[0.11,""95.05""],[0.12,""48.34""],[0.13,""167.7""],[0.14,""161.62""],[0.15,""46.67""],[0.16,""106.25""],[0.17,""64.89""],[0.18,""31.56""],[0.19,""46.68""],[0.2,""32.3""],[0.21,""61.5""],[0.22,""92.85""],[0.23,""42.4""]]","[[0.01,""6881.62""],[0.02,""194.67""],[0.03,""317.67""],[0.04,""57""],[0.05,""158.21""],[0.06,""71.34""],[0.07,""54.29""],[0.08,""32.51""],[0.09,""51.12""],[0.1,""35.01""],[0.11,""49.1""],[0.12,""128.34""],[0.13,""47.7""],[0.14,""27.15""],[0.15,""46.67""],[0.16,""31.25""],[0.17,""45.89""],[0.18,""25.56""],[0.19,""45.27""],[0.2,""25.01""],[0.21,""50""],[0.22,""25""],[0.23,""45""],[0.24,""25""],[0.25,""53.54""],[0.26,""25""],[0.27,""45""],[0.28,""25""],[0.29,""45""],[0.3,""25""],[0.31,""45""],[0.32,""25""],[0.33,""45""],[0.34,""25""],[0.35,""45""],[0.36,""125""],[0.37,""45""],[0.38,""25""],[0.39,""45""],[0.4,""25""],[0.41,""45""],[0.42,""25""],[0.43,""145""],[0.44,""25""],[0.45,""45""],[0.46,""125""],[0.47,""45""],[0.48,""25""],[0.49,""45""],[0.5,""125""],[0.51,""514.02""],[0.52,""85""],[0.53,""65""],[0.54,""45""],[0.55,""65""],[0.56,""25""],[0.57,""105.03""],[0.58,""45""],[0.59,""65""],[0.6,""45""],[0.61,""45""],[0.62,""25""],[0.63,""95""],[0.64,""30""],[0.65,""115""],[0.66,""55""],[0.67,""67.95""],[0.68,""35""],[0.69,""50""],[0.7,""125.58""],[0.71,""162.8""],[0.72,""55.31""],[0.73,""35.38""]]"
2026-05-17T02:58:54.573Z,btc-updown-15m-1778985900,"Bitcoin Up or Down - May 16, 10:45PM-11:00PM ET",btc-updown-15m-1778985900,2026-05-17T03:00:00Z,,0.23,0.24,0.76,0.77,0.235,0.37,9550.865680000006,,23.82,7.71,"[[0.01,""6689.82""],[0.02,""209""],[0.03,""304.67""],[0.04,""82""],[0.05,""96.85""],[0.06,""56.67""],[0.07,""74.29""],[0.08,""82.84""],[0.09,""196.12""],[0.1,""50""],[0.11,""95.05""],[0.12,""532.92""],[0.13,""167.7""],[0.14,""68.77""],[0.15,""46.67""],[0.16,""66.25""],[0.17,""64.89""],[0.18,""31.56""],[0.19,""46.68""],[0.2,""34.69""],[0.21,""55""],[0.22,""87.85""],[0.23,""23.82""]]","[[0.01,""6881.62""],[0.02,""194.67""],[0.03,""317.67""],[0.04,""57""],[0.05,""158.21""],[0.06,""66.34""],[0.07,""54.29""],[0.08,""32.51""],[0.09,""51.12""],[0.1,""35.01""],[0.11,""49.1""],[0.12,""128.34""],[0.13,""47.7""],[0.14,""27.15""],[0.15,""46.67""],[0.16,""31.25""],[0.17,""45.89""],[0.18,""25.56""],[0.19,""45.27""],[0.2,""25.01""],[0.21,""45""],[0.22,""25""],[0.23,""45""],[0.24,""25""],[0.25,""53.54""],[0.26,""30""],[0.27,""45""],[0.28,""25""],[0.29,""45""],[0.3,""25""],[0.31,""45""],[0.32,""25""],[0.33,""45""],[0.34,""25""],[0.35,""45""],[0.36,""125""],[0.37,""99.42""],[0.38,""25""],[0.39,""45""],[0.4,""25""],[0.41,""45""],[0.42,""25""],[0.43,""145""],[0.44,""25""],[0.45,""45""],[0.46,""25""],[0.47,""145""],[0.48,""25""],[0.49,""45""],[0.5,""25""],[0.51,""614.02""],[0.52,""130""],[0.53,""65""],[0.54,""45""],[0.55,""65""],[0.56,""25""],[0.57,""105.03""],[0.58,""45""],[0.59,""65""],[0.6,""45""],[0.61,""45""],[0.62,""65""],[0.63,""50""],[0.64,""65""],[0.65,""50""],[0.66,""55""],[0.67,""67.95""],[0.68,""75""],[0.69,""50""],[0.7,""25.58""],[0.71,""162.8""],[0.72,""142.8""],[0.73,""49.63""],[0.74,""6.21""],[0.75,""12.8""],[0.76,""7.71""]]"
2026-05-17T02:58:56.590Z,btc-updown-15m-1778985900,"Bitcoin Up or Down - May 16, 10:45PM-11:00PM ET",btc-updown-15m-1778985900,2026-05-17T03:00:00Z,,0.23,0.24,0.76,0.77,0.235,0.37,9550.865680000006,,33.03,9.61,"[[0.01,""6589.82""],[0.02,""159""],[0.03,""271.33""],[0.04,""57""],[0.05,""76.85""],[0.06,""40""],[0.07,""85""],[0.08,""70.34""],[0.09,""160""],[0.1,""40""],[0.11,""75.05""],[0.12,""512.92""],[0.13,""147.7""],[0.14,""61.62""],[0.15,""46.67""],[0.16,""80.25""],[0.17,""51.78""],[0.18,""25.56""],[0.19,""56.16""],[0.2,""30""],[0.21,""63.58""],[0.22,""89.66""],[0.23,""33.03""]]","[[0.01,""6781.62""],[0.02,""144.67""],[0.03,""284.33""],[0.04,""47""],[0.05,""138.2""],[0.06,""39.67""],[0.07,""40""],[0.08,""20""],[0.09,""40""],[0.1,""25""],[0.11,""40""],[0.12,""120""],[0.13,""40""],[0.14,""20""],[0.15,""40""],[0.16,""25""],[0.17,""40""],[0.18,""20""],[0.19,""40""],[0.2,""20""],[0.21,""40""],[0.22,""20""],[0.23,""40""],[0.24,""20""],[0.25,""48.54""],[0.26,""25""],[0.27,""40""],[0.28,""20""],[0.29,""40""],[0.3,""20""],[0.31,""40""],[0.32,""20""],[0.33,""40""],[0.34,""120""],[0.35,""40""],[0.36,""20""],[0.37,""94.42""],[0.38,""20""],[0.39,""40""],[0.4,""20""],[0.41,""140""],[0.42,""20""],[0.43,""40""],[0.44,""20""],[0.45,""140""],[0.46,""20""],[0.47,""40""],[0.48,""20""],[0.49,""245""],[0.5,""20""],[0.51,""409.02""],[0.52,""40""],[0.53,""140""],[0.54,""40""],[0.55,""60""],[0.56,""20""],[0.57,""105.03""],[0.58,""45""],[0.59,""65""],[0.6,""45""],[0.61,""45""],[0.62,""65""],[0.63,""50""],[0.64,""90""],[0.65,""50""],[0.66,""30""],[0.67,""72.95""],[0.68,""55""],[0.69,""90""],[0.7,""17.58""],[0.71,""170.8""],[0.72,""142.8""],[0.73,""49.63""],[0.74,""26.21""],[0.75,""34.85""],[0.76,""9.61""]]"
2026-05-17T02:58:58.617Z,btc-updown-15m-1778985900,"Bitcoin Up or Down - May 16, 10:45PM-11:00PM ET",btc-updown-15m-1778985900,2026-05-17T03:00:00Z,,0.22,0.23,0.77,0.78,0.225,0.37,9550.865680000006,,94.04,32.0,"[[0.01,""6584.82""],[0.02,""159""],[0.03,""271.33""],[0.04,""57""],[0.05,""76.85""],[0.06,""40""],[0.07,""95.34""],[0.08,""165""],[0.09,""60""],[0.1,""40""],[0.11,""160.95""],[0.12,""512.92""],[0.13,""47.7""],[0.14,""96.09""],[0.15,""46.67""],[0.16,""86.51""],[0.17,""45.89""],[0.18,""25.56""],[0.19,""45.27""],[0.2,""38.98""],[0.21,""50""],[0.22,""94.04""]]","[[0.01,""6850.75""],[0.02,""144.67""],[0.03,""284.33""],[0.04,""47""],[0.05,""70""],[0.06,""39.67""],[0.07,""40""],[0.08,""20""],[0.09,""40""],[0.1,""25""],[0.11,""40""],[0.12,""120""],[0.13,""40""],[0.14,""20""],[0.15,""40""],[0.16,""25""],[0.17,""40""],[0.18,""20""],[0.19,""40""],[0.2,""20""],[0.21,""40""],[0.22,""20""],[0.23,""40""],[0.24,""20""],[0.25,""48.54""],[0.26,""25""],[0.27,""40""],[0.28,""20""],[0.29,""40""],[0.3,""20""],[0.31,""40""],[0.32,""20""],[0.33,""40""],[0.34,""20""],[0.35,""140""],[0.36,""20""],[0.37,""94.42""],[0.38,""20""],[0.39,""40""],[0.4,""20""],[0.41,""40""],[0.42,""20""],[0.43,""140""],[0.44,""20""],[0.45,""40""],[0.46,""120""],[0.47,""40""],[0.48,""20""],[0.49,""40""],[0.5,""25""],[0.51,""609.02""],[0.52,""40""],[0.53,""140""],[0.54,""40""],[0.55,""60""],[0.56,""20""],[0.57,""100.03""],[0.58,""40""],[0.59,""60""],[0.6,""40""],[0.61,""80""],[0.62,""20""],[0.63,""90""],[0.64,""25""],[0.65,""70""],[0.66,""30""],[0.67,""67.95""],[0.68,""60""],[0.69,""50""],[0.7,""37.58""],[0.71,""78""],[0.72,""142.8""],[0.73,""149.63""],[0.74,""26.21""],[0.75,""77.84""],[0.76,""29.44""],[0.77,""32""]]"
2026-05-17T02:59:00.576Z,btc-updown-15m-1778985900,"Bitcoin Up or Down - May 16, 10:45PM-11:00PM ET",btc-updown-15m-1778985900,2026-05-17T03:00:00Z,,0.22,0.23,0.77,0.78,0.225,0.37,9550.865680000006,,73.08,50.0,"[[0.01,""6564.82""],[0.02,""164""],[0.03,""251.33""],[0.04,""57""],[0.05,""50""],[0.06,""40""],[0.07,""55.34""],[0.08,""145""],[0.09,""20""],[0.1,""20""],[0.11,""45""],[0.12,""364.58""],[0.13,""60""],[0.14,""102.94""],[0.15,""26.67""],[0.16,""26.25""],[0.17,""25.89""],[0.18,""25.56""],[0.19,""31.27""],[0.2,""25""],[0.21,""42.8""],[0.22,""73.08""]]","[[0.01,""6820.75""],[0.02,""144.67""],[0.03,""269.33""],[0.04,""32""],[0.05,""50""],[0.06,""39.67""],[0.07,""20""],[0.08,""20""],[0.09,""20""],[0.1,""25""],[0.11,""20""],[0.12,""120""],[0.13,""20""],[0.14,""20""],[0.15,""20""],[0.16,""25""],[0.17,""20""],[0.18,""20""],[0.19,""20""],[0.2,""20""],[0.21,""20""],[0.22,""20""],[0.23,""20""],[0.24,""20""],[0.25,""25""],[0.26,""25""],[0.27,""20""],[0.28,""20""],[0.29,""20""],[0.3,""20""],[0.31,""20""],[0.32,""20""],[0.33,""20""],[0.34,""20""],[0.35,""20""],[0.36,""120""],[0.37,""74.42""],[0.38,""20""],[0.39,""20""],[0.4,""20""],[0.41,""20""],[0.42,""20""],[0.43,""120""],[0.44,""20""],[0.45,""20""],[0.46,""120""],[0.47,""20""],[0.48,""20""],[0.49,""20""],[0.5,""20""],[0.51,""489.02""],[0.52,""140""],[0.53,""40""],[0.54,""40""],[0.55,""80""],[0.56,""20""],[0.57,""40.03""],[0.58,""40""],[0.59,""40""],[0.6,""40""],[0.61,""20""],[0.62,""20""],[0.63,""25""],[0.64,""20""],[0.65,""20""],[0.66,""25""],[0.67,""47.95""],[0.68,""55""],[0.69,""30""],[0.7,""37.58""],[0.71,""50""],[0.72,""42.8""],[0.73,""29.63""],[0.74,""34.21""],[0.75,""52.84""],[0.76,""54.44""],[0.77,""50""]]"
2026-05-17T02:59:02.820Z,btc-updown-15m-1778985900,"Bitcoin Up or Down - May 16, 10:45PM-11:00PM ET",btc-updown-15m-1778985900,2026-05-17T03:00:00Z,,0.21,0.22,0.78,0.79,0.215,0.37,9550.865680000006,,171.89,61.99,"[[0.01,""6499.82""],[0.02,""129""],[0.03,""216.33""],[0.04,""37""],[0.05,""30""],[0.06,""20""],[0.07,""105.34""],[0.12,""344.58""],[0.13,""60""],[0.14,""68.94""],[0.16,""6.26""],[0.17,""25""],[0.18,""37.8""],[0.19,""5.27""],[0.2,""158.98""],[0.21,""171.89""]]","[[0.01,""6790.75""],[0.02,""109.67""],[0.03,""244.33""],[0.04,""12""],[0.05,""30""],[0.06,""19.67""],[0.1,""5""],[0.12,""100""],[0.16,""5""],[0.25,""5""],[0.27,""5""],[0.36,""100""],[0.37,""54.42""],[0.43,""100""],[0.47,""100""],[0.5,""5""],[0.51,""469.02""],[0.52,""120""],[0.53,""20""],[0.54,""20""],[0.55,""85""],[0.56,""25""],[0.57,""20.03""],[0.58,""120""],[0.59,""120""],[0.6,""20""],[0.68,""10""],[0.69,""5""],[0.7,""5""],[0.71,""10""],[0.72,""10""],[0.73,""10""],[0.74,""6.21""],[0.75,""22.84""],[0.76,""45.8""],[0.77,""62.44""],[0.78,""61.99""]]"
2026-05-17T02:59:04.540Z,btc-updown-15m-1778985900,"Bitcoin Up or Down - May 16, 10:45PM-11:00PM ET",btc-updown-15m-1778985900,2026-05-17T03:00:00Z,,0.22,0.23,0.77,0.78,0.225,0.37,9550.865680000006,,59.31,45.0,"[[0.01,""6504.82""],[0.02,""129""],[0.03,""216.33""],[0.04,""37""],[0.05,""30""],[0.06,""130.34""],[0.12,""384.58""],[0.13,""20""],[0.14,""68.94""],[0.17,""30.89""],[0.18,""37.8""],[0.19,""100""],[0.2,""150""],[0.21,""33.68""],[0.22,""59.31""]]","[[0.01,""6765.75""],[0.02,""109.67""],[0.03,""244.33""],[0.04,""12""],[0.05,""30""],[0.06,""19.67""],[0.1,""5""],[0.12,""100""],[0.16,""5""],[0.25,""5""],[0.27,""5""],[0.32,""100""],[0.37,""54.42""],[0.38,""100""],[0.42,""100""],[0.46,""100""],[0.47,""100""],[0.51,""369.02""],[0.52,""20""],[0.53,""20""],[0.54,""20""],[0.55,""85""],[0.56,""25""],[0.57,""20.03""],[0.58,""20""],[0.59,""20""],[0.6,""120""],[0.61,""100""],[0.68,""10""],[0.69,""10""],[0.7,""10""],[0.71,""10""],[0.72,""10""],[0.73,""5""],[0.74,""21.21""],[0.75,""17.84""],[0.76,""25.8""],[0.77,""45""]]"
2026-05-17T02:59:06.588Z,btc-updown-15m-1778985900,"Bitcoin Up or Down - May 16, 10:45PM-11:00PM ET",btc-updown-15m-1778985900,2026-05-17T03:00:00Z,,0.22,0.23,0.77,0.78,0.225,0.37,9550.865680000006,,52.95,14.13,"[[0.01,""6504.82""],[0.02,""129""],[0.03,""216.33""],[0.04,""37""],[0.05,""30""],[0.06,""130.34""],[0.12,""56""],[0.13,""5""],[0.14,""68.94""],[0.17,""30.89""],[0.18,""137.8""],[0.19,""100""],[0.2,""58.98""],[0.21,""33.68""],[0.22,""52.95""]]","[[0.01,""6765.75""],[0.02,""109.67""],[0.03,""244.33""],[0.04,""12""],[0.05,""30""],[0.06,""19.67""],[0.1,""5""],[0.12,""100""],[0.16,""5""],[0.25,""5""],[0.27,""5""],[0.31,""100""],[0.38,""100""],[0.42,""100""],[0.46,""100""],[0.47,""100""],[0.49,""5""],[0.51,""369.02""],[0.52,""20""],[0.53,""20""],[0.54,""20""],[0.55,""85""],[0.56,""25""],[0.57,""20.03""],[0.58,""20""],[0.59,""20""],[0.6,""120""],[0.61,""100""],[0.68,""10""],[0.69,""5""],[0.7,""5""],[0.71,""10""],[0.72,""10""],[0.73,""10""],[0.74,""1.21""],[0.75,""37.84""],[0.76,""25.8""],[0.77,""14.13""]]"
2026-05-17T02:59:09.027Z,btc-updown-15m-1778985900,"Bitcoin Up or Down - May 16, 10:45PM-11:00PM ET",btc-updown-15m-1778985900,2026-05-17T03:00:00Z,,0.22,0.23,0.77,0.78,0.225,0.37,9550.865680000006,,35.6,55.8,"[[0.01,""6499.82""],[0.02,""129""],[0.03,""216.33""],[0.04,""37""],[0.05,""30""],[0.06,""125""],[0.11,""56""],[0.13,""5""],[0.14,""68.94""],[0.15,""6.67""],[0.17,""25""],[0.18,""137.8""],[0.19,""125""],[0.2,""50""],[0.22,""35.6""]]","[[0.01,""6770.75""],[0.02,""109.67""],[0.03,""244.33""],[0.04,""12""],[0.05,""30""],[0.06,""19.67""],[0.1,""5""],[0.12,""100""],[0.16,""5""],[0.25,""5""],[0.27,""5""],[0.33,""100""],[0.4,""100""],[0.43,""100""],[0.48,""100""],[0.49,""100""],[0.51,""374.02""],[0.52,""20""],[0.53,""20""],[0.54,""20""],[0.55,""85""],[0.56,""25""],[0.57,""20.03""],[0.58,""20""],[0.59,""20""],[0.6,""120""],[0.61,""100""],[0.68,""10""],[0.69,""5""],[0.7,""5""],[0.71,""5""],[0.72,""5""],[0.73,""5""],[0.74,""6.21""],[0.75,""22.84""],[0.76,""22.8""],[0.77,""55.8""]]"
2026-05-17T02:59:13.569Z,btc-updown-15m-1778985900,"Bitcoin Up or Down - May 16, 10:45PM-11:00PM ET",btc-updown-15m-1778985900,2026-05-17T03:00:00Z,,0.21,0.22,0.78,0.79,0.215,0.37,9550.865680000006,,25.0,90.8,"[[0.01,""6499.82""],[0.02,""134.34""],[0.03,""216.33""],[0.04,""37""],[0.05,""30""],[0.06,""125""],[0.1,""17""],[0.11,""40""],[0.13,""5""],[0.14,""76.09""],[0.16,""100""],[0.17,""135.55""],[0.18,""62.8""],[0.19,""25""],[0.2,""25""],[0.21,""25""]]","[[0.01,""6785.75""],[0.02,""109.67""],[0.03,""229.33""],[0.04,""12""],[0.05,""30""],[0.06,""19.67""],[0.1,""5""],[0.12,""100""],[0.16,""5""],[0.25,""5""],[0.27,""5""],[0.34,""100""],[0.41,""100""],[0.45,""100""],[0.5,""100""],[0.51,""469.02""],[0.52,""25""],[0.53,""20""],[0.54,""20""],[0.55,""60""],[0.56,""25""],[0.57,""45.03""],[0.58,""20""],[0.59,""20""],[0.6,""20""],[0.62,""100""],[0.63,""100""],[0.68,""5""],[0.69,""5""],[0.7,""5""],[0.71,""5""],[0.72,""5""],[0.73,""5""],[0.74,""1.21""],[0.75,""22.84""],[0.76,""22.8""],[0.77,""31.24""],[0.78,""90.8""]]"
2026-05-17T02:59:15.134Z,btc-updown-15m-1778985900,"Bitcoin Up or Down - May 16, 10:45PM-11:00PM ET",btc-updown-15m-1778985900,2026-05-17T03:00:00Z,,0.2,0.21,0.79,0.8,0.20500000000000002,0.37,9550.865680000006,,60.21,89.38,"[[0.01,""6504.82""],[0.02,""134.34""],[0.03,""216.33""],[0.04,""37""],[0.05,""30""],[0.06,""125""],[0.1,""57""],[0.13,""5""],[0.14,""76.09""],[0.16,""100""],[0.17,""160.55""],[0.18,""62.8""],[0.19,""22.24""],[0.2,""60.21""]]","[[0.01,""6780.75""],[0.02,""109.67""],[0.03,""229.33""],[0.04,""12""],[0.05,""30""],[0.06,""19.67""],[0.1,""5""],[0.12,""100""],[0.16,""5""],[0.25,""5""],[0.27,""5""],[0.33,""100""],[0.41,""100""],[0.45,""100""],[0.5,""100""],[0.51,""469.02""],[0.52,""20""],[0.53,""25""],[0.54,""20""],[0.55,""60""],[0.56,""25""],[0.57,""45.03""],[0.58,""20""],[0.59,""20""],[0.6,""20""],[0.62,""100""],[0.63,""100""],[0.68,""5""],[0.7,""5""],[0.71,""5""],[0.72,""5""],[0.73,""5""],[0.74,""1.21""],[0.75,""22.84""],[0.76,""22.8""],[0.77,""31.24""],[0.78,""35.8""],[0.79,""89.38""]]"
2026-05-17T02:59:17.336Z,btc-updown-15m-1778985900,"Bitcoin Up or Down - May 16, 10:45PM-11:00PM ET",btc-updown-15m-1778985900,2026-05-17T03:00:00Z,,0.2,0.21,0.79,0.8,0.20500000000000002,0.37,9550.865680000006,,10.0,79.61,"[[0.01,""6499.82""],[0.02,""129""],[0.03,""221.67""],[0.04,""37""],[0.05,""130""],[0.06,""25""],[0.09,""40""],[0.1,""17""],[0.13,""5""],[0.14,""76.09""],[0.15,""100""],[0.16,""100""],[0.17,""25""],[0.18,""25""],[0.19,""15""],[0.2,""10""]]","[[0.01,""6780.75""],[0.02,""109.67""],[0.03,""229.33""],[0.04,""12""],[0.05,""30""],[0.06,""19.67""],[0.1,""5""],[0.12,""100""],[0.16,""5""],[0.25,""5""],[0.29,""5""],[0.33,""100""],[0.41,""100""],[0.45,""100""],[0.5,""100""],[0.51,""469.02""],[0.52,""20""],[0.53,""20""],[0.54,""20""],[0.55,""60""],[0.56,""25""],[0.57,""45.03""],[0.58,""20""],[0.59,""20""],[0.6,""20""],[0.62,""100""],[0.63,""100""],[0.68,""5""],[0.7,""5""],[0.71,""5""],[0.72,""5""],[0.73,""5""],[0.74,""1.21""],[0.75,""17.84""],[0.76,""17.8""],[0.77,""21.93""],[0.78,""67.08""],[0.79,""79.61""]]"
2026-05-17T02:59:19.011Z,btc-updown-15m-1778985900,"Bitcoin Up or Down - May 16, 10:45PM-11:00PM ET",btc-updown-15m-1778985900,2026-05-17T03:00:00Z,,0.17,0.18,0.82,0.83,0.175,0.37,9550.865680000006,,18.97,107.64,"[[0.01,""6504.82""],[0.02,""139.34""],[0.03,""216.33""],[0.04,""37""],[0.05,""125""],[0.06,""20""],[0.09,""45""],[0.1,""18""],[0.13,""15.05""],[0.14,""68.94""],[0.15,""100""],[0.16,""137.8""],[0.17,""18.97""]]","[[0.01,""6780.75""],[0.02,""109.67""],[0.03,""229.33""],[0.04,""12""],[0.05,""98.2""],[0.06,""19.67""],[0.1,""5""],[0.12,""100""],[0.16,""5""],[0.25,""5""],[0.32,""5""],[0.33,""100""],[0.41,""100""],[0.45,""100""],[0.5,""100""],[0.51,""469.02""],[0.52,""20""],[0.53,""20""],[0.54,""25""],[0.55,""60""],[0.57,""45.03""],[0.58,""45""],[0.59,""20""],[0.6,""20""],[0.63,""100""],[0.64,""100""],[0.71,""5""],[0.72,""10""],[0.73,""5""],[0.74,""1.21""],[0.75,""5.04""],[0.76,""5""],[0.77,""16.93""],[0.78,""44.08""],[0.79,""55.8""],[0.8,""38.8""],[0.81,""17.8""],[0.82,""107.64""]]"
2026-05-17T02:59:20.958Z,btc-updown-15m-1778985900,"Bitcoin Up or Down - May 16, 10:45PM-11:00PM ET",btc-updown-15m-1778985900,2026-05-17T03:00:00Z,,0.16,0.17,0.83,0.84,0.165,0.37,9550.865680000006,,44.76,81.99,"[[0.01,""6504.82""],[0.02,""134""],[0.03,""221.67""],[0.04,""137""],[0.05,""30""],[0.06,""20""],[0.08,""40""],[0.09,""5""],[0.1,""18""],[0.13,""7.7""],[0.14,""181.75""],[0.15,""137.8""],[0.16,""44.76""]]","[[0.01,""6780.75""],[0.02,""109.67""],[0.03,""229.33""],[0.04,""12""],[0.05,""30""],[0.06,""19.67""],[0.1,""5""],[0.12,""100""],[0.16,""5""],[0.25,""5""],[0.32,""5""],[0.33,""100""],[0.41,""100""],[0.45,""100""],[0.5,""100""],[0.51,""369.02""],[0.52,""120""],[0.53,""20""],[0.54,""25""],[0.55,""60""],[0.57,""20.03""],[0.58,""45""],[0.59,""45""],[0.6,""20""],[0.63,""100""],[0.64,""100""],[0.71,""5""],[0.72,""10""],[0.73,""5""],[0.74,""1.21""],[0.75,""5.04""],[0.76,""5""],[0.77,""5""],[0.78,""17.8""],[0.79,""25.8""],[0.8,""53.8""],[0.81,""17.8""],[0.82,""65.83""],[0.83,""81.99""]]"
2026-05-17T02:59:22.950Z,btc-updown-15m-1778985900,"Bitcoin Up or Down - May 16, 10:45PM-11:00PM ET",btc-updown-15m-1778985900,2026-05-17T03:00:00Z,,0.15,0.17,0.84,0.85,0.16,0.37,9550.865680000006,,12.8,12.0,"[[0.01,""6499.82""],[0.02,""134""],[0.03,""316.33""],[0.04,""17""],[0.05,""10""],[0.08,""40""],[0.09,""25""],[0.11,""7.35""],[0.12,""48.28""],[0.13,""125""],[0.14,""168.94""],[0.15,""12.8""]]","[[0.01,""6780.75""],[0.02,""109.67""],[0.03,""229.33""],[0.04,""12""],[0.05,""30""],[0.06,""19.67""],[0.1,""5""],[0.12,""100""],[0.16,""5""],[0.25,""5""],[0.33,""105""],[0.41,""100""],[0.45,""100""],[0.51,""469.02""],[0.52,""120""],[0.53,""20""],[0.54,""20""],[0.55,""65""],[0.57,""20.03""],[0.58,""20""],[0.59,""20""],[0.6,""20""],[0.62,""25""],[0.63,""25""],[0.64,""100""],[0.65,""100""],[0.71,""5""],[0.72,""10""],[0.73,""5""],[0.74,""1.21""],[0.75,""5.04""],[0.76,""5""],[0.77,""5""],[0.78,""17.8""],[0.79,""26.8""],[0.8,""33.8""],[0.81,""32.8""],[0.82,""47.8""],[0.83,""95.79""],[0.84,""12""]]"
2026-05-17T02:59:24.991Z,btc-updown-15m-1778985900,"Bitcoin Up or Down - May 16, 10:45PM-11:00PM ET",btc-updown-15m-1778985900,2026-05-17T03:00:00Z,,0.14,0.15,0.85,0.86,0.14500000000000002,0.37,9550.865680000006,,177.04,133.09,"[[0.01,""6504.82""],[0.02,""139.34""],[0.03,""316.33""],[0.04,""17""],[0.05,""10""],[0.06,""5""],[0.07,""40""],[0.09,""20""],[0.1,""27.35""],[0.11,""25""],[0.12,""48.28""],[0.13,""100""],[0.14,""177.04""]]","[[0.01,""6780.75""],[0.02,""109.67""],[0.03,""229.33""],[0.04,""12""],[0.05,""30""],[0.06,""19.67""],[0.1,""5""],[0.12,""100""],[0.16,""5""],[0.25,""5""],[0.32,""100""],[0.35,""5""],[0.41,""100""],[0.45,""100""],[0.51,""469.02""],[0.52,""120""],[0.53,""20""],[0.54,""20""],[0.55,""20""],[0.56,""45""],[0.57,""20.03""],[0.58,""20""],[0.59,""20""],[0.6,""20""],[0.63,""25""],[0.64,""25""],[0.65,""100""],[0.66,""100""],[0.72,""10""],[0.73,""5""],[0.74,""1.21""],[0.75,""5.04""],[0.76,""5""],[0.77,""5""],[0.78,""5""],[0.79,""14""],[0.8,""33.8""],[0.81,""22.8""],[0.82,""17.8""],[0.83,""40""],[0.84,""20""],[0.85,""133.09""]]"
2026-05-17T02:59:27.029Z,btc-updown-15m-1778985900,"Bitcoin Up or Down - May 16, 10:45PM-11:00PM ET",btc-updown-15m-1778985900,2026-05-17T03:00:00Z,,0.14,0.15,0.85,0.86,0.14500000000000002,0.37,9550.865680000006,,45.9,109.21,"[[0.01,""6504.82""],[0.02,""239.34""],[0.03,""216.33""],[0.04,""17""],[0.05,""10""],[0.06,""45""],[0.09,""23""],[0.1,""37.93""],[0.11,""34.1""],[0.12,""132.35""],[0.13,""112.8""],[0.14,""45.9""]]","[[0.01,""6780.75""],[0.02,""109.67""],[0.03,""229.33""],[0.04,""12""],[0.05,""30""],[0.06,""19.67""],[0.1,""5""],[0.12,""100""],[0.16,""5""],[0.25,""5""],[0.32,""100""],[0.35,""5""],[0.41,""100""],[0.45,""100""],[0.51,""469.02""],[0.52,""120""],[0.53,""20""],[0.54,""20""],[0.55,""20""],[0.56,""45""],[0.57,""20.03""],[0.58,""20""],[0.59,""20""],[0.6,""20""],[0.63,""25""],[0.64,""25""],[0.65,""100""],[0.66,""100""],[0.72,""5""],[0.74,""1.21""],[0.75,""5.04""],[0.76,""5""],[0.77,""5""],[0.78,""5""],[0.79,""14""],[0.8,""33.8""],[0.81,""17.8""],[0.82,""17.8""],[0.83,""15""],[0.84,""52.8""],[0.85,""109.21""]]"
2026-05-17T02:59:28.950Z,btc-updown-15m-1778985900,"Bitcoin Up or Down - May 16, 10:45PM-11:00PM ET",btc-updown-15m-1778985900,2026-05-17T03:00:00Z,,0.14,0.15,0.85,0.86,0.14500000000000002,0.37,9550.865680000006,,44.27,138.96,"[[0.01,""6604.82""],[0.02,""139.34""],[0.03,""216.33""],[0.04,""17""],[0.05,""10""],[0.06,""45""],[0.08,""45.41""],[0.1,""62.93""],[0.11,""134.1""],[0.12,""100""],[0.13,""12.8""],[0.14,""44.27""]]","[[0.01,""6780.75""],[0.02,""109.67""],[0.03,""229.33""],[0.04,""12""],[0.05,""98.2""],[0.06,""19.67""],[0.1,""5""],[0.12,""100""],[0.16,""5""],[0.25,""5""],[0.32,""100""],[0.35,""5""],[0.41,""100""],[0.45,""100""],[0.51,""469.02""],[0.52,""120""],[0.53,""20""],[0.54,""20""],[0.55,""20""],[0.56,""40""],[0.57,""25.03""],[0.58,""20""],[0.59,""20""],[0.6,""20""],[0.64,""25""],[0.65,""25""],[0.66,""100""],[0.67,""100""],[0.72,""5""],[0.74,""1.21""],[0.75,""5.04""],[0.76,""5""],[0.77,""5""],[0.78,""5""],[0.79,""5""],[0.8,""42.8""],[0.81,""17.8""],[0.82,""17.8""],[0.83,""10""],[0.84,""68.45""],[0.85,""138.96""]]"
2026-05-17T02:59:30.943Z,btc-updown-15m-1778985900,"Bitcoin Up or Down - May 16, 10:45PM-11:00PM ET",btc-updown-15m-1778985900,2026-05-17T03:00:00Z,,0.15,0.16,0.84,0.85,0.155,0.37,9550.865680000006,,23.95,75.01,"[[0.01,""6499.82""],[0.02,""139.34""],[0.03,""216.33""],[0.04,""17""],[0.05,""50""],[0.06,""5""],[0.09,""21""],[0.1,""30.01""],[0.12,""7.35""],[0.13,""27.8""],[0.14,""54.28""],[0.15,""23.95""]]","[[0.01,""6765.75""],[0.02,""109.67""],[0.03,""229.33""],[0.04,""12""],[0.05,""30""],[0.06,""19.67""],[0.1,""5""],[0.12,""100""],[0.16,""5""],[0.25,""5""],[0.32,""100""],[0.34,""5""],[0.4,""100""],[0.45,""100""],[0.51,""469.02""],[0.52,""20""],[0.53,""120""],[0.54,""20""],[0.55,""20""],[0.56,""40""],[0.57,""20.03""],[0.58,""20""],[0.59,""20""],[0.6,""20""],[0.73,""5""],[0.74,""5""],[0.75,""5.04""],[0.76,""10""],[0.77,""5""],[0.78,""5""],[0.79,""5""],[0.8,""47.8""],[0.81,""22.8""],[0.82,""17.8""],[0.83,""12.8""],[0.84,""75.01""]]"
2026-05-17T02:59:32.974Z,btc-updown-15m-1778985900,"Bitcoin Up or Down - May 16, 10:45PM-11:00PM ET",btc-updown-15m-1778985900,2026-05-17T03:00:00Z,,0.15,0.16,0.84,0.85,0.155,0.37,9550.865680000006,,16.95,132.67,"[[0.01,""6504.82""],[0.02,""139.34""],[0.03,""216.33""],[0.04,""17""],[0.05,""45""],[0.06,""5""],[0.09,""21""],[0.1,""30.01""],[0.12,""15""],[0.13,""20.15""],[0.14,""47.07""],[0.15,""16.95""]]","[[0.01,""6765.75""],[0.02,""109.67""],[0.03,""229.33""],[0.04,""12""],[0.05,""30""],[0.06,""19.67""],[0.1,""5""],[0.12,""100""],[0.16,""5""],[0.25,""5""],[0.31,""100""],[0.34,""5""],[0.4,""100""],[0.45,""100""],[0.51,""369.02""],[0.52,""120""],[0.53,""120""],[0.54,""20""],[0.55,""20""],[0.56,""40""],[0.57,""20.03""],[0.58,""25""],[0.59,""20""],[0.6,""20""],[0.75,""5.04""],[0.76,""10""],[0.77,""5""],[0.78,""5""],[0.79,""14""],[0.8,""38.8""],[0.81,""22.8""],[0.82,""22.8""],[0.83,""37.8""],[0.84,""132.67""]]"
2026-05-17T02:59:35.754Z,btc-updown-15m-1778985900,"Bitcoin Up or Down - May 16, 10:45PM-11:00PM ET",btc-updown-15m-1778985900,2026-05-17T03:00:00Z,,0.12,0.13,0.87,0.88,0.125,0.37,9550.865680000006,,31.21,47.0,"[[0.01,""6504.82""],[0.02,""112.34""],[0.03,""216.33""],[0.04,""62""],[0.05,""10""],[0.06,""29.89""],[0.07,""53.62""],[0.09,""84.57""],[0.12,""31.21""]]","[[0.01,""6765.75""],[0.02,""109.67""],[0.03,""229.33""],[0.04,""12""],[0.05,""30""],[0.06,""19.67""],[0.1,""5""],[0.12,""100""],[0.16,""5""],[0.25,""5""],[0.31,""100""],[0.35,""5""],[0.4,""100""],[0.46,""100""],[0.51,""369.02""],[0.52,""120""],[0.53,""120""],[0.54,""20""],[0.55,""20""],[0.56,""40""],[0.57,""20.03""],[0.58,""20""],[0.59,""20""],[0.6,""25""],[0.75,""0.04""],[0.76,""5""],[0.77,""5""],[0.78,""5""],[0.79,""5""],[0.8,""21""],[0.81,""20.27""],[0.82,""22.8""],[0.83,""17.8""],[0.84,""22.8""],[0.85,""23.25""],[0.86,""20""],[0.87,""47""]]"
2026-05-17T02:59:40.223Z,btc-updown-15m-1778985900,"Bitcoin Up or Down - May 16, 10:45PM-11:00PM ET",btc-updown-15m-1778985900,2026-05-17T03:00:00Z,,0.09,0.1,0.9,0.91,0.095,0.37,9550.865680000006,,27.8,77.47,"[[0.01,""6504.82""],[0.02,""152.34""],[0.03,""216.33""],[0.04,""17""],[0.05,""10""],[0.06,""26""],[0.09,""27.8""]]","[[0.01,""6790.55""],[0.02,""109.67""],[0.03,""229.33""],[0.04,""12""],[0.05,""98.2""],[0.06,""19.67""],[0.1,""5""],[0.12,""100""],[0.14,""10""],[0.16,""5""],[0.25,""5""],[0.31,""100""],[0.37,""5""],[0.42,""100""],[0.48,""100""],[0.51,""369.02""],[0.52,""20""],[0.53,""20""],[0.54,""20""],[0.55,""120""],[0.56,""40""],[0.57,""120.03""],[0.58,""20""],[0.59,""20""],[0.6,""20""],[0.64,""5""],[0.75,""0.04""],[0.81,""10.27""],[0.82,""5""],[0.83,""14""],[0.84,""10""],[0.85,""22.8""],[0.86,""17.8""],[0.87,""137.02""],[0.88,""59.87""],[0.89,""20.42""],[0.9,""77.47""]]"
2026-05-17T02:59:43.420Z,btc-updown-15m-1778985900,"Bitcoin Up or Down - May 16, 10:45PM-11:00PM ET",btc-updown-15m-1778985900,2026-05-17T03:00:00Z,,0.09,0.1,0.9,0.91,0.095,0.37,9550.865680000006,,20.9,263.99,"[[0.01,""6544.82""],[0.02,""202.64""],[0.03,""216.33""],[0.04,""62.15""],[0.05,""42""],[0.07,""15""],[0.09,""20.9""]]","[[0.01,""6790.55""],[0.02,""109.67""],[0.03,""229.33""],[0.04,""12""],[0.05,""98.2""],[0.06,""19.67""],[0.1,""5""],[0.12,""100""],[0.14,""10""],[0.16,""5""],[0.25,""5""],[0.31,""100""],[0.4,""5""],[0.42,""100""],[0.49,""100""],[0.51,""369.02""],[0.52,""20""],[0.53,""20""],[0.54,""20""],[0.55,""20""],[0.56,""40""],[0.57,""20.03""],[0.58,""120""],[0.59,""20""],[0.6,""20""],[0.66,""5""],[0.75,""0.04""],[0.83,""14""],[0.84,""10""],[0.85,""24.47""],[0.86,""17.8""],[0.87,""43.22""],[0.88,""255.22""],[0.89,""38.22""],[0.9,""263.99""]]"
2026-05-17T02:59:46.435Z,btc-updown-15m-1778985900,"Bitcoin Up or Down - May 16, 10:45PM-11:00PM ET",btc-updown-15m-1778985900,2026-05-17T03:00:00Z,,0.09,0.1,0.9,0.91,0.095,0.37,9550.865680000006,,0.12,155.32,"[[0.01,""6690.42""],[0.02,""202.64""],[0.03,""253.33""],[0.04,""17""],[0.05,""10""],[0.09,""0.12""]]","[[0.01,""6785.55""],[0.02,""109.67""],[0.03,""229.33""],[0.04,""12""],[0.05,""30""],[0.06,""19.67""],[0.1,""5""],[0.12,""100""],[0.14,""10""],[0.16,""5""],[0.25,""5""],[0.4,""5""],[0.5,""100""],[0.51,""369.02""],[0.52,""20""],[0.53,""20""],[0.54,""20""],[0.55,""20""],[0.57,""20.03""],[0.58,""60""],[0.59,""120""],[0.6,""20""],[0.66,""100""],[0.71,""100""],[0.72,""100""],[0.75,""0.04""],[0.84,""5""],[0.85,""12.8""],[0.86,""12.8""],[0.87,""48.22""],[0.88,""33.22""],[0.89,""38.22""],[0.9,""155.32""]]"
2026-05-17T02:59:49.561Z,btc-updown-15m-1778985900,"Bitcoin Up or Down - May 16, 10:45PM-11:00PM ET",btc-updown-15m-1778985900,2026-05-17T03:00:00Z,,0.76,0.88,0.12,0.24,0.8200000000000001,0.37,9550.865680000006,,3.62,10.0,"[[0.01,""6394.82""],[0.02,""107.34""],[0.03,""216.33""],[0.05,""75""],[0.14,""8""],[0.15,""251""],[0.25,""80""],[0.44,""40""],[0.49,""8""],[0.51,""100.61""],[0.76,""3.62""]]","[[0.01,""6685.55""],[0.02,""167.67""],[0.03,""229.33""],[0.04,""12""],[0.05,""172.64""],[0.06,""48.37""],[0.07,""24.41""],[0.08,""89.66""],[0.11,""22.8""],[0.12,""10""]]"
2026-05-17T02:59:51.308Z,btc-updown-15m-1778985900,"Bitcoin Up or Down - May 16, 10:45PM-11:00PM ET",btc-updown-15m-1778985900,2026-05-17T03:00:00Z,,0.15,0.16,0.84,0.85,0.155,0.37,9550.865680000006,,67.35,81.24,"[[0.01,""1294.82""],[0.02,""187.55""],[0.03,""136.33""],[0.04,""61.11""],[0.1,""100""],[0.15,""67.35""]]","[[0.01,""1580.55""],[0.02,""154.67""],[0.03,""109.33""],[0.04,""12""],[0.05,""173.2""],[0.06,""19.67""],[0.1,""118""],[0.12,""105""],[0.13,""3.98""],[0.15,""87""],[0.2,""59""],[0.22,""45""],[0.24,""100""],[0.25,""47""],[0.3,""73""],[0.35,""133""],[0.39,""100""],[0.4,""29""],[0.44,""100""],[0.51,""8""],[0.52,""7""],[0.64,""10""],[0.71,""5""],[0.81,""22.87""],[0.84,""81.24""]]"
2026-05-17T02:59:53.591Z,btc-updown-15m-1778985900,"Bitcoin Up or Down - May 16, 10:45PM-11:00PM ET",btc-updown-15m-1778985900,2026-05-17T03:00:00Z,,0.32,0.33,0.67,0.68,0.325,0.37,9550.865680000006,,8.0,31.08,"[[0.01,""1294.82""],[0.02,""107.34""],[0.03,""96.33""],[0.11,""11""],[0.15,""57.18""],[0.21,""66.66""],[0.3,""5""],[0.32,""8""]]","[[0.01,""1575.55""],[0.02,""99.67""],[0.03,""109.33""],[0.04,""12""],[0.05,""173.2""],[0.06,""19.67""],[0.07,""200""],[0.1,""218""],[0.13,""3.98""],[0.15,""79""],[0.2,""59""],[0.25,""47""],[0.3,""39""],[0.35,""33""],[0.4,""29""],[0.46,""7""],[0.54,""8""],[0.55,""10""],[0.67,""31.08""]]"
2026-05-17T02:59:56.723Z,btc-updown-15m-1778985900,"Bitcoin Up or Down - May 16, 10:45PM-11:00PM ET",btc-updown-15m-1778985900,2026-05-17T03:00:00Z,,0.03,0.04,0.96,0.97,0.035,0.37,9550.865680000006,,54.99,15.45,"[[0.01,""1115.82""],[0.02,""107.34""],[0.03,""54.99""]]","[[0.01,""1380.55""],[0.02,""149.67""],[0.03,""109.33""],[0.04,""42""],[0.05,""1370.2""],[0.06,""37.67""],[0.1,""843""],[0.13,""3.98""],[0.15,""495""],[0.2,""421""],[0.25,""47""],[0.3,""39""],[0.35,""33""],[0.4,""29""],[0.48,""8""],[0.59,""100""],[0.71,""5""],[0.83,""112.06""],[0.9,""25""],[0.95,""16.79""],[0.96,""15.45""]]"
2026-05-17T02:59:59.015Z,btc-updown-15m-1778985900,"Bitcoin Up or Down - May 16, 10:45PM-11:00PM ET",btc-updown-15m-1778985900,2026-05-17T03:00:00Z,,0.36,0.01,0.99,0.64,0.185,0.37,9550.865680000006,,,9264.44,[],"[[0.01,""1472.55""],[0.02,""149.67""],[0.03,""75.33""],[0.04,""42""],[0.05,""1302""],[0.06,""89.67""],[0.1,""843""],[0.11,""32""],[0.13,""3.98""],[0.15,""495""],[0.2,""421""],[0.21,""22""],[0.25,""47""],[0.3,""39""],[0.31,""6""],[0.35,""33""],[0.4,""29""],[0.41,""6""],[0.51,""6""],[0.58,""100""],[0.6,""19.65""],[0.61,""6""],[0.71,""100""],[0.78,""5""],[0.88,""100""],[0.9,""25""],[0.95,""61""],[0.96,""64""],[0.97,""32.52""],[0.98,""205""],[0.99,""9264.44""]]"
2026-05-17T03:00:01.032Z,btc-updown-15m-1778985900,"Bitcoin Up or Down - May 16, 10:45PM-11:00PM ET",btc-updown-15m-1778985900,2026-05-17T03:00:00Z,,0.36,0.01,0.99,0.64,0.185,0.37,9550.865680000006,,,327694.7,[],"[[0.01,""1432.75""],[0.02,""99.67""],[0.03,""70.33""],[0.04,""37""],[0.05,""547""],[0.06,""84.67""],[0.1,""100""],[0.11,""32""],[0.13,""3.98""],[0.2,""2482""],[0.21,""22""],[0.25,""165""],[0.31,""6""],[0.35,""151.9""],[0.4,""10.41""],[0.41,""6""],[0.45,""149.25""],[0.5,""8.33""],[0.51,""6""],[0.54,""40""],[0.55,""140""],[0.58,""2617""],[0.6,""6.94""],[0.61,""6""],[0.65,""3242""],[0.68,""2617""],[0.7,""5.95""],[0.75,""110""],[0.78,""5""],[0.83,""150""],[0.85,""3097""],[0.9,""25""],[0.95,""61""],[0.96,""64""],[0.97,""32.52""],[0.98,""5""],[0.99,""327694.7""]]"
2026-05-17T03:00:03.524Z,btc-updown-15m-1778985900,"Bitcoin Up or Down - May 16, 10:45PM-11:00PM ET",btc-updown-15m-1778985900,2026-05-17T03:00:00Z,,0.36,0.01,0.99,0.64,0.185,0.37,9550.865680000006,,,652034.47,[],"[[0.01,""101427.75""],[0.02,""104.67""],[0.03,""70.33""],[0.04,""25037""],[0.05,""657""],[0.06,""25084.67""],[0.1,""2497""],[0.11,""32""],[0.13,""19603.98""],[0.15,""43""],[0.2,""2464""],[0.21,""22""],[0.25,""218.99""],[0.3,""2432""],[0.31,""16906""],[0.35,""151.9""],[0.4,""2442.41""],[0.41,""6""],[0.42,""3377""],[0.45,""3246.25""],[0.48,""2617""],[0.5,""2440.33""],[0.51,""6""],[0.52,""3377""],[0.54,""40""],[0.55,""3237""],[0.58,""2617""],[0.6,""2438.94""],[0.61,""6""],[0.62,""3377""],[0.65,""3242""],[0.68,""2617""],[0.7,""5.95""],[0.71,""9600""],[0.72,""12977""],[0.75,""3207""],[0.78,""2622""],[0.82,""3377""],[0.83,""150""],[0.84,""34.47""],[0.85,""3097""],[0.88,""2617""],[0.91,""1761""],[0.92,""12977""],[0.93,""11361""],[0.94,""11361""],[0.95,""12758""],[0.96,""1825""],[0.97,""29793.52""],[0.98,""26383""],[0.99,""652034.47""]]"
2026-05-17T03:00:05.657Z,btc-updown-15m-1778985900,"Bitcoin Up or Down - May 16, 10:45PM-11:00PM ET",btc-updown-15m-1778985900,2026-05-17T03:00:00Z,,0.36,0.01,0.99,0.64,0.185,0.37,9550.865680000006,,,651988.27,[],"[[0.01,""101427.75""],[0.02,""104.67""],[0.03,""70.33""],[0.04,""25037""],[0.05,""527""],[0.06,""25084.67""],[0.1,""2432""],[0.11,""32""],[0.13,""19603.98""],[0.2,""2432""],[0.21,""22""],[0.25,""218.99""],[0.3,""2432""],[0.31,""16906""],[0.35,""151.9""],[0.4,""2442.41""],[0.41,""6""],[0.42,""3377""],[0.45,""3246.25""],[0.48,""2617""],[0.5,""2440.33""],[0.51,""6""],[0.52,""3377""],[0.54,""40""],[0.55,""3237""],[0.58,""2617""],[0.6,""2438.94""],[0.61,""6""],[0.62,""3377""],[0.65,""3242""],[0.68,""2617""],[0.7,""5.95""],[0.71,""9600""],[0.72,""12977""],[0.75,""3207""],[0.78,""2622""],[0.82,""3377""],[0.83,""150""],[0.84,""34.47""],[0.85,""3097""],[0.88,""2617""],[0.91,""1761""],[0.92,""12977""],[0.93,""11361""],[0.94,""11361""],[0.95,""12758""],[0.96,""1825""],[0.97,""29793.52""],[0.98,""26383""],[0.99,""651988.27""]]"
2026-05-17T03:00:07.418Z,btc-updown-15m-1778985900,"Bitcoin Up or Down - May 16, 10:45PM-11:00PM ET",btc-updown-15m-1778985900,2026-05-17T03:00:00Z,,0.36,0.01,0.99,0.64,0.185,0.37,9550.865680000006,,,651740.09,[],"[[0.01,""101427.75""],[0.02,""104.67""],[0.03,""70.33""],[0.04,""25037""],[0.05,""527""],[0.06,""25084.67""],[0.1,""2432""],[0.11,""32""],[0.13,""19603.98""],[0.2,""2432""],[0.21,""22""],[0.25,""218.99""],[0.3,""2432""],[0.31,""16906""],[0.35,""151.9""],[0.4,""2442.41""],[0.41,""6""],[0.42,""3377""],[0.45,""3246.25""],[0.48,""2617""],[0.5,""2440.33""],[0.51,""6""],[0.52,""3377""],[0.54,""40""],[0.55,""3237""],[0.58,""2617""],[0.6,""2438.94""],[0.61,""6""],[0.62,""3377""],[0.65,""3242""],[0.68,""2617""],[0.7,""5.95""],[0.71,""9600""],[0.72,""12977""],[0.75,""3207""],[0.78,""2622""],[0.82,""3377""],[0.83,""150""],[0.84,""34.47""],[0.85,""3097""],[0.88,""2617""],[0.91,""1761""],[0.92,""12977""],[0.93,""11361""],[0.94,""11361""],[0.95,""12758""],[0.96,""1825""],[0.97,""29793.52""],[0.98,""26383""],[0.99,""651740.09""]]"
2026-05-17T03:00:09.724Z,btc-updown-15m-1778985900,"Bitcoin Up or Down - May 16, 10:45PM-11:00PM ET",btc-updown-15m-1778985900,2026-05-17T03:00:00Z,,0.36,0.01,0.99,0.64,0.185,0.37,9550.865680000006,,,651745.09,[],"[[0.01,""101427.75""],[0.02,""104.67""],[0.03,""70.33""],[0.04,""25037""],[0.05,""527""],[0.06,""25084.67""],[0.1,""2432""],[0.11,""32""],[0.13,""19603.98""],[0.2,""2432""],[0.21,""22""],[0.25,""218.99""],[0.3,""2432""],[0.31,""16906""],[0.35,""151.9""],[0.4,""2442.41""],[0.41,""6""],[0.42,""3377""],[0.45,""3246.25""],[0.48,""2617""],[0.5,""2440.33""],[0.51,""6""],[0.52,""3377""],[0.54,""40""],[0.55,""3237""],[0.58,""2617""],[0.6,""2438.94""],[0.61,""6""],[0.62,""3377""],[0.65,""3242""],[0.68,""2617""],[0.7,""5.95""],[0.71,""9600""],[0.72,""12977""],[0.75,""3207""],[0.78,""2617""],[0.82,""3377""],[0.83,""150""],[0.84,""34.47""],[0.85,""3097""],[0.88,""2617""],[0.91,""1761""],[0.92,""12977""],[0.93,""11361""],[0.94,""11361""],[0.95,""12758""],[0.96,""1825""],[0.97,""29793.52""],[0.98,""26383""],[0.99,""651745.09""]]"
2026-05-17T03:00:12.995Z,btc-updown-15m-1778985900,"Bitcoin Up or Down - May 16, 10:45PM-11:00PM ET",btc-updown-15m-1778985900,2026-05-17T03:00:00Z,,0.36,0.01,0.99,0.64,0.185,0.37,9550.865680000006,,,651743.89,[],"[[0.01,""101422.75""],[0.02,""104.67""],[0.03,""70.33""],[0.04,""25037""],[0.05,""527""],[0.06,""25084.67""],[0.1,""2432""],[0.11,""32""],[0.13,""19603.98""],[0.2,""2432""],[0.21,""22""],[0.25,""218.99""],[0.3,""2432""],[0.31,""16906""],[0.35,""151.9""],[0.4,""2442.41""],[0.41,""6""],[0.42,""3377""],[0.45,""3246.25""],[0.48,""2617""],[0.5,""2440.33""],[0.51,""6""],[0.52,""3377""],[0.54,""40""],[0.55,""3237""],[0.58,""2617""],[0.6,""2438.94""],[0.61,""6""],[0.62,""3377""],[0.65,""3242""],[0.68,""2617""],[0.7,""5.95""],[0.71,""9600""],[0.72,""12977""],[0.75,""3207""],[0.78,""2617""],[0.82,""3377""],[0.83,""150""],[0.84,""34.47""],[0.85,""3097""],[0.88,""2617""],[0.91,""1761""],[0.92,""12977""],[0.93,""11361""],[0.94,""11361""],[0.95,""12758""],[0.96,""1825""],[0.97,""29793.52""],[0.98,""26383""],[0.99,""651743.89""]]"
2026-05-17T03:00:15.883Z,btc-updown-15m-1778985900,"Bitcoin Up or Down - May 16, 10:45PM-11:00PM ET",btc-updown-15m-1778985900,2026-05-17T03:00:00Z,,0.36,0.01,0.99,0.64,0.185,0.37,9550.865680000006,,,651743.89,[],"[[0.01,""101422.75""],[0.02,""104.67""],[0.03,""70.33""],[0.04,""25037""],[0.05,""527""],[0.06,""25084.67""],[0.1,""2432""],[0.11,""32""],[0.13,""19603.98""],[0.2,""2432""],[0.21,""22""],[0.25,""218.99""],[0.3,""2432""],[0.31,""16906""],[0.35,""151.9""],[0.4,""2442.41""],[0.41,""6""],[0.42,""3377""],[0.45,""3246.25""],[0.48,""2617""],[0.5,""2440.33""],[0.51,""6""],[0.52,""3377""],[0.54,""40""],[0.55,""3237""],[0.58,""2617""],[0.6,""2438.94""],[0.61,""6""],[0.62,""3377""],[0.65,""3242""],[0.68,""2617""],[0.7,""5.95""],[0.71,""9600""],[0.72,""12977""],[0.75,""3207""],[0.78,""2617""],[0.82,""3377""],[0.83,""150""],[0.84,""34.47""],[0.85,""3097""],[0.88,""2617""],[0.91,""1761""],[0.92,""12977""],[0.93,""11361""],[0.94,""11361""],[0.95,""12758""],[0.96,""1825""],[0.97,""29793.52""],[0.98,""26383""],[0.99,""651743.89""]]"
2026-05-17T03:00:21.141Z,btc-updown-15m-1778985900,"Bitcoin Up or Down - May 16, 10:45PM-11:00PM ET",btc-updown-15m-1778985900,2026-05-17T03:00:00Z,,0.36,0.01,0.99,0.64,0.185,0.37,9550.865680000006,,,653481.33,[],"[[0.01,""101422.75""],[0.02,""104.67""],[0.03,""70.33""],[0.04,""25037""],[0.05,""527""],[0.06,""25084.67""],[0.1,""2432""],[0.11,""32""],[0.13,""19600""],[0.2,""2432""],[0.21,""22""],[0.25,""218.99""],[0.3,""2432""],[0.31,""16906""],[0.35,""151.9""],[0.4,""2442.41""],[0.41,""6""],[0.42,""3377""],[0.45,""3246.25""],[0.48,""2617""],[0.5,""2440.33""],[0.51,""6""],[0.52,""3377""],[0.54,""40""],[0.55,""3237""],[0.58,""2617""],[0.6,""2438.94""],[0.61,""6""],[0.62,""3377""],[0.65,""3242""],[0.68,""2617""],[0.7,""5.95""],[0.71,""9600""],[0.72,""12977""],[0.75,""3207""],[0.78,""2617""],[0.82,""3377""],[0.83,""150""],[0.84,""34.47""],[0.85,""3097""],[0.88,""2617""],[0.91,""1761""],[0.92,""12977""],[0.93,""11361""],[0.94,""11361""],[0.95,""12758""],[0.96,""1825""],[0.97,""29793.52""],[0.98,""26383""],[0.99,""653481.33""]]"
2026-05-17T03:00:22.713Z,btc-updown-15m-1778985900,"Bitcoin Up or Down - May 16, 10:45PM-11:00PM ET",btc-updown-15m-1778985900,2026-05-17T03:00:00Z,,0.36,0.01,0.99,0.64,0.185,0.37,9550.865680000006,,,653476.33,[],"[[0.01,""101422.75""],[0.02,""104.67""],[0.03,""70.33""],[0.04,""25037""],[0.05,""527""],[0.06,""25084.67""],[0.1,""2432""],[0.11,""32""],[0.13,""19600""],[0.2,""2432""],[0.21,""22""],[0.25,""218.99""],[0.3,""2432""],[0.31,""16906""],[0.35,""151.9""],[0.4,""2442.41""],[0.41,""6""],[0.42,""3377""],[0.45,""3246.25""],[0.48,""2617""],[0.5,""2440.33""],[0.51,""6""],[0.52,""3377""],[0.54,""40""],[0.55,""3237""],[0.58,""2617""],[0.6,""2438.94""],[0.61,""6""],[0.62,""3377""],[0.65,""3242""],[0.68,""2617""],[0.7,""5.95""],[0.71,""9600""],[0.72,""12977""],[0.75,""3207""],[0.78,""2617""],[0.82,""3377""],[0.83,""150""],[0.84,""34.47""],[0.85,""3097""],[0.88,""2617""],[0.91,""1761""],[0.92,""12977""],[0.93,""11361""],[0.94,""11361""],[0.95,""12758""],[0.96,""1825""],[0.97,""29793.52""],[0.98,""26383""],[0.99,""653476.33""]]"
2026-05-17T03:00:24.783Z,btc-updown-15m-1778985900,"Bitcoin Up or Down - May 16, 10:45PM-11:00PM ET",btc-updown-15m-1778985900,2026-05-17T03:00:00Z,,0.36,0.01,0.99,0.64,0.185,0.37,9550.865680000006,,,653476.33,[],"[[0.01,""101422.75""],[0.02,""104.67""],[0.03,""70.33""],[0.04,""25037""],[0.05,""527""],[0.06,""25084.67""],[0.1,""2432""],[0.11,""32""],[0.13,""19600""],[0.2,""2432""],[0.21,""22""],[0.25,""218.99""],[0.3,""2432""],[0.31,""16906""],[0.35,""151.9""],[0.4,""2442.41""],[0.41,""6""],[0.42,""3377""],[0.45,""3246.25""],[0.48,""2617""],[0.5,""2440.33""],[0.51,""6""],[0.52,""3377""],[0.54,""40""],[0.55,""3237""],[0.58,""2617""],[0.6,""2438.94""],[0.61,""6""],[0.62,""3377""],[0.65,""3242""],[0.68,""2617""],[0.7,""5.95""],[0.71,""9600""],[0.72,""12977""],[0.75,""3207""],[0.78,""2617""],[0.82,""3377""],[0.83,""150""],[0.84,""34.47""],[0.85,""3097""],[0.88,""2617""],[0.91,""1761""],[0.92,""12977""],[0.93,""11361""],[0.94,""11361""],[0.95,""12758""],[0.96,""1825""],[0.97,""29793.52""],[0.98,""26383""],[0.99,""653476.33""]]"
