timestamp_utc,ticker,title,event_ticker,close_time,status,yes_bid,yes_ask,no_bid,no_ask,yes_mid,last_price,volume,open_interest,best_yes_bid_qty,best_no_bid_qty,yes_levels_json,no_levels_json
2026-05-16T13:30:03.741Z,KXBTC15M-26MAY160945-45,BTC price up in next 15 mins?,KXBTC15M-26MAY160945,2026-05-16T13:45:00Z,active,0.51,0.52,0.48,0.49,0.515,0.51,0.21,0.21,424.0,25.0,"[[""0.4500"",""17.00""],[""0.4600"",""9.00""],[""0.4700"",""8.00""],[""0.4800"",""159.00""],[""0.4900"",""8.00""],[""0.5000"",""166.00""],[""0.5100"",""50.79""],[""0.5200"",""27.00""],[""0.5300"",""513.12""],[""0.5400"",""424.00""]]","[[""0.3500"",""675.85""],[""0.3600"",""141.77""],[""0.3700"",""139.00""],[""0.3800"",""132.00""],[""0.3900"",""282.00""],[""0.4000"",""583.00""],[""0.4100"",""304.00""],[""0.4200"",""3.00""],[""0.4300"",""203.00""],[""0.4400"",""25.00""]]"
2026-05-16T13:30:05.733Z,KXBTC15M-26MAY160945-45,BTC price up in next 15 mins?,KXBTC15M-26MAY160945,2026-05-16T13:45:00Z,active,0.51,0.52,0.48,0.49,0.515,0.51,0.21,0.21,939.97,11.55,"[[""0.4500"",""17.00""],[""0.4600"",""9.00""],[""0.4700"",""8.00""],[""0.4800"",""9.00""],[""0.4900"",""11.00""],[""0.5000"",""329.00""],[""0.5100"",""48.79""],[""0.5200"",""29.00""],[""0.5300"",""811.00""],[""0.5400"",""939.97""]]","[[""0.3600"",""141.77""],[""0.3700"",""289.00""],[""0.3800"",""132.00""],[""0.3900"",""134.00""],[""0.4000"",""183.00""],[""0.4100"",""144.00""],[""0.4200"",""401.00""],[""0.4300"",""218.00""],[""0.4400"",""1.00""],[""0.4500"",""11.55""]]"
2026-05-16T13:30:07.719Z,KXBTC15M-26MAY160945-45,BTC price up in next 15 mins?,KXBTC15M-26MAY160945,2026-05-16T13:45:00Z,active,0.51,0.52,0.48,0.49,0.515,0.51,0.21,0.21,153.44,662.78,"[[""0.4600"",""9.00""],[""0.4700"",""8.00""],[""0.4800"",""34.00""],[""0.4900"",""161.00""],[""0.5000"",""179.00""],[""0.5100"",""73.79""],[""0.5200"",""431.00""],[""0.5300"",""250.00""],[""0.5400"",""762.45""],[""0.5500"",""153.44""]]","[[""0.3400"",""42.94""],[""0.3500"",""175.85""],[""0.3600"",""139.00""],[""0.3700"",""164.00""],[""0.3800"",""282.00""],[""0.3900"",""132.00""],[""0.4000"",""218.00""],[""0.4100"",""146.00""],[""0.4200"",""102.00""],[""0.4300"",""662.78""]]"
2026-05-16T13:30:09.750Z,KXBTC15M-26MAY160945-45,BTC price up in next 15 mins?,KXBTC15M-26MAY160945,2026-05-16T13:45:00Z,active,0.51,0.52,0.48,0.49,0.515,0.51,0.21,0.21,12.0,107.97,"[[""0.4600"",""134.00""],[""0.4700"",""133.00""],[""0.4800"",""159.00""],[""0.4900"",""301.00""],[""0.5000"",""289.00""],[""0.5100"",""200.79""],[""0.5200"",""554.00""],[""0.5300"",""205.00""],[""0.5400"",""251.00""],[""0.5500"",""12.00""]]","[[""0.3500"",""298.00""],[""0.3600"",""264.00""],[""0.3700"",""289.00""],[""0.3800"",""407.00""],[""0.3900"",""657.00""],[""0.4000"",""345.00""],[""0.4100"",""271.00""],[""0.4200"",""227.00""],[""0.4300"",""205.63""],[""0.4400"",""107.97""]]"
2026-05-16T13:30:11.724Z,KXBTC15M-26MAY160945-45,BTC price up in next 15 mins?,KXBTC15M-26MAY160945,2026-05-16T13:45:00Z,active,0.51,0.52,0.48,0.49,0.515,0.51,0.21,0.21,70.06,251.23,"[[""0.4500"",""167.00""],[""0.4600"",""134.00""],[""0.4700"",""133.00""],[""0.4800"",""159.00""],[""0.4900"",""286.00""],[""0.5000"",""289.00""],[""0.5100"",""217.79""],[""0.5200"",""554.00""],[""0.5300"",""213.00""],[""0.5400"",""70.06""]]","[[""0.3600"",""266.77""],[""0.3700"",""304.00""],[""0.3800"",""407.00""],[""0.3900"",""657.00""],[""0.4000"",""345.00""],[""0.4100"",""271.00""],[""0.4200"",""126.00""],[""0.4300"",""271.00""],[""0.4400"",""40.79""],[""0.4500"",""251.23""]]"
2026-05-16T13:30:13.727Z,KXBTC15M-26MAY160945-45,BTC price up in next 15 mins?,KXBTC15M-26MAY160945,2026-05-16T13:45:00Z,active,0.51,0.52,0.48,0.49,0.515,0.51,0.21,0.21,605.81,115.63,"[[""0.4300"",""327.00""],[""0.4400"",""526.00""],[""0.4500"",""167.00""],[""0.4600"",""149.00""],[""0.4700"",""133.00""],[""0.4800"",""309.00""],[""0.4900"",""1676.00""],[""0.5000"",""313.00""],[""0.5100"",""200.79""],[""0.5200"",""605.81""]]","[[""0.3800"",""259.63""],[""0.3900"",""407.00""],[""0.4000"",""743.00""],[""0.4100"",""293.00""],[""0.4200"",""143.00""],[""0.4300"",""152.00""],[""0.4400"",""32.79""],[""0.4500"",""346.34""],[""0.4600"",""1550.00""],[""0.4700"",""115.63""]]"
2026-05-16T13:30:15.741Z,KXBTC15M-26MAY160945-45,BTC price up in next 15 mins?,KXBTC15M-26MAY160945,2026-05-16T13:45:00Z,active,0.51,0.52,0.48,0.49,0.515,0.51,0.21,0.21,226.42,1483.88,"[[""0.4400"",""126.00""],[""0.4500"",""167.00""],[""0.4600"",""149.00""],[""0.4700"",""133.00""],[""0.4800"",""159.00""],[""0.4900"",""1826.00""],[""0.5000"",""1393.00""],[""0.5100"",""202.79""],[""0.5200"",""623.81""],[""0.5300"",""226.42""]]","[[""0.3700"",""295.70""],[""0.3800"",""407.00""],[""0.3900"",""657.00""],[""0.4000"",""343.00""],[""0.4100"",""295.00""],[""0.4200"",""143.00""],[""0.4300"",""226.00""],[""0.4400"",""32.79""],[""0.4500"",""1355.34""],[""0.4600"",""1483.88""]]"
2026-05-16T13:30:17.731Z,KXBTC15M-26MAY160945-45,BTC price up in next 15 mins?,KXBTC15M-26MAY160945,2026-05-16T13:45:00Z,active,0.51,0.52,0.48,0.49,0.515,0.51,0.21,0.21,704.99,1325.83,"[[""0.4400"",""126.00""],[""0.4500"",""167.00""],[""0.4600"",""149.00""],[""0.4700"",""133.00""],[""0.4800"",""159.00""],[""0.4900"",""1826.00""],[""0.5000"",""1395.00""],[""0.5100"",""1202.79""],[""0.5200"",""244.81""],[""0.5300"",""704.99""]]","[[""0.3700"",""291.70""],[""0.3800"",""488.00""],[""0.3900"",""657.00""],[""0.4000"",""343.00""],[""0.4100"",""295.00""],[""0.4200"",""143.00""],[""0.4300"",""226.00""],[""0.4400"",""32.79""],[""0.4500"",""1355.34""],[""0.4600"",""1325.83""]]"
2026-05-16T13:30:19.726Z,KXBTC15M-26MAY160945-45,BTC price up in next 15 mins?,KXBTC15M-26MAY160945,2026-05-16T13:45:00Z,active,0.51,0.52,0.48,0.49,0.515,0.51,0.21,0.21,637.0,2687.17,"[[""0.4400"",""126.00""],[""0.4500"",""167.00""],[""0.4600"",""149.00""],[""0.4700"",""133.00""],[""0.4800"",""309.00""],[""0.4900"",""1676.00""],[""0.5000"",""1315.00""],[""0.5100"",""282.79""],[""0.5200"",""1269.81""],[""0.5300"",""637.00""]]","[[""0.3700"",""291.70""],[""0.3800"",""261.00""],[""0.3900"",""807.00""],[""0.4000"",""343.00""],[""0.4100"",""295.00""],[""0.4200"",""143.00""],[""0.4300"",""125.00""],[""0.4400"",""133.79""],[""0.4500"",""369.34""],[""0.4600"",""2687.17""]]"
2026-05-16T13:30:21.727Z,KXBTC15M-26MAY160945-45,BTC price up in next 15 mins?,KXBTC15M-26MAY160945,2026-05-16T13:45:00Z,active,0.51,0.52,0.48,0.49,0.515,0.51,0.21,0.21,511.44,4326.93,"[[""0.4400"",""1376.00""],[""0.4500"",""167.00""],[""0.4600"",""949.00""],[""0.4700"",""133.00""],[""0.4800"",""309.00""],[""0.4900"",""1676.00""],[""0.5000"",""1315.00""],[""0.5100"",""1200.79""],[""0.5200"",""729.81""],[""0.5300"",""511.44""]]","[[""0.3700"",""335.76""],[""0.3800"",""257.00""],[""0.3900"",""407.00""],[""0.4000"",""1993.00""],[""0.4100"",""295.00""],[""0.4200"",""143.00""],[""0.4300"",""125.00""],[""0.4400"",""32.79""],[""0.4500"",""632.34""],[""0.4600"",""4326.93""]]"
2026-05-16T13:30:23.721Z,KXBTC15M-26MAY160945-45,BTC price up in next 15 mins?,KXBTC15M-26MAY160945,2026-05-16T13:45:00Z,active,0.51,0.52,0.48,0.49,0.515,0.51,0.21,0.21,762.32,2342.39,"[[""0.3400"",""126.00""],[""0.3500"",""313.00""],[""0.3600"",""289.00""],[""0.3700"",""414.00""],[""0.3800"",""1507.00""],[""0.3900"",""324.00""],[""0.4000"",""2808.00""],[""0.4100"",""1214.00""],[""0.4200"",""402.00""],[""0.4300"",""762.32""]]","[[""0.4700"",""1375.00""],[""0.4800"",""150.00""],[""0.4900"",""149.00""],[""0.5000"",""275.00""],[""0.5100"",""125.00""],[""0.5200"",""352.00""],[""0.5300"",""927.00""],[""0.5400"",""406.00""],[""0.5500"",""1665.89""],[""0.5600"",""2342.39""]]"
2026-05-16T13:30:25.722Z,KXBTC15M-26MAY160945-45,BTC price up in next 15 mins?,KXBTC15M-26MAY160945,2026-05-16T13:45:00Z,active,0.51,0.52,0.48,0.49,0.515,0.51,0.21,0.21,311.24,448.39,"[[""0.3400"",""129.94""],[""0.3500"",""312.00""],[""0.3600"",""289.00""],[""0.3700"",""264.00""],[""0.3800"",""1657.00""],[""0.3900"",""306.00""],[""0.4000"",""398.00""],[""0.4100"",""331.00""],[""0.4200"",""4477.00""],[""0.4300"",""311.24""]]","[[""0.4700"",""1375.00""],[""0.4800"",""150.00""],[""0.4900"",""299.00""],[""0.5000"",""125.00""],[""0.5100"",""127.00""],[""0.5200"",""352.00""],[""0.5300"",""925.00""],[""0.5400"",""2845.89""],[""0.5500"",""1287.00""],[""0.5600"",""448.39""]]"
2026-05-16T13:30:27.722Z,KXBTC15M-26MAY160945-45,BTC price up in next 15 mins?,KXBTC15M-26MAY160945,2026-05-16T13:45:00Z,active,0.51,0.52,0.48,0.49,0.515,0.51,0.21,0.21,1569.48,284.0,"[[""0.3400"",""129.94""],[""0.3500"",""312.00""],[""0.3600"",""289.00""],[""0.3700"",""264.00""],[""0.3800"",""1657.00""],[""0.3900"",""306.00""],[""0.4000"",""383.00""],[""0.4100"",""331.00""],[""0.4200"",""3077.00""],[""0.4300"",""1569.48""]]","[[""0.4700"",""1375.00""],[""0.4800"",""150.00""],[""0.4900"",""429.00""],[""0.5000"",""125.00""],[""0.5100"",""127.00""],[""0.5200"",""152.00""],[""0.5300"",""925.00""],[""0.5400"",""4445.89""],[""0.5500"",""325.80""],[""0.5600"",""284.00""]]"
2026-05-16T13:30:29.722Z,KXBTC15M-26MAY160945-45,BTC price up in next 15 mins?,KXBTC15M-26MAY160945,2026-05-16T13:45:00Z,active,0.51,0.52,0.48,0.49,0.515,0.51,0.21,0.21,230.0,2135.0,"[[""0.4200"",""128.00""],[""0.4300"",""230.00""],[""0.4400"",""127.00""],[""0.4500"",""125.00""],[""0.4600"",""169.00""],[""0.4700"",""2707.89""],[""0.4800"",""525.00""],[""0.4900"",""226.00""],[""0.5000"",""1160.00""],[""0.5100"",""230.00""]]","[[""0.3800"",""257.00""],[""0.3900"",""257.00""],[""0.4000"",""343.00""],[""0.4100"",""769.00""],[""0.4200"",""148.00""],[""0.4300"",""125.00""],[""0.4400"",""33.79""],[""0.4500"",""323.34""],[""0.4600"",""2465.89""],[""0.4700"",""2135.00""]]"
2026-05-16T13:30:31.723Z,KXBTC15M-26MAY160945-45,BTC price up in next 15 mins?,KXBTC15M-26MAY160945,2026-05-16T13:45:00Z,active,0.51,0.52,0.48,0.49,0.515,0.51,0.21,0.21,1150.09,194.0,"[[""0.4200"",""128.00""],[""0.4300"",""230.00""],[""0.4400"",""2175.00""],[""0.4500"",""125.00""],[""0.4600"",""171.00""],[""0.4700"",""317.89""],[""0.4800"",""125.00""],[""0.4900"",""2665.00""],[""0.5000"",""1247.00""],[""0.5100"",""1150.09""]]","[[""0.3900"",""257.00""],[""0.4000"",""493.00""],[""0.4100"",""269.00""],[""0.4200"",""1451.00""],[""0.4300"",""927.00""],[""0.4400"",""33.79""],[""0.4500"",""723.34""],[""0.4600"",""3065.89""],[""0.4700"",""1735.00""],[""0.4800"",""194.00""]]"
2026-05-16T13:30:33.739Z,KXBTC15M-26MAY160945-45,BTC price up in next 15 mins?,KXBTC15M-26MAY160945,2026-05-16T13:45:00Z,active,0.54,0.55,0.45,0.46,0.545,0.54,8110.18,6237.27,74.11,3283.03,"[[""0.4500"",""1375.00""],[""0.4600"",""950.00""],[""0.4700"",""111.89""],[""0.4800"",""125.00""],[""0.4900"",""275.00""],[""0.5000"",""192.00""],[""0.5100"",""3065.00""],[""0.5200"",""1832.00""],[""0.5300"",""126.00""],[""0.5400"",""74.11""]]","[[""0.3600"",""266.77""],[""0.3700"",""313.00""],[""0.3800"",""407.00""],[""0.3900"",""332.00""],[""0.4000"",""1593.00""],[""0.4100"",""271.00""],[""0.4200"",""227.00""],[""0.4300"",""2065.89""],[""0.4400"",""410.79""],[""0.4500"",""3283.03""]]"
2026-05-16T13:30:35.746Z,KXBTC15M-26MAY160945-45,BTC price up in next 15 mins?,KXBTC15M-26MAY160945,2026-05-16T13:45:00Z,active,0.54,0.55,0.45,0.46,0.545,0.54,8110.18,6237.27,75.24,227.94,"[[""0.4400"",""525.00""],[""0.4500"",""1375.00""],[""0.4600"",""150.00""],[""0.4700"",""986.89""],[""0.4800"",""125.00""],[""0.4900"",""275.00""],[""0.5000"",""190.00""],[""0.5100"",""2665.00""],[""0.5200"",""2284.47""],[""0.5300"",""75.24""]]","[[""0.3700"",""315.70""],[""0.3800"",""407.00""],[""0.3900"",""257.00""],[""0.4000"",""1143.00""],[""0.4100"",""271.00""],[""0.4200"",""229.00""],[""0.4300"",""2067.89""],[""0.4400"",""408.79""],[""0.4500"",""3035.34""],[""0.4600"",""227.94""]]"
2026-05-16T13:30:37.720Z,KXBTC15M-26MAY160945-45,BTC price up in next 15 mins?,KXBTC15M-26MAY160945,2026-05-16T13:45:00Z,active,0.54,0.55,0.45,0.46,0.545,0.54,8110.18,6237.27,194.69,225.3,"[[""0.4400"",""1375.00""],[""0.4500"",""125.00""],[""0.4600"",""165.00""],[""0.4700"",""986.89""],[""0.4800"",""125.00""],[""0.4900"",""298.00""],[""0.5000"",""190.00""],[""0.5100"",""129.00""],[""0.5200"",""4538.72""],[""0.5300"",""194.69""]]","[[""0.3700"",""315.70""],[""0.3800"",""422.00""],[""0.3900"",""1507.00""],[""0.4000"",""418.00""],[""0.4100"",""271.00""],[""0.4200"",""229.00""],[""0.4300"",""2065.89""],[""0.4400"",""1410.79""],[""0.4500"",""2136.34""],[""0.4600"",""225.30""]]"
2026-05-16T13:30:39.732Z,KXBTC15M-26MAY160945-45,BTC price up in next 15 mins?,KXBTC15M-26MAY160945,2026-05-16T13:45:00Z,active,0.54,0.55,0.45,0.46,0.545,0.54,8110.18,6237.27,1238.51,834.34,"[[""0.4500"",""128.00""],[""0.4600"",""167.00""],[""0.4700"",""913.89""],[""0.4800"",""127.00""],[""0.4900"",""299.00""],[""0.5000"",""200.00""],[""0.5100"",""137.00""],[""0.5200"",""934.72""],[""0.5300"",""3073.07""],[""0.5400"",""1238.51""]]","[[""0.3600"",""666.77""],[""0.3700"",""313.00""],[""0.3800"",""422.00""],[""0.3900"",""1507.00""],[""0.4000"",""343.00""],[""0.4100"",""271.00""],[""0.4200"",""2066.89""],[""0.4300"",""2125.00""],[""0.4400"",""566.00""],[""0.4500"",""834.34""]]"
2026-05-16T13:30:41.726Z,KXBTC15M-26MAY160945-45,BTC price up in next 15 mins?,KXBTC15M-26MAY160945,2026-05-16T13:45:00Z,active,0.54,0.55,0.45,0.46,0.545,0.54,8110.18,6237.27,4544.86,403.0,"[[""0.4500"",""128.00""],[""0.4600"",""152.00""],[""0.4700"",""113.89""],[""0.4800"",""127.00""],[""0.4900"",""964.00""],[""0.5000"",""350.00""],[""0.5100"",""135.00""],[""0.5200"",""294.72""],[""0.5300"",""228.00""],[""0.5400"",""4544.86""]]","[[""0.3500"",""956.85""],[""0.3600"",""266.77""],[""0.3700"",""463.00""],[""0.3800"",""1057.90""],[""0.3900"",""2162.89""],[""0.4000"",""1320.00""],[""0.4100"",""790.44""],[""0.4200"",""3.00""],[""0.4300"",""28.00""],[""0.4400"",""403.00""]]"
2026-05-16T13:30:43.727Z,KXBTC15M-26MAY160945-45,BTC price up in next 15 mins?,KXBTC15M-26MAY160945,2026-05-16T13:45:00Z,active,0.54,0.55,0.45,0.46,0.545,0.54,8110.18,6237.27,4921.49,399.94,"[[""0.4600"",""526.00""],[""0.4700"",""1339.89""],[""0.4800"",""127.00""],[""0.4900"",""164.00""],[""0.5000"",""200.00""],[""0.5100"",""157.00""],[""0.5200"",""284.72""],[""0.5300"",""125.00""],[""0.5400"",""554.00""],[""0.5500"",""4921.49""]]","[[""0.3300"",""162.03""],[""0.3400"",""552.94""],[""0.3500"",""721.85""],[""0.3600"",""264.00""],[""0.3700"",""1539.00""],[""0.3800"",""259.90""],[""0.3900"",""332.00""],[""0.4000"",""2658.89""],[""0.4100"",""2896.00""],[""0.4200"",""399.94""]]"
2026-05-16T13:30:45.731Z,KXBTC15M-26MAY160945-45,BTC price up in next 15 mins?,KXBTC15M-26MAY160945,2026-05-16T13:45:00Z,active,0.54,0.55,0.45,0.46,0.545,0.54,8110.18,6237.27,1395.47,1218.41,"[[""0.4700"",""1339.89""],[""0.4800"",""127.00""],[""0.4900"",""164.00""],[""0.5000"",""200.00""],[""0.5100"",""157.00""],[""0.5200"",""284.72""],[""0.5300"",""125.00""],[""0.5400"",""560.00""],[""0.5500"",""3288.00""],[""0.5600"",""1395.47""]]","[[""0.3300"",""562.03""],[""0.3400"",""152.94""],[""0.3500"",""719.00""],[""0.3600"",""1514.00""],[""0.3700"",""289.00""],[""0.3800"",""259.90""],[""0.3900"",""257.00""],[""0.4000"",""2258.89""],[""0.4100"",""2704.00""],[""0.4200"",""1218.41""]]"
2026-05-16T13:30:47.724Z,KXBTC15M-26MAY160945-45,BTC price up in next 15 mins?,KXBTC15M-26MAY160945,2026-05-16T13:45:00Z,active,0.54,0.55,0.45,0.46,0.545,0.54,8110.18,6237.27,1257.53,678.84,"[[""0.4700"",""1339.89""],[""0.4800"",""127.00""],[""0.4900"",""164.00""],[""0.5000"",""200.00""],[""0.5100"",""157.00""],[""0.5200"",""284.72""],[""0.5300"",""188.49""],[""0.5400"",""560.00""],[""0.5500"",""3245.00""],[""0.5600"",""1257.53""]]","[[""0.3400"",""152.94""],[""0.3500"",""704.00""],[""0.3600"",""1514.00""],[""0.3700"",""304.00""],[""0.3800"",""259.90""],[""0.3900"",""257.00""],[""0.4000"",""2258.89""],[""0.4100"",""2296.00""],[""0.4200"",""728.35""],[""0.4300"",""678.84""]]"
2026-05-16T13:30:49.719Z,KXBTC15M-26MAY160945-45,BTC price up in next 15 mins?,KXBTC15M-26MAY160945,2026-05-16T13:45:00Z,active,0.54,0.55,0.45,0.46,0.545,0.54,8110.18,6237.27,1240.55,348.84,"[[""0.4700"",""1339.89""],[""0.4800"",""127.00""],[""0.4900"",""164.00""],[""0.5000"",""200.00""],[""0.5100"",""157.00""],[""0.5200"",""284.72""],[""0.5300"",""128.00""],[""0.5400"",""620.49""],[""0.5500"",""3245.00""],[""0.5600"",""1240.55""]]","[[""0.3400"",""152.94""],[""0.3500"",""704.00""],[""0.3600"",""1514.00""],[""0.3700"",""304.00""],[""0.3800"",""259.90""],[""0.3900"",""257.00""],[""0.4000"",""2260.89""],[""0.4100"",""2694.00""],[""0.4200"",""928.35""],[""0.4300"",""348.84""]]"
2026-05-16T13:30:51.734Z,KXBTC15M-26MAY160945-45,BTC price up in next 15 mins?,KXBTC15M-26MAY160945,2026-05-16T13:45:00Z,active,0.54,0.55,0.45,0.46,0.545,0.54,8110.18,6237.27,1832.23,67.0,"[[""0.4700"",""89.89""],[""0.4800"",""127.00""],[""0.4900"",""149.00""],[""0.5000"",""275.00""],[""0.5100"",""972.00""],[""0.5200"",""284.72""],[""0.5300"",""128.00""],[""0.5400"",""220.49""],[""0.5500"",""2665.00""],[""0.5600"",""1832.23""]]","[[""0.3400"",""152.94""],[""0.3500"",""704.00""],[""0.3600"",""1514.00""],[""0.3700"",""289.00""],[""0.3800"",""274.90""],[""0.3900"",""657.00""],[""0.4000"",""1860.89""],[""0.4100"",""1854.00""],[""0.4200"",""2090.51""],[""0.4300"",""67.00""]]"
2026-05-16T13:30:53.720Z,KXBTC15M-26MAY160945-45,BTC price up in next 15 mins?,KXBTC15M-26MAY160945,2026-05-16T13:45:00Z,active,0.54,0.55,0.45,0.46,0.545,0.54,8110.18,6237.27,1711.01,140.0,"[[""0.4700"",""1339.89""],[""0.4800"",""127.00""],[""0.4900"",""149.00""],[""0.5000"",""200.00""],[""0.5100"",""172.00""],[""0.5200"",""134.72""],[""0.5300"",""278.00""],[""0.5400"",""1218.49""],[""0.5500"",""2077.00""],[""0.5600"",""1711.01""]]","[[""0.3400"",""302.94""],[""0.3500"",""554.00""],[""0.3600"",""1514.00""],[""0.3700"",""291.00""],[""0.3800"",""272.90""],[""0.3900"",""657.00""],[""0.4000"",""1860.89""],[""0.4100"",""1694.00""],[""0.4200"",""2255.35""],[""0.4300"",""140.00""]]"
2026-05-16T13:30:55.742Z,KXBTC15M-26MAY160945-45,BTC price up in next 15 mins?,KXBTC15M-26MAY160945,2026-05-16T13:45:00Z,active,0.54,0.55,0.45,0.46,0.545,0.54,8110.18,6237.27,1527.23,398.89,"[[""0.4700"",""1339.89""],[""0.4800"",""127.00""],[""0.4900"",""149.00""],[""0.5000"",""200.00""],[""0.5100"",""172.00""],[""0.5200"",""134.72""],[""0.5300"",""278.00""],[""0.5400"",""1218.49""],[""0.5500"",""2467.00""],[""0.5600"",""1527.23""]]","[[""0.3400"",""302.94""],[""0.3500"",""554.00""],[""0.3600"",""1589.00""],[""0.3700"",""291.00""],[""0.3800"",""272.90""],[""0.3900"",""657.00""],[""0.4000"",""1860.89""],[""0.4100"",""1694.00""],[""0.4200"",""1926.35""],[""0.4300"",""398.89""]]"
2026-05-16T13:30:57.718Z,KXBTC15M-26MAY160945-45,BTC price up in next 15 mins?,KXBTC15M-26MAY160945,2026-05-16T13:45:00Z,active,0.54,0.55,0.45,0.46,0.545,0.54,8110.18,6237.27,1346.1,338.0,"[[""0.4700"",""1339.89""],[""0.4800"",""127.00""],[""0.4900"",""149.00""],[""0.5000"",""275.00""],[""0.5100"",""172.00""],[""0.5200"",""134.72""],[""0.5300"",""278.00""],[""0.5400"",""1218.49""],[""0.5500"",""2477.00""],[""0.5600"",""1346.10""]]","[[""0.3400"",""302.94""],[""0.3500"",""554.00""],[""0.3600"",""1514.00""],[""0.3700"",""291.00""],[""0.3800"",""274.90""],[""0.3900"",""657.00""],[""0.4000"",""1860.89""],[""0.4100"",""1694.00""],[""0.4200"",""1926.35""],[""0.4300"",""338.00""]]"
2026-05-16T13:30:59.733Z,KXBTC15M-26MAY160945-45,BTC price up in next 15 mins?,KXBTC15M-26MAY160945,2026-05-16T13:45:00Z,active,0.54,0.55,0.45,0.46,0.545,0.54,8110.18,6237.27,1008.3,297.0,"[[""0.4700"",""1339.89""],[""0.4800"",""127.00""],[""0.4900"",""149.00""],[""0.5000"",""275.00""],[""0.5100"",""172.00""],[""0.5200"",""284.72""],[""0.5300"",""128.00""],[""0.5400"",""1212.49""],[""0.5500"",""2689.00""],[""0.5600"",""1008.30""]]","[[""0.3400"",""152.94""],[""0.3500"",""701.00""],[""0.3600"",""1514.00""],[""0.3700"",""291.00""],[""0.3800"",""274.90""],[""0.3900"",""758.00""],[""0.4000"",""1860.89""],[""0.4100"",""1774.00""],[""0.4200"",""1838.84""],[""0.4300"",""297.00""]]"
2026-05-16T13:31:01.731Z,KXBTC15M-26MAY160945-45,BTC price up in next 15 mins?,KXBTC15M-26MAY160945,2026-05-16T13:45:00Z,active,0.54,0.55,0.45,0.46,0.545,0.54,8110.18,6237.27,758.3,145.87,"[[""0.4700"",""1339.89""],[""0.4800"",""127.00""],[""0.4900"",""149.00""],[""0.5000"",""275.00""],[""0.5100"",""172.00""],[""0.5200"",""134.72""],[""0.5300"",""278.00""],[""0.5400"",""1217.49""],[""0.5500"",""2688.00""],[""0.5600"",""758.30""]]","[[""0.3400"",""302.94""],[""0.3500"",""519.00""],[""0.3600"",""1514.00""],[""0.3700"",""291.00""],[""0.3800"",""279.90""],[""0.3900"",""758.00""],[""0.4000"",""1860.89""],[""0.4100"",""1774.00""],[""0.4200"",""1846.84""],[""0.4300"",""145.87""]]"
2026-05-16T13:31:03.729Z,KXBTC15M-26MAY160945-45,BTC price up in next 15 mins?,KXBTC15M-26MAY160945,2026-05-16T13:45:00Z,active,0.57,0.58,0.42,0.43,0.575,0.57,18184.83,12597.85,1267.53,255.0,"[[""0.4700"",""1339.89""],[""0.4800"",""127.00""],[""0.4900"",""149.00""],[""0.5000"",""235.00""],[""0.5100"",""172.00""],[""0.5200"",""134.72""],[""0.5300"",""278.00""],[""0.5400"",""1217.49""],[""0.5500"",""2638.00""],[""0.5600"",""1267.53""]]","[[""0.3400"",""302.00""],[""0.3500"",""519.00""],[""0.3600"",""1514.00""],[""0.3700"",""291.00""],[""0.3800"",""279.90""],[""0.3900"",""758.00""],[""0.4000"",""1870.89""],[""0.4100"",""1734.00""],[""0.4200"",""1854.70""],[""0.4300"",""255.00""]]"
2026-05-16T13:31:05.740Z,KXBTC15M-26MAY160945-45,BTC price up in next 15 mins?,KXBTC15M-26MAY160945,2026-05-16T13:45:00Z,active,0.57,0.58,0.42,0.43,0.575,0.57,18184.83,12597.85,210.0,1905.0,"[[""0.4700"",""1339.89""],[""0.4800"",""127.00""],[""0.4900"",""149.00""],[""0.5000"",""160.00""],[""0.5100"",""322.00""],[""0.5200"",""136.72""],[""0.5300"",""190.49""],[""0.5400"",""3097.00""],[""0.5500"",""1736.00""],[""0.5600"",""210.00""]]","[[""0.3400"",""152.94""],[""0.3500"",""519.00""],[""0.3600"",""414.00""],[""0.3700"",""1614.00""],[""0.3800"",""262.90""],[""0.3900"",""274.00""],[""0.4000"",""431.00""],[""0.4100"",""2236.89""],[""0.4200"",""1638.12""],[""0.4300"",""1905.00""]]"
2026-05-16T13:31:07.731Z,KXBTC15M-26MAY160945-45,BTC price up in next 15 mins?,KXBTC15M-26MAY160945,2026-05-16T13:45:00Z,active,0.57,0.58,0.42,0.43,0.575,0.57,18184.83,12597.85,38.54,1904.93,"[[""0.4800"",""127.00""],[""0.4900"",""149.00""],[""0.5000"",""160.00""],[""0.5100"",""172.00""],[""0.5200"",""134.72""],[""0.5300"",""338.49""],[""0.5400"",""1156.00""],[""0.5500"",""2473.00""],[""0.5600"",""1256.00""],[""0.5700"",""38.54""]]","[[""0.3300"",""162.03""],[""0.3400"",""300.00""],[""0.3500"",""519.00""],[""0.3600"",""1514.00""],[""0.3700"",""366.00""],[""0.3800"",""264.90""],[""0.3900"",""373.00""],[""0.4000"",""2270.89""],[""0.4100"",""1717.00""],[""0.4200"",""1904.93""]]"
2026-05-16T13:31:09.721Z,KXBTC15M-26MAY160945-45,BTC price up in next 15 mins?,KXBTC15M-26MAY160945,2026-05-16T13:45:00Z,active,0.57,0.58,0.42,0.43,0.575,0.57,18184.83,12597.85,432.0,360.09,"[[""0.4200"",""756.00""],[""0.4300"",""158.00""],[""0.4400"",""203.00""],[""0.4500"",""528.00""],[""0.4600"",""541.00""],[""0.4700"",""89.89""],[""0.4800"",""1127.00""],[""0.4900"",""1564.00""],[""0.5000"",""1152.00""],[""0.5100"",""432.00""]]","[[""0.3900"",""257.00""],[""0.4000"",""343.00""],[""0.4100"",""296.00""],[""0.4200"",""597.00""],[""0.4300"",""231.00""],[""0.4400"",""2547.15""],[""0.4500"",""150.00""],[""0.4600"",""125.00""],[""0.4700"",""1135.00""],[""0.4800"",""360.09""]]"
2026-05-16T13:31:11.725Z,KXBTC15M-26MAY160945-45,BTC price up in next 15 mins?,KXBTC15M-26MAY160945,2026-05-16T13:45:00Z,active,0.57,0.58,0.42,0.43,0.575,0.57,18184.83,12597.85,193.52,426.35,"[[""0.4000"",""670.00""],[""0.4100"",""332.00""],[""0.4200"",""132.00""],[""0.4300"",""197.00""],[""0.4400"",""1605.00""],[""0.4500"",""928.00""],[""0.4600"",""154.00""],[""0.4700"",""2655.89""],[""0.4800"",""1812.00""],[""0.4900"",""193.52""]]","[[""0.4100"",""1559.00""],[""0.4200"",""928.00""],[""0.4300"",""275.00""],[""0.4400"",""191.00""],[""0.4500"",""187.00""],[""0.4600"",""127.00""],[""0.4700"",""2465.15""],[""0.4800"",""1907.00""],[""0.4900"",""1153.00""],[""0.5000"",""426.35""]]"
2026-05-16T13:31:13.727Z,KXBTC15M-26MAY160945-45,BTC price up in next 15 mins?,KXBTC15M-26MAY160945,2026-05-16T13:45:00Z,active,0.57,0.58,0.42,0.43,0.575,0.57,18184.83,12597.85,1498.8,211.3,"[[""0.4000"",""272.50""],[""0.4100"",""332.00""],[""0.4200"",""132.00""],[""0.4300"",""197.00""],[""0.4400"",""1605.00""],[""0.4500"",""928.00""],[""0.4600"",""255.00""],[""0.4700"",""2655.89""],[""0.4800"",""537.00""],[""0.4900"",""1498.80""]]","[[""0.4100"",""1559.00""],[""0.4200"",""928.00""],[""0.4300"",""275.00""],[""0.4400"",""151.00""],[""0.4500"",""187.00""],[""0.4600"",""127.00""],[""0.4700"",""725.00""],[""0.4800"",""3245.15""],[""0.4900"",""1166.00""],[""0.5000"",""211.30""]]"
2026-05-16T13:31:15.743Z,KXBTC15M-26MAY160945-45,BTC price up in next 15 mins?,KXBTC15M-26MAY160945,2026-05-16T13:45:00Z,active,0.57,0.58,0.42,0.43,0.575,0.57,18184.83,12597.85,1607.0,408.64,"[[""0.3900"",""286.56""],[""0.4000"",""270.00""],[""0.4100"",""332.00""],[""0.4200"",""132.00""],[""0.4300"",""349.00""],[""0.4400"",""1453.00""],[""0.4500"",""928.00""],[""0.4600"",""255.00""],[""0.4700"",""3040.89""],[""0.4800"",""1607.00""]]","[[""0.4200"",""928.00""],[""0.4300"",""125.00""],[""0.4400"",""301.00""],[""0.4500"",""187.00""],[""0.4600"",""127.00""],[""0.4700"",""426.00""],[""0.4800"",""2845.15""],[""0.4900"",""2194.00""],[""0.5000"",""151.00""],[""0.5100"",""408.64""]]"
2026-05-16T13:31:17.731Z,KXBTC15M-26MAY160945-45,BTC price up in next 15 mins?,KXBTC15M-26MAY160945,2026-05-16T13:45:00Z,active,0.57,0.58,0.42,0.43,0.575,0.57,18184.83,12597.85,1571.59,868.38,"[[""0.3900"",""286.56""],[""0.4000"",""270.00""],[""0.4100"",""332.00""],[""0.4200"",""134.00""],[""0.4300"",""1597.00""],[""0.4400"",""203.00""],[""0.4500"",""128.00""],[""0.4600"",""255.00""],[""0.4700"",""3030.89""],[""0.4800"",""1571.59""]]","[[""0.4200"",""2193.00""],[""0.4300"",""125.00""],[""0.4400"",""301.00""],[""0.4500"",""187.00""],[""0.4600"",""127.00""],[""0.4700"",""428.00""],[""0.4800"",""2845.15""],[""0.4900"",""1220.00""],[""0.5000"",""1137.00""],[""0.5100"",""868.38""]]"
2026-05-16T13:31:19.739Z,KXBTC15M-26MAY160945-45,BTC price up in next 15 mins?,KXBTC15M-26MAY160945,2026-05-16T13:45:00Z,active,0.57,0.58,0.42,0.43,0.575,0.57,18184.83,12597.85,1388.97,444.35,"[[""0.3900"",""286.56""],[""0.4000"",""270.00""],[""0.4100"",""332.00""],[""0.4200"",""134.00""],[""0.4300"",""1582.00""],[""0.4400"",""203.00""],[""0.4500"",""143.00""],[""0.4600"",""1255.00""],[""0.4700"",""2040.89""],[""0.4800"",""1388.97""]]","[[""0.4200"",""2178.00""],[""0.4300"",""125.00""],[""0.4400"",""316.00""],[""0.4500"",""187.00""],[""0.4600"",""127.00""],[""0.4700"",""327.00""],[""0.4800"",""2665.15""],[""0.4900"",""1400.00""],[""0.5000"",""1156.32""],[""0.5100"",""444.35""]]"
2026-05-16T13:31:21.722Z,KXBTC15M-26MAY160945-45,BTC price up in next 15 mins?,KXBTC15M-26MAY160945,2026-05-16T13:45:00Z,active,0.57,0.58,0.42,0.43,0.575,0.57,18184.83,12597.85,199.34,1721.98,"[[""0.4000"",""272.50""],[""0.4100"",""332.00""],[""0.4200"",""134.00""],[""0.4300"",""1582.00""],[""0.4400"",""203.00""],[""0.4500"",""143.00""],[""0.4600"",""1255.00""],[""0.4700"",""2030.89""],[""0.4800"",""1273.97""],[""0.4900"",""199.34""]]","[[""0.4100"",""294.00""],[""0.4200"",""2178.00""],[""0.4300"",""125.00""],[""0.4400"",""316.00""],[""0.4500"",""187.00""],[""0.4600"",""228.00""],[""0.4700"",""327.00""],[""0.4800"",""2667.15""],[""0.4900"",""1458.00""],[""0.5000"",""1721.98""]]"
2026-05-16T13:31:23.723Z,KXBTC15M-26MAY160945-45,BTC price up in next 15 mins?,KXBTC15M-26MAY160945,2026-05-16T13:45:00Z,active,0.57,0.58,0.42,0.43,0.575,0.57,18184.83,12597.85,183.22,1300.39,"[[""0.4000"",""272.50""],[""0.4100"",""332.00""],[""0.4200"",""132.00""],[""0.4300"",""1582.00""],[""0.4400"",""218.00""],[""0.4500"",""130.00""],[""0.4600"",""2692.00""],[""0.4700"",""593.89""],[""0.4800"",""1175.38""],[""0.4900"",""183.22""]]","[[""0.4100"",""294.00""],[""0.4200"",""2178.00""],[""0.4300"",""125.00""],[""0.4400"",""316.00""],[""0.4500"",""185.00""],[""0.4600"",""127.00""],[""0.4700"",""127.00""],[""0.4800"",""1028.00""],[""0.4900"",""3518.15""],[""0.5000"",""1300.39""]]"
2026-05-16T13:31:25.741Z,KXBTC15M-26MAY160945-45,BTC price up in next 15 mins?,KXBTC15M-26MAY160945,2026-05-16T13:45:00Z,active,0.57,0.58,0.42,0.43,0.575,0.57,18184.83,12597.85,1382.38,319.21,"[[""0.3900"",""286.56""],[""0.4000"",""270.00""],[""0.4100"",""332.00""],[""0.4200"",""132.00""],[""0.4300"",""1582.00""],[""0.4400"",""218.00""],[""0.4500"",""130.00""],[""0.4600"",""2694.00""],[""0.4700"",""591.89""],[""0.4800"",""1382.38""]]","[[""0.4200"",""2178.00""],[""0.4300"",""125.00""],[""0.4400"",""316.00""],[""0.4500"",""185.00""],[""0.4600"",""127.00""],[""0.4700"",""127.00""],[""0.4800"",""727.00""],[""0.4900"",""4474.19""],[""0.5000"",""327.00""],[""0.5100"",""319.21""]]"
2026-05-16T13:31:27.736Z,KXBTC15M-26MAY160945-45,BTC price up in next 15 mins?,KXBTC15M-26MAY160945,2026-05-16T13:45:00Z,active,0.57,0.58,0.42,0.43,0.575,0.57,18184.83,12597.85,1719.17,182.95,"[[""0.4000"",""270.00""],[""0.4100"",""332.00""],[""0.4200"",""132.00""],[""0.4300"",""1582.00""],[""0.4400"",""943.00""],[""0.4500"",""128.00""],[""0.4600"",""154.00""],[""0.4700"",""593.89""],[""0.4800"",""2665.00""],[""0.4900"",""1719.17""]]","[[""0.4100"",""294.00""],[""0.4200"",""2178.00""],[""0.4300"",""125.00""],[""0.4400"",""316.00""],[""0.4500"",""260.00""],[""0.4600"",""125.00""],[""0.4700"",""3097.15""],[""0.4800"",""2127.04""],[""0.4900"",""211.00""],[""0.5000"",""182.95""]]"
2026-05-16T13:31:29.731Z,KXBTC15M-26MAY160945-45,BTC price up in next 15 mins?,KXBTC15M-26MAY160945,2026-05-16T13:45:00Z,active,0.57,0.58,0.42,0.43,0.575,0.57,18184.83,12597.85,1832.19,200.0,"[[""0.4000"",""272.50""],[""0.4100"",""332.00""],[""0.4200"",""132.00""],[""0.4300"",""182.00""],[""0.4400"",""1528.00""],[""0.4500"",""928.00""],[""0.4600"",""167.00""],[""0.4700"",""193.89""],[""0.4800"",""3067.00""],[""0.4900"",""1832.19""]]","[[""0.4100"",""1544.00""],[""0.4200"",""928.00""],[""0.4300"",""275.00""],[""0.4400"",""168.00""],[""0.4500"",""262.00""],[""0.4600"",""725.00""],[""0.4700"",""3447.15""],[""0.4800"",""1135.04""],[""0.4900"",""45.00""],[""0.5000"",""200.00""]]"
2026-05-16T13:31:31.735Z,KXBTC15M-26MAY160945-45,BTC price up in next 15 mins?,KXBTC15M-26MAY160945,2026-05-16T13:45:00Z,active,0.57,0.58,0.42,0.43,0.575,0.57,18184.83,12597.85,1438.37,631.0,"[[""0.4500"",""1378.00""],[""0.4600"",""167.00""],[""0.4700"",""890.89""],[""0.4800"",""127.00""],[""0.4900"",""165.00""],[""0.5000"",""150.00""],[""0.5100"",""626.00""],[""0.5200"",""3245.00""],[""0.5300"",""149.00""],[""0.5400"",""1438.37""]]","[[""0.3600"",""264.00""],[""0.3700"",""663.00""],[""0.3800"",""272.90""],[""0.3900"",""1982.00""],[""0.4000"",""329.00""],[""0.4100"",""395.00""],[""0.4200"",""2668.15""],[""0.4300"",""1127.04""],[""0.4400"",""844.00""],[""0.4500"",""631.00""]]"
2026-05-16T13:31:33.722Z,KXBTC15M-26MAY160945-45,BTC price up in next 15 mins?,KXBTC15M-26MAY160945,2026-05-16T13:45:00Z,active,0.54,0.55,0.45,0.46,0.545,0.55,26204.59,16699.94,3078.93,211.0,"[[""0.4500"",""128.00""],[""0.4600"",""167.00""],[""0.4700"",""890.89""],[""0.4800"",""149.00""],[""0.4900"",""125.00""],[""0.5000"",""300.00""],[""0.5100"",""127.00""],[""0.5200"",""527.00""],[""0.5300"",""1623.00""],[""0.5400"",""3078.93""]]","[[""0.3600"",""288.00""],[""0.3700"",""439.00""],[""0.3800"",""272.90""],[""0.3900"",""1589.00""],[""0.4000"",""331.00""],[""0.4100"",""294.00""],[""0.4200"",""3468.15""],[""0.4300"",""1826.04""],[""0.4400"",""169.00""],[""0.4500"",""211.00""]]"
2026-05-16T13:31:35.732Z,KXBTC15M-26MAY160945-45,BTC price up in next 15 mins?,KXBTC15M-26MAY160945,2026-05-16T13:45:00Z,active,0.54,0.55,0.45,0.46,0.545,0.55,26204.59,16699.94,1252.39,598.0,"[[""0.4600"",""167.00""],[""0.4700"",""890.89""],[""0.4800"",""149.00""],[""0.4900"",""275.00""],[""0.5000"",""150.00""],[""0.5100"",""127.00""],[""0.5200"",""527.00""],[""0.5300"",""813.00""],[""0.5400"",""2742.38""],[""0.5500"",""1252.39""]]","[[""0.3500"",""521.85""],[""0.3600"",""303.00""],[""0.3700"",""289.00""],[""0.3800"",""407.90""],[""0.3900"",""1514.00""],[""0.4000"",""1871.15""],[""0.4100"",""1294.00""],[""0.4200"",""1528.04""],[""0.4300"",""634.00""],[""0.4400"",""598.00""]]"
2026-05-16T13:31:37.741Z,KXBTC15M-26MAY160945-45,BTC price up in next 15 mins?,KXBTC15M-26MAY160945,2026-05-16T13:45:00Z,active,0.54,0.55,0.45,0.46,0.545,0.55,26204.59,16699.94,1194.23,313.27,"[[""0.4600"",""167.00""],[""0.4700"",""890.89""],[""0.4800"",""149.00""],[""0.4900"",""350.00""],[""0.5000"",""150.00""],[""0.5100"",""125.00""],[""0.5200"",""125.00""],[""0.5300"",""1031.00""],[""0.5400"",""2870.00""],[""0.5500"",""1194.23""]]","[[""0.3500"",""521.85""],[""0.3600"",""303.00""],[""0.3700"",""289.00""],[""0.3800"",""1659.90""],[""0.3900"",""264.00""],[""0.4000"",""1869.15""],[""0.4100"",""2694.04""],[""0.4200"",""1229.00""],[""0.4300"",""162.00""],[""0.4400"",""313.27""]]"
2026-05-16T13:31:39.726Z,KXBTC15M-26MAY160945-45,BTC price up in next 15 mins?,KXBTC15M-26MAY160945,2026-05-16T13:45:00Z,active,0.54,0.55,0.45,0.46,0.545,0.55,26204.59,16699.94,1055.1,278.63,"[[""0.4600"",""167.00""],[""0.4700"",""890.89""],[""0.4800"",""149.00""],[""0.4900"",""200.00""],[""0.5000"",""150.00""],[""0.5100"",""275.00""],[""0.5200"",""127.00""],[""0.5300"",""233.00""],[""0.5400"",""3680.00""],[""0.5500"",""1055.10""]]","[[""0.3500"",""536.85""],[""0.3600"",""438.00""],[""0.3700"",""289.00""],[""0.3800"",""1509.90""],[""0.3900"",""264.00""],[""0.4000"",""1869.15""],[""0.4100"",""3094.04""],[""0.4200"",""846.84""],[""0.4300"",""150.00""],[""0.4400"",""278.63""]]"
2026-05-16T13:31:41.736Z,KXBTC15M-26MAY160945-45,BTC price up in next 15 mins?,KXBTC15M-26MAY160945,2026-05-16T13:45:00Z,active,0.54,0.55,0.45,0.46,0.545,0.55,26204.59,16699.94,924.27,254.34,"[[""0.4600"",""152.00""],[""0.4700"",""90.89""],[""0.4800"",""164.00""],[""0.4900"",""200.00""],[""0.5000"",""150.00""],[""0.5100"",""275.00""],[""0.5200"",""127.00""],[""0.5300"",""1233.00""],[""0.5400"",""2680.00""],[""0.5500"",""924.27""]]","[[""0.3500"",""521.85""],[""0.3600"",""438.00""],[""0.3700"",""1554.00""],[""0.3800"",""259.90""],[""0.3900"",""264.00""],[""0.4000"",""432.00""],[""0.4100"",""2234.15""],[""0.4200"",""1528.00""],[""0.4300"",""1742.04""],[""0.4400"",""254.34""]]"
2026-05-16T13:31:43.728Z,KXBTC15M-26MAY160945-45,BTC price up in next 15 mins?,KXBTC15M-26MAY160945,2026-05-16T13:45:00Z,active,0.54,0.55,0.45,0.46,0.545,0.55,26204.59,16699.94,1184.27,255.0,"[[""0.4600"",""152.00""],[""0.4700"",""90.89""],[""0.4800"",""164.00""],[""0.4900"",""200.00""],[""0.5000"",""150.00""],[""0.5100"",""275.00""],[""0.5200"",""127.00""],[""0.5300"",""132.00""],[""0.5400"",""3500.00""],[""0.5500"",""1184.27""]]","[[""0.3500"",""521.85""],[""0.3600"",""438.00""],[""0.3700"",""1554.00""],[""0.3800"",""259.90""],[""0.3900"",""264.00""],[""0.4000"",""1871.15""],[""0.4100"",""2195.00""],[""0.4200"",""1745.88""],[""0.4300"",""168.00""],[""0.4400"",""255.00""]]"
2026-05-16T13:31:45.726Z,KXBTC15M-26MAY160945-45,BTC price up in next 15 mins?,KXBTC15M-26MAY160945,2026-05-16T13:45:00Z,active,0.54,0.55,0.45,0.46,0.545,0.55,26204.59,16699.94,1286.0,1145.05,"[[""0.4700"",""90.89""],[""0.4800"",""164.00""],[""0.4900"",""925.00""],[""0.5000"",""150.00""],[""0.5100"",""275.00""],[""0.5200"",""127.00""],[""0.5300"",""132.00""],[""0.5400"",""1550.00""],[""0.5500"",""2365.00""],[""0.5600"",""1286.00""]]","[[""0.3400"",""152.94""],[""0.3500"",""519.00""],[""0.3600"",""438.00""],[""0.3700"",""1554.00""],[""0.3800"",""259.90""],[""0.3900"",""264.00""],[""0.4000"",""331.00""],[""0.4100"",""3335.15""],[""0.4200"",""1634.04""],[""0.4300"",""1145.05""]]"
2026-05-16T13:31:47.742Z,KXBTC15M-26MAY160945-45,BTC price up in next 15 mins?,KXBTC15M-26MAY160945,2026-05-16T13:45:00Z,active,0.54,0.55,0.45,0.46,0.545,0.55,26204.59,16699.94,75.0,2127.28,"[[""0.4800"",""149.00""],[""0.4900"",""125.00""],[""0.5000"",""165.00""],[""0.5100"",""275.00""],[""0.5200"",""125.00""],[""0.5300"",""1127.00""],[""0.5400"",""2090.00""],[""0.5500"",""145.00""],[""0.5600"",""1826.23""],[""0.5700"",""75.00""]]","[[""0.3300"",""138.03""],[""0.3400"",""160.00""],[""0.3500"",""524.00""],[""0.3600"",""1688.00""],[""0.3700"",""381.00""],[""0.3800"",""259.90""],[""0.3900"",""257.00""],[""0.4000"",""729.00""],[""0.4100"",""3261.15""],[""0.4200"",""2127.28""]]"
2026-05-16T13:31:49.723Z,KXBTC15M-26MAY160945-45,BTC price up in next 15 mins?,KXBTC15M-26MAY160945,2026-05-16T13:45:00Z,active,0.54,0.55,0.45,0.46,0.545,0.55,26204.59,16699.94,4237.58,584.0,"[[""0.5000"",""150.00""],[""0.5100"",""925.00""],[""0.5200"",""125.00""],[""0.5300"",""275.00""],[""0.5400"",""150.00""],[""0.5500"",""131.00""],[""0.5600"",""128.00""],[""0.5700"",""651.00""],[""0.5800"",""554.00""],[""0.5900"",""4237.58""]]","[[""0.3100"",""584.22""],[""0.3200"",""550.12""],[""0.3300"",""138.03""],[""0.3400"",""150.00""],[""0.3500"",""2176.00""],[""0.3600"",""2828.15""],[""0.3700"",""1307.77""],[""0.3800"",""173.61""],[""0.3900"",""462.00""],[""0.4000"",""584.00""]]"
2026-05-16T13:31:51.722Z,KXBTC15M-26MAY160945-45,BTC price up in next 15 mins?,KXBTC15M-26MAY160945,2026-05-16T13:45:00Z,active,0.54,0.55,0.45,0.46,0.545,0.55,26204.59,16699.94,2728.17,864.0,"[[""0.5000"",""150.00""],[""0.5100"",""925.00""],[""0.5200"",""127.00""],[""0.5300"",""125.00""],[""0.5400"",""328.00""],[""0.5500"",""131.00""],[""0.5600"",""129.00""],[""0.5700"",""532.00""],[""0.5800"",""1849.00""],[""0.5900"",""2728.17""]]","[[""0.3100"",""202.00""],[""0.3200"",""140.00""],[""0.3300"",""287.00""],[""0.3400"",""1477.00""],[""0.3500"",""550.00""],[""0.3600"",""1804.15""],[""0.3700"",""1264.00""],[""0.3800"",""1683.67""],[""0.3900"",""826.00""],[""0.4000"",""864.00""]]"
2026-05-16T13:31:53.730Z,KXBTC15M-26MAY160945-45,BTC price up in next 15 mins?,KXBTC15M-26MAY160945,2026-05-16T13:45:00Z,active,0.54,0.55,0.45,0.46,0.545,0.55,26204.59,16699.94,2687.6,880.41,"[[""0.5000"",""150.00""],[""0.5100"",""925.00""],[""0.5200"",""127.00""],[""0.5300"",""125.00""],[""0.5400"",""178.00""],[""0.5500"",""281.00""],[""0.5600"",""129.00""],[""0.5700"",""532.00""],[""0.5800"",""1852.00""],[""0.5900"",""2687.60""]]","[[""0.3100"",""202.00""],[""0.3200"",""290.00""],[""0.3300"",""1385.00""],[""0.3400"",""229.00""],[""0.3500"",""548.00""],[""0.3600"",""1804.15""],[""0.3700"",""1264.00""],[""0.3800"",""1693.67""],[""0.3900"",""805.00""],[""0.4000"",""880.41""]]"
2026-05-16T13:31:55.730Z,KXBTC15M-26MAY160945-45,BTC price up in next 15 mins?,KXBTC15M-26MAY160945,2026-05-16T13:45:00Z,active,0.54,0.55,0.45,0.46,0.545,0.55,26204.59,16699.94,2855.0,549.98,"[[""0.5100"",""925.00""],[""0.5200"",""125.00""],[""0.5300"",""125.00""],[""0.5400"",""178.00""],[""0.5500"",""131.00""],[""0.5600"",""278.00""],[""0.5700"",""135.00""],[""0.5800"",""651.00""],[""0.5900"",""1593.00""],[""0.6000"",""2855.00""]]","[[""0.3000"",""216.06""],[""0.3100"",""352.00""],[""0.3200"",""125.00""],[""0.3300"",""210.00""],[""0.3400"",""954.00""],[""0.3500"",""2088.15""],[""0.3600"",""1344.00""],[""0.3700"",""1664.77""],[""0.3800"",""825.90""],[""0.3900"",""549.98""]]"
2026-05-16T13:31:57.730Z,KXBTC15M-26MAY160945-45,BTC price up in next 15 mins?,KXBTC15M-26MAY160945,2026-05-16T13:45:00Z,active,0.54,0.55,0.45,0.46,0.545,0.55,26204.59,16699.94,3866.0,679.98,"[[""0.5100"",""125.00""],[""0.5200"",""125.00""],[""0.5300"",""125.00""],[""0.5400"",""178.00""],[""0.5500"",""131.00""],[""0.5600"",""278.00""],[""0.5700"",""135.00""],[""0.5800"",""251.00""],[""0.5900"",""1198.00""],[""0.6000"",""3866.00""]]","[[""0.3000"",""216.06""],[""0.3100"",""352.00""],[""0.3200"",""125.00""],[""0.3300"",""1492.00""],[""0.3400"",""1692.15""],[""0.3500"",""2948.77""],[""0.3600"",""264.00""],[""0.3700"",""455.00""],[""0.3800"",""553.90""],[""0.3900"",""679.98""]]"
2026-05-16T13:31:59.726Z,KXBTC15M-26MAY160945-45,BTC price up in next 15 mins?,KXBTC15M-26MAY160945,2026-05-16T13:45:00Z,active,0.54,0.55,0.45,0.46,0.545,0.55,26204.59,16699.94,2794.0,681.01,"[[""0.5100"",""125.00""],[""0.5200"",""125.00""],[""0.5300"",""125.00""],[""0.5400"",""253.00""],[""0.5500"",""131.00""],[""0.5600"",""278.00""],[""0.5700"",""133.00""],[""0.5800"",""1152.00""],[""0.5900"",""1125.00""],[""0.6000"",""2794.00""]]","[[""0.3000"",""201.06""],[""0.3100"",""352.00""],[""0.3200"",""1390.00""],[""0.3300"",""169.00""],[""0.3400"",""152.00""],[""0.3500"",""2189.15""],[""0.3600"",""1744.00""],[""0.3700"",""664.00""],[""0.3800"",""1996.67""],[""0.3900"",""681.01""]]"
2026-05-16T13:32:01.728Z,KXBTC15M-26MAY160945-45,BTC price up in next 15 mins?,KXBTC15M-26MAY160945,2026-05-16T13:45:00Z,active,0.54,0.55,0.45,0.46,0.545,0.55,26204.59,16699.94,8.0,125.0,"[[""0.4100"",""272.00""],[""0.4200"",""132.00""],[""0.4300"",""628.00""],[""0.4400"",""128.00""],[""0.4500"",""637.00""],[""0.4600"",""1002.00""],[""0.4700"",""2543.00""],[""0.4800"",""1249.00""],[""0.4900"",""12.00""],[""0.5000"",""8.00""]]","[[""0.4000"",""125.00""],[""0.4100"",""125.00""],[""0.4200"",""119.00""],[""0.4300"",""551.00""],[""0.4400"",""1710.00""],[""0.4500"",""187.00""],[""0.4600"",""1665.00""],[""0.4700"",""1125.00""],[""0.4800"",""150.00""],[""0.4900"",""125.00""]]"
2026-05-16T13:32:03.730Z,KXBTC15M-26MAY160945-45,BTC price up in next 15 mins?,KXBTC15M-26MAY160945,2026-05-16T13:45:00Z,active,0.49,0.5,0.5,0.51,0.495,0.5,35784.34,22446.90,1675.95,273.72,"[[""0.4000"",""777.50""],[""0.4100"",""276.00""],[""0.4200"",""132.00""],[""0.4300"",""332.00""],[""0.4400"",""1378.00""],[""0.4500"",""147.00""],[""0.4600"",""264.00""],[""0.4700"",""2668.00""],[""0.4800"",""410.00""],[""0.4900"",""1675.95""]]","[[""0.4100"",""125.00""],[""0.4200"",""119.00""],[""0.4300"",""450.00""],[""0.4400"",""752.00""],[""0.4500"",""351.00""],[""0.4600"",""129.00""],[""0.4700"",""705.00""],[""0.4800"",""2690.00""],[""0.4900"",""1230.53""],[""0.5000"",""273.72""]]"
2026-05-16T13:32:05.736Z,KXBTC15M-26MAY160945-45,BTC price up in next 15 mins?,KXBTC15M-26MAY160945,2026-05-16T13:45:00Z,active,0.49,0.5,0.5,0.51,0.495,0.5,35784.34,22446.90,1669.04,46.37,"[[""0.4000"",""777.50""],[""0.4100"",""276.00""],[""0.4200"",""132.00""],[""0.4300"",""332.00""],[""0.4400"",""1378.00""],[""0.4500"",""147.00""],[""0.4600"",""152.00""],[""0.4700"",""242.00""],[""0.4800"",""3067.00""],[""0.4900"",""1669.04""]]","[[""0.4100"",""125.00""],[""0.4200"",""119.00""],[""0.4300"",""450.00""],[""0.4400"",""352.00""],[""0.4500"",""351.00""],[""0.4600"",""1105.00""],[""0.4700"",""1667.00""],[""0.4800"",""2160.00""],[""0.4900"",""319.53""],[""0.5000"",""46.37""]]"
2026-05-16T13:32:07.754Z,KXBTC15M-26MAY160945-45,BTC price up in next 15 mins?,KXBTC15M-26MAY160945,2026-05-16T13:45:00Z,active,0.49,0.5,0.5,0.51,0.495,0.5,35784.34,22446.90,28.0,3971.0,"[[""0.4900"",""1383.00""],[""0.5000"",""157.00""],[""0.5100"",""925.00""],[""0.5200"",""125.00""],[""0.5300"",""200.00""],[""0.5400"",""2690.00""],[""0.5500"",""149.00""],[""0.5600"",""1125.00""],[""0.5700"",""535.00""],[""0.5800"",""28.00""]]","[[""0.3100"",""216.00""],[""0.3200"",""275.00""],[""0.3300"",""1415.00""],[""0.3400"",""150.00""],[""0.3500"",""519.00""],[""0.3600"",""265.00""],[""0.3700"",""669.00""],[""0.3800"",""287.90""],[""0.3900"",""325.00""],[""0.4000"",""3971.00""]]"
2026-05-16T13:32:09.727Z,KXBTC15M-26MAY160945-45,BTC price up in next 15 mins?,KXBTC15M-26MAY160945,2026-05-16T13:45:00Z,active,0.49,0.5,0.5,0.51,0.495,0.5,35784.34,22446.90,308.0,1775.86,"[[""0.4800"",""125.00""],[""0.4900"",""125.00""],[""0.5000"",""174.00""],[""0.5100"",""275.00""],[""0.5200"",""200.00""],[""0.5300"",""125.00""],[""0.5400"",""2692.00""],[""0.5500"",""1620.00""],[""0.5600"",""655.00""],[""0.5700"",""308.00""]]","[[""0.3300"",""168.03""],[""0.3400"",""150.00""],[""0.3500"",""1769.00""],[""0.3600"",""439.00""],[""0.3700"",""271.00""],[""0.3800"",""287.90""],[""0.3900"",""125.00""],[""0.4000"",""725.00""],[""0.4100"",""3456.80""],[""0.4200"",""1775.86""]]"
2026-05-16T13:32:11.739Z,KXBTC15M-26MAY160945-45,BTC price up in next 15 mins?,KXBTC15M-26MAY160945,2026-05-16T13:45:00Z,active,0.49,0.5,0.5,0.51,0.495,0.5,35784.34,22446.90,205.0,879.61,"[[""0.4400"",""128.00""],[""0.4500"",""147.00""],[""0.4600"",""152.00""],[""0.4700"",""135.00""],[""0.4800"",""1600.00""],[""0.4900"",""930.00""],[""0.5000"",""1730.00""],[""0.5100"",""2125.00""],[""0.5200"",""937.00""],[""0.5400"",""205.00""]]","[[""0.3600"",""289.00""],[""0.3700"",""1514.00""],[""0.3800"",""285.90""],[""0.3900"",""350.00""],[""0.4000"",""127.00""],[""0.4100"",""219.80""],[""0.4200"",""3497.00""],[""0.4300"",""725.00""],[""0.4400"",""317.00""],[""0.4500"",""879.61""]]"
2026-05-16T13:32:13.730Z,KXBTC15M-26MAY160945-45,BTC price up in next 15 mins?,KXBTC15M-26MAY160945,2026-05-16T13:45:00Z,active,0.49,0.5,0.5,0.51,0.495,0.5,35784.34,22446.90,645.0,1259.0,"[[""0.4300"",""527.00""],[""0.4400"",""1378.00""],[""0.4500"",""147.00""],[""0.4600"",""152.00""],[""0.4700"",""935.00""],[""0.4800"",""376.00""],[""0.4900"",""1670.00""],[""0.5000"",""2200.00""],[""0.5100"",""424.00""],[""0.5200"",""645.00""]]","[[""0.3800"",""288.53""],[""0.3900"",""1600.00""],[""0.4000"",""925.00""],[""0.4100"",""118.80""],[""0.4200"",""152.00""],[""0.4300"",""530.00""],[""0.4400"",""628.00""],[""0.4500"",""1969.61""],[""0.4600"",""1757.00""],[""0.4700"",""1259.00""]]"
2026-05-16T13:32:15.738Z,KXBTC15M-26MAY160945-45,BTC price up in next 15 mins?,KXBTC15M-26MAY160945,2026-05-16T13:45:00Z,active,0.49,0.5,0.5,0.51,0.495,0.5,35784.34,22446.90,213.09,702.15,"[[""0.4300"",""527.00""],[""0.4400"",""1378.00""],[""0.4500"",""147.00""],[""0.4600"",""152.00""],[""0.4700"",""285.00""],[""0.4800"",""226.00""],[""0.4900"",""1670.00""],[""0.5000"",""1602.00""],[""0.5100"",""1551.00""],[""0.5200"",""213.09""]]","[[""0.3800"",""288.53""],[""0.3900"",""1450.00""],[""0.4000"",""275.00""],[""0.4100"",""129.80""],[""0.4200"",""152.00""],[""0.4300"",""132.00""],[""0.4400"",""1026.00""],[""0.4500"",""1952.00""],[""0.4600"",""2703.00""],[""0.4700"",""702.15""]]"
2026-05-16T13:32:17.727Z,KXBTC15M-26MAY160945-45,BTC price up in next 15 mins?,KXBTC15M-26MAY160945,2026-05-16T13:45:00Z,active,0.49,0.5,0.5,0.51,0.495,0.5,35784.34,22446.90,211.89,2825.65,"[[""0.4300"",""527.00""],[""0.4400"",""1378.00""],[""0.4500"",""147.00""],[""0.4600"",""152.00""],[""0.4700"",""1085.00""],[""0.4800"",""125.00""],[""0.4900"",""1670.00""],[""0.5000"",""2602.00""],[""0.5100"",""382.00""],[""0.5200"",""211.89""]]","[[""0.3800"",""288.53""],[""0.3900"",""1465.00""],[""0.4000"",""1075.00""],[""0.4100"",""129.80""],[""0.4200"",""152.00""],[""0.4300"",""132.00""],[""0.4400"",""725.00""],[""0.4500"",""673.00""],[""0.4600"",""1343.00""],[""0.4700"",""2825.65""]]"
2026-05-16T13:32:19.737Z,KXBTC15M-26MAY160945-45,BTC price up in next 15 mins?,KXBTC15M-26MAY160945,2026-05-16T13:45:00Z,active,0.49,0.5,0.5,0.51,0.495,0.5,35784.34,22446.90,222.31,2823.21,"[[""0.4200"",""132.00""],[""0.4300"",""527.00""],[""0.4400"",""128.00""],[""0.4500"",""147.00""],[""0.4600"",""1552.00""],[""0.4700"",""1675.00""],[""0.4800"",""1205.00""],[""0.4900"",""1542.00""],[""0.5000"",""821.00""],[""0.5100"",""222.31""]]","[[""0.3900"",""2192.56""],[""0.4000"",""125.00""],[""0.4100"",""352.80""],[""0.4200"",""152.00""],[""0.4300"",""132.00""],[""0.4400"",""127.00""],[""0.4500"",""972.00""],[""0.4600"",""832.00""],[""0.4700"",""1219.65""],[""0.4800"",""2823.21""]]"
2026-05-16T13:32:21.739Z,KXBTC15M-26MAY160945-45,BTC price up in next 15 mins?,KXBTC15M-26MAY160945,2026-05-16T13:45:00Z,active,0.49,0.5,0.5,0.51,0.495,0.5,35784.34,22446.90,1014.58,1890.17,"[[""0.4200"",""1382.00""],[""0.4300"",""153.00""],[""0.4400"",""128.00""],[""0.4500"",""147.00""],[""0.4600"",""152.00""],[""0.4700"",""1825.00""],[""0.4800"",""1229.00""],[""0.4900"",""231.00""],[""0.5000"",""1283.00""],[""0.5100"",""1014.58""]]","[[""0.3900"",""1377.56""],[""0.4000"",""275.00""],[""0.4100"",""217.80""],[""0.4200"",""152.00""],[""0.4300"",""132.00""],[""0.4400"",""525.00""],[""0.4500"",""572.00""],[""0.4600"",""631.00""],[""0.4700"",""2150.00""],[""0.4800"",""1890.17""]]"
2026-05-16T13:32:23.735Z,KXBTC15M-26MAY160945-45,BTC price up in next 15 mins?,KXBTC15M-26MAY160945,2026-05-16T13:45:00Z,active,0.49,0.5,0.5,0.51,0.495,0.5,35784.34,22446.90,400.58,2776.23,"[[""0.4200"",""132.00""],[""0.4300"",""153.00""],[""0.4400"",""128.00""],[""0.4500"",""147.00""],[""0.4600"",""1552.00""],[""0.4700"",""1675.00""],[""0.4800"",""1149.00""],[""0.4900"",""1132.00""],[""0.5000"",""979.00""],[""0.5100"",""400.58""]]","[[""0.3900"",""2177.56""],[""0.4000"",""125.00""],[""0.4100"",""292.80""],[""0.4200"",""227.00""],[""0.4300"",""132.00""],[""0.4400"",""527.00""],[""0.4500"",""572.00""],[""0.4600"",""631.00""],[""0.4700"",""1160.00""],[""0.4800"",""2776.23""]]"
2026-05-16T13:32:25.735Z,KXBTC15M-26MAY160945-45,BTC price up in next 15 mins?,KXBTC15M-26MAY160945,2026-05-16T13:45:00Z,active,0.49,0.5,0.5,0.51,0.495,0.5,35784.34,22446.90,795.56,843.33,"[[""0.4200"",""132.00""],[""0.4300"",""153.00""],[""0.4400"",""128.00""],[""0.4500"",""147.00""],[""0.4600"",""1552.00""],[""0.4700"",""1675.00""],[""0.4800"",""1229.00""],[""0.4900"",""235.00""],[""0.5000"",""1551.00""],[""0.5100"",""795.56""]]","[[""0.3900"",""2177.56""],[""0.4000"",""125.00""],[""0.4100"",""292.80""],[""0.4200"",""227.00""],[""0.4300"",""132.00""],[""0.4400"",""525.00""],[""0.4500"",""572.00""],[""0.4600"",""631.00""],[""0.4700"",""2159.00""],[""0.4800"",""843.33""]]"
2026-05-16T13:32:27.743Z,KXBTC15M-26MAY160945-45,BTC price up in next 15 mins?,KXBTC15M-26MAY160945,2026-05-16T13:45:00Z,active,0.49,0.5,0.5,0.51,0.495,0.5,35784.34,22446.90,808.9,1640.33,"[[""0.4200"",""1382.00""],[""0.4300"",""153.00""],[""0.4400"",""128.00""],[""0.4500"",""147.00""],[""0.4600"",""302.00""],[""0.4700"",""1675.00""],[""0.4800"",""330.00""],[""0.4900"",""1134.00""],[""0.5000"",""1576.00""],[""0.5100"",""808.90""]]","[[""0.3900"",""1377.56""],[""0.4000"",""125.00""],[""0.4100"",""292.80""],[""0.4200"",""227.00""],[""0.4300"",""132.00""],[""0.4400"",""125.00""],[""0.4500"",""972.00""],[""0.4600"",""831.00""],[""0.4700"",""2159.00""],[""0.4800"",""1640.33""]]"
2026-05-16T13:32:29.735Z,KXBTC15M-26MAY160945-45,BTC price up in next 15 mins?,KXBTC15M-26MAY160945,2026-05-16T13:45:00Z,active,0.49,0.5,0.5,0.51,0.495,0.5,35784.34,22446.90,249.0,89.68,"[[""0.4200"",""1382.00""],[""0.4300"",""153.00""],[""0.4400"",""128.00""],[""0.4500"",""147.00""],[""0.4600"",""302.00""],[""0.4700"",""135.00""],[""0.4800"",""1790.00""],[""0.4900"",""1134.00""],[""0.5000"",""1988.00""],[""0.5100"",""249.00""]]","[[""0.3900"",""1377.56""],[""0.4000"",""125.00""],[""0.4100"",""1092.80""],[""0.4200"",""227.00""],[""0.4300"",""132.00""],[""0.4400"",""127.00""],[""0.4500"",""570.00""],[""0.4600"",""653.00""],[""0.4700"",""4055.37""],[""0.4800"",""89.68""]]"
2026-05-16T13:32:31.728Z,KXBTC15M-26MAY160945-45,BTC price up in next 15 mins?,KXBTC15M-26MAY160945,2026-05-16T13:45:00Z,active,0.49,0.5,0.5,0.51,0.495,0.5,35784.34,22446.90,362.18,3805.64,"[[""0.4200"",""1382.00""],[""0.4300"",""153.00""],[""0.4400"",""128.00""],[""0.4500"",""147.00""],[""0.4600"",""1102.00""],[""0.4700"",""135.00""],[""0.4800"",""1790.00""],[""0.4900"",""1614.00""],[""0.5000"",""1602.00""],[""0.5100"",""362.18""]]","[[""0.3800"",""312.53""],[""0.3900"",""1377.56""],[""0.4000"",""125.00""],[""0.4100"",""277.80""],[""0.4200"",""167.00""],[""0.4300"",""132.00""],[""0.4400"",""127.00""],[""0.4500"",""570.00""],[""0.4600"",""1653.51""],[""0.4700"",""3805.64""]]"
2026-05-16T13:32:33.722Z,KXBTC15M-26MAY160945-45,BTC price up in next 15 mins?,KXBTC15M-26MAY160945,2026-05-16T13:45:00Z,active,0.52,0.53,0.47,0.48,0.525,0.53,42546.87,24354.67,605.0,699.97,"[[""0.4300"",""153.00""],[""0.4400"",""128.00""],[""0.4500"",""147.00""],[""0.4600"",""152.00""],[""0.4700"",""285.00""],[""0.4800"",""149.00""],[""0.4900"",""1667.00""],[""0.5000"",""2573.00""],[""0.5100"",""308.00""],[""0.5200"",""605.00""]]","[[""0.3800"",""312.53""],[""0.3900"",""1375.00""],[""0.4000"",""275.00""],[""0.4100"",""202.80""],[""0.4200"",""172.00""],[""0.4300"",""125.00""],[""0.4400"",""525.00""],[""0.4500"",""1537.51""],[""0.4600"",""2598.37""],[""0.4700"",""699.97""]]"
2026-05-16T13:32:35.738Z,KXBTC15M-26MAY160945-45,BTC price up in next 15 mins?,KXBTC15M-26MAY160945,2026-05-16T13:45:00Z,active,0.52,0.53,0.47,0.48,0.525,0.53,42546.87,24354.67,261.0,2352.57,"[[""0.4300"",""157.00""],[""0.4400"",""128.00""],[""0.4500"",""148.00""],[""0.4600"",""152.00""],[""0.4700"",""285.00""],[""0.4800"",""1689.00""],[""0.4900"",""228.00""],[""0.5000"",""2173.00""],[""0.5100"",""1005.00""],[""0.5200"",""261.00""]]","[[""0.3800"",""312.53""],[""0.3900"",""125.00""],[""0.4000"",""1526.00""],[""0.4100"",""202.80""],[""0.4200"",""172.00""],[""0.4300"",""125.00""],[""0.4400"",""525.00""],[""0.4500"",""1537.51""],[""0.4600"",""1059.00""],[""0.4700"",""2352.57""]]"
2026-05-16T13:32:37.735Z,KXBTC15M-26MAY160945-45,BTC price up in next 15 mins?,KXBTC15M-26MAY160945,2026-05-16T13:45:00Z,active,0.52,0.53,0.47,0.48,0.525,0.53,42546.87,24354.67,887.15,126.62,"[[""0.4300"",""157.00""],[""0.4400"",""128.00""],[""0.4500"",""148.00""],[""0.4600"",""152.00""],[""0.4700"",""285.00""],[""0.4800"",""149.00""],[""0.4900"",""1667.00""],[""0.5000"",""276.00""],[""0.5100"",""2525.00""],[""0.5200"",""887.15""]]","[[""0.3800"",""312.53""],[""0.3900"",""125.00""],[""0.4000"",""1526.00""],[""0.4100"",""202.80""],[""0.4200"",""172.00""],[""0.4300"",""125.00""],[""0.4400"",""525.00""],[""0.4500"",""1537.51""],[""0.4600"",""3599.37""],[""0.4700"",""126.62""]]"
2026-05-16T13:32:39.742Z,KXBTC15M-26MAY160945-45,BTC price up in next 15 mins?,KXBTC15M-26MAY160945,2026-05-16T13:45:00Z,active,0.52,0.53,0.47,0.48,0.525,0.53,42546.87,24354.67,970.9,115.62,"[[""0.4300"",""157.00""],[""0.4400"",""128.00""],[""0.4500"",""148.00""],[""0.4600"",""152.00""],[""0.4700"",""285.00""],[""0.4800"",""149.00""],[""0.4900"",""1667.00""],[""0.5000"",""676.00""],[""0.5100"",""2142.00""],[""0.5200"",""970.90""]]","[[""0.3800"",""312.53""],[""0.3900"",""125.00""],[""0.4000"",""1526.00""],[""0.4100"",""202.80""],[""0.4200"",""172.00""],[""0.4300"",""125.00""],[""0.4400"",""525.00""],[""0.4500"",""1527.51""],[""0.4600"",""3582.37""],[""0.4700"",""115.62""]]"
2026-05-16T13:32:41.747Z,KXBTC15M-26MAY160945-45,BTC price up in next 15 mins?,KXBTC15M-26MAY160945,2026-05-16T13:45:00Z,active,0.52,0.53,0.47,0.48,0.525,0.53,42546.87,24354.67,382.0,1514.73,"[[""0.4300"",""154.00""],[""0.4400"",""125.00""],[""0.4500"",""145.00""],[""0.4600"",""150.00""],[""0.4700"",""283.00""],[""0.4800"",""149.00""],[""0.4900"",""2667.00""],[""0.5000"",""1756.00""],[""0.5100"",""542.00""],[""0.5200"",""382.00""]]","[[""0.3800"",""312.53""],[""0.3900"",""125.00""],[""0.4000"",""1526.00""],[""0.4100"",""202.80""],[""0.4200"",""172.00""],[""0.4300"",""127.00""],[""0.4400"",""525.00""],[""0.4500"",""1527.51""],[""0.4600"",""2402.37""],[""0.4700"",""1514.73""]]"
2026-05-16T13:32:43.729Z,KXBTC15M-26MAY160945-45,BTC price up in next 15 mins?,KXBTC15M-26MAY160945,2026-05-16T13:45:00Z,active,0.52,0.53,0.47,0.48,0.525,0.53,42546.87,24354.67,296.67,2864.01,"[[""0.4300"",""154.00""],[""0.4400"",""125.00""],[""0.4500"",""145.00""],[""0.4600"",""150.00""],[""0.4700"",""283.00""],[""0.4800"",""1689.00""],[""0.4900"",""1127.00""],[""0.5000"",""2076.00""],[""0.5100"",""173.00""],[""0.5200"",""296.67""]]","[[""0.3800"",""312.53""],[""0.3900"",""125.00""],[""0.4000"",""1526.00""],[""0.4100"",""202.80""],[""0.4200"",""172.00""],[""0.4300"",""127.00""],[""0.4400"",""525.00""],[""0.4500"",""327.00""],[""0.4600"",""1882.51""],[""0.4700"",""2864.01""]]"
2026-05-16T13:32:45.732Z,KXBTC15M-26MAY160945-45,BTC price up in next 15 mins?,KXBTC15M-26MAY160945,2026-05-16T13:45:00Z,active,0.52,0.53,0.47,0.48,0.525,0.53,42546.87,24354.67,183.41,3054.83,"[[""0.4300"",""154.00""],[""0.4400"",""125.00""],[""0.4500"",""145.00""],[""0.4600"",""225.00""],[""0.4700"",""1823.00""],[""0.4800"",""189.00""],[""0.4900"",""1527.00""],[""0.5000"",""1674.00""],[""0.5100"",""18.00""],[""0.5200"",""183.41""]]","[[""0.3800"",""312.53""],[""0.3900"",""125.00""],[""0.4000"",""1526.00""],[""0.4100"",""1002.80""],[""0.4200"",""172.00""],[""0.4300"",""127.00""],[""0.4400"",""127.00""],[""0.4500"",""527.00""],[""0.4600"",""1652.51""],[""0.4700"",""3054.83""]]"
2026-05-16T13:32:47.734Z,KXBTC15M-26MAY160945-45,BTC price up in next 15 mins?,KXBTC15M-26MAY160945,2026-05-16T13:45:00Z,active,0.52,0.53,0.47,0.48,0.525,0.53,42546.87,24354.67,50.37,3634.3,"[[""0.4300"",""154.00""],[""0.4400"",""125.00""],[""0.4500"",""145.00""],[""0.4600"",""150.00""],[""0.4700"",""1823.00""],[""0.4800"",""149.00""],[""0.4900"",""1129.00""],[""0.5000"",""2072.00""],[""0.5100"",""335.00""],[""0.5200"",""50.37""]]","[[""0.3800"",""312.53""],[""0.3900"",""125.00""],[""0.4000"",""1526.00""],[""0.4100"",""202.80""],[""0.4200"",""172.00""],[""0.4300"",""127.00""],[""0.4400"",""125.00""],[""0.4500"",""527.00""],[""0.4600"",""1652.51""],[""0.4700"",""3634.30""]]"
2026-05-16T13:32:49.732Z,KXBTC15M-26MAY160945-45,BTC price up in next 15 mins?,KXBTC15M-26MAY160945,2026-05-16T13:45:00Z,active,0.52,0.53,0.47,0.48,0.525,0.53,42546.87,24354.67,425.32,267.72,"[[""0.4300"",""154.00""],[""0.4400"",""125.00""],[""0.4500"",""145.00""],[""0.4600"",""150.00""],[""0.4700"",""283.00""],[""0.4800"",""149.00""],[""0.4900"",""1667.00""],[""0.5000"",""674.00""],[""0.5100"",""2555.00""],[""0.5200"",""425.32""]]","[[""0.3800"",""312.53""],[""0.3900"",""125.00""],[""0.4000"",""1526.00""],[""0.4100"",""202.80""],[""0.4200"",""172.00""],[""0.4300"",""127.00""],[""0.4400"",""525.00""],[""0.4500"",""1628.51""],[""0.4600"",""3325.37""],[""0.4700"",""267.72""]]"
2026-05-16T13:32:51.746Z,KXBTC15M-26MAY160945-45,BTC price up in next 15 mins?,KXBTC15M-26MAY160945,2026-05-16T13:45:00Z,active,0.52,0.53,0.47,0.48,0.525,0.53,42546.87,24354.67,165.04,1838.93,"[[""0.4300"",""154.00""],[""0.4400"",""125.00""],[""0.4500"",""145.00""],[""0.4600"",""150.00""],[""0.4700"",""283.00""],[""0.4800"",""149.00""],[""0.4900"",""1667.00""],[""0.5000"",""2674.00""],[""0.5100"",""815.00""],[""0.5200"",""165.04""]]","[[""0.3800"",""312.53""],[""0.3900"",""125.00""],[""0.4000"",""1526.00""],[""0.4100"",""202.80""],[""0.4200"",""172.00""],[""0.4300"",""127.00""],[""0.4400"",""525.00""],[""0.4500"",""1228.51""],[""0.4600"",""2127.37""],[""0.4700"",""1838.93""]]"
2026-05-16T13:32:53.737Z,KXBTC15M-26MAY160945-45,BTC price up in next 15 mins?,KXBTC15M-26MAY160945,2026-05-16T13:45:00Z,active,0.52,0.53,0.47,0.48,0.525,0.53,42546.87,24354.67,6.34,3265.92,"[[""0.4300"",""154.00""],[""0.4400"",""125.00""],[""0.4500"",""145.00""],[""0.4600"",""150.00""],[""0.4700"",""1823.00""],[""0.4800"",""149.00""],[""0.4900"",""127.00""],[""0.5000"",""2674.00""],[""0.5100"",""815.00""],[""0.5200"",""6.34""]]","[[""0.3800"",""312.53""],[""0.3900"",""125.00""],[""0.4000"",""1526.00""],[""0.4100"",""202.80""],[""0.4200"",""172.00""],[""0.4300"",""127.00""],[""0.4400"",""525.00""],[""0.4500"",""1127.51""],[""0.4600"",""662.00""],[""0.4700"",""3265.92""]]"
2026-05-16T13:32:55.723Z,KXBTC15M-26MAY160945-45,BTC price up in next 15 mins?,KXBTC15M-26MAY160945,2026-05-16T13:45:00Z,active,0.52,0.53,0.47,0.48,0.525,0.53,42546.87,24354.67,800.95,123.0,"[[""0.4000"",""1238.00""],[""0.4100"",""643.00""],[""0.4200"",""1379.00""],[""0.4300"",""154.00""],[""0.4400"",""925.00""],[""0.4500"",""145.00""],[""0.4600"",""1665.00""],[""0.4700"",""558.00""],[""0.4800"",""2159.00""],[""0.4900"",""800.95""]]","[[""0.4100"",""202.80""],[""0.4200"",""1405.00""],[""0.4300"",""942.00""],[""0.4400"",""125.00""],[""0.4500"",""125.00""],[""0.4600"",""254.00""],[""0.4700"",""1576.09""],[""0.4800"",""1315.00""],[""0.4900"",""2745.37""],[""0.5000"",""123.00""]]"
2026-05-16T13:32:57.739Z,KXBTC15M-26MAY160945-45,BTC price up in next 15 mins?,KXBTC15M-26MAY160945,2026-05-16T13:45:00Z,active,0.52,0.53,0.47,0.48,0.525,0.53,42546.87,24354.67,1073.17,180.0,"[[""0.4000"",""823.00""],[""0.4100"",""643.00""],[""0.4200"",""1379.00""],[""0.4300"",""154.00""],[""0.4400"",""925.00""],[""0.4500"",""295.00""],[""0.4600"",""1670.00""],[""0.4700"",""259.00""],[""0.4800"",""2161.00""],[""0.4900"",""1073.17""]]","[[""0.4100"",""202.80""],[""0.4200"",""1550.00""],[""0.4300"",""942.00""],[""0.4400"",""127.00""],[""0.4500"",""125.00""],[""0.4600"",""558.00""],[""0.4700"",""1525.51""],[""0.4800"",""876.58""],[""0.4900"",""2885.37""],[""0.5000"",""180.00""]]"
2026-05-16T13:32:59.728Z,KXBTC15M-26MAY160945-45,BTC price up in next 15 mins?,KXBTC15M-26MAY160945,2026-05-16T13:45:00Z,active,0.52,0.53,0.47,0.48,0.525,0.53,42546.87,24354.67,80.0,3505.13,"[[""0.4100"",""269.00""],[""0.4200"",""1379.00""],[""0.4300"",""154.00""],[""0.4400"",""125.00""],[""0.4500"",""145.00""],[""0.4600"",""1670.00""],[""0.4700"",""252.00""],[""0.4800"",""2137.00""],[""0.4900"",""1230.95""],[""0.5000"",""80.00""]]","[[""0.4000"",""126.00""],[""0.4100"",""202.80""],[""0.4200"",""300.00""],[""0.4300"",""2192.00""],[""0.4400"",""127.00""],[""0.4500"",""125.00""],[""0.4600"",""556.00""],[""0.4700"",""1127.51""],[""0.4800"",""698.58""],[""0.4900"",""3505.13""]]"
2026-05-16T13:33:01.741Z,KXBTC15M-26MAY160945-45,BTC price up in next 15 mins?,KXBTC15M-26MAY160945,2026-05-16T13:45:00Z,active,0.52,0.53,0.47,0.48,0.525,0.53,42546.87,24354.67,1014.0,4495.01,"[[""0.3400"",""125.00""],[""0.3500"",""386.00""],[""0.3600"",""567.00""],[""0.3700"",""265.97""],[""0.3800"",""657.00""],[""0.3900"",""1822.00""],[""0.4000"",""2002.00""],[""0.4100"",""144.00""],[""0.4200"",""24.00""],[""0.4300"",""1014.00""]]","[[""0.4400"",""125.00""],[""0.4500"",""125.00""],[""0.4600"",""155.00""],[""0.4700"",""290.00""],[""0.4800"",""176.58""],[""0.4900"",""125.00""],[""0.5000"",""150.00""],[""0.5100"",""137.00""],[""0.5200"",""255.00""],[""0.5300"",""4495.01""]]"
2026-05-16T13:33:03.725Z,KXBTC15M-26MAY160945-45,BTC price up in next 15 mins?,KXBTC15M-26MAY160945,2026-05-16T13:45:00Z,active,0.43,0.44,0.56,0.57,0.435,0.43,47273.48,27529.16,778.0,202.0,"[[""0.3400"",""127.94""],[""0.3500"",""373.00""],[""0.3600"",""477.00""],[""0.3700"",""1515.97""],[""0.3800"",""259.00""],[""0.3900"",""257.00""],[""0.4000"",""861.00""],[""0.4100"",""2209.00""],[""0.4200"",""2164.00""],[""0.4300"",""778.00""]]","[[""0.4700"",""140.00""],[""0.4800"",""1576.58""],[""0.4900"",""200.00""],[""0.5000"",""150.00""],[""0.5100"",""137.00""],[""0.5200"",""127.00""],[""0.5300"",""1125.51""],[""0.5400"",""2266.89""],[""0.5500"",""1618.00""],[""0.5600"",""202.00""]]"
2026-05-16T13:33:05.740Z,KXBTC15M-26MAY160945-45,BTC price up in next 15 mins?,KXBTC15M-26MAY160945,2026-05-16T13:45:00Z,active,0.43,0.44,0.56,0.57,0.435,0.43,47273.48,27529.16,304.0,835.13,"[[""0.3200"",""125.00""],[""0.3300"",""322.00""],[""0.3400"",""1379.00""],[""0.3500"",""773.00""],[""0.3600"",""477.00""],[""0.3700"",""342.97""],[""0.3800"",""281.00""],[""0.3900"",""1807.00""],[""0.4000"",""3236.03""],[""0.4100"",""304.00""]]","[[""0.4900"",""125.00""],[""0.5000"",""165.00""],[""0.5100"",""935.00""],[""0.5200"",""125.00""],[""0.5300"",""125.00""],[""0.5400"",""300.00""],[""0.5500"",""1126.51""],[""0.5600"",""2063.89""],[""0.5700"",""2007.99""],[""0.5800"",""835.13""]]"
2026-05-16T13:33:07.736Z,KXBTC15M-26MAY160945-45,BTC price up in next 15 mins?,KXBTC15M-26MAY160945,2026-05-16T13:45:00Z,active,0.43,0.44,0.56,0.57,0.435,0.43,47273.48,27529.16,261.98,535.0,"[[""0.2700"",""151.00""],[""0.2800"",""132.00""],[""0.2900"",""525.00""],[""0.3000"",""258.18""],[""0.3100"",""204.00""],[""0.3200"",""1665.00""],[""0.3300"",""1190.00""],[""0.3400"",""1139.03""],[""0.3500"",""248.00""],[""0.3600"",""261.98""]]","[[""0.5400"",""300.00""],[""0.5500"",""150.00""],[""0.5600"",""125.00""],[""0.5700"",""157.99""],[""0.5800"",""125.00""],[""0.5900"",""145.00""],[""0.6000"",""1127.51""],[""0.6100"",""1763.89""],[""0.6200"",""436.07""],[""0.6300"",""535.00""]]"
2026-05-16T13:33:09.743Z,KXBTC15M-26MAY160945-45,BTC price up in next 15 mins?,KXBTC15M-26MAY160945,2026-05-16T13:45:00Z,active,0.43,0.44,0.56,0.57,0.435,0.43,47273.48,27529.16,212.7,4362.35,"[[""0.2700"",""305.00""],[""0.2800"",""1375.00""],[""0.2900"",""525.00""],[""0.3000"",""234.18""],[""0.3100"",""202.00""],[""0.3200"",""1688.00""],[""0.3300"",""1170.00""],[""0.3400"",""1539.03""],[""0.3500"",""428.00""],[""0.3600"",""212.70""]]","[[""0.5400"",""151.00""],[""0.5500"",""126.00""],[""0.5600"",""499.00""],[""0.5700"",""1407.99""],[""0.5800"",""925.00""],[""0.5900"",""155.00""],[""0.6000"",""300.00""],[""0.6100"",""1150.51""],[""0.6200"",""478.94""],[""0.6300"",""4362.35""]]"
2026-05-16T13:33:11.738Z,KXBTC15M-26MAY160945-45,BTC price up in next 15 mins?,KXBTC15M-26MAY160945,2026-05-16T13:45:00Z,active,0.43,0.44,0.56,0.57,0.435,0.43,47273.48,27529.16,428.0,4349.0,"[[""0.2600"",""131.00""],[""0.2700"",""303.00""],[""0.2800"",""1375.00""],[""0.2900"",""600.00""],[""0.3000"",""234.18""],[""0.3100"",""2667.00""],[""0.3200"",""251.00""],[""0.3300"",""1170.03""],[""0.3400"",""414.00""],[""0.3500"",""428.00""]]","[[""0.5500"",""125.00""],[""0.5600"",""499.00""],[""0.5700"",""1407.99""],[""0.5800"",""925.00""],[""0.5900"",""170.00""],[""0.6000"",""384.00""],[""0.6100"",""150.00""],[""0.6200"",""1080.45""],[""0.6300"",""761.72""],[""0.6400"",""4349.00""]]"
2026-05-16T13:33:13.744Z,KXBTC15M-26MAY160945-45,BTC price up in next 15 mins?,KXBTC15M-26MAY160945,2026-05-16T13:45:00Z,active,0.43,0.44,0.56,0.57,0.435,0.43,47273.48,27529.16,1697.03,1274.24,"[[""0.2400"",""154.00""],[""0.2500"",""271.46""],[""0.2600"",""131.00""],[""0.2700"",""303.00""],[""0.2800"",""2175.00""],[""0.2900"",""125.00""],[""0.3000"",""609.18""],[""0.3100"",""2690.00""],[""0.3200"",""226.00""],[""0.3300"",""1697.03""]]","[[""0.5700"",""1407.99""],[""0.5800"",""125.00""],[""0.5900"",""210.00""],[""0.6000"",""300.00""],[""0.6100"",""151.63""],[""0.6200"",""1082.06""],[""0.6300"",""526.58""],[""0.6400"",""2458.89""],[""0.6500"",""698.35""],[""0.6600"",""1274.24""]]"
2026-05-16T13:33:15.737Z,KXBTC15M-26MAY160945-45,BTC price up in next 15 mins?,KXBTC15M-26MAY160945,2026-05-16T13:45:00Z,active,0.43,0.44,0.56,0.57,0.435,0.43,47273.48,27529.16,682.0,1169.95,"[[""0.2400"",""154.00""],[""0.2500"",""271.46""],[""0.2600"",""281.00""],[""0.2700"",""1403.00""],[""0.2800"",""925.00""],[""0.2900"",""125.00""],[""0.3000"",""609.18""],[""0.3100"",""2690.00""],[""0.3200"",""1226.97""],[""0.3300"",""682.00""]]","[[""0.5700"",""1409.74""],[""0.5800"",""126.72""],[""0.5900"",""211.69""],[""0.6000"",""151.66""],[""0.6100"",""301.63""],[""0.6200"",""80.55""],[""0.6300"",""1527.09""],[""0.6400"",""2477.89""],[""0.6500"",""949.35""],[""0.6600"",""1169.95""]]"
2026-05-16T13:33:17.746Z,KXBTC15M-26MAY160945-45,BTC price up in next 15 mins?,KXBTC15M-26MAY160945,2026-05-16T13:45:00Z,active,0.43,0.44,0.56,0.57,0.435,0.43,47273.48,27529.16,1731.05,345.38,"[[""0.2300"",""133.03""],[""0.2400"",""154.00""],[""0.2500"",""421.45""],[""0.2600"",""144.00""],[""0.2700"",""228.00""],[""0.2800"",""1375.00""],[""0.2900"",""525.00""],[""0.3000"",""209.18""],[""0.3100"",""2708.00""],[""0.3200"",""1731.05""]]","[[""0.5800"",""126.72""],[""0.5900"",""211.69""],[""0.6000"",""151.66""],[""0.6100"",""151.63""],[""0.6200"",""230.55""],[""0.6300"",""1527.09""],[""0.6400"",""2445.45""],[""0.6500"",""474.35""],[""0.6600"",""1555.00""],[""0.6700"",""345.38""]]"
2026-05-16T13:33:19.746Z,KXBTC15M-26MAY160945-45,BTC price up in next 15 mins?,KXBTC15M-26MAY160945,2026-05-16T13:45:00Z,active,0.43,0.44,0.56,0.57,0.435,0.43,47273.48,27529.16,732.0,185.58,"[[""0.2300"",""135.03""],[""0.2400"",""154.00""],[""0.2500"",""284.45""],[""0.2600"",""1604.00""],[""0.2700"",""953.00""],[""0.2800"",""125.00""],[""0.2900"",""527.00""],[""0.3000"",""209.18""],[""0.3100"",""3690.81""],[""0.3200"",""732.00""]]","[[""0.5800"",""126.72""],[""0.5900"",""211.69""],[""0.6000"",""1401.66""],[""0.6100"",""376.63""],[""0.6200"",""80.55""],[""0.6300"",""126.58""],[""0.6400"",""2665.96""],[""0.6500"",""888.35""],[""0.6600"",""2091.63""],[""0.6700"",""185.58""]]"
2026-05-16T13:33:21.750Z,KXBTC15M-26MAY160945-45,BTC price up in next 15 mins?,KXBTC15M-26MAY160945,2026-05-16T13:45:00Z,active,0.43,0.44,0.56,0.57,0.435,0.43,47273.48,27529.16,229.48,1863.63,"[[""0.2400"",""154.00""],[""0.2500"",""434.45""],[""0.2600"",""1454.00""],[""0.2700"",""151.00""],[""0.2800"",""127.00""],[""0.2900"",""525.00""],[""0.3000"",""259.18""],[""0.3100"",""4100.81""],[""0.3200"",""39.28""],[""0.3300"",""229.48""]]","[[""0.5700"",""159.74""],[""0.5800"",""126.72""],[""0.5900"",""211.69""],[""0.6000"",""151.66""],[""0.6100"",""151.63""],[""0.6200"",""303.55""],[""0.6300"",""126.58""],[""0.6400"",""2664.40""],[""0.6500"",""853.35""],[""0.6600"",""1863.63""]]"
2026-05-16T13:33:23.734Z,KXBTC15M-26MAY160945-45,BTC price up in next 15 mins?,KXBTC15M-26MAY160945,2026-05-16T13:45:00Z,active,0.43,0.44,0.56,0.57,0.435,0.43,47273.48,27529.16,199.19,2045.0,"[[""0.2400"",""154.00""],[""0.2500"",""434.45""],[""0.2600"",""204.00""],[""0.2700"",""1401.00""],[""0.2800"",""127.00""],[""0.2900"",""525.00""],[""0.3000"",""360.18""],[""0.3100"",""3690.81""],[""0.3200"",""640.00""],[""0.3300"",""199.19""]]","[[""0.5700"",""159.74""],[""0.5800"",""126.72""],[""0.5900"",""1451.69""],[""0.6000"",""161.66""],[""0.6100"",""151.63""],[""0.6200"",""230.55""],[""0.6300"",""200.58""],[""0.6400"",""3064.40""],[""0.6500"",""973.35""],[""0.6600"",""2045.00""]]"
2026-05-16T13:33:25.739Z,KXBTC15M-26MAY160945-45,BTC price up in next 15 mins?,KXBTC15M-26MAY160945,2026-05-16T13:45:00Z,active,0.43,0.44,0.56,0.57,0.435,0.43,47273.48,27529.16,215.0,1320.42,"[[""0.2300"",""137.03""],[""0.2400"",""154.00""],[""0.2500"",""434.45""],[""0.2600"",""206.00""],[""0.2700"",""1401.00""],[""0.2800"",""925.00""],[""0.2900"",""525.00""],[""0.3000"",""2902.18""],[""0.3100"",""1630.81""],[""0.3200"",""215.00""]]","[[""0.5800"",""126.72""],[""0.5900"",""1418.69""],[""0.6000"",""161.66""],[""0.6100"",""151.63""],[""0.6200"",""230.55""],[""0.6300"",""200.58""],[""0.6400"",""1527.07""],[""0.6500"",""2490.24""],[""0.6600"",""727.00""],[""0.6700"",""1320.42""]]"
2026-05-16T13:33:27.742Z,KXBTC15M-26MAY160945-45,BTC price up in next 15 mins?,KXBTC15M-26MAY160945,2026-05-16T13:45:00Z,active,0.43,0.44,0.56,0.57,0.435,0.43,47273.48,27529.16,290.0,1292.98,"[[""0.2300"",""137.03""],[""0.2400"",""169.00""],[""0.2500"",""419.45""],[""0.2600"",""131.00""],[""0.2700"",""1401.00""],[""0.2800"",""925.00""],[""0.2900"",""626.00""],[""0.3000"",""2801.18""],[""0.3100"",""1630.81""],[""0.3200"",""290.00""]]","[[""0.5800"",""126.72""],[""0.5900"",""1418.69""],[""0.6000"",""161.66""],[""0.6100"",""226.63""],[""0.6200"",""230.55""],[""0.6300"",""200.58""],[""0.6400"",""1527.07""],[""0.6500"",""2490.24""],[""0.6600"",""806.00""],[""0.6700"",""1292.98""]]"
2026-05-16T13:33:29.730Z,KXBTC15M-26MAY160945-45,BTC price up in next 15 mins?,KXBTC15M-26MAY160945,2026-05-16T13:45:00Z,active,0.43,0.44,0.56,0.57,0.435,0.43,47273.48,27529.16,940.0,75.0,"[[""0.2200"",""175.00""],[""0.2300"",""133.03""],[""0.2400"",""169.00""],[""0.2500"",""494.45""],[""0.2600"",""1379.00""],[""0.2700"",""151.00""],[""0.2800"",""525.00""],[""0.2900"",""125.00""],[""0.3000"",""3809.99""],[""0.3100"",""940.00""]]","[[""0.5900"",""1416.69""],[""0.6000"",""161.66""],[""0.6100"",""151.63""],[""0.6200"",""230.55""],[""0.6300"",""126.58""],[""0.6400"",""599.56""],[""0.6500"",""3492.28""],[""0.6600"",""305.00""],[""0.6700"",""1561.79""],[""0.6800"",""75.00""]]"
2026-05-16T13:33:31.733Z,KXBTC15M-26MAY160945-45,BTC price up in next 15 mins?,KXBTC15M-26MAY160945,2026-05-16T13:45:00Z,active,0.43,0.44,0.56,0.57,0.435,0.43,47273.48,27529.16,789.18,142.19,"[[""0.2200"",""175.00""],[""0.2300"",""133.03""],[""0.2400"",""319.00""],[""0.2500"",""344.45""],[""0.2600"",""1379.00""],[""0.2700"",""151.00""],[""0.2800"",""525.00""],[""0.2900"",""1665.00""],[""0.3000"",""2294.99""],[""0.3100"",""789.18""]]","[[""0.5900"",""166.69""],[""0.6000"",""1411.66""],[""0.6100"",""151.63""],[""0.6200"",""80.55""],[""0.6300"",""278.58""],[""0.6400"",""126.56""],[""0.6500"",""3292.28""],[""0.6600"",""654.00""],[""0.6700"",""1548.00""],[""0.6800"",""142.19""]]"
2026-05-16T13:33:33.741Z,KXBTC15M-26MAY160945-45,BTC price up in next 15 mins?,KXBTC15M-26MAY160945,2026-05-16T13:45:00Z,active,0.31,0.32,0.68,0.69,0.315,0.32,59002.21,29775.05,646.49,154.0,"[[""0.2200"",""125.00""],[""0.2300"",""133.03""],[""0.2400"",""319.00""],[""0.2500"",""344.45""],[""0.2600"",""1379.00""],[""0.2700"",""151.00""],[""0.2800"",""525.00""],[""0.2900"",""1665.00""],[""0.3000"",""2294.99""],[""0.3100"",""646.49""]]","[[""0.5900"",""166.69""],[""0.6000"",""161.66""],[""0.6100"",""151.63""],[""0.6200"",""80.55""],[""0.6300"",""278.58""],[""0.6400"",""126.56""],[""0.6500"",""1753.39""],[""0.6600"",""2512.89""],[""0.6700"",""1588.00""],[""0.6800"",""154.00""]]"
2026-05-16T13:33:35.733Z,KXBTC15M-26MAY160945-45,BTC price up in next 15 mins?,KXBTC15M-26MAY160945,2026-05-16T13:45:00Z,active,0.31,0.32,0.68,0.69,0.315,0.32,59002.21,29775.05,313.0,256.02,"[[""0.2100"",""159.00""],[""0.2200"",""125.00""],[""0.2300"",""148.03""],[""0.2400"",""304.00""],[""0.2500"",""271.45""],[""0.2600"",""2177.00""],[""0.2700"",""553.00""],[""0.2800"",""1665.00""],[""0.2900"",""2525.94""],[""0.3000"",""313.00""]]","[[""0.6000"",""161.66""],[""0.6100"",""151.63""],[""0.6200"",""80.55""],[""0.6300"",""351.58""],[""0.6400"",""126.56""],[""0.6500"",""550.88""],[""0.6600"",""3265.91""],[""0.6700"",""863.00""],[""0.6800"",""1137.00""],[""0.6900"",""256.02""]]"
2026-05-16T13:33:37.744Z,KXBTC15M-26MAY160945-45,BTC price up in next 15 mins?,KXBTC15M-26MAY160945,2026-05-16T13:45:00Z,active,0.31,0.32,0.68,0.69,0.315,0.32,59002.21,29775.05,253.39,38.1,"[[""0.2100"",""159.00""],[""0.2200"",""125.00""],[""0.2300"",""148.03""],[""0.2400"",""379.00""],[""0.2500"",""271.45""],[""0.2600"",""2177.00""],[""0.2700"",""254.00""],[""0.2800"",""2065.00""],[""0.2900"",""2525.94""],[""0.3000"",""253.39""]]","[[""0.6000"",""151.66""],[""0.6100"",""151.63""],[""0.6200"",""90.55""],[""0.6300"",""351.58""],[""0.6400"",""126.56""],[""0.6500"",""350.88""],[""0.6600"",""3065.91""],[""0.6700"",""1063.00""],[""0.6800"",""1137.00""],[""0.6900"",""38.10""]]"
2026-05-16T13:33:39.729Z,KXBTC15M-26MAY160945-45,BTC price up in next 15 mins?,KXBTC15M-26MAY160945,2026-05-16T13:45:00Z,active,0.31,0.32,0.68,0.69,0.315,0.32,59002.21,29775.05,2830.94,11.58,"[[""0.2700"",""151.00""],[""0.2800"",""125.00""],[""0.2900"",""226.00""],[""0.3000"",""162.00""],[""0.3100"",""1681.00""],[""0.3200"",""927.00""],[""0.3300"",""127.00""],[""0.3400"",""651.00""],[""0.3500"",""1665.00""],[""0.3600"",""2830.94""]]","[[""0.5400"",""167.00""],[""0.5500"",""126.81""],[""0.5600"",""300.78""],[""0.5700"",""234.74""],[""0.5800"",""132.72""],[""0.5900"",""2706.09""],[""0.6000"",""566.66""],[""0.6100"",""2205.00""],[""0.6200"",""10.00""],[""0.6300"",""11.58""]]"
2026-05-16T13:33:41.742Z,KXBTC15M-26MAY160945-45,BTC price up in next 15 mins?,KXBTC15M-26MAY160945,2026-05-16T13:45:00Z,active,0.31,0.32,0.68,0.69,0.315,0.32,59002.21,29775.05,168.0,372.99,"[[""0.2900"",""125.00""],[""0.3000"",""150.00""],[""0.3100"",""176.00""],[""0.3200"",""277.00""],[""0.3300"",""127.00""],[""0.3400"",""150.00""],[""0.3500"",""626.00""],[""0.3600"",""2677.94""],[""0.3700"",""1803.00""],[""0.3800"",""168.00""]]","[[""0.5200"",""1423.29""],[""0.5300"",""135.00""],[""0.5400"",""152.00""],[""0.5500"",""1075.00""],[""0.5600"",""149.00""],[""0.5700"",""159.99""],[""0.5800"",""230.00""],[""0.5900"",""2704.40""],[""0.6000"",""1936.00""],[""0.6100"",""372.99""]]"
2026-05-16T13:33:43.748Z,KXBTC15M-26MAY160945-45,BTC price up in next 15 mins?,KXBTC15M-26MAY160945,2026-05-16T13:45:00Z,active,0.31,0.32,0.68,0.69,0.315,0.32,59002.21,29775.05,251.38,864.27,"[[""0.3200"",""125.00""],[""0.3300"",""125.00""],[""0.3400"",""950.00""],[""0.3500"",""200.00""],[""0.3600"",""277.00""],[""0.3700"",""125.00""],[""0.3800"",""550.00""],[""0.3900"",""2692.94""],[""0.4000"",""1779.00""],[""0.4100"",""251.38""]]","[[""0.4900"",""135.00""],[""0.5000"",""165.90""],[""0.5100"",""275.00""],[""0.5200"",""1388.29""],[""0.5300"",""925.00""],[""0.5400"",""255.00""],[""0.5500"",""1663.89""],[""0.5600"",""1125.51""],[""0.5700"",""1835.00""],[""0.5800"",""864.27""]]"
2026-05-16T13:33:45.726Z,KXBTC15M-26MAY160945-45,BTC price up in next 15 mins?,KXBTC15M-26MAY160945,2026-05-16T13:45:00Z,active,0.31,0.32,0.68,0.69,0.315,0.32,59002.21,29775.05,59.38,959.78,"[[""0.3200"",""125.00""],[""0.3300"",""125.00""],[""0.3400"",""150.00""],[""0.3500"",""352.00""],[""0.3600"",""127.00""],[""0.3700"",""125.00""],[""0.3800"",""675.00""],[""0.3900"",""2677.94""],[""0.4000"",""1809.00""],[""0.4100"",""59.38""]]","[[""0.4900"",""159.00""],[""0.5000"",""165.90""],[""0.5100"",""125.00""],[""0.5200"",""1538.29""],[""0.5300"",""925.00""],[""0.5400"",""255.00""],[""0.5500"",""1663.89""],[""0.5600"",""1525.51""],[""0.5700"",""1435.00""],[""0.5800"",""959.78""]]"
2026-05-16T13:33:47.740Z,KXBTC15M-26MAY160945-45,BTC price up in next 15 mins?,KXBTC15M-26MAY160945,2026-05-16T13:45:00Z,active,0.31,0.32,0.68,0.69,0.315,0.32,59002.21,29775.05,1797.96,205.0,"[[""0.3300"",""128.03""],[""0.3400"",""150.00""],[""0.3500"",""125.00""],[""0.3600"",""1450.00""],[""0.3700"",""307.00""],[""0.3800"",""176.00""],[""0.3900"",""125.00""],[""0.4000"",""527.00""],[""0.4100"",""2716.87""],[""0.4200"",""1797.96""]]","[[""0.4800"",""125.00""],[""0.4900"",""174.00""],[""0.5000"",""300.90""],[""0.5100"",""125.00""],[""0.5200"",""140.29""],[""0.5300"",""2664.40""],[""0.5400"",""1552.00""],[""0.5500"",""426.00""],[""0.5600"",""580.00""],[""0.5700"",""205.00""]]"
2026-05-16T13:33:49.759Z,KXBTC15M-26MAY160945-45,BTC price up in next 15 mins?,KXBTC15M-26MAY160945,2026-05-16T13:45:00Z,active,0.31,0.32,0.68,0.69,0.315,0.32,59002.21,29775.05,1588.0,193.31,"[[""0.3200"",""140.00""],[""0.3300"",""125.00""],[""0.3400"",""225.00""],[""0.3500"",""1525.00""],[""0.3600"",""925.00""],[""0.3700"",""155.00""],[""0.3800"",""176.00""],[""0.3900"",""2065.00""],[""0.4000"",""1179.94""],[""0.4100"",""1588.00""]]","[[""0.4900"",""174.00""],[""0.5000"",""150.90""],[""0.5100"",""925.00""],[""0.5200"",""288.29""],[""0.5300"",""125.00""],[""0.5400"",""152.00""],[""0.5500"",""628.00""],[""0.5600"",""4844.40""],[""0.5700"",""223.91""],[""0.5800"",""193.31""]]"
2026-05-16T13:33:51.743Z,KXBTC15M-26MAY160945-45,BTC price up in next 15 mins?,KXBTC15M-26MAY160945,2026-05-16T13:45:00Z,active,0.31,0.32,0.68,0.69,0.315,0.32,59002.21,29775.05,230.07,207.01,"[[""0.3200"",""125.00""],[""0.3300"",""125.00""],[""0.3400"",""375.00""],[""0.3500"",""2175.00""],[""0.3600"",""127.00""],[""0.3700"",""155.00""],[""0.3800"",""2716.94""],[""0.3900"",""559.00""],[""0.4000"",""1533.00""],[""0.4100"",""230.07""]]","[[""0.4900"",""159.00""],[""0.5000"",""165.90""],[""0.5100"",""925.00""],[""0.5200"",""138.29""],[""0.5300"",""275.00""],[""0.5400"",""152.00""],[""0.5500"",""226.00""],[""0.5600"",""925.00""],[""0.5700"",""4119.31""],[""0.5800"",""207.01""]]"
2026-05-16T13:33:53.735Z,KXBTC15M-26MAY160945-45,BTC price up in next 15 mins?,KXBTC15M-26MAY160945,2026-05-16T13:45:00Z,active,0.31,0.32,0.68,0.69,0.315,0.32,59002.21,29775.05,1581.88,58.43,"[[""0.3100"",""150.00""],[""0.3200"",""200.00""],[""0.3300"",""125.00""],[""0.3400"",""225.00""],[""0.3500"",""1525.00""],[""0.3600"",""925.00""],[""0.3700"",""157.00""],[""0.3800"",""2114.00""],[""0.3900"",""1125.94""],[""0.4000"",""1581.88""]]","[[""0.5000"",""165.90""],[""0.5100"",""125.00""],[""0.5200"",""288.29""],[""0.5300"",""125.00""],[""0.5400"",""152.00""],[""0.5500"",""226.00""],[""0.5600"",""1925.51""],[""0.5700"",""3478.80""],[""0.5800"",""235.00""],[""0.5900"",""58.43""]]"
2026-05-16T13:33:55.749Z,KXBTC15M-26MAY160945-45,BTC price up in next 15 mins?,KXBTC15M-26MAY160945,2026-05-16T13:45:00Z,active,0.31,0.32,0.68,0.69,0.315,0.32,59002.21,29775.05,2174.94,77.0,"[[""0.3600"",""275.00""],[""0.3700"",""1405.00""],[""0.3800"",""174.00""],[""0.3900"",""200.00""],[""0.4000"",""204.00""],[""0.4100"",""226.00""],[""0.4200"",""560.39""],[""0.4300"",""125.00""],[""0.4400"",""2288.00""],[""0.4500"",""2174.94""]]","[[""0.4500"",""145.00""],[""0.4600"",""190.00""],[""0.4700"",""125.00""],[""0.4800"",""125.00""],[""0.4900"",""959.00""],[""0.5000"",""2690.30""],[""0.5100"",""527.00""],[""0.5200"",""2013.29""],[""0.5300"",""145.00""],[""0.5400"",""77.00""]]"
2026-05-16T13:33:57.751Z,KXBTC15M-26MAY160945-45,BTC price up in next 15 mins?,KXBTC15M-26MAY160945,2026-05-16T13:45:00Z,active,0.31,0.32,0.68,0.69,0.315,0.32,59002.21,29775.05,144.55,376.94,"[[""0.3600"",""127.77""],[""0.3700"",""155.00""],[""0.3800"",""174.00""],[""0.3900"",""200.00""],[""0.4000"",""354.00""],[""0.4100"",""127.00""],[""0.4200"",""148.39""],[""0.4300"",""3166.94""],[""0.4400"",""1822.00""],[""0.4500"",""144.55""]]","[[""0.4500"",""155.00""],[""0.4600"",""190.00""],[""0.4700"",""1525.00""],[""0.4800"",""925.00""],[""0.4900"",""151.00""],[""0.5000"",""150.90""],[""0.5100"",""228.00""],[""0.5200"",""3477.69""],[""0.5300"",""1740.00""],[""0.5400"",""376.94""]]"
2026-05-16T13:33:59.740Z,KXBTC15M-26MAY160945-45,BTC price up in next 15 mins?,KXBTC15M-26MAY160945,2026-05-16T13:45:00Z,active,0.31,0.32,0.68,0.69,0.315,0.32,59002.21,29775.05,865.0,1417.06,"[[""0.3100"",""150.00""],[""0.3200"",""200.00""],[""0.3300"",""1375.00""],[""0.3400"",""152.94""],[""0.3500"",""275.00""],[""0.3600"",""127.00""],[""0.3700"",""155.00""],[""0.3800"",""3135.94""],[""0.3900"",""1135.00""],[""0.4000"",""865.00""]]","[[""0.4900"",""164.00""],[""0.5000"",""150.90""],[""0.5100"",""125.00""],[""0.5200"",""298.29""],[""0.5300"",""125.00""],[""0.5400"",""150.00""],[""0.5500"",""205.00""],[""0.5600"",""2063.89""],[""0.5700"",""2253.51""],[""0.5800"",""1417.06""]]"
2026-05-16T13:34:01.745Z,KXBTC15M-26MAY160945-45,BTC price up in next 15 mins?,KXBTC15M-26MAY160945,2026-05-16T13:45:00Z,active,0.31,0.32,0.68,0.69,0.315,0.32,59002.21,29775.05,784.86,1056.52,"[[""0.3100"",""174.00""],[""0.3200"",""200.00""],[""0.3300"",""125.00""],[""0.3400"",""1550.00""],[""0.3500"",""927.00""],[""0.3600"",""127.00""],[""0.3700"",""2198.00""],[""0.3800"",""2150.94""],[""0.3900"",""157.00""],[""0.4000"",""784.86""]]","[[""0.5000"",""150.90""],[""0.5100"",""940.00""],[""0.5200"",""135.00""],[""0.5300"",""350.00""],[""0.5400"",""174.00""],[""0.5500"",""125.00""],[""0.5600"",""1125.51""],[""0.5700"",""1061.00""],[""0.5800"",""2224.95""],[""0.5900"",""1056.52""]]"
2026-05-16T13:34:03.740Z,KXBTC15M-26MAY160945-45,BTC price up in next 15 mins?,KXBTC15M-26MAY160945,2026-05-16T13:45:00Z,active,0.39,0.4,0.6,0.61,0.395,0.4,66387.32,30320.81,580.0,686.33,"[[""0.3000"",""145.00""],[""0.3100"",""174.00""],[""0.3200"",""200.00""],[""0.3300"",""275.00""],[""0.3400"",""1400.00""],[""0.3500"",""925.00""],[""0.3600"",""1667.00""],[""0.3700"",""2681.94""],[""0.3800"",""200.00""],[""0.3900"",""580.00""]]","[[""0.5100"",""925.00""],[""0.5200"",""135.00""],[""0.5300"",""140.00""],[""0.5400"",""324.00""],[""0.5500"",""125.00""],[""0.5600"",""125.00""],[""0.5700"",""1651.51""],[""0.5800"",""1285.06""],[""0.5900"",""1693.89""],[""0.6000"",""686.33""]]"
2026-05-16T13:34:05.746Z,KXBTC15M-26MAY160945-45,BTC price up in next 15 mins?,KXBTC15M-26MAY160945,2026-05-16T13:45:00Z,active,0.39,0.4,0.6,0.61,0.395,0.4,66387.32,30320.81,620.03,1060.74,"[[""0.3000"",""145.00""],[""0.3100"",""174.00""],[""0.3200"",""200.00""],[""0.3300"",""1375.00""],[""0.3400"",""300.00""],[""0.3500"",""127.00""],[""0.3600"",""1667.00""],[""0.3700"",""2681.94""],[""0.3800"",""142.00""],[""0.3900"",""620.03""]]","[[""0.5100"",""125.00""],[""0.5200"",""135.00""],[""0.5300"",""290.00""],[""0.5400"",""174.00""],[""0.5500"",""125.00""],[""0.5600"",""125.00""],[""0.5700"",""1651.51""],[""0.5800"",""1285.06""],[""0.5900"",""1693.89""],[""0.6000"",""1060.74""]]"
2026-05-16T13:34:07.746Z,KXBTC15M-26MAY160945-45,BTC price up in next 15 mins?,KXBTC15M-26MAY160945,2026-05-16T13:45:00Z,active,0.39,0.4,0.6,0.61,0.395,0.4,66387.32,30320.81,163.79,1082.75,"[[""0.3000"",""145.00""],[""0.3100"",""174.00""],[""0.3200"",""200.00""],[""0.3300"",""1450.00""],[""0.3400"",""302.00""],[""0.3500"",""127.00""],[""0.3600"",""1667.00""],[""0.3700"",""3081.94""],[""0.3800"",""43.00""],[""0.3900"",""163.79""]]","[[""0.5100"",""125.00""],[""0.5200"",""135.00""],[""0.5300"",""275.00""],[""0.5400"",""174.00""],[""0.5500"",""140.00""],[""0.5600"",""125.00""],[""0.5700"",""1251.51""],[""0.5800"",""905.06""],[""0.5900"",""2073.89""],[""0.6000"",""1082.75""]]"
2026-05-16T13:34:09.741Z,KXBTC15M-26MAY160945-45,BTC price up in next 15 mins?,KXBTC15M-26MAY160945,2026-05-16T13:45:00Z,active,0.39,0.4,0.6,0.61,0.395,0.4,66387.32,30320.81,124.18,944.29,"[[""0.3000"",""145.00""],[""0.3100"",""174.00""],[""0.3200"",""200.00""],[""0.3300"",""1450.00""],[""0.3400"",""302.00""],[""0.3500"",""127.00""],[""0.3600"",""3067.00""],[""0.3700"",""1666.94""],[""0.3800"",""25.00""],[""0.3900"",""124.18""]]","[[""0.5100"",""125.00""],[""0.5200"",""135.00""],[""0.5300"",""275.00""],[""0.5400"",""174.00""],[""0.5500"",""140.00""],[""0.5600"",""125.00""],[""0.5700"",""253.00""],[""0.5800"",""1905.57""],[""0.5900"",""2463.89""],[""0.6000"",""944.29""]]"
2026-05-16T13:34:11.742Z,KXBTC15M-26MAY160945-45,BTC price up in next 15 mins?,KXBTC15M-26MAY160945,2026-05-16T13:45:00Z,active,0.39,0.4,0.6,0.61,0.395,0.4,66387.32,30320.81,620.0,1114.53,"[[""0.3000"",""145.00""],[""0.3100"",""174.00""],[""0.3200"",""1450.00""],[""0.3300"",""200.00""],[""0.3400"",""152.00""],[""0.3500"",""378.00""],[""0.3600"",""1667.00""],[""0.3700"",""2155.94""],[""0.3800"",""434.00""],[""0.3900"",""620.00""]]","[[""0.5100"",""125.00""],[""0.5200"",""285.00""],[""0.5300"",""1375.00""],[""0.5400"",""174.00""],[""0.5500"",""140.00""],[""0.5600"",""125.00""],[""0.5700"",""653.00""],[""0.5800"",""1507.57""],[""0.5900"",""2291.89""],[""0.6000"",""1114.53""]]"
2026-05-16T13:34:13.748Z,KXBTC15M-26MAY160945-45,BTC price up in next 15 mins?,KXBTC15M-26MAY160945,2026-05-16T13:45:00Z,active,0.39,0.4,0.6,0.61,0.395,0.4,66387.32,30320.81,382.21,992.28,"[[""0.3000"",""145.00""],[""0.3100"",""174.00""],[""0.3200"",""200.00""],[""0.3300"",""1450.00""],[""0.3400"",""355.00""],[""0.3500"",""228.00""],[""0.3600"",""1667.00""],[""0.3700"",""2555.94""],[""0.3800"",""25.71""],[""0.3900"",""382.21""]]","[[""0.5100"",""125.00""],[""0.5200"",""135.00""],[""0.5300"",""1525.00""],[""0.5400"",""174.00""],[""0.5500"",""158.00""],[""0.5600"",""125.00""],[""0.5700"",""253.00""],[""0.5800"",""1907.57""],[""0.5900"",""2471.89""],[""0.6000"",""992.28""]]"
2026-05-16T13:34:15.749Z,KXBTC15M-26MAY160945-45,BTC price up in next 15 mins?,KXBTC15M-26MAY160945,2026-05-16T13:45:00Z,active,0.39,0.4,0.6,0.61,0.395,0.4,66387.32,30320.81,344.08,958.13,"[[""0.3000"",""145.00""],[""0.3100"",""174.00""],[""0.3200"",""200.00""],[""0.3300"",""1450.00""],[""0.3400"",""355.00""],[""0.3500"",""127.00""],[""0.3600"",""1667.00""],[""0.3700"",""2955.94""],[""0.3800"",""166.71""],[""0.3900"",""344.08""]]","[[""0.5100"",""125.00""],[""0.5200"",""135.00""],[""0.5300"",""1525.00""],[""0.5400"",""174.00""],[""0.5500"",""158.00""],[""0.5600"",""125.00""],[""0.5700"",""253.00""],[""0.5800"",""1905.57""],[""0.5900"",""2474.89""],[""0.6000"",""958.13""]]"
2026-05-16T13:34:17.734Z,KXBTC15M-26MAY160945-45,BTC price up in next 15 mins?,KXBTC15M-26MAY160945,2026-05-16T13:45:00Z,active,0.39,0.4,0.6,0.61,0.395,0.4,66387.32,30320.81,323.61,2738.94,"[[""0.3000"",""145.00""],[""0.3100"",""174.00""],[""0.3200"",""200.00""],[""0.3300"",""1450.00""],[""0.3400"",""355.00""],[""0.3500"",""1667.00""],[""0.3600"",""127.00""],[""0.3700"",""2935.94""],[""0.3800"",""189.00""],[""0.3900"",""323.61""]]","[[""0.5100"",""125.00""],[""0.5200"",""135.00""],[""0.5300"",""1525.00""],[""0.5400"",""174.00""],[""0.5500"",""158.00""],[""0.5600"",""125.00""],[""0.5700"",""253.00""],[""0.5800"",""1905.57""],[""0.5900"",""916.00""],[""0.6000"",""2738.94""]]"
2026-05-16T13:34:19.766Z,KXBTC15M-26MAY160945-45,BTC price up in next 15 mins?,KXBTC15M-26MAY160945,2026-05-16T13:45:00Z,active,0.39,0.4,0.6,0.61,0.395,0.4,66387.32,30320.81,301.35,3410.85,"[[""0.2900"",""125.00""],[""0.3000"",""145.00""],[""0.3100"",""174.00""],[""0.3200"",""3140.00""],[""0.3300"",""1000.00""],[""0.3400"",""1205.00""],[""0.3500"",""1127.94""],[""0.3600"",""1026.00""],[""0.3700"",""159.00""],[""0.3900"",""301.35""]]","[[""0.5100"",""125.00""],[""0.5200"",""135.00""],[""0.5300"",""125.00""],[""0.5400"",""174.00""],[""0.5500"",""308.00""],[""0.5600"",""125.00""],[""0.5700"",""152.00""],[""0.5800"",""408.06""],[""0.5900"",""1106.00""],[""0.6000"",""3410.85""]]"
2026-05-16T13:34:21.742Z,KXBTC15M-26MAY160945-45,BTC price up in next 15 mins?,KXBTC15M-26MAY160945,2026-05-16T13:45:00Z,active,0.39,0.4,0.6,0.61,0.395,0.4,66387.32,30320.81,616.0,2614.91,"[[""0.2600"",""501.00""],[""0.2700"",""166.00""],[""0.2800"",""125.00""],[""0.2900"",""125.00""],[""0.3000"",""307.00""],[""0.3100"",""2964.00""],[""0.3200"",""200.00""],[""0.3300"",""2527.94""],[""0.3400"",""202.79""],[""0.3500"",""616.00""]]","[[""0.5500"",""943.00""],[""0.5600"",""125.00""],[""0.5700"",""515.00""],[""0.5800"",""305.06""],[""0.5900"",""126.00""],[""0.6000"",""305.00""],[""0.6100"",""635.00""],[""0.6200"",""1150.51""],[""0.6300"",""168.00""],[""0.6400"",""2614.91""]]"
2026-05-16T13:34:23.730Z,KXBTC15M-26MAY160945-45,BTC price up in next 15 mins?,KXBTC15M-26MAY160945,2026-05-16T13:45:00Z,active,0.39,0.4,0.6,0.61,0.395,0.4,66387.32,30320.81,426.0,75.88,"[[""0.2600"",""501.00""],[""0.2700"",""166.00""],[""0.2800"",""125.00""],[""0.2900"",""125.00""],[""0.3000"",""307.00""],[""0.3100"",""1424.00""],[""0.3200"",""1742.00""],[""0.3300"",""228.00""],[""0.3400"",""3003.94""],[""0.3500"",""426.00""]]","[[""0.5500"",""943.00""],[""0.5600"",""125.00""],[""0.5700"",""300.00""],[""0.5800"",""195.06""],[""0.5900"",""126.00""],[""0.6000"",""325.00""],[""0.6100"",""912.00""],[""0.6200"",""1187.51""],[""0.6300"",""2764.89""],[""0.6400"",""75.88""]]"
2026-05-16T13:34:25.736Z,KXBTC15M-26MAY160945-45,BTC price up in next 15 mins?,KXBTC15M-26MAY160945,2026-05-16T13:45:00Z,active,0.39,0.4,0.6,0.61,0.395,0.4,66387.32,30320.81,464.0,2764.89,"[[""0.2600"",""501.00""],[""0.2700"",""166.00""],[""0.2800"",""125.00""],[""0.2900"",""125.00""],[""0.3000"",""307.00""],[""0.3100"",""1424.00""],[""0.3200"",""1742.00""],[""0.3300"",""1228.94""],[""0.3400"",""2003.00""],[""0.3500"",""464.00""]]","[[""0.5400"",""174.00""],[""0.5500"",""943.00""],[""0.5600"",""125.00""],[""0.5700"",""300.00""],[""0.5800"",""120.06""],[""0.5900"",""125.00""],[""0.6000"",""426.00""],[""0.6100"",""1112.00""],[""0.6200"",""1187.51""],[""0.6300"",""2764.89""]]"
2026-05-16T13:34:27.739Z,KXBTC15M-26MAY160945-45,BTC price up in next 15 mins?,KXBTC15M-26MAY160945,2026-05-16T13:45:00Z,active,0.39,0.4,0.6,0.61,0.395,0.4,66387.32,30320.81,218.0,1496.0,"[[""0.2100"",""200.00""],[""0.2200"",""125.00""],[""0.2300"",""374.00""],[""0.2400"",""1400.00""],[""0.2500"",""247.45""],[""0.2600"",""1667.00""],[""0.2700"",""2951.94""],[""0.2800"",""131.00""],[""0.2900"",""149.00""],[""0.3000"",""218.00""]]","[[""0.6000"",""141.66""],[""0.6100"",""126.63""],[""0.6200"",""151.61""],[""0.6300"",""925.70""],[""0.6400"",""286.56""],[""0.6500"",""126.53""],[""0.6600"",""128.51""],[""0.6700"",""954.00""],[""0.6800"",""3459.06""],[""0.6900"",""1496.00""]]"
2026-05-16T13:34:29.750Z,KXBTC15M-26MAY160945-45,BTC price up in next 15 mins?,KXBTC15M-26MAY160945,2026-05-16T13:45:00Z,active,0.39,0.4,0.6,0.61,0.395,0.4,66387.32,30320.81,815.0,2761.19,"[[""0.1800"",""652.00""],[""0.1900"",""233.00""],[""0.2000"",""781.47""],[""0.2100"",""150.00""],[""0.2200"",""275.00""],[""0.2300"",""151.00""],[""0.2400"",""2940.00""],[""0.2500"",""247.45""],[""0.2600"",""2529.94""],[""0.2700"",""815.00""]]","[[""0.6200"",""151.61""],[""0.6300"",""925.70""],[""0.6400"",""136.56""],[""0.6500"",""276.53""],[""0.6600"",""126.51""],[""0.6700"",""351.49""],[""0.6800"",""735.13""],[""0.6900"",""535.44""],[""0.7000"",""1290.51""],[""0.7100"",""2761.19""]]"
2026-05-16T13:34:31.750Z,KXBTC15M-26MAY160945-45,BTC price up in next 15 mins?,KXBTC15M-26MAY160945,2026-05-16T13:45:00Z,active,0.39,0.4,0.6,0.61,0.395,0.4,66387.32,30320.81,813.29,1186.64,"[[""0.1800"",""278.00""],[""0.1900"",""233.00""],[""0.2000"",""804.47""],[""0.2100"",""300.00""],[""0.2200"",""1377.00""],[""0.2300"",""125.00""],[""0.2400"",""1690.00""],[""0.2500"",""649.45""],[""0.2600"",""2255.94""],[""0.2700"",""813.29""]]","[[""0.6200"",""540.61""],[""0.6300"",""2150.70""],[""0.6400"",""137.56""],[""0.6500"",""127.53""],[""0.6600"",""276.51""],[""0.6700"",""175.49""],[""0.6800"",""555.13""],[""0.6900"",""614.44""],[""0.7000"",""3100.92""],[""0.7100"",""1186.64""]]"
2026-05-16T13:34:33.747Z,KXBTC15M-26MAY160945-45,BTC price up in next 15 mins?,KXBTC15M-26MAY160945,2026-05-16T13:45:00Z,active,0.28,0.29,0.71,0.72,0.28500000000000003,0.29,73354.35,32073.13,236.29,2661.95,"[[""0.1900"",""233.00""],[""0.2000"",""954.47""],[""0.2100"",""225.00""],[""0.2200"",""1377.00""],[""0.2300"",""125.00""],[""0.2400"",""2092.00""],[""0.2500"",""2248.39""],[""0.2600"",""628.00""],[""0.2700"",""30.00""],[""0.2800"",""236.29""]]","[[""0.6200"",""540.61""],[""0.6300"",""2150.70""],[""0.6400"",""137.56""],[""0.6500"",""126.53""],[""0.6600"",""126.51""],[""0.6700"",""525.49""],[""0.6800"",""341.13""],[""0.6900"",""127.00""],[""0.7000"",""1450.51""],[""0.7100"",""2661.95""]]"
2026-05-16T13:34:35.741Z,KXBTC15M-26MAY160945-45,BTC price up in next 15 mins?,KXBTC15M-26MAY160945,2026-05-16T13:45:00Z,active,0.28,0.29,0.71,0.72,0.28500000000000003,0.29,73354.35,32073.13,30.0,1000.0,"[[""0.1800"",""278.00""],[""0.1900"",""248.00""],[""0.2000"",""954.47""],[""0.2100"",""225.00""],[""0.2200"",""2177.00""],[""0.2300"",""125.00""],[""0.2400"",""2092.00""],[""0.2500"",""2648.39""],[""0.2600"",""127.00""],[""0.2700"",""30.00""]]","[[""0.6300"",""2150.70""],[""0.6400"",""137.56""],[""0.6500"",""126.53""],[""0.6600"",""126.51""],[""0.6700"",""342.49""],[""0.6800"",""141.13""],[""0.6900"",""327.00""],[""0.7000"",""3995.97""],[""0.7100"",""335.62""],[""0.7200"",""1000.00""]]"
2026-05-16T13:34:37.739Z,KXBTC15M-26MAY160945-45,BTC price up in next 15 mins?,KXBTC15M-26MAY160945,2026-05-16T13:45:00Z,active,0.28,0.29,0.71,0.72,0.28500000000000003,0.29,73354.35,32073.13,285.0,558.36,"[[""0.1800"",""293.00""],[""0.1900"",""233.00""],[""0.2000"",""804.47""],[""0.2100"",""300.00""],[""0.2200"",""1377.00""],[""0.2300"",""228.00""],[""0.2400"",""2090.00""],[""0.2500"",""2648.39""],[""0.2600"",""169.00""],[""0.2700"",""285.00""]]","[[""0.6300"",""2150.70""],[""0.6400"",""137.56""],[""0.6500"",""126.53""],[""0.6600"",""351.51""],[""0.6700"",""177.49""],[""0.6800"",""156.13""],[""0.6900"",""429.44""],[""0.7000"",""2354.51""],[""0.7100"",""1631.09""],[""0.7200"",""558.36""]]"
2026-05-16T13:34:39.743Z,KXBTC15M-26MAY160945-45,BTC price up in next 15 mins?,KXBTC15M-26MAY160945,2026-05-16T13:45:00Z,active,0.28,0.29,0.71,0.72,0.28500000000000003,0.29,73354.35,32073.13,2810.65,106.0,"[[""0.1500"",""405.03""],[""0.1600"",""500.00""],[""0.1700"",""153.00""],[""0.1800"",""228.00""],[""0.1900"",""383.00""],[""0.2000"",""2104.47""],[""0.2100"",""152.00""],[""0.2200"",""226.00""],[""0.2300"",""2067.00""],[""0.2400"",""2810.65""]]","[[""0.6600"",""126.51""],[""0.6700"",""175.49""],[""0.6800"",""281.13""],[""0.6900"",""126.44""],[""0.7000"",""154.42""],[""0.7100"",""3157.00""],[""0.7200"",""749.38""],[""0.7300"",""1930.00""],[""0.7400"",""232.00""],[""0.7500"",""106.00""]]"
2026-05-16T13:34:41.744Z,KXBTC15M-26MAY160945-45,BTC price up in next 15 mins?,KXBTC15M-26MAY160945,2026-05-16T13:45:00Z,active,0.28,0.29,0.71,0.72,0.28500000000000003,0.29,73354.35,32073.13,820.57,98.0,"[[""0.1600"",""500.00""],[""0.1700"",""153.00""],[""0.1800"",""228.00""],[""0.1900"",""383.00""],[""0.2000"",""2104.47""],[""0.2100"",""952.00""],[""0.2200"",""226.00""],[""0.2300"",""1667.00""],[""0.2400"",""2535.65""],[""0.2500"",""820.57""]]","[[""0.6500"",""146.53""],[""0.6600"",""127.51""],[""0.6700"",""175.49""],[""0.6800"",""356.13""],[""0.6900"",""126.44""],[""0.7000"",""254.42""],[""0.7100"",""1969.49""],[""0.7200"",""1698.89""],[""0.7300"",""1740.00""],[""0.7400"",""98.00""]]"
2026-05-16T13:34:43.745Z,KXBTC15M-26MAY160945-45,BTC price up in next 15 mins?,KXBTC15M-26MAY160945,2026-05-16T13:45:00Z,active,0.28,0.29,0.71,0.72,0.28500000000000003,0.29,73354.35,32073.13,636.57,350.0,"[[""0.1600"",""500.00""],[""0.1700"",""153.00""],[""0.1800"",""228.00""],[""0.1900"",""1633.00""],[""0.2000"",""854.47""],[""0.2100"",""152.00""],[""0.2200"",""230.00""],[""0.2300"",""2065.00""],[""0.2400"",""2556.65""],[""0.2500"",""636.57""]]","[[""0.6500"",""146.53""],[""0.6600"",""127.51""],[""0.6700"",""175.49""],[""0.6800"",""1531.13""],[""0.6900"",""926.44""],[""0.7000"",""264.42""],[""0.7100"",""1969.49""],[""0.7200"",""1567.51""],[""0.7300"",""1891.00""],[""0.7400"",""350.00""]]"
2026-05-16T13:34:45.739Z,KXBTC15M-26MAY160945-45,BTC price up in next 15 mins?,KXBTC15M-26MAY160945,2026-05-16T13:45:00Z,active,0.28,0.29,0.71,0.72,0.28500000000000003,0.29,73354.35,32073.13,2861.65,3.0,"[[""0.1500"",""405.03""],[""0.1600"",""500.00""],[""0.1700"",""153.00""],[""0.1800"",""228.00""],[""0.1900"",""1633.00""],[""0.2000"",""854.47""],[""0.2100"",""152.00""],[""0.2200"",""228.00""],[""0.2300"",""2065.00""],[""0.2400"",""2861.65""]]","[[""0.6500"",""146.53""],[""0.6600"",""127.51""],[""0.6700"",""175.49""],[""0.6800"",""1531.13""],[""0.6900"",""201.44""],[""0.7000"",""252.42""],[""0.7100"",""1969.49""],[""0.7200"",""1664.89""],[""0.7300"",""2237.00""],[""0.7500"",""3.00""]]"
2026-05-16T13:34:47.739Z,KXBTC15M-26MAY160945-45,BTC price up in next 15 mins?,KXBTC15M-26MAY160945,2026-05-16T13:45:00Z,active,0.28,0.29,0.71,0.72,0.28500000000000003,0.29,73354.35,32073.13,15.57,404.0,"[[""0.1600"",""500.00""],[""0.1700"",""153.00""],[""0.1800"",""224.00""],[""0.1900"",""1633.00""],[""0.2000"",""858.47""],[""0.2100"",""152.00""],[""0.2200"",""228.00""],[""0.2300"",""3065.84""],[""0.2400"",""1776.00""],[""0.2500"",""15.57""]]","[[""0.6500"",""146.53""],[""0.6600"",""127.51""],[""0.6700"",""175.49""],[""0.6800"",""1516.13""],[""0.6900"",""941.44""],[""0.7000"",""262.42""],[""0.7100"",""1969.49""],[""0.7200"",""1525.51""],[""0.7300"",""1823.00""],[""0.7400"",""404.00""]]"
2026-05-16T13:34:49.761Z,KXBTC15M-26MAY160945-45,BTC price up in next 15 mins?,KXBTC15M-26MAY160945,2026-05-16T13:45:00Z,active,0.28,0.29,0.71,0.72,0.28500000000000003,0.29,73354.35,32073.13,1339.31,252.0,"[[""0.1500"",""405.03""],[""0.1600"",""504.00""],[""0.1700"",""153.00""],[""0.1800"",""224.00""],[""0.1900"",""1633.00""],[""0.2000"",""854.47""],[""0.2100"",""152.00""],[""0.2200"",""127.00""],[""0.2300"",""3065.84""],[""0.2400"",""1339.31""]]","[[""0.6500"",""146.53""],[""0.6600"",""127.51""],[""0.6700"",""175.49""],[""0.6800"",""1516.13""],[""0.6900"",""941.44""],[""0.7000"",""161.42""],[""0.7100"",""1969.49""],[""0.7200"",""1526.89""],[""0.7300"",""2099.00""],[""0.7400"",""252.00""]]"
2026-05-16T13:34:51.756Z,KXBTC15M-26MAY160945-45,BTC price up in next 15 mins?,KXBTC15M-26MAY160945,2026-05-16T13:45:00Z,active,0.28,0.29,0.71,0.72,0.28500000000000003,0.29,73354.35,32073.13,351.57,84.0,"[[""0.1600"",""504.00""],[""0.1700"",""153.00""],[""0.1800"",""274.00""],[""0.1900"",""383.00""],[""0.2000"",""2054.47""],[""0.2100"",""152.00""],[""0.2200"",""194.00""],[""0.2300"",""1525.84""],[""0.2400"",""2599.37""],[""0.2500"",""351.57""]]","[[""0.6500"",""146.53""],[""0.6600"",""127.51""],[""0.6700"",""1500.49""],[""0.6800"",""276.13""],[""0.6900"",""141.44""],[""0.7000"",""151.42""],[""0.7100"",""2369.49""],[""0.7200"",""1907.51""],[""0.7300"",""1175.40""],[""0.7400"",""84.00""]]"
2026-05-16T13:34:53.759Z,KXBTC15M-26MAY160945-45,BTC price up in next 15 mins?,KXBTC15M-26MAY160945,2026-05-16T13:45:00Z,active,0.28,0.29,0.71,0.72,0.28500000000000003,0.29,73354.35,32073.13,2707.38,17.0,"[[""0.1500"",""420.03""],[""0.1600"",""504.00""],[""0.1700"",""153.00""],[""0.1800"",""424.00""],[""0.1900"",""233.00""],[""0.2000"",""2054.47""],[""0.2100"",""152.00""],[""0.2200"",""295.00""],[""0.2300"",""1655.84""],[""0.2400"",""2707.38""]]","[[""0.6500"",""146.53""],[""0.6600"",""127.51""],[""0.6700"",""175.49""],[""0.6800"",""916.13""],[""0.6900"",""291.44""],[""0.7000"",""151.42""],[""0.7100"",""1969.49""],[""0.7200"",""1733.89""],[""0.7300"",""2007.46""],[""0.7400"",""17.00""]]"
2026-05-16T13:34:55.738Z,KXBTC15M-26MAY160945-45,BTC price up in next 15 mins?,KXBTC15M-26MAY160945,2026-05-16T13:45:00Z,active,0.28,0.29,0.71,0.72,0.28500000000000003,0.29,73354.35,32073.13,345.57,26.87,"[[""0.1600"",""504.00""],[""0.1700"",""153.00""],[""0.1800"",""424.00""],[""0.1900"",""1483.00""],[""0.2000"",""1609.47""],[""0.2100"",""152.00""],[""0.2200"",""295.00""],[""0.2300"",""1285.91""],[""0.2400"",""2634.84""],[""0.2500"",""345.57""]]","[[""0.6500"",""146.53""],[""0.6600"",""127.51""],[""0.6700"",""175.49""],[""0.6800"",""1366.13""],[""0.6900"",""301.44""],[""0.7000"",""1791.88""],[""0.7100"",""1430.54""],[""0.7200"",""760.38""],[""0.7300"",""1863.06""],[""0.7400"",""26.87""]]"
2026-05-16T13:34:57.750Z,KXBTC15M-26MAY160945-45,BTC price up in next 15 mins?,KXBTC15M-26MAY160945,2026-05-16T13:45:00Z,active,0.28,0.29,0.71,0.72,0.28500000000000003,0.29,73354.35,32073.13,2891.84,997.68,"[[""0.1400"",""130.00""],[""0.1500"",""779.03""],[""0.1600"",""1376.00""],[""0.1700"",""153.00""],[""0.1800"",""424.00""],[""0.1900"",""257.00""],[""0.2000"",""789.47""],[""0.2100"",""152.00""],[""0.2200"",""2285.00""],[""0.2300"",""2891.84""]]","[[""0.6600"",""127.51""],[""0.6700"",""151.49""],[""0.6800"",""140.13""],[""0.6900"",""291.44""],[""0.7000"",""1401.42""],[""0.7100"",""830.03""],[""0.7200"",""627.38""],[""0.7300"",""2666.97""],[""0.7400"",""1812.00""],[""0.7500"",""997.68""]]"
2026-05-16T13:34:59.746Z,KXBTC15M-26MAY160945-45,BTC price up in next 15 mins?,KXBTC15M-26MAY160945,2026-05-16T13:45:00Z,active,0.28,0.29,0.71,0.72,0.28500000000000003,0.29,73354.35,32073.13,23.5,2069.2,"[[""0.1500"",""779.03""],[""0.1600"",""126.00""],[""0.1700"",""1628.00""],[""0.1800"",""274.00""],[""0.1900"",""259.00""],[""0.2000"",""735.47""],[""0.2100"",""253.00""],[""0.2200"",""2132.00""],[""0.2300"",""2334.84""],[""0.2500"",""23.50""]]","[[""0.6500"",""156.53""],[""0.6600"",""127.51""],[""0.6700"",""151.49""],[""0.6800"",""140.13""],[""0.6900"",""141.44""],[""0.7000"",""1551.42""],[""0.7100"",""830.03""],[""0.7200"",""226.00""],[""0.7300"",""3686.97""],[""0.7400"",""2069.20""]]"
2026-05-16T13:35:01.754Z,KXBTC15M-26MAY160945-45,BTC price up in next 15 mins?,KXBTC15M-26MAY160945,2026-05-16T13:45:00Z,active,0.28,0.29,0.71,0.72,0.28500000000000003,0.29,73354.35,32073.13,27.5,1927.33,"[[""0.1600"",""276.00""],[""0.1700"",""1450.00""],[""0.1800"",""274.00""],[""0.1900"",""259.00""],[""0.2000"",""735.47""],[""0.2100"",""253.00""],[""0.2200"",""2132.00""],[""0.2300"",""2705.84""],[""0.2400"",""135.00""],[""0.2500"",""27.50""]]","[[""0.6500"",""1406.53""],[""0.6600"",""127.51""],[""0.6700"",""166.49""],[""0.6800"",""140.13""],[""0.6900"",""126.44""],[""0.7000"",""153.42""],[""0.7100"",""180.03""],[""0.7200"",""228.00""],[""0.7300"",""3545.97""],[""0.7400"",""1927.33""]]"
2026-05-16T13:35:03.752Z,KXBTC15M-26MAY160945-45,BTC price up in next 15 mins?,KXBTC15M-26MAY160945,2026-05-16T13:45:00Z,active,0.28,0.29,0.71,0.72,0.28500000000000003,0.29,73354.35,32073.13,1767.4,1004.88,"[[""0.1400"",""134.00""],[""0.1500"",""784.03""],[""0.1600"",""276.00""],[""0.1700"",""125.00""],[""0.1800"",""276.00""],[""0.1900"",""259.00""],[""0.2000"",""735.47""],[""0.2100"",""1651.00""],[""0.2200"",""1667.00""],[""0.2300"",""1767.40""]]","[[""0.6700"",""166.49""],[""0.6800"",""140.13""],[""0.6900"",""126.44""],[""0.7000"",""151.42""],[""0.7100"",""182.03""],[""0.7200"",""126.38""],[""0.7300"",""2666.33""],[""0.7400"",""866.33""],[""0.7500"",""508.00""],[""0.7600"",""1004.88""]]"
2026-05-16T13:35:05.751Z,KXBTC15M-26MAY160945-45,BTC price up in next 15 mins?,KXBTC15M-26MAY160945,2026-05-16T13:45:00Z,active,0.23,0.24,0.76,0.77,0.235,0.24,86798.19,36011.55,3355.84,802.2,"[[""0.1300"",""131.00""],[""0.1400"",""284.00""],[""0.1500"",""784.03""],[""0.1600"",""1376.00""],[""0.1700"",""125.00""],[""0.1800"",""276.00""],[""0.1900"",""1257.00""],[""0.2000"",""1135.47""],[""0.2100"",""381.00""],[""0.2200"",""3355.84""]]","[[""0.6800"",""140.13""],[""0.6900"",""126.44""],[""0.7000"",""151.42""],[""0.7100"",""830.03""],[""0.7200"",""128.38""],[""0.7300"",""1815.82""],[""0.7400"",""1053.19""],[""0.7500"",""1062.00""],[""0.7600"",""851.94""],[""0.7700"",""802.20""]]"
2026-05-16T13:35:07.739Z,KXBTC15M-26MAY160945-45,BTC price up in next 15 mins?,KXBTC15M-26MAY160945,2026-05-16T13:45:00Z,active,0.23,0.24,0.76,0.77,0.235,0.24,86798.19,36011.55,3292.41,739.64,"[[""0.1300"",""131.00""],[""0.1400"",""134.00""],[""0.1500"",""934.03""],[""0.1600"",""1376.00""],[""0.1700"",""125.00""],[""0.1800"",""202.00""],[""0.1900"",""259.00""],[""0.2000"",""2135.47""],[""0.2100"",""253.00""],[""0.2200"",""3292.41""]]","[[""0.6800"",""140.13""],[""0.6900"",""126.44""],[""0.7000"",""151.42""],[""0.7100"",""830.03""],[""0.7200"",""278.38""],[""0.7300"",""1665.82""],[""0.7400"",""1053.19""],[""0.7500"",""1062.00""],[""0.7600"",""976.94""],[""0.7700"",""739.64""]]"
2026-05-16T13:35:09.739Z,KXBTC15M-26MAY160945-45,BTC price up in next 15 mins?,KXBTC15M-26MAY160945,2026-05-16T13:45:00Z,active,0.23,0.24,0.76,0.77,0.235,0.24,86798.19,36011.55,2091.59,1067.04,"[[""0.1300"",""131.00""],[""0.1400"",""134.00""],[""0.1500"",""935.03""],[""0.1600"",""201.00""],[""0.1700"",""1375.00""],[""0.1800"",""152.00""],[""0.1900"",""1257.00""],[""0.2000"",""2136.31""],[""0.2100"",""253.00""],[""0.2200"",""2091.59""]]","[[""0.6800"",""140.13""],[""0.6900"",""126.44""],[""0.7000"",""151.42""],[""0.7100"",""830.03""],[""0.7200"",""278.38""],[""0.7300"",""126.36""],[""0.7400"",""2592.65""],[""0.7500"",""1048.00""],[""0.7600"",""1157.00""],[""0.7700"",""1067.04""]]"
2026-05-16T13:35:11.743Z,KXBTC15M-26MAY160945-45,BTC price up in next 15 mins?,KXBTC15M-26MAY160945,2026-05-16T13:45:00Z,active,0.23,0.24,0.76,0.77,0.235,0.24,86798.19,36011.55,806.28,1089.15,"[[""0.1200"",""156.00""],[""0.1300"",""505.00""],[""0.1400"",""284.00""],[""0.1500"",""411.03""],[""0.1600"",""2176.00""],[""0.1700"",""127.00""],[""0.1800"",""1150.00""],[""0.1900"",""358.00""],[""0.2000"",""3675.66""],[""0.2100"",""806.28""]]","[[""0.6900"",""126.44""],[""0.7000"",""151.42""],[""0.7100"",""854.03""],[""0.7200"",""128.38""],[""0.7300"",""276.36""],[""0.7400"",""52.68""],[""0.7500"",""3078.30""],[""0.7600"",""1063.00""],[""0.7700"",""729.00""],[""0.7800"",""1089.15""]]"
2026-05-16T13:35:13.736Z,KXBTC15M-26MAY160945-45,BTC price up in next 15 mins?,KXBTC15M-26MAY160945,2026-05-16T13:45:00Z,active,0.23,0.24,0.76,0.77,0.235,0.24,86798.19,36011.55,3962.66,1000.0,"[[""0.1100"",""332.00""],[""0.1200"",""156.00""],[""0.1300"",""505.00""],[""0.1400"",""284.00""],[""0.1500"",""411.03""],[""0.1600"",""2176.00""],[""0.1700"",""1127.00""],[""0.1800"",""152.00""],[""0.1900"",""657.00""],[""0.2000"",""3962.66""]]","[[""0.7000"",""151.42""],[""0.7100"",""54.03""],[""0.7200"",""136.38""],[""0.7300"",""276.36""],[""0.7400"",""52.68""],[""0.7500"",""641.33""],[""0.7600"",""2916.97""],[""0.7700"",""712.00""],[""0.7800"",""631.00""],[""0.7900"",""1000.00""]]"
2026-05-16T13:35:15.760Z,KXBTC15M-26MAY160945-45,BTC price up in next 15 mins?,KXBTC15M-26MAY160945,2026-05-16T13:45:00Z,active,0.23,0.24,0.76,0.77,0.235,0.24,86798.19,36011.55,1227.54,1083.45,"[[""0.1100"",""332.00""],[""0.1200"",""530.00""],[""0.1300"",""281.00""],[""0.1400"",""134.00""],[""0.1500"",""1694.03""],[""0.1600"",""928.00""],[""0.1700"",""127.00""],[""0.1800"",""1174.00""],[""0.1900"",""3297.19""],[""0.2000"",""1227.54""]]","[[""0.7000"",""535.42""],[""0.7100"",""45.03""],[""0.7200"",""126.38""],[""0.7300"",""1451.36""],[""0.7400"",""202.68""],[""0.7500"",""162.33""],[""0.7600"",""629.31""],[""0.7700"",""3066.97""],[""0.7800"",""980.00""],[""0.7900"",""1083.45""]]"
2026-05-16T13:35:17.756Z,KXBTC15M-26MAY160945-45,BTC price up in next 15 mins?,KXBTC15M-26MAY160945,2026-05-16T13:45:00Z,active,0.23,0.24,0.76,0.77,0.235,0.24,86798.19,36011.55,1114.43,1077.98,"[[""0.1100"",""332.00""],[""0.1200"",""530.00""],[""0.1300"",""281.00""],[""0.1400"",""134.00""],[""0.1500"",""1694.03""],[""0.1600"",""928.00""],[""0.1700"",""1125.00""],[""0.1800"",""176.00""],[""0.1900"",""3308.19""],[""0.2000"",""1114.43""]]","[[""0.7000"",""525.42""],[""0.7100"",""1295.03""],[""0.7200"",""186.38""],[""0.7300"",""926.36""],[""0.7400"",""202.68""],[""0.7500"",""162.33""],[""0.7600"",""629.31""],[""0.7700"",""3066.97""],[""0.7800"",""1126.00""],[""0.7900"",""1077.98""]]"
2026-05-16T13:35:19.744Z,KXBTC15M-26MAY160945-45,BTC price up in next 15 mins?,KXBTC15M-26MAY160945,2026-05-16T13:45:00Z,active,0.23,0.24,0.76,0.77,0.235,0.24,86798.19,36011.55,340.68,1812.51,"[[""0.1100"",""332.00""],[""0.1200"",""530.00""],[""0.1300"",""281.00""],[""0.1400"",""1459.00""],[""0.1500"",""444.03""],[""0.1600"",""128.00""],[""0.1700"",""1125.00""],[""0.1800"",""176.00""],[""0.1900"",""3888.19""],[""0.2000"",""340.68""]]","[[""0.7000"",""525.42""],[""0.7100"",""30.03""],[""0.7200"",""201.38""],[""0.7300"",""126.36""],[""0.7400"",""1452.68""],[""0.7500"",""162.33""],[""0.7600"",""528.31""],[""0.7700"",""2666.97""],[""0.7800"",""878.00""],[""0.7900"",""1812.51""]]"
2026-05-16T13:35:21.737Z,KXBTC15M-26MAY160945-45,BTC price up in next 15 mins?,KXBTC15M-26MAY160945,2026-05-16T13:45:00Z,active,0.23,0.24,0.76,0.77,0.235,0.24,86798.19,36011.55,948.21,1031.51,"[[""0.1100"",""332.00""],[""0.1200"",""530.00""],[""0.1300"",""281.00""],[""0.1400"",""209.00""],[""0.1500"",""1694.03""],[""0.1600"",""128.00""],[""0.1700"",""1125.00""],[""0.1800"",""176.00""],[""0.1900"",""3298.19""],[""0.2000"",""948.21""]]","[[""0.7000"",""525.42""],[""0.7100"",""1290.03""],[""0.7200"",""191.38""],[""0.7300"",""126.36""],[""0.7400"",""202.68""],[""0.7500"",""162.33""],[""0.7600"",""629.31""],[""0.7700"",""3066.97""],[""0.7800"",""1214.00""],[""0.7900"",""1031.51""]]"
2026-05-16T13:35:23.765Z,KXBTC15M-26MAY160945-45,BTC price up in next 15 mins?,KXBTC15M-26MAY160945,2026-05-16T13:45:00Z,active,0.23,0.24,0.76,0.77,0.235,0.24,86798.19,36011.55,944.75,553.79,"[[""0.1100"",""332.00""],[""0.1200"",""680.00""],[""0.1300"",""131.00""],[""0.1400"",""209.00""],[""0.1500"",""1694.03""],[""0.1600"",""128.00""],[""0.1700"",""127.00""],[""0.1800"",""1574.00""],[""0.1900"",""2898.19""],[""0.2000"",""944.75""]]","[[""0.7000"",""525.42""],[""0.7100"",""1290.03""],[""0.7200"",""191.38""],[""0.7300"",""926.36""],[""0.7400"",""52.68""],[""0.7500"",""312.33""],[""0.7600"",""629.31""],[""0.7700"",""3064.97""],[""0.7800"",""934.00""],[""0.7900"",""553.79""]]"
2026-05-16T13:35:25.750Z,KXBTC15M-26MAY160945-45,BTC price up in next 15 mins?,KXBTC15M-26MAY160945,2026-05-16T13:45:00Z,active,0.23,0.24,0.76,0.77,0.235,0.24,86798.19,36011.55,1123.13,853.55,"[[""0.1100"",""332.00""],[""0.1200"",""530.00""],[""0.1300"",""281.00""],[""0.1400"",""134.00""],[""0.1500"",""1694.03""],[""0.1600"",""128.00""],[""0.1700"",""129.00""],[""0.1800"",""1574.00""],[""0.1900"",""2875.19""],[""0.2000"",""1123.13""]]","[[""0.7000"",""525.42""],[""0.7100"",""40.03""],[""0.7200"",""191.38""],[""0.7300"",""1451.36""],[""0.7400"",""202.68""],[""0.7500"",""162.33""],[""0.7600"",""629.31""],[""0.7700"",""3094.97""],[""0.7800"",""1002.00""],[""0.7900"",""853.55""]]"
2026-05-16T13:35:27.750Z,KXBTC15M-26MAY160945-45,BTC price up in next 15 mins?,KXBTC15M-26MAY160945,2026-05-16T13:45:00Z,active,0.23,0.24,0.76,0.77,0.235,0.24,86798.19,36011.55,1021.13,765.13,"[[""0.1100"",""332.00""],[""0.1200"",""680.00""],[""0.1300"",""131.00""],[""0.1400"",""134.00""],[""0.1500"",""1694.03""],[""0.1600"",""128.00""],[""0.1700"",""1127.00""],[""0.1800"",""574.00""],[""0.1900"",""2875.19""],[""0.2000"",""1021.13""]]","[[""0.7000"",""525.42""],[""0.7100"",""1290.03""],[""0.7200"",""191.38""],[""0.7300"",""926.36""],[""0.7400"",""53.68""],[""0.7500"",""312.33""],[""0.7600"",""528.31""],[""0.7700"",""3064.97""],[""0.7800"",""1126.00""],[""0.7900"",""765.13""]]"
2026-05-16T13:35:29.754Z,KXBTC15M-26MAY160945-45,BTC price up in next 15 mins?,KXBTC15M-26MAY160945,2026-05-16T13:45:00Z,active,0.23,0.24,0.76,0.77,0.235,0.24,86798.19,36011.55,926.66,966.53,"[[""0.1100"",""332.00""],[""0.1200"",""680.00""],[""0.1300"",""131.00""],[""0.1400"",""209.00""],[""0.1500"",""1694.03""],[""0.1600"",""128.00""],[""0.1700"",""1127.00""],[""0.1800"",""574.00""],[""0.1900"",""2885.19""],[""0.2000"",""926.66""]]","[[""0.7000"",""525.42""],[""0.7100"",""1290.03""],[""0.7200"",""191.38""],[""0.7300"",""926.36""],[""0.7400"",""53.68""],[""0.7500"",""312.33""],[""0.7600"",""128.31""],[""0.7700"",""3064.97""],[""0.7800"",""924.00""],[""0.7900"",""966.53""]]"
2026-05-16T13:35:31.751Z,KXBTC15M-26MAY160945-45,BTC price up in next 15 mins?,KXBTC15M-26MAY160945,2026-05-16T13:45:00Z,active,0.23,0.24,0.76,0.77,0.235,0.24,86798.19,36011.55,501.9,654.29,"[[""0.1100"",""332.00""],[""0.1200"",""680.00""],[""0.1300"",""131.00""],[""0.1400"",""1459.00""],[""0.1500"",""444.03""],[""0.1600"",""128.00""],[""0.1700"",""1127.00""],[""0.1800"",""574.00""],[""0.1900"",""3480.19""],[""0.2000"",""501.90""]]","[[""0.7000"",""525.42""],[""0.7100"",""1290.03""],[""0.7200"",""191.38""],[""0.7300"",""926.36""],[""0.7400"",""53.68""],[""0.7500"",""312.33""],[""0.7600"",""128.31""],[""0.7700"",""3064.97""],[""0.7800"",""737.00""],[""0.7900"",""654.29""]]"
2026-05-16T13:35:33.746Z,KXBTC15M-26MAY160945-45,BTC price up in next 15 mins?,KXBTC15M-26MAY160945,2026-05-16T13:45:00Z,active,0.23,0.24,0.76,0.77,0.235,0.24,86798.19,36011.55,2385.1,125.0,"[[""0.0940"",""125.00""],[""0.0960"",""125.00""],[""0.0980"",""125.00""],[""0.1000"",""275.00""],[""0.1100"",""125.00""],[""0.1200"",""150.00""],[""0.1300"",""927.00""],[""0.1400"",""525.00""],[""0.1500"",""25.00""],[""0.1700"",""2385.10""]]","[[""0.7300"",""201.36""],[""0.7400"",""1303.68""],[""0.7500"",""162.33""],[""0.7600"",""126.31""],[""0.7700"",""3214.97""],[""0.7800"",""612.00""],[""0.7900"",""366.00""],[""0.8000"",""1439.00""],[""0.8100"",""125.00""],[""0.8200"",""125.00""]]"
2026-05-16T13:35:35.744Z,KXBTC15M-26MAY160945-45,BTC price up in next 15 mins?,KXBTC15M-26MAY160945,2026-05-16T13:45:00Z,active,0.17,0.18,0.82,0.83,0.175,0.17,105824.37,44104.92,3681.0,125.0,"[[""0.1200"",""150.00""],[""0.1300"",""125.00""],[""0.1400"",""125.00""],[""0.1500"",""150.00""],[""0.1600"",""125.00""],[""0.1700"",""525.00""],[""0.1800"",""127.00""],[""0.1900"",""177.00""],[""0.2000"",""125.00""],[""0.2100"",""3681.00""]]","[[""0.6900"",""126.44""],[""0.7000"",""151.42""],[""0.7100"",""50.03""],[""0.7200"",""176.38""],[""0.7300"",""201.36""],[""0.7400"",""1593.14""],[""0.7500"",""2148.84""],[""0.7600"",""526.31""],[""0.7700"",""128.29""],[""0.7800"",""125.00""]]"
2026-05-16T13:35:37.742Z,KXBTC15M-26MAY160945-45,BTC price up in next 15 mins?,KXBTC15M-26MAY160945,2026-05-16T13:45:00Z,active,0.17,0.18,0.82,0.83,0.175,0.17,105824.37,44104.92,4259.85,62.05,"[[""0.1200"",""150.00""],[""0.1300"",""125.00""],[""0.1400"",""125.00""],[""0.1500"",""150.00""],[""0.1600"",""275.00""],[""0.1700"",""125.00""],[""0.1800"",""1811.00""],[""0.1900"",""188.00""],[""0.2000"",""978.00""],[""0.2100"",""4259.85""]]","[[""0.6900"",""1386.44""],[""0.7000"",""151.42""],[""0.7100"",""182.03""],[""0.7200"",""178.38""],[""0.7300"",""201.36""],[""0.7400"",""2012.14""],[""0.7500"",""3353.56""],[""0.7600"",""125.00""],[""0.7700"",""125.00""],[""0.7800"",""62.05""]]"
2026-05-16T13:35:39.744Z,KXBTC15M-26MAY160945-45,BTC price up in next 15 mins?,KXBTC15M-26MAY160945,2026-05-16T13:45:00Z,active,0.17,0.18,0.82,0.83,0.175,0.17,105824.37,44104.92,3265.7,125.0,"[[""0.1300"",""125.00""],[""0.1400"",""549.00""],[""0.1500"",""150.00""],[""0.1600"",""275.00""],[""0.1700"",""1375.00""],[""0.1800"",""561.00""],[""0.1900"",""188.00""],[""0.2000"",""252.00""],[""0.2100"",""948.85""],[""0.2200"",""3265.70""]]","[[""0.6800"",""751.13""],[""0.6900"",""1386.44""],[""0.7000"",""175.42""],[""0.7100"",""182.03""],[""0.7200"",""178.38""],[""0.7300"",""229.36""],[""0.7400"",""2012.14""],[""0.7500"",""3147.51""],[""0.7600"",""305.00""],[""0.7700"",""125.00""]]"
2026-05-16T13:35:41.740Z,KXBTC15M-26MAY160945-45,BTC price up in next 15 mins?,KXBTC15M-26MAY160945,2026-05-16T13:45:00Z,active,0.17,0.18,0.82,0.83,0.175,0.17,105824.37,44104.92,4225.14,124.14,"[[""0.1300"",""125.00""],[""0.1400"",""549.00""],[""0.1500"",""150.00""],[""0.1600"",""275.00""],[""0.1700"",""1375.00""],[""0.1800"",""561.00""],[""0.1900"",""188.00""],[""0.2000"",""252.00""],[""0.2100"",""972.85""],[""0.2200"",""4225.14""]]","[[""0.6800"",""751.13""],[""0.6900"",""1386.44""],[""0.7000"",""175.42""],[""0.7100"",""182.03""],[""0.7200"",""178.38""],[""0.7300"",""229.36""],[""0.7400"",""1595.14""],[""0.7500"",""1947.00""],[""0.7600"",""1926.51""],[""0.7700"",""124.14""]]"
2026-05-16T13:35:43.753Z,KXBTC15M-26MAY160945-45,BTC price up in next 15 mins?,KXBTC15M-26MAY160945,2026-05-16T13:45:00Z,active,0.17,0.18,0.82,0.83,0.175,0.17,105824.37,44104.92,4225.14,7.02,"[[""0.1300"",""125.00""],[""0.1400"",""549.00""],[""0.1500"",""305.00""],[""0.1600"",""1375.00""],[""0.1700"",""125.00""],[""0.1800"",""561.00""],[""0.1900"",""188.00""],[""0.2000"",""254.00""],[""0.2100"",""970.85""],[""0.2200"",""4225.14""]]","[[""0.6800"",""751.13""],[""0.6900"",""1386.44""],[""0.7000"",""175.42""],[""0.7100"",""32.03""],[""0.7200"",""328.38""],[""0.7300"",""229.36""],[""0.7400"",""1595.14""],[""0.7500"",""1947.00""],[""0.7600"",""1746.51""],[""0.7700"",""7.02""]]"
2026-05-16T13:35:45.746Z,KXBTC15M-26MAY160945-45,BTC price up in next 15 mins?,KXBTC15M-26MAY160945,2026-05-16T13:45:00Z,active,0.17,0.18,0.82,0.83,0.175,0.17,105824.37,44104.92,4363.14,79.63,"[[""0.1300"",""125.00""],[""0.1400"",""549.00""],[""0.1500"",""155.00""],[""0.1600"",""1525.00""],[""0.1700"",""925.00""],[""0.1800"",""561.00""],[""0.1900"",""188.00""],[""0.2000"",""252.00""],[""0.2100"",""1823.85""],[""0.2200"",""4363.14""]]","[[""0.6800"",""751.13""],[""0.6900"",""1386.44""],[""0.7000"",""175.42""],[""0.7100"",""182.03""],[""0.7200"",""178.38""],[""0.7300"",""229.36""],[""0.7400"",""1595.14""],[""0.7500"",""3170.99""],[""0.7600"",""1001.00""],[""0.7700"",""79.63""]]"
2026-05-16T13:35:47.741Z,KXBTC15M-26MAY160945-45,BTC price up in next 15 mins?,KXBTC15M-26MAY160945,2026-05-16T13:45:00Z,active,0.17,0.18,0.82,0.83,0.175,0.17,105824.37,44104.92,4218.94,195.18,"[[""0.1300"",""125.00""],[""0.1400"",""499.00""],[""0.1500"",""305.00""],[""0.1600"",""1375.00""],[""0.1700"",""175.00""],[""0.1800"",""561.00""],[""0.1900"",""188.00""],[""0.2000"",""252.00""],[""0.2100"",""1837.85""],[""0.2200"",""4218.94""]]","[[""0.6800"",""751.13""],[""0.6900"",""1386.44""],[""0.7000"",""175.42""],[""0.7100"",""32.03""],[""0.7200"",""328.38""],[""0.7300"",""229.36""],[""0.7400"",""1995.14""],[""0.7500"",""3370.99""],[""0.7600"",""148.68""],[""0.7700"",""195.18""]]"
2026-05-16T13:35:49.757Z,KXBTC15M-26MAY160945-45,BTC price up in next 15 mins?,KXBTC15M-26MAY160945,2026-05-16T13:45:00Z,active,0.17,0.18,0.82,0.83,0.175,0.17,105824.37,44104.92,3244.94,1003.0,"[[""0.1300"",""125.00""],[""0.1400"",""499.00""],[""0.1500"",""305.00""],[""0.1600"",""1375.00""],[""0.1700"",""175.00""],[""0.1800"",""561.00""],[""0.1900"",""188.00""],[""0.2000"",""252.00""],[""0.2100"",""1063.85""],[""0.2200"",""3244.94""]]","[[""0.6700"",""166.69""],[""0.6800"",""751.13""],[""0.6900"",""1386.44""],[""0.7000"",""175.42""],[""0.7100"",""30.03""],[""0.7200"",""328.38""],[""0.7300"",""229.36""],[""0.7400"",""1595.14""],[""0.7500"",""3089.20""],[""0.7600"",""1003.00""]]"
2026-05-16T13:35:51.752Z,KXBTC15M-26MAY160945-45,BTC price up in next 15 mins?,KXBTC15M-26MAY160945,2026-05-16T13:45:00Z,active,0.17,0.18,0.82,0.83,0.175,0.17,105824.37,44104.92,3220.8,136.77,"[[""0.1300"",""125.00""],[""0.1400"",""499.00""],[""0.1500"",""305.00""],[""0.1600"",""1375.00""],[""0.1700"",""175.00""],[""0.1800"",""561.00""],[""0.1900"",""188.00""],[""0.2000"",""252.00""],[""0.2100"",""1063.85""],[""0.2200"",""3220.80""]]","[[""0.6700"",""166.69""],[""0.6800"",""751.13""],[""0.6900"",""136.44""],[""0.7000"",""250.42""],[""0.7100"",""1280.03""],[""0.7200"",""328.38""],[""0.7300"",""229.36""],[""0.7400"",""1993.79""],[""0.7500"",""3327.20""],[""0.7600"",""136.77""]]"
2026-05-16T13:35:53.751Z,KXBTC15M-26MAY160945-45,BTC price up in next 15 mins?,KXBTC15M-26MAY160945,2026-05-16T13:45:00Z,active,0.17,0.18,0.82,0.83,0.175,0.17,105824.37,44104.92,2658.94,997.03,"[[""0.1300"",""125.00""],[""0.1400"",""499.00""],[""0.1500"",""305.00""],[""0.1600"",""1375.00""],[""0.1700"",""175.00""],[""0.1800"",""561.00""],[""0.1900"",""188.00""],[""0.2000"",""252.00""],[""0.2100"",""1643.85""],[""0.2200"",""2658.94""]]","[[""0.6700"",""151.69""],[""0.6800"",""766.13""],[""0.6900"",""136.44""],[""0.7000"",""175.42""],[""0.7100"",""30.03""],[""0.7200"",""1578.38""],[""0.7300"",""229.36""],[""0.7400"",""1595.14""],[""0.7500"",""3099.20""],[""0.7600"",""997.03""]]"
2026-05-16T13:35:55.744Z,KXBTC15M-26MAY160945-45,BTC price up in next 15 mins?,KXBTC15M-26MAY160945,2026-05-16T13:45:00Z,active,0.17,0.18,0.82,0.83,0.175,0.17,105824.37,44104.92,75.0,103.42,"[[""0.1400"",""499.00""],[""0.1500"",""305.00""],[""0.1600"",""1375.00""],[""0.1700"",""175.00""],[""0.1800"",""561.00""],[""0.1900"",""188.00""],[""0.2000"",""252.00""],[""0.2100"",""1063.85""],[""0.2200"",""2745.98""],[""0.2300"",""75.00""]]","[[""0.6700"",""151.69""],[""0.6800"",""766.13""],[""0.6900"",""136.44""],[""0.7000"",""1500.42""],[""0.7100"",""830.03""],[""0.7200"",""328.38""],[""0.7300"",""231.36""],[""0.7400"",""1991.79""],[""0.7500"",""3329.20""],[""0.7600"",""103.42""]]"
2026-05-16T13:35:57.744Z,KXBTC15M-26MAY160945-45,BTC price up in next 15 mins?,KXBTC15M-26MAY160945,2026-05-16T13:45:00Z,active,0.17,0.18,0.82,0.83,0.175,0.17,105824.37,44104.92,81.58,3446.44,"[[""0.1500"",""155.00""],[""0.1600"",""125.00""],[""0.1700"",""254.00""],[""0.1800"",""1811.00""],[""0.1900"",""188.00""],[""0.2000"",""252.00""],[""0.2100"",""1063.85""],[""0.2200"",""2565.98""],[""0.2300"",""180.00""],[""0.2400"",""81.58""]]","[[""0.6600"",""501.51""],[""0.6700"",""151.69""],[""0.6800"",""766.13""],[""0.6900"",""1386.44""],[""0.7000"",""175.42""],[""0.7100"",""830.03""],[""0.7200"",""178.38""],[""0.7300"",""378.00""],[""0.7400"",""2216.27""],[""0.7500"",""3446.44""]]"
2026-05-16T13:35:59.750Z,KXBTC15M-26MAY160945-45,BTC price up in next 15 mins?,KXBTC15M-26MAY160945,2026-05-16T13:45:00Z,active,0.17,0.18,0.82,0.83,0.175,0.17,105824.37,44104.92,56.58,1949.56,"[[""0.1500"",""155.00""],[""0.1600"",""125.00""],[""0.1700"",""1504.00""],[""0.1800"",""161.00""],[""0.1900"",""188.00""],[""0.2000"",""154.00""],[""0.2100"",""228.00""],[""0.2200"",""3964.83""],[""0.2300"",""191.00""],[""0.2400"",""56.58""]]","[[""0.6600"",""501.51""],[""0.6700"",""151.69""],[""0.6800"",""766.13""],[""0.6900"",""1386.44""],[""0.7000"",""175.42""],[""0.7100"",""830.03""],[""0.7200"",""178.38""],[""0.7300"",""1778.00""],[""0.7400"",""2216.27""],[""0.7500"",""1949.56""]]"
2026-05-16T13:36:01.743Z,KXBTC15M-26MAY160945-45,BTC price up in next 15 mins?,KXBTC15M-26MAY160945,2026-05-16T13:45:00Z,active,0.17,0.18,0.82,0.83,0.175,0.17,105824.37,44104.92,37.58,2100.14,"[[""0.1500"",""305.00""],[""0.1600"",""125.00""],[""0.1700"",""1504.00""],[""0.1800"",""161.00""],[""0.1900"",""188.00""],[""0.2000"",""156.00""],[""0.2100"",""3166.00""],[""0.2200"",""736.00""],[""0.2300"",""1126.85""],[""0.2400"",""37.58""]]","[[""0.6600"",""501.51""],[""0.6700"",""1401.69""],[""0.6800"",""131.13""],[""0.6900"",""136.44""],[""0.7000"",""175.42""],[""0.7100"",""30.03""],[""0.7200"",""328.38""],[""0.7300"",""1127.00""],[""0.7400"",""2574.33""],[""0.7500"",""2100.14""]]"
2026-05-16T13:36:03.763Z,KXBTC15M-26MAY160945-45,BTC price up in next 15 mins?,KXBTC15M-26MAY160945,2026-05-16T13:45:00Z,active,0.17,0.18,0.82,0.83,0.175,0.17,105824.37,44104.92,24.58,2236.21,"[[""0.1500"",""155.00""],[""0.1600"",""125.00""],[""0.1700"",""1504.00""],[""0.1800"",""163.00""],[""0.1900"",""188.00""],[""0.2000"",""1156.00""],[""0.2100"",""2181.00""],[""0.2200"",""728.00""],[""0.2300"",""1126.85""],[""0.2400"",""24.58""]]","[[""0.6600"",""501.51""],[""0.6700"",""1401.69""],[""0.6800"",""131.13""],[""0.6900"",""136.44""],[""0.7000"",""175.42""],[""0.7100"",""830.03""],[""0.7200"",""176.38""],[""0.7300"",""1277.00""],[""0.7400"",""2574.33""],[""0.7500"",""2236.21""]]"
2026-05-16T13:36:05.757Z,KXBTC15M-26MAY160945-45,BTC price up in next 15 mins?,KXBTC15M-26MAY160945,2026-05-16T13:45:00Z,active,0.24,0.25,0.75,0.76,0.245,0.25,115735.45,46193.00,2691.85,1657.13,"[[""0.1200"",""311.00""],[""0.1300"",""1375.00""],[""0.1400"",""125.00""],[""0.1500"",""155.00""],[""0.1600"",""925.00""],[""0.1700"",""252.00""],[""0.1800"",""161.00""],[""0.1900"",""1289.00""],[""0.2000"",""1132.00""],[""0.2100"",""2691.85""]]","[[""0.6900"",""136.44""],[""0.7000"",""151.42""],[""0.7100"",""30.03""],[""0.7200"",""176.38""],[""0.7300"",""926.36""],[""0.7400"",""2594.68""],[""0.7500"",""679.33""],[""0.7600"",""352.48""],[""0.7700"",""436.00""],[""0.7800"",""1657.13""]]"
2026-05-16T13:36:07.765Z,KXBTC15M-26MAY160945-45,BTC price up in next 15 mins?,KXBTC15M-26MAY160945,2026-05-16T13:45:00Z,active,0.24,0.25,0.75,0.76,0.245,0.25,115735.45,46193.00,3280.85,1291.0,"[[""0.1200"",""685.00""],[""0.1300"",""125.00""],[""0.1400"",""125.00""],[""0.1500"",""230.00""],[""0.1600"",""2175.00""],[""0.1700"",""177.00""],[""0.1800"",""163.00""],[""0.1900"",""1212.00""],[""0.2000"",""639.00""],[""0.2100"",""3280.85""]]","[[""0.6900"",""1401.44""],[""0.7000"",""151.42""],[""0.7100"",""30.03""],[""0.7200"",""176.38""],[""0.7300"",""150.36""],[""0.7400"",""1054.68""],[""0.7500"",""2219.33""],[""0.7600"",""537.00""],[""0.7700"",""131.00""],[""0.7800"",""1291.00""]]"
2026-05-16T13:36:09.740Z,KXBTC15M-26MAY160945-45,BTC price up in next 15 mins?,KXBTC15M-26MAY160945,2026-05-16T13:45:00Z,active,0.24,0.25,0.75,0.76,0.245,0.25,115735.45,46193.00,3237.07,57.51,"[[""0.1200"",""535.00""],[""0.1300"",""275.00""],[""0.1400"",""125.00""],[""0.1500"",""230.00""],[""0.1600"",""2175.00""],[""0.1700"",""177.00""],[""0.1800"",""163.00""],[""0.1900"",""210.00""],[""0.2000"",""1666.00""],[""0.2100"",""3237.07""]]","[[""0.6900"",""1401.44""],[""0.7000"",""151.42""],[""0.7100"",""30.03""],[""0.7200"",""176.38""],[""0.7300"",""150.36""],[""0.7400"",""705.68""],[""0.7500"",""2671.33""],[""0.7600"",""875.00""],[""0.7700"",""2043.48""],[""0.7800"",""57.51""]]"
2026-05-16T13:36:11.754Z,KXBTC15M-26MAY160945-45,BTC price up in next 15 mins?,KXBTC15M-26MAY160945,2026-05-16T13:45:00Z,active,0.24,0.25,0.75,0.76,0.245,0.25,115735.45,46193.00,60.0,1228.0,"[[""0.1000"",""754.00""],[""0.1100"",""275.00""],[""0.1200"",""535.00""],[""0.1300"",""125.00""],[""0.1400"",""125.00""],[""0.1500"",""230.00""],[""0.1600"",""1125.00""],[""0.1700"",""2725.07""],[""0.1800"",""677.00""],[""0.1900"",""60.00""]]","[[""0.7100"",""45.03""],[""0.7200"",""176.38""],[""0.7300"",""150.36""],[""0.7400"",""52.68""],[""0.7500"",""127.33""],[""0.7600"",""627.00""],[""0.7700"",""626.00""],[""0.7800"",""2691.00""],[""0.7900"",""342.48""],[""0.8000"",""1228.00""]]"
2026-05-16T13:36:13.770Z,KXBTC15M-26MAY160945-45,BTC price up in next 15 mins?,KXBTC15M-26MAY160945,2026-05-16T13:45:00Z,active,0.24,0.25,0.75,0.76,0.245,0.25,115735.45,46193.00,3637.56,866.9,"[[""0.0960"",""125.00""],[""0.0980"",""125.00""],[""0.1000"",""504.00""],[""0.1100"",""1375.00""],[""0.1200"",""161.00""],[""0.1300"",""949.00""],[""0.1400"",""127.00""],[""0.1500"",""1205.00""],[""0.1600"",""368.00""],[""0.1700"",""3637.56""]]","[[""0.7300"",""2176.36""],[""0.7400"",""137.68""],[""0.7500"",""127.33""],[""0.7600"",""476.31""],[""0.7700"",""126.29""],[""0.7800"",""3518.28""],[""0.7900"",""1273.74""],[""0.8000"",""148.67""],[""0.8100"",""130.00""],[""0.8200"",""866.90""]]"
2026-05-16T13:36:15.743Z,KXBTC15M-26MAY160945-45,BTC price up in next 15 mins?,KXBTC15M-26MAY160945,2026-05-16T13:45:00Z,active,0.24,0.25,0.75,0.76,0.245,0.25,115735.45,46193.00,3474.56,1034.0,"[[""0.0960"",""125.00""],[""0.0980"",""125.00""],[""0.1000"",""504.00""],[""0.1100"",""125.00""],[""0.1200"",""232.00""],[""0.1300"",""949.00""],[""0.1400"",""127.00""],[""0.1500"",""1205.00""],[""0.1600"",""228.00""],[""0.1700"",""3474.56""]]","[[""0.7200"",""565.38""],[""0.7300"",""126.36""],[""0.7400"",""62.68""],[""0.7500"",""202.33""],[""0.7600"",""2526.31""],[""0.7700"",""227.29""],[""0.7800"",""2266.28""],[""0.7900"",""1528.26""],[""0.8000"",""953.48""],[""0.8100"",""1034.00""]]"
2026-05-16T13:36:17.747Z,KXBTC15M-26MAY160945-45,BTC price up in next 15 mins?,KXBTC15M-26MAY160945,2026-05-16T13:45:00Z,active,0.24,0.25,0.75,0.76,0.245,0.25,115735.45,46193.00,3534.56,1075.0,"[[""0.0960"",""125.00""],[""0.0980"",""125.00""],[""0.1000"",""504.00""],[""0.1100"",""1375.00""],[""0.1200"",""157.00""],[""0.1300"",""949.00""],[""0.1400"",""127.00""],[""0.1500"",""1205.00""],[""0.1600"",""978.00""],[""0.1700"",""3534.56""]]","[[""0.7300"",""126.36""],[""0.7400"",""52.68""],[""0.7500"",""127.33""],[""0.7600"",""1726.31""],[""0.7700"",""136.29""],[""0.7800"",""2268.28""],[""0.7900"",""1526.26""],[""0.8000"",""1123.48""],[""0.8100"",""68.90""],[""0.8200"",""1075.00""]]"
2026-05-16T13:36:19.756Z,KXBTC15M-26MAY160945-45,BTC price up in next 15 mins?,KXBTC15M-26MAY160945,2026-05-16T13:45:00Z,active,0.24,0.25,0.75,0.76,0.245,0.25,115735.45,46193.00,3534.8,839.44,"[[""0.0960"",""125.00""],[""0.0980"",""125.00""],[""0.1000"",""504.00""],[""0.1100"",""1450.00""],[""0.1200"",""157.00""],[""0.1300"",""949.00""],[""0.1400"",""127.00""],[""0.1500"",""1205.00""],[""0.1600"",""978.00""],[""0.1700"",""3534.80""]]","[[""0.7300"",""126.36""],[""0.7400"",""52.68""],[""0.7500"",""127.33""],[""0.7600"",""2526.31""],[""0.7700"",""136.29""],[""0.7800"",""2266.28""],[""0.7900"",""1528.26""],[""0.8000"",""1123.48""],[""0.8100"",""68.90""],[""0.8200"",""839.44""]]"
2026-05-16T13:36:21.738Z,KXBTC15M-26MAY160945-45,BTC price up in next 15 mins?,KXBTC15M-26MAY160945,2026-05-16T13:45:00Z,active,0.24,0.25,0.75,0.76,0.245,0.25,115735.45,46193.00,90.0,2015.0,"[[""0.0980"",""125.00""],[""0.1000"",""504.00""],[""0.1100"",""125.00""],[""0.1200"",""157.00""],[""0.1300"",""1799.00""],[""0.1400"",""127.00""],[""0.1500"",""205.00""],[""0.1600"",""2988.00""],[""0.1700"",""2349.38""],[""0.1800"",""90.00""]]","[[""0.7200"",""550.38""],[""0.7300"",""126.36""],[""0.7400"",""67.68""],[""0.7500"",""127.33""],[""0.7600"",""1726.31""],[""0.7700"",""136.29""],[""0.7800"",""576.28""],[""0.7900"",""1819.26""],[""0.8000"",""1844.48""],[""0.8100"",""2015.00""]]"
2026-05-16T13:36:23.757Z,KXBTC15M-26MAY160945-45,BTC price up in next 15 mins?,KXBTC15M-26MAY160945,2026-05-16T13:45:00Z,active,0.24,0.25,0.75,0.76,0.245,0.25,115735.45,46193.00,340.0,1242.0,"[[""0.0980"",""125.00""],[""0.1000"",""504.00""],[""0.1100"",""125.00""],[""0.1200"",""157.00""],[""0.1300"",""549.00""],[""0.1400"",""2177.00""],[""0.1500"",""205.00""],[""0.1600"",""2978.00""],[""0.1700"",""2087.80""],[""0.1800"",""340.00""]]","[[""0.7200"",""550.38""],[""0.7300"",""2176.36""],[""0.7400"",""77.68""],[""0.7500"",""127.33""],[""0.7600"",""476.31""],[""0.7700"",""126.29""],[""0.7800"",""279.28""],[""0.7900"",""2218.00""],[""0.8000"",""2523.48""],[""0.8100"",""1242.00""]]"
2026-05-16T13:36:25.741Z,KXBTC15M-26MAY160945-45,BTC price up in next 15 mins?,KXBTC15M-26MAY160945,2026-05-16T13:45:00Z,active,0.24,0.25,0.75,0.76,0.245,0.25,115735.45,46193.00,258.91,1173.1,"[[""0.0980"",""125.00""],[""0.1000"",""504.00""],[""0.1100"",""125.00""],[""0.1200"",""232.00""],[""0.1300"",""549.00""],[""0.1400"",""2177.00""],[""0.1500"",""205.00""],[""0.1600"",""3540.80""],[""0.1700"",""1537.00""],[""0.1800"",""258.91""]]","[[""0.7200"",""550.38""],[""0.7300"",""2176.36""],[""0.7400"",""77.68""],[""0.7500"",""127.33""],[""0.7600"",""476.31""],[""0.7700"",""126.29""],[""0.7800"",""281.28""],[""0.7900"",""2216.00""],[""0.8000"",""1924.48""],[""0.8100"",""1173.10""]]"
2026-05-16T13:36:27.755Z,KXBTC15M-26MAY160945-45,BTC price up in next 15 mins?,KXBTC15M-26MAY160945,2026-05-16T13:45:00Z,active,0.24,0.25,0.75,0.76,0.245,0.25,115735.45,46193.00,241.97,995.94,"[[""0.0960"",""125.00""],[""0.0980"",""125.00""],[""0.1000"",""504.00""],[""0.1100"",""200.00""],[""0.1200"",""157.00""],[""0.1300"",""1799.00""],[""0.1400"",""127.00""],[""0.1500"",""1205.00""],[""0.1600"",""3918.80""],[""0.1700"",""241.97""]]","[[""0.7300"",""126.36""],[""0.7400"",""52.68""],[""0.7500"",""142.33""],[""0.7600"",""1726.31""],[""0.7700"",""136.29""],[""0.7800"",""178.28""],[""0.7900"",""582.26""],[""0.8000"",""4074.48""],[""0.8100"",""63.58""],[""0.8200"",""995.94""]]"
2026-05-16T13:36:29.740Z,KXBTC15M-26MAY160945-45,BTC price up in next 15 mins?,KXBTC15M-26MAY160945,2026-05-16T13:45:00Z,active,0.24,0.25,0.75,0.76,0.245,0.25,115735.45,46193.00,848.0,1107.0,"[[""0.0920"",""125.00""],[""0.0940"",""125.00""],[""0.0960"",""125.00""],[""0.0980"",""125.00""],[""0.1000"",""130.00""],[""0.1100"",""1850.00""],[""0.1200"",""152.00""],[""0.1300"",""1195.00""],[""0.1400"",""2665.80""],[""0.1500"",""848.00""]]","[[""0.7500"",""751.33""],[""0.7600"",""476.31""],[""0.7700"",""510.29""],[""0.7800"",""1402.28""],[""0.7900"",""129.26""],[""0.8000"",""132.25""],[""0.8100"",""1842.81""],[""0.8200"",""1955.00""],[""0.8300"",""1132.48""],[""0.8400"",""1107.00""]]"
2026-05-16T13:36:31.751Z,KXBTC15M-26MAY160945-45,BTC price up in next 15 mins?,KXBTC15M-26MAY160945,2026-05-16T13:45:00Z,active,0.24,0.25,0.75,0.76,0.245,0.25,115735.45,46193.00,3282.8,21.21,"[[""0.0920"",""125.00""],[""0.0940"",""125.00""],[""0.0960"",""125.00""],[""0.0980"",""125.00""],[""0.1000"",""166.00""],[""0.1100"",""1850.00""],[""0.1200"",""150.00""],[""0.1300"",""300.00""],[""0.1400"",""1127.00""],[""0.1500"",""3282.80""]]","[[""0.7500"",""750.33""],[""0.7600"",""476.31""],[""0.7700"",""511.29""],[""0.7800"",""1402.28""],[""0.7900"",""127.26""],[""0.8000"",""131.25""],[""0.8100"",""1844.81""],[""0.8200"",""3003.00""],[""0.8300"",""1007.48""],[""0.8400"",""21.21""]]"
2026-05-16T13:36:33.742Z,KXBTC15M-26MAY160945-45,BTC price up in next 15 mins?,KXBTC15M-26MAY160945,2026-05-16T13:45:00Z,active,0.24,0.25,0.75,0.76,0.245,0.25,115735.45,46193.00,3194.59,51.0,"[[""0.0920"",""125.00""],[""0.0940"",""125.00""],[""0.0960"",""125.00""],[""0.0980"",""125.00""],[""0.1000"",""166.00""],[""0.1100"",""1850.00""],[""0.1200"",""152.00""],[""0.1300"",""300.00""],[""0.1400"",""1127.00""],[""0.1500"",""3194.59""]]","[[""0.7500"",""750.33""],[""0.7600"",""476.31""],[""0.7700"",""511.29""],[""0.7800"",""1402.28""],[""0.7900"",""127.26""],[""0.8000"",""129.25""],[""0.8100"",""1846.81""],[""0.8200"",""3003.00""],[""0.8300"",""1032.03""],[""0.8400"",""51.00""]]"
2026-05-16T13:36:35.762Z,KXBTC15M-26MAY160945-45,BTC price up in next 15 mins?,KXBTC15M-26MAY160945,2026-05-16T13:45:00Z,active,0.15,0.17,0.83,0.85,0.16,0.15,126106.92,51573.38,2241.53,2250.48,"[[""0.0920"",""125.00""],[""0.0940"",""125.00""],[""0.0960"",""125.00""],[""0.0980"",""125.00""],[""0.1000"",""166.00""],[""0.1100"",""1775.00""],[""0.1200"",""152.00""],[""0.1300"",""300.00""],[""0.1400"",""2127.00""],[""0.1500"",""2241.53""]]","[[""0.7400"",""67.68""],[""0.7500"",""750.33""],[""0.7600"",""476.31""],[""0.7700"",""511.29""],[""0.7800"",""1402.28""],[""0.7900"",""927.26""],[""0.8000"",""129.25""],[""0.8100"",""1846.81""],[""0.8200"",""1979.00""],[""0.8300"",""2250.48""]]"
2026-05-16T13:36:37.756Z,KXBTC15M-26MAY160945-45,BTC price up in next 15 mins?,KXBTC15M-26MAY160945,2026-05-16T13:45:00Z,active,0.15,0.17,0.83,0.85,0.16,0.15,126106.92,51573.38,1198.0,1707.59,"[[""0.0840"",""125.00""],[""0.0860"",""125.00""],[""0.0880"",""126.00""],[""0.0900"",""1620.71""],[""0.0910"",""10.00""],[""0.0920"",""1705.00""],[""0.0940"",""125.00""],[""0.0960"",""125.00""],[""0.0980"",""125.00""],[""0.1000"",""1198.00""]]","[[""0.7900"",""127.26""],[""0.8000"",""142.25""],[""0.8100"",""66.81""],[""0.8200"",""155.00""],[""0.8300"",""166.00""],[""0.8400"",""160.00""],[""0.8500"",""749.00""],[""0.8600"",""1501.00""],[""0.8700"",""13643.48""],[""0.8800"",""1707.59""]]"
2026-05-16T13:36:39.753Z,KXBTC15M-26MAY160945-45,BTC price up in next 15 mins?,KXBTC15M-26MAY160945,2026-05-16T13:45:00Z,active,0.15,0.17,0.83,0.85,0.16,0.15,126106.92,51573.38,209.63,190.47,"[[""0.0840"",""125.00""],[""0.0860"",""125.00""],[""0.0880"",""126.00""],[""0.0900"",""1210.00""],[""0.0920"",""1705.00""],[""0.0940"",""125.00""],[""0.0950"",""1500.00""],[""0.0960"",""125.00""],[""0.0980"",""125.00""],[""0.1000"",""209.63""]]","[[""0.8000"",""142.25""],[""0.8100"",""66.81""],[""0.8200"",""156.21""],[""0.8300"",""791.20""],[""0.8400"",""650.19""],[""0.8500"",""237.17""],[""0.8600"",""1406.16""],[""0.8700"",""2103.48""],[""0.8800"",""3289.00""],[""0.8900"",""190.47""]]"
2026-05-16T13:36:41.752Z,KXBTC15M-26MAY160945-45,BTC price up in next 15 mins?,KXBTC15M-26MAY160945,2026-05-16T13:45:00Z,active,0.15,0.17,0.83,0.85,0.16,0.15,126106.92,51573.38,10.0,2178.07,"[[""0.0860"",""125.00""],[""0.0880"",""126.00""],[""0.0900"",""80.00""],[""0.0910"",""2.00""],[""0.0920"",""125.00""],[""0.0940"",""1900.00""],[""0.0950"",""13.96""],[""0.0960"",""101.00""],[""0.0970"",""180.00""],[""0.1000"",""10.00""]]","[[""0.8000"",""142.25""],[""0.8100"",""66.81""],[""0.8200"",""156.21""],[""0.8300"",""790.20""],[""0.8400"",""650.19""],[""0.8500"",""1386.17""],[""0.8600"",""156.16""],[""0.8700"",""507.00""],[""0.8800"",""756.48""],[""0.8900"",""2178.07""]]"
2026-05-16T13:36:43.752Z,KXBTC15M-26MAY160945-45,BTC price up in next 15 mins?,KXBTC15M-26MAY160945,2026-05-16T13:45:00Z,active,0.15,0.17,0.83,0.85,0.16,0.15,126106.92,51573.38,345.0,1949.51,"[[""0.0800"",""2839.48""],[""0.0820"",""126.00""],[""0.0840"",""125.00""],[""0.0860"",""125.00""],[""0.0870"",""1500.00""],[""0.0880"",""126.00""],[""0.0900"",""80.00""],[""0.0920"",""10.00""],[""0.0950"",""13.96""],[""0.0960"",""345.00""]]","[[""0.8000"",""142.25""],[""0.8100"",""66.81""],[""0.8200"",""156.21""],[""0.8300"",""790.20""],[""0.8400"",""500.19""],[""0.8500"",""2336.17""],[""0.8600"",""156.16""],[""0.8700"",""507.00""],[""0.8800"",""3660.13""],[""0.8900"",""1949.51""]]"
2026-05-16T13:36:45.751Z,KXBTC15M-26MAY160945-45,BTC price up in next 15 mins?,KXBTC15M-26MAY160945,2026-05-16T13:45:00Z,active,0.15,0.17,0.83,0.85,0.16,0.15,126106.92,51573.38,75.0,44.37,"[[""0.0740"",""125.00""],[""0.0760"",""125.00""],[""0.0780"",""125.00""],[""0.0800"",""298.77""],[""0.0820"",""119.95""],[""0.0840"",""10.00""],[""0.0860"",""1500.00""],[""0.0870"",""400.00""],[""0.0900"",""180.00""],[""0.0920"",""75.00""]]","[[""0.8500"",""286.17""],[""0.8600"",""1406.16""],[""0.8700"",""107.00""],[""0.8800"",""1552.07""],[""0.8900"",""2250.06""],[""0.9000"",""135.00""],[""0.9020"",""1201.00""],[""0.9030"",""481.00""],[""0.9040"",""125.00""],[""0.9050"",""44.37""]]"
2026-05-16T13:36:47.756Z,KXBTC15M-26MAY160945-45,BTC price up in next 15 mins?,KXBTC15M-26MAY160945,2026-05-16T13:45:00Z,active,0.15,0.17,0.83,0.85,0.16,0.15,126106.92,51573.38,20.0,105.92,"[[""0.0760"",""125.00""],[""0.0780"",""125.00""],[""0.0800"",""2838.77""],[""0.0810"",""10.00""],[""0.0820"",""1500.00""],[""0.0830"",""400.00""],[""0.0840"",""19.68""],[""0.0850"",""16.00""],[""0.0890"",""180.00""],[""0.0900"",""20.00""]]","[[""0.8600"",""1556.16""],[""0.8700"",""108.14""],[""0.8800"",""1551.07""],[""0.8900"",""2251.06""],[""0.9000"",""135.00""],[""0.9010"",""101.00""],[""0.9020"",""1200.00""],[""0.9030"",""400.00""],[""0.9040"",""305.00""],[""0.9050"",""105.92""]]"
2026-05-16T13:36:49.755Z,KXBTC15M-26MAY160945-45,BTC price up in next 15 mins?,KXBTC15M-26MAY160945,2026-05-16T13:45:00Z,active,0.15,0.17,0.83,0.85,0.16,0.15,126106.92,51573.38,18.0,105.82,"[[""0.0710"",""100.00""],[""0.0720"",""125.00""],[""0.0740"",""125.00""],[""0.0760"",""125.00""],[""0.0780"",""125.00""],[""0.0800"",""454.77""],[""0.0810"",""1500.00""],[""0.0820"",""418.00""],[""0.0880"",""180.00""],[""0.0900"",""18.00""]]","[[""0.8700"",""108.14""],[""0.8800"",""153.00""],[""0.8900"",""3651.13""],[""0.9000"",""155.00""],[""0.9020"",""1400.00""],[""0.9030"",""400.00""],[""0.9040"",""125.00""],[""0.9050"",""190.00""],[""0.9070"",""77.70""],[""0.9080"",""105.82""]]"
2026-05-16T13:36:51.743Z,KXBTC15M-26MAY160945-45,BTC price up in next 15 mins?,KXBTC15M-26MAY160945,2026-05-16T13:45:00Z,active,0.15,0.17,0.83,0.85,0.16,0.15,126106.92,51573.38,278.61,10.0,"[[""0.0740"",""125.00""],[""0.0760"",""125.00""],[""0.0780"",""125.00""],[""0.0800"",""2859.77""],[""0.0830"",""125.00""],[""0.0840"",""10.00""],[""0.0860"",""606.00""],[""0.0870"",""1500.00""],[""0.0890"",""125.00""],[""0.0900"",""278.61""]]","[[""0.8400"",""141.19""],[""0.8500"",""926.17""],[""0.8600"",""680.16""],[""0.8700"",""1358.14""],[""0.8800"",""2691.07""],[""0.8900"",""1112.06""],[""0.9000"",""32.00""],[""0.9020"",""1400.00""],[""0.9030"",""580.00""],[""0.9050"",""10.00""]]"
2026-05-16T13:36:53.757Z,KXBTC15M-26MAY160945-45,BTC price up in next 15 mins?,KXBTC15M-26MAY160945,2026-05-16T13:45:00Z,active,0.15,0.17,0.83,0.85,0.16,0.15,126106.92,51573.38,200.31,75.0,"[[""0.0740"",""125.00""],[""0.0760"",""125.00""],[""0.0780"",""125.00""],[""0.0800"",""2859.77""],[""0.0830"",""125.00""],[""0.0840"",""1500.00""],[""0.0860"",""125.00""],[""0.0870"",""390.00""],[""0.0890"",""244.00""],[""0.0900"",""200.31""]]","[[""0.8400"",""126.19""],[""0.8500"",""750.17""],[""0.8600"",""1930.16""],[""0.8700"",""209.14""],[""0.8800"",""3089.07""],[""0.8900"",""712.06""],[""0.9000"",""55.00""],[""0.9020"",""1400.00""],[""0.9030"",""413.31""],[""0.9070"",""75.00""]]"
2026-05-16T13:36:55.755Z,KXBTC15M-26MAY160945-45,BTC price up in next 15 mins?,KXBTC15M-26MAY160945,2026-05-16T13:45:00Z,active,0.15,0.17,0.83,0.85,0.16,0.15,126106.92,51573.38,356.0,75.0,"[[""0.0720"",""125.00""],[""0.0740"",""125.00""],[""0.0760"",""125.00""],[""0.0780"",""125.00""],[""0.0800"",""2859.77""],[""0.0830"",""1625.00""],[""0.0840"",""410.00""],[""0.0860"",""125.00""],[""0.0870"",""18.00""],[""0.0890"",""356.00""]]","[[""0.8500"",""750.17""],[""0.8600"",""1930.16""],[""0.8700"",""209.14""],[""0.8800"",""3089.07""],[""0.8900"",""712.06""],[""0.9000"",""167.00""],[""0.9020"",""1413.00""],[""0.9030"",""233.31""],[""0.9040"",""180.00""],[""0.9050"",""75.00""]]"
2026-05-16T13:36:57.772Z,KXBTC15M-26MAY160945-45,BTC price up in next 15 mins?,KXBTC15M-26MAY160945,2026-05-16T13:45:00Z,active,0.15,0.17,0.83,0.85,0.16,0.15,126106.92,51573.38,75.0,210.92,"[[""0.0780"",""125.00""],[""0.0800"",""2859.77""],[""0.0810"",""101.00""],[""0.0830"",""125.00""],[""0.0840"",""1500.00""],[""0.0850"",""400.00""],[""0.0860"",""125.00""],[""0.0870"",""26.00""],[""0.0880"",""180.00""],[""0.0890"",""75.00""]]","[[""0.8400"",""126.19""],[""0.8500"",""825.17""],[""0.8600"",""1930.16""],[""0.8700"",""108.14""],[""0.8800"",""3089.07""],[""0.8900"",""813.06""],[""0.9000"",""167.00""],[""0.9020"",""1400.00""],[""0.9030"",""246.31""],[""0.9050"",""210.92""]]"
2026-05-16T13:36:59.747Z,KXBTC15M-26MAY160945-45,BTC price up in next 15 mins?,KXBTC15M-26MAY160945,2026-05-16T13:45:00Z,active,0.15,0.17,0.83,0.85,0.16,0.15,126106.92,51573.38,141.39,665.0,"[[""0.0620"",""125.00""],[""0.0640"",""125.00""],[""0.0650"",""10.00""],[""0.0660"",""607.00""],[""0.0680"",""125.00""],[""0.0700"",""202.00""],[""0.0710"",""100.00""],[""0.0720"",""50.00""],[""0.0730"",""19.17""],[""0.0800"",""141.39""]]","[[""0.9040"",""125.00""],[""0.9060"",""125.00""],[""0.9080"",""125.00""],[""0.9100"",""2057.00""],[""0.9110"",""125.00""],[""0.9120"",""1000.00""],[""0.9140"",""226.00""],[""0.9170"",""125.00""],[""0.9180"",""1021.06""],[""0.9190"",""665.00""]]"
2026-05-16T13:37:01.782Z,KXBTC15M-26MAY160945-45,BTC price up in next 15 mins?,KXBTC15M-26MAY160945,2026-05-16T13:45:00Z,active,0.15,0.17,0.83,0.85,0.16,0.15,126106.92,51573.38,10232.0,117.54,"[[""0.0560"",""125.00""],[""0.0580"",""125.00""],[""0.0600"",""1187.00""],[""0.0620"",""125.00""],[""0.0640"",""125.00""],[""0.0650"",""10.00""],[""0.0660"",""126.00""],[""0.0700"",""101.00""],[""0.0710"",""201.00""],[""0.0800"",""10232.00""]]","[[""0.9080"",""125.00""],[""0.9100"",""3091.07""],[""0.9110"",""125.00""],[""0.9120"",""1000.00""],[""0.9140"",""291.00""],[""0.9150"",""2.00""],[""0.9160"",""600.00""],[""0.9170"",""325.00""],[""0.9180"",""61.00""],[""0.9190"",""117.54""]]"
2026-05-16T13:37:03.783Z,KXBTC15M-26MAY160945-45,BTC price up in next 15 mins?,KXBTC15M-26MAY160945,2026-05-16T13:45:00Z,active,0.15,0.17,0.83,0.85,0.16,0.15,126106.92,51573.38,9437.89,182.0,"[[""0.0580"",""125.00""],[""0.0600"",""1842.00""],[""0.0620"",""125.00""],[""0.0640"",""125.00""],[""0.0650"",""10.00""],[""0.0660"",""149.00""],[""0.0680"",""101.00""],[""0.0700"",""1144.00""],[""0.0710"",""100.00""],[""0.0800"",""9437.89""]]","[[""0.9080"",""125.00""],[""0.9100"",""26.00""],[""0.9110"",""125.00""],[""0.9120"",""1000.00""],[""0.9130"",""400.00""],[""0.9140"",""691.00""],[""0.9150"",""200.00""],[""0.9170"",""125.00""],[""0.9180"",""10.00""],[""0.9190"",""182.00""]]"
2026-05-16T13:37:05.762Z,KXBTC15M-26MAY160945-45,BTC price up in next 15 mins?,KXBTC15M-26MAY160945,2026-05-16T13:45:00Z,active,0.08,0.081,0.919,0.92,0.0805,0.08,140404.10,52197.79,6931.35,1401.4,"[[""0.0500"",""1318.00""],[""0.0520"",""125.00""],[""0.0540"",""125.00""],[""0.0550"",""1.00""],[""0.0600"",""187.00""],[""0.0660"",""1.00""],[""0.0690"",""26.00""],[""0.0700"",""144.00""],[""0.0710"",""100.00""],[""0.0800"",""6931.35""]]","[[""0.9040"",""125.00""],[""0.9060"",""125.00""],[""0.9080"",""127.00""],[""0.9100"",""2692.07""],[""0.9110"",""125.00""],[""0.9120"",""1000.00""],[""0.9140"",""125.00""],[""0.9160"",""8.00""],[""0.9170"",""125.00""],[""0.9190"",""1401.40""]]"
2026-05-16T13:37:07.759Z,KXBTC15M-26MAY160945-45,BTC price up in next 15 mins?,KXBTC15M-26MAY160945,2026-05-16T13:45:00Z,active,0.08,0.081,0.919,0.92,0.0805,0.08,140404.10,52197.79,74.0,213.52,"[[""0.0540"",""125.00""],[""0.0550"",""1.00""],[""0.0600"",""172.00""],[""0.0610"",""22.95""],[""0.0650"",""10.00""],[""0.0660"",""1.00""],[""0.0690"",""24.00""],[""0.0700"",""138.00""],[""0.0710"",""76.00""],[""0.0720"",""74.00""]]","[[""0.9140"",""125.00""],[""0.9170"",""125.00""],[""0.9180"",""10.00""],[""0.9200"",""125.00""],[""0.9210"",""24.00""],[""0.9220"",""1527.00""],[""0.9230"",""419.00""],[""0.9240"",""125.00""],[""0.9260"",""125.00""],[""0.9270"",""213.52""]]"
2026-05-16T13:37:09.746Z,KXBTC15M-26MAY160945-45,BTC price up in next 15 mins?,KXBTC15M-26MAY160945,2026-05-16T13:45:00Z,active,0.08,0.081,0.919,0.92,0.0805,0.08,140404.10,52197.79,1.0,1009.89,"[[""0.0460"",""125.00""],[""0.0480"",""125.00""],[""0.0500"",""1308.00""],[""0.0520"",""125.00""],[""0.0540"",""125.00""],[""0.0550"",""401.00""],[""0.0590"",""10.00""],[""0.0600"",""172.00""],[""0.0620"",""26.00""],[""0.0660"",""1.00""]]","[[""0.9200"",""1686.00""],[""0.9210"",""49.00""],[""0.9220"",""1125.00""],[""0.9230"",""2.00""],[""0.9240"",""135.00""],[""0.9260"",""125.00""],[""0.9300"",""186.24""],[""0.9310"",""16.00""],[""0.9320"",""125.00""],[""0.9330"",""1009.89""]]"
2026-05-16T13:37:11.744Z,KXBTC15M-26MAY160945-45,BTC price up in next 15 mins?,KXBTC15M-26MAY160945,2026-05-16T13:45:00Z,active,0.08,0.081,0.919,0.92,0.0805,0.08,140404.10,52197.79,193.0,1110.85,"[[""0.0440"",""126.00""],[""0.0460"",""125.00""],[""0.0480"",""125.00""],[""0.0500"",""308.00""],[""0.0520"",""525.00""],[""0.0540"",""125.00""],[""0.0550"",""22.34""],[""0.0560"",""10.00""],[""0.0570"",""125.00""],[""0.0600"",""193.00""]]","[[""0.9210"",""125.00""],[""0.9220"",""125.00""],[""0.9240"",""125.00""],[""0.9260"",""125.00""],[""0.9270"",""10.00""],[""0.9280"",""2.00""],[""0.9300"",""1726.24""],[""0.9310"",""400.00""],[""0.9320"",""1600.00""],[""0.9340"",""1110.85""]]"
2026-05-16T13:37:13.755Z,KXBTC15M-26MAY160945-45,BTC price up in next 15 mins?,KXBTC15M-26MAY160945,2026-05-16T13:45:00Z,active,0.08,0.081,0.919,0.92,0.0805,0.08,140404.10,52197.79,189.89,1339.24,"[[""0.0460"",""125.00""],[""0.0480"",""125.00""],[""0.0500"",""308.00""],[""0.0520"",""125.00""],[""0.0540"",""125.00""],[""0.0550"",""1.00""],[""0.0560"",""400.00""],[""0.0570"",""226.00""],[""0.0590"",""10.00""],[""0.0600"",""189.89""]]","[[""0.9200"",""1147.00""],[""0.9210"",""125.00""],[""0.9220"",""125.00""],[""0.9240"",""135.00""],[""0.9250"",""8.00""],[""0.9260"",""125.00""],[""0.9270"",""2.00""],[""0.9300"",""1726.24""],[""0.9320"",""1016.00""],[""0.9350"",""1339.24""]]"
2026-05-16T13:37:15.754Z,KXBTC15M-26MAY160945-45,BTC price up in next 15 mins?,KXBTC15M-26MAY160945,2026-05-16T13:45:00Z,active,0.08,0.081,0.919,0.92,0.0805,0.08,140404.10,52197.79,117.3,108.01,"[[""0.0460"",""125.00""],[""0.0480"",""125.00""],[""0.0500"",""1308.00""],[""0.0520"",""125.00""],[""0.0530"",""400.00""],[""0.0540"",""125.00""],[""0.0550"",""1.00""],[""0.0570"",""125.00""],[""0.0590"",""10.00""],[""0.0600"",""117.30""]]","[[""0.9200"",""1311.00""],[""0.9210"",""125.00""],[""0.9220"",""125.00""],[""0.9240"",""135.00""],[""0.9260"",""133.00""],[""0.9270"",""2.00""],[""0.9300"",""1750.24""],[""0.9320"",""1021.00""],[""0.9350"",""1280.74""],[""0.9360"",""108.01""]]"
2026-05-16T13:37:17.758Z,KXBTC15M-26MAY160945-45,BTC price up in next 15 mins?,KXBTC15M-26MAY160945,2026-05-16T13:45:00Z,active,0.08,0.081,0.919,0.92,0.0805,0.08,140404.10,52197.79,136.0,149.14,"[[""0.0380"",""125.00""],[""0.0390"",""380.00""],[""0.0400"",""1604.00""],[""0.0410"",""50.00""],[""0.0420"",""125.00""],[""0.0440"",""126.00""],[""0.0460"",""125.00""],[""0.0490"",""10.00""],[""0.0500"",""181.00""],[""0.0560"",""136.00""]]","[[""0.9240"",""125.00""],[""0.9260"",""125.00""],[""0.9300"",""1756.24""],[""0.9310"",""202.00""],[""0.9320"",""1000.00""],[""0.9340"",""135.00""],[""0.9360"",""140.00""],[""0.9370"",""400.00""],[""0.9380"",""125.00""],[""0.9400"",""149.14""]]"
2026-05-16T13:37:19.784Z,KXBTC15M-26MAY160945-45,BTC price up in next 15 mins?,KXBTC15M-26MAY160945,2026-05-16T13:45:00Z,active,0.08,0.081,0.919,0.92,0.0805,0.08,140404.10,52197.79,12.22,117.24,"[[""0.0380"",""125.00""],[""0.0400"",""2144.00""],[""0.0410"",""630.00""],[""0.0420"",""125.00""],[""0.0440"",""126.00""],[""0.0460"",""125.00""],[""0.0500"",""1337.00""],[""0.0520"",""135.00""],[""0.0530"",""22.14""],[""0.0610"",""12.22""]]","[[""0.9200"",""3051.00""],[""0.9210"",""125.00""],[""0.9220"",""125.00""],[""0.9240"",""125.00""],[""0.9260"",""133.00""],[""0.9270"",""2.00""],[""0.9300"",""216.24""],[""0.9320"",""1400.00""],[""0.9330"",""780.00""],[""0.9340"",""117.24""]]"
2026-05-16T13:37:21.761Z,KXBTC15M-26MAY160945-45,BTC price up in next 15 mins?,KXBTC15M-26MAY160945,2026-05-16T13:45:00Z,active,0.08,0.081,0.919,0.92,0.0805,0.08,140404.10,52197.79,226.0,33.86,"[[""0.0550"",""125.00""],[""0.0590"",""125.00""],[""0.0600"",""81000.00""],[""0.0610"",""152.00""],[""0.0630"",""14.00""],[""0.0640"",""125.00""],[""0.0680"",""525.00""],[""0.0690"",""101.00""],[""0.0730"",""75.00""],[""0.0770"",""226.00""]]","[[""0.9080"",""125.00""],[""0.9100"",""1690.00""],[""0.9110"",""125.00""],[""0.9120"",""1017.00""],[""0.9140"",""125.00""],[""0.9170"",""125.00""],[""0.9190"",""8.00""],[""0.9200"",""346.00""],[""0.9210"",""125.00""],[""0.9220"",""33.86""]]"
2026-05-16T13:37:23.759Z,KXBTC15M-26MAY160945-45,BTC price up in next 15 mins?,KXBTC15M-26MAY160945,2026-05-16T13:45:00Z,active,0.08,0.081,0.919,0.92,0.0805,0.08,140404.10,52197.79,122.74,75.0,"[[""0.0620"",""1000.00""],[""0.0640"",""125.00""],[""0.0680"",""125.00""],[""0.0700"",""2540.00""],[""0.0710"",""2575.00""],[""0.0720"",""2.00""],[""0.0740"",""125.00""],[""0.0750"",""32.04""],[""0.0850"",""74.00""],[""0.0860"",""122.74""]]","[[""0.8800"",""175.00""],[""0.8900"",""1368.00""],[""0.9000"",""1667.00""],[""0.9020"",""1000.00""],[""0.9040"",""125.00""],[""0.9060"",""125.00""],[""0.9070"",""10.00""],[""0.9080"",""525.00""],[""0.9110"",""133.00""],[""0.9130"",""75.00""]]"
2026-05-16T13:37:25.760Z,KXBTC15M-26MAY160945-45,BTC price up in next 15 mins?,KXBTC15M-26MAY160945,2026-05-16T13:45:00Z,active,0.08,0.081,0.919,0.92,0.0805,0.08,140404.10,52197.79,285.74,10.0,"[[""0.0640"",""125.00""],[""0.0680"",""125.00""],[""0.0700"",""2540.00""],[""0.0710"",""1775.00""],[""0.0740"",""125.00""],[""0.0750"",""2.00""],[""0.0770"",""125.00""],[""0.0800"",""126.00""],[""0.0810"",""10.00""],[""0.0860"",""285.74""]]","[[""0.8600"",""188.16""],[""0.8700"",""106.14""],[""0.8800"",""190.00""],[""0.8900"",""1200.00""],[""0.9000"",""1827.00""],[""0.9020"",""1000.00""],[""0.9040"",""125.00""],[""0.9060"",""525.00""],[""0.9080"",""125.00""],[""0.9100"",""10.00""]]"
2026-05-16T13:37:42.345Z,KXBTC15M-26MAY160945-45,BTC price up in next 15 mins?,KXBTC15M-26MAY160945,2026-05-16T13:45:00Z,active,0.087,0.096,0.904,0.913,0.0915,0.087,166472.41,57188.05,170.45,251.78,"[[""0.0740"",""125.00""],[""0.0760"",""127.00""],[""0.0770"",""10.00""],[""0.0780"",""1375.00""],[""0.0790"",""400.00""],[""0.0810"",""22.00""],[""0.0820"",""500.00""],[""0.0830"",""138.26""],[""0.0860"",""54.96""],[""0.0870"",""170.45""]]","[[""0.8600"",""983.16""],[""0.8700"",""1740.14""],[""0.8800"",""199.00""],[""0.8900"",""1150.00""],[""0.9000"",""1832.00""],[""0.9020"",""1010.00""],[""0.9030"",""125.00""],[""0.9060"",""125.00""],[""0.9080"",""760.00""],[""0.9090"",""251.78""]]"
2026-05-16T13:37:44.336Z,KXBTC15M-26MAY160945-45,BTC price up in next 15 mins?,KXBTC15M-26MAY160945,2026-05-16T13:45:00Z,active,0.087,0.096,0.904,0.913,0.0915,0.087,166472.41,57188.05,180.0,575.0,"[[""0.0780"",""127.00""],[""0.0790"",""1250.00""],[""0.0800"",""1010.00""],[""0.0810"",""533.00""],[""0.0820"",""500.00""],[""0.0830"",""200.00""],[""0.0840"",""125.00""],[""0.0880"",""22.00""],[""0.0900"",""94.04""],[""0.0910"",""180.00""]]","[[""0.8400"",""750.19""],[""0.8500"",""501.17""],[""0.8600"",""984.16""],[""0.8700"",""1740.14""],[""0.8800"",""1199.00""],[""0.8900"",""1705.00""],[""0.9000"",""277.00""],[""0.9020"",""1018.00""],[""0.9030"",""135.00""],[""0.9040"",""575.00""]]"
2026-05-16T13:37:46.351Z,KXBTC15M-26MAY160945-45,BTC price up in next 15 mins?,KXBTC15M-26MAY160945,2026-05-16T13:45:00Z,active,0.087,0.096,0.904,0.913,0.0915,0.087,166472.41,57188.05,117.64,1955.0,"[[""0.0780"",""127.00""],[""0.0790"",""1250.00""],[""0.0800"",""1400.00""],[""0.0810"",""125.00""],[""0.0820"",""500.00""],[""0.0830"",""200.00""],[""0.0840"",""125.00""],[""0.0890"",""22.00""],[""0.0900"",""50.00""],[""0.0910"",""117.64""]]","[[""0.8400"",""750.19""],[""0.8500"",""501.17""],[""0.8600"",""984.16""],[""0.8700"",""1739.00""],[""0.8800"",""199.00""],[""0.8900"",""2705.00""],[""0.9000"",""277.00""],[""0.9020"",""1018.00""],[""0.9030"",""135.00""],[""0.9040"",""1955.00""]]"
2026-05-16T13:37:48.338Z,KXBTC15M-26MAY160945-45,BTC price up in next 15 mins?,KXBTC15M-26MAY160945,2026-05-16T13:45:00Z,active,0.087,0.096,0.904,0.913,0.0915,0.087,166472.41,57188.05,180.0,51.91,"[[""0.0700"",""1689.00""],[""0.0740"",""125.00""],[""0.0760"",""125.00""],[""0.0780"",""1377.00""],[""0.0800"",""1400.00""],[""0.0810"",""525.00""],[""0.0840"",""135.00""],[""0.0900"",""72.00""],[""0.0910"",""29.05""],[""0.0920"",""180.00""]]","[[""0.8500"",""511.17""],[""0.8600"",""984.16""],[""0.8700"",""1739.00""],[""0.8800"",""199.00""],[""0.8900"",""2705.00""],[""0.9000"",""303.00""],[""0.9020"",""1000.00""],[""0.9030"",""125.00""],[""0.9060"",""1420.00""],[""0.9070"",""51.91""]]"
2026-05-16T13:37:50.337Z,KXBTC15M-26MAY160945-45,BTC price up in next 15 mins?,KXBTC15M-26MAY160945,2026-05-16T13:45:00Z,active,0.087,0.096,0.904,0.913,0.0915,0.087,166472.41,57188.05,180.0,2863.0,"[[""0.0760"",""125.00""],[""0.0770"",""1250.00""],[""0.0780"",""127.00""],[""0.0800"",""1400.00""],[""0.0810"",""535.00""],[""0.0840"",""125.00""],[""0.0880"",""21.00""],[""0.0900"",""50.00""],[""0.0910"",""29.05""],[""0.0920"",""180.00""]]","[[""0.8400"",""2000.19""],[""0.8500"",""501.17""],[""0.8600"",""984.16""],[""0.8700"",""1739.00""],[""0.8800"",""1199.00""],[""0.8900"",""1705.00""],[""0.9000"",""287.00""],[""0.9020"",""1000.00""],[""0.9030"",""107.42""],[""0.9040"",""2863.00""]]"
2026-05-16T13:37:52.338Z,KXBTC15M-26MAY160945-45,BTC price up in next 15 mins?,KXBTC15M-26MAY160945,2026-05-16T13:45:00Z,active,0.087,0.096,0.904,0.913,0.0915,0.087,166472.41,57188.05,610.28,90.95,"[[""0.0640"",""125.00""],[""0.0650"",""800.00""],[""0.0680"",""125.00""],[""0.0700"",""2689.00""],[""0.0740"",""125.00""],[""0.0750"",""1250.00""],[""0.0760"",""127.00""],[""0.0780"",""533.00""],[""0.0810"",""145.00""],[""0.0820"",""610.28""]]","[[""0.8700"",""1360.14""],[""0.8800"",""779.00""],[""0.8900"",""1165.00""],[""0.9000"",""1827.00""],[""0.9030"",""89.42""],[""0.9060"",""19.00""],[""0.9080"",""10.00""],[""0.9120"",""1000.00""],[""0.9130"",""30.65""],[""0.9170"",""90.95""]]"
2026-05-16T13:37:54.345Z,KXBTC15M-26MAY160945-45,BTC price up in next 15 mins?,KXBTC15M-26MAY160945,2026-05-16T13:45:00Z,active,0.087,0.096,0.904,0.913,0.0915,0.087,166472.41,57188.05,114.75,3460.0,"[[""0.0740"",""125.00""],[""0.0760"",""125.00""],[""0.0770"",""2.00""],[""0.0780"",""125.00""],[""0.0800"",""1400.00""],[""0.0810"",""525.00""],[""0.0830"",""10.00""],[""0.0840"",""125.00""],[""0.0870"",""14.99""],[""0.0910"",""114.75""]]","[[""0.8300"",""173.20""],[""0.8400"",""2000.19""],[""0.8500"",""501.17""],[""0.8600"",""584.16""],[""0.8700"",""1359.00""],[""0.8800"",""1979.00""],[""0.8900"",""1740.00""],[""0.9000"",""302.00""],[""0.9020"",""640.52""],[""0.9030"",""3460.00""]]"
2026-05-16T13:37:56.331Z,KXBTC15M-26MAY160945-45,BTC price up in next 15 mins?,KXBTC15M-26MAY160945,2026-05-16T13:45:00Z,active,0.087,0.096,0.904,0.913,0.0915,0.087,166472.41,57188.05,169.39,1153.0,"[[""0.0520"",""125.00""],[""0.0550"",""125.00""],[""0.0590"",""125.00""],[""0.0600"",""400.00""],[""0.0610"",""160.00""],[""0.0640"",""125.00""],[""0.0660"",""8.00""],[""0.0680"",""226.00""],[""0.0700"",""125.00""],[""0.0710"",""169.39""]]","[[""0.9000"",""127.00""],[""0.9030"",""125.00""],[""0.9060"",""125.00""],[""0.9090"",""325.00""],[""0.9100"",""2890.00""],[""0.9130"",""125.00""],[""0.9160"",""125.00""],[""0.9200"",""4.00""],[""0.9220"",""972.00""],[""0.9230"",""1153.00""]]"
2026-05-16T13:37:58.359Z,KXBTC15M-26MAY160945-45,BTC price up in next 15 mins?,KXBTC15M-26MAY160945,2026-05-16T13:45:00Z,active,0.087,0.096,0.904,0.913,0.0915,0.087,166472.41,57188.05,58.14,23.0,"[[""0.0520"",""125.00""],[""0.0550"",""125.00""],[""0.0590"",""125.00""],[""0.0600"",""400.00""],[""0.0610"",""360.00""],[""0.0640"",""148.00""],[""0.0670"",""8.00""],[""0.0680"",""125.00""],[""0.0700"",""125.00""],[""0.0710"",""58.14""]]","[[""0.9090"",""125.00""],[""0.9100"",""1350.00""],[""0.9120"",""180.00""],[""0.9130"",""125.00""],[""0.9160"",""125.00""],[""0.9200"",""1542.00""],[""0.9210"",""2.00""],[""0.9220"",""972.00""],[""0.9230"",""3290.00""],[""0.9280"",""23.00""]]"
2026-05-16T13:38:00.348Z,KXBTC15M-26MAY160945-45,BTC price up in next 15 mins?,KXBTC15M-26MAY160945,2026-05-16T13:45:00Z,active,0.087,0.096,0.904,0.913,0.0915,0.087,166472.41,57188.05,380.0,2360.0,"[[""0.0500"",""1464.00""],[""0.0520"",""125.00""],[""0.0550"",""125.00""],[""0.0560"",""2.00""],[""0.0570"",""400.00""],[""0.0590"",""125.00""],[""0.0610"",""160.00""],[""0.0640"",""125.00""],[""0.0680"",""247.00""],[""0.0690"",""380.00""]]","[[""0.9100"",""2690.00""],[""0.9130"",""325.00""],[""0.9150"",""180.00""],[""0.9160"",""125.00""],[""0.9180"",""32.00""],[""0.9200"",""36.00""],[""0.9220"",""880.64""],[""0.9240"",""9.00""],[""0.9250"",""18.00""],[""0.9260"",""2360.00""]]"
2026-05-16T13:38:02.347Z,KXBTC15M-26MAY160945-45,BTC price up in next 15 mins?,KXBTC15M-26MAY160945,2026-05-16T13:45:00Z,active,0.087,0.096,0.904,0.913,0.0915,0.087,166472.41,57188.05,93.0,2902.0,"[[""0.0570"",""400.00""],[""0.0590"",""125.00""],[""0.0600"",""1.00""],[""0.0610"",""160.00""],[""0.0640"",""125.00""],[""0.0670"",""26.00""],[""0.0680"",""226.00""],[""0.0690"",""200.00""],[""0.0710"",""180.00""],[""0.0720"",""93.00""]]","[[""0.9100"",""2690.00""],[""0.9130"",""125.00""],[""0.9160"",""125.00""],[""0.9180"",""32.00""],[""0.9190"",""325.00""],[""0.9200"",""407.00""],[""0.9220"",""880.64""],[""0.9230"",""10.00""],[""0.9240"",""9.00""],[""0.9250"",""2902.00""]]"
2026-05-16T13:38:04.351Z,KXBTC15M-26MAY160945-45,BTC price up in next 15 mins?,KXBTC15M-26MAY160945,2026-05-16T13:45:00Z,active,0.087,0.096,0.904,0.913,0.0915,0.087,166472.41,57188.05,75.0,28.0,"[[""0.0590"",""125.00""],[""0.0600"",""1003.00""],[""0.0610"",""150.00""],[""0.0630"",""10.00""],[""0.0640"",""525.00""],[""0.0650"",""200.00""],[""0.0660"",""24.00""],[""0.0680"",""44.70""],[""0.0730"",""280.00""],[""0.0740"",""75.00""]]","[[""0.9150"",""180.00""],[""0.9160"",""125.00""],[""0.9180"",""32.00""],[""0.9190"",""125.00""],[""0.9200"",""27.00""],[""0.9210"",""10.00""],[""0.9220"",""880.64""],[""0.9230"",""33.83""],[""0.9240"",""9.00""],[""0.9250"",""28.00""]]"
2026-05-16T13:38:06.352Z,KXBTC15M-26MAY160945-45,BTC price up in next 15 mins?,KXBTC15M-26MAY160945,2026-05-16T13:45:00Z,active,0.074,0.075,0.925,0.926,0.0745,0.072,175765.51,60913.63,100.0,760.0,"[[""0.0590"",""125.00""],[""0.0600"",""1001.00""],[""0.0610"",""150.00""],[""0.0620"",""2.00""],[""0.0630"",""10.00""],[""0.0640"",""125.00""],[""0.0650"",""400.00""],[""0.0680"",""244.70""],[""0.0730"",""206.00""],[""0.0740"",""100.00""]]","[[""0.9100"",""1690.00""],[""0.9120"",""19.00""],[""0.9130"",""125.00""],[""0.9160"",""125.00""],[""0.9170"",""200.00""],[""0.9180"",""422.00""],[""0.9200"",""27.00""],[""0.9220"",""880.64""],[""0.9240"",""9.00""],[""0.9250"",""760.00""]]"
2026-05-16T13:38:08.344Z,KXBTC15M-26MAY160945-45,BTC price up in next 15 mins?,KXBTC15M-26MAY160945,2026-05-16T13:45:00Z,active,0.074,0.075,0.925,0.926,0.0745,0.072,175765.51,60913.63,77.34,100.0,"[[""0.0420"",""125.00""],[""0.0440"",""126.00""],[""0.0460"",""125.00""],[""0.0500"",""464.00""],[""0.0520"",""125.00""],[""0.0550"",""125.00""],[""0.0590"",""125.00""],[""0.0600"",""2565.00""],[""0.0610"",""150.00""],[""0.0640"",""77.34""]]","[[""0.9060"",""125.00""],[""0.9080"",""16.00""],[""0.9090"",""125.00""],[""0.9100"",""1540.00""],[""0.9120"",""1400.00""],[""0.9130"",""525.00""],[""0.9150"",""10.00""],[""0.9160"",""305.00""],[""0.9180"",""32.00""],[""0.9200"",""100.00""]]"
2026-05-16T13:38:10.348Z,KXBTC15M-26MAY160945-45,BTC price up in next 15 mins?,KXBTC15M-26MAY160945,2026-05-16T13:45:00Z,active,0.074,0.075,0.925,0.926,0.0745,0.072,175765.51,60913.63,250.41,139.9,"[[""0.0520"",""125.00""],[""0.0550"",""125.00""],[""0.0590"",""125.00""],[""0.0600"",""2565.00""],[""0.0610"",""150.00""],[""0.0620"",""2.00""],[""0.0640"",""85.34""],[""0.0710"",""22.00""],[""0.0740"",""180.00""],[""0.0760"",""250.41""]]","[[""0.9110"",""981.00""],[""0.9120"",""1000.00""],[""0.9130"",""125.00""],[""0.9160"",""125.00""],[""0.9170"",""200.00""],[""0.9180"",""412.00""],[""0.9190"",""535.00""],[""0.9200"",""156.11""],[""0.9210"",""19.00""],[""0.9220"",""139.90""]]"
2026-05-16T13:38:12.392Z,KXBTC15M-26MAY160945-45,BTC price up in next 15 mins?,KXBTC15M-26MAY160945,2026-05-16T13:45:00Z,active,0.074,0.075,0.925,0.926,0.0745,0.072,175765.51,60913.63,191.69,100.0,"[[""0.0520"",""125.00""],[""0.0550"",""125.00""],[""0.0590"",""125.00""],[""0.0600"",""2564.00""],[""0.0610"",""550.00""],[""0.0620"",""2.00""],[""0.0640"",""85.34""],[""0.0700"",""21.00""],[""0.0750"",""180.00""],[""0.0760"",""191.69""]]","[[""0.9120"",""1000.00""],[""0.9130"",""125.00""],[""0.9160"",""325.00""],[""0.9170"",""380.00""],[""0.9180"",""32.00""],[""0.9190"",""135.00""],[""0.9200"",""146.00""],[""0.9210"",""400.00""],[""0.9220"",""62.97""],[""0.9230"",""100.00""]]"
2026-05-16T13:38:14.342Z,KXBTC15M-26MAY160945-45,BTC price up in next 15 mins?,KXBTC15M-26MAY160945,2026-05-16T13:45:00Z,active,0.074,0.075,0.925,0.926,0.0745,0.072,175765.51,60913.63,152.14,720.0,"[[""0.0590"",""125.00""],[""0.0600"",""2564.00""],[""0.0610"",""150.00""],[""0.0620"",""2.00""],[""0.0640"",""485.34""],[""0.0650"",""200.00""],[""0.0670"",""101.00""],[""0.0730"",""21.00""],[""0.0750"",""180.00""],[""0.0760"",""152.14""]]","[[""0.9120"",""1000.00""],[""0.9130"",""180.00""],[""0.9160"",""125.00""],[""0.9170"",""200.00""],[""0.9180"",""430.00""],[""0.9190"",""135.00""],[""0.9200"",""2.00""],[""0.9210"",""9.00""],[""0.9220"",""75.00""],[""0.9230"",""720.00""]]"
2026-05-16T13:38:16.331Z,KXBTC15M-26MAY160945-45,BTC price up in next 15 mins?,KXBTC15M-26MAY160945,2026-05-16T13:45:00Z,active,0.074,0.075,0.925,0.926,0.0745,0.072,175765.51,60913.63,150.14,75.0,"[[""0.0520"",""125.00""],[""0.0550"",""125.00""],[""0.0590"",""125.00""],[""0.0600"",""2564.00""],[""0.0610"",""152.00""],[""0.0640"",""485.34""],[""0.0650"",""200.00""],[""0.0670"",""101.00""],[""0.0740"",""200.00""],[""0.0760"",""150.14""]]","[[""0.9090"",""125.00""],[""0.9100"",""1543.00""],[""0.9110"",""981.00""],[""0.9120"",""1400.00""],[""0.9130"",""525.00""],[""0.9140"",""55.00""],[""0.9160"",""125.00""],[""0.9180"",""48.00""],[""0.9190"",""314.94""],[""0.9230"",""75.00""]]"
2026-05-16T13:38:18.335Z,KXBTC15M-26MAY160945-45,BTC price up in next 15 mins?,KXBTC15M-26MAY160945,2026-05-16T13:45:00Z,active,0.074,0.075,0.925,0.926,0.0745,0.072,175765.51,60913.63,271.0,130.29,"[[""0.0590"",""125.00""],[""0.0600"",""1024.00""],[""0.0610"",""150.00""],[""0.0620"",""2.00""],[""0.0640"",""485.34""],[""0.0650"",""200.00""],[""0.0670"",""101.00""],[""0.0740"",""24.00""],[""0.0760"",""48.14""],[""0.0770"",""271.00""]]","[[""0.9030"",""125.00""],[""0.9060"",""125.00""],[""0.9090"",""125.00""],[""0.9100"",""1690.00""],[""0.9110"",""981.00""],[""0.9120"",""1200.00""],[""0.9130"",""180.00""],[""0.9160"",""141.00""],[""0.9180"",""32.00""],[""0.9190"",""130.29""]]"
2026-05-16T13:38:20.346Z,KXBTC15M-26MAY160945-45,BTC price up in next 15 mins?,KXBTC15M-26MAY160945,2026-05-16T13:45:00Z,active,0.074,0.075,0.925,0.926,0.0745,0.072,175765.51,60913.63,72.0,180.0,"[[""0.0610"",""552.00""],[""0.0640"",""75.34""],[""0.0670"",""101.00""],[""0.0680"",""125.00""],[""0.0690"",""10.00""],[""0.0700"",""125.00""],[""0.0720"",""125.00""],[""0.0730"",""180.00""],[""0.0760"",""68.14""],[""0.0770"",""72.00""]]","[[""0.9060"",""125.00""],[""0.9090"",""125.00""],[""0.9100"",""1690.00""],[""0.9110"",""981.00""],[""0.9120"",""1400.00""],[""0.9130"",""535.00""],[""0.9140"",""55.00""],[""0.9160"",""19.71""],[""0.9170"",""16.00""],[""0.9180"",""180.00""]]"
2026-05-16T13:38:22.335Z,KXBTC15M-26MAY160945-45,BTC price up in next 15 mins?,KXBTC15M-26MAY160945,2026-05-16T13:45:00Z,active,0.074,0.075,0.925,0.926,0.0745,0.072,175765.51,60913.63,146.14,82.98,"[[""0.0610"",""150.00""],[""0.0620"",""400.00""],[""0.0640"",""275.34""],[""0.0650"",""101.00""],[""0.0680"",""125.00""],[""0.0700"",""127.00""],[""0.0710"",""180.00""],[""0.0720"",""135.00""],[""0.0730"",""20.00""],[""0.0760"",""146.14""]]","[[""0.9000"",""1125.00""],[""0.9030"",""125.00""],[""0.9060"",""125.00""],[""0.9090"",""125.00""],[""0.9100"",""1701.00""],[""0.9110"",""981.00""],[""0.9120"",""1400.00""],[""0.9130"",""525.00""],[""0.9160"",""73.71""],[""0.9170"",""82.98""]]"
2026-05-16T13:38:24.345Z,KXBTC15M-26MAY160945-45,BTC price up in next 15 mins?,KXBTC15M-26MAY160945,2026-05-16T13:45:00Z,active,0.074,0.075,0.925,0.926,0.0745,0.072,175765.51,60913.63,132.17,2429.54,"[[""0.0610"",""150.00""],[""0.0620"",""400.00""],[""0.0640"",""75.34""],[""0.0680"",""226.00""],[""0.0690"",""210.00""],[""0.0700"",""127.00""],[""0.0710"",""180.00""],[""0.0720"",""125.00""],[""0.0730"",""21.00""],[""0.0760"",""132.17""]]","[[""0.9100"",""1691.00""],[""0.9110"",""981.00""],[""0.9120"",""1000.00""],[""0.9130"",""135.00""],[""0.9140"",""55.00""],[""0.9160"",""19.71""],[""0.9170"",""19.00""],[""0.9200"",""2.00""],[""0.9210"",""200.00""],[""0.9220"",""2429.54""]]"
2026-05-16T13:38:26.332Z,KXBTC15M-26MAY160945-45,BTC price up in next 15 mins?,KXBTC15M-26MAY160945,2026-05-16T13:45:00Z,active,0.074,0.075,0.925,0.926,0.0745,0.072,175765.51,60913.63,180.0,2440.0,"[[""0.0700"",""1127.00""],[""0.0710"",""400.00""],[""0.0720"",""125.00""],[""0.0740"",""10.00""],[""0.0750"",""125.00""],[""0.0760"",""133.17""],[""0.0780"",""125.00""],[""0.0800"",""21.00""],[""0.0830"",""46.03""],[""0.0840"",""180.00""]]","[[""0.9030"",""125.00""],[""0.9050"",""55.00""],[""0.9060"",""125.00""],[""0.9070"",""210.00""],[""0.9080"",""380.00""],[""0.9090"",""125.00""],[""0.9100"",""153.00""],[""0.9110"",""997.00""],[""0.9120"",""1000.00""],[""0.9130"",""2440.00""]]"
2026-05-16T13:38:28.345Z,KXBTC15M-26MAY160945-45,BTC price up in next 15 mins?,KXBTC15M-26MAY160945,2026-05-16T13:45:00Z,active,0.074,0.075,0.925,0.926,0.0745,0.072,175765.51,60913.63,100.0,1303.0,"[[""0.0680"",""125.00""],[""0.0700"",""1127.00""],[""0.0710"",""410.00""],[""0.0720"",""125.00""],[""0.0740"",""101.00""],[""0.0750"",""125.00""],[""0.0760"",""32.17""],[""0.0780"",""146.20""],[""0.0810"",""23.00""],[""0.0830"",""100.00""]]","[[""0.8800"",""175.00""],[""0.8900"",""150.00""],[""0.9000"",""2815.00""],[""0.9030"",""125.00""],[""0.9060"",""125.00""],[""0.9070"",""55.00""],[""0.9090"",""143.00""],[""0.9100"",""193.00""],[""0.9120"",""1000.00""],[""0.9150"",""1303.00""]]"
2026-05-16T13:38:30.348Z,KXBTC15M-26MAY160945-45,BTC price up in next 15 mins?,KXBTC15M-26MAY160945,2026-05-16T13:45:00Z,active,0.074,0.075,0.925,0.926,0.0745,0.072,175765.51,60913.63,30.0,154.0,"[[""0.0460"",""125.00""],[""0.0470"",""400.00""],[""0.0480"",""2.00""],[""0.0490"",""26.00""],[""0.0500"",""1464.00""],[""0.0520"",""125.00""],[""0.0540"",""10.00""],[""0.0550"",""125.00""],[""0.0590"",""133.00""],[""0.0610"",""30.00""]]","[[""0.9150"",""125.00""],[""0.9190"",""125.00""],[""0.9200"",""2542.00""],[""0.9210"",""125.00""],[""0.9230"",""25.00""],[""0.9250"",""125.00""],[""0.9280"",""297.72""],[""0.9320"",""1010.00""],[""0.9360"",""2175.49""],[""0.9370"",""154.00""]]"
2026-05-16T13:38:32.333Z,KXBTC15M-26MAY160945-45,BTC price up in next 15 mins?,KXBTC15M-26MAY160945,2026-05-16T13:45:00Z,active,0.074,0.075,0.925,0.926,0.0745,0.072,175765.51,60913.63,254.81,1160.0,"[[""0.0410"",""50.00""],[""0.0420"",""125.00""],[""0.0440"",""126.00""],[""0.0460"",""125.00""],[""0.0480"",""402.00""],[""0.0500"",""1844.00""],[""0.0520"",""125.00""],[""0.0540"",""10.00""],[""0.0550"",""125.00""],[""0.0590"",""254.81""]]","[[""0.9120"",""125.00""],[""0.9150"",""125.00""],[""0.9190"",""125.00""],[""0.9200"",""1150.00""],[""0.9210"",""125.00""],[""0.9230"",""25.00""],[""0.9250"",""125.00""],[""0.9300"",""1543.00""],[""0.9320"",""975.74""],[""0.9400"",""1160.00""]]"
2026-05-16T13:38:34.332Z,KXBTC15M-26MAY160945-45,BTC price up in next 15 mins?,KXBTC15M-26MAY160945,2026-05-16T13:45:00Z,active,0.074,0.075,0.925,0.926,0.0745,0.072,175765.51,60913.63,100.0,3020.0,"[[""0.0480"",""2.00""],[""0.0490"",""400.00""],[""0.0500"",""1464.00""],[""0.0520"",""125.00""],[""0.0540"",""390.00""],[""0.0550"",""125.00""],[""0.0560"",""101.00""],[""0.0580"",""8.00""],[""0.0590"",""131.19""],[""0.0600"",""100.00""]]","[[""0.9190"",""125.00""],[""0.9200"",""1150.00""],[""0.9210"",""125.00""],[""0.9230"",""25.00""],[""0.9250"",""125.00""],[""0.9300"",""1567.00""],[""0.9320"",""1375.74""],[""0.9330"",""418.00""],[""0.9340"",""180.00""],[""0.9360"",""3020.00""]]"
2026-05-16T13:38:36.341Z,KXBTC15M-26MAY160945-45,BTC price up in next 15 mins?,KXBTC15M-26MAY160945,2026-05-16T13:45:00Z,active,0.06,0.063,0.937,0.94,0.0615,0.066,183447.32,64903.33,96.01,107.19,"[[""0.0440"",""126.00""],[""0.0460"",""125.00""],[""0.0470"",""2.00""],[""0.0480"",""400.00""],[""0.0500"",""1464.00""],[""0.0510"",""400.00""],[""0.0520"",""125.00""],[""0.0540"",""190.00""],[""0.0550"",""125.00""],[""0.0580"",""96.01""]]","[[""0.9230"",""25.00""],[""0.9250"",""125.00""],[""0.9280"",""125.00""],[""0.9290"",""10.00""],[""0.9300"",""1692.00""],[""0.9320"",""1365.74""],[""0.9330"",""400.00""],[""0.9350"",""106.00""],[""0.9390"",""183.00""],[""0.9410"",""107.19""]]"
2026-05-16T13:38:38.359Z,KXBTC15M-26MAY160945-45,BTC price up in next 15 mins?,KXBTC15M-26MAY160945,2026-05-16T13:45:00Z,active,0.06,0.063,0.937,0.94,0.0615,0.066,183447.32,64903.33,134.0,749.27,"[[""0.0440"",""126.00""],[""0.0460"",""125.00""],[""0.0470"",""2.00""],[""0.0480"",""400.00""],[""0.0500"",""464.00""],[""0.0510"",""200.00""],[""0.0520"",""125.00""],[""0.0540"",""190.00""],[""0.0550"",""125.00""],[""0.0570"",""134.00""]]","[[""0.9210"",""125.00""],[""0.9230"",""25.00""],[""0.9250"",""125.00""],[""0.9280"",""125.00""],[""0.9290"",""10.00""],[""0.9300"",""1692.00""],[""0.9320"",""965.74""],[""0.9350"",""103.00""],[""0.9390"",""423.00""],[""0.9410"",""749.27""]]"
2026-05-16T13:38:40.344Z,KXBTC15M-26MAY160945-45,BTC price up in next 15 mins?,KXBTC15M-26MAY160945,2026-05-16T13:45:00Z,active,0.06,0.063,0.937,0.94,0.0615,0.066,183447.32,64903.33,509.05,1000.0,"[[""0.0410"",""50.00""],[""0.0420"",""125.00""],[""0.0440"",""126.00""],[""0.0460"",""125.00""],[""0.0470"",""2.00""],[""0.0480"",""400.00""],[""0.0500"",""565.00""],[""0.0510"",""210.00""],[""0.0520"",""125.00""],[""0.0540"",""509.05""]]","[[""0.9280"",""125.00""],[""0.9300"",""1692.00""],[""0.9310"",""10.00""],[""0.9340"",""125.00""],[""0.9350"",""85.00""],[""0.9380"",""200.00""],[""0.9390"",""423.00""],[""0.9400"",""1900.00""],[""0.9410"",""75.00""],[""0.9420"",""1000.00""]]"
2026-05-16T13:38:42.346Z,KXBTC15M-26MAY160945-45,BTC price up in next 15 mins?,KXBTC15M-26MAY160945,2026-05-16T13:45:00Z,active,0.06,0.063,0.937,0.94,0.0615,0.066,183447.32,64903.33,175.0,1512.76,"[[""0.0420"",""125.00""],[""0.0440"",""126.00""],[""0.0460"",""127.00""],[""0.0470"",""400.00""],[""0.0490"",""101.00""],[""0.0500"",""464.00""],[""0.0510"",""238.00""],[""0.0520"",""125.00""],[""0.0530"",""180.00""],[""0.0540"",""175.00""]]","[[""0.9280"",""125.00""],[""0.9300"",""1692.00""],[""0.9310"",""10.00""],[""0.9340"",""125.00""],[""0.9350"",""85.00""],[""0.9390"",""243.00""],[""0.9400"",""382.00""],[""0.9410"",""20.00""],[""0.9420"",""1000.00""],[""0.9430"",""1512.76""]]"
2026-05-16T13:38:44.335Z,KXBTC15M-26MAY160945-45,BTC price up in next 15 mins?,KXBTC15M-26MAY160945,2026-05-16T13:45:00Z,active,0.06,0.063,0.937,0.94,0.0615,0.066,183447.32,64903.33,100.0,740.0,"[[""0.0410"",""50.00""],[""0.0420"",""125.00""],[""0.0440"",""126.00""],[""0.0450"",""2.00""],[""0.0460"",""525.00""],[""0.0480"",""101.00""],[""0.0500"",""464.00""],[""0.0510"",""236.00""],[""0.0520"",""305.00""],[""0.0530"",""100.00""]]","[[""0.9300"",""1692.00""],[""0.9310"",""866.00""],[""0.9340"",""125.00""],[""0.9350"",""85.00""],[""0.9390"",""43.00""],[""0.9400"",""202.00""],[""0.9410"",""400.00""],[""0.9420"",""1000.00""],[""0.9440"",""6.59""],[""0.9450"",""740.00""]]"
2026-05-16T13:38:46.333Z,KXBTC15M-26MAY160945-45,BTC price up in next 15 mins?,KXBTC15M-26MAY160945,2026-05-16T13:45:00Z,active,0.06,0.063,0.937,0.94,0.0615,0.066,183447.32,64903.33,396.65,2820.0,"[[""0.0400"",""1204.00""],[""0.0410"",""50.00""],[""0.0420"",""125.00""],[""0.0440"",""126.00""],[""0.0450"",""2.00""],[""0.0460"",""525.00""],[""0.0480"",""101.00""],[""0.0500"",""490.00""],[""0.0510"",""210.00""],[""0.0520"",""396.65""]]","[[""0.9300"",""2691.00""],[""0.9310"",""856.00""],[""0.9340"",""135.00""],[""0.9350"",""85.00""],[""0.9390"",""3.00""],[""0.9400"",""203.00""],[""0.9410"",""380.00""],[""0.9420"",""1010.03""],[""0.9430"",""75.00""],[""0.9450"",""2820.00""]]"
2026-05-16T13:38:48.341Z,KXBTC15M-26MAY160945-45,BTC price up in next 15 mins?,KXBTC15M-26MAY160945,2026-05-16T13:45:00Z,active,0.06,0.063,0.937,0.94,0.0615,0.066,183447.32,64903.33,876.79,2400.0,"[[""0.0400"",""1204.00""],[""0.0410"",""50.00""],[""0.0420"",""125.00""],[""0.0440"",""128.00""],[""0.0450"",""400.00""],[""0.0460"",""125.00""],[""0.0480"",""101.00""],[""0.0500"",""490.00""],[""0.0510"",""390.00""],[""0.0520"",""876.79""]]","[[""0.9340"",""135.00""],[""0.9370"",""125.00""],[""0.9380"",""85.00""],[""0.9390"",""3.00""],[""0.9400"",""3.00""],[""0.9410"",""200.00""],[""0.9420"",""1390.03""],[""0.9440"",""50.00""],[""0.9450"",""75.00""],[""0.9460"",""2400.00""]]"
2026-05-16T13:38:50.338Z,KXBTC15M-26MAY160945-45,BTC price up in next 15 mins?,KXBTC15M-26MAY160945,2026-05-16T13:45:00Z,active,0.06,0.063,0.937,0.94,0.0615,0.066,183447.32,64903.33,40.79,1920.0,"[[""0.0410"",""50.00""],[""0.0420"",""125.00""],[""0.0440"",""126.00""],[""0.0460"",""125.00""],[""0.0480"",""402.00""],[""0.0500"",""464.00""],[""0.0510"",""111.00""],[""0.0520"",""25.00""],[""0.0530"",""75.00""],[""0.0540"",""40.79""]]","[[""0.9250"",""125.00""],[""0.9280"",""125.00""],[""0.9300"",""2667.00""],[""0.9310"",""856.00""],[""0.9340"",""220.00""],[""0.9370"",""125.00""],[""0.9400"",""21.00""],[""0.9420"",""990.03""],[""0.9440"",""50.00""],[""0.9450"",""1920.00""]]"
2026-05-16T13:38:52.338Z,KXBTC15M-26MAY160945-45,BTC price up in next 15 mins?,KXBTC15M-26MAY160945,2026-05-16T13:45:00Z,active,0.06,0.063,0.937,0.94,0.0615,0.066,183447.32,64903.33,40.79,263.48,"[[""0.0410"",""50.00""],[""0.0420"",""125.00""],[""0.0440"",""126.00""],[""0.0450"",""2.00""],[""0.0460"",""525.00""],[""0.0480"",""101.00""],[""0.0500"",""464.00""],[""0.0510"",""210.00""],[""0.0520"",""25.00""],[""0.0540"",""40.79""]]","[[""0.9280"",""125.00""],[""0.9300"",""2667.00""],[""0.9310"",""866.00""],[""0.9320"",""1000.00""],[""0.9340"",""125.00""],[""0.9370"",""210.00""],[""0.9380"",""32.94""],[""0.9400"",""24.00""],[""0.9440"",""118.46""],[""0.9450"",""263.48""]]"
2026-05-16T13:38:54.338Z,KXBTC15M-26MAY160945-45,BTC price up in next 15 mins?,KXBTC15M-26MAY160945,2026-05-16T13:45:00Z,active,0.06,0.063,0.937,0.94,0.0615,0.066,183447.32,64903.33,464.0,404.34,"[[""0.0360"",""125.00""],[""0.0380"",""125.00""],[""0.0400"",""3537.00""],[""0.0410"",""50.00""],[""0.0420"",""125.00""],[""0.0440"",""138.00""],[""0.0450"",""400.00""],[""0.0460"",""125.00""],[""0.0480"",""124.00""],[""0.0500"",""464.00""]]","[[""0.9370"",""210.00""],[""0.9400"",""3.00""],[""0.9410"",""210.00""],[""0.9420"",""1000.00""],[""0.9430"",""180.00""],[""0.9440"",""43.46""],[""0.9450"",""18.00""],[""0.9460"",""19.54""],[""0.9470"",""75.00""],[""0.9490"",""404.34""]]"
2026-05-16T13:38:56.342Z,KXBTC15M-26MAY160945-45,BTC price up in next 15 mins?,KXBTC15M-26MAY160945,2026-05-16T13:45:00Z,active,0.06,0.063,0.937,0.94,0.0615,0.066,183447.32,64903.33,128.22,2400.0,"[[""0.0360"",""125.00""],[""0.0380"",""125.00""],[""0.0400"",""1206.00""],[""0.0410"",""2383.00""],[""0.0420"",""525.00""],[""0.0440"",""136.00""],[""0.0460"",""125.00""],[""0.0470"",""101.00""],[""0.0480"",""380.00""],[""0.0500"",""128.22""]]","[[""0.9320"",""587.00""],[""0.9340"",""125.00""],[""0.9370"",""125.00""],[""0.9380"",""85.00""],[""0.9400"",""3.00""],[""0.9410"",""135.00""],[""0.9420"",""1000.00""],[""0.9440"",""243.46""],[""0.9450"",""374.94""],[""0.9470"",""2400.00""]]"
2026-05-16T13:38:58.345Z,KXBTC15M-26MAY160945-45,BTC price up in next 15 mins?,KXBTC15M-26MAY160945,2026-05-16T13:45:00Z,active,0.06,0.063,0.937,0.94,0.0615,0.066,183447.32,64903.33,75.0,38.72,"[[""0.0380"",""125.00""],[""0.0400"",""1180.00""],[""0.0410"",""50.00""],[""0.0420"",""125.00""],[""0.0440"",""2461.00""],[""0.0460"",""525.00""],[""0.0470"",""233.00""],[""0.0490"",""180.00""],[""0.0500"",""91.11""],[""0.0520"",""75.00""]]","[[""0.9320"",""587.00""],[""0.9340"",""125.00""],[""0.9370"",""220.00""],[""0.9380"",""10.00""],[""0.9400"",""1.00""],[""0.9410"",""125.00""],[""0.9420"",""1400.00""],[""0.9430"",""400.00""],[""0.9440"",""223.46""],[""0.9450"",""38.72""]]"
2026-05-16T13:39:00.366Z,KXBTC15M-26MAY160945-45,BTC price up in next 15 mins?,KXBTC15M-26MAY160945,2026-05-16T13:45:00Z,active,0.06,0.063,0.937,0.94,0.0615,0.066,183447.32,64903.33,177.28,77.77,"[[""0.0380"",""125.00""],[""0.0400"",""1152.00""],[""0.0410"",""50.00""],[""0.0420"",""2460.00""],[""0.0440"",""126.00""],[""0.0450"",""400.00""],[""0.0460"",""325.00""],[""0.0470"",""10.00""],[""0.0490"",""123.00""],[""0.0500"",""177.28""]]","[[""0.9320"",""587.00""],[""0.9340"",""125.00""],[""0.9360"",""95.00""],[""0.9370"",""125.00""],[""0.9380"",""10.00""],[""0.9400"",""1.00""],[""0.9410"",""325.00""],[""0.9420"",""1580.00""],[""0.9440"",""43.46""],[""0.9450"",""77.77""]]"
2026-05-16T13:39:02.348Z,KXBTC15M-26MAY160945-45,BTC price up in next 15 mins?,KXBTC15M-26MAY160945,2026-05-16T13:45:00Z,active,0.06,0.063,0.937,0.94,0.0615,0.066,183447.32,64903.33,200.0,63.29,"[[""0.0320"",""329.00""],[""0.0330"",""1.00""],[""0.0340"",""125.00""],[""0.0360"",""125.00""],[""0.0380"",""2458.00""],[""0.0400"",""1128.00""],[""0.0410"",""52.00""],[""0.0420"",""400.00""],[""0.0430"",""25.00""],[""0.0470"",""200.00""]]","[[""0.9340"",""125.00""],[""0.9370"",""125.00""],[""0.9400"",""3.00""],[""0.9410"",""125.00""],[""0.9420"",""1400.00""],[""0.9430"",""580.00""],[""0.9440"",""22.81""],[""0.9450"",""125.00""],[""0.9470"",""135.00""],[""0.9520"",""63.29""]]"
2026-05-16T13:39:04.338Z,KXBTC15M-26MAY160945-45,BTC price up in next 15 mins?,KXBTC15M-26MAY160945,2026-05-16T13:45:00Z,active,0.06,0.063,0.937,0.94,0.0615,0.066,183447.32,64903.33,0.61,120.0,"[[""0.0340"",""125.00""],[""0.0360"",""125.00""],[""0.0370"",""10.00""],[""0.0380"",""125.00""],[""0.0400"",""3487.00""],[""0.0410"",""50.00""],[""0.0420"",""400.00""],[""0.0450"",""23.00""],[""0.0470"",""379.00""],[""0.0500"",""0.61""]]","[[""0.9400"",""1541.00""],[""0.9410"",""125.00""],[""0.9420"",""1400.00""],[""0.9430"",""400.00""],[""0.9440"",""22.81""],[""0.9450"",""125.00""],[""0.9460"",""198.00""],[""0.9470"",""135.00""],[""0.9480"",""32.81""],[""0.9490"",""120.00""]]"
2026-05-16T13:39:06.358Z,KXBTC15M-26MAY160945-45,BTC price up in next 15 mins?,KXBTC15M-26MAY160945,2026-05-16T13:45:00Z,active,0.05,0.051,0.949,0.95,0.0505,0.051,190506.14,66209.39,310.0,287.51,"[[""0.0340"",""125.00""],[""0.0360"",""125.00""],[""0.0380"",""2458.00""],[""0.0400"",""1154.00""],[""0.0410"",""50.00""],[""0.0420"",""881.00""],[""0.0440"",""10.00""],[""0.0450"",""60.00""],[""0.0460"",""23.00""],[""0.0520"",""310.00""]]","[[""0.9320"",""587.00""],[""0.9340"",""125.00""],[""0.9370"",""125.00""],[""0.9400"",""4.00""],[""0.9410"",""135.00""],[""0.9420"",""1399.00""],[""0.9430"",""400.00""],[""0.9440"",""22.81""],[""0.9450"",""143.00""],[""0.9470"",""287.51""]]"
2026-05-16T13:39:08.385Z,KXBTC15M-26MAY160945-45,BTC price up in next 15 mins?,KXBTC15M-26MAY160945,2026-05-16T13:45:00Z,active,0.05,0.051,0.949,0.95,0.0505,0.051,190506.14,66209.39,247.0,180.0,"[[""0.0360"",""125.00""],[""0.0380"",""125.00""],[""0.0400"",""1154.00""],[""0.0410"",""450.00""],[""0.0430"",""505.00""],[""0.0440"",""10.00""],[""0.0450"",""185.00""],[""0.0470"",""101.00""],[""0.0510"",""22.00""],[""0.0520"",""247.00""]]","[[""0.9340"",""125.00""],[""0.9350"",""8.00""],[""0.9370"",""125.00""],[""0.9380"",""93.00""],[""0.9400"",""4.00""],[""0.9410"",""135.00""],[""0.9420"",""1416.00""],[""0.9430"",""400.00""],[""0.9450"",""75.00""],[""0.9460"",""180.00""]]"
2026-05-16T13:39:10.356Z,KXBTC15M-26MAY160945-45,BTC price up in next 15 mins?,KXBTC15M-26MAY160945,2026-05-16T13:45:00Z,active,0.05,0.051,0.949,0.95,0.0505,0.051,190506.14,66209.39,14.03,458.7,"[[""0.0380"",""125.00""],[""0.0400"",""1128.00""],[""0.0410"",""50.00""],[""0.0430"",""127.00""],[""0.0450"",""125.00""],[""0.0460"",""400.00""],[""0.0470"",""380.00""],[""0.0480"",""125.00""],[""0.0500"",""10.00""],[""0.0510"",""14.03""]]","[[""0.9210"",""125.00""],[""0.9250"",""125.00""],[""0.9280"",""125.00""],[""0.9300"",""1667.00""],[""0.9320"",""605.00""],[""0.9340"",""219.00""],[""0.9350"",""18.00""],[""0.9400"",""2.00""],[""0.9420"",""1399.00""],[""0.9430"",""458.70""]]"
2026-05-16T13:39:12.336Z,KXBTC15M-26MAY160945-45,BTC price up in next 15 mins?,KXBTC15M-26MAY160945,2026-05-16T13:45:00Z,active,0.05,0.051,0.949,0.95,0.0505,0.051,190506.14,66209.39,89.0,176.0,"[[""0.0410"",""50.00""],[""0.0420"",""2.00""],[""0.0430"",""125.00""],[""0.0450"",""525.00""],[""0.0460"",""200.00""],[""0.0470"",""10.00""],[""0.0480"",""125.00""],[""0.0490"",""180.00""],[""0.0500"",""20.00""],[""0.0530"",""89.00""]]","[[""0.9300"",""1695.00""],[""0.9320"",""587.00""],[""0.9340"",""125.00""],[""0.9350"",""10.00""],[""0.9380"",""125.00""],[""0.9400"",""1.00""],[""0.9420"",""1399.00""],[""0.9430"",""399.70""],[""0.9440"",""180.00""],[""0.9460"",""176.00""]]"
2026-05-16T13:39:14.337Z,KXBTC15M-26MAY160945-45,BTC price up in next 15 mins?,KXBTC15M-26MAY160945,2026-05-16T13:45:00Z,active,0.05,0.051,0.949,0.95,0.0505,0.051,190506.14,66209.39,176.71,999.0,"[[""0.0410"",""50.00""],[""0.0430"",""2458.00""],[""0.0440"",""2.00""],[""0.0450"",""125.00""],[""0.0460"",""400.00""],[""0.0480"",""125.00""],[""0.0500"",""10.00""],[""0.0510"",""23.00""],[""0.0530"",""88.00""],[""0.0540"",""176.71""]]","[[""0.9280"",""125.00""],[""0.9300"",""1694.00""],[""0.9320"",""587.00""],[""0.9340"",""125.00""],[""0.9350"",""218.00""],[""0.9360"",""380.00""],[""0.9380"",""125.00""],[""0.9400"",""18.00""],[""0.9410"",""101.00""],[""0.9420"",""999.00""]]"
2026-05-16T13:39:16.338Z,KXBTC15M-26MAY160945-45,BTC price up in next 15 mins?,KXBTC15M-26MAY160945,2026-05-16T13:45:00Z,active,0.05,0.051,0.949,0.95,0.0505,0.051,190506.14,66209.39,268.0,1015.0,"[[""0.0380"",""125.00""],[""0.0400"",""1152.00""],[""0.0410"",""50.00""],[""0.0430"",""125.00""],[""0.0440"",""2.00""],[""0.0450"",""125.00""],[""0.0470"",""410.00""],[""0.0480"",""325.00""],[""0.0500"",""20.00""],[""0.0530"",""268.00""]]","[[""0.9210"",""125.00""],[""0.9250"",""125.00""],[""0.9280"",""125.00""],[""0.9300"",""1694.00""],[""0.9340"",""125.00""],[""0.9350"",""8.00""],[""0.9380"",""135.00""],[""0.9400"",""180.00""],[""0.9410"",""101.00""],[""0.9420"",""1015.00""]]"
2026-05-16T13:39:18.357Z,KXBTC15M-26MAY160945-45,BTC price up in next 15 mins?,KXBTC15M-26MAY160945,2026-05-16T13:45:00Z,active,0.05,0.051,0.949,0.95,0.0505,0.051,190506.14,66209.39,180.0,135.0,"[[""0.0430"",""125.00""],[""0.0450"",""125.00""],[""0.0480"",""135.00""],[""0.0490"",""2.00""],[""0.0500"",""1400.00""],[""0.0510"",""125.00""],[""0.0530"",""87.00""],[""0.0590"",""19.00""],[""0.0620"",""125.00""],[""0.0630"",""180.00""]]","[[""0.9190"",""125.00""],[""0.9200"",""2690.00""],[""0.9210"",""125.00""],[""0.9250"",""125.00""],[""0.9280"",""125.00""],[""0.9290"",""380.00""],[""0.9300"",""128.00""],[""0.9310"",""16.00""],[""0.9320"",""1008.00""],[""0.9340"",""135.00""]]"
2026-05-16T13:39:20.351Z,KXBTC15M-26MAY160945-45,BTC price up in next 15 mins?,KXBTC15M-26MAY160945,2026-05-16T13:45:00Z,active,0.05,0.051,0.949,0.95,0.0505,0.051,190506.14,66209.39,24.0,135.0,"[[""0.0430"",""125.00""],[""0.0450"",""125.00""],[""0.0470"",""2.00""],[""0.0480"",""135.00""],[""0.0500"",""1000.00""],[""0.0510"",""925.00""],[""0.0530"",""87.00""],[""0.0590"",""21.00""],[""0.0610"",""281.00""],[""0.0620"",""24.00""]]","[[""0.9150"",""125.00""],[""0.9190"",""125.00""],[""0.9200"",""2690.00""],[""0.9210"",""125.00""],[""0.9250"",""125.00""],[""0.9280"",""125.00""],[""0.9300"",""128.00""],[""0.9310"",""218.00""],[""0.9320"",""1388.00""],[""0.9340"",""135.00""]]"
2026-05-16T13:39:22.358Z,KXBTC15M-26MAY160945-45,BTC price up in next 15 mins?,KXBTC15M-26MAY160945,2026-05-16T13:45:00Z,active,0.05,0.051,0.949,0.95,0.0505,0.051,190506.14,66209.39,228.0,98.01,"[[""0.0430"",""125.00""],[""0.0450"",""125.00""],[""0.0470"",""2333.00""],[""0.0480"",""125.00""],[""0.0500"",""1024.00""],[""0.0510"",""135.00""],[""0.0520"",""2.00""],[""0.0530"",""87.00""],[""0.0540"",""525.00""],[""0.0550"",""228.00""]]","[[""0.9200"",""1564.00""],[""0.9210"",""125.00""],[""0.9220"",""25.00""],[""0.9250"",""125.00""],[""0.9270"",""8.00""],[""0.9280"",""125.00""],[""0.9300"",""104.00""],[""0.9310"",""10.00""],[""0.9320"",""1000.00""],[""0.9330"",""98.01""]]"
2026-05-16T13:39:24.346Z,KXBTC15M-26MAY160945-45,BTC price up in next 15 mins?,KXBTC15M-26MAY160945,2026-05-16T13:45:00Z,active,0.05,0.051,0.949,0.95,0.0505,0.051,190506.14,66209.39,203.0,44.0,"[[""0.0400"",""2668.00""],[""0.0410"",""50.00""],[""0.0430"",""226.00""],[""0.0450"",""125.00""],[""0.0480"",""2458.00""],[""0.0500"",""24.00""],[""0.0510"",""137.00""],[""0.0530"",""487.00""],[""0.0540"",""325.00""],[""0.0570"",""203.00""]]","[[""0.9210"",""125.00""],[""0.9220"",""25.00""],[""0.9250"",""125.00""],[""0.9280"",""133.00""],[""0.9300"",""3.00""],[""0.9310"",""135.00""],[""0.9320"",""1400.00""],[""0.9330"",""400.00""],[""0.9360"",""196.00""],[""0.9380"",""44.00""]]"
2026-05-16T13:39:26.356Z,KXBTC15M-26MAY160945-45,BTC price up in next 15 mins?,KXBTC15M-26MAY160945,2026-05-16T13:45:00Z,active,0.05,0.051,0.949,0.95,0.0505,0.051,190506.14,66209.39,101.0,180.0,"[[""0.0430"",""125.00""],[""0.0450"",""125.00""],[""0.0480"",""2468.00""],[""0.0500"",""26.00""],[""0.0510"",""525.00""],[""0.0520"",""200.00""],[""0.0530"",""87.00""],[""0.0540"",""305.00""],[""0.0550"",""22.00""],[""0.0560"",""101.00""]]","[[""0.9220"",""25.00""],[""0.9250"",""125.00""],[""0.9280"",""133.00""],[""0.9300"",""3.00""],[""0.9310"",""125.00""],[""0.9320"",""1400.00""],[""0.9330"",""400.00""],[""0.9340"",""10.00""],[""0.9360"",""15.00""],[""0.9370"",""180.00""]]"
2026-05-16T13:39:28.352Z,KXBTC15M-26MAY160945-45,BTC price up in next 15 mins?,KXBTC15M-26MAY160945,2026-05-16T13:45:00Z,active,0.05,0.051,0.949,0.95,0.0505,0.051,190506.14,66209.39,100.0,880.0,"[[""0.0430"",""125.00""],[""0.0450"",""125.00""],[""0.0480"",""127.00""],[""0.0490"",""2333.00""],[""0.0500"",""1000.00""],[""0.0510"",""535.00""],[""0.0530"",""87.00""],[""0.0540"",""125.00""],[""0.0560"",""29.00""],[""0.0570"",""100.00""]]","[[""0.9190"",""125.00""],[""0.9200"",""2690.00""],[""0.9210"",""125.00""],[""0.9220"",""25.00""],[""0.9250"",""125.00""],[""0.9280"",""133.00""],[""0.9300"",""20.00""],[""0.9310"",""135.00""],[""0.9320"",""1000.00""],[""0.9330"",""880.00""]]"
2026-05-16T13:39:30.342Z,KXBTC15M-26MAY160945-45,BTC price up in next 15 mins?,KXBTC15M-26MAY160945,2026-05-16T13:45:00Z,active,0.05,0.051,0.949,0.95,0.0505,0.051,190506.14,66209.39,100.0,380.0,"[[""0.0450"",""125.00""],[""0.0480"",""125.00""],[""0.0490"",""2335.00""],[""0.0500"",""2540.00""],[""0.0510"",""535.00""],[""0.0530"",""87.00""],[""0.0540"",""125.00""],[""0.0570"",""180.00""],[""0.0580"",""20.00""],[""0.0590"",""100.00""]]","[[""0.9210"",""125.00""],[""0.9220"",""25.00""],[""0.9250"",""125.00""],[""0.9270"",""8.00""],[""0.9280"",""125.00""],[""0.9300"",""3.00""],[""0.9310"",""135.00""],[""0.9320"",""1014.00""],[""0.9340"",""740.00""],[""0.9350"",""380.00""]]"
2026-05-16T13:39:32.346Z,KXBTC15M-26MAY160945-45,BTC price up in next 15 mins?,KXBTC15M-26MAY160945,2026-05-16T13:45:00Z,active,0.05,0.051,0.949,0.95,0.0505,0.051,190506.14,66209.39,176.0,1.0,"[[""0.0550"",""2.00""],[""0.0570"",""125.00""],[""0.0600"",""2333.00""],[""0.0610"",""125.00""],[""0.0630"",""125.00""],[""0.0650"",""125.00""],[""0.0660"",""10.00""],[""0.0670"",""208.00""],[""0.0680"",""400.00""],[""0.0690"",""176.00""]]","[[""0.9060"",""125.00""],[""0.9090"",""125.00""],[""0.9110"",""15.00""],[""0.9120"",""125.00""],[""0.9130"",""10.00""],[""0.9150"",""125.00""],[""0.9200"",""2.00""],[""0.9220"",""1000.00""],[""0.9230"",""8.00""],[""0.9300"",""1.00""]]"
2026-05-16T13:39:34.354Z,KXBTC15M-26MAY160945-45,BTC price up in next 15 mins?,KXBTC15M-26MAY160945,2026-05-16T13:45:00Z,active,0.05,0.051,0.949,0.95,0.0505,0.051,190506.14,66209.39,209.0,2.0,"[[""0.0710"",""125.00""],[""0.0730"",""525.00""],[""0.0750"",""125.00""],[""0.0760"",""10.00""],[""0.0770"",""124.86""],[""0.0800"",""125.00""],[""0.0830"",""125.00""],[""0.0870"",""90.00""],[""0.0880"",""75.00""],[""0.0890"",""209.00""]]","[[""0.8600"",""1833.16""],[""0.8700"",""208.14""],[""0.8800"",""175.00""],[""0.8900"",""2758.00""],[""0.9000"",""275.00""],[""0.9010"",""10.00""],[""0.9020"",""1400.00""],[""0.9030"",""525.00""],[""0.9040"",""180.00""],[""0.9100"",""2.00""]]"
2026-05-16T13:39:36.351Z,KXBTC15M-26MAY160945-45,BTC price up in next 15 mins?,KXBTC15M-26MAY160945,2026-05-16T13:45:00Z,active,0.089,0.09,0.91,0.911,0.0895,0.087,193772.87,68029.89,101.0,77.75,"[[""0.0730"",""125.00""],[""0.0740"",""400.00""],[""0.0750"",""125.00""],[""0.0760"",""10.00""],[""0.0770"",""124.86""],[""0.0800"",""2665.00""],[""0.0810"",""400.00""],[""0.0830"",""125.00""],[""0.0850"",""255.00""],[""0.0860"",""101.00""]]","[[""0.8600"",""1432.16""],[""0.8700"",""608.14""],[""0.8800"",""175.00""],[""0.8900"",""2725.00""],[""0.9000"",""277.00""],[""0.9010"",""10.00""],[""0.9020"",""1400.00""],[""0.9030"",""525.00""],[""0.9060"",""180.00""],[""0.9070"",""77.75""]]"
2026-05-16T13:39:38.342Z,KXBTC15M-26MAY160945-45,BTC price up in next 15 mins?,KXBTC15M-26MAY160945,2026-05-16T13:45:00Z,active,0.089,0.09,0.91,0.911,0.0895,0.087,193772.87,68029.89,101.0,132.0,"[[""0.0740"",""400.00""],[""0.0750"",""125.00""],[""0.0760"",""10.00""],[""0.0770"",""124.86""],[""0.0790"",""18.00""],[""0.0800"",""2665.00""],[""0.0830"",""125.00""],[""0.0840"",""200.00""],[""0.0860"",""255.00""],[""0.0880"",""101.00""]]","[[""0.8600"",""620.91""],[""0.8700"",""1858.14""],[""0.8800"",""222.00""],[""0.8900"",""2690.00""],[""0.9000"",""287.00""],[""0.9020"",""1400.00""],[""0.9030"",""525.00""],[""0.9070"",""180.00""],[""0.9080"",""15.00""],[""0.9100"",""132.00""]]"
2026-05-16T13:39:40.339Z,KXBTC15M-26MAY160945-45,BTC price up in next 15 mins?,KXBTC15M-26MAY160945,2026-05-16T13:45:00Z,active,0.089,0.09,0.91,0.911,0.0895,0.087,193772.87,68029.89,2.0,33.0,"[[""0.0430"",""125.00""],[""0.0450"",""125.00""],[""0.0460"",""400.00""],[""0.0480"",""325.00""],[""0.0510"",""125.00""],[""0.0530"",""87.00""],[""0.0540"",""125.00""],[""0.0550"",""10.00""],[""0.0580"",""8.00""],[""0.0590"",""2.00""]]","[[""0.9160"",""125.00""],[""0.9190"",""125.00""],[""0.9230"",""125.00""],[""0.9250"",""135.00""],[""0.9270"",""125.00""],[""0.9280"",""25.00""],[""0.9300"",""127.00""],[""0.9320"",""1400.00""],[""0.9330"",""497.14""],[""0.9340"",""33.00""]]"
2026-05-16T13:39:42.349Z,KXBTC15M-26MAY160945-45,BTC price up in next 15 mins?,KXBTC15M-26MAY160945,2026-05-16T13:45:00Z,active,0.089,0.09,0.91,0.911,0.0895,0.087,193772.87,68029.89,26.0,101.0,"[[""0.0480"",""125.00""],[""0.0490"",""402.00""],[""0.0500"",""2540.00""],[""0.0510"",""525.00""],[""0.0530"",""87.00""],[""0.0540"",""125.00""],[""0.0550"",""180.00""],[""0.0570"",""125.00""],[""0.0580"",""10.00""],[""0.0600"",""26.00""]]","[[""0.9200"",""1550.00""],[""0.9230"",""125.00""],[""0.9250"",""125.00""],[""0.9270"",""125.00""],[""0.9280"",""25.00""],[""0.9290"",""15.00""],[""0.9300"",""132.00""],[""0.9320"",""1400.00""],[""0.9330"",""445.31""],[""0.9340"",""101.00""]]"
2026-05-16T13:39:44.345Z,KXBTC15M-26MAY160945-45,BTC price up in next 15 mins?,KXBTC15M-26MAY160945,2026-05-16T13:45:00Z,active,0.089,0.09,0.91,0.911,0.0895,0.087,193772.87,68029.89,8.0,180.0,"[[""0.0430"",""125.00""],[""0.0450"",""125.00""],[""0.0480"",""125.00""],[""0.0490"",""2.00""],[""0.0500"",""2950.00""],[""0.0510"",""525.00""],[""0.0530"",""87.00""],[""0.0540"",""125.00""],[""0.0550"",""119.70""],[""0.0580"",""8.00""]]","[[""0.9230"",""125.00""],[""0.9250"",""125.00""],[""0.9270"",""125.00""],[""0.9280"",""25.00""],[""0.9300"",""257.00""],[""0.9310"",""10.00""],[""0.9320"",""1400.00""],[""0.9330"",""335.18""],[""0.9360"",""22.00""],[""0.9370"",""180.00""]]"
2026-05-16T13:39:46.353Z,KXBTC15M-26MAY160945-45,BTC price up in next 15 mins?,KXBTC15M-26MAY160945,2026-05-16T13:45:00Z,active,0.089,0.09,0.91,0.911,0.0895,0.087,193772.87,68029.89,145.0,1000.0,"[[""0.0570"",""125.00""],[""0.0600"",""2540.00""],[""0.0610"",""150.00""],[""0.0620"",""2.00""],[""0.0640"",""125.00""],[""0.0660"",""135.00""],[""0.0670"",""400.00""],[""0.0690"",""125.00""],[""0.0720"",""281.00""],[""0.0730"",""145.00""]]","[[""0.9090"",""125.00""],[""0.9100"",""350.00""],[""0.9110"",""203.00""],[""0.9120"",""40.87""],[""0.9130"",""10.00""],[""0.9150"",""125.00""],[""0.9170"",""8.00""],[""0.9200"",""2.00""],[""0.9210"",""180.00""],[""0.9220"",""1000.00""]]"
2026-05-16T13:39:48.344Z,KXBTC15M-26MAY160945-45,BTC price up in next 15 mins?,KXBTC15M-26MAY160945,2026-05-16T13:45:00Z,active,0.089,0.09,0.91,0.911,0.0895,0.087,193772.87,68029.89,75.0,2.0,"[[""0.0610"",""150.00""],[""0.0620"",""2.00""],[""0.0640"",""125.00""],[""0.0660"",""535.00""],[""0.0670"",""200.00""],[""0.0690"",""125.00""],[""0.0730"",""180.00""],[""0.0750"",""68.00""],[""0.0760"",""101.00""],[""0.0770"",""75.00""]]","[[""0.9030"",""125.00""],[""0.9040"",""68.00""],[""0.9060"",""125.00""],[""0.9090"",""125.00""],[""0.9110"",""3.00""],[""0.9120"",""1040.87""],[""0.9130"",""10.00""],[""0.9150"",""125.00""],[""0.9170"",""8.00""],[""0.9200"",""2.00""]]"
2026-05-16T13:39:50.345Z,KXBTC15M-26MAY160945-45,BTC price up in next 15 mins?,KXBTC15M-26MAY160945,2026-05-16T13:45:00Z,active,0.089,0.09,0.91,0.911,0.0895,0.087,193772.87,68029.89,101.0,12.84,"[[""0.0570"",""125.00""],[""0.0600"",""2564.00""],[""0.0610"",""150.00""],[""0.0640"",""127.00""],[""0.0660"",""135.00""],[""0.0670"",""400.00""],[""0.0690"",""125.00""],[""0.0760"",""65.00""],[""0.0780"",""180.00""],[""0.0790"",""101.00""]]","[[""0.9030"",""125.00""],[""0.9060"",""125.00""],[""0.9090"",""125.00""],[""0.9100"",""2.00""],[""0.9110"",""3.00""],[""0.9120"",""1392.16""],[""0.9130"",""400.00""],[""0.9150"",""305.00""],[""0.9170"",""8.00""],[""0.9200"",""12.84""]]"
2026-05-16T13:39:52.343Z,KXBTC15M-26MAY160945-45,BTC price up in next 15 mins?,KXBTC15M-26MAY160945,2026-05-16T13:45:00Z,active,0.089,0.09,0.91,0.911,0.0895,0.087,193772.87,68029.89,180.0,1000.0,"[[""0.0600"",""2564.00""],[""0.0610"",""150.00""],[""0.0620"",""2.00""],[""0.0640"",""125.00""],[""0.0650"",""400.00""],[""0.0660"",""135.00""],[""0.0670"",""200.00""],[""0.0690"",""125.00""],[""0.0700"",""158.00""],[""0.0710"",""180.00""]]","[[""0.9060"",""125.00""],[""0.9090"",""125.00""],[""0.9100"",""202.00""],[""0.9110"",""203.00""],[""0.9120"",""50.87""],[""0.9150"",""125.00""],[""0.9160"",""180.00""],[""0.9170"",""8.00""],[""0.9210"",""126.00""],[""0.9220"",""1000.00""]]"
2026-05-16T13:39:54.341Z,KXBTC15M-26MAY160945-45,BTC price up in next 15 mins?,KXBTC15M-26MAY160945,2026-05-16T13:45:00Z,active,0.089,0.09,0.91,0.911,0.0895,0.087,193772.87,68029.89,235.0,126.0,"[[""0.0570"",""125.00""],[""0.0600"",""2564.00""],[""0.0610"",""150.00""],[""0.0630"",""10.00""],[""0.0640"",""127.00""],[""0.0660"",""125.00""],[""0.0670"",""400.00""],[""0.0690"",""200.00""],[""0.0700"",""200.00""],[""0.0780"",""235.00""]]","[[""0.9060"",""125.00""],[""0.9090"",""125.00""],[""0.9100"",""2.00""],[""0.9110"",""3.00""],[""0.9120"",""1050.87""],[""0.9150"",""305.00""],[""0.9170"",""8.00""],[""0.9180"",""125.00""],[""0.9200"",""4.00""],[""0.9210"",""126.00""]]"
2026-05-16T13:39:56.346Z,KXBTC15M-26MAY160945-45,BTC price up in next 15 mins?,KXBTC15M-26MAY160945,2026-05-16T13:45:00Z,active,0.089,0.09,0.91,0.911,0.0895,0.087,193772.87,68029.89,380.0,24.0,"[[""0.0600"",""2564.00""],[""0.0610"",""150.00""],[""0.0640"",""127.00""],[""0.0660"",""135.00""],[""0.0670"",""400.00""],[""0.0690"",""200.00""],[""0.0700"",""1.00""],[""0.0780"",""160.00""],[""0.0800"",""649.16""],[""0.0810"",""380.00""]]","[[""0.9000"",""2689.00""],[""0.9030"",""125.00""],[""0.9060"",""125.00""],[""0.9090"",""505.00""],[""0.9100"",""133.00""],[""0.9110"",""3.00""],[""0.9120"",""1050.87""],[""0.9150"",""125.00""],[""0.9170"",""8.00""],[""0.9180"",""24.00""]]"
2026-05-16T13:39:58.344Z,KXBTC15M-26MAY160945-45,BTC price up in next 15 mins?,KXBTC15M-26MAY160945,2026-05-16T13:45:00Z,active,0.089,0.09,0.91,0.911,0.0895,0.087,193772.87,68029.89,198.0,1000.0,"[[""0.0690"",""125.00""],[""0.0700"",""2721.00""],[""0.0720"",""125.00""],[""0.0750"",""135.00""],[""0.0760"",""400.00""],[""0.0780"",""125.00""],[""0.0800"",""649.16""],[""0.0810"",""366.91""],[""0.0830"",""176.00""],[""0.0840"",""198.00""]]","[[""0.8900"",""2080.00""],[""0.9000"",""1689.00""],[""0.9020"",""10.00""],[""0.9030"",""125.00""],[""0.9040"",""12.00""],[""0.9060"",""125.00""],[""0.9090"",""133.00""],[""0.9100"",""1.00""],[""0.9110"",""3.00""],[""0.9120"",""1000.00""]]"
2026-05-16T13:40:00.376Z,KXBTC15M-26MAY160945-45,BTC price up in next 15 mins?,KXBTC15M-26MAY160945,2026-05-16T13:45:00Z,active,0.089,0.09,0.91,0.911,0.0895,0.087,193772.87,68029.89,180.0,135.15,"[[""0.0700"",""2719.00""],[""0.0720"",""125.00""],[""0.0730"",""2.00""],[""0.0740"",""400.00""],[""0.0750"",""135.00""],[""0.0800"",""649.16""],[""0.0810"",""200.00""],[""0.0860"",""101.00""],[""0.0870"",""21.00""],[""0.0890"",""180.00""]]","[[""0.8600"",""2208.16""],[""0.8700"",""867.14""],[""0.8800"",""247.00""],[""0.8900"",""2722.00""],[""0.9000"",""151.00""],[""0.9020"",""1093.20""],[""0.9030"",""535.00""],[""0.9040"",""188.00""],[""0.9060"",""125.00""],[""0.9090"",""135.15""]]"
2026-05-16T13:40:02.351Z,KXBTC15M-26MAY160945-45,BTC price up in next 15 mins?,KXBTC15M-26MAY160945,2026-05-16T13:45:00Z,active,0.089,0.09,0.91,0.911,0.0895,0.087,193772.87,68029.89,180.0,75.0,"[[""0.0700"",""1180.00""],[""0.0720"",""135.00""],[""0.0750"",""125.00""],[""0.0760"",""400.00""],[""0.0780"",""125.00""],[""0.0800"",""650.16""],[""0.0810"",""200.00""],[""0.0830"",""101.00""],[""0.0840"",""25.00""],[""0.0850"",""180.00""]]","[[""0.8700"",""356.14""],[""0.8800"",""175.00""],[""0.8900"",""283.00""],[""0.9000"",""2692.00""],[""0.9030"",""343.00""],[""0.9040"",""380.00""],[""0.9060"",""125.00""],[""0.9100"",""430.00""],[""0.9120"",""1000.00""],[""0.9130"",""75.00""]]"
2026-05-16T13:40:04.349Z,KXBTC15M-26MAY160945-45,BTC price up in next 15 mins?,KXBTC15M-26MAY160945,2026-05-16T13:45:00Z,active,0.089,0.09,0.91,0.911,0.0895,0.087,193772.87,68029.89,407.03,75.0,"[[""0.0640"",""125.00""],[""0.0660"",""125.00""],[""0.0690"",""125.00""],[""0.0700"",""1180.00""],[""0.0720"",""135.00""],[""0.0750"",""125.00""],[""0.0760"",""400.00""],[""0.0780"",""125.00""],[""0.0800"",""666.16""],[""0.0810"",""407.03""]]","[[""0.8800"",""175.00""],[""0.8900"",""350.00""],[""0.9000"",""3248.00""],[""0.9030"",""135.00""],[""0.9060"",""125.00""],[""0.9070"",""14.00""],[""0.9100"",""430.00""],[""0.9110"",""101.00""],[""0.9120"",""998.00""],[""0.9130"",""75.00""]]"
2026-05-16T13:40:06.342Z,KXBTC15M-26MAY160945-45,BTC price up in next 15 mins?,KXBTC15M-26MAY160945,2026-05-16T13:45:00Z,active,0.081,0.087,0.913,0.919,0.08399999999999999,0.087,199520.24,70495.84,329.2,46.65,"[[""0.0690"",""125.00""],[""0.0700"",""1203.00""],[""0.0710"",""13.00""],[""0.0720"",""135.00""],[""0.0730"",""2.00""],[""0.0750"",""125.00""],[""0.0760"",""400.00""],[""0.0780"",""125.00""],[""0.0800"",""649.16""],[""0.0810"",""329.20""]]","[[""0.8800"",""325.00""],[""0.8900"",""150.00""],[""0.9000"",""2667.00""],[""0.9030"",""135.00""],[""0.9040"",""8.00""],[""0.9060"",""125.00""],[""0.9090"",""125.00""],[""0.9100"",""810.00""],[""0.9120"",""998.00""],[""0.9130"",""46.65""]]"
2026-05-16T13:40:08.342Z,KXBTC15M-26MAY160945-45,BTC price up in next 15 mins?,KXBTC15M-26MAY160945,2026-05-16T13:45:00Z,active,0.081,0.087,0.913,0.919,0.08399999999999999,0.087,199520.24,70495.84,180.0,45.65,"[[""0.0690"",""135.00""],[""0.0700"",""1203.00""],[""0.0720"",""138.00""],[""0.0740"",""402.00""],[""0.0750"",""125.00""],[""0.0780"",""125.00""],[""0.0800"",""649.16""],[""0.0810"",""141.20""],[""0.0830"",""101.00""],[""0.0840"",""180.00""]]","[[""0.8800"",""325.00""],[""0.8900"",""251.00""],[""0.9000"",""2667.00""],[""0.9030"",""125.00""],[""0.9050"",""208.00""],[""0.9060"",""515.00""],[""0.9090"",""125.00""],[""0.9100"",""430.00""],[""0.9120"",""998.00""],[""0.9130"",""45.65""]]"
2026-05-16T13:40:10.343Z,KXBTC15M-26MAY160945-45,BTC price up in next 15 mins?,KXBTC15M-26MAY160945,2026-05-16T13:45:00Z,active,0.081,0.087,0.913,0.919,0.08399999999999999,0.087,199520.24,70495.84,750.16,150.0,"[[""0.0660"",""125.00""],[""0.0690"",""135.00""],[""0.0700"",""1203.00""],[""0.0710"",""2.00""],[""0.0720"",""125.00""],[""0.0730"",""400.00""],[""0.0750"",""125.00""],[""0.0770"",""16.00""],[""0.0780"",""380.00""],[""0.0800"",""750.16""]]","[[""0.9000"",""2667.00""],[""0.9030"",""125.00""],[""0.9060"",""135.00""],[""0.9090"",""125.00""],[""0.9100"",""430.00""],[""0.9120"",""1398.00""],[""0.9130"",""400.00""],[""0.9140"",""24.56""],[""0.9150"",""180.00""],[""0.9190"",""150.00""]]"
2026-05-16T13:40:12.348Z,KXBTC15M-26MAY160945-45,BTC price up in next 15 mins?,KXBTC15M-26MAY160945,2026-05-16T13:45:00Z,active,0.081,0.087,0.913,0.919,0.08399999999999999,0.087,199520.24,70495.84,180.0,1147.56,"[[""0.0700"",""1203.00""],[""0.0720"",""125.00""],[""0.0730"",""2.00""],[""0.0740"",""400.00""],[""0.0750"",""125.00""],[""0.0770"",""17.00""],[""0.0800"",""648.16""],[""0.0810"",""200.00""],[""0.0820"",""101.00""],[""0.0830"",""180.00""]]","[[""0.8600"",""594.16""],[""0.8700"",""1480.14""],[""0.8800"",""345.00""],[""0.8900"",""251.00""],[""0.9000"",""2737.67""],[""0.9030"",""125.00""],[""0.9060"",""143.00""],[""0.9090"",""325.00""],[""0.9100"",""822.00""],[""0.9120"",""1147.56""]]"
2026-05-16T13:40:14.355Z,KXBTC15M-26MAY160945-45,BTC price up in next 15 mins?,KXBTC15M-26MAY160945,2026-05-16T13:45:00Z,active,0.081,0.087,0.913,0.919,0.08399999999999999,0.087,199520.24,70495.84,837.0,430.0,"[[""0.0700"",""179.00""],[""0.0720"",""125.00""],[""0.0750"",""125.00""],[""0.0780"",""125.00""],[""0.0800"",""3313.16""],[""0.0820"",""135.00""],[""0.0840"",""125.00""],[""0.0870"",""81.00""],[""0.0880"",""14.00""],[""0.0890"",""837.00""]]","[[""0.8300"",""181.40""],[""0.8400"",""928.19""],[""0.8500"",""1786.17""],[""0.8600"",""356.72""],[""0.8700"",""1206.14""],[""0.8800"",""2115.00""],[""0.8900"",""945.00""],[""0.9000"",""70.67""],[""0.9020"",""1000.00""],[""0.9100"",""430.00""]]"
2026-05-16T13:40:16.347Z,KXBTC15M-26MAY160945-45,BTC price up in next 15 mins?,KXBTC15M-26MAY160945,2026-05-16T13:45:00Z,active,0.081,0.087,0.913,0.919,0.08399999999999999,0.087,199520.24,70495.84,853.0,358.78,"[[""0.0720"",""125.00""],[""0.0750"",""125.00""],[""0.0780"",""125.00""],[""0.0800"",""3334.16""],[""0.0820"",""135.00""],[""0.0840"",""125.00""],[""0.0850"",""2.00""],[""0.0870"",""79.00""],[""0.0880"",""14.00""],[""0.0890"",""853.00""]]","[[""0.8300"",""540.40""],[""0.8400"",""928.19""],[""0.8500"",""1810.17""],[""0.8600"",""356.72""],[""0.8700"",""206.14""],[""0.8800"",""3115.00""],[""0.8900"",""969.00""],[""0.9000"",""171.67""],[""0.9020"",""1000.00""],[""0.9100"",""358.78""]]"
2026-05-16T13:40:18.360Z,KXBTC15M-26MAY160945-45,BTC price up in next 15 mins?,KXBTC15M-26MAY160945,2026-05-16T13:45:00Z,active,0.081,0.087,0.913,0.919,0.08399999999999999,0.087,199520.24,70495.84,164.1,297.99,"[[""0.0780"",""125.00""],[""0.0790"",""10.00""],[""0.0800"",""3334.16""],[""0.0810"",""2.00""],[""0.0820"",""125.00""],[""0.0840"",""525.00""],[""0.0850"",""200.00""],[""0.0870"",""79.00""],[""0.0880"",""14.00""],[""0.0890"",""164.10""]]","[[""0.8400"",""128.19""],[""0.8500"",""536.17""],[""0.8600"",""1432.16""],[""0.8700"",""356.14""],[""0.8800"",""1175.00""],[""0.8900"",""2129.00""],[""0.9000"",""458.67""],[""0.9020"",""1000.00""],[""0.9030"",""101.00""],[""0.9100"",""297.99""]]"
2026-05-16T13:40:20.346Z,KXBTC15M-26MAY160945-45,BTC price up in next 15 mins?,KXBTC15M-26MAY160945,2026-05-16T13:45:00Z,active,0.081,0.087,0.913,0.919,0.08399999999999999,0.087,199520.24,70495.84,98.82,217.24,"[[""0.0760"",""10.00""],[""0.0780"",""125.00""],[""0.0790"",""2.00""],[""0.0800"",""3334.16""],[""0.0820"",""525.00""],[""0.0830"",""200.00""],[""0.0840"",""125.00""],[""0.0870"",""79.00""],[""0.0880"",""14.00""],[""0.0890"",""98.82""]]","[[""0.8500"",""1334.17""],[""0.8600"",""1808.16""],[""0.8700"",""376.14""],[""0.8800"",""1175.00""],[""0.8900"",""1743.00""],[""0.9000"",""88.67""],[""0.9020"",""1000.00""],[""0.9040"",""180.00""],[""0.9050"",""101.00""],[""0.9100"",""217.24""]]"
2026-05-16T13:40:22.341Z,KXBTC15M-26MAY160945-45,BTC price up in next 15 mins?,KXBTC15M-26MAY160945,2026-05-16T13:45:00Z,active,0.081,0.087,0.913,0.919,0.08399999999999999,0.087,199520.24,70495.84,25.0,75.0,"[[""0.0820"",""135.00""],[""0.0840"",""125.00""],[""0.0870"",""79.00""],[""0.0900"",""326.00""],[""0.0920"",""25.00""],[""0.0930"",""380.00""],[""0.0940"",""125.00""],[""0.0950"",""400.00""],[""0.0970"",""125.00""],[""0.0980"",""25.00""]]","[[""0.8200"",""151.21""],[""0.8300"",""166.40""],[""0.8400"",""128.19""],[""0.8500"",""1336.17""],[""0.8600"",""1432.16""],[""0.8700"",""383.00""],[""0.8800"",""377.00""],[""0.8900"",""1535.00""],[""0.9000"",""250.67""],[""0.9010"",""75.00""]]"
2026-05-16T13:40:24.368Z,KXBTC15M-26MAY160945-45,BTC price up in next 15 mins?,KXBTC15M-26MAY160945,2026-05-16T13:45:00Z,active,0.081,0.087,0.913,0.919,0.08399999999999999,0.087,199520.24,70495.84,766.08,70.67,"[[""0.0840"",""125.00""],[""0.0870"",""79.00""],[""0.0880"",""10.00""],[""0.0900"",""2765.00""],[""0.0920"",""27.00""],[""0.0940"",""125.00""],[""0.0950"",""101.00""],[""0.0970"",""125.00""],[""0.0980"",""23.00""],[""0.0990"",""766.08""]]","[[""0.8100"",""97.81""],[""0.8200"",""151.21""],[""0.8300"",""166.40""],[""0.8400"",""1956.19""],[""0.8500"",""134.17""],[""0.8600"",""332.16""],[""0.8700"",""3174.00""],[""0.8800"",""965.00""],[""0.8900"",""1000.00""],[""0.9000"",""70.67""]]"
2026-05-16T13:40:26.357Z,KXBTC15M-26MAY160945-45,BTC price up in next 15 mins?,KXBTC15M-26MAY160945,2026-05-16T13:45:00Z,active,0.081,0.087,0.913,0.919,0.08399999999999999,0.087,199520.24,70495.84,53.08,41.22,"[[""0.0850"",""10.00""],[""0.0870"",""79.00""],[""0.0900"",""2766.00""],[""0.0920"",""25.00""],[""0.0930"",""2.00""],[""0.0940"",""125.00""],[""0.0950"",""101.00""],[""0.0970"",""525.00""],[""0.0980"",""223.00""],[""0.0990"",""53.08""]]","[[""0.8100"",""97.81""],[""0.8200"",""525.21""],[""0.8300"",""166.40""],[""0.8400"",""530.19""],[""0.8500"",""1655.17""],[""0.8600"",""206.16""],[""0.8700"",""3147.00""],[""0.8800"",""977.00""],[""0.8900"",""1008.00""],[""0.9000"",""41.22""]]"
2026-05-16T13:40:28.356Z,KXBTC15M-26MAY160945-45,BTC price up in next 15 mins?,KXBTC15M-26MAY160945,2026-05-16T13:45:00Z,active,0.081,0.087,0.913,0.919,0.08399999999999999,0.087,199520.24,70495.84,295.0,1643.98,"[[""0.0840"",""125.00""],[""0.0870"",""79.00""],[""0.0900"",""2766.00""],[""0.0910"",""2.00""],[""0.0920"",""25.00""],[""0.0940"",""125.00""],[""0.0950"",""400.00""],[""0.0960"",""200.00""],[""0.0970"",""125.00""],[""0.1000"",""295.00""]]","[[""0.8000"",""751.25""],[""0.8100"",""97.81""],[""0.8200"",""525.21""],[""0.8300"",""166.40""],[""0.8400"",""530.19""],[""0.8500"",""1404.17""],[""0.8600"",""356.16""],[""0.8700"",""308.00""],[""0.8800"",""3126.00""],[""0.8900"",""1643.98""]]"
2026-05-16T13:40:30.355Z,KXBTC15M-26MAY160945-45,BTC price up in next 15 mins?,KXBTC15M-26MAY160945,2026-05-16T13:45:00Z,active,0.081,0.087,0.913,0.919,0.08399999999999999,0.087,199520.24,70495.84,57.0,307.73,"[[""0.0410"",""50.00""],[""0.0430"",""125.00""],[""0.0440"",""380.00""],[""0.0460"",""125.00""],[""0.0480"",""525.00""],[""0.0500"",""125.00""],[""0.0520"",""129.00""],[""0.0530"",""10.00""],[""0.0540"",""145.00""],[""0.0700"",""57.00""]]","[[""0.9110"",""125.00""],[""0.9150"",""125.00""],[""0.9190"",""125.00""],[""0.9200"",""2540.00""],[""0.9210"",""125.00""],[""0.9220"",""1408.00""],[""0.9230"",""403.45""],[""0.9250"",""150.00""],[""0.9270"",""125.00""],[""0.9290"",""307.73""]]"
2026-05-16T13:40:32.355Z,KXBTC15M-26MAY160945-45,BTC price up in next 15 mins?,KXBTC15M-26MAY160945,2026-05-16T13:45:00Z,active,0.081,0.087,0.913,0.919,0.08399999999999999,0.087,199520.24,70495.84,20.0,78.67,"[[""0.0480"",""125.00""],[""0.0500"",""1125.00""],[""0.0520"",""129.00""],[""0.0540"",""525.00""],[""0.0580"",""125.00""],[""0.0590"",""10.00""],[""0.0600"",""1.00""],[""0.0610"",""125.00""],[""0.0620"",""17.00""],[""0.0700"",""20.00""]]","[[""0.9170"",""10.00""],[""0.9190"",""125.00""],[""0.9200"",""2915.00""],[""0.9210"",""125.00""],[""0.9220"",""1408.00""],[""0.9230"",""393.45""],[""0.9250"",""150.00""],[""0.9270"",""141.00""],[""0.9280"",""2.00""],[""0.9290"",""78.67""]]"
2026-05-16T13:40:34.345Z,KXBTC15M-26MAY160945-45,BTC price up in next 15 mins?,KXBTC15M-26MAY160945,2026-05-16T13:45:00Z,active,0.081,0.087,0.913,0.919,0.08399999999999999,0.087,199520.24,70495.84,19.0,94.67,"[[""0.0500"",""1125.00""],[""0.0520"",""129.00""],[""0.0540"",""525.00""],[""0.0580"",""125.00""],[""0.0590"",""10.00""],[""0.0600"",""1.00""],[""0.0610"",""125.00""],[""0.0620"",""17.00""],[""0.0630"",""101.00""],[""0.0700"",""19.00""]]","[[""0.9170"",""10.00""],[""0.9180"",""86.00""],[""0.9190"",""125.00""],[""0.9200"",""2570.00""],[""0.9210"",""125.00""],[""0.9220"",""1408.00""],[""0.9230"",""393.45""],[""0.9250"",""150.00""],[""0.9270"",""125.00""],[""0.9290"",""94.67""]]"
2026-05-16T13:40:36.349Z,KXBTC15M-26MAY160945-45,BTC price up in next 15 mins?,KXBTC15M-26MAY160945,2026-05-16T13:45:00Z,active,0.07,0.071,0.929,0.93,0.07050000000000001,0.07,206365.63,73327.86,7.3,180.0,"[[""0.0500"",""1125.00""],[""0.0510"",""400.00""],[""0.0520"",""129.00""],[""0.0540"",""125.00""],[""0.0560"",""10.00""],[""0.0580"",""125.00""],[""0.0600"",""1.00""],[""0.0610"",""118.00""],[""0.0620"",""22.58""],[""0.0700"",""7.30""]]","[[""0.9130"",""1250.00""],[""0.9150"",""125.00""],[""0.9190"",""125.00""],[""0.9200"",""1590.00""],[""0.9210"",""211.00""],[""0.9220"",""1400.00""],[""0.9230"",""401.45""],[""0.9250"",""150.00""],[""0.9270"",""125.00""],[""0.9280"",""180.00""]]"
2026-05-16T13:40:38.359Z,KXBTC15M-26MAY160945-45,BTC price up in next 15 mins?,KXBTC15M-26MAY160945,2026-05-16T13:45:00Z,active,0.07,0.071,0.929,0.93,0.07050000000000001,0.07,206365.63,73327.86,1.0,430.25,"[[""0.0460"",""125.00""],[""0.0480"",""127.00""],[""0.0490"",""400.00""],[""0.0500"",""1125.00""],[""0.0520"",""129.00""],[""0.0540"",""125.00""],[""0.0560"",""10.00""],[""0.0580"",""226.00""],[""0.0590"",""21.00""],[""0.0600"",""1.00""]]","[[""0.9150"",""125.00""],[""0.9190"",""125.00""],[""0.9200"",""1590.00""],[""0.9210"",""125.00""],[""0.9230"",""8.00""],[""0.9250"",""251.00""],[""0.9270"",""125.00""],[""0.9300"",""15.00""],[""0.9320"",""1400.00""],[""0.9330"",""430.25""]]"
2026-05-16T13:40:40.349Z,KXBTC15M-26MAY160945-45,BTC price up in next 15 mins?,KXBTC15M-26MAY160945,2026-05-16T13:45:00Z,active,0.07,0.071,0.929,0.93,0.07050000000000001,0.07,206365.63,73327.86,101.12,403.85,"[[""0.0430"",""125.00""],[""0.0460"",""125.00""],[""0.0470"",""2.00""],[""0.0480"",""525.00""],[""0.0500"",""1125.00""],[""0.0520"",""129.00""],[""0.0540"",""125.00""],[""0.0560"",""10.00""],[""0.0570"",""121.00""],[""0.0580"",""101.12""]]","[[""0.9150"",""1375.00""],[""0.9190"",""125.00""],[""0.9200"",""1580.00""],[""0.9210"",""125.00""],[""0.9230"",""8.00""],[""0.9250"",""150.00""],[""0.9260"",""101.00""],[""0.9270"",""125.00""],[""0.9320"",""1416.00""],[""0.9330"",""403.85""]]"
2026-05-16T13:40:42.352Z,KXBTC15M-26MAY160945-45,BTC price up in next 15 mins?,KXBTC15M-26MAY160945,2026-05-16T13:45:00Z,active,0.07,0.071,0.929,0.93,0.07050000000000001,0.07,206365.63,73327.86,66.37,180.0,"[[""0.0430"",""125.00""],[""0.0440"",""2.00""],[""0.0460"",""525.00""],[""0.0480"",""125.00""],[""0.0500"",""1126.00""],[""0.0520"",""129.00""],[""0.0540"",""125.00""],[""0.0560"",""111.00""],[""0.0570"",""20.00""],[""0.0580"",""66.37""]]","[[""0.9190"",""125.00""],[""0.9200"",""1039.00""],[""0.9210"",""125.00""],[""0.9250"",""150.00""],[""0.9270"",""226.00""],[""0.9300"",""1541.00""],[""0.9320"",""1416.00""],[""0.9330"",""400.00""],[""0.9390"",""120.00""],[""0.9400"",""180.00""]]"
2026-05-16T13:40:44.356Z,KXBTC15M-26MAY160945-45,BTC price up in next 15 mins?,KXBTC15M-26MAY160945,2026-05-16T13:45:00Z,active,0.07,0.071,0.929,0.93,0.07050000000000001,0.07,206365.63,73327.86,118.83,281.0,"[[""0.0380"",""125.00""],[""0.0400"",""3206.00""],[""0.0410"",""50.00""],[""0.0430"",""125.00""],[""0.0440"",""2.00""],[""0.0460"",""535.00""],[""0.0480"",""125.00""],[""0.0500"",""126.00""],[""0.0510"",""18.00""],[""0.0520"",""118.83""]]","[[""0.9250"",""150.00""],[""0.9270"",""125.00""],[""0.9300"",""1666.00""],[""0.9320"",""125.00""],[""0.9340"",""125.00""],[""0.9350"",""10.00""],[""0.9390"",""136.00""],[""0.9420"",""1400.00""],[""0.9430"",""400.00""],[""0.9470"",""281.00""]]"
2026-05-16T13:40:46.355Z,KXBTC15M-26MAY160945-45,BTC price up in next 15 mins?,KXBTC15M-26MAY160945,2026-05-16T13:45:00Z,active,0.07,0.071,0.929,0.93,0.07050000000000001,0.07,206365.63,73327.86,101.1,15.0,"[[""0.0360"",""125.00""],[""0.0380"",""125.00""],[""0.0390"",""380.00""],[""0.0400"",""3206.00""],[""0.0410"",""50.00""],[""0.0430"",""135.00""],[""0.0460"",""127.00""],[""0.0470"",""400.00""],[""0.0480"",""125.00""],[""0.0500"",""101.10""]]","[[""0.9300"",""1665.00""],[""0.9320"",""125.00""],[""0.9340"",""125.00""],[""0.9350"",""10.00""],[""0.9380"",""125.00""],[""0.9390"",""120.00""],[""0.9400"",""1.00""],[""0.9420"",""1400.00""],[""0.9430"",""663.83""],[""0.9440"",""15.00""]]"
2026-05-16T13:40:48.344Z,KXBTC15M-26MAY160945-45,BTC price up in next 15 mins?,KXBTC15M-26MAY160945,2026-05-16T13:45:00Z,active,0.07,0.071,0.929,0.93,0.07050000000000001,0.07,206365.63,73327.86,101.0,222.1,"[[""0.0330"",""1.00""],[""0.0340"",""125.00""],[""0.0360"",""125.00""],[""0.0380"",""125.00""],[""0.0400"",""3206.00""],[""0.0410"",""630.00""],[""0.0430"",""135.00""],[""0.0440"",""402.00""],[""0.0510"",""22.00""],[""0.0520"",""101.00""]]","[[""0.9250"",""150.00""],[""0.9270"",""125.00""],[""0.9300"",""1665.00""],[""0.9320"",""125.00""],[""0.9340"",""135.00""],[""0.9380"",""125.00""],[""0.9390"",""120.00""],[""0.9400"",""17.00""],[""0.9420"",""811.32""],[""0.9430"",""222.10""]]"
2026-05-16T13:40:50.346Z,KXBTC15M-26MAY160945-45,BTC price up in next 15 mins?,KXBTC15M-26MAY160945,2026-05-16T13:45:00Z,active,0.07,0.071,0.929,0.93,0.07050000000000001,0.07,206365.63,73327.86,15.31,330.0,"[[""0.0340"",""125.00""],[""0.0360"",""125.00""],[""0.0380"",""125.00""],[""0.0400"",""3206.00""],[""0.0410"",""50.00""],[""0.0420"",""380.00""],[""0.0430"",""535.00""],[""0.0440"",""2.00""],[""0.0510"",""22.00""],[""0.0520"",""15.31""]]","[[""0.9270"",""125.00""],[""0.9280"",""101.00""],[""0.9300"",""1665.00""],[""0.9320"",""125.00""],[""0.9340"",""135.00""],[""0.9380"",""140.00""],[""0.9390"",""120.00""],[""0.9400"",""1.00""],[""0.9420"",""811.32""],[""0.9430"",""330.00""]]"
2026-05-16T13:40:52.341Z,KXBTC15M-26MAY160945-45,BTC price up in next 15 mins?,KXBTC15M-26MAY160945,2026-05-16T13:45:00Z,active,0.07,0.071,0.929,0.93,0.07050000000000001,0.07,206365.63,73327.86,2.0,1.0,"[[""0.0400"",""2182.00""],[""0.0410"",""50.00""],[""0.0430"",""125.00""],[""0.0460"",""125.00""],[""0.0490"",""125.00""],[""0.0500"",""1010.00""],[""0.0520"",""125.00""],[""0.0530"",""501.00""],[""0.0550"",""64.00""],[""0.0560"",""2.00""]]","[[""0.9200"",""1545.00""],[""0.9210"",""1258.00""],[""0.9250"",""125.00""],[""0.9260"",""210.00""],[""0.9270"",""606.00""],[""0.9300"",""125.00""],[""0.9320"",""1125.00""],[""0.9340"",""125.00""],[""0.9390"",""120.00""],[""0.9400"",""1.00""]]"
2026-05-16T13:40:54.350Z,KXBTC15M-26MAY160945-45,BTC price up in next 15 mins?,KXBTC15M-26MAY160945,2026-05-16T13:45:00Z,active,0.07,0.071,0.929,0.93,0.07050000000000001,0.07,206365.63,73327.86,42.0,575.0,"[[""0.0400"",""3182.00""],[""0.0410"",""50.00""],[""0.0430"",""125.00""],[""0.0440"",""10.00""],[""0.0450"",""101.00""],[""0.0460"",""505.00""],[""0.0470"",""400.00""],[""0.0490"",""125.00""],[""0.0510"",""2.00""],[""0.0520"",""42.00""]]","[[""0.9250"",""125.00""],[""0.9270"",""125.00""],[""0.9280"",""13.00""],[""0.9300"",""125.00""],[""0.9320"",""135.00""],[""0.9340"",""125.00""],[""0.9370"",""226.00""],[""0.9390"",""27.94""],[""0.9420"",""1384.85""],[""0.9430"",""575.00""]]"
2026-05-16T13:40:56.353Z,KXBTC15M-26MAY160945-45,BTC price up in next 15 mins?,KXBTC15M-26MAY160945,2026-05-16T13:45:00Z,active,0.07,0.071,0.929,0.93,0.07050000000000001,0.07,206365.63,73327.86,400.0,255.0,"[[""0.0380"",""125.00""],[""0.0400"",""3206.00""],[""0.0410"",""50.00""],[""0.0430"",""125.00""],[""0.0440"",""10.00""],[""0.0450"",""101.00""],[""0.0460"",""125.00""],[""0.0490"",""125.00""],[""0.0500"",""434.00""],[""0.0510"",""400.00""]]","[[""0.9270"",""125.00""],[""0.9280"",""14.00""],[""0.9300"",""149.00""],[""0.9320"",""135.00""],[""0.9340"",""125.00""],[""0.9370"",""125.00""],[""0.9380"",""101.00""],[""0.9390"",""27.94""],[""0.9420"",""1384.85""],[""0.9430"",""255.00""]]"
2026-05-16T13:40:58.352Z,KXBTC15M-26MAY160945-45,BTC price up in next 15 mins?,KXBTC15M-26MAY160945,2026-05-16T13:45:00Z,active,0.07,0.071,0.929,0.93,0.07050000000000001,0.07,206365.63,73327.86,255.0,895.24,"[[""0.0360"",""125.00""],[""0.0380"",""125.00""],[""0.0400"",""3606.00""],[""0.0410"",""450.00""],[""0.0430"",""125.00""],[""0.0440"",""111.00""],[""0.0460"",""125.00""],[""0.0490"",""127.00""],[""0.0500"",""52.00""],[""0.0510"",""255.00""]]","[[""0.9300"",""149.00""],[""0.9310"",""200.00""],[""0.9320"",""325.00""],[""0.9340"",""125.00""],[""0.9350"",""10.00""],[""0.9370"",""125.00""],[""0.9380"",""101.00""],[""0.9390"",""27.94""],[""0.9410"",""180.00""],[""0.9420"",""895.24""]]"
2026-05-16T13:41:00.353Z,KXBTC15M-26MAY160945-45,BTC price up in next 15 mins?,KXBTC15M-26MAY160945,2026-05-16T13:45:00Z,active,0.07,0.071,0.929,0.93,0.07050000000000001,0.07,206365.63,73327.86,42.0,77.07,"[[""0.0400"",""3206.00""],[""0.0410"",""50.00""],[""0.0430"",""125.00""],[""0.0440"",""10.00""],[""0.0450"",""2.00""],[""0.0460"",""226.00""],[""0.0470"",""200.00""],[""0.0490"",""125.00""],[""0.0550"",""180.00""],[""0.0560"",""42.00""]]","[[""0.9240"",""414.00""],[""0.9250"",""125.00""],[""0.9270"",""125.00""],[""0.9300"",""149.00""],[""0.9320"",""1125.00""],[""0.9340"",""125.00""],[""0.9350"",""10.00""],[""0.9370"",""426.00""],[""0.9380"",""380.00""],[""0.9390"",""77.07""]]"
2026-05-16T13:41:02.362Z,KXBTC15M-26MAY160945-45,BTC price up in next 15 mins?,KXBTC15M-26MAY160945,2026-05-16T13:45:00Z,active,0.07,0.071,0.929,0.93,0.07050000000000001,0.07,206365.63,73327.86,1.0,77.13,"[[""0.0330"",""1.00""],[""0.0340"",""134.00""],[""0.0360"",""125.00""],[""0.0370"",""10.00""],[""0.0380"",""125.00""],[""0.0400"",""3184.00""],[""0.0410"",""50.00""],[""0.0430"",""226.00""],[""0.0440"",""380.00""],[""0.0500"",""1.00""]]","[[""0.9300"",""2066.00""],[""0.9320"",""125.00""],[""0.9340"",""125.00""],[""0.9370"",""125.00""],[""0.9390"",""27.94""],[""0.9400"",""226.00""],[""0.9420"",""1535.00""],[""0.9430"",""580.00""],[""0.9450"",""125.00""],[""0.9460"",""77.13""]]"
2026-05-16T13:41:04.346Z,KXBTC15M-26MAY160945-45,BTC price up in next 15 mins?,KXBTC15M-26MAY160945,2026-05-16T13:45:00Z,active,0.07,0.071,0.929,0.93,0.07050000000000001,0.07,206365.63,73327.86,176.0,49.13,"[[""0.0320"",""329.00""],[""0.0330"",""1.00""],[""0.0340"",""125.00""],[""0.0360"",""125.00""],[""0.0380"",""134.00""],[""0.0390"",""103.00""],[""0.0400"",""3192.00""],[""0.0410"",""450.00""],[""0.0430"",""125.00""],[""0.0440"",""176.00""]]","[[""0.9390"",""37.94""],[""0.9400"",""349.00""],[""0.9410"",""200.00""],[""0.9420"",""125.00""],[""0.9430"",""180.00""],[""0.9440"",""101.00""],[""0.9450"",""125.00""],[""0.9460"",""25.00""],[""0.9520"",""1000.00""],[""0.9530"",""49.13""]]"
2026-05-16T13:41:06.348Z,KXBTC15M-26MAY160945-45,BTC price up in next 15 mins?,KXBTC15M-26MAY160945,2026-05-16T13:45:00Z,active,0.044,0.047,0.953,0.956,0.0455,0.054,210567.19,75592.13,265.0,51.54,"[[""0.0310"",""101.00""],[""0.0320"",""329.00""],[""0.0330"",""1.00""],[""0.0340"",""125.00""],[""0.0360"",""125.00""],[""0.0370"",""10.00""],[""0.0380"",""134.00""],[""0.0390"",""101.00""],[""0.0400"",""470.72""],[""0.0410"",""265.00""]]","[[""0.9340"",""125.00""],[""0.9370"",""125.00""],[""0.9390"",""37.94""],[""0.9400"",""149.00""],[""0.9420"",""125.00""],[""0.9450"",""226.00""],[""0.9480"",""505.00""],[""0.9500"",""125.00""],[""0.9520"",""1000.00""],[""0.9530"",""51.54""]]"
2026-05-16T13:41:08.351Z,KXBTC15M-26MAY160945-45,BTC price up in next 15 mins?,KXBTC15M-26MAY160945,2026-05-16T13:45:00Z,active,0.044,0.047,0.953,0.956,0.0455,0.054,210567.19,75592.13,372.68,917.3,"[[""0.0300"",""2996.00""],[""0.0310"",""101.00""],[""0.0320"",""329.00""],[""0.0330"",""1.00""],[""0.0340"",""125.00""],[""0.0360"",""125.00""],[""0.0370"",""10.00""],[""0.0380"",""103.00""],[""0.0400"",""488.72""],[""0.0410"",""372.68""]]","[[""0.9370"",""125.00""],[""0.9390"",""27.94""],[""0.9400"",""150.00""],[""0.9410"",""50.00""],[""0.9420"",""135.00""],[""0.9450"",""226.00""],[""0.9480"",""325.00""],[""0.9490"",""380.00""],[""0.9500"",""140.00""],[""0.9520"",""917.30""]]"
2026-05-16T13:41:10.344Z,KXBTC15M-26MAY160945-45,BTC price up in next 15 mins?,KXBTC15M-26MAY160945,2026-05-16T13:45:00Z,active,0.044,0.047,0.953,0.956,0.0455,0.054,210567.19,75592.13,209.05,162.54,"[[""0.0290"",""146.00""],[""0.0300"",""2996.00""],[""0.0310"",""101.00""],[""0.0320"",""329.00""],[""0.0330"",""1.00""],[""0.0340"",""125.00""],[""0.0370"",""113.00""],[""0.0380"",""20.00""],[""0.0400"",""469.72""],[""0.0410"",""209.05""]]","[[""0.9390"",""27.94""],[""0.9400"",""150.00""],[""0.9410"",""50.00""],[""0.9420"",""135.00""],[""0.9450"",""125.00""],[""0.9460"",""101.00""],[""0.9480"",""125.00""],[""0.9500"",""175.00""],[""0.9520"",""930.28""],[""0.9530"",""162.54""]]"
2026-05-16T13:41:12.349Z,KXBTC15M-26MAY160945-45,BTC price up in next 15 mins?,KXBTC15M-26MAY160945,2026-05-16T13:45:00Z,active,0.044,0.047,0.953,0.956,0.0455,0.054,210567.19,75592.13,314.28,661.83,"[[""0.0280"",""125.00""],[""0.0290"",""146.00""],[""0.0300"",""2996.00""],[""0.0310"",""101.00""],[""0.0320"",""329.00""],[""0.0330"",""201.00""],[""0.0340"",""135.00""],[""0.0360"",""103.00""],[""0.0380"",""20.00""],[""0.0400"",""314.28""]]","[[""0.9370"",""125.00""],[""0.9390"",""27.94""],[""0.9400"",""1689.00""],[""0.9410"",""50.00""],[""0.9420"",""125.00""],[""0.9450"",""135.00""],[""0.9480"",""226.00""],[""0.9500"",""176.00""],[""0.9520"",""1330.28""],[""0.9530"",""661.83""]]"
2026-05-16T13:41:14.366Z,KXBTC15M-26MAY160945-45,BTC price up in next 15 mins?,KXBTC15M-26MAY160945,2026-05-16T13:45:00Z,active,0.044,0.047,0.953,0.956,0.0455,0.054,210567.19,75592.13,86.21,180.0,"[[""0.0250"",""4.00""],[""0.0260"",""276.00""],[""0.0270"",""24.00""],[""0.0280"",""125.00""],[""0.0300"",""1432.00""],[""0.0310"",""111.00""],[""0.0320"",""331.00""],[""0.0330"",""302.00""],[""0.0340"",""180.00""],[""0.0400"",""86.21""]]","[[""0.9420"",""125.00""],[""0.9450"",""125.00""],[""0.9480"",""125.00""],[""0.9500"",""200.00""],[""0.9510"",""111.00""],[""0.9520"",""1316.28""],[""0.9530"",""435.09""],[""0.9570"",""10.00""],[""0.9580"",""36.00""],[""0.9590"",""180.00""]]"
2026-05-16T13:41:16.354Z,KXBTC15M-26MAY160945-45,BTC price up in next 15 mins?,KXBTC15M-26MAY160945,2026-05-16T13:45:00Z,active,0.044,0.047,0.953,0.956,0.0455,0.054,210567.19,75592.13,85.21,155.47,"[[""0.0240"",""125.00""],[""0.0250"",""4.00""],[""0.0260"",""276.00""],[""0.0280"",""125.00""],[""0.0290"",""20.00""],[""0.0300"",""1432.00""],[""0.0310"",""111.00""],[""0.0320"",""812.00""],[""0.0330"",""1.00""],[""0.0400"",""85.21""]]","[[""0.9450"",""125.00""],[""0.9480"",""125.00""],[""0.9500"",""200.00""],[""0.9510"",""10.00""],[""0.9520"",""1316.28""],[""0.9530"",""598.09""],[""0.9540"",""37.50""],[""0.9570"",""10.00""],[""0.9580"",""36.00""],[""0.9590"",""155.47""]]"
2026-05-16T13:41:18.346Z,KXBTC15M-26MAY160945-45,BTC price up in next 15 mins?,KXBTC15M-26MAY160945,2026-05-16T13:45:00Z,active,0.044,0.047,0.953,0.956,0.0455,0.054,210567.19,75592.13,75.0,1442.15,"[[""0.0220"",""1499.00""],[""0.0240"",""125.00""],[""0.0250"",""156.00""],[""0.0260"",""125.00""],[""0.0280"",""125.00""],[""0.0290"",""20.00""],[""0.0300"",""1432.00""],[""0.0310"",""113.00""],[""0.0320"",""430.00""],[""0.0330"",""75.00""]]","[[""0.9450"",""125.00""],[""0.9480"",""125.00""],[""0.9500"",""150.00""],[""0.9510"",""10.00""],[""0.9530"",""97.09""],[""0.9540"",""101.00""],[""0.9570"",""10.00""],[""0.9600"",""77.67""],[""0.9610"",""20.00""],[""0.9620"",""1442.15""]]"
2026-05-16T13:41:20.355Z,KXBTC15M-26MAY160945-45,BTC price up in next 15 mins?,KXBTC15M-26MAY160945,2026-05-16T13:45:00Z,active,0.044,0.047,0.953,0.956,0.0455,0.054,210567.19,75592.13,63.98,148.0,"[[""0.0210"",""190.00""],[""0.0220"",""1499.00""],[""0.0230"",""400.00""],[""0.0240"",""125.00""],[""0.0250"",""156.00""],[""0.0260"",""125.00""],[""0.0280"",""135.00""],[""0.0290"",""22.00""],[""0.0300"",""361.20""],[""0.0310"",""63.98""]]","[[""0.9530"",""97.09""],[""0.9560"",""125.00""],[""0.9570"",""10.00""],[""0.9580"",""125.00""],[""0.9600"",""82.67""],[""0.9610"",""20.00""],[""0.9620"",""1400.00""],[""0.9630"",""784.00""],[""0.9650"",""230.00""],[""0.9680"",""148.00""]]"
2026-05-16T13:41:22.346Z,KXBTC15M-26MAY160945-45,BTC price up in next 15 mins?,KXBTC15M-26MAY160945,2026-05-16T13:45:00Z,active,0.044,0.047,0.953,0.956,0.0455,0.054,210567.19,75592.13,947.62,402.26,"[[""0.0200"",""3210.00""],[""0.0210"",""590.00""],[""0.0220"",""1499.00""],[""0.0230"",""2333.00""],[""0.0240"",""125.00""],[""0.0250"",""4.00""],[""0.0260"",""125.00""],[""0.0270"",""149.00""],[""0.0290"",""20.00""],[""0.0300"",""947.62""]]","[[""0.9560"",""125.00""],[""0.9570"",""10.00""],[""0.9580"",""125.00""],[""0.9600"",""83.67""],[""0.9610"",""175.00""],[""0.9620"",""1400.00""],[""0.9630"",""584.00""],[""0.9650"",""230.00""],[""0.9680"",""47.00""],[""0.9690"",""402.26""]]"
2026-05-16T13:41:24.357Z,KXBTC15M-26MAY160945-45,BTC price up in next 15 mins?,KXBTC15M-26MAY160945,2026-05-16T13:45:00Z,active,0.044,0.047,0.953,0.956,0.0455,0.054,210567.19,75592.13,283.74,47.0,"[[""0.0200"",""3210.00""],[""0.0210"",""190.00""],[""0.0220"",""1899.00""],[""0.0240"",""2458.00""],[""0.0250"",""404.00""],[""0.0260"",""125.00""],[""0.0280"",""147.00""],[""0.0290"",""20.00""],[""0.0300"",""207.00""],[""0.0310"",""283.74""]]","[[""0.9550"",""17.00""],[""0.9560"",""125.00""],[""0.9570"",""10.00""],[""0.9580"",""125.00""],[""0.9600"",""83.67""],[""0.9610"",""175.00""],[""0.9620"",""1400.00""],[""0.9630"",""584.00""],[""0.9650"",""230.00""],[""0.9680"",""47.00""]]"
2026-05-16T13:41:26.358Z,KXBTC15M-26MAY160945-45,BTC price up in next 15 mins?,KXBTC15M-26MAY160945,2026-05-16T13:45:00Z,active,0.044,0.047,0.953,0.956,0.0455,0.054,210567.19,75592.13,805.77,75.0,"[[""0.0200"",""3210.00""],[""0.0210"",""590.00""],[""0.0220"",""1499.00""],[""0.0230"",""2333.00""],[""0.0240"",""125.00""],[""0.0250"",""4.00""],[""0.0260"",""125.00""],[""0.0280"",""147.00""],[""0.0300"",""25.00""],[""0.0310"",""805.77""]]","[[""0.9530"",""97.09""],[""0.9560"",""125.00""],[""0.9570"",""24.00""],[""0.9580"",""125.00""],[""0.9600"",""83.67""],[""0.9610"",""375.00""],[""0.9620"",""1580.00""],[""0.9630"",""204.00""],[""0.9650"",""145.91""],[""0.9660"",""75.00""]]"
2026-05-16T13:41:28.351Z,KXBTC15M-26MAY160945-45,BTC price up in next 15 mins?,KXBTC15M-26MAY160945,2026-05-16T13:45:00Z,active,0.044,0.047,0.953,0.956,0.0455,0.054,210567.19,75592.13,276.1,220.91,"[[""0.0200"",""3610.00""],[""0.0210"",""190.00""],[""0.0220"",""1499.00""],[""0.0230"",""2333.00""],[""0.0240"",""125.00""],[""0.0250"",""14.00""],[""0.0260"",""125.00""],[""0.0280"",""147.00""],[""0.0300"",""405.00""],[""0.0310"",""276.10""]]","[[""0.9510"",""50.00""],[""0.9530"",""97.09""],[""0.9560"",""125.00""],[""0.9570"",""34.00""],[""0.9580"",""125.00""],[""0.9600"",""83.67""],[""0.9610"",""175.00""],[""0.9620"",""1400.00""],[""0.9630"",""584.00""],[""0.9650"",""220.91""]]"
2026-05-16T13:41:30.357Z,KXBTC15M-26MAY160945-45,BTC price up in next 15 mins?,KXBTC15M-26MAY160945,2026-05-16T13:45:00Z,active,0.044,0.047,0.953,0.956,0.0455,0.054,210567.19,75592.13,180.0,235.26,"[[""0.0180"",""525.00""],[""0.0200"",""3210.00""],[""0.0210"",""2523.00""],[""0.0220"",""1499.00""],[""0.0230"",""400.00""],[""0.0240"",""125.00""],[""0.0250"",""14.00""],[""0.0270"",""17.00""],[""0.0280"",""172.00""],[""0.0300"",""180.00""]]","[[""0.9550"",""25.00""],[""0.9560"",""125.00""],[""0.9570"",""20.00""],[""0.9580"",""125.00""],[""0.9600"",""83.67""],[""0.9610"",""175.00""],[""0.9620"",""1400.00""],[""0.9630"",""798.00""],[""0.9640"",""125.00""],[""0.9650"",""235.26""]]"
2026-05-16T13:41:32.350Z,KXBTC15M-26MAY160945-45,BTC price up in next 15 mins?,KXBTC15M-26MAY160945,2026-05-16T13:45:00Z,active,0.044,0.047,0.953,0.956,0.0455,0.054,210567.19,75592.13,180.0,324.98,"[[""0.0170"",""400.00""],[""0.0180"",""125.00""],[""0.0200"",""3210.00""],[""0.0210"",""2523.00""],[""0.0220"",""1534.00""],[""0.0230"",""400.00""],[""0.0250"",""4.00""],[""0.0270"",""149.00""],[""0.0280"",""18.00""],[""0.0290"",""180.00""]]","[[""0.9540"",""10.00""],[""0.9550"",""25.00""],[""0.9560"",""125.00""],[""0.9570"",""10.00""],[""0.9580"",""125.00""],[""0.9600"",""93.67""],[""0.9610"",""276.00""],[""0.9620"",""1000.00""],[""0.9630"",""604.00""],[""0.9640"",""324.98""]]"
2026-05-16T13:41:34.341Z,KXBTC15M-26MAY160945-45,BTC price up in next 15 mins?,KXBTC15M-26MAY160945,2026-05-16T13:45:00Z,active,0.044,0.047,0.953,0.956,0.0455,0.054,210567.19,75592.13,171.63,15.0,"[[""0.0180"",""125.00""],[""0.0190"",""2333.00""],[""0.0200"",""3210.00""],[""0.0210"",""190.00""],[""0.0220"",""1534.00""],[""0.0230"",""400.00""],[""0.0250"",""4.00""],[""0.0260"",""18.00""],[""0.0270"",""149.00""],[""0.0280"",""171.63""]]","[[""0.9550"",""27.00""],[""0.9560"",""125.00""],[""0.9570"",""10.00""],[""0.9580"",""125.00""],[""0.9600"",""93.67""],[""0.9610"",""326.00""],[""0.9620"",""1000.00""],[""0.9630"",""604.00""],[""0.9640"",""355.67""],[""0.9650"",""15.00""]]"
2026-05-16T13:41:36.362Z,KXBTC15M-26MAY160945-45,BTC price up in next 15 mins?,KXBTC15M-26MAY160945,2026-05-16T13:45:00Z,active,0.028,0.036,0.964,0.972,0.032,0.028,216520.49,77059.70,372.33,134.41,"[[""0.0140"",""125.00""],[""0.0150"",""511.00""],[""0.0160"",""129.00""],[""0.0180"",""125.00""],[""0.0190"",""2333.00""],[""0.0200"",""3210.00""],[""0.0210"",""208.00""],[""0.0220"",""1373.49""],[""0.0240"",""180.00""],[""0.0260"",""372.33""]]","[[""0.9560"",""127.00""],[""0.9570"",""10.00""],[""0.9580"",""125.00""],[""0.9600"",""98.67""],[""0.9610"",""225.00""],[""0.9620"",""1000.00""],[""0.9630"",""604.00""],[""0.9640"",""200.00""],[""0.9690"",""275.00""],[""0.9720"",""134.41""]]"
2026-05-16T13:41:38.351Z,KXBTC15M-26MAY160945-45,BTC price up in next 15 mins?,KXBTC15M-26MAY160945,2026-05-16T13:45:00Z,active,0.028,0.036,0.964,0.972,0.032,0.028,216520.49,77059.70,371.33,119.99,"[[""0.0140"",""525.00""],[""0.0150"",""111.00""],[""0.0160"",""129.00""],[""0.0180"",""125.00""],[""0.0190"",""2333.00""],[""0.0200"",""670.00""],[""0.0210"",""190.00""],[""0.0220"",""1373.49""],[""0.0230"",""395.00""],[""0.0260"",""371.33""]]","[[""0.9570"",""12.00""],[""0.9580"",""125.00""],[""0.9600"",""112.67""],[""0.9610"",""225.00""],[""0.9620"",""1000.00""],[""0.9630"",""614.00""],[""0.9640"",""200.00""],[""0.9650"",""35.65""],[""0.9690"",""77.00""],[""0.9700"",""119.99""]]"
2026-05-16T13:41:40.363Z,KXBTC15M-26MAY160945-45,BTC price up in next 15 mins?,KXBTC15M-26MAY160945,2026-05-16T13:45:00Z,active,0.028,0.036,0.964,0.972,0.032,0.028,216520.49,77059.70,47.33,77.0,"[[""0.0150"",""111.00""],[""0.0160"",""129.00""],[""0.0170"",""2333.00""],[""0.0180"",""125.00""],[""0.0200"",""3210.00""],[""0.0210"",""871.00""],[""0.0220"",""1373.49""],[""0.0240"",""15.00""],[""0.0250"",""152.00""],[""0.0260"",""47.33""]]","[[""0.9560"",""125.00""],[""0.9570"",""10.00""],[""0.9580"",""127.00""],[""0.9600"",""127.67""],[""0.9610"",""225.00""],[""0.9620"",""1000.00""],[""0.9630"",""604.00""],[""0.9640"",""200.00""],[""0.9670"",""15.00""],[""0.9690"",""77.00""]]"
2026-05-16T13:41:42.349Z,KXBTC15M-26MAY160945-45,BTC price up in next 15 mins?,KXBTC15M-26MAY160945,2026-05-16T13:45:00Z,active,0.028,0.036,0.964,0.972,0.032,0.028,216520.49,77059.70,1026.0,13.0,"[[""0.0120"",""750.00""],[""0.0130"",""1244.00""],[""0.0140"",""125.00""],[""0.0150"",""111.00""],[""0.0160"",""139.00""],[""0.0170"",""101.00""],[""0.0180"",""125.00""],[""0.0200"",""684.00""],[""0.0210"",""212.00""],[""0.0220"",""1026.00""]]","[[""0.9600"",""20.00""],[""0.9610"",""225.00""],[""0.9630"",""204.00""],[""0.9640"",""125.00""],[""0.9650"",""101.00""],[""0.9670"",""125.00""],[""0.9690"",""87.00""],[""0.9700"",""78.00""],[""0.9720"",""1137.59""],[""0.9730"",""13.00""]]"
2026-05-16T13:41:44.355Z,KXBTC15M-26MAY160945-45,BTC price up in next 15 mins?,KXBTC15M-26MAY160945,2026-05-16T13:45:00Z,active,0.028,0.036,0.964,0.972,0.032,0.028,216520.49,77059.70,519.74,393.0,"[[""0.0110"",""61.00""],[""0.0120"",""750.00""],[""0.0130"",""1244.00""],[""0.0140"",""705.00""],[""0.0150"",""111.00""],[""0.0160"",""240.00""],[""0.0180"",""125.00""],[""0.0200"",""684.00""],[""0.0210"",""190.00""],[""0.0220"",""519.74""]]","[[""0.9610"",""225.00""],[""0.9620"",""2.00""],[""0.9630"",""204.00""],[""0.9640"",""125.00""],[""0.9670"",""125.00""],[""0.9690"",""87.00""],[""0.9700"",""452.00""],[""0.9710"",""123.00""],[""0.9720"",""1537.59""],[""0.9730"",""393.00""]]"
2026-05-16T13:41:46.359Z,KXBTC15M-26MAY160945-45,BTC price up in next 15 mins?,KXBTC15M-26MAY160945,2026-05-16T13:45:00Z,active,0.028,0.036,0.964,0.972,0.032,0.028,216520.49,77059.70,405.99,180.0,"[[""0.0100"",""3616.77""],[""0.0110"",""86.00""],[""0.0120"",""750.00""],[""0.0130"",""1634.00""],[""0.0140"",""125.00""],[""0.0150"",""212.00""],[""0.0160"",""129.00""],[""0.0180"",""146.00""],[""0.0190"",""165.00""],[""0.0200"",""405.99""]]","[[""0.9630"",""206.00""],[""0.9640"",""125.00""],[""0.9670"",""125.00""],[""0.9690"",""77.00""],[""0.9700"",""453.00""],[""0.9720"",""1547.59""],[""0.9730"",""576.00""],[""0.9750"",""17.00""],[""0.9760"",""117.37""],[""0.9770"",""180.00""]]"
2026-05-16T13:41:48.350Z,KXBTC15M-26MAY160945-45,BTC price up in next 15 mins?,KXBTC15M-26MAY160945,2026-05-16T13:45:00Z,active,0.028,0.036,0.964,0.972,0.032,0.028,216520.49,77059.70,161.01,235.1,"[[""0.0110"",""86.00""],[""0.0120"",""1130.00""],[""0.0130"",""1254.00""],[""0.0140"",""125.00""],[""0.0150"",""212.00""],[""0.0160"",""129.00""],[""0.0170"",""26.00""],[""0.0180"",""125.00""],[""0.0190"",""165.00""],[""0.0200"",""161.01""]]","[[""0.9640"",""125.00""],[""0.9650"",""2.00""],[""0.9670"",""125.00""],[""0.9690"",""77.00""],[""0.9700"",""453.00""],[""0.9720"",""1147.59""],[""0.9730"",""75.00""],[""0.9740"",""101.00""],[""0.9760"",""497.38""],[""0.9770"",""235.10""]]"
2026-05-16T13:41:50.348Z,KXBTC15M-26MAY160945-45,BTC price up in next 15 mins?,KXBTC15M-26MAY160945,2026-05-16T13:45:00Z,active,0.028,0.036,0.964,0.972,0.032,0.028,216520.49,77059.70,120.66,300.38,"[[""0.0110"",""86.00""],[""0.0120"",""750.00""],[""0.0130"",""1244.00""],[""0.0140"",""125.00""],[""0.0150"",""212.00""],[""0.0160"",""139.00""],[""0.0170"",""21.00""],[""0.0180"",""125.00""],[""0.0190"",""165.00""],[""0.0200"",""120.66""]]","[[""0.9610"",""225.00""],[""0.9630"",""204.00""],[""0.9640"",""125.00""],[""0.9650"",""2.00""],[""0.9670"",""125.00""],[""0.9690"",""87.00""],[""0.9700"",""79.00""],[""0.9720"",""1137.59""],[""0.9740"",""101.00""],[""0.9760"",""300.38""]]"
2026-05-16T13:41:52.350Z,KXBTC15M-26MAY160945-45,BTC price up in next 15 mins?,KXBTC15M-26MAY160945,2026-05-16T13:45:00Z,active,0.028,0.036,0.964,0.972,0.032,0.028,216520.49,77059.70,156.21,146.92,"[[""0.0050"",""55.00""],[""0.0060"",""401.00""],[""0.0080"",""2914.00""],[""0.0100"",""3616.77""],[""0.0110"",""86.00""],[""0.0120"",""851.00""],[""0.0130"",""1254.00""],[""0.0150"",""131.00""],[""0.0160"",""4.00""],[""0.0180"",""156.21""]]","[[""0.9690"",""77.00""],[""0.9700"",""204.00""],[""0.9720"",""1147.59""],[""0.9730"",""125.00""],[""0.9750"",""125.00""],[""0.9760"",""581.38""],[""0.9770"",""200.00""],[""0.9780"",""155.69""],[""0.9800"",""27.94""],[""0.9810"",""146.92""]]"
2026-05-16T13:41:54.370Z,KXBTC15M-26MAY160945-45,BTC price up in next 15 mins?,KXBTC15M-26MAY160945,2026-05-16T13:45:00Z,active,0.028,0.036,0.964,0.972,0.032,0.028,216520.49,77059.70,225.64,180.0,"[[""0.0070"",""400.00""],[""0.0080"",""1.00""],[""0.0090"",""2913.00""],[""0.0100"",""1076.77""],[""0.0110"",""86.00""],[""0.0120"",""750.00""],[""0.0130"",""1254.00""],[""0.0140"",""101.00""],[""0.0150"",""111.00""],[""0.0170"",""225.64""]]","[[""0.9690"",""77.00""],[""0.9700"",""150.00""],[""0.9720"",""1147.59""],[""0.9730"",""125.00""],[""0.9750"",""226.00""],[""0.9760"",""497.38""],[""0.9770"",""200.00""],[""0.9780"",""134.69""],[""0.9800"",""24.88""],[""0.9810"",""180.00""]]"
2026-05-16T13:41:56.360Z,KXBTC15M-26MAY160945-45,BTC price up in next 15 mins?,KXBTC15M-26MAY160945,2026-05-16T13:45:00Z,active,0.028,0.036,0.964,0.972,0.032,0.028,216520.49,77059.70,95.6,395.0,"[[""0.0050"",""55.00""],[""0.0060"",""401.00""],[""0.0080"",""1.00""],[""0.0090"",""2333.00""],[""0.0100"",""1001.77""],[""0.0110"",""666.00""],[""0.0120"",""776.00""],[""0.0130"",""1254.00""],[""0.0140"",""282.00""],[""0.0150"",""95.60""]]","[[""0.9710"",""146.00""],[""0.9720"",""1147.59""],[""0.9730"",""125.00""],[""0.9750"",""226.00""],[""0.9760"",""280.38""],[""0.9780"",""134.69""],[""0.9800"",""24.88""],[""0.9810"",""217.00""],[""0.9820"",""384.25""],[""0.9830"",""395.00""]]"
2026-05-16T13:41:58.360Z,KXBTC15M-26MAY160945-45,BTC price up in next 15 mins?,KXBTC15M-26MAY160945,2026-05-16T13:45:00Z,active,0.028,0.036,0.964,0.972,0.032,0.028,216520.49,77059.70,496.63,16.0,"[[""0.0050"",""455.00""],[""0.0060"",""1.00""],[""0.0070"",""2333.00""],[""0.0080"",""1.00""],[""0.0090"",""23.00""],[""0.0100"",""1076.77""],[""0.0110"",""86.00""],[""0.0120"",""851.00""],[""0.0130"",""1439.00""],[""0.0140"",""496.63""]]","[[""0.9720"",""212.49""],[""0.9730"",""1166.00""],[""0.9740"",""151.00""],[""0.9750"",""135.00""],[""0.9760"",""381.38""],[""0.9780"",""134.69""],[""0.9800"",""98.88""],[""0.9820"",""1004.25""],[""0.9830"",""156.32""],[""0.9840"",""16.00""]]"
2026-05-16T13:42:00.366Z,KXBTC15M-26MAY160945-45,BTC price up in next 15 mins?,KXBTC15M-26MAY160945,2026-05-16T13:45:00Z,active,0.028,0.036,0.964,0.972,0.032,0.028,216520.49,77059.70,248.0,90.0,"[[""0.0050"",""55.00""],[""0.0060"",""1.00""],[""0.0070"",""2333.00""],[""0.0080"",""1.00""],[""0.0090"",""25.00""],[""0.0100"",""977.77""],[""0.0110"",""86.00""],[""0.0120"",""851.00""],[""0.0130"",""425.36""],[""0.0140"",""248.00""]]","[[""0.9740"",""151.00""],[""0.9750"",""125.00""],[""0.9760"",""280.38""],[""0.9770"",""101.00""],[""0.9780"",""144.69""],[""0.9800"",""198.88""],[""0.9820"",""1004.25""],[""0.9830"",""156.32""],[""0.9840"",""1003.64""],[""0.9850"",""90.00""]]"
2026-05-16T13:42:02.360Z,KXBTC15M-26MAY160945-45,BTC price up in next 15 mins?,KXBTC15M-26MAY160945,2026-05-16T13:45:00Z,active,0.028,0.036,0.964,0.972,0.032,0.028,216520.49,77059.70,255.79,957.64,"[[""0.0020"",""2219.00""],[""0.0030"",""800.00""],[""0.0050"",""2388.00""],[""0.0060"",""1.00""],[""0.0080"",""1.00""],[""0.0100"",""1073.77""],[""0.0110"",""187.00""],[""0.0120"",""939.00""],[""0.0130"",""279.12""],[""0.0140"",""255.79""]]","[[""0.9720"",""212.49""],[""0.9730"",""1166.00""],[""0.9740"",""151.00""],[""0.9750"",""125.00""],[""0.9760"",""280.38""],[""0.9780"",""245.69""],[""0.9800"",""249.88""],[""0.9820"",""1004.25""],[""0.9830"",""175.32""],[""0.9840"",""957.64""]]"
2026-05-16T13:42:04.358Z,KXBTC15M-26MAY160945-45,BTC price up in next 15 mins?,KXBTC15M-26MAY160945,2026-05-16T13:45:00Z,active,0.028,0.036,0.964,0.972,0.032,0.028,216520.49,77059.70,235.66,918.86,"[[""0.0020"",""2619.00""],[""0.0030"",""400.00""],[""0.0050"",""2388.00""],[""0.0060"",""1.00""],[""0.0080"",""1.00""],[""0.0100"",""1073.77""],[""0.0110"",""187.00""],[""0.0120"",""939.00""],[""0.0130"",""275.76""],[""0.0140"",""235.66""]]","[[""0.9700"",""1326.00""],[""0.9720"",""212.49""],[""0.9730"",""1166.00""],[""0.9750"",""277.00""],[""0.9760"",""280.38""],[""0.9780"",""245.69""],[""0.9800"",""249.88""],[""0.9820"",""1004.25""],[""0.9830"",""156.32""],[""0.9840"",""918.86""]]"
2026-05-16T13:42:06.351Z,KXBTC15M-26MAY160945-45,BTC price up in next 15 mins?,KXBTC15M-26MAY160945,2026-05-16T13:45:00Z,active,0.014,0.016,0.984,0.986,0.015,0.014,225951.43,76747.46,234.66,918.86,"[[""0.0030"",""400.00""],[""0.0050"",""2388.00""],[""0.0060"",""1.00""],[""0.0080"",""1.00""],[""0.0090"",""26.00""],[""0.0100"",""1052.77""],[""0.0110"",""86.00""],[""0.0120"",""939.00""],[""0.0130"",""275.76""],[""0.0140"",""234.66""]]","[[""0.9720"",""212.49""],[""0.9730"",""1166.00""],[""0.9750"",""277.00""],[""0.9760"",""280.38""],[""0.9780"",""144.69""],[""0.9790"",""101.00""],[""0.9800"",""351.88""],[""0.9820"",""1004.25""],[""0.9830"",""156.32""],[""0.9840"",""918.86""]]"
2026-05-16T13:42:08.356Z,KXBTC15M-26MAY160945-45,BTC price up in next 15 mins?,KXBTC15M-26MAY160945,2026-05-16T13:45:00Z,active,0.014,0.016,0.984,0.986,0.015,0.014,225951.43,76747.46,293.9,660.96,"[[""0.0020"",""2219.00""],[""0.0030"",""400.00""],[""0.0050"",""2388.00""],[""0.0060"",""1.00""],[""0.0080"",""26.00""],[""0.0100"",""1052.77""],[""0.0110"",""280.00""],[""0.0120"",""625.00""],[""0.0130"",""237.00""],[""0.0140"",""293.90""]]","[[""0.9710"",""400.00""],[""0.9720"",""312.49""],[""0.9730"",""1166.00""],[""0.9750"",""277.00""],[""0.9760"",""280.38""],[""0.9780"",""144.69""],[""0.9800"",""352.88""],[""0.9820"",""1004.25""],[""0.9830"",""156.32""],[""0.9840"",""660.96""]]"
2026-05-16T13:42:10.364Z,KXBTC15M-26MAY160945-45,BTC price up in next 15 mins?,KXBTC15M-26MAY160945,2026-05-16T13:45:00Z,active,0.014,0.016,0.984,0.986,0.015,0.014,225951.43,76747.46,500.09,14.0,"[[""0.0010"",""4978.00""],[""0.0020"",""1373.00""],[""0.0030"",""400.00""],[""0.0050"",""2388.00""],[""0.0060"",""1.00""],[""0.0070"",""10.00""],[""0.0080"",""26.00""],[""0.0100"",""1042.77""],[""0.0110"",""500.09""]]","[[""0.9760"",""280.38""],[""0.9780"",""134.69""],[""0.9790"",""160.00""],[""0.9800"",""453.88""],[""0.9810"",""10.00""],[""0.9820"",""1004.25""],[""0.9830"",""781.32""],[""0.9840"",""807.96""],[""0.9850"",""54.97""],[""0.9860"",""14.00""]]"
2026-05-16T13:42:12.346Z,KXBTC15M-26MAY160945-45,BTC price up in next 15 mins?,KXBTC15M-26MAY160945,2026-05-16T13:45:00Z,active,0.014,0.016,0.984,0.986,0.015,0.014,225951.43,76747.46,471.69,16.0,"[[""0.0010"",""4578.00""],[""0.0020"",""1773.00""],[""0.0030"",""400.00""],[""0.0050"",""2388.00""],[""0.0060"",""1.00""],[""0.0070"",""10.00""],[""0.0080"",""26.00""],[""0.0100"",""992.77""],[""0.0110"",""471.69""]]","[[""0.9750"",""625.00""],[""0.9760"",""660.38""],[""0.9780"",""134.69""],[""0.9800"",""413.88""],[""0.9810"",""111.00""],[""0.9820"",""1004.25""],[""0.9830"",""781.32""],[""0.9840"",""882.96""],[""0.9850"",""54.97""],[""0.9860"",""16.00""]]"
2026-05-16T13:42:14.356Z,KXBTC15M-26MAY160945-45,BTC price up in next 15 mins?,KXBTC15M-26MAY160945,2026-05-16T13:45:00Z,active,0.014,0.016,0.984,0.986,0.015,0.014,225951.43,76747.46,542.6,13.78,"[[""0.0010"",""4978.00""],[""0.0020"",""1373.00""],[""0.0030"",""2733.00""],[""0.0050"",""55.00""],[""0.0060"",""1.00""],[""0.0070"",""10.00""],[""0.0080"",""1.00""],[""0.0100"",""990.77""],[""0.0110"",""542.60""]]","[[""0.9750"",""125.00""],[""0.9760"",""480.38""],[""0.9770"",""100.00""],[""0.9780"",""134.69""],[""0.9800"",""662.88""],[""0.9810"",""111.00""],[""0.9820"",""1004.25""],[""0.9830"",""625.00""],[""0.9840"",""822.96""],[""0.9850"",""13.78""]]"
2026-05-16T13:42:16.355Z,KXBTC15M-26MAY160945-45,BTC price up in next 15 mins?,KXBTC15M-26MAY160945,2026-05-16T13:45:00Z,active,0.014,0.016,0.984,0.986,0.015,0.014,225951.43,76747.46,431.6,70.0,"[[""0.0010"",""4978.00""],[""0.0020"",""1373.00""],[""0.0030"",""2733.00""],[""0.0050"",""55.00""],[""0.0060"",""1.00""],[""0.0070"",""10.00""],[""0.0080"",""1.00""],[""0.0090"",""24.00""],[""0.0100"",""968.77""],[""0.0110"",""431.60""]]","[[""0.9760"",""280.38""],[""0.9770"",""200.00""],[""0.9780"",""514.69""],[""0.9790"",""100.00""],[""0.9800"",""499.88""],[""0.9810"",""276.00""],[""0.9820"",""1004.25""],[""0.9830"",""625.00""],[""0.9840"",""536.79""],[""0.9850"",""70.00""]]"
2026-05-16T13:42:32.930Z,KXBTC15M-26MAY160945-45,BTC price up in next 15 mins?,KXBTC15M-26MAY160945,2026-05-16T13:45:00Z,active,0.014,0.016,0.984,0.986,0.015,0.014,225951.43,76747.46,578.64,53.26,"[[""0.0010"",""4978.00""],[""0.0020"",""1373.00""],[""0.0030"",""400.00""],[""0.0050"",""55.00""],[""0.0060"",""1.00""],[""0.0070"",""10.00""],[""0.0080"",""1.00""],[""0.0100"",""920.24""],[""0.0110"",""578.64""]]","[[""0.9730"",""175.00""],[""0.9750"",""133.00""],[""0.9760"",""280.38""],[""0.9780"",""134.69""],[""0.9800"",""516.88""],[""0.9810"",""545.00""],[""0.9820"",""1004.25""],[""0.9830"",""511.80""],[""0.9840"",""114.53""],[""0.9850"",""53.26""]]"
2026-05-16T13:42:34.924Z,KXBTC15M-26MAY160945-45,BTC price up in next 15 mins?,KXBTC15M-26MAY160945,2026-05-16T13:45:00Z,active,0.014,0.016,0.984,0.986,0.015,0.014,225951.43,76747.46,49.09,155.26,"[[""0.0010"",""4578.00""],[""0.0020"",""1373.00""],[""0.0030"",""400.00""],[""0.0050"",""55.00""],[""0.0060"",""1.00""],[""0.0070"",""10.00""],[""0.0080"",""1.00""],[""0.0100"",""1300.24""],[""0.0110"",""49.09""]]","[[""0.9730"",""175.00""],[""0.9750"",""133.00""],[""0.9760"",""280.38""],[""0.9780"",""134.69""],[""0.9800"",""179.88""],[""0.9810"",""165.00""],[""0.9820"",""1404.25""],[""0.9830"",""1291.80""],[""0.9840"",""13.53""],[""0.9850"",""155.26""]]"
2026-05-16T13:42:36.938Z,KXBTC15M-26MAY160945-45,BTC price up in next 15 mins?,KXBTC15M-26MAY160945,2026-05-16T13:45:00Z,active,0.01,0.013,0.987,0.99,0.0115,0.01,231315.70,77809.78,874.93,462.79,"[[""0.0010"",""4578.00""],[""0.0020"",""1373.00""],[""0.0030"",""400.00""],[""0.0040"",""10.00""],[""0.0050"",""55.00""],[""0.0060"",""1.00""],[""0.0080"",""1.00""],[""0.0090"",""380.00""],[""0.0100"",""874.93""]]","[[""0.9710"",""2.00""],[""0.9720"",""214.49""],[""0.9730"",""125.00""],[""0.9750"",""183.00""],[""0.9760"",""280.38""],[""0.9780"",""134.69""],[""0.9800"",""179.88""],[""0.9820"",""1172.25""],[""0.9830"",""897.80""],[""0.9840"",""462.79""]]"
2026-05-16T13:42:38.923Z,KXBTC15M-26MAY160945-45,BTC price up in next 15 mins?,KXBTC15M-26MAY160945,2026-05-16T13:45:00Z,active,0.01,0.013,0.987,0.99,0.0115,0.01,231315.70,77809.78,101.0,180.0,"[[""0.0020"",""1373.00""],[""0.0030"",""400.00""],[""0.0040"",""10.00""],[""0.0050"",""55.00""],[""0.0060"",""1.00""],[""0.0070"",""380.00""],[""0.0080"",""1.00""],[""0.0100"",""779.93""],[""0.0110"",""23.00""],[""0.0120"",""101.00""]]","[[""0.9730"",""125.00""],[""0.9750"",""183.00""],[""0.9760"",""280.38""],[""0.9780"",""259.69""],[""0.9800"",""179.88""],[""0.9820"",""1186.25""],[""0.9830"",""897.80""],[""0.9840"",""176.18""],[""0.9850"",""54.26""],[""0.9860"",""180.00""]]"
2026-05-16T13:42:40.937Z,KXBTC15M-26MAY160945-45,BTC price up in next 15 mins?,KXBTC15M-26MAY160945,2026-05-16T13:45:00Z,active,0.01,0.013,0.987,0.99,0.0115,0.01,231315.70,77809.78,101.0,274.26,"[[""0.0010"",""4578.00""],[""0.0020"",""1373.00""],[""0.0030"",""400.00""],[""0.0040"",""10.00""],[""0.0050"",""55.00""],[""0.0060"",""1.00""],[""0.0080"",""381.00""],[""0.0100"",""779.93""],[""0.0110"",""23.00""],[""0.0120"",""101.00""]]","[[""0.9720"",""214.49""],[""0.9730"",""125.00""],[""0.9750"",""183.00""],[""0.9760"",""280.38""],[""0.9780"",""259.69""],[""0.9800"",""178.88""],[""0.9820"",""1004.25""],[""0.9830"",""1081.80""],[""0.9840"",""376.18""],[""0.9850"",""274.26""]]"
2026-05-16T13:42:42.929Z,KXBTC15M-26MAY160945-45,BTC price up in next 15 mins?,KXBTC15M-26MAY160945,2026-05-16T13:45:00Z,active,0.01,0.013,0.987,0.99,0.0115,0.01,231315.70,77809.78,48.09,380.0,"[[""0.0010"",""4578.00""],[""0.0020"",""1373.00""],[""0.0030"",""400.00""],[""0.0040"",""10.00""],[""0.0050"",""55.00""],[""0.0060"",""1.00""],[""0.0070"",""380.00""],[""0.0080"",""1.00""],[""0.0100"",""779.93""],[""0.0110"",""48.09""]]","[[""0.9750"",""125.00""],[""0.9760"",""288.38""],[""0.9770"",""50.00""],[""0.9780"",""259.69""],[""0.9800"",""303.88""],[""0.9820"",""1004.25""],[""0.9830"",""681.80""],[""0.9840"",""60.00""],[""0.9850"",""700.00""],[""0.9860"",""380.00""]]"
2026-05-16T13:42:44.935Z,KXBTC15M-26MAY160945-45,BTC price up in next 15 mins?,KXBTC15M-26MAY160945,2026-05-16T13:45:00Z,active,0.01,0.013,0.987,0.99,0.0115,0.01,231315.70,77809.78,45.58,103.03,"[[""0.0010"",""4578.00""],[""0.0020"",""3706.00""],[""0.0030"",""400.00""],[""0.0040"",""400.00""],[""0.0050"",""55.00""],[""0.0060"",""1.00""],[""0.0070"",""10.00""],[""0.0080"",""1.00""],[""0.0100"",""45.58""]]","[[""0.9720"",""264.49""],[""0.9730"",""125.00""],[""0.9750"",""125.00""],[""0.9760"",""298.38""],[""0.9770"",""50.00""],[""0.9780"",""259.69""],[""0.9800"",""178.88""],[""0.9820"",""1004.25""],[""0.9830"",""506.80""],[""0.9840"",""103.03""]]"
2026-05-16T13:42:46.933Z,KXBTC15M-26MAY160945-45,BTC price up in next 15 mins?,KXBTC15M-26MAY160945,2026-05-16T13:45:00Z,active,0.01,0.013,0.987,0.99,0.0115,0.01,231315.70,77809.78,180.0,562.8,"[[""0.0010"",""4578.00""],[""0.0020"",""1373.00""],[""0.0030"",""400.00""],[""0.0040"",""400.00""],[""0.0050"",""255.00""],[""0.0060"",""1.00""],[""0.0070"",""10.00""],[""0.0080"",""24.00""],[""0.0100"",""99.00""],[""0.0110"",""180.00""]]","[[""0.9740"",""50.00""],[""0.9750"",""125.00""],[""0.9760"",""488.38""],[""0.9770"",""536.00""],[""0.9780"",""259.69""],[""0.9790"",""50.00""],[""0.9800"",""154.88""],[""0.9810"",""125.00""],[""0.9820"",""1014.25""],[""0.9830"",""562.80""]]"
2026-05-16T13:42:48.918Z,KXBTC15M-26MAY160945-45,BTC price up in next 15 mins?,KXBTC15M-26MAY160945,2026-05-16T13:45:00Z,active,0.01,0.013,0.987,0.99,0.0115,0.01,231315.70,77809.78,101.0,188.38,"[[""0.0010"",""4578.00""],[""0.0020"",""1773.00""],[""0.0030"",""400.00""],[""0.0040"",""79.00""],[""0.0050"",""255.00""],[""0.0060"",""1.00""],[""0.0080"",""1.00""],[""0.0110"",""22.00""],[""0.0120"",""180.00""],[""0.0130"",""101.00""]]","[[""0.9750"",""125.00""],[""0.9760"",""288.38""],[""0.9770"",""156.00""],[""0.9780"",""259.69""],[""0.9790"",""50.00""],[""0.9800"",""378.88""],[""0.9810"",""505.00""],[""0.9820"",""1014.25""],[""0.9830"",""501.80""],[""0.9840"",""188.38""]]"
2026-05-16T13:42:50.927Z,KXBTC15M-26MAY160945-45,BTC price up in next 15 mins?,KXBTC15M-26MAY160945,2026-05-16T13:45:00Z,active,0.01,0.013,0.987,0.99,0.0115,0.01,231315.70,77809.78,98.0,438.35,"[[""0.0010"",""4578.00""],[""0.0020"",""1373.00""],[""0.0030"",""800.00""],[""0.0040"",""10.00""],[""0.0050"",""255.00""],[""0.0060"",""1.00""],[""0.0080"",""1.00""],[""0.0090"",""180.00""],[""0.0100"",""24.00""],[""0.0130"",""98.00""]]","[[""0.9740"",""50.00""],[""0.9750"",""125.00""],[""0.9760"",""288.38""],[""0.9780"",""417.69""],[""0.9790"",""60.00""],[""0.9800"",""178.88""],[""0.9810"",""140.00""],[""0.9820"",""1004.25""],[""0.9830"",""887.80""],[""0.9840"",""438.35""]]"
2026-05-16T13:42:52.934Z,KXBTC15M-26MAY160945-45,BTC price up in next 15 mins?,KXBTC15M-26MAY160945,2026-05-16T13:45:00Z,active,0.01,0.013,0.987,0.99,0.0115,0.01,231315.70,77809.78,21.0,430.15,"[[""0.0010"",""4578.00""],[""0.0020"",""1373.00""],[""0.0030"",""800.00""],[""0.0050"",""255.00""],[""0.0060"",""1.00""],[""0.0080"",""11.00""],[""0.0100"",""75.00""],[""0.0120"",""180.00""],[""0.0130"",""21.00""]]","[[""0.9700"",""184.00""],[""0.9720"",""214.49""],[""0.9730"",""125.00""],[""0.9750"",""125.00""],[""0.9760"",""348.38""],[""0.9780"",""259.69""],[""0.9800"",""518.88""],[""0.9810"",""571.00""],[""0.9820"",""1004.25""],[""0.9830"",""430.15""]]"
2026-05-16T13:42:54.937Z,KXBTC15M-26MAY160945-45,BTC price up in next 15 mins?,KXBTC15M-26MAY160945,2026-05-16T13:45:00Z,active,0.01,0.013,0.987,0.99,0.0115,0.01,231315.70,77809.78,84.42,236.0,"[[""0.0010"",""4578.00""],[""0.0020"",""1373.00""],[""0.0030"",""800.00""],[""0.0050"",""305.00""],[""0.0060"",""1.00""],[""0.0080"",""11.00""],[""0.0100"",""99.00""],[""0.0120"",""204.00""],[""0.0130"",""84.42""]]","[[""0.9730"",""125.00""],[""0.9750"",""125.00""],[""0.9760"",""338.38""],[""0.9780"",""259.69""],[""0.9790"",""10.00""],[""0.9800"",""542.88""],[""0.9810"",""555.00""],[""0.9820"",""1019.25""],[""0.9830"",""430.15""],[""0.9840"",""236.00""]]"
2026-05-16T13:42:56.934Z,KXBTC15M-26MAY160945-45,BTC price up in next 15 mins?,KXBTC15M-26MAY160945,2026-05-16T13:45:00Z,active,0.01,0.013,0.987,0.99,0.0115,0.01,231315.70,77809.78,84.42,175.23,"[[""0.0010"",""4578.00""],[""0.0020"",""1373.00""],[""0.0030"",""800.00""],[""0.0050"",""370.20""],[""0.0060"",""1.00""],[""0.0080"",""1.00""],[""0.0100"",""24.00""],[""0.0110"",""204.00""],[""0.0130"",""84.42""]]","[[""0.9730"",""125.00""],[""0.9750"",""125.00""],[""0.9760"",""288.38""],[""0.9780"",""309.69""],[""0.9790"",""10.00""],[""0.9800"",""342.88""],[""0.9810"",""325.00""],[""0.9820"",""1602.25""],[""0.9830"",""480.15""],[""0.9840"",""175.23""]]"
2026-05-16T13:42:58.933Z,KXBTC15M-26MAY160945-45,BTC price up in next 15 mins?,KXBTC15M-26MAY160945,2026-05-16T13:45:00Z,active,0.01,0.013,0.987,0.99,0.0115,0.01,231315.70,77809.78,184.42,75.0,"[[""0.0010"",""4578.00""],[""0.0020"",""1773.00""],[""0.0030"",""400.00""],[""0.0050"",""315.00""],[""0.0060"",""1.00""],[""0.0080"",""1.00""],[""0.0100"",""227.00""],[""0.0130"",""184.42""]]","[[""0.9730"",""125.00""],[""0.9750"",""125.00""],[""0.9760"",""288.38""],[""0.9780"",""309.69""],[""0.9790"",""10.00""],[""0.9800"",""179.88""],[""0.9810"",""290.00""],[""0.9820"",""1404.25""],[""0.9830"",""1274.15""],[""0.9850"",""75.00""]]"
2026-05-16T13:43:00.933Z,KXBTC15M-26MAY160945-45,BTC price up in next 15 mins?,KXBTC15M-26MAY160945,2026-05-16T13:45:00Z,active,0.01,0.013,0.987,0.99,0.0115,0.01,231315.70,77809.78,98.42,255.0,"[[""0.0010"",""4578.00""],[""0.0020"",""1373.00""],[""0.0030"",""400.00""],[""0.0050"",""115.00""],[""0.0060"",""1.00""],[""0.0080"",""181.00""],[""0.0100"",""23.00""],[""0.0130"",""98.42""]]","[[""0.9730"",""125.00""],[""0.9750"",""125.00""],[""0.9760"",""288.38""],[""0.9780"",""309.69""],[""0.9800"",""215.88""],[""0.9810"",""290.00""],[""0.9820"",""1014.25""],[""0.9830"",""678.10""],[""0.9840"",""213.00""],[""0.9850"",""255.00""]]"
2026-05-16T13:43:02.930Z,KXBTC15M-26MAY160945-45,BTC price up in next 15 mins?,KXBTC15M-26MAY160945,2026-05-16T13:45:00Z,active,0.01,0.013,0.987,0.99,0.0115,0.01,231315.70,77809.78,98.42,109.8,"[[""0.0010"",""4578.00""],[""0.0020"",""1373.00""],[""0.0030"",""400.00""],[""0.0050"",""315.00""],[""0.0060"",""181.00""],[""0.0080"",""1.00""],[""0.0090"",""22.00""],[""0.0130"",""98.42""]]","[[""0.9750"",""125.00""],[""0.9760"",""288.38""],[""0.9780"",""259.69""],[""0.9800"",""265.88""],[""0.9810"",""125.00""],[""0.9820"",""1182.25""],[""0.9830"",""628.10""],[""0.9840"",""200.00""],[""0.9850"",""63.00""],[""0.9860"",""109.80""]]"
2026-05-16T13:43:04.944Z,KXBTC15M-26MAY160945-45,BTC price up in next 15 mins?,KXBTC15M-26MAY160945,2026-05-16T13:45:00Z,active,0.01,0.013,0.987,0.99,0.0115,0.01,231315.70,77809.78,250.0,231.93,"[[""0.0010"",""4578.00""],[""0.0020"",""1373.00""],[""0.0030"",""400.00""],[""0.0050"",""115.00""],[""0.0060"",""1.00""],[""0.0070"",""380.00""],[""0.0080"",""1.00""],[""0.0110"",""20.00""],[""0.0130"",""50.00""],[""0.0140"",""250.00""]]","[[""0.9730"",""127.00""],[""0.9750"",""125.00""],[""0.9760"",""288.38""],[""0.9780"",""259.69""],[""0.9800"",""265.88""],[""0.9810"",""226.00""],[""0.9820"",""1014.25""],[""0.9830"",""814.10""],[""0.9840"",""200.00""],[""0.9850"",""231.93""]]"
2026-05-16T13:43:06.927Z,KXBTC15M-26MAY160945-45,BTC price up in next 15 mins?,KXBTC15M-26MAY160945,2026-05-16T13:45:00Z,active,0.014,0.015,0.985,0.986,0.014499999999999999,0.014,235055.72,79139.07,180.37,225.3,"[[""0.0010"",""4578.00""],[""0.0020"",""1373.00""],[""0.0030"",""400.00""],[""0.0050"",""495.00""],[""0.0060"",""1.00""],[""0.0080"",""1.00""],[""0.0110"",""20.00""],[""0.0130"",""50.00""],[""0.0140"",""180.37""]]","[[""0.9730"",""127.00""],[""0.9750"",""125.00""],[""0.9760"",""288.38""],[""0.9780"",""259.69""],[""0.9800"",""215.88""],[""0.9810"",""226.00""],[""0.9820"",""1064.25""],[""0.9830"",""628.10""],[""0.9840"",""386.00""],[""0.9850"",""225.30""]]"
2026-05-16T13:43:08.935Z,KXBTC15M-26MAY160945-45,BTC price up in next 15 mins?,KXBTC15M-26MAY160945,2026-05-16T13:45:00Z,active,0.014,0.015,0.985,0.986,0.014499999999999999,0.014,235055.72,79139.07,1.0,1450.91,"[[""0.0010"",""4578.00""],[""0.0020"",""1383.00""],[""0.0030"",""400.00""],[""0.0050"",""305.00""],[""0.0060"",""181.00""],[""0.0070"",""21.00""],[""0.0080"",""1.00""]]","[[""0.9780"",""259.69""],[""0.9800"",""1165.00""],[""0.9810"",""226.00""],[""0.9820"",""1054.25""],[""0.9830"",""228.10""],[""0.9840"",""374.00""],[""0.9850"",""380.00""],[""0.9860"",""30.30""],[""0.9870"",""13.00""],[""0.9900"",""1450.91""]]"
2026-05-16T13:43:10.926Z,KXBTC15M-26MAY160945-45,BTC price up in next 15 mins?,KXBTC15M-26MAY160945,2026-05-16T13:45:00Z,active,0.014,0.015,0.985,0.986,0.014499999999999999,0.014,235055.72,79139.07,1.0,1314.1,"[[""0.0010"",""4578.00""],[""0.0020"",""1383.00""],[""0.0030"",""400.00""],[""0.0050"",""305.00""],[""0.0060"",""181.00""],[""0.0070"",""21.00""],[""0.0080"",""1.00""]]","[[""0.9760"",""280.38""],[""0.9780"",""259.69""],[""0.9800"",""1165.00""],[""0.9810"",""226.00""],[""0.9820"",""1054.25""],[""0.9830"",""228.10""],[""0.9850"",""377.00""],[""0.9860"",""410.30""],[""0.9870"",""13.00""],[""0.9900"",""1314.10""]]"
2026-05-16T13:43:12.932Z,KXBTC15M-26MAY160945-45,BTC price up in next 15 mins?,KXBTC15M-26MAY160945,2026-05-16T13:45:00Z,active,0.014,0.015,0.985,0.986,0.014499999999999999,0.014,235055.72,79139.07,1.0,1231.41,"[[""0.0010"",""4578.00""],[""0.0020"",""1383.00""],[""0.0030"",""400.00""],[""0.0040"",""18.00""],[""0.0050"",""485.00""],[""0.0060"",""1.00""]]","[[""0.9810"",""125.00""],[""0.9820"",""1004.25""],[""0.9830"",""228.10""],[""0.9840"",""50.00""],[""0.9860"",""381.00""],[""0.9880"",""180.00""],[""0.9890"",""10.00""],[""0.9900"",""1844.40""],[""0.9910"",""11.00""],[""0.9920"",""1231.41""]]"
2026-05-16T13:43:14.924Z,KXBTC15M-26MAY160945-45,BTC price up in next 15 mins?,KXBTC15M-26MAY160945,2026-05-16T13:45:00Z,active,0.014,0.015,0.985,0.986,0.014499999999999999,0.014,235055.72,79139.07,191.05,1200.18,"[[""0.0010"",""4578.00""],[""0.0020"",""1383.00""],[""0.0030"",""191.05""]]","[[""0.9800"",""167.00""],[""0.9810"",""125.00""],[""0.9820"",""1004.25""],[""0.9830"",""228.10""],[""0.9840"",""50.00""],[""0.9860"",""181.00""],[""0.9890"",""10.00""],[""0.9900"",""1844.40""],[""0.9910"",""20.00""],[""0.9920"",""1200.18""]]"
2026-05-16T13:43:16.925Z,KXBTC15M-26MAY160945-45,BTC price up in next 15 mins?,KXBTC15M-26MAY160945,2026-05-16T13:45:00Z,active,0.014,0.015,0.985,0.986,0.014499999999999999,0.014,235055.72,79139.07,191.05,0.93,"[[""0.0010"",""4578.00""],[""0.0020"",""1383.00""],[""0.0030"",""191.05""]]","[[""0.9760"",""280.38""],[""0.9780"",""259.69""],[""0.9800"",""1165.00""],[""0.9810"",""135.00""],[""0.9820"",""1004.25""],[""0.9830"",""228.10""],[""0.9850"",""278.00""],[""0.9860"",""60.00""],[""0.9900"",""1824.10""],[""0.9910"",""0.93""]]"
2026-05-16T13:43:18.934Z,KXBTC15M-26MAY160945-45,BTC price up in next 15 mins?,KXBTC15M-26MAY160945,2026-05-16T13:45:00Z,active,0.014,0.015,0.985,0.986,0.014499999999999999,0.014,235055.72,79139.07,35.0,1314.1,"[[""0.0010"",""4578.00""],[""0.0020"",""1373.00""],[""0.0030"",""571.05""],[""0.0050"",""10.00""],[""0.0060"",""35.00""]]","[[""0.9730"",""125.00""],[""0.9750"",""125.00""],[""0.9760"",""280.38""],[""0.9780"",""259.69""],[""0.9800"",""185.00""],[""0.9810"",""135.00""],[""0.9820"",""1004.25""],[""0.9830"",""399.10""],[""0.9860"",""64.00""],[""0.9900"",""1314.10""]]"
2026-05-16T13:43:20.937Z,KXBTC15M-26MAY160945-45,BTC price up in next 15 mins?,KXBTC15M-26MAY160945,2026-05-16T13:45:00Z,active,0.014,0.015,0.985,0.986,0.014499999999999999,0.014,235055.72,79139.07,197.0,1221.53,"[[""0.0010"",""4978.00""],[""0.0020"",""1373.00""],[""0.0030"",""171.05""],[""0.0050"",""210.00""],[""0.0080"",""197.00""]]","[[""0.9740"",""200.00""],[""0.9750"",""505.00""],[""0.9760"",""280.38""],[""0.9780"",""259.69""],[""0.9800"",""104.00""],[""0.9810"",""135.00""],[""0.9820"",""1004.25""],[""0.9830"",""228.10""],[""0.9860"",""64.00""],[""0.9900"",""1221.53""]]"
2026-05-16T13:43:22.936Z,KXBTC15M-26MAY160945-45,BTC price up in next 15 mins?,KXBTC15M-26MAY160945,2026-05-16T13:45:00Z,active,0.014,0.015,0.985,0.986,0.014499999999999999,0.014,235055.72,79139.07,198.0,1229.53,"[[""0.0010"",""4578.00""],[""0.0020"",""1373.00""],[""0.0030"",""171.05""],[""0.0050"",""10.00""],[""0.0060"",""400.00""],[""0.0070"",""200.00""],[""0.0090"",""198.00""]]","[[""0.9740"",""200.00""],[""0.9750"",""505.00""],[""0.9760"",""280.38""],[""0.9780"",""259.69""],[""0.9800"",""118.00""],[""0.9810"",""135.00""],[""0.9820"",""1004.25""],[""0.9830"",""247.10""],[""0.9880"",""50.00""],[""0.9900"",""1229.53""]]"
2026-05-16T13:43:24.922Z,KXBTC15M-26MAY160945-45,BTC price up in next 15 mins?,KXBTC15M-26MAY160945,2026-05-16T13:45:00Z,active,0.014,0.015,0.985,0.986,0.014499999999999999,0.014,235055.72,79139.07,180.0,46.0,"[[""0.0010"",""4588.00""],[""0.0020"",""1373.00""],[""0.0030"",""171.05""],[""0.0050"",""210.00""],[""0.0120"",""24.00""],[""0.0160"",""75.00""],[""0.0170"",""180.00""]]","[[""0.9710"",""991.00""],[""0.9720"",""1214.49""],[""0.9730"",""525.00""],[""0.9750"",""125.00""],[""0.9760"",""280.38""],[""0.9770"",""156.00""],[""0.9780"",""259.69""],[""0.9790"",""400.00""],[""0.9800"",""94.00""],[""0.9810"",""46.00""]]"
2026-05-16T13:43:26.926Z,KXBTC15M-26MAY160945-45,BTC price up in next 15 mins?,KXBTC15M-26MAY160945,2026-05-16T13:45:00Z,active,0.014,0.015,0.985,0.986,0.014499999999999999,0.014,235055.72,79139.07,180.0,20.3,"[[""0.0010"",""4588.00""],[""0.0020"",""1373.00""],[""0.0030"",""171.05""],[""0.0050"",""210.00""],[""0.0100"",""24.00""],[""0.0110"",""24.00""],[""0.0120"",""180.00""]]","[[""0.9740"",""180.00""],[""0.9750"",""125.00""],[""0.9760"",""280.38""],[""0.9770"",""10.00""],[""0.9780"",""259.69""],[""0.9790"",""160.00""],[""0.9800"",""104.00""],[""0.9810"",""425.00""],[""0.9820"",""1018.00""],[""0.9830"",""20.30""]]"
2026-05-16T13:43:28.934Z,KXBTC15M-26MAY160945-45,BTC price up in next 15 mins?,KXBTC15M-26MAY160945,2026-05-16T13:45:00Z,active,0.014,0.015,0.985,0.986,0.014499999999999999,0.014,235055.72,79139.07,46.0,1017.0,"[[""0.0010"",""4588.00""],[""0.0020"",""1373.00""],[""0.0030"",""171.05""],[""0.0050"",""210.00""],[""0.0100"",""46.00""]]","[[""0.9720"",""214.49""],[""0.9730"",""125.00""],[""0.9750"",""325.00""],[""0.9760"",""280.38""],[""0.9770"",""10.00""],[""0.9780"",""259.69""],[""0.9790"",""8.00""],[""0.9800"",""96.00""],[""0.9810"",""165.00""],[""0.9820"",""1017.00""]]"
2026-05-16T13:43:30.925Z,KXBTC15M-26MAY160945-45,BTC price up in next 15 mins?,KXBTC15M-26MAY160945,2026-05-16T13:45:00Z,active,0.014,0.015,0.985,0.986,0.014499999999999999,0.014,235055.72,79139.07,205.0,243.79,"[[""0.0010"",""4588.00""],[""0.0020"",""1373.00""],[""0.0030"",""171.05""],[""0.0050"",""210.00""],[""0.0090"",""205.00""]]","[[""0.9720"",""214.49""],[""0.9730"",""125.00""],[""0.9750"",""125.00""],[""0.9760"",""280.38""],[""0.9770"",""210.00""],[""0.9780"",""639.69""],[""0.9800"",""96.00""],[""0.9820"",""1168.00""],[""0.9870"",""16.00""],[""0.9900"",""243.79""]]"
2026-05-16T13:43:32.938Z,KXBTC15M-26MAY160945-45,BTC price up in next 15 mins?,KXBTC15M-26MAY160945,2026-05-16T13:45:00Z,active,0.014,0.015,0.985,0.986,0.014499999999999999,0.014,235055.72,79139.07,160.79,5.0,"[[""0.0010"",""4588.00""],[""0.0020"",""1373.00""],[""0.0030"",""171.05""],[""0.0050"",""210.00""],[""0.0070"",""24.00""],[""0.0120"",""160.79""]]","[[""0.9730"",""125.00""],[""0.9750"",""325.00""],[""0.9760"",""660.38""],[""0.9780"",""134.69""],[""0.9790"",""8.00""],[""0.9800"",""96.00""],[""0.9820"",""1000.00""],[""0.9830"",""42.95""],[""0.9860"",""19.00""],[""0.9870"",""5.00""]]"
2026-05-16T13:43:34.929Z,KXBTC15M-26MAY160945-45,BTC price up in next 15 mins?,KXBTC15M-26MAY160945,2026-05-16T13:45:00Z,active,0.014,0.015,0.985,0.986,0.014499999999999999,0.014,235055.72,79139.07,176.0,4402.0,"[[""0.0010"",""4588.00""],[""0.0020"",""1383.00""],[""0.0030"",""171.05""],[""0.0090"",""23.00""],[""0.0100"",""9.00""],[""0.0110"",""176.00""]]","[[""0.9720"",""214.49""],[""0.9730"",""125.00""],[""0.9750"",""125.00""],[""0.9760"",""480.38""],[""0.9770"",""380.00""],[""0.9780"",""144.69""],[""0.9790"",""168.00""],[""0.9800"",""142.00""],[""0.9820"",""1000.00""],[""0.9830"",""4402.00""]]"
2026-05-16T13:43:36.928Z,KXBTC15M-26MAY160945-45,BTC price up in next 15 mins?,KXBTC15M-26MAY160945,2026-05-16T13:45:00Z,active,0.009,0.017,0.983,0.991,0.013000000000000001,0.011,244760.45,82120.68,189.0,10.0,"[[""0.0010"",""4588.00""],[""0.0020"",""1383.00""],[""0.0030"",""171.05""],[""0.0080"",""22.00""],[""0.0110"",""189.00""]]","[[""0.9750"",""125.00""],[""0.9760"",""280.38""],[""0.9780"",""334.69""],[""0.9790"",""388.00""],[""0.9800"",""305.00""],[""0.9820"",""1000.00""],[""0.9830"",""4380.00""],[""0.9840"",""55.03""],[""0.9860"",""13.00""],[""0.9880"",""10.00""]]"
2026-05-16T13:43:38.928Z,KXBTC15M-26MAY160945-45,BTC price up in next 15 mins?,KXBTC15M-26MAY160945,2026-05-16T13:45:00Z,active,0.009,0.017,0.983,0.991,0.013000000000000001,0.011,244760.45,82120.68,281.0,94.03,"[[""0.0010"",""4588.00""],[""0.0020"",""1383.00""],[""0.0030"",""171.05""],[""0.0100"",""21.00""],[""0.0130"",""281.00""]]","[[""0.9730"",""125.00""],[""0.9750"",""125.00""],[""0.9760"",""280.38""],[""0.9780"",""134.69""],[""0.9790"",""208.00""],[""0.9800"",""522.00""],[""0.9810"",""165.00""],[""0.9820"",""1000.00""],[""0.9830"",""4345.67""],[""0.9840"",""94.03""]]"
2026-05-16T13:43:40.936Z,KXBTC15M-26MAY160945-45,BTC price up in next 15 mins?,KXBTC15M-26MAY160945,2026-05-16T13:45:00Z,active,0.009,0.017,0.983,0.991,0.013000000000000001,0.011,244760.45,82120.68,101.0,4371.0,"[[""0.0010"",""4588.00""],[""0.0020"",""1383.00""],[""0.0030"",""171.05""],[""0.0100"",""820.00""],[""0.0110"",""580.00""],[""0.0120"",""101.00""]]","[[""0.9730"",""125.00""],[""0.9750"",""125.00""],[""0.9760"",""280.38""],[""0.9780"",""134.69""],[""0.9790"",""8.00""],[""0.9800"",""142.00""],[""0.9810"",""200.00""],[""0.9820"",""1748.00""],[""0.9840"",""14.00""],[""0.9850"",""4371.00""]]"
2026-05-16T13:43:42.928Z,KXBTC15M-26MAY160945-45,BTC price up in next 15 mins?,KXBTC15M-26MAY160945,2026-05-16T13:45:00Z,active,0.009,0.017,0.983,0.991,0.013000000000000001,0.011,244760.45,82120.68,816.0,4162.1,"[[""0.0010"",""1612.00""],[""0.0020"",""1383.00""],[""0.0030"",""171.05""],[""0.0080"",""180.00""],[""0.0100"",""816.00""]]","[[""0.9750"",""125.00""],[""0.9760"",""280.38""],[""0.9780"",""259.69""],[""0.9790"",""8.00""],[""0.9800"",""142.00""],[""0.9820"",""1000.00""],[""0.9830"",""171.00""],[""0.9840"",""200.00""],[""0.9850"",""393.00""],[""0.9890"",""4162.10""]]"
2026-05-16T13:43:44.940Z,KXBTC15M-26MAY160945-45,BTC price up in next 15 mins?,KXBTC15M-26MAY160945,2026-05-16T13:45:00Z,active,0.009,0.017,0.983,0.991,0.013000000000000001,0.011,244760.45,82120.68,20.0,7818.83,"[[""0.0010"",""1612.00""],[""0.0020"",""1383.00""],[""0.0030"",""171.05""],[""0.0050"",""14.00""],[""0.0090"",""20.00""]]","[[""0.9750"",""125.00""],[""0.9760"",""280.38""],[""0.9780"",""259.69""],[""0.9800"",""142.00""],[""0.9820"",""1000.00""],[""0.9840"",""174.00""],[""0.9860"",""11.00""],[""0.9880"",""180.00""],[""0.9890"",""25.00""],[""0.9900"",""7818.83""]]"
2026-05-16T13:43:46.926Z,KXBTC15M-26MAY160945-45,BTC price up in next 15 mins?,KXBTC15M-26MAY160945,2026-05-16T13:45:00Z,active,0.009,0.017,0.983,0.991,0.013000000000000001,0.011,244760.45,82120.68,188.05,3081.0,"[[""0.0010"",""1612.00""],[""0.0020"",""1383.00""],[""0.0030"",""188.05""]]","[[""0.9750"",""125.00""],[""0.9760"",""280.38""],[""0.9780"",""259.69""],[""0.9800"",""142.00""],[""0.9820"",""1000.00""],[""0.9850"",""213.00""],[""0.9890"",""225.00""],[""0.9900"",""5493.00""],[""0.9910"",""1010.00""],[""0.9920"",""3081.00""]]"
2026-05-16T13:43:48.941Z,KXBTC15M-26MAY160945-45,BTC price up in next 15 mins?,KXBTC15M-26MAY160945,2026-05-16T13:45:00Z,active,0.009,0.017,0.983,0.991,0.013000000000000001,0.011,244760.45,82120.68,171.05,3292.0,"[[""0.0010"",""1622.00""],[""0.0020"",""1393.00""],[""0.0030"",""171.05""]]","[[""0.9770"",""2.00""],[""0.9780"",""259.69""],[""0.9800"",""142.00""],[""0.9820"",""1000.00""],[""0.9850"",""36.00""],[""0.9900"",""5213.00""],[""0.9910"",""1195.00""],[""0.9930"",""234.00""],[""0.9940"",""10.00""],[""0.9950"",""3292.00""]]"
2026-05-16T13:43:50.948Z,KXBTC15M-26MAY160945-45,BTC price up in next 15 mins?,KXBTC15M-26MAY160945,2026-05-16T13:45:00Z,active,0.009,0.017,0.983,0.991,0.013000000000000001,0.011,244760.45,82120.68,1393.0,2994.0,"[[""0.0010"",""1122.00""],[""0.0020"",""1393.00""]]","[[""0.9780"",""259.69""],[""0.9800"",""142.00""],[""0.9820"",""1000.00""],[""0.9850"",""36.00""],[""0.9900"",""5213.00""],[""0.9910"",""1195.00""],[""0.9920"",""538.00""],[""0.9930"",""234.00""],[""0.9950"",""1180.00""],[""0.9970"",""2994.00""]]"
2026-05-16T13:43:52.932Z,KXBTC15M-26MAY160945-45,BTC price up in next 15 mins?,KXBTC15M-26MAY160945,2026-05-16T13:45:00Z,active,0.009,0.017,0.983,0.991,0.013000000000000001,0.011,244760.45,82120.68,1472.0,1601.0,"[[""0.0010"",""1472.00""]]","[[""0.9800"",""586.00""],[""0.9820"",""1000.00""],[""0.9850"",""36.00""],[""0.9900"",""5249.00""],[""0.9910"",""1195.00""],[""0.9920"",""538.00""],[""0.9930"",""222.00""],[""0.9950"",""2080.00""],[""0.9960"",""12.00""],[""0.9980"",""1601.00""]]"
2026-05-16T13:43:54.935Z,KXBTC15M-26MAY160945-45,BTC price up in next 15 mins?,KXBTC15M-26MAY160945,2026-05-16T13:45:00Z,active,0.009,0.017,0.983,0.991,0.013000000000000001,0.011,244760.45,82120.68,,1091.93,[],"[[""0.9850"",""36.00""],[""0.9900"",""5249.00""],[""0.9910"",""1195.00""],[""0.9920"",""538.00""],[""0.9930"",""222.00""],[""0.9950"",""1180.00""],[""0.9960"",""12.00""],[""0.9970"",""1050.00""],[""0.9980"",""10.00""],[""0.9990"",""1091.93""]]"
2026-05-16T13:43:56.935Z,KXBTC15M-26MAY160945-45,BTC price up in next 15 mins?,KXBTC15M-26MAY160945,2026-05-16T13:45:00Z,active,0.009,0.017,0.983,0.991,0.013000000000000001,0.011,244760.45,82120.68,,777.93,[],"[[""0.9850"",""36.00""],[""0.9900"",""5288.00""],[""0.9910"",""1195.00""],[""0.9920"",""538.00""],[""0.9930"",""222.00""],[""0.9950"",""1180.00""],[""0.9960"",""12.00""],[""0.9970"",""1050.00""],[""0.9980"",""3481.00""],[""0.9990"",""777.93""]]"
2026-05-16T13:43:58.935Z,KXBTC15M-26MAY160945-45,BTC price up in next 15 mins?,KXBTC15M-26MAY160945,2026-05-16T13:45:00Z,active,0.009,0.017,0.983,0.991,0.013000000000000001,0.011,244760.45,82120.68,,751.72,[],"[[""0.9850"",""36.00""],[""0.9900"",""5288.00""],[""0.9910"",""1195.00""],[""0.9920"",""538.00""],[""0.9930"",""222.00""],[""0.9950"",""1180.00""],[""0.9960"",""12.00""],[""0.9970"",""1050.00""],[""0.9980"",""3481.00""],[""0.9990"",""751.72""]]"
2026-05-16T13:44:00.928Z,KXBTC15M-26MAY160945-45,BTC price up in next 15 mins?,KXBTC15M-26MAY160945,2026-05-16T13:45:00Z,active,0.009,0.017,0.983,0.991,0.013000000000000001,0.011,244760.45,82120.68,,733.72,[],"[[""0.9850"",""36.00""],[""0.9900"",""5213.00""],[""0.9910"",""1195.00""],[""0.9920"",""538.00""],[""0.9930"",""222.00""],[""0.9950"",""1180.00""],[""0.9960"",""12.00""],[""0.9970"",""1050.00""],[""0.9980"",""3481.00""],[""0.9990"",""733.72""]]"
2026-05-16T13:44:02.946Z,KXBTC15M-26MAY160945-45,BTC price up in next 15 mins?,KXBTC15M-26MAY160945,2026-05-16T13:45:00Z,active,0.009,0.017,0.983,0.991,0.013000000000000001,0.011,244760.45,82120.68,,5270.32,[],"[[""0.9850"",""36.00""],[""0.9900"",""5334.00""],[""0.9910"",""1195.00""],[""0.9920"",""538.00""],[""0.9930"",""222.00""],[""0.9950"",""1180.00""],[""0.9960"",""12.00""],[""0.9970"",""1050.00""],[""0.9980"",""3481.00""],[""0.9990"",""5270.32""]]"
2026-05-16T13:44:04.946Z,KXBTC15M-26MAY160945-45,BTC price up in next 15 mins?,KXBTC15M-26MAY160945,2026-05-16T13:45:00Z,active,0.009,0.017,0.983,0.991,0.013000000000000001,0.011,244760.45,82120.68,,5127.32,[],"[[""0.9850"",""36.00""],[""0.9900"",""5268.00""],[""0.9910"",""1195.00""],[""0.9920"",""538.00""],[""0.9930"",""222.00""],[""0.9950"",""1180.00""],[""0.9960"",""12.00""],[""0.9970"",""1050.00""],[""0.9980"",""3481.00""],[""0.9990"",""5127.32""]]"
2026-05-16T13:44:06.924Z,KXBTC15M-26MAY160945-45,BTC price up in next 15 mins?,KXBTC15M-26MAY160945,2026-05-16T13:45:00Z,active,,0.001,0.999,1.0,0.001,0.001,252267.13,87451.22,,4480.57,[],"[[""0.9850"",""36.00""],[""0.9900"",""5604.00""],[""0.9910"",""1195.00""],[""0.9920"",""538.00""],[""0.9930"",""222.00""],[""0.9950"",""1180.00""],[""0.9960"",""12.00""],[""0.9970"",""1050.00""],[""0.9980"",""3481.00""],[""0.9990"",""4480.57""]]"
2026-05-16T13:44:08.942Z,KXBTC15M-26MAY160945-45,BTC price up in next 15 mins?,KXBTC15M-26MAY160945,2026-05-16T13:45:00Z,active,,0.001,0.999,1.0,0.001,0.001,252267.13,87451.22,,4480.57,[],"[[""0.9850"",""36.00""],[""0.9900"",""5729.00""],[""0.9910"",""1195.00""],[""0.9920"",""538.00""],[""0.9930"",""222.00""],[""0.9950"",""1180.00""],[""0.9960"",""12.00""],[""0.9970"",""1050.00""],[""0.9980"",""3481.00""],[""0.9990"",""4480.57""]]"
2026-05-16T13:44:10.933Z,KXBTC15M-26MAY160945-45,BTC price up in next 15 mins?,KXBTC15M-26MAY160945,2026-05-16T13:45:00Z,active,,0.001,0.999,1.0,0.001,0.001,252267.13,87451.22,,4480.57,[],"[[""0.9850"",""36.00""],[""0.9900"",""5759.30""],[""0.9910"",""1195.00""],[""0.9920"",""778.00""],[""0.9930"",""222.00""],[""0.9950"",""1180.00""],[""0.9960"",""12.00""],[""0.9970"",""1050.00""],[""0.9980"",""10.00""],[""0.9990"",""4480.57""]]"
2026-05-16T13:44:12.929Z,KXBTC15M-26MAY160945-45,BTC price up in next 15 mins?,KXBTC15M-26MAY160945,2026-05-16T13:45:00Z,active,,0.001,0.999,1.0,0.001,0.001,252267.13,87451.22,,4480.57,[],"[[""0.9820"",""222.00""],[""0.9850"",""36.00""],[""0.9900"",""5614.30""],[""0.9910"",""1195.00""],[""0.9920"",""778.00""],[""0.9930"",""222.00""],[""0.9950"",""1180.00""],[""0.9970"",""1050.00""],[""0.9980"",""10.00""],[""0.9990"",""4480.57""]]"
2026-05-16T13:44:14.951Z,KXBTC15M-26MAY160945-45,BTC price up in next 15 mins?,KXBTC15M-26MAY160945,2026-05-16T13:45:00Z,active,,0.001,0.999,1.0,0.001,0.001,252267.13,87451.22,,4637.57,[],"[[""0.9820"",""222.00""],[""0.9850"",""36.00""],[""0.9900"",""5614.30""],[""0.9910"",""1195.00""],[""0.9920"",""778.00""],[""0.9930"",""222.00""],[""0.9950"",""1180.00""],[""0.9970"",""1050.00""],[""0.9980"",""10.00""],[""0.9990"",""4637.57""]]"
2026-05-16T13:44:16.932Z,KXBTC15M-26MAY160945-45,BTC price up in next 15 mins?,KXBTC15M-26MAY160945,2026-05-16T13:45:00Z,active,,0.001,0.999,1.0,0.001,0.001,252267.13,87451.22,,7068.57,[],"[[""0.9820"",""222.00""],[""0.9850"",""36.00""],[""0.9900"",""5619.30""],[""0.9910"",""1195.00""],[""0.9920"",""778.00""],[""0.9930"",""222.00""],[""0.9950"",""1180.00""],[""0.9970"",""1050.00""],[""0.9980"",""10.00""],[""0.9990"",""7068.57""]]"
2026-05-16T13:44:18.939Z,KXBTC15M-26MAY160945-45,BTC price up in next 15 mins?,KXBTC15M-26MAY160945,2026-05-16T13:45:00Z,active,,0.001,0.999,1.0,0.001,0.001,252267.13,87451.22,,7068.57,[],"[[""0.9800"",""1126.00""],[""0.9820"",""222.00""],[""0.9850"",""36.00""],[""0.9900"",""5619.30""],[""0.9910"",""1195.00""],[""0.9920"",""778.00""],[""0.9930"",""222.00""],[""0.9970"",""1050.00""],[""0.9980"",""10.00""],[""0.9990"",""7068.57""]]"
2026-05-16T13:44:20.931Z,KXBTC15M-26MAY160945-45,BTC price up in next 15 mins?,KXBTC15M-26MAY160945,2026-05-16T13:45:00Z,active,,0.001,0.999,1.0,0.001,0.001,252267.13,87451.22,,6601.17,[],"[[""0.9820"",""222.00""],[""0.9850"",""36.00""],[""0.9900"",""5614.30""],[""0.9910"",""1195.00""],[""0.9920"",""778.00""],[""0.9930"",""222.00""],[""0.9950"",""1180.00""],[""0.9970"",""1050.00""],[""0.9980"",""10.00""],[""0.9990"",""6601.17""]]"
2026-05-16T13:44:22.945Z,KXBTC15M-26MAY160945-45,BTC price up in next 15 mins?,KXBTC15M-26MAY160945,2026-05-16T13:45:00Z,active,,0.001,0.999,1.0,0.001,0.001,252267.13,87451.22,,6601.17,[],"[[""0.9820"",""222.00""],[""0.9850"",""36.00""],[""0.9900"",""5624.30""],[""0.9910"",""1195.00""],[""0.9920"",""778.00""],[""0.9930"",""222.00""],[""0.9950"",""1180.00""],[""0.9970"",""1050.00""],[""0.9980"",""10.00""],[""0.9990"",""6601.17""]]"
2026-05-16T13:44:24.937Z,KXBTC15M-26MAY160945-45,BTC price up in next 15 mins?,KXBTC15M-26MAY160945,2026-05-16T13:45:00Z,active,,0.001,0.999,1.0,0.001,0.001,252267.13,87451.22,,6601.17,[],"[[""0.9800"",""1126.00""],[""0.9820"",""222.00""],[""0.9850"",""36.00""],[""0.9900"",""5664.30""],[""0.9910"",""1195.00""],[""0.9920"",""778.00""],[""0.9950"",""1180.00""],[""0.9970"",""1050.00""],[""0.9980"",""10.00""],[""0.9990"",""6601.17""]]"
2026-05-16T13:44:26.938Z,KXBTC15M-26MAY160945-45,BTC price up in next 15 mins?,KXBTC15M-26MAY160945,2026-05-16T13:45:00Z,active,,0.001,0.999,1.0,0.001,0.001,252267.13,87451.22,,6627.17,[],"[[""0.9800"",""1126.00""],[""0.9820"",""222.00""],[""0.9850"",""36.00""],[""0.9900"",""5664.30""],[""0.9910"",""1195.00""],[""0.9920"",""778.00""],[""0.9930"",""222.00""],[""0.9970"",""1050.00""],[""0.9980"",""10.00""],[""0.9990"",""6627.17""]]"
2026-05-16T13:44:28.941Z,KXBTC15M-26MAY160945-45,BTC price up in next 15 mins?,KXBTC15M-26MAY160945,2026-05-16T13:45:00Z,active,,0.001,0.999,1.0,0.001,0.001,252267.13,87451.22,,8316.17,[],"[[""0.9800"",""1116.00""],[""0.9820"",""222.00""],[""0.9850"",""36.00""],[""0.9900"",""5664.30""],[""0.9910"",""1195.00""],[""0.9920"",""778.00""],[""0.9930"",""222.00""],[""0.9970"",""1050.00""],[""0.9980"",""10.00""],[""0.9990"",""8316.17""]]"
2026-05-16T13:44:30.941Z,KXBTC15M-26MAY160945-45,BTC price up in next 15 mins?,KXBTC15M-26MAY160945,2026-05-16T13:45:00Z,active,,0.001,0.999,1.0,0.001,0.001,252267.13,87451.22,,8336.17,[],"[[""0.9800"",""1206.00""],[""0.9820"",""222.00""],[""0.9850"",""36.00""],[""0.9900"",""5714.30""],[""0.9910"",""1195.00""],[""0.9920"",""778.00""],[""0.9950"",""1180.00""],[""0.9970"",""1050.00""],[""0.9980"",""10.00""],[""0.9990"",""8336.17""]]"
2026-05-16T13:44:32.936Z,KXBTC15M-26MAY160945-45,BTC price up in next 15 mins?,KXBTC15M-26MAY160945,2026-05-16T13:45:00Z,active,,0.001,0.999,1.0,0.001,0.001,252267.13,87451.22,,8336.17,[],"[[""0.9820"",""222.00""],[""0.9850"",""36.00""],[""0.9900"",""5754.30""],[""0.9910"",""1195.00""],[""0.9920"",""778.00""],[""0.9930"",""222.00""],[""0.9950"",""1180.00""],[""0.9970"",""1050.00""],[""0.9980"",""10.00""],[""0.9990"",""8336.17""]]"
2026-05-16T13:44:34.933Z,KXBTC15M-26MAY160945-45,BTC price up in next 15 mins?,KXBTC15M-26MAY160945,2026-05-16T13:45:00Z,active,,0.001,0.999,1.0,0.001,0.001,252267.13,87451.22,,8336.17,[],"[[""0.9820"",""222.00""],[""0.9850"",""36.00""],[""0.9900"",""5764.30""],[""0.9910"",""1195.00""],[""0.9920"",""778.00""],[""0.9930"",""222.00""],[""0.9950"",""1180.00""],[""0.9970"",""1050.00""],[""0.9980"",""10.00""],[""0.9990"",""8336.17""]]"
2026-05-16T13:44:36.939Z,KXBTC15M-26MAY160945-45,BTC price up in next 15 mins?,KXBTC15M-26MAY160945,2026-05-16T13:45:00Z,active,,0.001,0.999,1.0,0.001,0.001,252734.53,87918.62,,8316.17,[],"[[""0.9820"",""222.00""],[""0.9850"",""36.00""],[""0.9900"",""5789.30""],[""0.9910"",""1195.00""],[""0.9920"",""778.00""],[""0.9930"",""222.00""],[""0.9950"",""1180.00""],[""0.9970"",""1050.00""],[""0.9980"",""10.00""],[""0.9990"",""8316.17""]]"
2026-05-16T13:44:38.932Z,KXBTC15M-26MAY160945-45,BTC price up in next 15 mins?,KXBTC15M-26MAY160945,2026-05-16T13:45:00Z,active,,0.001,0.999,1.0,0.001,0.001,252734.53,87918.62,,8336.17,[],"[[""0.9820"",""222.00""],[""0.9850"",""36.00""],[""0.9900"",""5789.30""],[""0.9910"",""1195.00""],[""0.9920"",""778.00""],[""0.9930"",""222.00""],[""0.9950"",""1180.00""],[""0.9970"",""1050.00""],[""0.9980"",""10.00""],[""0.9990"",""8336.17""]]"
2026-05-16T13:44:40.933Z,KXBTC15M-26MAY160945-45,BTC price up in next 15 mins?,KXBTC15M-26MAY160945,2026-05-16T13:45:00Z,active,,0.001,0.999,1.0,0.001,0.001,252734.53,87918.62,,7996.87,[],"[[""0.9820"",""222.00""],[""0.9850"",""36.00""],[""0.9900"",""6179.30""],[""0.9910"",""1195.00""],[""0.9920"",""778.00""],[""0.9930"",""222.00""],[""0.9950"",""1180.00""],[""0.9970"",""1050.00""],[""0.9980"",""10.00""],[""0.9990"",""7996.87""]]"
2026-05-16T13:44:42.925Z,KXBTC15M-26MAY160945-45,BTC price up in next 15 mins?,KXBTC15M-26MAY160945,2026-05-16T13:45:00Z,active,,0.001,0.999,1.0,0.001,0.001,252734.53,87918.62,,7996.87,[],"[[""0.9820"",""222.00""],[""0.9850"",""36.00""],[""0.9900"",""6104.30""],[""0.9910"",""1195.00""],[""0.9920"",""778.00""],[""0.9930"",""222.00""],[""0.9950"",""1180.00""],[""0.9970"",""1050.00""],[""0.9980"",""10.00""],[""0.9990"",""7996.87""]]"
2026-05-16T13:44:44.948Z,KXBTC15M-26MAY160945-45,BTC price up in next 15 mins?,KXBTC15M-26MAY160945,2026-05-16T13:45:00Z,active,,0.001,0.999,1.0,0.001,0.001,252734.53,87918.62,,7996.87,[],"[[""0.9820"",""222.00""],[""0.9850"",""36.00""],[""0.9900"",""6114.30""],[""0.9910"",""1195.00""],[""0.9920"",""778.00""],[""0.9930"",""222.00""],[""0.9950"",""1180.00""],[""0.9970"",""1050.00""],[""0.9980"",""10.00""],[""0.9990"",""7996.87""]]"
2026-05-16T13:44:46.949Z,KXBTC15M-26MAY160945-45,BTC price up in next 15 mins?,KXBTC15M-26MAY160945,2026-05-16T13:45:00Z,active,,0.001,0.999,1.0,0.001,0.001,252734.53,87918.62,,15194.87,[],"[[""0.9820"",""222.00""],[""0.9850"",""36.00""],[""0.9900"",""6141.30""],[""0.9910"",""1195.00""],[""0.9920"",""778.00""],[""0.9930"",""222.00""],[""0.9950"",""1180.00""],[""0.9970"",""1050.00""],[""0.9980"",""10.00""],[""0.9990"",""15194.87""]]"
2026-05-16T13:44:48.942Z,KXBTC15M-26MAY160945-45,BTC price up in next 15 mins?,KXBTC15M-26MAY160945,2026-05-16T13:45:00Z,active,,0.001,0.999,1.0,0.001,0.001,252734.53,87918.62,,15174.87,[],"[[""0.9820"",""222.00""],[""0.9850"",""36.00""],[""0.9900"",""6141.30""],[""0.9910"",""1195.00""],[""0.9920"",""778.00""],[""0.9930"",""222.00""],[""0.9950"",""1180.00""],[""0.9970"",""1050.00""],[""0.9980"",""10.00""],[""0.9990"",""15174.87""]]"
2026-05-16T13:44:50.937Z,KXBTC15M-26MAY160945-45,BTC price up in next 15 mins?,KXBTC15M-26MAY160945,2026-05-16T13:45:00Z,active,,0.001,0.999,1.0,0.001,0.001,252734.53,87918.62,,15174.87,[],"[[""0.9820"",""222.00""],[""0.9850"",""36.00""],[""0.9900"",""6141.30""],[""0.9910"",""1195.00""],[""0.9920"",""778.00""],[""0.9930"",""222.00""],[""0.9950"",""1180.00""],[""0.9970"",""1050.00""],[""0.9980"",""10.00""],[""0.9990"",""15174.87""]]"
2026-05-16T13:44:52.932Z,KXBTC15M-26MAY160945-45,BTC price up in next 15 mins?,KXBTC15M-26MAY160945,2026-05-16T13:45:00Z,active,,0.001,0.999,1.0,0.001,0.001,252734.53,87918.62,,15222.87,[],"[[""0.9850"",""36.00""],[""0.9900"",""5736.30""],[""0.9910"",""1195.00""],[""0.9920"",""778.00""],[""0.9930"",""222.00""],[""0.9950"",""1180.00""],[""0.9960"",""48.00""],[""0.9970"",""1098.00""],[""0.9980"",""58.00""],[""0.9990"",""15222.87""]]"
2026-05-16T13:44:54.930Z,KXBTC15M-26MAY160945-45,BTC price up in next 15 mins?,KXBTC15M-26MAY160945,2026-05-16T13:45:00Z,active,,0.001,0.999,1.0,0.001,0.001,252734.53,87918.62,,15242.87,[],"[[""0.9850"",""36.00""],[""0.9900"",""5762.30""],[""0.9910"",""1195.00""],[""0.9920"",""778.00""],[""0.9930"",""222.00""],[""0.9950"",""1180.00""],[""0.9960"",""48.00""],[""0.9970"",""1098.00""],[""0.9980"",""58.00""],[""0.9990"",""15242.87""]]"
2026-05-16T13:44:56.933Z,KXBTC15M-26MAY160945-45,BTC price up in next 15 mins?,KXBTC15M-26MAY160945,2026-05-16T13:45:00Z,active,,0.001,0.999,1.0,0.001,0.001,252734.53,87918.62,,15222.87,[],"[[""0.9820"",""222.00""],[""0.9900"",""5772.30""],[""0.9910"",""1195.00""],[""0.9920"",""778.00""],[""0.9930"",""222.00""],[""0.9950"",""1180.00""],[""0.9960"",""48.00""],[""0.9970"",""1098.00""],[""0.9980"",""58.00""],[""0.9990"",""15222.87""]]"
2026-05-16T13:44:58.969Z,KXBTC15M-26MAY160945-45,BTC price up in next 15 mins?,KXBTC15M-26MAY160945,2026-05-16T13:45:00Z,active,,0.001,0.999,1.0,0.001,0.001,252734.53,87918.62,,15222.87,[],"[[""0.9820"",""222.00""],[""0.9900"",""5736.30""],[""0.9910"",""1195.00""],[""0.9920"",""778.00""],[""0.9930"",""222.00""],[""0.9950"",""1180.00""],[""0.9960"",""48.00""],[""0.9970"",""1098.00""],[""0.9980"",""58.00""],[""0.9990"",""15222.87""]]"
2026-05-16T13:45:00.948Z,KXBTC15M-26MAY160945-45,BTC price up in next 15 mins?,KXBTC15M-26MAY160945,2026-05-16T13:45:00Z,closed,,0.001,0.999,1.0,0.001,0.001,252734.53,87918.62,,14024.87,[],"[[""0.9780"",""259.69""],[""0.9800"",""159.00""],[""0.9900"",""5704.00""],[""0.9910"",""1185.00""],[""0.9920"",""538.00""],[""0.9930"",""222.00""],[""0.9960"",""48.00""],[""0.9970"",""1098.00""],[""0.9980"",""58.00""],[""0.9990"",""14024.87""]]"
2026-05-16T13:45:02.937Z,KXBTC15M-26MAY160945-45,BTC price up in next 15 mins?,KXBTC15M-26MAY160945,2026-05-16T13:45:00Z,closed,,0.001,0.999,1.0,0.001,0.001,252734.53,87918.62,,,[],[]
2026-05-16T13:45:04.942Z,KXBTC15M-26MAY160945-45,BTC price up in next 15 mins?,KXBTC15M-26MAY160945,2026-05-16T13:45:00Z,closed,,0.001,0.999,1.0,0.001,0.001,252734.53,87918.62,,,[],[]
