tree
version=v4
num_class=1
num_tree_per_iteration=1
label_index=0
max_feature_idx=13
objective=huber
feature_names=Column_0 Column_1 Column_2 Column_3 Column_4 Column_5 Column_6 Column_7 Column_8 Column_9 Column_10 Column_11 Column_12 Column_13
feature_infos=[0.025000000000000001:0.96499999999999997] [-2.1801865442225936:2.1640071232018365] [0:0.23206799769799275] [-1.7320508075688898:1.7320508075688965] [0:0.18086597247685926] [-0.52000000000000002:0.42999999999999999] [2.6665335208992764:9.2920401674594846] [-0.99891114982034579:0.99916327993665344] [0:0.92480568210655301] [-1.9956628380206467:1.9931544735168023] [0.0099999999999998979:0.070000000000000007] [-0.99999729229082379:0.99999712041483557] [-0.9999963800260756:0.99999729229082379] [-0.68022685703352415:0.68975332760599206]
tree_sizes=676 766 685 683 684 766 685 771 685 681 768 766 685 687 770 685 767 687 687 770 774 682 693 604 776 685 775 604 772 688 778 687 776 691 769 688 775 780 778 689 681 686 779 778 775 776 779 688 776 689 684 779 777 776 690 777 691 686 519 687 777 516 689 518 514 687 777 690 514 606 510 689 605 513 692 517 776 682 515 784 602 513 693 776 600 690 519 783 778 515 683 691 517 521 776 690 600 690 519 778 697 603 600 785 608 603 523 782 513 519 780 514 691 519 692 606 513 692 518 696 604 600 514 607 516 513 689 605 696 775 776 513 694 690 686 516 523 519 514 693 600 516 784 602 783 511 775 686 780 691 520 690 517 519 696 694 682 514 607 516 514 604 699 519 516 695 519 688 698 778 607 687 696 520 522 698 518 692 512 518 781 687 517 517 602 691 607 515 696 520 688 687 779 602 605 778 513 519 515 606 605 604 689 519 775 520 692 518 605 691 691 520 692 523 519 777 607 697 514 773 689 521 772 694 602 780 692 607 784 521 689 609 602 521 774 695 515 606 607 525 694 774 693 608 518 694 517 776 518 605 605 600 611 769 522 523 519 517 689 522 609 610 519 775 692 603 523 608 522 516 524 521 610 777 515 776 784 518 606 523 700 694 518 520 697 696 523 609 691 517 518 696 519 695 777 521 603 693 691 778

Tree=0
num_leaves=6
num_cat=0
split_feature=0 0 11 13 2
split_gain=72.1895 10.3513 7.08756 9.0147 5.47827
threshold=0.54750000000000021 0.66000000000000014 -0.91532356630411371 0.0772904912264573 0.027928388277184121
decision_type=2 2 2 8 2
left_child=2 4 -1 -4 -2
right_child=1 -3 3 -5 -6
leaf_value=-0.082085363435975237 -0.094116540484966246 -0.10145589791593899 -0.075542694525785492 -0.066440903889093933 -0.082739247939280391
leaf_weight=190 212 247 653 462 225
leaf_count=190 212 247 653 462 225
internal_value=-0.0801711 -0.0932655 -0.0732682 -0.0717454 -0.0884009
internal_weight=1989 684 1305 1115 437
internal_count=1989 684 1305 1115 437
is_linear=0
shrinkage=1


Tree=1
num_leaves=7
num_cat=0
split_feature=0 0 13 7 0 2
split_gain=66.9213 9.45233 6.47424 7.6904 5.0897 5.06406
threshold=0.54750000000000021 0.66000000000000014 0.0772904912264573 -0.77836877496795076 0.48750000000000004 0.027928388277184121
decision_type=2 2 10 2 2 2
left_child=2 5 4 -4 -1 -2
right_child=1 -3 3 -5 -6 -7
leaf_value=0.0023055135260822515 -0.017462764549914592 -0.024447637749096706 -0.001325283073401325 0.011292977662315604 -0.0065402669937850086 -0.0065208004091096968
leaf_weight=556 212 247 184 341 224 225
leaf_count=556 212 247 184 341 224 225
internal_value=-0.00401075 -0.0166183 0.00263554 0.0068998 -0.000260291 -0.0119665
internal_weight=1989 684 1305 525 780 437
internal_count=1989 684 1305 525 780 437
is_linear=0
shrinkage=0.05


Tree=2
num_leaves=6
num_cat=0
split_feature=0 0 11 13 2
split_gain=61.8807 8.63003 6.47212 7.74476 4.68079
threshold=0.54750000000000021 0.66000000000000014 -0.91532356630411371 0.0772904912264573 0.027928388277184121
decision_type=2 2 2 8 2
left_child=2 4 -1 -4 -2
right_child=1 -3 3 -5 -6
leaf_value=-0.0059276077285026901 -0.016855190289185345 -0.023501747692861258 0.00043259990998858019 0.0088688455641716402 -0.0063322640113208616
leaf_weight=190 212 247 653 462 225
leaf_count=190 212 247 653 462 225
internal_value=-0.00389464 -0.0160181 0.00249658 0.00395214 -0.0115701
internal_weight=1989 684 1305 1115 437
internal_count=1989 684 1305 1115 437
is_linear=0
shrinkage=0.05


Tree=3
num_leaves=6
num_cat=0
split_feature=0 0 11 13 2
split_gain=57.3718 7.87794 5.89774 7.07274 4.32617
threshold=0.54750000000000021 0.66000000000000014 -0.91532356630411371 0.0772904912264573 0.027928388277184121
decision_type=2 2 2 8 2
left_child=2 4 -1 -4 -2
right_child=1 -3 3 -5 -6
leaf_value=-0.00565402528223319 -0.016268754293841701 -0.022592453646754464 0.00041379647776710953 0.0084757289568030102 -0.0061491785749145178
leaf_weight=190 212 247 653 462 225
leaf_count=190 212 247 653 462 225
internal_value=-0.00376631 -0.0154397 0.00238772 0.00377718 -0.0111869
internal_weight=1989 684 1305 1115 437
internal_count=1989 684 1305 1115 437
is_linear=0
shrinkage=0.05


Tree=4
num_leaves=6
num_cat=0
split_feature=0 0 11 13 2
split_gain=53.1909 7.19015 5.37383 6.45725 3.99808
threshold=0.54750000000000021 0.66000000000000014 -0.91532356630411371 0.0772904912264573 0.027928388277184121
decision_type=2 2 2 8 2
left_child=2 4 -1 -4 -2
right_child=1 -3 3 -5 -6
leaf_value=-0.005393070828838227 -0.015702720364117954 -0.021718341951805449 0.00039581117477822811 0.0080989799715530698 -0.0059713872748872509
leaf_weight=190 212 247 653 462 225
leaf_count=190 212 247 653 462 225
internal_value=-0.00364238 -0.0148823 0.00228322 0.00360952 -0.0108165
internal_weight=1989 684 1305 1115 437
internal_count=1989 684 1305 1115 437
is_linear=0
shrinkage=0.05


Tree=5
num_leaves=7
num_cat=0
split_feature=0 0 0 8 2 6
split_gain=49.3057 6.56124 5.05908 4.11054 3.69456 2.28559
threshold=0.54750000000000021 0.66000000000000014 0.48750000000000004 0.27206032029990829 0.027928388277184121 4.8608196458599808
decision_type=2 2 2 2 2 2
left_child=2 4 3 -1 -2 -4
right_child=1 -3 5 -5 -6 -7
leaf_value=0.011164090821676586 -0.015156381333478587 -0.020878049683949306 -0.0075974990860108414 0.0025042116687373325 -0.0057987367329390156 0.00068944230105707561
leaf_weight=161 212 247 150 816 225 178
leaf_count=161 212 247 150 816 225 178
internal_value=-0.00352365 -0.0143453 0.00218149 0.00398085 -0.0104585 -0.00315749
internal_weight=1989 684 1305 977 437 328
internal_count=1989 684 1305 977 437 328
is_linear=0
shrinkage=0.05


Tree=6
num_leaves=6
num_cat=0
split_feature=0 0 11 13 2
split_gain=45.5686 5.98627 4.90861 5.8366 3.41378
threshold=0.54750000000000021 0.66000000000000014 -0.91532356630411371 0.0772904912264573 0.027928388277184121
decision_type=2 2 2 10 2
left_child=2 4 -1 -4 -2
right_child=1 -3 3 -5 -6
leaf_value=-0.0052748493105173114 -0.014629052847211813 -0.020070266960159181 0.00039465324104051379 0.0077738805692852218 -0.0056310770174731383
leaf_weight=190 212 247 675 440 225
leaf_count=190 212 247 675 440 225
internal_value=-0.00342438 -0.0138278 0.00206042 0.00332834 -0.0101123
internal_weight=1989 684 1305 1115 437
internal_count=1989 684 1305 1115 437
is_linear=0
shrinkage=0.05


Tree=7
num_leaves=7
num_cat=0
split_feature=0 0 2 8 13 3
split_gain=42.2973 7.03786 4.81135 4.07255 8.90042 5.53778
threshold=0.52750000000000019 0.66000000000000014 0.028624724991100855 0.3723372454412946 0.035689489672368686 -0.99689951152387024
decision_type=2 2 2 2 10 2
left_child=3 2 -2 4 -1 -5
right_child=1 -3 -4 5 -6 -7
leaf_value=-0.0014913493646143458 -0.013379337857751286 -0.019293739244578376 -0.0038216538234443517 -0.0042908540587214862 0.014290442559676073 0.0039067881744547289
leaf_weight=164 284 247 252 335 189 518
leaf_count=164 284 247 252 335 189 518
internal_value=-0.00331301 -0.0123234 -0.00896265 0.00256372 0.00703997 0.000681072
internal_weight=1989 783 536 1206 353 853
internal_count=1989 783 536 1206 353 853
is_linear=0
shrinkage=0.05


Tree=8
num_leaves=6
num_cat=0
split_feature=0 0 11 13 2
split_gain=39.3116 4.9432 4.48271 5.07184 2.90572
threshold=0.54750000000000021 0.66000000000000014 -0.91532356630411371 0.0772904912264573 0.027928388277184121
decision_type=2 2 2 8 2
left_child=2 4 -1 -4 -2
right_child=1 -3 3 -5 -6
leaf_value=-0.0051202716544652598 -0.013654566992263091 -0.018547255817859893 0.00025326529783861978 0.0070794111735943306 -0.0053453040770862423
leaf_weight=190 212 247 653 462 225
leaf_count=190 212 247 653 462 225
internal_value=-0.00320566 -0.0128685 0.00188876 0.00310065 -0.00948521
internal_weight=1989 684 1305 1115 437
internal_count=1989 684 1305 1115 437
is_linear=0
shrinkage=0.05


Tree=9
num_leaves=6
num_cat=0
split_feature=0 0 2 8 13
split_gain=36.5847 5.83207 4.24549 3.7983 5.30539
threshold=0.52750000000000019 0.66000000000000014 0.028624724991100855 0.66822191591995106 0.0772904912264573
decision_type=2 2 2 2 10
left_child=3 2 -2 4 -1
right_child=1 -3 -4 -5 -6
leaf_value=0.00050860845722442815 -0.012564823567661036 -0.017829652083298519 -0.0035868569802681295 -0.0042090127015496316 0.0077948926654937386
leaf_weight=600 284 247 252 182 424
leaf_count=600 284 247 252 182 424
internal_value=-0.00310005 -0.0114799 -0.008416 0.00236551 0.0035488
internal_weight=1989 783 536 1206 1024
internal_count=1989 783 536 1206 1024
is_linear=0
shrinkage=0.05


Tree=10
num_leaves=7
num_cat=0
split_feature=0 0 0 8 9 6
split_gain=33.9006 4.08967 4.07724 3.44396 2.73271 2.10801
threshold=0.54750000000000021 0.48750000000000004 0.66000000000000014 0.27206032029990829 0.097527498296150247 4.8608196458599808
decision_type=2 2 2 2 2 2
left_child=1 3 4 -1 -2 -3
right_child=2 5 -4 -5 -6 -7
leaf_value=0.0099188114191035206 -0.004857641484653741 -0.0073345087805101947 -0.017139814179095013 0.0019968609771397459 -0.012898948407608624 0.00062485682508333143
leaf_weight=161 223 150 247 816 214 178
leaf_count=161 223 150 247 816 214 178
internal_value=-0.00300311 0.00172782 -0.0119763 0.00334618 -0.00889686 -0.00307057
internal_weight=1989 1305 684 977 437 328
internal_count=1989 1305 684 977 437 328
is_linear=0
shrinkage=0.05


Tree=11
num_leaves=7
num_cat=0
split_feature=0 0 2 3 8 9
split_gain=31.4095 4.85246 3.90555 3.52677 2.71325 2.48387
threshold=0.52750000000000019 0.66000000000000014 0.028624724991100855 -0.9284766908852562 0.37377856794739467 0.70752237532249918
decision_type=2 2 2 2 2 2
left_child=3 2 -2 4 -1 -5
right_child=1 -3 -4 5 -6 -7
leaf_value=0.0043278951927670957 -0.011860461558850167 -0.016476667447695655 -0.003255835337861503 0.0025234219028304021 -0.0032868638976082973 0.0091634604312917766
leaf_weight=166 284 247 252 475 366 199
leaf_count=166 284 247 252 475 366 199
internal_value=-0.0029164 -0.0106809 -0.00788248 0.002148 -0.000892656 0.00453695
internal_weight=1989 783 536 1206 532 674
internal_count=1989 783 536 1206 532 674
is_linear=0
shrinkage=0.05


Tree=12
num_leaves=6
num_cat=0
split_feature=0 11 13 0 9
split_gain=29.2045 4.09527 4.31714 3.35603 2.52583
threshold=0.54750000000000021 -0.91532356630411371 0.0772904912264573 0.66000000000000014 0.11440499444898339
decision_type=2 2 8 2 2
left_child=1 -1 -3 4 -2
right_child=3 2 -4 -5 -6
leaf_value=-0.0051258744165683413 -0.0045221806346596059 0.00010425687787380624 0.0064010332378397275 -0.015839176435792256 -0.012245939051111539
leaf_weight=190 226 653 462 247 211
leaf_count=190 226 653 462 247 211
internal_value=-0.0028199 0.00157125 0.00273025 -0.0111484 -0.00834784
internal_weight=1989 1305 1115 684 437
internal_count=1989 1305 1115 684 437
is_linear=0
shrinkage=0.05


Tree=13
num_leaves=6
num_cat=0
split_feature=0 0 2 8 13
split_gain=27.2121 4.01278 3.61815 3.37854 4.63795
threshold=0.52750000000000019 0.66000000000000014 0.028624724991100855 0.66822191591995106 0.0772904912264573
decision_type=2 2 2 2 10
left_child=3 2 -2 4 -1
right_child=1 -3 -4 -5 -6
leaf_value=0.00026552160740021829 -0.011230017074664159 -0.015226351812718406 -0.0029541227256277658 -0.0042081935719691498 0.0070761065660934624
leaf_weight=600 284 247 252 182 424
leaf_count=600 284 247 252 182 424
internal_value=-0.00272436 -0.00995143 -0.00740237 0.00198956 0.00310621
internal_weight=1989 783 536 1206 1024
internal_count=1989 783 536 1206 1024
is_linear=0
shrinkage=0.05


Tree=14
num_leaves=7
num_cat=0
split_feature=0 0 2 3 2 9
split_gain=25.2563 3.66319 3.3599 3.26856 2.69016 2.41971
threshold=0.52750000000000019 0.66000000000000014 0.028624724991100855 -0.9284766908852562 0.025083057392117931 0.70752237532249918
decision_type=2 2 2 2 2 2
left_child=3 2 -2 4 -1 -5
right_child=1 -3 -4 5 -6 -7
leaf_value=-0.0065515308282696281 -0.010847263620798978 -0.014637236533656953 -0.0028713612357002291 0.0022247581618527572 0.0012318529000438249 0.0087722724066207226
leaf_weight=151 284 247 252 475 381 199
leaf_count=151 284 247 252 475 381 199
internal_value=-0.00263315 -0.00959566 -0.00715859 0.00190824 -0.00101777 0.00420829
internal_weight=1989 783 536 1206 532 674
internal_count=1989 783 536 1206 532 674
is_linear=0
shrinkage=0.05


Tree=15
num_leaves=6
num_cat=0
split_feature=0 11 6 12 12
split_gain=23.5155 3.73532 4.11231 3.00853 3.63825
threshold=0.54750000000000021 -0.91532356630411371 4.7201047201070034 0.75896165463493437 0.17132013439805233
decision_type=2 2 2 2 2
left_child=1 -1 -3 4 -2
right_child=3 2 -4 -5 -6
leaf_value=-0.0050021784160381713 -0.010699988680857199 -0.001741721406774571 0.004655577418624714 -0.016084179300472051 -0.0015064365313022952
leaf_weight=190 373 376 739 158 153
leaf_count=190 373 376 739 158 153
internal_value=-0.00254744 0.00139292 0.00250014 -0.0100208 -0.00806518
internal_weight=1989 1305 1115 684 526
internal_count=1989 1305 1115 684 526
is_linear=0
shrinkage=0.05


Tree=16
num_leaves=7
num_cat=0
split_feature=0 8 3 0 2 6
split_gain=21.8835 3.2687 4.53958 3.21631 3.11016 0.819283
threshold=0.52750000000000019 0.3723372454412946 -0.99689951152387024 0.66000000000000014 0.028624724991100855 5.0120343127939506
decision_type=2 2 2 2 2 2
left_child=1 5 -3 4 -2 -1
right_child=3 2 -4 -5 -6 -7
leaf_value=0.007989406566589306 -0.010205633634101974 -0.0044139664477723488 0.0030075664729962617 -0.013663839371431442 -0.0025392479585766327 0.0030377338041684462
leaf_weight=190 284 335 518 247 252 163
leaf_count=190 284 335 518 247 252 163
internal_value=-0.00245979 0.00176753 8.41593e-05 -0.00894074 -0.00665807 0.0057773
internal_weight=1989 1206 853 783 536 353
internal_count=1989 1206 853 783 536 353
is_linear=0
shrinkage=0.05


Tree=17
num_leaves=6
num_cat=0
split_feature=0 11 6 13 2
split_gain=20.3481 3.38055 3.8532 2.78217 1.8162
threshold=0.54750000000000021 -0.91532356630411371 4.7201047201070034 0.055377987190612814 0.030362350891973245
decision_type=2 2 2 8 2
left_child=1 -1 -3 4 -2
right_child=3 2 -4 -5 -6
leaf_value=-0.0047953757414451017 -0.015362624337325742 -0.0017637263856378441 0.0044281494920767883 -0.0047888453694300039 -0.0085579618984207694
leaf_weight=190 194 376 739 236 254
leaf_count=190 194 376 739 236 254
internal_value=-0.00237729 0.00128814 0.00234157 -0.00932915 -0.0116417
internal_weight=1989 1305 1115 684 448
internal_count=1989 1305 1115 684 448
is_linear=0
shrinkage=0.05


Tree=18
num_leaves=6
num_cat=0
split_feature=0 8 9 5 2
split_gain=18.9894 3.05606 3.64175 3.04137 6.23317
threshold=0.52750000000000019 0.66822191591995106 -0.83248564881174847 0.11000000000000003 0.028624724991100855
decision_type=2 2 2 2 2
left_child=1 2 -1 4 -2
right_child=3 -3 -4 -5 -6
leaf_value=0.0076808600298153076 -0.01071395940719853 -0.0042495874658147288 0.00091994991715201632 -0.013805698451338983 -0.00031461832992523076
leaf_weight=266 348 182 758 191 244
leaf_count=266 348 182 758 191 244
internal_value=-0.00229565 0.00164225 0.00270499 -0.00833285 -0.00646628
internal_weight=1989 1206 1024 783 592
internal_count=1989 1206 1024 783 592
is_linear=0
shrinkage=0.05


Tree=19
num_leaves=7
num_cat=0
split_feature=0 13 7 0 8 3
split_gain=17.7578 4.79826 5.04915 3.2025 2.82265 3.08758
threshold=0.48750000000000004 0.047581007418036052 0.24946443873029397 0.59750000000000003 0.27206032029990829 -0.17126266526778786
decision_type=2 8 2 2 2 2
left_child=4 2 -2 -3 -1 -6
right_child=1 3 -4 -5 5 -7
leaf_value=0.0085322261787950989 -0.015813308174365034 0.0015102251379500403 -0.006233791664172786 -0.0076595671791018869 -0.00053607081749493658 0.0062971486047105497
leaf_weight=161 209 222 421 160 592 224
leaf_count=161 209 222 421 160 592 224
internal_value=-0.0022178 -0.0068443 -0.00951125 -0.00237986 0.00258489 0.00136664
internal_weight=1989 1012 630 382 977 816
internal_count=1989 1012 630 382 977 816
is_linear=0
shrinkage=0.05


Tree=20
num_leaves=7
num_cat=0
split_feature=0 4 4 8 12 12
split_gain=16.5068 3.16309 4.15845 3.74224 2.69089 3.20911
threshold=0.54750000000000021 0.016747185015786498 0.010897247358851676 0.5990115561705649 0.75896165463493437 0.17132013439805233
decision_type=2 2 2 2 2 2
left_child=1 2 -1 -3 5 -2
right_child=4 3 -4 -5 -6 -7
leaf_value=0.0018677788808049147 -0.0090566591847510564 0.0048413900843883757 -0.0086823879408113886 -0.0019344908786006272 -0.014117327442198443 -0.00045850680598729775
leaf_weight=212 373 638 160 295 158 153
leaf_count=212 373 638 160 295 158 153
internal_value=-0.00215226 0.00114915 -0.0027249 0.00270007 -0.00841362 -0.00658354
internal_weight=1989 1305 372 933 684 526
internal_count=1989 1305 372 933 684 526
is_linear=0
shrinkage=0.05


Tree=21
num_leaves=6
num_cat=0
split_feature=0 0 11 8 3
split_gain=15.4503 3.75443 2.93785 2.53989 2.83738
threshold=0.48750000000000004 0.66000000000000014 0.59130804726902164 0.27206032029990829 -0.17126266526778786
decision_type=2 2 2 2 2
left_child=3 2 -2 -1 -5
right_child=1 -3 -4 4 -6
leaf_value=0.0080401230112548527 -0.006691072296421483 -0.011719688832286806 -2.2734561745001348e-05 -0.000579879004149456 0.005970232953280862
leaf_weight=161 525 247 240 592 224
leaf_count=161 525 247 240 592 224
internal_value=-0.00208101 -0.00639646 -0.00461278 0.00239884 0.0012436
internal_weight=1989 1012 765 977 816
internal_count=1989 1012 765 977 816
is_linear=0
shrinkage=0.05


Tree=22
num_leaves=6
num_cat=0
split_feature=0 11 13 12 12
split_gain=14.3059 3.05857 3.52899 2.41959 2.95579
threshold=0.54750000000000021 -0.91532356630411371 0.0772904912264573 0.75896165463493437 0.17132013439805233
decision_type=2 2 10 2 2
left_child=1 -1 -3 4 -2
right_child=3 2 -4 -5 -6
leaf_value=-0.0047311000946240554 -0.0084887209786939886 -0.00022062999956474146 0.0055133270933763702 -0.013253523071119391 -0.00024371216946010349
leaf_weight=190 373 675 440 158 153
leaf_count=190 373 675 440 158 153
internal_value=-0.00201942 0.00105407 0.00205661 -0.00784843 -0.00611534
internal_weight=1989 1305 1115 684 526
internal_count=1989 1305 1115 684 526
is_linear=0
shrinkage=0.05


Tree=23
num_leaves=5
num_cat=0
split_feature=5 13 2 7
split_gain=6.14209 4.28007 5.54704 4.98596
threshold=0.11000000000000003 0.073355898158352015 0.030362350891973245 -0.72426493251417456
decision_type=2 10 2 2
left_child=1 2 -1 -3
right_child=-2 3 -4 -5
leaf_value=-0.0060044873380661013 -0.0099689154277944805 -0.003098938342437203 0.0010874996063179308 0.0056486691142815879
leaf_weight=620 208 267 491 403
leaf_count=620 208 267 491 403
internal_value=-0.00194335 -0.000980772 -0.00287939 0.00216555
internal_weight=1989 1781 1111 670
internal_count=1989 1781 1111 670
is_linear=0
shrinkage=0.05


Tree=24
num_leaves=7
num_cat=0
split_feature=0 13 7 7 3 9
split_gain=13.2282 4.09057 4.60794 2.71542 2.36455 3.06181
threshold=0.48750000000000004 0.047581007418036052 0.24946443873029397 -0.58519136497020996 -0.911322376865769 1.0000000180025095e-35
decision_type=2 8 2 2 2 2
left_child=4 2 -2 -3 -1 -6
right_child=1 3 -4 -5 5 -7
leaf_value=-0.00026215502240200172 -0.014328624182772415 -0.0061962908768391873 -0.0052026587402876556 0.0021571560133071175 0.00087740327311512916 0.0086562639291632958
leaf_weight=473 209 177 421 205 263 241
leaf_count=473 209 177 421 205 263 241
internal_value=-0.00186465 -0.0058578 -0.00831915 -0.00174347 0.00228032 0.00464555
internal_weight=1989 1012 630 382 977 504
internal_count=1989 1012 630 382 977 504
is_linear=0
shrinkage=0.05


Tree=25
num_leaves=6
num_cat=0
split_feature=0 11 6 6 1
split_gain=12.2391 2.81663 3.47035 2.22528 5.99406
threshold=0.54750000000000021 -0.91532356630411371 4.7201047201070034 4.6140306916159188 0.57735026918962873
decision_type=2 2 2 2 2
left_child=1 -1 -3 -2 -5
right_child=3 2 -4 4 -6
leaf_value=-0.0045212222444705481 -0.00192461199372824 -0.0019013465653488955 0.0039732520728902798 -0.00061097450372649402 -0.012229589749408026
leaf_weight=190 158 376 739 159 367
leaf_count=190 158 376 739 159 367
internal_value=-0.00181207 0.00103057 0.00199258 -0.00720366 -0.00875632
internal_weight=1989 1305 1115 684 526
internal_count=1989 1305 1115 684 526
is_linear=0
shrinkage=0.05


Tree=26
num_leaves=7
num_cat=0
split_feature=0 13 7 7 8 3
split_gain=11.5451 3.73444 4.26401 2.52842 2.33724 2.52422
threshold=0.48750000000000004 0.047581007418036052 0.24946443873029397 -0.58519136497020996 0.27206032029990829 -0.11726071117890514
decision_type=2 8 2 2 2 2
left_child=4 2 -2 -3 -1 -6
right_child=1 3 -4 -5 5 -7
leaf_value=0.0075391649812774136 -0.013604389576711388 -0.0058429334517363669 -0.0048311497054189592 0.0022163626125880648 -0.00066624190167957923 0.0055623711759199479
leaf_weight=161 209 177 421 205 598 218
leaf_count=161 209 177 421 205 598 218
internal_value=-0.00174384 -0.00547432 -0.00782584 -0.00154516 0.00212848 0.00102152
internal_weight=1989 1012 630 382 977 816
internal_count=1989 1012 630 382 977 816
is_linear=0
shrinkage=0.05


Tree=27
num_leaves=5
num_cat=0
split_feature=5 13 2 7
split_gain=4.87541 3.64452 4.87255 4.41987
threshold=0.11000000000000003 0.073355898158352015 0.030362350891973245 -0.72426493251417456
decision_type=2 10 2 2
left_child=1 2 -1 -3
right_child=-2 3 -4 -5
leaf_value=-0.0055154611587524419 -0.0088418971624732584 -0.0028881853687754999 0.0011305780234491271 0.0053481103920870847
leaf_weight=620 208 267 491 403
leaf_count=620 208 267 491 403
internal_value=-0.00169171 -0.000834241 -0.00258638 0.0020688
internal_weight=1989 1781 1111 670
internal_count=1989 1781 1111 670
is_linear=0
shrinkage=0.05


Tree=28
num_leaves=7
num_cat=0
split_feature=0 4 4 4 12 12
split_gain=10.4422 2.64227 3.74635 3.66144 2.18786 2.50523
threshold=0.54750000000000021 0.016747185015786498 0.010897247358851676 0.022776083947860785 0.75896165463493437 0.17132013439805233
decision_type=2 2 2 2 2 2
left_child=1 2 -1 -3 5 -2
right_child=4 3 -4 -5 -6 -7
leaf_value=0.0018201533035473892 -0.0071549627791952205 0.0093893196457510552 -0.008192975785244595 0.0010124778465673554 -0.01172204241613669 0.00041515580083750471
leaf_weight=212 373 152 160 781 158 153
leaf_count=212 373 152 160 781 158 153
internal_value=-0.00162318 0.00100234 -0.00253811 0.00241997 -0.0066033 -0.00496983
internal_weight=1989 1305 372 933 684 526
internal_count=1989 1305 372 933 684 526
is_linear=0
shrinkage=0.05


Tree=29
num_leaves=6
num_cat=0
split_feature=0 0 11 8 3
split_gain=9.84034 2.57234 2.59796 2.15277 2.31787
threshold=0.48750000000000004 0.66000000000000014 0.59130804726902164 0.27206032029990829 -0.11726071117890514
decision_type=2 2 2 2 2
left_child=3 2 -2 -1 -5
right_child=1 -3 -4 4 -6
leaf_value=0.0072011372478431972 -0.0054918420933327584 -0.0094131468307404303 0.00076398064895552044 -0.00067066781363368138 0.0052977633349296765
leaf_weight=161 525 247 240 598 218
leaf_count=161 525 247 240 598 218
internal_value=-0.00156632 -0.00501044 -0.00353701 0.00200853 0.000946393
internal_weight=1989 1012 765 977 816
internal_count=1989 1012 765 977 816
is_linear=0
shrinkage=0.05


Tree=30
num_leaves=7
num_cat=0
split_feature=0 13 11 0 3 9
split_gain=9.10527 3.27719 2.34309 2.19671 1.99612 2.83633
threshold=0.48750000000000004 0.047581007418036052 0.67738434732472996 0.59750000000000003 -0.911322376865769 1.0000000180025095e-35
decision_type=2 8 2 2 2 2
left_child=4 2 -2 -3 -1 -6
right_child=1 3 -4 -5 5 -7
leaf_value=-0.00041513774645316056 -0.0089191592596714799 0.0020513023048770586 -0.0020623151933290679 -0.0055345722310470823 0.00047340461056429283 0.0079519958557121885
leaf_weight=473 454 222 176 160 263 241
leaf_count=473 454 222 176 160 263 241
internal_value=-0.00151961 -0.00483258 -0.00703492 -0.00115648 0.00191917 0.00409246
internal_weight=1989 1012 630 382 977 504
internal_count=1989 1012 630 382 977 504
is_linear=0
shrinkage=0.05


Tree=31
num_leaves=6
num_cat=0
split_feature=0 11 6 6 1
split_gain=8.44019 2.59121 3.14496 1.93664 5.14936
threshold=0.54750000000000021 -0.91532356630411371 4.7201047201070034 4.6140306916159188 0.57735026918962873
decision_type=2 2 2 2 2
left_child=1 -1 -3 -2 -5
right_child=3 2 -4 4 -6
leaf_value=-0.0044399703771640089 -0.0010576093672243364 -0.0018988174904538736 0.0036930053237317416 0.00012691466183197209 -0.010619510085352007
leaf_weight=190 158 376 739 159 367
leaf_count=190 158 376 739 159 367
internal_value=-0.00147627 0.000884238 0.00180727 -0.00595361 -0.00740046
internal_weight=1989 1305 1115 684 526
internal_count=1989 1305 1115 684 526
is_linear=0
shrinkage=0.05


Tree=32
num_leaves=7
num_cat=0
split_feature=0 13 7 7 3 9
split_gain=7.95664 2.99401 3.90721 2.26307 1.83496 2.57294
threshold=0.48750000000000004 0.047581007418036052 0.24946443873029397 -0.58519136497020996 -0.911322376865769 1.0000000180025095e-35
decision_type=2 8 2 2 2 2
left_child=4 2 -2 -3 -1 -6
right_child=1 3 -4 -5 5 -7
leaf_value=-0.00044117248091051766 -0.012141214478238722 -0.0050727711355948195 -0.0037685919745427347 0.002548145204782486 0.00043368017615458531 0.0075561996780305618
leaf_weight=473 209 177 421 205 263 241
leaf_count=473 209 177 421 205 263 241
internal_value=-0.00141806 -0.00451502 -0.00661991 -0.00100293 0.00179651 0.00388026
internal_weight=1989 1012 630 382 977 504
internal_count=1989 1012 630 382 977 504
is_linear=0
shrinkage=0.05


Tree=33
num_leaves=6
num_cat=0
split_feature=0 7 13 12 12
split_gain=7.38688 2.44731 5.56865 1.92068 2.1802
threshold=0.54750000000000021 -0.77836877496795076 0.0772904912264573 0.75896165463493437 0.17132013439805233
decision_type=2 2 10 2 2
left_child=1 -1 -3 4 -2
right_child=3 2 -4 -5 -6
leaf_value=-0.0041326007774572055 -0.0060816323355076807 -0.00062121876022394964 0.0070272766508234696 -0.010345810514651926 0.00096411745570882963
leaf_weight=204 373 760 341 158 153
leaf_count=204 373 760 341 158 153
internal_value=-0.00137432 0.000833963 0.00176872 -0.00556298 -0.00404242
internal_weight=1989 1305 1101 684 526
internal_count=1989 1305 1101 684 526
is_linear=0
shrinkage=0.05


Tree=34
num_leaves=7
num_cat=0
split_feature=0 13 7 7 8 8
split_gain=6.94385 2.73081 3.6004 2.0705 1.98537 2.11289
threshold=0.48750000000000004 0.047581007418036052 0.24946443873029397 -0.58519136497020996 0.27206032029990829 0.46475341060314224
decision_type=2 8 2 2 2 2
left_child=4 2 -2 -3 -1 -6
right_child=1 3 -4 -5 5 -7
leaf_value=0.00666334840626153 -0.011527375090066518 -0.0047594194392581567 -0.0034936384346003825 0.002529448164360864 -0.0028200975534590812 0.0024961781637587895
leaf_weight=161 209 177 421 205 281 535
leaf_count=161 209 177 421 205 281 535
internal_value=-0.00132531 -0.00421846 -0.00622858 -0.000865711 0.0016777 0.000659425
internal_weight=1989 1012 630 382 977 816
internal_count=1989 1012 630 382 977 816
is_linear=0
shrinkage=0.05


Tree=35
num_leaves=6
num_cat=0
split_feature=0 5 8 12 12
split_gain=6.4713 2.5155 2.77053 1.77228 1.99436
threshold=0.54750000000000021 0.029999999999999947 0.37377856794739467 0.75896165463493437 0.17132013439805233
decision_type=2 2 2 2 2
left_child=1 2 -1 4 -2
right_child=3 -3 -4 -5 -6
leaf_value=0.0035559807053605419 -0.005696813624214243 0.0054933675624781924 -0.0019154873225469375 -0.0097963791957662166 0.0010389378176459785
leaf_weight=329 373 228 748 158 153
leaf_count=329 373 228 748 158 153
internal_value=-0.00128423 0.000782664 -0.000235365 -0.00520472 -0.00374622
internal_weight=1989 1305 1077 684 526
internal_count=1989 1305 1077 684 526
is_linear=0
shrinkage=0.05


Tree=36
num_leaves=7
num_cat=0
split_feature=0 13 7 7 8 13
split_gain=6.14158 2.49951 3.3387 1.9246 1.72629 2.11201
threshold=0.48750000000000004 0.047581007418036052 0.24946443873029397 -0.58519136497020996 0.27206032029990829 -0.1361392710019021
decision_type=2 8 2 2 2 8
left_child=4 2 -2 -3 -1 -6
right_child=1 3 -4 -5 5 -7
leaf_value=0.0062379974134109291 -0.010980555540490374 -0.0045045456224745454 -0.0032474679741221419 0.0025223383662246524 0.0053261661401358988 -0.00072786884371453205
leaf_weight=161 209 177 421 205 181 635
leaf_count=161 209 177 421 205 181 635
internal_value=-0.00123523 -0.00395614 -0.00587915 -0.000749706 0.00158894 0.000639258
internal_weight=1989 1012 630 382 977 816
internal_count=1989 1012 630 382 977 816
is_linear=0
shrinkage=0.05


Tree=37
num_leaves=7
num_cat=0
split_feature=0 4 3 4 4 5
split_gain=5.77809 3.01728 3.63306 3.24816 1.39701 1.83695
threshold=0.59750000000000003 0.016583123951776999 -0.10803153034011738 0.021650635094611004 0.025708417381394094 0.11000000000000008
decision_type=2 2 2 2 2 2
left_child=1 2 -1 -3 -2 -6
right_child=4 3 -4 -5 5 -7
leaf_value=-0.0079413851315066931 -0.0098168366301206907 0.0080934306309067994 0.0011334447974854327 0.00054748541246132031 -6.6623724997043617e-05 -0.0076602697463297263
leaf_weight=205 157 164 230 919 155 159
leaf_count=205 157 164 230 919 155 159
internal_value=-0.00119606 0.000310135 -0.00318484 0.00172212 -0.00600267 -0.00397161
internal_weight=1989 1518 435 1083 471 314
internal_count=1989 1518 435 1083 471 314
is_linear=0
shrinkage=0.05


Tree=38
num_leaves=7
num_cat=0
split_feature=0 13 7 7 3 9
split_gain=5.47256 2.31246 3.08142 1.80695 1.62244 2.35171
threshold=0.48750000000000004 0.047581007418036052 0.24946443873029397 -0.58519136497020996 -0.911322376865769 1.0000000180025095e-35
decision_type=2 8 2 2 2 2
left_child=4 2 -2 -3 -1 -6
right_child=1 3 -4 -5 5 -7
leaf_value=-0.00058181699575801779 -0.010463194625678464 -0.0042700047512630838 -0.0030362698148953524 0.0025382470304057712 0.00018972814944920256 0.0069944748193086163
leaf_weight=473 209 177 421 205 263 241
leaf_count=473 209 177 421 205 263 241
internal_value=-0.00114509 -0.00371355 -0.00556311 -0.000630773 0.00152075 0.00348033
internal_weight=1989 1012 630 382 977 504
internal_count=1989 1012 630 382 977 504
is_linear=0
shrinkage=0.05


Tree=39
num_leaves=6
num_cat=0
split_feature=0 4 3 4 8
split_gain=5.12422 2.76716 3.32617 3.05942 1.31591
threshold=0.59750000000000003 0.016583123951776999 -0.10803153034011738 0.021650635094611004 0.5572050903531317
decision_type=2 2 2 2 2
left_child=1 2 -1 -3 -2
right_child=4 3 -4 -5 -6
leaf_value=-0.0075872065588122317 -0.0033552527479958115 0.0078466527208068664 0.0010957024167192744 0.00052327931724671173 -0.0088031919102887716
leaf_weight=205 280 164 230 919 191
leaf_count=205 280 164 230 919 191
internal_value=-0.00110727 0.000311078 -0.00303596 0.00166323 -0.00563377
internal_weight=1989 1518 435 1083 471
internal_count=1989 1518 435 1083 471
is_linear=0
shrinkage=0.05


Tree=40
num_leaves=6
num_cat=0
split_feature=0 6 8 8 8
split_gain=4.89119 2.14931 2.06482 1.60475 1.9552
threshold=0.48750000000000004 5.5692600684634765 0.55531488340871071 0.27206032029990829 0.46475341060314224
decision_type=2 2 2 2 2
left_child=3 2 -2 -1 -5
right_child=1 -3 -4 4 -6
leaf_value=0.0059416846557329575 -0.0024679261429224855 0.0019609603839807021 -0.0075110652346230119 -0.0028020862007995585 0.0023116797669920034
leaf_weight=161 528 151 333 281 535
leaf_count=161 528 151 333 281 535
internal_value=-0.00106068 -0.00348892 -0.00445051 0.0014595 0.000544349
internal_weight=1989 1012 861 977 816
internal_count=1989 1012 861 977 816
is_linear=0
shrinkage=0.05


Tree=41
num_leaves=6
num_cat=0
split_feature=0 8 9 8 8
split_gain=4.56267 2.50174 3.82184 1.85126 2.99824
threshold=0.52750000000000019 0.66822191591995106 -0.83248564881174847 0.65751615015606013 0.5572050903531317
decision_type=2 2 2 2 2
left_child=1 2 -1 4 -2
right_child=3 -3 -4 -5 -6
leaf_value=0.0069608163920220865 -0.0030836432514821785 -0.0044242370315892175 4.2313347243475652e-05 0.00097994622684294177 -0.010938634611889275
leaf_weight=266 471 182 758 150 162
leaf_count=266 471 182 758 150 162
internal_value=-0.00102876 0.000901184 0.00186459 -0.00398817 -0.0051639
internal_weight=1989 1206 1024 783 633
internal_count=1989 1206 1024 783 633
is_linear=0
shrinkage=0.05


Tree=42
num_leaves=7
num_cat=0
split_feature=0 4 3 4 4 5
split_gain=4.30949 2.53638 3.07967 2.87468 1.29679 1.65079
threshold=0.59750000000000003 0.016583123951776999 -0.10803153034011738 0.021650635094611004 0.025708417381394094 0.11000000000000008
decision_type=2 2 2 2 2 2
left_child=1 2 -1 -3 -2 -6
right_child=4 3 -4 -5 5 -7
leaf_value=-0.0072776095001470479 -0.0088079462356773428 0.007594583485517982 0.0010770027862584337 0.00049586072833744958 0.00047996140085160733 -0.0067021181670630856
leaf_weight=205 157 164 230 919 155 159
leaf_count=205 157 164 230 919 155 159
internal_value=-0.000994375 0.000306275 -0.00289819 0.00160079 -0.00514546 -0.00320487
internal_weight=1989 1518 435 1083 471 314
internal_count=1989 1518 435 1083 471 314
is_linear=0
shrinkage=0.05


Tree=43
num_leaves=7
num_cat=0
split_feature=0 13 7 7 8 13
split_gain=4.11732 2.10051 2.84383 1.65331 1.47363 1.91797
threshold=0.48750000000000004 0.047581007418036052 0.24946443873029397 -0.58519136497020996 0.27206032029990829 -0.1361392710019021
decision_type=2 8 2 2 2 8
left_child=4 2 -2 -3 -1 -6
right_child=1 3 -4 -5 5 -7
leaf_value=0.0056573222800864881 -0.0096440993249416358 -0.003729810058088093 -0.0025193905676474597 0.0027813866166841415 0.0049523901314504695 -0.00081643670910125365
leaf_weight=161 209 177 421 205 181 635
leaf_count=161 209 177 421 205 181 635
internal_value=-0.000949895 -0.00317781 -0.00494031 -0.000244791 0.00136226 0.000485536
internal_weight=1989 1012 630 382 977 816
internal_count=1989 1012 630 382 977 816
is_linear=0
shrinkage=0.05


Tree=44
num_leaves=7
num_cat=0
split_feature=0 13 13 7 4 5
split_gain=3.8211 2.4345 5.73509 3.91193 1.20209 1.52126
threshold=0.59750000000000003 0.0772904912264573 -0.057391808615618163 -0.72426493251417456 0.025708417381394094 0.11000000000000008
decision_type=2 10 8 2 2 2
left_child=1 2 -1 -3 -2 -6
right_child=4 3 -4 -5 5 -7
leaf_value=0.0022021680203481364 -0.0083510845899581916 -0.0020196291879635768 -0.0056924561025083215 0.006156705139108834 0.0005722277890890837 -0.0063192783241591806
leaf_weight=515 157 246 408 349 155 159
leaf_count=515 157 246 408 349 155 159
internal_value=-0.00091825 0.000306428 -0.00129941 0.00278758 -0.00482706 -0.00296177
internal_weight=1989 1518 923 595 471 314
internal_count=1989 1518 923 595 471 314
is_linear=0
shrinkage=0.05


Tree=45
num_leaves=7
num_cat=0
split_feature=0 6 11 3 9 9
split_gain=3.62927 1.96196 1.96656 1.43944 2.22526 2.19251
threshold=0.48750000000000004 5.5692600684634765 0.59130804726902164 -0.911322376865769 -0.17082456082376959 1.0000000180025095e-35
decision_type=2 2 2 2 2 2
left_child=3 2 -2 4 -1 -5
right_child=1 -3 -4 5 -6 -7
leaf_value=0.0027213766848227915 -0.0056516595291239875 0.0022286529437853739 -0.00065527661820316628 -3.5171058991534719e-05 -0.004067667605247626 0.0065309729056084558
leaf_weight=236 555 151 306 263 237 241
leaf_count=236 555 151 306 263 237 241
internal_value=-0.000878827 -0.00297055 -0.00388998 0.00129192 -0.000687288 0.0031379
internal_weight=1989 1012 861 977 473 504
internal_count=1989 1012 861 977 473 504
is_linear=0
shrinkage=0.05


Tree=46
num_leaves=7
num_cat=0
split_feature=0 2 4 0 4 5
split_gain=3.39476 2.32991 1.96099 1.66233 1.11488 1.39649
threshold=0.59750000000000003 0.017320508075688756 0.021650635094611004 0.46000000000000002 0.025708417381394094 0.11000000000000008
decision_type=2 2 2 2 2 2
left_child=1 3 -3 -1 -2 -6
right_child=4 2 -4 -5 5 -7
leaf_value=0.00090507586559135768 -0.0079265042495580366 0.0058377663208323237 0.00046884323398731811 -0.0056365002979751402 0.00064220288768410691 -0.0059581569963838999
leaf_weight=162 157 204 919 233 155 159
leaf_count=162 157 204 919 233 155 159
internal_value=-0.000850308 0.000303982 0.0014657 -0.00297585 -0.00453462 -0.00274102
internal_weight=1989 1518 1123 395 471 314
internal_count=1989 1518 1123 395 471 314
is_linear=0
shrinkage=0.05


Tree=47
num_leaves=6
num_cat=0
split_feature=0 11 9 6 1
split_gain=3.16227 2.50895 2.79261 1.62952 4.25784
threshold=0.54750000000000021 -0.91532356630411371 -1.1723668147565889 4.6140306916159188 0.57735026918962873
decision_type=2 2 2 2 2
left_child=1 -1 -3 -2 -5
right_child=3 2 -4 4 -6
leaf_value=-0.0046116476525098855 0.00087263202009025534 0.0075632746853842971 0.00049794793371731396 0.0019078441781968606 -0.007816341939953066
leaf_weight=190 158 159 956 159 367
leaf_count=190 158 159 956 159 367
internal_value=-0.000818917 0.000625675 0.00153474 -0.00355958 -0.00488662
internal_weight=1989 1305 1115 684 526
internal_count=1989 1305 1115 684 526
is_linear=0
shrinkage=0.05


Tree=48
num_leaves=7
num_cat=0
split_feature=0 13 7 2 7 9
split_gain=2.98847 1.85341 2.56288 1.54079 1.38713 2.21769
threshold=0.48750000000000004 0.047581007418036052 0.24946443873029397 0.033457060731006086 -0.77836877496795076 -0.28189512929653282
decision_type=2 8 2 2 2 2
left_child=4 2 -2 -3 -1 -6
right_child=1 3 -4 -5 5 -7
leaf_value=-0.0031341461191891108 -0.0088000926737473398 0.0026442289416097171 -0.0020446640994627153 -0.0037464811266223088 0.0055511060036160702 0.00011602306490369739
leaf_weight=152 209 229 421 153 282 543
leaf_count=152 209 229 421 153 282 543
internal_value=-0.000783728 -0.00268185 -0.0043374 6.9265e-05 0.00118604 0.00199608
internal_weight=1989 1012 630 382 977 825
internal_count=1989 1012 630 382 977 825
is_linear=0
shrinkage=0.05


Tree=49
num_leaves=6
num_cat=0
split_feature=0 11 13 4 5
split_gain=2.76454 2.2535 2.64796 1.07799 1.2394
threshold=0.59750000000000003 0.95034799414400062 0.0772904912264573 0.025708417381394094 0.11000000000000008
decision_type=2 2 10 2 2
left_child=1 2 -1 -2 -5
right_child=3 -3 -4 4 -6
leaf_value=-0.0021224996318372582 -0.0074146221909258099 0.0058372730880610051 0.0023943618899052543 0.00085020000115036969 -0.0053617976333309968
leaf_weight=837 157 158 523 155 159
leaf_count=837 157 158 523 155 159
internal_value=-0.00076024 0.000281388 -0.000383093 -0.00408502 -0.0023301
internal_weight=1989 1518 1360 471 314
internal_count=1989 1518 1360 471 314
is_linear=0
shrinkage=0.05


Tree=50
num_leaves=6
num_cat=0
split_feature=0 6 8 8 13
split_gain=2.63298 1.8029 1.81477 1.37142 1.78248
threshold=0.48750000000000004 5.5692600684634765 0.55531488340871071 0.27206032029990829 -0.1361392710019021
decision_type=2 2 2 2 8
left_child=3 2 -2 -1 -5
right_child=1 -3 -4 4 -6
leaf_value=0.0052621922663662647 -0.0015451062799171035 0.0024660904342547444 -0.0062580343357910061 0.004581702144075466 -0.00097918319304881154
leaf_weight=161 528 151 333 181 635
leaf_count=161 528 151 333 181 635
internal_value=-0.000729691 -0.00251135 -0.00339348 0.00111919 0.000274689
internal_weight=1989 1012 861 977 816
internal_count=1989 1012 861 977 816
is_linear=0
shrinkage=0.05


Tree=51
num_leaves=7
num_cat=0
split_feature=13 7 11 13 2 9
split_gain=1.80983 4.63973 3.28948 2.65434 3.0533 2.93956
threshold=0.047581007418036052 -0.72426493251417456 -0.57360461910650995 -0.066926087487833255 0.02576819745345027 1.2954401233845834
decision_type=8 2 2 10 2 2
left_child=3 -2 -3 5 -5 -1
right_child=1 2 -4 4 -6 -7
leaf_value=0.0015744832756577948 -0.003870552550538578 -0.0017229928818430001 0.0063038827723840389 -0.0099891175185480435 -0.001244471494906715 -0.0059840174924050069
leaf_weight=544 313 188 381 181 219 163
leaf_count=544 313 188 381 181 219 163
internal_value=-0.000705986 0.00098075 0.00365986 -0.00204826 -0.00527589 -0.000197926
internal_weight=1989 882 569 1107 400 707
internal_count=1989 882 569 1107 400 707
is_linear=0
shrinkage=0.05


Tree=52
num_leaves=7
num_cat=0
split_feature=0 4 3 4 4 3
split_gain=2.47132 2.17543 2.80697 2.66826 0.989788 1.26796
threshold=0.59750000000000003 0.016583123951776999 -0.10803153034011738 0.021650635094611004 0.025708417381394094 1.1470786693528134
decision_type=2 2 2 2 2 2
left_child=1 2 -1 -3 -2 -6
right_child=4 3 -4 -5 5 -7
leaf_value=-0.0068370934061351279 -0.0070052594498351776 0.0072854389508183182 0.0011373698711395265 0.00044656669336987976 0.00099663221981467287 -0.0052817416004836562
leaf_weight=205 157 164 230 919 159 155
leaf_count=205 157 164 230 919 159 155
internal_value=-0.00067258 0.00031212 -0.0026557 0.00151091 -0.00381614 -0.00213677
internal_weight=1989 1518 435 1083 471 314
internal_count=1989 1518 435 1083 471 314
is_linear=0
shrinkage=0.05


Tree=53
num_leaves=7
num_cat=0
split_feature=0 6 11 3 9 9
split_gain=2.33848 1.6783 1.72244 1.31267 2.11786 1.91717
threshold=0.48750000000000004 5.5692600684634765 0.59130804726902164 -0.911322376865769 1.0000000180025095e-35 -0.17082456082376959
decision_type=2 2 2 2 2 2
left_child=3 2 -2 5 -5 -1
right_child=1 -3 -4 4 -6 -7
leaf_value=0.0023786689831075333 -0.0048193171207926103 0.0024808985109512627 -0.00015182463494144453 -0.00024970372610572561 0.0061997836451916921 -0.0039235869384070567
leaf_weight=236 555 151 306 263 241 237
leaf_count=236 555 151 306 263 241 237
internal_value=-0.00064044 -0.00231958 -0.00317094 0.00110181 0.00286488 -0.000787131
internal_weight=1989 1012 861 977 504 473
internal_count=1989 1012 861 977 504 473
is_linear=0
shrinkage=0.05


Tree=54
num_leaves=6
num_cat=0
split_feature=0 5 3 6 8
split_gain=2.20108 2.10777 3.27038 3.20393 0.977937
threshold=0.59750000000000003 0.029999999999999947 1.0659310704115372 4.7490538453971949 0.57405627187897978
decision_type=2 2 2 2 2
left_child=1 3 -3 -1 -2
right_child=4 2 -4 -5 -6
leaf_value=-0.0043416418729527815 -0.0017979135017583865 0.0090135772132648624 -0.00081938121305859604 0.0011523365430473121 -0.0065277286627319422
leaf_weight=393 298 154 179 792 173
leaf_count=393 298 154 179 792 173
internal_value=-0.000618792 0.000310461 0.00379406 -0.000680304 -0.00358551
internal_weight=1989 1518 333 1185 471
internal_count=1989 1518 333 1185 471
is_linear=0
shrinkage=0.05


Tree=55
num_leaves=7
num_cat=0
split_feature=0 13 2 13 8 8
split_gain=2.10718 1.55763 2.16904 1.45815 1.26715 1.72967
threshold=0.48750000000000004 0.047581007418036052 0.030362350891973245 0.17193878243825408 0.27206032029990829 0.46475341060314224
decision_type=2 8 2 10 2 2
left_child=4 2 -2 -3 -1 -6
right_child=1 3 -4 -5 5 -7
leaf_value=0.0050418136652603928 -0.0065970593129177331 0.0028857178143832998 -0.0007389478502228716 -0.0033076266539685522 -0.0028977572559737244 0.0019114965289244773
leaf_weight=161 316 225 314 157 281 535
leaf_count=161 316 225 314 157 281 535
internal_value=-0.000594338 -0.0021883 -0.00370611 0.000330438 0.00105946 0.000247807
internal_weight=1989 1012 630 382 977 816
internal_count=1989 1012 630 382 977 816
is_linear=0
shrinkage=0.05


Tree=56
num_leaves=6
num_cat=0
split_feature=0 5 9 11 3
split_gain=1.97758 2.31473 2.44415 1.60416 1.43516
threshold=0.54750000000000021 0.029999999999999947 1.2224504212358749 -0.75018319070349693 1.2999449295862722
decision_type=2 2 2 2 2
left_child=1 2 -1 -2 -5
right_child=3 -3 -4 4 -6
leaf_value=0.00060674207061083268 0.0016712142814020192 0.005085872088123289 -0.0059526902091290267 -0.0057647661559504645 -0.00012021008990481942
leaf_weight=914 156 228 163 366 162
leaf_count=914 156 228 163 366 162
internal_value=-0.000575319 0.000566834 -0.000408924 -0.00274273 -0.00405029
internal_weight=1989 1305 1077 684 528
internal_count=1989 1305 1077 684 528
is_linear=0
shrinkage=0.05


Tree=57
num_leaves=6
num_cat=0
split_feature=0 6 2 7 9
split_gain=1.87598 1.5257 1.63601 1.25951 1.9102
threshold=0.48750000000000004 5.5692600684634765 0.029001610203994336 -0.77836877496795076 -0.28189512929653282
decision_type=2 2 2 2 2
left_child=3 2 -2 -1 -5
right_child=1 -3 -4 4 -6
leaf_value=-0.0031061026534646942 -0.0050564425767854202 0.0025189931576068587 -0.00070054021214141331 0.0050807801066355893 3.7218384227178396e-05
leaf_weight=152 425 151 436 282 543
leaf_count=152 425 151 436 282 543
internal_value=-0.000551316 -0.00205531 -0.00286745 0.00100908 0.00178142
internal_weight=1989 1012 861 977 825
internal_count=1989 1012 861 977 825
is_linear=0
shrinkage=0.05


Tree=58
num_leaves=4
num_cat=0
split_feature=0 9 13
split_gain=1.83547 2.28027 2.31417
threshold=0.66000000000000014 1.3520147945637857 -0.066926087487833255
decision_type=2 2 8
left_child=1 2 -1
right_child=-2 -3 -4
leaf_value=0.0036243972954629316 -0.0045235570667991566 -0.0052081904640874348 -0.00058235402468744066
leaf_weight=459 247 180 1103
leaf_count=459 247 180 1103
internal_value=-0.000535095 4.17612e-05 0.000661437
internal_weight=1989 1742 1562
internal_count=1989 1742 1562
is_linear=0
shrinkage=0.05


Tree=59
num_leaves=6
num_cat=0
split_feature=0 5 3 6 9
split_gain=1.72403 1.90553 3.03611 2.86835 0.956464
threshold=0.59750000000000003 0.029999999999999947 1.0659310704115372 4.7490538453971949 0.31084634249552773
decision_type=2 2 2 2 2
left_child=1 3 -3 -1 -2
right_child=4 2 -4 -5 -6
leaf_value=-0.0040953616578899435 -0.0011133068110103961 0.0086524606079050586 -0.00082104821567950041 0.001102912005745786 -0.005652000765664883
leaf_weight=393 265 154 179 792 206
leaf_count=393 265 154 179 792 206
internal_value=-0.000511249 0.000311054 0.00362328 -0.000631036 -0.0031369
internal_weight=1989 1518 333 1185 471
internal_count=1989 1518 333 1185 471
is_linear=0
shrinkage=0.05


Tree=60
num_leaves=7
num_cat=0
split_feature=0 11 12 6 8 13
split_gain=1.64179 1.48426 3.28881 2.08309 1.18206 1.63126
threshold=0.48750000000000004 0.60674015296497974 0.024177726144391547 5.3671201587094171 0.27206032029990829 -0.1361392710019021
decision_type=2 2 2 2 2 8
left_child=4 3 -3 -2 -1 -6
right_child=1 2 -4 -5 5 -7
leaf_value=0.0048157110562020676 -0.0050059438105826536 -0.0041721383543134481 0.0059377176127185126 0.00083583849523447256 0.0043065093137243746 -0.0010131478581752163
leaf_weight=161 479 154 158 221 181 635
leaf_count=161 479 154 158 221 181 635
internal_value=-0.000490218 -0.00189725 0.000960498 -0.00316876 0.000969454 0.000185866
internal_weight=1989 1012 312 700 977 816
internal_count=1989 1012 312 700 977 816
is_linear=0
shrinkage=0.05


Tree=61
num_leaves=4
num_cat=0
split_feature=0 9 9
split_gain=1.55795 2.09914 2.18611
threshold=0.66000000000000014 1.3520147945637857 0.70752237532249918
decision_type=2 2 2
left_child=1 2 -1
right_child=-2 -3 -4
leaf_value=-0.00031424872575311217 -0.0041458195932800807 -0.0049770198057632192 0.0042498926987295403
leaf_weight=1234 247 180 328
leaf_count=1234 247 180 328
internal_value=-0.000471231 6.01668e-05 0.000654665
internal_weight=1989 1742 1562
internal_count=1989 1742 1562
is_linear=0
shrinkage=0.05


Tree=62
num_leaves=6
num_cat=0
split_feature=8 8 13 0 8
split_gain=1.47735 5.45081 2.56898 2.5218 2.36404
threshold=0.5572050903531317 0.5030946977499805 0.04857088897785778 0.42750000000000005 0.64921271273100833
decision_type=2 2 10 2 2
left_child=1 2 -1 -2 -5
right_child=3 -3 -4 4 -6
leaf_value=-0.0028699662692856908 0.0019361276113811663 0.0082500059743823139 0.0021976431665964246 -0.0074571653919399909 -0.00071795177380395026
leaf_weight=614 250 192 415 260 258
leaf_count=614 250 192 415 260 258
internal_value=-0.000451106 0.000629488 -0.000825434 -0.00216204 -0.00413952
internal_weight=1989 1221 1029 768 518
internal_count=1989 1221 1029 768 518
is_linear=0
shrinkage=0.05


Tree=63
num_leaves=4
num_cat=0
split_feature=0 9 13
split_gain=1.39976 1.92914 2.10407
threshold=0.66000000000000014 1.3520147945637857 -0.066926087487833255
decision_type=2 2 8
left_child=1 2 -1
right_child=-2 -3 -4
leaf_value=0.0034644378887104064 -0.0039174132965623387 -0.0047596383477384978 -0.00054683337248239783
leaf_weight=459 247 180 1103
leaf_count=459 247 180 1103
internal_value=-0.00043436 6.93044e-05 0.000639188
internal_weight=1989 1742 1562
internal_count=1989 1742 1562
is_linear=0
shrinkage=0.05


Tree=64
num_leaves=4
num_cat=0
split_feature=9 8 1
split_gain=1.40126 1.7391 2.53637
threshold=-1.4924867071133083 0.26871110920435176 1.4142135623730947
decision_type=2 2 2
left_child=-1 -2 -3
right_child=1 2 -4
leaf_value=0.0041215966461570401 0.0027015471980975782 -0.00066262114752811316 -0.0065527798643089698
leaf_weight=152 293 1337 207
leaf_count=152 293 1337 207
internal_value=-0.000414381 -0.000799873 -0.0014709
internal_weight=1989 1837 1544
internal_count=1989 1837 1544
is_linear=0
shrinkage=0.05


Tree=65
num_leaves=6
num_cat=0
split_feature=8 8 0 8 9
split_gain=1.35134 5.12114 2.29081 2.19324 1.8886
threshold=0.5572050903531317 0.5030946977499805 0.42750000000000005 0.64921271273100833 -1.1185058027328503
decision_type=2 2 2 2 2
left_child=1 4 -2 -4 -1
right_child=2 -3 3 -5 -6
leaf_value=0.0039993593759963973 0.0018708665438872927 0.0080214394738680212 -0.0071149952765905636 -0.00062534126945321556 -0.0017246842534360896
leaf_weight=168 250 192 260 258 861
leaf_count=168 250 192 260 258 861
internal_value=-0.000398361 0.000635021 -0.00203476 -0.00391958 -0.000775326
internal_weight=1989 1221 768 518 1029
internal_count=1989 1221 768 518 1029
is_linear=0
shrinkage=0.05


Tree=66
num_leaves=7
num_cat=0
split_feature=13 7 8 2 2 9
split_gain=1.32227 3.92097 4.27377 2.83429 3.11188 3.03678
threshold=0.073355898158352015 -0.72426493251417456 0.47398773030689062 0.030362350891973245 0.045343136195018549 0.66262200692492035
decision_type=8 2 2 2 2 2
left_child=3 -2 -3 5 -5 -1
right_child=1 2 -4 4 -6 -7
leaf_value=-0.0069570960471532217 -0.0031561216570053646 -0.0005135616420237607 0.0089468402957374408 0.004624060546341925 -0.0024603242496959868 0.00018244081048717287
leaf_weight=336 306 246 226 296 315 264
leaf_count=336 306 246 226 296 315 264
internal_value=-0.000382393 0.00122128 0.00406251 -0.00141345 0.000981394 -0.00384015
internal_weight=1989 778 472 1211 611 600
internal_count=1989 778 472 1211 611 600
is_linear=0
shrinkage=0.05


Tree=67
num_leaves=6
num_cat=0
split_feature=8 8 13 0 8
split_gain=1.31554 4.64967 2.30758 2.05149 2.03232
threshold=0.5572050903531317 0.5030946977499805 0.04857088897785778 0.42750000000000005 0.64921271273100833
decision_type=2 2 10 2 2
left_child=1 2 -1 -2 -5
right_child=3 -3 -4 4 -6
leaf_value=-0.0026226393126179987 0.0017220579863836368 0.0076976164485219175 0.0021799357428348492 -0.0068340222706209947 -0.00058731107260791065
leaf_weight=614 250 192 415 260 258
leaf_count=614 250 192 415 260 258
internal_value=-0.000359962 0.000659535 -0.000684565 -0.00197458 -0.00375809
internal_weight=1989 1221 1029 768 518
internal_count=1989 1221 1029 768 518
is_linear=0
shrinkage=0.05


Tree=68
num_leaves=4
num_cat=0
split_feature=9 8 1
split_gain=1.26402 1.69594 2.26326
threshold=-1.4924867071133083 0.26871110920435176 1.4142135623730947
decision_type=2 2 2
left_child=-1 -2 -3
right_child=1 2 -4
leaf_value=0.0039623097653032112 0.0027454423438445135 -0.0006111671285837023 -0.006175068980258591
leaf_weight=152 293 1337 207
leaf_count=152 293 1337 207
internal_value=-0.000345575 -0.000711813 -0.00137463
internal_weight=1989 1837 1544
internal_count=1989 1837 1544
is_linear=0
shrinkage=0.05


Tree=69
num_leaves=5
num_cat=0
split_feature=3 0 1 7
split_gain=1.25634 2.90292 2.25494 2.26312
threshold=-0.99689951152387024 0.39000000000000007 -0.75000000000000677 -0.7135294560400337
decision_type=2 2 2 2
left_child=1 -1 -2 -4
right_child=2 -3 3 -5
leaf_value=0.0014625632845489693 0.0054489384180842308 -0.0057411213732651767 -0.0052080528344959024 0.00059280809276088166
leaf_weight=262 190 291 195 1051
leaf_count=262 190 291 195 1051
internal_value=-0.000331961 -0.00234564 0.000448951 -0.000332218
internal_weight=1989 553 1436 1246
internal_count=1989 553 1436 1246
is_linear=0
shrinkage=0.05


Tree=70
num_leaves=4
num_cat=0
split_feature=9 11 6
split_gain=1.19707 1.4742 1.9124
threshold=-1.4924867071133083 0.96076906436096754 5.684463727960039
decision_type=2 2 2
left_child=-1 2 -2
right_child=1 -3 -4
leaf_value=0.0038721793111722181 -0.0017283148195319656 0.0038071260993887569 0.003529048011144053
leaf_weight=152 1484 162 191
leaf_count=152 1484 162 191
internal_value=-0.000319983 -0.000676426 -0.0011201
internal_weight=1989 1837 1675
internal_count=1989 1837 1675
is_linear=0
shrinkage=0.05


Tree=71
num_leaves=6
num_cat=0
split_feature=8 8 13 0 8
split_gain=1.17486 4.34615 2.12148 1.80196 1.88008
threshold=0.5572050903531317 0.5030946977499805 0.04857088897785778 0.42750000000000005 0.64921271273100833
decision_type=2 2 10 2 2
left_child=1 2 -1 -2 -5
right_child=3 -3 -4 4 -6
leaf_value=-0.0025005853594986423 0.0016323582610736293 0.0074617735861899894 0.0021042193550272802 -0.0064618159324493054 -0.00045609649539900374
leaf_weight=614 250 192 415 260 258
leaf_count=614 250 192 415 260 258
internal_value=-0.00030602 0.000657324 -0.000642254 -0.00183193 -0.00350351
internal_weight=1989 1221 1029 768 518
internal_count=1989 1221 1029 768 518
is_linear=0
shrinkage=0.05


Tree=72
num_leaves=5
num_cat=0
split_feature=3 0 1 7
split_gain=1.19844 2.59602 2.0245 2.13447
threshold=-0.99689951152387024 0.39000000000000007 -0.75000000000000677 -0.7135294560400337
decision_type=2 2 2 2
left_child=1 -1 -2 -4
right_child=2 -3 3 -5
leaf_value=0.0013416935461276816 0.0052067320282833708 -0.0054710554412087881 -0.0050065332036465411 0.00062696679467053127
leaf_weight=262 190 291 195 1051
leaf_count=262 190 291 195 1051
internal_value=-0.000293439 -0.00226022 0.000469176 -0.000271167
internal_weight=1989 553 1436 1246
internal_count=1989 553 1436 1246
is_linear=0
shrinkage=0.05


Tree=73
num_leaves=4
num_cat=0
split_feature=9 8 1
split_gain=1.13247 1.5584 2.10487
threshold=-1.4924867071133083 0.26871110920435176 1.4142135623730947
decision_type=2 2 2
left_child=-1 -2 -3
right_child=1 2 -4
leaf_value=0.003795014073846826 0.0026847179311065119 -0.00052856496790626634 -0.0058938419622070392
leaf_weight=152 293 1337 207
leaf_count=152 293 1337 207
internal_value=-0.00028233 -0.000629089 -0.00126458
internal_weight=1989 1837 1544
internal_count=1989 1837 1544
is_linear=0
shrinkage=0.05


Tree=74
num_leaves=6
num_cat=0
split_feature=3 8 2 1 7
split_gain=1.13432 2.29188 3.04526 1.84803 2.00037
threshold=-0.99689951152387024 0.3723372454412946 0.0308220700148449 -0.75000000000000677 -0.7135294560400337
decision_type=2 2 2 2 2
left_child=1 -1 -3 -2 -5
right_child=3 2 -4 4 -6
leaf_value=0.0028426117019476425 0.0049971662958463031 -0.0094669354656722656 -0.00057522395148503879 -0.004820876302197576 0.00063274810267047903
leaf_weight=158 190 158 237 195 1051
leaf_count=158 190 158 237 195 1051
internal_value=-0.000271071 -0.00218453 -0.00420579 0.000470822 -0.000236605
internal_weight=1989 553 395 1436 1246
internal_count=1989 553 395 1436 1246
is_linear=0
shrinkage=0.05


Tree=75
num_leaves=4
num_cat=0
split_feature=0 9 13
split_gain=1.10482 1.8302 2.1237
threshold=0.66000000000000014 1.3520147945637857 -0.066926087487833255
decision_type=2 2 8
left_child=1 2 -1
right_child=-2 -3 -4
leaf_value=0.0035828894895405094 -0.0033517238107465563 -0.0045140190503081762 -0.00044731457884984922
leaf_weight=459 247 180 1103
leaf_count=459 247 180 1103
internal_value=-0.000257218 0.000189893 0.000744631
internal_weight=1989 1742 1562
internal_count=1989 1742 1562
is_linear=0
shrinkage=0.05


Tree=76
num_leaves=7
num_cat=0
split_feature=13 2 12 0 2 2
split_gain=1.12477 3.42829 3.8192 3.51691 2.55076 2.80793
threshold=0.073355898158352015 0.034266782494014311 -0.30073963746842641 0.41750000000000004 0.030362350891973245 0.045343136195018549
decision_type=8 2 2 2 2 2
left_child=4 2 -2 -3 -1 -6
right_child=1 3 -4 -5 5 -7
leaf_value=-0.0034973995252089067 0.010187169425301703 0.0028122094079809285 0.00048398390928569362 -0.0070299199660411055 0.0045353674141077509 -0.0021948330895975236
leaf_weight=600 161 169 262 186 296 315
leaf_count=600 161 169 262 186 296 315
internal_value=-0.000243844 0.00123487 0.00425302 -0.00237053 -0.00119501 0.00107597
internal_weight=1989 778 423 355 1211 611
internal_count=1989 778 423 355 1211 611
is_linear=0
shrinkage=0.05


Tree=77
num_leaves=6
num_cat=0
split_feature=3 0 0 11 6
split_gain=1.09231 2.25764 1.72378 2.3702 1.81841
threshold=-0.99689951152387024 0.39000000000000007 0.5375000000000002 0.7917790950417517 4.6140306916159188
decision_type=2 2 2 2 2
left_child=1 -1 3 -2 -4
right_child=2 -3 4 -5 -6
leaf_value=0.0012497259445195452 0.00065304194468744972 -0.0051035359703205732 0.0033535614563152197 0.0074140901295804834 -0.0027369249061765999
leaf_weight=262 597 291 155 161 523
leaf_count=262 597 291 155 161 523
internal_value=-0.000231508 -0.00210926 0.000496422 0.00212827 -0.0013302
internal_weight=1989 553 1436 758 678
internal_count=1989 553 1436 758 678
is_linear=0
shrinkage=0.05


Tree=78
num_leaves=4
num_cat=0
split_feature=9 8 13
split_gain=1.09369 1.3613 1.99253
threshold=-1.4924867071133083 0.26871110920435176 -0.16508464693092448
decision_type=2 2 10
left_child=-1 -2 -3
right_child=1 2 -4
leaf_value=0.0037853732479700614 0.0025348074859220713 0.00195862498971843 -0.0021842088775378878
leaf_weight=152 293 382 1162
leaf_count=152 293 382 1162
internal_value=-0.000221318 -0.000562221 -0.00115622
internal_weight=1989 1837 1544
internal_count=1989 1837 1544
is_linear=0
shrinkage=0.05


Tree=79
num_leaves=7
num_cat=0
split_feature=13 7 13 11 2 11
split_gain=1.06278 3.32607 3.09155 3.05324 2.65781 1.59398
threshold=0.025731967329389479 -0.72426493251417456 -0.018313799536065864 -0.57360461910650995 0.034266782494014311 -0.05451266099847394
decision_type=8 2 10 2 2 2
left_child=2 4 5 -3 -2 -1
right_child=1 3 -4 -5 -6 -7
leaf_value=0.0021036810188923244 0.0012968985727552832 -0.0019792849128826124 -0.0075406786032065666 0.0054996367365920742 -0.0077562608131313635 -0.0021139293665948669
leaf_weight=419 164 197 162 424 153 470
leaf_count=419 164 197 162 424 153 470
internal_value=-0.000209746 0.00101083 -0.00129872 0.00313024 -0.0031252 -0.000125454
internal_weight=1989 938 1051 621 317 889
internal_count=1989 938 1051 621 317 889
is_linear=0
shrinkage=0.05


Tree=80
num_leaves=5
num_cat=0
split_feature=6 11 0 6
split_gain=1.03771 2.03876 2.87097 2.55915
threshold=5.6526113297052154 -0.67384579144759804 0.66000000000000014 5.1088503251600352
decision_type=2 2 2 2
left_child=1 3 -3 -1
right_child=-2 2 -4 -5
leaf_value=0.00017950579244206211 0.0028324973258760672 0.0012039174180368663 -0.0056772824205543809 -0.0077176554608020453
leaf_weight=208 243 1172 169 197
leaf_count=208 243 1172 169 197
internal_value=-0.00019514 -0.000623397 0.000318844 -0.0037091
internal_weight=1989 1746 1341 405
internal_count=1989 1746 1341 405
is_linear=0
shrinkage=0.05


Tree=81
num_leaves=4
num_cat=0
split_feature=9 11 6
split_gain=1.03612 1.33036 1.641
threshold=-1.4924867071133083 0.96076906436096754 5.684463727960039
decision_type=2 2 2
left_child=-1 2 -2
right_child=1 -3 -4
leaf_value=0.0037161316864999239 -0.0015008470106712317 0.0037429639980375408 0.0033686064801425955
leaf_weight=152 1484 162 191
leaf_count=152 1484 162 191
internal_value=-0.000183554 -0.000515439 -0.000937211
internal_weight=1989 1837 1675
internal_count=1989 1837 1675
is_linear=0
shrinkage=0.05


Tree=82
num_leaves=6
num_cat=0
split_feature=3 8 2 1 7
split_gain=1.03696 2.07313 2.74145 1.64048 1.81506
threshold=-0.99689951152387024 0.3723372454412946 0.0308220700148449 -0.75000000000000677 -0.7135294560400337
decision_type=2 2 2 2 2
left_child=1 -1 -3 -2 -5
right_child=3 2 -4 4 -6
leaf_value=0.0027755396257788858 0.0047989185498310974 -0.0089188082497909764 -0.00048378813580786888 -0.0044995287396013741 0.00069525459372071611
leaf_weight=158 190 158 237 195 1051
leaf_count=158 190 158 237 195 1051
internal_value=-0.000174703 -0.00200435 -0.00392711 0.000534401 -0.000132468
internal_weight=1989 553 395 1436 1246
internal_count=1989 553 395 1436 1246
is_linear=0
shrinkage=0.05


Tree=83
num_leaves=7
num_cat=0
split_feature=13 2 12 0 2 9
split_gain=0.998667 3.04401 3.54153 3.11479 2.36212 2.6804
threshold=0.073355898158352015 0.034266782494014311 -0.30073963746842641 0.41750000000000004 0.030362350891973245 0.66262200692492035
decision_type=8 2 2 2 2 2
left_child=4 2 -2 -3 5 -1
right_child=1 3 -4 -5 -6 -7
leaf_value=-0.0062051888653609768 0.0097867739672985801 0.0027070267002858306 0.0004434642057572858 -0.0065545593763833279 0.0011240418613344045 0.00049673930973811661
leaf_weight=336 161 169 262 186 611 264
leaf_count=336 161 169 262 186 611 264
internal_value=-0.000164406 0.00122875 0.00407245 -0.00216916 -0.0010608 -0.00327661
internal_weight=1989 778 423 355 1211 600
internal_count=1989 778 423 355 1211 600
is_linear=0
shrinkage=0.05


Tree=84
num_leaves=5
num_cat=0
split_feature=9 1 6 6
split_gain=0.992938 1.20672 2.60362 1.98637
threshold=-1.4924867071133083 1.2704051249477339 4.8036521166674087 5.0575505723004488
decision_type=2 2 2 2
left_child=-1 2 -2 -3
right_child=1 3 -4 -5
leaf_value=0.0036616681327533195 -0.0026574376551689789 0.00053028938365958596 0.0016462018751725934 -0.0073128728291545157
leaf_weight=152 542 166 978 151
leaf_count=152 542 166 978 151
internal_value=-0.000155792 -0.000480744 0.000107933 -0.00326127
internal_weight=1989 1837 1520 317
internal_count=1989 1837 1520 317
is_linear=0
shrinkage=0.05


Tree=85
num_leaves=6
num_cat=0
split_feature=3 2 11 3 7
split_gain=1.01099 2.53777 2.068 1.78456 2.07588
threshold=-0.9284766908852562 0.030362350891973245 -0.32143859493857185 -0.57735026918962584 -0.69728646968355279
decision_type=2 2 2 2 2
left_child=1 -1 -3 -2 -5
right_child=3 2 -4 4 -6
leaf_value=-0.0055077722754367821 0.0051883276906269406 -0.0034370927987859034 0.0041738290696195441 -0.0047523862626403573 0.00082641086547616
leaf_weight=262 179 151 204 195 998
leaf_count=262 179 151 204 195 998
internal_value=-0.000151137 -0.00182384 0.000933733 0.000604986 -0.000101492
internal_weight=1989 617 355 1372 1193
internal_count=1989 617 355 1372 1193
is_linear=0
shrinkage=0.05


Tree=86
num_leaves=4
num_cat=0
split_feature=9 0 13
split_gain=0.979681 1.46199 1.99019
threshold=1.3520147945637857 0.66000000000000014 -0.066926087487833255
decision_type=2 2 8
left_child=1 2 -1
right_child=-2 -3 -4
leaf_value=0.003529754983550259 -0.0034504339682744512 -0.0034392617453457945 -0.00037189313546344237
leaf_weight=459 196 231 1103
leaf_count=459 196 231 1103
internal_value=-0.000140148 0.000230302 0.000782226
internal_weight=1989 1793 1562
internal_count=1989 1793 1562
is_linear=0
shrinkage=0.05


Tree=87
num_leaves=7
num_cat=0
split_feature=13 7 13 5 2 11
split_gain=0.987162 2.97268 2.78019 2.73156 2.37414 1.52459
threshold=0.025731967329389479 -0.72426493251417456 -0.018313799536065864 -0.079999999999999988 0.034266782494014311 -0.05451266099847394
decision_type=8 2 10 2 2 2
left_child=2 4 5 -3 -2 -1
right_child=1 3 -4 -5 -6 -7
leaf_value=0.0021112112266907716 0.001311339257207848 -0.0027603203920467251 -0.0071001591395118274 0.00490766748210744 -0.0072432554751351661 -0.0020135459546980106
leaf_weight=419 164 150 162 471 153 470
leaf_count=419 164 150 162 471 153 470
internal_value=-0.000131206 0.00104494 -0.00118088 0.00304824 -0.00286589 -6.85467e-05
internal_weight=1989 938 1051 621 317 889
internal_count=1989 938 1051 621 317 889
is_linear=0
shrinkage=0.05


Tree=88
num_leaves=7
num_cat=0
split_feature=13 7 8 2 0 4
split_gain=0.931588 2.69061 4.28565 2.15648 2.64235 2.42645
threshold=0.073355898158352015 -0.72426493251417456 0.47398773030689062 0.030362350891973245 0.40750000000000008 0.010897247358851676
decision_type=8 2 2 2 2 2
left_child=3 -2 -3 5 -5 -1
right_child=1 2 -4 4 -6 -7
leaf_value=0.0016849142902675158 -0.0024016198199062681 -0.0009942664178570666 0.0084711535632191037 -0.0040742375019748337 0.0031539697401426932 -0.0051815154916005782
leaf_weight=182 306 246 226 172 439 418
leaf_count=182 306 246 226 172 439 418
internal_value=-0.000118911 0.00122653 0.00357919 -0.000984769 0.00110263 -0.00310199
internal_weight=1989 778 472 1211 611 600
internal_count=1989 778 472 1211 611 600
is_linear=0
shrinkage=0.05


Tree=89
num_leaves=4
num_cat=0
split_feature=9 11 6
split_gain=0.959251 1.26203 1.49625
threshold=-1.4924867071133083 0.96076906436096754 5.684463727960039
decision_type=2 2 2
left_child=-1 2 -2
right_child=1 -3 -4
leaf_value=0.0036477639511891995 -0.0013730512554472711 0.0037234334977800975 0.0032763599817241941
leaf_weight=152 1484 162 191
leaf_count=152 1484 162 191
internal_value=-0.00010421 -0.000423721 -0.000834706
internal_weight=1989 1837 1675
internal_count=1989 1837 1675
is_linear=0
shrinkage=0.05


Tree=90
num_leaves=6
num_cat=0
split_feature=9 6 7 7 8
split_gain=0.91967 3.54982 1.96579 3.8126 2.05561
threshold=-0.83248564881174847 4.9984951522358987 0.25738702928303564 0.45324632971643725 0.4008160706708257
decision_type=2 2 2 2 2
left_child=1 -1 4 -4 -2
right_child=2 -3 3 -5 -6
leaf_value=0.0060279560077935463 0.00061265506127456066 -0.0021217215508739984 0.007172938107103898 -0.00099599963123989609 -0.0048929199108483194
leaf_weight=245 284 283 184 581 412
leaf_count=245 284 283 184 581 412
internal_value=-9.79577e-05 0.00168093 -0.00074438 0.00100264 -0.00265805
internal_weight=1989 528 1461 765 696
internal_count=1989 528 1461 765 696
is_linear=0
shrinkage=0.05


Tree=91
num_leaves=6
num_cat=0
split_feature=3 0 2 6 6
split_gain=0.910555 1.99037 1.60708 1.53207 2.80321
threshold=-0.99689951152387024 0.38000000000000006 0.028722813232690141 5.5885953926435077 5.2955384936997616
decision_type=2 2 2 2 2
left_child=1 -1 -3 4 -2
right_child=3 2 -4 -5 -6
leaf_value=0.0015536858667488619 0.0010408545992901467 -0.007863857633456952 -0.00067793524073016264 0.0045759406758517753 -0.0050617990015453598
leaf_weight=244 1010 159 150 200 226
leaf_count=244 1010 159 150 200 226
internal_value=-9.15873e-05 -0.00180625 -0.00444189 0.000572699 -9.0901e-05
internal_weight=1989 553 309 1436 1236
internal_count=1989 553 309 1436 1236
is_linear=0
shrinkage=0.05


Tree=92
num_leaves=4
num_cat=0
split_feature=9 0 13
split_gain=0.89243 1.3908 1.88846
threshold=1.3520147945637857 0.66000000000000014 -0.066926087487833255
decision_type=2 2 8
left_child=1 2 -1
right_child=-2 -3 -4
leaf_value=0.0034841616216501033 -0.0032433482591266655 -0.0033096684648071307 -0.00031660387922071651
leaf_weight=459 196 231 1103
leaf_count=459 196 231 1103
internal_value=-8.38219e-05 0.000269617 0.00080782
internal_weight=1989 1793 1562
internal_count=1989 1793 1562
is_linear=0
shrinkage=0.05


Tree=93
num_leaves=4
num_cat=0
split_feature=13 7 13
split_gain=0.897682 1.40894 2.30731
threshold=0.23546820797919424 -0.72426493251417456 0.047581007418036052
decision_type=8 2 10
left_child=1 -1 -3
right_child=-2 2 -4
leaf_value=-0.0043227832996103749 0.0027848014887893301 -0.0012132939425039664 0.002978345025330782
leaf_weight=204 236 1084 465
leaf_count=204 236 1084 465
internal_value=-7.71211e-05 -0.000469236 5.05438e-05
internal_weight=1989 1753 1549
internal_count=1989 1753 1549
is_linear=0
shrinkage=0.05


Tree=94
num_leaves=7
num_cat=0
split_feature=3 8 2 11 11 7
split_gain=0.867759 1.92731 2.2325 1.50065 5.26968 1.19036
threshold=-0.99689951152387024 0.3723372454412946 0.0308220700148449 0.67368457498306267 0.1088304259088458 0.29927495895166895
decision_type=2 2 2 2 2 2
left_child=1 -1 -3 4 -2 -5
right_child=3 2 -4 5 -6 -7
leaf_value=0.0028598763931405508 0.0017076312235823666 -0.0081051539175463795 -0.00049194334274973756 0.00094898561642942384 -0.006307639990762998 0.0065618365896936461
leaf_weight=158 769 158 237 240 274 153
leaf_count=158 769 158 237 240 274 153
internal_value=-7.16569e-05 -0.00174557 -0.00360048 0.000576785 -0.000418058 0.00318912
internal_weight=1989 553 395 1436 1043 393
internal_count=1989 553 395 1436 1043 393
is_linear=0
shrinkage=0.05


Tree=95
num_leaves=6
num_cat=0
split_feature=9 6 7 7 1
split_gain=0.889289 3.28387 1.81652 3.54462 1.94768
threshold=-0.83248564881174847 4.9984951522358987 0.25738702928303564 0.45324632971643725 0.57735026918961685
decision_type=2 2 2 2 2
left_child=1 -1 4 -4 -2
right_child=2 -3 3 -5 -6
leaf_value=0.0058680566275492313 -0.00085688455795666365 -0.0019709480625654881 0.0069312483367938845 -0.00094543475238129549 -0.0066954740800371218
leaf_weight=245 500 283 184 581 196
leaf_count=245 500 283 184 581 196
internal_value=-6.17626e-05 0.00168739 -0.000697501 0.000981794 -0.00253711
internal_weight=1989 528 1461 765 696
internal_count=1989 528 1461 765 696
is_linear=0
shrinkage=0.05


Tree=96
num_leaves=5
num_cat=0
split_feature=9 1 6 6
split_gain=0.841594 1.16094 2.57465 1.81606
threshold=-1.4924867071133083 1.2704051249477339 4.8036521166674087 5.0575505723004488
decision_type=2 2 2 2
left_child=-1 2 -2 -3
right_child=1 3 -4 -5
leaf_value=0.0034557749763439605 -0.0025311210875482841 0.00053929754952241108 0.0017485683935714294 -0.0069592830175772696
leaf_weight=152 542 166 978 151
leaf_count=152 542 166 978 151
internal_value=-5.84514e-05 -0.000357822 0.000219226 -0.00308518
internal_weight=1989 1837 1520 317
internal_count=1989 1837 1520 317
is_linear=0
shrinkage=0.05


Tree=97
num_leaves=6
num_cat=0
split_feature=3 8 2 6 6
split_gain=0.846055 1.78103 2.05259 1.42353 2.54317
threshold=-0.99689951152387024 0.3723372454412946 0.0308220700148449 5.5885953926435077 5.2955384936997616
decision_type=2 2 2 2 2
left_child=1 -1 -3 4 -2
right_child=3 2 -4 -5 -6
leaf_value=0.0027181423057807737 0.0010215731423917076 -0.0078120173716437688 -0.00051103917543183673 0.0044423209848563844 -0.0047911280824589134
leaf_weight=158 1010 158 237 200 226
leaf_count=158 1010 158 237 200 226
internal_value=-5.67458e-05 -0.00170963 -0.00349258 0.000583499 -5.62884e-05
internal_weight=1989 553 395 1436 1236
internal_count=1989 553 395 1436 1236
is_linear=0
shrinkage=0.05


Tree=98
num_leaves=4
num_cat=0
split_feature=9 0 13
split_gain=0.81787 1.24994 1.83117
threshold=1.3520147945637857 0.66000000000000014 -0.066926087487833255
decision_type=2 2 8
left_child=1 2 -1
right_child=-2 -3 -4
leaf_value=0.0034355197455091728 -0.0030730416034510481 -0.0031033821940674622 -0.00030716507596220986
leaf_weight=459 196 231 1103
leaf_count=459 196 231 1103
internal_value=-4.83136e-05 0.000289958 0.000800091
internal_weight=1989 1793 1562
internal_count=1989 1793 1562
is_linear=0
shrinkage=0.05


Tree=99
num_leaves=7
num_cat=0
split_feature=13 13 2 4 12 0
split_gain=0.826772 2.41978 2.25817 4.72452 3.36766 1.4762
threshold=0.025731967329389479 -0.018313799536065864 0.034266782494014311 0.016747185015786498 0.32384861264752846 0.38000000000000006
decision_type=8 10 2 2 2 2
left_child=1 5 3 -2 -4 -1
right_child=2 -3 4 -5 -6 -7
leaf_value=0.0043877659062854946 -0.0025420100260783451 -0.0065258849211438695 -0.0056754570671897859 0.0070416547616412367 0.0033290011362643334 -0.00090936540508786471
leaf_weight=155 212 162 231 314 181 734
leaf_count=155 212 162 231 314 181 734
internal_value=-4.28e-05 -0.0010036 0.00103336 0.00319147 -0.00172713 3.35811e-05
internal_weight=1989 1051 938 526 412 889
internal_count=1989 1051 938 526 412 889
is_linear=0
shrinkage=0.05


Tree=100
num_leaves=6
num_cat=0
split_feature=3 2 11 3 7
split_gain=0.825808 2.04595 1.93364 1.62788 1.78876
threshold=-0.9284766908852562 0.030362350891973245 -0.32143859493857185 -0.57735026918962584 -0.69728646968355279
decision_type=2 2 2 2 2
left_child=1 -1 -3 -2 -5
right_child=3 2 -4 4 -6
leaf_value=-0.0048589250690230495 0.0050216675300718003 -0.0033027785325733328 0.0040568806897485678 -0.0043483844473958012 0.00083022369703246381
leaf_weight=262 179 151 204 195 998
leaf_count=262 179 151 204 195 998
internal_value=-3.89439e-05 -0.00155093 0.000924041 0.000644172 -3.08535e-05
internal_weight=1989 617 355 1372 1193
internal_count=1989 617 355 1372 1193
is_linear=0
shrinkage=0.05


Tree=101
num_leaves=5
num_cat=0
split_feature=13 8 8 0
split_gain=0.825461 1.28902 2.74763 1.26839
threshold=0.23546820797919424 0.5572050903531317 0.5030946977499805 0.42750000000000005
decision_type=8 2 2 2
left_child=1 2 -1 -3
right_child=-2 3 -4 -5
leaf_value=-0.00044776004159638189 0.0027115026758925769 0.0010150437975345657 0.0063620204285887829 -0.0036791091889477852
leaf_weight=932 236 210 171 440
leaf_count=932 236 210 171 440
internal_value=-3.27646e-05 -0.000408876 0.000631917 -0.00216637
internal_weight=1989 1753 1103 650
internal_count=1989 1753 1103 650
is_linear=0
shrinkage=0.05


Tree=102
num_leaves=5
num_cat=0
split_feature=9 6 1 7
split_gain=0.830257 3.03735 1.72173 2.30551
threshold=-0.83248564881174847 4.9984951522358987 -1.3118610040219589 0.25738702928303564
decision_type=2 2 2 2
left_child=1 -1 -2 -4
right_child=2 -3 3 -5
leaf_value=0.0056788337511941792 -0.0043801911685652298 -0.0018604772871994 -0.0022527862679334763 0.0021126948717441439
leaf_weight=245 250 283 547 664
leaf_count=245 250 283 547 664
internal_value=-3.16965e-05 0.00165833 -0.000646039 0.000139683
internal_weight=1989 528 1461 1211
internal_count=1989 528 1461 1211
is_linear=0
shrinkage=0.05


Tree=103
num_leaves=7
num_cat=0
split_feature=13 7 5 2 13 0
split_gain=0.805266 2.47489 2.68303 2.18014 2.17722 1.31859
threshold=0.025731967329389479 -0.72426493251417456 -0.079999999999999988 0.034266782494014311 -0.018313799536065864 0.38000000000000006
decision_type=8 2 2 2 10 2
left_child=4 3 -3 -2 5 -1
right_child=1 2 -4 -5 -6 -7
leaf_value=0.0041249898483511063 0.0014646225206598022 -0.0028899258185899066 0.004707058148552515 -0.0067288677252333937 -0.0062124552573272571 -0.00088136835636240865
leaf_weight=155 164 150 471 153 162 734
leaf_count=155 164 150 471 153 162 734
internal_value=-2.59938e-05 0.00103604 0.00286361 -0.00253304 -0.000974255 9.69481e-06
internal_weight=1989 938 621 317 1051 889
internal_count=1989 938 621 317 1051 889
is_linear=0
shrinkage=0.05


Tree=104
num_leaves=5
num_cat=0
split_feature=9 2 2 9
split_gain=0.808431 1.21637 2.30319 1.72429
threshold=1.3520147945637857 0.016583123951776999 0.021213203435596462 -0.029572594650314664
decision_type=2 2 2 2
left_child=1 3 -3 -1
right_child=-2 2 -4 -5
leaf_value=-0.0053176483318845679 -0.0030287997287452521 0.0066813404825103442 0.00027592251658910819 0.0013584366093414863
leaf_weight=200 196 153 1260 180
leaf_count=200 196 153 1260 180
internal_value=-2.15156e-05 0.000314731 0.000990616 -0.00217872
internal_weight=1989 1793 1413 380
internal_count=1989 1793 1413 380
is_linear=0
shrinkage=0.05


Tree=105
num_leaves=5
num_cat=0
split_feature=9 6 1 7
split_gain=0.812521 2.79411 1.58682 2.14618
threshold=-0.83248564881174847 4.9984951522358987 -1.3118610040219589 0.25738702928303564
decision_type=2 2 2 2
left_child=1 -1 -2 -4
right_child=2 -3 3 -5
leaf_value=0.0055096165743656464 -0.0042107218586127553 -0.0017220371270215966 -0.0021798186751581946 0.0020321175169272093
leaf_weight=245 250 283 547 664
leaf_count=245 250 283 547 664
internal_value=-1.80792e-05 0.00165377 -0.000625858 0.000128476
internal_weight=1989 528 1461 1211
internal_count=1989 528 1461 1211
is_linear=0
shrinkage=0.05


Tree=106
num_leaves=4
num_cat=0
split_feature=13 7 13
split_gain=0.806702 1.40825 2.25152
threshold=0.23546820797919424 -0.72426493251417456 0.047581007418036052
decision_type=10 2 8
left_child=1 -1 -3
right_child=-2 2 -4
leaf_value=-0.0040853314694355835 0.0031137322228965924 -0.0011050991303500394 0.0029125610174026637
leaf_weight=215 182 1084 508
leaf_count=215 182 1084 508
internal_value=-1.29459e-05 -0.000335586 0.000182023
internal_weight=1989 1807 1592
internal_count=1989 1807 1592
is_linear=0
shrinkage=0.05


Tree=107
num_leaves=7
num_cat=0
split_feature=2 13 4 2 7 12
split_gain=0.801169 2.10166 2.85044 1.77734 2.31917 2.02238
threshold=0.025083057392117931 0.084596113017285215 0.010897247358851676 0.034910600109422353 -0.30897026427597091 0.18437399408868618
decision_type=2 8 2 2 2 2
left_child=1 2 -1 4 -2 -5
right_child=3 -3 -4 5 -6 -7
leaf_value=0.0016652324611378701 0.0083238823856076893 0.0023866727323411576 -0.0060562977211826045 -0.0027685624689644602 0.00039483909684225407 0.0020757345862558491
leaf_weight=189 150 254 312 453 229 402
leaf_count=189 150 254 312 453 229 402
internal_value=-9.64221e-06 -0.00128769 -0.00315571 0.000774347 0.00360051 -0.000492067
internal_weight=1989 755 501 1234 379 855
internal_count=1989 755 501 1234 379 855
is_linear=0
shrinkage=0.05


Tree=108
num_leaves=4
num_cat=0
split_feature=1 1 6
split_gain=0.776361 2.08398 2.32115
threshold=1.6047387942842388 1.2704051249477339 4.6230092887336962
decision_type=2 2 2
left_child=1 2 -1
right_child=-2 -3 -4
leaf_value=-0.0029629974101993781 0.0033957419808833831 -0.00508115448352724 0.0013760175811177071
leaf_weight=405 150 197 1237
leaf_count=405 150 197 1237
internal_value=-2.94298e-06 -0.000288616 0.000300052
internal_weight=1989 1839 1642
internal_count=1989 1839 1642
is_linear=0
shrinkage=0.05


Tree=109
num_leaves=4
num_cat=0
split_feature=9 11 6
split_gain=0.747671 1.15032 1.29857
threshold=-1.4924867071133083 0.96076906436096754 4.8036521166674087
decision_type=2 2 2
left_child=-1 2 -2
right_child=1 -3 -4
leaf_value=0.0033105655408695723 -0.0025811153377903857 0.0036748175960993343 0.00033668693507997005
leaf_weight=152 579 162 1096
leaf_count=152 579 162 1096
internal_value=-1.61771e-06 -0.000283922 -0.000676595
internal_weight=1989 1837 1675
internal_count=1989 1837 1675
is_linear=0
shrinkage=0.05


Tree=110
num_leaves=7
num_cat=0
split_feature=2 2 2 2 7 2
split_gain=0.737105 1.96072 2.09121 1.64779 2.14476 1.97162
threshold=0.025083057392117931 0.020615528128088333 0.016583123951776999 0.034910600109422353 -0.30897026427597091 0.039607448794387164
decision_type=2 2 2 2 2 2
left_child=1 2 -1 4 -2 -5
right_child=3 -3 -4 5 -6 -7
leaf_value=-0.001625633185224476 0.00801492308897357 -0.0059046006116160125 0.0050824687097080143 -0.0053461080740490365 0.00038960487658902206 0.00070244577028411698
leaf_weight=434 150 168 153 162 229 693
leaf_count=434 150 168 153 162 229 693
internal_value=-5.67251e-07 -0.00122647 0.000150975 0.000751403 0.00347261 -0.000468015
internal_weight=1989 755 587 1234 379 855
internal_count=1989 755 587 1234 379 855
is_linear=0
shrinkage=0.05


Tree=111
num_leaves=4
num_cat=0
split_feature=1 1 6
split_gain=0.732345 1.93581 2.05152
threshold=1.6047387942842388 1.2704051249477339 4.6230092887336962
decision_type=2 2 2
left_child=1 2 -1
right_child=-2 -3 -4
leaf_value=-0.0027747899464795811 0.0033039751120152016 -0.0048934475491100027 0.0013044391358251793
leaf_weight=405 150 197 1237
leaf_count=405 150 197 1237
internal_value=3.05379e-06 -0.000274418 0.000292926
internal_weight=1989 1839 1642
internal_count=1989 1839 1642
is_linear=0
shrinkage=0.05


Tree=112
num_leaves=6
num_cat=0
split_feature=8 8 4 13 2
split_gain=0.737594 3.94227 1.32151 1.2768 3.96217
threshold=0.5572050903531317 0.5030946977499805 0.040465740382336281 -0.11914733823629231 0.02576819745345027
decision_type=2 2 2 10 2
left_child=1 2 -1 -2 -5
right_child=3 -3 -4 4 -6
leaf_value=-0.0015816767796510483 0.0015295369718694516 0.0072471521333862228 0.0023901330139904039 -0.0091673218627801589 0.00034928231837524887
leaf_weight=743 272 192 286 156 340
leaf_count=743 272 192 286 156 340
internal_value=4.19697e-06 0.000766822 -0.000471533 -0.00120537 -0.00270546
internal_weight=1989 1221 1029 768 496
internal_count=1989 1221 1029 768 496
is_linear=0
shrinkage=0.05


Tree=113
num_leaves=4
num_cat=0
split_feature=9 0 13
split_gain=0.721451 1.15426 1.7158
threshold=1.3520147945637857 0.66000000000000014 -0.066926087487833255
decision_type=2 2 8
left_child=1 2 -1
right_child=-2 -3 -4
leaf_value=0.0033663055723019207 -0.0028333616484679395 -0.0029359014941600422 -0.00025669045510731204
leaf_weight=459 196 231 1103
leaf_count=459 196 231 1103
internal_value=7.60999e-06 0.000325184 0.000815286
internal_weight=1989 1793 1562
internal_count=1989 1793 1562
is_linear=0
shrinkage=0.05


Tree=114
num_leaves=6
num_cat=0
split_feature=3 2 11 3 9
split_gain=0.750834 1.84902 1.77658 1.43335 2.00234
threshold=-0.9284766908852562 0.030362350891973245 -0.32143859493857185 -0.57735026918962584 0.92729585567326744
decision_type=2 2 2 2 2
left_child=1 -1 -3 -2 -5
right_child=3 2 -4 4 -6
leaf_value=-0.0045760921680469639 0.0047695116676471153 -0.0031310111782612438 0.0039236798478651377 -0.0010718575191370296 0.0038110544396447519
leaf_weight=262 179 151 204 927 266
leaf_count=262 179 151 204 927 266
internal_value=1.06366e-05 -0.0014312 0.000921143 0.000661884 2.82342e-05
internal_weight=1989 617 355 1372 1193
internal_count=1989 617 355 1372 1193
is_linear=0
shrinkage=0.05


Tree=115
num_leaves=5
num_cat=0
split_feature=9 11 1 5
split_gain=0.724068 1.08765 2.99218 2.25479
threshold=-1.4924867071133083 0.59130804726902164 1.4158389275085035 0.022500000000000023
decision_type=2 2 2 2
left_child=-1 2 -2 -3
right_child=1 3 -4 -5
leaf_value=0.0032731618770030419 -0.00014882736227554369 -0.00078162272559997989 -0.0074184334480468144 0.0058169062272529701
leaf_weight=152 1123 361 157 196
leaf_count=152 1123 361 157 196
internal_value=1.37147e-05 -0.000264136 -0.00106589 0.0015714
internal_weight=1989 1837 1280 557
internal_count=1989 1837 1280 557
is_linear=0
shrinkage=0.05


Tree=116
num_leaves=4
num_cat=0
split_feature=1 1 6
split_gain=0.73864 1.74068 1.92396
threshold=1.6047387942842388 1.2704051249477339 4.8036521166674087
decision_type=2 2 2
left_child=1 2 -1
right_child=-2 -3 -4
leaf_value=-0.0020197297796548841 0.0033322741668070522 -0.0046415104964139444 0.0015442120916571399
leaf_weight=583 150 197 1059
leaf_count=583 150 197 1059
internal_value=1.72307e-05 -0.000261467 0.000276527
internal_weight=1989 1839 1642
internal_count=1989 1839 1642
is_linear=0
shrinkage=0.05


Tree=117
num_leaves=6
num_cat=0
split_feature=3 2 11 3 9
split_gain=0.707305 1.69853 1.64403 1.30454 1.87123
threshold=-0.9284766908852562 0.030362350891973245 -0.32143859493857185 -0.57735026918962584 0.92729585567326744
decision_type=2 2 2 2 2
left_child=1 -1 -3 -2 -5
right_child=3 2 -4 4 -6
leaf_value=-0.0043961288689981018 0.0045682550752130539 -0.0030250735633905071 0.0037612417386399147 -0.001018577331927897 0.0037017721992082262
leaf_weight=262 179 151 204 927 266
leaf_count=262 179 151 204 927 266
internal_value=1.74758e-05 -0.00138196 0.000872745 0.000649546 4.49634e-05
internal_weight=1989 617 355 1372 1193
internal_count=1989 617 355 1372 1193
is_linear=0
shrinkage=0.05


Tree=118
num_leaves=4
num_cat=0
split_feature=9 0 13
split_gain=0.745693 1.058 1.55836
threshold=1.3520147945637857 0.66000000000000014 -0.066926087487833255
decision_type=2 2 8
left_child=1 2 -1
right_child=-2 -3 -4
leaf_value=0.0032434994180221112 -0.0028679565216104194 -0.0027790744078613947 -0.00020940232400392395
leaf_weight=459 196 231 1103
leaf_count=459 196 231 1103
internal_value=2.03837e-05 0.000343217 0.000812359
internal_weight=1989 1793 1562
internal_count=1989 1793 1562
is_linear=0
shrinkage=0.05


Tree=119
num_leaves=6
num_cat=0
split_feature=8 8 13 11 9
split_gain=0.700901 3.63865 1.36996 1.12009 1.39206
threshold=0.5572050903531317 0.5030946977499805 -0.099012141658079852 -0.85613558452664196 -0.7288351857641916
decision_type=2 2 10 2 2
left_child=1 2 -1 -2 -5
right_child=3 -3 -4 4 -6
leaf_value=-0.0032061021784020047 -0.0047545032895352016 0.0069919964059865867 0.00076255227569414026 0.0032530938210611295 -0.0018140829068798465
leaf_weight=305 164 192 724 197 407
leaf_count=305 164 192 724 197 407
internal_value=2.28907e-05 0.000766258 -0.000423589 -0.00115626 -0.000148238
internal_weight=1989 1221 1029 768 604
internal_count=1989 1221 1029 768 604
is_linear=0
shrinkage=0.05


Tree=120
num_leaves=5
num_cat=0
split_feature=6 11 3 6
split_gain=0.713172 1.59646 2.46885 2.32608
threshold=5.6526113297052154 -0.67384579144759804 1.3416407864998745 5.1088503251600352
decision_type=2 2 2 2
left_child=1 3 -3 -1
right_child=-2 2 -4 -5
leaf_value=0.00063302288522742729 0.0025319277301370617 -0.0004058261666755537 0.0055524330568022849 -0.0068860735993205319
leaf_weight=208 243 1141 200 197
leaf_count=208 243 1141 200 197
internal_value=2.25361e-05 -0.000332942 0.000500128 -0.00306379
internal_weight=1989 1746 1341 405
internal_count=1989 1746 1341 405
is_linear=0
shrinkage=0.05


Tree=121
num_leaves=5
num_cat=0
split_feature=13 8 8 0
split_gain=0.693132 1.1037 2.10776 1.06001
threshold=0.23546820797919424 0.5572050903531317 0.5030946977499805 0.42750000000000005
decision_type=8 2 2 2
left_child=1 2 -1 -3
right_child=-2 3 -4 -5
leaf_value=-0.00030045033797319572 0.0025421345072191722 0.00096411226273969159 0.0056642381676448913 -0.0033265795977262969
leaf_weight=932 236 210 171 440
leaf_count=932 236 210 171 440
internal_value=2.758e-05 -0.000317213 0.000645653 -0.00194358
internal_weight=1989 1753 1103 650
internal_count=1989 1753 1103 650
is_linear=0
shrinkage=0.05


Tree=122
num_leaves=4
num_cat=0
split_feature=1 1 6
split_gain=0.676981 1.63297 1.80679
threshold=1.6047387942842388 1.2704051249477339 4.8036521166674087
decision_type=2 2 2
left_child=1 2 -1
right_child=-2 -3 -4
leaf_value=-0.0019444118114109118 0.0032003054936085976 -0.0044825571026689938 0.0015093148005005897
leaf_weight=583 150 197 1059
leaf_count=583 150 197 1059
internal_value=2.66638e-05 -0.000240173 0.000280872
internal_weight=1989 1839 1642
internal_count=1989 1839 1642
is_linear=0
shrinkage=0.05


Tree=123
num_leaves=5
num_cat=0
split_feature=9 2 2 12
split_gain=0.675572 1.24403 2.08285 2.04912
threshold=1.2954401233845834 0.016583123951776999 0.021213203435596462 -0.087155506755253728
decision_type=2 2 2 2
left_child=1 3 -3 -1
right_child=-2 2 -4 -5
leaf_value=0.0019066045055339158 -0.0024858202848394039 0.0064974197347720088 0.00036377794944769172 -0.0054629561282756138
leaf_weight=167 231 151 1234 206
leaf_count=167 231 151 1234 206
internal_value=2.65381e-05 0.000362774 0.00105347 -0.00218187
internal_weight=1989 1758 1385 373
internal_count=1989 1758 1385 373
is_linear=0
shrinkage=0.05


Tree=124
num_leaves=4
num_cat=0
split_feature=9 8 1
split_gain=0.653582 1.04578 1.58186
threshold=-1.4924867071133083 0.26871110920435176 1.4142135623730947
decision_type=2 2 2
left_child=-1 -2 -3
right_child=1 2 -4
leaf_value=0.0031229575511637579 0.0024755565891817414 -0.0001222730164545215 -0.0047716272994875915
leaf_weight=152 293 1337 207
leaf_count=152 293 1337 207
internal_value=2.62512e-05 -0.000237763 -0.00075899
internal_weight=1989 1837 1544
internal_count=1989 1837 1544
is_linear=0
shrinkage=0.05


Tree=125
num_leaves=4
num_cat=0
split_feature=1 1 6
split_gain=0.669644 1.45566 1.74959
threshold=1.6047387942842388 1.2704051249477339 5.684463727960039
decision_type=2 2 2
left_child=1 2 -1
right_child=-2 -3 -4
leaf_value=-0.0003192696357879536 0.0031820934241817847 -0.0042451176773941161 0.0048904405402544456
leaf_weight=1466 150 197 176
leaf_count=1466 150 197 176
internal_value=2.56945e-05 -0.000239691 0.000252292
internal_weight=1989 1839 1642
internal_count=1989 1839 1642
is_linear=0
shrinkage=0.05


Tree=126
num_leaves=6
num_cat=0
split_feature=3 1 6 3 9
split_gain=0.705988 1.66952 1.55198 1.14668 1.82258
threshold=-0.9284766908852562 -1.5779860077445078 5.2016962536365492 -0.57735026918962584 0.92729585567326744
decision_type=2 2 2 2 2
left_child=1 -1 -3 -2 -5
right_child=3 2 -4 4 -6
leaf_value=0.0026943191765352202 0.0043324203777086482 -0.0055353671935629758 0.00042289327350013034 -0.00095842687450319356 0.0037001698246961153
leaf_weight=176 179 252 189 927 266
leaf_count=176 179 252 189 927 266
internal_value=2.69715e-05 -0.00137118 -0.00300571 0.00065843 9.13958e-05
internal_weight=1989 617 441 1372 1193
internal_count=1989 617 441 1372 1193
is_linear=0
shrinkage=0.05


Tree=127
num_leaves=5
num_cat=0
split_feature=9 2 2 12
split_gain=0.65282 1.15591 1.91585 1.88653
threshold=1.2954401233845834 0.016583123951776999 0.021213203435596462 -0.087155506755253728
decision_type=2 2 2 2
left_child=1 3 -3 -1
right_child=-2 2 -4 -5
leaf_value=0.0018270720827913041 -0.0024432194182428266 0.0062439396822204195 0.00036124114647242332 -0.0052441066204238097
leaf_weight=167 231 151 1234 206
leaf_count=167 231 151 1234 206
internal_value=2.64707e-05 0.000356995 0.00102276 -0.0020959
internal_weight=1989 1758 1385 373
internal_count=1989 1758 1385 373
is_linear=0
shrinkage=0.05


Tree=128
num_leaves=6
num_cat=0
split_feature=3 2 11 13 11
split_gain=0.653917 1.56445 1.51033 1.09492 1.32798
threshold=-0.9284766908852562 0.030362350891973245 -0.32143859493857185 0.21312071254542289 -0.043619269256720571
decision_type=2 2 2 8 2
left_child=1 -1 -3 4 -2
right_child=3 2 -4 -5 -6
leaf_value=-0.0042121387013558586 0.0018088788635162801 -0.0028916634371107183 0.0036129132051323878 0.0041261305578940899 -0.0015295248028661054
leaf_weight=262 565 151 204 188 619
leaf_count=262 565 151 204 188 619
internal_value=2.62482e-05 -0.00131936 0.000844443 0.000633973 6.44554e-05
internal_weight=1989 617 355 1372 1184
internal_count=1989 617 355 1372 1184
is_linear=0
shrinkage=0.05


Tree=129
num_leaves=7
num_cat=0
split_feature=11 12 11 1 7 3
split_gain=0.63571 2.4006 2.28577 2.55231 2.18776 1.87116
threshold=0.59130804726902164 0.17132013439805233 -0.043619269256720571 0.25709682053740773 -0.13624195986837276 1.2826185614972889
decision_type=2 2 2 2 2 2
left_child=2 4 5 -4 -2 -1
right_child=1 -3 3 -5 -6 -7
leaf_value=0.0017905353577465908 0.0031346305998490205 0.0051572507243573427 -0.00050890110676357549 -0.0084231734141975104 -0.0047603500235562377 -0.003925581289262607
leaf_weight=806 153 243 263 162 193 169
leaf_count=806 153 243 263 162 193 169
internal_value=2.89559e-05 0.0014002 -0.000550877 -0.0035885 -0.0012743 0.000784768
internal_weight=1989 589 1400 425 346 975
internal_count=1989 589 1400 425 346 975
is_linear=0
shrinkage=0.05


Tree=130
num_leaves=7
num_cat=0
split_feature=3 2 11 9 3 3
split_gain=0.640556 1.42754 1.40889 1.14956 3.17153 2.20806
threshold=-0.9284766908852562 0.030362350891973245 -0.32143859493857185 1.0000000180025095e-35 0.90453403373329 0.8226876614429065
decision_type=2 2 2 2 2 2
left_child=1 -1 -3 5 -5 -2
right_child=3 2 -4 4 -6 -7
leaf_value=-0.004066741104806296 -0.0033773860270555722 -0.0028436655726601697 0.0034383136308952528 0.0051400362629149309 -0.0016191634967505375 0.0023055912010443557
leaf_weight=262 375 151 204 375 316 306
leaf_count=262 375 151 204 375 316 306
internal_value=2.82198e-05 -0.00130358 0.000763877 0.000629698 0.00205957 -0.000825609
internal_weight=1989 617 355 1372 691 681
internal_count=1989 617 355 1372 691 681
is_linear=0
shrinkage=0.05


Tree=131
num_leaves=4
num_cat=0
split_feature=1 1 6
split_gain=0.656553 1.29194 1.6254
threshold=1.6047387942842388 1.2704051249477339 4.6230092887336962
decision_type=2 2 2
left_child=1 2 -1
right_child=-2 -3 -4
leaf_value=-0.0024954704800620679 0.0031597011368120868 -0.0040019452664079051 0.0011354499414222743
leaf_weight=405 150 197 1237
leaf_count=405 150 197 1237
internal_value=3.43263e-05 -0.000228475 0.000235025
internal_weight=1989 1839 1642
internal_count=1989 1839 1642
is_linear=0
shrinkage=0.05


Tree=132
num_leaves=6
num_cat=0
split_feature=8 8 13 13 2
split_gain=0.641805 3.17437 1.26269 1.12123 3.49493
threshold=0.5572050903531317 0.5030946977499805 -0.099012141658079852 -0.11914733823629231 0.02576819745345027
decision_type=2 2 10 10 2
left_child=1 2 -1 -2 -5
right_child=3 -3 -4 4 -6
leaf_value=-0.0030373311527974664 0.0014684387156571723 0.006560604897479002 0.00077269665497024288 -0.0085688536639631895 0.00036850785580126272
leaf_weight=305 272 192 724 156 340
leaf_count=305 272 192 724 156 340
internal_value=3.43378e-05 0.000745646 -0.000365838 -0.00109404 -0.0024999
internal_weight=1989 1221 1029 768 496
internal_count=1989 1221 1029 768 496
is_linear=0
shrinkage=0.05


Tree=133
num_leaves=6
num_cat=0
split_feature=5 6 7 6 6
split_gain=0.647394 2.31476 1.94562 1.83664 1.77613
threshold=-0.060000000000000019 5.5885953926435077 -0.69728646968355279 5.2955384936997616 4.8036521166674087
decision_type=2 2 2 2 2
left_child=3 2 -2 4 -1
right_child=1 -3 -4 -5 -6
leaf_value=-0.0032483770513546564 -0.0046741129014463657 0.0052480156337132372 0.00057965617265338151 -0.0058781769240926381 0.00413323326474922
leaf_weight=150 205 218 1091 158 167
leaf_count=150 205 218 1091 158 167
internal_value=3.67712e-05 0.000542493 -0.00026615 -0.00156401 0.000644154
internal_weight=1989 1514 1296 475 317
internal_count=1989 1514 1296 475 317
is_linear=0
shrinkage=0.05


Tree=134
num_leaves=6
num_cat=0
split_feature=9 6 7 7 8
split_gain=0.65181 2.96084 1.41732 3.42959 1.70034
threshold=-0.83248564881174847 4.9984951522358987 0.25738702928303564 0.45324632971643725 0.4008160706708257
decision_type=2 2 2 2 2
left_child=1 -1 4 -4 -2
right_child=2 -3 3 -5 -6
leaf_value=0.0055077029869891707 0.00084107456145530968 -0.0019352563330256899 0.0068307960957840648 -0.00091708311842875277 -0.0041623762661894921
leaf_weight=245 284 283 184 581 412
leaf_count=245 284 283 184 581 412
internal_value=4.03918e-05 0.00153766 -0.000504114 0.000978714 -0.0021293
internal_weight=1989 528 1461 765 696
internal_count=1989 528 1461 765 696
is_linear=0
shrinkage=0.05


Tree=135
num_leaves=4
num_cat=0
split_feature=9 0 7
split_gain=0.635835 0.91721 1.35961
threshold=1.3520147945637857 0.66000000000000014 0.25738702928303564
decision_type=2 2 2
left_child=1 2 -1
right_child=-2 -3 -4
leaf_value=-0.00025218281789455259 -0.0026263317788269985 -0.002568342137324103 0.0028837757899900646
leaf_weight=1053 196 231 509
leaf_count=1053 196 231 509
internal_value=4.08375e-05 0.000338889 0.000775655
internal_weight=1989 1793 1562
internal_count=1989 1793 1562
is_linear=0
shrinkage=0.05


Tree=136
num_leaves=4
num_cat=0
split_feature=13 7 13
split_gain=0.622426 1.36945 1.93132
threshold=0.23546820797919424 -0.72426493251417456 0.047581007418036052
decision_type=10 2 8
left_child=1 -1 -3
right_child=-2 2 -4
leaf_value=-0.0039394114505160943 0.0027882778008261767 -0.00092384073091371539 0.0027972649192139344
leaf_weight=215 182 1084 508
leaf_count=215 182 1084 508
internal_value=4.19618e-05 -0.000241576 0.000268588
internal_weight=1989 1807 1592
internal_count=1989 1807 1592
is_linear=0
shrinkage=0.05


Tree=137
num_leaves=4
num_cat=0
split_feature=9 11 13
split_gain=0.620503 1.03693 1.13751
threshold=-1.4924867071133083 0.96076906436096754 0.23546820797919424
decision_type=2 2 8
left_child=-1 2 -2
right_child=1 -3 -4
leaf_value=0.0030602620000681089 -0.0010542776180218249 0.0035440073945297457 0.0030170794144349614
leaf_weight=152 1486 162 189
leaf_count=152 1486 162 189
internal_value=4.29769e-05 -0.000214313 -0.000587271
internal_weight=1989 1837 1675
internal_count=1989 1837 1675
is_linear=0
shrinkage=0.05


Tree=138
num_leaves=4
num_cat=0
split_feature=1 1 6
split_gain=0.619451 1.20547 1.78641
threshold=1.6047387942842388 1.3561059858216802 5.684463727960039
decision_type=2 2 2
left_child=1 2 -1
right_child=-2 -3 -4
leaf_value=-0.00038950600993622173 0.0030780659135310881 -0.0043747889358292588 0.0048161951145408929
leaf_weight=1505 150 154 180
leaf_count=1505 150 154 180
internal_value=4.23023e-05 -0.000212988 0.000179196
internal_weight=1989 1839 1685
internal_count=1989 1839 1685
is_linear=0
shrinkage=0.05


Tree=139
num_leaves=6
num_cat=0
split_feature=5 6 7 6 6
split_gain=0.620896 2.09596 1.78003 1.69539 1.65081
threshold=-0.060000000000000019 5.5885953926435077 -0.69728646968355279 5.2955384936997616 4.8036521166674087
decision_type=2 2 2 2 2
left_child=3 2 -2 4 -1
right_child=1 -3 -4 -5 -6
leaf_value=-0.0031544949213463454 -0.0044469728391794928 0.0050164550058376632 0.00057822415649746019 -0.0056689683010835955 0.0039618092969460634
leaf_weight=150 205 218 1091 158 167
leaf_count=150 205 218 1091 158 167
internal_value=4.36216e-05 0.000538867 -0.000230692 -0.00152408 0.000597778
internal_weight=1989 1514 1296 475 317
internal_count=1989 1514 1296 475 317
is_linear=0
shrinkage=0.05


Tree=140
num_leaves=5
num_cat=0
split_feature=9 6 1 7
split_gain=0.613614 2.8002 1.37589 1.8983
threshold=-0.83248564881174847 4.9984951522358987 -1.3118610040219589 0.25738702928303564
decision_type=2 2 2 2
left_child=1 -1 -2 -4
right_child=2 -3 3 -5
leaf_value=0.0053609938340494412 -0.0038190749597589615 -0.0018772806752369636 -0.0019502201353569272 0.0020110941558842436
leaf_weight=245 250 283 547 664
leaf_count=245 250 283 547 664
internal_value=4.74564e-05 0.00150017 -0.000480876 0.000221135
internal_weight=1989 528 1461 1211
internal_count=1989 528 1461 1211
is_linear=0
shrinkage=0.05


Tree=141
num_leaves=4
num_cat=0
split_feature=9 2 11
split_gain=0.591627 1.0441 1.61492
threshold=1.2954401233845834 0.012342395838874308 -0.05451266099847394
decision_type=2 2 2
left_child=1 -1 -3
right_child=-2 2 -4
leaf_value=-0.0025302267436241241 -0.0023008551046062829 0.0025213220224275011 -0.0007527913481125756
leaf_weight=260 231 743 755
leaf_count=260 231 743 755
internal_value=5.03087e-05 0.000364899 0.000874137
internal_weight=1989 1758 1498
internal_count=1989 1758 1498
is_linear=0
shrinkage=0.05


Tree=142
num_leaves=7
num_cat=0
split_feature=11 12 13 11 5 3
split_gain=0.631063 2.19937 3.22613 2.00409 2.37013 1.75117
threshold=0.59130804726902164 0.17132013439805233 0.046257269022852675 -0.043619269256720571 0.0024999999999999749 1.2826185614972889
decision_type=2 2 10 2 2 2
left_child=3 2 -2 5 -5 -1
right_child=1 -3 -4 4 -6 -7
leaf_value=0.0016937849287698148 -0.0054086712902875122 0.0050097262725748515 0.004169415343412251 -0.00033673841662053375 -0.0079209666569219073 -0.0038358349417304174
leaf_weight=806 192 243 154 258 167 169
leaf_count=806 192 243 154 258 167 169
internal_value=4.76914e-05 0.00141387 -0.00114693 -0.000530067 -0.00337435 0.000720637
internal_weight=1989 589 346 1400 425 975
internal_count=1989 589 346 1400 425 975
is_linear=0
shrinkage=0.05


Tree=143
num_leaves=5
num_cat=0
split_feature=1 6 5 7
split_gain=0.601706 1.10218 1.78269 1.62375
threshold=1.6047387942842388 5.4763798524139071 -0.04749999999999998 0.47471770041617972
decision_type=2 2 2 2
left_child=1 3 -3 -1
right_child=-2 2 -4 -5
leaf_value=0.00017482142401351489 0.003040389187874333 -0.0020494951265333577 0.004779164074939125 -0.0035912195382145594
leaf_weight=1059 150 153 240 387
leaf_count=1059 150 153 240 387
internal_value=4.84389e-05 -0.000203185 0.00212833 -0.000842004
internal_weight=1989 1839 393 1446
internal_count=1989 1839 393 1446
is_linear=0
shrinkage=0.05


Tree=144
num_leaves=7
num_cat=0
split_feature=11 12 13 11 1 3
split_gain=0.601182 2.04224 2.94173 1.82903 2.25837 1.66246
threshold=0.59130804726902164 0.17132013439805233 0.046257269022852675 -0.043619269256720571 0.25709682053740773 1.2826185614972889
decision_type=2 2 10 2 2 2
left_child=3 2 -2 5 -5 -1
right_child=1 -3 -4 4 -6 -7
leaf_value=0.0016298267284466207 -0.0051535060147040995 0.0048490004817722367 0.0039925887551064956 -0.00033650440441917128 -0.0077780170355014463 -0.0037578275898235967
leaf_weight=806 192 243 154 263 162 169
leaf_count=806 192 243 154 263 162 169
internal_value=5.06261e-05 0.00138406 -0.00108382 -0.000513299 -0.00323049 0.000681559
internal_weight=1989 589 346 1400 425 975
internal_count=1989 589 346 1400 425 975
is_linear=0
shrinkage=0.05


Tree=145
num_leaves=4
num_cat=0
split_feature=1 1 6
split_gain=0.605868 1.03771 1.5057
threshold=1.6047387942842388 1.3561059858216802 5.684463727960039
decision_type=2 2 2
left_child=1 2 -1
right_child=-2 -3 -4
leaf_value=-0.00035948481671616212 0.0030535113571151613 -0.0040626298097319576 0.0044197331439401657
leaf_weight=1505 150 154 180
leaf_count=1505 150 154 180
internal_value=5.1236e-05 -0.000201263 0.00016262
internal_weight=1989 1839 1685
internal_count=1989 1839 1685
is_linear=0
shrinkage=0.05


Tree=146
num_leaves=7
num_cat=0
split_feature=3 1 8 9 3 3
split_gain=0.613995 1.57324 1.74141 1.09446 2.70948 2.15709
threshold=-0.9284766908852562 -1.5779860077445078 0.47398773030689062 1.0000000180025095e-35 0.90453403373329 0.81649658092772692
decision_type=2 2 2 2 2 2
left_child=1 -1 -3 5 -5 -2
right_child=3 2 -4 4 -6 -7
leaf_value=0.0026933795892847678 -0.0033239880688633811 -0.0062574255881197929 1.6125200706864559e-05 0.0048827316585045898 -0.0013659250391560181 0.0022881644297462361
leaf_weight=176 372 198 243 375 316 309
leaf_count=176 372 198 243 375 316 309
internal_value=5.19356e-05 -0.00125202 -0.00283914 0.000640753 0.00203589 -0.000779388
internal_weight=1989 617 441 1372 691 681
internal_count=1989 617 441 1372 691 681
is_linear=0
shrinkage=0.05


Tree=147
num_leaves=6
num_cat=0
split_feature=5 6 2 6 6
split_gain=0.581813 1.73094 1.73394 1.54935 1.56201
threshold=-0.060000000000000019 5.5885953926435077 0.028624724991100855 5.2955384936997616 4.8036521166674087
decision_type=2 2 2 2 2
left_child=3 2 -2 4 -1
right_child=1 -3 -4 -5 -6
leaf_value=-0.0030847077261686568 -0.001666342574058 0.0046024399696778292 0.0020460948178713969 -0.0054258745789322205 0.0038374771649656858
leaf_weight=150 773 218 523 158 167
leaf_count=150 773 218 523 158 167
internal_value=5.40454e-05 0.000533422 -0.000166085 -0.00146354 0.000564958
internal_weight=1989 1514 1296 475 317
internal_count=1989 1514 1296 475 317
is_linear=0
shrinkage=0.05


Tree=148
num_leaves=7
num_cat=0
split_feature=11 8 8 11 1 11
split_gain=0.588784 1.99857 3.12718 1.66612 2.12909 1.65859
threshold=0.59130804726902164 0.37377856794739467 0.50803153298283721 -0.043619269256720571 0.25709682053740773 -0.56458786246281534
decision_type=2 2 2 2 2 2
left_child=3 -2 -3 5 -5 -1
right_child=1 2 -4 4 -6 -7
leaf_value=-0.0008934288315098339 0.0057590766996402521 -0.006183499467949714 0.0027397428083219635 -0.00028450532830250796 -0.0075089922944407269 0.0033890143787588881
leaf_weight=628 176 150 263 263 162 347
leaf_count=628 176 150 263 263 162 347
internal_value=5.7846e-05 0.00137744 -0.000536343 -0.000500254 -0.0030936 0.000640197
internal_weight=1989 589 413 1400 425 975
internal_count=1989 589 413 1400 425 975
is_linear=0
shrinkage=0.05


Tree=149
num_leaves=6
num_cat=0
split_feature=8 8 4 11 9
split_gain=0.598524 2.91351 1.17476 1.13208 1.22124
threshold=0.5572050903531317 0.5030946977499805 0.040465740382336281 -0.85613558452664196 -0.7288351857641916
decision_type=2 2 2 2 2
left_child=1 2 -1 -2 -5
right_child=3 -3 -4 4 -6
leaf_value=-0.0013689153730299046 -0.0046507083254276648 0.0063141226540686006 0.0023755719283550876 0.0031638019427767785 -0.0015822354663452766
leaf_weight=743 164 192 286 197 407
leaf_count=743 164 192 286 197 407
internal_value=5.64003e-05 0.00074325 -0.000321719 -0.00103333 -2.10066e-05
internal_weight=1989 1221 1029 768 604
internal_count=1989 1221 1029 768 604
is_linear=0
shrinkage=0.05


Tree=150
num_leaves=4
num_cat=0
split_feature=4 4 9
split_gain=0.588923 2.11463 1.49872
threshold=0.0086602540378444091 0.016747185015786498 1.2954401233845834
decision_type=2 2 2
left_child=-1 -2 -3
right_child=1 2 -4
leaf_value=0.0022182450463707724 -0.0045679839965152109 0.00098483477245740942 -0.0040825372107508714
leaf_weight=267 242 1321 159
leaf_count=267 242 1321 159
internal_value=5.58803e-05 -0.000284851 0.000428522
internal_weight=1989 1722 1480
internal_count=1989 1722 1480
is_linear=0
shrinkage=0.05


Tree=151
num_leaves=6
num_cat=0
split_feature=5 6 2 6 2
split_gain=0.578512 1.63217 1.58277 1.40247 1.45137
threshold=-0.060000000000000019 5.5885953926435077 0.028624724991100855 5.2955384936997616 0.049662605934921465
decision_type=2 2 2 2 2
left_child=3 2 -2 4 -1
right_child=1 -3 -4 -5 -6
leaf_value=0.0036677181014024163 -0.001579027120915785 0.0044849058863761183 0.0019678807161240416 -0.005227253515776133 -0.0030007310491945052
leaf_weight=165 773 218 523 158 152
leaf_count=165 773 218 523 158 152
internal_value=5.56905e-05 0.000533701 -0.000145613 -0.00145759 0.000473284
internal_weight=1989 1514 1296 475 317
internal_count=1989 1514 1296 475 317
is_linear=0
shrinkage=0.05


Tree=152
num_leaves=4
num_cat=0
split_feature=1 1 5
split_gain=0.561371 1.03232 1.55515
threshold=1.6047387942842388 1.2704051249477339 0.062500000000000014
decision_type=2 2 2
left_child=1 2 -1
right_child=-2 -3 -4
leaf_value=-0.00038399924314024941 0.0029492931452489669 -0.0035567915011750595 0.0040638894921070654
leaf_weight=1419 150 197 223
leaf_count=1419 150 197 223
internal_value=5.93884e-05 -0.000183688 0.000230572
internal_weight=1989 1839 1642
internal_count=1989 1839 1642
is_linear=0
shrinkage=0.05


Tree=153
num_leaves=4
num_cat=0
split_feature=4 4 9
split_gain=0.565496 1.91343 1.3699
threshold=0.0086602540378444091 0.016747185015786498 1.2954401233845834
decision_type=2 2 2
left_child=-1 -2 -3
right_child=1 2 -4
leaf_value=0.0021799567266819341 -0.0043471255170007949 0.00093762213389703879 -0.0039070735617381773
leaf_weight=267 242 1321 159
leaf_count=267 242 1321 159
internal_value=6.10507e-05 -0.000272851 0.000405742
internal_weight=1989 1722 1480
internal_count=1989 1722 1480
is_linear=0
shrinkage=0.05


Tree=154
num_leaves=6
num_cat=0
split_feature=8 8 11 11 13
split_gain=0.560279 3.15312 1.51733 1.8525 1.11028
threshold=0.55071800251854552 0.5030946977499805 -0.88583267613409611 -0.45203028321223099 -0.099012141658079852
decision_type=2 2 2 2 10
left_child=1 4 -2 -4 -1
right_child=2 -3 3 -5 -6
leaf_value=-0.002811644598240814 -0.0054075280769217407 0.0069878942950903251 0.0046085355527831252 -0.0014736413229719638 0.00076096050638644176
leaf_weight=305 150 168 164 478 724
leaf_count=305 150 168 164 478 724
internal_value=6.06535e-05 0.000742127 -0.000967494 0.000103669 -0.00030645
internal_weight=1989 1197 792 642 1029
internal_count=1989 1197 792 642 1029
is_linear=0
shrinkage=0.05


Tree=155
num_leaves=6
num_cat=0
split_feature=7 2 13 11 13
split_gain=0.55327 2.07824 1.54002 2.44951 1.69127
threshold=-0.71725410380533583 0.034266782494014311 0.047581007418036052 -0.57360461910650995 -0.066926087487833255
decision_type=2 2 8 2 10
left_child=1 -1 4 -4 -2
right_child=2 -3 3 -5 -6
leaf_value=0.00200515442865563 0.0007905458810799729 -0.0056710908335611925 -0.0021067702742927365 0.004846337411847668 -0.0033315395616227762
leaf_weight=177 703 167 186 377 379
leaf_count=177 703 167 186 377 379
internal_value=5.95855e-05 -0.00174925 0.000442002 0.00255089 -0.00066201
internal_weight=1989 344 1645 563 1082
internal_count=1989 344 1645 563 1082
is_linear=0
shrinkage=0.05


Tree=156
num_leaves=6
num_cat=0
split_feature=6 1 1 6 8
split_gain=0.52401 2.10769 1.57831 1.96944 1.1701
threshold=5.1088503251600352 -1.3118610040219589 1.2704051249477339 5.3383534740132879 0.61193838718973692
decision_type=2 2 2 2 2
left_child=1 -1 3 -2 -3
right_child=2 4 -4 -5 -6
leaf_value=-0.0040989572124715936 -0.003414332066152949 0.0025971626208678416 -0.0054167027012086838 0.0020501481215940156 -0.0017818760320854683
leaf_weight=181 249 756 151 465 187
leaf_count=181 249 756 151 465 187
internal_value=6.18045e-05 0.000772289 -0.000860548 0.000133977 0.00172397
internal_weight=1989 1124 865 714 943
internal_count=1989 1124 865 714 943
is_linear=0
shrinkage=0.05


Tree=157
num_leaves=4
num_cat=0
split_feature=1 1 6
split_gain=0.561636 2.38533 1.50187
threshold=-1.5779860077445078 -1.3118610040219589 5.0930742953329977
decision_type=2 2 2
left_child=-1 -2 -3
right_child=1 2 -4
leaf_value=0.0027167116430747576 -0.0057890198737210628 0.0017144637612138216 -0.0013207327067436322
leaf_weight=176 168 923 722
leaf_count=176 168 923 722
internal_value=6.07192e-05 -0.000203878 0.000382333
internal_weight=1989 1813 1645
internal_count=1989 1813 1645
is_linear=0
shrinkage=0.05


Tree=158
num_leaves=5
num_cat=0
split_feature=12 8 13 8
split_gain=0.522191 0.934606 4.11873 2.6534
threshold=0.96301262024156375 0.37377856794739467 0.04857088897785778 0.42867656544425942
decision_type=2 2 10 2
left_child=1 2 -1 -3
right_child=-2 3 -4 -5
leaf_value=-0.0016802881577493651 -0.002510153495240957 -0.0062919588302245396 0.0072512656236340513 0.00045834863857648165
leaf_weight=303 175 162 218 1131
leaf_count=303 175 162 218 1131
internal_value=5.89783e-05 0.000313046 0.00209031 -0.000408377
internal_weight=1989 1814 521 1293
internal_count=1989 1814 521 1293
is_linear=0
shrinkage=0.05


Tree=159
num_leaves=4
num_cat=0
split_feature=8 8 1
split_gain=0.542134 2.26349 1.35057
threshold=0.18241940047687857 0.26871110920435176 -0.08033745069662479
decision_type=2 2 2
left_child=-1 -2 -3
right_child=1 2 -4
leaf_value=-0.0027181657475281369 0.0058863332301773361 -0.0016558649721840962 0.0011780095446354553
leaf_weight=157 160 843 829
leaf_count=157 160 843 829
internal_value=5.47586e-05 0.000299146 -0.000251469
internal_weight=1989 1832 1672
internal_count=1989 1832 1672
is_linear=0
shrinkage=0.05


Tree=160
num_leaves=4
num_cat=0
split_feature=1 1 6
split_gain=0.525152 2.15612 1.38995
threshold=-1.5779860077445078 -1.3118610040219589 5.0930742953329977
decision_type=2 2 2
left_child=-1 -2 -3
right_child=1 2 -4
leaf_value=0.0026263244066757887 -0.0055078235815542971 0.0016410855656055182 -0.0012788080750929995
leaf_weight=176 168 923 722
leaf_count=176 168 923 722
internal_value=5.80467e-05 -0.000197811 0.000359536
internal_weight=1989 1813 1645
internal_count=1989 1813 1645
is_linear=0
shrinkage=0.05


Tree=161
num_leaves=5
num_cat=0
split_feature=1 6 1 0
split_gain=0.514856 1.02315 1.48682 1.4309
threshold=1.6047387942842388 5.4763798524139071 1.0000000180025095e-35 0.48750000000000004
decision_type=2 2 2 2
left_child=1 3 -3 -1
right_child=-2 2 -4 -5
leaf_value=0.00073010643509950754 0.0028239514510477745 -0.00051781083516366149 0.0056647739969863152 -0.0024077335665834716
leaf_weight=746 150 231 162 700
leaf_count=746 150 231 162 700
internal_value=5.63612e-05 -0.000176425 0.00206988 -0.000791966
internal_weight=1989 1839 393 1446
internal_count=1989 1839 393 1446
is_linear=0
shrinkage=0.05


Tree=162
num_leaves=6
num_cat=0
split_feature=7 2 13 11 13
split_gain=0.512452 1.88734 1.32436 2.24033 1.56876
threshold=-0.71725410380533583 0.034266782494014311 0.047581007418036052 -0.56458786246281534 -0.070091179644547905
decision_type=2 2 8 2 10
left_child=1 -1 4 -4 -2
right_child=2 -3 3 -5 -6
leaf_value=0.0018922461176311578 0.00081750190114009906 -0.0054232005452260722 -0.0020401182584464553 0.004591473431332576 -0.0031362716194308932
leaf_weight=177 696 167 188 375 386
leaf_count=177 696 167 188 375 386
internal_value=5.48656e-05 -0.00168596 0.000422911 0.00237855 -0.000600932
internal_weight=1989 344 1645 563 1082
internal_count=1989 344 1645 563 1082
is_linear=0
shrinkage=0.05


Tree=163
num_leaves=4
num_cat=0
split_feature=8 8 12
split_gain=0.512595 2.09319 1.27518
threshold=0.18241940047687857 0.26871110920435176 -0.61080754150202399
decision_type=2 2 2
left_child=-1 -2 -3
right_child=1 2 -4
leaf_value=-0.0026387944415119696 0.0056680518185550522 0.0019642313007060988 -0.0010960690857185706
leaf_weight=157 160 469 1203
leaf_count=157 160 469 1203
internal_value=5.75416e-05 0.000295168 -0.000234351
internal_weight=1989 1832 1672
internal_count=1989 1832 1672
is_linear=0
shrinkage=0.05


Tree=164
num_leaves=4
num_cat=0
split_feature=9 11 13
split_gain=0.505806 0.951642 1.02496
threshold=-1.4924867071133083 0.96076906436096754 0.23546820797919424
decision_type=2 2 8
left_child=-1 2 -2
right_child=1 -3 -4
leaf_value=0.0027805864306724376 -0.00097663157657326 0.003424418034188137 0.0028879629875312456
leaf_weight=152 1486 162 189
leaf_count=152 1486 162 189
internal_value=5.64378e-05 -0.000175904 -0.00053327
internal_weight=1989 1837 1675
internal_count=1989 1837 1675
is_linear=0
shrinkage=0.05


Tree=165
num_leaves=6
num_cat=0
split_feature=2 9 12 13 2
split_gain=0.497149 2.02831 1.06925 3.35246 2.9988
threshold=0.012990381056766606 1.0000000180025095e-35 0.18437399408868618 -0.20182355492407078 0.048364167800446577
decision_type=2 2 2 10 2
left_child=1 -1 4 -4 -2
right_child=2 -3 3 -5 -6
leaf_value=-0.0051113362689648063 0.0010139918536190274 0.0025214401911944151 -0.0046690901919345194 0.0035692187576325074 -0.0053963420461863284
leaf_weight=187 671 155 152 579 245
leaf_count=187 671 155 152 579 245
internal_value=5.50669e-05 -0.00166555 0.000416313 0.00183611 -0.000720551
internal_weight=1989 342 1647 731 916
internal_count=1989 342 1647 731 916
is_linear=0
shrinkage=0.05


Tree=166
num_leaves=4
num_cat=0
split_feature=4 4 9
split_gain=0.516086 1.84366 1.27069
threshold=0.0086602540378444091 0.016747185015786498 1.0089430140922577
decision_type=2 2 2
left_child=-1 -2 -3
right_child=1 2 -4
leaf_value=0.0020796748421108694 -0.0042628332799081866 0.0011221814895972287 -0.0025567238856974532
leaf_weight=267 242 1193 287
leaf_count=267 242 1193 287
internal_value=5.54472e-05 -0.000263526 0.000402566
internal_weight=1989 1722 1480
internal_count=1989 1722 1480
is_linear=0
shrinkage=0.05


Tree=167
num_leaves=6
num_cat=0
split_feature=7 7 7 2 8
split_gain=0.529166 3.23775 2.15544 1.43612 1.192
threshold=0.25738702928303564 0.45324632971643725 0.064196066492499357 0.034266782494014311 0.6032733158886644
decision_type=2 2 2 2 2
left_child=2 -2 3 -1 -3
right_child=1 4 -4 -5 -6
leaf_value=0.0018983184494003717 0.0066152887371590911 -0.0025254443438467635 -0.0057671104331710778 -0.001822563377409724 0.0020832548956427953
leaf_weight=583 192 366 168 459 221
leaf_count=583 192 366 168 459 221
internal_value=5.51251e-05 0.00106771 -0.000598492 0.000258397 -0.000787372
internal_weight=1989 779 1210 1042 587
internal_count=1989 779 1210 1042 587
is_linear=0
shrinkage=0.05


Tree=168
num_leaves=6
num_cat=0
split_feature=7 2 13 11 13
split_gain=0.504193 1.68978 1.15192 2.0458 1.49658
threshold=-0.71725410380533583 0.034266782494014311 0.047581007418036052 -0.56458786246281534 -0.070091179644547905
decision_type=2 2 8 2 10
left_child=1 -1 4 -4 -2
right_child=2 -3 3 -5 -6
leaf_value=0.0017167018583187693 0.00085136604836787198 -0.0052062749348277615 -0.0019769212134529888 0.0043598324071775245 -0.0030102203797806259
leaf_weight=177 696 167 188 375 386
leaf_count=177 696 167 188 375 386
internal_value=5.61496e-05 -0.0016706 0.000421213 0.00224505 -0.000533752
internal_weight=1989 344 1645 563 1082
internal_count=1989 344 1645 563 1082
is_linear=0
shrinkage=0.05


Tree=169
num_leaves=7
num_cat=0
split_feature=2 2 1 2 2 8
split_gain=0.504315 1.92133 1.53619 1.37087 1.99949 1.92521
threshold=0.025083057392117931 0.020615528128088333 -0.57735026918962495 0.034910600109422353 0.041503001010622917 0.45685015770018517
decision_type=2 2 2 2 2 2
left_child=1 2 -1 5 -5 -2
right_child=3 -3 -4 4 -6 -7
leaf_value=0.003923169486955101 -0.0011304214479600859 -0.0055868628615179678 -0.0014251106810867409 -0.0044598230427451068 0.0010047281684272202 0.0060613708214267443
leaf_weight=199 154 168 388 222 633 225
leaf_count=199 154 168 388 222 633 225
internal_value=5.85486e-05 -0.000955617 0.000405841 0.0006804 -0.000431818 0.00316244
internal_weight=1989 755 587 1234 855 379
internal_count=1989 755 587 1234 855 379
is_linear=0
shrinkage=0.05


Tree=170
num_leaves=5
num_cat=0
split_feature=12 3 8 3
split_gain=0.505578 0.915992 1.66143 1.63488
threshold=0.96301262024156375 -0.99954149463074671 0.37625351183388372 -0.57735026918962584
decision_type=2 2 2 2
left_child=1 2 -1 -3
right_child=-2 3 -4 -5
leaf_value=0.0028310167483024062 -0.0024702573034705386 0.0048708591614314151 -0.0033846777471803167 0.00019854957939509485
leaf_weight=150 175 221 349 1094
leaf_count=150 175 221 349 1094
internal_value=5.76758e-05 0.00030767 -0.00150668 0.000999258
internal_weight=1989 1814 499 1315
internal_count=1989 1814 499 1315
is_linear=0
shrinkage=0.05


Tree=171
num_leaves=6
num_cat=0
split_feature=7 7 7 4 8
split_gain=0.493643 3.0149 1.97005 1.2903 1.09037
threshold=0.25738702928303564 0.45324632971643725 0.064196066492499357 0.05645080530855489 0.6032733158886644
decision_type=2 2 2 2 2
left_child=2 -2 3 -1 -3
right_child=1 4 -4 -5 -6
leaf_value=-0.00049100953671956369 0.0063869207738165932 -0.002418769472291206 -0.0055169763942545212 0.0044235144629125381 0.0019891086372390257
leaf_weight=890 192 366 168 152 221
leaf_count=890 192 366 168 152 221
internal_value=5.56669e-05 0.00103367 -0.000575637 0.00024359 -0.000756461
internal_weight=1989 779 1210 1042 587
internal_count=1989 779 1210 1042 587
is_linear=0
shrinkage=0.05


Tree=172
num_leaves=6
num_cat=0
split_feature=2 9 12 2 11
split_gain=0.482935 1.90011 1.00328 2.61265 2.3889
threshold=0.012990381056766606 1.0000000180025095e-35 0.010907723191000302 0.048364167800446577 0.53726744082859212
decision_type=2 2 2 2 2
left_child=1 -1 3 -2 -4
right_child=2 -3 4 -5 -6
leaf_value=-0.0049746633736504012 0.00091635625555293136 0.0024133114889264111 -0.00011982491300298289 -0.0053515379213849492 0.0057245361454784875
leaf_weight=187 596 155 581 225 245
leaf_count=187 596 155 581 225 245
internal_value=5.60619e-05 -0.00163979 0.000412102 -0.000823394 0.00163769
internal_weight=1989 342 1647 821 826
internal_count=1989 342 1647 821 826
is_linear=0
shrinkage=0.05


Tree=173
num_leaves=4
num_cat=0
split_feature=4 4 9
split_gain=0.496403 1.76939 1.17828
threshold=0.0086602540378444091 0.016747185015786498 1.2954401233845834
decision_type=2 2 2
left_child=-1 -2 -3
right_child=1 2 -4
leaf_value=0.0020441799002583138 -0.0041718353992441165 0.00089183028437601767 -0.0036013348073494142
leaf_weight=267 242 1321 159
leaf_count=267 242 1321 159
internal_value=5.89376e-05 -0.000253906 0.000398618
internal_weight=1989 1722 1480
internal_count=1989 1722 1480
is_linear=0
shrinkage=0.05


Tree=174
num_leaves=4
num_cat=0
split_feature=9 11 13
split_gain=0.483598 0.846522 0.944509
threshold=-1.4924867071133083 0.96076906436096754 0.23546820797919424
decision_type=2 2 8
left_child=-1 2 -2
right_child=1 -3 -4
leaf_value=0.0027223102736530034 -0.00093121488860013171 0.0032271163130993259 0.0027785843406256637
leaf_weight=152 1486 162 189
leaf_count=152 1486 162 189
internal_value=5.86435e-05 -0.000168549 -0.000505593
internal_weight=1989 1837 1675
internal_count=1989 1837 1675
is_linear=0
shrinkage=0.05


Tree=175
num_leaves=6
num_cat=0
split_feature=7 2 13 1 13
split_gain=0.497245 1.5756 1.01121 2.10298 1.38972
threshold=-0.71725410380533583 0.034266782494014311 0.047581007418036052 -0.08033745069662479 -0.070091179644547905
decision_type=2 2 8 2 10
left_child=1 -1 4 -4 -2
right_child=2 -3 3 -5 -6
leaf_value=0.0016142404525653347 0.00085951849717258899 -0.0050713440863588873 -0.00059866034688550664 0.005511863801654018 -0.0028615515259906767
leaf_weight=177 696 167 314 249 386
leaf_count=177 696 167 314 249 386
internal_value=5.72804e-05 -0.00165753 0.000419816 0.00212859 -0.000475018
internal_weight=1989 344 1645 563 1082
internal_count=1989 344 1645 563 1082
is_linear=0
shrinkage=0.05


Tree=176
num_leaves=4
num_cat=0
split_feature=8 8 12
split_gain=0.469694 1.92734 1.26713
threshold=0.18241940047687857 0.26871110920435176 -0.61080754150202399
decision_type=2 2 2
left_child=-1 -2 -3
right_child=1 2 -4
leaf_value=-0.002518362791656896 0.0054457652328931024 0.0019735896252567257 -0.0010770206740557753
leaf_weight=157 160 469 1203
leaf_count=157 160 469 1203
internal_value=6.26966e-05 0.000290142 -0.000217984
internal_weight=1989 1832 1672
internal_count=1989 1832 1672
is_linear=0
shrinkage=0.05


Tree=177
num_leaves=6
num_cat=0
split_feature=7 7 7 8 3
split_gain=0.463814 2.80171 1.80016 1.25987 1.06071
threshold=0.25738702928303564 0.45324632971643725 0.064196066492499357 0.25668902704758029 -0.30151134457776513
decision_type=2 2 2 2 2
left_child=2 -2 3 -1 -3
right_child=1 4 -4 -5 -6
leaf_value=0.00430214396816742 0.0061698481780925983 -0.0033645418912043308 -0.0052740307664767856 -0.00050411052493886516 0.00096475369821155004
leaf_weight=156 192 226 168 886 361
leaf_count=156 192 226 168 886 361
internal_value=6.13973e-05 0.00100938 -0.000550555 0.000232553 -0.000716401
internal_weight=1989 779 1210 1042 587
internal_count=1989 779 1210 1042 587
is_linear=0
shrinkage=0.05


Tree=178
num_leaves=4
num_cat=0
split_feature=1 1 6
split_gain=0.481892 1.92846 1.27013
threshold=-1.5779860077445078 -1.3118610040219589 5.0930742953329977
decision_type=2 2 2
left_child=-1 -2 -3
right_child=1 2 -4
leaf_value=0.0025239166888557582 -0.0052032765970064726 0.0015707453584362721 -0.0012204621169726369
leaf_weight=176 168 923 722
leaf_count=176 168 923 722
internal_value=6.371e-05 -0.000181403 0.000345682
internal_weight=1989 1813 1645
internal_count=1989 1813 1645
is_linear=0
shrinkage=0.05


Tree=179
num_leaves=4
num_cat=0
split_feature=8 8 12
split_gain=0.470012 1.72444 1.18053
threshold=0.18241940047687857 0.26871110920435176 -0.61080754150202399
decision_type=2 2 2
left_child=-1 -2 -3
right_child=1 2 -4
leaf_value=-0.002520295849391892 0.0051658455141340249 0.0019237710976430886 -0.0010207310261510141
leaf_weight=157 160 469 1203
leaf_count=157 160 469 1203
internal_value=6.16354e-05 0.000289161 -0.000191518
internal_weight=1989 1832 1672
internal_count=1989 1832 1672
is_linear=0
shrinkage=0.05


Tree=180
num_leaves=7
num_cat=0
split_feature=2 2 2 2 9 8
split_gain=0.479146 1.83196 1.44925 1.21441 1.90819 1.83761
threshold=0.025083057392117931 0.020615528128088333 0.016583123951776999 0.034910600109422353 -1.0900431441328433 0.45685015770018517
decision_type=2 2 2 2 2 2
left_child=1 2 -1 5 -5 -2
right_child=3 -3 -4 4 -6 -7
leaf_value=-0.0010803837828223587 -0.0011893439100785826 -0.0054505862653621536 0.0045045150544117145 -0.0053657839798433764 0.00072754562101037497 0.0058349376754916237
leaf_weight=434 154 168 153 152 703 225
leaf_count=434 154 168 153 152 703 225
internal_value=6.02195e-05 -0.000928324 0.000401056 0.000666347 -0.000380611 0.00300242
internal_weight=1989 755 587 1234 855 379
internal_count=1989 755 587 1234 855 379
is_linear=0
shrinkage=0.05


Tree=181
num_leaves=6
num_cat=0
split_feature=9 6 7 7 12
split_gain=0.487904 2.43851 1.337 2.26694 1.35008
threshold=-0.83248564881174847 4.9984951522358987 0.25738702928303564 0.45324632971643725 0.30070498528042044
decision_type=2 2 2 2 2
left_child=1 -1 4 -4 -2
right_child=2 -3 3 -5 -6
leaf_value=0.0049589971471577891 -0.00020262958510261928 -0.0017953135021444824 0.0057864706310389383 -0.00051385568512076006 -0.004687972693440361
leaf_weight=245 422 283 184 581 274
leaf_count=245 422 283 184 581 274
internal_value=6.05593e-05 0.00135591 -0.000410603 0.00102925 -0.00198925
internal_weight=1989 528 1461 765 696
internal_count=1989 528 1461 765 696
is_linear=0
shrinkage=0.05


Tree=182
num_leaves=4
num_cat=0
split_feature=9 11 6
split_gain=0.470214 0.79788 1.05727
threshold=-1.4924867071133083 0.96076906436096754 4.8036521166674087
decision_type=2 2 2
left_child=-1 2 -2
right_child=1 -3 -4
leaf_value=0.0026866603441014414 -0.0022097629246187129 0.0031327456113196422 0.00042270185530767678
leaf_weight=152 579 162 1096
leaf_count=152 579 162 1096
internal_value=6.0114e-05 -0.000163919 -0.000491135
internal_weight=1989 1837 1675
internal_count=1989 1837 1675
is_linear=0
shrinkage=0.05


Tree=183
num_leaves=4
num_cat=0
split_feature=4 4 9
split_gain=0.468111 1.89675 1.13297
threshold=0.010897247358851676 0.016747185015786498 1.0089430140922577
decision_type=2 2 2
left_child=-1 -2 -3
right_child=1 2 -4
leaf_value=0.0018972292607176606 -0.0045483227463721833 0.0010671433352496791 -0.0024066943113934505
leaf_weight=290 219 1193 287
leaf_count=290 219 1193 287
internal_value=5.8446e-05 -0.000260059 0.000387665
internal_weight=1989 1699 1480
internal_count=1989 1699 1480
is_linear=0
shrinkage=0.05


Tree=184
num_leaves=5
num_cat=0
split_feature=1 11 1 3
split_gain=0.454583 1.0299 2.21127 1.66584
threshold=1.6047387942842388 -0.043619269256720571 0.57735026918962618 -0.95492273608380662
decision_type=2 2 2 2
left_child=1 3 -3 -1
right_child=-2 2 -4 -5
leaf_value=-0.0020132368876111528 0.0026582054938039477 0.00032730541210044032 -0.0048906515004357911 0.0025241764540958212
leaf_weight=297 150 640 292 610
leaf_count=297 150 640 292 610
internal_value=5.76637e-05 -0.000161085 -0.00132488 0.00103549
internal_weight=1989 1839 932 907
internal_count=1989 1839 932 907
is_linear=0
shrinkage=0.05


Tree=185
num_leaves=6
num_cat=0
split_feature=12 4 9 4 9
split_gain=0.449814 1.97059 2.66311 1.85848 3.04442
threshold=0.18437399408868618 0.047302035281404371 0.90477817536239646 0.051204238777972401 1.0089430140922577
decision_type=2 2 2 2 2
left_child=3 2 -2 4 -1
right_child=1 -3 -4 -5 -6
leaf_value=0.0018715997003175601 -0.0019666084868682396 0.0053664473092926608 0.0053732301875855197 -0.0051309354388938541 -0.0049782773639474595
leaf_weight=708 550 188 154 184 205
leaf_count=708 550 188 154 184 205
internal_value=5.91102e-05 0.000890301 -0.000334449 -0.000617726 0.000314828
internal_weight=1989 892 704 1097 913
internal_count=1989 892 704 1097 913
is_linear=0
shrinkage=0.05


Tree=186
num_leaves=5
num_cat=0
split_feature=12 12 2 2
split_gain=0.460396 0.875887 3.19343 2.37965
threshold=0.96301262024156375 0.18437399408868618 0.041503001010622917 0.048364167800446577
decision_type=2 2 2 2
left_child=1 3 -3 -1
right_child=-2 2 -4 -5
leaf_value=0.00066266303274524051 -0.0023554067789680428 -0.00070568080876291415 0.0063323982848885879 -0.0048823668040335185
leaf_weight=852 175 480 237 245
leaf_count=852 175 480 237 245
internal_value=5.6932e-05 0.00029549 0.00164846 -0.000592277
internal_weight=1989 1814 717 1097
internal_count=1989 1814 717 1097
is_linear=0
shrinkage=0.05


Tree=187
num_leaves=4
num_cat=0
split_feature=7 7 9
split_gain=0.45501 1.35818 1.44322
threshold=0.8668556833555755 0.69913466693274706 0.60329304214781232
decision_type=2 2 2
left_child=1 2 -1
right_child=-2 -3 -4
leaf_value=-0.00041704378327364752 0.002622334696586777 -0.0039103923591776437 0.0032967331525883912
leaf_weight=1304 154 209 322
leaf_count=1304 154 209 322
internal_value=5.62932e-05 -0.000165599 0.000326255
internal_weight=1989 1835 1626
internal_count=1989 1835 1626
is_linear=0
shrinkage=0.05


Tree=188
num_leaves=6
num_cat=0
split_feature=2 9 12 13 2
split_gain=0.447884 1.75743 0.937416 3.09618 2.21611
threshold=0.012990381056766606 1.0000000180025095e-35 0.18437399408868618 -0.20182355492407078 0.048364167800446577
decision_type=2 2 2 10 2
left_child=1 -1 4 -4 -2
right_child=2 -3 3 -5 -6
leaf_value=-0.0047862785323862537 0.00082385213418792078 0.0023189188772812486 -0.0045247646131712921 0.0033920605151040147 -0.0046869517289102073
leaf_weight=187 671 155 152 579 245
leaf_count=187 671 155 152 579 245
internal_value=5.40737e-05 -0.00157907 0.00039695 0.00172633 -0.00066755
internal_weight=1989 342 1647 731 916
internal_count=1989 342 1647 731 916
is_linear=0
shrinkage=0.05


Tree=189
num_leaves=4
num_cat=0
split_feature=4 4 0
split_gain=0.459405 1.52721 1.05501
threshold=0.0086602540378444091 0.016747185015786498 0.60750000000000004
decision_type=2 2 2
left_child=-1 -2 -3
right_child=1 2 -4
leaf_value=0.0019640423369684658 -0.0038866721904320029 0.0011134902613415998 -0.0019862795325596471
leaf_weight=267 242 1122 358
leaf_count=267 242 1122 358
internal_value=5.42104e-05 -0.000246742 0.000359518
internal_weight=1989 1722 1480
internal_count=1989 1722 1480
is_linear=0
shrinkage=0.05


Tree=190
num_leaves=6
num_cat=0
split_feature=5 6 7 6 6
split_gain=0.456349 1.53659 1.6901 1.06635 1.42038
threshold=-0.060000000000000019 5.5885953926435077 -0.69728646968355279 5.2955384936997616 4.8036521166674087
decision_type=2 2 2 2 2
left_child=3 2 -2 4 -1
right_child=1 -3 -4 -5 -6
leaf_value=-0.0030859918219427913 -0.0042911663917558534 0.004310123077823442 0.0006053949250898284 -0.0045792618417895281 0.0035142789510901763
leaf_weight=150 205 218 1091 158 167
leaf_count=150 205 218 1091 158 167
internal_value=5.17718e-05 0.000476317 -0.000182653 -0.00129228 0.0003917
internal_weight=1989 1514 1296 475 317
internal_count=1989 1514 1296 475 317
is_linear=0
shrinkage=0.05


Tree=191
num_leaves=6
num_cat=0
split_feature=9 6 7 7 1
split_gain=0.457907 2.34248 1.28328 2.02159 1.59066
threshold=-0.83248564881174847 4.9984951522358987 0.25738702928303564 0.45324632971643725 0.57735026918961685
decision_type=2 2 2 2 2
left_child=1 -1 4 -4 -2
right_child=2 -3 3 -5 -6
leaf_value=0.0048411896914243701 -0.00043366381029441656 -0.001778647050701289 0.0055012722396188315 -0.00044855599580872997 -0.0057052764856251915
leaf_weight=245 500 283 184 581 196
leaf_count=245 500 283 184 581 196
internal_value=5.47507e-05 0.00130966 -0.000401688 0.00100894 -0.0019483
internal_weight=1989 528 1461 765 696
internal_count=1989 528 1461 765 696
is_linear=0
shrinkage=0.05


Tree=192
num_leaves=7
num_cat=0
split_feature=2 2 12 0 9 12
split_gain=0.458532 1.87326 1.98499 1.53996 1.59488 1.49643
threshold=0.027928388277184121 0.033192400141772646 0.18437399408868618 0.5375000000000002 0.7264321527116232 0.089582399966472617
decision_type=2 2 2 2 2 2
left_child=3 -2 -3 4 -1 -5
right_child=1 2 -4 5 -6 -7
leaf_value=-0.0010014077696762055 0.0050582342452424418 -0.0024084041426071854 0.002242211059688829 -7.8952378487285186e-05 0.004694427753467176 -0.0069977202732115981
leaf_weight=398 199 487 425 153 172 155
leaf_count=398 199 487 425 153 172 155
internal_value=5.33262e-05 0.000726788 -0.000240768 -0.000798146 0.000743211 -0.00361696
internal_weight=1989 1111 912 878 570 308
internal_count=1989 1111 912 878 570 308
is_linear=0
shrinkage=0.05


Tree=193
num_leaves=5
num_cat=0
split_feature=12 3 8 3
split_gain=0.457 0.809559 1.46284 1.44531
threshold=0.96301262024156375 -0.99954149463074671 0.37625351183388372 -0.57735026918962584
decision_type=2 2 2 2
left_child=1 2 -1 -3
right_child=-2 3 -4 -5
leaf_value=0.0026578767838016633 -0.002347699147067033 0.0045837914501110797 -0.0031745022303545801 0.00019068227283439656
leaf_weight=150 175 221 349 1094
leaf_count=150 175 221 349 1094
internal_value=5.57211e-05 0.0002934 -0.00141231 0.000943558
internal_weight=1989 1814 499 1315
internal_count=1989 1814 499 1315
is_linear=0
shrinkage=0.05


Tree=194
num_leaves=5
num_cat=0
split_feature=1 6 5 7
split_gain=0.455843 1.02371 1.3278 1.16319
threshold=1.6047387942842388 5.4763798524139071 -0.0099999999999999794 0.69913466693274706
decision_type=2 2 2 2
left_child=1 3 -3 -1
right_child=-2 2 -4 -5
leaf_value=-0.00015184428330875118 0.0026577925489794825 -0.00069089416652847249 0.00507400812736402 -0.0039691686224987317
leaf_weight=1212 150 206 187 234
leaf_count=1212 150 206 187 234
internal_value=5.36424e-05 -0.000165399 0.00208148 -0.000781134
internal_weight=1989 1839 393 1446
internal_count=1989 1839 393 1446
is_linear=0
shrinkage=0.05


Tree=195
num_leaves=7
num_cat=0
split_feature=11 5 8 11 6 3
split_gain=0.455974 1.96102 2.24346 1.59768 1.87256 1.64131
threshold=0.59130804726902164 0.022500000000000023 0.49680009290894767 -0.043619269256720571 4.7490538453971949 1.2826185614972889
decision_type=2 2 2 2 2 2
left_child=3 2 -2 5 -5 -1
right_child=1 -3 -4 4 -6 -7
leaf_value=0.0016234672910589256 -0.0043941761290144949 0.0050331862842620811 0.003233924888516382 -0.007240293933923201 -0.00041433515360266189 -0.0037298234843317121
leaf_weight=806 207 210 172 156 269 169
leaf_count=806 207 210 172 156 269 169
internal_value=5.58686e-05 0.00121713 -0.000935314 -0.000435283 -0.00297492 0.000681268
internal_weight=1989 589 379 1400 425 975
internal_count=1989 589 379 1400 425 975
is_linear=0
shrinkage=0.05


Tree=196
num_leaves=4
num_cat=0
split_feature=1 1 6
split_gain=0.443945 1.7372 1.22895
threshold=-1.5779860077445078 -1.3118610040219589 5.0930742953329977
decision_type=2 2 2
left_child=-1 -2 -3
right_child=1 2 -4
leaf_value=0.0024181744557141599 -0.0049447716660582265 0.0015269236103230125 -0.0012186346335581247
leaf_weight=176 168 923 722
leaf_count=176 168 923 722
internal_value=5.68113e-05 -0.000178442 0.000321841
internal_weight=1989 1813 1645
internal_count=1989 1813 1645
is_linear=0
shrinkage=0.05


Tree=197
num_leaves=4
num_cat=0
split_feature=4 4 9
split_gain=0.438268 1.62834 1.00766
threshold=0.010897247358851676 0.016747185015786498 1.0089430140922577
decision_type=2 2 2
left_child=-1 -2 -3
right_child=1 2 -4
leaf_value=0.0018343925017713554 -0.0042262538049336789 0.00098804211856576567 -0.0022880134262042505
leaf_weight=290 219 1193 287
leaf_count=290 219 1193 287
internal_value=5.51853e-05 -0.000252997 0.000347188
internal_weight=1989 1699 1480
internal_count=1989 1699 1480
is_linear=0
shrinkage=0.05


Tree=198
num_leaves=4
num_cat=0
split_feature=7 7 7
split_gain=0.459145 1.19026 1.01527
threshold=0.8668556833555755 0.73095768008255957 0.25738702928303564
decision_type=2 2 2
left_child=1 2 -1
right_child=-2 -3 -4
leaf_value=-0.00051718219898165866 0.0026319086575095759 -0.004103861183955752 0.0022388433661804799
leaf_weight=1210 154 169 456
leaf_count=1210 154 169 456
internal_value=5.42287e-05 -0.000168664 0.00024161
internal_weight=1989 1835 1666
internal_count=1989 1835 1666
is_linear=0
shrinkage=0.05


Tree=199
num_leaves=5
num_cat=0
split_feature=1 6 13 6
split_gain=0.434547 0.9714 1.27228 1.12559
threshold=1.6047387942842388 5.4763798524139071 -0.070091179644547905 5.2955384936997616
decision_type=2 2 10 2
left_child=1 3 -3 -1
right_child=-2 2 -4 -5
leaf_value=-0.00021625336983883636 0.0025952874196152535 0.0053699153755982247 -0.00035628441619030537 -0.0043271768210009524
leaf_weight=1259 150 161 232 187
leaf_count=1259 150 161 232 187
internal_value=5.2695e-05 -0.000161169 0.00202755 -0.000760966
internal_weight=1989 1839 393 1446
internal_count=1989 1839 393 1446
is_linear=0
shrinkage=0.05


Tree=200
num_leaves=5
num_cat=0
split_feature=9 11 1 5
split_gain=0.43221 0.769202 2.37 2.07324
threshold=-1.4924867071133083 0.59130804726902164 1.4158389275085035 0.022500000000000023
decision_type=2 2 2 2
left_child=-1 2 -2 -3
right_child=1 3 -4 -5
leaf_value=0.0025735781249252095 -1.8115733625905601e-05 -0.00087082520451096457 -0.0064873656717899415 0.0054554104638188635
leaf_weight=152 1123 361 157 196
leaf_count=152 1123 361 157 196
internal_value=5.54059e-05 -0.000159377 -0.000833765 0.00138401
internal_weight=1989 1837 1280 557
internal_count=1989 1837 1280 557
is_linear=0
shrinkage=0.05


Tree=201
num_leaves=5
num_cat=0
split_feature=1 11 1 1
split_gain=0.430401 0.913051 2.07248 1.59042
threshold=1.6047387942842388 -0.043619269256720571 0.57735026918962618 -0.023734946983507258
decision_type=2 2 2 2
left_child=1 3 -3 -1
right_child=-2 2 -4 -5
leaf_value=-0.0010095599038993043 0.0025873503401394812 0.00034757064332348087 -0.0047037973391638463 0.0031634381623409716
leaf_weight=478 150 640 292 429
leaf_count=478 150 640 292 429
internal_value=5.69254e-05 -0.000155927 -0.0012517 0.00097074
internal_weight=1989 1839 932 907
internal_count=1989 1839 932 907
is_linear=0
shrinkage=0.05


Tree=202
num_leaves=6
num_cat=0
split_feature=2 2 12 13 8
split_gain=0.420528 1.74939 1.88382 1.51934 4.03297
threshold=0.027928388277184121 0.033192400141772646 0.18437399408868618 -0.16940148632036278 0.4008160706708257
decision_type=2 2 2 10 2
left_child=3 -2 -3 -1 -5
right_child=1 2 -4 4 -6
leaf_value=0.0032543238591064109 0.004890418689990161 -0.0023420978475710364 0.002188453675615926 0.0028995697759764292 -0.0048463010369194344
leaf_weight=182 199 487 425 272 424
leaf_count=182 199 487 425 272 424
internal_value=5.97014e-05 0.000704631 -0.0002304 -0.000755746 -0.00182009
internal_weight=1989 1111 912 878 696
internal_count=1989 1111 912 878 696
is_linear=0
shrinkage=0.05


Tree=203
num_leaves=4
num_cat=0
split_feature=8 8 12
split_gain=0.448559 1.50762 1.27349
threshold=0.18241940047687857 0.26871110920435176 -0.61080754150202399
decision_type=2 2 2
left_child=-1 -2 -3
right_child=1 2 -4
leaf_value=-0.0024578989032935494 0.0048464863826379635 0.0020340670611442143 -0.0010241388473880442
leaf_weight=157 160 469 1203
leaf_count=157 160 469 1203
internal_value=6.44326e-05 0.000286695 -0.000162798
internal_weight=1989 1832 1672
internal_count=1989 1832 1672
is_linear=0
shrinkage=0.05


Tree=204
num_leaves=7
num_cat=0
split_feature=11 5 8 6 9 6
split_gain=0.443068 1.76448 2.12005 1.5105 2.87974 2.26268
threshold=0.59130804726902164 0.022500000000000023 0.49680009290894767 4.8036521166674087 -0.40683565966777196 4.9691183217244719
decision_type=2 2 2 2 2 2
left_child=3 2 -2 4 -1 -5
right_child=1 -3 -4 5 -6 -7
leaf_value=0.0022660037278231372 -0.0041978506798601165 0.0048271883123142782 0.0032170233411430299 0.0060720642669970949 -0.0061884392840931054 -0.00040412668546405703
leaf_weight=161 207 210 172 156 255 828
leaf_count=161 207 210 172 156 255 828
internal_value=6.29095e-05 0.0012076 -0.000834717 -0.000421262 -0.00292836 0.000648094
internal_weight=1989 589 379 1400 416 984
internal_count=1989 589 379 1400 416 984
is_linear=0
shrinkage=0.05


Tree=205
num_leaves=4
num_cat=0
split_feature=4 4 1
split_gain=0.429214 1.46783 1.01282
threshold=0.010897247358851676 0.016747185015786498 -1.5690393005067096
decision_type=2 2 2
left_child=-1 -2 -3
right_child=1 2 -4
leaf_value=0.0018276328993053572 -0.0040104421493846795 0.0041027061720290839 -0.00011998157252737404
leaf_weight=290 219 154 1326
leaf_count=290 219 154 1326
internal_value=6.69245e-05 -0.000238089 0.000331741
internal_weight=1989 1699 1480
internal_count=1989 1699 1480
is_linear=0
shrinkage=0.05


Tree=206
num_leaves=6
num_cat=0
split_feature=5 6 7 6 6
split_gain=0.43244 1.29663 1.57493 0.920842 1.26608
threshold=-0.060000000000000019 5.5885953926435077 -0.69728646968355279 5.2955384936997616 4.8036521166674087
decision_type=2 2 2 2 2
left_child=3 2 -2 4 -1
right_child=1 -3 -4 -5 -6
leaf_value=-0.0029619742437235769 -0.0040949885706816408 0.0039984212662072458 0.00063175424398222461 -0.0042993571712104097 0.0032693348445951248
leaf_weight=150 205 218 1091 158 167
leaf_count=150 205 218 1091 158 167
internal_value=6.3454e-05 0.000476697 -0.000128782 -0.00124495 0.000320558
internal_weight=1989 1514 1296 475 317
internal_count=1989 1514 1296 475 317
is_linear=0
shrinkage=0.05


Tree=207
num_leaves=4
num_cat=0
split_feature=13 7 8
split_gain=0.424346 1.05251 1.13734
threshold=0.23546820797919424 -0.72426493251417456 0.47398773030689062
decision_type=10 2 2
left_child=1 -1 -3
right_child=-2 2 -4
leaf_value=-0.0034105966477231547 0.0023330036794796667 -0.0010987828921286329 0.0015672928067357783
leaf_weight=215 182 770 822
leaf_count=215 182 770 822
internal_value=6.54638e-05 -0.000168729 0.000278393
internal_weight=1989 1807 1592
internal_count=1989 1807 1592
is_linear=0
shrinkage=0.05


Tree=208
num_leaves=5
num_cat=0
split_feature=9 6 13 12
split_gain=0.436201 2.1814 1.188 1.26175
threshold=-0.83248564881174847 4.9984951522358987 0.14764178444099194 0.79335119212111571
decision_type=2 2 10 2
left_child=1 -1 3 -2
right_child=2 -3 -4 -5
leaf_value=0.0046967796981334693 0.00098676288947647443 -0.0016915919951214975 -0.0040369198327025136 -0.0028444699659916292
leaf_weight=245 1005 283 188 268
leaf_count=245 1005 283 188 268
internal_value=6.41831e-05 0.00128896 -0.000381334 0.000172215
internal_weight=1989 528 1461 1273
internal_count=1989 528 1461 1273
is_linear=0
shrinkage=0.05


Tree=209
num_leaves=6
num_cat=0
split_feature=8 8 1 8 4
split_gain=0.417724 2.60789 1.21212 1.38377 1.17952
threshold=0.5572050903531317 0.5030946977499805 -0.84536373328492953 0.62366556901453551 0.040465740382336281
decision_type=2 2 2 2 2
left_child=1 4 -2 -4 -1
right_child=2 -3 3 -5 -6
leaf_value=-0.0014198539627001266 0.0018435769086710481 0.0059072093978148367 -0.0056360661673049133 -0.00024031537977404566 0.002332327769320343
leaf_weight=743 268 192 187 313 286
leaf_count=743 268 192 187 313 286
internal_value=6.27524e-05 0.000636523 -0.000847669 -0.00229415 -0.000370738
internal_weight=1989 1221 768 500 1029
internal_count=1989 1221 768 500 1029
is_linear=0
shrinkage=0.05


Tree=210
num_leaves=6
num_cat=0
split_feature=5 6 2 6 2
split_gain=0.435582 1.21841 1.50576 0.83476 1.19211
threshold=-0.060000000000000019 5.5885953926435077 0.028624724991100855 5.2955384936997616 0.049662605934921465
decision_type=2 2 2 2 2
left_child=3 2 -2 4 -1
right_child=1 -3 -4 -5 -6
leaf_value=0.0031365748136030405 -0.0015099489358720635 0.0038890752807727311 0.0019495737527243117 -0.0041606536757863742 -0.002906363153723395
leaf_weight=165 773 218 523 158 152
leaf_count=165 773 218 523 158 152
internal_value=6.04968e-05 0.000475246 -0.000111734 -0.00125264 0.000238878
internal_weight=1989 1514 1296 475 317
internal_count=1989 1514 1296 475 317
is_linear=0
shrinkage=0.05


Tree=211
num_leaves=4
num_cat=0
split_feature=4 4 0
split_gain=0.424579 1.31786 0.991283
threshold=0.010897247358851676 0.016393596310755008 0.59750000000000003
decision_type=2 2 2
left_child=-1 -2 -3
right_child=1 2 -4
leaf_value=0.0018150393849917512 -0.0040745594122475297 0.0010466837765354859 -0.0018231576344601198
leaf_weight=290 193 1097 409
leaf_count=290 193 1097 409
internal_value=6.38576e-05 -0.000239498 0.000263837
internal_weight=1989 1699 1506
internal_count=1989 1699 1506
is_linear=0
shrinkage=0.05


Tree=212
num_leaves=6
num_cat=0
split_feature=5 5 6 6 6
split_gain=0.422957 1.18666 2.75799 0.767681 1.17163
threshold=-0.060000000000000019 -0.027499999999999965 4.4559725588872325 5.2955384936997616 4.8036521166674087
decision_type=2 2 2 2 2
left_child=3 -2 -3 4 -1
right_child=1 2 -4 -5 -6
leaf_value=-0.0029589393909179394 0.0033958163327068511 0.0047742582506320463 -0.001309214156624606 -0.0040225688488068397 0.0030351470105436651
leaf_weight=150 277 223 1014 158 167
leaf_count=150 277 223 1014 158 167
internal_value=6.00766e-05 0.00046877 -0.000197712 -0.00123389 0.000196924
internal_weight=1989 1514 1237 475 317
internal_count=1989 1514 1237 475 317
is_linear=0
shrinkage=0.05


Tree=213
num_leaves=4
num_cat=0
split_feature=13 12 5
split_gain=0.415138 0.865577 1.19302
threshold=0.23546820797919424 -0.93114865614708531 -0.072499999999999995
decision_type=10 2 2
left_child=1 -1 -3
right_child=-2 2 -4
leaf_value=0.0030306447770387409 0.0023016074372276189 -0.0032492122929821798 0.00013258327876432147
leaf_weight=184 182 321 1302
leaf_count=184 182 321 1302
internal_value=5.87942e-05 -0.000172828 -0.0005442
internal_weight=1989 1807 1623
internal_count=1989 1807 1623
is_linear=0
shrinkage=0.05


Tree=214
num_leaves=4
num_cat=0
split_feature=2 9 7
split_gain=0.410916 0.925143 1.2055
threshold=0.0070710678118654927 1.3044925814055126 0.25738702928303564
decision_type=2 2 2
left_child=-1 2 -2
right_child=1 -3 -4
leaf_value=-0.0023471578272870899 -0.00029179437551647426 -0.0028522657048666764 0.0025849632160860475
leaf_weight=158 1083 205 543
leaf_count=158 1083 205 543
internal_value=5.89393e-05 0.000272392 0.000673873
internal_weight=1989 1831 1626
internal_count=1989 1831 1626
is_linear=0
shrinkage=0.05


Tree=215
num_leaves=7
num_cat=0
split_feature=11 8 12 11 1 3
split_gain=0.415248 1.7344 2.96053 1.43723 1.76854 1.54841
threshold=0.59130804726902164 0.3896317813756886 0.17132013439805233 -0.043619269256720571 0.25709682053740773 1.2826185614972889
decision_type=2 2 2 2 2 2
left_child=3 -2 -3 5 -5 -1
right_child=1 2 -4 4 -6 -7
leaf_value=0.0015637956832968499 0.0049741950871518836 -0.004314845851368169 0.0043710580352180738 -0.00025892876811436753 -0.0068433475663918948 -0.0036357288848308995
leaf_weight=806 194 233 162 263 162 169
leaf_count=806 194 233 162 263 162 169
internal_value=5.83188e-05 0.0011665 -0.000742417 -0.000410399 -0.00281914 0.000648593
internal_weight=1989 589 395 1400 425 975
internal_count=1989 589 395 1400 425 975
is_linear=0
shrinkage=0.05


Tree=216
num_leaves=5
num_cat=0
split_feature=1 6 1 6
split_gain=0.432054 0.904146 1.12685 0.978577
threshold=1.6047387942842388 5.4763798524139071 1.0000000180025095e-35 5.1088503251600352
decision_type=2 2 2 2
left_child=1 3 -3 -1
right_child=-2 2 -4 -5
leaf_value=9.4497956469939112e-05 0.0025933918573202625 -0.00029937018190463217 0.0050857309252023697 -0.0027682413022211264
leaf_weight=1031 150 231 162 415
leaf_count=1031 150 231 162 415
internal_value=5.81143e-05 -0.00015515 0.00195645 -0.000733812
internal_weight=1989 1839 393 1446
internal_count=1989 1839 393 1446
is_linear=0
shrinkage=0.05


Tree=217
num_leaves=6
num_cat=0
split_feature=2 2 12 2 13
split_gain=0.409746 2.34678 1.89633 1.85332 1.28283
threshold=0.041503001010622917 0.049180788932264997 0.46384374188186689 0.036742346141747678 0.0071638110076494678
decision_type=2 2 2 2 8
left_child=3 -2 -3 4 -1
right_child=1 2 -4 -5 -6
leaf_value=-0.0013883821474087617 0.0058171237600384597 -0.0033961031095413128 0.0031796714177148213 -0.0054315949761611559 0.0018705650258527785
leaf_weight=596 182 276 175 158 602
leaf_count=596 182 276 175 158 602
internal_value=6.09345e-05 0.00110633 -0.000837641 -0.000429342 0.000250221
internal_weight=1989 633 451 1356 1198
internal_count=1989 633 451 1356 1198
is_linear=0
shrinkage=0.05


Tree=218
num_leaves=4
num_cat=0
split_feature=1 1 6
split_gain=0.402764 0.857841 1.23923
threshold=1.6047387942842388 1.3561059858216802 4.8036521166674087
decision_type=2 2 2
left_child=1 2 -1
right_child=-2 -3 -4
leaf_value=-0.0016306309833783996 0.0025076367249411923 -0.0036569541320204736 0.0011913401716273416
leaf_weight=600 150 154 1085
leaf_count=600 150 154 1085
internal_value=5.98079e-05 -0.00014611 0.000184633
internal_weight=1989 1839 1685
internal_count=1989 1839 1685
is_linear=0
shrinkage=0.05


Tree=219
num_leaves=7
num_cat=0
split_feature=11 5 8 6 9 1
split_gain=0.410269 1.68987 1.96729 1.33094 2.59117 2.3633
threshold=0.59130804726902164 0.022500000000000023 0.49680009290894767 4.8036521166674087 -0.40683565966777196 1.1470786693528081
decision_type=2 2 2 2 2 2
left_child=3 2 -2 4 -1 -5
right_child=1 -3 -4 5 -6 -7
leaf_value=0.0021660164896264134 -0.0040778871225896031 0.0047022156070831217 0.0030650695929261675 0.0018476828226568439 -0.0058533689866845425 -0.0041466984745616529
leaf_weight=161 207 210 172 781 255 203
leaf_count=161 207 210 172 781 255 203
internal_value=5.83901e-05 0.0011599 -0.000838528 -0.00040751 -0.00276085 0.000596325
internal_weight=1989 589 379 1400 416 984
internal_count=1989 589 379 1400 416 984
is_linear=0
shrinkage=0.05


Tree=220
num_leaves=6
num_cat=0
split_feature=8 8 1 5 4
split_gain=0.40714 2.42207 1.13219 1.40672 1.10017
threshold=0.5572050903531317 0.5030946977499805 -0.84536373328492953 0.059999999999999977 0.040465740382336281
decision_type=2 2 2 2 2
left_child=1 4 -2 -4 -1
right_child=2 -3 3 -5 -6
leaf_value=-0.0013568579321378534 0.0017631115304858804 0.0057066054701530927 -0.0043306821590710079 0.0010667309667915105 0.0022668780834186834
leaf_weight=743 268 192 305 195 286
leaf_count=743 268 192 305 195 286
internal_value=6.07308e-05 0.000627188 -0.00083808 -0.00223597 -0.000343586
internal_weight=1989 1221 768 500 1029
internal_count=1989 1221 768 500 1029
is_linear=0
shrinkage=0.05


Tree=221
num_leaves=4
num_cat=0
split_feature=4 4 0
split_gain=0.423007 1.21251 0.917077
threshold=0.010897247358851676 0.016747185015786498 0.60750000000000004
decision_type=2 2 2
left_child=-1 -2 -3
right_child=1 2 -4
leaf_value=0.0018073336514881104 -0.0036719490235554986 0.00097772727740892164 -0.0019121962637940713
leaf_weight=290 219 1122 358
leaf_count=290 219 1122 358
internal_value=5.93873e-05 -0.000243395 0.000274594
internal_weight=1989 1699 1480
internal_count=1989 1699 1480
is_linear=0
shrinkage=0.05


Tree=222
num_leaves=7
num_cat=0
split_feature=5 6 3 6 12 2
split_gain=0.437664 3.22833 3.74326 1.40353 1.7062 1.27483
threshold=0.014999999999999987 4.5767704521477954 1.1470786693528134 4.6230092887336962 0.084619875977197723 0.016583123951776999
decision_type=2 2 2 2 2 2
left_child=3 -2 -3 4 -1 -5
right_child=1 2 -4 5 -6 -7
leaf_value=0.00030385861889674115 0.0068779083613993075 0.00301147157274117 -0.00475134925786839 -0.0028312780701006497 -0.007154264173680736 0.0015122521873922252
leaf_weight=151 174 316 296 219 150 683
leaf_count=151 174 316 296 219 150 683
internal_value=5.63621e-05 0.000970508 -0.000751173 -0.000542455 -0.00346898 0.000447876
internal_weight=1989 786 612 1203 301 902
internal_count=1989 786 612 1203 301 902
is_linear=0
shrinkage=0.05


Tree=223
num_leaves=6
num_cat=0
split_feature=5 6 7 6 2
split_gain=0.441677 1.03765 1.44628 0.766931 1.06514
threshold=-0.060000000000000019 5.5885953926435077 -0.69728646968355279 5.2955384936997616 0.049662605934921465
decision_type=2 2 2 2 2
left_child=3 2 -2 4 -1
right_child=1 -3 -4 -5 -6
leaf_value=0.0029088566973694153 -0.0038644118589304744 0.0036288231310555755 0.00066513522342641406 -0.0040488082492735489 -0.0028030964172190164
leaf_weight=165 205 218 1091 158 152
leaf_count=165 205 218 1091 158 152
internal_value=6.07588e-05 0.0004784 -6.34422e-05 -0.00126153 0.000169005
internal_weight=1989 1514 1296 475 317
internal_count=1989 1514 1296 475 317
is_linear=0
shrinkage=0.05


Tree=224
num_leaves=5
num_cat=0
split_feature=1 11 1 1
split_gain=0.420347 0.775727 1.90531 1.56678
threshold=1.6047387942842388 -0.043619269256720571 0.57735026918962873 -0.023734946983507258
decision_type=2 2 2 2
left_child=1 3 -3 -1
right_child=-2 2 -4 -5
leaf_value=-0.0010737881500189103 0.0025637313242881533 0.00036077985100291 -0.0045002212836931597 0.0030677275254695855
leaf_weight=478 150 644 288 429
leaf_count=478 150 644 288 429
internal_value=6.3046e-05 -0.000147324 -0.00115733 0.000891178
internal_weight=1989 1839 932 907
internal_count=1989 1839 932 907
is_linear=0
shrinkage=0.05


Tree=225
num_leaves=7
num_cat=0
split_feature=11 8 12 11 5 3
split_gain=0.416571 1.67022 2.8098 1.24608 1.57351 1.32094
threshold=0.59130804726902164 0.3896317813756886 0.17132013439805233 -0.043619269256720571 1.0000000180025095e-35 1.2826185614972889
decision_type=2 2 2 2 2 2
left_child=3 -2 -3 5 -5 -1
right_child=1 2 -4 4 -6 -7
leaf_value=0.0014277134425984064 0.0049120776858952962 -0.0041785774213220815 0.004283226034910736 -0.0001263726910784783 -0.0062802055427296603 -0.0033746621004123799
leaf_weight=806 194 233 162 254 171 169
leaf_count=806 194 233 162 254 171 169
internal_value=6.56662e-05 0.00117559 -0.000698007 -0.000403817 -0.00264662 0.000582331
internal_weight=1989 589 395 1400 425 975
internal_count=1989 589 395 1400 425 975
is_linear=0
shrinkage=0.05


Tree=226
num_leaves=6
num_cat=0
split_feature=1 1 9 9 5
split_gain=0.450716 1.87453 1.71766 3.16998 1.50738
threshold=1.0000000180025095e-35 0.57735026918962618 1.1166025663451469 0.60329304214781232 0.045000000000000019
decision_type=2 2 2 2 2
left_child=2 -2 3 -1 -3
right_child=1 4 -4 -5 -6
leaf_value=-0.0010943757517256959 0.0055198448932391002 0.0029804841630341797 -0.0048745959118390693 0.0066130979180884508 -0.0017892332825343131
leaf_weight=730 171 242 190 158 498
leaf_count=730 171 242 190 158 498
internal_value=6.55519e-05 0.000881755 -0.000625095 0.000306348 -0.000219872
internal_weight=1989 911 1078 888 740
internal_count=1989 911 1078 888 740
is_linear=0
shrinkage=0.05


Tree=227
num_leaves=5
num_cat=0
split_feature=1 6 13 6
split_gain=0.427479 0.734764 1.1523 0.988834
threshold=1.6047387942842388 5.4763798524139071 -0.070091179644547905 5.1088503251600352
decision_type=2 2 10 2
left_child=1 3 -3 -1
right_child=-2 2 -4 -5
leaf_value=0.00016740737015446183 0.0025907066584594791 0.0049415784001529935 -0.00050505243540438928 -0.0027099988010290659
leaf_weight=1031 150 161 232 415
leaf_count=1031 150 161 232 415
internal_value=6.8906e-05 -0.000143254 0.00176031 -0.000664897
internal_weight=1989 1839 393 1446
internal_count=1989 1839 393 1446
is_linear=0
shrinkage=0.05


Tree=228
num_leaves=7
num_cat=0
split_feature=5 5 2 2 4 9
split_gain=0.429519 2.26058 3.33124 1.29103 2.79131 2.21059
threshold=0.014999999999999987 0.045000000000000019 0.031928738249118647 0.016583123951776999 0.023452078799117166 -0.029572594650314664
decision_type=2 2 2 2 2 2
left_child=3 -2 -3 5 -5 -1
right_child=1 2 -4 4 -6 -7
leaf_value=-0.0075146775161369882 0.0051007706779413499 -0.0068307835793828377 0.0016700444495296243 0.0057970593512999182 -0.0010063754764359386 0.00049576486261295415
leaf_weight=151 229 156 401 189 672 191
leaf_count=151 229 156 401 189 672 191
internal_value=7.02386e-05 0.000975806 -0.000750388 -0.000523019 0.000511909 -0.00309833
internal_weight=1989 786 557 1203 861 342
internal_count=1989 786 557 1203 861 342
is_linear=0
shrinkage=0.05


Tree=229
num_leaves=4
num_cat=0
split_feature=4 4 1
split_gain=0.417865 1.11432 0.893082
threshold=0.010897247358851676 0.016747185015786498 -1.5690393005067096
decision_type=2 2 2
left_child=-1 -2 -3
right_child=1 2 -4
leaf_value=0.0018086776959757179 -0.0035163683332419694 0.0038081018845755724 -0.00015701276273274225
leaf_weight=290 219 154 1326
leaf_count=290 219 154 1326
internal_value=7.14131e-05 -0.000229555 0.000267006
internal_weight=1989 1699 1480
internal_count=1989 1699 1480
is_linear=0
shrinkage=0.05


Tree=230
num_leaves=6
num_cat=0
split_feature=9 6 9 2 3
split_gain=0.416316 2.0575 1.12946 1.84069 1.35846
threshold=-0.83248564881174847 4.9984951522358987 -0.029572594650314664 0.038971143170299781 -0.9284766908852562
decision_type=2 2 2 2 2
left_child=1 -1 3 -2 -4
right_child=2 -3 4 -5 -6
leaf_value=0.0045742302387952807 -0.0047885173094240306 -0.0016301624864960712 -0.002324932675376382 0.0018704520814396717 0.0017046905019005019
leaf_weight=245 289 283 288 157 727
leaf_count=245 289 283 288 157 727
internal_value=6.81485e-05 0.00126467 -0.00036711 -0.00244969 0.000555518
internal_weight=1989 528 1461 446 1015
internal_count=1989 528 1461 446 1015
is_linear=0
shrinkage=0.05


Tree=231
num_leaves=5
num_cat=0
split_feature=1 6 5 7
split_gain=0.395852 0.701434 1.07035 0.994042
threshold=1.6047387942842388 5.4763798524139071 -0.0099999999999999794 0.69913466693274706
decision_type=2 2 2 2
left_child=1 3 -3 -1
right_child=-2 2 -4 -5
leaf_value=-6.3783544151689442e-05 0.0024953715166737959 -0.00076181438014405597 0.004411665663549987 -0.0035922827955070405
leaf_weight=1212 150 206 187 234
leaf_count=1212 150 206 187 234
internal_value=6.86557e-05 -0.000135511 0.00172436 -0.000645197
internal_weight=1989 1839 393 1446
internal_count=1989 1839 393 1446
is_linear=0
shrinkage=0.05


Tree=232
num_leaves=5
num_cat=0
split_feature=11 8 8 3
split_gain=0.403527 0.940883 3.09469 2.53182
threshold=-0.95933449430665318 0.47398773030689062 0.55531488340871071 1.1859391377698727
decision_type=2 2 2 2
left_child=-1 3 -3 -2
right_child=1 2 -4 -5
leaf_value=-0.0020318108924278397 -0.0022667589144830832 0.0058237998645833079 -0.00042709161954704138 0.0046607202055250728
leaf_weight=200 671 273 686 159
leaf_count=200 671 273 686 159
internal_value=6.99117e-05 0.00030988 0.00137334 -0.000919726
internal_weight=1989 1789 959 830
internal_count=1989 1789 959 830
is_linear=0
shrinkage=0.05


Tree=233
num_leaves=4
num_cat=0
split_feature=4 4 0
split_gain=0.396528 1.01119 0.848377
threshold=0.010897247358851676 0.016393596310755008 0.59750000000000003
decision_type=2 2 2
left_child=-1 -2 -3
right_child=1 2 -4
leaf_value=0.0017639031499561112 -0.0035809390449125056 0.00094361792969476855 -0.0017112779615509914
leaf_weight=290 193 1097 409
leaf_count=290 193 1097 409
internal_value=7.15764e-05 -0.000221613 0.000219324
internal_weight=1989 1699 1506
internal_count=1989 1699 1506
is_linear=0
shrinkage=0.05


Tree=234
num_leaves=7
num_cat=0
split_feature=11 5 8 6 9 1
split_gain=0.39228 1.62864 1.81798 1.22247 2.36665 2.12775
threshold=0.59130804726902164 0.022500000000000023 0.49680009290894767 4.8036521166674087 -0.40683565966777196 1.1470786693528081
decision_type=2 2 2 2 2 2
left_child=3 2 -2 4 -1 -5
right_child=1 -3 -4 5 -6 -7
leaf_value=0.0020655091448002552 -0.0039309437301027466 0.0046224410450735757 0.0029356700163347764 0.0017616168417524708 -0.0055986415193631104 -0.0039262303359394613
leaf_weight=161 207 210 172 781 255 203
leaf_count=161 207 210 172 781 255 203
internal_value=6.7844e-05 0.00114491 -0.000817048 -0.000387756 -0.00264316 0.000574292
internal_weight=1989 589 379 1400 416 984
internal_count=1989 589 379 1400 416 984
is_linear=0
shrinkage=0.05


Tree=235
num_leaves=6
num_cat=0
split_feature=5 5 6 6 2
split_gain=0.391593 1.01515 2.6075 0.712919 0.981525
threshold=-0.060000000000000019 -0.027499999999999965 4.4559725588872325 5.2955384936997616 0.049662605934921465
decision_type=2 2 2 2 2
left_child=3 -2 -3 4 -1
right_child=1 2 -4 -5 -6
leaf_value=0.0028326353363980379 0.0031700304221421328 0.0046804751612638173 -0.0012346575918613812 -0.0038629226129433497 -0.0026506161910428362
leaf_weight=165 277 223 1014 158 152
leaf_count=165 277 223 1014 158 152
internal_value=6.95716e-05 0.000462792 -0.000153758 -0.00117553 0.00020311
internal_weight=1989 1514 1237 475 317
internal_count=1989 1514 1237 475 317
is_linear=0
shrinkage=0.05


Tree=236
num_leaves=4
num_cat=0
split_feature=7 7 7
split_gain=0.390868 1.12393 0.94746
threshold=0.8668556833555755 0.73095768008255957 0.25738702928303564
decision_type=2 2 2
left_child=1 2 -1
right_child=-2 -3 -4
leaf_value=-0.00047176602309945311 0.0024467195097193032 -0.003961280934598254 0.0021906759901024774
leaf_weight=1210 154 169 456
leaf_count=1210 154 169 456
internal_value=6.8441e-05 -0.000137259 0.000261344
internal_weight=1989 1835 1666
internal_count=1989 1835 1666
is_linear=0
shrinkage=0.05


Tree=237
num_leaves=5
num_cat=0
split_feature=5 5 5 1
split_gain=0.391476 2.40454 3.13379 2.32987
threshold=0.069999999999999993 0.045000000000000019 0.022500000000000023 1.1470786693528081
decision_type=2 2 2 2
left_child=1 2 -1 -2
right_child=3 -3 -4 -5
leaf_value=-0.00042160959772674465 0.0061602285799552819 -0.0058671563538874308 0.0071042027997393759 -0.0016445247317312666
leaf_weight=1282 154 167 150 236
leaf_count=1282 154 167 150 236
internal_value=6.64668e-05 -0.00028093 0.000388685 0.00147632
internal_weight=1989 1599 1432 390
internal_count=1989 1599 1432 390
is_linear=0
shrinkage=0.05


Tree=238
num_leaves=5
num_cat=0
split_feature=1 6 13 6
split_gain=0.383002 0.677428 1.03679 0.89349
threshold=1.6047387942842388 5.4763798524139071 -0.049271274763191965 5.1088503251600352
decision_type=2 2 10 2
left_child=1 3 -3 -1
right_child=-2 2 -4 -5
leaf_value=0.00015760666249602185 0.0024551577481531327 0.0045767234755413879 -0.00055385072135546228 -0.0025775695375965112
leaf_weight=1031 150 170 223 415
leaf_count=1031 150 170 223 415
internal_value=6.81542e-05 -0.000132674 0.0016951 -0.000633562
internal_weight=1989 1839 393 1446
internal_count=1989 1839 393 1446
is_linear=0
shrinkage=0.05


Tree=239
num_leaves=4
num_cat=0
split_feature=13 12 5
split_gain=0.386013 0.871489 1.07011
threshold=0.23546820797919424 -0.93114865614708531 -0.072499999999999995
decision_type=10 2 2
left_child=1 -1 -3
right_child=-2 2 -4
leaf_value=0.0030606649283851897 0.0022324160755366677 -0.0030882268526271398 0.00011467399532025268
leaf_weight=184 182 321 1302
leaf_count=184 182 321 1302
internal_value=6.97314e-05 -0.000153652 -0.000526341
internal_weight=1989 1807 1623
internal_count=1989 1807 1623
is_linear=0
shrinkage=0.05


Tree=240
num_leaves=6
num_cat=0
split_feature=2 2 12 2 13
split_gain=0.39843 2.06128 2.80019 1.8466 1.21362
threshold=0.041503001010622917 0.047664178639495715 0.46384374188186689 0.036742346141747678 0.0071638110076494678
decision_type=2 2 2 2 8
left_child=3 -2 -3 4 -1
right_child=1 2 -4 -5 -6
leaf_value=-0.0013300582350072097 0.0061174069552291793 -0.003522665310990609 0.0041985746173892613 -0.0054076368160591538 0.0018397914631410367
leaf_weight=596 150 295 188 158 602
leaf_count=596 150 295 188 158 602
internal_value=6.90406e-05 0.00109988 -0.000505071 -0.000414443 0.000263831
internal_weight=1989 633 483 1356 1198
internal_count=1989 633 483 1356 1198
is_linear=0
shrinkage=0.05


Tree=241
num_leaves=7
num_cat=0
split_feature=11 8 12 6 9 6
split_gain=0.374252 1.6338 2.5774 1.19451 2.20161 2.00992
threshold=0.59130804726902164 0.3896317813756886 0.17132013439805233 4.8036521166674087 -0.40683565966777196 4.9691183217244719
decision_type=2 2 2 2 2 2
left_child=3 -2 -3 4 -1 -5
right_child=1 2 -4 5 -6 -7
leaf_value=0.0019360937896263171 0.0048154802583438815 -0.0040656334122822881 0.0040389615808150729 0.0056858533958655706 -0.0054569839657499239 -0.00041777253713311198
leaf_weight=161 194 233 162 156 255 828
leaf_count=161 194 233 162 156 255 828
internal_value=6.77834e-05 0.00111981 -0.000732785 -0.000377229 -0.00260671 0.000573729
internal_weight=1989 589 395 1400 416 984
internal_count=1989 589 395 1400 416 984
is_linear=0
shrinkage=0.05


Tree=242
num_leaves=6
num_cat=0
split_feature=2 2 12 2 2
split_gain=0.381014 1.91082 2.56416 1.6945 1.16347
threshold=0.041503001010622917 0.047664178639495715 0.46384374188186689 0.036742346141747678 0.027928388277184121
decision_type=2 2 2 2 2
left_child=3 -2 -3 4 -1
right_child=1 2 -4 -5 -6
leaf_value=-0.00069468893103303111 0.0059097829429552926 -0.0033543384006285734 0.0040342803344786786 -0.005185093655268108 0.0028046195214757553
leaf_weight=878 150 295 188 158 320
leaf_count=878 150 295 188 158 320
internal_value=7.08384e-05 0.00107889 -0.000466568 -0.000401969 0.00024779
internal_weight=1989 633 483 1356 1198
internal_count=1989 633 483 1356 1198
is_linear=0
shrinkage=0.05


Tree=243
num_leaves=5
num_cat=0
split_feature=11 5 3 5
split_gain=0.386935 0.782686 3.01112 2.53836
threshold=0.97073393862015001 0.069999999999999993 1.1470786693528134 0.045000000000000019
decision_type=2 2 2 2
left_child=1 3 -3 -1
right_child=-2 2 -4 -5
leaf_value=6.3508662751673829e-05 0.0024379102822902773 0.0070341100778292731 -0.0020592406374273118 -0.0066989679538434557
leaf_weight=1324 154 157 204 150
leaf_count=1324 154 157 204 150
internal_value=7.16325e-05 -0.000133039 0.00193755 -0.000644988
internal_weight=1989 1835 361 1474
internal_count=1989 1835 361 1474
is_linear=0
shrinkage=0.05


Tree=244
num_leaves=4
num_cat=0
split_feature=1 5 5
split_gain=0.381639 0.691412 1.63559
threshold=1.6047387942842388 0.11000000000000003 0.062500000000000014
decision_type=2 2 2
left_child=1 2 -1
right_child=-2 -3 -4
leaf_value=-0.00035629707653742727 0.0024531134097806871 -0.0031882694999997817 0.0047370036894624889
leaf_weight=1505 150 163 171
leaf_count=1505 150 163 171
internal_value=7.03648e-05 -0.000130111 0.00017591
internal_weight=1989 1839 1676
internal_count=1989 1839 1676
is_linear=0
shrinkage=0.05


Tree=245
num_leaves=6
num_cat=0
split_feature=7 7 7 4 8
split_gain=0.376025 1.95909 1.47761 1.47584 0.97732
threshold=0.25738702928303564 0.45324632971643725 0.064196066492499357 0.05645080530855489 0.40532317678438401
decision_type=2 2 2 2 2
left_child=2 -2 3 -1 -3
right_child=1 4 -4 -5 -6
leaf_value=-0.00055625202859977557 0.0052394501035229364 -0.0039321320960598611 -0.0047596152810947812 0.0046997095214997894 0.00068335354378725073
leaf_weight=890 192 150 168 152 437
leaf_count=890 192 150 168 152 437
internal_value=7.08771e-05 0.000924405 -0.000480168 0.000229235 -0.000519321
internal_weight=1989 779 1210 1042 587
internal_count=1989 779 1210 1042 587
is_linear=0
shrinkage=0.05


Tree=246
num_leaves=4
num_cat=0
split_feature=4 4 9
split_gain=0.3812 0.975265 1.00635
threshold=0.010897247358851676 0.019182500757808175 1.0089430140922577
decision_type=2 2 2
left_child=-1 -2 -3
right_child=1 2 -4
leaf_value=0.0017286542135338157 -0.0027853970635317781 0.00099602600745302399 -0.0023709705477391466
leaf_weight=290 299 1129 271
leaf_count=290 299 1129 271
internal_value=6.9357e-05 -0.000218107 0.000338153
internal_weight=1989 1699 1400
internal_count=1989 1699 1400
is_linear=0
shrinkage=0.05


Tree=247
num_leaves=7
num_cat=0
split_feature=9 3 9 3 4 1
split_gain=0.395419 1.54963 3.59127 1.81605 1.24027 1.22906
threshold=0.39376892479869779 -0.30151134457776513 0.98168790322001354 0.90453403373329 0.058896094946948745 1.2602520756252114
decision_type=2 2 2 2 2 2
left_child=4 2 -2 -3 5 -1
right_child=1 3 -4 -5 -6 -7
leaf_value=-0.00036470432561465127 0.0042437717139434351 0.0067335389620660109 -0.0058190938492206114 0.00017478884617779769 0.0035650628413205136 -0.0049760329099695034
leaf_weight=883 151 178 201 250 158 168
leaf_count=883 151 178 201 250 158 168
internal_value=6.84543e-05 0.000942807 -0.00150338 0.00294875 -0.000497204 -0.00112189
internal_weight=1989 780 352 428 1209 1051
internal_count=1989 780 352 428 1209 1051
is_linear=0
shrinkage=0.05


Tree=248
num_leaves=4
num_cat=0
split_feature=7 7 7
split_gain=0.388315 1.00089 0.901013
threshold=0.8668556833555755 0.73095768008255957 0.25738702928303564
decision_type=2 2 2
left_child=1 2 -1
right_child=-2 -3 -4
leaf_value=-0.00047323064908405397 0.0024410032204487042 -0.0037431517722962917 0.0021231115974966685
leaf_weight=1210 154 169 456
leaf_count=1210 154 169 456
internal_value=7.05067e-05 -0.000134527 0.000241639
internal_weight=1989 1835 1666
internal_count=1989 1835 1666
is_linear=0
shrinkage=0.05


Tree=249
num_leaves=5
num_cat=0
split_feature=1 11 1 1
split_gain=0.378117 0.7294 1.75544 1.34716
threshold=1.6047387942842388 -0.043619269256720571 0.57735026918962873 -0.023734946983507258
decision_type=2 2 2 2
left_child=1 3 -3 -1
right_child=-2 2 -4 -5
leaf_value=-0.00094649773920205561 0.0024402363742551496 0.00034672908392736261 -0.0043191781968399635 0.0028940437324581161
leaf_weight=478 150 644 288 429
leaf_count=478 150 644 288 429
internal_value=6.85061e-05 -0.000131039 -0.00111045 0.000875939
internal_weight=1989 1839 932 907
internal_count=1989 1839 932 907
is_linear=0
shrinkage=0.05


Tree=250
num_leaves=5
num_cat=0
split_feature=2 11 11 8
split_gain=0.381134 0.73184 2.10034 2.09424
threshold=0.0070710678118654927 0.59130804726902164 -0.043619269256720571 0.3896317813756886
decision_type=2 2 2 2
left_child=-1 2 -2 -3
right_child=1 3 -4 -5
leaf_value=-0.0022467731495325002 0.00095114891712008698 0.0066452789192312 -0.0033999971459670267 -0.00022727448561085653
leaf_weight=158 921 154 391 365
leaf_count=158 921 154 391 365
internal_value=7.0536e-05 0.000276075 -0.000353557 0.00185593
internal_weight=1989 1831 1312 519
internal_count=1989 1831 1312 519
is_linear=0
shrinkage=0.05


Tree=251
num_leaves=5
num_cat=0
split_feature=11 8 8 3
split_gain=0.365846 0.896931 2.91083 2.47212
threshold=-0.95933449430665318 0.47398773030689062 0.55531488340871071 1.1859391377698727
decision_type=2 2 2 2
left_child=-1 3 -3 -2
right_child=1 2 -4 -5
leaf_value=-0.0019320138229238914 -0.0022339421256408151 0.0056522318651135882 -0.00041015520016292139 0.0046113375926435723
leaf_weight=200 671 273 686 159
leaf_count=200 671 273 686 159
internal_value=6.9185e-05 0.000297669 0.001336 -0.000902857
internal_weight=1989 1789 959 830
internal_count=1989 1789 959 830
is_linear=0
shrinkage=0.05


Tree=252
num_leaves=5
num_cat=0
split_feature=4 4 3 4
split_gain=0.37353 0.795636 1.28089 0.958595
threshold=0.0086602540378444091 0.019182500757808175 -0.10803153034011738 0.022776083947860785
decision_type=2 2 2 2
left_child=-1 2 -2 -3
right_child=1 3 -4 -5
leaf_value=0.0017932509715833209 -0.0054855716788394012 0.0037686663255127235 0.00075383273919931413 -0.00017616808104269945
leaf_weight=267 162 171 160 1229
leaf_count=267 162 171 160 1229
internal_value=7.11886e-05 -0.00020024 -0.00242113 0.000317362
internal_weight=1989 1722 322 1400
internal_count=1989 1722 322 1400
is_linear=0
shrinkage=0.05


Tree=253
num_leaves=7
num_cat=0
split_feature=9 3 9 3 9 6
split_gain=0.367074 1.37644 3.31522 1.72745 1.20683 1.48737
threshold=0.39376892479869779 -0.30151134457776513 1.1166025663451469 0.90453403373329 -0.30257393965946638 4.532921877348266
decision_type=2 2 2 2 2 2
left_child=4 2 -2 -3 5 -1
right_child=1 3 -4 -5 -6 -7
leaf_value=0.0047140176906142126 0.0031073246042635002 0.0064953689761154485 -0.0064890815628439015 0.00010009313960943152 -0.0028740092084292689 -0.0004869934134103858
leaf_weight=167 188 178 164 250 361 681
leaf_count=167 188 178 164 250 361 681
internal_value=7.12544e-05 0.000913675 -0.00139199 0.0028041 -0.000473768 0.00055889
internal_weight=1989 780 352 428 1209 848
internal_count=1989 780 352 428 1209 848
is_linear=0
shrinkage=0.05


Tree=254
num_leaves=4
num_cat=0
split_feature=2 4 4
split_gain=0.363946 0.685132 1.09013
threshold=0.0070710678118654927 0.014790199457749046 0.019182500757808175
decision_type=2 2 2
left_child=-1 -2 -3
right_child=1 2 -4
leaf_value=-0.0021899609792223372 0.0025523215453306745 -0.0040306749273531185 0.00031304450591303597
leaf_weight=158 275 156 1400
leaf_count=158 275 156 1400
internal_value=7.45112e-05 0.000275348 -0.00013396
internal_weight=1989 1831 1556
internal_count=1989 1831 1556
is_linear=0
shrinkage=0.05


Tree=255
num_leaves=4
num_cat=0
split_feature=11 13 12
split_gain=0.359725 0.763092 1.08349
threshold=0.97073393862015001 0.23546820797919424 -0.93114865614708531
decision_type=2 10 2
left_child=1 2 -1
right_child=-2 -3 -4
leaf_value=0.0031144546808073762 0.0023532178039141235 0.0030259006846717548 -0.00090545221826402323
leaf_weight=184 154 169 1482
leaf_count=184 154 169 1482
internal_value=7.16614e-05 -0.00012569 -0.000453486
internal_weight=1989 1835 1666
internal_count=1989 1835 1666
is_linear=0
shrinkage=0.05


Tree=256
num_leaves=4
num_cat=0
split_feature=7 7 9
split_gain=0.360726 0.921712 0.856505
threshold=0.8668556833555755 0.73095768008255957 0.60329304214781232
decision_type=2 2 2
left_child=1 2 -1
right_child=-2 -3 -4
leaf_value=-0.00036062321136085874 0.0023537073331246585 -0.0035916014563763276 0.0023890608800394551
leaf_weight=1310 154 169 356
leaf_count=1310 154 169 356
internal_value=6.89731e-05 -0.000128645 0.000232335
internal_weight=1989 1835 1666
internal_count=1989 1835 1666
is_linear=0
shrinkage=0.05


Tree=257
num_leaves=4
num_cat=0
split_feature=0 11 9
split_gain=0.3542 0.896616 1.04725
threshold=0.66000000000000014 0.96076906436096754 -1.3800775031097225
decision_type=2 2 2
left_child=1 2 -1
right_child=-2 -3 -4
leaf_value=0.0037341364315061861 -0.0016863992408154501 0.0039110125133862035 -0.00047218561033826102
leaf_weight=160 247 153 1429
leaf_count=160 247 153 1429
internal_value=6.61914e-05 0.000318808 -3.8257e-05
internal_weight=1989 1742 1589
internal_count=1989 1742 1589
is_linear=0
shrinkage=0.05


Tree=258
num_leaves=6
num_cat=0
split_feature=7 7 7 4 8
split_gain=0.349864 1.7544 1.38247 1.27091 0.956589
threshold=0.25738702928303564 0.45324632971643725 0.064196066492499357 0.05645080530855489 0.6032733158886644
decision_type=2 2 2 2 2
left_child=2 -2 3 -1 -3
right_child=1 4 -4 -5 -6
leaf_value=-0.00050978565055294247 0.0049711674931671871 -0.0020370099773866471 -0.0046064248168571839 0.00436763220769205 0.0020904402817245081
leaf_weight=890 192 366 168 152 221
leaf_count=890 192 366 168 152 221
internal_value=6.44821e-05 0.000887792 -0.000467038 0.00021916 -0.000478532
internal_weight=1989 779 1210 1042 587
internal_count=1989 779 1210 1042 587
is_linear=0
shrinkage=0.05


Tree=259
num_leaves=4
num_cat=0
split_feature=4 13 4
split_gain=0.355386 0.860014 1.90011
threshold=0.010897247358851676 0.21312071254542289 0.019182500757808175
decision_type=2 10 2
left_child=-1 2 -2
right_child=1 -3 -4
leaf_value=0.0016660713423359192 -0.004538286736857103 0.0026900542944015282 0.00017374115960184556
leaf_weight=290 254 217 1228
leaf_count=290 254 217 1228
internal_value=6.39367e-05 -0.000213616 -0.000646398
internal_weight=1989 1699 1482
internal_count=1989 1699 1482
is_linear=0
shrinkage=0.05


Tree=260
num_leaves=5
num_cat=0
split_feature=7 2 12 12
split_gain=0.365675 1.50961 0.815653 1.31634
threshold=-0.71725410380533583 0.034266782494014311 -0.82533206545193216 -0.2353894958226356
decision_type=2 2 2 2
left_child=1 -1 -2 -4
right_child=2 -3 3 -5
leaf_value=0.0017909212140264094 0.0027470418380617294 -0.0047503892668024749 -0.0025651065654053481 0.00085235787890948012
leaf_weight=177 292 167 393 960
leaf_count=177 292 167 393 960
internal_value=6.33727e-05 -0.00140722 0.000374233 -0.000146088
internal_weight=1989 344 1645 1353
internal_count=1989 344 1645 1353
is_linear=0
shrinkage=0.05


Tree=261
num_leaves=5
num_cat=0
split_feature=2 11 8 11
split_gain=0.360399 0.675683 1.99448 1.98996
threshold=0.0070710678118654927 0.59130804726902164 0.3896317813756886 -0.043619269256720571
decision_type=2 2 2 2
left_child=-1 3 -3 -2
right_child=1 2 -4 -5
leaf_value=-0.0021907845134932573 0.00092744124006302977 0.0064544273238722819 -0.00025207364466041328 -0.0033078238846630686
leaf_weight=158 921 154 365 391
leaf_count=158 921 154 365 391
internal_value=6.25883e-05 0.000262472 0.00178051 -0.000342512
internal_weight=1989 1831 519 1312
internal_count=1989 1831 519 1312
is_linear=0
shrinkage=0.05


Tree=262
num_leaves=4
num_cat=0
split_feature=1 5 5
split_gain=0.340891 0.659989 1.52144
threshold=1.6047387942842388 0.11000000000000003 0.062500000000000014
decision_type=2 2 2
left_child=1 2 -1
right_child=-2 -3 -4
leaf_value=-0.00034210167895379595 0.0023136368730375845 -0.0031156401615589861 0.0045702582997777927
leaf_weight=1505 150 163 171
leaf_count=1505 150 163 171
internal_value=6.16741e-05 -0.000127785 0.000171203
internal_weight=1989 1839 1676
internal_count=1989 1839 1676
is_linear=0
shrinkage=0.05


Tree=263
num_leaves=7
num_cat=0
split_feature=9 3 9 0 4 1
split_gain=0.349411 1.29167 3.10729 1.6316 1.08456 1.29945
threshold=0.39376892479869779 -0.30151134457776513 0.98168790322001354 0.55750000000000022 0.06009754843509698 1.2602520756252114
decision_type=2 2 2 2 2 2
left_child=4 2 -2 -3 5 -1
right_child=1 3 -4 -5 -6 -7
leaf_value=-0.0002679006213543876 0.003995629854183883 0.0057638131691903358 -0.0053642419175904937 -0.00036683920601552185 0.003384039935263448 -0.0049958657087950872
leaf_weight=886 151 213 201 215 154 169
leaf_count=886 151 213 201 215 154 169
internal_value=6.22735e-05 0.000884192 -0.00134934 0.00271549 -0.000469454 -0.00104526
internal_weight=1989 780 352 428 1209 1055
internal_count=1989 780 352 428 1209 1055
is_linear=0
shrinkage=0.05


Tree=264
num_leaves=6
num_cat=0
split_feature=8 8 1 5 11
split_gain=0.340466 2.05498 1.24925 1.42724 1.03155
threshold=0.5572050903531317 0.5030946977499805 -0.84536373328492953 0.059999999999999977 -0.87786110631938596
decision_type=2 2 2 2 2
left_child=1 4 -2 -4 -1
right_child=2 -3 3 -5 -6
leaf_value=0.0034231472944330644 0.0019725591860261268 0.0052600444777901783 -0.0043375258502219953 0.0010987092331051827 -0.00097610435533126635
leaf_weight=152 268 192 305 195 877
leaf_count=152 268 192 305 195 877
internal_value=6.33683e-05 0.000581353 -0.00075858 -0.00222751 -0.000312853
internal_weight=1989 1221 768 500 1029
internal_count=1989 1221 768 500 1029
is_linear=0
shrinkage=0.05


Tree=265
num_leaves=5
num_cat=0
split_feature=11 8 8 3
split_gain=0.362165 0.826639 2.64375 2.32919
threshold=-0.95933449430665318 0.47398773030689062 0.55531488340871071 1.1859391377698727
decision_type=2 2 2 2
left_child=-1 3 -3 -2
right_child=1 2 -4 -5
leaf_value=-0.0019283198024623279 -0.0021545289861163697 0.0054003540833527557 -0.00037729477577414178 0.0044898500597876749
leaf_weight=200 671 273 686 159
leaf_count=200 671 273 686 159
internal_value=6.27663e-05 0.000290112 0.00128692 -0.000862427
internal_weight=1989 1789 959 830
internal_count=1989 1789 959 830
is_linear=0
shrinkage=0.05


Tree=266
num_leaves=4
num_cat=0
split_feature=4 13 4
split_gain=0.356568 0.832141 1.72916
threshold=0.010897247358851676 0.21312071254542289 0.019182500757808175
decision_type=2 10 2
left_child=-1 2 -2
right_child=1 -3 -4
leaf_value=0.0016699225171390227 -0.0043512614749544607 0.0026433513195648255 0.00014386820496986745
leaf_weight=290 254 217 1228
leaf_count=290 254 217 1228
internal_value=6.51273e-05 -0.000212889 -0.000638593
internal_weight=1989 1699 1482
internal_count=1989 1699 1482
is_linear=0
shrinkage=0.05


Tree=267
num_leaves=5
num_cat=0
split_feature=5 5 6 13
split_gain=0.34941 0.993551 2.4514 0.794351
threshold=-0.060000000000000019 -0.027499999999999965 4.4559725588872325 0.022082599168080762
decision_type=2 2 2 8
left_child=3 -2 -3 -1
right_child=1 2 -4 -5
leaf_value=0.0013399544124952471 0.0031144167981044463 0.0045136536688037349 -0.0012217104633295795 -0.0027833069675887584
leaf_weight=193 277 223 1014 282
leaf_count=193 277 223 1014 282
internal_value=6.46728e-05 0.000436113 -0.00017376 -0.00111145
internal_weight=1989 1514 1237 475
internal_count=1989 1514 1237 475
is_linear=0
shrinkage=0.05


Tree=268
num_leaves=4
num_cat=0
split_feature=2 4 4
split_gain=0.337156 0.687379 0.873587
threshold=0.0070710678118654927 0.014790199457749046 0.019182500757808175
decision_type=2 2 2
left_child=-1 -2 -3
right_child=1 2 -4
leaf_value=-0.0021162595834148808 0.0025372927013917693 -0.0036415635681167381 0.00024691267031844822
leaf_weight=158 275 156 1400
leaf_count=158 275 156 1400
internal_value=6.32458e-05 0.00025657 -0.00015335
internal_weight=1989 1831 1556
internal_count=1989 1831 1556
is_linear=0
shrinkage=0.05


Tree=269
num_leaves=4
num_cat=0
split_feature=7 7 9
split_gain=0.345981 0.83598 1.18484
threshold=0.8668556833555755 0.69913466693274706 0.60329304214781232
decision_type=2 2 2
left_child=1 2 -1
right_child=-2 -3 -4
leaf_value=-0.00042004100597734623 0.0022984938332869572 -0.0030705497539210546 0.0029448537687509001
leaf_weight=1304 154 209 322
leaf_count=1304 154 209 322
internal_value=6.0931e-05 -0.000132589 0.000253301
internal_weight=1989 1835 1626
internal_count=1989 1835 1626
is_linear=0
shrinkage=0.05


Tree=270
num_leaves=4
num_cat=0
split_feature=4 4 2
split_gain=0.331127 0.623585 0.919367
threshold=0.0086602540378444091 0.016393596310755008 0.020615528128088333
decision_type=2 2 2
left_child=-1 -2 -3
right_child=1 2 -4
leaf_value=0.0016802281353567893 -0.0026770181179560757 0.0037634137717702382 -0.00025531444693424837
leaf_weight=267 216 154 1352
leaf_count=267 216 154 1352
internal_value=5.88376e-05 -0.000196699 0.000166725
internal_weight=1989 1722 1506
internal_count=1989 1722 1506
is_linear=0
shrinkage=0.05


Tree=271
num_leaves=4
num_cat=0
split_feature=2 4 1
split_gain=0.33109 0.653289 0.831148
threshold=0.0070710678118654927 0.014790199457749046 -1.5779860077445078
decision_type=2 2 2
left_child=-1 -2 -3
right_child=1 2 -4
leaf_value=-0.0021026816636186803 0.002472152251617185 0.0033251074181809542 -0.00053223002204324328
leaf_weight=158 275 150 1406
leaf_count=158 275 150 1406
internal_value=5.71116e-05 0.000248702 -0.000150919
internal_weight=1989 1831 1556
internal_count=1989 1831 1556
is_linear=0
shrinkage=0.05


Tree=272
num_leaves=5
num_cat=0
split_feature=5 5 6 13
split_gain=0.33214 0.891588 2.28399 0.715738
threshold=-0.060000000000000019 -0.027499999999999965 4.4559725588872325 0.022082599168080762
decision_type=2 2 2 8
left_child=3 -2 -3 -1
right_child=1 2 -4 -5
leaf_value=0.0012337339007192187 0.0029521041388742308 0.0043617215457121159 -0.0011743413956179646 -0.0026806361939212902
leaf_weight=193 277 223 1014 282
leaf_count=193 277 223 1014 282
internal_value=5.27827e-05 0.000414952 -0.000162787 -0.00109388
internal_weight=1989 1514 1237 475
internal_count=1989 1514 1237 475
is_linear=0
shrinkage=0.05


Tree=273
num_leaves=7
num_cat=0
split_feature=5 6 3 6 12 12
split_gain=0.336245 2.70224 3.19421 1.42138 1.57631 1.12674
threshold=0.014999999999999987 4.5767704521477954 1.1470786693528134 4.6230092887336962 0.084619875977197723 0.73727534047751386
decision_type=2 2 2 2 2 2
left_child=3 -2 -3 4 -1 -5
right_child=1 2 -4 5 -6 -7
leaf_value=0.00021077307562033336 0.0062579016282493715 0.0027542512654979653 -0.0044167756823903304 -0.00048561765943834181 -0.0069603644936315481 0.0035920727548913825
leaf_weight=151 174 316 296 682 150 220
leaf_count=151 174 316 296 682 150 220
internal_value=5.1881e-05 0.000853135 -0.000721774 -0.000472996 -0.00341822 0.00052326
internal_weight=1989 786 612 1203 301 902
internal_count=1989 786 612 1203 301 902
is_linear=0
shrinkage=0.05


Tree=274
num_leaves=4
num_cat=0
split_feature=1 6 1
split_gain=0.346036 0.700028 1.2959
threshold=1.6047387942842388 4.3571574255199765 1.2704051249477339
decision_type=2 2 2
left_child=1 -1 -3
right_child=-2 2 -4
leaf_value=-0.0027016617470131867 0.0023262583993134962 0.00073242638434708757 -0.0037782328536307345
leaf_weight=227 150 1438 174
leaf_count=227 150 1438 174
internal_value=5.73581e-05 -0.000133513 0.000235366
internal_weight=1989 1839 1612
internal_count=1989 1839 1612
is_linear=0
shrinkage=0.05


Tree=275
num_leaves=7
num_cat=0
split_feature=5 6 1 6 12 8
split_gain=0.328439 2.5376 2.92513 1.25483 1.44927 1.04033
threshold=0.014999999999999987 4.5767704521477954 1.4069641787077445 4.6230092887336962 0.084619875977197723 0.45187084173642283
decision_type=2 2 2 2 2 2
left_child=3 -2 -3 4 -1 -5
right_child=1 2 -4 5 -6 -7
leaf_value=0.00024821752061446512 0.0060853829227554401 0.0017753913413136473 -0.0054764301440722888 -0.0015735032472986026 -0.0066264534453230528 0.0018663887390729412
leaf_weight=151 174 407 205 365 150 537
leaf_count=151 174 407 205 365 150 537
internal_value=5.60194e-05 0.000847907 -0.000678426 -0.000462742 -0.00322999 0.000473414
internal_weight=1989 786 612 1203 301 902
internal_count=1989 786 612 1203 301 902
is_linear=0
shrinkage=0.05


Tree=276
num_leaves=7
num_cat=0
split_feature=3 0 11 11 11 2
split_gain=0.329448 1.58288 0.997511 2.96392 1.47279 0.80364
threshold=-0.99689951152387024 0.38000000000000006 0.67368457498306267 0.1088304259088458 0.88186077966198106 0.028722813232690141
decision_type=2 2 2 2 2 2
left_child=1 -1 3 -2 -4 -3
right_child=2 5 4 -5 -6 -7
leaf_value=0.0020157317505648219 0.0012424574562983747 -0.0057459557091067669 0.0061114146374166012 -0.004768770093291891 -3.6591538447934673e-05 -0.00065718861356858294
leaf_weight=244 769 159 165 274 228 150
leaf_count=244 769 159 165 274 228 150
internal_value=5.98326e-05 -0.000971835 0.000459119 -0.000351932 0.00258898 -0.00332548
internal_weight=1989 553 1436 1043 393 309
internal_count=1989 553 1436 1043 393 309
is_linear=0
shrinkage=0.05


Tree=277
num_leaves=4
num_cat=0
split_feature=1 6 2
split_gain=0.343887 0.631718 1.25763
threshold=1.6047387942842388 4.3571574255199765 0.012990381056766606
decision_type=2 2 2
left_child=1 -1 -3
right_child=-2 2 -4
leaf_value=-0.0025698433509738798 0.0023219084210934176 -0.0028619234348562631 0.00084863500609964893
leaf_weight=227 150 270 1342
leaf_count=227 150 270 1342
internal_value=6.00675e-05 -0.000130218 0.000220212
internal_weight=1989 1839 1612
internal_count=1989 1839 1612
is_linear=0
shrinkage=0.05


Tree=278
num_leaves=5
num_cat=0
split_feature=4 12 13 12
split_gain=0.365153 0.618111 2.79343 2.34387
threshold=0.0086602540378444091 0.18437399408868618 -0.19704003261902506 0.60005097898815907
decision_type=2 2 10 2
left_child=-1 2 -2 -3
right_child=1 3 -4 -5
leaf_value=0.0017619169389945456 0.0048685675419597747 0.004815989971509671 -0.0022554979702840458 -0.0010747533100179795
leaf_weight=267 161 246 803 512
leaf_count=267 161 246 803 512
internal_value=5.92514e-05 -0.000209088 -0.00104671 0.00085605
internal_weight=1989 1722 964 758
internal_count=1989 1722 964 758
is_linear=0
shrinkage=0.05


Tree=279
num_leaves=4
num_cat=0
split_feature=4 13 4
split_gain=0.337919 0.800877 1.56239
threshold=0.010897247358851676 0.21312071254542289 0.019182500757808175
decision_type=2 10 2
left_child=-1 2 -2
right_child=1 -3 -4
leaf_value=0.0016250181454727109 -0.0041546150022563899 0.0025941707525268063 0.00011831720094124742
leaf_weight=290 254 217 1228
leaf_count=290 254 217 1228
internal_value=6.27513e-05 -0.000207896 -0.000625528
internal_weight=1989 1699 1482
internal_count=1989 1699 1482
is_linear=0
shrinkage=0.05


Tree=280
num_leaves=6
num_cat=0
split_feature=5 5 5 1 4
split_gain=0.33489 0.872053 1.2358 0.67722 0.546805
threshold=-0.060000000000000019 -0.027499999999999965 -0.0074999999999999503 -1.0335335038386584 0.04383918030339936
decision_type=2 2 2 2 2
left_child=3 -2 -3 4 -1
right_child=1 2 -4 -5 -6
leaf_value=-0.0018138364515012239 0.0029352138881531963 -0.0036426474202779081 0.00056350798029075361 -0.0036255058576352898 0.0023212682935723496
leaf_weight=152 277 205 1032 165 158
leaf_count=152 277 205 1032 165 158
internal_value=6.23824e-05 0.000426025 -0.000145409 -0.00108904 0.000297125
internal_weight=1989 1514 1237 475 310
internal_count=1989 1514 1237 475 310
is_linear=0
shrinkage=0.05


Tree=281
num_leaves=6
num_cat=0
split_feature=8 8 1 1 11
split_gain=0.33056 1.74574 1.10428 1.38912 0.992974
threshold=0.5572050903531317 0.5030946977499805 -0.84536373328492953 0.50000000000000022 -0.87786110631938596
decision_type=2 2 2 2 2
left_child=1 4 -2 -4 -1
right_child=2 -3 3 -5 -6
leaf_value=0.0034124520945416135 0.0018195251342345835 0.0048839401347364119 -0.0054498038609925008 -5.7422723974796786e-05 -0.00090363599582260609
leaf_weight=152 268 192 189 311 877
leaf_count=152 268 192 189 311 877
internal_value=6.12874e-05 0.000571684 -0.000748612 -0.00212952 -0.000252661
internal_weight=1989 1221 768 500 1029
internal_count=1989 1221 768 500 1029
is_linear=0
shrinkage=0.05


Tree=282
num_leaves=4
num_cat=0
split_feature=11 3 6
split_gain=0.350581 1.18175 1.50919
threshold=-0.91532356630411371 1.3416407864998745 4.3571574255199765
decision_type=2 2 2
left_child=-1 2 -2
right_child=1 -3 -4
leaf_value=-0.0015673978103351008 -0.0042347593572486207 0.0033724266235962454 0.00041270171524306455
leaf_weight=279 198 264 1248
leaf_count=279 198 264 1248
internal_value=5.99302e-05 0.000329237 -0.000236072
internal_weight=1989 1710 1446
internal_count=1989 1710 1446
is_linear=0
shrinkage=0.05


Tree=283
num_leaves=4
num_cat=0
split_feature=0 11 9
split_gain=0.343261 0.836588 0.999768
threshold=0.66000000000000014 0.96076906436096754 -1.3800775031097225
decision_type=2 2 2
left_child=1 2 -1
right_child=-2 -3 -4
leaf_value=0.0036505707150155846 -0.0016643984849372554 0.0037794692356351621 -0.0004592969263575821
leaf_weight=160 247 153 1429
leaf_count=160 247 153 1429
internal_value=6.09028e-05 0.000309598 -3.53122e-05
internal_weight=1989 1742 1589
internal_count=1989 1742 1589
is_linear=0
shrinkage=0.05


Tree=284
num_leaves=6
num_cat=0
split_feature=3 0 1 6 11
split_gain=0.332029 1.42687 1.01869 1.22575 0.773192
threshold=-0.99689951152387024 0.38000000000000006 -0.81649658092772515 5.1088503251600352 -0.065402952137490089
decision_type=2 2 2 2 2
left_child=1 -1 -2 -4 -3
right_child=2 4 3 -5 -6
leaf_value=0.0018605714982719607 0.0041953181882423383 -0.0056779082157189338 0.0012711899493956808 -0.0018641722898323542 -0.00069027639031034229
leaf_weight=244 157 153 756 523 156
leaf_count=244 157 153 756 523 156
internal_value=5.90634e-05 -0.000976634 0.000459913 -1.31678e-05 -0.00321097
internal_weight=1989 553 1436 1279 309
internal_count=1989 553 1436 1279 309
is_linear=0
shrinkage=0.05


Tree=285
num_leaves=6
num_cat=0
split_feature=5 5 6 6 2
split_gain=0.334506 0.807093 2.10916 0.675146 0.982318
threshold=-0.060000000000000019 -0.027499999999999965 4.4559725588872325 5.2955384936997616 0.049662605934921465
decision_type=2 2 2 2 2
left_child=3 -2 -3 4 -1
right_child=1 2 -4 -5 -6
leaf_value=0.0028766644924112105 0.0028339139306750596 0.0042179925081303775 -0.0011019538735223238 -0.0037095152363723913 -0.0026089090711561742
leaf_weight=165 277 223 1014 158 152
leaf_count=165 277 223 1014 158 152
internal_value=5.65488e-05 0.000419997 -0.000129782 -0.0010942 0.00024669
internal_weight=1989 1514 1237 475 317
internal_count=1989 1514 1237 475 317
is_linear=0
shrinkage=0.05


Tree=286
num_leaves=4
num_cat=0
split_feature=4 13 4
split_gain=0.326537 0.736616 1.43459
threshold=0.010897247358851676 0.21312071254542289 0.019182500757808175
decision_type=2 10 2
left_child=-1 2 -2
right_child=1 -3 -4
leaf_value=0.0015914458187959964 -0.0039925001405672128 0.0024770186985381419 0.00010199200887677153
leaf_weight=290 254 217 1228
leaf_count=290 254 217 1228
internal_value=5.57038e-05 -0.000210331 -0.000610828
internal_weight=1989 1699 1482
internal_count=1989 1699 1482
is_linear=0
shrinkage=0.05


Tree=287
num_leaves=5
num_cat=0
split_feature=7 2 12 12
split_gain=0.340992 1.37964 0.794865 1.29702
threshold=-0.71725410380533583 0.034266782494014311 -0.82533206545193216 -0.2353894958226356
decision_type=2 2 2 2
left_child=1 -1 -2 -4
right_child=2 -3 3 -5
leaf_value=0.0016932882281572939 0.0026981947435574098 -0.0045603392629472673 -0.0025589532602634563 0.00083334534087307628
leaf_weight=177 292 167 393 960
leaf_count=177 292 167 393 960
internal_value=5.56062e-05 -0.00136447 0.000355805 -0.000157795
internal_weight=1989 344 1645 1353
internal_count=1989 344 1645 1353
is_linear=0
shrinkage=0.05


Tree=288
num_leaves=6
num_cat=0
split_feature=7 7 7 8 8
split_gain=0.321836 1.64168 1.295 1.22856 0.924298
threshold=0.25738702928303564 0.45324632971643725 0.064196066492499357 0.25668902704758029 0.6032733158886644
decision_type=2 2 2 2 2
left_child=2 -2 3 -1 -3
right_child=1 4 -4 -5 -6
leaf_value=0.0042282055291167882 0.0047947616175734228 -0.0020087851969540281 -0.0044610012814055569 -0.00051791877809840897 0.0020484295508832531
leaf_weight=156 192 366 168 886 221
leaf_count=156 192 366 168 886 221
internal_value=5.50532e-05 0.000844711 -0.000454714 0.000209432 -0.000476882
internal_weight=1989 779 1210 1042 587
internal_count=1989 779 1210 1042 587
is_linear=0
shrinkage=0.05


Tree=289
num_leaves=4
num_cat=0
split_feature=8 8 12
split_gain=0.316934 1.34176 1.25927
threshold=0.18241940047687857 0.26871110920435176 -0.61080754150202399
decision_type=2 2 2
left_child=-1 -2 -3
right_child=1 2 -4
leaf_value=-0.002064917566553678 0.0045438011222039207 0.0020027816091282963 -0.0010383196574842422
leaf_weight=157 160 469 1203
leaf_count=157 160 469 1203
internal_value=5.52853e-05 0.00024211 -0.000181855
internal_weight=1989 1832 1672
internal_count=1989 1832 1672
is_linear=0
shrinkage=0.05


Tree=290
num_leaves=4
num_cat=0
split_feature=7 7 9
split_gain=0.315748 0.781459 0.740896
threshold=0.8668556833555755 0.73095768008255957 0.60329304214781232
decision_type=2 2 2
left_child=1 2 -1
right_child=-2 -3 -4
leaf_value=-0.0003500721452867492 0.0021913842854541054 -0.0033196459856184054 0.0022072928541641778
leaf_weight=1310 154 169 356
leaf_count=1310 154 169 356
internal_value=5.38112e-05 -0.000131049 0.000201369
internal_weight=1989 1835 1666
internal_count=1989 1835 1666
is_linear=0
shrinkage=0.05


Tree=291
num_leaves=6
num_cat=0
split_feature=5 2 2 2 13
split_gain=0.313803 0.828504 1.59382 1.53294 0.657838
threshold=-0.060000000000000019 0.027928388277184121 0.020615528128088333 0.034910600109422353 0.022082599168080762
decision_type=2 2 2 2 8
left_child=4 2 -2 -3 -1
right_child=1 3 -4 -5 -6
leaf_value=0.0011690803925798398 0.00084897556105814241 0.0055686305780063344 -0.0037529267215480411 0.00022019760348758271 -0.002583789084802742
leaf_weight=193 587 182 271 474 282
leaf_count=193 587 182 271 474 282
internal_value=5.19181e-05 0.000403946 -0.000617861 0.00173496 -0.00106264
internal_weight=1989 1514 858 656 475
internal_count=1989 1514 858 656 475
is_linear=0
shrinkage=0.05


Tree=292
num_leaves=4
num_cat=0
split_feature=2 9 7
split_gain=0.315813 0.648968 1.00957
threshold=0.0070710678118654927 1.3044925814055126 0.25738702928303564
decision_type=2 2 2
left_child=-1 2 -2
right_child=1 -3 -4
leaf_value=-0.0020556730943863378 -0.0003065085116438294 -0.0023762743243770229 0.0023259899642719571
leaf_weight=158 1083 205 543
leaf_count=158 1083 205 543
internal_value=5.36955e-05 0.000240819 0.000577046
internal_weight=1989 1831 1626
internal_count=1989 1831 1626
is_linear=0
shrinkage=0.05


Tree=293
num_leaves=6
num_cat=0
split_feature=9 12 12 13 13
split_gain=0.3161 2.05339 2.50451 1.13893 1.12566
threshold=-0.83248564881174847 0.2822716898298705 -0.55556872869698437 0.14764178444099194 0.082257618901979454
decision_type=2 2 2 10 8
left_child=1 2 -1 4 -2
right_child=3 -3 -4 -5 -6
leaf_value=0.0030152578641159033 -0.0004006947829154826 0.0047310357996159132 -0.0058691240513674275 -0.0039054224159028096 0.0037782414532981064
leaf_weight=151 1089 220 157 188 184
leaf_count=151 1089 220 157 188 184
internal_value=5.31826e-05 0.00109581 -0.00153488 -0.00032607 0.000215749
internal_weight=1989 528 308 1461 1273
internal_count=1989 528 308 1461 1273
is_linear=0
shrinkage=0.05


Tree=294
num_leaves=7
num_cat=0
split_feature=11 5 1 6 9 6
split_gain=0.322182 1.45884 1.14662 1.12145 1.96202 1.87857
threshold=0.59130804726902164 0.022500000000000023 -0.50219881102551889 4.8036521166674087 -0.40683565966777196 4.9691183217244719
decision_type=2 2 2 2 2 2
left_child=3 2 -2 4 -1 -5
right_child=1 -3 -4 5 -6 -7
leaf_value=0.0017695113668689526 0.0015144673221844382 0.0043203649860481886 -0.0039814990084392557 0.0055035574836020153 -0.0052107402381415553 -0.00039728183546947657
leaf_weight=161 219 210 160 156 255 828
leaf_count=161 219 210 160 156 255 828
internal_value=5.2786e-05 0.00102891 -0.000827361 -0.000360083 -0.00252032 0.000561311
internal_weight=1989 589 379 1400 416 984
internal_count=1989 589 379 1400 416 984
is_linear=0
shrinkage=0.05


Tree=295
num_leaves=4
num_cat=0
split_feature=0 11 11
split_gain=0.318541 0.791979 0.947348
threshold=0.66000000000000014 0.96076906436096754 0.76756150875342366
decision_type=2 2 2
left_child=1 2 -1
right_child=-2 -3 -4
leaf_value=0.00046637492008553752 -0.0016074507981390944 0.0036702314866235175 -0.0029588340781629089
leaf_weight=1357 247 153 232
leaf_count=1357 247 153 232
internal_value=5.45526e-05 0.000294136 -4.1431e-05
internal_weight=1989 1742 1589
internal_count=1989 1742 1589
is_linear=0
shrinkage=0.05


Tree=296
num_leaves=5
num_cat=0
split_feature=4 12 13 12
split_gain=0.316015 0.577065 2.58702 2.2033
threshold=0.0086602540378444091 0.18437399408868618 -0.19704003261902506 0.60005097898815907
decision_type=2 2 10 2
left_child=-1 2 -2 -3
right_child=1 3 -4 -5
leaf_value=0.001636408706476419 0.0046860067218721631 0.0046713140418389405 -0.002169806685178808 -0.001040063840084902
leaf_weight=267 161 246 803 512
leaf_count=267 161 246 803 512
internal_value=5.2439e-05 -0.000197186 -0.00100653 0.000831962
internal_weight=1989 1722 964 758
internal_count=1989 1722 964 758
is_linear=0
shrinkage=0.05


Tree=297
num_leaves=6
num_cat=0
split_feature=2 2 12 2 13
split_gain=0.3092 1.81966 1.64379 1.6423 1.0405
threshold=0.041503001010622917 0.049180788932264997 0.46384374188186689 0.036742346141747678 0.0071638110076494678
decision_type=2 2 2 2 8
left_child=3 -2 -3 4 -1
right_child=1 2 -4 -5 -6
leaf_value=-0.0012064798835032743 0.0051120916063981982 -0.0031300568343322478 0.0029920328615440266 -0.0050790127138235818 0.0017286184652749897
leaf_weight=596 182 276 175 158 602
leaf_count=596 182 276 175 158 602
internal_value=5.58069e-05 0.00096392 -0.000747763 -0.000370097 0.000269474
internal_weight=1989 633 451 1356 1198
internal_count=1989 633 451 1356 1198
is_linear=0
shrinkage=0.05


Tree=298
num_leaves=6
num_cat=0
split_feature=3 8 6 1 9
split_gain=0.315789 1.30266 1.38139 0.936513 1.19682
threshold=-0.99689951152387024 0.37377856794739467 5.1970862029209925 -0.81649658092772515 -0.029572594650314664
decision_type=2 2 2 2 2
left_child=1 -1 -3 -2 -5
right_child=3 2 -4 4 -6
leaf_value=0.0027586294326953547 0.004026535949252983 -0.0049822665772964389 0.00099243286060213677 -0.0016185213327444157 0.0014332148646387984
leaf_weight=162 157 228 163 604 675
leaf_count=162 157 228 163 604 675
internal_value=5.40407e-05 -0.000956 -0.00251045 0.000444973 -8.63971e-06
internal_weight=1989 553 391 1436 1279
internal_count=1989 553 391 1436 1279
is_linear=0
shrinkage=0.05


Tree=299
num_leaves=7
num_cat=0
split_feature=11 11 12 6 9 6
split_gain=0.310134 1.46229 1.23292 0.996526 1.84308 1.76961
threshold=0.59130804726902164 0.76756150875342366 0.17132013439805233 4.8036521166674087 -0.40683565966777196 4.9691183217244719
decision_type=2 2 2 2 2 2
left_child=3 -2 -3 4 -1 -5
right_child=1 2 -4 5 -6 -7
leaf_value=0.0017691387649042059 0.0051512427628040321 -0.0025223647731790044 0.0028877066870165221 0.0053143845651275629 -0.0049952722613054975 -0.00041267422949146183
leaf_weight=161 152 272 165 156 255 828
leaf_count=161 152 272 165 156 255 828
internal_value=5.40244e-05 0.00101172 -0.000470102 -0.000351057 -0.0023874 0.000517551
internal_weight=1989 589 437 1400 416 984
internal_count=1989 589 437 1400 416 984
is_linear=0
shrinkage=0.05


end of trees

feature_importances:
Column_2=128
Column_6=127
Column_8=127
Column_0=120
Column_13=115
Column_9=114
Column_7=108
Column_1=105
Column_11=102
Column_4=82
Column_3=77
Column_5=68
Column_12=66

parameters:
[boosting: gbdt]
[objective: huber]
[metric: huber]
[tree_learner: serial]
[device_type: cpu]
[data_sample_strategy: bagging]
[data: ]
[valid: ]
[num_iterations: 300]
[learning_rate: 0.05]
[num_leaves: 7]
[num_threads: 4]
[seed: 0]
[deterministic: 0]
[force_col_wise: 0]
[force_row_wise: 0]
[histogram_pool_size: -1]
[max_depth: 3]
[min_data_in_leaf: 150]
[min_sum_hessian_in_leaf: 0.001]
[bagging_fraction: 0.9]
[pos_bagging_fraction: 1]
[neg_bagging_fraction: 1]
[bagging_freq: 0]
[bagging_seed: 7719]
[bagging_by_query: 0]
[feature_fraction: 0.9]
[feature_fraction_bynode: 1]
[feature_fraction_seed: 2437]
[extra_trees: 0]
[extra_seed: 11797]
[early_stopping_round: 0]
[early_stopping_min_delta: 0]
[first_metric_only: 0]
[max_delta_step: 0]
[lambda_l1: 0]
[lambda_l2: 5]
[linear_lambda: 0]
[min_gain_to_split: 0]
[drop_rate: 0.1]
[max_drop: 50]
[skip_drop: 0.5]
[xgboost_dart_mode: 0]
[uniform_drop: 0]
[drop_seed: 21238]
[top_rate: 0.2]
[other_rate: 0.1]
[min_data_per_group: 100]
[max_cat_threshold: 32]
[cat_l2: 10]
[cat_smooth: 10]
[max_cat_to_onehot: 4]
[top_k: 20]
[monotone_constraints: ]
[monotone_constraints_method: basic]
[monotone_penalty: 0]
[feature_contri: ]
[forcedsplits_filename: ]
[refit_decay_rate: 0.9]
[cegb_tradeoff: 1]
[cegb_penalty_split: 0]
[cegb_penalty_feature_lazy: ]
[cegb_penalty_feature_coupled: ]
[path_smooth: 0]
[interaction_constraints: ]
[verbosity: -1]
[saved_feature_importance_type: 0]
[use_quantized_grad: 0]
[num_grad_quant_bins: 4]
[quant_train_renew_leaf: 0]
[stochastic_rounding: 1]
[linear_tree: 0]
[max_bin: 255]
[max_bin_by_feature: ]
[min_data_in_bin: 3]
[bin_construct_sample_cnt: 200000]
[data_random_seed: 38]
[is_enable_sparse: 1]
[enable_bundle: 1]
[use_missing: 1]
[zero_as_missing: 0]
[feature_pre_filter: 1]
[pre_partition: 0]
[two_round: 0]
[header: 0]
[label_column: ]
[weight_column: ]
[group_column: ]
[ignore_column: ]
[categorical_feature: ]
[forcedbins_filename: ]
[precise_float_parser: 0]
[parser_config_file: ]
[objective_seed: 8855]
[num_class: 1]
[is_unbalance: 0]
[scale_pos_weight: 1]
[sigmoid: 1]
[boost_from_average: 1]
[reg_sqrt: 0]
[alpha: 1]
[fair_c: 1]
[poisson_max_delta_step: 0.7]
[tweedie_variance_power: 1.5]
[lambdarank_truncation_level: 30]
[lambdarank_norm: 1]
[label_gain: ]
[lambdarank_position_bias_regularization: 0]
[eval_at: ]
[multi_error_top_k: 1]
[auc_mu_weights: ]
[num_machines: 1]
[local_listen_port: 12400]
[time_out: 120]
[machine_list_filename: ]
[machines: ]
[gpu_platform_id: -1]
[gpu_device_id: -1]
[gpu_use_dp: 0]
[num_gpu: 1]

end of parameters

pandas_categorical:null
