tree
version=v4
num_class=1
num_tree_per_iteration=1
label_index=0
max_feature_idx=13
objective=huber
feature_names=Column_0 Column_1 Column_2 Column_3 Column_4 Column_5 Column_6 Column_7 Column_8 Column_9 Column_10 Column_11 Column_12 Column_13
feature_infos=[0.014999999999999999:0.98499999999999999] [-3.2206441932644192:3.157430933968004] [0:0.24821410728553595] [-1.7320508075688898:1.7320508075688996] [0:0.17826858248160277] [-0.85000000000000009:0.68000000000000005] [2.4647039424704809:8.7643922743790643] [-0.99853222348764381:0.99985842336633868] [0:0.88108161446904687] [-2.8339639794320037:2.7213008276375952] [0.0099999999999998979:0.12999999999999995] [-0.99996380310153576:0.99996380310153576] [-0.99996380310153576:0.99996380310153576] [-0.67240425809473159:0.5843704362672697]
tree_sizes=756 768 770 768 774 772 768 772 775 770 773 769 769 771 772 774 768 764 769 774 771 776 769 769 684 686 689 773 686 779 773 690 691 782 774 688 688 779 689 785 773 691 772 774 689 695 773 690 772 694 610 516 684 687 690 776 772 513 608 772 518 608 605 771 518 604 604 692 604 774 608 693 609 604 693 605 773 607 604 603 607 777 517 607 607 605 602 605 771 520 519 605 609 604 598 607 774 609 519 519 694 611 519 690 615 778 518 602 695 610 606 607 696 519 692 608 518 777 607 604 783 694 695 605 517 781 690 518 612 521 695 604 694 521 616 609 521 695 608 692 518 775 606 614 602 516 698 696 696 521 607 604 783 602 613 695 775 602 692 691 607 611 698 605 608 521 516 517 701 696 699 694 521 604 772 613 699 773 607 520 607 520 776 774 697 518 609 603 692 519 609 608 779 518 518 700 701 605 604 610 518 601 697 519 606 520 774 607 603 608 605 519 690 606 695 604 768 782 519 600 516 609 521 784 696 523 522 699 606 609 693 692 606 605 782 606 610 519 701 610 516 611 520 689 700 784 695 609 605 695 612 610 697 694 517 605 694 608 522 694 691 785 523 694 688 608 698 688 698 609 518 604 693 696 520 692 523 779 523 518 699 606 610 690 605 519 518 608 690 697 698 519 521 523 612 691 614 518 693 601

Tree=0
num_leaves=7
num_cat=0
split_feature=0 0 0 2 5 11
split_gain=154.978 19.828 16.8484 10.2607 3.57903 2.92486
threshold=0.31750000000000006 0.15000000000000005 0.56750000000000012 0.071289583582039837 0.055000000000000028 0.013235027041170286
decision_type=2 2 2 2 2 2
left_child=1 -1 3 -2 -4 -3
right_child=2 5 4 -5 -6 -7
leaf_value=-0.13065058698380128 -0.098632622488702221 -0.11550501090354419 -0.079573702363697096 -0.085591712026839017 -0.086201375395177152 -0.10603920742428802
leaf_weight=202 448 213 311 223 592 211
leaf_count=202 448 213 311 223 592 211
internal_value=-0.096718 -0.117654 -0.0883271 -0.0943057 -0.0838796 -0.111048
internal_weight=2200 626 1574 671 903 424
internal_count=2200 626 1574 671 903 424
is_linear=0
shrinkage=1


Tree=1
num_leaves=7
num_cat=0
split_feature=0 0 0 2 11 1
split_gain=141.811 17.5982 15.4509 9.58292 6.75992 5.87831
threshold=0.31750000000000006 0.20000000000000004 0.56750000000000012 0.071289583582039837 0.013235027041170286 1.6398856821121541
decision_type=2 2 2 2 2 2
left_child=1 -1 3 -2 -3 -4
right_child=2 4 5 -5 -6 -7
leaf_value=-0.035976859182119368 -0.0093277099577270071 -0.025632494000288161 0.0067244365881353428 0.003275006186021002 -0.010485318933541959 -0.0036702688295571582
leaf_weight=311 448 164 740 223 151 163
leaf_count=311 448 164 740 223 151 163
internal_value=-0.00744759 -0.0274743 0.000579068 -0.00514608 -0.0186488 0.00483822
internal_weight=2200 626 1574 671 315 903
internal_count=2200 626 1574 671 315 903
is_linear=0
shrinkage=0.05


Tree=2
num_leaves=7
num_cat=0
split_feature=0 0 0 3 13 11
split_gain=129.659 16.0288 14.2506 6.4455 5.19231 2.37032
threshold=0.31750000000000006 0.15000000000000005 0.50000000000000011 -0.39056673294247146 -0.15197043850386163 0.013235027041170286
decision_type=2 2 2 2 8 2
left_child=1 -1 3 -2 -4 -3
right_child=2 5 4 -5 -6 -7
leaf_value=-0.038005076456761017 -0.012509633873371367 -0.02438553262741194 0.0084777291408403132 -0.0010819651325990199 0.0012022262433928818 -0.015813029405695421
leaf_weight=202 230 213 371 262 711 211
leaf_count=202 230 213 371 262 711 211
internal_value=-0.00715598 -0.0263054 0.000519171 -0.00649627 0.0037244 -0.0203535
internal_weight=2200 626 1574 492 1082 424
internal_count=2200 626 1574 492 1082 424
is_linear=0
shrinkage=0.05


Tree=3
num_leaves=7
num_cat=0
split_feature=0 0 0 2 11 1
split_gain=118.607 14.3628 13.278 8.91414 5.77343 5.32907
threshold=0.31750000000000006 0.20000000000000004 0.56750000000000012 0.071289583582039837 0.013235027041170286 1.6398856821121541
decision_type=2 2 2 2 2 2
left_child=1 -1 3 -2 -3 -4
right_child=2 4 5 -5 -6 -7
leaf_value=-0.032883874157184294 -0.0088806491419179557 -0.02366432960216816 0.0062047852730791045 0.0032728175583638646 -0.0096677101575411289 -0.0036891203839331866
leaf_weight=311 448 164 740 223 151 163
leaf_count=311 448 164 740 223 151 163
internal_value=-0.00688103 -0.0251961 0.000459823 -0.00484724 -0.0172107 0.00440836
internal_weight=2200 626 1574 671 315 903
internal_count=2200 626 1574 671 315 903
is_linear=0
shrinkage=0.05


Tree=4
num_leaves=7
num_cat=0
split_feature=0 0 0 3 13 11
split_gain=108.438 12.9361 12.3858 6.00999 4.67823 1.91239
threshold=0.31750000000000006 0.15000000000000005 0.50000000000000011 -0.39056673294247146 -0.15197043850386163 0.013235027041170286
decision_type=2 2 2 2 8 2
left_child=1 -1 3 -2 -4 -3
right_child=2 5 4 -5 -6 -7
leaf_value=-0.034648981877571143 -0.011939398253217657 -0.022407519161154372 0.0079070419320797034 -0.00090766835971717991 0.0010025104299687139 -0.014654725445089518
leaf_weight=202 230 213 371 262 711 211
leaf_count=202 230 213 371 262 711 211
internal_value=-0.00661218 -0.0241246 0.000407055 -0.00613301 0.00339544 -0.0187652
internal_weight=2200 626 1574 492 1082 424
internal_count=2200 626 1574 492 1082 424
is_linear=0
shrinkage=0.05


Tree=5
num_leaves=7
num_cat=0
split_feature=0 0 0 3 13 8
split_gain=99.1948 11.7146 11.4661 5.62173 4.23376 1.05545
threshold=0.31750000000000006 0.20000000000000004 0.50000000000000011 -0.39056673294247146 -0.15197043850386163 0.61744225736843805
decision_type=2 2 2 2 8 2
left_child=1 -1 3 -2 -4 -3
right_child=2 5 4 -5 -6 -7
leaf_value=-0.030057164130708844 -0.011553272769806234 -0.018960292346378756 0.0075222047630380444 -0.00088370206873961609 0.00095384352419046719 -0.012043612469465306
leaf_weight=311 230 164 371 262 711 151
leaf_count=311 230 164 371 262 711 151
internal_value=-0.00635865 -0.023108 0.000354866 -0.00593756 0.00323027 -0.0158847
internal_weight=2200 626 1574 492 1082 315
internal_count=2200 626 1574 492 1082 315
is_linear=0
shrinkage=0.05


Tree=6
num_leaves=7
num_cat=0
split_feature=0 0 0 7 11 1
split_gain=90.7505 10.7085 10.4073 8.33178 4.85084 4.84443
threshold=0.31750000000000006 0.56750000000000012 0.20000000000000004 -0.616469527165039 0.013235027041170286 1.6398856821121541
decision_type=2 2 2 2 2 2
left_child=2 3 -1 -2 -4 -3
right_child=1 5 4 -5 -6 -7
leaf_value=-0.028692225197070764 -0.013503771343746702 0.0055661779112063797 -0.021222015827365177 -0.0010410702757297024 -0.0084262555035261016 -0.0038616869443406665
leaf_weight=311 180 740 164 491 151 163
leaf_count=311 180 740 164 491 151 163
internal_value=-0.00611532 0.000306188 -0.0221359 -0.00445942 -0.0153157 0.00385247
internal_weight=2200 1574 626 671 315 903
internal_count=2200 1574 626 671 315 903
is_linear=0
shrinkage=0.05


Tree=7
num_leaves=7
num_cat=0
split_feature=0 13 0 0 13 8
split_gain=82.9569 10.2607 9.49582 9.33508 2.80894 1.23747
threshold=0.31750000000000006 -0.14669390627095044 0.15000000000000005 0.56750000000000012 -0.25017232331907069 0.65256400355473609
decision_type=2 8 2 2 10 2
left_child=2 4 -1 -3 -2 -4
right_child=1 3 5 -5 -6 -7
leaf_value=-0.030227222246824254 0.0019123966171257737 -0.0071309832263082157 -0.018786366930144665 0.0020288554938746894 0.0097596572086599918 -0.012100651418009112
leaf_weight=202 202 529 274 577 266 150
leaf_count=202 202 529 274 577 266 150
internal_value=-0.00587776 0.000261927 -0.021195 -0.00236467 0.00642861 -0.0165897
internal_weight=2200 1574 626 1106 468 424
internal_count=2200 1574 626 1106 468 424
is_linear=0
shrinkage=0.05


Tree=8
num_leaves=7
num_cat=0
split_feature=0 13 0 0 11 13
split_gain=75.9294 9.49306 8.65416 8.43472 4.33888 2.58441
threshold=0.31750000000000006 -0.14669390627095044 0.56750000000000012 0.20000000000000004 0.013235027041170286 -0.25017232331907069
decision_type=2 8 2 2 2 10
left_child=3 5 -3 -1 -5 -2
right_child=1 2 -4 4 -6 -7
leaf_value=-0.02621308183179626 0.0018241677109314049 -0.0068912803568643571 0.0019282839961887637 -0.019730798291736809 -0.0076530794875744063 0.0093509042188800132
leaf_weight=311 202 529 577 164 151 266
leaf_count=311 202 529 577 164 151 266
internal_value=-0.00564975 0.000224202 -0.00230214 -0.0203038 -0.0141512 0.00615581
internal_weight=2200 1574 1106 626 315 468
internal_count=2200 1574 1106 626 315 468
is_linear=0
shrinkage=0.05


Tree=9
num_leaves=7
num_cat=0
split_feature=0 13 0 0 11 11
split_gain=69.4294 8.78158 8.02367 7.63948 2.47721 1.46852
threshold=0.31750000000000006 -0.14669390627095044 0.56750000000000012 0.15000000000000005 0.09566478273832088 -0.45204460904559257
decision_type=2 8 2 2 2 2
left_child=3 4 -3 -1 -2 -5
right_child=1 2 -4 5 -6 -7
leaf_value=-0.027555169690634318 0.0020272111154149195 -0.006659635415907657 0.0018326984776049545 -0.019340213669274381 0.0093317429464026148 -0.0124850107042977
leaf_weight=202 224 529 577 162 244 262
leaf_count=202 224 529 577 162 244 262
internal_value=-0.00542812 0.000188867 -0.00224088 -0.0194409 0.00589394 -0.0152991
internal_weight=2200 1574 1106 626 468 424
internal_count=2200 1574 1106 626 468 424
is_linear=0
shrinkage=0.05


Tree=10
num_leaves=7
num_cat=0
split_feature=0 0 0 3 8 11
split_gain=63.5228 8.1464 6.84753 5.08946 3.76763 3.75675
threshold=0.31750000000000006 0.50000000000000011 0.20000000000000004 -0.39056673294247146 0.65301891860389116 0.013235027041170286
decision_type=2 2 2 2 2 2
left_child=2 3 -1 -2 -3 -4
right_child=1 4 5 -5 -6 -7
leaf_value=-0.023953670857450631 -0.010492833802040587 0.0049275523245177538 -0.018258289666570858 -0.00035144037075257036 -0.0010990179235237502 -0.0070269906368011087
leaf_weight=311 230 659 164 262 423 151
leaf_count=311 230 659 164 262 423 151
internal_value=-0.00521966 0.000153176 -0.0186232 -0.0051502 0.00257729 -0.0130683
internal_weight=2200 1574 626 492 1082 315
internal_count=2200 1574 626 492 1082 315
is_linear=0
shrinkage=0.05


Tree=11
num_leaves=7
num_cat=0
split_feature=0 0 13 8 6 13
split_gain=58.1999 11.8945 4.17906 6.34565 3.66312 1.64699
threshold=0.40750000000000008 0.20000000000000004 -0.14669390627095044 0.65504132574206941 6.9490363404682025 -0.21383529193882606
decision_type=2 2 8 2 2 10
left_child=1 -1 5 -4 -3 -2
right_child=2 4 3 -5 -6 -7
leaf_value=-0.022865901368705532 0.0030771979858290476 -0.01296881143618556 0.0028082102223513875 -0.0058135915735531988 -0.00370724468659132 0.0095368929553085457
leaf_weight=311 260 407 577 332 151 162
leaf_count=311 260 407 577 332 151 162
internal_value=-0.00501759 -0.0150425 0.00155937 -0.000355363 -0.0105177 0.00563962
internal_weight=2200 869 1331 909 558 422
internal_count=2200 869 1331 909 558 422
is_linear=0
shrinkage=0.05


Tree=12
num_leaves=7
num_cat=0
split_feature=0 0 13 8 6 0
split_gain=53.5366 10.6687 3.80747 5.79744 3.36739 1.67742
threshold=0.40750000000000008 0.24000000000000002 -0.14669390627095044 0.65504132574206941 6.5999997397622003 0.15000000000000005
decision_type=2 2 8 2 2 2
left_child=1 5 -2 -4 -3 -1
right_child=2 4 3 -5 -6 -7
leaf_value=-0.024034046954002936 0.0053845747603011914 -0.013592691508542122 0.0026861351514651196 -0.005554826576428527 -0.0049826583810268889 -0.016233900627669166
leaf_weight=202 422 221 577 332 247 199
leaf_count=202 422 221 577 332 247 199
internal_value=-0.00481804 -0.0144329 0.00148995 -0.000337687 -0.00914921 -0.0204107
internal_weight=2200 869 1331 909 468 401
internal_count=2200 869 1331 909 468 401
is_linear=0
shrinkage=0.05


Tree=13
num_leaves=7
num_cat=0
split_feature=0 0 8 12 13 2
split_gain=49.2325 9.56991 3.52386 4.31869 3.64413 2.90614
threshold=0.40750000000000008 0.24000000000000002 0.66620285794737222 0.5372801597674558 -0.14669390627095044 0.072584954123317488
decision_type=2 2 2 2 8 2
left_child=1 -1 3 -2 -4 -3
right_child=2 5 4 -5 -6 -7
leaf_value=-0.01951073623936752 0.00090538925417549981 -0.011652150978676428 0.0038196233441916911 0.0084537691656838762 -0.0055006548164749309 -0.0032365248781262021
leaf_weight=401 614 308 159 270 288 160
leaf_count=401 614 308 159 270 288 160
internal_value=-0.00462701 -0.0138473 0.00142212 0.00324547 -0.00217981 -0.00883964
internal_weight=2200 869 1331 884 447 468
internal_count=2200 869 1331 884 447 468
is_linear=0
shrinkage=0.05


Tree=14
num_leaves=7
num_cat=0
split_feature=0 0 13 8 6 13
split_gain=45.3115 8.64183 3.28334 4.85483 3.27123 1.54427
threshold=0.40750000000000008 0.20000000000000004 -0.14669390627095044 0.65504132574206941 6.9490363404682025 -0.21383529193882606
decision_type=2 2 8 2 2 10
left_child=1 -1 5 -4 -3 -2
right_child=2 4 3 -5 -6 -7
leaf_value=-0.019962412826245345 0.0025098025925316902 -0.01173690209544978 0.0024314387157380172 -0.0051098964279324083 -0.0030098095918313053 0.0087453291450298124
leaf_weight=311 260 407 577 332 151 162
leaf_count=311 260 407 577 332 151 162
internal_value=-0.00444201 -0.0132875 0.00136125 -0.000335818 -0.00942297 0.00497791
internal_weight=2200 869 1331 909 558 422
internal_count=2200 869 1331 909 558 422
is_linear=0
shrinkage=0.05


Tree=15
num_leaves=7
num_cat=0
split_feature=0 13 0 0 11 11
split_gain=41.7752 6.13937 6.11034 3.98397 2.22076 1.32422
threshold=0.31750000000000006 -0.14669390627095044 0.56750000000000012 0.15000000000000005 0.09566478273832088 -0.45204460904559257
decision_type=2 8 2 2 2 2
left_child=3 4 -3 -1 -2 -5
right_child=1 2 -4 5 -6 -7
leaf_value=-0.021027425924936931 0.0012219744331841906 -0.0057940140087506297 0.0016168403768867152 -0.015829129829378185 0.0081156030379564894 -0.0095616825622565748
leaf_weight=202 224 529 577 162 244 262
leaf_count=202 224 529 577 162 244 262
internal_value=-0.00426372 9.34863e-05 -0.0019379 -0.0151333 0.00486388 -0.0121129
internal_weight=2200 1574 1106 626 468 424
internal_count=2200 1574 1106 626 468 424
is_linear=0
shrinkage=0.05


Tree=16
num_leaves=7
num_cat=0
split_feature=0 0 8 12 0 6
split_gain=38.4848 7.10255 2.98769 3.95102 3.13176 2.96848
threshold=0.40750000000000008 0.24000000000000002 0.66620285794737222 0.5372801597674558 0.56750000000000012 6.5999997397622003
decision_type=2 2 2 2 2 2
left_child=1 -1 3 -2 -4 -3
right_child=2 5 4 -5 -6 -7
leaf_value=-0.017134627883363826 0.00069040733424161288 -0.01209598177038463 -0.0077748643364875941 0.0079083923958241948 0.00095278938983877509 -0.0040399970161536384
leaf_weight=401 614 221 152 270 295 247
leaf_count=401 614 221 152 270 295 247
internal_value=-0.00410026 -0.0122522 0.00124802 0.00292708 -0.00206818 -0.00793186
internal_weight=2200 869 1331 884 447 468
internal_count=2200 869 1331 884 447 468
is_linear=0
shrinkage=0.05


Tree=17
num_leaves=7
num_cat=0
split_feature=0 0 8 12 0 6
split_gain=35.3784 6.37097 2.7632 3.6217 2.90459 2.74919
threshold=0.40750000000000008 0.24000000000000002 0.66620285794737222 0.5372801597674558 0.56750000000000012 6.5999997397622003
decision_type=2 2 2 2 2 2
left_child=1 -1 3 -2 -4 -3
right_child=2 5 4 -5 -6 -7
leaf_value=-0.016383405081157026 0.00065967932521021047 -0.011670481552064946 -0.0074985443786451016 0.007570300771092827 0.00090673737848798435 -0.0039165525209336055
leaf_weight=401 614 221 152 270 295 247
leaf_count=401 614 221 152 270 295 247
internal_value=-0.0039416 -0.0117576 0.00118632 0.0028011 -0.00200277 -0.00766279
internal_weight=2200 869 1331 884 447 468
internal_count=2200 869 1331 884 447 468
is_linear=0
shrinkage=0.05


Tree=18
num_leaves=7
num_cat=0
split_feature=0 0 2 8 12 0
split_gain=32.5246 5.71242 2.59042 2.555 3.31944 2.69343
threshold=0.40750000000000008 0.24000000000000002 0.072584954123317488 0.66620285794737222 0.5372801597674558 0.56750000000000012
decision_type=2 2 2 2 2 2
left_child=1 -1 -3 4 -2 -5
right_child=3 2 -4 5 -6 -7
leaf_value=-0.015665118440325039 0.00063031863764241363 -0.010053274044975306 -0.0021508331732316452 -0.0072310806269858295 0.0072462641344913708 0.00086303559566537538
leaf_weight=401 614 308 160 152 270 295
leaf_count=401 614 308 160 152 270 295
internal_value=-0.00378915 -0.0112833 -0.00740288 0.00112764 0.00268042 -0.00193887
internal_weight=2200 869 468 1331 884 447
internal_count=2200 869 468 1331 884 447
is_linear=0
shrinkage=0.05


Tree=19
num_leaves=7
num_cat=0
split_feature=0 0 6 13 8 13
split_gain=29.8979 5.17483 2.85807 2.71661 3.80458 1.47342
threshold=0.40750000000000008 0.20000000000000004 6.9490363404682025 -0.14669390627095044 0.65504132574206941 -0.21383529193882606
decision_type=2 2 2 8 2 10
left_child=1 -1 -3 5 -5 -2
right_child=3 2 -4 4 -6 -7
leaf_value=-0.016000889284135421 0.0019635778665542604 -0.0099872940084309251 -0.0018738000820844602 0.0019795257516550956 -0.0046966801776111306 0.0080360686950229424
leaf_weight=311 260 407 151 577 332 162
leaf_count=311 260 407 151 577 332 162
internal_value=-0.00364249 -0.0108276 -0.00782785 0.00107161 -0.000471222 0.00436153
internal_weight=2200 869 558 1331 909 422
internal_count=2200 869 558 1331 909 422
is_linear=0
shrinkage=0.05


Tree=20
num_leaves=7
num_cat=0
split_feature=0 0 13 8 6 11
split_gain=27.5242 4.6677 2.49254 3.47891 2.42731 1.36662
threshold=0.40750000000000008 0.24000000000000002 -0.14669390627095044 0.65504132574206941 6.5999997397622003 0.074108489411554207
decision_type=2 2 8 2 2 2
left_child=1 -1 5 -4 -3 -2
right_child=2 4 3 -5 -6 -7
leaf_value=-0.014352886540255525 0.0011058518332727437 -0.010640650196413024 0.0018929641731435442 -0.0044911136159822571 -0.0033676905527947444 0.0068112521231028069
leaf_weight=401 198 221 577 332 247 224
leaf_count=401 198 221 577 332 247 224
internal_value=-0.00349581 -0.0103898 0.00102729 -0.000450547 -0.00687832 0.00417861
internal_weight=2200 869 1331 909 468 422
internal_count=2200 869 1331 909 468 422
is_linear=0
shrinkage=0.05


Tree=21
num_leaves=7
num_cat=0
split_feature=0 0 5 0 2 0
split_gain=25.3367 4.18152 2.45024 4.43419 2.35923 0.852799
threshold=0.40750000000000008 0.24000000000000002 -0.070000000000000007 0.56750000000000012 0.072584954123317488 0.15000000000000005
decision_type=2 2 2 2 2 2
left_child=1 5 -2 -4 -3 -1
right_child=2 4 3 -5 -6 -7
leaf_value=-0.016266409296920335 0.0064623421489518919 -0.0091723617178182636 -0.004969950092183816 0.0019989262936617267 -0.0016483111092538546 -0.010807077330993672
leaf_weight=202 172 308 306 853 160 199
leaf_count=202 172 308 306 853 160 199
internal_value=-0.00335667 -0.00997107 0.000982978 0.000145554 -0.00664465 -0.0137236
internal_weight=2200 869 1331 1159 468 401
internal_count=2200 869 1331 1159 468 401
is_linear=0
shrinkage=0.05


Tree=22
num_leaves=7
num_cat=0
split_feature=0 0 4 8 6 0
split_gain=23.291 3.7415 2.3731 2.90106 2.23417 0.734448
threshold=0.40750000000000008 0.24000000000000002 0.059345381511856483 0.66620285794737222 6.5999997397622003 0.15000000000000005
decision_type=2 2 2 2 2 2
left_child=1 5 3 -2 -3 -1
right_child=2 4 -4 -5 -6 -7
leaf_value=-0.015496308936013115 0.0035139487354214302 -0.010025254129308516 -0.0044990815158401217 -0.0017586232125191823 -0.0030546872625275266 -0.010383270651686427
leaf_weight=202 772 221 170 389 247 199
leaf_count=202 772 221 170 389 247 199
internal_value=-0.00322508 -0.00956683 0.000935705 0.00174738 -0.00641752 -0.013118
internal_weight=2200 869 1331 1161 468 401
internal_count=2200 869 1331 1161 468 401
is_linear=0
shrinkage=0.05


Tree=23
num_leaves=7
num_cat=0
split_feature=13 3 6 3 2 8
split_gain=7.69057 5.312 6.8807 4.38418 2.36434 1.71662
threshold=-0.15197043850386163 0.29245242951174844 6.4388149874952516 0.83257998574761494 0.040850336595920481 0.65622121040277615
decision_type=8 2 2 2 2 2
left_child=4 2 -2 -3 -1 -6
right_child=1 3 -4 -5 5 -7
leaf_value=-0.0030250778683881849 -0.0010597329236792796 0.005449545246240254 -0.0099283361951909982 -0.0036567238924428099 0.0012827071873076745 0.0081308289285165723
leaf_weight=150 325 173 672 510 209 161
leaf_count=150 325 173 672 510 209 161
internal_value=-0.00309708 -0.00473851 -0.00705708 -0.00132732 0.00220063 0.00433125
internal_weight=2200 1680 997 683 520 370
internal_count=2200 1680 997 683 520 370
is_linear=0
shrinkage=0.05


Tree=24
num_leaves=6
num_cat=0
split_feature=0 13 0 5 0
split_gain=20.9647 3.36118 3.37213 2.3729 3.03591
threshold=0.40750000000000008 0.22122088209380117 0.31750000000000006 -0.049999999999999996 0.66000000000000014
decision_type=2 8 2 2 2
left_child=1 2 -1 -2 -5
right_child=3 -3 -4 4 -6
leaf_value=-0.0094628620831692812 0.005809594060633784 -0.013962280199709668 -0.0015900512297566121 -0.0029705073348631154 0.0022734429160193434
leaf_weight=422 209 244 203 472 650
leaf_count=422 209 244 203 472 650
internal_value=-0.00296261 -0.00897938 -0.00693869 0.0009846 6.404e-05
internal_weight=2200 869 625 1331 1122
internal_count=2200 869 625 1331 1122
is_linear=0
shrinkage=0.05


Tree=25
num_leaves=6
num_cat=0
split_feature=0 13 0 1 7
split_gain=19.2933 3.0612 3.095 2.28871 2.72391
threshold=0.40750000000000008 0.22122088209380117 0.31750000000000006 -0.82837392047181946 -0.77069110422869502
decision_type=2 8 2 2 2
left_child=1 2 -1 -2 -5
right_child=3 -3 -4 4 -6
leaf_value=-0.0090872285307430824 0.0061691061259139309 -0.013373509605964982 -0.0015441841804064238 -0.0058100417256355293 0.001106592529412318
leaf_weight=422 176 244 203 161 994
leaf_count=422 176 244 203 161 994
internal_value=-0.00284527 -0.00861721 -0.00666895 0.000941338 0.000121568
internal_weight=2200 869 625 1331 1155
internal_count=2200 869 625 1331 1155
is_linear=0
shrinkage=0.05


Tree=26
num_leaves=6
num_cat=0
split_feature=0 13 0 4 8
split_gain=17.7835 2.78779 2.84046 2.19344 2.68864
threshold=0.40750000000000008 0.22122088209380117 0.31750000000000006 0.059345381511856483 0.66620285794737222
decision_type=2 8 2 2 2
left_child=1 2 -1 4 -2
right_child=3 -3 -4 -5 -6
leaf_value=-0.0087265059770689074 0.0033881862667758389 -0.012809566279731122 -0.0014996405547628036 -0.0043178626831088746 -0.0016877242415992138
leaf_weight=422 772 244 203 170 389
leaf_count=422 772 244 203 170 389
internal_value=-0.00272821 -0.00826971 -0.00640975 0.000907209 0.00168753
internal_weight=2200 869 625 1331 1161
internal_count=2200 869 625 1331 1161
is_linear=0
shrinkage=0.05


Tree=27
num_leaves=7
num_cat=0
split_feature=13 3 6 3 12 6
split_gain=6.22151 4.22218 6.02406 3.99801 2.2021 1.6078
threshold=-0.15197043850386163 0.29245242951174844 6.4098705382020231 0.83257998574761494 -0.59128824478827979 6.505410284682398
decision_type=8 2 2 2 2 2
left_child=4 2 -2 -3 -1 -6
right_child=1 3 -4 -5 5 -7
leaf_value=0.0068844906639999263 -0.00039229501121051681 0.0054121312338680956 -0.0087711365951522111 -0.0032827857691903142 -0.0038767780600221756 0.0028000943063073336
leaf_weight=162 312 173 685 510 153 205
leaf_count=162 312 173 685 510 153 205
internal_value=-0.00262064 -0.00409716 -0.00616411 -0.00105709 0.00214324 -6.75238e-05
internal_weight=2200 1680 997 683 520 358
internal_count=2200 1680 997 683 520 358
is_linear=0
shrinkage=0.05


Tree=28
num_leaves=6
num_cat=0
split_feature=0 0 6 1 0
split_gain=16.0101 2.50198 3.68909 2.22758 2.19793
threshold=0.40750000000000008 0.15000000000000005 7.0303753227567105 -0.82837392047181946 0.64750000000000008
decision_type=2 2 2 2 2
left_child=1 -1 -3 -2 -5
right_child=3 2 -4 4 -6
leaf_value=-0.012639928699115625 0.0061006551906878127 -0.0082073377330715847 0.00062802512744429767 -0.0024062755176933802 0.001990693324562671
leaf_weight=202 176 515 152 487 668
leaf_count=202 176 515 152 487 668
internal_value=-0.00250595 -0.00776394 -0.00620419 0.000943164 0.000134353
internal_weight=2200 869 667 1331 1155
internal_count=2200 869 667 1331 1155
is_linear=0
shrinkage=0.05


Tree=29
num_leaves=7
num_cat=0
split_feature=0 4 3 5 0 12
split_gain=14.7154 2.23153 2.92937 2.17273 3.59145 1.42392
threshold=0.40750000000000008 0.030822070014844889 -0.98666499697342214 -0.070000000000000007 0.56750000000000012 -0.13052146757672475
decision_type=2 2 2 2 2 2
left_child=1 5 -3 -2 -5 -1
right_child=3 2 -4 4 -6 -7
leaf_value=-0.012279161424988295 0.0060587188828799682 -0.0086791715639479017 0.00069694273664565863 -0.0044931725577909464 0.001778597002338818 -0.0068736760026196705
leaf_weight=246 172 165 162 306 853 296
leaf_count=246 172 165 162 306 853 296
internal_value=-0.00240774 -0.00744864 -0.00409358 0.000898992 0.000110532 -0.0094169
internal_weight=2200 869 327 1331 1159 542
internal_count=2200 869 327 1331 1159 542
is_linear=0
shrinkage=0.05


Tree=30
num_leaves=7
num_cat=0
split_feature=0 13 0 6 13 6
split_gain=13.5403 2.38881 2.36594 2.09256 2.79598 2.51568
threshold=0.40750000000000008 0.22122088209380117 0.31750000000000006 6.3492438803724385 -0.15279535446824619 5.8566586457760348
decision_type=2 8 2 2 8 2
left_child=1 2 -1 5 -5 -2
right_child=3 -3 -4 4 -6 -7
leaf_value=-0.0075511038582553912 -0.0010549221905958221 -0.011344180438652575 -0.00096797914459155173 0.0039114474628177539 -0.0021822657202953759 0.0069049474490140974
leaf_weight=422 161 244 203 257 664 249
leaf_count=422 161 244 203 257 664 249
internal_value=-0.00231599 -0.00715144 -0.00543756 0.00085599 -0.00046991 0.00380419
internal_weight=2200 869 625 1331 921 410
internal_count=2200 869 625 1331 921 410
is_linear=0
shrinkage=0.05


Tree=31
num_leaves=6
num_cat=0
split_feature=0 13 6 5 4
split_gain=12.4765 2.18213 2.26994 2.07301 2.44036
threshold=0.40750000000000008 0.2009907716748694 6.9490363404682025 -0.049999999999999996 0.021794494717703353
decision_type=2 8 2 2 2
left_child=1 2 -1 -2 -5
right_child=3 -3 -4 4 -6
leaf_value=-0.0070319384991846708 0.005334150575310271 -0.010583520489002483 -0.00021931737322698942 0.0026075367600436024 -0.0020746254757868714
leaf_weight=427 209 271 171 488 634
leaf_count=427 209 271 171 488 634
internal_value=-0.00222046 -0.00686207 -0.00510182 0.000824355 -3.56434e-05
internal_weight=2200 869 598 1331 1122
internal_count=2200 869 598 1331 1122
is_linear=0
shrinkage=0.05


Tree=32
num_leaves=6
num_cat=0
split_feature=0 6 1 7 5
split_gain=11.5267 2.01821 1.95918 2.34147 1.36383
threshold=0.40750000000000008 7.0595918428061193 -0.82837392047181946 -0.77069110422869502 -0.13249999999999998
decision_type=2 2 2 2 2
left_child=1 4 -2 -4 -1
right_child=2 -3 3 -5 -6
leaf_value=-0.0050789565759168263 0.0056324554782216721 -0.0022286354585992342 -0.0054615668806595255 0.00095113222965051425 -0.0098602942686347866
leaf_weight=273 176 208 161 994 388
leaf_count=273 176 208 161 994 388
internal_value=-0.00213093 -0.00659239 0.000795685 3.75526e-05 -0.00793851
internal_weight=2200 869 1331 1155 661
internal_count=2200 869 1331 1155 661
is_linear=0
shrinkage=0.05


Tree=33
num_leaves=7
num_cat=0
split_feature=0 13 4 13 0 11
split_gain=10.7456 3.36627 3.57001 2.1645 1.1101 1.57835
threshold=0.31750000000000006 -0.14669390627095044 0.058756645174948705 -0.25017232331907069 0.13000000000000003 0.56460575549329606
decision_type=2 8 2 10 2 2
left_child=4 3 -3 -2 -1 -6
right_child=1 2 -4 -5 5 -7
leaf_value=-0.011032366428503209 -0.00021822250443668184 -0.00017895721642896689 -0.0082525328919291503 0.0066143732392521248 -0.0081864205306594814 -0.0018592691277304005
leaf_weight=172 202 951 155 266 304 150
leaf_count=172 202 951 155 266 304 150
internal_value=-0.00204748 0.000162023 -0.00134247 0.00369413 -0.00756025 -0.00613898
internal_weight=2200 1574 1106 468 626 454
internal_count=2200 1574 1106 468 626 454
is_linear=0
shrinkage=0.05


Tree=34
num_leaves=7
num_cat=0
split_feature=0 13 6 6 13 6
split_gain=9.93056 1.93679 2.06278 1.89021 2.37813 2.29535
threshold=0.40750000000000008 0.22122088209380117 6.9490363404682025 6.3492438803724385 -0.15279535446824619 5.8566586457760348
decision_type=2 8 2 2 8 2
left_child=1 2 -1 5 -5 -2
right_child=3 -3 -4 4 -6 -7
leaf_value=-0.0063842760382353189 -0.0010788434914436686 -0.0098680125601799135 -6.9974044108773306e-05 0.0035398961151487957 -0.0020802075221162896 0.0065227668253910248
leaf_weight=443 161 244 182 257 664 249
leaf_count=443 161 244 182 257 664 249
internal_value=-0.00195777 -0.00609883 -0.0045607 0.000758599 -0.000501302 0.00356071
internal_weight=2200 869 625 1331 921 410
internal_count=2200 869 625 1331 921 410
is_linear=0
shrinkage=0.05


Tree=35
num_leaves=6
num_cat=0
split_feature=0 7 3 11 0
split_gain=9.21262 2.9699 3.11812 1.02684 1.89954
threshold=0.31750000000000006 -0.7760486883987624 0.19240616582852113 -0.45204460904559257 0.16750000000000001
decision_type=2 2 2 2 2
left_child=3 -2 -3 -1 -5
right_child=1 2 -4 4 -6
leaf_value=-0.0097018897148041898 -0.0048952758228121215 -0.0015946159541684515 0.0032517884603294081 -0.0094540659024054743 -0.0024130546139100942
leaf_weight=227 240 595 739 161 238
leaf_count=227 240 595 739 161 238
internal_value=-0.00187908 0.000166699 0.00109228 -0.0069835 -0.00533601
internal_weight=2200 1574 1334 626 399
internal_count=2200 1574 1334 626 399
is_linear=0
shrinkage=0.05


Tree=36
num_leaves=6
num_cat=0
split_feature=0 5 0 6 5
split_gain=8.50462 1.95534 3.24059 1.8898 1.30903
threshold=0.40750000000000008 -0.070000000000000007 0.56750000000000012 7.0595918428061193 -0.13249999999999998
decision_type=2 2 2 2 2
left_child=3 -2 -3 4 -1
right_child=1 2 -4 -5 -6
leaf_value=-0.0041607781038653082 0.0056093449267627157 -0.0044052661998478931 0.0015522536344977915 -0.001432059383448301 -0.0088044508438528939
leaf_weight=273 172 306 853 208 388
leaf_count=273 172 306 853 208 388
internal_value=-0.00179919 0.000714558 -3.28215e-05 -0.00563143 -0.0069322
internal_weight=2200 1331 1159 869 661
internal_count=2200 1331 1159 869 661
is_linear=0
shrinkage=0.05


Tree=37
num_leaves=7
num_cat=0
split_feature=0 13 8 13 8 2
split_gain=7.9173 2.78311 3.43824 2.0135 0.92412 1.89853
threshold=0.31750000000000006 -0.14669390627095044 0.66864682196210123 -0.25017232331907069 0.66864682196210123 0.040850336595920481
decision_type=2 8 2 10 2 2
left_child=4 3 -3 -2 5 -1
right_child=1 2 -4 -5 -6 -7
leaf_value=-0.012017749976596714 -0.00039458366770045336 0.00063806407774369368 -0.0053942255456657972 0.006191185707736733 -0.0029246987010806036 -0.0051908397084050144
leaf_weight=157 202 771 335 266 151 318
leaf_count=157 202 771 335 266 151 318
internal_value=-0.00173358 0.000162909 -0.00120513 0.00337449 -0.00646556 -0.00754899
internal_weight=2200 1574 1106 468 626 475
internal_count=2200 1574 1106 468 626 475
is_linear=0
shrinkage=0.05


Tree=38
num_leaves=6
num_cat=0
split_feature=0 1 7 6 12
split_gain=7.32149 1.8925 1.79217 1.77176 1.1654
threshold=0.40750000000000008 -0.82837392047181946 -0.77069110422869502 7.0595918428061193 -0.15211787979515293
decision_type=2 2 2 2 2
left_child=3 -2 -3 4 -1
right_child=1 2 -4 -5 -6
leaf_value=-0.0089028113827779639 0.0054294667788138051 -0.0048795758401701528 0.00073074154976244512 -0.0011532046425510461 -0.0045471786243441222
leaf_weight=284 176 161 994 208 377
leaf_count=284 176 161 994 208 377
internal_value=-0.00165661 0.0006757 -6.89645e-05 -0.00521232 -0.00647137
internal_weight=2200 1331 1155 869 661
internal_count=2200 1331 1155 869 661
is_linear=0
shrinkage=0.05


Tree=39
num_leaves=7
num_cat=0
split_feature=0 13 4 13 11 8
split_gain=6.8452 2.5141 3.30841 1.86235 0.978736 1.73256
threshold=0.31750000000000006 -0.14669390627095044 0.058756645174948705 -0.25017232331907069 -0.45204460904559257 0.63201499256259752
decision_type=2 8 2 10 2 2
left_child=4 3 -3 -2 -1 -6
right_child=1 2 -4 -5 5 -7
leaf_value=-0.0086242986650302486 -0.00039926192651228338 -8.3476283819371808e-06 -0.0077795621054247022 0.0059340683847315251 -0.0069335988623351443 -0.00016025262287794017
leaf_weight=227 202 951 155 266 248 151
leaf_count=227 202 951 155 266 248 151
internal_value=-0.0015906 0.000172752 -0.00112755 0.00322513 -0.00599055 -0.00440396
internal_weight=2200 1574 1106 468 626 399
internal_count=2200 1574 1106 468 626 399
is_linear=0
shrinkage=0.05


Tree=40
num_leaves=7
num_cat=0
split_feature=0 3 6 13 6 8
split_gain=6.38314 2.99325 6.58294 3.85895 1.70587 2.79276
threshold=0.50000000000000011 -0.99999999999999956 6.7047878367642442 0.066895999120657842 6.2054462435931006 0.65408708735935117
decision_type=2 2 2 10 2 2
left_child=1 3 -3 -1 -2 -6
right_child=4 2 -4 -5 5 -7
leaf_value=-0.012636389454760527 0.0047385386180603638 -0.007056319622782129 0.0023976271561981831 -0.0026663035851687633 0.0023415682837590076 -0.003625914422723993
leaf_weight=192 256 356 372 198 517 309
leaf_count=192 256 356 372 198 517 309
internal_value=-0.00152088 -0.00416211 -0.00224205 -0.00767248 0.00121483 0.000100796
internal_weight=2200 1118 728 390 1082 826
internal_count=2200 1118 728 390 1082 826
is_linear=0
shrinkage=0.05


Tree=41
num_leaves=6
num_cat=0
split_feature=0 7 8 11 8
split_gain=5.93601 2.36043 2.03008 0.904661 1.6017
threshold=0.31750000000000006 -0.7760486883987624 0.49098576581049852 -0.45204460904559257 0.63201499256259752
decision_type=2 2 2 2 2
left_child=3 -2 -3 -1 -5
right_child=1 2 -4 4 -6
leaf_value=-0.0080884683106479983 -0.0043342444408989078 -0.0042516237996568194 0.0017197473864393135 -0.0064725103114433441 3.3694897324610977e-05
leaf_weight=227 240 157 1177 248 151
leaf_count=227 240 157 1177 248 151
internal_value=-0.00146337 0.00017865 0.00100372 -0.00556072 -0.00404032
internal_weight=2200 1574 1334 626 399
internal_count=2200 1574 1334 626 399
is_linear=0
shrinkage=0.05


Tree=42
num_leaves=7
num_cat=0
split_feature=0 2 2 0 1 6
split_gain=5.53979 2.88746 3.23421 3.01647 1.92768 1.79896
threshold=0.50000000000000011 0.072584954123317488 0.058526465321494532 0.27000000000000007 1.6398856821121541 6.2230219468078474
decision_type=2 2 2 2 2 2
left_child=1 2 -1 -3 5 -2
right_child=4 3 -4 -5 -6 -7
leaf_value=-0.0036876976386898529 0.0060812737607894313 -0.0052249486808006356 -0.011279433644131611 0.0038630594399947566 -0.003337690089521977 0.00085047627070550323
leaf_weight=573 213 159 185 201 192 677
leaf_count=573 213 159 185 201 192 677
internal_value=-0.00140021 -0.0038608 -0.00560234 -0.000167401 0.00114831 0.00212932
internal_weight=2200 1118 758 360 1082 890
internal_count=2200 1118 758 360 1082 890
is_linear=0
shrinkage=0.05


Tree=43
num_leaves=7
num_cat=0
split_feature=0 2 2 0 1 6
split_gain=5.08991 2.70699 2.97653 2.81279 1.75595 1.64239
threshold=0.50000000000000011 0.072584954123317488 0.058526465321494532 0.27000000000000007 1.6398856821121541 6.2230219468078474
decision_type=2 2 2 2 2 2
left_child=1 2 -1 -3 5 -2
right_child=4 3 -4 -5 -6 -7
leaf_value=-0.0035537156498762152 0.0058092902239343719 -0.0050130833621795587 -0.010837161160613361 0.0037627175884339414 -0.0031845783360945398 0.00081131941350579776
leaf_weight=573 213 159 185 201 192 677
leaf_count=573 213 159 185 201 192 677
internal_value=-0.00134592 -0.00370448 -0.00539071 -0.000128838 0.00109695 0.00203323
internal_weight=2200 1118 758 360 1082 890
internal_count=2200 1118 758 360 1082 890
is_linear=0
shrinkage=0.05


Tree=44
num_leaves=6
num_cat=0
split_feature=0 5 0 6 5
split_gain=4.71791 1.84417 2.69955 1.69661 1.16664
threshold=0.40750000000000008 -0.070000000000000007 0.56750000000000012 7.0595918428061193 -0.13249999999999998
decision_type=2 2 2 2 2
left_child=3 -2 -3 4 -1
right_child=1 2 -4 -5 -6
leaf_value=-0.0027999765286557108 0.0053320536126861473 -0.0041372477816615464 0.0013002941403296477 -0.0002011728608552279 -0.0071352621583083203
leaf_weight=273 172 306 853 208 388
leaf_count=273 172 306 853 208 388
internal_value=-0.00129372 0.0005784 -0.000146934 -0.00414806 -0.00537921
internal_weight=2200 1331 1159 869 661
internal_count=2200 1331 1159 869 661
is_linear=0
shrinkage=0.05


Tree=45
num_leaves=6
num_cat=0
split_feature=0 13 5 11 0
split_gain=4.38725 2.13961 2.49938 0.823402 1.49368
threshold=0.31750000000000006 0.23986571792621 -0.067499999999999963 -0.45204460904559257 0.16750000000000001
decision_type=2 8 2 2 2
left_child=3 2 -2 -1 -5
right_child=1 -3 -4 4 -6
leaf_value=-0.0071695707754456791 0.0054279762397523926 -0.0041209408712887582 -9.0350168522173932e-05 -0.0069729619446289113 -0.00077474187185734881
leaf_weight=227 248 241 1085 161 238
leaf_count=227 248 241 1085 161 238
internal_value=-0.00124629 0.000165323 0.000952763 -0.0047688 -0.00333112
internal_weight=2200 1574 1333 626 399
internal_count=2200 1574 1333 626 399
is_linear=0
shrinkage=0.05


Tree=46
num_leaves=7
num_cat=0
split_feature=0 3 6 13 5 8
split_gain=4.15412 2.64783 6.15254 3.63 1.41097 1.58571
threshold=0.50000000000000011 -0.99999999999999956 6.7347515121747135 0.071317400314118554 -0.0074999999999999503 0.6867886384372589
decision_type=2 2 2 10 2 2
left_child=1 3 -3 -1 -2 -6
right_child=4 2 -4 -5 5 -7
leaf_value=-0.011326916230406929 0.0047702465735960245 -0.0059979449927806856 0.003137240673802773 -0.001687806739879014 0.0013266852938896454 -0.0036333084424242587
leaf_weight=196 199 370 358 194 677 206
leaf_count=196 199 370 358 194 677 206
internal_value=-0.00118444 -0.00331522 -0.00151489 -0.00661414 0.00102236 0.000155598
internal_weight=2200 1118 728 390 1082 883
internal_count=2200 1118 728 390 1082 883
is_linear=0
shrinkage=0.05


Tree=47
num_leaves=6
num_cat=0
split_feature=0 1 3 6 5
split_gain=3.82462 1.73285 1.59618 1.56373 1.08874
threshold=0.40750000000000008 -0.82837392047181946 -0.46852128566581802 7.0595918428061193 -0.13249999999999998
decision_type=2 2 2 2 2
left_child=3 -2 -3 4 -1
right_child=1 2 -4 -5 -6
leaf_value=-0.0024079220195253976 0.0050956106657234351 -0.0035755002778023481 0.00083956499963258276 7.3902291451261642e-05 -0.0065847292722560685
leaf_weight=273 176 260 895 208 388
leaf_count=273 176 260 895 208 388
internal_value=-0.0011388 0.000546711 -0.00016543 -0.00370876 -0.00489069
internal_weight=2200 1331 1155 869 661
internal_count=2200 1331 1155 869 661
is_linear=0
shrinkage=0.05


Tree=48
num_leaves=7
num_cat=0
split_feature=0 3 6 13 1 6
split_gain=3.5902 2.44467 5.6416 3.3521 1.56224 1.47655
threshold=0.50000000000000011 -0.99999999999999956 6.7347515121747135 0.071317400314118554 1.6398856821121541 6.2230219468078474
decision_type=2 2 2 10 2 2
left_child=1 3 -3 -1 5 -2
right_child=4 2 -4 -5 -6 -7
leaf_value=-0.010772324422031493 0.0054212620430583256 -0.0056390315592288976 0.0031081657600140113 -0.0015132969086194159 -0.0030798849928651366 0.00068338477347029756
leaf_weight=196 213 370 358 194 192 677
leaf_count=196 213 370 358 194 192 677
internal_value=-0.00109369 -0.00307458 -0.00134567 -0.00624401 0.000957835 0.00184123
internal_weight=2200 1118 728 390 1082 890
internal_count=2200 1118 728 390 1082 890
is_linear=0
shrinkage=0.05


Tree=49
num_leaves=6
num_cat=0
split_feature=0 4 2 11 8
split_gain=3.39159 2.08238 3.09781 0.786254 1.46478
threshold=0.31750000000000006 0.066285099666776578 0.071289583582039837 -0.45204460904559257 0.63201499256259752
decision_type=2 2 2 2 2
left_child=3 2 -2 -1 -5
right_child=1 -3 -4 4 -6
leaf_value=-0.0064848262913011273 -0.00076412831101232645 -0.0051088039752051062 0.0042721386593273583 -0.0050821989759979522 0.0011094430174965126
leaf_weight=227 974 161 439 248 151
leaf_count=227 974 161 439 248 151
internal_value=-0.00105057 0.000190428 0.000810118 -0.00414771 -0.00275427
internal_weight=2200 1574 1413 626 399
internal_count=2200 1574 1413 626 399
is_linear=0
shrinkage=0.05


Tree=50
num_leaves=5
num_cat=0
split_feature=0 4 2 5
split_gain=3.11441 2.19716 2.92388 0.338096
threshold=0.24000000000000002 0.059345381511856483 0.070646813248880697 -0.099999999999999936
decision_type=2 2 2 2
left_child=3 2 -2 -1
right_child=1 -3 -4 -5
leaf_value=-0.0036559208987220642 -0.00086038717311147687 -0.0045134592740511412 0.0038188252654156665 -0.0067910455395838974
leaf_weight=243 1082 240 477 158
leaf_count=243 1082 240 477 158
internal_value=-0.00100407 -0.000111067 0.000578921 -0.00495963
internal_weight=2200 1799 1559 401
internal_count=2200 1799 1559 401
is_linear=0
shrinkage=0.05


Tree=51
num_leaves=4
num_cat=0
split_feature=13 8 4
split_gain=2.51214 3.09953 1.93485
threshold=0.2609550578061246 0.742708227319829 0.059345381511856483
decision_type=10 2 2
left_child=1 2 -1
right_child=-2 -3 -4
leaf_value=-0.0004126576019881931 -0.0067251808355942412 0.0063347439828418924 -0.0052458130782037857
leaf_weight=1649 169 150 232
leaf_count=1649 169 150 232
internal_value=-0.000958771 -0.000463609 -0.0010211
internal_weight=2200 2031 1881
internal_count=2200 2031 1881
is_linear=0
shrinkage=0.05


Tree=52
num_leaves=6
num_cat=0
split_feature=0 8 8 1 0
split_gain=2.91884 2.39013 2.1312 1.32808 1.51395
threshold=0.50000000000000011 0.71121639282082005 0.66767053136461285 1.5472475207314382 0.84000000000000008
decision_type=2 2 2 2 2
left_child=1 2 -1 4 -2
right_child=3 -3 -4 -5 -6
leaf_value=-0.0025991127219695976 0.0028886667318739605 0.0027526255567059963 -0.0089915905336413211 -0.0023756949418858322 -0.0023800536873239794
leaf_weight=798 683 167 153 233 166
leaf_count=798 683 167 153 233 166
internal_value=-0.000915786 -0.00270197 -0.0036692 0.000933761 0.0018506
internal_weight=2200 1118 951 1082 849
internal_count=2200 1118 951 1082 849
is_linear=0
shrinkage=0.05


Tree=53
num_leaves=6
num_cat=0
split_feature=0 8 8 1 0
split_gain=2.69151 2.23094 1.96985 1.21621 1.37841
threshold=0.50000000000000011 0.71121639282082005 0.66767053136461285 1.6398856821121541 0.56750000000000012
decision_type=2 2 2 2 2
left_child=1 2 -1 4 -2
right_child=3 -3 -4 -5 -6
leaf_value=-0.0025042758217710044 -0.0026359060310548353 0.0026710070539699045 -0.0086501377858693093 -0.0026703807794805712 0.0025570024080451849
leaf_weight=798 150 167 153 192 740
leaf_count=798 150 167 153 192 740
internal_value=-0.000883404 -0.00259861 -0.00353311 0.000892674 0.00167196
internal_weight=2200 1118 951 1082 890
internal_count=2200 1118 951 1082 890
is_linear=0
shrinkage=0.05


Tree=54
num_leaves=6
num_cat=0
split_feature=0 7 3 12 0
split_gain=2.52081 2.05228 2.55009 0.726977 1.50248
threshold=0.31750000000000006 -0.7760486883987624 0.19240616582852113 0.61923671331524155 0.20000000000000004
decision_type=2 2 2 2 2
left_child=3 -2 -3 4 -1
right_child=1 2 -4 -5 -6
leaf_value=-0.0054271301409850523 -0.0039919577969941408 -0.0014444090732758923 0.0029383785222033953 -0.0062106527572313511 0.00032596231855973296
leaf_weight=211 240 595 739 177 238
leaf_count=211 240 595 739 177 238
internal_value=-0.000853475 0.000216263 0.000985443 -0.0035236 -0.0024076
internal_weight=2200 1574 1334 626 449
internal_count=2200 1574 1334 626 449
is_linear=0
shrinkage=0.05


Tree=55
num_leaves=7
num_cat=0
split_feature=0 13 8 0 11 8
split_gain=2.302 1.92381 2.80257 1.91355 0.718254 1.30794
threshold=0.31750000000000006 -0.14669390627095044 0.66864682196210123 0.76000000000000012 -0.45204460904559257 0.63201499256259752
decision_type=2 8 2 2 2 2
left_child=4 3 -3 -2 -1 -6
right_child=1 2 -4 -5 5 -7
leaf_value=-0.0055921571152605896 0.0054273804623840589 0.00073257097864905187 -0.0047130017168819909 -0.0010646656530259766 -0.0042495543070932623 0.0015899245316783588
leaf_weight=227 283 771 335 185 248 151
leaf_count=227 283 771 335 185 248 151
internal_value=-0.000815254 0.000207 -0.000930644 0.00287695 -0.00336686 -0.0020473
internal_weight=2200 1574 1106 468 626 399
internal_count=2200 1574 1106 468 626 399
is_linear=0
shrinkage=0.05


Tree=56
num_leaves=7
num_cat=0
split_feature=0 2 0 2 1 0
split_gain=2.17849 4.17456 3.65143 3.07157 2.85367 2.25692
threshold=0.56750000000000012 0.071527843323215531 0.39000000000000007 0.058526465321494532 1.6398856821121541 0.81750000000000012
decision_type=2 2 2 2 2 2
left_child=1 3 -3 -1 5 -2
right_child=4 2 -4 -5 -6 -7
leaf_value=-0.0024256931288502725 0.0042366242533167127 -0.0014494506765533408 0.0080837091707414207 -0.0094937471506914284 -0.004787383272889115 -0.0017343803580370468
leaf_weight=668 516 282 150 197 163 224
leaf_count=668 516 282 150 197 163 224
internal_value=-0.000774339 -0.00208391 0.00191529 -0.00408072 0.00110774 0.00242968
internal_weight=2200 1297 432 865 903 740
internal_count=2200 1297 432 865 903 740
is_linear=0
shrinkage=0.05


Tree=57
num_leaves=4
num_cat=0
split_feature=13 8 0
split_gain=2.03486 2.75608 2.29541
threshold=0.2609550578061246 0.742708227319829 0.50000000000000011
decision_type=10 2 2
left_child=1 2 -1
right_child=-2 -3 -4
leaf_value=-0.0026168623469940578 -0.005932050767279734 0.006112929480450769 0.00086979919514038886
leaf_weight=912 169 150 969
leaf_count=912 169 150 969
internal_value=-0.000742472 -0.000297139 -0.000823159
internal_weight=2200 2031 1881
internal_count=2200 2031 1881
is_linear=0
shrinkage=0.05


Tree=58
num_leaves=5
num_cat=0
split_feature=13 7 8 11
split_gain=1.91167 2.14095 1.86427 1.78537
threshold=0.2609550578061246 -0.34272654752793991 0.47736600758636999 0.94406503961975352
decision_type=8 2 2 2
left_child=2 -2 -1 -4
right_child=1 -3 3 -5
leaf_value=-0.0049544326270531333 -0.0070728229215352009 0.00056825482151793237 -9.6102719650958165e-05 0.0052029560479659879
leaf_weight=170 219 154 1484 173
leaf_count=170 219 154 1484 173
internal_value=-0.000715626 -0.00395227 -4.58496e-05 0.000471137
internal_weight=2200 373 1827 1657
internal_count=2200 373 1827 1657
is_linear=0
shrinkage=0.05


Tree=59
num_leaves=7
num_cat=0
split_feature=0 2 0 2 1 0
split_gain=1.81241 3.85402 3.35101 2.84986 2.61097 2.0513
threshold=0.56750000000000012 0.071527843323215531 0.39000000000000007 0.058526465321494532 1.6398856821121541 0.81750000000000012
decision_type=2 2 2 2 2 2
left_child=1 3 -3 -1 5 -2
right_child=4 2 -4 -5 -6 -7
leaf_value=-0.0022025455744247914 0.0040218789277029817 -0.0012601884309111572 0.0078737167196889068 -0.0090082679515575415 -0.0046040462884342388 -0.0016704170829624115
leaf_weight=668 516 282 150 197 163 224
leaf_count=668 516 282 150 197 163 224
internal_value=-0.000682013 -0.00187652 0.00196511 -0.00379538 0.00103457 0.00229916
internal_weight=2200 1297 432 865 903 740
internal_count=2200 1297 432 865 903 740
is_linear=0
shrinkage=0.05


Tree=60
num_leaves=4
num_cat=0
split_feature=4 4 9
split_gain=1.80158 2.65698 2.32129
threshold=0.059345381511856483 0.048153400710645576 1.1168731139810604
decision_type=2 2 2
left_child=1 2 -1
right_child=-2 -3 -4
leaf_value=0.00010099145832052671 -0.0043926397610283404 0.0059822627184231113 -0.0049195906849276716
leaf_weight=1498 276 159 267
leaf_count=1498 276 159 267
internal_value=-0.00065287 -0.000106401 -0.000670248
internal_weight=2200 1924 1765
internal_count=2200 1924 1765
is_linear=0
shrinkage=0.05


Tree=61
num_leaves=5
num_cat=0
split_feature=0 4 4 5
split_gain=1.67585 1.67718 2.6963 0.345371
threshold=0.24000000000000002 0.059345381511856483 0.047194736289546631 -0.099999999999999936
decision_type=2 2 2 2
left_child=3 2 -2 -1
right_child=1 -3 -4 -5
leaf_value=-0.0022689962992444635 -6.4969160941394456e-05 -0.0038184113876551999 0.0068237390186449021 -0.0053355493497080596
leaf_weight=243 1406 240 153 158
leaf_count=243 1406 240 153 158
internal_value=-0.000626502 2.8253e-05 0.000630741 -0.00352809
internal_weight=2200 1799 1559 401
internal_count=2200 1799 1559 401
is_linear=0
shrinkage=0.05


Tree=62
num_leaves=5
num_cat=0
split_feature=13 7 8 8
split_gain=1.70156 1.96301 1.70954 2.93783
threshold=0.2609550578061246 -0.34272654752793991 0.71236139525394437 0.67689922486881249
decision_type=8 2 2 2
left_child=2 -2 3 -1
right_child=1 -3 -4 -5
leaf_value=0.00028389769627728005 -0.0066397469765174071 0.00067332189635566954 0.0036381834892616157 -0.0058693085637124102
leaf_weight=1331 219 154 274 222
leaf_count=1331 219 154 274 222
internal_value=-0.00059784 -0.00365144 3.38469e-05 -0.000611711
internal_weight=2200 373 1827 1553
internal_count=2200 373 1827 1553
is_linear=0
shrinkage=0.05


Tree=63
num_leaves=7
num_cat=0
split_feature=0 2 0 2 1 0
split_gain=1.56616 3.60869 3.0723 2.6456 2.35784 1.89266
threshold=0.56750000000000012 0.071527843323215531 0.39000000000000007 0.058526465321494532 1.6398856821121541 0.74750000000000016
decision_type=2 2 2 2 2 2
left_child=1 3 -3 -1 5 -2
right_child=4 2 -4 -5 -6 -7
leaf_value=-0.0020029486107181918 0.004751759511168286 -0.0010536838387778412 0.0076938414765942492 -0.0085581351938371613 -0.0043321842460760053 -0.00028495989644729958
leaf_weight=668 367 282 150 197 163 373
leaf_count=668 367 282 150 197 163 373
internal_value=-0.000568915 -0.00167941 0.00203693 -0.00353647 0.00102658 0.00222811
internal_weight=2200 1297 432 865 903 740
internal_count=2200 1297 432 865 903 740
is_linear=0
shrinkage=0.05


Tree=64
num_leaves=4
num_cat=0
split_feature=4 4 9
split_gain=1.55122 2.26517 2.16761
threshold=0.059345381511856483 0.048153400710645576 1.1168731139810604
decision_type=2 2 2
left_child=1 2 -1
right_child=-2 -3 -4
leaf_value=0.00018725767662731345 -0.0040140458777069626 0.0055847067329123984 -0.004664045225774102
leaf_weight=1498 276 159 267
leaf_count=1498 276 159 267
internal_value=-0.000543867 -3.69518e-05 -0.000557724
internal_weight=2200 1924 1765
internal_count=2200 1924 1765
is_linear=0
shrinkage=0.05


Tree=65
num_leaves=5
num_cat=0
split_feature=4 2 2 2
split_gain=1.45588 2.92252 3.83028 2.01109
threshold=0.07564307353168935 0.071527843323215531 0.058526465321494532 0.081306601943391607
decision_type=2 2 2 2
left_child=1 2 -1 -3
right_child=-2 3 -4 -5
leaf_value=-0.0001481233590098354 -0.0051622541680647312 0.0072980169000049291 -0.0066955284826899705 0.0009427344381484151
leaf_weight=1138 152 165 273 472
leaf_count=1138 152 165 273 472
internal_value=-0.0005219 -0.000165765 -0.00143408 0.00263294
internal_weight=2200 2048 1411 637
internal_count=2200 2048 1411 637
is_linear=0
shrinkage=0.05


Tree=66
num_leaves=5
num_cat=0
split_feature=13 7 8 11
split_gain=1.55437 1.80721 1.72074 1.67144
threshold=0.2609550578061246 -0.3533795846474867 0.47736600758636999 0.94406503961975352
decision_type=8 2 2 2
left_child=2 -2 -1 -4
right_child=1 -3 3 -5
leaf_value=-0.0046101198720612697 -0.0062991164883623753 0.0007091701432364062 5.3101060897549101e-05 0.0051807659693857595
leaf_weight=170 218 155 1484 173
leaf_count=170 218 155 1484 173
internal_value=-0.000497398 -0.00341597 0.000106153 0.000602433
internal_weight=2200 373 1827 1657
internal_count=2200 373 1827 1657
is_linear=0
shrinkage=0.05


Tree=67
num_leaves=6
num_cat=0
split_feature=13 4 2 12 6
split_gain=1.47213 2.7993 2.31178 1.95967 1.56073
threshold=-0.15197043850386163 0.058756645174948705 0.0734728618375248 -0.59128824478827979 6.505410284682398
decision_type=8 2 2 2 2
left_child=3 2 -2 -1 -5
right_child=1 -3 -4 4 -6
leaf_value=0.0063134811803263555 -0.0016205143094254295 -0.0064650677909998044 0.0028111030494454756 -0.0039932082153438988 0.0025854242246021474
leaf_weight=162 1065 214 401 153 205
leaf_count=162 1065 214 401 153 205
internal_value=-0.000472621 -0.00119198 -0.000402884 0.00184069 -0.000242391
internal_weight=2200 1680 1466 520 358
internal_count=2200 1680 1466 520 358
is_linear=0
shrinkage=0.05


Tree=68
num_leaves=5
num_cat=0
split_feature=13 7 8 11
split_gain=1.39671 1.66305 1.57221 1.57906
threshold=0.2609550578061246 -0.3533795846474867 0.47736600758636999 0.94406503961975352
decision_type=8 2 2 2
left_child=2 -2 -1 -4
right_child=1 -3 3 -5
leaf_value=-0.004386229321892773 -0.0059826141052081718 0.00073879538860637699 6.2314849789981479e-05 0.0050463105457719797
leaf_weight=170 218 155 1484 173
leaf_count=170 218 155 1484 173
internal_value=-0.000450102 -0.00321671 0.000121965 0.000596288
internal_weight=2200 373 1827 1657
internal_count=2200 373 1827 1657
is_linear=0
shrinkage=0.05


Tree=69
num_leaves=7
num_cat=0
split_feature=0 2 0 7 5 6
split_gain=1.33549 3.16668 2.84536 2.34349 2.13185 1.61225
threshold=0.56750000000000012 0.071527843323215531 0.39000000000000007 -0.65982615741561257 0.055000000000000028 6.7165463388691515
decision_type=2 2 2 2 2 2
left_child=1 3 -3 -1 5 -2
right_child=4 2 -4 -5 -6 -7
leaf_value=-0.0080275171242940885 0.007758236051616344 -0.00094780621381690693 0.0074712249155967471 -0.0017829247336725103 -0.00071876151239580574 0.00058512065439454979
leaf_weight=190 161 282 150 675 592 150
leaf_count=190 161 282 150 675 592 150
internal_value=-0.000427336 -0.00145295 0.0020275 -0.00319282 0.00104566 0.00436253
internal_weight=2200 1297 432 865 903 311
internal_count=2200 1297 432 865 903 311
is_linear=0
shrinkage=0.05


Tree=70
num_leaves=5
num_cat=0
split_feature=4 2 2 13
split_gain=1.2739 2.44219 3.47717 1.97999
threshold=0.07564307353168935 0.071527843323215531 0.058526465321494532 0.069736103078718775
decision_type=2 2 2 10
left_child=1 2 -1 -3
right_child=-2 3 -4 -5
leaf_value=-1.1527698714374089e-05 -0.0047501643823020783 0.00060653817297951201 -0.0062492259830008636 0.0066102706016972664
leaf_weight=1138 152 442 273 195
leaf_count=1138 152 442 273 195
internal_value=-0.000409551 -7.66119e-05 -0.0012362 0.00248158
internal_weight=2200 2048 1411 637
internal_count=2200 2048 1411 637
is_linear=0
shrinkage=0.05


Tree=71
num_leaves=6
num_cat=0
split_feature=13 4 2 12 6
split_gain=1.28129 2.53484 1.89928 1.82957 1.45309
threshold=-0.15197043850386163 0.058756645174948705 0.0734728618375248 -0.59128824478827979 6.505410284682398
decision_type=8 2 2 2 2
left_child=3 2 -2 -1 -5
right_child=1 -3 -4 4 -6
leaf_value=0.0060912456845831197 -0.0014129220826603543 -0.0060774448901823128 0.0026038218399792512 -0.0038622157184018085 0.0024855312503253421
leaf_weight=162 1065 214 401 153 205
leaf_count=162 1065 214 401 153 205
internal_value=-0.000388511 -0.00105972 -0.000309092 0.00176947 -0.000243164
internal_weight=2200 1680 1466 520 358
internal_count=2200 1680 1466 520 358
is_linear=0
shrinkage=0.05


Tree=72
num_leaves=5
num_cat=0
split_feature=8 10 8 12
split_gain=1.23938 1.87375 2.60192 1.17001
threshold=0.74503101687926343 0.010000000000000007 0.66620285794737222 0.078604090438322491
decision_type=2 2 2 2
left_child=1 3 -3 -1
right_child=-2 2 -4 -5
leaf_value=-0.0066338498219314108 0.0039134666040779994 0.0011992165938987185 -0.0032047781784912454 -0.00093313195893745041
leaf_weight=187 152 1233 455 173
leaf_count=187 152 1233 455 173
internal_value=-0.000369592 -0.000696232 6.16195e-06 -0.00394465
internal_weight=2200 2048 1688 360
internal_count=2200 2048 1688 360
is_linear=0
shrinkage=0.05


Tree=73
num_leaves=5
num_cat=0
split_feature=13 8 8 7
split_gain=1.2011 1.54933 2.59818 1.50636
threshold=0.2609550578061246 0.71236139525394437 0.67689922486881249 -0.3533795846474867
decision_type=8 2 2 2
left_child=1 2 -1 -2
right_child=3 -3 -4 -5
leaf_value=0.00040626771228880626 -0.0055492190572103244 0.0036104581709350313 -0.0053800110856998332 0.00084413518488872801
leaf_weight=1331 218 274 222 155
leaf_count=1331 218 274 222 155
internal_value=-0.000350832 0.000179492 -0.000435487 -0.00291644
internal_weight=2200 1827 1553 373
internal_count=2200 1827 1553 373
is_linear=0
shrinkage=0.05


Tree=74
num_leaves=6
num_cat=0
split_feature=13 4 8 2 8
split_gain=1.14898 2.33976 1.81883 1.77602 1.59684
threshold=-0.15197043850386163 0.058756645174948705 0.48307483020741543 0.04108762954704822 0.65622121040277615
decision_type=8 2 2 2 2
left_child=3 2 -2 -1 -5
right_child=1 -3 -4 4 -6
leaf_value=-0.0027739138175602884 -0.0049120917175820133 -0.0057890030831847022 0.00041388730539177295 0.00062991446982366302 0.0072296843314206749
leaf_weight=152 178 214 1288 207 161
leaf_count=152 178 214 1288 207 161
internal_value=-0.0003326 -0.000968278 -0.000247285 0.00171079 0.00357552
internal_weight=2200 1680 1466 520 368
internal_count=2200 1680 1466 520 368
is_linear=0
shrinkage=0.05


Tree=75
num_leaves=5
num_cat=0
split_feature=0 13 5 9
split_gain=1.155 1.17634 2.25341 1.06088
threshold=0.13000000000000003 0.2609550578061246 -0.067499999999999963 -0.79243447634056585
decision_type=2 8 2 2
left_child=-1 2 -2 -3
right_child=1 3 -4 -5
leaf_value=-0.0041892178167225952 0.0034507380554495135 -0.005651409065412393 -0.00058477729299323436 2.9417762000645911e-05
leaf_weight=172 476 154 1228 170
leaf_count=172 476 154 1228 170
internal_value=-0.000315711 2.23063e-05 0.000549312 -0.00271558
internal_weight=2200 2028 1704 324
internal_count=2200 2028 1704 324
is_linear=0
shrinkage=0.05


Tree=76
num_leaves=7
num_cat=0
split_feature=0 2 0 2 5 6
split_gain=1.13232 2.72267 2.68178 2.10171 1.99212 1.47424
threshold=0.56750000000000012 0.071527843323215531 0.39000000000000007 0.058526465321494532 0.055000000000000028 6.7165463388691515
decision_type=2 2 2 2 2 2
left_child=1 3 -3 -1 5 -2
right_child=4 2 -4 -5 -6 -7
leaf_value=-0.0014869242474813164 0.0075168184358177783 -0.00089970256367419245 0.0072739912233045021 -0.0073246135224247048 -0.000642769332538153 0.0006538994108597117
leaf_weight=668 161 282 150 197 592 150
leaf_count=668 161 282 150 197 592 150
internal_value=-0.000292791 -0.00123734 0.00198914 -0.00285089 0.00106323 0.00426945
internal_weight=2200 1297 432 865 903 311
internal_count=2200 1297 432 865 903 311
is_linear=0
shrinkage=0.05


Tree=77
num_leaves=5
num_cat=0
split_feature=8 10 8 3
split_gain=1.07745 1.62115 2.39398 1.12757
threshold=0.74503101687926343 0.010000000000000007 0.66620285794737222 -0.50418648233235641
decision_type=2 2 2 2
left_child=1 3 -3 -1
right_child=-2 2 -4 -5
leaf_value=-0.0010111609646718544 0.0037138218611810999 0.0012133241647969922 -0.0030110319232082242 -0.0066177193497250781
leaf_weight=197 152 1233 455 163
leaf_count=197 152 1233 455 163
internal_value=-0.000279338 -0.000584029 6.91203e-05 -0.00360557
internal_weight=2200 2048 1688 360
internal_count=2200 2048 1688 360
is_linear=0
shrinkage=0.05


Tree=78
num_leaves=5
num_cat=0
split_feature=4 2 2 13
split_gain=1.0606 2.01228 3.0337 1.91214
threshold=0.07564307353168935 0.071527843323215531 0.058526465321494532 0.069736103078718775
decision_type=2 2 2 10
left_child=1 2 -1 -3
right_child=-2 3 -4 -5
leaf_value=0.00012967563814818468 -0.0042248579620081149 0.00051940275979659605 -0.0056961080592072061 0.0064182368905676412
leaf_weight=1138 152 442 273 195
leaf_count=1138 152 442 273 195
internal_value=-0.0002643 3.92214e-05 -0.00101363 0.00236109
internal_weight=2200 2048 1411 637
internal_count=2200 2048 1411 637
is_linear=0
shrinkage=0.05


Tree=79
num_leaves=5
num_cat=0
split_feature=7 9 11 8
split_gain=1.04644 3.30652 2.48458 3.43015
threshold=0.63926798581446709 1.1168731139810604 0.96367902195362942 0.67689922486881249
decision_type=2 2 2 2
left_child=2 -2 3 -1
right_child=1 -3 -4 -5
leaf_value=-0.00017187691739116331 0.0053434342789816965 -0.0022525790839416668 0.0051401235864708024 -0.0058033765238565465
leaf_weight=1136 285 279 150 350
leaf_count=1136 285 279 150 350
internal_value=-0.00024931 0.00159906 -0.000889452 -0.00151329
internal_weight=2200 564 1636 1486
internal_count=2200 564 1636 1486
is_linear=0
shrinkage=0.05


Tree=80
num_leaves=5
num_cat=0
split_feature=8 0 13 0
split_gain=1.05729 1.56182 1.99687 1.92013
threshold=0.74503101687926343 0.64750000000000008 -0.24696867510489304 0.81750000000000012
decision_type=2 2 10 2
left_child=1 2 -1 -3
right_child=-2 3 -4 -5
leaf_value=-0.0063125799480144703 0.0037207102017465295 0.0036496915640309457 -0.00074177074511650929 -0.0018013454314581502
leaf_weight=181 152 395 1205 267
leaf_count=181 152 395 1205 267
internal_value=-0.000234748 -0.000536664 -0.00148935 0.00145414
internal_weight=2200 2048 1386 662
internal_count=2200 2048 1386 662
is_linear=0
shrinkage=0.05


Tree=81
num_leaves=7
num_cat=0
split_feature=3 12 6 13 6 13
split_gain=0.999412 1.92534 2.63113 2.11006 1.88831 3.55523
threshold=0.26227157876952695 -0.42260296427039018 6.9591515635539816 -0.076364740746285839 6.4098705382020231 -0.16125378747362254
decision_type=2 2 2 10 2 8
left_child=4 3 -3 -2 -1 -6
right_child=1 2 -4 -5 5 -7
leaf_value=0.0016928033427049843 0.0016504066216293724 0.0005924618263492287 0.0078874947311622767 -0.0059147953050384342 0.0042211865960263915 -0.0040136374669743754
leaf_weight=393 195 424 170 167 157 694
leaf_count=393 195 424 170 167 157 694
internal_value=-0.000227098 0.000985655 0.00272868 -0.00187265 -0.0011593 -0.00247862
internal_weight=2200 956 594 362 1244 851
internal_count=2200 956 594 362 1244 851
is_linear=0
shrinkage=0.05


Tree=82
num_leaves=4
num_cat=0
split_feature=8 11 11
split_gain=1.0339 1.39307 2.99806
threshold=0.49098576581049852 0.93194719561560657 0.58436769656310694
decision_type=2 2 2
left_child=-1 2 -2
right_child=1 -3 -4
leaf_value=-0.0031860025345109575 0.00072698152885686468 0.0036998149819626684 -0.0044821520224940358
leaf_weight=253 1365 241 341
leaf_count=253 1365 241 341
internal_value=-0.000211653 0.000182016 -0.00032429
internal_weight=2200 1947 1706
internal_count=2200 1947 1706
is_linear=0
shrinkage=0.05


Tree=83
num_leaves=5
num_cat=0
split_feature=8 10 8 3
split_gain=0.98618 1.39457 2.10726 1.06794
threshold=0.74503101687926343 0.010000000000000007 0.6867886384372589 -0.50418648233235641
decision_type=2 2 2 2
left_child=1 3 -3 -1
right_child=-2 2 -4 -5
leaf_value=-0.00077563208207432743 0.0036197935616609396 0.00094422966177426775 -0.0036210748846235786 -0.0062247316060945329
leaf_weight=197 152 1384 304 163
leaf_count=197 152 1384 304 163
internal_value=-0.000200228 -0.00049187 0.000113776 -0.00329434
internal_weight=2200 2048 1688 360
internal_count=2200 2048 1688 360
is_linear=0
shrinkage=0.05


Tree=84
num_leaves=5
num_cat=0
split_feature=4 2 2 2
split_gain=0.982935 1.82919 2.7572 1.89969
threshold=0.07564307353168935 0.071527843323215531 0.058526465321494532 0.081306601943391607
decision_type=2 2 2 2
left_child=1 2 -1 -3
right_child=-2 3 -4 -5
leaf_value=0.00018881856903742611 -0.0040017603677074617 0.0068498004786670206 -0.0053648876969739391 0.00067683039096416416
leaf_weight=1138 152 165 273 472
leaf_count=1138 152 165 273 472
internal_value=-0.000188926 0.000103115 -0.000900861 0.00231669
internal_weight=2200 2048 1411 637
internal_count=2200 2048 1411 637
is_linear=0
shrinkage=0.05


Tree=85
num_leaves=5
num_cat=0
split_feature=8 7 7 2
split_gain=0.960657 1.3293 3.05553 2.34801
threshold=0.49098576581049852 -0.616469527165039 -0.18614526224139274 0.075232851633524847
decision_type=2 2 2 2
left_child=-1 3 -3 -2
right_child=1 2 -4 -5
leaf_value=-0.0030452893152580303 -0.0045359989417350678 0.0051357155993519837 -0.00028914274213996585 0.0028235510125097524
leaf_weight=253 318 331 1139 159
leaf_count=253 318 331 1139 159
internal_value=-0.000178199 0.000201207 0.000945641 -0.00207897
internal_weight=2200 1947 1470 477
internal_count=2200 1947 1470 477
is_linear=0
shrinkage=0.05


Tree=86
num_leaves=5
num_cat=0
split_feature=8 0 9 0
split_gain=0.92129 1.30884 2.03218 1.76722
threshold=0.74503101687926343 0.64750000000000008 -1.1905051159563214 0.81750000000000012
decision_type=2 2 2 2
left_child=1 2 -1 -3
right_child=-2 3 -4 -5
leaf_value=-0.0067194876459337055 0.0035245888119053315 0.0034792477167211477 -0.00064214503033622116 -0.0017500674820386101
leaf_weight=150 152 395 1236 267
leaf_count=150 152 395 1236 267
internal_value=-0.00016752 -0.00044946 -0.00132166 0.00137283
internal_weight=2200 2048 1386 662
internal_count=2200 2048 1386 662
is_linear=0
shrinkage=0.05


Tree=87
num_leaves=5
num_cat=0
split_feature=4 2 0 13
split_gain=0.926221 1.60645 2.55372 1.85322
threshold=0.07564307353168935 0.071527843323215531 0.56750000000000012 0.069736103078718775
decision_type=2 2 2 10
left_child=1 2 -1 -3
right_child=-2 3 -4 -5
leaf_value=-0.0025570189526441522 -0.0038633600992571781 0.00038413653805264913 0.001766286751131651 0.0061895717289298779
leaf_weight=844 152 442 567 195
leaf_count=844 152 442 567 195
internal_value=-0.000162139 0.000121301 -0.000819628 0.00219568
internal_weight=2200 2048 1411 637
internal_count=2200 2048 1411 637
is_linear=0
shrinkage=0.05


Tree=88
num_leaves=7
num_cat=0
split_feature=3 6 6 13 7 0
split_gain=0.880365 1.75242 1.74101 3.20901 1.72053 1.61735
threshold=0.26227157876952695 7.0649983007962751 6.4098705382020231 -0.16125378747362254 -0.27579877733286839 0.4200000000000001
decision_type=2 2 2 8 2 2
left_child=2 5 4 -4 -1 -2
right_child=1 -3 3 -5 -6 -7
leaf_value=0.0055156260307001716 -0.0042343647810705607 0.0048537559030332241 0.004065033934872459 -0.0037579273822197245 -0.0011107384914716171 0.0011459194716677147
leaf_weight=165 181 219 157 694 228 556
leaf_count=165 181 219 157 694 228 556
internal_value=-0.00015732 0.00098076 -0.00103235 -0.00229936 0.00170566 -0.000195055
internal_weight=2200 956 1244 851 393 737
internal_count=2200 956 1244 851 393 737
is_linear=0
shrinkage=0.05


Tree=89
num_leaves=4
num_cat=0
split_feature=8 11 11
split_gain=0.857155 1.28365 2.74681
threshold=0.49098576581049852 0.93194719561560657 0.58436769656310694
decision_type=2 2 2
left_child=-1 2 -2
right_child=1 -3 -4
leaf_value=-0.0028550489054805089 0.00073157971843407514 0.0035883123145635833 -0.0042544647626985253
leaf_weight=253 1365 241 341
leaf_count=253 1365 241 341
internal_value=-0.000146784 0.000211549 -0.000274565
internal_weight=2200 1947 1706
internal_count=2200 1947 1706
is_linear=0
shrinkage=0.05


Tree=90
num_leaves=4
num_cat=0
split_feature=4 4 9
split_gain=0.856914 1.90682 2.17525
threshold=0.059345381511856483 0.048153400710645576 1.1168731139810604
decision_type=2 2 2
left_child=1 2 -1
right_child=-2 -3 -4
leaf_value=0.00050495223127770947 -0.0027172918288945304 0.0053954745824562342 -0.0043543162860099557
leaf_weight=1498 276 159 267
leaf_count=1498 276 159 267
internal_value=-0.000137928 0.000238168 -0.000240356
internal_weight=2200 1924 1765
internal_count=2200 1924 1765
is_linear=0
shrinkage=0.05


Tree=91
num_leaves=5
num_cat=0
split_feature=7 9 11 8
split_gain=0.888955 2.86524 2.14784 3.23667
threshold=0.63926798581446709 1.1168731139810604 0.96367902195362942 0.67689922486881249
decision_type=2 2 2 2
left_child=2 -2 3 -1
right_child=1 -3 -4 -5
leaf_value=-8.2069444744566121e-07 0.0050558820534256643 -0.0020157337096900168 0.0048825654676822464 -0.0054704139908959334
leaf_weight=1136 285 279 150 350
leaf_count=1136 285 279 150 350
internal_value=-0.000132607 0.00157072 -0.000722813 -0.00130311
internal_weight=2200 564 1636 1486
internal_count=2200 564 1636 1486
is_linear=0
shrinkage=0.05


Tree=92
num_leaves=5
num_cat=0
split_feature=8 10 8 12
split_gain=0.888013 1.15629 1.8678 1.02849
threshold=0.74503101687926343 0.010000000000000007 0.66620285794737222 0.078604090438322491
decision_type=2 2 2 2
left_child=1 3 -3 -1
right_child=-2 2 -4 -5
leaf_value=-0.0054707172992190557 0.0035021632666563159 0.0011623536888552305 -0.0025690297450384372 -0.00015075910467591682
leaf_weight=187 152 1233 455 173
leaf_count=187 152 1233 455 173
internal_value=-0.000122509 -0.000399402 0.000151943 -0.00295127
internal_weight=2200 2048 1688 360
internal_count=2200 2048 1688 360
is_linear=0
shrinkage=0.05


Tree=93
num_leaves=5
num_cat=0
split_feature=13 8 8 7
split_gain=0.835751 1.38945 1.92908 1.31347
threshold=0.2609550578061246 0.71236139525394437 0.67689922486881249 -0.3533795846474867
decision_type=8 2 2 2
left_child=1 2 -1 -2
right_child=3 -3 -4 -5
leaf_value=0.00046986014616243822 -0.004714704543193427 0.0035766743223673556 -0.0045158029554436393 0.0012449311241653051
leaf_weight=1331 218 274 222 155
leaf_count=1331 218 274 222 155
internal_value=-0.000114128 0.000327805 -0.000255041 -0.00225447
internal_weight=2200 1827 1553 373
internal_count=2200 1827 1553 373
is_linear=0
shrinkage=0.05


Tree=94
num_leaves=5
num_cat=0
split_feature=8 6 3 6
split_gain=0.836895 1.13807 3.32898 2.00262
threshold=0.49098576581049852 6.8193884107315359 -1.0876776499734875 6.4388149874952516
decision_type=2 2 2 2
left_child=-1 3 -3 -2
right_child=1 2 -4 -5
leaf_value=-0.0027817543370418194 0.0010286153400385822 -0.0042038825217826778 0.0034714066282751838 -0.0031595856498461217
leaf_weight=253 670 179 608 490
leaf_count=253 670 179 608 490
internal_value=-0.00010563 0.00024835 0.00171017 -0.000746506
internal_weight=2200 1947 787 1160
internal_count=2200 1947 787 1160
is_linear=0
shrinkage=0.05


Tree=95
num_leaves=5
num_cat=0
split_feature=4 2 2 13
split_gain=0.792105 1.46789 2.50984 1.81389
threshold=0.07564307353168935 0.071527843323215531 0.058526465321494532 0.069736103078718775
decision_type=2 2 2 10
left_child=1 2 -1 -3
right_child=-2 3 -4 -5
leaf_value=0.0003033371936274841 -0.0035210769409966315 0.0003546526544348189 -0.0049949836801853123 0.0060978106940165165
leaf_weight=1138 152 442 273 195
leaf_count=1138 152 442 273 195
internal_value=-9.8235e-05 0.000163761 -0.000735799 0.00214656
internal_weight=2200 2048 1411 637
internal_count=2200 2048 1411 637
is_linear=0
shrinkage=0.05


Tree=96
num_leaves=7
num_cat=0
split_feature=7 4 9 6 7 6
split_gain=0.802911 2.63632 2.16759 2.05833 2.02187 1.93093
threshold=0.63926798581446709 0.041231056256176617 1.1107158422647829 6.4388149874952516 1.0000000180025095e-35 6.5926608985444268
decision_type=2 2 2 2 2 2
left_child=3 2 -2 4 -1 -5
right_child=1 -3 -4 5 -6 -7
leaf_value=0.0041279314038878186 0.0030668505541090033 0.006900734130430259 -0.0041541642573099799 -0.0070301748529265204 -0.00206288915294451 -0.0010421404302100516
leaf_weight=347 199 158 207 153 207 929
leaf_count=347 199 158 207 153 207 929
internal_value=-9.00921e-05 0.0015286 -0.000620548 -0.000651083 0.00181699 -0.00191732
internal_weight=2200 564 406 1636 554 1082
internal_count=2200 564 406 1636 554 1082
is_linear=0
shrinkage=0.05


Tree=97
num_leaves=5
num_cat=0
split_feature=8 10 8 3
split_gain=0.780301 1.02538 1.74302 1.05322
threshold=0.74503101687926343 0.010000000000000007 0.6867886384372589 -0.50418648233235641
decision_type=2 2 2 2
left_child=1 3 -3 -1
right_child=-2 2 -4 -5
leaf_value=-0.00025743462330036994 0.0033159278840476599 0.00093283212578673083 -0.0032192644247224611 -0.0056530699812962363
leaf_weight=197 152 1384 304 163
leaf_count=197 152 1384 304 163
internal_value=-8.17078e-05 -0.000341338 0.000177762 -0.00274443
internal_weight=2200 2048 1688 360
internal_count=2200 2048 1688 360
is_linear=0
shrinkage=0.05


Tree=98
num_leaves=4
num_cat=0
split_feature=4 4 9
split_gain=0.778852 1.70908 1.85733
threshold=0.059345381511856483 0.048153400710645576 1.1168731139810604
decision_type=2 2 2
left_child=1 2 -1
right_child=-2 -3 -4
leaf_value=0.00051826112500850691 -0.0025346796099573799 0.0051654101954205188 -0.0039718500052538944
leaf_weight=1498 276 159 267
leaf_count=1498 276 159 267
internal_value=-7.55167e-05 0.000282909 -0.000170281
internal_weight=2200 1924 1765
internal_count=2200 1924 1765
is_linear=0
shrinkage=0.05


Tree=99
num_leaves=4
num_cat=0
split_feature=8 13 11
split_gain=0.776776 1.1216 1.40717
threshold=0.49098576581049852 0.25802970660469232 0.93194719561560657
decision_type=2 10 2
left_child=-1 2 -2
right_child=1 -3 -4
leaf_value=-0.0026507211556701469 9.8025669269025627e-05 -0.0037854686454324065 0.0043581955005679218
leaf_weight=253 1579 152 216
leaf_count=253 1579 152 216
internal_value=-7.24584e-05 0.000268502 0.000621352
internal_weight=2200 1947 1795
internal_count=2200 1947 1795
is_linear=0
shrinkage=0.05


Tree=100
num_leaves=6
num_cat=0
split_feature=7 4 11 8 11
split_gain=0.771344 2.41039 1.9307 2.85097 1.42704
threshold=0.63926798581446709 0.041231056256176617 0.96367902195362942 0.67689922486881249 -0.3133364612736409
decision_type=2 2 2 2 2
left_child=2 4 3 -1 -2
right_child=1 -3 -4 -5 -6
leaf_value=5.4999170441765702e-05 -0.0041239831849079894 0.0066564128202803302 0.004697403758651607 -0.0050781274244631903 0.0018573451244155879
leaf_weight=1136 161 158 150 350 245
leaf_count=1136 161 158 150 350 245
internal_value=-6.67271e-05 0.00151977 -0.000616626 -0.00116699 -0.000535876
internal_weight=2200 564 1636 1486 406
internal_count=2200 564 1636 1486 406
is_linear=0
shrinkage=0.05


Tree=101
num_leaves=5
num_cat=0
split_feature=8 10 8 3
split_gain=0.757073 0.922777 1.51205 0.968165
threshold=0.74503101687926343 0.010000000000000007 0.6867886384372589 -0.50418648233235641
decision_type=2 2 2 2
left_child=1 3 -3 -1
right_child=-2 2 -4 -5
leaf_value=-0.00021125187559657279 0.0032873420055160758 0.00088058729560536522 -0.0029866459591067051 -0.005383441184841061
leaf_weight=197 152 1384 304 163
leaf_count=197 152 1384 304 163
internal_value=-5.92817e-05 -0.000315065 0.000177355 -0.00259477
internal_weight=2200 2048 1688 360
internal_count=2200 2048 1688 360
is_linear=0
shrinkage=0.05


Tree=102
num_leaves=4
num_cat=0
split_feature=4 4 9
split_gain=0.762669 1.54974 1.75463
threshold=0.059345381511856483 0.048153400710645576 1.1168731139810604
decision_type=2 2 2
left_child=1 2 -1
right_child=-2 -3 -4
leaf_value=0.00053814843993172973 -0.0024875043142335062 0.0049499574412659904 -0.0038260230146346767
leaf_weight=1498 276 159 267
leaf_count=1498 276 159 267
internal_value=-5.3985e-05 0.000300649 -0.000130984
internal_weight=2200 1924 1765
internal_count=2200 1924 1765
is_linear=0
shrinkage=0.05


Tree=103
num_leaves=6
num_cat=0
split_feature=7 9 6 7 3
split_gain=0.757806 2.23678 1.86822 1.87546 1.81169
threshold=0.63926798581446709 1.1168731139810604 6.4388149874952516 1.0000000180025095e-35 0.22941573387056211
decision_type=2 2 2 2 2
left_child=2 -2 3 -1 -4
right_child=1 -3 4 -5 -6
leaf_value=0.0039800993878584866 0.0045994390536035447 -0.0016497543623546322 -0.0035519388233247601 -0.0019824221275553527 0.00057413881259059071
leaf_weight=347 285 279 622 207 460
leaf_count=347 285 279 622 207 460
internal_value=-5.1729e-05 0.00152075 -0.000596813 0.00175442 -0.00180321
internal_weight=2200 564 1636 554 1082
internal_count=2200 564 1636 554 1082
is_linear=0
shrinkage=0.05


Tree=104
num_leaves=5
num_cat=0
split_feature=11 3 9 3
split_gain=0.774015 0.995194 1.17867 0.977536
threshold=-0.90256962455808776 -1.4142135623730965 -0.86428271940716439 -0.035828718195000574
decision_type=2 2 2 2
left_child=3 -2 -3 -1
right_child=1 2 -4 -5
leaf_value=-0.00041397544148248872 0.0024167684845010765 -0.0033697443109208403 -0.00016173794121177433 0.0050804556072539383
leaf_weight=168 259 366 1257 150
leaf_count=168 259 366 1257 150
internal_value=-4.55368e-05 -0.000432571 -0.000893298 0.00221626
internal_weight=2200 1882 1623 318
internal_count=2200 1882 1623 318
is_linear=0
shrinkage=0.05


Tree=105
num_leaves=7
num_cat=0
split_feature=5 8 13 0 11 5
split_gain=0.757047 2.00797 3.62771 1.81275 3.99185 1.83618
threshold=-0.070000000000000007 0.68246966638846296 0.048729834475408164 0.61250000000000016 0.58436769656310694 0.10000000000000007
decision_type=2 2 10 2 2 2
left_child=1 2 -1 4 -2 -5
right_child=3 -3 -4 5 -6 -7
leaf_value=-0.0041233099379960995 0.00012863643123030974 0.0060207435489858215 0.003912332016952332 0.003707076299942328 -0.00782594057194636 -0.0011652415023684765
leaf_weight=281 475 166 271 340 231 436
leaf_count=281 475 166 271 340 231 436
internal_value=-4.08265e-05 0.00128642 -0.000178569 -0.000686017 -0.0025108 0.000979603
internal_weight=2200 718 552 1482 706 776
internal_count=2200 718 552 1482 706 776
is_linear=0
shrinkage=0.05


Tree=106
num_leaves=4
num_cat=0
split_feature=9 5 6
split_gain=0.723019 1.32582 1.44261
threshold=-1.1905051159563214 0.16000000000000003 6.8193884107315359
decision_type=2 2 2
left_child=-1 2 -2
right_child=1 -3 -4
leaf_value=-0.0024824874168366921 -0.00033974804517831472 -0.0027981206093122667 0.0026815624300909873
leaf_weight=261 1005 289 645
leaf_count=261 1005 289 645
internal_value=-3.76957e-05 0.000296925 0.000845843
internal_weight=2200 1939 1650
internal_count=2200 1939 1650
is_linear=0
shrinkage=0.05


Tree=107
num_leaves=5
num_cat=0
split_feature=8 6 3 8
split_gain=0.729493 1.04079 3.01414 1.67037
threshold=0.49098576581049852 6.8193884107315359 -1.0876776499734875 0.60830302367130884
decision_type=2 2 2 2
left_child=-1 3 -3 -2
right_child=1 2 -4 -5
leaf_value=-0.0025316305445009023 0.0019555535274338228 -0.0039331095931075932 0.0033707510689835619 -0.0020212130872043995
leaf_weight=253 398 179 608 762
leaf_count=253 398 179 608 762
internal_value=-3.29999e-05 0.000297334 0.00169517 -0.000654234
internal_weight=2200 1947 787 1160
internal_count=2200 1947 787 1160
is_linear=0
shrinkage=0.05


Tree=108
num_leaves=6
num_cat=0
split_feature=13 5 13 11 7
split_gain=0.719983 1.52474 2.45362 1.93099 1.16931
threshold=0.2609550578061246 -0.067499999999999963 0.069736103078718775 0.58436769656310694 -0.3533795846474867
decision_type=8 2 10 2 2
left_child=1 2 -1 -3 -2
right_child=4 3 -4 -5 -6
leaf_value=-0.00021237556569454402 -0.004337087229788622 0.00070017612891762598 0.0064447987858983792 -0.0035417495666120154 0.0012838125015332482
leaf_weight=336 218 881 230 380 155
leaf_count=336 218 881 230 380 155
internal_value=-2.85126e-05 0.00038149 0.00252558 -0.00058706 -0.00201524
internal_weight=2200 1827 566 1261 373
internal_count=2200 1827 566 1261 373
is_linear=0
shrinkage=0.05


Tree=109
num_leaves=5
num_cat=0
split_feature=0 5 3 5
split_gain=0.698183 1.19876 3.61113 1.62656
threshold=0.13000000000000003 -0.022500000000000003 0.57735026918963228 0.019999999999999938
decision_type=2 2 2 2
left_child=-1 2 -2 -3
right_child=1 3 -4 -5
leaf_value=-0.0030314852910591186 -7.2785738903163782e-05 -0.0044944514468280147 0.0080155701964427645 0.00014116306095601633
leaf_weight=172 602 227 174 1025
leaf_count=172 602 227 174 1025
internal_value=-1.96288e-05 0.000242642 0.00178055 -0.000713854
internal_weight=2200 2028 776 1252
internal_count=2200 2028 776 1252
is_linear=0
shrinkage=0.05


Tree=110
num_leaves=5
num_cat=0
split_feature=4 2 2 2
split_gain=0.698775 1.32864 2.37046 1.84761
threshold=0.07564307353168935 0.071527843323215531 0.058526465321494532 0.081306601943391607
decision_type=2 2 2 2
left_child=1 2 -1 -3
right_child=-2 3 -4 -5
leaf_value=0.00038890193063930356 -0.003225450427716325 0.0065918066312202865 -0.0047599193388378428 0.0005063727208007683
leaf_weight=1138 152 165 273 472
leaf_count=1138 152 165 273 472
internal_value=-1.0427e-05 0.000235462 -0.000620581 0.00212172
internal_weight=2200 2048 1411 637
internal_count=2200 2048 1411 637
is_linear=0
shrinkage=0.05


Tree=111
num_leaves=5
num_cat=0
split_feature=8 0 9 0
split_gain=0.696642 0.814973 1.7997 1.65037
threshold=0.74503101687926343 0.64750000000000008 -1.1905051159563214 0.81750000000000012
decision_type=2 2 2 2
left_child=1 2 -1 -3
right_child=-2 3 -4 -5
leaf_value=-0.0060199769553277768 0.0032030100604981946 0.0032211884673452006 -0.00030290756877781911 -0.0018312069395987611
leaf_weight=150 152 395 1236 267
leaf_count=150 152 395 1236 267
internal_value=-7.14061e-06 -0.000252615 -0.000941053 0.00118499
internal_weight=2200 2048 1386 662
internal_count=2200 2048 1386 662
is_linear=0
shrinkage=0.05


Tree=112
num_leaves=6
num_cat=0
split_feature=11 5 0 0 3
split_gain=0.657972 1.09463 2.74588 2.02494 0.879759
threshold=-0.90256962455808776 -0.070000000000000007 0.61250000000000016 0.40750000000000008 -0.035828718195000574
decision_type=2 2 2 2 2
left_child=4 3 -3 -2 -1
right_child=1 2 -4 -5 -6
leaf_value=-0.00041667979622442774 -0.00033983111223357776 -0.0036010070214828162 0.0010363277077250319 0.006166423787650319 0.0047951328235438032
leaf_weight=168 455 611 659 157 150
leaf_count=168 455 611 659 157 150
internal_value=-7.39247e-06 -0.000364314 -0.00120008 0.0013657 0.00207789
internal_weight=2200 1882 1270 612 318
internal_count=2200 1882 1270 612 318
is_linear=0
shrinkage=0.05


Tree=113
num_leaves=4
num_cat=0
split_feature=4 4 9
split_gain=0.659706 1.39197 1.61485
threshold=0.059345381511856483 0.048153400710645576 1.1168731139810604
decision_type=2 2 2
left_child=1 2 -1
right_child=-2 -3 -4
leaf_value=0.00055708821267157085 -0.0022686550872619148 0.0047307381815299759 -0.003629625346237684
leaf_weight=1498 276 159 267
leaf_count=1498 276 159 267
internal_value=-5.26328e-06 0.000324462 -8.47201e-05
internal_weight=2200 1924 1765
internal_count=2200 1924 1765
is_linear=0
shrinkage=0.05


Tree=114
num_leaves=6
num_cat=0
split_feature=7 4 11 8 9
split_gain=0.685427 2.17001 1.93397 2.59985 1.61834
threshold=0.63926798581446709 0.041231056256176617 0.96367902195362942 0.67689922486881249 1.1107158422647829
decision_type=2 2 2 2 2
left_child=2 4 3 -1 -2
right_child=1 -3 -4 -5 -6
leaf_value=9.2144142406789381e-05 0.0027244587402617307 0.006364036763966816 0.0047944106247215989 -0.0048095389145990496 -0.003514679700118613
leaf_weight=1136 199 158 150 350 207
leaf_count=1136 199 158 150 350 207
internal_value=-5.03434e-06 0.00149036 -0.000523532 -0.00107461 -0.000460639
internal_weight=2200 564 1636 1486 406
internal_count=2200 564 1636 1486 406
is_linear=0
shrinkage=0.05


Tree=115
num_leaves=5
num_cat=0
split_feature=8 10 8 3
split_gain=0.67693 0.76357 1.34159 0.948367
threshold=0.74503101687926343 0.010000000000000007 0.6867886384372589 -0.50418648233235641
decision_type=2 2 2 2
left_child=1 3 -3 -1
right_child=-2 2 -4 -5
leaf_value=3.6926512718246791e-05 0.0031644291244447235 0.00086815501893681112 -0.0027746222302932472 -0.0050756276895602553
leaf_weight=197 152 1384 304 163
leaf_count=197 152 1384 304 163
internal_value=3.54324e-08 -0.000241957 0.000205853 -0.00231574
internal_weight=2200 2048 1688 360
internal_count=2200 2048 1688 360
is_linear=0
shrinkage=0.05


Tree=116
num_leaves=4
num_cat=0
split_feature=4 4 9
split_gain=0.645855 1.26586 1.42869
threshold=0.059345381511856483 0.048153400710645576 1.1168731139810604
decision_type=2 2 2
left_child=1 2 -1
right_child=-2 -3 -4
leaf_value=0.00054249073666507569 -0.0022366278183404554 0.004531050949015303 -0.0033955056472811575
leaf_weight=1498 276 159 267
leaf_count=1498 276 159 267
internal_value=2.89614e-06 0.000329123 -6.11378e-05
internal_weight=2200 1924 1765
internal_count=2200 1924 1765
is_linear=0
shrinkage=0.05


Tree=117
num_leaves=7
num_cat=0
split_feature=7 4 6 7 6 9
split_gain=0.674503 1.98398 1.84815 1.78815 1.64399 1.42015
threshold=0.63926798581446709 0.041231056256176617 6.4388149874952516 -0.26781481910672283 6.5926608985444268 1.1107158422647829
decision_type=2 2 2 2 2 2
left_child=2 5 3 -1 -4 -2
right_child=1 -3 4 -5 -6 -7
leaf_value=0.0046918830319317871 0.0026032304349891825 0.0061464191720095335 -0.0064288160954513651 -0.00095050217464126444 -0.0009042560267655095 -0.0032412360811508306
leaf_weight=271 199 158 153 283 929 207
leaf_count=271 199 158 153 283 929 207
internal_value=3.02508e-06 0.00148644 -0.000511342 0.00182686 -0.00171143 -0.000379764
internal_weight=2200 564 1636 554 1082 406
internal_count=2200 564 1636 554 1082 406
is_linear=0
shrinkage=0.05


Tree=118
num_leaves=5
num_cat=0
split_feature=8 5 13 12
split_gain=0.66059 1.01814 1.3851 0.748989
threshold=0.49098576581049852 0.17000000000000001 0.24208256762098254 -0.16289513569760264
decision_type=2 2 10 2
left_child=-1 2 -2 -3
right_child=1 3 -4 -5
leaf_value=-0.0023700981984675733 0.0013144873425052052 -0.0047578488912944118 -0.003441688562869312 0.00010108956098166145
leaf_weight=253 1469 150 166 162
leaf_count=253 1469 150 166 162
internal_value=7.68963e-06 0.000321947 0.000822577 -0.00227314
internal_weight=2200 1947 1635 312
internal_count=2200 1947 1635 312
is_linear=0
shrinkage=0.05


Tree=119
num_leaves=5
num_cat=0
split_feature=4 2 2 2
split_gain=0.624021 1.19603 2.22323 1.73028
threshold=0.07564307353168935 0.071527843323215531 0.058526465321494532 0.081306601943391607
decision_type=2 2 2 2
left_child=1 2 -1 -3
right_child=-2 3 -4 -5
leaf_value=0.00040765414081680106 -0.0030281560465835844 0.0063577815956052611 -0.0045786270679128794 0.00046904329510710248
leaf_weight=1138 152 165 273 472
leaf_count=1138 152 165 273 472
internal_value=1.008e-05 0.0002424 -0.000569851 0.00203202
internal_weight=2200 2048 1411 637
internal_count=2200 2048 1411 637
is_linear=0
shrinkage=0.05


Tree=120
num_leaves=7
num_cat=0
split_feature=5 8 13 0 11 5
split_gain=0.630531 1.94929 3.37899 1.36434 3.5519 1.58809
threshold=-0.070000000000000007 0.68246966638846296 0.048729834475408164 0.61250000000000016 0.58436769656310694 0.080000000000000057
decision_type=2 2 10 2 2 2
left_child=1 2 -1 4 -2 -5
right_child=3 -3 -4 5 -6 -7
leaf_value=-0.0040258861847394444 0.00032829423904937965 0.0058885535906063532 0.0037294382762595793 0.0038362268203384268 -0.0071731585585038671 -0.00083741399904247382
leaf_weight=281 475 166 271 281 231 495
leaf_count=281 475 166 271 281 231 495
internal_value=1.27138e-05 0.00122388 -0.000219171 -0.000576214 -0.00215933 0.000868699
internal_weight=2200 718 552 1482 706 776
internal_count=2200 718 552 1482 706 776
is_linear=0
shrinkage=0.05


Tree=121
num_leaves=6
num_cat=0
split_feature=13 5 8 11 9
split_gain=0.618905 1.3448 2.24849 1.62489 0.808476
threshold=0.2609550578061246 -0.067499999999999963 0.67609552625227387 0.58436769656310694 -0.86428271940716439
decision_type=8 2 2 2 2
left_child=1 2 -1 -3 -2
right_child=4 3 -4 -5 -6
leaf_value=0.00044494397631681819 -0.0043991898850554373 0.00066562203494500809 0.0074373736645793539 -0.0032255285929634493 0.0002461367151286523
leaf_weight=411 164 881 155 380 209
leaf_count=411 164 881 155 380 209
internal_value=1.46028e-05 0.000394645 0.00240819 -0.000515077 -0.00182749
internal_weight=2200 1827 566 1261 373
internal_count=2200 1827 566 1261 373
is_linear=0
shrinkage=0.05


Tree=122
num_leaves=6
num_cat=0
split_feature=3 5 3 5 3
split_gain=0.604373 1.67331 2.01944 1.30576 1.05719
threshold=0.26227157876952695 -0.022500000000000003 0.81649658092772659 -0.23749999999999996 -0.63245553203367588
decision_type=2 2 2 2 2
left_child=3 -2 -3 -1 -5
right_child=1 2 -4 4 -6
leaf_value=0.0035338216559352275 0.0047042575701070431 0.0043294805919789278 -0.001698680647492816 -0.00013960041034544556 -0.0033688818309094318
leaf_weight=154 223 180 553 696 394
leaf_count=154 223 180 553 696 394
internal_value=2.06325e-05 0.000963227 -0.000199065 -0.000704697 -0.00131693
internal_weight=2200 956 733 1244 1090
internal_count=2200 956 733 1244 1090
is_linear=0
shrinkage=0.05


Tree=123
num_leaves=5
num_cat=0
split_feature=8 8 4 0
split_gain=0.60344 0.690424 1.83578 1.4879
threshold=0.74503101687926343 0.66620285794737222 0.018027756377319949 0.31750000000000006
decision_type=2 2 2 2
left_child=1 3 -3 -1
right_child=-2 2 -4 -5
leaf_value=-0.0019741538505093389 0.0030133654132105743 -0.0063323049733956015 0.00010831934684837509 0.0013981748125493759
leaf_weight=471 152 150 386 1041
leaf_count=471 152 150 386 1041
internal_value=2.57313e-05 -0.000202806 -0.00173596 0.000344623
internal_weight=2200 2048 536 1512
internal_count=2200 2048 536 1512
is_linear=0
shrinkage=0.05


Tree=124
num_leaves=4
num_cat=0
split_feature=9 5 6
split_gain=0.599172 1.23642 1.26549
threshold=-1.1905051159563214 0.16000000000000003 6.8193884107315359
decision_type=2 2 2
left_child=-1 2 -2
right_child=1 -3 -4
leaf_value=-0.0021977031035602611 -0.00024826865100375568 -0.0026565731246282545 0.0025817577183568996
leaf_weight=261 1005 289 645
leaf_count=261 1005 289 645
internal_value=2.80134e-05 0.000332489 0.000862472
internal_weight=2200 1939 1650
internal_count=2200 1939 1650
is_linear=0
shrinkage=0.05


Tree=125
num_leaves=7
num_cat=0
split_feature=6 7 0 9 0 13
split_gain=0.609216 2.64013 2.06607 2.0221 2.72144 1.47462
threshold=6.1874834465657207 -0.26781481910672283 0.55000000000000016 -0.86428271940716439 0.62000000000000011 0.080223935342381175
decision_type=2 2 2 2 2 10
left_child=1 -1 -3 4 -2 -5
right_child=3 2 -4 5 -6 -7
leaf_value=0.0062819418887938225 -0.0064560282564303075 -0.0052817401576409993 0.0028102430600460762 -0.00023535173226182246 0.0018136715847504093 0.004104413116050031
leaf_weight=181 264 153 153 1059 155 235
leaf_count=181 264 153 153 1059 155 235
internal_value=2.99798e-05 0.00158119 -0.00125562 -0.000414342 -0.00341152 0.000565547
internal_weight=2200 487 306 1713 419 1294
internal_count=2200 487 306 1713 419 1294
is_linear=0
shrinkage=0.05


Tree=126
num_leaves=6
num_cat=0
split_feature=7 11 4 9 11
split_gain=0.59922 1.88612 1.84287 1.6559 1.38037
threshold=0.63926798581446709 0.96367902195362942 0.041636319478625193 0.68681472206355876 -0.3133364612736409
decision_type=2 2 2 2 2
left_child=1 3 4 -1 -2
right_child=2 -3 -4 -5 -6
leaf_value=-0.0003241297976503069 -0.0038129892972681456 0.004795686907563059 0.005996938001250251 -0.0051157660611594723 0.0020272976888809353
leaf_weight=1281 165 150 154 205 245
leaf_count=1281 165 150 154 205 245
internal_value=2.91696e-05 -0.000455704 0.00142729 -0.0010001 -0.000340684
internal_weight=2200 1636 564 1486 410
internal_count=2200 1636 564 1486 410
is_linear=0
shrinkage=0.05


Tree=127
num_leaves=4
num_cat=0
split_feature=4 4 9
split_gain=0.61209 1.10788 1.28307
threshold=0.059345381511856483 0.048153400710645576 1.1168731139810604
decision_type=2 2 2
left_child=1 2 -1
right_child=-2 -3 -4
leaf_value=0.00055508428013199449 -0.0021494134514861048 0.0042793533526270132 -0.0031768227317062318
leaf_weight=1498 276 159 267
leaf_count=1498 276 159 267
internal_value=3.08502e-05 0.000348372 -1.68385e-05
internal_weight=2200 1924 1765
internal_count=2200 1924 1765
is_linear=0
shrinkage=0.05


Tree=128
num_leaves=5
num_cat=0
split_feature=11 3 3 3
split_gain=0.60489 0.950397 1.10896 0.775274
threshold=-0.90256962455808776 -1.4142135623730965 -1.0876776499734875 -0.035828718195000574
decision_type=2 2 2 2
left_child=3 -2 -3 -1
right_child=1 2 -4 -5
leaf_value=-0.00031473921730339183 0.0024714410483173913 -0.0044416133324605422 -0.00029895212559555295 0.0045797238395278977
leaf_weight=168 259 177 1446 150
leaf_count=168 259 177 1446 150
internal_value=2.98025e-05 -0.000312503 -0.000762993 0.00202912
internal_weight=2200 1882 1623 318
internal_count=2200 1882 1623 318
is_linear=0
shrinkage=0.05


Tree=129
num_leaves=4
num_cat=0
split_feature=8 11 11
split_gain=0.599112 0.995913 1.89421
threshold=0.49098576581049852 0.93194719561560657 0.58436769656310694
decision_type=2 2 2
left_child=-1 2 -2
right_child=1 -3 -4
leaf_value=-0.0022337873602920398 0.00073648894711262269 0.0033041137641644093 -0.0034039499783872309
leaf_weight=253 1365 241 341
leaf_count=253 1365 241 341
internal_value=3.07111e-05 0.000329936 -9.86422e-05
internal_weight=2200 1947 1706
internal_count=2200 1947 1706
is_linear=0
shrinkage=0.05


Tree=130
num_leaves=6
num_cat=0
split_feature=13 4 2 4 6
split_gain=0.597696 2.12259 2.30726 1.81238 1.61857
threshold=-0.076364740746285839 0.058756645174948705 0.070372888761928445 0.047194736289546631 6.9460476609177553
decision_type=8 2 2 2 2
left_child=3 2 -2 4 -1
right_child=1 -3 -4 -5 -6
leaf_value=-0.0017195962097334193 -0.0012462428418610802 -0.0054847331444552432 0.0034425326130804994 0.0059055752812082292 0.0037593157999513075
leaf_weight=442 858 186 372 154 188
leaf_count=442 858 186 372 154 188
internal_value=3.20264e-05 -0.000580758 0.000180022 0.00113546 -6.78922e-05
internal_weight=2200 1416 1230 784 630
internal_count=2200 1416 1230 784 630
is_linear=0
shrinkage=0.05


Tree=131
num_leaves=5
num_cat=0
split_feature=0 5 3 6
split_gain=0.571563 1.08874 3.23081 1.43808
threshold=0.13000000000000003 -0.022500000000000003 0.57735026918963228 6.1874834465657207
decision_type=2 2 2 2
left_child=-1 2 -2 -3
right_child=1 3 -4 -5
leaf_value=-0.0026903923127193814 -1.5888928072879944e-05 0.0024538068147376183 0.0076351300685623584 -0.0015593152475273124
leaf_weight=172 602 285 174 967
leaf_count=172 602 285 174 967
internal_value=3.48271e-05 0.000272008 0.00173757 -0.000639658
internal_weight=2200 2028 776 1252
internal_count=2200 2028 776 1252
is_linear=0
shrinkage=0.05


Tree=132
num_leaves=6
num_cat=0
split_feature=7 11 8 4 11
split_gain=0.555717 1.71501 2.42295 1.6255 1.3646
threshold=0.63926798581446709 0.96367902195362942 0.67689922486881249 0.041231056256176617 -0.3133364612736409
decision_type=2 2 2 2 2
left_child=1 2 -1 4 -2
right_child=3 -3 -4 -5 -6
leaf_value=0.00018277060598425576 -0.0038113455405930081 0.0045834162236461718 -0.0045488465246646083 0.0056072494802150898 0.0020368727200897412
leaf_weight=1136 161 150 350 158 245
leaf_count=1136 161 150 350 158 245
internal_value=4.29237e-05 -0.000424052 -0.000943192 0.00138931 -0.000300402
internal_weight=2200 1636 1486 564 406
internal_count=2200 1636 1486 564 406
is_linear=0
shrinkage=0.05


Tree=133
num_leaves=4
num_cat=0
split_feature=8 4 13
split_gain=0.584008 0.668713 1.22006
threshold=0.74503101687926343 0.057357013574566303 -0.25369182501001014
decision_type=2 2 8
left_child=1 2 -1
right_child=-2 -3 -4
leaf_value=-0.0039528340193374437 0.0029846636513188767 -0.0024934193652081972 0.00058434957188823421
leaf_weight=158 152 266 1624
leaf_count=158 152 266 1624
internal_value=4.55642e-05 -0.00017931 0.000172128
internal_weight=2200 2048 1782
internal_count=2200 2048 1782
is_linear=0
shrinkage=0.05


Tree=134
num_leaves=5
num_cat=0
split_feature=11 11 13 3
split_gain=0.567719 0.941403 1.57692 0.703607
threshold=-0.90256962455808776 -0.73105602315749396 -0.12178604974213976 -0.035828718195000574
decision_type=2 2 8 2
left_child=3 -2 -3 -1
right_child=1 2 -4 -5
leaf_value=-0.00025185399239269121 -0.0033291456778507772 0.0025047525630973646 -0.00086639122607178758 0.0044121488603770789
leaf_weight=168 219 486 1177 150
leaf_count=168 219 486 1177 150
internal_value=4.55069e-05 -0.000286152 0.000123357 0.00198239
internal_weight=2200 1882 1663 318
internal_count=2200 1882 1663 318
is_linear=0
shrinkage=0.05


Tree=135
num_leaves=5
num_cat=0
split_feature=8 5 3 12
split_gain=0.548886 0.917938 1.21429 0.627622
threshold=0.49098576581049852 0.17000000000000001 -0.99999999999999911 -0.16289513569760264
decision_type=2 2 2 2
left_child=-1 2 -2 -3
right_child=1 3 -4 -5
leaf_value=-0.0021234127942404112 -0.0012593958480856344 -0.0044081697396693691 0.001698947697133161 4.1237910986392806e-05
leaf_weight=253 493 150 1142 162
leaf_count=253 493 150 1142 162
internal_value=4.41242e-05 0.000330499 0.000805801 -0.00213369
internal_weight=2200 1947 1635 312
internal_count=2200 1947 1635 312
is_linear=0
shrinkage=0.05


Tree=136
num_leaves=4
num_cat=0
split_feature=8 4 13
split_gain=0.538193 0.609977 1.16807
threshold=0.74503101687926343 0.057357013574566303 -0.25369182501001014
decision_type=2 2 8
left_child=1 2 -1
right_child=-2 -3 -4
leaf_value=-0.0038713637908686389 0.0028664242292333183 -0.0023810547570323375 0.00056809127134110318
leaf_weight=158 152 266 1624
leaf_count=158 152 266 1624
internal_value=4.49665e-05 -0.00017091 0.000164739
internal_weight=2200 2048 1782
internal_count=2200 2048 1782
is_linear=0
shrinkage=0.05


Tree=137
num_leaves=6
num_cat=0
split_feature=13 5 13 11 7
split_gain=0.535692 1.21407 2.27175 1.5138 0.984968
threshold=0.2609550578061246 -0.067499999999999963 0.048729834475408164 0.58436769656310694 -0.3533795846474867
decision_type=8 2 10 2 2
left_child=1 2 -1 -3 -2
right_child=4 3 -4 -5 -6
leaf_value=-0.00050383771873463922 -0.0038008845230092549 0.00067348524107338666 0.005835251897900259 -0.0030822272016907785 0.0013546864219824784
leaf_weight=317 218 881 249 380 155
leaf_count=317 218 881 249 380 155
internal_value=4.4953e-05 0.000398455 0.00231159 -0.000465995 -0.00166891
internal_weight=2200 1827 566 1261 373
internal_count=2200 1827 566 1261 373
is_linear=0
shrinkage=0.05


Tree=138
num_leaves=5
num_cat=0
split_feature=0 5 3 5
split_gain=0.548718 0.982454 2.97954 1.3559
threshold=0.13000000000000003 -0.022500000000000003 0.57735026918963228 0.019999999999999938
decision_type=2 2 2 2
left_child=-1 2 -2 -3
right_child=1 3 -4 -5
leaf_value=-0.0026200967411692177 -9.2914110683272957e-06 -0.0040354021790272821 0.007338229248653994 0.00019674038768729572
leaf_weight=172 602 227 174 1025
leaf_count=172 602 227 174 1025
internal_value=5.01475e-05 0.000282505 0.00167465 -0.000583588
internal_weight=2200 2028 776 1252
internal_count=2200 2028 776 1252
is_linear=0
shrinkage=0.05


Tree=139
num_leaves=6
num_cat=0
split_feature=13 13 2 8 8
split_gain=0.535632 2.27833 1.48423 1.35309 0.957584
threshold=0.010761854793753254 0.069736103078718775 0.090102159851559796 0.71121639282082005 0.62044809850416549
decision_type=8 8 2 2 2
left_child=3 -2 -3 4 -1
right_child=1 2 -4 -5 -6
leaf_value=0.0015220143232152893 -0.0057150485011300553 -0.00070222162249067635 0.0041999472231969009 0.00491830131450538 -0.0017286729987624047
leaf_weight=506 184 752 189 167 402
leaf_count=506 184 752 189 167 402
internal_value=5.5869e-05 -0.000705253 0.000299374 0.00085197 8.1248e-05
internal_weight=2200 1125 941 1075 908
internal_count=2200 1125 941 1075 908
is_linear=0
shrinkage=0.05


Tree=140
num_leaves=4
num_cat=0
split_feature=4 8 12
split_gain=0.520344 0.9886 1.79615
threshold=0.07564307353168935 0.71236139525394437 -0.42260296427039018
decision_type=2 2 2
left_child=1 2 -1
right_child=-2 -3 -4
leaf_value=-0.0023171400694462717 -0.0027173868294473099 0.0029112120710979433 0.0010107783252319257
leaf_weight=628 152 297 1123
leaf_count=628 152 297 1123
internal_value=5.71268e-05 0.000269164 -0.000185986
internal_weight=2200 2048 1751
internal_count=2200 2048 1751
is_linear=0
shrinkage=0.05


Tree=141
num_leaves=7
num_cat=0
split_feature=6 7 0 9 0 5
split_gain=0.508294 2.52194 1.84968 1.81871 2.50318 1.44855
threshold=6.1874834465657207 -0.26781481910672283 0.55000000000000016 -0.86428271940716439 0.62000000000000011 0.11000000000000008
decision_type=2 2 2 2 2 2
left_child=1 -1 -3 4 -2 -5
right_child=3 2 -4 5 -6 -7
leaf_value=0.0060680892976922212 -0.0061120846425399503 -0.005106470850885763 0.0025511421689091702 0.0015163241198222915 0.001817466844295268 -0.0023821345716381185
leaf_weight=181 264 153 153 985 155 309
leaf_count=181 264 153 153 985 155 309
internal_value=5.65702e-05 0.00147342 -0.00129821 -0.000349351 -0.00319188 0.000579808
internal_weight=2200 487 306 1713 419 1294
internal_count=2200 487 306 1713 419 1294
is_linear=0
shrinkage=0.05


Tree=142
num_leaves=5
num_cat=0
split_feature=0 5 3 5
split_gain=0.50134 0.94036 2.77861 1.25851
threshold=0.13000000000000003 -0.022500000000000003 0.57735026918963228 0.019999999999999938
decision_type=2 2 2 2
left_child=-1 2 -2 -3
right_child=1 3 -4 -5
leaf_value=-0.0024967911860400466 1.3312374190250919e-05 -0.003895194946631693 0.0071089478329281908 0.00018215227387822911
leaf_weight=172 602 227 174 1025
leaf_count=172 602 227 174 1025
internal_value=5.55927e-05 0.000277675 0.00163967 -0.000569665
internal_weight=2200 2028 776 1252
internal_count=2200 2028 776 1252
is_linear=0
shrinkage=0.05


Tree=143
num_leaves=5
num_cat=0
split_feature=11 3 3 3
split_gain=0.498112 0.981282 0.934514 0.615537
threshold=-0.90256962455808776 -1.4142135623730965 -1.0876776499734875 -0.035828718195000574
decision_type=2 2 2 2
left_child=3 -2 -3 -1
right_child=1 2 -4 -5
leaf_value=-0.00021509998020409162 0.0025788115692910543 -0.0040845521061843044 -0.00028162105653416056 0.0041477927197927549
leaf_weight=168 259 177 1446 150
leaf_count=168 259 177 1446 150
internal_value=6.09892e-05 -0.000249716 -0.000707629 0.00187522
internal_weight=2200 1882 1623 318
internal_count=2200 1882 1623 318
is_linear=0
shrinkage=0.05


Tree=144
num_leaves=5
num_cat=0
split_feature=7 6 7 6
split_gain=0.49662 0.852302 1.82513 1.46616
threshold=0.85339098563387428 6.4388149874952516 1.0000000180025095e-35 6.5699231160930287
decision_type=2 2 2 2
left_child=1 2 -1 -3
right_child=-2 3 -4 -5
leaf_value=0.0037104569915920199 0.00207390150697521 -0.0055358088004492951 -0.0014901217871273941 -0.0003450797559261352
leaf_weight=347 264 150 320 1119
leaf_count=347 264 150 320 1119
internal_value=6.06579e-05 -0.00021851 0.0012229 -0.000977959
internal_weight=2200 1936 667 1269
internal_count=2200 1936 667 1269
is_linear=0
shrinkage=0.05


Tree=145
num_leaves=4
num_cat=0
split_feature=9 5 6
split_gain=0.50385 1.11547 1.20093
threshold=-1.1905051159563214 0.16000000000000003 6.8193884107315359
decision_type=2 2 2
left_child=-1 2 -2
right_child=1 -3 -4
leaf_value=-0.0019795787518080746 -0.00023806612642417375 -0.0024985524491453704 0.0025188442620699509
leaf_weight=261 1005 289 645
leaf_count=261 1005 289 645
internal_value=6.15236e-05 0.000340652 0.000843989
internal_weight=2200 1939 1650
internal_count=2200 1939 1650
is_linear=0
shrinkage=0.05


Tree=146
num_leaves=6
num_cat=0
split_feature=13 12 4 13 6
split_gain=0.495504 1.80412 1.38597 1.22887 1.08971
threshold=-0.15197043850386163 -0.59128824478827979 0.057357013574566303 -0.097895179014912598 6.505410284682398
decision_type=8 2 2 8 2
left_child=1 -1 3 -2 -3
right_child=2 4 -4 -5 -6
leaf_value=0.0056952355524335432 -0.0039380057357579655 -0.0037208302815951687 -0.0039631343901197873 0.00071772182859959231 0.0017777135819363008
leaf_weight=162 154 153 225 1301 205
leaf_count=162 154 153 225 1301 205
internal_value=6.1775e-05 0.00140292 -0.000356272 0.000213152 -0.000591106
internal_weight=2200 520 1680 1455 358
internal_count=2200 520 1680 1455 358
is_linear=0
shrinkage=0.05


Tree=147
num_leaves=6
num_cat=0
split_feature=13 5 13 4 7
split_gain=0.485997 1.08478 2.16796 1.39004 0.871978
threshold=0.2609550578061246 -0.067499999999999963 0.048729834475408164 0.021794494717703353 -0.3533795846474867
decision_type=8 2 10 2 2
left_child=1 2 -1 -3 -2
right_child=4 3 -4 -5 -6
leaf_value=-0.00054431764386530667 -0.0035781846315946619 0.0014477547588661072 0.0056476028133655796 -0.001883940578589093 0.0012727060645738675
leaf_weight=317 218 554 249 707 155
leaf_count=317 218 554 249 707 155
internal_value=6.02485e-05 0.000396916 0.00220529 -0.000420277 -0.00157223
internal_weight=2200 1827 566 1261 373
internal_count=2200 1827 566 1261 373
is_linear=0
shrinkage=0.05


Tree=148
num_leaves=6
num_cat=0
split_feature=13 13 2 8 8
split_gain=0.499353 2.15099 1.44895 1.19777 0.874283
threshold=0.010761854793753254 0.069736103078718775 0.069805651684712366 0.71121639282082005 0.62044809850416549
decision_type=8 8 2 2 2
left_child=3 -2 -3 4 -1
right_child=1 2 -4 -5 -6
leaf_value=0.0014842431767620517 -0.0055383349176269595 -0.0011821618305300316 0.0028673614412652901 0.0046588840444983784 -0.0016218577500095783
leaf_weight=506 184 597 344 167 402
leaf_count=506 184 597 344 167 402
internal_value=6.43912e-05 -0.000670529 0.000305547 0.000833037 0.000107724
internal_weight=2200 1125 941 1075 908
internal_count=2200 1125 941 1075 908
is_linear=0
shrinkage=0.05


Tree=149
num_leaves=4
num_cat=0
split_feature=8 11 11
split_gain=0.490768 0.893593 1.61216
threshold=0.49098576581049852 0.93194719561560657 0.58436769656310694
decision_type=2 2 2
left_child=-1 2 -2
right_child=1 -3 -4
leaf_value=-0.0019843141251431359 0.00070041763623109954 0.0031533036812594751 -0.0031193448262693091
leaf_weight=253 1365 241 341
leaf_count=253 1365 241 341
internal_value=6.53236e-05 0.000336061 -6.99714e-05
internal_weight=2200 1947 1706
internal_count=2200 1947 1706
is_linear=0
shrinkage=0.05


Tree=150
num_leaves=5
num_cat=0
split_feature=0 5 3 1
split_gain=0.486464 0.83523 2.59836 1.19237
threshold=0.13000000000000003 -0.022500000000000003 0.57735026918963228 -0.1882505270914844
decision_type=2 2 2 2
left_child=-1 2 -2 -3
right_child=1 3 -4 -5
leaf_value=-0.0024491686123236816 -5.1714830433815959e-06 -0.0042336124277663539 0.0068563123436530208 0.00012233380448665594
leaf_weight=172 602 179 174 1073
leaf_count=172 602 179 174 1073
internal_value=6.50926e-05 0.000283833 0.0015674 -0.000514804
internal_weight=2200 2028 776 1252
internal_count=2200 2028 776 1252
is_linear=0
shrinkage=0.05


Tree=151
num_leaves=5
num_cat=0
split_feature=13 11 8 8
split_gain=0.4662 0.761841 1.54827 1.50191
threshold=-0.39741418670311052 0.4149248388252213 0.64621365604066749 0.71236139525394437
decision_type=10 2 2 2
left_child=-1 3 -3 -2
right_child=1 2 -4 -5
leaf_value=-0.0019327565524949065 0.00032890481429915776 0.0010262704479408807 -0.0036146526174166077 0.005106037637522938
leaf_weight=252 1030 420 307 191
leaf_count=252 1030 420 307 191
internal_value=6.9331e-05 0.000332613 -0.000944818 0.00109396
internal_weight=2200 1948 727 1221
internal_count=2200 1948 727 1221
is_linear=0
shrinkage=0.05


Tree=152
num_leaves=7
num_cat=0
split_feature=6 7 9 13 9 4
split_gain=0.461397 2.26673 1.61567 1.3597 1.29657 1.07453
threshold=6.1874834465657207 -0.26781481910672283 -0.86428271940716439 0.080223935342381175 0.75413587676843774 0.021794494717703353
decision_type=2 2 2 10 2 2
left_child=1 -1 5 -4 -3 -2
right_child=2 4 3 -5 -6 -7
leaf_value=0.0057752753327530559 6.3384979809846052e-05 -0.0043957292556149668 -0.00021066138199056923 0.0039566159212457326 0.0020168889390564044 -0.0050657993948212262
leaf_weight=181 171 153 1059 235 153 248
leaf_count=181 171 153 1059 235 153 248
internal_value=6.95225e-05 0.0014194 -0.000317257 0.000558464 -0.00120854 -0.00299644
internal_weight=2200 487 1713 1294 306 419
internal_count=2200 487 1713 1294 306 419
is_linear=0
shrinkage=0.05


Tree=153
num_leaves=5
num_cat=0
split_feature=0 5 3 6
split_gain=0.465334 0.781096 2.44296 1.18924
threshold=0.13000000000000003 -0.022500000000000003 0.57735026918963228 6.1874834465657207
decision_type=2 2 2 2
left_child=-1 2 -2 -3
right_child=1 3 -4 -5
leaf_value=-0.0023884799251473305 9.0227332702627681e-07 0.0023246735372130984 0.0066540843422144827 -0.001324454516041951
leaf_weight=172 602 285 174 967
leaf_count=172 602 285 174 967
internal_value=7.05911e-05 0.000284513 0.00152577 -0.00048784
internal_weight=2200 2028 776 1252
internal_count=2200 2028 776 1252
is_linear=0
shrinkage=0.05


Tree=154
num_leaves=5
num_cat=0
split_feature=11 3 2 3
split_gain=0.469097 0.938398 0.878178 0.565129
threshold=-0.90256962455808776 -1.4142135623730965 0.035682820458030499 -0.035828718195000574
decision_type=2 2 2 2
left_child=3 -2 -3 -1
right_child=1 2 -4 -5
leaf_value=-0.00016696092731863089 0.0025408772635714602 0.0014875770795230291 -0.0012943692081022586 0.0040145265072163558
leaf_weight=168 259 361 1262 150
leaf_count=168 259 361 1262 150
internal_value=7.64836e-05 -0.000225077 -0.000672919 0.00183705
internal_weight=2200 1882 1623 318
internal_count=2200 1882 1623 318
is_linear=0
shrinkage=0.05


Tree=155
num_leaves=6
num_cat=0
split_feature=13 13 2 8 1
split_gain=0.460305 1.98534 1.37717 1.07391 0.80475
threshold=0.010761854793753254 0.069736103078718775 0.090102159851559796 0.71121639282082005 -0.22606628296189935
decision_type=8 8 2 2 2
left_child=3 -2 -3 4 -1
right_child=1 2 -4 -5 -6
leaf_value=-0.0018986122729620547 -0.0053074454733481012 -0.00065804088782700412 0.0040640549402391132 0.0044354326914736002 0.0012081260185526767
leaf_weight=315 184 752 189 167 593
leaf_count=315 184 752 189 167 593
internal_value=7.4821e-05 -0.000630812 0.00030686 0.000812776 0.000125853
internal_weight=2200 1125 941 1075 908
internal_count=2200 1125 941 1075 908
is_linear=0
shrinkage=0.05


Tree=156
num_leaves=7
num_cat=0
split_feature=6 3 0 6 2 7
split_gain=0.463431 2.16431 2.66888 1.55194 1.7688 1.71872
threshold=6.8193884107315359 -1.1627243582619256 0.63000000000000012 6.4388149874952516 0.045548356317760268 1.0000000180025095e-35
decision_type=2 2 2 2 2 2
left_child=3 -2 -3 5 -5 -1
right_child=1 2 -4 4 -6 -7
leaf_value=0.0035088443694390168 -0.0038628920472761176 0.0046605380944594365 -0.0015015934758995245 0.0013399954990194547 -0.004535946370813543 -0.0012927303469407909
leaf_weight=347 182 429 292 193 365 392
leaf_count=347 182 429 292 193 365 392
internal_value=7.40398e-05 0.000940902 0.00217176 -0.000530785 -0.00250974 0.000970295
internal_weight=2200 903 721 1297 558 739
internal_count=2200 903 721 1297 558 739
is_linear=0
shrinkage=0.05


Tree=157
num_leaves=5
num_cat=0
split_feature=8 6 3 8
split_gain=0.456453 0.852409 2.27634 1.49172
threshold=0.49098576581049852 6.8193884107315359 -1.0876776499734875 0.60830302367130884
decision_type=2 2 2 2
left_child=-1 3 -3 -2
right_child=1 2 -4 -5
leaf_value=-0.0018969392836231077 0.0019451476296146514 -0.0032871156993559969 0.0030613281972612125 -0.0018126592646461319
leaf_weight=253 398 179 608 762
leaf_count=253 398 179 608 762
internal_value=7.97911e-05 0.000340855 0.00160576 -0.000520528
internal_weight=2200 1947 787 1160
internal_count=2200 1947 787 1160
is_linear=0
shrinkage=0.05


Tree=158
num_leaves=6
num_cat=0
split_feature=13 5 8 8 7
split_gain=0.447575 1.01211 1.9764 1.25714 0.831271
threshold=0.2609550578061246 -0.067499999999999963 0.67609552625227387 0.68084689653033126 -0.3533795846474867
decision_type=8 2 2 2 2
left_child=1 2 -1 -3 -2
right_child=4 3 -4 -5 -6
leaf_value=0.00031000195704109504 -0.0034460509470517794 0.00054024824400230665 0.0068641445704270155 -0.0030574614797300157 0.0012894478512316711
leaf_weight=411 218 939 155 322 155
leaf_count=411 218 939 155 322 155
internal_value=7.94878e-05 0.000402526 0.00214925 -0.000386884 -0.00148719
internal_weight=2200 1827 566 1261 373
internal_count=2200 1827 566 1261 373
is_linear=0
shrinkage=0.05


Tree=159
num_leaves=6
num_cat=0
split_feature=13 4 4 2 6
split_gain=0.435759 1.71808 1.63154 1.98137 1.41776
threshold=-0.076364740746285839 0.047194736289546631 0.058756645174948705 0.070372888761928445 6.9460476609177553
decision_type=8 2 2 2 2
left_child=1 4 3 -2 -1
right_child=2 -3 -4 -5 -6
leaf_value=-0.0016918025089175726 -0.0010962197810291665 0.005668831255240073 -0.0047405353421832962 0.003248866905263114 0.003436045556201315
leaf_weight=442 858 154 186 372 188
leaf_count=442 858 154 186 372 188
internal_value=8.2362e-05 0.00102442 -0.000440997 0.000225737 -0.000146581
internal_weight=2200 784 1416 1230 630
internal_count=2200 784 1416 1230 630
is_linear=0
shrinkage=0.05


Tree=160
num_leaves=5
num_cat=0
split_feature=0 5 3 5
split_gain=0.426099 0.731357 2.24255 1.12454
threshold=0.13000000000000003 -0.022500000000000003 0.57735026918963228 0.019999999999999938
decision_type=2 2 2 2
left_child=-1 2 -2 -3
right_child=1 3 -4 -5
leaf_value=-0.0022706979692329542 2.7009458979208154e-05 -0.003603887038680741 0.0064016710810737903 0.00025006374004732103
leaf_weight=172 602 227 174 1025
leaf_count=172 602 227 174 1025
internal_value=8.2469e-05 0.000287141 0.00148821 -0.000460252
internal_weight=2200 2028 776 1252
internal_count=2200 2028 776 1252
is_linear=0
shrinkage=0.05


Tree=161
num_leaves=5
num_cat=0
split_feature=11 3 3 7
split_gain=0.423274 0.973214 0.780112 0.348141
threshold=-0.91177697653052536 -1.4142135623730965 -1.0876776499734875 0.016467205637491825
decision_type=2 2 2 2
left_child=3 -2 -3 -1
right_child=1 2 -4 -5
leaf_value=9.4968150069396352e-05 0.0026279042060361299 -0.0037204023456974518 -0.0002565266312947454 0.0034772074646917325
leaf_weight=150 259 178 1463 150
leaf_count=150 259 178 1463 150
internal_value=8.61856e-05 -0.000190891 -0.000642415 0.00181537
internal_weight=2200 1900 1641 300
internal_count=2200 1900 1641 300
is_linear=0
shrinkage=0.05


Tree=162
num_leaves=6
num_cat=0
split_feature=2 2 4 13 2
split_gain=0.434169 3.63578 1.84458 2.04015 1.45875
threshold=0.081306601943391607 0.072584954123317488 0.056145732824130788 0.069736103078718775 0.058526465321494532
decision_type=2 2 2 8 2
left_child=1 4 3 -2 -1
right_child=2 -3 -4 -5 -6
leaf_value=0.00054653572208682535 -0.0023710822230542882 0.0074666206589123867 -0.0056989602874257146 0.0046374708646908401 -0.0032208768855583412
leaf_weight=1144 237 163 153 177 326
leaf_count=1144 237 163 153 177 326
internal_value=8.4369e-05 0.000498322 -0.00110178 0.000644911 -0.000297045
internal_weight=2200 1633 567 414 1470
internal_count=2200 1633 567 414 1470
is_linear=0
shrinkage=0.05


Tree=163
num_leaves=5
num_cat=0
split_feature=13 7 9 6
split_gain=0.424638 0.874282 2.45895 1.48598
threshold=-0.39049715076617242 0.63926798581446709 1.1107158422647829 6.3285423352558121
decision_type=10 2 2 2
left_child=-1 3 -3 -2
right_child=1 2 -4 -5
leaf_value=-0.0017910937365267496 0.0021516438448047812 0.0058024747884624934 -0.0013545212460410799 -0.0013023888426415898
leaf_weight=260 441 233 239 1027
leaf_count=260 441 233 239 1027
internal_value=8.6809e-05 0.000342444 0.00220228 -0.000260986
internal_weight=2200 1940 472 1468
internal_count=2200 1940 472 1468
is_linear=0
shrinkage=0.05


Tree=164
num_leaves=5
num_cat=0
split_feature=8 8 4 12
split_gain=0.408096 0.606117 1.7258 1.14625
threshold=0.74503101687926343 0.66620285794737222 0.018027756377319949 -0.61737790168806173
decision_type=2 2 2 2
left_child=1 3 -3 -1
right_child=-2 2 -4 -5
leaf_value=-0.0017707339460516611 0.0025427403770814276 -0.0059954820349512085 0.00024756173045872268 0.0012731260396118293
leaf_weight=427 152 150 386 1085
leaf_count=427 152 150 386 1085
internal_value=8.59218e-05 -0.000102169 -0.00153882 0.000410514
internal_weight=2200 2048 536 1512
internal_count=2200 2048 536 1512
is_linear=0
shrinkage=0.05


Tree=165
num_leaves=4
num_cat=0
split_feature=8 11 11
split_gain=0.414562 0.863617 1.35362
threshold=0.49098576581049852 0.93194719561560657 0.58436769656310694
decision_type=2 2 2
left_child=-1 2 -2
right_child=1 -3 -4
leaf_value=-0.0017989506089496753 0.00064044001688764356 0.0031032800447286634 -0.0028596523391417918
leaf_weight=253 1365 241 341
leaf_count=253 1365 241 341
internal_value=8.49164e-05 0.000333694 -6.54804e-05
internal_weight=2200 1947 1706
internal_count=2200 1947 1706
is_linear=0
shrinkage=0.05


Tree=166
num_leaves=4
num_cat=0
split_feature=9 5 6
split_gain=0.409523 1.00792 1.05237
threshold=-1.1905051159563214 0.16000000000000003 6.8193884107315359
decision_type=2 2 2
left_child=-1 2 -2
right_child=1 -3 -4
leaf_value=-0.0017563453703047357 -0.00019912246053005076 -0.002363436631454459 0.0023817296218028509
leaf_weight=261 1005 289 645
leaf_count=261 1005 289 645
internal_value=8.38877e-05 0.000335473 0.000813904
internal_weight=2200 1939 1650
internal_count=2200 1939 1650
is_linear=0
shrinkage=0.05


Tree=167
num_leaves=4
num_cat=0
split_feature=7 6 4
split_gain=0.403051 0.80064 1.06658
threshold=0.85339098563387428 7.2267200651451509 0.017853571071357155
decision_type=2 2 2
left_child=1 2 -1
right_child=-2 -3 -4
leaf_value=-0.0015177374337956562 0.0018967359825764474 -0.0027058662463027017 0.0011397876342718772
leaf_weight=567 264 263 1106
leaf_count=567 264 263 1106
internal_value=8.30876e-05 -0.000168477 0.000237281
internal_weight=2200 1936 1673
internal_count=2200 1936 1673
is_linear=0
shrinkage=0.05


Tree=168
num_leaves=6
num_cat=0
split_feature=0 11 11 3 11
split_gain=0.396058 1.27374 1.24703 1.04744 1.21313
threshold=0.31750000000000006 -0.92384609093765524 -0.73105602315749396 -0.22941573387056438 -0.45204460904559257
decision_type=2 2 2 2 2
left_child=3 -2 -3 4 -1
right_child=1 2 -4 -5 -6
leaf_value=-0.0030434230927476277 0.0042440290240180123 -0.0037310299382792137 0.00057211710039473552 -0.0039468737117402111 0.0024114117096157295
leaf_weight=156 194 191 1189 197 273
leaf_count=156 194 191 1189 197 273
internal_value=8.14062e-05 0.000504362 -3.47827e-05 -0.000977634 0.000415625
internal_weight=2200 1574 1380 626 429
internal_count=2200 1574 1380 626 429
is_linear=0
shrinkage=0.05


Tree=169
num_leaves=6
num_cat=0
split_feature=2 2 4 13 2
split_gain=0.396108 3.39072 1.7489 1.92989 1.34964
threshold=0.081306601943391607 0.072584954123317488 0.056145732824130788 0.069736103078718775 0.058526465321494532
decision_type=2 2 2 8 2
left_child=1 4 3 -2 -1
right_child=2 -3 -4 -5 -6
leaf_value=0.00051804487585873098 -0.0022867346690940739 0.0072040384319344807 -0.005530107271845771 0.0045298765595761835 -0.0031057489771407175
leaf_weight=1144 237 163 153 177 326
leaf_count=1144 237 163 153 177 326
internal_value=7.92743e-05 0.00047467 -0.00105369 0.000646892 -0.000293403
internal_weight=2200 1633 567 414 1470
internal_count=2200 1633 567 414 1470
is_linear=0
shrinkage=0.05


Tree=170
num_leaves=6
num_cat=0
split_feature=13 5 13 4 11
split_gain=0.407557 0.913966 1.97791 1.29407 0.590246
threshold=0.2609550578061246 -0.067499999999999963 0.048729834475408164 0.021794494717703353 -0.1843798373058631
decision_type=8 2 10 2 2
left_child=1 2 -1 -3 -2
right_child=4 3 -4 -5 -6
leaf_value=-0.00057565111465179451 -0.003519410177497035 0.0014419955573809434 0.0053379595937852672 -0.0017725479344325109 0.00043071781248939272
leaf_weight=317 172 554 249 707 201
leaf_count=317 172 554 249 707 201
internal_value=8.17668e-05 0.000390013 0.00204988 -0.000360173 -0.00141325
internal_weight=2200 1827 566 1261 373
internal_count=2200 1827 566 1261 373
is_linear=0
shrinkage=0.05


Tree=171
num_leaves=6
num_cat=0
split_feature=13 13 8 8 9
split_gain=0.418391 1.79846 1.14005 1.01111 0.807152
threshold=0.010761854793753254 0.069736103078718775 0.65504132574206941 0.71121639282082005 0.32191312868959648
decision_type=8 8 2 2 2
left_child=3 -2 -3 4 -1
right_child=1 2 -4 -5 -6
leaf_value=0.0022540977071596148 -0.0050393778781490355 0.0015999403632129734 -0.0020078017625362716 0.0043031622942667023 -0.0009096065631610423
leaf_weight=294 184 604 337 167 614
leaf_count=294 184 604 337 167 614
internal_value=8.45015e-05 -0.000588272 0.000304118 0.00078803 0.000121499
internal_weight=2200 1125 941 1075 908
internal_count=2200 1125 941 1075 908
is_linear=0
shrinkage=0.05


Tree=172
num_leaves=4
num_cat=0
split_feature=8 11 11
split_gain=0.402916 0.784559 1.26853
threshold=0.49098576581049852 0.93194719561560657 0.58436769656310694
decision_type=2 2 2
left_child=-1 2 -2
right_child=1 -3 -4
leaf_value=-0.0017737653711991199 0.00063155571169002799 0.0029684831403438156 -0.0027567393883303711
leaf_weight=253 1365 241 341
leaf_count=253 1365 241 341
internal_value=8.34535e-05 0.000328712 -5.17829e-05
internal_weight=2200 1947 1706
internal_count=2200 1947 1706
is_linear=0
shrinkage=0.05


Tree=173
num_leaves=5
num_cat=0
split_feature=13 7 9 6
split_gain=0.388855 0.809618 2.2899 1.39774
threshold=-0.39049715076617242 0.63926798581446709 1.1107158422647829 6.3285423352558121
decision_type=10 2 2 2
left_child=-1 3 -3 -2
right_child=1 2 -4 -5
leaf_value=-0.0017146532393647095 0.0020862392601170769 0.0055910194374840056 -0.001315468442998445 -0.0012636743717094343
leaf_weight=260 441 233 239 1027
leaf_count=260 441 233 239 1027
internal_value=8.23837e-05 0.000327012 0.00211675 -0.000253665
internal_weight=2200 1940 472 1468
internal_count=2200 1940 472 1468
is_linear=0
shrinkage=0.05


Tree=174
num_leaves=7
num_cat=0
split_feature=6 8 9 2 6 0
split_gain=0.399319 1.85338 2.13768 1.39003 1.28278 1.74995
threshold=6.8193884107315359 0.61744225736843805 0.1775393528143451 0.072584954123317488 6.4388149874952516 0.66000000000000014
decision_type=2 2 2 2 2 2
left_child=4 2 -2 -3 -1 -6
right_child=1 3 -4 -5 5 -7
leaf_value=0.00088488207502548488 -0.0042344609286645669 0.0011053046619261076 0.0024379037413933026 0.0070354464284789102 -0.0040399791035351275 0.0020910997961817142
leaf_weight=739 263 276 213 151 398 160
leaf_count=739 263 276 213 151 398 160
internal_value=8.16417e-05 0.000886286 -0.00125441 0.00325954 -0.000479822 -0.00227901
internal_weight=2200 903 476 427 1297 558
internal_count=2200 903 476 427 1297 558
is_linear=0
shrinkage=0.05


Tree=175
num_leaves=5
num_cat=0
split_feature=11 11 13 7
split_gain=0.384029 0.857399 1.24705 0.429492
threshold=-0.90256962455808776 -0.73105602315749396 -0.12178604974213976 0.065717267845614852
decision_type=2 2 8 2
left_child=3 -2 -3 -1
right_child=1 2 -4 -5
leaf_value=-0.00017373701006940015 -0.0030973229548960394 0.0023149049492569951 -0.00068304140825583095 0.0034680007721961865
leaf_weight=159 219 486 1177 159
leaf_count=159 219 486 1177 159
internal_value=7.96927e-05 -0.000193183 0.0001974 0.00167263
internal_weight=2200 1882 1663 318
internal_count=2200 1882 1663 318
is_linear=0
shrinkage=0.05


Tree=176
num_leaves=6
num_cat=0
split_feature=2 2 4 13 2
split_gain=0.379439 3.12127 1.59017 1.83127 1.22344
threshold=0.081306601943391607 0.072584954123317488 0.056145732824130788 0.069736103078718775 0.058526465321494532
decision_type=2 2 2 8 2
left_child=1 4 3 -2 -1
right_child=2 -3 -4 -5 -6
leaf_value=0.00049922449869841887 -0.0022675051183698599 0.0069200545746190036 -0.0053005966841231421 0.0043724777825575861 -0.0029509810507832111
leaf_weight=1144 237 163 153 177 326
leaf_count=1144 237 163 153 177 326
internal_value=7.66276e-05 0.000463616 -0.00103224 0.000589629 -0.000273333
internal_weight=2200 1633 567 414 1470
internal_count=2200 1633 567 414 1470
is_linear=0
shrinkage=0.05


Tree=177
num_leaves=7
num_cat=0
split_feature=6 3 0 8 6 4
split_gain=0.375201 1.81235 2.57048 1.22447 2.74403 1.30518
threshold=6.8193884107315359 -1.1627243582619256 0.63000000000000012 0.60830302367130884 6.2054462435931006 0.028613807855648998
decision_type=2 2 2 2 2 2
left_child=3 -2 -3 5 -5 -1
right_child=1 2 -4 4 -6 -7
leaf_value=-0.00066013259582322931 -0.0035370167711796987 0.0044280863674958388 -0.001617976451239326 0.0018101314552404803 -0.0042475836565253168 0.0043377144337545647
leaf_weight=321 182 429 292 315 447 214
leaf_count=321 182 429 292 315 447 214
internal_value=7.88748e-05 0.000858842 0.00198519 -0.000465368 -0.00174793 0.00136066
internal_weight=2200 903 721 1297 762 535
internal_count=2200 903 721 1297 762 535
is_linear=0
shrinkage=0.05


Tree=178
num_leaves=5
num_cat=0
split_feature=0 5 3 5
split_gain=0.38365 0.688815 2.07177 1.0261
threshold=0.13000000000000003 -0.022500000000000003 0.57735026918963228 0.019999999999999938
decision_type=2 2 2 2
left_child=-1 2 -2 -3
right_child=1 3 -4 -5
leaf_value=-0.0021482187080241882 3.9909313194288016e-05 -0.0034493385757929807 0.0061671584927835942 0.00023208718802282606
leaf_weight=172 602 227 174 1025
leaf_count=172 602 227 174 1025
internal_value=8.46779e-05 0.000278873 0.00144449 -0.000446457
internal_weight=2200 2028 776 1252
internal_count=2200 2028 776 1252
is_linear=0
shrinkage=0.05


Tree=179
num_leaves=4
num_cat=0
split_feature=8 8 11
split_gain=0.370411 0.574734 0.872175
threshold=0.74503101687926343 0.70100496201233609 -0.052299644979220287
decision_type=2 2 2
left_child=1 2 -1
right_child=-2 -3 -4
leaf_value=-0.00090163654479641538 0.0024286878812808995 -0.0022834372724552725 0.0012992197477981425
leaf_weight=873 152 256 919
leaf_count=873 152 256 919
internal_value=8.80585e-05 -9.1152e-05 0.000227514
internal_weight=2200 2048 1792
internal_count=2200 2048 1792
is_linear=0
shrinkage=0.05


Tree=180
num_leaves=5
num_cat=0
split_feature=11 3 2 7
split_gain=0.370834 0.986723 1.10105 0.286669
threshold=-0.91177697653052536 -1.4142135623730943 0.035682820458030499 0.016467205637491825
decision_type=2 2 2 2
left_child=3 -2 -3 -1
right_child=1 2 -4 -5
leaf_value=0.00014076339574756042 0.0025799805432032098 0.00178518691786199 -0.0013343820311630696 0.0032118630005166897
leaf_weight=150 273 359 1268 150
leaf_count=150 273 359 1268 150
internal_value=8.5275e-05 -0.000174082 -0.000642684 0.00170379
internal_weight=2200 1900 1627 300
internal_count=2200 1900 1627 300
is_linear=0
shrinkage=0.05


Tree=181
num_leaves=4
num_cat=0
split_feature=13 7 6
split_gain=0.36706 0.744892 1.49972
threshold=-0.39049715076617242 0.85339098563387428 7.2267200651451509
decision_type=10 2 2
left_child=-1 2 -2
right_child=1 -3 -4
leaf_value=-0.0016632873068875547 0.00053910699668895318 0.0031253871502425362 -0.0038599970695973786
leaf_weight=260 1517 206 217
leaf_count=260 1517 206 217
internal_value=8.26699e-05 0.000320338 -2.09307e-05
internal_weight=2200 1940 1734
internal_count=2200 1940 1734
is_linear=0
shrinkage=0.05


Tree=182
num_leaves=7
num_cat=0
split_feature=6 7 3 7 12 3
split_gain=0.389928 1.75946 1.65635 1.23037 2.18726 1.08128
threshold=6.8193884107315359 -0.77069110422869502 -1.0876776499734875 -0.26781481910672283 0.26706317852592892 -1.1627243582619256
decision_type=2 2 2 2 2 2
left_child=3 -2 -3 4 -1 -5
right_child=1 2 -4 5 -6 -7
leaf_value=0.0044983603438062273 -0.0037527549402078704 -0.0026386234073670612 0.0031228962054459597 0.0020720297325355044 -0.0021267220367419373 -0.0025585709635134297
leaf_weight=268 163 154 586 152 225 652
leaf_count=268 163 154 586 152 225 652
internal_value=8.11164e-05 0.000876242 0.00191422 -0.000473707 0.00148375 -0.00167574
internal_weight=2200 903 740 1297 493 804
internal_count=2200 903 740 1297 493 804
is_linear=0
shrinkage=0.05


Tree=183
num_leaves=7
num_cat=0
split_feature=6 8 7 2 7 8
split_gain=0.360687 1.73426 2.68649 1.28004 1.13412 3.14627
threshold=6.8193884107315359 0.61744225736843805 0.016467205637491825 0.072584954123317488 -0.26781481910672283 0.64621365604066749
decision_type=2 2 2 2 2 2
left_child=4 2 -2 -3 5 -1
right_child=1 3 -4 -5 -6 -7
leaf_value=0.0050305607262149075 -0.0049465981543002548 0.0010745233656764793 0.0024924525851526941 0.0067655838469270237 -0.001606098932434033 -0.0029152249673373314
leaf_weight=269 237 276 239 151 804 224
leaf_count=269 237 276 239 151 804 224
internal_value=8.15904e-05 0.000846315 -0.00122436 0.00314207 -0.000452033 0.00142728
internal_weight=2200 903 476 427 1297 493
internal_count=2200 903 476 427 1297 493
is_linear=0
shrinkage=0.05


Tree=184
num_leaves=6
num_cat=0
split_feature=2 2 4 13 2
split_gain=0.367326 2.9013 1.49123 1.72583 1.12669
threshold=0.081306601943391607 0.072584954123317488 0.056145732824130788 0.069736103078718775 0.058526465321494532
decision_type=2 2 2 8 2
left_child=1 4 3 -2 -1
right_child=2 -3 -4 -5 -6
leaf_value=0.0004951857121097365 -0.0022102178967017142 0.0066891882579684968 -0.0051407766422327562 0.0042357438278626293 -0.0028157634634223523
leaf_weight=1144 237 163 153 177 326
leaf_count=1144 237 163 153 177 326
internal_value=8.36845e-05 0.000464429 -0.00100736 0.000563324 -0.000246135
internal_weight=2200 1633 567 414 1470
internal_count=2200 1633 567 414 1470
is_linear=0
shrinkage=0.05


Tree=185
num_leaves=4
num_cat=0
split_feature=9 5 6
split_gain=0.372659 0.905233 0.937472
threshold=-1.1905051159563214 0.16000000000000003 6.8193884107315359
decision_type=2 2 2
left_child=-1 2 -2
right_child=1 -3 -4
leaf_value=-0.0016700361455752187 -0.00017736974076626105 -0.0022323558673256259 0.002258565869524172
leaf_weight=261 1005 289 645
leaf_count=261 1005 289 645
internal_value=8.54341e-05 0.000325418 0.000778806
internal_weight=2200 1939 1650
internal_count=2200 1939 1650
is_linear=0
shrinkage=0.05


Tree=186
num_leaves=5
num_cat=0
split_feature=2 2 2 4
split_gain=0.388552 0.980901 2.71863 1.63801
threshold=0.11837293174009798 0.081306601943391607 0.072584954123317488 0.043803538669838084
decision_type=2 2 2 2
left_child=1 2 -1 -3
right_child=-2 3 -4 -5
leaf_value=-0.00024995926865455461 0.0023736200336576577 0.00023582520587961116 0.0064634589289891582 -0.0062660804873554965
leaf_weight=1470 166 247 163 154
leaf_count=1470 166 247 163 154
internal_value=8.4436e-05 -0.000107753 0.000437833 -0.00230758
internal_weight=2200 2034 1633 401
internal_count=2200 2034 1633 401
is_linear=0
shrinkage=0.05


Tree=187
num_leaves=5
num_cat=0
split_feature=8 9 11 6
split_gain=0.370488 0.724984 1.54615 1.05071
threshold=0.49098576581049852 1.1168731139810604 0.93194719561560657 6.7347515121747135
decision_type=2 2 2 2
left_child=-1 2 -2 -3
right_child=1 3 -4 -5
leaf_value=-0.0016970990327084907 0.00015842496916558272 -0.0047230795797077009 0.0048001409426513247 0.001053666655095828
leaf_weight=253 1440 155 200 152
leaf_count=253 1440 155 200 152
internal_value=8.38251e-05 0.000318999 0.000737357 -0.00189188
internal_weight=2200 1947 1640 307
internal_count=2200 1947 1640 307
is_linear=0
shrinkage=0.05


Tree=188
num_leaves=6
num_cat=0
split_feature=13 7 6 7 7
split_gain=0.377688 1.04197 2.05138 1.79687 0.746491
threshold=0.2609550578061246 -0.26781481910672283 6.3693864535123854 0.079288384859300301 -0.3533795846474867
decision_type=8 2 2 2 2
left_child=1 2 -1 -3 -2
right_child=4 3 -4 -5 -6
leaf_value=0.0063250909405615707 -0.0032129650679208139 -0.0044413001815288523 0.00011224199124626466 0.00045620386697719389 0.0012736922228577896
leaf_weight=188 218 226 427 986 155
leaf_count=188 218 226 427 986 155
internal_value=8.28518e-05 0.000379579 0.00204715 -0.000471522 -0.00135635
internal_weight=2200 1827 615 1212 373
internal_count=2200 1827 615 1212 373
is_linear=0
shrinkage=0.05


Tree=189
num_leaves=4
num_cat=0
split_feature=13 7 6
split_gain=0.369594 0.710068 1.41321
threshold=-0.39049715076617242 0.85339098563387428 7.2267200651451509
decision_type=10 2 2
left_child=-1 2 -2
right_child=1 -3 -4
leaf_value=-0.0016693227729575604 0.00053153927409612604 0.0030598327645511144 -0.0037388007779202426
leaf_weight=260 1517 206 217
leaf_count=260 1517 206 217
internal_value=8.265e-05 0.000321138 -1.20822e-05
internal_weight=2200 1940 1734
internal_count=2200 1940 1734
is_linear=0
shrinkage=0.05


Tree=190
num_leaves=5
num_cat=0
split_feature=11 3 2 7
split_gain=0.358867 0.929566 1.0154 0.242589
threshold=-0.91177697653052536 -1.4142135623730943 0.035682820458030499 0.016467205637491825
decision_type=2 2 2 2
left_child=3 -2 -3 -1
right_child=1 2 -4 -5
leaf_value=0.00023194452477318626 0.0024992309164000625 0.0017028967589255075 -0.0012929356578093327 0.0030609363421136813
leaf_weight=150 273 359 1268 150
leaf_count=150 273 359 1268 150
internal_value=8.12381e-05 -0.000173893 -0.000628709 0.00167343
internal_weight=2200 1900 1627 300
internal_count=2200 1900 1627 300
is_linear=0
shrinkage=0.05


Tree=191
num_leaves=5
num_cat=0
split_feature=2 2 2 4
split_gain=0.366356 0.89295 2.5473 1.52578
threshold=0.11837293174009798 0.081306601943391607 0.072584954123317488 0.043803538669838084
decision_type=2 2 2 2
left_child=1 2 -1 -3
right_child=-2 3 -4 -5
leaf_value=-0.00025292834117061506 0.0023016916912005484 0.00024769224207072207 0.0062454845433378417 -0.0060271456155269968
leaf_weight=1470 166 247 163 154
leaf_count=1470 166 247 163 154
internal_value=7.88497e-05 -0.000107761 0.000412803 -0.00220664
internal_weight=2200 2034 1633 401
internal_count=2200 2034 1633 401
is_linear=0
shrinkage=0.05


Tree=192
num_leaves=7
num_cat=0
split_feature=5 8 4 8 12 12
split_gain=0.35508 1.57045 1.36789 1.20644 3.00304 1.3569
threshold=-0.070000000000000007 0.68246966638846296 0.02678035660703568 0.68001285129558886 0.11750128831440455 -0.25880967665582438
decision_type=2 2 2 2 2 2
left_child=1 2 -1 5 -5 -2
right_child=3 -3 -4 4 -6 -7
leaf_value=-0.0029159775229153349 -0.0015814527136788624 0.00517429704423885 0.0020259064569699294 0.0011110657938323649 -0.0076950802295847782 0.0019691409542592258
leaf_weight=260 458 166 292 219 167 638
leaf_count=260 458 166 292 219 167 638
internal_value=7.84739e-05 0.000987227 -0.000307073 -0.000363638 -0.00274853 0.000484964
internal_weight=2200 718 552 1482 386 1096
internal_count=2200 718 552 1482 386 1096
is_linear=0
shrinkage=0.05


Tree=193
num_leaves=4
num_cat=0
split_feature=8 2 2
split_gain=0.354866 0.570318 0.872413
threshold=0.74503101687926343 0.11837293174009798 0.081306601943391607
decision_type=2 2 2
left_child=1 2 -1
right_child=-2 -3 -4
leaf_value=0.0002005291353208812 0.0023707674412875423 0.0027910396727862993 -0.0024748131645332505
leaf_weight=1519 152 153 376
leaf_count=1519 152 153 376
internal_value=7.9772e-05 -9.56226e-05 -0.00033542
internal_weight=2200 2048 1895
internal_count=2200 2048 1895
is_linear=0
shrinkage=0.05


Tree=194
num_leaves=4
num_cat=0
split_feature=9 5 6
split_gain=0.349836 0.823912 0.902194
threshold=-1.1905051159563214 0.16000000000000003 6.8193884107315359
decision_type=2 2 2
left_child=-1 2 -2
right_child=1 -3 -4
leaf_value=-0.0016236287318922831 -0.00019561873767916851 -0.0021304307223557416 0.0021939578035466744
leaf_weight=261 1005 289 645
leaf_count=261 1005 289 645
internal_value=7.7218e-05 0.000309748 0.000742295
internal_weight=2200 1939 1650
internal_count=2200 1939 1650
is_linear=0
shrinkage=0.05


Tree=195
num_leaves=6
num_cat=0
split_feature=0 11 11 3 11
split_gain=0.372705 1.10854 1.07923 1.02617 1.12252
threshold=0.31750000000000006 -0.92384609093765524 -0.73105602315749396 -0.22941573387056438 -0.45204460904559257
decision_type=2 2 2 2 2
left_child=3 -2 -3 4 -1
right_child=1 2 -4 -5 -6
leaf_value=-0.002899496240312847 0.0039757607521105501 -0.0034546262080358266 0.00054854168485455419 -0.0038895806032483641 0.0023477814647619509
leaf_weight=156 194 191 1189 197 273
leaf_count=156 194 191 1189 197 273
internal_value=7.67336e-05 0.000487035 -1.59913e-05 -0.000950604 0.000428259
internal_weight=2200 1574 1380 626 429
internal_count=2200 1574 1380 626 429
is_linear=0
shrinkage=0.05


Tree=196
num_leaves=6
num_cat=0
split_feature=0 5 13 8 1
split_gain=0.353313 0.934781 2.21971 1.18552 0.307842
threshold=0.24000000000000002 -0.070000000000000007 0.071317400314118554 0.68001285129558886 -1.1961032306374377
decision_type=2 2 10 2 2
left_child=4 2 -2 -3 -1
right_child=1 3 -4 -5 -6
leaf_value=0.00017707294288112421 -0.00037457229662686591 0.00063151353003248773 0.0070079776681273992 -0.0026625474178542698 -0.0025749603987623112
leaf_weight=194 270 1001 158 370 207
leaf_count=194 270 1001 158 370 207
internal_value=7.50504e-05 0.000374801 0.00240021 -0.000263919 -0.00125777
internal_weight=2200 1799 428 1371 401
internal_count=2200 1799 428 1371 401
is_linear=0
shrinkage=0.05


Tree=197
num_leaves=5
num_cat=0
split_feature=8 9 2 6
split_gain=0.357187 0.703913 1.43813 0.947039
threshold=0.49098576581049852 1.1168731139810604 0.11134203429696242 6.7347515121747135
decision_type=2 2 2 2
left_child=-1 2 -2 -3
right_child=1 3 -4 -5
leaf_value=-0.0016691591257302547 0.0012436173397049183 -0.0045555797396809794 -0.0034476690758627072 0.00093025957771049003
leaf_weight=253 1461 155 179 152
leaf_count=253 1461 155 179 152
internal_value=7.94952e-05 0.000310415 0.000722658 -0.00186808
internal_weight=2200 1947 1640 307
internal_count=2200 1947 1640 307
is_linear=0
shrinkage=0.05


Tree=198
num_leaves=5
num_cat=0
split_feature=13 7 9 6
split_gain=0.341586 0.71218 2.0363 1.15565
threshold=-0.39049715076617242 0.63926798581446709 1.1107158422647829 6.3285423352558121
decision_type=10 2 2 2
left_child=-1 3 -3 -2
right_child=1 2 -4 -5
leaf_value=-0.0016074992522058067 0.0018891161903733756 0.0052609325863984457 -0.0012517551172020862 -0.0011569216167597125
leaf_weight=260 441 233 239 1027
leaf_count=260 441 233 239 1027
internal_value=7.67751e-05 0.000306055 0.00198464 -0.000238559
internal_weight=2200 1940 472 1468
internal_count=2200 1940 472 1468
is_linear=0
shrinkage=0.05


Tree=199
num_leaves=5
num_cat=0
split_feature=2 2 2 11
split_gain=0.341025 0.752414 2.37239 1.10511
threshold=0.11837293174009798 0.081306601943391607 0.072584954123317488 0.27981888508858394
decision_type=2 2 2 2
left_child=1 2 -1 -3
right_child=-2 3 -4 -5
leaf_value=-0.00026854250218790279 0.0022206472001468753 0.00012523783406344948 0.0060027508450383772 -0.0051833609971358927
leaf_weight=1470 166 241 163 160
leaf_count=1470 166 241 163 160
internal_value=7.60302e-05 -0.000104014 0.000373847 -0.00203066
internal_weight=2200 2034 1633 401
internal_count=2200 2034 1633 401
is_linear=0
shrinkage=0.05


Tree=200
num_leaves=4
num_cat=0
split_feature=9 5 6
split_gain=0.331945 0.768098 0.852331
threshold=-1.1905051159563214 0.16000000000000003 6.8193884107315359
decision_type=2 2 2
left_child=-1 2 -2
right_child=1 -3 -4
leaf_value=-0.0015821602048012745 -0.00019284862072303856 -0.002054954512238021 0.0021297442846653909
leaf_weight=261 1005 289 645
leaf_count=261 1005 289 645
internal_value=7.46238e-05 0.000301132 0.000718765
internal_weight=2200 1939 1650
internal_count=2200 1939 1650
is_linear=0
shrinkage=0.05


Tree=201
num_leaves=5
num_cat=0
split_feature=3 12 6 3
split_gain=0.336247 1.95975 1.90898 1.6465
threshold=-1.0876776499734875 0.9351223260639846 6.6426953832073279 -0.63245553203367588
decision_type=2 2 2 2
left_child=2 3 -1 -2
right_child=1 -3 -4 -5
leaf_value=0.0021602091002060342 0.0044586482613311277 -0.0043180788236342558 -0.0039162671613513804 0.00022580734652730781
leaf_weight=241 278 189 268 1224
leaf_count=241 278 189 268 1224
internal_value=7.4321e-05 0.000413684 -0.00104617 0.00102144
internal_weight=2200 1691 509 1502
internal_count=2200 1691 509 1502
is_linear=0
shrinkage=0.05


Tree=202
num_leaves=6
num_cat=0
split_feature=0 5 1 3 0
split_gain=0.33308 0.999846 1.56266 0.928503 0.764676
threshold=0.31750000000000006 -0.070000000000000007 -0.1882505270914844 -0.22941573387056438 0.21000000000000005
decision_type=2 2 2 2 2
left_child=3 -2 -3 4 -1
right_child=1 2 -4 -5 -6
leaf_value=-0.0013047934100138493 0.003061005167575786 -0.0039007059885638263 0.00066186218652935136 -0.003691650691513078 0.0029502170960192631
leaf_weight=257 295 223 1056 197 172
leaf_count=257 295 223 1056 197 172
internal_value=7.51907e-05 0.000463063 -0.000145736 -0.000896008 0.000415513
internal_weight=2200 1574 1279 626 429
internal_count=2200 1574 1279 626 429
is_linear=0
shrinkage=0.05


Tree=203
num_leaves=4
num_cat=0
split_feature=8 10 8
split_gain=0.328332 0.579055 0.996903
threshold=0.74503101687926343 0.009999999999999969 0.6867886384372589
decision_type=2 2 2
left_child=1 -1 -3
right_child=-2 2 -4
leaf_value=-0.002842205799983016 0.0022811473448090497 0.00069592381498266923 -0.0023186215423970477
leaf_weight=170 152 1550 328
leaf_count=170 152 1550 328
internal_value=7.7467e-05 -9.12447e-05 0.000164663
internal_weight=2200 2048 1878
internal_count=2200 2048 1878
is_linear=0
shrinkage=0.05


Tree=204
num_leaves=5
num_cat=0
split_feature=8 7 7 2
split_gain=0.330536 0.631475 2.67849 1.57707
threshold=0.49098576581049852 -0.616469527165039 -0.18614526224139274 0.075232851633524847
decision_type=2 2 2 2
left_child=-1 3 -3 -2
right_child=1 2 -4 -5
leaf_value=-0.0016069615806422249 -0.0032912618371100464 0.0047331808121920671 -0.00034571249340391205 0.0027354331232789086
leaf_weight=253 318 331 1139 159
leaf_count=253 318 331 1139 159
internal_value=7.51887e-05 0.000297329 0.00081007 -0.00127483
internal_weight=2200 1947 1470 477
internal_count=2200 1947 1470 477
is_linear=0
shrinkage=0.05


Tree=205
num_leaves=4
num_cat=0
split_feature=13 7 6
split_gain=0.326262 0.686033 1.32381
threshold=-0.39049715076617242 0.85339098563387428 7.2267200651451509
decision_type=10 2 2
left_child=-1 2 -2
right_child=1 -3 -4
leaf_value=-0.0015710555158340248 0.00049779453430835426 0.0029910330380361651 -0.0036352748167176674
leaf_weight=260 1517 206 217
leaf_count=260 1517 206 217
internal_value=7.5007e-05 0.000299085 -2.84001e-05
internal_weight=2200 1940 1734
internal_count=2200 1940 1734
is_linear=0
shrinkage=0.05


Tree=206
num_leaves=7
num_cat=0
split_feature=6 3 0 0 5 4
split_gain=0.31955 1.48254 2.40053 1.03863 1.90341 1.88582
threshold=6.8193884107315359 -1.1719353619475397 0.63000000000000012 0.56750000000000012 0.05000000000000001 0.017853571071357155
decision_type=2 2 2 2 2 2
left_child=3 -2 -3 5 -5 -1
right_child=1 2 -4 4 -6 -7
leaf_value=-0.0050043323545001586 -0.0031955101959136945 0.0041658539114648408 -0.0016732100799118456 0.005532159511990771 -0.00082378795168196065 0.00018356486883090327
leaf_weight=261 181 430 292 171 353 512
leaf_count=261 181 430 292 171 353 512
internal_value=7.40738e-05 0.000793875 0.00180908 -0.000428192 0.00128307 -0.00158901
internal_weight=2200 903 722 1297 524 773
internal_count=2200 903 722 1297 524 773
is_linear=0
shrinkage=0.05


Tree=207
num_leaves=5
num_cat=0
split_feature=2 2 2 4
split_gain=0.314123 0.722591 2.20342 1.50538
threshold=0.11837293174009798 0.081306601943391607 0.072584954123317488 0.035619517121937554
decision_type=2 2 2 2
left_child=1 2 -1 -3
right_child=-2 3 -4 -5
leaf_value=-0.00024770825099946353 0.0021342278033364237 0.0011553538894222583 0.0057961455914968011 -0.0049144967366451337
leaf_weight=1470 166 195 163 206
leaf_count=1470 166 195 163 206
internal_value=7.594e-05 -9.68638e-05 0.000371418 -0.00198495
internal_weight=2200 2034 1633 401
internal_count=2200 2034 1633 401
is_linear=0
shrinkage=0.05


Tree=208
num_leaves=5
num_cat=0
split_feature=8 9 2 6
split_gain=0.303328 0.62999 1.40481 0.866427
threshold=0.49098576581049852 1.1168731139810604 0.11134203429696242 6.7347515121747135
decision_type=2 2 2 2
left_child=-1 2 -2 -3
right_child=1 3 -4 -5
leaf_value=-0.0015365992675730761 0.0011926261455030356 -0.0043439186090836303 -0.0034438270574395102 0.0009029671115278724
leaf_weight=253 1461 155 179 152
leaf_count=253 1461 155 179 152
internal_value=7.48399e-05 0.000287636 0.000677645 -0.00177327
internal_weight=2200 1947 1640 307
internal_count=2200 1947 1640 307
is_linear=0
shrinkage=0.05


Tree=209
num_leaves=5
num_cat=0
split_feature=2 2 2 4
split_gain=0.326866 0.660249 2.04206 1.39308
threshold=0.11837293174009798 0.081306601943391607 0.072584954123317488 0.035619517121937554
decision_type=2 2 2 2
left_child=1 2 -1 -3
right_child=-2 3 -4 -5
leaf_value=-0.00025219655310699591 0.0021720202568896682 0.0011122278218899738 0.0055661255618837287 -0.0047268057570867775
leaf_weight=1470 166 195 163 206
leaf_count=1470 166 195 163 206
internal_value=7.23919e-05 -0.00010387 0.000343785 -0.00190865
internal_weight=2200 2034 1633 401
internal_count=2200 2034 1633 401
is_linear=0
shrinkage=0.05


Tree=210
num_leaves=5
num_cat=0
split_feature=7 4 4 8
split_gain=0.316648 0.640233 2.01712 1.68201
threshold=0.85339098563387428 0.017853571071357155 0.021794494717703353 0.65737932230845642
decision_type=2 2 2 2
left_child=1 3 -3 -1
right_child=-2 2 -4 -5
leaf_value=8.1241943049162094e-05 0.0016790216818429596 0.0056688155538656493 -0.00025798141173496774 -0.0055970578639641068
leaf_weight=503 264 160 1102 171
leaf_count=503 264 160 1102 171
internal_value=7.14806e-05 -0.00015149 0.000512841 -0.00139
internal_weight=2200 1936 1262 674
internal_count=2200 1936 1262 674
is_linear=0
shrinkage=0.05


Tree=211
num_leaves=4
num_cat=0
split_feature=8 10 8
split_gain=0.306475 0.537831 0.901619
threshold=0.74503101687926343 0.009999999999999969 0.6867886384372589
decision_type=2 2 2
left_child=1 -1 -3
right_child=-2 2 -4
leaf_value=-0.0027431502632264582 0.002200138470852024 0.00065995356703971229 -0.0022069087328582264
leaf_weight=170 152 1550 328
leaf_count=170 152 1550 328
internal_value=7.10647e-05 -9.1926e-05 0.000154714
internal_weight=2200 2048 1878
internal_count=2200 2048 1878
is_linear=0
shrinkage=0.05


Tree=212
num_leaves=6
num_cat=0
split_feature=3 6 5 3 3
split_gain=0.304582 1.40083 1.23998 1.12781 1.06044
threshold=0.26227157876952695 7.0649983007962751 -0.23749999999999996 1.1568519474465184 -0.63245553203367588
decision_type=2 2 2 2 2
left_child=2 3 -1 -2 -4
right_child=1 -3 4 -5 -6
leaf_value=0.0036825411297006054 0.001558768164460096 0.0042010236882561005 0.00013376288809114405 -0.0023300854446727027 -0.0030985064127725809
leaf_weight=154 383 219 696 354 394
leaf_count=154 383 219 696 354 394
internal_value=6.90787e-05 0.000738117 -0.000445967 -0.000312262 -0.00104341
internal_weight=2200 956 1244 737 1090
internal_count=2200 956 1244 737 1090
is_linear=0
shrinkage=0.05


Tree=213
num_leaves=5
num_cat=0
split_feature=13 8 8 11
split_gain=0.312704 0.909398 1.0691 0.501998
threshold=0.2609550578061246 0.71236139525394437 0.6867886384372589 -0.1843798373058631
decision_type=8 2 2 2
left_child=1 2 -1 -2
right_child=3 -3 -4 -5
leaf_value=0.00030780161896369504 -0.0031830328992846824 0.0029673702769554356 -0.0040181681748081306 0.0004587178803530972
leaf_weight=1399 172 274 154 201
leaf_count=1399 172 274 154 201
internal_value=6.90522e-05 0.000339062 -0.000132693 -0.00124048
internal_weight=2200 1827 1553 373
internal_count=2200 1827 1553 373
is_linear=0
shrinkage=0.05


Tree=214
num_leaves=6
num_cat=0
split_feature=3 6 3 3 12
split_gain=0.307122 1.76798 1.92128 1.69069 1.23377
threshold=-0.99999999999999956 6.4561650636453658 -1.4142135623730943 -0.81649658092772615 0.9351223260639846
decision_type=2 2 2 2 2
left_child=1 -1 -3 -2 -5
right_child=3 2 -4 4 -6
leaf_value=0.0028579514940771655 0.0051704221738310442 0.00044515629164823442 -0.0066545383513323675 0.00040306844395926277 -0.0040916187921538954
leaf_weight=198 163 200 176 1295 168
leaf_count=198 163 200 176 1295 168
internal_value=6.88071e-05 -0.000920639 -0.00292182 0.000419847 -0.000125246
internal_weight=2200 574 376 1626 1463
internal_count=2200 574 376 1626 1463
is_linear=0
shrinkage=0.05


Tree=215
num_leaves=5
num_cat=0
split_feature=0 5 3 6
split_gain=0.308809 0.566506 1.9655 1.35209
threshold=0.13000000000000003 -0.019999999999999973 0.57735026918963228 6.1874834465657207
decision_type=2 2 2 2
left_child=-1 2 -2 -3
right_child=1 3 -4 -5
leaf_value=-0.0019321283955354897 -7.5314858759658075e-05 0.0026445719430541986 0.0057496198963255009 -0.0013320483027223682
leaf_weight=172 630 271 183 944
leaf_count=172 630 271 183 944
internal_value=7.11587e-05 0.000245397 0.00126296 -0.000437879
internal_weight=2200 2028 813 1215
internal_count=2200 2028 813 1215
is_linear=0
shrinkage=0.05


Tree=216
num_leaves=7
num_cat=0
split_feature=6 8 9 2 8 6
split_gain=0.306286 1.56447 1.55071 1.1679 1.08822 2.39719
threshold=6.8193884107315359 0.61744225736843805 0.1775393528143451 0.072584954123317488 0.60830302367130884 6.2054462435931006
decision_type=2 2 2 2 2 2
left_child=4 2 -2 -3 -1 -6
right_child=1 3 -4 -5 5 -7
leaf_value=0.0013053160101602164 -0.0037234706162351688 0.00098693033355516896 0.0019604389805137393 0.0064219079170680544 0.0017003349848164363 -0.003961541470027796
leaf_weight=535 263 276 213 151 315 447
leaf_count=535 263 276 213 151 315 447
internal_value=7.57332e-05 0.00078043 -0.0011861 0.00296098 -0.000416005 -0.00162518
internal_weight=2200 903 476 427 1297 762
internal_count=2200 903 476 427 1297 762
is_linear=0
shrinkage=0.05


Tree=217
num_leaves=7
num_cat=0
split_feature=1 0 3 8 12 8
split_gain=0.31368 2.40206 1.28925 1.17755 1.1709 0.829999
threshold=-0.82837392047181946 0.39750000000000008 -0.57735026918962296 0.63054237865119533 -0.42260296427039018 0.55438215105616828
decision_type=2 2 2 2 2 2
left_child=1 5 3 -2 -4 -1
right_child=2 -3 4 -5 -6 -7
leaf_value=0.0020606473353983793 5.4712669189478977e-05 0.0057227200714820093 -0.0015527935390823786 -0.0059159629545361874 0.0016470401063516781 -0.0023204185927566002
leaf_weight=156 157 186 455 169 751 326
leaf_count=156 157 186 455 169 751 326
internal_value=7.57861e-05 0.000975847 -0.000318567 -0.00308312 0.000438379 -0.000895882
internal_weight=2200 668 1532 326 1206 482
internal_count=2200 668 1532 326 1206 482
is_linear=0
shrinkage=0.05


Tree=218
num_leaves=4
num_cat=0
split_feature=7 7 6
split_gain=0.298798 1.01783 1.05779
threshold=-0.88175052666535614 -0.77069110422869502 6.8193884107315359
decision_type=2 2 2
left_child=-1 -2 -3
right_child=1 2 -4
leaf_value=0.0019033404737550379 -0.0039617206068721282 -0.00075706660169788307 0.0016768604273917215
leaf_weight=198 153 1109 740
leaf_count=198 153 1109 740
internal_value=7.54263e-05 -0.000109648 0.000218926
internal_weight=2200 2002 1849
internal_count=2200 2002 1849
is_linear=0
shrinkage=0.05


Tree=219
num_leaves=5
num_cat=0
split_feature=8 9 7 6
split_gain=0.299481 0.612132 2.23995 1.0456
threshold=0.49098576581049852 0.0084057979096074618 -0.616469527165039 7.0555759654891421
decision_type=2 2 2 2
left_child=-1 2 -2 -3
right_child=1 3 -4 -5
leaf_value=-0.0015276237231315578 -0.0011576980456257727 -0.0014213195897655158 0.0037536780720416928 0.002350337824207592
leaf_weight=253 477 792 444 234
leaf_count=253 477 792 444 234
internal_value=7.35615e-05 0.000285005 0.00121748 -0.00055389
internal_weight=2200 1947 921 1026
internal_count=2200 1947 921 1026
is_linear=0
shrinkage=0.05


Tree=220
num_leaves=4
num_cat=0
split_feature=7 6 3
split_gain=0.298146 0.63595 1.09807
threshold=0.85339098563387428 7.2267200651451509 1.5161219309734515
decision_type=2 2 2
left_child=1 2 -1
right_child=-2 -3 -4
leaf_value=0.00063206691633949997 0.0016333670458379011 -0.0024042878043664092 -0.0037224136202712549
leaf_weight=1518 264 263 155
leaf_count=1518 264 263 155
internal_value=7.35049e-05 -0.000142863 0.000218744
internal_weight=2200 1936 1673
internal_count=2200 1936 1673
is_linear=0
shrinkage=0.05


Tree=221
num_leaves=5
num_cat=0
split_feature=13 7 9 11
split_gain=0.298948 0.644156 1.84637 1.00392
threshold=-0.39049715076617242 0.63926798581446709 1.1107158422647829 0.94406503961975352
decision_type=10 2 2 2
left_child=-1 3 -3 -2
right_child=1 2 -4 -5
leaf_value=-0.0015042159062335797 -0.00070259581089261421 0.0050021433947948319 -0.0011993064415320512 0.0033716294576130721
leaf_weight=260 1302 233 239 166
leaf_count=260 1302 233 239 166
internal_value=7.14368e-05 0.000285931 0.00188235 -0.000232005
internal_weight=2200 1940 472 1468
internal_count=2200 1940 472 1468
is_linear=0
shrinkage=0.05


Tree=222
num_leaves=4
num_cat=0
split_feature=7 7 6
split_gain=0.303213 0.893268 0.978013
threshold=-0.88175052666535614 -0.77069110422869502 6.8193884107315359
decision_type=2 2 2
left_child=-1 -2 -3
right_child=1 2 -4
leaf_value=0.0019129258472119172 -0.0037235326764742623 -0.00074544931304253582 0.0015948840787621751
leaf_weight=198 153 1109 740
leaf_count=198 153 1109 740
internal_value=7.15482e-05 -0.000114878 0.000192966
internal_weight=2200 2002 1849
internal_count=2200 2002 1849
is_linear=0
shrinkage=0.05


Tree=223
num_leaves=7
num_cat=0
split_feature=1 0 3 12 5 0
split_gain=0.292467 2.24167 1.19969 1.07105 0.920981 0.536345
threshold=-0.82837392047181946 0.39750000000000008 -0.57735026918962296 -0.42260296427039018 0.040000000000000029 0.24750000000000003
decision_type=2 2 2 2 2 2
left_child=1 5 4 -4 -2 -1
right_child=2 -3 3 -5 -6 -7
leaf_value=0.00045647313709075302 -0.0056884264979823879 0.0055245497527730975 -0.001485183704695057 0.0015751767503735165 -0.0003989398989028164 -0.0029357117781152278
leaf_weight=296 156 186 455 751 170 186
leaf_count=296 156 186 455 751 170 186
internal_value=6.97798e-05 0.00093888 -0.000310997 0.000419198 -0.0029778 -0.000869245
internal_weight=2200 668 1532 1206 326 482
internal_count=2200 668 1532 1206 326 482
is_linear=0
shrinkage=0.05


Tree=224
num_leaves=6
num_cat=0
split_feature=1 8 1 7 13
split_gain=0.293389 2.02638 1.40693 1.25297 0.963074
threshold=0.67905956055322292 0.70999641781453171 0.98699264058150382 -0.18614526224139274 0.080223935342381175
decision_type=2 2 2 2 10
left_child=1 4 -2 -4 -1
right_child=2 -3 3 -5 -6
leaf_value=-0.0014092510113686686 -0.0044030172563129175 0.0049620564720869349 0.0032799158404084104 -0.0012714907611594052 0.0015478131518352038
leaf_weight=734 189 211 239 393 434
leaf_count=734 189 211 239 393 434
internal_value=6.79902e-05 0.000512903 -0.000677893 0.000461925 -0.000308565
internal_weight=2200 1379 821 632 1168
internal_count=2200 1379 821 632 1168
is_linear=0
shrinkage=0.05


Tree=225
num_leaves=4
num_cat=0
split_feature=0 4 4
split_gain=0.294138 0.509838 0.933467
threshold=0.13000000000000003 0.0082915619758885204 0.017853571071357155
decision_type=2 2 2
left_child=-1 -2 -3
right_child=1 2 -4
leaf_value=-0.0018854461953212148 0.0023447224463332477 -0.0021864581169793382 0.00055432884278230161
leaf_weight=172 247 395 1386
leaf_count=172 247 395 1386
internal_value=6.96754e-05 0.000239724 -5.79573e-05
internal_weight=2200 2028 1781
internal_count=2200 2028 1781
is_linear=0
shrinkage=0.05


Tree=226
num_leaves=4
num_cat=0
split_feature=9 5 13
split_gain=0.284933 0.742709 0.727293
threshold=-1.1905051159563214 0.16000000000000003 0.081255740730093493
decision_type=2 2 10
left_child=-1 2 -2
right_child=1 -3 -4
leaf_value=-0.0014665823132001018 1.6025766518792673e-05 -0.0020384850972478569 0.0023217080504647708
leaf_weight=261 1172 289 478
leaf_count=261 1172 289 478
internal_value=6.83999e-05 0.000278258 0.000688971
internal_weight=2200 1939 1650
internal_count=2200 1939 1650
is_linear=0
shrinkage=0.05


Tree=227
num_leaves=6
num_cat=0
split_feature=13 13 2 2 2
split_gain=0.298334 1.58544 1.17171 0.97652 1.14574
threshold=0.0066236658511788201 0.069736103078718775 0.090102159851559796 0.028571272901677568 0.058526465321494532
decision_type=8 8 2 2 2
left_child=3 -2 -3 -1 -5
right_child=1 2 -4 4 -6
leaf_value=-0.0030098521083240367 -0.0045746477231262779 -0.00053385204765778042 0.0038219562561260822 0.0032685897451839203 -0.00027945703611247314
leaf_weight=150 192 752 189 401 516
leaf_count=150 192 752 189 401 516
internal_value=6.85039e-05 -0.000495494 0.000356589 0.000666906 0.0012814
internal_weight=2200 1133 941 1067 917
internal_count=2200 1133 941 1067 917
is_linear=0
shrinkage=0.05


Tree=228
num_leaves=5
num_cat=0
split_feature=13 7 7 7
split_gain=0.279919 1.02852 1.01565 0.714948
threshold=0.2609550578061246 -0.84495734341178352 -0.616469527165039 -0.3533795846474867
decision_type=8 2 2 2
left_child=1 -1 -3 -2
right_child=3 2 -4 -5
leaf_value=0.0041402928659154438 -0.0029888855765318927 -0.0033883078315993772 0.00040775408391922273 0.0013995986663121584
leaf_weight=156 218 195 1476 155
leaf_count=156 218 195 1476 155
internal_value=6.81287e-05 0.000323586 -4.40201e-05 -0.00117086
internal_weight=2200 1827 1671 373
internal_count=2200 1827 1671 373
is_linear=0
shrinkage=0.05


Tree=229
num_leaves=5
num_cat=0
split_feature=11 7 7 7
split_gain=0.271157 0.868367 1.08166 0.225321
threshold=-0.91177697653052536 -0.88175052666535614 -0.616469527165039 0.016467205637491825
decision_type=2 2 2 2
left_child=3 -2 -3 -1
right_child=1 2 -4 -5
leaf_value=6.7680210265661452e-05 0.0032569421232705393 -0.0032575963567243096 7.3528760035001384e-05 0.002788366077227458
leaf_weight=150 165 288 1447 150
leaf_count=150 165 288 1447 150
internal_value=6.74174e-05 -0.000154347 -0.000487191 0.00145143
internal_weight=2200 1900 1735 300
internal_count=2200 1900 1735 300
is_linear=0
shrinkage=0.05


Tree=230
num_leaves=6
num_cat=0
split_feature=7 6 3 2 2
split_gain=0.283581 1.62266 1.63953 1.1178 1.21548
threshold=-0.26781481910672283 6.1986716422852046 -0.97332852678457626 0.028571272901677568 0.058526465321494532
decision_type=2 2 2 2 2
left_child=1 -1 -3 -2 -5
right_child=3 2 -4 4 -6
leaf_value=0.0048687539984861384 -0.0039602590492769261 -0.0040288425460612287 0.0012966352265098889 0.0019641198433083974 -0.0012577074452264215
leaf_weight=184 183 206 454 527 646
leaf_count=184 183 206 454 527 646
internal_value=6.66122e-05 0.000783586 -0.000383354 -0.000380885 0.000191973
internal_weight=2200 844 660 1356 1173
internal_count=2200 844 660 1356 1173
is_linear=0
shrinkage=0.05


Tree=231
num_leaves=6
num_cat=0
split_feature=1 8 8 12 8
split_gain=0.27888 1.84488 1.38289 2.01299 0.969889
threshold=0.67905956055322292 0.70999641781453171 0.68001285129558886 -0.31109049585113996 0.65504132574206941
decision_type=2 2 2 2 2
left_child=1 4 3 -2 -1
right_child=2 -3 -4 -5 -6
leaf_value=0.0005294473466546999 -0.0028485554356597036 0.0047467602144159312 -0.0041199203183500217 0.002928902614349021 -0.0028209097874085341
leaf_weight=888 252 211 209 360 280
leaf_count=888 252 211 209 360 280
internal_value=6.77756e-05 0.000501544 -0.000659434 0.000546144 -0.000282321
internal_weight=2200 1379 821 612 1168
internal_count=2200 1379 821 612 1168
is_linear=0
shrinkage=0.05


Tree=232
num_leaves=5
num_cat=0
split_feature=2 2 2 4
split_gain=0.276662 0.627844 1.93569 1.34
threshold=0.11837293174009798 0.081306601943391607 0.072584954123317488 0.035619517121937554
decision_type=2 2 2 2
left_child=1 2 -1 -3
right_child=-2 3 -4 -5
leaf_value=-0.00023677864956858934 0.0020008246577753312 0.0011094255726784468 0.0054279982060030478 -0.0046169888062106883
leaf_weight=1470 166 195 163 206
leaf_count=1470 166 195 163 206
internal_value=6.91595e-05 -9.30085e-05 0.000343501 -0.00185295
internal_weight=2200 2034 1633 401
internal_count=2200 2034 1633 401
is_linear=0
shrinkage=0.05


Tree=233
num_leaves=5
num_cat=0
split_feature=3 3 12 3
split_gain=0.275886 1.75209 1.80777 1.16145
threshold=-1.4142135623730943 -1.0876776499734875 0.9351223260639846 -1.6329931618554514
decision_type=2 2 2 2
left_child=3 -2 -3 -1
right_child=1 2 -4 -5
leaf_value=-0.0016434079700775328 -0.0046124447976057343 0.00094187317046132667 -0.0041863475656784962 0.0043367090804014262
leaf_weight=155 193 1502 189 161
leaf_count=155 193 1502 189 161
internal_value=6.84516e-05 -0.000161997 0.000358049 0.00142352
internal_weight=2200 1884 1691 316
internal_count=2200 1884 1691 316
is_linear=0
shrinkage=0.05


Tree=234
num_leaves=7
num_cat=0
split_feature=1 0 3 8 12 8
split_gain=0.275464 2.07667 1.0773 1.1146 0.929626 0.789554
threshold=-0.82837392047181946 0.39750000000000008 -0.57735026918962296 0.63054237865119533 -0.42260296427039018 0.55438215105616828
decision_type=2 2 2 2 2 2
left_child=1 5 3 -2 -4 -1
right_child=2 -3 4 -5 -6 -7
leaf_value=0.0020534196180169999 0.00021848520587854534 0.0053245702832790962 -0.0013843062588864046 -0.0055853785684696223 0.0014668558549303231 -0.0022191662865818735
leaf_weight=156 157 186 455 169 751 326
leaf_count=156 157 186 455 169 751 326
internal_value=6.74605e-05 0.00091092 -0.000302081 -0.00282919 0.000389894 -0.000829453
internal_weight=2200 668 1532 326 1206 482
internal_count=2200 668 1532 326 1206 482
is_linear=0
shrinkage=0.05


Tree=235
num_leaves=5
num_cat=0
split_feature=8 7 11 7
split_gain=0.284078 0.597428 2.0638 1.26377
threshold=0.49098576581049852 0.36645556939638552 0.93194719561560657 0.63926798581446709
decision_type=2 2 2 2
left_child=-1 2 -2 -3
right_child=1 3 -4 -5
leaf_value=-0.0014923194895860336 0.0001613911353281891 -0.0037244880820561455 0.0063186916486348268 0.00058450557497980186
leaf_weight=253 1024 246 152 525
leaf_count=253 1024 246 152 525
internal_value=6.71334e-05 0.000273078 0.000980615 -0.000805488
internal_weight=2200 1947 1176 771
internal_count=2200 1947 1176 771
is_linear=0
shrinkage=0.05


Tree=236
num_leaves=5
num_cat=0
split_feature=11 12 11 11
split_gain=0.307858 1.40877 1.07763 1.2322
threshold=0.88697872613715656 1.0000000180025095e-35 0.75898570779817554 0.58436769656310694
decision_type=2 2 2 2
left_child=2 -2 3 -1
right_child=1 -3 -4 -5
leaf_value=0.00040404175465367007 0.001817781733958699 -0.0044902993231642476 0.0042074168950856378 -0.0040359610343842379
leaf_weight=1528 176 169 158 169
leaf_count=1528 176 169 158 169
internal_value=6.83239e-05 -0.00129227 0.000324165 -4.86846e-05
internal_weight=2200 345 1855 1697
internal_count=2200 345 1855 1697
is_linear=0
shrinkage=0.05


Tree=237
num_leaves=4
num_cat=0
split_feature=9 5 6
split_gain=0.283907 0.664978 0.742782
threshold=-1.1905051159563214 0.16000000000000003 6.8193884107315359
decision_type=2 2 2
left_child=-1 2 -2
right_child=1 -3 -4
leaf_value=-0.0014661551957347789 -0.00018684705421109546 -0.0019166744646947312 0.0019813280041293744
leaf_weight=261 1005 289 645
leaf_count=261 1005 289 645
internal_value=6.60536e-05 0.000275538 0.000664138
internal_weight=2200 1939 1650
internal_count=2200 1939 1650
is_linear=0
shrinkage=0.05


Tree=238
num_leaves=6
num_cat=0
split_feature=13 4 7 13 9
split_gain=0.274061 1.88041 1.53917 1.06454 0.950496
threshold=-0.076364740746285839 0.047194736289546631 0.47753596346052124 -0.25017232331907069 0.25853668568898175
decision_type=8 2 2 10 2
left_child=1 3 4 -1 -2
right_child=2 -3 -4 -5 -6
leaf_value=-0.003692868942269935 -0.00029201445798708413 0.0056720813062721455 -0.0045897960944491769 0.00085888206658913118 0.0035838010752672501
leaf_weight=173 1054 154 181 457 181
leaf_count=173 1054 154 181 457 181
internal_value=6.57485e-05 0.000812844 -0.000349302 -0.000410279 0.00028818
internal_weight=2200 784 1416 630 1235
internal_count=2200 784 1416 630 1235
is_linear=0
shrinkage=0.05


Tree=239
num_leaves=5
num_cat=0
split_feature=11 5 11 11
split_gain=0.283063 1.38839 1.00873 1.13034
threshold=0.88697872613715656 -0.019999999999999973 0.75898570779817554 0.58436769656310694
decision_type=2 2 2 2
left_child=2 -2 3 -1
right_child=1 -3 -4 -5
leaf_value=0.00038346999100264615 0.0021371332519083807 -0.0041390274819844454 0.0040676481963243865 -0.0038690457150310645
leaf_weight=1528 160 185 158 169
leaf_count=1528 160 185 158 169
internal_value=6.52535e-05 -0.00123939 0.000310576 -5.01495e-05
internal_weight=2200 345 1855 1697
internal_count=2200 345 1855 1697
is_linear=0
shrinkage=0.05


Tree=240
num_leaves=4
num_cat=0
split_feature=7 6 3
split_gain=0.274985 0.638066 1.01907
threshold=0.85339098563387428 7.2267200651451509 1.5161219309734515
decision_type=2 2 2
left_child=1 2 -1
right_child=-2 -3 -4
leaf_value=0.00061702619989374165 0.001562503516413514 -0.0024085204831347106 -0.0035779115154582542
leaf_weight=1518 264 263 155
leaf_count=1518 264 263 155
internal_value=6.44422e-05 -0.000143338 0.000218871
internal_weight=2200 1936 1673
internal_count=2200 1936 1673
is_linear=0
shrinkage=0.05


Tree=241
num_leaves=5
num_cat=0
split_feature=4 4 4 13
split_gain=0.267569 0.734222 2.48304 1.90301
threshold=0.0082915619758885204 0.017853571071357155 0.021794494717703353 -0.097895179014912598
decision_type=2 2 2 10
left_child=-1 3 -3 -2
right_child=1 2 -4 -5
leaf_value=0.001442782161931745 -0.0057658524802350931 0.0056912922893085733 -0.00041077746815362771 0.000773753388488496
leaf_weight=298 183 187 1262 270
leaf_count=298 183 187 1262 270
internal_value=6.2693e-05 -0.000156751 0.000393585 -0.00190218
internal_weight=2200 1902 1449 453
internal_count=2200 1902 1449 453
is_linear=0
shrinkage=0.05


Tree=242
num_leaves=4
num_cat=0
split_feature=0 4 4
split_gain=0.274427 0.449713 0.771472
threshold=0.13000000000000003 0.0082915619758885204 0.017853571071357155
decision_type=2 2 2
left_child=-1 -2 -3
right_child=1 2 -4
leaf_value=-0.001827561143209558 0.0022021454427712818 -0.0019894293874513093 0.00050221510072543209
leaf_weight=172 247 395 1386
leaf_count=172 247 395 1386
internal_value=6.08942e-05 0.00022516 -5.4418e-05
internal_weight=2200 2028 1781
internal_count=2200 2028 1781
is_linear=0
shrinkage=0.05


Tree=243
num_leaves=6
num_cat=0
split_feature=9 9 9 11 8
split_gain=0.271561 1.28843 1.12756 1.31905 1.19336
threshold=1.0642787530083082 1.252372069980298 0.68681472206355876 -0.052299644979220287 0.56038360944115062
decision_type=2 2 2 2 2
left_child=2 -2 4 -4 -1
right_child=1 -3 3 -5 -6
leaf_value=-0.0016641560942481826 0.0046342605906961997 -0.0010880331057290147 -0.0061747506905633675 7.6798444338650877e-06 0.0013894888398357456
leaf_weight=467 160 240 151 193 989
leaf_count=467 160 240 151 193 989
internal_value=5.98706e-05 0.00122984 -0.000202809 -0.0027557 0.000407714
internal_weight=2200 400 1800 344 1456
internal_count=2200 400 1800 344 1456
is_linear=0
shrinkage=0.05


Tree=244
num_leaves=6
num_cat=0
split_feature=13 12 13 8 3
split_gain=0.278236 1.57798 1.26922 1.27342 0.836962
threshold=-0.14669390627095044 -0.59128824478827979 -0.10049798520968985 0.49098576581049852 0.70352647068145002
decision_type=8 2 8 2 2
left_child=1 -1 -2 -4 -3
right_child=2 4 3 -5 -6
leaf_value=0.0049999394158624262 -0.0045407372173871018 -0.0028447974958619167 -0.0035694650931610036 0.00073911086299439086 0.0018977680417821942
leaf_weight=167 152 209 192 1320 160
leaf_count=167 152 209 192 1320 160
internal_value=5.78577e-05 0.00104313 -0.000261689 0.000182029 -0.000790521
internal_weight=2200 536 1664 1512 369
internal_count=2200 536 1664 1512 369
is_linear=0
shrinkage=0.05


Tree=245
num_leaves=7
num_cat=0
split_feature=13 13 2 9 0 7
split_gain=0.276858 1.5163 1.11727 0.93679 2.38984 1.84141
threshold=0.0066236658511788201 0.069736103078718775 0.090102159851559796 0.32191312868959648 0.68750000000000011 0.63926798581446709
decision_type=8 8 2 2 2 2
left_child=3 -2 -3 4 -1 -5
right_child=1 2 -4 5 -6 -7
leaf_value=0.0069447895283238931 -0.0044767606330959851 -0.00052372372333287008 0.0037296885811752573 -0.0035930829553657583 -0.0016138247682866227 0.0015287809351317129
leaf_weight=166 192 752 189 271 153 477
leaf_count=166 192 752 189 271 153 477
internal_value=5.57529e-05 -0.000487541 0.000345772 0.000632235 0.00287832 -0.000338404
internal_weight=2200 1133 941 1067 319 748
internal_count=2200 1133 941 1067 319 748
is_linear=0
shrinkage=0.05


Tree=246
num_leaves=6
num_cat=0
split_feature=4 4 4 8 2
split_gain=0.272815 2.18986 1.85077 1.36169 1.21939
threshold=0.021794494717703353 0.017853571071357155 0.027824613072817198 0.51889509657901234 0.081946249941020941
decision_type=2 2 2 2 2
left_child=1 3 -2 -1 -4
right_child=2 -3 4 -5 -6
leaf_value=0.0032772939984406246 -0.0041825371154342204 0.0054680264972626937 0.0017800919858965737 -0.0016912683383772421 -0.0018828639723957889
leaf_weight=176 255 187 669 575 338
leaf_count=176 255 187 669 575 338
internal_value=5.83291e-05 0.000702138 -0.000421073 -0.000512891 0.000547391
internal_weight=2200 938 1262 751 1007
internal_count=2200 938 1262 751 1007
is_linear=0
shrinkage=0.05


Tree=247
num_leaves=5
num_cat=0
split_feature=9 7 3 7
split_gain=0.272355 0.676826 1.81768 1.09744
threshold=-1.1527460880426779 -0.26781481910672283 -0.36232437477388418 0.079288384859300301
decision_type=2 2 2 2
left_child=-1 2 -2 -3
right_child=1 3 -4 -5
leaf_value=-0.0013369288849443915 -0.0011527366425842884 -0.0031715278852450911 0.0045391662711310281 0.00038456149689303291
leaf_weight=297 273 266 280 1084
leaf_count=297 273 266 280 1084
internal_value=5.83912e-05 0.000279091 0.00174409 -0.000325237
internal_weight=2200 1903 553 1350
internal_count=2200 1903 553 1350
is_linear=0
shrinkage=0.05


Tree=248
num_leaves=5
num_cat=0
split_feature=3 3 12 3
split_gain=0.262896 1.57686 1.66593 1.06506
threshold=-1.4142135623730943 -1.0876776499734875 0.9351223260639846 -1.6329931618554514
decision_type=2 2 2 2
left_child=3 -2 -3 -1
right_child=1 2 -4 -5
leaf_value=-0.0015566968097118661 -0.0043891211564921909 0.00088677332154011657 -0.0040361199584386326 0.0041701658112025001
leaf_weight=155 193 1502 189 161
leaf_count=155 193 1502 189 161
internal_value=5.78187e-05 -0.000167118 0.000326274 0.00138061
internal_weight=2200 1884 1691 316
internal_count=2200 1884 1691 316
is_linear=0
shrinkage=0.05


Tree=249
num_leaves=6
num_cat=0
split_feature=1 8 8 12 8
split_gain=0.268432 1.74365 1.31711 1.86766 0.892018
threshold=0.67905956055322292 0.70999641781453171 0.68001285129558886 -0.31109049585113996 0.65504132574206941
decision_type=2 2 2 2 2
left_child=1 4 3 -2 -1
right_child=2 -3 -4 -5 -6
leaf_value=0.00049920862553052474 -0.0027494684859642811 0.0046098162447042006 -0.0040334584820301876 0.0028155089410250946 -0.0027138537113767184
leaf_weight=888 252 211 209 360 280
leaf_count=888 252 211 209 360 280
internal_value=5.71213e-05 0.000482706 -0.000656311 0.000520336 -0.000279331
internal_weight=2200 1379 821 612 1168
internal_count=2200 1379 821 612 1168
is_linear=0
shrinkage=0.05


Tree=250
num_leaves=5
num_cat=0
split_feature=11 12 11 11
split_gain=0.269647 1.31897 0.904045 1.06014
threshold=0.88697872613715656 1.0000000180025095e-35 0.75898570779817554 0.58436769656310694
decision_type=2 2 2 2
left_child=2 -2 3 -1
right_child=1 -3 -4 -5
leaf_value=0.00037681024916279727 0.0017941895723137078 -0.0043091172498955941 0.0038551714918376202 -0.0037415329285297848
leaf_weight=1528 176 169 158 169
leaf_count=1528 176 169 158 169
internal_value=5.89471e-05 -0.00121439 0.000298396 -4.3112e-05
internal_weight=2200 345 1855 1697
internal_count=2200 345 1855 1697
is_linear=0
shrinkage=0.05


Tree=251
num_leaves=5
num_cat=0
split_feature=5 3 5 3
split_gain=0.266579 0.609161 1.36196 1.09465
threshold=-0.24499999999999997 0.26227157876952695 -0.022500000000000003 -0.63245553203367588
decision_type=2 2 2 2
left_child=-1 3 -3 -2
right_child=1 2 -4 -5
leaf_value=0.0019903777249044539 0.00028942126952706917 0.0043741686123983841 -0.00018343703823588755 -0.0029808117095407151
leaf_weight=160 705 206 733 396
leaf_count=160 705 206 733 396
internal_value=5.72195e-05 -9.88965e-05 0.000834293 -0.000894952
internal_weight=2200 2040 939 1101
internal_count=2200 2040 939 1101
is_linear=0
shrinkage=0.05


Tree=252
num_leaves=6
num_cat=0
split_feature=13 4 7 11 2
split_gain=0.267781 1.72578 1.43046 1.07761 0.897948
threshold=-0.076364740746285839 0.047194736289546631 0.47753596346052124 0.229306568612794 0.070372888761928445
decision_type=8 2 2 2 2
left_child=1 3 4 -1 -2
right_child=2 -3 -4 -5 -6
leaf_value=-0.0022328805339925967 -0.00072651961010498781 0.0054531417030650019 -0.0044387096111422972 0.0018904098077979507 0.0020856406259537595
leaf_weight=346 802 154 181 284 433
leaf_count=346 802 154 181 284 433
internal_value=5.95221e-05 0.000798019 -0.000350732 -0.000373878 0.000263878
internal_weight=2200 784 1416 630 1235
internal_count=2200 784 1416 630 1235
is_linear=0
shrinkage=0.05


Tree=253
num_leaves=6
num_cat=0
split_feature=11 4 4 4 0
split_gain=0.266648 1.43036 0.912891 1.81198 1.73688
threshold=0.86051804992096748 0.02046338192968113 0.021794494717703353 0.027824613072817198 0.39750000000000008
decision_type=2 2 2 2 2
left_child=2 -2 4 -4 -1
right_child=1 -3 3 -5 -6
leaf_value=-0.0011913982519792538 -0.0047998190853509705 0.0013577679616022618 -0.0047327605840379238 0.00040373067525981376 0.0035950087959415547
leaf_weight=321 153 230 211 834 451
leaf_count=321 153 230 211 834 451
internal_value=5.80889e-05 -0.00113221 0.000311406 -0.000650996 0.00160995
internal_weight=2200 383 1817 1045 772
internal_count=2200 383 1817 1045 772
is_linear=0
shrinkage=0.05


Tree=254
num_leaves=4
num_cat=0
split_feature=9 5 6
split_gain=0.26976 0.632484 0.730667
threshold=-1.1905051159563214 0.16000000000000003 6.8193884107315359
decision_type=2 2 2
left_child=-1 2 -2
right_child=1 -3 -4
leaf_value=-0.0014379948253316205 -0.00020517640417478612 -0.0018781983421887367 0.0019451677681645381
leaf_weight=261 1005 289 645
leaf_count=261 1005 289 645
internal_value=5.55256e-05 0.000259743 0.00063875
internal_weight=2200 1939 1650
internal_count=2200 1939 1650
is_linear=0
shrinkage=0.05


Tree=255
num_leaves=5
num_cat=0
split_feature=13 7 7 7
split_gain=0.251502 0.958035 0.898674 0.724835
threshold=0.2609550578061246 -0.84495734341178352 -0.616469527165039 -0.3533795846474867
decision_type=8 2 2 2
left_child=1 -1 -3 -2
right_child=3 2 -4 -5
leaf_value=0.0039813987262870961 -0.00294976746997558 -0.0032027419321238996 0.0003680450774104807 0.0014681272881352926
leaf_weight=156 218 195 1476 155
leaf_count=156 218 195 1476 155
internal_value=5.56162e-05 0.000297779 -5.69652e-05 -0.00111878
internal_weight=2200 1827 1671 373
internal_count=2200 1827 1671 373
is_linear=0
shrinkage=0.05


Tree=256
num_leaves=6
num_cat=0
split_feature=1 8 8 12 13
split_gain=0.250352 1.61743 1.22099 1.71374 0.88748
threshold=0.67905956055322292 0.70999641781453171 0.68001285129558886 -0.31109049585113996 0.080223935342381175
decision_type=2 2 2 2 10
left_child=1 4 3 -2 -1
right_child=2 -3 -4 -5 -6
leaf_value=-0.0013243351811187088 -0.002632942542493532 0.0044412332063075155 -0.003885256938601487 0.0026977977036715373 0.0015142535107758098
leaf_weight=734 252 211 209 360 434
leaf_count=734 252 211 209 360 434
internal_value=5.53129e-05 0.000466315 -0.000633674 0.000499238 -0.000267627
internal_weight=2200 1379 821 612 1168
internal_count=2200 1379 821 612 1168
is_linear=0
shrinkage=0.05


Tree=257
num_leaves=5
num_cat=0
split_feature=9 7 3 7
split_gain=0.254216 0.642276 1.69531 1.02626
threshold=-1.1527460880426779 -0.26781481910672283 -0.36232437477388418 0.079288384859300301
decision_type=2 2 2 2
left_child=-1 2 -2 -3
right_child=1 3 -4 -5
leaf_value=-0.0012909061185990937 -0.0011003149841265524 -0.0030707503945181813 0.004396800394415072 0.00036808537795834359
leaf_weight=297 273 266 280 1084
leaf_count=297 273 266 280 1084
internal_value=5.71513e-05 0.000270373 0.00169749 -0.000318324
internal_weight=2200 1903 553 1350
internal_count=2200 1903 553 1350
is_linear=0
shrinkage=0.05


Tree=258
num_leaves=4
num_cat=0
split_feature=4 13 11
split_gain=0.252175 0.701688 0.73881
threshold=0.057357013574566303 -0.25017232331907069 0.96304314022846516
decision_type=2 8 2
left_child=1 -1 -3
right_child=-2 2 -4
leaf_value=-0.0026248693091609448 -0.0012887995366387664 0.00024949640645788198 0.0037880951447263819
leaf_weight=184 296 1562 158
leaf_count=184 296 1562 158
internal_value=5.64133e-05 0.000268371 0.000584592
internal_weight=2200 1904 1720
internal_count=2200 1904 1720
is_linear=0
shrinkage=0.05


Tree=259
num_leaves=6
num_cat=0
split_feature=11 4 4 4 0
split_gain=0.262903 1.33686 0.818501 1.69023 1.61764
threshold=0.86051804992096748 0.02046338192968113 0.021794494717703353 0.027824613072817198 0.37750000000000006
decision_type=2 2 2 2 2
left_child=2 -2 4 -4 -1
right_child=1 -3 3 -5 -6
leaf_value=-0.0013056585813397755 -0.0046715387953036392 0.0012817061775700844 -0.0045462288087475362 0.00041461046962028633 0.0033580034569788138
leaf_weight=302 153 230 211 834 470
leaf_count=302 153 230 211 834 470
internal_value=5.58662e-05 -0.00112604 0.000307402 -0.000603931 0.00153696
internal_weight=2200 383 1817 1045 772
internal_count=2200 383 1817 1045 772
is_linear=0
shrinkage=0.05


Tree=260
num_leaves=6
num_cat=0
split_feature=1 8 1 3 11
split_gain=0.258066 1.5006 1.21705 1.18427 0.908648
threshold=0.67905956055322292 0.70848250615979413 0.98699264058150382 1.1507929111375002 0.90065084274252982
decision_type=2 2 2 2 2
left_child=1 4 -2 -4 -1
right_child=2 -3 3 -5 -6
leaf_value=0.00036467003249860807 -0.004110478562634131 0.0042581255564370871 0.0024290097576956595 -0.0018749128126746594 -0.0034285916759820775
leaf_weight=981 189 215 336 296 183
leaf_count=981 189 215 336 296 183
internal_value=5.36452e-05 0.000470937 -0.000645871 0.000414354 -0.000243807
internal_weight=2200 1379 821 632 1164
internal_count=2200 1379 821 632 1164
is_linear=0
shrinkage=0.05


Tree=261
num_leaves=7
num_cat=0
split_feature=13 13 2 9 0 7
split_gain=0.259207 1.36074 1.03291 0.895283 2.26269 1.66304
threshold=0.0066236658511788201 0.069736103078718775 0.090102159851559796 0.32191312868959648 0.68750000000000011 0.63926798581446709
decision_type=8 8 2 2 2 2
left_child=3 -2 -3 4 -1 -5
right_child=1 2 -4 5 -6 -7
leaf_value=0.0067643023455482834 -0.0042507714914574012 -0.0005182217252951317 0.0035714167316645848 -0.0034300524189703817 -0.0015636669233134841 0.0014374597833653202
leaf_weight=166 192 752 189 271 153 477
leaf_count=166 192 752 189 271 153 477
internal_value=5.39485e-05 -0.000471741 0.000317718 0.000611751 0.00280752 -0.000337103
internal_weight=2200 1133 941 1067 319 748
internal_count=2200 1133 941 1067 319 748
is_linear=0
shrinkage=0.05


Tree=262
num_leaves=4
num_cat=0
split_feature=4 13 3
split_gain=0.249369 0.669149 0.820931
threshold=0.057357013574566303 -0.25017232331907069 -0.99999999999999956
decision_type=2 8 2
left_child=1 -1 -3
right_child=-2 2 -4
leaf_value=-0.0025583475215912419 -0.0012814470264361397 -0.0012774366855436905 0.0012153767071870891
leaf_weight=184 296 440 1280
leaf_count=184 296 440 1280
internal_value=5.62615e-05 0.000267036 0.000575826
internal_weight=2200 1904 1720
internal_count=2200 1904 1720
is_linear=0
shrinkage=0.05


Tree=263
num_leaves=6
num_cat=0
split_feature=1 0 7 7 8
split_gain=0.2593 1.85035 0.993449 1.16943 0.789902
threshold=-0.82837392047181946 0.39750000000000008 -0.77069110422869502 -0.26781481910672283 0.55438215105616828
decision_type=2 2 2 2 2
left_child=1 4 -2 -4 -1
right_child=2 -3 3 -5 -6
leaf_value=0.0021127077913192325 -0.0034059101355375884 0.005039249096646008 0.0027000098504235486 -0.00067198324261972934 -0.0021603094214458145
leaf_weight=156 216 186 344 972 326
leaf_count=156 216 186 344 972 326
internal_value=5.47165e-05 0.000873076 -0.000303793 0.000216333 -0.000769849
internal_weight=2200 668 1532 1316 482
internal_count=2200 668 1532 1316 482
is_linear=0
shrinkage=0.05


Tree=264
num_leaves=6
num_cat=0
split_feature=9 9 9 11 8
split_gain=0.25842 1.17233 1.0065 1.21924 1.10769
threshold=1.0642787530083082 1.252372069980298 0.68681472206355876 -0.052299644979220287 0.56038360944115062
decision_type=2 2 2 2 2
left_child=2 -2 4 -4 -1
right_child=1 -3 3 -5 -6
leaf_value=-0.0016197999279430114 0.0044442292879984689 -0.0010144256841039705 -0.0058996884970185471 4.3293884870092943e-05 0.0013221632178749383
leaf_weight=467 160 240 151 193 989
leaf_count=467 160 240 151 193 989
internal_value=5.56322e-05 0.00119695 -0.000200606 -0.00261255 0.000376239
internal_weight=2200 400 1800 344 1456
internal_count=2200 400 1800 344 1456
is_linear=0
shrinkage=0.05


Tree=265
num_leaves=5
num_cat=0
split_feature=2 2 2 4
split_gain=0.249843 0.577167 1.79213 1.30134
threshold=0.11837293174009798 0.081306601943391607 0.072584954123317488 0.035619517121937554
decision_type=2 2 2 2
left_child=1 2 -1 -3
right_child=-2 3 -4 -5
leaf_value=-0.00023987027652605075 0.0018896347652488982 0.001131049261544831 0.0052107651386731528 -0.0045115708565489519
leaf_weight=1470 166 195 163 206
leaf_count=1470 166 195 163 206
internal_value=5.39664e-05 -0.000100114 0.000318437 -0.00178752
internal_weight=2200 2034 1633 401
internal_count=2200 2034 1633 401
is_linear=0
shrinkage=0.05


Tree=266
num_leaves=6
num_cat=0
split_feature=13 4 7 1 11
split_gain=0.265019 1.63253 1.28628 1.06265 0.883833
threshold=-0.076364740746285839 0.047194736289546631 0.47753596346052124 -0.21644001556174428 0.9366467164954505
decision_type=8 2 2 2 2
left_child=1 3 4 -1 -2
right_child=2 -3 -4 -5 -6
leaf_value=-0.0034154123838097622 -0.0002765218921823947 0.0053161488424579512 -0.0042307157582047606 0.001005235492371244 0.0037477669957204345
leaf_weight=191 1084 154 181 439 151
leaf_count=191 1084 154 181 439 151
internal_value=5.38674e-05 0.000788557 -0.000354253 -0.000351333 0.000228645
internal_weight=2200 784 1416 630 1235
internal_count=2200 784 1416 630 1235
is_linear=0
shrinkage=0.05


Tree=267
num_leaves=6
num_cat=0
split_feature=9 6 9 8 6
split_gain=0.254579 1.17759 0.919481 1.01404 0.701419
threshold=1.0642787530083082 6.7347515121747135 0.68681472206355876 0.56038360944115062 6.6816635724816011
decision_type=2 2 2 2 2
left_child=2 -2 3 -1 -4
right_child=1 -3 4 -5 -6
leaf_value=-0.0015598101589803573 -0.0014985042617394074 0.003867135303467056 -0.00048981815627448493 0.0012550177687631033 -0.005015357371810223
leaf_weight=467 201 199 194 989 150
leaf_count=467 201 199 194 989 150
internal_value=5.28829e-05 0.00118569 -0.000201439 0.000349937 -0.00250675
internal_weight=2200 400 1800 1456 344
internal_count=2200 400 1800 1456 344
is_linear=0
shrinkage=0.05


Tree=268
num_leaves=6
num_cat=0
split_feature=13 13 8 2 0
split_gain=0.258313 1.25178 0.982014 0.792831 1.03417
threshold=0.0066236658511788201 0.069736103078718775 0.65504132574206941 0.028571272901677568 0.72000000000000008
decision_type=8 8 2 2 2
left_child=3 -2 -3 -1 -5
right_child=1 2 -4 4 -6
leaf_value=-0.0027041694411684969 -0.0040973021115204749 0.0014871754798488018 -0.0018611915058957427 0.0023358043590154323 -0.0012143587529910246
leaf_weight=150 192 604 337 614 303
leaf_count=150 192 604 337 614 303
internal_value=5.20127e-05 -0.000472765 0.000284527 0.000608856 0.00116252
internal_weight=2200 1133 941 1067 917
internal_count=2200 1133 941 1067 917
is_linear=0
shrinkage=0.05


Tree=269
num_leaves=5
num_cat=0
split_feature=9 7 6 7
split_gain=0.252832 0.515111 1.64273 0.988462
threshold=-1.1527460880426779 -0.26781481910672283 6.3610865644651922 0.079288384859300301
decision_type=2 2 2 2
left_child=-1 2 -2 -3
right_child=1 3 -4 -5
leaf_value=-0.0012903768077357025 0.0056260781826952483 -0.0029620173683046792 -0.00025544556957189641 0.00041280172264049065
leaf_weight=297 166 266 387 1084
leaf_count=297 166 266 387 1084
internal_value=5.39979e-05 0.000266645 0.00154467 -0.000260639
internal_weight=2200 1903 553 1350
internal_count=2200 1903 553 1350
is_linear=0
shrinkage=0.05


Tree=270
num_leaves=4
num_cat=0
split_feature=13 8 7
split_gain=0.253451 0.833457 0.52652
threshold=0.2609550578061246 0.742708227319829 -0.83744634419249608
decision_type=10 2 2
left_child=1 2 -1
right_child=-2 -3 -4
leaf_value=0.0026465437363511254 -0.0017773466275726587 0.0037349810697806761 -0.00033453575846418079
leaf_weight=157 169 150 1724
leaf_count=157 169 150 1724
internal_value=5.44179e-05 0.00021083 -7.93596e-05
internal_weight=2200 2031 1881
internal_count=2200 2031 1881
is_linear=0
shrinkage=0.05


Tree=271
num_leaves=5
num_cat=0
split_feature=3 3 12 3
split_gain=0.252648 1.44174 1.5905 0.982264
threshold=-1.4142135623730943 -1.0876776499734875 0.9351223260639846 -1.6329931618554514
decision_type=2 2 2 2
left_child=3 -2 -3 -1
right_child=1 2 -4 -5
leaf_value=-0.0014700459843152204 -0.0042029603495411906 0.00085359123038081979 -0.003956546093704486 0.0040300777759851823
leaf_weight=155 193 1502 189 161
leaf_count=155 193 1502 189 161
internal_value=5.45993e-05 -0.000165905 0.000305892 0.00135136
internal_weight=2200 1884 1691 316
internal_count=2200 1884 1691 316
is_linear=0
shrinkage=0.05


Tree=272
num_leaves=6
num_cat=0
split_feature=1 0 7 7 8
split_gain=0.25647 1.70636 0.957535 1.07406 0.779728
threshold=-0.82837392047181946 0.39750000000000008 -0.77069110422869502 0.36645556939638552 0.55438215105616828
decision_type=2 2 2 2 2
left_child=1 4 -2 -4 -1
right_child=2 -3 3 -5 -6
leaf_value=0.0021530195048602404 -0.0033480446805178748 0.004868594416982802 0.0015839630457887895 -0.0012637633054448922 -0.0020919536227737398
leaf_weight=156 216 186 680 636 326
leaf_count=156 216 186 680 636 326
internal_value=5.40252e-05 0.000867906 -0.000302521 0.000208132 -0.000710063
internal_weight=2200 668 1532 1316 482
internal_count=2200 668 1532 1316 482
is_linear=0
shrinkage=0.05


Tree=273
num_leaves=6
num_cat=0
split_feature=11 12 7 8 7
split_gain=0.257743 1.30402 0.799782 1.70222 1.6439
threshold=0.86051804992096748 1.0000000180025095e-35 0.63926798581446709 0.67689922486881249 0.76802664295032708
decision_type=2 2 2 2 2
left_child=2 -2 3 -1 -4
right_child=1 -3 4 -5 -6
leaf_value=0.00065939797086693626 0.0016593069750134176 -0.0041118409785570855 0.0062929149756899049 -0.0035325882738291084 3.1517342682701385e-05
leaf_weight=1032 200 183 150 311 324
leaf_count=1032 200 183 150 311 324
internal_value=5.46035e-05 -0.00111564 0.00030366 -0.000320847 0.00205798
internal_weight=2200 383 1817 1343 474
internal_count=2200 383 1817 1343 474
is_linear=0
shrinkage=0.05


Tree=274
num_leaves=4
num_cat=0
split_feature=7 11 7
split_gain=0.259671 0.750619 1.3762
threshold=-0.88175052666535614 -0.89199300740364562 -0.616469527165039
decision_type=2 2 2
left_child=-1 -2 -3
right_child=1 2 -4
leaf_value=0.0017588074780532374 0.0021761758223778445 -0.0036627060429048567 0.00011691400371224579
leaf_weight=198 298 285 1419
leaf_count=198 298 285 1419
internal_value=5.47483e-05 -0.000117747 -0.000524107
internal_weight=2200 2002 1704
internal_count=2200 2002 1704
is_linear=0
shrinkage=0.05


Tree=275
num_leaves=6
num_cat=0
split_feature=9 8 7 9 11
split_gain=0.253803 1.27622 0.977619 1.3337 1.00745
threshold=1.1168731139810604 0.62220616919649985 0.61215732210431539 0.67492592151840258 0.09566478273832088
decision_type=2 2 2 2 2
left_child=2 -2 3 -1 -4
right_child=1 -3 4 -5 -6
leaf_value=0.00025278359330058208 0.0020012031559070403 -0.0040853541660848076 -3.0950699245879128e-05 -0.0046342369397321054 0.0056057643971871591
leaf_weight=1402 160 176 157 150 155
leaf_count=1402 160 176 157 150 155
internal_value=5.44297e-05 -0.00120015 0.000283182 -0.00023291 0.00281359
internal_weight=2200 336 1864 1552 312
internal_count=2200 336 1864 1552 312
is_linear=0
shrinkage=0.05


Tree=276
num_leaves=4
num_cat=0
split_feature=5 5 11
split_gain=0.252587 0.568003 0.673589
threshold=-0.24499999999999997 -0.16749999999999995 -0.91177697653052536
decision_type=2 2 2
left_child=-1 -2 -3
right_child=1 2 -4
leaf_value=0.001932963945366668 -0.0026895890739979224 0.0025541571289410489 -0.00021201303149804456
leaf_weight=160 187 250 1603
leaf_count=160 187 250 1603
internal_value=5.12159e-05 -0.000100737 0.000167058
internal_weight=2200 2040 1853
internal_count=2200 2040 1853
is_linear=0
shrinkage=0.05


Tree=277
num_leaves=7
num_cat=0
split_feature=1 8 12 6 11 8
split_gain=0.25331 1.42459 1.11577 1.51925 0.867002 0.776453
threshold=0.67905956055322292 0.70848250615979413 -0.42260296427039018 6.7859660870896512 0.90065084274252982 0.66428129529213953
decision_type=2 2 2 2 2 2
left_child=1 4 3 -2 -1 -4
right_child=2 -3 5 -5 -6 -7
leaf_value=0.00036109690981256848 0.00041980143008527883 0.004153195972533219 0.002117656907793062 -0.0065135719491198896 -0.0033442065845481414 -0.0020152173262821243
leaf_weight=981 160 215 348 150 183 163
leaf_count=981 160 215 348 150 183 163
internal_value=4.97387e-05 0.000463175 -0.000643293 -0.00298519 -0.00023325 0.00079259
internal_weight=2200 1379 821 310 1164 511
internal_count=2200 1379 821 310 1164 511
is_linear=0
shrinkage=0.05


Tree=278
num_leaves=4
num_cat=0
split_feature=4 13 3
split_gain=0.252198 0.628527 0.752584
threshold=0.057357013574566303 -0.25017232331907069 -0.99999999999999956
decision_type=2 8 2
left_child=1 -1 -3
right_child=-2 2 -4
leaf_value=-0.0024761761627535746 -0.0012951172346812349 -0.0012131109861970952 0.0011737120775502504
leaf_weight=184 296 440 1280
leaf_count=184 296 440 1280
internal_value=5.01397e-05 0.000262121 0.000561383
internal_weight=2200 1904 1720
internal_count=2200 1904 1720
is_linear=0
shrinkage=0.05


Tree=279
num_leaves=4
num_cat=0
split_feature=7 2 2
split_gain=0.263897 0.557194 0.875443
threshold=0.85339098563387428 0.11134203429696242 0.07085967645017445
decision_type=2 2 2
left_child=1 2 -1
right_child=-2 -3 -4
leaf_value=-0.00057037295921683322 0.001516496256356505 -0.0026823919790331277 0.0019128162382964255
leaf_weight=1256 264 191 489
leaf_count=1256 264 191 489
internal_value=4.8925e-05 -0.000154589 0.000128966
internal_weight=2200 1936 1745
internal_count=2200 1936 1745
is_linear=0
shrinkage=0.05


Tree=280
num_leaves=6
num_cat=0
split_feature=1 0 1 7 8
split_gain=0.257249 1.59036 0.920472 1.00755 0.717475
threshold=-0.82837392047181946 0.39750000000000008 -0.55699902650699384 -0.79281092180743029 0.55438215105616828
decision_type=2 2 2 2 2
left_child=1 4 -2 -4 -1
right_child=2 -3 3 -5 -6
leaf_value=0.0020860890524537069 -0.0039363005495879353 0.0047258385815487011 -0.0033109997281257466 0.00063413218340156849 -0.0019857436828624761
leaf_weight=156 152 186 182 1198 326
leaf_count=156 152 186 182 1198 326
internal_value=4.84894e-05 0.000863617 -0.000308585 0.000103757 -0.000660002
internal_weight=2200 668 1532 1380 482
internal_count=2200 668 1532 1380 482
is_linear=0
shrinkage=0.05


Tree=281
num_leaves=5
num_cat=0
split_feature=7 3 2 3
split_gain=0.258856 0.673908 1.68718 1.24838
threshold=-0.88175052666535614 0.29245242951174844 0.080591863794018642 -0.12641772436692314
decision_type=2 2 2 2
left_child=-1 3 -3 -2
right_child=1 2 -4 -5
leaf_value=0.001749163825957224 -0.0001564266279988631 0.0022514531857414284 -0.002626986997011973 -0.0044952087315827576
leaf_weight=198 927 638 240 197
leaf_count=198 927 638 240 197
internal_value=4.77692e-05 -0.000124439 0.000910614 -0.000933412
internal_weight=2200 2002 878 1124
internal_count=2200 2002 878 1124
is_linear=0
shrinkage=0.05


Tree=282
num_leaves=5
num_cat=0
split_feature=2 2 2 4
split_gain=0.265755 0.518553 1.64997 1.24935
threshold=0.11837293174009798 0.081306601943391607 0.072584954123317488 0.043803538669838084
decision_type=2 2 2 2
left_child=1 2 -1 -3
right_child=-2 3 -4 -5
leaf_value=-0.00025154247413445126 0.0019394432564881462 0.00050354837957355719 0.0049784040619020482 -0.0051697917642809874
leaf_weight=1470 166 247 163 154
leaf_count=1470 166 247 163 154
internal_value=4.62081e-05 -0.000112681 0.000284094 -0.00171208
internal_weight=2200 2034 1633 401
internal_count=2200 2034 1633 401
is_linear=0
shrinkage=0.05


Tree=283
num_leaves=6
num_cat=0
split_feature=1 4 1 3 3
split_gain=0.257827 1.14401 1.07894 1.0718 1.05817
threshold=0.67905956055322292 0.055551186624947929 0.98699264058150382 1.1507929111375002 -0.92589497504716101
decision_type=2 2 2 2 2
left_child=1 4 -2 -4 -1
right_child=2 -3 3 -5 -6
leaf_value=-0.00069670692244425223 -0.0039140995170623451 -0.0030783379111885643 0.002263390398599669 -0.0018309429572180434 0.0023140693364324849
leaf_weight=502 189 191 336 296 686
leaf_count=502 189 191 336 296 686
internal_value=4.70768e-05 0.000464189 -0.000652098 0.000346471 0.00104425
internal_weight=2200 1379 821 632 1188
internal_count=2200 1379 821 632 1188
is_linear=0
shrinkage=0.05


Tree=284
num_leaves=5
num_cat=0
split_feature=3 3 12 3
split_gain=0.263908 1.26714 1.48619 0.912089
threshold=-1.4142135623730943 -1.0876776499734875 0.9351223260639846 -1.6329931618554514
decision_type=2 2 2 2
left_child=3 -2 -3 -1
right_child=1 2 -4 -5
leaf_value=-0.0013461660404573196 -0.0039611328554614873 0.00079543223531385119 -0.003854237049734028 0.0039549469443582314
leaf_weight=155 193 1502 189 161
leaf_count=155 193 1502 189 161
internal_value=4.89001e-05 -0.000176448 0.000265917 0.00137425
internal_weight=2200 1884 1691 316
internal_count=2200 1884 1691 316
is_linear=0
shrinkage=0.05


Tree=285
num_leaves=4
num_cat=0
split_feature=5 5 1
split_gain=0.267309 0.52675 0.825822
threshold=-0.24499999999999997 -0.16749999999999995 -0.82837392047181946
decision_type=2 2 2
left_child=-1 -2 -3
right_child=1 2 -4
leaf_value=0.0019843524867654639 -0.0026008268108095463 0.002198976534845219 -0.000391072045766535
leaf_weight=160 187 384 1469
leaf_count=160 187 384 1469
internal_value=4.85356e-05 -0.000107774 0.000150141
internal_weight=2200 2040 1853
internal_count=2200 2040 1853
is_linear=0
shrinkage=0.05


Tree=286
num_leaves=4
num_cat=0
split_feature=7 6 3
split_gain=0.250736 0.577825 0.957225
threshold=0.85339098563387428 7.2267200651451509 1.5161219309734515
decision_type=2 2 2
left_child=1 2 -1
right_child=-2 -3 -4
leaf_value=0.00057972663092874189 0.0014779476578075604 -0.0023065154095581702 -0.0034858866639115153
leaf_weight=1518 264 263 155
leaf_count=1518 264 263 155
internal_value=4.74393e-05 -0.000150935 0.000193791
internal_weight=2200 1936 1673
internal_count=2200 1936 1673
is_linear=0
shrinkage=0.05


Tree=287
num_leaves=5
num_cat=0
split_feature=5 3 5 3
split_gain=0.247728 0.497208 1.38538 1.09711
threshold=-0.24499999999999997 0.29245242951174844 -0.022500000000000003 -0.63245553203367588
decision_type=2 2 2 2
left_child=-1 3 -3 -2
right_child=1 2 -4 -5
leaf_value=0.0019102383822654234 0.00037530069018904336 0.004322831044029001 -0.00028667866097328095 -0.0028776859899744857
leaf_weight=160 705 205 726 404
leaf_count=160 705 205 726 404
internal_value=4.6672e-05 -0.000103803 0.000745975 -0.000817334
internal_weight=2200 2040 931 1109
internal_count=2200 2040 931 1109
is_linear=0
shrinkage=0.05


Tree=288
num_leaves=6
num_cat=0
split_feature=9 8 8 11 9
split_gain=0.243787 1.18757 0.89965 2.60917 1.48401
threshold=1.1168731139810604 0.62220616919649985 0.56038360944115062 0.94265362242057316 0.25853668568898175
decision_type=2 2 2 2 2
left_child=2 -2 4 -4 -1
right_child=1 -3 3 -5 -6
leaf_value=-0.0031493501369318591 0.0019082686345967834 -0.0039633607144534426 0.00016691517986733154 0.007052342992261775 0.0024490209062669028
leaf_weight=378 160 176 1168 151 167
leaf_count=378 160 176 1168 151 167
internal_value=4.91989e-05 -0.00118036 0.000273402 0.000978819 -0.00142722
internal_weight=2200 336 1864 1319 545
internal_count=2200 336 1864 1319 545
is_linear=0
shrinkage=0.05


Tree=289
num_leaves=6
num_cat=0
split_feature=11 12 4 4 0
split_gain=0.262596 1.23168 0.747051 1.55485 1.4969
threshold=0.86051804992096748 1.0000000180025095e-35 0.021794494717703353 0.027824613072817198 0.37750000000000006
decision_type=2 2 2 2 2
left_child=2 -2 4 -4 -1
right_child=1 -3 3 -5 -6
leaf_value=-0.0012591587313593453 0.0015657382429486548 -0.0040435153318499712 -0.0043511808256206921 0.00040680420859988794 0.0032270580832723921
leaf_weight=302 200 183 211 834 470
leaf_count=302 200 183 211 834 470
internal_value=4.92245e-05 -0.00113197 0.000300628 -0.000570044 0.00147528
internal_weight=2200 383 1817 1045 772
internal_count=2200 383 1817 1045 772
is_linear=0
shrinkage=0.05


Tree=290
num_leaves=6
num_cat=0
split_feature=1 0 1 7 8
split_gain=0.244904 1.44307 0.852022 0.943844 0.686311
threshold=-0.82837392047181946 0.39750000000000008 -0.55699902650699384 -0.79281092180743029 0.55438215105616828
decision_type=2 2 2 2 2
left_child=1 4 -2 -4 -1
right_child=2 -3 3 -5 -6
leaf_value=0.0020758376152020365 -0.0037918301234703962 0.0045210899424334471 -0.0032098970648628427 0.00060847280203123449 -0.0019063214969109417
leaf_weight=156 152 186 182 1198 326
leaf_count=156 152 186 182 1198 326
internal_value=4.67893e-05 0.000842118 -0.00030161 9.51206e-05 -0.00060941
internal_weight=2200 668 1532 1380 482
internal_count=2200 668 1532 1380 482
is_linear=0
shrinkage=0.05


Tree=291
num_leaves=4
num_cat=0
split_feature=7 11 7
split_gain=0.265093 0.660428 1.21143
threshold=-0.88175052666535614 -0.89199300740364562 -0.616469527165039
decision_type=2 2 2
left_child=-1 -2 -3
right_child=1 2 -4
leaf_value=0.0017679220521960208 0.0020236413438709166 -0.0034539624766029165 9.22439924293388e-05
leaf_weight=198 298 285 1419
leaf_count=198 298 285 1419
internal_value=4.61487e-05 -0.000128117 -0.000509241
internal_weight=2200 2002 1704
internal_count=2200 2002 1704
is_linear=0
shrinkage=0.05


Tree=292
num_leaves=4
num_cat=0
split_feature=7 11 7
split_gain=0.243816 0.608589 1.10859
threshold=-0.88175052666535614 -0.89199300740364562 -0.616469527165039
decision_type=2 2 2
left_child=-1 -2 -3
right_child=1 2 -4
leaf_value=0.0016972823235954116 0.0019445014353718596 -0.0033038938273515167 8.8444806665342022e-05
leaf_weight=198 298 285 1419
leaf_count=198 298 285 1419
internal_value=4.60537e-05 -0.000121076 -0.000486942
internal_weight=2200 2002 1704
internal_count=2200 2002 1704
is_linear=0
shrinkage=0.05


Tree=293
num_leaves=4
num_cat=0
split_feature=5 5 1
split_gain=0.240732 0.489042 0.743726
threshold=-0.24499999999999997 -0.16749999999999995 -0.82837392047181946
decision_type=2 2 2
left_child=-1 -2 -3
right_child=1 2 -4
leaf_value=0.0018829690481564313 -0.0025045956364768548 0.0020903996987298857 -0.00036754368242971648
leaf_weight=160 187 384 1469
leaf_count=160 187 384 1469
internal_value=4.59019e-05 -0.000102433 0.000146074
internal_weight=2200 2040 1853
internal_count=2200 2040 1853
is_linear=0
shrinkage=0.05


Tree=294
num_leaves=5
num_cat=0
split_feature=13 11 5 11
split_gain=0.237423 0.561731 1.81565 1.04581
threshold=-0.39049715076617242 0.48097135861775658 -0.040000000000000015 0.11970340714850503
decision_type=10 2 2 2
left_child=-1 3 -3 -2
right_child=1 2 -4 -5
leaf_value=-0.0013593039857575074 0.0001509683059616407 0.0021723976980685092 -0.0030500533344127992 0.0037782098626650061
leaf_weight=260 1019 277 402 242
leaf_count=260 1019 277 402 242
internal_value=4.48246e-05 0.000236017 -0.000919233 0.000859249
internal_weight=2200 1940 679 1261
internal_count=2200 1940 679 1261
is_linear=0
shrinkage=0.05


Tree=295
num_leaves=6
num_cat=0
split_feature=9 8 8 11 2
split_gain=0.236592 1.08746 0.853278 2.5093 1.4575
threshold=1.1168731139810604 0.62220616919649985 0.56038360944115062 0.94265362242057316 0.069805651684712366
decision_type=2 2 2 2 2
left_child=2 -2 4 -4 -1
right_child=1 -3 3 -5 -6
leaf_value=-0.0031177945513014781 0.0017911679193264606 -0.0038279414270081212 0.00015780947719286185 0.0069101477634178135 0.0024039789688873239
leaf_weight=375 160 176 1168 151 170
leaf_count=375 160 176 1168 151 170
internal_value=4.61285e-05 -0.00116515 0.000267003 0.000953998 -0.00138921
internal_weight=2200 336 1864 1319 545
internal_count=2200 336 1864 1319 545
is_linear=0
shrinkage=0.05


Tree=296
num_leaves=5
num_cat=0
split_feature=11 12 11 11
split_gain=0.254458 1.09231 0.852745 0.956209
threshold=0.88697872613715656 1.0000000180025095e-35 0.75898570779817554 0.58436769656310694
decision_type=2 2 2 2
left_child=2 -2 3 -1
right_child=1 -3 -4 -5
leaf_value=0.00034721027836458738 0.0015500237953010433 -0.0040051392913828124 0.0037344094065155128 -0.0035640678068772818
leaf_weight=1528 176 169 158 169
leaf_count=1528 176 169 158 169
internal_value=4.73897e-05 -0.00118954 0.000280018 -5.16301e-05
internal_weight=2200 345 1855 1697
internal_count=2200 345 1855 1697
is_linear=0
shrinkage=0.05


Tree=297
num_leaves=4
num_cat=0
split_feature=7 6 3
split_gain=0.242706 0.540841 0.899037
threshold=0.85339098563387428 7.2267200651451509 1.5161219309734515
decision_type=2 2 2
left_child=1 2 -1
right_child=-2 -3 -4
leaf_value=0.00055823794517881505 0.0014532714367292221 -0.0022347646051389686 -0.0033818610392336267
leaf_weight=1518 264 263 155
leaf_count=1518 264 263 155
internal_value=4.58557e-05 -0.000149314 0.000184207
internal_weight=2200 1936 1673
internal_count=2200 1936 1673
is_linear=0
shrinkage=0.05


Tree=298
num_leaves=6
num_cat=0
split_feature=11 4 4 4 8
split_gain=0.241218 1.11374 0.712424 1.40767 1.28012
threshold=0.86051804992096748 0.02046338192968113 0.021794494717703353 0.027824613072817198 0.52096244821466375
decision_type=2 2 2 2 2
left_child=2 -2 4 -4 -1
right_child=1 -3 3 -5 -6
leaf_value=0.0053123558983855053 -0.0043227035078497109 0.0011116839509378088 -0.0041618318767278756 0.00036543689692321909 0.00036818148734732306
leaf_weight=162 153 230 211 834 610
leaf_count=162 153 230 211 834 610
internal_value=4.51245e-05 -0.00108696 0.000286082 -0.000564147 0.0014332
internal_weight=2200 383 1817 1045 772
internal_count=2200 383 1817 1045 772
is_linear=0
shrinkage=0.05


Tree=299
num_leaves=5
num_cat=0
split_feature=9 8 2 8
split_gain=0.230908 0.997499 0.85441 1.73313
threshold=1.1168731139810604 0.62220616919649985 0.11134203429696242 0.5553469457541983
decision_type=2 2 2 2
left_child=2 -2 3 -1
right_child=1 -3 -4 -5
leaf_value=-0.0019421283467189348 0.001679495190072692 -0.003702611326483125 -0.0028361800346692004 0.0016317075606670586
leaf_weight=467 160 176 194 1203
leaf_count=467 160 176 194 1203
internal_value=4.39739e-05 -0.00115266 0.000262182 0.000629503
internal_weight=2200 336 1864 1670
internal_count=2200 336 1864 1670
is_linear=0
shrinkage=0.05


end of trees

feature_importances:
Column_0=182
Column_8=161
Column_13=131
Column_2=114
Column_7=112
Column_11=110
Column_3=105
Column_6=104
Column_4=102
Column_5=76
Column_9=65
Column_1=42
Column_12=40
Column_10=9

parameters:
[boosting: gbdt]
[objective: huber]
[metric: huber]
[tree_learner: serial]
[device_type: cpu]
[data_sample_strategy: bagging]
[data: ]
[valid: ]
[num_iterations: 300]
[learning_rate: 0.05]
[num_leaves: 7]
[num_threads: 4]
[seed: 0]
[deterministic: 0]
[force_col_wise: 0]
[force_row_wise: 0]
[histogram_pool_size: -1]
[max_depth: 3]
[min_data_in_leaf: 150]
[min_sum_hessian_in_leaf: 0.001]
[bagging_fraction: 0.9]
[pos_bagging_fraction: 1]
[neg_bagging_fraction: 1]
[bagging_freq: 0]
[bagging_seed: 7719]
[bagging_by_query: 0]
[feature_fraction: 0.9]
[feature_fraction_bynode: 1]
[feature_fraction_seed: 2437]
[extra_trees: 0]
[extra_seed: 11797]
[early_stopping_round: 0]
[early_stopping_min_delta: 0]
[first_metric_only: 0]
[max_delta_step: 0]
[lambda_l1: 0]
[lambda_l2: 5]
[linear_lambda: 0]
[min_gain_to_split: 0]
[drop_rate: 0.1]
[max_drop: 50]
[skip_drop: 0.5]
[xgboost_dart_mode: 0]
[uniform_drop: 0]
[drop_seed: 21238]
[top_rate: 0.2]
[other_rate: 0.1]
[min_data_per_group: 100]
[max_cat_threshold: 32]
[cat_l2: 10]
[cat_smooth: 10]
[max_cat_to_onehot: 4]
[top_k: 20]
[monotone_constraints: ]
[monotone_constraints_method: basic]
[monotone_penalty: 0]
[feature_contri: ]
[forcedsplits_filename: ]
[refit_decay_rate: 0.9]
[cegb_tradeoff: 1]
[cegb_penalty_split: 0]
[cegb_penalty_feature_lazy: ]
[cegb_penalty_feature_coupled: ]
[path_smooth: 0]
[interaction_constraints: ]
[verbosity: -1]
[saved_feature_importance_type: 0]
[use_quantized_grad: 0]
[num_grad_quant_bins: 4]
[quant_train_renew_leaf: 0]
[stochastic_rounding: 1]
[linear_tree: 0]
[max_bin: 255]
[max_bin_by_feature: ]
[min_data_in_bin: 3]
[bin_construct_sample_cnt: 200000]
[data_random_seed: 38]
[is_enable_sparse: 1]
[enable_bundle: 1]
[use_missing: 1]
[zero_as_missing: 0]
[feature_pre_filter: 1]
[pre_partition: 0]
[two_round: 0]
[header: 0]
[label_column: ]
[weight_column: ]
[group_column: ]
[ignore_column: ]
[categorical_feature: ]
[forcedbins_filename: ]
[precise_float_parser: 0]
[parser_config_file: ]
[objective_seed: 8855]
[num_class: 1]
[is_unbalance: 0]
[scale_pos_weight: 1]
[sigmoid: 1]
[boost_from_average: 1]
[reg_sqrt: 0]
[alpha: 1]
[fair_c: 1]
[poisson_max_delta_step: 0.7]
[tweedie_variance_power: 1.5]
[lambdarank_truncation_level: 30]
[lambdarank_norm: 1]
[label_gain: ]
[lambdarank_position_bias_regularization: 0]
[eval_at: ]
[multi_error_top_k: 1]
[auc_mu_weights: ]
[num_machines: 1]
[local_listen_port: 12400]
[time_out: 120]
[machine_list_filename: ]
[machines: ]
[gpu_platform_id: -1]
[gpu_device_id: -1]
[gpu_use_dp: 0]
[num_gpu: 1]

end of parameters

pandas_categorical:null
