strategy,contract_id,decision_horizon,nominal_horizon,entry_time,direction,all_in_cost,diverge,predicted_diverge_prob,hold_return,emergency_full_loss_return,expected_return_at_entry,would_emergency_exit_if_current_logic
single_5m_hold,KXBTC15M-26MAY172130-30,5m,5m,2026-05-18 01:25:00.695000+00:00,K+NP,0.9599045300000001,0,0.044301743765178016,0.04009546999999991,0.04009546999999991,-0.004206273765178105,False
single_5m_hold,KXBTC15M-26MAY172200-00,5m,5m,2026-05-18 01:58:34.361000+00:00,NK+P,0.8488597199999999,0,0.046086808764670875,0.15114028000000013,-0.8488597199999999,0.10505347123532925,True
single_5m_hold,KXBTC15M-26MAY172215-15,5m,5m,2026-05-18 02:10:31.621000+00:00,K+NP,0.9311769999999999,0,0.013678015103574685,0.06882300000000008,0.06882300000000008,0.05514498489642539,False
single_5m_hold,KXBTC15M-26MAY180715-15,5m,5m,2026-05-18 11:10:06.865000+00:00,K+NP,0.969452,0,0.017162347988202528,0.03054800000000002,-0.969452,0.013385652011797491,True
single_5m_hold,KXBTC15M-26MAY190000-00,5m,5m,2026-05-19 03:55:04.179000+00:00,NK+P,0.964852,0,0.04283907176173265,0.03514799999999996,0.03514799999999996,-0.0076910717617326915,False
single_5m_hold,KXBTC15M-26MAY190445-45,5m,5m,2026-05-19 08:40:28.554000+00:00,NK+P,0.96529372,0,0.0252934071457482,0.03470627999999998,0.03470627999999998,0.00941287285425178,False
single_5m_hold,KXBTC15M-26MAY201000-00,5m,5m,2026-05-20 13:55:00.785000+00:00,NK+P,0.91448533,0,0.024163607857778678,0.08551467000000001,0.08551467000000001,0.06135106214222134,False
single_5m_hold,KXBTC15M-26MAY201815-15,5m,5m,2026-05-20 22:13:12.414000+00:00,K+NP,0.52463472,0,0.03946005092616224,0.47536528,0.47536528,0.4359052290738378,False
single_5m_hold,KXBTC15M-26MAY201845-45,5m,5m,2026-05-20 22:40:15.568000+00:00,NK+P,0.9579880000000001,0,0.04782877213298193,0.04201199999999994,-0.9579880000000001,-0.005816772132981991,True
single_5m_hold,KXBTC15M-26MAY210600-00,5m,5m,2026-05-21 09:55:01.120000+00:00,NK+P,0.9498230000000001,0,0.0490291198777685,0.050176999999999916,-0.9498230000000001,0.0011478801222314164,True
single_5m_hold,KXBTC15M-26MAY211200-00,5m,5m,2026-05-21 15:55:05.959000+00:00,NK+P,0.952993,0,0.020952923287098732,0.04700700000000002,-0.952993,0.02605407671290129,True
single_5m_hold,KXBTC15M-26MAY220130-30,5m,5m,2026-05-22 05:25:00.867000+00:00,K+NP,0.53920625,0,0.0039133644470669355,0.46079375,0.46079375,0.4568803855529331,False
single_5m_hold,KXBTC15M-26MAY221145-45,5m,5m,2026-05-22 15:40:02.554000+00:00,NK+P,0.9697700800000001,0,0.03112373641541456,0.03022991999999991,0.03022991999999991,-0.0008938164154146493,False
single_5m_hold,KXBTC15M-26MAY221515-15,5m,5m,2026-05-22 19:10:00.393000+00:00,K+NP,0.50489413,0,0.003676558997779263,0.49510586999999995,0.49510586999999995,0.4914293110022207,False
single_5m_hold,KXBTC15M-26MAY230315-15,5m,5m,2026-05-23 07:10:24.527000+00:00,K+NP,0.934548,0,0.048363826045279064,0.06545199999999995,0.06545199999999995,0.01708817395472089,False
single_5m_hold,KXBTC15M-26MAY231430-30,5m,5m,2026-05-23 18:27:12.259000+00:00,K+NP,0.9699929200000001,0,0.025081459011220525,0.030007079999999853,-0.9699929200000001,0.004925620988779328,True
single_5m_hold,KXBTC15M-26MAY231715-15,5m,5m,2026-05-23 21:10:28.671000+00:00,NK+P,0.9634249999999999,0,0.042651384338724715,0.036575000000000135,0.036575000000000135,-0.00607638433872458,False
single_5m_hold,KXBTC15M-26MAY241300-00,5m,5m,2026-05-24 16:56:24.269000+00:00,NK+P,0.64914157,0,0.04192480822153607,0.35085843000000005,0.35085843000000005,0.308933621778464,False
single_5m_hold,KXBTC15M-26MAY250245-45,5m,5m,2026-05-25 06:40:40.514000+00:00,NK+P,0.64807248,0,0.025456409638063185,0.35192752000000005,0.35192752000000005,0.3264711103619369,False
single_5m_hold,KXBTC15M-26MAY251215-15,5m,5m,2026-05-25 16:10:22.099000+00:00,K+NP,0.96056272,0,0.04728273159999223,0.03943728000000002,0.03943728000000002,-0.007845451599992212,False
single_5m_hold,KXBTC15M-26MAY252345-45,5m,5m,2026-05-26 03:41:52.041000+00:00,NK+P,0.96734128,0,0.04207010747760914,0.03265872000000003,0.03265872000000003,-0.009411387477609112,False
single_5m_hold,KXBTC15M-26MAY261830-30,5m,5m,2026-05-26 22:25:00.753000+00:00,K+NP,0.8281280000000001,0,0.04030688155314667,0.1718719999999999,-0.8281280000000001,0.13156511844685326,True
single_5m_hold,KXBTC15M-26MAY261900-00,5m,5m,2026-05-26 22:55:50.894000+00:00,K+NP,0.9673863300000001,0,0.04450348245268683,0.03261366999999993,0.03261366999999993,-0.011889812452686901,False
single_5m_hold,KXBTC15M-26MAY270915-15,5m,5m,2026-05-27 13:11:39.215000+00:00,K+NP,0.58653388,0,0.02640874355823095,0.41346612000000005,0.41346612000000005,0.3870573764417691,False
single_5m_hold,KXBTC15M-26MAY271315-15,5m,5m,2026-05-27 17:11:54.277000+00:00,K+NP,0.5167788799999999,0,0.03177402505535996,0.48322112000000006,0.48322112000000006,0.4514470949446401,False
single_5m_hold,KXBTC15M-26MAY271615-15,5m,5m,2026-05-27 20:10:01.243000+00:00,NK+P,0.62938157,0,0.04373326753996348,0.37061843000000005,0.37061843000000005,0.32688516246003657,False
single_5m_hold,KXBTC15M-26MAY280045-45,5m,5m,2026-05-28 04:42:01.519000+00:00,NK+P,0.55207933,0,0.02488176600580092,0.44792067,0.44792067,0.4230389039941991,False
single_5m_hold,KXBTC15M-26MAY280545-45,5m,5m,2026-05-28 09:40:01.465000+00:00,NK+P,0.945917,0,0.040145797846585535,0.05408299999999999,0.05408299999999999,0.013937202153414457,False
single_5m_hold,KXBTC15M-26MAY281015-15,5m,5m,2026-05-28 14:10:01.104000+00:00,K+NP,0.9672549699999999,1,0.024667727457591222,-0.9672549699999999,-0.9672549699999999,0.008077302542408842,False
single_5m_hold,KXBTC15M-26MAY281100-00,5m,5m,2026-05-28 14:57:32.338000+00:00,NK+P,0.5463781700000001,0,0.04449143343729051,0.4536218299999999,0.4536218299999999,0.4091303965627094,False
single_5m_hold,KXBTC15M-26MAY281215-15,5m,5m,2026-05-28 16:10:39.600000+00:00,NK+P,0.959743,0,0.04773189997170761,0.04025699999999999,-0.959743,-0.007474899971707624,True
single_5m_hold,KXBTC15M-26MAY281515-15,5m,5m,2026-05-28 19:10:07.055000+00:00,K+NP,0.84448208,0,0.045932331767731864,0.15551791999999998,0.15551791999999998,0.1095855882322681,False
single_5m_hold,KXBTC15M-26MAY281630-30,5m,5m,2026-05-28 20:25:06.655000+00:00,NK+P,0.9503570800000001,0,0.03741393542769721,0.049642919999999924,0.049642919999999924,0.01222898457230271,False
single_5m_hold,KXBTC15M-26MAY281945-45,5m,5m,2026-05-28 23:40:17.741000+00:00,K+NP,0.53746128,0,0.04650307499217402,0.46253871999999996,0.46253871999999996,0.4160356450078259,False
single_5m_hold,KXBTC15M-26MAY282115-15,5m,5m,2026-05-29 01:10:00.772000+00:00,NK+P,0.7309880000000001,0,0.015532156517185314,0.2690119999999999,0.2690119999999999,0.2534798434828146,False
single_5m_hold,KXBTC15M-26MAY290330-30,5m,5m,2026-05-29 07:25:36.059000+00:00,K+NP,0.960148,0,0.044081514688608665,0.039852,0.039852,-0.004229514688608667,False
single_5m_hold,KXBTC15M-26MAY290600-00,5m,5m,2026-05-29 09:55:07.329000+00:00,K+NP,0.56169232,0,0.012977323126820442,0.43830768,0.43830768,0.42533035687317955,False
single_5m_hold,KXBTC15M-26MAY290615-15,5m,5m,2026-05-29 10:10:04.523000+00:00,K+NP,0.9684479999999999,0,0.044440771700787585,0.031552000000000135,0.031552000000000135,-0.01288877170078745,False
single_5m_hold,KXBTC15M-26MAY290930-30,5m,5m,2026-05-29 13:25:00.223000+00:00,K+NP,0.55944448,0,0.048661732676837925,0.44055552,0.44055552,0.39189378732316205,False
single_5m_hold,KXBTC15M-26MAY291030-30,5m,5m,2026-05-29 14:25:00.396000+00:00,K+NP,0.51425653,0,0.0017010302426994964,0.48574346999999996,0.48574346999999996,0.48404243975730044,False
single_3m_hold,KXBTC15M-26MAY170030-30,3m,3m,2026-05-17 04:27:23.062000+00:00,NK+P,0.7309880000000001,0,0.04498342286629008,0.2690119999999999,0.2690119999999999,0.22402857713370983,False
single_3m_hold,KXBTC15M-26MAY171015-15,3m,3m,2026-05-17 14:12:03.278000+00:00,K+NP,0.6095815699999999,0,0.07632760602631675,0.3904184300000001,0.3904184300000001,0.3140908239736834,False
single_3m_hold,KXBTC15M-26MAY171145-45,3m,3m,2026-05-17 15:42:34.404000+00:00,K+NP,0.806617,0,0.07543060623452034,0.19338299999999997,-0.806617,0.11795239376547963,True
single_3m_hold,KXBTC15M-26MAY172100-00,3m,3m,2026-05-18 00:59:05.325000+00:00,NK+P,0.49568936999999996,0,0.07624352075594375,0.50431063,-0.49568936999999996,0.4280671092440562,True
single_3m_hold,KXBTC15M-26MAY172130-30,3m,3m,2026-05-18 01:28:00.585000+00:00,K+NP,0.67099933,0,0.059687988477100544,0.32900067,0.32900067,0.26931268152289944,False
single_3m_hold,KXBTC15M-26MAY172215-15,3m,3m,2026-05-18 02:12:34.861000+00:00,NK+P,0.94932877,0,0.07736167999393499,0.050671229999999956,0.050671229999999956,-0.026690449993935036,False
single_3m_hold,KXBTC15M-26MAY172230-30,3m,3m,2026-05-18 02:29:46.465000+00:00,K+NP,0.7517597199999999,0,0.06320029696171525,0.2482402800000001,0.2482402800000001,0.18503998303828484,False
single_3m_hold,KXBTC15M-26MAY172300-00,3m,3m,2026-05-18 02:57:31.925000+00:00,K+NP,0.96739297,0,0.0707128636844444,0.03260702999999998,0.03260702999999998,-0.03810583368444442,False
single_3m_hold,KXBTC15M-26MAY180230-30,3m,3m,2026-05-18 06:27:13.271000+00:00,K+NP,0.88098628,0,0.05481766746441591,0.11901371999999999,0.11901371999999999,0.06419605253558408,False
single_3m_hold,KXBTC15M-26MAY180515-15,3m,3m,2026-05-18 09:12:00.542000+00:00,K+NP,0.8820724799999999,0,0.0393882820574036,0.11792752000000006,0.11792752000000006,0.07853923794259646,False
single_3m_hold,KXBTC15M-26MAY181030-30,3m,3m,2026-05-18 14:28:18.056000+00:00,NK+P,0.96202717,0,0.06882770788841448,0.03797282999999996,-0.96202717,-0.030854877888414525,True
single_3m_hold,KXBTC15M-26MAY181430-30,3m,3m,2026-05-18 18:27:00.783000+00:00,K+NP,0.7049738799999999,0,0.0282182106663742,0.29502612000000006,0.29502612000000006,0.26680790933362586,False
single_3m_hold,KXBTC15M-26MAY181845-45,3m,3m,2026-05-18 22:42:01.910000+00:00,K+NP,0.938605,0,0.06970404820941917,0.06139499999999998,0.06139499999999998,-0.00830904820941919,False
single_3m_hold,KXBTC15M-26MAY190315-15,3m,3m,2026-05-19 07:13:26.833000+00:00,NK+P,0.52066477,0,0.06489679983612846,0.47933523,-0.52066477,0.41443843016387155,True
single_3m_hold,KXBTC15M-26MAY190445-45,3m,3m,2026-05-19 08:42:01.294000+00:00,NK+P,0.70050433,0,0.048325288615256166,0.29949567,0.29949567,0.25117038138474385,False
single_3m_hold,KXBTC15M-26MAY190930-30,3m,3m,2026-05-19 13:27:01.522000+00:00,K+NP,0.67335972,0,0.034031084132672834,0.32664028,0.32664028,0.29260919586732714,False
single_3m_hold,KXBTC15M-26MAY191845-45,3m,3m,2026-05-19 22:42:02.863000+00:00,NK+P,0.8111249200000001,0,0.048496663610844766,0.18887507999999986,0.18887507999999986,0.1403784163891551,False
single_3m_hold,KXBTC15M-26MAY191930-30,3m,3m,2026-05-19 23:28:32.167000+00:00,NK+P,0.81013972,0,0.04339413657926989,0.18986028,0.18986028,0.1464661434207301,False
single_3m_hold,KXBTC15M-26MAY200015-15,3m,3m,2026-05-20 04:13:21.506000+00:00,NK+P,0.92371933,0,0.0605905153448567,0.07628067000000005,0.07628067000000005,0.015690154655143347,False
single_3m_hold,KXBTC15M-26MAY200500-00,3m,3m,2026-05-20 08:57:47.504000+00:00,K+NP,0.84341425,0,0.07799015540569648,0.15658574999999997,0.15658574999999997,0.07859559459430349,False
single_3m_hold,KXBTC15M-26MAY200900-00,3m,3m,2026-05-20 12:57:00.098000+00:00,NK+P,0.82411248,0,0.038768608260783405,0.17588751999999996,0.17588751999999996,0.13711891173921656,False
single_3m_hold,KXBTC15M-26MAY201000-00,3m,3m,2026-05-20 13:57:00.682000+00:00,NK+P,0.8175479999999999,0,0.0665520299612893,0.18245200000000006,0.18245200000000006,0.11589997003871076,False
single_3m_hold,KXBTC15M-26MAY201545-45,3m,3m,2026-05-20 19:42:00.982000+00:00,NK+P,0.9503570800000001,0,0.06528475323933115,0.049642919999999924,-0.9503570800000001,-0.01564183323933123,True
single_3m_hold,KXBTC15M-26MAY201815-15,3m,3m,2026-05-20 22:13:12.414000+00:00,K+NP,0.52463472,0,0.05760946323011882,0.47536528,0.47536528,0.41775581676988116,False
single_3m_hold,KXBTC15M-26MAY210115-15,3m,3m,2026-05-21 05:12:07.047000+00:00,K+NP,0.9672549699999999,0,0.04996956263600574,0.032745030000000064,0.032745030000000064,-0.01722453263600568,False
single_3m_hold,KXBTC15M-26MAY211130-30,3m,3m,2026-05-21 15:28:20.955000+00:00,NK+P,0.52998157,0,0.07452779408555009,0.47001843,0.47001843,0.3954906359144499,False
single_3m_hold,KXBTC15M-26MAY211145-45,3m,3m,2026-05-21 15:42:02.509000+00:00,K+NP,0.929497,0,0.07156215847656366,0.07050299999999998,-0.929497,-0.001059158476563682,True
single_3m_hold,KXBTC15M-26MAY211315-15,3m,3m,2026-05-21 17:12:00.616000+00:00,NK+P,0.7322197199999999,0,0.02928268719725217,0.2677802800000001,0.2677802800000001,0.23849759280274793,False
single_3m_hold,KXBTC15M-26MAY211545-45,3m,3m,2026-05-21 19:43:39.986000+00:00,NK+P,0.7081815699999999,0,0.03815331171056406,0.2918184300000001,-0.7081815699999999,0.253665118289436,True
single_3m_hold,KXBTC15M-26MAY211600-00,3m,3m,2026-05-21 19:57:20.270000+00:00,NK+P,0.7265342499999999,0,0.04795215742855258,0.27346575000000006,0.27346575000000006,0.22551359257144749,False
single_3m_hold,KXBTC15M-26MAY212015-15,3m,3m,2026-05-22 00:12:00.494000+00:00,K+NP,0.8327282500000001,0,0.028327284883771855,0.16727174999999994,0.16727174999999994,0.1389444651162281,False
single_3m_hold,KXBTC15M-26MAY220045-45,3m,3m,2026-05-22 04:42:00.097000+00:00,K+NP,0.55207933,0,0.033825967210372926,0.44792067,0.44792067,0.4140947027896271,False
single_3m_hold,KXBTC15M-26MAY220130-30,3m,3m,2026-05-22 05:27:02.813000+00:00,K+NP,0.523193,0,0.0313118601538415,0.476807,0.476807,0.44549513984615846,False
single_3m_hold,KXBTC15M-26MAY220400-00,3m,3m,2026-05-22 07:58:17.861000+00:00,K+NP,0.5199865699999999,0,0.06610487427793896,0.4800134300000001,0.4800134300000001,0.4139085557220611,False
single_3m_hold,KXBTC15M-26MAY220930-30,3m,3m,2026-05-22 13:27:00.464000+00:00,K+NP,0.43171933,0,0.03348044531462631,0.56828067,0.56828067,0.5348002246853737,False
single_3m_hold,KXBTC15M-26MAY221145-45,3m,3m,2026-05-22 15:42:01.898000+00:00,K+NP,0.5199865699999999,0,0.036199274961180944,0.4800134300000001,0.4800134300000001,0.44381415503881916,False
single_3m_hold,KXBTC15M-26MAY221300-00,3m,3m,2026-05-22 16:58:46.487000+00:00,NK+P,0.7809947199999999,0,0.0643858019162039,0.21900528000000008,-0.7809947199999999,0.15461947808379617,True
single_3m_hold,KXBTC15M-26MAY221515-15,3m,3m,2026-05-22 19:12:00.411000+00:00,K+NP,0.50489413,0,0.05151493600026082,0.49510586999999995,0.49510586999999995,0.44359093399973915,False
single_3m_hold,KXBTC15M-26MAY221830-30,3m,3m,2026-05-22 22:27:00.169000+00:00,K+NP,0.50891248,0,0.056964929416718414,0.49108752,0.49108752,0.43412259058328156,False
single_3m_hold,KXBTC15M-26MAY222115-15,3m,3m,2026-05-23 01:12:03.560000+00:00,K+NP,0.9696182499999999,0,0.01866217590001514,0.030381750000000096,0.030381750000000096,0.011719574099984958,False
single_3m_hold,KXBTC15M-26MAY230045-45,3m,3m,2026-05-23 04:42:22.550000+00:00,K+NP,0.574492,0,0.06330115599397697,0.425508,0.425508,0.36220684400602304,False
single_3m_hold,KXBTC15M-26MAY230315-15,3m,3m,2026-05-23 07:13:29.327000+00:00,K+NP,0.96840925,0,0.06851054907764084,0.03159075,0.03159075,-0.03691979907764084,False
single_3m_hold,KXBTC15M-26MAY230330-30,3m,3m,2026-05-23 07:27:00.739000+00:00,K+NP,0.87350657,0,0.05428837655579213,0.12649343000000002,0.12649343000000002,0.07220505344420788,False
single_3m_hold,KXBTC15M-26MAY230700-00,3m,3m,2026-05-23 10:58:26.654000+00:00,K+NP,0.59081052,0,0.0629900802034389,0.40918948,0.40918948,0.3461993997965611,False
single_3m_hold,KXBTC15M-26MAY230815-15,3m,3m,2026-05-23 12:12:11.281000+00:00,K+NP,0.523193,0,0.06770982654678555,0.476807,0.476807,0.40909717345321445,False
single_3m_hold,KXBTC15M-26MAY230915-15,3m,3m,2026-05-23 13:13:06.015000+00:00,NK+P,0.5278432500000001,0,0.019995057181778932,0.4721567499999999,0.4721567499999999,0.452161692818221,False
single_3m_hold,KXBTC15M-26MAY231045-45,3m,3m,2026-05-23 14:43:02.509000+00:00,NK+P,0.45552937,0,0.07032064268060174,0.54447063,0.54447063,0.4741499873193982,False
single_3m_hold,KXBTC15M-26MAY231515-15,3m,3m,2026-05-23 19:12:35.020000+00:00,K+NP,0.9482200000000001,0,0.07593184264922337,0.05177999999999994,-0.9482200000000001,-0.02415184264922343,True
single_3m_hold,KXBTC15M-26MAY231530-30,3m,3m,2026-05-23 19:27:00.405000+00:00,NK+P,0.523193,0,0.027611301805291474,0.476807,0.476807,0.4491956981947085,False
single_3m_hold,KXBTC15M-26MAY231715-15,3m,3m,2026-05-23 21:12:09.375000+00:00,K+NP,0.5826797300000001,0,0.0633174141266138,0.41732026999999994,0.41732026999999994,0.35400285587338615,False
single_3m_hold,KXBTC15M-26MAY231930-30,3m,3m,2026-05-23 23:27:00.829000+00:00,K+NP,0.9682151699999999,0,0.07489408500063256,0.0317848300000001,-0.9682151699999999,-0.043109255000632465,True
single_3m_hold,KXBTC15M-26MAY232115-15,3m,3m,2026-05-24 01:12:28.193000+00:00,K+NP,0.9579880000000001,0,0.07177259126446459,0.04201199999999994,-0.9579880000000001,-0.029760591264464648,True
single_3m_hold,KXBTC15M-26MAY232215-15,3m,3m,2026-05-24 02:13:01.629000+00:00,NK+P,0.966925,0,0.0782260323260318,0.033074999999999966,-0.966925,-0.045151032326031834,True
single_3m_hold,KXBTC15M-26MAY240315-15,3m,3m,2026-05-24 07:12:02.610000+00:00,K+NP,0.5816123200000001,0,0.05081196349018696,0.41838767999999993,0.41838767999999993,0.36757571650981297,False
single_3m_hold,KXBTC15M-26MAY241030-30,3m,3m,2026-05-24 14:28:16.148000+00:00,NK+P,0.826012,0,0.07742025731910908,0.17398800000000003,0.17398800000000003,0.09656774268089095,False
single_3m_hold,KXBTC15M-26MAY241300-00,3m,3m,2026-05-24 16:57:00.312000+00:00,NK+P,0.6437947199999999,0,0.034311169522597565,0.35620528000000007,0.35620528000000007,0.3218941104774025,False
single_3m_hold,KXBTC15M-26MAY241615-15,3m,3m,2026-05-24 20:14:04.470000+00:00,K+NP,0.92581972,0,0.06457056636223872,0.07418027999999999,0.07418027999999999,0.009609713637761266,False
single_3m_hold,KXBTC15M-26MAY250245-45,3m,3m,2026-05-25 06:42:00.407000+00:00,NK+P,0.6437947199999999,0,0.07084080302345838,0.35620528000000007,0.35620528000000007,0.28536447697654166,False
single_3m_hold,KXBTC15M-26MAY250315-15,3m,3m,2026-05-25 07:13:24.991000+00:00,K+NP,0.37740925000000003,0,0.07723510535649308,0.62259075,0.62259075,0.5453556446435068,False
single_3m_hold,KXBTC15M-26MAY250730-30,3m,3m,2026-05-25 11:27:31.967000+00:00,K+NP,0.9663680000000001,0,0.07720494498893488,0.033631999999999884,-0.9663680000000001,-0.04357294498893499,True
single_3m_hold,KXBTC15M-26MAY250945-45,3m,3m,2026-05-25 13:42:00.095000+00:00,K+NP,0.816913,1,0.06802926106368944,-0.816913,-0.816913,0.11505773893631056,True
single_3m_hold,KXBTC15M-26MAY251215-15,3m,3m,2026-05-25 16:12:01.027000+00:00,K+NP,0.92114813,0,0.06399263203622346,0.07885187000000005,0.07885187000000005,0.014859237963776584,False
single_3m_hold,KXBTC15M-26MAY251500-00,3m,3m,2026-05-25 18:57:55.361000+00:00,K+NP,0.48204433,0,0.07559205178326235,0.51795567,0.51795567,0.44236361821673764,False
single_3m_hold,KXBTC15M-26MAY251845-45,3m,3m,2026-05-25 22:42:11.694000+00:00,K+NP,0.50998157,0,0.056115115844355565,0.49001843,0.49001843,0.4339033141556444,False
single_3m_hold,KXBTC15M-26MAY251945-45,3m,3m,2026-05-25 23:42:29.911000+00:00,NK+P,0.5199865699999999,0,0.07440131208353522,0.4800134300000001,0.4800134300000001,0.40561211791646484,False
single_3m_hold,KXBTC15M-26MAY252015-15,3m,3m,2026-05-26 00:13:04.118000+00:00,K+NP,0.8852793299999999,0,0.06730151970018333,0.11472067000000008,0.11472067000000008,0.04741915029981675,False
single_3m_hold,KXBTC15M-26MAY252345-45,3m,3m,2026-05-26 03:42:00.085000+00:00,NK+P,0.96840925,0,0.07610596564453982,0.03159075,0.03159075,-0.04451521564453982,False
single_3m_hold,KXBTC15M-26MAY260045-45,3m,3m,2026-05-26 04:42:02.120000+00:00,NK+P,0.8469329999999999,0,0.07863996024566541,0.15306700000000006,-0.8469329999999999,0.07442703975433465,True
single_3m_hold,KXBTC15M-26MAY260515-15,3m,3m,2026-05-26 09:12:00.350000+00:00,K+NP,0.93051137,0,0.07186908796288592,0.06948863000000005,-0.93051137,-0.0023804579628858707,True
single_3m_hold,KXBTC15M-26MAY260630-30,3m,3m,2026-05-26 10:27:01.654000+00:00,NK+P,0.53568937,0,0.06718325135364472,0.46431062999999995,0.46431062999999995,0.3971273786463552,False
single_3m_hold,KXBTC15M-26MAY260715-15,3m,3m,2026-05-26 11:12:41.632000+00:00,K+NP,0.55990657,0,0.05859552878341883,0.44009343,0.44009343,0.38149790121658117,False
single_3m_hold,KXBTC15M-26MAY261100-00,3m,3m,2026-05-26 14:58:42.377000+00:00,NK+P,0.52998157,0,0.06575265153134491,0.47001843,0.47001843,0.4042657784686551,False
single_3m_hold,KXBTC15M-26MAY261145-45,3m,3m,2026-05-26 15:42:18.295000+00:00,K+NP,0.95997557,0,0.03994604433092794,0.04002443,0.04002443,7.83856690720619e-05,False
single_3m_hold,KXBTC15M-26MAY261215-15,3m,3m,2026-05-26 16:13:06.998000+00:00,K+NP,0.57445972,0,0.06462691480474773,0.42554028,0.42554028,0.36091336519525224,False
single_3m_hold,KXBTC15M-26MAY261345-45,3m,3m,2026-05-26 17:42:03.567000+00:00,K+NP,0.9482200000000001,0,0.05442477067056685,0.05177999999999994,0.05177999999999994,-0.002644770670566912,False
single_3m_hold,KXBTC15M-26MAY261430-30,3m,3m,2026-05-26 18:27:00.389000+00:00,NK+P,0.55883748,0,0.054883658035555574,0.44116252,0.44116252,0.38627886196444444,False
single_3m_hold,KXBTC15M-26MAY261515-15,3m,3m,2026-05-26 19:12:01.095000+00:00,NK+P,0.9223079999999999,0,0.07846566220784763,0.0776920000000001,-0.9223079999999999,-0.0007736622078475391,True
single_3m_hold,KXBTC15M-26MAY261530-30,3m,3m,2026-05-26 19:27:24.391000+00:00,NK+P,0.9674233200000001,0,0.06601778719614251,0.032576679999999913,0.032576679999999913,-0.0334411071961426,False
single_3m_hold,KXBTC15M-26MAY261545-45,3m,3m,2026-05-26 19:42:39.947000+00:00,NK+P,0.52998157,0,0.0723462033796029,0.47001843,0.47001843,0.3976722266203971,False
single_3m_hold,KXBTC15M-26MAY261615-15,3m,3m,2026-05-26 20:12:00.706000+00:00,NK+P,0.96520492,0,0.06012113385930964,0.03479507999999998,0.03479507999999998,-0.02532605385930966,False
single_3m_hold,KXBTC15M-26MAY261900-00,3m,3m,2026-05-26 22:57:38.883000+00:00,K+NP,0.53211933,0,0.06000536635284033,0.46788067,0.46788067,0.4078753036471597,False
single_3m_hold,KXBTC15M-26MAY262030-30,3m,3m,2026-05-27 00:27:03.598000+00:00,K+NP,0.53675888,0,0.06555047826575497,0.46324111999999995,0.46324111999999995,0.39769064173424495,False
single_3m_hold,KXBTC15M-26MAY262200-00,3m,3m,2026-05-27 01:57:01.974000+00:00,NK+P,0.61399728,1,0.026043472615328068,-0.61399728,-0.61399728,0.35995924738467194,True
single_3m_hold,KXBTC15M-26MAY262215-15,3m,3m,2026-05-27 02:12:00.108000+00:00,K+NP,0.54173232,0,0.050981533120379695,0.45826767999999996,0.45826767999999996,0.4072861468796203,False
single_3m_hold,KXBTC15M-26MAY270130-30,3m,3m,2026-05-27 05:27:21.886000+00:00,NK+P,0.53211933,0,0.07647780141322075,0.46788067,0.46788067,0.39140286858677925,False
single_3m_hold,KXBTC15M-26MAY270330-30,3m,3m,2026-05-27 07:27:54.363000+00:00,NK+P,0.52891248,0,0.0739515189541572,0.47108752,0.47108752,0.3971360010458428,False
single_3m_hold,KXBTC15M-26MAY270515-15,3m,3m,2026-05-27 09:12:01.108000+00:00,K+NP,0.5478032500000001,0,0.053192088515795745,0.4521967499999999,0.4521967499999999,0.39900466148420416,False
single_3m_hold,KXBTC15M-26MAY270530-30,3m,3m,2026-05-27 09:27:35.468000+00:00,NK+P,0.54210433,0,0.07320509092642084,0.45789567,0.45789567,0.3846905790735791,False
single_3m_hold,KXBTC15M-26MAY270615-15,3m,3m,2026-05-27 10:12:00.336000+00:00,K+NP,0.8300414799999999,0,0.07221989236082543,0.1699585200000001,0.1699585200000001,0.09773862763917468,False
single_3m_hold,KXBTC15M-26MAY270915-15,3m,3m,2026-05-27 13:12:01.292000+00:00,K+NP,0.5843947199999999,0,0.05416527251471509,0.4156052800000001,0.4156052800000001,0.361440007485285,False
single_3m_hold,KXBTC15M-26MAY270930-30,3m,3m,2026-05-27 13:27:03.110000+00:00,K+NP,0.45873748000000003,0,0.04443061989320864,0.54126252,0.54126252,0.49683190010679135,False
single_3m_hold,KXBTC15M-26MAY271015-15,3m,3m,2026-05-27 14:13:42.278000+00:00,K+NP,0.95569872,0,0.058023140171693625,0.04430128,-0.95569872,-0.013721860171693627,True
single_3m_hold,KXBTC15M-26MAY271230-30,3m,3m,2026-05-27 16:27:06.736000+00:00,K+NP,0.5784092500000001,0,0.05097159637236684,0.4215907499999999,0.4215907499999999,0.3706191536276331,False
single_3m_hold,KXBTC15M-26MAY271315-15,3m,3m,2026-05-27 17:12:00.413000+00:00,K+NP,0.5189174799999999,0,0.05346590899041597,0.48108252000000007,0.48108252000000007,0.4276166110095841,False
single_3m_hold,KXBTC15M-26MAY271415-15,3m,3m,2026-05-27 18:12:05.627000+00:00,K+NP,0.9644469999999999,0,0.06335778481353499,0.03555300000000006,0.03555300000000006,-0.027804784813534933,False
single_3m_hold,KXBTC15M-26MAY271430-30,3m,3m,2026-05-27 18:27:01.230000+00:00,NK+P,0.84454157,0,0.05985231313968729,0.15545843000000004,0.15545843000000004,0.09560611686031276,False
single_3m_hold,KXBTC15M-26MAY272030-30,3m,3m,2026-05-28 00:27:00.923000+00:00,K+NP,0.7966070000000001,0,0.0525479346260253,0.20339299999999993,0.20339299999999993,0.15084506537397463,False
single_3m_hold,KXBTC15M-26MAY272300-00,3m,3m,2026-05-28 02:58:51.083000+00:00,NK+P,0.963068,0,0.06940234979403909,0.036931999999999965,-0.963068,-0.03247034979403912,True
single_3m_hold,KXBTC15M-26MAY272315-15,3m,3m,2026-05-28 03:14:12.031000+00:00,K+NP,0.96512937,0,0.06231574751413947,0.034870630000000014,0.034870630000000014,-0.027445117514139458,False
single_3m_hold,KXBTC15M-26MAY280015-15,3m,3m,2026-05-28 04:12:01.317000+00:00,K+NP,0.8504630000000001,0,0.07345893800375858,0.14953699999999992,0.14953699999999992,0.07607806199624134,False
single_3m_hold,KXBTC15M-26MAY280045-45,3m,3m,2026-05-28 04:42:01.519000+00:00,NK+P,0.55207933,0,0.07146915143705201,0.44792067,0.44792067,0.376451518562948,False
single_3m_hold,KXBTC15M-26MAY280530-30,3m,3m,2026-05-28 09:27:01.186000+00:00,NK+P,0.53675888,0,0.026723319639253375,0.46324111999999995,0.46324111999999995,0.43651780036074656,False
single_3m_hold,KXBTC15M-26MAY280545-45,3m,3m,2026-05-28 09:42:20.257000+00:00,NK+P,0.42958157,0,0.06971184063783667,0.5704184299999999,0.5704184299999999,0.5007065893621633,False
single_3m_hold,KXBTC15M-26MAY280730-30,3m,3m,2026-05-28 11:27:00.049000+00:00,K+NP,0.9684887700000001,0,0.07311318171181899,0.03151122999999989,0.03151122999999989,-0.0416019517118191,False
single_3m_hold,KXBTC15M-26MAY281015-15,3m,3m,2026-05-28 14:12:01.644000+00:00,K+NP,0.5146397199999999,1,0.024166386206146525,-0.5146397199999999,-0.5146397199999999,0.46119389379385356,False
single_3m_hold,KXBTC15M-26MAY281100-00,3m,3m,2026-05-28 14:57:32.338000+00:00,NK+P,0.5463781700000001,0,0.07591686289668312,0.4536218299999999,0.4536218299999999,0.3777049671033168,False
single_3m_hold,KXBTC15M-26MAY281145-45,3m,3m,2026-05-28 15:42:00.210000+00:00,NK+P,0.939488,0,0.07052435815317695,0.06051200000000001,-0.939488,-0.010012358153176942,True
single_3m_hold,KXBTC15M-26MAY281245-45,3m,3m,2026-05-28 16:42:01.935000+00:00,NK+P,0.68035897,0,0.05865911537134619,0.31964103,0.31964103,0.26098191462865383,False
single_3m_hold,KXBTC15M-26MAY281515-15,3m,3m,2026-05-28 19:12:00.781000+00:00,K+NP,0.83058937,0,0.05361431967455841,0.16941063,0.16941063,0.1157963103254416,False
single_3m_hold,KXBTC15M-26MAY281545-45,3m,3m,2026-05-28 19:42:30.223000+00:00,K+NP,0.49675887999999996,0,0.05534141811133033,0.50324112,0.50324112,0.4478997018886697,False
single_3m_hold,KXBTC15M-26MAY281630-30,3m,3m,2026-05-28 20:27:01.505000+00:00,NK+P,0.93753388,0,0.07727790406459237,0.06246611999999996,0.06246611999999996,-0.01481178406459241,False
single_3m_hold,KXBTC15M-26MAY281745-45,3m,3m,2026-05-28 21:42:02.399000+00:00,NK+P,0.50463472,0,0.03421767093272841,0.49536528,0.49536528,0.4611476090672716,False
single_3m_hold,KXBTC15M-26MAY281945-45,3m,3m,2026-05-28 23:42:00.719000+00:00,K+NP,0.52891248,0,0.0484596339196068,0.47108752,0.47108752,0.4226278860803932,False
single_3m_hold,KXBTC15M-26MAY282000-00,3m,3m,2026-05-28 23:57:18.036000+00:00,NK+P,0.968308,0,0.07866542760440956,0.03169200000000005,0.03169200000000005,-0.04697342760440951,False
single_3m_hold,KXBTC15M-26MAY282100-00,3m,3m,2026-05-29 00:57:00.771000+00:00,K+NP,0.8283880000000001,0,0.035942032928149445,0.17161199999999988,0.17161199999999988,0.13566996707185042,False
single_3m_hold,KXBTC15M-26MAY282115-15,3m,3m,2026-05-29 01:13:36.742000+00:00,NK+P,0.9650136699999999,0,0.029729807293392047,0.034986330000000065,0.034986330000000065,0.005256522706608018,False
single_3m_hold,KXBTC15M-26MAY282130-30,3m,3m,2026-05-29 01:27:00.946000+00:00,K+NP,0.9545147199999999,0,0.05227632729437408,0.04548528000000007,0.04548528000000007,-0.006791047294374006,False
single_3m_hold,KXBTC15M-26MAY282145-45,3m,3m,2026-05-29 01:42:40.180000+00:00,K+NP,0.94816825,0,0.06666642518863959,0.051831749999999954,0.051831749999999954,-0.014834675188639637,False
single_3m_hold,KXBTC15M-26MAY290330-30,3m,3m,2026-05-29 07:29:28.271000+00:00,K+NP,0.5146397199999999,0,0.05920598292858155,0.4853602800000001,0.4853602800000001,0.42615429707141855,False
single_3m_hold,KXBTC15M-26MAY290430-30,3m,3m,2026-05-29 08:27:22.257000+00:00,NK+P,0.503173,0,0.025748621902457438,0.496827,0.496827,0.4710783780975426,False
single_3m_hold,KXBTC15M-26MAY290600-00,3m,3m,2026-05-29 09:57:00.355000+00:00,K+NP,0.54459472,0,0.07171529223075944,0.45540528,0.45540528,0.38368998776924057,False
single_3m_hold,KXBTC15M-26MAY290615-15,3m,3m,2026-05-29 10:12:01.222000+00:00,K+NP,0.91198625,0,0.07340007885389517,0.08801375,0.08801375,0.014613671146104831,False
single_3m_hold,KXBTC15M-26MAY290930-30,3m,3m,2026-05-29 13:27:00.049000+00:00,K+NP,0.5167788799999999,0,0.039965904340338115,0.48322112000000006,0.48322112000000006,0.44325521565966197,False
single_3m_hold,KXBTC15M-26MAY291030-30,3m,3m,2026-05-29 14:27:01.008000+00:00,K+NP,0.50463472,0,0.03373551108280698,0.49536528,0.49536528,0.46162976891719304,False
single_2m_hold,KXBTC15M-26MAY170030-30,2m,2m,2026-05-17 04:28:31.780000+00:00,NK+P,0.72243472,0,0.028460317627702368,0.27756528,0.27756528,0.24910496237229765,False
single_2m_hold,KXBTC15M-26MAY170915-15,2m,2m,2026-05-17 13:13:00.466000+00:00,K+NP,0.6853338800000001,0,0.04986618101497054,0.31466611999999994,0.31466611999999994,0.2647999389850294,False
single_2m_hold,KXBTC15M-26MAY171015-15,2m,2m,2026-05-17 14:13:00.397000+00:00,K+NP,0.60744325,0,0.039892906421049944,0.39255675,0.39255675,0.3526638435789501,False
single_2m_hold,KXBTC15M-26MAY171930-30,2m,2m,2026-05-17 23:28:14.903000+00:00,K+NP,0.9217449999999999,0,0.0705344977763478,0.07825500000000007,-0.9217449999999999,0.007720502223652281,True
single_2m_hold,KXBTC15M-26MAY172100-00,2m,2m,2026-05-18 00:59:05.325000+00:00,NK+P,0.49568936999999996,0,0.009655184697247623,0.50431063,-0.49568936999999996,0.49465544530275235,True
single_2m_hold,KXBTC15M-26MAY172130-30,2m,2m,2026-05-18 01:28:00.585000+00:00,K+NP,0.67099933,0,0.0464524603047725,0.32900067,0.32900067,0.2825482096952275,False
single_2m_hold,KXBTC15M-26MAY172200-00,2m,2m,2026-05-18 01:58:34.361000+00:00,NK+P,0.8488597199999999,0,0.03420030452868893,0.15114028000000013,0.15114028000000013,0.1169399754713112,False
single_2m_hold,KXBTC15M-26MAY172215-15,2m,2m,2026-05-18 02:14:29.699000+00:00,NK+P,0.69301972,0,0.07408154093138311,0.30698028,0.30698028,0.23289873906861688,False
single_2m_hold,KXBTC15M-26MAY172230-30,2m,2m,2026-05-18 02:29:46.465000+00:00,K+NP,0.7517597199999999,0,0.06995329239766383,0.2482402800000001,0.2482402800000001,0.17828698760233624,False
single_2m_hold,KXBTC15M-26MAY180230-30,2m,2m,2026-05-18 06:29:00.790000+00:00,K+NP,0.87029888,0,0.0336802591796207,0.12970112,0.12970112,0.0960208608203793,False
single_2m_hold,KXBTC15M-26MAY180330-30,2m,2m,2026-05-18 07:28:48.386000+00:00,NK+P,0.9693642,0,0.05130743541135555,0.03063579999999999,0.03063579999999999,-0.02067163541135556,False
single_2m_hold,KXBTC15M-26MAY180515-15,2m,2m,2026-05-18 09:13:01.246000+00:00,K+NP,0.8831415699999999,0,0.02562045121273809,0.11685843000000007,0.11685843000000007,0.09123797878726198,False
single_2m_hold,KXBTC15M-26MAY180715-15,2m,2m,2026-05-18 11:13:00.909000+00:00,K+NP,0.8399800000000001,0,0.07097371518053468,0.16001999999999994,-0.8399800000000001,0.08904628481946526,True
single_2m_hold,KXBTC15M-26MAY181430-30,2m,2m,2026-05-18 18:28:06.776000+00:00,K+NP,0.8488597199999999,0,0.004637623906317163,0.15114028000000013,0.15114028000000013,0.14650265609368296,False
single_2m_hold,KXBTC15M-26MAY181845-45,2m,2m,2026-05-18 22:43:07.710000+00:00,K+NP,0.42637388,0,0.022265532235487964,0.57362612,0.57362612,0.551360587764512,False
single_2m_hold,KXBTC15M-26MAY190445-45,2m,2m,2026-05-19 08:43:01.310000+00:00,NK+P,0.69408937,0,0.011021404641989793,0.30591062999999996,0.30591062999999996,0.29488922535801015,False
single_2m_hold,KXBTC15M-26MAY190815-15,2m,2m,2026-05-19 12:13:13.284000+00:00,NK+P,0.63045052,0,0.062211317981581624,0.36954948,0.36954948,0.30733816201841835,False
single_2m_hold,KXBTC15M-26MAY191845-45,2m,2m,2026-05-19 22:43:02.040000+00:00,NK+P,0.8015043700000001,0,0.05530499471177609,0.19849562999999992,0.19849562999999992,0.14319063528822384,False
single_2m_hold,KXBTC15M-26MAY191930-30,2m,2m,2026-05-19 23:28:32.167000+00:00,NK+P,0.81013972,0,0.05121357253817853,0.18986028,0.18986028,0.13864670746182145,False
single_2m_hold,KXBTC15M-26MAY192345-45,2m,2m,2026-05-20 03:43:00.594000+00:00,K+NP,0.652348,0,0.032047219560454705,0.34765199999999996,0.34765199999999996,0.31560478043954526,False
single_2m_hold,KXBTC15M-26MAY200015-15,2m,2m,2026-05-20 04:13:21.506000+00:00,NK+P,0.92371933,0,0.06688285980886484,0.07628067000000005,0.07628067000000005,0.009397810191135211,False
single_2m_hold,KXBTC15M-26MAY200500-00,2m,2m,2026-05-20 08:58:01.329000+00:00,K+NP,0.83593552,0,0.06377142571984408,0.16406447999999996,0.16406447999999996,0.10029305428015588,False
single_2m_hold,KXBTC15M-26MAY200900-00,2m,2m,2026-05-20 12:59:21.981000+00:00,NK+P,0.81983472,0,0.052425137700822,0.18016527999999998,0.18016527999999998,0.127740142299178,False
single_2m_hold,KXBTC15M-26MAY201000-00,2m,2m,2026-05-20 13:58:00.805000+00:00,NK+P,0.953513,0,0.015036941812225023,0.046486999999999945,0.046486999999999945,0.031450058187774924,False
single_2m_hold,KXBTC15M-26MAY201815-15,2m,2m,2026-05-20 22:13:12.414000+00:00,K+NP,0.52463472,0,0.06639302380660153,0.47536528,0.47536528,0.4089722561933985,False
single_2m_hold,KXBTC15M-26MAY202145-45,2m,2m,2026-05-21 01:43:00.502000+00:00,NK+P,0.938605,0,0.04226168376578709,0.06139499999999998,0.06139499999999998,0.01913331623421289,False
single_2m_hold,KXBTC15M-26MAY202330-30,2m,2m,2026-05-21 03:28:00.491000+00:00,NK+P,0.30991933,0,0.009393674005158408,0.69008067,0.69008067,0.6806869959948415,False
single_2m_hold,KXBTC15M-26MAY210115-15,2m,2m,2026-05-21 05:13:00.862000+00:00,K+NP,0.40140433000000003,0,0.015860786184798775,0.5985956699999999,0.5985956699999999,0.5827348838152011,False
single_2m_hold,KXBTC15M-26MAY211130-30,2m,2m,2026-05-21 15:28:20.955000+00:00,NK+P,0.52998157,0,0.060894415964549344,0.47001843,0.47001843,0.4091240140354506,False
single_2m_hold,KXBTC15M-26MAY211300-00,2m,2m,2026-05-21 16:58:00.563000+00:00,NK+P,0.5677232500000001,0,0.0442457071447072,0.4322767499999999,0.4322767499999999,0.38803104285529266,False
single_2m_hold,KXBTC15M-26MAY211315-15,2m,2m,2026-05-21 17:13:00.871000+00:00,NK+P,0.7343588799999999,0,0.004926041667298314,0.26564112000000006,0.26564112000000006,0.26071507833270174,False
single_2m_hold,KXBTC15M-26MAY211800-00,2m,2m,2026-05-21 21:58:15.617000+00:00,K+NP,0.6371282500000001,0,0.06889207055336795,0.36287174999999994,0.36287174999999994,0.293979679446632,False
single_2m_hold,KXBTC15M-26MAY212015-15,2m,2m,2026-05-22 00:13:00.444000+00:00,K+NP,0.82951972,0,0.04969372272751469,0.17048028000000004,0.17048028000000004,0.12078655727248536,False
single_2m_hold,KXBTC15M-26MAY220045-45,2m,2m,2026-05-22 04:43:00.529000+00:00,K+NP,0.54566437,0,0.03361129972547742,0.45433563,0.45433563,0.42072433027452255,False
single_2m_hold,KXBTC15M-26MAY220130-30,2m,2m,2026-05-22 05:28:02.143000+00:00,K+NP,0.5167788799999999,0,0.007443451879592287,0.48322112000000006,0.48322112000000006,0.4757776681204078,False
single_2m_hold,KXBTC15M-26MAY220400-00,2m,2m,2026-05-22 07:58:17.861000+00:00,K+NP,0.5199865699999999,0,0.07379223555562514,0.4800134300000001,0.4800134300000001,0.40622119444437493,False
single_2m_hold,KXBTC15M-26MAY220930-30,2m,2m,2026-05-22 13:28:00.100000+00:00,K+NP,0.42530437,0,0.025489088787343017,0.57469563,0.57469563,0.549206541212657,False
single_2m_hold,KXBTC15M-26MAY221145-45,2m,2m,2026-05-22 15:43:07.633000+00:00,K+NP,0.51784825,0,0.0015782606715555492,0.48215175,0.48215175,0.48057348932844446,False
single_2m_hold,KXBTC15M-26MAY221515-15,2m,2m,2026-05-22 19:13:00.422000+00:00,K+NP,0.48887248,0,0.01496585567329448,0.5111275200000001,0.5111275200000001,0.49616166432670555,False
single_2m_hold,KXBTC15M-26MAY221830-30,2m,2m,2026-05-22 22:28:00.208000+00:00,K+NP,0.50463472,0,0.029319088929785506,0.49536528,0.49536528,0.4660461910702145,False
single_2m_hold,KXBTC15M-26MAY222115-15,2m,2m,2026-05-23 01:13:03.297000+00:00,K+NP,0.96382,0,0.06513049709744537,0.03617999999999999,0.03617999999999999,-0.028950497097445377,False
single_2m_hold,KXBTC15M-26MAY230045-45,2m,2m,2026-05-23 04:43:00.627000+00:00,K+NP,0.8282001200000001,0,0.004355628398030467,0.1717998799999999,0.1717998799999999,0.16744425160196943,False
single_2m_hold,KXBTC15M-26MAY230315-15,2m,2m,2026-05-23 07:13:29.327000+00:00,K+NP,0.96840925,0,0.07830284909173241,0.03159075,0.03159075,-0.046712099091732406,False
single_2m_hold,KXBTC15M-26MAY230330-30,2m,2m,2026-05-23 07:28:00.704000+00:00,K+NP,0.8713682500000001,0,0.05245890783776168,0.12863174999999993,0.12863174999999993,0.07617284216223826,False
single_2m_hold,KXBTC15M-26MAY230700-00,2m,2m,2026-05-23 10:58:26.654000+00:00,K+NP,0.59081052,0,0.05159053042458064,0.40918948,0.40918948,0.3575989495754194,False
single_2m_hold,KXBTC15M-26MAY230815-15,2m,2m,2026-05-23 12:13:01.026000+00:00,K+NP,0.77232937,0,0.015304758891544465,0.22767062999999998,0.22767062999999998,0.2123658711084555,False
single_2m_hold,KXBTC15M-26MAY230915-15,2m,2m,2026-05-23 13:13:06.015000+00:00,NK+P,0.5278432500000001,0,0.018815259864027236,0.4721567499999999,0.4721567499999999,0.4533414901359727,False
single_2m_hold,KXBTC15M-26MAY231045-45,2m,2m,2026-05-23 14:43:02.509000+00:00,NK+P,0.45552937,0,0.02424393598938535,0.54447063,0.54447063,0.5202266940106146,False
single_2m_hold,KXBTC15M-26MAY231430-30,2m,2m,2026-05-23 18:28:00.350000+00:00,NK+P,0.50169232,0,0.02500727489871816,0.49830768000000003,0.49830768000000003,0.47330040510128185,False
single_2m_hold,KXBTC15M-26MAY231715-15,2m,2m,2026-05-23 21:13:01.541000+00:00,K+NP,0.5677232500000001,0,0.03245199146713749,0.4322767499999999,0.4322767499999999,0.39982475853286237,False
single_2m_hold,KXBTC15M-26MAY240015-15,2m,2m,2026-05-24 04:13:01.130000+00:00,K+NP,0.917833,0,0.07113889762658597,0.08216699999999999,0.08216699999999999,0.01102810237341402,False
single_2m_hold,KXBTC15M-26MAY240315-15,2m,2m,2026-05-24 07:13:00.264000+00:00,K+NP,0.56986157,0,0.012872890695534992,0.43013842999999996,0.43013842999999996,0.41726553930446497,False
single_2m_hold,KXBTC15M-26MAY241030-30,2m,2m,2026-05-24 14:28:16.148000+00:00,NK+P,0.826012,0,0.06230351287157731,0.17398800000000003,0.17398800000000003,0.11168448712842272,False
single_2m_hold,KXBTC15M-26MAY241615-15,2m,2m,2026-05-24 20:14:04.470000+00:00,K+NP,0.92581972,0,0.060273628284420615,0.07418027999999999,0.07418027999999999,0.013906651715579373,False
single_2m_hold,KXBTC15M-26MAY242030-30,2m,2m,2026-05-25 00:28:27.926000+00:00,K+NP,0.9489970000000001,1,0.05986504806440877,-0.9489970000000001,-0.9489970000000001,-0.008862048064408858,True
single_2m_hold,KXBTC15M-26MAY250230-30,2m,2m,2026-05-25 06:28:56.506000+00:00,K+NP,0.96512937,0,0.05101215483935167,0.034870630000000014,0.034870630000000014,-0.016141524839351655,False
single_2m_hold,KXBTC15M-26MAY250245-45,2m,2m,2026-05-25 06:43:00.477000+00:00,NK+P,0.6437947199999999,0,0.053331746220217545,0.35620528000000007,0.35620528000000007,0.30287353377978254,False
single_2m_hold,KXBTC15M-26MAY250315-15,2m,2m,2026-05-25 07:13:24.991000+00:00,K+NP,0.37740925000000003,0,0.014200452449657664,0.62259075,0.62259075,0.6083902975503424,False
single_2m_hold,KXBTC15M-26MAY251130-30,2m,2m,2026-05-25 15:28:00.119000+00:00,K+NP,0.93333232,0,0.07182124251307477,0.06666768,0.06666768,-0.005153562513074764,False
single_2m_hold,KXBTC15M-26MAY251215-15,2m,2m,2026-05-25 16:13:00.916000+00:00,K+NP,0.963068,0,0.07457332082152857,0.036931999999999965,0.036931999999999965,-0.0376413208215286,False
single_2m_hold,KXBTC15M-26MAY251230-30,2m,2m,2026-05-25 16:28:40.873000+00:00,NK+P,0.63391972,0,0.07706972773971615,0.36608028000000004,0.36608028000000004,0.2890105522602839,False
single_2m_hold,KXBTC15M-26MAY251500-00,2m,2m,2026-05-25 18:58:01.719000+00:00,K+NP,0.483113,0,0.052787609947019774,0.516887,0.516887,0.46409939005298023,False
single_2m_hold,KXBTC15M-26MAY251715-15,2m,2m,2026-05-25 21:13:12.520000+00:00,NK+P,0.56879248,0,0.04623532924375944,0.43120751999999996,0.43120751999999996,0.3849721907562405,False
single_2m_hold,KXBTC15M-26MAY251845-45,2m,2m,2026-05-25 22:43:01.721000+00:00,K+NP,0.50677388,0,0.0269581097862619,0.49322612,0.49322612,0.4662680102137381,False
single_2m_hold,KXBTC15M-26MAY251945-45,2m,2m,2026-05-25 23:43:00.696000+00:00,NK+P,0.5189174799999999,0,0.013912472198065871,0.48108252000000007,0.48108252000000007,0.4671700478019342,False
single_2m_hold,KXBTC15M-26MAY252015-15,2m,2m,2026-05-26 00:13:04.118000+00:00,K+NP,0.8852793299999999,0,0.0760282100060909,0.11472067000000008,0.11472067000000008,0.038692459993909176,False
single_2m_hold,KXBTC15M-26MAY260630-30,2m,2m,2026-05-26 10:28:01.853000+00:00,NK+P,0.81983472,0,0.004599660403384965,0.18016527999999998,0.18016527999999998,0.175565619596615,False
single_2m_hold,KXBTC15M-26MAY260715-15,2m,2m,2026-05-26 11:13:13.668000+00:00,K+NP,0.55562937,0,0.023328537783801347,0.44437063,0.44437063,0.42104209221619865,False
single_2m_hold,KXBTC15M-26MAY260915-15,2m,2m,2026-05-26 13:13:11.789000+00:00,K+NP,0.58760325,0,0.05294497603290644,0.41239675,0.41239675,0.35945177396709355,False
single_2m_hold,KXBTC15M-26MAY261100-00,2m,2m,2026-05-26 14:58:42.377000+00:00,NK+P,0.52998157,0,0.04752545653504516,0.47001843,0.47001843,0.42249297346495485,False
single_2m_hold,KXBTC15M-26MAY261145-45,2m,2m,2026-05-26 15:43:04.341000+00:00,K+NP,0.9695540800000001,0,0.023339144029171664,0.030445919999999904,0.030445919999999904,0.00710677597082824,False
single_2m_hold,KXBTC15M-26MAY261215-15,2m,2m,2026-05-26 16:13:06.998000+00:00,K+NP,0.57445972,0,0.0090306136138472,0.42554028,0.42554028,0.4165096663861528,False
single_2m_hold,KXBTC15M-26MAY261345-45,2m,2m,2026-05-26 17:43:09.406000+00:00,K+NP,0.953513,0,0.06161264783337451,0.046486999999999945,0.046486999999999945,-0.015125647833374563,False
single_2m_hold,KXBTC15M-26MAY261430-30,2m,2m,2026-05-26 18:28:00.398000+00:00,NK+P,0.5631130000000001,0,0.03674248226378347,0.4368869999999999,0.4368869999999999,0.40014451773621645,False
single_2m_hold,KXBTC15M-26MAY261530-30,2m,2m,2026-05-26 19:28:39.127000+00:00,NK+P,0.54673388,0,0.04120745676736327,0.45326612,0.45326612,0.41205866323263673,False
single_2m_hold,KXBTC15M-26MAY261545-45,2m,2m,2026-05-26 19:43:01.522000+00:00,NK+P,0.52463472,0,0.0053537194604979495,0.47536528,0.47536528,0.47001156053950205,False
single_2m_hold,KXBTC15M-26MAY261600-00,2m,2m,2026-05-26 19:58:53.084000+00:00,NK+P,0.9598369999999999,0,0.056923292515724956,0.04016300000000006,0.04016300000000006,-0.016760292515724896,False
single_2m_hold,KXBTC15M-26MAY261615-15,2m,2m,2026-05-26 20:13:00.613000+00:00,NK+P,0.96093052,0,0.05219544530855417,0.03906947999999999,0.03906947999999999,-0.013125965308554179,False
single_2m_hold,KXBTC15M-26MAY261700-00,2m,2m,2026-05-26 20:58:08.934000+00:00,NK+P,0.96521008,0,0.06588775168226038,0.03478992000000003,-0.96521008,-0.031097831682260352,True
single_2m_hold,KXBTC15M-26MAY261900-00,2m,2m,2026-05-26 22:58:06.896000+00:00,K+NP,0.5363931700000001,0,0.01764514001517897,0.4636068299999999,0.4636068299999999,0.44596168998482094,False
single_2m_hold,KXBTC15M-26MAY262030-30,2m,2m,2026-05-27 00:28:21.568000+00:00,K+NP,0.740773,0,0.010163661896123577,0.259227,0.259227,0.2490633381038764,False
single_2m_hold,KXBTC15M-26MAY262215-15,2m,2m,2026-05-27 02:13:32.159000+00:00,K+NP,0.52677388,0,0.002838683676824221,0.47322612,0.47322612,0.47038743632317576,False
single_2m_hold,KXBTC15M-26MAY270000-00,2m,2m,2026-05-27 03:58:02.195000+00:00,K+NP,0.6053043699999999,0,0.059604660243114,0.3946956300000001,0.3946956300000001,0.33509096975688607,False
single_2m_hold,KXBTC15M-26MAY270130-30,2m,2m,2026-05-27 05:28:39.207000+00:00,NK+P,0.52677388,0,0.008944583655423513,0.47322612,0.47322612,0.4642815363445765,False
single_2m_hold,KXBTC15M-26MAY270245-45,2m,2m,2026-05-27 06:43:01.168000+00:00,NK+P,0.81227888,0,0.030756865427887813,0.18772111999999996,0.18772111999999996,0.15696425457211216,False
single_2m_hold,KXBTC15M-26MAY270330-30,2m,2m,2026-05-27 07:28:00.408000+00:00,NK+P,0.52891248,0,0.02850910719662881,0.47108752,0.47108752,0.4425784128033712,False
single_2m_hold,KXBTC15M-26MAY270515-15,2m,2m,2026-05-27 09:13:01.102000+00:00,K+NP,0.5478032500000001,0,0.04053281788294652,0.4521967499999999,0.4521967499999999,0.41166393211705343,False
single_2m_hold,KXBTC15M-26MAY270530-30,2m,2m,2026-05-27 09:28:01.668000+00:00,NK+P,0.53996657,0,0.023024307335896697,0.46003342999999997,0.46003342999999997,0.43700912266410324,False
single_2m_hold,KXBTC15M-26MAY270615-15,2m,2m,2026-05-27 10:13:02.045000+00:00,K+NP,0.8753882500000001,0,0.06795882187939208,0.12461174999999991,0.12461174999999991,0.056652928120607834,False
single_2m_hold,KXBTC15M-26MAY270915-15,2m,2m,2026-05-27 13:13:01.278000+00:00,K+NP,0.58546437,0,0.030534046333500587,0.41453563000000004,0.41453563000000004,0.38400158366649945,False
single_2m_hold,KXBTC15M-26MAY270930-30,2m,2m,2026-05-27 13:28:00.963000+00:00,K+NP,0.45766825,0,0.010667099755190597,0.54233175,0.54233175,0.5316646502448094,False
single_2m_hold,KXBTC15M-26MAY271230-30,2m,2m,2026-05-27 16:28:00.374000+00:00,K+NP,0.56986157,0,0.025837929517638376,0.43013842999999996,0.43013842999999996,0.4043005004823616,False
single_2m_hold,KXBTC15M-26MAY271415-15,2m,2m,2026-05-27 18:13:01.832000+00:00,K+NP,0.96525913,0,0.05327996294805965,0.034740870000000035,0.034740870000000035,-0.018539092948059617,False
single_2m_hold,KXBTC15M-26MAY271430-30,2m,2m,2026-05-27 18:28:02.013000+00:00,NK+P,0.84026437,0,0.022304095196799635,0.15973563000000002,0.15973563000000002,0.1374315348032004,False
single_2m_hold,KXBTC15M-26MAY271845-45,2m,2m,2026-05-27 22:44:05.014000+00:00,K+NP,0.8259450000000002,0,0.043528165683933674,0.17405499999999985,0.17405499999999985,0.13052683431606618,False
single_2m_hold,KXBTC15M-26MAY272030-30,2m,2m,2026-05-28 00:28:01.179000+00:00,K+NP,0.7789119999999999,0,0.07323075616580822,0.22108800000000006,0.22108800000000006,0.14785724383419185,False
single_2m_hold,KXBTC15M-26MAY272315-15,2m,2m,2026-05-28 03:14:12.031000+00:00,K+NP,0.96512937,0,0.0609105369757684,0.034870630000000014,0.034870630000000014,-0.026039906975768384,False
single_2m_hold,KXBTC15M-26MAY280015-15,2m,2m,2026-05-28 04:13:32.982000+00:00,K+NP,0.47776825,0,0.020910477928023453,0.52223175,0.52223175,0.5013212720719765,False
single_2m_hold,KXBTC15M-26MAY280045-45,2m,2m,2026-05-28 04:43:01.499000+00:00,NK+P,0.54566437,0,0.007621505698795376,0.45433563,0.45433563,0.4467141243012046,False
single_2m_hold,KXBTC15M-26MAY280145-45,2m,2m,2026-05-28 05:44:16.589000+00:00,NK+P,0.7179865699999999,0,0.06242431641414077,0.2820134300000001,0.2820134300000001,0.21958911358585936,False
single_2m_hold,KXBTC15M-26MAY280530-30,2m,2m,2026-05-28 09:28:01.202000+00:00,NK+P,0.53889748,0,0.02757322352430443,0.46110251999999996,0.46110251999999996,0.43352929647569555,False
single_2m_hold,KXBTC15M-26MAY280545-45,2m,2m,2026-05-28 09:43:00.368000+00:00,NK+P,0.42744325,0,0.011789222201858539,0.57255675,0.57255675,0.5607675277981414,False
single_2m_hold,KXBTC15M-26MAY280730-30,2m,2m,2026-05-28 11:28:02.434000+00:00,K+NP,0.50463472,0,0.007929255913370622,0.49536528,0.49536528,0.4874360240866294,False
single_2m_hold,KXBTC15M-26MAY281015-15,2m,2m,2026-05-28 14:13:11.900000+00:00,NK+P,0.936397,1,0.0006826003210279959,-0.936397,-0.936397,0.06292039967897196,False
single_2m_hold,KXBTC15M-26MAY281100-00,2m,2m,2026-05-28 14:58:12.427000+00:00,NK+P,0.5431730000000001,0,0.012165363207782855,0.45682699999999987,0.45682699999999987,0.44466163679221704,False
single_2m_hold,KXBTC15M-26MAY281215-15,2m,2m,2026-05-28 16:13:02.077000+00:00,NK+P,0.239273,0,0.0028952514453252556,0.7607269999999999,0.7607269999999999,0.7578317485546747,False
single_2m_hold,KXBTC15M-26MAY281245-45,2m,2m,2026-05-28 16:43:00.473000+00:00,NK+P,0.65900657,0,0.02370486898364932,0.34099343000000004,0.34099343000000004,0.3172885610163507,False
single_2m_hold,KXBTC15M-26MAY281515-15,2m,2m,2026-05-28 19:13:01.567000+00:00,K+NP,0.83058937,0,0.03226176099034517,0.16941063,0.16941063,0.13714886900965484,False
single_2m_hold,KXBTC15M-26MAY281630-30,2m,2m,2026-05-28 20:28:01.784000+00:00,NK+P,0.93539472,0,0.04083279352736256,0.06460527999999999,0.06460527999999999,0.023772486472637425,False
single_2m_hold,KXBTC15M-26MAY281745-45,2m,2m,2026-05-28 21:43:13.549000+00:00,NK+P,0.5146397199999999,0,0.018214036984865085,0.4853602800000001,0.4853602800000001,0.467146243015135,False
single_2m_hold,KXBTC15M-26MAY281945-45,2m,2m,2026-05-28 23:43:00.765000+00:00,K+NP,0.52463472,0,0.01764593410632938,0.47536528,0.47536528,0.45771934589367064,False
single_2m_hold,KXBTC15M-26MAY282000-00,2m,2m,2026-05-28 23:59:28.494000+00:00,NK+P,0.19165888,0,0.059478698543857705,0.80834112,0.80834112,0.7488624214561423,False
single_2m_hold,KXBTC15M-26MAY282100-00,2m,2m,2026-05-29 00:58:00.805000+00:00,K+NP,0.82090437,0,0.021975223553475358,0.17909562999999995,0.17909562999999995,0.15712040644652459,False
single_2m_hold,KXBTC15M-26MAY282115-15,2m,2m,2026-05-29 01:13:36.742000+00:00,NK+P,0.9650136699999999,0,0.03398278289013699,0.034986330000000065,0.034986330000000065,0.0010035471098630774,False
single_2m_hold,KXBTC15M-26MAY282145-45,2m,2m,2026-05-29 01:43:17.463000+00:00,K+NP,0.95030657,0,0.02972978770198383,0.04969343000000004,0.04969343000000004,0.01996364229801621,False
single_2m_hold,KXBTC15M-26MAY290330-30,2m,2m,2026-05-29 07:29:28.271000+00:00,K+NP,0.5146397199999999,0,0.04070594926271376,0.4853602800000001,0.4853602800000001,0.44465433073728633,False
single_2m_hold,KXBTC15M-26MAY290400-00,2m,2m,2026-05-29 07:58:21.435000+00:00,NK+P,0.5342565300000001,0,0.055379771955665104,0.46574346999999994,0.46574346999999994,0.4103636980443348,False
single_2m_hold,KXBTC15M-26MAY290430-30,2m,2m,2026-05-29 08:28:00.297000+00:00,NK+P,0.49568936999999996,0,0.008676331401235091,0.50431063,0.50431063,0.4956342985987649,False
single_2m_hold,KXBTC15M-26MAY290600-00,2m,2m,2026-05-29 09:58:00.993000+00:00,K+NP,0.54459472,0,0.027729125021686302,0.45540528,0.45540528,0.42767615497831374,False
single_2m_hold,KXBTC15M-26MAY290615-15,2m,2m,2026-05-29 10:13:01.358000+00:00,K+NP,0.93120625,0,0.040351997506107795,0.06879374999999999,0.06879374999999999,0.02844175249389219,False
single_2m_hold,KXBTC15M-26MAY290930-30,2m,2m,2026-05-29 13:28:00.790000+00:00,K+NP,0.6293529999999999,0,0.002833935840102664,0.37064700000000006,0.37064700000000006,0.3678130641598974,False
single_2m_hold,KXBTC15M-26MAY291030-30,2m,2m,2026-05-29 14:28:01.057000+00:00,K+NP,0.50463472,0,0.014091387534635971,0.49536528,0.49536528,0.48127389246536406,False
single_1m_hold,KXBTC15M-26MAY170345-45,1m,1m,2026-05-17 07:44:18.938000+00:00,NK+P,0.47883748000000004,0,0.09991473947187575,0.52116252,0.52116252,0.4212477805281242,False
single_1m_hold,KXBTC15M-26MAY171015-15,1m,1m,2026-05-17 14:14:59.767000+00:00,K+NP,0.96405972,0,0.011396495788584064,0.03594028000000005,0.03594028000000005,0.02454378421141598,False
single_1m_hold,KXBTC15M-26MAY171145-45,1m,1m,2026-05-17 15:44:02.643000+00:00,K+NP,0.9492280000000001,0,0.13397737962681747,0.05077199999999993,0.05077199999999993,-0.08320537962681754,False
single_1m_hold,KXBTC15M-26MAY171515-15,1m,1m,2026-05-17 19:14:39.317000+00:00,K+NP,0.94495972,0,0.08296248073487139,0.05504028000000005,0.05504028000000005,-0.02792220073487134,False
single_1m_hold,KXBTC15M-26MAY172200-00,1m,1m,2026-05-18 01:59:00.927000+00:00,NK+P,0.8499293699999999,0,0.10696375968539276,0.1500706300000001,0.1500706300000001,0.04310687031460733,False
single_1m_hold,KXBTC15M-26MAY172215-15,1m,1m,2026-05-18 02:14:29.699000+00:00,NK+P,0.69301972,0,0.060293473381075546,0.30698028,0.30698028,0.24668680661892445,False
single_1m_hold,KXBTC15M-26MAY172230-30,1m,1m,2026-05-18 02:29:46.465000+00:00,K+NP,0.7517597199999999,0,0.03640830186047783,0.2482402800000001,0.2482402800000001,0.21183197813952226,False
single_1m_hold,KXBTC15M-26MAY180100-00,1m,1m,2026-05-18 04:59:12.007000+00:00,NK+P,0.38593387999999995,0,0.08852689925493726,0.61406612,0.61406612,0.5255392207450628,False
single_1m_hold,KXBTC15M-26MAY180230-30,1m,1m,2026-05-18 06:29:00.790000+00:00,K+NP,0.87029888,0,0.03975969931417991,0.12970112,0.12970112,0.08994142068582009,False
single_1m_hold,KXBTC15M-26MAY180330-30,1m,1m,2026-05-18 07:29:48.351000+00:00,NK+P,0.04726825,0,0.10534014439791371,0.95273175,0.95273175,0.8473916056020863,False
single_1m_hold,KXBTC15M-26MAY180530-30,1m,1m,2026-05-18 09:29:02.288000+00:00,NK+P,0.6928165300000001,0,0.061900332012402526,0.3071834699999999,0.3071834699999999,0.24528313798759738,False
single_1m_hold,KXBTC15M-26MAY181030-30,1m,1m,2026-05-18 14:29:01.652000+00:00,NK+P,0.9663577300000001,0,0.12544975350958365,0.03364226999999986,0.03364226999999986,-0.09180748350958379,False
single_1m_hold,KXBTC15M-26MAY181845-45,1m,1m,2026-05-18 22:44:37.917000+00:00,K+NP,0.42851248000000003,0,0.0030983549690360816,0.57148752,0.57148752,0.5683891650309639,False
single_1m_hold,KXBTC15M-26MAY190200-00,1m,1m,2026-05-19 05:59:00.591000+00:00,K+NP,0.914868,0,0.10361687047590022,0.08513199999999999,0.08513199999999999,-0.018484870475900236,False
single_1m_hold,KXBTC15M-26MAY190230-30,1m,1m,2026-05-19 06:29:38.074000+00:00,NK+P,0.938605,0,0.0466644404383726,0.06139499999999998,0.06139499999999998,0.01473055956162738,False
single_1m_hold,KXBTC15M-26MAY190315-15,1m,1m,2026-05-19 07:14:00.638000+00:00,NK+P,0.50570437,0,0.009933657713464043,0.49429563,0.49429563,0.48436197228653594,False
single_1m_hold,KXBTC15M-26MAY190445-45,1m,1m,2026-05-19 08:44:01.312000+00:00,NK+P,0.69408937,0,0.022658999335200505,0.30591062999999996,0.30591062999999996,0.28325163066479947,False
single_1m_hold,KXBTC15M-26MAY190515-15,1m,1m,2026-05-19 09:14:02.309000+00:00,K+NP,0.96512937,0,0.07574245509426003,0.034870630000000014,0.034870630000000014,-0.04087182509426002,False
single_1m_hold,KXBTC15M-26MAY191730-30,1m,1m,2026-05-19 21:29:00.690000+00:00,NK+P,0.850355,0,0.06913444335412366,0.14964500000000003,0.14964500000000003,0.08051055664587636,False
single_1m_hold,KXBTC15M-26MAY200900-00,1m,1m,2026-05-20 12:59:21.981000+00:00,NK+P,0.81983472,0,0.03315834251896895,0.18016527999999998,0.18016527999999998,0.14700693748103102,False
single_1m_hold,KXBTC15M-26MAY201000-00,1m,1m,2026-05-20 13:59:13.488000+00:00,NK+P,0.96405972,0,0.07776261156708564,0.03594028000000005,0.03594028000000005,-0.04182233156708559,False
single_1m_hold,KXBTC15M-26MAY202145-45,1m,1m,2026-05-21 01:44:00.868000+00:00,NK+P,0.7765709199999999,0,0.13267459623905956,0.22342908000000006,0.22342908000000006,0.0907544837609405,False
single_1m_hold,KXBTC15M-26MAY202330-30,1m,1m,2026-05-21 03:29:17.337000+00:00,NK+P,0.30243472,0,0.04607922113720896,0.6975652800000001,0.6975652800000001,0.6514860588627911,False
single_1m_hold,KXBTC15M-26MAY210100-00,1m,1m,2026-05-21 04:59:00.948000+00:00,NK+P,0.57659888,0,0.04022871605202425,0.42340111999999996,0.42340111999999996,0.3831724039479757,False
single_1m_hold,KXBTC15M-26MAY210115-15,1m,1m,2026-05-21 05:14:01.929000+00:00,K+NP,0.39391972000000003,0,0.016259183195910448,0.60608028,0.60608028,0.5898210968040896,False
single_1m_hold,KXBTC15M-26MAY210600-00,1m,1m,2026-05-21 09:59:00.854000+00:00,K+NP,0.92583892,0,0.11242753503377362,0.07416107999999999,0.07416107999999999,-0.03826645503377363,False
single_1m_hold,KXBTC15M-26MAY211145-45,1m,1m,2026-05-21 15:44:00.402000+00:00,K+NP,0.93539472,0,0.05498588568521526,0.06460527999999999,0.06460527999999999,0.00961939431478473,False
single_1m_hold,KXBTC15M-26MAY211730-30,1m,1m,2026-05-21 21:29:01.247000+00:00,NK+P,0.936537,0,0.08137084478530816,0.06346300000000005,0.06346300000000005,-0.017907844785308116,False
single_1m_hold,KXBTC15M-26MAY211800-00,1m,1m,2026-05-21 21:59:07.589000+00:00,K+NP,0.63391972,0,0.025881248419821482,0.36608028000000004,0.36608028000000004,0.34019903158017856,False
single_1m_hold,KXBTC15M-26MAY212115-15,1m,1m,2026-05-22 01:14:02.228000+00:00,NK+P,0.55455972,0,0.0387877361550488,0.44544028,0.44544028,0.4066525438449512,False
single_1m_hold,KXBTC15M-26MAY220045-45,1m,1m,2026-05-22 04:44:06.650000+00:00,K+NP,0.54459472,0,0.044316426911641414,0.45540528,0.45540528,0.41108885308835863,False
single_1m_hold,KXBTC15M-26MAY220400-00,1m,1m,2026-05-22 07:59:02.124000+00:00,K+NP,0.5146397199999999,0,0.038204714366713445,0.4853602800000001,0.4853602800000001,0.4471555656332866,False
single_1m_hold,KXBTC15M-26MAY221000-00,1m,1m,2026-05-22 13:59:00.506000+00:00,NK+P,0.91730437,0,0.12956748033940402,0.08269563000000002,0.08269563000000002,-0.046871850339404,False
single_1m_hold,KXBTC15M-26MAY222115-15,1m,1m,2026-05-23 01:14:00.036000+00:00,K+NP,0.930292,0,0.09194080342857615,0.06970799999999999,0.06970799999999999,-0.022232803428576156,False
single_1m_hold,KXBTC15M-26MAY230045-45,1m,1m,2026-05-23 04:44:00.562000+00:00,K+NP,0.8089880000000002,0,0.03985467578537438,0.19101199999999985,0.19101199999999985,0.15115732421462547,False
single_1m_hold,KXBTC15M-26MAY230100-00,1m,1m,2026-05-23 04:59:00.102000+00:00,NK+P,0.8605611200000001,0,0.0665377807822717,0.13943887999999993,0.13943887999999993,0.07290109921772824,False
single_1m_hold,KXBTC15M-26MAY230315-15,1m,1m,2026-05-23 07:14:01.257000+00:00,K+NP,0.96833748,0,0.05297306150103125,0.03166252000000003,0.03166252000000003,-0.021310541501031226,False
single_1m_hold,KXBTC15M-26MAY230700-00,1m,1m,2026-05-23 10:59:00.788000+00:00,K+NP,0.5843947199999999,0,0.006579504033827555,0.4156052800000001,0.4156052800000001,0.4090257759661725,False
single_1m_hold,KXBTC15M-26MAY230915-15,1m,1m,2026-05-23 13:14:00.336000+00:00,NK+P,0.5278432500000001,0,0.02149540734716857,0.4721567499999999,0.4721567499999999,0.4506613426528313,False
single_1m_hold,KXBTC15M-26MAY231515-15,1m,1m,2026-05-23 19:14:03.209000+00:00,K+NP,0.9567611200000001,0,0.0399257548322772,0.04323887999999987,0.04323887999999987,0.003313125167722669,False
single_1m_hold,KXBTC15M-26MAY231715-15,1m,1m,2026-05-23 21:14:03.718000+00:00,K+NP,0.5655843700000001,0,0.0327209130432546,0.43441562999999994,0.43441562999999994,0.40169471695674536,False
single_1m_hold,KXBTC15M-26MAY231930-30,1m,1m,2026-05-23 23:29:26.064000+00:00,K+NP,0.9545147199999999,0,0.027970006246432495,0.04548528000000007,0.04548528000000007,0.017515273753567578,False
single_1m_hold,KXBTC15M-26MAY232200-00,1m,1m,2026-05-24 01:59:03.995000+00:00,NK+P,0.85851472,0,0.06811609134358548,0.14148528000000005,0.14148528000000005,0.07336918865641456,False
single_1m_hold,KXBTC15M-26MAY232215-15,1m,1m,2026-05-24 02:14:00.896000+00:00,NK+P,0.9578483200000001,0,0.12108911052854036,0.042151679999999914,0.042151679999999914,-0.07893743052854045,False
single_1m_hold,KXBTC15M-26MAY240015-15,1m,1m,2026-05-24 04:14:01.154000+00:00,NK+P,0.915193,0,0.015834583794640394,0.08480699999999997,0.08480699999999997,0.06897241620535957,False
single_1m_hold,KXBTC15M-26MAY240045-45,1m,1m,2026-05-24 04:44:00.398000+00:00,NK+P,0.945917,0,0.13321652979791523,0.05408299999999999,0.05408299999999999,-0.07913352979791524,False
single_1m_hold,KXBTC15M-26MAY240215-15,1m,1m,2026-05-24 06:14:02.001000+00:00,NK+P,0.927283,0,0.13107375426801782,0.07271700000000003,0.07271700000000003,-0.058356754268017785,False
single_1m_hold,KXBTC15M-26MAY240315-15,1m,1m,2026-05-24 07:14:00.374000+00:00,K+NP,0.56451472,0,0.05330391843983427,0.43548528,0.43548528,0.3821813615601657,False
single_1m_hold,KXBTC15M-26MAY240345-45,1m,1m,2026-05-24 07:44:12.811000+00:00,K+NP,0.72350437,0,0.0717116392175615,0.27649563,0.27649563,0.20478399078243847,False
single_1m_hold,KXBTC15M-26MAY241030-30,1m,1m,2026-05-24 14:29:00.077000+00:00,NK+P,0.622868,0,0.0480628094841224,0.377132,0.377132,0.32906919051587763,False
single_1m_hold,KXBTC15M-26MAY241530-30,1m,1m,2026-05-24 19:29:23.109000+00:00,NK+P,0.9643480000000001,0,0.09804734001864585,0.035651999999999906,0.035651999999999906,-0.06239534001864594,False
single_1m_hold,KXBTC15M-26MAY241615-15,1m,1m,2026-05-24 20:14:04.470000+00:00,K+NP,0.92581972,0,0.026311359524176764,0.07418027999999999,0.07418027999999999,0.04786892047582322,False
single_1m_hold,KXBTC15M-26MAY250245-45,1m,1m,2026-05-25 06:44:37.220000+00:00,NK+P,0.66195973,0,0.009220671671107558,0.33804027000000003,0.33804027000000003,0.32881959832889246,False
single_1m_hold,KXBTC15M-26MAY250315-15,1m,1m,2026-05-25 07:14:01.012000+00:00,K+NP,0.36458437,0,0.007018912294674644,0.63541563,0.63541563,0.6283967177053253,False
single_1m_hold,KXBTC15M-26MAY250545-45,1m,1m,2026-05-25 09:44:01.914000+00:00,NK+P,0.75496825,0,0.02894141953520506,0.24503175,0.24503175,0.21609033046479492,False
single_1m_hold,KXBTC15M-26MAY250730-30,1m,1m,2026-05-25 11:29:24.003000+00:00,K+NP,0.7126397199999999,0,0.038978844507393286,0.28736028000000013,0.28736028000000013,0.24838143549260686,False
single_1m_hold,KXBTC15M-26MAY250815-15,1m,1m,2026-05-25 12:14:02.390000+00:00,NK+P,0.945917,0,0.026953472331467627,0.05408299999999999,0.05408299999999999,0.027129527668532365,False
single_1m_hold,KXBTC15M-26MAY250915-15,1m,1m,2026-05-25 13:14:00.942000+00:00,K+NP,0.94923748,0,0.028839346873235753,0.05076252000000003,0.05076252000000003,0.02192317312676428,False
single_1m_hold,KXBTC15M-26MAY251145-45,1m,1m,2026-05-25 15:44:04.778000+00:00,NK+P,0.45615317,0,0.04700109882743467,0.54384683,0.54384683,0.49684573117256536,False
single_1m_hold,KXBTC15M-26MAY251200-00,1m,1m,2026-05-25 15:59:01.580000+00:00,K+NP,0.915193,0,0.08925756890264434,0.08480699999999997,0.08480699999999997,-0.004450568902644378,False
single_1m_hold,KXBTC15M-26MAY251230-30,1m,1m,2026-05-25 16:29:00.897000+00:00,NK+P,0.63391972,0,0.038355470021963996,0.36608028000000004,0.36608028000000004,0.32772480997803605,False
single_1m_hold,KXBTC15M-26MAY251500-00,1m,1m,2026-05-25 18:59:01.502000+00:00,K+NP,0.47455972,0,0.021471817217455745,0.52544028,0.52544028,0.5039684627825443,False
single_1m_hold,KXBTC15M-26MAY251900-00,1m,1m,2026-05-25 22:59:14.687000+00:00,K+NP,0.95671817,0,0.11451317314745524,0.043281829999999966,0.043281829999999966,-0.07123134314745527,False
single_1m_hold,KXBTC15M-26MAY251945-45,1m,1m,2026-05-25 23:44:00.641000+00:00,NK+P,0.5189174799999999,0,0.06727236848858109,0.48108252000000007,0.48108252000000007,0.413810151511419,False
single_1m_hold,KXBTC15M-26MAY252000-00,1m,1m,2026-05-25 23:59:04.259000+00:00,NK+P,0.965297,1,0.07979593123915446,-0.965297,-0.965297,-0.04509293123915442,False
single_1m_hold,KXBTC15M-26MAY252015-15,1m,1m,2026-05-26 00:14:54.058000+00:00,K+NP,0.87886437,0,0.007252988520097238,0.12113563000000005,0.12113563000000005,0.11388264147990282,False
single_1m_hold,KXBTC15M-26MAY252300-00,1m,1m,2026-05-26 02:59:00.376000+00:00,NK+P,0.93119708,0,0.08345197601138073,0.06880291999999999,0.06880291999999999,-0.014649056011380737,False
single_1m_hold,KXBTC15M-26MAY260045-45,1m,1m,2026-05-26 04:44:00.518000+00:00,NK+P,0.9619993299999999,0,0.06733759719989756,0.03800067000000007,0.03800067000000007,-0.029336927199897486,False
single_1m_hold,KXBTC15M-26MAY260345-45,1m,1m,2026-05-26 07:44:01.828000+00:00,K+NP,0.9598615699999999,0,0.06850387889759992,0.04013843000000006,0.04013843000000006,-0.028365448897599857,False
single_1m_hold,KXBTC15M-26MAY260515-15,1m,1m,2026-05-26 09:14:00.964000+00:00,K+NP,0.95558437,0,0.07468158676816436,0.04441563000000004,0.04441563000000004,-0.03026595676816432,False
single_1m_hold,KXBTC15M-26MAY260600-00,1m,1m,2026-05-26 09:59:00.141000+00:00,K+NP,0.90451732,0,0.10568787508937591,0.09548268000000004,0.09548268000000004,-0.010205195089375868,False
single_1m_hold,KXBTC15M-26MAY261100-00,1m,1m,2026-05-26 14:59:01.040000+00:00,NK+P,0.53211933,0,0.03550182165347422,0.46788067,0.46788067,0.4323788483465258,False
single_1m_hold,KXBTC15M-26MAY261145-45,1m,1m,2026-05-26 15:44:00.345000+00:00,K+NP,0.91091748,0,0.032196462308349084,0.08908252000000005,0.08908252000000005,0.05688605769165097,False
single_1m_hold,KXBTC15M-26MAY261345-45,1m,1m,2026-05-26 17:44:05.395000+00:00,K+NP,0.92051248,0,0.024647025318822454,0.07948752000000003,0.07948752000000003,0.054840494681177576,False
single_1m_hold,KXBTC15M-26MAY261430-30,1m,1m,2026-05-26 18:29:00.411000+00:00,NK+P,0.96405972,0,0.012678156091251211,0.03594028000000005,0.03594028000000005,0.023262123908748836,False
single_1m_hold,KXBTC15M-26MAY261515-15,1m,1m,2026-05-26 19:14:00.233000+00:00,NK+P,0.93967248,0,0.05774714402026473,0.06032751999999997,0.06032751999999997,0.00258037597973524,False
single_1m_hold,KXBTC15M-26MAY261530-30,1m,1m,2026-05-26 19:29:01.190000+00:00,NK+P,0.58546437,0,0.02069835830266727,0.41453563000000004,0.41453563000000004,0.3938372716973328,False
single_1m_hold,KXBTC15M-26MAY261600-00,1m,1m,2026-05-26 19:59:05.109000+00:00,K+NP,0.9185450000000002,0,0.08106085501614942,0.08145499999999983,0.08145499999999983,0.00039414498385041685,False
single_1m_hold,KXBTC15M-26MAY261900-00,1m,1m,2026-05-26 22:59:02.124000+00:00,K+NP,0.52463472,0,0.003583887929282975,0.47536528,0.47536528,0.471781392070717,False
single_1m_hold,KXBTC15M-26MAY261945-45,1m,1m,2026-05-26 23:44:22.218000+00:00,NK+P,0.56451472,0,0.06861273720195653,0.43548528,0.43548528,0.36687254279804343,False
single_1m_hold,KXBTC15M-26MAY262030-30,1m,1m,2026-05-27 00:29:15.630000+00:00,K+NP,0.7322197199999999,0,0.021141817753088425,0.2677802800000001,0.2677802800000001,0.24663846224691166,False
single_1m_hold,KXBTC15M-26MAY262215-15,1m,1m,2026-05-27 02:14:00.176000+00:00,K+NP,0.52463472,0,0.0068040320862943066,0.47536528,0.47536528,0.4685612479137057,False
single_1m_hold,KXBTC15M-26MAY270245-45,1m,1m,2026-05-27 06:44:17.158000+00:00,NK+P,0.81013972,0,0.04496649197861243,0.18986028,0.18986028,0.14489378802138755,False
single_1m_hold,KXBTC15M-26MAY270530-30,1m,1m,2026-05-27 09:29:01.536000+00:00,NK+P,0.68747248,0,0.021935363343609952,0.31252751999999995,0.31252751999999995,0.29059215665639,False
single_1m_hold,KXBTC15M-26MAY270615-15,1m,1m,2026-05-27 10:14:01.922000+00:00,K+NP,0.870103,0,0.13107817186425258,0.12989700000000004,0.12989700000000004,-0.0011811718642525393,False
single_1m_hold,KXBTC15M-26MAY271015-15,1m,1m,2026-05-27 14:14:00.312000+00:00,K+NP,0.96420048,0,0.03451844522983957,0.035799519999999974,0.035799519999999974,0.0012810747701604008,False
single_1m_hold,KXBTC15M-26MAY271230-30,1m,1m,2026-05-27 16:29:00.475000+00:00,K+NP,0.56451472,0,0.014330019919650347,0.43548528,0.43548528,0.42115526008034965,False
single_1m_hold,KXBTC15M-26MAY271430-30,1m,1m,2026-05-27 18:29:13.756000+00:00,NK+P,0.84240325,0,0.030238206484225177,0.15759674999999995,0.15759674999999995,0.12735854351577477,False
single_1m_hold,KXBTC15M-26MAY271845-45,1m,1m,2026-05-27 22:44:05.014000+00:00,K+NP,0.8259450000000002,0,0.02483983708628221,0.17405499999999985,0.17405499999999985,0.14921516291371764,False
single_1m_hold,KXBTC15M-26MAY272030-30,1m,1m,2026-05-28 00:29:01.231000+00:00,K+NP,0.63977268,0,0.11695885541268146,0.36022732,0.36022732,0.24326846458731854,False
single_1m_hold,KXBTC15M-26MAY272300-00,1m,1m,2026-05-28 02:59:01.143000+00:00,NK+P,0.94481668,0,0.08958884036785858,0.055183320000000036,0.055183320000000036,-0.034405520367858544,False
single_1m_hold,KXBTC15M-26MAY272315-15,1m,1m,2026-05-28 03:14:12.031000+00:00,K+NP,0.96512937,0,0.01669250247802032,0.034870630000000014,0.034870630000000014,0.018178127521979694,False
single_1m_hold,KXBTC15M-26MAY280145-45,1m,1m,2026-05-28 05:44:16.589000+00:00,NK+P,0.7179865699999999,0,0.08409636916057427,0.2820134300000001,0.2820134300000001,0.19791706083942584,False
single_1m_hold,KXBTC15M-26MAY280545-45,1m,1m,2026-05-28 09:44:00.491000+00:00,NK+P,0.42423472,0,0.018963828473254066,0.5757652799999999,0.5757652799999999,0.5568014515267459,False
single_1m_hold,KXBTC15M-26MAY281015-15,1m,1m,2026-05-28 14:14:01.562000+00:00,NK+P,0.8679720000000001,1,2.177929446596764e-06,-0.8679720000000001,-0.8679720000000001,0.13202582207055333,False
single_1m_hold,KXBTC15M-26MAY281045-45,1m,1m,2026-05-28 14:44:01.030000+00:00,K+NP,0.96627317,0,0.04967211492426269,0.033726829999999985,0.033726829999999985,-0.015945284924262705,False
single_1m_hold,KXBTC15M-26MAY281100-00,1m,1m,2026-05-28 14:59:01.950000+00:00,NK+P,0.53568937,0,0.06514400128611532,0.46431062999999995,0.46431062999999995,0.39916662871388464,False
single_1m_hold,KXBTC15M-26MAY281215-15,1m,1m,2026-05-28 16:14:02.108000+00:00,NK+P,0.23071972000000002,0,0.002852616341869004,0.76928028,0.76928028,0.7664276636581311,False
single_1m_hold,KXBTC15M-26MAY281245-45,1m,1m,2026-05-28 16:44:02.085000+00:00,NK+P,0.65793748,0,0.013513217791147912,0.34206252000000004,0.34206252000000004,0.32854930220885215,False
single_1m_hold,KXBTC15M-26MAY281600-00,1m,1m,2026-05-28 19:59:00.607000+00:00,NK+P,0.9450520000000001,1,0.09059484351181343,-0.9450520000000001,-0.9450520000000001,-0.03564684351181355,False
single_1m_hold,KXBTC15M-26MAY281630-30,1m,1m,2026-05-28 20:29:01.482000+00:00,NK+P,0.93646437,0,0.03650417843136555,0.06353562999999995,0.06353562999999995,0.0270314515686344,False
single_1m_hold,KXBTC15M-26MAY281945-45,1m,1m,2026-05-28 23:44:00.578000+00:00,K+NP,0.52463472,0,0.047828431155961394,0.47536528,0.47536528,0.4275368488440386,False
single_1m_hold,KXBTC15M-26MAY282000-00,1m,1m,2026-05-28 23:59:28.494000+00:00,NK+P,0.19165888,0,0.016344025900426242,0.80834112,0.80834112,0.7919970940995738,False
single_1m_hold,KXBTC15M-26MAY282115-15,1m,1m,2026-05-29 01:14:00.876000+00:00,NK+P,0.9598615699999999,0,0.044059501775568895,0.04013843000000006,0.04013843000000006,-0.0039210717755688365,False
single_1m_hold,KXBTC15M-26MAY282215-15,1m,1m,2026-05-29 02:14:03.610000+00:00,NK+P,0.964192,0,0.08738440519603237,0.03580799999999995,0.03580799999999995,-0.05157640519603242,False
single_1m_hold,KXBTC15M-26MAY290330-30,1m,1m,2026-05-29 07:29:28.271000+00:00,K+NP,0.5146397199999999,0,0.031003539108527982,0.4853602800000001,0.4853602800000001,0.4543567408914721,False
single_1m_hold,KXBTC15M-26MAY290400-00,1m,1m,2026-05-29 07:59:01.710000+00:00,NK+P,0.52463472,0,0.008484048710418707,0.47536528,0.47536528,0.4668812312895813,False
single_1m_hold,KXBTC15M-26MAY290600-00,1m,1m,2026-05-29 09:59:06.943000+00:00,K+NP,0.54459472,0,0.022156037872846174,0.45540528,0.45540528,0.4332492421271539,False
single_1m_hold,KXBTC15M-26MAY290615-15,1m,1m,2026-05-29 10:14:01.380000+00:00,K+NP,0.9545147199999999,0,0.028916680726592463,0.04548528000000007,0.04548528000000007,0.01656859927340761,False
single_1m_hold,KXBTC15M-26MAY290930-30,1m,1m,2026-05-29 13:29:01.960000+00:00,K+NP,0.5146397199999999,0,0.009988465884174817,0.4853602800000001,0.4853602800000001,0.4753718141158253,False
any_5_3_2_1_latch_hold,KXBTC15M-26MAY170030-30,3m,3m,2026-05-17 04:27:23.062000+00:00,NK+P,0.7309880000000001,0,0.04498342286629008,0.2690119999999999,0.2690119999999999,0.22402857713370983,False
any_5_3_2_1_latch_hold,KXBTC15M-26MAY170345-45,1m,1m,2026-05-17 07:44:18.938000+00:00,NK+P,0.47883748000000004,0,0.09991473947187575,0.52116252,0.52116252,0.4212477805281242,False
any_5_3_2_1_latch_hold,KXBTC15M-26MAY170915-15,2m,2m,2026-05-17 13:13:00.466000+00:00,K+NP,0.6853338800000001,0,0.04986618101497054,0.31466611999999994,0.31466611999999994,0.2647999389850294,False
any_5_3_2_1_latch_hold,KXBTC15M-26MAY171015-15,3m,3m,2026-05-17 14:12:03.278000+00:00,K+NP,0.6095815699999999,0,0.07632760602631675,0.3904184300000001,0.3904184300000001,0.3140908239736834,False
any_5_3_2_1_latch_hold,KXBTC15M-26MAY171145-45,3m,3m,2026-05-17 15:42:34.404000+00:00,K+NP,0.806617,0,0.07543060623452034,0.19338299999999997,-0.806617,0.11795239376547963,True
any_5_3_2_1_latch_hold,KXBTC15M-26MAY171515-15,1m,1m,2026-05-17 19:14:39.317000+00:00,K+NP,0.94495972,0,0.08296248073487139,0.05504028000000005,0.05504028000000005,-0.02792220073487134,False
any_5_3_2_1_latch_hold,KXBTC15M-26MAY171930-30,2m,2m,2026-05-17 23:28:14.903000+00:00,K+NP,0.9217449999999999,0,0.0705344977763478,0.07825500000000007,-0.9217449999999999,0.007720502223652281,True
any_5_3_2_1_latch_hold,KXBTC15M-26MAY172100-00,3m,3m,2026-05-18 00:59:05.325000+00:00,NK+P,0.49568936999999996,0,0.07624352075594375,0.50431063,-0.49568936999999996,0.4280671092440562,True
any_5_3_2_1_latch_hold,KXBTC15M-26MAY172130-30,5m,5m,2026-05-18 01:25:00.695000+00:00,K+NP,0.9599045300000001,0,0.044301743765178016,0.04009546999999991,0.04009546999999991,-0.004206273765178105,False
any_5_3_2_1_latch_hold,KXBTC15M-26MAY172200-00,5m,5m,2026-05-18 01:58:34.361000+00:00,NK+P,0.8488597199999999,0,0.046086808764670875,0.15114028000000013,-0.8488597199999999,0.10505347123532925,True
any_5_3_2_1_latch_hold,KXBTC15M-26MAY172215-15,5m,5m,2026-05-18 02:10:31.621000+00:00,K+NP,0.9311769999999999,0,0.013678015103574685,0.06882300000000008,0.06882300000000008,0.05514498489642539,False
any_5_3_2_1_latch_hold,KXBTC15M-26MAY172230-30,3m,3m,2026-05-18 02:29:46.465000+00:00,K+NP,0.7517597199999999,0,0.06320029696171525,0.2482402800000001,0.2482402800000001,0.18503998303828484,False
any_5_3_2_1_latch_hold,KXBTC15M-26MAY172300-00,3m,3m,2026-05-18 02:57:31.925000+00:00,K+NP,0.96739297,0,0.0707128636844444,0.03260702999999998,0.03260702999999998,-0.03810583368444442,False
any_5_3_2_1_latch_hold,KXBTC15M-26MAY180100-00,1m,1m,2026-05-18 04:59:12.007000+00:00,NK+P,0.38593387999999995,0,0.08852689925493726,0.61406612,0.61406612,0.5255392207450628,False
any_5_3_2_1_latch_hold,KXBTC15M-26MAY180230-30,3m,3m,2026-05-18 06:27:13.271000+00:00,K+NP,0.88098628,0,0.05481766746441591,0.11901371999999999,0.11901371999999999,0.06419605253558408,False
any_5_3_2_1_latch_hold,KXBTC15M-26MAY180330-30,2m,2m,2026-05-18 07:28:48.386000+00:00,NK+P,0.9693642,0,0.05130743541135555,0.03063579999999999,0.03063579999999999,-0.02067163541135556,False
any_5_3_2_1_latch_hold,KXBTC15M-26MAY180515-15,3m,3m,2026-05-18 09:12:00.542000+00:00,K+NP,0.8820724799999999,0,0.0393882820574036,0.11792752000000006,0.11792752000000006,0.07853923794259646,False
any_5_3_2_1_latch_hold,KXBTC15M-26MAY180530-30,1m,1m,2026-05-18 09:29:02.288000+00:00,NK+P,0.6928165300000001,0,0.061900332012402526,0.3071834699999999,0.3071834699999999,0.24528313798759738,False
any_5_3_2_1_latch_hold,KXBTC15M-26MAY180715-15,5m,5m,2026-05-18 11:10:06.865000+00:00,K+NP,0.969452,0,0.017162347988202528,0.03054800000000002,-0.969452,0.013385652011797491,True
any_5_3_2_1_latch_hold,KXBTC15M-26MAY181030-30,3m,3m,2026-05-18 14:28:18.056000+00:00,NK+P,0.96202717,0,0.06882770788841448,0.03797282999999996,-0.96202717,-0.030854877888414525,True
any_5_3_2_1_latch_hold,KXBTC15M-26MAY181430-30,3m,3m,2026-05-18 18:27:00.783000+00:00,K+NP,0.7049738799999999,0,0.0282182106663742,0.29502612000000006,0.29502612000000006,0.26680790933362586,False
any_5_3_2_1_latch_hold,KXBTC15M-26MAY181845-45,3m,3m,2026-05-18 22:42:01.910000+00:00,K+NP,0.938605,0,0.06970404820941917,0.06139499999999998,0.06139499999999998,-0.00830904820941919,False
any_5_3_2_1_latch_hold,KXBTC15M-26MAY190000-00,5m,5m,2026-05-19 03:55:04.179000+00:00,NK+P,0.964852,0,0.04283907176173265,0.03514799999999996,0.03514799999999996,-0.0076910717617326915,False
any_5_3_2_1_latch_hold,KXBTC15M-26MAY190200-00,1m,1m,2026-05-19 05:59:00.591000+00:00,K+NP,0.914868,0,0.10361687047590022,0.08513199999999999,0.08513199999999999,-0.018484870475900236,False
any_5_3_2_1_latch_hold,KXBTC15M-26MAY190230-30,1m,1m,2026-05-19 06:29:38.074000+00:00,NK+P,0.938605,0,0.0466644404383726,0.06139499999999998,0.06139499999999998,0.01473055956162738,False
any_5_3_2_1_latch_hold,KXBTC15M-26MAY190315-15,3m,3m,2026-05-19 07:13:26.833000+00:00,NK+P,0.52066477,0,0.06489679983612846,0.47933523,-0.52066477,0.41443843016387155,True
any_5_3_2_1_latch_hold,KXBTC15M-26MAY190445-45,5m,5m,2026-05-19 08:40:28.554000+00:00,NK+P,0.96529372,0,0.0252934071457482,0.03470627999999998,0.03470627999999998,0.00941287285425178,False
any_5_3_2_1_latch_hold,KXBTC15M-26MAY190515-15,1m,1m,2026-05-19 09:14:02.309000+00:00,K+NP,0.96512937,0,0.07574245509426003,0.034870630000000014,0.034870630000000014,-0.04087182509426002,False
any_5_3_2_1_latch_hold,KXBTC15M-26MAY190815-15,2m,2m,2026-05-19 12:13:13.284000+00:00,NK+P,0.63045052,0,0.062211317981581624,0.36954948,0.36954948,0.30733816201841835,False
any_5_3_2_1_latch_hold,KXBTC15M-26MAY190930-30,3m,3m,2026-05-19 13:27:01.522000+00:00,K+NP,0.67335972,0,0.034031084132672834,0.32664028,0.32664028,0.29260919586732714,False
any_5_3_2_1_latch_hold,KXBTC15M-26MAY191730-30,1m,1m,2026-05-19 21:29:00.690000+00:00,NK+P,0.850355,0,0.06913444335412366,0.14964500000000003,0.14964500000000003,0.08051055664587636,False
any_5_3_2_1_latch_hold,KXBTC15M-26MAY191845-45,3m,3m,2026-05-19 22:42:02.863000+00:00,NK+P,0.8111249200000001,0,0.048496663610844766,0.18887507999999986,0.18887507999999986,0.1403784163891551,False
any_5_3_2_1_latch_hold,KXBTC15M-26MAY191930-30,3m,3m,2026-05-19 23:28:32.167000+00:00,NK+P,0.81013972,0,0.04339413657926989,0.18986028,0.18986028,0.1464661434207301,False
any_5_3_2_1_latch_hold,KXBTC15M-26MAY192345-45,2m,2m,2026-05-20 03:43:00.594000+00:00,K+NP,0.652348,0,0.032047219560454705,0.34765199999999996,0.34765199999999996,0.31560478043954526,False
any_5_3_2_1_latch_hold,KXBTC15M-26MAY200015-15,3m,3m,2026-05-20 04:13:21.506000+00:00,NK+P,0.92371933,0,0.0605905153448567,0.07628067000000005,0.07628067000000005,0.015690154655143347,False
any_5_3_2_1_latch_hold,KXBTC15M-26MAY200500-00,3m,3m,2026-05-20 08:57:47.504000+00:00,K+NP,0.84341425,0,0.07799015540569648,0.15658574999999997,0.15658574999999997,0.07859559459430349,False
any_5_3_2_1_latch_hold,KXBTC15M-26MAY200900-00,3m,3m,2026-05-20 12:57:00.098000+00:00,NK+P,0.82411248,0,0.038768608260783405,0.17588751999999996,0.17588751999999996,0.13711891173921656,False
any_5_3_2_1_latch_hold,KXBTC15M-26MAY201000-00,5m,5m,2026-05-20 13:55:00.785000+00:00,NK+P,0.91448533,0,0.024163607857778678,0.08551467000000001,0.08551467000000001,0.06135106214222134,False
any_5_3_2_1_latch_hold,KXBTC15M-26MAY201545-45,3m,3m,2026-05-20 19:42:00.982000+00:00,NK+P,0.9503570800000001,0,0.06528475323933115,0.049642919999999924,-0.9503570800000001,-0.01564183323933123,True
any_5_3_2_1_latch_hold,KXBTC15M-26MAY201815-15,5m,5m,2026-05-20 22:13:12.414000+00:00,K+NP,0.52463472,0,0.03946005092616224,0.47536528,0.47536528,0.4359052290738378,False
any_5_3_2_1_latch_hold,KXBTC15M-26MAY201845-45,5m,5m,2026-05-20 22:40:15.568000+00:00,NK+P,0.9579880000000001,0,0.04782877213298193,0.04201199999999994,-0.9579880000000001,-0.005816772132981991,True
any_5_3_2_1_latch_hold,KXBTC15M-26MAY202145-45,2m,2m,2026-05-21 01:43:00.502000+00:00,NK+P,0.938605,0,0.04226168376578709,0.06139499999999998,0.06139499999999998,0.01913331623421289,False
any_5_3_2_1_latch_hold,KXBTC15M-26MAY202330-30,2m,2m,2026-05-21 03:28:00.491000+00:00,NK+P,0.30991933,0,0.009393674005158408,0.69008067,0.69008067,0.6806869959948415,False
any_5_3_2_1_latch_hold,KXBTC15M-26MAY210100-00,1m,1m,2026-05-21 04:59:00.948000+00:00,NK+P,0.57659888,0,0.04022871605202425,0.42340111999999996,0.42340111999999996,0.3831724039479757,False
any_5_3_2_1_latch_hold,KXBTC15M-26MAY210115-15,3m,3m,2026-05-21 05:12:07.047000+00:00,K+NP,0.9672549699999999,0,0.04996956263600574,0.032745030000000064,0.032745030000000064,-0.01722453263600568,False
any_5_3_2_1_latch_hold,KXBTC15M-26MAY210600-00,5m,5m,2026-05-21 09:55:01.120000+00:00,NK+P,0.9498230000000001,0,0.0490291198777685,0.050176999999999916,-0.9498230000000001,0.0011478801222314164,True
any_5_3_2_1_latch_hold,KXBTC15M-26MAY211130-30,3m,3m,2026-05-21 15:28:20.955000+00:00,NK+P,0.52998157,0,0.07452779408555009,0.47001843,0.47001843,0.3954906359144499,False
any_5_3_2_1_latch_hold,KXBTC15M-26MAY211145-45,3m,3m,2026-05-21 15:42:02.509000+00:00,K+NP,0.929497,0,0.07156215847656366,0.07050299999999998,-0.929497,-0.001059158476563682,True
any_5_3_2_1_latch_hold,KXBTC15M-26MAY211200-00,5m,5m,2026-05-21 15:55:05.959000+00:00,NK+P,0.952993,0,0.020952923287098732,0.04700700000000002,-0.952993,0.02605407671290129,True
any_5_3_2_1_latch_hold,KXBTC15M-26MAY211300-00,2m,2m,2026-05-21 16:58:00.563000+00:00,NK+P,0.5677232500000001,0,0.0442457071447072,0.4322767499999999,0.4322767499999999,0.38803104285529266,False
any_5_3_2_1_latch_hold,KXBTC15M-26MAY211315-15,3m,3m,2026-05-21 17:12:00.616000+00:00,NK+P,0.7322197199999999,0,0.02928268719725217,0.2677802800000001,0.2677802800000001,0.23849759280274793,False
any_5_3_2_1_latch_hold,KXBTC15M-26MAY211545-45,3m,3m,2026-05-21 19:43:39.986000+00:00,NK+P,0.7081815699999999,0,0.03815331171056406,0.2918184300000001,-0.7081815699999999,0.253665118289436,True
any_5_3_2_1_latch_hold,KXBTC15M-26MAY211600-00,3m,3m,2026-05-21 19:57:20.270000+00:00,NK+P,0.7265342499999999,0,0.04795215742855258,0.27346575000000006,0.27346575000000006,0.22551359257144749,False
any_5_3_2_1_latch_hold,KXBTC15M-26MAY211730-30,1m,1m,2026-05-21 21:29:01.247000+00:00,NK+P,0.936537,0,0.08137084478530816,0.06346300000000005,0.06346300000000005,-0.017907844785308116,False
any_5_3_2_1_latch_hold,KXBTC15M-26MAY211800-00,2m,2m,2026-05-21 21:58:15.617000+00:00,K+NP,0.6371282500000001,0,0.06889207055336795,0.36287174999999994,0.36287174999999994,0.293979679446632,False
any_5_3_2_1_latch_hold,KXBTC15M-26MAY212015-15,3m,3m,2026-05-22 00:12:00.494000+00:00,K+NP,0.8327282500000001,0,0.028327284883771855,0.16727174999999994,0.16727174999999994,0.1389444651162281,False
any_5_3_2_1_latch_hold,KXBTC15M-26MAY212115-15,1m,1m,2026-05-22 01:14:02.228000+00:00,NK+P,0.55455972,0,0.0387877361550488,0.44544028,0.44544028,0.4066525438449512,False
any_5_3_2_1_latch_hold,KXBTC15M-26MAY220045-45,3m,3m,2026-05-22 04:42:00.097000+00:00,K+NP,0.55207933,0,0.033825967210372926,0.44792067,0.44792067,0.4140947027896271,False
any_5_3_2_1_latch_hold,KXBTC15M-26MAY220130-30,5m,5m,2026-05-22 05:25:00.867000+00:00,K+NP,0.53920625,0,0.0039133644470669355,0.46079375,0.46079375,0.4568803855529331,False
any_5_3_2_1_latch_hold,KXBTC15M-26MAY220400-00,3m,3m,2026-05-22 07:58:17.861000+00:00,K+NP,0.5199865699999999,0,0.06610487427793896,0.4800134300000001,0.4800134300000001,0.4139085557220611,False
any_5_3_2_1_latch_hold,KXBTC15M-26MAY220930-30,3m,3m,2026-05-22 13:27:00.464000+00:00,K+NP,0.43171933,0,0.03348044531462631,0.56828067,0.56828067,0.5348002246853737,False
any_5_3_2_1_latch_hold,KXBTC15M-26MAY221000-00,1m,1m,2026-05-22 13:59:00.506000+00:00,NK+P,0.91730437,0,0.12956748033940402,0.08269563000000002,0.08269563000000002,-0.046871850339404,False
any_5_3_2_1_latch_hold,KXBTC15M-26MAY221145-45,5m,5m,2026-05-22 15:40:02.554000+00:00,NK+P,0.9697700800000001,0,0.03112373641541456,0.03022991999999991,0.03022991999999991,-0.0008938164154146493,False
any_5_3_2_1_latch_hold,KXBTC15M-26MAY221300-00,3m,3m,2026-05-22 16:58:46.487000+00:00,NK+P,0.7809947199999999,0,0.0643858019162039,0.21900528000000008,-0.7809947199999999,0.15461947808379617,True
any_5_3_2_1_latch_hold,KXBTC15M-26MAY221515-15,5m,5m,2026-05-22 19:10:00.393000+00:00,K+NP,0.50489413,0,0.003676558997779263,0.49510586999999995,0.49510586999999995,0.4914293110022207,False
any_5_3_2_1_latch_hold,KXBTC15M-26MAY221830-30,3m,3m,2026-05-22 22:27:00.169000+00:00,K+NP,0.50891248,0,0.056964929416718414,0.49108752,0.49108752,0.43412259058328156,False
any_5_3_2_1_latch_hold,KXBTC15M-26MAY222115-15,3m,3m,2026-05-23 01:12:03.560000+00:00,K+NP,0.9696182499999999,0,0.01866217590001514,0.030381750000000096,0.030381750000000096,0.011719574099984958,False
any_5_3_2_1_latch_hold,KXBTC15M-26MAY230045-45,3m,3m,2026-05-23 04:42:22.550000+00:00,K+NP,0.574492,0,0.06330115599397697,0.425508,0.425508,0.36220684400602304,False
any_5_3_2_1_latch_hold,KXBTC15M-26MAY230100-00,1m,1m,2026-05-23 04:59:00.102000+00:00,NK+P,0.8605611200000001,0,0.0665377807822717,0.13943887999999993,0.13943887999999993,0.07290109921772824,False
any_5_3_2_1_latch_hold,KXBTC15M-26MAY230315-15,5m,5m,2026-05-23 07:10:24.527000+00:00,K+NP,0.934548,0,0.048363826045279064,0.06545199999999995,0.06545199999999995,0.01708817395472089,False
any_5_3_2_1_latch_hold,KXBTC15M-26MAY230330-30,3m,3m,2026-05-23 07:27:00.739000+00:00,K+NP,0.87350657,0,0.05428837655579213,0.12649343000000002,0.12649343000000002,0.07220505344420788,False
any_5_3_2_1_latch_hold,KXBTC15M-26MAY230700-00,3m,3m,2026-05-23 10:58:26.654000+00:00,K+NP,0.59081052,0,0.0629900802034389,0.40918948,0.40918948,0.3461993997965611,False
any_5_3_2_1_latch_hold,KXBTC15M-26MAY230815-15,3m,3m,2026-05-23 12:12:11.281000+00:00,K+NP,0.523193,0,0.06770982654678555,0.476807,0.476807,0.40909717345321445,False
any_5_3_2_1_latch_hold,KXBTC15M-26MAY230915-15,3m,3m,2026-05-23 13:13:06.015000+00:00,NK+P,0.5278432500000001,0,0.019995057181778932,0.4721567499999999,0.4721567499999999,0.452161692818221,False
any_5_3_2_1_latch_hold,KXBTC15M-26MAY231045-45,3m,3m,2026-05-23 14:43:02.509000+00:00,NK+P,0.45552937,0,0.07032064268060174,0.54447063,0.54447063,0.4741499873193982,False
any_5_3_2_1_latch_hold,KXBTC15M-26MAY231430-30,5m,5m,2026-05-23 18:27:12.259000+00:00,K+NP,0.9699929200000001,0,0.025081459011220525,0.030007079999999853,-0.9699929200000001,0.004925620988779328,True
any_5_3_2_1_latch_hold,KXBTC15M-26MAY231515-15,3m,3m,2026-05-23 19:12:35.020000+00:00,K+NP,0.9482200000000001,0,0.07593184264922337,0.05177999999999994,-0.9482200000000001,-0.02415184264922343,True
any_5_3_2_1_latch_hold,KXBTC15M-26MAY231530-30,3m,3m,2026-05-23 19:27:00.405000+00:00,NK+P,0.523193,0,0.027611301805291474,0.476807,0.476807,0.4491956981947085,False
any_5_3_2_1_latch_hold,KXBTC15M-26MAY231715-15,5m,5m,2026-05-23 21:10:28.671000+00:00,NK+P,0.9634249999999999,0,0.042651384338724715,0.036575000000000135,0.036575000000000135,-0.00607638433872458,False
any_5_3_2_1_latch_hold,KXBTC15M-26MAY231930-30,3m,3m,2026-05-23 23:27:00.829000+00:00,K+NP,0.9682151699999999,0,0.07489408500063256,0.0317848300000001,-0.9682151699999999,-0.043109255000632465,True
any_5_3_2_1_latch_hold,KXBTC15M-26MAY232115-15,3m,3m,2026-05-24 01:12:28.193000+00:00,K+NP,0.9579880000000001,0,0.07177259126446459,0.04201199999999994,-0.9579880000000001,-0.029760591264464648,True
any_5_3_2_1_latch_hold,KXBTC15M-26MAY232200-00,1m,1m,2026-05-24 01:59:03.995000+00:00,NK+P,0.85851472,0,0.06811609134358548,0.14148528000000005,0.14148528000000005,0.07336918865641456,False
any_5_3_2_1_latch_hold,KXBTC15M-26MAY232215-15,3m,3m,2026-05-24 02:13:01.629000+00:00,NK+P,0.966925,0,0.0782260323260318,0.033074999999999966,-0.966925,-0.045151032326031834,True
any_5_3_2_1_latch_hold,KXBTC15M-26MAY240015-15,2m,2m,2026-05-24 04:13:01.130000+00:00,K+NP,0.917833,0,0.07113889762658597,0.08216699999999999,0.08216699999999999,0.01102810237341402,False
any_5_3_2_1_latch_hold,KXBTC15M-26MAY240045-45,1m,1m,2026-05-24 04:44:00.398000+00:00,NK+P,0.945917,0,0.13321652979791523,0.05408299999999999,0.05408299999999999,-0.07913352979791524,False
any_5_3_2_1_latch_hold,KXBTC15M-26MAY240215-15,1m,1m,2026-05-24 06:14:02.001000+00:00,NK+P,0.927283,0,0.13107375426801782,0.07271700000000003,0.07271700000000003,-0.058356754268017785,False
any_5_3_2_1_latch_hold,KXBTC15M-26MAY240315-15,3m,3m,2026-05-24 07:12:02.610000+00:00,K+NP,0.5816123200000001,0,0.05081196349018696,0.41838767999999993,0.41838767999999993,0.36757571650981297,False
any_5_3_2_1_latch_hold,KXBTC15M-26MAY240345-45,1m,1m,2026-05-24 07:44:12.811000+00:00,K+NP,0.72350437,0,0.0717116392175615,0.27649563,0.27649563,0.20478399078243847,False
any_5_3_2_1_latch_hold,KXBTC15M-26MAY241030-30,3m,3m,2026-05-24 14:28:16.148000+00:00,NK+P,0.826012,0,0.07742025731910908,0.17398800000000003,0.17398800000000003,0.09656774268089095,False
any_5_3_2_1_latch_hold,KXBTC15M-26MAY241300-00,5m,5m,2026-05-24 16:56:24.269000+00:00,NK+P,0.64914157,0,0.04192480822153607,0.35085843000000005,0.35085843000000005,0.308933621778464,False
any_5_3_2_1_latch_hold,KXBTC15M-26MAY241530-30,1m,1m,2026-05-24 19:29:23.109000+00:00,NK+P,0.9643480000000001,0,0.09804734001864585,0.035651999999999906,0.035651999999999906,-0.06239534001864594,False
any_5_3_2_1_latch_hold,KXBTC15M-26MAY241615-15,3m,3m,2026-05-24 20:14:04.470000+00:00,K+NP,0.92581972,0,0.06457056636223872,0.07418027999999999,0.07418027999999999,0.009609713637761266,False
any_5_3_2_1_latch_hold,KXBTC15M-26MAY242030-30,2m,2m,2026-05-25 00:28:27.926000+00:00,K+NP,0.9489970000000001,1,0.05986504806440877,-0.9489970000000001,-0.9489970000000001,-0.008862048064408858,True
any_5_3_2_1_latch_hold,KXBTC15M-26MAY250230-30,2m,2m,2026-05-25 06:28:56.506000+00:00,K+NP,0.96512937,0,0.05101215483935167,0.034870630000000014,0.034870630000000014,-0.016141524839351655,False
any_5_3_2_1_latch_hold,KXBTC15M-26MAY250245-45,5m,5m,2026-05-25 06:40:40.514000+00:00,NK+P,0.64807248,0,0.025456409638063185,0.35192752000000005,0.35192752000000005,0.3264711103619369,False
any_5_3_2_1_latch_hold,KXBTC15M-26MAY250315-15,3m,3m,2026-05-25 07:13:24.991000+00:00,K+NP,0.37740925000000003,0,0.07723510535649308,0.62259075,0.62259075,0.5453556446435068,False
any_5_3_2_1_latch_hold,KXBTC15M-26MAY250545-45,1m,1m,2026-05-25 09:44:01.914000+00:00,NK+P,0.75496825,0,0.02894141953520506,0.24503175,0.24503175,0.21609033046479492,False
any_5_3_2_1_latch_hold,KXBTC15M-26MAY250730-30,3m,3m,2026-05-25 11:27:31.967000+00:00,K+NP,0.9663680000000001,0,0.07720494498893488,0.033631999999999884,-0.9663680000000001,-0.04357294498893499,True
any_5_3_2_1_latch_hold,KXBTC15M-26MAY250815-15,1m,1m,2026-05-25 12:14:02.390000+00:00,NK+P,0.945917,0,0.026953472331467627,0.05408299999999999,0.05408299999999999,0.027129527668532365,False
any_5_3_2_1_latch_hold,KXBTC15M-26MAY250915-15,1m,1m,2026-05-25 13:14:00.942000+00:00,K+NP,0.94923748,0,0.028839346873235753,0.05076252000000003,0.05076252000000003,0.02192317312676428,False
any_5_3_2_1_latch_hold,KXBTC15M-26MAY250945-45,3m,3m,2026-05-25 13:42:00.095000+00:00,K+NP,0.816913,1,0.06802926106368944,-0.816913,-0.816913,0.11505773893631056,True
any_5_3_2_1_latch_hold,KXBTC15M-26MAY251130-30,2m,2m,2026-05-25 15:28:00.119000+00:00,K+NP,0.93333232,0,0.07182124251307477,0.06666768,0.06666768,-0.005153562513074764,False
any_5_3_2_1_latch_hold,KXBTC15M-26MAY251145-45,1m,1m,2026-05-25 15:44:04.778000+00:00,NK+P,0.45615317,0,0.04700109882743467,0.54384683,0.54384683,0.49684573117256536,False
any_5_3_2_1_latch_hold,KXBTC15M-26MAY251200-00,1m,1m,2026-05-25 15:59:01.580000+00:00,K+NP,0.915193,0,0.08925756890264434,0.08480699999999997,0.08480699999999997,-0.004450568902644378,False
any_5_3_2_1_latch_hold,KXBTC15M-26MAY251215-15,5m,5m,2026-05-25 16:10:22.099000+00:00,K+NP,0.96056272,0,0.04728273159999223,0.03943728000000002,0.03943728000000002,-0.007845451599992212,False
any_5_3_2_1_latch_hold,KXBTC15M-26MAY251230-30,2m,2m,2026-05-25 16:28:40.873000+00:00,NK+P,0.63391972,0,0.07706972773971615,0.36608028000000004,0.36608028000000004,0.2890105522602839,False
any_5_3_2_1_latch_hold,KXBTC15M-26MAY251500-00,3m,3m,2026-05-25 18:57:55.361000+00:00,K+NP,0.48204433,0,0.07559205178326235,0.51795567,0.51795567,0.44236361821673764,False
any_5_3_2_1_latch_hold,KXBTC15M-26MAY251715-15,2m,2m,2026-05-25 21:13:12.520000+00:00,NK+P,0.56879248,0,0.04623532924375944,0.43120751999999996,0.43120751999999996,0.3849721907562405,False
any_5_3_2_1_latch_hold,KXBTC15M-26MAY251845-45,3m,3m,2026-05-25 22:42:11.694000+00:00,K+NP,0.50998157,0,0.056115115844355565,0.49001843,0.49001843,0.4339033141556444,False
any_5_3_2_1_latch_hold,KXBTC15M-26MAY251900-00,1m,1m,2026-05-25 22:59:14.687000+00:00,K+NP,0.95671817,0,0.11451317314745524,0.043281829999999966,0.043281829999999966,-0.07123134314745527,False
any_5_3_2_1_latch_hold,KXBTC15M-26MAY251945-45,3m,3m,2026-05-25 23:42:29.911000+00:00,NK+P,0.5199865699999999,0,0.07440131208353522,0.4800134300000001,0.4800134300000001,0.40561211791646484,False
any_5_3_2_1_latch_hold,KXBTC15M-26MAY252000-00,1m,1m,2026-05-25 23:59:04.259000+00:00,NK+P,0.965297,1,0.07979593123915446,-0.965297,-0.965297,-0.04509293123915442,False
any_5_3_2_1_latch_hold,KXBTC15M-26MAY252015-15,3m,3m,2026-05-26 00:13:04.118000+00:00,K+NP,0.8852793299999999,0,0.06730151970018333,0.11472067000000008,0.11472067000000008,0.04741915029981675,False
any_5_3_2_1_latch_hold,KXBTC15M-26MAY252300-00,1m,1m,2026-05-26 02:59:00.376000+00:00,NK+P,0.93119708,0,0.08345197601138073,0.06880291999999999,0.06880291999999999,-0.014649056011380737,False
any_5_3_2_1_latch_hold,KXBTC15M-26MAY252345-45,5m,5m,2026-05-26 03:41:52.041000+00:00,NK+P,0.96734128,0,0.04207010747760914,0.03265872000000003,0.03265872000000003,-0.009411387477609112,False
any_5_3_2_1_latch_hold,KXBTC15M-26MAY260045-45,3m,3m,2026-05-26 04:42:02.120000+00:00,NK+P,0.8469329999999999,0,0.07863996024566541,0.15306700000000006,-0.8469329999999999,0.07442703975433465,True
any_5_3_2_1_latch_hold,KXBTC15M-26MAY260345-45,1m,1m,2026-05-26 07:44:01.828000+00:00,K+NP,0.9598615699999999,0,0.06850387889759992,0.04013843000000006,0.04013843000000006,-0.028365448897599857,False
any_5_3_2_1_latch_hold,KXBTC15M-26MAY260515-15,3m,3m,2026-05-26 09:12:00.350000+00:00,K+NP,0.93051137,0,0.07186908796288592,0.06948863000000005,-0.93051137,-0.0023804579628858707,True
any_5_3_2_1_latch_hold,KXBTC15M-26MAY260600-00,1m,1m,2026-05-26 09:59:00.141000+00:00,K+NP,0.90451732,0,0.10568787508937591,0.09548268000000004,0.09548268000000004,-0.010205195089375868,False
any_5_3_2_1_latch_hold,KXBTC15M-26MAY260630-30,3m,3m,2026-05-26 10:27:01.654000+00:00,NK+P,0.53568937,0,0.06718325135364472,0.46431062999999995,0.46431062999999995,0.3971273786463552,False
any_5_3_2_1_latch_hold,KXBTC15M-26MAY260715-15,3m,3m,2026-05-26 11:12:41.632000+00:00,K+NP,0.55990657,0,0.05859552878341883,0.44009343,0.44009343,0.38149790121658117,False
any_5_3_2_1_latch_hold,KXBTC15M-26MAY260915-15,2m,2m,2026-05-26 13:13:11.789000+00:00,K+NP,0.58760325,0,0.05294497603290644,0.41239675,0.41239675,0.35945177396709355,False
any_5_3_2_1_latch_hold,KXBTC15M-26MAY261100-00,3m,3m,2026-05-26 14:58:42.377000+00:00,NK+P,0.52998157,0,0.06575265153134491,0.47001843,0.47001843,0.4042657784686551,False
any_5_3_2_1_latch_hold,KXBTC15M-26MAY261145-45,3m,3m,2026-05-26 15:42:18.295000+00:00,K+NP,0.95997557,0,0.03994604433092794,0.04002443,0.04002443,7.83856690720619e-05,False
any_5_3_2_1_latch_hold,KXBTC15M-26MAY261215-15,3m,3m,2026-05-26 16:13:06.998000+00:00,K+NP,0.57445972,0,0.06462691480474773,0.42554028,0.42554028,0.36091336519525224,False
any_5_3_2_1_latch_hold,KXBTC15M-26MAY261345-45,3m,3m,2026-05-26 17:42:03.567000+00:00,K+NP,0.9482200000000001,0,0.05442477067056685,0.05177999999999994,0.05177999999999994,-0.002644770670566912,False
any_5_3_2_1_latch_hold,KXBTC15M-26MAY261430-30,3m,3m,2026-05-26 18:27:00.389000+00:00,NK+P,0.55883748,0,0.054883658035555574,0.44116252,0.44116252,0.38627886196444444,False
any_5_3_2_1_latch_hold,KXBTC15M-26MAY261515-15,3m,3m,2026-05-26 19:12:01.095000+00:00,NK+P,0.9223079999999999,0,0.07846566220784763,0.0776920000000001,-0.9223079999999999,-0.0007736622078475391,True
any_5_3_2_1_latch_hold,KXBTC15M-26MAY261530-30,3m,3m,2026-05-26 19:27:24.391000+00:00,NK+P,0.9674233200000001,0,0.06601778719614251,0.032576679999999913,0.032576679999999913,-0.0334411071961426,False
any_5_3_2_1_latch_hold,KXBTC15M-26MAY261545-45,3m,3m,2026-05-26 19:42:39.947000+00:00,NK+P,0.52998157,0,0.0723462033796029,0.47001843,0.47001843,0.3976722266203971,False
any_5_3_2_1_latch_hold,KXBTC15M-26MAY261600-00,2m,2m,2026-05-26 19:58:53.084000+00:00,NK+P,0.9598369999999999,0,0.056923292515724956,0.04016300000000006,0.04016300000000006,-0.016760292515724896,False
any_5_3_2_1_latch_hold,KXBTC15M-26MAY261615-15,3m,3m,2026-05-26 20:12:00.706000+00:00,NK+P,0.96520492,0,0.06012113385930964,0.03479507999999998,0.03479507999999998,-0.02532605385930966,False
any_5_3_2_1_latch_hold,KXBTC15M-26MAY261700-00,2m,2m,2026-05-26 20:58:08.934000+00:00,NK+P,0.96521008,0,0.06588775168226038,0.03478992000000003,-0.96521008,-0.031097831682260352,True
any_5_3_2_1_latch_hold,KXBTC15M-26MAY261830-30,5m,5m,2026-05-26 22:25:00.753000+00:00,K+NP,0.8281280000000001,0,0.04030688155314667,0.1718719999999999,-0.8281280000000001,0.13156511844685326,True
any_5_3_2_1_latch_hold,KXBTC15M-26MAY261900-00,5m,5m,2026-05-26 22:55:50.894000+00:00,K+NP,0.9673863300000001,0,0.04450348245268683,0.03261366999999993,0.03261366999999993,-0.011889812452686901,False
any_5_3_2_1_latch_hold,KXBTC15M-26MAY261945-45,1m,1m,2026-05-26 23:44:22.218000+00:00,NK+P,0.56451472,0,0.06861273720195653,0.43548528,0.43548528,0.36687254279804343,False
any_5_3_2_1_latch_hold,KXBTC15M-26MAY262030-30,3m,3m,2026-05-27 00:27:03.598000+00:00,K+NP,0.53675888,0,0.06555047826575497,0.46324111999999995,0.46324111999999995,0.39769064173424495,False
any_5_3_2_1_latch_hold,KXBTC15M-26MAY262200-00,3m,3m,2026-05-27 01:57:01.974000+00:00,NK+P,0.61399728,1,0.026043472615328068,-0.61399728,-0.61399728,0.35995924738467194,True
any_5_3_2_1_latch_hold,KXBTC15M-26MAY262215-15,3m,3m,2026-05-27 02:12:00.108000+00:00,K+NP,0.54173232,0,0.050981533120379695,0.45826767999999996,0.45826767999999996,0.4072861468796203,False
any_5_3_2_1_latch_hold,KXBTC15M-26MAY270000-00,2m,2m,2026-05-27 03:58:02.195000+00:00,K+NP,0.6053043699999999,0,0.059604660243114,0.3946956300000001,0.3946956300000001,0.33509096975688607,False
any_5_3_2_1_latch_hold,KXBTC15M-26MAY270130-30,3m,3m,2026-05-27 05:27:21.886000+00:00,NK+P,0.53211933,0,0.07647780141322075,0.46788067,0.46788067,0.39140286858677925,False
any_5_3_2_1_latch_hold,KXBTC15M-26MAY270245-45,2m,2m,2026-05-27 06:43:01.168000+00:00,NK+P,0.81227888,0,0.030756865427887813,0.18772111999999996,0.18772111999999996,0.15696425457211216,False
any_5_3_2_1_latch_hold,KXBTC15M-26MAY270330-30,3m,3m,2026-05-27 07:27:54.363000+00:00,NK+P,0.52891248,0,0.0739515189541572,0.47108752,0.47108752,0.3971360010458428,False
any_5_3_2_1_latch_hold,KXBTC15M-26MAY270515-15,3m,3m,2026-05-27 09:12:01.108000+00:00,K+NP,0.5478032500000001,0,0.053192088515795745,0.4521967499999999,0.4521967499999999,0.39900466148420416,False
any_5_3_2_1_latch_hold,KXBTC15M-26MAY270530-30,3m,3m,2026-05-27 09:27:35.468000+00:00,NK+P,0.54210433,0,0.07320509092642084,0.45789567,0.45789567,0.3846905790735791,False
any_5_3_2_1_latch_hold,KXBTC15M-26MAY270615-15,3m,3m,2026-05-27 10:12:00.336000+00:00,K+NP,0.8300414799999999,0,0.07221989236082543,0.1699585200000001,0.1699585200000001,0.09773862763917468,False
any_5_3_2_1_latch_hold,KXBTC15M-26MAY270915-15,5m,5m,2026-05-27 13:11:39.215000+00:00,K+NP,0.58653388,0,0.02640874355823095,0.41346612000000005,0.41346612000000005,0.3870573764417691,False
any_5_3_2_1_latch_hold,KXBTC15M-26MAY270930-30,3m,3m,2026-05-27 13:27:03.110000+00:00,K+NP,0.45873748000000003,0,0.04443061989320864,0.54126252,0.54126252,0.49683190010679135,False
any_5_3_2_1_latch_hold,KXBTC15M-26MAY271015-15,3m,3m,2026-05-27 14:13:42.278000+00:00,K+NP,0.95569872,0,0.058023140171693625,0.04430128,-0.95569872,-0.013721860171693627,True
any_5_3_2_1_latch_hold,KXBTC15M-26MAY271230-30,3m,3m,2026-05-27 16:27:06.736000+00:00,K+NP,0.5784092500000001,0,0.05097159637236684,0.4215907499999999,0.4215907499999999,0.3706191536276331,False
any_5_3_2_1_latch_hold,KXBTC15M-26MAY271315-15,5m,5m,2026-05-27 17:11:54.277000+00:00,K+NP,0.5167788799999999,0,0.03177402505535996,0.48322112000000006,0.48322112000000006,0.4514470949446401,False
any_5_3_2_1_latch_hold,KXBTC15M-26MAY271415-15,3m,3m,2026-05-27 18:12:05.627000+00:00,K+NP,0.9644469999999999,0,0.06335778481353499,0.03555300000000006,0.03555300000000006,-0.027804784813534933,False
any_5_3_2_1_latch_hold,KXBTC15M-26MAY271430-30,3m,3m,2026-05-27 18:27:01.230000+00:00,NK+P,0.84454157,0,0.05985231313968729,0.15545843000000004,0.15545843000000004,0.09560611686031276,False
any_5_3_2_1_latch_hold,KXBTC15M-26MAY271615-15,5m,5m,2026-05-27 20:10:01.243000+00:00,NK+P,0.62938157,0,0.04373326753996348,0.37061843000000005,0.37061843000000005,0.32688516246003657,False
any_5_3_2_1_latch_hold,KXBTC15M-26MAY271845-45,2m,2m,2026-05-27 22:44:05.014000+00:00,K+NP,0.8259450000000002,0,0.043528165683933674,0.17405499999999985,0.17405499999999985,0.13052683431606618,False
any_5_3_2_1_latch_hold,KXBTC15M-26MAY272030-30,3m,3m,2026-05-28 00:27:00.923000+00:00,K+NP,0.7966070000000001,0,0.0525479346260253,0.20339299999999993,0.20339299999999993,0.15084506537397463,False
any_5_3_2_1_latch_hold,KXBTC15M-26MAY272300-00,3m,3m,2026-05-28 02:58:51.083000+00:00,NK+P,0.963068,0,0.06940234979403909,0.036931999999999965,-0.963068,-0.03247034979403912,True
any_5_3_2_1_latch_hold,KXBTC15M-26MAY272315-15,3m,3m,2026-05-28 03:14:12.031000+00:00,K+NP,0.96512937,0,0.06231574751413947,0.034870630000000014,0.034870630000000014,-0.027445117514139458,False
any_5_3_2_1_latch_hold,KXBTC15M-26MAY280015-15,3m,3m,2026-05-28 04:12:01.317000+00:00,K+NP,0.8504630000000001,0,0.07345893800375858,0.14953699999999992,0.14953699999999992,0.07607806199624134,False
any_5_3_2_1_latch_hold,KXBTC15M-26MAY280045-45,5m,5m,2026-05-28 04:42:01.519000+00:00,NK+P,0.55207933,0,0.02488176600580092,0.44792067,0.44792067,0.4230389039941991,False
any_5_3_2_1_latch_hold,KXBTC15M-26MAY280145-45,2m,2m,2026-05-28 05:44:16.589000+00:00,NK+P,0.7179865699999999,0,0.06242431641414077,0.2820134300000001,0.2820134300000001,0.21958911358585936,False
any_5_3_2_1_latch_hold,KXBTC15M-26MAY280530-30,3m,3m,2026-05-28 09:27:01.186000+00:00,NK+P,0.53675888,0,0.026723319639253375,0.46324111999999995,0.46324111999999995,0.43651780036074656,False
any_5_3_2_1_latch_hold,KXBTC15M-26MAY280545-45,5m,5m,2026-05-28 09:40:01.465000+00:00,NK+P,0.945917,0,0.040145797846585535,0.05408299999999999,0.05408299999999999,0.013937202153414457,False
any_5_3_2_1_latch_hold,KXBTC15M-26MAY280730-30,3m,3m,2026-05-28 11:27:00.049000+00:00,K+NP,0.9684887700000001,0,0.07311318171181899,0.03151122999999989,0.03151122999999989,-0.0416019517118191,False
any_5_3_2_1_latch_hold,KXBTC15M-26MAY281015-15,5m,5m,2026-05-28 14:10:01.104000+00:00,K+NP,0.9672549699999999,1,0.024667727457591222,-0.9672549699999999,-0.9672549699999999,0.008077302542408842,False
any_5_3_2_1_latch_hold,KXBTC15M-26MAY281045-45,1m,1m,2026-05-28 14:44:01.030000+00:00,K+NP,0.96627317,0,0.04967211492426269,0.033726829999999985,0.033726829999999985,-0.015945284924262705,False
any_5_3_2_1_latch_hold,KXBTC15M-26MAY281100-00,5m,5m,2026-05-28 14:57:32.338000+00:00,NK+P,0.5463781700000001,0,0.04449143343729051,0.4536218299999999,0.4536218299999999,0.4091303965627094,False
any_5_3_2_1_latch_hold,KXBTC15M-26MAY281145-45,3m,3m,2026-05-28 15:42:00.210000+00:00,NK+P,0.939488,0,0.07052435815317695,0.06051200000000001,-0.939488,-0.010012358153176942,True
any_5_3_2_1_latch_hold,KXBTC15M-26MAY281215-15,5m,5m,2026-05-28 16:10:39.600000+00:00,NK+P,0.959743,0,0.04773189997170761,0.04025699999999999,-0.959743,-0.007474899971707624,True
any_5_3_2_1_latch_hold,KXBTC15M-26MAY281245-45,3m,3m,2026-05-28 16:42:01.935000+00:00,NK+P,0.68035897,0,0.05865911537134619,0.31964103,0.31964103,0.26098191462865383,False
any_5_3_2_1_latch_hold,KXBTC15M-26MAY281515-15,5m,5m,2026-05-28 19:10:07.055000+00:00,K+NP,0.84448208,0,0.045932331767731864,0.15551791999999998,0.15551791999999998,0.1095855882322681,False
any_5_3_2_1_latch_hold,KXBTC15M-26MAY281545-45,3m,3m,2026-05-28 19:42:30.223000+00:00,K+NP,0.49675887999999996,0,0.05534141811133033,0.50324112,0.50324112,0.4478997018886697,False
any_5_3_2_1_latch_hold,KXBTC15M-26MAY281600-00,1m,1m,2026-05-28 19:59:00.607000+00:00,NK+P,0.9450520000000001,1,0.09059484351181343,-0.9450520000000001,-0.9450520000000001,-0.03564684351181355,False
any_5_3_2_1_latch_hold,KXBTC15M-26MAY281630-30,5m,5m,2026-05-28 20:25:06.655000+00:00,NK+P,0.9503570800000001,0,0.03741393542769721,0.049642919999999924,0.049642919999999924,0.01222898457230271,False
any_5_3_2_1_latch_hold,KXBTC15M-26MAY281745-45,3m,3m,2026-05-28 21:42:02.399000+00:00,NK+P,0.50463472,0,0.03421767093272841,0.49536528,0.49536528,0.4611476090672716,False
any_5_3_2_1_latch_hold,KXBTC15M-26MAY281945-45,5m,5m,2026-05-28 23:40:17.741000+00:00,K+NP,0.53746128,0,0.04650307499217402,0.46253871999999996,0.46253871999999996,0.4160356450078259,False
any_5_3_2_1_latch_hold,KXBTC15M-26MAY282000-00,3m,3m,2026-05-28 23:57:18.036000+00:00,NK+P,0.968308,0,0.07866542760440956,0.03169200000000005,0.03169200000000005,-0.04697342760440951,False
any_5_3_2_1_latch_hold,KXBTC15M-26MAY282100-00,3m,3m,2026-05-29 00:57:00.771000+00:00,K+NP,0.8283880000000001,0,0.035942032928149445,0.17161199999999988,0.17161199999999988,0.13566996707185042,False
any_5_3_2_1_latch_hold,KXBTC15M-26MAY282115-15,5m,5m,2026-05-29 01:10:00.772000+00:00,NK+P,0.7309880000000001,0,0.015532156517185314,0.2690119999999999,0.2690119999999999,0.2534798434828146,False
any_5_3_2_1_latch_hold,KXBTC15M-26MAY282130-30,3m,3m,2026-05-29 01:27:00.946000+00:00,K+NP,0.9545147199999999,0,0.05227632729437408,0.04548528000000007,0.04548528000000007,-0.006791047294374006,False
any_5_3_2_1_latch_hold,KXBTC15M-26MAY282145-45,3m,3m,2026-05-29 01:42:40.180000+00:00,K+NP,0.94816825,0,0.06666642518863959,0.051831749999999954,0.051831749999999954,-0.014834675188639637,False
any_5_3_2_1_latch_hold,KXBTC15M-26MAY282215-15,1m,1m,2026-05-29 02:14:03.610000+00:00,NK+P,0.964192,0,0.08738440519603237,0.03580799999999995,0.03580799999999995,-0.05157640519603242,False
any_5_3_2_1_latch_hold,KXBTC15M-26MAY290330-30,5m,5m,2026-05-29 07:25:36.059000+00:00,K+NP,0.960148,0,0.044081514688608665,0.039852,0.039852,-0.004229514688608667,False
any_5_3_2_1_latch_hold,KXBTC15M-26MAY290400-00,2m,2m,2026-05-29 07:58:21.435000+00:00,NK+P,0.5342565300000001,0,0.055379771955665104,0.46574346999999994,0.46574346999999994,0.4103636980443348,False
any_5_3_2_1_latch_hold,KXBTC15M-26MAY290430-30,3m,3m,2026-05-29 08:27:22.257000+00:00,NK+P,0.503173,0,0.025748621902457438,0.496827,0.496827,0.4710783780975426,False
any_5_3_2_1_latch_hold,KXBTC15M-26MAY290600-00,5m,5m,2026-05-29 09:55:07.329000+00:00,K+NP,0.56169232,0,0.012977323126820442,0.43830768,0.43830768,0.42533035687317955,False
any_5_3_2_1_latch_hold,KXBTC15M-26MAY290615-15,5m,5m,2026-05-29 10:10:04.523000+00:00,K+NP,0.9684479999999999,0,0.044440771700787585,0.031552000000000135,0.031552000000000135,-0.01288877170078745,False
any_5_3_2_1_latch_hold,KXBTC15M-26MAY290930-30,5m,5m,2026-05-29 13:25:00.223000+00:00,K+NP,0.55944448,0,0.048661732676837925,0.44055552,0.44055552,0.39189378732316205,False
any_5_3_2_1_latch_hold,KXBTC15M-26MAY291030-30,5m,5m,2026-05-29 14:25:00.396000+00:00,K+NP,0.51425653,0,0.0017010302426994964,0.48574346999999996,0.48574346999999996,0.48404243975730044,False
any_3_2_1_latch_hold,KXBTC15M-26MAY170030-30,3m,3m,2026-05-17 04:27:23.062000+00:00,NK+P,0.7309880000000001,0,0.04498342286629008,0.2690119999999999,0.2690119999999999,0.22402857713370983,False
any_3_2_1_latch_hold,KXBTC15M-26MAY170345-45,1m,1m,2026-05-17 07:44:18.938000+00:00,NK+P,0.47883748000000004,0,0.09991473947187575,0.52116252,0.52116252,0.4212477805281242,False
any_3_2_1_latch_hold,KXBTC15M-26MAY170915-15,2m,2m,2026-05-17 13:13:00.466000+00:00,K+NP,0.6853338800000001,0,0.04986618101497054,0.31466611999999994,0.31466611999999994,0.2647999389850294,False
any_3_2_1_latch_hold,KXBTC15M-26MAY171015-15,3m,3m,2026-05-17 14:12:03.278000+00:00,K+NP,0.6095815699999999,0,0.07632760602631675,0.3904184300000001,0.3904184300000001,0.3140908239736834,False
any_3_2_1_latch_hold,KXBTC15M-26MAY171145-45,3m,3m,2026-05-17 15:42:34.404000+00:00,K+NP,0.806617,0,0.07543060623452034,0.19338299999999997,-0.806617,0.11795239376547963,True
any_3_2_1_latch_hold,KXBTC15M-26MAY171515-15,1m,1m,2026-05-17 19:14:39.317000+00:00,K+NP,0.94495972,0,0.08296248073487139,0.05504028000000005,0.05504028000000005,-0.02792220073487134,False
any_3_2_1_latch_hold,KXBTC15M-26MAY171930-30,2m,2m,2026-05-17 23:28:14.903000+00:00,K+NP,0.9217449999999999,0,0.0705344977763478,0.07825500000000007,-0.9217449999999999,0.007720502223652281,True
any_3_2_1_latch_hold,KXBTC15M-26MAY172100-00,3m,3m,2026-05-18 00:59:05.325000+00:00,NK+P,0.49568936999999996,0,0.07624352075594375,0.50431063,-0.49568936999999996,0.4280671092440562,True
any_3_2_1_latch_hold,KXBTC15M-26MAY172130-30,3m,3m,2026-05-18 01:28:00.585000+00:00,K+NP,0.67099933,0,0.059687988477100544,0.32900067,0.32900067,0.26931268152289944,False
any_3_2_1_latch_hold,KXBTC15M-26MAY172200-00,2m,2m,2026-05-18 01:58:34.361000+00:00,NK+P,0.8488597199999999,0,0.03420030452868893,0.15114028000000013,0.15114028000000013,0.1169399754713112,False
any_3_2_1_latch_hold,KXBTC15M-26MAY172215-15,3m,3m,2026-05-18 02:12:34.861000+00:00,NK+P,0.94932877,0,0.07736167999393499,0.050671229999999956,0.050671229999999956,-0.026690449993935036,False
any_3_2_1_latch_hold,KXBTC15M-26MAY172230-30,3m,3m,2026-05-18 02:29:46.465000+00:00,K+NP,0.7517597199999999,0,0.06320029696171525,0.2482402800000001,0.2482402800000001,0.18503998303828484,False
any_3_2_1_latch_hold,KXBTC15M-26MAY172300-00,3m,3m,2026-05-18 02:57:31.925000+00:00,K+NP,0.96739297,0,0.0707128636844444,0.03260702999999998,0.03260702999999998,-0.03810583368444442,False
any_3_2_1_latch_hold,KXBTC15M-26MAY180100-00,1m,1m,2026-05-18 04:59:12.007000+00:00,NK+P,0.38593387999999995,0,0.08852689925493726,0.61406612,0.61406612,0.5255392207450628,False
any_3_2_1_latch_hold,KXBTC15M-26MAY180230-30,3m,3m,2026-05-18 06:27:13.271000+00:00,K+NP,0.88098628,0,0.05481766746441591,0.11901371999999999,0.11901371999999999,0.06419605253558408,False
any_3_2_1_latch_hold,KXBTC15M-26MAY180330-30,2m,2m,2026-05-18 07:28:48.386000+00:00,NK+P,0.9693642,0,0.05130743541135555,0.03063579999999999,0.03063579999999999,-0.02067163541135556,False
any_3_2_1_latch_hold,KXBTC15M-26MAY180515-15,3m,3m,2026-05-18 09:12:00.542000+00:00,K+NP,0.8820724799999999,0,0.0393882820574036,0.11792752000000006,0.11792752000000006,0.07853923794259646,False
any_3_2_1_latch_hold,KXBTC15M-26MAY180530-30,1m,1m,2026-05-18 09:29:02.288000+00:00,NK+P,0.6928165300000001,0,0.061900332012402526,0.3071834699999999,0.3071834699999999,0.24528313798759738,False
any_3_2_1_latch_hold,KXBTC15M-26MAY180715-15,2m,2m,2026-05-18 11:13:00.909000+00:00,K+NP,0.8399800000000001,0,0.07097371518053468,0.16001999999999994,-0.8399800000000001,0.08904628481946526,True
any_3_2_1_latch_hold,KXBTC15M-26MAY181030-30,3m,3m,2026-05-18 14:28:18.056000+00:00,NK+P,0.96202717,0,0.06882770788841448,0.03797282999999996,-0.96202717,-0.030854877888414525,True
any_3_2_1_latch_hold,KXBTC15M-26MAY181430-30,3m,3m,2026-05-18 18:27:00.783000+00:00,K+NP,0.7049738799999999,0,0.0282182106663742,0.29502612000000006,0.29502612000000006,0.26680790933362586,False
any_3_2_1_latch_hold,KXBTC15M-26MAY181845-45,3m,3m,2026-05-18 22:42:01.910000+00:00,K+NP,0.938605,0,0.06970404820941917,0.06139499999999998,0.06139499999999998,-0.00830904820941919,False
any_3_2_1_latch_hold,KXBTC15M-26MAY190200-00,1m,1m,2026-05-19 05:59:00.591000+00:00,K+NP,0.914868,0,0.10361687047590022,0.08513199999999999,0.08513199999999999,-0.018484870475900236,False
any_3_2_1_latch_hold,KXBTC15M-26MAY190230-30,1m,1m,2026-05-19 06:29:38.074000+00:00,NK+P,0.938605,0,0.0466644404383726,0.06139499999999998,0.06139499999999998,0.01473055956162738,False
any_3_2_1_latch_hold,KXBTC15M-26MAY190315-15,3m,3m,2026-05-19 07:13:26.833000+00:00,NK+P,0.52066477,0,0.06489679983612846,0.47933523,-0.52066477,0.41443843016387155,True
any_3_2_1_latch_hold,KXBTC15M-26MAY190445-45,3m,3m,2026-05-19 08:42:01.294000+00:00,NK+P,0.70050433,0,0.048325288615256166,0.29949567,0.29949567,0.25117038138474385,False
any_3_2_1_latch_hold,KXBTC15M-26MAY190515-15,1m,1m,2026-05-19 09:14:02.309000+00:00,K+NP,0.96512937,0,0.07574245509426003,0.034870630000000014,0.034870630000000014,-0.04087182509426002,False
any_3_2_1_latch_hold,KXBTC15M-26MAY190815-15,2m,2m,2026-05-19 12:13:13.284000+00:00,NK+P,0.63045052,0,0.062211317981581624,0.36954948,0.36954948,0.30733816201841835,False
any_3_2_1_latch_hold,KXBTC15M-26MAY190930-30,3m,3m,2026-05-19 13:27:01.522000+00:00,K+NP,0.67335972,0,0.034031084132672834,0.32664028,0.32664028,0.29260919586732714,False
any_3_2_1_latch_hold,KXBTC15M-26MAY191730-30,1m,1m,2026-05-19 21:29:00.690000+00:00,NK+P,0.850355,0,0.06913444335412366,0.14964500000000003,0.14964500000000003,0.08051055664587636,False
any_3_2_1_latch_hold,KXBTC15M-26MAY191845-45,3m,3m,2026-05-19 22:42:02.863000+00:00,NK+P,0.8111249200000001,0,0.048496663610844766,0.18887507999999986,0.18887507999999986,0.1403784163891551,False
any_3_2_1_latch_hold,KXBTC15M-26MAY191930-30,3m,3m,2026-05-19 23:28:32.167000+00:00,NK+P,0.81013972,0,0.04339413657926989,0.18986028,0.18986028,0.1464661434207301,False
any_3_2_1_latch_hold,KXBTC15M-26MAY192345-45,2m,2m,2026-05-20 03:43:00.594000+00:00,K+NP,0.652348,0,0.032047219560454705,0.34765199999999996,0.34765199999999996,0.31560478043954526,False
any_3_2_1_latch_hold,KXBTC15M-26MAY200015-15,3m,3m,2026-05-20 04:13:21.506000+00:00,NK+P,0.92371933,0,0.0605905153448567,0.07628067000000005,0.07628067000000005,0.015690154655143347,False
any_3_2_1_latch_hold,KXBTC15M-26MAY200500-00,3m,3m,2026-05-20 08:57:47.504000+00:00,K+NP,0.84341425,0,0.07799015540569648,0.15658574999999997,0.15658574999999997,0.07859559459430349,False
any_3_2_1_latch_hold,KXBTC15M-26MAY200900-00,3m,3m,2026-05-20 12:57:00.098000+00:00,NK+P,0.82411248,0,0.038768608260783405,0.17588751999999996,0.17588751999999996,0.13711891173921656,False
any_3_2_1_latch_hold,KXBTC15M-26MAY201000-00,3m,3m,2026-05-20 13:57:00.682000+00:00,NK+P,0.8175479999999999,0,0.0665520299612893,0.18245200000000006,0.18245200000000006,0.11589997003871076,False
any_3_2_1_latch_hold,KXBTC15M-26MAY201545-45,3m,3m,2026-05-20 19:42:00.982000+00:00,NK+P,0.9503570800000001,0,0.06528475323933115,0.049642919999999924,-0.9503570800000001,-0.01564183323933123,True
any_3_2_1_latch_hold,KXBTC15M-26MAY201815-15,3m,3m,2026-05-20 22:13:12.414000+00:00,K+NP,0.52463472,0,0.05760946323011882,0.47536528,0.47536528,0.41775581676988116,False
any_3_2_1_latch_hold,KXBTC15M-26MAY202145-45,2m,2m,2026-05-21 01:43:00.502000+00:00,NK+P,0.938605,0,0.04226168376578709,0.06139499999999998,0.06139499999999998,0.01913331623421289,False
any_3_2_1_latch_hold,KXBTC15M-26MAY202330-30,2m,2m,2026-05-21 03:28:00.491000+00:00,NK+P,0.30991933,0,0.009393674005158408,0.69008067,0.69008067,0.6806869959948415,False
any_3_2_1_latch_hold,KXBTC15M-26MAY210100-00,1m,1m,2026-05-21 04:59:00.948000+00:00,NK+P,0.57659888,0,0.04022871605202425,0.42340111999999996,0.42340111999999996,0.3831724039479757,False
any_3_2_1_latch_hold,KXBTC15M-26MAY210115-15,3m,3m,2026-05-21 05:12:07.047000+00:00,K+NP,0.9672549699999999,0,0.04996956263600574,0.032745030000000064,0.032745030000000064,-0.01722453263600568,False
any_3_2_1_latch_hold,KXBTC15M-26MAY210600-00,1m,1m,2026-05-21 09:59:00.854000+00:00,K+NP,0.92583892,0,0.11242753503377362,0.07416107999999999,0.07416107999999999,-0.03826645503377363,False
any_3_2_1_latch_hold,KXBTC15M-26MAY211130-30,3m,3m,2026-05-21 15:28:20.955000+00:00,NK+P,0.52998157,0,0.07452779408555009,0.47001843,0.47001843,0.3954906359144499,False
any_3_2_1_latch_hold,KXBTC15M-26MAY211145-45,3m,3m,2026-05-21 15:42:02.509000+00:00,K+NP,0.929497,0,0.07156215847656366,0.07050299999999998,-0.929497,-0.001059158476563682,True
any_3_2_1_latch_hold,KXBTC15M-26MAY211300-00,2m,2m,2026-05-21 16:58:00.563000+00:00,NK+P,0.5677232500000001,0,0.0442457071447072,0.4322767499999999,0.4322767499999999,0.38803104285529266,False
any_3_2_1_latch_hold,KXBTC15M-26MAY211315-15,3m,3m,2026-05-21 17:12:00.616000+00:00,NK+P,0.7322197199999999,0,0.02928268719725217,0.2677802800000001,0.2677802800000001,0.23849759280274793,False
any_3_2_1_latch_hold,KXBTC15M-26MAY211545-45,3m,3m,2026-05-21 19:43:39.986000+00:00,NK+P,0.7081815699999999,0,0.03815331171056406,0.2918184300000001,-0.7081815699999999,0.253665118289436,True
any_3_2_1_latch_hold,KXBTC15M-26MAY211600-00,3m,3m,2026-05-21 19:57:20.270000+00:00,NK+P,0.7265342499999999,0,0.04795215742855258,0.27346575000000006,0.27346575000000006,0.22551359257144749,False
any_3_2_1_latch_hold,KXBTC15M-26MAY211730-30,1m,1m,2026-05-21 21:29:01.247000+00:00,NK+P,0.936537,0,0.08137084478530816,0.06346300000000005,0.06346300000000005,-0.017907844785308116,False
any_3_2_1_latch_hold,KXBTC15M-26MAY211800-00,2m,2m,2026-05-21 21:58:15.617000+00:00,K+NP,0.6371282500000001,0,0.06889207055336795,0.36287174999999994,0.36287174999999994,0.293979679446632,False
any_3_2_1_latch_hold,KXBTC15M-26MAY212015-15,3m,3m,2026-05-22 00:12:00.494000+00:00,K+NP,0.8327282500000001,0,0.028327284883771855,0.16727174999999994,0.16727174999999994,0.1389444651162281,False
any_3_2_1_latch_hold,KXBTC15M-26MAY212115-15,1m,1m,2026-05-22 01:14:02.228000+00:00,NK+P,0.55455972,0,0.0387877361550488,0.44544028,0.44544028,0.4066525438449512,False
any_3_2_1_latch_hold,KXBTC15M-26MAY220045-45,3m,3m,2026-05-22 04:42:00.097000+00:00,K+NP,0.55207933,0,0.033825967210372926,0.44792067,0.44792067,0.4140947027896271,False
any_3_2_1_latch_hold,KXBTC15M-26MAY220130-30,3m,3m,2026-05-22 05:27:02.813000+00:00,K+NP,0.523193,0,0.0313118601538415,0.476807,0.476807,0.44549513984615846,False
any_3_2_1_latch_hold,KXBTC15M-26MAY220400-00,3m,3m,2026-05-22 07:58:17.861000+00:00,K+NP,0.5199865699999999,0,0.06610487427793896,0.4800134300000001,0.4800134300000001,0.4139085557220611,False
any_3_2_1_latch_hold,KXBTC15M-26MAY220930-30,3m,3m,2026-05-22 13:27:00.464000+00:00,K+NP,0.43171933,0,0.03348044531462631,0.56828067,0.56828067,0.5348002246853737,False
any_3_2_1_latch_hold,KXBTC15M-26MAY221000-00,1m,1m,2026-05-22 13:59:00.506000+00:00,NK+P,0.91730437,0,0.12956748033940402,0.08269563000000002,0.08269563000000002,-0.046871850339404,False
any_3_2_1_latch_hold,KXBTC15M-26MAY221145-45,3m,3m,2026-05-22 15:42:01.898000+00:00,K+NP,0.5199865699999999,0,0.036199274961180944,0.4800134300000001,0.4800134300000001,0.44381415503881916,False
any_3_2_1_latch_hold,KXBTC15M-26MAY221300-00,3m,3m,2026-05-22 16:58:46.487000+00:00,NK+P,0.7809947199999999,0,0.0643858019162039,0.21900528000000008,-0.7809947199999999,0.15461947808379617,True
any_3_2_1_latch_hold,KXBTC15M-26MAY221515-15,3m,3m,2026-05-22 19:12:00.411000+00:00,K+NP,0.50489413,0,0.05151493600026082,0.49510586999999995,0.49510586999999995,0.44359093399973915,False
any_3_2_1_latch_hold,KXBTC15M-26MAY221830-30,3m,3m,2026-05-22 22:27:00.169000+00:00,K+NP,0.50891248,0,0.056964929416718414,0.49108752,0.49108752,0.43412259058328156,False
any_3_2_1_latch_hold,KXBTC15M-26MAY222115-15,3m,3m,2026-05-23 01:12:03.560000+00:00,K+NP,0.9696182499999999,0,0.01866217590001514,0.030381750000000096,0.030381750000000096,0.011719574099984958,False
any_3_2_1_latch_hold,KXBTC15M-26MAY230045-45,3m,3m,2026-05-23 04:42:22.550000+00:00,K+NP,0.574492,0,0.06330115599397697,0.425508,0.425508,0.36220684400602304,False
any_3_2_1_latch_hold,KXBTC15M-26MAY230100-00,1m,1m,2026-05-23 04:59:00.102000+00:00,NK+P,0.8605611200000001,0,0.0665377807822717,0.13943887999999993,0.13943887999999993,0.07290109921772824,False
any_3_2_1_latch_hold,KXBTC15M-26MAY230315-15,3m,3m,2026-05-23 07:13:29.327000+00:00,K+NP,0.96840925,0,0.06851054907764084,0.03159075,0.03159075,-0.03691979907764084,False
any_3_2_1_latch_hold,KXBTC15M-26MAY230330-30,3m,3m,2026-05-23 07:27:00.739000+00:00,K+NP,0.87350657,0,0.05428837655579213,0.12649343000000002,0.12649343000000002,0.07220505344420788,False
any_3_2_1_latch_hold,KXBTC15M-26MAY230700-00,3m,3m,2026-05-23 10:58:26.654000+00:00,K+NP,0.59081052,0,0.0629900802034389,0.40918948,0.40918948,0.3461993997965611,False
any_3_2_1_latch_hold,KXBTC15M-26MAY230815-15,3m,3m,2026-05-23 12:12:11.281000+00:00,K+NP,0.523193,0,0.06770982654678555,0.476807,0.476807,0.40909717345321445,False
any_3_2_1_latch_hold,KXBTC15M-26MAY230915-15,3m,3m,2026-05-23 13:13:06.015000+00:00,NK+P,0.5278432500000001,0,0.019995057181778932,0.4721567499999999,0.4721567499999999,0.452161692818221,False
any_3_2_1_latch_hold,KXBTC15M-26MAY231045-45,3m,3m,2026-05-23 14:43:02.509000+00:00,NK+P,0.45552937,0,0.07032064268060174,0.54447063,0.54447063,0.4741499873193982,False
any_3_2_1_latch_hold,KXBTC15M-26MAY231430-30,2m,2m,2026-05-23 18:28:00.350000+00:00,NK+P,0.50169232,0,0.02500727489871816,0.49830768000000003,0.49830768000000003,0.47330040510128185,False
any_3_2_1_latch_hold,KXBTC15M-26MAY231515-15,3m,3m,2026-05-23 19:12:35.020000+00:00,K+NP,0.9482200000000001,0,0.07593184264922337,0.05177999999999994,-0.9482200000000001,-0.02415184264922343,True
any_3_2_1_latch_hold,KXBTC15M-26MAY231530-30,3m,3m,2026-05-23 19:27:00.405000+00:00,NK+P,0.523193,0,0.027611301805291474,0.476807,0.476807,0.4491956981947085,False
any_3_2_1_latch_hold,KXBTC15M-26MAY231715-15,3m,3m,2026-05-23 21:12:09.375000+00:00,K+NP,0.5826797300000001,0,0.0633174141266138,0.41732026999999994,0.41732026999999994,0.35400285587338615,False
any_3_2_1_latch_hold,KXBTC15M-26MAY231930-30,3m,3m,2026-05-23 23:27:00.829000+00:00,K+NP,0.9682151699999999,0,0.07489408500063256,0.0317848300000001,-0.9682151699999999,-0.043109255000632465,True
any_3_2_1_latch_hold,KXBTC15M-26MAY232115-15,3m,3m,2026-05-24 01:12:28.193000+00:00,K+NP,0.9579880000000001,0,0.07177259126446459,0.04201199999999994,-0.9579880000000001,-0.029760591264464648,True
any_3_2_1_latch_hold,KXBTC15M-26MAY232200-00,1m,1m,2026-05-24 01:59:03.995000+00:00,NK+P,0.85851472,0,0.06811609134358548,0.14148528000000005,0.14148528000000005,0.07336918865641456,False
any_3_2_1_latch_hold,KXBTC15M-26MAY232215-15,3m,3m,2026-05-24 02:13:01.629000+00:00,NK+P,0.966925,0,0.0782260323260318,0.033074999999999966,-0.966925,-0.045151032326031834,True
any_3_2_1_latch_hold,KXBTC15M-26MAY240015-15,2m,2m,2026-05-24 04:13:01.130000+00:00,K+NP,0.917833,0,0.07113889762658597,0.08216699999999999,0.08216699999999999,0.01102810237341402,False
any_3_2_1_latch_hold,KXBTC15M-26MAY240045-45,1m,1m,2026-05-24 04:44:00.398000+00:00,NK+P,0.945917,0,0.13321652979791523,0.05408299999999999,0.05408299999999999,-0.07913352979791524,False
any_3_2_1_latch_hold,KXBTC15M-26MAY240215-15,1m,1m,2026-05-24 06:14:02.001000+00:00,NK+P,0.927283,0,0.13107375426801782,0.07271700000000003,0.07271700000000003,-0.058356754268017785,False
any_3_2_1_latch_hold,KXBTC15M-26MAY240315-15,3m,3m,2026-05-24 07:12:02.610000+00:00,K+NP,0.5816123200000001,0,0.05081196349018696,0.41838767999999993,0.41838767999999993,0.36757571650981297,False
any_3_2_1_latch_hold,KXBTC15M-26MAY240345-45,1m,1m,2026-05-24 07:44:12.811000+00:00,K+NP,0.72350437,0,0.0717116392175615,0.27649563,0.27649563,0.20478399078243847,False
any_3_2_1_latch_hold,KXBTC15M-26MAY241030-30,3m,3m,2026-05-24 14:28:16.148000+00:00,NK+P,0.826012,0,0.07742025731910908,0.17398800000000003,0.17398800000000003,0.09656774268089095,False
any_3_2_1_latch_hold,KXBTC15M-26MAY241300-00,3m,3m,2026-05-24 16:57:00.312000+00:00,NK+P,0.6437947199999999,0,0.034311169522597565,0.35620528000000007,0.35620528000000007,0.3218941104774025,False
any_3_2_1_latch_hold,KXBTC15M-26MAY241530-30,1m,1m,2026-05-24 19:29:23.109000+00:00,NK+P,0.9643480000000001,0,0.09804734001864585,0.035651999999999906,0.035651999999999906,-0.06239534001864594,False
any_3_2_1_latch_hold,KXBTC15M-26MAY241615-15,3m,3m,2026-05-24 20:14:04.470000+00:00,K+NP,0.92581972,0,0.06457056636223872,0.07418027999999999,0.07418027999999999,0.009609713637761266,False
any_3_2_1_latch_hold,KXBTC15M-26MAY242030-30,2m,2m,2026-05-25 00:28:27.926000+00:00,K+NP,0.9489970000000001,1,0.05986504806440877,-0.9489970000000001,-0.9489970000000001,-0.008862048064408858,True
any_3_2_1_latch_hold,KXBTC15M-26MAY250230-30,2m,2m,2026-05-25 06:28:56.506000+00:00,K+NP,0.96512937,0,0.05101215483935167,0.034870630000000014,0.034870630000000014,-0.016141524839351655,False
any_3_2_1_latch_hold,KXBTC15M-26MAY250245-45,3m,3m,2026-05-25 06:42:00.407000+00:00,NK+P,0.6437947199999999,0,0.07084080302345838,0.35620528000000007,0.35620528000000007,0.28536447697654166,False
any_3_2_1_latch_hold,KXBTC15M-26MAY250315-15,3m,3m,2026-05-25 07:13:24.991000+00:00,K+NP,0.37740925000000003,0,0.07723510535649308,0.62259075,0.62259075,0.5453556446435068,False
any_3_2_1_latch_hold,KXBTC15M-26MAY250545-45,1m,1m,2026-05-25 09:44:01.914000+00:00,NK+P,0.75496825,0,0.02894141953520506,0.24503175,0.24503175,0.21609033046479492,False
any_3_2_1_latch_hold,KXBTC15M-26MAY250730-30,3m,3m,2026-05-25 11:27:31.967000+00:00,K+NP,0.9663680000000001,0,0.07720494498893488,0.033631999999999884,-0.9663680000000001,-0.04357294498893499,True
any_3_2_1_latch_hold,KXBTC15M-26MAY250815-15,1m,1m,2026-05-25 12:14:02.390000+00:00,NK+P,0.945917,0,0.026953472331467627,0.05408299999999999,0.05408299999999999,0.027129527668532365,False
any_3_2_1_latch_hold,KXBTC15M-26MAY250915-15,1m,1m,2026-05-25 13:14:00.942000+00:00,K+NP,0.94923748,0,0.028839346873235753,0.05076252000000003,0.05076252000000003,0.02192317312676428,False
any_3_2_1_latch_hold,KXBTC15M-26MAY250945-45,3m,3m,2026-05-25 13:42:00.095000+00:00,K+NP,0.816913,1,0.06802926106368944,-0.816913,-0.816913,0.11505773893631056,True
any_3_2_1_latch_hold,KXBTC15M-26MAY251130-30,2m,2m,2026-05-25 15:28:00.119000+00:00,K+NP,0.93333232,0,0.07182124251307477,0.06666768,0.06666768,-0.005153562513074764,False
any_3_2_1_latch_hold,KXBTC15M-26MAY251145-45,1m,1m,2026-05-25 15:44:04.778000+00:00,NK+P,0.45615317,0,0.04700109882743467,0.54384683,0.54384683,0.49684573117256536,False
any_3_2_1_latch_hold,KXBTC15M-26MAY251200-00,1m,1m,2026-05-25 15:59:01.580000+00:00,K+NP,0.915193,0,0.08925756890264434,0.08480699999999997,0.08480699999999997,-0.004450568902644378,False
any_3_2_1_latch_hold,KXBTC15M-26MAY251215-15,3m,3m,2026-05-25 16:12:01.027000+00:00,K+NP,0.92114813,0,0.06399263203622346,0.07885187000000005,0.07885187000000005,0.014859237963776584,False
any_3_2_1_latch_hold,KXBTC15M-26MAY251230-30,2m,2m,2026-05-25 16:28:40.873000+00:00,NK+P,0.63391972,0,0.07706972773971615,0.36608028000000004,0.36608028000000004,0.2890105522602839,False
any_3_2_1_latch_hold,KXBTC15M-26MAY251500-00,3m,3m,2026-05-25 18:57:55.361000+00:00,K+NP,0.48204433,0,0.07559205178326235,0.51795567,0.51795567,0.44236361821673764,False
any_3_2_1_latch_hold,KXBTC15M-26MAY251715-15,2m,2m,2026-05-25 21:13:12.520000+00:00,NK+P,0.56879248,0,0.04623532924375944,0.43120751999999996,0.43120751999999996,0.3849721907562405,False
any_3_2_1_latch_hold,KXBTC15M-26MAY251845-45,3m,3m,2026-05-25 22:42:11.694000+00:00,K+NP,0.50998157,0,0.056115115844355565,0.49001843,0.49001843,0.4339033141556444,False
any_3_2_1_latch_hold,KXBTC15M-26MAY251900-00,1m,1m,2026-05-25 22:59:14.687000+00:00,K+NP,0.95671817,0,0.11451317314745524,0.043281829999999966,0.043281829999999966,-0.07123134314745527,False
any_3_2_1_latch_hold,KXBTC15M-26MAY251945-45,3m,3m,2026-05-25 23:42:29.911000+00:00,NK+P,0.5199865699999999,0,0.07440131208353522,0.4800134300000001,0.4800134300000001,0.40561211791646484,False
any_3_2_1_latch_hold,KXBTC15M-26MAY252000-00,1m,1m,2026-05-25 23:59:04.259000+00:00,NK+P,0.965297,1,0.07979593123915446,-0.965297,-0.965297,-0.04509293123915442,False
any_3_2_1_latch_hold,KXBTC15M-26MAY252015-15,3m,3m,2026-05-26 00:13:04.118000+00:00,K+NP,0.8852793299999999,0,0.06730151970018333,0.11472067000000008,0.11472067000000008,0.04741915029981675,False
any_3_2_1_latch_hold,KXBTC15M-26MAY252300-00,1m,1m,2026-05-26 02:59:00.376000+00:00,NK+P,0.93119708,0,0.08345197601138073,0.06880291999999999,0.06880291999999999,-0.014649056011380737,False
any_3_2_1_latch_hold,KXBTC15M-26MAY252345-45,3m,3m,2026-05-26 03:42:00.085000+00:00,NK+P,0.96840925,0,0.07610596564453982,0.03159075,0.03159075,-0.04451521564453982,False
any_3_2_1_latch_hold,KXBTC15M-26MAY260045-45,3m,3m,2026-05-26 04:42:02.120000+00:00,NK+P,0.8469329999999999,0,0.07863996024566541,0.15306700000000006,-0.8469329999999999,0.07442703975433465,True
any_3_2_1_latch_hold,KXBTC15M-26MAY260345-45,1m,1m,2026-05-26 07:44:01.828000+00:00,K+NP,0.9598615699999999,0,0.06850387889759992,0.04013843000000006,0.04013843000000006,-0.028365448897599857,False
any_3_2_1_latch_hold,KXBTC15M-26MAY260515-15,3m,3m,2026-05-26 09:12:00.350000+00:00,K+NP,0.93051137,0,0.07186908796288592,0.06948863000000005,-0.93051137,-0.0023804579628858707,True
any_3_2_1_latch_hold,KXBTC15M-26MAY260600-00,1m,1m,2026-05-26 09:59:00.141000+00:00,K+NP,0.90451732,0,0.10568787508937591,0.09548268000000004,0.09548268000000004,-0.010205195089375868,False
any_3_2_1_latch_hold,KXBTC15M-26MAY260630-30,3m,3m,2026-05-26 10:27:01.654000+00:00,NK+P,0.53568937,0,0.06718325135364472,0.46431062999999995,0.46431062999999995,0.3971273786463552,False
any_3_2_1_latch_hold,KXBTC15M-26MAY260715-15,3m,3m,2026-05-26 11:12:41.632000+00:00,K+NP,0.55990657,0,0.05859552878341883,0.44009343,0.44009343,0.38149790121658117,False
any_3_2_1_latch_hold,KXBTC15M-26MAY260915-15,2m,2m,2026-05-26 13:13:11.789000+00:00,K+NP,0.58760325,0,0.05294497603290644,0.41239675,0.41239675,0.35945177396709355,False
any_3_2_1_latch_hold,KXBTC15M-26MAY261100-00,3m,3m,2026-05-26 14:58:42.377000+00:00,NK+P,0.52998157,0,0.06575265153134491,0.47001843,0.47001843,0.4042657784686551,False
any_3_2_1_latch_hold,KXBTC15M-26MAY261145-45,3m,3m,2026-05-26 15:42:18.295000+00:00,K+NP,0.95997557,0,0.03994604433092794,0.04002443,0.04002443,7.83856690720619e-05,False
any_3_2_1_latch_hold,KXBTC15M-26MAY261215-15,3m,3m,2026-05-26 16:13:06.998000+00:00,K+NP,0.57445972,0,0.06462691480474773,0.42554028,0.42554028,0.36091336519525224,False
any_3_2_1_latch_hold,KXBTC15M-26MAY261345-45,3m,3m,2026-05-26 17:42:03.567000+00:00,K+NP,0.9482200000000001,0,0.05442477067056685,0.05177999999999994,0.05177999999999994,-0.002644770670566912,False
any_3_2_1_latch_hold,KXBTC15M-26MAY261430-30,3m,3m,2026-05-26 18:27:00.389000+00:00,NK+P,0.55883748,0,0.054883658035555574,0.44116252,0.44116252,0.38627886196444444,False
any_3_2_1_latch_hold,KXBTC15M-26MAY261515-15,3m,3m,2026-05-26 19:12:01.095000+00:00,NK+P,0.9223079999999999,0,0.07846566220784763,0.0776920000000001,-0.9223079999999999,-0.0007736622078475391,True
any_3_2_1_latch_hold,KXBTC15M-26MAY261530-30,3m,3m,2026-05-26 19:27:24.391000+00:00,NK+P,0.9674233200000001,0,0.06601778719614251,0.032576679999999913,0.032576679999999913,-0.0334411071961426,False
any_3_2_1_latch_hold,KXBTC15M-26MAY261545-45,3m,3m,2026-05-26 19:42:39.947000+00:00,NK+P,0.52998157,0,0.0723462033796029,0.47001843,0.47001843,0.3976722266203971,False
any_3_2_1_latch_hold,KXBTC15M-26MAY261600-00,2m,2m,2026-05-26 19:58:53.084000+00:00,NK+P,0.9598369999999999,0,0.056923292515724956,0.04016300000000006,0.04016300000000006,-0.016760292515724896,False
any_3_2_1_latch_hold,KXBTC15M-26MAY261615-15,3m,3m,2026-05-26 20:12:00.706000+00:00,NK+P,0.96520492,0,0.06012113385930964,0.03479507999999998,0.03479507999999998,-0.02532605385930966,False
any_3_2_1_latch_hold,KXBTC15M-26MAY261700-00,2m,2m,2026-05-26 20:58:08.934000+00:00,NK+P,0.96521008,0,0.06588775168226038,0.03478992000000003,-0.96521008,-0.031097831682260352,True
any_3_2_1_latch_hold,KXBTC15M-26MAY261900-00,3m,3m,2026-05-26 22:57:38.883000+00:00,K+NP,0.53211933,0,0.06000536635284033,0.46788067,0.46788067,0.4078753036471597,False
any_3_2_1_latch_hold,KXBTC15M-26MAY261945-45,1m,1m,2026-05-26 23:44:22.218000+00:00,NK+P,0.56451472,0,0.06861273720195653,0.43548528,0.43548528,0.36687254279804343,False
any_3_2_1_latch_hold,KXBTC15M-26MAY262030-30,3m,3m,2026-05-27 00:27:03.598000+00:00,K+NP,0.53675888,0,0.06555047826575497,0.46324111999999995,0.46324111999999995,0.39769064173424495,False
any_3_2_1_latch_hold,KXBTC15M-26MAY262200-00,3m,3m,2026-05-27 01:57:01.974000+00:00,NK+P,0.61399728,1,0.026043472615328068,-0.61399728,-0.61399728,0.35995924738467194,True
any_3_2_1_latch_hold,KXBTC15M-26MAY262215-15,3m,3m,2026-05-27 02:12:00.108000+00:00,K+NP,0.54173232,0,0.050981533120379695,0.45826767999999996,0.45826767999999996,0.4072861468796203,False
any_3_2_1_latch_hold,KXBTC15M-26MAY270000-00,2m,2m,2026-05-27 03:58:02.195000+00:00,K+NP,0.6053043699999999,0,0.059604660243114,0.3946956300000001,0.3946956300000001,0.33509096975688607,False
any_3_2_1_latch_hold,KXBTC15M-26MAY270130-30,3m,3m,2026-05-27 05:27:21.886000+00:00,NK+P,0.53211933,0,0.07647780141322075,0.46788067,0.46788067,0.39140286858677925,False
any_3_2_1_latch_hold,KXBTC15M-26MAY270245-45,2m,2m,2026-05-27 06:43:01.168000+00:00,NK+P,0.81227888,0,0.030756865427887813,0.18772111999999996,0.18772111999999996,0.15696425457211216,False
any_3_2_1_latch_hold,KXBTC15M-26MAY270330-30,3m,3m,2026-05-27 07:27:54.363000+00:00,NK+P,0.52891248,0,0.0739515189541572,0.47108752,0.47108752,0.3971360010458428,False
any_3_2_1_latch_hold,KXBTC15M-26MAY270515-15,3m,3m,2026-05-27 09:12:01.108000+00:00,K+NP,0.5478032500000001,0,0.053192088515795745,0.4521967499999999,0.4521967499999999,0.39900466148420416,False
any_3_2_1_latch_hold,KXBTC15M-26MAY270530-30,3m,3m,2026-05-27 09:27:35.468000+00:00,NK+P,0.54210433,0,0.07320509092642084,0.45789567,0.45789567,0.3846905790735791,False
any_3_2_1_latch_hold,KXBTC15M-26MAY270615-15,3m,3m,2026-05-27 10:12:00.336000+00:00,K+NP,0.8300414799999999,0,0.07221989236082543,0.1699585200000001,0.1699585200000001,0.09773862763917468,False
any_3_2_1_latch_hold,KXBTC15M-26MAY270915-15,3m,3m,2026-05-27 13:12:01.292000+00:00,K+NP,0.5843947199999999,0,0.05416527251471509,0.4156052800000001,0.4156052800000001,0.361440007485285,False
any_3_2_1_latch_hold,KXBTC15M-26MAY270930-30,3m,3m,2026-05-27 13:27:03.110000+00:00,K+NP,0.45873748000000003,0,0.04443061989320864,0.54126252,0.54126252,0.49683190010679135,False
any_3_2_1_latch_hold,KXBTC15M-26MAY271015-15,3m,3m,2026-05-27 14:13:42.278000+00:00,K+NP,0.95569872,0,0.058023140171693625,0.04430128,-0.95569872,-0.013721860171693627,True
any_3_2_1_latch_hold,KXBTC15M-26MAY271230-30,3m,3m,2026-05-27 16:27:06.736000+00:00,K+NP,0.5784092500000001,0,0.05097159637236684,0.4215907499999999,0.4215907499999999,0.3706191536276331,False
any_3_2_1_latch_hold,KXBTC15M-26MAY271315-15,3m,3m,2026-05-27 17:12:00.413000+00:00,K+NP,0.5189174799999999,0,0.05346590899041597,0.48108252000000007,0.48108252000000007,0.4276166110095841,False
any_3_2_1_latch_hold,KXBTC15M-26MAY271415-15,3m,3m,2026-05-27 18:12:05.627000+00:00,K+NP,0.9644469999999999,0,0.06335778481353499,0.03555300000000006,0.03555300000000006,-0.027804784813534933,False
any_3_2_1_latch_hold,KXBTC15M-26MAY271430-30,3m,3m,2026-05-27 18:27:01.230000+00:00,NK+P,0.84454157,0,0.05985231313968729,0.15545843000000004,0.15545843000000004,0.09560611686031276,False
any_3_2_1_latch_hold,KXBTC15M-26MAY271845-45,2m,2m,2026-05-27 22:44:05.014000+00:00,K+NP,0.8259450000000002,0,0.043528165683933674,0.17405499999999985,0.17405499999999985,0.13052683431606618,False
any_3_2_1_latch_hold,KXBTC15M-26MAY272030-30,3m,3m,2026-05-28 00:27:00.923000+00:00,K+NP,0.7966070000000001,0,0.0525479346260253,0.20339299999999993,0.20339299999999993,0.15084506537397463,False
any_3_2_1_latch_hold,KXBTC15M-26MAY272300-00,3m,3m,2026-05-28 02:58:51.083000+00:00,NK+P,0.963068,0,0.06940234979403909,0.036931999999999965,-0.963068,-0.03247034979403912,True
any_3_2_1_latch_hold,KXBTC15M-26MAY272315-15,3m,3m,2026-05-28 03:14:12.031000+00:00,K+NP,0.96512937,0,0.06231574751413947,0.034870630000000014,0.034870630000000014,-0.027445117514139458,False
any_3_2_1_latch_hold,KXBTC15M-26MAY280015-15,3m,3m,2026-05-28 04:12:01.317000+00:00,K+NP,0.8504630000000001,0,0.07345893800375858,0.14953699999999992,0.14953699999999992,0.07607806199624134,False
any_3_2_1_latch_hold,KXBTC15M-26MAY280045-45,3m,3m,2026-05-28 04:42:01.519000+00:00,NK+P,0.55207933,0,0.07146915143705201,0.44792067,0.44792067,0.376451518562948,False
any_3_2_1_latch_hold,KXBTC15M-26MAY280145-45,2m,2m,2026-05-28 05:44:16.589000+00:00,NK+P,0.7179865699999999,0,0.06242431641414077,0.2820134300000001,0.2820134300000001,0.21958911358585936,False
any_3_2_1_latch_hold,KXBTC15M-26MAY280530-30,3m,3m,2026-05-28 09:27:01.186000+00:00,NK+P,0.53675888,0,0.026723319639253375,0.46324111999999995,0.46324111999999995,0.43651780036074656,False
any_3_2_1_latch_hold,KXBTC15M-26MAY280545-45,3m,3m,2026-05-28 09:42:20.257000+00:00,NK+P,0.42958157,0,0.06971184063783667,0.5704184299999999,0.5704184299999999,0.5007065893621633,False
any_3_2_1_latch_hold,KXBTC15M-26MAY280730-30,3m,3m,2026-05-28 11:27:00.049000+00:00,K+NP,0.9684887700000001,0,0.07311318171181899,0.03151122999999989,0.03151122999999989,-0.0416019517118191,False
any_3_2_1_latch_hold,KXBTC15M-26MAY281015-15,3m,3m,2026-05-28 14:12:01.644000+00:00,K+NP,0.5146397199999999,1,0.024166386206146525,-0.5146397199999999,-0.5146397199999999,0.46119389379385356,False
any_3_2_1_latch_hold,KXBTC15M-26MAY281045-45,1m,1m,2026-05-28 14:44:01.030000+00:00,K+NP,0.96627317,0,0.04967211492426269,0.033726829999999985,0.033726829999999985,-0.015945284924262705,False
any_3_2_1_latch_hold,KXBTC15M-26MAY281100-00,3m,3m,2026-05-28 14:57:32.338000+00:00,NK+P,0.5463781700000001,0,0.07591686289668312,0.4536218299999999,0.4536218299999999,0.3777049671033168,False
any_3_2_1_latch_hold,KXBTC15M-26MAY281145-45,3m,3m,2026-05-28 15:42:00.210000+00:00,NK+P,0.939488,0,0.07052435815317695,0.06051200000000001,-0.939488,-0.010012358153176942,True
any_3_2_1_latch_hold,KXBTC15M-26MAY281215-15,2m,2m,2026-05-28 16:13:02.077000+00:00,NK+P,0.239273,0,0.0028952514453252556,0.7607269999999999,0.7607269999999999,0.7578317485546747,False
any_3_2_1_latch_hold,KXBTC15M-26MAY281245-45,3m,3m,2026-05-28 16:42:01.935000+00:00,NK+P,0.68035897,0,0.05865911537134619,0.31964103,0.31964103,0.26098191462865383,False
any_3_2_1_latch_hold,KXBTC15M-26MAY281515-15,3m,3m,2026-05-28 19:12:00.781000+00:00,K+NP,0.83058937,0,0.05361431967455841,0.16941063,0.16941063,0.1157963103254416,False
any_3_2_1_latch_hold,KXBTC15M-26MAY281545-45,3m,3m,2026-05-28 19:42:30.223000+00:00,K+NP,0.49675887999999996,0,0.05534141811133033,0.50324112,0.50324112,0.4478997018886697,False
any_3_2_1_latch_hold,KXBTC15M-26MAY281600-00,1m,1m,2026-05-28 19:59:00.607000+00:00,NK+P,0.9450520000000001,1,0.09059484351181343,-0.9450520000000001,-0.9450520000000001,-0.03564684351181355,False
any_3_2_1_latch_hold,KXBTC15M-26MAY281630-30,3m,3m,2026-05-28 20:27:01.505000+00:00,NK+P,0.93753388,0,0.07727790406459237,0.06246611999999996,0.06246611999999996,-0.01481178406459241,False
any_3_2_1_latch_hold,KXBTC15M-26MAY281745-45,3m,3m,2026-05-28 21:42:02.399000+00:00,NK+P,0.50463472,0,0.03421767093272841,0.49536528,0.49536528,0.4611476090672716,False
any_3_2_1_latch_hold,KXBTC15M-26MAY281945-45,3m,3m,2026-05-28 23:42:00.719000+00:00,K+NP,0.52891248,0,0.0484596339196068,0.47108752,0.47108752,0.4226278860803932,False
any_3_2_1_latch_hold,KXBTC15M-26MAY282000-00,3m,3m,2026-05-28 23:57:18.036000+00:00,NK+P,0.968308,0,0.07866542760440956,0.03169200000000005,0.03169200000000005,-0.04697342760440951,False
any_3_2_1_latch_hold,KXBTC15M-26MAY282100-00,3m,3m,2026-05-29 00:57:00.771000+00:00,K+NP,0.8283880000000001,0,0.035942032928149445,0.17161199999999988,0.17161199999999988,0.13566996707185042,False
any_3_2_1_latch_hold,KXBTC15M-26MAY282115-15,3m,3m,2026-05-29 01:13:36.742000+00:00,NK+P,0.9650136699999999,0,0.029729807293392047,0.034986330000000065,0.034986330000000065,0.005256522706608018,False
any_3_2_1_latch_hold,KXBTC15M-26MAY282130-30,3m,3m,2026-05-29 01:27:00.946000+00:00,K+NP,0.9545147199999999,0,0.05227632729437408,0.04548528000000007,0.04548528000000007,-0.006791047294374006,False
any_3_2_1_latch_hold,KXBTC15M-26MAY282145-45,3m,3m,2026-05-29 01:42:40.180000+00:00,K+NP,0.94816825,0,0.06666642518863959,0.051831749999999954,0.051831749999999954,-0.014834675188639637,False
any_3_2_1_latch_hold,KXBTC15M-26MAY282215-15,1m,1m,2026-05-29 02:14:03.610000+00:00,NK+P,0.964192,0,0.08738440519603237,0.03580799999999995,0.03580799999999995,-0.05157640519603242,False
any_3_2_1_latch_hold,KXBTC15M-26MAY290330-30,3m,3m,2026-05-29 07:29:28.271000+00:00,K+NP,0.5146397199999999,0,0.05920598292858155,0.4853602800000001,0.4853602800000001,0.42615429707141855,False
any_3_2_1_latch_hold,KXBTC15M-26MAY290400-00,2m,2m,2026-05-29 07:58:21.435000+00:00,NK+P,0.5342565300000001,0,0.055379771955665104,0.46574346999999994,0.46574346999999994,0.4103636980443348,False
any_3_2_1_latch_hold,KXBTC15M-26MAY290430-30,3m,3m,2026-05-29 08:27:22.257000+00:00,NK+P,0.503173,0,0.025748621902457438,0.496827,0.496827,0.4710783780975426,False
any_3_2_1_latch_hold,KXBTC15M-26MAY290600-00,3m,3m,2026-05-29 09:57:00.355000+00:00,K+NP,0.54459472,0,0.07171529223075944,0.45540528,0.45540528,0.38368998776924057,False
any_3_2_1_latch_hold,KXBTC15M-26MAY290615-15,3m,3m,2026-05-29 10:12:01.222000+00:00,K+NP,0.91198625,0,0.07340007885389517,0.08801375,0.08801375,0.014613671146104831,False
any_3_2_1_latch_hold,KXBTC15M-26MAY290930-30,3m,3m,2026-05-29 13:27:00.049000+00:00,K+NP,0.5167788799999999,0,0.039965904340338115,0.48322112000000006,0.48322112000000006,0.44325521565966197,False
any_3_2_1_latch_hold,KXBTC15M-26MAY291030-30,3m,3m,2026-05-29 14:27:01.008000+00:00,K+NP,0.50463472,0,0.03373551108280698,0.49536528,0.49536528,0.46162976891719304,False
any_2_1_latch_hold,KXBTC15M-26MAY170030-30,2m,2m,2026-05-17 04:28:31.780000+00:00,NK+P,0.72243472,0,0.028460317627702368,0.27756528,0.27756528,0.24910496237229765,False
any_2_1_latch_hold,KXBTC15M-26MAY170345-45,1m,1m,2026-05-17 07:44:18.938000+00:00,NK+P,0.47883748000000004,0,0.09991473947187575,0.52116252,0.52116252,0.4212477805281242,False
any_2_1_latch_hold,KXBTC15M-26MAY170915-15,2m,2m,2026-05-17 13:13:00.466000+00:00,K+NP,0.6853338800000001,0,0.04986618101497054,0.31466611999999994,0.31466611999999994,0.2647999389850294,False
any_2_1_latch_hold,KXBTC15M-26MAY171015-15,2m,2m,2026-05-17 14:13:00.397000+00:00,K+NP,0.60744325,0,0.039892906421049944,0.39255675,0.39255675,0.3526638435789501,False
any_2_1_latch_hold,KXBTC15M-26MAY171145-45,1m,1m,2026-05-17 15:44:02.643000+00:00,K+NP,0.9492280000000001,0,0.13397737962681747,0.05077199999999993,0.05077199999999993,-0.08320537962681754,False
any_2_1_latch_hold,KXBTC15M-26MAY171515-15,1m,1m,2026-05-17 19:14:39.317000+00:00,K+NP,0.94495972,0,0.08296248073487139,0.05504028000000005,0.05504028000000005,-0.02792220073487134,False
any_2_1_latch_hold,KXBTC15M-26MAY171930-30,2m,2m,2026-05-17 23:28:14.903000+00:00,K+NP,0.9217449999999999,0,0.0705344977763478,0.07825500000000007,-0.9217449999999999,0.007720502223652281,True
any_2_1_latch_hold,KXBTC15M-26MAY172100-00,2m,2m,2026-05-18 00:59:05.325000+00:00,NK+P,0.49568936999999996,0,0.009655184697247623,0.50431063,-0.49568936999999996,0.49465544530275235,True
any_2_1_latch_hold,KXBTC15M-26MAY172130-30,2m,2m,2026-05-18 01:28:00.585000+00:00,K+NP,0.67099933,0,0.0464524603047725,0.32900067,0.32900067,0.2825482096952275,False
any_2_1_latch_hold,KXBTC15M-26MAY172200-00,2m,2m,2026-05-18 01:58:34.361000+00:00,NK+P,0.8488597199999999,0,0.03420030452868893,0.15114028000000013,0.15114028000000013,0.1169399754713112,False
any_2_1_latch_hold,KXBTC15M-26MAY172215-15,2m,2m,2026-05-18 02:14:29.699000+00:00,NK+P,0.69301972,0,0.07408154093138311,0.30698028,0.30698028,0.23289873906861688,False
any_2_1_latch_hold,KXBTC15M-26MAY172230-30,2m,2m,2026-05-18 02:29:46.465000+00:00,K+NP,0.7517597199999999,0,0.06995329239766383,0.2482402800000001,0.2482402800000001,0.17828698760233624,False
any_2_1_latch_hold,KXBTC15M-26MAY180100-00,1m,1m,2026-05-18 04:59:12.007000+00:00,NK+P,0.38593387999999995,0,0.08852689925493726,0.61406612,0.61406612,0.5255392207450628,False
any_2_1_latch_hold,KXBTC15M-26MAY180230-30,2m,2m,2026-05-18 06:29:00.790000+00:00,K+NP,0.87029888,0,0.0336802591796207,0.12970112,0.12970112,0.0960208608203793,False
any_2_1_latch_hold,KXBTC15M-26MAY180330-30,2m,2m,2026-05-18 07:28:48.386000+00:00,NK+P,0.9693642,0,0.05130743541135555,0.03063579999999999,0.03063579999999999,-0.02067163541135556,False
any_2_1_latch_hold,KXBTC15M-26MAY180515-15,2m,2m,2026-05-18 09:13:01.246000+00:00,K+NP,0.8831415699999999,0,0.02562045121273809,0.11685843000000007,0.11685843000000007,0.09123797878726198,False
any_2_1_latch_hold,KXBTC15M-26MAY180530-30,1m,1m,2026-05-18 09:29:02.288000+00:00,NK+P,0.6928165300000001,0,0.061900332012402526,0.3071834699999999,0.3071834699999999,0.24528313798759738,False
any_2_1_latch_hold,KXBTC15M-26MAY180715-15,2m,2m,2026-05-18 11:13:00.909000+00:00,K+NP,0.8399800000000001,0,0.07097371518053468,0.16001999999999994,-0.8399800000000001,0.08904628481946526,True
any_2_1_latch_hold,KXBTC15M-26MAY181030-30,1m,1m,2026-05-18 14:29:01.652000+00:00,NK+P,0.9663577300000001,0,0.12544975350958365,0.03364226999999986,0.03364226999999986,-0.09180748350958379,False
any_2_1_latch_hold,KXBTC15M-26MAY181430-30,2m,2m,2026-05-18 18:28:06.776000+00:00,K+NP,0.8488597199999999,0,0.004637623906317163,0.15114028000000013,0.15114028000000013,0.14650265609368296,False
any_2_1_latch_hold,KXBTC15M-26MAY181845-45,2m,2m,2026-05-18 22:43:07.710000+00:00,K+NP,0.42637388,0,0.022265532235487964,0.57362612,0.57362612,0.551360587764512,False
any_2_1_latch_hold,KXBTC15M-26MAY190200-00,1m,1m,2026-05-19 05:59:00.591000+00:00,K+NP,0.914868,0,0.10361687047590022,0.08513199999999999,0.08513199999999999,-0.018484870475900236,False
any_2_1_latch_hold,KXBTC15M-26MAY190230-30,1m,1m,2026-05-19 06:29:38.074000+00:00,NK+P,0.938605,0,0.0466644404383726,0.06139499999999998,0.06139499999999998,0.01473055956162738,False
any_2_1_latch_hold,KXBTC15M-26MAY190315-15,1m,1m,2026-05-19 07:14:00.638000+00:00,NK+P,0.50570437,0,0.009933657713464043,0.49429563,0.49429563,0.48436197228653594,False
any_2_1_latch_hold,KXBTC15M-26MAY190445-45,2m,2m,2026-05-19 08:43:01.310000+00:00,NK+P,0.69408937,0,0.011021404641989793,0.30591062999999996,0.30591062999999996,0.29488922535801015,False
any_2_1_latch_hold,KXBTC15M-26MAY190515-15,1m,1m,2026-05-19 09:14:02.309000+00:00,K+NP,0.96512937,0,0.07574245509426003,0.034870630000000014,0.034870630000000014,-0.04087182509426002,False
any_2_1_latch_hold,KXBTC15M-26MAY190815-15,2m,2m,2026-05-19 12:13:13.284000+00:00,NK+P,0.63045052,0,0.062211317981581624,0.36954948,0.36954948,0.30733816201841835,False
any_2_1_latch_hold,KXBTC15M-26MAY191730-30,1m,1m,2026-05-19 21:29:00.690000+00:00,NK+P,0.850355,0,0.06913444335412366,0.14964500000000003,0.14964500000000003,0.08051055664587636,False
any_2_1_latch_hold,KXBTC15M-26MAY191845-45,2m,2m,2026-05-19 22:43:02.040000+00:00,NK+P,0.8015043700000001,0,0.05530499471177609,0.19849562999999992,0.19849562999999992,0.14319063528822384,False
any_2_1_latch_hold,KXBTC15M-26MAY191930-30,2m,2m,2026-05-19 23:28:32.167000+00:00,NK+P,0.81013972,0,0.05121357253817853,0.18986028,0.18986028,0.13864670746182145,False
any_2_1_latch_hold,KXBTC15M-26MAY192345-45,2m,2m,2026-05-20 03:43:00.594000+00:00,K+NP,0.652348,0,0.032047219560454705,0.34765199999999996,0.34765199999999996,0.31560478043954526,False
any_2_1_latch_hold,KXBTC15M-26MAY200015-15,2m,2m,2026-05-20 04:13:21.506000+00:00,NK+P,0.92371933,0,0.06688285980886484,0.07628067000000005,0.07628067000000005,0.009397810191135211,False
any_2_1_latch_hold,KXBTC15M-26MAY200500-00,2m,2m,2026-05-20 08:58:01.329000+00:00,K+NP,0.83593552,0,0.06377142571984408,0.16406447999999996,0.16406447999999996,0.10029305428015588,False
any_2_1_latch_hold,KXBTC15M-26MAY200900-00,2m,2m,2026-05-20 12:59:21.981000+00:00,NK+P,0.81983472,0,0.052425137700822,0.18016527999999998,0.18016527999999998,0.127740142299178,False
any_2_1_latch_hold,KXBTC15M-26MAY201000-00,2m,2m,2026-05-20 13:58:00.805000+00:00,NK+P,0.953513,0,0.015036941812225023,0.046486999999999945,0.046486999999999945,0.031450058187774924,False
any_2_1_latch_hold,KXBTC15M-26MAY201815-15,2m,2m,2026-05-20 22:13:12.414000+00:00,K+NP,0.52463472,0,0.06639302380660153,0.47536528,0.47536528,0.4089722561933985,False
any_2_1_latch_hold,KXBTC15M-26MAY202145-45,2m,2m,2026-05-21 01:43:00.502000+00:00,NK+P,0.938605,0,0.04226168376578709,0.06139499999999998,0.06139499999999998,0.01913331623421289,False
any_2_1_latch_hold,KXBTC15M-26MAY202330-30,2m,2m,2026-05-21 03:28:00.491000+00:00,NK+P,0.30991933,0,0.009393674005158408,0.69008067,0.69008067,0.6806869959948415,False
any_2_1_latch_hold,KXBTC15M-26MAY210100-00,1m,1m,2026-05-21 04:59:00.948000+00:00,NK+P,0.57659888,0,0.04022871605202425,0.42340111999999996,0.42340111999999996,0.3831724039479757,False
any_2_1_latch_hold,KXBTC15M-26MAY210115-15,2m,2m,2026-05-21 05:13:00.862000+00:00,K+NP,0.40140433000000003,0,0.015860786184798775,0.5985956699999999,0.5985956699999999,0.5827348838152011,False
any_2_1_latch_hold,KXBTC15M-26MAY210600-00,1m,1m,2026-05-21 09:59:00.854000+00:00,K+NP,0.92583892,0,0.11242753503377362,0.07416107999999999,0.07416107999999999,-0.03826645503377363,False
any_2_1_latch_hold,KXBTC15M-26MAY211130-30,2m,2m,2026-05-21 15:28:20.955000+00:00,NK+P,0.52998157,0,0.060894415964549344,0.47001843,0.47001843,0.4091240140354506,False
any_2_1_latch_hold,KXBTC15M-26MAY211145-45,1m,1m,2026-05-21 15:44:00.402000+00:00,K+NP,0.93539472,0,0.05498588568521526,0.06460527999999999,0.06460527999999999,0.00961939431478473,False
any_2_1_latch_hold,KXBTC15M-26MAY211300-00,2m,2m,2026-05-21 16:58:00.563000+00:00,NK+P,0.5677232500000001,0,0.0442457071447072,0.4322767499999999,0.4322767499999999,0.38803104285529266,False
any_2_1_latch_hold,KXBTC15M-26MAY211315-15,2m,2m,2026-05-21 17:13:00.871000+00:00,NK+P,0.7343588799999999,0,0.004926041667298314,0.26564112000000006,0.26564112000000006,0.26071507833270174,False
any_2_1_latch_hold,KXBTC15M-26MAY211730-30,1m,1m,2026-05-21 21:29:01.247000+00:00,NK+P,0.936537,0,0.08137084478530816,0.06346300000000005,0.06346300000000005,-0.017907844785308116,False
any_2_1_latch_hold,KXBTC15M-26MAY211800-00,2m,2m,2026-05-21 21:58:15.617000+00:00,K+NP,0.6371282500000001,0,0.06889207055336795,0.36287174999999994,0.36287174999999994,0.293979679446632,False
any_2_1_latch_hold,KXBTC15M-26MAY212015-15,2m,2m,2026-05-22 00:13:00.444000+00:00,K+NP,0.82951972,0,0.04969372272751469,0.17048028000000004,0.17048028000000004,0.12078655727248536,False
any_2_1_latch_hold,KXBTC15M-26MAY212115-15,1m,1m,2026-05-22 01:14:02.228000+00:00,NK+P,0.55455972,0,0.0387877361550488,0.44544028,0.44544028,0.4066525438449512,False
any_2_1_latch_hold,KXBTC15M-26MAY220045-45,2m,2m,2026-05-22 04:43:00.529000+00:00,K+NP,0.54566437,0,0.03361129972547742,0.45433563,0.45433563,0.42072433027452255,False
any_2_1_latch_hold,KXBTC15M-26MAY220130-30,2m,2m,2026-05-22 05:28:02.143000+00:00,K+NP,0.5167788799999999,0,0.007443451879592287,0.48322112000000006,0.48322112000000006,0.4757776681204078,False
any_2_1_latch_hold,KXBTC15M-26MAY220400-00,2m,2m,2026-05-22 07:58:17.861000+00:00,K+NP,0.5199865699999999,0,0.07379223555562514,0.4800134300000001,0.4800134300000001,0.40622119444437493,False
any_2_1_latch_hold,KXBTC15M-26MAY220930-30,2m,2m,2026-05-22 13:28:00.100000+00:00,K+NP,0.42530437,0,0.025489088787343017,0.57469563,0.57469563,0.549206541212657,False
any_2_1_latch_hold,KXBTC15M-26MAY221000-00,1m,1m,2026-05-22 13:59:00.506000+00:00,NK+P,0.91730437,0,0.12956748033940402,0.08269563000000002,0.08269563000000002,-0.046871850339404,False
any_2_1_latch_hold,KXBTC15M-26MAY221145-45,2m,2m,2026-05-22 15:43:07.633000+00:00,K+NP,0.51784825,0,0.0015782606715555492,0.48215175,0.48215175,0.48057348932844446,False
any_2_1_latch_hold,KXBTC15M-26MAY221515-15,2m,2m,2026-05-22 19:13:00.422000+00:00,K+NP,0.48887248,0,0.01496585567329448,0.5111275200000001,0.5111275200000001,0.49616166432670555,False
any_2_1_latch_hold,KXBTC15M-26MAY221830-30,2m,2m,2026-05-22 22:28:00.208000+00:00,K+NP,0.50463472,0,0.029319088929785506,0.49536528,0.49536528,0.4660461910702145,False
any_2_1_latch_hold,KXBTC15M-26MAY222115-15,2m,2m,2026-05-23 01:13:03.297000+00:00,K+NP,0.96382,0,0.06513049709744537,0.03617999999999999,0.03617999999999999,-0.028950497097445377,False
any_2_1_latch_hold,KXBTC15M-26MAY230045-45,2m,2m,2026-05-23 04:43:00.627000+00:00,K+NP,0.8282001200000001,0,0.004355628398030467,0.1717998799999999,0.1717998799999999,0.16744425160196943,False
any_2_1_latch_hold,KXBTC15M-26MAY230100-00,1m,1m,2026-05-23 04:59:00.102000+00:00,NK+P,0.8605611200000001,0,0.0665377807822717,0.13943887999999993,0.13943887999999993,0.07290109921772824,False
any_2_1_latch_hold,KXBTC15M-26MAY230315-15,2m,2m,2026-05-23 07:13:29.327000+00:00,K+NP,0.96840925,0,0.07830284909173241,0.03159075,0.03159075,-0.046712099091732406,False
any_2_1_latch_hold,KXBTC15M-26MAY230330-30,2m,2m,2026-05-23 07:28:00.704000+00:00,K+NP,0.8713682500000001,0,0.05245890783776168,0.12863174999999993,0.12863174999999993,0.07617284216223826,False
any_2_1_latch_hold,KXBTC15M-26MAY230700-00,2m,2m,2026-05-23 10:58:26.654000+00:00,K+NP,0.59081052,0,0.05159053042458064,0.40918948,0.40918948,0.3575989495754194,False
any_2_1_latch_hold,KXBTC15M-26MAY230815-15,2m,2m,2026-05-23 12:13:01.026000+00:00,K+NP,0.77232937,0,0.015304758891544465,0.22767062999999998,0.22767062999999998,0.2123658711084555,False
any_2_1_latch_hold,KXBTC15M-26MAY230915-15,2m,2m,2026-05-23 13:13:06.015000+00:00,NK+P,0.5278432500000001,0,0.018815259864027236,0.4721567499999999,0.4721567499999999,0.4533414901359727,False
any_2_1_latch_hold,KXBTC15M-26MAY231045-45,2m,2m,2026-05-23 14:43:02.509000+00:00,NK+P,0.45552937,0,0.02424393598938535,0.54447063,0.54447063,0.5202266940106146,False
any_2_1_latch_hold,KXBTC15M-26MAY231430-30,2m,2m,2026-05-23 18:28:00.350000+00:00,NK+P,0.50169232,0,0.02500727489871816,0.49830768000000003,0.49830768000000003,0.47330040510128185,False
any_2_1_latch_hold,KXBTC15M-26MAY231515-15,1m,1m,2026-05-23 19:14:03.209000+00:00,K+NP,0.9567611200000001,0,0.0399257548322772,0.04323887999999987,0.04323887999999987,0.003313125167722669,False
any_2_1_latch_hold,KXBTC15M-26MAY231715-15,2m,2m,2026-05-23 21:13:01.541000+00:00,K+NP,0.5677232500000001,0,0.03245199146713749,0.4322767499999999,0.4322767499999999,0.39982475853286237,False
any_2_1_latch_hold,KXBTC15M-26MAY231930-30,1m,1m,2026-05-23 23:29:26.064000+00:00,K+NP,0.9545147199999999,0,0.027970006246432495,0.04548528000000007,0.04548528000000007,0.017515273753567578,False
any_2_1_latch_hold,KXBTC15M-26MAY232200-00,1m,1m,2026-05-24 01:59:03.995000+00:00,NK+P,0.85851472,0,0.06811609134358548,0.14148528000000005,0.14148528000000005,0.07336918865641456,False
any_2_1_latch_hold,KXBTC15M-26MAY232215-15,1m,1m,2026-05-24 02:14:00.896000+00:00,NK+P,0.9578483200000001,0,0.12108911052854036,0.042151679999999914,0.042151679999999914,-0.07893743052854045,False
any_2_1_latch_hold,KXBTC15M-26MAY240015-15,2m,2m,2026-05-24 04:13:01.130000+00:00,K+NP,0.917833,0,0.07113889762658597,0.08216699999999999,0.08216699999999999,0.01102810237341402,False
any_2_1_latch_hold,KXBTC15M-26MAY240045-45,1m,1m,2026-05-24 04:44:00.398000+00:00,NK+P,0.945917,0,0.13321652979791523,0.05408299999999999,0.05408299999999999,-0.07913352979791524,False
any_2_1_latch_hold,KXBTC15M-26MAY240215-15,1m,1m,2026-05-24 06:14:02.001000+00:00,NK+P,0.927283,0,0.13107375426801782,0.07271700000000003,0.07271700000000003,-0.058356754268017785,False
any_2_1_latch_hold,KXBTC15M-26MAY240315-15,2m,2m,2026-05-24 07:13:00.264000+00:00,K+NP,0.56986157,0,0.012872890695534992,0.43013842999999996,0.43013842999999996,0.41726553930446497,False
any_2_1_latch_hold,KXBTC15M-26MAY240345-45,1m,1m,2026-05-24 07:44:12.811000+00:00,K+NP,0.72350437,0,0.0717116392175615,0.27649563,0.27649563,0.20478399078243847,False
any_2_1_latch_hold,KXBTC15M-26MAY241030-30,2m,2m,2026-05-24 14:28:16.148000+00:00,NK+P,0.826012,0,0.06230351287157731,0.17398800000000003,0.17398800000000003,0.11168448712842272,False
any_2_1_latch_hold,KXBTC15M-26MAY241530-30,1m,1m,2026-05-24 19:29:23.109000+00:00,NK+P,0.9643480000000001,0,0.09804734001864585,0.035651999999999906,0.035651999999999906,-0.06239534001864594,False
any_2_1_latch_hold,KXBTC15M-26MAY241615-15,2m,2m,2026-05-24 20:14:04.470000+00:00,K+NP,0.92581972,0,0.060273628284420615,0.07418027999999999,0.07418027999999999,0.013906651715579373,False
any_2_1_latch_hold,KXBTC15M-26MAY242030-30,2m,2m,2026-05-25 00:28:27.926000+00:00,K+NP,0.9489970000000001,1,0.05986504806440877,-0.9489970000000001,-0.9489970000000001,-0.008862048064408858,True
any_2_1_latch_hold,KXBTC15M-26MAY250230-30,2m,2m,2026-05-25 06:28:56.506000+00:00,K+NP,0.96512937,0,0.05101215483935167,0.034870630000000014,0.034870630000000014,-0.016141524839351655,False
any_2_1_latch_hold,KXBTC15M-26MAY250245-45,2m,2m,2026-05-25 06:43:00.477000+00:00,NK+P,0.6437947199999999,0,0.053331746220217545,0.35620528000000007,0.35620528000000007,0.30287353377978254,False
any_2_1_latch_hold,KXBTC15M-26MAY250315-15,2m,2m,2026-05-25 07:13:24.991000+00:00,K+NP,0.37740925000000003,0,0.014200452449657664,0.62259075,0.62259075,0.6083902975503424,False
any_2_1_latch_hold,KXBTC15M-26MAY250545-45,1m,1m,2026-05-25 09:44:01.914000+00:00,NK+P,0.75496825,0,0.02894141953520506,0.24503175,0.24503175,0.21609033046479492,False
any_2_1_latch_hold,KXBTC15M-26MAY250730-30,1m,1m,2026-05-25 11:29:24.003000+00:00,K+NP,0.7126397199999999,0,0.038978844507393286,0.28736028000000013,0.28736028000000013,0.24838143549260686,False
any_2_1_latch_hold,KXBTC15M-26MAY250815-15,1m,1m,2026-05-25 12:14:02.390000+00:00,NK+P,0.945917,0,0.026953472331467627,0.05408299999999999,0.05408299999999999,0.027129527668532365,False
any_2_1_latch_hold,KXBTC15M-26MAY250915-15,1m,1m,2026-05-25 13:14:00.942000+00:00,K+NP,0.94923748,0,0.028839346873235753,0.05076252000000003,0.05076252000000003,0.02192317312676428,False
any_2_1_latch_hold,KXBTC15M-26MAY251130-30,2m,2m,2026-05-25 15:28:00.119000+00:00,K+NP,0.93333232,0,0.07182124251307477,0.06666768,0.06666768,-0.005153562513074764,False
any_2_1_latch_hold,KXBTC15M-26MAY251145-45,1m,1m,2026-05-25 15:44:04.778000+00:00,NK+P,0.45615317,0,0.04700109882743467,0.54384683,0.54384683,0.49684573117256536,False
any_2_1_latch_hold,KXBTC15M-26MAY251200-00,1m,1m,2026-05-25 15:59:01.580000+00:00,K+NP,0.915193,0,0.08925756890264434,0.08480699999999997,0.08480699999999997,-0.004450568902644378,False
any_2_1_latch_hold,KXBTC15M-26MAY251215-15,2m,2m,2026-05-25 16:13:00.916000+00:00,K+NP,0.963068,0,0.07457332082152857,0.036931999999999965,0.036931999999999965,-0.0376413208215286,False
any_2_1_latch_hold,KXBTC15M-26MAY251230-30,2m,2m,2026-05-25 16:28:40.873000+00:00,NK+P,0.63391972,0,0.07706972773971615,0.36608028000000004,0.36608028000000004,0.2890105522602839,False
any_2_1_latch_hold,KXBTC15M-26MAY251500-00,2m,2m,2026-05-25 18:58:01.719000+00:00,K+NP,0.483113,0,0.052787609947019774,0.516887,0.516887,0.46409939005298023,False
any_2_1_latch_hold,KXBTC15M-26MAY251715-15,2m,2m,2026-05-25 21:13:12.520000+00:00,NK+P,0.56879248,0,0.04623532924375944,0.43120751999999996,0.43120751999999996,0.3849721907562405,False
any_2_1_latch_hold,KXBTC15M-26MAY251845-45,2m,2m,2026-05-25 22:43:01.721000+00:00,K+NP,0.50677388,0,0.0269581097862619,0.49322612,0.49322612,0.4662680102137381,False
any_2_1_latch_hold,KXBTC15M-26MAY251900-00,1m,1m,2026-05-25 22:59:14.687000+00:00,K+NP,0.95671817,0,0.11451317314745524,0.043281829999999966,0.043281829999999966,-0.07123134314745527,False
any_2_1_latch_hold,KXBTC15M-26MAY251945-45,2m,2m,2026-05-25 23:43:00.696000+00:00,NK+P,0.5189174799999999,0,0.013912472198065871,0.48108252000000007,0.48108252000000007,0.4671700478019342,False
any_2_1_latch_hold,KXBTC15M-26MAY252000-00,1m,1m,2026-05-25 23:59:04.259000+00:00,NK+P,0.965297,1,0.07979593123915446,-0.965297,-0.965297,-0.04509293123915442,False
any_2_1_latch_hold,KXBTC15M-26MAY252015-15,2m,2m,2026-05-26 00:13:04.118000+00:00,K+NP,0.8852793299999999,0,0.0760282100060909,0.11472067000000008,0.11472067000000008,0.038692459993909176,False
any_2_1_latch_hold,KXBTC15M-26MAY252300-00,1m,1m,2026-05-26 02:59:00.376000+00:00,NK+P,0.93119708,0,0.08345197601138073,0.06880291999999999,0.06880291999999999,-0.014649056011380737,False
any_2_1_latch_hold,KXBTC15M-26MAY260045-45,1m,1m,2026-05-26 04:44:00.518000+00:00,NK+P,0.9619993299999999,0,0.06733759719989756,0.03800067000000007,0.03800067000000007,-0.029336927199897486,False
any_2_1_latch_hold,KXBTC15M-26MAY260345-45,1m,1m,2026-05-26 07:44:01.828000+00:00,K+NP,0.9598615699999999,0,0.06850387889759992,0.04013843000000006,0.04013843000000006,-0.028365448897599857,False
any_2_1_latch_hold,KXBTC15M-26MAY260515-15,1m,1m,2026-05-26 09:14:00.964000+00:00,K+NP,0.95558437,0,0.07468158676816436,0.04441563000000004,0.04441563000000004,-0.03026595676816432,False
any_2_1_latch_hold,KXBTC15M-26MAY260600-00,1m,1m,2026-05-26 09:59:00.141000+00:00,K+NP,0.90451732,0,0.10568787508937591,0.09548268000000004,0.09548268000000004,-0.010205195089375868,False
any_2_1_latch_hold,KXBTC15M-26MAY260630-30,2m,2m,2026-05-26 10:28:01.853000+00:00,NK+P,0.81983472,0,0.004599660403384965,0.18016527999999998,0.18016527999999998,0.175565619596615,False
any_2_1_latch_hold,KXBTC15M-26MAY260715-15,2m,2m,2026-05-26 11:13:13.668000+00:00,K+NP,0.55562937,0,0.023328537783801347,0.44437063,0.44437063,0.42104209221619865,False
any_2_1_latch_hold,KXBTC15M-26MAY260915-15,2m,2m,2026-05-26 13:13:11.789000+00:00,K+NP,0.58760325,0,0.05294497603290644,0.41239675,0.41239675,0.35945177396709355,False
any_2_1_latch_hold,KXBTC15M-26MAY261100-00,2m,2m,2026-05-26 14:58:42.377000+00:00,NK+P,0.52998157,0,0.04752545653504516,0.47001843,0.47001843,0.42249297346495485,False
any_2_1_latch_hold,KXBTC15M-26MAY261145-45,2m,2m,2026-05-26 15:43:04.341000+00:00,K+NP,0.9695540800000001,0,0.023339144029171664,0.030445919999999904,0.030445919999999904,0.00710677597082824,False
any_2_1_latch_hold,KXBTC15M-26MAY261215-15,2m,2m,2026-05-26 16:13:06.998000+00:00,K+NP,0.57445972,0,0.0090306136138472,0.42554028,0.42554028,0.4165096663861528,False
any_2_1_latch_hold,KXBTC15M-26MAY261345-45,2m,2m,2026-05-26 17:43:09.406000+00:00,K+NP,0.953513,0,0.06161264783337451,0.046486999999999945,0.046486999999999945,-0.015125647833374563,False
any_2_1_latch_hold,KXBTC15M-26MAY261430-30,2m,2m,2026-05-26 18:28:00.398000+00:00,NK+P,0.5631130000000001,0,0.03674248226378347,0.4368869999999999,0.4368869999999999,0.40014451773621645,False
any_2_1_latch_hold,KXBTC15M-26MAY261515-15,1m,1m,2026-05-26 19:14:00.233000+00:00,NK+P,0.93967248,0,0.05774714402026473,0.06032751999999997,0.06032751999999997,0.00258037597973524,False
any_2_1_latch_hold,KXBTC15M-26MAY261530-30,2m,2m,2026-05-26 19:28:39.127000+00:00,NK+P,0.54673388,0,0.04120745676736327,0.45326612,0.45326612,0.41205866323263673,False
any_2_1_latch_hold,KXBTC15M-26MAY261545-45,2m,2m,2026-05-26 19:43:01.522000+00:00,NK+P,0.52463472,0,0.0053537194604979495,0.47536528,0.47536528,0.47001156053950205,False
any_2_1_latch_hold,KXBTC15M-26MAY261600-00,2m,2m,2026-05-26 19:58:53.084000+00:00,NK+P,0.9598369999999999,0,0.056923292515724956,0.04016300000000006,0.04016300000000006,-0.016760292515724896,False
any_2_1_latch_hold,KXBTC15M-26MAY261615-15,2m,2m,2026-05-26 20:13:00.613000+00:00,NK+P,0.96093052,0,0.05219544530855417,0.03906947999999999,0.03906947999999999,-0.013125965308554179,False
any_2_1_latch_hold,KXBTC15M-26MAY261700-00,2m,2m,2026-05-26 20:58:08.934000+00:00,NK+P,0.96521008,0,0.06588775168226038,0.03478992000000003,-0.96521008,-0.031097831682260352,True
any_2_1_latch_hold,KXBTC15M-26MAY261900-00,2m,2m,2026-05-26 22:58:06.896000+00:00,K+NP,0.5363931700000001,0,0.01764514001517897,0.4636068299999999,0.4636068299999999,0.44596168998482094,False
any_2_1_latch_hold,KXBTC15M-26MAY261945-45,1m,1m,2026-05-26 23:44:22.218000+00:00,NK+P,0.56451472,0,0.06861273720195653,0.43548528,0.43548528,0.36687254279804343,False
any_2_1_latch_hold,KXBTC15M-26MAY262030-30,2m,2m,2026-05-27 00:28:21.568000+00:00,K+NP,0.740773,0,0.010163661896123577,0.259227,0.259227,0.2490633381038764,False
any_2_1_latch_hold,KXBTC15M-26MAY262215-15,2m,2m,2026-05-27 02:13:32.159000+00:00,K+NP,0.52677388,0,0.002838683676824221,0.47322612,0.47322612,0.47038743632317576,False
any_2_1_latch_hold,KXBTC15M-26MAY270000-00,2m,2m,2026-05-27 03:58:02.195000+00:00,K+NP,0.6053043699999999,0,0.059604660243114,0.3946956300000001,0.3946956300000001,0.33509096975688607,False
any_2_1_latch_hold,KXBTC15M-26MAY270130-30,2m,2m,2026-05-27 05:28:39.207000+00:00,NK+P,0.52677388,0,0.008944583655423513,0.47322612,0.47322612,0.4642815363445765,False
any_2_1_latch_hold,KXBTC15M-26MAY270245-45,2m,2m,2026-05-27 06:43:01.168000+00:00,NK+P,0.81227888,0,0.030756865427887813,0.18772111999999996,0.18772111999999996,0.15696425457211216,False
any_2_1_latch_hold,KXBTC15M-26MAY270330-30,2m,2m,2026-05-27 07:28:00.408000+00:00,NK+P,0.52891248,0,0.02850910719662881,0.47108752,0.47108752,0.4425784128033712,False
any_2_1_latch_hold,KXBTC15M-26MAY270515-15,2m,2m,2026-05-27 09:13:01.102000+00:00,K+NP,0.5478032500000001,0,0.04053281788294652,0.4521967499999999,0.4521967499999999,0.41166393211705343,False
any_2_1_latch_hold,KXBTC15M-26MAY270530-30,2m,2m,2026-05-27 09:28:01.668000+00:00,NK+P,0.53996657,0,0.023024307335896697,0.46003342999999997,0.46003342999999997,0.43700912266410324,False
any_2_1_latch_hold,KXBTC15M-26MAY270615-15,2m,2m,2026-05-27 10:13:02.045000+00:00,K+NP,0.8753882500000001,0,0.06795882187939208,0.12461174999999991,0.12461174999999991,0.056652928120607834,False
any_2_1_latch_hold,KXBTC15M-26MAY270915-15,2m,2m,2026-05-27 13:13:01.278000+00:00,K+NP,0.58546437,0,0.030534046333500587,0.41453563000000004,0.41453563000000004,0.38400158366649945,False
any_2_1_latch_hold,KXBTC15M-26MAY270930-30,2m,2m,2026-05-27 13:28:00.963000+00:00,K+NP,0.45766825,0,0.010667099755190597,0.54233175,0.54233175,0.5316646502448094,False
any_2_1_latch_hold,KXBTC15M-26MAY271015-15,1m,1m,2026-05-27 14:14:00.312000+00:00,K+NP,0.96420048,0,0.03451844522983957,0.035799519999999974,0.035799519999999974,0.0012810747701604008,False
any_2_1_latch_hold,KXBTC15M-26MAY271230-30,2m,2m,2026-05-27 16:28:00.374000+00:00,K+NP,0.56986157,0,0.025837929517638376,0.43013842999999996,0.43013842999999996,0.4043005004823616,False
any_2_1_latch_hold,KXBTC15M-26MAY271415-15,2m,2m,2026-05-27 18:13:01.832000+00:00,K+NP,0.96525913,0,0.05327996294805965,0.034740870000000035,0.034740870000000035,-0.018539092948059617,False
any_2_1_latch_hold,KXBTC15M-26MAY271430-30,2m,2m,2026-05-27 18:28:02.013000+00:00,NK+P,0.84026437,0,0.022304095196799635,0.15973563000000002,0.15973563000000002,0.1374315348032004,False
any_2_1_latch_hold,KXBTC15M-26MAY271845-45,2m,2m,2026-05-27 22:44:05.014000+00:00,K+NP,0.8259450000000002,0,0.043528165683933674,0.17405499999999985,0.17405499999999985,0.13052683431606618,False
any_2_1_latch_hold,KXBTC15M-26MAY272030-30,2m,2m,2026-05-28 00:28:01.179000+00:00,K+NP,0.7789119999999999,0,0.07323075616580822,0.22108800000000006,0.22108800000000006,0.14785724383419185,False
any_2_1_latch_hold,KXBTC15M-26MAY272300-00,1m,1m,2026-05-28 02:59:01.143000+00:00,NK+P,0.94481668,0,0.08958884036785858,0.055183320000000036,0.055183320000000036,-0.034405520367858544,False
any_2_1_latch_hold,KXBTC15M-26MAY272315-15,2m,2m,2026-05-28 03:14:12.031000+00:00,K+NP,0.96512937,0,0.0609105369757684,0.034870630000000014,0.034870630000000014,-0.026039906975768384,False
any_2_1_latch_hold,KXBTC15M-26MAY280015-15,2m,2m,2026-05-28 04:13:32.982000+00:00,K+NP,0.47776825,0,0.020910477928023453,0.52223175,0.52223175,0.5013212720719765,False
any_2_1_latch_hold,KXBTC15M-26MAY280045-45,2m,2m,2026-05-28 04:43:01.499000+00:00,NK+P,0.54566437,0,0.007621505698795376,0.45433563,0.45433563,0.4467141243012046,False
any_2_1_latch_hold,KXBTC15M-26MAY280145-45,2m,2m,2026-05-28 05:44:16.589000+00:00,NK+P,0.7179865699999999,0,0.06242431641414077,0.2820134300000001,0.2820134300000001,0.21958911358585936,False
any_2_1_latch_hold,KXBTC15M-26MAY280530-30,2m,2m,2026-05-28 09:28:01.202000+00:00,NK+P,0.53889748,0,0.02757322352430443,0.46110251999999996,0.46110251999999996,0.43352929647569555,False
any_2_1_latch_hold,KXBTC15M-26MAY280545-45,2m,2m,2026-05-28 09:43:00.368000+00:00,NK+P,0.42744325,0,0.011789222201858539,0.57255675,0.57255675,0.5607675277981414,False
any_2_1_latch_hold,KXBTC15M-26MAY280730-30,2m,2m,2026-05-28 11:28:02.434000+00:00,K+NP,0.50463472,0,0.007929255913370622,0.49536528,0.49536528,0.4874360240866294,False
any_2_1_latch_hold,KXBTC15M-26MAY281015-15,2m,2m,2026-05-28 14:13:11.900000+00:00,NK+P,0.936397,1,0.0006826003210279959,-0.936397,-0.936397,0.06292039967897196,False
any_2_1_latch_hold,KXBTC15M-26MAY281045-45,1m,1m,2026-05-28 14:44:01.030000+00:00,K+NP,0.96627317,0,0.04967211492426269,0.033726829999999985,0.033726829999999985,-0.015945284924262705,False
any_2_1_latch_hold,KXBTC15M-26MAY281100-00,2m,2m,2026-05-28 14:58:12.427000+00:00,NK+P,0.5431730000000001,0,0.012165363207782855,0.45682699999999987,0.45682699999999987,0.44466163679221704,False
any_2_1_latch_hold,KXBTC15M-26MAY281215-15,2m,2m,2026-05-28 16:13:02.077000+00:00,NK+P,0.239273,0,0.0028952514453252556,0.7607269999999999,0.7607269999999999,0.7578317485546747,False
any_2_1_latch_hold,KXBTC15M-26MAY281245-45,2m,2m,2026-05-28 16:43:00.473000+00:00,NK+P,0.65900657,0,0.02370486898364932,0.34099343000000004,0.34099343000000004,0.3172885610163507,False
any_2_1_latch_hold,KXBTC15M-26MAY281515-15,2m,2m,2026-05-28 19:13:01.567000+00:00,K+NP,0.83058937,0,0.03226176099034517,0.16941063,0.16941063,0.13714886900965484,False
any_2_1_latch_hold,KXBTC15M-26MAY281600-00,1m,1m,2026-05-28 19:59:00.607000+00:00,NK+P,0.9450520000000001,1,0.09059484351181343,-0.9450520000000001,-0.9450520000000001,-0.03564684351181355,False
any_2_1_latch_hold,KXBTC15M-26MAY281630-30,2m,2m,2026-05-28 20:28:01.784000+00:00,NK+P,0.93539472,0,0.04083279352736256,0.06460527999999999,0.06460527999999999,0.023772486472637425,False
any_2_1_latch_hold,KXBTC15M-26MAY281745-45,2m,2m,2026-05-28 21:43:13.549000+00:00,NK+P,0.5146397199999999,0,0.018214036984865085,0.4853602800000001,0.4853602800000001,0.467146243015135,False
any_2_1_latch_hold,KXBTC15M-26MAY281945-45,2m,2m,2026-05-28 23:43:00.765000+00:00,K+NP,0.52463472,0,0.01764593410632938,0.47536528,0.47536528,0.45771934589367064,False
any_2_1_latch_hold,KXBTC15M-26MAY282000-00,2m,2m,2026-05-28 23:59:28.494000+00:00,NK+P,0.19165888,0,0.059478698543857705,0.80834112,0.80834112,0.7488624214561423,False
any_2_1_latch_hold,KXBTC15M-26MAY282100-00,2m,2m,2026-05-29 00:58:00.805000+00:00,K+NP,0.82090437,0,0.021975223553475358,0.17909562999999995,0.17909562999999995,0.15712040644652459,False
any_2_1_latch_hold,KXBTC15M-26MAY282115-15,2m,2m,2026-05-29 01:13:36.742000+00:00,NK+P,0.9650136699999999,0,0.03398278289013699,0.034986330000000065,0.034986330000000065,0.0010035471098630774,False
any_2_1_latch_hold,KXBTC15M-26MAY282145-45,2m,2m,2026-05-29 01:43:17.463000+00:00,K+NP,0.95030657,0,0.02972978770198383,0.04969343000000004,0.04969343000000004,0.01996364229801621,False
any_2_1_latch_hold,KXBTC15M-26MAY282215-15,1m,1m,2026-05-29 02:14:03.610000+00:00,NK+P,0.964192,0,0.08738440519603237,0.03580799999999995,0.03580799999999995,-0.05157640519603242,False
any_2_1_latch_hold,KXBTC15M-26MAY290330-30,2m,2m,2026-05-29 07:29:28.271000+00:00,K+NP,0.5146397199999999,0,0.04070594926271376,0.4853602800000001,0.4853602800000001,0.44465433073728633,False
any_2_1_latch_hold,KXBTC15M-26MAY290400-00,2m,2m,2026-05-29 07:58:21.435000+00:00,NK+P,0.5342565300000001,0,0.055379771955665104,0.46574346999999994,0.46574346999999994,0.4103636980443348,False
any_2_1_latch_hold,KXBTC15M-26MAY290430-30,2m,2m,2026-05-29 08:28:00.297000+00:00,NK+P,0.49568936999999996,0,0.008676331401235091,0.50431063,0.50431063,0.4956342985987649,False
any_2_1_latch_hold,KXBTC15M-26MAY290600-00,2m,2m,2026-05-29 09:58:00.993000+00:00,K+NP,0.54459472,0,0.027729125021686302,0.45540528,0.45540528,0.42767615497831374,False
any_2_1_latch_hold,KXBTC15M-26MAY290615-15,2m,2m,2026-05-29 10:13:01.358000+00:00,K+NP,0.93120625,0,0.040351997506107795,0.06879374999999999,0.06879374999999999,0.02844175249389219,False
any_2_1_latch_hold,KXBTC15M-26MAY290930-30,2m,2m,2026-05-29 13:28:00.790000+00:00,K+NP,0.6293529999999999,0,0.002833935840102664,0.37064700000000006,0.37064700000000006,0.3678130641598974,False
any_2_1_latch_hold,KXBTC15M-26MAY291030-30,2m,2m,2026-05-29 14:28:01.057000+00:00,K+NP,0.50463472,0,0.014091387534635971,0.49536528,0.49536528,0.48127389246536406,False
latest_state_entry_hold,KXBTC15M-26MAY170030-30,3m,latest,2026-05-17 04:27:23.062000+00:00,NK+P,0.7309880000000001,0,0.04498342286629008,0.2690119999999999,0.2690119999999999,0.22402857713370983,False
latest_state_entry_hold,KXBTC15M-26MAY170345-45,1m,latest,2026-05-17 07:44:18.938000+00:00,NK+P,0.47883748000000004,0,0.09991473947187575,0.52116252,0.52116252,0.4212477805281242,False
latest_state_entry_hold,KXBTC15M-26MAY170915-15,2m,latest,2026-05-17 13:13:00.466000+00:00,K+NP,0.6853338800000001,0,0.04986618101497054,0.31466611999999994,0.31466611999999994,0.2647999389850294,False
latest_state_entry_hold,KXBTC15M-26MAY171015-15,3m,latest,2026-05-17 14:12:03.278000+00:00,K+NP,0.6095815699999999,0,0.07632760602631675,0.3904184300000001,0.3904184300000001,0.3140908239736834,False
latest_state_entry_hold,KXBTC15M-26MAY171145-45,3m,latest,2026-05-17 15:42:34.404000+00:00,K+NP,0.806617,0,0.07543060623452034,0.19338299999999997,-0.806617,0.11795239376547963,True
latest_state_entry_hold,KXBTC15M-26MAY171515-15,1m,latest,2026-05-17 19:14:39.317000+00:00,K+NP,0.94495972,0,0.08296248073487139,0.05504028000000005,0.05504028000000005,-0.02792220073487134,False
latest_state_entry_hold,KXBTC15M-26MAY171930-30,2m,latest,2026-05-17 23:28:14.903000+00:00,K+NP,0.9217449999999999,0,0.0705344977763478,0.07825500000000007,-0.9217449999999999,0.007720502223652281,True
latest_state_entry_hold,KXBTC15M-26MAY172130-30,5m,latest,2026-05-18 01:25:00.695000+00:00,K+NP,0.9599045300000001,0,0.044301743765178016,0.04009546999999991,0.04009546999999991,-0.004206273765178105,False
latest_state_entry_hold,KXBTC15M-26MAY172200-00,2m,latest,2026-05-18 01:58:34.361000+00:00,NK+P,0.8488597199999999,0,0.03420030452868893,0.15114028000000013,0.15114028000000013,0.1169399754713112,False
latest_state_entry_hold,KXBTC15M-26MAY172215-15,5m,latest,2026-05-18 02:10:31.621000+00:00,K+NP,0.9311769999999999,0,0.013678015103574685,0.06882300000000008,0.06882300000000008,0.05514498489642539,False
latest_state_entry_hold,KXBTC15M-26MAY172230-30,1m,latest,2026-05-18 02:29:46.465000+00:00,K+NP,0.7517597199999999,0,0.03640830186047783,0.2482402800000001,0.2482402800000001,0.21183197813952226,False
latest_state_entry_hold,KXBTC15M-26MAY172300-00,3m,latest,2026-05-18 02:57:31.925000+00:00,K+NP,0.96739297,0,0.0707128636844444,0.03260702999999998,0.03260702999999998,-0.03810583368444442,False
latest_state_entry_hold,KXBTC15M-26MAY180100-00,1m,latest,2026-05-18 04:59:12.007000+00:00,NK+P,0.38593387999999995,0,0.08852689925493726,0.61406612,0.61406612,0.5255392207450628,False
latest_state_entry_hold,KXBTC15M-26MAY180230-30,3m,latest,2026-05-18 06:27:13.271000+00:00,K+NP,0.88098628,0,0.05481766746441591,0.11901371999999999,0.11901371999999999,0.06419605253558408,False
latest_state_entry_hold,KXBTC15M-26MAY180330-30,2m,latest,2026-05-18 07:28:48.386000+00:00,NK+P,0.9693642,0,0.05130743541135555,0.03063579999999999,0.03063579999999999,-0.02067163541135556,False
latest_state_entry_hold,KXBTC15M-26MAY180515-15,3m,latest,2026-05-18 09:12:00.542000+00:00,K+NP,0.8820724799999999,0,0.0393882820574036,0.11792752000000006,0.11792752000000006,0.07853923794259646,False
latest_state_entry_hold,KXBTC15M-26MAY180530-30,1m,latest,2026-05-18 09:29:02.288000+00:00,NK+P,0.6928165300000001,0,0.061900332012402526,0.3071834699999999,0.3071834699999999,0.24528313798759738,False
latest_state_entry_hold,KXBTC15M-26MAY180715-15,5m,latest,2026-05-18 11:10:06.865000+00:00,K+NP,0.969452,0,0.017162347988202528,0.03054800000000002,-0.969452,0.013385652011797491,True
latest_state_entry_hold,KXBTC15M-26MAY181030-30,1m,latest,2026-05-18 14:29:01.652000+00:00,NK+P,0.9663577300000001,0,0.12544975350958365,0.03364226999999986,0.03364226999999986,-0.09180748350958379,False
latest_state_entry_hold,KXBTC15M-26MAY181430-30,3m,latest,2026-05-18 18:27:00.783000+00:00,K+NP,0.7049738799999999,0,0.0282182106663742,0.29502612000000006,0.29502612000000006,0.26680790933362586,False
latest_state_entry_hold,KXBTC15M-26MAY181845-45,3m,latest,2026-05-18 22:42:01.910000+00:00,K+NP,0.938605,0,0.06970404820941917,0.06139499999999998,0.06139499999999998,-0.00830904820941919,False
latest_state_entry_hold,KXBTC15M-26MAY190000-00,5m,latest,2026-05-19 03:55:04.179000+00:00,NK+P,0.964852,0,0.04283907176173265,0.03514799999999996,0.03514799999999996,-0.0076910717617326915,False
latest_state_entry_hold,KXBTC15M-26MAY190200-00,1m,latest,2026-05-19 05:59:00.591000+00:00,K+NP,0.914868,0,0.10361687047590022,0.08513199999999999,0.08513199999999999,-0.018484870475900236,False
latest_state_entry_hold,KXBTC15M-26MAY190230-30,1m,latest,2026-05-19 06:29:38.074000+00:00,NK+P,0.938605,0,0.0466644404383726,0.06139499999999998,0.06139499999999998,0.01473055956162738,False
latest_state_entry_hold,KXBTC15M-26MAY190315-15,1m,latest,2026-05-19 07:14:00.638000+00:00,NK+P,0.50570437,0,0.009933657713464043,0.49429563,0.49429563,0.48436197228653594,False
latest_state_entry_hold,KXBTC15M-26MAY190445-45,5m,latest,2026-05-19 08:40:28.554000+00:00,NK+P,0.96529372,0,0.0252934071457482,0.03470627999999998,0.03470627999999998,0.00941287285425178,False
latest_state_entry_hold,KXBTC15M-26MAY190515-15,1m,latest,2026-05-19 09:14:02.309000+00:00,K+NP,0.96512937,0,0.07574245509426003,0.034870630000000014,0.034870630000000014,-0.04087182509426002,False
latest_state_entry_hold,KXBTC15M-26MAY190815-15,2m,latest,2026-05-19 12:13:13.284000+00:00,NK+P,0.63045052,0,0.062211317981581624,0.36954948,0.36954948,0.30733816201841835,False
latest_state_entry_hold,KXBTC15M-26MAY190930-30,3m,latest,2026-05-19 13:27:01.522000+00:00,K+NP,0.67335972,0,0.034031084132672834,0.32664028,0.32664028,0.29260919586732714,False
latest_state_entry_hold,KXBTC15M-26MAY191730-30,1m,latest,2026-05-19 21:29:00.690000+00:00,NK+P,0.850355,0,0.06913444335412366,0.14964500000000003,0.14964500000000003,0.08051055664587636,False
latest_state_entry_hold,KXBTC15M-26MAY191845-45,3m,latest,2026-05-19 22:42:02.863000+00:00,NK+P,0.8111249200000001,0,0.048496663610844766,0.18887507999999986,0.18887507999999986,0.1403784163891551,False
latest_state_entry_hold,KXBTC15M-26MAY191930-30,2m,latest,2026-05-19 23:28:32.167000+00:00,NK+P,0.81013972,0,0.05121357253817853,0.18986028,0.18986028,0.13864670746182145,False
latest_state_entry_hold,KXBTC15M-26MAY192345-45,2m,latest,2026-05-20 03:43:00.594000+00:00,K+NP,0.652348,0,0.032047219560454705,0.34765199999999996,0.34765199999999996,0.31560478043954526,False
latest_state_entry_hold,KXBTC15M-26MAY200015-15,2m,latest,2026-05-20 04:13:21.506000+00:00,NK+P,0.92371933,0,0.06688285980886484,0.07628067000000005,0.07628067000000005,0.009397810191135211,False
latest_state_entry_hold,KXBTC15M-26MAY200500-00,3m,latest,2026-05-20 08:57:47.504000+00:00,K+NP,0.84341425,0,0.07799015540569648,0.15658574999999997,0.15658574999999997,0.07859559459430349,False
latest_state_entry_hold,KXBTC15M-26MAY200900-00,3m,latest,2026-05-20 12:57:00.098000+00:00,NK+P,0.82411248,0,0.038768608260783405,0.17588751999999996,0.17588751999999996,0.13711891173921656,False
latest_state_entry_hold,KXBTC15M-26MAY201000-00,5m,latest,2026-05-20 13:55:00.785000+00:00,NK+P,0.91448533,0,0.024163607857778678,0.08551467000000001,0.08551467000000001,0.06135106214222134,False
latest_state_entry_hold,KXBTC15M-26MAY201545-45,3m,latest,2026-05-20 19:42:00.982000+00:00,NK+P,0.9503570800000001,0,0.06528475323933115,0.049642919999999924,-0.9503570800000001,-0.01564183323933123,True
latest_state_entry_hold,KXBTC15M-26MAY201815-15,2m,latest,2026-05-20 22:13:12.414000+00:00,K+NP,0.52463472,0,0.06639302380660153,0.47536528,0.47536528,0.4089722561933985,False
latest_state_entry_hold,KXBTC15M-26MAY201845-45,5m,latest,2026-05-20 22:40:15.568000+00:00,NK+P,0.9579880000000001,0,0.04782877213298193,0.04201199999999994,-0.9579880000000001,-0.005816772132981991,True
latest_state_entry_hold,KXBTC15M-26MAY202145-45,2m,latest,2026-05-21 01:43:00.502000+00:00,NK+P,0.938605,0,0.04226168376578709,0.06139499999999998,0.06139499999999998,0.01913331623421289,False
latest_state_entry_hold,KXBTC15M-26MAY202330-30,2m,latest,2026-05-21 03:28:00.491000+00:00,NK+P,0.30991933,0,0.009393674005158408,0.69008067,0.69008067,0.6806869959948415,False
latest_state_entry_hold,KXBTC15M-26MAY210100-00,1m,latest,2026-05-21 04:59:00.948000+00:00,NK+P,0.57659888,0,0.04022871605202425,0.42340111999999996,0.42340111999999996,0.3831724039479757,False
latest_state_entry_hold,KXBTC15M-26MAY210115-15,3m,latest,2026-05-21 05:12:07.047000+00:00,K+NP,0.9672549699999999,0,0.04996956263600574,0.032745030000000064,0.032745030000000064,-0.01722453263600568,False
latest_state_entry_hold,KXBTC15M-26MAY210600-00,5m,latest,2026-05-21 09:55:01.120000+00:00,NK+P,0.9498230000000001,0,0.0490291198777685,0.050176999999999916,-0.9498230000000001,0.0011478801222314164,True
latest_state_entry_hold,KXBTC15M-26MAY211130-30,2m,latest,2026-05-21 15:28:20.955000+00:00,NK+P,0.52998157,0,0.060894415964549344,0.47001843,0.47001843,0.4091240140354506,False
latest_state_entry_hold,KXBTC15M-26MAY211145-45,3m,latest,2026-05-21 15:42:02.509000+00:00,K+NP,0.929497,0,0.07156215847656366,0.07050299999999998,-0.929497,-0.001059158476563682,True
latest_state_entry_hold,KXBTC15M-26MAY211200-00,5m,latest,2026-05-21 15:55:05.959000+00:00,NK+P,0.952993,0,0.020952923287098732,0.04700700000000002,-0.952993,0.02605407671290129,True
latest_state_entry_hold,KXBTC15M-26MAY211300-00,2m,latest,2026-05-21 16:58:00.563000+00:00,NK+P,0.5677232500000001,0,0.0442457071447072,0.4322767499999999,0.4322767499999999,0.38803104285529266,False
latest_state_entry_hold,KXBTC15M-26MAY211315-15,3m,latest,2026-05-21 17:12:00.616000+00:00,NK+P,0.7322197199999999,0,0.02928268719725217,0.2677802800000001,0.2677802800000001,0.23849759280274793,False
latest_state_entry_hold,KXBTC15M-26MAY211600-00,3m,latest,2026-05-21 19:57:20.270000+00:00,NK+P,0.7265342499999999,0,0.04795215742855258,0.27346575000000006,0.27346575000000006,0.22551359257144749,False
latest_state_entry_hold,KXBTC15M-26MAY211730-30,1m,latest,2026-05-21 21:29:01.247000+00:00,NK+P,0.936537,0,0.08137084478530816,0.06346300000000005,0.06346300000000005,-0.017907844785308116,False
latest_state_entry_hold,KXBTC15M-26MAY211800-00,2m,latest,2026-05-21 21:58:15.617000+00:00,K+NP,0.6371282500000001,0,0.06889207055336795,0.36287174999999994,0.36287174999999994,0.293979679446632,False
latest_state_entry_hold,KXBTC15M-26MAY212015-15,3m,latest,2026-05-22 00:12:00.494000+00:00,K+NP,0.8327282500000001,0,0.028327284883771855,0.16727174999999994,0.16727174999999994,0.1389444651162281,False
latest_state_entry_hold,KXBTC15M-26MAY212115-15,1m,latest,2026-05-22 01:14:02.228000+00:00,NK+P,0.55455972,0,0.0387877361550488,0.44544028,0.44544028,0.4066525438449512,False
latest_state_entry_hold,KXBTC15M-26MAY220045-45,3m,latest,2026-05-22 04:42:00.097000+00:00,K+NP,0.55207933,0,0.033825967210372926,0.44792067,0.44792067,0.4140947027896271,False
latest_state_entry_hold,KXBTC15M-26MAY220130-30,5m,latest,2026-05-22 05:25:00.867000+00:00,K+NP,0.53920625,0,0.0039133644470669355,0.46079375,0.46079375,0.4568803855529331,False
latest_state_entry_hold,KXBTC15M-26MAY220400-00,2m,latest,2026-05-22 07:58:17.861000+00:00,K+NP,0.5199865699999999,0,0.07379223555562514,0.4800134300000001,0.4800134300000001,0.40622119444437493,False
latest_state_entry_hold,KXBTC15M-26MAY220930-30,3m,latest,2026-05-22 13:27:00.464000+00:00,K+NP,0.43171933,0,0.03348044531462631,0.56828067,0.56828067,0.5348002246853737,False
latest_state_entry_hold,KXBTC15M-26MAY221000-00,1m,latest,2026-05-22 13:59:00.506000+00:00,NK+P,0.91730437,0,0.12956748033940402,0.08269563000000002,0.08269563000000002,-0.046871850339404,False
latest_state_entry_hold,KXBTC15M-26MAY221145-45,5m,latest,2026-05-22 15:40:02.554000+00:00,NK+P,0.9697700800000001,0,0.03112373641541456,0.03022991999999991,0.03022991999999991,-0.0008938164154146493,False
latest_state_entry_hold,KXBTC15M-26MAY221515-15,5m,latest,2026-05-22 19:10:00.393000+00:00,K+NP,0.50489413,0,0.003676558997779263,0.49510586999999995,0.49510586999999995,0.4914293110022207,False
latest_state_entry_hold,KXBTC15M-26MAY221830-30,3m,latest,2026-05-22 22:27:00.169000+00:00,K+NP,0.50891248,0,0.056964929416718414,0.49108752,0.49108752,0.43412259058328156,False
latest_state_entry_hold,KXBTC15M-26MAY222115-15,3m,latest,2026-05-23 01:12:03.560000+00:00,K+NP,0.9696182499999999,0,0.01866217590001514,0.030381750000000096,0.030381750000000096,0.011719574099984958,False
latest_state_entry_hold,KXBTC15M-26MAY230045-45,3m,latest,2026-05-23 04:42:22.550000+00:00,K+NP,0.574492,0,0.06330115599397697,0.425508,0.425508,0.36220684400602304,False
latest_state_entry_hold,KXBTC15M-26MAY230100-00,1m,latest,2026-05-23 04:59:00.102000+00:00,NK+P,0.8605611200000001,0,0.0665377807822717,0.13943887999999993,0.13943887999999993,0.07290109921772824,False
latest_state_entry_hold,KXBTC15M-26MAY230315-15,5m,latest,2026-05-23 07:10:24.527000+00:00,K+NP,0.934548,0,0.048363826045279064,0.06545199999999995,0.06545199999999995,0.01708817395472089,False
latest_state_entry_hold,KXBTC15M-26MAY230330-30,3m,latest,2026-05-23 07:27:00.739000+00:00,K+NP,0.87350657,0,0.05428837655579213,0.12649343000000002,0.12649343000000002,0.07220505344420788,False
latest_state_entry_hold,KXBTC15M-26MAY230700-00,2m,latest,2026-05-23 10:58:26.654000+00:00,K+NP,0.59081052,0,0.05159053042458064,0.40918948,0.40918948,0.3575989495754194,False
latest_state_entry_hold,KXBTC15M-26MAY230815-15,3m,latest,2026-05-23 12:12:11.281000+00:00,K+NP,0.523193,0,0.06770982654678555,0.476807,0.476807,0.40909717345321445,False
latest_state_entry_hold,KXBTC15M-26MAY230915-15,2m,latest,2026-05-23 13:13:06.015000+00:00,NK+P,0.5278432500000001,0,0.018815259864027236,0.4721567499999999,0.4721567499999999,0.4533414901359727,False
latest_state_entry_hold,KXBTC15M-26MAY231045-45,2m,latest,2026-05-23 14:43:02.509000+00:00,NK+P,0.45552937,0,0.02424393598938535,0.54447063,0.54447063,0.5202266940106146,False
latest_state_entry_hold,KXBTC15M-26MAY231430-30,2m,latest,2026-05-23 18:28:00.350000+00:00,NK+P,0.50169232,0,0.02500727489871816,0.49830768000000003,0.49830768000000003,0.47330040510128185,False
latest_state_entry_hold,KXBTC15M-26MAY231515-15,3m,latest,2026-05-23 19:12:35.020000+00:00,K+NP,0.9482200000000001,0,0.07593184264922337,0.05177999999999994,-0.9482200000000001,-0.02415184264922343,True
latest_state_entry_hold,KXBTC15M-26MAY231530-30,3m,latest,2026-05-23 19:27:00.405000+00:00,NK+P,0.523193,0,0.027611301805291474,0.476807,0.476807,0.4491956981947085,False
latest_state_entry_hold,KXBTC15M-26MAY231715-15,5m,latest,2026-05-23 21:10:28.671000+00:00,NK+P,0.9634249999999999,0,0.042651384338724715,0.036575000000000135,0.036575000000000135,-0.00607638433872458,False
latest_state_entry_hold,KXBTC15M-26MAY231930-30,3m,latest,2026-05-23 23:27:00.829000+00:00,K+NP,0.9682151699999999,0,0.07489408500063256,0.0317848300000001,-0.9682151699999999,-0.043109255000632465,True
latest_state_entry_hold,KXBTC15M-26MAY232115-15,3m,latest,2026-05-24 01:12:28.193000+00:00,K+NP,0.9579880000000001,0,0.07177259126446459,0.04201199999999994,-0.9579880000000001,-0.029760591264464648,True
latest_state_entry_hold,KXBTC15M-26MAY232200-00,1m,latest,2026-05-24 01:59:03.995000+00:00,NK+P,0.85851472,0,0.06811609134358548,0.14148528000000005,0.14148528000000005,0.07336918865641456,False
latest_state_entry_hold,KXBTC15M-26MAY232215-15,1m,latest,2026-05-24 02:14:00.896000+00:00,NK+P,0.9578483200000001,0,0.12108911052854036,0.042151679999999914,0.042151679999999914,-0.07893743052854045,False
latest_state_entry_hold,KXBTC15M-26MAY240015-15,2m,latest,2026-05-24 04:13:01.130000+00:00,K+NP,0.917833,0,0.07113889762658597,0.08216699999999999,0.08216699999999999,0.01102810237341402,False
latest_state_entry_hold,KXBTC15M-26MAY240045-45,1m,latest,2026-05-24 04:44:00.398000+00:00,NK+P,0.945917,0,0.13321652979791523,0.05408299999999999,0.05408299999999999,-0.07913352979791524,False
latest_state_entry_hold,KXBTC15M-26MAY240215-15,1m,latest,2026-05-24 06:14:02.001000+00:00,NK+P,0.927283,0,0.13107375426801782,0.07271700000000003,0.07271700000000003,-0.058356754268017785,False
latest_state_entry_hold,KXBTC15M-26MAY240315-15,3m,latest,2026-05-24 07:12:02.610000+00:00,K+NP,0.5816123200000001,0,0.05081196349018696,0.41838767999999993,0.41838767999999993,0.36757571650981297,False
latest_state_entry_hold,KXBTC15M-26MAY240345-45,1m,latest,2026-05-24 07:44:12.811000+00:00,K+NP,0.72350437,0,0.0717116392175615,0.27649563,0.27649563,0.20478399078243847,False
latest_state_entry_hold,KXBTC15M-26MAY241030-30,2m,latest,2026-05-24 14:28:16.148000+00:00,NK+P,0.826012,0,0.06230351287157731,0.17398800000000003,0.17398800000000003,0.11168448712842272,False
latest_state_entry_hold,KXBTC15M-26MAY241300-00,5m,latest,2026-05-24 16:56:24.269000+00:00,NK+P,0.64914157,0,0.04192480822153607,0.35085843000000005,0.35085843000000005,0.308933621778464,False
latest_state_entry_hold,KXBTC15M-26MAY241530-30,1m,latest,2026-05-24 19:29:23.109000+00:00,NK+P,0.9643480000000001,0,0.09804734001864585,0.035651999999999906,0.035651999999999906,-0.06239534001864594,False
latest_state_entry_hold,KXBTC15M-26MAY241615-15,1m,latest,2026-05-24 20:14:04.470000+00:00,K+NP,0.92581972,0,0.026311359524176764,0.07418027999999999,0.07418027999999999,0.04786892047582322,False
latest_state_entry_hold,KXBTC15M-26MAY242030-30,2m,latest,2026-05-25 00:28:27.926000+00:00,K+NP,0.9489970000000001,1,0.05986504806440877,-0.9489970000000001,-0.9489970000000001,-0.008862048064408858,True
latest_state_entry_hold,KXBTC15M-26MAY250230-30,2m,latest,2026-05-25 06:28:56.506000+00:00,K+NP,0.96512937,0,0.05101215483935167,0.034870630000000014,0.034870630000000014,-0.016141524839351655,False
latest_state_entry_hold,KXBTC15M-26MAY250245-45,5m,latest,2026-05-25 06:40:40.514000+00:00,NK+P,0.64807248,0,0.025456409638063185,0.35192752000000005,0.35192752000000005,0.3264711103619369,False
latest_state_entry_hold,KXBTC15M-26MAY250315-15,2m,latest,2026-05-25 07:13:24.991000+00:00,K+NP,0.37740925000000003,0,0.014200452449657664,0.62259075,0.62259075,0.6083902975503424,False
latest_state_entry_hold,KXBTC15M-26MAY250545-45,1m,latest,2026-05-25 09:44:01.914000+00:00,NK+P,0.75496825,0,0.02894141953520506,0.24503175,0.24503175,0.21609033046479492,False
latest_state_entry_hold,KXBTC15M-26MAY250730-30,3m,latest,2026-05-25 11:27:31.967000+00:00,K+NP,0.9663680000000001,0,0.07720494498893488,0.033631999999999884,-0.9663680000000001,-0.04357294498893499,True
latest_state_entry_hold,KXBTC15M-26MAY250815-15,1m,latest,2026-05-25 12:14:02.390000+00:00,NK+P,0.945917,0,0.026953472331467627,0.05408299999999999,0.05408299999999999,0.027129527668532365,False
latest_state_entry_hold,KXBTC15M-26MAY250915-15,1m,latest,2026-05-25 13:14:00.942000+00:00,K+NP,0.94923748,0,0.028839346873235753,0.05076252000000003,0.05076252000000003,0.02192317312676428,False
latest_state_entry_hold,KXBTC15M-26MAY250945-45,3m,latest,2026-05-25 13:42:00.095000+00:00,K+NP,0.816913,1,0.06802926106368944,-0.816913,-0.816913,0.11505773893631056,True
latest_state_entry_hold,KXBTC15M-26MAY251130-30,2m,latest,2026-05-25 15:28:00.119000+00:00,K+NP,0.93333232,0,0.07182124251307477,0.06666768,0.06666768,-0.005153562513074764,False
latest_state_entry_hold,KXBTC15M-26MAY251145-45,1m,latest,2026-05-25 15:44:04.778000+00:00,NK+P,0.45615317,0,0.04700109882743467,0.54384683,0.54384683,0.49684573117256536,False
latest_state_entry_hold,KXBTC15M-26MAY251200-00,1m,latest,2026-05-25 15:59:01.580000+00:00,K+NP,0.915193,0,0.08925756890264434,0.08480699999999997,0.08480699999999997,-0.004450568902644378,False
latest_state_entry_hold,KXBTC15M-26MAY251215-15,5m,latest,2026-05-25 16:10:22.099000+00:00,K+NP,0.96056272,0,0.04728273159999223,0.03943728000000002,0.03943728000000002,-0.007845451599992212,False
latest_state_entry_hold,KXBTC15M-26MAY251230-30,2m,latest,2026-05-25 16:28:40.873000+00:00,NK+P,0.63391972,0,0.07706972773971615,0.36608028000000004,0.36608028000000004,0.2890105522602839,False
latest_state_entry_hold,KXBTC15M-26MAY251500-00,3m,latest,2026-05-25 18:57:55.361000+00:00,K+NP,0.48204433,0,0.07559205178326235,0.51795567,0.51795567,0.44236361821673764,False
latest_state_entry_hold,KXBTC15M-26MAY251715-15,2m,latest,2026-05-25 21:13:12.520000+00:00,NK+P,0.56879248,0,0.04623532924375944,0.43120751999999996,0.43120751999999996,0.3849721907562405,False
latest_state_entry_hold,KXBTC15M-26MAY251845-45,3m,latest,2026-05-25 22:42:11.694000+00:00,K+NP,0.50998157,0,0.056115115844355565,0.49001843,0.49001843,0.4339033141556444,False
latest_state_entry_hold,KXBTC15M-26MAY251900-00,1m,latest,2026-05-25 22:59:14.687000+00:00,K+NP,0.95671817,0,0.11451317314745524,0.043281829999999966,0.043281829999999966,-0.07123134314745527,False
latest_state_entry_hold,KXBTC15M-26MAY251945-45,3m,latest,2026-05-25 23:42:29.911000+00:00,NK+P,0.5199865699999999,0,0.07440131208353522,0.4800134300000001,0.4800134300000001,0.40561211791646484,False
latest_state_entry_hold,KXBTC15M-26MAY252000-00,1m,latest,2026-05-25 23:59:04.259000+00:00,NK+P,0.965297,1,0.07979593123915446,-0.965297,-0.965297,-0.04509293123915442,False
latest_state_entry_hold,KXBTC15M-26MAY252015-15,2m,latest,2026-05-26 00:13:04.118000+00:00,K+NP,0.8852793299999999,0,0.0760282100060909,0.11472067000000008,0.11472067000000008,0.038692459993909176,False
latest_state_entry_hold,KXBTC15M-26MAY252300-00,1m,latest,2026-05-26 02:59:00.376000+00:00,NK+P,0.93119708,0,0.08345197601138073,0.06880291999999999,0.06880291999999999,-0.014649056011380737,False
latest_state_entry_hold,KXBTC15M-26MAY252345-45,5m,latest,2026-05-26 03:41:52.041000+00:00,NK+P,0.96734128,0,0.04207010747760914,0.03265872000000003,0.03265872000000003,-0.009411387477609112,False
latest_state_entry_hold,KXBTC15M-26MAY260045-45,3m,latest,2026-05-26 04:42:02.120000+00:00,NK+P,0.8469329999999999,0,0.07863996024566541,0.15306700000000006,-0.8469329999999999,0.07442703975433465,True
latest_state_entry_hold,KXBTC15M-26MAY260345-45,1m,latest,2026-05-26 07:44:01.828000+00:00,K+NP,0.9598615699999999,0,0.06850387889759992,0.04013843000000006,0.04013843000000006,-0.028365448897599857,False
latest_state_entry_hold,KXBTC15M-26MAY260515-15,3m,latest,2026-05-26 09:12:00.350000+00:00,K+NP,0.93051137,0,0.07186908796288592,0.06948863000000005,-0.93051137,-0.0023804579628858707,True
latest_state_entry_hold,KXBTC15M-26MAY260600-00,1m,latest,2026-05-26 09:59:00.141000+00:00,K+NP,0.90451732,0,0.10568787508937591,0.09548268000000004,0.09548268000000004,-0.010205195089375868,False
latest_state_entry_hold,KXBTC15M-26MAY260630-30,3m,latest,2026-05-26 10:27:01.654000+00:00,NK+P,0.53568937,0,0.06718325135364472,0.46431062999999995,0.46431062999999995,0.3971273786463552,False
latest_state_entry_hold,KXBTC15M-26MAY260715-15,3m,latest,2026-05-26 11:12:41.632000+00:00,K+NP,0.55990657,0,0.05859552878341883,0.44009343,0.44009343,0.38149790121658117,False
latest_state_entry_hold,KXBTC15M-26MAY260915-15,2m,latest,2026-05-26 13:13:11.789000+00:00,K+NP,0.58760325,0,0.05294497603290644,0.41239675,0.41239675,0.35945177396709355,False
latest_state_entry_hold,KXBTC15M-26MAY261100-00,2m,latest,2026-05-26 14:58:42.377000+00:00,NK+P,0.52998157,0,0.04752545653504516,0.47001843,0.47001843,0.42249297346495485,False
latest_state_entry_hold,KXBTC15M-26MAY261145-45,3m,latest,2026-05-26 15:42:18.295000+00:00,K+NP,0.95997557,0,0.03994604433092794,0.04002443,0.04002443,7.83856690720619e-05,False
latest_state_entry_hold,KXBTC15M-26MAY261215-15,2m,latest,2026-05-26 16:13:06.998000+00:00,K+NP,0.57445972,0,0.0090306136138472,0.42554028,0.42554028,0.4165096663861528,False
latest_state_entry_hold,KXBTC15M-26MAY261345-45,3m,latest,2026-05-26 17:42:03.567000+00:00,K+NP,0.9482200000000001,0,0.05442477067056685,0.05177999999999994,0.05177999999999994,-0.002644770670566912,False
latest_state_entry_hold,KXBTC15M-26MAY261430-30,3m,latest,2026-05-26 18:27:00.389000+00:00,NK+P,0.55883748,0,0.054883658035555574,0.44116252,0.44116252,0.38627886196444444,False
latest_state_entry_hold,KXBTC15M-26MAY261515-15,3m,latest,2026-05-26 19:12:01.095000+00:00,NK+P,0.9223079999999999,0,0.07846566220784763,0.0776920000000001,-0.9223079999999999,-0.0007736622078475391,True
latest_state_entry_hold,KXBTC15M-26MAY261530-30,3m,latest,2026-05-26 19:27:24.391000+00:00,NK+P,0.9674233200000001,0,0.06601778719614251,0.032576679999999913,0.032576679999999913,-0.0334411071961426,False
latest_state_entry_hold,KXBTC15M-26MAY261545-45,3m,latest,2026-05-26 19:42:39.947000+00:00,NK+P,0.52998157,0,0.0723462033796029,0.47001843,0.47001843,0.3976722266203971,False
latest_state_entry_hold,KXBTC15M-26MAY261600-00,2m,latest,2026-05-26 19:58:53.084000+00:00,NK+P,0.9598369999999999,0,0.056923292515724956,0.04016300000000006,0.04016300000000006,-0.016760292515724896,False
latest_state_entry_hold,KXBTC15M-26MAY261615-15,3m,latest,2026-05-26 20:12:00.706000+00:00,NK+P,0.96520492,0,0.06012113385930964,0.03479507999999998,0.03479507999999998,-0.02532605385930966,False
latest_state_entry_hold,KXBTC15M-26MAY261700-00,2m,latest,2026-05-26 20:58:08.934000+00:00,NK+P,0.96521008,0,0.06588775168226038,0.03478992000000003,-0.96521008,-0.031097831682260352,True
latest_state_entry_hold,KXBTC15M-26MAY261830-30,5m,latest,2026-05-26 22:25:00.753000+00:00,K+NP,0.8281280000000001,0,0.04030688155314667,0.1718719999999999,-0.8281280000000001,0.13156511844685326,True
latest_state_entry_hold,KXBTC15M-26MAY261900-00,5m,latest,2026-05-26 22:55:50.894000+00:00,K+NP,0.9673863300000001,0,0.04450348245268683,0.03261366999999993,0.03261366999999993,-0.011889812452686901,False
latest_state_entry_hold,KXBTC15M-26MAY261945-45,1m,latest,2026-05-26 23:44:22.218000+00:00,NK+P,0.56451472,0,0.06861273720195653,0.43548528,0.43548528,0.36687254279804343,False
latest_state_entry_hold,KXBTC15M-26MAY262030-30,3m,latest,2026-05-27 00:27:03.598000+00:00,K+NP,0.53675888,0,0.06555047826575497,0.46324111999999995,0.46324111999999995,0.39769064173424495,False
latest_state_entry_hold,KXBTC15M-26MAY262200-00,3m,latest,2026-05-27 01:57:01.974000+00:00,NK+P,0.61399728,1,0.026043472615328068,-0.61399728,-0.61399728,0.35995924738467194,True
latest_state_entry_hold,KXBTC15M-26MAY262215-15,3m,latest,2026-05-27 02:12:00.108000+00:00,K+NP,0.54173232,0,0.050981533120379695,0.45826767999999996,0.45826767999999996,0.4072861468796203,False
latest_state_entry_hold,KXBTC15M-26MAY270000-00,2m,latest,2026-05-27 03:58:02.195000+00:00,K+NP,0.6053043699999999,0,0.059604660243114,0.3946956300000001,0.3946956300000001,0.33509096975688607,False
latest_state_entry_hold,KXBTC15M-26MAY270130-30,3m,latest,2026-05-27 05:27:21.886000+00:00,NK+P,0.53211933,0,0.07647780141322075,0.46788067,0.46788067,0.39140286858677925,False
latest_state_entry_hold,KXBTC15M-26MAY270245-45,2m,latest,2026-05-27 06:43:01.168000+00:00,NK+P,0.81227888,0,0.030756865427887813,0.18772111999999996,0.18772111999999996,0.15696425457211216,False
latest_state_entry_hold,KXBTC15M-26MAY270330-30,3m,latest,2026-05-27 07:27:54.363000+00:00,NK+P,0.52891248,0,0.0739515189541572,0.47108752,0.47108752,0.3971360010458428,False
latest_state_entry_hold,KXBTC15M-26MAY270515-15,3m,latest,2026-05-27 09:12:01.108000+00:00,K+NP,0.5478032500000001,0,0.053192088515795745,0.4521967499999999,0.4521967499999999,0.39900466148420416,False
latest_state_entry_hold,KXBTC15M-26MAY270530-30,3m,latest,2026-05-27 09:27:35.468000+00:00,NK+P,0.54210433,0,0.07320509092642084,0.45789567,0.45789567,0.3846905790735791,False
latest_state_entry_hold,KXBTC15M-26MAY270615-15,3m,latest,2026-05-27 10:12:00.336000+00:00,K+NP,0.8300414799999999,0,0.07221989236082543,0.1699585200000001,0.1699585200000001,0.09773862763917468,False
latest_state_entry_hold,KXBTC15M-26MAY270915-15,5m,latest,2026-05-27 13:11:39.215000+00:00,K+NP,0.58653388,0,0.02640874355823095,0.41346612000000005,0.41346612000000005,0.3870573764417691,False
latest_state_entry_hold,KXBTC15M-26MAY270930-30,3m,latest,2026-05-27 13:27:03.110000+00:00,K+NP,0.45873748000000003,0,0.04443061989320864,0.54126252,0.54126252,0.49683190010679135,False
latest_state_entry_hold,KXBTC15M-26MAY271015-15,1m,latest,2026-05-27 14:14:00.312000+00:00,K+NP,0.96420048,0,0.03451844522983957,0.035799519999999974,0.035799519999999974,0.0012810747701604008,False
latest_state_entry_hold,KXBTC15M-26MAY271230-30,3m,latest,2026-05-27 16:27:06.736000+00:00,K+NP,0.5784092500000001,0,0.05097159637236684,0.4215907499999999,0.4215907499999999,0.3706191536276331,False
latest_state_entry_hold,KXBTC15M-26MAY271315-15,5m,latest,2026-05-27 17:11:54.277000+00:00,K+NP,0.5167788799999999,0,0.03177402505535996,0.48322112000000006,0.48322112000000006,0.4514470949446401,False
latest_state_entry_hold,KXBTC15M-26MAY271415-15,3m,latest,2026-05-27 18:12:05.627000+00:00,K+NP,0.9644469999999999,0,0.06335778481353499,0.03555300000000006,0.03555300000000006,-0.027804784813534933,False
latest_state_entry_hold,KXBTC15M-26MAY271430-30,3m,latest,2026-05-27 18:27:01.230000+00:00,NK+P,0.84454157,0,0.05985231313968729,0.15545843000000004,0.15545843000000004,0.09560611686031276,False
latest_state_entry_hold,KXBTC15M-26MAY271615-15,5m,latest,2026-05-27 20:10:01.243000+00:00,NK+P,0.62938157,0,0.04373326753996348,0.37061843000000005,0.37061843000000005,0.32688516246003657,False
latest_state_entry_hold,KXBTC15M-26MAY271845-45,1m,latest,2026-05-27 22:44:05.014000+00:00,K+NP,0.8259450000000002,0,0.02483983708628221,0.17405499999999985,0.17405499999999985,0.14921516291371764,False
latest_state_entry_hold,KXBTC15M-26MAY272030-30,3m,latest,2026-05-28 00:27:00.923000+00:00,K+NP,0.7966070000000001,0,0.0525479346260253,0.20339299999999993,0.20339299999999993,0.15084506537397463,False
latest_state_entry_hold,KXBTC15M-26MAY272300-00,1m,latest,2026-05-28 02:59:01.143000+00:00,NK+P,0.94481668,0,0.08958884036785858,0.055183320000000036,0.055183320000000036,-0.034405520367858544,False
latest_state_entry_hold,KXBTC15M-26MAY272315-15,1m,latest,2026-05-28 03:14:12.031000+00:00,K+NP,0.96512937,0,0.01669250247802032,0.034870630000000014,0.034870630000000014,0.018178127521979694,False
latest_state_entry_hold,KXBTC15M-26MAY280015-15,3m,latest,2026-05-28 04:12:01.317000+00:00,K+NP,0.8504630000000001,0,0.07345893800375858,0.14953699999999992,0.14953699999999992,0.07607806199624134,False
latest_state_entry_hold,KXBTC15M-26MAY280045-45,3m,latest,2026-05-28 04:42:01.519000+00:00,NK+P,0.55207933,0,0.07146915143705201,0.44792067,0.44792067,0.376451518562948,False
latest_state_entry_hold,KXBTC15M-26MAY280145-45,1m,latest,2026-05-28 05:44:16.589000+00:00,NK+P,0.7179865699999999,0,0.08409636916057427,0.2820134300000001,0.2820134300000001,0.19791706083942584,False
latest_state_entry_hold,KXBTC15M-26MAY280530-30,3m,latest,2026-05-28 09:27:01.186000+00:00,NK+P,0.53675888,0,0.026723319639253375,0.46324111999999995,0.46324111999999995,0.43651780036074656,False
latest_state_entry_hold,KXBTC15M-26MAY280545-45,5m,latest,2026-05-28 09:40:01.465000+00:00,NK+P,0.945917,0,0.040145797846585535,0.05408299999999999,0.05408299999999999,0.013937202153414457,False
latest_state_entry_hold,KXBTC15M-26MAY280730-30,3m,latest,2026-05-28 11:27:00.049000+00:00,K+NP,0.9684887700000001,0,0.07311318171181899,0.03151122999999989,0.03151122999999989,-0.0416019517118191,False
latest_state_entry_hold,KXBTC15M-26MAY281015-15,5m,latest,2026-05-28 14:10:01.104000+00:00,K+NP,0.9672549699999999,1,0.024667727457591222,-0.9672549699999999,-0.9672549699999999,0.008077302542408842,False
latest_state_entry_hold,KXBTC15M-26MAY281045-45,1m,latest,2026-05-28 14:44:01.030000+00:00,K+NP,0.96627317,0,0.04967211492426269,0.033726829999999985,0.033726829999999985,-0.015945284924262705,False
latest_state_entry_hold,KXBTC15M-26MAY281100-00,3m,latest,2026-05-28 14:57:32.338000+00:00,NK+P,0.5463781700000001,0,0.07591686289668312,0.4536218299999999,0.4536218299999999,0.3777049671033168,False
latest_state_entry_hold,KXBTC15M-26MAY281145-45,3m,latest,2026-05-28 15:42:00.210000+00:00,NK+P,0.939488,0,0.07052435815317695,0.06051200000000001,-0.939488,-0.010012358153176942,True
latest_state_entry_hold,KXBTC15M-26MAY281215-15,5m,latest,2026-05-28 16:10:39.600000+00:00,NK+P,0.959743,0,0.04773189997170761,0.04025699999999999,-0.959743,-0.007474899971707624,True
latest_state_entry_hold,KXBTC15M-26MAY281245-45,3m,latest,2026-05-28 16:42:01.935000+00:00,NK+P,0.68035897,0,0.05865911537134619,0.31964103,0.31964103,0.26098191462865383,False
latest_state_entry_hold,KXBTC15M-26MAY281515-15,5m,latest,2026-05-28 19:10:07.055000+00:00,K+NP,0.84448208,0,0.045932331767731864,0.15551791999999998,0.15551791999999998,0.1095855882322681,False
latest_state_entry_hold,KXBTC15M-26MAY281545-45,3m,latest,2026-05-28 19:42:30.223000+00:00,K+NP,0.49675887999999996,0,0.05534141811133033,0.50324112,0.50324112,0.4478997018886697,False
latest_state_entry_hold,KXBTC15M-26MAY281600-00,1m,latest,2026-05-28 19:59:00.607000+00:00,NK+P,0.9450520000000001,1,0.09059484351181343,-0.9450520000000001,-0.9450520000000001,-0.03564684351181355,False
latest_state_entry_hold,KXBTC15M-26MAY281630-30,5m,latest,2026-05-28 20:25:06.655000+00:00,NK+P,0.9503570800000001,0,0.03741393542769721,0.049642919999999924,0.049642919999999924,0.01222898457230271,False
latest_state_entry_hold,KXBTC15M-26MAY281745-45,3m,latest,2026-05-28 21:42:02.399000+00:00,NK+P,0.50463472,0,0.03421767093272841,0.49536528,0.49536528,0.4611476090672716,False
latest_state_entry_hold,KXBTC15M-26MAY281945-45,5m,latest,2026-05-28 23:40:17.741000+00:00,K+NP,0.53746128,0,0.04650307499217402,0.46253871999999996,0.46253871999999996,0.4160356450078259,False
latest_state_entry_hold,KXBTC15M-26MAY282000-00,3m,latest,2026-05-28 23:57:18.036000+00:00,NK+P,0.968308,0,0.07866542760440956,0.03169200000000005,0.03169200000000005,-0.04697342760440951,False
latest_state_entry_hold,KXBTC15M-26MAY282100-00,3m,latest,2026-05-29 00:57:00.771000+00:00,K+NP,0.8283880000000001,0,0.035942032928149445,0.17161199999999988,0.17161199999999988,0.13566996707185042,False
latest_state_entry_hold,KXBTC15M-26MAY282115-15,5m,latest,2026-05-29 01:10:00.772000+00:00,NK+P,0.7309880000000001,0,0.015532156517185314,0.2690119999999999,0.2690119999999999,0.2534798434828146,False
latest_state_entry_hold,KXBTC15M-26MAY282130-30,3m,latest,2026-05-29 01:27:00.946000+00:00,K+NP,0.9545147199999999,0,0.05227632729437408,0.04548528000000007,0.04548528000000007,-0.006791047294374006,False
latest_state_entry_hold,KXBTC15M-26MAY282145-45,3m,latest,2026-05-29 01:42:40.180000+00:00,K+NP,0.94816825,0,0.06666642518863959,0.051831749999999954,0.051831749999999954,-0.014834675188639637,False
latest_state_entry_hold,KXBTC15M-26MAY282215-15,1m,latest,2026-05-29 02:14:03.610000+00:00,NK+P,0.964192,0,0.08738440519603237,0.03580799999999995,0.03580799999999995,-0.05157640519603242,False
latest_state_entry_hold,KXBTC15M-26MAY290330-30,5m,latest,2026-05-29 07:25:36.059000+00:00,K+NP,0.960148,0,0.044081514688608665,0.039852,0.039852,-0.004229514688608667,False
latest_state_entry_hold,KXBTC15M-26MAY290400-00,2m,latest,2026-05-29 07:58:21.435000+00:00,NK+P,0.5342565300000001,0,0.055379771955665104,0.46574346999999994,0.46574346999999994,0.4103636980443348,False
latest_state_entry_hold,KXBTC15M-26MAY290430-30,3m,latest,2026-05-29 08:27:22.257000+00:00,NK+P,0.503173,0,0.025748621902457438,0.496827,0.496827,0.4710783780975426,False
latest_state_entry_hold,KXBTC15M-26MAY290600-00,5m,latest,2026-05-29 09:55:07.329000+00:00,K+NP,0.56169232,0,0.012977323126820442,0.43830768,0.43830768,0.42533035687317955,False
latest_state_entry_hold,KXBTC15M-26MAY290615-15,5m,latest,2026-05-29 10:10:04.523000+00:00,K+NP,0.9684479999999999,0,0.044440771700787585,0.031552000000000135,0.031552000000000135,-0.01288877170078745,False
latest_state_entry_hold,KXBTC15M-26MAY290930-30,5m,latest,2026-05-29 13:25:00.223000+00:00,K+NP,0.55944448,0,0.048661732676837925,0.44055552,0.44055552,0.39189378732316205,False
latest_state_entry_hold,KXBTC15M-26MAY291030-30,5m,latest,2026-05-29 14:25:00.396000+00:00,K+NP,0.51425653,0,0.0017010302426994964,0.48574346999999996,0.48574346999999996,0.48404243975730044,False
require_5m_and_3m_enter_3m,KXBTC15M-26MAY172130-30,3m,3m,2026-05-18 01:28:00.585000+00:00,K+NP,0.67099933,0,0.059687988477100544,0.32900067,0.32900067,0.26931268152289944,False
require_5m_and_3m_enter_3m,KXBTC15M-26MAY172215-15,3m,3m,2026-05-18 02:12:34.861000+00:00,NK+P,0.94932877,0,0.07736167999393499,0.050671229999999956,0.050671229999999956,-0.026690449993935036,False
require_5m_and_3m_enter_3m,KXBTC15M-26MAY190445-45,3m,3m,2026-05-19 08:42:01.294000+00:00,NK+P,0.70050433,0,0.048325288615256166,0.29949567,0.29949567,0.25117038138474385,False
require_5m_and_3m_enter_3m,KXBTC15M-26MAY201000-00,3m,3m,2026-05-20 13:57:00.682000+00:00,NK+P,0.8175479999999999,0,0.0665520299612893,0.18245200000000006,0.18245200000000006,0.11589997003871076,False
require_5m_and_3m_enter_3m,KXBTC15M-26MAY201815-15,3m,3m,2026-05-20 22:13:12.414000+00:00,K+NP,0.52463472,0,0.05760946323011882,0.47536528,0.47536528,0.41775581676988116,False
require_5m_and_3m_enter_3m,KXBTC15M-26MAY220130-30,3m,3m,2026-05-22 05:27:02.813000+00:00,K+NP,0.523193,0,0.0313118601538415,0.476807,0.476807,0.44549513984615846,False
require_5m_and_3m_enter_3m,KXBTC15M-26MAY221145-45,3m,3m,2026-05-22 15:42:01.898000+00:00,K+NP,0.5199865699999999,0,0.036199274961180944,0.4800134300000001,0.4800134300000001,0.44381415503881916,False
require_5m_and_3m_enter_3m,KXBTC15M-26MAY221515-15,3m,3m,2026-05-22 19:12:00.411000+00:00,K+NP,0.50489413,0,0.05151493600026082,0.49510586999999995,0.49510586999999995,0.44359093399973915,False
require_5m_and_3m_enter_3m,KXBTC15M-26MAY230315-15,3m,3m,2026-05-23 07:13:29.327000+00:00,K+NP,0.96840925,0,0.06851054907764084,0.03159075,0.03159075,-0.03691979907764084,False
require_5m_and_3m_enter_3m,KXBTC15M-26MAY231715-15,3m,3m,2026-05-23 21:12:09.375000+00:00,K+NP,0.5826797300000001,0,0.0633174141266138,0.41732026999999994,0.41732026999999994,0.35400285587338615,False
require_5m_and_3m_enter_3m,KXBTC15M-26MAY241300-00,3m,3m,2026-05-24 16:57:00.312000+00:00,NK+P,0.6437947199999999,0,0.034311169522597565,0.35620528000000007,0.35620528000000007,0.3218941104774025,False
require_5m_and_3m_enter_3m,KXBTC15M-26MAY250245-45,3m,3m,2026-05-25 06:42:00.407000+00:00,NK+P,0.6437947199999999,0,0.07084080302345838,0.35620528000000007,0.35620528000000007,0.28536447697654166,False
require_5m_and_3m_enter_3m,KXBTC15M-26MAY251215-15,3m,3m,2026-05-25 16:12:01.027000+00:00,K+NP,0.92114813,0,0.06399263203622346,0.07885187000000005,0.07885187000000005,0.014859237963776584,False
require_5m_and_3m_enter_3m,KXBTC15M-26MAY252345-45,3m,3m,2026-05-26 03:42:00.085000+00:00,NK+P,0.96840925,0,0.07610596564453982,0.03159075,0.03159075,-0.04451521564453982,False
require_5m_and_3m_enter_3m,KXBTC15M-26MAY261900-00,3m,3m,2026-05-26 22:57:38.883000+00:00,K+NP,0.53211933,0,0.06000536635284033,0.46788067,0.46788067,0.4078753036471597,False
require_5m_and_3m_enter_3m,KXBTC15M-26MAY270915-15,3m,3m,2026-05-27 13:12:01.292000+00:00,K+NP,0.5843947199999999,0,0.05416527251471509,0.4156052800000001,0.4156052800000001,0.361440007485285,False
require_5m_and_3m_enter_3m,KXBTC15M-26MAY271315-15,3m,3m,2026-05-27 17:12:00.413000+00:00,K+NP,0.5189174799999999,0,0.05346590899041597,0.48108252000000007,0.48108252000000007,0.4276166110095841,False
require_5m_and_3m_enter_3m,KXBTC15M-26MAY280045-45,3m,3m,2026-05-28 04:42:01.519000+00:00,NK+P,0.55207933,0,0.07146915143705201,0.44792067,0.44792067,0.376451518562948,False
require_5m_and_3m_enter_3m,KXBTC15M-26MAY280545-45,3m,3m,2026-05-28 09:42:20.257000+00:00,NK+P,0.42958157,0,0.06971184063783667,0.5704184299999999,0.5704184299999999,0.5007065893621633,False
require_5m_and_3m_enter_3m,KXBTC15M-26MAY281015-15,3m,3m,2026-05-28 14:12:01.644000+00:00,K+NP,0.5146397199999999,1,0.024166386206146525,-0.5146397199999999,-0.5146397199999999,0.46119389379385356,False
require_5m_and_3m_enter_3m,KXBTC15M-26MAY281100-00,3m,3m,2026-05-28 14:57:32.338000+00:00,NK+P,0.5463781700000001,0,0.07591686289668312,0.4536218299999999,0.4536218299999999,0.3777049671033168,False
require_5m_and_3m_enter_3m,KXBTC15M-26MAY281515-15,3m,3m,2026-05-28 19:12:00.781000+00:00,K+NP,0.83058937,0,0.05361431967455841,0.16941063,0.16941063,0.1157963103254416,False
require_5m_and_3m_enter_3m,KXBTC15M-26MAY281630-30,3m,3m,2026-05-28 20:27:01.505000+00:00,NK+P,0.93753388,0,0.07727790406459237,0.06246611999999996,0.06246611999999996,-0.01481178406459241,False
require_5m_and_3m_enter_3m,KXBTC15M-26MAY281945-45,3m,3m,2026-05-28 23:42:00.719000+00:00,K+NP,0.52891248,0,0.0484596339196068,0.47108752,0.47108752,0.4226278860803932,False
require_5m_and_3m_enter_3m,KXBTC15M-26MAY282115-15,3m,3m,2026-05-29 01:13:36.742000+00:00,NK+P,0.9650136699999999,0,0.029729807293392047,0.034986330000000065,0.034986330000000065,0.005256522706608018,False
require_5m_and_3m_enter_3m,KXBTC15M-26MAY290330-30,3m,3m,2026-05-29 07:29:28.271000+00:00,K+NP,0.5146397199999999,0,0.05920598292858155,0.4853602800000001,0.4853602800000001,0.42615429707141855,False
require_5m_and_3m_enter_3m,KXBTC15M-26MAY290600-00,3m,3m,2026-05-29 09:57:00.355000+00:00,K+NP,0.54459472,0,0.07171529223075944,0.45540528,0.45540528,0.38368998776924057,False
require_5m_and_3m_enter_3m,KXBTC15M-26MAY290615-15,3m,3m,2026-05-29 10:12:01.222000+00:00,K+NP,0.91198625,0,0.07340007885389517,0.08801375,0.08801375,0.014613671146104831,False
require_5m_and_3m_enter_3m,KXBTC15M-26MAY290930-30,3m,3m,2026-05-29 13:27:00.049000+00:00,K+NP,0.5167788799999999,0,0.039965904340338115,0.48322112000000006,0.48322112000000006,0.44325521565966197,False
require_5m_and_3m_enter_3m,KXBTC15M-26MAY291030-30,3m,3m,2026-05-29 14:27:01.008000+00:00,K+NP,0.50463472,0,0.03373551108280698,0.49536528,0.49536528,0.46162976891719304,False
require_3m_and_2m_enter_2m,KXBTC15M-26MAY170030-30,2m,2m,2026-05-17 04:28:31.780000+00:00,NK+P,0.72243472,0,0.028460317627702368,0.27756528,0.27756528,0.24910496237229765,False
require_3m_and_2m_enter_2m,KXBTC15M-26MAY171015-15,2m,2m,2026-05-17 14:13:00.397000+00:00,K+NP,0.60744325,0,0.039892906421049944,0.39255675,0.39255675,0.3526638435789501,False
require_3m_and_2m_enter_2m,KXBTC15M-26MAY172100-00,2m,2m,2026-05-18 00:59:05.325000+00:00,NK+P,0.49568936999999996,0,0.009655184697247623,0.50431063,-0.49568936999999996,0.49465544530275235,True
require_3m_and_2m_enter_2m,KXBTC15M-26MAY172130-30,2m,2m,2026-05-18 01:28:00.585000+00:00,K+NP,0.67099933,0,0.0464524603047725,0.32900067,0.32900067,0.2825482096952275,False
require_3m_and_2m_enter_2m,KXBTC15M-26MAY172215-15,2m,2m,2026-05-18 02:14:29.699000+00:00,NK+P,0.69301972,0,0.07408154093138311,0.30698028,0.30698028,0.23289873906861688,False
require_3m_and_2m_enter_2m,KXBTC15M-26MAY172230-30,2m,2m,2026-05-18 02:29:46.465000+00:00,K+NP,0.7517597199999999,0,0.06995329239766383,0.2482402800000001,0.2482402800000001,0.17828698760233624,False
require_3m_and_2m_enter_2m,KXBTC15M-26MAY180230-30,2m,2m,2026-05-18 06:29:00.790000+00:00,K+NP,0.87029888,0,0.0336802591796207,0.12970112,0.12970112,0.0960208608203793,False
require_3m_and_2m_enter_2m,KXBTC15M-26MAY180515-15,2m,2m,2026-05-18 09:13:01.246000+00:00,K+NP,0.8831415699999999,0,0.02562045121273809,0.11685843000000007,0.11685843000000007,0.09123797878726198,False
require_3m_and_2m_enter_2m,KXBTC15M-26MAY181430-30,2m,2m,2026-05-18 18:28:06.776000+00:00,K+NP,0.8488597199999999,0,0.004637623906317163,0.15114028000000013,0.15114028000000013,0.14650265609368296,False
require_3m_and_2m_enter_2m,KXBTC15M-26MAY181845-45,2m,2m,2026-05-18 22:43:07.710000+00:00,K+NP,0.42637388,0,0.022265532235487964,0.57362612,0.57362612,0.551360587764512,False
require_3m_and_2m_enter_2m,KXBTC15M-26MAY190445-45,2m,2m,2026-05-19 08:43:01.310000+00:00,NK+P,0.69408937,0,0.011021404641989793,0.30591062999999996,0.30591062999999996,0.29488922535801015,False
require_3m_and_2m_enter_2m,KXBTC15M-26MAY191845-45,2m,2m,2026-05-19 22:43:02.040000+00:00,NK+P,0.8015043700000001,0,0.05530499471177609,0.19849562999999992,0.19849562999999992,0.14319063528822384,False
require_3m_and_2m_enter_2m,KXBTC15M-26MAY191930-30,2m,2m,2026-05-19 23:28:32.167000+00:00,NK+P,0.81013972,0,0.05121357253817853,0.18986028,0.18986028,0.13864670746182145,False
require_3m_and_2m_enter_2m,KXBTC15M-26MAY200015-15,2m,2m,2026-05-20 04:13:21.506000+00:00,NK+P,0.92371933,0,0.06688285980886484,0.07628067000000005,0.07628067000000005,0.009397810191135211,False
require_3m_and_2m_enter_2m,KXBTC15M-26MAY200500-00,2m,2m,2026-05-20 08:58:01.329000+00:00,K+NP,0.83593552,0,0.06377142571984408,0.16406447999999996,0.16406447999999996,0.10029305428015588,False
require_3m_and_2m_enter_2m,KXBTC15M-26MAY200900-00,2m,2m,2026-05-20 12:59:21.981000+00:00,NK+P,0.81983472,0,0.052425137700822,0.18016527999999998,0.18016527999999998,0.127740142299178,False
require_3m_and_2m_enter_2m,KXBTC15M-26MAY201000-00,2m,2m,2026-05-20 13:58:00.805000+00:00,NK+P,0.953513,0,0.015036941812225023,0.046486999999999945,0.046486999999999945,0.031450058187774924,False
require_3m_and_2m_enter_2m,KXBTC15M-26MAY201815-15,2m,2m,2026-05-20 22:13:12.414000+00:00,K+NP,0.52463472,0,0.06639302380660153,0.47536528,0.47536528,0.4089722561933985,False
require_3m_and_2m_enter_2m,KXBTC15M-26MAY210115-15,2m,2m,2026-05-21 05:13:00.862000+00:00,K+NP,0.40140433000000003,0,0.015860786184798775,0.5985956699999999,0.5985956699999999,0.5827348838152011,False
require_3m_and_2m_enter_2m,KXBTC15M-26MAY211130-30,2m,2m,2026-05-21 15:28:20.955000+00:00,NK+P,0.52998157,0,0.060894415964549344,0.47001843,0.47001843,0.4091240140354506,False
require_3m_and_2m_enter_2m,KXBTC15M-26MAY211315-15,2m,2m,2026-05-21 17:13:00.871000+00:00,NK+P,0.7343588799999999,0,0.004926041667298314,0.26564112000000006,0.26564112000000006,0.26071507833270174,False
require_3m_and_2m_enter_2m,KXBTC15M-26MAY212015-15,2m,2m,2026-05-22 00:13:00.444000+00:00,K+NP,0.82951972,0,0.04969372272751469,0.17048028000000004,0.17048028000000004,0.12078655727248536,False
require_3m_and_2m_enter_2m,KXBTC15M-26MAY220045-45,2m,2m,2026-05-22 04:43:00.529000+00:00,K+NP,0.54566437,0,0.03361129972547742,0.45433563,0.45433563,0.42072433027452255,False
require_3m_and_2m_enter_2m,KXBTC15M-26MAY220130-30,2m,2m,2026-05-22 05:28:02.143000+00:00,K+NP,0.5167788799999999,0,0.007443451879592287,0.48322112000000006,0.48322112000000006,0.4757776681204078,False
require_3m_and_2m_enter_2m,KXBTC15M-26MAY220400-00,2m,2m,2026-05-22 07:58:17.861000+00:00,K+NP,0.5199865699999999,0,0.07379223555562514,0.4800134300000001,0.4800134300000001,0.40622119444437493,False
require_3m_and_2m_enter_2m,KXBTC15M-26MAY220930-30,2m,2m,2026-05-22 13:28:00.100000+00:00,K+NP,0.42530437,0,0.025489088787343017,0.57469563,0.57469563,0.549206541212657,False
require_3m_and_2m_enter_2m,KXBTC15M-26MAY221145-45,2m,2m,2026-05-22 15:43:07.633000+00:00,K+NP,0.51784825,0,0.0015782606715555492,0.48215175,0.48215175,0.48057348932844446,False
require_3m_and_2m_enter_2m,KXBTC15M-26MAY221515-15,2m,2m,2026-05-22 19:13:00.422000+00:00,K+NP,0.48887248,0,0.01496585567329448,0.5111275200000001,0.5111275200000001,0.49616166432670555,False
require_3m_and_2m_enter_2m,KXBTC15M-26MAY221830-30,2m,2m,2026-05-22 22:28:00.208000+00:00,K+NP,0.50463472,0,0.029319088929785506,0.49536528,0.49536528,0.4660461910702145,False
require_3m_and_2m_enter_2m,KXBTC15M-26MAY222115-15,2m,2m,2026-05-23 01:13:03.297000+00:00,K+NP,0.96382,0,0.06513049709744537,0.03617999999999999,0.03617999999999999,-0.028950497097445377,False
require_3m_and_2m_enter_2m,KXBTC15M-26MAY230045-45,2m,2m,2026-05-23 04:43:00.627000+00:00,K+NP,0.8282001200000001,0,0.004355628398030467,0.1717998799999999,0.1717998799999999,0.16744425160196943,False
require_3m_and_2m_enter_2m,KXBTC15M-26MAY230315-15,2m,2m,2026-05-23 07:13:29.327000+00:00,K+NP,0.96840925,0,0.07830284909173241,0.03159075,0.03159075,-0.046712099091732406,False
require_3m_and_2m_enter_2m,KXBTC15M-26MAY230330-30,2m,2m,2026-05-23 07:28:00.704000+00:00,K+NP,0.8713682500000001,0,0.05245890783776168,0.12863174999999993,0.12863174999999993,0.07617284216223826,False
require_3m_and_2m_enter_2m,KXBTC15M-26MAY230700-00,2m,2m,2026-05-23 10:58:26.654000+00:00,K+NP,0.59081052,0,0.05159053042458064,0.40918948,0.40918948,0.3575989495754194,False
require_3m_and_2m_enter_2m,KXBTC15M-26MAY230815-15,2m,2m,2026-05-23 12:13:01.026000+00:00,K+NP,0.77232937,0,0.015304758891544465,0.22767062999999998,0.22767062999999998,0.2123658711084555,False
require_3m_and_2m_enter_2m,KXBTC15M-26MAY230915-15,2m,2m,2026-05-23 13:13:06.015000+00:00,NK+P,0.5278432500000001,0,0.018815259864027236,0.4721567499999999,0.4721567499999999,0.4533414901359727,False
require_3m_and_2m_enter_2m,KXBTC15M-26MAY231045-45,2m,2m,2026-05-23 14:43:02.509000+00:00,NK+P,0.45552937,0,0.02424393598938535,0.54447063,0.54447063,0.5202266940106146,False
require_3m_and_2m_enter_2m,KXBTC15M-26MAY231715-15,2m,2m,2026-05-23 21:13:01.541000+00:00,K+NP,0.5677232500000001,0,0.03245199146713749,0.4322767499999999,0.4322767499999999,0.39982475853286237,False
require_3m_and_2m_enter_2m,KXBTC15M-26MAY240315-15,2m,2m,2026-05-24 07:13:00.264000+00:00,K+NP,0.56986157,0,0.012872890695534992,0.43013842999999996,0.43013842999999996,0.41726553930446497,False
require_3m_and_2m_enter_2m,KXBTC15M-26MAY241030-30,2m,2m,2026-05-24 14:28:16.148000+00:00,NK+P,0.826012,0,0.06230351287157731,0.17398800000000003,0.17398800000000003,0.11168448712842272,False
require_3m_and_2m_enter_2m,KXBTC15M-26MAY241615-15,2m,2m,2026-05-24 20:14:04.470000+00:00,K+NP,0.92581972,0,0.060273628284420615,0.07418027999999999,0.07418027999999999,0.013906651715579373,False
require_3m_and_2m_enter_2m,KXBTC15M-26MAY250245-45,2m,2m,2026-05-25 06:43:00.477000+00:00,NK+P,0.6437947199999999,0,0.053331746220217545,0.35620528000000007,0.35620528000000007,0.30287353377978254,False
require_3m_and_2m_enter_2m,KXBTC15M-26MAY250315-15,2m,2m,2026-05-25 07:13:24.991000+00:00,K+NP,0.37740925000000003,0,0.014200452449657664,0.62259075,0.62259075,0.6083902975503424,False
require_3m_and_2m_enter_2m,KXBTC15M-26MAY251215-15,2m,2m,2026-05-25 16:13:00.916000+00:00,K+NP,0.963068,0,0.07457332082152857,0.036931999999999965,0.036931999999999965,-0.0376413208215286,False
require_3m_and_2m_enter_2m,KXBTC15M-26MAY251500-00,2m,2m,2026-05-25 18:58:01.719000+00:00,K+NP,0.483113,0,0.052787609947019774,0.516887,0.516887,0.46409939005298023,False
require_3m_and_2m_enter_2m,KXBTC15M-26MAY251845-45,2m,2m,2026-05-25 22:43:01.721000+00:00,K+NP,0.50677388,0,0.0269581097862619,0.49322612,0.49322612,0.4662680102137381,False
require_3m_and_2m_enter_2m,KXBTC15M-26MAY251945-45,2m,2m,2026-05-25 23:43:00.696000+00:00,NK+P,0.5189174799999999,0,0.013912472198065871,0.48108252000000007,0.48108252000000007,0.4671700478019342,False
require_3m_and_2m_enter_2m,KXBTC15M-26MAY252015-15,2m,2m,2026-05-26 00:13:04.118000+00:00,K+NP,0.8852793299999999,0,0.0760282100060909,0.11472067000000008,0.11472067000000008,0.038692459993909176,False
require_3m_and_2m_enter_2m,KXBTC15M-26MAY260630-30,2m,2m,2026-05-26 10:28:01.853000+00:00,NK+P,0.81983472,0,0.004599660403384965,0.18016527999999998,0.18016527999999998,0.175565619596615,False
require_3m_and_2m_enter_2m,KXBTC15M-26MAY260715-15,2m,2m,2026-05-26 11:13:13.668000+00:00,K+NP,0.55562937,0,0.023328537783801347,0.44437063,0.44437063,0.42104209221619865,False
require_3m_and_2m_enter_2m,KXBTC15M-26MAY261100-00,2m,2m,2026-05-26 14:58:42.377000+00:00,NK+P,0.52998157,0,0.04752545653504516,0.47001843,0.47001843,0.42249297346495485,False
require_3m_and_2m_enter_2m,KXBTC15M-26MAY261145-45,2m,2m,2026-05-26 15:43:04.341000+00:00,K+NP,0.9695540800000001,0,0.023339144029171664,0.030445919999999904,0.030445919999999904,0.00710677597082824,False
require_3m_and_2m_enter_2m,KXBTC15M-26MAY261215-15,2m,2m,2026-05-26 16:13:06.998000+00:00,K+NP,0.57445972,0,0.0090306136138472,0.42554028,0.42554028,0.4165096663861528,False
require_3m_and_2m_enter_2m,KXBTC15M-26MAY261345-45,2m,2m,2026-05-26 17:43:09.406000+00:00,K+NP,0.953513,0,0.06161264783337451,0.046486999999999945,0.046486999999999945,-0.015125647833374563,False
require_3m_and_2m_enter_2m,KXBTC15M-26MAY261430-30,2m,2m,2026-05-26 18:28:00.398000+00:00,NK+P,0.5631130000000001,0,0.03674248226378347,0.4368869999999999,0.4368869999999999,0.40014451773621645,False
require_3m_and_2m_enter_2m,KXBTC15M-26MAY261530-30,2m,2m,2026-05-26 19:28:39.127000+00:00,NK+P,0.54673388,0,0.04120745676736327,0.45326612,0.45326612,0.41205866323263673,False
require_3m_and_2m_enter_2m,KXBTC15M-26MAY261545-45,2m,2m,2026-05-26 19:43:01.522000+00:00,NK+P,0.52463472,0,0.0053537194604979495,0.47536528,0.47536528,0.47001156053950205,False
require_3m_and_2m_enter_2m,KXBTC15M-26MAY261615-15,2m,2m,2026-05-26 20:13:00.613000+00:00,NK+P,0.96093052,0,0.05219544530855417,0.03906947999999999,0.03906947999999999,-0.013125965308554179,False
require_3m_and_2m_enter_2m,KXBTC15M-26MAY261900-00,2m,2m,2026-05-26 22:58:06.896000+00:00,K+NP,0.5363931700000001,0,0.01764514001517897,0.4636068299999999,0.4636068299999999,0.44596168998482094,False
require_3m_and_2m_enter_2m,KXBTC15M-26MAY262030-30,2m,2m,2026-05-27 00:28:21.568000+00:00,K+NP,0.740773,0,0.010163661896123577,0.259227,0.259227,0.2490633381038764,False
require_3m_and_2m_enter_2m,KXBTC15M-26MAY262215-15,2m,2m,2026-05-27 02:13:32.159000+00:00,K+NP,0.52677388,0,0.002838683676824221,0.47322612,0.47322612,0.47038743632317576,False
require_3m_and_2m_enter_2m,KXBTC15M-26MAY270130-30,2m,2m,2026-05-27 05:28:39.207000+00:00,NK+P,0.52677388,0,0.008944583655423513,0.47322612,0.47322612,0.4642815363445765,False
require_3m_and_2m_enter_2m,KXBTC15M-26MAY270330-30,2m,2m,2026-05-27 07:28:00.408000+00:00,NK+P,0.52891248,0,0.02850910719662881,0.47108752,0.47108752,0.4425784128033712,False
require_3m_and_2m_enter_2m,KXBTC15M-26MAY270515-15,2m,2m,2026-05-27 09:13:01.102000+00:00,K+NP,0.5478032500000001,0,0.04053281788294652,0.4521967499999999,0.4521967499999999,0.41166393211705343,False
require_3m_and_2m_enter_2m,KXBTC15M-26MAY270530-30,2m,2m,2026-05-27 09:28:01.668000+00:00,NK+P,0.53996657,0,0.023024307335896697,0.46003342999999997,0.46003342999999997,0.43700912266410324,False
require_3m_and_2m_enter_2m,KXBTC15M-26MAY270615-15,2m,2m,2026-05-27 10:13:02.045000+00:00,K+NP,0.8753882500000001,0,0.06795882187939208,0.12461174999999991,0.12461174999999991,0.056652928120607834,False
require_3m_and_2m_enter_2m,KXBTC15M-26MAY270915-15,2m,2m,2026-05-27 13:13:01.278000+00:00,K+NP,0.58546437,0,0.030534046333500587,0.41453563000000004,0.41453563000000004,0.38400158366649945,False
require_3m_and_2m_enter_2m,KXBTC15M-26MAY270930-30,2m,2m,2026-05-27 13:28:00.963000+00:00,K+NP,0.45766825,0,0.010667099755190597,0.54233175,0.54233175,0.5316646502448094,False
require_3m_and_2m_enter_2m,KXBTC15M-26MAY271230-30,2m,2m,2026-05-27 16:28:00.374000+00:00,K+NP,0.56986157,0,0.025837929517638376,0.43013842999999996,0.43013842999999996,0.4043005004823616,False
require_3m_and_2m_enter_2m,KXBTC15M-26MAY271415-15,2m,2m,2026-05-27 18:13:01.832000+00:00,K+NP,0.96525913,0,0.05327996294805965,0.034740870000000035,0.034740870000000035,-0.018539092948059617,False
require_3m_and_2m_enter_2m,KXBTC15M-26MAY271430-30,2m,2m,2026-05-27 18:28:02.013000+00:00,NK+P,0.84026437,0,0.022304095196799635,0.15973563000000002,0.15973563000000002,0.1374315348032004,False
require_3m_and_2m_enter_2m,KXBTC15M-26MAY272030-30,2m,2m,2026-05-28 00:28:01.179000+00:00,K+NP,0.7789119999999999,0,0.07323075616580822,0.22108800000000006,0.22108800000000006,0.14785724383419185,False
require_3m_and_2m_enter_2m,KXBTC15M-26MAY272315-15,2m,2m,2026-05-28 03:14:12.031000+00:00,K+NP,0.96512937,0,0.0609105369757684,0.034870630000000014,0.034870630000000014,-0.026039906975768384,False
require_3m_and_2m_enter_2m,KXBTC15M-26MAY280015-15,2m,2m,2026-05-28 04:13:32.982000+00:00,K+NP,0.47776825,0,0.020910477928023453,0.52223175,0.52223175,0.5013212720719765,False
require_3m_and_2m_enter_2m,KXBTC15M-26MAY280045-45,2m,2m,2026-05-28 04:43:01.499000+00:00,NK+P,0.54566437,0,0.007621505698795376,0.45433563,0.45433563,0.4467141243012046,False
require_3m_and_2m_enter_2m,KXBTC15M-26MAY280530-30,2m,2m,2026-05-28 09:28:01.202000+00:00,NK+P,0.53889748,0,0.02757322352430443,0.46110251999999996,0.46110251999999996,0.43352929647569555,False
require_3m_and_2m_enter_2m,KXBTC15M-26MAY280545-45,2m,2m,2026-05-28 09:43:00.368000+00:00,NK+P,0.42744325,0,0.011789222201858539,0.57255675,0.57255675,0.5607675277981414,False
require_3m_and_2m_enter_2m,KXBTC15M-26MAY280730-30,2m,2m,2026-05-28 11:28:02.434000+00:00,K+NP,0.50463472,0,0.007929255913370622,0.49536528,0.49536528,0.4874360240866294,False
require_3m_and_2m_enter_2m,KXBTC15M-26MAY281015-15,2m,2m,2026-05-28 14:13:11.900000+00:00,NK+P,0.936397,1,0.0006826003210279959,-0.936397,-0.936397,0.06292039967897196,False
require_3m_and_2m_enter_2m,KXBTC15M-26MAY281100-00,2m,2m,2026-05-28 14:58:12.427000+00:00,NK+P,0.5431730000000001,0,0.012165363207782855,0.45682699999999987,0.45682699999999987,0.44466163679221704,False
require_3m_and_2m_enter_2m,KXBTC15M-26MAY281245-45,2m,2m,2026-05-28 16:43:00.473000+00:00,NK+P,0.65900657,0,0.02370486898364932,0.34099343000000004,0.34099343000000004,0.3172885610163507,False
require_3m_and_2m_enter_2m,KXBTC15M-26MAY281515-15,2m,2m,2026-05-28 19:13:01.567000+00:00,K+NP,0.83058937,0,0.03226176099034517,0.16941063,0.16941063,0.13714886900965484,False
require_3m_and_2m_enter_2m,KXBTC15M-26MAY281630-30,2m,2m,2026-05-28 20:28:01.784000+00:00,NK+P,0.93539472,0,0.04083279352736256,0.06460527999999999,0.06460527999999999,0.023772486472637425,False
require_3m_and_2m_enter_2m,KXBTC15M-26MAY281745-45,2m,2m,2026-05-28 21:43:13.549000+00:00,NK+P,0.5146397199999999,0,0.018214036984865085,0.4853602800000001,0.4853602800000001,0.467146243015135,False
require_3m_and_2m_enter_2m,KXBTC15M-26MAY281945-45,2m,2m,2026-05-28 23:43:00.765000+00:00,K+NP,0.52463472,0,0.01764593410632938,0.47536528,0.47536528,0.45771934589367064,False
require_3m_and_2m_enter_2m,KXBTC15M-26MAY282000-00,2m,2m,2026-05-28 23:59:28.494000+00:00,NK+P,0.19165888,0,0.059478698543857705,0.80834112,0.80834112,0.7488624214561423,False
require_3m_and_2m_enter_2m,KXBTC15M-26MAY282100-00,2m,2m,2026-05-29 00:58:00.805000+00:00,K+NP,0.82090437,0,0.021975223553475358,0.17909562999999995,0.17909562999999995,0.15712040644652459,False
require_3m_and_2m_enter_2m,KXBTC15M-26MAY282115-15,2m,2m,2026-05-29 01:13:36.742000+00:00,NK+P,0.9650136699999999,0,0.03398278289013699,0.034986330000000065,0.034986330000000065,0.0010035471098630774,False
require_3m_and_2m_enter_2m,KXBTC15M-26MAY282145-45,2m,2m,2026-05-29 01:43:17.463000+00:00,K+NP,0.95030657,0,0.02972978770198383,0.04969343000000004,0.04969343000000004,0.01996364229801621,False
require_3m_and_2m_enter_2m,KXBTC15M-26MAY290330-30,2m,2m,2026-05-29 07:29:28.271000+00:00,K+NP,0.5146397199999999,0,0.04070594926271376,0.4853602800000001,0.4853602800000001,0.44465433073728633,False
require_3m_and_2m_enter_2m,KXBTC15M-26MAY290430-30,2m,2m,2026-05-29 08:28:00.297000+00:00,NK+P,0.49568936999999996,0,0.008676331401235091,0.50431063,0.50431063,0.4956342985987649,False
require_3m_and_2m_enter_2m,KXBTC15M-26MAY290600-00,2m,2m,2026-05-29 09:58:00.993000+00:00,K+NP,0.54459472,0,0.027729125021686302,0.45540528,0.45540528,0.42767615497831374,False
require_3m_and_2m_enter_2m,KXBTC15M-26MAY290615-15,2m,2m,2026-05-29 10:13:01.358000+00:00,K+NP,0.93120625,0,0.040351997506107795,0.06879374999999999,0.06879374999999999,0.02844175249389219,False
require_3m_and_2m_enter_2m,KXBTC15M-26MAY290930-30,2m,2m,2026-05-29 13:28:00.790000+00:00,K+NP,0.6293529999999999,0,0.002833935840102664,0.37064700000000006,0.37064700000000006,0.3678130641598974,False
require_3m_and_2m_enter_2m,KXBTC15M-26MAY291030-30,2m,2m,2026-05-29 14:28:01.057000+00:00,K+NP,0.50463472,0,0.014091387534635971,0.49536528,0.49536528,0.48127389246536406,False
require_2m_and_1m_enter_1m,KXBTC15M-26MAY171015-15,1m,1m,2026-05-17 14:14:59.767000+00:00,K+NP,0.96405972,0,0.011396495788584064,0.03594028000000005,0.03594028000000005,0.02454378421141598,False
require_2m_and_1m_enter_1m,KXBTC15M-26MAY172200-00,1m,1m,2026-05-18 01:59:00.927000+00:00,NK+P,0.8499293699999999,0,0.10696375968539276,0.1500706300000001,0.1500706300000001,0.04310687031460733,False
require_2m_and_1m_enter_1m,KXBTC15M-26MAY172215-15,1m,1m,2026-05-18 02:14:29.699000+00:00,NK+P,0.69301972,0,0.060293473381075546,0.30698028,0.30698028,0.24668680661892445,False
require_2m_and_1m_enter_1m,KXBTC15M-26MAY172230-30,1m,1m,2026-05-18 02:29:46.465000+00:00,K+NP,0.7517597199999999,0,0.03640830186047783,0.2482402800000001,0.2482402800000001,0.21183197813952226,False
require_2m_and_1m_enter_1m,KXBTC15M-26MAY180230-30,1m,1m,2026-05-18 06:29:00.790000+00:00,K+NP,0.87029888,0,0.03975969931417991,0.12970112,0.12970112,0.08994142068582009,False
require_2m_and_1m_enter_1m,KXBTC15M-26MAY180330-30,1m,1m,2026-05-18 07:29:48.351000+00:00,NK+P,0.04726825,0,0.10534014439791371,0.95273175,0.95273175,0.8473916056020863,False
require_2m_and_1m_enter_1m,KXBTC15M-26MAY181845-45,1m,1m,2026-05-18 22:44:37.917000+00:00,K+NP,0.42851248000000003,0,0.0030983549690360816,0.57148752,0.57148752,0.5683891650309639,False
require_2m_and_1m_enter_1m,KXBTC15M-26MAY190445-45,1m,1m,2026-05-19 08:44:01.312000+00:00,NK+P,0.69408937,0,0.022658999335200505,0.30591062999999996,0.30591062999999996,0.28325163066479947,False
require_2m_and_1m_enter_1m,KXBTC15M-26MAY200900-00,1m,1m,2026-05-20 12:59:21.981000+00:00,NK+P,0.81983472,0,0.03315834251896895,0.18016527999999998,0.18016527999999998,0.14700693748103102,False
require_2m_and_1m_enter_1m,KXBTC15M-26MAY201000-00,1m,1m,2026-05-20 13:59:13.488000+00:00,NK+P,0.96405972,0,0.07776261156708564,0.03594028000000005,0.03594028000000005,-0.04182233156708559,False
require_2m_and_1m_enter_1m,KXBTC15M-26MAY202145-45,1m,1m,2026-05-21 01:44:00.868000+00:00,NK+P,0.7765709199999999,0,0.13267459623905956,0.22342908000000006,0.22342908000000006,0.0907544837609405,False
require_2m_and_1m_enter_1m,KXBTC15M-26MAY202330-30,1m,1m,2026-05-21 03:29:17.337000+00:00,NK+P,0.30243472,0,0.04607922113720896,0.6975652800000001,0.6975652800000001,0.6514860588627911,False
require_2m_and_1m_enter_1m,KXBTC15M-26MAY210115-15,1m,1m,2026-05-21 05:14:01.929000+00:00,K+NP,0.39391972000000003,0,0.016259183195910448,0.60608028,0.60608028,0.5898210968040896,False
require_2m_and_1m_enter_1m,KXBTC15M-26MAY211800-00,1m,1m,2026-05-21 21:59:07.589000+00:00,K+NP,0.63391972,0,0.025881248419821482,0.36608028000000004,0.36608028000000004,0.34019903158017856,False
require_2m_and_1m_enter_1m,KXBTC15M-26MAY220045-45,1m,1m,2026-05-22 04:44:06.650000+00:00,K+NP,0.54459472,0,0.044316426911641414,0.45540528,0.45540528,0.41108885308835863,False
require_2m_and_1m_enter_1m,KXBTC15M-26MAY220400-00,1m,1m,2026-05-22 07:59:02.124000+00:00,K+NP,0.5146397199999999,0,0.038204714366713445,0.4853602800000001,0.4853602800000001,0.4471555656332866,False
require_2m_and_1m_enter_1m,KXBTC15M-26MAY222115-15,1m,1m,2026-05-23 01:14:00.036000+00:00,K+NP,0.930292,0,0.09194080342857615,0.06970799999999999,0.06970799999999999,-0.022232803428576156,False
require_2m_and_1m_enter_1m,KXBTC15M-26MAY230045-45,1m,1m,2026-05-23 04:44:00.562000+00:00,K+NP,0.8089880000000002,0,0.03985467578537438,0.19101199999999985,0.19101199999999985,0.15115732421462547,False
require_2m_and_1m_enter_1m,KXBTC15M-26MAY230315-15,1m,1m,2026-05-23 07:14:01.257000+00:00,K+NP,0.96833748,0,0.05297306150103125,0.03166252000000003,0.03166252000000003,-0.021310541501031226,False
require_2m_and_1m_enter_1m,KXBTC15M-26MAY230700-00,1m,1m,2026-05-23 10:59:00.788000+00:00,K+NP,0.5843947199999999,0,0.006579504033827555,0.4156052800000001,0.4156052800000001,0.4090257759661725,False
require_2m_and_1m_enter_1m,KXBTC15M-26MAY230915-15,1m,1m,2026-05-23 13:14:00.336000+00:00,NK+P,0.5278432500000001,0,0.02149540734716857,0.4721567499999999,0.4721567499999999,0.4506613426528313,False
require_2m_and_1m_enter_1m,KXBTC15M-26MAY231715-15,1m,1m,2026-05-23 21:14:03.718000+00:00,K+NP,0.5655843700000001,0,0.0327209130432546,0.43441562999999994,0.43441562999999994,0.40169471695674536,False
require_2m_and_1m_enter_1m,KXBTC15M-26MAY240015-15,1m,1m,2026-05-24 04:14:01.154000+00:00,NK+P,0.915193,0,0.015834583794640394,0.08480699999999997,0.08480699999999997,0.06897241620535957,False
require_2m_and_1m_enter_1m,KXBTC15M-26MAY240315-15,1m,1m,2026-05-24 07:14:00.374000+00:00,K+NP,0.56451472,0,0.05330391843983427,0.43548528,0.43548528,0.3821813615601657,False
require_2m_and_1m_enter_1m,KXBTC15M-26MAY241030-30,1m,1m,2026-05-24 14:29:00.077000+00:00,NK+P,0.622868,0,0.0480628094841224,0.377132,0.377132,0.32906919051587763,False
require_2m_and_1m_enter_1m,KXBTC15M-26MAY241615-15,1m,1m,2026-05-24 20:14:04.470000+00:00,K+NP,0.92581972,0,0.026311359524176764,0.07418027999999999,0.07418027999999999,0.04786892047582322,False
require_2m_and_1m_enter_1m,KXBTC15M-26MAY250245-45,1m,1m,2026-05-25 06:44:37.220000+00:00,NK+P,0.66195973,0,0.009220671671107558,0.33804027000000003,0.33804027000000003,0.32881959832889246,False
require_2m_and_1m_enter_1m,KXBTC15M-26MAY250315-15,1m,1m,2026-05-25 07:14:01.012000+00:00,K+NP,0.36458437,0,0.007018912294674644,0.63541563,0.63541563,0.6283967177053253,False
require_2m_and_1m_enter_1m,KXBTC15M-26MAY251230-30,1m,1m,2026-05-25 16:29:00.897000+00:00,NK+P,0.63391972,0,0.038355470021963996,0.36608028000000004,0.36608028000000004,0.32772480997803605,False
require_2m_and_1m_enter_1m,KXBTC15M-26MAY251500-00,1m,1m,2026-05-25 18:59:01.502000+00:00,K+NP,0.47455972,0,0.021471817217455745,0.52544028,0.52544028,0.5039684627825443,False
require_2m_and_1m_enter_1m,KXBTC15M-26MAY251945-45,1m,1m,2026-05-25 23:44:00.641000+00:00,NK+P,0.5189174799999999,0,0.06727236848858109,0.48108252000000007,0.48108252000000007,0.413810151511419,False
require_2m_and_1m_enter_1m,KXBTC15M-26MAY252015-15,1m,1m,2026-05-26 00:14:54.058000+00:00,K+NP,0.87886437,0,0.007252988520097238,0.12113563000000005,0.12113563000000005,0.11388264147990282,False
require_2m_and_1m_enter_1m,KXBTC15M-26MAY261100-00,1m,1m,2026-05-26 14:59:01.040000+00:00,NK+P,0.53211933,0,0.03550182165347422,0.46788067,0.46788067,0.4323788483465258,False
require_2m_and_1m_enter_1m,KXBTC15M-26MAY261145-45,1m,1m,2026-05-26 15:44:00.345000+00:00,K+NP,0.91091748,0,0.032196462308349084,0.08908252000000005,0.08908252000000005,0.05688605769165097,False
require_2m_and_1m_enter_1m,KXBTC15M-26MAY261345-45,1m,1m,2026-05-26 17:44:05.395000+00:00,K+NP,0.92051248,0,0.024647025318822454,0.07948752000000003,0.07948752000000003,0.054840494681177576,False
require_2m_and_1m_enter_1m,KXBTC15M-26MAY261430-30,1m,1m,2026-05-26 18:29:00.411000+00:00,NK+P,0.96405972,0,0.012678156091251211,0.03594028000000005,0.03594028000000005,0.023262123908748836,False
require_2m_and_1m_enter_1m,KXBTC15M-26MAY261530-30,1m,1m,2026-05-26 19:29:01.190000+00:00,NK+P,0.58546437,0,0.02069835830266727,0.41453563000000004,0.41453563000000004,0.3938372716973328,False
require_2m_and_1m_enter_1m,KXBTC15M-26MAY261600-00,1m,1m,2026-05-26 19:59:05.109000+00:00,K+NP,0.9185450000000002,0,0.08106085501614942,0.08145499999999983,0.08145499999999983,0.00039414498385041685,False
require_2m_and_1m_enter_1m,KXBTC15M-26MAY261900-00,1m,1m,2026-05-26 22:59:02.124000+00:00,K+NP,0.52463472,0,0.003583887929282975,0.47536528,0.47536528,0.471781392070717,False
require_2m_and_1m_enter_1m,KXBTC15M-26MAY262030-30,1m,1m,2026-05-27 00:29:15.630000+00:00,K+NP,0.7322197199999999,0,0.021141817753088425,0.2677802800000001,0.2677802800000001,0.24663846224691166,False
require_2m_and_1m_enter_1m,KXBTC15M-26MAY262215-15,1m,1m,2026-05-27 02:14:00.176000+00:00,K+NP,0.52463472,0,0.0068040320862943066,0.47536528,0.47536528,0.4685612479137057,False
require_2m_and_1m_enter_1m,KXBTC15M-26MAY270245-45,1m,1m,2026-05-27 06:44:17.158000+00:00,NK+P,0.81013972,0,0.04496649197861243,0.18986028,0.18986028,0.14489378802138755,False
require_2m_and_1m_enter_1m,KXBTC15M-26MAY270530-30,1m,1m,2026-05-27 09:29:01.536000+00:00,NK+P,0.68747248,0,0.021935363343609952,0.31252751999999995,0.31252751999999995,0.29059215665639,False
require_2m_and_1m_enter_1m,KXBTC15M-26MAY270615-15,1m,1m,2026-05-27 10:14:01.922000+00:00,K+NP,0.870103,0,0.13107817186425258,0.12989700000000004,0.12989700000000004,-0.0011811718642525393,False
require_2m_and_1m_enter_1m,KXBTC15M-26MAY271230-30,1m,1m,2026-05-27 16:29:00.475000+00:00,K+NP,0.56451472,0,0.014330019919650347,0.43548528,0.43548528,0.42115526008034965,False
require_2m_and_1m_enter_1m,KXBTC15M-26MAY271430-30,1m,1m,2026-05-27 18:29:13.756000+00:00,NK+P,0.84240325,0,0.030238206484225177,0.15759674999999995,0.15759674999999995,0.12735854351577477,False
require_2m_and_1m_enter_1m,KXBTC15M-26MAY271845-45,1m,1m,2026-05-27 22:44:05.014000+00:00,K+NP,0.8259450000000002,0,0.02483983708628221,0.17405499999999985,0.17405499999999985,0.14921516291371764,False
require_2m_and_1m_enter_1m,KXBTC15M-26MAY272030-30,1m,1m,2026-05-28 00:29:01.231000+00:00,K+NP,0.63977268,0,0.11695885541268146,0.36022732,0.36022732,0.24326846458731854,False
require_2m_and_1m_enter_1m,KXBTC15M-26MAY272315-15,1m,1m,2026-05-28 03:14:12.031000+00:00,K+NP,0.96512937,0,0.01669250247802032,0.034870630000000014,0.034870630000000014,0.018178127521979694,False
require_2m_and_1m_enter_1m,KXBTC15M-26MAY280145-45,1m,1m,2026-05-28 05:44:16.589000+00:00,NK+P,0.7179865699999999,0,0.08409636916057427,0.2820134300000001,0.2820134300000001,0.19791706083942584,False
require_2m_and_1m_enter_1m,KXBTC15M-26MAY280545-45,1m,1m,2026-05-28 09:44:00.491000+00:00,NK+P,0.42423472,0,0.018963828473254066,0.5757652799999999,0.5757652799999999,0.5568014515267459,False
require_2m_and_1m_enter_1m,KXBTC15M-26MAY281015-15,1m,1m,2026-05-28 14:14:01.562000+00:00,NK+P,0.8679720000000001,1,2.177929446596764e-06,-0.8679720000000001,-0.8679720000000001,0.13202582207055333,False
require_2m_and_1m_enter_1m,KXBTC15M-26MAY281100-00,1m,1m,2026-05-28 14:59:01.950000+00:00,NK+P,0.53568937,0,0.06514400128611532,0.46431062999999995,0.46431062999999995,0.39916662871388464,False
require_2m_and_1m_enter_1m,KXBTC15M-26MAY281215-15,1m,1m,2026-05-28 16:14:02.108000+00:00,NK+P,0.23071972000000002,0,0.002852616341869004,0.76928028,0.76928028,0.7664276636581311,False
require_2m_and_1m_enter_1m,KXBTC15M-26MAY281245-45,1m,1m,2026-05-28 16:44:02.085000+00:00,NK+P,0.65793748,0,0.013513217791147912,0.34206252000000004,0.34206252000000004,0.32854930220885215,False
require_2m_and_1m_enter_1m,KXBTC15M-26MAY281630-30,1m,1m,2026-05-28 20:29:01.482000+00:00,NK+P,0.93646437,0,0.03650417843136555,0.06353562999999995,0.06353562999999995,0.0270314515686344,False
require_2m_and_1m_enter_1m,KXBTC15M-26MAY281945-45,1m,1m,2026-05-28 23:44:00.578000+00:00,K+NP,0.52463472,0,0.047828431155961394,0.47536528,0.47536528,0.4275368488440386,False
require_2m_and_1m_enter_1m,KXBTC15M-26MAY282000-00,1m,1m,2026-05-28 23:59:28.494000+00:00,NK+P,0.19165888,0,0.016344025900426242,0.80834112,0.80834112,0.7919970940995738,False
require_2m_and_1m_enter_1m,KXBTC15M-26MAY282115-15,1m,1m,2026-05-29 01:14:00.876000+00:00,NK+P,0.9598615699999999,0,0.044059501775568895,0.04013843000000006,0.04013843000000006,-0.0039210717755688365,False
require_2m_and_1m_enter_1m,KXBTC15M-26MAY290330-30,1m,1m,2026-05-29 07:29:28.271000+00:00,K+NP,0.5146397199999999,0,0.031003539108527982,0.4853602800000001,0.4853602800000001,0.4543567408914721,False
require_2m_and_1m_enter_1m,KXBTC15M-26MAY290400-00,1m,1m,2026-05-29 07:59:01.710000+00:00,NK+P,0.52463472,0,0.008484048710418707,0.47536528,0.47536528,0.4668812312895813,False
require_2m_and_1m_enter_1m,KXBTC15M-26MAY290600-00,1m,1m,2026-05-29 09:59:06.943000+00:00,K+NP,0.54459472,0,0.022156037872846174,0.45540528,0.45540528,0.4332492421271539,False
require_2m_and_1m_enter_1m,KXBTC15M-26MAY290615-15,1m,1m,2026-05-29 10:14:01.380000+00:00,K+NP,0.9545147199999999,0,0.028916680726592463,0.04548528000000007,0.04548528000000007,0.01656859927340761,False
require_2m_and_1m_enter_1m,KXBTC15M-26MAY290930-30,1m,1m,2026-05-29 13:29:01.960000+00:00,K+NP,0.5146397199999999,0,0.009988465884174817,0.4853602800000001,0.4853602800000001,0.4753718141158253,False
require_3m_2m_1m_enter_1m,KXBTC15M-26MAY171015-15,1m,1m,2026-05-17 14:14:59.767000+00:00,K+NP,0.96405972,0,0.011396495788584064,0.03594028000000005,0.03594028000000005,0.02454378421141598,False
require_3m_2m_1m_enter_1m,KXBTC15M-26MAY172215-15,1m,1m,2026-05-18 02:14:29.699000+00:00,NK+P,0.69301972,0,0.060293473381075546,0.30698028,0.30698028,0.24668680661892445,False
require_3m_2m_1m_enter_1m,KXBTC15M-26MAY172230-30,1m,1m,2026-05-18 02:29:46.465000+00:00,K+NP,0.7517597199999999,0,0.03640830186047783,0.2482402800000001,0.2482402800000001,0.21183197813952226,False
require_3m_2m_1m_enter_1m,KXBTC15M-26MAY180230-30,1m,1m,2026-05-18 06:29:00.790000+00:00,K+NP,0.87029888,0,0.03975969931417991,0.12970112,0.12970112,0.08994142068582009,False
require_3m_2m_1m_enter_1m,KXBTC15M-26MAY181845-45,1m,1m,2026-05-18 22:44:37.917000+00:00,K+NP,0.42851248000000003,0,0.0030983549690360816,0.57148752,0.57148752,0.5683891650309639,False
require_3m_2m_1m_enter_1m,KXBTC15M-26MAY190445-45,1m,1m,2026-05-19 08:44:01.312000+00:00,NK+P,0.69408937,0,0.022658999335200505,0.30591062999999996,0.30591062999999996,0.28325163066479947,False
require_3m_2m_1m_enter_1m,KXBTC15M-26MAY200900-00,1m,1m,2026-05-20 12:59:21.981000+00:00,NK+P,0.81983472,0,0.03315834251896895,0.18016527999999998,0.18016527999999998,0.14700693748103102,False
require_3m_2m_1m_enter_1m,KXBTC15M-26MAY201000-00,1m,1m,2026-05-20 13:59:13.488000+00:00,NK+P,0.96405972,0,0.07776261156708564,0.03594028000000005,0.03594028000000005,-0.04182233156708559,False
require_3m_2m_1m_enter_1m,KXBTC15M-26MAY210115-15,1m,1m,2026-05-21 05:14:01.929000+00:00,K+NP,0.39391972000000003,0,0.016259183195910448,0.60608028,0.60608028,0.5898210968040896,False
require_3m_2m_1m_enter_1m,KXBTC15M-26MAY220045-45,1m,1m,2026-05-22 04:44:06.650000+00:00,K+NP,0.54459472,0,0.044316426911641414,0.45540528,0.45540528,0.41108885308835863,False
require_3m_2m_1m_enter_1m,KXBTC15M-26MAY220400-00,1m,1m,2026-05-22 07:59:02.124000+00:00,K+NP,0.5146397199999999,0,0.038204714366713445,0.4853602800000001,0.4853602800000001,0.4471555656332866,False
require_3m_2m_1m_enter_1m,KXBTC15M-26MAY222115-15,1m,1m,2026-05-23 01:14:00.036000+00:00,K+NP,0.930292,0,0.09194080342857615,0.06970799999999999,0.06970799999999999,-0.022232803428576156,False
require_3m_2m_1m_enter_1m,KXBTC15M-26MAY230045-45,1m,1m,2026-05-23 04:44:00.562000+00:00,K+NP,0.8089880000000002,0,0.03985467578537438,0.19101199999999985,0.19101199999999985,0.15115732421462547,False
require_3m_2m_1m_enter_1m,KXBTC15M-26MAY230315-15,1m,1m,2026-05-23 07:14:01.257000+00:00,K+NP,0.96833748,0,0.05297306150103125,0.03166252000000003,0.03166252000000003,-0.021310541501031226,False
require_3m_2m_1m_enter_1m,KXBTC15M-26MAY230700-00,1m,1m,2026-05-23 10:59:00.788000+00:00,K+NP,0.5843947199999999,0,0.006579504033827555,0.4156052800000001,0.4156052800000001,0.4090257759661725,False
require_3m_2m_1m_enter_1m,KXBTC15M-26MAY230915-15,1m,1m,2026-05-23 13:14:00.336000+00:00,NK+P,0.5278432500000001,0,0.02149540734716857,0.4721567499999999,0.4721567499999999,0.4506613426528313,False
require_3m_2m_1m_enter_1m,KXBTC15M-26MAY231715-15,1m,1m,2026-05-23 21:14:03.718000+00:00,K+NP,0.5655843700000001,0,0.0327209130432546,0.43441562999999994,0.43441562999999994,0.40169471695674536,False
require_3m_2m_1m_enter_1m,KXBTC15M-26MAY240315-15,1m,1m,2026-05-24 07:14:00.374000+00:00,K+NP,0.56451472,0,0.05330391843983427,0.43548528,0.43548528,0.3821813615601657,False
require_3m_2m_1m_enter_1m,KXBTC15M-26MAY241030-30,1m,1m,2026-05-24 14:29:00.077000+00:00,NK+P,0.622868,0,0.0480628094841224,0.377132,0.377132,0.32906919051587763,False
require_3m_2m_1m_enter_1m,KXBTC15M-26MAY241615-15,1m,1m,2026-05-24 20:14:04.470000+00:00,K+NP,0.92581972,0,0.026311359524176764,0.07418027999999999,0.07418027999999999,0.04786892047582322,False
require_3m_2m_1m_enter_1m,KXBTC15M-26MAY250245-45,1m,1m,2026-05-25 06:44:37.220000+00:00,NK+P,0.66195973,0,0.009220671671107558,0.33804027000000003,0.33804027000000003,0.32881959832889246,False
require_3m_2m_1m_enter_1m,KXBTC15M-26MAY250315-15,1m,1m,2026-05-25 07:14:01.012000+00:00,K+NP,0.36458437,0,0.007018912294674644,0.63541563,0.63541563,0.6283967177053253,False
require_3m_2m_1m_enter_1m,KXBTC15M-26MAY251500-00,1m,1m,2026-05-25 18:59:01.502000+00:00,K+NP,0.47455972,0,0.021471817217455745,0.52544028,0.52544028,0.5039684627825443,False
require_3m_2m_1m_enter_1m,KXBTC15M-26MAY251945-45,1m,1m,2026-05-25 23:44:00.641000+00:00,NK+P,0.5189174799999999,0,0.06727236848858109,0.48108252000000007,0.48108252000000007,0.413810151511419,False
require_3m_2m_1m_enter_1m,KXBTC15M-26MAY252015-15,1m,1m,2026-05-26 00:14:54.058000+00:00,K+NP,0.87886437,0,0.007252988520097238,0.12113563000000005,0.12113563000000005,0.11388264147990282,False
require_3m_2m_1m_enter_1m,KXBTC15M-26MAY261100-00,1m,1m,2026-05-26 14:59:01.040000+00:00,NK+P,0.53211933,0,0.03550182165347422,0.46788067,0.46788067,0.4323788483465258,False
require_3m_2m_1m_enter_1m,KXBTC15M-26MAY261145-45,1m,1m,2026-05-26 15:44:00.345000+00:00,K+NP,0.91091748,0,0.032196462308349084,0.08908252000000005,0.08908252000000005,0.05688605769165097,False
require_3m_2m_1m_enter_1m,KXBTC15M-26MAY261345-45,1m,1m,2026-05-26 17:44:05.395000+00:00,K+NP,0.92051248,0,0.024647025318822454,0.07948752000000003,0.07948752000000003,0.054840494681177576,False
require_3m_2m_1m_enter_1m,KXBTC15M-26MAY261430-30,1m,1m,2026-05-26 18:29:00.411000+00:00,NK+P,0.96405972,0,0.012678156091251211,0.03594028000000005,0.03594028000000005,0.023262123908748836,False
require_3m_2m_1m_enter_1m,KXBTC15M-26MAY261530-30,1m,1m,2026-05-26 19:29:01.190000+00:00,NK+P,0.58546437,0,0.02069835830266727,0.41453563000000004,0.41453563000000004,0.3938372716973328,False
require_3m_2m_1m_enter_1m,KXBTC15M-26MAY261900-00,1m,1m,2026-05-26 22:59:02.124000+00:00,K+NP,0.52463472,0,0.003583887929282975,0.47536528,0.47536528,0.471781392070717,False
require_3m_2m_1m_enter_1m,KXBTC15M-26MAY262030-30,1m,1m,2026-05-27 00:29:15.630000+00:00,K+NP,0.7322197199999999,0,0.021141817753088425,0.2677802800000001,0.2677802800000001,0.24663846224691166,False
require_3m_2m_1m_enter_1m,KXBTC15M-26MAY262215-15,1m,1m,2026-05-27 02:14:00.176000+00:00,K+NP,0.52463472,0,0.0068040320862943066,0.47536528,0.47536528,0.4685612479137057,False
require_3m_2m_1m_enter_1m,KXBTC15M-26MAY270530-30,1m,1m,2026-05-27 09:29:01.536000+00:00,NK+P,0.68747248,0,0.021935363343609952,0.31252751999999995,0.31252751999999995,0.29059215665639,False
require_3m_2m_1m_enter_1m,KXBTC15M-26MAY270615-15,1m,1m,2026-05-27 10:14:01.922000+00:00,K+NP,0.870103,0,0.13107817186425258,0.12989700000000004,0.12989700000000004,-0.0011811718642525393,False
require_3m_2m_1m_enter_1m,KXBTC15M-26MAY271230-30,1m,1m,2026-05-27 16:29:00.475000+00:00,K+NP,0.56451472,0,0.014330019919650347,0.43548528,0.43548528,0.42115526008034965,False
require_3m_2m_1m_enter_1m,KXBTC15M-26MAY271430-30,1m,1m,2026-05-27 18:29:13.756000+00:00,NK+P,0.84240325,0,0.030238206484225177,0.15759674999999995,0.15759674999999995,0.12735854351577477,False
require_3m_2m_1m_enter_1m,KXBTC15M-26MAY272030-30,1m,1m,2026-05-28 00:29:01.231000+00:00,K+NP,0.63977268,0,0.11695885541268146,0.36022732,0.36022732,0.24326846458731854,False
require_3m_2m_1m_enter_1m,KXBTC15M-26MAY272315-15,1m,1m,2026-05-28 03:14:12.031000+00:00,K+NP,0.96512937,0,0.01669250247802032,0.034870630000000014,0.034870630000000014,0.018178127521979694,False
require_3m_2m_1m_enter_1m,KXBTC15M-26MAY280545-45,1m,1m,2026-05-28 09:44:00.491000+00:00,NK+P,0.42423472,0,0.018963828473254066,0.5757652799999999,0.5757652799999999,0.5568014515267459,False
require_3m_2m_1m_enter_1m,KXBTC15M-26MAY281015-15,1m,1m,2026-05-28 14:14:01.562000+00:00,NK+P,0.8679720000000001,1,2.177929446596764e-06,-0.8679720000000001,-0.8679720000000001,0.13202582207055333,False
require_3m_2m_1m_enter_1m,KXBTC15M-26MAY281100-00,1m,1m,2026-05-28 14:59:01.950000+00:00,NK+P,0.53568937,0,0.06514400128611532,0.46431062999999995,0.46431062999999995,0.39916662871388464,False
require_3m_2m_1m_enter_1m,KXBTC15M-26MAY281245-45,1m,1m,2026-05-28 16:44:02.085000+00:00,NK+P,0.65793748,0,0.013513217791147912,0.34206252000000004,0.34206252000000004,0.32854930220885215,False
require_3m_2m_1m_enter_1m,KXBTC15M-26MAY281630-30,1m,1m,2026-05-28 20:29:01.482000+00:00,NK+P,0.93646437,0,0.03650417843136555,0.06353562999999995,0.06353562999999995,0.0270314515686344,False
require_3m_2m_1m_enter_1m,KXBTC15M-26MAY281945-45,1m,1m,2026-05-28 23:44:00.578000+00:00,K+NP,0.52463472,0,0.047828431155961394,0.47536528,0.47536528,0.4275368488440386,False
require_3m_2m_1m_enter_1m,KXBTC15M-26MAY282000-00,1m,1m,2026-05-28 23:59:28.494000+00:00,NK+P,0.19165888,0,0.016344025900426242,0.80834112,0.80834112,0.7919970940995738,False
require_3m_2m_1m_enter_1m,KXBTC15M-26MAY282115-15,1m,1m,2026-05-29 01:14:00.876000+00:00,NK+P,0.9598615699999999,0,0.044059501775568895,0.04013843000000006,0.04013843000000006,-0.0039210717755688365,False
require_3m_2m_1m_enter_1m,KXBTC15M-26MAY290330-30,1m,1m,2026-05-29 07:29:28.271000+00:00,K+NP,0.5146397199999999,0,0.031003539108527982,0.4853602800000001,0.4853602800000001,0.4543567408914721,False
require_3m_2m_1m_enter_1m,KXBTC15M-26MAY290600-00,1m,1m,2026-05-29 09:59:06.943000+00:00,K+NP,0.54459472,0,0.022156037872846174,0.45540528,0.45540528,0.4332492421271539,False
require_3m_2m_1m_enter_1m,KXBTC15M-26MAY290615-15,1m,1m,2026-05-29 10:14:01.380000+00:00,K+NP,0.9545147199999999,0,0.028916680726592463,0.04548528000000007,0.04548528000000007,0.01656859927340761,False
require_3m_2m_1m_enter_1m,KXBTC15M-26MAY290930-30,1m,1m,2026-05-29 13:29:01.960000+00:00,K+NP,0.5146397199999999,0,0.009988465884174817,0.4853602800000001,0.4853602800000001,0.4753718141158253,False
require_all_four_enter_1m,KXBTC15M-26MAY172215-15,1m,1m,2026-05-18 02:14:29.699000+00:00,NK+P,0.69301972,0,0.060293473381075546,0.30698028,0.30698028,0.24668680661892445,False
require_all_four_enter_1m,KXBTC15M-26MAY190445-45,1m,1m,2026-05-19 08:44:01.312000+00:00,NK+P,0.69408937,0,0.022658999335200505,0.30591062999999996,0.30591062999999996,0.28325163066479947,False
require_all_four_enter_1m,KXBTC15M-26MAY201000-00,1m,1m,2026-05-20 13:59:13.488000+00:00,NK+P,0.96405972,0,0.07776261156708564,0.03594028000000005,0.03594028000000005,-0.04182233156708559,False
require_all_four_enter_1m,KXBTC15M-26MAY230315-15,1m,1m,2026-05-23 07:14:01.257000+00:00,K+NP,0.96833748,0,0.05297306150103125,0.03166252000000003,0.03166252000000003,-0.021310541501031226,False
require_all_four_enter_1m,KXBTC15M-26MAY231715-15,1m,1m,2026-05-23 21:14:03.718000+00:00,K+NP,0.5655843700000001,0,0.0327209130432546,0.43441562999999994,0.43441562999999994,0.40169471695674536,False
require_all_four_enter_1m,KXBTC15M-26MAY250245-45,1m,1m,2026-05-25 06:44:37.220000+00:00,NK+P,0.66195973,0,0.009220671671107558,0.33804027000000003,0.33804027000000003,0.32881959832889246,False
require_all_four_enter_1m,KXBTC15M-26MAY261900-00,1m,1m,2026-05-26 22:59:02.124000+00:00,K+NP,0.52463472,0,0.003583887929282975,0.47536528,0.47536528,0.471781392070717,False
require_all_four_enter_1m,KXBTC15M-26MAY280545-45,1m,1m,2026-05-28 09:44:00.491000+00:00,NK+P,0.42423472,0,0.018963828473254066,0.5757652799999999,0.5757652799999999,0.5568014515267459,False
require_all_four_enter_1m,KXBTC15M-26MAY281015-15,1m,1m,2026-05-28 14:14:01.562000+00:00,NK+P,0.8679720000000001,1,2.177929446596764e-06,-0.8679720000000001,-0.8679720000000001,0.13202582207055333,False
require_all_four_enter_1m,KXBTC15M-26MAY281100-00,1m,1m,2026-05-28 14:59:01.950000+00:00,NK+P,0.53568937,0,0.06514400128611532,0.46431062999999995,0.46431062999999995,0.39916662871388464,False
require_all_four_enter_1m,KXBTC15M-26MAY281630-30,1m,1m,2026-05-28 20:29:01.482000+00:00,NK+P,0.93646437,0,0.03650417843136555,0.06353562999999995,0.06353562999999995,0.0270314515686344,False
require_all_four_enter_1m,KXBTC15M-26MAY281945-45,1m,1m,2026-05-28 23:44:00.578000+00:00,K+NP,0.52463472,0,0.047828431155961394,0.47536528,0.47536528,0.4275368488440386,False
require_all_four_enter_1m,KXBTC15M-26MAY282115-15,1m,1m,2026-05-29 01:14:00.876000+00:00,NK+P,0.9598615699999999,0,0.044059501775568895,0.04013843000000006,0.04013843000000006,-0.0039210717755688365,False
require_all_four_enter_1m,KXBTC15M-26MAY290330-30,1m,1m,2026-05-29 07:29:28.271000+00:00,K+NP,0.5146397199999999,0,0.031003539108527982,0.4853602800000001,0.4853602800000001,0.4543567408914721,False
require_all_four_enter_1m,KXBTC15M-26MAY290600-00,1m,1m,2026-05-29 09:59:06.943000+00:00,K+NP,0.54459472,0,0.022156037872846174,0.45540528,0.45540528,0.4332492421271539,False
require_all_four_enter_1m,KXBTC15M-26MAY290615-15,1m,1m,2026-05-29 10:14:01.380000+00:00,K+NP,0.9545147199999999,0,0.028916680726592463,0.04548528000000007,0.04548528000000007,0.01656859927340761,False
require_all_four_enter_1m,KXBTC15M-26MAY290930-30,1m,1m,2026-05-29 13:29:01.960000+00:00,K+NP,0.5146397199999999,0,0.009988465884174817,0.4853602800000001,0.4853602800000001,0.4753718141158253,False
