tree
version=v4
num_class=1
num_tree_per_iteration=1
label_index=0
max_feature_idx=13
objective=binary sigmoid:1
feature_names=Column_0 Column_1 Column_2 Column_3 Column_4 Column_5 Column_6 Column_7 Column_8 Column_9 Column_10 Column_11 Column_12 Column_13
feature_infos=[0.014999999999999999:0.98499999999999999] [-3.1378382962510645:3.157430933968004] [0:0.24821410728553595] [-1.7320508075688898:1.7320508075688898] [0:0.17826858248160277] [-0.85000000000000009:0.63] [2.4647039424704809:8.7643922743790643] [-0.99853222348764381:0.99985842336633868] [0:0.86523591033216074] [-2.8339639794320037:2.7213008276375952] [0.0099999999999998979:0.12999999999999995] [-0.99996380310153576:0.99996380310153576] [-0.99996380310153576:0.99996380310153576] [-0.67240425809473159:0.5843704362672697]
tree_sizes=879 889 879 887 891 879 884 880 886 885 890 884 880 887 879 884 891 889 886 890 891 882 890 878 887 884 882 890 883 886 889 888 880 890 886 888 891 889 885 891 889 885 892 889 898 889 888 888 889 894 893 892 789 785 892 788 887 783 785 884 782 789 787 891 890 786 786 898 790 885 897 895 897 892 896 893 788 789 891 888 789 684 896 894 783 782 682 786 792 892 680 788 783 889 677 788 892 899 683 897 783 684 888 785 685 905 895 898 791 894 898 888 682 885 890 791 895 790 897 898 683 896 895 893 891 892 683 792 885 788 685 896 891 683 903 896 889 787 790 888 892 686 892 895 788 891 894 893 886 892 788 793 687 889 891 789 888 681 898 685 886 681 888 896 891 788 892 897 885 892 791 887 682 685 789 899 691 889 691 895 793 689 890 688 889 889 890 793 890 789 686 895 894 894 788 888 886 692 886 889 792 894 791 885 794 897 889 892 789 895 902 893 889 900 890 896 894 898 896 891 688 890 790 895 889 691 900 691 670 792 795 895 890 689 895 887 792 892 887 683 886 887 889 891 894 891 886 891 796 897 684 898 792 788 895 893 890 790 889 682 897 891 896 891 690 889 900 898 789 685 888 897 896 878 898 889 895 886 790 891 687 888 895 788 897 792 891 686 894 690 892 797 896 889 794 690 888 682 788 885

Tree=0
num_leaves=7
num_cat=0
split_feature=0 0 0 13 2 1
split_gain=392.997 56.6931 23.3155 13.6311 8.23814 6.61437
threshold=0.56750000000000012 0.24000000000000002 0.69000000000000006 0.010761854793753254 0.073323857519935684 2.0898143522071186
decision_type=2 2 2 10 2 2
left_child=1 -1 3 -2 -3 -4
right_child=2 4 5 -5 -6 -7
leaf_value=-0.095174317770510553 0.021763210956164663 -0.051143015067322772 0.048089538106641239 -0.02477583203541156 -0.027319768803867078 -0.016691342602526346
leaf_weight=79.49016273021698 37.995297908782959 133.48348081111908 116.98552250862122 23.997030258178711 52.49350368976593 4.9993813037872306
leaf_count=318 152 534 468 96 210 20
internal_value=-0.0222479 -0.060902 0.0330745 0.00490399 -0.0447276 0.0457579
internal_weight=449.444 265.467 183.977 61.9923 185.977 121.985
internal_count=1798 1062 736 248 744 488
is_linear=0
shrinkage=1


Tree=1
num_leaves=7
num_cat=0
split_feature=0 0 0 13 13 1
split_gain=356.902 51.7527 21.0328 12.4575 8.14778 5.94132
threshold=0.56750000000000012 0.24000000000000002 0.69000000000000006 0.010761854793753254 -0.14604044638780408 2.0898143522071186
decision_type=2 2 2 10 8 2
left_child=1 -1 3 -2 -3 -4
right_child=2 4 5 -5 -6 -7
leaf_value=-0.069638881529704308 0.042066063217865768 0.00010295911647420912 0.066993935669753257 -0.0024234297147990537 -0.026365522810245307 0.0054174628137518901
leaf_weight=79.320242375135422 37.995501756668091 35.731420308351517 116.93238258361816 23.996317863464355 150.17152628302574 4.9996519088745108
leaf_count=318 152 143 468 96 601 20
internal_value=5.13442e-06 -0.0368545 0.0527264 0.0259492 -0.0214087 0.0647819
internal_weight=449.147 265.223 183.924 61.9918 185.903 121.932
internal_count=1798 1062 736 248 744 488
is_linear=0
shrinkage=0.05


Tree=2
num_leaves=7
num_cat=0
split_feature=0 0 0 2 4 1
split_gain=324.529 47.4965 19.0978 7.50918 7.50236 6.26476
threshold=0.56750000000000012 0.24000000000000002 0.66000000000000014 0.073323857519935684 0.058922612779853362 1.700104124853514
decision_type=2 2 2 2 2 2
left_child=1 -1 5 -3 -4 -2
right_child=2 3 4 -5 -6 -7
leaf_value=-0.066652881111163603 0.027445819936824663 -0.026507847048223329 0.06367174175031419 -0.0038746880973432405 0.017565288653887706 -0.014600264326037688
leaf_weight=78.962560951709747 38.472889333963394 133.32135969400406 122.88574326038361 52.46767321228981 14.466939762234686 7.7446102648973456
leaf_count=318 154 534 493 210 58 31
internal_value=1.34728e-05 -0.0351643 0.0503352 -0.0203852 0.059603 0.0196627
internal_weight=448.322 264.752 183.57 185.789 137.353 46.2175
internal_count=1798 1062 736 744 551 185
is_linear=0
shrinkage=0.05


Tree=3
num_leaves=7
num_cat=0
split_feature=0 0 0 13 13 0
split_gain=295.31 44.3039 17.8563 11.5481 10.0716 8.57184
threshold=0.56750000000000012 0.31750000000000006 0.69000000000000006 0.010761854793753254 -0.14604044638780408 0.20000000000000004
decision_type=2 2 2 10 8 2
left_child=1 5 3 -2 -3 -1
right_child=2 4 -4 -5 -6 -7
leaf_value=-0.069600385241910492 0.039033791523784528 0.011863393493057268 0.059240779375312774 -0.0035877496928562306 -0.019988480593711666 -0.037012390459527339
leaf_weight=59.696835607290268 37.915111184120178 27.967398405075073 121.10133692622185 23.99676088988781 111.00766399502754 65.405354961752892
leaf_count=242 152 112 488 96 445 263
internal_value=1.09292e-05 -0.0335833 0.0480894 0.0234802 -0.0133892 -0.0546401
internal_weight=447.09 264.077 183.013 61.9119 138.975 125.102
internal_count=1798 1062 736 248 557 505
is_linear=0
shrinkage=0.05


Tree=4
num_leaves=7
num_cat=0
split_feature=0 0 0 13 13 0
split_gain=269.191 40.8544 16.3385 10.5867 9.18107 8.08966
threshold=0.56750000000000012 0.31750000000000006 0.69000000000000006 0.010761854793753254 -0.14604044638780408 0.20000000000000004
decision_type=2 2 2 10 8 2
left_child=1 5 3 -2 -3 -1
right_child=2 4 -4 -5 -6 -7
leaf_value=-0.066969984349408179 0.037383029990388797 0.011356715105362181 0.056722771541959073 -0.0034392864717843179 -0.019050980193180991 -0.035383796327139332
leaf_weight=59.149501025676727 37.832716792821884 27.977211117744446 120.39289990067482 23.996827930212021 110.89572304487228 65.229491084814072
leaf_count=242 152 112 488 96 445 263
internal_value=-8.21952e-07 -0.0321134 0.0460101 0.0224674 -0.0127433 -0.0524125
internal_weight=445.474 263.252 182.222 61.8295 138.873 124.379
internal_count=1798 1062 736 248 557 505
is_linear=0
shrinkage=0.05


Tree=5
num_leaves=7
num_cat=0
split_feature=0 0 0 2 1 1
split_gain=245.61 37.9099 15.2533 6.94432 5.7343 4.55094
threshold=0.56750000000000012 0.24000000000000002 0.66000000000000014 0.073323857519935684 1.700104124853514 2.0898143522071186
decision_type=2 2 2 2 2 2
left_child=1 -1 4 -3 -2 -4
right_child=2 3 5 -5 -6 -7
leaf_value=-0.059253442311398598 0.024327477154564188 -0.023504816765090086 0.054353636997809422 -0.0019211288503238916 -0.015513486236082549 0.00504230628722131
leaf_weight=77.064768671989441 38.331896871328354 132.83291168510914 129.22090178728104 52.372961983084679 7.7295150905847541 5.9660174995660773
leaf_count=318 154 534 527 210 31 24
internal_value=-1.16237e-05 -0.0307276 0.0440668 -0.0176123 0.0167774 0.0524349
internal_weight=443.519 262.271 181.248 185.206 46.0614 135.187
internal_count=1798 1062 736 744 185 551
is_linear=0
shrinkage=0.05


Tree=6
num_leaves=7
num_cat=0
split_feature=0 0 0 7 1 8
split_gain=223.956 35.9291 14.2207 7.92375 7.53146 7.48787
threshold=0.56750000000000012 0.31750000000000006 0.69000000000000006 -0.60849308254496759 1.6398856821121541 0.73292296519293221
decision_type=2 2 2 2 2 2
left_child=1 5 4 -3 -2 -1
right_child=2 3 -4 -5 -6 -7
leaf_value=-0.051761753161415396 0.028391155265791924 -0.029428538172698443 0.052297734714853189 -0.0034912925829710395 -0.011655039537441854 -0.0012391329912259559
leaf_weight=114.51032510399818 49.662705779075623 37.543159484863281 118.54443976283073 101.04652610421181 11.952465936541556 8.0780706256628019
leaf_count=472 200 151 488 406 48 33
internal_value=-2.02578e-05 -0.0293957 0.0422093 -0.0112976 0.020331 -0.0486115
internal_weight=441.338 261.178 180.16 138.59 61.6152 122.588
internal_count=1798 1062 736 557 248 505
is_linear=0
shrinkage=0.05


Tree=7
num_leaves=7
num_cat=0
split_feature=0 0 0 0 4 5
split_gain=204.38 34.1169 13.3127 7.45981 7.34807 5.10931
threshold=0.56750000000000012 0.20000000000000004 0.66000000000000014 0.41000000000000009 0.058922612779853362 0.10250000000000005
decision_type=2 2 2 2 2 2
left_child=1 -1 5 -3 -4 -2
right_child=2 3 4 -5 -6 -7
leaf_value=-0.060836694575715826 0.026686463398097562 -0.025832548474086843 0.052346162913518839 -0.0062051455033922199 0.010079594107240278 -0.0053191851173125734
leaf_weight=57.17894235253334 28.286074370145798 114.8579580783844 118.83674766123295 88.005123168230057 14.173013746738432 17.652561992406845
leaf_count=242 114 466 493 354 58 71
internal_value=-2.85568e-05 -0.0281318 0.0404648 -0.017672 0.0483707 0.0150729
internal_weight=438.99 260.042 178.948 202.863 133.01 45.9386
internal_count=1798 1062 736 820 551 185
is_linear=0
shrinkage=0.05


Tree=8
num_leaves=7
num_cat=0
split_feature=0 0 0 13 0 4
split_gain=186.815 31.9953 12.483 10.0014 6.79978 5.3883
threshold=0.56750000000000012 0.20000000000000004 0.69000000000000006 0.010761854793753254 0.41000000000000009 0.058922612779853362
decision_type=2 2 2 10 2 2
left_child=1 -1 3 -2 -3 -4
right_child=2 4 5 -5 -6 -7
leaf_value=-0.058872567511005891 0.033078922489328956 -0.024665671645678601 0.051856260884728292 -0.0062257470945796577 -0.0059141282900281728 0.0099894411593705879
leaf_weight=56.320849895477295 37.43535690009594 114.52222374081612 105.0870698839426 23.944783672690392 87.965897157788277 11.177960291504858
leaf_count=242 152 466 442 96 354 46
internal_value=-3.21629e-05 -0.0269438 0.0388394 0.0184319 -0.0168584 0.0484089
internal_weight=436.454 258.809 177.645 61.3801 202.488 116.265
internal_count=1798 1062 736 248 820 488
is_linear=0
shrinkage=0.05


Tree=9
num_leaves=7
num_cat=0
split_feature=0 0 0 4 0 5
split_gain=170.935 30.0662 11.6333 6.34045 6.21639 4.70916
threshold=0.56750000000000012 0.20000000000000004 0.66000000000000014 0.058922612779853362 0.38000000000000006 0.10250000000000005
decision_type=2 2 2 2 2 2
left_child=1 -1 5 -4 -3 -2
right_child=2 4 3 -5 -6 -7
leaf_value=-0.057036045949686066 0.024857749185176262 -0.02494471735466124 0.048574386191357719 0.0092596787539067586 -0.0071302053222840117 -0.0057785487747100232
leaf_weight=55.411758065223694 28.151863768696785 97.085273578763008 116.31106805801392 14.125867649912832 105.00947853922844 17.624893069267273
leaf_count=242 114 397 493 58 423 71
internal_value=-3.07133e-05 -0.0258147 0.0373209 0.0448158 -0.0160838 0.0136547
internal_weight=433.72 257.507 176.214 130.437 202.095 45.7768
internal_count=1798 1062 736 551 820 185
is_linear=0
shrinkage=0.05


Tree=10
num_leaves=7
num_cat=0
split_feature=0 0 0 13 13 1
split_gain=156.407 28.2957 11.0127 9.27765 5.93458 5.07758
threshold=0.56750000000000012 0.20000000000000004 0.69000000000000006 0.010761854793753254 0.22169622320592863 2.0898143522071186
decision_type=2 2 2 10 8 2
left_child=1 -1 3 -2 -3 -4
right_child=2 4 5 -5 -6 -7
leaf_value=-0.055311528216048324 0.030962088069263261 -0.010164358880836635 0.047126060432009037 -0.0068328837886796091 -0.030646157246016183 -0.0025150309687872667
leaf_weight=54.462516635656357 37.158235371112823 156.83967538177967 108.79992911219597 23.915971770882607 44.845795586705208 4.8794477581977835
leaf_count=242 152 637 468 96 183 20
internal_value=-3.60599e-05 -0.0247428 0.0358592 0.0167649 -0.0153498 0.0449791
internal_weight=430.902 256.148 174.754 61.0742 201.685 113.679
internal_count=1798 1062 736 248 820 488
is_linear=0
shrinkage=0.05


Tree=11
num_leaves=7
num_cat=0
split_feature=0 0 0 2 4 6
split_gain=143.48 24.8825 13.1626 6.05693 5.91255 4.84244
threshold=0.55000000000000016 0.20000000000000004 0.66000000000000014 0.072470659769448068 0.058922612779853362 6.4299612249991558
decision_type=2 2 2 2 2 2
left_child=1 -1 5 -3 -4 -2
right_child=2 3 4 -5 -6 -7
leaf_value=-0.053685736716388557 0.02754841633559384 -0.021296397824731694 0.045283354688252453 -0.001843766950755471 0.0077192124503155952 -0.00094289790117656333
leaf_weight=53.482656508684158 20.943771004676819 134.02278858423233 113.58387362957001 57.612251311540604 14.013139277696608 34.331213399767876
leaf_count=242 85 547 493 234 58 139
internal_value=-4.97586e-05 -0.0248515 0.0329707 -0.0156438 0.0416046 0.0112422
internal_weight=427.99 245.118 182.872 191.635 127.597 55.275
internal_count=1798 1023 775 781 551 224
is_linear=0
shrinkage=0.05


Tree=12
num_leaves=7
num_cat=0
split_feature=0 0 0 8 4 6
split_gain=131.514 19.3064 19.2394 8.41578 5.4828 5.10835
threshold=0.50000000000000011 0.20000000000000004 0.66000000000000014 0.48707782739291389 0.058922612779853362 7.0589899976483776
decision_type=2 2 2 2 2 2
left_child=1 -1 3 -2 -4 -3
right_child=2 5 4 -5 -6 -7
leaf_value=-0.052147315911520865 -0.026060602464335576 -0.021467025113623625 0.043666050553873112 0.01486910933680277 0.0074423709129533945 0.0010071041326039371
leaf_weight=52.480541408061981 10.376166716217993 135.9490347802639 112.12391969561577 69.85660694539547 13.994158580899237 30.281018391251564
leaf_count=242 42 556 493 283 58 124
internal_value=-4.56709e-05 -0.0267653 0.0282376 0.00835757 0.0400837 -0.0174632
internal_weight=425.061 218.711 206.351 80.2328 126.118 166.23
internal_count=1798 922 876 325 551 680
is_linear=0
shrinkage=0.05


Tree=13
num_leaves=7
num_cat=0
split_feature=0 0 0 13 6 1
split_gain=120.38 22.4583 11.6159 8.45643 7.40872 4.63325
threshold=0.55000000000000016 0.24000000000000002 0.69000000000000006 0.010761854793753254 6.8649782424229473 2.0898143522071186
decision_type=2 2 2 10 2 2
left_child=1 -1 3 -2 -3 -4
right_child=2 4 5 -5 -6 -7
leaf_value=-0.046062523477978658 0.025844480828397982 -0.019449481549791849 0.042571896636417028 -0.0079697650895476178 0.002366664569497919 -0.0038277366236273156
leaf_weight=69.169172406196594 43.466505512595177 117.57387626171112 104.67415542900562 26.827196389436722 55.558126360177994 4.8292042613029471
leaf_count=318 179 479 468 108 226 20
internal_value=-6.26255e-05 -0.0228753 0.0304677 0.0132672 -0.0125787 0.0404478
internal_weight=422.098 242.301 179.797 70.2937 173.132 109.503
internal_count=1798 1023 775 287 705 488
is_linear=0
shrinkage=0.05


Tree=14
num_leaves=7
num_cat=0
split_feature=0 0 0 8 8 6
split_gain=110.674 17.5928 16.6017 7.74372 5.75345 4.89572
threshold=0.50000000000000011 0.16750000000000001 0.66000000000000014 0.48707782739291389 0.68828359646233672 7.0589899976483776
decision_type=2 2 2 2 2 2
left_child=1 -1 3 -2 -4 -3
right_child=2 5 4 -5 -6 -7
leaf_value=-0.05372812820667431 -0.025304619039511995 -0.021023721639610762 0.043119502205142476 0.013956787671509974 0.013962595207551127 9.7487628686554676e-05
leaf_weight=38.421320647001266 10.359528437256811 143.87660424411297 95.14360523223877 69.706434085965157 27.955209314823151 33.577765718102455
leaf_count=184 42 598 427 283 124 140
internal_value=-6.33153e-05 -0.0247158 0.026096 0.00768809 0.0373015 -0.017134
internal_weight=419.04 215.876 203.165 80.066 123.099 177.454
internal_count=1798 922 876 325 551 738
is_linear=0
shrinkage=0.05


Tree=15
num_leaves=7
num_cat=0
split_feature=0 0 1 13 8 8
split_gain=101.363 22.4784 8.68443 11.0929 7.9935 6.66779
threshold=0.56750000000000012 0.31750000000000006 1.6398856821121541 -0.079031274077242517 0.62204317311458601 0.73292296519293221
decision_type=2 2 2 8 2 2
left_child=1 5 -2 -4 -3 -1
right_child=2 4 3 -5 -6 -7
leaf_value=-0.039431659021386969 0.034946091092574537 0.0060779371578284528 0.030102272466850724 -0.021503187358124135 -0.017349531112839475 0.005500427283780627
leaf_weight=104.43755336105824 135.12475375831127 66.677858754992485 16.076854094862938 15.75211012363434 70.384318381547928 7.6969129443168631
leaf_count=472 599 271 70 67 286 33
internal_value=-7.75443e-05 -0.0201328 0.0295721 0.00511078 -0.00613977 -0.0362444
internal_weight=416.15 249.197 166.954 31.829 137.062 112.134
internal_count=1798 1062 736 137 557 505
is_linear=0
shrinkage=0.05


Tree=16
num_leaves=7
num_cat=0
split_feature=0 0 0 13 6 4
split_gain=92.971 16.605 15.0388 7.62017 4.52421 4.21905
threshold=0.50000000000000011 0.16750000000000001 0.69000000000000006 1.0000000180025095e-35 7.0589899976483776 0.058922612779853362
decision_type=2 2 2 10 2 2
left_child=1 -1 3 -2 -3 -4
right_child=2 4 5 -5 -6 -7
leaf_value=-0.051491633735221198 0.019712709042787237 -0.019288907724383707 0.039922110633176404 -0.0080434581622299394 0.00094484437944843873 0.0046275870945911941
leaf_weight=36.952733039855957 57.338540032505989 142.72653792798519 94.709651216864586 37.351109057664871 33.424320086836815 10.794574871659277
leaf_count=184 237 598 442 151 140 46
internal_value=-7.52352e-05 -0.0228029 0.0240842 0.00890977 -0.0155295 0.0366838
internal_weight=413.297 213.104 200.194 94.6896 176.151 105.504
internal_count=1798 922 876 388 738 488
is_linear=0
shrinkage=0.05


Tree=17
num_leaves=7
num_cat=0
split_feature=0 0 0 13 13 8
split_gain=85.2428 20.1156 7.65254 7.48293 5.78538 4.32022
threshold=0.56750000000000012 0.20000000000000004 0.69000000000000006 0.010761854793753254 0.22169622320592863 0.68828359646233672
decision_type=2 2 2 10 8 2
left_child=1 -1 3 -2 -3 -4
right_child=2 4 5 -5 -6 -7
leaf_value=-0.046105738822025628 0.024858622860615749 -0.0059520049315411102 0.040648416840821759 -0.0089529318778598672 -0.025994338355154717 0.01211854242160657
leaf_weight=47.875713288784027 36.071729704737663 154.61182227730751 81.97999495267868 23.790799543261528 43.937340810894966 22.066063597798347
leaf_count=242 152 637 386 96 183 102
internal_value=-7.98228e-05 -0.0185343 0.0273925 0.0117668 -0.0109168 0.0354309
internal_weight=410.333 246.425 163.909 59.8625 198.549 104.046
internal_count=1798 1062 736 248 820 488
is_linear=0
shrinkage=0.05


Tree=18
num_leaves=7
num_cat=0
split_feature=0 0 0 8 8 3
split_gain=78.7544 15.2363 13.0552 7.06379 5.24918 5.08031
threshold=0.50000000000000011 0.16750000000000001 0.66000000000000014 0.48707782739291389 0.68828359646233672 -0.99999999999999911
decision_type=2 2 2 2 2 2
left_child=1 -1 3 -2 -4 -3
right_child=2 5 4 -5 -6 -7
leaf_value=-0.049201139016511568 -0.025268617173310467 -0.026472224279387065 0.038295950655707484 0.012210738973207486 0.010758930852362606 -0.0079925129879606441
leaf_weight=35.321146547794342 10.318303331732748 53.697645246982574 90.263580694794655 69.251533389091492 27.169968128204346 121.35801348090172
leaf_count=184 42 228 427 283 124 510
internal_value=-8.17305e-05 -0.0211147 0.0223458 0.00614396 0.0326244 -0.0142388
internal_weight=407.38 210.377 197.003 79.5698 117.434 175.056
internal_count=1798 922 876 325 551 738
is_linear=0
shrinkage=0.05


Tree=19
num_leaves=7
num_cat=0
split_feature=0 0 0 5 3 4
split_gain=72.099 14.6269 12.2216 6.72355 5.72572 5.15156
threshold=0.50000000000000011 0.15000000000000005 0.66000000000000014 -0.039999999999999945 -0.99999999999999911 0.058922612779853362
decision_type=2 2 2 2 2 2
left_child=1 -1 3 -2 -3 -4
right_child=2 4 5 -5 -6 -7
leaf_value=-0.050872823429564222 0.030089899294880068 -0.026737086435216523 0.035130968360521736 -0.0022234281150693481 -0.0075760275506227982 0.0016934846333614554
leaf_weight=28.838672623038292 16.334930568933487 56.585683107376099 102.50833885371685 63.185611546039581 123.60865902900696 13.485291808843611
leaf_count=154 67 245 493 258 523 58
internal_value=-0.000107183 -0.0202886 0.0214376 0.00580167 -0.0141525 0.0314742
internal_weight=404.547 209.033 195.514 79.5205 180.194 115.994
internal_count=1798 922 876 325 768 551
is_linear=0
shrinkage=0.05


Tree=20
num_leaves=7
num_cat=0
split_feature=1 13 13 9 2 2
split_gain=28.7973 22.6363 7.91199 9.4531 6.25229 2.63108
threshold=-0.24871791482634859 -0.11790950347537912 0.23028439575771201 -0.66827321140194007 0.071693308633226663 0.026266521703009266
decision_type=2 8 8 2 2 2
left_child=2 5 3 -1 -3 -2
right_child=1 4 -4 -5 -6 -7
leaf_value=0.014829164331186737 0.0025541695982725645 -0.0064781689322328771 -0.032352256099856952 -0.015674968228268592 0.01471811507035287 0.035531620373901576
leaf_weight=29.383956626057625 7.4683963358402243 108.02808193862438 44.958472952246666 97.652806103229523 45.260914549231529 69.000048533082008
leaf_count=127 33 474 211 439 201 313
internal_value=-0.000114921 0.011368 -0.015342 -0.00832491 4.7577e-05 0.0326653
internal_weight=401.753 229.757 171.995 127.037 153.289 76.4684
internal_count=1798 1021 777 566 675 346
is_linear=0
shrinkage=0.05


Tree=21
num_leaves=7
num_cat=0
split_feature=0 0 1 0 8 8
split_gain=63.8479 17.1826 8.25955 9.7543 7.42997 6.09398
threshold=0.56750000000000012 0.31750000000000006 1.6398856821121541 0.7875000000000002 0.62204317311458601 0.73292296519293221
decision_type=2 2 2 2 2 2
left_child=1 5 -2 -4 -3 -1
right_child=2 4 3 -5 -6 -7
leaf_value=-0.034032090133860951 0.029506599784446832 0.0076117948094749149 -0.020509013783127954 0.028992070829692868 -0.01499715127212287 0.0080800015211884343
leaf_weight=98.147624343633652 128.00010633468628 66.295809552073479 18.387520253658298 12.32560959458351 69.776974499225616 7.5032781809568396
leaf_count=472 599 271 79 58 286 33
internal_value=-0.000101185 -0.0161641 0.0241094 0.00063423 -0.00410251 -0.0308113
internal_weight=400.437 241.724 158.713 30.7131 136.073 105.651
internal_count=1798 1062 736 137 557 505
is_linear=0
shrinkage=0.05


Tree=22
num_leaves=7
num_cat=0
split_feature=0 0 0 5 13 4
split_gain=58.5173 13.7233 10.7219 7.35576 4.76776 4.46919
threshold=0.50000000000000011 0.15000000000000005 0.69000000000000006 -0.039999999999999945 0.22169622320592863 0.03426678249401429
decision_type=2 2 2 2 8 2
left_child=1 -1 3 -2 -3 -4
right_child=2 4 5 -5 -6 -7
leaf_value=-0.048741206385806278 0.031352920354726643 -0.007290949633561159 0.037519028730409854 -0.00071571025763160663 -0.025867657142354269 0.011764228461662368
leaf_weight=27.314839497208595 18.356878861784935 133.33666691184044 68.488661780953407 75.376194536685944 45.072636947035789 29.773254841566086
leaf_count=154 76 567 346 312 201 142
internal_value=-9.39804e-05 -0.0184076 0.0194984 0.00683439 -0.0125613 0.0306628
internal_weight=397.719 205.724 191.995 93.7331 178.409 98.2619
internal_count=1798 922 876 388 768 488
is_linear=0
shrinkage=0.05


Tree=23
num_leaves=7
num_cat=0
split_feature=0 0 1 13 2 8
split_gain=53.9344 15.7249 7.4029 9.57734 5.56831 4.482
threshold=0.56750000000000012 0.20000000000000004 1.6398856821121541 -0.079031274077242517 0.073323857519935684 0.68184749905585751
decision_type=2 2 2 8 2 2
left_child=1 -1 5 -4 -3 -2
right_child=2 4 3 -5 -6 -7
leaf_value=-0.040667706719989649 0.033198518933329743 -0.013624500782698064 0.02461592987235087 -0.024008062784837445 0.0045281327863655177 0.010045477514201723
leaf_weight=43.011429518461227 91.539498686790466 139.2967900633812 15.132040366530417 15.377954721450807 56.835564404726028 33.90192537009716
leaf_count=242 443 584 70 67 236 156
internal_value=-9.09692e-05 -0.014903 0.02238 0.000178363 -0.0083824 0.0275661
internal_weight=395.095 239.144 155.951 30.51 196.132 125.441
internal_count=1798 1062 736 137 820 599
is_linear=0
shrinkage=0.05


Tree=24
num_leaves=7
num_cat=0
split_feature=0 0 0 5 13 4
split_gain=49.7744 12.7499 9.57952 6.85711 4.4241 4.18489
threshold=0.50000000000000011 0.15000000000000005 0.69000000000000006 -0.039999999999999945 0.22169622320592863 0.03426678249401429
decision_type=2 2 2 2 8 2
left_child=1 -1 3 -2 -3 -4
right_child=2 4 5 -5 -6 -7
leaf_value=-0.046974100938695758 0.029933355787959096 -0.0064710694282750329 0.035579804319139825 -0.0010768186393859919 -0.024400830635006886 0.010659507377049279
leaf_weight=25.99377116560936 18.241509363055229 132.73153440654278 66.466480404138565 75.142067134380341 44.499786525964737 29.413186848163605
leaf_count=154 76 567 346 312 201 142
internal_value=-9.06237e-05 -0.0170729 0.0181145 0.0061941 -0.0115189 0.0288422
internal_weight=392.488 203.225 189.263 93.3836 177.231 95.8797
internal_count=1798 922 876 388 768 488
is_linear=0
shrinkage=0.05


Tree=25
num_leaves=7
num_cat=0
split_feature=0 0 0 8 3 8
split_gain=45.7517 12.2324 8.94122 6.20634 5.3123 5.02902
threshold=0.50000000000000011 0.15000000000000005 0.66000000000000014 0.48707782739291389 -0.99999999999999911 0.68828359646233672
decision_type=2 2 2 2 2 2
left_child=1 -1 3 -2 -3 -4
right_child=2 4 5 -5 -6 -7
leaf_value=-0.046064890541418352 -0.025116686994511351 -0.02323763555523059 0.032139090974208667 0.0099968684194259565 -0.0047864405962661557 0.0057482930390919361
leaf_weight=25.297912448644638 10.274112358689306 55.072616085410118 83.133154541254044 68.69525471329689 121.63970462977886 25.843390792608261
leaf_count=154 42 245 427 283 523 124
internal_value=-8.82782e-05 -0.0164135 0.0174293 0.00420495 -0.011018 0.0264073
internal_weight=389.956 202.01 187.946 78.9694 176.712 108.977
internal_count=1798 922 876 325 768 551
is_linear=0
shrinkage=0.05


Tree=26
num_leaves=7
num_cat=0
split_feature=0 0 0 6 9 8
split_gain=42.1814 13.3665 8.45351 7.73798 6.15563 4.69363
threshold=0.41000000000000009 0.66000000000000014 0.15000000000000005 7.0589899976483776 -1.092738900358148 0.68828359646233672
decision_type=2 2 2 2 2 2
left_child=2 4 -1 -4 -2 -3
right_child=1 5 3 -5 -6 -7
leaf_value=-0.045184211374505512 -0.020440253255658607 0.031066908296902174 -0.02018892117896293 0.009431211139005604 0.0067397494309705533 0.0055180224006278174
leaf_weight=24.616275727748871 20.46255649626255 81.906363636255264 99.71329253911972 24.721524655818939 110.23225159943104 25.785910069942474
leaf_count=154 84 427 444 110 455 124
internal_value=-0.000117118 0.0128436 -0.0205901 -0.0141673 0.00188788 0.0254657
internal_weight=387.438 238.387 149.051 124.435 130.695 107.692
internal_count=1798 1090 708 554 539 551
is_linear=0
shrinkage=0.05


Tree=27
num_leaves=7
num_cat=0
split_feature=0 0 4 2 13 8
split_gain=38.6835 13.0695 6.79811 5.80301 5.47639 5.02088
threshold=0.56750000000000012 0.24000000000000002 0.058040933831219478 0.073323857519935684 -0.098011692377989804 0.67317576447540206
decision_type=2 2 2 2 8 2
left_child=1 -1 5 -3 -4 -2
right_child=2 3 4 -5 -6 -7
leaf_value=-0.032781414437395462 0.029764918017792186 -0.011322932827715751 0.018492585474680585 0.0079906780704903681 -0.02461697175814587 0.0076258062470961263
leaf_weight=55.996095761656761 89.400210916996002 127.39606395363808 8.4845522195100767 50.935379460453987 11.694472536444666 41.081577256321907
leaf_count=318 454 534 38 210 50 194
internal_value=-0.000133511 -0.0127511 0.0192702 -0.00573906 -0.00641816 0.0233332
internal_weight=384.988 234.328 150.661 178.331 20.179 130.482
internal_count=1798 1062 736 744 88 648
is_linear=0
shrinkage=0.05


Tree=28
num_leaves=7
num_cat=0
split_feature=0 0 0 6 9 4
split_gain=35.9864 11.6335 8.07287 7.14723 5.7022 4.40955
threshold=0.41000000000000009 0.66000000000000014 0.15000000000000005 7.0589899976483776 -1.092738900358148 0.058922612779853362
decision_type=2 2 2 2 2 2
left_child=2 4 -1 -4 -2 -3
right_child=1 5 3 -5 -6 -7
leaf_value=-0.04371444969655925 -0.019796729803160395 0.027500374330983353 -0.018853227274017698 0.0096123707516543658 0.0063883352269947669 -0.0025699867257080351
leaf_weight=23.468111097812653 20.408479243516922 92.359762832522392 98.65441620349884 24.652443751692772 110.03300687670708 13.009140118956564
leaf_count=154 84 493 444 110 455 58
internal_value=-0.000130672 0.0118891 -0.0191972 -0.0130094 0.00171192 0.0238396
internal_weight=382.585 235.81 146.775 123.307 130.441 105.369
internal_count=1798 1090 708 554 539 551
is_linear=0
shrinkage=0.05


Tree=29
num_leaves=7
num_cat=0
split_feature=0 0 0 7 6 4
split_gain=32.9692 12.0731 6.82957 6.7511 6.24935 4.10278
threshold=0.38000000000000006 0.66000000000000014 0.15000000000000005 -0.82930153751790825 6.961120638582166 0.058922612779853362
decision_type=2 2 2 2 2 2
left_child=2 3 -1 -2 -4 -3
right_child=1 5 4 -5 -6 -7
leaf_value=-0.042899822448048831 -0.024464892780982392 0.026544191946994884 -0.020940887454576337 0.0051815180775228046 0.0049589085823787508 -0.0024757369382300571
leaf_weight=22.82929752767086 17.409007772803307 91.114754915237427 75.963765472173691 129.48425304889679 30.378304734826088 13.019259914755819
leaf_count=154 72 493 347 536 138 58
internal_value=-0.000152158 0.0103711 -0.020227 0.000978309 -0.0136518 0.0229688
internal_weight=380.199 251.027 129.171 146.893 106.342 104.134
internal_count=1798 1159 639 608 485 551
is_linear=0
shrinkage=0.05


Tree=30
num_leaves=7
num_cat=0
split_feature=0 0 13 8 8 3
split_gain=30.6235 13.4883 6.40725 5.3754 4.35925 2.8742
threshold=0.31750000000000006 0.66000000000000014 -0.14182815102082824 0.73292296519293221 0.68828359646233672 -1.4142135623730956
decision_type=2 2 8 2 2 2
left_child=3 2 -2 5 -3 -1
right_child=1 4 -4 -5 -6 -7
leaf_value=-0.0059554926414991374 0.016153065202600275 0.027681763535957124 -0.0054211738689772769 0.011502896463752427 0.0032108354488498687 -0.031217489011086126
leaf_weight=16.340095534920692 40.277641087770462 77.773710936307907 138.45043040812016 7.2121341526508322 25.160645470023155 72.668877318501472
leaf_count=89 167 427 575 33 124 383
internal_value=-0.000181196 0.00816942 -0.000251987 -0.0238215 0.0221261 -0.0271433
internal_weight=377.884 281.662 178.728 96.2211 102.934 89.009
internal_count=1798 1293 742 505 551 472
is_linear=0
shrinkage=0.05


Tree=31
num_leaves=7
num_cat=0
split_feature=0 0 13 8 4 3
split_gain=28.0787 12.4977 6.83262 5.02347 4.11928 2.67185
threshold=0.31750000000000006 0.69000000000000006 -0.14604044638780408 0.73292296519293221 0.03426678249401429 -1.4142135623730956
decision_type=2 2 8 2 2 2
left_child=3 2 -2 5 -3 -1
right_child=1 4 -4 -5 -6 -7
leaf_value=-0.0057399924200127565 0.017317445529374181 0.029805311865464253 -0.0044944751640983533 0.011139893388730521 0.0055893638732037792 -0.030152049305023923
leaf_weight=16.294778108596802 41.661176040768623 60.261214807629585 150.7921477407217 7.2370747476816168 27.731944307684898 71.677135571837425
leaf_count=89 174 346 631 33 142 383
internal_value=-0.000162758 0.0078331 0.000546197 -0.0229309 0.0228843 -0.0261822
internal_weight=375.655 280.446 192.453 95.209 87.9932 87.9719
internal_count=1798 1293 805 505 488 472
is_linear=0
shrinkage=0.05


Tree=32
num_leaves=7
num_cat=0
split_feature=0 0 0 6 9 4
split_gain=25.7784 8.63975 7.60968 6.19353 5.61172 3.86321
threshold=0.41000000000000009 0.69000000000000006 0.15000000000000005 7.0589899976483776 -1.092738900358148 0.03426678249401429
decision_type=2 2 2 2 2 2
left_child=2 4 -1 -4 -2 -3
right_child=1 5 3 -5 -6 -7
leaf_value=-0.041188506055010364 -0.017947113832950102 0.028876436962622033 -0.016251362381390234 0.01023709437827333 0.0068082600104853496 0.0053641690378521175
leaf_weight=21.48473347723484 23.040629506111145 59.275921389460564 96.536014243960381 24.489757210016251 121.03441125154495 27.663056209683418
leaf_count=154 96 346 444 110 506 142
internal_value=-0.000139963 0.01011 -0.0165349 -0.0106979 0.00238019 0.0220937
internal_weight=373.525 231.014 142.511 121.026 144.075 86.939
internal_count=1798 1090 708 554 602 488
is_linear=0
shrinkage=0.05


Tree=33
num_leaves=7
num_cat=0
split_feature=13 13 9 1 6 6
split_gain=14.938 7.29036 7.87961 7.14318 5.17024 3.2121
threshold=-0.15160616310974542 0.23028439575771201 0.37033133361336307 -0.24871791482634859 6.5023701351668448 6.1688049488387833
decision_type=8 10 2 2 2 2
left_child=3 2 -2 4 -1 -3
right_child=1 5 -4 -5 -6 -7
leaf_value=-0.024152655865745037 0.0038341437560351246 0.00058647389440349865 -0.014967272431652174 0.026659651398937046 0.014561499181394048 -0.031201900816997103
leaf_weight=11.324601516127588 170.61072327196598 10.032296121120451 76.772341087460518 59.032465934753418 13.508423700928686 30.158944085240364
leaf_count=52 806 49 378 295 63 155
internal_value=-0.000150066 -0.00560132 -0.00218157 0.0178057 -0.00418235 -0.0240801
internal_weight=371.44 287.574 247.383 83.8655 24.833 40.1912
internal_count=1798 1388 1184 410 115 204
is_linear=0
shrinkage=0.05


Tree=34
num_leaves=7
num_cat=0
split_feature=0 0 8 0 11 8
split_gain=23.2657 10.43 5.82052 4.69238 5.25092 4.18206
threshold=0.31750000000000006 0.66000000000000014 0.66643553613752948 0.15000000000000005 -0.52806659394253719 0.67398331734739736
decision_type=2 2 2 2 2 2
left_child=3 2 -2 -1 -5 -3
right_child=1 5 -4 4 -6 -7
leaf_value=-0.040225791774913172 0.006277420541183275 0.02609235855707398 -0.012118805425074528 -0.029659639955217743 -0.0026418171690767399 0.0033967013985408503
leaf_weight=20.738154530525208 116.82980798184872 69.096536606550217 61.451479360461235 25.342052936553955 46.87096543610096 30.244495823979378
leaf_count=154 486 396 256 122 229 155
internal_value=-0.000159151 0.00712093 -0.000221166 -0.0211565 -0.01343 0.0196765
internal_weight=370.573 277.622 178.281 92.9512 72.213 99.341
internal_count=1798 1293 742 505 351 551
is_linear=0
shrinkage=0.05


Tree=35
num_leaves=7
num_cat=0
split_feature=0 13 0 8 11 11
split_gain=21.5048 10.2166 9.46577 4.62561 3.94377 2.78444
threshold=0.31750000000000006 -0.14896856722955867 0.90750000000000008 0.73292296519293221 0.12204979129193404 0.013235027041170286
decision_type=2 8 2 2 2 2
left_child=3 4 -3 5 -2 -1
right_child=1 2 -4 -5 -6 -7
leaf_value=-0.032740207905326744 0.0080373778935984574 -0.0021895141659835069 0.03772326383425071 0.01184290893206208 0.032135334468769365 -0.012591512451595052
leaf_weight=41.510105952620506 34.639355182647705 191.58938087522984 11.071797013282774 7.1735144555568686 39.31194905936718 43.367877915501595
leaf_count=227 170 861 66 33 196 245
internal_value=-0.000185151 0.00681227 0.00084679 -0.0204799 0.0220715 -0.0237185
internal_weight=368.664 276.612 202.661 92.0515 73.9513 84.878
internal_count=1798 1293 927 505 366 472
is_linear=0
shrinkage=0.05


Tree=36
num_leaves=7
num_cat=0
split_feature=0 0 13 1 13 3
split_gain=20.241 9.80002 6.68426 6.55078 8.10324 3.80867
threshold=0.56750000000000012 0.15000000000000005 0.22169622320592863 1.6398856821121541 -0.079031274077242517 0.2443593034974996
decision_type=2 2 8 2 8 2
left_child=1 -1 -3 5 -5 -2
right_child=3 2 -4 4 -6 -7
leaf_value=-0.039114263314173711 0.0089355937565877997 -0.00046901004858061215 -0.021010345910970309 0.018222047609100924 -0.027776441949848591 0.028179228032188742
leaf_weight=19.886335283517838 54.713195770978928 157.70949569344521 47.991041928529739 13.837847232818602 14.79374271631241 58.195892423391342
leaf_count=154 282 683 225 70 67 317
internal_value=-0.000148429 -0.00938077 -0.00564627 0.0143841 -0.00614112 0.0196285
internal_weight=367.128 225.587 205.701 141.541 28.6316 112.909
internal_count=1798 1062 908 736 137 599
is_linear=0
shrinkage=0.05


Tree=37
num_leaves=7
num_cat=0
split_feature=0 13 0 0 11 9
split_gain=18.6181 9.05722 8.82318 4.50477 4.76437 3.77666
threshold=0.31750000000000006 -0.14604044638780408 0.90750000000000008 0.15000000000000005 -0.52806659394253719 1.1326863363297079
decision_type=2 8 2 2 2 2
left_child=3 5 -3 -1 -5 -2
right_child=1 2 -4 4 -6 -7
leaf_value=-0.038401230396163305 0.0279335728010866 -0.00225157701079608 0.036683077621648748 -0.027497137271493933 -0.0016489582468837587 0.0034458661302467679
leaf_weight=19.349348410964012 49.97955110669136 189.87667797505856 10.726841196417807 24.660898819565773 46.422473967075348 24.248675778508186
leaf_count=154 256 856 66 122 229 115
internal_value=-0.000164036 0.00634199 0.000671823 -0.0192327 -0.0118342 0.0206563
internal_weight=365.264 274.832 200.604 90.4327 71.0834 74.2282
internal_count=1798 1293 922 505 351 371
is_linear=0
shrinkage=0.05


Tree=38
num_leaves=7
num_cat=0
split_feature=0 0 9 8 3 4
split_gain=17.6043 9.82973 5.54752 4.41991 5.60242 4.91651
threshold=0.64750000000000008 0.15000000000000005 -1.1905051159563214 0.68828359646233672 0.22941573387056721 0.059476793437127265
decision_type=2 2 2 2 2 2
left_child=1 -1 -3 5 -5 -2
right_child=3 2 -4 4 -6 -7
leaf_value=-0.037701352843532217 0.027281672756320343 -0.022812573248614527 -0.00094187429746572294 -0.02525441783121379 0.015540129380347212 -0.0073814370385233558
leaf_weight=18.829211369156837 66.751462832093239 28.60783988237381 214.8625475615263 9.1563555896282214 15.776410549879072 9.7659252882003766
leaf_count=154 401 127 944 47 80 45
internal_value=-0.000158085 -0.00700397 -0.00391904 0.0170396 -0.00115734 0.0226762
internal_weight=363.75 262.3 243.47 101.45 24.9328 76.5174
internal_count=1798 1225 1071 573 127 446
is_linear=0
shrinkage=0.05


Tree=39
num_leaves=7
num_cat=0
split_feature=0 8 4 8 12 13
split_gain=16.4251 8.33357 6.00422 5.52661 4.78129 3.62748
threshold=0.38000000000000006 0.65755058361478902 0.059476793437127265 0.73086941612451428 -0.49998190155076788 0.22169622320592863
decision_type=2 2 2 2 2 8
left_child=3 2 -2 5 -3 -1
right_child=1 4 -4 -5 -6 -7
leaf_value=-0.011464903207338999 0.018557184858103468 0.0095674506288130623 -0.008028869261209581 0.013018167031948273 -0.012750979957057399 -0.032192294382648624
leaf_weight=77.724629610776901 126.91046024858952 34.31814843416214 22.368655100464821 12.276447430253027 57.798955395817757 30.661068059504032
leaf_count=400 635 159 96 55 269 184
internal_value=-0.000185148 0.00731981 0.0144423 -0.0148934 -0.00437177 -0.0184895
internal_weight=362.058 241.396 149.279 120.662 92.1171 108.386
internal_count=1798 1159 731 639 428 584
is_linear=0
shrinkage=0.05


Tree=40
num_leaves=7
num_cat=0
split_feature=0 0 1 13 13 3
split_gain=15.5145 8.21041 5.99354 7.29318 5.6415 3.47348
threshold=0.56750000000000012 0.15000000000000005 1.6398856821121541 -0.079031274077242517 0.22169622320592863 0.2443593034974996
decision_type=2 2 2 8 8 2
left_child=1 -1 5 -4 -3 -2
right_child=2 4 3 -5 -6 -7
leaf_value=-0.036670951005331555 0.0076599129622748306 -0.00025324061212326652 0.016685578524046538 -0.027235807371549625 -0.019243705389699411 0.026097834623676874
leaf_weight=18.073955073952675 53.843967065215111 157.23204028606415 13.504634007811545 14.773523613810541 47.11576072871685 56.252543821930885
leaf_count=154 282 683 70 67 225 317
internal_value=-0.00019305 -0.00831111 0.0126906 -0.00690505 -0.00498684 0.017805
internal_weight=360.796 222.422 138.375 28.2782 204.348 110.097
internal_count=1798 1062 736 137 908 599
is_linear=0
shrinkage=0.05


Tree=41
num_leaves=7
num_cat=0
split_feature=0 0 9 5 13 4
split_gain=14.436 8.62821 4.97724 4.13714 4.07442 3.9774
threshold=0.64750000000000008 0.15000000000000005 -1.1905051159563214 0.3050000000000001 -0.11790950347537912 0.058922612779853362
decision_type=2 2 2 2 10 2
left_child=1 -1 -3 5 -5 -2
right_child=3 2 -4 4 -6 -7
leaf_value=-0.036000738816221921 0.022955576640413679 -0.021564151322788674 -0.00075746511694006595 0.013360783200880862 -0.030013984923466849 -0.0077788061623464497
leaf_weight=17.595214866101742 77.198268353939056 28.275392383337021 214.0294289290905 7.0015689432621002 5.397849574685095 9.6026197224855405
leaf_count=154 459 127 944 41 29 44
internal_value=-0.000206866 -0.00640584 -0.00357236 0.0155622 -0.00872044 0.019317
internal_weight=359.1 259.9 242.305 99.2003 12.3994 86.8009
internal_count=1798 1225 1071 573 70 503
is_linear=0
shrinkage=0.05


Tree=42
num_leaves=7
num_cat=0
split_feature=0 13 0 11 8 11
split_gain=13.5204 7.76082 7.75645 3.87194 3.83834 2.89384
threshold=0.31750000000000006 -0.14896856722955867 0.90750000000000008 0.12204979129193404 0.73292296519293221 0.013235027041170286
decision_type=2 8 2 2 2 2
left_child=4 3 -3 -2 5 -1
right_child=1 2 -4 -5 -6 -7
leaf_value=-0.029181910897441689 0.0052804764980265784 -0.0025717164650613088 0.034684302308586074 0.028943623072465476 0.012130153353310819 -0.0090327096122300703
leaf_weight=38.860474854707718 33.59768608212471 189.16718618571758 10.053601309657095 37.69102056324482 7.1290034949779502 41.032734081149101
leaf_count=227 170 861 66 196 33 245
internal_value=-0.000238264 0.00530736 0.000111549 0.0188684 -0.0168286 -0.0199749
internal_weight=357.532 270.509 199.221 71.2887 87.0222 79.8932
internal_count=1798 1293 927 366 505 472
is_linear=0
shrinkage=0.05


Tree=43
num_leaves=7
num_cat=0
split_feature=0 0 9 8 12 4
split_gain=12.5282 8.14826 4.38406 3.5735 5.71504 4.09282
threshold=0.66000000000000014 0.15000000000000005 -0.86880303778761203 0.67398331734739736 -0.48097135861775647 0.059476793437127265
decision_type=2 2 2 2 2 2
left_child=1 -1 -3 5 -5 -2
right_child=3 2 -4 4 -6 -7
leaf_value=-0.035028742283971737 0.025913494103036588 -0.014105440063405202 0.00082915182222069277 0.022188435102324329 -0.016376982940503586 -0.0081005452395443572
leaf_weight=16.913213297724724 55.595462784171104 61.676822125911713 184.9415186047554 11.959918588399889 17.158588200807571 7.969929724931716
leaf_count=154 359 278 815 64 91 37
internal_value=-0.000199349 -0.0057744 -0.00311192 0.0151366 0.00039343 0.021369
internal_weight=356.215 263.532 246.618 92.6839 29.1185 63.5654
internal_count=1798 1247 1093 551 155 396
is_linear=0
shrinkage=0.05


Tree=44
num_leaves=7
num_cat=0
split_feature=0 8 12 12 0 11
split_gain=11.8299 7.07422 8.37479 6.57735 3.67523 4.37254
threshold=0.31750000000000006 0.66574418385534895 -0.21643177949537343 -0.35224931767516193 0.15000000000000005 -0.52806659394253719
decision_type=2 2 2 2 2 2
left_child=4 3 -3 -2 -1 -6
right_child=1 2 -4 -5 5 -7
leaf_value=-0.034384414303677606 -0.00088994626865274368 0.008748120531502989 -0.01972274216598241 0.018588799946571481 -0.024702571376056966 0.00018631875913165368
leaf_weight=16.473563969135284 71.491996288299561 46.692247375845909 47.44006384909153 103.35917809605598 23.723877087235451 45.566685900092125
leaf_count=154 352 217 219 505 122 229
internal_value=-0.000206663 0.00497892 -0.00587146 0.0108211 -0.0158486 -0.00942424
internal_weight=354.748 268.983 94.1323 174.851 85.7641 69.2906
internal_count=1798 1293 436 857 505 351
is_linear=0
shrinkage=0.05


Tree=45
num_leaves=7
num_cat=0
split_feature=0 0 8 5 2 4
split_gain=11.2303 7.26922 4.22215 3.13322 3.77591 2.70465
threshold=0.66000000000000014 0.15000000000000005 0.48444947825935852 0.27250000000000008 0.12041988833950518 0.058922612779853362
decision_type=2 2 2 2 2 2
left_child=1 -1 -3 5 -5 -2
right_child=3 2 -4 4 -6 -7
leaf_value=-0.033749806746168398 0.021232426476613466 -0.020155563020945354 -0.00056781330465145653 -0.025167192438438679 0.014204251358029638 -0.0066103620193189551
leaf_weight=16.049015007913113 69.246028557419777 26.501607820391655 219.72104635834694 6.581234782934188 8.1672970950603467 7.5664344131946555
leaf_count=154 430 117 976 37 49 35
internal_value=-0.00023413 -0.00551099 -0.00303528 0.0143839 -0.00528827 0.0182534
internal_weight=353.833 262.272 246.223 91.561 14.7485 76.8125
internal_count=1798 1247 1093 551 86 465
is_linear=0
shrinkage=0.05


Tree=46
num_leaves=7
num_cat=0
split_feature=0 0 13 13 6 8
split_gain=10.529 5.24584 5.74607 4.73402 5.35283 3.59146
threshold=0.41000000000000009 0.90750000000000008 -0.14604044638780408 0.22169622320592863 7.0514871958018501 0.7124201401232243
decision_type=2 2 8 8 2 2
left_child=3 2 -2 4 -1 -5
right_child=1 -3 -4 5 -6 -7
leaf_value=-0.01095949371973632 0.016526859030935686 0.033520635319179717 -0.0012541050192493412 -0.031303573491762507 0.015424244843115074 0.010430597858672256
leaf_weight=78.614670254290104 60.117322847247124 11.630118906497954 148.27118238806725 30.026957280933857 20.261828720569611 3.5698089078068724
leaf_count=395 319 81 690 189 106 18
internal_value=-0.000258444 0.00640578 0.00414252 -0.0111572 -0.00507073 -0.0260924
internal_weight=352.492 220.019 208.389 132.473 98.8765 33.5968
internal_count=1798 1090 1009 708 501 207
is_linear=0
shrinkage=0.05


Tree=47
num_leaves=7
num_cat=0
split_feature=0 0 1 0 13 3
split_gain=9.75045 6.15106 5.34367 6.63736 4.54165 3.31759
threshold=0.56750000000000012 0.15000000000000005 1.6398856821121541 0.7875000000000002 0.22169622320592863 0.2443593034974996
decision_type=2 2 2 2 8 2
left_child=1 -1 5 -4 -3 -2
right_child=2 4 3 -5 -6 -7
leaf_value=-0.032879595854014253 0.0054067863997575016 0.00026625385759114896 -0.024554685757214409 0.018617556697301998 -0.016916985683703978 0.023423923566415036
leaf_weight=15.477021828293799 52.199468448758125 156.33866024017334 17.493833214044574 10.174406960606573 45.933224588632584 53.601536244153976
leaf_count=154 282 683 79 58 225 317
internal_value=-0.000224108 -0.00669793 0.0101981 -0.00825936 -0.00394979 0.0151799
internal_weight=351.218 217.749 133.469 27.6682 202.272 105.801
internal_count=1798 1062 736 137 908 599
is_linear=0
shrinkage=0.05


Tree=48
num_leaves=7
num_cat=0
split_feature=0 8 9 13 11 0
split_gain=9.1658 6.63227 5.42878 4.2137 3.57979 4.5979
threshold=0.31750000000000006 0.66574418385534895 -1.4540680762168843 -0.14896856722955867 -0.4541524814928653 0.16750000000000001
decision_type=2 2 2 10 2 2
left_child=4 2 -2 -3 -1 -6
right_child=1 3 -4 -5 5 -7
leaf_value=-0.026940748530670834 -0.01731403978348928 0.0064826616581261879 0.012594084114576604 -0.014267742107356636 -0.02613432840317927 0.0034959629393026292
leaf_weight=29.374941617250443 12.368954882025717 36.727119013667107 160.52345749735832 56.679758816957474 13.726532734930514 40.389096140861511
leaf_count=177 62 180 795 256 128 200
internal_value=-0.000232397 0.00432866 0.0100279 -0.00619396 -0.0142028 -0.00559457
internal_weight=349.79 266.299 172.892 93.4069 83.4906 54.1156
internal_count=1798 1293 857 436 505 328
is_linear=0
shrinkage=0.05


Tree=49
num_leaves=7
num_cat=0
split_feature=0 0 8 8 12 4
split_gain=8.72033 6.15371 4.01235 2.97581 3.71881 3.56718
threshold=0.66000000000000014 0.15000000000000005 0.48444947825935852 0.68828359646233672 -0.53728015976745558 0.059476793437127265
decision_type=2 2 2 2 2 2
left_child=1 -1 -3 5 -5 -2
right_child=3 2 -4 4 -6 -7
leaf_value=-0.031773389990340128 0.022210715241341706 -0.019434259398887627 -0.00028523290232954979 0.018179433712338332 -0.01574537991531846 -0.0083869253685806815
leaf_weight=14.779435575008391 57.235879465937614 26.296179667115211 218.50910697877407 8.7031706273555773 14.784454166889189 8.5506835728883726
leaf_count=154 387 117 976 47 77 40
internal_value=-0.000266131 -0.00491499 -0.00268998 0.0127952 -0.00219035 0.0179223
internal_weight=348.859 259.585 244.805 89.2742 23.4876 65.7866
internal_count=1798 1247 1093 551 124 427
is_linear=0
shrinkage=0.05


Tree=50
num_leaves=7
num_cat=0
split_feature=0 0 4 6 12 10
split_gain=8.11016 6.18609 4.15135 3.66759 2.92065 0.857116
threshold=0.20000000000000004 0.7875000000000002 0.057418104410156282 7.0589899976483776 0.90627498150570529 0.0099999999999999898
decision_type=2 2 2 2 2 2
left_child=4 2 -2 -3 5 -1
right_child=1 3 -4 -5 -6 -7
leaf_value=-0.0024758665351969885 0.002008932656050092 0.027738202446207467 -0.014179946840894709 -0.0032863461295104274 0.010609039559566833 -0.032220128699615241
leaf_weight=3.6345265209674897 236.97331465780735 28.519540823996067 42.360353797674179 11.946205750107763 2.8679744079709044 21.34395857155323
leaf_count=26 1101 192 184 79 27 189
internal_value=-0.000278156 0.00212014 -0.000652259 0.019225 -0.0239512 -0.0290269
internal_weight=347.646 319.799 279.334 40.4657 27.8465 24.9785
internal_count=1798 1556 1285 271 242 215
is_linear=0
shrinkage=0.05


Tree=51
num_leaves=7
num_cat=0
split_feature=0 0 13 13 6 8
split_gain=7.71204 4.71337 4.78227 4.06065 5.11403 3.82638
threshold=0.41000000000000009 0.90750000000000008 -0.14604044638780408 0.22169622320592863 7.0514871958018501 0.71709331907622376
decision_type=2 2 8 8 2 2
left_child=3 2 -2 4 -1 -5
right_child=1 -3 -4 5 -6 -7
leaf_value=-0.0099492791151674469 0.014783034650448704 0.031718759833260349 -0.0015596391092653743 -0.029376713609421679 0.015934373204703894 0.013249914812490613
leaf_weight=77.541001163423061 58.818614587187767 10.936034105718134 147.24469834566116 28.861536309123039 20.026644475758076 3.2648630961775771
leaf_count=395 319 81 690 191 106 16
internal_value=-0.000273574 0.00545703 0.0033449 -0.00970846 -0.00411864 -0.0238437
internal_weight=346.693 216.999 206.063 129.694 97.5676 32.1264
internal_count=1798 1090 1009 708 501 207
is_linear=0
shrinkage=0.05


Tree=52
num_leaves=6
num_cat=0
split_feature=0 0 13 1 12
split_gain=7.35013 5.78056 5.72329 1.03186 0.353499
threshold=0.15000000000000005 0.90750000000000008 -0.15255940671361665 0.96107446232714178 0.90627498150570529
decision_type=2 2 8 2 2
left_child=4 2 -2 -3 -1
right_child=1 3 -4 -5 -6
leaf_value=-0.033143280909931051 0.011835331780419917 0.00094978813115697734 -0.0036371970244948836 0.03691342760222685 -0.0030220238587736316
leaf_weight=11.824053049087523 73.297167502343655 2.6733012124896041 247.54370545595884 8.0311196222901327 2.1750593185424796
leaf_count=131 383 21 1180 60 23
internal_value=-0.000236359 0.00147509 2.49255e-05 0.0310939 -0.0304902
internal_weight=345.544 331.545 320.841 10.7044 13.9991
internal_count=1798 1644 1563 81 154
is_linear=0
shrinkage=0.05


Tree=53
num_leaves=6
num_cat=0
split_feature=0 0 13 3 1
split_gain=6.97612 5.50735 5.20596 1.1311 0.99725
threshold=0.15000000000000005 0.90750000000000008 -0.15255940671361665 -1.4185390885838174 0.96107446232714178
decision_type=2 2 8 2 2
left_child=3 2 -2 -1 -3
right_child=1 4 -4 -5 -6
leaf_value=2.9792979090564177e-05 0.011312287542173878 0.00093346494795132405 -0.0034599124739512887 -0.034990423837411043 0.036342916736117802
leaf_weight=2.6839714944362631 73.088516913354397 2.671524763107298 247.47436416149139 11.000130265951155 7.8328652828931808
leaf_count=29 383 21 1180 125 60
internal_value=-0.000218032 0.0014383 3.01648e-05 -0.0299518 0.0305426
internal_weight=344.751 331.067 320.563 13.6841 10.5044
internal_count=1798 1644 1563 154 81
is_linear=0
shrinkage=0.05


Tree=54
num_leaves=7
num_cat=0
split_feature=0 0 13 8 13 3
split_gain=6.64672 4.89206 4.50971 3.70222 2.57284 1.00155
threshold=0.24000000000000002 0.90750000000000008 -0.15255940671361665 0.68001285129558886 0.25015236952841902 -1.6499952187498976
decision_type=2 2 8 2 8 2
left_child=3 2 -2 5 -5 -1
right_child=1 -3 -4 4 -6 -7
leaf_value=0.00097376100550104349 0.011518336124232038 0.030004916463848414 -0.0025599287425758918 0.022433685608537261 -0.016146416229125753 -0.027274591200273188
leaf_weight=3.0808141231536821 70.968389272689819 10.309574373066424 221.82083542644978 5.4899045154452306 2.8331626951694489 29.479316174983982
leaf_count=22 373 81 1026 33 20 243
internal_value=-0.000200423 0.00244645 0.000988566 -0.0179519 0.00817002 -0.0248279
internal_weight=343.982 303.099 292.789 40.8832 8.32307 32.5601
internal_count=1798 1480 1399 318 53 265
is_linear=0
shrinkage=0.05


Tree=55
num_leaves=6
num_cat=0
split_feature=0 0 13 3 2
split_gain=6.34602 4.96851 4.64583 1.1005 0.207345
threshold=0.15000000000000005 0.90750000000000008 0.25015236952841902 -1.4185390885838174 0.070372888761928445
decision_type=2 2 10 2 2
left_child=3 2 -2 -1 -3
right_child=1 4 -4 -5 -6
leaf_value=0.00026366593642030068 0.0018428399023340493 0.033672744811217514 -0.019687536441646461 -0.034087642834225017 0.0058983427068231079
leaf_weight=2.6551946476101866 297.50029760599136 6.7202384248375875 22.318029776215553 10.477874912321566 3.3758164271712303
leaf_count=29 1448 54 115 125 27
internal_value=-0.000177835 0.00138451 6.04489e-05 -0.0289849 0.0294154
internal_weight=343.047 329.914 319.818 13.1331 10.0961
internal_count=1798 1644 1563 154 81
is_linear=0
shrinkage=0.05


Tree=56
num_leaves=7
num_cat=0
split_feature=0 1 13 2 13 3
split_gain=6.11614 4.85777 5.88896 4.20166 5.27525 3.00883
threshold=0.56750000000000012 1.6398856821121541 -0.070760184980631649 0.022836901693958793 0.22169622320592863 0.2443593034974996
decision_type=2 2 8 2 8 2
left_child=3 5 -3 -1 -5 -2
right_child=1 2 -4 4 -6 -7
leaf_value=-0.026784987900172426 0.0038736903046907483 0.012538050707442598 -0.02784891622132394 0.001722985423222196 -0.01662624574181689 0.021112649273859897
leaf_weight=15.767012901604174 51.019729934632778 13.104929141700266 13.952472090721132 149.65910569578409 47.690233081579208 51.25118450075388
leaf_count=81 282 72 65 708 273 317
internal_value=-0.000178446 0.00821725 -0.00938333 -0.0053449 -0.00301244 0.0130941
internal_weight=342.445 129.328 27.0574 213.116 197.349 102.271
internal_count=1798 736 137 1062 981 599
is_linear=0
shrinkage=0.05


Tree=57
num_leaves=6
num_cat=0
split_feature=0 0 9 3 1
split_gain=5.92337 4.67857 3.1346 1.06999 1.06074
threshold=0.15000000000000005 0.90750000000000008 -1.7774692772758873 -1.4185390885838174 0.96107446232714178
decision_type=2 2 2 2 2
left_child=3 2 -2 -1 -3
right_child=1 4 -4 -5 -6
leaf_value=0.00035889557551136016 -0.025899444625790736 -0.00021134538303960922 0.00094860527499884123 -0.03345390718206874 0.034828233248415684
leaf_weight=2.6433706283569327 6.257105126976966 2.5472029000520688 312.53696902096272 10.122396633028982 7.2987839207053185
leaf_count=29 33 21 1530 125 60
internal_value=-0.000192681 0.00130804 2.98476e-05 -0.0283219 0.0287451
internal_weight=341.406 328.64 318.794 12.7658 9.84599
internal_count=1798 1644 1563 154 81
is_linear=0
shrinkage=0.05


Tree=58
num_leaves=6
num_cat=0
split_feature=0 0 13 3 1
split_gain=5.61588 4.47032 4.05705 1.03518 1.02658
threshold=0.15000000000000005 0.90750000000000008 0.25015236952841902 -1.4185390885838174 0.96107446232714178
decision_type=2 2 10 2 2
left_child=3 2 -2 -1 -3
right_child=1 4 -4 -5 -6
leaf_value=0.00035265342954236638 0.0016715648903051679 -0.00020776722912336796 -0.018545431124225353 -0.032948995182660715 0.034305227958424653
leaf_weight=2.6441252231597892 296.74208656698465 2.547588646411894 22.038849659264088 9.8472653254866582 7.1203230991959572
leaf_count=29 1448 21 115 125 60
internal_value=-0.000200468 0.00125104 9.06278e-06 -0.0278141 0.02824
internal_weight=340.94 328.449 318.781 12.4914 9.66791
internal_count=1798 1644 1563 154 81
is_linear=0
shrinkage=0.05


Tree=59
num_leaves=7
num_cat=0
split_feature=0 6 3 6 0 5
split_gain=5.39471 3.93909 6.83788 3.50588 3.30636 3.2813
threshold=0.41000000000000009 7.0589899976483776 -0.99999999999999911 5.863374937834398 0.90750000000000008 -0.050000000000000003
decision_type=2 2 2 2 2 2
left_child=1 3 -3 -1 5 -2
right_child=4 2 -4 -5 -6 -7
leaf_value=0.0077141863807567643 0.01495231528126306 -0.021972193054131992 0.022850161462720869 -0.016527721113984335 0.027746805606711611 -0.00034220871501907182
leaf_weight=14.824262939393519 39.470889657735825 8.5542152076959628 18.778614558279514 84.383924826979637 9.4948097541928274 164.85878527909517
leaf_count=75 173 57 103 473 81 836
internal_value=-0.000202264 -0.00820166 0.00759381 -0.012709 0.004611 0.00289885
internal_weight=340.366 126.541 27.3328 99.2082 213.824 204.33
internal_count=1798 708 160 548 1090 1009
is_linear=0
shrinkage=0.05


Tree=60
num_leaves=6
num_cat=0
split_feature=0 0 6 6 3
split_gain=5.23966 4.1265 3.8768 3.49823 1.03101
threshold=0.15000000000000005 0.7875000000000002 7.0589899976483776 6.8569197263604496 -1.4185390885838174
decision_type=2 2 2 2 2
left_child=4 3 -3 -2 -1
right_child=1 2 -4 -5 -6
leaf_value=0.00062649206242964943 -0.0048277042435799725 0.024849650309630864 -0.0069268298802241989 0.0065169099585243653 -0.032337920380295739
leaf_weight=2.6111992821097365 190.63445097208023 26.563620895147324 11.176803328096865 99.190816082060337 9.5215407684445363
leaf_count=29 905 192 79 468 125
internal_value=-0.000168264 0.0012233 0.0157296 -0.000900408 -0.027131
internal_weight=339.698 327.566 37.7404 289.825 12.1327
internal_count=1798 1644 271 1373 154
is_linear=0
shrinkage=0.05


Tree=61
num_leaves=6
num_cat=0
split_feature=0 0 13 1 3
split_gain=4.97329 3.97137 3.82126 1.04196 0.997474
threshold=0.15000000000000005 0.90750000000000008 -0.15255940671361665 0.96107446232714178 -1.4185390885838174
decision_type=2 2 8 2 2
left_child=4 2 -2 -3 -1
right_child=1 3 -4 -5 -6
leaf_value=0.00061563720685029507 0.0097552856397426623 -0.00082554871093999519 -0.0029712258093640056 0.033241213462414453 -0.031848290653371955
leaf_weight=2.6125052720308295 72.117789626121521 2.4806676059961301 245.82605970650911 6.7557350844144821 9.2678581699728948
leaf_count=29 383 21 1180 60 125
internal_value=-0.000168796 0.00117901 2.18156e-05 0.0270152 -0.0266416
internal_weight=339.061 327.18 317.944 9.2364 11.8804
internal_count=1798 1644 1563 81 154
is_linear=0
shrinkage=0.05


Tree=62
num_leaves=6
num_cat=0
split_feature=0 0 13 1 3
split_gain=4.72713 3.79103 3.68977 1.00919 0.964993
threshold=0.15000000000000005 0.90750000000000008 0.23028439575771201 0.96107446232714178 -1.4185390885838174
decision_type=2 2 10 2 2
left_child=4 2 -2 -3 -1
right_child=1 3 -4 -5 -6
leaf_value=0.00060496823644558837 0.0018747725428443893 -0.00081169572637236555 -0.01519738765828452 0.032751877699930189 -0.031365345647907793
leaf_weight=2.6137890666723242 287.21430081874132 2.4821525514125806 30.493449285626411 6.5926874056458473 9.0232496336102468
leaf_count=29 1406 21 157 60 125
internal_value=-0.000154916 0.00115147 2.61154e-05 0.0265445 -0.0261608
internal_weight=338.42 326.783 317.708 9.07484 11.637
internal_count=1798 1644 1563 81 154
is_linear=0
shrinkage=0.05


Tree=63
num_leaves=7
num_cat=0
split_feature=13 6 13 8 9 1
split_gain=3.65571 3.67465 3.65596 3.67145 2.21014 1.77929
threshold=0.23028439575771201 6.1688049488387833 0.19174920662507364 0.64684101120725568 -0.85794778754427148 -1.2670115340720551
decision_type=10 2 10 2 2 2
left_child=2 -2 3 -1 -3 -4
right_child=1 4 5 -5 -6 -7
leaf_value=0.0049288232524048355 0.0094816846131685426 -0.029564031181042089 -0.0030071154969394144 -0.0062924908065902733 0.0031113182628421734 0.031998760422068055
leaf_weight=172.13749673962593 8.8418036922812444 19.776140797883272 3.8218116313219062 118.87679519504309 5.4192642569541958 9.003025293350218
leaf_count=937 49 113 20 591 42 46
internal_value=-0.00015657 -0.0145713 0.00166798 0.000316153 -0.0231845 0.0236497
internal_weight=337.876 34.0372 303.839 291.014 25.1954 12.8248
internal_count=1798 204 1594 1528 155 66
is_linear=0
shrinkage=0.05


Tree=64
num_leaves=7
num_cat=0
split_feature=0 1 0 2 3 2
split_gain=4.54433 4.53571 4.84566 4.08329 4.94972 4.47948
threshold=0.56750000000000012 1.6398856821121541 0.7875000000000002 0.073323857519935684 -1.0906775638237038 0.058442573479364109
decision_type=2 2 2 2 2 2
left_child=3 -2 -3 5 -5 -1
right_child=1 2 -4 4 -6 -7
leaf_value=-0.0035833633293766848 0.011946953344076937 -0.023241904313803973 0.014631758774111917 -0.013221013114286022 0.014742734906112574 -0.02291500518974901
leaf_weight=111.18786019831896 100.37757206708193 17.453127279877666 9.3027779757976514 19.035583399236202 43.097892366349697 37.323009788990021
leaf_count=565 599 79 58 104 208 185
internal_value=-0.000141472 0.00716217 -0.00984317 -0.00461341 0.00582898 -0.00902982
internal_weight=337.778 127.133 26.7559 210.644 62.1335 148.511
internal_count=1798 736 137 1062 312 750
is_linear=0
shrinkage=0.05


Tree=65
num_leaves=6
num_cat=0
split_feature=0 0 13 1 3
split_gain=4.44469 3.51821 3.38361 0.98923 0.949119
threshold=0.15000000000000005 0.90750000000000008 -0.29447619684762982 0.96107446232714178 -1.4185390885838174
decision_type=2 2 8 2 2
left_child=4 2 -2 -3 -1
right_child=1 3 -4 -5 -6
leaf_value=0.00074518822704554841 0.020588810021468174 -0.00099420151266426315 -0.001227518974155936 0.032049827218874775 -0.030833284573575828
leaf_weight=2.5969147607684127 13.86173280328512 2.4625196233391744 302.85811856389046 6.3596854209899902 8.7587868869304639
leaf_count=29 84 21 1479 60 125
internal_value=-0.000150547 0.00111059 3.24473e-05 0.0258032 -0.0255915
internal_weight=336.898 325.542 316.72 8.82221 11.3557
internal_count=1798 1644 1563 81 154
is_linear=0
shrinkage=0.05


Tree=66
num_leaves=6
num_cat=0
split_feature=0 4 8 0 3
split_gain=4.23017 3.38894 3.81187 3.29404 0.918181
threshold=0.15000000000000005 0.058922612779853362 0.58035895506269186 0.56750000000000012 -1.4185390885838174
decision_type=2 2 2 2 2
left_child=4 3 -3 -2 -1
right_child=1 2 -4 -5 -6
leaf_value=0.00073229821508534649 -0.0011207609380398441 0.008034474283137116 -0.01989358149368416 0.0098551103072980553 -0.030364163204644926
leaf_weight=2.5984620600938788 171.66849609464407 15.160752803087233 30.808299593627453 107.62248239666224 8.5324193909764272
leaf_count=29 785 68 140 651 125
internal_value=-0.000128318 0.00109468 -0.0107982 0.00320764 -0.025128
internal_weight=336.391 325.26 45.9691 279.291 11.1309
internal_count=1798 1644 208 1436 154
is_linear=0
shrinkage=0.05


Tree=67
num_leaves=7
num_cat=0
split_feature=0 0 13 1 3 8
split_gain=4.01467 3.30473 3.20506 0.970901 0.888218 0.000691655
threshold=0.15000000000000005 0.90750000000000008 0.23028439575771201 0.96107446232714178 -1.4185390885838174 0.47862070263993023
decision_type=2 2 8 2 2 2
left_child=4 2 -2 -3 -1 -6
right_child=1 3 -4 -5 5 -7
leaf_value=0.00071962958988258262 0.0025505013030988257 -0.0011423549029322521 -0.0096377345444474821 0.031443182367702383 -0.0033967624000122497 -0.03141848929696852
leaf_weight=2.5999832376837722 252.85233964025974 2.4466780647635442 63.205160930752754 6.1622024774551392 1.3268822878599147 6.9872712418437004
leaf_count=29 1235 21 328 60 20 105
internal_value=-0.000146414 0.00103977 9.63979e-07 0.0251651 -0.0246726 -0.0299015
internal_weight=335.581 324.666 316.058 8.60888 10.9141 8.31415
internal_count=1798 1644 1563 81 154 125
is_linear=0
shrinkage=0.05


Tree=68
num_leaves=6
num_cat=0
split_feature=0 0 13 1 3
split_gain=3.83599 3.16132 3.12343 0.941007 0.861944
threshold=0.15000000000000005 0.90750000000000008 -0.15255940671361665 0.96107446232714178 -1.4185390885838174
decision_type=2 2 8 2 2
left_child=4 2 -2 -3 -1
right_child=1 3 -4 -5 -6
leaf_value=0.00070717753695823473 0.0088442265628504626 -0.0011232726383497598 -0.0027119101830554524 0.030990086490972759 -0.029491064796013572
leaf_weight=2.6014787480235091 71.361355751752853 2.4487171545624715 244.58631443977356 6.0164920166134834 8.1245781034231168
leaf_count=29 383 21 1180 60 125
internal_value=-0.000147427 0.00100645 -4.6691e-06 0.024733 -0.0242707
internal_weight=335.139 324.413 315.948 8.46521 10.7261
internal_count=1798 1644 1563 81 154
is_linear=0
shrinkage=0.05


Tree=69
num_leaves=7
num_cat=0
split_feature=0 8 4 6 3 12
split_gain=3.67307 6.00026 5.29307 4.0912 7.15754 3.73645
threshold=0.38000000000000006 0.65755058361478902 0.012618914885341221 6.9413931245502987 -1.0088462938727589 0.11750128831440455
decision_type=2 2 2 2 2 2
left_child=3 2 -2 -1 -5 -3
right_child=1 5 -4 4 -6 -7
leaf_value=-0.013924236042246059 0.026291423483903377 0.002101464197480956 0.0040028007691590732 -0.022566670056702719 0.019945951891503843 -0.017914791102284614
leaf_weight=73.243142407387495 31.558684542775154 52.578512594103813 107.18139895796776 10.185103461146353 24.216615404933691 35.617970369756222
leaf_count=425 179 257 552 74 140 171
internal_value=-0.000135 0.00346455 0.0098109 -0.00754051 0.00609303 -0.00650951
internal_weight=334.581 226.937 138.74 107.645 34.4017 88.1965
internal_count=1798 1159 731 639 214 428
is_linear=0
shrinkage=0.05


Tree=70
num_leaves=7
num_cat=0
split_feature=0 4 8 8 3 8
split_gain=3.58397 3.06456 4.23622 3.19302 0.863495 0.0173653
threshold=0.15000000000000005 0.066590999661086697 0.58035895506269186 0.49098576581049852 -1.4185390885838174 0.47862070263993023
decision_type=2 2 2 2 2 2
left_child=4 3 -3 -2 -1 -6
right_child=1 2 -4 -5 5 -7
leaf_value=0.00098301419526420253 -0.010708884715879198 0.0089761010132667542 -0.023466897737181511 0.0046860952931836947 -0.0030962559457240399 -0.030505339515109215
leaf_weight=2.5684837996959686 33.899887502193451 12.585830971598623 22.173392713069916 254.87583517283201 1.292320504784582 6.5904406867921352
leaf_count=29 176 56 102 1310 20 105
internal_value=-0.000130411 0.000978299 -0.0120682 0.00272735 -0.0236624 -0.0289575
internal_weight=333.986 323.535 34.7592 288.776 10.4512 7.88276
internal_count=1798 1644 158 1486 154 125
is_linear=0
shrinkage=0.05


Tree=71
num_leaves=7
num_cat=0
split_feature=0 0 13 1 3 8
split_gain=3.41714 2.95118 3.04338 0.935334 0.838011 0.0143686
threshold=0.15000000000000005 0.90750000000000008 -0.29447619684762982 0.96107446232714178 -1.4185390885838174 0.47862070263993023
decision_type=2 2 8 2 2 2
left_child=4 2 -2 -3 -1 -6
right_child=1 3 -4 -5 5 -7
leaf_value=0.00096606934070559878 0.019576489422786864 -0.0013777474425201944 -0.0012471071324444425 0.030368900397277722 -0.0030661776079739939 -0.030095555944046892
leaf_weight=2.5705090537667274 13.61127884685993 2.4214209765195829 301.63246779888868 5.8162615895271301 1.2888831049203853 6.4186183176934719
leaf_count=29 84 21 1479 60 20 105
internal_value=-0.000163614 0.000913881 -5.63947e-05 0.0240415 -0.0232765 -0.0285605
internal_weight=333.759 323.481 315.244 8.23768 10.278 7.7075
internal_count=1798 1644 1563 81 154 125
is_linear=0
shrinkage=0.05


Tree=72
num_leaves=7
num_cat=0
split_feature=0 0 13 1 3 8
split_gain=3.27405 2.82002 2.93858 0.906885 0.813342 0.0115334
threshold=0.15000000000000005 0.90750000000000008 0.25015236952841902 0.96107446232714178 -1.4185390885838174 0.47862070263993023
decision_type=2 2 10 2 2 2
left_child=4 2 -2 -3 -1 -6
right_child=1 3 -4 -5 5 -7
leaf_value=0.00094941190679372544 0.0013744043466754935 -0.001354813745908792 -0.016031284678953664 0.029936632666448099 -0.0030364392142095548 -0.029691856401636782
leaf_weight=2.5725004598498344 293.72612209618092 2.4238656535744649 21.391438066959381 5.6808725818991661 1.2854865305125693 6.2527923323214054
leaf_count=29 1448 21 115 60 20 105
internal_value=-0.000144352 0.000905402 -3.91049e-05 0.023632 -0.0228984 -0.0281699
internal_weight=333.333 323.222 315.118 8.10474 10.1108 7.53828
internal_count=1798 1644 1563 81 154 125
is_linear=0
shrinkage=0.05


Tree=73
num_leaves=7
num_cat=0
split_feature=0 8 6 9 5 2
split_gain=3.16337 3.52479 4.83059 3.88917 3.26956 2.42309
threshold=0.66000000000000014 0.48444947825935852 6.8569197263604496 -1.0000000180025095e-35 0.3050000000000001 0.12041988833950518
decision_type=2 2 2 2 2 2
left_child=1 3 -3 -1 -2 -6
right_child=4 2 -4 -5 5 -7
leaf_value=-0.034166417641250668 0.011896804656890705 -0.0059912377498697357 0.0090763356558730603 0.00039064997328251401 -0.031377331176593339 0.0055836506927639589
leaf_weight=12.691964101046326 72.031882710754871 145.93565660715103 77.165981978178024 14.87622409313917 3.7939195334911329 6.4264528527855873
leaf_count=68 484 709 394 76 22 45
internal_value=-0.000150706 -0.00295393 -0.000694977 -0.0183218 0.00807205 -0.0139371
internal_weight=332.922 250.67 223.102 27.5682 82.2523 10.2204
internal_count=1798 1247 1103 144 551 67
is_linear=0
shrinkage=0.05


Tree=74
num_leaves=7
num_cat=0
split_feature=0 4 2 8 3 8
split_gain=3.1159 2.77567 4.01788 3.94086 0.788971 0.0224534
threshold=0.15000000000000005 0.066590999661086697 0.088282205298865199 0.58035895506269186 -1.4185390885838174 0.47862070263993023
decision_type=2 2 2 2 2 2
left_child=4 2 -2 -3 -1 -6
right_child=1 3 -4 -5 5 -7
leaf_value=0.00093979037936090025 -0.00023580197819795569 0.0087148746881178119 0.014968846671920027 -0.022597733728663694 -0.0028683719049764026 -0.029311960759102876
leaf_weight=2.5734135359525681 239.65801034867764 12.559971660375593 48.030956074595451 22.102677077054977 1.266188558191059 6.0996120944619179
leaf_count=29 1226 56 260 102 20 105
internal_value=-0.000176443 0.000845254 0.00251503 -0.0115833 -0.022505 -0.0277641
internal_weight=332.291 322.352 287.689 34.6626 9.93921 7.3658
internal_count=1798 1644 1486 158 154 125
is_linear=0
shrinkage=0.05


Tree=75
num_leaves=7
num_cat=0
split_feature=0 8 11 11 2 7
split_gain=3.02563 5.24041 4.97957 4.24602 3.22824 3.15854
threshold=0.31750000000000006 0.66574418385534895 -0.9575818386507996 -0.4541524814928653 0.057369999109949769 0.26460526905991749
decision_type=2 2 2 2 2 2
left_child=3 2 -2 -1 -3 -5
right_child=1 4 -4 5 -6 -7
leaf_value=-0.022955932403303014 0.030058243649656608 -0.015517255283799032 0.0042178671643356693 0.010592184595919381 0.0026284276632228508 -0.012773881488130301
leaf_weight=26.584345649927855 16.765458650887012 46.540412805974483 148.86763840168715 28.385949186980724 44.367464132606983 20.523735471069813
leaf_count=177 84 224 773 196 212 132
internal_value=-0.000190595 0.0024211 0.00763758 -0.00866468 -0.00698594 0.000511837
internal_weight=332.035 256.541 165.633 75.494 90.9079 48.9097
internal_count=1798 1293 857 505 436 328
is_linear=0
shrinkage=0.05


Tree=76
num_leaves=6
num_cat=0
split_feature=0 9 8 3 1
split_gain=2.9383 2.70005 2.98447 0.767109 0.0785924
threshold=0.15000000000000005 -1.7774692772758873 0.64684101120725568 -1.4185390885838174 -1.5932448863456738
decision_type=2 2 2 2 2
left_child=3 -2 -3 -1 -5
right_child=1 2 -4 4 -6
leaf_value=0.00098418457616530355 -0.02314457199168576 0.0058501653953421349 -0.0038065538166951306 -0.0022486488687968216 -0.028999971684404258
leaf_weight=2.5681200325489044 6.3838844299316397 177.77371134608984 137.75656169652939 1.2004916630685327 5.9657924622297269
leaf_count=29 36 934 674 21 104
internal_value=-0.000184558 0.000802568 0.00164055 -0.0220234 -0.0272845
internal_weight=331.649 321.914 315.53 9.7344 7.16628
internal_count=1798 1644 1608 154 125
is_linear=0
shrinkage=0.05


Tree=77
num_leaves=6
num_cat=0
split_feature=0 13 11 7 1
split_gain=2.85215 3.25616 3.66725 3.54634 0.904246
threshold=0.90750000000000008 0.23028439575771201 0.12204979129193404 -0.27234006522444482 0.96107446232714178
decision_type=2 8 2 2 2
left_child=1 3 -3 -1 -2
right_child=4 2 -4 -5 -6
leaf_value=0.0096049393089505716 -0.0016554482926827538 -0.019996531514527672 0.0026996596887584965 -0.0026213305995637661 0.029275527720050584
leaf_weight=84.002188052982092 2.3915646076202384 37.261659499257803 28.912385642528534 173.43035892397165 5.4749072343111038
leaf_count=409 21 219 170 919 60
internal_value=-0.000213916 -0.00111501 -0.0105872 0.00147518 0.0228829
internal_weight=331.473 323.607 66.174 257.433 7.86647
internal_count=1798 1717 389 1328 81
is_linear=0
shrinkage=0.05


Tree=78
num_leaves=7
num_cat=0
split_feature=0 4 2 11 3 9
split_gain=2.78335 2.61554 3.58204 3.08045 0.748563 0.104289
threshold=0.15000000000000005 0.066590999661086697 0.088282205298865199 -0.57355567466301804 -1.4185390885838174 1.3407763532203243
decision_type=2 2 2 2 2 2
left_child=4 2 -2 -3 -1 -6
right_child=1 3 -4 -5 5 -7
leaf_value=0.0010338452634452457 -0.00020842138487447336 0.0065564080295152554 0.014171373412054039 -0.021207364294310534 -0.028633839228469782 -0.0019079105635785708
leaf_weight=2.5620046108961105 239.29716624319553 12.94642300903797 47.83983425796032 21.66503980755806 5.8316128440201265 1.1578855104744432
leaf_count=29 1226 59 260 99 105 20
internal_value=-0.000190355 0.000765314 0.00238893 -0.0113056 -0.0215841 -0.0268484
internal_weight=331.3 321.748 287.137 34.6115 9.5515 6.9895
internal_count=1798 1644 1486 158 154 125
is_linear=0
shrinkage=0.05


Tree=79
num_leaves=7
num_cat=0
split_feature=0 1 1 3 6 6
split_gain=2.73269 4.75137 4.88818 3.61245 9.15616 5.71175
threshold=0.50000000000000011 -0.87622832653069038 -0.28599192177100202 -0.96225044864937614 6.6374939135673676 6.4191883779109054
decision_type=2 2 2 2 2 2
left_child=3 -2 -3 5 -5 -1
right_child=1 2 -4 4 -6 -7
leaf_value=0.0056903815251924056 0.026601804643201579 -0.021884181135214495 0.0046072477401486265 -0.014025766601062842 0.013282948959622662 -0.024682794524538514
leaf_weight=21.827747672796249 16.133822709321976 15.077255479991434 126.73797801136971 51.518686771392822 62.196411073207855 37.569654513150454
leaf_count=110 79 74 723 262 311 239
internal_value=-0.000203702 0.00447853 0.0011414 -0.0044816 0.000841077 -0.0139459
internal_weight=331.062 157.949 141.815 173.113 113.715 59.3974
internal_count=1798 876 797 922 573 349
is_linear=0
shrinkage=0.05


Tree=80
num_leaves=6
num_cat=0
split_feature=0 13 9 13 1
split_gain=2.67663 3.02384 2.63314 1.63576 0.887697
threshold=0.90750000000000008 -0.29447619684762982 1.1043705772825378 -0.39049715076617242 0.96107446232714178
decision_type=2 8 2 10 2
left_child=1 3 -3 -1 -2
right_child=4 2 -4 -5 -6
leaf_value=-0.0036241718639142498 -0.0017749365612251375 -0.00024271192731209891 -0.01287649189000771 0.027377471723291438 0.028748305614676402
leaf_weight=4.6252306774258605 2.3788715004920951 265.44458841904998 43.873959913849831 8.8255317509174329 5.3146737366914749
leaf_count=32 21 1396 236 53 60
internal_value=-0.000202432 -0.00107191 -0.00221102 0.0186239 0.0223289
internal_weight=330.463 322.769 309.319 13.4508 7.69355
internal_count=1798 1717 1632 85 81
is_linear=0
shrinkage=0.05


Tree=81
num_leaves=5
num_cat=0
split_feature=9 0 8 3
split_gain=2.58024 2.61636 2.72342 0.807067
threshold=-1.7774692772758873 0.15000000000000005 0.64684101120725568 -1.4185390885838174
decision_type=2 2 2 2
left_child=-1 3 -3 -2
right_child=1 2 -4 -5
leaf_value=-0.023401706019239715 0.0019991126090809631 0.0056021562210393895 -0.0036355722852107614 -0.026006368890304572
leaf_weight=6.5384429804980746 2.4392046257853508 177.20765295624733 137.39008224755526 6.6475777961313707
leaf_count=39 28 934 674 123
internal_value=-0.000163987 0.000654265 0.00157412 -0.0204475
internal_weight=330.223 323.685 314.598 9.08678
internal_count=1798 1759 1608 151
is_linear=0
shrinkage=0.05


Tree=82
num_leaves=7
num_cat=0
split_feature=13 1 13 4 0 12
split_gain=2.62162 5.81944 4.78001 4.40672 3.37548 2.80764
threshold=-0.11790950347537912 -0.24871791482634859 -0.10096673929134438 0.057418104410156282 0.38000000000000006 0.95693835190871368
decision_type=8 2 8 2 2 2
left_child=1 4 -2 -4 -1 -3
right_child=2 5 3 -5 -6 -7
leaf_value=-0.025786976661996676 -0.030823963940743535 0.019198422177991933 0.0019196234854688922 -0.016172295822301189 0.0043275313582827168 -0.0096748809950508424
leaf_weight=12.374921161681415 9.4457793980836851 53.10972885042429 195.47135827690363 35.477169170975685 17.450391799211502 6.7164835929870597
leaf_count=64 48 307 1087 169 84 39
internal_value=-0.000190087 0.00688174 -0.0029139 -0.00114338 -0.0100758 0.0154607
internal_weight=330.046 89.6515 240.394 230.949 29.8253 59.8262
internal_count=1798 494 1304 1256 148 346
is_linear=0
shrinkage=0.05


Tree=83
num_leaves=7
num_cat=0
split_feature=11 8 11 5 13 5
split_gain=2.48179 7.83999 5.83199 5.09904 4.88319 7.38076
threshold=0.12204979129193404 0.7124201401232243 -0.90164203839979595 0.090000000000000122 -0.11790950347537912 -0.022500000000000003
decision_type=2 2 2 2 10 2
left_child=1 2 -1 -3 -2 -6
right_child=4 3 -4 -5 5 -7
leaf_value=0.0064783410547803802 0.014952320973844066 0.0289365020192506 -0.015172751461596554 -0.011836916862763225 0.011451657650764424 -0.014805343721294743
leaf_weight=40.257325496524572 59.438411306589842 20.681541331112388 103.75675433501601 7.6906366273760787 45.300106942653656 52.423946648836136
leaf_count=222 339 96 578 38 263 262
internal_value=-0.000223252 -0.00430716 -0.00910617 0.0177668 0.00425094 -0.00266891
internal_weight=329.549 172.386 144.014 28.3722 157.162 97.7241
internal_count=1798 934 800 134 864 525
is_linear=0
shrinkage=0.05


Tree=84
num_leaves=6
num_cat=0
split_feature=0 13 6 7 1
split_gain=2.55252 2.91591 3.53669 3.43159 0.86349
threshold=0.90750000000000008 0.23028439575771201 6.1688049488387833 -0.27234006522444482 0.96107446232714178
decision_type=2 8 2 2 2
left_child=1 3 -3 -1 -2
right_child=4 2 -4 -5 -6
leaf_value=0.009408353190571055 -0.0017765459499100235 0.012165014326162921 -0.015073877532566546 -0.0026351190251986197 0.028326686048759965
leaf_weight=83.888521913439035 2.3782103434205046 10.874396730214356 54.931803502142429 172.37556517124176 5.1861526817083359
leaf_count=409 21 61 328 919 60
internal_value=-0.000197144 -0.00104382 -0.0100315 0.00141194 0.0219217
internal_weight=329.635 322.07 65.8062 256.264 7.56436
internal_count=1798 1717 389 1328 81
is_linear=0
shrinkage=0.05


Tree=85
num_leaves=6
num_cat=0
split_feature=0 13 6 13 1
split_gain=2.43831 2.65643 2.6193 1.58851 0.837808
threshold=0.90750000000000008 -0.29447619684762982 6.0279772316224562 -0.39049715076617242 0.96107446232714178
decision_type=2 8 2 10 2
left_child=1 3 -3 -1 -2
right_child=4 2 -4 -5 -6
leaf_value=-0.0040346520071896522 -0.0017471573870605436 0.007483287123996183 -0.0041894645976011157 0.026298710802254821 0.027932943899543435
leaf_weight=4.5838919207453719 2.3813278377056113 54.210675951093435 254.53714558854699 8.6684596091508848 5.0697332546114922
leaf_count=32 21 275 1357 53 60
internal_value=-0.000164613 -0.0009891 -0.00205334 0.0175756 0.0215549
internal_weight=329.451 322 308.748 13.2524 7.45106
internal_count=1798 1717 1632 85 81
is_linear=0
shrinkage=0.05


Tree=86
num_leaves=5
num_cat=0
split_feature=9 8 6 0
split_gain=2.41508 2.51767 5.11939 4.31578
threshold=-1.7774692772758873 0.64523777796837456 6.7367057382812652 0.38000000000000006
decision_type=2 2 2 2
left_child=-1 3 -3 -2
right_child=1 2 -4 -5
leaf_value=-0.022634392075280806 -0.0058619507322275151 -0.011546330117376149 0.0073147767081377648 0.0099544387528926609
leaf_weight=6.502902526408433 62.047264464199543 86.718928124755621 54.860722258687019 119.09548012912273
leaf_count=39 397 439 282 641
internal_value=-0.000117398 0.000674729 -0.00423762 0.00452488
internal_weight=329.225 322.722 141.58 181.143
internal_count=1798 1759 721 1038
is_linear=0
shrinkage=0.05


Tree=87
num_leaves=6
num_cat=0
split_feature=0 9 11 3 9
split_gain=2.37172 2.30712 2.08636 0.746441 0.144081
threshold=0.15000000000000005 -1.7774692772758873 0.12204979129193404 -1.4185390885838174 1.3407763532203243
decision_type=2 2 2 2 2
left_child=3 -2 -3 -1 -5
right_child=1 2 -4 4 -6
leaf_value=0.001596029637583963 -0.021478539121790347 -0.0023210047445381735 0.0057297881480101454 -0.027596734900622578 -0.0013041226319165139
leaf_weight=2.495020255446434 6.2973613142967215 165.10937984287739 148.35358991473913 5.4421471208333951 1.0909670330584047
leaf_count=29 36 845 763 105 20
internal_value=-0.000128651 0.000742726 0.00151936 -0.0202557 -0.025675
internal_weight=328.788 319.76 313.463 9.02813 6.53311
internal_count=1798 1644 1608 154 125
is_linear=0
shrinkage=0.05


Tree=88
num_leaves=6
num_cat=0
split_feature=0 13 13 11 1
split_gain=2.29822 2.58238 3.39212 3.2325 0.825472
threshold=0.90750000000000008 0.23028439575771201 0.19174920662507364 0.12204979129193404 0.96107446232714178
decision_type=2 8 10 2 2
left_child=1 2 -1 -3 -2
right_child=4 3 -4 -5 -6
leaf_value=-0.00016092348974474822 -0.0018675561415674958 -0.018320843743514548 0.022736976520445411 0.0030177682646556144 0.027468069927569658
leaf_weight=243.50160582736135 2.3684599474072447 36.851458638906479 12.319800179451702 28.673656042665243 4.9334115460515022
leaf_count=1265 21 219 63 170 60
internal_value=-0.000156554 -0.000953969 0.00135652 -0.00943118 0.0210611
internal_weight=328.648 321.347 255.821 65.5251 7.30187
internal_count=1798 1717 1328 389 81
is_linear=0
shrinkage=0.05


Tree=89
num_leaves=7
num_cat=0
split_feature=0 4 8 8 3 1
split_gain=2.26048 2.20311 3.51426 2.93633 0.72707 0.141385
threshold=0.15000000000000005 0.066590999661086697 0.58035895506269186 0.49098576581049852 -1.4185390885838174 -1.5932448863456738
decision_type=2 2 2 2 2 2
left_child=4 3 -3 -2 -1 -6
right_child=1 2 -4 -5 5 -7
leaf_value=0.0016090415506855894 -0.010726995228249908 0.0087020416308442438 -0.020872386182325776 0.0041122921161896048 -0.0012740490746610542 -0.027217158331421271
leaf_weight=2.4933298006653786 33.454118363559246 12.479497224092482 21.884105801582336 251.81897813826799 1.0910930968821047 5.298250734806059
leaf_count=29 176 56 102 1310 21 104
internal_value=-0.00012414 0.000722621 -0.010391 0.00221728 -0.0198803 -0.0252911
internal_weight=328.519 319.637 34.3636 285.273 8.88267 6.38934
internal_count=1798 1644 158 1486 154 125
is_linear=0
shrinkage=0.05


Tree=90
num_leaves=5
num_cat=0
split_feature=9 0 6 6
split_gain=2.21381 2.40771 3.41089 2.84082
threshold=-1.9354446677946526 0.7875000000000002 6.8569197263604496 7.0589899976483776
decision_type=2 2 2 2
left_child=-1 2 -2 -3
right_child=1 3 -4 -5
leaf_value=-0.024819840678671119 -0.0049364456434320475 0.020470663282831605 0.0061965773554671835 -0.0078802539669938134
leaf_weight=3.8562131747603408 189.78880289942026 23.620792411267757 101.46612339839339 9.6050205752253515
leaf_count=24 968 190 541 75
internal_value=-0.000152558 0.000512796 -0.00101885 0.0123162
internal_weight=328.337 324.481 291.255 33.2258
internal_count=1798 1774 1509 265
is_linear=0
shrinkage=0.05


Tree=91
num_leaves=6
num_cat=0
split_feature=0 9 8 3 9
split_gain=2.16374 2.09366 2.40381 0.704244 0.146644
threshold=0.15000000000000005 -1.7774692772758873 0.64684101120725568 -1.4185390885838174 1.3407763532203243
decision_type=2 2 2 2 2
left_child=3 -2 -3 -1 -5
right_child=1 2 -4 4 -6
leaf_value=0.001564993729276728 -0.020517764108263489 0.0052124834412126397 -0.0034859856835459078 -0.026894333367331658 -0.0011497093463592848
leaf_weight=2.4984414651989937 6.2721763625740996 176.14100669324398 136.85583320260048 5.1905225627124292 1.0739254765212534
leaf_count=29 36 934 674 105 20
internal_value=-0.000152863 0.000673537 0.00141412 -0.0195682 -0.0249502
internal_weight=328.032 319.269 312.997 8.76289 6.26445
internal_count=1798 1644 1608 154 125
is_linear=0
shrinkage=0.05


Tree=92
num_leaves=6
num_cat=0
split_feature=0 13 6 13 1
split_gain=2.15827 2.42236 2.47184 1.56564 1.03343
threshold=0.90750000000000008 -0.29447619684762982 6.0279772316224562 -0.39049715076617242 0.9439384017389455
decision_type=2 8 2 10 2
left_child=1 3 -3 -1 -2
right_child=4 2 -4 -5 -6
leaf_value=-0.0043679781661774162 -0.0036957757835601665 0.007313457759293482 -0.0040430087302226912 0.025601635205523006 0.027577981091727606
leaf_weight=4.543672762811183 2.1472479030489913 54.032662890851498 253.62794344127178 8.5411785505712015 4.99205082654953
leaf_count=32 19 275 1357 53 62
internal_value=-0.000179541 -0.000948324 -0.00196348 0.0168644 0.0205239
internal_weight=327.885 320.745 307.661 13.0849 7.1393
internal_count=1798 1717 1632 85 81
is_linear=0
shrinkage=0.05


Tree=93
num_leaves=7
num_cat=0
split_feature=0 8 12 8 11 13
split_gain=2.0811 3.21755 5.49351 3.19215 3.10379 1.35893
threshold=0.24000000000000002 0.66574418385534895 -0.21643177949537343 0.68001285129558886 -0.052190710773650791 0.21133953884229192
decision_type=2 2 2 2 2 8
left_child=3 4 -3 -1 -2 -5
right_child=1 2 -4 5 -6 -7
leaf_value=-0.01833914236259911 -0.0015027447415594478 0.0060997810789213541 -0.016211335392580014 0.021895033678078022 0.011022675258585088 -0.0082566987578403354
leaf_weight=27.033967304974794 92.49003329128027 48.876719959080219 52.877066977322102 4.9854810126125804 98.751158155500889 2.6541216671466827
leaf_count=265 477 238 251 31 514 22
internal_value=-0.000133937 0.0013003 -0.0057106 -0.0108899 0.00508106 0.0122974
internal_weight=327.669 292.995 101.754 34.6736 191.241 7.6396
internal_count=1798 1480 489 318 991 53
is_linear=0
shrinkage=0.05


Tree=94
num_leaves=5
num_cat=0
split_feature=9 0 6 6
split_gain=2.05674 2.11478 3.22306 2.65084
threshold=-1.9354446677946526 0.7875000000000002 6.8569197263604496 7.0589899976483776
decision_type=2 2 2 2
left_child=-1 2 -2 -3
right_child=1 3 -4 -5
leaf_value=-0.023965768601386023 -0.0047329836267521923 0.019645813174835755 0.006098749941045054 -0.0077604188241233276
leaf_weight=3.8138142824172965 189.47158807516098 23.159677289426327 101.2563324868679 9.6122375130653364
leaf_count=24 968 190 541 75
internal_value=-0.000131825 0.000509658 -0.000921117 0.0116442
internal_weight=327.314 323.5 290.728 32.7719
internal_count=1798 1774 1509 265
is_linear=0
shrinkage=0.05


Tree=95
num_leaves=6
num_cat=0
split_feature=0 13 6 13 1
split_gain=2.01701 2.31037 3.76085 2.91882 1.0088
threshold=0.90750000000000008 0.25015236952841902 5.7293362607273233 0.085874746528377885 0.9439384017389455
decision_type=2 10 2 10 2
left_child=1 3 -3 -1 -2
right_child=4 2 -4 -5 -6
leaf_value=-0.0024625630910940742 -0.0037493923601349707 0.018097749121655585 -0.022747545517190465 0.0086950743557178203 0.027085390105239165
leaf_weight=223.43159925565124 2.1410711556673041 3.2711503542959717 19.479683101177216 73.857175510376692 4.8441381566226482
leaf_count=1196 19 18 131 372 62
internal_value=-0.000133014 -0.000873806 -0.0146721 0.000407365 0.0200128
internal_weight=327.025 320.04 22.7508 297.289 6.98521
internal_count=1798 1717 149 1568 81
is_linear=0
shrinkage=0.05


Tree=96
num_leaves=7
num_cat=0
split_feature=4 13 2 5 0 2
split_gain=1.98747 3.27049 3.06263 7.45415 4.05991 2.66548
threshold=0.058922612779853362 -0.22575519701770583 0.088639406490935116 0.3050000000000001 0.64750000000000008 0.082103361200150937
decision_type=2 8 2 2 2 2
left_child=2 -2 4 -4 -1 -3
right_child=1 5 3 -5 -6 -7
leaf_value=-0.0045903806012768267 0.018918977046172097 -0.0012235165307793476 0.021062124781659704 -0.023948806777002986 0.010327635546178956 -0.025499779165091271
leaf_weight=178.47642519325018 4.5301378518342972 22.259199723601341 39.59638961404562 7.1543887592852107 55.725696455687284 19.151863124221563
leaf_count=907 22 102 222 54 395 96
internal_value=-0.000107808 -0.0092051 0.00151472 0.0125256 -0.00089913 -0.0139885
internal_weight=326.894 45.9412 280.953 46.7508 234.202 41.4111
internal_count=1798 220 1578 276 1302 198
is_linear=0
shrinkage=0.05


Tree=97
num_leaves=7
num_cat=0
split_feature=0 5 11 0 3 1
split_gain=1.9575 2.18385 4.20578 3.95713 0.699006 0.163389
threshold=0.15000000000000005 -0.022500000000000003 0.11735685049843532 0.69000000000000006 -1.4185390885838174 -1.5932448863456738
decision_type=2 2 2 2 2 2
left_child=4 2 -2 -3 -1 -6
right_child=1 3 -4 -5 5 -7
leaf_value=0.0018720461090197269 -0.0031650318866817692 -0.0076636406670894403 0.014405825069627592 0.007264563873843193 -0.00085586567910163618 -0.026265679605150027
leaf_weight=2.4613183662295341 65.917396821081638 127.52108182758093 62.356024868786335 62.117783069610596 1.0449087060987947 4.9667433835566026
leaf_count=29 318 568 300 458 21 104
internal_value=-0.000106034 0.000674644 0.00559649 -0.00271278 -0.0187775 -0.0242431
internal_weight=326.385 317.912 128.273 189.639 8.47297 6.01165
internal_count=1798 1644 618 1026 154 125
is_linear=0
shrinkage=0.05


Tree=98
num_leaves=5
num_cat=0
split_feature=9 0 4 3
split_gain=1.97407 1.93556 1.99676 0.664578
threshold=-1.9354446677946526 0.15000000000000005 0.066590999661086697 -1.4185390885838174
decision_type=2 2 2 2
left_child=-1 3 -3 -2
right_child=1 2 -4 -5
leaf_value=-0.023505424051923945 0.0018402246549477468 0.0027200827216446485 -0.0093572893982267532 -0.023641016703818473
leaf_weight=3.781369198113679 2.4650513604283333 280.06551081687212 33.96458937227726 5.7956879064440709
leaf_count=24 29 1465 157 123
internal_value=-0.000112044 0.000517323 0.00128765 -0.0182104
internal_weight=326.072 322.291 314.03 8.26074
internal_count=1798 1774 1622 152
is_linear=0
shrinkage=0.05


Tree=99
num_leaves=7
num_cat=0
split_feature=13 1 13 8 1 12
split_gain=1.88637 5.12818 4.59524 3.87144 3.23789 2.48339
threshold=-0.11790950347537912 -0.24871791482634859 -0.10096673929134438 0.48444947825935852 -0.96416039262863407 0.95693835190871368
decision_type=8 2 8 2 2 2
left_child=1 4 -2 -4 -1 -3
right_child=2 5 3 -5 -6 -7
leaf_value=0.0052325542461708861 -0.029865114603030481 0.01768948747829081 -0.016984897643341396 0.0017882447156996432 -0.024179602339770588 -0.0094696026276403569
leaf_weight=15.773796390742065 9.3958718590438348 51.834198772907257 26.677284829318523 201.8034455627203 13.773290507495402 6.6470668464899054
leaf_count=80 48 307 153 1103 68 39
internal_value=-0.000145995 0.0059105 -0.00246279 -0.000720489 -0.00999305 0.0140998
internal_weight=325.905 88.0284 237.877 228.481 29.5471 58.4813
internal_count=1798 494 1304 1256 148 346
is_linear=0
shrinkage=0.05


Tree=100
num_leaves=6
num_cat=0
split_feature=0 2 2 2 1
split_gain=1.874 2.1403 5.71175 5.70574 1.12102
threshold=0.90750000000000008 0.071433729807079169 0.058442573479364109 0.081357828127714762 0.89848539271314742
decision_type=2 2 2 2 2
left_child=1 2 -1 -3 -2
right_child=4 3 -4 -5 -6
leaf_value=0.00060489257134546909 -0.004887173267666526 0.022065493632064108 -0.018735583527941423 -0.0024921832523226574 0.026876963901366388
leaf_weight=167.9652237072587 2.0133336633443824 28.415903143584728 44.292292945086956 78.093684587627649 4.792097944766283
leaf_count=912 18 145 231 429 63
internal_value=-0.0001807 -0.000891507 -0.00376923 0.00475523 0.0193899
internal_weight=325.573 318.767 212.258 106.51 6.80543
internal_count=1798 1717 1143 574 81
is_linear=0
shrinkage=0.05


Tree=101
num_leaves=5
num_cat=0
split_feature=9 8 2 2
split_gain=1.87376 1.95121 3.69965 3.40165
threshold=-1.9354446677946526 0.64523777796837456 0.05818433351570395 0.029202320382766784
decision_type=2 2 2 2
left_child=-1 2 -2 -3
right_child=1 3 -4 -5
leaf_value=-0.02296926912072482 0.010410635061203584 -0.024084167310531104 -0.00356991945976975 -0.00095230830163334018
leaf_weight=3.7624933756887904 95.002305015921593 13.240634847432373 86.161931604146957 127.23388190940022
leaf_count=24 564 70 489 651
internal_value=-0.000153932 0.000460475 0.00384417 -0.00388548
internal_weight=325.401 321.639 181.164 140.475
internal_count=1798 1774 1053 721
is_linear=0
shrinkage=0.05


Tree=102
num_leaves=7
num_cat=0
split_feature=0 6 8 6 5 6
split_gain=1.81252 3.29493 6.15239 2.88141 2.82198 3.08147
threshold=0.41000000000000009 7.0589899976483776 0.61890124754400622 5.9486448012896647 -0.050000000000000003 6.2989765564069389
decision_type=2 2 2 2 2 2
left_child=1 3 -3 -1 -2 -6
right_child=4 2 -4 -5 5 -7
leaf_value=0.007902709074496625 0.013913072353972593 -0.011132604151250976 0.030961315381935018 -0.013184702493569839 0.0093511661676218376 -0.0048206431532553835
leaf_weight=16.608716178685427 39.022212244570255 14.319650035351517 11.518332827836273 77.272004701197147 51.31073434650898 115.33007806912065
leaf_count=88 173 100 60 460 279 638
internal_value=-0.00017745 -0.00495205 0.00960994 -0.0092431 0.00265346 -0.000311682
internal_weight=325.382 119.719 25.838 93.8807 205.663 166.641
internal_count=1798 708 160 548 1090 917
is_linear=0
shrinkage=0.05


Tree=103
num_leaves=6
num_cat=0
split_feature=0 13 13 6 1
split_gain=1.79274 2.1235 3.13123 3.08348 1.09223
threshold=0.90750000000000008 0.23028439575771201 0.19174920662507364 6.1688049488387833 0.89848539271314742
decision_type=2 8 10 2 2
left_child=1 2 -1 -3 -2
right_child=4 3 -4 -5 -6
leaf_value=-0.00020728942153328393 -0.0048254964068261165 0.012047356435883779 0.021805084100145117 -0.013383637493027995 0.026540964106875738
leaf_weight=241.38945060223341 2.0190175622701636 10.790887448936699 12.307618364691733 53.849353764206171 4.693914819508791
leaf_count=1265 18 61 63 328 63
internal_value=-0.000144354 -0.000838319 0.0012614 -0.00857809 0.0190743
internal_weight=325.05 318.337 253.697 64.6402 6.71293
internal_count=1798 1717 1328 389 81
is_linear=0
shrinkage=0.05


Tree=104
num_leaves=5
num_cat=0
split_feature=9 8 6 11
split_gain=1.74119 1.97081 4.42234 3.81569
threshold=-1.7774692772758873 0.64523777796837456 6.7367057382812652 0.078604090438322324
decision_type=2 2 2 2
left_child=-1 3 -3 -2
right_child=1 2 -4 -5
leaf_value=-0.019383721587539472 -0.0029732589578381858 -0.010621057689430582 0.0069697057383055041 0.011332957940999776
leaf_weight=6.3150421865284434 92.745545845478773 85.864636246114969 54.493344590067863 85.497227236628532
leaf_count=39 537 439 282 501
internal_value=-0.000105411 0.000570305 -0.0037867 0.00401095
internal_weight=324.916 318.601 140.358 178.243
internal_count=1798 1759 721 1038
is_linear=0
shrinkage=0.05


Tree=105
num_leaves=7
num_cat=0
split_feature=0 5 11 13 3 8
split_gain=1.74505 1.98432 3.76642 3.67287 0.665405 0.185591
threshold=0.15000000000000005 -0.022500000000000003 0.11735685049843532 -0.12359260913800311 -1.4185390885838174 0.47862070263993023
decision_type=2 2 2 10 2 2
left_child=4 2 -2 -3 -1 -6
right_child=1 3 -4 -5 5 -7
leaf_value=0.0019659976549834435 -0.0030035464708728882 0.0053907925432558276 0.013636842140439545 -0.0083924874191931547 -0.00045560353031660861 -0.025530148998644142
leaf_weight=2.4496193155646324 65.65697705000639 79.164083320647478 62.404567338526249 109.50371342152357 0.99803844466805269 4.7273890301585197
leaf_count=29 318 467 300 559 20 105
internal_value=-0.000111318 0.000620721 0.00531306 -0.00261923 -0.0179452 -0.0234093
internal_weight=324.904 316.729 128.062 188.668 8.17505 5.72543
internal_count=1798 1644 618 1026 154 125
is_linear=0
shrinkage=0.05


Tree=106
num_leaves=7
num_cat=0
split_feature=0 1 1 2 3 13
split_gain=1.73018 4.58088 4.20548 3.60675 3.2933 6.55819
threshold=0.50000000000000011 -0.87622832653069038 -0.39523348421933413 0.037034124416631939 -1.0906775638237038 0.067590287838474608
decision_type=2 2 2 2 2 10
left_child=4 3 -3 -2 5 -1
right_child=1 2 -4 -5 -6 -7
leaf_value=-0.029726637705622019 -0.0058547534587117481 -0.023135195823443928 0.0033474610216704748 0.037577501690934711 0.00083224824112836148 0.0053773973870345701
leaf_weight=24.385419145226479 5.1432243585586539 11.913902774453161 126.93064196035266 10.741248041391371 123.80293605290353 21.924700085073709
leaf_count=139 29 59 738 50 647 136
internal_value=-0.000118517 0.00364653 0.000349865 0.0254797 -0.00354941 -0.0142028
internal_weight=324.842 154.729 138.845 15.8845 170.113 46.3101
internal_count=1798 876 797 79 922 275
is_linear=0
shrinkage=0.05


Tree=107
num_leaves=7
num_cat=0
split_feature=13 6 9 13 12 7
split_gain=1.72759 3.04443 3.09933 2.69066 3.77306 3.55696
threshold=0.25015236952841902 5.7293362607273233 -0.73377231998330816 0.085874746528377885 0.18652403403587112 0.64276892290061383
decision_type=10 2 2 10 2 2
left_child=3 -2 -3 5 -5 -1
right_child=1 2 -4 4 -6 -7
leaf_value=-0.0063097757501771089 0.017041892453968616 -0.026602872262691171 0.013420532863958674 0.018338687003063653 -0.0032362799826676776 0.0064961736920437349
leaf_weight=147.08967421576381 3.3210377320647266 16.984568960964687 2.8816137611865953 40.519385639578104 34.198075838387012 79.495694328099489
leaf_count=822 18 107 31 208 176 436
internal_value=-0.000121746 -0.0119654 -0.0192662 0.000970141 0.00888024 -0.00177366
internal_weight=324.49 23.1872 19.8662 301.303 74.7175 226.585
internal_count=1798 156 138 1642 384 1258
is_linear=0
shrinkage=0.05


Tree=108
num_leaves=6
num_cat=0
split_feature=0 2 2 2 2
split_gain=1.7133 2.06839 5.25543 5.0516 0.872126
threshold=0.90750000000000008 0.071433729807079169 0.081357828127714762 0.058442573479364109 0.070372888761928445
decision_type=2 2 2 2 2
left_child=1 3 -3 -1 -2
right_child=4 2 -4 -5 -6
leaf_value=0.00050218571845564647 0.025761564699756156 0.02139496914856923 -0.0022019599075294035 -0.017730712836873004 -0.0031133810250068743
leaf_weight=167.48963144794106 4.3428735323250285 28.366622168570757 77.911210123449564 44.035169813781977 2.2777417004108429
leaf_count=912 54 145 429 231 27
internal_value=-0.000101594 -0.000779101 0.00477463 -0.00361532 0.0187622
internal_weight=324.423 317.803 106.278 211.525 6.62062
internal_count=1798 1717 574 1143 81
is_linear=0
shrinkage=0.05


Tree=109
num_leaves=7
num_cat=0
split_feature=4 2 5 0 2 2
split_gain=1.68169 2.76804 6.9962 3.28574 2.68874 5.71427
threshold=0.058922612779853362 0.088639406490935116 0.3050000000000001 0.64750000000000008 0.082103361200150937 0.066451455069384019
decision_type=2 2 2 2 2 2
left_child=1 3 -3 -1 5 -2
right_child=4 2 -4 -5 -6 -7
leaf_value=-0.0042054708874683855 -0.018004636294645045 0.020222940650789903 -0.023299521142243471 0.0093131601743537684 -0.019607080249373826 0.022866995785768746
leaf_weight=177.37251656502485 12.072862125933172 39.429069321602583 7.2040431573986998 54.686160333454609 21.272800765931606 12.224012106657026
leaf_count=907 57 222 54 395 108 55
internal_value=-7.78094e-05 0.00142071 0.0118943 -0.000890478 -0.00847666 0.00295153
internal_weight=324.261 278.692 46.6331 232.059 45.5697 24.2969
internal_count=1798 1578 276 1302 220 112
is_linear=0
shrinkage=0.05


Tree=110
num_leaves=7
num_cat=0
split_feature=0 4 8 0 3 1
split_gain=1.64078 1.92031 3.25887 2.71039 0.655198 0.19757
threshold=0.15000000000000005 0.0070710678118654805 0.49098576581049852 0.55750000000000022 -1.4185390885838174 -1.5932448863456738
decision_type=2 2 2 2 2 2
left_child=4 3 -3 -2 -1 -6
right_child=1 2 -4 -5 5 -7
leaf_value=0.0020847150592178312 -1.5234071075788782e-05 -0.015990159464373929 0.0011456190843764263 0.029882475982775287 -0.00025116137698503907 -0.025160659149644046
leaf_weight=2.4358146041631699 18.227861605584625 25.949765563011169 263.66409869864583 7.9711965210735789 0.97883492335677136 4.6019346844404918
leaf_count=29 84 140 1361 59 21 104
internal_value=-8.34428e-05 0.000623892 -0.000635085 0.0124125 -0.0174847 -0.022975
internal_weight=323.83 315.813 289.614 26.1991 8.01658 5.58077
internal_count=1798 1644 1501 143 154 125
is_linear=0
shrinkage=0.05


Tree=111
num_leaves=7
num_cat=0
split_feature=2 5 2 9 13 9
split_gain=1.6818 3.95284 2.76902 2.39194 1.87175 1.86623
threshold=0.11750592993540139 0.3050000000000001 0.14547273392652485 1.1118816607170565 -0.065242559858713509 0.13440446872164849
decision_type=2 2 2 2 10 2
left_child=1 3 5 -1 -4 -2
right_child=2 -3 4 -5 -6 -7
leaf_value=0.0017963517699242514 0.031181983478220678 -0.033152650422725166 0.010153071106130252 -0.010182665379302142 -0.02532766498301546 0.00078971049024059248
leaf_weight=250.62390254437923 9.3302639387548023 4.3675576597452155 3.0334106162190437 44.790240488946438 3.2357314452528945 8.2117717452347261
leaf_count=1381 49 24 23 249 19 53
internal_value=-8.55612e-05 -0.00117581 0.0114626 -0.000159137 -0.0112722 0.0202856
internal_weight=323.593 299.782 23.8112 295.414 6.26914 17.542
internal_count=1798 1654 144 1630 42 102
is_linear=0
shrinkage=0.05


Tree=112
num_leaves=5
num_cat=0
split_feature=9 8 6 2
split_gain=1.61784 1.86494 3.98791 3.37019
threshold=-1.7774692772758873 0.64523777796837456 6.7367057382812652 0.05818433351570395
decision_type=2 2 2 2
left_child=-1 3 -3 -2
right_child=1 2 -4 -5
leaf_value=-0.018715571815667017 0.010226646287808016 -0.010186185699046715 0.0065518346895942631 -0.0032534947525736449
leaf_weight=6.2752639986574641 93.15321372076869 85.613981556147337 54.239259667694569 84.360903520137072
leaf_count=39 558 439 282 480
internal_value=-0.000100002 0.000552655 -0.0036926 0.00390678
internal_weight=323.643 317.367 139.853 177.514
internal_count=1798 1759 721 1038
is_linear=0
shrinkage=0.05


Tree=113
num_leaves=7
num_cat=0
split_feature=2 5 0 2 0 13
split_gain=1.60922 3.71597 2.99995 2.6207 2.4054 1.80438
threshold=0.11750592993540139 0.3050000000000001 0.64750000000000008 0.14547273392652485 0.30750000000000005 -0.065242559858713509
decision_type=2 2 2 2 2 10
left_child=1 2 -1 4 -2 -5
right_child=3 -3 -4 5 -6 -7
leaf_value=-0.0030062891447581981 -0.0055103315769019197 -0.032081385207078872 0.0085106274542225101 0.010036306975995342 0.028911687678778265 -0.024793022528900366
leaf_weight=225.45635003596544 5.1972328238189283 4.4236613288521758 69.929165188223124 3.0253848470747471 12.359808165580032 3.2236194163560858
leaf_count=1143 34 24 487 23 68 19
internal_value=-0.000106752 -0.0011727 -0.000183512 0.011191 0.0197593 -0.0109648
internal_weight=323.615 299.809 295.386 23.806 17.557 6.249
internal_count=1798 1654 1630 144 102 42
is_linear=0
shrinkage=0.05


Tree=114
num_leaves=7
num_cat=0
split_feature=6 7 0 9 6 0
split_gain=1.6588 6.13615 5.2349 4.68611 5.40926 4.85506
threshold=6.176697872694235 1.0000000180025095e-35 0.51750000000000018 -0.86880303778761203 6.8149046661589834 0.62000000000000011
decision_type=2 2 2 2 2 2
left_child=1 -1 -3 5 -5 -2
right_child=3 2 -4 4 -6 -7
leaf_value=0.018755500185556089 -0.022770992650353945 -0.02543202318989209 0.008368166160659652 -0.0065924368506605838 0.0099970310172095567 0.0059027045348527549
leaf_weight=39.480323921889067 40.294690703973174 16.668914500623941 20.46545534953475 92.273380644619465 94.543922297656536 19.330070771276951
leaf_count=201 215 85 119 509 549 120
internal_value=-0.000114771 0.00608059 -0.0080216 -0.00212342 0.00184485 -0.0137376
internal_weight=323.057 76.6147 37.1344 246.442 186.817 59.6248
internal_count=1798 405 204 1393 1058 335
is_linear=0
shrinkage=0.05


Tree=115
num_leaves=6
num_cat=0
split_feature=12 12 12 6 9
split_gain=1.56768 2.37296 2.30726 4.02767 2.05122
threshold=-0.99306417660977864 -0.99863143642332985 -0.89199300740364562 6.9413931245502987 1.1043705772825378
decision_type=2 2 2 2 2
left_child=1 -1 3 -2 -4
right_child=2 -3 4 -5 -6
leaf_value=0.0085583190687928776 -0.00044019244350316497 -0.027907048182572392 0.0008841073226451096 0.031193388212125219 -0.010608870214037079
leaf_weight=4.2358902134001255 26.430784594267607 6.6147515177726728 232.70510775409639 11.113752171397207 41.455795239657164
leaf_count=26 147 38 1294 62 231
internal_value=-0.00011897 -0.0154624 0.000650826 0.0114893 -0.00101263
internal_weight=322.556 10.8506 311.705 37.5445 274.161
internal_count=1798 64 1734 209 1525
is_linear=0
shrinkage=0.05


Tree=116
num_leaves=7
num_cat=0
split_feature=13 1 13 6 0 1
split_gain=1.58659 4.42162 4.23358 3.39201 3.06858 2.51906
threshold=-0.11790950347537912 -0.24871791482634859 -0.10096673929134438 6.4097224144353051 0.38000000000000006 0.10358297079867561
decision_type=8 2 8 2 2 2
left_child=1 4 -2 -4 -1 -3
right_child=2 5 3 -5 -6 -7
leaf_value=-0.024487657026684918 -0.028603388622753762 0.031123579757893184 0.0080619487631333163 -0.0047184938329621791 0.0043933538051315049 0.0066367080748451004
leaf_weight=12.054094273597004 9.328404773026703 10.300868697464464 72.049503091722727 154.24844539351761 17.239894203841686 47.314229492098093
leaf_count=64 48 48 376 880 84 298
internal_value=-0.000111681 0.00547829 -0.00224449 -0.000563099 -0.00932837 0.0131504
internal_weight=322.535 86.9091 235.626 226.298 29.294 57.6151
internal_count=1798 494 1304 1256 148 346
is_linear=0
shrinkage=0.05


Tree=117
num_leaves=6
num_cat=0
split_feature=0 13 5 13 1
split_gain=1.55434 1.91527 2.29656 1.58766 1.092
threshold=0.90750000000000008 -0.29447619684762982 -0.022500000000000003 -0.39049715076617242 0.89848539271314742
decision_type=2 8 2 10 2
left_child=1 3 -3 -1 -2
right_child=4 2 -4 -5 -6
leaf_value=-0.0055155592087287146 -0.0053181180467237049 0.0032315526976408691 -0.0054103719553731744 0.024293071755107198 0.025699303086825772
leaf_weight=4.3934095576405516 1.9702391773462284 131.85979322344065 171.35532599687576 8.2247310541570169 4.4475414082407951
leaf_count=32 18 750 882 53 63
internal_value=-0.000112122 -0.000755591 -0.00166078 0.0152944 0.0180181
internal_weight=322.251 315.833 303.215 12.6181 6.41778
internal_count=1798 1717 1632 85 81
is_linear=0
shrinkage=0.05


Tree=118
num_leaves=7
num_cat=0
split_feature=0 5 3 6 3 9
split_gain=1.56624 1.87687 3.25705 3.13074 0.634448 0.209231
threshold=0.15000000000000005 -0.022500000000000003 0.50949162486305344 6.1688049488387833 -1.4185390885838174 1.3407763532203243
decision_type=2 2 2 2 2 2
left_child=4 2 -2 -3 -1 -6
right_child=1 3 -4 -5 5 -7
leaf_value=0.0020568271508731267 0.0002456431015176506 0.0086047270145846906 0.017664542304608205 -0.0060893684499195352 -0.024855714870501523 -4.7292639668310393e-05
leaf_weight=2.4385842233896255 95.033403486013412 43.194400016218424 32.476244501769543 143.68777239322662 4.509780913591384 0.95427910238504399
leaf_count=29 467 234 151 792 105 20
internal_value=-7.78989e-05 0.000613222 0.00518131 -0.00255738 -0.0171557 -0.0226159
internal_weight=322.294 314.392 127.51 186.882 7.90264 5.46406
internal_count=1798 1644 618 1026 154 125
is_linear=0
shrinkage=0.05


Tree=119
num_leaves=7
num_cat=0
split_feature=13 6 9 13 12 7
split_gain=1.53463 2.74345 2.87834 2.45018 3.40538 3.3578
threshold=0.25015236952841902 5.7293362607273233 -0.73377231998330816 0.085874746528377885 0.18652403403587112 0.64276892290061383
decision_type=10 2 2 10 2 2
left_child=3 -2 -3 5 -5 -1
right_child=1 2 -4 4 -6 -7
leaf_value=-0.0060971820221005571 0.016125328474894531 -0.025510427197320103 0.013073160808201478 0.017510589296649417 -0.0030332469451913591 0.0063857277981040229
leaf_weight=146.15200328454375 3.3527420386672047 16.665691699832685 2.8676463030278638 40.365085858851671 34.029221192002296 78.918786473572254
leaf_count=822 18 107 31 208 176 436
internal_value=-7.60344e-05 -0.0113015 -0.0183361 0.000953362 0.00851426 -0.00167652
internal_weight=322.351 22.8861 19.5333 299.465 74.3943 225.071
internal_count=1798 156 138 1642 384 1258
is_linear=0
shrinkage=0.05


Tree=120
num_leaves=5
num_cat=0
split_feature=0 9 8 1
split_gain=1.50877 1.81815 1.73344 0.944229
threshold=0.90750000000000008 -1.9354446677946526 0.66574418385534895 0.9439384017389455
decision_type=2 2 2 2
left_child=1 -1 -3 -2
right_child=3 2 -4 -5
leaf_value=-0.023669977367765913 -0.0042559037561123933 0.0026282670333455911 -0.0050471173960755051 0.025114638638525318
leaf_weight=3.3838279023766509 2.0887596234679213 204.01669406332076 108.51029444485903 4.2773795947432518
leaf_count=21 19 1150 546 62
internal_value=-5.85564e-05 -0.00069176 -7.41609e-05 0.017845
internal_weight=322.277 315.911 312.527 6.36614
internal_count=1798 1717 1696 81
is_linear=0
shrinkage=0.05


Tree=121
num_leaves=7
num_cat=0
split_feature=0 4 4 0 12 8
split_gain=1.51037 1.72169 3.23671 2.52651 0.6194 0.659118
threshold=0.15000000000000005 0.0070710678118654805 0.017853571071357155 0.55750000000000022 0.90627498150570529 0.50852385941827982
decision_type=2 2 2 2 2 2
left_child=4 3 -3 -2 5 -1
right_child=1 2 -4 -5 -6 -7
leaf_value=0.0023770711715062915 -9.61547446465717e-05 -0.0098550587775454931 0.0023533496889473768 0.028910868018332165 0.0039317125519543186 -0.026115825670944826
leaf_weight=1.5789274089038361 18.204914458096031 66.369801644235849 222.0596607029438 7.7349808551371089 1.3860911242663858 4.8470281008630991
leaf_count=29 84 373 1128 59 23 102
internal_value=-5.95117e-05 0.000616669 -0.000575957 0.0118277 -0.0168916 -0.0211382
internal_weight=322.181 314.369 288.429 25.9399 7.81205 6.42596
internal_count=1798 1644 1501 143 154 131
is_linear=0
shrinkage=0.05


Tree=122
num_leaves=7
num_cat=0
split_feature=11 8 11 5 13 5
split_gain=1.47912 6.92993 5.46413 4.71771 3.88665 6.12447
threshold=0.12204979129193404 0.7124201401232243 -0.90164203839979595 0.090000000000000122 -0.11790950347537912 -0.022500000000000003
decision_type=2 2 2 2 10 2
left_child=1 2 -1 -3 -2 -6
right_child=4 3 -4 -5 5 -7
leaf_value=0.007317471835230638 0.013170883394778494 0.028285819858445495 -0.013821541850742573 -0.011205232428400207 0.010167628847364378 -0.013927491105391224
leaf_weight=39.270566999912262 57.419509124010801 20.479350514709953 101.11251079291105 7.5747444108128539 44.835368636995554 51.294292733073235
leaf_count=222 339 96 578 38 263 262
internal_value=-5.53514e-05 -0.00324549 -0.00785985 0.017541 0.00343609 -0.00274233
internal_weight=321.986 168.437 140.383 28.0541 153.549 96.1297
internal_count=1798 934 800 134 864 525
is_linear=0
shrinkage=0.05


Tree=123
num_leaves=7
num_cat=0
split_feature=0 8 8 12 12 13
split_gain=1.47103 2.79013 2.72462 4.78026 3.04523 1.17163
threshold=0.24000000000000002 0.68001285129558886 0.66574418385534895 -0.21643177949537343 -0.27978371642229655 0.21133953884229192
decision_type=2 2 2 2 2 8
left_child=1 -1 4 -4 -2 -3
right_child=2 5 3 -5 -6 -7
leaf_value=-0.016515795838650763 -0.0024913419746418232 0.020891619488225793 0.0057917408241561115 -0.015143577296285482 0.010081408387004291 -0.0074689150247499898
leaf_weight=25.740822134539485 82.111350398510695 5.0309243351221076 48.097163915634155 52.368548654019833 106.14310088008642 2.5362134464085102
leaf_count=265 435 31 238 251 556 22
internal_value=-3.73651e-05 -0.00925223 0.0011651 -0.00532154 0.00467495 0.0121965
internal_weight=322.028 33.308 288.72 100.466 188.254 7.56714
internal_count=1798 318 1480 489 991 53
is_linear=0
shrinkage=0.05


Tree=124
num_leaves=7
num_cat=0
split_feature=4 13 4 8 4 1
split_gain=1.48757 2.79257 2.38357 4.63318 4.0156 2.3469
threshold=0.058922612779853362 -0.22575519701770583 0.027824613072817198 0.51821726193350259 0.021794494717703353 0.8314447017384522
decision_type=2 8 2 2 2 2
left_child=2 -2 4 -4 -1 -3
right_child=1 5 3 -5 -6 -7
leaf_value=0.0019264390535403651 0.018015432029214858 -0.021444817372857489 -0.016440062595848855 0.010540155982676229 -0.015893511879686822 0.0013931229082313128
leaf_weight=123.59152967296541 4.4534189701080322 23.09831840544939 14.116248704493044 101.55577886477113 37.093607515096664 17.798474997282028
leaf_count=763 22 120 81 526 208 78
internal_value=-3.96199e-05 -0.00795418 0.00137743 0.00670281 -0.00254272 -0.0124366
internal_weight=321.707 45.3502 276.357 115.672 160.685 40.8968
internal_count=1798 220 1578 607 971 198
is_linear=0
shrinkage=0.05


Tree=125
num_leaves=7
num_cat=0
split_feature=2 5 0 2 0 13
split_gain=1.44754 3.52283 2.58296 2.52606 2.19263 1.69121
threshold=0.11750592993540139 0.3050000000000001 0.64750000000000008 0.14547273392652485 0.30750000000000005 -0.065242559858713509
decision_type=2 2 2 2 2 10
left_child=1 2 -1 4 -2 -5
right_child=3 -3 -4 5 -6 -7
leaf_value=-0.0027221604795926052 -0.005149490059350028 -0.031099492943429292 0.0080053994340886381 0.0095683861678955255 0.02792244661465559 -0.024378569066434416
leaf_weight=224.24544472433627 5.1427543312311235 4.4599738568067542 69.298585142940283 2.9610895998775959 12.234113629907368 3.1853628233075133
leaf_count=1143 34 24 487 23 68 19
internal_value=-5.46278e-05 -0.00106749 -9.79857e-05 0.0107146 0.0191711 -0.0110683
internal_weight=321.527 298.004 293.544 23.5233 17.3769 6.14645
internal_count=1798 1654 1630 144 102 42
is_linear=0
shrinkage=0.05


Tree=126
num_leaves=5
num_cat=0
split_feature=0 9 8 1
split_gain=1.41981 1.71117 1.66682 1.12493
threshold=0.90750000000000008 -1.9354446677946526 0.49098576581049852 0.88367084142756591
decision_type=2 2 2 2
left_child=1 -1 -3 -2
right_child=3 2 -4 -5
leaf_value=-0.023019134422660271 -0.0058968715910865692 -0.0097203800407638027 0.0012674573917663117 0.025290236432201702
leaf_weight=3.3473594337701789 1.8990448340773571 34.326892748475075 277.0882803760469 4.343726672232151
leaf_count=21 17 195 1501 64
internal_value=-6.52265e-05 -0.000678274 -7.81804e-05 0.0173998
internal_weight=321.005 314.763 311.415 6.24277
internal_count=1798 1717 1696 81
is_linear=0
shrinkage=0.05


Tree=127
num_leaves=6
num_cat=0
split_feature=12 12 12 2 5
split_gain=1.41159 2.22928 2.21106 2.88523 1.91005
threshold=-0.99306417660977864 -0.99863143642332985 -0.96812032175654827 0.070372888761928445 0.3050000000000001
decision_type=2 2 2 2 2
left_child=1 -1 3 -2 -4
right_child=2 -3 4 -5 -6
leaf_value=0.0085180444770150774 -0.0043744845079752874 -0.026751498898415639 0.00049907449528992351 0.032564315338590021 -0.017757077074609162
leaf_weight=4.2191523611545563 7.6575832366943342 6.5937847197055799 285.47057412192225 6.8690167888998985 10.073427241295574
leaf_count=26 43 38 1589 36 66
internal_value=-7.11282e-05 -0.0146476 0.000661574 0.0169582 -0.000408238
internal_weight=320.884 10.8129 310.071 14.5266 295.544
internal_count=1798 64 1734 79 1655
is_linear=0
shrinkage=0.05


Tree=128
num_leaves=7
num_cat=0
split_feature=9 9 6 8 6 9
split_gain=1.40971 5.55127 4.53405 4.98638 3.54842 2.22095
threshold=1.1043705772825378 1.060071399331961 6.6936395799896138 0.56438267611374049 6.3470207762474145 1.3737787816848781
decision_type=2 2 2 2 2 2
left_child=1 4 3 -2 -1 -4
right_child=2 -3 5 -5 -6 -7
leaf_value=0.0080901270827505832 0.015185044141718921 0.033502726997225722 -0.0063416409496809744 -0.03032528377065126 -0.0040921238554945593 0.019708801078049586
leaf_weight=82.988819181919098 4.5410822369158295 7.815676260739564 12.627510976046326 20.065238978713751 181.42916563153267 11.485875390470026
leaf_count=444 32 42 68 109 1033 70
internal_value=-7.29848e-05 0.00136459 -0.00748513 -0.0207803 -0.000189484 0.00732067
internal_weight=320.953 272.234 48.7197 24.6063 264.418 24.1134
internal_count=1798 1519 279 141 1477 138
is_linear=0
shrinkage=0.05


Tree=129
num_leaves=6
num_cat=0
split_feature=0 13 9 13 2
split_gain=1.37796 1.6509 2.05816 1.53627 0.813762
threshold=0.90750000000000008 -0.29447619684762982 1.1043705772825378 -0.39049715076617242 0.070372888761928445
decision_type=2 8 2 10 2
left_child=1 3 -3 -1 -2
right_child=4 2 -4 -5 -6
leaf_value=-0.0058756043085447613 0.024252427637771624 0.00026319093368858359 -0.011037446443789199 0.023278125758490788 -0.0033902110338048168
leaf_weight=4.3522790223360053 3.9492223486304274 259.63039198331535 42.64620216563344 8.1037818714976293 2.2377690896391869
leaf_count=32 54 1396 236 53 27
internal_value=-4.19124e-05 -0.000644798 -0.0014848 0.0143263 0.0172077
internal_weight=320.92 314.733 302.277 12.4561 6.18699
internal_count=1798 1717 1632 85 81
is_linear=0
shrinkage=0.05


Tree=130
num_leaves=5
num_cat=0
split_feature=9 8 10 8
split_gain=1.36425 1.67328 3.39307 3.28468
threshold=-1.7774692772758873 0.66574418385534895 0.010000000000000007 0.7124201401232243
decision_type=2 2 2 2
left_child=-1 2 -2 -3
right_child=1 3 -4 -5
leaf_value=-0.017241587036829053 -0.011615078937946794 -0.012283069783118111 0.0058308598462758947 0.0043964906006689931
leaf_weight=6.1110908277332774 28.13854256644845 55.931469306349754 177.11405337229371 53.456919603049755
leaf_count=39 211 301 988 259
internal_value=-1.84751e-05 0.000580509 0.00321982 -0.00429607
internal_weight=320.752 314.641 205.253 109.388
internal_count=1798 1759 1199 560
is_linear=0
shrinkage=0.05


Tree=131
num_leaves=7
num_cat=0
split_feature=2 2 13 2 3 2
split_gain=1.35217 5.13009 6.72972 5.02042 5.74697 3.59853
threshold=0.071433729807079169 0.058442573479364109 -0.097250205180740276 0.081357828127714762 1.3754412584206459 0.054742920399642868
decision_type=2 2 8 2 2 2
left_child=1 5 -3 -2 -5 -1
right_child=3 2 -4 4 -6 -7
leaf_value=-0.00094893861806640456 0.0206787086577419 0.0091334338677606271 -0.028850076982181144 0.0037628254582127625 -0.029342682880580968 0.020711752900961698
leaf_weight=152.10325877927244 28.417622905224562 14.681835878640412 29.442848656326532 68.091943826526403 11.008580803871153 16.880932044237852
leaf_count=874 149 76 163 390 61 85
internal_value=-4.13792e-05 -0.00233739 -0.0165684 0.00441112 -0.00231512 0.00174792
internal_weight=320.627 213.109 44.1247 107.518 79.1005 168.984
internal_count=1798 1198 239 600 451 959
is_linear=0
shrinkage=0.05


Tree=132
num_leaves=7
num_cat=0
split_feature=4 11 7 2 5 13
split_gain=1.3414 3.25961 3.41942 2.30679 5.26768 3.15425
threshold=0.066590999661086697 -0.57355567466301804 0.63098532011360609 0.088282205298865199 0.3050000000000001 0.25015236952841902
decision_type=2 2 2 2 2 10
left_child=3 -2 -3 5 -5 -1
right_child=1 2 -4 4 -6 -7
leaf_value=0.00079065183500230023 0.0092215749209456129 -0.028315272842322214 0.01021188812783367 0.017857161456429706 -0.01881094680502245 -0.019267028399789891
leaf_weight=221.62246690317988 12.635609198361633 16.385989755392078 4.9588222093880168 40.268876846879721 8.1180990897119027 16.470206467434764
leaf_count=1229 60 78 27 231 58 115
internal_value=-4.33279e-05 -0.00875372 -0.0191253 0.00112228 0.0105196 -0.000964602
internal_weight=320.46 33.9804 21.3448 286.48 48.387 238.093
internal_count=1798 165 105 1633 289 1344
is_linear=0
shrinkage=0.05


Tree=133
num_leaves=5
num_cat=0
split_feature=0 9 6 1
split_gain=1.34031 1.57568 1.62729 1.00622
threshold=0.90750000000000008 -1.9354446677946526 6.8569197263604496 0.89848539271314742
decision_type=2 2 2 2
left_child=1 -1 -3 -2
right_child=3 2 -4 -5
leaf_value=-0.022145377857434631 -0.0051638202902454192 -0.0027300238397959952 0.0047034279860984577 0.024615654996203367
leaf_weight=3.3089238889515391 1.9822208732366551 201.52541249617934 109.41350388899446 4.1490916982293129
leaf_count=21 18 1086 610 63
internal_value=-6.31016e-05 -0.000656818 -8.1293e-05 0.0169931
internal_weight=320.379 314.248 310.939 6.13131
internal_count=1798 1717 1696 81
is_linear=0
shrinkage=0.05


Tree=134
num_leaves=7
num_cat=0
split_feature=11 11 13 13 7 7
split_gain=1.40273 3.69081 3.25122 2.91145 4.53069 2.92375
threshold=0.12204979129193404 0.45006596843155194 -0.11790950347537912 0.23597019115594811 -0.047562515396802348 -0.056584423264922377
decision_type=2 2 10 8 2 2
left_child=3 -2 -3 4 -1 -5
right_child=1 2 -4 5 -6 -7
leaf_value=0.010738411806599875 0.01699420444375439 0.0091753026683258215 -0.0070943897663314397 -0.02442917662292159 -0.0072859144184947476 0.0034425514138850689
leaf_weight=55.499784849584103 32.719755358994007 44.768368385732174 75.270959857851267 21.976422628387809 77.293136283755302 12.746318873018025
leaf_count=291 190 264 410 144 424 75
internal_value=-6.03942e-05 0.00334804 -0.000902385 -0.00317553 0.000363523 -0.0150523
internal_weight=320.275 152.759 120.039 167.516 132.793 34.7227
internal_count=1798 864 674 934 715 219
is_linear=0
shrinkage=0.05


Tree=135
num_leaves=7
num_cat=0
split_feature=0 5 11 6 3 8
split_gain=1.32945 1.65216 3.193 2.88356 0.634025 0.21888
threshold=0.15000000000000005 -0.022500000000000003 0.11735685049843532 6.1688049488387833 -1.4185390885838174 0.47862070263993023
decision_type=2 2 2 2 2 2
left_child=4 2 -2 -3 -1 -6
right_child=1 3 -4 -5 5 -7
leaf_value=0.0025618629218145585 -0.0028508858573153832 0.0083434366917565818 0.012526595936926758 -0.0058131110138015087 0.00025534875392595982 -0.02396443230884137
leaf_weight=2.3775301091372967 64.838023148477077 42.799473188817501 62.172713950276375 142.70321826636791 0.92139934375882049 4.2342442665249109
leaf_count=29 318 234 300 792 20 105
internal_value=-5.64205e-05 0.000574911 0.00486586 -0.00241363 -0.016028 -0.0216413
internal_weight=320.047 312.513 127.011 185.503 7.53317 5.15564
internal_count=1798 1644 618 1026 154 125
is_linear=0
shrinkage=0.05


Tree=136
num_leaves=7
num_cat=0
split_feature=11 11 0 7 9 9
split_gain=1.32607 5.66849 4.49225 4.0315 3.37718 2.62997
threshold=-0.90164203839979595 -0.84810589577471474 0.31750000000000006 -0.8944026823708221 -1.0381104898235083 1.0956950677182475
decision_type=2 2 2 2 2 2
left_child=2 4 -1 -4 -2 -3
right_child=1 5 3 -5 -6 -7
leaf_value=-0.016196995569227192 0.0082570743624633732 0.0025993954931537136 -0.019277038152018703 0.021943758855330356 -0.04011362197111823 -0.010490977894770062
leaf_weight=10.446027563884853 2.866289146244525 223.20653543435037 3.1243427023291579 30.341513406485319 9.0265441574156267 41.13148595765233
leaf_count=72 15 1246 17 157 50 241
internal_value=-6.06969e-05 -0.00138131 0.00753872 0.0160899 -0.0294624 0.000405567
internal_weight=320.143 276.231 43.9119 33.4659 11.8928 264.338
internal_count=1798 1552 246 174 65 1487
is_linear=0
shrinkage=0.05


Tree=137
num_leaves=6
num_cat=0
split_feature=0 13 9 13 1
split_gain=1.29574 1.53293 1.82545 1.43913 1.06663
threshold=0.90750000000000008 -0.29447619684762982 1.1043705772825378 -0.39049715076617242 0.88367084142756591
decision_type=2 8 2 10 2
left_child=1 3 -3 -1 -2
right_child=4 2 -4 -5 -6
leaf_value=-0.0057044930719988753 -0.0057837272747011444 0.00016143230933077856 -0.010491518605829744 0.02250941274344731 0.024582637750633518
leaf_weight=4.365790717303752 1.9085518047213543 258.93540960922837 42.575525399297476 8.012590251863001 4.1513801030814648
leaf_count=32 17 1396 236 53 64
internal_value=-9.86162e-05 -0.000680654 -0.00148945 0.0137803 0.0167278
internal_weight=319.949 313.889 301.511 12.3784 6.05993
internal_count=1798 1717 1632 85 81
is_linear=0
shrinkage=0.05


Tree=138
num_leaves=6
num_cat=0
split_feature=12 12 12 2 5
split_gain=1.26699 2.13766 2.0282 2.65821 1.67297
threshold=-0.99306417660977864 -0.99863143642332985 -0.96812032175654827 0.070372888761928445 0.3050000000000001
decision_type=2 2 2 2 2
left_child=1 -1 3 -2 -4
right_child=2 -3 4 -5 -6
leaf_value=0.0086353182127207606 -0.0042261784665908351 -0.025802510818227042 0.00045000331298827764 0.031243312692901423 -0.016585504017931393
leaf_weight=4.1965510062873363 7.6483571473509055 6.5749947205185872 284.34237034805119 6.8448186106979847 10.170341126620768
leaf_count=26 43 38 1589 36 66
internal_value=-7.40025e-05 -0.0139015 0.00062169 0.0162425 -0.000405334
internal_weight=319.777 10.7715 309.006 14.4932 294.513
internal_count=1798 64 1734 79 1655
is_linear=0
shrinkage=0.05


Tree=139
num_leaves=7
num_cat=0
split_feature=7 9 8 9 6 6
split_gain=1.26478 7.70067 4.77023 4.67453 5.24437 2.83345
threshold=0.64276892290061383 0.67025728520740757 0.66344057047461735 1.1118816607170565 6.6936395799896138 7.3146824999864348
decision_type=2 2 2 2 2 2
left_child=1 -1 -3 5 -5 -2
right_child=3 2 -4 4 -6 -7
leaf_value=0.0018036715469352095 0.021283357220726572 -0.0078701214416573868 -0.047676883560253402 -0.021739885863862704 0.010580098558579727 -0.012766036674205759
leaf_weight=208.70649083703756 34.370704721659422 24.065343115478754 8.0020122118294221 20.523501895368099 20.356238577514887 3.8124911524355403
leaf_count=1165 194 146 46 115 111 21
internal_value=-7.49706e-05 -0.00188461 -0.0228946 0.0052203 -0.00624691 0.0167991
internal_weight=319.837 240.774 32.0674 79.0629 40.8797 38.1832
internal_count=1798 1357 192 441 226 215
is_linear=0
shrinkage=0.05


Tree=140
num_leaves=7
num_cat=0
split_feature=2 5 2 0 0 13
split_gain=1.26886 3.06636 2.3476 2.18602 2.05655 1.61583
threshold=0.11750592993540139 0.3050000000000001 0.14547273392652485 0.64750000000000008 0.30750000000000005 -0.065242559858713509
decision_type=2 2 2 2 2 10
left_child=1 3 4 -1 -2 -4
right_child=2 -3 5 -5 -6 -7
leaf_value=-0.0025609785558494023 -0.0052097921328633275 -0.028922653062740153 0.0092952339033579943 0.0073551050270710813 0.026712650605585371 -0.023967502437385432
leaf_weight=223.27235800027847 5.1361962780356469 4.5646109133958808 2.9462437257170677 68.468859128654003 12.149851907044647 3.1565568856894961
leaf_count=1143 34 24 23 487 68 19
internal_value=-0.000114517 -0.00106491 0.00999267 -0.000149051 0.0181867 -0.0109549
internal_weight=319.695 296.306 23.3888 291.741 17.286 6.1028
internal_count=1798 1654 144 1630 102 42
is_linear=0
shrinkage=0.05


Tree=141
num_leaves=5
num_cat=0
split_feature=9 8 2 2
split_gain=1.2553 1.50696 3.24882 2.97337
threshold=-1.7774692772758873 0.64523777796837456 0.05818433351570395 0.029202320382766784
decision_type=2 2 2 2
left_child=-1 2 -2 -3
right_child=1 3 -4 -5
leaf_value=-0.016683474259723847 0.0097479829973278129 -0.022436454615186827 -0.0035700629977946821 -0.00062977661831460684
leaf_weight=6.0551131628453723 91.788036692887545 12.912241011857985 83.124427080154419 125.32490887865424
leaf_count=39 558 70 480 651
internal_value=-0.000121905 0.000455495 0.00349547 -0.00337875
internal_weight=319.205 313.15 174.912 138.237
internal_count=1798 1759 1038 721
is_linear=0
shrinkage=0.05


Tree=142
num_leaves=7
num_cat=0
split_feature=8 4 11 2 8 11
split_gain=1.24022 3.8823 5.11625 2.8957 2.3519 3.37767
threshold=0.49098576581049852 0.016393596310754988 0.9026478877170564 0.071433729807079169 0.53779231033774455 0.94276278193810936
decision_type=2 2 2 2 2 2
left_child=1 2 -1 -3 -2 -6
right_child=4 3 -4 -5 5 -7
leaf_value=0.022416858207345118 0.013096110383172689 -0.030577217807949503 -0.023889439419666716 0.0063558434543009735 -0.0029052562434704601 0.013588764919730753
leaf_weight=12.825235702097418 30.404245849698782 14.132985312491657 4.2492670379579058 5.2778870910406104 221.31107309274375 30.982834465801716
leaf_count=82 189 81 23 30 1224 169
internal_value=-0.000141754 -0.00822176 0.00809196 -0.0212901 0.00102583 -0.000655007
internal_weight=319.184 36.4854 17.0745 19.4109 282.698 252.294
internal_count=1798 216 105 111 1582 1393
is_linear=0
shrinkage=0.05


Tree=143
num_leaves=7
num_cat=0
split_feature=0 5 3 6 3 9
split_gain=1.2393 1.60282 2.8045 2.70257 0.627255 0.23328
threshold=0.15000000000000005 -0.022500000000000003 0.50949162486305344 6.1688049488387833 -1.4185390885838174 1.3407763532203243
decision_type=2 2 2 2 2 2
left_child=4 2 -2 -3 -1 -6
right_child=1 3 -4 -5 5 -7
leaf_value=0.0026811457315321103 0.00010943645289705918 0.0079696567424079288 0.016295056173672676 -0.0057683287716235078 -0.023681096780226698 0.00049014135799937345
leaf_weight=2.3636190220713615 94.509980671107769 42.577199526131153 32.373626016080379 142.22644600272179 4.1484410166740409 0.89664112403988827
leaf_count=29 467 234 151 792 105 20
internal_value=-0.000136358 0.000473081 0.00470032 -0.00247665 -0.0156352 -0.0212796
internal_weight=319.096 311.687 126.884 184.804 7.4087 5.04508
internal_count=1798 1644 618 1026 154 125
is_linear=0
shrinkage=0.05


Tree=144
num_leaves=6
num_cat=0
split_feature=0 8 4 13 1
split_gain=1.2483 1.46599 3.49525 2.29356 1.0292
threshold=0.90750000000000008 0.49098576581049852 0.016393596310754988 0.23028439575771201 0.88367084142756591
decision_type=2 2 2 10 2
left_child=1 2 -1 -3 -2
right_child=4 3 -4 -5 -6
leaf_value=0.0064309089222452766 -0.0056371591262005223 0.0021616971280184407 -0.022028318853034669 -0.011957874700514617 0.024241891902287246
leaf_weight=16.45574602112174 1.9204495772719372 250.42965418845415 18.857023373246193 27.421187723055482 4.0578193366527557
leaf_count=98 17 1340 105 174 64
internal_value=-0.000131147 -0.00070114 -0.00961358 0.000581483 0.0164477
internal_weight=319.142 313.164 35.3128 277.851 5.97827
internal_count=1798 1717 203 1514 81
is_linear=0
shrinkage=0.05


Tree=145
num_leaves=7
num_cat=0
split_feature=4 4 4 4 3 8
split_gain=1.26845 5.36171 4.02202 3.98808 3.50097 2.98751
threshold=0.017853571071357155 0.021794494717703353 0.027824613072817198 0.01615240135339106 1.4142135623730949 0.62646955073109833
decision_type=2 2 2 2 2 2
left_child=3 5 -3 4 -1 -2
right_child=1 2 -4 -5 -6 -7
leaf_value=-0.0043053495876349181 8.2769998975681876e-06 -0.014973376354430896 0.0024019909126412557 -0.026446224470821306 0.022782503955453809 0.03199559414979488
leaf_weight=73.625642139464617 11.202998902648689 36.780717428773642 159.7010540459305 12.576302845031021 9.0619707908481342 15.963411614298819
leaf_count=468 72 208 827 77 59 87
internal_value=-0.000129936 0.00192822 -0.00114148 -0.004817 -0.000206916 0.0208563
internal_weight=318.912 223.648 196.482 95.2639 82.6876 27.1664
internal_count=1798 1194 1035 604 527 159
is_linear=0
shrinkage=0.05


Tree=146
num_leaves=7
num_cat=0
split_feature=4 8 2 4 4 13
split_gain=1.222 3.12989 2.23691 2.1059 3.0435 1.25247
threshold=0.066590999661086697 0.58035895506269186 0.082823439098134694 0.063418249683888733 0.058922612779853362 -0.010904950828191401
decision_type=2 2 2 2 2 8
left_child=3 5 -3 4 -1 -2
right_child=1 2 -4 -5 -6 -7
leaf_value=0.0011660541936597928 -0.0074957121138636076 -0.00014392847431190576 -0.030030439832610851 0.022965509501897755 -0.026216442295830464 0.017806887129998374
leaf_weight=273.96420242078602 4.2889947816729546 10.261397264897825 11.256156045943497 5.5188159383833399 5.5309808030724517 8.0356969535350782
leaf_count=1578 20 48 60 26 29 37
internal_value=-0.000114576 -0.00844129 -0.0184925 0.00100262 0.000172947 0.00937954
internal_weight=318.856 33.8422 21.5176 285.014 279.495 12.3247
internal_count=1798 165 108 1633 1607 57
is_linear=0
shrinkage=0.05


Tree=147
num_leaves=7
num_cat=0
split_feature=2 5 2 0 0 13
split_gain=1.20489 2.85618 2.23744 1.99275 1.94441 1.56782
threshold=0.11750592993540139 0.3050000000000001 0.14547273392652485 0.64750000000000008 0.30750000000000005 -0.065242559858713509
decision_type=2 2 2 2 2 10
left_child=1 3 4 -1 -2 -4
right_child=2 -3 5 -5 -6 -7
leaf_value=-0.0024646021006348444 -0.005053441569657164 -0.027859057469531698 0.009195700339425952 0.0070243488566373944 0.026064542645893508 -0.023585420673378293
leaf_weight=222.85782275535166 5.1063695494085612 4.6186594367027274 2.9375048168003559 68.075882337987423 12.084316827356814 3.1311296522617331
leaf_count=1143 34 24 23 487 68 19
internal_value=-0.000125991 -0.00105218 0.00974679 -0.000163105 0.0177652 -0.0107317
internal_weight=318.812 295.552 23.2593 290.934 17.1907 6.06863
internal_count=1798 1654 144 1630 102 42
is_linear=0
shrinkage=0.05


Tree=148
num_leaves=7
num_cat=0
split_feature=11 11 3 9 0 7
split_gain=1.19389 5.21746 4.088 3.15233 3.06102 2.89891
threshold=-0.90164203839979595 -0.84810589577471474 -1.0088462938727589 -1.0381104898235083 0.50750000000000017 -0.8944026823708221
decision_type=2 2 2 2 2 2
left_child=2 3 4 -2 -1 -4
right_child=1 -3 5 -5 -6 -7
leaf_value=-0.032310336691920953 0.0080642231257193244 0.00033772670840529579 -0.01728071715658094 -0.03861989328887247 0.011488856345106331 0.018971962736866941
leaf_weight=5.2919831518083793 2.8582927063107482 262.91631299071014 2.4733448810875407 9.0265270080417377 3.2422089800238609 32.530564475804567
leaf_count=34 15 1487 17 50 19 176
internal_value=-0.000132399 -0.00138616 0.00710864 -0.0283291 -0.0175736 0.0145707
internal_weight=318.339 274.801 43.5381 11.8848 8.53419 35.0039
internal_count=1798 1552 246 65 53 193
is_linear=0
shrinkage=0.05


Tree=149
num_leaves=7
num_cat=0
split_feature=4 4 13 13 4 1
split_gain=1.19062 4.93478 3.90171 4.31186 3.69276 3.20248
threshold=0.017853571071357155 0.021794494717703353 0.1536458382437719 0.23597019115594811 0.02678035660703568 0.96107446232714178
decision_type=2 2 10 8 2 2
left_child=2 -2 5 -4 -3 -1
right_child=1 4 3 -5 -6 -7
leaf_value=-0.01427819806186845 0.020013691803422742 -0.01639020696293382 0.0317039547767788 -0.0088599280278132894 0.0018417552915858963 0.0095896930635827951
leaf_weight=62.993049854412675 27.089433051645756 28.110972441732883 8.9742388352751714 9.1242753341794032 167.97988348826766 13.952089454978703
leaf_count=373 159 158 51 72 877 108
internal_value=-0.000164146 0.00183241 -0.00470969 0.0137627 -0.00111447 -0.00962929
internal_weight=318.224 223.18 95.0437 18.0985 196.091 76.9451
internal_count=1798 1194 604 123 1035 481
is_linear=0
shrinkage=0.05


Tree=150
num_leaves=6
num_cat=0
split_feature=0 13 5 13 1
split_gain=1.18276 1.37389 1.74614 1.38502 0.967036
threshold=0.90750000000000008 -0.29447619684762982 -0.022500000000000003 -0.39049715076617242 0.88367084142756591
decision_type=2 8 2 10 2
left_child=1 3 -3 -1 -2
right_child=4 2 -4 -5 -6
leaf_value=-0.0058830055462950814 -0.0053378613510506748 0.0028294812168834804 -0.004744376116489501 0.02171523264412123 0.023739611272713006
leaf_weight=4.3348779603838921 1.9468132108449925 130.5319498796016 169.49278909340501 7.8904100470244867 3.9270436875522137
leaf_count=32 17 750 882 53 64
internal_value=-0.00013781 -0.000691484 -0.00145685 0.0130623 0.0160792
internal_weight=318.124 312.25 300.025 12.2253 5.87386
internal_count=1798 1717 1632 85 81
is_linear=0
shrinkage=0.05


Tree=151
num_leaves=6
num_cat=0
split_feature=12 12 12 6 3
split_gain=1.17772 2.02108 1.96374 3.69034 2.22323
threshold=-0.99306417660977864 -0.99863143642332985 -0.89199300740364562 6.9413931245502987 -1.7049153096044749
decision_type=2 2 2 2 2
left_child=1 -1 3 -2 -4
right_child=2 -3 4 -5 -6
leaf_value=0.0084577838376257274 -0.00082177841841034154 -0.025043157963482218 -0.020721942349742901 0.029553939505356008 4.4131997959422776e-05
leaf_weight=4.1779740378260612 26.037482360377908 6.5493052415549737 8.5549965277314168 10.973825730383394 261.86202952638268
leaf_count=26 147 38 48 62 1477
internal_value=-0.000105618 -0.0134547 0.00056805 0.0106301 -0.000977095
internal_weight=318.156 10.7273 307.428 37.0113 270.417
internal_count=1798 64 1734 209 1525
is_linear=0
shrinkage=0.05


Tree=152
num_leaves=5
num_cat=0
split_feature=9 8 12 10
split_gain=1.17778 1.43124 3.2028 3.06649
threshold=-1.7774692772758873 0.66574418385534895 -0.79332462336093024 0.010000000000000007
decision_type=2 2 2 2
left_child=-1 3 -3 -2
right_child=1 2 -4 -5
leaf_value=-0.016202057297760017 -0.011283945600800163 0.010578862340192135 -0.008608884573620891 0.0053933481912589697
leaf_weight=5.9836409986019126 27.727421397343278 24.108004786074162 84.487027136608958 175.80862927809358
leaf_count=39 211 124 436 988
internal_value=-0.000106903 0.000452228 -0.00407108 0.00290535
internal_weight=318.115 312.131 108.595 203.536
internal_count=1798 1759 560 1199
is_linear=0
shrinkage=0.05


Tree=153
num_leaves=7
num_cat=0
split_feature=0 1 3 1 6 8
split_gain=1.15306 2.90617 4.02219 2.95307 2.76644 5.31677
threshold=0.41000000000000009 -0.87622832653069038 -1.6600377076559727 -0.63643048256493728 7.0589899976483776 0.61890124754400622
decision_type=2 2 2 2 2 2
left_child=4 2 -2 -3 -1 -6
right_child=1 3 -4 -5 5 -7
leaf_value=-0.0079758022627386734 -0.015594980278878677 -0.023240896948228291 0.022943544277222033 0.0012981006633545845 -0.01030979885209457 0.029202982209549339
leaf_weight=91.47135978937149 4.9207926020026234 8.2272381037473661 25.065508931875229 163.09352793172002 13.783615428954365 11.413921767845748
leaf_count=548 25 38 116 911 100 60
internal_value=-0.00011726 0.00216126 0.0152944 -0.000505956 -0.00397601 0.00946038
internal_weight=317.976 201.307 29.9863 171.321 116.669 25.1975
internal_count=1798 1090 141 949 708 160
is_linear=0
shrinkage=0.05


Tree=154
num_leaves=7
num_cat=0
split_feature=4 11 7 11 4 4
split_gain=1.18838 3.09245 3.13367 2.41108 1.98337 2.90354
threshold=0.066590999661086697 -0.57355567466301804 0.63098532011360609 -0.94259292838992492 0.063418249683888733 0.058922612779853362
decision_type=2 2 2 2 2 2
left_child=4 3 -3 -2 5 -1
right_child=1 2 -4 -5 -6 -7
leaf_value=0.0011530282687094858 -0.01350996100524432 -0.027309707120718413 0.009722488659107572 0.020780322879710454 0.022304618714441501 -0.025632629264095493
leaf_weight=272.90040025487542 3.9766101315617552 16.245220638811592 4.9139731600880614 8.5812979899346811 5.516617700457572 5.4997620284557334
leaf_count=1578 19 78 27 41 26 29
internal_value=-0.000114689 -0.00833901 -0.0184949 0.00916682 0.000989419 0.000180983
internal_weight=317.634 33.7171 21.1592 12.5579 283.917 278.4
internal_count=1798 165 105 60 1633 1607
is_linear=0
shrinkage=0.05


Tree=155
num_leaves=6
num_cat=0
split_feature=12 3 12 2 13
split_gain=1.1323 1.93982 1.78139 2.52624 1.51939
threshold=-0.99306417660977864 0.63430097859827195 -0.96812032175654827 0.070372888761928445 -0.079031274077242517
decision_type=2 2 2 2 8
left_child=1 -1 3 -2 -4
right_child=2 -3 4 -5 -6
leaf_value=-0.026562469802246625 -0.0045474342629788231 0.0060726020853695811 0.004463649461693522 0.029946671181413077 -0.0029896541524017761
leaf_weight=5.2132167872041446 7.5992608629167062 5.4921218082308769 99.477060690522194 6.760993629693985 193.02261981926858
leaf_count=31 43 33 568 36 1087
internal_value=-0.000118846 -0.0132168 0.000542674 0.0152327 -0.000422421
internal_weight=317.565 10.7053 306.86 14.3603 292.5
internal_count=1798 64 1734 79 1655
is_linear=0
shrinkage=0.05


Tree=156
num_leaves=7
num_cat=0
split_feature=11 8 8 5 11 8
split_gain=1.17081 6.09343 4.70173 4.32088 3.26005 3.33937
threshold=0.12204979129193404 0.7124201401232243 0.67398331734739736 0.090000000000000122 0.45006596843155194 0.75513835190329359
decision_type=2 2 2 2 2 2
left_child=1 2 -1 -3 -2 -6
right_child=4 3 -4 -5 5 -7
leaf_value=-0.0027757251999845078 0.015891932273489031 0.026834726816178753 -0.02586588837532541 -0.011061455335596144 0.0015346553664188761 -0.027010386582314645
leaf_weight=115.41911514289677 32.439160279929638 20.40742797404528 22.723829487338662 7.4401129633188239 112.73197885788977 6.2292906492948523
leaf_count=681 190 96 119 38 644 30
internal_value=-0.000107959 -0.00296599 -0.00734477 0.0165673 0.00302014 -0.000989256
internal_weight=317.391 165.99 138.143 27.8475 151.4 118.961
internal_count=1798 934 800 134 864 674
is_linear=0
shrinkage=0.05


Tree=157
num_leaves=5
num_cat=0
split_feature=9 6 6 8
split_gain=1.22885 1.39441 5.55366 4.97067
threshold=-1.9354446677946526 6.8569197263604496 6.7848245097671009 0.74171818064016881
decision_type=2 2 2 2
left_child=-1 2 -2 -3
right_child=1 3 -4 -5
leaf_value=-0.018940430102496367 0.00074436530009445404 0.00093905770273063332 -0.025578500950006296 0.033027939137041877
leaf_weight=3.448030572384595 184.14368009008467 103.64565261080861 17.451123002916574 8.7082183733582479
leaf_count=24 1018 618 97 41
internal_value=-0.000120053 0.000380327 -0.00209818 0.0047274
internal_weight=317.397 313.949 201.595 112.354
internal_count=1798 1774 1115 659
is_linear=0
shrinkage=0.05


Tree=158
num_leaves=7
num_cat=0
split_feature=0 4 4 2 3 9
split_gain=1.13118 1.5938 3.09481 2.28036 0.606863 0.263539
threshold=0.15000000000000005 0.0070710678118654805 0.017853571071357155 0.024909534253079228 -1.4185390885838174 1.3613175906403112
decision_type=2 2 2 2 2 2
left_child=4 3 -3 -2 -1 -6
right_child=1 2 -4 -5 5 -7
leaf_value=0.0027759616555937082 -0.0045771296599506532 -0.0098222492188163053 0.0021926877339770888 0.022050317296324749 -0.023253953793909241 0.00096070259533476198
leaf_weight=2.3489934243261814 11.408055983483793 65.465589448809624 219.15782867744565 14.063653670251368 4.0251166447997084 0.84507888555526722
leaf_count=29 60 373 1128 83 106 19
internal_value=-0.000121677 0.000459021 -0.000692701 0.0113304 -0.0150463 -0.020694
internal_weight=317.314 310.095 284.623 25.4717 7.21919 4.8702
internal_count=1798 1644 1501 143 154 125
is_linear=0
shrinkage=0.05


Tree=159
num_leaves=5
num_cat=0
split_feature=0 9 8 1
split_gain=1.12446 1.36181 1.39515 0.947194
threshold=0.90750000000000008 -1.9354446677946526 0.66574418385534895 0.88367084142756591
decision_type=2 2 2 2
left_child=1 -1 -3 -2
right_child=3 2 -4 -5
leaf_value=-0.020783207212240543 -0.0053390027131932022 0.0023214996025262935 -0.0046053755300501297 0.023411334481563763
leaf_weight=3.1920672152191392 1.9460087195038784 200.91703218966722 107.35870970226824 3.8436562865972519
leaf_count=21 17 1150 546 64
internal_value=-0.00012325 -0.000662548 -0.000125824 0.0157518
internal_weight=317.257 311.468 308.276 5.78967
internal_count=1798 1717 1696 81
is_linear=0
shrinkage=0.05


Tree=160
num_leaves=7
num_cat=0
split_feature=4 2 2 8 4 8
split_gain=1.11544 2.50075 4.84573 4.49566 1.88355 3.92862
threshold=0.058922612779853362 0.082103361200150937 0.066451455069384019 0.55557250081518339 0.027824613072817198 0.51821726193350259
decision_type=2 2 2 2 2 2
left_child=4 2 -2 -3 -1 -6
right_child=1 3 -4 -5 5 -7
leaf_value=-0.002395850061315014 -0.015814658842057489 0.013790394463449047 0.022100977457473293 -0.029229666497150454 -0.015592373658018015 0.0094235705032520642
leaf_weight=158.2824803031981 11.787531338632109 5.1581033319234875 12.10239592194557 15.563920915126799 13.804310491308568 100.47591266408563
leaf_count=971 57 26 55 82 81 526
internal_value=-0.000120885 -0.00702455 0.00389376 -0.0179221 0.00111526 0.00587487
internal_weight=317.175 44.612 23.8899 20.722 272.563 114.28
internal_count=1798 220 112 108 1578 607
is_linear=0
shrinkage=0.05


Tree=161
num_leaves=5
num_cat=0
split_feature=9 8 6 2
split_gain=1.12143 1.28558 3.28683 3.15366
threshold=-1.9354446677946526 0.64523777796837456 6.7037278411756285 0.05818433351570395
decision_type=2 2 2 2
left_child=-1 3 -3 -2
right_child=1 2 -4 -5
leaf_value=-0.018147655400843489 0.009293728225554793 -0.0094511113194669979 0.0057273995753766745 -0.0037738745699848596
leaf_weight=3.4112526699900618 92.277363531291485 80.779063640162349 56.687041241675615 83.902913101017475
leaf_count=24 564 424 297 489
internal_value=-0.000128811 0.00034885 -0.0032106 0.0031381
internal_weight=317.058 313.646 137.466 176.18
internal_count=1798 1774 721 1053
is_linear=0
shrinkage=0.05


Tree=162
num_leaves=7
num_cat=0
split_feature=6 13 7 6 6 7
split_gain=1.14257 4.82355 3.27674 2.71602 5.35527 5.13768
threshold=7.2267200651451509 -0.1538987893137517 -0.94384616003320609 6.8569197263604496 6.7848245097671009 -0.77008683294698532
decision_type=2 10 2 2 2 2
left_child=3 -2 -3 4 -1 -5
right_child=1 2 -4 5 -6 -7
leaf_value=0.0007758704375355666 0.011645694290802729 0.010328631864713694 -0.028264702649929141 -0.018189142782994314 -0.025009856540683963 0.014185892099346058
leaf_weight=185.62957611866295 15.710880884900687 4.3207670636475113 18.794948128983378 10.392379462718962 17.550225034356117 64.620573641732335
leaf_count=1029 97 25 121 62 98 366
internal_value=-0.000135122 -0.0076459 -0.0204969 0.00102962 -0.00199863 0.00884426
internal_weight=317.019 38.8266 23.1157 278.193 203.18 75.013
internal_count=1798 243 146 1555 1127 428
is_linear=0
shrinkage=0.05


Tree=163
num_leaves=7
num_cat=0
split_feature=2 5 2 9 9 13
split_gain=1.13278 2.67058 2.11311 1.86241 1.76998 0.866487
threshold=0.11750592993540139 0.3050000000000001 0.14547273392652485 1.1118816607170565 0.093453930640416266 -0.046148624670367969
decision_type=2 2 2 2 2 10
left_child=1 3 4 -1 -2 -4
right_child=2 -3 5 -5 -6 -7
leaf_value=0.0015601629823765043 0.028420587767754642 -0.026932069438253128 0.0048945988685319087 -0.0091046398994227649 -0.00050035430135148744 -0.020376658085707228
leaf_weight=245.34501382894814 8.6160464286804253 4.6475909352302542 3.3125525191426277 43.940894860774279 8.3738357871770841 2.6623533256351939
leaf_count=1381 47 24 25 249 55 17
internal_value=-0.000155335 -0.00105321 0.0094704 -0.000186928 0.0172936 -0.0105191
internal_weight=316.898 293.933 22.9648 289.286 16.9899 5.97491
internal_count=1798 1654 144 1630 102 42
is_linear=0
shrinkage=0.05


Tree=164
num_leaves=7
num_cat=0
split_feature=11 8 11 11 8 13
split_gain=1.1101 5.54257 4.28518 3.04681 3.09801 2.6993
threshold=0.12204979129193404 0.7124201401232243 -0.90164203839979595 0.45006596843155194 0.75513835190329359 -0.087793215684593542
decision_type=2 2 2 2 2 8
left_child=1 2 -1 -2 -5 -3
right_child=3 5 -4 4 -6 -7
leaf_value=0.0064703170114835673 0.015336553677685452 -0.004834376848368592 -0.012430881288169578 0.0014396597075887457 -0.026087321734420989 0.024825452586283981
leaf_weight=38.412744423374534 32.389233041554689 9.2807698622345907 99.526719713583589 112.58928044885397 6.2018262818455687 18.52541168034077
leaf_count=222 190 45 578 644 30 89
internal_value=-0.000164602 -0.00294868 -0.00712515 0.00288439 -0.000993101 0.015698
internal_weight=316.926 165.746 137.939 151.18 118.791 27.8062
internal_count=1798 934 800 864 674 134
is_linear=0
shrinkage=0.05


Tree=165
num_leaves=6
num_cat=0
split_feature=0 8 9 9 1
split_gain=1.11434 1.29198 3.35002 1.86767 0.894526
threshold=0.90750000000000008 0.49098576581049852 0.18747853891702729 1.1118816607170565 0.88367084142756591
decision_type=2 2 2 2 2
left_child=1 2 -1 -3 -2
right_child=4 3 -4 -5 -6
leaf_value=-0.019324070604299168 -0.0049656035431497004 0.0023253737754108106 0.0091810458472293965 -0.0084821750348058663 0.023158704617886869
leaf_weight=22.265185814350843 1.9789076969027508 233.05109755136073 12.771064702421425 43.058661067858338 3.7774315252900124
leaf_count=123 17 1272 80 242 64
internal_value=-0.000152786 -0.000688927 -0.0090847 0.000519071 0.0156763
internal_weight=316.902 311.146 35.0363 276.11 5.75634
internal_count=1798 1717 203 1514 81
is_linear=0
shrinkage=0.05


Tree=166
num_leaves=7
num_cat=0
split_feature=6 7 9 6 0 0
split_gain=1.09706 7.13494 4.26181 5.05804 3.37599 3.0513
threshold=6.3470207762474145 -0.023769007888555068 -0.86880303778761203 6.6149600502560508 0.62000000000000011 0.52750000000000019
decision_type=2 2 2 2 2 2
left_child=1 -1 4 -4 -2 -3
right_child=2 5 3 -5 -6 -7
leaf_value=0.016829772101532001 -0.021760361219035188 -0.019728162571799636 -0.01294390206579365 0.0067617227715861192 0.0035993456949656014 0.0033765901521903598
leaf_weight=49.072984866797924 35.489309689030051 24.686712648719549 38.369794722646475 126.45509090647101 17.549243818968534 25.148875001817942
leaf_count=255 197 128 217 736 110 155
internal_value=-0.000143701 0.00410141 -0.00211973 0.00192839 -0.0137822 -0.0088239
internal_weight=316.772 98.9086 217.863 164.825 53.0386 49.8356
internal_count=1798 538 1260 953 307 283
is_linear=0
shrinkage=0.05


Tree=167
num_leaves=7
num_cat=0
split_feature=0 4 4 0 3 9
split_gain=1.07135 1.49056 2.81925 2.20853 0.583795 0.262355
threshold=0.15000000000000005 0.0070710678118654805 0.018027756377319976 0.55750000000000022 -1.4185390885838174 1.3613175906403112
decision_type=2 2 2 2 2 2
left_child=4 3 -3 -2 -1 -6
right_child=1 2 -4 -5 5 -7
leaf_value=0.0027106761933179658 -0.00014294231403955463 -0.0092516898353287285 0.0021103836600630073 0.027279228219506679 -0.022916645636079862 0.0010262515795501929
leaf_weight=2.3554857224225998 18.080158360302452 67.508959788829088 216.30182803049684 7.3039097785949698 3.9280624352395526 0.8380999881774186
leaf_count=29 84 386 1115 59 106 19
internal_value=-0.000156009 0.00040912 -0.000705648 0.010938 -0.0147399 -0.0203365
internal_weight=316.317 309.195 283.811 25.3841 7.12165 4.76616
internal_count=1798 1644 1501 143 154 125
is_linear=0
shrinkage=0.05


Tree=168
num_leaves=7
num_cat=0
split_feature=6 13 7 6 6 2
split_gain=1.06264 4.41771 3.03732 2.41021 5.02624 4.83633
threshold=7.2267200651451509 -0.1538987893137517 -0.94384616003320609 6.8569197263604496 6.7848245097671009 0.071433729807079169
decision_type=2 10 2 2 2 2
left_child=3 -2 -3 4 -1 -5
right_child=1 2 -4 5 -6 -7
leaf_value=0.00080908036401087049 0.011098007387744795 0.010015712279557443 -0.027208463890799457 -0.0013847960252010658 -0.024206367417370006 0.0237010171478601
leaf_weight=185.20553283020854 15.643075568601487 4.282484374940398 18.717533757910132 48.578093159943819 17.484696438536048 26.240916021168232
leaf_count=1029 97 25 121 284 98 144
internal_value=-0.000147545 -0.00740667 -0.0197267 0.000976483 -0.00187963 0.00834697
internal_weight=316.152 38.6431 23 277.509 202.69 74.819
internal_count=1798 243 146 1555 1127 428
is_linear=0
shrinkage=0.05


Tree=169
num_leaves=7
num_cat=0
split_feature=13 7 6 6 7 2
split_gain=1.07728 2.96828 5.41382 4.70678 2.68139 4.50839
threshold=0.25015236952841902 -0.27234006522444482 6.6884107466253431 6.8149046661589834 -0.82930153751790825 0.075675183031756563
decision_type=8 2 2 2 2 2
left_child=1 2 -1 -3 5 -2
right_child=4 3 -4 -5 -6 -7
leaf_value=0.018773556573527417 -0.036197651986743087 -0.0086493135222779401 -0.0046931339379855733 0.008271266050374709 0.0013037831326760398 0.0091990893578951134
leaf_weight=49.077468004077673 9.7025168780237419 110.48501494154334 42.07391931116581 59.102444605901837 39.52951418235898 6.0545263215899459
leaf_count=249 60 619 227 343 260 40
internal_value=-0.000145794 0.00122543 0.00826095 -0.00268437 -0.00617796 -0.0207402
internal_weight=316.025 260.739 91.1514 169.587 55.2866 15.757
internal_count=1798 1438 476 962 360 100
is_linear=0
shrinkage=0.05


Tree=170
num_leaves=6
num_cat=0
split_feature=0 13 13 13 1
split_gain=1.07065 1.31739 1.73821 1.32773 0.863561
threshold=0.90750000000000008 -0.29447619684762982 -0.25110817717244199 -0.39049715076617242 0.88367084142756591
decision_type=2 8 8 10 2
left_child=1 3 -3 -1 -2
right_child=4 2 -4 -5 -6
leaf_value=-0.0057416890413329808 -0.0048401310827131663 -0.01734143812876901 -0.00051579553532236553 0.021330560651971045 0.022838688719917788
leaf_weight=4.3245947882533073 1.989959567785262 11.240913700312374 286.9242035150528 7.8181642293930036 3.6959108933806419
leaf_count=32 17 63 1569 53 64
internal_value=-0.000148176 -0.000673419 -0.00142567 0.0128264 0.0154195
internal_weight=315.994 310.308 298.165 12.1428 5.68587
internal_count=1798 1717 1632 85 81
is_linear=0
shrinkage=0.05


Tree=171
num_leaves=7
num_cat=0
split_feature=7 9 2 6 7 1
split_gain=1.06606 6.83045 5.05922 4.02544 2.98108 2.26235
threshold=0.64276892290061383 0.67025728520740757 0.03879252285242539 5.4912489800785922 0.90179315718640263 1.8990595271375954
decision_type=2 2 2 2 2 2
left_child=1 5 -3 -2 -5 -1
right_child=3 2 -4 4 -6 -7
leaf_value=4.5893685874005502e-05 -0.027484002278214622 0.011850805869410461 -0.030501637191246836 0.015030666274293057 -0.0048177409158109167 0.017921886013702606
leaf_weight=191.59656442515552 3.9390172362327567 6.2325653582811382 25.444374723359942 47.754430521279573 26.442400954663754 14.503824159502981
leaf_count=1094 18 48 144 282 141 71
internal_value=-0.00012822 -0.00179968 -0.0216891 0.00476056 0.00809948 0.00169857
internal_weight=315.913 237.777 31.6769 78.1358 74.1968 206.1
internal_count=1798 1357 192 441 423 1165
is_linear=0
shrinkage=0.05


Tree=172
num_leaves=5
num_cat=0
split_feature=9 8 10 12
split_gain=1.04198 1.25748 2.9046 2.87671
threshold=-1.9354446677946526 0.66574418385534895 0.010000000000000007 0.11750128831440455
decision_type=2 2 2 2
left_child=-1 2 -2 -3
right_child=1 3 -4 -5
leaf_value=-0.017557127625668984 -0.011239845970680833 0.0029694085953911051 0.0050201674378652405 -0.01290845356889686
leaf_weight=3.3610506393015376 27.526236478239298 62.955453842878342 176.86498372070491 45.044262450188398
leaf_count=24 213 330 1001 230
internal_value=-0.00013593 0.000325139 0.00261426 -0.00393104
internal_weight=315.752 312.391 204.391 108
internal_count=1798 1774 1214 560
is_linear=0
shrinkage=0.05


Tree=173
num_leaves=5
num_cat=0
split_feature=0 5 11 6
split_gain=1.2746 1.40089 3.25274 2.41023
threshold=0.080000000000000029 -0.022500000000000003 0.11735685049843532 6.1688049488387833
decision_type=2 2 2 2
left_child=-1 2 -2 -3
right_child=1 3 -4 -5
leaf_value=-0.019880786400205439 -0.0034861818435692176 0.0074617120744621627 0.011851792331812524 -0.0055766862384019032
leaf_weight=2.9872218314558259 65.844727624207735 42.139466624706984 63.912620836868882 140.71270630694926
leaf_count=65 359 235 343 796
internal_value=-0.0001556 0.000342898 0.00422805 -0.00245327
internal_weight=315.597 312.61 129.757 182.852
internal_count=1798 1733 702 1031
is_linear=0
shrinkage=0.05


Tree=174
num_leaves=6
num_cat=0
split_feature=0 13 7 7 1
split_gain=1.0419 1.31022 2.56889 2.45144 0.834295
threshold=0.90750000000000008 0.25015236952841902 -0.34427581744937602 -0.27234006522444482 0.88367084142756591
decision_type=2 8 2 2 2
left_child=1 3 -3 -1 -2
right_child=4 2 -4 -5 -6
leaf_value=0.0073291774741183055 -0.0046912345768346398 -0.015919494564535449 0.0046732823257228905 -0.0027091058373395057 0.022580194677606528
leaf_weight=89.144220441579819 2.00283059477806 30.643124993890524 23.189322698861361 167.10319770686328 3.6328069940209389
leaf_count=450 17 197 144 926 64
internal_value=-0.000155438 -0.000672623 -0.0074055 0.000856483 0.0152392
internal_weight=315.716 310.08 53.8324 256.247 5.63564
internal_count=1798 1717 341 1376 81
is_linear=0
shrinkage=0.05


Tree=175
num_leaves=7
num_cat=0
split_feature=13 3 13 12 6 13
split_gain=1.07893 3.90978 3.83575 3.75616 3.40648 2.95115
threshold=-0.11790950347537912 -0.39056673294247052 -0.10096673929134438 -0.7447472513535075 5.4156756687705814 -0.075674724081601724
decision_type=8 2 8 2 2 8
left_child=1 3 -2 -1 -3 -4
right_child=2 4 5 -5 -6 -7
leaf_value=0.014683826190857868 -0.027086458227707267 -0.018764377075610312 0.018599766515566666 -0.018138475687067512 0.016190952471259016 -0.0019721458311212766
leaf_weight=8.2886925786733645 9.2206190526485425 3.7513869255781165 13.992287157103418 23.093028042465448 49.671882875263691 207.54157624952495
leaf_count=46 48 20 78 126 302 1178
internal_value=-0.000138999 0.00452692 -0.00191342 -0.00864269 0.0123406 -0.000290954
internal_weight=315.559 84.805 230.754 31.3817 53.4233 221.534
internal_count=1798 494 1304 172 322 1256
is_linear=0
shrinkage=0.05


Tree=176
num_leaves=5
num_cat=0
split_feature=0 5 11 13
split_gain=1.22825 1.33211 2.97912 2.25061
threshold=0.080000000000000029 -0.022500000000000003 0.11735685049843532 -0.11959316932319065
decision_type=2 2 2 10
left_child=-1 2 -2 -3
right_child=1 3 -4 -5
leaf_value=-0.019585921328180808 -0.0032645943700533595 0.004001866725450858 0.01141838876005092 -0.0069635948163319404
leaf_weight=2.9246772304177275 65.757679507136345 76.513173628598452 63.976181780919433 106.13935802876949
leaf_count=65 359 469 343 562
internal_value=-0.000144656 0.000343043 0.00413112 -0.00238592
internal_weight=315.311 312.386 129.734 182.653
internal_count=1798 1733 702 1031
is_linear=0
shrinkage=0.05


Tree=177
num_leaves=7
num_cat=0
split_feature=11 11 0 7 3 6
split_gain=1.09231 4.60598 3.78793 3.49169 2.50618 2.2395
threshold=-0.90164203839979595 -0.84810589577471474 0.31750000000000006 -0.8944026823708221 -0.76542133579542704 7.1682639767666165
decision_type=2 2 2 2 2 2
left_child=2 4 5 -4 -2 -1
right_child=1 -3 3 -5 -6 -7
leaf_value=-0.027190283812894206 0.0063714353113241799 0.00027909905466589561 -0.018222343285694425 0.020220595521568994 -0.035925583450885916 0.0089406407142280913
leaf_weight=6.3567607309669238 2.9055390357971183 260.41213840059936 3.0705538466572753 29.851099018007517 8.9049005154520255 3.7877216376364231
leaf_count=50 18 1487 17 157 47 22
internal_value=-0.000148853 -0.00135305 0.00681186 0.0147052 -0.0267198 -0.015202
internal_weight=315.289 272.223 43.0661 32.9217 11.8104 10.1445
internal_count=1798 1552 246 174 65 72
is_linear=0
shrinkage=0.05


Tree=178
num_leaves=5
num_cat=0
split_feature=0 5 13 6
split_gain=1.18632 1.22691 2.34351 2.23294
threshold=0.080000000000000029 -0.022500000000000003 -0.23024633329528355 6.1688049488387833
decision_type=2 2 10 2
left_child=-1 2 -2 -3
right_child=1 3 -4 -5
leaf_value=-0.019346894321939891 -0.010163064173239242 0.0072376267258845439 0.0068370507993832409 -0.0053271305755671272
leaf_weight=2.8733387552201739 20.004619197919965 42.004140682518482 109.74849442020059 140.47758076712489
leaf_count=65 111 235 591 796
internal_value=-0.000177086 0.000301474 0.00393622 -0.00231905
internal_weight=315.108 312.235 129.753 182.482
internal_count=1798 1733 702 1031
is_linear=0
shrinkage=0.05


Tree=179
num_leaves=7
num_cat=0
split_feature=4 11 7 11 4 4
split_gain=1.04671 2.95986 2.87726 2.33822 1.88488 2.67272
threshold=0.066590999661086697 -0.57355567466301804 0.63098532011360609 -0.94259292838992492 0.063418249683888733 0.058922612779853362
decision_type=2 2 2 2 2 2
left_child=4 3 -3 -2 5 -1
right_child=1 2 -4 -5 -6 -7
leaf_value=0.0010059100946938305 -0.013225478711262168 -0.026366918755935755 0.0092376548325154451 0.020636058354103204 0.021682403291758235 -0.024765360690679531
leaf_weight=270.85389714688063 3.9481538981199256 16.126311741769317 4.8861629553139201 8.5238380692899209 5.4690663442015639 5.4413781054317942
leaf_count=1578 19 78 27 41 26 29
internal_value=-0.000184486 -0.00792464 -0.0179034 0.00919959 0.000857478 6.71882e-05
internal_weight=315.249 33.4845 21.0125 12.472 281.764 276.295
internal_count=1798 165 105 60 1633 1607
is_linear=0
shrinkage=0.05


Tree=180
num_leaves=6
num_cat=0
split_feature=0 11 11 3 2
split_gain=1.01497 1.19058 4.46406 3.74557 0.832934
threshold=0.90750000000000008 -0.90164203839979595 -0.84810589577471474 -1.0088462938727589 0.070372888761928445
decision_type=2 2 2 2 2
left_child=1 3 -3 -1 -2
right_child=4 2 -4 -5 -6
leaf_value=-0.017024380529550773 0.022569122061433244 -0.027087388769098098 -0.00031696021570171775 0.013985479281960398 -0.0045985724925263448
leaf_weight=8.3839739132672531 3.4994002804160109 11.590571874752639 255.89754554443061 33.722606802359223 2.0825031027197838
leaf_count=53 54 62 1420 182 27
internal_value=-0.000184693 -0.000694192 -0.00195271 0.00665937 0.0150497
internal_weight=315.177 309.595 267.488 42.1066 5.5819
internal_count=1798 1717 1482 235 81
is_linear=0
shrinkage=0.05


Tree=181
num_leaves=5
num_cat=0
split_feature=0 5 11 13
split_gain=1.14778 1.11617 2.7503 2.04325
threshold=0.080000000000000029 -0.022500000000000003 0.11735685049843532 -0.11959316932319065
decision_type=2 2 2 10
left_child=-1 2 -2 -3
right_child=1 3 -4 -5
leaf_value=-0.019104455705674504 -0.0033548571404715499 0.003873192384986904 0.010739830108576426 -0.0065803691491404448
leaf_weight=2.8217857349663964 65.676137037575245 76.390734314918518 64.14765302464366 106.02927106060088
leaf_count=65 359 469 343 562
internal_value=-0.000185202 0.000284179 0.00374953 -0.00221626
internal_weight=315.066 312.244 129.824 182.42
internal_count=1798 1733 702 1031
is_linear=0
shrinkage=0.05


Tree=182
num_leaves=7
num_cat=0
split_feature=0 1 3 1 6 3
split_gain=1.02857 2.66856 3.7026 2.79675 2.44708 4.87537
threshold=0.41000000000000009 -0.87622832653069038 -1.6600377076559727 -0.63643048256493728 7.0589899976483776 -0.99999999999999911
decision_type=2 2 2 2 2 2
left_child=4 2 -2 -3 -1 -6
right_child=1 3 -4 -5 5 -7
leaf_value=-0.0076279991892762786 -0.015103144403742792 -0.022730344177718489 0.021969571732401962 0.0011794468738462152 -0.018010735689473586 0.021624207972712389
leaf_weight=90.49841133505106 4.8613340109586742 8.2019851058721525 24.862899474799633 161.74396746978164 7.3418231792748001 17.523668183013797
leaf_count=548 25 38 116 911 57 103
internal_value=-0.000187395 0.00197253 0.0146047 -0.000591154 -0.00385241 0.00886546
internal_weight=315.034 199.67 29.7242 169.946 115.364 24.8655
internal_count=1798 1090 141 949 708 160
is_linear=0
shrinkage=0.05


Tree=183
num_leaves=5
num_cat=0
split_feature=9 13 8 7
split_gain=0.984057 1.32144 3.2848 2.23433
threshold=-1.9354446677946526 0.085874746528377885 0.65545844346648374 0.64276892290061383
decision_type=2 10 2 2
left_child=-1 3 -3 -2
right_child=1 2 -4 -5
leaf_value=-0.017141452241974872 -0.0055276879773633559 0.012657931247662247 -0.0055416510737607665 0.0047946419374396351
leaf_weight=3.3422786295413962 141.64268628507853 53.692393271252513 39.05849914252758 76.981892667710781
leaf_count=24 813 318 207 436
internal_value=-0.000193147 0.000256803 0.00510243 -0.00186706
internal_weight=314.718 311.375 92.7509 218.625
internal_count=1798 1774 525 1249
is_linear=0
shrinkage=0.05


Tree=184
num_leaves=7
num_cat=0
split_feature=9 9 8 6 6 13
split_gain=0.990629 4.59686 3.68802 4.11167 2.51341 1.81328
threshold=1.1043705772825378 1.060071399331961 0.54887108185439792 6.6936395799896138 6.3470207762474145 -0.22809183392897694
decision_type=2 2 2 2 2 10
left_child=1 4 5 -4 -1 -2
right_child=2 -3 3 -5 -6 -7
leaf_value=0.0066232514234303404 -0.007957205536174938 0.030450041763893765 -0.026459493977863527 0.0035194884220007732 -0.0037184481422923355 0.027203607153192984
leaf_weight=81.599492402747273 2.7882261238992214 7.6579445097595444 19.892905727028847 19.238857856020331 177.77388850413263 5.827671140432356
leaf_count=444 20 42 114 107 1033 38
internal_value=-0.000191996 0.00102698 -0.00646031 -0.0129917 -0.000401194 0.0170814
internal_weight=314.779 267.031 47.7477 39.1318 259.373 8.6159
internal_count=1798 1519 279 221 1477 58
is_linear=0
shrinkage=0.05


Tree=185
num_leaves=7
num_cat=0
split_feature=0 1 1 2 3 3
split_gain=0.991674 4.07802 3.53708 3.38387 2.5923 6.13639
threshold=0.50000000000000011 -0.87622832653069038 -0.39523348421933413 0.037034124416631939 -0.96225044864937614 -0.81649658092772748
decision_type=2 2 2 2 2 2
left_child=4 3 -3 -2 -1 -6
right_child=1 2 -4 -5 5 -7
leaf_value=-0.01107836212947636 -0.006550484268196548 -0.0220052479049908 0.0024437737729878107 0.035449636202801227 0.031406460074140156 -0.0026605913583289701
leaf_weight=55.787763865664601 4.9892115518450728 11.73808344453573 122.41430656984448 10.410000085830687 10.154715750366448 99.231338053941727
leaf_count=349 29 59 738 50 54 519
internal_value=-0.000159196 0.00274271 -0.000409292 0.0235717 -0.00279003 0.00173657
internal_weight=314.725 149.552 134.152 15.3992 165.174 109.386
internal_count=1798 876 797 79 922 573
is_linear=0
shrinkage=0.05


Tree=186
num_leaves=7
num_cat=0
split_feature=6 13 7 6 8 6
split_gain=0.999009 3.99561 2.87364 2.21824 4.56355 4.37256
threshold=7.2267200651451509 -0.1538987893137517 -0.94384616003320609 6.8569197263604496 0.47203967573702277 6.7848245097671009
decision_type=2 10 2 2 2 2
left_child=3 -2 -3 5 -5 -1
right_child=1 2 -4 4 -6 -7
leaf_value=0.00072462229121895245 0.010498653241830795 0.0099379175384279872 -0.026251159958869646 -0.019581160953203742 0.01268461591346072 -0.02269606941270606
leaf_weight=184.3415910936892 15.488587176427243 4.2545767165720489 18.572299061343074 8.3692752066999656 66.029989615082741 17.308293517678976
leaf_count=1029 97 25 121 49 379 98
internal_value=-0.000130364 -0.00719665 -0.0189324 0.000961016 0.00805048 -0.00178616
internal_weight=314.365 38.3155 22.8269 276.049 74.3993 201.65
internal_count=1798 243 146 1555 428 1127
is_linear=0
shrinkage=0.05


Tree=187
num_leaves=6
num_cat=0
split_feature=0 13 7 7 2
split_gain=0.998368 1.18138 2.51222 2.33875 0.804422
threshold=0.90750000000000008 0.25015236952841902 -0.27234006522444482 -0.34427581744937602 0.070372888761928445
decision_type=2 8 2 2 2
left_child=1 2 -1 -3 -2
right_child=4 3 -4 -5 -6
leaf_value=0.0073519611906852841 0.0223934734042808 -0.015214853332453905 -0.0028246461374454453 0.004482176136119973 -0.0044053903960242302
leaf_weight=88.977736487984657 3.4566574506461611 30.453351270407438 166.21670572832227 23.061420567333698 2.1003994233906269
leaf_count=450 54 197 926 144 27
internal_value=-0.000151138 -0.000657766 0.000796689 -0.00706901 0.0149752
internal_weight=314.266 308.709 255.194 53.5148 5.55706
internal_count=1798 1717 1376 341 81
is_linear=0
shrinkage=0.05


Tree=188
num_leaves=7
num_cat=0
split_feature=4 2 2 8 5 2
split_gain=0.993304 2.41011 4.14875 4.04337 2.0623 4.35162
threshold=0.058922612779853362 0.082103361200150937 0.066451455069384019 0.55557250081518339 0.3050000000000001 0.088639406490935116
decision_type=2 2 2 2 2 2
left_child=4 2 -2 -3 5 -1
right_child=1 3 -4 -5 -6 -7
leaf_value=-0.00084291391297644221 -0.014368465690828214 0.012847089916054644 0.020860083097674662 -0.02815387003095194 -0.018872612769872218 0.01643416569718668
leaf_weight=224.0290200933814 11.629207082092764 5.1226748041808632 12.031019076704977 15.416906930506228 7.4616244323551646 38.431603068485856
leaf_count=1301 57 26 55 82 55 222
internal_value=-0.000134459 -0.00667555 0.00405901 -0.0174149 0.00103857 0.00194687
internal_weight=314.122 44.1998 23.6602 20.5396 269.922 262.461
internal_count=1798 220 112 108 1578 1523
is_linear=0
shrinkage=0.05


Tree=189
num_leaves=6
num_cat=0
split_feature=0 3 3 3 1
split_gain=0.969672 1.18503 4.98867 4.95676 0.800961
threshold=0.90750000000000008 -0.70680133543571111 -0.57735026918962362 -0.90453403373329511 0.88367084142756591
decision_type=2 2 2 2 2
left_child=1 3 -3 -1 -2
right_child=4 2 -4 -5 -6
leaf_value=-0.0015131949875371962 -0.0046320867509551241 -0.02974639161689276 -0.00060531075244173193 0.025299317705487653 0.022095718759555114
leaf_weight=89.534566204994917 2.0034823939204207 10.924711868166922 191.8975962344557 16.206619815900922 3.5115098878741264
leaf_count=534 17 64 1028 91 64
internal_value=-0.000137258 -0.00063599 -0.00285286 0.003553 0.0148005
internal_weight=314.078 308.563 202.822 105.741 5.51499
internal_count=1798 1717 1092 625 81
is_linear=0
shrinkage=0.05


Tree=190
num_leaves=5
num_cat=0
split_feature=9 13 2 0
split_gain=0.95178 1.16896 3.30857 2.23953
threshold=-1.9354446677946526 0.085874746528377885 0.026266521703009266 0.50000000000000011
decision_type=2 10 2 2
left_child=-1 3 -3 -2
right_child=1 2 -4 -5
leaf_value=-0.016816560309959611 -0.0068471745422245952 0.028661895951978059 0.0012386792442441686 0.0030844788133794839
leaf_weight=3.316689044237136 103.62517481669784 7.7295946069061747 84.816816752776504 114.49938763678074
leaf_count=24 553 52 473 696
internal_value=-0.000122048 0.00031972 0.00488084 -0.00168149
internal_weight=313.988 310.671 92.5464 218.125
internal_count=1798 1774 525 1249
is_linear=0
shrinkage=0.05


Tree=191
num_leaves=7
num_cat=0
split_feature=2 5 2 8 0 13
split_gain=0.952535 2.52234 1.97943 1.87014 1.66191 0.806913
threshold=0.11750592993540139 0.27250000000000008 0.14547273392652485 0.49098576581049852 0.30750000000000005 -0.046148624670367969
decision_type=2 2 2 2 2 10
left_child=1 3 4 -1 -2 -4
right_child=2 -3 5 -5 -6 -7
leaf_value=-0.010338701949519318 -0.0047695829572175575 -0.023251333111089997 0.0045860384295891045 0.0015538856520716249 0.024150626465000147 -0.020036467878611075
leaf_weight=32.960415128618479 5.0227624513208928 7.143955521285533 3.2409188151359558 250.90315679833293 11.77738196030259 2.6207171343266955
leaf_count=199 34 40 25 1415 68 17
internal_value=-0.000108889 -0.000936396 0.00876591 1.79421e-05 0.0163935 -0.0105784
internal_weight=313.669 291.008 22.6618 283.864 16.8001 5.86164
internal_count=1798 1654 144 1614 102 42
is_linear=0
shrinkage=0.05


Tree=192
num_leaves=7
num_cat=0
split_feature=4 0 4 4 3 13
split_gain=0.955215 2.62834 2.52884 4.60779 3.93445 2.31963
threshold=0.0070710678118654736 0.55750000000000022 0.017853571071357155 0.021794494717703353 1.4142135623730949 0.0019984739188725837
decision_type=2 2 2 2 2 8
left_child=1 5 4 -4 -2 -1
right_child=2 -3 3 -5 -6 -7
leaf_value=-0.016994237761123163 -0.014343618232008233 0.026485506314353355 0.019225921461119486 -0.0012588466406771321 0.014356496323408314 0.011297514843163152
leaf_weight=8.9402833394706231 56.555331045761704 7.1051653604954472 26.903781240805984 193.29570974968374 10.553863095119594 10.24620601534844
leaf_count=50 366 59 159 1035 63 66
internal_value=-0.000125299 0.00817953 -0.00101219 0.00161526 -0.00914762 -0.0026734
internal_weight=313.6 26.2917 287.309 220.199 67.1092 19.1865
internal_count=1798 175 1623 1194 429 116
is_linear=0
shrinkage=0.05


Tree=193
num_leaves=7
num_cat=0
split_feature=4 8 2 4 4 13
split_gain=0.925822 2.47629 1.87649 1.77573 2.50125 1.10609
threshold=0.066590999661086697 0.58035895506269186 0.082823439098134694 0.063418249683888733 0.058922612779853362 -0.010904950828191401
decision_type=2 2 2 2 2 8
left_child=3 5 -3 4 -1 -2
right_child=1 2 -4 -5 -6 -7
leaf_value=0.0010301136593076103 -0.007380143077100193 0.00027848330898022058 -0.027140373580517376 0.021126808248868853 -0.023970350430304238 0.01639160155432073
leaf_weight=269.42651817202568 4.1828506886959076 10.09095322340727 10.935317026451228 5.4454743415117255 5.3832777999341479 8.0187244042754156
leaf_count=1578 20 48 60 26 29 37
internal_value=-8.84871e-05 -0.00739411 -0.016456 0.000892111 0.000120795 0.00846591
internal_weight=313.483 33.2278 21.0263 280.255 274.81 12.2016
internal_count=1798 165 108 1633 1607 57
is_linear=0
shrinkage=0.05


Tree=194
num_leaves=6
num_cat=0
split_feature=0 13 13 13 1
split_gain=0.91474 1.14601 1.71879 1.27472 0.779113
threshold=0.90750000000000008 -0.29447619684762982 -0.25110817717244199 -0.39049715076617242 0.88367084142756591
decision_type=2 8 8 10 2
left_child=1 3 -3 -1 -2
right_child=4 2 -4 -5 -6
leaf_value=-0.005958561716583835 -0.0046098064792421999 -0.017122152483659777 -0.00037815673842410207 0.020520752333800435 0.02174092234808107
leaf_weight=4.2640171051025391 2.0027306228876105 11.214510984718798 284.8619993403554 7.6606320999562723 3.425412954762578
leaf_count=32 17 63 1569 53 64
internal_value=-9.96771e-05 -0.000583497 -0.00128619 0.0120892 0.01447
internal_weight=313.429 308.001 296.077 11.9246 5.42814
internal_count=1798 1717 1632 85 81
is_linear=0
shrinkage=0.05


Tree=195
num_leaves=7
num_cat=0
split_feature=6 8 5 6 7 6
split_gain=0.928552 2.80171 2.70762 1.99504 4.26939 4.06717
threshold=7.2267200651451509 0.72733445521569839 0.049999999999999968 6.8569197263604496 -0.77008683294698532 6.7848245097671009
decision_type=2 2 2 2 2 2
left_child=3 2 -2 5 -5 -1
right_child=1 -3 -4 4 -6 -7
leaf_value=0.00078037649808283002 -0.02205774411841914 0.018286893096663575 0.0044330619094066449 -0.017042204437157749 0.012601210275754744 -0.02184827316218579
leaf_weight=183.8313698489219 20.182028805837035 4.6337579078972331 13.314056567847727 10.213413212448357 63.963757602497935 17.222627410665154
leaf_count=1029 131 25 87 62 366 98
internal_value=-8.32692e-05 -0.00691169 -0.01232 0.000969165 0.00770117 -0.00164115
internal_weight=313.361 38.1298 33.4961 275.231 74.1772 201.054
internal_count=1798 243 218 1555 428 1127
is_linear=0
shrinkage=0.05


Tree=196
num_leaves=7
num_cat=0
split_feature=2 2 12 2 6 0
split_gain=0.902115 2.4108 4.72515 1.88376 1.76073 1.53194
threshold=0.11750592993540139 0.10801873104262978 -0.70685168682626554 0.14547273392652485 5.6015172465952192 0.30750000000000005
decision_type=2 2 2 2 2 2
left_child=1 4 -3 5 -1 -2
right_child=3 2 -4 -5 -6 -7
leaf_value=-0.011897595958730489 -0.0044415892917987077 0.014631141049263269 -0.036415663285439527 -0.010324168003866612 0.0014294813923362171 0.023494038872190884
leaf_weight=22.370370883494616 4.9875173252075973 3.774017408490181 7.2118428759276849 5.836978441104292 257.32204518839717 11.675625443458555
leaf_count=113 34 18 37 42 1486 68
internal_value=-9.88472e-05 -0.00090296 -0.019788 0.00856486 0.00017332 0.0160373
internal_weight=313.178 290.678 10.9859 22.5001 279.692 16.6631
internal_count=1798 1654 55 144 1599 102
is_linear=0
shrinkage=0.05


Tree=197
num_leaves=5
num_cat=0
split_feature=9 8 12 10
split_gain=0.911116 1.12557 2.73082 2.59538
threshold=-1.9354446677946526 0.66574418385534895 -0.79332462336093024 0.010000000000000007
decision_type=2 2 2 2
left_child=-1 3 -3 -2
right_child=1 2 -4 -5
leaf_value=-0.016473026642888217 -0.010709565725132186 0.0098967633120735903 -0.0079379639721153875 0.0047671862995971488
leaf_weight=3.2896891627460709 27.041584130376577 23.713973954319954 83.370357489213347 175.67297418043017
leaf_count=24 213 124 436 1001
internal_value=-0.000112268 0.000320347 -0.00372314 0.00249453
internal_weight=313.089 309.799 107.084 202.715
internal_count=1798 1774 560 1214
is_linear=0
shrinkage=0.05


Tree=198
num_leaves=7
num_cat=0
split_feature=11 11 3 9 0 7
split_gain=0.912828 3.98541 3.32417 3.06931 2.8805 2.44904
threshold=-0.90164203839979595 -0.84810589577471474 -1.0088462938727589 -1.0381104898235083 0.50750000000000017 -0.8944026823708221
decision_type=2 2 2 2 2 2
left_child=2 3 4 -2 -1 -4
right_child=1 -3 5 -5 -6 -7
leaf_value=-0.030880385986738382 0.0096048841768989358 0.00029999898644311989 -0.016290668500835385 -0.035211846272070864 0.011584434539807042 0.017166935112524592
leaf_weight=5.0404547490179521 2.8021118566393843 258.66040464863181 2.3748628105968228 8.9585078880190832 3.2251453325152397 31.891593802720308
leaf_count=34 15 1487 17 50 19 176
internal_value=-0.000122861 -0.00122528 0.00627797 -0.0248539 -0.01619 0.013069
internal_weight=312.953 270.421 42.5321 11.7606 8.2656 34.2665
internal_count=1798 1552 246 65 53 193
is_linear=0
shrinkage=0.05


Tree=199
num_leaves=7
num_cat=0
split_feature=9 9 4 6 2 6
split_gain=0.90054 4.25086 3.46485 3.41591 2.52579 2.31012
threshold=1.1043705772825378 1.060071399331961 0.048185827257805174 6.6374939135673676 0.078623120466894833 6.3470207762474145
decision_type=2 2 2 2 2 2
left_child=1 5 3 -2 -4 -1
right_child=2 -3 4 -5 -6 -7
leaf_value=0.0063809403326429096 -0.026752455688799331 0.029358805588085665 0.028508707729449297 0.0013711026932432596 -0.0094317814972417827 -0.003558892867111885
leaf_weight=81.216785257682204 16.898633036762476 7.6109063252806655 6.0342526957392675 20.386917907744646 4.0903577301651239 176.59462055936456
leaf_count=444 103 42 30 120 26 1033
internal_value=-0.000151308 0.00101363 -0.00614767 -0.0130313 0.0151299 -0.000365782
internal_weight=312.832 265.422 47.4102 37.2856 10.1246 257.811
internal_count=1798 1519 279 223 56 1477
is_linear=0
shrinkage=0.05


Tree=200
num_leaves=6
num_cat=0
split_feature=0 3 3 3 2
split_gain=0.886991 1.16924 4.53902 4.53449 0.780859
threshold=0.90750000000000008 -0.70680133543571111 -0.57735026918962362 -0.90453403373329511 0.070372888761928445
decision_type=2 2 2 2 2
left_child=1 3 -3 -1 -2
right_child=4 2 -4 -5 -6
leaf_value=-0.0013065338622307808 0.021722864917780631 -0.028558555741419703 -0.00065972847887835586 0.024350527171662636 -0.004563638707589821
leaf_weight=89.071479011327028 3.2965827509760848 10.806152522563933 191.32651150971651 16.218683866783977 2.0748111940920353
leaf_count=534 54 64 1028 91 27
internal_value=-0.000123369 -0.00059901 -0.00280459 0.00357039 0.0142641
internal_weight=312.794 307.423 202.133 105.29 5.37139
internal_count=1798 1717 1092 625 81
is_linear=0
shrinkage=0.05


Tree=201
num_leaves=7
num_cat=0
split_feature=4 11 7 11 4 4
split_gain=0.887444 2.63646 2.64583 2.22481 1.63862 2.38788
threshold=0.066590999661086697 -0.57355567466301804 0.63098532011360609 -0.94259292838992492 0.063418249683888733 0.058922612779853362
decision_type=2 2 2 2 2 2
left_child=4 3 -3 -2 5 -1
right_child=1 2 -4 -5 -6 -7
leaf_value=0.0010009637221083845 -0.013045738406199242 -0.024943156465190883 0.0091918915281544548 0.020041810538530148 0.020302169259063609 -0.023438533700819667
leaf_weight=268.76536539196968 3.8930749595165244 15.92640493065119 4.8259023521095505 8.4930771458893997 5.432672891765832 5.3734956569969645
leaf_count=1578 19 78 27 41 26 29
internal_value=-0.000108739 -0.00726938 -0.0167617 0.00888115 0.000852846 0.000110661
internal_weight=312.71 33.1385 20.7523 12.3862 279.572 274.139
internal_count=1798 165 105 60 1633 1607
is_linear=0
shrinkage=0.05


Tree=202
num_leaves=6
num_cat=0
split_feature=12 12 12 2 5
split_gain=0.878367 1.91377 1.54769 2.32123 1.3184
threshold=-0.99306417660977864 -0.99863143642332985 -0.96812032175654827 0.070372888761928445 0.3050000000000001
decision_type=2 2 2 2 2
left_child=1 -1 3 -2 -4
right_child=2 -3 4 -5 -6
leaf_value=0.0091868775037731373 -0.0046384627512769351 -0.023206945926072607 0.00034472478715230669 0.028523394753456929 -0.014825608017298889
leaf_weight=4.0702973548322916 7.5006659980863315 6.4181072209030372 277.97871876694262 6.5765520446002483 10.089622002094982
leaf_count=26 43 38 1589 36 66
internal_value=-0.000112066 -0.0117282 0.000475526 0.0142693 -0.00043049
internal_weight=312.634 10.4884 302.146 14.0772 288.068
internal_count=1798 64 1734 79 1655
is_linear=0
shrinkage=0.05


Tree=203
num_leaves=7
num_cat=0
split_feature=6 13 7 1 6 5
split_gain=0.872616 3.641 2.6713 1.80903 1.80094 5.68252
threshold=7.2267200651451509 -0.1538987893137517 -0.94384616003320609 -0.63643048256493728 7.0555759654891421 0.10000000000000002
decision_type=2 10 2 2 2 2
left_child=4 3 -3 -2 -1 -6
right_child=1 2 -4 -5 5 -7
leaf_value=-0.0005452827059559505 -0.010388058710466226 0.0097888661753642876 -0.02511284122075463 0.018665321798004467 0.02457150469695514 -0.017063208337430875
leaf_weight=246.74700166285038 4.1585499793291083 4.2144376188516643 18.376129845157266 11.197781205177305 19.979094987735156 7.9979287609457961
leaf_count=1401 29 25 121 68 110 44
internal_value=-0.000109958 -0.00674426 -0.0180077 0.0101785 0.000910591 0.0118867
internal_weight=312.671 37.9469 22.5906 15.3563 274.724 27.977
internal_count=1798 243 146 97 1555 154
is_linear=0
shrinkage=0.05


Tree=204
num_leaves=6
num_cat=0
split_feature=0 8 4 4 1
split_gain=0.880444 1.10144 3.34365 1.66896 0.737842
threshold=0.90750000000000008 0.49098576581049852 0.016393596310754988 0.017853571071357155 0.88367084142756591
decision_type=2 2 2 2 2
left_child=1 2 -1 -3 -2
right_child=4 3 -4 -5 -6
leaf_value=0.0072676907132640306 -0.0043796332756803683 -0.0057384439828542817 -0.020722143818814771 0.0028840505559395158 0.021377022792070793
leaf_weight=16.050485977903008 2.0201191976666442 72.215774413198233 18.344572173431516 200.67751150391996 3.3373985327780247
leaf_count=98 17 443 105 1071 64
internal_value=-0.000104494 -0.000578553 -0.00839601 0.000540085 0.0142392
internal_weight=312.646 307.288 34.3951 272.893 5.35752
internal_count=1798 1717 203 1514 81
is_linear=0
shrinkage=0.05


Tree=205
num_leaves=7
num_cat=0
split_feature=4 0 4 4 5 2
split_gain=0.880985 2.48548 2.23341 4.2315 3.40396 2.20039
threshold=0.0070710678118654736 0.55750000000000022 0.017853571071357155 0.02061552812808834 0.079999999999999988 0.026266521703009266
decision_type=2 2 2 2 2 2
left_child=1 5 4 -4 -2 -1
right_child=2 -3 3 -5 -6 -7
leaf_value=-0.016504068928078118 -0.0010613316727726833 0.025846085223211742 0.021276690400891359 -0.00084282543413695128 -0.024535255446397362 0.01106699693481554
leaf_weight=8.9952291846275383 48.992441590875387 6.9599968008697024 19.194271575659513 200.38042164966464 17.884982593357563 10.146553302183746
leaf_count=51 311 59 113 1081 118 65
internal_value=-9.87261e-05 0.00790205 -0.00095082 0.00152143 -0.008609 -0.00262414
internal_weight=312.554 26.1018 286.452 219.575 66.8774 19.1418
internal_count=1798 175 1623 1194 429 116
is_linear=0
shrinkage=0.05


Tree=206
num_leaves=7
num_cat=0
split_feature=9 9 8 2 6 13
split_gain=0.870437 3.91264 3.4513 3.49145 2.15036 1.8154
threshold=1.1043705772825378 1.060071399331961 0.54887108185439792 0.037946414417785693 7.1846783117084323 -0.22809183392897694
decision_type=2 2 2 2 2 10
left_child=1 4 5 -4 -1 -2
right_child=2 -3 3 -5 -6 -7
leaf_value=0.0016170656859566181 -0.0081523370675145989 0.028291682410819769 -0.035100381879171652 -0.003055235803147587 -0.010981779753974472 0.027000855423743027
leaf_weight=222.81750131212175 2.7553570009768009 7.5802154205739489 7.2202619742602101 31.649920254945755 34.785119690001011 5.7736855857074243
leaf_count=1256 20 42 41 180 221 38
internal_value=-8.13512e-05 0.00106372 -0.00597787 -0.0123298 -0.00026091 0.0168286
internal_weight=312.582 265.183 47.3992 38.8702 257.603 8.52904
internal_count=1798 1519 279 221 1477 58
is_linear=0
shrinkage=0.05


Tree=207
num_leaves=7
num_cat=0
split_feature=9 7 6 6 2 2
split_gain=0.86431 3.47295 3.41082 3.05397 2.23569 6.66623
threshold=0.40824829046386174 0.64276892290061383 5.4912489800785922 6.3136023727732162 0.070372888761928445 0.058442573479364109
decision_type=2 2 2 2 2 2
left_child=4 3 -3 -2 5 -1
right_child=1 2 -4 -5 -6 -7
leaf_value=0.0038634715330101163 0.0042821519612345751 -0.02606113051142292 0.0067450932484117536 -0.020658799467803142 0.0092128219292175132 -0.023668111070910172
leaf_weight=101.01572985947132 15.888978738337753 3.9110989496111861 71.087656388059258 33.207841504365206 64.698695991188288 22.776908632367849
leaf_count=582 93 18 411 205 360 129
internal_value=-7.74902e-05 -0.00324483 0.00351237 -0.0129375 0.00203773 -0.00192432
internal_weight=312.587 124.096 74.9988 49.0968 188.491 123.793
internal_count=1798 727 429 298 1071 711
is_linear=0
shrinkage=0.05


Tree=208
num_leaves=6
num_cat=0
split_feature=0 13 6 7 2
split_gain=0.858867 1.08602 2.18718 2.16229 0.749512
threshold=0.90750000000000008 0.25015236952841902 4.6115565066955666 -0.82930153751790825 0.070372888761928445
decision_type=2 8 2 2 2
left_child=1 2 -1 -3 -2
right_child=4 3 -4 -5 -6
leaf_value=-0.021621483117223155 0.02144159781870424 -0.020043802832190746 0.0017263487458173178 0.00022179876735564462 -0.0044011216987387379
leaf_weight=5.4503995701670638 3.2295024748891583 15.036449382081626 248.54092078097165 38.05229140818119 2.082469966262579
leaf_count=26 54 96 1350 245 27
internal_value=-0.000110362 -0.000577771 0.000817583 -0.00674929 0.0140888
internal_weight=312.392 307.08 253.991 53.0887 5.31197
internal_count=1798 1717 1376 341 81
is_linear=0
shrinkage=0.05


Tree=209
num_leaves=7
num_cat=0
split_feature=0 1 1 2 8 13
split_gain=0.841913 3.85203 3.25295 3.15245 2.18463 2.11252
threshold=0.50000000000000011 -0.87622832653069038 -0.28599192177100202 0.037034124416631939 0.74171818064016881 0.085874746528377885
decision_type=2 2 2 2 2 10
left_child=4 3 -3 -2 5 -1
right_child=1 2 -4 -5 -6 -7
leaf_value=-0.0087968048603116293 -0.0062298317209839365 -0.019370207950488459 0.0025180147609486668 0.034423551520689481 0.013820687997012387 0.003139795745257259
leaf_weight=94.758637482300401 4.9883449152111998 14.685696519911287 118.38861686177552 10.269027248024939 13.472409084439276 55.681134674698114
leaf_count=517 29 74 723 50 63 342
internal_value=-0.000122816 0.00256155 -0.000511476 0.0228751 -0.00255594 -0.00441992
internal_weight=312.244 148.332 133.074 15.2574 163.912 150.44
internal_count=1798 876 797 79 922 859
is_linear=0
shrinkage=0.05


Tree=210
num_leaves=7
num_cat=0
split_feature=8 12 11 0 12 12
split_gain=0.878912 2.49669 2.53316 2.42292 4.91094 2.74882
threshold=0.66574418385534895 -0.79332462336093024 0.78524939301577457 0.31750000000000006 -0.3317488540066757 -0.35224931767516193
decision_type=2 2 2 2 2 2
left_child=3 -2 -3 5 -5 -1
right_child=1 2 -4 4 -6 -7
leaf_value=0.0063946386033031282 0.0093716400537389357 -0.012902891312802032 0.0053735571021337279 -0.0053985771513404167 0.012083632754785814 -0.015935288841067079
leaf_weight=19.21057178452611 23.623525889590383 59.580127602443099 23.558539398014545 65.224222935736179 90.920671744272113 29.848645623773336
leaf_count=149 124 313 123 359 498 232
internal_value=-0.000101292 -0.00368246 -0.00771295 0.00180517 0.00484011 -0.00740864
internal_weight=311.966 106.762 83.1387 205.204 156.145 49.0592
internal_count=1798 560 436 1238 857 381
is_linear=0
shrinkage=0.05


Tree=211
num_leaves=7
num_cat=0
split_feature=4 13 1 5 2 11
split_gain=0.865151 2.23459 2.69371 1.89727 3.78374 1.76888
threshold=0.058922612779853362 -0.079031274077242517 -1.8761775837994785 0.3050000000000001 0.088639406490935116 0.23767728883406228
decision_type=2 8 2 2 2 2
left_child=3 -2 -3 4 -1 -5
right_child=1 2 -4 5 -6 -7
leaf_value=-0.00073214869402201527 0.0086063713217380874 0.0067509827082953781 -0.021727243937634005 -0.03041658539424082 0.015446497165625468 0.0053328008171020279
leaf_weight=222.31971555948257 13.561380084604023 9.3929552305489796 20.806878613308072 3.925280697643756 38.064097104594111 3.5710405707359314
leaf_count=1301 66 52 102 26 222 29
internal_value=-9.73054e-05 -0.00623035 -0.013169 0.0010004 0.00187938 -0.0180668
internal_weight=311.641 43.7612 30.1998 267.88 260.384 7.49632
internal_count=1798 220 154 1578 1523 55
is_linear=0
shrinkage=0.05


Tree=212
num_leaves=7
num_cat=0
split_feature=11 11 0 8 9 6
split_gain=0.857791 3.63154 3.11948 3.03122 2.92054 2.11271
threshold=-0.90164203839979595 -0.84810589577471474 0.31750000000000006 0.65706438060992911 -1.0381104898235083 7.1682639767666165
decision_type=2 2 2 2 2 2
left_child=2 4 5 -4 -2 -1
right_child=1 -3 3 -5 -6 -7
leaf_value=-0.026018869939419695 0.0096406097446141148 0.00028588282023430452 0.022255491093715173 -0.0070423737091784601 -0.033883684807811711 0.0090798915463226933
leaf_weight=6.0757966302335245 2.7936388552188864 257.68890932761133 22.165208479389548 10.185269258916376 8.9473674930632097 3.7518147397786379
leaf_count=50 15 1487 122 52 50 22
internal_value=-0.000105601 -0.00117463 0.00612404 0.0133234 -0.0237413 -0.014076
internal_weight=311.608 269.43 42.1781 32.3505 11.741 9.82761
internal_count=1798 1552 246 174 65 72
is_linear=0
shrinkage=0.05


Tree=213
num_leaves=7
num_cat=0
split_feature=2 13 0 2 3 13
split_gain=0.847875 4.35343 5.92358 2.80609 4.33482 1.99136
threshold=0.034470172917468546 -0.20136657622820897 0.56750000000000012 0.042373143311587466 -1.0000000180025095e-35 -0.15160616310974542
decision_type=2 8 2 2 2 8
left_child=1 -1 -3 4 -2 -5
right_child=3 2 -4 5 -6 -7
leaf_value=-0.021129095157537935 0.0036771125864248017 -0.0016066311818502274 0.031548672416574185 0.00950192419935314 -0.028956430723087158 -0.0017421912839726647
leaf_weight=8.4140899963676912 17.5199024528265 35.394358746707439 16.311826957389712 45.706102587282658 16.37652668915689 171.70988637022674
leaf_count=51 102 205 115 276 98 951
internal_value=-0.000120731 0.00497592 0.0107124 -0.00141326 -0.0137848 0.000782062
internal_weight=311.433 60.1203 51.7062 251.312 33.8964 217.416
internal_count=1798 371 320 1427 200 1227
is_linear=0
shrinkage=0.05


Tree=214
num_leaves=7
num_cat=0
split_feature=9 9 8 13 8 13
split_gain=0.826345 3.70083 3.25378 3.28034 1.97474 1.71078
threshold=1.1043705772825378 1.060071399331961 0.54887108185439792 -0.26000347522454564 0.67398331734739736 -0.22809183392897694
decision_type=2 2 2 10 2 10
left_child=1 4 5 -4 -1 -2
right_child=2 -3 3 -5 -6 -7
leaf_value=0.0025070778252399084 -0.0079578128474895159 0.02752643290562792 0.006479511355915438 -0.021328620441694146 -0.0069182861020531039 0.026254507343767216
leaf_weight=182.4096932541579 2.7220864035189152 7.5341624002903691 13.41003468073904 25.268607415258888 74.005671959370375 5.7118841204792243
leaf_count=1094 20 42 81 140 383 38
internal_value=-0.00012095 0.000997539 -0.00588179 -0.0120494 -0.00029353 0.0163603
internal_weight=311.062 263.95 47.1126 38.6786 256.415 8.43397
internal_count=1798 1519 279 221 1477 58
is_linear=0
shrinkage=0.05


Tree=215
num_leaves=7
num_cat=0
split_feature=8 4 11 2 9 7
split_gain=0.843242 3.12493 4.56124 2.35759 1.7001 4.64954
threshold=0.49098576581049852 0.016393596310754988 0.9026478877170564 0.071433729807079169 0.0068222279791913315 -0.48585505945406043
decision_type=2 2 2 2 2 2
left_child=1 2 -1 -3 5 -2
right_child=4 3 -4 -5 -6 -7
leaf_value=0.021648921753785202 -0.0022438021620381408 -0.027427070675143252 -0.022531748931447517 0.0060880479703774642 -0.0029414937476754475 0.016347390149398875
leaf_weight=12.303341809660198 87.082553416490555 13.465069251134993 4.1181737035512915 5.1497698202729216 140.04480445943773 48.774739775806665
leaf_count=82 491 81 23 30 818 273
internal_value=-9.39643e-05 -0.00688125 0.00789628 -0.0188293 0.000875085 0.00477406
internal_weight=310.938 35.0364 16.4215 18.6148 275.902 135.857
internal_count=1798 216 105 111 1582 764
is_linear=0
shrinkage=0.05


Tree=216
num_leaves=7
num_cat=0
split_feature=5 12 12 2 8 2
split_gain=0.826894 3.22415 3.81136 3.16002 1.70557 4.25615
threshold=0.17000000000000001 -0.3317488540066757 0.81910128395246151 0.094917267170390604 0.49098576581049852 0.035507209865545626
decision_type=2 2 2 2 2 2
left_child=4 3 -3 -2 5 -1
right_child=1 2 -4 -5 -6 -7
leaf_value=0.008104692178672426 -0.033859401339074523 0.017103901137732289 -0.017307585496249965 0.0027647001732397365 0.0024839120549476198 -0.024493205831657022
leaf_weight=15.929862447082998 9.6545565053820628 17.419285103678707 7.8060574345290652 8.6774357557296735 235.83371996879578 15.507199471816419
leaf_count=93 59 105 54 55 1332 100
internal_value=-9.81939e-05 -0.00610753 0.00535363 -0.019646 0.000975326 -0.00912963
internal_weight=310.828 43.5573 25.2253 18.332 267.271 31.4371
internal_count=1798 273 159 114 1525 193
is_linear=0
shrinkage=0.05


Tree=217
num_leaves=7
num_cat=0
split_feature=11 11 13 5 13 9
split_gain=0.814563 2.89751 2.86339 2.5645 2.19319 3.34882
threshold=0.12204979129193404 0.45006596843155194 -0.11790950347537912 0.050000000000000037 0.23597019115594811 0.38769362341032193
decision_type=2 2 10 2 8 2
left_child=4 3 -3 -2 5 -1
right_child=1 2 -4 -5 -6 -7
leaf_value=0.0074750875087074885 0.024801092399793626 0.0083040736885103758 -0.0071643801628936054 -0.0018771708406442895 -0.013101352987737914 -0.0081388893412112934
leaf_weight=72.160894624888897 18.317528046667579 43.474652605131269 73.384425312280655 13.604569431394337 33.010348843410611 56.898873142898083
leaf_count=396 110 264 410 80 219 319
internal_value=-0.00012871 0.00249925 -0.0013051 0.0147168 -0.00254379 0.000544506
internal_weight=310.851 148.781 116.859 31.9221 162.07 129.06
internal_count=1798 864 674 190 934 715
is_linear=0
shrinkage=0.05


Tree=218
num_leaves=7
num_cat=0
split_feature=4 11 8 11 4 4
split_gain=0.802207 2.46187 2.37205 2.11139 1.53939 2.20942
threshold=0.066590999661086697 -0.57355567466301804 0.56660919478046068 -0.94259292838992492 0.063418249683888733 0.058922612779853362
decision_type=2 2 2 2 2 2
left_child=4 3 -3 -2 5 -1
right_child=1 2 -4 -5 -6 -7
leaf_value=0.0009396996801478907 -0.012755967858703005 0.0062663475351917618 -0.025126454953193753 0.019529800669239594 0.019685330252402041 -0.022653665535760852
leaf_weight=267.13274189457297 3.855449102818965 6.3065094463527229 14.271174604073165 8.4737192057073099 5.3971313722431651 5.2984943352639666
leaf_count=1578 19 30 75 41 26 29
internal_value=-0.000114308 -0.00694298 -0.0161612 0.00866627 0.000802944 8.08287e-05
internal_weight=310.735 32.9069 20.5777 12.3292 277.828 272.431
internal_count=1798 165 105 60 1633 1607
is_linear=0
shrinkage=0.05


Tree=219
num_leaves=7
num_cat=0
split_feature=4 4 4 8 4 8
split_gain=0.811095 3.88466 3.42134 3.04066 2.92 2.65498
threshold=0.017853571071357155 0.021794494717703353 0.01615240135339106 0.52009070662956003 0.02678035660703568 0.6343323011177352
decision_type=2 2 2 2 2 2
left_child=2 5 3 -1 -3 -2
right_child=1 4 -4 -5 -6 -7
leaf_value=0.014975497726940373 -0.00035052746861179878 -0.014848285946152682 -0.024121262558675395 -0.0053984992827383355 0.0015489821204904388 0.02922194753343893
leaf_weight=20.557850981131196 12.241896506398918 27.374210420995951 12.256549855694173 59.623706169426441 164.13754718750715 14.480992084369062
leaf_count=139 80 158 77 388 877 79
internal_value=-0.000119937 0.0015433 -0.00392433 0.000397627 -0.00111296 0.0177546
internal_weight=310.673 218.235 92.4381 80.1816 191.512 26.7229
internal_count=1798 1194 604 527 1035 159
is_linear=0
shrinkage=0.05


Tree=220
num_leaves=5
num_cat=0
split_feature=9 5 12 0
split_gain=0.801222 1.08127 2.89048 1.89622
threshold=-1.7774692772758873 0.17000000000000001 -0.3317488540066757 0.83000000000000007
decision_type=2 2 2 2
left_child=-1 3 -3 -2
right_child=1 2 -4 -5
leaf_value=-0.013591247512640564 0.00054831325034041206 -0.019533452636804852 0.0044410152411924935 0.018916429759119835
leaf_weight=5.6574653126299372 252.49954274483025 17.832660928368568 24.733932986855507 9.9024201519787294
leaf_count=39 1389 110 155 105
internal_value=-0.000113137 0.000352097 -0.00660026 0.00158223
internal_weight=310.626 304.969 42.5666 262.402
internal_count=1798 1759 265 1494
is_linear=0
shrinkage=0.05


Tree=221
num_leaves=7
num_cat=0
split_feature=2 2 12 2 9 9
split_gain=0.788606 2.2221 4.35201 1.75983 1.71506 1.45245
threshold=0.11750592993540139 0.10801873104262978 -0.70685168682626554 0.14547273392652485 1.1118816607170565 0.13440446872164849
decision_type=2 2 2 2 2 2
left_child=1 4 -3 5 -1 -2
right_child=3 2 -4 -5 -6 -7
leaf_value=0.0018778089496044115 0.024971488048508253 0.014134453788982882 -0.03491663665008278 -0.010191488454311892 -0.0085634008491556595 -0.0013698002019411259
leaf_weight=235.32958975806832 8.8557431660592609 3.7332160696387291 7.2243173364549857 5.7946688570082179 42.026917733252048 7.6152063179761162
leaf_count=1355 49 18 37 42 244 53
internal_value=-0.000114411 -0.000868728 -0.0190125 0.00802125 0.000172062 0.0153099
internal_weight=310.58 288.314 10.9575 22.2656 277.357 16.4709
internal_count=1798 1654 55 144 1599 102
is_linear=0
shrinkage=0.05


Tree=222
num_leaves=6
num_cat=0
split_feature=0 8 9 11 1
split_gain=0.789971 1.00018 3.1192 1.47993 0.714369
threshold=0.90750000000000008 0.49098576581049852 0.18747853891702729 0.94276278193810936 0.88367084142756591
decision_type=2 2 2 2 2
left_child=1 2 -1 -3 -2
right_child=4 3 -4 -5 -6
leaf_value=-0.01809690118804725 -0.0045068975062180806 -0.00096163195040775522 0.0096251704047946706 0.0095467734739000509 0.020741226954196623
leaf_weight=21.619043905287981 1.9940159991383541 237.48120983690023 12.397207817062734 33.89169879257679 3.1900315284729004
leaf_count=123 17 1330 80 184 64
internal_value=-0.000119809 -0.000567541 -0.00805488 0.000499733 0.013585
internal_weight=310.573 305.389 34.0163 271.373 5.18405
internal_count=1798 1717 203 1514 81
is_linear=0
shrinkage=0.05


Tree=223
num_leaves=7
num_cat=0
split_feature=0 5 11 6 6 0
split_gain=0.76676 0.906859 2.21378 1.99073 0.663944 1.37277
threshold=0.15000000000000005 -0.022500000000000003 -0.09588194551353231 6.1688049488387833 6.904705580401381 0.080000000000000029
decision_type=2 2 2 2 2 2
left_child=4 2 -2 -3 -1 -6
right_child=1 3 -4 -5 5 -7
leaf_value=-0.020595091468998773 -0.0034638617627015251 0.0072074420257798675 0.0094704064467429228 -0.0047489096604786665 -0.014104471132668535 0.018072653316160286
leaf_weight=3.2051195856183758 57.634346559643745 41.19840788654983 66.789325717836618 138.28918816521764 1.8212200272828343 1.5259724538773296
leaf_count=79 293 234 325 792 44 31
internal_value=-0.000100902 0.000373642 0.00357676 -0.00188357 -0.0127466 0.0026035
internal_weight=310.464 303.911 124.424 179.488 6.55231 3.34719
internal_count=1798 1644 618 1026 154 75
is_linear=0
shrinkage=0.05


Tree=224
num_leaves=7
num_cat=0
split_feature=11 11 7 0 9 6
split_gain=0.798852 3.29962 2.91302 3.11171 2.71553 1.75036
threshold=-0.90164203839979595 -0.84810589577471474 -0.8944026823708221 0.31750000000000006 -1.0381104898235083 6.8149046661589834
decision_type=2 2 2 2 2 2
left_child=2 4 -1 -4 -2 -3
right_child=1 5 3 -5 -6 -7
leaf_value=-0.021091973875909928 0.0093935223287814461 -0.0026809257390241143 -0.010954510796647004 0.018047829449737741 -0.032466478888242327 0.0058367193784156337
leaf_weight=3.8245243337005368 2.802599385380744 169.8555385991931 8.880921443924306 29.136464014649391 8.9298379085957986 87.087663581594825
leaf_count=26 15 952 63 157 50 535
internal_value=-0.000102498 -0.00113362 0.0059328 0.010787 -0.0226482 0.000262328
internal_weight=310.518 268.676 41.8419 38.0174 11.7324 256.943
internal_count=1798 1552 246 220 65 1487
is_linear=0
shrinkage=0.05


Tree=225
num_leaves=5
num_cat=0
split_feature=9 13 2 2
split_gain=0.841486 0.960571 2.97204 2.06384
threshold=-1.9354446677946526 0.085874746528377885 0.026266521703009266 0.024909534253079228
decision_type=2 10 2 2
left_child=-1 3 -3 -2
right_child=1 2 -4 -5
leaf_value=-0.015896860378213126 -0.01552184264126045 0.027073552033879841 0.00098809306059875605 0.00013634669609046028
leaf_weight=3.2371418103575698 18.552622167393565 7.6236873641610137 84.113350680097938 196.80971439369023
leaf_count=24 113 52 473 1136
internal_value=-0.000124275 0.000293997 0.00444318 -0.00153413
internal_weight=310.337 307.099 91.737 215.362
internal_count=1798 1774 525 1249
is_linear=0
shrinkage=0.05


Tree=226
num_leaves=7
num_cat=0
split_feature=13 1 13 13 0 1
split_gain=0.785988 3.70873 3.51861 2.84763 2.66849 2.35265
threshold=-0.11790950347537912 -0.24871791482634859 -0.10096673929134438 -0.075674724081601724 0.38000000000000006 0.10358297079867561
decision_type=8 2 8 8 2 2
left_child=1 4 -2 -4 -1 -3
right_child=2 5 3 -5 -6 -7
leaf_value=-0.024067503460094716 -0.025872462582321495 0.028545747102239189 0.018605865356241796 -0.0017490058546132418 0.0033803861741996157 0.0048465791286594955
leaf_weight=11.538912910968067 9.0784781500697118 9.925152935087679 13.719307266175745 204.30527127161622 16.786995604634285 45.001382214948535
leaf_count=64 48 48 78 1178 84 298
internal_value=-0.000120653 0.00389772 -0.00164596 -7.97546e-05 -0.00973422 0.0111534
internal_weight=310.356 83.2524 227.103 218.025 28.3259 54.9265
internal_count=1798 494 1304 1256 148 346
is_linear=0
shrinkage=0.05


Tree=227
num_leaves=5
num_cat=0
split_feature=9 13 11 2
split_gain=0.810286 0.928222 2.91765 1.93748
threshold=-1.9354446677946526 0.085874746528377885 0.95632601277590867 0.024909534253079228
decision_type=2 10 2 2
left_child=-1 3 -3 -2
right_child=1 2 -4 -5
leaf_value=-0.015601309187200735 -0.01506014319964453 0.00056516296641947528 0.024347098330010378 0.00011930303137093145
leaf_weight=3.2246438432484856 18.528469037264585 81.356408568099141 10.383857117965816 196.58705198019743
leaf_count=24 113 470 55 1136
internal_value=-0.000111875 0.000298425 0.00437623 -0.00150054
internal_weight=310.08 306.856 91.7403 215.116
internal_count=1798 1774 525 1249
is_linear=0
shrinkage=0.05


Tree=228
num_leaves=5
num_cat=0
split_feature=9 2 2 5
split_gain=0.779705 0.922177 4.07725 3.1197
threshold=-1.9354446677946526 0.058442573479364109 0.071433729807079169 0.155
decision_type=2 2 2 2
left_child=-1 3 -3 -2
right_child=1 2 -4 -5
leaf_value=-0.015314762502377189 0.0044200863939523067 -0.014746804049936169 0.002865945214581324 -0.025275048763080274
leaf_weight=3.2145394757390013 156.14496415667236 42.220318697392941 104.13136822544038 4.4089476130902758
leaf_count=24 914 238 595 27
internal_value=-0.000110831 0.000291366 -0.00253439 0.00286591
internal_weight=310.12 306.906 146.352 160.554
internal_count=1798 1774 833 941
is_linear=0
shrinkage=0.05


Tree=229
num_leaves=6
num_cat=0
split_feature=0 13 13 13 1
split_gain=0.771697 1.00842 1.6563 1.17031 0.69243
threshold=0.90750000000000008 -0.29447619684762982 -0.25110817717244199 -0.39049715076617242 0.88367084142756591
decision_type=2 8 8 10 2
left_child=1 3 -3 -1 -2
right_child=4 2 -4 -5 -6
leaf_value=-0.0058255869047892372 -0.0043896528809947103 -0.016804690917945422 -0.00034872080432214508 0.019522456537091962 0.020516037816372137
leaf_weight=4.2651418820023537 2.0046014711260787 11.183061026036738 281.94744233600795 7.5270550400018674 3.1386460289359093
leaf_count=32 17 63 1569 53 64
internal_value=-0.000143484 -0.00058541 -0.00124783 0.0113496 0.0134301
internal_weight=310.066 304.923 293.131 11.7922 5.14325
internal_count=1798 1717 1632 85 81
is_linear=0
shrinkage=0.05


Tree=230
num_leaves=6
num_cat=0
split_feature=12 12 12 2 13
split_gain=0.752959 1.78529 1.41502 2.17968 1.24767
threshold=-0.99306417660977864 -0.99863143642332985 -0.96812032175654827 0.070372888761928445 -0.079031274077242517
decision_type=2 2 2 2 8
left_child=1 -1 3 -2 -4
right_child=2 -3 4 -5 -6
leaf_value=0.009152518156751192 -0.0046707991838794358 -0.022063774796238788 0.0040396229133148089 0.027510302557714569 -0.0027960623708112972
leaf_weight=4.0509129501879215 7.4220616500824672 6.3765919469296914 96.888246219605207 6.5108972229063511 188.75802022963762
leaf_count=26 43 38 568 36 1087
internal_value=-0.00012601 -0.0109008 0.000421821 0.0136612 -0.000447862
internal_weight=310.007 10.4275 299.579 13.933 285.646
internal_count=1798 64 1734 79 1655
is_linear=0
shrinkage=0.05


Tree=231
num_leaves=7
num_cat=0
split_feature=4 11 7 11 4 4
split_gain=0.750304 2.34047 2.31885 2.0655 1.44644 2.07499
threshold=0.066590999661086697 -0.57355567466301804 0.63098532011360609 -0.94259292838992492 0.063418249683888733 0.058922612779853362
decision_type=2 2 2 2 2 2
left_child=4 3 -3 -2 5 -1
right_child=1 2 -4 -5 -6 -7
leaf_value=0.00090959137602479611 -0.012690261811788792 -0.023405204809458093 0.0086657914155848486 0.019255053309236863 0.019096641533340449 -0.021995865544469289
leaf_weight=266.38624280877411 3.8365018069744101 15.762132540345194 4.7641969025135031 8.4621273763477785 5.3791538029909125 5.2611961103975764
leaf_count=1578 19 78 27 41 26 29
internal_value=-0.000110837 -0.00672178 -0.0157221 0.0085022 0.000777777 7.64392e-05
internal_weight=309.852 32.825 20.5263 12.2986 277.027 271.647
internal_count=1798 165 105 60 1633 1607
is_linear=0
shrinkage=0.05


Tree=232
num_leaves=7
num_cat=0
split_feature=7 7 2 7 3 9
split_gain=0.75053 2.70595 2.86495 1.98629 2.25957 1.41207
threshold=0.94302780124857843 0.9602209112782083 0.037494212355537938 0.85364859538553184 -1.2100424925341284 0.68203430318791214
decision_type=2 2 2 2 2 2
left_child=3 -2 -3 5 -5 -1
right_child=1 2 -4 4 -6 -7
leaf_value=0.0013183904547097889 -0.030503328597228388 -0.020726197768921206 0.016448527149092507 -0.010526070475315744 0.020764401106625044 -0.0069021677548569546
leaf_weight=207.29094188474119 3.8722267411649254 3.1210303753614417 9.6971674226224405 4.3459371440112617 17.088547976687551 64.355141971260309
leaf_count=1199 21 16 54 25 94 389
internal_value=-0.000113552 -0.00909174 0.00412099 0.000541669 0.0136291 -0.000718674
internal_weight=309.771 16.6904 12.8182 293.081 21.4345 271.646
internal_count=1798 91 70 1707 119 1588
is_linear=0
shrinkage=0.05


Tree=233
num_leaves=5
num_cat=0
split_feature=9 13 2 2
split_gain=0.747859 0.895362 2.77384 1.81387
threshold=-1.9354446677946526 0.085874746528377885 0.026266521703009266 0.024909534253079228
decision_type=2 10 2 2
left_child=-1 3 -3 -2
right_child=1 2 -4 -5
leaf_value=-0.015040735718178225 -0.014630065841110082 0.026119008800328872 0.0009290041610651574 6.4523739063107065e-05
leaf_weight=3.1938142254948607 18.510175766423345 7.6346116494387379 84.07461865991354 196.33652554638684
leaf_count=24 113 52 473 1136
internal_value=-0.000131696 0.00026252 0.00426799 -0.00150543
internal_weight=309.75 306.556 91.7092 214.847
internal_count=1798 1774 525 1249
is_linear=0
shrinkage=0.05


Tree=234
num_leaves=7
num_cat=0
split_feature=4 5 12 4 3 4
split_gain=0.75561 2.26331 2.24396 2.01378 3.58135 3.54298
threshold=0.0070710678118654736 0.030000000000000016 0.28826590316417205 0.017853571071357155 1.4142135623730949 0.02061552812808834
decision_type=2 2 2 2 2 2
left_child=1 2 -1 4 -2 -5
right_child=3 -3 -4 5 -6 -7
leaf_value=0.011132842377181387 -0.013205916105650327 0.025179733115988152 -0.016567030051464173 0.019561799839580951 0.014249554595815339 -0.00073577769627711741
leaf_weight=10.473303770646458 56.019812701269984 6.3011467568576327 8.9755946695804578 19.069203047081828 10.398303885012863 198.52938548289239
leaf_count=64 366 50 61 113 63 1081
internal_value=-0.000127178 0.00732642 -0.00242433 -0.000918006 -0.00821085 0.00144244
internal_weight=309.767 25.75 19.4489 284.017 66.4181 217.599
internal_count=1798 175 125 1623 429 1194
is_linear=0
shrinkage=0.05


Tree=235
num_leaves=7
num_cat=0
split_feature=7 7 6 7 3 2
split_gain=0.731529 2.56336 2.85734 1.829 2.11945 1.36515
threshold=0.94302780124857843 0.9602209112782083 6.7495563625190123 0.85364859538553184 -1.2100424925341284 0.058442573479364109
decision_type=2 2 2 2 2 2
left_child=3 -2 -3 5 -5 -1
right_child=1 2 -4 4 -6 -7
leaf_value=0.0026994165245535578 -0.029774845495922238 -0.014667643149867786 0.020880580809280527 -0.010235885075769714 0.020046225564093668 -0.0042716108523670878
leaf_weight=141.65039544738829 3.8778660707175758 6.4203558638691884 6.3830111622810364 4.3508549891412285 17.063215266913176 129.93280163966119
leaf_count=841 21 33 37 25 94 747
internal_value=-8.93068e-05 -0.00895534 0.00394162 0.000557253 0.0131207 -0.000652642
internal_weight=309.679 16.6812 12.8034 292.997 21.4141 271.583
internal_count=1798 91 70 1707 119 1588
is_linear=0
shrinkage=0.05


Tree=236
num_leaves=6
num_cat=0
split_feature=0 3 3 3 1
split_gain=0.738043 0.966287 4.44609 4.22936 0.667926
threshold=0.90750000000000008 -0.70680133543571111 -0.90453403373329511 -0.57735026918962362 0.88367084142756591
decision_type=2 2 2 2 2
left_child=1 2 -1 -3 -2
right_child=4 3 -4 -5 -6
leaf_value=-0.0015751055307651432 -0.0042790600074199261 -0.027486803677742134 0.023876783174276519 -0.00046581582527877881 0.02022638923670458
leaf_weight=88.159780263900757 2.0124917179346076 10.696595691144465 16.151484787464142 189.54653287678957 3.0732552297413349
leaf_count=534 17 64 91 1028 64
internal_value=-9.69146e-05 -0.00052908 0.00327773 -0.00254368 0.0132153
internal_weight=309.64 304.554 104.311 200.243 5.08575
internal_count=1798 1717 625 1092 81
is_linear=0
shrinkage=0.05


Tree=237
num_leaves=7
num_cat=0
split_feature=6 13 7 6 11 0
split_gain=0.747754 3.35598 2.53893 1.74859 3.46127 3.00774
threshold=7.2267200651451509 -0.1538987893137517 -0.94384616003320609 7.0555759654891421 -0.83630608682368512 0.7875000000000002
decision_type=2 10 2 2 2 2
left_child=3 -2 -3 5 -5 -1
right_child=1 2 -4 4 -6 -7
leaf_value=-0.0023863266281427165 0.010009561332339427 0.0097900898520997624 -0.024191223655810053 -0.012483495682561782 0.020984580723389875 0.015685435713053336
leaf_weight=223.754169896245 15.18964106403291 4.1963541004806784 18.064694898203015 7.2016019579023149 20.539977604523301 20.606782777234912
leaf_count=1210 97 25 121 39 115 191
internal_value=-8.40626e-05 -0.00626234 -0.0171648 0.000863935 0.0117168 -0.000578393
internal_weight=309.553 37.4507 22.261 272.103 27.7416 244.361
internal_count=1798 243 146 1555 154 1401
is_linear=0
shrinkage=0.05


Tree=238
num_leaves=7
num_cat=0
split_feature=11 11 3 0 9 7
split_gain=0.74823 2.99268 2.93824 2.63793 2.56317 2.15442
threshold=-0.90164203839979595 -0.84810589577471474 -1.0088462938727589 0.50750000000000017 -1.0381104898235083 -0.8944026823708221
decision_type=2 2 2 2 2 2
left_child=2 4 3 -1 -2 -4
right_child=1 -3 5 -5 -6 -7
leaf_value=-0.029756796782363551 0.0093377773813621955 0.00026725742991133452 -0.015365618382424291 0.011168848940405322 -0.031178552849162541 0.016129009964016686
leaf_weight=4.844845224171876 2.8008747622370711 255.99057151190937 2.3316246662288895 3.1479848921298981 8.8875061590224487 31.227650018408895
leaf_count=34 15 1487 17 19 50 176
internal_value=-6.58245e-05 -0.00106498 0.0057938 -0.015543 -0.0215809 0.0122321
internal_weight=309.231 267.679 41.5521 7.99283 11.6884 33.5593
internal_count=1798 1552 246 53 65 193
is_linear=0
shrinkage=0.05


Tree=239
num_leaves=5
num_cat=0
split_feature=9 9 7 1
split_gain=0.732063 0.892273 2.96358 2.1275
threshold=-1.9354446677946526 0.40824829046386174 0.64276892290061383 1.8990595271375954
decision_type=2 2 2 2
left_child=-1 3 -3 -2
right_child=1 2 -4 -5
leaf_value=-0.014863498991447741 0.00075913947583697121 -0.01195307808914621 0.0033329878150335137 0.019131789490628395
leaf_weight=3.1736446283757678 170.99345426261425 48.415085203945637 74.109151221811771 12.413010977208613
leaf_count=24 986 298 429 61
internal_value=-9.40712e-05 0.000295695 -0.00293909 0.00247733
internal_weight=309.104 305.931 122.524 183.406
internal_count=1798 1774 727 1047
is_linear=0
shrinkage=0.05


Tree=240
num_leaves=7
num_cat=0
split_feature=7 2 11 7 3 3
split_gain=0.750384 3.06691 2.20911 1.75078 2.134 1.3641
threshold=0.93858833223204285 0.037494212355537938 -0.54844526120875192 0.85364859538553184 -1.2100424925341284 1.5075567228888171
decision_type=2 2 2 2 2 2
left_child=3 -2 -3 5 -5 -1
right_child=1 2 -4 4 -6 -7
leaf_value=0.0007558126303047534 -0.030725218828403213 -0.01427628709968146 0.017069744710077491 -0.010101667834200689 0.020608505581235833 -0.0097730060039664963
leaf_weight=240.86767931655049 4.5318222269415882 4.8770096041262159 8.5767165571451152 4.3430801667273071 15.64790549315512 30.181451968848705
leaf_count=1426 24 26 48 25 87 162
internal_value=-9.22858e-05 -0.00879349 0.00491738 0.000584864 0.0132504 -0.000572357
internal_weight=309.026 17.9855 13.4537 291.04 19.991 271.049
internal_count=1798 98 74 1700 112 1588
is_linear=0
shrinkage=0.05


Tree=241
num_leaves=7
num_cat=0
split_feature=9 9 8 6 8 13
split_gain=0.729523 3.33595 2.98708 3.36798 1.87893 1.612
threshold=1.1043705772825378 1.060071399331961 0.54887108185439792 6.6936395799896138 0.67398331734739736 -0.22809183392897694
decision_type=2 2 2 2 2 10
left_child=1 4 5 -4 -1 -2
right_child=2 -3 3 -5 -6 -7
leaf_value=0.0024559351625991874 -0.007802183982495799 0.026197171531959565 -0.02378056933693665 0.0035342801452045471 -0.0067627726629170895 0.025435726880090256
leaf_weight=181.25553200393915 2.6977179069072008 7.468683958053588 19.475307010114193 18.846592333167791 73.60645891726017 5.6635807957500202
leaf_count=1094 20 42 114 107 383 38
internal_value=-0.000108598 0.000944441 -0.00554492 -0.0114897 -0.000285406 0.0158051
internal_weight=309.014 262.331 46.6832 38.3219 254.862 8.3613
internal_count=1798 1519 279 221 1477 58
is_linear=0
shrinkage=0.05


Tree=242
num_leaves=7
num_cat=0
split_feature=8 6 5 8 11 10
split_gain=0.753162 4.72042 2.96663 1.57403 2.75161 2.2845
threshold=0.74414249117858466 6.873593146098206 0.039999999999999959 0.66574418385534895 0.78524939301577457 0.010000000000000007
decision_type=2 2 2 2 2 2
left_child=3 2 -2 5 -5 -1
right_child=1 -3 -4 4 -6 -7
leaf_value=-0.010884580948177897 0.0097450874207113888 0.030890267687597908 -0.024367304619021389 -0.011259211890028285 0.0089347627449910694 0.003655467615354833
leaf_weight=26.821948677301407 8.8725490048527771 7.6880854964256278 7.5734667479991904 63.56054025888443 18.243590455502272 176.18554027378559
leaf_count=216 43 38 38 343 98 1022
internal_value=-8.7806e-05 0.0075769 -0.00798248 -0.000856806 -0.0065004 0.00151893
internal_weight=308.946 24.1341 16.446 284.812 81.8041 203.007
internal_count=1798 119 81 1679 441 1238
is_linear=0
shrinkage=0.05


Tree=243
num_leaves=7
num_cat=0
split_feature=8 2 2 5 2 0
split_gain=0.748355 2.86293 6.49217 1.46841 3.07266 2.5096
threshold=0.49098576581049852 0.070372888761928445 0.035507209865545626 0.17000000000000001 0.11374618365180451 0.50000000000000011
decision_type=2 2 2 2 2 2
left_child=1 2 -1 5 -5 -2
right_child=3 -3 -4 4 -6 -7
leaf_value=0.0076553987642370052 -0.0017998679202442113 0.015978718121456136 -0.034809195765993353 -0.015459066861843252 0.011487236433227254 0.0085747649316265367
leaf_weight=15.794082289561631 142.1293487995863 6.5061819180846205 12.256620356813071 28.735517419874668 11.159859351813791 92.244804682210088
leaf_count=93 798 43 80 175 75 534
internal_value=-7.8061e-05 -0.00651336 -0.0133583 0.000834858 -0.00748156 0.00237719
internal_weight=308.826 34.5569 28.0507 274.27 39.8954 234.374
internal_count=1798 216 173 1582 250 1332
is_linear=0
shrinkage=0.05


Tree=244
num_leaves=7
num_cat=0
split_feature=13 7 4 6 7 9
split_gain=0.727096 2.28596 3.77033 2.14221 2.03218 3.32549
threshold=0.25015236952841902 -0.84009515114799393 0.044185326145603866 4.6115565066955666 -0.34427581744937602 0.71005638070390986
decision_type=8 2 2 2 2 2
left_child=1 2 -1 -3 -2 -6
right_child=4 3 -4 -5 5 -7
leaf_value=0.024940188720405741 -0.012742554521746019 -0.023222171579586042 -0.013955206096908358 0.00046249657457975743 0.020354770678439431 -0.01159778158617736
leaf_weight=16.559491295367483 30.549325374886394 4.9568354189395896 5.0436851382255545 228.32856532372534 11.808546356856825 11.268967814743517
leaf_count=89 206 24 23 1302 83 71
internal_value=-8.07253e-05 0.00105518 0.0149432 -0.000517471 -0.00510925 0.00546523
internal_weight=308.515 254.889 21.6032 233.285 53.6268 23.0775
internal_count=1798 1438 112 1326 360 154
is_linear=0
shrinkage=0.05


Tree=245
num_leaves=7
num_cat=0
split_feature=6 13 1 2 5 0
split_gain=0.726627 3.07464 2.51146 1.71942 1.58659 3.61821
threshold=7.2267200651451509 -0.1538987893137517 1.2337867329437708 0.099034824176806147 0.05000000000000001 0.55750000000000022
decision_type=2 10 2 2 2 2
left_child=4 3 -3 -2 5 -1
right_child=1 2 -4 -5 -6 -7
leaf_value=-0.00022528528508658857 0.016938254915203756 -0.023777268557159354 0.0097235898886084988 -0.012242683994914686 -0.0041483221797571834 0.016613802170770756
leaf_weight=137.64268027991056 12.039404800161718 17.826191157102588 4.352450802922248 3.0531522892415515 97.0002795252949 36.473326314240694
leaf_count=770 77 116 30 20 567 218
internal_value=-8.93947e-05 -0.00619286 -0.0166235 0.00945751 0.000846615 0.00366742
internal_weight=308.387 37.2712 22.1786 15.0926 271.116 174.116
internal_count=1798 243 146 97 1555 988
is_linear=0
shrinkage=0.05


Tree=246
num_leaves=7
num_cat=0
split_feature=7 4 4 7 3 3
split_gain=0.71914 2.3093 2.33345 1.58964 2.00457 1.21514
threshold=0.93858833223204285 0.01615240135339106 0.043229041164476463 0.85364859538553184 -1.2100424925341284 1.5075567228888171
decision_type=2 2 2 2 2 2
left_child=3 -2 -3 5 -5 -1
right_child=1 2 -4 4 -6 -7
leaf_value=0.00073270969365317213 0.016214230866918804 -0.026989442229712991 0.0068681345232087659 -0.00989896613587039 0.019842642446965875 -0.0092147466885821091
leaf_weight=240.22154466807842 2.9997063390910652 9.719708599150179 5.2101189494132987 4.3378460742533234 15.560125611722468 30.111508199945092
leaf_count=1426 18 55 25 25 87 162
internal_value=-8.23169e-05 -0.00861087 -0.0164152 0.000581459 0.012673 -0.000522522
internal_weight=308.161 17.9295 14.9298 290.231 19.898 270.333
internal_count=1798 98 80 1700 112 1588
is_linear=0
shrinkage=0.05


Tree=247
num_leaves=7
num_cat=0
split_feature=4 4 13 13 4 8
split_gain=0.716087 3.26707 3.25587 3.07594 2.6466 2.38359
threshold=0.017853571071357155 0.021794494717703353 0.1536458382437719 0.23597019115594811 0.027824613072817198 0.62646955073109833
decision_type=2 2 10 8 2 2
left_child=2 5 -1 -4 -3 -2
right_child=1 4 3 -5 -6 -7
leaf_value=-0.0082982908486939049 -0.0018192822334809717 -0.012360015998738566 0.028268156041954443 -0.006671194238792668 0.0019601238571998348 0.026363516358020957
leaf_weight=73.962445558980107 10.8137827180326 35.472788885235786 8.8712221011519414 8.7057205215096491 154.63854703679681 15.69592599570751
leaf_count=481 72 208 51 72 827 87
internal_value=-8.00176e-05 0.00148684 -0.00367283 0.013318 -0.000960134 0.0164028
internal_weight=308.16 216.621 91.5394 17.5769 190.111 26.5097
internal_count=1798 1194 604 123 1035 159
is_linear=0
shrinkage=0.05


Tree=248
num_leaves=6
num_cat=0
split_feature=0 3 3 3 2
split_gain=0.716122 0.911948 4.08416 3.97841 0.677974
threshold=0.90750000000000008 -0.70680133543571111 -0.90453403373329511 -0.57735026918962362 0.070372888761928445
decision_type=2 2 2 2 2
left_child=1 2 -1 -3 -2
right_child=4 3 -4 -5 -6
leaf_value=-0.0014540131725209108 0.020305665955661766 -0.026727115213156152 0.022957213892251086 -0.00042696583813297873 -0.0042991749600446967
leaf_weight=87.615490941330791 2.9650794472545376 10.580941276624797 16.149442724883556 188.75560882501304 2.0670775510370731
leaf_count=534 54 64 91 1028 27
internal_value=-5.40947e-05 -0.000481311 0.00322593 -0.00244284 0.0130933
internal_weight=308.134 303.101 103.765 199.337 5.03216
internal_count=1798 1717 625 1092 81
is_linear=0
shrinkage=0.05


Tree=249
num_leaves=7
num_cat=0
split_feature=4 5 11 4 3 4
split_gain=0.706677 2.18853 2.20324 1.80861 3.38378 3.03853
threshold=0.0070710678118654736 0.030000000000000016 0.66580027936413566 0.017853571071357155 1.4142135623730949 0.02061552812808834
decision_type=2 2 2 2 2 2
left_child=1 2 -1 4 -2 -5
right_child=3 -3 -4 5 -6 -7
leaf_value=-0.015856878373336377 -0.012631956657484159 0.024807360843132686 0.011629808957346782 0.018246660651177089 0.014083257749796055 -0.00059480606218779725
leaf_weight=9.5384496711194569 55.624684413895011 6.2230933606624594 9.7543242610990983 18.960087303072214 10.345070067793129 197.60357085615396
leaf_count=72 366 50 53 113 63 1081
internal_value=-4.32749e-05 0.00719202 -0.00242642 -0.000810403 -0.00774555 0.0014293
internal_weight=308.049 25.5159 19.2928 282.533 65.9698 216.564
internal_count=1798 175 125 1623 429 1194
is_linear=0
shrinkage=0.05


Tree=250
num_leaves=5
num_cat=0
split_feature=9 9 9 1
split_gain=0.701728 0.852814 5.46233 2.35149
threshold=-1.9354446677946526 0.68203430318791214 0.75087596705316006 1.8990595271375954
decision_type=2 2 2 2
left_child=-1 3 -3 -2
right_child=1 2 -4 -5
leaf_value=-0.014490245016506382 0.00052420160593997448 -0.034044517515566662 0.00085975993824503698 0.018966400489947199
leaf_weight=3.1513711400330058 189.95811182819307 7.7090838886797419 93.091520603746176 14.05108919367194
leaf_count=24 1110 42 552 70
internal_value=-9.35225e-06 0.000371804 -0.00329241 0.00221774
internal_weight=307.961 304.81 100.801 204.009
internal_count=1798 1774 594 1180
is_linear=0
shrinkage=0.05


Tree=251
num_leaves=7
num_cat=0
split_feature=4 13 5 2 11 11
split_gain=0.699105 2.38522 2.00786 3.62734 1.76181 1.60832
threshold=0.057418104410156282 0.21133953884229192 0.3050000000000001 0.088639406490935116 0.80641541347402501 0.23767728883406228
decision_type=2 8 2 2 2 2
left_child=2 4 3 -1 -2 -4
right_child=1 -3 5 -5 -6 -7
leaf_value=-0.00067967087669369795 0.0069417203291991707 -0.022121552608336086 -0.030448135514403098 0.015330384556971614 -0.016127541743575426 0.0045421032865101615
leaf_weight=218.46879178844392 29.076607100665569 10.046460017561911 3.8331235423684111 37.130365133285522 5.9634722359478465 3.4234259314835072
leaf_count=1296 141 56 25 218 34 28
internal_value=-3.13708e-05 -0.00545286 0.000982982 0.00189559 0.00149192 -0.0188219
internal_weight=307.942 45.0865 262.856 255.599 35.0401 7.25655
internal_count=1798 231 1567 1514 175 53
is_linear=0
shrinkage=0.05


Tree=252
num_leaves=6
num_cat=0
split_feature=0 3 3 3 2
split_gain=0.70315 0.88277 3.78771 3.67159 0.650007
threshold=0.90750000000000008 -0.70680133543571111 -0.90453403373329511 -0.57735026918962362 0.070372888761928445
decision_type=2 2 2 2 2
left_child=1 2 -1 -3 -2
right_child=4 3 -4 -5 -6
leaf_value=-0.0013559085651493885 0.020075632458105924 -0.025795776720649696 0.022137430526678336 -0.00048123908810964101 -0.0041119228623543377
leaf_weight=87.50764431618154 2.9188524838536969 10.519424183294175 16.193415690213442 188.68654342181981 2.0814132802188396
leaf_count=534 54 64 91 1028 27
internal_value=-6.37618e-05 -0.000486541 0.00316221 -0.0024169 0.0129854
internal_weight=307.907 302.907 103.701 199.206 5.00027
internal_count=1798 1717 625 1092 81
is_linear=0
shrinkage=0.05


Tree=253
num_leaves=6
num_cat=0
split_feature=12 12 8 6 8
split_gain=0.689016 1.66557 1.31064 5.05744 2.16049
threshold=-0.99306417660977864 -0.99863143642332985 0.74414249117858466 6.7637809764645871 0.66574418385534895
decision_type=2 2 2 2 2
left_child=1 -1 4 -4 -2
right_child=2 -3 3 -5 -6
leaf_value=0.0089760534104921397 0.0022590508470072684 -0.021213290683665693 -0.0080988906334795979 0.032328561751662571 -0.0072991479397900129
leaf_weight=4.00580052472651 195.81779763288796 6.320318114012478 13.826209500432016 9.0301597826182824 78.822622410953045
leaf_count=26 1195 38 69 45 425
internal_value=-5.23532e-05 -0.0103943 0.000472492 0.0108091 -0.000565641
internal_weight=307.823 10.3261 297.497 22.8564 274.64
internal_count=1798 64 1734 114 1620
is_linear=0
shrinkage=0.05


Tree=254
num_leaves=7
num_cat=0
split_feature=6 7 9 6 0 9
split_gain=0.699591 4.96516 3.19668 4.12357 2.93976 2.70343
threshold=6.3470207762474145 -0.023769007888555068 -0.86880303778761203 6.6149600502560508 0.62000000000000011 0.51788826220921602
decision_type=2 2 2 2 2 2
left_child=1 -1 4 -4 -2 -3
right_child=2 5 3 -5 -6 -7
leaf_value=0.014045239660704471 -0.019587732642409234 -0.023926596281884489 -0.011662439410836204 0.0063302703578603722 0.0042051340099025685 0.00016170545840989538
leaf_weight=48.216156536713243 33.952171599492431 12.177087003365157 37.513066316023469 122.73776643536985 17.189372405409813 35.978047743439674
leaf_count=255 197 72 217 736 110 211
internal_value=-4.41102e-05 0.0033843 -0.00164917 0.00189293 -0.0119283 -0.00760722
internal_weight=307.764 96.3713 211.392 160.251 51.1415 48.1551
internal_count=1798 538 1260 953 307 283
is_linear=0
shrinkage=0.05


Tree=255
num_leaves=7
num_cat=0
split_feature=6 13 7 1 6 11
split_gain=0.709017 2.87225 2.40325 1.65843 1.55676 3.22739
threshold=7.2267200651451509 -0.1538987893137517 -0.94384616003320609 -0.63643048256493728 7.0555759654891421 -0.83630608682368512
decision_type=2 10 2 2 2 2
left_child=4 3 -3 -2 -1 -6
right_child=1 2 -4 -5 5 -7
leaf_value=-0.0005077613348633685 -0.010434825882044004 0.0099219187270967735 -0.023099917939087285 0.017330946082733271 -0.012234708789024567 0.020119967227566184
leaf_weight=242.84918798878789 4.117741720750927 4.1298847533762482 17.905788516625762 10.952877884730695 7.1549835465848473 20.394153457134962
leaf_count=1401 29 25 121 68 39 115
internal_value=-6.66577e-05 -0.00610834 -0.0162206 0.00903492 0.000858279 0.0111283
internal_weight=307.505 37.1063 22.0357 15.0706 270.398 27.5491
internal_count=1798 243 146 97 1555 154
is_linear=0
shrinkage=0.05


Tree=256
num_leaves=7
num_cat=0
split_feature=9 9 4 13 2 9
split_gain=0.7051 3.04546 2.97439 2.80398 2.36483 1.85764
threshold=1.1043705772825378 1.060071399331961 0.048185827257805174 -0.19921641845129492 0.078623120466894833 1.0164064646125521
decision_type=2 2 2 10 2 2
left_child=1 5 3 -2 -4 -1
right_child=2 -3 4 -5 -6 -7
leaf_value=0.00074053327861542872 -0.023175440890702149 0.025161684347602908 0.027440568488556655 0.0024429341110534294 -0.0094001392064377576 -0.018927857521412947
leaf_weight=245.92063629254699 18.701283061876889 7.4082945603877297 5.9002083465456945 17.869761813431982 3.9950440842658281 7.6088850274682036
leaf_count=1435 115 42 30 108 26 42
internal_value=-6.24051e-05 0.000975301 -0.0054184 -0.0118693 0.0144041 -0.000204403
internal_weight=307.404 260.938 46.4663 36.571 9.89525 253.53
internal_count=1798 1519 279 223 56 1477
is_linear=0
shrinkage=0.05


Tree=257
num_leaves=6
num_cat=0
split_feature=0 6 2 2 2
split_gain=0.684925 0.874292 1.21842 0.863765 0.63595
threshold=0.90750000000000008 7.5863395100145077 0.12381065869393727 0.051037832737760712 0.070372888761928445
decision_type=2 2 2 2 2
left_child=1 2 -1 -3 -2
right_child=4 3 -4 -5 -6
leaf_value=-0.00075624277381009853 0.019892302606241242 0.0047493824548034474 0.012310642254069269 -0.021394028606288126 -0.0040549812482776658
leaf_weight=281.68854001909494 2.8793553691357365 2.4892769362777463 14.023833585903047 4.2723023593425751 2.0849248543381691
leaf_count=1578 54 19 89 31 27
internal_value=-5.57029e-05 -0.000472928 5.78276e-05 -0.0138419 0.0128468
internal_weight=307.438 302.474 295.712 6.76158 4.96428
internal_count=1798 1717 1667 50 81
is_linear=0
shrinkage=0.05


Tree=258
num_leaves=7
num_cat=0
split_feature=8 4 11 8 7 8
split_gain=0.702813 2.7104 4.16217 2.08373 1.37002 3.92101
threshold=0.49098576581049852 0.016393596310754988 0.9026478877170564 0.46419834752229844 0.90179315718640263 0.59811433077596032
decision_type=2 2 2 2 2 2
left_child=1 2 -1 -3 -2 -6
right_child=4 3 -4 -5 5 -7
leaf_value=0.020767741339449766 0.0020471395761310894 -0.0011186307971863467 -0.02168292697951147 -0.031673999368645567 0.021124143333958935 -0.017572106706941891
leaf_weight=12.081906283274295 247.04601471684873 10.92157810367644 4.0175442434847346 7.2849280983209601 4.0662622898817089 21.952604740858078
leaf_count=82 1439 71 23 40 25 118
internal_value=-4.42454e-05 -0.00630178 0.00754645 -0.0175349 0.000841086 -0.00909437
internal_weight=307.371 34.306 16.0995 18.2065 273.065 26.0189
internal_count=1798 216 105 111 1582 143
is_linear=0
shrinkage=0.05


Tree=259
num_leaves=5
num_cat=0
split_feature=9 8 7 8
split_gain=0.67796 0.832432 2.92554 2.05
threshold=-1.9354446677946526 0.49098576581049852 0.091157278414368645 0.53779231033774455
decision_type=2 2 2 2
left_child=-1 2 -2 -3
right_child=1 3 -4 -5
leaf_value=-0.014327750823379165 -0.019111537390105807 0.01300394655092374 0.007264479930982279 -0.00031204782097975052
leaf_weight=3.1170814502984276 16.46221830509603 27.768209042027593 16.703824078664184 243.26718825288117
leaf_count=24 103 181 103 1387
internal_value=-6.45614e-05 0.000310916 -0.00661606 0.00126304
internal_weight=307.319 304.201 33.166 271.035
internal_count=1798 1774 206 1568
is_linear=0
shrinkage=0.05


Tree=260
num_leaves=7
num_cat=0
split_feature=4 11 7 11 4 4
split_gain=0.688009 2.15617 2.17042 1.96431 1.31543 1.89878
threshold=0.066590999661086697 -0.57355567466301804 0.63098532011360609 -0.94259292838992492 0.063418249683888733 0.058922612779853362
decision_type=2 2 2 2 2 2
left_child=4 3 -3 -2 5 -1
right_child=1 2 -4 -5 -6 -7
leaf_value=0.00090759610358678909 -0.012498441332169999 -0.022602276440886585 0.0084875884270581309 0.018699223282552534 0.018290352339938084 -0.021095648649207068
leaf_weight=264.20902499370277 3.7916705757379523 15.570224694907667 4.7206533662974826 8.4295605029910785 5.3314652591943732 5.175580332055687
leaf_count=1578 19 78 27 41 26 29
internal_value=-7.22231e-05 -0.00642963 -0.0151212 0.00820151 0.000781645 0.000108142
internal_weight=307.228 32.5121 20.2909 12.2212 274.716 269.385
internal_count=1798 165 105 60 1633 1607
is_linear=0
shrinkage=0.05


Tree=261
num_leaves=7
num_cat=0
split_feature=11 8 8 5 11 8
split_gain=0.700385 4.87638 3.57693 3.49569 2.83912 2.62731
threshold=0.12204979129193404 0.7124201401232243 0.67398331734739736 0.090000000000000122 0.45006596843155194 0.75513835190329359
decision_type=2 2 2 2 2 2
left_child=1 2 -1 -3 -2 -6
right_child=4 3 -4 -5 5 -7
leaf_value=-0.0022645316939107615 0.014500097999782472 0.02465694722251667 -0.022677316944131373 -0.0098623007275323027 0.00087573319330673234 -0.024775924638938497
leaf_weight=110.80304852686822 31.67253283970058 19.798836018890146 22.050124298781157 7.2223892658948889 109.64797332882881 5.9516392350196829
leaf_count=681 190 96 119 38 644 30
internal_value=-7.66366e-05 -0.00233354 -0.00635215 0.0153312 0.00236957 -0.00141738
internal_weight=307.147 159.874 132.853 27.0212 147.272 115.6
internal_count=1798 934 800 134 864 674
is_linear=0
shrinkage=0.05


Tree=262
num_leaves=7
num_cat=0
split_feature=11 11 3 9 12 9
split_gain=0.698338 2.64621 2.64034 2.42751 2.13468 1.63218
threshold=-0.90164203839979595 -0.84810589577471474 -1.2492997616493118 -1.0381104898235083 0.056656484643252576 1.0956950677182475
decision_type=2 2 2 2 2 2
left_child=2 3 -1 -2 -4 -3
right_child=1 5 4 -5 -6 -7
leaf_value=-0.01697588918149474 0.0094226472939658839 0.0019669595649901756 -0.00021695369876151651 -0.029809815347949038 0.022770035920034844 -0.008533532599377041
leaf_weight=5.9280735664069644 2.7868652567267409 214.85175756178796 20.492054870352149 8.8237728271633369 14.737680116668342 39.500275941565633
leaf_count=40 15 1246 122 50 84 241
internal_value=-8.85329e-05 -0.00105556 0.00559782 -0.0203912 0.0110341 0.000203179
internal_weight=307.12 265.963 41.1578 11.6106 35.2297 254.352
internal_count=1798 1552 246 65 206 1487
is_linear=0
shrinkage=0.05


Tree=263
num_leaves=7
num_cat=0
split_feature=0 1 3 1 11 4
split_gain=0.693428 2.30099 3.22227 2.50532 2.06743 2.7087
threshold=0.41000000000000009 -0.87622832653069038 -1.6600377076559727 -0.63643048256493728 0.9902680582675113 0.02678035660703568
decision_type=2 2 2 2 2 2
left_child=4 2 -2 -3 5 -1
right_child=1 3 -4 -5 -6 -7
leaf_value=-0.012668287586232709 -0.014465522303993087 -0.021668993896809024 0.020483763298589006 0.0010040010773699716 0.016884793167001234 0.0028101357546230585
leaf_weight=52.740241596475244 4.6413991823792484 8.1743140220642072 24.254211843013763 157.91516435705125 6.8770584836602202 52.45686649531126
leaf_count=369 25 38 116 911 39 300
internal_value=-0.00010128 0.00168943 0.0135642 -0.000712534 -0.00315583 -0.00517263
internal_weight=307.059 194.985 28.8956 166.089 112.074 105.197
internal_count=1798 1090 141 949 708 669
is_linear=0
shrinkage=0.05


Tree=264
num_leaves=5
num_cat=0
split_feature=5 13 7 7
split_gain=0.672265 0.950152 1.81923 1.72602
threshold=0.37500000000000006 0.25015236952841902 -0.34427581744937602 -0.84009515114799393
decision_type=2 8 2 2
left_child=1 3 -3 -1
right_child=-2 2 -4 -5
leaf_value=0.013781446235927634 -0.012899854247660381 -0.012744269873976734 0.0046960833163443814 0.00022091988557474643
leaf_weight=21.178060077130795 4.9383194483816615 29.957142245024443 22.556597089394927 228.17762770503759
leaf_count=111 36 205 150 1296
internal_value=-0.000102669 0.000313456 -0.00549599 0.0016209
internal_weight=306.808 301.869 52.5137 249.356
internal_count=1798 1762 355 1407
is_linear=0
shrinkage=0.05


Tree=265
num_leaves=7
num_cat=0
split_feature=4 1 1 4 5 2
split_gain=0.668524 2.32983 5.10819 2.66661 1.89835 3.21204
threshold=0.057418104410156282 0.57250367320736151 -1.7166072763869582 0.09156604046499911 0.3050000000000001 0.088639406490935116
decision_type=2 2 2 2 2 2
left_child=4 2 -2 -3 5 -1
right_child=1 3 -4 -5 -6 -7
leaf_value=-0.00064310178257093273 0.0050525735774364141 0.016404859712369671 -0.035295394742777528 -0.014643223725355026 -0.018329453583954509 0.014452577017738378
leaf_weight=217.61122441384941 14.284338399767877 14.588825248181822 9.9158819504082185 6.0918983966112128 7.2960012517869464 36.962311716750264
leaf_count=1296 82 70 50 29 53 218
internal_value=-0.0001032 -0.00541481 -0.0146926 0.00618872 0.000891533 0.00178486
internal_weight=306.75 44.8809 24.2002 20.6807 261.87 254.574
internal_count=1798 231 132 99 1567 1514
is_linear=0
shrinkage=0.05


Tree=266
num_leaves=7
num_cat=0
split_feature=2 13 0 2 3 2
split_gain=0.671674 3.72888 5.01223 2.46343 3.97992 2.2173
threshold=0.034470172917468546 -0.20136657622820897 0.56750000000000012 0.042373143311587466 -1.0000000180025095e-35 0.043164688150547824
decision_type=2 8 2 2 2 2
left_child=1 -1 -3 4 -2 -5
right_child=3 2 -4 5 -6 -7
leaf_value=-0.019671706394212014 0.0038684399877836439 -0.0014362690281598013 0.029529005637368617 0.02718552164235782 -0.027621762445467563 -0.00016761167713174354
leaf_weight=8.3748767618089897 17.125493194907904 34.891075354069471 15.488509569317101 2.674890309572219 16.044063720852137 212.11509900446981
leaf_count=51 102 205 115 15 98 1212
internal_value=-0.000124549 0.00446407 0.00989012 -0.00127858 -0.0129863 0.000783725
internal_weight=306.714 58.7545 50.3796 247.96 33.1696 214.79
internal_count=1798 371 320 1427 200 1227
is_linear=0
shrinkage=0.05


Tree=267
num_leaves=7
num_cat=0
split_feature=13 1 13 0 13 1
split_gain=0.697912 3.52688 3.27713 2.61463 2.6066 2.05199
threshold=-0.11790950347537912 -0.24871791482634859 -0.10096673929134438 0.38000000000000006 -0.075674724081601724 0.10358297079867561
decision_type=8 2 8 2 8 2
left_child=1 3 -2 -1 -4 -3
right_child=2 5 4 -5 -6 -7
leaf_value=-0.023952150897472511 -0.025021004815031923 0.027138947224447981 0.017920189463977266 0.0033654171878655481 -0.0016427449439937757 0.0048370368519868893
leaf_weight=11.335979178547861 8.9723293147981149 9.8010478205978853 13.556062830612062 16.60941044986248 201.67793381586671 44.550604678690434
leaf_count=64 48 48 78 84 1178 298
internal_value=-0.000108464 0.00369779 -0.00155577 -0.00966925 -3.17434e-05 0.0108062
internal_weight=306.503 82.297 224.206 27.9454 215.234 54.3517
internal_count=1798 494 1304 148 1256 346
is_linear=0
shrinkage=0.05


Tree=268
num_leaves=6
num_cat=0
split_feature=0 13 13 0 1
split_gain=0.656349 0.921043 1.52407 1.22053 0.626038
threshold=0.90750000000000008 -0.29447619684762982 -0.25110817717244199 0.55000000000000016 0.88367084142756591
decision_type=2 8 8 2 2
left_child=1 3 -3 -1 -2
right_child=4 2 -4 -5 -6
leaf_value=-0.0074427961114387833 -0.0042404064723787476 -0.016063691283406744 -0.00027566634951515097 0.01864081509758855 0.019492177799023801
leaf_weight=3.489863194525241 1.9934152886271466 11.18610931560397 278.4891815027222 8.1660307645797712 2.9065050035715103
leaf_count=16 17 63 1569 69 64
internal_value=-0.000101082 -0.000508991 -0.00114756 0.0109413 0.0125718
internal_weight=306.231 301.331 289.675 11.6559 4.89992
internal_count=1798 1717 1632 85 81
is_linear=0
shrinkage=0.05


Tree=269
num_leaves=5
num_cat=0
split_feature=9 2 2 2
split_gain=0.654557 0.846043 3.39083 3.03067
threshold=-1.9354446677946526 0.058442573479364109 0.071433729807079169 0.054565829376858964
decision_type=2 2 2 2
left_child=-1 3 -3 -2
right_child=1 2 -4 -5
leaf_value=-0.014116372394410256 4.1006617072537274e-05 -0.013645837200365721 0.0025126517688109744 0.01979342091806546
leaf_weight=3.1003167647868386 140.79766324535012 41.635882373899221 103.06616739742458 17.530392117798328
leaf_count=24 850 238 595 91
internal_value=-8.76414e-05 0.000282697 -0.00243719 0.00276702
internal_weight=306.13 303.03 144.702 158.328
internal_count=1798 1774 833 941
is_linear=0
shrinkage=0.05


Tree=270
num_leaves=7
num_cat=0
split_feature=7 9 2 6 7 9
split_gain=0.658021 5.23161 4.41037 3.01757 2.60477 2.29453
threshold=0.64276892290061383 0.67025728520740757 0.03879252285242539 5.4912489800785922 0.90179315718640263 0.51788826220921602
decision_type=2 2 2 2 2 2
left_child=1 5 -3 -2 -5 -1
right_child=3 2 -4 4 -6 -7
leaf_value=0.00015544562170262193 -0.024234481028928053 0.012430534657699992 -0.027423692839925358 0.013400435438993306 -0.0053513774332530975 0.020075363487425581
leaf_weight=189.3408030634746 3.8167452886700621 5.856678698211911 24.682876128703356 46.088066898286343 25.594394873827696 10.65868736617267
leaf_count=1104 18 48 144 282 141 61
internal_value=-8.77241e-05 -0.00142013 -0.0191072 0.00381632 0.00679269 0.0016808
internal_weight=306.038 230.539 30.5396 75.4992 71.6825 199.999
internal_count=1798 1357 192 441 423 1165
is_linear=0
shrinkage=0.05


Tree=271
num_leaves=7
num_cat=0
split_feature=0 4 2 4 3 9
split_gain=0.65157 0.958149 1.92567 1.85593 0.638874 0.317428
threshold=0.15000000000000005 0.0070710678118654805 0.024909534253079228 0.018027756377319976 -1.4185390885838174 1.3837640591372047
decision_type=2 2 2 2 2 2
left_child=4 2 -2 -3 -1 -6
right_child=1 3 -4 -5 5 -7
leaf_value=0.0045936743461690733 -0.005526377298148164 -0.0075885632152394968 0.019111581561854919 0.0017628584265038526 -0.021216657460238833 0.0021721509546945602
leaf_weight=2.132677948102355 10.87946022860706 65.476031007245183 13.273824606090782 209.95768460445106 3.45995651744306 0.71721349097788323
leaf_count=29 60 386 83 1115 107 18
internal_value=-9.22949e-05 0.000346745 0.00896934 -0.000555824 -0.0118753 -0.0182053
internal_weight=305.897 299.587 24.1533 275.434 6.30985 4.17717
internal_count=1798 1644 143 1501 154 125
is_linear=0
shrinkage=0.05


Tree=272
num_leaves=7
num_cat=0
split_feature=6 13 1 5 0 4
split_gain=0.663732 2.77378 2.34093 1.57587 3.17151 3.12207
threshold=7.2267200651451509 -0.1538987893137517 1.2337867329437708 0.05000000000000001 0.55750000000000022 0.0086602540378443917
decision_type=2 10 2 2 2 2
left_child=3 -2 -3 4 -1 -5
right_child=1 2 -4 5 -6 -7
leaf_value=-2.5921665765943326e-05 0.0089560828920143692 -0.022873689937067725 0.0095949445185000651 0.020550979332486161 0.015839895897551498 -0.0070028285480273275
leaf_weight=136.57242614496499 14.954401491209863 17.589528835378591 4.2583164758980265 6.6683763805776826 35.933603446930647 89.863962300121784
leaf_count=770 97 116 30 54 218 513
internal_value=-9.31823e-05 -0.00596043 -0.015937 0.000803518 0.00363207 -0.00418113
internal_weight=305.841 36.8022 21.8478 269.038 172.506 96.5323
internal_count=1798 243 146 1555 988 567
is_linear=0
shrinkage=0.05


Tree=273
num_leaves=7
num_cat=0
split_feature=6 7 9 6 5 0
split_gain=0.641365 4.37972 2.91294 3.83409 2.67195 2.61473
threshold=6.3470207762474145 -0.023769007888555068 -0.86880303778761203 6.6149600502560508 0.1075 0.62000000000000011
decision_type=2 2 2 2 2 2
left_child=1 -1 5 -4 -3 -2
right_child=2 4 3 -5 -6 -7
leaf_value=0.013241989698465479 -0.018747516368175204 -0.013596306887585247 -0.011329646151754729 0.0060702438143939328 0.010386350971719645 0.0038250800288586254
leaf_weight=48.038239948451519 33.513942630961537 35.773984227329493 37.269649839028716 121.94083833694458 12.043003659695385 17.034961834549904
leaf_count=255 197 206 217 736 77 110
internal_value=-6.80031e-05 0.00322215 -0.00161154 0.00177615 -0.00714469 -0.011481
internal_weight=305.615 95.8552 209.759 159.21 47.817 50.5489
internal_count=1798 538 1260 953 283 307
is_linear=0
shrinkage=0.05


Tree=274
num_leaves=7
num_cat=0
split_feature=11 8 8 5 11 13
split_gain=0.654297 4.48489 3.31415 3.28718 2.62305 2.56163
threshold=0.12204979129193404 0.7124201401232243 0.67398331734739736 0.090000000000000122 0.45006596843155194 -0.11790950347537912
decision_type=2 2 2 2 2 10
left_child=1 2 -1 -3 -2 -6
right_child=4 3 -4 -5 5 -7
leaf_value=-0.0021784021587158576 0.013986931405832648 0.023789597014579889 -0.021876631346398945 -0.0097031695231032007 0.0078194584693820225 -0.0069255325672316599
leaf_weight=110.00870149582624 31.480847250670195 19.688639000058178 21.929652597755194 7.1887890323996535 42.696456417441368 72.297565158456564
leaf_count=681 190 96 119 38 264 410
internal_value=-7.32012e-05 -0.00226231 -0.0061317 0.0147146 0.00229668 -0.00135312
internal_weight=305.291 158.816 131.938 26.8774 146.475 114.994
internal_count=1798 934 800 134 864 674
is_linear=0
shrinkage=0.05


Tree=275
num_leaves=7
num_cat=0
split_feature=11 3 0 11 9 7
split_gain=0.647964 2.51552 2.48501 2.41225 2.35696 1.90805
threshold=-0.90164203839979595 -1.0088462938727589 0.50750000000000017 -0.84810589577471474 -1.0381104898235083 -0.8944026823708221
decision_type=2 2 2 2 2 2
left_child=1 2 -1 4 -2 -3
right_child=3 5 -4 -5 -6 -7
leaf_value=-0.028525525874933694 0.0096226730177351033 -0.014689005633680328 0.011204486010969806 0.00020597093276262491 -0.028855329045198504 0.015091089312516015
leaf_weight=4.6840149750933042 2.7686026170849791 2.2456909632310262 3.1105021685361862 252.73876468464732 8.766331668943165 30.83750793710351
leaf_count=34 15 17 19 1487 50 176
internal_value=-6.56556e-05 0.00542807 -0.0144881 -0.00100043 -0.0195028 0.0114065
internal_weight=305.151 40.8777 7.79452 264.274 11.5349 33.0832
internal_count=1798 246 53 1552 65 193
is_linear=0
shrinkage=0.05


Tree=276
num_leaves=7
num_cat=0
split_feature=8 2 2 2 2 3
split_gain=0.649012 2.65301 5.61705 1.3961 4.48277 3.73382
threshold=0.49098576581049852 0.070372888761928445 0.035507209865545626 0.081357828127714762 0.075440834030043161 1.3754412584206459
decision_type=2 2 2 2 2 2
left_child=1 2 -1 4 -2 -5
right_child=3 -3 -4 5 -6 -7
leaf_value=0.0069516940933487779 0.00057792072757847652 0.015570623095475973 -0.032900564588085289 0.00045335609972982198 0.026590201323341656 -0.027121045672875196
leaf_weight=15.505068233236672 186.00238393899053 6.4030153322964898 11.984246214851735 61.637260818853974 13.208568673580883 10.281433740630744
leaf_count=93 1087 43 80 364 74 57
internal_value=-9.15373e-05 -0.00613731 -0.0128118 0.000761656 0.00291147 -0.00499538
internal_weight=305.022 33.8923 27.4893 271.13 199.211 71.9187
internal_count=1798 216 173 1582 1161 421
is_linear=0
shrinkage=0.05


Tree=277
num_leaves=7
num_cat=0
split_feature=5 9 2 5 6 5
split_gain=0.639011 2.59891 2.17704 1.47028 3.05586 1.77773
threshold=0.17000000000000001 -1.2352238972094816 0.11374618365180451 0.12500000000000006 6.176697872694235 0.11000000000000008
decision_type=2 2 2 2 2 2
left_child=3 -2 -3 5 -5 -1
right_child=1 2 -4 4 -6 -7
leaf_value=0.00060779909099014328 0.016602260282997099 -0.0175643529008171 0.00632959470356367 0.033847581282923526 -0.0011134252379489463 -0.019043196771827489
leaf_weight=233.88254079315811 6.2979314103722563 26.114585224539042 10.685673277825115 5.0018221810460117 15.85687001980841 7.0931767560541621
leaf_count=1362 40 160 73 29 95 39
internal_value=-9.49808e-05 -0.00539838 -0.0106991 0.000862763 0.0121938 -0.00034597
internal_weight=304.933 43.0982 36.8003 261.834 20.8587 240.976
internal_count=1798 273 233 1525 124 1401
is_linear=0
shrinkage=0.05


Tree=278
num_leaves=6
num_cat=0
split_feature=0 13 13 0 7
split_gain=0.634709 0.875431 1.47703 1.17759 0.593508
threshold=0.90750000000000008 -0.29447619684762982 -0.25110817717244199 0.55000000000000016 0.49858804517705424
decision_type=2 8 8 2 2
left_child=1 3 -3 -1 -2
right_child=4 2 -4 -5 -6
leaf_value=-0.0073263325821714886 0.017941017109606449 -0.015777053406971005 -0.00023787448551767059 0.018330321171503045 -0.0056169931541406402
leaf_weight=3.4795193672180167 3.7307137604802838 11.19524886831641 277.40784606523812 8.070956312119959 1.1135040950030086
leaf_count=16 64 63 1569 69 17
internal_value=-7.39409e-05 -0.000475891 -0.00109907 0.010723 0.0124234
internal_weight=304.998 300.154 288.603 11.5505 4.84422
internal_count=1798 1717 1632 85 81
is_linear=0
shrinkage=0.05


Tree=279
num_leaves=7
num_cat=0
split_feature=6 13 7 2 5 0
split_gain=0.632107 2.50609 2.25114 1.61304 1.45955 2.91373
threshold=7.2267200651451509 -0.1538987893137517 -0.94384616003320609 0.099034824176806147 0.05000000000000001 0.55750000000000022
decision_type=2 10 2 2 2 2
left_child=4 3 -3 -2 5 -1
right_child=1 2 -4 -5 -6 -7
leaf_value=3.3545674210917311e-05 0.015843907508395864 0.0099767468640266088 -0.021997662945144165 -0.012296569657154446 -0.0039903951265554049 0.015289173565709569
leaf_weight=136.29218505788594 11.827491365373133 4.0467247925698784 17.698606260120869 3.0611465182155362 96.329719539731741 35.637758318334818
leaf_count=770 77 25 121 20 567 218
internal_value=-6.40826e-05 -0.00580225 -0.0152946 0.00842133 0.00081136 0.00353845
internal_weight=304.894 36.634 21.7453 14.8886 268.26 171.93
internal_count=1798 243 146 97 1555 988
is_linear=0
shrinkage=0.05


Tree=280
num_leaves=5
num_cat=0
split_feature=3 4 2 3
split_gain=0.63648 1.38261 2.38785 1.48672
threshold=-1.7306422835451012 0.0070710678118654736 0.024909534253079228 -1.4185390885838174
decision_type=2 2 2 2
left_child=-1 2 -2 -3
right_child=1 3 -4 -5
leaf_value=-0.012863034537577148 -0.0056379140046988593 0.0082684571261553968 0.022464268803167896 -0.0021477185604292745
leaf_weight=4.4131758175790301 10.448598578572275 34.790578730404377 12.486339285969732 242.56323660444468
leaf_count=27 67 201 96 1407
internal_value=-5.82867e-05 0.000337485 0.010944 -0.000717856
internal_weight=304.702 300.289 22.9349 277.354
internal_count=1798 1771 163 1608
is_linear=0
shrinkage=0.05


Tree=281
num_leaves=7
num_cat=0
split_feature=13 3 9 6 6 8
split_gain=0.63735 1.89052 4.87843 2.99523 1.48034 1.36515
threshold=0.25015236952841902 -0.96225044864937614 -0.61111998201811202 6.991590411294017 4.8626969228878147 0.62204317311458601
decision_type=8 2 2 2 2 2
left_child=4 2 -2 -3 -1 -6
right_child=1 3 -4 -5 5 -7
leaf_value=-0.016367433318674404 -0.034817733034030615 0.012933148583025085 0.010648816790597726 -0.01255476422035081 0.0056844025720511797 -0.0016598761982464347
leaf_weight=6.7363161146640769 8.8094160081818682 20.989112876355648 7.1101004220545283 15.785318955779074 114.54128199070692 130.78188994899392
leaf_count=34 67 138 56 99 695 709
internal_value=-4.72691e-05 -0.00479579 -0.0168194 0.00179934 0.0010194 0.00181421
internal_weight=304.753 52.6939 15.9195 36.7744 252.059 245.323
internal_count=1798 360 123 237 1438 1404
is_linear=0
shrinkage=0.05


Tree=282
num_leaves=7
num_cat=0
split_feature=4 13 4 13 9 8
split_gain=0.634085 2.98677 2.87138 2.68007 2.46927 2.44062
threshold=0.017853571071357155 0.1536458382437719 0.021794494717703353 0.22471212846356808 0.75087596705316006 0.52121463212541463
decision_type=2 10 2 8 2 2
left_child=1 4 -2 -3 -1 -4
right_child=2 3 5 -5 -6 -7
leaf_value=-0.014138135811481012 0.015447588840409601 0.027484966811576819 -0.01419194439399876 -0.0054180253145791196 0.0042349816173137839 0.0014340306296467731
leaf_weight=47.77802799642086 26.238300520926714 8.227113910019396 24.349007111042738 9.0621185004711169 25.093884630128741 163.94152691587806
leaf_count=315 159 47 146 76 166 889
internal_value=-7.45059e-05 -0.00348228 0.00140439 0.0128922 -0.00794556 -0.000901504
internal_weight=304.69 90.1611 214.529 17.2892 72.8719 188.291
internal_count=1798 604 1194 123 481 1035
is_linear=0
shrinkage=0.05


Tree=283
num_leaves=6
num_cat=0
split_feature=0 13 13 0 2
split_gain=0.63102 0.811168 1.39549 1.12757 0.597758
threshold=0.90750000000000008 -0.29447619684762982 -0.25110817717244199 0.55000000000000016 0.070372888761928445
decision_type=2 8 8 2 2
left_child=1 3 -3 -1 -2
right_child=4 2 -4 -5 -6
leaf_value=-0.0072308693585959125 0.019329746749301564 -0.015306457818694944 -0.00021982001807527488 0.017870665282759289 -0.0039440715526409074
leaf_weight=3.4813074655830842 2.757229881361126 11.235366042703388 277.166747700423 7.961059033870697 2.0778003223240376
leaf_count=16 54 63 1569 69 27
internal_value=-5.87911e-05 -0.000460026 -0.00105838 0.0103571 0.0124077
internal_weight=304.68 299.844 288.402 11.4424 4.83503
internal_count=1798 1717 1632 85 81
is_linear=0
shrinkage=0.05


Tree=284
num_leaves=7
num_cat=0
split_feature=0 4 7 4 3 1
split_gain=0.625183 0.783945 1.80832 1.71594 0.610018 0.365334
threshold=0.15000000000000005 0.0070710678118654805 -0.6397708988352645 0.018027756377319976 -1.4185390885838174 -1.6157067916505599
decision_type=2 2 2 2 2 2
left_child=4 2 -2 -3 -1 -6
right_child=1 3 -4 -5 5 -7
leaf_value=0.0044496009764893006 -0.011613138453479256 -0.0072137562462240195 0.014600606180454568 0.0017955128805133677 0.0028215938219698163 -0.021140247319433217
leaf_weight=2.1450485028326511 4.8549136817455318 65.1866968665272 19.125116871669888 209.18592114001513 0.65180844254791726 3.4383066128939381
leaf_count=29 28 386 115 1115 18 107
internal_value=-4.71254e-05 0.000382587 0.00820547 -0.000435748 -0.0116285 -0.01787
internal_weight=304.588 298.353 23.98 274.373 6.23516 4.09012
internal_count=1798 1644 143 1501 154 125
is_linear=0
shrinkage=0.05


Tree=285
num_leaves=6
num_cat=0
split_feature=0 2 0 2 1
split_gain=0.612591 0.781928 2.05899 1.52683 0.584067
threshold=0.90750000000000008 0.021730674684008845 0.56750000000000012 0.034470172917468546 0.88367084142756591
decision_type=2 2 2 2 2
left_child=1 2 -1 -3 -2
right_child=4 3 -4 -5 -6
leaf_value=-0.018477167780726361 -0.0040313556531018238 0.0087043677103215665 0.011565876457978406 -0.0012990097414971539 0.01900092420225169
leaf_weight=12.217373684979977 1.9976082518696774 40.085158566012979 4.4900275915861121 242.92567622754723 2.8011185824871063
leaf_count=72 17 243 30 1372 64
internal_value=-5.80559e-05 -0.000452838 -0.00959893 0.000244366 0.0122484
internal_weight=304.517 299.718 16.7074 283.011 4.79873
internal_count=1798 1717 102 1615 81
is_linear=0
shrinkage=0.05


Tree=286
num_leaves=7
num_cat=0
split_feature=11 8 8 5 11 8
split_gain=0.613486 4.10094 3.1022 2.97543 2.38728 2.46536
threshold=0.12204979129193404 0.7124201401232243 0.67398331734739736 0.090000000000000122 0.45006596843155194 0.75513835190329359
decision_type=2 2 2 2 2 2
left_child=1 2 -1 -3 -2 -6
right_child=4 3 -4 -5 5 -7
leaf_value=-0.0020457551273026287 0.013415688280205704 0.022721671073907757 -0.021128741972094772 -0.0091816903998384689 0.00099425343942191363 -0.023885745897530335
leaf_weight=109.63053791411221 31.41058829985559 19.638593088835481 21.849466849118471 7.1784584410488597 108.74286014772952 5.9262260198593131
leaf_count=681 190 96 119 38 644 30
internal_value=-4.26956e-05 -0.00216654 -0.00587486 0.0140809 0.00225432 -0.00123584
internal_weight=304.377 158.297 131.48 26.8171 146.08 114.669
internal_count=1798 934 800 134 864 674
is_linear=0
shrinkage=0.05


Tree=287
num_leaves=5
num_cat=0
split_feature=3 3 11 3
split_gain=0.611554 1.00787 3.30179 2.18342
threshold=-1.7306422835451012 -1.4142135623730943 -0.82404379727873367 -1.220532126056894
decision_type=2 2 2 2
left_child=-1 2 -2 -3
right_child=1 3 -4 -5
leaf_value=-0.012627888909675422 -0.017190246330447748 -0.01782254673116198 0.014091184275524485 0.00037730720634784822
leaf_weight=4.3833795934915534 6.3960362672805777 12.632368243299423 31.571315079927444 249.35600279457867
leaf_count=27 39 94 184 1454
internal_value=-5.60652e-05 0.000331685 0.00743431 -0.000817576
internal_weight=304.339 299.956 37.9674 261.988
internal_count=1798 1771 223 1548
is_linear=0
shrinkage=0.05


Tree=288
num_leaves=7
num_cat=0
split_feature=11 5 2 11 9 0
split_gain=0.634292 2.43706 2.43183 2.14566 2.21369 1.61089
threshold=-0.90164203839979595 -0.089999999999999927 0.028765041368952329 -0.84810589577471474 -1.0381104898235083 0.31750000000000006
decision_type=2 2 2 2 2 2
left_child=1 5 -3 4 -2 -1
right_child=3 2 -4 -5 -6 -7
leaf_value=-0.022790760858443001 0.0095395301574234606 -0.015733719397179532 0.017219243861217103 0.00013529538599571855 -0.027601203186092788 0.0066131624016976497
leaf_weight=5.9643210452049953 2.7694042548537245 2.7149627422913936 26.946797702461481 252.18623206950724 8.7274490613490325 5.0300549417734146
leaf_count=50 15 21 153 1487 50 22
internal_value=-8.02411e-05 0.0053697 0.0123685 -0.00100483 -0.0184749 -0.0114762
internal_weight=304.339 40.6561 29.6618 263.683 11.4969 10.9944
internal_count=1798 246 174 1552 65 72
is_linear=0
shrinkage=0.05


Tree=289
num_leaves=5
num_cat=0
split_feature=9 13 11 2
split_gain=0.609497 0.801845 2.65948 1.80518
threshold=-1.9354446677946526 0.085874746528377885 0.95632601277590867 0.024909534253079228
decision_type=2 10 2 2
left_child=-1 3 -3 -2
right_child=1 2 -4 -5
leaf_value=-0.013677477722623607 -0.014696172638542438 0.00038914096909178236 0.02317198883698502 0.00013980657855379786
leaf_weight=3.0552333015948525 17.924894828349352 79.62806917540729 10.305958202108739 193.27313319034874
leaf_count=24 113 470 55 1136
internal_value=-0.000102727 0.000256142 0.00408285 -0.00143012
internal_weight=304.187 301.132 89.934 211.198
internal_count=1798 1774 525 1249
is_linear=0
shrinkage=0.05


Tree=290
num_leaves=7
num_cat=0
split_feature=4 1 1 4 5 2
split_gain=0.605944 2.15253 4.74274 2.43044 1.71706 2.97651
threshold=0.057418104410156282 0.57250367320736151 -1.7166072763869582 0.09156604046499911 0.3050000000000001 0.088639406490935116
decision_type=2 2 2 2 2 2
left_child=4 2 -2 -3 5 -1
right_child=1 3 -4 -5 -6 -7
leaf_value=-0.00064234860649243293 0.004906763741299152 0.015775451452458924 -0.034072898113718275 -0.013937544115097109 -0.017392214026164102 0.013935032817238794
leaf_weight=215.58158779609948 14.231682088226082 14.490061461925508 9.7983739487826806 6.0530213415622702 7.3398962058126918 36.721218891441822
leaf_count=1296 82 70 50 29 53 218
internal_value=-0.000101442 -0.00517308 -0.0141184 0.00600603 0.000850498 0.00170887
internal_weight=304.216 44.5731 24.0301 20.5431 259.643 252.303
internal_count=1798 231 132 99 1567 1514
is_linear=0
shrinkage=0.05


Tree=291
num_leaves=6
num_cat=0
split_feature=0 13 12 2 2
split_gain=0.612322 0.78374 3.17895 2.06036 0.581082
threshold=0.90750000000000008 -0.15160616310974542 -0.69942788291908942 0.035507209865545626 0.070372888761928445
decision_type=2 8 2 2 2
left_child=1 2 -1 -3 -2
right_child=4 3 -4 -5 -6
leaf_value=0.020261065675281426 0.019067239690696472 0.0071646300676758371 -0.0026494355982236177 -0.0041839640492153133 -0.0038955449465679381
leaf_weight=16.371509714052081 2.7010104199871412 45.617551516741514 48.775435941293836 188.62603849451989 2.0782361812889576
leaf_count=102 54 277 294 1044 27
internal_value=-0.000121842 -0.000515566 0.00414181 -0.00187035 0.0121956
internal_weight=304.17 299.391 65.1469 234.244 4.77925
internal_count=1798 1717 396 1321 81
is_linear=0
shrinkage=0.05


Tree=292
num_leaves=7
num_cat=0
split_feature=12 12 6 12 2 2
split_gain=0.610161 1.45373 1.33065 1.2187 1.80872 1.0548
threshold=-0.99140897414483031 -0.99863143642332985 6.4730183773550865 -0.96812032175654827 0.070372888761928445 0.078623120466894833
decision_type=2 2 2 2 2 2
left_child=1 -1 -3 4 -2 -5
right_child=3 2 -4 5 -6 -7
leaf_value=0.008848527056888135 -0.0041161266086039974 0.0046091480635531232 -0.027942076880012726 0.0015034467039587692 0.026525907594828091 -0.0052538779952768996
leaf_weight=3.9440384320914745 6.7674572840332967 2.8174338266253454 4.6912284474819899 205.72334256768227 5.5013611540198326 74.579666504636407
leaf_count=26 40 16 30 1217 31 438
internal_value=-8.66874e-05 -0.00945862 -0.0187679 0.000432942 0.0133259 -0.000355028
internal_weight=304.025 11.4527 7.50866 292.572 12.2688 280.303
internal_count=1798 72 46 1726 71 1655
is_linear=0
shrinkage=0.05


Tree=293
num_leaves=7
num_cat=0
split_feature=0 5 3 6 6 0
split_gain=0.604514 0.744968 1.9441 1.8074 0.705272 1.26662
threshold=0.15000000000000005 -0.022500000000000003 0.50949162486305344 6.1688049488387833 6.904705580401381 0.080000000000000029
decision_type=2 2 2 2 2 2
left_child=4 2 -2 -3 -1 -6
right_child=1 3 -4 -5 5 -7
leaf_value=-0.019778367472557092 -0.00060778319971425921 0.0070125049563689954 0.013043502047267131 -0.0044885130271171665 -0.013169878475266676 0.018030216840041705
leaf_weight=3.0067205308005205 90.835419535636902 40.34580841101706 31.354267492890358 135.30261729843915 1.663132534362376 1.5191694945096967
leaf_count=79 467 234 151 792 44 31
internal_value=-7.89351e-05 0.000344004 0.00327023 -0.0017258 -0.0114908 0.00364071
internal_weight=304.027 297.838 122.19 175.648 6.18902 3.1823
internal_count=1798 1644 618 1026 154 75
is_linear=0
shrinkage=0.05


Tree=294
num_leaves=6
num_cat=0
split_feature=0 3 3 3 1
split_gain=0.599193 0.80063 3.69872 3.27478 0.564454
threshold=0.90750000000000008 -0.70680133543571111 -0.90453403373329511 -0.57735026918962362 0.88367084142756591
decision_type=2 2 2 2 2
left_child=1 2 -1 -3 -2
right_child=4 3 -4 -5 -6
leaf_value=-0.0014699405400367019 -0.0039131192438195154 -0.024508159855497341 0.021837084743826625 -0.00047307651955530899 0.018789689755170948
leaf_weight=86.245755916461349 2.0047370195388785 10.356513755396007 16.048575758934021 186.62094463221729 2.7546494351699948
leaf_count=534 17 64 91 1028 64
internal_value=-7.50749e-05 -0.000465037 0.00303384 -0.00231219 0.0121214
internal_weight=304.031 299.272 102.294 196.977 4.75939
internal_count=1798 1717 625 1092 81
is_linear=0
shrinkage=0.05


Tree=295
num_leaves=5
num_cat=0
split_feature=9 13 11 2
split_gain=0.593257 0.748487 2.4802 1.71254
threshold=-1.9354446677946526 0.085874746528377885 0.95632601277590867 0.024909534253079228
decision_type=2 10 2 2
left_child=-1 3 -3 -2
right_child=1 2 -4 -5
leaf_value=-0.013464038064025782 -0.014267713427516558 0.00041386868626224187 0.022409478098273272 0.00018792354398808136
leaf_weight=3.0460351631045333 17.903870180249214 79.559852009639144 10.322849191725252 193.114910306409
leaf_count=24 113 470 55 1136
internal_value=-6.31622e-05 0.000290349 0.00398781 -0.00134042
internal_weight=303.948 300.901 89.8827 211.019
internal_count=1798 1774 525 1249
is_linear=0
shrinkage=0.05


Tree=296
num_leaves=7
num_cat=0
split_feature=0 1 3 1 6 8
split_gain=0.599538 2.13384 3.08018 2.34812 1.95844 4.04098
threshold=0.41000000000000009 -0.87622832653069038 -1.6600377076559727 -0.63643048256493728 7.0589899976483776 0.61890124754400622
decision_type=2 2 2 2 2 2
left_child=4 2 -2 -3 -1 -6
right_child=1 3 -4 -5 5 -7
leaf_value=-0.006356672143386987 -0.014405062511173598 -0.021037846659942711 0.019911260181951943 0.00096208649792853696 -0.0092218113573247426 0.026048094581999616
leaf_weight=87.295441108755767 4.5367280021309879 8.1200824156403524 23.963316597044468 156.42820008378476 12.79500625934452 10.833942566066979
leaf_count=548 25 38 116 911 100 60
internal_value=-6.38938e-05 0.00160874 0.013114 -0.000711953 -0.00291871 0.0086745
internal_weight=303.973 193.048 28.5 164.548 110.924 23.6289
internal_count=1798 1090 141 949 708 160
is_linear=0
shrinkage=0.05


Tree=297
num_leaves=5
num_cat=0
split_feature=1 1 9 11
split_gain=0.59156 1.06325 3.14578 1.00752
threshold=2.4893188072135763 2.0898143522071186 0.11231514937664643 -0.90164203839979595
decision_type=2 2 2 2
left_child=1 3 -3 -1
right_child=-2 2 -4 -5
leaf_value=0.007228330491761613 0.01264882719462823 0.011727038377842461 -0.030698482768740695 -0.00098475621222209801
leaf_weight=38.691776989027858 3.8925113417208186 4.2052792310714704 4.8692468963563442 252.02680291421711
leaf_count=237 18 21 23 1499
internal_value=-6.42419e-05 -0.000434099 -0.0138563 0.000212059
internal_weight=303.686 299.793 9.07453 290.719
internal_count=1798 1780 44 1736
is_linear=0
shrinkage=0.05


Tree=298
num_leaves=6
num_cat=0
split_feature=6 2 2 2 4
split_gain=0.609055 1.27932 1.08782 1.58428 1.35125
threshold=7.6405823134177906 0.058442573479364109 0.12381065869393727 0.14547273392652485 0.057418104410156282
decision_type=2 2 2 2 2
left_child=2 -2 4 -4 -1
right_child=1 -3 3 -5 -6
leaf_value=0.0010284655614902713 0.0075986706162584367 -0.021648322671991169 0.020484902243339164 -0.0071192671555320251 -0.0085094495998486123
leaf_weight=243.35189596470445 3.0479903994128099 3.9914196152240038 9.7140708714723569 4.9097394291311494 38.674280291423202
leaf_count=1443 33 28 63 37 194
internal_value=-6.10699e-05 -0.0110882 0.000380055 0.0117646 -0.00040492
internal_weight=303.689 7.03941 296.65 14.6238 282.026
internal_count=1798 61 1737 100 1637
is_linear=0
shrinkage=0.05


Tree=299
num_leaves=7
num_cat=0
split_feature=6 13 1 4 6 5
split_gain=0.593531 2.3395 2.17376 1.56919 1.48733 4.168
threshold=7.2267200651451509 -0.1538987893137517 1.2337867329437708 0.045138462845343542 7.0555759654891421 0.10000000000000002
decision_type=2 10 2 2 2 2
left_child=4 3 -3 -2 -1 -6
right_child=1 2 -4 -5 5 -7
leaf_value=-0.00055716835219456261 -0.0035025599969961971 -0.02156437533525811 0.0096835161748587226 0.023352133448959405 0.021919549195977023 -0.014089877457053548
leaf_weight=239.97350096981972 10.608651062473653 17.432219155132774 4.1805373914539805 4.2413751669228068 19.280814608559016 7.9154779426753512
leaf_count=1401 74 116 30 23 110 44
internal_value=-6.46263e-05 -0.00563641 -0.0148364 0.00811765 0.000785376 0.0108785
internal_weight=303.633 36.4628 21.6128 14.85 267.17 27.1963
internal_count=1798 243 146 97 1555 154
is_linear=0
shrinkage=0.05


end of trees

feature_importances:
Column_0=306
Column_13=188
Column_2=148
Column_8=142
Column_4=124
Column_6=122
Column_9=120
Column_1=106
Column_3=106
Column_11=97
Column_5=70
Column_7=69
Column_12=56
Column_10=6

parameters:
[boosting: gbdt]
[objective: binary]
[metric: binary_logloss]
[tree_learner: serial]
[device_type: cpu]
[data_sample_strategy: bagging]
[data: ]
[valid: ]
[num_iterations: 300]
[learning_rate: 0.05]
[num_leaves: 7]
[num_threads: 4]
[seed: 42]
[deterministic: 0]
[force_col_wise: 0]
[force_row_wise: 0]
[histogram_pool_size: -1]
[max_depth: 3]
[min_data_in_leaf: 20]
[min_sum_hessian_in_leaf: 0.001]
[bagging_fraction: 0.9]
[pos_bagging_fraction: 1]
[neg_bagging_fraction: 1]
[bagging_freq: 0]
[bagging_seed: 400]
[bagging_by_query: 0]
[feature_fraction: 0.9]
[feature_fraction_bynode: 1]
[feature_fraction_seed: 30056]
[extra_trees: 0]
[extra_seed: 12879]
[early_stopping_round: 0]
[early_stopping_min_delta: 0]
[first_metric_only: 0]
[max_delta_step: 0]
[lambda_l1: 0]
[lambda_l2: 5]
[linear_lambda: 0]
[min_gain_to_split: 0]
[drop_rate: 0.1]
[max_drop: 50]
[skip_drop: 0.5]
[xgboost_dart_mode: 0]
[uniform_drop: 0]
[drop_seed: 17869]
[top_rate: 0.2]
[other_rate: 0.1]
[min_data_per_group: 100]
[max_cat_threshold: 32]
[cat_l2: 10]
[cat_smooth: 10]
[max_cat_to_onehot: 4]
[top_k: 20]
[monotone_constraints: ]
[monotone_constraints_method: basic]
[monotone_penalty: 0]
[feature_contri: ]
[forcedsplits_filename: ]
[refit_decay_rate: 0.9]
[cegb_tradeoff: 1]
[cegb_penalty_split: 0]
[cegb_penalty_feature_lazy: ]
[cegb_penalty_feature_coupled: ]
[path_smooth: 0]
[interaction_constraints: ]
[verbosity: -1]
[saved_feature_importance_type: 0]
[use_quantized_grad: 0]
[num_grad_quant_bins: 4]
[quant_train_renew_leaf: 0]
[stochastic_rounding: 1]
[linear_tree: 0]
[max_bin: 255]
[max_bin_by_feature: ]
[min_data_in_bin: 3]
[bin_construct_sample_cnt: 200000]
[data_random_seed: 175]
[is_enable_sparse: 1]
[enable_bundle: 1]
[use_missing: 1]
[zero_as_missing: 0]
[feature_pre_filter: 1]
[pre_partition: 0]
[two_round: 0]
[header: 0]
[label_column: ]
[weight_column: ]
[group_column: ]
[ignore_column: ]
[categorical_feature: ]
[forcedbins_filename: ]
[precise_float_parser: 0]
[parser_config_file: ]
[objective_seed: 16083]
[num_class: 1]
[is_unbalance: 0]
[scale_pos_weight: 1]
[sigmoid: 1]
[boost_from_average: 1]
[reg_sqrt: 0]
[alpha: 0.9]
[fair_c: 1]
[poisson_max_delta_step: 0.7]
[tweedie_variance_power: 1.5]
[lambdarank_truncation_level: 30]
[lambdarank_norm: 1]
[label_gain: ]
[lambdarank_position_bias_regularization: 0]
[eval_at: ]
[multi_error_top_k: 1]
[auc_mu_weights: ]
[num_machines: 1]
[local_listen_port: 12400]
[time_out: 120]
[machine_list_filename: ]
[machines: ]
[gpu_platform_id: -1]
[gpu_device_id: -1]
[gpu_use_dp: 0]
[num_gpu: 1]

end of parameters

pandas_categorical:null
