tree
version=v4
num_class=1
num_tree_per_iteration=1
label_index=0
max_feature_idx=13
objective=binary sigmoid:1
feature_names=Column_0 Column_1 Column_2 Column_3 Column_4 Column_5 Column_6 Column_7 Column_8 Column_9 Column_10 Column_11 Column_12 Column_13
feature_infos=[0.025000000000000001:0.98499999999999999] [-3.0701910578912659:2.8011253636701476] [0:0.22034064536530706] [-1.7320508075688898:1.7320508075688898] [0:0.14543039572248989] [-0.42999999999999994:0.57000000000000006] [2.4647039424704809:8.7474966493150834] [-0.99643493759364643:0.99960259636927684] [0:0.86523591033216074] [-2.7375605575957831:2.7213008276375952] [0.0099999999999998979:0.12999999999999995] [-0.9999631817107153:0.9999631817107153] [-0.99996380310153576:0.99996380310153576] [-0.59451694645614317:0.5843704362672697]
tree_sizes=878 880 881 877 875 879 876 770 773 773 773 874 879 772 875 875 875 885 875 880 887 879 877 877 882 877 878 880 875 881 878 880 879 891 881 882 882 869 874 884 884 780 885 776 891 887 775 888 880 884 884 880 888 781 884 880 881 879 885 677 880 878 884 886 885 883 883 887 782 884 885 886 888 779 781 878 784 675 881 676 882 575 884 882 879 678 576 879 882 879 887 881 783 887 783 777 783 886 784 778 674 783 871 780 884 879 883 881 788 781 677 872 881 672 677 883 577 778 674 781 678 886 782 870 785 778 674 875 786 782 874 886 777 682 676 679 783 675 881 668 674 676 783 674 777 675 680 886 784 779 785 676 865 868 680 780 672 779 895 676 679 579 781 785 671 872 781 573 875 889 793 679 888 681 675 678 892 674 786 892 890 681 783 577 678 578 570 785 886 788 676 678 895 884 894 682 789 674 883 893 681 573 791 893 892 681 679 894 680 787 867 680 681 886 883 683 888 792 888 677 886 678 678 784 889 676 792 892 570 683 678 672 572 885 679 889 870 683 890 683 683 779 679 683 878 780 681 784 684 672 790 882 680 887 677 682 894 680 684 676 672 881 884 779 673 884 887 894 890 883 684 897 677 681 885 781 678 882 683 880 879 878 677 882 679 870 676 883 884 871 891 791 892 685 677 783 574 780 579 783

Tree=0
num_leaves=7
num_cat=0
split_feature=0 0 0 13 8 1
split_gain=109.612 23.8007 11.0142 6.4993 4.46584 2.9405
threshold=0.55000000000000016 0.24000000000000002 0.70750000000000013 -0.035828570958424878 0.62982749892640399 1.6524984079415852
decision_type=2 2 2 10 2 2
left_child=1 -1 3 -2 -3 -4
right_child=2 4 5 -5 -6 -7
leaf_value=-0.11934426238964632 -0.0093248625797625745 -0.04649328911402089 0.027823534728631763 -0.053515849901993401 -0.074000490565397606 -0.029187046323115268
leaf_weight=25.236632436513901 15.741661816835405 26.236103028059006 26.985705971717834 11.493911802768705 29.234514802694321 6.2466911971569052
leaf_count=101 63 105 108 46 117 25
internal_value=-0.0460258 -0.0832363 0.00268813 -0.0262434 -0.0621047 0.0207109
internal_weight=141.175 80.7073 60.468 27.2356 55.4706 33.2324
internal_count=565 323 242 109 222 133
is_linear=0
shrinkage=1


Tree=1
num_leaves=7
num_cat=0
split_feature=0 0 0 7 8 1
split_gain=100.801 21.9757 10.0863 6.09351 4.09734 2.59303
threshold=0.55000000000000016 0.24000000000000002 0.70750000000000013 0.12207629670810877 0.62982749892640399 1.6524984079415852
decision_type=2 2 2 2 2 2
left_child=1 -1 3 -2 -3 -4
right_child=2 4 5 -5 -6 -7
leaf_value=-0.070440483638240806 -0.0052118849466842431 -0.00044783542962663852 0.070712815824617678 0.037274462563343956 -0.026799877753655027 0.016368186988171895
leaf_weight=25.160303980112076 13.242252126336099 26.235819831490517 26.994774520397186 13.99917498230934 29.209993377327919 6.2486689537763587
leaf_count=101 53 105 108 56 117 25
internal_value=2.97752e-05 -0.0356904 0.0467233 0.0190161 -0.0153991 0.0639733
internal_weight=141.091 80.6061 60.4849 27.2414 55.4458 33.2434
internal_count=565 323 242 109 222 133
is_linear=0
shrinkage=0.05


Tree=2
num_leaves=7
num_cat=0
split_feature=0 0 0 13 8 1
split_gain=92.8415 20.373 9.26024 5.68323 3.76104 2.30415
threshold=0.55000000000000016 0.24000000000000002 0.70750000000000013 -0.035828570958424878 0.62982749892640399 1.6524984079415852
decision_type=2 2 2 10 2 2
left_child=1 -1 3 -2 -3 -4
right_child=2 4 5 -5 -6 -7
leaf_value=-0.06781621015700913 0.034139494039917818 -0.00042903518910015586 0.067860113504083691 -0.0071454815898333761 -0.025682015417908544 0.015911991310186276
leaf_weight=25.02399305999279 15.747280716896059 26.235544458031654 26.934568047523499 11.490686595439909 29.175825521349907 6.2497433274984351
leaf_count=101 63 105 108 46 117 25
internal_value=6.40237e-05 -0.0342624 0.0448862 0.0183159 -0.0147506 0.0614412
internal_weight=140.858 80.4354 60.4223 27.238 55.4114 33.1843
internal_count=565 323 242 109 222 133
is_linear=0
shrinkage=0.05


Tree=3
num_leaves=7
num_cat=0
split_feature=0 0 0 7 8 1
split_gain=85.5667 18.9548 8.5576 5.35544 3.45381 2.06201
threshold=0.55000000000000016 0.24000000000000002 0.70750000000000013 0.12207629670810877 0.62982749892640399 1.6524984079415852
decision_type=2 2 2 2 2 2
left_child=1 -1 3 -2 -3 -4
right_child=2 4 5 -5 -6 -7
leaf_value=-0.065410401050696329 -0.0050474659142768583 -0.00041101847672083086 0.065250638701418659 0.034747533624506187 -0.024617165336912064 0.015469654758313973
leaf_weight=24.835703358054161 13.238106474280359 26.23528003692627 26.813966810703278 13.987135693430899 29.133327528834343 6.2499850988388053
leaf_count=101 53 105 108 56 117 25
internal_value=8.89771e-05 -0.032917 0.0431559 0.0176166 -0.0141316 0.0591088
internal_weight=140.494 80.2043 60.2892 27.2252 55.3686 33.064
internal_count=565 323 242 109 222 133
is_linear=0
shrinkage=0.05


Tree=4
num_leaves=7
num_cat=0
split_feature=0 0 0 1 8 1
split_gain=78.9672 17.6915 7.92025 5.23634 3.17285 1.8575
threshold=0.55000000000000016 0.24000000000000002 0.70750000000000013 1.2261545391270026 0.62982749892640399 1.6524984079415852
decision_type=2 2 2 2 2 2
left_child=1 -1 3 -2 -3 -4
right_child=2 4 5 -5 -6 -7
leaf_value=-0.063193881512349934 0.029070618322776156 -0.00039376018171703177 0.062850947196333343 -0.01211362707640758 -0.023601805401237269 0.01504065744578869
leaf_weight=24.602663472294807 19.219109654426578 26.235023438930511 26.641007781028748 7.9862133860588065 29.08368144929409 6.2494616955518714
leaf_count=101 77 105 108 32 117 25
internal_value=0.000118456 -0.0316462 0.0415483 0.0169771 -0.0135403 0.0569501
internal_weight=140.017 79.9214 60.0958 27.2053 55.3187 32.8905
internal_count=565 323 242 109 222 133
is_linear=0
shrinkage=0.05


Tree=5
num_leaves=7
num_cat=0
split_feature=0 0 0 7 13 1
split_gain=72.8346 16.5587 7.41984 5.01168 3.09519 1.68348
threshold=0.55000000000000016 0.24000000000000002 0.70750000000000013 0.12207629670810877 -0.11156303520001594 1.6524984079415852
decision_type=2 2 2 2 8 2
left_child=1 -1 3 -2 -3 -4
right_child=2 4 5 -5 -6 -7
leaf_value=-0.061142267667324383 -0.0054678007936620442 0.0057206892917223105 0.060633299628432981 0.032886449495298793 -0.019352024818006915 0.014624506070754429
leaf_weight=24.331382602453232 13.239848494529726 14.185643404722212 26.422937750816345 13.955961763858793 41.077081859111786 6.2482360750436774
leaf_count=101 53 57 108 56 165 25
internal_value=0.000125444 -0.0304432 0.0399809 0.0162649 -0.0129753 0.0549432
internal_weight=139.461 79.5941 59.867 27.1958 55.2627 32.6712
internal_count=565 323 242 109 222 133
is_linear=0
shrinkage=0.05


Tree=6
num_leaves=7
num_cat=0
split_feature=0 0 0 1 5 1
split_gain=67.2637 15.5734 6.91225 4.85982 3.10998 1.53437
threshold=0.55000000000000016 0.24000000000000002 0.70750000000000013 1.2261545391270026 -0.025000000000000005 1.6524984079415852
decision_type=2 2 2 2 2 2
left_child=1 -1 3 -2 -3 -4
right_child=2 4 5 -5 -6 -7
leaf_value=-0.059235034611955978 0.027383359596880971 -0.0010406085104977553 0.058574478781481823 -0.012168663997709085 -0.023948358191557117 0.014220743202093801
leaf_weight=24.027713760733604 19.186142340302471 30.604438260197639 26.166280925273895 7.9793540239334098 24.614323616027832 6.2463670969009391
leaf_count=101 77 123 108 32 99 25
internal_value=0.000167666 -0.029268 0.0385554 0.01568 -0.0123926 0.0530698
internal_weight=138.825 79.2465 59.5781 27.1655 55.2188 32.4126
internal_count=565 323 242 109 222 133
is_linear=0
shrinkage=0.05


Tree=7
num_leaves=6
num_cat=0
split_feature=0 0 6 4 0
split_gain=62.1523 15.5099 7.78519 5.9555 3.18996
threshold=0.57000000000000006 0.24000000000000002 6.6564042757931325 0.060285638472776348 0.70750000000000013
decision_type=2 2 2 2 2
left_child=1 -1 -3 4 -2
right_child=3 2 -4 -5 -6
leaf_value=-0.057454807162506887 0.02064848828612632 -0.024669178036291664 0.010246889108621829 -0.0045107106749152541 0.054430088374842346
leaf_weight=23.696898922324181 20.416581377387047 35.022504672408104 22.892106175422668 6.205646038055419 29.903463125228882
leaf_count=101 82 141 92 25 124
internal_value=0.000166116 -0.027136 -0.0111503 0.0385866 0.0438288
internal_weight=138.137 81.6115 57.9146 56.5257 50.32
internal_count=565 334 233 231 206
is_linear=0
shrinkage=0.05


Tree=8
num_leaves=6
num_cat=0
split_feature=0 0 6 0 13
split_gain=57.4328 13.7773 6.46398 6.0635 4.78752
threshold=0.55000000000000016 0.24000000000000002 6.6564042757931325 0.70750000000000013 -0.035828570958424878
decision_type=2 2 2 2 10
left_child=1 -1 -3 4 -2
right_child=3 2 -4 -5 -6
leaf_value=-0.055786775334438182 0.029176691814044493 -0.024214839616271147 0.0082812478703987794 0.049554730359348292 -0.0083027502136627795
leaf_weight=23.343629226088524 15.640003457665445 32.715321391820908 22.407002389431 31.81478126347065 11.489748299121855
leaf_count=101 63 132 90 133 46
internal_value=0.000155448 -0.0271668 -0.0114152 0.0358067 0.0144818
internal_weight=137.41 78.466 55.1223 58.9445 27.1298
internal_count=565 323 222 242 109
is_linear=0
shrinkage=0.05


Tree=9
num_leaves=6
num_cat=0
split_feature=0 0 6 0 7
split_gain=52.9995 13.0174 5.93687 5.6454 4.48641
threshold=0.55000000000000016 0.24000000000000002 6.6564042757931325 0.70750000000000013 0.12207629670810877
decision_type=2 2 2 2 2
left_child=1 -1 -3 4 -2
right_child=3 2 -4 -5 -6
leaf_value=-0.054218275090059664 -0.0062747277632623681 -0.023210903927589163 0.0079397325588391899 0.047844039402055907 0.029789319437747354
leaf_weight=22.972087115049362 13.23420360684395 32.641968309879303 22.417071506381035 31.491720378398895 13.855492025613783
leaf_count=101 53 132 90 133 56
internal_value=0.000145261 -0.0261663 -0.0109229 0.0344942 0.0139384
internal_weight=136.613 78.0311 55.059 58.5814 27.0897
internal_count=565 323 222 242 109
is_linear=0
shrinkage=0.05


Tree=10
num_leaves=6
num_cat=0
split_feature=0 0 6 4 0
split_gain=49.0128 13.0059 6.11922 5.46425 2.49718
threshold=0.57000000000000006 0.24000000000000002 6.6564042757931325 0.060285638472776348 0.70750000000000013
decision_type=2 2 2 2 2
left_child=1 -1 -3 4 -2
right_child=3 2 -4 -5 -6
leaf_value=-0.052738388561229615 0.018909017619553038 -0.021862823244503882 0.0091120215665137089 -0.005796783093141248 0.049367020339971285
leaf_weight=22.585996001958847 20.332521915435791 34.800816237926483 22.92221774160862 6.1734763383865348 28.954023584723473
leaf_count=101 82 141 92 25 124
internal_value=0.000141228 -0.0242714 -0.00981665 0.0345758 0.0397009
internal_weight=135.769 80.309 57.723 55.46 49.2865
internal_count=565 334 233 231 206
is_linear=0
shrinkage=0.05


Tree=11
num_leaves=7
num_cat=0
split_feature=0 0 13 1 4 9
split_gain=45.313 11.6407 5.04985 7.24802 2.91033 1.0525
threshold=0.55000000000000016 0.24000000000000002 -0.06516654662019887 1.5817228610015943 0.0093301270189221994 1.2493148622700307
decision_type=2 2 10 2 2 2
left_child=1 -1 5 -4 -3 -2
right_child=2 4 3 -5 -6 -7
leaf_value=-0.051337682488356212 0.046821139908583852 0.013752907824329488 0.024630515367174893 -0.0273869155491617 -0.014449386535643509 0.011149440018139466
leaf_weight=22.18866240978241 29.589004069566727 6.9227444976568213 17.061511993408207 4.9427428394556037 47.993508651852608 6.2115245312452307
leaf_count=101 125 28 71 20 194 26
internal_value=0.000128869 -0.0243293 0.0320928 0.0100386 -0.0100432 0.0427568
internal_weight=134.91 77.1049 57.8048 22.0043 54.9163 35.8005
internal_count=565 323 242 91 222 151
is_linear=0
shrinkage=0.05


Tree=12
num_leaves=7
num_cat=0
split_feature=0 0 7 1 0 1
split_gain=41.9199 10.8709 6.02565 5.6364 2.29205 2.07392
threshold=0.4200000000000001 0.70750000000000013 0.84007408860573884 0.045587366067136918 0.24000000000000002 1.6524984079415852
decision_type=2 2 2 2 2 2
left_child=2 3 4 -2 -1 -3
right_child=1 5 -4 -5 -6 -7
leaf_value=-0.052058264676301105 0.021495110778117749 0.049550313380861133 0.0065186270721439166 -0.0093376466397387444 -0.022014454208279105 0.0086000762233117232
leaf_weight=19.62627686560154 25.170376360416412 24.347608447074894 7.1195825636386862 24.981060937047005 26.698129624128342 6.1434807926416388
leaf_count=91 102 108 30 101 108 25
internal_value=0.000127732 0.0224022 -0.0325237 0.00668275 -0.0385746 0.0436734
internal_weight=134.087 80.6425 53.444 50.1514 46.3244 30.4911
internal_count=565 336 229 203 199 133
is_linear=0
shrinkage=0.05


Tree=13
num_leaves=6
num_cat=0
split_feature=0 0 6 4 0
split_gain=39.186 11.052 5.6787 4.7995 2.30205
threshold=0.57000000000000006 0.24000000000000002 6.6564042757931325 0.060285638472776348 0.70750000000000013
decision_type=2 2 2 2 2
left_child=1 -1 -3 4 -2
right_child=3 2 -4 -5 -6
leaf_value=-0.048840180298730024 0.016816194835770831 -0.020388159037797827 0.0094169846303863505 -0.0061654144931146161 0.045468620635007166
leaf_weight=21.402065023779869 20.229160025715828 34.6391970962286 22.907638847827911 6.1492203474044791 27.920273259282112
leaf_count=101 82 141 92 25 124
internal_value=0.000126673 -0.0218567 -0.0087193 0.0312378 0.0361452
internal_weight=133.248 78.9489 57.5468 54.2987 48.1494
internal_count=565 334 233 231 206
is_linear=0
shrinkage=0.05


Tree=14
num_leaves=7
num_cat=0
split_feature=0 0 7 1 0 1
split_gain=36.3751 9.43813 5.57544 5.16782 2.11496 2.02926
threshold=0.4200000000000001 0.70750000000000013 0.84007408860573884 0.045587366067136918 0.24000000000000002 1.6524984079415852
decision_type=2 2 2 2 2 2
left_child=2 3 4 -2 -1 -3
right_child=1 5 -4 -5 -6 -7
leaf_value=-0.049649316735604132 0.020546722276722908 0.046930346887615465 0.0067663685989676377 -0.0089903463354442815 -0.0207661414074671 0.0074856696799620748
leaf_weight=18.86510206758976 25.128007739782333 23.596688166260723 7.085166484117507 24.953921407461166 26.598279237747192 6.1044290363788596
leaf_count=91 102 108 30 101 108 25
internal_value=0.000113773 0.0209348 -0.0305705 0.00634937 -0.0364831 0.04107
internal_weight=132.332 79.783 52.5485 50.0819 45.4634 29.7011
internal_count=565 336 229 203 199 133
is_linear=0
shrinkage=0.05


Tree=15
num_leaves=7
num_cat=0
split_feature=0 0 6 1 13 8
split_gain=33.8996 9.97353 5.21225 4.13252 7.56527 1.76916
threshold=0.57000000000000006 0.24000000000000002 6.6564042757931325 1.5817228610015943 -0.072189783466013624 0.68656494062404139
decision_type=2 2 2 2 8 2
left_child=1 -1 -3 5 -5 -2
right_child=3 2 -4 4 -6 -7
leaf_value=-0.046565150017742633 0.042002975477237907 -0.01929048169164432 0.009260152592307733 0.030197526599649138 -0.02858036627679883 0.01145612418936808
leaf_weight=20.600541904568672 30.533944889903069 34.513035342097282 22.907530024647713 6.2736516147851944 5.660971671342848 10.973481029272078
leaf_count=101 135 141 92 26 23 47
internal_value=0.000112682 -0.0204272 -0.00807102 0.0292814 0.00211058 0.0360271
internal_weight=131.463 78.0211 57.4206 53.442 11.9346 41.5074
internal_count=565 334 233 231 49 182
is_linear=0
shrinkage=0.05


Tree=16
num_leaves=7
num_cat=0
split_feature=0 0 7 1 0 1
split_gain=31.6124 8.54187 5.16732 4.69879 1.96593 1.82869
threshold=0.4200000000000001 0.70750000000000013 0.84007408860573884 0.045587366067136918 0.24000000000000002 1.6524984079415852
decision_type=2 2 2 2 2 2
left_child=2 3 4 -2 -1 -3
right_child=1 5 -4 -5 -6 -7
leaf_value=-0.047453806186056928 0.019361481993237915 0.044694861960880017 0.0069772392149585628 -0.0088153784117914556 -0.019600510297756394 0.007113785108119869
leaf_weight=18.095459014177322 25.051561877131462 22.881042137742046 7.0515596866607657 24.906381234526634 26.490605011582375 6.0870162546634665
leaf_count=91 102 108 30 101 108 25
internal_value=0.000104039 0.0195794 -0.0287638 0.00579 -0.03455 0.0390075
internal_weight=130.564 78.926 51.6376 49.9579 44.5861 28.9681
internal_count=565 336 229 203 199 133
is_linear=0
shrinkage=0.05


Tree=17
num_leaves=7
num_cat=0
split_feature=0 0 13 13 3 4
split_gain=29.6422 10.6342 4.16052 2.10883 2.33027 2.26888
threshold=0.63000000000000012 0.24000000000000002 0.13101140621324062 -0.06516654662019887 0.93146860978883061 0.016583123951776999
decision_type=2 2 8 8 2 2
left_child=1 -1 -3 5 -5 -2
right_child=3 2 -4 4 -6 -7
leaf_value=-0.044473652456415491 0.0086846113298627136 0.0038629234278912705 -0.020145793727871161 0.025945680093045743 -0.0044050412298691664 0.050351963563753911
leaf_weight=19.798299223184586 6.7062170952558544 43.022084698081017 24.577798247337341 10.530202239751818 8.5531081110239011 16.493856400251389
leaf_count=101 31 175 100 47 37 74
internal_value=0.000103414 -0.0163773 -0.00565239 0.0322981 0.0142522 0.0419829
internal_weight=129.682 87.3982 67.5999 42.2834 19.0833 23.2001
internal_count=565 376 275 189 84 105
is_linear=0
shrinkage=0.05


Tree=18
num_leaves=7
num_cat=0
split_feature=0 0 7 8 1 0
split_gain=27.6503 7.66684 4.8088 4.69014 1.8372 1.81643
threshold=0.4200000000000001 0.70750000000000013 0.84007408860573884 0.60627252377463825 1.6524984079415852 0.24000000000000002
decision_type=2 2 2 2 2 2
left_child=2 3 5 -2 -3 -1
right_child=1 4 -4 -5 -6 -7
leaf_value=-0.045434688545179236 0.023258870871733752 0.042807596494402446 0.007168522824220769 -0.0058688028748860753 0.0061387303854676407 -0.018573258138800851
leaf_weight=17.329726681113243 17.240315154194832 22.223865836858753 7.0219497978687277 32.624921262264252 6.04550977051258 26.401494756340981
leaf_count=91 70 108 30 133 25 108
internal_value=0.000134982 0.0183999 -0.0271122 0.00540363 0.0370669 -0.0327874
internal_weight=128.888 78.1346 50.7532 49.8652 28.2694 43.7312
internal_count=565 336 229 203 133 199
is_linear=0
shrinkage=0.05


Tree=19
num_leaves=7
num_cat=0
split_feature=0 0 13 13 1 4
split_gain=25.8968 9.59493 3.85816 2.06027 3.85963 2.28765
threshold=0.63000000000000012 0.24000000000000002 -0.12087977416844413 -0.06516654662019887 1.5089427645216171 0.016583123951776999
decision_type=2 2 8 8 2 2
left_child=1 -1 -3 5 -5 -2
right_child=3 2 -4 4 -6 -7
leaf_value=-0.042535318467330149 0.0075440823907797668 0.012171972205075253 -0.012284244308274447 0.024387287574789751 -0.015587155935909256 0.048449600580025065
leaf_weight=19.006178513169289 6.5955076366663006 18.419767320156097 49.056765630841255 14.03183823823929 4.8213513493537894 16.075127482414246
leaf_count=101 31 75 200 64 20 74
internal_value=0.00014672 -0.0153044 -0.00522903 0.0305135 0.0130401 0.0400627
internal_weight=128.007 86.4827 67.4765 41.5238 18.8532 22.6706
internal_count=565 376 275 189 84 105
is_linear=0
shrinkage=0.05


Tree=20
num_leaves=7
num_cat=0
split_feature=13 1 12 5 8 2
split_gain=16.2748 7.00163 4.15077 4.99096 2.11194 1.78736
threshold=-0.11156303520001594 -0.20536860766894402 -0.49064913936397658 -0.1399999999999999 0.62982749892640399 0.030900794341000636
decision_type=8 2 2 2 2 2
left_child=1 4 5 -4 -1 -2
right_child=2 -3 3 -5 -6 -7
leaf_value=0.014198062875775226 0.00071239065065593346 0.038067176128771738 -0.026444710381640188 0.0036105023024541258 -0.015949781321071603 -0.032961197596983606
leaf_weight=5.4081266969442359 4.4513549506664303 26.072424441576004 13.641558811068533 49.785532623529434 8.4265006035566312 19.392978623509407
leaf_count=24 20 116 63 220 36 86
internal_value=0.00018164 0.0248617 -0.0118396 -0.0043136 -0.00352407 -0.0276411
internal_weight=127.178 39.9071 87.2714 63.4271 13.8346 23.8443
internal_count=565 176 389 283 60 106
is_linear=0
shrinkage=0.05


Tree=21
num_leaves=7
num_cat=0
split_feature=0 0 1 7 1 0
split_gain=23.4312 6.65535 4.45937 4.35936 1.82996 1.7474
threshold=0.4200000000000001 0.70750000000000013 0.045587366067136918 0.84007408860573884 1.6524984079415852 0.24000000000000002
decision_type=2 2 2 2 2 2
left_child=3 2 -2 5 -3 -1
right_child=1 4 -4 -5 -6 -7
leaf_value=-0.043266792307273483 0.018278989609645351 0.040549829926785297 -0.0091862325106524655 0.0072516615439447464 0.0049869263605290823 -0.01720733362807815
leaf_weight=16.453290924429893 24.922488048672676 21.378297984600071 24.799637421965599 6.9807660430669776 5.9787281304597846 26.271131724119186
leaf_count=91 102 108 101 30 25 108
internal_value=0.000137836 0.0170274 0.00499261 -0.0252157 0.0347493 -0.0307245
internal_weight=126.784 77.0792 49.7221 49.7052 27.357 42.7244
internal_count=565 336 203 229 133 199
is_linear=0
shrinkage=0.05


Tree=22
num_leaves=7
num_cat=0
split_feature=0 0 8 13 1 4
split_gain=21.9483 8.52464 3.5491 1.81883 3.48821 2.36903
threshold=0.63000000000000012 0.24000000000000002 0.62982749892640399 -0.06516654662019887 1.5089427645216171 0.016583123951776999
decision_type=2 2 2 8 2 2
left_child=1 -1 -3 5 -5 -2
right_child=3 2 -4 4 -6 -7
leaf_value=-0.040412863859416857 0.0058287607196321201 0.0066410758871257441 -0.014922215387783678 0.022973961649113736 -0.015042678345098488 0.046055508497737263
leaf_weight=18.096982762217522 6.4178401529788998 32.55078387260437 34.750111252069473 13.77984954416752 4.8165903985500327 15.506706207990645
leaf_count=101 31 132 143 64 20 74
internal_value=0.00013429 -0.0141286 -0.00475488 0.0284435 0.0120264 0.0375493
internal_weight=125.919 85.3979 67.3009 40.521 18.5964 21.9245
internal_count=565 376 275 189 84 105
is_linear=0
shrinkage=0.05


Tree=23
num_leaves=7
num_cat=0
split_feature=0 0 7 1 1 0
split_gain=20.5627 5.96578 4.11809 4.08963 1.77532 1.59659
threshold=0.4200000000000001 0.70750000000000013 0.84007408860573884 0.045587366067136918 1.6524984079415852 0.24000000000000002
decision_type=2 2 2 2 2 2
left_child=2 3 5 -2 -3 -1
right_child=1 4 -4 -5 -6 -7
leaf_value=-0.0415386557793338 0.017432297404041421 0.038854553295940814 0.0075274534776229793 -0.0088895229877216497 0.0043070433354840121 -0.016410396547939125
leaf_weight=15.725168377161024 24.855350017547607 20.709707006812099 6.94947525858879 24.753027781844139 5.9344623982906333 26.176246717572212
leaf_count=91 102 108 30 101 25 108
internal_value=0.000149346 0.016024 -0.0238169 0.00468714 0.0330561 -0.0292637
internal_weight=125.103 76.2525 48.8509 49.6084 26.6442 41.9014
internal_count=565 336 229 203 133 199
is_linear=0
shrinkage=0.05


Tree=24
num_leaves=7
num_cat=0
split_feature=0 0 6 4 8 6
split_gain=19.2164 6.57251 4.77299 3.53435 1.83536 0.000835603
threshold=0.57000000000000006 0.24000000000000002 6.6564042757931325 0.060285638472776348 0.6815930808459213 6.2723827274269457
decision_type=2 2 2 2 2 2
left_child=1 5 -3 4 -2 -1
right_child=3 2 -4 -5 -6 -7
leaf_value=-0.0095658329150485662 0.033029323685318905 -0.016906638220848889 0.010382086663540863 -0.0079328635675392639 0.0067001014012746862 -0.041800931984786925
leaf_weight=3.6125947088003185 32.297880187630653 34.089185699820518 22.807014673948288 5.9987839460372916 11.71063396334648 13.73924835026264
leaf_count=21 153 141 92 25 53 80
internal_value=0.000145126 -0.0156203 -0.00601284 0.0228449 0.0274215 -0.0387308
internal_weight=124.255 74.248 56.8962 50.0073 44.0085 17.3518
internal_count=565 334 233 231 206 101
is_linear=0
shrinkage=0.05


Tree=25
num_leaves=7
num_cat=0
split_feature=0 0 13 4 0 1
split_gain=17.9945 7.31789 3.4112 2.05402 3.58692 3.0131
threshold=0.63000000000000012 0.24000000000000002 0.13101140621324062 0.018027756377319949 0.7400000000000001 1.5817228610015943
decision_type=2 2 8 2 2 2
left_child=1 -1 -3 4 -2 -5
right_child=3 2 -4 5 -6 -7
leaf_value=-0.037959761875140483 -0.017447764613750246 0.0042429402030796986 -0.017537272216261252 0.04328467664000988 0.022562201088282705 0.0053529775097319945
leaf_weight=17.012781128287315 5.0891854166984549 42.749943688511848 24.308608338236809 17.250750422477726 8.1502297371625883 8.9032451659440976
leaf_count=101 22 175 100 86 43 38
internal_value=8.72759e-05 -0.0128772 -0.00432139 0.0260896 0.00661558 0.0333036
internal_weight=123.465 84.0713 67.0586 39.3934 13.2394 26.154
internal_count=565 376 275 189 65 124
is_linear=0
shrinkage=0.05


Tree=26
num_leaves=7
num_cat=0
split_feature=0 0 8 0 6 1
split_gain=16.9469 5.10877 3.98584 3.16637 5.09669 1.76775
threshold=0.4200000000000001 0.70750000000000013 0.60627252377463825 0.24000000000000002 6.8822424589823106 1.8249216000752233
decision_type=2 2 2 2 2 2
left_child=3 2 -2 -1 -5 -3
right_child=1 5 -4 4 -6 -7
leaf_value=-0.037127627040740074 0.020738105809851762 0.035510454554618764 -0.0061720218466740613 -0.021413410584779597 0.016434127275860036 0.00035009661657810378
leaf_weight=16.645824491977692 17.066022202372551 21.368787899613384 32.345430329442024 22.096903577446941 8.9014237225055677 4.2514163851737967
leaf_count=101 70 115 133 92 36 18
internal_value=8.8347e-05 0.0145782 0.00417395 -0.0219481 -0.0097721 0.0306858
internal_weight=122.676 75.0317 49.4115 47.6442 30.9983 25.6202
internal_count=565 336 203 229 128 133
is_linear=0
shrinkage=0.05


Tree=27
num_leaves=7
num_cat=0
split_feature=0 0 7 1 4 1
split_gain=15.7317 4.7963 3.8648 3.7749 2.30768 1.67241
threshold=0.4200000000000001 0.70750000000000013 0.56732607617999231 0.045587366067136918 0.0082915619758885308 1.8249216000752233
decision_type=2 2 2 2 2 2
left_child=2 3 4 -2 -1 -3
right_child=1 5 -4 -5 -6 -7
leaf_value=0.0017626121436031231 0.016342666954994846 0.034578081333606202 0.00085096948951803161 -0.0089704459151045395 -0.034091875784569528 0.00034206430459588139
leaf_weight=4.6324344724416724 24.71051812171936 20.99220955371857 14.085683539509771 24.66831074655056 28.491748467087746 4.2511017471551886
leaf_count=25 102 115 64 101 140 18
internal_value=0.000100601 0.0140832 -0.0212331 0.00403486 -0.0295041 0.0298223
internal_weight=121.832 74.6221 47.2099 49.3788 33.1242 25.2433
internal_count=565 336 229 203 165 133
is_linear=0
shrinkage=0.05


Tree=28
num_leaves=7
num_cat=0
split_feature=0 0 8 4 0 1
split_gain=14.7135 6.50099 3.06688 2.17936 3.19581 2.81839
threshold=0.63000000000000012 0.24000000000000002 0.62982749892640399 0.018027756377319949 0.7400000000000001 1.5817228610015943
decision_type=2 2 2 2 2 2
left_child=1 -1 -3 4 -2 -5
right_child=3 2 -4 5 -6 -7
leaf_value=-0.035892649224665722 -0.017530103922787001 0.0068484902089586035 -0.013228273342319226 0.0412564365180213 0.020336736419063733 0.0046837875954264937
leaf_weight=16.089510396122932 5.069929510354994 32.359792619943619 34.417078047990799 16.554698511958126 7.7752760648727417 8.8447324782609922
leaf_count=101 22 132 143 86 43 38
internal_value=0.000117961 -0.0116372 -0.00369982 0.023989 0.00466683 0.031386
internal_weight=121.111 82.8664 66.7769 38.2446 12.8452 25.3994
internal_count=565 376 275 189 65 124
is_linear=0
shrinkage=0.05


Tree=29
num_leaves=7
num_cat=0
split_feature=0 13 12 7 9 0
split_gain=13.7535 4.27065 4.32541 3.61901 2.61889 1.4284
threshold=0.4200000000000001 -0.087959822484055858 -0.54646604412280764 0.84007408860573884 0.9980854415479149 0.24000000000000002
decision_type=2 8 2 2 2 2
left_child=3 4 -3 5 -2 -1
right_child=1 2 -4 -5 -6 -7
leaf_value=-0.037339736738782103 0.036149988292206392 -0.019321701140164117 0.011645584736493839 0.0087694533464473777 0.0051844637934422497 -0.013859469068981806
leaf_weight=13.888398364186285 18.201382085680965 11.285007759928702 31.950089752674103 6.8130647093057624 12.395605280995367 25.817017406225204
leaf_count=91 89 47 143 30 57 108
internal_value=0.000125781 0.0132505 0.00239766 -0.0199696 0.0260954 -0.0253302
internal_weight=120.351 73.8321 43.2351 46.5185 30.597 39.7054
internal_count=565 336 190 229 146 199
is_linear=0
shrinkage=0.05


Tree=30
num_leaves=7
num_cat=0
split_feature=0 0 13 13 1 8
split_gain=13.0689 5.83517 2.97447 2.00372 2.83151 1.49943
threshold=0.63000000000000012 0.24000000000000002 0.13101140621324062 -0.06516654662019887 1.5089427645216171 0.68719941963820996
decision_type=2 2 8 8 2 2
left_child=1 -1 -3 5 -5 -2
right_child=3 2 -4 4 -6 -7
leaf_value=-0.034439057383089514 0.038004563584698857 0.0044106166551937239 -0.015966252895452764 0.01802022899783039 -0.016004865777420014 0.0027991380346887988
leaf_weight=15.429747074842451 15.487656801939012 42.55015455186367 24.098195537924767 12.856307417154314 4.7458848357200614 4.5353843867778769
leaf_count=101 82 175 100 64 20 23
internal_value=0.00010155 -0.0110067 -0.00355715 0.0227825 0.00733527 0.032183
internal_weight=119.703 82.0781 66.6484 37.6252 17.6022 20.023
internal_count=565 376 275 189 84 105
is_linear=0
shrinkage=0.05


Tree=31
num_leaves=7
num_cat=0
split_feature=0 0 4 4 6 1
split_gain=12.1702 5.53905 2.89588 2.16317 3.03521 2.69318
threshold=0.63000000000000012 0.24000000000000002 0.032015621187164237 0.018027756377319949 6.6936395799896138 1.5817228610015943
decision_type=2 2 2 2 2 2
left_child=1 -1 -3 4 -2 -5
right_child=3 2 -4 5 -6 -7
leaf_value=-0.033693891870348935 0.018097740716696776 0.0050464002472087452 -0.014748117929924599 0.039307258098978837 -0.019183999190590443 0.0038138074587594226
leaf_weight=15.101412981748579 8.1676604598760587 39.693415194749832 26.907465323805809 15.948358833789827 4.414094164967536 8.7460040152072889
leaf_count=101 42 164 111 86 23 38
internal_value=9.05243e-05 -0.0106379 -0.00342222 0.0220823 0.00328209 0.0294954
internal_weight=118.978 81.7023 66.6009 37.2761 12.5818 24.6944
internal_count=565 376 275 189 65 124
is_linear=0
shrinkage=0.05


Tree=32
num_leaves=7
num_cat=0
split_feature=0 0 8 7 4 1
split_gain=11.3549 3.87929 3.52891 3.44896 2.34599 1.52469
threshold=0.4200000000000001 0.70750000000000013 0.60627252377463825 0.56732607617999231 0.0082915619758885308 1.8249216000752233
decision_type=2 2 2 2 2 2
left_child=3 2 -2 4 -1 -3
right_child=1 5 -4 -5 -6 -7
leaf_value=0.0038684631490981413 0.018840176871320315 0.03141206003976596 -0.0065238083679180761 0.0021463369833006041 -0.03118269373114434 -0.00054883523495158251
leaf_weight=4.4006385654211071 16.917711496353149 19.607271909713749 32.14528913795948 13.821485266089438 27.227146983146667 4.1984571963548651
leaf_count=25 70 115 133 64 140 18
internal_value=8.39739e-05 0.0120526 0.00315567 -0.018398 -0.0264434 0.0266585
internal_weight=118.318 72.8687 49.063 45.4493 31.6278 23.8057
internal_count=565 336 203 229 165 133
is_linear=0
shrinkage=0.05


Tree=33
num_leaves=7
num_cat=0
split_feature=13 1 12 8 13 5
split_gain=9.42562 5.84768 3.3678 3.09938 2.51891 1.79384
threshold=-0.11156303520001594 -0.20536860766894402 -0.49064913936397658 0.72749431291380684 -0.20424633087880203 -0.049999999999999954
decision_type=8 2 2 2 10 2
left_child=1 4 5 -4 -1 -2
right_child=2 -3 3 -5 -6 -7
leaf_value=-0.021369213807365117 -0.0032478243348389025 0.032242932860350584 0.0025286154760840733 -0.025955497309608434 0.012045183073367483 -0.032911903807213004
leaf_weight=6.6159102469682693 8.7065875977277774 23.82030414044857 52.12114742398262 6.5159297287464133 6.4658423364162427 13.405921354889868
leaf_count=30 45 116 254 29 30 61
internal_value=0.000117256 0.0195488 -0.00938494 -0.00242727 -0.00608982 -0.0239849
internal_weight=117.652 36.9021 80.7496 58.6371 13.0818 22.1125
internal_count=565 176 389 283 60 106
is_linear=0
shrinkage=0.05


Tree=34
num_leaves=7
num_cat=0
split_feature=0 0 3 4 8 6
split_gain=10.436 4.52898 4.58771 2.86428 1.56798 0.465236
threshold=0.57000000000000006 0.24000000000000002 -0.7022963068247311 0.060285638472776348 0.6815930808459213 6.2723827274269457
decision_type=2 2 2 2 2 2
left_child=1 5 -3 4 -2 -1
right_child=3 2 -4 -5 -6 -7
leaf_value=-0.0048001270271529643 0.027149077100111375 0.012145040160332264 -0.014754312299286377 -0.0093473295031305317 0.0036807527834177242 -0.036299638108997508
leaf_weight=3.0884513407945624 29.591134160757065 21.854098781943321 34.349025636911392 5.8725279718637458 11.162989988923071 11.504440724849699
leaf_count=21 153 91 142 25 53 80
internal_value=3.77848e-05 -0.0117731 -0.00415704 0.0173744 0.0218256 -0.0325593
internal_weight=117.423 70.796 56.2031 46.6267 40.7541 14.5929
internal_count=565 334 233 231 206 101
is_linear=0
shrinkage=0.05


Tree=35
num_leaves=7
num_cat=0
split_feature=0 13 7 0 7 10
split_gain=9.8306 3.38465 3.16789 2.90462 2.08901 1.54015
threshold=0.4200000000000001 -0.13080236221318778 0.84007408860573884 0.87000000000000011 0.91045685848997582 0.010000000000000007
decision_type=2 8 2 2 2 2
left_child=2 4 5 -3 -2 -1
right_child=1 3 -4 -5 -6 -7
leaf_value=-0.037197899543874056 0.029372800433873216 -0.0032032986724294687 0.0092068918917291593 0.027216602046343925 -0.0032498552238466056 -0.012700581752037414
leaf_weight=9.6841954290866834 21.632103323936466 40.95203809440136 6.7306248545646659 4.498013123869895 4.8779424875974646 28.421598136425018
leaf_count=61 110 179 30 25 22 138
internal_value=-1.00927e-05 0.0111936 -0.0173105 0.00220625 0.0238069 -0.0225189
internal_weight=116.797 71.9601 44.8364 45.4501 26.51 38.1058
internal_count=565 336 229 204 132 199
is_linear=0
shrinkage=0.05


Tree=36
num_leaves=7
num_cat=0
split_feature=0 0 5 4 0 1
split_gain=9.23387 4.80309 2.96254 2.32192 2.85163 2.67014
threshold=0.63000000000000012 0.24000000000000002 -0.025000000000000005 0.018027756377319949 0.7400000000000001 1.5817228610015943
decision_type=2 2 2 2 2 2
left_child=1 -1 -3 4 -2 -5
right_child=3 2 -4 5 -6 -7
leaf_value=-0.03147526435562055 -0.019166466786218955 0.0071303688285069894 -0.012635521639537378 0.037258178103531693 0.016901779451982509 0.0024389720464691889
leaf_weight=14.108877211809157 4.9742181599140149 33.768959254026413 32.447333589196205 15.173897057771685 7.1727659106254578 8.5927167385816556
leaf_count=101 22 140 135 86 43 38
internal_value=9.72636e-06 -0.00935464 -0.00276242 0.0195379 0.000849764 0.0272814
internal_weight=116.239 80.3252 66.2163 35.9136 12.147 23.7666
internal_count=565 376 275 189 65 124
is_linear=0
shrinkage=0.05


Tree=37
num_leaves=7
num_cat=0
split_feature=0 7 7 4 1 9
split_gain=8.736 3.17774 3.038 2.27411 1.97295 1.46214
threshold=0.4200000000000001 -0.7904626112456663 0.56732607617999231 0.0082915619758885308 1.5482593057915939 1.0952500932430196
decision_type=2 2 2 2 2 2
left_child=2 -2 3 -1 -3 -4
right_child=1 4 5 -5 -6 -7
leaf_value=0.0050272661730063253 -0.011702748021518959 0.019325186538658726 0.016653678721979783 -0.028909133616780811 -0.0011101289526855333 -0.0085880903861901906
leaf_weight=4.2705910056829479 9.7873920500278455 46.964540675282478 5.0527239590883246 26.31344810128212 14.60877440869808 8.6122370064258558
leaf_count=25 44 228 23 140 64 41
internal_value=1.05782e-05 0.0105997 -0.016409 -0.0241299 0.0147575 0.00270623
internal_weight=115.61 71.3607 44.249 30.584 61.5733 13.665
internal_count=565 336 229 165 292 64
is_linear=0
shrinkage=0.05


Tree=38
num_leaves=7
num_cat=0
split_feature=0 0 6 4 6 1
split_gain=8.228 4.44554 2.85882 2.2646 2.84266 2.45659
threshold=0.63000000000000012 0.24000000000000002 5.400391295607597 0.018027756377319949 6.6936395799896138 1.5817228610015943
decision_type=2 2 2 2 2 2
left_child=1 -1 -3 4 -2 -5
right_child=3 2 -4 5 -6 -7
leaf_value=-0.030447712924060386 0.015513133024460458 -0.027755788268205475 0.0013191192391774182 0.035988083651036659 -0.020880586488170549 0.0024327365365271179
leaf_weight=13.661008238792418 7.7503035217523557 4.7377092689275733 61.327291205525398 14.793357059359552 4.2644661664962769 8.5911984741687757
leaf_count=101 42 20 255 86 23 38
internal_value=-1.02456e-05 -0.0088635 -0.00257207 0.0185582 0.000255641 0.0262604
internal_weight=115.125 79.726 66.065 35.3993 12.0148 23.3846
internal_count=565 376 275 189 65 124
is_linear=0
shrinkage=0.05


Tree=39
num_leaves=7
num_cat=0
split_feature=0 0 5 4 0 1
split_gain=7.68975 4.19797 2.74355 2.15281 2.71459 2.33329
threshold=0.63000000000000012 0.24000000000000002 -0.025000000000000005 0.018027756377319949 0.7400000000000001 1.5817228610015943
decision_type=2 2 2 2 2 2
left_child=1 -1 -3 4 -2 -5
right_child=3 2 -4 5 -6 -7
leaf_value=-0.029788417441819884 -0.019169954975847822 0.0069766165156220127 -0.012061429240288994 0.035118965208512702 0.016113664199193523 0.0023566256669706742
leaf_weight=13.382971890270708 4.9667031615972501 33.713287889957428 32.33858785033226 14.531918480992319 7.0327929556369781 8.5868232399225217
leaf_count=101 22 140 135 86 43 38
internal_value=-5.92009e-05 -0.00862048 -0.00253715 0.0179667 0.000166542 0.0255331
internal_weight=114.553 79.4348 66.0519 35.1182 11.9995 23.1187
internal_count=565 376 275 189 65 124
is_linear=0
shrinkage=0.05


Tree=40
num_leaves=7
num_cat=0
split_feature=0 13 7 0 1 10
split_gain=7.18991 3.02093 2.83299 2.72636 2.67149 1.57191
threshold=0.4200000000000001 -0.13080236221318778 0.84007408860573884 0.84000000000000008 -0.19379933892086185 0.010000000000000007
decision_type=2 8 2 2 2 2
left_child=2 4 5 -3 -2 -1
right_child=1 3 -4 -5 -6 -7
leaf_value=-0.035008792235697687 -0.0025821607803722256 -0.0042094935397449205 0.009654295456332361 0.024626984156376396 0.030121970653160329 -0.010789513637490894
leaf_weight=8.9909415915608388 7.5336668640375164 39.811783209443092 6.6487522870302191 5.0429440736770621 18.164624705910683 27.767005547881126
leaf_count=61 36 175 30 29 96 138
internal_value=-5.71018e-05 0.0095839 -0.0150989 0.00117727 0.0216755 -0.0201961
internal_weight=113.96 70.553 43.4067 44.8547 25.6983 36.7579
internal_count=565 336 229 204 132 199
is_linear=0
shrinkage=0.05


Tree=41
num_leaves=6
num_cat=0
split_feature=0 0 6 1 6
split_gain=6.91833 4.29197 3.93273 1.40619 0.709686
threshold=0.24000000000000002 0.70750000000000013 5.5658729603828503 1.6524984079415852 6.4798451413059661
decision_type=2 2 2 2 2
left_child=4 2 -2 -3 -1
right_child=1 3 -4 -5 -6
leaf_value=-0.0040920979496605709 -0.02785586635435951 0.028065369003026169 0.0031997643993865381 -2.0549324592060254e-05 -0.034342560188960716
leaf_weight=3.9984439983963957 6.7561408877372733 16.138776853680614 71.988963708281517 5.6379659324884406 8.9357696250081045
leaf_count=31 29 108 302 25 70
internal_value=-2.95004e-05 0.0048513 -0.000968784 0.0221479 -0.0287391
internal_weight=113.456 100.522 78.7451 21.7767 12.9342
internal_count=565 464 331 133 101
is_linear=0
shrinkage=0.05


Tree=42
num_leaves=7
num_cat=0
split_feature=13 1 0 1 13 12
split_gain=6.58824 5.19047 4.30908 2.65111 2.50195 1.44194
threshold=-0.11156303520001594 -0.20536860766894402 0.84000000000000008 0.63020142444584759 -0.20424633087880203 0.95370370113754566
decision_type=8 2 2 2 10 2
left_child=1 4 3 -2 -1 -3
right_child=2 5 -4 -5 -6 -7
leaf_value=-0.022526933293891549 -0.0044620720049123016 0.033492096528265805 0.023782957273821195 -0.024423606223939565 0.011243927718022751 0.0002366697090069806
leaf_weight=6.4430497512221336 50.635351337492466 18.675008945167068 4.9185558557510367 22.164400212466717 6.2493358701467496 3.8629624247550955
leaf_count=30 260 97 29 100 30 19
internal_value=-0.000102382 0.0164983 -0.00817 -0.0117186 -0.00742071 0.0288701
internal_weight=112.949 35.2304 77.7183 72.7998 12.6924 22.538
internal_count=565 176 389 360 60 116
is_linear=0
shrinkage=0.05


Tree=43
num_leaves=6
num_cat=0
split_feature=0 0 6 6 6
split_gain=6.49401 3.8135 3.71921 1.46406 0.697452
threshold=0.24000000000000002 0.70750000000000013 5.5658729603828503 6.6936395799896138 6.4798451413059661
decision_type=2 2 2 2 2
left_child=4 2 -2 -3 -1
right_child=1 3 -4 -5 -6
leaf_value=-0.0038821152860808849 -0.026982833405106921 0.030995659367484159 0.0032453578467931637 0.0044048502215069483 -0.033702346647110214
leaf_weight=3.9712726622819892 6.7316128909587851 10.739268794655802 71.916409641504288 10.588638320565222 8.6995027437806112
leaf_count=31 29 70 302 63 70
internal_value=-5.9068e-05 0.00466377 -0.000800149 0.0211378 -0.0280991
internal_weight=112.647 99.9759 78.648 21.3279 12.6708
internal_count=565 464 331 133 101
is_linear=0
shrinkage=0.05


Tree=44
num_leaves=7
num_cat=0
split_feature=0 13 1 5 8 8
split_gain=6.14411 3.7037 3.97588 3.09046 0.69803 0.092905
threshold=0.24000000000000002 -0.13080236221318778 -0.16418686681987774 -0.025000000000000005 0.67752420332806684 0.50921996012369852
decision_type=2 8 2 2 2 2
left_child=4 2 -2 -3 5 -1
right_child=1 3 -4 -5 -6 -7
leaf_value=-0.0053664360707982757 -0.0046136704099107384 0.0098508654649043358 0.028628049992208717 -0.010487967066552317 -0.0014140206083330599 -0.034872664001824122
leaf_weight=2.4019365757703763 12.122673153877257 26.652586042881012 20.048509530723095 40.932250007987022 2.7041200101375571 7.3495092466473579
leaf_count=20 55 112 106 191 21 60
internal_value=-0.000111892 0.00446906 0.0171663 -0.00234113 -0.0275715 -0.0318872
internal_weight=112.212 99.756 32.1712 67.5848 12.4556 9.75145
internal_count=565 464 161 303 101 80
is_linear=0
shrinkage=0.05


Tree=45
num_leaves=7
num_cat=0
split_feature=0 13 13 3 4 8
split_gain=5.91293 2.90046 3.56663 2.7934 2.46653 1.54751
threshold=0.57000000000000006 -0.11156303520001594 -0.22559841347762016 -0.7326720186668334 0.060285638472776348 0.6815930808459213
decision_type=2 8 10 2 2 2
left_child=1 2 -1 -3 5 -2
right_child=4 3 -4 -5 -6 -7
leaf_value=-0.016768753845255977 0.023169745687808264 -0.0016715607446485593 0.021126311670346589 -0.024473296621147625 -0.010736514280824609 0.00081331697270573737
leaf_weight=5.5743487924337414 27.52058058232069 24.589530669152737 10.994992196559904 26.841587953269482 5.7246678173542014 10.648661114275454
leaf_count=23 153 135 48 128 25 53
internal_value=-0.000145922 -0.00915245 0.00744559 -0.0146857 0.0133161 0.0177492
internal_weight=111.894 68.0005 16.5693 51.4311 43.8939 38.1692
internal_count=565 334 71 263 231 206
is_linear=0
shrinkage=0.05


Tree=46
num_leaves=6
num_cat=0
split_feature=0 0 6 6 6
split_gain=5.75817 3.35967 3.50421 1.42752 0.739615
threshold=0.24000000000000002 0.70750000000000013 5.5658729603828503 6.6936395799896138 6.4798451413059661
decision_type=2 2 2 2 2
left_child=4 2 -2 -3 -1
right_child=1 3 -4 -5 -6
leaf_value=-0.0031152812861047997 -0.026288550393896788 0.029751557025500933 0.0031052500819954963 0.0036962682861666554 -0.032702732865411671
leaf_weight=3.87058401107788 6.6882045269012442 10.367146216332914 71.73901641368866 10.453268259763716 8.3325589224696142
leaf_count=31 29 70 302 63 70
internal_value=-0.000157162 0.00427198 -0.000826734 0.019919 -0.0269512
internal_weight=111.451 99.2476 78.4272 20.8204 12.2031
internal_count=565 464 331 133 101
is_linear=0
shrinkage=0.05


Tree=47
num_leaves=7
num_cat=0
split_feature=0 7 5 6 8 13
split_gain=5.45056 3.23342 4.17792 3.30907 0.714559 0.214496
threshold=0.24000000000000002 -0.7904626112456663 -1.0000000180025095e-35 5.5263571471572561 0.67752420332806684 0.35927652661253112
decision_type=2 2 2 2 2 8
left_child=4 2 -2 -3 5 -1
right_child=1 3 -4 -5 -6 -7
leaf_value=-0.034121432321746033 0.010184531423436897 -0.017826178068131089 -0.031908943060836491 0.011226010892828743 -0.00085898975304077015 -0.0041856789120483613
leaf_weight=7.0921627134084693 7.4078508019447327 6.6031926572322837 7.994990333914755 77.032529540359974 2.6434310451149932 2.2651775404810897
leaf_count=60 32 31 37 364 21 20
internal_value=-0.000205172 0.00409242 -0.0141298 0.00805609 -0.0264445 -0.0308561
internal_weight=111.039 99.0386 15.4028 83.6357 12.0008 9.35734
internal_count=565 464 69 395 101 80
is_linear=0
shrinkage=0.05


Tree=48
num_leaves=7
num_cat=0
split_feature=0 7 7 8 2 4
split_gain=5.2698 2.52631 2.39671 2.33839 1.54427 1.28101
threshold=0.4200000000000001 0.84007408860573884 -0.7904626112456663 0.73151004493926675 0.039978188706576052 0.022360679774997918
decision_type=2 2 2 2 2 2
left_child=1 4 5 -4 -1 -2
right_child=2 -3 3 -5 -6 -7
leaf_value=-0.0012771716095363013 0.005429803300178674 0.0097956905919784239 0.015436258061809217 -0.009814576768627202 -0.024188279152591266 -0.021939384118905895
leaf_weight=10.522990666329859 4.7251028269529325 6.5401093959808341 51.783099204301834 7.3963992595672599 24.914919324219227 4.886529803276062
leaf_count=61 22 30 258 34 138 22
internal_value=-0.000342219 -0.0134185 0.00800576 0.0117616 -0.0183841 -0.0112307
internal_weight=110.769 41.978 68.7911 59.1795 35.4379 9.61163
internal_count=565 229 336 292 199 44
is_linear=0
shrinkage=0.05


Tree=49
num_leaves=7
num_cat=0
split_feature=0 0 6 1 8 13
split_gain=4.98403 3.09416 3.08472 1.4558 0.914216 0.239165
threshold=0.24000000000000002 0.70750000000000013 5.5658729603828503 1.6524984079415852 0.68656494062404139 0.35927652661253112
decision_type=2 2 2 2 2 8
left_child=4 2 -2 -3 5 -1
right_child=1 3 -4 -5 -6 -7
leaf_value=-0.033839227735520852 -0.025069072585711689 0.025185132754374631 0.0025727227680025643 -0.0021512745991922803 0.00092880779710295648 -0.0039088673767975783
leaf_weight=7.0619926303625098 6.6350100487470618 14.944485552608969 71.614271268248558 5.465151995420455 2.410113349556922 2.2334367856383315
leaf_count=62 29 108 302 25 19 20
internal_value=-0.000384356 0.00371622 -0.00113601 0.0188822 -0.0257137 -0.0305303
internal_weight=110.364 98.6589 78.2493 20.4096 11.7055 9.29543
internal_count=565 464 331 133 101 82
is_linear=0
shrinkage=0.05


Tree=50
num_leaves=7
num_cat=0
split_feature=13 1 0 6 1 11
split_gain=4.76227 4.95007 3.62842 3.58674 3.07974 1.25268
threshold=-0.12087977416844413 -0.16418686681987774 0.84000000000000008 6.6646660328772054 0.63020142444584759 -0.043690404039757567
decision_type=8 2 2 2 2 2
left_child=1 3 4 -1 -2 -3
right_child=2 5 -4 -5 -6 -7
leaf_value=-0.024887634824479518 -0.0028215042192998672 0.0036867981083093847 0.022391972534717385 0.01485764668666386 -0.024104268367074678 0.033750776389418362
leaf_weight=7.4148234128952009 49.628689728677273 5.8704955279827127 4.6792302876710883 5.9985048845410347 22.17702991515398 14.163050830364227
leaf_count=34 261 33 29 30 102 76
internal_value=-0.000445473 0.0140787 -0.00727104 -0.00790534 -0.0105359 0.027437
internal_weight=109.932 33.4469 76.4849 13.4133 71.8057 20.0335
internal_count=565 173 392 64 363 109
is_linear=0
shrinkage=0.05


Tree=51
num_leaves=7
num_cat=0
split_feature=0 7 5 7 8 13
split_gain=4.72352 2.75347 3.96379 2.95621 0.886626 0.233015
threshold=0.24000000000000002 -0.7904626112456663 -1.0000000180025095e-35 -0.71267869819885188 0.68656494062404139 0.35927652661253112
decision_type=2 2 2 2 2 8
left_child=4 2 -2 -3 5 -1
right_child=1 3 -4 -5 -6 -7
leaf_value=-0.033296847603540639 0.010305152693473164 0.034842245192131131 -0.03065191878746866 0.0039617730808374774 0.00095496680612466845 -0.003811084994037932
leaf_weight=6.8731821402907363 7.3883278518915176 3.8598404526710501 7.9239054620265943 79.004973165690899 2.4070157632231703 2.2223070263862601
leaf_count=62 32 19 37 376 19 20
internal_value=-0.000372904 0.0036154 -0.0132176 0.00730105 -0.0251956 -0.03
internal_weight=109.68 98.177 15.3122 82.8648 11.5025 9.09549
internal_count=565 464 69 395 101 82
is_linear=0
shrinkage=0.05


Tree=52
num_leaves=7
num_cat=0
split_feature=0 1 13 13 13 12
split_gain=4.51927 2.30963 4.12981 2.27473 3.37301 2.36585
threshold=0.57000000000000006 1.5817228610015943 -0.072189783466013624 -0.11156303520001594 -0.22559841347762016 -0.13052138646894731
decision_type=2 2 8 8 10 2
left_child=3 -2 -3 4 -1 -5
right_child=1 2 -4 5 -6 -7
leaf_value=-0.016901641473157428 0.017663080270221732 0.017880995952314519 -0.026995930622595206 -0.024382145190347489 0.019913572391253721 -0.0030452816684478357
leaf_weight=5.5592335313558605 31.871054343879223 5.2845365703105927 5.5281092971563321 20.80671463906765 10.902498699724672 29.516030870378017
leaf_count=23 182 26 23 109 48 154
internal_value=-0.000394772 0.011554 -0.00634419 -0.0083044 0.0064397 -0.0132736
internal_weight=109.468 42.6837 10.8126 66.7845 16.4617 50.3227
internal_count=565 231 49 334 71 263
is_linear=0
shrinkage=0.05


Tree=53
num_leaves=6
num_cat=0
split_feature=0 0 6 12 6
split_gain=4.39051 2.64518 2.62026 1.68107 0.85838
threshold=0.24000000000000002 0.72000000000000008 5.5658729603828503 -0.54646604412280764 6.4798451413059661
decision_type=2 2 2 2 2
left_child=4 2 -2 -3 -1
right_child=1 3 -4 -5 -6
leaf_value=-0.0012695615713090968 -0.022715843180326743 -0.0034241383668544229 0.0025412676055602585 0.025839913587616028 -0.030735030137789221
leaf_weight=3.628860376775263 6.8352864757180205 5.3170451447367695 72.878202542662621 12.733620487153528 7.6207656264305115
leaf_count=31 31 33 312 88 70
internal_value=-0.000411226 0.00342502 -0.000837401 0.0183469 -0.0245455
internal_weight=109.014 97.7642 79.7135 18.0507 11.2496
internal_count=565 464 343 121 101
is_linear=0
shrinkage=0.05


Tree=54
num_leaves=7
num_cat=0
split_feature=0 7 5 7 8 8
split_gain=4.15623 2.52454 3.77261 2.90005 0.889896 0.293476
threshold=0.24000000000000002 -0.7904626112456663 -1.0000000180025095e-35 -0.71267869819885188 0.68656494062404139 0.50921996012369852
decision_type=2 2 2 2 2 2
left_child=4 2 -2 -3 5 -1
right_child=1 3 -4 -5 -6 -7
leaf_value=-0.003064053744166891 0.010084360211225558 0.034115957742337021 -0.029918753485722201 0.0035239839157373189 0.0014441443373911574 -0.032453020033483541
leaf_weight=2.136629253625868 7.3720996975898743 3.8254458382725707 7.8701082766056043 78.500505991280079 2.3571050837635985 6.5799292251467705
leaf_count=20 32 19 37 376 19 62
internal_value=-0.000457542 0.00326661 -0.0128589 0.00681748 -0.0240795 -0.028992
internal_weight=108.642 97.5682 15.2422 82.326 11.0737 8.71656
internal_count=565 464 69 395 101 82
is_linear=0
shrinkage=0.05


Tree=55
num_leaves=7
num_cat=0
split_feature=0 4 6 13 6 6
split_gain=3.97808 2.57997 2.55807 2.51362 4.31361 2.78479
threshold=0.63000000000000012 0.018027756377319949 6.6936395799896138 0.13101140621324062 6.3900560721918351 5.400391295607597
decision_type=2 2 2 8 2 2
left_child=3 2 -2 5 -5 -1
right_child=1 -3 -4 4 -6 -7
leaf_value=-0.025140195555562295 0.011248987776852733 0.021696874584654424 -0.024417751963274489 0.0067887330928001859 -0.028964389294029436 0.0054519575919348582
leaf_weight=3.8035705089569083 6.9404931962490064 21.304452925920486 3.9346422553062439 10.606477700173857 18.733732879161835 43.117905624210835
leaf_count=17 42 124 23 54 102 203
internal_value=-0.000472426 0.0130953 -0.00528156 -0.006651 -0.0169331 0.00078991
internal_weight=108.441 32.1796 10.8751 76.2617 29.3402 46.9215
internal_count=565 189 65 376 156 220
is_linear=0
shrinkage=0.05


Tree=56
num_leaves=7
num_cat=0
split_feature=0 4 6 2 8 13
split_gain=3.87032 2.48677 2.39934 2.33212 0.967113 0.345756
threshold=0.24000000000000002 0.034049317871784848 5.5658729603828503 0.048383594556649291 0.6895929817562404 0.36710429602530265
decision_type=2 2 2 2 2 8
left_child=4 2 -2 -3 5 -1
right_child=1 3 -4 -5 -6 -7
leaf_value=-0.0322010995719813 -0.015657447077266906 -0.023181358735680804 0.011964841456183591 0.0016526422792626676 0.0022945906676549517 -0.0025437882044509396
leaf_weight=6.5211041197180739 4.635908640921115 9.266235947608946 57.101252838969231 26.260571599006653 2.2508735805749884 2.0770380273461333
leaf_count=63 22 42 278 122 18 20
internal_value=-0.000523788 0.00306178 0.00887299 -0.00688552 -0.023494 -0.0286065
internal_weight=108.113 97.264 61.7372 35.5268 10.849 8.59814
internal_count=565 464 300 164 101 83
is_linear=0
shrinkage=0.05


Tree=57
num_leaves=7
num_cat=0
split_feature=0 12 8 9 7 3
split_gain=3.68512 2.37542 5.02157 4.99807 2.17778 1.58264
threshold=0.4200000000000001 -0.54646604412280764 0.73151004493926675 0.77188329126401867 0.84007408860573884 -1.6633521871613197
decision_type=2 2 2 2 2 2
left_child=4 3 -3 -2 5 -1
right_child=1 2 -4 -5 -6 -7
leaf_value=0.0091145231767842689 -0.022670575084231571 0.018433114139165159 -0.018900697963609082 0.020883745034443065 0.0096742647836147722 -0.019537787877521896
leaf_weight=2.5904267057776442 12.689738467335703 41.874345183372498 6.8704654574394217 5.8054011464118949 6.4543876200914374 31.600979089736938
leaf_count=17 58 215 32 31 30 182
internal_value=-0.000627232 0.0064272 0.0119022 -0.00746449 -0.011723 -0.0164811
internal_weight=107.886 67.24 48.7448 18.4951 40.6458 34.1914
internal_count=565 336 247 89 229 199
is_linear=0
shrinkage=0.05


Tree=58
num_leaves=7
num_cat=0
split_feature=13 1 6 0 1 11
split_gain=3.57762 4.56361 3.42249 3.13716 3.16339 1.30629
threshold=-0.12087977416844413 -0.16418686681987774 6.6646660328772054 0.84000000000000008 0.63020142444584759 -0.043690404039757567
decision_type=8 2 2 2 2 2
left_child=1 2 -1 4 -2 -3
right_child=3 5 -4 -5 -6 -7
leaf_value=-0.025219982218144067 -0.001819783940576628 0.0022220175853349144 0.013912600944987051 0.021273518419527834 -0.023423285608109821 0.031682020398392449
leaf_weight=7.3334798142313939 48.513653464615345 5.7114243283867845 5.8908134996891022 4.4805921241641036 21.84741685539484 13.694174163043499
leaf_count=34 261 33 30 29 102 76
internal_value=-0.000604712 0.0121324 -0.00875373 -0.00656991 -0.00963678 0.025243
internal_weight=107.472 32.6299 13.2243 74.8417 70.3611 19.4056
internal_count=565 173 64 392 363 109
is_linear=0
shrinkage=0.05


Tree=59
num_leaves=5
num_cat=0
split_feature=0 6 4 6
split_gain=3.55156 2.27793 2.69027 0.895623
threshold=0.24000000000000002 5.5263571471572561 0.057008349584650363 6.4798451413059661
decision_type=2 2 2 2
left_child=3 -2 -3 -1
right_child=1 2 -4 -5
leaf_value=-0.00017599549347149866 -0.017984369444864003 0.0088065606056983974 -0.013379042141730213 -0.029195319056532117
leaf_weight=3.4873091429471952 6.8467450588941565 78.070320554077625 11.752190530300139 7.0807404294610023
leaf_count=31 33 380 51 70
internal_value=-0.000532938 0.00289546 0.00535142 -0.0227514
internal_weight=107.237 96.6693 89.8225 10.568
internal_count=565 464 431 101
is_linear=0
shrinkage=0.05


Tree=60
num_leaves=7
num_cat=0
split_feature=0 0 6 6 8 13
split_gain=3.34853 2.17635 2.42477 1.38087 1.13404 0.373714
threshold=0.24000000000000002 0.72000000000000008 6.6564042757931325 6.6936395799896138 0.69105905691248304 0.28516724915364472
decision_type=2 2 2 2 2 10
left_child=4 2 -2 -3 5 -1
right_child=1 3 -4 -5 -6 -7
leaf_value=-0.031586624529468123 -0.0081412238581363185 0.026858287720482356 0.0085396748965460099 0.001005876971451326 0.0040518865091049728 -0.002115677038697764
leaf_weight=6.3237352371215803 46.35010914504528 8.186292305588724 32.903485767543316 9.1569401621818525 2.0597867742180815 2.027994804084301
leaf_count=64 203 62 140 59 17 20
internal_value=-0.00062415 0.00269725 -0.00112006 0.0164883 -0.0223172 -0.0279026
internal_weight=107.008 96.5968 79.2536 17.3432 10.4115 8.35173
internal_count=565 464 343 121 101 84
is_linear=0
shrinkage=0.05


Tree=61
num_leaves=7
num_cat=0
split_feature=13 1 6 0 1 6
split_gain=3.22476 4.23065 3.18134 2.90595 3.0276 1.24355
threshold=-0.12087977416844413 -0.16418686681987774 6.6646660328772054 0.84000000000000008 0.63020142444584759 6.6936395799896138
decision_type=8 2 2 2 2 2
left_child=1 2 -1 4 -2 -3
right_child=3 5 -4 -5 -6 -7
leaf_value=-0.02437233256689763 -0.0015678066898508411 0.03148995765519761 0.013417257293307791 0.02065729275107599 -0.022717692310756959 0.0033693371152006394
leaf_weight=7.3323172107338888 48.204016402363777 12.352550931274893 5.8411675244569778 4.3872125521302214 21.778006233274937 6.788140930235385
leaf_count=34 261 71 30 29 102 38
internal_value=-0.000598057 0.0115517 -0.00853489 -0.00627238 -0.00922552 0.0242806
internal_weight=106.683 32.3142 13.1735 74.3692 69.982 19.1407
internal_count=565 173 64 392 363 109
is_linear=0
shrinkage=0.05


Tree=62
num_leaves=7
num_cat=0
split_feature=0 4 11 6 8 13
split_gain=3.20317 2.11881 2.22249 2.09764 1.09909 0.362908
threshold=0.24000000000000002 0.034049317871784848 0.9350965514020132 5.5658729603828503 0.69105905691248304 0.28516724915364472
decision_type=2 2 2 2 2 10
left_child=4 3 -3 -2 5 -1
right_child=1 2 -4 -5 -6 -7
leaf_value=-0.031108341446168808 -0.01482272159074258 -0.011715085502355825 0.015603366972439067 0.011042504078682612 0.0040097594625421572 -0.0020642861521344468
leaf_weight=6.1621077060699445 4.5925440564751616 30.367850489914417 4.836235672235488 56.416650623083115 2.063275232911109 2.0222767069935799
leaf_count=64 22 141 23 278 17 20
internal_value=-0.000522709 0.00271849 -0.00648837 0.00812017 -0.0218662 -0.0274363
internal_weight=106.461 96.2133 35.2041 61.0092 10.2477 8.18438
internal_count=565 464 164 300 101 84
is_linear=0
shrinkage=0.05


Tree=63
num_leaves=7
num_cat=0
split_feature=13 1 6 12 8 5
split_gain=2.95271 3.99251 3.00543 2.8587 2.91862 2.47685
threshold=-0.12087977416844413 -0.16418686681987774 6.6646660328772054 -0.49064913936397658 0.72749431291380684 -0.049999999999999954
decision_type=8 2 2 2 2 2
left_child=1 2 -1 5 -5 -2
right_child=3 -3 -4 4 -6 -7
leaf_value=-0.023752036457913319 0.0023434299308652692 0.023528508241241766 0.013014829914576692 0.0053380315010325072 -0.02282429770723865 -0.030297494487287403
leaf_weight=7.3354932367801648 7.683837682008746 18.978003397583961 5.8136621415615082 47.746582679450512 6.1452331617474547 12.543447129428385
leaf_count=34 45 109 30 257 29 61
internal_value=-0.000563673 0.0110946 -0.0083891 -0.00599878 0.000461538 -0.0198911
internal_weight=106.246 32.1272 13.1492 74.1191 53.8918 20.2273
internal_count=565 173 64 392 286 106
is_linear=0
shrinkage=0.05


Tree=64
num_leaves=7
num_cat=0
split_feature=0 12 3 0 6 1
split_gain=3.12158 2.23862 1.98058 3.58274 2.03264 1.80944
threshold=0.57000000000000006 0.74460085612429616 -0.7326720186668334 0.20000000000000004 6.0751044227168753 1.5817228610015943
decision_type=2 2 2 2 2 2
left_child=2 5 3 -1 -4 -2
right_child=1 -3 4 -5 -6 -7
leaf_value=-0.023463408217678255 0.021736070341388393 -0.0079380168087242482 -0.031289993311947949 0.011350836138557287 -0.0057939333467987523 -0.0035676101353166881
leaf_weight=5.0463462248444584 22.886159688234333 10.348502784967421 7.5929651111364356 23.287790790200233 29.131617769598961 7.7681497931480399
leaf_count=51 134 61 37 108 138 36
internal_value=-0.000609342 0.0095374 -0.00722853 0.00256099 -0.0141832 0.0157227
internal_weight=106.062 41.0028 65.0587 28.3341 36.7246 30.6543
internal_count=565 231 334 159 175 170
is_linear=0
shrinkage=0.05


Tree=65
num_leaves=7
num_cat=0
split_feature=0 12 8 9 7 10
split_gain=2.93706 2.12189 4.36037 4.35068 1.89048 1.58721
threshold=0.4200000000000001 -0.54646604412280764 0.73151004493926675 0.77188329126401867 0.84007408860573884 0.010000000000000007
decision_type=2 2 2 2 2 2
left_child=4 3 -3 -2 5 -1
right_child=1 2 -4 -5 -6 -7
leaf_value=-0.030406129538490395 -0.021579089652238804 0.01708553490694625 -0.017817897500553164 0.019464573528804888 0.0092470743122716019 -0.0066594534718221535
leaf_weight=7.3793222308158866 12.562627397477629 41.081165969371796 6.8002656102180472 5.5580931901931754 6.374742940068244 25.994969040155411
leaf_count=61 58 215 32 31 30 138
internal_value=-0.000668571 0.00568418 0.0109124 -0.00750308 -0.0106736 -0.0151877
internal_weight=105.751 66.0022 47.8814 18.1207 39.749 33.3743
internal_count=565 336 247 89 229 199
is_linear=0
shrinkage=0.05


Tree=66
num_leaves=7
num_cat=0
split_feature=0 4 4 1 13 6
split_gain=2.79127 2.84388 2.49466 2.34028 2.06424 4.09178
threshold=0.63000000000000012 0.018027756377319949 0.0082915619758885031 1.5817228610015943 0.13101140621324062 6.3900560721918351
decision_type=2 2 2 2 8 2
left_child=4 2 -2 -3 -1 -6
right_child=1 3 -4 -5 5 -7
leaf_value=0.00088970943830691998 0.015032062012624199 0.030428694486175994 -0.021165052184122669 -0.0014408638246966145 0.0075683467062291196 -0.027296513038720424
leaf_weight=46.028916865587234 3.4876305907964724 12.510701566934587 6.8521105796098709 7.9371460303664199 10.435600966215135 18.12256870418787
leaf_count=220 24 86 41 38 54 102
internal_value=-0.00070686 0.0109234 -0.0080356 0.0202055 -0.00589219 -0.0153269
internal_weight=105.375 30.7876 10.3397 20.4478 74.5871 28.5582
internal_count=565 189 65 124 376 156
is_linear=0
shrinkage=0.05


Tree=67
num_leaves=7
num_cat=0
split_feature=0 4 2 0 8 13
split_gain=2.73802 1.90281 2.11036 1.94847 1.07295 0.402036
threshold=0.24000000000000002 0.034049317871784848 0.048383594556649291 0.7400000000000001 0.69105905691248304 0.28516724915364472
decision_type=2 2 2 2 2 10
left_child=4 3 -3 -2 5 -1
right_child=1 2 -4 -5 -6 -7
leaf_value=-0.030186237453248457 0.0025290173044169358 -0.021957417597589856 0.0017836629763210638 0.023432101635646272 0.0043660320655750694 -0.0014275179777948749
leaf_weight=5.8511969298124296 50.472403004765511 9.1383724212646467 25.74021065980196 9.898382827639578 2.0258126258850098 1.9502529948949812
leaf_count=64 223 42 122 77 17 20
internal_value=-0.000663396 0.00233198 -0.00640976 0.00748639 -0.0206919 -0.0263625
internal_weight=105.077 95.2494 34.8786 60.3708 9.82726 7.80145
internal_count=565 464 164 300 101 84
is_linear=0
shrinkage=0.05


Tree=68
num_leaves=6
num_cat=0
split_feature=0 6 4 8 13
split_gain=2.60319 1.91519 2.35806 1.03981 0.389385
threshold=0.24000000000000002 5.5263571471572561 0.057008349584650363 0.69105905691248304 0.28516724915364472
decision_type=2 2 2 2 10
left_child=3 -2 -3 4 -1
right_child=1 2 -4 -5 -6
leaf_value=-0.029760408257323942 -0.016960198954047555 0.0078191314578454768 -0.012995416987084242 0.0042991880008165602 -0.0014079373341656836
leaf_weight=5.7132247686386091 6.7321933880448332 76.719382964074612 11.649316683411596 2.0320265293121338 1.9480960294604299
leaf_count=64 33 380 51 17 20
internal_value=-0.000680828 0.00223404 0.00452625 -0.0203072 -0.025954
internal_weight=104.794 95.1009 88.3687 9.69335 7.66132
internal_count=565 464 431 101 84
is_linear=0
shrinkage=0.05


Tree=69
num_leaves=7
num_cat=0
split_feature=0 12 3 0 13 1
split_gain=2.47221 2.1342 1.93223 3.19795 2.28172 1.59327
threshold=0.57000000000000006 0.74460085612429616 -0.7326720186668334 0.20000000000000004 -0.11156303520001594 1.5817228610015943
decision_type=2 2 2 2 8 2
left_child=2 5 3 -1 -4 -2
right_child=1 -3 4 -5 -6 -7
leaf_value=-0.02216141199538927 0.020262076515708567 -0.0085626718653157522 0.0042398134500991509 0.011163998796476124 -0.020702501815934971 -0.0035053367533003465
leaf_weight=4.7293929159641293 22.313915558159355 10.210082098841665 11.012627787888048 23.210142895579338 25.389477171003819 7.731855019927024
leaf_count=51 134 61 47 108 128 36
internal_value=-0.000760587 0.00836507 -0.00666161 0.00301525 -0.013556 0.0145184
internal_weight=104.597 40.2559 64.3416 27.9395 36.4021 30.0458
internal_count=565 231 334 159 175 170
is_linear=0
shrinkage=0.05


Tree=70
num_leaves=7
num_cat=0
split_feature=0 7 5 9 7 8
split_gain=2.35347 1.86381 3.54751 3.14684 1.03912 0.495274
threshold=0.24000000000000002 -0.7904626112456663 -1.0000000180025095e-35 -0.55362939014552681 0.67130438442635365 0.510318557139534
decision_type=2 2 2 2 2 2
left_child=4 2 -2 -3 5 -1
right_child=1 3 -4 -5 -6 -7
leaf_value=-0.00033724390869510233 0.010205637552583822 0.02286030674637109 -0.028742588033533741 -8.5776525416512883e-05 0.0046791673281254597 -0.029445929906875886
leaf_weight=1.8292846530675868 7.284279003739357 14.33525315672159 7.5989892929792386 65.591390989720821 1.9743487164378164 5.6489292234182358
leaf_count=20 32 72 37 323 16 65
internal_value=-0.000769162 0.00199575 -0.0119074 0.00513331 -0.0195977 -0.0253138
internal_weight=104.262 94.8099 14.8833 79.9266 9.45256 7.47821
internal_count=565 464 69 395 101 85
is_linear=0
shrinkage=0.05


Tree=71
num_leaves=7
num_cat=0
split_feature=13 1 6 0 1 11
split_gain=2.33518 3.77375 2.79663 2.4949 2.84238 1.29656
threshold=-0.12087977416844413 -0.16418686681987774 6.6646660328772054 0.84000000000000008 0.63020142444584759 -0.043690404039757567
decision_type=8 2 2 2 2 2
left_child=1 2 -1 4 -2 -3
right_child=3 5 -4 -5 -6 -7
leaf_value=-0.023758020157500604 -0.00095498268813505247 0.00037699708541489392 0.012028758552803359 0.019567986382768774 -0.021563582985145744 0.028511791862147653
leaf_weight=7.2795233726501483 47.166734553873539 5.4776210337877318 5.678820863366127 4.1794671788811675 21.357564330101013 12.9830884411931
leaf_count=34 261 33 30 29 102 76
internal_value=-0.000780426 0.0097036 -0.00909239 -0.00564398 -0.00840786 0.0220232
internal_weight=104.123 31.4191 12.9583 72.7038 68.5243 18.4607
internal_count=565 173 64 392 363 109
is_linear=0
shrinkage=0.05


Tree=72
num_leaves=7
num_cat=0
split_feature=0 11 11 7 4 13
split_gain=2.32515 2.11292 2.69818 1.67626 2.41727 1.34604
threshold=0.4200000000000001 -0.90627385037019703 0.83141905698137131 0.56732607617999231 0.0082915619758885308 -0.14225562553608903
decision_type=2 2 2 2 2 8
left_child=3 -2 -3 4 -1 -5
right_child=1 2 -4 5 -6 -7
leaf_value=0.011604996601002778 0.025076850407626972 -0.0054007686560574985 0.016236901763568141 -0.0085711785717379196 -0.021576186271804656 0.016039087643035077
leaf_weight=3.478291995823386 6.0337423533201209 43.412637233734131 15.537287235260008 6.7877697348594666 22.736241862177849 5.9206128790974599
leaf_count=25 34 221 81 30 140 34
internal_value=-0.000709252 0.00498242 0.00112583 -0.00969722 -0.0160198 0.00418568
internal_weight=103.907 64.9837 58.9499 38.9229 26.2145 12.7084
internal_count=565 336 302 229 165 64
is_linear=0
shrinkage=0.05


Tree=73
num_leaves=6
num_cat=0
split_feature=0 4 8 8 8
split_gain=2.2681 1.86224 2.22103 1.4428 0.329416
threshold=0.20000000000000004 0.057008349584650363 0.69368508965279496 0.57617246053428606 0.67053164863480719
decision_type=2 2 2 2 2
left_child=4 2 -2 -3 -1
right_child=1 3 -4 -5 -6
leaf_value=-0.024284730840313073 0.0093901794778296025 0.0069757461420010677 -0.0078466764884883213 -0.021113006491998813 -0.00020730923305964903
leaf_weight=5.4698780030012122 62.126868277788162 3.8682718202471724 21.595358923077583 8.8753558173775655 1.74390372633934
leaf_count=63 322 19 104 41 16
internal_value=-0.000598969 0.00187808 0.00475245 -0.0130237 -0.0209318
internal_weight=103.68 96.4659 83.7222 12.7436 7.21378
internal_count=565 486 426 60 79
is_linear=0
shrinkage=0.05


Tree=74
num_leaves=6
num_cat=0
split_feature=0 7 8 12 8
split_gain=2.15542 2.09389 5.18582 3.37246 0.318406
threshold=0.20000000000000004 0.11809684887634127 0.58535856317988688 -0.35231732450009018 0.67053164863480719
decision_type=2 2 2 2 2
left_child=4 3 -3 -2 -1
right_child=1 2 -4 -5 -6
leaf_value=-0.023897056160586742 -0.020208249403653174 0.030141688880514078 -0.0025210512940980942 0.004560237682306169 -0.0002046366868197454
leaf_weight=5.364480882883071 17.34859050065279 13.492052279412745 33.461085297167301 32.080761045217514 1.7436419129371641
leaf_count=63 83 75 166 162 16
internal_value=-0.000656002 0.00175465 0.0088622 -0.00519074 -0.0205697
internal_weight=103.491 96.3825 46.9531 49.4294 7.10812
internal_count=565 486 241 245 79
is_linear=0
shrinkage=0.05


Tree=75
num_leaves=7
num_cat=0
split_feature=0 4 4 1 13 6
split_gain=2.11415 2.95626 2.34495 2.13638 1.76555 3.71002
threshold=0.63000000000000012 0.018027756377319949 0.0082915619758885031 1.5817228610015943 0.13101140621324062 6.3900560721918351
decision_type=2 2 2 2 8 2
left_child=4 2 -2 -3 -1 -6
right_child=1 3 -4 -5 5 -7
leaf_value=0.0010872639347880957 0.013713100118960368 0.02920952274282489 -0.022018302193333429 -0.0014411285599067502 0.007667640919221912 -0.02563678222580993
leaf_weight=45.429987020790577 3.3101772367954272 12.053198248147966 6.7148496955633163 7.8519658073782912 10.332909241318704 17.57107113301754
leaf_count=220 24 86 41 38 54 102
internal_value=-0.000652479 0.00960807 -0.00958287 0.0192568 -0.00518615 -0.014013
internal_weight=103.264 29.9302 10.025 19.9052 73.334 27.904
internal_count=565 189 65 124 376 156
is_linear=0
shrinkage=0.05


Tree=76
num_leaves=6
num_cat=0
split_feature=0 7 8 2 8
split_gain=2.03297 1.90363 4.85133 3.32669 0.378851
threshold=0.20000000000000004 0.11809684887634127 0.58535856317988688 0.080620196263365737 0.67752420332806684
decision_type=2 2 2 2 2
left_child=4 3 -3 -2 -1
right_child=1 2 -4 -5 -6
leaf_value=-0.023653480688655661 0.0034021938683049899 0.029187236438043676 -0.0024830051251043925 -0.022496179621998416 0.00054922127283683236
leaf_weight=5.3114158213138571 36.184617735445499 13.358961045742033 33.404844008386135 13.080136135220526 1.6534736528992651
leaf_count=64 179 75 166 66 15
internal_value=-0.000614618 0.00172102 0.00850957 -0.00491324 -0.0200793
internal_weight=102.993 96.0286 46.7638 49.2648 6.96489
internal_count=565 486 241 245 79
is_linear=0
shrinkage=0.05


Tree=77
num_leaves=5
num_cat=0
split_feature=0 7 5 9
split_gain=1.99305 2.11845 2.50429 2.14362
threshold=0.15000000000000005 -0.7904626112456663 -1.0000000180025095e-35 -0.55362939014552681
decision_type=2 2 2 2
left_child=-1 2 -2 -3
right_child=1 3 -4 -5
leaf_value=-0.02354717433757713 0.0053720180972076882 0.01900768796006683 -0.02741155482582984 0.00039766767281637595
leaf_weight=3.7282621487975112 8.3232423514127714 15.112210258841513 7.5607599467039099 68.065440736711025
leaf_count=46 45 83 38 353
internal_value=-0.000620845 0.00133195 -0.0130596 0.00466493
internal_weight=102.79 99.0617 15.884 83.1777
internal_count=565 519 83 436
is_linear=0
shrinkage=0.05


Tree=78
num_leaves=7
num_cat=0
split_feature=0 13 6 6 12 12
split_gain=1.97953 1.83427 3.40726 3.04541 1.45562 1.21858
threshold=0.72000000000000008 0.13101140621324062 6.169275911416384 6.3900560721918351 -0.54646604412280764 0.94334112779794344
decision_type=2 8 2 2 2 2
left_child=1 2 -1 -3 -2 -6
right_child=4 3 -4 -5 5 -7
leaf_value=-0.01462380610271383 -0.0057743252865051047 0.0072400505110094097 0.0095371053775650666 -0.022274261566188319 0.027269242518280098 -0.0037613144400266032
leaf_weight=16.804283045232296 4.9121882840991011 10.351364508271219 39.325742408633232 20.267764929682016 8.3430573940277082 2.7102781012654296
leaf_count=79 33 54 196 115 67 21
internal_value=-0.00065154 -0.00379075 0.00169929 -0.0126807 0.0132416 0.0208589
internal_weight=102.715 86.7492 56.13 30.6191 15.9655 11.0533
internal_count=565 444 275 169 121 88
is_linear=0
shrinkage=0.05


Tree=79
num_leaves=5
num_cat=0
split_feature=0 7 5 9
split_gain=1.91382 1.88784 2.38393 2.00946
threshold=0.15000000000000005 -0.7904626112456663 -1.0000000180025095e-35 -0.55362939014552681
decision_type=2 2 2 2
left_child=-1 2 -2 -3
right_child=1 3 -4 -5
leaf_value=-0.023200412298693591 0.0055268500605888862 0.018335416073748473 -0.026408687988381908 0.00030302209666571695
leaf_weight=3.6486353389918795 8.3051875308155996 15.06170992925763 7.4987862184643737 67.959336407482624
leaf_count=46 45 83 38 353
internal_value=-0.000625684 0.00128492 -0.0123313 0.00443017
internal_weight=102.474 98.825 15.804 83.021
internal_count=565 519 83 436
is_linear=0
shrinkage=0.05


Tree=80
num_leaves=7
num_cat=0
split_feature=0 12 3 0 13 13
split_gain=1.88762 1.97227 1.85374 2.60075 1.77504 1.44403
threshold=0.57000000000000006 0.74460085612429616 -0.7326720186668334 0.20000000000000004 -0.11156303520001594 -0.180279284479993
decision_type=2 2 2 2 8 8
left_child=2 -2 3 -1 -4 -3
right_child=1 5 4 -5 -6 -7
leaf_value=-0.019993505371616645 0.013463636443958722 0.0097510808372717559 0.0032398079889267004 0.010738025530613385 -0.019031535921993359 -0.018487745847807154
leaf_weight=4.2216391861438778 29.210174910724163 3.4476850852370262 10.931691423058508 23.13409735262394 24.839357323944569 6.614593140780924
leaf_count=51 170 23 47 108 128 38
internal_value=-0.000654582 0.00741409 -0.00585 0.00363867 -0.0126627 -0.00878709
internal_weight=102.399 39.2725 63.1268 27.3557 35.771 10.0623
internal_count=565 231 334 159 175 61
is_linear=0
shrinkage=0.05


Tree=81
num_leaves=4
num_cat=0
split_feature=0 4 5
split_gain=1.78816 2.04402 2.41156
threshold=0.15000000000000005 0.0060355339059327212 -0.025000000000000005
decision_type=2 2 2
left_child=-1 -2 -3
right_child=1 2 -4
leaf_value=-0.02265783005106254 0.021239739040640679 0.007643792114101558 -0.0078650498285912519
leaf_weight=3.525365572422742 6.3184395730495444 39.183302350342274 53.088865179568529
leaf_count=46 36 195 288
internal_value=-0.000671323 0.00117054 -0.00122485
internal_weight=102.116 98.5906 92.2722
internal_count=565 519 483
is_linear=0
shrinkage=0.05


Tree=82
num_leaves=7
num_cat=0
split_feature=0 4 4 1 11 9
split_gain=1.82641 2.88429 2.09024 2.03798 1.63603 1.7935
threshold=0.63000000000000012 0.018027756377319949 0.0082915619758885031 1.5817228610015943 0.97385829756763775 -1.0851939602463188
decision_type=2 2 2 2 2 2
left_child=4 2 -2 -3 5 -1
right_child=1 3 -4 -5 -6 -7
leaf_value=-0.022393778833655203 0.012622173289742447 0.028432998636680896 -0.021469706615889574 -0.0015585702334759933 0.013090454077005424 -0.0029199896572619597
leaf_weight=10.782804559916256 3.1774559840559977 11.785601019859316 6.7115312442183495 7.8006873130798331 6.5791792497038832 55.264801576733589
leaf_count=58 24 86 41 38 32 286
internal_value=-0.000641857 0.00896551 -0.0099554 0.0186004 -0.0048673 -0.00745147
internal_weight=102.102 29.4753 9.88899 19.5863 72.6268 66.0476
internal_count=565 189 65 124 376 344
is_linear=0
shrinkage=0.05


Tree=83
num_leaves=7
num_cat=0
split_feature=4 2 8 8 5 8
split_gain=1.76558 1.86125 3.66075 3.5311 1.60268 0.882723
threshold=0.057008349584650363 0.048383594556649291 0.56927090024139881 0.59994765617166934 0.095000000000000043 0.57617246053428606
decision_type=2 2 2 2 2 2
left_child=1 3 -3 -1 5 -2
right_child=4 2 -4 -5 -6 -7
leaf_value=0.010924567841443217 0.0009697389052875932 -0.01212766198355794 0.016310252430291598 -0.015715813048810142 0.0053699041596902281 -0.029849809799953587
leaf_weight=16.603655204176903 2.5495439916849119 11.652518540620802 34.826823014765978 25.260997079312801 4.8505678102374068 6.1228023804724216
leaf_count=101 15 71 191 132 22 33
internal_value=-0.000596368 0.002229 0.00869532 -0.00511186 -0.0146735 -0.0237481
internal_weight=101.867 88.344 46.4793 41.8647 13.5229 8.67235
internal_count=565 495 262 233 70 48
is_linear=0
shrinkage=0.05


Tree=84
num_leaves=7
num_cat=0
split_feature=0 13 6 7 12 6
split_gain=1.7581 2.22993 3.0463 2.75529 1.03706 0.273157
threshold=0.78000000000000014 0.13101140621324062 6.3900560721918351 -0.35777147990726804 0.90625933364739653 6.9223137775257397
decision_type=2 8 2 2 2 2
left_child=1 3 -3 -1 5 -2
right_child=4 2 -4 -5 -6 -7
leaf_value=0.024343602440975755 0.024177175749928365 0.0070064946000110975 -0.022518072799493312 -0.002171520329290689 -0.0062126993441428014 0.0025034272799488192
leaf_weight=6.8739821836352339 5.9420451894402486 10.336846791207792 20.632489737123251 52.465085420757532 2.4157665520906439 3.1426541954278946
leaf_count=36 47 54 119 269 19 21
internal_value=-0.000623614 -0.00320505 -0.0130594 0.00255318 0.014476 0.0202299
internal_weight=101.809 90.3084 30.9693 59.3391 11.5005 9.0847
internal_count=565 478 173 305 87 68
is_linear=0
shrinkage=0.05


Tree=85
num_leaves=5
num_cat=0
split_feature=0 7 8 12
split_gain=1.72321 1.65463 4.14742 3.36298
threshold=0.15000000000000005 0.11809684887634127 0.58535856317988688 -0.35231732450009018
decision_type=2 2 2 2
left_child=-1 3 -3 -2
right_child=1 2 -4 -5
leaf_value=-0.022242279937620461 -0.01972273201028386 0.026696031328468706 -0.0023443966544920893 0.0048371054725934864
leaf_weight=3.4322059564292422 17.734282471239567 13.445025205612181 34.757941592484713 32.258349224925041
leaf_count=46 91 79 180 169
internal_value=-0.000529979 0.00126983 0.00750335 -0.00487628
internal_weight=101.628 98.1956 48.203 49.9926
internal_count=565 519 259 260
is_linear=0
shrinkage=0.05


Tree=86
num_leaves=4
num_cat=0
split_feature=0 4 5
split_gain=1.6644 1.86778 2.34229
threshold=0.15000000000000005 0.0060355339059327212 -0.025000000000000005
decision_type=2 2 2
left_child=-1 -2 -3
right_child=1 2 -4
leaf_value=-0.021957755169398959 0.020473852898202007 0.0076667300222002374 -0.0076454122243931281
leaf_weight=3.3692336194217196 6.2487089782953253 39.087081588804722 52.735937364399433
leaf_count=46 36 195 288
internal_value=-0.000534347 0.00123111 -0.00106804
internal_weight=101.441 98.0717 91.823
internal_count=565 519 483
is_linear=0
shrinkage=0.05


Tree=87
num_leaves=7
num_cat=0
split_feature=0 6 0 2 11 11
split_gain=1.68301 2.00263 2.98366 2.8205 1.83252 2.3493
threshold=0.4200000000000001 6.6715137075919762 0.24000000000000002 0.039978188706576052 -0.90627385037019703 0.83141905698137131
decision_type=2 2 2 2 2 2
left_child=1 3 -3 -1 -2 -6
right_child=4 2 -4 -5 5 -7
leaf_value=0.0063840279908936332 0.023283652713505756 -0.019900108827033653 0.015271057046382411 -0.027344728120870593 -0.0053279198684183003 0.015055359089459803
leaf_weight=6.8349623233079937 5.7944658547639838 4.2393517307937172 12.801858007907866 13.92629526928067 42.734758228063583 15.096895582973955
leaf_count=39 34 56 54 80 221 81
internal_value=-0.0005113 -0.00827033 0.00399203 -0.0171568 0.0043653 0.00076775
internal_weight=101.429 37.8025 17.0412 20.7613 63.6261 57.8317
internal_count=565 229 110 119 336 302
is_linear=0
shrinkage=0.05


Tree=88
num_leaves=7
num_cat=0
split_feature=4 0 2 3 8 8
split_gain=1.64492 2.03009 3.185 1.8315 1.22239 1.22155
threshold=0.057008349584650363 0.34000000000000002 0.045672834893315591 -1.4142135623730996 0.57617246053428606 0.65133739407244384
decision_type=2 2 2 2 2 2
left_child=1 3 -3 -1 -2 -6
right_child=4 2 -4 -5 5 -7
leaf_value=0.011059603221515982 0.0051474607795099483 -0.0048808516945282729 0.015979454384245209 -0.016012398695564416 -0.032590663876306374 -0.001317740256675868
leaf_weight=4.6147740222513702 3.9730640575289717 30.314794793725014 35.07584435492754 17.776442106813192 3.9591355957090837 5.4695428013801575
leaf_count=35 21 154 189 117 22 27
internal_value=-0.000470297 0.00225964 0.00664895 -0.00943258 -0.0141069 -0.0211925
internal_weight=101.184 87.7819 65.3906 22.3912 13.4017 9.42868
internal_count=565 495 343 152 70 49
is_linear=0
shrinkage=0.05


Tree=89
num_leaves=7
num_cat=0
split_feature=0 13 6 6 4 4
split_gain=1.60947 1.994 2.83358 2.70597 1.00838 1.0284
threshold=0.78000000000000014 0.13101140621324062 6.3900560721918351 5.5658729603828503 0.015000000000000008 0.043588046063091274
decision_type=2 8 2 2 2 2
left_child=1 3 -3 -1 -2 -6
right_child=4 2 -4 -5 5 -7
leaf_value=-0.020700249690980957 -0.0043595792251050558 0.0069552935001558017 -0.021543573560989966 0.0065774054709811444 0.027879933751055491 -0.0030845996705606104
leaf_weight=5.830945447087287 3.5927665308117849 10.297786317765715 20.380102716386318 53.130814541131258 5.3783371597528458 2.3869622051715851
leaf_count=28 29 54 119 277 43 15
internal_value=-0.000501239 -0.00298216 -0.0123431 0.00247252 0.0140054 0.0208817
internal_weight=100.998 89.6396 30.6779 58.9618 11.3581 7.7653
internal_count=565 478 173 305 87 58
is_linear=0
shrinkage=0.05


Tree=90
num_leaves=7
num_cat=0
split_feature=4 0 2 3 5 8
split_gain=1.55096 1.81394 2.94783 1.72646 1.50807 0.775466
threshold=0.057008349584650363 0.34000000000000002 0.045672834893315591 -1.4142135623730996 0.095000000000000043 0.57617246053428606
decision_type=2 2 2 2 2 2
left_child=1 3 -3 -1 5 -2
right_child=4 2 -4 -5 -6 -7
leaf_value=0.010874455808330026 0.00077726038913215716 -0.0047649440925120077 0.015322465493712415 -0.015372210081218866 0.0055114439933816282 -0.028411345490799818
leaf_weight=4.6265889294445541 2.5409383326768857 30.289829336106777 34.892085403203964 17.629721716046333 4.8222270458936682 5.997351411730051
leaf_count=35 15 154 189 117 22 33
internal_value=-0.000496674 0.00216259 0.00631346 -0.00892215 -0.0137498 -0.022646
internal_weight=100.799 87.4382 65.1819 22.2563 13.3605 8.53829
internal_count=565 495 343 152 70 48
is_linear=0
shrinkage=0.05


Tree=91
num_leaves=7
num_cat=0
split_feature=0 13 7 6 12 6
split_gain=1.49372 1.8308 2.67743 2.62401 1.02313 0.294928
threshold=0.78000000000000014 0.13101140621324062 -0.35777147990726804 6.3900560721918351 0.90625933364739653 6.9223137775257397
decision_type=2 8 2 2 2 2
left_child=1 2 -1 -3 5 -2
right_child=4 3 -4 -5 -6 -7
leaf_value=0.023867443737839826 0.023427301582621154 0.0066632252267046256 -0.0023335694895914344 -0.020788460328022923 -0.0066340659636497839 0.0020209982128854423
leaf_weight=6.8152086958289138 5.7619585543870908 10.307733669877054 52.019345577806234 20.22821656614542 2.3771567046642295 3.0938344225287437
leaf_count=36 47 54 269 119 19 21
internal_value=-0.000511119 -0.00289833 0.00233322 -0.0118882 0.0135244 0.0193768
internal_weight=100.603 89.3705 58.8346 30.536 11.2329 8.85579
internal_count=565 478 305 173 87 68
is_linear=0
shrinkage=0.05


Tree=92
num_leaves=6
num_cat=0
split_feature=4 3 8 0 3
split_gain=1.48331 1.94021 2.61999 2.29584 0.967195
threshold=0.0060355339059327212 -1.4519708398002458 0.57889824234068132 0.27000000000000007 -1.0000000180025095e-35
decision_type=2 2 2 2 2
left_child=4 2 -2 -3 -1
right_child=1 3 -4 -5 -6
leaf_value=-0.003204860031218686 0.030993863158169873 -0.025240943466722284 -0.0053663581743912669 -0.001877843694277145 0.025160309177917384
leaf_weight=3.0576171688735485 4.4965281225740892 7.4633600227534762 7.8073849081993103 73.932183675467968 3.6762202680110923
leaf_count=21 26 75 48 372 23
internal_value=-0.000424262 -0.0024033 0.0130378 -0.00535687 0.0164032
internal_weight=100.433 93.6995 12.3039 81.3955 6.73384
internal_count=565 521 74 447 44
is_linear=0
shrinkage=0.05


Tree=93
num_leaves=7
num_cat=0
split_feature=4 0 13 5 12 8
split_gain=1.46729 1.65515 2.02288 1.43387 1.2475 0.723446
threshold=0.057008349584650363 0.7400000000000001 -0.22559841347762016 0.095000000000000043 0.94334112779794344 0.57617246053428606
decision_type=2 2 10 2 2 2
left_child=1 2 -1 5 -3 -2
right_child=3 4 -4 -5 -6 -7
leaf_value=-0.015205681660980297 0.00071783415919455086 0.021894508736551462 0.0032855514003076233 0.0054527959300979985 -0.0069853021975613818 -0.027593232794449168
leaf_weight=14.137303519994019 2.5309008508920652 10.194461598992346 60.360162027180195 4.8090694248676291 2.3267169892787924 5.9293938353657722
leaf_count=70 15 86 321 22 18 33
internal_value=-0.000355597 0.00223047 -0.00095917 -0.0132837 0.016066 -0.0220033
internal_weight=100.288 87.0186 74.4975 13.2694 12.5212 8.46029
internal_count=565 495 391 70 104 48
is_linear=0
shrinkage=0.05


Tree=94
num_leaves=6
num_cat=0
split_feature=4 3 8 13 3
split_gain=1.39284 1.86243 2.46117 2.27271 0.937448
threshold=0.0060355339059327212 -1.4519708398002458 0.57889824234068132 0.068699682827036382 -1.0000000180025095e-35
decision_type=2 2 2 8 2
left_child=4 2 -2 -3 -1
right_child=1 3 -4 -5 -6
leaf_value=-0.003253324836497365 0.030220555390555057 0.001861540502064054 -0.0050839876871781415 -0.014318738140223455 0.024613482464245291
leaf_weight=3.0461510419845581 4.4897531270980817 47.959590040147305 7.7947664968669415 33.196936205029488 3.6398475281894198
leaf_count=21 26 262 48 185 23
internal_value=-0.000381713 -0.00230197 0.0128287 -0.00520385 0.0159576
internal_weight=100.127 93.441 12.2845 81.1565 6.686
internal_count=565 521 74 447 44
is_linear=0
shrinkage=0.05


Tree=95
num_leaves=6
num_cat=0
split_feature=4 11 6 8 13
split_gain=1.37926 1.97365 1.63373 2.61707 0.896646
threshold=0.057008349584650363 -0.86601196713003525 5.5263571471572561 0.48491063828157616 -0.18240789748588723
decision_type=2 2 2 2 10
left_child=2 -2 -1 -4 -3
right_child=1 4 3 -5 -6
leaf_value=-0.015553440006890996 0.013413786163920277 0.0015949076052533635 -0.017393609177518057 0.0076602234403188437 -0.026059843810725503
leaf_weight=6.5906954631209365 2.0444355458021155 3.0681578367948523 7.2363448068499556 72.969946593046188 8.0908210724592191
leaf_count=36 10 17 50 409 43
internal_value=-0.000282155 -0.0128429 0.00222401 0.00451179 -0.0203154
internal_weight=100 13.2034 86.797 80.2063 11.159
internal_count=565 70 495 459 60
is_linear=0
shrinkage=0.05


Tree=96
num_leaves=6
num_cat=0
split_feature=4 3 8 0 3
split_gain=1.32658 1.77577 2.36727 2.17814 0.90875
threshold=0.0060355339059327212 -1.4519708398002458 0.57889824234068132 0.27000000000000007 -1.0000000180025095e-35
decision_type=2 2 2 2 2
left_child=4 2 -2 -3 -1
right_child=1 3 -4 -5 -6
leaf_value=-0.0032454319541056682 0.029614975228699148 -0.024580721937886074 -0.0050164001401895447 -0.0016991142482309582 0.024160099230907978
leaf_weight=3.0459682084619999 4.4816908389329893 7.2923470921814433 7.7827803082764149 73.7279152572155 3.6133780106902114
leaf_count=21 26 75 48 372 23
internal_value=-0.000355033 -0.00223072 0.0125504 -0.00506767 0.0156087
internal_weight=99.9441 93.2847 12.2645 81.0203 6.65935
internal_count=565 521 74 447 44
is_linear=0
shrinkage=0.05


Tree=97
num_leaves=7
num_cat=0
split_feature=0 13 2 11 4 4
split_gain=1.30107 1.58637 2.42328 1.94722 1.03102 0.971059
threshold=0.78000000000000014 0.28516724915364472 0.02715046648361084 -0.41482558567468336 0.015000000000000008 0.043588046063091274
decision_type=2 8 2 2 2 2
left_child=1 3 -3 -1 -2 -6
right_child=4 2 -4 -5 5 -7
leaf_value=0.014803791197966898 -0.0051891642789990387 0.013420255582191115 -0.023531661959913564 -0.0034000577631164044 0.026903836931050862 -0.0031295022304308273
leaf_weight=13.930382523685692 3.4962016195058805 2.3910635933279982 11.709881149232386 60.728904273360968 5.1758836954832077 2.3697780296206474
leaf_count=82 29 14 73 309 43 15
internal_value=-0.000292395 -0.00253052 -0.015393 0.000712527 0.0128799 0.0199835
internal_weight=99.8021 88.7602 14.1009 74.6593 11.0419 7.54566
internal_count=565 478 87 391 87 58
is_linear=0
shrinkage=0.05


Tree=98
num_leaves=6
num_cat=0
split_feature=4 11 13 2 3
split_gain=1.2578 1.72035 2.10608 1.8421 0.867633
threshold=0.0060355339059327212 0.9350965514020132 0.24562669738684864 0.041649966629242495 -1.0000000180025095e-35
decision_type=2 2 8 2 2
left_child=4 2 -2 -3 -1
right_child=1 3 -4 -5 -6
leaf_value=-0.003136942152064347 -0.00072795206669768007 -0.010220300421615269 -0.019757923260233744 0.020224487679114542 0.023690587714204462
leaf_weight=3.0450648777186871 65.105677284300327 3.6883188113570204 13.875161383301018 10.34444800019264 3.5914291739463797
leaf_count=21 359 18 89 55 23
internal_value=-0.000230598 -0.00206534 -0.00504838 0.0116397 0.0153224
internal_weight=99.6501 93.0136 78.9808 14.0328 6.63649
internal_count=565 521 448 73 44
is_linear=0
shrinkage=0.05


Tree=99
num_leaves=6
num_cat=0
split_feature=4 6 8 5 8
split_gain=1.24926 1.53389 2.48458 1.38831 0.67537
threshold=0.057008349584650363 5.5263571471572561 0.48491063828157616 0.095000000000000043 0.57617246053428606
decision_type=2 2 2 2 2
left_child=1 -1 -3 4 -2
right_child=3 2 -4 -5 -6
leaf_value=-0.01506439372573156 0.00085503830424207665 -0.016933768217930443 0.0074889456534011634 0.0059025310407059602 -0.026330840379759808
leaf_weight=6.5555793419480315 2.5079350434243661 7.2325528524816027 72.64553613960743 4.7881018593907347 5.8193510547280312
leaf_count=36 15 50 409 22 33
internal_value=-0.000195375 0.00219025 0.00441033 -0.0121824 -0.0208942
internal_weight=99.5491 86.4337 79.8781 13.1154 8.32729
internal_count=565 495 459 70 48
is_linear=0
shrinkage=0.05


Tree=100
num_leaves=5
num_cat=0
split_feature=8 11 4 6
split_gain=1.2267 1.79032 2.50353 2.2311
threshold=0.7806675765155372 0.88090793345345098 0.0060355339059327212 7.0660569358944771
decision_type=2 2 2 2
left_child=1 2 -1 -3
right_child=-2 3 -4 -5
leaf_value=0.01785488358641452 0.017057194410204927 -0.0012490416918032106 -0.0083463573162145463 0.029523402602604283
leaf_weight=5.6390132419764987 4.3361079394817343 15.304388344287874 70.008750103414059 4.2046481557190409
leaf_count=37 21 81 400 26
internal_value=-0.000291428 -0.00189403 -0.00540736 0.0100531
internal_weight=99.4929 95.1568 75.6478 19.509
internal_count=565 544 437 107
is_linear=0
shrinkage=0.05


Tree=101
num_leaves=6
num_cat=0
split_feature=0 3 8 2 3
split_gain=1.23631 1.59211 2.57964 2.51156 0.513817
threshold=0.20000000000000004 -0.7022963068247311 0.57617246053428606 0.030161522693737369 -0.84490421830306028
decision_type=2 2 2 2 2
left_child=4 2 -2 -3 -1
right_child=1 3 -4 -5 -6
leaf_value=-0.022097477793837944 0.027866359069913239 0.016640389669903079 0.00026911398723015274 -0.007500377580193781 0.0013251766882748121
leaf_weight=3.4023027643561363 7.9209287241101256 8.3858494684100133 24.856631170958281 52.372208628803492 2.5035872869193545
leaf_count=48 47 45 122 272 31
internal_value=-0.000145531 0.00162912 0.00974372 -0.00315653 -0.016113
internal_weight=99.4415 93.5356 32.7776 60.7581 5.90589
internal_count=565 486 169 317 79
is_linear=0
shrinkage=0.05


Tree=102
num_leaves=7
num_cat=0
split_feature=0 5 13 5 12 12
split_gain=1.2056 1.47798 3.3015 2.32745 1.24477 0.383067
threshold=0.78000000000000014 -0.02 -0.13080236221318778 -0.17499999999999996 0.94334112779794344 -0.54646604412280764
decision_type=2 2 8 2 2 2
left_child=1 3 -3 -1 5 -2
right_child=4 2 -4 -5 -6 -7
leaf_value=-0.01241081922697887 0.0013462537404991797 0.010668229821802221 -0.016420932161079243 0.010234578184818752 -0.0090008836445491722 0.023659991233166578
leaf_weight=11.305523850023745 3.1165408864617339 12.304225407540796 30.979983791708946 33.795133359730244 2.1042881458997718 5.7453147359192362
leaf_count=68 22 68 155 187 16 49
internal_value=-9.88625e-05 -0.00226517 -0.00841309 0.00388592 0.0126027 0.0191288
internal_weight=99.351 88.3849 43.2842 45.1007 10.9661 8.86186
internal_count=565 478 223 255 87 71
is_linear=0
shrinkage=0.05


Tree=103
num_leaves=6
num_cat=0
split_feature=0 2 7 2 8
split_gain=1.20394 1.35685 2.69323 2.27197 0.473082
threshold=0.20000000000000004 0.097838727839378678 -0.05665288616749397 0.048383594556649291 0.67752420332806684
decision_type=2 2 2 2 2
left_child=4 3 -3 -2 -1
right_child=1 2 -4 -5 -6
leaf_value=-0.020248440907257022 -0.0042832257516887511 -0.02661618946926508 0.0089736304076341068 0.011681327008422584 0.0028936437740939404
leaf_weight=4.4248485229909411 38.715518720448017 6.2325357310473919 6.5274992212653142 41.848729979246855 1.4228173792362211
leaf_count=64 200 34 37 215 15
internal_value=-7.45405e-05 0.00167291 -0.0110092 0.0042075 -0.0158793
internal_weight=99.1719 93.3243 12.76 80.5642 5.84767
internal_count=565 486 71 415 79
is_linear=0
shrinkage=0.05


Tree=104
num_leaves=7
num_cat=0
split_feature=0 13 1 3 12 12
split_gain=1.14958 1.48147 2.75259 1.221 1.20138 0.372838
threshold=0.78000000000000014 -0.22559841347762016 0.63020142444584759 -1.3632270176325554 0.94334112779794344 -0.54646604412280764
decision_type=2 10 2 2 2 2
left_child=1 3 -3 -1 5 -2
right_child=4 2 -4 -5 -6 -7
leaf_value=0.0075450033148418451 0.0012909577362875636 0.0075358036969242403 -0.012090902912665442 -0.018638503752965687 -0.0088557561946046963 0.023264831134587813
leaf_weight=2.8040407598018673 3.1119948700070372 49.57408132776618 21.595105312764645 14.223674755543469 2.114063248038291 5.6569298021495333
leaf_count=14 22 281 109 74 16 49
internal_value=-0.000137537 -0.00225027 0.00117765 -0.0135928 0.0123027 0.0187672
internal_weight=99.0799 88.1969 71.1692 17.0277 10.883 8.76892
internal_count=565 478 390 88 87 71
is_linear=0
shrinkage=0.05


Tree=105
num_leaves=7
num_cat=0
split_feature=0 6 2 0 2 6
split_gain=1.1657 1.95123 2.68512 2.64067 1.5921 4.57439
threshold=0.4200000000000001 6.6715137075919762 0.039978188706576052 0.24000000000000002 0.045672834893315591 6.4798451413059661
decision_type=2 2 2 2 2 2
left_child=1 2 -1 -3 -2 -6
right_child=4 3 -4 -5 5 -7
leaf_value=0.0070303341533313321 -0.0053780004765766835 -0.018167219234423659 -0.025789666468544331 0.015572208646405784 0.027921156458045951 -0.0041391857586931188
leaf_weight=6.742488935589793 24.376359507441521 3.857790011912587 13.452486362308262 12.665579840540884 14.402003861963747 23.539263352751732
leaf_count=39 130 56 80 54 79 127
internal_value=-0.000130226 -0.00669152 -0.0156114 0.0053045 0.00394564 0.00986457
internal_weight=99.036 36.7183 20.195 16.5234 62.3176 37.9413
internal_count=565 229 119 110 336 206
is_linear=0
shrinkage=0.05


Tree=106
num_leaves=7
num_cat=0
split_feature=4 11 2 8 8 13
split_gain=1.14165 1.78454 1.43937 3.35615 2.91696 0.889837
threshold=0.057008349584650363 -0.86601196713003525 0.048383594556649291 0.56927090024139881 0.60627252377463825 -0.18240789748588723
decision_type=2 2 2 2 2 10
left_child=2 -2 4 -4 -1 -3
right_child=1 5 3 -5 -6 -7
leaf_value=0.010031526691867354 0.013098035183659026 0.0022046678252901214 -0.012251487266379271 0.015295885847900615 -0.01434189354325213 -0.024692044162969953
leaf_weight=16.646472442895174 2.0275538116693488 3.0314295366406432 11.192230854183434 33.886320549994707 24.146938178688288 7.918540507555007
leaf_count=105 10 17 71 191 128 43
internal_value=-0.000131774 -0.0116385 0.00215189 0.007916 -0.00438655 -0.018889
internal_weight=98.8495 12.9775 85.872 45.0786 40.7934 10.95
internal_count=565 70 495 262 233 60
is_linear=0
shrinkage=0.05


Tree=107
num_leaves=7
num_cat=0
split_feature=0 4 6 1 11 9
split_gain=1.10865 2.95892 1.9357 1.86387 1.41274 1.58033
threshold=0.63000000000000012 0.018027756377319949 6.6936395799896138 1.5817228610015943 0.97385829756763775 -1.0851939602463188
decision_type=2 2 2 2 2 2
left_child=4 2 -2 -3 5 -1
right_child=1 3 -4 -5 -6 -7
leaf_value=-0.020203241959575246 0.0060193444436957497 0.027091123869314351 -0.027371778516379744 -0.0018362638191109866 0.013112578736457103 -0.0017859470663361113
leaf_weight=10.30270181968808 5.9070000201463717 11.224226601421835 3.5471675619482994 7.5664005652070037 6.4612779803574076 53.777427867054939
leaf_count=58 42 86 23 38 32 286
internal_value=-0.000151191 0.0074646 -0.0116436 0.0175051 -0.0034928 -0.00599503
internal_weight=98.7862 28.2448 9.45417 18.7906 70.5414 64.0801
internal_count=565 189 65 124 376 344
is_linear=0
shrinkage=0.05


Tree=108
num_leaves=6
num_cat=0
split_feature=4 5 12 4 3
split_gain=1.10915 1.64112 3.31678 2.35611 0.831701
threshold=0.0060355339059327212 -0.025000000000000005 0.45204432216884649 0.018027756377319949 -1.0000000180025095e-35
decision_type=2 2 2 2 2
left_child=4 2 -2 -3 -1
right_child=1 3 -4 -5 -6
leaf_value=-0.0033206423910414973 0.01594952197375905 -0.021632717202941618 -0.010123461127397225 -0.0001091538957855838 0.022780093220081097
leaf_weight=3.0189251489937305 23.845570512115955 14.381027970463036 16.695423979312181 37.114243283867836 3.5164873600006095
leaf_count=21 137 81 94 209 23
internal_value=-0.000154893 -0.00189023 0.00527964 -0.0075026 0.01451
internal_weight=98.5717 92.0363 40.541 51.4953 6.53541
internal_count=565 521 231 290 44
is_linear=0
shrinkage=0.05


Tree=109
num_leaves=6
num_cat=0
split_feature=0 3 2 8 3
split_gain=1.1142 1.46839 2.48228 2.41539 0.507652
threshold=0.20000000000000004 -0.7022963068247311 0.030161522693737369 0.57617246053428606 -0.84490421830306028
decision_type=2 2 2 2 2
left_child=4 3 -3 -2 -1
right_child=1 2 -4 -5 -6
leaf_value=-0.021460096361941787 0.026945737963414068 0.016652838405315038 -0.0074082972639347615 0.00018294573224791248 0.0015687853728407241
leaf_weight=3.2612848691642284 7.8461063206195822 8.3174006938934308 51.983462702482939 24.729513958096504 2.472204376012086
leaf_count=48 47 45 272 122 31
internal_value=-0.000138567 0.00154489 -0.00306853 0.00935678 -0.0154252
internal_weight=98.61 92.8765 60.3009 32.5756 5.73349
internal_count=565 486 317 169 79
is_linear=0
shrinkage=0.05


Tree=110
num_leaves=5
num_cat=0
split_feature=8 11 4 6
split_gain=1.10618 1.62528 2.22287 2.09271
threshold=0.7806675765155372 0.88090793345345098 0.0060355339059327212 7.0660569358944771
decision_type=2 2 2 2
left_child=1 2 -1 -3
right_child=-2 3 -4 -5
leaf_value=0.017000201173865175 0.016390451550002041 -0.0012162505636655581 -0.0077898684882520552 0.028694860201475516
leaf_weight=5.544144842773675 4.3110364824533454 15.170883946120741 69.352879639714956 4.1426971517503253
leaf_count=37 21 81 400 26
internal_value=-9.19509e-05 -0.00163421 -0.00500578 0.00978118
internal_weight=98.5216 94.2106 74.897 19.3136
internal_count=565 544 437 107
is_linear=0
shrinkage=0.05


Tree=111
num_leaves=7
num_cat=0
split_feature=5 6 13 5 6 13
split_gain=1.07615 2.32226 1.87905 1.63133 3.03592 2.47297
threshold=-0.17499999999999996 6.3385850247555888 -0.081673603769135988 -0.02 6.1262029503177482 -0.13531179499022608
decision_type=2 2 8 2 2 8
left_child=1 -1 -3 4 -2 -5
right_child=3 2 -4 5 -6 -7
leaf_value=0.014498848197792145 -0.010198328227714661 0.0055610574756863708 -0.031918721684765845 0.010796462515176242 0.018443271693527139 -0.010136787262258215
leaf_weight=2.4216208197176448 9.7321500480175001 2.9762979969382286 5.7683294527232629 16.540465448051691 24.170389957726002 36.859245616942644
leaf_count=13 50 15 40 106 140 201
internal_value=4.10461e-05 -0.0118611 -0.0217798 0.00212342 0.00996732 -0.00328353
internal_weight=98.4685 11.1662 8.74463 87.3023 33.9025 53.3997
internal_count=565 68 55 497 190 307
is_linear=0
shrinkage=0.05


Tree=112
num_leaves=7
num_cat=0
split_feature=0 6 2 0 11 11
split_gain=1.11649 1.73113 2.55371 2.45014 1.51032 1.93779
threshold=0.4200000000000001 6.6715137075919762 0.039978188706576052 0.24000000000000002 -0.90627385037019703 0.79863550160013019
decision_type=2 2 2 2 2 2
left_child=1 2 -1 -3 -2 -6
right_child=4 3 -4 -5 5 -7
leaf_value=0.007082373963043659 0.02141251231783221 -0.017773908275607358 -0.024901291624684921 0.014821568857564436 -0.00505098552535449 0.013431267497949442
leaf_weight=6.7319230176508453 5.5266288667917243 3.7729999795556095 13.247360769659279 12.626886442303656 40.926968593150377 15.532109480351208
leaf_count=39 34 56 80 54 215 87
internal_value=3.12679e-05 -0.00642752 -0.014864 0.00492188 0.00401873 0.000712601
internal_weight=98.3649 36.3792 19.9793 16.3999 61.9857 56.4591
internal_count=565 229 119 110 336 302
is_linear=0
shrinkage=0.05


Tree=113
num_leaves=5
num_cat=0
split_feature=7 7 5 4
split_gain=1.14037 3.76219 2.8307 0.990434
threshold=0.90179315718640263 0.85298732842358238 -0.19499999999999995 0.023962590195373248
decision_type=2 2 2 2
left_child=1 2 -1 -2
right_child=3 -3 -4 -5
leaf_value=-0.023348062746875009 0.002416938687973547 0.031046274831508909 0.0021704197146861907 -0.02287841302508517
leaf_weight=7.5654905363917342 5.1542021259665471 5.011588253080844 76.115757793188095 4.3010048940777779
leaf_count=50 28 27 440 20
internal_value=5.08759e-05 0.00206524 -0.00132299 -0.013023
internal_weight=98.148 88.6928 83.6812 9.45521
internal_count=565 517 490 48
is_linear=0
shrinkage=0.05


Tree=114
num_leaves=5
num_cat=0
split_feature=7 7 0 4
split_gain=1.08455 3.6098 1.88772 0.944078
threshold=0.90179315718640263 0.85534425512885537 0.35000000000000003 0.023962590195373248
decision_type=2 2 2 2
left_child=1 2 -1 -2
right_child=3 -3 -4 -5
leaf_value=-0.012421394669449777 0.0023560258176720935 0.032040229663045323 0.0033182564210664915 -0.022344051849102282
leaf_weight=21.499693471938372 5.1524046882987005 4.0359479635953894 63.082163825631142 4.3031873553991318
leaf_count=160 28 21 336 20
internal_value=2.24423e-05 0.00198963 -0.00115257 -0.0127253
internal_weight=98.0734 88.6178 84.5819 9.45559
internal_count=565 517 496 48
is_linear=0
shrinkage=0.05


Tree=115
num_leaves=7
num_cat=0
split_feature=0 13 1 12 1 6
split_gain=1.05118 1.45533 2.56074 1.15494 1.03546 0.354425
threshold=0.78000000000000014 -0.22559841347762016 1.2500316607554594 0.94334112779794344 0.56692005053576711 6.9223137775257397
decision_type=2 10 2 2 2 2
left_child=1 4 -3 5 -1 -2
right_child=3 2 -4 -5 -6 -7
leaf_value=-0.019318934342026462 0.022671831385435146 0.0059641249271394003 -0.015858652353279639 -0.0087248175051275519 0.0036350013433504823 0.0011098499108831042
leaf_weight=11.935728922486307 5.6556355506181699 58.169724486768246 12.107834756374357 2.1101786047220221 4.9708016961812964 2.9760148301720619
leaf_count=62 50 331 59 16 26 21
internal_value=2.82583e-05 -0.00201218 0.00140075 0.0119681 -0.0132808 0.0183716
internal_weight=97.9259 87.1841 70.2776 10.7418 16.9065 8.63165
internal_count=565 478 390 87 88 71
is_linear=0
shrinkage=0.05


Tree=116
num_leaves=4
num_cat=0
split_feature=12 12 12
split_gain=1.03151 1.93322 2.23291
threshold=-0.99141341200047683 -0.93961922861114688 -0.49064913936397658
decision_type=2 2 2
left_child=-1 -2 -3
right_child=1 2 -4
leaf_value=-0.016230937883807358 0.020177316287188565 -0.015434405830596376 0.0029837744237067509
leaf_weight=3.9726981930434695 7.136444851756095 16.053279154002666 70.698880773037672
leaf_count=24 40 93 408
internal_value=1.64405e-06 0.00147443 -0.00107983
internal_weight=97.8613 93.8886 86.7522
internal_count=565 541 501
is_linear=0
shrinkage=0.05


Tree=117
num_leaves=6
num_cat=0
split_feature=0 3 8 0 3
split_gain=1.01312 1.36325 1.98595 1.7009 0.509802
threshold=0.20000000000000004 -1.4519708398002458 0.57889824234068132 0.27000000000000007 -0.84490421830306028
decision_type=2 2 2 2 2
left_child=4 2 -2 -3 -1
right_child=1 3 -4 -5 -6
leaf_value=-0.020860758789038682 0.030042940137937565 -0.022386010520479383 -0.0030879295573485004 0.0012131544042629707 0.0018958182449660924
leaf_weight=3.1307858303189278 4.3150333091616613 3.426349449902772 7.175664659589529 77.373500742018223 2.4299221374094477
leaf_count=48 24 25 36 401 31
internal_value=-1.92099e-05 0.00157829 0.0146903 -0.00103381 -0.0147271
internal_weight=97.8513 92.2905 11.4907 80.7999 5.56071
internal_count=565 486 60 426 79
is_linear=0
shrinkage=0.05


Tree=118
num_leaves=5
num_cat=0
split_feature=2 8 7 7
split_gain=1.01555 1.53874 1.93017 0.824755
threshold=0.016663331665265246 0.47919596567757738 0.90179315718640263 0.11809684887634127
decision_type=2 2 2 2
left_child=-1 3 -3 -2
right_child=1 2 -4 -5
leaf_value=0.016811446916567895 -0.025282378776703973 0.0037336985645891187 -0.016523015978765786 0.0013808136767466416
leaf_weight=3.2479966804385176 4.4271453246474257 77.870671633630991 8.7173107117414457 3.4778498336672783
leaf_count=22 26 449 44 24
internal_value=-5.07179e-05 -0.00144605 0.000903642 -0.0175618
internal_weight=97.741 94.493 86.588 7.905
internal_count=565 543 493 50
is_linear=0
shrinkage=0.05


Tree=119
num_leaves=6
num_cat=0
split_feature=0 7 8 2 0
split_gain=1.00914 1.47517 3.28861 2.9268 0.470156
threshold=0.8600000000000001 0.11809684887634127 0.58535856317988688 0.080620196263365737 0.91000000000000014
decision_type=2 2 2 2 2
left_child=1 3 -3 -1 -2
right_child=4 2 -4 -5 -6
leaf_value=0.00064823730265928768 -0.00086824029023968271 0.021852627221080792 -0.0042794045142098896 -0.024736751409897298 0.021342530365642751
leaf_weight=34.402161590754986 2.9408448785543433 12.842348191887138 33.279650639742613 11.771083533763884 2.5067488476634026
leaf_count=190 23 86 182 64 20
internal_value=-9.64899e-05 -0.0016777 0.00442252 -0.00760789 0.014675
internal_weight=97.7428 92.2952 46.122 46.1732 5.44759
internal_count=565 522 268 254 43
is_linear=0
shrinkage=0.05


Tree=120
num_leaves=5
num_cat=0
split_feature=8 12 9 9
split_gain=1.00712 1.52869 5.32411 2.76108
threshold=0.7806675765155372 -0.49064913936397658 0.77188329126401867 0.41075529895244894
decision_type=2 2 2 2
left_child=1 2 -1 -3
right_child=-2 3 -4 -5
leaf_value=-0.024259999258997536 0.015676298280800114 0.010535800799139136 0.016452524269818965 -0.0085781468228158155
leaf_weight=17.672916259616617 4.295435018837451 39.274294696748257 8.1759466081857664 28.203985951840878
leaf_count=101 21 226 50 167
internal_value=-5.76175e-05 -0.00154211 -0.0108032 0.00250608
internal_weight=97.6226 93.3271 25.8489 67.4783
internal_count=565 544 151 393
is_linear=0
shrinkage=0.05


Tree=121
num_leaves=7
num_cat=0
split_feature=4 2 8 8 5 8
split_gain=0.981575 1.43952 3.16625 2.52877 1.34751 0.580472
threshold=0.057008349584650363 0.048383594556649291 0.56927090024139881 0.60627252377463825 0.095000000000000043 0.57617246053428606
decision_type=2 2 2 2 2 2
left_child=1 3 -3 -1 5 -2
right_child=4 2 -4 -5 -6 -7
leaf_value=0.0091024513435374686 0.00082144272176326756 -0.011852847617420595 0.015077812011779074 -0.013738199077595948 0.0066104706942656608 -0.024654500235736426
leaf_weight=16.375893205404282 2.4355110824108106 11.003279045224188 33.500998191535473 23.9191391505301 4.7162136435508719 5.6118732281029224
leaf_count=105 15 71 191 128 22 33
internal_value=-3.11157e-05 0.0020947 0.0078948 -0.00447563 -0.0107689 -0.0195842
internal_weight=97.5629 84.7993 44.5043 40.295 12.7636 8.04738
internal_count=565 495 262 233 70 48
is_linear=0
shrinkage=0.05


Tree=122
num_leaves=6
num_cat=0
split_feature=0 3 13 2 8
split_gain=0.976984 1.3456 2.24852 2.19723 0.486091
threshold=0.20000000000000004 -0.7022963068247311 -0.20890480960064636 0.030161522693737369 0.67752420332806684
decision_type=2 2 10 2 2
left_child=4 2 -2 -3 -1
right_child=1 3 -4 -5 -6
leaf_value=-0.01915690429569893 -0.010034387386040088 0.015704323289679668 0.01582076156631753 -0.0070299017739628711 0.003536546001093932
leaf_weight=4.1588990949094287 7.8628278858959666 8.2052776813507062 24.361718256026506 51.554510772228241 1.3564936034381387
leaf_count=64 44 45 125 272 15
internal_value=-7.52654e-05 0.00149778 0.00901164 -0.0029369 -0.0145478
internal_weight=97.4997 91.9843 32.2245 59.7598 5.51539
internal_count=565 486 169 317 79
is_linear=0
shrinkage=0.05


Tree=123
num_leaves=7
num_cat=0
split_feature=0 11 9 5 12 5
split_gain=1.00096 2.1159 2.0243 1.49074 2.58173 1.65347
threshold=0.65000000000000013 0.83745828699051017 0.74749478716805184 -0.02 0.67567170462366599 -0.17499999999999996
decision_type=2 2 2 2 2 2
left_child=3 2 -2 5 -5 -1
right_child=1 -3 -4 4 -6 -7
leaf_value=-0.010591212704612184 -0.011953178827501583 0.026498909335254939 0.015684580839481783 -0.018438013145512647 0.0082525218673129876 0.0088905504336169363
leaf_weight=10.896930947899817 12.398777849972253 5.02096202969551 5.740722317248582 22.545728102326393 9.9933991059660894 30.862998548895121
leaf_count=68 83 39 45 111 47 172
internal_value=-7.46005e-05 0.00802677 -0.00170734 -0.00294683 -0.0102335 0.00321801
internal_weight=97.4595 23.1605 18.1395 74.2991 32.5391 41.7599
internal_count=565 167 128 398 158 240
is_linear=0
shrinkage=0.05


Tree=124
num_leaves=6
num_cat=0
split_feature=0 7 8 2 0
split_gain=0.966727 1.42402 3.00802 2.68067 0.444482
threshold=0.8600000000000001 0.11809684887634127 0.58535856317988688 0.080620196263365737 0.91000000000000014
decision_type=2 2 2 2 2
left_child=1 3 -3 -1 -2
right_child=4 2 -4 -5 -6
leaf_value=0.00050991255159272457 -0.00076101240948596492 0.021136946216851266 -0.0039253207817934446 -0.023838842358337629 0.020983949172598135
leaf_weight=34.316571936011314 2.9395249597728244 12.747159235179423 33.167879074811935 11.709821309894322 2.4536398649215698
leaf_count=190 23 86 182 64 20
internal_value=-2.57047e-05 -0.00157822 0.00442501 -0.00741371 0.0144677
internal_weight=97.3346 91.9414 45.915 46.0264 5.39316
internal_count=565 522 268 254 43
is_linear=0
shrinkage=0.05


Tree=125
num_leaves=6
num_cat=0
split_feature=0 3 11 0 3
split_gain=0.954222 1.21312 1.88245 1.6643 0.486941
threshold=0.20000000000000004 -1.4519708398002458 -0.3133364612736409 0.27000000000000007 -0.84490421830306028
decision_type=2 2 2 2 2
left_child=4 2 -2 -3 -1
right_child=1 3 -4 -5 -6
leaf_value=-0.020394872301406228 -0.0092097185757256447 -0.022081817813692572 0.023477488678718957 0.0013081180236654904 0.0018625079311579999
leaf_weight=3.0330758951604366 3.3797457963228217 3.3922906070947638 8.0487681031227094 76.929176542907953 2.4318788945674887
leaf_count=48 18 25 42 401 31
internal_value=1.01901e-05 0.00156107 0.01395 -0.000915877 -0.0143328
internal_weight=97.2149 91.75 11.4285 80.3215 5.46495
internal_count=565 486 60 426 79
is_linear=0
shrinkage=0.05


Tree=126
num_leaves=5
num_cat=0
split_feature=8 8 12 7
split_gain=0.956086 1.44415 2.23504 1.11343
threshold=0.7806675765155372 0.7193009230531997 -0.49064913936397658 -0.20553370745615115
decision_type=2 2 2 2
left_child=1 2 -1 -3
right_child=-2 3 -4 -5
leaf_value=-0.010761356969343499 0.015285554631807072 0.004101061390843653 0.006205362498163996 -0.022762066004203829
leaf_weight=22.907013099640608 4.28316756337881 3.6884178221225739 58.97078512981534 7.2788395993411523
leaf_count=135 21 20 352 37
internal_value=-5.20628e-05 -0.00150458 0.00111242 -0.0152725
internal_weight=97.1282 92.8451 81.8778 10.9673
internal_count=565 544 487 57
is_linear=0
shrinkage=0.05


Tree=127
num_leaves=7
num_cat=0
split_feature=0 11 4 5 12 6
split_gain=0.945676 1.98314 1.94507 1.41612 2.37018 1.946
threshold=0.65000000000000013 0.83745828699051017 0.018027756377319949 -0.02 0.67567170462366599 6.6646660328772054
decision_type=2 2 2 2 2 2
left_child=3 2 -2 5 -5 -1
right_child=1 -3 -4 4 -6 -7
leaf_value=-0.0059435026429787456 -0.018123471076793862 0.025850485199930374 0.0090071458488247252 -0.01785210684868458 0.0077696278413922695 0.013657256762140449
leaf_weight=23.498166467994452 5.6802572384476724 4.9016594961285582 12.415885280817745 22.439215671271086 9.9914652779698354 18.170283406972885
leaf_count=126 42 39 86 111 47 114
internal_value=-6.89476e-05 0.00783157 -0.00158883 -0.00286104 -0.00997496 0.00315124
internal_weight=97.0969 22.9978 18.0961 74.0991 32.4307 41.6684
internal_count=565 167 128 398 158 240
is_linear=0
shrinkage=0.05


Tree=128
num_leaves=6
num_cat=0
split_feature=7 7 5 9 7
split_gain=0.938597 2.58059 2.01493 2.35762 1.42379
threshold=-0.7904626112456663 -0.71267869819885188 -1.0000000180025095e-35 -1.1876980399575803 0.11809684887634127
decision_type=2 2 2 2 2
left_child=2 -2 3 -1 -3
right_child=1 4 -4 -5 -6
leaf_value=-0.013419644648291399 0.027666431054589276 -0.0084083669962581806 -0.023198921506967871 0.023125143606982004 0.0045785079391837532
leaf_weight=4.2066047340631476 3.9423202164471141 30.200299177318811 6.9752349443733683 3.8751504421234122 47.777461037039757
leaf_count=26 24 169 38 23 285
internal_value=-2.99645e-05 0.0022212 -0.00977828 0.00624456 -0.000654814
internal_weight=96.9771 81.9201 15.057 8.08176 77.9778
internal_count=565 478 87 49 454
is_linear=0
shrinkage=0.05


Tree=129
num_leaves=6
num_cat=0
split_feature=0 3 13 2 8
split_gain=0.938602 1.14369 2.05847 2.01791 0.486913
threshold=0.20000000000000004 -0.7022963068247311 -0.20890480960064636 0.030161522693737369 0.67752420332806684
decision_type=2 2 10 2 2
left_child=4 2 -2 -3 -1
right_child=1 3 -4 -5 -6
leaf_value=-0.018899705374413177 -0.0097416404772281053 0.015326432557876572 0.014999500365810362 -0.0065217951798853153 0.0036642723890518598
leaf_weight=4.0995893292129031 7.8333976045250884 8.1118592545390111 24.283766169101 51.24112157151103 1.3438134193420408
leaf_count=64 44 45 125 272 15
internal_value=-3.39141e-06 0.00153818 0.00846572 -0.00257696 -0.0142419
internal_weight=96.9135 91.4701 32.1172 59.353 5.4434
internal_count=565 486 169 317 79
is_linear=0
shrinkage=0.05


Tree=130
num_leaves=7
num_cat=0
split_feature=0 5 12 12 12 6
split_gain=0.934792 1.10751 1.97427 1.88653 1.09286 0.350187
threshold=0.78000000000000014 -0.02 -0.35231732450009018 0.67567170462366599 0.94334112779794344 6.9223137775257397
decision_type=2 2 2 2 2 2
left_child=1 3 -3 -1 5 -2
right_child=4 2 -4 -5 -6 -7
leaf_value=0.010079177928486551 0.021984146001124683 -0.020229673065710285 0.00067206368713340528 -0.0095280877326135577 -0.008632650120290436 0.00085877598420895781
leaf_weight=29.939690552651882 5.4855589456856233 13.206692472100256 28.962337620556355 14.238724913448094 2.1051703765988341 2.9310880824923515
leaf_count=172 50 73 150 83 16 21
internal_value=-6.33014e-06 -0.00193367 -0.00732452 0.00343352 0.0113383 0.017689
internal_weight=96.8693 86.3474 42.169 44.1784 10.5218 8.41665
internal_count=565 478 223 255 87 71
is_linear=0
shrinkage=0.05


Tree=131
num_leaves=7
num_cat=0
split_feature=0 6 2 3 2 6
split_gain=0.939611 1.66593 2.43096 2.34919 1.5725 4.09787
threshold=0.4200000000000001 6.6715137075919762 0.039978188706576052 -0.99999999999999889 0.045672834893315591 6.4798451413059661
decision_type=2 2 2 2 2 2
left_child=1 2 -1 -3 -2 -6
right_child=4 3 -4 -5 5 -7
leaf_value=0.0070502324896159034 -0.0056634169664954532 -0.01418115191640975 -0.024220982061291484 0.016648813349902092 0.026809852827953614 -0.0038079557103296775
leaf_weight=6.6906088702380684 23.806451205164194 5.5640939027071026 12.992128934711216 10.563673585653303 14.108342949301003 23.068565048277378
leaf_count=39 130 47 80 63 79 127
internal_value=-1.76315e-05 -0.00598032 -0.0143163 0.00517356 0.00367161 0.00961208
internal_weight=96.7939 35.8105 19.6827 16.1278 60.9834 37.1769
internal_count=565 229 119 110 336 206
is_linear=0
shrinkage=0.05


Tree=132
num_leaves=6
num_cat=0
split_feature=4 6 8 5 1
split_gain=0.915353 1.34969 2.1592 1.28821 0.431397
threshold=0.057008349584650363 5.5263571471572561 0.48491063828157616 0.095000000000000043 -1.9175928310059371
decision_type=2 2 2 2 2
left_child=1 -1 -3 4 -2
right_child=3 2 -4 -5 -6
leaf_value=-0.01425113085502173 -0.00099453128466518259 -0.015952800321722336 0.007074228827323688 0.0065524491149782111 -0.024230001677901486
leaf_weight=6.3805869668722144 3.0626378916203976 6.968474678695201 70.709571447223425 4.6770035028457642 4.8623193465173227
leaf_count=36 20 50 409 22 28
internal_value=-1.08653e-05 0.00204887 0.00416865 -0.0104292 -0.019109
internal_weight=96.6606 84.0586 77.678 12.602 7.92496
internal_count=565 495 459 70 48
is_linear=0
shrinkage=0.05


Tree=133
num_leaves=5
num_cat=0
split_feature=2 2 2 12
split_gain=0.918884 1.42992 2.49274 1.9954
threshold=0.016663331665265246 0.048383594556649291 0.058342259324347868 0.81912188451205692
decision_type=2 2 2 2
left_child=-1 3 -3 -2
right_child=1 2 -4 -5
leaf_value=0.016032352514394284 -0.014432435011894763 0.017220245773829763 -0.0035589100313652457 0.0086945648970105389
leaf_weight=3.1447016410529605 28.306415785104036 16.692923340946436 39.344260189682245 9.1306592598557454
leaf_count=22 164 90 237 52
internal_value=-0.000113303 -0.00144294 0.00353457 -0.00843208
internal_weight=96.619 93.4743 56.0372 37.4371
internal_count=565 543 327 216
is_linear=0
shrinkage=0.05


Tree=134
num_leaves=5
num_cat=0
split_feature=0 6 6 0
split_gain=0.917918 1.32802 2.52008 0.427469
threshold=0.8600000000000001 7.3468177462504745 7.0660569358944771 0.91000000000000014
decision_type=2 2 2 2
left_child=1 2 -1 -2
right_child=3 -3 -4 -5
leaf_value=-0.0031072760942538191 -0.00077384019627997202 -0.019639773342250266 0.019317156354695966 0.020556355601796042
leaf_weight=77.283879995346069 2.931349914520978 4.1942793242633334 9.7805878818035108 2.3904194310307503
leaf_count=431 23 31 60 20
internal_value=-4.87384e-05 -0.00156592 0.000324123 0.0141238
internal_weight=96.5805 91.2587 87.0645 5.32177
internal_count=565 522 491 43
is_linear=0
shrinkage=0.05


Tree=135
num_leaves=5
num_cat=0
split_feature=7 7 5 1
split_gain=0.908534 3.40655 2.38002 0.802382
threshold=0.90179315718640263 0.85534425512885537 -0.19499999999999995 -0.19379933892086185
decision_type=2 2 2 2
left_child=1 2 -1 -2
right_child=3 -3 -4 -5
leaf_value=-0.021719398106952944 -0.021092302308958599 0.031048340080287812 0.0019116777427498233 0.0018097587935677218
leaf_weight=7.2889226265251628 3.8554797247052193 4.0010125115513793 75.91963754594326 5.4607275649905187
leaf_count=50 19 21 446 29
internal_value=-5.91275e-06 0.00181381 -0.00127216 -0.0117245
internal_weight=96.5258 87.2096 83.2086 9.31621
internal_count=565 517 496 48
is_linear=0
shrinkage=0.05


Tree=136
num_leaves=6
num_cat=0
split_feature=7 7 5 9 7
split_gain=0.895614 2.4032 1.90075 2.2075 1.27615
threshold=-0.7904626112456663 -0.71267869819885188 -1.0000000180025095e-35 -1.1876980399575803 0.11809684887634127
decision_type=2 2 2 2 2
left_child=2 -2 3 -1 -3
right_child=1 4 -4 -5 -6
leaf_value=-0.013031868414494116 0.026739511871377221 -0.0079646706632991657 -0.022622508153740083 0.022367408371975959 0.0043587143560284633
leaf_weight=4.175185799598693 3.9341850169003001 30.057204023003578 6.9281553253531447 3.8669955171644679 47.492841891944408
leaf_count=26 24 169 38 23 285
internal_value=-2.56758e-05 0.00217933 -0.00956834 0.00603901 -0.000610754
internal_weight=96.4546 81.4842 14.9703 8.04218 77.55
internal_count=565 478 87 49 454
is_linear=0
shrinkage=0.05


Tree=137
num_leaves=5
num_cat=0
split_feature=7 7 7 1
split_gain=0.893233 3.23242 1.71693 0.760424
threshold=0.90179315718640263 0.85534425512885537 0.77539271521881636 -0.19379933892086185
decision_type=2 2 2 2
left_child=1 2 -1 -2
right_child=3 -3 -4 -5
leaf_value=0.0014980637778409861 -0.020731709436214028 0.030299728492962724 -0.018646453059159376 0.001649580063942371
leaf_weight=75.89971935749054 3.8539384007453918 3.9899448826909056 7.1908105313777915 5.4559369906783086
leaf_count=457 19 21 39 29
internal_value=-3.83874e-07 0.00180571 -0.0012047 -0.011622
internal_weight=96.3904 87.0805 83.0905 9.30988
internal_count=565 517 496 48
is_linear=0
shrinkage=0.05


Tree=138
num_leaves=7
num_cat=0
split_feature=0 4 6 1 11 9
split_gain=0.899398 2.83648 1.69366 1.64635 1.1448 1.3818
threshold=0.63000000000000012 0.018027756377319949 6.6936395799896138 1.5817228610015943 0.97385829756763775 -1.0851939602463188
decision_type=2 2 2 2 2 2
left_child=4 2 -2 -3 5 -1
right_child=1 3 -4 -5 -6 -7
leaf_value=-0.018805933136089272 0.0052856969620450091 0.026064533411846048 -0.026359793981038656 -0.0015407926916184778 0.011911062729671306 -0.0014087332330329765
leaf_weight=9.9241327941417676 5.6945778802037257 10.812258910387756 3.5306576266884804 7.3974206671118727 6.3895355015993109 52.644305519759655
leaf_count=58 42 86 23 38 32 286
internal_value=-1.4863e-05 0.0069277 -0.0118338 0.0169342 -0.00305858 -0.00535557
internal_weight=96.3929 27.4349 9.22524 18.2097 68.958 62.5684
internal_count=565 189 65 124 376 344
is_linear=0
shrinkage=0.05


Tree=139
num_leaves=5
num_cat=0
split_feature=0 6 6 11
split_gain=0.895464 1.25187 2.3211 0.145076
threshold=0.8600000000000001 7.3468177462504745 7.0660569358944771 0.31326740051736562
decision_type=2 2 2 2
left_child=1 2 -1 -2
right_child=3 -3 -4 -5
leaf_value=-0.0029866071109654582 0.0011361511006345915 -0.019114173317910904 0.01857587828422036 0.017488957297652503
leaf_weight=77.030841875821352 2.5444962456822386 4.154643151909112 9.7215992026031 2.7415519990026951
leaf_count=431 21 31 60 22
internal_value=-2.5173e-05 -0.00152763 0.000310321 0.013996
internal_weight=96.1931 90.9071 86.7524 5.28605
internal_count=565 522 491 43
is_linear=0
shrinkage=0.05


Tree=140
num_leaves=5
num_cat=0
split_feature=7 7 5 1
split_gain=0.875673 3.08848 2.23496 0.719076
threshold=0.90179315718640263 0.85534425512885537 -0.19499999999999995 -0.19379933892086185
decision_type=2 2 2 2
left_child=1 2 -1 -2
right_child=3 -3 -4 -5
leaf_value=-0.021029278769349194 -0.020358839145690311 0.029668735756037037 0.0019350654484213412 0.0015011735212441869
leaf_weight=7.2127921544015399 3.8411369472742081 3.980077661573886 75.661130256950855 5.4424647241830808
leaf_count=50 19 21 446 29
internal_value=1.3512e-05 0.0018038 -0.00114643 -0.0115041
internal_weight=96.1376 86.854 82.8739 9.2836
internal_count=565 517 496 48
is_linear=0
shrinkage=0.05


Tree=141
num_leaves=5
num_cat=0
split_feature=2 8 7 7
split_gain=0.865829 1.35858 1.64852 0.68793
threshold=0.016663331665265246 0.47919596567757738 0.90179315718640263 0.11809684887634127
decision_type=2 2 2 2
left_child=-1 3 -3 -2
right_child=1 2 -4 -5
leaf_value=0.015685916572307442 -0.023572114390549542 0.0035612754436858962 -0.015260287470682816 0.0010893905779358936
leaf_weight=3.1164104565978041 4.3532551527023307 76.564399063587189 8.5847297534346563 3.4466305635869503
leaf_count=22 26 449 44 24
internal_value=-7.86197e-06 -0.0013079 0.000922543 -0.016506
internal_weight=96.0654 92.949 85.1491 7.79989
internal_count=565 543 493 50
is_linear=0
shrinkage=0.05


Tree=142
num_leaves=6
num_cat=0
split_feature=4 11 6 8 13
split_gain=0.846499 1.69295 1.22806 1.98601 0.810993
threshold=0.057008349584650363 -0.86601196713003525 5.5263571471572561 0.48491063828157616 -0.18240789748588723
decision_type=2 2 2 2 10
left_child=2 -2 -1 -4 -3
right_child=1 4 3 -5 -6
leaf_value=-0.013650742149905085 0.013521450678764098 0.0025206419399362505 -0.015345931420788606 0.0067627839170130224 -0.023078052838741675
leaf_weight=6.3234011679887763 1.9848090857267369 2.8994056843221179 6.9444326423108569 70.297932356595993 7.6130325086414805
leaf_count=36 10 17 50 409 43
internal_value=-5.31899e-05 -0.0101003 0.00193475 0.00396298 -0.017481
internal_weight=96.063 12.4972 83.5658 77.2424 10.5124
internal_count=565 70 495 459 60
is_linear=0
shrinkage=0.05


Tree=143
num_leaves=5
num_cat=0
split_feature=0 6 6 11
split_gain=0.863932 1.19008 2.18808 0.150591
threshold=0.8600000000000001 7.3468177462504745 7.0660569358944771 0.31326740051736562
decision_type=2 2 2 2
left_child=1 2 -1 -2
right_child=3 -3 -4 -5
leaf_value=-0.0029904068015978234 0.0009726012432012247 -0.018766058139696472 0.017971399231638648 0.017225955007792594
leaf_weight=76.960518416017294 2.5258179344236842 4.12766334041953 9.6796135231852514 2.7094563767313957
leaf_count=431 21 31 60 22
internal_value=-0.000123263 -0.00159315 0.000204254 0.0136901
internal_weight=96.0031 90.7678 86.6401 5.23527
internal_count=565 522 491 43
is_linear=0
shrinkage=0.05


Tree=144
num_leaves=6
num_cat=0
split_feature=0 3 8 4 8
split_gain=0.848199 1.16666 1.82999 1.45279 0.485473
threshold=0.20000000000000004 -1.4262067442966011 0.57889824234068132 0.0060355339059327212 0.67752420332806684
decision_type=2 2 2 2 2
left_child=4 2 -2 -3 -1
right_child=1 3 -4 -5 -6
leaf_value=-0.018433317310536598 0.02828149615074357 0.017143732938409238 -0.0031334411949094365 -0.0032821172912151442 0.0038712176459689534
leaf_weight=3.9910145029425612 4.3200505599379522 4.7995940372347823 7.4701389819383621 74.04943036660552 1.3180853910744188
leaf_count=64 25 30 38 393 15
internal_value=-8.13574e-05 0.0013913 0.0133715 -0.00109063 -0.013704
internal_weight=95.9483 90.6392 11.7902 78.849 5.3091
internal_count=565 486 63 423 79
is_linear=0
shrinkage=0.05


Tree=145
num_leaves=5
num_cat=0
split_feature=8 8 12 7
split_gain=0.84798 1.31551 1.87147 1.08481
threshold=0.7806675765155372 0.7193009230531997 -0.49064913936397658 -0.20553370745615115
decision_type=2 2 2 2
left_child=1 2 -1 -3
right_child=-2 3 -4 -5
leaf_value=-0.0098003317531253336 0.014469248971148881 0.0043528878018495977 0.0058114199231472955 -0.022012849416396932
leaf_weight=22.6339913867414 4.2231710925698271 3.6486058682203293 58.13205411657691 7.2137273214757425
leaf_count=135 21 20 352 37
internal_value=-1.68126e-05 -0.00139864 0.00112008 -0.0145762
internal_weight=95.8515 91.6284 80.766 10.8623
internal_count=565 544 487 57
is_linear=0
shrinkage=0.05


Tree=146
num_leaves=5
num_cat=0
split_feature=2 2 2 12
split_gain=0.833675 1.28733 2.20311 1.7904
threshold=0.016663331665265246 0.048383594556649291 0.058342259324347868 0.81912188451205692
decision_type=2 2 2 2
left_child=-1 3 -3 -2
right_child=1 2 -4 -5
leaf_value=0.015395108818185163 -0.013662086017439332 0.016301304948091542 -0.0032911620467989001 0.0082975173316232071
leaf_weight=3.0877178683876982 28.113131184130907 16.61919255182147 38.93968028575182 9.0600691400468332
leaf_count=22 164 90 237 52
internal_value=-3.3833e-05 -0.00130891 0.00343151 -0.00796076
internal_weight=95.8198 92.7321 55.5589 37.1732
internal_count=565 543 327 216
is_linear=0
shrinkage=0.05


Tree=147
num_leaves=7
num_cat=0
split_feature=12 2 5 8 8 5
split_gain=0.851046 2.36071 2.22562 3.15583 2.78247 1.30786
threshold=0.92384551684739458 0.032681057079307886 0.090000000000000066 0.56131439033446273 0.62905843613051882 -0.089999999999999997
decision_type=2 2 2 2 2 2
left_child=2 -2 4 -4 -1 -3
right_child=1 5 3 -5 -6 -7
leaf_value=0.0073396484824193855 0.015303611030378771 0.004161274281989708 -0.010462303582122977 0.024517425779824329 -0.012653516179166165 -0.025919029093327158
leaf_weight=29.789450641721487 3.0815977267920962 3.2863603979349127 6.1123322919011143 15.100122008472679 30.220655124634504 8.1895820125937444
leaf_count=185 19 19 37 94 165 46
internal_value=2.49866e-05 -0.00939288 0.00215976 0.014365 -0.00292759 -0.0186563
internal_weight=95.7801 14.5575 81.2226 21.2125 60.0101 11.4759
internal_count=565 84 481 131 350 65
is_linear=0
shrinkage=0.05


Tree=148
num_leaves=6
num_cat=0
split_feature=7 7 5 9 7
split_gain=0.827237 2.24404 1.86864 2.02898 1.23055
threshold=-0.7904626112456663 -0.71267869819885188 -1.0000000180025095e-35 -1.1876980399575803 -0.62078455800741883
decision_type=2 2 2 2 2
left_child=2 -2 3 -1 -3
right_child=1 4 -4 -5 -6
leaf_value=-0.012302373603185672 0.025920430308856185 -0.018711434252266342 -0.022204730809568876 0.021768945995452135 0.0014178469193730635
leaf_weight=4.1026990003883839 3.9039881266653529 3.4088237136602393 6.837062042206524 3.8636654503643513 73.592227913439274
leaf_count=26 24 18 38 23 436
internal_value=2.99367e-05 0.00215221 -0.00918381 0.00624445 -0.000559864
internal_weight=95.7085 80.905 14.8034 7.96636 77.0011
internal_count=565 478 87 49 454
is_linear=0
shrinkage=0.05


Tree=149
num_leaves=6
num_cat=0
split_feature=0 3 8 8 8
split_gain=0.827807 1.11434 1.68859 1.46129 0.489055
threshold=0.20000000000000004 -1.4262067442966011 0.57889824234068132 0.47919596567757738 0.67752420332806684
decision_type=2 2 2 2 2
left_child=4 2 -2 -3 -1
right_child=1 3 -4 -5 -6
leaf_value=-0.018262634918074703 0.0275297417119807 -0.016950472544921227 -0.0027907641538239721 0.0016608756339450388 0.0039974322319398367
leaf_weight=3.9520324990153304 4.2863016203045827 7.2529335170984259 7.4589780271053314 71.405290525406599 1.3066243939101694
leaf_count=64 25 41 38 382 15
internal_value=1.79679e-05 0.00146835 0.0131905 -0.000965755 -0.0134791
internal_weight=95.6622 90.4035 11.7453 78.6582 5.25866
internal_count=565 486 63 423 79
is_linear=0
shrinkage=0.05


Tree=150
num_leaves=6
num_cat=0
split_feature=0 7 8 13 11
split_gain=0.830096 1.13441 2.6525 2.55146 0.189794
threshold=0.8600000000000001 0.11809684887634127 0.58535856317988688 -0.0073688483923132634 0.28809181139752899
decision_type=2 2 2 10 2
left_child=1 3 -3 -1 -2
right_child=4 2 -4 -5 -6
leaf_value=-0.023044424513926812 0.00044378821830258638 0.019801231822401774 -0.0039062796867169831 0.00093661310400089599 0.017390569056362465
leaf_weight=11.182920299470423 2.4396794550120822 12.451079335063694 32.660933285951614 34.096241440623999 2.7670315504074097
leaf_count=63 20 86 182 191 23
internal_value=5.02432e-06 -0.0014453 0.0039599 -0.00668882 0.0135572
internal_weight=95.5979 90.3912 45.112 45.2792 5.20671
internal_count=565 522 268 254 43
is_linear=0
shrinkage=0.05


Tree=151
num_leaves=5
num_cat=0
split_feature=8 8 12 7
split_gain=0.813568 1.20951 1.70456 1.01759
threshold=0.7806675765155372 0.7193009230531997 -0.49064913936397658 -0.20553370745615115
decision_type=2 2 2 2
left_child=1 2 -1 -3
right_child=-2 3 -4 -5
leaf_value=-0.009353893903357096 0.014221129369687053 0.0043044150110733252 0.0055744347231141793 -0.021186819532138967
leaf_weight=22.516990538686514 4.220136582851409 3.6375749707221985 57.949721731245518 7.1964179165661317
leaf_count=135 21 20 352 37
internal_value=3.39757e-05 -0.00132611 0.00109421 -0.0139714
internal_weight=95.5208 91.3007 80.4667 10.834
internal_count=565 544 487 57
is_linear=0
shrinkage=0.05


Tree=152
num_leaves=7
num_cat=0
split_feature=0 4 6 1 5 5
split_gain=0.815489 2.77212 1.61506 1.5377 1.06239 2.20868
threshold=0.63000000000000012 0.018027756377319949 6.6936395799896138 1.5817228610015943 0.155 0.095000000000000043
decision_type=2 2 2 2 2 2
left_child=4 2 -2 -3 5 -1
right_child=1 3 -4 -5 -6 -7
leaf_value=-0.0040403805299767072 0.0050428237163132363 0.025530524004127631 -0.026009829905877142 -0.0013508159419337155 -0.018921817800704635 0.0207296554319032
leaf_weight=58.841386400163174 5.6208100169897097 10.615595716983082 3.5233517810702324 7.3410552367568007 4.0659223049879065 5.4798716343939295
leaf_count=332 42 86 23 38 18 26
internal_value=1.62078e-05 0.0066625 -0.011887 0.0166402 -0.0028921 -0.000587112
internal_weight=95.488 27.1008 9.14416 17.9567 68.3872 64.3213
internal_count=565 189 65 124 376 358
is_linear=0
shrinkage=0.05


Tree=153
num_leaves=7
num_cat=0
split_feature=12 2 5 8 5 5
split_gain=0.808522 2.23307 1.98863 2.90881 2.62247 1.2233
threshold=0.92384551684739458 0.032681057079307886 0.090000000000000066 0.56131439033446273 -0.02 -0.089999999999999997
decision_type=2 2 2 2 2 2
left_child=2 -2 4 -4 -1 -3
right_child=1 5 3 -5 -6 -7
leaf_value=0.0052922839942902518 0.014897246268711179 0.0039807397941846803 -0.010119907139953472 0.023477124751415872 -0.014616751970500986 -0.025194060278035325
leaf_weight=37.368116166442633 3.0600191280245772 3.2727550566196433 6.105347182601693 14.975132480263708 22.366665970534086 8.1732260398566705
leaf_count=220 19 19 37 94 130 46
internal_value=1.89656e-05 -0.00917068 0.00210669 0.013672 -0.00271551 -0.018178
internal_weight=95.3213 14.506 80.8153 21.0805 59.7348 11.446
internal_count=565 84 481 131 350 65
is_linear=0
shrinkage=0.05


Tree=154
num_leaves=5
num_cat=0
split_feature=2 8 7 2
split_gain=0.804671 1.15001 1.46643 0.880223
threshold=0.016663331665265246 0.47919596567757738 0.90179315718640263 0.070216767533523669
decision_type=2 2 2 2
left_child=-1 3 -3 -2
right_child=1 2 -4 -5
leaf_value=0.015198489890571477 -0.022456051262353404 0.0033257453970239391 -0.014467700653313943 0.0038853412239894291
leaf_weight=3.0556076355278483 5.0120857730507842 75.946851845830679 8.5258760601282102 2.7656304538249969
leaf_count=22 33 449 44 17
internal_value=1.28963e-05 -0.00124564 0.000821706 -0.0152343
internal_weight=95.3061 92.2504 84.4727 7.77772
internal_count=565 543 493 50
is_linear=0
shrinkage=0.05


Tree=155
num_leaves=6
num_cat=0
split_feature=7 7 5 9 7
split_gain=0.800888 2.1079 1.76116 1.93287 1.19247
threshold=-0.7904626112456663 -0.71267869819885188 -1.0000000180025095e-35 -1.1876980399575803 -0.62078455800741883
decision_type=2 2 2 2 2
left_child=2 -2 3 -1 -3
right_child=1 4 -4 -5 -6
leaf_value=-0.012137772363160299 0.025118656974385825 -0.01843694209657163 -0.021773111083853949 0.02109657256325162 0.0013899423414412294
leaf_weight=4.0910629481077194 3.8928174301981917 3.4020525924861422 6.777115583419798 3.8698042519390583 73.261903095990419
leaf_count=26 24 18 38 23 436
internal_value=-2.39317e-05 0.00207169 -0.0091016 0.00592377 -0.000564859
internal_weight=95.2948 80.5568 14.738 7.96087 76.664
internal_count=565 478 87 49 454
is_linear=0
shrinkage=0.05


Tree=156
num_leaves=5
num_cat=0
split_feature=0 6 6 11
split_gain=0.808016 1.09737 2.06352 0.187839
threshold=0.8600000000000001 7.3468177462504745 7.0660569358944771 0.28809181139752899
decision_type=2 2 2 2
left_child=1 2 -1 -2
right_child=3 -3 -4 -5
leaf_value=-0.002851271853442524 0.000388544268071095 -0.01800149244316207 0.017577110438545117 0.017175986069429734
leaf_weight=76.427186660468578 2.4248331338167182 4.0768551118671885 9.5754972994327527 2.743137214332819
leaf_count=431 20 31 60 23
internal_value=-3.48334e-05 -0.00146586 0.000263993 0.0133636
internal_weight=95.2475 90.0795 86.0027 5.16797
internal_count=565 522 491 43
is_linear=0
shrinkage=0.05


Tree=157
num_leaves=6
num_cat=0
split_feature=0 3 11 0 8
split_gain=0.79648 1.09185 1.60715 1.56064 0.488558
threshold=0.20000000000000004 -1.4262067442966011 -0.3133364612736409 0.27000000000000007 0.67752420332806684
decision_type=2 2 2 2 2
left_child=4 2 -2 -3 -1
right_child=1 3 -4 -5 -6
leaf_value=-0.018082880356074648 -0.0084330157877951784 -0.021543549066815815 0.021710198861345811 0.0012169243603953324 0.0040761564651514669
leaf_weight=3.9114534668624392 3.3910944908857337 3.3252399638295165 8.289887320250271 74.976213146001101 1.2994533441960809
leaf_count=64 19 25 44 398 15
internal_value=2.65947e-06 0.00142904 0.0130546 -0.000984739 -0.0132669
internal_weight=95.1933 89.9824 11.681 78.3015 5.21091
internal_count=565 486 63 423 79
is_linear=0
shrinkage=0.05


Tree=158
num_leaves=7
num_cat=0
split_feature=4 11 0 13 12 13
split_gain=0.783087 1.62139 1.11906 1.34318 0.997603 0.739072
threshold=0.057008349584650363 -0.86601196713003525 0.7400000000000001 -0.22559841347762016 0.94334112779794344 -0.18240789748588723
decision_type=2 2 2 10 2 10
left_child=2 -2 3 -1 -4 -3
right_child=1 5 4 -5 -6 -7
leaf_value=-0.012452074405832118 0.013299206988861041 0.0023054981407681151 0.019284823031059661 0.0027905240448513964 -0.0065603503379587803 -0.022406855106316952
leaf_weight=13.814607735723255 1.9790759682655323 2.854255784302949 9.0845899879932386 57.574568770825863 2.2918577045202246 7.5005350224673739
leaf_count=70 10 17 86 321 18 43
internal_value=-5.05188e-05 -0.00975971 0.00186994 -0.000781067 0.0136648 -0.0170624
internal_weight=95.0995 12.3339 82.7656 71.3892 11.3764 10.3548
internal_count=565 70 495 391 104 60
is_linear=0
shrinkage=0.05


Tree=159
num_leaves=5
num_cat=0
split_feature=8 0 8 3
split_gain=0.782037 1.15717 1.56124 0.307728
threshold=0.7806675765155372 0.20000000000000004 0.70290864648594187 -0.53927777586957093
decision_type=2 2 2 2
left_child=1 3 -3 -1
right_child=-2 2 -4 -5
leaf_value=-0.021445005016085386 0.013877897467051642 0.0037637751848796351 -0.01182412674326825 0.0004847594894087746
leaf_weight=3.3209321983158588 4.190280281007289 70.309319656342268 15.425267864018677 1.7122465185821045
leaf_count=56 21 386 80 22
internal_value=-5.71284e-05 -0.00139141 0.000462188 -0.0174609
internal_weight=94.958 90.7678 85.7346 5.03318
internal_count=565 544 466 78
is_linear=0
shrinkage=0.05


Tree=160
num_leaves=5
num_cat=0
split_feature=2 8 7 2
split_gain=0.77289 1.11269 1.36031 0.832349
threshold=0.016663331665265246 0.47919596567757738 0.90179315718640263 0.070216767533523669
decision_type=2 2 2 2
left_child=-1 3 -3 -2
right_child=1 2 -4 -5
leaf_value=0.014831493503999787 -0.022108824813799149 0.0031429423454314926 -0.014013103342586928 0.0036713106549299927
leaf_weight=3.0169342793524256 4.9866802915930739 75.611634567379951 8.4988424628972989 2.748679555952549
leaf_count=22 33 449 44 17
internal_value=-9.25851e-05 -0.00132323 0.000720421 -0.0151033
internal_weight=94.8628 91.8458 84.1105 7.73536
internal_count=565 543 493 50
is_linear=0
shrinkage=0.05


Tree=161
num_leaves=4
num_cat=0
split_feature=12 12 12
split_gain=0.765093 1.86517 1.47987
threshold=-0.99141341200047683 -0.93961922861114688 -0.49064913936397658
decision_type=2 2 2
left_child=-1 -2 -3
right_child=1 2 -4
leaf_value=-0.014206423183492337 0.019712237664041624 -0.013208076435442509 0.0020129163033702573
leaf_weight=3.8262225165963164 6.9134599864482871 15.451542180031536 68.659452524036169
leaf_count=24 40 93 408
internal_value=-0.000124219 0.00117664 -0.00136745
internal_weight=94.8507 91.0245 84.111
internal_count=565 541 501
is_linear=0
shrinkage=0.05


Tree=162
num_leaves=6
num_cat=0
split_feature=7 7 5 9 11
split_gain=0.769243 2.02245 1.68675 1.83015 1.243
threshold=-0.7904626112456663 -0.71267869819885188 -1.0000000180025095e-35 -1.1876980399575803 0.59125837000869963
decision_type=2 2 2 2 2
left_child=2 -2 3 -1 -3
right_child=1 4 -4 -5 -6
leaf_value=-0.011877306278136546 0.024548965425496814 0.0043041449064414273 -0.021460630515857036 0.020493623115634116 -0.0079373513978685407
leaf_weight=4.059204887598753 3.8594001084566107 46.648096609860659 6.7264453172683698 3.85939110070467 29.685366149991751
leaf_count=26 24 282 38 23 172
internal_value=-0.000132362 0.00193068 -0.00904528 0.00572524 -0.00065175
internal_weight=94.8379 80.1929 14.645 7.9186 76.3335
internal_count=565 478 87 49 454
is_linear=0
shrinkage=0.05


Tree=163
num_leaves=6
num_cat=0
split_feature=0 7 2 8 11
split_gain=0.760788 1.1309 2.40187 2.39448 0.205411
threshold=0.8600000000000001 0.11809684887634127 0.097838727839378678 0.58535856317988688 0.28809181139752899
decision_type=2 2 2 2 2
left_child=1 2 -1 -3 -2
right_child=4 3 -4 -5 -6
leaf_value=-0.00079635777994227063 4.7311009530246107e-05 0.019053750414486287 -0.027324916271525279 -0.0035761944261055952 0.016927194904869478
leaf_weight=38.93776411190629 2.3898426480591288 12.288087237626312 6.0436736643314353 32.434407562017441 2.6989879682660103
leaf_count=218 20 86 36 182 23
internal_value=-0.000105775 -0.00149125 -0.00673765 0.00393243 0.0129521
internal_weight=94.7928 89.7039 44.9814 44.7225 5.08883
internal_count=565 522 254 268 43
is_linear=0
shrinkage=0.05


Tree=164
num_leaves=5
num_cat=0
split_feature=8 2 8 2
split_gain=0.74262 1.15071 3.02574 1.98897
threshold=0.7806675765155372 0.02715046648361084 0.63822347147128811 0.048383594556649291
decision_type=2 2 2 2
left_child=1 2 -1 -3
right_child=-2 3 -4 -5
leaf_value=0.026408824022638156 0.01349608072680022 -0.013376877634698898 -0.013400104173442709 0.002201700712805232
leaf_weight=6.2716613076627237 4.1824495121836653 27.419182892888784 4.22777945920825 52.587476525455713
leaf_count=47 21 159 23 315
internal_value=-8.95977e-05 -0.0013911 0.0112274 -0.00361004
internal_weight=94.6885 90.5061 10.4994 80.0067
internal_count=565 544 70 474
is_linear=0
shrinkage=0.05


Tree=165
num_leaves=7
num_cat=0
split_feature=12 2 5 8 5 5
split_gain=0.744582 2.06779 1.75357 2.74346 2.45202 1.13206
threshold=0.92384551684739458 0.032681057079307886 0.090000000000000066 0.56131439033446273 -0.02 -0.089999999999999997
decision_type=2 2 2 2 2 2
left_child=2 -2 4 -4 -1 -3
right_child=1 5 3 -5 -6 -7
leaf_value=0.0051674062365410578 0.014346113964755401 0.0038337123176943027 -0.01011189292330536 0.022494877260690365 -0.014154992765457571 -0.024272497833552162
leaf_weight=37.219553362578154 3.035790365189313 3.2563211843371382 6.0821258127689388 14.793229866772888 22.087717059999704 8.1630408242344838
leaf_count=220 19 19 37 94 130 46
internal_value=-4.65788e-05 -0.00886989 0.00197134 0.0128765 -0.00256986 -0.017531
internal_weight=94.6378 14.4552 80.1826 20.8754 59.3073 11.4194
internal_count=565 84 481 131 350 65
is_linear=0
shrinkage=0.05


Tree=166
num_leaves=6
num_cat=0
split_feature=0 6 2 7 13
split_gain=0.754953 1.31058 1.62596 1.12709 0.802348
threshold=0.24000000000000002 5.2300649019451795 0.097838727839378678 0.69360469992890095 0.33873720419612857
decision_type=2 2 2 2 10
left_child=3 -2 -3 4 -1
right_child=1 2 -4 -5 -6
leaf_value=-0.02499783853166123 -0.016499572260340743 0.0061201378796262957 -0.01156541547299306 0.0094010724479638135 0.0045420410907045126
leaf_weight=4.2862601317465296 4.2741460651159278 72.426369991153479 10.854679867625235 1.5024180710315702 1.2747594267129896
leaf_count=68 24 379 61 15 18
internal_value=-5.05112e-05 0.00148533 0.00329056 -0.0118131 -0.0192819
internal_weight=94.6186 87.5552 83.281 7.06344 5.56102
internal_count=565 464 440 101 86
is_linear=0
shrinkage=0.05


Tree=167
num_leaves=4
num_cat=0
split_feature=12 12 7
split_gain=0.750399 1.68687 1.6307
threshold=-0.99141341200047683 -0.93961922861114688 -0.7904626112456663
decision_type=2 2 2
left_child=-1 -2 -3
right_child=1 2 -4
leaf_value=-0.014089033225572485 0.018793390345969708 -0.014973979809105559 0.0019608101204628128
leaf_weight=3.8104150518774977 6.9006611332297316 12.510592855513094 71.2913384642452
leaf_count=24 40 74 427
internal_value=-0.000131509 0.0011603 -0.00126811
internal_weight=94.513 90.7026 83.8019
internal_count=565 541 501
is_linear=0
shrinkage=0.05


Tree=168
num_leaves=7
num_cat=0
split_feature=0 5 13 12 12 3
split_gain=0.743629 1.12272 2.29561 1.7391 0.899387 0.498766
threshold=0.78000000000000014 -0.02 -0.13080236221318778 0.67567170462366599 0.94334112779794344 0.50949162486305377
decision_type=2 2 8 2 2 2
left_child=1 3 -3 -1 5 -2
right_child=4 2 -4 -5 -6 -7
leaf_value=0.0099801935374277777 -0.0015699512856352819 0.008932706889756831 -0.014179998749808255 -0.0089935951894503131 -0.007832510093642395 0.020845712285051658
leaf_weight=29.386949874460697 2.3829341754317266 11.610380962491034 29.412767630070448 13.996644772589205 2.1235479079186916 5.5592748187482357
leaf_count=172 25 68 155 83 16 46
internal_value=-0.000146046 -0.00187074 -0.00737884 0.00356196 0.0101375 0.016112
internal_weight=94.4725 84.4067 41.0231 43.3836 10.0658 7.94221
internal_count=565 478 223 255 87 71
is_linear=0
shrinkage=0.05


Tree=169
num_leaves=7
num_cat=0
split_feature=4 0 2 7 6 8
split_gain=0.753169 1.06515 1.98411 1.3411 0.852806 0.476934
threshold=0.057008349584650363 0.34000000000000002 0.045672834893315591 0.84007408860573884 6.1520941275351442 0.57617246053428606
decision_type=2 2 2 2 2 2
left_child=1 3 -3 -1 -2 -6
right_child=4 2 -4 -5 5 -7
leaf_value=-0.012241463745714276 0.0078302875027256857 -0.004249098691567036 0.012653655542678378 0.012187964066683375 0.00091901966356298926 -0.019480828757187953
leaf_weight=17.724986849352721 2.1862406320869914 28.624798137694597 32.708790868520737 3.0761508569121352 3.2095641754567605 6.8237508460879326
leaf_count=135 12 154 189 17 18 40
internal_value=-0.000120757 0.00177339 0.00503936 -0.00696695 -0.00967048 -0.0148199
internal_weight=94.3543 82.1347 61.3336 20.8011 12.2196 10.0333
internal_count=565 495 343 152 70 58
is_linear=0
shrinkage=0.05


Tree=170
num_leaves=6
num_cat=0
split_feature=4 5 12 4 1
split_gain=0.740663 1.45174 2.50567 2.17634 0.844995
threshold=0.0060355339059327212 -0.025000000000000005 0.45204432216884649 0.018027756377319949 1.0000000180025095e-35
decision_type=2 2 2 2 2
left_child=4 2 -2 -3 -1
right_child=1 3 -4 -5 -6
leaf_value=-0.0040168646597487055 0.014628443034558526 -0.020735256502493631 -0.0084104986920406962 0.00029773224425243852 0.021469445446554443
leaf_weight=3.3104493953287593 22.966965485364199 13.797549244016407 16.125175096094608 35.174206588417292 2.8129882551729679
leaf_count=23 137 81 94 209 21
internal_value=-0.000121108 -0.0015728 0.00524901 -0.00700016 0.0120789
internal_weight=94.1873 88.0639 39.0921 48.9718 6.12344
internal_count=565 521 231 290 44
is_linear=0
shrinkage=0.05


Tree=171
num_leaves=5
num_cat=0
split_feature=2 8 7 2
split_gain=0.747115 1.05264 1.30423 0.742432
threshold=0.016663331665265246 0.47919596567757738 0.90179315718640263 0.070216767533523669
decision_type=2 2 2 2
left_child=-1 3 -3 -2
right_child=1 2 -4 -5
leaf_value=0.014621672779926632 -0.021336812668459711 0.0030638145333891941 -0.013762374196469702 0.0032709170134155759
leaf_weight=2.9582844898104659 4.9538741856813422 75.089469028636813 8.4612148851156217 2.7351997382938862
leaf_count=22 33 449 44 17
internal_value=-0.00010684 -0.00131922 0.000678945 -0.0147436
internal_weight=94.198 91.2398 83.5507 7.68907
internal_count=565 543 493 50
is_linear=0
shrinkage=0.05


Tree=172
num_leaves=7
num_cat=0
split_feature=4 5 0 1 12 3
split_gain=0.728149 1.1178 1.00356 1.26094 0.892767 0.543193
threshold=0.057008349584650363 0.095000000000000043 0.7400000000000001 1.2500316607554594 0.94334112779794344 -0.93895967828127158
decision_type=2 2 2 2 2 2
left_child=2 5 3 -1 -4 -2
right_child=1 -3 4 -5 -6 -7
leaf_value=0.0023264861638279347 -0.0012191951877303757 0.0062750704070869195 0.018400123503191718 -0.013490529324689202 -0.0061167134769793711 -0.024990619955191407
leaf_weight=60.196969987824559 4.0987312905490398 4.5862574204802513 8.8251451775431615 10.636734284460543 2.3163756430149069 3.5244401916861516
leaf_count=339 28 22 86 52 18 20
internal_value=-0.000137173 -0.0095279 0.00172882 -0.000781552 0.0129871 -0.017755
internal_weight=94.1847 12.2094 81.9752 70.8337 11.1415 7.62317
internal_count=565 70 495 391 104 48
is_linear=0
shrinkage=0.05


Tree=173
num_leaves=5
num_cat=0
split_feature=2 8 0 2
split_gain=0.719687 0.992161 1.26477 0.704748
threshold=0.016663331665265246 0.47919596567757738 0.24000000000000002 0.070216767533523669
decision_type=2 2 2 2
left_child=-1 3 -3 -2
right_child=1 2 -4 -5
leaf_value=0.014296986103665567 -0.020836088046001056 -0.015610022460383406 0.0026440738424672108 0.0031764096128936827
leaf_weight=2.9421366192400447 4.9355944246053687 5.7247709501534692 77.729500811547041 2.7270118333399296
leaf_count=22 33 84 409 17
internal_value=-0.000177643 -0.00136444 0.000580288 -0.0144105
internal_weight=94.059 91.1169 83.4543 7.66261
internal_count=565 543 493 50
is_linear=0
shrinkage=0.05


Tree=174
num_leaves=5
num_cat=0
split_feature=8 2 8 2
split_gain=0.707932 1.11523 2.90155 1.65702
threshold=0.7806675765155372 0.02715046648361084 0.63822347147128811 0.048383594556649291
decision_type=2 2 2 2
left_child=1 2 -1 -3
right_child=-2 3 -4 -5
leaf_value=0.025950808935070936 0.013081279261935284 -0.012606481664331115 -0.01315512359059837 0.0016803997626383381
leaf_weight=6.1736923567950708 4.1508947089314452 27.192422270774841 4.1885656416416168 52.25386444106698
leaf_count=47 21 159 23 315
internal_value=-0.000210478 -0.00148229 0.0110068 -0.00366652
internal_weight=93.9594 89.8085 10.3623 79.4463
internal_count=565 544 70 474
is_linear=0
shrinkage=0.05


Tree=175
num_leaves=5
num_cat=0
split_feature=12 12 7 13
split_gain=0.713532 1.55361 1.49953 0.00385499
threshold=-0.99141341200047683 -0.93961922861114688 -0.7904626112456663 0.14855802956093714
decision_type=2 2 2 8
left_child=-1 3 -3 -2
right_child=1 2 -4 -5
leaf_value=-0.01378926348288537 0.0050826143022154715 -0.014426637583032581 0.0018684481810216196 0.021692565118122221
leaf_weight=3.7845033742487422 4.1348005533218375 12.38730802386999 70.86773875541985 2.7331150323152542
leaf_count=24 24 74 427 16
internal_value=-0.000162147 0.00110483 -0.00123603 0.018047
internal_weight=93.9075 90.123 83.255 6.86792
internal_count=565 541 501 40
is_linear=0
shrinkage=0.05


Tree=176
num_leaves=7
num_cat=0
split_feature=4 11 4 4 5 13
split_gain=0.711645 1.50854 1.00836 1.55138 0.662693 0.650323
threshold=0.057008349584650363 -0.86601196713003525 0.044572167547338955 0.038405728739343066 0.069999999999999993 -0.18240789748588723
decision_type=2 2 2 2 2 10
left_child=2 -2 3 -1 -4 -3
right_child=1 5 4 -5 -6 -7
leaf_value=0.0023087375322529756 0.012808865849489235 0.0019453354593347559 0.021091910496698046 -0.016820180976328907 -0.0014632250725648735 -0.021575952848786658
leaf_weight=65.406707797199488 1.9707847349345673 2.8432646356523028 4.8435037583112699 7.4843399561941615 3.9572262652218342 7.3640494290739289
leaf_count=400 10 17 28 41 26 43
internal_value=-0.0001532 -0.00944345 0.00169651 -0.000609033 0.0140943 -0.0165386
internal_weight=93.8699 12.1781 81.6918 72.891 8.80073 10.2073
internal_count=565 70 495 441 54 60
is_linear=0
shrinkage=0.05


Tree=177
num_leaves=5
num_cat=0
split_feature=0 6 6 11
split_gain=0.694392 1.0212 1.93383 0.273832
threshold=0.8600000000000001 7.3468177462504745 7.0660569358944771 0.27140545221094381
decision_type=2 2 2 2
left_child=1 2 -1 -2
right_child=3 -3 -4 -5
leaf_value=-0.0028209669815463033 -0.00096625072715896205 -0.01750976883557526 0.01708676803623101 0.016910679815605827
leaf_weight=75.472379345446825 2.2544222660362712 3.982033345848321 9.3790083639323694 2.7326452247798443
leaf_count=431 19 31 60 24
internal_value=-0.000150149 -0.00147701 0.000207908 0.0123915
internal_weight=93.8205 88.8334 84.8514 4.98707
internal_count=565 522 491 43
is_linear=0
shrinkage=0.05


Tree=178
num_leaves=6
num_cat=0
split_feature=4 1 5 12 4
split_gain=0.681637 1.63836 1.33463 2.275 2.0757
threshold=0.0060355339059327212 -1.0000000180025095e-35 -0.025000000000000005 0.45204432216884649 0.018027756377319949
decision_type=2 2 2 2 2
left_child=1 -1 3 -2 -4
right_child=2 -3 4 -5 -6
leaf_value=-0.0095652547827517406 0.013981657465716958 0.02418723622329742 -0.020151280501060808 -0.008002144943095809 0.00041083598361279621
leaf_weight=2.6901826411485672 22.916634988039732 3.3550905995070925 13.741087630391119 16.061321575194597 35.004111614078283
leaf_count=19 137 25 81 94 209
internal_value=-0.000110447 0.0116365 -0.0015038 0.0050431 -0.00672101
internal_weight=93.7684 6.04527 87.7232 38.978 48.7452
internal_count=565 44 521 231 290
is_linear=0
shrinkage=0.05


Tree=179
num_leaves=7
num_cat=0
split_feature=4 11 0 2 7 13
split_gain=0.683276 1.44718 1.01146 1.7339 1.28987 0.616762
threshold=0.057008349584650363 -0.86601196713003525 0.34000000000000002 0.045672834893315591 0.84007408860573884 -0.18240789748588723
decision_type=2 2 2 2 2 10
left_child=2 -2 4 -4 -1 -3
right_child=1 5 3 -5 -6 -7
leaf_value=-0.012025510674988337 0.01255387964351793 0.0018580467198354182 -0.0038225073533865827 0.012033644964215676 0.011973822660379945 -0.021107327522165206
leaf_weight=17.596644900739197 1.9732176102697838 2.8423091024160376 28.476871132850647 32.489547565579414 3.0545830726623526 7.3239418528974047
leaf_count=135 10 17 154 189 17 43
internal_value=-0.000102624 -0.00921926 0.00170725 0.00489901 -0.00683367 -0.0161908
internal_weight=93.7571 12.1395 81.6176 60.9664 20.6512 10.1663
internal_count=565 70 495 343 152 60
is_linear=0
shrinkage=0.05


Tree=180
num_leaves=7
num_cat=0
split_feature=2 7 0 3 5 4
split_gain=0.680464 2.27836 1.33903 2.13753 1.70964 0.822699
threshold=0.097838727839378678 -0.05665288616749397 0.27000000000000007 -1.4142135623730996 -0.025000000000000005 0.032209662339601777
decision_type=2 2 2 2 2 2
left_child=2 -2 3 -1 -4 -3
right_child=1 5 4 -5 -6 -7
leaf_value=0.011131578862734385 -0.023833863191193894 0.018361532299103599 0.013488419134049554 -0.024257676973901656 -0.0016269696591665308 -0.0052138187813541501
leaf_weight=3.2212313357740641 5.9916427955031395 3.0401135720312578 25.480811208486557 6.0966626759618503 46.044923648238182 3.702171802520752
leaf_count=28 38 20 116 72 265 26
internal_value=-9.42467e-05 -0.00900624 0.00175232 -0.0124085 0.00428731 0.00870846
internal_weight=93.5776 12.7339 80.8436 9.31789 71.5257 6.74229
internal_count=565 84 481 100 381 46
is_linear=0
shrinkage=0.05


Tree=181
num_leaves=5
num_cat=0
split_feature=2 7 7 12
split_gain=0.692597 0.958619 2.92709 0.392286
threshold=0.016663331665265246 0.90179315718640263 0.85298732842358238 -0.034972174269536138
decision_type=2 2 2 2
left_child=-1 2 -2 -3
right_child=1 3 -4 -5
leaf_value=0.014124061593528659 -0.002394253975961368 0.00034669884751970952 0.026706711735920981 -0.01872437393570545
leaf_weight=2.8892630860209456 77.498182682320476 3.451781265437603 4.6552349478006354 4.9645069018006307
leaf_count=22 473 18 26 26
internal_value=-0.000120685 -0.00129027 0.000692319 -0.0136885
internal_weight=93.459 90.5697 82.1534 8.41629
internal_count=565 543 499 44
is_linear=0
shrinkage=0.05


Tree=182
num_leaves=6
num_cat=0
split_feature=0 3 3 2 5
split_gain=0.682599 1.00117 2.0715 2.03993 0.0648789
threshold=0.8600000000000001 -0.7022963068247311 -0.90453403373329511 0.030161522693737369 0.15999999999999998
decision_type=2 2 2 2 2
left_child=1 2 -1 -3 -2
right_child=4 3 -4 -5 -6
leaf_value=-0.0012879670443033718 0.014772430312082039 0.013438815510682767 0.02574866984661375 -0.0093267911387576712 0.0013710717593323665
leaf_weight=29.285534512251616 2.6774871200323096 7.4998244270682326 4.1709207594394675 47.498907651752234 2.2986928410828114
leaf_count=187 24 44 27 264 19
internal_value=-6.36074e-05 -0.00138765 0.00499215 -0.00536117 0.0123717
internal_weight=93.4314 88.4552 33.4565 54.9987 4.97618
internal_count=565 522 214 308 43
is_linear=0
shrinkage=0.05


Tree=183
num_leaves=4
num_cat=0
split_feature=12 12 12
split_gain=0.680383 1.46487 1.51717
threshold=-0.99141341200047683 -0.93961922861114688 -0.49064913936397658
decision_type=2 2 2
left_child=-1 -2 -3
right_child=1 2 -4
leaf_value=-0.013285323085841988 0.017741145745450434 -0.013117134830164355 0.002410073424137587
leaf_weight=3.7543956078588954 6.8468243330717078 15.110933652147649 67.67775516025722
leaf_count=24 40 93 408
internal_value=5.31778e-05 0.00128427 -0.00100969
internal_weight=93.3899 89.6355 82.7887
internal_count=565 541 501
is_linear=0
shrinkage=0.05


Tree=184
num_leaves=5
num_cat=0
split_feature=0 1 13 0
split_gain=0.658983 1.08342 2.41962 1.55904
threshold=0.87000000000000011 1.2500316607554594 -0.18240789748588723 0.46000000000000002
decision_type=2 2 10 2
left_child=1 3 -3 -1
right_child=-2 2 -4 -5
leaf_value=-0.0046163906855335004 0.012718768230379247 0.011628958112559346 -0.020408343206428394 0.0093249558131982112
leaf_weight=40.279841275885701 4.3146412223577491 4.9514206051826504 12.613882478326557 31.215125638991594
leaf_count=252 38 31 64 180
internal_value=3.45644e-05 -0.00122337 -0.0108018 0.00168214
internal_weight=93.3749 89.0603 17.5653 71.495
internal_count=565 527 95 432
is_linear=0
shrinkage=0.05


Tree=185
num_leaves=4
num_cat=0
split_feature=12 12 12
split_gain=0.648693 1.38572 1.41424
threshold=-0.99141341200047683 -0.93961922861114688 -0.49064913936397658
decision_type=2 2 2
left_child=-1 -2 -3
right_child=1 2 -4
leaf_value=-0.012980980981571584 0.017270603861074808 -0.012683244869807278 0.0023269301413490484
leaf_weight=3.7384809255599967 6.835640098899602 15.056449944153426 67.546948937699199
leaf_count=24 40 93 408
internal_value=5.50575e-05 0.00125837 -0.000976779
internal_weight=93.1775 89.439 82.6034
internal_count=565 541 501
is_linear=0
shrinkage=0.05


Tree=186
num_leaves=4
num_cat=0
split_feature=6 6 12
split_gain=0.644953 1.39898 1.00478
threshold=5.2300649019451795 5.7461333370352836 -0.99141341200047683
decision_type=2 2 2
left_child=-1 -2 -3
right_child=1 2 -4
leaf_value=-0.012333303783194168 0.017755663318493504 -0.0175822545686239 0.00076295380141266043
leaf_weight=4.5631302483379832 6.3608108423650256 3.2057310976088038 79.032472126185894
leaf_count=28 36 20 481
internal_value=3.679e-05 0.00129869 -0.000918891
internal_weight=93.1621 88.599 82.2382
internal_count=565 537 501
is_linear=0
shrinkage=0.05


Tree=187
num_leaves=6
num_cat=0
split_feature=4 1 4 5 0
split_gain=0.645754 1.52596 1.25713 2.47113 2.33738
threshold=0.0060355339059327212 -1.0000000180025095e-35 0.018027756377319949 0.030000000000000065 0.63000000000000012
decision_type=2 2 2 2 2
left_child=1 -1 3 -2 -4
right_child=2 -3 4 -5 -6
leaf_value=-0.0091356017184397887 0.0031646278995181008 0.023622201938518193 -0.0036782591701904899 -0.025351522660099154 0.015728001570522367
leaf_weight=2.6540655754506588 14.697487439960243 3.2807639166712752 46.257543709129095 8.8520003892481309 17.3972506262362
leaf_count=19 88 25 255 54 124
internal_value=5.87699e-06 0.011494 -0.00135686 -0.010117 0.00238476
internal_weight=93.1391 5.93483 87.2043 23.5495 63.6548
internal_count=565 44 521 142 379
is_linear=0
shrinkage=0.05


Tree=188
num_leaves=7
num_cat=0
split_feature=2 7 0 1 5 4
split_gain=0.643521 2.1476 1.25238 1.6071 1.55218 0.780161
threshold=0.097838727839378678 -0.05665288616749397 0.27000000000000007 -1.3382176942428552 -0.025000000000000005 0.032209662339601777
decision_type=2 2 2 2 2 2
left_child=2 -2 3 -1 -4 -3
right_child=1 5 4 -5 -6 -7
leaf_value=0.0068049171293334473 -0.02313302348246115 0.017942405119320475 0.013027690995073844 -0.023982730375546671 -0.0014126300863890439 -0.0050647476125278848
leaf_weight=4.4370829481631517 5.9252223446965218 3.0101042948663217 25.407361838966608 4.7543551959097368 45.769528821110725 3.681901752948761
leaf_count=41 38 20 116 59 265 26
internal_value=1.75242e-05 -0.0086838 0.00181217 -0.0119591 0.00425876 0.00853138
internal_weight=92.9856 12.6172 80.3683 9.19144 71.1769 6.69201
internal_count=565 84 481 100 381 46
is_linear=0
shrinkage=0.05


Tree=189
num_leaves=6
num_cat=0
split_feature=0 11 3 11 11
split_gain=0.649852 0.991259 1.33719 0.945667 0.277717
threshold=0.8600000000000001 -0.92384551684739447 -0.7022963068247311 -0.98477087691700926 0.27140545221094381
decision_type=2 2 2 2 2
left_child=1 3 -3 -1 -2
right_child=4 2 -4 -5 -6
leaf_value=-0.0049523580476261856 -0.0011159278225743639 0.0045863537330918186 -0.0079219872413445122 0.020915526325821568 0.016705373063659514
leaf_weight=3.2365342229604721 2.2319535203278056 30.794248022139072 49.904553405940533 4.0227145403623572 2.6955194361507893
leaf_count=22 19 195 278 27 24
internal_value=-2.4287e-05 -0.00132171 -0.00315977 0.0120664 0.0121366
internal_weight=92.8855 87.9581 80.6988 7.25925 4.92747
internal_count=565 522 473 49 43
is_linear=0
shrinkage=0.05


Tree=190
num_leaves=5
num_cat=0
split_feature=7 7 7 1
split_gain=0.646988 2.69125 1.63787 0.624935
threshold=0.90179315718640263 0.85534425512885537 0.77539271521881636 -0.19379933892086185
decision_type=2 2 2 2
left_child=1 2 -1 -2
right_child=3 -3 -4 -5
leaf_value=0.0015015236150919221 -0.018212577233341295 0.027761068798108763 -0.018408721682503442 0.0019952042303247315
leaf_weight=73.06377911195159 3.761248804628849 3.8728535771369925 6.9272890836000434 5.2266335934400541
leaf_count=457 19 21 39 29
internal_value=4.91321e-05 0.0016201 -0.00120426 -0.00994866
internal_weight=92.8518 83.8639 79.9911 8.98788
internal_count=565 517 496 48
is_linear=0
shrinkage=0.05


Tree=191
num_leaves=5
num_cat=0
split_feature=2 8 7 2
split_gain=0.64169 0.926239 1.21228 0.645336
threshold=0.016663331665265246 0.47919596567757738 0.90179315718640263 0.070216767533523669
decision_type=2 2 2 2
left_child=-1 3 -3 -2
right_child=1 2 -4 -5
leaf_value=0.01378601916460161 -0.019917498637220345 0.003093327951708406 -0.013201081034613774 0.0030729769826275811
leaf_weight=2.8337005600333205 4.8770598024129859 74.064937742426991 8.3555644601583463 2.7132631540298462
leaf_count=22 33 449 44 17
internal_value=3.30912e-05 -0.00110259 0.000780891 -0.0137426
internal_weight=92.8445 90.0108 82.4205 7.59032
internal_count=565 543 493 50
is_linear=0
shrinkage=0.05


Tree=192
num_leaves=7
num_cat=0
split_feature=0 13 13 1 4 4
split_gain=0.627288 1.12632 2.47469 1.34073 0.968446 0.938781
threshold=0.78000000000000014 -0.20424633087880203 -0.16942735231231898 0.56692005053576711 0.015000000000000008 0.044016813134299934
decision_type=2 10 10 2 2 2
left_child=1 3 -3 -1 -2 -6
right_child=4 2 -4 -5 5 -7
leaf_value=-0.017507736011569693 -0.0069553390348692208 0.024832142061335157 -0.0019873073282949761 0.0063944451568257706 0.024184180917140988 -0.0045435909290638225
leaf_weight=13.775300189852716 3.1822292953729612 4.9676263928413382 58.822892691940069 5.4524510540068141 4.5185412354767323 2.1116008795797825
leaf_count=74 29 31 342 31 44 14
internal_value=-2.22653e-06 -0.00160414 0.00175434 -0.0108089 0.00951743 0.0170149
internal_weight=92.8306 83.0183 63.7905 19.2278 9.81237 6.63014
internal_count=565 478 373 105 87 58
is_linear=0
shrinkage=0.05


Tree=193
num_leaves=7
num_cat=0
split_feature=12 3 5 8 8 12
split_gain=0.629956 1.92807 1.60974 2.50707 2.49646 1.00526
threshold=0.92384551684739458 -1.1489357902451574 0.090000000000000066 0.62905843613051882 0.56131439033446273 0.99140330152114398
decision_type=2 2 2 2 2 2
left_child=2 -2 3 -1 -4 -3
right_child=1 5 4 -5 -6 -7
leaf_value=0.0074181956794049644 0.014480132952515504 -0.023229853440060209 -0.0095564205546679343 -0.011813779882673922 0.021792759996250636 0.0030012197558946813
leaf_weight=28.768504006788135 2.8588167466223231 7.7288722768425924 5.9984741434454945 29.32090101391077 14.359486494213341 3.6720338128507137
leaf_count=185 20 41 37 165 94 23
internal_value=6.10596e-05 -0.00809287 0.00193934 -0.00245617 0.0124927 -0.016442
internal_weight=92.7071 14.2597 78.4474 58.0894 20.358 11.4009
internal_count=565 84 481 350 131 64
is_linear=0
shrinkage=0.05


Tree=194
num_leaves=7
num_cat=0
split_feature=4 11 4 4 5 5
split_gain=0.624218 1.38491 0.984605 1.48913 0.647306 0.611559
threshold=0.057008349584650363 -0.86601196713003525 0.044572167547338955 0.038405728739343066 0.095000000000000043 0.069999999999999993
decision_type=2 2 2 2 2 2
left_child=2 -2 3 -1 -3 -4
right_child=1 4 5 -5 -6 -7
leaf_value=0.0023739975621384695 0.012478404806557162 -0.021697566641488683 0.020805833527565487 -0.016422982021088418 0.00095036470321083026 -0.0011751068289405514
leaf_weight=64.473886676132679 1.9631037935614575 6.1994043048471195 4.7831499055027944 7.4249597378075114 3.8300165683031082 3.9274034276604652
leaf_count=400 10 41 28 41 19 26
internal_value=6.36486e-05 -0.00869321 0.00179807 -0.000508773 -0.0156099 0.0140808
internal_weight=92.6019 11.9925 80.6094 71.8988 10.0294 8.71055
internal_count=565 70 495 441 60 54
is_linear=0
shrinkage=0.05


Tree=195
num_leaves=5
num_cat=0
split_feature=2 4 3 3
split_gain=0.620211 0.888904 3.34632 2.12721
threshold=0.016663331665265246 0.018027756377319949 0.57735026918962673 0.79513193433871798
decision_type=2 2 2 2
left_child=-1 2 -2 -3
right_child=1 3 -4 -5
leaf_value=0.013580223071961836 -0.01863999267354767 0.0089044761087304341 0.013123262727020957 -0.0086233643420275796
leaf_weight=2.8245384767651549 18.078960424289111 39.523049280047417 8.6111081019043905 23.519433364272118
leaf_count=22 114 246 51 132
internal_value=5.34091e-05 -0.00106667 -0.00793843 0.00221216
internal_weight=92.5571 89.7326 26.6901 63.0425
internal_count=565 543 165 378
is_linear=0
shrinkage=0.05


Tree=196
num_leaves=6
num_cat=0
split_feature=4 1 5 12 4
split_gain=0.6316 1.44245 1.14608 2.11223 1.79095
threshold=0.0060355339059327212 -1.0000000180025095e-35 -0.025000000000000005 0.45204432216884649 0.018027756377319949
decision_type=2 2 2 2 2
left_child=1 -1 3 -2 -4
right_child=2 -3 4 -5 -6
leaf_value=-0.0087575899432409832 0.013471788028310838 0.023248954368296902 -0.018641807575803828 -0.0078012935474950935 0.00052105957089778351
leaf_weight=2.6296730674803257 22.633527621626854 3.2324263975024214 13.636160831898449 15.893569625914095 34.512018343433738
leaf_count=19 137 25 81 94 209
internal_value=7.20781e-05 0.011469 -0.00128222 0.00480795 -0.00614929
internal_weight=92.5374 5.8621 86.6753 38.5271 48.1482
internal_count=565 44 521 231 290
is_linear=0
shrinkage=0.05


Tree=197
num_leaves=5
num_cat=0
split_feature=8 2 8 2
split_gain=0.625568 1.00166 2.65261 1.43024
threshold=0.7806675765155372 0.02715046648361084 0.59575497130630639 0.048383594556649291
decision_type=2 2 2 2
left_child=1 2 -1 -3
right_child=-2 3 -4 -5
leaf_value=0.026404086339805694 0.012594203237277205 -0.01160282046486138 -0.011084937801815124 0.0017462543608706114
leaf_weight=5.2922910973429662 4.0871596783399573 26.780152594670653 4.8313112258911133 51.52939267642796
leaf_count=43 21 159 27 315
internal_value=7.38297e-05 -0.00114783 0.0107632 -0.00324122
internal_weight=92.5203 88.4331 10.1236 78.3095
internal_count=565 544 70 474
is_linear=0
shrinkage=0.05


Tree=198
num_leaves=7
num_cat=0
split_feature=2 7 0 3 2 4
split_gain=0.622326 2.06256 1.23718 1.95327 1.4816 0.802815
threshold=0.097838727839378678 -0.05665288616749397 0.27000000000000007 -1.4142135623730996 0.071527843323215531 0.036571447794075125
decision_type=2 2 2 2 2 2
left_child=2 -2 3 -1 -4 -3
right_child=1 5 4 -5 -6 -7
leaf_value=0.010582314627355724 -0.022627733034090051 0.01720555451061332 0.00054111916093759654 -0.023359300234854791 0.017425415734985381 -0.0060819633586136623
leaf_weight=3.2323696836829185 5.9057867713272572 3.5687007345259172 58.999700542539358 5.8912441376596671 11.788143835961817 3.0840810127556324
leaf_count=28 38 24 317 72 64 22
internal_value=0.000116615 -0.00845804 0.00188287 -0.011845 0.00431694 0.00843251
internal_weight=92.47 12.5586 79.9115 9.12361 70.7878 6.65278
internal_count=565 84 481 100 381 46
is_linear=0
shrinkage=0.05


Tree=199
num_leaves=7
num_cat=0
split_feature=4 11 4 4 5 13
split_gain=0.623179 1.33348 0.925562 1.42677 0.621315 0.582759
threshold=0.057008349584650363 -0.86601196713003525 0.044572167547338955 0.038405728739343066 0.095000000000000043 -0.12087977416844413
decision_type=2 2 2 2 2 10
left_child=2 -2 3 -1 -3 -4
right_child=1 4 5 -5 -6 -7
leaf_value=0.0024084068294367269 0.012155689551252865 -0.021426344065063201 0.021605872100052107 -0.015986150723270285 0.00085465364342687724 0.00010151048083245028
leaf_weight=64.263832103461027 1.9653136692941178 6.1627933699637634 3.6603522561490536 7.4376223571598521 3.8327051922678947 5.02644234895706
leaf_count=400 10 41 23 41 19 31
internal_value=9.40664e-05 -0.00866472 0.00182833 -0.000417387 -0.0154466 0.0137455
internal_weight=92.3491 11.9608 80.3882 71.7015 9.9955 8.68679
internal_count=565 70 495 441 60 54
is_linear=0
shrinkage=0.05


Tree=200
num_leaves=5
num_cat=0
split_feature=0 11 3 0
split_gain=0.617703 0.983654 1.31322 0.908226
threshold=0.87000000000000011 -0.92384551684739447 -0.7022963068247311 0.46000000000000002
decision_type=2 2 2 2
left_child=1 3 -3 -1
right_child=-2 2 -4 -5
leaf_value=-0.0050230760901385195 0.012407506056689659 0.0046895168934568453 -0.0077027565580739844 0.020433545028816266
leaf_weight=3.0374721102416506 4.2494880668818942 30.726078607141972 49.966238422319293 4.302561592310667
leaf_count=23 38 196 280 28
internal_value=8.86193e-05 -0.00114092 -0.00298572 0.0121322
internal_weight=92.2818 88.0324 80.6923 7.34003
internal_count=565 527 476 51
is_linear=0
shrinkage=0.05


Tree=201
num_leaves=4
num_cat=0
split_feature=6 6 12
split_gain=0.613171 1.36966 0.935659
threshold=5.2300649019451795 5.7461333370352836 -0.99141341200047683
decision_type=2 2 2
left_child=-1 -2 -3
right_child=1 2 -4
leaf_value=-0.011945367938134024 0.017694404097731268 -0.016944421495815928 0.00079842008138579642
leaf_weight=4.5171878412365905 6.3102343268692485 3.1715532355010501 78.20844541490078
leaf_count=28 36 20 481
internal_value=0.000148287 0.00138203 -0.000833838
internal_weight=92.2074 87.6902 81.38
internal_count=565 537 501
is_linear=0
shrinkage=0.05


Tree=202
num_leaves=6
num_cat=0
split_feature=4 1 5 12 4
split_gain=0.602728 1.38112 1.07853 1.95778 1.68476
threshold=0.0060355339059327212 -1.0000000180025095e-35 -0.025000000000000005 0.45204432216884649 0.018027756377319949
decision_type=2 2 2 2 2
left_child=1 -1 3 -2 -4
right_child=2 -3 4 -5 -6
leaf_value=-0.008553533592940709 0.013046449697388092 0.022850898546463678 -0.018071665842667069 -0.0074666898743461262 0.00053615586147434744
leaf_weight=2.6115419752895832 22.571378331631422 3.1775224097073069 13.588853489607571 15.835181923583148 34.400134755298495
leaf_count=19 137 25 81 94 209
internal_value=0.000114112 0.0112853 -0.00121087 0.00470295 -0.00594099
internal_weight=92.1846 5.78906 86.3955 38.4066 47.989
internal_count=565 44 521 231 290
is_linear=0
shrinkage=0.05


Tree=203
num_leaves=7
num_cat=0
split_feature=0 13 13 1 4 4
split_gain=0.615945 1.04645 2.27591 1.23592 0.930249 0.889565
threshold=0.78000000000000014 -0.20424633087880203 -0.16942735231231898 0.56692005053576711 0.015000000000000008 0.044016813134299934
decision_type=2 10 10 2 2 2
left_child=1 3 -3 -1 -2 -6
right_child=4 2 -4 -5 5 -7
leaf_value=-0.016830984251572811 -0.0066632330956803822 0.024005445704257569 -0.0018372069148307934 0.0061502092046597095 0.023925484824486802 -0.0042669982344512537
leaf_weight=13.680794376879932 3.1898744367063028 4.8702322840690604 58.437881549820304 5.4341543540358535 4.441712249070406 2.1108395084738731
leaf_count=74 29 31 342 31 44 14
internal_value=0.000114562 -0.00148534 0.00176247 -0.0103771 0.00956319 0.0169275
internal_weight=92.1655 82.4231 63.3081 19.1149 9.74243 6.55255
internal_count=565 478 373 105 87 58
is_linear=0
shrinkage=0.05


Tree=204
num_leaves=7
num_cat=0
split_feature=5 7 4 5 5 0
split_gain=0.607985 1.05302 1.97223 1.80208 0.900428 0.407399
threshold=-0.17499999999999996 0.77539271521881636 0.024937342963832737 -0.05000000000000001 -0.27499999999999991 0.34000000000000002
decision_type=2 2 2 2 2 2
left_child=4 3 -3 -2 -1 -6
right_child=1 2 -4 -5 5 -7
leaf_value=0.0066630403666306098 0.01646445111440761 0.0073743930449593868 -0.020091549313958259 -0.0007274986170980694 -0.021569723118636679 -0.00013534819823529535
leaf_weight=3.3143325708806515 17.268857136368752 8.7411925643682498 8.7061435729265195 47.064364576712251 3.9140618294477445 3.0352182239294052
leaf_count=25 110 51 46 290 29 14
internal_value=0.000172709 0.00178292 -0.00775347 0.00474185 -0.00903866 -0.0161818
internal_weight=92.0442 81.7806 17.4473 64.3332 10.2636 6.94928
internal_count=565 497 97 400 68 43
is_linear=0
shrinkage=0.05


Tree=205
num_leaves=5
num_cat=0
split_feature=2 8 0 2
split_gain=0.593508 0.85813 1.11686 0.608428
threshold=0.016663331665265246 0.47919596567757738 0.24000000000000002 0.070216767533523669
decision_type=2 2 2 2
left_child=-1 3 -3 -2
right_child=1 2 -4 -5
leaf_value=0.013416508168469975 -0.019172077862863329 -0.014588759686543263 0.0027837475331634509 0.0030825123727734613
leaf_weight=2.7619245499372473 4.8452711105346671 5.4541133865714064 76.287537377327681 2.6989807840436697
leaf_count=22 33 84 409 17
internal_value=0.000132793 -0.000967808 0.000850473 -0.0131552
internal_weight=92.0478 89.2859 81.7417 7.54425
internal_count=565 543 493 50
is_linear=0
shrinkage=0.05


Tree=206
num_leaves=5
num_cat=0
split_feature=0 7 7 8
split_gain=0.587619 0.924455 2.06888 2.01506
threshold=0.87000000000000011 0.11809684887634127 -0.18025757990866625 0.58535856317988688
decision_type=2 2 2 2
left_child=1 2 -1 -3
right_child=-2 3 -4 -5
leaf_value=0.0010565130571272205 0.012131254270260596 0.017974001316464729 -0.02067734430738179 -0.0031042571702524931
leaf_weight=33.350940516218543 4.2084134332835665 11.731877282261847 10.983683831989763 31.681401267647743
leaf_count=199 38 86 59 183
internal_value=8.86793e-05 -0.00111174 -0.00587786 0.0038599
internal_weight=91.9563 87.7479 44.3346 43.4133
internal_count=565 527 258 269
is_linear=0
shrinkage=0.05


Tree=207
num_leaves=7
num_cat=0
split_feature=4 11 4 4 9 13
split_gain=0.579622 1.2626 0.889656 1.35043 0.566266 0.562175
threshold=0.057008349584650363 -0.86601196713003525 0.044572167547338955 0.038405728739343066 0.20981773387759722 -0.12087977416844413
decision_type=2 2 2 2 2 10
left_child=2 -2 3 -1 -3 -4
right_child=1 4 5 -5 -6 -7
leaf_value=0.0023342044735871472 0.011883105536299383 -0.022477214310220289 0.021230891857000035 -0.015583021385766203 -0.0011640761131394175 8.0065407093793015e-05
leaf_weight=63.936952844262123 1.9544896259903897 4.4150097519159299 3.6187834516167641 7.4133046567440024 5.5221594721078873 5.0034702681004983
leaf_count=400 10 27 23 41 33 31
internal_value=0.000103554 -0.00836098 0.00178012 -0.000425982 -0.0149876 0.0134916
internal_weight=91.8642 11.8917 79.9725 71.3503 9.93717 8.62225
internal_count=565 70 495 441 60 54
is_linear=0
shrinkage=0.05


Tree=208
num_leaves=5
num_cat=0
split_feature=8 12 9 9
split_gain=0.578923 0.960738 3.92199 2.54653
threshold=0.7806675765155372 -0.49064913936397658 0.77188329126401867 0.41075529895244894
decision_type=2 2 2 2
left_child=1 2 -1 -3
right_child=-2 3 -4 -5
leaf_value=-0.02061275143795676 0.012152103986474705 0.010124857127159789 0.015097527791537686 -0.0086850035083562965
leaf_weight=16.452597755938772 4.0545958280563346 37.019235564395785 7.6059774197638026 26.663397587835789
leaf_count=101 21 226 50 167
internal_value=8.88102e-05 -0.00109375 -0.00866794 0.00219039
internal_weight=91.7958 87.7412 24.0586 63.6826
internal_count=565 544 151 393
is_linear=0
shrinkage=0.05


Tree=209
num_leaves=6
num_cat=0
split_feature=7 7 5 1 11
split_gain=0.578809 1.81139 1.52591 1.56411 1.12241
threshold=-0.7904626112456663 -0.71267869819885188 -1.0000000180025095e-35 -1.1128239729214799 0.59125837000869963
decision_type=2 2 2 2 2
left_child=2 -2 3 -1 -3
right_child=1 4 -4 -5 -6
leaf_value=-0.010537878216426698 0.023429202011959315 0.0041707903077409739 -0.019817641536668727 0.019812734176472148 -0.0076235871468741979
leaf_weight=3.8998037874698639 3.7460342273116103 45.303582606837153 6.3955711089074594 3.6836211569607258 28.708993904292583
leaf_count=30 24 282 38 19 172
internal_value=0.000105055 0.00190596 -0.00777555 0.00621939 -0.000597092
internal_weight=91.7376 77.7586 13.979 7.58342 74.0126
internal_count=565 478 87 49 454
is_linear=0
shrinkage=0.05


Tree=210
num_leaves=7
num_cat=0
split_feature=0 4 6 1 5 5
split_gain=0.5791 2.39228 1.38662 1.32442 1.09861 1.95285
threshold=0.63000000000000012 0.018027756377319949 6.6936395799896138 1.5817228610015943 0.155 0.095000000000000043
decision_type=2 2 2 2 2 2
left_child=4 2 -2 -3 5 -1
right_child=1 3 -4 -5 -6 -7
leaf_value=-0.0033845184789882696 0.004694167070447992 0.023813070275100861 -0.024467580686017915 -0.0014758910499912499 -0.018753193852089844 0.020073860233492946
leaf_weight=56.564824301749468 5.312641058117153 9.9696883894503134 3.4640835896134377 7.0693999007344237 3.9417522847652426 5.3655839562416068
leaf_count=332 42 86 23 38 18 26
internal_value=0.000124093 0.00584034 -0.0115184 0.0153664 -0.00237013 -4.33289e-06
internal_weight=91.688 25.8158 8.77672 17.0391 65.8722 61.9304
internal_count=565 189 65 124 376 358
is_linear=0
shrinkage=0.05


Tree=211
num_leaves=5
num_cat=0
split_feature=2 8 6 2
split_gain=0.575828 0.831861 1.09956 0.569052
threshold=0.016663331665265246 0.47919596567757738 5.5263571471572561 0.070216767533523669
decision_type=2 2 2 2
left_child=-1 3 -3 -2
right_child=1 2 -4 -5
leaf_value=0.013221071045771159 -0.01879328527873024 -0.014318991631807399 0.0027793512348690671 0.0028892149471822855
leaf_weight=2.7415074147284022 4.8153704665601245 5.6577755138277999 75.649430340155959 2.6770625319331884
leaf_count=22 33 35 458 17
internal_value=0.000120292 -0.000967359 0.000828952 -0.0129905
internal_weight=91.5411 88.7996 81.3072 7.49243
internal_count=565 543 493 50
is_linear=0
shrinkage=0.05


Tree=212
num_leaves=5
num_cat=0
split_feature=0 11 13 0
split_gain=0.572366 0.891818 1.22529 0.878299
threshold=0.87000000000000011 -0.92384551684739447 -0.17244303840495168 0.46000000000000002
decision_type=2 2 8 2
left_child=1 3 -3 -1
right_child=-2 2 -4 -5
leaf_value=-0.0051208183930915169 0.011984432762667618 0.0078931034594887112 -0.005958960469580314 0.019831802231773957
leaf_weight=3.0247683748602858 4.174739208072423 16.117485325783491 63.967389149591327 4.2225139327347279
leaf_count=23 38 102 374 28
internal_value=7.7386e-05 -0.00110997 -0.00287115 0.0115785
internal_weight=91.5069 87.3322 80.0849 7.24728
internal_count=565 527 476 51
is_linear=0
shrinkage=0.05


Tree=213
num_leaves=7
num_cat=0
split_feature=12 3 5 8 8 9
split_gain=0.57414 1.86446 1.47305 2.31029 2.24451 0.859792
threshold=0.92384551684739458 -0.30151134457776291 0.090000000000000066 0.62905843613051882 0.56131439033446273 0.68227104908917768
decision_type=2 2 2 2 2 2
left_child=2 -2 3 -1 -4 -3
right_child=1 5 4 -5 -6 -7
leaf_value=0.0072539192722148055 0.0092015918406441102 -0.027880665570355484 -0.0089074105056053364 -0.011327253292164378 0.020992650747355242 8.9924039262450904e-05
leaf_weight=28.301562312990427 6.2147256024181843 3.9847888946533185 5.9529345631599453 28.899295788258314 14.090727031230925 3.911503292620182
leaf_count=185 38 25 37 165 94 21
internal_value=0.000148164 -0.00766611 0.00195495 -0.00228966 0.012107 -0.0193622
internal_weight=91.3555 14.111 77.2445 57.2009 20.0437 7.89629
internal_count=565 84 481 350 131 46
is_linear=0
shrinkage=0.05


Tree=214
num_leaves=7
num_cat=0
split_feature=2 7 0 3 2 4
split_gain=0.56739 1.94522 1.13074 1.81706 1.41577 0.708716
threshold=0.097838727839378678 -0.05665288616749397 0.27000000000000007 -1.4142135623730996 0.071527843323215531 0.032209662339601777
decision_type=2 2 2 2 2 2
left_child=2 -2 3 -1 -4 -3
right_child=1 5 4 -5 -6 -7
leaf_value=0.01021189454318577 -0.021945708367632526 0.01733392098199249 0.00043786254922947691 -0.02263227067872851 0.01700898963054524 -0.0047553435226410212
leaf_weight=3.2175503093749285 5.8081133142113686 2.9187391474843007 58.325874790549278 5.7339777480810863 11.648655973374842 3.6246081404387951
leaf_count=28 38 20 317 72 64 26
internal_value=0.000113686 -0.00812277 0.00180978 -0.0113979 0.00414681 0.00833812
internal_weight=91.2775 12.3515 78.9261 8.95153 69.9745 6.54335
internal_count=565 84 481 100 381 46
is_linear=0
shrinkage=0.05


Tree=215
num_leaves=5
num_cat=0
split_feature=2 7 7 12
split_gain=0.567446 0.799497 2.57491 0.358974
threshold=0.016663331665265246 0.90179315718640263 0.85534425512885537 -0.034972174269536138
decision_type=2 2 2 2
left_child=-1 2 -2 -3
right_child=1 3 -4 -5
leaf_value=0.013127787050773589 -0.0019679533765328363 0.00068215903706371917 0.02662045081211601 -0.017233553291923023
leaf_weight=2.711415108293294 76.493755770847201 3.3927655220031738 3.7240023836493483 4.8392249867320043
leaf_count=22 479 18 20 26
internal_value=9.62465e-05 -0.000984258 0.000843263 -0.0123821
internal_weight=91.1612 88.4497 80.2178 8.23199
internal_count=565 543 499 44
is_linear=0
shrinkage=0.05


Tree=216
num_leaves=7
num_cat=0
split_feature=4 11 4 4 5 5
split_gain=0.558923 1.21408 0.87457 1.27551 0.598225 0.588921
threshold=0.057008349584650363 -0.86601196713003525 0.044572167547338955 0.038405728739343066 0.069999999999999993 0.095000000000000043
decision_type=2 2 2 2 2 2
left_child=2 -2 3 -1 -4 -3
right_child=1 5 4 -5 -6 -7
leaf_value=0.0022955581726033908 0.01165492855305101 -0.020606655860056271 0.020125593664054552 -0.015146462798389363 -0.0014764821290868719 0.0010062537855540584
leaf_weight=63.475390328094363 1.9445804692804802 6.026935085654257 4.6850634701549989 7.3795822560787192 3.8351705428212881 3.7887377068400383
leaf_count=400 10 41 28 41 26 19
internal_value=0.000146762 -0.00820071 0.0017962 -0.000399679 0.0134519 -0.0147401
internal_weight=91.1355 11.7603 79.3752 70.855 8.52023 9.81567
internal_count=565 70 495 441 54 60
is_linear=0
shrinkage=0.05


Tree=217
num_leaves=6
num_cat=0
split_feature=4 5 12 4 1
split_gain=0.548928 1.08234 1.84596 1.54792 0.680689
threshold=0.0060355339059327212 -0.025000000000000005 0.45204432216884649 0.018027756377319949 1.0000000180025095e-35
decision_type=2 2 2 2 2
left_child=4 2 -2 -3 -1
right_child=1 3 -4 -5 -6
leaf_value=-0.0038031721705124202 0.012932918801530871 -0.017552968156117496 -0.0070835907984112398 0.00037900601634595951 0.019369385026688644
leaf_weight=3.1069707944989196 22.317623488605022 13.482223648577927 15.699600907042621 33.911717819049954 2.572920061647892
leaf_count=23 137 81 94 209 21
internal_value=0.000133723 -0.00113925 0.00480433 -0.00591042 0.0108475
internal_weight=91.0911 85.4112 38.0172 47.3939 5.67989
internal_count=565 521 231 290 44
is_linear=0
shrinkage=0.05


Tree=218
num_leaves=7
num_cat=0
split_feature=0 13 13 3 4 4
split_gain=0.560853 1.0278 2.07301 1.1993 0.878728 0.759129
threshold=0.78000000000000014 -0.20424633087880203 -0.16942735231231898 -1.3632270176325554 0.015000000000000008 0.043588046063091274
decision_type=2 10 10 2 2 2
left_child=1 3 -3 -1 -2 -6
right_child=4 2 -4 -5 5 -7
leaf_value=0.0093436291950311952 -0.0065145631254452802 0.023213829269690345 -0.0016194237877192189 -0.015133619450060618 0.023048624893379353 -0.0034811994440343678
leaf_weight=2.8702935688197639 3.180316321551798 4.7345880195498458 57.860446890816092 16.051691524684429 4.2155127227306366 2.1732031032443047
leaf_count=16 29 31 342 89 43 15
internal_value=0.000138111 -0.00139709 0.00183711 -0.0102438 0.00920736 0.0164578
internal_weight=91.0861 81.517 62.595 18.922 9.56903 6.38872
internal_count=565 478 373 105 87 58
is_linear=0
shrinkage=0.05


Tree=219
num_leaves=5
num_cat=0
split_feature=2 8 7 2
split_gain=0.549599 0.777503 1.01216 0.554218
threshold=0.016663331665265246 0.47919596567757738 0.90179315718640263 0.070216767533523669
decision_type=2 2 2 2
left_child=-1 3 -3 -2
right_child=1 2 -4 -5
leaf_value=0.013033781849665369 -0.01826075235854667 0.0030079338270781746 -0.011974760606428929 0.002996048551464953
leaf_weight=2.7031452730298033 4.7883907854557028 72.603943480178714 8.2099458761513215 2.6707408428192139
leaf_count=22 33 449 44 17
internal_value=0.000207148 -0.000863271 0.0008768 -0.0125018
internal_weight=90.9762 88.273 80.8139 7.45913
internal_count=565 543 493 50
is_linear=0
shrinkage=0.05


Tree=220
num_leaves=7
num_cat=0
split_feature=5 7 4 5 6 7
split_gain=0.551872 1.0021 1.85178 1.70169 0.896224 1.01328
threshold=-0.17499999999999996 0.77539271521881636 0.024937342963832737 -0.05000000000000001 6.4798451413059661 0.55814008893235822
decision_type=2 2 2 2 2 2
left_child=4 3 -3 -2 -1 -6
right_child=1 2 -4 -5 5 -7
leaf_value=0.0072895527695845484 0.016041099683011206 0.0071315428238401856 -0.019611154701048725 -0.00073662762590992036 -0.024057302733210661 0.0041775499554203887
leaf_weight=2.9939696043729764 17.100986119359732 8.6182242631912249 8.6057090908288938 46.512471910566092 4.23050750605762 2.8992052227258682
leaf_count=18 110 51 46 290 31 19
internal_value=0.000167616 0.00171107 -0.00763612 0.00461394 -0.00864798 -0.0155867
internal_weight=90.9611 80.8374 17.2239 63.6135 10.1237 7.12971
internal_count=565 497 97 400 68 50
is_linear=0
shrinkage=0.05


Tree=221
num_leaves=5
num_cat=0
split_feature=8 11 6 0
split_gain=0.546553 0.941176 1.10892 1.07392
threshold=0.7806675765155372 0.77985576908037491 7.1537428875352411 0.4200000000000001
decision_type=2 2 2 2
left_child=1 2 -1 -3
right_child=-2 3 -4 -5
leaf_value=-0.0010973130872315576 0.011885444272033582 -0.0045109199311745554 -0.017833400754789237 0.013934926408987384
leaf_weight=55.660669581964612 4.0017374604940406 10.375757914036514 7.2481192480772725 13.669815264642237
leaf_count=342 21 64 53 85
internal_value=0.000133436 -0.00102427 -0.00419665 0.00656911
internal_weight=90.9561 86.9544 62.9088 24.0456
internal_count=565 544 395 149
is_linear=0
shrinkage=0.05


Tree=222
num_leaves=5
num_cat=0
split_feature=0 1 4 4
split_gain=0.544327 0.875724 1.21421 1.18265
threshold=0.87000000000000011 1.2500316607554594 0.054023475004164899 0.044572167547338955
decision_type=2 2 2 2
left_child=1 2 -1 -3
right_child=-2 3 -4 -5
leaf_value=0.0042689038140816347 0.011769680095420836 -0.01815148259591735 -0.012389675172096317 0.0041084541388856158
leaf_weight=61.439762260764837 4.1304184123873702 9.6843332499265689 8.1575953867286426 7.4727512598037711
leaf_count=379 38 55 53 40
internal_value=0.000133181 -0.00103202 0.00161677 -0.00971692
internal_weight=90.8849 86.7544 69.5974 17.1571
internal_count=565 527 432 95
is_linear=0
shrinkage=0.05


Tree=223
num_leaves=6
num_cat=0
split_feature=7 7 5 7 0
split_gain=0.542321 1.71498 1.45865 1.06009 0.375271
threshold=-0.7904626112456663 -0.71267869819885188 -0.060000000000000032 -0.62078455800741883 0.57000000000000006
decision_type=2 2 2 2 2
left_child=2 -2 -1 -3 -4
right_child=1 3 4 -5 -6
leaf_value=0.009055444228240235 0.022817331481308319 -0.017513670040730529 -0.023321270648920568 0.0013114333827381744 -0.0027890012613555745
leaf_weight=4.9627195075154296 3.7195370011031619 3.3124488852918139 3.7621863372623903 70.010060546919703 5.0696188136935234
leaf_count=33 24 18 25 436 29
internal_value=9.94728e-05 0.00184961 -0.00756671 -0.000602774 -0.016804
internal_weight=90.8366 77.042 13.7945 73.3225 8.83181
internal_count=565 478 87 454 54
is_linear=0
shrinkage=0.05


Tree=224
num_leaves=7
num_cat=0
split_feature=0 2 7 6 8 13
split_gain=0.537892 0.736417 1.59702 1.3525 0.500389 0.0900564
threshold=0.20000000000000004 0.097838727839378678 -0.05665288616749397 6.6564042757931325 0.67752420332806684 0.28516724915364472
decision_type=2 2 2 2 2 10
left_child=4 3 -3 -2 5 -1
right_child=1 2 -4 -5 -6 -7
leaf_value=-0.018210976983092621 -0.0024573749449071057 -0.020790615516226095 0.0074192419199934426 0.010426006376392693 0.0051326300461175629 -0.00028572278073843281
leaf_weight=2.5808990728110071 43.798333019018173 5.574833070859313 5.8767066188156587 30.82533947005868 1.1822714433073995 0.9501734934747218
leaf_count=47 241 34 37 174 15 17
internal_value=6.69671e-05 0.00125653 -0.00845881 0.00318498 -0.0111212 -0.016382
internal_weight=90.7886 86.0752 11.4515 74.6237 4.71334 3.53107
internal_count=565 486 71 415 79 64
is_linear=0
shrinkage=0.05


Tree=225
num_leaves=5
num_cat=0
split_feature=2 0 3 8
split_gain=0.53694 0.746191 1.03755 0.643465
threshold=0.016663331665265246 0.20000000000000004 -1.3632270176325554 0.67752420332806684
decision_type=2 2 2 2
left_child=-1 3 -3 -2
right_child=1 2 -4 -5
leaf_value=0.01272533282056963 -0.02045717438104391 0.011308025957071758 -0.0021309908580131672 0.0050797167787248534
leaf_weight=2.6742925122380248 3.1184362992644301 12.715897480025886 70.998323690146208 1.1868251524865625
leaf_count=22 60 71 397 15
internal_value=1.4474e-05 -0.00103498 0.000432626 -0.0144706
internal_weight=90.6938 88.0195 83.7142 4.30526
internal_count=565 543 468 75
is_linear=0
shrinkage=0.05


Tree=226
num_leaves=6
num_cat=0
split_feature=4 5 12 4 1
split_gain=0.529426 0.95966 1.66754 1.45525 0.672563
threshold=0.0060355339059327212 -0.025000000000000005 0.45204432216884649 0.018027756377319949 1.0000000180025095e-35
decision_type=2 2 2 2 2
left_child=4 2 -2 -3 -1
right_child=1 3 -4 -5 -6
leaf_value=-0.0038971855329378796 0.01214428507691428 -0.017013512564655112 -0.0068993225528211875 0.00040095152278810347 0.019091689831961235
leaf_weight=3.0858167707920066 22.234814248979092 13.431441776454447 15.616952065378426 33.725940745323896 2.5417622141540051
leaf_count=23 137 81 94 209 21
internal_value=3.05433e-05 -0.00121712 0.00439899 -0.00571456 0.0105831
internal_weight=90.6367 85.0091 37.8518 47.1574 5.62758
internal_count=565 521 231 290 44
is_linear=0
shrinkage=0.05


Tree=227
num_leaves=7
num_cat=0
split_feature=0 13 13 1 4 4
split_gain=0.534776 0.92573 2.00461 1.14554 0.841031 0.740476
threshold=0.78000000000000014 -0.20424633087880203 -0.16942735231231898 0.56692005053576711 0.015000000000000008 0.043588046063091274
decision_type=2 10 10 2 2 2
left_child=1 3 -3 -1 -2 -6
right_child=4 2 -4 -5 5 -7
leaf_value=-0.016118782425346437 -0.0064157428722523254 0.022727473728648064 -0.0017603287145269216 0.0060599441104794045 0.02263742725812215 -0.003503069289618846
leaf_weight=13.483590036630632 3.175082650035618 4.6718725040554991 57.623854359611869 5.3608937114477149 4.1389481090009212 2.1736003421247005
leaf_count=74 29 31 342 31 43 15
internal_value=3.90635e-05 -0.00145771 0.00162832 -0.00986167 0.00892509 0.0160665
internal_weight=90.6278 81.1402 62.2957 18.8445 9.48763 6.31255
internal_count=565 478 373 105 87 58
is_linear=0
shrinkage=0.05


Tree=228
num_leaves=4
num_cat=0
split_feature=6 6 9
split_gain=0.528674 1.35025 0.759914
threshold=5.2300649019451795 5.7461333370352836 1.4967202813581142
decision_type=2 2 2
left_child=-1 -2 -3
right_child=1 2 -4
leaf_value=-0.011186470754533278 0.017503666566992229 -0.0025077761336824143 0.012352810232905298
leaf_weight=4.4132089540362349 6.2327058315277091 75.20817419141531 4.6611114330589762
leaf_count=28 36 470 31
internal_value=9.95724e-05 0.00126025 -0.000963862
internal_weight=90.5152 86.102 79.8693
internal_count=565 537 501
is_linear=0
shrinkage=0.05


Tree=229
num_leaves=5
num_cat=0
split_feature=12 12 12 13
split_gain=0.529534 1.1643 1.31739 0.0628187
threshold=-0.99141341200047683 -0.93961922861114688 -0.49064913936397658 0.14855802956093714
decision_type=2 2 2 8
left_child=-1 3 -3 -2
right_child=1 2 -4 -5
leaf_value=-0.011727925513657478 0.0038185765924687756 -0.012305758267969031 0.0023727321951451173 0.019801527310176637
leaf_weight=3.6088057123124591 3.9350629709660998 14.526181001216171 65.728683101013303 2.6955828331410885
leaf_count=24 24 93 408 16
internal_value=0.000136928 0.0012411 -0.000849972 0.0160355
internal_weight=90.4943 86.8855 80.2549 6.63065
internal_count=565 541 501 40
is_linear=0
shrinkage=0.05


Tree=230
num_leaves=5
num_cat=0
split_feature=2 0 3 8
split_gain=0.526196 0.730315 0.951834 0.720619
threshold=0.016663331665265246 0.20000000000000004 -1.3632270176325554 0.6895929817562404
decision_type=2 2 2 2
left_child=-1 3 -3 -2
right_child=1 2 -4 -5
leaf_value=0.012722083849658762 -0.020600268395843439 0.010950574457592288 -0.0019312784620717687 0.0059567966163190413
leaf_weight=2.662376917898654 3.1603484023362389 12.694140534847973 70.870059330016375 1.0928173065185545
leaf_count=22 62 71 397 13
internal_value=0.000135154 -0.000911219 0.00053334 -0.014245
internal_weight=90.4797 87.8174 83.5642 4.25317
internal_count=565 543 468 75
is_linear=0
shrinkage=0.05


Tree=231
num_leaves=5
num_cat=0
split_feature=0 1 3 6
split_gain=0.528291 0.858387 1.48239 0.935267
threshold=0.87000000000000011 1.5601548351668371 1.2989013481836393 7.3468177462504745
decision_type=2 2 2 2
left_child=1 3 -3 -1
right_child=-2 2 -4 -5
leaf_value=0.0029769509103024852 0.011624464951657268 -0.022063584848033658 0.0052867958452054086 -0.01441391482577873
leaf_weight=70.321288552135229 4.105534464120864 6.3196532018482667 6.0286116525530815 3.6459456831216803
leaf_count=433 38 33 31 30
internal_value=0.000146788 -0.00100575 -0.0110355 0.00126136
internal_weight=90.421 86.3155 12.3483 73.9672
internal_count=565 527 64 463
is_linear=0
shrinkage=0.05


Tree=232
num_leaves=4
num_cat=0
split_feature=6 6 13
split_gain=0.517745 1.27621 0.751227
threshold=5.2300649019451795 5.7461333370352836 0.13101140621324062
decision_type=2 2 8
left_child=-1 -2 -3
right_child=1 2 -4
leaf_value=-0.011075599459276185 0.01704468367284263 0.0024910252541962647 -0.0071107936120689431
leaf_weight=4.4074986763298503 6.2216391339898101 53.349960891529918 26.398920742794871
leaf_count=28 36 330 171
internal_value=9.59926e-05 0.001246 -0.000919422
internal_weight=90.378 85.9705 79.7489
internal_count=565 537 501
is_linear=0
shrinkage=0.05


Tree=233
num_leaves=7
num_cat=0
split_feature=12 2 5 8 6 5
split_gain=0.513661 1.83137 1.41158 2.25653 2.16359 1.02359
threshold=0.92384551684739458 0.032681057079307886 0.090000000000000066 0.62905843613051882 6.7275618610209245 -0.089999999999999997
decision_type=2 2 2 2 2 2
left_child=2 -2 3 -1 -4 -3
right_child=1 5 4 -5 -6 -7
leaf_value=0.0071464876113279362 0.014383368820027815 0.0043520453846405847 0.023942463247325196 -0.011311908403618148 -0.0044088700419347825 -0.022140649365511723
leaf_weight=27.925231574103236 2.8933909125626078 3.0893579721450797 9.9622163660824317 28.612710922956467 9.841045565903185 7.989073120057582
leaf_count=185 19 19 69 165 62 46
internal_value=9.47218e-05 -0.00731863 0.00181797 -0.00235504 0.0118049 -0.0156969
internal_weight=90.313 13.9718 76.3412 56.5379 19.8033 11.0784
internal_count=565 84 481 350 131 65
is_linear=0
shrinkage=0.05


Tree=234
num_leaves=5
num_cat=0
split_feature=8 12 9 9
split_gain=0.520916 0.878697 3.48928 2.32683
threshold=0.7806675765155372 -0.49064913936397658 0.77188329126401867 0.41075529895244894
decision_type=2 2 2 2
left_child=1 2 -1 -3
right_child=-2 3 -4 -5
leaf_value=-0.019660935377973324 0.011606846775635088 0.0097774848360557068 0.014269774153016749 -0.0083285818551172182
leaf_weight=16.130150789394978 3.9793740138411513 36.449859850108624 7.4468965567648402 26.226651780307293
leaf_count=101 21 226 50 167
internal_value=0.000121804 -0.001015 -0.00832221 0.00214553
internal_weight=90.2329 86.2536 23.577 62.6765
internal_count=565 544 151 393
is_linear=0
shrinkage=0.05


Tree=235
num_leaves=7
num_cat=0
split_feature=5 9 8 5 5 2
split_gain=0.509656 0.961943 2.22272 2.2026 0.890212 0.308726
threshold=-0.17499999999999996 0.9980854415479149 0.61495676387517373 -0.05000000000000001 -0.27499999999999991 0.089004404317978916
decision_type=2 2 2 2 2 2
left_child=4 3 -3 -2 -1 -6
right_child=1 2 -4 -5 5 -7
leaf_value=0.0070706106875847441 0.018272607533560133 0.013721509848799033 -0.016142007821417739 -0.0013112253321087364 -0.00079948249086622984 -0.020492567661896444
leaf_weight=3.2248243317008018 15.49150465428829 4.8451356999576118 13.84427350759506 45.988281508907676 3.1331319492310268 3.6479935683310032
leaf_count=25 99 36 75 287 22 21
internal_value=0.000135691 0.00162596 -0.00713797 0.00462661 -0.00836784 -0.0155946
internal_weight=90.1751 80.1692 18.6894 61.4798 10.0059 6.78113
internal_count=565 497 111 386 68 43
is_linear=0
shrinkage=0.05


Tree=236
num_leaves=7
num_cat=0
split_feature=0 4 3 1 5 5
split_gain=0.525307 2.24748 1.28182 1.21032 1.05748 1.77185
threshold=0.63000000000000012 0.018027756377319949 0.53111846494552661 1.5817228610015943 0.155 0.095000000000000043
decision_type=2 2 2 2 2 2
left_child=4 2 -2 -3 5 -1
right_child=1 3 -4 -5 -6 -7
leaf_value=-0.003187164328236727 -0.020408305069154226 0.023126690016485443 0.0079134995021399764 -0.0013066342194681863 -0.018387105127085503 0.019211626955962222
leaf_weight=55.661736333742738 5.6370176970958727 9.6839192248880881 3.0198082365095615 6.9630972407758227 3.8754506558179846 5.3331249877810469
leaf_count=332 39 86 26 38 18 26
internal_value=0.000129486 0.00562108 -0.0112485 0.0149655 -0.00226157 7.84488e-05
internal_weight=90.1742 25.3038 8.65683 16.647 64.8703 60.9949
internal_count=565 189 65 124 376 358
is_linear=0
shrinkage=0.05


Tree=237
num_leaves=5
num_cat=0
split_feature=0 7 7 9
split_gain=0.516297 0.864362 1.81148 1.79729
threshold=0.87000000000000011 0.11809684887634127 -0.18025757990866625 0.36997715540122822
decision_type=2 2 2 2
left_child=1 2 -1 -3
right_child=-2 3 -4 -5
leaf_value=0.00092228688125982154 0.01150957549068906 0.023111065165615129 -0.019572987717733109 -0.00094255732093382813
leaf_weight=32.756000487133861 4.0726855844259253 4.6628485396504393 10.772226098924873 37.776703147217631
leaf_count=199 38 31 59 238
internal_value=0.000142405 -0.000999128 -0.00564388 0.00385752
internal_weight=90.0405 85.9678 43.5282 42.4396
internal_count=565 527 258 269
is_linear=0
shrinkage=0.05


Tree=238
num_leaves=7
num_cat=0
split_feature=7 9 7 5 4 4
split_gain=0.525352 1.60817 1.63728 1.39154 1.3784 0.593619
threshold=-0.7904626112456663 -0.55362939014552681 0.11809684887634127 -0.060000000000000032 0.023650279417270395 0.022360679774997918
decision_type=2 2 2 2 2 2
left_child=3 4 -3 -1 -2 -5
right_child=1 2 -4 5 -6 -7
leaf_value=0.0088356855333977385 -0.0024678004270021325 -0.012592219665885744 0.0035085133432788389 2.7299358771011656e-05 0.024295998971633575 -0.023041817056043211
leaf_weight=4.9398081526160231 6.4089141488075239 18.472948040813208 43.814641758799553 3.8793561123311502 7.6398980673402548 4.8115380350500345
leaf_count=33 44 105 283 23 46 31
internal_value=0.000175072 0.00190117 -0.00184744 -0.00740757 0.0146436 -0.0164951
internal_weight=89.9671 76.3364 62.2876 13.6307 14.0488 8.69089
internal_count=565 478 388 87 90 54
is_linear=0
shrinkage=0.05


Tree=239
num_leaves=5
num_cat=0
split_feature=11 13 11 11
split_gain=0.610032 0.910253 1.32101 0.915409
threshold=0.99615739561274808 0.24562669738684864 -0.41482558567468336 0.55554977787404514
decision_type=2 8 2 2
left_child=1 2 -1 -3
right_child=-2 3 -4 -5
leaf_value=0.012932059091833748 0.013313114379584951 -0.017579057098308117 -0.0020861092803103063 0.0028701084738150216
leaf_weight=14.31521727144718 3.0946357659995547 9.1204580720514077 56.450984597206116 6.9412341788411132
leaf_count=96 16 69 339 45
internal_value=0.000162292 -0.00100579 0.00160483 -0.0101583
internal_weight=89.9225 86.8279 70.7662 16.0617
internal_count=565 549 435 114
is_linear=0
shrinkage=0.05


Tree=240
num_leaves=5
num_cat=0
split_feature=2 8 6 2
split_gain=0.516557 0.741432 1.00825 0.512768
threshold=0.016663331665265246 0.47919596567757738 6.6564042757931325 0.070216767533523669
decision_type=2 2 2 2
left_child=-1 3 -3 -2
right_child=1 2 -4 -5
leaf_value=0.012668441740550901 -0.017772230800465586 -0.0039038504332028811 0.0067720383512750578 0.0028380774131246118
leaf_weight=2.6358011029660693 4.7575051989406338 45.242386287078261 34.600235698744655 2.6199347544461489
leaf_count=22 33 271 222 17
internal_value=0.000179036 -0.000864791 0.000849049 -0.0122632
internal_weight=89.8559 87.2201 79.8426 7.37744
internal_count=565 543 493 50
is_linear=0
shrinkage=0.05


Tree=241
num_leaves=6
num_cat=0
split_feature=6 6 7 11 9
split_gain=0.519254 1.59364 1.5339 0.777111 0.651993
threshold=7.1537428875352411 7.0660569358944771 0.90179315718640263 0.72986221802442419 0.74749478716805184
decision_type=2 2 2 2 2
left_child=1 2 -1 4 -2
right_child=3 -3 -4 -5 -6
leaf_value=0.0019513950509003264 -0.021628165977820399 0.020306195422088766 -0.017373722613975667 0.0067769123383013379 0.0025440423723618348
leaf_weight=68.340017821639776 4.0613956656306964 5.0972826592624179 6.950827542692422 2.7114066630601883 2.6575285289436579
leaf_count=424 29 33 36 21 22
internal_value=0.000171714 0.00164569 -0.000803516 -0.0086097 -0.0150611
internal_weight=89.8185 80.3881 75.2908 9.43033 6.71892
internal_count=565 493 460 72 51
is_linear=0
shrinkage=0.05


Tree=242
num_leaves=5
num_cat=0
split_feature=9 9 7 7
split_gain=0.510965 0.793509 1.5167 1.47142
threshold=-1.5811930591456407 -0.59846197325491957 0.11809684887634127 -0.57487632573457648
decision_type=2 2 2 2
left_child=-1 3 -3 -2
right_child=1 2 -4 -5
leaf_value=-0.011967458015574452 -1.2458415187230514e-05 -0.012091993192541556 0.003339473150616615 0.023673825068736498
leaf_weight=3.0191886052489272 19.309564750641588 18.79914060048759 43.731074601411819 4.9235112499445668
leaf_count=21 121 108 283 32
internal_value=0.000143617 0.00119418 -0.00185166 0.008026
internal_weight=89.7825 86.7633 62.5302 24.2331
internal_count=565 544 391 153
is_linear=0
shrinkage=0.05


Tree=243
num_leaves=5
num_cat=0
split_feature=2 0 8 5
split_gain=0.504706 0.70594 0.705366 0.676487
threshold=0.016663331665265246 0.20000000000000004 0.6895929817562404 -0.025000000000000005
decision_type=2 2 2 2
left_child=-1 2 -2 -3
right_child=1 3 -4 -5
leaf_value=0.012500891053622268 -0.02036375835888412 0.0054096031913304886 0.0059088792330058409 -0.0032076738961020305
leaf_weight=2.6237909682095042 3.1079965513199559 35.095891028642654 1.0930744893848894 47.821501240134239
leaf_count=22 62 175 13 293
internal_value=0.000144253 -0.000886221 -0.0140316 0.000539924
internal_weight=89.7423 87.1185 4.20107 82.9174
internal_count=565 543 75 468
is_linear=0
shrinkage=0.05


Tree=244
num_leaves=7
num_cat=0
split_feature=0 6 2 0 9 8
split_gain=0.502231 1.30172 2.38774 1.77576 0.99098 2.32199
threshold=0.4200000000000001 6.6715137075919762 0.039978188706576052 0.24000000000000002 0.9980854415479149 0.61642738474454861
decision_type=2 2 2 2 2 2
left_child=1 2 -1 -3 -2 -6
right_child=4 3 -4 -5 5 -7
leaf_value=0.0087503921664559055 0.0062880023400330295 -0.014950679694876484 -0.022302607920481471 0.01388991878619863 0.015906114625288015 -0.018737922498931813
leaf_weight=6.3475819248706129 44.651776768267155 3.1395388077944508 11.98950865678489 11.85960406064987 2.9364494644105426 8.7850457280874235
leaf_count=39 266 56 80 54 22 48
internal_value=0.00013745 -0.00435952 -0.0119816 0.00562459 0.00293524 -0.00789792
internal_weight=89.7095 33.3362 18.3371 14.9991 56.3733 11.7215
internal_count=565 229 119 110 336 70
is_linear=0
shrinkage=0.05


Tree=245
num_leaves=6
num_cat=0
split_feature=6 6 7 11 9
split_gain=0.507159 1.48433 1.42468 0.747393 0.619989
threshold=7.1537428875352411 7.0660569358944771 0.90179315718640263 0.72986221802442419 0.74749478716805184
decision_type=2 2 2 2 2
left_child=1 2 -1 4 -2
right_child=3 -3 -4 -5 -6
leaf_value=0.001859211051641925 -0.021302310954477269 0.019605953862872835 -0.016779137777676551 0.0065862691960239805 0.0024071778540383261
leaf_weight=68.169133324176073 4.0387516487389785 5.0601345077157012 6.9353982135653487 2.6904421038925648 2.643518915399909
leaf_count=424 29 33 36 21 22
internal_value=0.000100638 0.00156179 -0.000801813 -0.00859237 -0.0149069
internal_weight=89.5374 80.1647 75.1045 9.37271 6.68227
internal_count=565 493 460 72 51
is_linear=0
shrinkage=0.05


Tree=246
num_leaves=5
num_cat=0
split_feature=8 12 9 9
split_gain=0.508565 0.809801 3.16508 2.02132
threshold=0.7806675765155372 -0.49064913936397658 0.77188329126401867 0.41075529895244894
decision_type=2 2 2 2
left_child=1 2 -1 -3
right_child=-2 3 -4 -5
leaf_value=-0.018908523771964739 0.011447102949989508 0.009138548679692134 0.013526615940305986 -0.0077922636361843142
leaf_weight=15.990040395408871 3.9425760135054579 36.154727973043919 7.3764672279357901 26.037052564322948
leaf_count=101 21 226 50 167
internal_value=7.54831e-05 -0.00105163 -0.00808979 0.00199795
internal_weight=89.5009 85.5583 23.3665 62.1918
internal_count=565 544 151 393
is_linear=0
shrinkage=0.05


Tree=247
num_leaves=6
num_cat=0
split_feature=7 7 5 9 7
split_gain=0.507549 1.58084 1.32862 1.41289 1.03588
threshold=-0.7904626112456663 -0.71267869819885188 -1.0000000180025095e-35 -1.1876980399575803 -0.62078455800741883
decision_type=2 2 2 2 2
left_child=2 -2 3 -1 -3
right_child=1 4 -4 -5 -6
leaf_value=-0.010360559861025834 0.021974591578723654 -0.017321443048075574 -0.018730535353242882 0.018606781535131886 0.0013302457178231836
leaf_weight=3.696503859013319 3.6710863709449759 3.2833475880324832 6.1495234817266446 3.7140626236796379 68.927647016942501
leaf_count=26 24 18 38 23 436
internal_value=9.11611e-05 0.00179775 -0.00737047 0.00580473 -0.000584601
internal_weight=89.4422 75.8821 13.5601 7.41057 72.211
internal_count=565 478 87 49 454
is_linear=0
shrinkage=0.05


Tree=248
num_leaves=5
num_cat=0
split_feature=11 13 11 11
split_gain=0.564141 0.864011 1.25127 0.832645
threshold=0.99615739561274808 0.24562669738684864 0.59125837000869963 0.55554977787404514
decision_type=2 8 2 2
left_child=1 2 -1 -3
right_child=-2 3 -4 -5
leaf_value=0.0063581029565292812 0.012738317439673248 -0.017095900050069147 -0.0064800125420355391 0.0025484221268616734
leaf_weight=44.404737474396825 3.0751831866800776 9.009384021162985 25.989171113818884 6.9152800291776648
leaf_count=280 16 69 155 45
internal_value=7.45449e-05 -0.00104938 0.00150291 -0.0099948
internal_weight=89.3938 86.3186 70.3939 15.9247
internal_count=565 549 435 114
is_linear=0
shrinkage=0.05


Tree=249
num_leaves=5
num_cat=0
split_feature=0 6 6 11
split_gain=0.496022 0.876157 1.41537 0.311234
threshold=0.8600000000000001 7.3468177462504745 7.0660569358944771 0.27140545221094381
decision_type=2 2 2 2
left_child=1 2 -1 -2
right_child=3 -3 -4 -5
leaf_value=-0.0021544723336364359 -0.0020645121096085003 -0.01620194130869165 0.01530864071494812 0.01580207256279749
leaf_weight=72.375552555546165 2.0868994481861582 3.6744799092411986 8.6549431625753623 2.5321577675640583
leaf_count=431 19 31 60 24
internal_value=6.55658e-05 -0.00109479 0.000492094 0.0108527
internal_weight=89.324 84.705 81.0305 4.61906
internal_count=565 522 491 43
is_linear=0
shrinkage=0.05


Tree=250
num_leaves=6
num_cat=0
split_feature=4 5 8 4 1
split_gain=0.493181 0.866734 1.74758 1.33853 0.650617
threshold=0.0060355339059327212 -0.025000000000000005 0.71031397370483973 0.018027756377319949 1.0000000180025095e-35
decision_type=2 2 2 2 2
left_child=4 2 -2 -3 -1
right_child=1 3 -4 -5 -6
leaf_value=-0.0039416951149408653 -0.0018047604270198013 -0.016288563024341552 0.020583364630063966 0.00048954625067080865 0.018720813350395986
leaf_weight=3.0180225521326056 30.517186898738146 13.30201121047139 6.8345771469175807 33.120946357026696 2.4846868440508842
leaf_count=23 194 81 37 209 21
internal_value=9.07824e-05 -0.00112595 0.0042382 -0.00543437 0.0103321
internal_weight=89.2774 83.7747 37.3518 46.423 5.50271
internal_count=565 521 231 290 44
is_linear=0
shrinkage=0.05


Tree=251
num_leaves=7
num_cat=0
split_feature=2 9 6 0 3 2
split_gain=0.497666 1.36336 1.24628 1.02703 1.60764 1.26063
threshold=0.097838727839378678 0.89378984794004179 6.6029563621052993 0.27000000000000007 -1.4142135623730996 0.071527843323215531
decision_type=2 2 2 2 2 2
left_child=3 2 -2 4 -1 -5
right_child=1 -3 -4 5 -6 -7
leaf_value=0.0095063405686089397 0.0055961233001881917 0.010979706017840471 -0.0239540688394232 0.00043571104924901619 -0.021683060667726472 0.016198824825369738
leaf_weight=3.1484911162406206 2.9375557117164117 3.0591220390051594 5.9831317979842424 57.232838079333305 5.4933648351579887 11.403364565223454
leaf_count=28 23 23 38 317 72 64
internal_value=0.000133469 -0.00766701 -0.0157084 0.00173515 -0.0110004 0.00397672
internal_weight=89.2579 11.9798 8.92069 77.2781 8.64186 68.6362
internal_count=565 84 61 481 100 381
is_linear=0
shrinkage=0.05


Tree=252
num_leaves=5
num_cat=0
split_feature=2 8 13 6
split_gain=0.506545 0.686237 1.7172 1.08157
threshold=0.016663331665265246 0.52178958321287716 -0.075368107794304723 5.2300649019451795
decision_type=2 2 8 2
left_child=-1 2 -2 -3
right_child=1 3 -4 -5
leaf_value=0.012523784579508682 0.011889923447431408 -0.016412960404988138 -0.018231708648006582 0.0029014346635320202
leaf_weight=2.5921047367155543 2.9344045221805573 3.0322231613099566 9.6347040981054288 70.961003769189119
leaf_count=22 24 21 65 433
internal_value=0.000118624 -0.000916456 -0.00981701 0.00112115
internal_weight=89.1544 86.5623 12.5691 73.9932
internal_count=565 543 89 454
is_linear=0
shrinkage=0.05


Tree=253
num_leaves=7
num_cat=0
split_feature=12 3 5 6 8 9
split_gain=0.506372 1.7681 1.29414 2.05673 2.03309 0.787443
threshold=0.92384551684739458 -0.30151134457776291 0.090000000000000066 6.7275618610209245 0.62905843613051882 0.68227104908917768
decision_type=2 2 2 2 2 2
left_child=2 -2 4 -4 -1 -3
right_child=1 5 3 -5 -6 -7
leaf_value=0.0068713191593116653 0.0091723392309512233 -0.026890208112408651 0.023308000355579506 -0.0044426712145927685 -0.010756856457965452 0.00011009421273310937
leaf_weight=27.488959055393934 6.0983015522360802 3.9282278381288034 9.8291859552264231 9.6972702592611295 28.234991246834397 3.8130045607686043
leaf_count=185 38 25 69 62 165 21
internal_value=9.31795e-05 -0.00728862 0.00182032 0.0114303 -0.00221102 -0.0187668
internal_weight=89.0899 13.8395 75.2504 19.5265 55.724 7.74123
internal_count=565 84 481 131 350 46
is_linear=0
shrinkage=0.05


Tree=254
num_leaves=5
num_cat=0
split_feature=11 0 9 6
split_gain=0.528477 0.781557 1.12609 1.09244
threshold=0.99615739561274808 0.53000000000000014 1.1968649604066326 6.6564042757931325
decision_type=2 2 2 2
left_child=1 3 -3 -1
right_child=-2 2 -4 -5
leaf_value=-0.010935813180727429 0.012344825740988078 0.0077247878239198311 -0.011540878538727302 0.0030262574029690397
leaf_weight=26.833357039839029 3.0648313723504534 32.33640618249774 4.846409134566783 21.925821671262383
leaf_count=157 16 215 33 144
internal_value=8.19022e-05 -0.00101009 0.00414338 -0.00495988
internal_weight=89.0068 85.942 37.1828 48.7592
internal_count=565 549 248 301
is_linear=0
shrinkage=0.05


Tree=255
num_leaves=5
num_cat=0
split_feature=11 13 9 11
split_gain=0.508811 0.785814 1.24908 0.76719
threshold=0.99615739561274808 0.24562669738684864 -0.59846197325491957 0.55554977787404514
decision_type=2 8 2 2
left_child=1 2 -1 -3
right_child=-2 3 -4 -5
leaf_value=0.011571244757783266 0.012112717480491699 -0.01640946904769441 -0.00247681514119397 0.0024746592853792551
leaf_weight=16.826619071885943 3.0632347725331774 8.8987979963421804 53.192157305777073 6.8956150002777568
leaf_count=103 16 69 332 45
internal_value=7.95015e-05 -0.000993296 0.00144537 -0.00955229
internal_weight=88.8764 85.8132 70.0188 15.7944
internal_count=565 549 435 114
is_linear=0
shrinkage=0.05


Tree=256
num_leaves=7
num_cat=0
split_feature=4 5 4 4 5 3
split_gain=0.496404 0.929077 0.81087 1.22514 0.597478 0.398852
threshold=0.057008349584650363 0.095000000000000043 0.044572167547338955 0.038405728739343066 0.069999999999999993 -0.93895967828127158
decision_type=2 2 2 2 2 2
left_child=2 5 3 -1 -4 -2
right_child=1 -3 4 -5 -6 -7
leaf_value=0.0022231844966975126 -0.00087939622575737043 0.0063811863315331218 0.019687735722248335 -0.014992416390215622 -0.0017997132218750605 -0.021760458564077018
leaf_weight=61.858795804902911 3.7587581761181355 4.3791839182376862 4.5643766820430738 7.2286195233464232 3.7244211453944445 3.3252056501805765
leaf_count=400 28 22 28 41 26 20
internal_value=9.47359e-05 -0.00783644 0.00167406 -0.000468327 0.0129883 -0.0156292
internal_weight=88.8394 11.4631 77.3762 69.0874 8.2888 7.08396
internal_count=565 70 495 441 54 48
is_linear=0
shrinkage=0.05


Tree=257
num_leaves=5
num_cat=0
split_feature=2 0 3 7
split_gain=0.49564 0.602489 0.851593 0.67889
threshold=0.016663331665265246 0.20000000000000004 -1.3632270176325554 0.71508713312786953
decision_type=2 2 2 2
left_child=-1 3 -3 -2
right_child=1 2 -4 -5
leaf_value=0.012342922581562152 -0.019621561209769364 0.010261855692202781 -0.0019866294486353248 0.0059932030214381723
leaf_weight=2.5796356536447993 2.9434512946754685 12.526506070047615 69.675622247159481 1.0830625407397745
leaf_count=22 62 71 397 13
internal_value=6.02362e-05 -0.000963559 0.000361249 -0.0132284
internal_weight=88.8083 86.2286 82.2021 4.02651
internal_count=565 543 468 75
is_linear=0
shrinkage=0.05


Tree=258
num_leaves=5
num_cat=0
split_feature=9 9 7 7
split_gain=0.487276 0.701734 1.44233 1.37381
threshold=-1.5811930591456407 -0.59846197325491957 0.11809684887634127 -0.57487632573457648
decision_type=2 2 2 2
left_child=-1 3 -3 -2
right_child=1 2 -4 -5
leaf_value=-0.011769521901628879 -0.00021066963596595443 -0.011775337793524104 0.0033295987360031326 0.022733565958444991
leaf_weight=2.9855290241539469 19.039503669366244 18.647258581593633 43.229474836960435 4.8538227602839461
leaf_count=21 121 108 283 32
internal_value=7.56501e-05 0.00111357 -0.00176249 0.00757781
internal_weight=88.7556 85.7701 61.8767 23.8933
internal_count=565 544 391 153
is_linear=0
shrinkage=0.05


Tree=259
num_leaves=5
num_cat=0
split_feature=0 1 3 2
split_gain=0.489049 0.808404 1.23959 0.967699
threshold=0.87000000000000011 1.5601548351668371 1.2989013481836393 0.058342259324347868
decision_type=2 2 2 2
left_child=1 3 -3 -1
right_child=-2 2 -4 -5
leaf_value=0.0057675645456744112 0.011183800532828574 -0.020939802941349322 0.0044110868817327223 -0.005197699190052963
leaf_weight=42.547531753778458 4.0025831796228877 6.1632008887827379 5.9537756368517876 30.04705448821187
leaf_count=266 38 33 31 197
internal_value=7.80601e-05 -0.00104076 -0.0108335 0.00118654
internal_weight=88.7141 84.7116 12.117 72.5946
internal_count=565 527 64 463
is_linear=0
shrinkage=0.05


Tree=260
num_leaves=5
num_cat=0
split_feature=3 0 6 4
split_gain=0.493165 1.06787 1.63501 1.21299
threshold=1.608734551742937 0.65000000000000013 6.6564042757931325 0.018027756377319949
decision_type=2 2 2 2
left_child=1 2 -1 -3
right_child=-2 3 -4 -5
leaf_value=-0.0082661744569786349 -0.009734752513275817 -0.0047354107954748455 0.0067581704878597257 0.017871616936694607
leaf_weight=36.8626674041152 6.37387591600418 6.5115267895162132 27.136003082618117 11.777875438332556
leaf_count=207 36 54 170 98
internal_value=6.1397e-05 0.00133435 -0.00186762 0.0105342
internal_weight=88.6619 82.2881 63.9987 18.2894
internal_count=565 529 377 152
is_linear=0
shrinkage=0.05


Tree=261
num_leaves=7
num_cat=0
split_feature=6 6 8 0 6 13
split_gain=0.514194 1.8891 2.48919 2.32155 1.8889 1.71865
threshold=6.7818572975249447 6.6564042757931325 0.65891640365842397 0.57000000000000006 6.8476653372809464 0.033340023299893308
decision_type=2 2 2 2 2 8
left_child=1 2 -1 -3 -2 -6
right_child=4 3 -4 -5 5 -7
leaf_value=0.0076462592193139306 -0.024919617982862831 0.031677608421821532 -0.012994613757836032 -0.0074816778240562867 0.012277651486098728 -0.009406817301940134
leaf_weight=27.973687924444675 3.7705172020941999 5.3503854274749738 21.316812042146921 3.4781634733080864 13.198702968657011 13.444633683189755
leaf_count=178 24 30 126 24 88 95
internal_value=6.37981e-05 0.00276609 -0.00165501 0.0191231 -0.00476158 0.00157796
internal_weight=88.5329 58.119 49.2905 8.82855 30.4139 26.6433
internal_count=565 358 304 54 207 183
is_linear=0
shrinkage=0.05


Tree=262
num_leaves=7
num_cat=0
split_feature=6 6 6 5 13 0
split_gain=0.494894 1.80586 1.78311 2.39464 1.59819 1.38967
threshold=6.7818572975249447 6.8476653372809464 6.6564042757931325 0.095000000000000043 0.033340023299893308 0.54000000000000015
decision_type=2 2 2 2 8 2
left_child=2 -2 3 -1 -3 -4
right_child=1 4 5 -5 -6 -7
leaf_value=-0.0074533586661415189 -0.024397220370246525 0.011852091939474131 0.028367465015944289 0.015439494569197493 -0.0090713114278463854 -0.0034485978087577954
leaf_weight=38.743782112374902 3.7658675238490131 13.169273478910322 5.1287621706724149 10.501107692718504 13.430097533389931 3.7169389761984348
leaf_count=232 24 88 29 72 95 25
internal_value=5.19305e-05 -0.00468551 0.00270337 -0.00159847 0.00152404 0.0185809
internal_weight=88.4558 30.3652 58.0906 49.2449 26.5994 8.8457
internal_count=565 207 358 304 183 54
is_linear=0
shrinkage=0.05


Tree=263
num_leaves=6
num_cat=0
split_feature=6 6 7 11 9
split_gain=0.497908 1.25874 1.4199 0.716093 0.514713
threshold=7.1537428875352411 7.0660569358944771 0.90179315718640263 0.72986221802442419 0.74749478716805184
decision_type=2 2 2 2 2
left_child=1 2 -1 4 -2
right_child=3 -3 -4 -5 -6
leaf_value=0.0020206319741881886 -0.02050572320345323 0.018266971140055113 -0.016622755918245077 0.0063994759906742223 0.0017823941352798835
leaf_weight=67.26769982650876 4.0023601613938791 4.9269249662756911 6.9015142582356921 2.6524831056594849 2.5968174897134304
leaf_count=424 29 33 36 21 22
internal_value=7.96785e-05 0.00154021 -0.000654415 -0.00856655 -0.0147475
internal_weight=88.3478 79.0961 74.1692 9.25166 6.59918
internal_count=565 493 460 72 51
is_linear=0
shrinkage=0.05


Tree=264
num_leaves=5
num_cat=0
split_feature=8 2 8 2
split_gain=0.503945 0.883714 2.19347 1.14039
threshold=0.7806675765155372 0.02715046648361084 0.63822347147128811 0.048383594556649291
decision_type=2 2 2 2
left_child=1 2 -1 -3
right_child=-2 3 -4 -5
leaf_value=0.023648561759062495 0.011389694164323871 -0.010677637696573062 -0.011181147015638 0.0014838704955817651
leaf_weight=5.5793809778988344 3.909574892371892 25.642246829345822 3.9482008777558804 49.233045795932412
leaf_count=47 21 159 23 315
internal_value=5.25261e-05 -0.00108023 0.0103345 -0.00308871
internal_weight=88.3124 84.4029 9.52758 74.8753
internal_count=565 544 70 474
is_linear=0
shrinkage=0.05


Tree=265
num_leaves=7
num_cat=0
split_feature=6 6 6 8 13 0
split_gain=0.491692 1.71682 1.67461 2.27365 1.4716 1.33021
threshold=6.7818572975249447 6.8476653372809464 6.6564042757931325 0.65891640365842397 0.033340023299893308 0.54000000000000015
decision_type=2 2 2 2 8 2
left_child=2 -2 3 -1 -3 -4
right_child=1 4 5 -5 -6 -7
leaf_value=0.0074283068283276209 -0.023861619746813258 0.011369724506240296 0.027691861723727396 -0.012321125615009393 -0.0087320536972631917 -0.0034033104360697828
leaf_weight=27.913170926272869 3.7587700113654163 13.111481543630356 5.1279260888695699 21.233147386461496 13.397309072315698 3.7193426042795181
leaf_count=178 24 88 29 126 95 25
internal_value=8.93357e-05 -0.00464229 0.00273129 -0.00145407 0.00143694 0.0181109
internal_weight=88.2611 30.2676 57.9936 49.1463 26.5088 8.84727
internal_count=565 207 358 304 183 54
is_linear=0
shrinkage=0.05


Tree=266
num_leaves=7
num_cat=0
split_feature=13 6 11 6 13 1
split_gain=0.511413 1.57249 2.19269 2.18703 1.33035 2.48412
threshold=-0.0073688483923132634 6.4559525364037791 0.40269845478935179 6.1099105938504996 -0.12087977416844413 -0.16418686681987774
decision_type=10 2 2 2 8 2
left_child=4 3 -3 -2 5 -1
right_child=1 2 -4 -5 -6 -7
leaf_value=-0.010910725075714068 -0.001915740578111708 0.0083815629144108252 -0.019337349024753682 0.027853040754339739 -0.010583605828735229 0.015587338105755492
leaf_weight=11.180512420833113 11.339468749240043 10.847579609602692 8.4780258759856206 7.1365334149450055 24.107571272179484 15.087748616933821
leaf_count=64 67 77 58 43 147 109
internal_value=7.9909e-05 0.00418058 -0.0052538 0.013066 -0.00309683 0.0043678
internal_weight=88.1774 37.8016 19.3256 18.476 50.3758 26.2683
internal_count=565 245 135 110 320 173
is_linear=0
shrinkage=0.05


Tree=267
num_leaves=7
num_cat=0
split_feature=12 3 3 13 13 9
split_gain=0.494719 1.71579 1.16497 2.21963 1.95887 0.724589
threshold=0.92384551684739458 -0.30151134457776291 -1.1489357902451574 0.068699682827036382 0.07838064531420956 0.68227104908917768
decision_type=2 2 2 8 8 2
left_child=2 -2 4 -4 -1 -3
right_child=1 5 3 -5 -6 -7
leaf_value=-0.021672796900002723 0.0089905703302801277 -0.026386852950894768 0.012574095315592407 -0.0059076076943969406 0.0064295123174413138 -5.2946470683906975e-05
leaf_weight=7.4162972327321768 6.0851961448788643 3.8761038035154325 34.274138703942299 23.764275372028351 8.9264936558902281 3.7300310768187046
leaf_count=49 38 25 217 151 64 21
internal_value=0.000100362 -0.00722326 0.00181848 0.00513828 -0.00841293 -0.0186159
internal_weight=88.0725 13.6913 74.3812 58.0384 16.3428 7.60613
internal_count=565 84 481 368 113 46
is_linear=0
shrinkage=0.05


Tree=268
num_leaves=7
num_cat=0
split_feature=13 6 11 6 13 6
split_gain=0.506683 1.49592 2.04788 2.03089 1.23991 2.11014
threshold=-0.0073688483923132634 6.4559525364037791 0.40269845478935179 6.1099105938504996 -0.087959822484055858 6.5335968485024036
decision_type=10 2 2 2 10 2
left_child=4 3 -3 -2 -1 -6
right_child=1 2 -4 -5 5 -7
leaf_value=0.0018000006673331245 -0.0017363376375436335 0.0080695352826266175 -0.018738887120395429 0.02699418262109822 -0.027765805595250784 0.0048168905416662846
leaf_weight=37.449900923296809 11.315181052312257 10.850224234163763 8.4434817489236575 7.1552281863987437 6.0371244363486749 6.7598138097673655
leaf_count=245 67 77 58 43 34 41
internal_value=2.55967e-05 0.00411045 -0.00510469 0.0127732 -0.00313862 -0.0140366
internal_weight=88.011 37.7641 19.2937 18.4704 50.2468 12.7969
internal_count=565 245 135 110 320 75
is_linear=0
shrinkage=0.05


Tree=269
num_leaves=7
num_cat=0
split_feature=2 2 6 6 3 11
split_gain=0.493754 2.02071 1.8278 2.19085 1.41421 1.14617
threshold=0.058342259324347868 0.054701683373600894 6.3385850247555888 6.8134082402611478 0.95921666805844608 -0.054659598806320701
decision_type=2 2 2 2 2 2
left_child=1 5 4 -4 -2 -1
right_child=2 -3 3 -5 -6 -7
leaf_value=-0.011196068331239463 0.019359913750428566 0.02227309600112741 -0.023391656880396232 0.0028275062573862582 -0.0087693971060047275 0.0038516512273836082
leaf_weight=14.313274763524531 7.0871149338781816 6.0059030205011359 11.400409186258914 13.639136737212537 3.4529665298759937 32.053090089932084
leaf_count=96 47 30 77 93 20 202
internal_value=6.089e-06 0.00299131 -0.00421523 -0.0110165 0.0102881 -0.00143123
internal_weight=87.9519 52.3723 35.5796 25.0395 10.5401 46.3664
internal_count=565 328 237 170 67 298
is_linear=0
shrinkage=0.05


Tree=270
num_leaves=5
num_cat=0
split_feature=11 0 4 4
split_gain=0.473574 0.715262 1.0511 0.880874
threshold=0.99615739561274808 0.53000000000000014 0.016583123951776999 0.0093301270189221994
decision_type=2 2 2 2
left_child=1 3 -3 -1
right_child=-2 2 -4 -5
leaf_value=0.0077817592280578418 0.01164963087395824 -0.0072855361764536013 0.0088604789938577563 -0.0076607400892783062
leaf_weight=7.2662454806268206 3.0330767631530753 10.462016366422175 26.264964526519179 40.901289734989405
leaf_count=49 16 73 175 252
internal_value=1.90576e-05 -0.00102132 0.00393926 -0.00481845
internal_weight=87.9276 84.8945 36.727 48.1675
internal_count=565 549 248 301
is_linear=0
shrinkage=0.05


Tree=271
num_leaves=7
num_cat=0
split_feature=13 3 7 13 11 5
split_gain=0.472951 1.38154 2.12924 1.16547 1.95606 1.67288
threshold=-0.0073688483923132634 1.3091241963419324 -0.7732211055524344 -0.087959822484055858 -0.043690404039757567 -0.025000000000000005
decision_type=10 2 2 10 2 2
left_child=3 2 -2 4 -1 -5
right_child=1 -3 -4 5 -6 -7
leaf_value=-0.011767642328944013 -0.0085385374592128107 -0.012177837371244199 0.015793465011573218 0.004001992794991205 0.0093375200133625942 -0.025374654964898463
leaf_weight=12.398264642804859 9.6114267688244599 5.9397266544401637 22.153269229456782 6.4249938167631626 24.987037261947989 6.3038871400058252
leaf_count=83 65 35 145 37 162 38
internal_value=5.40871e-05 0.00400103 0.00827109 -0.00300905 0.0017758 -0.0135998
internal_weight=87.8186 37.7044 31.7647 50.1142 37.3853 12.7289
internal_count=565 245 210 320 245 75
is_linear=0
shrinkage=0.05


Tree=272
num_leaves=5
num_cat=0
split_feature=0 6 6 11
split_gain=0.469921 0.804058 1.19244 0.246635
threshold=0.8600000000000001 7.3468177462504745 7.0660569358944771 0.28809181139752899
decision_type=2 2 2 2
left_child=1 2 -1 -2
right_child=3 -3 -4 -5
leaf_value=-0.0020592420987896837 -0.0014401907243899788 -0.015679725262405329 0.014110223016886199 0.014976133996648997
leaf_weight=71.220991242676973 2.1532349735498419 3.6128852870315304 8.4114280100911838 2.3876698240637779
leaf_count=431 20 31 60 23
internal_value=-2.61914e-05 -0.00116456 0.000381423 0.0105165
internal_weight=87.7862 83.2453 79.6324 4.5409
internal_count=565 522 491 43
is_linear=0
shrinkage=0.05


Tree=273
num_leaves=5
num_cat=0
split_feature=9 9 13 7
split_gain=0.460456 0.749079 1.26332 1.24107
threshold=-1.5811930591456407 -0.59846197325491957 0.28516724915364472 0.11809684887634127
decision_type=2 2 10 2
left_child=-1 2 -2 -3
right_child=1 3 -4 -5
leaf_value=-0.011527336283270743 0.012401338052477864 -0.011266352012811653 -0.010867107408289821 0.0028217837933090331
leaf_weight=2.9554289877414694 20.22087383270264 18.44953328743577 3.4044642336666575 42.711864473298192
leaf_count=21 121 108 32 283
internal_value=1.91209e-06 0.00102334 0.00773582 -0.00195821
internal_weight=87.7422 84.7867 23.6253 61.1614
internal_count=565 544 153 391
is_linear=0
shrinkage=0.05


Tree=274
num_leaves=7
num_cat=0
split_feature=2 2 6 6 3 13
split_gain=0.461244 1.91593 1.68654 2.00847 1.32847 1.09781
threshold=0.058342259324347868 0.054701683373600894 6.3385850247555888 6.8134082402611478 0.95921666805844608 0.13101140621324062
decision_type=2 2 2 2 2 10
left_child=1 5 4 -4 -2 -1
right_child=2 -3 3 -5 -6 -7
leaf_value=0.0029388526931987064 0.018635228437014435 0.021619720159669495 -0.022550690806685352 0.0026264238897666875 -0.0086121694356491793 -0.012783644650219139
leaf_weight=35.993185095489025 7.0703821517527086 6.0005898103117934 11.33042165823281 13.582934899255632 3.4338750615715981 10.300992498174308
leaf_count=227 47 30 77 93 20 71
internal_value=-4.80529e-05 0.0028397 -0.0041357 -0.0106794 0.00982313 -0.00146468
internal_weight=87.7124 52.2948 35.4176 24.9134 10.5043 46.2942
internal_count=565 328 237 170 67 298
is_linear=0
shrinkage=0.05


Tree=275
num_leaves=6
num_cat=0
split_feature=6 6 7 11 9
split_gain=0.463258 1.1235 1.32735 0.713927 0.467008
threshold=7.1537428875352411 7.0660569358944771 0.90179315718640263 0.72986221802442419 0.74749478716805184
decision_type=2 2 2 2 2
left_child=1 2 -1 4 -2
right_child=3 -3 -4 -5 -6
leaf_value=0.001908777105854749 -0.020078534795138894 0.017248124784888765 -0.016149571715136049 0.0064991601805291944 0.0015060089102621834
leaf_weight=66.754398630931973 3.9606377165764552 4.8475831076502791 6.8668171390891066 2.6253633610904217 2.5726543217897415
leaf_count=424 29 33 36 21 22
internal_value=-4.08308e-05 0.00137981 -0.000695498 -0.00840147 -0.0146109
internal_weight=87.6275 78.4688 73.6212 9.15866 6.53329
internal_count=565 493 460 72 51
is_linear=0
shrinkage=0.05


Tree=276
num_leaves=5
num_cat=0
split_feature=0 6 6 11
split_gain=0.461575 0.764184 1.06382 0.290469
threshold=0.8600000000000001 7.3468177462504745 7.0660569358944771 0.27140545221094381
decision_type=2 2 2 2
left_child=1 2 -1 -2
right_child=3 -3 -4 -5
leaf_value=-0.0019811175660153055 -0.0020343411100005675 -0.015355952164375346 0.013317867998242012 0.015225947789875552
leaf_weight=71.118947301059961 2.0727626718580714 3.5943408124148837 8.3594598956406099 2.4467457979917526
leaf_count=431 19 31 60 24
internal_value=-6.32882e-05 -0.00119055 0.000321016 0.0103992
internal_weight=87.5923 83.0727 79.4784 4.51951
internal_count=565 522 491 43
is_linear=0
shrinkage=0.05


Tree=277
num_leaves=7
num_cat=0
split_feature=6 6 5 0 9 9
split_gain=0.466462 1.71378 2.21805 2.09927 1.55297 1.69399
threshold=6.7818572975249447 6.6564042757931325 0.095000000000000043 0.57000000000000006 -1.0851939602463188 0.43471222062941395
decision_type=2 2 2 2 2 2
left_child=1 2 -1 -3 -2 -6
right_child=4 3 -4 -5 5 -7
leaf_value=-0.0073240935318938209 -0.021279912870005281 0.030062317309040482 0.014828560999492627 -0.0071322176585119816 0.011917551387098818 -0.010181779512162982
leaf_weight=38.439887437969446 5.0571385677903917 5.3501324690878374 10.320893906056879 3.4897968471050262 13.388412529602649 11.502113839611409
leaf_count=232 35 30 72 24 89 83
internal_value=-3.52698e-05 0.00254992 -0.00169214 0.0181069 -0.004661 0.00171037
internal_weight=87.5484 57.6007 48.7608 8.83993 29.9477 24.8905
internal_count=565 358 304 54 207 172
is_linear=0
shrinkage=0.05


Tree=278
num_leaves=5
num_cat=0
split_feature=8 0 8 4
split_gain=0.454274 0.759493 0.950686 0.0319121
threshold=0.7806675765155372 0.18000000000000002 0.70290864648594187 0.032015621187164237
decision_type=2 2 2 2
left_child=1 3 -3 -1
right_child=-2 2 -4 -5
leaf_value=-0.016828168944686514 0.010774522721877077 0.0030390290567652179 -0.0094509770043283703 -0.00092053217348164555
leaf_weight=2.2941408473998304 3.8847918137907973 65.934060085564852 14.409626852720974 0.96614123880863179
leaf_count=43 21 401 81 19
internal_value=-4.0971e-06 -0.0010847 0.000376486 -0.0155248
internal_weight=87.4888 83.604 80.3437 3.26028
internal_count=565 544 482 62
is_linear=0
shrinkage=0.05


Tree=279
num_leaves=7
num_cat=0
split_feature=2 2 6 6 0 6
split_gain=0.452596 1.79323 1.58118 1.8741 1.31296 1.10736
threshold=0.058342259324347868 0.055085160529873174 6.3385850247555888 6.8134082402611478 0.4200000000000001 6.1520941275351442
decision_type=2 2 2 2 2 2
left_child=1 5 4 -4 -2 -1
right_child=2 -3 3 -5 -6 -7
leaf_value=-0.011124199227146178 -0.0077391627044378838 0.021599398847332876 -0.021913040877505528 0.0024627701414782106 0.0190326150040812 0.0037691229260063547
leaf_weight=13.631914153695105 4.0855370685458166 5.4174704626202574 11.285626869648697 13.539778741076587 6.3739639967679977 33.093151021748781
leaf_count=81 26 27 77 93 41 220
internal_value=-4.02783e-05 0.00282318 -0.00409698 -0.0104343 0.0094545 -0.00123127
internal_weight=87.4274 52.1425 35.2849 24.8254 10.4595 46.7251
internal_count=565 328 237 170 67 301
is_linear=0
shrinkage=0.05


Tree=280
num_leaves=7
num_cat=0
split_feature=6 6 1 0 9 9
split_gain=0.47811 1.6249 2.02083 2.0066 1.45498 1.55701
threshold=6.7818572975249447 6.6564042757931325 -0.16418686681987774 0.57000000000000006 -1.0851939602463188 0.43471222062941395
decision_type=2 2 2 2 2 2
left_child=1 2 -1 -3 -2 -6
right_child=4 3 -4 -5 5 -7
leaf_value=-0.01055959258038505 -0.020794439061426973 0.029428846834690211 0.0080391920249070683 -0.006929750612839753 0.01130546973202156 -0.0098845349476039263
leaf_weight=24.794764274731278 5.0464383456856039 5.3488344475626928 23.771053601056337 3.5049477405846119 13.366961885243656 11.494713943451641
leaf_count=151 35 30 153 24 89 83
internal_value=-2.18022e-05 0.00260003 -0.00155555 0.0177292 -0.0047068 0.00149371
internal_weight=87.3277 57.4196 48.5658 8.85378 29.9081 24.8617
internal_count=565 358 304 54 207 172
is_linear=0
shrinkage=0.05


Tree=281
num_leaves=7
num_cat=0
split_feature=6 6 8 6 8 0
split_gain=0.459309 1.53245 2.08458 1.41937 1.37094 1.16464
threshold=6.7818572975249447 6.6564042757931325 0.65891640365842397 6.8476653372809464 0.60817811209929007 0.54000000000000015
decision_type=2 2 2 2 2 2
left_child=1 2 -1 -2 -5 -3
right_child=3 5 -4 4 -6 -7
leaf_value=0.0070669866246763496 -0.022104529013918545 0.026209275420804652 -0.011951044860098542 -0.0088770214984431033 0.010599919311611866 -0.0030018412241991544
leaf_weight=27.565433075651526 3.715121207758787 5.1191118545830232 20.933957813307643 13.065594410523774 13.120485158637164 3.746286790817976
leaf_count=178 24 29 126 99 84 25
internal_value=-1.92425e-05 0.0025521 -0.00149158 -0.00461121 0.0010167 0.0172342
internal_weight=87.266 57.3648 48.4994 29.9012 26.1861 8.8654
internal_count=565 358 304 207 183 54
is_linear=0
shrinkage=0.05


Tree=282
num_leaves=5
num_cat=0
split_feature=0 6 6 11
split_gain=0.444498 0.728802 0.985476 0.274647
threshold=0.8600000000000001 7.3468177462504745 7.0660569358944771 0.27140545221094381
decision_type=2 2 2 2
left_child=1 2 -1 -2
right_child=3 -3 -4 -5
leaf_value=-0.0018827383294023746 -0.0019152255640009113 -0.01498429948518609 0.01284646466290771 0.014964542446254243
leaf_weight=70.794531043618917 2.0764385573565951 3.5733285695314398 8.3609106279909593 2.4085302948951721
leaf_count=431 19 31 60 24
internal_value=-2.40077e-05 -0.00113448 0.000343878 0.0102596
internal_weight=87.2137 82.7288 79.1554 4.48497
internal_count=565 522 491 43
is_linear=0
shrinkage=0.05


Tree=283
num_leaves=7
num_cat=0
split_feature=6 6 8 9 9 0
split_gain=0.459847 1.44761 1.91778 1.367 1.44757 1.10813
threshold=6.7818572975249447 6.6564042757931325 0.65891640365842397 -1.0851939602463188 0.43471222062941395 0.54000000000000015
decision_type=2 2 2 2 2 2
left_child=1 2 -1 -2 -5 -3
right_child=3 5 -4 4 -6 -7
leaf_value=0.0068330599007524542 -0.020209794119223145 0.025592752253333569 -0.011417307017523241 0.010892503382184766 -0.0095451244663330576 -0.0029101381319993694
leaf_weight=27.554543411359191 5.0238191653043058 5.1195723190903646 20.886950789019465 13.341021578758957 11.495276255533097 3.7497423216700554
leaf_count=178 35 29 126 89 83 25
internal_value=1.77368e-06 0.00257439 -0.00136808 -0.00459692 0.00141875 0.0168375
internal_weight=87.1709 57.3108 48.4415 29.8601 24.8363 8.86931
internal_count=565 358 304 207 172 54
is_linear=0
shrinkage=0.05


Tree=284
num_leaves=5
num_cat=0
split_feature=8 2 8 8
split_gain=0.454486 0.889189 3.20779 1.33005
threshold=0.7806675765155372 0.029719441360271576 0.60817811209929007 0.63390768630479555
decision_type=2 2 2 2
left_child=1 2 -1 -3
right_child=-2 3 -4 -5
leaf_value=0.026187018359471737 0.010782671540300645 -0.0092947796998093662 -0.012414172588976603 0.0036525692433054301
leaf_weight=6.3454672414809448 3.8783968277275553 37.541027188301086 6.0641160607337952 33.295242644846439
leaf_count=53 21 252 35 204
internal_value=-5.26474e-07 -0.00108539 0.0091761 -0.00336954
internal_weight=87.1242 83.2459 12.4096 70.8363
internal_count=565 544 88 456
is_linear=0
shrinkage=0.05


Tree=285
num_leaves=7
num_cat=0
split_feature=0 4 3 1 5 5
split_gain=0.455244 2.11292 1.1759 1.14386 0.970697 1.46587
threshold=0.63000000000000012 0.018027756377319949 0.53111846494552661 1.5817228610015943 0.155 0.095000000000000043
decision_type=2 2 2 2 2 2
left_child=4 2 -2 -3 5 -1
right_child=1 3 -4 -5 -6 -7
leaf_value=-0.002962507752391221 -0.019921849364278585 0.022454859082609597 0.0074935227446977217 -0.0015150756870352417 -0.017767385480247127 0.017568379304540593
leaf_weight=53.649512093514204 5.5255607590079325 9.3589056581258792 2.9160865880548954 6.7056599818170062 3.7350139617919913 5.2072154991328707
leaf_count=332 39 86 26 38 18 26
internal_value=5.10242e-05 0.00523019 -0.0111868 0.0144647 -0.00221364 8.72985e-05
internal_weight=87.098 24.5062 8.44165 16.0646 62.5917 58.8567
internal_count=565 189 65 124 376 358
is_linear=0
shrinkage=0.05


Tree=286
num_leaves=5
num_cat=0
split_feature=3 0 6 4
split_gain=0.449203 0.957507 1.17713 1.09731
threshold=1.608734551742937 0.65000000000000013 6.6564042757931325 0.018027756377319949
decision_type=2 2 2 2
left_child=1 2 -1 -3
right_child=-2 3 -4 -5
leaf_value=-0.0072351230917012668 -0.0093234321266983094 -0.0045084645313338929 0.0056251587268653855 0.017125070288753125
leaf_weight=36.156715678051114 6.2706214860081664 6.4311380460858372 26.619694713503122 11.490760533139108
leaf_count=207 36 54 170 98
internal_value=6.393e-05 0.00129478 -0.00176917 0.010072
internal_weight=86.9689 80.6983 62.7764 17.9219
internal_count=565 529 377 152
is_linear=0
shrinkage=0.05


Tree=287
num_leaves=7
num_cat=0
split_feature=6 6 13 6 5 0
split_gain=0.483963 1.33933 1.34084 1.31818 1.85262 1.793
threshold=6.7818572975249447 6.8476653372809464 0.033340023299893308 6.6564042757931325 0.095000000000000043 0.57000000000000006
decision_type=2 2 8 2 2 2
left_child=3 -2 -3 4 -1 -5
right_child=1 2 -4 5 -6 -7
leaf_value=-0.0062958201784729176 -0.021661606058526229 0.010464718478406729 -0.0088278839674248086 0.027409518718527533 0.014021744244332763 -0.0068023912519830036
leaf_weight=38.044734226539731 3.6979111768305328 12.867758655920619 13.192824613302951 5.3515833728015405 10.199162680655716 3.4938819762319326
leaf_count=232 24 88 95 30 72 24
internal_value=6.57203e-05 -0.0046617 0.000849209 0.00270691 -0.00108713 0.0163197
internal_weight=86.8479 29.7585 26.0606 57.0894 48.2439 8.84547
internal_count=565 207 183 358 304 54
is_linear=0
shrinkage=0.05


Tree=288
num_leaves=7
num_cat=0
split_feature=13 6 6 11 13 1
split_gain=0.47666 1.50282 1.94325 1.78476 1.12738 2.12655
threshold=-0.0073688483923132634 6.4559525364037791 6.1099105938504996 0.40269845478935179 -0.12087977416844413 -0.16418686681987774
decision_type=10 2 2 2 8 2
left_child=4 2 -2 -3 5 -1
right_child=1 3 -4 -5 -6 -7
leaf_value=-0.01021429925203097 -0.0015536561575089454 0.007194426896978307 0.026722105355974281 -0.018050683593677199 -0.0099387572295630972 0.014427446819743228
leaf_weight=11.065700251609089 11.203188020735981 10.71689452417195 7.0677931867539874 8.2171495072543603 23.698651440441608 14.77816936559975
leaf_count=64 67 77 43 58 147 109
internal_value=8.521e-05 0.00407056 0.0127757 -0.00524377 -0.00300647 0.00393104
internal_weight=86.7475 37.205 18.271 18.934 49.5425 25.8439
internal_count=565 245 110 135 320 173
is_linear=0
shrinkage=0.05


Tree=289
num_leaves=7
num_cat=0
split_feature=5 7 5 4 11 7
split_gain=0.459294 1.64561 1.02878 1.47055 1.06802 0.981295
threshold=0.155 0.11809684887634127 0.090000000000000066 0.038405728739343066 0.229306568612794 0.74527970886286354
decision_type=2 2 2 2 2 2
left_child=2 -2 3 -1 -4 -3
right_child=1 5 4 -5 -6 -7
leaf_value=0.0036191845734742352 -0.01837049701274401 0.019449839680715231 -0.0028359973133652368 -0.011876062735145701 0.022376768330987007 -0.0075123861004449399
leaf_weight=46.558333065360785 7.1594204157590848 2.8395734522491693 5.2959058023989183 16.824042139574885 5.6136013437062502 2.3539516963064671
leaf_count=299 45 26 35 107 34 19
internal_value=0.000104452 -0.00726919 0.00171158 -0.00106145 0.0130927 0.00953867
internal_weight=86.6448 12.3529 74.2919 63.3824 10.9095 5.19353
internal_count=565 90 475 406 69 45
is_linear=0
shrinkage=0.05


Tree=290
num_leaves=7
num_cat=0
split_feature=5 0 2 7 6 13
split_gain=0.453475 1.04559 1.59724 1.21961 1.02931 1.24042
threshold=-0.019999999999999931 0.41000000000000009 0.036888508979662095 0.85534425512885537 6.9223137775257397 -0.002886882044742166
decision_type=2 2 2 2 2 8
left_child=1 3 -3 -1 5 -2
right_child=4 2 -4 -5 -6 -7
leaf_value=-0.0087169931369010713 -0.0070649592186665918 -0.0079843074069154956 0.01844852577521388 0.013237582013868232 -0.014375925228674072 0.0093934233611724857
leaf_weight=18.894776497036222 18.152302656322718 4.9121779613196876 13.504242114722727 3.7839057184755793 9.6043477766215783 17.742431009188294
leaf_count=150 131 26 67 20 70 101
internal_value=0.000112773 0.00369283 0.0111987 -0.00332432 -0.00316623 0.0012241
internal_weight=86.5942 41.0951 18.4164 22.6787 45.4991 35.8947
internal_count=565 263 93 170 302 232
is_linear=0
shrinkage=0.05


Tree=291
num_leaves=6
num_cat=0
split_feature=0 5 13 13 11
split_gain=0.44142 0.743742 1.20635 0.985424 0.257206
threshold=0.8600000000000001 -0.019999999999999931 -0.17244303840495168 0.097041914660031536 0.27140545221094381
decision_type=2 2 8 8 2
left_child=1 3 -3 -1 -2
right_child=4 2 -4 -5 -6
leaf_value=0.0090815679623748296 -0.0016895457991796732 0.0082357934225751137 -0.0095960990910151436 -0.0052097017259030032 0.01489828506356277
leaf_weight=25.022147020325065 2.0770048573613158 8.4356216285377723 32.689476465806365 15.955301338806747 2.3869389314204454
leaf_count=149 19 67 193 113 24
internal_value=0.000115262 -0.00100504 -0.00544213 0.0035556 0.0103652
internal_weight=86.5665 82.1025 41.1251 40.9774 4.46394
internal_count=565 522 260 262 43
is_linear=0
shrinkage=0.05


Tree=292
num_leaves=7
num_cat=0
split_feature=13 6 6 11 3 13
split_gain=0.459914 1.38347 1.80376 1.71229 0.982904 1.29312
threshold=-0.0073688483923132634 6.4559525364037791 6.1099105938504996 0.40269845478935179 -0.94841914706659192 -0.035828570958424878
decision_type=10 2 2 2 2 8
left_child=4 2 -2 -3 -1 -6
right_child=1 3 -4 -5 5 -7
leaf_value=-0.012436803147800827 -0.0014360594611891543 0.0072132376113524937 0.025843023066681039 -0.017527440194231188 0.006964839790397118 -0.011286629788547916
leaf_weight=13.107186857610939 11.18513427861035 10.703337391838433 7.0619255080819121 8.1489141788333637 27.336332457140088 8.9403244927525503
leaf_count=89 67 77 43 58 174 57
internal_value=0.000152613 0.00406845 0.012409 -0.00491337 -0.00289272 0.00164447
internal_weight=86.4832 37.0993 18.2471 18.8523 49.3838 36.2767
internal_count=565 245 110 135 320 231
is_linear=0
shrinkage=0.05


Tree=293
num_leaves=5
num_cat=0
split_feature=3 0 13 4
split_gain=0.442094 0.921644 1.19108 1.03069
threshold=1.608734551742937 0.65000000000000013 -0.0073688483923132634 0.018027756377319949
decision_type=2 2 8 2
left_child=1 2 -1 -3
right_child=-2 3 -4 -5
leaf_value=-0.0085339876058757608 -0.0091964703052299646 -0.0042120970089046693 0.0043631260615998564 0.016859499264426727
leaf_weight=28.175814587622881 6.2269044928252688 6.4215719439089325 34.248509921133518 11.359279198572038
leaf_count=153 36 54 224 98
internal_value=0.000137553 0.00135936 -0.00165928 0.00999526
internal_weight=86.4321 80.2052 62.4243 17.7809
internal_count=565 529 377 152
is_linear=0
shrinkage=0.05


Tree=294
num_leaves=5
num_cat=0
split_feature=9 9 9 13
split_gain=0.442519 0.854299 1.49434 0.598752
threshold=1.4967202813581142 1.0952500932430196 1.0575805377019651 -0.25782364573499911
decision_type=2 2 2 10
left_child=1 2 -1 -3
right_child=-2 3 -4 -5
leaf_value=-0.0012239421203290443 0.0099102783196146956 0.0030935742414498818 0.021296349345771886 -0.017780222657876384
leaf_weight=68.530477002263069 5.3128611482679835 3.0837496481835842 3.200154121965169 6.2510511837899667
leaf_count=451 36 19 18 41
internal_value=0.000129146 -0.00105039 0.00110303 -0.0122107
internal_weight=86.3783 81.0654 71.7306 9.3348
internal_count=565 529 469 60
is_linear=0
shrinkage=0.05


Tree=295
num_leaves=6
num_cat=0
split_feature=12 2 9 3 3
split_gain=0.450317 1.70889 1.1159 1.07838 0.892753
threshold=0.92384551684739458 0.032681057079307886 1.4967202813581142 -1.1489357902451574 -0.30151134457776291
decision_type=2 2 2 2 2
left_child=2 -2 3 -1 -3
right_child=1 4 -4 -5 -6
leaf_value=-0.010428466588602673 0.014128721019422483 0.0020244062884868011 0.018163096340240756 0.0030637203498603549 -0.022629434931570529
leaf_weight=14.782369464635847 2.7898406982421866 4.3160748258233061 4.2092148922383776 53.965345337986946 6.2907425723969927
leaf_count=104 19 27 30 347 38
internal_value=0.000164616 -0.00688077 0.00181666 -0.000347759 -0.0151628
internal_weight=86.3536 13.3967 72.9569 68.7477 10.6068
internal_count=565 84 481 451 65
is_linear=0
shrinkage=0.05


Tree=296
num_leaves=4
num_cat=0
split_feature=12 12 6
split_gain=0.444752 1.02138 0.980892
threshold=-0.99141341200047683 -0.93961922861114688 5.5658729603828503
decision_type=2 2 2
left_child=-1 -2 -3
right_child=1 2 -4
leaf_value=-0.01079400470162724 0.015261697191325366 -0.014614721464528075 0.001287743264912207
leaf_weight=3.45490445382893 6.2912382818758479 6.1428684145212165 70.448543528094888
leaf_count=24 40 40 461
internal_value=0.000168273 0.00121334 -0.000805128
internal_weight=86.3376 82.8827 76.5914
internal_count=565 541 501
is_linear=0
shrinkage=0.05


Tree=297
num_leaves=6
num_cat=0
split_feature=0 3 3 2 11
split_gain=0.425367 0.752495 1.77853 1.59947 0.254387
threshold=0.8600000000000001 -0.7022963068247311 -0.90453403373329511 0.030161522693737369 0.27140545221094381
decision_type=2 2 2 2 2
left_child=1 2 -1 -3 -2
right_child=4 3 -4 -5 -6
leaf_value=-0.0013778847027050862 -0.0017198941933752787 0.012511175961941061 0.02415176285456179 -0.0082276629689026024 0.014729753721207356
leaf_weight=27.277254823595289 2.072989046573638 6.8215578608214846 3.8918859492987385 43.882446063682437 2.369399406015873
leaf_count=187 19 44 27 264 24
internal_value=0.000135556 -0.000967 0.00470789 -0.00456496 0.0102077
internal_weight=86.3155 81.8731 31.1691 50.704 4.44239
internal_count=565 522 214 308 43
is_linear=0
shrinkage=0.05


Tree=298
num_leaves=4
num_cat=0
split_feature=12 12 12
split_gain=0.431454 0.967849 0.978594
threshold=-0.99141341200047683 -0.93961922861114688 -0.49064913936397658
decision_type=2 2 2
left_child=-1 -2 -3
right_child=1 2 -4
leaf_value=-0.010568192579605463 0.01493663346631921 -0.010808800731473549 0.0021241367656056149
leaf_weight=3.4470388144254676 6.2921721525490275 13.667977929115294 62.867987830191851
leaf_count=24 40 93 408
internal_value=0.000238614 0.0012644 -0.000706652
internal_weight=86.2752 82.8281 76.536
internal_count=565 541 501
is_linear=0
shrinkage=0.05


Tree=299
num_leaves=6
num_cat=0
split_feature=12 2 9 5 5
split_gain=0.42538 1.6076 1.06408 1.21736 0.903385
threshold=0.92384551684739458 0.032681057079307886 1.4967202813581142 0.090000000000000066 -0.089999999999999997
decision_type=2 2 2 2 2
left_child=2 -2 3 -1 -3
right_child=1 4 -4 -5 -6
leaf_value=-0.0043307954798761294 0.013738779149699546 0.0042490139270678082 0.01779395433259438 0.0092712597831745309 -0.020814521304718801
leaf_weight=50.227690933272243 2.7857829779386512 2.9834664780646554 4.1954566463828078 18.431697698310018 7.6338386870920649
leaf_count=324 19 19 30 127 46
internal_value=0.00021485 -0.00663358 0.00181986 -0.000297837 -0.0146661
internal_weight=86.2579 13.4031 72.8548 68.6594 10.6173
internal_count=565 84 481 451 65
is_linear=0
shrinkage=0.05


end of trees

feature_importances:
Column_0=271
Column_6=162
Column_8=142
Column_4=133
Column_7=127
Column_13=116
Column_5=103
Column_2=100
Column_1=94
Column_12=88
Column_11=72
Column_3=70
Column_9=59
Column_10=3

parameters:
[boosting: gbdt]
[objective: binary]
[metric: binary_logloss]
[tree_learner: serial]
[device_type: cpu]
[data_sample_strategy: bagging]
[data: ]
[valid: ]
[num_iterations: 300]
[learning_rate: 0.05]
[num_leaves: 7]
[num_threads: 4]
[seed: 42]
[deterministic: 0]
[force_col_wise: 0]
[force_row_wise: 0]
[histogram_pool_size: -1]
[max_depth: 3]
[min_data_in_leaf: 20]
[min_sum_hessian_in_leaf: 0.001]
[bagging_fraction: 0.9]
[pos_bagging_fraction: 1]
[neg_bagging_fraction: 1]
[bagging_freq: 0]
[bagging_seed: 400]
[bagging_by_query: 0]
[feature_fraction: 0.9]
[feature_fraction_bynode: 1]
[feature_fraction_seed: 30056]
[extra_trees: 0]
[extra_seed: 12879]
[early_stopping_round: 0]
[early_stopping_min_delta: 0]
[first_metric_only: 0]
[max_delta_step: 0]
[lambda_l1: 0]
[lambda_l2: 5]
[linear_lambda: 0]
[min_gain_to_split: 0]
[drop_rate: 0.1]
[max_drop: 50]
[skip_drop: 0.5]
[xgboost_dart_mode: 0]
[uniform_drop: 0]
[drop_seed: 17869]
[top_rate: 0.2]
[other_rate: 0.1]
[min_data_per_group: 100]
[max_cat_threshold: 32]
[cat_l2: 10]
[cat_smooth: 10]
[max_cat_to_onehot: 4]
[top_k: 20]
[monotone_constraints: ]
[monotone_constraints_method: basic]
[monotone_penalty: 0]
[feature_contri: ]
[forcedsplits_filename: ]
[refit_decay_rate: 0.9]
[cegb_tradeoff: 1]
[cegb_penalty_split: 0]
[cegb_penalty_feature_lazy: ]
[cegb_penalty_feature_coupled: ]
[path_smooth: 0]
[interaction_constraints: ]
[verbosity: -1]
[saved_feature_importance_type: 0]
[use_quantized_grad: 0]
[num_grad_quant_bins: 4]
[quant_train_renew_leaf: 0]
[stochastic_rounding: 1]
[linear_tree: 0]
[max_bin: 255]
[max_bin_by_feature: ]
[min_data_in_bin: 3]
[bin_construct_sample_cnt: 200000]
[data_random_seed: 175]
[is_enable_sparse: 1]
[enable_bundle: 1]
[use_missing: 1]
[zero_as_missing: 0]
[feature_pre_filter: 1]
[pre_partition: 0]
[two_round: 0]
[header: 0]
[label_column: ]
[weight_column: ]
[group_column: ]
[ignore_column: ]
[categorical_feature: ]
[forcedbins_filename: ]
[precise_float_parser: 0]
[parser_config_file: ]
[objective_seed: 16083]
[num_class: 1]
[is_unbalance: 0]
[scale_pos_weight: 1]
[sigmoid: 1]
[boost_from_average: 1]
[reg_sqrt: 0]
[alpha: 0.9]
[fair_c: 1]
[poisson_max_delta_step: 0.7]
[tweedie_variance_power: 1.5]
[lambdarank_truncation_level: 30]
[lambdarank_norm: 1]
[label_gain: ]
[lambdarank_position_bias_regularization: 0]
[eval_at: ]
[multi_error_top_k: 1]
[auc_mu_weights: ]
[num_machines: 1]
[local_listen_port: 12400]
[time_out: 120]
[machine_list_filename: ]
[machines: ]
[gpu_platform_id: -1]
[gpu_device_id: -1]
[gpu_use_dp: 0]
[num_gpu: 1]

end of parameters

pandas_categorical:null
