tree
version=v4
num_class=1
num_tree_per_iteration=1
label_index=0
max_feature_idx=13
objective=binary sigmoid:1
feature_names=Column_0 Column_1 Column_2 Column_3 Column_4 Column_5 Column_6 Column_7 Column_8 Column_9 Column_10 Column_11 Column_12 Column_13
feature_infos=[0.014999999999999999:0.98499999999999999] [-3.1378382962510645:3.157430933968004] [0:0.24821410728553595] [-1.7320508075688898:1.7320508075688883] [0:0.17826858248160277] [-0.85000000000000009:0.63] [2.998229153752578:8.7189284109805882] [-0.99853222348764381:0.99985842336633868] [0:0.83314897480010253] [-2.8284271247461907:2.1885454585503612] [0.0099999999999998979:0.040000000000000036] [-0.99996380310153576:0.99996380310153576] [-0.9999631817107153:0.9999631817107153] [-0.64423007639733476:0.50881104549551115]
tree_sizes=857 878 880 874 878 873 879 872 878 877 883 881 882 877 879 881 877 878 884 876 879 874 871 882 881 884 887 878 777 884 880 883 884 879 776 884 882 776 879 886 776 887 779 879 882 774 779 884 777 881 877 772 785 881 877 885 887 780 781 884 783 882 779 677 775 873 781 888 778 677 678 886 782 780 876 674 886 778 675 885 677 777 676 883 782 875 879 676 881 881 781 882 776 886 881 676 679 880 777 780 780 678 777 778 884 674 784 883 677 778 879 683 780 891 685 881 779 884 776 888 783 675 881 785 885 889 885 781 888 785 884 784 778 679 785 784 884 779 681 889 888 782 786 882 888 898 885 880 884 883 893 878 884 783 887 886 878 885 895 883 884 881 881 882 887 892 888 785 784 876 884 777 681 787 887 888 884 887 882 777 884 893 782 894 893 791 890 681 580 787 890 883 789 779 777 781 889 580 781 881 884 681 787 889 780 782 783 778 884 581 884 891 887 893 682 783 890 885 782 781 777 682 781 780 891 889 883 580 788 681 891 883 777 884 777 784 882 888 885 886 780 782 882 890 888 888 880 889 782 889 786 784 883 889 884 780 784 890 887 891 784 780 786 678 886 886 784 888 787 679 786 890 683 889 676 787 886 682 884 674 781 783 780 784 788 782 781 882 892 783 785 888 892 780 886 893 882 787 783 783

Tree=0
num_leaves=7
num_cat=0
split_feature=0 0 2 8 4 8
split_gain=155.169 20.9623 14.4661 6.58635 4.20138 2.64186
threshold=0.58000000000000007 0.32000000000000006 0.062920114948714398 0.70798238080288256 0.065454610596250559 0.70466741436274494
decision_type=2 2 2 2 2 2
left_child=1 5 -3 4 -2 -1
right_child=3 2 -4 -5 -6 -7
leaf_value=0.049440322590204505 0.1868561951428164 0.083547112341963159 0.13620453928956228 0.13262878184803986 0.13082920415497903 0.10371640280461772
leaf_weight=38.863319277763367 47.582653731107712 28.400117933750153 17.43866890668869 11.459696710109709 6.2280960381031027 5.7298483550548545
leaf_count=156 191 114 70 46 25 23
internal_value=0.118539 0.0770196 0.103347 0.174924 0.181968 0.0542168
internal_weight=155.702 90.432 45.8388 65.2704 53.8107 44.5932
internal_count=625 363 184 262 216 179
is_linear=0
shrinkage=1


Tree=1
num_leaves=7
num_cat=0
split_feature=0 0 2 8 4 8
split_gain=142.079 19.1068 13.2806 6.00738 3.78816 2.28741
threshold=0.58000000000000007 0.32000000000000006 0.062920114948714398 0.70798238080288256 0.065454610596250559 0.70466741436274494
decision_type=2 2 2 2 2 2
left_child=1 5 -3 4 -2 -1
right_child=3 2 -4 -5 -6 -7
leaf_value=-0.065862686148419045 0.065541875499514221 -0.033452153923101281 0.016994667739328093 0.013608257591387386 0.01195492563185452 -0.014419940656850469
leaf_weight=38.97617769241333 47.335613206028938 28.450323969125748 17.419087141752243 11.449575304985045 6.2233317643403998 5.7345642745494834
leaf_count=156 191 114 70 46 25 23
internal_value=-5.9968e-06 -0.0396438 -0.0145074 0.0541105 0.0608677 -0.0613787
internal_weight=155.589 90.5802 45.8694 65.0085 53.5589 44.7107
internal_count=625 363 184 262 216 179
is_linear=0
shrinkage=0.05


Tree=2
num_leaves=7
num_cat=0
split_feature=0 0 2 8 4 8
split_gain=130.277 17.4824 12.1987 5.50583 3.43389 1.99223
threshold=0.58000000000000007 0.32000000000000006 0.062920114948714398 0.70798238080288256 0.065454610596250559 0.70466741436274494
decision_type=2 2 2 2 2 2
left_child=1 5 -3 4 -2 -1
right_child=3 2 -4 -5 -6 -7
leaf_value=-0.062912328134723278 0.062994888214264022 -0.031998279755128242 0.016350429045800426 0.013143542139303528 0.011628870698803756 -0.014029422752466931
leaf_weight=38.997370898723602 46.997525244951248 28.482127636671066 17.397718578577042 11.438735544681547 6.2182527035474768 5.7385529279708853
leaf_count=156 191 114 70 46 25 23
internal_value=-1.05684e-05 -0.0378995 -0.0138593 0.0520009 0.0585071 -0.0586826
internal_weight=155.27 90.6158 45.8798 64.6545 53.2158 44.7359
internal_count=625 363 184 262 216 179
is_linear=0
shrinkage=0.05


Tree=3
num_leaves=7
num_cat=0
split_feature=0 0 2 8 4 8
split_gain=119.604 16.05 11.2103 5.06776 3.12766 1.76555
threshold=0.58000000000000007 0.32000000000000006 0.062920114948714398 0.70798238080288256 0.065454610596250559 0.70912622324769858
decision_type=2 2 2 2 2 2
left_child=1 5 -3 4 -2 -1
right_child=3 2 -4 -5 -6 -7
leaf_value=-0.05981966765645208 0.060644842209130113 -0.030622643947804781 0.015731892849806865 0.012695329029393177 0.011312119969731735 -0.011889200142687179
leaf_weight=39.687637254595757 46.581957310438156 28.49766594171524 17.374831289052963 11.42727681994438 6.21289238333702 4.9929252266883841
leaf_count=159 191 114 70 46 25 20
internal_value=-1.39272e-05 -0.0362709 -0.0132447 0.0500356 0.0563203 -0.0561992
internal_weight=154.775 90.5531 45.8725 64.2221 52.7948 44.6806
internal_count=625 363 184 262 216 179
is_linear=0
shrinkage=0.05


Tree=4
num_leaves=7
num_cat=0
split_feature=0 0 2 0 8 8
split_gain=109.911 14.7693 10.3064 4.80785 1.80467 1.57919
threshold=0.58000000000000007 0.32000000000000006 0.062920114948714398 0.69000000000000006 0.70625274740517374 0.70466741436274494
decision_type=2 2 2 2 2 2
left_child=1 5 -3 4 -2 -1
right_child=3 2 -4 -5 -6 -7
leaf_value=-0.057726127695868101 0.025878665467576195 -0.029318910779408281 0.015137844806191498 0.056444090861174911 -0.0045612311966283514 -0.013161400210529873
leaf_weight=38.811808884143829 12.137569338083269 28.498882234096527 17.350665181875229 46.629609748721123 4.9563770592212668 5.7449377328157416
leaf_count=156 50 114 70 192 20 23
internal_value=-1.2844e-05 -0.0347389 -0.0126611 0.048197 0.0180178 -0.0538878
internal_weight=154.13 90.4063 45.8495 63.7236 17.0939 44.5567
internal_count=625 363 184 262 70 179
is_linear=0
shrinkage=0.05


Tree=5
num_leaves=7
num_cat=0
split_feature=0 0 0 3 8 8
split_gain=101.368 11.0302 7.75841 8.5471 3.29709 1.39709
threshold=0.50000000000000011 0.69000000000000006 0.32000000000000006 0.57735026918962629 0.70625274740517374 0.70466741436274494
decision_type=2 2 2 2 2 2
left_child=2 4 5 -4 -2 -1
right_child=1 -3 3 -5 -6 -7
leaf_value=-0.055411945590386036 0.020994972087553229 0.054395486954173594 -0.032300281268734209 0.014702174693880585 -0.012318726096171531 -0.012807216204974055
leaf_weight=38.624498784542084 22.28896160423756 46.166484832763672 22.911250278353691 11.19738921523094 6.457745984196662 5.7468483150005332
leaf_count=156 91 192 92 45 26 23
internal_value=-2.11369e-05 0.0402313 -0.0385525 -0.0169631 0.0127949 -0.0517498
internal_weight=153.393 74.9132 78.48 34.1086 28.7467 44.3713
internal_count=625 309 316 137 117 179
is_linear=0
shrinkage=0.05


Tree=6
num_leaves=7
num_cat=0
split_feature=0 0 2 8 4 3
split_gain=93.3123 12.4942 9.41467 4.58676 3.12483 2.24314
threshold=0.58000000000000007 0.32000000000000006 0.062920114948714398 0.70798238080288256 0.065454610596250559 0.25414709947848829
decision_type=2 2 2 2 2 2
left_child=1 -1 -3 4 -2 -5
right_child=3 2 -4 5 -6 -7
leaf_value=-0.049753163308582232 0.055150249857111693 -0.027677201553063708 0.014793440107231251 -0.0081208733909782279 0.0086983731120454568 0.025494223409736057
leaf_weight=44.134152829647064 45.170572951436043 28.476843908429146 17.332909792661667 6.1747067421674711 6.1511594057083121 5.1635178476572037
leaf_count=179 191 114 70 25 25 21
internal_value=-5.37114e-05 -0.0320267 -0.0117333 0.0448165 0.0508492 0.0103048
internal_weight=152.604 89.9439 45.8098 62.66 51.3217 11.3382
internal_count=625 363 184 262 216 46
is_linear=0
shrinkage=0.05


Tree=7
num_leaves=7
num_cat=0
split_feature=0 0 0 3 8 8
split_gain=86.1249 9.78432 6.52461 7.85433 2.92353 1.43187
threshold=0.50000000000000011 0.69000000000000006 0.32000000000000006 0.57735026918962629 0.70625274740517374 0.70466741436274494
decision_type=2 2 2 2 2 2
left_child=2 4 5 -4 -2 -1
right_child=1 -3 3 -5 -6 -7
leaf_value=-0.051374094782809326 0.019458493198843976 0.050961984878919037 -0.030480984703931038 0.014518100242064314 -0.01186289747415104 -0.011131547811704884
leaf_weight=38.12384444475174 22.107096880674366 45.154980391263962 22.893212333321571 11.179808154702185 6.4580558240413657 5.7491287738084784
leaf_count=156 91 192 92 45 26 23
internal_value=-1.83865e-05 0.0374432 -0.0355703 -0.0157478 0.011665 -0.047779
internal_weight=151.666 73.7201 77.946 34.073 28.5652 43.873
internal_count=625 309 316 137 117 179
is_linear=0
shrinkage=0.05


Tree=8
num_leaves=7
num_cat=0
split_feature=0 0 2 8 4 3
split_gain=79.4339 10.5974 8.60824 4.16874 3.00424 2.09684
threshold=0.58000000000000007 0.32000000000000006 0.062920114948714398 0.70798238080288256 0.065454610596250559 0.25414709947848829
decision_type=2 2 2 2 2 2
left_child=1 -1 -3 4 -2 -5
right_child=3 2 -4 5 -6 -7
leaf_value=-0.046016911656870281 0.051921806709753771 -0.026152291816979034 0.01445128401091394 -0.0083338738642374857 0.0074342354916518529 0.024060250756214582
leaf_weight=43.555439114570618 44.033394202589989 28.428548768162727 17.309614211320877 6.162367030978201 6.1101035773754111 5.114716961979866
leaf_count=179 191 114 70 25 25 21
internal_value=-4.73145e-05 -0.0295482 -0.010876 0.0418369 0.0476665 0.00923611
internal_weight=150.714 89.2936 45.7382 61.4206 50.1435 11.2771
internal_count=625 363 184 262 216 46
is_linear=0
shrinkage=0.05


Tree=9
num_leaves=7
num_cat=0
split_feature=0 0 0 2 13 4
split_gain=73.3511 8.73196 5.7197 5.16476 4.28706 1.13374
threshold=0.50000000000000011 0.69000000000000006 0.22000000000000003 0.073302450837503752 0.071317400314118554 0.058468514389084118
decision_type=2 2 2 2 8 2
left_child=2 4 -1 -4 -2 -3
right_child=1 5 3 -5 -6 -7
leaf_value=-0.052349758454029831 0.024560454355263123 0.051250441003614457 -0.029772799117779226 0.0026612416070135709 -0.0098309741229106948 0.012022608198799092
leaf_weight=23.622341692447662 16.285468742251396 38.298964574933052 37.428103029727936 16.186667427420616 12.08350706100464 5.7368592470884314
leaf_count=98 67 168 152 66 50 24
internal_value=-1.41221e-05 0.0349204 -0.032895 -0.020589 0.0106336 0.047887
internal_weight=149.642 72.4048 77.2371 53.6148 28.369 44.0358
internal_count=625 309 316 218 117 192
is_linear=0
shrinkage=0.05


Tree=10
num_leaves=7
num_cat=0
split_feature=0 0 2 8 4 3
split_gain=67.9104 9.30029 7.61984 3.94689 2.67072 2.00328
threshold=0.58000000000000007 0.32000000000000006 0.062920114948714398 0.70798238080288256 0.065454610596250559 0.25414709947848829
decision_type=2 2 2 2 2 2
left_child=1 -1 -3 4 -2 -5
right_child=3 2 -4 5 -6 -7
leaf_value=-0.042866182286786805 0.049042858061504713 -0.024291616956496644 0.013912082843143957 -0.0088420974056105019 0.0069997236959054706 0.022677768118218738
leaf_weight=42.918474778532982 42.813005819916725 28.347017019987106 17.279610976576805 6.1437266469001752 6.0943783968687049 5.0596514046192169
leaf_count=179 191 114 70 25 25 21
internal_value=-1.32678e-05 -0.0273043 -0.00987814 0.0391969 0.044939 0.00799812
internal_weight=148.656 88.5451 45.6266 60.1108 48.9074 11.2034
internal_count=625 363 184 262 216 46
is_linear=0
shrinkage=0.05


Tree=11
num_leaves=7
num_cat=0
split_feature=0 0 0 2 13 4
split_gain=62.7821 8.37598 4.9309 4.14817 3.23752 1.00453
threshold=0.49000000000000005 0.69000000000000006 0.22000000000000003 0.073302450837503752 0.071317400314118554 0.058468514389084118
decision_type=2 2 2 2 8 2
left_child=2 4 -1 -4 -2 -3
right_child=1 5 3 -5 -6 -7
leaf_value=-0.049249411014339411 0.02136070610917019 0.048415565462439393 -0.027741508988522592 0.0018244290363154403 -0.0080353235476970167 0.011304138020083836
leaf_weight=23.162172585725784 16.901820033788681 37.155543893575668 35.928120091557503 15.877476885914801 12.771585926413538 5.6975010633468619
leaf_count=98 70 168 147 65 53 24
internal_value=1.74411e-05 0.0320787 -0.0310661 -0.0193171 0.00937427 0.0451781
internal_weight=147.494 72.5265 74.9678 51.8056 29.6734 42.853
internal_count=625 315 310 212 123 192
is_linear=0
shrinkage=0.05


Tree=12
num_leaves=7
num_cat=0
split_feature=0 0 2 8 4 8
split_gain=58.1715 8.17257 6.7528 3.74455 2.38894 1.71802
threshold=0.58000000000000007 0.32000000000000006 0.062920114948714398 0.70798238080288256 0.065454610596250559 0.69184779699649213
decision_type=2 2 2 2 2 2
left_child=1 5 -3 4 -2 -1
right_child=3 2 -4 -5 -6 -7
leaf_value=-0.044132976475316735 0.046429639995552177 -0.022606655014048564 0.013369575007513072 0.0068636255456815398 0.0065914999478979518 -0.0084204603837529177
leaf_weight=35.564404800534248 41.542068228125572 28.243257462978363 17.246904820203781 11.124396502971647 6.078620418906211 6.6339328736066809
leaf_count=152 191 114 70 46 25 27
internal_value=1.55173e-05 -0.0252704 -0.00899358 0.0367813 0.042454 -0.0400055
internal_weight=146.434 87.6885 45.4902 58.7451 47.6207 42.1983
internal_count=625 363 184 262 216 179
is_linear=0
shrinkage=0.05


Tree=13
num_leaves=7
num_cat=0
split_feature=0 0 0 6 8 4
split_gain=53.8529 7.5713 4.70119 3.21409 2.82096 0.891588
threshold=0.49000000000000005 0.69000000000000006 0.17000000000000001 6.1837054549085009 0.71512136263180337 0.058468514389084118
decision_type=2 2 2 2 2 2
left_child=2 3 -1 -2 -4 -3
right_child=1 5 4 -5 -6 -7
leaf_value=-0.052400521807711542 0.02727249955197085 0.045837474878795442 -0.024023704615981373 -0.0032223649783716247 0.0040094095301365477 0.010661452544082425
leaf_weight=14.039667338132857 8.8195122331380862 35.978882819414139 50.908033356070518 20.662701353430748 9.1390417516231519 5.6598888188600531
leaf_count=61 37 168 212 86 37 24
internal_value=1.39746e-05 0.030034 -0.0288812 0.00853188 -0.0197769 0.0427116
internal_weight=145.208 71.121 74.0867 29.4822 60.0471 41.6388
internal_count=625 315 310 123 249 192
is_linear=0
shrinkage=0.05


Tree=14
num_leaves=7
num_cat=0
split_feature=0 0 2 8 11 3
split_gain=49.8464 7.37357 6.20526 3.56806 2.22061 1.92219
threshold=0.58000000000000007 0.32000000000000006 0.062920114948714398 0.70798238080288256 0.97626066823249269 0.25414709947848829
decision_type=2 2 2 2 2 2
left_child=1 -1 -3 4 -2 -5
right_child=3 2 -4 5 -6 -7
leaf_value=-0.037551974790501867 0.043335003094975878 -0.021160714971453373 0.013305694027026483 -0.010091887071117125 0.0026580148790715944 0.020571435910957944
leaf_weight=41.420766115188599 41.965407758951187 28.136422827839851 17.236530140042305 6.0937581062316877 4.3445824831724158 4.9540802836418152
leaf_count=179 196 114 70 25 20 21
internal_value=2.94166e-05 -0.0234058 -0.00804634 0.0345249 0.0401498 0.00578351
internal_weight=144.152 86.7937 45.373 57.3578 46.31 11.0478
internal_count=625 363 184 262 216 46
is_linear=0
shrinkage=0.05


Tree=15
num_leaves=7
num_cat=0
split_feature=0 0 0 13 7 3
split_gain=46.2419 6.79275 4.61272 3.08554 2.6685 0.992025
threshold=0.49000000000000005 0.69000000000000006 0.17000000000000001 0.071317400314118554 -0.89874411944334132 1.5075567228888194
decision_type=2 2 2 8 2 2
left_child=2 3 -1 -2 -4 -3
right_child=1 5 4 -5 -6 -7
leaf_value=-0.050112283480180458 0.019715146346701053 0.04302839137836565 0.0089186041763013625 -0.0089415766856927089 -0.021307665878785909 0.0069869292302033236
leaf_weight=13.665474891662596 16.673330992460251 36.158441603183746 5.5517142117023459 12.629479855298998 53.989424020051956 4.2764366120100012
leaf_count=61 70 172 23 53 226 20
internal_value=4.90924e-05 0.0281712 -0.0268288 0.00786109 -0.0180167 0.040405
internal_weight=142.944 69.7377 73.2066 29.3028 59.5411 40.4349
internal_count=625 315 310 123 249 192
is_linear=0
shrinkage=0.05


Tree=16
num_leaves=7
num_cat=0
split_feature=0 0 2 8 4 1
split_gain=42.7018 6.64321 4.41045 3.36314 2.43409 1.0991
threshold=0.58000000000000007 0.22000000000000003 0.073302450837503752 0.70798238080288256 0.03426678249401427 -1.3298734548411433
decision_type=2 2 2 2 2 2
left_child=1 5 -3 4 -2 -1
right_child=3 2 -4 -5 -6 -7
leaf_value=-0.011977443339167082 0.045968160874743896 -0.019608812226536713 0.0073302334588021753 0.004856689004942679 0.014488300602996879 -0.049896975862951935
leaf_weight=6.452761963009837 29.998911663889885 45.387177392840385 18.635630711913109 10.969725385308264 15.049208402633665 15.404861390590666
leaf_count=29 147 188 77 46 69 69
internal_value=4.61602e-05 -0.0216779 -0.0118045 0.0323983 0.0379498 -0.0430163
internal_weight=141.898 85.8804 64.0228 56.0178 45.0481 21.8576
internal_count=625 363 265 262 216 98
is_linear=0
shrinkage=0.05


Tree=17
num_leaves=7
num_cat=0
split_feature=0 0 0 2 6 4
split_gain=39.9937 6.11632 4.43049 3.04521 2.66217 1.03496
threshold=0.49000000000000005 0.69000000000000006 0.17000000000000001 0.07853157491525424 6.0462006490806166 0.058468514389084118
decision_type=2 2 2 2 2 2
left_child=2 3 -1 -2 -4 -3
right_child=1 5 4 -5 -6 -7
leaf_value=-0.047968903453274758 0.015661665363180234 0.041525372663759802 0.0045855815150441454 -0.015146388907347211 -0.021111312155706604 0.0082266011242216018
leaf_weight=13.261680677533148 22.277582526206974 33.744605511426926 10.463756337761877 6.8536624312400809 48.691740661859512 5.524871513247489
leaf_count=61 94 168 44 29 205 24
internal_value=3.12356e-05 0.026473 -0.0250408 0.00725647 -0.0165628 0.0382988
internal_weight=140.818 68.4007 72.4172 29.1312 59.1555 39.2695
internal_count=625 315 310 123 249 192
is_linear=0
shrinkage=0.05


Tree=18
num_leaves=7
num_cat=0
split_feature=0 0 0 13 13 8
split_gain=36.9366 5.80988 4.31404 2.90839 2.57183 1.08759
threshold=0.49000000000000005 0.69000000000000006 0.17000000000000001 0.071317400314118554 0.056449219507279123 0.71097575162462712
decision_type=2 2 2 8 10 2
left_child=2 3 -1 -2 -4 -3
right_child=1 5 4 -5 -6 -7
leaf_value=-0.046840489705658961 0.018513830482847972 0.040493962717498555 -0.02305511725852176 -0.0092867162306091381 -0.0015324125037396918 0.0075727482730560949
leaf_weight=13.028489023447035 16.53264744579792 33.133835211396217 37.185895159840584 12.574415355920793 21.808959782123566 5.5088632553815833
leaf_count=61 70 168 157 53 92 24
internal_value=7.37606e-06 0.0255563 -0.0241245 0.00690306 -0.0158401 0.037206
internal_weight=139.773 67.7498 72.0233 29.1071 58.9949 38.6427
internal_count=625 315 310 123 249 192
is_linear=0
shrinkage=0.05


Tree=19
num_leaves=7
num_cat=0
split_feature=0 0 2 8 4 3
split_gain=34.2687 5.92224 5.47919 3.11979 2.45575 1.84977
threshold=0.58000000000000007 0.32000000000000006 0.062920114948714398 0.70798238080288256 0.03426678249401427 0.25414709947848829
decision_type=2 2 2 2 2 2
left_child=1 -1 -3 4 -2 -5
right_child=3 2 -4 5 -6 -7
leaf_value=-0.032496910342318205 0.043136495353128315 -0.018473405817636589 0.013853536296932973 -0.011410695179825594 0.012408549730843932 0.01856849012548464
leaf_weight=39.586163505911827 28.488326370716095 27.857970044016838 17.239014029502869 6.0319144874811155 14.6865838766098 4.8346213102340698
leaf_count=179 147 114 70 25 69 21
internal_value=-1.5578e-05 -0.0194889 -0.00596662 0.0295654 0.0350567 0.00357559
internal_weight=138.725 84.6831 45.097 54.0414 43.1749 10.8665
internal_count=625 363 184 262 216 46
is_linear=0
shrinkage=0.05


Tree=20
num_leaves=7
num_cat=0
split_feature=5 3 3 2 6 13
split_gain=14.0731 4.96022 7.7185 7.69292 3.55657 3.67399
threshold=0.019999999999999938 0.90453403373328711 1.5603470375877924 0.061958767651470348 6.0462006490806166 -0.16019088466118345
decision_type=2 2 2 2 2 8
left_child=4 3 -3 -2 -1 -6
right_child=1 2 -4 -5 5 -7
leaf_value=0.0071779162861418666 -0.018536016340907385 0.043027562180117052 -0.0091558971893660954 0.023586003391805388 0.0081875858100940307 -0.023549483844983191
leaf_weight=13.301176384091375 16.88302044570446 21.723127335309986 7.5633977949619284 16.549053490161896 8.2359883785247785 53.286229833960533
leaf_count=58 77 103 34 79 36 238
internal_value=3.1979e-05 0.0167965 0.030181 0.00267048 -0.0141923 -0.0190048
internal_weight=137.542 62.7186 29.2865 33.4321 74.8234 61.5222
internal_count=625 293 137 156 332 274
is_linear=0
shrinkage=0.05


Tree=21
num_leaves=7
num_cat=0
split_feature=0 0 0 13 8 3
split_gain=30.5783 4.87549 4.41072 3.48717 2.84556 1.06518
threshold=0.50000000000000011 0.69000000000000006 0.17000000000000001 0.071317400314118554 0.71512136263180337 1.5075567228888194
decision_type=2 2 2 8 2 2
left_child=2 3 -1 -2 -4 -3
right_child=1 5 4 -5 -6 -7
leaf_value=-0.044601883205185169 0.019417223718980147 0.037562731739251363 -0.018101854772517058 -0.011593375102579241 0.0084009693719908334 0.004301804657110146
leaf_weight=12.525010243058203 15.628481701016424 33.188781693577766 50.55791075527668 11.7632944136858 9.281701520085333 4.0598331540822974
leaf_count=61 67 172 217 50 38 20
internal_value=8.6502e-05 0.024119 -0.0215521 0.00636596 -0.0136602 0.0348757
internal_weight=137.005 64.6404 72.3646 27.3918 59.8396 37.2486
internal_count=625 309 316 117 255 192
is_linear=0
shrinkage=0.05


Tree=22
num_leaves=7
num_cat=0
split_feature=0 0 2 8 4 9
split_gain=28.3448 5.53483 3.1218 2.94371 2.576 0.83919
threshold=0.58000000000000007 0.17000000000000001 0.073302450837503752 0.70798238080288256 0.03426678249401427 0.71430142502926164
decision_type=2 2 2 2 2 2
left_child=1 -1 -3 4 -2 -5
right_child=3 2 -4 5 -6 -7
leaf_value=-0.04361573029702609 0.041119574275801762 -0.017053473324968677 0.0045446772901322329 0.01180305750160166 0.010562951210720976 -0.0084287327866241196
leaf_weight=12.28690494596958 27.361606359481812 49.629630908370018 21.557513877749443 5.6411351412534696 14.372463151812552 5.1167957782745361
leaf_count=61 147 211 91 24 69 22
internal_value=7.61986e-05 -0.0176878 -0.0106439 0.0274065 0.0328524 0.0025591
internal_weight=135.966 83.474 71.1871 52.492 41.7341 10.7579
internal_count=625 363 302 262 216 46
is_linear=0
shrinkage=0.05


Tree=23
num_leaves=7
num_cat=0
split_feature=0 0 0 2 5 8
split_gain=26.5494 4.64788 3.94278 3.08815 2.61238 1.02081
threshold=0.49000000000000005 0.69000000000000006 0.17000000000000001 0.07853157491525424 -0.070000000000000021 0.68375353928360638
decision_type=2 2 2 2 2 2
left_child=2 3 -1 -2 -4 -3
right_child=1 5 4 -5 -6 -7
leaf_value=-0.042667581756991119 0.014377155398074704 0.037704096026906421 -0.002142841042202919 -0.016606642104736436 -0.022898414633544792 0.0098193873584941516
leaf_weight=12.049110472202299 21.935087949037555 27.621398702263832 30.68927688896656 6.7664300203323355 27.344502523541451 8.5401623249053937
leaf_count=61 94 152 132 29 117 40
internal_value=7.29346e-05 0.0222545 -0.0205714 0.00569259 -0.0129631 0.0331114
internal_weight=134.946 64.8631 70.0829 28.7015 58.0338 36.1616
internal_count=625 315 310 123 249 192
is_linear=0
shrinkage=0.05


Tree=24
num_leaves=7
num_cat=0
split_feature=0 0 0 5 5 4
split_gain=24.6395 4.76619 3.5905 3.52291 3.39809 1.27941
threshold=0.48000000000000004 0.69000000000000006 0.17000000000000001 0.11000000000000008 -0.079999999999999988 0.058468514389084118
decision_type=2 2 2 2 2 2
left_child=2 3 -1 -2 -4 -3
right_child=1 5 4 -5 -6 -7
leaf_value=-0.04175446163099792 0.016356670531006333 0.03572417266920605 -0.00039973721676471495 -0.013921807835083892 -0.02415972729512109 0.0043777386618105126
leaf_weight=11.812356442213057 19.860065326094631 30.332872837781906 28.788758054375648 10.994467765092848 26.925844788551331 5.2624085545539847
leaf_count=61 85 168 124 47 116 24
internal_value=3.09589e-05 0.0208695 -0.0205002 0.00513062 -0.0129265 0.0321999
internal_weight=133.977 66.4498 67.527 30.8545 55.7146 35.5953
internal_count=625 324 301 132 240 192
is_linear=0
shrinkage=0.05


Tree=25
num_leaves=7
num_cat=0
split_feature=0 0 2 8 4 1
split_gain=22.8363 4.95774 3.43905 2.73023 2.53893 1.81767
threshold=0.58000000000000007 0.22000000000000003 0.073302450837503752 0.70798238080288256 0.03426678249401427 -1.3298734548411433
decision_type=2 2 2 2 2 2
left_child=1 5 -3 4 -2 -1
right_child=3 2 -4 -5 -6 -7
leaf_value=-0.0054596716629386702 0.038733016184993023 -0.014887209936531668 0.0087431543501762573 0.0015220060916371373 0.0088861387807489828 -0.043072991972795627
leaf_weight=5.8288979232311275 25.967633247375488 44.263419926166534 18.485450923442841 10.666803762316702 14.051183164119719 13.737806439399717
leaf_count=29 147 188 77 46 69 69
internal_value=-1.20818e-05 -0.0159682 -0.00779434 0.0250084 0.0304042 -0.0352597
internal_weight=133.001 82.3156 62.7489 50.6856 40.0188 19.5667
internal_count=625 363 265 262 216 98
is_linear=0
shrinkage=0.05


Tree=26
num_leaves=7
num_cat=0
split_feature=0 8 12 0 5 0
split_gain=21.4462 4.36339 7.02112 3.43085 3.07166 2.33646
threshold=0.48000000000000004 0.67969219349780652 -0.48849433563727529 0.17000000000000001 -0.079999999999999988 0.73000000000000009
decision_type=2 2 2 2 2 2
left_child=3 5 -3 -1 -5 -2
right_child=1 2 -4 4 -6 -7
leaf_value=-0.040226601123682523 0.013104748256675396 0.023677465685052565 -0.025861563489565031 -9.0067109776112493e-05 -0.022692951647807547 0.038690131939713795
leaf_weight=11.39853675663471 25.953445315361023 9.5131865441799182 9.1075509786605817 28.699047386646271 26.653093695640564 20.686036795377731
leaf_count=61 121 42 41 124 116 120
internal_value=-2.02122e-05 0.019616 -0.000897849 -0.0192471 -0.0119521 0.0271001
internal_weight=132.011 65.2602 18.6207 66.7507 55.3521 46.6395
internal_count=625 324 83 301 240 241
is_linear=0
shrinkage=0.05


Tree=27
num_leaves=7
num_cat=0
split_feature=0 0 6 5 13 3
split_gain=19.9132 4.18489 3.33301 3.30717 3.02083 1.34347
threshold=0.48000000000000004 0.69000000000000006 5.5674047919334315 0.12500000000000003 -0.16912130067281592 1.5212776585113308
decision_type=2 2 2 2 8 2
left_child=2 3 -1 -2 -4 -3
right_child=1 5 4 -5 -6 -7
leaf_value=0.012866435627763823 0.014502102506972151 0.032839537132180914 0.0051099446073626558 -0.015406559276551091 -0.025545926657516479 0.00040207630200698931
leaf_weight=4.5153928697109214 21.121195361018184 30.437715962529182 7.5624312311410904 9.5274135023355466 54.290733799338341 3.6453435122966757
leaf_count=20 91 173 33 41 248 19
internal_value=-4.25065e-05 0.0189617 -0.0186078 0.00434785 -0.021696 0.0298655
internal_weight=131.1 64.7317 66.3686 30.6486 61.8532 34.0831
internal_count=625 324 301 132 281 192
is_linear=0
shrinkage=0.05


Tree=28
num_leaves=6
num_cat=0
split_feature=0 0 12 4 9
split_gain=18.3148 4.64156 2.83534 2.60376 2.88068
threshold=0.58000000000000007 0.17000000000000001 0.27967872776607011 0.057960059172585315 1.1166294796175453
decision_type=2 2 2 2 2
left_child=1 -1 -3 4 -2
right_child=3 2 -4 -5 -6
leaf_value=-0.038936923282776766 0.031848285652815514 -0.00082959073793428383 -0.0212438295027466 -0.002190244004715053 -0.0044435694293545446
leaf_weight=11.036871567368506 36.018937990069389 48.588996231555939 21.532470524311066 8.0123884826898557 5.0036818385124198
leaf_count=61 200 209 93 36 26
internal_value=6.62637e-06 -0.0143055 -0.008095 0.0228265 0.0274198
internal_weight=130.193 81.1583 70.1215 49.035 41.0226
internal_count=625 363 302 262 226
is_linear=0
shrinkage=0.05


Tree=29
num_leaves=7
num_cat=0
split_feature=0 0 0 13 5 3
split_gain=17.1112 3.79409 3.29757 3.11671 2.91372 1.27883
threshold=0.48000000000000004 0.69000000000000006 0.17000000000000001 0.071317400314118554 -0.079999999999999988 1.5212776585113308
decision_type=2 2 2 8 2 2
left_child=2 3 -1 -2 -4 -3
right_child=1 5 4 -5 -6 -7
leaf_value=-0.038148053109577702 0.016018266448069095 0.031253292171820414 0.0010016604427849618 -0.011969150655512153 -0.020915461574783949 -1.3582097041264665e-05
leaf_weight=10.811003506183622 17.269362315535545 29.510206997394562 28.556238025426865 13.256409585475923 26.317217841744423 3.6078221350908271
leaf_count=61 75 173 124 57 116 19
internal_value=-5.8942e-05 0.017724 -0.0173243 0.00389021 -0.0103786 0.0282921
internal_weight=129.328 63.6438 65.6845 30.5258 54.8735 33.118
internal_count=625 324 301 132 240 192
is_linear=0
shrinkage=0.05


Tree=30
num_leaves=7
num_cat=0
split_feature=0 8 12 0 6 0
split_gain=15.8659 4.16129 6.4527 3.19238 2.79798 2.08608
threshold=0.48000000000000004 0.67969219349780652 -0.48849433563727529 0.17000000000000001 6.0926500200686533 0.73000000000000009
decision_type=2 2 2 2 2 2
left_child=3 5 -3 -1 -5 -2
right_child=1 2 -4 4 -6 -7
leaf_value=-0.037382896589269902 0.011610230594272169 0.021522784453010785 -0.026256243839410331 0.0089505283967976634 -0.01554255999688668 0.035884892575331888
leaf_weight=10.588678553700445 25.510150015354156 9.2907155752182025 9.0268245041370374 11.767548650503157 42.96290235221386 19.286931484937668
leaf_count=61 121 42 41 51 189 120
internal_value=-9.80993e-05 0.0171042 -0.00260387 -0.0167542 -0.00996791 0.0246152
internal_weight=128.434 63.1146 18.3175 65.3191 54.7305 44.7971
internal_count=625 324 83 301 240 241
is_linear=0
shrinkage=0.05


Tree=31
num_leaves=7
num_cat=0
split_feature=0 4 3 1 8 4
split_gain=14.7413 4.20699 6.28602 3.8256 2.46883 2.67397
threshold=0.58000000000000007 0.031770319969346553 0.85185712395899771 -1.3336562951430693 0.70798238080288256 0.03426678249401427
decision_type=2 2 2 2 2 2
left_child=1 3 -3 -1 5 -2
right_child=4 2 -4 -5 -6 -7
leaf_value=0.0087152352206192295 0.034896709459505758 -0.01178676707445086 0.030090787083962546 -0.026891384789379649 -0.00068324277627781647 0.0054066761603440774
leaf_weight=6.5372174382209769 23.662072718143463 24.445035621523857 7.8871495127677909 41.219241484999657 10.451368778944014 13.386027097702025
leaf_count=32 147 106 33 192 46 69
internal_value=-9.47662e-05 -0.0129468 0.00109082 -0.0216533 0.0207443 0.0261515
internal_weight=127.588 80.0886 32.3322 47.7565 47.4995 37.0481
internal_count=625 363 139 224 262 216
is_linear=0
shrinkage=0.05


Tree=32
num_leaves=7
num_cat=0
split_feature=0 0 6 11 4 9
split_gain=13.8368 5.42687 3.68546 2.25646 1.23134 0.789055
threshold=0.69000000000000006 0.32000000000000006 6.1837054549085009 -0.52618300327674361 0.058468514389084118 1.0092398854386637
decision_type=2 2 2 2 2 2
left_child=1 3 -3 -1 5 -2
right_child=4 2 -4 -5 -6 -7
leaf_value=-0.03830239470696678 0.033196421829923321 0.016652811494799722 -0.0079859843055331472 -0.010703565006721703 0.0015746246720515556 0.0043660740563505043
leaf_weight=12.246131405234335 22.32128722965718 17.40229956805706 42.059099137783051 23.254834309220314 5.0332443267107001 4.4264087080955496
leaf_count=62 142 75 179 117 24 26
internal_value=-1.38419e-05 -0.00966111 -4.26915e-05 -0.0237771 0.0262072 0.0298644
internal_weight=126.743 94.9624 59.4614 35.501 31.7809 26.7477
internal_count=625 433 254 179 192 168
is_linear=0
shrinkage=0.05


Tree=33
num_leaves=7
num_cat=0
split_feature=1 3 6 13 5 9
split_gain=6.17569 5.28802 4.43678 4.94069 4.23841 2.54763
threshold=1.1427357635335731 1.5603470375877924 6.1859410812508537 -0.16019088466118345 0.059999999999999977 0.70188897176348697
decision_type=2 2 2 8 2 2
left_child=2 4 5 -4 -2 -1
right_child=1 -3 3 -5 -6 -7
leaf_value=0.020144495225344818 -0.010123756721258433 -0.014623179847223828 0.012518080564690396 -0.018500665808292373 0.035399817134649708 -0.0086574243365348785
leaf_weight=16.163929641246799 4.0388135462999406 6.4924656897783271 12.35510742664337 58.068021163344383 20.358873277902603 8.4925361573696119
leaf_count=77 22 30 59 287 110 40
internal_value=-1.43953e-05 0.0177803 -0.00639513 -0.0125896 0.0274237 0.0104371
internal_weight=125.97 30.8902 95.0796 70.4231 24.3977 24.6565
internal_count=625 162 463 346 132 117
is_linear=0
shrinkage=0.05


Tree=34
num_leaves=6
num_cat=0
split_feature=0 0 6 4 9
split_gain=12.5193 4.96573 3.74155 1.23666 0.739854
threshold=0.69000000000000006 0.17000000000000001 6.0926500200686533 0.058468514389084118 1.0092398854386637
decision_type=2 2 2 2 2
left_child=1 -1 -3 4 -2
right_child=3 2 -4 -5 -6
leaf_value=-0.035672979054914448 0.032190672151386872 0.012916175504906292 -0.0098734651122903139 0.0010188681859910581 0.0042050927800778154
leaf_weight=10.077927902340887 21.77544258534909 19.567011684179306 64.74592812359333 4.9831946790218344 4.4053607732057563
leaf_count=61 142 86 286 24 26
internal_value=1.87255e-05 -0.00914769 -0.00415754 0.0252085 0.0289111
internal_weight=125.555 94.3909 84.3129 31.164 26.1808
internal_count=625 433 372 192 168
is_linear=0
shrinkage=0.05


Tree=35
num_leaves=7
num_cat=0
split_feature=0 8 12 0 5 4
split_gain=11.7032 3.68047 5.98306 3.07342 2.82844 2.4417
threshold=0.48000000000000004 0.67969219349780652 -0.48849433563727529 0.17000000000000001 -0.079999999999999988 0.030413812651491113
decision_type=2 2 2 2 2 2
left_child=3 5 -3 -1 -5 -2
right_child=1 2 -4 4 -6 -7
leaf_value=-0.034977034772537226 0.032281994749862472 0.02027910727964503 -0.025940789524845916 0.0029682558115523257 -0.018508787679178653 0.0071117224258009917
leaf_weight=9.8693331331014615 22.598850160837173 9.1152017861604708 8.9764628112316114 28.193149223923683 25.768362805247307 20.31982210278511
leaf_count=61 139 42 41 124 116 102
internal_value=2.8128e-05 0.0150688 -0.00330495 -0.0143983 -0.00798757 0.0223507
internal_weight=124.841 61.0103 18.0917 63.8308 53.9615 42.9187
internal_count=625 324 83 301 240 241
is_linear=0
shrinkage=0.05


Tree=36
num_leaves=7
num_cat=0
split_feature=0 0 2 11 4 9
split_gain=11.1389 4.55498 3.38919 2.32747 1.135 1.0376
threshold=0.69000000000000006 0.32000000000000006 0.034332665700477515 -0.52618300327674361 0.058468514389084118 1.1045005261041381
decision_type=2 2 2 2 2 2
left_child=1 3 -3 -1 5 -2
right_child=4 2 -4 -5 -6 -7
leaf_value=-0.036488715544000037 0.030757517334112153 0.020913849352418884 -0.0057701215801607289 -0.0089514635761859095 0.00093230269781605221 -5.8258524122993755e-07
leaf_weight=11.78304475545883 22.388166084885604 10.268335744738577 48.936944141983986 22.705771744251251 4.971113607287406 3.0467285811901084
leaf_count=62 150 46 208 117 24 18
internal_value=-4.79165e-06 -0.0086358 0.00012611 -0.0217884 0.0240548 0.0276783
internal_weight=124.1 93.6941 59.2053 34.4888 30.406 25.4349
internal_count=625 433 254 179 192 168
is_linear=0
shrinkage=0.05


Tree=37
num_leaves=6
num_cat=0
split_feature=0 0 6 3 3
split_gain=10.3551 4.46988 3.35252 1.46016 0.558787
threshold=0.69000000000000006 0.17000000000000001 6.0926500200686533 1.5603470375877924 0.94000496327467176
decision_type=2 2 2 2 2
left_child=1 -1 -3 4 -2
right_child=3 2 -4 -5 -6
leaf_value=-0.033958515271389975 0.013816620505440851 0.012517335290759138 -0.009079560621812208 -0.0038564820545644828 0.036190156663653626
leaf_weight=9.5604869872331601 16.651345968246467 19.498503535985947 64.349630936980247 3.1438445448875418 10.186582863330839
leaf_count=61 110 86 286 17 65
internal_value=-8.88397e-07 -0.0083068 -0.00363551 0.0233649 0.0266586
internal_weight=123.39 93.4086 83.8481 29.9818 26.8379
internal_count=625 433 372 192 175
is_linear=0
shrinkage=0.05


Tree=38
num_leaves=7
num_cat=0
split_feature=0 0 6 1 3 3
split_gain=9.68322 4.29077 2.61905 2.29151 1.39314 0.559172
threshold=0.69000000000000006 0.22000000000000003 6.0926500200686533 -1.3298734548411433 1.5603470375877924 0.94000496327467176
decision_type=2 2 2 2 2 2
left_child=1 3 -3 -1 5 -2
right_child=4 2 -4 -5 -6 -7
leaf_value=0.00084365102918393668 0.013372440438570173 0.01225440493099398 -0.0074148212161119446 -0.036564074112019306 -0.0037794062780469751 0.035486085024918082
leaf_weight=5.1315947324037579 16.513848736882217 18.244950190186501 58.081542566418648 11.684882462024687 3.1493869274854651 9.9738864526152593
leaf_count=29 110 80 255 69 17 65
internal_value=3.01483e-05 -0.00799247 -0.00224878 -0.0275718 0.0227576 0.0260119
internal_weight=122.78 93.143 76.3265 16.8165 29.6371 26.4877
internal_count=625 433 335 98 192 175
is_linear=0
shrinkage=0.05


Tree=39
num_leaves=7
num_cat=0
split_feature=0 8 12 0 5 4
split_gain=9.14689 3.4771 3.96134 2.79587 2.72219 1.78186
threshold=0.48000000000000004 0.65014202289842549 -0.48849433563727529 0.17000000000000001 -0.079999999999999988 0.030822070014844886
decision_type=2 2 2 2 2 2
left_child=3 5 -3 -1 -5 -2
right_child=1 2 -4 4 -6 -7
leaf_value=-0.032844946944721252 0.032442160183770587 0.017119194929049508 -0.015754846224615753 0.0038275982549763562 -0.017224082231849375 0.0070624160447521058
leaf_weight=9.2196676582097989 17.75884360820055 12.406593941152098 14.352434657514094 28.001022189855576 25.455737337470055 14.976347103714941
leaf_count=61 114 60 72 124 116 78
internal_value=5.67573e-05 0.0135286 -0.000217505 -0.0127859 -0.00681286 0.0233052
internal_weight=122.171 59.4942 26.759 62.6764 53.4568 32.7352
internal_count=625 324 132 301 240 192
is_linear=0
shrinkage=0.05


Tree=40
num_leaves=6
num_cat=0
split_feature=0 0 1 3 6
split_gain=8.69599 3.96617 2.9248 1.29882 0.622508
threshold=0.69000000000000006 0.17000000000000001 -1.3094500049072073 1.5603470375877924 7.011051662496933
decision_type=2 2 2 2 2
left_child=1 -1 -3 4 -2
right_child=3 2 -4 -5 -6
leaf_value=-0.032219874372238118 0.029601463599802265 0.013118261785651142 -0.0079172594907371743 -0.0037245291173832805 0.0068920111015440856
leaf_weight=9.0304327607154828 18.119657665491111 16.650966048240662 66.806516617536545 3.1465019583702079 7.7836435437202445
leaf_count=61 122 73 299 17 53
internal_value=4.41945e-05 -0.00755526 -0.0032161 0.0217957 0.0249967
internal_weight=121.538 92.4879 83.4575 29.0498 25.9033
internal_count=625 433 372 192 175
is_linear=0
shrinkage=0.05


Tree=41
num_leaves=7
num_cat=0
split_feature=0 3 3 1 11 3
split_gain=8.28147 5.25769 4.65597 3.04587 2.45533 3.47806
threshold=0.32000000000000006 0.90453403373328711 -0.81183391450441633 2.0572825178165739 -0.52618300327674361 -0.39697354571741122
decision_type=2 2 2 2 2 2
left_child=4 2 -2 -3 -1 -6
right_child=1 3 -4 -5 5 -7
leaf_value=-0.034602137063536029 0.013149868094052768 0.028858677497357932 -0.013592985373506476 -0.006540545898976808 0.0086714830749978072 -0.025012955335776101
leaf_weight=11.251120686531065 25.030154205858707 26.582630313932896 30.600334987044334 5.5182602480053893 13.286456570029257 8.7143489420413989
leaf_count=62 119 143 158 26 70 47
internal_value=5.41842e-05 0.00812687 -0.00146828 0.0227121 -0.0195229 -0.00683186
internal_weight=120.983 87.7314 55.6305 32.1009 33.2519 22.0008
internal_count=625 446 277 169 179 117
is_linear=0
shrinkage=0.05


Tree=42
num_leaves=6
num_cat=0
split_feature=0 0 1 3 3
split_gain=7.91987 3.71657 2.63972 1.26879 0.623003
threshold=0.69000000000000006 0.17000000000000001 -1.3094500049072073 1.5603470375877924 0.94000496327467176
decision_type=2 2 2 2 2
left_child=1 -1 -3 4 -2
right_child=3 2 -4 -5 -6
leaf_value=-0.031373644714995881 0.011879080059068327 0.012433450553727304 -0.0075519310215510661 -0.003996637966521663 0.033676761964300569
leaf_weight=8.7711663693189603 16.028526730835445 16.669718161225319 66.583438783884048 3.1231617033481589 9.4033728241920453
leaf_count=61 110 73 299 17 65
internal_value=-6.54828e-06 -0.00724783 -0.00307257 0.0209326 0.0241476
internal_weight=120.579 92.0243 83.2532 28.5551 25.4319
internal_count=625 433 372 192 175
is_linear=0
shrinkage=0.05


Tree=43
num_leaves=7
num_cat=0
split_feature=0 6 8 12 3 4
split_gain=7.52496 3.77705 3.27567 3.7381 2.7635 1.78391
threshold=0.48000000000000004 5.5241371030998705 0.65014202289842549 -0.48849433563727529 0.95065415136527132 0.030822070014844886
decision_type=2 2 2 2 2 2
left_child=1 -1 5 -4 -3 -2
right_child=2 4 3 -5 -6 -7
leaf_value=0.022381144702486592 0.031192910811490213 -0.020996312103190931 0.016154563464177017 -0.015916291679080749 0.002611306880513533 0.0060747526377111019
leaf_weight=3.0815810710191718 17.175830021500591 43.305821195244789 12.218767739832403 14.251854762434958 15.304685994982718 14.737556263804434
leaf_count=14 114 215 60 72 72 78
internal_value=2.41909e-05 -0.0117007 0.0123592 -0.000897868 -0.0151111 0.0219874
internal_weight=120.076 61.6921 58.384 26.4706 58.6105 31.9134
internal_count=625 301 324 132 287 192
is_linear=0
shrinkage=0.05


Tree=44
num_leaves=7
num_cat=0
split_feature=0 3 3 1 11 3
split_gain=7.10858 4.70265 4.35244 2.83287 2.43081 3.3787
threshold=0.32000000000000006 0.90453403373328711 -0.81183391450441633 2.0572825178165739 -0.52618300327674361 -0.39697354571741122
decision_type=2 2 2 2 2 2
left_child=4 2 -2 -3 -1 -6
right_child=1 3 -4 -5 5 -7
leaf_value=-0.033306268605423024 0.012701773013865015 0.027526177457819753 -0.013220392900572961 -0.0065627490779676754 0.0093237179777141879 -0.023967468585345111
leaf_weight=10.911533445119856 24.87419593334198 26.091310121119026 30.430903896689415 5.4941687956452361 13.157793045043944 8.5182338654994982
leaf_count=62 119 143 158 26 70 47
internal_value=0.000107212 0.00759598 -0.00147509 0.02151 -0.0182149 -0.0057992
internal_weight=119.478 86.8906 55.3051 31.5855 32.5876 21.676
internal_count=625 446 277 169 179 117
is_linear=0
shrinkage=0.05


Tree=45
num_leaves=6
num_cat=0
split_feature=0 0 6 3 6
split_gain=6.90911 3.44398 2.69589 1.21332 0.685509
threshold=0.69000000000000006 0.17000000000000001 6.0926500200686533 1.5603470375877924 7.011051662496933
decision_type=2 2 2 2 2
left_child=1 -1 -3 4 -2
right_child=3 2 -4 -5 -6
leaf_value=-0.030258100062340872 0.027757646070070221 0.011759653350434834 -0.0076769316277013715 -0.0042465407098618993 0.0054550209392632328
leaf_weight=8.4305542111396772 17.270352095365531 19.297253087162971 63.477170765399933 3.094267025589942 7.5224204137921324
leaf_count=61 122 86 286 17 53
internal_value=4.64143e-05 -0.00671847 -0.00273391 0.0198288 0.0230419
internal_weight=119.092 91.205 82.7744 27.887 24.7928
internal_count=625 433 372 192 175
is_linear=0
shrinkage=0.05


Tree=46
num_leaves=6
num_cat=0
split_feature=0 0 1 4 9
split_gain=6.43344 3.30562 2.49101 1.16864 1.34777
threshold=0.69000000000000006 0.17000000000000001 -1.3094500049072073 0.058468514389084118 1.1166294796175453
decision_type=2 2 2 2 2
left_child=1 -1 -3 4 -2
right_child=3 2 -4 -5 -6
leaf_value=-0.02969183199341062 0.02681378103138525 0.012458813841731956 -0.0069770325888347104 -0.0019202765004469537 -0.0043012718278946137
leaf_weight=8.2614425346255285 20.291967995464809 16.603742480278015 66.107561960816383 4.6996626555919638 2.5766478031873694
leaf_count=61 152 73 299 24 16
internal_value=5.04993e-05 -0.00646766 -0.00258761 0.0192506 0.0231653
internal_weight=118.541 90.9727 82.7113 27.5683 22.8686
internal_count=625 433 372 192 168
is_linear=0
shrinkage=0.05


Tree=47
num_leaves=7
num_cat=0
split_feature=0 3 3 3 8 2
split_gain=6.11104 4.37805 4.01756 2.6611 2.13073 2.18861
threshold=0.32000000000000006 0.90453403373328711 -0.81183391450441633 1.5603470375877924 0.71512136263180337 0.04095855856679232
decision_type=2 2 2 2 2 2
left_child=4 2 -2 -3 5 -1
right_child=1 3 -4 -5 -6 -7
leaf_value=-0.037426668162429053 0.011956128193929296 0.028697510327547977 -0.013024521902099146 -0.0013720308911428062 0.0090987230719520359 -0.0082009183076229755
leaf_weight=8.7362179756164604 24.695246942341328 21.533742494881157 30.24951933324337 9.5719475299119932 3.9196375310420981 19.305196985602379
leaf_count=53 119 124 158 45 17 109
internal_value=4.16444e-05 0.00700042 -0.00173606 0.0205358 -0.0171063 -0.0215919
internal_weight=118.012 86.0505 54.9448 31.1057 31.9611 28.0414
internal_count=625 446 277 169 179 162
is_linear=0
shrinkage=0.05


Tree=48
num_leaves=6
num_cat=0
split_feature=0 0 6 4 9
split_gain=5.81762 3.07233 2.45947 1.12683 1.2695
threshold=0.69000000000000006 0.17000000000000001 6.0926500200686533 0.058468514389084118 1.1166294796175453
decision_type=2 2 2 2 2
left_child=1 -1 -3 4 -2
right_child=3 2 -4 -5 -6
leaf_value=-0.028811177006052666 0.025947702921407325 0.011386486392590142 -0.0071928557740236591 -0.0021490708189570323 -0.0042100675394636132
leaf_weight=7.9984621182084075 19.832676149904735 19.252913370728493 63.261467725038528 4.6735975742340079 2.583877593278884
leaf_count=61 152 86 286 24 16
internal_value=1.86994e-05 -0.00617027 -0.0024549 0.0184366 0.0223377
internal_weight=117.603 90.5128 82.5144 27.0902 22.4166
internal_count=625 433 372 192 168
is_linear=0
shrinkage=0.05


Tree=49
num_leaves=7
num_cat=0
split_feature=0 8 12 6 4 13
split_gain=5.4919 3.08461 3.55355 2.96419 2.44884 2.19461
threshold=0.48000000000000004 0.65014202289842549 -0.48849433563727529 5.5372869896889112 0.079803833636366797 -0.16912130067281592
decision_type=2 2 2 2 2 8
left_child=3 4 -3 -1 -2 -5
right_child=1 2 -4 5 -6 -7
leaf_value=0.018659178952861566 0.024864141732584763 0.014908813559253047 -0.016598260067485226 0.0080059996463929944 -0.0095480434673222998 -0.01703707146509028
leaf_weight=3.7736168652772895 27.352282956242565 11.95066260546446 14.040049746632574 7.3700786232948303 3.4282347559928885 49.137647166848183
leaf_count=17 176 60 72 34 16 250
internal_value=8.33687e-06 0.0106946 -0.00204311 -0.010104 0.0202328 -0.0133855
internal_weight=117.053 56.7712 25.9907 60.2813 30.7805 56.5077
internal_count=625 324 132 301 192 284
is_linear=0
shrinkage=0.05


Tree=50
num_leaves=7
num_cat=0
split_feature=0 11 1 6 11 2
split_gain=5.1532 3.60194 3.68746 3.10408 2.5117 3.02577
threshold=0.32000000000000006 0.890990001313965 0.73595714761594622 6.1837054549085009 -0.52618300327674361 0.041091851026677791
decision_type=2 2 2 2 2 2
left_child=4 3 -3 -2 -1 -6
right_child=1 2 -4 -5 5 -7
leaf_value=-0.031317598303965029 0.024929580430136395 -0.033786818155207905 0.010284319292240364 0.0033610005606186455 -0.02376659357562624 0.008827001871941317
leaf_weight=10.350033931434156 20.557221360504627 5.6041942685842496 5.3412848636507988 53.67093226313591 6.2917213439941433 14.666161283850668
leaf_count=62 107 26 32 281 37 80
internal_value=5.67677e-05 0.00645859 -0.0157994 0.0105306 -0.0158505 -0.00365101
internal_weight=116.482 85.1736 10.9455 74.2282 31.3079 20.9579
internal_count=625 446 58 388 179 117
is_linear=0
shrinkage=0.05


Tree=51
num_leaves=6
num_cat=0
split_feature=0 0 1 3 3
split_gain=5.0039 2.84553 2.28016 1.09765 0.813626
threshold=0.69000000000000006 0.17000000000000001 -1.3094500049072073 1.5603470375877924 0.94000496327467176
decision_type=2 2 2 2 2
left_child=1 -1 -3 4 -2
right_child=3 2 -4 -5 -6
leaf_value=-0.0278259257692441 0.0086727254067069052 0.012176440787628105 -0.0064523412682827427 -0.004882354653637325 0.030498737103531744
leaf_weight=7.703683875501155 15.001719415187841 16.530533254146576 65.490762710571289 3.0315831750631324 8.3772690370678884
leaf_count=61 110 73 299 17 65
internal_value=-3.22842e-05 -0.00576571 -0.002214 0.0172632 0.0204891
internal_weight=116.136 89.725 82.0213 26.4106 23.379
internal_count=625 433 372 192 175
is_linear=0
shrinkage=0.05


Tree=52
num_leaves=6
num_cat=0
split_feature=0 0 12 4 9
split_gain=4.68561 2.73372 2.19477 1.06439 1.19651
threshold=0.69000000000000006 0.17000000000000001 -0.22707579228483007 0.058468514389084118 1.1166294796175453
decision_type=2 2 2 2 2
left_child=1 -1 -3 4 -2
right_child=3 2 -4 -5 -6
leaf_value=-0.027311235407724968 0.024347887641795098 0.0050398179029994038 -0.010508755370089381 -0.0027265942423258063 -0.0045491019561849765
leaf_weight=7.5544537603855124 19.002755910158164 45.502371147274971 36.502525627613068 4.6128648072481147 2.5516632422804824
leaf_count=61 152 205 167 24 16
internal_value=-5.31814e-06 -0.00554673 -0.00208744 0.0168078 0.0207146
internal_weight=115.727 89.5594 82.0049 26.1673 21.5544
internal_count=625 433 372 192 168
is_linear=0
shrinkage=0.05


Tree=53
num_leaves=7
num_cat=0
split_feature=0 3 1 1 11 3
split_gain=4.45034 4.07074 4.06024 2.56474 2.41768 3.19733
threshold=0.32000000000000006 0.90453403373328711 -0.92773821660380862 2.0572825178165739 -0.52618300327674361 -0.39697354571741122
decision_type=2 2 2 2 2 2
left_child=4 2 -2 -3 -1 -6
right_child=1 3 -4 -5 5 -7
leaf_value=-0.03026147677599297 0.01741030988551568 0.025119784409996949 -0.010326183137447785 -0.0071232725550166966 0.011283744203484809 -0.021441459272448136
leaf_weight=10.055925577878954 13.644775651395319 24.860137835145 40.564076416194439 5.4034185111522666 12.719530001282694 8.0060934126377088
leaf_count=62 60 143 217 26 70 47
internal_value=-3.70828e-05 0.00592453 -0.00246402 0.0191692 -0.014939 -0.00306803
internal_weight=115.254 84.4724 54.2089 30.2636 30.7815 20.7256
internal_count=625 446 277 169 179 117
is_linear=0
shrinkage=0.05


Tree=54
num_leaves=7
num_cat=0
split_feature=0 0 1 8 12 6
split_gain=4.28885 2.57203 2.01614 1.07597 3.39616 1.08204
threshold=0.69000000000000006 0.17000000000000001 -1.189915161345571 0.67430098481555645 -0.48849433563727529 7.011051662496933
decision_type=2 2 2 2 2 2
left_child=1 -1 -3 5 -5 -2
right_child=3 2 -4 4 -6 -7
leaf_value=-0.02665590977082696 0.027856664596864218 0.010428836240435252 -0.0063775481996620337 0.02247374785223704 -0.020696392892920121 0.0010041010344182125
leaf_weight=7.3610002249479285 12.265290938317781 19.397620961070061 62.397574484348297 3.8706514313817024 4.3672720417380315 5.2850068956613532
leaf_count=61 100 86 286 24 24 44
internal_value=-6.76776e-05 -0.00536222 -0.00202076 0.016135 0.00041457 0.021786
internal_weight=114.944 89.1562 81.7952 25.7882 8.23792 17.5503
internal_count=625 433 372 192 48 144
is_linear=0
shrinkage=0.05


Tree=55
num_leaves=7
num_cat=0
split_feature=0 8 8 4 0 13
split_gain=4.10826 4.91207 3.85199 3.81789 2.91448 2.52956
threshold=0.38000000000000006 0.64244339656370186 0.71512136263180337 0.044965250944514278 0.57000000000000006 0.16913908493924948
decision_type=2 2 2 2 2 8
left_child=2 3 5 -2 -3 -1
right_child=1 4 -4 -5 -6 -7
leaf_value=-0.0054281814720308352 0.027064842108272858 -0.019183710765542105 0.017259374562383311 -0.0056217165608335121 0.0061802435611871716 -0.032304643312750979
leaf_weight=22.121629163622856 27.206797741353512 16.04756335914135 5.3405637443065634 10.284483574330805 20.671356894075871 12.87613360583782
leaf_count=117 171 67 23 50 116 81
internal_value=-4.68417e-05 0.00682528 -0.0120479 0.018492 -0.00587539 -0.0181186
internal_weight=114.549 74.2102 40.3383 37.4913 36.7189 34.9978
internal_count=625 404 221 221 183 198
is_linear=0
shrinkage=0.05


Tree=56
num_leaves=7
num_cat=0
split_feature=0 3 3 1 11 3
split_gain=3.80215 3.78591 3.78536 2.35465 2.33163 2.98055
threshold=0.32000000000000006 0.90453403373328711 -0.81183391450441633 2.0572825178165739 -0.52618300327674361 -0.39697354571741122
decision_type=2 2 2 2 2 2
left_child=4 2 -2 -3 -1 -6
right_child=1 3 -4 -5 5 -7
leaf_value=-0.029170644274535768 0.01082672129424391 0.024085259305779431 -0.013635582980530182 -0.0068530089563531823 0.011314584082094355 -0.020417935916178156
leaf_weight=9.7499232143163699 24.297667764127254 24.462426237761978 29.615009598433971 5.3924030512571326 12.661907263100149 7.8083165735006324
leaf_count=62 119 143 158 26 70 47
internal_value=-7.02108e-05 0.00544786 -0.00262759 0.0183157 -0.0139678 -0.00242174
internal_weight=113.988 83.7675 53.9127 29.8548 30.2201 20.4702
internal_count=625 446 277 169 179 117
is_linear=0
shrinkage=0.05


Tree=57
num_leaves=6
num_cat=0
split_feature=0 0 12 3 6
split_gain=3.70899 2.34691 2.01165 1.0516 0.841562
threshold=0.69000000000000006 0.17000000000000001 -0.22707579228483007 1.5603470375877924 7.011051662496933
decision_type=2 2 2 2 2
left_child=1 -1 -3 4 -2
right_child=3 2 -4 -5 -6
leaf_value=-0.025645228110092962 0.023576409219771076 0.0049572340081435228 -0.0099767593749337212 -0.0057915921953974082 0.0018613063182952997
leaf_weight=7.0670131966471663 15.383243016898637 45.273418009281158 36.134023606777191 2.940489098429679 6.8838366568088523
leaf_count=61 122 205 167 17 53
internal_value=-0.000117401 -0.00503484 -0.0018652 0.0151186 0.0184355
internal_weight=113.682 88.4745 81.4074 25.2076 22.2671
internal_count=625 433 372 192 175
is_linear=0
shrinkage=0.05


Tree=58
num_leaves=6
num_cat=0
split_feature=0 6 13 8 3
split_gain=3.47377 3.01919 2.74744 3.79156 2.59974
threshold=0.48000000000000004 5.5241371030998705 -0.28022853948731147 0.65014202289842549 0.58735062481480649
decision_type=2 2 8 2 2
left_child=1 -1 -2 -4 -3
right_child=2 4 3 -5 -6
leaf_value=0.021747922788492073 0.031515919037352229 -0.018190776414118436 0.014500385064657634 -0.011015214591150999 0.0037863704462096446
leaf_weight=3.0266666561365119 5.7442015707492828 38.134497851133347 27.163970164954662 21.836261987686157 17.381180927157402
leaf_count=14 35 201 177 112 86
internal_value=-0.000134817 -0.00826761 0.00852625 0.00316263 -0.0115657
internal_weight=113.287 58.5423 54.7444 49.0002 55.5157
internal_count=625 301 324 289 287
is_linear=0
shrinkage=0.05


Tree=59
num_leaves=7
num_cat=0
split_feature=0 11 3 1 13 13
split_gain=3.2568 3.01239 3.40058 3.00164 2.24021 4.26146
threshold=0.38000000000000006 0.890990001313965 -0.81183391450441633 0.73595714761594622 0.16913908493924948 0.056449219507279123
decision_type=2 2 2 2 8 10
left_child=4 2 -2 -3 5 -1
right_child=1 3 -4 -5 -6 -7
leaf_value=-0.012695872334599506 0.026181648744130589 -0.032376441580842262 0.0021795021873376812 0.0088116911447931514 -0.023636963884779375 0.024533823937771891
leaf_weight=18.910152345895771 17.442925781011581 4.5807633250951749 46.134910002350807 5.1170024797320366 14.334289342164992 6.3326628729701033
leaf_count=97 88 22 262 32 89 35
internal_value=-3.8457e-05 0.00610661 0.0101934 -0.0150392 -0.0108246 -0.000844058
internal_weight=112.853 73.2756 63.5778 9.69777 39.5771 25.2428
internal_count=625 404 350 54 221 132
is_linear=0
shrinkage=0.05


Tree=60
num_leaves=6
num_cat=0
split_feature=0 0 5 8 1
split_gain=3.17627 2.1746 2.09329 1.00208 1.04902
threshold=0.69000000000000006 0.17000000000000001 -0.039999999999999945 0.71097575162462712 0.11243465191699961
decision_type=2 2 2 2 2
left_child=1 -1 -3 4 -2
right_child=3 2 -4 -5 -6
leaf_value=-0.024684898929920512 -0.0043733402611883408 0.0062726302386540249 -0.008911417247733389 -0.0039104916559167214 0.021941830729611748
leaf_weight=6.7980057373642913 2.7802839204669061 39.461652755737305 41.586733877658844 4.4969399273395529 17.445792280137539
leaf_count=61 22 180 192 24 146
internal_value=-5.23661e-05 -0.00460432 -0.00158355 0.0141755 0.0181747
internal_weight=112.569 87.8464 81.0484 24.723 20.2261
internal_count=625 433 372 192 168
is_linear=0
shrinkage=0.05


Tree=61
num_leaves=7
num_cat=0
split_feature=13 7 6 12 11 8
split_gain=3.05437 4.89389 3.93634 2.86316 2.2622 1.83652
threshold=-0.16019088466118345 0.32761752580736947 6.193935809775768 -0.010908068880726622 0.15200973514599886 0.67869648961195705
decision_type=8 2 2 2 2 2
left_child=3 2 -2 -1 -5 -3
right_child=1 5 -4 4 -6 -7
leaf_value=0.024583660173652395 0.021207893956664295 -0.02909664048954852 -0.004463961549208811 -0.02196855373364847 0.013098385212496517 0.00032732848688300635
leaf_weight=15.371649868786337 15.774239659309385 16.427697569131855 48.844280257821083 4.6495450958609563 4.2628865092992783 6.9007215201854697
leaf_count=86 86 92 278 25 26 32
internal_value=-7.85412e-05 -0.00451182 0.00287595 0.014006 -0.00651631 -0.0218713
internal_weight=112.231 87.9469 64.6185 24.2841 8.91243 23.3284
internal_count=625 488 364 137 51 124
is_linear=0
shrinkage=0.05


Tree=62
num_leaves=6
num_cat=0
split_feature=0 13 9 12 3
split_gain=2.9843 2.20981 4.43503 2.71322 0.0304338
threshold=0.17000000000000001 -0.16019088466118345 0.66494115348444949 0.3929046512476993 -1.208232283271873
decision_type=2 8 2 2 2
left_child=4 3 -3 -2 -1
right_child=1 2 -4 -5 -6
leaf_value=-0.0040487339876387638 0.022273170511880203 0.0047253036857118043 -0.020873366210298363 -0.010370684837562543 -0.02677806479866536
leaf_weight=2.2446037083864212 18.457200676202778 64.149671658873558 17.435178376734257 5.3747665286064139 4.4022022634744635
leaf_count=20 105 341 89 29 41
internal_value=-6.6425e-05 0.00247542 -0.00163475 0.0143893 -0.0241357
internal_weight=112.064 105.417 81.5849 23.832 6.64681
internal_count=625 564 430 134 61
is_linear=0
shrinkage=0.05


Tree=63
num_leaves=5
num_cat=0
split_feature=13 9 7 4
split_gain=2.63256 2.35077 4.96031 3.90958
threshold=-0.28022853948731147 0.66494115348444949 0.66474055329202708 0.044264701352443175
decision_type=8 2 2 2
left_child=-1 3 -3 -2
right_child=1 2 -4 -5
leaf_value=0.022934916195529204 0.0092335846496554644 -0.031533217401549705 0.0036445060623489936 -0.015268283041806769
leaf_weight=6.2286839634180069 54.613967217504978 13.166463524103163 20.325553677976131 17.504042744636536
leaf_count=38 327 71 106 83
internal_value=-0.000138366 -0.00247442 -0.0124844 0.00268229
internal_weight=111.839 105.61 33.492 72.118
internal_count=625 587 177 410
is_linear=0
shrinkage=0.05


Tree=64
num_leaves=6
num_cat=0
split_feature=0 6 7 3 3
split_gain=2.8669 2.07449 4.27741 2.97287 0.0273616
threshold=0.17000000000000001 6.1837054549085009 0.082143125846041096 0.90453403373329255 -1.208232283271873
decision_type=2 2 2 2 2
left_child=4 2 -2 -3 -1
right_child=1 3 -4 -5 -6
leaf_value=-0.0040106022526348491 0.028337431125190743 -0.0087874715758502371 -0.0061163317402933223 0.01060869176042005 -0.026444885877220714
leaf_weight=2.2401628345251083 14.194801405072214 51.160857044160366 14.224188372492788 25.60278394818306 4.3235350623726836
leaf_count=20 74 267 77 146 41
internal_value=-0.00015507 0.00233697 0.0127577 -0.00206518 -0.023833
internal_weight=111.746 105.183 28.419 76.7636 6.5637
internal_count=625 564 151 413 61
is_linear=0
shrinkage=0.05


Tree=65
num_leaves=7
num_cat=0
split_feature=0 3 9 9 3 4
split_gain=2.77627 2.80448 3.73129 2.91716 2.50829 4.22395
threshold=0.49000000000000005 -0.90453403373329 -0.67206955816855818 -1.2383869363111 0.95065415136527132 0.030310889132455349
decision_type=2 2 2 2 2 2
left_child=4 2 -2 -3 -1 -6
right_child=1 3 -4 -5 5 -7
leaf_value=-0.012874432711865683 -0.0090835182586301699 0.026372337657722868 0.040357905174287327 -0.0045912354632141128 -0.01079540029896699 0.031204132855698848
leaf_weight=44.598452843725681 3.3564216047525406 4.283369965851306 6.7625659406185132 37.289051897823811 9.7254481315612775 5.551144763827323
leaf_count=235 20 29 38 228 51 24
internal_value=-0.000161348 0.0079284 0.0263779 0.00108788 -0.00721818 0.00839748
internal_weight=111.566 51.6914 10.119 41.5724 59.875 15.2766
internal_count=625 315 58 257 310 75
is_linear=0
shrinkage=0.05


Tree=66
num_leaves=6
num_cat=0
split_feature=0 13 7 12 3
split_gain=2.72098 2.00701 4.03097 2.55454 0.0400658
threshold=0.17000000000000001 -0.16019088466118345 0.32761752580736947 -0.010908068880726622 -1.208232283271873
decision_type=2 8 2 2 2
left_child=4 3 -3 -2 -1
right_child=1 2 -4 -5 -6
leaf_value=-0.0037654497177763129 0.023848414316450781 0.005309281038570696 -0.01781475033583629 -0.005912879547879296 -0.025904534183023575
leaf_weight=2.2123896107077599 14.957235582172872 59.551598228514194 21.658604487776756 8.6991963386535627 4.1976136714220038
leaf_count=20 84 320 110 50 41
internal_value=-2.29184e-05 0.00239156 -0.00153339 0.0137821 -0.0232619
internal_weight=111.277 104.867 81.2102 23.6564 6.41
internal_count=625 564 430 134 61
is_linear=0
shrinkage=0.05


Tree=67
num_leaves=7
num_cat=0
split_feature=0 1 2 3 8 13
split_gain=2.63783 2.10968 3.76792 2.62224 0.984482 1.28656
threshold=0.69000000000000006 -1.3094500049072073 0.061004321645592281 0.90453403373329255 0.64772747732151281 -0.10997362681943254
decision_type=2 2 2 2 2 10
left_child=1 2 -1 -3 5 -2
right_child=4 3 -4 -5 -6 -7
leaf_value=0.02777380665057913 0.028389624589210651 -0.014989047470674125 -0.0092812990239174754 0.0043465975423727567 0.0008030251304844574 -0.00069517008610157026
leaf_weight=7.9841267392039326 8.1735615506768209 43.800168856978416 10.704639524221419 24.492383442819118 10.924745120108126 5.0160057693719891
leaf_count=42 75 221 52 118 72 45
internal_value=-7.40747e-05 -0.00422279 0.00907009 -0.00823108 0.0130457 0.020178
internal_weight=111.096 86.9813 18.6888 68.2926 24.1143 13.1896
internal_count=625 433 94 339 192 120
is_linear=0
shrinkage=0.05


Tree=68
num_leaves=6
num_cat=0
split_feature=0 6 7 6 3
split_gain=2.61927 1.91968 3.96922 2.84729 0.0298869
threshold=0.17000000000000001 6.1837054549085009 0.082143125846041096 6.8607024086908677 -1.208232283271873
decision_type=2 2 2 2 2
left_child=4 2 -2 -3 -1
right_child=1 3 -4 -5 -6
leaf_value=-0.0037808808418417768 0.027481705740711421 -0.010684930538391355 -0.005831472575427871 0.007499789498723524 -0.025472294138686308
leaf_weight=2.2127995938062668 14.070237882435324 39.001123674213886 14.116939403116701 37.334791705012321 4.0974780693650237
leaf_count=20 74 208 77 205 41
internal_value=8.21405e-06 0.00237353 0.0124326 -0.00187675 -0.0228999
internal_weight=110.833 104.523 28.1872 76.3359 6.31028
internal_count=625 564 151 413 61
is_linear=0
shrinkage=0.05


Tree=69
num_leaves=5
num_cat=0
split_feature=0 13 4 3
split_gain=2.51996 1.93195 2.02515 0.0283274
threshold=0.17000000000000001 -0.28022853948731147 0.057960059172585315 -1.208232283271873
decision_type=2 8 2 2
left_child=3 -2 -3 -1
right_child=1 2 -4 -5
leaf_value=-0.0037261602121677708 0.022064601429560314 0.0034712861198481757 -0.013636467120518123 -0.025124484090750437
leaf_weight=2.2066163420677185 6.107790894806385 81.761018976569176 16.606719546020031 4.0177342593669882
leaf_count=20 38 451 75 41
internal_value=-1.55311e-05 0.00229843 6.32015e-05 -0.0225776
internal_weight=110.7 104.476 98.3677 6.22435
internal_count=625 564 526 61
is_linear=0
shrinkage=0.05


Tree=70
num_leaves=5
num_cat=0
split_feature=0 13 1 3
split_gain=2.42252 1.84353 1.99023 0.0268803
threshold=0.17000000000000001 -0.28022853948731147 -1.189915161345571 -1.208232283271873
decision_type=2 8 2 2
left_child=3 -2 -3 -1
right_child=1 2 -4 -5
leaf_value=-0.0036722921777231684 0.021579376284040063 0.012409997830032693 -0.0036759619570378484 -0.024783563731535896
leaf_weight=2.2005326151847839 6.0468564704060555 19.992645278573036 78.376606620848179 3.9401030018925658
leaf_count=20 38 92 434 41
internal_value=-5.15449e-05 0.00221223 3.54984e-05 -0.0222618
internal_weight=110.557 104.416 98.3693 6.14064
internal_count=625 564 526 61
is_linear=0
shrinkage=0.05


Tree=71
num_leaves=7
num_cat=0
split_feature=0 1 4 3 7 13
split_gain=2.39258 1.89073 2.58342 2.41339 0.988375 2.83257
threshold=0.69000000000000006 -1.3094500049072073 0.04602988159880491 0.90453403373329255 0.082143125846041096 -0.10997362681943254
decision_type=2 2 2 2 2 8
left_child=1 2 -1 -3 -2 -6
right_child=4 3 -4 -5 5 -7
leaf_value=0.020988699522259537 0.021192775391352454 -0.014315907066091413 -0.0098885395882350111 0.0042529983539119623 0.015518678353692869 -0.020092054489912702
leaf_weight=10.761832043528559 10.420695483684542 43.524205461144447 7.8990551009774199 24.444011397659779 9.1702385395765287 4.2450518161058417
leaf_count=57 89 221 37 118 70 33
internal_value=-4.51783e-05 -0.00399628 0.00859087 -0.00780398 0.0125176 0.00185451
internal_weight=110.465 86.6291 18.6609 67.9682 23.836 13.4153
internal_count=625 433 94 339 192 103
is_linear=0
shrinkage=0.05


Tree=72
num_leaves=6
num_cat=0
split_feature=0 13 7 2 3
split_gain=2.34552 1.73386 3.53356 2.56171 0.0200242
threshold=0.17000000000000001 -0.16019088466118345 0.32761752580736947 0.03162001428889389 -1.208232283271873
decision_type=2 8 2 2 2
left_child=4 3 -3 -2 -1
right_child=1 2 -4 -5 -6
leaf_value=-0.0036719117227814128 -0.015317026211841939 0.0050014196344996022 -0.016680761498355456 0.019071293488143487 -0.024416045089373048
leaf_weight=2.1993396952748299 2.8714735880494144 59.22943989187479 21.602599389851093 20.444990046322346 3.8559536263346663
leaf_count=20 16 320 110 118 41
internal_value=-4.11993e-06 0.00221889 -0.00142736 0.0128795 -0.0219499
internal_weight=110.204 104.149 80.832 23.3165 6.05529
internal_count=625 564 430 134 61
is_linear=0
shrinkage=0.05


Tree=73
num_leaves=6
num_cat=0
split_feature=0 6 9 9 3
split_gain=2.24794 1.76124 2.75931 2.32077 0.0189371
threshold=0.17000000000000001 6.1837054549085009 -0.54013520443532503 0.70188897176348697 -1.208232283271873
decision_type=2 2 2 2 2
left_child=4 3 -3 -2 -1
right_child=1 2 -4 -5 -6
leaf_value=-0.0036189053207514679 0.020598309339531554 -0.01361100592170047 0.0049804233568004341 -0.0060288407021297551 -0.024089021679958373
leaf_weight=2.1933632716536522 18.166564457118515 26.651352748274803 49.410885907709599 9.8012642934918386 3.7826258689165106
leaf_count=20 100 147 266 51 41
internal_value=-8.22293e-05 0.00209245 -0.00197154 0.0117678 -0.021647
internal_weight=110.006 104.03 76.0622 27.9678 5.97599
internal_count=625 564 413 151 61
is_linear=0
shrinkage=0.05


Tree=74
num_leaves=7
num_cat=0
split_feature=0 3 9 9 3 4
split_gain=2.22326 2.6698 3.55075 2.84192 2.18064 4.54947
threshold=0.49000000000000005 -0.90453403373329 -0.67206955816855818 -1.2383869363111 0.58735062481480649 0.030310889132455349
decision_type=2 2 2 2 2 2
left_child=4 2 -2 -3 -1 -6
right_child=1 3 -4 -5 5 -7
leaf_value=-0.012379954623323898 -0.0091276943798978116 0.02567995951523926 0.039150340971148931 -0.0050566421369164193 -0.011947446356250136 0.02926310806956732
leaf_weight=41.143400348722935 3.3189087808132172 4.1701445057988158 6.5580268278717977 36.841475293040276 10.981087952852251 6.8672448694705954
leaf_count=221 20 29 38 228 59 30
internal_value=-0.000125645 0.00716569 0.0253122 0.000519686 -0.00648387 0.00684248
internal_weight=109.88 50.8886 9.87694 41.0116 58.9917 17.8483
internal_count=625 315 58 257 310 89
is_linear=0
shrinkage=0.05


Tree=75
num_leaves=5
num_cat=0
split_feature=0 11 3 3
split_gain=2.12914 1.66428 2.08163 0.0307046
threshold=0.17000000000000001 0.99402035646597731 0.90453403373329255 -1.208232283271873
decision_type=2 2 2 2
left_child=3 2 -2 -1
right_child=1 -3 -4 -5
leaf_value=-0.0033886478839438568 -0.0014590918012828682 -0.01896548462370768 0.01307642599109809 -0.023605339977408966
leaf_weight=2.167436845600605 66.742263004183769 3.7678447961807242 33.257389031350613 3.6751461699604979
leaf_count=20 352 20 192 41
internal_value=2.07005e-06 0.00210821 0.00376755 -0.0211267
internal_weight=109.61 103.767 99.9997 5.84258
internal_count=625 564 544 61
is_linear=0
shrinkage=0.05


Tree=76
num_leaves=7
num_cat=0
split_feature=0 12 12 8 6 2
split_gain=2.0835 2.62451 3.7014 2.47282 1.06935 0.866924
threshold=0.73000000000000009 -0.93197355434745155 -0.22707579228483007 0.68375353928360638 7.2499347554637099 0.073302450837503752
decision_type=2 2 2 2 2 2
left_child=1 5 -3 4 -2 -1
right_child=3 2 -4 -5 -6 -7
leaf_value=-0.028896973001488965 0.027407228098750597 0.010475031745856032 -0.0097860897248338019 -0.010004313548654671 -0.003376746213328603 -0.0013788572923101312
leaf_weight=6.6777110248804075 10.873090274631979 40.135189913213253 40.036673597991467 5.0578162670135489 2.2031373903155318 4.485190324485302
leaf_count=35 100 206 211 29 21 23
internal_value=-7.31808e-05 -0.00330586 0.000376411 0.0134042 0.0227212 -0.0216873
internal_weight=109.469 91.3348 80.1719 18.134 13.0762 11.1629
internal_count=625 475 417 150 121 58
is_linear=0
shrinkage=0.05


Tree=77
num_leaves=6
num_cat=0
split_feature=0 6 7 6 3
split_gain=2.03387 1.63785 3.59173 2.5918 0.0279787
threshold=0.17000000000000001 6.1837054549085009 0.082143125846041096 6.8607024086908677 -1.208232283271873
decision_type=2 2 2 2 2
left_child=4 2 -2 -3 -1
right_child=1 3 -4 -5 -6
leaf_value=-0.0033529461488238741 0.025747935241856004 -0.010397736035449539 -0.0060327931338927778 0.0070178249260362735 -0.023273136645842227
leaf_weight=2.1634158790111542 13.840290665626528 38.641458749771118 13.923158302903174 37.079256899654865 3.6019800901412955
leaf_count=20 74 208 77 205 41
internal_value=-0.000102775 0.00195855 0.0113217 -0.00196316 -0.0208273
internal_weight=109.25 103.484 27.7634 75.7207 5.7654
internal_count=625 564 151 413 61
is_linear=0
shrinkage=0.05


Tree=78
num_leaves=5
num_cat=0
split_feature=13 13 6 11
split_gain=2.01591 1.9307 2.77758 2.28207
threshold=-0.28022853948731147 -0.25072604382209995 7.2941155660435584 0.890990001313965
decision_type=8 10 2 2
left_child=-1 2 -2 -3
right_child=1 3 -4 -5
leaf_value=0.020425237581757877 -0.023984940046485305 0.0050031212651599341 0.011778036189717981 -0.014456572889483169
leaf_weight=5.8566814586520195 13.914900775998833 71.439422816038132 4.1233167126774779 13.793610841035841
leaf_count=38 86 399 25 77
internal_value=-0.000120244 -0.00217485 -0.015028 0.00122732
internal_weight=109.128 103.271 18.0382 85.233
internal_count=625 587 111 476
is_linear=0
shrinkage=0.05


Tree=79
num_leaves=7
num_cat=0
split_feature=0 1 5 2 0 9
split_gain=1.98577 2.3768 3.36544 2.16222 2.27639 1.33376
threshold=0.58000000000000007 1.4919887361291144 -0.039999999999999945 0.07853157491525424 0.69000000000000006 1.1166294796175453
decision_type=2 2 2 2 2 2
left_child=1 2 -1 5 -5 -2
right_child=3 -3 -4 4 -6 -7
leaf_value=0.00051347348417511783 0.020961177110857262 0.016542248264363173 -0.021989075409328294 -0.023878038561188548 0.0078302285957888209 -0.0055795989285051945
leaf_weight=42.661670558154583 19.908913858234886 6.5669483542442313 21.986473903059959 4.4742063283920279 9.8731151521205884 3.6158889904618254
leaf_count=228 143 29 106 20 78 21
internal_value=-0.000116664 -0.00495428 -0.0081687 0.00849693 -0.00567342 0.0166188
internal_weight=109.087 71.2151 64.6481 37.8721 14.3473 23.5248
internal_count=625 363 334 262 98 164
is_linear=0
shrinkage=0.05


Tree=80
num_leaves=5
num_cat=0
split_feature=0 13 1 3
split_gain=1.94344 1.56054 1.86061 0.0309177
threshold=0.17000000000000001 -0.28022853948731147 -1.189915161345571 -1.208232283271873
decision_type=2 8 2 2
left_child=3 -2 -3 -1
right_child=1 2 -4 -5
leaf_value=-0.0032462611450278026 0.0199457189108861 0.011880069826274832 -0.0037170810563762098 -0.022913749410163109
leaf_weight=2.1513462364673615 5.7770307511091232 19.900091052055359 77.383977387100458 3.5233264416456214
leaf_count=20 38 92 434 41
internal_value=-0.000122864 0.00189284 -0.000101806 -0.0204706
internal_weight=108.736 103.061 97.2841 5.67467
internal_count=625 564 526 61
is_linear=0
shrinkage=0.05


Tree=81
num_leaves=6
num_cat=0
split_feature=0 4 12 12 3
split_gain=1.87959 1.52629 3.58853 3.15617 0.029775
threshold=0.17000000000000001 0.057960059172585315 0.45402288984745681 0.3929046512476993 -1.208232283271873
decision_type=2 2 2 2 2
left_child=4 3 -3 -2 -1
right_child=1 2 -4 -5 -6
leaf_value=-0.0031998246082848014 0.0102787181972135 -0.021139477451949183 0.017493021083651028 -0.010008470623468083 -0.022615712732179914
leaf_weight=2.1461324691772461 62.876338958740234 13.455032505095007 4.502582684159278 22.218670681118965 3.4587996602058402
leaf_count=20 358 62 21 123 41
internal_value=-0.000112659 0.00186357 -0.00975279 0.00472018 -0.0201951
internal_weight=108.658 103.053 17.9576 85.095 5.60493
internal_count=625 564 83 481 61
is_linear=0
shrinkage=0.05


Tree=82
num_leaves=5
num_cat=0
split_feature=13 9 7 4
split_gain=1.82456 1.87665 4.43494 3.41164
threshold=-0.28386480116455326 0.66494115348444949 0.66474055329202708 0.044264701352443175
decision_type=8 2 2 2
left_child=-1 3 -3 -2
right_child=1 2 -4 -5
leaf_value=0.020163481678215335 0.0088623052509160961 -0.029342056275674419 0.0039782770194219655 -0.014215297479625376
leaf_weight=5.0987235456705093 52.981617249548435 12.789344072341917 20.440122283995152 17.242401324212551
leaf_count=35 328 71 108 83
internal_value=-0.0001715 -0.0020571 -0.0110064 0.00262773
internal_weight=108.552 103.453 33.2295 70.224
internal_count=625 590 179 411
is_linear=0
shrinkage=0.05


Tree=83
num_leaves=7
num_cat=0
split_feature=3 3 5 1 2 12
split_gain=1.80684 3.15129 3.79034 2.75527 3.35175 2.70567
threshold=0.90453403373329255 1.5603470375877924 0.019999999999999938 -1.3094500049072073 0.061004321645592281 -0.71312300799568795
decision_type=2 2 2 2 2 2
left_child=3 2 -2 4 -1 -5
right_child=1 -3 -4 5 -6 -7
leaf_value=0.027191010861001081 -0.0063242610666822728 -0.010588939540844602 0.030139023386911434 0.004012721838274896 -0.0076729850000420326 -0.0176775976479762
leaf_weight=8.3981792852282542 8.8480623513460177 10.928910955786703 14.710056770592926 20.059154607355595 10.752232007682322 34.764321930706501
leaf_count=46 48 56 101 117 53 204
internal_value=-0.000186373 0.00855453 0.0177345 -0.00454503 0.0100803 -0.0100693
internal_weight=108.461 34.487 23.5581 73.9739 19.1504 54.8235
internal_count=625 205 149 420 99 321
is_linear=0
shrinkage=0.05


Tree=84
num_leaves=6
num_cat=0
split_feature=0 6 7 6 1
split_gain=1.82388 1.47552 3.31382 2.27047 0.0990617
threshold=0.17000000000000001 6.1837054549085009 0.082143125846041096 6.8607024086908677 -1.3298734548411433
decision_type=2 2 2 2 2
left_child=4 2 -2 -3 -1
right_child=1 3 -4 -5 -6
leaf_value=-0.0023928785859276629 0.024673867621554432 -0.0098314009057891161 -0.0059369839488151287 0.0065186317947327696 -0.02278066824923768
leaf_weight=2.0380978435277939 13.676075208932163 38.374047368764877 13.823672518134115 36.845318324863911 3.5067484825849524
leaf_count=19 74 208 77 205 42
internal_value=-0.000134456 0.00181399 0.0107402 -0.00191542 -0.0199748
internal_weight=108.264 102.719 27.4997 75.2194 5.54485
internal_count=625 564 151 413 61
is_linear=0
shrinkage=0.05


Tree=85
num_leaves=7
num_cat=0
split_feature=13 11 3 6 11 2
split_gain=1.81966 2.13999 2.67462 2.09373 1.90501 1.24744
threshold=0.24222738350503673 0.890990001313965 -1.134115654240355 7.2941155660435584 0.69921984460440501 0.049454465903624685
decision_type=8 2 2 2 2 2
left_child=1 2 -1 4 -2 -3
right_child=3 5 -4 -5 -6 -7
leaf_value=0.023122895149144493 -0.024181419557158634 0.0052843188909553725 0.0013621215673156953 0.011104312987385415 0.0080690997933577421 -0.019958104653731115
leaf_weight=14.071105636656283 15.2362368144095 4.889276720583438 57.130516037344933 4.601401448249816 3.253861539065837 8.9614937081933004
leaf_count=75 92 31 325 31 21 50
internal_value=-0.000149377 0.00332275 0.0068976 -0.0112533 -0.0179965 -0.0120094
internal_weight=108.144 85.0524 71.2016 23.0915 18.4901 13.8508
internal_count=625 481 400 144 113 81
is_linear=0
shrinkage=0.05


Tree=86
num_leaves=7
num_cat=0
split_feature=13 9 4 2 7 6
split_gain=1.78799 3.19125 2.83839 2.3762 2.23847 1.5652
threshold=-0.16019088466118345 0.70188897176348697 0.044264701352443175 0.03162001428889389 0.75625032184876984 6.1986716422852046
decision_type=8 2 2 2 2 2
left_child=3 2 -2 -1 -3 -5
right_child=1 4 -4 5 -6 -7
leaf_value=-0.015648797321161693 0.0076259187458622537 -0.030417672784920319 -0.013639681823297022 -0.0018099768604186934 0.0023716042967823381 0.02478753696477878
leaf_weight=2.9226941764354732 50.662910856306553 10.602253533899786 16.911041893064976 7.0189087316393879 6.7944299280643454 13.229625441133974
leaf_count=17 309 61 80 43 38 77
internal_value=-0.000131325 -0.00356773 0.00173094 0.0108669 -0.019941 0.0170352
internal_weight=108.142 84.9706 67.574 23.1712 17.3967 20.2485
internal_count=625 488 389 137 99 120
is_linear=0
shrinkage=0.05


Tree=87
num_leaves=5
num_cat=0
split_feature=0 13 1 1
split_gain=1.74736 1.40067 1.68009 0.0857319
threshold=0.17000000000000001 -0.28386480116455326 -1.137091792864936 -1.3298734548411433
decision_type=2 8 2 2
left_child=3 -2 -3 -1
right_child=1 2 -4 -5
leaf_value=-0.0024612522922209373 0.019530642183783569 0.010890826735102631 -0.0036522678347372462 -0.022396931096756501
leaf_weight=2.0447599440813065 5.0131168812513351 21.285694919526577 76.2292888648808 3.4227368719875804
leaf_count=19 35 99 430 42
internal_value=-0.000184237 0.00172201 -0.000101431 -0.0196783
internal_weight=107.996 102.528 97.515 5.4675
internal_count=625 564 529 61
is_linear=0
shrinkage=0.05


Tree=88
num_leaves=7
num_cat=0
split_feature=3 9 3 1 2 7
split_gain=1.76336 2.95115 2.96367 2.40728 3.04242 2.47674
threshold=0.90453403373328711 1.1166294796175453 1.5603470375877924 -1.3094500049072073 0.061004321645592281 0.96938908598343698
decision_type=2 2 2 2 2 2
left_child=3 2 -2 4 -1 -5
right_child=1 -3 -4 5 -6 -7
leaf_value=0.025474518887056818 0.023536333401699337 -0.016317956035828519 -0.0071399329304449553 -0.012940539124458354 -0.007669426888471019 0.016896520447188878
leaf_weight=8.4279358386993426 20.530455015599731 5.4005445763468733 8.619489520788191 50.636077485978603 10.717173252254723 3.5924305096268645
leaf_count=46 134 29 45 299 53 19
internal_value=-0.000171042 0.00844327 0.0147482 -0.00450726 0.00917488 -0.00970443
internal_weight=107.924 34.5505 29.1499 73.3736 19.1451 54.2285
internal_count=625 208 179 417 99 318
is_linear=0
shrinkage=0.05


Tree=89
num_leaves=7
num_cat=0
split_feature=0 3 9 9 3 4
split_gain=1.73818 2.54173 3.14248 2.6415 1.88073 4.10538
threshold=0.49000000000000005 -0.81183391450441633 -0.67206955816855818 -1.2383869363111 0.57735026918962629 0.030310889132455349
decision_type=2 2 2 2 2 2
left_child=4 2 -2 -3 -1 -6
right_child=1 3 -4 -5 5 -7
leaf_value=-0.011441268438470124 -0.0072692775991106883 0.024211562788523093 0.036521407030565438 -0.0059193266150050911 -0.011068066822526076 0.027853715124565706
leaf_weight=39.748511467128992 4.0726125985383987 3.8998785875737658 6.9725335910916311 34.846177339553833 11.431879393756391 6.850564330816268
leaf_count=217 25 28 42 220 63 30
internal_value=-0.000113867 0.00640468 0.0231411 -0.000465929 -0.00577124 0.00636587
internal_weight=107.822 49.7912 11.0451 38.7461 58.031 18.2824
internal_count=625 315 67 248 310 93
is_linear=0
shrinkage=0.05


Tree=90
num_leaves=6
num_cat=0
split_feature=0 6 7 9 1
split_gain=1.67849 1.42528 2.95109 2.47099 0.0750386
threshold=0.17000000000000001 6.1837054549085009 0.082143125846041096 -0.54013520443532503 -1.3298734548411433
decision_type=2 2 2 2 2
left_child=4 2 -2 -3 -1
right_child=1 3 -4 -5 -6
leaf_value=-0.0024680657249516839 0.023830717194176718 -0.012885870160215663 -0.0052110181670232056 0.0048194200833324942 -0.021855719738755858
leaf_weight=2.0446897074580193 13.564421042799951 26.279258795082569 13.760504759848116 48.622865285724401 3.3066079355776301
leaf_count=19 74 147 77 266 42
internal_value=9.5856e-06 0.00186532 0.0106618 -0.00181008 -0.0192182
internal_weight=107.578 102.227 27.3249 74.9021 5.3513
internal_count=625 564 151 413 61
is_linear=0
shrinkage=0.05


Tree=91
num_leaves=7
num_cat=0
split_feature=0 3 9 9 13 6
split_gain=1.62303 2.3923 2.96876 2.54353 1.82433 4.45387
threshold=0.49000000000000005 -0.81183391450441633 -0.67206955816855818 -1.2383869363111 0.056449219507279123 6.9201380320952621
decision_type=2 2 2 2 10 2
left_child=4 2 -2 -3 5 -1
right_child=1 3 -4 -5 -6 -7
leaf_value=-0.023270952549955974 -0.0069748636067784395 0.023893579200534636 0.035680232372465696 -0.0057268913596199315 0.0049226316246664091 0.010073713717763409
leaf_weight=23.0724834240973 4.0837251543998718 3.8577259071171275 6.8674007356166822 34.89342238381505 22.677976720035076 12.010880548506973
leaf_count=119 25 28 42 220 127 64
internal_value=-2.14367e-05 0.0062749 0.0225736 -0.000384505 -0.00550757 -0.0120227
internal_weight=107.464 49.7023 10.9511 38.7511 57.7613 35.0834
internal_count=625 315 67 248 310 183
is_linear=0
shrinkage=0.05


Tree=92
num_leaves=6
num_cat=0
split_feature=0 6 9 3 1
split_gain=1.63013 1.34688 2.31194 1.68244 0.0697756
threshold=0.17000000000000001 6.1837054549085009 -0.54013520443532503 1.5014066145466833 -1.3298734548411433
decision_type=2 2 2 2 2
left_child=4 3 -3 -2 -1
right_child=1 2 -4 -5 -6
leaf_value=-0.0024640696625756538 0.015188958310792186 -0.012401154020189681 0.00472912625268904 -0.011450140334611499 -0.021544687958162816
leaf_weight=2.0440399646759033 23.632409285753969 26.269694641232491 48.551594268530607 3.5674746707081786 3.2408435679972163
leaf_count=19 132 147 266 19 42
internal_value=6.55906e-05 0.00189 -0.00168537 0.0104596 -0.0189505
internal_weight=107.306 102.021 74.8213 27.1999 5.28488
internal_count=625 564 413 151 61
is_linear=0
shrinkage=0.05


Tree=93
num_leaves=7
num_cat=0
split_feature=0 12 12 8 6 3
split_gain=1.60646 2.55662 3.10955 2.3073 1.0967 0.95738
threshold=0.73000000000000009 -0.93197355434745155 -0.22707579228483007 0.68375353928360638 7.2499347554637099 0.63440958419865756
decision_type=2 2 2 2 2 2
left_child=1 5 -3 4 -2 -1
right_child=3 2 -4 -5 -6 -7
leaf_value=-0.028317023759293361 0.026212626621034824 0.010080678243252683 -0.0086348482894077587 -0.010324228912001337 -0.0042416565970743456 -0.00011445446977029151
leaf_weight=6.8494437858462316 10.377930484712126 39.531384211033583 39.278841141611338 4.9681751802563658 2.1110359355807296 4.0880644395947456
leaf_count=37 100 206 211 29 21 21
internal_value=3.55116e-08 -0.00284984 0.000794241 0.0120238 0.0213239 -0.0211188
internal_weight=107.205 89.7477 78.8102 17.4571 12.489 10.9375
internal_count=625 475 417 150 121 58
is_linear=0
shrinkage=0.05


Tree=94
num_leaves=7
num_cat=0
split_feature=3 9 3 1 2 7
split_gain=1.56934 2.77534 2.71329 2.28006 2.74068 2.26902
threshold=0.90453403373329255 1.1166294796175453 1.5603470375877924 -1.3094500049072073 0.061004321645592281 0.96938908598343698
decision_type=2 2 2 2 2 2
left_child=3 2 -2 4 -1 -5
right_child=1 -3 -4 5 -6 -7
leaf_value=0.024649428033652443 0.022927840357966904 -0.015824301241842174 -0.0066083325238517933 -0.012292093900507849 -0.0069642128795265037 0.016317498044191175
leaf_weight=8.3816555514931697 19.963507443666462 5.388301081955432 8.6050980240106565 50.509667802602053 10.618759293109177 3.546557940542697
leaf_count=46 131 29 45 302 53 19
internal_value=-3.32917e-05 0.00816453 0.0143721 -0.00412257 0.00921142 -0.00919245
internal_weight=107.014 33.9569 28.5686 73.0566 19.0004 54.0562
internal_count=625 205 176 420 99 321
is_linear=0
shrinkage=0.05


Tree=95
num_leaves=5
num_cat=0
split_feature=0 11 11 1
split_gain=1.56828 1.29645 2.1639 0.051494
threshold=0.17000000000000001 0.99402035646597731 0.13055747565921955 -1.3298734548411433
decision_type=2 2 2 2
left_child=3 2 -2 -1
right_child=1 -3 -4 -5
leaf_value=-0.002607610728129932 -0.0030758118585439381 -0.016858695571151754 0.011274172775656737 -0.021157068402738014
leaf_weight=2.058592900633812 56.185429263859987 3.6929652616381636 41.816851399838924 3.1588859111070624
leaf_count=19 312 20 232 42
internal_value=1.83194e-05 0.00180959 0.00329727 -0.0186958
internal_weight=106.913 101.695 98.0023 5.21748
internal_count=625 564 544 61
is_linear=0
shrinkage=0.05


Tree=96
num_leaves=5
num_cat=0
split_feature=13 9 4 4
split_gain=1.55849 1.64092 2.88796 1.91406
threshold=-0.28386480116455326 0.66494115348444949 0.044264701352443175 0.041231056256176617
decision_type=8 2 2 2
left_child=-1 2 -2 -3
right_child=1 3 -4 -5
leaf_value=0.018931259896714459 0.0083705824326411171 -0.016857537232062673 -0.012967151961148022 0.0066941086320151215
leaf_weight=4.8952984884381294 52.187684934586287 23.518603101372719 17.07415048032999 9.1598994284868223
leaf_count=35 328 135 83 44
internal_value=-5.52568e-05 -0.00180951 0.00259158 -0.0102437
internal_weight=106.836 101.94 69.2618 32.6785
internal_count=625 590 411 179
is_linear=0
shrinkage=0.05


Tree=97
num_leaves=7
num_cat=0
split_feature=13 9 4 2 7 6
split_gain=1.52751 2.85533 2.39348 2.22584 2.04486 1.34383
threshold=-0.16019088466118345 0.70188897176348697 0.044264701352443175 0.03162001428889389 0.75625032184876984 6.1986716422852046
decision_type=8 2 2 2 2 2
left_child=3 2 -2 -1 -3 -5
right_child=1 4 -4 5 -6 -7
leaf_value=-0.015426450354397429 0.0072137002853734731 -0.029006019593698768 -0.01238530564252395 -0.0014659799237779086 0.002418272658698351 0.023474129082787613
leaf_weight=2.8773683607578304 50.134262502193451 10.316759116947653 16.787101291120052 6.9202871695160892 6.7365601882338515 12.985414966940878
leaf_count=17 309 61 80 43 38 77
internal_value=-4.30991e-05 -0.00323703 0.00177808 0.0101932 -0.0188587 0.01625
internal_weight=106.758 83.9747 66.9214 22.7831 17.0533 19.9057
internal_count=625 488 389 137 99 120
is_linear=0
shrinkage=0.05


Tree=98
num_leaves=6
num_cat=0
split_feature=0 8 0 1 3
split_gain=1.50574 1.25989 3.36134 1.9552 0.0934037
threshold=0.17000000000000001 0.64385109204121116 0.38000000000000006 1.4144372742295221 -1.254831535879311
decision_type=2 2 2 2 2
left_child=4 2 -2 -3 -1
right_child=1 3 -4 -5 -6
leaf_value=-0.0020869293128842952 -0.0088023108178626429 -0.0089004990237434838 0.015084504175827447 0.013031880695259424 -0.021211761622304037
leaf_weight=1.996242359280586 19.204086035490036 38.743732303380966 34.99598927795887 8.5059267878532392 3.1663577742874613
leaf_count=19 99 194 222 49 42
internal_value=-9.75621e-05 0.00166214 0.00659235 -0.00408296 -0.0184818
internal_weight=106.612 101.45 54.2001 47.2497 5.1626
internal_count=625 564 321 243 61
is_linear=0
shrinkage=0.05


Tree=99
num_leaves=6
num_cat=0
split_feature=13 7 7 6 11
split_gain=1.49983 2.08759 2.53635 1.91636 1.86916
threshold=0.24222738350503673 -0.88081796530439671 0.71795981768584216 7.2941155660435584 0.69921984460440501
decision_type=8 2 2 2 2
left_child=1 -1 -3 4 -2
right_child=3 2 -4 -5 -6
leaf_value=0.023977710996135933 -0.023022900892541928 -0.0049058284803612275 0.014268440981103574 0.011080643749552773 0.0086789624789518644
leaf_weight=5.5104378610849372 15.00778609886766 59.588367085903883 18.531306069344282 4.4942251443862906 3.1785305105149737
leaf_count=31 92 347 103 31 21
internal_value=-0.000121661 0.00305666 0.00022733 -0.0102763 -0.0168054
internal_weight=106.311 83.6301 78.1197 22.6805 18.1863
internal_count=625 481 450 144 113
is_linear=0
shrinkage=0.05


Tree=100
num_leaves=6
num_cat=0
split_feature=0 6 7 9 3
split_gain=1.44652 1.25721 2.58376 2.10991 0.0966176
threshold=0.17000000000000001 6.1837054549085009 0.082143125846041096 -0.54013520443532503 -1.254831535879311
decision_type=2 2 2 2 2
left_child=4 2 -2 -3 -1
right_child=1 3 -4 -5 -6
leaf_value=-0.0019716016562916156 0.022358245615072596 -0.012040700906286866 -0.0049612535496722371 0.0043814123310101372 -0.020889057209059876
leaf_weight=1.9836229309439657 13.385124083608391 26.086898881942034 13.546884343028067 48.14973683655262 3.0985979884862891
leaf_count=19 74 147 77 266 42
internal_value=-4.7953e-05 0.00167287 0.00999133 -0.001785 -0.0181449
internal_weight=106.251 101.169 26.932 74.2366 5.08222
internal_count=625 564 151 413 61
is_linear=0
shrinkage=0.05


Tree=101
num_leaves=5
num_cat=0
split_feature=13 13 11 11
split_gain=1.39756 1.55066 2.28734 1.92047
threshold=-0.28386480116455326 -0.25072604382209995 0.13055747565921955 0.890990001313965
decision_type=8 10 2 2
left_child=-1 2 -2 -3
right_child=1 3 -4 -5
leaf_value=0.018020613523006983 -0.02286917671472399 0.0048695486400716238 0.008113756050591496 -0.013174323006820747
leaf_weight=4.7754052877426147 12.259887088090183 69.737630736082792 5.9534269347786894 13.414110165089367
leaf_count=35 74 399 40 77
internal_value=-7.50589e-05 -0.0017346 -0.0131755 0.00137655
internal_weight=106.14 101.365 18.2133 83.1517
internal_count=625 590 114 476
is_linear=0
shrinkage=0.05


Tree=102
num_leaves=6
num_cat=0
split_feature=0 8 0 12 3
split_gain=1.39016 1.19513 3.08512 1.59091 0.098478
threshold=0.17000000000000001 0.64385109204121116 0.38000000000000006 -0.77434662835706514 -1.254831535879311
decision_type=2 2 2 2 2
left_child=4 2 -2 -3 -1
right_child=1 3 -4 -5 -6
leaf_value=-0.0018879401877440105 -0.0083776429606826283 0.0083174042422009854 0.01456373112622146 -0.009568891035043086 -0.020632743315297752
leaf_weight=1.9745048359036443 19.098222278058529 13.9293275475502 34.838206794112921 33.221748754382133 3.045499872416257
leaf_count=19 99 72 222 171 42
internal_value=-8.24286e-05 0.00160254 0.00641889 -0.00399411 -0.017881
internal_weight=106.108 101.088 53.9364 47.1511 5.02
internal_count=625 564 321 243 61
is_linear=0
shrinkage=0.05


Tree=103
num_leaves=6
num_cat=0
split_feature=0 1 4 6 13
split_gain=1.341 1.19432 2.48072 1.73182 0.0992715
threshold=0.17000000000000001 -1.137091792864936 0.046029881598804945 7.2941155660435584 0.1663985997595506
decision_type=2 2 2 2 8
left_child=4 2 -2 -3 -1
right_child=1 3 -4 -5 -6
leaf_value=-0.0018666607706982912 0.022213201551802134 -0.0044345156634602494 -0.0073819780506984419 0.014220210737831416 -0.020439431652124682
leaf_weight=2.0000787377357474 12.270760022103788 69.927462171763182 8.7193681225180608 9.9571021869778615 2.9650088921189308
leaf_count=22 58 405 41 60 39
internal_value=-0.000117991 0.00153756 0.0108642 -0.00140866 -0.0176483
internal_weight=105.84 100.875 20.9901 79.8846 4.96509
internal_count=625 564 99 465 61
is_linear=0
shrinkage=0.05


Tree=104
num_leaves=7
num_cat=0
split_feature=3 9 6 1 2 12
split_gain=1.40406 2.55801 2.81011 2.22397 2.08319 1.92983
threshold=0.90453403373328711 1.1166294796175453 6.9083149711598866 -1.137091792864936 0.05812758574149255 -0.71312300799568795
decision_type=2 2 2 2 2 2
left_child=3 2 -2 4 -1 -5
right_child=1 -3 -4 5 -6 -7
leaf_value=0.020922379408597869 0.00055104026659489886 -0.015410778892499286 0.029868709095776741 0.0026897269943334037 -0.0047135576397708866 -0.016742016838791212
leaf_weight=9.6362165249884146 18.632875565439466 5.3265176303684703 9.8335796073079091 18.171531267464161 14.1214119233191 30.075571548193693
leaf_count=56 117 29 62 107 73 181
internal_value=-0.000107162 0.00765455 0.0136281 -0.00401035 0.00751434 -0.00985801
internal_weight=105.798 33.793 28.4665 72.0047 23.7576 48.2471
internal_count=625 208 179 417 129 288
is_linear=0
shrinkage=0.05


Tree=105
num_leaves=5
num_cat=0
split_feature=13 13 6 11
split_gain=1.34795 1.50234 2.54961 1.76347
threshold=-0.28386480116455326 -0.25072604382209995 7.2941155660435584 0.890990001313965
decision_type=8 10 2 2
left_child=-1 2 -2 -3
right_child=1 3 -4 -5
leaf_value=0.017741090154869476 -0.021704363991699935 0.0047194332076366105 0.012125915736094377 -0.012590262042873047
leaf_weight=4.7395023927092552 13.941709820181133 69.516475193202496 4.1616927683353415 13.380151782184837
leaf_count=35 88 399 26 77
internal_value=-6.29392e-05 -0.00169584 -0.0129861 0.00136825
internal_weight=105.74 101 18.1034 82.8966
internal_count=625 590 114 476
is_linear=0
shrinkage=0.05


Tree=106
num_leaves=6
num_cat=0
split_feature=0 11 11 11 3
split_gain=1.31249 1.18658 3.46432 2.57597 0.159583
threshold=0.17000000000000001 0.13055747565921955 -0.41058623677028916 0.890990001313965 -1.2625815698462806
decision_type=2 2 2 2 2
left_child=4 2 -2 -3 -1
right_child=1 3 -4 -5 -6
leaf_value=-0.0010752756999350146 0.0040450966697650782 0.014482380477714666 -0.021880890369520394 -0.0087251347073948656 -0.020589502275755137
leaf_weight=1.8704057484865186 42.917320914566517 31.284655421972275 12.756970092654226 13.827463030815123 3.0450677014887324
leaf_count=18 236 175 76 77 43
internal_value=-5.89295e-05 0.001574 -0.00320907 0.00720816 -0.0174507
internal_weight=105.702 100.786 55.6743 45.1121 4.91547
internal_count=625 564 312 252 61
is_linear=0
shrinkage=0.05


Tree=107
num_leaves=7
num_cat=0
split_feature=0 2 6 1 5 9
split_gain=1.31252 1.93034 2.17928 1.88583 3.25181 1.22158
threshold=0.58000000000000007 0.07853157491525424 6.8023057563284626 1.4919887361291144 -0.039999999999999945 1.1166294796175453
decision_type=2 2 2 2 2 2
left_child=3 5 -3 4 -1 -2
right_child=1 2 -4 -5 -6 -7
leaf_value=0.0015133010440621427 0.019245159173053118 0.0088466343592204337 -0.021937571178536324 0.015032981340947474 -0.020790859417716235 -0.0059170425493449219
leaf_weight=41.40925344824791 18.914935227483515 8.1532329432666284 5.7511809542775145 6.4995736181735984 21.348292246460915 3.5669322088360778
leaf_count=228 143 57 41 29 106 21
internal_value=-0.000132287 0.00700867 -0.0063209 -0.0041033 -0.00704826 0.0149028
internal_weight=105.643 36.3863 13.9044 69.2571 62.7575 22.4819
internal_count=625 262 98 363 334 164
is_linear=0
shrinkage=0.05


Tree=108
num_leaves=5
num_cat=0
split_feature=13 13 6 7
split_gain=1.29461 1.40554 2.0598 1.62869
threshold=-0.28022853948731147 -0.25072604382209995 7.2941155660435584 0.72349822372394512
decision_type=8 10 2 2
left_child=-1 2 -2 -3
right_child=1 3 -4 -5
leaf_value=0.016798307397541949 -0.020659890913728877 -0.0020576027437513777 0.010436574265422442 0.015046184801885154
leaf_weight=5.2889613062143326 13.524900630116464 70.535456068813801 3.9351811781525603 12.095382519066332
leaf_count=38 86 413 25 63
internal_value=-0.000134393 -0.0017858 -0.0128882 0.00116167
internal_weight=105.38 100.091 17.4601 82.6308
internal_count=625 587 111 476
is_linear=0
shrinkage=0.05


Tree=109
num_leaves=6
num_cat=0
split_feature=0 6 7 2 3
split_gain=1.25632 1.17687 2.45223 1.96012 0.156866
threshold=0.17000000000000001 6.1837054549085009 0.082143125846041096 0.02778258154008684 -1.2625815698462806
decision_type=2 2 2 2 2
left_child=4 2 -2 -3 -1
right_child=1 3 -4 -5 -6
leaf_value=-0.0010278635117274542 0.021703702923486074 -0.02045393955401735 -0.0049732015235792624 0.00140883380676107 -0.020284763548989129
leaf_weight=1.8648722544312475 13.243879381567242 7.0049386024475089 13.451246257871388 66.792918533086777 2.9821386225521556
leaf_count=18 74 47 77 366 43
internal_value=-8.3179e-05 0.00151474 0.00959763 -0.00183259 -0.0171597
internal_weight=105.34 100.493 26.6951 73.7979 4.84701
internal_count=625 564 151 413 61
is_linear=0
shrinkage=0.05


Tree=110
num_leaves=7
num_cat=0
split_feature=3 3 5 1 7 7
split_gain=1.2545 2.5342 3.48698 2.03086 2.22034 2.17176
threshold=0.90453403373328711 1.4555696676305063 0.019999999999999938 -1.137091792864936 -0.5932814142999806 0.96938908598343698
decision_type=2 2 2 2 2 2
left_child=3 2 -2 4 -1 -5
right_child=1 -3 -4 5 -6 -7
leaf_value=-0.011218876663880384 -0.007639648853380596 -0.0076800974938288427 0.029487167095112926 -0.012777557384573765 0.016008031284961196 0.015598819807169415
leaf_weight=7.219681121408942 7.2368194051086929 13.827890336513518 12.530710920691488 44.483000308275223 16.45438651368022 3.4916276559233657
leaf_count=38 39 77 92 269 91 19
internal_value=-0.000132571 0.00722485 0.0170968 -0.00382865 0.00719645 -0.00943494
internal_weight=105.244 33.5954 19.7675 71.6487 23.6741 47.9746
internal_count=625 208 131 417 129 288
is_linear=0
shrinkage=0.05


Tree=111
num_leaves=5
num_cat=0
split_feature=13 7 2 9
split_gain=1.23379 1.48486 2.74866 2.54842
threshold=-0.28386480116455326 0.32761752580736947 0.076401215361919142 -0.54013520443532503
decision_type=8 2 2 2
left_child=-1 3 -3 -2
right_child=1 2 -4 -5
leaf_value=0.017054911136946151 -0.0052728239840026062 0.00030078363214550044 -0.026265051133240749 0.013720350081683203
leaf_weight=4.6349198929965496 36.588897671550512 28.026327792555094 9.830177675932644 26.063078239560127
leaf_count=35 218 154 55 163
internal_value=-7.58422e-05 -0.00163661 -0.00885704 0.00305838
internal_weight=105.143 100.508 37.8565 62.652
internal_count=625 590 209 381
is_linear=0
shrinkage=0.05


Tree=112
num_leaves=6
num_cat=0
split_feature=0 6 7 2 3
split_gain=1.22704 1.12996 2.27994 1.83052 0.217289
threshold=0.17000000000000001 6.1837054549085009 0.082143125846041096 0.02778258154008684 -1.2704051249477339
decision_type=2 2 2 2 2
left_child=4 2 -2 -3 -1
right_child=1 3 -4 -5 -6
leaf_value=-0.00029217449393879224 0.021128258841589 -0.019756918802172094 -0.0046552127988172083 0.0013621067703222544 -0.020491594825975783
leaf_weight=1.7716529890894888 13.18004757538438 7.0191951394081107 13.430771023035048 66.702356651425362 3.0310031361877909
leaf_count=17 74 47 77 366 44
internal_value=-7.29012e-05 0.00150493 0.00943707 -0.00177583 -0.0169899
internal_weight=105.135 100.332 26.6108 73.7216 4.80266
internal_count=625 564 151 413 61
is_linear=0
shrinkage=0.05


Tree=113
num_leaves=7
num_cat=0
split_feature=0 12 12 8 2 5
split_gain=1.21708 2.32482 2.69725 2.17598 0.708184 0.290508
threshold=0.73000000000000009 -0.93197355434745155 -0.22707579228483007 0.68375353928360638 0.070768952455551135 0.037499999999999985
decision_type=2 2 2 2 2 2
left_child=1 4 -3 5 -1 -2
right_child=3 2 -4 -5 -6 -7
leaf_value=-0.027224673261486872 0.0017709464335217953 0.0095832641692168066 -0.0079709781691207886 -0.010876746606431625 -0.0018770357270344795 0.022914695993512479
leaf_weight=5.9459329992532712 2.8451856151223209 38.970055587589741 38.6103933788836 4.8516854494810095 4.7415656074881554 9.0735303126275522
leaf_count=33 28 206 211 29 25 93
internal_value=-0.000120828 -0.00260031 0.00089318 0.0105294 -0.0201616 0.0198824
internal_weight=105.038 88.2679 77.5804 16.7704 10.6875 11.9187
internal_count=625 475 417 150 58 121
is_linear=0
shrinkage=0.05


Tree=114
num_leaves=5
num_cat=0
split_feature=13 7 2 9
split_gain=1.18358 1.33402 2.59341 2.37989
threshold=-0.28386480116455326 0.32761752580736947 0.076401215361919142 -0.54013520443532503
decision_type=8 2 2 2
left_child=-1 3 -3 -2
right_child=1 2 -4 -5
leaf_value=0.016690361529471617 -0.0052513964662479554 0.00037640172581571981 -0.025425988184319466 0.013118413522533049
leaf_weight=4.5763075985014439 36.495887160301208 27.987532369792461 9.8196956478059274 25.984853502362967
leaf_count=35 218 154 55 163
internal_value=-0.000145598 -0.00166997 -0.00851232 0.00279429
internal_weight=104.864 100.288 37.8072 62.4807
internal_count=625 590 209 381
is_linear=0
shrinkage=0.05


Tree=115
num_leaves=7
num_cat=0
split_feature=0 2 1 1 2 6
split_gain=1.18885 1.83772 3.38011 2.60244 1.77421 2.09876
threshold=0.58000000000000007 0.073302450837503752 -0.39414682294878128 1.4919887361291144 0.07853157491525424 6.8023057563284626
decision_type=2 2 2 2 2 2
left_child=1 3 -3 -1 -2 -6
right_child=4 2 -4 -5 5 -7
leaf_value=-0.013498915747772414 0.014319412107603763 -0.0068410522186459133 0.02772445585175063 0.014505832075563036 0.0088369527945217404 -0.021404998469808402
leaf_weight=42.10306815803051 22.180248506367207 14.355715341866018 6.6171218901872626 5.7831308096647254 8.0612651482224447 5.7530308440327635
leaf_count=231 164 77 29 26 57 41
internal_value=-0.000139265 -0.00392311 0.00730243 -0.00906516 0.006695 -0.00609892
internal_weight=104.854 68.859 20.9728 47.8862 35.9945 13.8143
internal_count=625 363 106 257 262 98
is_linear=0
shrinkage=0.05


Tree=116
num_leaves=6
num_cat=0
split_feature=0 6 7 6 3
split_gain=1.15756 1.07554 2.10597 1.84431 0.33966
threshold=0.17000000000000001 6.1837054549085009 0.082143125846041096 6.8607024086908677 -1.3341930984983308
decision_type=2 2 2 2 2
left_child=4 2 -2 -3 -1
right_child=1 3 -4 -5 -6
leaf_value=0.0011701864608521745 0.020487942500933484 -0.008988421384773123 -0.0043876399369547781 0.005911115711602152 -0.02080655896347482
leaf_weight=1.5975552648305891 13.064818609505894 37.271653100848198 13.341925751417874 36.083118919283152 3.1139387376606456
leaf_count=15 74 208 77 205 46
internal_value=-7.83566e-05 0.00145592 0.00922201 -0.00174984 -0.0165889
internal_weight=104.473 99.7615 26.4067 73.3548 4.71149
internal_count=625 564 151 413 61
is_linear=0
shrinkage=0.05


Tree=117
num_leaves=7
num_cat=0
split_feature=13 9 4 7 2 6
split_gain=1.17617 2.30251 2.20897 1.92703 1.83138 1.56597
threshold=-0.16019088466118345 0.70188897176348697 0.044264701352443175 0.66474055329202708 0.03843733735687245 6.1986716422852046
decision_type=8 2 2 2 2 2
left_child=4 2 -2 -3 -1 -6
right_child=1 3 -4 -5 5 -7
leaf_value=-0.010179305810237751 0.0069398000390659721 -0.030058140205053221 -0.012005413134284172 5.4112064339966311e-05 -0.0036444449064662425 0.024257384613804268
leaf_weight=5.4966513402760055 48.939794190227985 7.3171080052852657 16.594363085925579 9.31177009642124 5.6220413446426418 11.083026215434073
leaf_count=33 309 45 80 54 36 68
internal_value=-8.96148e-05 -0.00291836 0.00163158 -0.0170816 0.00899105 0.0161907
internal_weight=104.365 82.163 65.5342 16.6289 22.2017 16.7051
internal_count=625 488 389 99 137 104
is_linear=0
shrinkage=0.05


Tree=118
num_leaves=6
num_cat=0
split_feature=0 8 0 1 3
split_gain=1.11499 1.10423 2.72596 1.60448 0.328926
threshold=0.17000000000000001 0.64385109204121116 0.38000000000000006 1.4144372742295221 -1.3341930984983308
decision_type=2 2 2 2 2
left_child=4 2 -2 -3 -1
right_child=1 3 -4 -5 -6
leaf_value=0.0011255501502835843 -0.0079119324071963686 -0.008395154378022086 0.013780050216032106 0.011641049371837199 -0.020561865388840115
leaf_weight=1.6010430753231046 18.8935691639781 38.209068864583969 34.164179764688015 8.3115997537970525 3.0618753544986239
leaf_count=15 99 194 222 49 46
internal_value=-0.000141733 0.001366 0.0060395 -0.00403306 -0.0163861
internal_weight=104.241 99.5784 53.0577 46.5207 4.66292
internal_count=625 564 321 243 61
is_linear=0
shrinkage=0.05


Tree=119
num_leaves=7
num_cat=0
split_feature=13 7 9 6 12 7
split_gain=1.10533 2.17228 2.88764 2.75285 2.06249 2.02469
threshold=-0.16019088466118345 0.23337633917256087 -0.54013520443532503 7.0690543596910977 -0.010908068880726622 0.83333551289259467
decision_type=8 2 2 2 2 2
left_child=4 2 -2 -3 5 -1
right_child=1 3 -4 -5 -6 -7
leaf_value=0.029668161916743253 -0.0058056212107119283 -0.022309452083698812 0.015635738405388244 0.008914172627151478 -0.0083420928013066813 -0.0030471112718891118
leaf_weight=7.7618037424981612 35.862916119396687 18.42542984336615 20.693361632525921 6.8972437903285018 8.1648775823414308 6.1631889082491398
leaf_count=53 214 109 127 38 51 33
internal_value=-0.000158515 -0.00290121 0.00267235 -0.0137374 0.00866675 0.0182089
internal_weight=103.969 81.879 56.5563 25.3227 22.0899 13.925
internal_count=625 488 341 147 137 86
is_linear=0
shrinkage=0.05


Tree=120
num_leaves=6
num_cat=0
split_feature=0 11 11 11 5
split_gain=1.08142 1.12124 3.07668 2.39711 0.133164
threshold=0.17000000000000001 0.13055747565921955 -0.41058623677028916 0.890990001313965 -0.16499999999999995
decision_type=2 2 2 2 2
left_child=4 2 -2 -3 -1
right_child=1 3 -4 -5 -6
leaf_value=-0.0011541682472006769 0.0035913935476441436 0.013945363620039702 -0.021034864888956797 -0.0085714527384114191 -0.019239515735442265
leaf_weight=1.954776410013437 42.31927390769124 30.841424770653248 12.483132828027008 13.598167557269333 2.6551202684640876
leaf_count=26 236 175 76 77 35
internal_value=-0.000116788 0.00136792 -0.00330778 0.00688534 -0.0161612
internal_weight=103.852 99.242 54.8024 44.4396 4.6099
internal_count=625 564 312 252 61
is_linear=0
shrinkage=0.05


Tree=121
num_leaves=5
num_cat=0
split_feature=13 1 2 6
split_gain=1.08097 1.34087 2.24027 2.10204
threshold=-0.28386480116455326 -1.3094500049072073 0.061004321645592281 7.2941155660435584
decision_type=8 2 2 2
left_child=-1 2 -2 -3
right_child=1 3 -4 -5
leaf_value=0.015998040825869978 0.022924783846246022 -0.0077741105324126182 -0.0059412783379404477 0.012443922629686089
leaf_weight=4.469618272036314 8.2603942230343836 69.822421960532665 10.384578138589857 10.863265600055454
leaf_count=35 46 420 53 71
internal_value=-0.000185602 -0.00164562 0.00899082 -0.00448472
internal_weight=103.8 99.3307 18.645 80.6857
internal_count=625 590 99 491
is_linear=0
shrinkage=0.05


Tree=122
num_leaves=7
num_cat=0
split_feature=3 6 0 9 5 2
split_gain=1.10248 2.28426 3.1527 1.52472 1.51681 2.93931
threshold=0.76175868471197872 6.8694249012689399 0.62000000000000011 -1.0881180629993201 -0.039999999999999945 0.05812758574149255
decision_type=2 2 2 2 2 2
left_child=4 2 -2 -3 5 -1
right_child=1 3 -4 -5 -6 -7
leaf_value=0.01782010066925695 -0.017040220391985009 -0.0080520045864605119 0.014438178388648071 0.024906569021983418 -0.010652825306753128 -0.0083054338332849958
leaf_weight=14.19088266417384 12.993472494184973 1.8780765458941449 9.4332192055881006 11.827218905091284 33.506714347749949 19.928579460829496
leaf_count=89 68 14 77 68 203 106
internal_value=-8.97575e-05 0.00645489 -0.0035813 0.0194451 -0.00379016 0.00344945
internal_weight=103.758 36.132 22.4267 13.7053 67.6262 34.1195
internal_count=625 227 145 82 398 195
is_linear=0
shrinkage=0.05


Tree=123
num_leaves=6
num_cat=0
split_feature=0 11 11 11 3
split_gain=1.08309 1.06237 2.85172 2.19867 0.304231
threshold=0.17000000000000001 0.13055747565921955 -0.41058623677028916 0.890990001313965 -1.3341930984983308
decision_type=2 2 2 2 2
left_child=4 2 -2 -3 -1
right_child=1 3 -4 -5 -6
leaf_value=0.00095458854594020778 0.0035153819174840676 0.01355726742821025 -0.020197965362221654 -0.0080472964326818944 -0.020179406820398246
leaf_weight=1.6142569705843923 42.245876509696245 30.785652060061693 12.478814069181679 13.571213997900484 2.9811532571911803
leaf_count=15 236 175 76 77 46
internal_value=-5.50497e-05 0.00142925 -0.00313018 0.00680164 -0.0161266
internal_weight=103.677 99.0816 54.7247 44.3569 4.59541
internal_count=625 564 312 252 61
is_linear=0
shrinkage=0.05


Tree=124
num_leaves=7
num_cat=0
split_feature=6 2 2 7 7 13
split_gain=1.09021 1.81701 2.95668 1.68494 1.97555 1.60435
threshold=6.1837054549085009 0.02778258154008684 0.034332665700477515 0.082143125846041096 0.63232734134488033 0.030196854272981407
decision_type=2 2 2 2 2 10
left_child=3 5 -3 -1 -5 -2
right_child=1 2 -4 4 -6 -7
leaf_value=0.017657704897380583 -0.030966948338179829 0.023900608937501563 -0.0039151893170298706 -0.01824345042167469 0.011045304049241311 0.004958687426289396
leaf_weight=13.490304701030256 4.5786331295967093 6.1085732281208029 63.243817199021578 6.5567022785544378 6.8250631429255009 2.8129313364624977
leaf_count=80 32 39 371 39 41 23
internal_value=-0.00012237 -0.00317534 -2.26731e-05 0.00772694 -0.00436425 -0.0208109
internal_weight=103.616 76.744 69.3524 26.8721 13.3818 7.39156
internal_count=625 465 410 160 80 55
is_linear=0
shrinkage=0.05


Tree=125
num_leaves=7
num_cat=0
split_feature=13 6 12 12 12 1
split_gain=1.04381 1.52738 1.52506 1.44342 2.3997 2.25992
threshold=0.24222738350503673 7.2941155660435584 -0.69781650070233936 -0.71312300799568795 -0.93197355434745155 -1.3336562951430693
decision_type=8 2 2 2 2 2
left_child=3 2 -2 4 -1 -5
right_child=1 -3 -4 5 -6 -7
leaf_value=-0.007882909009553702 -0.024359470689931918 0.010364526063895464 0.0016905026654359544 0.016125928103056922 0.020854594711723972 -0.0064131937525650287
leaf_weight=7.8191952891647842 9.5310592539608514 4.3632554262876502 8.1675635352730751 9.0918646007776243 16.092179823666811 48.468474045395851
leaf_count=52 59 31 54 47 93 289
internal_value=-0.000106017 -0.00867136 -0.0146136 0.00258069 0.0117191 -0.00184876
internal_weight=103.534 22.0619 17.6986 81.4717 23.9114 57.5603
internal_count=625 144 113 481 145 336
is_linear=0
shrinkage=0.05


Tree=126
num_leaves=7
num_cat=0
split_feature=3 3 5 1 13 12
split_gain=1.06886 2.14603 2.55231 1.9547 2.0243 1.74389
threshold=0.76175868471197872 1.4555696676305063 0.019999999999999938 -1.189915161345571 0.056449219507279123 -0.71312300799568795
decision_type=2 2 2 2 10 2
left_child=3 2 -2 4 -1 -5
right_child=1 -3 -4 5 -6 -7
leaf_value=-0.0049671060627857564 -0.0051442451562107982 -0.0076613426242659252 0.025245591483432056 0.002868794476683317 0.021027406014230084 -0.016001167002382341
leaf_weight=13.06947671249509 8.6455794759094733 13.559966363012789 13.772676222026346 17.2229980006814 8.8449091501533967 28.43472820147872
leaf_count=72 47 77 103 103 48 175
internal_value=-7.67855e-05 0.00638234 0.0147249 -0.00371867 0.00748185 -0.00930246
internal_weight=103.55 35.9782 22.4183 67.5721 21.9144 45.6577
internal_count=625 227 150 398 120 278
is_linear=0
shrinkage=0.05


Tree=127
num_leaves=6
num_cat=0
split_feature=0 4 12 12 3
split_gain=1.05717 1.03179 3.09362 2.35921 0.284199
threshold=0.17000000000000001 0.057960059172585315 0.45402288984745681 0.3929046512476993 -1.3341930984983308
decision_type=2 2 2 2 2
left_child=4 3 -3 -2 -1
right_child=1 2 -4 -5 -6
leaf_value=0.0007981927272470565 0.0087612802171125517 -0.019047656701201076 0.017057773210968099 -0.0090810236947049486 -0.019900765025327539
leaf_weight=1.6269009783864019 60.200713627040386 13.011512637138368 4.3279943168163291 21.310807675123215 2.9220170080661765
leaf_count=15 358 62 21 123 46
internal_value=-3.70323e-05 0.00142849 -0.00823484 0.00384125 -0.0159562
internal_weight=103.4 98.851 17.3395 81.5115 4.54892
internal_count=625 564 83 481 61
is_linear=0
shrinkage=0.05


Tree=128
num_leaves=7
num_cat=0
split_feature=13 9 4 12 7 11
split_gain=1.02457 1.95828 2.06751 1.84507 1.98003 1.65705
threshold=-0.16019088466118345 0.66494115348444949 0.044264701352443175 -0.010908068880726622 0.83333551289259467 0.15200973514599886
decision_type=8 2 2 2 2 2
left_child=3 2 -2 4 -1 -5
right_child=1 -3 -4 5 -6 -7
leaf_value=0.028914540077281715 0.0067283252875107655 -0.015564215977849571 -0.011798994352456708 -0.02059749817027634 -0.0033274210305008498 0.01042368584988642
leaf_weight=7.6451566144824046 48.132927034050226 17.172034028917551 16.078228160738945 4.3638420552015287 6.1433423310518265 3.7723568603396416
leaf_count=53 306 104 78 25 33 26
internal_value=-8.47375e-05 -0.00273545 0.00157191 0.00843534 0.0174868 -0.00772152
internal_weight=103.308 81.3832 64.2112 21.9247 13.7885 8.1362
internal_count=625 488 384 137 86 51
is_linear=0
shrinkage=0.05


Tree=129
num_leaves=6
num_cat=0
split_feature=0 8 0 5 3
split_gain=1.02171 0.980491 2.5562 1.30029 0.273926
threshold=0.17000000000000001 0.64385109204121116 0.38000000000000006 0.019999999999999938 -1.3341930984983308
decision_type=2 2 2 2 2
left_child=4 2 -2 -3 -1
right_child=1 3 -4 -5 -6
leaf_value=0.00074349955991233731 -0.0077512068768958876 -0.011310323353943462 0.013309989039094096 0.0040746128570758773 -0.019671485488622836
leaf_weight=1.6316174045205114 18.793343529105186 22.344470713287592 33.820230439305305 23.715445898473263 2.8748238533735266
leaf_count=15 99 107 222 136 46
internal_value=-9.22504e-05 0.00135039 0.00576721 -0.00376559 -0.0157766
internal_weight=103.18 98.6735 52.6136 46.0599 4.50644
internal_count=625 564 321 243 61
is_linear=0
shrinkage=0.05


Tree=130
num_leaves=7
num_cat=0
split_feature=6 6 2 2 7 7
split_gain=0.984685 1.79302 2.7293 2.44384 1.54604 1.84943
threshold=6.1837054549085009 6.8607024086908677 0.07853157491525424 0.056344032815808645 0.082143125846041096 0.63232734134488033
decision_type=2 2 2 2 2 2
left_child=4 3 -3 -2 -1 -6
right_child=1 2 -4 -5 5 -7
leaf_value=0.016903875518577572 -0.021105902255185698 0.012211752356703503 -0.013493640004221062 0.0022148051439362083 -0.017718591233536005 0.010709178557347229
leaf_weight=13.358216892927887 18.314604312181473 27.540820423513651 10.410920582711695 20.027912836521864 6.4898417741060239 6.7509295344352722
leaf_count=80 111 168 66 120 39 41
internal_value=-0.000135586 -0.00304096 0.00441032 -0.0100743 0.00736049 -0.00426194
internal_weight=102.893 76.2943 37.9517 38.3425 26.599 13.2408
internal_count=625 465 234 231 160 80
is_linear=0
shrinkage=0.05


Tree=131
num_leaves=6
num_cat=0
split_feature=13 7 7 6 12
split_gain=1.0005 1.98586 2.14004 1.46136 1.46323
threshold=0.24222738350503673 -0.88081796530439671 0.71795981768584216 7.2941155660435584 -0.69781650070233936
decision_type=8 2 2 2 2
left_child=1 -1 -3 4 -2
right_child=3 2 -4 -5 -6
leaf_value=0.023006045787303295 -0.023933007688067793 -0.0050753089822086275 0.012780814935853774 0.010126102097914055 0.0016502756298042807
leaf_weight=5.371762227267026 9.4746137857437169 57.607207980006933 17.926356125622988 4.3244934603571883 8.1184988804161549
leaf_count=31 59 347 103 31 54
internal_value=-0.000152763 0.00248972 -0.000307119 -0.00855764 -0.0143748
internal_weight=102.823 80.9053 75.5336 21.9176 17.5931
internal_count=625 481 450 144 113
is_linear=0
shrinkage=0.05


Tree=132
num_leaves=6
num_cat=0
split_feature=0 1 3 7 3
split_gain=0.985374 1.00442 1.83679 1.62121 0.26825
threshold=0.17000000000000001 -1.189915161345571 0.76175868471197872 -0.5932814142999806 -1.3341930984983308
decision_type=2 2 2 2 2
left_child=4 3 -3 -2 -1
right_child=1 2 -4 -5 -6
leaf_value=0.0007529829418784006 -0.0073191157202329498 -0.0077872830736850284 0.0066574701435323505 0.01817420496377237 -0.019425257507977443
leaf_weight=1.6298727169632909 6.1394301205873516 43.811057407408953 35.212940897792578 13.153213873505591 2.8242249712347975
leaf_count=15 29 252 220 63 46
internal_value=-0.000102022 0.00131635 -0.00133758 0.0102249 -0.0155483
internal_weight=102.771 98.3166 79.024 19.2926 4.4541
internal_count=625 564 472 92 61
is_linear=0
shrinkage=0.05


Tree=133
num_leaves=5
num_cat=0
split_feature=13 13 6 7
split_gain=0.96197 1.14144 2.00248 1.47484
threshold=-0.28386480116455326 -0.25072604382209995 7.2941155660435584 0.72349822372394512
decision_type=8 10 2 2
left_child=-1 2 -2 -3
right_child=1 3 -4 -5
leaf_value=0.015244242560094701 -0.019236970458431368 -0.0019161672228725233 0.010938870352833247 0.01445163110880566
leaf_weight=4.3517050072550774 13.605913400650026 68.770860601216555 4.0442246608436099 11.958196140825747
leaf_count=35 88 413 26 63
internal_value=-0.000117996 -0.00150196 -0.0114343 0.00120981
internal_weight=102.731 98.3792 17.6501 80.7291
internal_count=625 590 114 476
is_linear=0
shrinkage=0.05


Tree=134
num_leaves=6
num_cat=0
split_feature=0 11 11 13 3
split_gain=0.952625 0.950556 2.53517 2.06456 0.262071
threshold=0.17000000000000001 0.13055747565921955 -0.41058623677028916 -0.15204250566107985 -1.3341930984983308
decision_type=2 2 2 10 2
left_child=4 2 -2 -3 -1
right_child=1 3 -4 -5 -6
leaf_value=0.00076057794197622404 0.0032891613649804275 0.018961689727895258 -0.019139897648792911 -0.001717401984218436 -0.019160130716558716
leaf_weight=1.628786504268646 41.958998672664165 14.70034873858094 12.37275320664048 29.262181736528873 2.7704134695231906
leaf_count=15 236 94 76 158 46
internal_value=-6.674e-05 0.00132295 -0.00300104 0.00642757 -0.0153035
internal_weight=102.693 98.2943 54.3318 43.9625 4.3992
internal_count=625 564 312 252 61
is_linear=0
shrinkage=0.05


Tree=135
num_leaves=6
num_cat=0
split_feature=0 8 0 1 3
split_gain=0.918592 0.960472 2.35629 1.37288 0.25566
threshold=0.17000000000000001 0.64385109204121116 0.38000000000000006 1.2016595214869723 -1.3341930984983308
decision_type=2 2 2 2 2
left_child=4 2 -2 -3 -1
right_child=1 3 -4 -5 -6
leaf_value=0.00075113032056649156 -0.0073793434328992581 -0.0083105324388808525 0.012895370479352318 0.0094521435563802575 -0.018932036952114015
leaf_weight=1.6296782866120336 18.683435805141926 35.640252619981766 33.665246352553368 10.246516637504099 2.7249938733875743
leaf_count=15 99 181 222 62 46
internal_value=-0.000102849 0.00126124 0.00564676 -0.00380511 -0.0151016
internal_weight=102.59 98.2355 52.3487 45.8868 4.35467
internal_count=625 564 321 243 61
is_linear=0
shrinkage=0.05


Tree=136
num_leaves=7
num_cat=0
split_feature=6 2 9 7 7 13
split_gain=0.921834 1.75786 2.79609 1.55187 1.62899 1.53629
threshold=6.1837054549085009 0.02778258154008684 -0.54013520443532503 0.082143125846041096 0.63232734134488033 0.030196854272981407
decision_type=2 2 2 2 2 10
left_child=3 5 -3 -1 -5 -2
right_child=1 2 -4 4 -6 -7
leaf_value=0.016731459171454195 -0.030296944167903236 -0.012103722853500552 0.0074085819809205922 -0.01705105993838528 0.009749698595389782 0.004923915804889086
leaf_weight=13.29063690826297 4.5267790891230097 24.220110945403576 44.402005847543478 6.4485936164855939 6.6730167455971241 2.7786118164658546
leaf_count=80 32 145 265 39 41 23
internal_value=-0.000124629 -0.00294096 0.000167432 0.00715093 -0.004492 -0.0203432
internal_weight=102.34 75.9275 68.6221 26.4122 13.1216 7.30539
internal_count=625 465 410 160 80 55
is_linear=0
shrinkage=0.05


Tree=137
num_leaves=6
num_cat=0
split_feature=0 1 4 7 3
split_gain=0.890355 0.966467 1.72568 1.46631 0.336509
threshold=0.17000000000000001 -1.189915161345571 0.012618914885341221 -0.5932814142999806 -1.341640786499873
decision_type=2 2 2 2 2
left_child=4 3 -3 -2 -1
right_child=1 2 -4 -5 -6
leaf_value=0.0017144339707887341 -0.0068419774638691566 0.010698817450239189 -0.0053938491040541724 0.01746412750532746 -0.019306815109735698
leaf_weight=1.5203702226281164 6.1223899945616749 17.308266364037991 61.361995670944452 13.147019788622854 2.7999340780079356
leaf_count=14 29 112 360 63 47
internal_value=-0.000166557 0.00118077 -0.00142553 0.00992289 -0.014958
internal_weight=102.26 97.9397 78.6703 19.2694 4.3203
internal_count=625 564 472 92 61
is_linear=0
shrinkage=0.05


Tree=138
num_leaves=5
num_cat=0
split_feature=13 9 9 7
split_gain=0.892931 1.11605 2.83138 2.69557
threshold=-0.28386480116455326 0.66494115348444949 0.48161693621256524 0.66474055329202708
decision_type=8 2 2 2
left_child=-1 2 -2 -3
right_child=1 3 -4 -5
leaf_value=0.014703094247960194 -0.0019653162060273509 -0.023460758968748541 0.025082514357613796 0.0031941859276236983
leaf_weight=4.2766068130731583 60.252387091517448 11.641444962471725 6.4026249460875979 19.684020351618528
leaf_count=35 374 71 37 108
internal_value=-0.000162375 -0.00149359 0.00220173 -0.00857733
internal_weight=102.257 97.9805 66.655 31.3255
internal_count=625 590 411 179
is_linear=0
shrinkage=0.05


Tree=139
num_leaves=7
num_cat=0
split_feature=3 6 0 1 13 12
split_gain=0.909766 2.11863 2.62494 1.82224 2.02712 1.54723
threshold=0.76175868471197872 6.8694249012689399 0.62000000000000011 -1.189915161345571 0.056449219507279123 -0.71312300799568795
decision_type=2 2 2 2 10 2
left_child=3 2 -2 4 -1 -5
right_child=1 -3 -4 5 -6 -7
leaf_value=-0.0051436807306514364 -0.016124707206481372 0.018418907938120673 0.012930919344509599 0.0026390869396030383 0.020926523533675342 -0.01524770357184565
leaf_weight=12.911969356238844 12.732018906623127 13.564137000590561 9.0796952396631223 17.006423361599445 8.7910616286098939 28.106345027685165
leaf_count=72 68 82 77 103 48 175
internal_value=-0.000113651 0.00589637 -0.00387369 -0.00348466 0.00735742 -0.00891427
internal_weight=102.192 35.3759 21.8117 66.8158 21.703 45.1128
internal_count=625 227 145 398 120 278
is_linear=0
shrinkage=0.05


Tree=140
num_leaves=7
num_cat=0
split_feature=6 2 2 13 7 7
split_gain=0.884302 1.69186 2.68435 1.47778 1.4578 1.50662
threshold=6.1837054549085009 0.02778258154008684 0.034332665700477515 0.030196854272981407 0.082143125846041096 0.63232734134488033
decision_type=2 2 2 10 2 2
left_child=4 3 -3 -2 -1 -6
right_child=1 2 -4 -5 5 -7
leaf_value=0.016355377343047199 -0.029704448540800676 0.023081417574795107 -0.0035324340870328515 0.0048657469646346636 -0.016377820486536982 0.0094319810318165605
leaf_weight=13.246632158756258 4.4999959431588641 6.0229714326560488 62.469978652894497 2.7628967203199863 6.4091766700148565 6.6389120034873486
leaf_count=80 32 39 371 23 39 41
internal_value=-6.51673e-05 -0.00282738 0.000218967 -0.0199317 0.00707311 -0.00427078
internal_weight=102.051 75.7558 68.493 7.26289 26.2947 13.0481
internal_count=625 465 410 55 160 80
is_linear=0
shrinkage=0.05


Tree=141
num_leaves=6
num_cat=0
split_feature=0 4 12 12 3
split_gain=0.875227 0.943126 2.84859 2.10728 0.317598
threshold=0.17000000000000001 0.057960059172585315 0.45402288984745681 0.27967872776607011 -1.341640786499873
decision_type=2 2 2 2 2
left_child=4 3 -3 -2 -1
right_child=1 2 -4 -5 -6
leaf_value=0.0015786233451074725 0.0085986154107080513 -0.018383280015717741 0.016371783939208292 -0.0079329509997135388 -0.019013124576087267
leaf_weight=1.530273839831352 57.090644247829914 12.896549016237261 4.2797430977225295 23.431135077029467 2.7407300025224677
leaf_count=14 341 62 21 140 47
internal_value=-5.22317e-05 0.0012783 -0.00798471 0.00360552 -0.0147629
internal_weight=101.969 97.6981 17.1763 80.5218 4.271
internal_count=625 564 83 481 61
is_linear=0
shrinkage=0.05


Tree=142
num_leaves=6
num_cat=0
split_feature=13 7 7 6 11
split_gain=0.882967 1.95672 1.65896 1.32928 1.41248
threshold=0.24222738350503673 -0.88081796530439671 0.71795981768584216 7.2941155660435584 0.13055747565921955
decision_type=8 2 2 2 2
left_child=1 -1 -3 4 -2
right_child=3 2 -4 -5 -6
leaf_value=0.022790094079115503 -0.022202808015739633 -0.0045970237468581157 0.011194971976934394 0.0098115364555027163 0.0029890017379430559
leaf_weight=5.3367462567985049 10.364029157906776 57.141871299594641 17.712713953107595 4.2633839510381213 7.0603430196642867
leaf_count=31 67 347 103 31 46
internal_value=-9.3678e-05 0.00239668 -0.000393208 -0.00802571 -0.0136047
internal_weight=101.879 80.1913 74.8546 21.6878 17.4244
internal_count=625 481 450 144 113
is_linear=0
shrinkage=0.05


Tree=143
num_leaves=7
num_cat=0
split_feature=11 11 8 0 0 1
split_gain=0.88221 2.02384 2.69321 2.40429 1.42982 2.28619
threshold=0.890990001313965 0.13055747565921955 0.71268548315699098 0.6100000000000001 0.30750000000000005 0.73595714761594622
decision_type=2 2 2 2 2 2
left_child=1 2 -1 -3 -2 -6
right_child=4 3 -4 -5 5 -7
leaf_value=-0.0089057878711866541 0.0091315371641534793 0.00098529876705791991 0.015401030936006577 0.02761306318918157 -0.030561353856086711 0.0062190352198728148
leaf_weight=46.117675738409162 3.7974739745259276 22.848329614847902 9.8449913635849935 8.854553282260893 5.7355321422219259 4.6255804039537907
leaf_count=293 26 123 48 74 29 32
internal_value=-4.21772e-05 0.00197906 -0.00371728 0.0111709 -0.00980741 -0.0174617
internal_weight=101.824 87.6655 55.9627 31.7029 14.1586 10.3611
internal_count=625 538 341 197 87 61
is_linear=0
shrinkage=0.05


Tree=144
num_leaves=7
num_cat=0
split_feature=8 0 13 4 5 8
split_gain=0.876571 2.94162 3.32818 2.55079 1.46002 2.18272
threshold=0.64385109204121116 0.38000000000000006 0.16913908493924948 0.079803833636366797 0.019999999999999938 0.71512136263180337
decision_type=2 2 8 2 2 2
left_child=1 2 -1 -3 5 -2
right_child=4 3 -4 -5 -6 -7
leaf_value=0.0061753428832443443 -0.021307330225751979 0.017308900228179155 -0.027417553315975902 -0.015686986181131835 0.0037507170234922036 0.0067081571684821685
leaf_weight=13.733603131026028 15.522475212812425 30.420438818633556 8.0047071520239133 2.9807009249925605 23.41118149086833 7.5929079651832572
leaf_count=82 86 207 63 15 136 36
internal_value=7.34272e-06 0.00410753 -0.00900845 0.0127052 -0.00477893 -0.0125484
internal_weight=101.666 55.1395 21.7383 33.4011 46.5266 23.1154
internal_count=625 367 145 222 258 122
is_linear=0
shrinkage=0.05


Tree=145
num_leaves=7
num_cat=0
split_feature=2 2 13 13 13 11
split_gain=0.840389 2.78417 1.65263 1.34494 0.773447 0.0606287
threshold=0.02778258154008684 0.034332665700477515 -0.15204250566107985 0.053350454433092755 0.07033426193270427 0.032791677060498549
decision_type=2 2 8 10 10 2
left_child=3 4 -3 5 -2 -1
right_child=1 2 -4 -5 -6 -7
leaf_value=-0.024783275908798003 0.028325643948158303 0.0097722934510480614 -0.00557282559163522 0.0073157640725735138 -0.00020164010702212803 -0.0044241533547407803
leaf_weight=2.7123091015964729 6.0622434318065626 18.619781643152237 64.184320442378521 3.6632445976138115 2.9364788345992565 3.1757177338004112
leaf_count=20 39 119 378 27 19 23
internal_value=-6.50329e-05 0.00162198 -0.00176225 -0.0112656 0.0222695 -0.0208768
internal_weight=101.354 91.8028 82.8041 9.55127 8.99872 5.88803
internal_count=625 555 497 70 58 43
is_linear=0
shrinkage=0.05


Tree=146
num_leaves=7
num_cat=0
split_feature=1 2 6 12 0 12
split_gain=0.823131 1.77031 3.15814 2.10251 1.68527 1.54259
threshold=-1.3094500049072073 0.061004321645592281 6.4591815611749324 -0.7603587323839428 0.22000000000000003 0.73715099887956814
decision_type=2 2 2 2 2 2
left_child=1 3 -3 -1 -2 -6
right_child=4 2 -4 -5 5 -7
leaf_value=-0.0060571545548842379 -0.020273620216234876 0.018530574885482834 -0.021581149921821606 0.032778674119183872 0.0035576091159718239 -0.013566468313044292
leaf_weight=3.3270081430673599 6.3051971457898608 3.8906292170286161 6.268742622807622 4.8498983979225176 65.463601250201464 11.173006925731896
leaf_count=18 67 17 36 28 390 69
internal_value=-3.70841e-05 0.00831258 -0.00517462 0.0206747 -0.00225065 0.000383056
internal_weight=101.278 18.3363 10.1594 8.17691 82.9418 76.6366
internal_count=625 99 53 46 526 459
is_linear=0
shrinkage=0.05


Tree=147
num_leaves=7
num_cat=0
split_feature=11 11 8 0 0 1
split_gain=0.856519 1.89007 2.44296 2.24029 1.41075 2.12412
threshold=0.890990001313965 0.13055747565921955 0.71268548315699098 0.6100000000000001 0.30750000000000005 0.73595714761594622
decision_type=2 2 2 2 2 2
left_child=1 2 -1 -3 -2 -6
right_child=4 3 -4 -5 5 -7
leaf_value=-0.0085287300204737824 0.0091038121186172733 0.0010263844653477336 0.014656803429450313 0.026882166085081 -0.029922837109283479 0.0057779926704141539
leaf_weight=45.830386118963361 3.7873635925352565 22.743952844291929 9.8133861795067769 8.6636181399226171 5.7006519213318807 4.5790991261601448
leaf_count=293 26 123 48 74 29 32
internal_value=-5.1504e-05 0.00194872 -0.00356841 0.0108709 -0.00969457 -0.0173331
internal_weight=101.118 87.0513 55.6438 31.4076 14.0671 10.2798
internal_count=625 538 341 197 87 61
is_linear=0
shrinkage=0.05


Tree=148
num_leaves=7
num_cat=0
split_feature=8 0 13 4 1 3
split_gain=0.860752 2.65655 3.13124 2.40169 1.32028 2.35716
threshold=0.64385109204121116 0.38000000000000006 0.16913908493924948 0.079803833636366797 1.2016595214869723 1.4555696676305063
decision_type=2 2 8 2 2 2
left_child=1 2 -1 -3 -2 -6
right_child=4 3 -4 -5 5 -7
leaf_value=0.0061671579467549413 -0.0090409851417205863 0.016755332632710122 -0.026513861576865388 -0.015248631962015325 0.021100631357814092 -0.014508835777795029
leaf_weight=13.724634338170288 36.17023554444313 30.197346743196249 7.8236115965992239 2.9876978918910018 6.7808459363877756 3.2803210914134979
leaf_count=82 196 207 63 15 44 18
internal_value=-3.37771e-06 0.00407505 -0.00845727 0.0122546 -0.00475829 0.00852825
internal_weight=100.965 54.7333 21.5482 33.185 46.2314 10.0612
internal_count=625 367 145 222 258 62
is_linear=0
shrinkage=0.05


Tree=149
num_leaves=7
num_cat=0
split_feature=1 13 0 3 6 7
split_gain=0.846313 1.90797 2.20214 1.74761 2.04953 1.49133
threshold=-1.189915161345571 0.056449219507279123 0.38000000000000006 0.76175868471197872 6.8694249012689399 0.97175604088841916
decision_type=2 10 2 2 2 2
left_child=1 2 -1 5 -5 -2
right_child=3 -3 -4 4 -6 -7
leaf_value=-0.017997979301116084 -0.011447660132419527 0.020896651236751287 0.01346267783593324 -0.0041918010111807978 0.017827615844441026 0.012968461902677211
leaf_weight=7.3186110053211468 41.46703015267849 8.7073254920542222 5.4207580909132957 21.382358491420746 13.404877487570046 2.9997768364846698
leaf_count=46 261 48 26 145 82 17
internal_value=-5.34535e-05 0.00775214 -0.00458972 -0.0025004 0.00546722 -0.00865619
internal_weight=100.701 21.4467 12.7394 79.254 34.7872 44.4668
internal_count=625 120 72 505 227 278
is_linear=0
shrinkage=0.05


Tree=150
num_leaves=7
num_cat=0
split_feature=2 2 13 13 13 11
split_gain=0.834362 2.60244 1.51392 1.28179 0.702453 0.0414224
threshold=0.02778258154008684 0.034332665700477515 -0.15204250566107985 0.053350454433092755 0.07033426193270427 0.032791677060498549
decision_type=2 2 8 10 10 2
left_child=3 4 -3 5 -2 -1
right_child=1 2 -4 -5 -6 -7
leaf_value=-0.024217528591403307 0.027463938098242782 0.009477193701078801 -0.00525139267588074 0.0070849291251327664 -6.0094367179553971e-05 -0.0044432102252433209
leaf_weight=2.7067813631147128 6.0342566110193712 18.48089749738574 63.733334671705961 3.6287225112318993 2.9070281945168972 3.1386792100965977
leaf_count=20 39 119 378 27 19 23
internal_value=2.35642e-05 0.0017072 -0.00158704 -0.0111693 0.0217031 -0.0205433
internal_weight=100.63 91.1555 82.2142 9.47418 8.94128 5.84546
internal_count=625 555 497 70 58 43
is_linear=0
shrinkage=0.05


Tree=151
num_leaves=7
num_cat=0
split_feature=11 11 8 8 0 1
split_gain=0.823165 1.78156 2.73943 2.24355 1.36996 1.9815
threshold=0.890990001313965 0.54835404306550417 0.60846899440022617 0.60766456195027929 0.30750000000000005 0.73595714761594622
decision_type=2 2 2 2 2 2
left_child=1 3 -3 -1 -2 -6
right_child=4 2 -4 -5 5 -7
leaf_value=-0.01183213753999589 0.0090458776069836221 0.03020477906943311 -0.0044394056420690919 0.0052205743896102932 -0.029141690070609339 0.0054904017495857431
leaf_weight=27.10878973454237 3.7837702780961981 7.269283525645732 8.5950646810233575 43.588400373235345 5.6692804694175702 4.5407471992075443
leaf_count=181 26 51 52 254 29 32
internal_value=4.64147e-05 0.00200937 0.0148692 -0.00166791 -0.00942842 -0.0169979
internal_weight=100.555 86.5615 15.8643 70.6972 13.9938 10.21
internal_count=625 538 103 435 87 61
is_linear=0
shrinkage=0.05


Tree=152
num_leaves=7
num_cat=0
split_feature=8 0 13 5 5 8
split_gain=0.822248 2.48959 2.98795 2.36737 1.24759 1.8965
threshold=0.64385109204121116 0.38000000000000006 0.16913908493924948 -0.039999999999999897 0.019999999999999938 0.71512136263180337
decision_type=2 2 8 2 2 2
left_child=1 2 -1 -3 5 -2
right_child=4 3 -4 -5 -6 -7
leaf_value=0.0061032136073998289 -0.020030288299144286 0.028288359589849307 -0.0258926987731419 0.001980937690891338 0.0033323244545884439 0.0061823278485550748
leaf_weight=13.721371755003927 15.306434590369465 9.071830924600361 7.7021873500198152 23.939978986978531 23.234878577291965 7.5614751540124407
leaf_count=82 86 45 63 177 136 36
internal_value=5.46449e-05 0.00405085 -0.0081228 0.0119804 -0.00459851 -0.0118087
internal_weight=100.538 54.4354 21.4236 33.0118 46.1028 22.8679
internal_count=625 367 145 222 258 122
is_linear=0
shrinkage=0.05


Tree=153
num_leaves=6
num_cat=0
split_feature=2 2 2 13 13
split_gain=0.810084 2.44234 1.4198 1.24587 0.32899
threshold=0.02778258154008684 0.034332665700477515 0.044180397221096714 0.053350454433092755 0.056449219507279123
decision_type=2 2 2 10 10
left_child=3 4 -3 -1 -2
right_child=1 2 -4 -5 -6
leaf_value=-0.020230374506208359 0.025424804085339793 -0.014630801970842251 0.0015204287622511256 0.0070185690564508576 0.0023766196657407932
leaf_weight=5.8360663894563896 5.7842810899019224 11.666730619966982 70.3171710614115 3.6132482290267944 3.1206537187099457
leaf_count=43 38 74 423 27 20
internal_value=5.11656e-05 0.00171193 -0.00148686 -0.0109877 0.0211067
internal_weight=100.338 90.8888 81.9839 9.44931 8.90493
internal_count=625 555 497 70 58
is_linear=0
shrinkage=0.05


Tree=154
num_leaves=7
num_cat=0
split_feature=1 2 12 0 12 13
split_gain=0.799086 1.63139 1.93937 1.48359 1.44033 1.21579
threshold=-1.3094500049072073 0.061004321645592281 -0.7603587323839428 0.22000000000000003 0.73715099887956814 0.056449219507279123
decision_type=2 2 2 2 2 8
left_child=1 2 -1 -2 -5 -3
right_child=3 5 -4 4 -6 -7
leaf_value=-0.0057681544649718884 -0.019246945020693792 -0.016257009459658796 0.031729820502180608 0.0034038852126873202 -0.013194960067194185 0.0087230368864584015
leaf_weight=3.2760974615812302 6.0704215485602608 4.8829499036073667 4.8369969576597232 65.01009277254343 11.071388915181158 5.1568019781261683
leaf_count=18 67 25 28 390 69 28
internal_value=5.21579e-05 0.00830651 0.0201622 -0.00214369 0.000323687 -0.0047919
internal_weight=100.305 18.1528 8.11309 82.1519 76.0815 10.0398
internal_count=625 99 46 526 459 53
is_linear=0
shrinkage=0.05


Tree=155
num_leaves=7
num_cat=0
split_feature=6 6 12 2 7 2
split_gain=0.801488 1.5828 2.75536 2.28587 1.4197 1.47086
threshold=6.1837054549085009 6.8607024086908677 0.60862285862828425 0.056344032815808645 0.082143125846041096 0.062920114948714398
decision_type=2 2 2 2 2 2
left_child=4 3 -3 -2 5 -1
right_child=1 2 -4 -5 -6 -7
leaf_value=1.4976282324848936e-05 -0.020115337758882954 -0.0019836732769906665 0.028935374925309756 0.0025952473025397157 -0.0043873507630777771 0.02880281504276196
leaf_weight=7.9540946036577242 17.815798040479422 32.96087003685534 4.0339173935353747 19.582523062825203 12.796455569565294 5.0496022813022137
leaf_count=45 111 206 28 120 80 35
internal_value=2.39522e-05 -0.00263312 0.00443145 -0.00931994 0.00686917 0.0160884
internal_weight=100.193 74.3931 36.9948 37.3983 25.8002 13.0037
internal_count=625 465 234 231 160 80
is_linear=0
shrinkage=0.05


Tree=156
num_leaves=7
num_cat=0
split_feature=11 11 8 0 0 1
split_gain=0.788813 1.76351 2.18128 2.08042 1.30923 1.87033
threshold=0.890990001313965 0.13055747565921955 0.71268548315699098 0.6100000000000001 0.30750000000000005 0.73595714761594622
decision_type=2 2 2 2 2 2
left_child=1 2 -1 -3 -2 -6
right_child=4 3 -4 -5 5 -7
leaf_value=-0.0080522750131258383 0.0088615193216138536 0.001144482082901549 0.013911304108650472 0.026242695689783366 -0.028435012174452587 0.0052959415210059296
leaf_weight=45.372715981677175 3.7765502184629431 22.578294590115551 9.7524509057402593 8.4756774269044381 5.625437103211878 4.5224318392574787
leaf_count=293 26 123 48 74 29 32
internal_value=0.000103528 0.00202691 -0.00333287 0.010684 -0.0091908 -0.0166165
internal_weight=100.104 86.1791 55.1252 31.054 13.9244 10.1479
internal_count=625 538 341 197 87 61
is_linear=0
shrinkage=0.05


Tree=157
num_leaves=7
num_cat=0
split_feature=8 0 13 4 5 8
split_gain=0.795951 2.29195 2.84124 2.27931 1.12029 1.6592
threshold=0.64385109204121116 0.38000000000000006 0.16913908493924948 0.079803833636366797 0.019999999999999938 0.71512136263180337
decision_type=2 2 8 2 2 2
left_child=1 2 -1 -3 5 -2
right_child=4 3 -4 -5 -6 -7
leaf_value=0.0061238380681380615 -0.019009437398787965 0.016123595183270136 -0.025167346018731718 -0.015014047858977007 0.0030912561090753691 0.0056147926714755717
leaf_weight=13.693201869726179 15.177148111164572 29.888046072795987 7.5441775601357248 2.9872585088014594 23.12654222920537 7.537873111665248
leaf_count=82 86 207 63 15 136 36
internal_value=0.000144423 0.00408322 -0.00766957 0.0116857 -0.00444936 -0.0112992
internal_weight=99.9542 54.1127 21.2374 32.8753 45.8416 22.715
internal_count=625 367 145 222 258 122
is_linear=0
shrinkage=0.05


Tree=158
num_leaves=7
num_cat=0
split_feature=2 2 13 13 13 5
split_gain=0.765827 2.34674 1.41304 1.18854 0.596946 0.0127504
threshold=0.02778258154008684 0.034332665700477515 -0.15204250566107985 0.053350454433092755 0.07033426193270427 0.0099999999999999967
decision_type=2 2 8 10 10 2
left_child=3 4 -3 5 -2 -1
right_child=1 2 -4 -5 -6 -7
leaf_value=-0.004169386037101307 0.026028375605632283 0.0092570305814623603 -0.0050217615500028831 0.0069183418319885759 0.00013449475214387542 -0.022750914910320875
leaf_weight=2.8715918567031604 5.9918454959988576 18.325051940977573 63.126960922032595 3.5769372135400772 2.8563344329595566 2.9193570539355278
leaf_count=22 39 119 378 27 19 21
internal_value=6.97992e-05 0.00168898 -0.00145973 -0.0106943 0.020736 -0.0197381
internal_weight=99.6681 90.3002 81.452 9.36789 8.84818 5.79095
internal_count=625 555 497 70 58 43
is_linear=0
shrinkage=0.05


Tree=159
num_leaves=7
num_cat=0
split_feature=1 13 0 3 6 7
split_gain=0.816602 1.76675 2.02268 1.53555 1.92306 1.37654
threshold=-1.189915161345571 0.056449219507279123 0.38000000000000006 0.76175868471197872 6.8694249012689399 0.97175604088841916
decision_type=2 10 2 2 2 2
left_child=1 2 -1 5 -5 -2
right_child=3 -3 -4 4 -6 -7
leaf_value=-0.017216951857459094 -0.010847496399401552 0.020399422214862236 0.013042390365095986 -0.004222071623020524 0.017176808194033909 0.012619383346872647
leaf_weight=7.1878458168357628 40.988242793828249 8.6668207757174951 5.3593657165765762 21.13310768827796 13.285223253071306 2.9719714634120455
leaf_count=46 261 48 26 145 82 17
internal_value=9.13886e-05 0.00778471 -0.00425861 -0.00233285 0.00516881 -0.00813428
internal_weight=99.5926 21.214 12.5472 78.3785 34.4183 43.9602
internal_count=625 120 72 505 227 278
is_linear=0
shrinkage=0.05


Tree=160
num_leaves=7
num_cat=0
split_feature=6 2 9 3 12 13
split_gain=0.765015 1.50232 2.33314 1.39602 1.35297 1.2693
threshold=6.1837054549085009 0.02778258154008684 -0.54013520443532503 1.5014066145466833 0.72233781472476666 0.030196854272981407
decision_type=2 2 2 2 2 10
left_child=3 5 -3 4 -1 -2
right_child=1 2 -4 -5 -6 -7
leaf_value=0.016880354849410511 -0.027774849388419898 -0.010934700987944992 0.0071027172695139768 -0.01244104133824807 -0.0074482444353071858 0.0045468046768218388
leaf_weight=17.78657020628453 4.3710566721856585 23.490077558904886 43.379955369979143 3.3897964395582667 4.4255832321941844 2.6792209111154079
leaf_count=112 32 145 265 21 27 23
internal_value=0.000160716 -0.00244886 0.000446621 0.00686438 0.0115552 -0.018702
internal_weight=99.5223 73.9203 66.87 25.6019 22.2122 7.05028
internal_count=625 465 410 160 139 55
is_linear=0
shrinkage=0.05


Tree=161
num_leaves=7
num_cat=0
split_feature=11 11 3 13 0 1
split_gain=0.751939 1.67127 2.05983 1.98451 1.2584 1.74167
threshold=0.890990001313965 0.13055747565921955 1.5014066145466833 -0.23118193801508102 0.30750000000000005 0.73595714761594622
decision_type=2 2 2 10 2 2
left_child=1 3 -3 -1 -2 -6
right_child=4 2 -4 -5 5 -7
leaf_value=-0.01639617084636261 0.0086833607756337753 0.01550139064780553 -0.012575386841677492 0.0027640347841305841 -0.027716003284252611 0.0049993495094590133
leaf_weight=14.531421788036821 3.7727530971169463 26.561750467866663 4.2239481247961512 40.305641874670982 5.585580497980116 4.4851966239511967
leaf_count=95 26 169 28 246 29 32
internal_value=8.08774e-05 0.00196686 0.0104303 -0.00325909 -0.00901069 -0.016321
internal_weight=99.4663 85.6228 30.7857 54.8371 13.8435 10.0708
internal_count=625 538 197 341 87 61
is_linear=0
shrinkage=0.05


Tree=162
num_leaves=7
num_cat=0
split_feature=8 0 13 5 1 3
split_gain=0.741813 2.17362 2.65945 2.17049 1.07434 2.1864
threshold=0.64385109204121116 0.38000000000000006 0.16913908493924948 -0.039999999999999897 1.2016595214869723 1.4555696676305063
decision_type=2 2 8 2 2 2
left_child=1 2 -1 -3 -2 -6
right_child=4 3 -4 -5 5 -7
leaf_value=0.005728892094744034 -0.0082883939826901027 0.026930927205724903 -0.024640717304990841 0.0016893092774525735 0.020019516793384262 -0.014291994885192887
leaf_weight=13.730827149003742 35.765360791236162 8.9672348760068399 7.4307704623788622 23.713627008721232 6.6039182581007463 3.2732444033026695
leaf_count=82 196 45 63 177 44 18
internal_value=1.76568e-05 0.003835 -0.00760642 0.0112698 -0.00441952 0.00766703
internal_weight=99.485 53.8425 21.1616 32.6809 45.6425 9.87716
internal_count=625 367 145 222 258 62
is_linear=0
shrinkage=0.05


Tree=163
num_leaves=7
num_cat=0
split_feature=1 2 6 12 0 12
split_gain=0.72485 1.56439 2.84224 1.79218 1.33098 1.31507
threshold=-1.3094500049072073 0.061004321645592281 6.4591815611749324 -0.7603587323839428 0.22000000000000003 0.73715099887956814
decision_type=2 2 2 2 2 2
left_child=1 3 -3 -1 -2 -6
right_child=4 2 -4 -5 5 -7
leaf_value=-0.0055508649797914034 -0.018423187650675337 0.017550348827415737 -0.020652057041094133 0.030635483113276709 0.003230538955230255 -0.012675689491668477
leaf_weight=3.2277025654911995 5.8763223532587281 3.877924978733061 6.0870859213173389 4.8265296779572981 64.443184753879905 10.987576495856045
leaf_count=18 67 17 36 28 390 69
internal_value=3.37211e-05 0.00791552 -0.00488877 0.0195622 -0.00207041 0.000269615
internal_weight=99.3263 18.0192 9.96501 8.05423 81.3071 75.4308
internal_count=625 99 53 46 526 459
is_linear=0
shrinkage=0.05


Tree=164
num_leaves=7
num_cat=0
split_feature=11 11 8 8 0 13
split_gain=0.722448 1.60037 2.61786 2.08326 1.22846 1.67772
threshold=0.890990001313965 0.54835404306550417 0.60846899440022617 0.60766456195027929 0.30750000000000005 -0.11825614234851543
decision_type=2 2 2 2 2 10
left_child=1 3 -3 -1 -2 -6
right_child=4 2 -4 -5 5 -7
leaf_value=-0.01149917465161851 0.0085755670349935819 0.029191648800617073 -0.0047225759324540971 0.0050333395275749459 0.0054343770160756736 -0.026845095088050844
leaf_weight=26.685249419882894 3.7680355049669734 7.1593435257673255 8.4617141187190992 43.091497533023357 4.1307473145425311 5.8801478296518317
leaf_count=181 26 51 52 254 29 32
internal_value=1.74332e-05 0.00187044 0.0141301 -0.00163545 -0.00890721 -0.0161522
internal_weight=99.1767 85.3978 15.6211 69.7767 13.7789 10.0109
internal_count=625 538 103 435 87 61
is_linear=0
shrinkage=0.05


Tree=165
num_leaves=7
num_cat=0
split_feature=8 0 4 2 5 5
split_gain=0.707293 2.04571 2.21286 1.82883 1.02552 1.52824
threshold=0.64385109204121116 0.38000000000000006 0.044965250944514278 0.052486764149542169 0.019999999999999938 -0.079999999999999988
decision_type=2 2 2 2 2 2
left_child=1 3 -3 -1 5 -2
right_child=4 2 -4 -5 -6 -7
leaf_value=-0.019896316506821429 0.00089071605403138522 0.018206316130461503 -0.0070165160947824601 0.0050901374953052046 0.0029241872905835741 -0.022370110965019313
leaf_weight=9.0101532731205243 13.388306051492693 23.215766647830606 9.3930555507540685 12.038660915568469 23.008841499686241 9.1246378943324071
leaf_count=71 70 172 50 74 136 52
internal_value=2.88626e-05 0.00376242 0.0109739 -0.0073716 -0.00430879 -0.0108891
internal_weight=99.1794 53.6576 32.6088 21.0488 45.5218 22.5129
internal_count=625 367 222 145 258 122
is_linear=0
shrinkage=0.05


Tree=166
num_leaves=7
num_cat=0
split_feature=13 11 5 11 8 13
split_gain=0.726976 2.23998 2.5707 1.64656 1.73959 1.59266
threshold=0.056449219507279123 -0.81290834758211072 -0.079999999999999988 -0.90258527480322159 0.6440804537358652 -0.28022853948731147
decision_type=10 2 2 2 2 8
left_child=3 -2 -3 4 -1 -5
right_child=1 2 -4 5 -6 -7
leaf_value=0.025412067053309086 -0.013070409627030098 0.026014627052596828 -0.0020548873418741944 0.013977076269142151 -0.0077646767857791898 -0.008987462520078834
leaf_weight=4.5169973075389844 7.7199715822935095 11.142991714179518 15.129959275946019 4.1548372730612755 3.647968977689743 52.600127633661032
leaf_count=28 50 65 95 35 20 332
internal_value=-2.5881e-05 0.00544545 0.012106 -0.00307528 0.0132699 -0.00631077
internal_weight=98.9129 33.9929 26.273 64.9199 8.16497 56.755
internal_count=625 210 160 415 48 367
is_linear=0
shrinkage=0.05


Tree=167
num_leaves=6
num_cat=0
split_feature=2 2 12 13 13
split_gain=0.697518 1.98006 1.39693 1.37233 0.85052
threshold=0.026213497864121357 0.034332665700477515 0.60862285862828425 0.053350454433092755 0.071317400314118554
decision_type=2 2 2 10 10
left_child=3 4 -3 -1 -2
right_child=1 2 -4 -5 -6
leaf_value=-0.021429947921550025 0.024051596406474973 -0.0045585261661275763 0.010797624508874858 0.0078827096877468316 -0.0025712434233699628
leaf_weight=4.6473254933953267 7.2061662338674051 67.161940829828382 13.703504323959349 3.3769065961241722 2.7983599603176117
leaf_count=35 48 414 83 26 19
internal_value=5.60057e-05 0.0015284 -0.00147904 -0.0108036 0.0182296
internal_weight=98.8942 90.87 80.8654 8.02423 10.0045
internal_count=625 564 497 61 67
is_linear=0
shrinkage=0.05


Tree=168
num_leaves=6
num_cat=0
split_feature=0 5 2 5 3
split_gain=0.691608 0.94647 1.97688 1.62557 0.425938
threshold=0.17000000000000001 -0.030000000000000009 0.05812758574149255 0.019999999999999938 -1.4038501125147012
decision_type=2 2 2 2 2
left_child=4 2 -2 -3 -1
right_child=1 3 -4 -5 -6
leaf_value=0.0033730568124659211 0.018440124827022987 -0.01648958408559946 -0.0022861314994188616 0.0018878766534456979 -0.018355316974994328
leaf_weight=1.3134185783565047 15.031149078160523 11.155835721641777 24.792689993977547 43.960512723773718 2.6003453359007827
leaf_count=12 81 70 120 293 49
internal_value=8.74695e-05 0.00127371 0.00672113 -0.00289392 -0.0132617
internal_weight=98.854 94.9402 39.8238 55.1163 3.91376
internal_count=625 564 201 363 61
is_linear=0
shrinkage=0.05


Tree=169
num_leaves=7
num_cat=0
split_feature=11 11 8 8 0 1
split_gain=0.674815 1.51747 2.39352 1.95357 1.15703 1.63751
threshold=0.890990001313965 0.54835404306550417 0.60846899440022617 0.60766456195027929 0.30750000000000005 0.73595714761594622
decision_type=2 2 2 2 2 2
left_child=1 3 -3 -1 -2 -6
right_child=4 2 -4 -5 5 -7
leaf_value=-0.011153901619228968 0.0083542382501469031 0.0281777816567392 -0.0043434252655505639 0.0048871727350409165 -0.026751378207342798 0.0049642501886817498
leaf_weight=26.553165938705206 3.7708690129220477 7.14652420207858 8.4425159730017167 42.921117078512907 5.51057270914316 4.4672297164797783
leaf_count=181 26 51 52 254 29 32
internal_value=5.04059e-05 0.00184463 0.0137877 -0.00158098 -0.00858198 -0.0156348
internal_weight=98.812 85.0633 15.589 69.4743 13.7487 9.9778
internal_count=625 538 103 435 87 61
is_linear=0
shrinkage=0.05


Tree=170
num_leaves=7
num_cat=0
split_feature=1 13 0 3 6 13
split_gain=0.674053 1.65714 1.8263 1.46273 1.85343 1.32492
threshold=-1.189915161345571 0.056449219507279123 0.42000000000000004 0.76175868471197872 6.8694249012689399 0.17056166995171432
decision_type=2 10 2 2 2 10
left_child=1 2 -1 -2 -5 -3
right_child=3 5 -4 4 -6 -7
leaf_value=-0.015815492488494128 -0.0078345372949112681 0.030108835076346242 0.013384952250997112 -0.0040850928320759214 0.016995274024867106 -0.001582320369478078
leaf_weight=7.9647235665470379 43.647622548043728 4.2361644431948644 4.4008567631244659 20.959229733794928 13.190081283450125 4.392256248742342
leaf_count=50 278 23 22 145 82 25
internal_value=5.76453e-05 0.00707914 -0.00456152 -0.00215023 0.00518782 0.0193147
internal_weight=98.7909 20.994 12.3656 77.7969 34.1493 8.62842
internal_count=625 120 72 505 227 48
is_linear=0
shrinkage=0.05


Tree=171
num_leaves=6
num_cat=0
split_feature=0 3 1 1 3
split_gain=0.674644 0.790162 1.63695 1.0237 0.408027
threshold=0.17000000000000001 1.5603470375877924 1.4144372742295221 1.5283787383662235 -1.4038501125147012
decision_type=2 2 2 2 2
left_child=4 2 -2 -3 -1
right_child=1 3 -4 -5 -6
leaf_value=0.0032473630556571448 -0.00011599263698815665 0.004390307321012467 0.017529446972696292 -0.019659861476418503 -0.01810069158970215
leaf_weight=1.3214431926608088 73.850330950692296 5.5052391812205297 10.972204554826019 4.5306447148323059 2.5498379301279774
leaf_count=12 428 32 81 23 49
internal_value=0.000129747 0.00129772 0.00301526 -0.00939419 -0.0130905
internal_weight=98.7297 94.8584 84.8225 10.0359 3.87128
internal_count=625 564 509 55 61
is_linear=0
shrinkage=0.05


Tree=172
num_leaves=5
num_cat=0
split_feature=13 9 9 4
split_gain=0.659715 1.10672 2.54585 1.49819
threshold=-0.28386480116455326 0.66494115348444949 0.48161693621256524 0.041231056256176617
decision_type=8 2 2 2
left_child=-1 2 -2 -3
right_child=1 3 -4 -5
leaf_value=0.013026884644530898 -0.0014507920845908226 -0.014387306528299122 0.024463286080685584 0.0068170002286096045
leaf_weight=4.0332799088209867 58.139363113790751 21.651041891425852 6.2184925358742467 8.5759290717542154
leaf_count=35 374 135 37 44
internal_value=9.28892e-05 -0.00108501 0.00263617 -0.00825758
internal_weight=98.6181 94.5848 64.3579 30.227
internal_count=625 590 411 179
is_linear=0
shrinkage=0.05


Tree=173
num_leaves=6
num_cat=0
split_feature=0 5 2 5 3
split_gain=0.653682 0.88085 1.81203 1.52481 0.394898
threshold=0.17000000000000001 -0.030000000000000009 0.05812758574149255 -1.0000000180025095e-35 -1.4038501125147012
decision_type=2 2 2 2 2
left_child=4 2 -2 -3 -1
right_child=1 3 -4 -5 -6
leaf_value=0.0031785622109904762 0.017761073978705553 -0.020757191745522065 -0.0020999974856385577 0.00072812850649375252 -0.017850316091264657
leaf_weight=1.3261828012764456 15.048598758876322 4.8152673989534369 24.733440294861794 50.150385392829776 2.502317961305379
leaf_count=12 81 31 120 332 49
internal_value=0.000156919 0.00130393 0.00655719 -0.00272791 -0.0128913
internal_weight=98.5762 94.7477 39.782 54.9657 3.8285
internal_count=625 564 201 363 61
is_linear=0
shrinkage=0.05


Tree=174
num_leaves=7
num_cat=0
split_feature=11 11 8 8 0 13
split_gain=0.646045 1.43302 2.23395 1.83962 1.08559 1.62018
threshold=0.890990001313965 0.54835404306550417 0.60846899440022617 0.60766456195027929 0.30750000000000005 -0.11825614234851543
decision_type=2 2 2 2 2 10
left_child=1 3 -3 -1 -2 -6
right_child=4 2 -4 -5 5 -7
leaf_value=-0.010781520613795973 0.0080495588967610405 0.027363727281790869 -0.004114366972574778 0.0047999691970000494 0.0057522626631547197 -0.025794692764897931
leaf_weight=26.488820903003216 3.7754577547311774 7.1363594979047766 8.4191656447947008 42.812878966331482 4.0907017812132827 5.8230285272002211
leaf_count=181 26 51 52 254 29 32
internal_value=0.000102771 0.00185725 0.0134701 -0.00148041 -0.00836024 -0.0152131
internal_weight=98.5464 84.8572 15.5555 69.3017 13.6892 9.91373
internal_count=625 538 103 435 87 61
is_linear=0
shrinkage=0.05


Tree=175
num_leaves=7
num_cat=0
split_feature=8 0 13 4 5 8
split_gain=0.659348 1.94712 2.44272 2.1089 0.942328 1.42929
threshold=0.64385109204121116 0.38000000000000006 0.16913908493924948 0.044965250944514278 0.019999999999999938 0.71512136263180337
decision_type=2 2 8 2 2 2
left_child=1 2 -1 -3 5 -2
right_child=4 3 -4 -5 -6 -7
leaf_value=0.0055560155149281419 -0.017649592720434835 0.017860042571031728 -0.02371495733490141 -0.0068307003224697353 0.0028427087724322429 0.0052905007840628165
leaf_weight=13.661168355494736 14.887778200209143 23.042258242145181 7.2075407281518009 9.3407990746200067 22.940002899616957 7.4651411809027186
leaf_count=82 86 172 63 50 136 36
internal_value=0.000110287 0.00372622 -0.00718318 0.010777 -0.00408883 -0.0104217
internal_weight=98.5447 53.2518 20.8687 32.3831 45.2929 22.3529
internal_count=625 367 145 222 258 122
is_linear=0
shrinkage=0.05


Tree=176
num_leaves=7
num_cat=0
split_feature=1 13 0 3 6 7
split_gain=0.682097 1.58871 1.72749 1.35756 1.77204 1.31862
threshold=-1.189915161345571 0.056449219507279123 0.42000000000000004 0.76175868471197872 7.2039219070525791 0.97175604088841916
decision_type=2 10 2 2 2 2
left_child=1 2 -1 5 -5 -2
right_child=3 -3 -4 4 -6 -7
leaf_value=-0.015365141150036522 -0.010332280696785946 0.019104459962820817 0.013090858694390323 -0.00091969912923589949 0.023879432252560305 0.012619765124108806
leaf_weight=7.874932352453472 40.542145913466811 8.6044541075825673 4.3732466697692871 29.559393556788564 4.382378999143838 2.938173569738864
leaf_count=50 261 48 22 195 32 17
internal_value=6.45824e-05 0.00714761 -0.00435532 -0.00216101 0.00493716 -0.00763973
internal_weight=98.2747 20.8526 12.2482 77.4221 33.9418 43.4803
internal_count=625 120 72 505 227 278
is_linear=0
shrinkage=0.05


Tree=177
num_leaves=7
num_cat=0
split_feature=6 6 12 2 7 2
split_gain=0.654971 1.462 2.60771 2.06986 1.2719 1.43671
threshold=6.1837054549085009 6.8607024086908677 0.60862285862828425 0.056344032815808645 0.082143125846041096 0.062920114948714398
decision_type=2 2 2 2 2 2
left_child=4 3 -3 -2 5 -1
right_child=1 2 -4 -5 -6 -7
leaf_value=-0.00051005502501927271 -0.019112111602212545 -0.0017856738130622102 0.028491624683002689 0.0026328676689651061 -0.0043259744795668201 0.027823575836156741
leaf_weight=7.8288425318896788 17.452415723353624 32.249804429709911 3.9455091450363389 19.285537054762244 12.521052267402409 4.9196236655116081
leaf_count=45 111 206 28 120 80 35
internal_value=0.000163212 -0.00226882 0.00457227 -0.00874917 0.00639787 0.0151819
internal_weight=98.2028 72.9333 36.1953 36.738 25.2695 12.7485
internal_count=625 465 234 231 160 80
is_linear=0
shrinkage=0.05


Tree=178
num_leaves=7
num_cat=0
split_feature=2 2 4 1 7 13
split_gain=0.641709 3.81878 2.37777 2.13749 2.08513 1.90815
threshold=0.07853157491525424 0.073302450837503752 0.030310889132455349 1.4919887361291144 0.17723559186170812 -0.13425521334278165
decision_type=2 2 2 2 2 8
left_child=1 3 4 -1 -2 -4
right_child=2 -3 5 -5 -6 -7
leaf_value=-0.0056274003438964576 0.023790949376001638 0.030421657441613344 0.0091803865816284611 0.016312316759231515 -0.0097459205947162137 -0.021735120020000772
leaf_weight=55.397775672376156 5.7179147079587 5.7325780540704718 3.5609672479331493 8.6435681842267496 4.4454660434275866 14.616992305964233
leaf_count=351 45 30 24 58 36 81
internal_value=0.000235935 0.00279748 -0.00554417 -0.00169933 0.0107453 -0.015005
internal_weight=98.1153 69.7739 28.3413 64.0413 10.1634 18.178
internal_count=625 439 186 409 81 105
is_linear=0
shrinkage=0.05


Tree=179
num_leaves=6
num_cat=0
split_feature=3 1 2 6 1
split_gain=0.667635 1.68467 1.66798 1.36949 0.963902
threshold=1.5603470375877924 1.4144372742295221 0.07917104813700164 6.1859410812508537 1.5283787383662235
decision_type=2 2 2 2 2
left_child=1 3 -3 -1 -2
right_child=4 2 -4 -5 -6
leaf_value=0.0090724958130209542 0.0040400402717822607 0.027247224343391586 -0.004613046979466396 -0.0049199416529382076 -0.019407616010135607
leaf_weight=19.277254272252321 5.5095418095588666 6.3371286466717702 4.4735191650688648 57.883433803915977 4.5178262144327164
leaf_count=120 33 49 32 368 23
internal_value=0.000328321 0.00189387 0.0167737 -0.0010848 -0.00946668
internal_weight=97.9987 87.9713 10.8106 77.1607 10.0274
internal_count=625 569 81 488 56
is_linear=0
shrinkage=0.05


Tree=180
num_leaves=7
num_cat=0
split_feature=1 7 7 4 3 6
split_gain=0.643143 1.52005 2.12945 1.22086 2.78019 1.8174
threshold=-1.189915161345571 -0.5932814142999806 -0.018855141099724759 0.012618914885341221 -0.57735026918961818 7.2315940299603936
decision_type=2 2 2 2 2 2
left_child=1 -1 -3 4 -2 -5
right_child=3 2 -4 5 -6 -7
leaf_value=-0.0090296719918733226 -0.013628384101326153 0.029768158202303621 -0.0022597696978705526 -0.0089840885198956433 0.019608655603246643 0.011443962660138429
leaf_weight=6.2236173711717155 5.6569787133485105 5.6989416182041195 8.8193155489861912 50.530510902404785 11.97201820835471 9.0193824805319291
leaf_count=35 45 33 52 315 88 57
internal_value=0.000340272 0.00722223 0.0147175 -0.00183615 0.00828853 -0.00524329
internal_weight=97.9208 20.7419 14.5183 77.1789 17.629 59.5499
internal_count=625 120 85 505 133 372
is_linear=0
shrinkage=0.05


Tree=181
num_leaves=7
num_cat=0
split_feature=2 2 13 13 13 11
split_gain=0.654506 2.02676 1.28749 1.05743 0.518562 0.124792
threshold=0.02778258154008684 0.034332665700477515 -0.15204250566107985 0.053350454433092755 0.07033426193270427 0.032791677060498549
decision_type=2 2 8 10 10 2
left_child=3 4 -3 5 -2 -1
right_child=1 2 -4 -5 -6 -7
leaf_value=-0.022232075473173123 0.02461516237509942 0.0091728502912138306 -0.004535116870287131 0.0068413269922037367 0.00015024630131978557 -0.0029602716672097193
leaf_weight=2.703110294416545 5.8846606686711294 18.061113234609365 62.043494550511241 3.5017568841576576 2.7811353504657745 2.9357081465423107
leaf_count=20 39 119 378 27 19 23
internal_value=0.000388667 0.00188314 -0.00108706 -0.00965906 0.0196913 -0.0183054
internal_weight=97.911 88.7704 80.1046 9.14058 8.6658 5.63882
internal_count=625 555 497 70 58 43
is_linear=0
shrinkage=0.05


Tree=182
num_leaves=6
num_cat=0
split_feature=7 13 7 0 7
split_gain=0.636045 1.63051 1.29694 2.88658 1.53993
threshold=-0.88081796530439671 0.24222738350503673 -0.63064716086753003 0.49000000000000005 -0.018855141099724759
decision_type=2 8 2 2 2
left_child=1 -1 3 -2 -4
right_child=2 -3 4 -5 -6
leaf_value=0.022107807665635207 -0.026781373992543347 -0.0076777737400776803 0.011229828500752603 0.0097600759810497345 -0.003175713099838569
leaf_weight=5.176943860948084 8.0056052803993207 4.870107676833868 22.855219095945358 5.7938731387257567 51.137733124196529
leaf_count=31 46 32 153 38 325
internal_value=0.000396565 0.00991619 -0.00116849 -0.0129237 0.00170309
internal_weight=97.8395 10.0471 87.7924 13.7995 73.993
internal_count=625 63 562 84 478
is_linear=0
shrinkage=0.05


Tree=183
num_leaves=7
num_cat=0
split_feature=2 2 13 13 13 11
split_gain=0.634569 1.91593 1.21275 1.02212 0.497592 0.121979
threshold=0.02778258154008684 0.034332665700477515 -0.15204250566107985 0.053350454433092755 0.07033426193270427 0.032791677060498549
decision_type=2 2 8 10 10 2
left_child=3 4 -3 5 -2 -1
right_child=1 2 -4 -5 -6 -7
leaf_value=-0.021869749934243884 0.024025729161909086 0.0089348099560344393 -0.0043776876169764074 0.006744208876681073 9.8997046913001154e-05 -0.0028975786375489759
leaf_weight=2.7048548981547338 5.8600631710141879 18.030418548732996 61.951144494116306 3.4812158308923244 2.7683613337576389 2.9338108859956264
leaf_count=20 39 119 378 27 19 23
internal_value=0.000390132 0.00186274 -0.0010275 -0.00951092 0.0192018 -0.0179996
internal_weight=97.7299 88.61 79.9816 9.11988 8.62842 5.63867
internal_count=625 555 497 70 58 43
is_linear=0
shrinkage=0.05


Tree=184
num_leaves=7
num_cat=0
split_feature=13 11 2 2 13 2
split_gain=0.642088 2.00787 2.05724 1.5273 2.19428 2.03774
threshold=0.064292284414077791 -0.86599351821059423 0.046532428094695578 0.07853157491525424 -0.1372141130930758 0.073302450837503752
decision_type=10 2 2 2 10 2
left_child=3 -2 -3 5 -5 -1
right_child=1 2 -4 4 -6 -7
leaf_value=-0.0018886681707617229 -0.013687341782750327 -0.0062401627741533374 0.019426050804336459 0.0025280871767499867 -0.027627702007743685 0.024118884936334364
leaf_weight=42.991116108372808 6.0393774304538956 8.8156513068825024 18.189496956765652 10.416260110214354 7.2183072529733172 3.9896400347352019
leaf_count=273 40 64 103 79 45 21
internal_value=0.000397033 0.00560314 0.0113816 -0.0024766 -0.0131918 0.00242745
internal_weight=97.6598 33.0445 27.0051 64.6153 17.6346 46.9808
internal_count=625 207 167 418 124 294
is_linear=0
shrinkage=0.05


Tree=185
num_leaves=6
num_cat=0
split_feature=0 5 2 5 3
split_gain=0.627707 0.855568 1.73988 1.40961 0.383469
threshold=0.17000000000000001 -0.030000000000000009 0.05812758574149255 -1.0000000180025095e-35 -1.4038501125147012
decision_type=2 2 2 2 2
left_child=4 2 -2 -3 -1
right_child=1 3 -4 -5 -6
leaf_value=0.0032109454216864217 0.017669814421058593 -0.019913443327569481 -0.0018895086035335511 0.00081231293038580208 -0.017442686834272449
leaf_weight=1.3143851086497309 14.940592236816881 4.7444799207150927 24.474075771868229 49.732349840924144 2.4219444431364527
leaf_count=12 81 31 120 332 49
internal_value=0.000369151 0.00148717 0.00667921 -0.00251504 -0.0124976
internal_weight=97.6278 93.8915 39.4147 54.4768 3.73633
internal_count=625 564 201 363 61
is_linear=0
shrinkage=0.05


Tree=186
num_leaves=7
num_cat=0
split_feature=8 8 10 9 3 3
split_gain=0.620108 1.93948 1.89326 0.939562 0.872625 1.85597
threshold=0.64385109204121116 0.60047301734505754 0.010000000000000007 0.98347287155817731 0.25414709947848829 -0.81183391450441633
decision_type=2 2 2 2 2 2
left_child=1 2 -1 -3 5 -2
right_child=4 3 -4 -5 -6 -7
leaf_value=-0.02175220719693071 0.002610103993974005 0.020569612609789466 0.0028159182096820557 -0.0037386663872068047 0.0037442783449225382 -0.021268383965889554
leaf_weight=5.0951182506978503 14.99825629591942 12.943903531879188 31.348059156909585 3.3533848486840716 19.247933011502028 10.612532611936329
leaf_count=44 83 89 209 25 115 60
internal_value=0.000307662 0.00382108 -0.00282888 0.0158644 -0.00379201 -0.00914239
internal_weight=97.5992 52.7405 36.4432 16.2973 44.8587 25.6108
internal_count=625 367 253 114 258 143
is_linear=0
shrinkage=0.05


Tree=187
num_leaves=5
num_cat=0
split_feature=11 11 8 13
split_gain=0.620013 0.950378 2.03161 1.82553
threshold=0.9883226117851609 0.13055747565921955 0.70097975753741493 -0.23118193801508102
decision_type=2 2 2 10
left_child=1 3 -3 -1
right_child=-2 2 -4 -5
leaf_value=-0.015518257435882419 -0.011937997310844743 0.012134255418981769 -0.011881460871106279 0.002988196568150307
leaf_weight=14.250956257805226 4.5286454409360877 32.105371687561274 7.1915371604263774 39.448169076815248
leaf_count=95 28 217 39 246
internal_value=0.000250851 0.00142323 0.00689422 -0.00282664
internal_weight=97.5247 92.996 39.2969 53.6991
internal_count=625 597 256 341
is_linear=0
shrinkage=0.05


Tree=188
num_leaves=4
num_cat=0
split_feature=13 13 2
split_gain=0.619129 1.03059 1.14473
threshold=-0.28386480116455326 -0.23118193801508102 0.036916758026370726
decision_type=8 8 2
left_child=-1 -2 -3
right_child=1 2 -4
leaf_value=0.012737960053285794 -0.016637865596521542 0.010266527781781422 -0.0023730851242935373
leaf_weight=3.982995891943574 4.4978761747479439 18.502445003017783 70.555081529542804
leaf_count=35 27 136 427
internal_value=0.000179353 -0.000974422 0.000659063
internal_weight=97.5384 93.5554 89.0575
internal_count=625 590 563
is_linear=0
shrinkage=0.05


Tree=189
num_leaves=6
num_cat=0
split_feature=2 2 13 0 13
split_gain=0.624514 1.77914 1.15971 0.983525 0.507713
threshold=0.02778258154008684 0.034332665700477515 -0.15204250566107985 0.6100000000000001 0.07033426193270427
decision_type=2 2 8 2 10
left_child=3 4 -3 -1 -2
right_child=1 2 -4 -5 -6
leaf_value=-0.018463344092614634 0.023273898416330152 0.0086378349867585781 -0.0043974584376609525 0.0058084730980582661 -0.00026916296574462016
leaf_weight=5.1700564976781589 5.8260853178799135 17.974436845630407 61.844725904986262 3.9321645945310593 2.7607428692281246
leaf_count=35 39 119 378 35 19
internal_value=0.000180354 0.00165277 -0.0011259 -0.00963614 0.0183911
internal_weight=97.5082 88.406 79.8192 9.10222 8.58683
internal_count=625 555 497 70 58
is_linear=0
shrinkage=0.05


Tree=190
num_leaves=7
num_cat=0
split_feature=7 11 9 7 11 13
split_gain=0.630777 1.71788 1.23563 1.70793 1.69056 0.0674531
threshold=-0.88081796530439671 -0.62590042675259017 -0.65244782356015829 -0.018855141099724759 -0.75900932541150812 0.24177367787075602
decision_type=2 2 2 2 2 8
left_child=1 -1 4 -4 -2 -3
right_child=2 5 3 -5 -6 -7
leaf_value=-0.010829970837326612 0.0080074377417125933 0.023256791700891212 0.01407543619112548 -0.002653783726954061 -0.018050694157535581 0.0037230697627658165
leaf_weight=3.2916695922613144 5.63795839250088 3.8674385584890825 16.150226971134543 50.699492441490293 14.912784438580273 2.8310620151460171
leaf_count=22 35 23 103 323 101 18
internal_value=0.000207174 0.00971205 -0.00134602 0.00208608 -0.0107338 0.0201208
internal_weight=97.3906 9.99017 87.4005 66.8497 20.5507 6.6985
internal_count=625 63 562 426 136 41
is_linear=0
shrinkage=0.05


Tree=191
num_leaves=7
num_cat=0
split_feature=11 11 8 2 0 13
split_gain=0.603247 1.34076 1.99462 1.74184 0.99958 1.49864
threshold=0.890990001313965 0.54835404306550417 0.60846899440022617 0.02778258154008684 0.30750000000000005 -0.11825614234851543
decision_type=2 2 2 2 2 10
left_child=1 3 -3 -1 -2 -6
right_child=4 2 -4 -5 5 -7
leaf_value=-0.018849618308037736 0.0077853962014545657 0.026326594982387871 -0.0036330202470849886 0.0019201766565279717 0.0056331916231735267 -0.024781900045909421
leaf_weight=6.9266255460679522 3.7341349609196177 7.0743413940072051 8.3306652940809709 61.52424269542098 4.0299890488386145 5.7616895437240592
leaf_count=53 26 51 52 382 29 32
internal_value=0.00023972 0.0019399 0.0132049 -0.00132162 -0.00797961 -0.0145911
internal_weight=97.3817 83.8559 15.405 68.4509 13.5258 9.79168
internal_count=625 538 103 435 87 61
is_linear=0
shrinkage=0.05


Tree=192
num_leaves=6
num_cat=0
split_feature=0 5 12 5 3
split_gain=0.602681 0.743153 1.398 1.32606 0.363774
threshold=0.17000000000000001 -0.030000000000000009 0.26706317852592892 -1.0000000180025095e-35 -1.4038501125147012
decision_type=2 2 2 2 2
left_child=4 2 -2 -3 -1
right_child=1 3 -4 -5 -6
leaf_value=0.0030261477380114392 0.011508852642225969 -0.01933195942455198 -0.0068795407900336149 0.00080984090477565938 -0.017231349420164337
leaf_weight=1.3283561356365683 28.348939005285501 4.7025635354220858 11.059540174901484 49.577896013855934 2.3816198930144301
leaf_count=12 143 31 58 332 49
internal_value=0.000213976 0.00131682 0.00615481 -0.00241851 -0.0124047
internal_weight=97.3989 93.6889 39.4085 54.2805 3.70998
internal_count=625 564 201 363 61
is_linear=0
shrinkage=0.05


Tree=193
num_leaves=6
num_cat=0
split_feature=7 13 7 0 1
split_gain=0.605287 1.46561 1.13897 2.77475 1.42699
threshold=-0.88081796530439671 0.24222738350503673 -0.63064716086753003 0.49000000000000005 -1.137091792864936
decision_type=2 8 2 2 2
left_child=1 -1 3 -2 -4
right_child=2 -3 4 -5 -6
leaf_value=0.021056635578437993 -0.026103460259047081 -0.007246556522946943 0.012634513228430467 0.0097493770204829088 -0.0025038429853751027
leaf_weight=5.1147745884954912 7.9141678269952518 4.8571720514446497 15.741622421890495 5.7636967189610004 57.980114514008164
leaf_count=31 46 32 93 38 385
internal_value=0.000134368 0.00945452 -0.00138309 -0.01243 0.00132578
internal_weight=97.3715 9.97195 87.3996 13.6779 73.7217
internal_count=625 63 562 84 478
is_linear=0
shrinkage=0.05


Tree=194
num_leaves=6
num_cat=0
split_feature=3 1 5 1 5
split_gain=0.589601 1.66816 1.71938 1.2473 0.921145
threshold=1.5603470375877924 1.1427357635335731 0.059999999999999977 0.62340334893220728 0.10000000000000002
decision_type=2 2 2 2 2
left_child=1 3 -3 -1 -2
right_child=4 2 -4 -5 -6
leaf_value=0.0014151251445566665 0.0040938553691686232 -0.010152558336032446 0.020122365424643768 -0.013789268921324897 -0.01879767859128666
leaf_weight=58.426633458584547 5.4739907998591644 2.8413581401109722 13.809579685330389 12.25799400359392 4.5022873170673847
leaf_count=356 32 22 110 81 24
internal_value=0.000145858 0.00163171 0.0138046 -0.00195837 -0.0090638
internal_weight=97.3118 87.3356 16.6509 70.6846 9.97628
internal_count=625 569 132 437 56
is_linear=0
shrinkage=0.05


Tree=195
num_leaves=6
num_cat=0
split_feature=4 12 6 4 11
split_gain=0.582663 2.47936 2.46848 1.79153 2.05039
threshold=0.057960059172585315 0.45402288984745681 6.4412811554099667 0.0511737237261468 -0.90258527480322159
decision_type=2 2 2 2 2
left_child=3 2 -2 4 -1
right_child=1 -3 -4 -5 -6
leaf_value=0.016456921578712872 0.0070982295063111746 0.015700857413177109 -0.029162904742210078 0.022591501807932381 -0.0040235886522163441
leaf_weight=9.7457322534173709 4.8896914422512072 4.0740038156509391 7.6611456386744976 4.3617481254041186 66.483634332194924
leaf_count=65 25 21 38 27 449
internal_value=9.76142e-05 -0.00724014 -0.0170383 0.00194582 -0.000553388
internal_weight=97.216 16.6248 12.5508 80.5911 76.2294
internal_count=625 84 63 541 514
is_linear=0
shrinkage=0.05


Tree=196
num_leaves=7
num_cat=0
split_feature=7 11 7 0 7 5
split_gain=0.58976 1.63016 1.07014 2.62378 1.35983 0.0242387
threshold=-0.88081796530439671 -0.62590042675259017 -0.63064716086753003 0.47000000000000003 -0.018855141099724759 -0.089999999999999997
decision_type=2 2 2 2 2 2
left_child=1 -1 3 -2 -4 -3
right_child=2 5 4 -5 -6 -7
leaf_value=-0.010654043921266837 -0.027101961891274551 0.0041236568929117973 0.010260954257793414 0.0077013308746784904 -0.0032912513486593508 0.022436372464276984
leaf_weight=3.256019439548254 6.6593762431293708 2.9807835295796394 22.769771890714765 6.9039355218410492 50.891043106094003 3.6917643994092924
leaf_count=22 41 17 153 43 325 24
internal_value=0.000162881 0.00937543 -0.00133721 -0.0120838 0.0012839 0.0195263
internal_weight=97.1527 9.92857 87.2241 13.5633 73.6608 6.67255
internal_count=625 63 562 84 478 41
is_linear=0
shrinkage=0.05


Tree=197
num_leaves=4
num_cat=0
split_feature=13 13 2
split_gain=0.581728 1.00394 1.12835
threshold=-0.28386480116455326 -0.23118193801508102 0.036916758026370726
decision_type=8 8 2
left_child=-1 -2 -3
right_child=1 2 -4
leaf_value=0.012371611022428593 -0.01641882315301179 0.010237261970527711 -0.0023503902907563356
leaf_weight=3.9328127298504114 4.4913519285619259 18.338975116610527 70.290298081934452
leaf_count=35 27 136 427
internal_value=0.000163072 -0.000956692 0.000661819
internal_weight=97.0534 93.1206 88.6293
internal_count=625 590 563
is_linear=0
shrinkage=0.05


Tree=198
num_leaves=6
num_cat=0
split_feature=0 4 12 12 3
split_gain=0.582625 0.691525 2.32236 1.72762 0.360414
threshold=0.17000000000000001 0.057960059172585315 0.45402288984745681 0.3929046512476993 -1.4038501125147012
decision_type=2 2 2 2 2
left_child=4 3 -3 -2 -1
right_child=1 2 -4 -5 -6
leaf_value=0.0030436894926348804 0.0076157232810739692 -0.016343203185205463 0.015350897108753586 -0.0080546126023940626 -0.017088558744136843
leaf_weight=1.3240972608327868 56.826521962881088 12.467141859233381 4.0618623197078696 19.990495834499598 2.3537357561290255
leaf_count=12 358 62 21 123 49
internal_value=0.000164544 0.00125276 -0.00679833 0.00329473 -0.012263
internal_weight=97.0239 93.346 16.529 76.817 3.67783
internal_count=625 564 83 481 61
is_linear=0
shrinkage=0.05


Tree=199
num_leaves=7
num_cat=0
split_feature=11 11 0 11 11 11
split_gain=0.577711 1.25519 2.00577 1.72805 0.96604 1.30178
threshold=0.890990001313965 0.13055747565921955 0.6100000000000001 -0.36235669085756556 0.94336554510403914 0.9883226117851609
decision_type=2 2 2 2 2 2
left_child=1 3 -3 -1 -2 -6
right_child=4 2 -4 -5 5 -7
leaf_value=0.0022245644581607832 -0.019626973689816175 2.4546071562410727e-05 0.02480823479970189 -0.016875455629560138 0.014407454744176863 -0.011584290470607057
leaf_weight=42.463317923247814 4.0987903364002696 22.07689370028675 7.963138783350586 10.955350641161202 4.8735062256455404 4.5118008404970169
leaf_count=267 25 123 74 74 34 28
internal_value=0.000118415 0.0017928 0.00919683 -0.00280165 -0.00792666 0.00222898
internal_weight=96.9428 83.4587 30.04 53.4187 13.4841 9.38531
internal_count=625 538 197 341 87 62
is_linear=0
shrinkage=0.05


Tree=200
num_leaves=7
num_cat=0
split_feature=7 11 9 11 7 5
split_gain=0.570066 1.57276 1.10089 1.4258 1.2603 0.1012
threshold=-0.88081796530439671 -0.62590042675259017 -0.73016814319978884 -0.75900932541150812 -0.018855141099724759 -0.070000000000000021
decision_type=2 2 2 2 2 2
left_child=1 -1 3 -2 -4 -3
right_child=2 5 4 -5 -6 -7
leaf_value=-0.010494217937916024 0.007050215747562075 0.0038528107245847255 0.011390617821534499 -0.017926178034243682 -0.0025160333117337568 0.023085416161102424
leaf_weight=3.2468508072197437 5.1518782693892744 3.370061106979847 18.180309928953648 12.979471949860452 50.606192704290152 3.264000002294777
leaf_count=22 32 19 117 89 324 22
internal_value=9.708e-05 0.00917161 -0.00137731 -0.0108394 0.0016823 0.0191701
internal_weight=96.7988 9.88091 86.9179 18.1314 68.7865 6.63406
internal_count=625 63 562 121 441 41
is_linear=0
shrinkage=0.05


Tree=201
num_leaves=5
num_cat=0
split_feature=13 6 6 12
split_gain=0.568689 0.988331 2.35657 2.32638
threshold=-0.28386480116455326 6.8607024086908677 6.7885313515378121 0.60862285862828425
decision_type=8 2 2 2
left_child=-1 2 -2 -3
right_child=1 3 -4 -5
leaf_value=0.012218347773929659 -0.00052311938196618606 -0.0010473420932517741 -0.026793613880696756 0.02777405692804288
leaf_weight=3.9062954392284155 52.349479451775551 31.397519998252392 5.2495266273617736 3.8906894102692595
leaf_count=35 326 201 35 28
internal_value=0.000127784 -0.000978806 -0.00486625 0.0051829
internal_weight=96.7935 92.8872 57.599 35.2882
internal_count=625 590 361 229
is_linear=0
shrinkage=0.05


Tree=202
num_leaves=6
num_cat=0
split_feature=0 5 2 5 5
split_gain=0.568789 0.703883 1.58926 1.28502 0.297262
threshold=0.17000000000000001 -0.030000000000000009 0.05812758574149255 0.019999999999999938 -0.16499999999999995
decision_type=2 2 2 2 2
left_child=4 2 -2 -3 -1
right_child=1 3 -4 -5 -6
leaf_value=0.0021564722994821392 0.016476858117318863 -0.014645773036529537 -0.0021948292858722652 0.0018549717858080093 -0.01669878966091002
leaf_weight=1.5159024987369778 14.867446940392254 10.816099841147659 24.373008459806442 43.032562313601375 2.1345435529947272
leaf_count=26 81 70 120 293 35
internal_value=0.000149966 0.00122689 0.00594217 -0.00242214 -0.0121481
internal_weight=96.7396 93.0891 39.2405 53.8487 3.65045
internal_count=625 564 201 363 61
is_linear=0
shrinkage=0.05


Tree=203
num_leaves=7
num_cat=0
split_feature=13 11 5 11 8 2
split_gain=0.56782 1.93209 1.47415 1.439 1.34917 1.28183
threshold=0.064292284414077791 -0.81290834758211072 -0.079999999999999988 -0.91877685564249634 0.6440804537358652 0.036509561762538466
decision_type=10 2 2 2 2 2
left_child=3 -2 -3 4 -1 -5
right_child=1 2 -4 5 -6 -7
leaf_value=0.024331281729950759 -0.012223034889544217 0.021966551988367305 -0.00014277928989020911 0.0069945691751817519 -0.0063157823503962561 -0.0092253604779029535
leaf_weight=3.8250582292675963 7.5418998785316935 10.750006012618543 14.339005529880522 12.05844736099243 3.2739900797605515 44.915914626792073
leaf_count=25 50 64 93 89 18 286
internal_value=0.000110167 0.0050467 0.0114066 -0.00258721 0.0134282 -0.00550511
internal_weight=96.7043 32.6309 25.089 64.0734 7.09905 56.9744
internal_count=625 207 157 418 43 375
is_linear=0
shrinkage=0.05


Tree=204
num_leaves=6
num_cat=0
split_feature=0 3 3 1 3
split_gain=0.567652 0.65921 1.35679 0.896462 0.343893
threshold=0.17000000000000001 1.5603470375877924 0.90453403373329255 1.5283787383662235 -1.4038501125147012
decision_type=2 2 2 2 2
left_child=4 2 -2 -3 -1
right_child=1 3 -4 -5 -6
leaf_value=0.0029102200010797407 -0.00099369364734283529 0.0043019483539182583 0.012705197392292958 -0.018226627952474053 -0.016854186787549002
leaf_weight=1.3315429277718069 63.228928744792938 5.4190327487885934 19.963939012959599 4.4592740088701248 2.311194196343421
leaf_count=12 366 32 143 23 49
internal_value=0.000167003 0.0012418 0.00282759 -0.00857547 -0.0121256
internal_weight=96.7139 93.0712 83.1929 9.87831 3.64274
internal_count=625 564 509 55 61
is_linear=0
shrinkage=0.05


Tree=205
num_leaves=6
num_cat=0
split_feature=2 2 11 13 9
split_gain=0.558394 1.90253 1.67458 1.1345 1.02319
threshold=0.029295843053676062 0.034332665700477515 0.63605015901146211 -0.15204250566107985 -0.82976622563844793
decision_type=2 2 2 8 2
left_child=2 -2 4 -3 -1
right_child=1 3 -4 -5 -6
leaf_value=0.004158686418956236 0.020384677630056924 0.0085717068663252061 0.012095914471307244 -0.0043572845329627741 -0.025290317588486662
leaf_weight=2.3898784536868334 6.7702128682285538 17.863023579120636 2.9377219714224339 61.320318248122931 5.3428937047719938
leaf_count=19 46 119 23 378 40
internal_value=0.000119084 0.00161545 -0.008604 -0.00110475 -0.0181298
internal_weight=96.624 85.9536 10.6705 79.1833 7.73277
internal_count=625 543 82 497 59
is_linear=0
shrinkage=0.05


Tree=206
num_leaves=6
num_cat=0
split_feature=0 4 3 3 3
split_gain=0.54473 0.66459 2.39553 1.62266 0.337658
threshold=0.17000000000000001 0.012618914885341221 -0.16903085094569939 -0.84485958080795631 -1.4038501125147012
decision_type=2 2 2 2 2
left_child=4 2 -2 -3 -1
right_child=1 3 -4 -5 -6
leaf_value=0.0029118682646902178 -0.0095898569730261327 0.008637859247968659 0.02098054646696669 -0.0058748763891807339 -0.016636516714576399
leaf_weight=1.3314349427819254 7.2891358025372055 24.301897197961807 9.9629914797842485 51.383860303089023 2.2716474514454594
leaf_count=12 47 130 69 318 49
internal_value=0.000151659 0.00120421 0.00881177 -0.00096848 -0.0119188
internal_weight=96.541 92.9379 17.2521 75.6858 3.60308
internal_count=625 564 116 448 61
is_linear=0
shrinkage=0.05


Tree=207
num_leaves=6
num_cat=0
split_feature=2 2 11 12 9
split_gain=0.55154 1.78494 1.61241 1.0709 0.967676
threshold=0.029295843053676062 0.034332665700477515 0.63605015901146211 0.61743471604509537 -0.82976622563844793
decision_type=2 2 2 2 2
left_child=2 -2 4 -3 -1
right_child=1 3 -4 -5 -6
leaf_value=0.003946532989143524 0.019837136274058319 -0.003699255310124756 0.011818648656773813 0.0099950955319533224 -0.024835369218999485
leaf_weight=2.3852368909865618 6.7378807812929145 66.226612219586968 2.9309123661369085 12.894384656101463 5.3220639340579492
leaf_count=19 46 416 23 81 40
internal_value=0.000145256 0.00163128 -0.00853509 -0.00100604 -0.01788
internal_weight=96.4971 85.8589 10.6382 79.121 7.7073
internal_count=625 543 82 497 59
is_linear=0
shrinkage=0.05


Tree=208
num_leaves=7
num_cat=0
split_feature=11 11 8 8 11 11
split_gain=0.547805 1.19943 1.80218 1.65645 0.921553 1.21547
threshold=0.890990001313965 0.54835404306550417 0.60846899440022617 0.60766456195027929 0.94336554510403914 0.9883226117851609
decision_type=2 2 2 2 2 2
left_child=1 3 -3 -1 -2 -6
right_child=4 2 -4 -5 5 -7
leaf_value=-0.010168383533525191 -0.019123097271688198 0.024991143405017041 -0.0035704648478683864 0.0047430518743234945 0.014024769296250572 -0.011129136416096693
leaf_weight=26.032928818836808 4.0666586831212035 7.0152573306113473 8.2113724760711175 41.79549971781671 4.8326147571206075 4.5012641921639442
leaf_count=181 25 51 52 254 34 28
internal_value=0.000180175 0.0018114 0.0125134 -0.00128523 -0.00767496 0.00224359
internal_weight=96.4556 83.0551 15.2266 67.8284 13.4005 9.33388
internal_count=625 538 103 435 87 62
is_linear=0
shrinkage=0.05


Tree=209
num_leaves=4
num_cat=0
split_feature=13 13 2
split_gain=0.540223 0.95401 0.891816
threshold=-0.28386480116455326 -0.23118193801508102 0.036916758026370726
decision_type=8 8 2
left_child=-1 -2 -3
right_child=1 2 -4
leaf_value=0.011975277849254735 -0.015974636595433193 0.009228846261187959 -0.0020100039216303729
leaf_weight=3.872560003772378 4.4980218410491943 18.120260318741202 69.924349334090948
leaf_count=35 27 136 427
internal_value=0.000170576 -0.000911933 0.000674677
internal_weight=96.4152 92.5426 88.0446
internal_count=625 590 563
is_linear=0
shrinkage=0.05


Tree=210
num_leaves=7
num_cat=0
split_feature=6 6 2 7 12 11
split_gain=0.552248 2.49329 2.28372 1.794 1.74723 1.27413
threshold=6.8607024086908677 6.7885313515378121 0.07853157491525424 -0.55445648562149163 0.72233781472476666 -0.46943945728476494
decision_type=2 2 2 2 2 2
left_child=1 4 3 -2 -1 -4
right_child=2 -3 5 -5 -6 -7
leaf_value=0.0058138690951830985 -0.0075293356092138624 -0.025300302948482529 -0.021092024596117961 0.018290416681530187 -0.013510432130604089 0.0066378866226980181
leaf_weight=45.111774947494268 6.0674276240170029 5.2859038989990941 6.1703105699270964 19.866200191900134 10.300376949831842 3.5847600288689119
leaf_count=289 47 36 40 121 66 26
internal_value=0.000170191 -0.00267295 0.00473996 0.012009 0.00140085 -0.0121057
internal_weight=96.3868 60.6981 35.6887 25.9336 55.4122 9.75507
internal_count=625 391 234 168 355 66
is_linear=0
shrinkage=0.05


Tree=211
num_leaves=7
num_cat=0
split_feature=13 2 4 11 8 1
split_gain=0.559388 1.78891 2.82805 1.37165 1.29635 1.25117
threshold=0.064292284414077791 0.046532428094695578 0.040465740382336267 -0.91877685564249634 0.6440804537358652 -0.24680806838016514
decision_type=10 2 2 2 2 2
left_child=3 -2 -3 4 -1 -5
right_child=1 2 -4 5 -6 -7
leaf_value=0.023776143967871428 -0.0097123721823009664 0.0244250604039561 -0.0063820538803937427 -0.013604568330352876 -0.0062504090392309919 0.00066549454368993951
leaf_weight=3.8015518598258486 9.9324641302227956 12.518734777346255 10.050572108477352 21.744533598423004 3.2677119374275208 35.054241051897407
leaf_count=25 75 82 50 132 18 243
internal_value=7.11392e-05 0.00498144 0.0120367 -0.00260791 0.0130572 -0.00545629
internal_weight=96.3698 32.5018 22.5693 63.868 7.06926 56.7988
internal_count=625 207 132 418 43 375
is_linear=0
shrinkage=0.05


Tree=212
num_leaves=7
num_cat=0
split_feature=11 0 3 8 0 13
split_gain=0.536557 1.14926 1.57342 1.12721 0.897261 1.47043
threshold=0.890990001313965 0.30000000000000004 -0.81183391450441633 0.62027374218319731 0.30750000000000005 -0.11825614234851543
decision_type=2 2 2 2 2 10
left_child=1 3 -3 -1 -2 -6
right_child=4 2 -4 -5 5 -7
leaf_value=-0.017057946998283675 0.007305070150998641 0.015369813236912493 -0.00044233540441904673 0.0043135056169521331 0.0058559956124847505 -0.024198071713921937
leaf_weight=9.135728985071184 3.7158332839608184 18.357563216239214 47.37666941434145 8.0624955482780916 4.0038497410714617 5.6366644427180281
leaf_count=79 26 103 298 58 29 32
internal_value=9.93345e-05 0.00171782 0.00474782 -0.00832415 -0.00768075 -0.013979
internal_weight=96.2888 82.9325 65.7342 17.1982 13.3563 9.64051
internal_count=625 538 401 137 87 61
is_linear=0
shrinkage=0.05


Tree=213
num_leaves=7
num_cat=0
split_feature=13 11 2 9 2 5
split_gain=0.523694 1.7306 1.85353 1.32769 1.30174 1.24716
threshold=0.064292284414077791 -0.86599351821059423 0.046532428094695578 -0.57983614905262182 0.07853157491525424 0.069999999999999993
decision_type=10 2 2 2 2 2
left_child=3 -2 -3 5 -5 -1
right_child=1 2 -4 4 -6 -7
leaf_value=-0.026739602978701812 -0.013067963095841474 -0.0064990652984671165 0.017943290400985384 0.0054316064556059656 -0.0098992533895217397 0.0032722182452979351
leaf_weight=4.4246603213250619 5.9497175943106404 8.5478157792240399 17.954273223876953 40.434854762628675 14.942534068599342 3.930812731385231
leaf_count=33 40 64 103 249 104 32
internal_value=7.23083e-05 0.00482584 0.0102795 -0.0025231 0.000817658 -0.0166814
internal_weight=96.1847 32.4518 26.5021 63.7329 55.3774 8.35547
internal_count=625 207 167 418 353 65
is_linear=0
shrinkage=0.05


Tree=214
num_leaves=5
num_cat=0
split_feature=13 9 9 7
split_gain=0.529275 0.915466 2.35934 2.06441
threshold=-0.28386480116455326 0.66494115348444949 0.48161693621256524 0.66474055329202708
decision_type=8 2 2 2
left_child=-1 2 -2 -3
right_child=1 3 -4 -5
leaf_value=0.011710190646530817 -0.0016321121300905469 -0.021115638155682806 0.023432251431434303 0.0027952445800070581
leaf_weight=3.8394159451127052 56.592119440436363 10.686125649139287 6.1354990880936375 18.916655011475086
leaf_count=35 374 71 37 108
internal_value=-4.4859e-06 -0.00106817 0.00236838 -0.00764013
internal_weight=96.1698 92.3304 62.7276 29.6028
internal_count=625 590 411 179
is_linear=0
shrinkage=0.05


Tree=215
num_leaves=6
num_cat=0
split_feature=0 1 7 2 3
split_gain=0.522752 0.607285 1.45926 1.15812 0.314368
threshold=0.17000000000000001 -1.137091792864936 -0.5932814142999806 0.062920114948714398 -1.4038501125147012
decision_type=2 2 2 2 2
left_child=4 2 -2 -3 -1
right_child=1 3 -4 -5 -6
leaf_value=0.0026890696677699015 -0.0084831703575081793 -0.0062412504454237685 0.015463584839246461 0.0056604685220241167 -0.016367397524185281
leaf_weight=1.3421807922422888 5.8330969586968449 42.025417467579246 13.399132676422594 31.285916347056627 2.2233042716979972
leaf_count=12 31 267 68 198 49
internal_value=3.30662e-05 0.00107147 0.00794882 -0.00112502 -0.0118116
internal_weight=96.109 92.5436 19.2322 73.3113 3.56549
internal_count=625 564 99 465 61
is_linear=0
shrinkage=0.05


Tree=216
num_leaves=7
num_cat=0
split_feature=7 11 9 3 7 5
split_gain=0.532159 1.4085 0.985528 1.44306 1.41345 0.13709
threshold=-0.88081796530439671 -0.62590042675259017 -0.65244782356015829 0.30151134457776446 -0.018855141099724759 -0.070000000000000021
decision_type=2 2 2 2 2 2
left_child=1 -1 3 -2 -4 -3
right_child=2 5 4 -5 -6 -7
leaf_value=-0.0099209376319525523 -0.018742417012281333 0.0032840404420376884 0.012618851143954722 0.0044475850002168756 -0.0026495377649992705 0.022358228612725475
leaf_weight=3.1913556102663279 11.466756708920004 3.3448108769953251 16.010100062936544 8.6516070757061225 50.14571484643966 3.2340731360018236
leaf_count=22 74 19 103 62 323 22
internal_value=1.32673e-05 0.0088176 -0.0014122 -0.00986968 0.00167256 0.0182664
internal_weight=96.0444 9.77024 86.2742 20.1184 66.1558 6.57888
internal_count=625 63 562 136 426 41
is_linear=0
shrinkage=0.05


Tree=217
num_leaves=7
num_cat=0
split_feature=11 11 3 7 11 11
split_gain=0.523219 1.14377 1.56134 1.04777 0.863711 1.17513
threshold=0.890990001313965 0.54835404306550417 -0.81183391450441633 0.77081177909770193 0.94336554510403914 0.9883226117851609
decision_type=2 2 2 2 2 2
left_child=1 2 -1 -3 -2 -6
right_child=4 3 -4 -5 5 -7
leaf_value=0.0086301174061442273 -0.018736877900501266 0.017506379927035354 -0.0063804227212231231 -0.0066355640495286668 0.013659686161787157 -0.011065697028300955
leaf_weight=21.272665209136903 4.0323303565382949 12.03467298671603 46.202642984688282 3.1293317489325991 4.824254918843506 4.5028088018298149
leaf_count=134 25 84 301 19 34 28
internal_value=4.07708e-05 0.00164669 -0.00137921 0.0121143 -0.00763623 0.00202701
internal_weight=95.9987 82.6393 67.4753 15.164 13.3594 9.32706
internal_count=625 538 435 103 87 62
is_linear=0
shrinkage=0.05


Tree=218
num_leaves=6
num_cat=0
split_feature=6 6 12 3 12
split_gain=0.523684 2.27822 2.23974 2.46926 1.63399
threshold=6.8607024086908677 6.7885313515378121 0.60862285862828425 1.1710142316119949 0.72233781472476666
decision_type=2 2 2 2 2
left_child=1 4 3 -2 -1
right_child=2 -3 -4 -5 -6
leaf_value=0.0054621466706271295 -0.0092876668782506371 -0.024436419509393018 0.026756031478100947 0.017256197635940614 -0.013248371799213232
leaf_weight=44.936144759878516 24.187389839440588 5.2208575252443543 3.8520675338804713 7.5478429347276679 10.257441047579048
leaf_count=289 161 36 28 45 66
internal_value=3.12137e-05 -0.00273852 0.00449134 -0.00148508 0.00117325
internal_weight=96.0017 60.4144 35.5873 31.7352 55.1936
internal_count=625 391 234 206 355
is_linear=0
shrinkage=0.05


Tree=219
num_leaves=6
num_cat=0
split_feature=6 6 12 3 8
split_gain=0.520478 2.15705 2.1273 2.30642 1.55779
threshold=6.8607024086908677 6.7885313515378121 0.60862285862828425 1.1710142316119949 0.62261911900494293
decision_type=2 2 2 2 2
left_child=1 4 3 -2 -1
right_child=2 -3 -4 -5 -6
leaf_value=0.0098427397248965626 -0.008905818842133385 -0.023862461550394877 0.026181209159882132 0.016757720023725241 -0.0057654865688451197
leaf_weight=23.254124773666263 24.177859650924805 5.1999114397913209 3.8496485892683259 7.5328587628900996 31.935197422280908
leaf_count=163 161 36 28 45 192
internal_value=3.58349e-05 -0.00272593 0.00448378 -0.00135739 0.00108239
internal_weight=95.9496 60.3892 35.5604 31.7107 55.1893
internal_count=625 391 234 206 355
is_linear=0
shrinkage=0.05


Tree=220
num_leaves=6
num_cat=0
split_feature=0 3 1 1 3
split_gain=0.521644 0.627432 1.31562 0.843355 0.477243
threshold=0.17000000000000001 1.5603470375877924 1.1427357635335731 1.5283787383662235 -1.507556722888812
decision_type=2 2 2 2 2
left_child=4 2 -2 -3 -1
right_child=1 3 -4 -5 -6
leaf_value=0.004634231350926255 -0.00076680561902419753 0.0041359480812459782 0.013442499329534442 -0.017838444824820495 -0.017404950585414136
leaf_weight=1.1325347460806372 66.194566112011671 5.319657661020754 16.403163002803922 4.4250555410981178 2.4171698018908492
leaf_count=9 377 32 132 23 52
internal_value=6.93509e-05 0.00110612 0.00266125 -0.00850791 -0.0117754
internal_weight=95.8921 92.3424 82.5977 9.74471 3.5497
internal_count=625 564 509 55 61
is_linear=0
shrinkage=0.05


Tree=221
num_leaves=5
num_cat=0
split_feature=13 6 12 1
split_gain=0.516073 0.938453 1.92978 1.85512
threshold=-0.28386480116455326 6.8607024086908677 0.60862285862828425 -0.95896985630924814
decision_type=8 2 2 2
left_child=-1 3 -3 -2
right_child=1 2 -4 -5
leaf_value=0.011606734277655026 0.008199978621959007 -0.00073311643347030036 0.025625620856471999 -0.010062746504089776
leaf_weight=3.8241602499037981 15.510560765862463 31.129789991304278 3.8429214190691701 41.459753381088376
leaf_count=35 90 201 28 271
internal_value=3.18668e-05 -0.00102337 0.00500637 -0.00483016
internal_weight=95.7672 91.943 34.9727 56.9703
internal_count=625 590 229 361
is_linear=0
shrinkage=0.05


Tree=222
num_leaves=6
num_cat=0
split_feature=0 4 12 12 3
split_gain=0.514721 0.594786 2.03587 1.64241 0.465022
threshold=0.17000000000000001 0.057960059172585315 0.45402288984745681 0.3929046512476993 -1.507556722888812
decision_type=2 2 2 2 2
left_child=4 3 -3 -2 -1
right_child=1 2 -4 -5 -6
leaf_value=0.0045462684458324985 0.007281130065979205 -0.015318108488074578 0.014480002985762484 -0.0080808210219430188 -0.017244744265055935
leaf_weight=1.1373909674584868 56.261948956176639 12.338500872254373 3.9811342284083358 19.664297465234995 2.386848844587802
leaf_count=9 358 62 21 123 52
internal_value=0.000116306 0.00114352 -0.00635781 0.00304905 -0.0116705
internal_weight=95.7701 92.2459 16.3196 75.9262 3.52424
internal_count=625 564 83 481 61
is_linear=0
shrinkage=0.05


Tree=223
num_leaves=6
num_cat=0
split_feature=11 1 0 11 11
split_gain=0.512232 1.08368 1.39257 0.799357 1.10409
threshold=0.890990001313965 2.0942354629391402 0.48000000000000004 0.94336554510403914 0.9883226117851609
decision_type=2 2 2 2 2
left_child=1 2 -1 -2 -5
right_child=3 -3 -4 4 -6
leaf_value=-0.0028835168940305488 -0.018233455663796399 -0.015735859608553622 0.0097226898984214914 0.013161690493957779 -0.010828744305280398
leaf_weight=41.897669323720038 3.9932597242295733 3.2733523622155181 37.247821854427457 4.7913416475057584 4.4835956767201424
leaf_count=254 25 18 266 34 28
internal_value=7.48946e-05 0.00166262 0.00327447 -0.00754333 0.00183365
internal_weight=95.687 82.4188 79.1455 13.2682 9.27494
internal_count=625 538 520 87 62
is_linear=0
shrinkage=0.05


Tree=224
num_leaves=7
num_cat=0
split_feature=13 11 11 2 8 1
split_gain=0.513889 1.5914 1.32977 1.273 1.23353 1.22334
threshold=0.064292284414077791 -0.78673124491400115 -0.91877685564249634 0.046532428094695578 0.6440804537358652 -0.24680806838016514
decision_type=10 2 2 2 2 2
left_child=2 -2 4 -3 -1 -4
right_child=1 3 5 -5 -6 -7
leaf_value=0.023354615175840508 -0.010174453828547137 -0.0040224457896305098 -0.013473615859258393 0.017513096916444804 -0.0060289504577863834 0.00069028405887942802
leaf_weight=3.7628907095640889 8.4729877915233356 7.8657812308520105 21.537114378996193 15.844844168052076 3.2558184340596199 34.749984400346875
leaf_count=25 57 58 132 92 18 243
internal_value=9.88653e-06 0.00473933 -0.00256541 0.0109125 0.0128866 -0.00538632
internal_weight=95.4894 32.1836 63.3058 23.7106 7.01871 56.2871
internal_count=625 207 418 150 43 375
is_linear=0
shrinkage=0.05


Tree=225
num_leaves=7
num_cat=0
split_feature=2 2 4 12 0 7
split_gain=0.51053 3.49762 1.84905 1.83838 1.82295 1.72657
threshold=0.07853157491525424 0.073302450837503752 0.030310889132455349 -0.89199300740364562 0.58000000000000007 0.17723559186170812
decision_type=2 2 2 2 2 2
left_child=1 4 5 -4 -1 -2
right_child=2 -3 3 -5 -6 -7
leaf_value=-0.0073757490196807067 0.021463411199652428 0.028932383640660378 0.010087141639213211 -0.020180808082775375 0.0096522730469706872 -0.0092058983081785527
leaf_weight=43.846430744975805 5.5156048648059386 5.6038926765322676 3.3379093967378166 14.456397861242293 18.316396310925484 4.3244420569390059
leaf_count=257 45 30 19 86 152 36
internal_value=2.88227e-05 0.00235785 -0.00516876 -0.0135358 -0.00201336 0.00942456
internal_weight=95.4011 67.7667 27.6344 17.7943 62.1628 9.84005
internal_count=625 439 186 105 409 81
is_linear=0
shrinkage=0.05


Tree=226
num_leaves=7
num_cat=0
split_feature=6 6 2 2 7 7
split_gain=0.502439 1.27458 2.08618 1.90668 1.09033 1.24913
threshold=6.1837054549085009 6.8607024086908677 0.07853157491525424 0.056344032815808645 0.082143125846041096 0.63232734134488033
decision_type=2 2 2 2 2 2
left_child=4 3 -3 -2 -1 -6
right_child=1 2 -4 -5 5 -7
leaf_value=0.013944753218704364 -0.01832886897219322 0.011385286728869648 -0.011783354183165685 0.0027904835144618848 -0.015391305648328593 0.0085906910653919897
leaf_weight=12.220620039850475 16.747084595263004 25.640228686854243 9.5748851858079416 18.774925952777267 6.0367965251207334 6.1787490919232368
leaf_count=80 111 168 66 120 39 41
internal_value=0.000111313 -0.00204852 0.00440398 -0.00819939 0.00564951 -0.004289
internal_weight=95.1733 70.7371 35.2151 35.522 24.4362 12.2155
internal_count=625 465 234 231 160 80
is_linear=0
shrinkage=0.05


Tree=227
num_leaves=4
num_cat=0
split_feature=13 13 9
split_gain=0.495603 1.02175 0.880179
threshold=-0.28386480116455326 -0.25072604382209995 1.1045005261041381
decision_type=8 8 2
left_child=-1 -2 -3
right_child=1 2 -4
leaf_value=0.011444434951774905 -0.018192389430464057 0.0027848934250797909 -0.0093689244009257915
leaf_weight=3.7911051213741302 2.8990612775087357 75.100978753529489 13.314533228054641
leaf_count=35 18 491 81
internal_value=8.38278e-05 -0.000957462 0.000551142
internal_weight=95.1057 91.3146 88.4155
internal_count=625 590 572
is_linear=0
shrinkage=0.05


Tree=228
num_leaves=6
num_cat=0
split_feature=0 5 2 2 5
split_gain=0.487899 0.575111 1.43168 1.21384 0.275183
threshold=0.17000000000000001 -0.030000000000000009 0.05812758574149255 0.062920114948714398 -0.16499999999999995
decision_type=2 2 2 2 2
left_child=4 2 -2 -3 -1
right_child=1 3 -4 -5 -6
leaf_value=0.0021856257903679582 0.015374800402302153 -0.0079141498685957427 -0.0023991802187318073 0.0062616665647442539 -0.015901803406138025
leaf_weight=1.4796730475500228 14.705470863729714 32.059993470087647 24.008857659995556 20.824674701318145 1.998670944944023
leaf_count=26 81 214 120 149 35
internal_value=4.64442e-05 0.00105361 0.00533853 -0.00227336 -0.0114562
internal_weight=95.0773 91.599 38.7143 52.8847 3.47834
internal_count=625 564 201 363 61
is_linear=0
shrinkage=0.05


Tree=229
num_leaves=5
num_cat=0
split_feature=3 2 7 0
split_gain=0.50257 0.925132 2.3768 1.78943
threshold=-1.674371158626059 0.062920114948714398 -0.22916202616468176 0.6100000000000001
decision_type=2 2 2 2
left_child=-1 3 -3 -2
right_child=1 2 -4 -5
leaf_value=-0.011429400973892112 -0.0088285346423305298 0.018832510514124715 -0.0034652501987602019 0.0099250867595535083
leaf_weight=3.7603211775422087 36.782642666250467 15.842114225029944 25.064247434027493 13.587535940110682
leaf_count=24 220 103 161 117
internal_value=3.80597e-05 0.00107952 0.00628081 -0.00333025
internal_weight=95.0369 91.2765 40.9064 50.3702
internal_count=625 601 264 337
is_linear=0
shrinkage=0.05


Tree=230
num_leaves=7
num_cat=0
split_feature=2 2 2 13 0 7
split_gain=0.520786 3.21337 1.79047 2.09463 1.62591 0.949069
threshold=0.07853157491525424 0.073302450837503752 0.08807148866213925 -0.084394102044506078 0.58000000000000007 -0.20817264905645474
decision_type=2 2 2 10 2 2
left_child=1 4 5 -4 -1 -2
right_child=2 -3 3 -5 -6 -7
leaf_value=-0.0068805456758029701 0.0014595018305783225 0.027956521233824423 0.017384280219623488 -0.0091648779127815952 0.009246242292796714 -0.028545623047410075
leaf_weight=43.61437052488327 3.0488896444439888 5.5386070758104315 8.4885044079273992 11.835669701918954 18.161509595811367 4.1549428878352073
leaf_count=257 17 30 71 75 152 23
internal_value=4.89894e-05 0.00241012 -0.00520767 0.00316658 -0.00180209 -0.0204515
internal_weight=94.8425 67.3145 27.528 20.3242 61.7759 7.20383
internal_count=625 439 186 146 409 40
is_linear=0
shrinkage=0.05


Tree=231
num_leaves=7
num_cat=0
split_feature=2 2 1 4 12 7
split_gain=0.504186 3.04622 1.91326 1.72525 1.72545 1.59143
threshold=0.07853157491525424 0.073302450837503752 1.4919887361291144 0.030310889132455349 -0.89199300740364562 0.17723559186170812
decision_type=2 2 2 2 2 2
left_child=1 2 -1 5 -5 -2
right_child=3 -3 -4 4 -6 -7
leaf_value=-0.0054729229613556521 0.020655039404347045 0.027316765734560457 0.01565833277853397 0.0097790432895879537 -0.019610999096686985 -0.0088616984619052496
leaf_weight=53.435369206592441 5.4593410864472407 5.5029128827154628 8.161689128726719 3.3083694316446808 14.408387951552866 4.2867951933294535
leaf_count=351 45 30 58 19 86 36
internal_value=7.58796e-05 0.00240199 -0.00170762 -0.00510209 -0.0131784 0.00906958
internal_weight=94.5629 67.1 61.5971 27.4629 17.7168 9.74614
internal_count=625 439 409 186 105 81
is_linear=0
shrinkage=0.05


Tree=232
num_leaves=6
num_cat=0
split_feature=3 1 2 6 1
split_gain=0.512788 1.39959 1.43513 1.12092 0.79122
threshold=1.5603470375877924 1.4144372742295221 0.07917104813700164 6.1859410812508537 1.5283787383662235
decision_type=2 2 2 2 2
left_child=1 3 -3 -1 -2
right_child=4 2 -4 -5 -6
leaf_value=0.0081698665683938281 0.0038747987776119493 0.025349019503346438 -0.0044229129874492814 -0.0046889365069803695 -0.017543804511002212
leaf_weight=18.548385890200734 5.2694902773946506 5.9197548478841764 4.3976450972259045 55.967251622118056 4.3736978620290756
leaf_count=120 33 49 32 368 23
internal_value=0.000171876 0.00157799 0.0153577 -0.00117567 -0.00851304
internal_weight=94.4762 84.833 10.3174 74.5156 9.64319
internal_count=625 569 81 488 56
is_linear=0
shrinkage=0.05


Tree=233
num_leaves=7
num_cat=0
split_feature=9 7 6 3 6 12
split_gain=0.504119 2.10503 1.43817 1.80841 1.16625 1.07807
threshold=-0.54013520443532503 -0.018855141099724759 6.1616041135945014 0.30151134457776446 7.2941155660435584 -0.8503713575494779
decision_type=2 2 2 2 2 2
left_child=2 5 -1 -4 -3 -2
right_child=1 4 3 -5 -6 -7
leaf_value=0.0099636517888617229 -0.0045781835559443517 -0.005757958163697105 -0.019661295223896747 0.0045026081459229074 0.011603219523955386 0.023041249384209806
leaf_weight=8.1529378965496999 2.7192918956279746 41.805870770476758 13.732994716614487 10.563637021929024 7.3252606391906729 10.102529069408773
leaf_count=53 18 278 91 74 44 67
internal_value=0.000190745 0.00278027 -0.00446432 -0.0101799 -0.0023368 0.0175426
internal_weight=94.4025 61.953 32.4496 24.2966 49.1311 12.8218
internal_count=625 407 218 165 322 85
is_linear=0
shrinkage=0.05


Tree=234
num_leaves=6
num_cat=0
split_feature=3 1 5 1 1
split_gain=0.495489 1.32382 1.49614 1.19935 0.751894
threshold=1.5603470375877924 1.1427357635335731 0.059999999999999977 0.62340334893220728 1.5283787383662235
decision_type=2 2 2 2 2
left_child=1 3 -3 -1 -2
right_child=4 2 -4 -5 -6
leaf_value=0.0017011171819162404 0.003772860942194096 -0.0097309030194526538 0.018647409934816096 -0.01336307077641989 -0.017114109960994252
leaf_weight=56.785478805191815 5.2644854150712472 2.753130707889798 13.263390213251112 11.896590342745183 4.3720220029354095
leaf_count=356 33 22 110 81 23
internal_value=0.00022919 0.00161021 0.0126148 -0.00163793 -0.00831259
internal_weight=94.3351 84.6986 16.0165 68.6821 9.63651
internal_count=625 569 132 437 56
is_linear=0
shrinkage=0.05


Tree=235
num_leaves=6
num_cat=0
split_feature=13 7 7 6 12
split_gain=0.490577 1.42015 1.3624 1.20932 1.24646
threshold=0.24222738350503673 -0.88081796530439671 0.71795981768584216 7.2941155660435584 -0.69781650070233936
decision_type=8 2 2 2 2
left_child=1 -1 -3 4 -2
right_child=3 2 -4 -5 -6
leaf_value=0.019762886333990995 -0.020773732818830985 -0.0043842945382351469 0.010296601216875392 0.010962496296723188 0.0031473773449734372
leaf_weight=4.932458918541669 8.5650178454816341 53.102811181917787 16.713980721309781 3.7584617529064408 7.1744686104357251
leaf_count=31 59 347 103 31 54
internal_value=0.000178046 0.00207067 -0.000416479 -0.00601943 -0.0117398
internal_weight=94.2472 74.7493 69.8168 19.4979 15.7395
internal_count=625 481 450 144 113
is_linear=0
shrinkage=0.05


Tree=236
num_leaves=7
num_cat=0
split_feature=1 12 11 1 13 6
split_gain=0.48615 1.44081 1.33496 1.0526 1.2942 1.16009
threshold=-1.189915161345571 -0.93197355434745155 -0.7933241303784474 -0.65418915743919126 0.1382298897588731 6.8607024086908677
decision_type=2 2 2 2 10 2
left_child=1 -1 -3 4 -2 -5
right_child=3 2 -4 5 -6 -7
leaf_value=-0.014457270524533647 -0.020706734390655339 -0.0078772766608947564 0.01761810580751055 -0.0039597308761696723 0.0057752546562630964 0.0090753881536037671
leaf_weight=2.3307477980852154 8.2446622848510724 3.7711793147027555 13.85104885604232 38.378996951505542 4.3558388557285062 23.262724371626973
leaf_count=16 53 22 82 265 34 153
internal_value=0.000217237 0.0062936 0.0116269 -0.00170989 -0.0125122 0.00127137
internal_weight=94.1952 19.953 17.6222 74.2422 12.6005 61.6417
internal_count=625 120 104 505 87 418
is_linear=0
shrinkage=0.05


Tree=237
num_leaves=7
num_cat=0
split_feature=11 11 0 13 2 0
split_gain=0.487507 1.09933 1.76549 1.66408 0.7741 0.991931
threshold=0.890990001313965 0.13055747565921955 0.6100000000000001 -0.23118193801508102 0.049454465903624685 0.43000000000000005
decision_type=2 2 2 10 2 2
left_child=1 3 -3 -1 -2 -6
right_child=4 2 -4 -5 5 -7
leaf_value=-0.01490644536915601 0.0059967661175394441 5.5350688494178021e-05 0.023617755644862199 0.0030059205661543626 0.0042735340926249856 -0.021797691569609576
leaf_weight=13.750769964419304 4.3196696136146775 21.628366885706786 7.5922903921455136 38.094493055716157 3.4929692782461625 5.2892096228897572
leaf_count=95 32 123 74 246 21 34
internal_value=0.000169497 0.00173015 0.00873378 -0.00263819 -0.00729749 -0.0136398
internal_weight=94.1678 81.0659 29.2207 51.8453 13.1018 8.78218
internal_count=625 538 197 341 87 55
is_linear=0
shrinkage=0.05


Tree=238
num_leaves=7
num_cat=0
split_feature=9 7 6 3 6 3
split_gain=0.493266 1.96867 1.37433 1.69528 1.07121 0.905399
threshold=-0.54013520443532503 -0.018855141099724759 6.1616041135945014 0.30151134457776446 7.2941155660435584 -0.13398431208526326
decision_type=2 2 2 2 2 2
left_child=2 5 -1 -4 -3 -2
right_child=1 4 3 -5 -6 -7
leaf_value=0.0096871452480131372 0.024657820002110732 -0.0055168120631393256 -0.019230024648299499 0.004254591216948181 0.011135440387868421 0.00021375003906353243
leaf_weight=8.1120394058525545 7.1894357409328222 41.71819047536701 13.666213206946852 10.492853591218589 7.305513270199298 5.6242471374571306
leaf_count=53 46 278 91 74 44 39
internal_value=0.000162548 0.00272494 -0.00445433 -0.0100496 -0.00223436 0.0170002
internal_weight=94.1085 61.8374 32.2711 24.1591 49.0237 12.8137
internal_count=625 407 218 165 322 85
is_linear=0
shrinkage=0.05


Tree=239
num_leaves=7
num_cat=0
split_feature=2 4 2 1 12 3
split_gain=0.473616 2.34039 2.28059 1.6932 1.46515 1.06242
threshold=0.082103361200150937 0.030310889132455349 0.073302450837503752 1.4919887361291144 -0.89199300740364562 -0.9124986631986608
decision_type=2 2 2 2 2 2
left_child=2 5 3 -1 -3 -2
right_child=1 4 -4 -5 -6 -7
leaf_value=-0.0050489402661999363 -0.0070291858238239503 0.0077244798604924024 0.021740664201913413 0.014909588104112793 -0.020908087245303436 0.019232137082525226
leaf_weight=53.256817741319537 2.6964111747220159 3.0488806962966946 7.6170837432146064 8.0369266960769874 13.091049006208776 6.2942118588835019
leaf_count=351 21 18 42 58 79 56
internal_value=0.000217892 -0.00507669 0.00236155 -0.00150482 -0.0149516 0.0116587
internal_weight=94.0414 25.1306 68.9108 61.2937 16.1399 8.99062
internal_count=625 174 451 409 97 77
is_linear=0
shrinkage=0.05


Tree=240
num_leaves=6
num_cat=0
split_feature=3 1 5 1 1
split_gain=0.494386 1.19942 1.41081 1.10957 0.726848
threshold=1.5603470375877924 1.1427357635335731 0.059999999999999977 0.62340334893220728 1.5283787383662235
decision_type=2 2 2 2 2
left_child=1 3 -3 -1 -2
right_child=4 2 -4 -5 -6
leaf_value=0.0017755724084418216 0.0036763077109929023 -0.009474122396528133 0.018088471918329758 -0.012717081224517432 -0.016903735178732105
leaf_weight=56.604602602310479 5.2390845492482168 2.7553107962012282 13.112450448796151 11.885073050856588 4.3615486472845078
leaf_count=356 33 22 110 81 23
internal_value=0.000285002 0.00166529 0.0121792 -0.00143347 -0.00826013
internal_weight=93.9581 84.3574 15.8678 68.4897 9.60063
internal_count=625 569 132 437 56
is_linear=0
shrinkage=0.05


Tree=241
num_leaves=6
num_cat=0
split_feature=0 3 3 5 3
split_gain=0.481299 0.569829 1.01429 0.708921 0.447962
threshold=0.17000000000000001 1.5603470375877924 0.90453403373328711 0.10000000000000002 -1.507556722888812
decision_type=2 2 2 2 2
left_child=4 2 -2 -3 -1
right_child=1 3 -4 -5 -6
leaf_value=0.0045407550005948337 -0.00065790241745366899 0.0037376128388881334 0.011323207907968405 -0.016552136434558603 -0.016785466913785709
leaf_weight=1.1320577673614027 61.335973696783185 5.2251031845808011 19.532863300293684 4.3462502025067806 2.3006982570514074
leaf_count=9 363 31 146 24 52
internal_value=0.000232255 0.00123287 0.00272681 -0.00799397 -0.0112302
internal_weight=93.8729 90.4402 80.8688 9.57135 3.43276
internal_count=625 564 509 55 61
is_linear=0
shrinkage=0.05


Tree=242
num_leaves=7
num_cat=0
split_feature=2 2 6 1 1 11
split_gain=0.47206 2.68931 1.72711 2.04763 1.56783 1.07372
threshold=0.07853157491525424 0.073302450837503752 6.9265524987640736 -0.39414682294878128 1.4919887361291144 -0.46943945728476494
decision_type=2 2 2 2 2 2
left_child=1 4 3 -2 -1 -4
right_child=2 -3 5 -5 -6 -7
leaf_value=-0.0048470841829074233 -0.01126020220331396 0.02596295032715841 -0.028213423910997206 0.015166840323708736 0.014410068749604169 0.0023394519996205445
leaf_weight=53.218156617134809 8.787563864141708 5.4005793035030356 4.3068640595301986 10.990361265838144 7.9530647303909054 3.1327437348663798
leaf_count=351 54 30 30 79 58 23
internal_value=0.000184394 0.00243805 -0.00485077 0.00352219 -0.00144374 -0.0195788
internal_weight=93.7893 66.5718 27.2175 19.7779 61.1712 7.43961
internal_count=625 439 186 133 409 53
is_linear=0
shrinkage=0.05


Tree=243
num_leaves=7
num_cat=0
split_feature=1 0 13 1 2 13
split_gain=0.488358 1.49756 2.43781 1.02927 1.47707 1.45127
threshold=-1.137091792864936 0.50000000000000011 0.056449219507279123 -0.65418915743919126 0.062920114948714398 0.1382298897588731
decision_type=2 2 10 2 2 10
left_child=1 2 -1 5 -5 -2
right_child=3 -3 -4 4 -6 -7
leaf_value=-0.015424855014134495 -0.021692350904495287 0.023140355388432048 0.014501741747248782 -0.0051512299046064412 0.0094321084618781328 0.0071113576857356926
leaf_weight=9.6578275375068241 7.6024594735354167 3.6746579185128203 7.7554697394371024 36.099100911989808 25.143289664760232 3.7052462082356215
leaf_count=60 50 23 46 245 173 28
internal_value=0.000210358 0.00611839 -0.00183455 -0.00179067 0.00109603 -0.0129675
internal_weight=93.6381 21.088 17.4133 72.5501 61.2424 11.3077
internal_count=625 129 106 496 418 78
is_linear=0
shrinkage=0.05


Tree=244
num_leaves=7
num_cat=0
split_feature=2 2 2 13 0 7
split_gain=0.502016 2.5004 1.64763 1.90846 1.48018 0.878946
threshold=0.07853157491525424 0.073302450837503752 0.08807148866213925 -0.084394102044506078 0.58000000000000007 -0.20817264905645474
decision_type=2 2 2 10 2 2
left_child=1 4 5 -4 -1 -2
right_child=2 -3 3 -5 -6 -7
leaf_value=-0.0061206639783902223 0.001511809322661155 0.025295424518026008 0.01677511720715193 -0.008723034510579623 0.0093114944286606157 -0.027435973420150778
leaf_weight=43.018952168524265 2.9860697984695435 5.3475773446261874 8.3129484020173603 11.665492305532092 18.033068779855967 4.0997443730011609
leaf_count=257 17 30 71 75 152 23
internal_value=0.000230302 0.00255339 -0.00497858 0.0031208 -0.00120262 -0.0196583
internal_weight=93.4639 66.3996 27.0643 19.9784 61.052 7.08581
internal_count=625 439 186 146 409 40
is_linear=0
shrinkage=0.05


Tree=245
num_leaves=7
num_cat=0
split_feature=4 4 4 2 7 4
split_gain=0.485892 1.72674 2.63814 1.28157 2.94869 2.78894
threshold=0.02165063509461098 0.017853571071357134 0.016102492305798442 0.049454465903624685 0.72349822372394512 0.02931466239030275
decision_type=2 2 2 2 2 2
left_child=1 2 -1 5 -5 -2
right_child=3 -3 -4 4 -6 -7
leaf_value=0.0054315328709065181 -0.012860826407858123 0.020507809404210809 -0.026161516110359953 -0.013373444033695198 0.013178426163806137 0.021923957548041991
leaf_weight=24.522892632521692 5.6068482007831326 6.9452754296362391 3.5394408404827109 33.902183825150132 9.8392200320959073 8.8400659747421724
leaf_count=191 41 51 28 203 61 50
internal_value=0.000246842 0.00454717 -0.00190701 -0.00249544 -0.00666166 0.00858831
internal_weight=93.1959 35.0076 28.0623 58.1883 43.7414 14.4469
internal_count=625 270 219 355 264 91
is_linear=0
shrinkage=0.05


Tree=246
num_leaves=7
num_cat=0
split_feature=1 7 6 1 13 6
split_gain=0.48973 1.52691 1.08251 0.952789 1.3847 1.1291
threshold=-1.137091792864936 -0.5932814142999806 6.9265524987640736 -0.65418915743919126 0.1382298897588731 6.8607024086908677
decision_type=2 2 2 2 10 2
left_child=1 -1 -3 4 -2 -5
right_child=3 2 -4 5 -6 -7
leaf_value=-0.010009690270838742 -0.021081690675956052 0.020499863509670788 -0.0035466415286037715 -0.0041431737221967555 0.0070265970401225484 0.0087726829762895826
leaf_weight=6.0644584130495813 7.5570518020540458 9.951884223148225 4.9292564485222092 37.88461565412581 3.7027211282402277 23.030121155083179
leaf_count=38 50 54 37 265 28 153
internal_value=0.000256745 0.00618773 0.0136459 -0.00175385 -0.0125201 0.00103499
internal_weight=93.1201 20.9456 14.8811 72.1745 11.2598 60.9147
internal_count=625 129 91 496 78 418
is_linear=0
shrinkage=0.05


Tree=247
num_leaves=7
num_cat=0
split_feature=11 11 11 0 2 0
split_gain=0.473861 1.08748 1.66774 1.55844 0.748684 0.935797
threshold=0.890990001313965 0.13055747565921955 -0.36235669085756556 0.6100000000000001 0.049454465903624685 0.43000000000000005
decision_type=2 2 2 2 2 2
left_child=1 2 -1 -3 -2 -6
right_child=4 3 -4 -5 5 -7
leaf_value=0.0024393485452301493 0.0059358266555996379 0.00051817160837817455 -0.016612962334212559 0.02293082371680848 0.0041257384460525754 -0.021323927011999616
leaf_weight=40.806891802698374 4.2854506466537705 21.445867117494348 10.481019334867595 7.3668708782643071 3.4449527375400049 5.2473117634654045
leaf_count=267 32 123 74 74 21 34
internal_value=0.000237412 0.00178423 -0.00258398 0.00879213 -0.00715077 -0.0134142
internal_weight=93.0784 80.1006 51.2879 28.8127 12.9777 8.69226
internal_count=625 538 341 197 87 55
is_linear=0
shrinkage=0.05


Tree=248
num_leaves=6
num_cat=0
split_feature=3 3 5 7 5
split_gain=0.491288 1.03599 1.89366 1.15834 0.658553
threshold=1.5603470375877924 0.90453403373328711 0.019999999999999938 0.97175604088841916 0.10000000000000002
decision_type=2 2 2 2 2
left_child=1 3 -3 -1 -2
right_child=4 2 -4 -5 -6
leaf_value=-0.0037020502892154052 0.0032417079455905385 -0.0063552815587875292 0.020326142918542622 0.016468472215826299 -0.016537843489612996
leaf_weight=60.929561879485846 5.2081590276211482 7.9731468632817295 11.572877461090682 3.0172289982438079 4.2982508465647697
leaf_count=399 32 49 103 18 24
internal_value=0.000221333 0.00160885 0.0103648 -0.00162507 -0.00831916
internal_weight=92.9992 83.4928 19.546 63.9468 9.50641
internal_count=625 569 152 417 56
is_linear=0
shrinkage=0.05


Tree=249
num_leaves=7
num_cat=0
split_feature=1 7 7 4 3 1
split_gain=0.476656 1.42664 1.08412 0.925829 2.19654 1.3142
threshold=-1.137091792864936 -0.5932814142999806 -0.018855141099724759 0.012618914885341221 -0.57735026918961818 -0.40660171699178238
decision_type=2 2 2 2 2 2
left_child=1 -1 -3 4 -2 -5
right_child=3 2 -4 5 -6 -7
leaf_value=-0.0096065473670261664 -0.013039688845212527 0.023658648372968393 9.180898256279599e-05 -0.017411147297458414 0.017532281459222119 -0.00045102339879253458
leaf_weight=6.0470365155488279 4.8138634320348528 6.1145533230155733 8.7692963182926125 10.374018006026743 11.219349974766372 45.528038401156664
leaf_count=38 41 37 54 64 87 304
internal_value=0.000245432 0.00609681 0.0132881 -0.00174271 0.0074355 -0.00476944
internal_weight=92.8662 20.9309 14.8838 71.9353 16.0332 55.9021
internal_count=625 129 91 496 128 368
is_linear=0
shrinkage=0.05


Tree=250
num_leaves=6
num_cat=0
split_feature=2 2 13 2 0
split_gain=0.479135 1.31187 1.17566 1.16718 1.02897
threshold=0.026213497864121357 0.036509561762538466 0.053350454433092755 0.04095855856679232 0.48000000000000004
decision_type=2 2 10 2 2
left_child=2 4 -1 -3 -2
right_child=1 3 -4 -5 -6
leaf_value=-0.019083741920495847 -0.0010123186532483527 -0.017422490290705129 0.0081303003723832284 0.00097501292836488717 0.024279815787144211
leaf_weight=4.3400061950087538 6.0666800606995803 4.7776327580213538 3.1598016023635864 69.423660854808986 5.0448099821805954
leaf_count=35 41 33 26 448 42
internal_value=0.000235101 0.00149366 -0.00895219 -0.00123466 0.0144421
internal_weight=92.8126 85.3128 7.49981 74.2013 11.1115
internal_count=625 564 61 481 83
is_linear=0
shrinkage=0.05


Tree=251
num_leaves=6
num_cat=0
split_feature=3 3 5 5 1
split_gain=0.478314 0.952311 1.75717 1.1138 0.653128
threshold=1.5603470375877924 0.90453403373328711 0.019999999999999938 -0.039999999999999945 1.5283787383662235
decision_type=2 2 2 2 2
left_child=1 3 -3 -1 -2
right_child=4 2 -4 -5 -6
leaf_value=0.0048137447212809395 0.0033007561076081626 -0.0060955181998826359 0.019664898322615528 -0.0074934180059573492 -0.016381345889179423
leaf_weight=31.476155124604702 5.1714837886393052 7.9605457317084101 11.436048658564685 32.351515913382173 4.317601278424263
leaf_count=200 33 49 103 217 23
internal_value=0.00021335 0.00158583 0.0100101 -0.00151543 -0.00821731
internal_weight=92.7134 83.2243 19.3966 63.8277 9.48909
internal_count=625 569 152 417 56
is_linear=0
shrinkage=0.05


Tree=252
num_leaves=7
num_cat=0
split_feature=2 2 6 1 3 11
split_gain=0.481637 2.38027 1.70346 1.84776 1.52084 1.00236
threshold=0.07853157491525424 0.073302450837503752 6.9265524987640736 -0.39414682294878128 -1.0882539786282286 -0.46943945728476494
decision_type=2 2 2 2 2 2
left_child=1 4 3 -2 -1 -4
right_child=2 -3 5 -5 -6 -7
leaf_value=0.010822415601089911 -0.010608007412176726 0.024722430318188184 -0.027887272226947292 0.014601550301075445 -0.0056413575214527834 0.0020592238037141337
leaf_weight=14.379999484866856 8.732499893754726 5.297825723886489 4.2654312364757061 10.801246978342531 46.107953939586878 3.079689670354127
leaf_count=90 54 30 30 79 319 23
internal_value=0.000197676 0.00248648 -0.00491553 0.00346658 -0.00119991 -0.0195826
internal_weight=92.6646 65.7858 26.8789 19.5337 60.488 7.34512
internal_count=625 439 186 133 409 53
is_linear=0
shrinkage=0.05


Tree=253
num_leaves=7
num_cat=0
split_feature=7 11 9 3 7 3
split_gain=0.478721 1.34268 0.977715 2.28896 1.50645 0.0540612
threshold=-0.88081796530439671 -0.62590042675259017 -0.54013520443532503 0.30151134457776446 -0.018855141099724759 -0.9566838060289321
decision_type=2 2 2 2 2 2
left_child=1 -1 3 -2 -4 -3
right_child=2 5 4 -5 -6 -7
leaf_value=-0.0098562160670622491 -0.020075056040962977 0.0031299682387169419 0.014824365525639134 0.0073904589107803113 -0.0021523641710766254 0.02063054718161695
leaf_weight=3.0423439033329487 12.792790694162251 2.6650440134108067 12.460474574938415 9.6848768759518844 48.18944935221225 3.7240236010402423
leaf_count=22 85 16 84 71 322 25
internal_value=0.000209102 0.00864126 -0.00118358 -0.00904965 0.0021989 0.0179095
internal_weight=92.559 9.43141 83.1276 22.4777 60.6499 6.38907
internal_count=625 63 562 156 406 41
is_linear=0
shrinkage=0.05


Tree=254
num_leaves=7
num_cat=0
split_feature=2 2 6 1 1 11
split_gain=0.478679 2.25127 1.60569 1.73999 1.39176 0.948345
threshold=0.07853157491525424 0.073302450837503752 6.9265524987640736 -0.39414682294878128 1.4919887361291144 -0.46943945728476494
decision_type=2 2 2 2 2 2
left_child=1 4 3 -2 -1 -4
right_child=2 -3 5 -5 -6 -7
leaf_value=-0.0043139804494232705 -0.010349570542178929 0.02417722337031996 -0.027161831191304373 0.014148561974201238 0.013925402717190003 0.0019864757358544999
leaf_weight=52.636829911731184 8.6993739455938393 5.2635593339800826 4.2721040565520525 10.736890610307453 7.8015573862940064 3.079106029123067
leaf_count=351 54 30 30 79 58 23
internal_value=0.000234286 0.00251432 -0.00487383 0.0033095 -0.00107547 -0.0190911
internal_weight=92.4894 65.7019 26.7875 19.4363 60.4384 7.35121
internal_count=625 439 186 133 409 53
is_linear=0
shrinkage=0.05


Tree=255
num_leaves=6
num_cat=0
split_feature=3 3 1 7 1
split_gain=0.505083 0.851132 1.36074 1.10454 0.63126
threshold=1.5603470375877924 0.90453403373328711 -0.24680806838016514 0.97175604088841916 1.5283787383662235
decision_type=2 2 2 2 2
left_child=1 3 -3 -1 -2
right_child=4 2 -4 -5 -6
leaf_value=-0.0033280003489281292 0.0030674296378210239 -0.010434581377907093 0.015041192624969814 0.016361227087827682 -0.016410773714569692
leaf_weight=60.669833061285317 5.1403071712702495 3.0635776165872839 16.149189099669456 3.014119252562522 4.3106313124299049
leaf_count=399 33 20 132 18 23
internal_value=0.000255277 0.00166719 0.00966304 -0.00127291 -0.00842091
internal_weight=92.3477 82.8967 19.2128 63.684 9.45094
internal_count=625 569 152 417 56
is_linear=0
shrinkage=0.05


Tree=256
num_leaves=6
num_cat=0
split_feature=1 13 0 8 2
split_gain=0.499567 1.34835 0.943166 2.15425 1.7672
threshold=1.6860563680049814 -0.095664360122634753 0.53000000000000014 0.70625274740517374 0.073302450837503752
decision_type=2 8 2 2 2
left_child=2 -2 4 -4 -1
right_child=1 -3 3 -5 -6
leaf_value=-0.0084455789630878599 0.0092904677143055593 -0.01857824933804381 0.014535892093347304 -0.010974802666077359 0.0093950966431575952
leaf_weight=35.485323020257056 3.3824522905051708 5.624056298285721 24.023476300761107 7.4060159474611273 16.330388401634991
leaf_count=222 30 33 202 42 96
internal_value=0.000254064 -0.00853171 0.00163417 0.00784333 -0.00249088
internal_weight=92.2517 9.00651 83.2452 31.4295 51.8157
internal_count=625 63 562 244 318
is_linear=0
shrinkage=0.05


Tree=257
num_leaves=7
num_cat=0
split_feature=2 2 2 13 3 7
split_gain=0.513594 2.06912 1.51262 1.6736 1.47264 0.824804
threshold=0.07853157491525424 0.073302450837503752 0.08807148866213925 -0.084394102044506078 -1.0882539786282286 -0.20817264905645474
decision_type=2 2 2 10 2 2
left_child=1 4 5 -4 -1 -2
right_child=2 -3 3 -5 -6 -7
leaf_value=0.010950688868824594 0.0015071508248951677 0.023419338504436726 0.015738160260992073 -0.0082699082840377112 -0.0052716380854131439 -0.026689587877060075
leaf_weight=14.328305326402186 2.9237750098109245 5.2089643850922576 8.0975270047783905 11.571638770401472 45.822856122627854 4.0493409540504244
leaf_count=90 17 30 71 75 319 23
internal_value=0.0002302 0.00259843 -0.00507219 0.00280046 -0.000863552 -0.0191747
internal_weight=92.0024 65.3601 26.6423 19.6692 60.1512 6.97312
internal_count=625 439 186 146 409 40
is_linear=0
shrinkage=0.05


Tree=258
num_leaves=7
num_cat=0
split_feature=2 2 6 4 6 11
split_gain=0.495657 1.96492 1.52244 1.62443 1.36428 0.869788
threshold=0.07853157491525424 0.073302450837503752 6.9265524987640736 0.030310889132455349 6.8607024086908677 -0.4999815908553577
decision_type=2 2 2 2 2 2
left_child=1 4 3 -2 -1 -4
right_child=2 -3 5 -5 -6 -7
leaf_value=-0.0064333258244513476 0.016349403388393313 0.022902526920168607 -0.02688928832783823 -0.0076009113178560211 0.0078081605136810957 0.001297631014278636
leaf_weight=37.114628824405372 7.4074536338448587 5.173905085772275 4.0123457536101341 11.863654462620614 23.035286817699671 3.2986171562224618
leaf_count=250 61 30 28 72 159 25
internal_value=0.000248523 0.00257345 -0.00496775 0.00307672 -0.000798667 -0.0188098
internal_weight=91.9059 65.3238 26.5821 19.2711 60.1499 7.31096
internal_count=625 439 186 133 409 53
is_linear=0
shrinkage=0.05


Tree=259
num_leaves=7
num_cat=0
split_feature=11 11 3 8 0 13
split_gain=0.496764 1.06204 1.63437 1.60814 0.741106 1.30658
threshold=0.890990001313965 0.54835404306550417 -0.81183391450441633 0.60846899440022617 0.30750000000000005 -0.11825614234851543
decision_type=2 2 2 2 2 10
left_child=1 2 -1 -3 -2 -6
right_child=4 3 -4 -5 5 -7
leaf_value=0.0091728007911140511 0.0065244547013923104 0.023985154288024838 -0.0064236267904356423 -0.0034959327456041815 0.0057290841169070602 -0.022839910256151764
leaf_weight=20.616274194791913 3.5743541046977034 6.6742170769721252 44.004633774980903 7.7587006445974112 3.8514683954417697 5.3974196985363951
leaf_count=134 26 51 301 52 29 32
internal_value=0.000255659 0.00185107 -0.00114642 0.0121137 -0.00733999 -0.0131074
internal_weight=91.8771 79.0538 64.6209 14.4329 12.8232 9.24889
internal_count=625 538 435 103 87 61
is_linear=0
shrinkage=0.05


Tree=260
num_leaves=6
num_cat=0
split_feature=13 7 7 6 12
split_gain=0.501722 1.41639 1.27639 1.06468 1.21888
threshold=0.24222738350503673 -0.88081796530439671 0.71795981768584216 7.2941155660435584 -0.65110410011171471
decision_type=8 2 2 2 2
left_child=1 -1 -3 4 -2
right_child=3 2 -4 -5 -6
leaf_value=0.019965207721364956 -0.019773681128605114 -0.0042173754736717925 0.010137328933936375 0.010111333552278876 0.0041398178577906663
leaf_weight=4.8160548992454997 9.1093124793842435 51.849483335390687 16.288042206317186 3.6273207105696192 6.2127266060560951
leaf_count=31 65 347 103 31 48
internal_value=0.000275401 0.0022068 -0.000327489 -0.00606867 -0.0114444
internal_weight=91.9029 72.9536 68.1375 18.9494 15.322
internal_count=625 481 450 144 113
is_linear=0
shrinkage=0.05


Tree=261
num_leaves=6
num_cat=0
split_feature=2 2 1 3 1
split_gain=0.478732 1.87348 1.45891 3.09696 1.34522
threshold=0.07853157491525424 0.073302450837503752 1.6444435592937263 0.76175868471197872 1.4919887361291144
decision_type=2 2 2 2 2
left_child=1 4 3 -2 -1
right_child=2 -3 -4 -5 -6
leaf_value=-0.0039170497894356615 -0.0098922069051256469 0.022479390719237567 -0.021812197714501221 0.02251246193178405 0.014036066201679152
leaf_weight=52.357784006744623 16.20479358360172 5.1440506167709819 4.0485317036509505 6.329475585371255 7.7647684533148995
leaf_count=351 112 30 24 50 58
internal_value=0.000314403 0.00259762 -0.00481516 0.00164494 -0.000698777
internal_weight=91.8494 65.2666 26.5828 22.5343 60.1226
internal_count=625 439 186 162 409
is_linear=0
shrinkage=0.05


Tree=262
num_leaves=6
num_cat=0
split_feature=3 3 5 7 5
split_gain=0.494668 0.825249 1.50438 1.04983 0.675617
threshold=1.5603470375877924 0.90453403373329255 0.019999999999999938 0.97175604088841916 1.0000000180025095e-35
decision_type=2 2 2 2 2
left_child=1 3 -3 -1 -2
right_child=4 2 -4 -5 -6
leaf_value=-0.0031416505384075279 0.0060736090361387758 -0.0054339811549126288 0.018734752053706165 0.016075708805599099 -0.014355926789479202
leaf_weight=60.614819217473269 2.7914138846099359 7.7595266420394209 11.03638540394604 2.9903757944703093 6.5557560883462429
leaf_count=402 17 48 101 18 39
internal_value=0.000360143 0.0017553 0.00971186 -0.00113239 -0.00826446
internal_weight=91.7483 82.4011 18.7959 63.6052 9.34717
internal_count=625 569 149 420 56
is_linear=0
shrinkage=0.05


Tree=263
num_leaves=5
num_cat=0
split_feature=11 13 3 11
split_gain=0.477674 0.732653 1.29409 1.15939
threshold=0.9883226117851609 0.21768933455697351 -1.134115654240355 -0.20346375215135135
decision_type=2 8 2 2
left_child=1 2 -1 -3
right_child=-2 3 -4 -5
leaf_value=0.01538069706043768 -0.01039878509089537 -0.014240933060480269 1.5053139784113724e-05 0.0054407700823718153
leaf_weight=13.573599986732004 4.3549645021557799 11.389090940356256 52.287103746086359 10.029474877752362
leaf_count=84 28 88 350 75
internal_value=0.000389437 0.00146201 0.00404367 -0.0057393
internal_weight=91.6342 87.2793 65.8607 21.4186
internal_count=625 597 434 163
is_linear=0
shrinkage=0.05


Tree=264
num_leaves=7
num_cat=0
split_feature=4 4 4 3 4 6
split_gain=0.474827 1.51712 2.51199 1.24618 2.39217 1.92119
threshold=0.02165063509461098 0.017853571071357134 0.016102492305798442 -0.81649658092772748 0.032015621187164257 6.6271383725911823
decision_type=2 2 2 2 2 2
left_child=1 2 -1 5 -5 -2
right_child=3 -3 -4 4 -6 -7
leaf_value=0.0056336838609153282 0.018616247314300251 0.01961374233167567 -0.025351891299135482 -0.021963058997456909 0.0019905868094684948 -0.0071049988767027715
leaf_weight=24.177039039321247 9.8159523122012633 6.8626242931932202 3.4484884478151789 12.048863947391508 24.925156628713012 10.3413656540215
leaf_count=191 52 51 28 90 151 62
internal_value=0.000360176 0.00463074 -0.00152675 -0.00238301 -0.0075017 0.00663096
internal_weight=91.6195 34.4882 27.6255 57.1313 36.974 20.1573
internal_count=625 270 219 355 241 114
is_linear=0
shrinkage=0.05


Tree=265
num_leaves=7
num_cat=0
split_feature=12 0 1 5 6 6
split_gain=0.478059 1.32145 1.08263 1.31384 1.14189 0.0399818
threshold=-0.93197355434745155 0.62000000000000011 -1.2396294496703122 -0.21499999999999997 6.8434825287480994 6.709168047070829
decision_type=2 2 2 2 2 2
left_child=1 5 3 -2 -4 -1
right_child=2 -3 4 -5 -6 -7
leaf_value=-0.019686737200378199 -0.0063632927951243496 0.0096281293463314644 -0.0063027655316199556 0.018696919863790823 0.0063844700961593311 -0.0039819493485337854
leaf_weight=3.7312664017081243 4.6959649315103915 3.7294949181377888 39.611254315823317 11.454125901684163 24.580295216292143 3.7591496426612139
leaf_count=23 29 40 276 68 166 23
internal_value=0.00032004 -0.00756601 0.0018001 0.0116285 -0.00133426 -0.0165542
internal_weight=91.5616 11.2199 80.3416 16.1501 64.1915 7.49042
internal_count=625 86 539 97 442 46
is_linear=0
shrinkage=0.05


Tree=266
num_leaves=6
num_cat=0
split_feature=0 4 3 3 3
split_gain=0.478052 0.631912 2.00617 1.35972 0.40051
threshold=0.17000000000000001 0.012618914885341221 -0.57735026918961818 -0.81649658092772748 -1.507556722888812
decision_type=2 2 2 2 2
left_child=4 2 -2 -3 -1
right_child=1 3 -4 -5 -6
leaf_value=0.0040665282617994404 -0.010554062524795819 0.0079353270834734337 0.018503512203724117 -0.0055880758778813315 -0.016398773961637008
leaf_weight=1.1495399735867979 5.3539298437535789 23.702606827020645 11.188402488827704 47.904738269746304 2.2236044062301508
leaf_count=9 37 132 79 316 52
internal_value=0.000299869 0.00131396 0.0088322 -0.000885961 -0.0111608
internal_weight=91.5228 88.1497 16.5423 71.6073 3.37314
internal_count=625 564 116 448 61
is_linear=0
shrinkage=0.05


Tree=267
num_leaves=7
num_cat=0
split_feature=11 11 8 8 0 13
split_gain=0.466872 1.00254 1.47601 1.46875 0.691647 1.23532
threshold=0.890990001313965 0.54835404306550417 0.60239644867712738 0.60846899440022617 0.30750000000000005 -0.11825614234851543
decision_type=2 2 2 2 2 10
left_child=1 2 -1 -3 -2 -6
right_child=4 3 -4 -5 5 -7
leaf_value=-0.0099544340414403736 0.0063031323422569237 0.023144369838621531 0.0045457216252485317 -0.0032126619719530479 0.0056365060616357194 -0.022144323116843955
leaf_weight=23.525898654013872 3.5691918022930613 6.6567871514707786 40.793369326740503 7.7247901726514101 3.8294971697032443 5.382114876061677
leaf_count=170 26 51 265 52 29 32
internal_value=0.000279728 0.00182929 -0.00109342 0.0118106 -0.0070933 -0.0126754
internal_weight=91.4816 78.7008 64.3193 14.3816 12.7808 9.21161
internal_count=625 538 435 103 87 61
is_linear=0
shrinkage=0.05


Tree=268
num_leaves=6
num_cat=0
split_feature=0 5 2 5 3
split_gain=0.464191 0.591683 1.54433 0.970571 0.389331
threshold=0.17000000000000001 -0.030000000000000009 0.05812758574149255 -1.0000000180025095e-35 -1.507556722888812
decision_type=2 2 2 2 2
left_child=4 2 -2 -3 -1
right_child=1 3 -4 -5 -6
leaf_value=0.0039861568292608634 0.01615343460869878 -0.016990844426612896 -0.0025208745873876669 0.00068465034253106978 -0.016218928860485232
leaf_weight=1.1556025929749014 14.328044850379227 4.2520853877067557 23.280866071581841 46.261340441182256 2.1916562682017675
leaf_count=9 81 31 120 332 52
internal_value=0.00027691 0.00127593 0.00565426 -0.00219955 -0.011034
internal_weight=91.4696 88.1223 37.6089 50.5134 3.34726
internal_count=625 564 201 363 61
is_linear=0
shrinkage=0.05


Tree=269
num_leaves=5
num_cat=0
split_feature=3 2 7 2
split_gain=0.458776 0.618784 2.2745 1.54872
threshold=-1.674371158626059 0.062920114948714398 -0.22916202616468176 0.05812758574149255
decision_type=2 2 2 2
left_child=-1 3 -3 -2
right_child=1 2 -4 -5
leaf_value=-0.010815333606450067 0.0015550457882035499 0.018071185819115973 -0.0040527276517584813 -0.019787295895761486
leaf_weight=3.6295498125255099 43.168182801455259 15.139794597402213 24.09319387562573 5.4104093946516505
leaf_count=24 301 103 161 36
internal_value=0.000224195 0.00123856 0.00556244 -0.00244669
internal_weight=91.4411 87.8116 39.233 48.5786
internal_count=625 601 264 337
is_linear=0
shrinkage=0.05


Tree=270
num_leaves=6
num_cat=0
split_feature=13 7 7 6 12
split_gain=0.453356 1.30778 1.20657 1.00695 1.159
threshold=0.24222738350503673 -0.88081796530439671 0.71795981768584216 7.2941155660435584 -0.65110410011171471
decision_type=8 2 2 2 2
left_child=1 -1 -3 4 -2
right_child=3 2 -4 -5 -6
leaf_value=0.019126326269374508 -0.019274830667436533 -0.0042011395257161048 0.0097789039442818648 0.0098904975856845632 0.0040823343695760503
leaf_weight=4.7657242882996789 9.0218971185386181 51.614697627723217 16.225990464910865 3.5860776733607045 6.1777544254437098
leaf_count=31 65 347 103 31 48
internal_value=0.000174136 0.00201663 -0.000415692 -0.00587402 -0.0111209
internal_weight=91.3921 72.6064 67.8407 18.7857 15.1997
internal_count=625 481 450 144 113
is_linear=0
shrinkage=0.05


Tree=271
num_leaves=7
num_cat=0
split_feature=2 2 2 13 0 7
split_gain=0.448729 1.799 1.40996 1.56581 1.32542 0.74858
threshold=0.07853157491525424 0.073302450837503752 0.08807148866213925 -0.084394102044506078 0.48000000000000004 -0.20817264905645474
decision_type=2 2 2 10 2 2
left_child=1 4 5 -4 -1 -2
right_child=2 -3 3 -5 -6 -7
leaf_value=-0.0071849314461906707 0.0013842384834109388 0.021966109548552996 0.015393300277686518 -0.007896936069973522 0.0066318360553700899 -0.025598162838041727
leaf_weight=32.226456548087299 2.9153524972498417 5.0967254638671866 8.0085320547223144 11.523794451728458 27.573836209252477 3.9948575003072646
leaf_count=209 17 30 71 75 200 23
internal_value=0.000215928 0.00243702 -0.00475592 0.00284347 -0.000793904 -0.0184124
internal_weight=91.3396 64.897 26.4425 19.5323 59.8003 6.91021
internal_count=625 439 186 146 409 40
is_linear=0
shrinkage=0.05


Tree=272
num_leaves=5
num_cat=0
split_feature=11 13 0 13
split_gain=0.446616 0.702547 1.18261 1.08093
threshold=0.9883226117851609 0.21089405421770016 0.40000000000000008 0.056449219507279123
decision_type=2 8 2 10
left_child=1 3 -3 -1
right_child=-2 2 -4 -5
leaf_value=-0.00073470124051718227 -0.010197883120467445 -0.017098405205228876 0.0031309147915726809 0.012134954525706563
leaf_weight=44.85725106112659 4.359955843538045 7.4474250795319703 14.256992051377891 20.181564141064882
leaf_count=303 28 72 94 128
internal_value=0.000218058 0.00126884 -0.00571213 0.00383997
internal_weight=91.1032 86.7432 21.7044 65.0388
internal_count=625 597 166 431
is_linear=0
shrinkage=0.05


Tree=273
num_leaves=7
num_cat=0
split_feature=2 4 4 12 0 12
split_gain=0.438597 1.96158 1.63198 2.05146 1.79501 1.15819
threshold=0.082103361200150937 0.030310889132455349 0.031770319969346553 -0.91086165722681567 0.53000000000000014 0.29240647191915731
decision_type=2 2 2 2 2 2
left_child=2 -2 4 -4 -1 -3
right_child=1 5 3 -5 -6 -7
leaf_value=-0.011340918961334852 0.010579801058312556 -0.020692482154899994 -0.013180783467745649 0.016524274262828393 0.0078445270638668376 0.0041216214858113146
leaf_weight=25.130519723519683 8.6650712443515676 10.966066608205436 3.3839248120784786 22.254765123128891 15.992014806717632 4.624628994613885
leaf_count=174 77 67 20 126 131 30
internal_value=0.000173807 -0.00499507 0.00226896 0.0110925 -0.00383837 -0.0141184
internal_weight=91.017 24.2558 66.7612 25.6387 41.1225 15.5907
internal_count=625 174 451 146 305 97
is_linear=0
shrinkage=0.05


Tree=274
num_leaves=5
num_cat=0
split_feature=12 4 6 4
split_gain=0.449627 0.764832 1.56206 1.01319
threshold=0.9319858538996052 0.057960059172585315 6.4412811554099667 0.0511737237261468
decision_type=2 2 2 2
left_child=1 3 -3 -1
right_child=-2 2 -4 -5
leaf_value=0.0012880865059191737 -0.0098651695865625763 0.0086875525185465523 -0.017105975747930286 0.019347666410212169
leaf_weight=66.485323446802795 5.1008514985442153 5.9154310226440421 9.3723695129156095 3.9369422905147067
leaf_count=483 33 32 51 26
internal_value=0.000149426 0.00125635 -0.00744413 0.0035134
internal_weight=90.8109 85.7101 15.2878 70.4223
internal_count=625 592 83 509
is_linear=0
shrinkage=0.05


Tree=275
num_leaves=6
num_cat=0
split_feature=2 2 13 2 13
split_gain=0.434912 1.3224 1.10905 1.02962 0.955416
threshold=0.026213497864121357 0.036509561762538466 0.053350454433092755 0.04095855856679232 0.091213467680551594
decision_type=2 2 10 2 10
left_child=2 4 -1 -3 -2
right_child=1 3 -4 -5 -6
leaf_value=-0.018511944409107361 0.020634813976460692 -0.016684917369666367 0.0080001492532231818 0.00072683249286220435 -0.0049262810679382742
leaf_weight=4.2733929473906747 7.9650909006595594 4.6469021141529074 3.0973956752568483 67.970044410787523 2.8219155240803957
leaf_count=35 61 33 26 448 22
internal_value=0.000148164 0.00136961 -0.00864037 -0.00139043 0.0145056
internal_weight=90.7747 83.404 7.37079 72.6169 10.787
internal_count=625 564 61 481 83
is_linear=0
shrinkage=0.05


Tree=276
num_leaves=7
num_cat=0
split_feature=4 4 4 2 7 4
split_gain=0.443475 1.48322 2.36069 1.07811 2.47863 2.39014
threshold=0.02165063509461098 0.017853571071357134 0.016102492305798442 0.049454465903624685 0.72349822372394512 0.02931466239030275
decision_type=2 2 2 2 2 2
left_child=1 2 -1 5 -5 -2
right_child=3 -3 -4 4 -6 -7
leaf_value=0.0052241691192033354 -0.012224989762134125 0.019133724344949341 -0.024932935698835715 -0.012587326301442429 0.01202420249385378 0.020225906165488406
leaf_weight=23.867430551908914 5.4192373026162377 6.7890531066805115 3.3972606696188441 33.072981931269169 9.5642056316137296 8.6101143434643728
leaf_count=191 41 51 28 203 61 50
internal_value=0.000112789 0.00427638 -0.00181499 -0.00253318 -0.00638396 0.0077723
internal_weight=90.7203 34.0537 27.2647 56.6665 42.6372 14.0294
internal_count=625 270 219 355 264 91
is_linear=0
shrinkage=0.05


Tree=277
num_leaves=5
num_cat=0
split_feature=3 2 7 7
split_gain=0.446171 0.634672 2.18919 1.40786
threshold=-1.674371158626059 0.062920114948714398 -0.22916202616468176 -0.56701222868251999
decision_type=2 2 2 2
left_child=-1 3 -3 -2
right_child=1 2 -4 -5
leaf_value=-0.010779537644719374 -0.014084537730418671 0.017846116388608346 -0.0039340283959038444 0.0028384385549725128
leaf_weight=3.5899557694792739 12.930502925068138 14.99934467859566 23.941727659665048 35.184162221848965
leaf_count=24 92 103 161 245
internal_value=0.000125199 0.00113595 0.00553134 -0.00260724
internal_weight=90.6457 87.0557 38.9411 48.1147
internal_count=625 601 264 337
is_linear=0
shrinkage=0.05


Tree=278
num_leaves=7
num_cat=0
split_feature=11 11 8 3 11 11
split_gain=0.432378 0.944576 1.36415 1.35923 0.679543 0.945822
threshold=0.890990001313965 0.54835404306550417 0.60398714159107747 -0.81183391450441633 0.94336554510403914 0.9883226117851609
decision_type=2 2 2 2 2 2
left_child=1 3 -3 -1 -2 -6
right_child=4 2 -4 -5 5 -7
leaf_value=0.008242810201828734 -0.016989390155688056 0.022814583434926487 -0.0026966604971913107 -0.0060709925792015651 0.012381708724414497 -0.010036147273667308
leaf_weight=20.319907719269395 3.7413348108530036 6.1140200514346352 8.1453809402883035 43.3710692608729 4.5700412914156896 4.3449983075261116
leaf_count=134 25 48 55 301 34 28
internal_value=9.78554e-05 0.0016053 0.011325 -0.00123674 -0.00701187 0.00177547
internal_weight=90.6068 77.9504 14.2594 63.691 12.6564 8.91504
internal_count=625 538 103 435 87 62
is_linear=0
shrinkage=0.05


Tree=279
num_leaves=5
num_cat=0
split_feature=3 2 1 13
split_gain=0.436243 0.600964 2.02959 1.40683
threshold=-1.674371158626059 0.062920114948714398 1.6444435592937263 -0.19574686272382211
decision_type=2 2 2 10
left_child=-1 3 -3 -2
right_child=1 2 -4 -5
leaf_value=-0.010672319711041 -0.01363469601997166 0.010063804741745192 -0.015521253153739922 0.0030789757697630982
leaf_weight=3.585148897022008 13.741068078204988 33.936555788852274 4.9905820395797482 34.351729849353433
leaf_count=24 97 231 33 240
internal_value=0.000112906 0.001113 0.00539037 -0.00253077
internal_weight=90.6051 87.0199 38.9271 48.0928
internal_count=625 601 264 337
is_linear=0
shrinkage=0.05


Tree=280
num_leaves=6
num_cat=0
split_feature=6 12 3 6 12
split_gain=0.431095 1.92128 1.89028 1.72117 1.55211
threshold=6.8607024086908677 0.60862285862828425 1.1710142316119949 6.7885313515378121 0.72233781472476666
decision_type=2 2 2 2 2
left_child=3 2 -2 4 -1
right_child=1 -3 -4 -5 -6
leaf_value=0.0052994287432988549 -0.0085189652218504268 0.024914956854873761 0.015147265923551673 -0.021776226902386085 -0.01333045301273417
leaf_weight=42.360345017164946 22.976328735239807 3.6856164894998065 7.119847171008586 4.8117017596960059 9.6563660781830531
leaf_count=289 161 28 45 36 66
internal_value=3.76515e-05 0.00416832 -0.00155991 -0.00255635 0.000975272
internal_weight=90.6102 33.7818 30.0962 56.8284 52.0167
internal_count=625 234 206 391 355
is_linear=0
shrinkage=0.05


Tree=281
num_leaves=6
num_cat=0
split_feature=11 1 11 2 0
split_gain=0.432102 0.897202 0.897283 0.696921 0.842375
threshold=0.890990001313965 2.0942354629391402 0.13055747565921955 0.049454465903624685 0.43000000000000005
decision_type=2 2 2 2 2
left_child=1 2 -1 -2 -5
right_child=3 -3 -4 4 -6
leaf_value=-0.0011337629474427358 0.0057156045371351046 -0.014432468245956351 0.009590127011654008 0.0037781431542689018 -0.020664365106476335
leaf_weight=47.975328021682799 4.1549049168825141 3.101839166134595 26.853844377212226 3.3769163750112039 5.0954501964151859
leaf_count=330 32 18 190 21 34
internal_value=4.02932e-05 0.00154938 0.00307433 -0.00707092 -0.0131355
internal_weight=90.5583 77.931 74.8292 12.6273 8.47237
internal_count=625 538 520 87 55
is_linear=0
shrinkage=0.05


Tree=282
num_leaves=6
num_cat=0
split_feature=6 12 2 6 12
split_gain=0.442641 1.81731 1.68266 1.61707 1.44865
threshold=6.8607024086908677 0.60862285862828425 0.07853157491525424 6.7885313515378121 0.72233781472476666
decision_type=2 2 2 2 2
left_child=3 2 -2 4 -1
right_child=1 -3 -4 -5 -6
leaf_value=0.0049886241006680031 0.005894682053324168 0.024355318258282643 -0.015989527941620556 -0.021280731617253693 -0.013007821570417378
leaf_weight=42.36037752404809 22.025673024356369 3.6850107014179221 8.0528289740905148 4.7923791762441388 9.654235387220977
leaf_count=289 147 28 59 36 66
internal_value=-6.4892e-06 0.00418242 -0.00140829 -0.00263313 0.000800557
internal_weight=90.5705 33.7635 30.0785 56.807 52.0146
internal_count=625 234 206 391 355
is_linear=0
shrinkage=0.05


Tree=283
num_leaves=6
num_cat=0
split_feature=0 4 3 4 3
split_gain=0.437502 0.540202 1.85038 1.16096 0.374381
threshold=0.17000000000000001 0.012618914885341221 -0.57735026918961818 0.017853571071357134 -1.507556722888812
decision_type=2 2 2 2 2
left_child=4 2 -2 -3 -1
right_child=1 3 -4 -5 -6
leaf_value=0.0038370096021435652 -0.010559495521134348 -0.013939240746520679 0.017331627014830805 0.0017674403049090345 -0.016092041110009343
leaf_weight=1.1555777303874495 5.3009021729230907 9.3243323937058431 11.052560966461895 61.547276237979531 2.1691008899360886
leaf_count=9 37 67 79 381 52
internal_value=-4.55654e-05 0.000947602 0.00793523 -0.00108146 -0.011021
internal_weight=90.5498 87.2251 16.3535 70.8716 3.32468
internal_count=625 564 116 448 61
is_linear=0
shrinkage=0.05


Tree=284
num_leaves=6
num_cat=0
split_feature=2 2 7 2 13
split_gain=0.42261 1.22066 1.07951 0.967455 0.896566
threshold=0.026213497864121357 0.036509561762538466 -0.26708584586776901 0.04095855856679232 0.091213467680551594
decision_type=2 2 2 2 10
left_child=2 4 -1 -3 -2
right_child=1 3 -4 -5 -6
leaf_value=0.0071362041848245855 0.019768082584102641 -0.016354831084515433 -0.019040013923100663 0.00055261155251733868 -0.004905927072785257
leaf_weight=3.4941090205684304 7.8975073583424074 4.6218638569116584 3.8579126596450797 67.790643526241183 2.8140681628137827
leaf_count=29 61 33 32 448 22
internal_value=-8.95968e-05 0.00112892 -0.00874667 -0.00151318 0.0137875
internal_weight=90.4761 83.1241 7.35202 72.4125 10.7116
internal_count=625 564 61 481 83
is_linear=0
shrinkage=0.05


Tree=285
num_leaves=6
num_cat=0
split_feature=0 5 2 9 3
split_gain=0.418574 0.53094 1.44068 0.930618 0.365465
threshold=0.17000000000000001 -0.030000000000000009 0.05812758574149255 1.1320957528476181 -1.507556722888812
decision_type=2 2 2 2 2
left_child=4 2 -2 -3 -1
right_child=1 3 -4 -5 -6
leaf_value=0.0037890882500300482 0.015201336608073263 0.0010063009530434017 -0.0028435744151313227 -0.014370408512230384 -0.01590597530005268
leaf_weight=1.1587984822690489 14.230059798806904 42.23502135835588 23.047062732279301 7.6132573299109927 2.1365412520244709
leaf_count=9 81 316 120 47 52
internal_value=-0.000118776 0.00085583 0.00502798 -0.00243809 -0.0108709
internal_weight=90.4207 87.1254 37.2771 49.8483 3.29534
internal_count=625 564 201 363 61
is_linear=0
shrinkage=0.05


Tree=286
num_leaves=6
num_cat=0
split_feature=6 12 3 6 12
split_gain=0.423792 1.73959 1.79816 1.5194 1.36102
threshold=6.8607024086908677 0.60862285862828425 -0.99999999999999811 6.7885313515378121 0.72233781472476666
decision_type=2 2 2 2 2
left_child=3 2 -2 4 -1
right_child=1 -3 -4 -5 -6
leaf_value=0.0047087008668567337 -0.017848721096334438 0.023715649568269659 0.0054923987340699523 -0.02080783562727687 -0.01273749847341909
leaf_weight=42.25940082129091 6.6680186036974218 3.6730663832277051 23.388256213627756 4.7704084562137714 9.6530029159039241
leaf_count=289 48 28 158 36 66
internal_value=-0.000147418 0.00395947 -0.00149302 -0.0027141 0.000630579
internal_weight=90.4122 33.7293 30.0563 56.6828 51.9124
internal_count=625 234 206 391 355
is_linear=0
shrinkage=0.05


Tree=287
num_leaves=7
num_cat=0
split_feature=2 2 11 2 7 13
split_gain=0.418252 1.50634 1.49003 0.932919 0.714492 0.245387
threshold=0.029295843053676062 0.036509561762538466 0.63605015901146211 0.04095855856679232 -0.26708584586776901 0.21089405421770016
decision_type=2 2 2 2 2 8
left_child=2 5 4 -3 -1 -2
right_child=1 3 -4 -5 -6 -7
leaf_value=0.00077848947007299555 0.020751266895509254 -0.01611240560566082 0.011785024672181437 0.00049923076027677538 -0.02478003080969254 0.0015040676424988859
leaf_weight=3.5516392989084125 4.980676991865038 4.614557333290576 2.7528478316962719 67.73341295029968 3.7286707982420904 2.988201979547739
leaf_count=30 35 33 23 448 29 27
internal_value=-0.000186138 0.00117824 -0.0078674 -0.00153337 -0.0170712 0.0168963
internal_weight=90.35 80.3168 10.0332 72.348 7.28031 7.96888
internal_count=625 543 82 481 59 62
is_linear=0
shrinkage=0.05


Tree=288
num_leaves=7
num_cat=0
split_feature=9 7 6 3 2 3
split_gain=0.413253 1.54511 1.18456 1.21353 1.06644 0.758525
threshold=-0.54013520443532503 -0.018855141099724759 6.1616041135945014 0.30151134457776446 0.068675386431890112 -0.13398431208526326
decision_type=2 2 2 2 2 2
left_child=2 5 -1 -4 -3 -2
right_child=1 4 3 -5 -6 -7
leaf_value=0.0088879405394169352 0.021953071040226264 0.0038042730578446734 -0.017581903764128604 0.0029448777664866721 -0.010079798368308888 -0.00029820375505958157
leaf_weight=7.7240722533315447 7.0374265741556883 27.93067747540772 13.063236965797843 9.8994341231882554 19.213072720915079 5.423201331868766
leaf_count=53 46 191 91 74 131 39
internal_value=-0.000191557 0.00220364 -0.00450078 -0.00978837 -0.00227804 0.0149565
internal_weight=90.2911 59.6044 30.6867 22.9627 47.1438 12.4606
internal_count=625 407 218 165 322 85
is_linear=0
shrinkage=0.05


Tree=289
num_leaves=6
num_cat=0
split_feature=6 12 3 6 12
split_gain=0.424362 1.66466 1.69844 1.42884 1.27186
threshold=6.8607024086908677 0.60862285862828425 1.1710142316119949 6.7885313515378121 0.72233781472476666
decision_type=2 2 2 2 2
left_child=3 2 -2 4 -1
right_child=1 -3 -4 -5 -6
leaf_value=0.0044790146558457561 -0.008011585681515207 0.023286745524656899 0.014436033843317981 -0.020294850376012186 -0.012391795345360184
leaf_weight=42.183678237721324 22.904696822166446 3.6651421412825576 7.1066143196076146 4.7466126549988976 9.6445227209478599
leaf_count=289 161 28 45 36 66
internal_value=-0.000156932 0.00395573 -0.00139353 -0.00272744 0.000525522
internal_weight=90.2513 33.6765 30.0113 56.5748 51.8282
internal_count=625 234 206 391 355
is_linear=0
shrinkage=0.05


Tree=290
num_leaves=6
num_cat=0
split_feature=6 12 3 6 12
split_gain=0.421131 1.58289 1.66614 1.3562 1.18173
threshold=6.8607024086908677 0.60862285862828425 -0.99999999999999811 6.7885313515378121 0.72233781472476666
decision_type=2 2 2 2 2
left_child=3 2 -2 4 -1
right_child=1 -3 -4 -5 -6
leaf_value=0.0042796663583363065 -0.017075899418578771 0.022802498995330697 0.0054199393181424476 -0.019840509860877396 -0.011980752524686483
leaf_weight=42.174327505752444 6.6235866956412819 3.6620883177965871 23.366117119789124 4.7275291504338375 9.6480923034250718
leaf_count=289 48 28 158 36 66
internal_value=-0.000145241 0.00395264 -0.00127868 -0.00270681 0.000464521
internal_weight=90.2017 33.6518 29.9897 56.5499 51.8224
internal_count=625 234 206 391 355
is_linear=0
shrinkage=0.05


Tree=291
num_leaves=7
num_cat=0
split_feature=2 2 11 13 9 13
split_gain=0.42235 1.42855 1.41848 0.941178 0.786525 0.230353
threshold=0.029295843053676062 0.036509561762538466 0.63605015901146211 -0.16019088466118345 -0.82976622563844793 0.21089405421770016
decision_type=2 2 2 8 2 8
left_child=2 5 4 -3 -1 -2
right_child=1 3 -4 -5 -6 -7
leaf_value=0.0034391574988611238 0.02026696968907497 0.0079953332663795125 0.011368720799155137 -0.004435038952088988 -0.023141266730372461 0.0014863885152365348
leaf_weight=2.2622877545654774 4.952250348404049 15.310863286256788 2.747014582157135 56.886582976207137 5.0153108742088062 2.9674056358635426
leaf_count=19 35 109 23 372 40 27
internal_value=-0.000181307 0.00119209 -0.00790151 -0.00145183 -0.0168429 0.0165287
internal_weight=90.1417 80.1171 10.0246 72.1974 7.2776 7.91966
internal_count=625 543 82 481 59 62
is_linear=0
shrinkage=0.05


Tree=292
num_leaves=7
num_cat=0
split_feature=7 11 9 3 7 3
split_gain=0.424206 1.20469 0.840453 1.86917 1.26338 0.0728616
threshold=-0.88081796530439671 -0.62590042675259017 -0.54013520443532503 0.30151134457776446 -0.018855141099724759 -0.9566838060289321
decision_type=2 2 2 2 2 2
left_child=1 -1 3 -2 -4 -3
right_child=2 5 4 -5 -6 -7
leaf_value=-0.0096388152939775613 -0.018874489091479513 0.0025837291278655449 0.013399026841461346 0.0063631506735894782 -0.0022714760520675006 0.019520808958169877
leaf_weight=2.9254865515977144 12.336367872543635 2.5675993002951145 12.184442825615404 9.3553834669291955 47.054636659100652 3.6352477893233281
leaf_count=22 85 16 84 71 322 25
internal_value=-0.000127587 0.00790803 -0.00144134 -0.0088368 0.0017437 0.0167921
internal_weight=90.0592 9.12833 80.9308 21.6918 59.2391 6.20285
internal_count=625 63 562 156 406 41
is_linear=0
shrinkage=0.05


Tree=293
num_leaves=6
num_cat=0
split_feature=3 1 2 6 1
split_gain=0.429791 0.84592 1.1481 0.814678 0.745366
threshold=1.5603470375877924 1.4144372742295221 0.07917104813700164 6.1859410812508537 1.6635800152554119
decision_type=2 2 2 2 2
left_child=1 3 -3 -1 -2
right_child=4 2 -4 -5 -6
leaf_value=0.007173291917616894 0.0030876569490763004 0.021623106944128667 -0.0049321777195897544 -0.0039922392216359881 -0.018138434771421543
leaf_weight=17.705702682957053 5.8960304576903564 5.3241344057023507 4.1913105733692646 53.661595561541617 3.2143164798617363
leaf_count=120 39 49 32 368 17
internal_value=-9.22324e-05 0.00124111 0.0122564 -0.000933862 -0.00817497
internal_weight=89.9931 80.8827 9.51544 71.3673 9.11035
internal_count=625 569 81 488 56
is_linear=0
shrinkage=0.05


Tree=294
num_leaves=7
num_cat=0
split_feature=6 2 8 3 2 5
split_gain=0.438471 1.49714 1.54195 1.29754 2.65122 1.67642
threshold=6.8607024086908677 0.07853157491525424 0.48383407304515702 -1.0640635656074939 0.070303727951487552 -0.21499999999999997
decision_type=2 2 2 2 2 2
left_child=3 2 -2 5 -5 -1
right_child=1 -3 -4 4 -6 -7
leaf_value=-0.012095450316118691 -0.011730820670614825 -0.0099087506720860318 0.014752309631750456 -0.015913798783440101 0.0072114514794194484 0.016831194728927884
leaf_weight=3.184401959180831 2.9544604029506472 9.0806348891928774 21.518304202705622 25.619665345177054 16.986747553572059 10.580819223076103
leaf_count=17 22 66 146 183 122 69
internal_value=-7.47608e-05 0.00410787 0.0101074 -0.00269618 -0.00690493 0.00869959
internal_weight=89.925 33.5534 24.4728 56.3716 42.6064 13.7652
internal_count=625 234 168 391 305 86
is_linear=0
shrinkage=0.05


Tree=295
num_leaves=7
num_cat=0
split_feature=11 11 11 0 0 13
split_gain=0.423051 0.869029 1.5816 1.47838 0.636234 1.16507
threshold=0.890990001313965 0.13055747565921955 -0.36235669085756556 0.6100000000000001 0.30750000000000005 -0.11825614234851543
decision_type=2 2 2 2 2 10
left_child=1 2 -1 -3 -2 -6
right_child=4 3 -4 -5 5 -7
leaf_value=0.0024100911349657582 0.0058422039252430946 -0.00020753967294891035 -0.016425600371071301 0.021806326042401691 0.0054265759616207157 -0.021803537245020349
leaf_weight=39.561330129392445 3.5317497793585053 20.872034705244008 10.011508937925099 6.9342994038015595 3.7464922852814189 5.2032416351139537
leaf_count=267 26 123 74 74 29 32
internal_value=-9.97406e-05 0.00140445 -0.00255028 0.00776904 -0.00715952 -0.0125453
internal_weight=89.8607 77.3792 49.5728 27.8063 12.4815 8.94973
internal_count=625 538 341 197 87 61
is_linear=0
shrinkage=0.05


Tree=296
num_leaves=7
num_cat=0
split_feature=3 6 3 9 7 12
split_gain=0.419954 1.49216 0.933511 1.3159 0.996933 0.725756
threshold=1.5014066145466833 7.0014959908594472 0.90453403373328711 1.0574549616593394 0.97175604088841916 0.15193795704539123
decision_type=2 2 2 2 2 2
left_child=2 5 4 -4 -1 -2
right_child=1 -3 3 -5 -6 -7
leaf_value=-0.0036537942899980188 -0.023934028920900074 0.011803444813962579 0.015763036416286312 -0.010304075677936352 0.015129136722421561 0.001043342681424006
leaf_weight=59.041174075566232 4.3111317940056306 2.9477282129228115 14.178873904049398 2.6506116595119229 2.9878793805837622 3.6463037580251694
leaf_count=399 29 19 119 18 18 23
internal_value=-0.000102149 -0.00754606 0.0013158 0.0102377 -0.00168798 -0.0165026
internal_weight=89.7637 10.9052 78.8585 16.8295 62.0291 7.95744
internal_count=625 71 554 137 417 52
is_linear=0
shrinkage=0.05


Tree=297
num_leaves=6
num_cat=0
split_feature=0 5 2 5 3
split_gain=0.414686 0.517204 1.31171 0.918536 0.351148
threshold=0.17000000000000001 -0.030000000000000009 0.05812758574149255 0.019999999999999938 -1.507556722888812
decision_type=2 2 2 2 2
left_child=4 2 -2 -3 -1
right_child=1 3 -4 -5 -6
leaf_value=0.0036620486702991224 0.014726874495705597 -0.013036480914653393 -0.0025585793185528604 0.0014236030880236787 -0.01573812173494378
leaf_weight=1.1573296971619131 14.158931208774446 9.7893299646675569 22.858698345720768 39.595206167548895 2.1051643490791312
leaf_count=9 81 70 120 293 52
internal_value=-8.15083e-05 0.000892293 0.00501867 -0.00237779 -0.0108047
internal_weight=89.6647 86.4022 37.0176 49.3845 3.26249
internal_count=625 564 201 363 61
is_linear=0
shrinkage=0.05


Tree=298
num_leaves=6
num_cat=0
split_feature=7 13 7 0 13
split_gain=0.406222 1.19238 0.793281 1.39793 0.989738
threshold=-0.88081796530439671 0.24222738350503673 -0.64302678751009035 0.50000000000000011 0.1529099028002793
decision_type=2 8 2 2 10
left_child=1 -1 3 -2 -4
right_child=2 -3 4 -5 -6
leaf_value=0.018528766699800036 -0.021065824183377824 -0.0073821021845261224 -0.0013288805263121243 0.0066201715011023655 0.0154212117355892
leaf_weight=4.6602378860115987 6.6687367996200901 4.428354162722826 64.345242031849921 4.406223688274622 5.1203003022819749
leaf_count=31 44 32 443 34 41
internal_value=-0.000108146 0.00776452 -0.00139846 -0.0114178 0.000858327
internal_weight=89.6291 9.08859 80.5405 11.075 69.4655
internal_count=625 63 562 78 484
is_linear=0
shrinkage=0.05


Tree=299
num_leaves=6
num_cat=0
split_feature=0 4 3 3 3
split_gain=0.404217 0.505236 1.72997 1.19267 0.341442
threshold=0.17000000000000001 0.012618914885341221 -0.99999999999999811 -0.81649658092772748 -1.507556722888812
decision_type=2 2 2 2 2
left_child=4 2 -2 -3 -1
right_child=1 3 -4 -5 -6
leaf_value=0.0035929751280608293 -0.012970985584579981 0.007276337545762554 0.015268235644597204 -0.0055166664694192907 -0.01556217030321836
leaf_weight=1.1618559621274474 3.4276713430881527 23.142554149031639 12.813922466710208 46.938666025176644 2.074973319657146
leaf_count=9 24 132 92 316 52
internal_value=-7.44943e-05 0.00088607 0.00765818 -0.00108887 -0.0106792
internal_weight=89.5596 86.3228 16.2416 70.0812 3.23683
internal_count=625 564 116 448 61
is_linear=0
shrinkage=0.05


end of trees

feature_importances:
Column_0=252
Column_3=189
Column_2=170
Column_13=154
Column_11=124
Column_6=123
Column_1=113
Column_7=111
Column_8=91
Column_4=88
Column_12=82
Column_5=66
Column_9=63
Column_10=1

parameters:
[boosting: gbdt]
[objective: binary]
[metric: binary_logloss]
[tree_learner: serial]
[device_type: cpu]
[data_sample_strategy: bagging]
[data: ]
[valid: ]
[num_iterations: 300]
[learning_rate: 0.05]
[num_leaves: 7]
[num_threads: 4]
[seed: 42]
[deterministic: 0]
[force_col_wise: 0]
[force_row_wise: 0]
[histogram_pool_size: -1]
[max_depth: 3]
[min_data_in_leaf: 20]
[min_sum_hessian_in_leaf: 0.001]
[bagging_fraction: 0.9]
[pos_bagging_fraction: 1]
[neg_bagging_fraction: 1]
[bagging_freq: 0]
[bagging_seed: 400]
[bagging_by_query: 0]
[feature_fraction: 0.9]
[feature_fraction_bynode: 1]
[feature_fraction_seed: 30056]
[extra_trees: 0]
[extra_seed: 12879]
[early_stopping_round: 0]
[early_stopping_min_delta: 0]
[first_metric_only: 0]
[max_delta_step: 0]
[lambda_l1: 0]
[lambda_l2: 5]
[linear_lambda: 0]
[min_gain_to_split: 0]
[drop_rate: 0.1]
[max_drop: 50]
[skip_drop: 0.5]
[xgboost_dart_mode: 0]
[uniform_drop: 0]
[drop_seed: 17869]
[top_rate: 0.2]
[other_rate: 0.1]
[min_data_per_group: 100]
[max_cat_threshold: 32]
[cat_l2: 10]
[cat_smooth: 10]
[max_cat_to_onehot: 4]
[top_k: 20]
[monotone_constraints: ]
[monotone_constraints_method: basic]
[monotone_penalty: 0]
[feature_contri: ]
[forcedsplits_filename: ]
[refit_decay_rate: 0.9]
[cegb_tradeoff: 1]
[cegb_penalty_split: 0]
[cegb_penalty_feature_lazy: ]
[cegb_penalty_feature_coupled: ]
[path_smooth: 0]
[interaction_constraints: ]
[verbosity: -1]
[saved_feature_importance_type: 0]
[use_quantized_grad: 0]
[num_grad_quant_bins: 4]
[quant_train_renew_leaf: 0]
[stochastic_rounding: 1]
[linear_tree: 0]
[max_bin: 255]
[max_bin_by_feature: ]
[min_data_in_bin: 3]
[bin_construct_sample_cnt: 200000]
[data_random_seed: 175]
[is_enable_sparse: 1]
[enable_bundle: 1]
[use_missing: 1]
[zero_as_missing: 0]
[feature_pre_filter: 1]
[pre_partition: 0]
[two_round: 0]
[header: 0]
[label_column: ]
[weight_column: ]
[group_column: ]
[ignore_column: ]
[categorical_feature: ]
[forcedbins_filename: ]
[precise_float_parser: 0]
[parser_config_file: ]
[objective_seed: 16083]
[num_class: 1]
[is_unbalance: 0]
[scale_pos_weight: 1]
[sigmoid: 1]
[boost_from_average: 1]
[reg_sqrt: 0]
[alpha: 0.9]
[fair_c: 1]
[poisson_max_delta_step: 0.7]
[tweedie_variance_power: 1.5]
[lambdarank_truncation_level: 30]
[lambdarank_norm: 1]
[label_gain: ]
[lambdarank_position_bias_regularization: 0]
[eval_at: ]
[multi_error_top_k: 1]
[auc_mu_weights: ]
[num_machines: 1]
[local_listen_port: 12400]
[time_out: 120]
[machine_list_filename: ]
[machines: ]
[gpu_platform_id: -1]
[gpu_device_id: -1]
[gpu_use_dp: 0]
[num_gpu: 1]

end of parameters

pandas_categorical:null
