tree
version=v4
num_class=1
num_tree_per_iteration=1
label_index=0
max_feature_idx=13
objective=binary sigmoid:1
feature_names=Column_0 Column_1 Column_2 Column_3 Column_4 Column_5 Column_6 Column_7 Column_8 Column_9 Column_10 Column_11 Column_12 Column_13
feature_infos=[0.025000000000000001:0.98499999999999999] [-2.9340032957170976:2.6941497563884047] [0:0.21117191193169815] [-1.7320508075688898:1.7320508075688819] [0:0.15627610892974725] [-0.51000000000000001:0.45000000000000012] [3.4949912609485163:8.7643922743790643] [-0.99603447129921141:0.99855074564064394] [0:0.85987989971788781] [-2.8339639794320037:2.3127985358767318] [0.0099999999999998979:0.069999999999999951] [-0.9999625550315927:0.9999625550315927] [-0.99996064326444534:0.99996380310153576] [-0.67240425809473159:0.52131055925718117]
tree_sizes=868 884 876 882 874 879 877 878 876 880 882 880 887 878 771 880 769 886 883 887 883 882 886 884 884 881 884 885 878 880 881 880 886 883 777 880 883 882 880 776 777 879 679 784 783 872 882 676 677 782 777 678 772 679 782 678 775 676 679 776 678 774 679 784 672 677 773 882 677 781 675 777 678 886 778 674 890 778 682 879 781 572 887 777 673 779 676 887 780 671 779 681 779 878 672 783 880 680 779 890 885 782 681 888 888 783 782 879 882 677 780 676 677 890 884 883 674 676 885 882 888 676 781 674 778 884 677 780 779 889 780 677 783 885 886 889 780 783 786 777 680 679 882 781 780 892 892 675 886 887 886 675 890 777 883 682 679 781 888 780 785 884 678 886 681 774 888 890 887 888 680 889 886 778 680 780 782 889 884 888 577 779 786 775 884 776 888 890 890 883 887 780 778 884 889 784 883 782 890 886 677 889 887 682 782 781 778 884 890 892 678 888 581 892 782 888 891 680 781 887 678 885 889 681 678 779 890 890 886 892 883 890 885 888 893 894 893 883 681 884 891 889 891 892 679 575 776 892 889 890 786 893 890 895 888 787 781 887 782 893 789 781 777 783 884 678 892 681 680 891 785 576 776 892 779 888 679 893 677 891 781 680 678 782 790 891 890 787 787 890 889 789 680 888 898 885 580 782 785 679

Tree=0
num_leaves=7
num_cat=0
split_feature=0 3 4 0 5 13
split_gain=116.448 10.5778 7.80765 6.13755 8.80417 6.61587
threshold=0.55750000000000022 -1.0349702083187962 0.026925824035672504 0.66000000000000014 0.29500000000000004 0.03425498380973703
decision_type=2 2 2 2 2 10
left_child=1 -1 -3 5 -5 -2
right_child=3 2 -4 4 -6 -7
leaf_value=-0.2055778996425659 -0.1103420998108301 -0.18078653982966944 -0.1463021258110129 -0.077579066057666193 -0.14637551689449751 -0.16328392615278775
leaf_weight=26.11252449452877 11.937154054641725 35.314080744981766 28.350740879774094 39.293132096529007 4.9738141894340506 5.2225048989057532
leaf_count=105 48 142 114 158 20 21
internal_value=-0.14499 -0.180567 -0.166644 -0.0942294 -0.0846651 -0.126947
internal_weight=151.204 89.7773 63.6648 61.4266 44.2669 17.1597
internal_count=608 361 256 247 178 69
is_linear=0
shrinkage=1


Tree=1
num_leaves=7
num_cat=0
split_feature=0 3 0 0 5 13
split_gain=106.507 9.83172 7.58121 5.51509 8.00241 6.19995
threshold=0.55750000000000022 -1.0349702083187962 0.38000000000000006 0.66000000000000014 0.29500000000000004 0.03425498380973703
decision_type=2 2 2 2 2 10
left_child=1 -1 -3 5 -5 -2
right_child=3 2 -4 4 -6 -7
leaf_value=-0.058309893648818417 0.033373805710887189 -0.034168916816440791 -0.00013038299041650167 0.064201204999797201 -0.0013507356636445738 -0.017839457278735579
leaf_weight=25.974595248699188 11.963547706604006 36.490470737218857 27.069070875644684 39.440627157688141 4.9733132123947135 5.2151615023612967
leaf_count=105 48 147 109 158 20 21
internal_value=-2.82805e-05 -0.0341463 -0.0207391 0.0484074 0.057467 0.0173096
internal_weight=151.127 89.5341 63.5595 61.5926 44.4139 17.1787
internal_count=608 361 256 247 178 69
is_linear=0
shrinkage=0.05


Tree=2
num_leaves=7
num_cat=0
split_feature=0 3 0 0 5 13
split_gain=97.52 9.19319 7.94261 4.98149 7.30134 5.8129
threshold=0.55750000000000022 -1.0895960119520993 0.38000000000000006 0.66000000000000014 0.29500000000000004 0.03425498380973703
decision_type=2 2 2 2 2 10
left_child=1 -1 -3 5 -5 -2
right_child=3 2 -4 4 -6 -7
leaf_value=-0.056808148759113802 0.032160539672358747 -0.03373307395383264 0.00075120638637545152 0.061270319683361919 -0.001317126400615649 -0.01739802050957532
leaf_weight=24.815469905734062 11.982245206832888 37.112929582595825 27.314482226967812 39.49823185801506 4.9728199839591971 5.2071769237518302
leaf_count=101 48 150 110 158 20 21
internal_value=-5.27663e-05 -0.0327885 -0.020112 0.0462322 0.0548459 0.0166103
internal_weight=150.903 89.2429 64.4274 61.6605 44.4711 17.1894
internal_count=608 361 260 247 178 69
is_linear=0
shrinkage=0.05


Tree=3
num_leaves=7
num_cat=0
split_feature=0 3 0 0 2 13
split_gain=89.3896 8.61096 7.29703 4.52013 5.45936 5.45236
threshold=0.55750000000000022 -1.0895960119520993 0.38000000000000006 0.66000000000000014 0.099685640987336441 0.03425498380973703
decision_type=2 2 2 2 2 10
left_child=1 -1 -3 5 -5 -2
right_child=3 2 -4 4 -6 -7
leaf_value=-0.054828095703973546 0.031003932017426877 -0.032354463389408616 0.00071941907776913695 0.058307327979878289 0.0027320687026830288 -0.016968841732012834
leaf_weight=24.611753776669502 11.993978977203371 36.976107314229012 27.316151306033134 38.973924681544304 5.4757683128118506 5.1986112445592871
leaf_count=101 48 150 110 156 22 21
internal_value=-7.7003e-05 -0.0315047 -0.0192643 0.0442128 0.0524295 0.0159432
internal_weight=150.546 88.904 64.2923 61.6423 44.4497 17.1926
internal_count=608 361 260 247 178 69
is_linear=0
shrinkage=0.05


Tree=4
num_leaves=7
num_cat=0
split_feature=0 0 2 0 5 13
split_gain=82.0403 8.11991 7.86643 4.1218 6.28544 5.11623
threshold=0.55750000000000022 0.20000000000000004 0.10108710226170109 0.66000000000000014 0.29500000000000004 0.03425498380973703
decision_type=2 2 2 2 2 10
left_child=1 -1 -3 5 -5 -2
right_child=3 2 -4 4 -6 -7
leaf_value=-0.055554894777385136 0.029899958760614239 -0.025532295546032487 0.019117382023742292 0.056180063072942134 -0.001560168646441601 -0.016551484518062414
leaf_weight=20.44897323846817 11.999428510665895 60.203613728284836 7.8714274019002906 39.391552731394768 4.9757943898439398 5.1895214170217505
leaf_count=84 48 245 32 158 20 21
internal_value=-9.38749e-05 -0.0302868 -0.0194147 0.0423399 0.0502023 0.0153063
internal_weight=150.08 88.524 68.075 61.5563 44.3673 17.1889
internal_count=608 361 277 247 178 69
is_linear=0
shrinkage=0.05


Tree=5
num_leaves=7
num_cat=0
split_feature=0 3 0 0 5 13
split_gain=75.1928 8.19173 6.63185 3.76765 5.78655 4.80259
threshold=0.55750000000000022 -1.0349702083187962 0.20000000000000004 0.66000000000000014 0.29500000000000004 0.03425498380973703
decision_type=2 2 2 2 2 10
left_child=1 -1 -3 5 -5 -2
right_child=3 2 -4 4 -6 -7
leaf_value=-0.051278757692374381 0.028844997126013079 -0.045820329908660688 -0.00767252882915548 0.053869094098394577 -0.0015213427830702551 -0.016145533637796774
leaf_weight=25.187514245510101 11.999222517013552 10.703535333275793 52.254920780658722 39.245409205555916 4.975256919860839 5.1799600124359122
leaf_count=105 48 44 212 158 20 21
internal_value=-8.11634e-05 -0.0290599 -0.0170521 0.0405764 0.0481156 0.0146976
internal_weight=149.546 88.146 62.9585 61.3998 44.2207 17.1792
internal_count=608 361 256 247 178 69
is_linear=0
shrinkage=0.05


Tree=6
num_leaves=7
num_cat=0
split_feature=0 3 4 0 5 8
split_gain=69.2185 7.66643 6.92678 3.45475 5.3391 2.22385
threshold=0.55750000000000022 -1.0895960119520993 0.026925824035672504 0.66000000000000014 0.29500000000000004 0.57909922796397917
decision_type=2 2 2 2 2 2
left_child=1 -1 -3 5 -5 -2
right_child=3 2 -4 4 -6 -7
leaf_value=-0.050171760462500992 -0.0085939445815344552 -0.030141793136828327 0.0017291610247547355 0.051716184539974154 -0.0014834854828847173 0.023182137722073781
leaf_weight=23.949492171406746 4.9716852158308056 34.950485035777092 28.84001237154007 39.048252731561661 4.9747269898653022 12.192234784364699
leaf_count=101 20 143 117 158 20 49
internal_value=-0.000143215 -0.028015 -0.0166544 0.0389211 0.0461663 0.0141156
internal_weight=148.927 87.74 63.7905 61.1869 44.023 17.1639
internal_count=608 361 260 247 178 69
is_linear=0
shrinkage=0.05


Tree=7
num_leaves=7
num_cat=0
split_feature=0 0 3 0 5 13
split_gain=63.6493 7.33453 6.54789 3.17569 4.93581 4.49225
threshold=0.55750000000000022 0.20000000000000004 -1.0088462938727589 0.66000000000000014 0.29500000000000004 0.03425498380973703
decision_type=2 2 2 2 2 10
left_child=1 -1 -3 5 -5 -2
right_child=3 2 -4 4 -6 -7
leaf_value=-0.051095084570626108 0.027329904482818287 -0.040454482779590045 -0.0064787051342442368 0.049702365232753898 -0.001446569938780835 -0.016059253723228771
leaf_weight=19.889135241508484 11.988782852888109 16.046979814767838 51.364103898406029 38.807505637407303 4.974204644560813 5.1775391250848761
leaf_count=84 48 68 209 158 20 21
internal_value=-0.000160244 -0.026959 -0.0168014 0.0373592 0.0443385 0.0135728
internal_weight=148.248 87.3002 67.4111 60.948 43.7817 17.1663
internal_count=608 361 277 247 178 69
is_linear=0
shrinkage=0.05


Tree=8
num_leaves=7
num_cat=0
split_feature=0 0 2 13 0 4
split_gain=58.6628 6.9053 7.10945 3.01608 4.36829 3.32392
threshold=0.55750000000000022 0.20000000000000004 0.10108710226170109 0.022804783380618848 0.68000000000000016 0.053121315258830758
decision_type=2 2 2 10 2 2
left_child=1 -1 -3 5 -5 -2
right_child=3 2 -4 4 -6 -7
leaf_value=-0.049546932739214143 0.047601969099763261 -0.022124297991323552 0.02001828627532817 -0.012863074632230527 0.02868002576283173 0.0035073941671756358
leaf_weight=19.647434964776039 37.562761440873146 59.38419246673584 7.8271266967058173 6.8847618401050594 10.521138846874235 5.6791078001260749
leaf_count=84 153 245 32 28 43 23
internal_value=-0.000216932 -0.026006 -0.0161703 0.0358854 0.0130444 0.0427746
internal_weight=147.507 86.8588 67.2113 60.6478 17.4059 43.2419
internal_count=608 361 277 247 71 176
is_linear=0
shrinkage=0.05


Tree=9
num_leaves=7
num_cat=0
split_feature=0 3 4 0 5 13
split_gain=53.9172 6.96669 6.18301 2.89275 4.54823 3.9067
threshold=0.55750000000000022 -1.0895960119520993 0.026925824035672504 0.66000000000000014 0.29500000000000004 0.03425498380973703
decision_type=2 2 2 2 2 10
left_child=1 -1 -3 5 -5 -2
right_child=3 2 -4 4 -6 -7
leaf_value=-0.046294977711552471 0.025049407770160244 -0.027195214248308563 0.0028434882651928732 0.046374716465142185 -0.002081306899507951 -0.015352919749782713
leaf_weight=23.18668395280838 11.95074535906315 34.485306069254875 28.733267918229103 38.281539767980576 4.9819378405809394 5.1589502692222586
leaf_count=101 48 143 117 158 20 21
internal_value=-0.000182917 -0.0249744 -0.0143347 0.0344947 0.0411573 0.0121502
internal_weight=146.778 86.4053 63.2186 60.3732 43.2635 17.1097
internal_count=608 361 260 247 178 69
is_linear=0
shrinkage=0.05


Tree=10
num_leaves=7
num_cat=0
split_feature=0 1 13 2 1 0
split_gain=49.6394 6.78217 5.56189 2.8785 2.72872 3.03529
threshold=0.55750000000000022 -0.64842058023127447 0.22172813105464143 0.087988547104312267 1.7321827605746827 0.66000000000000014
decision_type=2 2 8 2 2 2
left_child=1 3 -3 -1 5 -2
right_child=4 2 -4 -5 -6 -7
leaf_value=-0.045305628063021283 0.01249348300931459 0.0016375616292689792 -0.034892138137424637 -0.010637495064238441 0.0037837077619010473 0.044528064872007875
leaf_weight=29.529114663600922 15.102791562676428 34.999867811799049 9.593557193875311 11.802240714430807 8.2526005506515485 36.656022921204567
leaf_count=127 61 144 40 50 34 152
internal_value=-0.000202968 -0.0240506 -0.00894671 -0.0376224 0.0331659 0.0371047
internal_weight=145.936 85.9248 44.5934 41.3314 60.0114 51.7588
internal_count=608 361 184 177 247 213
is_linear=0
shrinkage=0.05


Tree=11
num_leaves=7
num_cat=0
split_feature=0 0 2 13 0 4
split_gain=45.8234 6.52347 6.3607 2.79109 3.73239 3.01903
threshold=0.55750000000000022 0.20000000000000004 0.10108710226170109 0.022804783380618848 0.68000000000000016 0.053121315258830758
decision_type=2 2 2 10 2 2
left_child=1 -1 -3 5 -5 -2
right_child=3 2 -4 4 -6 -7
leaf_value=-0.046235058254470614 0.043102943885172204 -0.019590828720185898 0.020090914210660522 -0.012883742716033063 0.025380221317818426 0.0021398166783560104
leaf_weight=19.022163987159729 36.864115923643112 58.653066083788872 7.8153032958507529 6.8603956848382976 10.344115003943442 5.6439018547534934
leaf_count=84 153 245 32 28 43 23
internal_value=-0.000241925 -0.0232092 -0.0138459 0.0318929 0.0106569 0.0384618
internal_weight=145.203 85.4905 66.4684 59.7125 17.2045 42.508
internal_count=608 361 277 247 71 176
is_linear=0
shrinkage=0.05


Tree=12
num_leaves=7
num_cat=0
split_feature=0 1 6 5 13 2
split_gain=42.1491 6.33239 5.38875 2.72588 4.5354 2.60386
threshold=0.55750000000000022 -0.64842058023127447 6.9145670252655913 0.29500000000000004 0.022804783380618848 0.087988547104312267
decision_type=2 2 2 2 10 2
left_child=1 5 -3 4 -2 -1
right_child=3 2 -4 -5 -6 -7
leaf_value=-0.042897401770957057 0.042155896836192516 -0.019208198863985022 0.013787363898808578 -0.0012031976588267599 0.0072833692696781987 -0.0098998780126876781
leaf_weight=28.928335160017014 38.727247640490532 29.422214865684509 14.948192432522772 5.7316471934318534 14.908535987138746 11.714758545160292
leaf_count=127 162 122 62 23 62 50
internal_value=-0.000211653 -0.0222974 -0.0078216 0.0306902 0.0339104 -0.0355127
internal_weight=144.381 85.0135 44.3704 59.3674 53.6358 40.6431
internal_count=608 361 184 247 224 177
is_linear=0
shrinkage=0.05


Tree=13
num_leaves=7
num_cat=0
split_feature=0 3 6 0 5 13
split_gain=38.7894 6.44618 6.39279 2.58362 4.06329 3.21191
threshold=0.55750000000000022 -1.0349702083187962 6.7615901259969942 0.66000000000000014 0.29500000000000004 0.03425498380973703
decision_type=2 2 2 2 2 10
left_child=1 -1 -3 5 -5 -2
right_child=3 2 -4 4 -6 -7
leaf_value=-0.041711220505994046 0.021292166955531537 -0.025911819889270101 0.0045511779032370242 0.04089558293012991 -0.0035526861868010319 -0.015096735775772427
leaf_weight=23.1077681183815 11.827274262905123 30.271948546171188 31.176518842577934 37.04750844836235 4.9924600869417182 5.1516737341880789
leaf_count=105 48 126 130 158 20 21
internal_value=-0.000219651 -0.0214583 -0.0112766 0.0295083 0.0358006 0.00932856
internal_weight=143.575 84.5562 61.4485 59.0189 42.04 16.9789
internal_count=608 361 256 247 178 69
is_linear=0
shrinkage=0.05


Tree=14
num_leaves=6
num_cat=0
split_feature=0 0 2 1 0
split_gain=35.7422 6.35276 5.74218 2.53601 2.8085
threshold=0.55750000000000022 0.20000000000000004 0.10108710226170109 1.7321827605746827 0.66000000000000014
decision_type=2 2 2 2 2
left_child=1 -1 -3 4 -2
right_child=3 2 -4 -5 -6
leaf_value=-0.043544483988057603 0.0096817255845419031 -0.017215925411678171 0.020322912222181608 0.0013986534982594937 0.0393625324226239
leaf_weight=18.409416645765305 14.972927182912825 57.886678829789162 7.8008303195238105 8.114779978990553 35.500664785504341
leaf_count=84 61 245 32 34 152
internal_value=-0.000243281 -0.0206725 -0.0116358 0.0284002 0.032224
internal_weight=142.685 84.0969 65.6875 58.5884 50.4736
internal_count=608 361 277 247 213
is_linear=0
shrinkage=0.05


Tree=15
num_leaves=7
num_cat=0
split_feature=0 3 6 5 13 3
split_gain=32.8836 6.15978 5.7241 2.39991 4.20886 0.240037
threshold=0.55750000000000022 -1.0895960119520993 6.7615901259969942 0.29500000000000004 0.022804783380618848 -1.4142135623730956
decision_type=2 2 2 2 10 2
left_child=1 5 -3 4 -2 -1
right_child=3 2 -4 -5 -6 -7
leaf_value=-0.018754741968842359 0.038424032065297264 -0.023983586361499956 0.0046934455242241416 -0.001927894701485083 0.0053364567886165469 -0.049449899630940278
leaf_weight=10.959285423159601 37.786287799477577 30.697163298726082 31.28504042327404 5.7309640347957602 14.72070851922035 10.674930244684218
leaf_count=51 162 129 131 23 62 50
internal_value=-0.000215914 -0.019864 -0.0102392 0.0273344 0.0304182 -0.0403404
internal_weight=141.854 83.6164 61.9822 58.238 52.507 21.6342
internal_count=608 361 260 247 224 101
is_linear=0
shrinkage=0.05


Tree=16
num_leaves=6
num_cat=0
split_feature=0 0 2 1 0
split_gain=30.4023 6.11388 5.3266 2.36518 2.74375
threshold=0.55750000000000022 0.20000000000000004 0.10108710226170109 1.7321827605746827 0.66000000000000014
decision_type=2 2 2 2 2
left_child=1 -1 -3 4 -2
right_child=3 2 -4 -5 -6
leaf_value=-0.041816008054197176 0.0083232013718774339 -0.015892706000050955 0.020185236102119666 0.00062709487651201891 0.0370874431252926
leaf_weight=17.971455514431 14.91167640686035 57.438386410474777 7.7998648434877387 8.0689597874879819 34.879504948854446
leaf_count=84 61 245 32 34 152
internal_value=-0.000284576 -0.0192101 -0.0104494 0.0262957 0.0300187
internal_weight=141.07 83.2097 65.2383 57.8601 49.7912
internal_count=608 361 277 247 213
is_linear=0
shrinkage=0.05


Tree=17
num_leaves=7
num_cat=0
split_feature=0 13 10 5 13 2
split_gain=27.976 6.16527 8.04602 2.28219 3.99173 0.941311
threshold=0.55750000000000022 0.22172813105464143 0.010000000000000007 0.29500000000000004 0.045824469949021715 0.088879979519565291
decision_type=2 8 2 2 10 2
left_child=1 2 -1 4 -2 -3
right_child=3 5 -4 -5 -6 -7
leaf_value=-0.038086621941904514 0.035164438220429937 -0.044404222986881063 0.0011470754659507064 -0.0026328155735569378 0.0017200603499573923 -0.0077933447488015527
leaf_weight=12.630585730075834 39.974502399563789 16.072783038020138 49.43175582587719 5.7296311855316153 11.793963730335234 4.5971812307834616
leaf_count=57 174 72 212 23 50 20
internal_value=-0.000257702 -0.0184603 -0.00908188 0.025315 0.0283677 -0.0393656
internal_weight=140.23 82.7323 62.0623 57.4981 51.7685 20.67
internal_count=608 361 269 247 224 92
is_linear=0
shrinkage=0.05


Tree=18
num_leaves=7
num_cat=0
split_feature=0 3 0 0 5 13
split_gain=25.8752 5.9863 5.58267 2.27318 3.5409 2.69886
threshold=0.55750000000000022 -1.0895960119520993 0.38000000000000006 0.66000000000000014 0.29500000000000004 0.03425498380973703
decision_type=2 2 2 2 2 10
left_child=1 -1 -3 5 -5 -2
right_child=3 2 -4 4 -6 -7
leaf_value=-0.038254166460030534 0.017733611682705926 -0.020597620093060136 0.0078856848480694484 0.035287152697879673 -0.0049820570743826023 -0.015368496842799773
leaf_weight=20.97902537882328 11.643213242292406 34.684539809823036 26.696252718567848 35.317924484610558 4.9933283329010001 5.1592288613319388
leaf_count=101 48 150 110 158 20 21
internal_value=-0.000341493 -0.0178717 -0.00854856 0.0243413 0.0302997 0.00637599
internal_weight=139.474 82.3598 61.3808 57.1137 40.3113 16.8024
internal_count=608 361 260 247 178 69
is_linear=0
shrinkage=0.05


Tree=19
num_leaves=7
num_cat=0
split_feature=0 13 10 1 0 2
split_gain=23.8455 5.82194 7.55936 2.2465 2.53955 0.923118
threshold=0.55750000000000022 0.22172813105464143 0.010000000000000007 1.7321827605746827 0.66000000000000014 0.088879979519565291
decision_type=2 8 2 2 2 2
left_child=1 2 -1 4 -2 -3
right_child=3 5 -4 -5 -6 -7
leaf_value=-0.036535105975843411 0.0067776197350581345 -0.042656421038144265 0.0016742628555089464 -0.00083295356515690174 0.033981890761788529 -0.0071784382157050255
leaf_weight=12.372083306312559 14.804502591490744 15.719878777861597 49.225159764289856 7.9664306640624991 33.886723563075066 4.5594444423913947
leaf_count=57 61 72 212 34 152 20
internal_value=-0.000358731 -0.017224 -0.00816706 0.0234338 0.0271119 -0.0376773
internal_weight=138.534 81.8766 61.5972 56.6577 48.6912 20.2793
internal_count=608 361 269 247 213 92
is_linear=0
shrinkage=0.05


Tree=20
num_leaves=7
num_cat=0
split_feature=1 6 7 6 12 2
split_gain=19.4902 5.54022 5.44859 4.61265 3.24143 2.96732
threshold=-0.41013276368928819 6.9548342490977371 -0.7490612237765365 6.2025114283583864 -0.91173217043751753 0.087988547104312267
decision_type=2 2 2 2 2 2
left_child=4 3 -3 -2 -1 -6
right_child=1 2 -4 -5 5 -7
leaf_value=0.0068362839118368051 0.023859493335176965 -0.010100136597765564 0.03808110161329574 -0.0047077706122723188 -0.035022723112261789 -0.0033923032847341093
leaf_weight=5.5309334546327582 14.981284052133558 5.0892220288515118 24.213745102286339 44.234462425112724 33.108972430229187 10.638110667467116
leaf_count=25 64 22 105 191 154 47
internal_value=-0.000421501 0.0134256 0.0294607 0.00381462 -0.0242407 -0.0284679
internal_weight=137.797 88.5187 29.303 59.2157 49.278 43.7471
internal_count=608 382 127 255 226 201
is_linear=0
shrinkage=0.05


Tree=21
num_leaves=7
num_cat=0
split_feature=0 3 6 1 11 3
split_gain=21.4155 5.45483 5.46402 2.06983 2.40557 0.716682
threshold=0.55750000000000022 -1.0895960119520993 6.7615901259969942 1.7321827605746827 -0.7372506496572232 -1.4142135623730956
decision_type=2 2 2 2 2 2
left_child=1 5 -3 4 -2 -1
right_child=3 2 -4 -5 -6 -7
leaf_value=-0.014968840744229515 0.005228759901512732 -0.021225087045661461 0.006804790462407416 -0.00094964268347288126 0.032073759498292435 -0.045914208210145586
leaf_weight=10.391327962279322 13.369730293750761 30.08598493039608 30.833573371171951 7.9521799981594077 34.850781798362732 9.9007332473993284
leaf_count=51 59 129 131 34 154 50
internal_value=-0.000375698 -0.0164178 -0.0075981 0.0222635 0.0258212 -0.0361594
internal_weight=137.384 81.2116 60.9196 56.1727 48.2205 20.2921
internal_count=608 361 260 247 213 101
is_linear=0
shrinkage=0.05


Tree=22
num_leaves=7
num_cat=0
split_feature=0 13 10 13 5 2
split_gain=19.8185 5.46341 7.00588 2.05002 3.12357 3.01537
threshold=0.55750000000000022 0.22172813105464143 0.010000000000000007 0.022804783380618848 0.11250000000000006 0.074871917087563009
decision_type=2 8 2 10 2 2
left_child=1 2 -1 4 -2 -5
right_child=3 -3 -4 5 -6 -7
leaf_value=-0.034795386331287655 0.03853585706342974 -0.035876031733390719 0.0022167443746602751 -0.0097634615181653901 0.0084419265101099341 0.02489053983090634
leaf_weight=12.056260526180266 21.052300825715065 19.806673258543015 48.966642454266548 11.135164558887483 18.192605882883072 5.4835211038589469
leaf_count=57 95 92 212 48 81 23
internal_value=-0.000428182 -0.0158898 -0.00717704 0.0214109 0.0271158 0.00478315
internal_weight=136.693 80.8296 61.0229 55.8636 39.2449 16.6187
internal_count=608 361 269 247 176 71
is_linear=0
shrinkage=0.05


Tree=23
num_leaves=7
num_cat=0
split_feature=0 0 3 0 5 13
split_gain=18.4437 5.37301 4.96309 2.07657 3.42091 2.38968
threshold=0.55750000000000022 0.20000000000000004 -1.0349702083187962 0.66000000000000014 0.29500000000000004 0.03425498380973703
decision_type=2 2 2 2 2 10
left_child=1 -1 -3 5 -5 -2
right_child=3 2 -4 4 -6 -7
leaf_value=-0.037136792436486273 0.015268408478640036 -0.029682224726800318 0.00062605224522767258 0.031589182335145148 -0.0067815633627065471 -0.015744020766751594
leaf_weight=16.631966680288315 11.472497373819353 13.343725606799124 50.48059555888176 33.938765347003937 4.9805348813533774 5.1677492558956137
leaf_count=84 48 65 212 158 20 21
internal_value=-0.000420541 -0.0153656 -0.00740652 0.0207034 0.0264658 0.00422489
internal_weight=136.016 80.4563 63.8243 55.5595 38.9193 16.6402
internal_count=608 361 277 247 178 69
is_linear=0
shrinkage=0.05


Tree=24
num_leaves=7
num_cat=0
split_feature=0 13 9 1 8 2
split_gain=17.0698 5.31407 5.3282 2.03855 2.40804 0.956878
threshold=0.56750000000000012 0.22172813105464143 -0.28326362336813443 1.7321827605746827 0.50277208735007217 0.088879979519565291
decision_type=2 8 2 2 2 2
left_child=1 2 -1 4 -2 -3
right_child=3 5 -4 -5 -6 -7
leaf_value=0.011960601459554207 -0.0020040955127302311 -0.039354967419677651 -0.016189554821033843 -0.0018703145841184544 0.028746363867326083 -0.0056478346862939574
leaf_weight=22.074215486645699 6.7368755936622611 14.949056908488275 40.93071348965168 7.8791373968124381 38.102561518549919 4.4585514664649954
leaf_count=97 31 72 182 34 172 20
internal_value=-0.000477101 -0.0143948 -0.0061727 0.0206421 0.0243887 -0.0343546
internal_weight=135.131 82.4125 63.0049 52.7186 44.8394 19.4076
internal_count=608 371 279 237 203 92
is_linear=0
shrinkage=0.05


Tree=25
num_leaves=7
num_cat=0
split_feature=0 9 8 6 10 3
split_gain=15.9313 6.37175 3.98627 3.58301 5.71633 1.5244
threshold=0.38000000000000006 -1.4337062485320855 0.64998068002526244 7.0536245558050004 0.010000000000000007 -1.4142135623730956
decision_type=2 2 2 2 2 2
left_child=3 -2 -3 5 -5 -1
right_child=1 2 -4 4 -6 -7
leaf_value=-0.0025359975609455152 -0.024672316533444944 0.024161577616451102 0.0014694179384149169 -0.028154933973911851 0.023775051126080735 -0.033435335307859124
leaf_weight=5.4788929671049109 6.2989299148321143 50.195705741643906 30.853629678487778 4.4188050031661987 7.1311250030994398 30.108966439962387
leaf_count=28 28 222 137 22 32 139
internal_value=-0.000499646 0.011993 0.0161105 -0.0225791 0.00140377 -0.0295767
internal_weight=134.486 87.3483 81.0493 47.1378 11.5499 35.5879
internal_count=608 387 359 221 54 167
is_linear=0
shrinkage=0.05


Tree=26
num_leaves=7
num_cat=0
split_feature=0 1 9 2 5 1
split_gain=15.2141 6.37013 4.97552 3.956 3.26459 1.3774
threshold=0.66000000000000014 -0.41013276368928819 -0.84036350822042627 0.087988547104312267 0.29500000000000004 0.30547261500794226
decision_type=2 2 2 2 2 2
left_child=1 3 -3 -1 5 -2
right_child=4 2 -4 -5 -6 -7
leaf_value=-0.031872152680126942 0.0042087643236487808 -0.022171409866429247 0.0097113994938070707 0.00097084578834752899 -0.0075091820827247538 0.033801008190906458
leaf_weight=32.682226538658142 6.2651910185813895 11.866246387362478 39.647640541195869 11.734739676117895 4.9705591797828665 26.840530335903168
leaf_count=159 30 51 167 53 20 128
internal_value=-0.000549183 -0.0111475 0.00105536 -0.0239749 0.0243471 0.0294878
internal_weight=134.007 95.9309 51.5139 44.417 38.0763 33.1057
internal_count=608 430 218 212 178 158
is_linear=0
shrinkage=0.05


Tree=27
num_leaves=7
num_cat=0
split_feature=0 0 2 5 8 5
split_gain=14.0715 6.01143 6.22517 3.44419 1.73505 0.603653
threshold=0.66000000000000014 0.20000000000000004 0.11837293174009798 0.31500000000000011 0.67376182764530723 -0.074999999999999997
decision_type=2 2 2 2 2 2
left_child=1 5 -3 4 -2 -1
right_child=3 2 -4 -5 -6 -7
leaf_value=-0.039186389952305167 0.035239942441611292 -0.0088587700204164552 0.031695995051096909 -0.010080732872858295 0.0069899900679867974 -0.0060277502401216215
leaf_weight=12.147049665451048 23.083613947033882 73.831985831260681 5.8187017738819113 4.2256832867860785 10.395360574126242 3.7391692101955405
leaf_count=64 112 322 24 17 49 20
internal_value=-0.000548147 -0.0107429 -0.00419896 0.0235168 0.0285163 -0.0346931
internal_weight=133.242 95.5369 79.6507 37.7047 33.479 15.8862
internal_count=608 430 346 178 161 84
is_linear=0
shrinkage=0.05


Tree=28
num_leaves=7
num_cat=0
split_feature=0 13 9 6 0 3
split_gain=13.125 5.8452 4.54407 3.3819 5.38025 1.51595
threshold=0.38000000000000006 0.23825235550430438 -1.4337062485320855 7.0536245558050004 0.24000000000000002 -1.4142135623730956
decision_type=2 10 2 2 2 2
left_child=3 2 -2 5 -5 -1
right_child=1 -3 -4 4 -6 -7
leaf_value=-0.0014834662257677837 -0.019647985945805382 -0.026876537162954107 0.017792692839025178 -0.021900999817290327 0.028377894399824383 -0.031513030345722337
leaf_weight=5.3678367137908927 4.8850733339786521 4.8522755801677695 76.603797495365143 6.3193078488111478 5.0690063387155533 29.426824301481247
leaf_count=28 22 22 343 32 22 139
internal_value=-0.000505412 0.0108706 0.0145421 -0.0207577 0.00230854 -0.0276488
internal_weight=132.524 86.3411 81.4889 46.183 11.3883 34.7947
internal_count=608 387 365 221 54 167
is_linear=0
shrinkage=0.05


Tree=29
num_leaves=7
num_cat=0
split_feature=0 3 4 5 4 3
split_gain=12.4217 5.75509 6.38342 3.27653 2.58224 1.25384
threshold=0.66000000000000014 -1.0349702083187962 0.026925824035672504 0.31500000000000011 0.051863611164593981 1.2999449295862717
decision_type=2 2 2 2 2 2
left_child=1 4 -3 5 -1 -2
right_child=3 2 -4 -5 -6 -7
leaf_value=-0.038897408919319337 0.03156594726050601 -0.015859857390761352 0.011982144441834708 -0.010258923065204713 -0.0020513151847861436 0.0042912705178707192
leaf_weight=15.214476183056833 26.016895651817322 37.918565928936005 34.721600279211998 4.22424192726612 6.9778334349393836 6.894960641860961
leaf_count=80 128 169 146 17 35 33
internal_value=-0.000584821 -0.010173 -0.00263694 0.0222017 -0.0298195 0.0271715
internal_weight=131.969 94.8325 72.6402 37.1361 22.1923 32.9119
internal_count=608 430 315 178 115 161
is_linear=0
shrinkage=0.05


Tree=30
num_leaves=7
num_cat=0
split_feature=1 6 0 7 2 0
split_gain=11.5202 4.81379 5.93537 4.90675 2.93557 5.84667
threshold=-0.41013276368928819 6.9548342490977371 0.38000000000000006 -0.7490612237765365 0.075470739835541339 0.24000000000000002
decision_type=2 2 2 2 2 2
left_child=4 2 -2 -3 -1 -6
right_child=1 3 -4 -5 5 -7
leaf_value=-0.02758872281076637 -0.025863510185861707 -0.011496272295704098 0.0093535028308330669 0.03381181166188247 -0.027194989756704604 0.020619714046238597
leaf_weight=30.242670461535454 10.594822585582731 4.9155766814947155 46.499720737338066 23.185171902179718 6.6783300936222068 9.1407840698957425
leaf_count=152 48 22 207 105 34 40
internal_value=-0.000594082 0.0101709 0.00126204 0.0253468 -0.0195511 -0.00124948
internal_weight=131.257 85.1953 57.0945 28.1007 46.0618 15.8191
internal_count=608 382 255 127 226 74
is_linear=0
shrinkage=0.05


Tree=31
num_leaves=7
num_cat=0
split_feature=0 3 4 5 4 8
split_gain=10.9888 5.20949 5.6817 3.10923 2.43045 1.72083
threshold=0.66000000000000014 -1.0349702083187962 0.026925824035672504 0.31500000000000011 0.051863611164593981 0.67376182764530723
decision_type=2 2 2 2 2 2
left_child=1 4 -3 5 -1 -2
right_child=3 2 -4 -5 -6 -7
leaf_value=-0.03747884676330375 0.03262834068572279 -0.015038098868609649 0.011270902260317593 -0.010376650266363681 -0.001748055501964315 0.0053241535771913467
leaf_weight=14.798614189028742 22.188365235924721 37.639114424586296 34.720247372984886 4.2224248051643363 6.934694603085517 10.176730468869208
leaf_count=80 112 169 146 17 35 49
internal_value=-0.000620601 -0.00965177 -0.00250168 0.020973 -0.0285371 0.0259042
internal_weight=130.68 94.0927 72.3594 36.5875 21.7333 32.3651
internal_count=608 430 315 178 115 161
is_linear=0
shrinkage=0.05


Tree=32
num_leaves=7
num_cat=0
split_feature=0 13 10 13 7 5
split_gain=10.219 4.51579 6.04035 1.91257 3.10328 2.19597
threshold=0.55750000000000022 0.22172813105464143 0.010000000000000007 -0.14669390627095044 0.46963387092404318 0.10000000000000005
decision_type=2 8 2 10 2 2
left_child=1 2 -1 5 -5 -2
right_child=3 -3 -4 4 -6 -7
leaf_value=-0.030734101255572473 0.038439804716910206 -0.030654192540280002 0.0043168888675696251 0.013471502337939173 -0.018122125993853919 0.0056012793482164225
leaf_weight=11.125698089599608 10.078546166419985 18.256826356053352 47.878737360239029 26.297554820775989 5.6421717852354041 10.70953920483589
leaf_count=57 49 92 212 120 26 52
internal_value=-0.000621385 -0.0119164 -0.00417685 0.0155276 0.00619296 0.0258883
internal_weight=129.989 77.2613 59.0044 52.7278 31.9397 20.7881
internal_count=608 361 269 247 146 101
is_linear=0
shrinkage=0.05


Tree=33
num_leaves=7
num_cat=0
split_feature=1 6 7 6 12 2
split_gain=9.6877 4.42024 4.5828 4.41804 2.87774 2.68903
threshold=-0.41013276368928819 6.9548342490977371 -0.7490612237765365 6.2025114283583864 -0.91173217043751753 0.087988547104312267
decision_type=2 2 2 2 2 2
left_child=4 3 -3 -2 -1 -6
right_child=1 2 -4 -5 5 -7
leaf_value=0.0098679441148550387 0.020749797107999207 -0.011550988010150033 0.032174114965522242 -0.0075864965176828921 -0.029102227689456341 0.00011577173811864585
leaf_weight=5.172072321176528 14.433727398514746 4.8713387250900295 22.855715483427048 42.11804211139679 29.853929489850998 10.122141167521475
leaf_count=25 64 22 105 191 154 47
internal_value=-0.000626396 0.00927425 0.023901 0.000743846 -0.0181901 -0.0225137
internal_weight=129.427 84.2788 27.7271 56.5518 45.1481 39.9761
internal_count=608 382 127 255 226 201
is_linear=0
shrinkage=0.05


Tree=34
num_leaves=6
num_cat=0
split_feature=0 0 2 5 8
split_gain=9.41651 4.78306 5.45835 2.90422 1.67304
threshold=0.66000000000000014 0.18000000000000002 0.11837293174009798 0.31500000000000011 0.67376182764530723
decision_type=2 2 2 2 2
left_child=1 -1 -3 4 -2
right_child=3 2 -4 -5 -6
leaf_value=-0.03251503687901703 0.031140123492329076 -0.0078787449707258955 0.030068474544532028 -0.01043373603470828 0.0045306701727446967
leaf_weight=12.745392292737959 21.653961747884754 74.535487025976181 5.8109595626592627 4.2164064198732367 10.067931920289992
leaf_count=74 112 332 24 17 49
internal_value=-0.000570386 -0.00895653 -0.00353349 0.0195932 0.0244616
internal_weight=129.03 93.0918 80.3464 35.9383 31.7219
internal_count=608 430 356 178 161
is_linear=0
shrinkage=0.05


Tree=35
num_leaves=7
num_cat=0
split_feature=0 9 8 6 10 2
split_gain=8.71748 5.13918 3.4654 3.1059 4.94384 1.69924
threshold=0.38000000000000006 -1.4337062485320855 0.64998068002526244 7.0536245558050004 0.010000000000000007 0.06498664343276396
decision_type=2 2 2 2 2 2
left_child=3 -2 -3 5 -5 -1
right_child=1 2 -4 4 -6 -7
leaf_value=-0.010057229718669104 -0.024121096626827015 0.020332603776274317 -0.00079779242922411423 -0.024843956235923087 0.024344134008915233 -0.035368794525743062
leaf_weight=18.810667678713799 6.0635602474212638 48.184658318758011 29.972629696130753 3.9913647472858429 6.9846718609333021 14.349947661161421
leaf_count=95 28 222 137 22 32 72
internal_value=-0.00051637 0.00881651 0.0126685 -0.0174102 0.00427987 -0.0242096
internal_weight=128.358 84.2208 78.1573 44.1367 10.976 33.1606
internal_count=608 387 359 221 54 167
is_linear=0
shrinkage=0.05


Tree=36
num_leaves=7
num_cat=0
split_feature=0 3 4 4 5 8
split_gain=8.41423 4.60397 4.70117 2.77311 2.75175 1.50569
threshold=0.66000000000000014 -1.0088462938727589 0.026925824035672504 0.051863611164593981 0.31500000000000011 0.67376182764530723
decision_type=2 2 2 2 2 2
left_child=1 3 -3 -1 5 -2
right_child=4 2 -4 -5 -6 -7
leaf_value=-0.036142041966345267 0.029855472761493432 -0.013294603606935665 0.010844912784193276 6.1655233209622991e-05 -0.010434568313845927 0.0044431233646798291
leaf_weight=14.365048319101335 21.188513278961185 36.786204770207405 34.07843479514122 7.253563627600669 4.2145802676677695 10.05626994371414
leaf_count=81 112 168 144 37 17 49
internal_value=-0.000588589 -0.00852316 -0.00173637 -0.026265 0.0186018 0.0234176
internal_weight=127.943 92.4833 70.8646 21.6186 35.4594 31.2448
internal_count=608 430 312 118 178 161
is_linear=0
shrinkage=0.05


Tree=37
num_leaves=7
num_cat=0
split_feature=0 3 9 4 5 3
split_gain=7.7949 4.33299 4.41077 2.63119 2.59895 1.30288
threshold=0.66000000000000014 -1.0088462938727589 -1.2924343195980879 0.051863611164593981 0.31500000000000011 1.2999449295862717
decision_type=2 2 2 2 2 2
left_child=1 3 -3 -1 5 -2
right_child=4 2 -4 -5 -6 -7
leaf_value=-0.035267962702653942 0.027222861215270962 -0.030007320062548228 0.0032460002543246973 5.9829027692060727e-05 -0.010193584310145581 0.001454932890899619
leaf_weight=14.115328028798105 24.323283120989803 6.6693008989095679 64.118736982345581 7.2537330687046042 4.2166548669338217 6.5957945585250846
leaf_count=81 128 30 282 37 17 33
internal_value=-0.000589953 -0.00822617 -0.00165996 -0.0255385 0.0179686 0.0226936
internal_weight=127.293 92.1571 70.788 21.3691 35.1357 30.9191
internal_count=608 430 312 118 178 161
is_linear=0
shrinkage=0.05


Tree=38
num_leaves=7
num_cat=0
split_feature=1 6 0 7 12 3
split_gain=7.46892 3.86085 4.54608 4.26781 2.66701 2.06735
threshold=-0.41013276368928819 6.9548342490977371 0.38000000000000006 -0.7490612237765365 -0.91173217043751753 0.50949162486305222
decision_type=2 2 2 2 2 2
left_child=4 2 -2 -3 -1 -6
right_child=1 3 -4 -5 5 -7
leaf_value=0.010410573934426468 -0.023778967636111367 -0.012003557076556731 0.0073423128985796882 0.030033545441572974 -0.024256590337402816 0.0066914784592897519
leaf_weight=5.0719633400440207 10.285257562994955 4.7954447269439724 45.514692753553391 22.332709804177284 34.634147718548775 4.076297551393508
leaf_count=25 48 22 207 105 182 19
internal_value=-0.000645776 0.00808325 0.000122155 0.021891 -0.0163133 -0.020605
internal_weight=126.711 82.9281 55.8 27.1282 43.7824 38.7104
internal_count=608 382 255 127 226 201
is_linear=0
shrinkage=0.05


Tree=39
num_leaves=6
num_cat=0
split_feature=0 0 2 2 3
split_gain=6.95595 4.0504 4.93611 2.47853 0.190875
threshold=0.20000000000000004 0.66000000000000014 0.11837293174009798 0.10968573062595598 -1.3921946353836889
decision_type=2 2 2 2 2
left_child=4 2 -2 -3 -1
right_child=1 3 -4 -5 -6
leaf_value=-0.0052592651357654847 -0.0068604384649408384 0.021705763314440324 0.029309639028564795 -0.010114474537228739 -0.031712910913961966
leaf_weight=3.1030269712209693 71.852102920413017 30.320131838321686 5.7827576249837866 4.3298750519752494 10.79179899394512
leaf_count=20 322 160 24 18 64
internal_value=-0.000627663 0.00393131 -0.00255583 0.0169554 -0.0287602
internal_weight=126.18 112.285 77.6349 34.65 13.8948
internal_count=608 524 346 178 84
is_linear=0
shrinkage=0.05


Tree=40
num_leaves=6
num_cat=0
split_feature=0 0 13 2 9
split_gain=6.57473 3.85577 3.45812 0.194804 0.100596
threshold=0.20000000000000004 0.85000000000000009 -0.2001849603132396 0.048970967904772643 0.4275277101639357
decision_type=2 2 8 2 2
left_child=3 2 -2 -1 -3
right_child=1 4 -4 -5 -6
leaf_value=-0.0079406396836873491 0.019937183830147344 0.031273475194384122 -0.0036556095609587072 -0.032863679067227203 0.0064280923844783249
leaf_weight=5.1569789946079245 13.645324051380156 6.4808013290166837 88.038367241621017 8.5404462143778783 3.71524378657341
leaf_count=32 65 34 405 52 20
internal_value=-0.000604635 0.00382179 0.000296421 -0.0281131 0.0273141
internal_weight=125.577 111.88 101.684 13.6974 10.196
internal_count=608 524 470 84 54
is_linear=0
shrinkage=0.05


Tree=41
num_leaves=7
num_cat=0
split_feature=1 6 6 7 2 0
split_gain=6.3069 3.50069 4.1723 4.01287 2.63025 4.77944
threshold=-0.41013276368928819 6.9548342490977371 6.2025114283583864 -0.7490612237765365 0.075470739835541339 0.24000000000000002
decision_type=2 2 2 2 2 2
left_child=4 2 -2 -3 -1 -6
right_child=1 3 -4 -5 5 -7
leaf_value=-0.023002827737992358 0.019486590104253979 -0.011997088592465345 -0.0082426369658159925 0.028693004450333418 -0.023238250069386294 0.020745468705481097
leaf_weight=27.96040453761816 14.212738201022146 4.7718485146760967 41.154204353690147 22.040172755718231 6.0591034889221183 9.0192915350198728
leaf_count=152 64 22 191 105 34 40
internal_value=-0.000551011 0.00748562 -0.000100081 0.0207038 -0.0150782 0.00168552
internal_weight=125.218 82.179 55.3669 26.812 43.0388 15.0784
internal_count=608 382 255 127 226 74
is_linear=0
shrinkage=0.05


Tree=42
num_leaves=5
num_cat=0
split_feature=0 2 0 5
split_gain=5.99272 3.71153 4.89337 0.912966
threshold=0.20000000000000004 0.11837293174009798 0.65000000000000013 -0.074999999999999997
decision_type=2 2 2 2
left_child=3 2 -2 -1
right_child=1 -3 -4 -5
leaf_value=-0.032231190816875081 -0.0070264909252798005 0.028642383481113601 0.014899210209295119 -0.0011196319069212018
leaf_weight=10.121903538703917 69.659249156713486 8.2070505172014219 33.610923364758492 3.2318816930055609
leaf_count=64 314 34 176 20
internal_value=-0.000521081 0.00368279 0.000468086 -0.0270578
internal_weight=124.831 111.477 103.27 13.3538
internal_count=608 524 490 84
is_linear=0
shrinkage=0.05


Tree=43
num_leaves=6
num_cat=0
split_feature=0 13 13 3 5
split_gain=5.67302 3.65018 4.66753 0.435949 0.111234
threshold=0.18000000000000002 0.22172813105464143 0.14060316616252941 -0.50152188474533355 -0.085000000000000006
decision_type=2 10 10 2 2
left_child=4 2 -2 -3 -1
right_child=1 3 -4 -5 -6
leaf_value=-0.031254135555379182 0.0016161545289305767 -0.026795245112066296 0.02923119070669088 -0.0043295180680822483 -0.005702628034255394
leaf_weight=8.2049210816621763 88.976155981421471 4.5054174661636353 13.653909251093863 5.8011756241321546 3.1627757847309104
leaf_count=53 420 24 63 27 21
internal_value=-0.000491597 0.00335512 0.00647733 -0.019695 -0.0280588
internal_weight=124.304 112.937 102.63 10.3066 11.3677
internal_count=608 534 483 51 74
is_linear=0
shrinkage=0.05


Tree=44
num_leaves=6
num_cat=0
split_feature=1 13 8 12 4
split_gain=5.48365 5.12835 3.1975 2.28736 1.17625
threshold=-0.68557024774665321 0.25344083834342207 0.50277208735007217 -0.91173217043751753 0.035355339059327383
decision_type=2 10 2 2 2
left_child=3 2 -2 -1 -5
right_child=1 -3 -4 4 -6
leaf_value=0.010320052302260478 -0.0091236083116435183 -0.029025161585635586 0.01405541176179774 -0.027589270213447478 -0.0061709780755566761
leaf_weight=4.1686215549707404 14.939438506960867 4.6427394673228255 68.772107794880867 17.545799836516384 14.052521914243696
leaf_count=21 70 23 322 99 73
internal_value=-0.000541186 0.00616036 0.00963773 -0.015821 -0.0202084
internal_weight=124.121 88.3543 83.7115 35.7669 31.5983
internal_count=608 415 392 193 172
is_linear=0
shrinkage=0.05


Tree=45
num_leaves=7
num_cat=0
split_feature=0 9 8 6 0 3
split_gain=5.22632 4.40308 3.17259 2.81177 3.88674 1.97026
threshold=0.38000000000000006 -1.4337062485320855 0.64998068002526244 7.0536245558050004 0.24000000000000002 -1.4142135623730956
decision_type=2 2 2 2 2 2
left_child=3 -2 -3 5 -5 -1
right_child=1 2 -4 4 -6 -7
leaf_value=0.0050077878758489928 -0.023828219730169138 0.017813599598940643 -0.0024131326061002599 -0.016706648027819623 0.02717880391632695 -0.025343086091835505
leaf_weight=4.6611596196889904 5.8894154429435721 46.757620140910149 29.278720766305923 5.492254935204981 5.0057342350482941 26.6942218542099
leaf_count=28 28 222 137 32 22 139
internal_value=-0.000608793 0.00667 0.0103567 -0.014048 0.00623652 -0.020763
internal_weight=123.779 81.9258 76.0363 41.8534 10.498 31.3554
internal_count=608 387 359 221 54 167
is_linear=0
shrinkage=0.05


Tree=46
num_leaves=7
num_cat=0
split_feature=0 3 9 5 8 4
split_gain=5.01116 3.58959 4.05595 2.62972 2.74748 2.4457
threshold=0.66000000000000014 -1.0088462938727589 -1.2924343195980879 0.085000000000000034 0.66496928820476964 0.051863611164593981
decision_type=2 2 2 2 2 2
left_child=1 5 -3 -2 -5 -1
right_child=3 2 -4 4 -6 -7
leaf_value=-0.032659869394543524 0.029206792495472134 -0.028293279126408302 0.003834789710547102 0.014909452600587998 -0.014967714199587583 0.0012102479622681085
leaf_weight=13.16261910647154 12.172555819153784 6.4852200448513022 63.053094297647476 12.82078003883362 8.6219682991504651 7.0526840090751639
leaf_count=81 68 30 282 68 42 37
internal_value=-0.000617156 -0.00678166 -0.000858421 0.0145891 0.00233744 -0.0229465
internal_weight=123.369 89.7536 69.5383 33.6153 21.4427 20.2153
internal_count=608 430 312 178 110 118
is_linear=0
shrinkage=0.05


Tree=47
num_leaves=5
num_cat=0
split_feature=0 2 0 5
split_gain=4.83735 3.52313 4.08252 0.186806
threshold=0.18000000000000002 0.11837293174009798 0.65000000000000013 -0.085000000000000006
decision_type=2 2 2 2
left_child=3 2 -2 -1
right_child=1 -3 -4 -5
leaf_value=-0.029867485282534651 -0.0068589840592582531 0.027271873399515964 0.013233636352840647 -0.004677280872072343
leaf_weight=7.8398738279938698 70.97823791205883 8.1590413153171522 32.888812050223351 3.0479061007499677
leaf_count=53 324 34 176 21
internal_value=-0.000640995 0.00289803 -0.0001812 -0.026507
internal_weight=122.914 112.026 103.867 10.8878
internal_count=608 534 500 74
is_linear=0
shrinkage=0.05


Tree=48
num_leaves=5
num_cat=0
split_feature=0 2 0 8
split_gain=4.60497 3.30548 3.74244 0.203601
threshold=0.18000000000000002 0.11837293174009798 0.65000000000000013 0.54378624632730765
decision_type=2 2 2 2
left_child=3 2 -2 -1
right_child=1 -3 -4 -5
leaf_value=-0.0043932912957683331 -0.0065480124167492373 0.026449165547274694 0.012727810405431167 -0.029383978720846794
leaf_weight=3.018444672226904 70.871846318244934 8.1479884684085828 32.689952880144119 7.7143839448690414
leaf_count=21 324 34 176 53
internal_value=-0.000613393 0.00283313 -0.000157507 -0.0259856
internal_weight=122.443 111.71 103.562 10.7328
internal_count=608 534 500 74
is_linear=0
shrinkage=0.05


Tree=49
num_leaves=6
num_cat=0
split_feature=0 0 13 9 5
split_gain=4.38425 3.19072 2.95836 0.237842 0.203121
threshold=0.18000000000000002 0.85000000000000009 -0.2001849603132396 0.4275277101639357 -0.085000000000000006
decision_type=2 2 8 2 2
left_child=4 2 -2 -3 -1
right_child=1 3 -4 -5 -6
leaf_value=-0.028856909953011396 0.018033840391738335 0.028856743955914383 -0.0039461651732005656 0.0046158476754302362 -0.004237211356725782
leaf_weight=7.5804772526025772 13.311387315392492 6.1296703964471799 88.400344289839268 3.5604845434427261 3.0009865313768369
leaf_count=53 65 34 415 20 21
internal_value=-0.000587511 0.00276913 -0.000359366 0.0245525 -0.0254749
internal_weight=121.983 111.402 101.712 9.69015 10.5815
internal_count=608 534 480 54 74
is_linear=0
shrinkage=0.05


Tree=50
num_leaves=6
num_cat=0
split_feature=1 13 8 9 13
split_gain=4.22187 4.59046 2.94235 1.98759 1.53071
threshold=-0.68557024774665321 0.25344083834342207 0.50277208735007217 -1.0647984276644009 -0.15319596386608966
decision_type=2 10 2 2 8
left_child=3 2 -2 -1 -5
right_child=1 -3 -4 4 -6
leaf_value=0.006975654792570677 -0.0093049773890535158 -0.028049627699781476 0.012985486996662556 0.0040046318366555858 -0.023621233993296267
leaf_weight=6.413623906672 14.736061692237852 4.5357919856905928 67.762162402272224 4.4876130893826485 23.729372061789039
leaf_count=33 70 23 322 22 138
internal_value=-0.000531152 0.00536468 0.0086997 -0.014156 -0.0192862
internal_weight=121.665 87.034 82.4982 34.6306 28.217
internal_count=608 415 392 193 160
is_linear=0
shrinkage=0.05


Tree=51
num_leaves=5
num_cat=0
split_feature=0 2 13 8
split_gain=3.98899 3.12416 3.36612 0.250345
threshold=0.18000000000000002 0.11837293174009798 -0.14669390627095044 0.54378624632730765
decision_type=2 2 8 2
left_child=3 2 -2 -1
right_child=1 -3 -4 -5
leaf_value=-0.003585860716357068 0.014667926263088918 0.025590053991800216 -0.0052762478917537789 -0.028069257188364522
leaf_weight=2.9320739209651929 23.203449696302414 8.1159655004739744 79.686483010649681 7.3750617429614067
leaf_count=21 116 34 384 53
internal_value=-0.000580341 0.0026076 -0.000307172 -0.0245508
internal_weight=121.313 111.006 102.89 10.3071
internal_count=608 534 500 74
is_linear=0
shrinkage=0.05


Tree=52
num_leaves=6
num_cat=0
split_feature=0 13 6 6 9
split_gain=3.84685 3.26929 4.7112 3.16792 0.263743
threshold=0.85000000000000009 -0.14669390627095044 6.7751410226958599 6.0276125957702025 0.4275277101639357
decision_type=2 8 2 2 2
left_child=1 2 -1 -3 -2
right_child=4 3 -4 -5 -6
leaf_value=-0.0089877068755752753 0.028089375307374057 0.01209760835269004 0.030956989916850974 -0.01153775953584788 0.0041519410532319043
leaf_weight=11.082909107208254 6.0229846686124784 12.862243227660654 10.071755722165106 77.511035770177841 3.5192680507898331
leaf_count=54 34 63 49 388 20
internal_value=-0.000546315 -0.00355172 0.0123124 -0.00771602 0.023724
internal_weight=121.07 111.528 21.1547 90.3733 9.54225
internal_count=608 554 103 451 54
is_linear=0
shrinkage=0.05


Tree=53
num_leaves=5
num_cat=0
split_feature=0 2 0 12
split_gain=3.77034 2.94227 3.10076 0.251463
threshold=0.18000000000000002 0.11837293174009798 0.65000000000000013 0.5644855328880074
decision_type=2 2 2 2
left_child=3 2 -2 -1
right_child=1 -3 -4 -5
leaf_value=-0.028508679259343257 -0.0059846527503650011 0.024988562945374632 0.011654153581559391 -0.0048994791486024585
leaf_weight=6.1147945150732976 70.455608054995537 8.0982235968112928 32.199359238147736 3.9984962865710258
leaf_count=46 324 34 176 28
internal_value=-0.000410743 0.00267169 -0.000167652 -0.0238834
internal_weight=120.866 110.753 102.655 10.1133
internal_count=608 534 500 74
is_linear=0
shrinkage=0.05


Tree=54
num_leaves=6
num_cat=0
split_feature=13 13 1 1 9
split_gain=3.6827 4.43189 3.97012 1.95994 0.407562
threshold=0.22172813105464143 0.14060316616252941 -0.41013276368928819 -0.90041851125336614 -0.84036350822042627
decision_type=10 10 2 2 2
left_child=1 2 -1 -3 -2
right_child=4 3 -4 -5 -6
leaf_value=-0.01661719395987429 -0.0260132758805839 -0.00070721528522917033 0.004914558281816599 0.034038739349375756 -0.0034023547804303347
leaf_weight=25.456498801708221 8.5203977227210981 5.3670923709869376 67.33879953622818 9.4401469975709897 4.3267831504344931
leaf_count=142 46 29 322 43 26
internal_value=-0.000397279 0.00296267 -0.00153983 0.0244452 -0.0214848
internal_weight=120.45 107.603 92.7953 14.8072 12.8472
internal_count=608 536 464 72 72
is_linear=0
shrinkage=0.05


Tree=55
num_leaves=5
num_cat=0
split_feature=0 13 13 2
split_gain=3.55075 3.94903 3.71316 0.919457
threshold=0.13000000000000003 0.22172813105464143 0.14060316616252941 0.074871917087563009
decision_type=2 10 10 2
left_child=-1 2 -2 -3
right_child=1 3 -4 -5
leaf_value=-0.02766131190700305 0.0011045688999798675 -0.027135090154326108 0.025320622161514872 0.00059291120423446907
leaf_weight=5.9264410287141791 88.399433322250843 7.7956829294562322 14.421125456690786 3.6272599548101425
leaf_count=46 431 43 69 19
internal_value=-0.000394787 0.00212024 0.0055177 -0.0208304
internal_weight=120.17 114.244 102.821 11.4229
internal_count=608 562 500 62
is_linear=0
shrinkage=0.05


Tree=56
num_leaves=6
num_cat=0
split_feature=0 13 6 11 9
split_gain=3.40867 2.99118 4.43226 3.09985 0.277758
threshold=0.85000000000000009 -0.14669390627095044 6.7751410226958599 0.98965659781639881 0.4275277101639357
decision_type=2 8 2 2 2
left_child=1 2 -1 -3 -2
right_child=4 3 -4 -5 -6
leaf_value=-0.0087403817464453137 0.026961179085842647 -0.010210378775798747 0.030067284226157766 0.017419149786013523 0.0036544257789350521
leaf_weight=11.052638202905657 5.8578895926475507 82.7265295535326 9.9973336085677129 6.9028508737683287 3.4741939753293991
leaf_count=54 34 416 49 35 20
internal_value=-0.000432367 -0.00326558 0.0119241 -0.00727452 0.0225864
internal_weight=120.011 110.679 21.05 89.6294 9.33208
internal_count=608 554 103 451 54
is_linear=0
shrinkage=0.05


Tree=57
num_leaves=5
num_cat=0
split_feature=0 6 4 7
split_gain=3.38026 2.89637 3.56546 2.92389
threshold=0.13000000000000003 6.9548342490977371 0.058816397784651198 -0.7490612237765365
decision_type=2 2 2 2
left_child=-1 2 -2 -3
right_child=1 3 -4 -5
leaf_value=-0.027082244742178931 0.0017484064485135137 -0.010020481593645585 -0.024078068367908986 0.019980884188400397
leaf_weight=5.7877078577876082 67.589900389313698 7.3986203074455252 11.488818742334841 27.529974088072777
leaf_count=46 332 37 55 138
internal_value=-0.000292641 0.00214806 -0.00321249 0.0131669
internal_weight=119.795 114.007 79.0787 34.9286
internal_count=608 562 387 175
is_linear=0
shrinkage=0.05


Tree=58
num_leaves=5
num_cat=0
split_feature=0 13 13 3
split_gain=3.21627 3.58872 3.54974 0.787725
threshold=0.13000000000000003 0.22172813105464143 0.14060316616252941 -0.50152188474533355
decision_type=2 10 10 2
left_child=-1 2 -2 -3
right_child=1 3 -4 -5
leaf_value=-0.026629723944397568 0.00093486176076297317 -0.028333594911916084 0.02461121210784202 -0.0027061893655677288
leaf_weight=5.6794770658016196 88.212299212813377 5.4388351365923882 14.411448061466215 5.8479874879121763
leaf_count=46 431 33 69 29
internal_value=-0.00035828 0.00201625 0.00524865 -0.0199625
internal_weight=119.59 113.911 102.624 11.2868
internal_count=608 562 500 62
is_linear=0
shrinkage=0.05


Tree=59
num_leaves=6
num_cat=0
split_feature=0 13 6 6 1
split_gain=3.15218 2.71205 4.08421 2.90997 0.298108
threshold=0.85000000000000009 -0.14669390627095044 6.7751410226958599 6.0276125957702025 0.97394539495606025
decision_type=2 8 2 2 2
left_child=1 2 -1 -3 -2
right_child=4 3 -4 -5 -6
leaf_value=-0.0084444747294326675 0.0032267625938981019 0.012007733564252332 0.028825330020044317 -0.010667114853259239 0.02627556517761985
leaf_weight=11.058807224035265 3.4238153249025327 12.781776808202265 9.9398761540651304 76.476348049938679 5.7626969069242477
leaf_count=54 20 63 49 388 34
internal_value=-0.00040647 -0.00312832 0.0113482 -0.00695536 0.0218502
internal_weight=119.443 110.257 20.9987 89.2581 9.18651
internal_count=608 554 103 451 54
is_linear=0
shrinkage=0.05


Tree=60
num_leaves=5
num_cat=0
split_feature=0 13 13 2
split_gain=3.0564 3.36272 3.32785 0.935934
threshold=0.13000000000000003 0.22172813105464143 0.14060316616252941 0.074871917087563009
decision_type=2 10 10 2
left_child=-1 2 -2 -3
right_child=1 3 -4 -5
leaf_value=-0.026068352179169935 0.00095330054022184059 -0.025770019693018804 0.023874799629494424 0.0013989590480151452
leaf_weight=5.5463633686304084 88.087700523436069 7.6086796969175321 14.430741295218466 3.5763044208288193
leaf_count=46 431 43 69 19
internal_value=-0.000283371 0.00201947 0.00514001 -0.0193345
internal_weight=119.25 113.703 102.518 11.185
internal_count=608 562 500 62
is_linear=0
shrinkage=0.05


Tree=61
num_leaves=6
num_cat=0
split_feature=0 13 6 11 1
split_gain=2.95532 2.50698 3.83164 2.82987 0.29182
threshold=0.85000000000000009 -0.14669390627095044 6.7751410226958599 0.98965659781639881 0.97394539495606025
decision_type=2 8 2 2 2
left_child=1 2 -1 -3 -2
right_child=4 3 -4 -5 -6
leaf_value=-0.0081814515756223147 0.0030791636977665062 -0.0094740623212140676 0.027932694692407181 0.016921831281292179 0.025693098575055553
leaf_weight=11.06856480240822 3.4097481817007047 82.169743806123734 9.8999387323856336 6.87941900640726 5.672590047121048
leaf_count=54 20 416 49 35 34
internal_value=-0.000322255 -0.00295693 0.0109645 -0.00664365 0.0213109
internal_weight=119.1 110.018 20.9685 89.0492 9.08234
internal_count=608 554 103 451 54
is_linear=0
shrinkage=0.05


Tree=62
num_leaves=5
num_cat=0
split_feature=0 13 13 2
split_gain=2.91412 3.12111 3.11916 0.903244
threshold=0.13000000000000003 0.22172813105464143 0.14060316616252941 0.074871917087563009
decision_type=2 10 10 2
left_child=-1 2 -2 -3
right_child=1 3 -4 -5
leaf_value=-0.025535875207203879 0.00097754013687378276 -0.024984498650134728 0.023170564144684852 0.0015465384113379013
leaf_weight=5.4205403178930274 87.952674128115177 7.5059962347149831 14.441810458898543 3.5693278908729553
leaf_count=46 431 43 69 19
internal_value=-0.000193382 0.00204389 0.00504069 -0.0186126
internal_weight=118.89 113.47 102.394 11.0753
internal_count=608 562 500 62
is_linear=0
shrinkage=0.05


Tree=63
num_leaves=6
num_cat=0
split_feature=1 13 8 12 2
split_gain=2.73576 3.4339 2.58769 2.02865 1.27125
threshold=-0.68557024774665321 0.25344083834342207 0.50277208735007217 -0.91173217043751753 0.087988547104312267
decision_type=2 10 2 2 2
left_child=3 2 -2 -1 -5
right_child=1 -3 -4 4 -6
leaf_value=0.012260802829266547 -0.0094689398913859399 -0.024727131070357337 0.011459489661743856 -0.021482543913872564 0.00063905999125626856
leaf_weight=3.9260849058628073 14.53607603907585 4.3242585286498061 66.836512818932533 20.82099606841803 8.2991664633154851
leaf_count=21 70 23 322 128 44
internal_value=-0.000235157 0.00449477 0.00738919 -0.0114797 -0.0160082
internal_weight=118.743 85.6968 81.3726 33.0462 29.1202
internal_count=608 415 392 193 172
is_linear=0
shrinkage=0.05


Tree=64
num_leaves=5
num_cat=0
split_feature=0 0 6 9
split_gain=2.72751 2.20215 2.88957 0.323639
threshold=0.85000000000000009 0.13000000000000003 6.9548342490977371 0.4275277101639357
decision_type=2 2 2 2
left_child=1 -1 -3 -2
right_child=3 2 -4 -5
leaf_value=-0.024911664678887287 0.025122963624384837 -0.00596595958748078 0.011171902061870248 0.0025986676685081506
leaf_weight=5.2720663622021666 5.5695301145315153 73.37498365342617 30.857463322579861 3.3773840069770813
leaf_count=46 34 356 152 20
internal_value=-0.000288148 -0.0028198 -0.000613242 0.0206001
internal_weight=118.451 109.505 104.232 8.94691
internal_count=608 554 508 54
is_linear=0
shrinkage=0.05


Tree=65
num_leaves=5
num_cat=0
split_feature=0 13 13 3
split_gain=2.60152 2.79564 2.92263 0.901754
threshold=0.13000000000000003 0.22172813105464143 0.14060316616252941 -0.50152188474533355
decision_type=2 10 10 2
left_child=-1 2 -2 -3
right_child=1 3 -4 -5
leaf_value=-0.024504199803291292 0.00074788540851609779 -0.026699844844971246 0.022228605026429264 -0.00098923885397315925
leaf_weight=5.177300088107585 87.689570307731628 5.2247848957777023 14.42812070250511 5.7172430008649808
leaf_count=46 431 33 69 29
internal_value=-0.0002581 0.00184296 0.00467879 -0.0177896
internal_weight=118.237 113.06 102.118 10.942
internal_count=608 562 500 62
is_linear=0
shrinkage=0.05


Tree=66
num_leaves=6
num_cat=0
split_feature=0 13 6 6 1
split_gain=2.58314 2.27503 3.52694 2.69039 0.315053
threshold=0.85000000000000009 -0.14669390627095044 6.7751410226958599 6.0276125957702025 0.97394539495606025
decision_type=2 8 2 2 2
left_child=1 2 -1 -3 -2
right_child=4 3 -4 -5 -6
leaf_value=-0.0078479845589227836 0.002462048715196959 0.011916126665960012 0.026852319840868624 -0.0099051683343361029 0.024562411809094725
leaf_weight=11.05609315633774 3.3532571196556074 12.707998238503931 9.8218645974993688 75.66640343517065 5.4958945065736771
leaf_count=54 20 63 49 388 34
internal_value=-0.00030576 -0.0027659 0.0105106 -0.00629727 0.0201002
internal_weight=118.102 109.252 20.878 88.3744 8.84915
internal_count=608 554 103 451 54
is_linear=0
shrinkage=0.05


Tree=67
num_leaves=7
num_cat=0
split_feature=0 9 8 2 9 12
split_gain=2.49424 3.63984 2.82011 1.75068 3.6958 2.84307
threshold=0.38000000000000006 -1.4337062485320855 0.64998068002526244 0.06498664343276396 -1.0935556486890405 0.77153205935942137
decision_type=2 2 2 2 2 2
left_child=3 -2 -3 5 -5 -1
right_child=1 2 -4 4 -6 -7
leaf_value=0.010090852748806778 -0.02300087429861283 0.015504750782126184 -0.0036652964734165995 0.012621962436502016 -0.030657095720707624 -0.021589283075318919
leaf_weight=17.014974549412731 5.6662179976701728 45.054148711264133 28.502543702721596 3.6889659985899952 12.551339410245417 5.440694533288478
leaf_count=96 28 222 137 19 73 33
internal_value=-0.000192896 0.00484367 0.00831604 -0.00987868 -0.0201693 -0.000118636
internal_weight=117.919 79.2229 73.5567 38.696 16.2403 22.4557
internal_count=608 387 359 221 92 129
is_linear=0
shrinkage=0.05


Tree=68
num_leaves=5
num_cat=0
split_feature=0 13 13 2
split_gain=2.40809 2.56491 2.80745 0.896596
threshold=0.13000000000000003 0.22172813105464143 0.14060316616252941 0.074871917087563009
decision_type=2 10 10 2
left_child=-1 2 -2 -3
right_child=1 3 -4 -5
leaf_value=-0.023792975030254376 0.00060633021765916281 -0.023580420862941338 0.021663235086610812 0.0022382280304719701
leaf_weight=5.0161595195531836 87.410072281956673 7.3075543791055662 14.41437992453575 3.52130526304245
leaf_count=46 431 43 69 19
internal_value=-0.00026779 0.00174636 0.00446161 -0.0171298
internal_weight=117.669 112.653 101.824 10.8289
internal_count=608 562 500 62
is_linear=0
shrinkage=0.05


Tree=69
num_leaves=6
num_cat=0
split_feature=0 13 6 13 9
split_gain=2.39141 2.09537 3.33291 2.6679 0.344977
threshold=0.85000000000000009 -0.14669390627095044 6.7751410226958599 -0.098248401760382603 0.4275277101639357
decision_type=2 8 2 8 2
left_child=1 2 -1 -3 -2
right_child=4 3 -4 -5 -6
leaf_value=-0.0077231794917554169 0.024044280918476657 -0.026994265594761608 0.026043923936531196 -0.0024659823454065387 0.0019968714077614191
leaf_weight=11.030611142516138 5.3943976387381536 8.1358641535043699 9.7514462620019895 79.899940483272076 3.3206278681755066
leaf_count=54 34 39 49 412 20
internal_value=-0.000302249 -0.00266721 0.0100992 -0.0060617 0.0194342
internal_weight=117.533 108.818 20.7821 88.0358 8.71503
internal_count=608 554 103 451 54
is_linear=0
shrinkage=0.05


Tree=70
num_leaves=5
num_cat=0
split_feature=0 13 8 3
split_gain=2.3029 2.40287 2.77162 0.921971
threshold=0.13000000000000003 0.22172813105464143 0.4899717229633605 -0.50152188474533355
decision_type=2 10 2 2
left_child=-1 2 -2 -3
right_child=1 3 -4 -5
leaf_value=-0.023378872891576127 -0.012669978472215127 -0.025676313240744195 0.007874753067935801 -0.00024055431668485962
leaf_weight=4.9215902909636489 15.326479241251944 5.090207040309906 86.398467041552067 5.6546036526560766
leaf_count=46 74 33 426 29
internal_value=-0.000256502 0.00170735 0.0043308 -0.0166177
internal_weight=117.391 112.47 101.725 10.7448
internal_count=608 562 500 62
is_linear=0
shrinkage=0.05


Tree=71
num_leaves=6
num_cat=0
split_feature=0 11 8 4 1
split_gain=2.26293 1.99932 4.10039 2.7288 0.342231
threshold=0.85000000000000009 0.11970340714850503 0.74354903399985017 0.053589869843944718 0.97394539495606025
decision_type=2 2 2 2 2
left_child=1 2 -1 -3 -2
right_child=4 3 -4 -5 -6
leaf_value=-0.012211591627640095 0.0018069709196188181 0.010551424742439959 0.021932765723719865 -0.017778570133707566 0.023503771276238213
leaf_weight=59.566484294831753 3.2924556583166105 37.630201309919357 5.520263895392417 5.8648119643330565 5.3239050656557083
leaf_count=305 20 193 26 30 34
internal_value=-0.000355469 -0.00265071 -0.00795758 0.00529227 0.018921
internal_weight=117.198 108.582 65.0867 43.495 8.61636
internal_count=608 554 331 223 54
is_linear=0
shrinkage=0.05


Tree=72
num_leaves=5
num_cat=0
split_feature=0 13 13 3
split_gain=2.192 2.26944 2.60302 0.891456
threshold=0.13000000000000003 0.22172813105464143 0.14060316616252941 -0.50152188474533355
decision_type=2 10 10 2
left_child=-1 2 -2 -3
right_child=1 3 -4 -5
leaf_value=-0.02295566739534536 0.0004645794391698317 -0.025186925044583669 0.020738287068360339 -0.00018598152992097312
leaf_weight=4.825527884066104 87.153166152536869 5.0130747184157372 14.413743793964384 5.6537618786096555
leaf_count=46 431 33 69 29
internal_value=-0.000281103 0.00163127 0.00417972 -0.0162241
internal_weight=117.059 112.234 101.567 10.6668
internal_count=608 562 500 62
is_linear=0
shrinkage=0.05


Tree=73
num_leaves=7
num_cat=0
split_feature=0 3 6 2 12 3
split_gain=2.1847 3.16064 4.68146 2.16018 2.41156 2.01971
threshold=0.56750000000000012 -1.0895960119520993 6.7385131369462412 0.034915493112986577 -0.33377258161546713 -1.4142135623730956
decision_type=2 2 2 2 2 2
left_child=1 5 -3 -2 -5 -1
right_child=3 2 -4 4 -6 -7
leaf_value=-0.0021836411076967569 0.026744402436421844 -0.013901137353272126 0.012597275401773989 -0.010833818472104533 0.011623589967199038 -0.03620038449419926
leaf_weight=8.0619476437568647 6.6107065081596366 26.098185211420059 30.923760406672955 16.529781386256218 22.033605977892876 6.6765400469303122
leaf_count=51 39 124 145 83 115 51
internal_value=-0.000323758 -0.00561457 0.000326358 0.00780282 0.00185885 -0.0228598
internal_weight=116.935 71.7604 57.0219 45.1741 38.5634 14.7385
internal_count=608 371 269 237 198 102
is_linear=0
shrinkage=0.05


Tree=74
num_leaves=6
num_cat=0
split_feature=0 2 7 9 9
split_gain=2.08782 1.95477 6.29096 4.76308 0.356991
threshold=0.85000000000000009 0.075470739835541339 0.36682139722284085 -0.84036350822042627 0.4275277101639357
decision_type=2 2 2 2 2
left_child=1 3 -3 -1 -2
right_child=4 2 -4 -5 -6
leaf_value=-0.027286327423682769 0.022944522310741285 0.021811966788217129 -0.018075739588309207 0.00034799307630952706 0.0014546175519959334
leaf_weight=16.011967882514 5.2183316424489004 20.704121932387352 11.433730676770208 59.986244969069958 3.2691498547792435
leaf_count=84 34 103 57 310 20
internal_value=-0.000334112 -0.00253782 0.00709803 -0.00679922 0.018275
internal_weight=116.624 108.136 32.1379 75.9982 8.48748
internal_count=608 554 160 394 54
is_linear=0
shrinkage=0.05


Tree=75
num_leaves=5
num_cat=0
split_feature=0 6 4 6
split_gain=2.06437 2.15092 3.10888 2.78506
threshold=0.13000000000000003 6.9548342490977371 0.060279255708414033 7.2210462505720328
decision_type=2 2 2 2
left_child=-1 2 -2 -3
right_child=1 3 -4 -5
leaf_value=-0.02245725300333011 0.0015105714700569344 0.021678716074766697 -0.023038535212075328 -0.0045998697334295969
leaf_weight=4.7090556994080535 66.969942905008793 19.275274679064751 10.822996407747267 14.726250313222407
leaf_count=46 334 97 53 78
internal_value=-0.000315571 0.00153856 -0.00308991 0.0111667
internal_weight=116.504 111.794 77.7929 34.0015
internal_count=608 562 387 175
is_linear=0
shrinkage=0.05


Tree=76
num_leaves=7
num_cat=0
split_feature=0 9 13 6 0 13
split_gain=2.03992 3.28245 2.66075 2.35218 2.65348 2.36515
threshold=0.38000000000000006 -1.4337062485320855 0.090589685023480235 7.0536245558050004 0.24000000000000002 -0.097501874583013903
decision_type=2 2 8 2 2 10
left_child=3 -2 -3 5 -5 -1
right_child=1 2 -4 4 -6 -7
leaf_value=-0.033724467608625311 -0.022315124296465476 0.00098968921847798286 0.020780747146107201 -0.012271353042291147 0.025391583638040616 -0.0046161172738508061
leaf_weight=7.0159047618508366 5.5581115931272498 52.308213748037815 20.537858188152313 4.6885837689042074 4.8813662901520729 21.387678772211075
leaf_count=37 28 259 100 32 22 130
internal_value=-0.000356075 0.0042181 0.00754583 -0.00919233 0.00906053 -0.0157779
internal_weight=116.378 78.4042 72.8461 37.9735 9.56995 28.4036
internal_count=608 387 359 221 54 167
is_linear=0
shrinkage=0.05


Tree=77
num_leaves=6
num_cat=0
split_feature=0 13 6 8 1
split_gain=1.96969 1.92173 3.02215 2.5546 0.365958
threshold=0.85000000000000009 -0.14669390627095044 6.7751410226958599 0.6665241644574148 0.97394539495606025
decision_type=2 8 2 2 2
left_child=1 2 -1 -3 -2
right_child=4 3 -4 -5 -6
leaf_value=-0.007304991991369531 0.0011644593079328254 6.4866404108854383e-05 0.024960720964270672 -0.017603876189096309 0.022465889510925124
leaf_weight=10.952681213617327 3.2317268401384336 61.565709106624126 9.6542652249336225 25.610846273601055 5.154070720076561
leaf_count=54 20 324 49 127 34
internal_value=-0.000392831 -0.00252967 0.00973356 -0.00579922 0.0177581
internal_weight=116.169 107.784 20.6069 87.1766 8.3858
internal_count=608 554 103 451 54
is_linear=0
shrinkage=0.05


Tree=78
num_leaves=5
num_cat=0
split_feature=0 13 13 3
split_gain=1.94645 2.06474 2.45686 0.854708
threshold=0.13000000000000003 0.22172813105464143 0.08348206245405905 -0.50152188474533355
decision_type=2 10 10 2
left_child=-1 2 -2 -3
right_child=1 3 -4 -5
leaf_value=-0.021955435585479438 -0.00071962341376550544 -0.024485239434490193 0.0163155674223351 -3.7661237098994047e-05
leaf_weight=4.5973392426967612 76.927896462380886 4.894325353205204 23.997071325778961 5.6218326538801175
leaf_count=46 387 33 113 29
internal_value=-0.000324131 0.00147269 0.00390981 -0.0156395
internal_weight=116.038 111.441 100.925 10.5162
internal_count=608 562 500 62
is_linear=0
shrinkage=0.05


Tree=79
num_leaves=7
num_cat=0
split_feature=0 3 6 3 3 3
split_gain=1.93455 2.91806 4.09323 2.11516 4.25894 1.93847
threshold=0.56750000000000012 -1.0895960119520993 6.7385131369462412 1.5705211331038174 0.8192457587272558 -1.4142135623730956
decision_type=2 2 2 2 2 2
left_child=1 5 -3 4 -2 -1
right_child=3 2 -4 -5 -6 -7
leaf_value=-0.001935587997366572 0.014355377468158939 -0.013055083377711711 0.011789225670695777 0.028394651960739387 -0.015129323297663037 -0.035343618282454567
leaf_weight=7.9927978292107582 23.81162915378809 25.830437183380127 30.868372306227684 4.6300549358129492 16.36604405194521 6.4331928268074972
leaf_count=51 127 124 145 22 88 51
internal_value=-0.000372791 -0.00537108 0.000330094 0.00730389 0.00199984 -0.0220961
internal_weight=115.933 71.1248 56.6988 44.8077 40.1777 14.426
internal_count=608 371 269 237 215 102
is_linear=0
shrinkage=0.05


Tree=80
num_leaves=6
num_cat=0
split_feature=0 2 7 9 9
split_gain=1.88262 1.85559 5.82635 4.43635 0.363144
threshold=0.85000000000000009 0.075470739835541339 0.36682139722284085 -0.84036350822042627 0.4275277101639357
decision_type=2 2 2 2 2
left_child=1 3 -3 -1 -2
right_child=4 2 -4 -5 -6
leaf_value=-0.026497850886625502 0.022126249027172681 0.021124635547445154 -0.017382587532402408 0.00028097558563835003 0.0010632898978619161
leaf_weight=15.834570817649363 5.0843472480773908 20.575341537594799 11.330337926745413 59.625348880887032 3.2296897545456886
leaf_count=84 34 103 57 310 20
internal_value=-0.000378089 -0.00246968 0.00694761 -0.00663577 0.0174162
internal_weight=115.68 107.366 31.9057 75.4599 8.31404
internal_count=608 554 160 394 54
is_linear=0
shrinkage=0.05


Tree=81
num_leaves=4
num_cat=0
split_feature=0 9 3
split_gain=1.83509 1.89508 2.47804
threshold=0.13000000000000003 -1.4337062485320855 -1.0088462938727589
decision_type=2 2 2
left_child=-1 -2 -3
right_child=1 2 -4
leaf_value=-0.021485663670062924 -0.017172925637596141 -0.011722080191566687 0.0069589116057400509
leaf_weight=4.4896681159734717 7.443829469382762 17.285746112465858 86.339145377278328
leaf_count=46 39 103 420
internal_value=-0.000358358 0.00138443 0.00344659
internal_weight=115.558 111.069 103.625
internal_count=608 562 523
is_linear=0
shrinkage=0.05


Tree=82
num_leaves=7
num_cat=0
split_feature=0 5 8 11 8 12
split_gain=1.80054 3.23941 2.30209 3.32079 2.22531 1.05082
threshold=0.66000000000000014 0.085000000000000034 0.4899717229633605 -0.37052366455156455 0.66496928820476964 0.4305439128892134
decision_type=2 2 2 2 2 2
left_child=2 -2 5 -4 -3 -1
right_child=1 4 3 -5 -6 -7
leaf_value=-0.026207976102636657 0.025754323674400659 0.0091916122895247011 -0.010538974482096734 0.009750467110427952 -0.018465499175140881 0.001021035594439925
leaf_weight=9.4990901499986631 11.136221870779993 11.597822703421118 34.107935726642609 36.639840573072433 8.1790944486856443 4.2082047313451758
leaf_count=47 68 68 176 185 42 22
internal_value=-0.000431674 0.00904348 -0.00421149 -8.11858e-05 -0.00366461 -0.0198099
internal_weight=115.368 30.9131 84.4551 70.7478 19.7769 13.7073
internal_count=608 178 430 361 110 69
is_linear=0
shrinkage=0.05


Tree=83
num_leaves=6
num_cat=0
split_feature=13 11 2 6 6
split_gain=1.67318 2.73571 2.64873 2.6342 0.495198
threshold=-0.23973731851899424 0.98832450130222649 0.07364248651427073 6.5576491814298867 6.3805675622923896
decision_type=8 2 2 2 2
left_child=3 2 -2 -1 -3
right_child=1 4 -4 -5 -6
leaf_value=-0.010516995620181808 -0.010703157478889815 0.026039466843314554 0.0060177085971234757 0.027882348828053218 0.0016663954832988712
leaf_weight=3.8669723197817785 65.214360486716032 3.899357132613658 31.798384249210358 6.6725568026304245 3.6742861866950989
leaf_count=20 349 19 161 38 21
internal_value=-0.000430213 -0.00259051 -0.00519615 0.0149428 0.0195798
internal_weight=115.126 104.586 97.0127 10.5395 7.57364
internal_count=608 550 510 58 40
is_linear=0
shrinkage=0.05


Tree=84
num_leaves=5
num_cat=0
split_feature=0 13 8 3
split_gain=1.7462 1.87354 2.3921 0.833373
threshold=0.13000000000000003 0.22172813105464143 0.4899717229633605 -0.50152188474533355
decision_type=2 10 2 2
left_child=-1 2 -2 -3
right_child=1 3 -4 -5
leaf_value=-0.021045903853015233 -0.0121712472507739 -0.023812135208126986 0.0070226889281138852 0.00021648573210804827
leaf_weight=4.3926504217088214 15.059390738606451 4.7791419103741646 85.197134338319302 5.57714895904064
leaf_count=46 74 33 426 29
internal_value=-0.000324741 0.00137274 0.00369838 -0.0150149
internal_weight=115.005 110.613 100.257 10.3563
internal_count=608 562 500 62
is_linear=0
shrinkage=0.05


Tree=85
num_leaves=6
num_cat=0
split_feature=0 11 8 11 9
split_gain=1.71143 1.7431 3.82608 2.33784 0.387571
threshold=0.85000000000000009 0.11970340714850503 0.74354903399985017 0.86164760024752052 0.4275277101639357
decision_type=2 2 2 2 2
left_child=1 2 -1 -3 -2
right_child=4 3 -4 -5 -6
leaf_value=-0.011591069594301916 0.021505839226667805 0.014872004525477836 0.0214920881569306 -0.0063882722760737962 0.00055180179237430049
leaf_weight=58.418350648134947 4.9857809469103795 22.230519615113735 5.4522682428359976 20.567863039672375 3.1789218708872795
leaf_count=305 34 117 26 106 20
internal_value=-0.000413421 -0.00240718 -0.00741166 0.00505536 0.0166556
internal_weight=114.834 106.669 63.8706 42.7984 8.1647
internal_count=608 554 331 223 54
is_linear=0
shrinkage=0.05


Tree=86
num_leaves=5
num_cat=0
split_feature=0 9 2 9
split_gain=1.66633 1.79467 4.6239 3.78303
threshold=0.13000000000000003 -0.84036350822042627 0.074871917087563009 -0.28326362336813443
decision_type=2 2 2 2
left_child=-1 2 -2 -3
right_child=1 3 -4 -5
leaf_value=-0.020648722015597663 -0.023071181067448366 0.020618745682861105 0.013372442878805103 -0.0017333795396068921
leaf_weight=4.3073099367320529 16.257775112986568 21.876917071640491 10.49558302760124 61.749578796327114
leaf_count=46 89 112 52 309
internal_value=-0.00030869 0.00134545 -0.00891963 0.00494735
internal_weight=114.687 110.38 26.7534 83.6265
internal_count=608 562 141 421
is_linear=0
shrinkage=0.05


Tree=87
num_leaves=7
num_cat=0
split_feature=0 9 5 6 3 13
split_gain=1.62794 2.96552 3.16103 1.9715 2.54324 2.39899
threshold=0.41000000000000009 -1.4337062485320855 0.11250000000000006 7.0536245558050004 -0.90024341446732192 -0.097501874583013903
decision_type=2 2 2 2 2 10
left_child=3 -2 -3 5 -5 -1
right_child=1 2 -4 4 -6 -7
leaf_value=-0.031118396117124837 -0.021058698643224349 0.015044940347969871 -0.0065613199917522501 -0.016273148660065264 0.020855494169008233 -0.0035305508139100148
leaf_weight=7.4690877571701995 5.4120684787631026 43.122861973941326 22.548145703971386 2.8294904790818691 7.5452685207128507 25.658684331923723
leaf_count=40 28 214 116 23 36 151
internal_value=-0.000318132 0.00425836 0.00768708 -0.0074642 0.00873037 -0.0130157
internal_weight=114.586 71.0831 65.671 43.5025 10.3748 33.1278
internal_count=608 358 330 250 59 191
is_linear=0
shrinkage=0.05


Tree=88
num_leaves=6
num_cat=0
split_feature=0 13 6 8 9
split_gain=1.63286 1.62061 2.7816 2.58655 0.371352
threshold=0.85000000000000009 -0.14669390627095044 6.7751410226958599 0.6665241644574148 0.4275277101639357
decision_type=2 8 2 2 2
left_child=1 2 -1 -3 -2
right_child=4 3 -4 -5 -6
leaf_value=-0.007354451767518669 0.021095700479667211 0.00055473053118878016 0.023703975388235744 -0.017280144193473981 0.00054905115589925645
leaf_weight=10.796985760331156 4.9227175861597043 60.660825215280056 9.4944738671183568 25.353563405573368 3.1769030541181564
leaf_count=54 34 324 49 127 20
internal_value=-0.000392572 -0.00234212 0.00899112 -0.00536278 0.0163223
internal_weight=114.405 106.306 20.2915 86.0144 8.09962
internal_count=608 554 103 451 54
is_linear=0
shrinkage=0.05


Tree=89
num_leaves=5
num_cat=0
split_feature=0 4 8 8
split_gain=1.58887 1.7215 2.15827 1.52363
threshold=0.13000000000000003 0.066285099666776578 0.4899717229633605 0.56270036879755414
decision_type=2 2 2 2
left_child=-1 2 -2 -3
right_child=1 3 -4 -5
leaf_value=-0.020280675865053416 -0.011640763515679844 0.0061643384220077604 0.0067297243789621588 -0.023674274367347089
leaf_weight=4.2262440510094157 14.73681131005287 4.0561634898185712 84.439113475382328 6.8284105882048607
leaf_count=46 75 19 432 36
internal_value=-0.000328362 0.0012858 0.00357231 -0.0141146
internal_weight=114.287 110.06 99.1759 10.8846
internal_count=608 562 507 55
is_linear=0
shrinkage=0.05


Tree=90
num_leaves=6
num_cat=0
split_feature=0 8 0 0 8
split_gain=1.54251 1.90802 2.5238 1.52405 0.529828
threshold=0.85750000000000004 0.50277208735007217 0.50000000000000011 0.50000000000000011 0.61512917232578534
decision_type=2 2 2 2 2
left_child=1 3 -3 -1 -2
right_child=4 2 -4 -5 -6
leaf_value=0.00016359576186840687 0.023847569770526621 -0.0064083912438482552 0.0095811142557441862 -0.026076753572288943 0.0006504079558358795
leaf_weight=9.377119332551958 3.1678842753171912 48.584604281932116 40.814302183687687 8.2857582420110685 3.9364669024944305
leaf_count=53 23 264 203 40 25
internal_value=-0.000402295 -0.00221785 0.00101231 -0.0151833 0.0165723
internal_weight=114.166 107.062 89.3989 17.6629 7.10435
internal_count=608 560 467 93 48
is_linear=0
shrinkage=0.05


Tree=91
num_leaves=5
num_cat=0
split_feature=0 13 13 2
split_gain=1.50431 1.6901 2.40487 0.963132
threshold=0.13000000000000003 0.22172813105464143 0.14060316616252941 0.076477377586849846
decision_type=2 10 10 2
left_child=-1 2 -2 -3
right_child=1 3 -4 -5
leaf_value=-0.019884518634445018 -0.00017545490563008125 -0.021235078570074808 0.019402650801003653 0.0043581341914563304
leaf_weight=4.1426504403352729 85.374166570603848 7.0304966047406179 14.191480316221712 3.1923014521598816
leaf_count=46 431 45 69 17
internal_value=-0.000378821 0.00119127 0.00340943 -0.0144366
internal_weight=113.931 109.788 99.5656 10.2228
internal_count=608 562 500 62
is_linear=0
shrinkage=0.05


Tree=92
num_leaves=6
num_cat=0
split_feature=0 11 13 13 9
split_gain=1.4808 1.60808 2.77293 0.544166 0.359801
threshold=0.85000000000000009 0.98832450130222649 -0.23973731851899424 0.1033198865465009 0.4275277101639357
decision_type=2 2 8 8 2
left_child=1 2 -1 -3 -2
right_child=4 3 -4 -5 -6
leaf_value=0.017915102293796129 0.020348729702031707 -0.00025181017093246397 -0.0069932923196896453 0.021664166140234996 0.0003588280663551359
leaf_weight=7.8348466083407402 4.7987244874238959 4.0254560708999625 90.275054730474949 3.7258471921086311 3.1592550724744797
leaf_count=42 34 21 471 20 20
internal_value=-0.00039778 -0.00225131 -0.00423188 0.0146468 0.0156135
internal_weight=113.819 105.861 98.1099 7.7513 7.95798
internal_count=608 554 513 41 54
is_linear=0
shrinkage=0.05


Tree=93
num_leaves=7
num_cat=0
split_feature=3 4 6 4 0 8
split_gain=1.45752 2.41992 4.3622 3.97468 2.23983 1.76127
threshold=-1.0088462938727589 0.053121315258830758 6.8622815378602722 0.027428852047526594 0.56750000000000012 0.6455719990376857
decision_type=2 2 2 2 2 2
left_child=4 3 -3 -2 5 -1
right_child=1 2 -4 -5 -6 -7
leaf_value=-0.0025638395415237317 -0.0032942124189889021 -0.029529250035670803 0.016580114343361291 0.018166260451712532 0.011008334898047922 -0.033619462752375297
leaf_weight=9.7696696631610411 48.154799826443195 8.8681713342666608 4.1355898380279532 32.33465513586998 5.0123038515448561 5.382243786007165
leaf_count=71 259 39 21 153 27 38
internal_value=-0.000266426 0.0024883 -0.014333 0.00588526 -0.0109955 -0.0191998
internal_weight=113.657 93.4932 13.0038 80.4895 20.1642 15.1519
internal_count=608 472 60 412 136 109
is_linear=0
shrinkage=0.05


Tree=94
num_leaves=5
num_cat=0
split_feature=0 6 4 6
split_gain=1.42413 1.60616 2.64794 2.47262
threshold=0.13000000000000003 6.9548342490977371 0.060279255708414033 7.2210462505720328
decision_type=2 2 2 2
left_child=-1 2 -2 -3
right_child=1 3 -4 -5
leaf_value=-0.019396509158218295 0.0014690030957571023 0.019610470043796215 -0.021400709165981649 -0.0052308727147642037
leaf_weight=4.0404734164476386 65.640513978898525 18.910968162119389 10.525746017694471 14.30515545606613
leaf_count=46 334 97 53 78
internal_value=-0.000303336 0.001219 -0.0028151 0.00962742
internal_weight=113.423 109.382 76.1663 33.2161
internal_count=608 562 387 175
is_linear=0
shrinkage=0.05


Tree=95
num_leaves=6
num_cat=0
split_feature=0 8 2 11 8
split_gain=1.39671 1.75471 2.43703 1.47277 0.545058
threshold=0.85750000000000004 0.50277208735007217 0.055411803441704141 0.90165711405764271 0.61512917232578534
decision_type=2 2 2 2 2
left_child=1 3 -3 -1 -2
right_child=4 2 -4 -5 -6
leaf_value=-0.0027606444711235543 0.023303396632402044 0.010272908169884153 -0.0056656748592363547 -0.029908561094303822 0.00023114665871114501
leaf_weight=13.348501414060594 3.0825781896710387 36.205265674740076 52.496050789952278 4.2852317839860907 3.8943828493356705
leaf_count=71 23 198 269 22 25
internal_value=-0.000341556 -0.00207318 0.00104101 -0.0145076 0.0158978
internal_weight=113.312 106.335 88.7013 17.6337 6.97696
internal_count=608 560 467 93 48
is_linear=0
shrinkage=0.05


Tree=96
num_leaves=7
num_cat=0
split_feature=2 2 6 6 9 9
split_gain=1.44443 5.07589 4.77184 3.24582 3.10606 2.82035
threshold=0.075470739835541339 0.056242261735466294 6.7086941390189603 5.9403019575880895 -1.2924343195980879 0.76713392984382656
decision_type=2 2 2 2 2 2
left_child=1 4 3 -2 -1 -3
right_child=2 5 -4 -5 -6 -7
leaf_value=-0.022112395635228526 0.015891801162840294 -0.029751389423333902 0.022119108002861536 -0.022953204872281592 0.0088677489750028874 0.0036548346689244584
leaf_weight=4.6194370090961447 3.8857704326510421 17.176925670355562 18.735675744712353 11.076589979231356 50.291223302483559 7.435939908027648
leaf_count=26 19 99 96 57 274 37
internal_value=-0.000334368 -0.00398402 0.00768033 -0.0114114 0.00463356 -0.0207458
internal_weight=113.222 79.5235 33.698 14.9624 54.9107 24.6129
internal_count=608 436 172 76 300 136
is_linear=0
shrinkage=0.05


Tree=97
num_leaves=5
num_cat=0
split_feature=0 13 5 2
split_gain=1.36142 1.59801 2.36769 1.12459
threshold=0.13000000000000003 0.22172813105464143 0.097500000000000045 0.077130481602957379
decision_type=2 10 2 2
left_child=-1 2 -2 -3
right_child=1 3 -4 -5
leaf_value=-0.019103628834817546 0.0080879986537518017 -0.021439769099784085 -0.0079249672274629961 0.0057466263483625978
leaf_weight=3.9780752621591082 70.244472950696945 7.1057049408555013 28.720110937952995 3.0057318136096001
leaf_count=46 352 46 148 16
internal_value=-0.000370211 0.00112038 0.0032833 -0.0141309
internal_weight=113.054 109.076 98.9646 10.1114
internal_count=608 562 500 62
is_linear=0
shrinkage=0.05


Tree=98
num_leaves=6
num_cat=0
split_feature=0 11 8 11 8
split_gain=1.3763 1.5509 3.52947 2.17344 0.367802
threshold=0.85000000000000009 0.11970340714850503 0.74354903399985017 0.86164760024752052 0.61512917232578534
decision_type=2 2 2 2 2
left_child=1 2 -1 -3 -2
right_child=4 3 -4 -5 -6
leaf_value=-0.011027217760181061 0.020838405630951948 0.014387263371927236 0.020825807792402659 -0.0062327892972551119 0.0011054160092183252
leaf_weight=57.600422684103251 3.8203178867697707 21.909318093210459 5.4012941867113105 20.267601776868105 4.0330891758203506
leaf_count=305 28 117 26 106 26
internal_value=-0.00042567 -0.00221485 -0.0069659 0.00486814 0.0150767
internal_weight=113.032 105.179 63.0017 42.1769 7.85341
internal_count=608 554 331 223 54
is_linear=0
shrinkage=0.05


Tree=99
num_leaves=7
num_cat=0
split_feature=2 7 2 7 13 8
split_gain=1.36708 5.28861 4.62888 3.79313 3.02257 3.00314
threshold=0.075470739835541339 0.36682139722284085 0.056242261735466294 -0.058356830649839757 -0.15319596386608966 0.50277208735007217
decision_type=2 2 2 2 8 2
left_child=2 -2 5 -4 -3 -1
right_child=1 4 3 -5 -6 -7
leaf_value=-0.012490998529884296 0.020631694413539934 0.0089298145989263038 -0.036106120550714271 -3.5195039072527499e-05 -0.030416022845271569 0.011125036167316808
leaf_weight=14.475171752274035 21.680200226604939 5.3389609232544899 11.25159737467766 13.232182387262581 6.6292980387806875 40.291578579694033
leaf_count=75 110 27 66 70 35 225
internal_value=-0.000320206 0.00747936 -0.00387912 -0.0199236 -0.0154048 0.00436039
internal_weight=112.899 33.6485 79.2505 24.4838 11.9683 54.7668
internal_count=608 172 436 136 62 300
is_linear=0
shrinkage=0.05


Tree=100
num_leaves=7
num_cat=0
split_feature=3 8 8 0 3 13
split_gain=1.34805 2.23607 3.97933 2.05116 1.79407 1.48545
threshold=-1.0349702083187962 0.70428385872684196 0.67283284743442751 0.56750000000000012 -1.4142135623730956 0.022804783380618848
decision_type=2 2 2 2 2 10
left_child=3 2 -2 4 -1 -3
right_child=1 5 -4 -5 -6 -7
leaf_value=-0.00016300669686652921 0.0035633206914574924 0.024951879402758462 -0.02402716274845643 0.010215544650921223 -0.031470211451955298 -0.0034690938311845235
leaf_weight=7.6504312679171571 67.351665072143078 10.228135049343107 10.970693834125994 4.9604404866695395 6.5845855325460443 5.0141941159963599
leaf_count=51 349 50 53 27 55 23
internal_value=-0.000386956 0.00222506 -0.00151122 -0.0109475 -0.0190606 0.0170549
internal_weight=112.76 93.5647 78.3224 19.1955 14.235 15.2423
internal_count=608 475 402 133 106 73
is_linear=0
shrinkage=0.05


Tree=101
num_leaves=6
num_cat=0
split_feature=0 11 13 13 9
split_gain=1.31253 1.51024 2.38249 0.519533 0.370562
threshold=0.85000000000000009 0.98832450130222649 -0.23973731851899424 0.1033198865465009 0.4275277101639357
decision_type=2 2 8 8 2
left_child=1 2 -1 -3 -2
right_child=4 3 -4 -5 -6
leaf_value=0.016582950971141576 0.01959479840777803 -0.00031739877524121404 -0.0066535780705674081 0.021107244370750008 -9.1412366439239776e-05
leaf_weight=7.6804523393511772 4.6749222427606574 3.9777237027883521 89.432845093309879 3.6978796645998955 3.1134567409753799
leaf_count=42 34 21 471 20 20
internal_value=-0.000412169 -0.0021614 -0.00409385 0.0142588 0.0147663
internal_weight=112.577 104.789 97.1133 7.6756 7.78838
internal_count=608 554 513 41 54
is_linear=0
shrinkage=0.05


Tree=102
num_leaves=5
num_cat=0
split_feature=0 13 13 2
split_gain=1.27522 1.47863 2.35849 1.02098
threshold=0.13000000000000003 0.22172813105464143 0.08348206245405905 0.077130481602957379
decision_type=2 10 10 2
left_child=-1 2 -2 -3
right_child=1 3 -4 -5
leaf_value=-0.01854347318827914 -0.0013407460464817231 -0.020615728043744661 0.015466502414811796 0.0053834621592009965
leaf_weight=3.8606158867478362 75.016511887311935 6.9701661318540555 23.562368378043175 3.0141623914241791
leaf_count=46 387 46 113 16
internal_value=-0.000284936 0.00115221 0.00322921 -0.0135895
internal_weight=112.424 108.563 98.5789 9.98433
internal_count=608 562 500 62
is_linear=0
shrinkage=0.05


Tree=103
num_leaves=7
num_cat=0
split_feature=2 7 2 7 9 13
split_gain=1.24315 4.90621 4.2957 3.58664 2.88868 2.81024
threshold=0.075470739835541339 0.36682139722284085 0.056242261735466294 -0.058356830649839757 -1.2924343195980879 -0.15319596386608966
decision_type=2 2 2 2 2 8
left_child=2 -2 4 -4 -1 -3
right_child=1 5 3 -5 -6 -7
leaf_value=-0.021618393932163235 0.019813665235450584 0.0085785983762890258 -0.035084033797254693 5.91399235107269e-05 0.0083364638628362336 -0.029443839940603761
leaf_weight=4.5551959276199332 21.619574032723904 5.3137428089976311 11.085982315242292 13.201789420098065 49.969915568828583 6.5841036289930326
leaf_count=26 110 27 66 70 274 35
internal_value=-0.000313386 0.00713517 -0.00371778 -0.0192328 0.00422824 -0.0149488
internal_weight=112.33 33.5174 78.8129 24.2878 54.5251 11.8978
internal_count=608 172 436 136 300 62
is_linear=0
shrinkage=0.05


Tree=104
num_leaves=7
num_cat=0
split_feature=3 8 8 0 3 13
split_gain=1.27818 2.07312 3.73309 1.89632 1.70718 1.39828
threshold=-1.0349702083187962 0.70428385872684196 0.67283284743442751 0.56750000000000012 -1.4142135623730956 0.022804783380618848
decision_type=2 2 2 2 2 10
left_child=3 2 -2 4 -1 -3
right_child=1 5 -4 -5 -6 -7
leaf_value=-0.00015843248256783388 0.0034610681295907213 0.024131005686659542 -0.023292028341001907 0.0097062641155166319 -0.030816874619171455 -0.0034242650974836801
leaf_weight=7.6268315017223367 67.10714103281498 10.167240172624586 10.939076658338307 4.9219040051102629 6.4134649820625791 5.0101588666439048
leaf_count=51 349 50 53 27 55 23
internal_value=-0.000404363 0.00213836 -0.00146528 -0.0107429 -0.0185779 0.0164403
internal_weight=112.186 93.2236 78.0462 18.9622 14.0403 15.1774
internal_count=608 475 402 133 106 73
is_linear=0
shrinkage=0.05


Tree=105
num_leaves=6
num_cat=0
split_feature=0 11 13 6 8
split_gain=1.23859 1.40233 2.16903 0.597522 0.382353
threshold=0.85000000000000009 0.98832450130222649 -0.23973731851899424 6.1439433067209297 0.61512917232578534
decision_type=2 2 8 2 2
left_child=1 2 -1 -3 -2
right_child=4 3 -4 -5 -6
leaf_value=0.015805105719655359 0.020239627494290126 0.021612376552406942 -0.0064368908297287881 -0.00059625593330354216 0.00066128393504047422
leaf_weight=7.6046408042311668 3.7256806194782248 3.2831173986196509 89.048409160226583 4.3632395230233669 3.9807692393660545
leaf_count=42 28 16 471 25 26
internal_value=-0.000428896 -0.00212926 -0.00399557 0.0137142 0.0143662
internal_weight=112.006 104.299 96.653 7.64636 7.70645
internal_count=608 554 513 41 54
is_linear=0
shrinkage=0.05


Tree=106
num_leaves=6
num_cat=0
split_feature=3 9 7 0 3
split_gain=1.20232 2.04607 2.63564 1.78893 1.64965
threshold=-1.0349702083187962 -1.4337062485320855 -0.11194421011754677 0.56750000000000012 -1.4142135623730956
decision_type=2 2 2 2 2
left_child=3 -2 -3 4 -1
right_child=1 2 -4 -5 -6
leaf_value=-2.815336505176661e-05 -0.018785595156655545 0.013706428834732807 -0.0030082501330344446 0.0094759092674770798 -0.03018806646567165
leaf_weight=7.6033406555652627 5.6109003275632849 37.138396911323071 50.327820587903261 4.9003354012966147 6.2652992121875295
leaf_count=51 29 188 258 27 55
internal_value=-0.000298023 0.00215947 0.00444624 -0.0103756 -0.0180422
internal_weight=111.846 93.0771 87.4662 18.769 13.8686
internal_count=608 475 446 133 106
is_linear=0
shrinkage=0.05


Tree=107
num_leaves=7
num_cat=0
split_feature=2 6 2 9 6 7
split_gain=1.18404 4.6801 4.62482 3.28752 2.57699 2.40796
threshold=0.07364248651427073 6.7086941390189603 0.063702324162337925 -1.2924343195980879 5.9403019575880895 0.38069744357540303
decision_type=2 2 2 2 2 2
left_child=2 4 3 -1 -2 -3
right_child=1 5 -4 -5 -6 -7
leaf_value=-0.024417723502926605 0.013403468341505293 0.030839928864535252 -0.027492028790202308 0.006129747336118316 -0.020843222381312958 -0.0023964503732316687
leaf_weight=5.2393000945448867 4.0023856461048153 12.54603147506714 11.485119532793759 59.091869253665209 12.427027389407156 6.9221253097057334
leaf_count=30 20 66 66 325 65 36
internal_value=-0.000346038 0.00660126 -0.00384035 0.00206035 -0.0113196 0.0209475
internal_weight=111.714 35.8976 75.8163 64.3312 16.4294 19.4682
internal_count=608 187 421 355 85 102
is_linear=0
shrinkage=0.05


Tree=108
num_leaves=7
num_cat=0
split_feature=8 5 5 3 11 8
split_gain=1.21028 2.35556 4.8099 3.61176 1.93497 2.78923
threshold=0.4899717229633605 0.069999999999999993 -0.085000000000000006 0.80638258385074157 0.90165711405764271 0.42722451939020345
decision_type=2 2 2 2 2 2
left_child=4 2 -2 -3 5 -1
right_child=1 3 -4 -5 -6 -7
leaf_value=0.020210020301332142 -0.0072757306346562843 0.0084109714582339037 0.019209016198406356 -0.020440217212254239 -0.028233832640649027 -0.01574056890076856
leaf_weight=5.2491021603345889 27.268431715667248 16.034246020019054 33.385195728391409 18.820439949631691 4.3666507154703131 6.4278570376336575
leaf_count=27 161 82 182 96 23 37
internal_value=-0.000382782 0.00191615 0.0076548 -0.00777767 -0.011272 0.00163421
internal_weight=111.552 95.5083 60.6536 34.8547 16.0436 11.677
internal_count=608 521 343 178 87 64
is_linear=0
shrinkage=0.05


Tree=109
num_leaves=5
num_cat=0
split_feature=2 2 2 2
split_gain=1.22599 3.49917 2.54955 1.58252
threshold=0.11837293174009798 0.10802635804488346 0.075470739835541339 0.13045153987687294
decision_type=2 2 2 2
left_child=1 2 -1 -2
right_child=3 -3 -4 -5
leaf_value=-0.0037479396596480671 0.02587314652235519 -0.032003361096742677 0.014396431695048482 -0.0053509994661502386
leaf_weight=78.240366097539663 4.3195843175053579 4.0292452573776236 20.234501630067825 4.6825351864099503
leaf_count=436 21 18 108 25
internal_value=-0.000414944 -0.0022107 0.000495839 0.0135205
internal_weight=111.506 102.504 98.4749 9.00212
internal_count=608 562 544 46
is_linear=0
shrinkage=0.05


Tree=110
num_leaves=6
num_cat=0
split_feature=0 11 13 6 8
split_gain=1.1878 1.29867 2.04777 0.582809 0.36081
threshold=0.85000000000000009 0.98832450130222649 -0.23973731851899424 6.1439433067209297 0.61512917232578534
decision_type=2 2 8 2 2
left_child=1 2 -1 -3 -2
right_child=4 3 -4 -5 -6
leaf_value=0.015421985289397361 0.019868367160912191 0.021005172223274571 -0.0062412624059907107 -0.00078880250656104302 0.00072544445754656487
leaf_weight=7.5412212461233139 3.6651502177119246 3.2728528380393973 88.673401918262243 4.3222295269370079 3.9879645481705666
leaf_count=42 28 16 471 25 26
internal_value=-0.000396073 -0.00206609 -0.00386535 0.013213 0.0141216
internal_weight=111.463 103.81 96.2146 7.59508 7.65311
internal_count=608 554 513 41 54
is_linear=0
shrinkage=0.05


Tree=111
num_leaves=5
num_cat=0
split_feature=2 2 2 2
split_gain=1.16464 3.36582 2.35113 1.50162
threshold=0.11837293174009798 0.10802635804488346 0.075470739835541339 0.13045153987687294
decision_type=2 2 2 2
left_child=1 2 -1 -2
right_child=3 -3 -4 -5
leaf_value=-0.0034619877997749769 0.025347436362762224 -0.031256142220176926 0.01397398217685566 -0.0051361312182239436
leaf_weight=78.09798789024353 4.3048060461878759 4.0228382274508467 20.206943087279797 4.673688605427742
leaf_count=436 21 18 108 25
internal_value=-0.000269068 -0.00202615 0.000624918 0.0133181
internal_weight=111.306 102.328 98.3049 8.97849
internal_count=608 562 544 46
is_linear=0
shrinkage=0.05


Tree=112
num_leaves=5
num_cat=0
split_feature=0 6 4 6
split_gain=1.17528 1.47459 2.22291 2.21393
threshold=0.13000000000000003 6.9548342490977371 0.060279255708414033 7.2308671926941326
decision_type=2 2 2 2
left_child=-1 2 -2 -3
right_child=1 3 -4 -5
leaf_value=-0.017921422730154093 0.0011930249855271091 0.018429305462369764 -0.01994564607170787 -0.0053457892485992116
leaf_weight=3.7288159281015387 64.645370967686176 19.216002397239208 10.260274253785608 13.410897500813006
leaf_count=46 334 100 53 75
internal_value=-0.000256808 0.00112479 -0.00276936 0.00924507
internal_weight=111.261 107.533 74.9056 32.6269
internal_count=608 562 387 175
is_linear=0
shrinkage=0.05


Tree=113
num_leaves=7
num_cat=0
split_feature=9 9 2 3 12 9
split_gain=1.16468 3.49901 3.3396 3.33581 2.20462 1.69644
threshold=-0.84036350822042627 -0.28326362336813443 0.074871917087563009 0.11881974909711666 -0.043654120018726296 -1.2176373256405515
decision_type=2 2 2 2 2 2
left_child=2 3 -1 -2 -3 -4
right_child=1 4 5 -5 -6 -7
leaf_value=-0.020834293071405236 -0.0018308095579809319 -0.012296375536517825 0.022957100905180421 0.033030900323846278 0.0051503252106551902 -0.0072841441374995684
leaf_weight=15.639406308531763 11.499853137880566 30.597306940704584 5.2655673250555992 10.368613511323927 32.669770710170269 5.1157653853297216
leaf_count=91 66 165 27 54 179 26
internal_value=-0.000295289 0.00259304 -0.00864017 0.0177692 -0.00356989 0.0105311
internal_weight=111.156 85.1355 26.0207 21.8685 63.2671 10.3813
internal_count=608 464 144 120 344 53
is_linear=0
shrinkage=0.05


Tree=114
num_leaves=7
num_cat=0
split_feature=8 8 7 3 11 11
split_gain=1.13605 3.6156 2.36681 2.34515 2.24902 4.71272
threshold=0.66377899022808406 0.70428385872684196 0.72609848843264857 -1.0088462938727589 -0.054332832306878791 0.88185059449133663
decision_type=2 2 2 2 2 2
left_child=4 2 -2 -3 -1 -6
right_child=1 3 -4 -5 5 -7
leaf_value=-0.0044826212211915772 -0.029727701295683036 -0.016059327131386344 0.006019852124242408 0.015644274436027932 0.025079457699471099 -0.0087188713203151455
leaf_weight=41.307689111679792 12.374942243099214 3.6727213412523296 4.3136823773384085 15.064785614609717 20.197997000068426 14.083433773368595
leaf_count=231 69 22 21 73 115 77
internal_value=-0.000239993 -0.00707041 -0.02123 0.00735633 0.00320125 0.0118521
internal_weight=111.015 35.4261 16.6886 18.7375 75.5891 34.2814
internal_count=608 185 90 95 423 192
is_linear=0
shrinkage=0.05


Tree=115
num_leaves=7
num_cat=0
split_feature=8 5 5 11 11 8
split_gain=1.13825 2.26179 4.44096 2.6087 1.83655 2.63745
threshold=0.4899717229633605 0.069999999999999993 -0.085000000000000006 -0.96246509994443696 0.90165711405764271 0.42722451939020345
decision_type=2 2 2 2 2 2
left_child=4 2 -2 -3 5 -1
right_child=1 3 -4 -5 -6 -7
leaf_value=0.019738770130334624 -0.0068282515259978655 0.017427556894211899 0.018714544636055413 -0.012981701368624105 -0.027432973620913927 -0.015268852263200265
leaf_weight=5.2386439889669401 27.025420740246773 4.233121581375598 33.24354612082243 30.467755354940891 4.30934128537774 6.3788547664880753
leaf_count=27 161 21 182 157 23 37
internal_value=-0.000254665 0.00197571 0.00761515 -0.00754444 -0.0108486 0.00170641
internal_weight=110.897 94.9698 60.269 34.7009 15.9268 11.6175
internal_count=608 521 343 178 87 64
is_linear=0
shrinkage=0.05


Tree=116
num_leaves=5
num_cat=0
split_feature=2 2 0 2
split_gain=1.16291 3.1234 2.39505 1.40689
threshold=0.11837293174009798 0.10802635804488346 0.65000000000000013 0.13045153987687294
decision_type=2 2 2 2
left_child=1 2 -1 -2
right_child=3 -3 -4 -5
leaf_value=-0.0043472644656323998 0.02496722024370188 -0.030184402985294002 0.011914193377456656 -0.0047448401873647185
leaf_weight=70.607647743076086 4.2736609205603582 4.0128881037235251 27.334476977586746 4.6412093341350555
leaf_count=376 21 18 168 25
internal_value=-0.000256359 -0.00201483 0.000549365 0.013352
internal_weight=110.87 101.955 97.9421 8.91487
internal_count=608 562 544 46
is_linear=0
shrinkage=0.05


Tree=117
num_leaves=5
num_cat=0
split_feature=2 2 0 2
split_gain=1.11172 2.98867 2.20129 1.3444
threshold=0.11837293174009798 0.10802635804488346 0.65000000000000013 0.13045153987687294
decision_type=2 2 2 2
left_child=1 2 -1 -2
right_child=3 -3 -4 -5
leaf_value=-0.0041487745806898192 0.024428608296329812 -0.029534769107825366 0.011472354095164068 -0.0046316816545119502
leaf_weight=70.527746364474297 4.260079547762869 4.0062379240989676 27.164830274879932 4.6390818506479263
leaf_count=376 21 18 168 25
internal_value=-0.000248903 -0.00197133 0.000541994 0.0130631
internal_weight=110.598 101.699 97.6926 8.89916
internal_count=608 562 544 46
is_linear=0
shrinkage=0.05


Tree=118
num_leaves=7
num_cat=0
split_feature=3 1 5 1 12 3
split_gain=1.09177 2.09429 2.05685 4.00512 3.10636 1.4503
threshold=-1.0895960119520993 -0.18109485671014078 0.060000000000000019 0.98352612120390781 -0.26930445805517744 -1.6525731788369815
decision_type=2 2 2 2 2 2
left_child=1 5 3 -2 -4 -1
right_child=2 -3 4 -5 -6 -7
leaf_value=0.0036304286220755402 0.0010058299762656646 0.014170546220532963 -0.020279836342687655 0.032272203402656144 0.0059610360280791799 -0.025297437083472502
leaf_weight=4.534161552786828 48.292616751044989 2.9195640161633483 16.163849666714668 8.1193835958838445 20.499274805188179 9.8051034100353718
leaf_count=29 248 17 82 42 109 81
internal_value=-0.000241873 -0.0102294 0.00203719 0.00776713 -0.0066533 -0.0175766
internal_weight=110.334 17.2588 93.0751 56.412 36.6631 14.3393
internal_count=608 127 481 290 191 110
is_linear=0
shrinkage=0.05


Tree=119
num_leaves=7
num_cat=0
split_feature=2 6 2 8 8 7
split_gain=1.0831 4.13202 4.07175 3.83621 2.46261 1.6548
threshold=0.07364248651427073 6.8560671696986342 0.063702324162337925 0.51845679709081327 0.54847300904912255 0.42889289838910466
decision_type=2 2 2 2 2 2
left_child=2 4 3 -1 -2 -3
right_child=1 5 -4 -5 -6 -7
leaf_value=-0.015903269369253532 0.018261210783842571 0.032342210448564959 -0.025924115219870966 0.0092047692193706464 -0.014623923259235887 -0.00027012377802938673
leaf_weight=16.553485471755266 2.9403933808207539 9.0969178453087789 11.257367033511398 47.054100085049868 18.025811616331339 5.2584691494703284
leaf_count=92 16 50 66 263 92 29
internal_value=-0.000205361 0.00648357 -0.00356956 0.00198776 -0.00738369 0.0234123
internal_weight=110.187 35.3216 74.865 63.6076 20.9662 14.3554
internal_count=608 187 421 355 108 79
is_linear=0
shrinkage=0.05


Tree=120
num_leaves=7
num_cat=0
split_feature=9 9 2 1 12 9
split_gain=1.07873 3.20348 3.11566 2.81589 1.93592 1.55434
threshold=-0.84036350822042627 -0.28326362336813443 0.074871917087563009 -1.09557040096311 -0.043654120018726296 -1.2176373256405515
decision_type=2 2 2 2 2 2
left_child=2 3 -1 -2 -3 -4
right_child=1 4 5 -5 -6 -7
leaf_value=-0.020122440150034681 -0.012396850668894788 -0.011535009019875147 0.022262474843016019 0.024223128326127715 0.0048688210606219863 -0.0068487504789415373
leaf_weight=15.415824823081495 3.4193497151136425 30.340835563838482 5.1590191200375557 18.189212486147881 32.429374951869249 5.0739206448197347
leaf_count=91 26 165 27 94 179 26
internal_value=-0.000188852 0.00259482 -0.00827587 0.0171878 -0.00332624 0.0103178
internal_weight=110.028 84.3788 25.6488 21.6086 62.7702 10.2329
internal_count=608 464 144 120 344 53
is_linear=0
shrinkage=0.05


Tree=121
num_leaves=5
num_cat=0
split_feature=0 8 8 8
split_gain=1.10105 1.37317 3.21246 1.96573
threshold=0.13000000000000003 0.66377899022808406 0.70428385872684196 0.50277208735007217
decision_type=2 2 2 2
left_child=-1 3 -3 -2
right_child=1 2 -4 -5
leaf_value=-0.017389185217554514 -0.0079995935900223376 -0.019963881357453171 0.0071833459345038196 0.0095700873285954561
leaf_weight=3.6182121299207202 17.521356895565987 16.247391477227211 18.451381921768188 54.059662371873856
leaf_count=46 93 86 94 289
internal_value=-0.00017877 0.00116215 -0.00644153 0.00502794
internal_weight=109.898 106.28 34.6988 71.581
internal_count=608 562 180 382
is_linear=0
shrinkage=0.05


Tree=122
num_leaves=6
num_cat=0
split_feature=0 4 4 6 2
split_gain=1.0733 1.32547 3.66169 2.24306 0.546199
threshold=0.85750000000000004 0.027084471216400868 0.020914365781842373 6.8622815378602722 0.06498664343276396
decision_type=2 2 2 2 2
left_child=1 2 -1 -3 -2
right_child=4 3 -4 -5 -6
leaf_value=0.0016497323876862526 0.020368521973322694 -0.0043387123033589202 -0.025922078140004648 0.014778978460251913 -0.0019997807805187378
leaf_weight=35.300413731485605 3.8777239993214598 34.567327503114939 12.861475940793751 20.454316310584545 2.7577714174985886
leaf_count=201 31 177 70 112 17
internal_value=-0.000232469 -0.0017748 -0.00745876 0.0034074 0.0142076
internal_weight=109.819 103.184 48.1619 55.0216 6.6355
internal_count=608 560 271 289 48
is_linear=0
shrinkage=0.05


Tree=123
num_leaves=5
num_cat=0
split_feature=2 2 9 2
split_gain=1.06244 2.82659 2.03736 1.23867
threshold=0.11837293174009798 0.10802635804488346 -0.84036350822042627 0.13045153987687294
decision_type=2 2 2 2
left_child=1 2 -1 -2
right_child=3 -3 -4 -5
leaf_value=-0.011345465169402349 0.023759383294094261 -0.028736795005391211 0.0045417654531253737 -0.0043088399087954738
leaf_weight=22.005758665502071 4.2046783119440061 3.983448125422 74.925416208803654 4.6010508015751839
leaf_count=127 21 18 417 25
internal_value=-0.000211103 -0.00190291 0.000555371 0.0128445
internal_weight=109.72 100.915 96.9312 8.80573
internal_count=608 562 544 46
is_linear=0
shrinkage=0.05


Tree=124
num_leaves=6
num_cat=0
split_feature=0 8 9 0 2
split_gain=1.03421 1.27782 2.25014 1.50656 0.522841
threshold=0.85750000000000004 0.50277208735007217 1.1215714603005973 0.50000000000000011 0.06498664343276396
decision_type=2 2 2 2 2
left_child=1 3 -3 -1 -2
right_child=4 2 -4 -5 -6
leaf_value=0.0021787971868587569 0.020033639118803265 0.0044431564173037482 -0.015650188743792662 -0.023351659586152762 -0.0019149483775613638
leaf_weight=8.9473756253719348 3.8213242664933196 74.10924630984664 11.927158698439596 8.0983134806156141 2.7618760839104652
leaf_count=53 31 401 66 40 17
internal_value=-0.000235797 -0.00174772 0.000951065 -0.0124958 0.0139737
internal_weight=109.665 103.082 86.0364 17.0457 6.5832
internal_count=608 560 467 93 48
is_linear=0
shrinkage=0.05


Tree=125
num_leaves=7
num_cat=0
split_feature=3 1 5 1 11 4
split_gain=1.03548 1.99257 1.9278 3.62262 2.88051 1.39199
threshold=-1.0895960119520993 -0.18109485671014078 0.060000000000000019 0.98352612120390781 -0.96246509994443696 0.051863611164593981
decision_type=2 2 2 2 2 2
left_child=1 5 3 -2 -4 -1
right_child=2 -3 4 -5 -6 -7
leaf_value=-0.025486887188716424 0.00107420013621447 0.013802250076207476 0.01903159650966206 0.030907437664493817 -0.012184536634541304 0.0026605701782918311
leaf_weight=9.0140101201832312 48.102222722023726 2.9005803987383834 4.5415798872709265 8.0408887937664968 31.911580361425877 5.132893666625022
leaf_count=76 248 17 23 42 168 34
internal_value=-0.000254916 -0.0100315 0.00196671 0.00752502 -0.00646896 -0.0172464
internal_weight=109.644 17.0475 92.5963 56.1431 36.4532 14.1469
internal_count=608 127 481 290 191 110
is_linear=0
shrinkage=0.05


Tree=126
num_leaves=5
num_cat=0
split_feature=2 2 2 2
split_gain=1.01591 2.69993 2.02675 1.1786
threshold=0.11837293174009798 0.10802635804488346 0.075470739835541339 0.13045153987687294
decision_type=2 2 2 2
left_child=1 2 -1 -2
right_child=3 -3 -4 -5
leaf_value=-0.0032565523182264289 0.023248906929153587 -0.028075769170301537 0.013036404255154175 -0.0041628599769258584
leaf_weight=76.890216279774904 4.1904435828328115 3.9728178158402434 19.897988114506006 4.6020324900746346
leaf_count=436 21 18 108 25
internal_value=-0.000177406 -0.0018345 0.000568833 0.0125935
internal_weight=109.553 100.761 96.7882 8.79248
internal_count=608 562 544 46
is_linear=0
shrinkage=0.05


Tree=127
num_leaves=6
num_cat=0
split_feature=4 4 0 11 8
split_gain=1.03041 1.60435 2.15946 1.79755 1.41133
threshold=0.066285099666776578 0.043120333749844801 0.32000000000000006 0.11970340714850503 0.56270036879755414
decision_type=2 2 2 2 2
left_child=1 3 -3 -1 -2
right_child=4 2 -4 -5 -6
leaf_value=-0.0077941553674961642 0.0067951473355594601 -0.011334938939770819 0.019650102153329983 0.0066358792545985106 -0.021734176137144002
leaf_weight=46.182803262025118 3.9514612257480604 3.9517822489142445 16.409579306840897 32.53430837392807 6.4709143564105034
leaf_count=261 19 26 81 183 38
internal_value=-0.000166859 0.00162742 0.0125874 -0.00179 -0.0122215
internal_weight=109.501 99.0785 20.3614 78.7171 10.4224
internal_count=608 551 107 444 57
is_linear=0
shrinkage=0.05


Tree=128
num_leaves=6
num_cat=0
split_feature=0 8 9 11 2
split_gain=1.01271 1.19313 2.12449 1.51638 0.495374
threshold=0.85750000000000004 0.50277208735007217 1.1215714603005973 0.90165711405764271 0.06498664343276396
decision_type=2 2 2 2 2
left_child=1 3 -3 -1 -2
right_child=4 2 -4 -5 -6
leaf_value=-0.00075349231889455326 0.019811389816893225 0.0043322031938093242 -0.015220229267575491 -0.027689686607678329 -0.0017240917758153996
leaf_weight=12.929855179041626 3.7843603044748297 73.934763960540295 11.876476000994442 4.112460318952798 2.7731436342000961
leaf_count=71 31 401 66 22 17
internal_value=-0.000175724 -0.00167573 0.000937082 -0.01206 0.0138982
internal_weight=109.411 102.854 85.8112 17.0423 6.5575
internal_count=608 560 467 93 48
is_linear=0
shrinkage=0.05


Tree=129
num_leaves=7
num_cat=0
split_feature=8 8 13 11 11 6
split_gain=1.00012 2.98601 2.82194 2.06071 4.27367 2.46281
threshold=0.66377899022808406 0.68959114888157635 0.011728377156317712 -0.054332832306878791 0.88185059449133663 6.9548342490977371
decision_type=2 2 10 2 2 2
left_child=3 -2 -3 5 -5 -1
right_child=1 2 -4 4 -6 -7
leaf_value=-0.013442023641254887 -0.02404105321843884 0.015630347857244143 -0.013298238634003931 0.024043836794123155 -0.0083602628157238897 0.0090055361748215719
leaf_weight=24.232802208513021 10.355882868170736 14.44185594469309 10.080083094537256 19.881134025752544 13.839740525931118 16.500840671360493
leaf_count=136 57 75 53 115 77 95
internal_value=-0.000213552 -0.00666604 0.0035006 0.00303836 0.0113823 -0.00435831
internal_weight=109.332 34.8778 24.5219 74.4545 33.7209 40.7336
internal_count=608 185 128 423 192 231
is_linear=0
shrinkage=0.05


Tree=130
num_leaves=6
num_cat=0
split_feature=11 11 11 8 8
split_gain=1.02744 2.23151 3.01448 0.585548 0.49786
threshold=0.98832450130222649 0.90165711405764271 0.77985625369343359 0.63421761555082312 0.59765024830225888
decision_type=2 2 2 2 2
left_child=1 2 -1 -3 -2
right_child=4 3 -4 -5 -6
leaf_value=-0.0020895687398910416 -0.001476875443055854 -0.025352992521510617 0.024607019806057704 -0.0018185387542306636 0.019280614229191841
leaf_weight=83.874291427433491 3.2291893400251857 6.25340538471937 7.0132708474993697 4.536231629550457 4.2883407548069954
leaf_count=468 18 34 39 25 24
internal_value=-0.000226072 -0.00180683 0.00114615 -0.0191676 0.0133358
internal_weight=109.195 101.677 90.8876 10.7896 7.51753
internal_count=608 566 507 59 42
is_linear=0
shrinkage=0.05


Tree=131
num_leaves=5
num_cat=0
split_feature=2 2 9 6
split_gain=0.994469 2.57404 1.93547 1.16033
threshold=0.11837293174009798 0.10802635804488346 -0.84036350822042627 6.5158670730232711
decision_type=2 2 2 2
left_child=1 2 -1 -2
right_child=3 -3 -4 -5
leaf_value=-0.01110039940524723 -0.0050899772185354309 -0.02746557510237458 0.0044199351417771081 0.022171097713189657
leaf_weight=21.876894474029541 3.9439549148082715 3.9594028368592253 74.604858499020338 4.7801903337240219
leaf_count=127 21 18 417 25
internal_value=-0.000186204 -0.00182634 0.000527228 0.0124826
internal_weight=109.165 100.441 96.4818 8.72415
internal_count=608 562 544 46
is_linear=0
shrinkage=0.05


Tree=132
num_leaves=6
num_cat=0
split_feature=11 11 11 0 13
split_gain=0.975587 2.19674 3.99141 0.738976 0.530027
threshold=0.98832450130222649 0.86164760024752052 0.77985625369343359 0.55750000000000022 0.1033198865465009
decision_type=2 2 2 2 8
left_child=1 2 -1 -3 -2
right_child=4 3 -4 -5 -6
leaf_value=-0.0019941574168878119 -0.0011288041956952002 -0.022784543208634312 0.031760309580453117 0.0010413117126706031 0.019864121906022089
leaf_weight=83.814163986593485 3.8194575160741797 9.3947151415050012 4.7262727767229071 3.6601704135537139 3.6912729814648628
leaf_count=468 21 50 27 21 21
internal_value=-0.00021445 -0.00175579 0.00140902 -0.0176661 0.013004
internal_weight=109.106 101.595 88.5404 13.0549 7.51073
internal_count=608 566 495 71 42
is_linear=0
shrinkage=0.05


Tree=133
num_leaves=7
num_cat=0
split_feature=2 2 6 8 13 7
split_gain=0.969308 3.78676 3.69587 3.19009 2.47266 1.94315
threshold=0.07364248651427073 0.06498664343276396 6.7086941390189603 0.51845679709081327 -0.095400047655884446 0.38069744357540303
decision_type=2 2 2 2 10 2
left_child=1 3 4 -1 -2 -4
right_child=2 -3 5 -5 -6 -7
leaf_value=-0.014753072436343904 -0.025745955282835277 -0.026724155898831117 0.028159024609224394 0.0080895209786306776 0.0062640558736941389 -0.0019947293694803805
leaf_weight=16.457674130797386 6.5983184278011313 9.2266945876181108 12.050976119935514 48.425793938338757 9.38880632445216 6.8714177384972563
leaf_count=94 34 54 66 273 51 36
internal_value=-0.000145526 -0.00334437 0.00621358 0.0016545 -0.00993359 0.0190808
internal_weight=109.02 74.1102 34.9095 64.8835 15.9871 18.9224
internal_count=608 421 187 367 85 102
is_linear=0
shrinkage=0.05


Tree=134
num_leaves=7
num_cat=0
split_feature=13 13 1 1 2 2
split_gain=0.98228 2.43032 2.09218 2.04186 1.92885 0.53506
threshold=0.22172813105464143 0.13010658144641721 0.89511993945791613 0.78266834782917083 0.086688682258340866 0.038091399344400444
decision_type=10 10 2 2 2 2
left_child=1 2 -1 -3 5 -2
right_child=4 3 -4 -5 -6 -7
leaf_value=-0.0078258361923601878 -0.00064789440150203256 0.02601650017181556 0.0076355808864583471 -0.0066633326128926239 0.01231409807791305 -0.026639106053856561
leaf_weight=52.996928475797176 2.7739442065358144 10.709761291742323 30.355973564088345 4.4172195941209784 2.4671930521726608 5.1890074200928211
leaf_count=294 17 55 164 23 14 41
internal_value=-0.000197165 0.00156602 -0.00208155 0.017189 -0.0119578 -0.0213271
internal_weight=108.91 98.4799 83.3529 15.127 10.4301 7.96295
internal_count=608 536 458 78 72 58
is_linear=0
shrinkage=0.05


Tree=135
num_leaves=7
num_cat=0
split_feature=8 8 7 13 11 11
split_gain=1.00728 2.80445 2.33923 2.03334 1.87767 3.68832
threshold=0.66377899022808406 0.70428385872684196 0.72609848843264857 0.011728377156317712 -0.054332832306878791 0.88185059449133663
decision_type=2 2 2 10 2 2
left_child=4 2 -2 -3 -1 -6
right_child=1 3 -4 -5 5 -7
leaf_value=-0.0039985522862709044 -0.027841699445079089 0.01724984647201008 0.0071009605053446688 -0.010128343728403121 0.022811062541399682 -0.0074424032059617912
leaf_weight=40.525384526699781 12.096878059208395 10.795796781778337 4.2729929834604254 7.5533364936709395 19.803708486258984 13.716343663632868
leaf_count=231 69 56 21 39 115 77
internal_value=-0.000178963 -0.00666755 -0.0191933 0.00622424 0.00309276 0.0110723
internal_weight=108.764 34.719 16.3699 18.3491 74.0454 33.5201
internal_count=608 185 90 95 423 192
is_linear=0
shrinkage=0.05


Tree=136
num_leaves=6
num_cat=0
split_feature=4 4 0 3 8
split_gain=0.975268 1.45552 2.00457 1.60669 1.28833
threshold=0.066285099666776578 0.043120333749844801 0.32000000000000006 -0.38214213965921978 0.56270036879755414
decision_type=2 2 2 2 2
left_child=1 3 -3 -1 -2
right_child=4 2 -4 -5 -6
leaf_value=-0.010874904096542452 0.0063443256059660409 -0.011027220368128367 0.0189009455443209 0.0033324464584490454 -0.02104130752554291
leaf_weight=25.552557330578566 3.9428850039839727 3.901187069714072 16.243043646216393 52.622563328593969 6.3949737772345543
leaf_count=168 19 26 81 276 38
internal_value=-0.000175108 0.00157885 0.0120647 -0.00168599 -0.0119331
internal_weight=108.657 98.3194 20.1442 78.1751 10.3379
internal_count=608 551 107 444 57
is_linear=0
shrinkage=0.05


Tree=137
num_leaves=6
num_cat=0
split_feature=11 11 11 0 13
split_gain=0.953774 1.95734 3.72968 0.671133 0.47997
threshold=0.98832450130222649 0.86164760024752052 0.77985625369343359 0.55750000000000022 0.1033198865465009
decision_type=2 2 2 2 8
left_child=1 2 -1 -3 -2
right_child=4 3 -4 -5 -6
leaf_value=-0.002028337110301971 -0.00085091631855542787 -0.021727994510940436 0.030661568791314209 0.0010044964059511704 0.01940288729525589
leaf_weight=83.419411201030016 3.8064046800136557 9.2564532198011857 4.6894261427223674 3.6524102315306655 3.6738205552101135
leaf_count=468 21 50 27 21 21
internal_value=-0.000198422 -0.00172918 0.00126463 -0.0168114 0.0128847
internal_weight=108.498 101.018 88.1088 12.9089 7.48023
internal_count=608 566 495 71 42
is_linear=0
shrinkage=0.05


Tree=138
num_leaves=6
num_cat=0
split_feature=0 2 2 5 13
split_gain=0.947782 1.84061 2.58173 0.859424 0.136311
threshold=0.20000000000000004 0.11837293174009798 0.10802635804488346 -0.074999999999999997 0.21084658580274238
decision_type=2 2 2 2 10
left_child=3 2 -2 4 -1
right_child=1 -3 -4 -5 -6
leaf_value=-0.021676695712577559 0.0016033952624055717 0.01967477189330653 -0.026631655209801847 0.0057393331296882932 -0.0016696784478091012
leaf_weight=4.2928963638842106 88.652460310608149 7.2895745784044257 3.867745727300643 2.3864436298608762 1.9228105768561361
leaf_count=44 473 34 17 20 20
internal_value=-0.000130596 0.00148644 -0.000881877 -0.0125425 -0.0189911
internal_weight=108.412 99.8098 92.5202 8.60215 6.21571
internal_count=608 524 490 84 64
is_linear=0
shrinkage=0.05


Tree=139
num_leaves=6
num_cat=0
split_feature=0 5 3 1 5
split_gain=0.927461 1.3149 3.23879 2.90314 0.439
threshold=0.85750000000000004 0.069999999999999993 0.5499032173855648 0.98352612120390781 0.18250000000000002
decision_type=2 2 2 2 2
left_child=1 3 -3 -1 -2
right_child=4 2 -4 -5 -6
leaf_value=-0.0022260763145388559 0.019004551329178877 0.009032118951243822 -0.020182343205544601 0.023061901554549107 -0.0014606601686353209
leaf_weight=61.985455952584743 3.6483492627739897 11.79580143839121 19.363948851823807 8.7167537137866002 2.8050902932882309
leaf_count=360 31 60 95 45 17
internal_value=-0.000175111 -0.00161704 -0.00940327 0.00220891 0.0133547
internal_weight=108.315 101.862 31.1598 70.7022 6.45344
internal_count=608 560 155 405 48
is_linear=0
shrinkage=0.05


Tree=140
num_leaves=5
num_cat=0
split_feature=9 13 13 0
split_gain=0.9248 1.83691 2.77178 2.3989
threshold=-1.4337062485320855 0.090589685023480235 0.053315134825582595 0.19000000000000003
decision_type=2 10 10 2
left_child=-1 2 -2 -3
right_child=1 3 -4 -5
leaf_value=-0.013487722399365585 0.00099544100326288856 -0.01410156047026434 -0.025363001808950066 0.017094535732692789
leaf_weight=6.6330559514462939 67.421663697808981 3.7865583486855057 6.6392669714987269 23.778174448758364
leaf_count=39 373 38 36 122
internal_value=-0.000105717 0.00135924 -0.00282207 0.011302
internal_weight=108.259 101.626 74.0609 27.5647
internal_count=608 569 409 160
is_linear=0
shrinkage=0.05


Tree=141
num_leaves=5
num_cat=0
split_feature=0 5 1 12
split_gain=0.977181 1.24685 2.49831 2.29895
threshold=0.13000000000000003 0.069999999999999993 0.98352612120390781 -0.75905655460631627
decision_type=2 2 2 2
left_child=-1 2 -2 -3
right_child=1 3 -4 -5
leaf_value=-0.01655471011042986 0.00039371067499986869 -0.023321801855882483 0.023740013939748589 0.0017765295717191987
leaf_weight=3.4503508359193793 59.033549953252077 8.0204795897006971 9.272117115557192 28.42073030769825
leaf_count=46 319 41 50 152
internal_value=-0.00017801 0.00109108 0.00496593 -0.00589481
internal_weight=108.197 104.747 68.3057 36.4412
internal_count=608 562 369 193
is_linear=0
shrinkage=0.05


Tree=142
num_leaves=7
num_cat=0
split_feature=8 8 7 3 10 13
split_gain=0.930749 2.57926 2.2037 1.9219 1.70733 2.87896
threshold=0.66377899022808406 0.70428385872684196 0.72609848843264857 -1.0088462938727589 0.010000000000000007 0.085461221961913872
decision_type=2 2 2 2 2 10
left_child=4 2 -2 -3 5 -1
right_child=1 3 -4 -5 -6 -7
leaf_value=-0.026581574083039308 -0.026928087800696138 -0.015196613546196553 0.0069911935668209458 0.013608097812568746 0.0062587274567248476 0.01211621969017781
leaf_weight=6.4901907630264741 12.002477068454029 3.555514674633744 4.2532556056976309 14.710072323679922 62.699062004685402 4.4127149358391762
leaf_count=48 69 22 21 73 344 31
internal_value=-0.000199977 -0.00645098 -0.0184963 0.00594018 0.00295577 -0.0120343
internal_weight=108.123 34.5213 16.2557 18.2656 73.602 10.9029
internal_count=608 185 90 95 423 79
is_linear=0
shrinkage=0.05


Tree=143
num_leaves=6
num_cat=0
split_feature=4 4 1 11 8
split_gain=0.925698 1.34057 2.00093 1.45565 1.19032
threshold=0.066285099666776578 0.043120333749844801 1.6472809677969205 0.11970340714850503 0.56270036879755414
decision_type=2 2 2 2 2
left_child=1 3 -3 -1 -2
right_child=4 2 -4 -5 -6
leaf_value=-0.007096901955502475 0.0059509592752124583 0.019699014307888157 -0.0087851571070976832 0.0059624621241740165 -0.020499322385993984
leaf_weight=45.691253315657377 3.932239316403864 14.38675180077553 5.5967295914888373 32.081188321113586 6.3315067552030087
leaf_count=261 19 80 27 183 38
internal_value=-0.000256438 0.00146123 0.0115599 -0.00167514 -0.0117358
internal_weight=108.02 97.7559 19.9835 77.7724 10.2637
internal_count=608 551 107 444 57
is_linear=0
shrinkage=0.05


Tree=144
num_leaves=6
num_cat=0
split_feature=0 5 3 1 2
split_gain=0.911753 1.12059 2.93934 2.54197 0.477535
threshold=0.85750000000000004 0.069999999999999993 0.5499032173855648 0.98352612120390781 0.06498664343276396
decision_type=2 2 2 2 2
left_child=1 3 -3 -1 -2
right_child=4 2 -4 -5 -6
leaf_value=-0.0022703666851919178 0.01907855583495037 0.0087173986664342666 -0.019122221547737319 0.021438783381602742 -0.0018879482884284213
leaf_weight=61.795498102903366 3.657648801803588 11.743325106799604 19.381943136453629 8.6507054567337018 2.7570131048560143
leaf_count=360 31 60 95 45 17
internal_value=-0.000254401 -0.0016822 -0.00886578 0.00186894 0.0131875
internal_weight=107.986 101.571 31.1253 70.4462 6.41466
internal_count=608 560 155 405 48
is_linear=0
shrinkage=0.05


Tree=145
num_leaves=7
num_cat=0
split_feature=2 6 2 7 13 9
split_gain=0.919895 3.52686 3.46611 3.30175 2.76025 1.96661
threshold=0.07364248651427073 6.816730324215432 0.056242261735466294 -0.058356830649839757 -0.098248401760382603 -1.2924343195980879
decision_type=2 2 2 2 10 2
left_child=2 4 5 -4 -2 -1
right_child=1 -3 3 -5 -6 -7
leaf_value=-0.018070269764686731 -0.025692727988350289 0.020758393618728627 -0.034113646733124725 0.0014301984533451734 0.0063395324320767651 0.0071173364864262172
leaf_weight=4.2010927163064471 6.5651597529649743 15.473912306129931 9.5665074028074759 11.149190109223126 12.518303520977497 48.448400761932135
leaf_count=26 34 86 60 61 67 274
internal_value=-0.000183783 0.00603991 -0.00331367 -0.0184253 -0.00772657 0.00371459
internal_weight=107.923 34.5574 73.3652 20.7157 19.0835 52.6495
internal_count=608 187 421 121 101 300
is_linear=0
shrinkage=0.05


Tree=146
num_leaves=7
num_cat=0
split_feature=13 13 3 2 1 2
split_gain=0.910198 2.24828 1.82828 1.80678 0.953689 0.485174
threshold=0.22172813105464143 0.14060316616252941 -1.0895960119520993 0.086688682258340866 -0.90041851125336614 0.038091399344400444
decision_type=10 10 2 2 2 2
left_child=1 2 -1 5 -3 -2
right_child=3 4 -4 -5 -6 -7
leaf_value=-0.017623173965556155 -0.00077429863115152317 -0.00084801979391526262 0.0012583673319880293 0.011879381191495829 0.023958522507641779 -0.02588942812481167
leaf_weight=10.397684417665003 2.7688215896487218 4.9370528459548941 73.426782339811325 2.4562835097312927 8.7186889052391034 5.0618877783417702
leaf_count=81 17 29 383 14 43 41
internal_value=-0.000269135 0.00144014 -0.00194391 -0.0116397 0.0171664 -0.0207714
internal_weight=107.767 97.4802 83.8245 10.287 13.6557 7.83071
internal_count=608 536 464 72 72 58
is_linear=0
shrinkage=0.05


Tree=147
num_leaves=5
num_cat=0
split_feature=2 2 0 6
split_gain=0.861121 2.29622 1.748 1.08352
threshold=0.11837293174009798 0.10802635804488346 0.65000000000000013 6.5158670730232711
decision_type=2 2 2 2
left_child=1 2 -1 -2
right_child=3 -3 -4 -5
leaf_value=-0.0037786606296402975 -0.0052383776404470415 -0.02607735641000666 0.010313943128561003 0.021068487346269444
leaf_weight=68.822422709316015 3.8726235888898355 3.9115229099988928 26.356999516487122 4.6587281972169876
leaf_count=376 21 18 168 25
internal_value=-0.000274438 -0.00180539 0.000443848 0.0116039
internal_weight=107.622 99.0909 95.1794 8.53135
internal_count=608 562 544 46
is_linear=0
shrinkage=0.05


Tree=148
num_leaves=7
num_cat=0
split_feature=2 2 6 8 13 2
split_gain=0.861018 3.31117 3.26987 2.90397 2.59082 1.27877
threshold=0.07364248651427073 0.06498664343276396 6.816730324215432 0.51845679709081327 -0.095400047655884446 0.10968573062595598
decision_type=2 2 2 2 10 2
left_child=1 3 4 -1 -2 -4
right_child=2 -3 5 -5 -6 -7
leaf_value=-0.014299603617039658 -0.024393126695171997 -0.025326691268912623 0.026378222938650178 0.0076106450417117852 0.0065036799963784017 -0.002273821981172452
leaf_weight=16.243568193167448 6.9336054101586351 9.0157773010432702 11.222713895142077 47.723796132951975 12.096679881215096 4.1448137909173957
leaf_count=94 36 54 63 273 65 23
internal_value=-0.00026926 -0.00330181 0.00576748 0.00141353 -0.00748666 0.0199893
internal_weight=107.381 72.9831 34.3978 63.9674 19.0303 15.3675
internal_count=608 421 187 367 101 86
is_linear=0
shrinkage=0.05


Tree=149
num_leaves=7
num_cat=0
split_feature=8 8 13 2 9 0
split_gain=0.892269 2.43064 2.51162 1.71818 4.24685 2.61406
threshold=0.66377899022808406 0.68959114888157635 0.011728377156317712 0.042274724790894565 0.34418906503860686 0.75000000000000011
decision_type=2 2 10 2 2 2
left_child=3 -2 -3 5 -5 -1
right_child=1 2 -4 4 -6 -7
leaf_value=-0.015100894146167372 -0.022174929692931573 0.01449303487939789 -0.012950385397272163 0.01879646481248021 -0.0084275625055285717 0.017118722345275842
leaf_weight=19.059780634939674 10.188824903219937 14.116851121187212 9.9335606358945352 29.302096784114838 20.721928298473358 3.9532227367162696
leaf_count=103 57 75 53 174 116 30
internal_value=-0.000313662 -0.00645133 0.00288002 0.00279263 0.00777815 -0.00749853
internal_weight=107.276 34.2392 24.0504 73.037 50.024 23.013
internal_count=608 185 128 423 290 133
is_linear=0
shrinkage=0.05


Tree=150
num_leaves=7
num_cat=0
split_feature=9 9 3 9 9 7
split_gain=0.901088 2.72562 2.51915 2.36391 1.9129 1.79175
threshold=-0.84036350822042627 -0.28326362336813443 -0.29217702852618993 -1.0647984276644009 -1.4337062485320855 0.61785620485153769
decision_type=2 2 2 2 2 2
left_child=3 2 -2 4 -1 -3
right_child=1 5 -4 -5 -6 -7
leaf_value=-0.013141887370494754 -0.0050516348291639373 -0.0098206733652780008 0.02624860738616866 -0.024887893116430151 0.013639122188433189 0.0063061242210882829
leaf_weight=6.5058007724583193 7.789261873811486 36.283130168914795 13.18781493604183 7.1358110941946498 11.161710388958454 25.112346347421408
leaf_count=39 51 206 69 45 60 138
internal_value=-0.000316904 0.00225771 0.0158909 -0.00781158 0.00305387 -0.00324624
internal_weight=107.176 82.3726 20.9771 24.8033 17.6675 61.3955
internal_count=608 464 120 144 99 344
is_linear=0
shrinkage=0.05


Tree=151
num_leaves=5
num_cat=0
split_feature=4 11 11 8
split_gain=0.87611 1.2071 1.66367 1.10062
threshold=0.066285099666776578 0.98832450130222649 0.86164760024752052 0.56270036879755414
decision_type=2 2 2 2
left_child=1 2 -1 -2
right_child=3 -3 -4 -5
leaf_value=0.0023755955899659315 0.0056074836304567657 0.01638559163484685 -0.014773865779773654 -0.019974132179551796
leaf_weight=78.008241344243288 3.9038583785295469 6.829327378422021 12.053754214197395 6.2371465936303139
leaf_count=447 19 37 67 38
internal_value=-0.000316421 0.00136493 -0.000576002 -0.0115266
internal_weight=107.032 96.8913 90.062 10.141
internal_count=608 551 514 57
is_linear=0
shrinkage=0.05


Tree=152
num_leaves=7
num_cat=0
split_feature=9 9 8 2 12 9
split_gain=0.865952 2.52788 2.51252 2.32974 1.83821 1.42989
threshold=-0.84036350822042627 -0.28326362336813443 0.64698744516606699 0.074871917087563009 -0.043654120018726296 -1.2176373256405515
decision_type=2 2 2 2 2 2
left_child=3 2 -2 -1 -3 -5
right_child=1 4 -4 5 -6 -7
leaf_value=-0.01806014249646767 0.026468876702942574 -0.011174460251085046 -0.0044204265751334485 0.020394224451709395 0.0049645537458335824 -0.007403808330207446
leaf_weight=14.806396555155517 12.300452221184971 29.67716808244586 8.6121052764356119 4.9650015980005264 31.636655237525702 4.9889255017042142
leaf_count=91 70 165 50 27 179 26
internal_value=-0.000324107 0.00220275 0.0153498 -0.00767579 -0.00310062 0.00864471
internal_weight=106.987 82.2264 20.9126 24.7603 61.3138 9.95393
internal_count=608 464 120 144 344 53
is_linear=0
shrinkage=0.05


Tree=153
num_leaves=6
num_cat=0
split_feature=3 0 3 8 12
split_gain=0.840455 3.10038 2.06959 4.21194 2.06446
threshold=1.6329931618554518 0.55750000000000022 1.1470786693528097 0.59439758666651277 -0.92886343598617815
decision_type=2 2 2 2 2
left_child=2 -2 4 -4 -1
right_child=1 -3 3 -5 -6
leaf_value=0.021807764467900254 -0.013724432625313277 0.028727026763013603 0.011718688928291157 -0.030086301235282782 -0.0011281287807258557
leaf_weight=6.2119525521993628 3.7693125978112203 4.5446938946843147 6.3271588310599354 10.695855632424353 75.375948533415794
leaf_count=37 19 22 33 54 443
internal_value=-0.000284304 0.0115545 -0.00179187 -0.0154153 0.00177661
internal_weight=106.925 8.31401 98.6109 17.023 81.5879
internal_count=608 41 567 87 480
is_linear=0
shrinkage=0.05


Tree=154
num_leaves=7
num_cat=0
split_feature=3 1 5 1 11 3
split_gain=0.850356 1.63836 1.62715 2.62407 2.53393 1.3184
threshold=-1.0895960119520993 -0.18109485671014078 0.060000000000000019 0.98352612120390781 -0.96246509994443696 -1.6525731788369815
decision_type=2 2 2 2 2 2
left_child=1 5 3 -2 -4 -1
right_child=2 -3 4 -5 -6 -7
leaf_value=0.0040818462716111573 0.001364358340342636 0.012545519637541422 0.01802044270523483 0.027097859120973455 -0.011452423430162915 -0.023512848159322364
leaf_weight=4.3639687858521947 47.156037695705891 2.7897324264049521 4.4241745769977561 7.7469807416200629 31.237330794334412 9.1706711277365685
leaf_count=29 248 17 23 42 168 81
internal_value=-0.000231 -0.00924971 0.00179353 0.00695416 -0.00602972 -0.0159146
internal_weight=106.889 16.3244 90.5645 54.903 35.6615 13.5346
internal_count=608 127 481 290 191 110
is_linear=0
shrinkage=0.05


Tree=155
num_leaves=5
num_cat=0
split_feature=0 4 4 2
split_gain=0.895877 1.18628 3.14126 2.70749
threshold=0.13000000000000003 0.020914365781842373 0.027084471216400868 0.063702324162337925
decision_type=2 2 2 2
left_child=-1 3 -3 -2
right_child=1 2 -4 -5
leaf_value=-0.015954947776220984 0.015524729881616595 -0.020705411910255982 0.0030004019411160711 -0.010770814070362164
leaf_weight=3.3273084498941889 26.183461934328079 13.456674642860888 53.710028376430273 10.113224927335976
leaf_count=46 149 74 285 54
internal_value=-0.000156793 0.00106334 -0.00285449 0.00778109
internal_weight=106.791 103.463 67.1667 36.2967
internal_count=608 562 359 203
is_linear=0
shrinkage=0.05


Tree=156
num_leaves=5
num_cat=0
split_feature=2 2 2 2
split_gain=0.846204 2.12461 1.60109 1.00516
threshold=0.11837293174009798 0.10802635804488346 0.075470739835541339 0.13045153987687294
decision_type=2 2 2 2
left_child=1 2 -1 -2
right_child=3 -3 -4 -5
leaf_value=-0.0030147999087458363 0.021535149467155262 -0.02513039689211163 0.011596131014379214 -0.0039904542402151195
leaf_weight=74.908970400691032 3.9915709979832155 3.8762884810566893 19.505397286266088 4.4550371915102005
leaf_count=436 21 18 108 25
internal_value=-0.000213908 -0.00174078 0.000435131 0.0115944
internal_weight=106.737 98.2907 94.4144 8.44661
internal_count=608 562 544 46
is_linear=0
shrinkage=0.05


Tree=157
num_leaves=6
num_cat=0
split_feature=4 4 1 11 8
split_gain=0.864626 1.15705 1.80819 1.41111 0.992261
threshold=0.066285099666776578 0.043120333749844801 1.6472809677969205 0.11970340714850503 0.56270036879755414
decision_type=2 2 2 2 2
left_child=1 3 -3 -1 -2
right_child=4 2 -4 -5 -6
leaf_value=-0.0068569644575374959 0.0050893704154530255 0.018677944030284319 -0.008497127962081295 0.0060535101885452478 -0.019388937764635791
leaf_weight=45.077952064573765 3.8918089345097524 14.192425176501276 5.5075497254729262 31.841634929180145 6.1681374311447144
leaf_count=261 19 80 27 183 38
internal_value=-0.000201067 0.00146458 0.0108984 -0.00146926 -0.0113735
internal_weight=106.68 96.6196 19.7 76.9196 10.0599
internal_count=608 551 107 444 57
is_linear=0
shrinkage=0.05


Tree=158
num_leaves=7
num_cat=0
split_feature=13 13 3 2 11 2
split_gain=0.838081 2.07805 1.7267 1.70905 1.40896 0.631098
threshold=0.22172813105464143 0.14060316616252941 -1.0895960119520993 0.086688682258340866 -0.37052366455156455 0.037761815386185511
decision_type=10 10 2 2 2 2
left_child=1 2 -1 5 -3 -2
right_child=3 4 -4 -5 -6 -7
leaf_value=-0.017189938826690909 0.00066529538204355781 -0.0033831897941278828 0.0012821109155969276 0.011630728073422305 0.025011784079756273 -0.025816330876423446
leaf_weight=10.171025432646273 2.5788172334432584 4.8574796319007865 72.872978430241346 2.4457526132464409 8.6217491775751096 5.0954445265233517
leaf_count=81 16 27 383 14 45 42
internal_value=-0.000202236 0.00144211 -0.00182803 -0.0111763 0.0166324 -0.0201657
internal_weight=106.643 96.5232 83.044 10.12 13.4792 7.67426
internal_count=608 536 464 72 72 58
is_linear=0
shrinkage=0.05


Tree=159
num_leaves=6
num_cat=0
split_feature=0 13 6 6 5
split_gain=0.825424 1.03536 2.21406 1.47638 0.374923
threshold=0.85750000000000004 -0.23973731851899424 6.2025114283583864 6.6379392020520411 0.18250000000000002
decision_type=2 8 2 2 2
left_child=1 3 -3 -1 -2
right_child=4 2 -4 -5 -6
leaf_value=-0.0079189763341685395 0.017966197409136228 0.011065857158652095 -0.0069674660442991202 0.022741196400516653 -0.0011954886813065136
leaf_weight=3.3216887935996056 3.464374177157878 16.839638616889715 75.475682601332664 4.6179378218948841 2.8154388815164566
leaf_count=18 31 89 424 29 17
internal_value=-0.000210551 -0.00157915 -0.00327839 0.0118106 0.0126535
internal_weight=106.535 100.255 92.3153 7.93963 6.27981
internal_count=608 560 513 47 48
is_linear=0
shrinkage=0.05


Tree=160
num_leaves=6
num_cat=0
split_feature=4 4 4 2 11
split_gain=0.816536 1.12943 3.06632 2.15607 0.98933
threshold=0.066285099666776578 0.027428852047526594 0.020914365781842373 0.035187965080676176 -0.72839587902384484
decision_type=2 2 2 2 2
left_child=1 2 -1 -3 -2
right_child=4 3 -4 -5 -6
leaf_value=0.0042661322337217561 0.006698013862423054 -0.018495899890465697 -0.019917773646723539 0.010548539942571766 -0.018032429386271302
leaf_weight=38.482986193150282 2.9178163930773735 2.7740179523825637 13.942977193742989 41.200756607577205 7.0980419963598234
leaf_count=233 17 15 81 222 40
internal_value=-0.000119894 0.00149669 -0.00333991 0.0070151 -0.0109966
internal_weight=106.417 96.4007 52.426 43.9748 10.0159
internal_count=608 551 314 237 57
is_linear=0
shrinkage=0.05


Tree=161
num_leaves=7
num_cat=0
split_feature=0 9 5 4 6 9
split_gain=0.80686 1.83632 2.07652 1.6128 1.72307 1.62141
threshold=0.41000000000000009 -1.4337062485320855 0.11250000000000006 0.026380559360284429 6.7537079590403222 -0.40865450149285354
decision_type=2 2 2 2 2 2
left_child=3 -2 -3 5 -5 -1
right_child=1 2 -4 4 -6 -7
leaf_value=0.0027095500689115364 -0.017539602368477125 0.012086171125639894 -0.0058184082065845036 -0.0090326607633534044 0.014640346299934015 -0.023598202958451796
leaf_weight=7.7507933974266079 4.6746702976524821 40.219579271972179 21.469890527427197 10.086121935397388 11.130474351346491 11.048192825168369
leaf_count=49 28 214 116 58 64 79
internal_value=-0.000192518 0.00312242 0.00588577 -0.00542638 0.0038101 -0.0144611
internal_weight=106.38 66.3641 61.6895 40.0156 21.2166 18.799
internal_count=608 358 330 250 122 128
is_linear=0
shrinkage=0.05


Tree=162
num_leaves=5
num_cat=0
split_feature=2 2 0 6
split_gain=0.828198 2.01229 1.58747 0.95134
threshold=0.11837293174009798 0.10802635804488346 0.65000000000000013 6.5158670730232711
decision_type=2 2 2 2
left_child=1 2 -1 -2
right_child=3 -3 -4 -5
leaf_value=-0.0036745078050012918 -0.0046422115485386132 -0.024560818469219252 0.0098325053335841205 0.020304087553414549
leaf_weight=67.987921133637428 3.8163279928266984 3.8430926874279967 25.996744729578495 4.577079176902771
leaf_count=376 21 18 168 25
internal_value=-0.000243533 -0.00175646 0.000369562 0.0114628
internal_weight=106.221 97.8278 93.9847 8.39341
internal_count=608 562 544 46
is_linear=0
shrinkage=0.05


Tree=163
num_leaves=7
num_cat=0
split_feature=2 2 7 8 0 13
split_gain=0.823128 3.10321 2.89267 2.69381 2.00983 1.85984
threshold=0.073210073992960548 0.06498664343276396 0.36682139722284085 0.51845679709081327 0.38000000000000006 -0.15319596386608966
decision_type=2 2 2 2 2 8
left_child=1 3 4 -1 -2 -4
right_child=2 -3 5 -5 -6 -7
leaf_value=-0.013899695741864691 -0.0042903652802010082 -0.025001195847636173 0.0070777055163270541 0.0073117117768520899 0.024038326657014629 -0.023013059449923393
leaf_weight=16.025454994291067 7.2853736430406597 8.5146983154118043 5.9253432527184486 47.170062579214573 14.397565290331839 6.6722448691725713
leaf_count=94 45 51 31 273 76 38
internal_value=-0.000237768 -0.00324179 0.005659 0.00130808 0.0154997 -0.0108701
internal_weight=105.991 71.7102 34.2805 63.1955 21.6829 12.5976
internal_count=608 418 190 367 121 69
is_linear=0
shrinkage=0.05


Tree=164
num_leaves=5
num_cat=0
split_feature=0 4 2 2
split_gain=0.809768 1.09888 2.88096 2.47456
threshold=0.13000000000000003 0.020914365781842373 0.07364248651427073 0.063702324162337925
decision_type=2 2 2 2
left_child=-1 3 -3 -2
right_child=1 2 -4 -5
leaf_value=-0.015403026097233558 0.014798868506467749 -0.01076033762589431 0.0090417834856272722 -0.010400637149404094
leaf_weight=3.2210572045296422 25.993229411542416 40.444499850273132 26.111300610005856 10.033572591841219
leaf_count=46 149 219 140 54
internal_value=-0.000288977 0.000879412 -0.00290258 0.0073685
internal_weight=105.804 102.583 66.5558 36.0268
internal_count=608 562 359 203
is_linear=0
shrinkage=0.05


Tree=165
num_leaves=6
num_cat=0
split_feature=3 0 3 8 12
split_gain=0.804415 2.93956 1.91455 3.8129 2.00223
threshold=1.6329931618554518 0.55750000000000022 1.1470786693528097 0.59439758666651277 -0.92886343598617815
decision_type=2 2 2 2 2
left_child=2 -2 4 -4 -1
right_child=1 -3 3 -5 -6
leaf_value=0.021488492515363694 -0.013390020888914902 0.02812314157732871 0.011101148006030556 -0.028846582868828852 -0.0011976766187228813
leaf_weight=6.1140480190515509 3.7108766734600049 4.45966936647892 6.2401691600680378 10.646093644201754 74.556042628362775
leaf_count=37 19 22 33 54 443
internal_value=-0.000303621 0.0113433 -0.00178454 -0.0149207 0.00167552
internal_weight=105.727 8.17055 97.5564 16.8863 80.6701
internal_count=608 41 567 87 480
is_linear=0
shrinkage=0.05


Tree=166
num_leaves=7
num_cat=0
split_feature=13 13 2 11 1 2
split_gain=0.806789 1.94548 1.61152 1.34826 1.31603 0.592778
threshold=0.22172813105464143 0.14060316616252941 0.086688682258340866 -0.37052366455156455 0.89511993945791613 0.037761815386185511
decision_type=10 10 2 2 2 2
left_child=1 4 5 -3 -1 -2
right_child=2 3 -4 -5 -6 -7
leaf_value=-0.006391164703600391 0.000537308685326822 -0.0034747626031135289 0.011155001712766177 0.024303001169494041 0.0059402473246635687 -0.025340546447505299
leaf_weight=52.240223105996847 2.5808355882763845 4.7940892577171317 2.450966976583004 8.5813978090882284 30.047134764492512 4.9899648651480675
leaf_count=297 16 27 14 45 167 42
internal_value=-0.000249075 0.00137482 -0.0110481 0.0161104 -0.00180602 -0.019814
internal_weight=105.685 95.6628 10.0218 13.3755 82.2874 7.5708
internal_count=608 536 72 72 464 58
is_linear=0
shrinkage=0.05


Tree=167
num_leaves=7
num_cat=0
split_feature=9 9 9 3 9 12
split_gain=0.817269 2.15373 2.14406 2.25765 1.72185 1.65585
threshold=-0.84036350822042627 -1.0647984276644009 -0.28326362336813443 0.11881974909711666 -1.4337062485320855 -0.043654120018726296
decision_type=2 2 2 2 2 2
left_child=1 4 3 -2 -1 -4
right_child=2 -3 5 -5 -6 -7
leaf_value=-0.012502208828128376 -0.0019532142643591392 -0.023784714381081446 -0.010418431190478316 0.027192061425704628 0.013093683907371765 0.0049729735773072293
leaf_weight=6.3182627968490168 10.961869385093452 7.0088622942566863 29.25777281075716 9.7417901903390867 10.995667569339275 31.267004333436489
leaf_count=39 66 45 165 54 60 179
internal_value=-0.000222188 -0.00742386 0.00223969 0.0143825 0.00304469 -0.00269451
internal_weight=105.551 24.3228 81.2284 20.7037 17.3139 60.5248
internal_count=608 144 464 120 99 344
is_linear=0
shrinkage=0.05


Tree=168
num_leaves=7
num_cat=0
split_feature=8 8 13 2 9 0
split_gain=0.79132 2.25666 2.38886 1.70481 3.57118 2.41754
threshold=0.66377899022808406 0.68959114888157635 0.011728377156317712 0.042274724790894565 0.34418906503860686 0.75000000000000011
decision_type=2 2 10 2 2 2
left_child=3 -2 -3 5 -5 -1
right_child=1 2 -4 4 -6 -7
leaf_value=-0.014865853757945103 -0.021270519623081626 0.014342234331702642 -0.012570838155305976 0.017923560597197061 -0.0072810187807578475 0.016414586736825373
leaf_weight=18.808683592826132 10.021838702261446 13.929273642599584 9.7740556895732862 28.700820874422789 20.40675931610167 3.8013313189148894
leaf_count=103 57 75 53 174 116 30
internal_value=-0.000218856 -0.00603629 0.00298801 0.00273191 0.00774479 -0.0075866
internal_weight=105.443 33.7252 23.7033 71.7176 49.1076 22.61
internal_count=608 185 128 423 290 133
is_linear=0
shrinkage=0.05


Tree=169
num_leaves=7
num_cat=0
split_feature=9 9 13 13 1 9
split_gain=0.807017 2.02339 1.97667 2.16805 1.69928 1.64354
threshold=-0.84036350822042627 -1.0647984276644009 0.087012160883943937 0.011728377156317712 -0.81434749550741392 -1.4337062485320855
decision_type=2 2 10 10 2 2
left_child=1 5 3 -2 -4 -1
right_child=2 -3 4 -5 -6 -7
leaf_value=-0.012359557876864607 0.0027606557209592449 -0.023261447637585322 -0.0048485487473421494 -0.017709432769360507 0.024607849290345332 0.01264919469804628
leaf_weight=6.3044863119721457 54.229094067588449 6.9779469259083262 5.146885033696889 11.61142650619149 10.08705974370241 10.979752406477928
leaf_count=39 308 45 42 64 50 60
internal_value=-0.000224923 -0.00738878 0.00222359 -0.00184453 0.0159169 0.00280075
internal_weight=105.337 24.2622 81.0745 65.8405 15.2339 17.2842
internal_count=608 144 464 372 92 99
is_linear=0
shrinkage=0.05


Tree=170
num_leaves=5
num_cat=0
split_feature=4 11 11 11
split_gain=0.789713 1.00225 1.70805 0.9705
threshold=0.066285099666776578 0.98832450130222649 0.86164760024752052 -0.72839587902384484
decision_type=2 2 2 2
left_child=1 2 -1 -2
right_child=3 -3 -4 -5
leaf_value=0.0025763603268993724 0.0066190704576646713 0.015101161558694225 -0.01487932926771225 -0.017966520830434752
leaf_weight=76.693870015442371 2.8859082907438278 6.710694581270217 11.920346453785895 7.0170980617403966
leaf_count=447 17 37 67 40
internal_value=-0.000255412 0.00135116 -0.000441071 -0.0109849
internal_weight=105.228 95.3249 88.6142 9.90301
internal_count=608 551 514 57
is_linear=0
shrinkage=0.05


Tree=171
num_leaves=7
num_cat=0
split_feature=9 2 9 8 7 9
split_gain=0.772961 1.97205 1.97073 2.21891 1.61107 1.38487
threshold=-0.84036350822042627 0.074871917087563009 -0.28326362336813443 0.64698744516606699 0.61785620485153769 -1.2848018485700798
decision_type=2 2 2 2 2 2
left_child=1 -1 3 -2 -4 -3
right_child=2 5 4 -5 -6 -7
leaf_value=-0.016894331450122309 0.024327071849008213 0.020336856530465755 -0.0089060743256097526 -0.0046838745955692686 0.0064672124792039907 -0.0070643710969204828
leaf_weight=14.475101176649334 12.118914213031532 4.3374912962317467 35.643991935998201 8.4708440713584405 24.741837985813618 5.404696583747862
leaf_count=91 70 24 206 50 138 29
internal_value=-0.000262272 -0.00727741 0.00213695 0.0138085 -0.00259432 0.0078952
internal_weight=105.193 24.2173 80.9756 20.5898 60.3858 9.74219
internal_count=608 144 464 120 344 53
is_linear=0
shrinkage=0.05


Tree=172
num_leaves=7
num_cat=0
split_feature=3 4 4 2 1 4
split_gain=0.76828 1.56824 2.32952 2.1852 1.46827 1.22678
threshold=-1.0895960119520993 0.053121315258830758 0.027428852047526594 0.064568534098013289 -0.18109485671014078 0.051863611164593981
decision_type=2 2 2 2 2 2
left_child=4 2 -2 -3 5 -1
right_child=1 3 -4 -5 -6 -7
leaf_value=-0.023243960836278742 -0.0026384595947196777 -0.029351278801602251 0.014174373340975594 0.003854221541708443 0.011859328152081273 0.0032973600939436203
leaf_weight=8.315087201073764 45.707769230008125 3.9988425597548476 30.702508747577667 8.8220610767602903 2.724433906376361 4.8222309201955786
leaf_count=76 261 19 157 44 17 34
internal_value=-0.000218772 0.00171298 0.00457277 -0.0118318 -0.00889193 -0.0152783
internal_weight=105.093 89.2312 76.4103 12.8209 15.8618 13.1373
internal_count=608 481 418 63 127 110
is_linear=0
shrinkage=0.05


Tree=173
num_leaves=6
num_cat=0
split_feature=3 0 3 8 12
split_gain=0.755837 2.80322 1.92598 3.50384 1.81207
threshold=1.6329931618554518 0.55750000000000022 1.1470786693528097 0.59439758666651277 -0.92886343598617815
decision_type=2 2 2 2 2
left_child=2 -2 4 -4 -1
right_child=1 -3 3 -5 -6
leaf_value=0.020678097736585809 -0.013137997355458605 0.027494781786890438 0.010311539342377801 -0.028177142471391848 -0.00097289123353435324
leaf_weight=6.053179718554019 3.6723795086145383 4.4098075032234192 6.1931671276688602 10.628505595028399 73.973985621705651
leaf_count=37 19 22 33 54 443
internal_value=-0.000258701 0.0110672 -0.00170078 -0.0148911 0.00178444
internal_weight=104.931 8.08219 96.8488 16.8217 80.0272
internal_count=608 41 567 87 480
is_linear=0
shrinkage=0.05


Tree=174
num_leaves=5
num_cat=0
split_feature=0 4 2 2
split_gain=0.748204 1.0362 2.53786 2.36885
threshold=0.13000000000000003 0.020914365781842373 0.07364248651427073 0.063702324162337925
decision_type=2 2 2 2
left_child=-1 3 -3 -2
right_child=1 2 -4 -5
leaf_value=-0.014837134702672353 0.014533951293992115 -0.01016990763665716 0.0084858848416785281 -0.010182437243345556
leaf_weight=3.1143872849643222 25.773931488394737 40.151706416159868 25.866105284541845 9.9798428378999215
leaf_count=46 149 219 140 54
internal_value=-0.000208591 0.000912912 -0.00277765 0.0072321
internal_weight=104.886 101.772 66.0178 35.7538
internal_count=608 562 359 203
is_linear=0
shrinkage=0.05


Tree=175
num_leaves=6
num_cat=0
split_feature=4 6 1 6 11
split_gain=0.744416 0.986023 2.34537 1.74813 0.91134
threshold=0.066285099666776578 6.2025114283583864 -0.59470022576053549 6.5212468067042542 -0.72839587902384484
decision_type=2 2 2 2 2
left_child=1 2 -1 -3 -2
right_child=4 3 -4 -5 -6
leaf_value=-0.013097142494165237 0.0064238600171715636 -0.01528651093359005 0.019134925411573026 0.0023597104165077936 -0.017420600323376809
leaf_weight=4.0239396691322353 2.8740385770797729 12.614913351833819 13.641374699771402 64.65727955289185 6.9990414232015592
leaf_count=28 17 72 68 383 40
internal_value=-0.000226161 0.00133697 0.0105233 -0.00127503 -0.0106534
internal_weight=104.811 94.9375 17.6653 77.2722 9.87308
internal_count=608 551 96 455 57
is_linear=0
shrinkage=0.05


Tree=176
num_leaves=6
num_cat=0
split_feature=0 5 3 1 2
split_gain=0.731657 0.985134 2.46005 2.02785 0.403083
threshold=0.85750000000000004 0.069999999999999993 0.5499032173855648 0.98352612120390781 0.06498664343276396
decision_type=2 2 2 2 2
left_child=1 3 -3 -1 -2
right_child=4 2 -4 -5 -6
leaf_value=-0.0019347080006931177 0.017514016239028703 0.007899287897541997 -0.017824640722581442 0.019504550872956484 -0.0018094307568810445
leaf_weight=59.925590420141816 3.3760000281035891 11.494904920458795 18.877194620668888 8.3365063741803151 2.7244776040315628
leaf_count=360 31 60 95 45 17
internal_value=-0.00025583 -0.00155155 -0.00834851 0.00183602 0.0119563
internal_weight=104.735 98.6342 30.3721 68.2621 6.10048
internal_count=608 560 155 405 48
is_linear=0
shrinkage=0.05


Tree=177
num_leaves=7
num_cat=0
split_feature=13 13 3 2 11 2
split_gain=0.737206 1.76042 1.57073 1.52769 1.24428 0.552185
threshold=0.22172813105464143 0.14060316616252941 -1.0895960119520993 0.086688682258340866 -0.37052366455156455 0.037761815386185511
decision_type=10 10 2 2 2 2
left_child=1 2 -1 5 -3 -2
right_child=3 4 -4 -5 -6 -7
leaf_value=-0.016503795950329012 0.00050608677173946887 -0.0034680187868155986 0.0012990195593245259 0.01094011829767365 0.023299179898650643 -0.024625752123906962
leaf_weight=9.8334163390099985 2.5554284825921041 4.6995764672756186 71.778763394802809 2.4477594196796417 8.517569497227667 4.8402302488684654
leaf_count=81 16 27 383 14 45 42
internal_value=-0.000189478 0.00136472 -0.00167494 -0.0105784 0.015442 -0.0192406
internal_weight=104.673 94.8293 81.6122 9.84342 13.2171 7.39566
internal_count=608 536 464 72 72 58
is_linear=0
shrinkage=0.05


Tree=178
num_leaves=7
num_cat=0
split_feature=9 9 9 3 9 12
split_gain=0.728958 1.8621 1.7935 2.05816 1.54475 1.5324
threshold=-0.84036350822042627 -1.0647984276644009 -0.28326362336813443 0.11881974909711666 -1.4337062485320855 -0.043654120018726296
decision_type=2 2 2 2 2 2
left_child=1 4 3 -2 -1 -4
right_child=2 -3 5 -5 -6 -7
leaf_value=-0.012024426713673712 -0.0022146373439202107 -0.022306328053138973 -0.009864691613165966 0.025582809959649139 0.012320402704045821 0.0049818971062397495
leaf_weight=6.1931640245020434 10.891960304230453 6.9048960097134104 29.041854478418827 9.6128205433487874 10.900941513478756 31.022175826132298
leaf_count=39 66 45 165 54 60 179
internal_value=-0.000200346 -0.007043 0.00213031 0.0132776 0.00277516 -0.00240307
internal_weight=104.568 23.999 80.5688 20.5048 17.0941 60.064
internal_count=608 144 464 120 99 344
is_linear=0
shrinkage=0.05


Tree=179
num_leaves=7
num_cat=0
split_feature=8 8 13 2 2 0
split_gain=0.723306 2.13425 2.24541 1.64146 3.30281 2.30174
threshold=0.66377899022808406 0.68959114888157635 0.011728377156317712 0.042274724790894565 0.056242261735466294 0.75000000000000011
decision_type=2 2 10 2 2 2
left_child=3 -2 -3 5 -5 -1
right_child=1 2 -4 4 -6 -7
leaf_value=-0.014638314284969737 -0.020636400818375426 0.014021277059589429 -0.012148357852971975 0.023810218977034094 -0.0016760547701404676 0.01603241230037351
leaf_weight=18.630021203309301 9.934693016111849 13.851753108203413 9.6798931770026666 14.806496124714611 33.831707933917642 3.7247407361865035
leaf_count=103 57 75 53 87 203 30
internal_value=-0.000198442 -0.00577672 0.00301381 0.00263824 0.00757879 -0.0075316
internal_weight=104.459 33.4663 23.5316 70.993 48.6382 22.3548
internal_count=608 185 128 423 290 133
is_linear=0
shrinkage=0.05


Tree=180
num_leaves=4
num_cat=0
split_feature=0 12 3
split_gain=0.708573 1.02716 1.77433
threshold=0.13000000000000003 0.98287945920107977 0.80638258385074157
decision_type=2 2 2
left_child=-1 2 -2
right_child=1 -3 -4
leaf_value=-0.014476161272273622 0.007570390595914302 -0.013263541408135644 -0.0058419488183259916
leaf_weight=3.0466655045747748 59.249669626355171 6.5360569283366194 35.456467639654875
leaf_count=46 337 38 187
internal_value=-0.000177908 0.000913399 0.00250787
internal_weight=104.289 101.242 94.7061
internal_count=608 562 524
is_linear=0
shrinkage=0.05


Tree=181
num_leaves=6
num_cat=0
split_feature=3 0 3 8 12
split_gain=0.730177 2.66288 1.71008 3.17837 1.69703
threshold=1.6329931618554518 0.55750000000000022 1.1470786693528097 0.59439758666651277 0.63259268935353996
decision_type=2 2 2 2 2
left_child=2 -2 4 -4 -1
right_child=1 -3 3 -5 -6
leaf_value=0.0057372714075457337 -0.012771747218956476 0.026952228228266813 0.0099358065876521146 -0.026750829079316814 -0.0098099406551085469
leaf_weight=60.474800756201148 3.6333416923880559 4.3667633384466171 6.1519170813262489 10.603763855993746 19.079591732472181
leaf_count=359 19 22 33 54 121
internal_value=-0.000228622 0.0109378 -0.00165021 -0.0140933 0.00164897
internal_weight=104.31 8.00011 96.3101 16.7557 79.5544
internal_count=608 41 567 87 480
is_linear=0
shrinkage=0.05


Tree=182
num_leaves=6
num_cat=0
split_feature=0 6 13 1 2
split_gain=0.709376 0.955518 2.2012 1.54919 0.364413
threshold=0.85750000000000004 6.9548342490977371 -0.081265895956717613 0.12165149777184502 0.06498664343276396
decision_type=2 2 8 2 2
left_child=1 3 -3 -1 -2
right_child=4 2 -4 -5 -6
leaf_value=0.0025913332465221403 0.017126819791528008 0.021442992913582908 -0.0037897705468955853 -0.011622282839341677 -0.0015088398935253445
leaf_weight=35.193116953596473 3.3081816956400862 8.374337647110222 21.128583420068029 33.539260931313038 2.7430644780397415
leaf_count=218 31 49 124 169 17
internal_value=-0.000232291 -0.00151107 0.00544199 -0.00466227 0.0118185
internal_weight=104.287 98.2353 29.5029 68.7324 6.05125
internal_count=608 560 173 387 48
is_linear=0
shrinkage=0.05


Tree=183
num_leaves=6
num_cat=0
split_feature=3 3 8 12 8
split_gain=0.714785 1.55294 2.98559 1.67734 1.0312
threshold=1.6329931618554518 1.1470786693528097 0.59439758666651277 -0.92886343598617815 0.63421761555082312
decision_type=2 2 2 2 2
left_child=1 3 -3 -1 -2
right_child=4 2 -4 -5 -6
leaf_value=0.019801552614587672 -0.005146812558150143 0.0097993456840988272 -0.025704163868252035 -0.0010784928065832656 0.020740783285459915
leaf_weight=5.9946670420467845 3.9254116564989081 6.1438038684427765 10.615679264068602 73.576059281826019 4.022557869553566
leaf_count=37 21 33 54 443 20
internal_value=-0.000164907 -0.00157128 -0.013428 0.00157227 0.010905
internal_weight=104.278 96.3302 16.7595 79.5707 7.94797
internal_count=608 567 87 480 41
is_linear=0
shrinkage=0.05


Tree=184
num_leaves=7
num_cat=0
split_feature=3 13 6 3 1 3
split_gain=0.717359 1.39482 3.09472 2.13813 1.35343 1.19239
threshold=-1.0895960119520993 -0.14669390627095044 6.5576491814298867 -0.84490421830306039 -0.18109485671014078 -1.6525731788369815
decision_type=2 8 2 2 2 2
left_child=4 2 -2 -3 5 -1
right_child=1 3 -4 -5 -6 -7
leaf_value=0.0041715368320085445 -0.0087537491973214299 0.017672634411427798 0.025537547178215571 -0.0050672529789167588 0.011413985141302589 -0.022155691801069192
leaf_weight=4.2708038650453082 7.9131723120808628 7.2367461845278731 10.804237753152846 62.676541622728109 2.6902929991483679 8.6680794544517976
leaf_count=29 43 43 63 332 17 81
internal_value=-0.000114325 0.00175033 0.012251 -0.001691 -0.0085498 -0.0147251
internal_weight=104.26 88.6307 18.7174 69.9133 15.6292 12.9389
internal_count=608 481 106 375 127 110
is_linear=0
shrinkage=0.05


Tree=185
num_leaves=6
num_cat=0
split_feature=9 7 8 2 0
split_gain=0.713235 1.57397 1.75782 1.41609 0.523532
threshold=1.252340715176905 0.61785620485153769 0.50277208735007217 0.084911586043609447 0.52750000000000019
decision_type=2 2 2 2 2
left_child=1 2 -1 -3 -2
right_child=4 3 -4 -5 -6
leaf_value=-0.015378257886201464 -0.016984218463621466 0.01921678833248109 0.0019186104267568318 -0.0074571453515456833 0.0025550022428035869
leaf_weight=13.703488387167452 4.8575132228434068 13.675847489386799 64.613031873479486 3.7542345374822608 3.4953856989741325
leaf_count=83 30 75 378 21 21
internal_value=-5.65997e-05 0.00138507 -0.00184917 0.0130899 -0.0109127
internal_weight=104.1 95.7466 78.3165 17.4301 8.3529
internal_count=608 557 461 96 51
is_linear=0
shrinkage=0.05


Tree=186
num_leaves=7
num_cat=0
split_feature=2 2 6 8 13 7
split_gain=0.707679 2.81623 2.46471 2.43413 2.10554 1.45134
threshold=0.073210073992960548 0.06498664343276396 6.7086941390189603 0.51845679709081327 -0.098248401760382603 0.38069744357540303
decision_type=2 2 2 2 10 2
left_child=1 3 4 -1 -2 -4
right_child=2 -3 5 -5 -6 -7
leaf_value=-0.013149175566597294 -0.023281904702139044 -0.023754401747259683 0.024095642924008315 0.007197109057557609 0.006447290811168023 -0.0020757802303779135
leaf_weight=15.644361661747096 6.0157073810696593 8.3522388879209739 11.475362785160543 46.342502493411303 9.4270487017929536 6.7180198617279521
leaf_count=94 32 51 67 273 54 37
internal_value=-9.08834e-05 -0.00290836 0.00541486 0.00146389 -0.00799556 0.0160675
internal_weight=103.975 70.3391 33.6361 61.9869 15.4428 18.1934
internal_count=608 418 190 367 86 104
is_linear=0
shrinkage=0.05


Tree=187
num_leaves=7
num_cat=0
split_feature=8 8 13 1 2 9
split_gain=0.722971 1.98426 2.04021 1.50063 1.45932 3.21635
threshold=0.66377899022808406 0.69530637481139668 0.011728377156317712 -0.08563142401173153 0.042274724790894565 0.34418906503860686
decision_type=2 2 10 2 2 2
left_child=4 3 -3 -2 -1 -6
right_child=1 2 -4 -5 5 -7
leaf_value=-0.0069575293430044621 0.0039003082292561522 0.014593070136424302 -0.011208307093951861 -0.027014555583849683 0.017062711451218609 -0.0070002602151401474
leaf_weight=22.11071889847517 4.0100030824542046 12.343744456768038 8.9974859431385976 7.9927124306559545 28.312449034303427 20.097819041460752
leaf_count=133 28 67 49 41 174 116
internal_value=-0.000142878 -0.00572816 0.00365246 -0.0185765 0.00270237 0.0073527
internal_weight=103.865 33.3439 21.3412 12.0027 70.521 48.4103
internal_count=608 185 116 69 423 290
is_linear=0
shrinkage=0.05


Tree=188
num_leaves=7
num_cat=0
split_feature=9 13 13 9 1 9
split_gain=0.709151 1.80041 1.92764 1.75788 1.48219 1.46741
threshold=-0.84036350822042627 0.087012160883943937 0.053315134825582595 -1.0647984276644009 -0.81434749550741392 -1.4337062485320855
decision_type=2 10 10 2 2 2
left_child=3 2 -2 5 -3 -1
right_child=1 4 -4 -5 -6 -7
leaf_value=-0.011801469562575315 0.0013767463605309266 -0.0044368251345933392 -0.022896852563052624 -0.021762684195280879 0.023336608285884533 0.011968474975554956
leaf_weight=6.1398365497589156 60.573372166603804 5.0283218175172797 4.3772068992257109 6.8853095285594454 10.01078277081251 10.859501775354147
leaf_count=39 348 42 24 45 50 60
internal_value=-0.000173892 0.0021341 -0.00177884 -0.00693478 0.0152605 0.00265224
internal_weight=103.874 79.9897 64.9506 23.8846 15.0391 16.9993
internal_count=608 464 372 144 92 99
is_linear=0
shrinkage=0.05


Tree=189
num_leaves=7
num_cat=0
split_feature=3 4 4 2 1 4
split_gain=0.701921 1.4085 2.2521 2.03461 1.301 1.1554
threshold=-1.0895960119520993 0.053121315258830758 0.027428852047526594 0.064568534098013289 -0.18109485671014078 0.051863611164593981
decision_type=2 2 2 2 2 2
left_child=4 2 -2 -3 5 -1
right_child=1 3 -4 -5 -6 -7
leaf_value=-0.022454102338694323 -0.0027581830237207276 -0.02818545375477163 0.013844436551961457 0.0039035762673041586 0.011093174946151392 0.0033452628659554023
leaf_weight=8.0904992092400771 45.213556349277496 3.9589819982647887 30.362939476966858 8.7168876156210882 2.6678486764430991 4.7716912478208533
leaf_count=76 261 19 157 44 17 34
internal_value=-0.000221286 0.00163121 0.00435712 -0.0112565 -0.00858185 -0.0146257
internal_weight=103.782 88.2524 75.5765 12.6759 15.53 12.8622
internal_count=608 481 418 63 127 110
is_linear=0
shrinkage=0.05


Tree=190
num_leaves=7
num_cat=0
split_feature=8 8 7 3 11 11
split_gain=0.705132 1.85092 1.72152 1.64499 1.36392 3.44397
threshold=0.66377899022808406 0.70428385872684196 0.72609848843264857 -1.0088462938727589 -0.054332832306878791 0.88185059449133663
decision_type=2 2 2 2 2 2
left_child=4 2 -2 -3 -1 -6
right_child=1 3 -4 -5 5 -7
leaf_value=-0.0036200867007426399 -0.023674993734622393 -0.014676211902790452 0.0064941621345709051 0.012192490108936298 0.021203219209491933 -0.0084089077286056638
leaf_weight=38.527539314702153 11.545104105025528 3.3761023692786702 4.109724633395671 14.228848442435265 18.713363606482748 13.125210611149667
leaf_count=231 69 22 21 73 115 77
internal_value=-0.000259737 -0.00577701 -0.0161001 0.00493335 0.00255835 0.0095114
internal_weight=103.626 33.2598 15.6548 17.605 70.3661 31.8386
internal_count=608 185 90 95 423 192
is_linear=0
shrinkage=0.05


Tree=191
num_leaves=6
num_cat=0
split_feature=0 5 1 6 2
split_gain=0.692952 0.851324 1.92092 1.72768 0.35379
threshold=0.85750000000000004 0.069999999999999993 0.98352612120390781 6.853584102745482 0.06498664343276396
decision_type=2 2 2 2 2
left_child=1 2 -1 -3 -2
right_child=4 3 -4 -5 -6
leaf_value=-0.0020409184615553058 0.016910472238625452 -0.015835259587936544 0.01894122440797668 0.0059186332015163327 -0.0014825998331874761
leaf_weight=59.241379506886005 3.2698283791542044 18.606773793697361 8.1804237365722638 11.468750223517416 2.7363021373748779
leaf_count=360 31 94 45 61 17
internal_value=-0.000271218 -0.0015396 0.00163683 -0.00787862 0.0116641
internal_weight=103.503 97.4973 67.4218 30.0755 6.00613
internal_count=608 560 405 155 48
is_linear=0
shrinkage=0.05


Tree=192
num_leaves=6
num_cat=0
split_feature=3 3 8 12 8
split_gain=0.687016 1.49748 2.74841 1.63252 0.917152
threshold=1.6329931618554518 1.1470786693528097 0.59439758666651277 0.63259268935353996 0.59765024830225888
decision_type=2 2 2 2 2
left_child=1 3 -3 -1 -2
right_child=4 2 -4 -5 -6
leaf_value=0.0055507603701421861 -0.0054098585594402676 0.00920346287614098 -0.024999603200836953 -0.009750917927923701 0.019228891748601085
leaf_weight=59.949532655999064 3.3754872009158126 6.1046134047210243 10.576215147972105 18.911871019750834 4.5085055455565453
leaf_count=359 18 33 54 121 23
internal_value=-0.000205798 -0.0015898 -0.0132466 0.00151866 0.0106743
internal_weight=103.426 95.5422 16.6808 78.8614 7.88399
internal_count=608 567 87 480 41
is_linear=0
shrinkage=0.05


Tree=193
num_leaves=7
num_cat=0
split_feature=13 13 3 2 5 2
split_gain=0.689901 1.644 1.45047 1.42418 0.964789 0.525739
threshold=0.22172813105464143 0.14060316616252941 1.6329931618554518 0.086688682258340866 -0.16999999999999993 0.037761815386185511
decision_type=10 10 2 2 2 2
left_child=1 2 -1 5 -3 -2
right_child=3 4 -4 -5 -6 -7
leaf_value=-0.0039267956615156611 0.00054891238661754368 -0.0038944940634910875 0.015385055116767857 0.01050792115922246 0.0208653927078645 -0.024004057347949484
leaf_weight=74.566256692633033 2.5265969745814782 3.5068277195096007 6.121356025338172 2.4380291253328323 9.5346084311604482 4.7410089671611786
leaf_count=432 16 21 32 14 51 42
internal_value=-0.000209631 0.00130461 -0.00164945 -0.0103045 0.0149733 -0.0187235
internal_weight=103.435 93.729 80.6876 9.70564 13.0414 7.26761
internal_count=608 536 464 72 72 58
is_linear=0
shrinkage=0.05


Tree=194
num_leaves=7
num_cat=0
split_feature=0 9 5 4 8 3
split_gain=0.675773 1.57664 1.71397 1.42794 1.58086 1.4704
threshold=0.41000000000000009 -1.4337062485320855 0.11250000000000006 0.026380559360284429 0.61823032042063053 -0.84490421830306039
decision_type=2 2 2 2 2 2
left_child=3 -2 -3 5 -5 -1
right_child=1 2 -4 4 -6 -7
leaf_value=0.0062269399788328142 -0.016496516607605576 0.011193421101538203 -0.0052419839531753672 0.014543919395766387 -0.0083411201689849498 -0.020286993628607568
leaf_weight=4.5978342238813665 4.4290961883962146 39.151299756020308 21.042162872850895 10.357366858050229 10.275427881628273 13.514870300889013
leaf_count=47 28 214 116 63 59 81
internal_value=-0.000163882 0.00290343 0.00548662 -0.00502689 0.00374294 -0.0136655
internal_weight=103.368 64.6226 60.1935 38.7455 20.6328 18.1127
internal_count=608 358 330 250 122 128
is_linear=0
shrinkage=0.05


Tree=195
num_leaves=6
num_cat=0
split_feature=4 4 0 3 11
split_gain=0.683933 0.956168 1.6761 1.27645 0.803654
threshold=0.066285099666776578 0.043120333749844801 0.32000000000000006 -0.38214213965921978 -0.65102115526443982
decision_type=2 2 2 2 2
left_child=1 3 -3 -1 -2
right_child=4 2 -4 -5 -6
leaf_value=-0.0098097831125749449 0.0051530409602406034 -0.010945974688913123 0.016569354053969598 0.0031436977067668321 -0.017135578256123305
leaf_weight=24.058567732572556 3.416368693113327 3.7003090232610729 15.232017174363135 50.499133083969355 6.3399343900382501
leaf_count=168 20 26 81 276 37
internal_value=-0.000198936 0.00131396 0.0100282 -0.00139001 -0.0102293
internal_weight=103.246 93.49 18.9323 74.5577 9.7563
internal_count=608 551 107 444 57
is_linear=0
shrinkage=0.05


Tree=196
num_leaves=7
num_cat=0
split_feature=2 2 6 8 13 7
split_gain=0.678679 2.6764 2.276 2.23763 1.96705 1.32126
threshold=0.073210073992960548 0.06498664343276396 6.7086941390189603 0.51845679709081327 -0.098248401760382603 0.38069744357540303
decision_type=2 2 2 2 10 2
left_child=1 3 4 -1 -2 -4
right_child=2 -3 5 -5 -6 -7
leaf_value=-0.012721484004318715 -0.022495683654009634 -0.023353199735649498 0.023186795069311539 0.0068396106002039624 0.0062922680047863529 -0.0018979255061198699
leaf_weight=15.545399388298391 5.9887988343834868 8.2801759466528875 11.323654510080816 45.941376656293869 9.3449103720486146 6.694877751171588
leaf_count=94 32 51 67 273 54 37
internal_value=-0.000219431 -0.00298372 0.0051981 0.0013093 -0.00771815 0.0154787
internal_weight=103.119 69.767 33.3522 61.4868 15.3337 18.0185
internal_count=608 418 190 367 86 104
is_linear=0
shrinkage=0.05


Tree=197
num_leaves=6
num_cat=0
split_feature=0 13 6 6 2
split_gain=0.681942 0.840489 1.77352 0.961518 0.317228
threshold=0.85750000000000004 -0.23973731851899424 6.2025114283583864 6.6914072148856247 0.06498664343276396
decision_type=2 8 2 2 2
left_child=1 3 -3 -1 -2
right_child=4 2 -4 -5 -6
leaf_value=-0.0053749254641977792 0.016577354654832278 0.0099281069259411284 -0.0064291523320880234 0.019916583367866912 -0.0011559686710177276
leaf_weight=3.5334394127130508 3.213975101709365 16.304655894637108 73.120618127286434 4.0785059966146946 2.7582226917147636
leaf_count=20 31 89 424 27 17
internal_value=-0.000264704 -0.00152678 -0.00307899 0.0106999 0.0115927
internal_weight=103.009 97.0372 89.4253 7.61195 5.9722
internal_count=608 560 513 47 48
is_linear=0
shrinkage=0.05


Tree=198
num_leaves=7
num_cat=0
split_feature=9 9 9 8 12 9
split_gain=0.658102 1.68466 1.67415 1.89599 1.50961 1.3356
threshold=-0.84036350822042627 -1.0647984276644009 -0.28326362336813443 0.64698744516606699 -0.043654120018726296 -1.4337062485320855
decision_type=2 2 2 2 2 2
left_child=1 5 3 -2 -4 -1
right_child=2 -3 4 -5 -6 -7
leaf_value=-0.011191752445203063 0.022713996745982741 -0.02127588357332787 -0.0098282084397636887 -0.0043257396523955173 0.0050020189028737736 0.011590352236427303
leaf_weight=6.0407847985625311 11.819353800266983 6.8053350150585166 28.512673990800977 8.3189165294170362 30.659731986001134 10.749143343418837
leaf_count=39 70 45 165 50 179 60
internal_value=-0.000173993 -0.00672127 0.00205694 0.0129054 -0.00235302 0.00270641
internal_weight=102.906 23.5953 79.3107 20.1383 59.1724 16.7899
internal_count=608 144 464 120 344 99
is_linear=0
shrinkage=0.05


Tree=199
num_leaves=7
num_cat=0
split_feature=3 4 9 2 1 3
split_gain=0.654634 1.33009 2.05326 1.97042 1.23797 1.11422
threshold=-1.0895960119520993 0.053121315258830758 -0.84036350822042627 0.064568534098013289 -0.18109485671014078 -1.6525731788369815
decision_type=2 2 2 2 2 2
left_child=4 2 -2 -3 5 -1
right_child=1 3 -4 -5 -6 -7
leaf_value=0.0040513092612800656 -0.0096273650247211146 -0.027616110439646954 0.0085196129188262627 0.0039866337416650782 0.010906952021344209 -0.02150356302216816
leaf_weight=4.2344195693731299 16.075406957417727 3.9378821402788153 58.89363756403327 8.6393614336848241 2.6306828856468192 8.4545900225639325
leaf_count=29 93 19 325 44 17 81
internal_value=-0.000182529 0.00160994 0.00426976 -0.0109491 -0.00830144 -0.0142411
internal_weight=102.866 87.5463 74.969 12.5772 15.3197 12.689
internal_count=608 481 418 63 127 110
is_linear=0
shrinkage=0.05


Tree=200
num_leaves=5
num_cat=0
split_feature=2 2 0 0
split_gain=0.654574 1.8586 1.34445 1.21072
threshold=0.11837293174009798 0.10802635804488346 0.65000000000000013 0.38000000000000006
decision_type=2 2 2 2
left_child=1 2 -1 -2
right_child=3 -3 -4 -5
leaf_value=-0.0033166102887378273 -0.0083149416901038727 -0.023633346355902193 0.0092902213691835756 0.019436380326872914
leaf_weight=65.739307921379805 2.7973953112959844 3.745057836174964 25.180788025259972 5.2467010542750359
leaf_count=376 20 18 168 26
internal_value=-0.000246772 -0.00161444 0.000477183 0.0102977
internal_weight=102.709 94.6652 90.9201 8.0441
internal_count=608 562 544 46
is_linear=0
shrinkage=0.05


Tree=201
num_leaves=7
num_cat=0
split_feature=2 2 6 8 13 11
split_gain=0.648735 2.47799 2.18185 2.10954 1.79062 1.46263
threshold=0.073210073992960548 0.06498664343276396 6.6563150884986717 0.51845679709081327 -0.098248401760382603 -0.94688387191241929
decision_type=2 2 2 2 10 2
left_child=1 3 4 -1 -2 -4
right_child=2 -3 5 -5 -6 -7
leaf_value=-0.012460611779808608 -0.022386997319136105 -0.022604922333924898 -0.0081495389774143903 0.0065745878523250896 0.0059046039780973857 0.019816568633849691
leaf_weight=15.446950104087589 5.6037205085158339 8.2126508522778732 3.020050421357154 45.730387639254332 8.4645871929824335 16.007887151092294
leaf_count=94 29 51 18 273 48 95
internal_value=-0.000249883 -0.00295633 0.00506775 0.00118998 -0.00827983 0.0146057
internal_weight=102.486 69.39 33.0962 61.1773 14.0683 19.0279
internal_count=608 418 190 367 77 113
is_linear=0
shrinkage=0.05


Tree=202
num_leaves=7
num_cat=0
split_feature=8 8 13 2 9 0
split_gain=0.667542 1.92997 1.93734 1.32354 3.19484 1.99215
threshold=0.6665241644574148 0.68959114888157635 0.011728377156317712 0.042274724790894565 0.34418906503860686 0.75000000000000011
decision_type=2 2 10 2 2 2
left_child=3 -2 -3 5 -5 -1
right_child=1 2 -4 4 -6 -7
leaf_value=-0.013408469387404276 -0.021018262666127226 0.01277284583184396 -0.011669205313871236 0.016546336218714187 -0.0072804853987690323 0.015297406552613758
leaf_weight=18.563150374218825 8.3896589800715464 13.563607551157476 9.5233116038143617 28.274247195571661 20.509705444797873 3.5656100064516059
leaf_count=105 48 75 53 177 120 30
internal_value=-0.00031533 -0.0058611 0.00240805 0.00237022 0.00678351 -0.00681617
internal_weight=102.389 31.4766 23.0869 70.9127 48.784 22.1288
internal_count=608 176 128 432 297 135
is_linear=0
shrinkage=0.05


Tree=203
num_leaves=5
num_cat=0
split_feature=12 12 4 0
split_gain=0.642642 0.993978 1.36528 0.636756
threshold=0.99140897414483042 0.91964831388736423 0.0082915619758885273 0.50000000000000011
decision_type=2 2 2 2
left_child=1 2 -1 -3
right_child=-2 3 -4 -5
leaf_value=0.012066511551104364 -0.012490543722012568 -0.0011476155315998113 -0.0034842634837241103 0.02212211655135243
leaf_weight=12.017693940550087 4.8733442723751059 3.824847385287284 78.264940019696951 3.3104473724961281
leaf_count=76 30 21 459 22
internal_value=-0.000320427 0.000868445 -0.000889698 0.014315
internal_weight=102.291 97.4179 90.2826 7.13529
internal_count=608 578 535 43
is_linear=0
shrinkage=0.05


Tree=204
num_leaves=6
num_cat=0
split_feature=3 3 8 12 8
split_gain=0.643779 1.42768 2.51241 1.56959 0.846747
threshold=1.6329931618554518 1.1470786693528097 0.59439758666651277 0.63259268935353996 0.59765024830225888
decision_type=2 2 2 2 2
left_child=1 3 -3 -1 -2
right_child=4 2 -4 -5 -6
leaf_value=0.0054178067418519174 -0.0052048324284162629 0.0086339192811732118 -0.024268415541696717 -0.0096662199279791486 0.018544002304166772
leaf_weight=59.340690318495035 3.3403939679265013 6.0280570387840298 10.472342498600481 18.642691800370812 4.4504809081554413
leaf_count=359 18 33 54 121 23
internal_value=-0.000264597 -0.00161055 -0.0130358 0.00144667 0.0103073
internal_weight=102.275 94.4838 16.5004 77.9834 7.79087
internal_count=608 567 87 480 41
is_linear=0
shrinkage=0.05


Tree=205
num_leaves=6
num_cat=0
split_feature=0 13 6 6 8
split_gain=0.625628 0.795572 1.5975 0.911376 0.308906
threshold=0.85750000000000004 -0.23973731851899424 6.2025114283583864 6.6914072148856247 0.63090939456833472
decision_type=2 8 2 2 2
left_child=1 3 -3 -1 -2
right_child=4 2 -4 -5 -6
leaf_value=-0.005229764814757407 0.016401972659475558 0.0093829536500238432 -0.006179427315097118 0.019458996747498555 -0.00097446640326754165
leaf_weight=3.5101800635457039 2.8625389933586112 16.219345793128014 72.659144073724747 4.0212322846055031 3.0066871494054794
leaf_count=20 27 89 424 27 21
internal_value=-0.000266521 -0.00147669 -0.00299098 0.0104568 0.011147
internal_weight=102.279 96.4099 88.8785 7.53141 5.86923
internal_count=608 560 513 47 48
is_linear=0
shrinkage=0.05


Tree=206
num_leaves=6
num_cat=0
split_feature=9 7 7 12 6
split_gain=0.635267 1.51878 1.44753 1.26296 0.917604
threshold=1.252340715176905 0.61785620485153769 0.46963387092404318 -0.75905655460631627 6.7989889679520674
decision_type=2 2 2 2 2
left_child=1 2 -1 -3 -2
right_child=4 3 -4 -5 -6
leaf_value=0.00070892380445026744 -0.019399408425079499 -0.0073080944471000941 -0.018034968092744186 0.018369838292904173 0.004957761308906827
leaf_weight=69.86582256667316 4.3685325235128385 3.3974179252982166 7.0155410654842845 13.735504887998102 3.8024603836238384
leaf_count=421 25 20 40 76 26
internal_value=-0.000176612 0.0012036 -0.00199833 0.0127773 -0.0104854
internal_weight=102.185 94.0143 76.8814 17.1329 8.17099
internal_count=608 557 461 96 51
is_linear=0
shrinkage=0.05


Tree=207
num_leaves=7
num_cat=0
split_feature=3 4 4 2 1 4
split_gain=0.623198 1.26253 2.00368 1.85646 1.16336 1.08204
threshold=-1.0895960119520993 0.053121315258830758 0.027428852047526594 0.064568534098013289 -0.18109485671014078 0.051863611164593981
decision_type=2 2 2 2 2 2
left_child=4 2 -2 -3 5 -1
right_child=1 3 -4 -5 -6 -7
leaf_value=-0.021590450079140202 -0.0026123054061232653 -0.026890614430903594 0.013151961127543525 0.0038593529614759634 0.010537783066803499 0.0034270592938391909
leaf_weight=7.874143870547412 44.618252661079168 3.9211169555783263 29.877937100827694 8.563266880810259 2.5969100520014754 4.691871490329504
leaf_count=76 261 19 157 44 17 34
internal_value=-0.000216 0.00153887 0.00413976 -0.0107267 -0.00816793 -0.0139328
internal_weight=102.143 86.9806 74.4962 12.4844 15.1629 12.566
internal_count=608 481 418 63 127 110
is_linear=0
shrinkage=0.05


Tree=208
num_leaves=7
num_cat=0
split_feature=8 8 6 12 10 12
split_gain=0.625955 1.80737 1.40747 1.2548 1.81139 0.824675
threshold=0.6665241644574148 0.69124345541132659 6.7615901259969942 -0.92886343598617815 0.010000000000000007 -0.98664649878153876
decision_type=2 2 2 2 2 2
left_child=3 -2 -3 5 -5 -1
right_child=1 2 -4 4 -6 -7
leaf_value=-0.0021472252117040991 -0.019387619947655015 -0.0069556122794712377 0.014326628561367565 -0.016455395380607807 0.0034247979758498547 0.024471865195410669
leaf_weight=3.1508587263524532 9.5107424370944518 12.838215231895449 9.0012885071337205 9.2249437589198333 53.977172929793596 4.2903377301990977
leaf_count=19 54 70 52 75 313 25
internal_value=-0.000252868 -0.00563444 0.00285086 0.00234995 -0.000470545 0.0168674
internal_weight=101.994 31.3502 21.8395 70.6433 63.2021 7.4412
internal_count=608 176 122 432 388 44
is_linear=0
shrinkage=0.05


Tree=209
num_leaves=7
num_cat=0
split_feature=13 13 1 1 2 2
split_gain=0.611881 1.56604 1.6536 1.48004 1.30208 0.501401
threshold=0.22172813105464143 0.13010658144641721 0.89511993945791613 0.78266834782917083 0.086688682258340866 0.037761815386185511
decision_type=10 10 2 2 2 2
left_child=1 2 -1 -3 5 -2
right_child=4 3 -4 -5 -6 -7
leaf_value=-0.0070660709981263383 0.00068376128205319088 0.021658926203624952 0.0070828471136958797 -0.0064928729893069404 0.010066574771471921 -0.023170509782955845
leaf_weight=49.975611243396997 2.4968567155301553 10.118758153170345 28.277229551225901 4.0324793979525557 2.4236418604850769 4.5942542962729931
leaf_count=294 16 55 164 23 14 42
internal_value=-0.000246933 0.00119138 -0.00183494 0.0140361 -0.00981395 -0.0179618
internal_weight=101.919 92.4041 78.2528 14.1512 9.51475 7.09111
internal_count=608 536 458 78 72 58
is_linear=0
shrinkage=0.05


Tree=210
num_leaves=5
num_cat=0
split_feature=4 9 6 8
split_gain=0.608605 0.86093 1.65671 0.754857
threshold=0.066285099666776578 1.4076783531279418 6.2025114283583864 0.56270036879755414
decision_type=2 2 2 2
left_child=1 2 -1 -2
right_child=3 -3 -4 -5
leaf_value=0.014963123929179584 0.0045827506072495562 -0.013087438104234614 -0.00093304559158831335 -0.016884777878692456
leaf_weight=16.07858819887042 3.8180062994360906 4.6410578638315192 71.421934060752392 5.8241165950894356
leaf_count=91 19 30 430 38
internal_value=-0.000228803 0.00121389 0.00263886 -0.00972209
internal_weight=101.784 92.1416 87.5005 9.64212
internal_count=608 551 521 57
is_linear=0
shrinkage=0.05


Tree=211
num_leaves=7
num_cat=0
split_feature=9 9 13 13 1 9
split_gain=0.602143 1.62848 1.56032 1.78127 1.28036 1.24567
threshold=-0.84036350822042627 -1.0647984276644009 0.087012160883943937 0.053315134825582595 -0.81434749550741392 -1.4337062485320855
decision_type=2 2 10 10 2 2
left_child=1 5 3 -2 -4 -1
right_child=2 -3 4 -5 -6 -7
leaf_value=-0.010754709205426153 0.0013011296426319768 -0.020890109407437855 -0.0042613742741365651 -0.022159430496685607 0.021689337330617564 0.011359669002333797
leaf_weight=5.9329140670597598 59.394663907587528 6.719148699194192 4.8983688578009597 4.2884532921016207 9.8958233334124071 10.623037677258253
leaf_count=39 348 45 42 24 50 60
internal_value=-0.000244146 -0.0065401 0.00190302 -0.00177687 0.014191 0.00277845
internal_weight=101.752 23.2751 78.4773 63.6831 14.7942 16.556
internal_count=608 144 464 372 92 99
is_linear=0
shrinkage=0.05


Tree=212
num_leaves=4
num_cat=0
split_feature=10 10 8
split_gain=0.598388 1.20244 1.25786
threshold=0.0099999999999999273 0.009999999999999969 0.6665241644574148
decision_type=2 2 2
left_child=-1 -2 -3
right_child=1 2 -4
leaf_value=0.012220287762395013 -0.017974144203822411 0.0041929620985501183 -0.0076193292812671218
leaf_weight=3.8262872919440261 4.8366679623723021 64.673781558871269 28.324416156858206
leaf_count=22 29 397 160
internal_value=-0.000287978 -0.00134756 0.000390107
internal_weight=101.661 97.8349 92.9982
internal_count=608 586 557
is_linear=0
shrinkage=0.05


Tree=213
num_leaves=7
num_cat=0
split_feature=3 1 1 5 12 1
split_gain=0.596708 2.80405 2.38889 2.04833 2.07778 1.49801
threshold=0.80638258385074157 -1.0000000180025095e-35 0.89511993945791613 0.029999999999999988 -0.53004260082202992 0.1678946584608875
decision_type=2 2 2 2 2 2
left_child=3 -2 -3 4 -1 -5
right_child=1 2 -4 5 -6 -7
leaf_value=0.010281206092311718 0.016693470584641632 -0.030677621426214309 -0.0022081902130194789 -0.0077345337812417527 -0.010640293424959901 0.018975088158850368
leaf_weight=13.360110908746718 6.9066478647291651 6.227790109813216 24.007169459015131 3.8293747082352665 29.756748801097274 17.534492895007133
leaf_count=82 37 31 135 25 195 103
internal_value=-0.000295313 -0.00497684 -0.0115935 0.00256539 -0.00376288 0.0136286
internal_weight=101.622 37.1416 30.235 64.4807 43.1169 21.3639
internal_count=608 203 166 405 277 128
is_linear=0
shrinkage=0.05


Tree=214
num_leaves=6
num_cat=0
split_feature=0 5 3 1 2
split_gain=0.595278 0.831723 1.95051 1.66286 0.298889
threshold=0.85750000000000004 0.069999999999999993 0.5499032173855648 0.98352612120390781 0.06498664343276396
decision_type=2 2 2 2 2
left_child=1 3 -3 -1 -2
right_child=4 2 -4 -5 -6
leaf_value=-0.0017764051088044689 0.015781566506359708 0.0069026060681709163 -0.016294387548674346 0.017902684229917917 -0.0012937006034447385
leaf_weight=58.143314169719815 3.0780678987503043 11.168673522770407 18.35752210766077 7.9834475181996813 2.7262101769447327
leaf_count=360 31 60 95 45 17
internal_value=-0.000293366 -0.00147755 -0.00779091 0.00169093 0.0108743
internal_weight=101.457 95.653 29.5262 66.1268 5.80428
internal_count=608 560 155 405 48
is_linear=0
shrinkage=0.05


Tree=215
num_leaves=7
num_cat=0
split_feature=13 13 3 2 11 2
split_gain=0.587398 1.43151 1.36176 1.26393 1.19162 0.467092
threshold=0.22172813105464143 0.14060316616252941 1.6329931618554518 0.086688682258340866 -0.37052366455156455 0.037761815386185511
decision_type=10 10 2 2 2 2
left_child=1 2 -1 5 -3 -2
right_child=3 4 -4 -5 -6 -7
leaf_value=-0.003836368178441984 0.00053042556848508231 -0.004232198044831343 0.014964173407120796 0.0099395880835525703 0.021781597507825438 -0.022767553002199917
leaf_weight=73.163439581170678 2.491744074970482 4.4883018732070914 6.0298045575618735 2.4144331142306328 8.294598709791897 4.5137104541063309
leaf_count=432 16 27 32 14 45 42
internal_value=-0.00022862 0.00118183 -0.00160122 -0.00963487 0.0140259 -0.0177111
internal_weight=101.396 91.9761 79.1932 9.41989 12.7829 7.00545
internal_count=608 536 464 72 72 58
is_linear=0
shrinkage=0.05


Tree=216
num_leaves=7
num_cat=0
split_feature=9 9 9 3 12 9
split_gain=0.595039 1.51807 1.48399 1.75955 1.42983 1.17989
threshold=-0.84036350822042627 -1.0647984276644009 -0.28326362336813443 0.11881974909711666 -0.043654120018726296 -1.4337062485320855
decision_type=2 2 2 2 2 2
left_child=1 5 3 -2 -4 -1
right_child=2 -3 4 -5 -6 -7
leaf_value=-0.010589899495056572 -0.0022286016587497442 -0.020333867676899053 -0.0095407305621985142 0.023736256124898672 0.0049739924027507034 0.010966298177603341
leaf_weight=5.8817393966019198 10.587905671447517 6.6681526750326148 28.153049036860466 9.2609824649989587 30.214102881029248 10.578044593334198
leaf_count=39 66 45 165 54 179 60
internal_value=-0.000179119 -0.00645841 0.00195411 0.0122244 -0.00222749 0.00259075
internal_weight=101.344 23.1279 78.216 19.8489 58.3672 16.4598
internal_count=608 144 464 120 344 99
is_linear=0
shrinkage=0.05


Tree=217
num_leaves=5
num_cat=0
split_feature=12 3 12 6
split_gain=0.595262 1.1624 2.35713 2.17194
threshold=0.99140897414483042 0.94280904158206325 0.52809742914083524 6.7326275758155676
decision_type=2 2 2 2
left_child=1 3 -3 -1
right_child=-2 2 -4 -5
leaf_value=-0.0044016815443267176 -0.011938937332722638 -0.013239614653602742 0.013619033063377171 0.012761130056934007
leaf_weight=31.744382102042437 4.7977258563041678 24.508155807852749 6.7708656862378112 33.416960893198848
leaf_count=197 30 131 39 211
internal_value=-0.000177304 0.000967445 -0.00634992 0.00468216
internal_weight=101.238 96.4404 31.279 65.1613
internal_count=608 578 170 408
is_linear=0
shrinkage=0.05


Tree=218
num_leaves=6
num_cat=0
split_feature=0 5 3 1 8
split_gain=0.576602 0.748221 1.76765 1.57296 0.300064
threshold=0.85750000000000004 0.069999999999999993 0.5499032173855648 0.98352612120390781 0.63090939456833472
decision_type=2 2 2 2 2
left_child=1 3 -3 -1 -2
right_child=4 2 -4 -5 -6
leaf_value=-0.0017161723685223649 0.016035341997076048 0.0066421783255579264 -0.015440094195752187 0.017449235887794144 -0.00103589439855735
leaf_weight=58.033536398783326 2.7934472970664492 11.148594103753569 18.340719148516655 7.9469591714441767 2.9931917265057564
leaf_count=360 27 60 95 45 21
internal_value=-0.000175918 -0.0013475 -0.00733912 0.00165874 0.0108181
internal_weight=101.256 95.4698 29.4893 65.9805 5.78664
internal_count=608 560 155 405 48
is_linear=0
shrinkage=0.05


Tree=219
num_leaves=7
num_cat=0
split_feature=13 13 3 2 11 2
split_gain=0.575753 1.31058 1.33916 1.21424 1.10788 0.437178
threshold=0.22172813105464143 0.14060316616252941 -1.0895960119520993 0.086688682258340866 -0.37052366455156455 0.037761815386185511
decision_type=10 10 2 2 2 2
left_child=1 2 -1 5 -3 -2
right_child=3 4 -4 -5 -6 -7
leaf_value=-0.015364678787781151 0.00041195535884828354 -0.00406507243126231 0.0013632985279730082 0.0097162488625805107 0.02104247618333608 -0.022342811987810837
leaf_weight=9.2890099976211769 2.4896554611623269 4.481225758790969 69.802093632519245 2.4170785248279572 8.2850228250026685 4.4361682683229446
leaf_count=81 16 27 383 14 45 42
internal_value=-0.000115249 0.00127445 -0.00139811 -0.00945966 0.0135655 -0.0174198
internal_weight=101.2 91.8574 79.0911 9.3429 12.7662 6.92582
internal_count=608 536 464 72 72 58
is_linear=0
shrinkage=0.05


Tree=220
num_leaves=5
num_cat=0
split_feature=12 3 12 6
split_gain=0.579278 1.04736 2.18312 1.98632
threshold=0.99140897414483042 0.94280904158206325 0.52809742914083524 6.7326275758155676
decision_type=2 2 2 2
left_child=1 3 -3 -1
right_child=-2 2 -4 -5
leaf_value=-0.0041789822455386315 -0.011742338350642798 -0.012596685290287816 0.013243168680610609 0.012248930118513716
leaf_weight=31.674437195062637 4.787232093513011 24.502970393747095 6.7580589838325968 33.380581475794315
leaf_count=197 30 131 39 211
internal_value=-0.000131866 0.000996225 -0.00595476 0.00452301
internal_weight=101.103 96.316 31.261 65.055
internal_count=608 578 170 408
is_linear=0
shrinkage=0.05


Tree=221
num_leaves=7
num_cat=0
split_feature=0 5 2 2 7 8
split_gain=0.578197 1.8417 1.57972 2.34618 2.035 1.14728
threshold=0.66000000000000014 0.085000000000000034 0.042274724790894565 0.058350949864619923 -0.452043859227862 0.66496928820476964
decision_type=2 2 2 2 2 2
left_child=2 -2 4 -4 -1 -3
right_child=1 5 3 -5 -6 -7
leaf_value=0.0070539624997887716 0.01924290714962984 0.0061686944189686226 0.015763543611161165 -0.0047270513181181771 -0.020734130589801184 -0.014495457573482213
leaf_weight=6.8144524209201363 9.0594433061778563 9.8915619961917418 16.233432501554489 36.388307474553585 14.942213479429482 7.7885515317320815
leaf_count=38 68 68 91 216 85 42
internal_value=-0.000132363 0.00557759 -0.00240716 0.00241349 -0.0123388 -0.00412319
internal_weight=101.118 26.7396 74.3784 52.6217 21.7567 17.6801
internal_count=608 178 430 307 123 110
is_linear=0
shrinkage=0.05


Tree=222
num_leaves=7
num_cat=0
split_feature=9 4 8 9 4 12
split_gain=0.599729 1.48631 1.54005 1.35809 1.70914 1.26359
threshold=-0.84036350822042627 0.028613807855648973 0.61306160853804759 -0.28326362336813443 0.03201562118716425 -0.043654120018726296
decision_type=2 2 2 2 2 2
left_child=1 -1 -3 4 -2 -5
right_child=3 2 -4 5 -6 -7
leaf_value=-0.016812858617296988 0.022427186541535332 0.017562515165077796 -0.0090616328668435362 -0.0088751464064098905 -0.003138144147141822 0.0047884831933254464
leaf_weight=10.76138022914529 10.149959404021503 5.7715362757444364 6.5072850286960602 28.036216780543327 9.6010378636419755 30.098445773124695
leaf_count=70 62 37 37 165 58 179
internal_value=-0.000106447 -0.00642268 0.00491356 0.00203676 0.0118763 -0.001982
internal_weight=100.926 23.0402 12.2788 77.8857 19.751 58.1347
internal_count=608 144 74 464 120 344
is_linear=0
shrinkage=0.05


Tree=223
num_leaves=5
num_cat=0
split_feature=12 3 12 6
split_gain=0.576527 0.947163 2.00897 1.83543
threshold=0.99140897414483042 0.94280904158206325 0.66750634092622008 6.7326275758155676
decision_type=2 2 2 2
left_child=1 3 -3 -1
right_child=-2 2 -4 -5
leaf_value=-0.0039934074390810424 -0.01167686998396281 -0.011252015505917085 0.014828451040835328 0.011814090295398767
leaf_weight=31.573404904454947 4.7748138271272174 26.168010473251346 5.0247969292104235 33.364006035029888
leaf_count=197 30 142 28 211
internal_value=-8.50444e-05 0.00103958 -0.00558262 0.00439226
internal_weight=100.905 96.1302 31.1928 64.9374
internal_count=608 578 170 408
is_linear=0
shrinkage=0.05


Tree=224
num_leaves=5
num_cat=0
split_feature=9 7 12 7
split_gain=0.573903 1.56729 1.7124 1.44083
threshold=1.4076783531279418 0.61785620485153769 -0.75905655460631627 0.46963387092404318
decision_type=2 2 2 2
left_child=1 3 -3 -1
right_child=-2 2 -4 -5
leaf_value=0.00053277007597655709 -0.011491776614626808 -0.0097059007751891108 0.018676730979915838 -0.017679645035696488
leaf_weight=69.129436507821083 5.0184590853750697 3.7019889652729061 15.251133780926464 7.8256588131189337
leaf_count=422 33 22 85 46
internal_value=-8.14215e-05 0.00105547 0.0122641 -0.0022849
internal_weight=100.927 95.9082 18.9531 76.9551
internal_count=608 575 107 468
is_linear=0
shrinkage=0.05


Tree=225
num_leaves=6
num_cat=0
split_feature=3 0 3 8 12
split_gain=0.588446 1.47664 1.1084 2.17631 1.49721
threshold=1.6329931618554518 0.56750000000000012 1.1470786693528097 0.59439758666651277 0.63259268935353996
decision_type=2 2 2 2 2
left_child=2 -2 4 -4 -1
right_child=1 -3 3 -5 -6
leaf_value=0.005190812849250854 -0.0077131277672440549 0.022532636751083648 0.0085369450804417806 -0.022074309790682815 -0.0096378031757464542
leaf_weight=58.579529022797942 3.9926829785108557 3.7230574265122414 5.9232684969902065 10.351972885429857 18.312527673318982
leaf_count=359 21 20 33 54 121
internal_value=-0.000123657 0.0100027 -0.00142904 -0.0115455 0.00128642
internal_weight=100.883 7.71574 93.1673 16.2752 76.8921
internal_count=608 41 567 87 480
is_linear=0
shrinkage=0.05


Tree=226
num_leaves=7
num_cat=0
split_feature=3 5 0 0 3 0
split_gain=0.595262 2.03353 2.2774 1.90646 1.46278 1.66908
threshold=-0.38214213965921978 0.059999999999999977 0.38000000000000006 0.85000000000000009 -0.63631996584907735 0.25000000000000006
decision_type=2 2 2 2 2 2
left_child=4 2 -2 -3 5 -1
right_child=1 3 -4 -5 -6 -7
leaf_value=0.016553601427021239 -0.0051271990759448821 -0.012316590187673013 0.018332562231442504 0.01323480392940703 -0.019554854726613211 -0.0061119898790775581
leaf_weight=6.8183391224592951 13.663813475519417 24.297803118824962 22.691651191562414 5.2351268120110026 7.0707131177186957 21.077452767640352
leaf_count=70 75 128 119 42 43 131
internal_value=-0.000124826 0.00263198 0.00996158 -0.00652679 -0.00499894 0.00110199
internal_weight=100.855 65.8884 36.3555 29.5329 34.9665 27.8958
internal_count=608 364 194 170 244 201
is_linear=0
shrinkage=0.05


Tree=227
num_leaves=7
num_cat=0
split_feature=1 4 5 12 4 5
split_gain=0.611011 2.62421 1.91498 1.72689 3.08784 2.2735
threshold=0.89511993945791613 0.014895099728874508 0.059999999999999977 0.16497588027511084 0.014999999999999972 -0.059999999999999963
decision_type=2 2 2 2 2 2
left_child=3 -2 -3 5 -5 -1
right_child=1 2 -4 4 -6 -7
leaf_value=-0.0073134908931946994 0.026785365966804822 0.01522476018534503 -0.009430329652493994 -0.028104466312982253 0.0016747244854891303 0.014591978179940807
leaf_weight=18.93485801666975 5.2024342343211165 6.2409862503409412 21.800019208341837 9.9569361843168753 19.580171464011073 19.071726676076651
leaf_count=126 39 35 121 62 121 104
internal_value=-0.000106825 0.00501221 -0.00246941 -0.00279811 -0.0109793 0.0040972
internal_weight=100.787 33.2434 28.041 67.5437 29.5371 38.0066
internal_count=608 195 156 413 183 230
is_linear=0
shrinkage=0.05


Tree=228
num_leaves=7
num_cat=0
split_feature=2 4 6 13 12 8
split_gain=0.609108 2.3064 2.04749 1.73108 1.64218 1.30602
threshold=0.07364248651427073 0.020914365781842373 6.6563150884986717 0.14365960368585709 0.81159522051720445 0.74578954405334474
decision_type=2 2 2 8 2 2
left_child=1 4 3 -2 -1 -3
right_child=2 5 -4 -5 -6 -7
leaf_value=0.01175090684329773 0.0044286884152356619 -0.013147246155684487 0.014484327971310685 -0.024337719943312738 -0.013993851393986604 0.0095005063435620769
leaf_weight=25.962212400510911 9.8668445907533151 35.361654544249177 18.465533416718245 3.8086881451308718 3.2894565351307383 3.8508460819721213
leaf_count=164 53 211 111 23 26 20
internal_value=-6.99276e-05 -0.00270505 0.0051517 -0.00795387 0.00723564 -0.0101002
internal_weight=100.605 68.4642 32.1411 13.6755 29.2517 39.2125
internal_count=608 421 187 76 190 231
is_linear=0
shrinkage=0.05


Tree=229
num_leaves=7
num_cat=0
split_feature=1 4 5 12 4 5
split_gain=0.601219 2.4293 1.81874 1.58094 2.97632 2.10763
threshold=0.89511993945791613 0.014895099728874508 0.059999999999999977 0.16497588027511084 0.014999999999999972 -0.059999999999999963
decision_type=2 2 2 2 2 2
left_child=3 -2 -3 5 -5 -1
right_child=1 2 -4 4 -6 -7
leaf_value=-0.0071414227389405343 0.02603861960159129 0.015017207741325526 -0.0090186954420192322 -0.027470890732042865 0.0017849384537458731 0.013960457635431398
leaf_weight=18.889497825875878 5.1195101626217356 6.2179901748895672 21.792213302105665 9.887629088014366 19.546921001747251 19.036714248359203
leaf_count=126 39 35 121 62 121 104
internal_value=-9.35915e-05 0.00499165 -0.00221652 -0.00276674 -0.0106045 0.00384284
internal_weight=100.49 33.1297 28.0102 67.3608 29.4346 37.9262
internal_count=608 195 156 413 183 230
is_linear=0
shrinkage=0.05


Tree=230
num_leaves=7
num_cat=0
split_feature=3 4 4 2 8 3
split_gain=0.57538 1.12719 2.03164 1.78475 1.12083 1.85367
threshold=-1.0895960119520993 0.053121315258830758 0.027428852047526594 0.064568534098013289 0.6455719990376857 -1.4142135623730956
decision_type=2 2 2 2 2 2
left_child=4 2 -2 -3 5 -1
right_child=1 3 -4 -5 -6 -7
leaf_value=0.015703831424070388 -0.0027634480961177396 -0.026010929966745689 0.013209740128725295 0.0042177205563511027 -0.019511758879554388 -0.015400722435828225
leaf_weight=6.1514806635677806 43.807512797415257 3.8212961331009856 29.511110700666904 8.3600142225623113 5.1551793180406085 3.5043881200253955
leaf_count=43 261 19 157 44 44 40
internal_value=-5.78638e-05 0.0016343 0.00409872 -0.010075 -0.00777335 0.00301226
internal_weight=100.311 85.4999 73.3186 12.1813 14.811 9.65587
internal_count=608 481 418 63 127 83
is_linear=0
shrinkage=0.05


Tree=231
num_leaves=7
num_cat=0
split_feature=1 4 5 12 4 11
split_gain=0.578142 2.34054 1.72058 1.48591 2.7484 2.16824
threshold=0.89511993945791613 0.014895099728874508 0.059999999999999977 0.16497588027511084 0.014999999999999972 -0.48868468861280029
decision_type=2 2 2 2 2 2
left_child=3 -2 -3 5 -5 -1
right_child=1 2 -4 4 -6 -7
leaf_value=-0.0077746970722520001 0.025588313937831526 0.014598800627868974 -0.0088031373353264601 -0.026634484697825124 0.0015647320973095327 0.013644924825399024
leaf_weight=18.137638553977013 5.0686034187674514 6.18867398798466 21.792703337967396 9.7956155948340911 19.535309681668878 19.69717182032764
leaf_count=111 39 35 121 62 121 119
internal_value=-0.000127923 0.00486518 -0.00219877 -0.00275171 -0.0103604 0.00366765
internal_weight=100.216 33.05 27.9814 67.1657 29.3309 37.8348
internal_count=608 195 156 413 183 230
is_linear=0
shrinkage=0.05


Tree=232
num_leaves=7
num_cat=0
split_feature=0 5 2 2 7 2
split_gain=0.576803 1.53253 1.46247 2.10974 1.95534 1.0881
threshold=0.66000000000000014 0.085000000000000034 0.042274724790894565 0.058350949864619923 -0.452043859227862 0.073210073992960548
decision_type=2 2 2 2 2 2
left_child=2 -2 4 -4 -1 -3
right_child=1 5 3 -5 -6 -7
leaf_value=0.0070430275401559411 0.018230844099600192 -0.012605364641325008 0.01495752942705289 -0.0045274915956114714 -0.020271884505813981 0.0074050599458381633
leaf_weight=6.7423986047506359 8.7968602553010005 8.9379546903073805 16.142921335995197 36.048153910785913 14.731861013919113 8.6810745149850828
leaf_count=38 68 58 91 216 85 52
internal_value=-9.283e-05 0.00563869 -0.00237588 0.00228009 -0.0119852 -0.00328855
internal_weight=100.081 26.4159 73.6653 52.1911 21.4743 17.619
internal_count=608 178 430 307 123 110
is_linear=0
shrinkage=0.05


Tree=233
num_leaves=7
num_cat=0
split_feature=3 1 3 8 8 0
split_gain=0.575074 1.83966 2.10877 1.5248 3.80242 1.05687
threshold=-0.38214213965921978 -1.0000000180025095e-35 0.80638258385074157 0.54011477726993029 0.63620573029359917 0.25000000000000006
decision_type=2 2 2 2 2 2
left_child=3 5 -3 -1 -5 -2
right_child=1 2 -4 4 -6 -7
leaf_value=-0.019024596765647456 -0.0036740629201829876 0.0088588800883856646 -0.010085095344693411 0.018586689391584241 -0.013685015820051039 0.021423251122287393
leaf_weight=7.900873038917779 3.9278845749795428 20.639063507318497 29.749271709471941 12.181333951652052 14.523402851074932 10.995609685778616
leaf_count=61 26 118 166 85 98 54
internal_value=-6.39345e-05 0.00265332 -0.0022264 -0.00487981 0.00164537 0.0155533
internal_weight=99.9174 65.3118 50.3883 34.6056 26.7047 14.9235
internal_count=608 364 284 244 183 80
is_linear=0
shrinkage=0.05


Tree=234
num_leaves=7
num_cat=0
split_feature=1 4 5 12 1 12
split_gain=0.601477 2.17797 1.59188 1.43616 1.60373 0.820026
threshold=0.89511993945791613 0.014895099728874508 0.059999999999999977 0.61746356893161469 0.060502827379980008 0.91964831388736423
decision_type=2 2 2 2 2 2
left_child=3 -2 -3 4 -1 -5
right_child=1 2 -4 5 -6 -7
leaf_value=0.0070822339637350122 0.025098372129617422 0.014333477200655113 -0.0081875390977619728 -0.022069052667824513 -0.010083132306166871 -0.00083394097392348843
leaf_weight=36.313682990148664 5.0017902851104727 6.1486141160130527 21.814365331083536 7.3966428227722627 15.371911037713287 7.824095856398344
leaf_count=233 39 35 121 52 80 48
internal_value=-5.54282e-05 0.00503844 -0.0018125 -0.00274101 0.00153797 -0.0140587
internal_weight=99.8711 32.9648 27.963 66.9063 51.6856 15.2207
internal_count=608 195 156 413 313 100
is_linear=0
shrinkage=0.05


Tree=235
num_leaves=7
num_cat=0
split_feature=1 4 5 12 1 12
split_gain=0.587781 2.06768 1.49192 1.34597 1.47571 0.775407
threshold=0.89511993945791613 0.014895099728874508 0.059999999999999977 0.61746356893161469 0.060502827379980008 0.91964831388736423
decision_type=2 2 2 2 2 2
left_child=3 -2 -3 4 -1 -5
right_child=1 2 -4 5 -6 -7
leaf_value=0.0067610024757862796 0.02461174454380996 0.013961464331630905 -0.0078470966263689736 -0.021466972409861562 -0.0096970207813504832 -0.00080856138716108895
leaf_weight=36.373086977750063 4.9459374733269206 6.130517482757571 21.839011166244745 7.3649387303739768 15.38356615975499 7.8231635950505733
leaf_count=233 39 35 121 52 80 48
internal_value=-3.97248e-05 0.00499999 -0.00167458 -0.00269293 0.00144589 -0.0136618
internal_weight=99.8602 32.9155 27.9695 66.9448 51.7567 15.1881
internal_count=608 195 156 413 313 100
is_linear=0
shrinkage=0.05


Tree=236
num_leaves=7
num_cat=0
split_feature=0 5 12 11 8 6
split_gain=0.619136 1.33654 1.01131 1.01322 0.989861 0.720134
threshold=0.66000000000000014 0.085000000000000034 -0.92886343598617815 -0.78659655398106809 0.66496928820476964 6.8622815378602722
decision_type=2 2 2 2 2 2
left_child=2 -2 5 -4 -3 -1
right_child=1 4 3 -5 -6 -7
leaf_value=-0.0043080303435799362 0.017728179803692873 0.0067729959800144936 0.0042148484716699186 -0.0083344385334418146 -0.012278476714119337 0.018451690787953459
leaf_weight=3.0704635530710211 8.669840309768917 9.8737208805978316 19.736635211855173 46.405020846053958 7.8315533474087706 4.2594108395278454
leaf_count=18 68 68 111 279 42 22
internal_value=-2.43949e-05 0.00591326 -0.00239688 -0.00455669 -0.00250216 0.0110369
internal_weight=99.8466 26.3751 73.4715 66.1417 17.7053 7.32987
internal_count=608 178 430 390 110 40
is_linear=0
shrinkage=0.05


Tree=237
num_leaves=7
num_cat=0
split_feature=2 2 8 6 13 7
split_gain=0.596871 2.18065 1.97053 1.86839 1.74031 1.2361
threshold=0.07364248651427073 0.06498664343276396 0.51845679709081327 6.6563150884986717 0.14365960368585709 0.38069744357540303
decision_type=2 2 2 2 8 2
left_child=1 2 -1 4 -2 -5
right_child=3 -3 -4 5 -6 -7
leaf_value=-0.011971586231900443 0.0048737714073378837 -0.020886740135210705 0.0066499528455812029 0.021614692797591345 -0.023923526061660302 -0.0022172580925133817
leaf_weight=14.985432004556058 9.8235741965472716 8.3367050271481258 44.443344816565514 11.45942020788789 3.7590848430991164 6.8491095416247836
leaf_count=94 53 54 273 71 23 40
internal_value=3.02856e-05 -0.00259768 0.00138973 0.00520968 -0.00738869 0.0141361
internal_weight=99.6567 67.7655 59.4288 31.8912 13.5827 18.3085
internal_count=608 421 367 187 76 111
is_linear=0
shrinkage=0.05


Tree=238
num_leaves=5
num_cat=0
split_feature=2 2 0 0
split_gain=0.561614 1.73221 1.19047 1.14256
threshold=0.11837293174009798 0.10802635804488346 0.65000000000000013 0.38000000000000006
decision_type=2 2 2 2
left_child=1 2 -1 -2
right_child=3 -3 -4 -5
leaf_value=-0.0029190996067602537 -0.0082599874387945509 -0.022704298900828312 0.0091071240556443531 0.018833457221189454
leaf_weight=63.710721330717206 2.7171532474458209 3.6396655291318885 24.410358365625143 5.0433327257633209
leaf_count=376 20 18 168 26
internal_value=-3.32958e-05 -0.00133202 0.000722397 0.00982777
internal_weight=99.5212 91.7607 88.1211 7.76049
internal_count=608 562 544 46
is_linear=0
shrinkage=0.05


Tree=239
num_leaves=7
num_cat=0
split_feature=2 2 8 7 13 6
split_gain=0.555205 2.10824 1.81292 1.66438 1.37712 1.14008
threshold=0.073210073992960548 0.06498664343276396 0.51845679709081327 0.36682139722284085 -0.15319596386608966 6.6563150884986717
decision_type=2 2 2 2 8 2
left_child=1 2 -1 5 -5 -2
right_child=3 -3 -4 4 -6 -7
leaf_value=-0.011545579339338842 -0.001366968886249072 -0.020910636613922975 0.0063359659425202709 0.0071773396392318285 -0.018738644953527769 0.02032963090620905
leaf_weight=14.930627146735786 8.6227146722376364 7.924954490736126 44.36809379607439 5.6979409381747246 6.2612309008836728 11.511675551533697
leaf_count=94 49 51 273 31 38 72
internal_value=-4.57078e-05 -0.00259728 0.00128593 0.00492854 -0.00791533 0.0126144
internal_weight=99.3172 67.2237 59.2987 32.0936 11.9592 20.1344
internal_count=608 418 367 190 69 121
is_linear=0
shrinkage=0.05


Tree=240
num_leaves=7
num_cat=0
split_feature=9 4 8 13 13 2
split_gain=0.575805 1.46792 1.41738 1.27993 1.68995 1.16597
threshold=-0.84036350822042627 0.028613807855648973 0.61306160853804759 0.087012160883943937 0.011728377156317712 0.076725510077512923
decision_type=2 2 2 10 10 2
left_child=1 5 -3 4 -2 -1
right_child=3 2 -4 -5 -6 -7
leaf_value=-0.023576183808325477 0.002849181844779614 0.017108295303334433 -0.0085725292213189655 0.013262263426824468 -0.015507842598252048 0.0050816252154855203
leaf_weight=7.7072728201746958 50.98467592895031 5.6932585239410383 6.4036187827587128 14.389003351330755 11.198123937472699 2.8167460709810257
leaf_count=54 308 37 37 92 64 16
internal_value=-8.85573e-05 -0.00632426 0.00498252 0.00202833 -0.00136475 -0.0167397
internal_weight=99.1927 22.6209 12.0969 76.5718 62.1828 10.524
internal_count=608 144 74 464 372 70
is_linear=0
shrinkage=0.05


Tree=241
num_leaves=7
num_cat=0
split_feature=3 13 6 3 13 7
split_gain=0.580068 1.12615 2.7595 1.83857 1.07341 1.08396
threshold=-1.0895960119520993 -0.14669390627095044 6.5576491814298867 -0.84490421830306039 -0.054185356985895668 -0.14247513219203231
decision_type=2 8 2 2 10 2
left_child=4 2 -2 -3 -1 -6
right_child=1 3 -4 -5 5 -7
leaf_value=-0.019955473526677557 -0.0087837058439615822 0.01656657673535409 0.024006568551720276 -0.0047988184402787439 -0.0073032098176788159 0.016752689826707922
leaf_weight=4.5832003094255933 7.5757480300962952 6.9604678936302653 10.266624759882687 59.702129408717155 7.4546789750456801 2.6023029349744293
leaf_count=39 43 43 63 332 61 27
internal_value=-0.000107058 0.00160536 0.0112089 -0.00156776 -0.00788371 0.00241748
internal_weight=99.1452 84.505 17.8424 66.6626 14.6402 10.057
internal_count=608 481 106 375 127 88
is_linear=0
shrinkage=0.05


Tree=242
num_leaves=7
num_cat=0
split_feature=3 1 11 8 8 11
split_gain=0.576539 1.65462 1.9948 1.38144 3.46427 1.02346
threshold=-0.38214213965921978 -1.0000000180025095e-35 0.90165711405764271 0.54011477726993029 0.63620573029359917 -0.078640339064076067
decision_type=2 2 2 2 2 2
left_child=3 5 -3 -1 -5 -2
right_child=1 2 -4 4 -6 -7
leaf_value=-0.018423132437964132 0.0013561367398110191 0.0031393386685632067 -0.018642728050219045 0.017535589652556596 -0.013323469616400832 0.025064644498390951
leaf_weight=7.7859514467418185 8.7703120969235879 41.240864440798759 8.6675367653369886 12.167006067931654 14.378888821229337 6.0602404810488215
leaf_count=61 49 236 48 85 98 31
internal_value=-6.20419e-05 0.00267083 -0.00199668 -0.00489979 0.00135801 0.0149212
internal_weight=99.0708 64.739 49.9084 34.3318 26.5459 14.8306
internal_count=608 364 284 244 183 80
is_linear=0
shrinkage=0.05


Tree=243
num_leaves=7
num_cat=0
split_feature=5 13 8 13 5 12
split_gain=0.586374 2.05176 2.68078 1.71386 2.0496 1.58381
threshold=-0.085000000000000006 0.077392040532703696 0.61593169192322061 0.039749908426858674 0.11250000000000006 0.1434566363029367
decision_type=2 10 2 10 2 2
left_child=1 -1 -3 4 -2 -5
right_child=3 2 -4 5 -6 -7
leaf_value=-0.016398584399621458 0.014671074969945836 0.021889527245564189 -0.014211401747936052 0.0037119568771478866 -0.0050893980221450447 -0.018135998348805967
leaf_weight=14.164669236168267 30.099226467311382 7.1891288645565492 4.4669820107519627 14.090833455324175 17.716982379555702 11.276671536266802
leaf_count=95 182 48 35 78 102 68
internal_value=-6.73046e-05 -0.00590505 0.00794154 0.0022383 0.0075607 -0.00738715
internal_weight=99.0045 25.8208 11.6561 73.1837 47.8162 25.3675
internal_count=608 178 83 430 284 146
is_linear=0
shrinkage=0.05


Tree=244
num_leaves=5
num_cat=0
split_feature=12 12 4 0
split_gain=0.549429 0.890839 1.1773 0.56951
threshold=0.99140897414483042 0.91964831388736423 0.0082915619758885273 0.50000000000000011
decision_type=2 2 2 2
left_child=1 2 -1 -3
right_child=-2 3 -4 -5
leaf_value=0.01153896604665848 -0.011458788041372826 -0.0010205880722222039 -0.0031409066598076501 0.021278548906192858
leaf_weight=11.450168225914238 4.6867765896022311 3.7365289181470862 75.830728316679597 3.1716673709452152
leaf_count=76 30 21 459 22
internal_value=-9.72096e-05 0.00101726 -0.000694226 0.013853
internal_weight=98.8759 94.1891 87.2809 6.9082
internal_count=608 578 535 43
is_linear=0
shrinkage=0.05


Tree=245
num_leaves=4
num_cat=0
split_feature=0 12 0
split_gain=0.551289 0.828611 1.29047
threshold=0.13000000000000003 0.98287945920107977 0.28000000000000008
decision_type=2 2 2
left_child=-1 2 -2
right_child=1 -3 -4
leaf_value=-0.012894483770618519 0.014741726005075893 -0.012022354640733411 -0.00032619432605421236
leaf_weight=2.756887746974825 12.337910542264579 6.1377954669296733 77.626569917425513
leaf_count=46 77 38 447
internal_value=-5.0888e-05 0.00093703 0.00240762
internal_weight=98.8592 96.1023 89.9645
internal_count=608 562 524
is_linear=0
shrinkage=0.05


Tree=246
num_leaves=6
num_cat=0
split_feature=3 0 3 8 6
split_gain=0.548242 1.36964 0.990291 1.88953 1.13789
threshold=1.6329931618554518 0.56750000000000012 1.1470786693528097 0.59439758666651277 7.2308671926941326
decision_type=2 2 2 2 2
left_child=2 -2 4 -4 -1
right_child=1 -3 3 -5 -6
leaf_value=0.0038752615135070703 -0.0074472179282885562 0.021870499850890401 0.0079356750050823301 -0.020812020271671557 -0.011178637952512518
leaf_weight=65.07210679911077 3.9000975787639609 3.6263275146484375 5.7882758080959311 10.171018630266188 10.340184450149534
leaf_count=410 21 20 33 54 70
internal_value=-7.39263e-05 0.00976984 -0.00134959 -0.0109797 0.0012444
internal_weight=98.898 7.52643 91.3716 15.9593 75.4123
internal_count=608 41 567 87 480
is_linear=0
shrinkage=0.05


Tree=247
num_leaves=7
num_cat=0
split_feature=5 13 8 13 11 2
split_gain=0.553132 1.91223 2.51293 1.59269 1.93634 1.51945
threshold=-0.085000000000000006 0.077392040532703696 0.61593169192322061 0.039749908426858674 0.86164760024752052 0.027832584121295051
decision_type=2 10 2 10 2 2
left_child=1 -1 -3 4 -2 -5
right_child=3 2 -4 5 -6 -7
leaf_value=-0.015919878366514584 0.011641280723599481 0.021073995162677651 -0.013872117673732913 0.010990172198777489 -0.010992991418341357 -0.012762237815273296
leaf_weight=14.086993975564839 40.060474961996078 7.2258144319057447 4.438296927139163 4.883845757693055 7.7245591860264531 20.456369612365961
leaf_count=95 237 48 35 27 47 119
internal_value=-8.39406e-05 -0.00576061 0.00760422 0.00215584 0.00728768 -0.00712767
internal_weight=98.8764 25.7511 11.6641 73.1252 47.785 25.3402
internal_count=608 178 83 430 284 146
is_linear=0
shrinkage=0.05


Tree=248
num_leaves=7
num_cat=0
split_feature=2 4 6 13 12 8
split_gain=0.554844 1.98359 1.57878 1.78487 1.37108 1.23886
threshold=0.073210073992960548 0.020914365781842373 6.6563150884986717 0.14365960368585709 0.81159522051720445 0.74578954405334474
decision_type=2 2 2 8 2 2
left_child=1 4 3 -2 -1 -3
right_child=2 5 -4 -5 -6 -7
leaf_value=0.010876799392393683 0.0054365209714139599 -0.012584857803586187 0.013107693474396895 -0.023591983775672294 -0.012856048357132261 0.009483323173773409
leaf_weight=25.243049032986168 9.9264116398990172 34.601789895445108 18.252326160669327 3.7195987515151492 3.1700528860092154 3.8013184443116179
leaf_count=163 54 209 113 23 26 20
internal_value=-0.000103984 -0.00265962 0.00488422 -0.00668051 0.00670135 -0.00955962
internal_weight=98.7145 66.8162 31.8983 13.646 28.4131 38.4031
internal_count=608 418 190 77 189 229
is_linear=0
shrinkage=0.05


Tree=249
num_leaves=7
num_cat=0
split_feature=3 1 3 0 12 4
split_gain=0.543591 1.6208 1.89864 1.76691 1.54745 1.73162
threshold=-0.38214213965921978 -1.0000000180025095e-35 0.80638258385074157 0.24000000000000002 -0.92886343598617815 0.04125945883423051
decision_type=2 2 2 2 2 2
left_child=4 3 -3 -2 -1 -6
right_child=1 2 -4 -5 5 -7
leaf_value=0.015410992245405332 -0.0091823121252303415 0.008502027285695107 -0.0095776581601418123 0.021904873921786774 -0.016991718199512774 0.0046477658220217717
leaf_weight=3.3107576929032794 3.1228092014789572 20.3186080083251 29.387260660529137 11.65920866280794 18.420073945075277 12.389642603695391
leaf_count=20 22 118 166 58 140 84
internal_value=-0.000123595 0.00253629 -0.00208552 0.0146765 -0.00483244 -0.00885582
internal_weight=98.6084 64.4879 49.7059 14.782 34.1205 30.8097
internal_count=608 364 284 80 244 224
is_linear=0
shrinkage=0.05


Tree=250
num_leaves=6
num_cat=0
split_feature=1 4 5 0 0
split_gain=0.565152 1.85973 1.39988 1.30238 1.62806
threshold=0.89511993945791613 0.014895099728874508 0.059999999999999977 0.7400000000000001 0.66000000000000014
decision_type=2 2 2 2 2
left_child=3 -2 -3 4 -1
right_child=1 2 -4 -5 -6
leaf_value=-0.0026569211818707164 0.023652513467822531 0.013713239797285795 -0.0075100225880960604 -0.018489275239255004 0.020672073360773209
leaf_weight=56.620129013434052 4.7866460904479018 6.0238764546811607 21.565592166036367 6.0276322141289702 3.5119833052158347
leaf_count=350 39 35 121 39 24
internal_value=-8.21818e-05 0.00490002 -0.00148315 -0.00269327 0.000187934
internal_weight=98.5359 32.3761 27.5895 66.1597 60.1321
internal_count=608 195 156 413 374
is_linear=0
shrinkage=0.05


Tree=251
num_leaves=7
num_cat=0
split_feature=5 13 8 13 5 12
split_gain=0.549336 1.79302 2.38295 1.44892 1.84686 1.48169
threshold=-0.085000000000000006 0.077392040532703696 0.61593169192322061 0.039749908426858674 0.11250000000000006 0.1434566363029367
decision_type=2 10 2 10 2 2
left_child=1 -1 -3 4 -2 -5
right_child=3 2 -4 5 -6 -7
leaf_value=-0.01555588191269223 0.013879825604776573 0.020398938114212391 -0.013656166745119679 0.0039907825788157844 -0.0048971488479750821 -0.017103349865666129
leaf_weight=13.960997795686128 29.983069835230708 7.2267200574278814 4.3950599748641253 14.020032264292242 17.657822225242853 11.214204683899878
leaf_count=95 182 48 35 78 102 68
internal_value=-6.3375e-06 -0.00568436 0.00728632 0.00222392 0.00711614 -0.00666173
internal_weight=98.4579 25.5828 11.6218 72.8751 47.6409 25.2342
internal_count=608 178 83 430 284 146
is_linear=0
shrinkage=0.05


Tree=252
num_leaves=7
num_cat=0
split_feature=1 4 5 4 12 2
split_gain=0.534019 1.75695 1.29684 1.24101 3.35735 1.44415
threshold=0.89511993945791613 0.014895099728874508 0.059999999999999977 0.014895099728874508 0.32142763045194039 0.087988547104312267
decision_type=2 2 2 2 2 2
left_child=3 -2 -3 4 -1 -5
right_child=1 2 -4 5 -6 -7
leaf_value=0.0060986957503155331 0.023105227871723262 0.013258348997244618 -0.007188027736417542 -0.0033290024561042765 -0.029193071048403157 0.014236777547996625
leaf_weight=10.992092726752164 4.7249399907886973 5.990114543586972 21.580398749560118 35.339703904464841 8.1110089104622585 11.594676066190003
leaf_count=68 39 35 121 224 53 68
internal_value=-3.7828e-05 0.00480882 -0.00139236 -0.00257971 -0.0118333 0.00196332
internal_weight=98.3329 32.2955 27.5705 66.0375 19.1031 46.9344
internal_count=608 195 156 413 121 292
is_linear=0
shrinkage=0.05


Tree=253
num_leaves=7
num_cat=0
split_feature=5 13 8 13 13 11
split_gain=0.525089 1.65963 2.27612 1.33946 1.31409 1.85067
threshold=-0.085000000000000006 0.077392040532703696 0.61593169192322061 -0.15319596386608966 0.039749908426858674 0.86164760024752052
decision_type=2 10 2 8 10 2
left_child=1 3 -3 -1 5 -2
right_child=4 2 -4 -5 -6 -7
leaf_value=0.0057270952568629109 0.011132472473784514 0.019764112780068219 -0.013507395656828992 -0.021996595657544697 -0.0062960814498508755 -0.010968259017424258
leaf_weight=3.6814270578324795 39.847057800740004 7.2361121624708158 4.3729572854936123 10.200359432026746 25.147392611950636 7.7210437562316647
leaf_count=20 237 48 35 75 146 47
internal_value=4.99341e-06 -0.00555593 0.00693788 -0.0150747 0.00218644 0.00684314
internal_weight=98.2064 25.4909 11.6091 13.8818 72.7155 47.5681
internal_count=608 178 83 95 430 284
is_linear=0
shrinkage=0.05


Tree=254
num_leaves=7
num_cat=0
split_feature=11 8 11 7 11 2
split_gain=0.517208 2.1323 1.6989 2.59414 1.48803 1.18205
threshold=0.11970340714850503 0.74354903399985017 0.86164760024752052 -0.57500474188987383 0.98832450130222649 0.075470739835541339
decision_type=2 2 2 2 2 2
left_child=1 5 3 -2 -4 -1
right_child=2 -3 4 -5 -6 -7
leaf_value=-0.010915729494480697 -0.012793475614134759 0.018469093596475621 -0.014787931933615606 0.020465415212617855 0.008841769934803758 0.0040174463348326694
leaf_weight=37.086924854665995 4.2053068242967155 5.1852552294731131 11.809001283720137 16.71338777244091 6.8132253047078839 16.209448479115963
leaf_count=240 27 28 71 106 42 94
internal_value=-3.49841e-05 -0.00293139 0.00409702 0.0126012 -0.00610106 -0.00641895
internal_weight=98.0225 58.4816 39.5409 20.9187 18.6222 53.2964
internal_count=608 362 246 133 113 334
is_linear=0
shrinkage=0.05


Tree=255
num_leaves=6
num_cat=0
split_feature=4 4 0 11 11
split_gain=0.518128 0.829755 1.36135 1.26675 0.70866
threshold=0.066285099666776578 0.043120333749844801 0.32000000000000006 0.10011570492999913 -0.1843798373058631
decision_type=2 2 2 2 2
left_child=1 3 -3 -1 -2
right_child=4 2 -4 -5 -6
leaf_value=-0.0066162135524323517 0.0040121715627656615 -0.0097278873928124242 0.015622749927002071 0.0060343507034201996 -0.016758661008783302
leaf_weight=41.033013185486197 4.3796862736344337 3.4625200554728535 14.377876132726668 29.84854345023632 4.778142683207987
leaf_count=259 27 26 81 185 30
internal_value=-9.55584e-07 0.00134587 0.00965015 -0.00124241 -0.00891632
internal_weight=97.8798 88.722 17.8404 70.8816 9.15783
internal_count=608 551 107 444 57
is_linear=0
shrinkage=0.05


Tree=256
num_leaves=6
num_cat=0
split_feature=3 0 3 8 12
split_gain=0.514217 1.25826 0.952442 1.71576 1.07125
threshold=1.6329931618554518 0.56750000000000012 1.1470786693528097 0.59439758666651277 0.63259268935353996
decision_type=2 2 2 2 2
left_child=2 -2 4 -4 -1
right_child=1 -3 3 -5 -6
leaf_value=0.0046181485901984351 -0.0070664716054217452 0.021170257991776461 0.0074640643969435556 -0.020082386008085568 -0.0081202292521047967
leaf_weight=56.997338127344847 3.8581156879663459 3.5601741448044777 5.7048178203403941 10.108701780438421 17.582350356504321
leaf_count=359 21 20 33 54 121
internal_value=-1.8994e-05 0.00955248 -0.00126401 -0.010739 0.00129353
internal_weight=97.8115 7.41829 90.3932 15.8135 74.5797
internal_count=608 41 567 87 480
is_linear=0
shrinkage=0.05


Tree=257
num_leaves=7
num_cat=0
split_feature=0 2 5 7 5 12
split_gain=0.511609 1.27506 1.93967 1.89602 1.13189 1.01026
threshold=0.66000000000000014 0.042274724790894565 -0.085000000000000006 -0.452043859227862 0.085000000000000034 0.69151364369572221
decision_type=2 2 2 2 2 2
left_child=1 3 -3 -1 -2 -6
right_child=4 2 -4 -5 5 -7
leaf_value=0.0074580784615101399 0.016458677451548543 -0.0075753320108279953 0.010348757788274661 -0.019480439706117098 -0.0092503637532286142 0.010745233084529454
leaf_weight=6.5852271988987949 8.3388771265745181 23.317369831725955 27.641091322526336 14.4584186039865 12.369801707565786 5.0662307478487483
leaf_count=38 68 164 143 85 77 33
internal_value=-2.28306e-05 -0.0021996 0.00220309 -0.0112371 0.00542739 -0.00234056
internal_weight=97.777 72.0021 50.9585 21.0436 25.7749 17.436
internal_count=608 430 307 123 178 110
is_linear=0
shrinkage=0.05


Tree=258
num_leaves=6
num_cat=0
split_feature=9 6 9 2 4
split_gain=0.512876 1.51825 1.04722 1.14497 0.554081
threshold=1.1215714603005973 6.7989889679520674 0.94948588700817849 0.073210073992960548 0.03517766952966369
decision_type=2 2 2 2 2
left_child=2 -2 3 -1 -3
right_child=1 4 -4 -5 -6
leaf_value=-0.0046174331907599007 -0.019116357762816436 0.014810851586581601 0.015547842410339453 0.0073855323692152367 -0.0048242849112633893
leaf_weight=52.674818998202682 6.6209026612341386 3.273426491767168 6.6255971249192944 25.329144850373268 3.0612881705164909
leaf_count=336 39 24 39 152 18
internal_value=-6.10052e-07 -0.00771362 0.00154458 -0.000509768 0.00737968
internal_weight=97.5852 12.9556 84.6296 78.004 6.33471
internal_count=608 81 527 488 42
is_linear=0
shrinkage=0.05


Tree=259
num_leaves=7
num_cat=0
split_feature=3 13 7 11 11 11
split_gain=0.505969 1.02821 1.04845 0.939207 2.1141 1.67566
threshold=-1.0895960119520993 -0.054185356985895668 -0.14247513219203231 0.90165711405764271 0.81146774842999003 0.96305286111208577
decision_type=2 10 2 2 2 2
left_child=1 -1 -3 4 -2 -5
right_child=3 2 -4 5 -6 -7
leaf_value=-0.019251812515890081 0.00077237466636218281 -0.0070019098325970631 0.016760545905775668 -0.024362722665825915 0.026023858898383562 0.0039387277488131004
leaf_weight=4.4260098990052947 64.825167251750827 7.3537591993808737 2.5607012286782238 3.9421525597572318 4.5623417645692816 9.8676322139799577
leaf_count=39 375 61 27 22 26 58
internal_value=2.18299e-05 -0.00730314 0.00269682 0.00162686 0.00407031 -0.00846876
internal_weight=97.5378 14.3405 9.91446 83.1973 69.3875 13.8098
internal_count=608 127 88 481 401 80
is_linear=0
shrinkage=0.05


Tree=260
num_leaves=6
num_cat=0
split_feature=4 4 2 2 1
split_gain=0.508167 0.788056 2.00314 1.98801 0.702111
threshold=0.066285099666776578 0.027084471216400868 0.056242261735466294 0.035187965080676176 -1.7000609159790196
decision_type=2 2 2 2 2
left_child=1 2 -1 -3 -2
right_child=4 3 -4 -5 -6
leaf_value=0.0053679178540038362 0.0056152898591343842 -0.018402597477004453 -0.013553269750128339 0.0097404953552559983 -0.015335247170749279
leaf_weight=28.292359251528978 3.0357475057244301 2.6383712980896226 19.44309937953949 38.020712476223707 6.0669129602611047
leaf_count=187 22 16 124 224 35
internal_value=1.28112e-05 0.00134809 -0.00289318 0.00609905 -0.00883456
internal_weight=97.4972 88.3945 47.7355 40.6591 9.10266
internal_count=608 551 311 240 57
is_linear=0
shrinkage=0.05


Tree=261
num_leaves=6
num_cat=0
split_feature=0 9 7 6 8
split_gain=0.510543 0.645986 1.76747 1.2462 0.252507
threshold=0.85750000000000004 1.1215714603005973 0.57696543209545059 6.7989889679520674 0.63090939456833472
decision_type=2 2 2 2 2
left_child=1 2 -1 -3 -2
right_child=4 3 -4 -5 -6
leaf_value=-0.0028418284628536749 0.015261534684644376 -0.019978122600202326 0.014811968732254353 0.0050764911339275139 -0.00077515978021405654
leaf_weight=66.964858882129192 2.5852045007050029 6.3922529928386194 12.667322233319281 5.9163460172712803 2.9497321508824825
leaf_count=410 27 37 74 39 21
internal_value=-5.27296e-05 -0.00118632 0.000675583 -0.0099476 0.0104034
internal_weight=97.4757 91.9408 79.6322 12.3086 5.53494
internal_count=608 560 484 76 48
is_linear=0
shrinkage=0.05


Tree=262
num_leaves=6
num_cat=0
split_feature=3 0 3 8 6
split_gain=0.501611 1.1923 0.891315 1.63756 1.04487
threshold=1.6329931618554518 0.56750000000000012 1.1470786693528097 0.59439758666651277 7.2308671926941326
decision_type=2 2 2 2 2
left_child=2 -2 4 -4 -1
right_child=1 -3 3 -5 -6
leaf_value=0.0037799110213343826 -0.0068064060534201295 0.020779843112061647 0.007356165185631972 -0.019552480622118545 -0.010699813366827677
leaf_weight=63.998870050534606 3.8330020606517783 3.5143755301833153 5.6882266812026492 10.100039366632698 10.255042999982832
leaf_count=410 21 20 33 54 70
internal_value=-2.17698e-05 0.00946002 -0.00125245 -0.0104202 0.00123128
internal_weight=97.3896 7.34738 90.0422 15.7883 74.2539
internal_count=608 41 567 87 480
is_linear=0
shrinkage=0.05


Tree=263
num_leaves=6
num_cat=0
split_feature=0 9 7 6 2
split_gain=0.505173 0.612539 1.65841 1.19087 0.221461
threshold=0.85750000000000004 1.1215714603005973 0.57696543209545059 6.7989889679520674 0.06498664343276396
decision_type=2 2 2 2 2
left_child=1 2 -1 -3 -2
right_child=4 3 -4 -5 -6
leaf_value=-0.0027523377140902462 0.014647861922274059 -0.019521603609267149 0.014368039796577302 0.0049775947071852063 -0.00073737061255436259
leaf_weight=66.945546155795455 2.8381491564214221 6.3699458725750429 12.617275431752203 5.9121646173298359 2.6831576824188232
leaf_count=410 31 37 74 39 17
internal_value=-3.31083e-05 -0.00116202 0.000651673 -0.00970039 0.0103739
internal_weight=97.3662 91.8449 79.5628 12.2821 5.52131
internal_count=608 560 484 76 48
is_linear=0
shrinkage=0.05


Tree=264
num_leaves=7
num_cat=0
split_feature=3 4 4 8 6 9
split_gain=0.486769 1.1189 1.91933 1.13996 1.00771 0.9799
threshold=-1.0895960119520993 0.053121315258830758 0.027428852047526594 0.56523350002717243 6.6496061083304445 -0.78983865866935532
decision_type=2 2 2 2 2 2
left_child=4 2 -2 -3 -1 -6
right_child=1 3 -4 -5 5 -7
leaf_value=0.0060808543651304781 -0.0027071284824104337 0.0076240734120071171 0.013023768585060791 -0.017510835218392081 0.003956927798916981 -0.022937358778337032
leaf_weight=5.8525658491998902 42.49364472553134 3.3484411239624015 28.675915565341711 8.4304683804512006 3.1365989465266457 5.3382768500596276
leaf_count=48 261 17 157 46 26 53
internal_value=-4.47433e-06 0.00157463 0.00407008 -0.0102229 -0.00718895 -0.0152088
internal_weight=97.2759 82.9485 71.1696 11.7789 14.3274 8.47488
internal_count=608 481 418 63 127 79
is_linear=0
shrinkage=0.05


Tree=265
num_leaves=5
num_cat=0
split_feature=0 1 5 8
split_gain=0.488029 0.607505 1.13761 0.243681
threshold=0.85750000000000004 1.8791945809511723 0.069999999999999993 0.63090939456833472
decision_type=2 2 2 2
left_child=1 2 -1 -2
right_child=3 -3 -4 -5
leaf_value=0.0012422147244724876 0.015001001484900515 0.0098302364136817564 -0.010762511809870881 -0.0007663318849684145
leaf_weight=61.935783384367824 2.5457887686789027 6.3622890561819068 23.387905657291412 2.9450624361634254
leaf_count=399 27 34 127 21
internal_value=-3.50053e-05 -0.00114476 -0.002462 0.0102095
internal_weight=97.1768 91.686 85.3237 5.49085
internal_count=608 560 526 48
is_linear=0
shrinkage=0.05


Tree=266
num_leaves=7
num_cat=0
split_feature=0 2 2 5 13 12
split_gain=0.492161 1.19355 1.78566 1.03306 1.03298 0.934546
threshold=0.66000000000000014 0.042274724790894565 0.058350949864619923 0.085000000000000034 0.12445492741290208 0.69151364369572221
decision_type=2 2 2 2 10 2
left_child=1 4 -3 -2 -1 -5
right_child=3 2 -4 5 -6 -7
leaf_value=-0.016765070134125006 0.015961374508631863 0.013853988214847566 -0.0042525419776512745 -0.0087519209154859005 0.0039287720642574514 0.010505405424488395
leaf_weight=14.523706434294583 8.2087239325046557 15.818764796480535 34.896695086732507 12.35820695012808 6.3915199786424628 5.0087381526827803
leaf_count=85 68 91 216 77 38 33
internal_value=2.50979e-06 -0.00213754 0.00213155 0.00536563 -0.0109033 -0.00209111
internal_weight=97.2064 71.6307 50.7155 25.5757 20.9152 17.3669
internal_count=608 430 307 178 123 110
is_linear=0
shrinkage=0.05


Tree=267
num_leaves=5
num_cat=0
split_feature=12 12 4 0
split_gain=0.497046 0.8972 1.05043 0.437961
threshold=0.99140897414483042 0.91964831388736423 0.0082915619758885273 0.50000000000000011
decision_type=2 2 2 2
left_child=1 2 -1 -3
right_child=-2 3 -4 -5
leaf_value=0.010978502519558619 -0.010821766310496264 -0.00012150818145037087 -0.002972517767837384 0.020563450678782468
leaf_weight=11.267014279961584 4.5954707302153102 3.6578241027891627 74.446712134405971 3.0885084196925163
leaf_count=76 30 21 459 22
internal_value=3.78853e-05 0.00110513 -0.000634626 0.0140704
internal_weight=97.0555 92.4601 85.7137 6.74633
internal_count=608 578 535 43
is_linear=0
shrinkage=0.05


Tree=268
num_leaves=5
num_cat=0
split_feature=2 2 2 2
split_gain=0.498299 1.63312 1.07935 0.703043
threshold=0.11837293174009798 0.10802635804488346 0.073210073992960548 0.13045153987687294
decision_type=2 2 2 2
left_child=1 2 -1 -2
right_child=3 -3 -4 -5
leaf_value=-0.0023682362307309319 0.017934580335462406 -0.022035906132931365 0.0096635415615751227 -0.0038519859593838636
leaf_weight=65.622949393466115 3.5253846868872634 3.5352695770561686 20.368027321994305 3.9881791546940804
leaf_count=418 21 18 126 25
internal_value=7.92594e-05 -0.0011657 0.000856054 0.00945189
internal_weight=97.0398 89.5262 85.991 7.51356
internal_count=608 562 544 46
is_linear=0
shrinkage=0.05


Tree=269
num_leaves=7
num_cat=0
split_feature=13 13 1 2 1 0
split_gain=0.491733 1.25485 1.33729 0.951595 0.932423 0.412744
threshold=0.22172813105464143 0.13010658144641721 0.89511993945791613 0.086688682258340866 0.64328673795887503 0.28000000000000008
decision_type=10 10 2 2 2 2
left_child=1 2 -1 5 -3 -2
right_child=3 4 -4 -5 -6 -7
leaf_value=-0.0062391357146091165 0.0010620877500687183 0.019084637740790715 0.0067748091728116874 0.0084344640872039099 -0.0041065658587155001 -0.020556016635208129
leaf_weight=47.668014517053962 2.2793294358998519 9.638165704905985 26.719962388277054 2.3806489109992981 4.0013702027499667 4.2993270568549633
leaf_count=294 25 54 164 14 24 33
internal_value=7.37267e-05 0.00138339 -0.00143228 -0.00868052 0.0130046 -0.0158417
internal_weight=96.9868 88.0275 74.388 8.95931 13.6395 6.57866
internal_count=608 536 458 72 78 58
is_linear=0
shrinkage=0.05


Tree=270
num_leaves=6
num_cat=0
split_feature=4 11 8 7 1
split_gain=0.492205 0.750119 1.57121 1.16737 0.652489
threshold=0.066285099666776578 0.10011570492999913 0.74354903399985017 -0.6932015860024493 -1.7000609159790196
decision_type=2 2 2 2 2
left_child=1 2 -1 -3 -2
right_child=4 3 -4 -5 -6
leaf_value=-0.0056061291787443046 0.0053370953672097357 -0.00890525925486013 0.016589566475857895 0.010390485471365216 -0.014919099473123419
leaf_weight=47.386131739243865 3.0369427241384983 5.9551508948206893 4.4794504120945922 30.002198815345764 6.0172788314521295
leaf_count=301 22 37 24 189 35
internal_value=8.08226e-05 0.00139737 -0.00239905 0.00649777 -0.00864324
internal_weight=96.8772 87.8229 51.8656 35.9573 9.05422
internal_count=608 551 325 226 57
is_linear=0
shrinkage=0.05


Tree=271
num_leaves=4
num_cat=0
split_feature=0 13 0
split_gain=0.479628 0.751153 1.13996
threshold=0.13000000000000003 0.26314765037033799 0.28000000000000008
decision_type=2 10 2
left_child=-1 2 -2
right_child=1 -3 -4
leaf_value=-0.012021212322939732 0.014091061223315313 -0.012261162102808861 -0.00022448639047201519
leaf_weight=2.6054665297269812 11.90496566519141 4.7629678808152667 77.554891724139452
leaf_count=46 72 36 454
internal_value=8.39079e-05 0.00100754 0.00232561
internal_weight=96.8283 94.2228 89.4599
internal_count=608 562 526
is_linear=0
shrinkage=0.05


Tree=272
num_leaves=6
num_cat=0
split_feature=3 0 3 8 12
split_gain=0.474 1.1377 0.850873 1.52922 1.03585
threshold=1.6329931618554518 0.56750000000000012 1.1470786693528097 0.59439758666651277 0.63259268935353996
decision_type=2 2 2 2 2
left_child=2 -2 4 -4 -1
right_child=1 -3 3 -5 -6
leaf_value=0.0045532001075073852 -0.0066370813839221991 0.020377570131709835 0.0070935718375956238 -0.018966696894042734 -0.0080421526332338164
leaf_weight=56.567749483510852 3.8091891705989829 3.4689674451947212 5.6587027944624415 10.03727353364229 17.302992461249232
leaf_count=359 21 20 33 54 121
internal_value=5.37754e-05 0.00929371 -0.00114874 -0.0101275 0.00128015
internal_weight=96.8449 7.27816 89.5667 15.696 73.8707
internal_count=608 41 567 87 480
is_linear=0
shrinkage=0.05


Tree=273
num_leaves=7
num_cat=0
split_feature=0 2 5 7 5 2
split_gain=0.487481 1.12716 1.77361 1.76093 0.958774 0.908306
threshold=0.66000000000000014 0.042274724790894565 -0.085000000000000006 -0.11194421011754677 0.085000000000000034 0.073210073992960548
decision_type=2 2 2 2 2 2
left_child=1 3 -3 -1 -2 -6
right_child=4 2 -4 -5 5 -7
leaf_value=0.0035643657133294761 0.015633016448179566 -0.0073217489889684951 0.0098738609142869447 -0.021593215467809113 -0.01049984379260864 0.0077953836750075545
leaf_weight=10.547051262110474 8.1259446963667887 23.098133804276586 27.463916569948196 10.266366966068743 8.875298526138069 8.433178670704363
leaf_count=61 68 164 143 62 58 52
internal_value=4.72308e-05 -0.00208729 0.00206646 -0.0106237 0.00539608 -0.0018366
internal_weight=96.8099 71.3755 50.5621 20.8134 25.4344 17.3085
internal_count=608 430 307 123 178 110
is_linear=0
shrinkage=0.05


Tree=274
num_leaves=6
num_cat=0
split_feature=4 9 6 11 6
split_gain=0.471598 0.711807 1.48226 0.640552 0.250768
threshold=0.066285099666776578 1.3028441752744524 6.2025114283583864 -0.1843798373058631 6.82815962360438
decision_type=2 2 2 2 2
left_child=1 2 -1 -2 -3
right_child=3 4 -4 -5 -6
leaf_value=0.014771055323600211 0.0038247121017832455 -0.014918124350370376 -0.00072541987629302918 -0.015992421064162682 0.00079387497196639319
leaf_weight=14.951995566487311 4.337354339659214 3.4496286772191516 66.257229099050164 4.6960164047777635 2.943727545440197
leaf_count=90 27 21 419 30 21
internal_value=3.86108e-05 0.00133122 0.00281896 -0.00850473 -0.0105102
internal_weight=96.636 87.6026 81.2092 9.03337 6.39336
internal_count=608 551 509 57 42
is_linear=0
shrinkage=0.05


Tree=275
num_leaves=7
num_cat=0
split_feature=11 11 11 8 8 6
split_gain=0.474627 2.64959 1.32879 1.16777 0.601486 0.378223
threshold=0.86164760024752052 0.77985625369343359 0.98832450130222649 0.74354903399985017 0.59765024830225888 6.7714022059477132
decision_type=2 2 2 2 2 2
left_child=1 3 5 -1 -4 -2
right_child=2 -3 4 -5 -6 -7
leaf_value=-0.0034978420911956232 -0.018236710983861312 0.02703363866501168 -0.0051703124458700568 0.014059062525455884 0.015200668716311278 0.00026325006807739293
leaf_weight=68.077766433358192 8.3405414763838071 4.2415249571204177 2.8641717974096528 5.9150831922888747 3.8645596615970135 3.3069890793412915
leaf_count=435 51 27 18 33 24 20
internal_value=6.49166e-06 0.00177419 -0.00628902 -0.00129326 0.00802193 -0.0144827
internal_weight=96.6106 78.2344 18.3763 73.9928 6.72873 11.6475
internal_count=608 495 113 468 42 71
is_linear=0
shrinkage=0.05


Tree=276
num_leaves=5
num_cat=0
split_feature=2 2 0 2
split_gain=0.469044 1.5519 1.03703 0.682708
threshold=0.11837293174009798 0.10802635804488346 0.65000000000000013 0.13045153987687294
decision_type=2 2 2 2
left_child=1 2 -1 -2
right_child=3 -3 -4 -5
leaf_value=-0.0026122257433215212 0.017576499471982733 -0.021513612220123369 0.0087603653612346472 -0.0038808287432889835
leaf_weight=61.896595370024443 3.4952607899904242 3.5035361535847178 23.675076384097338 3.9644795507192612
leaf_count=376 21 18 168 25
internal_value=7.91914e-05 -0.00113193 0.00084414 0.00919179
internal_weight=96.5349 89.0752 85.5717 7.45974
internal_count=608 562 544 46
is_linear=0
shrinkage=0.05


Tree=277
num_leaves=7
num_cat=0
split_feature=3 4 4 13 7 2
split_gain=0.465961 1.03883 1.73333 0.959969 1.0071 0.955506
threshold=-1.0895960119520993 0.053121315258830758 0.027428852047526594 -0.054185356985895668 -0.14247513219203231 0.067958825682189833
decision_type=2 2 2 10 2 2
left_child=3 2 -2 -1 -5 -3
right_child=1 5 -4 4 -6 -7
leaf_value=-0.018596745920082629 -0.0024525127493358941 -0.021048717930727809 0.012562652309785408 -0.0068937865988301875 0.016444954949062184 0.001885770587717232
leaf_weight=4.3397110700607309 42.129730982705951 3.8988715410232526 28.431191988289356 7.2479506470262995 2.5527503956109259 7.7635720632970333
leaf_count=39 261 20 157 61 27 43
internal_value=7.14176e-05 0.00161835 0.00402851 -0.00699663 0.00268703 -0.00979692
internal_weight=96.3638 82.2234 70.5609 14.1404 9.8007 11.6624
internal_count=608 481 418 127 88 63
is_linear=0
shrinkage=0.05


Tree=278
num_leaves=5
num_cat=0
split_feature=9 13 13 8
split_gain=0.458789 0.932688 1.82804 1.80694
threshold=-1.4337062485320855 0.090589685023480235 0.053315134825582595 0.6455719990376857
decision_type=2 10 10 2
left_child=-1 2 -2 -3
right_child=1 3 -4 -5
leaf_value=-0.0098988154054966832 0.0012655340632988469 0.01842245601569371 -0.020846707001053288 -0.0052272409609286355
leaf_weight=5.5021532643586388 60.17842572927475 13.330580227077009 5.96646056883037 11.31240091845393
leaf_count=39 373 86 36 74
internal_value=2.30774e-05 0.00110971 -0.00205396 0.00851552
internal_weight=96.29 90.7879 66.1449 24.643
internal_count=608 569 409 160
is_linear=0
shrinkage=0.05


Tree=279
num_leaves=7
num_cat=0
split_feature=13 13 1 2 1 2
split_gain=0.457585 1.13639 1.20652 0.90205 0.870181 0.380216
threshold=0.22172813105464143 0.13010658144641721 0.89511993945791613 0.086688682258340866 0.64328673795887503 0.037761815386185511
decision_type=10 10 2 2 2 2
left_child=1 2 -1 5 -3 -2
right_child=3 4 -4 -5 -6 -7
leaf_value=-0.0060086893949172996 0.00082582043389082659 0.018220889342912504 0.0064020027250506432 0.0081997186021970075 -0.0041179575167120891 -0.020101529725076315
leaf_weight=47.3444321192801 2.3451224043965322 9.5991766229271871 26.450246531516314 2.371075265109539 3.9783733412623397 4.166037205606699
leaf_count=294 16 54 164 14 24 42
internal_value=-1.86098e-05 0.00125428 -0.00143635 -0.00848169 0.0123287 -0.0154794
internal_weight=96.2545 87.3722 73.7947 8.88223 13.5775 6.51116
internal_count=608 536 458 72 78 58
is_linear=0
shrinkage=0.05


Tree=280
num_leaves=6
num_cat=0
split_feature=0 9 7 6 2
split_gain=0.451873 0.57993 1.59465 1.14024 0.217893
threshold=0.85750000000000004 1.1215714603005973 0.57696543209545059 6.7989889679520674 0.06498664343276396
decision_type=2 2 2 2 2
left_child=1 2 -1 -3 -2
right_child=4 3 -4 -5 -6
leaf_value=-0.0026724507466429929 0.014157803039218568 -0.019100123373168316 0.014199829745464174 0.0049385402801509735 -0.00090883089622597214
leaf_weight=66.153338253498077 2.7597778812050811 6.2620602212846261 12.448103453963993 5.8599362559616566 2.6530218347907066
leaf_count=410 31 37 74 39 17
internal_value=-9.51287e-06 -0.00108509 0.000689059 -0.00943082 0.00988265
internal_weight=96.1362 90.7234 78.6014 12.122 5.4128
internal_count=608 560 484 76 48
is_linear=0
shrinkage=0.05


Tree=281
num_leaves=5
num_cat=0
split_feature=12 12 4 0
split_gain=0.454441 0.883695 1.03201 0.387424
threshold=0.99140897414483042 0.91964831388736423 0.0082915619758885273 0.50000000000000011
decision_type=2 2 2 2
left_child=1 2 -1 -3
right_child=-2 3 -4 -5
leaf_value=0.010850889160022067 -0.010385379053785721 0.00016968149609025804 -0.0030196004161922702 0.020081984697742018
leaf_weight=11.184259895235298 4.5540812276303759 3.6332292594015589 73.642931377515197 3.0355391874909401
leaf_count=76 30 21 459 22
internal_value=1.73686e-05 0.00104645 -0.000688618 0.0139547
internal_weight=96.05 91.496 84.8272 6.66877
internal_count=608 578 535 43
is_linear=0
shrinkage=0.05


Tree=282
num_leaves=5
num_cat=0
split_feature=2 2 2 2
split_gain=0.451617 1.5094 0.988866 0.659996
threshold=0.11837293174009798 0.10802635804488346 0.073210073992960548 0.13045153987687294
decision_type=2 2 2 2
left_child=1 2 -1 -2
right_child=3 -3 -4 -5
leaf_value=-0.002280632782285681 0.017277226139009696 -0.021251737527059715 0.0092785752463236826 -0.003831521436487999
leaf_weight=64.919372886419296 3.4692354053258887 3.4844764843583098 20.204675406217575 3.9569596126675606
leaf_count=418 21 18 126 25
internal_value=6.03684e-05 -0.00113138 0.000825563 0.00901371
internal_weight=96.0347 88.6085 85.124 7.4262
internal_count=608 562 544 46
is_linear=0
shrinkage=0.05


Tree=283
num_leaves=6
num_cat=0
split_feature=3 0 3 1 3
split_gain=0.459189 1.07127 0.842544 2.43823 1.62234
threshold=1.6329931618554518 0.56750000000000012 0.80638258385074157 -1.0000000180025095e-35 0.61969799987580776
decision_type=2 2 2 2 2
left_child=2 -2 4 -4 -1
right_child=1 -3 3 -5 -6
leaf_value=-0.00099063032915506382 -0.0063762695496153128 0.01994788630305494 0.01532915196053403 -0.014228017962988268 0.021034776689679669
leaf_weight=56.072484960779548 3.775531291961669 3.4165243878960609 4.7887024171650436 23.180862100794911 4.74868270009756
leaf_count=377 21 20 26 136 28
internal_value=5.53809e-05 0.00918112 -0.00113385 -0.00761021 0.00219627
internal_weight=95.9828 7.19206 88.7907 27.9696 60.8212
internal_count=608 41 567 162 405
is_linear=0
shrinkage=0.05


Tree=284
num_leaves=6
num_cat=0
split_feature=4 4 0 11 11
split_gain=0.453697 0.701547 1.24351 1.04407 0.593846
threshold=0.066285099666776578 0.043120333749844801 0.32000000000000006 0.10011570492999913 -0.1843798373058631
decision_type=2 2 2 2 2
left_child=1 3 -3 -1 -2
right_child=4 2 -4 -5 -6
leaf_value=-0.0059215036184361901 0.0036450263085298969 -0.0094564279599043261 0.014896381238717706 0.0056538412349001407 -0.015512970881500858
leaf_weight=40.343908643350005 4.3110401853919029 3.3748176954686668 14.020048238337038 29.261896595358849 4.6207860782742483
leaf_count=259 27 26 81 185 30
internal_value=0.000139036 0.00140587 0.00911522 -0.00100251 -0.00827659
internal_weight=95.9325 87.0007 17.3949 69.6058 8.93183
internal_count=608 551 107 444 57
is_linear=0
shrinkage=0.05


Tree=285
num_leaves=7
num_cat=0
split_feature=11 11 11 8 8 4
split_gain=0.478298 2.46446 1.26837 1.08102 0.873064 0.660756
threshold=0.86164760024752052 0.77985625369343359 0.98629759892182423 0.74354903399985017 0.59765024830225888 0.0082915619758885273
decision_type=2 2 2 2 2 2
left_child=1 3 5 -1 -4 -2
right_child=2 -3 4 -5 -6 -7
leaf_value=-0.0032299328748780862 0.0015015791405522492 0.026304463536351227 -0.0072706354443392053 0.013698043317601423 0.016276612831584516 -0.020391924390564031
leaf_weight=67.571130217984319 3.9118599556386489 4.1970995590090743 3.0804827418178311 5.8656102791428557 4.1042223870754242 7.1382863558828831
leaf_count=435 23 27 19 33 26 45
internal_value=0.000115566 0.00189223 -0.00622795 -0.00109084 0.00733999 -0.0145881
internal_weight=95.8687 77.6338 18.2349 73.4367 7.18471 11.0501
internal_count=608 495 113 468 45 68
is_linear=0
shrinkage=0.05


Tree=286
num_leaves=7
num_cat=0
split_feature=11 11 12 2 2 4
split_gain=0.456756 2.3465 1.21466 1.0236 0.932962 0.379794
threshold=0.86164760024752052 0.77985625369343359 0.15208180109655475 0.07364248651427073 0.058698250678473597 0.0070710678118654805
decision_type=2 2 2 2 2 2
left_child=1 3 4 -1 -2 -4
right_child=2 -3 5 -5 -6 -7
leaf_value=-0.0051287080329995415 0.013465651386198386 0.025753780710229848 -0.00046787606213429293 0.0063993087394837965 -0.0085305646334609044 -0.021295268551587157
leaf_weight=48.13107811100781 6.2060473002493399 4.1798547878861418 3.1081823222339144 25.288938246667385 4.0382217802107334 4.8588952496647835
leaf_count=314 39 27 18 154 26 30
internal_value=0.000176613 0.00190981 -0.0060292 -0.00100313 0.00484087 -0.0164834
internal_weight=95.8112 77.5999 18.2113 73.42 10.2443 7.96708
internal_count=608 495 113 468 65 48
is_linear=0
shrinkage=0.05


Tree=287
num_leaves=6
num_cat=0
split_feature=3 0 8 8 12
split_gain=0.450902 1.00826 0.842278 1.62875 0.925752
threshold=1.6329931618554518 0.56750000000000012 0.6665241644574148 0.68959114888157635 -0.92886343598617815
decision_type=2 2 2 2 2
left_child=2 -2 4 -4 -1
right_child=1 -3 3 -5 -6
leaf_value=0.015603022769519581 -0.0060140094205261467 0.01966073928500002 -0.022149363274853687 0.00090095199185480932 -0.00031043911730686575
leaf_weight=5.8944958038628092 3.7520862519741049 3.3897424638271332 7.0375384967774179 20.081270363181829 55.588073067367077
leaf_count=39 21 20 42 120 366
internal_value=0.000193212 0.00925012 -0.000991958 -0.00759763 0.00227395
internal_weight=95.7432 7.14183 88.6014 27.1188 61.4826
internal_count=608 41 567 162 405
is_linear=0
shrinkage=0.05


Tree=288
num_leaves=6
num_cat=0
split_feature=11 11 8 4 13
split_gain=0.440393 1.92268 1.8589 1.86096 1.19627
threshold=0.90165711405764271 0.81146774842999003 0.58248666720718589 0.025677649324967713 -0.19285355595299805
decision_type=2 2 2 2 10
left_child=1 4 -2 -4 -1
right_child=2 -3 3 -5 -6
leaf_value=0.0095500664550322387 -0.020030509248366385 0.022697114320262606 0.021959965032776467 -0.0097155828969589658 -0.004218007467477582
leaf_weight=15.994291990995405 6.7843261454254415 4.7525252774357787 4.2114365082234126 5.1518593542277813 58.782268796116114
leaf_count=107 43 30 27 31 370
internal_value=0.000202852 0.00180786 -0.00626049 0.00721642 -0.000859115
internal_weight=95.6767 79.5291 16.1476 9.3633 74.7766
internal_count=608 507 101 58 477
is_linear=0
shrinkage=0.05


Tree=289
num_leaves=7
num_cat=0
split_feature=13 13 1 2 1 2
split_gain=0.442012 1.09331 1.1107 1.00029 0.784885 0.406403
threshold=0.22172813105464143 0.13010658144641721 0.89511993945791613 0.094469584268798021 0.64328673795887503 0.045968512055362072
decision_type=10 10 2 2 2 2
left_child=1 2 -1 5 -3 -2
right_child=3 4 -4 -5 -6 -7
leaf_value=-0.005587244704247216 -0.00025732192576650189 0.017915005323642656 0.0063525377337429441 0.0093492779670685377 -0.0035869371337653674 -0.021414797522050048
leaf_weight=47.059567907825112 3.2973437830805761 9.5622338540852052 26.239948693662882 2.2113021686673164 3.9526334628462783 3.2738639693707228
leaf_count=294 24 54 164 13 24 35
internal_value=0.000243105 0.0014851 -0.0011803 -0.00811882 0.012356 -0.0154969
internal_weight=95.5969 86.8144 73.2995 8.78251 13.5149 6.57121
internal_count=608 536 458 72 78 59
is_linear=0
shrinkage=0.05


Tree=290
num_leaves=7
num_cat=0
split_feature=9 9 0 3 5 2
split_gain=0.445856 1.44662 1.40458 1.27707 1.04697 0.985446
threshold=-0.84036350822042627 -0.77959043933297401 0.64000000000000012 0.94280904158206325 0.11250000000000006 0.087395658810866014
decision_type=2 2 2 2 2 2
left_child=2 -2 5 -4 -3 -1
right_child=1 4 3 -5 -6 -7
leaf_value=-0.018896719456503817 0.02227567721093078 0.0031810158644401138 0.019997217837064162 -0.0084998114555523679 -0.0099208763393987265 0.0044513258740835849
leaf_weight=10.569232549518349 3.0017048753797999 55.213617313653231 4.0052614472806445 3.1916517615318298 15.419161539524792 4.0869248732924452
leaf_count=77 18 356 27 17 90 23
internal_value=0.00023786 0.00212639 -0.00533667 0.00905579 -0.000145909 -0.0129099
internal_weight=95.4876 73.6345 21.8531 7.19691 70.6328 14.6562
internal_count=608 464 144 44 446 100
is_linear=0
shrinkage=0.05


Tree=291
num_leaves=6
num_cat=0
split_feature=4 4 0 3 11
split_gain=0.449349 0.676791 1.16887 0.998825 0.55615
threshold=0.066285099666776578 0.043120333749844801 0.32000000000000006 -0.38214213965921978 -0.1843798373058631
decision_type=2 2 2 2 2
left_child=1 3 -3 -1 -2
right_child=4 2 -4 -5 -6
leaf_value=-0.0085671960522616612 0.0034645066715029318 -0.0090595606674224918 0.014689558791985297 0.0032571096614898059 -0.015152891155031493
leaf_weight=22.252533091232181 4.2879233062267303 3.3227030113339451 13.936754401773213 47.029901515692472 4.5752793215215188
leaf_count=168 27 26 81 276 30
internal_value=0.000257425 0.00151583 0.0091095 -0.000861721 -0.00814495
internal_weight=95.4051 86.5419 17.2595 69.2824 8.8632
internal_count=608 551 107 444 57
is_linear=0
shrinkage=0.05


Tree=292
num_leaves=5
num_cat=0
split_feature=9 13 13 8
split_gain=0.428376 0.828432 1.68156 1.59393
threshold=-1.4337062485320855 0.090589685023480235 0.053315134825582595 0.6455719990376857
decision_type=2 10 10 2
left_child=-1 2 -2 -3
right_child=1 3 -4 -5
leaf_value=-0.009438787313384104 0.0014333456985502061 0.017577796880223106 -0.0198558203027355 -0.0047614129201583892
leaf_weight=5.3797903731465331 59.653124485164881 13.203479537740352 5.8719002939760676 11.192301355302332
leaf_count=39 373 86 36 74
internal_value=0.000216409 0.00126083 -0.0017469 0.00826237
internal_weight=95.3006 89.9208 65.525 24.3958
internal_count=608 569 409 160
is_linear=0
shrinkage=0.05


Tree=293
num_leaves=7
num_cat=0
split_feature=0 0 2 7 5 3
split_gain=0.433443 1.08226 2.05672 0.915369 0.861667 0.776497
threshold=0.20000000000000004 0.28000000000000008 0.11837293174009798 -0.0759512499580237 -0.12499999999999999 -0.81852465247743467
decision_type=2 2 2 2 2 2
left_child=3 4 -3 -1 -2 -5
right_child=1 2 -4 5 -6 -7
leaf_value=-0.018680930770248651 -0.0028327433840190409 -0.0035758419972765952 0.020039157608627386 0.015324038475629121 0.022164222910580747 -0.0090087740211460387
leaf_weight=3.3821678906679153 3.7249363847076893 73.918531205505133 5.4479730352759352 2.1920269001275305 4.9535392969846708 1.6446272805333126
leaf_count=39 22 445 30 30 27 15
internal_value=0.000167853 0.00132264 -0.000863276 -0.00869443 0.0143215 0.00569797
internal_weight=95.2638 88.045 79.3665 7.21882 8.67848 3.83665
internal_count=608 524 475 84 49 45
is_linear=0
shrinkage=0.05


Tree=294
num_leaves=7
num_cat=0
split_feature=11 11 11 13 1 4
split_gain=0.431958 2.16584 1.14289 0.998156 0.840601 0.597151
threshold=0.86164760024752052 0.79996614947673306 0.98629759892182423 -0.19285355595299805 -1.0000000180025095e-35 0.0082915619758885273
decision_type=2 2 2 10 2 2
left_child=1 3 5 -1 -4 -2
right_child=2 -3 4 -5 -6 -7
leaf_value=0.0088067498238748772 0.0014716032764914089 0.026237044588360733 0.016790482684268467 -0.0038372276823895202 -0.006272263816057908 -0.019346058670643995
leaf_weight=15.7627916932106 3.8930922560393828 3.2339753322303286 3.3685507383197546 58.152675244957209 3.767229586839675 7.0620416328310966
leaf_count=106 23 21 24 368 21 45
internal_value=0.000217602 0.00190575 -0.00583538 -0.000753699 0.00704706 -0.0138053
internal_weight=95.2404 77.1494 18.0909 73.9155 7.13578 10.9551
internal_count=608 495 113 474 45 68
is_linear=0
shrinkage=0.05


Tree=295
num_leaves=7
num_cat=0
split_feature=3 4 4 2 3 8
split_gain=0.432859 1.01649 1.6194 1.54939 0.949608 0.92678
threshold=-1.0895960119520993 0.053121315258830758 0.027428852047526594 0.064568534098013289 -1.4142135623730956 0.63620573029359917
decision_type=2 2 2 2 2 2
left_child=4 2 -2 -3 5 -1
right_child=1 3 -4 -5 -6 -7
leaf_value=0.012576096739503198 -0.0021723999740466738 -0.02454452628102196 0.012429485023202602 0.0040966764817412576 -0.017003154007479183 -0.01027033791895679
leaf_weight=5.5961182639002782 41.689603224396706 3.5999264642596227 28.089892718940973 7.8656657598912716 5.3773798011243334 2.9456840474158525
leaf_count=40 261 19 157 44 61 26
internal_value=0.000266482 0.00175647 0.00414367 -0.00961852 -0.00659623 0.00381433
internal_weight=95.1643 81.2451 69.7795 11.4656 13.9192 8.5418
internal_count=608 481 418 63 127 66
is_linear=0
shrinkage=0.05


Tree=296
num_leaves=4
num_cat=0
split_feature=10 10 12
split_gain=0.43788 0.988871 0.8027
threshold=0.0099999999999999273 0.009999999999999969 0.99140897414483042
decision_type=2 2 2
left_child=-1 -2 -3
right_child=1 2 -4
leaf_value=0.011074744480377107 -0.016210456323768614 0.0022040571503868971 -0.013877936047073786
leaf_weight=3.4825569912791243 4.3820562548935404 83.691025609150529 3.5184863954782477
leaf_count=22 29 532 25
internal_value=0.000191017 -0.000774667 0.000837886
internal_weight=95.0741 91.5916 87.2095
internal_count=608 586 557
is_linear=0
shrinkage=0.05


Tree=297
num_leaves=6
num_cat=0
split_feature=0 9 7 8 8
split_gain=0.432054 0.581998 1.38267 1.03336 0.242237
threshold=0.85750000000000004 1.1215714603005973 0.5908855549189832 0.57215174411935954 0.63090939456833472
decision_type=2 2 2 2 2
left_child=1 2 -1 -3 -2
right_child=4 3 -4 -5 -6
leaf_value=-0.0022792673803970283 0.014640673202512887 0.0077637753390507273 0.013603368109334017 -0.016066032363875559 -0.00093165607813651191
leaf_weight=65.644758779555559 2.4606001861393443 3.1852302998304358 12.021467279642819 8.817259591072796 2.9099794626235962
leaf_count=412 27 21 72 55 21
internal_value=0.000139441 -0.000928599 0.000853202 -0.00931865 0.0098219
internal_weight=95.0393 89.6687 77.6662 12.0025 5.37058
internal_count=608 560 484 76 48
is_linear=0
shrinkage=0.05


Tree=298
num_leaves=6
num_cat=0
split_feature=3 0 3 8 12
split_gain=0.423941 0.970464 0.837263 1.43781 0.963563
threshold=1.6329931618554518 0.56750000000000012 1.1470786693528097 0.59439758666651277 -0.92886343598617815
decision_type=2 2 2 2 2
left_child=2 -2 4 -4 -1
right_child=1 -3 3 -5 -6
leaf_value=0.01566037157559123 -0.0059739057135531001 0.019246969303789985 0.0068800738673885494 -0.018536287113347285 -0.00069003395630825139
leaf_weight=5.3460681885480872 3.7221870869398108 3.3379908315837383 5.5639593303203574 9.8834519386291486 67.097870763391256
leaf_count=37 21 20 33 54 443
internal_value=0.000174542 0.00898623 -0.000978884 -0.00993784 0.00144974
internal_weight=94.9515 7.06018 87.8914 15.4474 72.4439
internal_count=608 41 567 87 480
is_linear=0
shrinkage=0.05


Tree=299
num_leaves=5
num_cat=0
split_feature=0 1 3 8
split_gain=0.421284 0.569807 1.25889 0.225679
threshold=0.85750000000000004 1.8791945809511723 0.80638258385074157 0.63090939456833472
decision_type=2 2 2 2
left_child=1 2 -1 -2
right_child=3 -3 -4 -5
leaf_value=0.0019608555875575652 0.014432786759804651 0.0098264785706958981 -0.010524933840163689 -0.00076994021616232089
leaf_weight=58.418366815894842 2.4340119939297429 6.2046710699796668 24.920869065448642 2.919989675283432
leaf_count=388 27 34 138 21
internal_value=0.000207583 -0.000851017 -0.00215715 0.00977357
internal_weight=94.8979 89.5439 83.3392 5.354
internal_count=608 560 526 48
is_linear=0
shrinkage=0.05


end of trees

feature_importances:
Column_0=235
Column_2=201
Column_13=164
Column_8=146
Column_3=140
Column_9=110
Column_4=102
Column_6=94
Column_11=87
Column_1=85
Column_5=80
Column_12=70
Column_7=48
Column_10=12

parameters:
[boosting: gbdt]
[objective: binary]
[metric: binary_logloss]
[tree_learner: serial]
[device_type: cpu]
[data_sample_strategy: bagging]
[data: ]
[valid: ]
[num_iterations: 300]
[learning_rate: 0.05]
[num_leaves: 7]
[num_threads: 4]
[seed: 42]
[deterministic: 0]
[force_col_wise: 0]
[force_row_wise: 0]
[histogram_pool_size: -1]
[max_depth: 3]
[min_data_in_leaf: 20]
[min_sum_hessian_in_leaf: 0.001]
[bagging_fraction: 0.9]
[pos_bagging_fraction: 1]
[neg_bagging_fraction: 1]
[bagging_freq: 0]
[bagging_seed: 400]
[bagging_by_query: 0]
[feature_fraction: 0.9]
[feature_fraction_bynode: 1]
[feature_fraction_seed: 30056]
[extra_trees: 0]
[extra_seed: 12879]
[early_stopping_round: 0]
[early_stopping_min_delta: 0]
[first_metric_only: 0]
[max_delta_step: 0]
[lambda_l1: 0]
[lambda_l2: 5]
[linear_lambda: 0]
[min_gain_to_split: 0]
[drop_rate: 0.1]
[max_drop: 50]
[skip_drop: 0.5]
[xgboost_dart_mode: 0]
[uniform_drop: 0]
[drop_seed: 17869]
[top_rate: 0.2]
[other_rate: 0.1]
[min_data_per_group: 100]
[max_cat_threshold: 32]
[cat_l2: 10]
[cat_smooth: 10]
[max_cat_to_onehot: 4]
[top_k: 20]
[monotone_constraints: ]
[monotone_constraints_method: basic]
[monotone_penalty: 0]
[feature_contri: ]
[forcedsplits_filename: ]
[refit_decay_rate: 0.9]
[cegb_tradeoff: 1]
[cegb_penalty_split: 0]
[cegb_penalty_feature_lazy: ]
[cegb_penalty_feature_coupled: ]
[path_smooth: 0]
[interaction_constraints: ]
[verbosity: -1]
[saved_feature_importance_type: 0]
[use_quantized_grad: 0]
[num_grad_quant_bins: 4]
[quant_train_renew_leaf: 0]
[stochastic_rounding: 1]
[linear_tree: 0]
[max_bin: 255]
[max_bin_by_feature: ]
[min_data_in_bin: 3]
[bin_construct_sample_cnt: 200000]
[data_random_seed: 175]
[is_enable_sparse: 1]
[enable_bundle: 1]
[use_missing: 1]
[zero_as_missing: 0]
[feature_pre_filter: 1]
[pre_partition: 0]
[two_round: 0]
[header: 0]
[label_column: ]
[weight_column: ]
[group_column: ]
[ignore_column: ]
[categorical_feature: ]
[forcedbins_filename: ]
[precise_float_parser: 0]
[parser_config_file: ]
[objective_seed: 16083]
[num_class: 1]
[is_unbalance: 0]
[scale_pos_weight: 1]
[sigmoid: 1]
[boost_from_average: 1]
[reg_sqrt: 0]
[alpha: 0.9]
[fair_c: 1]
[poisson_max_delta_step: 0.7]
[tweedie_variance_power: 1.5]
[lambdarank_truncation_level: 30]
[lambdarank_norm: 1]
[label_gain: ]
[lambdarank_position_bias_regularization: 0]
[eval_at: ]
[multi_error_top_k: 1]
[auc_mu_weights: ]
[num_machines: 1]
[local_listen_port: 12400]
[time_out: 120]
[machine_list_filename: ]
[machines: ]
[gpu_platform_id: -1]
[gpu_device_id: -1]
[gpu_use_dp: 0]
[num_gpu: 1]

end of parameters

pandas_categorical:null
